solid OpenSCAD_Model
  facet normal -0.671584 -0.740928 -1.79284e-06
    outer loop
      vertex -14.1421 -14.1421 10
      vertex -13.7256 -14.5196 2
      vertex -12.6879 -15.4602 10
    endloop
  endfacet
  facet normal -0.671565 -0.740945 0
    outer loop
      vertex -14.1421 -14.1421 10
      vertex -13.7256 -14.5196 -2
      vertex -13.7256 -14.5196 2
    endloop
  endfacet
  facet normal -0.671565 -0.740945 0
    outer loop
      vertex -14.1421 -14.1421 -10
      vertex -13.7256 -14.5196 -2
      vertex -14.1421 -14.1421 10
    endloop
  endfacet
  facet normal -0.671584 -0.740928 1.79284e-06
    outer loop
      vertex -12.6879 -15.4602 -10
      vertex -13.7256 -14.5196 -2
      vertex -14.1421 -14.1421 -10
    endloop
  endfacet
  facet normal -0.671592 -0.740921 0
    outer loop
      vertex -13.7256 -14.5196 -2
      vertex -12.6879 -15.4602 -10
      vertex -12.6879 -15.4602 -2
    endloop
  endfacet
  facet normal -0.671592 -0.740921 -0
    outer loop
      vertex -12.6879 -15.4602 10
      vertex -13.7256 -14.5196 2
      vertex -12.6879 -15.4602 2
    endloop
  endfacet
  facet normal -0.514115 -0.857721 -0
    outer loop
      vertex -11.1114 -16.6294 -2
      vertex -11.1114 -16.6294 -10
      vertex -10.2829 -17.126 -2
    endloop
  endfacet
  facet normal -0.514115 -0.857721 0
    outer loop
      vertex -10.2829 -17.126 2
      vertex -11.1114 -16.6294 10
      vertex -11.1114 -16.6294 2
    endloop
  endfacet
  facet normal -0.51409 -0.857736 3.48387e-06
    outer loop
      vertex -11.1114 -16.6294 10
      vertex -10.2829 -17.126 2
      vertex -9.42793 -17.6384 10
    endloop
  endfacet
  facet normal -0.514066 -0.85775 0
    outer loop
      vertex -10.2829 -17.126 -2
      vertex -9.42793 -17.6384 10
      vertex -10.2829 -17.126 2
    endloop
  endfacet
  facet normal -0.514066 -0.85775 0
    outer loop
      vertex -10.2829 -17.126 -2
      vertex -9.42793 -17.6384 -10
      vertex -9.42793 -17.6384 10
    endloop
  endfacet
  facet normal -0.51409 -0.857736 -3.48387e-06
    outer loop
      vertex -9.42793 -17.6384 -10
      vertex -10.2829 -17.126 -2
      vertex -11.1114 -16.6294 -10
    endloop
  endfacet
  facet normal 0.671584 0.740928 -1.79284e-06
    outer loop
      vertex 14.1421 14.1421 10
      vertex 13.7256 14.5196 2
      vertex 12.6879 15.4602 10
    endloop
  endfacet
  facet normal 0.671565 0.740945 0
    outer loop
      vertex 14.1421 14.1421 10
      vertex 13.7256 14.5196 -2
      vertex 13.7256 14.5196 2
    endloop
  endfacet
  facet normal 0.671565 0.740945 -0
    outer loop
      vertex 14.1421 14.1421 -10
      vertex 13.7256 14.5196 -2
      vertex 14.1421 14.1421 10
    endloop
  endfacet
  facet normal 0.671584 0.740928 1.79284e-06
    outer loop
      vertex 12.6879 15.4602 -10
      vertex 13.7256 14.5196 -2
      vertex 14.1421 14.1421 -10
    endloop
  endfacet
  facet normal 0.671592 0.740921 0
    outer loop
      vertex 13.7256 14.5196 -2
      vertex 12.6879 15.4602 -10
      vertex 12.6879 15.4602 -2
    endloop
  endfacet
  facet normal 0.671592 0.740921 0
    outer loop
      vertex 12.6879 15.4602 10
      vertex 13.7256 14.5196 2
      vertex 12.6879 15.4602 2
    endloop
  endfacet
  facet normal -0.146736 -0.989176 0
    outer loop
      vertex -3.90181 -19.6157 -10
      vertex -1.96034 -19.9037 10
      vertex -3.90181 -19.6157 10
    endloop
  endfacet
  facet normal -0.146736 -0.989176 -0
    outer loop
      vertex -1.96034 -19.9037 10
      vertex -3.90181 -19.6157 -10
      vertex -1.96034 -19.9037 -10
    endloop
  endfacet
  facet normal 0.740928 0.671584 0
    outer loop
      vertex 15.4602 12.6879 10
      vertex 14.1421 14.1421 -10
      vertex 14.1421 14.1421 10
    endloop
  endfacet
  facet normal 0.740928 0.671584 0
    outer loop
      vertex 14.1421 14.1421 -10
      vertex 15.4602 12.6879 10
      vertex 15.4602 12.6879 -10
    endloop
  endfacet
  facet normal 0.427571 0.903982 -0
    outer loop
      vertex 9.42793 17.6384 -10
      vertex 7.65367 18.4776 10
      vertex 9.42793 17.6384 10
    endloop
  endfacet
  facet normal 0.427571 0.903982 0
    outer loop
      vertex 7.65367 18.4776 10
      vertex 9.42793 17.6384 -10
      vertex 7.65367 18.4776 -10
    endloop
  endfacet
  facet normal 0.049065 -0.998796 0
    outer loop
      vertex 0 -20 -10
      vertex 1.96034 -19.9037 10
      vertex 0 -20 10
    endloop
  endfacet
  facet normal 0.049065 -0.998796 0
    outer loop
      vertex 1.96034 -19.9037 10
      vertex 0 -20 -10
      vertex 1.96034 -19.9037 -10
    endloop
  endfacet
  facet normal -0.740945 0.671565 0
    outer loop
      vertex -14.1421 14.1421 -10
      vertex -14.5196 13.7256 -2
      vertex -14.1421 14.1421 10
    endloop
  endfacet
  facet normal -0.740928 0.671584 1.79284e-06
    outer loop
      vertex -15.4602 12.6879 -10
      vertex -14.5196 13.7256 -2
      vertex -14.1421 14.1421 -10
    endloop
  endfacet
  facet normal -0.740921 0.671592 0
    outer loop
      vertex -14.5196 13.7256 -2
      vertex -15.4602 12.6879 -10
      vertex -15.4602 12.6879 -2
    endloop
  endfacet
  facet normal -0.740945 0.671565 0
    outer loop
      vertex -14.5196 13.7256 2
      vertex -14.1421 14.1421 10
      vertex -14.5196 13.7256 -2
    endloop
  endfacet
  facet normal -0.740921 0.671592 0
    outer loop
      vertex -15.4602 12.6879 10
      vertex -14.5196 13.7256 2
      vertex -15.4602 12.6879 2
    endloop
  endfacet
  facet normal -0.740928 0.671584 -1.79284e-06
    outer loop
      vertex -14.5196 13.7256 2
      vertex -15.4602 12.6879 10
      vertex -14.1421 14.1421 10
    endloop
  endfacet
  facet normal -0.242982 0.970031 0
    outer loop
      vertex -3.90181 19.6157 -10
      vertex -5.80569 19.1388 10
      vertex -3.90181 19.6157 10
    endloop
  endfacet
  facet normal -0.242982 0.970031 0
    outer loop
      vertex -5.80569 19.1388 10
      vertex -3.90181 19.6157 -10
      vertex -5.80569 19.1388 -10
    endloop
  endfacet
  facet normal -0.803322 0.595544 0
    outer loop
      vertex -15.5995 12.5 2
      vertex -15.4602 12.6879 10
      vertex -15.4602 12.6879 2
    endloop
  endfacet
  facet normal -0.803322 0.595544 0
    outer loop
      vertex -15.4602 12.6879 10
      vertex -15.5995 12.5 2
      vertex -15.5995 12.5 10
    endloop
  endfacet
  facet normal -0.803322 0.595544 0
    outer loop
      vertex -15.5995 12.5 -10
      vertex -15.4602 12.6879 -2
      vertex -15.4602 12.6879 -10
    endloop
  endfacet
  facet normal -0.803322 0.595544 0
    outer loop
      vertex -15.4602 12.6879 -2
      vertex -15.5995 12.5 -10
      vertex -15.5995 12.5 -2
    endloop
  endfacet
  facet normal 0.242982 0.970031 -0
    outer loop
      vertex 5.80569 19.1388 -10
      vertex 3.90181 19.6157 10
      vertex 5.80569 19.1388 10
    endloop
  endfacet
  facet normal 0.242982 0.970031 0
    outer loop
      vertex 3.90181 19.6157 10
      vertex 5.80569 19.1388 -10
      vertex 3.90181 19.6157 -10
    endloop
  endfacet
  facet normal 0.336882 0.941547 -0
    outer loop
      vertex 7.65367 18.4776 -10
      vertex 5.80569 19.1388 10
      vertex 7.65367 18.4776 10
    endloop
  endfacet
  facet normal 0.336882 0.941547 0
    outer loop
      vertex 5.80569 19.1388 10
      vertex 7.65367 18.4776 -10
      vertex 5.80569 19.1388 -10
    endloop
  endfacet
  facet normal 0.595695 0.80321 -0
    outer loop
      vertex 12.6879 15.4602 -10
      vertex 11.1114 16.6294 -2
      vertex 12.6879 15.4602 -2
    endloop
  endfacet
  facet normal 0.595695 0.80321 0
    outer loop
      vertex 11.1114 16.6294 -2
      vertex 12.6879 15.4602 -10
      vertex 11.1114 16.6294 -10
    endloop
  endfacet
  facet normal 0.595695 0.80321 -0
    outer loop
      vertex 12.6879 15.4602 2
      vertex 11.1114 16.6294 10
      vertex 12.6879 15.4602 10
    endloop
  endfacet
  facet normal 0.595695 0.80321 0
    outer loop
      vertex 11.1114 16.6294 10
      vertex 12.6879 15.4602 2
      vertex 11.1114 16.6294 2
    endloop
  endfacet
  facet normal 0.514115 0.857721 0
    outer loop
      vertex 11.1114 16.6294 -2
      vertex 11.1114 16.6294 -10
      vertex 10.2829 17.126 -2
    endloop
  endfacet
  facet normal 0.514115 0.857721 0
    outer loop
      vertex 10.2829 17.126 2
      vertex 11.1114 16.6294 10
      vertex 11.1114 16.6294 2
    endloop
  endfacet
  facet normal 0.51409 0.857736 3.48387e-06
    outer loop
      vertex 11.1114 16.6294 10
      vertex 10.2829 17.126 2
      vertex 9.42793 17.6384 10
    endloop
  endfacet
  facet normal 0.514066 0.85775 -0
    outer loop
      vertex 10.2829 17.126 -2
      vertex 9.42793 17.6384 10
      vertex 10.2829 17.126 2
    endloop
  endfacet
  facet normal 0.514066 0.85775 0
    outer loop
      vertex 10.2829 17.126 -2
      vertex 9.42793 17.6384 -10
      vertex 9.42793 17.6384 10
    endloop
  endfacet
  facet normal 0.51409 0.857736 -3.48387e-06
    outer loop
      vertex 9.42793 17.6384 -10
      vertex 10.2829 17.126 -2
      vertex 11.1114 16.6294 -10
    endloop
  endfacet
  facet normal 0.049065 0.998796 -0
    outer loop
      vertex 1.96034 19.9037 -10
      vertex 0 20 10
      vertex 1.96034 19.9037 10
    endloop
  endfacet
  facet normal 0.049065 0.998796 0
    outer loop
      vertex 0 20 10
      vertex 1.96034 19.9037 -10
      vertex 0 20 -10
    endloop
  endfacet
  facet normal -0.671584 0.740928 0
    outer loop
      vertex -12.6879 15.4602 -10
      vertex -14.1421 14.1421 10
      vertex -12.6879 15.4602 10
    endloop
  endfacet
  facet normal -0.671584 0.740928 0
    outer loop
      vertex -14.1421 14.1421 10
      vertex -12.6879 15.4602 -10
      vertex -14.1421 14.1421 -10
    endloop
  endfacet
  facet normal 0 0 -1
    outer loop
      vertex 1.11564 -12.5 -10
      vertex 15.4602 -12.6879 -10
      vertex 14.1421 -14.1421 -10
    endloop
  endfacet
  facet normal 0 0 -1
    outer loop
      vertex 1.11564 -12.5 -10
      vertex 14.1421 -14.1421 -10
      vertex 12.6879 -15.4602 -10
    endloop
  endfacet
  facet normal 0 0 -1
    outer loop
      vertex 1.11564 -12.5 -10
      vertex 12.6879 -15.4602 -10
      vertex 11.1114 -16.6294 -10
    endloop
  endfacet
  facet normal 0 0 -1
    outer loop
      vertex 1.11564 -12.5 -10
      vertex 11.1114 -16.6294 -10
      vertex 9.42793 -17.6384 -10
    endloop
  endfacet
  facet normal 0 0 -1
    outer loop
      vertex 1.11564 -12.5 -10
      vertex 9.42793 -17.6384 -10
      vertex 7.65367 -18.4776 -10
    endloop
  endfacet
  facet normal 0 0 -1
    outer loop
      vertex 1.11564 -12.5 -10
      vertex 7.65367 -18.4776 -10
      vertex 5.80569 -19.1388 -10
    endloop
  endfacet
  facet normal 0 0 -1
    outer loop
      vertex 1.06066 -12.5607 -10
      vertex 5.80569 -19.1388 -10
      vertex 3.90181 -19.6157 -10
    endloop
  endfacet
  facet normal 0 0 -1
    outer loop
      vertex 0.707094 -12.8229 -10
      vertex 3.90181 -19.6157 -10
      vertex 1.96034 -19.9037 -10
    endloop
  endfacet
  facet normal 0 0 -1
    outer loop
      vertex 15.4602 -12.6879 -10
      vertex 1.11564 -12.5 -10
      vertex 15.5995 -12.5 -10
    endloop
  endfacet
  facet normal 0 0 -1
    outer loop
      vertex 5.80569 -19.1388 -10
      vertex 1.06066 -12.5607 -10
      vertex 1.11564 -12.5 -10
    endloop
  endfacet
  facet normal 0 0 -1
    outer loop
      vertex 3.90181 -19.6157 -10
      vertex 0.95159 -12.6595 -10
      vertex 1.06066 -12.5607 -10
    endloop
  endfacet
  facet normal 0 0 -1
    outer loop
      vertex 3.90181 -19.6157 -10
      vertex 0.833355 -12.7472 -10
      vertex 0.95159 -12.6595 -10
    endloop
  endfacet
  facet normal 0 0 -1
    outer loop
      vertex 3.90181 -19.6157 -10
      vertex 0.707094 -12.8229 -10
      vertex 0.833355 -12.7472 -10
    endloop
  endfacet
  facet normal 0 0 -1
    outer loop
      vertex 1.96034 -19.9037 -10
      vertex 0.574024 -12.8858 -10
      vertex 0.707094 -12.8229 -10
    endloop
  endfacet
  facet normal 0 0 -1
    outer loop
      vertex 1.96034 -19.9037 -10
      vertex 0.435427 -12.9354 -10
      vertex 0.574024 -12.8858 -10
    endloop
  endfacet
  facet normal 0 0 -1
    outer loop
      vertex 1.96034 -19.9037 -10
      vertex 0.292635 -12.9712 -10
      vertex 0.435427 -12.9354 -10
    endloop
  endfacet
  facet normal 0 0 -1
    outer loop
      vertex 0 -20 -10
      vertex 0.292635 -12.9712 -10
      vertex 1.96034 -19.9037 -10
    endloop
  endfacet
  facet normal 0 0 -1
    outer loop
      vertex 0.292635 -12.9712 -10
      vertex 0 -20 -10
      vertex 0.147025 -12.9928 -10
    endloop
  endfacet
  facet normal 0 0 -1
    outer loop
      vertex 0 -20 -10
      vertex 0 -13 -10
      vertex 0.147025 -12.9928 -10
    endloop
  endfacet
  facet normal 0 0 -1
    outer loop
      vertex 0 -20 -10
      vertex -0.147025 -12.9928 -10
      vertex 0 -13 -10
    endloop
  endfacet
  facet normal 0 0 -1
    outer loop
      vertex 0 -20 -10
      vertex -0.292635 -12.9712 -10
      vertex -0.147025 -12.9928 -10
    endloop
  endfacet
  facet normal 0 0 -1
    outer loop
      vertex -1.96034 -19.9037 -10
      vertex -0.292635 -12.9712 -10
      vertex 0 -20 -10
    endloop
  endfacet
  facet normal -0 0 -1
    outer loop
      vertex -0.292635 -12.9712 -10
      vertex -1.96034 -19.9037 -10
      vertex -0.435427 -12.9354 -10
    endloop
  endfacet
  facet normal -0 0 -1
    outer loop
      vertex -0.435427 -12.9354 -10
      vertex -1.96034 -19.9037 -10
      vertex -0.574024 -12.8858 -10
    endloop
  endfacet
  facet normal -0 0 -1
    outer loop
      vertex -0.574024 -12.8858 -10
      vertex -1.96034 -19.9037 -10
      vertex -0.707094 -12.8229 -10
    endloop
  endfacet
  facet normal 0 0 -1
    outer loop
      vertex -3.90181 -19.6157 -10
      vertex -0.707094 -12.8229 -10
      vertex -1.96034 -19.9037 -10
    endloop
  endfacet
  facet normal -0 0 -1
    outer loop
      vertex -0.707094 -12.8229 -10
      vertex -3.90181 -19.6157 -10
      vertex -0.833355 -12.7472 -10
    endloop
  endfacet
  facet normal -0 0 -1
    outer loop
      vertex -0.833355 -12.7472 -10
      vertex -3.90181 -19.6157 -10
      vertex -0.95159 -12.6595 -10
    endloop
  endfacet
  facet normal -0 0 -1
    outer loop
      vertex -0.95159 -12.6595 -10
      vertex -3.90181 -19.6157 -10
      vertex -1.06066 -12.5607 -10
    endloop
  endfacet
  facet normal 0 0 -1
    outer loop
      vertex -5.80569 -19.1388 -10
      vertex -1.06066 -12.5607 -10
      vertex -3.90181 -19.6157 -10
    endloop
  endfacet
  facet normal -0 0 -1
    outer loop
      vertex -1.06066 -12.5607 -10
      vertex -5.80569 -19.1388 -10
      vertex -1.11564 -12.5 -10
    endloop
  endfacet
  facet normal 0 0 -1
    outer loop
      vertex -7.65367 -18.4776 -10
      vertex -1.11564 -12.5 -10
      vertex -5.80569 -19.1388 -10
    endloop
  endfacet
  facet normal 0 0 -1
    outer loop
      vertex -9.42793 -17.6384 -10
      vertex -1.11564 -12.5 -10
      vertex -7.65367 -18.4776 -10
    endloop
  endfacet
  facet normal 0 0 -1
    outer loop
      vertex -11.1114 -16.6294 -10
      vertex -1.11564 -12.5 -10
      vertex -9.42793 -17.6384 -10
    endloop
  endfacet
  facet normal 0 0 -1
    outer loop
      vertex -12.6879 -15.4602 -10
      vertex -1.11564 -12.5 -10
      vertex -11.1114 -16.6294 -10
    endloop
  endfacet
  facet normal 0 0 -1
    outer loop
      vertex -14.1421 -14.1421 -10
      vertex -1.11564 -12.5 -10
      vertex -12.6879 -15.4602 -10
    endloop
  endfacet
  facet normal 0 0 -1
    outer loop
      vertex -15.4602 -12.6879 -10
      vertex -1.11564 -12.5 -10
      vertex -14.1421 -14.1421 -10
    endloop
  endfacet
  facet normal -0 0 -1
    outer loop
      vertex -1.11564 -12.5 -10
      vertex -15.4602 -12.6879 -10
      vertex -15.5995 -12.5 -10
    endloop
  endfacet
  facet normal 0 0 -1
    outer loop
      vertex 1.11564 12.5 -10
      vertex 15.4602 12.6879 -10
      vertex 15.5995 12.5 -10
    endloop
  endfacet
  facet normal -0 0 -1
    outer loop
      vertex 15.4602 12.6879 -10
      vertex 1.11564 12.5 -10
      vertex 14.1421 14.1421 -10
    endloop
  endfacet
  facet normal -0 0 -1
    outer loop
      vertex 14.1421 14.1421 -10
      vertex 1.11564 12.5 -10
      vertex 12.6879 15.4602 -10
    endloop
  endfacet
  facet normal -0 0 -1
    outer loop
      vertex 12.6879 15.4602 -10
      vertex 1.11564 12.5 -10
      vertex 11.1114 16.6294 -10
    endloop
  endfacet
  facet normal -0 0 -1
    outer loop
      vertex 11.1114 16.6294 -10
      vertex 1.11564 12.5 -10
      vertex 9.42793 17.6384 -10
    endloop
  endfacet
  facet normal -0 0 -1
    outer loop
      vertex 9.42793 17.6384 -10
      vertex 1.11564 12.5 -10
      vertex 7.65367 18.4776 -10
    endloop
  endfacet
  facet normal -0 0 -1
    outer loop
      vertex 7.65367 18.4776 -10
      vertex 1.11564 12.5 -10
      vertex 5.80569 19.1388 -10
    endloop
  endfacet
  facet normal 0 0 -1
    outer loop
      vertex 1.06066 12.5607 -10
      vertex 5.80569 19.1388 -10
      vertex 1.11564 12.5 -10
    endloop
  endfacet
  facet normal -0 0 -1
    outer loop
      vertex 5.80569 19.1388 -10
      vertex 1.06066 12.5607 -10
      vertex 3.90181 19.6157 -10
    endloop
  endfacet
  facet normal 0 0 -1
    outer loop
      vertex 0.95159 12.6595 -10
      vertex 3.90181 19.6157 -10
      vertex 1.06066 12.5607 -10
    endloop
  endfacet
  facet normal 0 0 -1
    outer loop
      vertex 0.833355 12.7472 -10
      vertex 3.90181 19.6157 -10
      vertex 0.95159 12.6595 -10
    endloop
  endfacet
  facet normal 0 0 -1
    outer loop
      vertex 0.707094 12.8229 -10
      vertex 3.90181 19.6157 -10
      vertex 0.833355 12.7472 -10
    endloop
  endfacet
  facet normal -0 0 -1
    outer loop
      vertex 3.90181 19.6157 -10
      vertex 0.707094 12.8229 -10
      vertex 1.96034 19.9037 -10
    endloop
  endfacet
  facet normal 0 0 -1
    outer loop
      vertex 0.574024 12.8858 -10
      vertex 1.96034 19.9037 -10
      vertex 0.707094 12.8229 -10
    endloop
  endfacet
  facet normal 0 0 -1
    outer loop
      vertex 0.435427 12.9354 -10
      vertex 1.96034 19.9037 -10
      vertex 0.574024 12.8858 -10
    endloop
  endfacet
  facet normal 0 0 -1
    outer loop
      vertex 0.292635 12.9712 -10
      vertex 1.96034 19.9037 -10
      vertex 0.435427 12.9354 -10
    endloop
  endfacet
  facet normal 0 0 -1
    outer loop
      vertex 0 20 -10
      vertex 0.292635 12.9712 -10
      vertex 0.147025 12.9928 -10
    endloop
  endfacet
  facet normal 0 0 -1
    outer loop
      vertex 0 20 -10
      vertex 0.147025 12.9928 -10
      vertex 0 13 -10
    endloop
  endfacet
  facet normal 0 0 -1
    outer loop
      vertex 0.292635 12.9712 -10
      vertex 0 20 -10
      vertex 1.96034 19.9037 -10
    endloop
  endfacet
  facet normal 0 0 -1
    outer loop
      vertex -0.147025 12.9928 -10
      vertex 0 20 -10
      vertex 0 13 -10
    endloop
  endfacet
  facet normal 0 0 -1
    outer loop
      vertex -0.292635 12.9712 -10
      vertex 0 20 -10
      vertex -0.147025 12.9928 -10
    endloop
  endfacet
  facet normal 0 0 -1
    outer loop
      vertex -1.96034 19.9037 -10
      vertex -0.292635 12.9712 -10
      vertex -0.435427 12.9354 -10
    endloop
  endfacet
  facet normal 0 0 -1
    outer loop
      vertex -1.96034 19.9037 -10
      vertex -0.435427 12.9354 -10
      vertex -0.574024 12.8858 -10
    endloop
  endfacet
  facet normal 0 0 -1
    outer loop
      vertex -1.96034 19.9037 -10
      vertex -0.574024 12.8858 -10
      vertex -0.707094 12.8229 -10
    endloop
  endfacet
  facet normal 0 0 -1
    outer loop
      vertex -3.90181 19.6157 -10
      vertex -0.707094 12.8229 -10
      vertex -0.833355 12.7472 -10
    endloop
  endfacet
  facet normal 0 0 -1
    outer loop
      vertex -3.90181 19.6157 -10
      vertex -0.833355 12.7472 -10
      vertex -0.95159 12.6595 -10
    endloop
  endfacet
  facet normal 0 0 -1
    outer loop
      vertex -3.90181 19.6157 -10
      vertex -0.95159 12.6595 -10
      vertex -1.06066 12.5607 -10
    endloop
  endfacet
  facet normal 0 0 -1
    outer loop
      vertex -5.80569 19.1388 -10
      vertex -1.06066 12.5607 -10
      vertex -1.11564 12.5 -10
    endloop
  endfacet
  facet normal 0 0 -1
    outer loop
      vertex -0.292635 12.9712 -10
      vertex -1.96034 19.9037 -10
      vertex 0 20 -10
    endloop
  endfacet
  facet normal 0 0 -1
    outer loop
      vertex -0.707094 12.8229 -10
      vertex -3.90181 19.6157 -10
      vertex -1.96034 19.9037 -10
    endloop
  endfacet
  facet normal 0 0 -1
    outer loop
      vertex -1.06066 12.5607 -10
      vertex -5.80569 19.1388 -10
      vertex -3.90181 19.6157 -10
    endloop
  endfacet
  facet normal 0 0 -1
    outer loop
      vertex -1.11564 12.5 -10
      vertex -7.65367 18.4776 -10
      vertex -5.80569 19.1388 -10
    endloop
  endfacet
  facet normal 0 0 -1
    outer loop
      vertex -1.11564 12.5 -10
      vertex -9.42793 17.6384 -10
      vertex -7.65367 18.4776 -10
    endloop
  endfacet
  facet normal 0 0 -1
    outer loop
      vertex -1.11564 12.5 -10
      vertex -11.1114 16.6294 -10
      vertex -9.42793 17.6384 -10
    endloop
  endfacet
  facet normal 0 0 -1
    outer loop
      vertex -1.11564 12.5 -10
      vertex -12.6879 15.4602 -10
      vertex -11.1114 16.6294 -10
    endloop
  endfacet
  facet normal 0 0 -1
    outer loop
      vertex -1.11564 12.5 -10
      vertex -14.1421 14.1421 -10
      vertex -12.6879 15.4602 -10
    endloop
  endfacet
  facet normal 0 0 -1
    outer loop
      vertex -1.11564 12.5 -10
      vertex -15.4602 12.6879 -10
      vertex -14.1421 14.1421 -10
    endloop
  endfacet
  facet normal 0 -0 -1
    outer loop
      vertex -15.4602 12.6879 -10
      vertex -1.11564 12.5 -10
      vertex -15.5995 12.5 -10
    endloop
  endfacet
  facet normal -0.51409 0.857736 0
    outer loop
      vertex -9.42793 17.6384 -10
      vertex -11.1114 16.6294 10
      vertex -9.42793 17.6384 10
    endloop
  endfacet
  facet normal -0.51409 0.857736 0
    outer loop
      vertex -11.1114 16.6294 10
      vertex -9.42793 17.6384 -10
      vertex -11.1114 16.6294 -10
    endloop
  endfacet
  facet normal 0.427571 -0.903982 0
    outer loop
      vertex 7.65367 -18.4776 -10
      vertex 9.42793 -17.6384 10
      vertex 7.65367 -18.4776 10
    endloop
  endfacet
  facet normal 0.427571 -0.903982 0
    outer loop
      vertex 9.42793 -17.6384 10
      vertex 7.65367 -18.4776 -10
      vertex 9.42793 -17.6384 -10
    endloop
  endfacet
  facet normal -0.336873 -0.94155 3.00211e-06
    outer loop
      vertex -6.19363 -19 4
      vertex -7.65367 -18.4776 10
      vertex -7.5 -18.5326 4
    endloop
  endfacet
  facet normal -0.336977 -0.941513 0
    outer loop
      vertex -7.65367 -18.4776 10
      vertex -7.5 -18.5326 -4
      vertex -7.5 -18.5326 4
    endloop
  endfacet
  facet normal -0.336873 -0.94155 -3.00211e-06
    outer loop
      vertex -7.5 -18.5326 -4
      vertex -7.65367 -18.4776 -10
      vertex -6.19363 -19 -4
    endloop
  endfacet
  facet normal -0.336977 -0.941513 0
    outer loop
      vertex -7.65367 -18.4776 -10
      vertex -7.5 -18.5326 -4
      vertex -7.65367 -18.4776 10
    endloop
  endfacet
  facet normal -0.336882 -0.941547 5.35315e-07
    outer loop
      vertex -7.65367 -18.4776 10
      vertex -6.19363 -19 4
      vertex -5.80569 -19.1388 10
    endloop
  endfacet
  facet normal -0.336874 -0.94155 0
    outer loop
      vertex -6.19363 -19 -4
      vertex -5.80569 -19.1388 10
      vertex -6.19363 -19 4
    endloop
  endfacet
  facet normal -0.336874 -0.94155 0
    outer loop
      vertex -6.19363 -19 -4
      vertex -5.80569 -19.1388 -10
      vertex -5.80569 -19.1388 10
    endloop
  endfacet
  facet normal -0.336882 -0.941547 -5.35315e-07
    outer loop
      vertex -5.80569 -19.1388 -10
      vertex -6.19363 -19 -4
      vertex -7.65367 -18.4776 -10
    endloop
  endfacet
  facet normal -0.336882 0.941547 0
    outer loop
      vertex -5.80569 19.1388 -10
      vertex -7.65367 18.4776 10
      vertex -5.80569 19.1388 10
    endloop
  endfacet
  facet normal -0.336882 0.941547 0
    outer loop
      vertex -7.65367 18.4776 10
      vertex -5.80569 19.1388 -10
      vertex -7.65367 18.4776 -10
    endloop
  endfacet
  facet normal 0.51409 -0.857736 0
    outer loop
      vertex 9.42793 -17.6384 -10
      vertex 11.1114 -16.6294 10
      vertex 9.42793 -17.6384 10
    endloop
  endfacet
  facet normal 0.51409 -0.857736 0
    outer loop
      vertex 11.1114 -16.6294 10
      vertex 9.42793 -17.6384 -10
      vertex 11.1114 -16.6294 -10
    endloop
  endfacet
  facet normal 0.146736 -0.989176 0
    outer loop
      vertex 1.96034 -19.9037 -10
      vertex 3.90181 -19.6157 10
      vertex 1.96034 -19.9037 10
    endloop
  endfacet
  facet normal 0.146736 -0.989176 0
    outer loop
      vertex 3.90181 -19.6157 10
      vertex 1.96034 -19.9037 -10
      vertex 3.90181 -19.6157 -10
    endloop
  endfacet
  facet normal 0.740921 -0.671592 0
    outer loop
      vertex 15.4602 -12.6879 10
      vertex 14.5196 -13.7256 2
      vertex 15.4602 -12.6879 2
    endloop
  endfacet
  facet normal 0.740945 -0.671565 0
    outer loop
      vertex 14.5196 -13.7256 2
      vertex 14.1421 -14.1421 10
      vertex 14.5196 -13.7256 -2
    endloop
  endfacet
  facet normal 0.740928 -0.671584 -1.79284e-06
    outer loop
      vertex 14.1421 -14.1421 10
      vertex 14.5196 -13.7256 2
      vertex 15.4602 -12.6879 10
    endloop
  endfacet
  facet normal 0.740921 -0.671592 0
    outer loop
      vertex 14.5196 -13.7256 -2
      vertex 15.4602 -12.6879 -10
      vertex 15.4602 -12.6879 -2
    endloop
  endfacet
  facet normal 0.740928 -0.671584 1.79284e-06
    outer loop
      vertex 14.5196 -13.7256 -2
      vertex 14.1421 -14.1421 -10
      vertex 15.4602 -12.6879 -10
    endloop
  endfacet
  facet normal 0.740945 -0.671565 0
    outer loop
      vertex 14.1421 -14.1421 -10
      vertex 14.5196 -13.7256 -2
      vertex 14.1421 -14.1421 10
    endloop
  endfacet
  facet normal 0.803322 -0.595544 0
    outer loop
      vertex 15.4602 -12.6879 -2
      vertex 15.5995 -12.5 -10
      vertex 15.5995 -12.5 -2
    endloop
  endfacet
  facet normal 0.803322 -0.595544 0
    outer loop
      vertex 15.5995 -12.5 -10
      vertex 15.4602 -12.6879 -2
      vertex 15.4602 -12.6879 -10
    endloop
  endfacet
  facet normal 0.803322 -0.595544 0
    outer loop
      vertex 15.4602 -12.6879 10
      vertex 15.5995 -12.5 2
      vertex 15.5995 -12.5 10
    endloop
  endfacet
  facet normal 0.803322 -0.595544 0
    outer loop
      vertex 15.5995 -12.5 2
      vertex 15.4602 -12.6879 10
      vertex 15.4602 -12.6879 2
    endloop
  endfacet
  facet normal -0.049065 0.998796 0
    outer loop
      vertex 0 20 -10
      vertex -1.96034 19.9037 10
      vertex 0 20 10
    endloop
  endfacet
  facet normal -0.049065 0.998796 0
    outer loop
      vertex -1.96034 19.9037 10
      vertex 0 20 -10
      vertex -1.96034 19.9037 -10
    endloop
  endfacet
  facet normal -0.427571 0.903982 0
    outer loop
      vertex -7.65367 18.4776 -10
      vertex -9.42793 17.6384 10
      vertex -7.65367 18.4776 10
    endloop
  endfacet
  facet normal -0.427571 0.903982 0
    outer loop
      vertex -9.42793 17.6384 10
      vertex -7.65367 18.4776 -10
      vertex -9.42793 17.6384 -10
    endloop
  endfacet
  facet normal -0.595695 0.80321 0
    outer loop
      vertex -11.1114 16.6294 -10
      vertex -12.6879 15.4602 10
      vertex -11.1114 16.6294 10
    endloop
  endfacet
  facet normal -0.595695 0.80321 0
    outer loop
      vertex -12.6879 15.4602 10
      vertex -11.1114 16.6294 -10
      vertex -12.6879 15.4602 -10
    endloop
  endfacet
  facet normal -0.242982 -0.970031 0
    outer loop
      vertex -5.80569 -19.1388 -10
      vertex -3.90181 -19.6157 10
      vertex -5.80569 -19.1388 10
    endloop
  endfacet
  facet normal -0.242982 -0.970031 -0
    outer loop
      vertex -3.90181 -19.6157 10
      vertex -5.80569 -19.1388 -10
      vertex -3.90181 -19.6157 -10
    endloop
  endfacet
  facet normal 0.803322 0.595544 0
    outer loop
      vertex 15.5995 12.5 10
      vertex 15.4602 12.6879 -10
      vertex 15.4602 12.6879 10
    endloop
  endfacet
  facet normal 0.803322 0.595544 0
    outer loop
      vertex 15.4602 12.6879 -10
      vertex 15.5995 12.5 10
      vertex 15.5995 12.5 -10
    endloop
  endfacet
  facet normal -0.803322 -0.595544 0
    outer loop
      vertex -15.4602 -12.6879 -10
      vertex -15.5995 -12.5 10
      vertex -15.5995 -12.5 -10
    endloop
  endfacet
  facet normal -0.803322 -0.595544 0
    outer loop
      vertex -15.5995 -12.5 10
      vertex -15.4602 -12.6879 -10
      vertex -15.4602 -12.6879 10
    endloop
  endfacet
  facet normal 0.146736 0.989176 -0
    outer loop
      vertex 3.90181 19.6157 -10
      vertex 1.96034 19.9037 10
      vertex 3.90181 19.6157 10
    endloop
  endfacet
  facet normal 0.146736 0.989176 0
    outer loop
      vertex 1.96034 19.9037 10
      vertex 3.90181 19.6157 -10
      vertex 1.96034 19.9037 -10
    endloop
  endfacet
  facet normal -0.427571 -0.903982 0
    outer loop
      vertex -9.42793 -17.6384 -10
      vertex -7.65367 -18.4776 10
      vertex -9.42793 -17.6384 10
    endloop
  endfacet
  facet normal -0.427571 -0.903982 -0
    outer loop
      vertex -7.65367 -18.4776 10
      vertex -9.42793 -17.6384 -10
      vertex -7.65367 -18.4776 -10
    endloop
  endfacet
  facet normal 0.595695 -0.80321 0
    outer loop
      vertex 11.1114 -16.6294 -10
      vertex 12.6879 -15.4602 10
      vertex 11.1114 -16.6294 10
    endloop
  endfacet
  facet normal 0.595695 -0.80321 0
    outer loop
      vertex 12.6879 -15.4602 10
      vertex 11.1114 -16.6294 -10
      vertex 12.6879 -15.4602 -10
    endloop
  endfacet
  facet normal -0.146736 0.989176 0
    outer loop
      vertex -1.96034 19.9037 -10
      vertex -3.90181 19.6157 10
      vertex -1.96034 19.9037 10
    endloop
  endfacet
  facet normal -0.146736 0.989176 0
    outer loop
      vertex -3.90181 19.6157 10
      vertex -1.96034 19.9037 -10
      vertex -3.90181 19.6157 -10
    endloop
  endfacet
  facet normal 0.336882 -0.941547 5.35315e-07
    outer loop
      vertex 5.80569 -19.1388 10
      vertex 6.19363 -19 4
      vertex 7.65367 -18.4776 10
    endloop
  endfacet
  facet normal 0.336874 -0.94155 0
    outer loop
      vertex 5.80569 -19.1388 10
      vertex 6.19363 -19 -4
      vertex 6.19363 -19 4
    endloop
  endfacet
  facet normal 0.336882 -0.941547 -5.35315e-07
    outer loop
      vertex 7.65367 -18.4776 -10
      vertex 6.19363 -19 -4
      vertex 5.80569 -19.1388 -10
    endloop
  endfacet
  facet normal 0.336874 -0.94155 0
    outer loop
      vertex 5.80569 -19.1388 -10
      vertex 6.19363 -19 -4
      vertex 5.80569 -19.1388 10
    endloop
  endfacet
  facet normal 0.336873 -0.94155 3.00211e-06
    outer loop
      vertex 7.5 -18.5326 4
      vertex 7.65367 -18.4776 10
      vertex 6.19363 -19 4
    endloop
  endfacet
  facet normal 0.336977 -0.941513 0
    outer loop
      vertex 7.5 -18.5326 -4
      vertex 7.65367 -18.4776 10
      vertex 7.5 -18.5326 4
    endloop
  endfacet
  facet normal 0.336977 -0.941513 0
    outer loop
      vertex 7.5 -18.5326 -4
      vertex 7.65367 -18.4776 -10
      vertex 7.65367 -18.4776 10
    endloop
  endfacet
  facet normal 0.336873 -0.94155 -3.00211e-06
    outer loop
      vertex 6.19363 -19 -4
      vertex 7.65367 -18.4776 -10
      vertex 7.5 -18.5326 -4
    endloop
  endfacet
  facet normal 0.242982 -0.970031 0
    outer loop
      vertex 3.90181 -19.6157 -10
      vertex 5.80569 -19.1388 10
      vertex 3.90181 -19.6157 10
    endloop
  endfacet
  facet normal 0.242982 -0.970031 0
    outer loop
      vertex 5.80569 -19.1388 10
      vertex 3.90181 -19.6157 -10
      vertex 5.80569 -19.1388 -10
    endloop
  endfacet
  facet normal -0.740928 -0.671584 0
    outer loop
      vertex -14.1421 -14.1421 -10
      vertex -15.4602 -12.6879 10
      vertex -15.4602 -12.6879 -10
    endloop
  endfacet
  facet normal -0.740928 -0.671584 0
    outer loop
      vertex -15.4602 -12.6879 10
      vertex -14.1421 -14.1421 -10
      vertex -14.1421 -14.1421 10
    endloop
  endfacet
  facet normal -0.595695 -0.80321 0
    outer loop
      vertex -12.6879 -15.4602 2
      vertex -11.1114 -16.6294 10
      vertex -12.6879 -15.4602 10
    endloop
  endfacet
  facet normal -0.595695 -0.80321 -0
    outer loop
      vertex -11.1114 -16.6294 10
      vertex -12.6879 -15.4602 2
      vertex -11.1114 -16.6294 2
    endloop
  endfacet
  facet normal -0.595695 -0.80321 0
    outer loop
      vertex -12.6879 -15.4602 -10
      vertex -11.1114 -16.6294 -2
      vertex -12.6879 -15.4602 -2
    endloop
  endfacet
  facet normal -0.595695 -0.80321 -0
    outer loop
      vertex -11.1114 -16.6294 -2
      vertex -12.6879 -15.4602 -10
      vertex -11.1114 -16.6294 -10
    endloop
  endfacet
  facet normal -0.049065 -0.998796 0
    outer loop
      vertex -1.96034 -19.9037 -10
      vertex 0 -20 10
      vertex -1.96034 -19.9037 10
    endloop
  endfacet
  facet normal -0.049065 -0.998796 -0
    outer loop
      vertex 0 -20 10
      vertex -1.96034 -19.9037 -10
      vertex 0 -20 -10
    endloop
  endfacet
  facet normal -0 0 1
    outer loop
      vertex 1.11564 -12.5 10
      vertex 15.4602 -12.6879 10
      vertex 15.5995 -12.5 10
    endloop
  endfacet
  facet normal 0 0 1
    outer loop
      vertex 15.4602 -12.6879 10
      vertex 1.11564 -12.5 10
      vertex 14.1421 -14.1421 10
    endloop
  endfacet
  facet normal 0 0 1
    outer loop
      vertex 14.1421 -14.1421 10
      vertex 1.11564 -12.5 10
      vertex 12.6879 -15.4602 10
    endloop
  endfacet
  facet normal 0 0 1
    outer loop
      vertex 12.6879 -15.4602 10
      vertex 1.11564 -12.5 10
      vertex 11.1114 -16.6294 10
    endloop
  endfacet
  facet normal 0 0 1
    outer loop
      vertex 11.1114 -16.6294 10
      vertex 1.11564 -12.5 10
      vertex 9.42793 -17.6384 10
    endloop
  endfacet
  facet normal 0 0 1
    outer loop
      vertex 9.42793 -17.6384 10
      vertex 1.11564 -12.5 10
      vertex 7.65367 -18.4776 10
    endloop
  endfacet
  facet normal 0 0 1
    outer loop
      vertex 7.65367 -18.4776 10
      vertex 1.11564 -12.5 10
      vertex 5.80569 -19.1388 10
    endloop
  endfacet
  facet normal -0 0 1
    outer loop
      vertex 1.06066 -12.5607 10
      vertex 5.80569 -19.1388 10
      vertex 1.11564 -12.5 10
    endloop
  endfacet
  facet normal 0 0 1
    outer loop
      vertex 5.80569 -19.1388 10
      vertex 1.06066 -12.5607 10
      vertex 3.90181 -19.6157 10
    endloop
  endfacet
  facet normal -0 0 1
    outer loop
      vertex 0.95159 -12.6595 10
      vertex 3.90181 -19.6157 10
      vertex 1.06066 -12.5607 10
    endloop
  endfacet
  facet normal -0 0 1
    outer loop
      vertex 0.833355 -12.7472 10
      vertex 3.90181 -19.6157 10
      vertex 0.95159 -12.6595 10
    endloop
  endfacet
  facet normal -0 0 1
    outer loop
      vertex 0.707094 -12.8229 10
      vertex 3.90181 -19.6157 10
      vertex 0.833355 -12.7472 10
    endloop
  endfacet
  facet normal 0 0 1
    outer loop
      vertex 3.90181 -19.6157 10
      vertex 0.707094 -12.8229 10
      vertex 1.96034 -19.9037 10
    endloop
  endfacet
  facet normal -0 0 1
    outer loop
      vertex 0.574024 -12.8858 10
      vertex 1.96034 -19.9037 10
      vertex 0.707094 -12.8229 10
    endloop
  endfacet
  facet normal -0 0 1
    outer loop
      vertex 0.435427 -12.9354 10
      vertex 1.96034 -19.9037 10
      vertex 0.574024 -12.8858 10
    endloop
  endfacet
  facet normal -0 0 1
    outer loop
      vertex 0.292635 -12.9712 10
      vertex 1.96034 -19.9037 10
      vertex 0.435427 -12.9354 10
    endloop
  endfacet
  facet normal 0 0 1
    outer loop
      vertex 0 -20 10
      vertex 0.292635 -12.9712 10
      vertex 0.147025 -12.9928 10
    endloop
  endfacet
  facet normal 0 0 1
    outer loop
      vertex 0 -20 10
      vertex 0.147025 -12.9928 10
      vertex 0 -13 10
    endloop
  endfacet
  facet normal 0 0 1
    outer loop
      vertex 0.292635 -12.9712 10
      vertex 0 -20 10
      vertex 1.96034 -19.9037 10
    endloop
  endfacet
  facet normal 0 0 1
    outer loop
      vertex -0.147025 -12.9928 10
      vertex 0 -20 10
      vertex 0 -13 10
    endloop
  endfacet
  facet normal 0 0 1
    outer loop
      vertex -0.292635 -12.9712 10
      vertex 0 -20 10
      vertex -0.147025 -12.9928 10
    endloop
  endfacet
  facet normal 0 0 1
    outer loop
      vertex -1.96034 -19.9037 10
      vertex -0.292635 -12.9712 10
      vertex -0.435427 -12.9354 10
    endloop
  endfacet
  facet normal 0 0 1
    outer loop
      vertex -1.96034 -19.9037 10
      vertex -0.435427 -12.9354 10
      vertex -0.574024 -12.8858 10
    endloop
  endfacet
  facet normal 0 0 1
    outer loop
      vertex -1.96034 -19.9037 10
      vertex -0.574024 -12.8858 10
      vertex -0.707094 -12.8229 10
    endloop
  endfacet
  facet normal 0 0 1
    outer loop
      vertex -3.90181 -19.6157 10
      vertex -0.707094 -12.8229 10
      vertex -0.833355 -12.7472 10
    endloop
  endfacet
  facet normal 0 0 1
    outer loop
      vertex -3.90181 -19.6157 10
      vertex -0.833355 -12.7472 10
      vertex -0.95159 -12.6595 10
    endloop
  endfacet
  facet normal 0 0 1
    outer loop
      vertex -3.90181 -19.6157 10
      vertex -0.95159 -12.6595 10
      vertex -1.06066 -12.5607 10
    endloop
  endfacet
  facet normal 0 0 1
    outer loop
      vertex -5.80569 -19.1388 10
      vertex -1.06066 -12.5607 10
      vertex -1.11564 -12.5 10
    endloop
  endfacet
  facet normal 0 0 1
    outer loop
      vertex -0.292635 -12.9712 10
      vertex -1.96034 -19.9037 10
      vertex 0 -20 10
    endloop
  endfacet
  facet normal 0 0 1
    outer loop
      vertex -0.707094 -12.8229 10
      vertex -3.90181 -19.6157 10
      vertex -1.96034 -19.9037 10
    endloop
  endfacet
  facet normal 0 0 1
    outer loop
      vertex -1.06066 -12.5607 10
      vertex -5.80569 -19.1388 10
      vertex -3.90181 -19.6157 10
    endloop
  endfacet
  facet normal 0 0 1
    outer loop
      vertex -1.11564 -12.5 10
      vertex -7.65367 -18.4776 10
      vertex -5.80569 -19.1388 10
    endloop
  endfacet
  facet normal 0 0 1
    outer loop
      vertex -1.11564 -12.5 10
      vertex -9.42793 -17.6384 10
      vertex -7.65367 -18.4776 10
    endloop
  endfacet
  facet normal 0 0 1
    outer loop
      vertex -1.11564 -12.5 10
      vertex -11.1114 -16.6294 10
      vertex -9.42793 -17.6384 10
    endloop
  endfacet
  facet normal 0 0 1
    outer loop
      vertex -1.11564 -12.5 10
      vertex -12.6879 -15.4602 10
      vertex -11.1114 -16.6294 10
    endloop
  endfacet
  facet normal 0 0 1
    outer loop
      vertex -1.11564 -12.5 10
      vertex -14.1421 -14.1421 10
      vertex -12.6879 -15.4602 10
    endloop
  endfacet
  facet normal 0 0 1
    outer loop
      vertex -1.11564 -12.5 10
      vertex -15.4602 -12.6879 10
      vertex -14.1421 -14.1421 10
    endloop
  endfacet
  facet normal 0 -0 1
    outer loop
      vertex -15.4602 -12.6879 10
      vertex -1.11564 -12.5 10
      vertex -15.5995 -12.5 10
    endloop
  endfacet
  facet normal 0 0 1
    outer loop
      vertex 1.11564 12.5 10
      vertex 15.4602 12.6879 10
      vertex 14.1421 14.1421 10
    endloop
  endfacet
  facet normal 0 0 1
    outer loop
      vertex 1.11564 12.5 10
      vertex 14.1421 14.1421 10
      vertex 12.6879 15.4602 10
    endloop
  endfacet
  facet normal 0 0 1
    outer loop
      vertex 1.11564 12.5 10
      vertex 12.6879 15.4602 10
      vertex 11.1114 16.6294 10
    endloop
  endfacet
  facet normal 0 0 1
    outer loop
      vertex 1.11564 12.5 10
      vertex 11.1114 16.6294 10
      vertex 9.42793 17.6384 10
    endloop
  endfacet
  facet normal 0 0 1
    outer loop
      vertex 1.11564 12.5 10
      vertex 9.42793 17.6384 10
      vertex 7.65367 18.4776 10
    endloop
  endfacet
  facet normal 0 0 1
    outer loop
      vertex 1.11564 12.5 10
      vertex 7.65367 18.4776 10
      vertex 5.80569 19.1388 10
    endloop
  endfacet
  facet normal 0 0 1
    outer loop
      vertex 1.06066 12.5607 10
      vertex 5.80569 19.1388 10
      vertex 3.90181 19.6157 10
    endloop
  endfacet
  facet normal 0 0 1
    outer loop
      vertex 0.707094 12.8229 10
      vertex 3.90181 19.6157 10
      vertex 1.96034 19.9037 10
    endloop
  endfacet
  facet normal 0 0 1
    outer loop
      vertex 15.4602 12.6879 10
      vertex 1.11564 12.5 10
      vertex 15.5995 12.5 10
    endloop
  endfacet
  facet normal 0 0 1
    outer loop
      vertex 5.80569 19.1388 10
      vertex 1.06066 12.5607 10
      vertex 1.11564 12.5 10
    endloop
  endfacet
  facet normal 0 0 1
    outer loop
      vertex 3.90181 19.6157 10
      vertex 0.95159 12.6595 10
      vertex 1.06066 12.5607 10
    endloop
  endfacet
  facet normal 0 0 1
    outer loop
      vertex 3.90181 19.6157 10
      vertex 0.833355 12.7472 10
      vertex 0.95159 12.6595 10
    endloop
  endfacet
  facet normal 0 0 1
    outer loop
      vertex 3.90181 19.6157 10
      vertex 0.707094 12.8229 10
      vertex 0.833355 12.7472 10
    endloop
  endfacet
  facet normal 0 0 1
    outer loop
      vertex 1.96034 19.9037 10
      vertex 0.574024 12.8858 10
      vertex 0.707094 12.8229 10
    endloop
  endfacet
  facet normal 0 0 1
    outer loop
      vertex 1.96034 19.9037 10
      vertex 0.435427 12.9354 10
      vertex 0.574024 12.8858 10
    endloop
  endfacet
  facet normal 0 0 1
    outer loop
      vertex 1.96034 19.9037 10
      vertex 0.292635 12.9712 10
      vertex 0.435427 12.9354 10
    endloop
  endfacet
  facet normal 0 0 1
    outer loop
      vertex 0 20 10
      vertex 0.292635 12.9712 10
      vertex 1.96034 19.9037 10
    endloop
  endfacet
  facet normal 0 0 1
    outer loop
      vertex 0.292635 12.9712 10
      vertex 0 20 10
      vertex 0.147025 12.9928 10
    endloop
  endfacet
  facet normal 0 0 1
    outer loop
      vertex 0 20 10
      vertex 0 13 10
      vertex 0.147025 12.9928 10
    endloop
  endfacet
  facet normal 0 0 1
    outer loop
      vertex 0 20 10
      vertex -0.147025 12.9928 10
      vertex 0 13 10
    endloop
  endfacet
  facet normal 0 0 1
    outer loop
      vertex 0 20 10
      vertex -0.292635 12.9712 10
      vertex -0.147025 12.9928 10
    endloop
  endfacet
  facet normal -0 0 1
    outer loop
      vertex -1.96034 19.9037 10
      vertex -0.292635 12.9712 10
      vertex 0 20 10
    endloop
  endfacet
  facet normal 0 0 1
    outer loop
      vertex -0.292635 12.9712 10
      vertex -1.96034 19.9037 10
      vertex -0.435427 12.9354 10
    endloop
  endfacet
  facet normal 0 0 1
    outer loop
      vertex -0.435427 12.9354 10
      vertex -1.96034 19.9037 10
      vertex -0.574024 12.8858 10
    endloop
  endfacet
  facet normal 0 0 1
    outer loop
      vertex -0.574024 12.8858 10
      vertex -1.96034 19.9037 10
      vertex -0.707094 12.8229 10
    endloop
  endfacet
  facet normal -0 0 1
    outer loop
      vertex -3.90181 19.6157 10
      vertex -0.707094 12.8229 10
      vertex -1.96034 19.9037 10
    endloop
  endfacet
  facet normal 0 0 1
    outer loop
      vertex -0.707094 12.8229 10
      vertex -3.90181 19.6157 10
      vertex -0.833355 12.7472 10
    endloop
  endfacet
  facet normal 0 0 1
    outer loop
      vertex -0.833355 12.7472 10
      vertex -3.90181 19.6157 10
      vertex -0.95159 12.6595 10
    endloop
  endfacet
  facet normal 0 0 1
    outer loop
      vertex -0.95159 12.6595 10
      vertex -3.90181 19.6157 10
      vertex -1.06066 12.5607 10
    endloop
  endfacet
  facet normal -0 0 1
    outer loop
      vertex -5.80569 19.1388 10
      vertex -1.06066 12.5607 10
      vertex -3.90181 19.6157 10
    endloop
  endfacet
  facet normal 0 0 1
    outer loop
      vertex -1.06066 12.5607 10
      vertex -5.80569 19.1388 10
      vertex -1.11564 12.5 10
    endloop
  endfacet
  facet normal -0 0 1
    outer loop
      vertex -7.65367 18.4776 10
      vertex -1.11564 12.5 10
      vertex -5.80569 19.1388 10
    endloop
  endfacet
  facet normal -0 0 1
    outer loop
      vertex -9.42793 17.6384 10
      vertex -1.11564 12.5 10
      vertex -7.65367 18.4776 10
    endloop
  endfacet
  facet normal -0 0 1
    outer loop
      vertex -11.1114 16.6294 10
      vertex -1.11564 12.5 10
      vertex -9.42793 17.6384 10
    endloop
  endfacet
  facet normal -0 0 1
    outer loop
      vertex -12.6879 15.4602 10
      vertex -1.11564 12.5 10
      vertex -11.1114 16.6294 10
    endloop
  endfacet
  facet normal -0 0 1
    outer loop
      vertex -14.1421 14.1421 10
      vertex -1.11564 12.5 10
      vertex -12.6879 15.4602 10
    endloop
  endfacet
  facet normal -0 0 1
    outer loop
      vertex -15.4602 12.6879 10
      vertex -1.11564 12.5 10
      vertex -14.1421 14.1421 10
    endloop
  endfacet
  facet normal 0 0 1
    outer loop
      vertex -1.11564 12.5 10
      vertex -15.4602 12.6879 10
      vertex -15.5995 12.5 10
    endloop
  endfacet
  facet normal 0.671584 -0.740928 0
    outer loop
      vertex 12.6879 -15.4602 -10
      vertex 14.1421 -14.1421 10
      vertex 12.6879 -15.4602 10
    endloop
  endfacet
  facet normal 0.671584 -0.740928 0
    outer loop
      vertex 14.1421 -14.1421 10
      vertex 12.6879 -15.4602 -10
      vertex 14.1421 -14.1421 -10
    endloop
  endfacet
  facet normal -0.242625 0.404813 0.881623
    outer loop
      vertex -0.806191 1.50828 16.616
      vertex -0.969385 1.81359 16.4309
      vertex -0.950147 1.422 16.616
    endloop
  endfacet
  facet normal -0.0432801 0.881026 0.471084
    outer loop
      vertex -0.0577527 3.45823 15
      vertex -0.336287 3.41439 15.0564
      vertex 0 3.43091 15.0564
    endloop
  endfacet
  facet normal -0.0432866 0.881037 0.471062
    outer loop
      vertex -0.336287 3.41439 15.0564
      vertex -0.0577527 3.45823 15
      vertex -0.339243 3.4444 15
    endloop
  endfacet
  facet normal 0.00481781 0.0980769 0.995167
    outer loop
      vertex 0 0.586922 16.9567
      vertex 0 0.19627 16.9952
      vertex 0.0192375 0.195325 16.9952
    endloop
  endfacet
  facet normal 0.316943 -0.349703 0.881621
    outer loop
      vertex 1.20931 -1.20931 16.616
      vertex 1.08495 -1.32202 16.616
      vertex 1.4541 -1.4541 16.4309
    endloop
  endfacet
  facet normal -0.62116 -0.460677 0.633985
    outer loop
      vertex -2.29105 -1.88022 15.6862
      vertex -2.67137 -1.78495 15.3828
      vertex -2.48355 -2.0382 15.3828
    endloop
  endfacet
  facet normal 0.75193 -0.355651 0.55508
    outer loop
      vertex 2.96827 -1.2295 15.3828
      vertex 2.83346 -1.51452 15.3828
      vertex 3.16975 -1.31295 15.0564
    endloop
  endfacet
  facet normal 0.0432866 0.881037 0.471062
    outer loop
      vertex 0.0577527 3.45823 15
      vertex 0.336287 3.41439 15.0564
      vertex 0.339243 3.4444 15
    endloop
  endfacet
  facet normal 0.0432801 0.881026 0.471084
    outer loop
      vertex 0.336287 3.41439 15.0564
      vertex 0.0577527 3.45823 15
      vertex 0 3.43091 15.0564
    endloop
  endfacet
  facet normal 0.00958595 -0.195128 0.980731
    outer loop
      vertex 0 -0.586922 16.9567
      vertex 0 -0.97192 16.8801
      vertex 0.0952644 -0.96724 16.8801
    endloop
  endfacet
  facet normal 0.822793 0.122042 0.555084
    outer loop
      vertex 3.36499 0.669337 15.0564
      vertex 3.1511 0.626792 15.3828
      vertex 3.41439 0.336287 15.0564
    endloop
  endfacet
  facet normal 0.242625 0.404813 0.881623
    outer loop
      vertex 0.969385 1.81359 16.4309
      vertex 0.806191 1.50828 16.616
      vertex 0.950147 1.422 16.616
    endloop
  endfacet
  facet normal -0.475169 -0.524286 0.706639
    outer loop
      vertex -1.89946 -1.89946 15.9638
      vertex -2.09573 -2.09573 15.6862
      vertex -1.88022 -2.29105 15.6862
    endloop
  endfacet
  facet normal 0.634044 -0.0311608 0.772668
    outer loop
      vertex 2.68624 0 15.9638
      vertex 2.3828 0 16.2128
      vertex 2.6733 -0.263297 15.9638
    endloop
  endfacet
  facet normal 0.124202 -0.262601 0.956878
    outer loop
      vertex 0.458159 -0.857157 16.8801
      vertex 0.371938 -0.897937 16.8801
      vertex 0.635235 -1.18844 16.7662
    endloop
  endfacet
  facet normal -0.699919 0.103806 0.706638
    outer loop
      vertex -2.90686 0.578209 15.6862
      vertex -2.94953 0.290504 15.6862
      vertex -2.6733 0.263297 15.9638
    endloop
  endfacet
  facet normal -0.881026 -0.0432801 0.471084
    outer loop
      vertex -3.45823 -0.0577527 15
      vertex -3.41439 -0.336287 15.0564
      vertex -3.43091 0 15.0564
    endloop
  endfacet
  facet normal -0.881037 -0.0432866 0.471062
    outer loop
      vertex -3.41439 -0.336287 15.0564
      vertex -3.45823 -0.0577527 15
      vertex -3.4444 -0.339243 15
    endloop
  endfacet
  facet normal 0.597694 -0.213859 0.772675
    outer loop
      vertex 2.57057 -0.779773 15.9638
      vertex 2.28019 -0.691689 16.2128
      vertex 2.48176 -1.02798 15.9638
    endloop
  endfacet
  facet normal -0.539397 0.135117 0.83114
    outer loop
      vertex -2.28019 0.691689 16.2128
      vertex -2.33701 0.46486 16.2128
      vertex -1.96786 0.596944 16.4309
    endloop
  endfacet
  facet normal -0.68637 -0.171947 0.706633
    outer loop
      vertex -2.57057 -0.779773 15.9638
      vertex -2.90686 -0.578209 15.6862
      vertex -2.83618 -0.860347 15.6862
    endloop
  endfacet
  facet normal 0.103821 -0.699908 0.706647
    outer loop
      vertex 0.524058 -2.63462 15.9638
      vertex 0.263297 -2.6733 15.9638
      vertex 0.578209 -2.90686 15.6862
    endloop
  endfacet
  facet normal 0.346258 -0.163764 0.923735
    outer loop
      vertex 1.24498 -0.515688 16.7662
      vertex 1.18844 -0.635235 16.7662
      vertex 1.58004 -0.654472 16.616
    endloop
  endfacet
  facet normal 0.195082 0.215238 0.956878
    outer loop
      vertex 0.854882 1.04168 16.7662
      vertex 0.616579 0.751305 16.8801
      vertex 0.687251 0.687251 16.8801
    endloop
  endfacet
  facet normal 0.363775 -0.6069 0.70664
    outer loop
      vertex 1.49239 -2.23352 15.9638
      vertex 1.26628 -2.36905 15.9638
      vertex 1.39713 -2.61384 15.6862
    endloop
  endfacet
  facet normal -0.797457 -0.377141 0.470985
    outer loop
      vertex -3.0258 -1.61732 15.0564
      vertex -3.07711 -1.57926 15
      vertex -3.05239 -1.63153 15
    endloop
  endfacet
  facet normal -0.0705813 0.281783 0.956879
    outer loop
      vertex -0.262896 1.32167 16.7662
      vertex -0.282133 0.93007 16.8801
      vertex -0.189611 0.953245 16.8801
    endloop
  endfacet
  facet normal -0.371554 -0.0930921 0.923732
    outer loop
      vertex -1.32167 -0.262896 16.7662
      vertex -1.67736 -0.333647 16.616
      vertex -1.28953 -0.391175 16.7662
    endloop
  endfacet
  facet normal 0.627937 0.0931434 0.77267
    outer loop
      vertex 2.6733 0.263297 15.9638
      vertex 2.33701 0.46486 16.2128
      vertex 2.37132 0.233555 16.2128
    endloop
  endfacet
  facet normal 0.378145 -0.509894 0.772667
    outer loop
      vertex 1.51163 -1.84193 16.2128
      vertex 1.32381 -1.98122 16.2128
      vertex 1.49239 -2.23352 15.9638
    endloop
  endfacet
  facet normal 0.872576 -0.12952 0.470994
    outer loop
      vertex 3.40305 -0.618023 15
      vertex 3.36499 -0.669337 15.0564
      vertex 3.39456 -0.67522 15
    endloop
  endfacet
  facet normal 0.466843 0.069247 0.881625
    outer loop
      vertex 2.0169 0.401185 16.4309
      vertex 1.67736 0.333647 16.616
      vertex 2.04651 0.201563 16.4309
    endloop
  endfacet
  facet normal 0.573011 0.519367 0.633968
    outer loop
      vertex 2.27181 2.27181 15.3828
      vertex 2.09573 2.09573 15.6862
      vertex 2.48355 2.0382 15.3828
    endloop
  endfacet
  facet normal -0.756631 -0.453523 0.470984
    outer loop
      vertex -3.02266 -1.68113 15
      vertex -2.8527 -1.90611 15.0564
      vertex -3.0258 -1.61732 15.0564
    endloop
  endfacet
  facet normal -0.756603 -0.45348 0.47107
    outer loop
      vertex -2.8527 -1.90611 15.0564
      vertex -3.02266 -1.68113 15
      vertex -2.87777 -1.92287 15
    endloop
  endfacet
  facet normal 0.257233 0.283805 0.923735
    outer loop
      vertex 1.20931 1.20931 16.616
      vertex 0.854882 1.04168 16.7662
      vertex 0.952868 0.952868 16.7662
    endloop
  endfacet
  facet normal 0.592418 0.653597 0.471011
    outer loop
      vertex 2.44734 2.44734 15
      vertex 2.4045 2.48617 15
      vertex 2.42602 2.42602 15.0564
    endloop
  endfacet
  facet normal -0.378896 -0.0561895 0.923732
    outer loop
      vertex -1.34107 -0.132084 16.7662
      vertex -1.70198 -0.16763 16.616
      vertex -1.67736 -0.333647 16.616
    endloop
  endfacet
  facet normal -0.290141 -0.0142562 0.956878
    outer loop
      vertex -0.96724 -0.0952644 16.8801
      vertex -1.34756 0 16.7662
      vertex -1.34107 -0.132084 16.7662
    endloop
  endfacet
  facet normal -0.103806 -0.699919 0.706638
    outer loop
      vertex -0.263297 -2.6733 15.9638
      vertex -0.578209 -2.90686 15.6862
      vertex -0.290504 -2.94953 15.6862
    endloop
  endfacet
  facet normal 0.116377 0.156918 0.980731
    outer loop
      vertex 0.539969 0.808122 16.8801
      vertex 0.326076 0.488008 16.9567
      vertex 0.616579 0.751305 16.8801
    endloop
  endfacet
  facet normal -0.034733 0.706731 0.706629
    outer loop
      vertex 0 2.9638 15.6862
      vertex -0.263297 2.6733 15.9638
      vertex 0 2.68624 15.9638
    endloop
  endfacet
  facet normal -0.708583 0.525374 0.471054
    outer loop
      vertex -2.67544 2.19568 15
      vertex -2.70988 2.14923 15
      vertex -2.65213 2.17655 15.0564
    endloop
  endfacet
  facet normal -0.872576 -0.12952 0.470994
    outer loop
      vertex -3.36499 -0.669337 15.0564
      vertex -3.40305 -0.618023 15
      vertex -3.39456 -0.67522 15
    endloop
  endfacet
  facet normal 0.242637 -0.404812 0.881621
    outer loop
      vertex 1.14248 -1.70984 16.4309
      vertex 0.950147 -1.422 16.616
      vertex 0.969385 -1.81359 16.4309
    endloop
  endfacet
  facet normal 0.426639 -0.201792 0.881623
    outer loop
      vertex 1.58004 -0.654472 16.616
      vertex 1.50828 -0.806191 16.616
      vertex 1.81359 -0.969385 16.4309
    endloop
  endfacet
  facet normal 0.287347 -0.0426239 0.956878
    outer loop
      vertex 0.96724 -0.0952644 16.8801
      vertex 0.953245 -0.189611 16.8801
      vertex 1.34107 -0.132084 16.7662
    endloop
  endfacet
  facet normal 0.806866 0.202109 0.555085
    outer loop
      vertex 3.28318 0.995941 15.0564
      vertex 3.07449 0.932635 15.3828
      vertex 3.36499 0.669337 15.0564
    endloop
  endfacet
  facet normal 0.523563 -0.187316 0.83114
    outer loop
      vertex 2.28019 -0.691689 16.2128
      vertex 1.89988 -0.786954 16.4309
      vertex 2.20142 -0.911857 16.2128
    endloop
  endfacet
  facet normal -0.558602 -0.616313 0.555088
    outer loop
      vertex -2.0382 -2.48355 15.3828
      vertex -2.42602 -2.42602 15.0564
      vertex -2.17655 -2.65213 15.0564
    endloop
  endfacet
  facet normal 0.103806 -0.699919 0.706638
    outer loop
      vertex 0.578209 -2.90686 15.6862
      vertex 0.263297 -2.6733 15.9638
      vertex 0.290504 -2.94953 15.6862
    endloop
  endfacet
  facet normal 0.550048 -0.0815898 0.831138
    outer loop
      vertex 2.37132 -0.233555 16.2128
      vertex 2.04651 -0.201563 16.4309
      vertex 2.33701 -0.46486 16.2128
    endloop
  endfacet
  facet normal 0.75017 -0.187909 0.633984
    outer loop
      vertex 3.1511 -0.626792 15.3828
      vertex 2.90686 -0.578209 15.6862
      vertex 3.07449 -0.932635 15.3828
    endloop
  endfacet
  facet normal 0.371554 0.0930921 0.923732
    outer loop
      vertex 1.67736 0.333647 16.616
      vertex 1.28953 0.391175 16.7662
      vertex 1.32167 0.262896 16.7662
    endloop
  endfacet
  facet normal 0.262601 0.124202 0.956878
    outer loop
      vertex 1.18844 0.635235 16.7662
      vertex 0.857157 0.458159 16.8801
      vertex 0.897937 0.371938 16.8801
    endloop
  endfacet
  facet normal -0.634042 0.0311653 0.77267
    outer loop
      vertex -2.37132 0.233555 16.2128
      vertex -2.6733 0.263297 15.9638
      vertex -2.3828 0 16.2128
    endloop
  endfacet
  facet normal -0.098077 -0.00481967 0.995167
    outer loop
      vertex -0.195325 -0.0192375 16.9952
      vertex -0.586922 0 16.9567
      vertex -0.584095 -0.0575275 16.9567
    endloop
  endfacet
  facet normal -0.806866 0.202109 0.555085
    outer loop
      vertex -3.28318 0.995941 15.0564
      vertex -3.36499 0.669337 15.0564
      vertex -3.07449 0.932635 15.3828
    endloop
  endfacet
  facet normal -0.302532 0.639637 0.706639
    outer loop
      vertex -1.02798 2.48176 15.9638
      vertex -1.39713 2.61384 15.6862
      vertex -1.26628 2.36905 15.9638
    endloop
  endfacet
  facet normal 0.23776 0.502664 0.831143
    outer loop
      vertex 1.12324 2.10144 16.2128
      vertex 0.786954 1.89988 16.4309
      vertex 0.969385 1.81359 16.4309
    endloop
  endfacet
  facet normal 0.158983 0.444372 0.881622
    outer loop
      vertex 0.596944 1.96786 16.4309
      vertex 0.49645 1.63658 16.616
      vertex 0.786954 1.89988 16.4309
    endloop
  endfacet
  facet normal 0.281784 0.0706002 0.956877
    outer loop
      vertex 1.28953 0.391175 16.7662
      vertex 0.93007 0.282133 16.8801
      vertex 1.32167 0.262896 16.7662
    endloop
  endfacet
  facet normal 0.666211 -0.238374 0.70664
    outer loop
      vertex 2.57057 -0.779773 15.9638
      vertex 2.48176 -1.02798 15.9638
      vertex 2.7382 -1.1342 15.6862
    endloop
  endfacet
  facet normal -0.360643 0.129036 0.923735
    outer loop
      vertex -1.24498 0.515688 16.7662
      vertex -1.58004 0.654472 16.616
      vertex -1.28953 0.391175 16.7662
    endloop
  endfacet
  facet normal -0.287347 0.0426239 0.956878
    outer loop
      vertex -0.953245 0.189611 16.8801
      vertex -1.34107 0.132084 16.7662
      vertex -0.96724 0.0952644 16.8801
    endloop
  endfacet
  facet normal -0.881037 0.0432866 0.471062
    outer loop
      vertex -3.45823 0.0577527 15
      vertex -3.41439 0.336287 15.0564
      vertex -3.4444 0.339243 15
    endloop
  endfacet
  facet normal -0.881026 0.0432801 0.471084
    outer loop
      vertex -3.41439 0.336287 15.0564
      vertex -3.45823 0.0577527 15
      vertex -3.43091 0 15.0564
    endloop
  endfacet
  facet normal -0.830596 0.297154 0.470966
    outer loop
      vertex -3.29255 1.05914 15
      vertex -3.31203 1.00469 15
      vertex -3.28318 0.995941 15.0564
    endloop
  endfacet
  facet normal -0.764972 -0.113465 0.63399
    outer loop
      vertex -2.94953 -0.290504 15.6862
      vertex -3.19736 -0.314912 15.3828
      vertex -3.1511 -0.626792 15.3828
    endloop
  endfacet
  facet normal -0.783173 -0.280224 0.555081
    outer loop
      vertex -3.07449 -0.932635 15.3828
      vertex -3.16975 -1.31295 15.0564
      vertex -2.96827 -1.2295 15.3828
    endloop
  endfacet
  facet normal -0.176604 0.0835316 0.980731
    outer loop
      vertex -0.517618 0.276672 16.9567
      vertex -0.857157 0.458159 16.8801
      vertex -0.542245 0.224605 16.9567
    endloop
  endfacet
  facet normal -0.471384 -0.0231526 0.881624
    outer loop
      vertex -1.71022 0 16.616
      vertex -2.05641 0 16.4309
      vertex -2.04651 -0.201563 16.4309
    endloop
  endfacet
  facet normal 0.426304 -0.470372 0.772667
    outer loop
      vertex 1.89946 -1.89946 15.9638
      vertex 1.51163 -1.84193 16.2128
      vertex 1.70413 -2.07649 15.9638
    endloop
  endfacet
  facet normal 0.373433 -0.412008 0.831142
    outer loop
      vertex 1.4541 -1.4541 16.4309
      vertex 1.30457 -1.58963 16.4309
      vertex 1.68489 -1.68489 16.2128
    endloop
  endfacet
  facet normal -0.0142562 -0.290141 0.956878
    outer loop
      vertex -0.0952644 -0.96724 16.8801
      vertex -0.132084 -1.34107 16.7662
      vertex 0 -1.34756 16.7662
    endloop
  endfacet
  facet normal 0.00958595 0.195128 0.980731
    outer loop
      vertex 0 0.97192 16.8801
      vertex 0 0.586922 16.9567
      vertex 0.0952644 0.96724 16.8801
    endloop
  endfacet
  facet normal -0.0347153 -0.706723 0.706638
    outer loop
      vertex -0.263297 -2.6733 15.9638
      vertex -0.290504 -2.94953 15.6862
      vertex 0 -2.9638 15.6862
    endloop
  endfacet
  facet normal -0.0931434 -0.627937 0.77267
    outer loop
      vertex -0.233555 -2.37132 16.2128
      vertex -0.46486 -2.33701 16.2128
      vertex -0.263297 -2.6733 15.9638
    endloop
  endfacet
  facet normal -0.668103 -0.495494 0.555089
    outer loop
      vertex -2.67137 -1.78495 15.3828
      vertex -2.8527 -1.90611 15.0564
      vertex -2.65213 -2.17655 15.0564
    endloop
  endfacet
  facet normal 0.797457 0.377152 0.470977
    outer loop
      vertex 3.16975 1.31295 15.0564
      vertex 3.07711 1.57926 15
      vertex 3.0258 1.61732 15.0564
    endloop
  endfacet
  facet normal 0.797405 0.377153 0.471064
    outer loop
      vertex 3.07711 1.57926 15
      vertex 3.16975 1.31295 15.0564
      vertex 3.19761 1.32449 15
    endloop
  endfacet
  facet normal 0.872576 0.12952 0.470994
    outer loop
      vertex 3.39456 0.67522 15
      vertex 3.36499 0.669337 15.0564
      vertex 3.40305 0.618023 15
    endloop
  endfacet
  facet normal 0.280228 -0.783169 0.555085
    outer loop
      vertex 1.31295 -3.16975 15.0564
      vertex 0.932635 -3.07449 15.3828
      vertex 0.995941 -3.28318 15.0564
    endloop
  endfacet
  facet normal 0.382575 -0.018798 0.923733
    outer loop
      vertex 1.34756 0 16.7662
      vertex 1.34107 -0.132084 16.7662
      vertex 1.71022 0 16.616
    endloop
  endfacet
  facet normal 0.550048 0.0815898 0.831138
    outer loop
      vertex 2.33701 0.46486 16.2128
      vertex 2.04651 0.201563 16.4309
      vertex 2.37132 0.233555 16.2128
    endloop
  endfacet
  facet normal 0.519337 -0.57302 0.633985
    outer loop
      vertex 2.09573 -2.09573 15.6862
      vertex 1.88022 -2.29105 15.6862
      vertex 2.0382 -2.48355 15.3828
    endloop
  endfacet
  facet normal 0.360642 -0.129037 0.923735
    outer loop
      vertex 1.63658 -0.49645 16.616
      vertex 1.28953 -0.391175 16.7662
      vertex 1.58004 -0.654472 16.616
    endloop
  endfacet
  facet normal 0.446639 0.331234 0.831143
    outer loop
      vertex 1.84193 1.51163 16.2128
      vertex 1.58963 1.30457 16.4309
      vertex 1.98122 1.32381 16.2128
    endloop
  endfacet
  facet normal 0.378894 -0.0561917 0.923732
    outer loop
      vertex 1.34107 -0.132084 16.7662
      vertex 1.32167 -0.262896 16.7662
      vertex 1.67736 -0.333647 16.616
    endloop
  endfacet
  facet normal 0.173036 0.233334 0.956877
    outer loop
      vertex 0.748663 1.12045 16.7662
      vertex 0.539969 0.808122 16.8801
      vertex 0.854882 1.04168 16.7662
    endloop
  endfacet
  facet normal -0.0971327 0.0144074 0.995167
    outer loop
      vertex -0.192499 0.03829 16.9952
      vertex -0.584095 0.0575275 16.9567
      vertex -0.195325 0.0192375 16.9952
    endloop
  endfacet
  facet normal 0.550048 0.0815889 0.831138
    outer loop
      vertex 2.33701 0.46486 16.2128
      vertex 2.0169 0.401185 16.4309
      vertex 2.04651 0.201563 16.4309
    endloop
  endfacet
  facet normal -0.0842245 0.0504828 0.995167
    outer loop
      vertex -0.163193 0.109041 16.9952
      vertex -0.488008 0.326076 16.9567
      vertex -0.173095 0.0925207 16.9952
    endloop
  endfacet
  facet normal -0.135126 0.539399 0.831138
    outer loop
      vertex -0.46486 2.33701 16.2128
      vertex -0.596944 1.96786 16.4309
      vertex -0.401185 2.0169 16.4309
    endloop
  endfacet
  facet normal -0.444372 -0.158983 0.881622
    outer loop
      vertex -1.63658 -0.49645 16.616
      vertex -1.96786 -0.596944 16.4309
      vertex -1.89988 -0.786954 16.4309
    endloop
  endfacet
  facet normal -0.382575 -0.018798 0.923733
    outer loop
      vertex -1.34756 0 16.7662
      vertex -1.71022 0 16.616
      vertex -1.34107 -0.132084 16.7662
    endloop
  endfacet
  facet normal 0.397585 0.663315 0.633987
    outer loop
      vertex 1.78495 2.67137 15.3828
      vertex 1.39713 2.61384 15.6862
      vertex 1.6466 2.46431 15.6862
    endloop
  endfacet
  facet normal -0.202109 0.806866 0.555085
    outer loop
      vertex -0.669337 3.36499 15.0564
      vertex -0.995941 3.28318 15.0564
      vertex -0.932635 3.07449 15.3828
    endloop
  endfacet
  facet normal 0.29716 0.830539 0.471064
    outer loop
      vertex 1.05914 3.29255 15
      vertex 1.31295 3.16975 15.0564
      vertex 1.32449 3.19761 15
    endloop
  endfacet
  facet normal 0.297187 0.830566 0.470999
    outer loop
      vertex 1.31295 3.16975 15.0564
      vertex 1.05914 3.29255 15
      vertex 0.995941 3.28318 15.0564
    endloop
  endfacet
  facet normal 0.519337 0.57302 0.633985
    outer loop
      vertex 2.0382 2.48355 15.3828
      vertex 1.88022 2.29105 15.6862
      vertex 2.09573 2.09573 15.6862
    endloop
  endfacet
  facet normal 0.509894 0.378146 0.772666
    outer loop
      vertex 2.07649 1.70413 15.9638
      vertex 1.84193 1.51163 16.2128
      vertex 2.23352 1.49239 15.9638
    endloop
  endfacet
  facet normal 0.42149 0.568339 0.706638
    outer loop
      vertex 1.88022 2.29105 15.6862
      vertex 1.49239 2.23352 15.9638
      vertex 1.70413 2.07649 15.9638
    endloop
  endfacet
  facet normal 0.830539 0.29716 0.471064
    outer loop
      vertex 3.16975 1.31295 15.0564
      vertex 3.29255 1.05914 15
      vertex 3.19761 1.32449 15
    endloop
  endfacet
  facet normal 0.830566 0.297187 0.470999
    outer loop
      vertex 3.29255 1.05914 15
      vertex 3.16975 1.31295 15.0564
      vertex 3.28318 0.995941 15.0564
    endloop
  endfacet
  facet normal 0.783169 0.280228 0.555085
    outer loop
      vertex 3.16975 1.31295 15.0564
      vertex 3.07449 0.932635 15.3828
      vertex 3.28318 0.995941 15.0564
    endloop
  endfacet
  facet normal -0.663315 0.397585 0.633987
    outer loop
      vertex -2.46431 1.6466 15.6862
      vertex -2.67137 1.78495 15.3828
      vertex -2.61384 1.39713 15.6862
    endloop
  endfacet
  facet normal -0.806866 0.20211 0.555084
    outer loop
      vertex -3.07449 0.932635 15.3828
      vertex -3.36499 0.669337 15.0564
      vertex -3.1511 0.626792 15.3828
    endloop
  endfacet
  facet normal -0.822793 0.122042 0.555084
    outer loop
      vertex -3.1511 0.626792 15.3828
      vertex -3.41439 0.336287 15.0564
      vertex -3.19736 0.314912 15.3828
    endloop
  endfacet
  facet normal -0.822793 0.122042 0.555084
    outer loop
      vertex -3.36499 0.669337 15.0564
      vertex -3.41439 0.336287 15.0564
      vertex -3.1511 0.626792 15.3828
    endloop
  endfacet
  facet normal -0.699919 -0.103806 0.706638
    outer loop
      vertex -2.6733 -0.263297 15.9638
      vertex -2.94953 -0.290504 15.6862
      vertex -2.90686 -0.578209 15.6862
    endloop
  endfacet
  facet normal -0.764979 -0.113455 0.633983
    outer loop
      vertex -2.94953 -0.290504 15.6862
      vertex -3.1511 -0.626792 15.3828
      vertex -2.90686 -0.578209 15.6862
    endloop
  endfacet
  facet normal -0.872554 0.129421 0.471062
    outer loop
      vertex -3.41439 0.336287 15.0564
      vertex -3.40305 0.618023 15
      vertex -3.4444 0.339243 15
    endloop
  endfacet
  facet normal -0.872552 0.129422 0.471066
    outer loop
      vertex -3.40305 0.618023 15
      vertex -3.41439 0.336287 15.0564
      vertex -3.36499 0.669337 15.0564
    endloop
  endfacet
  facet normal -0.62116 0.460677 0.633985
    outer loop
      vertex -2.48355 2.0382 15.3828
      vertex -2.67137 1.78495 15.3828
      vertex -2.29105 1.88022 15.6862
    endloop
  endfacet
  facet normal -0.00481781 -0.0980769 0.995167
    outer loop
      vertex 0 -0.19627 16.9952
      vertex -0.0192375 -0.195325 16.9952
      vertex 0 -0.586922 16.9567
    endloop
  endfacet
  facet normal 0.0659503 0.0727513 0.995167
    outer loop
      vertex 0.415016 0.415016 16.9567
      vertex 0.124513 0.151719 16.9952
      vertex 0.138783 0.138783 16.9952
    endloop
  endfacet
  facet normal 0.0142536 -0.290141 0.956878
    outer loop
      vertex 0 -0.97192 16.8801
      vertex 0 -1.34756 16.7662
      vertex 0.0952644 -0.96724 16.8801
    endloop
  endfacet
  facet normal -0.621161 -0.460673 0.633987
    outer loop
      vertex -2.46431 -1.6466 15.6862
      vertex -2.67137 -1.78495 15.3828
      vertex -2.29105 -1.88022 15.6862
    endloop
  endfacet
  facet normal 0.281147 -0.379071 0.881624
    outer loop
      vertex 1.08495 -1.32202 16.616
      vertex 0.950147 -1.422 16.616
      vertex 1.30457 -1.58963 16.4309
    endloop
  endfacet
  facet normal 0.373435 -0.412005 0.831143
    outer loop
      vertex 1.68489 -1.68489 16.2128
      vertex 1.30457 -1.58963 16.4309
      vertex 1.51163 -1.84193 16.2128
    endloop
  endfacet
  facet normal 0.446639 -0.331234 0.831143
    outer loop
      vertex 1.98122 -1.32381 16.2128
      vertex 1.58963 -1.30457 16.4309
      vertex 1.84193 -1.51163 16.2128
    endloop
  endfacet
  facet normal 0.475167 -0.524287 0.70664
    outer loop
      vertex 1.89946 -1.89946 15.9638
      vertex 1.70413 -2.07649 15.9638
      vertex 1.88022 -2.29105 15.6862
    endloop
  endfacet
  facet normal 0.330656 -0.699094 0.633983
    outer loop
      vertex 1.39713 -2.61384 15.6862
      vertex 1.1342 -2.7382 15.6862
      vertex 1.51452 -2.83346 15.3828
    endloop
  endfacet
  facet normal 0.525374 -0.708583 0.471054
    outer loop
      vertex 2.17655 -2.65213 15.0564
      vertex 2.14923 -2.70988 15
      vertex 2.19568 -2.67544 15
    endloop
  endfacet
  facet normal -0.242637 -0.404812 0.881621
    outer loop
      vertex -0.950147 -1.422 16.616
      vertex -1.14248 -1.70984 16.4309
      vertex -0.969385 -1.81359 16.4309
    endloop
  endfacet
  facet normal -0.8557 -0.214344 0.470993
    outer loop
      vertex -3.32608 -0.948604 15
      vertex -3.36499 -0.669337 15.0564
      vertex -3.39456 -0.67522 15
    endloop
  endfacet
  facet normal -0.855706 -0.214343 0.470983
    outer loop
      vertex -3.36499 -0.669337 15.0564
      vertex -3.32608 -0.948604 15
      vertex -3.28318 -0.995941 15.0564
    endloop
  endfacet
  facet normal -0.034733 -0.706731 0.706629
    outer loop
      vertex 0 -2.68624 15.9638
      vertex -0.263297 -2.6733 15.9638
      vertex 0 -2.9638 15.6862
    endloop
  endfacet
  facet normal -0.373435 -0.412005 0.831143
    outer loop
      vertex -1.30457 -1.58963 16.4309
      vertex -1.68489 -1.68489 16.2128
      vertex -1.51163 -1.84193 16.2128
    endloop
  endfacet
  facet normal 0.15425 -0.615776 0.772675
    outer loop
      vertex 0.691689 -2.28019 16.2128
      vertex 0.46486 -2.33701 16.2128
      vertex 0.779773 -2.57057 15.9638
    endloop
  endfacet
  facet normal 0.297154 -0.830596 0.470966
    outer loop
      vertex 1.05914 -3.29255 15
      vertex 0.995941 -3.28318 15.0564
      vertex 1.00469 -3.31203 15
    endloop
  endfacet
  facet normal 0.0311608 0.634044 0.772668
    outer loop
      vertex 0 2.68624 15.9638
      vertex 0 2.3828 16.2128
      vertex 0.263297 2.6733 15.9638
    endloop
  endfacet
  facet normal -0.453522 0.756633 0.470983
    outer loop
      vertex -1.63153 3.05239 15
      vertex -1.68113 3.02266 15
      vertex -1.61732 3.0258 15.0564
    endloop
  endfacet
  facet normal 0.728136 0.260515 0.633995
    outer loop
      vertex 3.07449 0.932635 15.3828
      vertex 2.7382 1.1342 15.6862
      vertex 2.83618 0.860347 15.6862
    endloop
  endfacet
  facet normal 0.830793 -0.0408126 0.555084
    outer loop
      vertex 3.21283 0 15.3828
      vertex 3.19736 -0.314912 15.3828
      vertex 3.41439 -0.336287 15.0564
    endloop
  endfacet
  facet normal 0.872554 -0.129421 0.471062
    outer loop
      vertex 3.41439 -0.336287 15.0564
      vertex 3.40305 -0.618023 15
      vertex 3.4444 -0.339243 15
    endloop
  endfacet
  facet normal 0.872552 -0.129422 0.471066
    outer loop
      vertex 3.40305 -0.618023 15
      vertex 3.41439 -0.336287 15.0564
      vertex 3.36499 -0.669337 15.0564
    endloop
  endfacet
  facet normal 0.822793 -0.122042 0.555084
    outer loop
      vertex 3.41439 -0.336287 15.0564
      vertex 3.1511 -0.626792 15.3828
      vertex 3.36499 -0.669337 15.0564
    endloop
  endfacet
  facet normal 0.470347 -0.426314 0.772677
    outer loop
      vertex 1.84193 -1.51163 16.2128
      vertex 1.68489 -1.68489 16.2128
      vertex 1.89946 -1.89946 15.9638
    endloop
  endfacet
  facet normal 0.706723 -0.0347153 0.706638
    outer loop
      vertex 2.9638 0 15.6862
      vertex 2.6733 -0.263297 15.9638
      vertex 2.94953 -0.290504 15.6862
    endloop
  endfacet
  facet normal 0.20211 -0.806866 0.555084
    outer loop
      vertex 0.932635 -3.07449 15.3828
      vertex 0.626792 -3.1511 15.3828
      vertex 0.669337 -3.36499 15.0564
    endloop
  endfacet
  facet normal 0.285878 -0.476946 0.831141
    outer loop
      vertex 1.14248 -1.70984 16.4309
      vertex 1.12324 -2.10144 16.2128
      vertex 1.32381 -1.98122 16.2128
    endloop
  endfacet
  facet normal 0.412005 -0.373435 0.831143
    outer loop
      vertex 1.84193 -1.51163 16.2128
      vertex 1.58963 -1.30457 16.4309
      vertex 1.68489 -1.68489 16.2128
    endloop
  endfacet
  facet normal 0.616303 -0.558606 0.555094
    outer loop
      vertex 2.48355 -2.0382 15.3828
      vertex 2.27181 -2.27181 15.3828
      vertex 2.42602 -2.42602 15.0564
    endloop
  endfacet
  facet normal 0.558602 -0.616313 0.555088
    outer loop
      vertex 2.42602 -2.42602 15.0564
      vertex 2.0382 -2.48355 15.3828
      vertex 2.17655 -2.65213 15.0564
    endloop
  endfacet
  facet normal 0.495494 -0.668103 0.555089
    outer loop
      vertex 2.17655 -2.65213 15.0564
      vertex 1.78495 -2.67137 15.3828
      vertex 1.90611 -2.8527 15.0564
    endloop
  endfacet
  facet normal 0.592395 -0.653585 0.471057
    outer loop
      vertex 2.4045 -2.48617 15
      vertex 2.17655 -2.65213 15.0564
      vertex 2.19568 -2.67544 15
    endloop
  endfacet
  facet normal 0.592401 -0.653603 0.471024
    outer loop
      vertex 2.17655 -2.65213 15.0564
      vertex 2.4045 -2.48617 15
      vertex 2.42602 -2.42602 15.0564
    endloop
  endfacet
  facet normal 0.797457 -0.377141 0.470985
    outer loop
      vertex 3.07711 -1.57926 15
      vertex 3.0258 -1.61732 15.0564
      vertex 3.05239 -1.63153 15
    endloop
  endfacet
  facet normal 0.822793 0.122042 0.555084
    outer loop
      vertex 3.41439 0.336287 15.0564
      vertex 3.1511 0.626792 15.3828
      vertex 3.19736 0.314912 15.3828
    endloop
  endfacet
  facet normal 0.627937 -0.0931434 0.77267
    outer loop
      vertex 2.37132 -0.233555 16.2128
      vertex 2.33701 -0.46486 16.2128
      vertex 2.6733 -0.263297 15.9638
    endloop
  endfacet
  facet normal 0.502672 -0.237754 0.83114
    outer loop
      vertex 2.20142 -0.911857 16.2128
      vertex 1.89988 -0.786954 16.4309
      vertex 2.10144 -1.12324 16.2128
    endloop
  endfacet
  facet normal 0.573859 -0.271424 0.772667
    outer loop
      vertex 2.20142 -0.911857 16.2128
      vertex 2.10144 -1.12324 16.2128
      vertex 2.48176 -1.02798 15.9638
    endloop
  endfacet
  facet normal 0.378896 -0.0561895 0.923732
    outer loop
      vertex 1.70198 -0.16763 16.616
      vertex 1.34107 -0.132084 16.7662
      vertex 1.67736 -0.333647 16.616
    endloop
  endfacet
  facet normal 0.371552 -0.0930689 0.923735
    outer loop
      vertex 1.67736 -0.333647 16.616
      vertex 1.28953 -0.391175 16.7662
      vertex 1.63658 -0.49645 16.616
    endloop
  endfacet
  facet normal 0.189509 0.0474683 0.980731
    outer loop
      vertex 0.93007 0.282133 16.8801
      vertex 0.575644 0.114502 16.9567
      vertex 0.953245 0.189611 16.8801
    endloop
  endfacet
  facet normal 0.287347 0.0426239 0.956878
    outer loop
      vertex 1.34107 0.132084 16.7662
      vertex 0.953245 0.189611 16.8801
      vertex 0.96724 0.0952644 16.8801
    endloop
  endfacet
  facet normal 0.167569 0.100437 0.980731
    outer loop
      vertex 0.808122 0.539969 16.8801
      vertex 0.488008 0.326076 16.9567
      vertex 0.857157 0.458159 16.8801
    endloop
  endfacet
  facet normal 0.471384 -0.0231526 0.881624
    outer loop
      vertex 2.05641 0 16.4309
      vertex 1.71022 0 16.616
      vertex 2.04651 -0.201563 16.4309
    endloop
  endfacet
  facet normal 0.0887669 -0.0419856 0.995167
    outer loop
      vertex 0.542245 -0.224605 16.9567
      vertex 0.173095 -0.0925207 16.9952
      vertex 0.517618 -0.276672 16.9567
    endloop
  endfacet
  facet normal -0.129036 -0.360643 0.923735
    outer loop
      vertex -0.515688 -1.24498 16.7662
      vertex -0.654472 -1.58004 16.616
      vertex -0.391175 -1.28953 16.7662
    endloop
  endfacet
  facet normal 0.0272995 0.555395 0.831138
    outer loop
      vertex 0.233555 2.37132 16.2128
      vertex 0 2.3828 16.2128
      vertex 0.201563 2.04651 16.4309
    endloop
  endfacet
  facet normal -0.22818 0.307655 0.923733
    outer loop
      vertex -0.950147 1.422 16.616
      vertex -1.08495 1.32202 16.616
      vertex -0.854882 1.04168 16.7662
    endloop
  endfacet
  facet normal -0.195128 -0.00958595 0.980731
    outer loop
      vertex -0.586922 0 16.9567
      vertex -0.97192 0 16.8801
      vertex -0.96724 -0.0952644 16.8801
    endloop
  endfacet
  facet normal -0.195128 -0.0095889 0.980731
    outer loop
      vertex -0.586922 0 16.9567
      vertex -0.96724 -0.0952644 16.8801
      vertex -0.584095 -0.0575275 16.9567
    endloop
  endfacet
  facet normal -0.0788705 0.0584961 0.995167
    outer loop
      vertex -0.453696 0.372339 16.9567
      vertex -0.488008 0.326076 16.9567
      vertex -0.151719 0.124513 16.9952
    endloop
  endfacet
  facet normal -0.75017 0.187909 0.633984
    outer loop
      vertex -3.07449 0.932635 15.3828
      vertex -3.1511 0.626792 15.3828
      vertex -2.90686 0.578209 15.6862
    endloop
  endfacet
  facet normal -0.653585 0.592395 0.471057
    outer loop
      vertex -2.65213 2.17655 15.0564
      vertex -2.48617 2.4045 15
      vertex -2.67544 2.19568 15
    endloop
  endfacet
  facet normal -0.653603 0.592401 0.471024
    outer loop
      vertex -2.48617 2.4045 15
      vertex -2.65213 2.17655 15.0564
      vertex -2.42602 2.42602 15.0564
    endloop
  endfacet
  facet normal 0.149342 0.249163 0.956878
    outer loop
      vertex 0.635235 1.18844 16.7662
      vertex 0.458159 0.857157 16.8801
      vertex 0.539969 0.808122 16.8801
    endloop
  endfacet
  facet normal -0.634044 0.0311608 0.772668
    outer loop
      vertex -2.6733 0.263297 15.9638
      vertex -2.68624 0 15.9638
      vertex -2.3828 0 16.2128
    endloop
  endfacet
  facet normal -0.699908 0.103821 0.706647
    outer loop
      vertex -2.63462 0.524058 15.9638
      vertex -2.90686 0.578209 15.6862
      vertex -2.6733 0.263297 15.9638
    endloop
  endfacet
  facet normal 0.238374 0.666211 0.70664
    outer loop
      vertex 1.1342 2.7382 15.6862
      vertex 0.779773 2.57057 15.9638
      vertex 1.02798 2.48176 15.9638
    endloop
  endfacet
  facet normal -0.0311653 0.634042 0.77267
    outer loop
      vertex 0 2.3828 16.2128
      vertex -0.263297 2.6733 15.9638
      vertex -0.233555 2.37132 16.2128
    endloop
  endfacet
  facet normal 0.558606 0.616303 0.555094
    outer loop
      vertex 2.42602 2.42602 15.0564
      vertex 2.0382 2.48355 15.3828
      vertex 2.27181 2.27181 15.3828
    endloop
  endfacet
  facet normal 0.281139 0.379085 0.881621
    outer loop
      vertex 1.14248 1.70984 16.4309
      vertex 0.950147 1.422 16.616
      vertex 1.30457 1.58963 16.4309
    endloop
  endfacet
  facet normal 0.363775 0.6069 0.70664
    outer loop
      vertex 1.39713 2.61384 15.6862
      vertex 1.26628 2.36905 15.9638
      vertex 1.49239 2.23352 15.9638
    endloop
  endfacet
  facet normal 0.260515 0.728136 0.633995
    outer loop
      vertex 0.932635 3.07449 15.3828
      vertex 0.860347 2.83618 15.6862
      vertex 1.1342 2.7382 15.6862
    endloop
  endfacet
  facet normal 0.75193 0.355621 0.555098
    outer loop
      vertex 3.0258 1.61732 15.0564
      vertex 2.83346 1.51452 15.3828
      vertex 3.16975 1.31295 15.0564
    endloop
  endfacet
  facet normal 0.663321 0.397581 0.633983
    outer loop
      vertex 2.67137 1.78495 15.3828
      vertex 2.61384 1.39713 15.6862
      vertex 2.83346 1.51452 15.3828
    endloop
  endfacet
  facet normal 0.427637 0.713444 0.55509
    outer loop
      vertex 1.90611 2.8527 15.0564
      vertex 1.61732 3.0258 15.0564
      vertex 1.78495 2.67137 15.3828
    endloop
  endfacet
  facet normal 0.525374 0.708583 0.471054
    outer loop
      vertex 2.19568 2.67544 15
      vertex 2.14923 2.70988 15
      vertex 2.17655 2.65213 15.0564
    endloop
  endfacet
  facet normal 0.373435 0.412005 0.831143
    outer loop
      vertex 1.51163 1.84193 16.2128
      vertex 1.30457 1.58963 16.4309
      vertex 1.68489 1.68489 16.2128
    endloop
  endfacet
  facet normal -0.806866 -0.20211 0.555084
    outer loop
      vertex -3.1511 -0.626792 15.3828
      vertex -3.36499 -0.669337 15.0564
      vertex -3.07449 -0.932635 15.3828
    endloop
  endfacet
  facet normal -0.830793 -0.0408124 0.555084
    outer loop
      vertex -3.21283 0 15.3828
      vertex -3.43091 0 15.0564
      vertex -3.41439 -0.336287 15.0564
    endloop
  endfacet
  facet normal -0.772409 -0.0379445 0.633991
    outer loop
      vertex -2.9638 0 15.6862
      vertex -3.21283 0 15.3828
      vertex -3.19736 -0.314912 15.3828
    endloop
  endfacet
  facet normal -0.728138 -0.260532 0.633986
    outer loop
      vertex -2.7382 -1.1342 15.6862
      vertex -3.07449 -0.932635 15.3828
      vertex -2.96827 -1.2295 15.3828
    endloop
  endfacet
  facet normal -0.699908 -0.103821 0.706647
    outer loop
      vertex -2.6733 -0.263297 15.9638
      vertex -2.90686 -0.578209 15.6862
      vertex -2.63462 -0.524058 15.9638
    endloop
  endfacet
  facet normal -0.881005 0.0433236 0.471119
    outer loop
      vertex -3.45823 0.0577527 15
      vertex -3.46107 0 15
      vertex -3.43091 0 15.0564
    endloop
  endfacet
  facet normal -0.881005 -0.0433236 0.471119
    outer loop
      vertex -3.43091 0 15.0564
      vertex -3.46107 0 15
      vertex -3.45823 -0.0577527 15
    endloop
  endfacet
  facet normal -0.872576 0.12952 0.470994
    outer loop
      vertex -3.39456 0.67522 15
      vertex -3.40305 0.618023 15
      vertex -3.36499 0.669337 15.0564
    endloop
  endfacet
  facet normal -0.8557 0.214344 0.470993
    outer loop
      vertex -3.36499 0.669337 15.0564
      vertex -3.32608 0.948604 15
      vertex -3.39456 0.67522 15
    endloop
  endfacet
  facet normal -0.855706 0.214343 0.470983
    outer loop
      vertex -3.32608 0.948604 15
      vertex -3.36499 0.669337 15.0564
      vertex -3.28318 0.995941 15.0564
    endloop
  endfacet
  facet normal -0.470347 -0.426314 0.772677
    outer loop
      vertex -1.84193 -1.51163 16.2128
      vertex -1.89946 -1.89946 15.9638
      vertex -1.68489 -1.68489 16.2128
    endloop
  endfacet
  facet normal -0.592401 -0.653603 0.471024
    outer loop
      vertex -2.4045 -2.48617 15
      vertex -2.17655 -2.65213 15.0564
      vertex -2.42602 -2.42602 15.0564
    endloop
  endfacet
  facet normal -0.592395 -0.653585 0.471057
    outer loop
      vertex -2.17655 -2.65213 15.0564
      vertex -2.4045 -2.48617 15
      vertex -2.19568 -2.67544 15
    endloop
  endfacet
  facet normal 0.114675 -0.457807 0.881625
    outer loop
      vertex 0.49645 -1.63658 16.616
      vertex 0.333647 -1.67736 16.616
      vertex 0.401185 -2.0169 16.4309
    endloop
  endfacet
  facet normal 0.346257 -0.163773 0.923734
    outer loop
      vertex 1.58004 -0.654472 16.616
      vertex 1.18844 -0.635235 16.7662
      vertex 1.50828 -0.806191 16.616
    endloop
  endfacet
  facet normal 0.233325 0.173043 0.956878
    outer loop
      vertex 1.04168 0.854882 16.7662
      vertex 0.751305 0.616579 16.8801
      vertex 0.808122 0.539969 16.8801
    endloop
  endfacet
  facet normal -0.0887673 -0.0419844 0.995167
    outer loop
      vertex -0.18133 -0.0751095 16.9952
      vertex -0.542245 -0.224605 16.9567
      vertex -0.173095 -0.0925207 16.9952
    endloop
  endfacet
  facet normal 0.00481781 -0.0980769 0.995167
    outer loop
      vertex 0 -0.19627 16.9952
      vertex 0 -0.586922 16.9567
      vertex 0.0192375 -0.195325 16.9952
    endloop
  endfacet
  facet normal -0.00958595 0.195128 0.980731
    outer loop
      vertex 0 0.97192 16.8801
      vertex -0.0952644 0.96724 16.8801
      vertex 0 0.586922 16.9567
    endloop
  endfacet
  facet normal -0.686364 -0.171916 0.706647
    outer loop
      vertex -2.63462 -0.524058 15.9638
      vertex -2.90686 -0.578209 15.6862
      vertex -2.57057 -0.779773 15.9638
    endloop
  endfacet
  facet normal -0.281139 -0.379085 0.881621
    outer loop
      vertex -0.950147 -1.422 16.616
      vertex -1.30457 -1.58963 16.4309
      vertex -1.14248 -1.70984 16.4309
    endloop
  endfacet
  facet normal -0.135126 -0.539399 0.831138
    outer loop
      vertex -0.401185 -2.0169 16.4309
      vertex -0.596944 -1.96786 16.4309
      vertex -0.46486 -2.33701 16.2128
    endloop
  endfacet
  facet normal -0.144754 -0.131199 0.980731
    outer loop
      vertex -0.415016 -0.415016 16.9567
      vertex -0.751305 -0.616579 16.8801
      vertex -0.687251 -0.687251 16.8801
    endloop
  endfacet
  facet normal -0.502672 -0.237754 0.83114
    outer loop
      vertex -1.89988 -0.786954 16.4309
      vertex -2.20142 -0.911857 16.2128
      vertex -2.10144 -1.12324 16.2128
    endloop
  endfacet
  facet normal 0.0978648 -0.273512 0.956877
    outer loop
      vertex 0.371938 -0.897937 16.8801
      vertex 0.282133 -0.93007 16.8801
      vertex 0.515688 -1.24498 16.7662
    endloop
  endfacet
  facet normal 0.187316 -0.523563 0.83114
    outer loop
      vertex 0.786954 -1.89988 16.4309
      vertex 0.596944 -1.96786 16.4309
      vertex 0.691689 -2.28019 16.2128
    endloop
  endfacet
  facet normal 0.412008 -0.373433 0.831142
    outer loop
      vertex 1.58963 -1.30457 16.4309
      vertex 1.4541 -1.4541 16.4309
      vertex 1.68489 -1.68489 16.2128
    endloop
  endfacet
  facet normal 0.316949 -0.349689 0.881624
    outer loop
      vertex 1.4541 -1.4541 16.4309
      vertex 1.08495 -1.32202 16.616
      vertex 1.30457 -1.58963 16.4309
    endloop
  endfacet
  facet normal 0.426314 -0.470347 0.772677
    outer loop
      vertex 1.68489 -1.68489 16.2128
      vertex 1.51163 -1.84193 16.2128
      vertex 1.89946 -1.89946 15.9638
    endloop
  endfacet
  facet normal 0.616313 -0.558602 0.555088
    outer loop
      vertex 2.48355 -2.0382 15.3828
      vertex 2.42602 -2.42602 15.0564
      vertex 2.65213 -2.17655 15.0564
    endloop
  endfacet
  facet normal 0.302532 -0.639637 0.706639
    outer loop
      vertex 1.26628 -2.36905 15.9638
      vertex 1.02798 -2.48176 15.9638
      vertex 1.39713 -2.61384 15.6862
    endloop
  endfacet
  facet normal 0.355621 -0.75193 0.555098
    outer loop
      vertex 1.51452 -2.83346 15.3828
      vertex 1.31295 -3.16975 15.0564
      vertex 1.61732 -3.0258 15.0564
    endloop
  endfacet
  facet normal -0.663315 -0.397585 0.633987
    outer loop
      vertex -2.61384 -1.39713 15.6862
      vertex -2.67137 -1.78495 15.3828
      vertex -2.46431 -1.6466 15.6862
    endloop
  endfacet
  facet normal -0.69909 -0.330659 0.633986
    outer loop
      vertex -2.7382 -1.1342 15.6862
      vertex -2.96827 -1.2295 15.3828
      vertex -2.83346 -1.51452 15.3828
    endloop
  endfacet
  facet normal -0.0379445 -0.772409 0.633991
    outer loop
      vertex 0 -2.9638 15.6862
      vertex -0.314912 -3.19736 15.3828
      vertex 0 -3.21283 15.3828
    endloop
  endfacet
  facet normal -0.0408124 -0.830793 0.555084
    outer loop
      vertex 0 -3.21283 15.3828
      vertex -0.336287 -3.41439 15.0564
      vertex 0 -3.43091 15.0564
    endloop
  endfacet
  facet normal 0.0347153 -0.706723 0.706638
    outer loop
      vertex 0.263297 -2.6733 15.9638
      vertex 0 -2.9638 15.6862
      vertex 0.290504 -2.94953 15.6862
    endloop
  endfacet
  facet normal 0.0379445 -0.772409 0.633991
    outer loop
      vertex 0 -2.9638 15.6862
      vertex 0 -3.21283 15.3828
      vertex 0.314912 -3.19736 15.3828
    endloop
  endfacet
  facet normal 0.135126 -0.539399 0.831138
    outer loop
      vertex 0.596944 -1.96786 16.4309
      vertex 0.401185 -2.0169 16.4309
      vertex 0.46486 -2.33701 16.2128
    endloop
  endfacet
  facet normal 0.171947 -0.68637 0.706633
    outer loop
      vertex 0.779773 -2.57057 15.9638
      vertex 0.578209 -2.90686 15.6862
      vertex 0.860347 -2.83618 15.6862
    endloop
  endfacet
  facet normal -0.171947 -0.68637 0.706633
    outer loop
      vertex -0.779773 -2.57057 15.9638
      vertex -0.860347 -2.83618 15.6862
      vertex -0.578209 -2.90686 15.6862
    endloop
  endfacet
  facet normal -0.0815898 -0.550048 0.831138
    outer loop
      vertex -0.201563 -2.04651 16.4309
      vertex -0.46486 -2.33701 16.2128
      vertex -0.233555 -2.37132 16.2128
    endloop
  endfacet
  facet normal 0.037942 -0.77241 0.63399
    outer loop
      vertex 0.290504 -2.94953 15.6862
      vertex 0 -2.9638 15.6862
      vertex 0.314912 -3.19736 15.3828
    endloop
  endfacet
  facet normal -0.460677 -0.62116 0.633985
    outer loop
      vertex -1.88022 -2.29105 15.6862
      vertex -2.0382 -2.48355 15.3828
      vertex -1.78495 -2.67137 15.3828
    endloop
  endfacet
  facet normal -0.214362 -0.855709 0.470969
    outer loop
      vertex -0.995941 -3.28318 15.0564
      vertex -1.00469 -3.31203 15
      vertex -0.948604 -3.32608 15
    endloop
  endfacet
  facet normal -0.260515 0.728136 0.633995
    outer loop
      vertex -0.932635 3.07449 15.3828
      vertex -1.1342 2.7382 15.6862
      vertex -0.860347 2.83618 15.6862
    endloop
  endfacet
  facet normal -0.426304 0.470372 0.772667
    outer loop
      vertex -1.70413 2.07649 15.9638
      vertex -1.89946 1.89946 15.9638
      vertex -1.51163 1.84193 16.2128
    endloop
  endfacet
  facet normal -0.0142562 0.290141 0.956878
    outer loop
      vertex 0 1.34756 16.7662
      vertex -0.132084 1.34107 16.7662
      vertex -0.0952644 0.96724 16.8801
    endloop
  endfacet
  facet normal 0.713445 0.427624 0.555098
    outer loop
      vertex 3.0258 1.61732 15.0564
      vertex 2.67137 1.78495 15.3828
      vertex 2.83346 1.51452 15.3828
    endloop
  endfacet
  facet normal 0.764972 0.113465 0.63399
    outer loop
      vertex 3.1511 0.626792 15.3828
      vertex 2.94953 0.290504 15.6862
      vertex 3.19736 0.314912 15.3828
    endloop
  endfacet
  facet normal 0.855706 0.214343 0.470983
    outer loop
      vertex 3.36499 0.669337 15.0564
      vertex 3.32608 0.948604 15
      vertex 3.28318 0.995941 15.0564
    endloop
  endfacet
  facet normal 0.8557 0.214344 0.470993
    outer loop
      vertex 3.32608 0.948604 15
      vertex 3.36499 0.669337 15.0564
      vertex 3.39456 0.67522 15
    endloop
  endfacet
  facet normal 0.806866 0.20211 0.555084
    outer loop
      vertex 3.36499 0.669337 15.0564
      vertex 3.07449 0.932635 15.3828
      vertex 3.1511 0.626792 15.3828
    endloop
  endfacet
  facet normal 0.666223 0.238363 0.706633
    outer loop
      vertex 2.7382 1.1342 15.6862
      vertex 2.57057 0.779773 15.9638
      vertex 2.83618 0.860347 15.6862
    endloop
  endfacet
  facet normal 0.606901 0.363771 0.706642
    outer loop
      vertex 2.46431 1.6466 15.6862
      vertex 2.23352 1.49239 15.9638
      vertex 2.61384 1.39713 15.6862
    endloop
  endfacet
  facet normal 0.634042 -0.0311653 0.77267
    outer loop
      vertex 2.3828 0 16.2128
      vertex 2.37132 -0.233555 16.2128
      vertex 2.6733 -0.263297 15.9638
    endloop
  endfacet
  facet normal 0.634044 0.0311608 0.772668
    outer loop
      vertex 2.6733 0.263297 15.9638
      vertex 2.3828 0 16.2128
      vertex 2.68624 0 15.9638
    endloop
  endfacet
  facet normal 0.822793 -0.122042 0.555084
    outer loop
      vertex 3.19736 -0.314912 15.3828
      vertex 3.1511 -0.626792 15.3828
      vertex 3.41439 -0.336287 15.0564
    endloop
  endfacet
  facet normal 0.728136 -0.260515 0.633995
    outer loop
      vertex 2.83618 -0.860347 15.6862
      vertex 2.7382 -1.1342 15.6862
      vertex 3.07449 -0.932635 15.3828
    endloop
  endfacet
  facet normal 0.6069 -0.363775 0.70664
    outer loop
      vertex 2.36905 -1.26628 15.9638
      vertex 2.23352 -1.49239 15.9638
      vertex 2.61384 -1.39713 15.6862
    endloop
  endfacet
  facet normal 0.666223 -0.238363 0.706633
    outer loop
      vertex 2.83618 -0.860347 15.6862
      vertex 2.57057 -0.779773 15.9638
      vertex 2.7382 -1.1342 15.6862
    endloop
  endfacet
  facet normal 0.302533 -0.639636 0.70664
    outer loop
      vertex 1.39713 -2.61384 15.6862
      vertex 1.02798 -2.48176 15.9638
      vertex 1.1342 -2.7382 15.6862
    endloop
  endfacet
  facet normal 0.397581 -0.663321 0.633983
    outer loop
      vertex 1.78495 -2.67137 15.3828
      vertex 1.39713 -2.61384 15.6862
      vertex 1.51452 -2.83346 15.3828
    endloop
  endfacet
  facet normal 0.460677 -0.62116 0.633985
    outer loop
      vertex 1.88022 -2.29105 15.6862
      vertex 1.78495 -2.67137 15.3828
      vertex 2.0382 -2.48355 15.3828
    endloop
  endfacet
  facet normal 0.495493 -0.668105 0.555088
    outer loop
      vertex 2.0382 -2.48355 15.3828
      vertex 1.78495 -2.67137 15.3828
      vertex 2.17655 -2.65213 15.0564
    endloop
  endfacet
  facet normal 0.653597 -0.592418 0.471011
    outer loop
      vertex 2.48617 -2.4045 15
      vertex 2.42602 -2.42602 15.0564
      vertex 2.44734 -2.44734 15
    endloop
  endfacet
  facet normal 0.544493 -0.326364 0.772667
    outer loop
      vertex 2.10144 -1.12324 16.2128
      vertex 1.98122 -1.32381 16.2128
      vertex 2.23352 -1.49239 15.9638
    endloop
  endfacet
  facet normal 0.519367 -0.573011 0.633968
    outer loop
      vertex 2.09573 -2.09573 15.6862
      vertex 2.0382 -2.48355 15.3828
      vertex 2.27181 -2.27181 15.3828
    endloop
  endfacet
  facet normal 0.573859 -0.271421 0.772668
    outer loop
      vertex 2.48176 -1.02798 15.9638
      vertex 2.10144 -1.12324 16.2128
      vertex 2.36905 -1.26628 15.9638
    endloop
  endfacet
  facet normal 0.830596 -0.297154 0.470966
    outer loop
      vertex 3.31203 -1.00469 15
      vertex 3.28318 -0.995941 15.0564
      vertex 3.29255 -1.05914 15
    endloop
  endfacet
  facet normal 0.615776 -0.15425 0.772675
    outer loop
      vertex 2.33701 -0.46486 16.2128
      vertex 2.28019 -0.691689 16.2128
      vertex 2.57057 -0.779773 15.9638
    endloop
  endfacet
  facet normal 0.597709 -0.213844 0.772667
    outer loop
      vertex 2.28019 -0.691689 16.2128
      vertex 2.20142 -0.911857 16.2128
      vertex 2.48176 -1.02798 15.9638
    endloop
  endfacet
  facet normal 0.555395 -0.0272995 0.831138
    outer loop
      vertex 2.3828 0 16.2128
      vertex 2.04651 -0.201563 16.4309
      vertex 2.37132 -0.233555 16.2128
    endloop
  endfacet
  facet normal 0.426633 -0.201798 0.881625
    outer loop
      vertex 1.89988 -0.786954 16.4309
      vertex 1.58004 -0.654472 16.616
      vertex 1.81359 -0.969385 16.4309
    endloop
  endfacet
  facet normal 0.555387 0.0272785 0.831145
    outer loop
      vertex 2.3828 0 16.2128
      vertex 2.04651 0.201563 16.4309
      vertex 2.05641 0 16.4309
    endloop
  endfacet
  facet normal 0.290141 -0.0142562 0.956878
    outer loop
      vertex 1.34756 0 16.7662
      vertex 0.96724 -0.0952644 16.8801
      vertex 1.34107 -0.132084 16.7662
    endloop
  endfacet
  facet normal 0.0835316 -0.176604 0.980731
    outer loop
      vertex 0.276672 -0.517618 16.9567
      vertex 0.224605 -0.542245 16.9567
      vertex 0.458159 -0.857157 16.8801
    endloop
  endfacet
  facet normal 0.018798 -0.382575 0.923733
    outer loop
      vertex 0 -1.34756 16.7662
      vertex 0 -1.71022 16.616
      vertex 0.132084 -1.34107 16.7662
    endloop
  endfacet
  facet normal 0.183943 0.0658164 0.980731
    outer loop
      vertex 0.897937 0.371938 16.8801
      vertex 0.542245 0.224605 16.9567
      vertex 0.93007 0.282133 16.8801
    endloop
  endfacet
  facet normal 0.195128 0.0095889 0.980731
    outer loop
      vertex 0.96724 0.0952644 16.8801
      vertex 0.584095 0.0575275 16.9567
      vertex 0.586922 0 16.9567
    endloop
  endfacet
  facet normal 0.201798 0.426633 0.881625
    outer loop
      vertex 0.786954 1.89988 16.4309
      vertex 0.654472 1.58004 16.616
      vertex 0.969385 1.81359 16.4309
    endloop
  endfacet
  facet normal 0.156918 -0.116377 0.980731
    outer loop
      vertex 0.808122 -0.539969 16.8801
      vertex 0.488008 -0.326076 16.9567
      vertex 0.751305 -0.616579 16.8801
    endloop
  endfacet
  facet normal -0.0561895 -0.378896 0.923732
    outer loop
      vertex -0.132084 -1.34107 16.7662
      vertex -0.333647 -1.67736 16.616
      vertex -0.16763 -1.70198 16.616
    endloop
  endfacet
  facet normal 0.202109 0.806866 0.555085
    outer loop
      vertex 0.995941 3.28318 15.0564
      vertex 0.669337 3.36499 15.0564
      vertex 0.932635 3.07449 15.3828
    endloop
  endfacet
  facet normal -0.0311608 0.634044 0.772668
    outer loop
      vertex 0 2.68624 15.9638
      vertex -0.263297 2.6733 15.9638
      vertex 0 2.3828 16.2128
    endloop
  endfacet
  facet normal 0.0706002 0.281784 0.956877
    outer loop
      vertex 0.391175 1.28953 16.7662
      vertex 0.262896 1.32167 16.7662
      vertex 0.282133 0.93007 16.8801
    endloop
  endfacet
  facet normal 0.615776 0.15425 0.772675
    outer loop
      vertex 2.57057 0.779773 15.9638
      vertex 2.28019 0.691689 16.2128
      vertex 2.33701 0.46486 16.2128
    endloop
  endfacet
  facet normal -0.193249 0.0286657 0.980731
    outer loop
      vertex -0.953245 0.189611 16.8801
      vertex -0.96724 0.0952644 16.8801
      vertex -0.584095 0.0575275 16.9567
    endloop
  endfacet
  facet normal -0.273514 0.0978616 0.956877
    outer loop
      vertex -1.24498 0.515688 16.7662
      vertex -1.28953 0.391175 16.7662
      vertex -0.93007 0.282133 16.8801
    endloop
  endfacet
  facet normal -0.555395 0.0272995 0.831138
    outer loop
      vertex -2.37132 0.233555 16.2128
      vertex -2.3828 0 16.2128
      vertex -2.04651 0.201563 16.4309
    endloop
  endfacet
  facet normal -0.196924 0.32853 0.923736
    outer loop
      vertex -0.635235 1.18844 16.7662
      vertex -0.950147 1.422 16.616
      vertex -0.748663 1.12045 16.7662
    endloop
  endfacet
  facet normal 0.0659503 -0.0727513 0.995167
    outer loop
      vertex 0.138783 -0.138783 16.9952
      vertex 0.124513 -0.151719 16.9952
      vertex 0.415016 -0.415016 16.9567
    endloop
  endfacet
  facet normal -0.0330803 0.0924557 0.995167
    outer loop
      vertex -0.0569735 0.187819 16.9952
      vertex -0.170374 0.561648 16.9567
      vertex -0.0751095 0.18133 16.9952
    endloop
  endfacet
  facet normal -0.568339 0.42149 0.706638
    outer loop
      vertex -2.07649 1.70413 15.9638
      vertex -2.29105 1.88022 15.6862
      vertex -2.23352 1.49239 15.9638
    endloop
  endfacet
  facet normal 0.0311653 0.634042 0.77267
    outer loop
      vertex 0.263297 2.6733 15.9638
      vertex 0 2.3828 16.2128
      vertex 0.233555 2.37132 16.2128
    endloop
  endfacet
  facet normal -0.764972 0.113465 0.63399
    outer loop
      vertex -3.1511 0.626792 15.3828
      vertex -3.19736 0.314912 15.3828
      vertex -2.94953 0.290504 15.6862
    endloop
  endfacet
  facet normal -0.772409 0.0379445 0.633991
    outer loop
      vertex -3.19736 0.314912 15.3828
      vertex -3.21283 0 15.3828
      vertex -2.9638 0 15.6862
    endloop
  endfacet
  facet normal -0.764979 0.113455 0.633983
    outer loop
      vertex -2.90686 0.578209 15.6862
      vertex -3.1511 0.626792 15.3828
      vertex -2.94953 0.290504 15.6862
    endloop
  endfacet
  facet normal -0.627938 0.0931452 0.772669
    outer loop
      vertex -2.63462 0.524058 15.9638
      vertex -2.6733 0.263297 15.9638
      vertex -2.33701 0.46486 16.2128
    endloop
  endfacet
  facet normal 0.034733 0.706731 0.706629
    outer loop
      vertex 0 2.9638 15.6862
      vertex 0 2.68624 15.9638
      vertex 0.263297 2.6733 15.9638
    endloop
  endfacet
  facet normal -0.122042 0.822793 0.555084
    outer loop
      vertex -0.336287 3.41439 15.0564
      vertex -0.669337 3.36499 15.0564
      vertex -0.626792 3.1511 15.3828
    endloop
  endfacet
  facet normal 0.0379445 0.772409 0.633991
    outer loop
      vertex 0 3.21283 15.3828
      vertex 0 2.9638 15.6862
      vertex 0.314912 3.19736 15.3828
    endloop
  endfacet
  facet normal 0.446638 0.331238 0.831141
    outer loop
      vertex 1.98122 1.32381 16.2128
      vertex 1.58963 1.30457 16.4309
      vertex 1.70984 1.14248 16.4309
    endloop
  endfacet
  facet normal 0.470347 0.426314 0.772677
    outer loop
      vertex 1.89946 1.89946 15.9638
      vertex 1.68489 1.68489 16.2128
      vertex 1.84193 1.51163 16.2128
    endloop
  endfacet
  facet normal 0.62116 0.460677 0.633985
    outer loop
      vertex 2.48355 2.0382 15.3828
      vertex 2.29105 1.88022 15.6862
      vertex 2.67137 1.78495 15.3828
    endloop
  endfacet
  facet normal 0.0727582 0.0659439 0.995167
    outer loop
      vertex 0.415016 0.415016 16.9567
      vertex 0.151719 0.124513 16.9952
      vertex 0.453696 0.372339 16.9567
    endloop
  endfacet
  facet normal 0.502672 0.237754 0.83114
    outer loop
      vertex 2.10144 1.12324 16.2128
      vertex 1.89988 0.786954 16.4309
      vertex 2.20142 0.911857 16.2128
    endloop
  endfacet
  facet normal 0.597709 0.213844 0.772667
    outer loop
      vertex 2.48176 1.02798 15.9638
      vertex 2.20142 0.911857 16.2128
      vertex 2.28019 0.691689 16.2128
    endloop
  endfacet
  facet normal 0.460673 0.621161 0.633987
    outer loop
      vertex 1.78495 2.67137 15.3828
      vertex 1.6466 2.46431 15.6862
      vertex 1.88022 2.29105 15.6862
    endloop
  endfacet
  facet normal 0.326366 0.54449 0.772668
    outer loop
      vertex 1.26628 2.36905 15.9638
      vertex 1.12324 2.10144 16.2128
      vertex 1.49239 2.23352 15.9638
    endloop
  endfacet
  facet normal 0.20211 0.806866 0.555084
    outer loop
      vertex 0.669337 3.36499 15.0564
      vertex 0.626792 3.1511 15.3828
      vertex 0.932635 3.07449 15.3828
    endloop
  endfacet
  facet normal 0.260532 0.728138 0.633986
    outer loop
      vertex 1.2295 2.96827 15.3828
      vertex 0.932635 3.07449 15.3828
      vertex 1.1342 2.7382 15.6862
    endloop
  endfacet
  facet normal 0.0408124 0.830793 0.555084
    outer loop
      vertex 0 3.43091 15.0564
      vertex 0 3.21283 15.3828
      vertex 0.336287 3.41439 15.0564
    endloop
  endfacet
  facet normal 0.355651 0.75193 0.55508
    outer loop
      vertex 1.31295 3.16975 15.0564
      vertex 1.2295 2.96827 15.3828
      vertex 1.51452 2.83346 15.3828
    endloop
  endfacet
  facet normal 0.397581 0.663321 0.633983
    outer loop
      vertex 1.51452 2.83346 15.3828
      vertex 1.39713 2.61384 15.6862
      vertex 1.78495 2.67137 15.3828
    endloop
  endfacet
  facet normal 0.519367 0.573011 0.633968
    outer loop
      vertex 2.27181 2.27181 15.3828
      vertex 2.0382 2.48355 15.3828
      vertex 2.09573 2.09573 15.6862
    endloop
  endfacet
  facet normal 0.616303 0.558606 0.555094
    outer loop
      vertex 2.42602 2.42602 15.0564
      vertex 2.27181 2.27181 15.3828
      vertex 2.48355 2.0382 15.3828
    endloop
  endfacet
  facet normal 0.708583 0.525374 0.471054
    outer loop
      vertex 2.67544 2.19568 15
      vertex 2.65213 2.17655 15.0564
      vertex 2.70988 2.14923 15
    endloop
  endfacet
  facet normal -0.666223 -0.238363 0.706633
    outer loop
      vertex -2.57057 -0.779773 15.9638
      vertex -2.83618 -0.860347 15.6862
      vertex -2.7382 -1.1342 15.6862
    endloop
  endfacet
  facet normal -0.75017 -0.187909 0.633984
    outer loop
      vertex -2.90686 -0.578209 15.6862
      vertex -3.1511 -0.626792 15.3828
      vertex -3.07449 -0.932635 15.3828
    endloop
  endfacet
  facet normal -0.830793 -0.0408126 0.555084
    outer loop
      vertex -3.21283 0 15.3828
      vertex -3.41439 -0.336287 15.0564
      vertex -3.19736 -0.314912 15.3828
    endloop
  endfacet
  facet normal -0.822793 -0.122042 0.555084
    outer loop
      vertex -3.19736 -0.314912 15.3828
      vertex -3.41439 -0.336287 15.0564
      vertex -3.1511 -0.626792 15.3828
    endloop
  endfacet
  facet normal -0.568339 -0.42149 0.706638
    outer loop
      vertex -2.23352 -1.49239 15.9638
      vertex -2.29105 -1.88022 15.6862
      vertex -2.07649 -1.70413 15.9638
    endloop
  endfacet
  facet normal -0.627938 -0.0931452 0.772669
    outer loop
      vertex -2.33701 -0.46486 16.2128
      vertex -2.6733 -0.263297 15.9638
      vertex -2.63462 -0.524058 15.9638
    endloop
  endfacet
  facet normal -0.830793 0.0408124 0.555084
    outer loop
      vertex -3.41439 0.336287 15.0564
      vertex -3.43091 0 15.0564
      vertex -3.21283 0 15.3828
    endloop
  endfacet
  facet normal -0.830793 0.0408126 0.555084
    outer loop
      vertex -3.19736 0.314912 15.3828
      vertex -3.41439 0.336287 15.0564
      vertex -3.21283 0 15.3828
    endloop
  endfacet
  facet normal -0.855709 0.214362 0.470969
    outer loop
      vertex -3.31203 1.00469 15
      vertex -3.32608 0.948604 15
      vertex -3.28318 0.995941 15.0564
    endloop
  endfacet
  facet normal -0.280228 -0.783169 0.555085
    outer loop
      vertex -0.932635 -3.07449 15.3828
      vertex -1.31295 -3.16975 15.0564
      vertex -0.995941 -3.28318 15.0564
    endloop
  endfacet
  facet normal -0.371552 -0.0930689 0.923735
    outer loop
      vertex -1.28953 -0.391175 16.7662
      vertex -1.67736 -0.333647 16.616
      vertex -1.63658 -0.49645 16.616
    endloop
  endfacet
  facet normal -0.183944 -0.0658122 0.980731
    outer loop
      vertex -0.561648 -0.170374 16.9567
      vertex -0.93007 -0.282133 16.8801
      vertex -0.542245 -0.224605 16.9567
    endloop
  endfacet
  facet normal -0.271421 -0.573859 0.772668
    outer loop
      vertex -1.12324 -2.10144 16.2128
      vertex -1.26628 -2.36905 15.9638
      vertex -1.02798 -2.48176 15.9638
    endloop
  endfacet
  facet normal 0.129037 -0.360642 0.923735
    outer loop
      vertex 0.654472 -1.58004 16.616
      vertex 0.391175 -1.28953 16.7662
      vertex 0.49645 -1.63658 16.616
    endloop
  endfacet
  facet normal -0.00481967 -0.098077 0.995167
    outer loop
      vertex -0.0192375 -0.195325 16.9952
      vertex -0.0575275 -0.584095 16.9567
      vertex 0 -0.586922 16.9567
    endloop
  endfacet
  facet normal 0.0330793 -0.0924559 0.995167
    outer loop
      vertex 0.224605 -0.542245 16.9567
      vertex 0.0751095 -0.18133 16.9952
      vertex 0.170374 -0.561648 16.9567
    endloop
  endfacet
  facet normal -0.0474683 0.189509 0.980731
    outer loop
      vertex -0.189611 0.953245 16.8801
      vertex -0.282133 0.93007 16.8801
      vertex -0.114502 0.575644 16.9567
    endloop
  endfacet
  facet normal -0.0659503 -0.0727513 0.995167
    outer loop
      vertex -0.138783 -0.138783 16.9952
      vertex -0.415016 -0.415016 16.9567
      vertex -0.124513 -0.151719 16.9952
    endloop
  endfacet
  facet normal 0.124199 -0.262604 0.956877
    outer loop
      vertex 0.635235 -1.18844 16.7662
      vertex 0.371938 -0.897937 16.8801
      vertex 0.515688 -1.24498 16.7662
    endloop
  endfacet
  facet normal 0.0930689 -0.371552 0.923735
    outer loop
      vertex 0.391175 -1.28953 16.7662
      vertex 0.333647 -1.67736 16.616
      vertex 0.49645 -1.63658 16.616
    endloop
  endfacet
  facet normal 0.360643 -0.129036 0.923735
    outer loop
      vertex 1.28953 -0.391175 16.7662
      vertex 1.24498 -0.515688 16.7662
      vertex 1.58004 -0.654472 16.616
    endloop
  endfacet
  facet normal -0.0980769 0.00481781 0.995167
    outer loop
      vertex -0.195325 0.0192375 16.9952
      vertex -0.586922 0 16.9567
      vertex -0.19627 0 16.9952
    endloop
  endfacet
  facet normal 0.193249 -0.0286657 0.980731
    outer loop
      vertex 0.96724 -0.0952644 16.8801
      vertex 0.584095 -0.0575275 16.9567
      vertex 0.953245 -0.189611 16.8801
    endloop
  endfacet
  facet normal -0.555387 -0.0272785 0.831145
    outer loop
      vertex -2.05641 0 16.4309
      vertex -2.3828 0 16.2128
      vertex -2.04651 -0.201563 16.4309
    endloop
  endfacet
  facet normal -0.666211 -0.238374 0.70664
    outer loop
      vertex -2.57057 -0.779773 15.9638
      vertex -2.7382 -1.1342 15.6862
      vertex -2.48176 -1.02798 15.9638
    endloop
  endfacet
  facet normal -0.555387 0.0272785 0.831145
    outer loop
      vertex -2.04651 0.201563 16.4309
      vertex -2.3828 0 16.2128
      vertex -2.05641 0 16.4309
    endloop
  endfacet
  facet normal -0.158983 -0.444372 0.881622
    outer loop
      vertex -0.49645 -1.63658 16.616
      vertex -0.786954 -1.89988 16.4309
      vertex -0.596944 -1.96786 16.4309
    endloop
  endfacet
  facet normal -0.446638 0.331238 0.831141
    outer loop
      vertex -1.58963 1.30457 16.4309
      vertex -1.98122 1.32381 16.2128
      vertex -1.70984 1.14248 16.4309
    endloop
  endfacet
  facet normal -0.634044 -0.0311608 0.772668
    outer loop
      vertex -2.3828 0 16.2128
      vertex -2.68624 0 15.9638
      vertex -2.6733 -0.263297 15.9638
    endloop
  endfacet
  facet normal 0.187926 -0.750155 0.633996
    outer loop
      vertex 0.860347 -2.83618 15.6862
      vertex 0.578209 -2.90686 15.6862
      vertex 0.932635 -3.07449 15.3828
    endloop
  endfacet
  facet normal -0.0311653 -0.634042 0.77267
    outer loop
      vertex -0.233555 -2.37132 16.2128
      vertex -0.263297 -2.6733 15.9638
      vertex 0 -2.3828 16.2128
    endloop
  endfacet
  facet normal 0.42149 -0.568339 0.706638
    outer loop
      vertex 1.70413 -2.07649 15.9638
      vertex 1.49239 -2.23352 15.9638
      vertex 1.88022 -2.29105 15.6862
    endloop
  endfacet
  facet normal 0.378146 -0.509894 0.772666
    outer loop
      vertex 1.51163 -1.84193 16.2128
      vertex 1.49239 -2.23352 15.9638
      vertex 1.70413 -2.07649 15.9638
    endloop
  endfacet
  facet normal 0.187316 -0.523563 0.83114
    outer loop
      vertex 0.786954 -1.89988 16.4309
      vertex 0.691689 -2.28019 16.2128
      vertex 0.911857 -2.20142 16.2128
    endloop
  endfacet
  facet normal 0.149342 -0.249163 0.956878
    outer loop
      vertex 0.539969 -0.808122 16.8801
      vertex 0.458159 -0.857157 16.8801
      vertex 0.635235 -1.18844 16.7662
    endloop
  endfacet
  facet normal 0.233334 -0.173036 0.956877
    outer loop
      vertex 1.12045 -0.748663 16.7662
      vertex 0.808122 -0.539969 16.8801
      vertex 1.04168 -0.854882 16.7662
    endloop
  endfacet
  facet normal 0.446638 -0.331238 0.831141
    outer loop
      vertex 1.70984 -1.14248 16.4309
      vertex 1.58963 -1.30457 16.4309
      vertex 1.98122 -1.32381 16.2128
    endloop
  endfacet
  facet normal 0.285873 -0.476947 0.831143
    outer loop
      vertex 1.14248 -1.70984 16.4309
      vertex 0.969385 -1.81359 16.4309
      vertex 1.12324 -2.10144 16.2128
    endloop
  endfacet
  facet normal 0.331234 -0.446639 0.831143
    outer loop
      vertex 1.51163 -1.84193 16.2128
      vertex 1.30457 -1.58963 16.4309
      vertex 1.32381 -1.98122 16.2128
    endloop
  endfacet
  facet normal -0.708487 -0.525481 0.471079
    outer loop
      vertex -2.70988 -2.14923 15
      vertex -2.8527 -1.90611 15.0564
      vertex -2.87777 -1.92287 15
    endloop
  endfacet
  facet normal -0.708553 -0.525494 0.470966
    outer loop
      vertex -2.8527 -1.90611 15.0564
      vertex -2.70988 -2.14923 15
      vertex -2.65213 -2.17655 15.0564
    endloop
  endfacet
  facet normal -0.653597 -0.592418 0.471011
    outer loop
      vertex -2.42602 -2.42602 15.0564
      vertex -2.48617 -2.4045 15
      vertex -2.44734 -2.44734 15
    endloop
  endfacet
  facet normal -0.668105 -0.495493 0.555088
    outer loop
      vertex -2.48355 -2.0382 15.3828
      vertex -2.67137 -1.78495 15.3828
      vertex -2.65213 -2.17655 15.0564
    endloop
  endfacet
  facet normal -0.57302 -0.519337 0.633985
    outer loop
      vertex -2.29105 -1.88022 15.6862
      vertex -2.48355 -2.0382 15.3828
      vertex -2.09573 -2.09573 15.6862
    endloop
  endfacet
  facet normal -0.129422 -0.872552 0.471066
    outer loop
      vertex -0.618023 -3.40305 15
      vertex -0.336287 -3.41439 15.0564
      vertex -0.669337 -3.36499 15.0564
    endloop
  endfacet
  facet normal -0.129421 -0.872554 0.471062
    outer loop
      vertex -0.336287 -3.41439 15.0564
      vertex -0.618023 -3.40305 15
      vertex -0.339243 -3.4444 15
    endloop
  endfacet
  facet normal -0.0408126 -0.830793 0.555084
    outer loop
      vertex -0.314912 -3.19736 15.3828
      vertex -0.336287 -3.41439 15.0564
      vertex 0 -3.21283 15.3828
    endloop
  endfacet
  facet normal 0.214362 -0.855709 0.470969
    outer loop
      vertex 0.995941 -3.28318 15.0564
      vertex 0.948604 -3.32608 15
      vertex 1.00469 -3.31203 15
    endloop
  endfacet
  facet normal 0.213859 -0.597694 0.772675
    outer loop
      vertex 1.02798 -2.48176 15.9638
      vertex 0.691689 -2.28019 16.2128
      vertex 0.779773 -2.57057 15.9638
    endloop
  endfacet
  facet normal -0.037942 -0.77241 0.63399
    outer loop
      vertex -0.290504 -2.94953 15.6862
      vertex -0.314912 -3.19736 15.3828
      vertex 0 -2.9638 15.6862
    endloop
  endfacet
  facet normal -0.0815889 -0.550048 0.831138
    outer loop
      vertex -0.401185 -2.0169 16.4309
      vertex -0.46486 -2.33701 16.2128
      vertex -0.201563 -2.04651 16.4309
    endloop
  endfacet
  facet normal 0.034733 -0.706731 0.706629
    outer loop
      vertex 0 -2.68624 15.9638
      vertex 0 -2.9638 15.6862
      vertex 0.263297 -2.6733 15.9638
    endloop
  endfacet
  facet normal 0.326364 -0.544493 0.772667
    outer loop
      vertex 1.32381 -1.98122 16.2128
      vertex 1.12324 -2.10144 16.2128
      vertex 1.49239 -2.23352 15.9638
    endloop
  endfacet
  facet normal 0.213844 -0.597709 0.772667
    outer loop
      vertex 0.911857 -2.20142 16.2128
      vertex 0.691689 -2.28019 16.2128
      vertex 1.02798 -2.48176 15.9638
    endloop
  endfacet
  facet normal -0.495494 -0.668103 0.555089
    outer loop
      vertex -1.78495 -2.67137 15.3828
      vertex -2.17655 -2.65213 15.0564
      vertex -1.90611 -2.8527 15.0564
    endloop
  endfacet
  facet normal -0.397585 -0.663315 0.633987
    outer loop
      vertex -1.6466 -2.46431 15.6862
      vertex -1.78495 -2.67137 15.3828
      vertex -1.39713 -2.61384 15.6862
    endloop
  endfacet
  facet normal -0.378146 -0.509894 0.772666
    outer loop
      vertex -1.51163 -1.84193 16.2128
      vertex -1.70413 -2.07649 15.9638
      vertex -1.49239 -2.23352 15.9638
    endloop
  endfacet
  facet normal -0.331234 -0.446639 0.831143
    outer loop
      vertex -1.30457 -1.58963 16.4309
      vertex -1.51163 -1.84193 16.2128
      vertex -1.32381 -1.98122 16.2128
    endloop
  endfacet
  facet normal -0.616303 -0.558606 0.555094
    outer loop
      vertex -2.27181 -2.27181 15.3828
      vertex -2.48355 -2.0382 15.3828
      vertex -2.42602 -2.42602 15.0564
    endloop
  endfacet
  facet normal -0.12952 -0.872576 0.470994
    outer loop
      vertex -0.669337 -3.36499 15.0564
      vertex -0.67522 -3.39456 15
      vertex -0.618023 -3.40305 15
    endloop
  endfacet
  facet normal -0.20211 -0.806866 0.555084
    outer loop
      vertex -0.626792 -3.1511 15.3828
      vertex -0.932635 -3.07449 15.3828
      vertex -0.669337 -3.36499 15.0564
    endloop
  endfacet
  facet normal 0.297187 -0.830566 0.470999
    outer loop
      vertex 1.05914 -3.29255 15
      vertex 1.31295 -3.16975 15.0564
      vertex 0.995941 -3.28318 15.0564
    endloop
  endfacet
  facet normal 0.29716 -0.830539 0.471064
    outer loop
      vertex 1.31295 -3.16975 15.0564
      vertex 1.05914 -3.29255 15
      vertex 1.32449 -3.19761 15
    endloop
  endfacet
  facet normal 0.453522 -0.756633 0.470983
    outer loop
      vertex 1.68113 -3.02266 15
      vertex 1.61732 -3.0258 15.0564
      vertex 1.63153 -3.05239 15
    endloop
  endfacet
  facet normal 0.453523 -0.756631 0.470984
    outer loop
      vertex 1.68113 -3.02266 15
      vertex 1.90611 -2.8527 15.0564
      vertex 1.61732 -3.0258 15.0564
    endloop
  endfacet
  facet normal 0.45348 -0.756603 0.47107
    outer loop
      vertex 1.90611 -2.8527 15.0564
      vertex 1.68113 -3.02266 15
      vertex 1.92287 -2.87777 15
    endloop
  endfacet
  facet normal -0.783173 0.280224 0.555081
    outer loop
      vertex -2.96827 1.2295 15.3828
      vertex -3.16975 1.31295 15.0564
      vertex -3.07449 0.932635 15.3828
    endloop
  endfacet
  facet normal -0.187926 0.750155 0.633996
    outer loop
      vertex -0.578209 2.90686 15.6862
      vertex -0.932635 3.07449 15.3828
      vertex -0.860347 2.83618 15.6862
    endloop
  endfacet
  facet normal -0.525481 0.708487 0.471079
    outer loop
      vertex -2.14923 2.70988 15
      vertex -1.90611 2.8527 15.0564
      vertex -1.92287 2.87777 15
    endloop
  endfacet
  facet normal -0.525494 0.708553 0.470966
    outer loop
      vertex -1.90611 2.8527 15.0564
      vertex -2.14923 2.70988 15
      vertex -2.17655 2.65213 15.0564
    endloop
  endfacet
  facet normal 0.214362 0.855709 0.470969
    outer loop
      vertex 1.00469 3.31203 15
      vertex 0.948604 3.32608 15
      vertex 0.995941 3.28318 15.0564
    endloop
  endfacet
  facet normal 0.706723 0.0347153 0.706638
    outer loop
      vertex 2.94953 0.290504 15.6862
      vertex 2.6733 0.263297 15.9638
      vertex 2.9638 0 15.6862
    endloop
  endfacet
  facet normal 0.830793 0.0408126 0.555084
    outer loop
      vertex 3.41439 0.336287 15.0564
      vertex 3.19736 0.314912 15.3828
      vertex 3.21283 0 15.3828
    endloop
  endfacet
  facet normal 0.872552 0.129422 0.471066
    outer loop
      vertex 3.41439 0.336287 15.0564
      vertex 3.40305 0.618023 15
      vertex 3.36499 0.669337 15.0564
    endloop
  endfacet
  facet normal 0.872554 0.129421 0.471062
    outer loop
      vertex 3.40305 0.618023 15
      vertex 3.41439 0.336287 15.0564
      vertex 3.4444 0.339243 15
    endloop
  endfacet
  facet normal 0.75193 0.355651 0.55508
    outer loop
      vertex 3.16975 1.31295 15.0564
      vertex 2.83346 1.51452 15.3828
      vertex 2.96827 1.2295 15.3828
    endloop
  endfacet
  facet normal 0.69909 0.330659 0.633986
    outer loop
      vertex 2.83346 1.51452 15.3828
      vertex 2.7382 1.1342 15.6862
      vertex 2.96827 1.2295 15.3828
    endloop
  endfacet
  facet normal 0.555395 0.0272995 0.831138
    outer loop
      vertex 2.37132 0.233555 16.2128
      vertex 2.04651 0.201563 16.4309
      vertex 2.3828 0 16.2128
    endloop
  endfacet
  facet normal 0.634042 0.0311653 0.77267
    outer loop
      vertex 2.6733 0.263297 15.9638
      vertex 2.37132 0.233555 16.2128
      vertex 2.3828 0 16.2128
    endloop
  endfacet
  facet normal 0.706731 -0.034733 0.706629
    outer loop
      vertex 2.68624 0 15.9638
      vertex 2.6733 -0.263297 15.9638
      vertex 2.9638 0 15.6862
    endloop
  endfacet
  facet normal 0.706731 0.034733 0.706629
    outer loop
      vertex 2.9638 0 15.6862
      vertex 2.6733 0.263297 15.9638
      vertex 2.68624 0 15.9638
    endloop
  endfacet
  facet normal 0.830793 0.0408124 0.555084
    outer loop
      vertex 3.41439 0.336287 15.0564
      vertex 3.21283 0 15.3828
      vertex 3.43091 0 15.0564
    endloop
  endfacet
  facet normal 0.772409 -0.0379445 0.633991
    outer loop
      vertex 3.21283 0 15.3828
      vertex 2.9638 0 15.6862
      vertex 3.19736 -0.314912 15.3828
    endloop
  endfacet
  facet normal 0.397585 -0.663315 0.633987
    outer loop
      vertex 1.6466 -2.46431 15.6862
      vertex 1.39713 -2.61384 15.6862
      vertex 1.78495 -2.67137 15.3828
    endloop
  endfacet
  facet normal 0.460673 -0.621161 0.633987
    outer loop
      vertex 1.88022 -2.29105 15.6862
      vertex 1.6466 -2.46431 15.6862
      vertex 1.78495 -2.67137 15.3828
    endloop
  endfacet
  facet normal 0.0931452 -0.627938 0.772669
    outer loop
      vertex 0.46486 -2.33701 16.2128
      vertex 0.263297 -2.6733 15.9638
      vertex 0.524058 -2.63462 15.9638
    endloop
  endfacet
  facet normal 0.260515 -0.728136 0.633995
    outer loop
      vertex 1.1342 -2.7382 15.6862
      vertex 0.860347 -2.83618 15.6862
      vertex 0.932635 -3.07449 15.3828
    endloop
  endfacet
  facet normal 0.558606 -0.616303 0.555094
    outer loop
      vertex 2.27181 -2.27181 15.3828
      vertex 2.0382 -2.48355 15.3828
      vertex 2.42602 -2.42602 15.0564
    endloop
  endfacet
  facet normal 0.756631 -0.453523 0.470984
    outer loop
      vertex 2.8527 -1.90611 15.0564
      vertex 3.02266 -1.68113 15
      vertex 3.0258 -1.61732 15.0564
    endloop
  endfacet
  facet normal 0.756603 -0.45348 0.47107
    outer loop
      vertex 3.02266 -1.68113 15
      vertex 2.8527 -1.90611 15.0564
      vertex 2.87777 -1.92287 15
    endloop
  endfacet
  facet normal 0.57302 -0.519337 0.633985
    outer loop
      vertex 2.29105 -1.88022 15.6862
      vertex 2.09573 -2.09573 15.6862
      vertex 2.48355 -2.0382 15.3828
    endloop
  endfacet
  facet normal 0.653585 -0.592395 0.471057
    outer loop
      vertex 2.65213 -2.17655 15.0564
      vertex 2.48617 -2.4045 15
      vertex 2.67544 -2.19568 15
    endloop
  endfacet
  facet normal 0.653603 -0.592401 0.471024
    outer loop
      vertex 2.48617 -2.4045 15
      vertex 2.65213 -2.17655 15.0564
      vertex 2.42602 -2.42602 15.0564
    endloop
  endfacet
  facet normal 0.592418 -0.653597 0.471011
    outer loop
      vertex 2.42602 -2.42602 15.0564
      vertex 2.4045 -2.48617 15
      vertex 2.44734 -2.44734 15
    endloop
  endfacet
  facet normal 0.708487 -0.525481 0.471079
    outer loop
      vertex 2.8527 -1.90611 15.0564
      vertex 2.70988 -2.14923 15
      vertex 2.87777 -1.92287 15
    endloop
  endfacet
  facet normal 0.708553 -0.525494 0.470966
    outer loop
      vertex 2.70988 -2.14923 15
      vertex 2.8527 -1.90611 15.0564
      vertex 2.65213 -2.17655 15.0564
    endloop
  endfacet
  facet normal 0.470372 -0.426304 0.772667
    outer loop
      vertex 2.07649 -1.70413 15.9638
      vertex 1.84193 -1.51163 16.2128
      vertex 1.89946 -1.89946 15.9638
    endloop
  endfacet
  facet normal 0.68637 -0.171947 0.706633
    outer loop
      vertex 2.90686 -0.578209 15.6862
      vertex 2.57057 -0.779773 15.9638
      vertex 2.83618 -0.860347 15.6862
    endloop
  endfacet
  facet normal 0.54449 -0.326366 0.772668
    outer loop
      vertex 2.36905 -1.26628 15.9638
      vertex 2.10144 -1.12324 16.2128
      vertex 2.23352 -1.49239 15.9638
    endloop
  endfacet
  facet normal 0.783169 -0.280228 0.555085
    outer loop
      vertex 3.28318 -0.995941 15.0564
      vertex 3.07449 -0.932635 15.3828
      vertex 3.16975 -1.31295 15.0564
    endloop
  endfacet
  facet normal 0.830566 -0.297187 0.470999
    outer loop
      vertex 3.16975 -1.31295 15.0564
      vertex 3.29255 -1.05914 15
      vertex 3.28318 -0.995941 15.0564
    endloop
  endfacet
  facet normal 0.830539 -0.29716 0.471064
    outer loop
      vertex 3.29255 -1.05914 15
      vertex 3.16975 -1.31295 15.0564
      vertex 3.19761 -1.32449 15
    endloop
  endfacet
  facet normal 0.713444 -0.427637 0.55509
    outer loop
      vertex 3.0258 -1.61732 15.0564
      vertex 2.67137 -1.78495 15.3828
      vertex 2.8527 -1.90611 15.0564
    endloop
  endfacet
  facet normal 0.750155 -0.187926 0.633996
    outer loop
      vertex 2.90686 -0.578209 15.6862
      vertex 2.83618 -0.860347 15.6862
      vertex 3.07449 -0.932635 15.3828
    endloop
  endfacet
  facet normal 0.444363 -0.158992 0.881625
    outer loop
      vertex 1.63658 -0.49645 16.616
      vertex 1.58004 -0.654472 16.616
      vertex 1.89988 -0.786954 16.4309
    endloop
  endfacet
  facet normal 0.0924557 0.0330803 0.995167
    outer loop
      vertex 0.561648 0.170374 16.9567
      vertex 0.18133 0.0751095 16.9952
      vertex 0.187819 0.0569735 16.9952
    endloop
  endfacet
  facet normal 0.523563 -0.187316 0.83114
    outer loop
      vertex 1.96786 -0.596944 16.4309
      vertex 1.89988 -0.786954 16.4309
      vertex 2.28019 -0.691689 16.2128
    endloop
  endfacet
  facet normal 0.539397 -0.135117 0.83114
    outer loop
      vertex 2.33701 -0.46486 16.2128
      vertex 1.96786 -0.596944 16.4309
      vertex 2.28019 -0.691689 16.2128
    endloop
  endfacet
  facet normal 0.471384 0.0231526 0.881624
    outer loop
      vertex 2.04651 0.201563 16.4309
      vertex 1.71022 0 16.616
      vertex 2.05641 0 16.4309
    endloop
  endfacet
  facet normal 0.382578 0.0188059 0.923732
    outer loop
      vertex 1.70198 0.16763 16.616
      vertex 1.34107 0.132084 16.7662
      vertex 1.71022 0 16.616
    endloop
  endfacet
  facet normal 0.466839 -0.0692314 0.881628
    outer loop
      vertex 1.70198 -0.16763 16.616
      vertex 1.67736 -0.333647 16.616
      vertex 2.04651 -0.201563 16.4309
    endloop
  endfacet
  facet normal 0.555387 -0.0272785 0.831145
    outer loop
      vertex 2.05641 0 16.4309
      vertex 2.04651 -0.201563 16.4309
      vertex 2.3828 0 16.2128
    endloop
  endfacet
  facet normal 0.382575 0.018798 0.923733
    outer loop
      vertex 1.71022 0 16.616
      vertex 1.34107 0.132084 16.7662
      vertex 1.34756 0 16.7662
    endloop
  endfacet
  facet normal 0.378896 0.0561895 0.923732
    outer loop
      vertex 1.67736 0.333647 16.616
      vertex 1.34107 0.132084 16.7662
      vertex 1.70198 0.16763 16.616
    endloop
  endfacet
  facet normal 0.273512 0.0978648 0.956877
    outer loop
      vertex 1.24498 0.515688 16.7662
      vertex 0.897937 0.371938 16.8801
      vertex 0.93007 0.282133 16.8801
    endloop
  endfacet
  facet normal 0.233334 0.173036 0.956877
    outer loop
      vertex 1.04168 0.854882 16.7662
      vertex 0.808122 0.539969 16.8801
      vertex 1.12045 0.748663 16.7662
    endloop
  endfacet
  facet normal -0.0238597 0.0952527 0.995167
    outer loop
      vertex -0.03829 0.192499 16.9952
      vertex -0.170374 0.561648 16.9567
      vertex -0.0569735 0.187819 16.9952
    endloop
  endfacet
  facet normal -0.0971327 0.0144076 0.995167
    outer loop
      vertex -0.575644 0.114502 16.9567
      vertex -0.584095 0.0575275 16.9567
      vertex -0.192499 0.03829 16.9952
    endloop
  endfacet
  facet normal 0.215237 0.195085 0.956878
    outer loop
      vertex 0.952868 0.952868 16.7662
      vertex 0.687251 0.687251 16.8801
      vertex 1.04168 0.854882 16.7662
    endloop
  endfacet
  facet normal 0.283815 0.257228 0.923733
    outer loop
      vertex 1.20931 1.20931 16.616
      vertex 1.04168 0.854882 16.7662
      vertex 1.32202 1.08495 16.616
    endloop
  endfacet
  facet normal -0.0727582 0.0659439 0.995167
    outer loop
      vertex -0.415016 0.415016 16.9567
      vertex -0.453696 0.372339 16.9567
      vertex -0.151719 0.124513 16.9952
    endloop
  endfacet
  facet normal 0.0238597 -0.0952527 0.995167
    outer loop
      vertex 0.0569735 -0.187819 16.9952
      vertex 0.03829 -0.192499 16.9952
      vertex 0.170374 -0.561648 16.9567
    endloop
  endfacet
  facet normal -0.0952523 -0.0238608 0.995167
    outer loop
      vertex -0.192499 -0.03829 16.9952
      vertex -0.575644 -0.114502 16.9567
      vertex -0.561648 -0.170374 16.9567
    endloop
  endfacet
  facet normal -0.0474718 -0.189507 0.980731
    outer loop
      vertex -0.170374 -0.561648 16.9567
      vertex -0.282133 -0.93007 16.8801
      vertex -0.114502 -0.575644 16.9567
    endloop
  endfacet
  facet normal 0.0286657 0.193249 0.980731
    outer loop
      vertex 0.0952644 0.96724 16.8801
      vertex 0.0575275 0.584095 16.9567
      vertex 0.189611 0.953245 16.8801
    endloop
  endfacet
  facet normal 0.15425 0.615776 0.772675
    outer loop
      vertex 0.779773 2.57057 15.9638
      vertex 0.46486 2.33701 16.2128
      vertex 0.691689 2.28019 16.2128
    endloop
  endfacet
  facet normal -0.471384 0.0231526 0.881624
    outer loop
      vertex -2.04651 0.201563 16.4309
      vertex -2.05641 0 16.4309
      vertex -1.71022 0 16.616
    endloop
  endfacet
  facet normal -0.195128 0.00958595 0.980731
    outer loop
      vertex -0.96724 0.0952644 16.8801
      vertex -0.97192 0 16.8801
      vertex -0.586922 0 16.9567
    endloop
  endfacet
  facet normal -0.426314 0.470347 0.772677
    outer loop
      vertex -1.51163 1.84193 16.2128
      vertex -1.89946 1.89946 15.9638
      vertex -1.68489 1.68489 16.2128
    endloop
  endfacet
  facet normal -0.460677 0.62116 0.633985
    outer loop
      vertex -1.78495 2.67137 15.3828
      vertex -2.0382 2.48355 15.3828
      vertex -1.88022 2.29105 15.6862
    endloop
  endfacet
  facet normal -0.382575 0.018798 0.923733
    outer loop
      vertex -1.34107 0.132084 16.7662
      vertex -1.71022 0 16.616
      vertex -1.34756 0 16.7662
    endloop
  endfacet
  facet normal -0.457809 0.114687 0.881622
    outer loop
      vertex -1.96786 0.596944 16.4309
      vertex -2.0169 0.401185 16.4309
      vertex -1.63658 0.49645 16.616
    endloop
  endfacet
  facet normal -0.0419844 0.0887673 0.995167
    outer loop
      vertex -0.0751095 0.18133 16.9952
      vertex -0.224605 0.542245 16.9567
      vertex -0.0925207 0.173095 16.9952
    endloop
  endfacet
  facet normal -0.213859 0.597694 0.772675
    outer loop
      vertex -0.779773 2.57057 15.9638
      vertex -1.02798 2.48176 15.9638
      vertex -0.691689 2.28019 16.2128
    endloop
  endfacet
  facet normal -0.0408124 0.830793 0.555084
    outer loop
      vertex 0 3.43091 15.0564
      vertex -0.336287 3.41439 15.0564
      vertex 0 3.21283 15.3828
    endloop
  endfacet
  facet normal -0.77241 0.037942 0.63399
    outer loop
      vertex -2.94953 0.290504 15.6862
      vertex -3.19736 0.314912 15.3828
      vertex -2.9638 0 15.6862
    endloop
  endfacet
  facet normal -0.706731 -0.034733 0.706629
    outer loop
      vertex -2.68624 0 15.9638
      vertex -2.9638 0 15.6862
      vertex -2.6733 -0.263297 15.9638
    endloop
  endfacet
  facet normal 0.0408126 0.830793 0.555084
    outer loop
      vertex 0.336287 3.41439 15.0564
      vertex 0 3.21283 15.3828
      vertex 0.314912 3.19736 15.3828
    endloop
  endfacet
  facet normal 0.113465 0.764972 0.63399
    outer loop
      vertex 0.314912 3.19736 15.3828
      vertex 0.290504 2.94953 15.6862
      vertex 0.626792 3.1511 15.3828
    endloop
  endfacet
  facet normal 0.285873 0.476947 0.831143
    outer loop
      vertex 1.12324 2.10144 16.2128
      vertex 0.969385 1.81359 16.4309
      vertex 1.14248 1.70984 16.4309
    endloop
  endfacet
  facet normal 0.242637 0.404812 0.881621
    outer loop
      vertex 0.969385 1.81359 16.4309
      vertex 0.950147 1.422 16.616
      vertex 1.14248 1.70984 16.4309
    endloop
  endfacet
  facet normal 0.360642 0.129037 0.923735
    outer loop
      vertex 1.58004 0.654472 16.616
      vertex 1.28953 0.391175 16.7662
      vertex 1.63658 0.49645 16.616
    endloop
  endfacet
  facet normal 0.249163 0.149342 0.956878
    outer loop
      vertex 1.18844 0.635235 16.7662
      vertex 0.808122 0.539969 16.8801
      vertex 0.857157 0.458159 16.8801
    endloop
  endfacet
  facet normal 0.444372 0.158983 0.881622
    outer loop
      vertex 1.89988 0.786954 16.4309
      vertex 1.63658 0.49645 16.616
      vertex 1.96786 0.596944 16.4309
    endloop
  endfacet
  facet normal 0.539399 0.135126 0.831138
    outer loop
      vertex 2.33701 0.46486 16.2128
      vertex 1.96786 0.596944 16.4309
      vertex 2.0169 0.401185 16.4309
    endloop
  endfacet
  facet normal 0.573859 0.271424 0.772667
    outer loop
      vertex 2.48176 1.02798 15.9638
      vertex 2.10144 1.12324 16.2128
      vertex 2.20142 0.911857 16.2128
    endloop
  endfacet
  facet normal 0.699919 0.103806 0.706638
    outer loop
      vertex 2.90686 0.578209 15.6862
      vertex 2.6733 0.263297 15.9638
      vertex 2.94953 0.290504 15.6862
    endloop
  endfacet
  facet normal 0.639636 0.302533 0.70664
    outer loop
      vertex 2.61384 1.39713 15.6862
      vertex 2.48176 1.02798 15.9638
      vertex 2.7382 1.1342 15.6862
    endloop
  endfacet
  facet normal 0.54449 0.326366 0.772668
    outer loop
      vertex 2.23352 1.49239 15.9638
      vertex 2.10144 1.12324 16.2128
      vertex 2.36905 1.26628 15.9638
    endloop
  endfacet
  facet normal 0.568339 0.42149 0.706638
    outer loop
      vertex 2.29105 1.88022 15.6862
      vertex 2.07649 1.70413 15.9638
      vertex 2.23352 1.49239 15.9638
    endloop
  endfacet
  facet normal 0.57302 0.519337 0.633985
    outer loop
      vertex 2.48355 2.0382 15.3828
      vertex 2.09573 2.09573 15.6862
      vertex 2.29105 1.88022 15.6862
    endloop
  endfacet
  facet normal 0.378146 0.509894 0.772666
    outer loop
      vertex 1.70413 2.07649 15.9638
      vertex 1.49239 2.23352 15.9638
      vertex 1.51163 1.84193 16.2128
    endloop
  endfacet
  facet normal 0.331234 0.446639 0.831143
    outer loop
      vertex 1.32381 1.98122 16.2128
      vertex 1.30457 1.58963 16.4309
      vertex 1.51163 1.84193 16.2128
    endloop
  endfacet
  facet normal 0.363771 0.606901 0.706642
    outer loop
      vertex 1.6466 2.46431 15.6862
      vertex 1.39713 2.61384 15.6862
      vertex 1.49239 2.23352 15.9638
    endloop
  endfacet
  facet normal 0.421493 0.568332 0.706642
    outer loop
      vertex 1.6466 2.46431 15.6862
      vertex 1.49239 2.23352 15.9638
      vertex 1.88022 2.29105 15.6862
    endloop
  endfacet
  facet normal 0.187926 0.750155 0.633996
    outer loop
      vertex 0.932635 3.07449 15.3828
      vertex 0.578209 2.90686 15.6862
      vertex 0.860347 2.83618 15.6862
    endloop
  endfacet
  facet normal 0.302532 0.639637 0.706639
    outer loop
      vertex 1.39713 2.61384 15.6862
      vertex 1.02798 2.48176 15.9638
      vertex 1.26628 2.36905 15.9638
    endloop
  endfacet
  facet normal 0.238363 0.666223 0.706633
    outer loop
      vertex 0.860347 2.83618 15.6862
      vertex 0.779773 2.57057 15.9638
      vertex 1.1342 2.7382 15.6862
    endloop
  endfacet
  facet normal 0.271421 0.573859 0.772668
    outer loop
      vertex 1.26628 2.36905 15.9638
      vertex 1.02798 2.48176 15.9638
      vertex 1.12324 2.10144 16.2128
    endloop
  endfacet
  facet normal 0.103821 0.699908 0.706647
    outer loop
      vertex 0.578209 2.90686 15.6862
      vertex 0.263297 2.6733 15.9638
      vertex 0.524058 2.63462 15.9638
    endloop
  endfacet
  facet normal 0.037942 0.77241 0.63399
    outer loop
      vertex 0.314912 3.19736 15.3828
      vertex 0 2.9638 15.6862
      vertex 0.290504 2.94953 15.6862
    endloop
  endfacet
  facet normal 0.427624 0.713445 0.555098
    outer loop
      vertex 1.61732 3.0258 15.0564
      vertex 1.51452 2.83346 15.3828
      vertex 1.78495 2.67137 15.3828
    endloop
  endfacet
  facet normal 0.495493 0.668105 0.555088
    outer loop
      vertex 2.17655 2.65213 15.0564
      vertex 1.78495 2.67137 15.3828
      vertex 2.0382 2.48355 15.3828
    endloop
  endfacet
  facet normal 0.45348 0.756603 0.47107
    outer loop
      vertex 1.68113 3.02266 15
      vertex 1.90611 2.8527 15.0564
      vertex 1.92287 2.87777 15
    endloop
  endfacet
  facet normal 0.453523 0.756631 0.470984
    outer loop
      vertex 1.90611 2.8527 15.0564
      vertex 1.68113 3.02266 15
      vertex 1.61732 3.0258 15.0564
    endloop
  endfacet
  facet normal 0.460677 0.62116 0.633985
    outer loop
      vertex 2.0382 2.48355 15.3828
      vertex 1.78495 2.67137 15.3828
      vertex 1.88022 2.29105 15.6862
    endloop
  endfacet
  facet normal 0.653597 0.592418 0.471011
    outer loop
      vertex 2.44734 2.44734 15
      vertex 2.42602 2.42602 15.0564
      vertex 2.48617 2.4045 15
    endloop
  endfacet
  facet normal 0.708553 0.525494 0.470966
    outer loop
      vertex 2.8527 1.90611 15.0564
      vertex 2.70988 2.14923 15
      vertex 2.65213 2.17655 15.0564
    endloop
  endfacet
  facet normal 0.708487 0.525481 0.471079
    outer loop
      vertex 2.70988 2.14923 15
      vertex 2.8527 1.90611 15.0564
      vertex 2.87777 1.92287 15
    endloop
  endfacet
  facet normal -0.822793 -0.122042 0.555084
    outer loop
      vertex -3.1511 -0.626792 15.3828
      vertex -3.41439 -0.336287 15.0564
      vertex -3.36499 -0.669337 15.0564
    endloop
  endfacet
  facet normal -0.872554 -0.129421 0.471062
    outer loop
      vertex -3.40305 -0.618023 15
      vertex -3.41439 -0.336287 15.0564
      vertex -3.4444 -0.339243 15
    endloop
  endfacet
  facet normal -0.872552 -0.129422 0.471066
    outer loop
      vertex -3.41439 -0.336287 15.0564
      vertex -3.40305 -0.618023 15
      vertex -3.36499 -0.669337 15.0564
    endloop
  endfacet
  facet normal -0.750155 -0.187926 0.633996
    outer loop
      vertex -2.90686 -0.578209 15.6862
      vertex -3.07449 -0.932635 15.3828
      vertex -2.83618 -0.860347 15.6862
    endloop
  endfacet
  facet normal -0.728136 -0.260515 0.633995
    outer loop
      vertex -2.83618 -0.860347 15.6862
      vertex -3.07449 -0.932635 15.3828
      vertex -2.7382 -1.1342 15.6862
    endloop
  endfacet
  facet normal -0.615786 -0.154238 0.772669
    outer loop
      vertex -2.33701 -0.46486 16.2128
      vertex -2.63462 -0.524058 15.9638
      vertex -2.57057 -0.779773 15.9638
    endloop
  endfacet
  facet normal -0.615776 -0.15425 0.772675
    outer loop
      vertex -2.33701 -0.46486 16.2128
      vertex -2.57057 -0.779773 15.9638
      vertex -2.28019 -0.691689 16.2128
    endloop
  endfacet
  facet normal -0.639636 -0.302533 0.70664
    outer loop
      vertex -2.48176 -1.02798 15.9638
      vertex -2.7382 -1.1342 15.6862
      vertex -2.61384 -1.39713 15.6862
    endloop
  endfacet
  facet normal -0.639637 -0.302532 0.706639
    outer loop
      vertex -2.48176 -1.02798 15.9638
      vertex -2.61384 -1.39713 15.6862
      vertex -2.36905 -1.26628 15.9638
    endloop
  endfacet
  facet normal -0.0930689 -0.371552 0.923735
    outer loop
      vertex -0.391175 -1.28953 16.7662
      vertex -0.49645 -1.63658 16.616
      vertex -0.333647 -1.67736 16.616
    endloop
  endfacet
  facet normal -0.446638 -0.331238 0.831141
    outer loop
      vertex -1.70984 -1.14248 16.4309
      vertex -1.98122 -1.32381 16.2128
      vertex -1.58963 -1.30457 16.4309
    endloop
  endfacet
  facet normal 0.0474683 0.189509 0.980731
    outer loop
      vertex 0.189611 0.953245 16.8801
      vertex 0.114502 0.575644 16.9567
      vertex 0.282133 0.93007 16.8801
    endloop
  endfacet
  facet normal 0.116377 -0.156918 0.980731
    outer loop
      vertex 0.616579 -0.751305 16.8801
      vertex 0.326076 -0.488008 16.9567
      vertex 0.539969 -0.808122 16.8801
    endloop
  endfacet
  facet normal 0.0561895 -0.378896 0.923732
    outer loop
      vertex 0.333647 -1.67736 16.616
      vertex 0.132084 -1.34107 16.7662
      vertex 0.16763 -1.70198 16.616
    endloop
  endfacet
  facet normal 0.0311608 -0.634044 0.772668
    outer loop
      vertex 0 -2.3828 16.2128
      vertex 0 -2.68624 15.9638
      vertex 0.263297 -2.6733 15.9638
    endloop
  endfacet
  facet normal -0.00958595 -0.195128 0.980731
    outer loop
      vertex 0 -0.586922 16.9567
      vertex -0.0952644 -0.96724 16.8801
      vertex 0 -0.97192 16.8801
    endloop
  endfacet
  facet normal 0.11638 -0.156915 0.980731
    outer loop
      vertex 0.372339 -0.453696 16.9567
      vertex 0.326076 -0.488008 16.9567
      vertex 0.616579 -0.751305 16.8801
    endloop
  endfacet
  facet normal 0.0887669 0.0419856 0.995167
    outer loop
      vertex 0.517618 0.276672 16.9567
      vertex 0.173095 0.0925207 16.9952
      vertex 0.542245 0.224605 16.9567
    endloop
  endfacet
  facet normal 0.00481967 -0.098077 0.995167
    outer loop
      vertex 0.0192375 -0.195325 16.9952
      vertex 0 -0.586922 16.9567
      vertex 0.0575275 -0.584095 16.9567
    endloop
  endfacet
  facet normal -0.0980769 -0.00481781 0.995167
    outer loop
      vertex -0.19627 0 16.9952
      vertex -0.586922 0 16.9567
      vertex -0.195325 -0.0192375 16.9952
    endloop
  endfacet
  facet normal -0.0971327 -0.0144076 0.995167
    outer loop
      vertex -0.192499 -0.03829 16.9952
      vertex -0.584095 -0.0575275 16.9567
      vertex -0.575644 -0.114502 16.9567
    endloop
  endfacet
  facet normal 0.0286657 -0.193249 0.980731
    outer loop
      vertex 0.189611 -0.953245 16.8801
      vertex 0.0575275 -0.584095 16.9567
      vertex 0.0952644 -0.96724 16.8801
    endloop
  endfacet
  facet normal -0.0504805 -0.0842263 0.995167
    outer loop
      vertex -0.0925207 -0.173095 16.9952
      vertex -0.326076 -0.488008 16.9567
      vertex -0.276672 -0.517618 16.9567
    endloop
  endfacet
  facet normal 0.328544 -0.196913 0.923734
    outer loop
      vertex 1.50828 -0.806191 16.616
      vertex 1.18844 -0.635235 16.7662
      vertex 1.422 -0.950147 16.616
    endloop
  endfacet
  facet normal 0.287346 -0.0426147 0.956878
    outer loop
      vertex 1.34107 -0.132084 16.7662
      vertex 0.953245 -0.189611 16.8801
      vertex 1.32167 -0.262896 16.7662
    endloop
  endfacet
  facet normal 0.0658164 -0.183943 0.980731
    outer loop
      vertex 0.371938 -0.897937 16.8801
      vertex 0.224605 -0.542245 16.9567
      vertex 0.282133 -0.93007 16.8801
    endloop
  endfacet
  facet normal 0.0658122 -0.183944 0.980731
    outer loop
      vertex 0.224605 -0.542245 16.9567
      vertex 0.170374 -0.561648 16.9567
      vertex 0.282133 -0.93007 16.8801
    endloop
  endfacet
  facet normal 0.0887673 -0.0419844 0.995167
    outer loop
      vertex 0.18133 -0.0751095 16.9952
      vertex 0.173095 -0.0925207 16.9952
      vertex 0.542245 -0.224605 16.9567
    endloop
  endfacet
  facet normal 0.0419844 0.0887673 0.995167
    outer loop
      vertex 0.224605 0.542245 16.9567
      vertex 0.0751095 0.18133 16.9952
      vertex 0.0925207 0.173095 16.9952
    endloop
  endfacet
  facet normal 0.189507 0.0474718 0.980731
    outer loop
      vertex 0.93007 0.282133 16.8801
      vertex 0.561648 0.170374 16.9567
      vertex 0.575644 0.114502 16.9567
    endloop
  endfacet
  facet normal 0.0980769 0.00481781 0.995167
    outer loop
      vertex 0.586922 0 16.9567
      vertex 0.195325 0.0192375 16.9952
      vertex 0.19627 0 16.9952
    endloop
  endfacet
  facet normal -0.573859 -0.271421 0.772668
    outer loop
      vertex -2.10144 -1.12324 16.2128
      vertex -2.48176 -1.02798 15.9638
      vertex -2.36905 -1.26628 15.9638
    endloop
  endfacet
  facet normal -0.476946 -0.285878 0.831141
    outer loop
      vertex -1.70984 -1.14248 16.4309
      vertex -2.10144 -1.12324 16.2128
      vertex -1.98122 -1.32381 16.2128
    endloop
  endfacet
  facet normal -0.471376 -0.0231709 0.881628
    outer loop
      vertex -1.71022 0 16.616
      vertex -2.04651 -0.201563 16.4309
      vertex -1.70198 -0.16763 16.616
    endloop
  endfacet
  facet normal -0.328544 0.196913 0.923734
    outer loop
      vertex -1.422 0.950147 16.616
      vertex -1.50828 0.806191 16.616
      vertex -1.18844 0.635235 16.7662
    endloop
  endfacet
  facet normal -0.466843 0.069247 0.881625
    outer loop
      vertex -2.0169 0.401185 16.4309
      vertex -2.04651 0.201563 16.4309
      vertex -1.67736 0.333647 16.616
    endloop
  endfacet
  facet normal -0.728138 0.260532 0.633986
    outer loop
      vertex -2.96827 1.2295 15.3828
      vertex -3.07449 0.932635 15.3828
      vertex -2.7382 1.1342 15.6862
    endloop
  endfacet
  facet normal -0.706731 0.034733 0.706629
    outer loop
      vertex -2.6733 0.263297 15.9638
      vertex -2.9638 0 15.6862
      vertex -2.68624 0 15.9638
    endloop
  endfacet
  facet normal -0.706723 0.0347153 0.706638
    outer loop
      vertex -2.94953 0.290504 15.6862
      vertex -2.9638 0 15.6862
      vertex -2.6733 0.263297 15.9638
    endloop
  endfacet
  facet normal 0.363771 -0.606901 0.706642
    outer loop
      vertex 1.49239 -2.23352 15.9638
      vertex 1.39713 -2.61384 15.6862
      vertex 1.6466 -2.46431 15.6862
    endloop
  endfacet
  facet normal 0.421493 -0.568332 0.706642
    outer loop
      vertex 1.88022 -2.29105 15.6862
      vertex 1.49239 -2.23352 15.9638
      vertex 1.6466 -2.46431 15.6862
    endloop
  endfacet
  facet normal 0.201792 -0.426639 0.881623
    outer loop
      vertex 0.806191 -1.50828 16.616
      vertex 0.654472 -1.58004 16.616
      vertex 0.969385 -1.81359 16.4309
    endloop
  endfacet
  facet normal 0.242625 -0.404813 0.881623
    outer loop
      vertex 0.950147 -1.422 16.616
      vertex 0.806191 -1.50828 16.616
      vertex 0.969385 -1.81359 16.4309
    endloop
  endfacet
  facet normal 0.509894 -0.378146 0.772666
    outer loop
      vertex 2.23352 -1.49239 15.9638
      vertex 1.84193 -1.51163 16.2128
      vertex 2.07649 -1.70413 15.9638
    endloop
  endfacet
  facet normal 0.509894 -0.378145 0.772667
    outer loop
      vertex 1.98122 -1.32381 16.2128
      vertex 1.84193 -1.51163 16.2128
      vertex 2.23352 -1.49239 15.9638
    endloop
  endfacet
  facet normal 0.502664 -0.23776 0.831143
    outer loop
      vertex 1.89988 -0.786954 16.4309
      vertex 1.81359 -0.969385 16.4309
      vertex 2.10144 -1.12324 16.2128
    endloop
  endfacet
  facet normal 0.379085 -0.281139 0.881621
    outer loop
      vertex 1.70984 -1.14248 16.4309
      vertex 1.422 -0.950147 16.616
      vertex 1.58963 -1.30457 16.4309
    endloop
  endfacet
  facet normal 0.331238 -0.446638 0.831141
    outer loop
      vertex 1.30457 -1.58963 16.4309
      vertex 1.14248 -1.70984 16.4309
      vertex 1.32381 -1.98122 16.2128
    endloop
  endfacet
  facet normal 0.281139 -0.379085 0.881621
    outer loop
      vertex 1.30457 -1.58963 16.4309
      vertex 0.950147 -1.422 16.616
      vertex 1.14248 -1.70984 16.4309
    endloop
  endfacet
  facet normal -0.653585 -0.592395 0.471057
    outer loop
      vertex -2.48617 -2.4045 15
      vertex -2.65213 -2.17655 15.0564
      vertex -2.67544 -2.19568 15
    endloop
  endfacet
  facet normal -0.653603 -0.592401 0.471024
    outer loop
      vertex -2.65213 -2.17655 15.0564
      vertex -2.48617 -2.4045 15
      vertex -2.42602 -2.42602 15.0564
    endloop
  endfacet
  facet normal -0.806866 -0.202109 0.555085
    outer loop
      vertex -3.07449 -0.932635 15.3828
      vertex -3.36499 -0.669337 15.0564
      vertex -3.28318 -0.995941 15.0564
    endloop
  endfacet
  facet normal -0.663321 -0.397581 0.633983
    outer loop
      vertex -2.61384 -1.39713 15.6862
      vertex -2.83346 -1.51452 15.3828
      vertex -2.67137 -1.78495 15.3828
    endloop
  endfacet
  facet normal -0.699094 -0.330656 0.633983
    outer loop
      vertex -2.7382 -1.1342 15.6862
      vertex -2.83346 -1.51452 15.3828
      vertex -2.61384 -1.39713 15.6862
    endloop
  endfacet
  facet normal -0.0432866 -0.881037 0.471062
    outer loop
      vertex -0.0577527 -3.45823 15
      vertex -0.336287 -3.41439 15.0564
      vertex -0.339243 -3.4444 15
    endloop
  endfacet
  facet normal -0.0432801 -0.881026 0.471084
    outer loop
      vertex -0.336287 -3.41439 15.0564
      vertex -0.0577527 -3.45823 15
      vertex 0 -3.43091 15.0564
    endloop
  endfacet
  facet normal 0.122042 -0.822793 0.555084
    outer loop
      vertex 0.626792 -3.1511 15.3828
      vertex 0.336287 -3.41439 15.0564
      vertex 0.669337 -3.36499 15.0564
    endloop
  endfacet
  facet normal 0.113465 -0.764972 0.63399
    outer loop
      vertex 0.626792 -3.1511 15.3828
      vertex 0.290504 -2.94953 15.6862
      vertex 0.314912 -3.19736 15.3828
    endloop
  endfacet
  facet normal -0.113465 -0.764972 0.63399
    outer loop
      vertex -0.290504 -2.94953 15.6862
      vertex -0.626792 -3.1511 15.3828
      vertex -0.314912 -3.19736 15.3828
    endloop
  endfacet
  facet normal -0.260515 -0.728136 0.633995
    outer loop
      vertex -0.860347 -2.83618 15.6862
      vertex -1.1342 -2.7382 15.6862
      vertex -0.932635 -3.07449 15.3828
    endloop
  endfacet
  facet normal -0.0561917 -0.378894 0.923732
    outer loop
      vertex -0.262896 -1.32167 16.7662
      vertex -0.333647 -1.67736 16.616
      vertex -0.132084 -1.34107 16.7662
    endloop
  endfacet
  facet normal -0.0311608 -0.634044 0.772668
    outer loop
      vertex 0 -2.3828 16.2128
      vertex -0.263297 -2.6733 15.9638
      vertex 0 -2.68624 15.9638
    endloop
  endfacet
  facet normal 0.113455 -0.764979 0.633983
    outer loop
      vertex 0.578209 -2.90686 15.6862
      vertex 0.290504 -2.94953 15.6862
      vertex 0.626792 -3.1511 15.3828
    endloop
  endfacet
  facet normal 0.187909 -0.75017 0.633984
    outer loop
      vertex 0.932635 -3.07449 15.3828
      vertex 0.578209 -2.90686 15.6862
      vertex 0.626792 -3.1511 15.3828
    endloop
  endfacet
  facet normal 0.0231526 -0.471384 0.881624
    outer loop
      vertex 0 -1.71022 16.616
      vertex 0 -2.05641 16.4309
      vertex 0.201563 -2.04651 16.4309
    endloop
  endfacet
  facet normal -0.0231526 -0.471384 0.881624
    outer loop
      vertex 0 -1.71022 16.616
      vertex -0.201563 -2.04651 16.4309
      vertex 0 -2.05641 16.4309
    endloop
  endfacet
  facet normal 0.158983 -0.444372 0.881622
    outer loop
      vertex 0.786954 -1.89988 16.4309
      vertex 0.49645 -1.63658 16.616
      vertex 0.596944 -1.96786 16.4309
    endloop
  endfacet
  facet normal 0.135117 -0.539397 0.83114
    outer loop
      vertex 0.596944 -1.96786 16.4309
      vertex 0.46486 -2.33701 16.2128
      vertex 0.691689 -2.28019 16.2128
    endloop
  endfacet
  facet normal 0.237754 -0.502672 0.83114
    outer loop
      vertex 1.12324 -2.10144 16.2128
      vertex 0.786954 -1.89988 16.4309
      vertex 0.911857 -2.20142 16.2128
    endloop
  endfacet
  facet normal 0.271424 -0.573859 0.772667
    outer loop
      vertex 1.12324 -2.10144 16.2128
      vertex 0.911857 -2.20142 16.2128
      vertex 1.02798 -2.48176 15.9638
    endloop
  endfacet
  facet normal -0.525494 -0.708553 0.470966
    outer loop
      vertex -2.14923 -2.70988 15
      vertex -1.90611 -2.8527 15.0564
      vertex -2.17655 -2.65213 15.0564
    endloop
  endfacet
  facet normal -0.525481 -0.708487 0.471079
    outer loop
      vertex -1.90611 -2.8527 15.0564
      vertex -2.14923 -2.70988 15
      vertex -1.92287 -2.87777 15
    endloop
  endfacet
  facet normal -0.0931452 -0.627938 0.772669
    outer loop
      vertex -0.46486 -2.33701 16.2128
      vertex -0.524058 -2.63462 15.9638
      vertex -0.263297 -2.6733 15.9638
    endloop
  endfacet
  facet normal -0.144755 -0.131197 0.980731
    outer loop
      vertex -0.453696 -0.372339 16.9567
      vertex -0.751305 -0.616579 16.8801
      vertex -0.415016 -0.415016 16.9567
    endloop
  endfacet
  facet normal -0.0692314 -0.466839 0.881628
    outer loop
      vertex -0.16763 -1.70198 16.616
      vertex -0.333647 -1.67736 16.616
      vertex -0.201563 -2.04651 16.4309
    endloop
  endfacet
  facet normal -0.525374 -0.708583 0.471054
    outer loop
      vertex -2.17655 -2.65213 15.0564
      vertex -2.19568 -2.67544 15
      vertex -2.14923 -2.70988 15
    endloop
  endfacet
  facet normal -0.616313 -0.558602 0.555088
    outer loop
      vertex -2.48355 -2.0382 15.3828
      vertex -2.65213 -2.17655 15.0564
      vertex -2.42602 -2.42602 15.0564
    endloop
  endfacet
  facet normal -0.708583 -0.525374 0.471054
    outer loop
      vertex -2.65213 -2.17655 15.0564
      vertex -2.70988 -2.14923 15
      vertex -2.67544 -2.19568 15
    endloop
  endfacet
  facet normal -0.297154 -0.830596 0.470966
    outer loop
      vertex -0.995941 -3.28318 15.0564
      vertex -1.05914 -3.29255 15
      vertex -1.00469 -3.31203 15
    endloop
  endfacet
  facet normal -0.187909 -0.75017 0.633984
    outer loop
      vertex -0.578209 -2.90686 15.6862
      vertex -0.932635 -3.07449 15.3828
      vertex -0.626792 -3.1511 15.3828
    endloop
  endfacet
  facet normal 0.377153 -0.797405 0.471064
    outer loop
      vertex 1.57926 -3.07711 15
      vertex 1.31295 -3.16975 15.0564
      vertex 1.32449 -3.19761 15
    endloop
  endfacet
  facet normal 0.377152 -0.797457 0.470977
    outer loop
      vertex 1.31295 -3.16975 15.0564
      vertex 1.57926 -3.07711 15
      vertex 1.61732 -3.0258 15.0564
    endloop
  endfacet
  facet normal 0.525481 -0.708487 0.471079
    outer loop
      vertex 2.14923 -2.70988 15
      vertex 1.90611 -2.8527 15.0564
      vertex 1.92287 -2.87777 15
    endloop
  endfacet
  facet normal 0.525494 -0.708553 0.470966
    outer loop
      vertex 1.90611 -2.8527 15.0564
      vertex 2.14923 -2.70988 15
      vertex 2.17655 -2.65213 15.0564
    endloop
  endfacet
  facet normal 0.122042 -0.822793 0.555084
    outer loop
      vertex 0.626792 -3.1511 15.3828
      vertex 0.314912 -3.19736 15.3828
      vertex 0.336287 -3.41439 15.0564
    endloop
  endfacet
  facet normal -0.519337 0.57302 0.633985
    outer loop
      vertex -2.0382 2.48355 15.3828
      vertex -2.09573 2.09573 15.6862
      vertex -1.88022 2.29105 15.6862
    endloop
  endfacet
  facet normal -0.412008 0.373433 0.831142
    outer loop
      vertex -1.4541 1.4541 16.4309
      vertex -1.68489 1.68489 16.2128
      vertex -1.58963 1.30457 16.4309
    endloop
  endfacet
  facet normal -0.639636 0.302533 0.70664
    outer loop
      vertex -2.61384 1.39713 15.6862
      vertex -2.7382 1.1342 15.6862
      vertex -2.48176 1.02798 15.9638
    endloop
  endfacet
  facet normal -0.20211 0.806866 0.555084
    outer loop
      vertex -0.669337 3.36499 15.0564
      vertex -0.932635 3.07449 15.3828
      vertex -0.626792 3.1511 15.3828
    endloop
  endfacet
  facet normal -0.103821 0.699908 0.706647
    outer loop
      vertex -0.263297 2.6733 15.9638
      vertex -0.578209 2.90686 15.6862
      vertex -0.524058 2.63462 15.9638
    endloop
  endfacet
  facet normal -0.129421 0.872554 0.471062
    outer loop
      vertex -0.618023 3.40305 15
      vertex -0.336287 3.41439 15.0564
      vertex -0.339243 3.4444 15
    endloop
  endfacet
  facet normal -0.129422 0.872552 0.471066
    outer loop
      vertex -0.336287 3.41439 15.0564
      vertex -0.618023 3.40305 15
      vertex -0.669337 3.36499 15.0564
    endloop
  endfacet
  facet normal -0.12952 0.872576 0.470994
    outer loop
      vertex -0.618023 3.40305 15
      vertex -0.67522 3.39456 15
      vertex -0.669337 3.36499 15.0564
    endloop
  endfacet
  facet normal -0.297154 0.830596 0.470966
    outer loop
      vertex -1.00469 3.31203 15
      vertex -1.05914 3.29255 15
      vertex -0.995941 3.28318 15.0564
    endloop
  endfacet
  facet normal -0.297187 0.830566 0.470999
    outer loop
      vertex -1.05914 3.29255 15
      vertex -1.31295 3.16975 15.0564
      vertex -0.995941 3.28318 15.0564
    endloop
  endfacet
  facet normal -0.29716 0.830539 0.471064
    outer loop
      vertex -1.31295 3.16975 15.0564
      vertex -1.05914 3.29255 15
      vertex -1.32449 3.19761 15
    endloop
  endfacet
  facet normal 0.214343 0.855706 0.470983
    outer loop
      vertex 0.948604 3.32608 15
      vertex 0.669337 3.36499 15.0564
      vertex 0.995941 3.28318 15.0564
    endloop
  endfacet
  facet normal 0.214344 0.8557 0.470993
    outer loop
      vertex 0.669337 3.36499 15.0564
      vertex 0.948604 3.32608 15
      vertex 0.67522 3.39456 15
    endloop
  endfacet
  facet normal 0.12952 0.872576 0.470994
    outer loop
      vertex 0.67522 3.39456 15
      vertex 0.618023 3.40305 15
      vertex 0.669337 3.36499 15.0564
    endloop
  endfacet
  facet normal 0.297154 0.830596 0.470966
    outer loop
      vertex 1.00469 3.31203 15
      vertex 0.995941 3.28318 15.0564
      vertex 1.05914 3.29255 15
    endloop
  endfacet
  facet normal -0.0433236 0.881005 0.471119
    outer loop
      vertex 0 3.46107 15
      vertex -0.0577527 3.45823 15
      vertex 0 3.43091 15.0564
    endloop
  endfacet
  facet normal 0.0433236 0.881005 0.471119
    outer loop
      vertex 0 3.46107 15
      vertex 0 3.43091 15.0564
      vertex 0.0577527 3.45823 15
    endloop
  endfacet
  facet normal 0.699919 -0.103806 0.706638
    outer loop
      vertex 2.94953 -0.290504 15.6862
      vertex 2.6733 -0.263297 15.9638
      vertex 2.90686 -0.578209 15.6862
    endloop
  endfacet
  facet normal 0.764979 -0.113455 0.633983
    outer loop
      vertex 2.94953 -0.290504 15.6862
      vertex 2.90686 -0.578209 15.6862
      vertex 3.1511 -0.626792 15.3828
    endloop
  endfacet
  facet normal 0.75017 0.187909 0.633984
    outer loop
      vertex 3.07449 0.932635 15.3828
      vertex 2.90686 0.578209 15.6862
      vertex 3.1511 0.626792 15.3828
    endloop
  endfacet
  facet normal 0.68637 0.171947 0.706633
    outer loop
      vertex 2.83618 0.860347 15.6862
      vertex 2.57057 0.779773 15.9638
      vertex 2.90686 0.578209 15.6862
    endloop
  endfacet
  facet normal 0.855709 0.214362 0.470969
    outer loop
      vertex 3.31203 1.00469 15
      vertex 3.28318 0.995941 15.0564
      vertex 3.32608 0.948604 15
    endloop
  endfacet
  facet normal 0.830596 0.297154 0.470966
    outer loop
      vertex 3.29255 1.05914 15
      vertex 3.28318 0.995941 15.0564
      vertex 3.31203 1.00469 15
    endloop
  endfacet
  facet normal 0.881005 -0.0433236 0.471119
    outer loop
      vertex 3.46107 0 15
      vertex 3.43091 0 15.0564
      vertex 3.45823 -0.0577527 15
    endloop
  endfacet
  facet normal 0.881005 0.0433236 0.471119
    outer loop
      vertex 3.45823 0.0577527 15
      vertex 3.43091 0 15.0564
      vertex 3.46107 0 15
    endloop
  endfacet
  facet normal 0.783173 0.280224 0.555081
    outer loop
      vertex 3.16975 1.31295 15.0564
      vertex 2.96827 1.2295 15.3828
      vertex 3.07449 0.932635 15.3828
    endloop
  endfacet
  facet normal 0.728138 0.260532 0.633986
    outer loop
      vertex 2.96827 1.2295 15.3828
      vertex 2.7382 1.1342 15.6862
      vertex 3.07449 0.932635 15.3828
    endloop
  endfacet
  facet normal 0.330659 -0.69909 0.633986
    outer loop
      vertex 1.51452 -2.83346 15.3828
      vertex 1.1342 -2.7382 15.6862
      vertex 1.2295 -2.96827 15.3828
    endloop
  endfacet
  facet normal 0.260532 -0.728138 0.633986
    outer loop
      vertex 1.1342 -2.7382 15.6862
      vertex 0.932635 -3.07449 15.3828
      vertex 1.2295 -2.96827 15.3828
    endloop
  endfacet
  facet normal 0.797405 -0.377153 0.471064
    outer loop
      vertex 3.16975 -1.31295 15.0564
      vertex 3.07711 -1.57926 15
      vertex 3.19761 -1.32449 15
    endloop
  endfacet
  facet normal 0.797457 -0.377152 0.470977
    outer loop
      vertex 3.07711 -1.57926 15
      vertex 3.16975 -1.31295 15.0564
      vertex 3.0258 -1.61732 15.0564
    endloop
  endfacet
  facet normal 0.708583 -0.525374 0.471054
    outer loop
      vertex 2.70988 -2.14923 15
      vertex 2.65213 -2.17655 15.0564
      vertex 2.67544 -2.19568 15
    endloop
  endfacet
  facet normal 0.524286 -0.475169 0.706639
    outer loop
      vertex 2.29105 -1.88022 15.6862
      vertex 1.89946 -1.89946 15.9638
      vertex 2.09573 -2.09573 15.6862
    endloop
  endfacet
  facet normal 0.75193 -0.355621 0.555098
    outer loop
      vertex 3.16975 -1.31295 15.0564
      vertex 2.83346 -1.51452 15.3828
      vertex 3.0258 -1.61732 15.0564
    endloop
  endfacet
  facet normal 0.606901 -0.363771 0.706642
    outer loop
      vertex 2.61384 -1.39713 15.6862
      vertex 2.23352 -1.49239 15.9638
      vertex 2.46431 -1.6466 15.6862
    endloop
  endfacet
  facet normal 0.475169 -0.524286 0.706639
    outer loop
      vertex 1.89946 -1.89946 15.9638
      vertex 1.88022 -2.29105 15.6862
      vertex 2.09573 -2.09573 15.6862
    endloop
  endfacet
  facet normal 0.476947 -0.285873 0.831143
    outer loop
      vertex 1.81359 -0.969385 16.4309
      vertex 1.70984 -1.14248 16.4309
      vertex 2.10144 -1.12324 16.2128
    endloop
  endfacet
  facet normal 0.476946 -0.285878 0.831141
    outer loop
      vertex 2.10144 -1.12324 16.2128
      vertex 1.70984 -1.14248 16.4309
      vertex 1.98122 -1.32381 16.2128
    endloop
  endfacet
  facet normal 0.8557 -0.214344 0.470993
    outer loop
      vertex 3.36499 -0.669337 15.0564
      vertex 3.32608 -0.948604 15
      vertex 3.39456 -0.67522 15
    endloop
  endfacet
  facet normal 0.855706 -0.214343 0.470983
    outer loop
      vertex 3.32608 -0.948604 15
      vertex 3.36499 -0.669337 15.0564
      vertex 3.28318 -0.995941 15.0564
    endloop
  endfacet
  facet normal 0.855709 -0.214362 0.470969
    outer loop
      vertex 3.32608 -0.948604 15
      vertex 3.28318 -0.995941 15.0564
      vertex 3.31203 -1.00469 15
    endloop
  endfacet
  facet normal 0.806866 -0.202109 0.555085
    outer loop
      vertex 3.36499 -0.669337 15.0564
      vertex 3.07449 -0.932635 15.3828
      vertex 3.28318 -0.995941 15.0564
    endloop
  endfacet
  facet normal 0.806866 -0.20211 0.555084
    outer loop
      vertex 3.1511 -0.626792 15.3828
      vertex 3.07449 -0.932635 15.3828
      vertex 3.36499 -0.669337 15.0564
    endloop
  endfacet
  facet normal 0.615786 -0.154238 0.772669
    outer loop
      vertex 2.63462 -0.524058 15.9638
      vertex 2.33701 -0.46486 16.2128
      vertex 2.57057 -0.779773 15.9638
    endloop
  endfacet
  facet normal 0.686364 -0.171916 0.706647
    outer loop
      vertex 2.63462 -0.524058 15.9638
      vertex 2.57057 -0.779773 15.9638
      vertex 2.90686 -0.578209 15.6862
    endloop
  endfacet
  facet normal 0.550048 -0.0815889 0.831138
    outer loop
      vertex 2.04651 -0.201563 16.4309
      vertex 2.0169 -0.401185 16.4309
      vertex 2.33701 -0.46486 16.2128
    endloop
  endfacet
  facet normal 0.466843 -0.069247 0.881625
    outer loop
      vertex 2.04651 -0.201563 16.4309
      vertex 1.67736 -0.333647 16.616
      vertex 2.0169 -0.401185 16.4309
    endloop
  endfacet
  facet normal 0.444372 -0.158983 0.881622
    outer loop
      vertex 1.96786 -0.596944 16.4309
      vertex 1.63658 -0.49645 16.616
      vertex 1.89988 -0.786954 16.4309
    endloop
  endfacet
  facet normal 0.457807 -0.114675 0.881625
    outer loop
      vertex 1.67736 -0.333647 16.616
      vertex 1.63658 -0.49645 16.616
      vertex 2.0169 -0.401185 16.4309
    endloop
  endfacet
  facet normal 0.471376 -0.0231709 0.881628
    outer loop
      vertex 1.71022 0 16.616
      vertex 1.70198 -0.16763 16.616
      vertex 2.04651 -0.201563 16.4309
    endloop
  endfacet
  facet normal 0.382578 -0.0188059 0.923732
    outer loop
      vertex 1.71022 0 16.616
      vertex 1.34107 -0.132084 16.7662
      vertex 1.70198 -0.16763 16.616
    endloop
  endfacet
  facet normal 0.098077 0.00481967 0.995167
    outer loop
      vertex 0.584095 0.0575275 16.9567
      vertex 0.195325 0.0192375 16.9952
      vertex 0.586922 0 16.9567
    endloop
  endfacet
  facet normal 0.378894 0.0561917 0.923732
    outer loop
      vertex 1.67736 0.333647 16.616
      vertex 1.32167 0.262896 16.7662
      vertex 1.34107 0.132084 16.7662
    endloop
  endfacet
  facet normal 0.287346 0.0426147 0.956878
    outer loop
      vertex 1.32167 0.262896 16.7662
      vertex 0.953245 0.189611 16.8801
      vertex 1.34107 0.132084 16.7662
    endloop
  endfacet
  facet normal 0.290141 0.0142536 0.956878
    outer loop
      vertex 1.34756 0 16.7662
      vertex 0.96724 0.0952644 16.8801
      vertex 0.97192 0 16.8801
    endloop
  endfacet
  facet normal 0.471376 0.0231709 0.881628
    outer loop
      vertex 2.04651 0.201563 16.4309
      vertex 1.70198 0.16763 16.616
      vertex 1.71022 0 16.616
    endloop
  endfacet
  facet normal 0.466839 0.0692314 0.881628
    outer loop
      vertex 2.04651 0.201563 16.4309
      vertex 1.67736 0.333647 16.616
      vertex 1.70198 0.16763 16.616
    endloop
  endfacet
  facet normal 0.176606 0.0835295 0.980731
    outer loop
      vertex 0.857157 0.458159 16.8801
      vertex 0.542245 0.224605 16.9567
      vertex 0.897937 0.371938 16.8801
    endloop
  endfacet
  facet normal 0.183944 0.0658122 0.980731
    outer loop
      vertex 0.93007 0.282133 16.8801
      vertex 0.542245 0.224605 16.9567
      vertex 0.561648 0.170374 16.9567
    endloop
  endfacet
  facet normal 0.167571 0.100433 0.980731
    outer loop
      vertex 0.857157 0.458159 16.8801
      vertex 0.488008 0.326076 16.9567
      vertex 0.517618 0.276672 16.9567
    endloop
  endfacet
  facet normal -0.098077 0.00481967 0.995167
    outer loop
      vertex -0.584095 0.0575275 16.9567
      vertex -0.586922 0 16.9567
      vertex -0.195325 0.0192375 16.9952
    endloop
  endfacet
  facet normal 0.0924559 0.0330793 0.995167
    outer loop
      vertex 0.542245 0.224605 16.9567
      vertex 0.18133 0.0751095 16.9952
      vertex 0.561648 0.170374 16.9567
    endloop
  endfacet
  facet normal -0.0419844 -0.0887673 0.995167
    outer loop
      vertex -0.0925207 -0.173095 16.9952
      vertex -0.224605 -0.542245 16.9567
      vertex -0.0751095 -0.18133 16.9952
    endloop
  endfacet
  facet normal -0.195082 0.215238 0.956878
    outer loop
      vertex -0.616579 0.751305 16.8801
      vertex -0.854882 1.04168 16.7662
      vertex -0.687251 0.687251 16.8801
    endloop
  endfacet
  facet normal 0.0978648 0.273512 0.956877
    outer loop
      vertex 0.515688 1.24498 16.7662
      vertex 0.282133 0.93007 16.8801
      vertex 0.371938 0.897937 16.8801
    endloop
  endfacet
  facet normal -0.0144074 0.0971327 0.995167
    outer loop
      vertex -0.0192375 0.195325 16.9952
      vertex -0.0575275 0.584095 16.9567
      vertex -0.03829 0.192499 16.9952
    endloop
  endfacet
  facet normal -0.0659503 0.0727513 0.995167
    outer loop
      vertex -0.124513 0.151719 16.9952
      vertex -0.415016 0.415016 16.9567
      vertex -0.138783 0.138783 16.9952
    endloop
  endfacet
  facet normal -0.0727582 -0.0659439 0.995167
    outer loop
      vertex -0.151719 -0.124513 16.9952
      vertex -0.453696 -0.372339 16.9567
      vertex -0.415016 -0.415016 16.9567
    endloop
  endfacet
  facet normal 0.196913 0.328544 0.923734
    outer loop
      vertex 0.806191 1.50828 16.616
      vertex 0.635235 1.18844 16.7662
      vertex 0.950147 1.422 16.616
    endloop
  endfacet
  facet normal 0.163764 0.346258 0.923735
    outer loop
      vertex 0.654472 1.58004 16.616
      vertex 0.515688 1.24498 16.7662
      vertex 0.635235 1.18844 16.7662
    endloop
  endfacet
  facet normal -0.378894 0.0561917 0.923732
    outer loop
      vertex -1.32167 0.262896 16.7662
      vertex -1.67736 0.333647 16.616
      vertex -1.34107 0.132084 16.7662
    endloop
  endfacet
  facet normal -0.290141 -0.0142536 0.956878
    outer loop
      vertex -0.97192 0 16.8801
      vertex -1.34756 0 16.7662
      vertex -0.96724 -0.0952644 16.8801
    endloop
  endfacet
  facet normal -0.444363 0.158992 0.881625
    outer loop
      vertex -1.58004 0.654472 16.616
      vertex -1.89988 0.786954 16.4309
      vertex -1.63658 0.49645 16.616
    endloop
  endfacet
  facet normal -0.193249 0.0286645 0.980731
    outer loop
      vertex -0.575644 0.114502 16.9567
      vertex -0.953245 0.189611 16.8801
      vertex -0.584095 0.0575275 16.9567
    endloop
  endfacet
  facet normal -0.326366 0.54449 0.772668
    outer loop
      vertex -1.26628 2.36905 15.9638
      vertex -1.49239 2.23352 15.9638
      vertex -1.12324 2.10144 16.2128
    endloop
  endfacet
  facet normal -0.156915 0.11638 0.980731
    outer loop
      vertex -0.453696 0.372339 16.9567
      vertex -0.751305 0.616579 16.8801
      vertex -0.488008 0.326076 16.9567
    endloop
  endfacet
  facet normal -0.349689 0.316949 0.881624
    outer loop
      vertex -1.4541 1.4541 16.4309
      vertex -1.58963 1.30457 16.4309
      vertex -1.32202 1.08495 16.616
    endloop
  endfacet
  facet normal -0.378146 0.509894 0.772666
    outer loop
      vertex -1.49239 2.23352 15.9638
      vertex -1.70413 2.07649 15.9638
      vertex -1.51163 1.84193 16.2128
    endloop
  endfacet
  facet normal -0.0815889 0.550048 0.831138
    outer loop
      vertex -0.201563 2.04651 16.4309
      vertex -0.46486 2.33701 16.2128
      vertex -0.401185 2.0169 16.4309
    endloop
  endfacet
  facet normal -0.23776 0.502664 0.831143
    outer loop
      vertex -0.786954 1.89988 16.4309
      vertex -1.12324 2.10144 16.2128
      vertex -0.969385 1.81359 16.4309
    endloop
  endfacet
  facet normal -0.444372 0.158983 0.881622
    outer loop
      vertex -1.89988 0.786954 16.4309
      vertex -1.96786 0.596944 16.4309
      vertex -1.63658 0.49645 16.616
    endloop
  endfacet
  facet normal -0.457807 0.114675 0.881625
    outer loop
      vertex -1.63658 0.49645 16.616
      vertex -2.0169 0.401185 16.4309
      vertex -1.67736 0.333647 16.616
    endloop
  endfacet
  facet normal -0.0238608 -0.0952523 0.995167
    outer loop
      vertex -0.03829 -0.192499 16.9952
      vertex -0.170374 -0.561648 16.9567
      vertex -0.114502 -0.575644 16.9567
    endloop
  endfacet
  facet normal -0.0238597 -0.0952527 0.995167
    outer loop
      vertex -0.0569735 -0.187819 16.9952
      vertex -0.170374 -0.561648 16.9567
      vertex -0.03829 -0.192499 16.9952
    endloop
  endfacet
  facet normal -0.0815898 0.550048 0.831138
    outer loop
      vertex -0.233555 2.37132 16.2128
      vertex -0.46486 2.33701 16.2128
      vertex -0.201563 2.04651 16.4309
    endloop
  endfacet
  facet normal -0.0931452 0.627938 0.772669
    outer loop
      vertex -0.263297 2.6733 15.9638
      vertex -0.524058 2.63462 15.9638
      vertex -0.46486 2.33701 16.2128
    endloop
  endfacet
  facet normal 0.0188059 0.382578 0.923732
    outer loop
      vertex 0.16763 1.70198 16.616
      vertex 0 1.71022 16.616
      vertex 0.132084 1.34107 16.7662
    endloop
  endfacet
  facet normal 0.0561917 0.378894 0.923732
    outer loop
      vertex 0.333647 1.67736 16.616
      vertex 0.132084 1.34107 16.7662
      vertex 0.262896 1.32167 16.7662
    endloop
  endfacet
  facet normal -0.0379445 0.772409 0.633991
    outer loop
      vertex 0 3.21283 15.3828
      vertex -0.314912 3.19736 15.3828
      vertex 0 2.9638 15.6862
    endloop
  endfacet
  facet normal -0.15425 0.615776 0.772675
    outer loop
      vertex -0.46486 2.33701 16.2128
      vertex -0.779773 2.57057 15.9638
      vertex -0.691689 2.28019 16.2128
    endloop
  endfacet
  facet normal -0.122042 0.822793 0.555084
    outer loop
      vertex -0.336287 3.41439 15.0564
      vertex -0.626792 3.1511 15.3828
      vertex -0.314912 3.19736 15.3828
    endloop
  endfacet
  facet normal -0.0408126 0.830793 0.555084
    outer loop
      vertex 0 3.21283 15.3828
      vertex -0.336287 3.41439 15.0564
      vertex -0.314912 3.19736 15.3828
    endloop
  endfacet
  facet normal 0.285878 0.476946 0.831141
    outer loop
      vertex 1.32381 1.98122 16.2128
      vertex 1.12324 2.10144 16.2128
      vertex 1.14248 1.70984 16.4309
    endloop
  endfacet
  facet normal 0.331238 0.446638 0.831141
    outer loop
      vertex 1.32381 1.98122 16.2128
      vertex 1.14248 1.70984 16.4309
      vertex 1.30457 1.58963 16.4309
    endloop
  endfacet
  facet normal 0.426314 0.470347 0.772677
    outer loop
      vertex 1.89946 1.89946 15.9638
      vertex 1.51163 1.84193 16.2128
      vertex 1.68489 1.68489 16.2128
    endloop
  endfacet
  facet normal 0.379071 0.281147 0.881624
    outer loop
      vertex 1.58963 1.30457 16.4309
      vertex 1.32202 1.08495 16.616
      vertex 1.422 0.950147 16.616
    endloop
  endfacet
  facet normal 0.412008 0.373433 0.831142
    outer loop
      vertex 1.68489 1.68489 16.2128
      vertex 1.4541 1.4541 16.4309
      vertex 1.58963 1.30457 16.4309
    endloop
  endfacet
  facet normal 0.195085 0.215237 0.956878
    outer loop
      vertex 0.854882 1.04168 16.7662
      vertex 0.687251 0.687251 16.8801
      vertex 0.952868 0.952868 16.7662
    endloop
  endfacet
  facet normal 0.502664 0.23776 0.831143
    outer loop
      vertex 2.10144 1.12324 16.2128
      vertex 1.81359 0.969385 16.4309
      vertex 1.89988 0.786954 16.4309
    endloop
  endfacet
  facet normal 0.539397 0.135117 0.83114
    outer loop
      vertex 2.28019 0.691689 16.2128
      vertex 1.96786 0.596944 16.4309
      vertex 2.33701 0.46486 16.2128
    endloop
  endfacet
  facet normal 0.404812 0.242637 0.881621
    outer loop
      vertex 1.70984 1.14248 16.4309
      vertex 1.422 0.950147 16.616
      vertex 1.81359 0.969385 16.4309
    endloop
  endfacet
  facet normal 0.523563 0.187316 0.83114
    outer loop
      vertex 2.20142 0.911857 16.2128
      vertex 1.89988 0.786954 16.4309
      vertex 2.28019 0.691689 16.2128
    endloop
  endfacet
  facet normal 0.615786 0.154238 0.772669
    outer loop
      vertex 2.57057 0.779773 15.9638
      vertex 2.33701 0.46486 16.2128
      vertex 2.63462 0.524058 15.9638
    endloop
  endfacet
  facet normal 0.627938 0.0931452 0.772669
    outer loop
      vertex 2.63462 0.524058 15.9638
      vertex 2.33701 0.46486 16.2128
      vertex 2.6733 0.263297 15.9638
    endloop
  endfacet
  facet normal 0.699094 0.330656 0.633983
    outer loop
      vertex 2.83346 1.51452 15.3828
      vertex 2.61384 1.39713 15.6862
      vertex 2.7382 1.1342 15.6862
    endloop
  endfacet
  facet normal 0.568332 0.421493 0.706642
    outer loop
      vertex 2.29105 1.88022 15.6862
      vertex 2.23352 1.49239 15.9638
      vertex 2.46431 1.6466 15.6862
    endloop
  endfacet
  facet normal 0.597694 0.213859 0.772675
    outer loop
      vertex 2.48176 1.02798 15.9638
      vertex 2.28019 0.691689 16.2128
      vertex 2.57057 0.779773 15.9638
    endloop
  endfacet
  facet normal 0.666211 0.238374 0.70664
    outer loop
      vertex 2.7382 1.1342 15.6862
      vertex 2.48176 1.02798 15.9638
      vertex 2.57057 0.779773 15.9638
    endloop
  endfacet
  facet normal 0.524286 0.475169 0.706639
    outer loop
      vertex 2.09573 2.09573 15.6862
      vertex 1.89946 1.89946 15.9638
      vertex 2.29105 1.88022 15.6862
    endloop
  endfacet
  facet normal 0.475169 0.524286 0.706639
    outer loop
      vertex 2.09573 2.09573 15.6862
      vertex 1.88022 2.29105 15.6862
      vertex 1.89946 1.89946 15.9638
    endloop
  endfacet
  facet normal 0.330656 0.699094 0.633983
    outer loop
      vertex 1.51452 2.83346 15.3828
      vertex 1.1342 2.7382 15.6862
      vertex 1.39713 2.61384 15.6862
    endloop
  endfacet
  facet normal 0.330659 0.69909 0.633986
    outer loop
      vertex 1.2295 2.96827 15.3828
      vertex 1.1342 2.7382 15.6862
      vertex 1.51452 2.83346 15.3828
    endloop
  endfacet
  facet normal 0.187316 0.523563 0.83114
    outer loop
      vertex 0.691689 2.28019 16.2128
      vertex 0.596944 1.96786 16.4309
      vertex 0.786954 1.89988 16.4309
    endloop
  endfacet
  facet normal 0.187316 0.523563 0.83114
    outer loop
      vertex 0.911857 2.20142 16.2128
      vertex 0.691689 2.28019 16.2128
      vertex 0.786954 1.89988 16.4309
    endloop
  endfacet
  facet normal 0.187909 0.75017 0.633984
    outer loop
      vertex 0.626792 3.1511 15.3828
      vertex 0.578209 2.90686 15.6862
      vertex 0.932635 3.07449 15.3828
    endloop
  endfacet
  facet normal 0.0347153 0.706723 0.706638
    outer loop
      vertex 0.290504 2.94953 15.6862
      vertex 0 2.9638 15.6862
      vertex 0.263297 2.6733 15.9638
    endloop
  endfacet
  facet normal 0.377152 0.797457 0.470977
    outer loop
      vertex 1.57926 3.07711 15
      vertex 1.31295 3.16975 15.0564
      vertex 1.61732 3.0258 15.0564
    endloop
  endfacet
  facet normal 0.377153 0.797405 0.471064
    outer loop
      vertex 1.31295 3.16975 15.0564
      vertex 1.57926 3.07711 15
      vertex 1.32449 3.19761 15
    endloop
  endfacet
  facet normal 0.355621 0.75193 0.555098
    outer loop
      vertex 1.61732 3.0258 15.0564
      vertex 1.31295 3.16975 15.0564
      vertex 1.51452 2.83346 15.3828
    endloop
  endfacet
  facet normal 0.558602 0.616313 0.555088
    outer loop
      vertex 2.17655 2.65213 15.0564
      vertex 2.0382 2.48355 15.3828
      vertex 2.42602 2.42602 15.0564
    endloop
  endfacet
  facet normal 0.592401 0.653603 0.471024
    outer loop
      vertex 2.4045 2.48617 15
      vertex 2.17655 2.65213 15.0564
      vertex 2.42602 2.42602 15.0564
    endloop
  endfacet
  facet normal 0.592395 0.653585 0.471057
    outer loop
      vertex 2.17655 2.65213 15.0564
      vertex 2.4045 2.48617 15
      vertex 2.19568 2.67544 15
    endloop
  endfacet
  facet normal 0.653603 0.592401 0.471024
    outer loop
      vertex 2.65213 2.17655 15.0564
      vertex 2.48617 2.4045 15
      vertex 2.42602 2.42602 15.0564
    endloop
  endfacet
  facet normal 0.653585 0.592395 0.471057
    outer loop
      vertex 2.48617 2.4045 15
      vertex 2.65213 2.17655 15.0564
      vertex 2.67544 2.19568 15
    endloop
  endfacet
  facet normal 0.616313 0.558602 0.555088
    outer loop
      vertex 2.65213 2.17655 15.0564
      vertex 2.42602 2.42602 15.0564
      vertex 2.48355 2.0382 15.3828
    endloop
  endfacet
  facet normal -0.830596 -0.297154 0.470966
    outer loop
      vertex -3.28318 -0.995941 15.0564
      vertex -3.31203 -1.00469 15
      vertex -3.29255 -1.05914 15
    endloop
  endfacet
  facet normal -0.627937 -0.0931434 0.77267
    outer loop
      vertex -2.37132 -0.233555 16.2128
      vertex -2.6733 -0.263297 15.9638
      vertex -2.33701 -0.46486 16.2128
    endloop
  endfacet
  facet normal -0.550048 -0.0815889 0.831138
    outer loop
      vertex -2.04651 -0.201563 16.4309
      vertex -2.33701 -0.46486 16.2128
      vertex -2.0169 -0.401185 16.4309
    endloop
  endfacet
  facet normal -0.54449 -0.326366 0.772668
    outer loop
      vertex -2.10144 -1.12324 16.2128
      vertex -2.36905 -1.26628 15.9638
      vertex -2.23352 -1.49239 15.9638
    endloop
  endfacet
  facet normal -0.606901 -0.363771 0.706642
    outer loop
      vertex -2.23352 -1.49239 15.9638
      vertex -2.61384 -1.39713 15.6862
      vertex -2.46431 -1.6466 15.6862
    endloop
  endfacet
  facet normal -0.257233 -0.283805 0.923735
    outer loop
      vertex -0.952868 -0.952868 16.7662
      vertex -1.20931 -1.20931 16.616
      vertex -0.854882 -1.04168 16.7662
    endloop
  endfacet
  facet normal -0.444363 -0.158992 0.881625
    outer loop
      vertex -1.63658 -0.49645 16.616
      vertex -1.89988 -0.786954 16.4309
      vertex -1.58004 -0.654472 16.616
    endloop
  endfacet
  facet normal -0.544493 -0.326364 0.772667
    outer loop
      vertex -2.10144 -1.12324 16.2128
      vertex -2.23352 -1.49239 15.9638
      vertex -1.98122 -1.32381 16.2128
    endloop
  endfacet
  facet normal -0.346258 -0.163764 0.923735
    outer loop
      vertex -1.24498 -0.515688 16.7662
      vertex -1.58004 -0.654472 16.616
      vertex -1.18844 -0.635235 16.7662
    endloop
  endfacet
  facet normal -0.287346 -0.0426147 0.956878
    outer loop
      vertex -0.953245 -0.189611 16.8801
      vertex -1.34107 -0.132084 16.7662
      vertex -1.32167 -0.262896 16.7662
    endloop
  endfacet
  facet normal -0.378894 -0.0561917 0.923732
    outer loop
      vertex -1.34107 -0.132084 16.7662
      vertex -1.67736 -0.333647 16.616
      vertex -1.32167 -0.262896 16.7662
    endloop
  endfacet
  facet normal -0.193249 -0.0286657 0.980731
    outer loop
      vertex -0.584095 -0.0575275 16.9567
      vertex -0.96724 -0.0952644 16.8801
      vertex -0.953245 -0.189611 16.8801
    endloop
  endfacet
  facet normal -0.287347 -0.0426239 0.956878
    outer loop
      vertex -0.96724 -0.0952644 16.8801
      vertex -1.34107 -0.132084 16.7662
      vertex -0.953245 -0.189611 16.8801
    endloop
  endfacet
  facet normal -0.156918 -0.116377 0.980731
    outer loop
      vertex -0.488008 -0.326076 16.9567
      vertex -0.808122 -0.539969 16.8801
      vertex -0.751305 -0.616579 16.8801
    endloop
  endfacet
  facet normal 0.0692314 0.466839 0.881628
    outer loop
      vertex 0.201563 2.04651 16.4309
      vertex 0.16763 1.70198 16.616
      vertex 0.333647 1.67736 16.616
    endloop
  endfacet
  facet normal -0.0887669 -0.0419856 0.995167
    outer loop
      vertex -0.173095 -0.0925207 16.9952
      vertex -0.542245 -0.224605 16.9567
      vertex -0.517618 -0.276672 16.9567
    endloop
  endfacet
  facet normal 0.196924 -0.32853 0.923736
    outer loop
      vertex 0.748663 -1.12045 16.7662
      vertex 0.635235 -1.18844 16.7662
      vertex 0.950147 -1.422 16.616
    endloop
  endfacet
  facet normal 0.069247 -0.466843 0.881625
    outer loop
      vertex 0.333647 -1.67736 16.616
      vertex 0.201563 -2.04651 16.4309
      vertex 0.401185 -2.0169 16.4309
    endloop
  endfacet
  facet normal -0.158992 -0.444363 0.881625
    outer loop
      vertex -0.654472 -1.58004 16.616
      vertex -0.786954 -1.89988 16.4309
      vertex -0.49645 -1.63658 16.616
    endloop
  endfacet
  facet normal -0.0706002 -0.281784 0.956877
    outer loop
      vertex -0.282133 -0.93007 16.8801
      vertex -0.391175 -1.28953 16.7662
      vertex -0.262896 -1.32167 16.7662
    endloop
  endfacet
  facet normal -0.0272995 -0.555395 0.831138
    outer loop
      vertex -0.201563 -2.04651 16.4309
      vertex -0.233555 -2.37132 16.2128
      vertex 0 -2.3828 16.2128
    endloop
  endfacet
  facet normal 0.0311653 -0.634042 0.77267
    outer loop
      vertex 0.233555 -2.37132 16.2128
      vertex 0 -2.3828 16.2128
      vertex 0.263297 -2.6733 15.9638
    endloop
  endfacet
  facet normal 0.0692314 -0.466839 0.881628
    outer loop
      vertex 0.333647 -1.67736 16.616
      vertex 0.16763 -1.70198 16.616
      vertex 0.201563 -2.04651 16.4309
    endloop
  endfacet
  facet normal 0.0142562 -0.290141 0.956878
    outer loop
      vertex 0.0952644 -0.96724 16.8801
      vertex 0 -1.34756 16.7662
      vertex 0.132084 -1.34107 16.7662
    endloop
  endfacet
  facet normal -0.0286657 -0.193249 0.980731
    outer loop
      vertex -0.0575275 -0.584095 16.9567
      vertex -0.189611 -0.953245 16.8801
      vertex -0.0952644 -0.96724 16.8801
    endloop
  endfacet
  facet normal -0.0095889 -0.195128 0.980731
    outer loop
      vertex -0.0575275 -0.584095 16.9567
      vertex -0.0952644 -0.96724 16.8801
      vertex 0 -0.586922 16.9567
    endloop
  endfacet
  facet normal -0.0705813 -0.281783 0.956879
    outer loop
      vertex -0.189611 -0.953245 16.8801
      vertex -0.282133 -0.93007 16.8801
      vertex -0.262896 -1.32167 16.7662
    endloop
  endfacet
  facet normal -0.0971327 -0.0144074 0.995167
    outer loop
      vertex -0.195325 -0.0192375 16.9952
      vertex -0.584095 -0.0575275 16.9567
      vertex -0.192499 -0.03829 16.9952
    endloop
  endfacet
  facet normal 0.189507 -0.0474718 0.980731
    outer loop
      vertex 0.575644 -0.114502 16.9567
      vertex 0.561648 -0.170374 16.9567
      vertex 0.93007 -0.282133 16.8801
    endloop
  endfacet
  facet normal -0.0952527 0.0238597 0.995167
    outer loop
      vertex -0.187819 0.0569735 16.9952
      vertex -0.561648 0.170374 16.9567
      vertex -0.192499 0.03829 16.9952
    endloop
  endfacet
  facet normal -0.0924557 -0.0330803 0.995167
    outer loop
      vertex -0.187819 -0.0569735 16.9952
      vertex -0.561648 -0.170374 16.9567
      vertex -0.18133 -0.0751095 16.9952
    endloop
  endfacet
  facet normal -0.058492 -0.078873 0.995167
    outer loop
      vertex -0.124513 -0.151719 16.9952
      vertex -0.326076 -0.488008 16.9567
      vertex -0.109041 -0.163193 16.9952
    endloop
  endfacet
  facet normal 0.0095889 -0.195128 0.980731
    outer loop
      vertex 0.0575275 -0.584095 16.9567
      vertex 0 -0.586922 16.9567
      vertex 0.0952644 -0.96724 16.8801
    endloop
  endfacet
  facet normal 0.233325 -0.173043 0.956878
    outer loop
      vertex 0.808122 -0.539969 16.8801
      vertex 0.751305 -0.616579 16.8801
      vertex 1.04168 -0.854882 16.7662
    endloop
  endfacet
  facet normal 0.257233 -0.283805 0.923735
    outer loop
      vertex 0.952868 -0.952868 16.7662
      vertex 0.854882 -1.04168 16.7662
      vertex 1.20931 -1.20931 16.616
    endloop
  endfacet
  facet normal 0.349703 -0.316943 0.881621
    outer loop
      vertex 1.32202 -1.08495 16.616
      vertex 1.20931 -1.20931 16.616
      vertex 1.4541 -1.4541 16.4309
    endloop
  endfacet
  facet normal 0.32853 -0.196924 0.923736
    outer loop
      vertex 1.18844 -0.635235 16.7662
      vertex 1.12045 -0.748663 16.7662
      vertex 1.422 -0.950147 16.616
    endloop
  endfacet
  facet normal 0.14935 -0.249161 0.956877
    outer loop
      vertex 0.748663 -1.12045 16.7662
      vertex 0.539969 -0.808122 16.8801
      vertex 0.635235 -1.18844 16.7662
    endloop
  endfacet
  facet normal 0.0930921 -0.371554 0.923732
    outer loop
      vertex 0.391175 -1.28953 16.7662
      vertex 0.262896 -1.32167 16.7662
      vertex 0.333647 -1.67736 16.616
    endloop
  endfacet
  facet normal 0.307655 -0.22818 0.923733
    outer loop
      vertex 1.422 -0.950147 16.616
      vertex 1.04168 -0.854882 16.7662
      vertex 1.32202 -1.08495 16.616
    endloop
  endfacet
  facet normal 0.176604 -0.0835316 0.980731
    outer loop
      vertex 0.542245 -0.224605 16.9567
      vertex 0.517618 -0.276672 16.9567
      vertex 0.857157 -0.458159 16.8801
    endloop
  endfacet
  facet normal -0.0727513 0.0659503 0.995167
    outer loop
      vertex -0.138783 0.138783 16.9952
      vertex -0.415016 0.415016 16.9567
      vertex -0.151719 0.124513 16.9952
    endloop
  endfacet
  facet normal 0.0474718 -0.189507 0.980731
    outer loop
      vertex 0.170374 -0.561648 16.9567
      vertex 0.114502 -0.575644 16.9567
      vertex 0.282133 -0.93007 16.8801
    endloop
  endfacet
  facet normal 0.281784 -0.0706002 0.956877
    outer loop
      vertex 1.32167 -0.262896 16.7662
      vertex 0.93007 -0.282133 16.8801
      vertex 1.28953 -0.391175 16.7662
    endloop
  endfacet
  facet normal 0.176606 -0.0835295 0.980731
    outer loop
      vertex 0.897937 -0.371938 16.8801
      vertex 0.542245 -0.224605 16.9567
      vertex 0.857157 -0.458159 16.8801
    endloop
  endfacet
  facet normal 0.0727513 0.0659503 0.995167
    outer loop
      vertex 0.415016 0.415016 16.9567
      vertex 0.138783 0.138783 16.9952
      vertex 0.151719 0.124513 16.9952
    endloop
  endfacet
  facet normal 0.0971327 -0.0144076 0.995167
    outer loop
      vertex 0.584095 -0.0575275 16.9567
      vertex 0.192499 -0.03829 16.9952
      vertex 0.575644 -0.114502 16.9567
    endloop
  endfacet
  facet normal -0.470372 -0.426304 0.772667
    outer loop
      vertex -1.84193 -1.51163 16.2128
      vertex -2.07649 -1.70413 15.9638
      vertex -1.89946 -1.89946 15.9638
    endloop
  endfacet
  facet normal -0.568332 -0.421493 0.706642
    outer loop
      vertex -2.23352 -1.49239 15.9638
      vertex -2.46431 -1.6466 15.6862
      vertex -2.29105 -1.88022 15.6862
    endloop
  endfacet
  facet normal -0.214343 -0.855706 0.470983
    outer loop
      vertex -0.948604 -3.32608 15
      vertex -0.669337 -3.36499 15.0564
      vertex -0.995941 -3.28318 15.0564
    endloop
  endfacet
  facet normal -0.214344 -0.8557 0.470993
    outer loop
      vertex -0.669337 -3.36499 15.0564
      vertex -0.948604 -3.32608 15
      vertex -0.67522 -3.39456 15
    endloop
  endfacet
  facet normal -0.460673 -0.621161 0.633987
    outer loop
      vertex -1.6466 -2.46431 15.6862
      vertex -1.88022 -2.29105 15.6862
      vertex -1.78495 -2.67137 15.3828
    endloop
  endfacet
  facet normal -0.524287 -0.475167 0.70664
    outer loop
      vertex -2.07649 -1.70413 15.9638
      vertex -2.29105 -1.88022 15.6862
      vertex -1.89946 -1.89946 15.9638
    endloop
  endfacet
  facet normal -0.524286 -0.475169 0.706639
    outer loop
      vertex -1.89946 -1.89946 15.9638
      vertex -2.29105 -1.88022 15.6862
      vertex -2.09573 -2.09573 15.6862
    endloop
  endfacet
  facet normal -0.750155 0.187926 0.633996
    outer loop
      vertex -2.83618 0.860347 15.6862
      vertex -3.07449 0.932635 15.3828
      vertex -2.90686 0.578209 15.6862
    endloop
  endfacet
  facet normal -0.550048 0.0815898 0.831138
    outer loop
      vertex -2.33701 0.46486 16.2128
      vertex -2.37132 0.233555 16.2128
      vertex -2.04651 0.201563 16.4309
    endloop
  endfacet
  facet normal -0.550048 0.0815889 0.831138
    outer loop
      vertex -2.0169 0.401185 16.4309
      vertex -2.33701 0.46486 16.2128
      vertex -2.04651 0.201563 16.4309
    endloop
  endfacet
  facet normal -0.597694 0.213859 0.772675
    outer loop
      vertex -2.48176 1.02798 15.9638
      vertex -2.57057 0.779773 15.9638
      vertex -2.28019 0.691689 16.2128
    endloop
  endfacet
  facet normal -0.77241 -0.037942 0.63399
    outer loop
      vertex -2.9638 0 15.6862
      vertex -3.19736 -0.314912 15.3828
      vertex -2.94953 -0.290504 15.6862
    endloop
  endfacet
  facet normal -0.706723 -0.0347153 0.706638
    outer loop
      vertex -2.6733 -0.263297 15.9638
      vertex -2.9638 0 15.6862
      vertex -2.94953 -0.290504 15.6862
    endloop
  endfacet
  facet normal -0.713444 -0.427637 0.55509
    outer loop
      vertex -2.67137 -1.78495 15.3828
      vertex -3.0258 -1.61732 15.0564
      vertex -2.8527 -1.90611 15.0564
    endloop
  endfacet
  facet normal -0.756633 -0.453522 0.470983
    outer loop
      vertex -3.0258 -1.61732 15.0564
      vertex -3.05239 -1.63153 15
      vertex -3.02266 -1.68113 15
    endloop
  endfacet
  facet normal 0.0433236 -0.881005 0.471119
    outer loop
      vertex 0 -3.43091 15.0564
      vertex 0 -3.46107 15
      vertex 0.0577527 -3.45823 15
    endloop
  endfacet
  facet normal 0.0408124 -0.830793 0.555084
    outer loop
      vertex 0 -3.21283 15.3828
      vertex 0 -3.43091 15.0564
      vertex 0.336287 -3.41439 15.0564
    endloop
  endfacet
  facet normal -0.187926 -0.750155 0.633996
    outer loop
      vertex -0.860347 -2.83618 15.6862
      vertex -0.932635 -3.07449 15.3828
      vertex -0.578209 -2.90686 15.6862
    endloop
  endfacet
  facet normal -0.113455 -0.764979 0.633983
    outer loop
      vertex -0.578209 -2.90686 15.6862
      vertex -0.626792 -3.1511 15.3828
      vertex -0.290504 -2.94953 15.6862
    endloop
  endfacet
  facet normal 0.238363 -0.666223 0.706633
    outer loop
      vertex 1.1342 -2.7382 15.6862
      vertex 0.779773 -2.57057 15.9638
      vertex 0.860347 -2.83618 15.6862
    endloop
  endfacet
  facet normal 0.238374 -0.666211 0.70664
    outer loop
      vertex 1.02798 -2.48176 15.9638
      vertex 0.779773 -2.57057 15.9638
      vertex 1.1342 -2.7382 15.6862
    endloop
  endfacet
  facet normal 0.0931434 -0.627937 0.77267
    outer loop
      vertex 0.46486 -2.33701 16.2128
      vertex 0.233555 -2.37132 16.2128
      vertex 0.263297 -2.6733 15.9638
    endloop
  endfacet
  facet normal 0.0272995 -0.555395 0.831138
    outer loop
      vertex 0.201563 -2.04651 16.4309
      vertex 0 -2.3828 16.2128
      vertex 0.233555 -2.37132 16.2128
    endloop
  endfacet
  facet normal 0.23776 -0.502664 0.831143
    outer loop
      vertex 0.969385 -1.81359 16.4309
      vertex 0.786954 -1.89988 16.4309
      vertex 1.12324 -2.10144 16.2128
    endloop
  endfacet
  facet normal 0.114687 -0.457809 0.881622
    outer loop
      vertex 0.49645 -1.63658 16.616
      vertex 0.401185 -2.0169 16.4309
      vertex 0.596944 -1.96786 16.4309
    endloop
  endfacet
  facet normal 0.326366 -0.54449 0.772668
    outer loop
      vertex 1.49239 -2.23352 15.9638
      vertex 1.12324 -2.10144 16.2128
      vertex 1.26628 -2.36905 15.9638
    endloop
  endfacet
  facet normal 0.271421 -0.573859 0.772668
    outer loop
      vertex 1.12324 -2.10144 16.2128
      vertex 1.02798 -2.48176 15.9638
      vertex 1.26628 -2.36905 15.9638
    endloop
  endfacet
  facet normal -0.196913 -0.328544 0.923734
    outer loop
      vertex -0.635235 -1.18844 16.7662
      vertex -0.950147 -1.422 16.616
      vertex -0.806191 -1.50828 16.616
    endloop
  endfacet
  facet normal -0.154238 -0.615786 0.772669
    outer loop
      vertex -0.46486 -2.33701 16.2128
      vertex -0.779773 -2.57057 15.9638
      vertex -0.524058 -2.63462 15.9638
    endloop
  endfacet
  facet normal -0.238363 -0.666223 0.706633
    outer loop
      vertex -0.779773 -2.57057 15.9638
      vertex -1.1342 -2.7382 15.6862
      vertex -0.860347 -2.83618 15.6862
    endloop
  endfacet
  facet normal -0.302533 -0.639636 0.70664
    outer loop
      vertex -1.02798 -2.48176 15.9638
      vertex -1.39713 -2.61384 15.6862
      vertex -1.1342 -2.7382 15.6862
    endloop
  endfacet
  facet normal -0.326366 -0.54449 0.772668
    outer loop
      vertex -1.12324 -2.10144 16.2128
      vertex -1.49239 -2.23352 15.9638
      vertex -1.26628 -2.36905 15.9638
    endloop
  endfacet
  facet normal -0.331238 -0.446638 0.831141
    outer loop
      vertex -1.30457 -1.58963 16.4309
      vertex -1.32381 -1.98122 16.2128
      vertex -1.14248 -1.70984 16.4309
    endloop
  endfacet
  facet normal -0.592418 -0.653597 0.471011
    outer loop
      vertex -2.42602 -2.42602 15.0564
      vertex -2.44734 -2.44734 15
      vertex -2.4045 -2.48617 15
    endloop
  endfacet
  facet normal -0.519337 -0.57302 0.633985
    outer loop
      vertex -1.88022 -2.29105 15.6862
      vertex -2.09573 -2.09573 15.6862
      vertex -2.0382 -2.48355 15.3828
    endloop
  endfacet
  facet normal -0.558606 -0.616303 0.555094
    outer loop
      vertex -2.27181 -2.27181 15.3828
      vertex -2.42602 -2.42602 15.0564
      vertex -2.0382 -2.48355 15.3828
    endloop
  endfacet
  facet normal 0.427637 -0.713444 0.55509
    outer loop
      vertex 1.78495 -2.67137 15.3828
      vertex 1.61732 -3.0258 15.0564
      vertex 1.90611 -2.8527 15.0564
    endloop
  endfacet
  facet normal 0.427624 -0.713445 0.555098
    outer loop
      vertex 1.78495 -2.67137 15.3828
      vertex 1.51452 -2.83346 15.3828
      vertex 1.61732 -3.0258 15.0564
    endloop
  endfacet
  facet normal -0.525374 0.708583 0.471054
    outer loop
      vertex -2.14923 2.70988 15
      vertex -2.19568 2.67544 15
      vertex -2.17655 2.65213 15.0564
    endloop
  endfacet
  facet normal -0.728136 0.260515 0.633995
    outer loop
      vertex -2.7382 1.1342 15.6862
      vertex -3.07449 0.932635 15.3828
      vertex -2.83618 0.860347 15.6862
    endloop
  endfacet
  facet normal -0.75193 0.355621 0.555098
    outer loop
      vertex -3.0258 1.61732 15.0564
      vertex -3.16975 1.31295 15.0564
      vertex -2.83346 1.51452 15.3828
    endloop
  endfacet
  facet normal -0.238374 0.666211 0.70664
    outer loop
      vertex -0.779773 2.57057 15.9638
      vertex -1.1342 2.7382 15.6862
      vertex -1.02798 2.48176 15.9638
    endloop
  endfacet
  facet normal -0.238363 0.666223 0.706633
    outer loop
      vertex -0.860347 2.83618 15.6862
      vertex -1.1342 2.7382 15.6862
      vertex -0.779773 2.57057 15.9638
    endloop
  endfacet
  facet normal -0.453523 0.756631 0.470984
    outer loop
      vertex -1.68113 3.02266 15
      vertex -1.90611 2.8527 15.0564
      vertex -1.61732 3.0258 15.0564
    endloop
  endfacet
  facet normal -0.45348 0.756603 0.47107
    outer loop
      vertex -1.90611 2.8527 15.0564
      vertex -1.68113 3.02266 15
      vertex -1.92287 2.87777 15
    endloop
  endfacet
  facet normal -0.280228 0.783169 0.555085
    outer loop
      vertex -0.995941 3.28318 15.0564
      vertex -1.31295 3.16975 15.0564
      vertex -0.932635 3.07449 15.3828
    endloop
  endfacet
  facet normal -0.280224 0.783173 0.555081
    outer loop
      vertex -0.932635 3.07449 15.3828
      vertex -1.31295 3.16975 15.0564
      vertex -1.2295 2.96827 15.3828
    endloop
  endfacet
  facet normal -0.355621 0.75193 0.555098
    outer loop
      vertex -1.31295 3.16975 15.0564
      vertex -1.61732 3.0258 15.0564
      vertex -1.51452 2.83346 15.3828
    endloop
  endfacet
  facet normal -0.214344 0.8557 0.470993
    outer loop
      vertex -0.948604 3.32608 15
      vertex -0.669337 3.36499 15.0564
      vertex -0.67522 3.39456 15
    endloop
  endfacet
  facet normal -0.214343 0.855706 0.470983
    outer loop
      vertex -0.669337 3.36499 15.0564
      vertex -0.948604 3.32608 15
      vertex -0.995941 3.28318 15.0564
    endloop
  endfacet
  facet normal -0.214362 0.855709 0.470969
    outer loop
      vertex -0.948604 3.32608 15
      vertex -1.00469 3.31203 15
      vertex -0.995941 3.28318 15.0564
    endloop
  endfacet
  facet normal 0.103806 0.699919 0.706638
    outer loop
      vertex 0.290504 2.94953 15.6862
      vertex 0.263297 2.6733 15.9638
      vertex 0.578209 2.90686 15.6862
    endloop
  endfacet
  facet normal 0.129422 0.872552 0.471066
    outer loop
      vertex 0.618023 3.40305 15
      vertex 0.336287 3.41439 15.0564
      vertex 0.669337 3.36499 15.0564
    endloop
  endfacet
  facet normal 0.129421 0.872554 0.471062
    outer loop
      vertex 0.336287 3.41439 15.0564
      vertex 0.618023 3.40305 15
      vertex 0.339243 3.4444 15
    endloop
  endfacet
  facet normal 0.122042 0.822793 0.555084
    outer loop
      vertex 0.669337 3.36499 15.0564
      vertex 0.336287 3.41439 15.0564
      vertex 0.626792 3.1511 15.3828
    endloop
  endfacet
  facet normal 0.122042 0.822793 0.555084
    outer loop
      vertex 0.336287 3.41439 15.0564
      vertex 0.314912 3.19736 15.3828
      vertex 0.626792 3.1511 15.3828
    endloop
  endfacet
  facet normal 0.756633 0.453522 0.470983
    outer loop
      vertex 3.05239 1.63153 15
      vertex 3.02266 1.68113 15
      vertex 3.0258 1.61732 15.0564
    endloop
  endfacet
  facet normal 0.797457 0.377141 0.470985
    outer loop
      vertex 3.05239 1.63153 15
      vertex 3.0258 1.61732 15.0564
      vertex 3.07711 1.57926 15
    endloop
  endfacet
  facet normal 0.77241 -0.037942 0.63399
    outer loop
      vertex 2.9638 0 15.6862
      vertex 2.94953 -0.290504 15.6862
      vertex 3.19736 -0.314912 15.3828
    endloop
  endfacet
  facet normal 0.764972 -0.113465 0.63399
    outer loop
      vertex 3.19736 -0.314912 15.3828
      vertex 2.94953 -0.290504 15.6862
      vertex 3.1511 -0.626792 15.3828
    endloop
  endfacet
  facet normal 0.764979 0.113455 0.633983
    outer loop
      vertex 3.1511 0.626792 15.3828
      vertex 2.90686 0.578209 15.6862
      vertex 2.94953 0.290504 15.6862
    endloop
  endfacet
  facet normal 0.750155 0.187926 0.633996
    outer loop
      vertex 3.07449 0.932635 15.3828
      vertex 2.83618 0.860347 15.6862
      vertex 2.90686 0.578209 15.6862
    endloop
  endfacet
  facet normal 0.881037 0.0432866 0.471062
    outer loop
      vertex 3.41439 0.336287 15.0564
      vertex 3.45823 0.0577527 15
      vertex 3.4444 0.339243 15
    endloop
  endfacet
  facet normal 0.881026 0.0432801 0.471084
    outer loop
      vertex 3.45823 0.0577527 15
      vertex 3.41439 0.336287 15.0564
      vertex 3.43091 0 15.0564
    endloop
  endfacet
  facet normal 0.69909 -0.330659 0.633986
    outer loop
      vertex 2.96827 -1.2295 15.3828
      vertex 2.7382 -1.1342 15.6862
      vertex 2.83346 -1.51452 15.3828
    endloop
  endfacet
  facet normal 0.756633 -0.453522 0.470983
    outer loop
      vertex 3.0258 -1.61732 15.0564
      vertex 3.02266 -1.68113 15
      vertex 3.05239 -1.63153 15
    endloop
  endfacet
  facet normal 0.62116 -0.460677 0.633985
    outer loop
      vertex 2.67137 -1.78495 15.3828
      vertex 2.29105 -1.88022 15.6862
      vertex 2.48355 -2.0382 15.3828
    endloop
  endfacet
  facet normal 0.573011 -0.519367 0.633968
    outer loop
      vertex 2.48355 -2.0382 15.3828
      vertex 2.09573 -2.09573 15.6862
      vertex 2.27181 -2.27181 15.3828
    endloop
  endfacet
  facet normal 0.783173 -0.280224 0.555081
    outer loop
      vertex 3.07449 -0.932635 15.3828
      vertex 2.96827 -1.2295 15.3828
      vertex 3.16975 -1.31295 15.0564
    endloop
  endfacet
  facet normal 0.728138 -0.260532 0.633986
    outer loop
      vertex 3.07449 -0.932635 15.3828
      vertex 2.7382 -1.1342 15.6862
      vertex 2.96827 -1.2295 15.3828
    endloop
  endfacet
  facet normal 0.639637 -0.302532 0.706639
    outer loop
      vertex 2.48176 -1.02798 15.9638
      vertex 2.36905 -1.26628 15.9638
      vertex 2.61384 -1.39713 15.6862
    endloop
  endfacet
  facet normal 0.639636 -0.302533 0.70664
    outer loop
      vertex 2.7382 -1.1342 15.6862
      vertex 2.48176 -1.02798 15.9638
      vertex 2.61384 -1.39713 15.6862
    endloop
  endfacet
  facet normal 0.699908 -0.103821 0.706647
    outer loop
      vertex 2.6733 -0.263297 15.9638
      vertex 2.63462 -0.524058 15.9638
      vertex 2.90686 -0.578209 15.6862
    endloop
  endfacet
  facet normal 0.627938 -0.0931452 0.772669
    outer loop
      vertex 2.6733 -0.263297 15.9638
      vertex 2.33701 -0.46486 16.2128
      vertex 2.63462 -0.524058 15.9638
    endloop
  endfacet
  facet normal 0.457809 -0.114687 0.881622
    outer loop
      vertex 2.0169 -0.401185 16.4309
      vertex 1.63658 -0.49645 16.616
      vertex 1.96786 -0.596944 16.4309
    endloop
  endfacet
  facet normal 0.539399 -0.135126 0.831138
    outer loop
      vertex 2.0169 -0.401185 16.4309
      vertex 1.96786 -0.596944 16.4309
      vertex 2.33701 -0.46486 16.2128
    endloop
  endfacet
  facet normal 0.290141 0.0142562 0.956878
    outer loop
      vertex 1.34107 0.132084 16.7662
      vertex 0.96724 0.0952644 16.8801
      vertex 1.34756 0 16.7662
    endloop
  endfacet
  facet normal 0.290141 -0.0142536 0.956878
    outer loop
      vertex 0.97192 0 16.8801
      vertex 0.96724 -0.0952644 16.8801
      vertex 1.34756 0 16.7662
    endloop
  endfacet
  facet normal 0.281783 0.0705813 0.956879
    outer loop
      vertex 1.32167 0.262896 16.7662
      vertex 0.93007 0.282133 16.8801
      vertex 0.953245 0.189611 16.8801
    endloop
  endfacet
  facet normal 0.193249 0.0286645 0.980731
    outer loop
      vertex 0.953245 0.189611 16.8801
      vertex 0.575644 0.114502 16.9567
      vertex 0.584095 0.0575275 16.9567
    endloop
  endfacet
  facet normal -0.0504828 0.0842245 0.995167
    outer loop
      vertex -0.0925207 0.173095 16.9952
      vertex -0.326076 0.488008 16.9567
      vertex -0.109041 0.163193 16.9952
    endloop
  endfacet
  facet normal -0.00481781 0.0980769 0.995167
    outer loop
      vertex 0 0.586922 16.9567
      vertex -0.0192375 0.195325 16.9952
      vertex 0 0.19627 16.9952
    endloop
  endfacet
  facet normal 0.176604 0.0835316 0.980731
    outer loop
      vertex 0.857157 0.458159 16.8801
      vertex 0.517618 0.276672 16.9567
      vertex 0.542245 0.224605 16.9567
    endloop
  endfacet
  facet normal 0.156915 0.11638 0.980731
    outer loop
      vertex 0.751305 0.616579 16.8801
      vertex 0.453696 0.372339 16.9567
      vertex 0.488008 0.326076 16.9567
    endloop
  endfacet
  facet normal 0.156918 0.116377 0.980731
    outer loop
      vertex 0.751305 0.616579 16.8801
      vertex 0.488008 0.326076 16.9567
      vertex 0.808122 0.539969 16.8801
    endloop
  endfacet
  facet normal 0.100437 0.167569 0.980731
    outer loop
      vertex 0.458159 0.857157 16.8801
      vertex 0.326076 0.488008 16.9567
      vertex 0.539969 0.808122 16.8801
    endloop
  endfacet
  facet normal 0.0286645 0.193249 0.980731
    outer loop
      vertex 0.189611 0.953245 16.8801
      vertex 0.0575275 0.584095 16.9567
      vertex 0.114502 0.575644 16.9567
    endloop
  endfacet
  facet normal -0.379071 0.281147 0.881624
    outer loop
      vertex -1.32202 1.08495 16.616
      vertex -1.58963 1.30457 16.4309
      vertex -1.422 0.950147 16.616
    endloop
  endfacet
  facet normal -0.0144076 -0.0971327 0.995167
    outer loop
      vertex -0.03829 -0.192499 16.9952
      vertex -0.114502 -0.575644 16.9567
      vertex -0.0575275 -0.584095 16.9567
    endloop
  endfacet
  facet normal 0 0 1
    outer loop
      vertex 0.195325 0.0192375 16.9952
      vertex 0.195325 -0.0192375 16.9952
      vertex 0.19627 0 16.9952
    endloop
  endfacet
  facet normal 0 0 1
    outer loop
      vertex 0.192499 0.03829 16.9952
      vertex 0.195325 -0.0192375 16.9952
      vertex 0.195325 0.0192375 16.9952
    endloop
  endfacet
  facet normal 0 0 1
    outer loop
      vertex 0.192499 0.03829 16.9952
      vertex 0.192499 -0.03829 16.9952
      vertex 0.195325 -0.0192375 16.9952
    endloop
  endfacet
  facet normal 0 0 1
    outer loop
      vertex 0.187819 0.0569735 16.9952
      vertex 0.192499 -0.03829 16.9952
      vertex 0.192499 0.03829 16.9952
    endloop
  endfacet
  facet normal 0 0 1
    outer loop
      vertex 0.187819 0.0569735 16.9952
      vertex 0.187819 -0.0569735 16.9952
      vertex 0.192499 -0.03829 16.9952
    endloop
  endfacet
  facet normal 0 0 1
    outer loop
      vertex 0.18133 0.0751095 16.9952
      vertex 0.187819 -0.0569735 16.9952
      vertex 0.187819 0.0569735 16.9952
    endloop
  endfacet
  facet normal 0 0 1
    outer loop
      vertex 0.18133 0.0751095 16.9952
      vertex 0.18133 -0.0751095 16.9952
      vertex 0.187819 -0.0569735 16.9952
    endloop
  endfacet
  facet normal 0 0 1
    outer loop
      vertex 0.173095 0.0925207 16.9952
      vertex 0.18133 -0.0751095 16.9952
      vertex 0.18133 0.0751095 16.9952
    endloop
  endfacet
  facet normal 0 0 1
    outer loop
      vertex 0.173095 0.0925207 16.9952
      vertex 0.173095 -0.0925207 16.9952
      vertex 0.18133 -0.0751095 16.9952
    endloop
  endfacet
  facet normal 0 0 1
    outer loop
      vertex 0.163193 0.109041 16.9952
      vertex 0.173095 -0.0925207 16.9952
      vertex 0.173095 0.0925207 16.9952
    endloop
  endfacet
  facet normal 0 0 1
    outer loop
      vertex 0.163193 0.109041 16.9952
      vertex 0.163193 -0.109041 16.9952
      vertex 0.173095 -0.0925207 16.9952
    endloop
  endfacet
  facet normal 0 0 1
    outer loop
      vertex 0.151719 0.124513 16.9952
      vertex 0.163193 -0.109041 16.9952
      vertex 0.163193 0.109041 16.9952
    endloop
  endfacet
  facet normal 0 0 1
    outer loop
      vertex 0.151719 0.124513 16.9952
      vertex 0.151719 -0.124513 16.9952
      vertex 0.163193 -0.109041 16.9952
    endloop
  endfacet
  facet normal 0 0 1
    outer loop
      vertex 0.138783 0.138783 16.9952
      vertex 0.151719 -0.124513 16.9952
      vertex 0.151719 0.124513 16.9952
    endloop
  endfacet
  facet normal 0 0 1
    outer loop
      vertex 0.138783 0.138783 16.9952
      vertex 0.138783 -0.138783 16.9952
      vertex 0.151719 -0.124513 16.9952
    endloop
  endfacet
  facet normal 0 0 1
    outer loop
      vertex 0.124513 0.151719 16.9952
      vertex 0.138783 -0.138783 16.9952
      vertex 0.138783 0.138783 16.9952
    endloop
  endfacet
  facet normal 0 0 1
    outer loop
      vertex 0.124513 0.151719 16.9952
      vertex 0.124513 -0.151719 16.9952
      vertex 0.138783 -0.138783 16.9952
    endloop
  endfacet
  facet normal 0 0 1
    outer loop
      vertex 0.109041 0.163193 16.9952
      vertex 0.124513 -0.151719 16.9952
      vertex 0.124513 0.151719 16.9952
    endloop
  endfacet
  facet normal 0 0 1
    outer loop
      vertex 0.109041 0.163193 16.9952
      vertex 0.109041 -0.163193 16.9952
      vertex 0.124513 -0.151719 16.9952
    endloop
  endfacet
  facet normal 0 0 1
    outer loop
      vertex 0.0925207 0.173095 16.9952
      vertex 0.109041 -0.163193 16.9952
      vertex 0.109041 0.163193 16.9952
    endloop
  endfacet
  facet normal 0 0 1
    outer loop
      vertex 0.0925207 0.173095 16.9952
      vertex 0.0925207 -0.173095 16.9952
      vertex 0.109041 -0.163193 16.9952
    endloop
  endfacet
  facet normal 0 0 1
    outer loop
      vertex 0.0751095 0.18133 16.9952
      vertex 0.0925207 -0.173095 16.9952
      vertex 0.0925207 0.173095 16.9952
    endloop
  endfacet
  facet normal 0 0 1
    outer loop
      vertex 0.0751095 0.18133 16.9952
      vertex 0.0751095 -0.18133 16.9952
      vertex 0.0925207 -0.173095 16.9952
    endloop
  endfacet
  facet normal 0 0 1
    outer loop
      vertex 0.0569735 0.187819 16.9952
      vertex 0.0751095 -0.18133 16.9952
      vertex 0.0751095 0.18133 16.9952
    endloop
  endfacet
  facet normal 0 0 1
    outer loop
      vertex 0.0569735 0.187819 16.9952
      vertex 0.0569735 -0.187819 16.9952
      vertex 0.0751095 -0.18133 16.9952
    endloop
  endfacet
  facet normal 0 0 1
    outer loop
      vertex 0.03829 0.192499 16.9952
      vertex 0.0569735 -0.187819 16.9952
      vertex 0.0569735 0.187819 16.9952
    endloop
  endfacet
  facet normal 0 0 1
    outer loop
      vertex 0.03829 0.192499 16.9952
      vertex 0.03829 -0.192499 16.9952
      vertex 0.0569735 -0.187819 16.9952
    endloop
  endfacet
  facet normal 0 0 1
    outer loop
      vertex 0.0192375 0.195325 16.9952
      vertex 0.03829 -0.192499 16.9952
      vertex 0.03829 0.192499 16.9952
    endloop
  endfacet
  facet normal 0 0 1
    outer loop
      vertex 0.0192375 0.195325 16.9952
      vertex 0.0192375 -0.195325 16.9952
      vertex 0.03829 -0.192499 16.9952
    endloop
  endfacet
  facet normal 0 0 1
    outer loop
      vertex 0 0.19627 16.9952
      vertex 0.0192375 -0.195325 16.9952
      vertex 0.0192375 0.195325 16.9952
    endloop
  endfacet
  facet normal 0 0 1
    outer loop
      vertex 0 0.19627 16.9952
      vertex 0 -0.19627 16.9952
      vertex 0.0192375 -0.195325 16.9952
    endloop
  endfacet
  facet normal -0 0 1
    outer loop
      vertex -0.0192375 0.195325 16.9952
      vertex 0 -0.19627 16.9952
      vertex 0 0.19627 16.9952
    endloop
  endfacet
  facet normal 0 0 1
    outer loop
      vertex -0.0192375 0.195325 16.9952
      vertex -0.0192375 -0.195325 16.9952
      vertex 0 -0.19627 16.9952
    endloop
  endfacet
  facet normal -0 0 1
    outer loop
      vertex -0.03829 0.192499 16.9952
      vertex -0.0192375 -0.195325 16.9952
      vertex -0.0192375 0.195325 16.9952
    endloop
  endfacet
  facet normal 0 0 1
    outer loop
      vertex -0.03829 0.192499 16.9952
      vertex -0.03829 -0.192499 16.9952
      vertex -0.0192375 -0.195325 16.9952
    endloop
  endfacet
  facet normal -0 0 1
    outer loop
      vertex -0.0569735 0.187819 16.9952
      vertex -0.03829 -0.192499 16.9952
      vertex -0.03829 0.192499 16.9952
    endloop
  endfacet
  facet normal 0 0 1
    outer loop
      vertex -0.0569735 0.187819 16.9952
      vertex -0.0569735 -0.187819 16.9952
      vertex -0.03829 -0.192499 16.9952
    endloop
  endfacet
  facet normal -0 0 1
    outer loop
      vertex -0.0751095 0.18133 16.9952
      vertex -0.0569735 -0.187819 16.9952
      vertex -0.0569735 0.187819 16.9952
    endloop
  endfacet
  facet normal 0 0 1
    outer loop
      vertex -0.0751095 0.18133 16.9952
      vertex -0.0751095 -0.18133 16.9952
      vertex -0.0569735 -0.187819 16.9952
    endloop
  endfacet
  facet normal -0 0 1
    outer loop
      vertex -0.0925207 0.173095 16.9952
      vertex -0.0751095 -0.18133 16.9952
      vertex -0.0751095 0.18133 16.9952
    endloop
  endfacet
  facet normal 0 0 1
    outer loop
      vertex -0.0925207 0.173095 16.9952
      vertex -0.0925207 -0.173095 16.9952
      vertex -0.0751095 -0.18133 16.9952
    endloop
  endfacet
  facet normal -0 0 1
    outer loop
      vertex -0.109041 0.163193 16.9952
      vertex -0.0925207 -0.173095 16.9952
      vertex -0.0925207 0.173095 16.9952
    endloop
  endfacet
  facet normal 0 0 1
    outer loop
      vertex -0.109041 0.163193 16.9952
      vertex -0.109041 -0.163193 16.9952
      vertex -0.0925207 -0.173095 16.9952
    endloop
  endfacet
  facet normal -0 0 1
    outer loop
      vertex -0.124513 0.151719 16.9952
      vertex -0.109041 -0.163193 16.9952
      vertex -0.109041 0.163193 16.9952
    endloop
  endfacet
  facet normal 0 0 1
    outer loop
      vertex -0.124513 0.151719 16.9952
      vertex -0.124513 -0.151719 16.9952
      vertex -0.109041 -0.163193 16.9952
    endloop
  endfacet
  facet normal -0 0 1
    outer loop
      vertex -0.138783 0.138783 16.9952
      vertex -0.124513 -0.151719 16.9952
      vertex -0.124513 0.151719 16.9952
    endloop
  endfacet
  facet normal 0 0 1
    outer loop
      vertex -0.138783 0.138783 16.9952
      vertex -0.138783 -0.138783 16.9952
      vertex -0.124513 -0.151719 16.9952
    endloop
  endfacet
  facet normal -0 0 1
    outer loop
      vertex -0.151719 0.124513 16.9952
      vertex -0.138783 -0.138783 16.9952
      vertex -0.138783 0.138783 16.9952
    endloop
  endfacet
  facet normal 0 0 1
    outer loop
      vertex -0.151719 0.124513 16.9952
      vertex -0.151719 -0.124513 16.9952
      vertex -0.138783 -0.138783 16.9952
    endloop
  endfacet
  facet normal -0 0 1
    outer loop
      vertex -0.163193 0.109041 16.9952
      vertex -0.151719 -0.124513 16.9952
      vertex -0.151719 0.124513 16.9952
    endloop
  endfacet
  facet normal 0 0 1
    outer loop
      vertex -0.163193 0.109041 16.9952
      vertex -0.163193 -0.109041 16.9952
      vertex -0.151719 -0.124513 16.9952
    endloop
  endfacet
  facet normal -0 0 1
    outer loop
      vertex -0.173095 0.0925207 16.9952
      vertex -0.163193 -0.109041 16.9952
      vertex -0.163193 0.109041 16.9952
    endloop
  endfacet
  facet normal 0 0 1
    outer loop
      vertex -0.173095 0.0925207 16.9952
      vertex -0.173095 -0.0925207 16.9952
      vertex -0.163193 -0.109041 16.9952
    endloop
  endfacet
  facet normal -0 0 1
    outer loop
      vertex -0.18133 0.0751095 16.9952
      vertex -0.173095 -0.0925207 16.9952
      vertex -0.173095 0.0925207 16.9952
    endloop
  endfacet
  facet normal 0 0 1
    outer loop
      vertex -0.18133 0.0751095 16.9952
      vertex -0.18133 -0.0751095 16.9952
      vertex -0.173095 -0.0925207 16.9952
    endloop
  endfacet
  facet normal -0 0 1
    outer loop
      vertex -0.187819 0.0569735 16.9952
      vertex -0.18133 -0.0751095 16.9952
      vertex -0.18133 0.0751095 16.9952
    endloop
  endfacet
  facet normal 0 0 1
    outer loop
      vertex -0.187819 0.0569735 16.9952
      vertex -0.187819 -0.0569735 16.9952
      vertex -0.18133 -0.0751095 16.9952
    endloop
  endfacet
  facet normal -0 0 1
    outer loop
      vertex -0.192499 0.03829 16.9952
      vertex -0.187819 -0.0569735 16.9952
      vertex -0.187819 0.0569735 16.9952
    endloop
  endfacet
  facet normal 0 0 1
    outer loop
      vertex -0.192499 0.03829 16.9952
      vertex -0.192499 -0.03829 16.9952
      vertex -0.187819 -0.0569735 16.9952
    endloop
  endfacet
  facet normal -0 0 1
    outer loop
      vertex -0.195325 0.0192375 16.9952
      vertex -0.192499 -0.03829 16.9952
      vertex -0.192499 0.03829 16.9952
    endloop
  endfacet
  facet normal 0 0 1
    outer loop
      vertex -0.195325 0.0192375 16.9952
      vertex -0.195325 -0.0192375 16.9952
      vertex -0.192499 -0.03829 16.9952
    endloop
  endfacet
  facet normal 0 -0 1
    outer loop
      vertex -0.195325 -0.0192375 16.9952
      vertex -0.195325 0.0192375 16.9952
      vertex -0.19627 0 16.9952
    endloop
  endfacet
  facet normal -0.0330793 0.0924559 0.995167
    outer loop
      vertex -0.170374 0.561648 16.9567
      vertex -0.224605 0.542245 16.9567
      vertex -0.0751095 0.18133 16.9952
    endloop
  endfacet
  facet normal 0.0504828 0.0842245 0.995167
    outer loop
      vertex 0.326076 0.488008 16.9567
      vertex 0.0925207 0.173095 16.9952
      vertex 0.109041 0.163193 16.9952
    endloop
  endfacet
  facet normal 0.114687 0.457809 0.881622
    outer loop
      vertex 0.596944 1.96786 16.4309
      vertex 0.401185 2.0169 16.4309
      vertex 0.49645 1.63658 16.616
    endloop
  endfacet
  facet normal 0.196924 0.32853 0.923736
    outer loop
      vertex 0.950147 1.422 16.616
      vertex 0.635235 1.18844 16.7662
      vertex 0.748663 1.12045 16.7662
    endloop
  endfacet
  facet normal -0.0286657 0.193249 0.980731
    outer loop
      vertex -0.0952644 0.96724 16.8801
      vertex -0.189611 0.953245 16.8801
      vertex -0.0575275 0.584095 16.9567
    endloop
  endfacet
  facet normal -0.0238608 0.0952523 0.995167
    outer loop
      vertex -0.114502 0.575644 16.9567
      vertex -0.170374 0.561648 16.9567
      vertex -0.03829 0.192499 16.9952
    endloop
  endfacet
  facet normal -0.471376 0.0231709 0.881628
    outer loop
      vertex -1.70198 0.16763 16.616
      vertex -2.04651 0.201563 16.4309
      vertex -1.71022 0 16.616
    endloop
  endfacet
  facet normal -0.382578 0.0188059 0.923732
    outer loop
      vertex -1.70198 0.16763 16.616
      vertex -1.71022 0 16.616
      vertex -1.34107 0.132084 16.7662
    endloop
  endfacet
  facet normal -0.371554 0.0930921 0.923732
    outer loop
      vertex -1.28953 0.391175 16.7662
      vertex -1.67736 0.333647 16.616
      vertex -1.32167 0.262896 16.7662
    endloop
  endfacet
  facet normal -0.195128 0.0095889 0.980731
    outer loop
      vertex -0.584095 0.0575275 16.9567
      vertex -0.96724 0.0952644 16.8801
      vertex -0.586922 0 16.9567
    endloop
  endfacet
  facet normal -0.0474718 0.189507 0.980731
    outer loop
      vertex -0.114502 0.575644 16.9567
      vertex -0.282133 0.93007 16.8801
      vertex -0.170374 0.561648 16.9567
    endloop
  endfacet
  facet normal -0.0231526 0.471384 0.881624
    outer loop
      vertex 0 2.05641 16.4309
      vertex -0.201563 2.04651 16.4309
      vertex 0 1.71022 16.616
    endloop
  endfacet
  facet normal -0.378145 0.509894 0.772667
    outer loop
      vertex -1.49239 2.23352 15.9638
      vertex -1.51163 1.84193 16.2128
      vertex -1.32381 1.98122 16.2128
    endloop
  endfacet
  facet normal -0.363775 0.6069 0.70664
    outer loop
      vertex -1.39713 2.61384 15.6862
      vertex -1.49239 2.23352 15.9638
      vertex -1.26628 2.36905 15.9638
    endloop
  endfacet
  facet normal -0.475167 0.524287 0.70664
    outer loop
      vertex -1.88022 2.29105 15.6862
      vertex -1.89946 1.89946 15.9638
      vertex -1.70413 2.07649 15.9638
    endloop
  endfacet
  facet normal -0.592395 0.653585 0.471057
    outer loop
      vertex -2.4045 2.48617 15
      vertex -2.17655 2.65213 15.0564
      vertex -2.19568 2.67544 15
    endloop
  endfacet
  facet normal -0.592401 0.653603 0.471024
    outer loop
      vertex -2.17655 2.65213 15.0564
      vertex -2.4045 2.48617 15
      vertex -2.42602 2.42602 15.0564
    endloop
  endfacet
  facet normal -0.544493 0.326364 0.772667
    outer loop
      vertex -1.98122 1.32381 16.2128
      vertex -2.23352 1.49239 15.9638
      vertex -2.10144 1.12324 16.2128
    endloop
  endfacet
  facet normal -0.54449 0.326366 0.772668
    outer loop
      vertex -2.23352 1.49239 15.9638
      vertex -2.36905 1.26628 15.9638
      vertex -2.10144 1.12324 16.2128
    endloop
  endfacet
  facet normal -0.502664 0.23776 0.831143
    outer loop
      vertex -1.81359 0.969385 16.4309
      vertex -2.10144 1.12324 16.2128
      vertex -1.89988 0.786954 16.4309
    endloop
  endfacet
  facet normal -0.426633 0.201798 0.881625
    outer loop
      vertex -1.81359 0.969385 16.4309
      vertex -1.89988 0.786954 16.4309
      vertex -1.58004 0.654472 16.616
    endloop
  endfacet
  facet normal -0.476946 0.285878 0.831141
    outer loop
      vertex -1.98122 1.32381 16.2128
      vertex -2.10144 1.12324 16.2128
      vertex -1.70984 1.14248 16.4309
    endloop
  endfacet
  facet normal -0.379085 0.281139 0.881621
    outer loop
      vertex -1.58963 1.30457 16.4309
      vertex -1.70984 1.14248 16.4309
      vertex -1.422 0.950147 16.616
    endloop
  endfacet
  facet normal -0.555395 -0.0272995 0.831138
    outer loop
      vertex -2.04651 -0.201563 16.4309
      vertex -2.3828 0 16.2128
      vertex -2.37132 -0.233555 16.2128
    endloop
  endfacet
  facet normal -0.382578 -0.0188059 0.923732
    outer loop
      vertex -1.34107 -0.132084 16.7662
      vertex -1.71022 0 16.616
      vertex -1.70198 -0.16763 16.616
    endloop
  endfacet
  facet normal -0.371552 0.0930689 0.923735
    outer loop
      vertex -1.63658 0.49645 16.616
      vertex -1.67736 0.333647 16.616
      vertex -1.28953 0.391175 16.7662
    endloop
  endfacet
  facet normal -0.426639 0.201792 0.881623
    outer loop
      vertex -1.50828 0.806191 16.616
      vertex -1.81359 0.969385 16.4309
      vertex -1.58004 0.654472 16.616
    endloop
  endfacet
  facet normal 0.0924559 -0.0330793 0.995167
    outer loop
      vertex 0.561648 -0.170374 16.9567
      vertex 0.18133 -0.0751095 16.9952
      vertex 0.542245 -0.224605 16.9567
    endloop
  endfacet
  facet normal -0.0419856 -0.0887669 0.995167
    outer loop
      vertex -0.0925207 -0.173095 16.9952
      vertex -0.276672 -0.517618 16.9567
      vertex -0.224605 -0.542245 16.9567
    endloop
  endfacet
  facet normal -0.0504828 -0.0842245 0.995167
    outer loop
      vertex -0.109041 -0.163193 16.9952
      vertex -0.326076 -0.488008 16.9567
      vertex -0.0925207 -0.173095 16.9952
    endloop
  endfacet
  facet normal -0.0095889 0.195128 0.980731
    outer loop
      vertex 0 0.586922 16.9567
      vertex -0.0952644 0.96724 16.8801
      vertex -0.0575275 0.584095 16.9567
    endloop
  endfacet
  facet normal -0.0924559 -0.0330793 0.995167
    outer loop
      vertex -0.18133 -0.0751095 16.9952
      vertex -0.561648 -0.170374 16.9567
      vertex -0.542245 -0.224605 16.9567
    endloop
  endfacet
  facet normal 0.0330803 -0.0924557 0.995167
    outer loop
      vertex 0.0751095 -0.18133 16.9952
      vertex 0.0569735 -0.187819 16.9952
      vertex 0.170374 -0.561648 16.9567
    endloop
  endfacet
  facet normal -0.0561917 0.378894 0.923732
    outer loop
      vertex -0.132084 1.34107 16.7662
      vertex -0.333647 1.67736 16.616
      vertex -0.262896 1.32167 16.7662
    endloop
  endfacet
  facet normal 0.154238 0.615786 0.772669
    outer loop
      vertex 0.524058 2.63462 15.9638
      vertex 0.46486 2.33701 16.2128
      vertex 0.779773 2.57057 15.9638
    endloop
  endfacet
  facet normal -0.201798 0.426633 0.881625
    outer loop
      vertex -0.786954 1.89988 16.4309
      vertex -0.969385 1.81359 16.4309
      vertex -0.654472 1.58004 16.616
    endloop
  endfacet
  facet normal -0.201792 0.426639 0.881623
    outer loop
      vertex -0.654472 1.58004 16.616
      vertex -0.969385 1.81359 16.4309
      vertex -0.806191 1.50828 16.616
    endloop
  endfacet
  facet normal -0.171947 0.68637 0.706633
    outer loop
      vertex -0.578209 2.90686 15.6862
      vertex -0.860347 2.83618 15.6862
      vertex -0.779773 2.57057 15.9638
    endloop
  endfacet
  facet normal -0.260532 0.728138 0.633986
    outer loop
      vertex -0.932635 3.07449 15.3828
      vertex -1.2295 2.96827 15.3828
      vertex -1.1342 2.7382 15.6862
    endloop
  endfacet
  facet normal -0.103806 0.699919 0.706638
    outer loop
      vertex -0.290504 2.94953 15.6862
      vertex -0.578209 2.90686 15.6862
      vertex -0.263297 2.6733 15.9638
    endloop
  endfacet
  facet normal -0.0347153 0.706723 0.706638
    outer loop
      vertex 0 2.9638 15.6862
      vertex -0.290504 2.94953 15.6862
      vertex -0.263297 2.6733 15.9638
    endloop
  endfacet
  facet normal 0.378145 0.509894 0.772667
    outer loop
      vertex 1.49239 2.23352 15.9638
      vertex 1.32381 1.98122 16.2128
      vertex 1.51163 1.84193 16.2128
    endloop
  endfacet
  facet normal 0.326364 0.544493 0.772667
    outer loop
      vertex 1.49239 2.23352 15.9638
      vertex 1.12324 2.10144 16.2128
      vertex 1.32381 1.98122 16.2128
    endloop
  endfacet
  facet normal 0.349689 0.316949 0.881624
    outer loop
      vertex 1.4541 1.4541 16.4309
      vertex 1.32202 1.08495 16.616
      vertex 1.58963 1.30457 16.4309
    endloop
  endfacet
  facet normal 0.281147 0.379071 0.881624
    outer loop
      vertex 1.30457 1.58963 16.4309
      vertex 0.950147 1.422 16.616
      vertex 1.08495 1.32202 16.616
    endloop
  endfacet
  facet normal 0.373433 0.412008 0.831142
    outer loop
      vertex 1.68489 1.68489 16.2128
      vertex 1.30457 1.58963 16.4309
      vertex 1.4541 1.4541 16.4309
    endloop
  endfacet
  facet normal 0.412005 0.373435 0.831143
    outer loop
      vertex 1.68489 1.68489 16.2128
      vertex 1.58963 1.30457 16.4309
      vertex 1.84193 1.51163 16.2128
    endloop
  endfacet
  facet normal 0.316949 0.349689 0.881624
    outer loop
      vertex 1.30457 1.58963 16.4309
      vertex 1.08495 1.32202 16.616
      vertex 1.4541 1.4541 16.4309
    endloop
  endfacet
  facet normal 0.228156 0.307662 0.923736
    outer loop
      vertex 0.950147 1.422 16.616
      vertex 0.748663 1.12045 16.7662
      vertex 0.854882 1.04168 16.7662
    endloop
  endfacet
  facet normal 0.262604 0.124199 0.956877
    outer loop
      vertex 1.18844 0.635235 16.7662
      vertex 0.897937 0.371938 16.8801
      vertex 1.24498 0.515688 16.7662
    endloop
  endfacet
  facet normal 0.426633 0.201798 0.881625
    outer loop
      vertex 1.81359 0.969385 16.4309
      vertex 1.58004 0.654472 16.616
      vertex 1.89988 0.786954 16.4309
    endloop
  endfacet
  facet normal 0.360643 0.129036 0.923735
    outer loop
      vertex 1.58004 0.654472 16.616
      vertex 1.24498 0.515688 16.7662
      vertex 1.28953 0.391175 16.7662
    endloop
  endfacet
  facet normal 0.371552 0.0930689 0.923735
    outer loop
      vertex 1.63658 0.49645 16.616
      vertex 1.28953 0.391175 16.7662
      vertex 1.67736 0.333647 16.616
    endloop
  endfacet
  facet normal 0.573859 0.271421 0.772668
    outer loop
      vertex 2.36905 1.26628 15.9638
      vertex 2.10144 1.12324 16.2128
      vertex 2.48176 1.02798 15.9638
    endloop
  endfacet
  facet normal 0.379085 0.281139 0.881621
    outer loop
      vertex 1.58963 1.30457 16.4309
      vertex 1.422 0.950147 16.616
      vertex 1.70984 1.14248 16.4309
    endloop
  endfacet
  facet normal 0.756603 0.45348 0.47107
    outer loop
      vertex 2.8527 1.90611 15.0564
      vertex 3.02266 1.68113 15
      vertex 2.87777 1.92287 15
    endloop
  endfacet
  facet normal 0.756631 0.453523 0.470984
    outer loop
      vertex 3.02266 1.68113 15
      vertex 2.8527 1.90611 15.0564
      vertex 3.0258 1.61732 15.0564
    endloop
  endfacet
  facet normal 0.668105 0.495493 0.555088
    outer loop
      vertex 2.65213 2.17655 15.0564
      vertex 2.48355 2.0382 15.3828
      vertex 2.67137 1.78495 15.3828
    endloop
  endfacet
  facet normal 0.639637 0.302532 0.706639
    outer loop
      vertex 2.61384 1.39713 15.6862
      vertex 2.36905 1.26628 15.9638
      vertex 2.48176 1.02798 15.9638
    endloop
  endfacet
  facet normal 0.6069 0.363775 0.70664
    outer loop
      vertex 2.61384 1.39713 15.6862
      vertex 2.23352 1.49239 15.9638
      vertex 2.36905 1.26628 15.9638
    endloop
  endfacet
  facet normal 0.426304 0.470372 0.772667
    outer loop
      vertex 1.70413 2.07649 15.9638
      vertex 1.51163 1.84193 16.2128
      vertex 1.89946 1.89946 15.9638
    endloop
  endfacet
  facet normal 0.475167 0.524287 0.70664
    outer loop
      vertex 1.88022 2.29105 15.6862
      vertex 1.70413 2.07649 15.9638
      vertex 1.89946 1.89946 15.9638
    endloop
  endfacet
  facet normal 0.524287 0.475167 0.70664
    outer loop
      vertex 2.29105 1.88022 15.6862
      vertex 1.89946 1.89946 15.9638
      vertex 2.07649 1.70413 15.9638
    endloop
  endfacet
  facet normal 0.470372 0.426304 0.772667
    outer loop
      vertex 1.89946 1.89946 15.9638
      vertex 1.84193 1.51163 16.2128
      vertex 2.07649 1.70413 15.9638
    endloop
  endfacet
  facet normal 0.0815898 0.550048 0.831138
    outer loop
      vertex 0.233555 2.37132 16.2128
      vertex 0.201563 2.04651 16.4309
      vertex 0.46486 2.33701 16.2128
    endloop
  endfacet
  facet normal 0.302533 0.639636 0.70664
    outer loop
      vertex 1.1342 2.7382 15.6862
      vertex 1.02798 2.48176 15.9638
      vertex 1.39713 2.61384 15.6862
    endloop
  endfacet
  facet normal 0.113455 0.764979 0.633983
    outer loop
      vertex 0.626792 3.1511 15.3828
      vertex 0.290504 2.94953 15.6862
      vertex 0.578209 2.90686 15.6862
    endloop
  endfacet
  facet normal 0.135117 0.539397 0.83114
    outer loop
      vertex 0.691689 2.28019 16.2128
      vertex 0.46486 2.33701 16.2128
      vertex 0.596944 1.96786 16.4309
    endloop
  endfacet
  facet normal 0.280228 0.783169 0.555085
    outer loop
      vertex 0.995941 3.28318 15.0564
      vertex 0.932635 3.07449 15.3828
      vertex 1.31295 3.16975 15.0564
    endloop
  endfacet
  facet normal 0.280224 0.783173 0.555081
    outer loop
      vertex 1.31295 3.16975 15.0564
      vertex 0.932635 3.07449 15.3828
      vertex 1.2295 2.96827 15.3828
    endloop
  endfacet
  facet normal 0.377141 0.797457 0.470985
    outer loop
      vertex 1.63153 3.05239 15
      vertex 1.57926 3.07711 15
      vertex 1.61732 3.0258 15.0564
    endloop
  endfacet
  facet normal 0.453522 0.756633 0.470983
    outer loop
      vertex 1.63153 3.05239 15
      vertex 1.61732 3.0258 15.0564
      vertex 1.68113 3.02266 15
    endloop
  endfacet
  facet normal 0.495494 0.668103 0.555089
    outer loop
      vertex 1.90611 2.8527 15.0564
      vertex 1.78495 2.67137 15.3828
      vertex 2.17655 2.65213 15.0564
    endloop
  endfacet
  facet normal 0.525494 0.708553 0.470966
    outer loop
      vertex 2.14923 2.70988 15
      vertex 1.90611 2.8527 15.0564
      vertex 2.17655 2.65213 15.0564
    endloop
  endfacet
  facet normal 0.525481 0.708487 0.471079
    outer loop
      vertex 1.90611 2.8527 15.0564
      vertex 2.14923 2.70988 15
      vertex 1.92287 2.87777 15
    endloop
  endfacet
  facet normal -0.756633 0.453522 0.470983
    outer loop
      vertex -3.02266 1.68113 15
      vertex -3.05239 1.63153 15
      vertex -3.0258 1.61732 15.0564
    endloop
  endfacet
  facet normal -0.616313 0.558602 0.555088
    outer loop
      vertex -2.42602 2.42602 15.0564
      vertex -2.65213 2.17655 15.0564
      vertex -2.48355 2.0382 15.3828
    endloop
  endfacet
  facet normal -0.668105 0.495493 0.555088
    outer loop
      vertex -2.65213 2.17655 15.0564
      vertex -2.67137 1.78495 15.3828
      vertex -2.48355 2.0382 15.3828
    endloop
  endfacet
  facet normal -0.713445 -0.427624 0.555098
    outer loop
      vertex -2.83346 -1.51452 15.3828
      vertex -3.0258 -1.61732 15.0564
      vertex -2.67137 -1.78495 15.3828
    endloop
  endfacet
  facet normal -0.797405 -0.377153 0.471064
    outer loop
      vertex -3.07711 -1.57926 15
      vertex -3.16975 -1.31295 15.0564
      vertex -3.19761 -1.32449 15
    endloop
  endfacet
  facet normal -0.797457 -0.377152 0.470977
    outer loop
      vertex -3.16975 -1.31295 15.0564
      vertex -3.07711 -1.57926 15
      vertex -3.0258 -1.61732 15.0564
    endloop
  endfacet
  facet normal -0.830566 -0.297187 0.470999
    outer loop
      vertex -3.29255 -1.05914 15
      vertex -3.16975 -1.31295 15.0564
      vertex -3.28318 -0.995941 15.0564
    endloop
  endfacet
  facet normal -0.830539 -0.29716 0.471064
    outer loop
      vertex -3.16975 -1.31295 15.0564
      vertex -3.29255 -1.05914 15
      vertex -3.19761 -1.32449 15
    endloop
  endfacet
  facet normal -0.783169 -0.280228 0.555085
    outer loop
      vertex -3.07449 -0.932635 15.3828
      vertex -3.28318 -0.995941 15.0564
      vertex -3.16975 -1.31295 15.0564
    endloop
  endfacet
  facet normal -0.597694 -0.213859 0.772675
    outer loop
      vertex -2.28019 -0.691689 16.2128
      vertex -2.57057 -0.779773 15.9638
      vertex -2.48176 -1.02798 15.9638
    endloop
  endfacet
  facet normal -0.6069 -0.363775 0.70664
    outer loop
      vertex -2.36905 -1.26628 15.9638
      vertex -2.61384 -1.39713 15.6862
      vertex -2.23352 -1.49239 15.9638
    endloop
  endfacet
  facet normal -0.539399 -0.135126 0.831138
    outer loop
      vertex -2.0169 -0.401185 16.4309
      vertex -2.33701 -0.46486 16.2128
      vertex -1.96786 -0.596944 16.4309
    endloop
  endfacet
  facet normal -0.457809 -0.114687 0.881622
    outer loop
      vertex -1.63658 -0.49645 16.616
      vertex -2.0169 -0.401185 16.4309
      vertex -1.96786 -0.596944 16.4309
    endloop
  endfacet
  facet normal -0.550048 -0.0815898 0.831138
    outer loop
      vertex -2.04651 -0.201563 16.4309
      vertex -2.37132 -0.233555 16.2128
      vertex -2.33701 -0.46486 16.2128
    endloop
  endfacet
  facet normal -0.634042 -0.0311653 0.77267
    outer loop
      vertex -2.3828 0 16.2128
      vertex -2.6733 -0.263297 15.9638
      vertex -2.37132 -0.233555 16.2128
    endloop
  endfacet
  facet normal -0.404813 -0.242625 0.881623
    outer loop
      vertex -1.50828 -0.806191 16.616
      vertex -1.81359 -0.969385 16.4309
      vertex -1.422 -0.950147 16.616
    endloop
  endfacet
  facet normal -0.523563 -0.187316 0.83114
    outer loop
      vertex -1.89988 -0.786954 16.4309
      vertex -2.28019 -0.691689 16.2128
      vertex -2.20142 -0.911857 16.2128
    endloop
  endfacet
  facet normal -0.457807 -0.114675 0.881625
    outer loop
      vertex -1.67736 -0.333647 16.616
      vertex -2.0169 -0.401185 16.4309
      vertex -1.63658 -0.49645 16.616
    endloop
  endfacet
  facet normal -0.281783 -0.0705813 0.956879
    outer loop
      vertex -0.953245 -0.189611 16.8801
      vertex -1.32167 -0.262896 16.7662
      vertex -0.93007 -0.282133 16.8801
    endloop
  endfacet
  facet normal -0.176606 -0.0835295 0.980731
    outer loop
      vertex -0.542245 -0.224605 16.9567
      vertex -0.897937 -0.371938 16.8801
      vertex -0.857157 -0.458159 16.8801
    endloop
  endfacet
  facet normal -0.379071 -0.281147 0.881624
    outer loop
      vertex -1.422 -0.950147 16.616
      vertex -1.58963 -1.30457 16.4309
      vertex -1.32202 -1.08495 16.616
    endloop
  endfacet
  facet normal -0.360643 -0.129036 0.923735
    outer loop
      vertex -1.28953 -0.391175 16.7662
      vertex -1.58004 -0.654472 16.616
      vertex -1.24498 -0.515688 16.7662
    endloop
  endfacet
  facet normal -0.316949 -0.349689 0.881624
    outer loop
      vertex -1.08495 -1.32202 16.616
      vertex -1.4541 -1.4541 16.4309
      vertex -1.30457 -1.58963 16.4309
    endloop
  endfacet
  facet normal -0.426639 -0.201792 0.881623
    outer loop
      vertex -1.58004 -0.654472 16.616
      vertex -1.81359 -0.969385 16.4309
      vertex -1.50828 -0.806191 16.616
    endloop
  endfacet
  facet normal -0.426633 -0.201798 0.881625
    outer loop
      vertex -1.58004 -0.654472 16.616
      vertex -1.89988 -0.786954 16.4309
      vertex -1.81359 -0.969385 16.4309
    endloop
  endfacet
  facet normal -0.509894 -0.378146 0.772666
    outer loop
      vertex -1.84193 -1.51163 16.2128
      vertex -2.23352 -1.49239 15.9638
      vertex -2.07649 -1.70413 15.9638
    endloop
  endfacet
  facet normal -0.495493 -0.668105 0.555088
    outer loop
      vertex -2.0382 -2.48355 15.3828
      vertex -2.17655 -2.65213 15.0564
      vertex -1.78495 -2.67137 15.3828
    endloop
  endfacet
  facet normal -0.412008 -0.373433 0.831142
    outer loop
      vertex -1.58963 -1.30457 16.4309
      vertex -1.68489 -1.68489 16.2128
      vertex -1.4541 -1.4541 16.4309
    endloop
  endfacet
  facet normal -0.316943 -0.349703 0.881621
    outer loop
      vertex -1.20931 -1.20931 16.616
      vertex -1.4541 -1.4541 16.4309
      vertex -1.08495 -1.32202 16.616
    endloop
  endfacet
  facet normal -0.100433 -0.167571 0.980731
    outer loop
      vertex -0.326076 -0.488008 16.9567
      vertex -0.458159 -0.857157 16.8801
      vertex -0.276672 -0.517618 16.9567
    endloop
  endfacet
  facet normal -0.176604 -0.0835316 0.980731
    outer loop
      vertex -0.542245 -0.224605 16.9567
      vertex -0.857157 -0.458159 16.8801
      vertex -0.517618 -0.276672 16.9567
    endloop
  endfacet
  facet normal -0.14935 -0.249161 0.956877
    outer loop
      vertex -0.539969 -0.808122 16.8801
      vertex -0.748663 -1.12045 16.7662
      vertex -0.635235 -1.18844 16.7662
    endloop
  endfacet
  facet normal -0.183943 -0.0658164 0.980731
    outer loop
      vertex -0.542245 -0.224605 16.9567
      vertex -0.93007 -0.282133 16.8801
      vertex -0.897937 -0.371938 16.8801
    endloop
  endfacet
  facet normal -0.360642 -0.129037 0.923735
    outer loop
      vertex -1.28953 -0.391175 16.7662
      vertex -1.63658 -0.49645 16.616
      vertex -1.58004 -0.654472 16.616
    endloop
  endfacet
  facet normal -0.193249 -0.0286645 0.980731
    outer loop
      vertex -0.584095 -0.0575275 16.9567
      vertex -0.953245 -0.189611 16.8801
      vertex -0.575644 -0.114502 16.9567
    endloop
  endfacet
  facet normal -0.189509 -0.0474683 0.980731
    outer loop
      vertex -0.575644 -0.114502 16.9567
      vertex -0.953245 -0.189611 16.8801
      vertex -0.93007 -0.282133 16.8801
    endloop
  endfacet
  facet normal -0.124202 -0.262601 0.956878
    outer loop
      vertex -0.458159 -0.857157 16.8801
      vertex -0.635235 -1.18844 16.7662
      vertex -0.371938 -0.897937 16.8801
    endloop
  endfacet
  facet normal -0.195085 -0.215237 0.956878
    outer loop
      vertex -0.687251 -0.687251 16.8801
      vertex -0.952868 -0.952868 16.7662
      vertex -0.854882 -1.04168 16.7662
    endloop
  endfacet
  facet normal 0.0144076 -0.0971327 0.995167
    outer loop
      vertex 0.114502 -0.575644 16.9567
      vertex 0.03829 -0.192499 16.9952
      vertex 0.0575275 -0.584095 16.9567
    endloop
  endfacet
  facet normal 0.0238608 -0.0952523 0.995167
    outer loop
      vertex 0.170374 -0.561648 16.9567
      vertex 0.03829 -0.192499 16.9952
      vertex 0.114502 -0.575644 16.9567
    endloop
  endfacet
  facet normal 0.0815898 -0.550048 0.831138
    outer loop
      vertex 0.46486 -2.33701 16.2128
      vertex 0.201563 -2.04651 16.4309
      vertex 0.233555 -2.37132 16.2128
    endloop
  endfacet
  facet normal 0.0815889 -0.550048 0.831138
    outer loop
      vertex 0.401185 -2.0169 16.4309
      vertex 0.201563 -2.04651 16.4309
      vertex 0.46486 -2.33701 16.2128
    endloop
  endfacet
  facet normal -0.0231709 -0.471376 0.881628
    outer loop
      vertex -0.16763 -1.70198 16.616
      vertex -0.201563 -2.04651 16.4309
      vertex 0 -1.71022 16.616
    endloop
  endfacet
  facet normal -0.0142536 -0.290141 0.956878
    outer loop
      vertex 0 -0.97192 16.8801
      vertex -0.0952644 -0.96724 16.8801
      vertex 0 -1.34756 16.7662
    endloop
  endfacet
  facet normal -0.069247 -0.466843 0.881625
    outer loop
      vertex -0.333647 -1.67736 16.616
      vertex -0.401185 -2.0169 16.4309
      vertex -0.201563 -2.04651 16.4309
    endloop
  endfacet
  facet normal -0.114675 -0.457807 0.881625
    outer loop
      vertex -0.333647 -1.67736 16.616
      vertex -0.49645 -1.63658 16.616
      vertex -0.401185 -2.0169 16.4309
    endloop
  endfacet
  facet normal -0.0144074 -0.0971327 0.995167
    outer loop
      vertex -0.03829 -0.192499 16.9952
      vertex -0.0575275 -0.584095 16.9567
      vertex -0.0192375 -0.195325 16.9952
    endloop
  endfacet
  facet normal 0.0952527 0.0238597 0.995167
    outer loop
      vertex 0.561648 0.170374 16.9567
      vertex 0.187819 0.0569735 16.9952
      vertex 0.192499 0.03829 16.9952
    endloop
  endfacet
  facet normal 0.0788705 0.0584961 0.995167
    outer loop
      vertex 0.453696 0.372339 16.9567
      vertex 0.151719 0.124513 16.9952
      vertex 0.488008 0.326076 16.9567
    endloop
  endfacet
  facet normal 0.371554 -0.0930921 0.923732
    outer loop
      vertex 1.32167 -0.262896 16.7662
      vertex 1.28953 -0.391175 16.7662
      vertex 1.67736 -0.333647 16.616
    endloop
  endfacet
  facet normal 0.281783 -0.0705813 0.956879
    outer loop
      vertex 0.953245 -0.189611 16.8801
      vertex 0.93007 -0.282133 16.8801
      vertex 1.32167 -0.262896 16.7662
    endloop
  endfacet
  facet normal 0.404812 -0.242637 0.881621
    outer loop
      vertex 1.81359 -0.969385 16.4309
      vertex 1.422 -0.950147 16.616
      vertex 1.70984 -1.14248 16.4309
    endloop
  endfacet
  facet normal 0.404813 -0.242625 0.881623
    outer loop
      vertex 1.50828 -0.806191 16.616
      vertex 1.422 -0.950147 16.616
      vertex 1.81359 -0.969385 16.4309
    endloop
  endfacet
  facet normal 0.257228 -0.283815 0.923733
    outer loop
      vertex 1.20931 -1.20931 16.616
      vertex 0.854882 -1.04168 16.7662
      vertex 1.08495 -1.32202 16.616
    endloop
  endfacet
  facet normal 0.173036 -0.233334 0.956877
    outer loop
      vertex 0.854882 -1.04168 16.7662
      vertex 0.539969 -0.808122 16.8801
      vertex 0.748663 -1.12045 16.7662
    endloop
  endfacet
  facet normal 0.0561917 -0.378894 0.923732
    outer loop
      vertex 0.262896 -1.32167 16.7662
      vertex 0.132084 -1.34107 16.7662
      vertex 0.333647 -1.67736 16.616
    endloop
  endfacet
  facet normal 0.0978616 -0.273514 0.956877
    outer loop
      vertex 0.515688 -1.24498 16.7662
      vertex 0.282133 -0.93007 16.8801
      vertex 0.391175 -1.28953 16.7662
    endloop
  endfacet
  facet normal 0.163773 -0.346257 0.923734
    outer loop
      vertex 0.806191 -1.50828 16.616
      vertex 0.635235 -1.18844 16.7662
      vertex 0.654472 -1.58004 16.616
    endloop
  endfacet
  facet normal 0.196913 -0.328544 0.923734
    outer loop
      vertex 0.950147 -1.422 16.616
      vertex 0.635235 -1.18844 16.7662
      vertex 0.806191 -1.50828 16.616
    endloop
  endfacet
  facet normal 0.0286645 -0.193249 0.980731
    outer loop
      vertex 0.114502 -0.575644 16.9567
      vertex 0.0575275 -0.584095 16.9567
      vertex 0.189611 -0.953245 16.8801
    endloop
  endfacet
  facet normal 0.0706002 -0.281784 0.956877
    outer loop
      vertex 0.282133 -0.93007 16.8801
      vertex 0.262896 -1.32167 16.7662
      vertex 0.391175 -1.28953 16.7662
    endloop
  endfacet
  facet normal 0.058492 -0.078873 0.995167
    outer loop
      vertex 0.124513 -0.151719 16.9952
      vertex 0.109041 -0.163193 16.9952
      vertex 0.326076 -0.488008 16.9567
    endloop
  endfacet
  facet normal 0.0835295 -0.176606 0.980731
    outer loop
      vertex 0.458159 -0.857157 16.8801
      vertex 0.224605 -0.542245 16.9567
      vertex 0.371938 -0.897937 16.8801
    endloop
  endfacet
  facet normal 0.195085 -0.215237 0.956878
    outer loop
      vertex 0.952868 -0.952868 16.7662
      vertex 0.687251 -0.687251 16.8801
      vertex 0.854882 -1.04168 16.7662
    endloop
  endfacet
  facet normal 0.307662 -0.228156 0.923736
    outer loop
      vertex 1.12045 -0.748663 16.7662
      vertex 1.04168 -0.854882 16.7662
      vertex 1.422 -0.950147 16.616
    endloop
  endfacet
  facet normal 0.0727513 -0.0659503 0.995167
    outer loop
      vertex 0.151719 -0.124513 16.9952
      vertex 0.138783 -0.138783 16.9952
      vertex 0.415016 -0.415016 16.9567
    endloop
  endfacet
  facet normal 0.144755 -0.131197 0.980731
    outer loop
      vertex 0.453696 -0.372339 16.9567
      vertex 0.415016 -0.415016 16.9567
      vertex 0.751305 -0.616579 16.8801
    endloop
  endfacet
  facet normal 0.144755 0.131197 0.980731
    outer loop
      vertex 0.751305 0.616579 16.8801
      vertex 0.415016 0.415016 16.9567
      vertex 0.453696 0.372339 16.9567
    endloop
  endfacet
  facet normal 0.173043 -0.233325 0.956878
    outer loop
      vertex 0.616579 -0.751305 16.8801
      vertex 0.539969 -0.808122 16.8801
      vertex 0.854882 -1.04168 16.7662
    endloop
  endfacet
  facet normal 0.215237 -0.195085 0.956878
    outer loop
      vertex 1.04168 -0.854882 16.7662
      vertex 0.687251 -0.687251 16.8801
      vertex 0.952868 -0.952868 16.7662
    endloop
  endfacet
  facet normal 0.195128 -0.0095889 0.980731
    outer loop
      vertex 0.586922 0 16.9567
      vertex 0.584095 -0.0575275 16.9567
      vertex 0.96724 -0.0952644 16.8801
    endloop
  endfacet
  facet normal 0.0842263 -0.0504805 0.995167
    outer loop
      vertex 0.517618 -0.276672 16.9567
      vertex 0.173095 -0.0925207 16.9952
      vertex 0.488008 -0.326076 16.9567
    endloop
  endfacet
  facet normal -0.426304 -0.470372 0.772667
    outer loop
      vertex -1.51163 -1.84193 16.2128
      vertex -1.89946 -1.89946 15.9638
      vertex -1.70413 -2.07649 15.9638
    endloop
  endfacet
  facet normal -0.426314 -0.470347 0.772677
    outer loop
      vertex -1.68489 -1.68489 16.2128
      vertex -1.89946 -1.89946 15.9638
      vertex -1.51163 -1.84193 16.2128
    endloop
  endfacet
  facet normal -0.639637 0.302532 0.706639
    outer loop
      vertex -2.36905 1.26628 15.9638
      vertex -2.61384 1.39713 15.6862
      vertex -2.48176 1.02798 15.9638
    endloop
  endfacet
  facet normal -0.539399 0.135126 0.831138
    outer loop
      vertex -1.96786 0.596944 16.4309
      vertex -2.33701 0.46486 16.2128
      vertex -2.0169 0.401185 16.4309
    endloop
  endfacet
  facet normal -0.627937 0.0931434 0.77267
    outer loop
      vertex -2.33701 0.46486 16.2128
      vertex -2.6733 0.263297 15.9638
      vertex -2.37132 0.233555 16.2128
    endloop
  endfacet
  facet normal -0.686364 0.171916 0.706647
    outer loop
      vertex -2.57057 0.779773 15.9638
      vertex -2.90686 0.578209 15.6862
      vertex -2.63462 0.524058 15.9638
    endloop
  endfacet
  facet normal -0.502672 0.237754 0.83114
    outer loop
      vertex -2.10144 1.12324 16.2128
      vertex -2.20142 0.911857 16.2128
      vertex -1.89988 0.786954 16.4309
    endloop
  endfacet
  facet normal -0.699094 0.330656 0.633983
    outer loop
      vertex -2.61384 1.39713 15.6862
      vertex -2.83346 1.51452 15.3828
      vertex -2.7382 1.1342 15.6862
    endloop
  endfacet
  facet normal -0.0433236 -0.881005 0.471119
    outer loop
      vertex 0 -3.43091 15.0564
      vertex -0.0577527 -3.45823 15
      vertex 0 -3.46107 15
    endloop
  endfacet
  facet normal -0.122042 -0.822793 0.555084
    outer loop
      vertex -0.626792 -3.1511 15.3828
      vertex -0.669337 -3.36499 15.0564
      vertex -0.336287 -3.41439 15.0564
    endloop
  endfacet
  facet normal -0.122042 -0.822793 0.555084
    outer loop
      vertex -0.314912 -3.19736 15.3828
      vertex -0.626792 -3.1511 15.3828
      vertex -0.336287 -3.41439 15.0564
    endloop
  endfacet
  facet normal -0.171916 -0.686364 0.706647
    outer loop
      vertex -0.524058 -2.63462 15.9638
      vertex -0.779773 -2.57057 15.9638
      vertex -0.578209 -2.90686 15.6862
    endloop
  endfacet
  facet normal -0.103821 -0.699908 0.706647
    outer loop
      vertex -0.524058 -2.63462 15.9638
      vertex -0.578209 -2.90686 15.6862
      vertex -0.263297 -2.6733 15.9638
    endloop
  endfacet
  facet normal 0.171916 -0.686364 0.706647
    outer loop
      vertex 0.779773 -2.57057 15.9638
      vertex 0.524058 -2.63462 15.9638
      vertex 0.578209 -2.90686 15.6862
    endloop
  endfacet
  facet normal 0.154238 -0.615786 0.772669
    outer loop
      vertex 0.779773 -2.57057 15.9638
      vertex 0.46486 -2.33701 16.2128
      vertex 0.524058 -2.63462 15.9638
    endloop
  endfacet
  facet normal 0.201798 -0.426633 0.881625
    outer loop
      vertex 0.969385 -1.81359 16.4309
      vertex 0.654472 -1.58004 16.616
      vertex 0.786954 -1.89988 16.4309
    endloop
  endfacet
  facet normal 0.158992 -0.444363 0.881625
    outer loop
      vertex 0.654472 -1.58004 16.616
      vertex 0.49645 -1.63658 16.616
      vertex 0.786954 -1.89988 16.4309
    endloop
  endfacet
  facet normal -0.187316 -0.523563 0.83114
    outer loop
      vertex -0.786954 -1.89988 16.4309
      vertex -0.911857 -2.20142 16.2128
      vertex -0.691689 -2.28019 16.2128
    endloop
  endfacet
  facet normal -0.213844 -0.597709 0.772667
    outer loop
      vertex -0.911857 -2.20142 16.2128
      vertex -1.02798 -2.48176 15.9638
      vertex -0.691689 -2.28019 16.2128
    endloop
  endfacet
  facet normal -0.260532 -0.728138 0.633986
    outer loop
      vertex -1.1342 -2.7382 15.6862
      vertex -1.2295 -2.96827 15.3828
      vertex -0.932635 -3.07449 15.3828
    endloop
  endfacet
  facet normal -0.355651 -0.75193 0.55508
    outer loop
      vertex -1.2295 -2.96827 15.3828
      vertex -1.51452 -2.83346 15.3828
      vertex -1.31295 -3.16975 15.0564
    endloop
  endfacet
  facet normal -0.421493 -0.568332 0.706642
    outer loop
      vertex -1.49239 -2.23352 15.9638
      vertex -1.88022 -2.29105 15.6862
      vertex -1.6466 -2.46431 15.6862
    endloop
  endfacet
  facet normal -0.378145 -0.509894 0.772667
    outer loop
      vertex -1.32381 -1.98122 16.2128
      vertex -1.51163 -1.84193 16.2128
      vertex -1.49239 -2.23352 15.9638
    endloop
  endfacet
  facet normal -0.519367 -0.573011 0.633968
    outer loop
      vertex -2.09573 -2.09573 15.6862
      vertex -2.27181 -2.27181 15.3828
      vertex -2.0382 -2.48355 15.3828
    endloop
  endfacet
  facet normal -0.573011 -0.519367 0.633968
    outer loop
      vertex -2.09573 -2.09573 15.6862
      vertex -2.48355 -2.0382 15.3828
      vertex -2.27181 -2.27181 15.3828
    endloop
  endfacet
  facet normal 0.355651 -0.75193 0.55508
    outer loop
      vertex 1.51452 -2.83346 15.3828
      vertex 1.2295 -2.96827 15.3828
      vertex 1.31295 -3.16975 15.0564
    endloop
  endfacet
  facet normal 0.280224 -0.783173 0.555081
    outer loop
      vertex 1.2295 -2.96827 15.3828
      vertex 0.932635 -3.07449 15.3828
      vertex 1.31295 -3.16975 15.0564
    endloop
  endfacet
  facet normal 0.377141 -0.797457 0.470985
    outer loop
      vertex 1.61732 -3.0258 15.0564
      vertex 1.57926 -3.07711 15
      vertex 1.63153 -3.05239 15
    endloop
  endfacet
  facet normal -0.397585 0.663315 0.633987
    outer loop
      vertex -1.39713 2.61384 15.6862
      vertex -1.78495 2.67137 15.3828
      vertex -1.6466 2.46431 15.6862
    endloop
  endfacet
  facet normal -0.523563 0.187316 0.83114
    outer loop
      vertex -1.89988 0.786954 16.4309
      vertex -2.28019 0.691689 16.2128
      vertex -1.96786 0.596944 16.4309
    endloop
  endfacet
  facet normal -0.756603 0.45348 0.47107
    outer loop
      vertex -3.02266 1.68113 15
      vertex -2.8527 1.90611 15.0564
      vertex -2.87777 1.92287 15
    endloop
  endfacet
  facet normal -0.756631 0.453523 0.470984
    outer loop
      vertex -2.8527 1.90611 15.0564
      vertex -3.02266 1.68113 15
      vertex -3.0258 1.61732 15.0564
    endloop
  endfacet
  facet normal -0.713445 0.427624 0.555098
    outer loop
      vertex -2.67137 1.78495 15.3828
      vertex -3.0258 1.61732 15.0564
      vertex -2.83346 1.51452 15.3828
    endloop
  endfacet
  facet normal -0.75193 0.355651 0.55508
    outer loop
      vertex -2.83346 1.51452 15.3828
      vertex -3.16975 1.31295 15.0564
      vertex -2.96827 1.2295 15.3828
    endloop
  endfacet
  facet normal -0.330656 0.699094 0.633983
    outer loop
      vertex -1.1342 2.7382 15.6862
      vertex -1.51452 2.83346 15.3828
      vertex -1.39713 2.61384 15.6862
    endloop
  endfacet
  facet normal -0.302533 0.639636 0.70664
    outer loop
      vertex -1.1342 2.7382 15.6862
      vertex -1.39713 2.61384 15.6862
      vertex -1.02798 2.48176 15.9638
    endloop
  endfacet
  facet normal -0.363771 0.606901 0.706642
    outer loop
      vertex -1.39713 2.61384 15.6862
      vertex -1.6466 2.46431 15.6862
      vertex -1.49239 2.23352 15.9638
    endloop
  endfacet
  facet normal -0.495493 0.668105 0.555088
    outer loop
      vertex -1.78495 2.67137 15.3828
      vertex -2.17655 2.65213 15.0564
      vertex -2.0382 2.48355 15.3828
    endloop
  endfacet
  facet normal 0.77241 0.037942 0.63399
    outer loop
      vertex 3.19736 0.314912 15.3828
      vertex 2.94953 0.290504 15.6862
      vertex 2.9638 0 15.6862
    endloop
  endfacet
  facet normal 0.772409 0.0379445 0.633991
    outer loop
      vertex 3.19736 0.314912 15.3828
      vertex 2.9638 0 15.6862
      vertex 3.21283 0 15.3828
    endloop
  endfacet
  facet normal 0.686364 0.171916 0.706647
    outer loop
      vertex 2.90686 0.578209 15.6862
      vertex 2.57057 0.779773 15.9638
      vertex 2.63462 0.524058 15.9638
    endloop
  endfacet
  facet normal 0.699908 0.103821 0.706647
    outer loop
      vertex 2.90686 0.578209 15.6862
      vertex 2.63462 0.524058 15.9638
      vertex 2.6733 0.263297 15.9638
    endloop
  endfacet
  facet normal 0.830793 -0.0408124 0.555084
    outer loop
      vertex 3.43091 0 15.0564
      vertex 3.21283 0 15.3828
      vertex 3.41439 -0.336287 15.0564
    endloop
  endfacet
  facet normal 0.881026 -0.0432801 0.471084
    outer loop
      vertex 3.41439 -0.336287 15.0564
      vertex 3.45823 -0.0577527 15
      vertex 3.43091 0 15.0564
    endloop
  endfacet
  facet normal 0.881037 -0.0432866 0.471062
    outer loop
      vertex 3.45823 -0.0577527 15
      vertex 3.41439 -0.336287 15.0564
      vertex 3.4444 -0.339243 15
    endloop
  endfacet
  facet normal 0.699094 -0.330656 0.633983
    outer loop
      vertex 2.7382 -1.1342 15.6862
      vertex 2.61384 -1.39713 15.6862
      vertex 2.83346 -1.51452 15.3828
    endloop
  endfacet
  facet normal 0.663315 -0.397585 0.633987
    outer loop
      vertex 2.61384 -1.39713 15.6862
      vertex 2.46431 -1.6466 15.6862
      vertex 2.67137 -1.78495 15.3828
    endloop
  endfacet
  facet normal 0.568339 -0.42149 0.706638
    outer loop
      vertex 2.23352 -1.49239 15.9638
      vertex 2.07649 -1.70413 15.9638
      vertex 2.29105 -1.88022 15.6862
    endloop
  endfacet
  facet normal 0.524287 -0.475167 0.70664
    outer loop
      vertex 2.07649 -1.70413 15.9638
      vertex 1.89946 -1.89946 15.9638
      vertex 2.29105 -1.88022 15.6862
    endloop
  endfacet
  facet normal 0.663321 -0.397581 0.633983
    outer loop
      vertex 2.83346 -1.51452 15.3828
      vertex 2.61384 -1.39713 15.6862
      vertex 2.67137 -1.78495 15.3828
    endloop
  endfacet
  facet normal 0.713445 -0.427624 0.555098
    outer loop
      vertex 2.83346 -1.51452 15.3828
      vertex 2.67137 -1.78495 15.3828
      vertex 3.0258 -1.61732 15.0564
    endloop
  endfacet
  facet normal 0.195128 0.00958595 0.980731
    outer loop
      vertex 0.96724 0.0952644 16.8801
      vertex 0.586922 0 16.9567
      vertex 0.97192 0 16.8801
    endloop
  endfacet
  facet normal 0.195128 -0.00958595 0.980731
    outer loop
      vertex 0.97192 0 16.8801
      vertex 0.586922 0 16.9567
      vertex 0.96724 -0.0952644 16.8801
    endloop
  endfacet
  facet normal 0.0952523 0.0238608 0.995167
    outer loop
      vertex 0.561648 0.170374 16.9567
      vertex 0.192499 0.03829 16.9952
      vertex 0.575644 0.114502 16.9567
    endloop
  endfacet
  facet normal 0.193249 0.0286657 0.980731
    outer loop
      vertex 0.953245 0.189611 16.8801
      vertex 0.584095 0.0575275 16.9567
      vertex 0.96724 0.0952644 16.8801
    endloop
  endfacet
  facet normal -0.0658122 0.183944 0.980731
    outer loop
      vertex -0.170374 0.561648 16.9567
      vertex -0.282133 0.93007 16.8801
      vertex -0.224605 0.542245 16.9567
    endloop
  endfacet
  facet normal 0.0144074 -0.0971327 0.995167
    outer loop
      vertex 0.03829 -0.192499 16.9952
      vertex 0.0192375 -0.195325 16.9952
      vertex 0.0575275 -0.584095 16.9567
    endloop
  endfacet
  facet normal 0.173043 0.233325 0.956878
    outer loop
      vertex 0.854882 1.04168 16.7662
      vertex 0.539969 0.808122 16.8801
      vertex 0.616579 0.751305 16.8801
    endloop
  endfacet
  facet normal 0.163773 0.346257 0.923734
    outer loop
      vertex 0.654472 1.58004 16.616
      vertex 0.635235 1.18844 16.7662
      vertex 0.806191 1.50828 16.616
    endloop
  endfacet
  facet normal -0.189507 0.0474718 0.980731
    outer loop
      vertex -0.561648 0.170374 16.9567
      vertex -0.93007 0.282133 16.8801
      vertex -0.575644 0.114502 16.9567
    endloop
  endfacet
  facet normal -0.176606 0.0835295 0.980731
    outer loop
      vertex -0.857157 0.458159 16.8801
      vertex -0.897937 0.371938 16.8801
      vertex -0.542245 0.224605 16.9567
    endloop
  endfacet
  facet normal -0.0952527 -0.0238597 0.995167
    outer loop
      vertex -0.192499 -0.03829 16.9952
      vertex -0.561648 -0.170374 16.9567
      vertex -0.187819 -0.0569735 16.9952
    endloop
  endfacet
  facet normal -0.307662 0.228156 0.923736
    outer loop
      vertex -1.04168 0.854882 16.7662
      vertex -1.422 0.950147 16.616
      vertex -1.12045 0.748663 16.7662
    endloop
  endfacet
  facet normal -0.0659439 0.0727582 0.995167
    outer loop
      vertex -0.372339 0.453696 16.9567
      vertex -0.415016 0.415016 16.9567
      vertex -0.124513 0.151719 16.9952
    endloop
  endfacet
  facet normal -0.0788705 -0.0584961 0.995167
    outer loop
      vertex -0.151719 -0.124513 16.9952
      vertex -0.488008 -0.326076 16.9567
      vertex -0.453696 -0.372339 16.9567
    endloop
  endfacet
  facet normal -0.0727513 -0.0659503 0.995167
    outer loop
      vertex -0.151719 -0.124513 16.9952
      vertex -0.415016 -0.415016 16.9567
      vertex -0.138783 -0.138783 16.9952
    endloop
  endfacet
  facet normal 0.201792 0.426639 0.881623
    outer loop
      vertex 0.969385 1.81359 16.4309
      vertex 0.654472 1.58004 16.616
      vertex 0.806191 1.50828 16.616
    endloop
  endfacet
  facet normal 0.14935 0.249161 0.956877
    outer loop
      vertex 0.635235 1.18844 16.7662
      vertex 0.539969 0.808122 16.8801
      vertex 0.748663 1.12045 16.7662
    endloop
  endfacet
  facet normal 0.129037 0.360642 0.923735
    outer loop
      vertex 0.49645 1.63658 16.616
      vertex 0.391175 1.28953 16.7662
      vertex 0.654472 1.58004 16.616
    endloop
  endfacet
  facet normal 0.158992 0.444363 0.881625
    outer loop
      vertex 0.786954 1.89988 16.4309
      vertex 0.49645 1.63658 16.616
      vertex 0.654472 1.58004 16.616
    endloop
  endfacet
  facet normal 0.0930921 0.371554 0.923732
    outer loop
      vertex 0.333647 1.67736 16.616
      vertex 0.262896 1.32167 16.7662
      vertex 0.391175 1.28953 16.7662
    endloop
  endfacet
  facet normal 0.078873 0.058492 0.995167
    outer loop
      vertex 0.488008 0.326076 16.9567
      vertex 0.151719 0.124513 16.9952
      vertex 0.163193 0.109041 16.9952
    endloop
  endfacet
  facet normal -0.0978648 0.273512 0.956877
    outer loop
      vertex -0.282133 0.93007 16.8801
      vertex -0.515688 1.24498 16.7662
      vertex -0.371938 0.897937 16.8801
    endloop
  endfacet
  facet normal -0.0426239 0.287347 0.956878
    outer loop
      vertex -0.132084 1.34107 16.7662
      vertex -0.189611 0.953245 16.8801
      vertex -0.0952644 0.96724 16.8801
    endloop
  endfacet
  facet normal -0.290141 0.0142562 0.956878
    outer loop
      vertex -1.34107 0.132084 16.7662
      vertex -1.34756 0 16.7662
      vertex -0.96724 0.0952644 16.8801
    endloop
  endfacet
  facet normal -0.290141 0.0142536 0.956878
    outer loop
      vertex -0.96724 0.0952644 16.8801
      vertex -1.34756 0 16.7662
      vertex -0.97192 0 16.8801
    endloop
  endfacet
  facet normal -0.287346 0.0426147 0.956878
    outer loop
      vertex -1.32167 0.262896 16.7662
      vertex -1.34107 0.132084 16.7662
      vertex -0.953245 0.189611 16.8801
    endloop
  endfacet
  facet normal -0.281784 0.0706002 0.956877
    outer loop
      vertex -1.28953 0.391175 16.7662
      vertex -1.32167 0.262896 16.7662
      vertex -0.93007 0.282133 16.8801
    endloop
  endfacet
  facet normal -0.346258 0.163764 0.923735
    outer loop
      vertex -1.18844 0.635235 16.7662
      vertex -1.58004 0.654472 16.616
      vertex -1.24498 0.515688 16.7662
    endloop
  endfacet
  facet normal -0.124199 0.262604 0.956877
    outer loop
      vertex -0.515688 1.24498 16.7662
      vertex -0.635235 1.18844 16.7662
      vertex -0.371938 0.897937 16.8801
    endloop
  endfacet
  facet normal -0.233334 0.173036 0.956877
    outer loop
      vertex -1.04168 0.854882 16.7662
      vertex -1.12045 0.748663 16.7662
      vertex -0.808122 0.539969 16.8801
    endloop
  endfacet
  facet normal -0.404812 0.242637 0.881621
    outer loop
      vertex -1.70984 1.14248 16.4309
      vertex -1.81359 0.969385 16.4309
      vertex -1.422 0.950147 16.616
    endloop
  endfacet
  facet normal -0.242637 0.404812 0.881621
    outer loop
      vertex -0.969385 1.81359 16.4309
      vertex -1.14248 1.70984 16.4309
      vertex -0.950147 1.422 16.616
    endloop
  endfacet
  facet normal -0.237754 0.502672 0.83114
    outer loop
      vertex -0.911857 2.20142 16.2128
      vertex -1.12324 2.10144 16.2128
      vertex -0.786954 1.89988 16.4309
    endloop
  endfacet
  facet normal -0.285878 0.476946 0.831141
    outer loop
      vertex -1.12324 2.10144 16.2128
      vertex -1.32381 1.98122 16.2128
      vertex -1.14248 1.70984 16.4309
    endloop
  endfacet
  facet normal -0.326364 0.544493 0.772667
    outer loop
      vertex -1.12324 2.10144 16.2128
      vertex -1.49239 2.23352 15.9638
      vertex -1.32381 1.98122 16.2128
    endloop
  endfacet
  facet normal -0.446639 0.331234 0.831143
    outer loop
      vertex -1.84193 1.51163 16.2128
      vertex -1.98122 1.32381 16.2128
      vertex -1.58963 1.30457 16.4309
    endloop
  endfacet
  facet normal -0.6069 0.363775 0.70664
    outer loop
      vertex -2.23352 1.49239 15.9638
      vertex -2.61384 1.39713 15.6862
      vertex -2.36905 1.26628 15.9638
    endloop
  endfacet
  facet normal -0.404813 0.242625 0.881623
    outer loop
      vertex -1.422 0.950147 16.616
      vertex -1.81359 0.969385 16.4309
      vertex -1.50828 0.806191 16.616
    endloop
  endfacet
  facet normal -0.476947 0.285873 0.831143
    outer loop
      vertex -1.70984 1.14248 16.4309
      vertex -2.10144 1.12324 16.2128
      vertex -1.81359 0.969385 16.4309
    endloop
  endfacet
  facet normal -0.378896 0.0561895 0.923732
    outer loop
      vertex -1.67736 0.333647 16.616
      vertex -1.70198 0.16763 16.616
      vertex -1.34107 0.132084 16.7662
    endloop
  endfacet
  facet normal -0.466839 0.0692314 0.881628
    outer loop
      vertex -1.67736 0.333647 16.616
      vertex -2.04651 0.201563 16.4309
      vertex -1.70198 0.16763 16.616
    endloop
  endfacet
  facet normal -0.360642 0.129037 0.923735
    outer loop
      vertex -1.58004 0.654472 16.616
      vertex -1.63658 0.49645 16.616
      vertex -1.28953 0.391175 16.7662
    endloop
  endfacet
  facet normal -0.346257 0.163773 0.923734
    outer loop
      vertex -1.50828 0.806191 16.616
      vertex -1.58004 0.654472 16.616
      vertex -1.18844 0.635235 16.7662
    endloop
  endfacet
  facet normal 0.0330793 0.0924559 0.995167
    outer loop
      vertex 0.170374 0.561648 16.9567
      vertex 0.0751095 0.18133 16.9952
      vertex 0.224605 0.542245 16.9567
    endloop
  endfacet
  facet normal 0.00481967 0.098077 0.995167
    outer loop
      vertex 0.0575275 0.584095 16.9567
      vertex 0 0.586922 16.9567
      vertex 0.0192375 0.195325 16.9952
    endloop
  endfacet
  facet normal 0.0095889 0.195128 0.980731
    outer loop
      vertex 0.0952644 0.96724 16.8801
      vertex 0 0.586922 16.9567
      vertex 0.0575275 0.584095 16.9567
    endloop
  endfacet
  facet normal -0.0144076 0.0971327 0.995167
    outer loop
      vertex -0.0575275 0.584095 16.9567
      vertex -0.114502 0.575644 16.9567
      vertex -0.03829 0.192499 16.9952
    endloop
  endfacet
  facet normal -0.0286645 0.193249 0.980731
    outer loop
      vertex -0.0575275 0.584095 16.9567
      vertex -0.189611 0.953245 16.8801
      vertex -0.114502 0.575644 16.9567
    endloop
  endfacet
  facet normal -0.0887669 0.0419856 0.995167
    outer loop
      vertex -0.517618 0.276672 16.9567
      vertex -0.542245 0.224605 16.9567
      vertex -0.173095 0.0925207 16.9952
    endloop
  endfacet
  facet normal -0.0330793 -0.0924559 0.995167
    outer loop
      vertex -0.0751095 -0.18133 16.9952
      vertex -0.224605 -0.542245 16.9567
      vertex -0.170374 -0.561648 16.9567
    endloop
  endfacet
  facet normal -0.0931434 0.627937 0.77267
    outer loop
      vertex -0.263297 2.6733 15.9638
      vertex -0.46486 2.33701 16.2128
      vertex -0.233555 2.37132 16.2128
    endloop
  endfacet
  facet normal 0.0272785 0.555387 0.831145
    outer loop
      vertex 0 2.3828 16.2128
      vertex 0 2.05641 16.4309
      vertex 0.201563 2.04651 16.4309
    endloop
  endfacet
  facet normal -0.187316 0.523563 0.83114
    outer loop
      vertex -0.691689 2.28019 16.2128
      vertex -0.786954 1.89988 16.4309
      vertex -0.596944 1.96786 16.4309
    endloop
  endfacet
  facet normal -0.135117 0.539397 0.83114
    outer loop
      vertex -0.46486 2.33701 16.2128
      vertex -0.691689 2.28019 16.2128
      vertex -0.596944 1.96786 16.4309
    endloop
  endfacet
  facet normal -0.163773 0.346257 0.923734
    outer loop
      vertex -0.654472 1.58004 16.616
      vertex -0.806191 1.50828 16.616
      vertex -0.635235 1.18844 16.7662
    endloop
  endfacet
  facet normal -0.196913 0.328544 0.923734
    outer loop
      vertex -0.806191 1.50828 16.616
      vertex -0.950147 1.422 16.616
      vertex -0.635235 1.18844 16.7662
    endloop
  endfacet
  facet normal -0.171916 0.686364 0.706647
    outer loop
      vertex -0.578209 2.90686 15.6862
      vertex -0.779773 2.57057 15.9638
      vertex -0.524058 2.63462 15.9638
    endloop
  endfacet
  facet normal -0.154238 0.615786 0.772669
    outer loop
      vertex -0.524058 2.63462 15.9638
      vertex -0.779773 2.57057 15.9638
      vertex -0.46486 2.33701 16.2128
    endloop
  endfacet
  facet normal -0.187909 0.75017 0.633984
    outer loop
      vertex -0.626792 3.1511 15.3828
      vertex -0.932635 3.07449 15.3828
      vertex -0.578209 2.90686 15.6862
    endloop
  endfacet
  facet normal -0.037942 0.77241 0.63399
    outer loop
      vertex 0 2.9638 15.6862
      vertex -0.314912 3.19736 15.3828
      vertex -0.290504 2.94953 15.6862
    endloop
  endfacet
  facet normal 0.283805 0.257233 0.923735
    outer loop
      vertex 1.20931 1.20931 16.616
      vertex 0.952868 0.952868 16.7662
      vertex 1.04168 0.854882 16.7662
    endloop
  endfacet
  facet normal 0.131199 0.144754 0.980731
    outer loop
      vertex 0.616579 0.751305 16.8801
      vertex 0.415016 0.415016 16.9567
      vertex 0.687251 0.687251 16.8801
    endloop
  endfacet
  facet normal 0.22818 0.307655 0.923733
    outer loop
      vertex 0.950147 1.422 16.616
      vertex 0.854882 1.04168 16.7662
      vertex 1.08495 1.32202 16.616
    endloop
  endfacet
  facet normal 0.349703 0.316943 0.881621
    outer loop
      vertex 1.4541 1.4541 16.4309
      vertex 1.20931 1.20931 16.616
      vertex 1.32202 1.08495 16.616
    endloop
  endfacet
  facet normal 0.11638 0.156915 0.980731
    outer loop
      vertex 0.616579 0.751305 16.8801
      vertex 0.326076 0.488008 16.9567
      vertex 0.372339 0.453696 16.9567
    endloop
  endfacet
  facet normal 0.131197 0.144755 0.980731
    outer loop
      vertex 0.616579 0.751305 16.8801
      vertex 0.372339 0.453696 16.9567
      vertex 0.415016 0.415016 16.9567
    endloop
  endfacet
  facet normal 0.257228 0.283815 0.923733
    outer loop
      vertex 1.08495 1.32202 16.616
      vertex 0.854882 1.04168 16.7662
      vertex 1.20931 1.20931 16.616
    endloop
  endfacet
  facet normal 0.316943 0.349703 0.881621
    outer loop
      vertex 1.4541 1.4541 16.4309
      vertex 1.08495 1.32202 16.616
      vertex 1.20931 1.20931 16.616
    endloop
  endfacet
  facet normal 0.273514 0.0978616 0.956877
    outer loop
      vertex 1.24498 0.515688 16.7662
      vertex 0.93007 0.282133 16.8801
      vertex 1.28953 0.391175 16.7662
    endloop
  endfacet
  facet normal 0.426639 0.201792 0.881623
    outer loop
      vertex 1.81359 0.969385 16.4309
      vertex 1.50828 0.806191 16.616
      vertex 1.58004 0.654472 16.616
    endloop
  endfacet
  facet normal 0.523563 0.187316 0.83114
    outer loop
      vertex 2.28019 0.691689 16.2128
      vertex 1.89988 0.786954 16.4309
      vertex 1.96786 0.596944 16.4309
    endloop
  endfacet
  facet normal 0.444363 0.158992 0.881625
    outer loop
      vertex 1.89988 0.786954 16.4309
      vertex 1.58004 0.654472 16.616
      vertex 1.63658 0.49645 16.616
    endloop
  endfacet
  facet normal 0.404813 0.242625 0.881623
    outer loop
      vertex 1.81359 0.969385 16.4309
      vertex 1.422 0.950147 16.616
      vertex 1.50828 0.806191 16.616
    endloop
  endfacet
  facet normal 0.346258 0.163764 0.923735
    outer loop
      vertex 1.58004 0.654472 16.616
      vertex 1.18844 0.635235 16.7662
      vertex 1.24498 0.515688 16.7662
    endloop
  endfacet
  facet normal 0.544493 0.326364 0.772667
    outer loop
      vertex 2.23352 1.49239 15.9638
      vertex 1.98122 1.32381 16.2128
      vertex 2.10144 1.12324 16.2128
    endloop
  endfacet
  facet normal 0.509894 0.378145 0.772667
    outer loop
      vertex 2.23352 1.49239 15.9638
      vertex 1.84193 1.51163 16.2128
      vertex 1.98122 1.32381 16.2128
    endloop
  endfacet
  facet normal 0.663315 0.397585 0.633987
    outer loop
      vertex 2.67137 1.78495 15.3828
      vertex 2.46431 1.6466 15.6862
      vertex 2.61384 1.39713 15.6862
    endloop
  endfacet
  facet normal 0.621161 0.460673 0.633987
    outer loop
      vertex 2.67137 1.78495 15.3828
      vertex 2.29105 1.88022 15.6862
      vertex 2.46431 1.6466 15.6862
    endloop
  endfacet
  facet normal 0.668103 0.495494 0.555089
    outer loop
      vertex 2.8527 1.90611 15.0564
      vertex 2.65213 2.17655 15.0564
      vertex 2.67137 1.78495 15.3828
    endloop
  endfacet
  facet normal 0.713444 0.427637 0.55509
    outer loop
      vertex 2.8527 1.90611 15.0564
      vertex 2.67137 1.78495 15.3828
      vertex 3.0258 1.61732 15.0564
    endloop
  endfacet
  facet normal 0.213859 0.597694 0.772675
    outer loop
      vertex 0.779773 2.57057 15.9638
      vertex 0.691689 2.28019 16.2128
      vertex 1.02798 2.48176 15.9638
    endloop
  endfacet
  facet normal 0.213844 0.597709 0.772667
    outer loop
      vertex 1.02798 2.48176 15.9638
      vertex 0.691689 2.28019 16.2128
      vertex 0.911857 2.20142 16.2128
    endloop
  endfacet
  facet normal 0.0931452 0.627938 0.772669
    outer loop
      vertex 0.524058 2.63462 15.9638
      vertex 0.263297 2.6733 15.9638
      vertex 0.46486 2.33701 16.2128
    endloop
  endfacet
  facet normal 0.0931434 0.627937 0.77267
    outer loop
      vertex 0.263297 2.6733 15.9638
      vertex 0.233555 2.37132 16.2128
      vertex 0.46486 2.33701 16.2128
    endloop
  endfacet
  facet normal 0.171916 0.686364 0.706647
    outer loop
      vertex 0.578209 2.90686 15.6862
      vertex 0.524058 2.63462 15.9638
      vertex 0.779773 2.57057 15.9638
    endloop
  endfacet
  facet normal 0.171947 0.68637 0.706633
    outer loop
      vertex 0.860347 2.83618 15.6862
      vertex 0.578209 2.90686 15.6862
      vertex 0.779773 2.57057 15.9638
    endloop
  endfacet
  facet normal -0.75193 -0.355621 0.555098
    outer loop
      vertex -2.83346 -1.51452 15.3828
      vertex -3.16975 -1.31295 15.0564
      vertex -3.0258 -1.61732 15.0564
    endloop
  endfacet
  facet normal -0.75193 -0.355651 0.55508
    outer loop
      vertex -2.96827 -1.2295 15.3828
      vertex -3.16975 -1.31295 15.0564
      vertex -2.83346 -1.51452 15.3828
    endloop
  endfacet
  facet normal -0.855709 -0.214362 0.470969
    outer loop
      vertex -3.28318 -0.995941 15.0564
      vertex -3.32608 -0.948604 15
      vertex -3.31203 -1.00469 15
    endloop
  endfacet
  facet normal -0.539397 -0.135117 0.83114
    outer loop
      vertex -1.96786 -0.596944 16.4309
      vertex -2.33701 -0.46486 16.2128
      vertex -2.28019 -0.691689 16.2128
    endloop
  endfacet
  facet normal -0.523563 -0.187316 0.83114
    outer loop
      vertex -1.96786 -0.596944 16.4309
      vertex -2.28019 -0.691689 16.2128
      vertex -1.89988 -0.786954 16.4309
    endloop
  endfacet
  facet normal -0.466843 -0.069247 0.881625
    outer loop
      vertex -1.67736 -0.333647 16.616
      vertex -2.04651 -0.201563 16.4309
      vertex -2.0169 -0.401185 16.4309
    endloop
  endfacet
  facet normal -0.466839 -0.0692314 0.881628
    outer loop
      vertex -1.70198 -0.16763 16.616
      vertex -2.04651 -0.201563 16.4309
      vertex -1.67736 -0.333647 16.616
    endloop
  endfacet
  facet normal -0.32853 -0.196924 0.923736
    outer loop
      vertex -1.18844 -0.635235 16.7662
      vertex -1.422 -0.950147 16.616
      vertex -1.12045 -0.748663 16.7662
    endloop
  endfacet
  facet normal -0.233325 -0.173043 0.956878
    outer loop
      vertex -0.808122 -0.539969 16.8801
      vertex -1.04168 -0.854882 16.7662
      vertex -0.751305 -0.616579 16.8801
    endloop
  endfacet
  facet normal -0.412005 -0.373435 0.831143
    outer loop
      vertex -1.58963 -1.30457 16.4309
      vertex -1.84193 -1.51163 16.2128
      vertex -1.68489 -1.68489 16.2128
    endloop
  endfacet
  facet normal -0.281147 -0.379071 0.881624
    outer loop
      vertex -1.08495 -1.32202 16.616
      vertex -1.30457 -1.58963 16.4309
      vertex -0.950147 -1.422 16.616
    endloop
  endfacet
  facet normal -0.476947 -0.285873 0.831143
    outer loop
      vertex -1.81359 -0.969385 16.4309
      vertex -2.10144 -1.12324 16.2128
      vertex -1.70984 -1.14248 16.4309
    endloop
  endfacet
  facet normal -0.502664 -0.23776 0.831143
    outer loop
      vertex -1.89988 -0.786954 16.4309
      vertex -2.10144 -1.12324 16.2128
      vertex -1.81359 -0.969385 16.4309
    endloop
  endfacet
  facet normal -0.285873 -0.476947 0.831143
    outer loop
      vertex -0.969385 -1.81359 16.4309
      vertex -1.14248 -1.70984 16.4309
      vertex -1.12324 -2.10144 16.2128
    endloop
  endfacet
  facet normal -0.23776 -0.502664 0.831143
    outer loop
      vertex -0.969385 -1.81359 16.4309
      vertex -1.12324 -2.10144 16.2128
      vertex -0.786954 -1.89988 16.4309
    endloop
  endfacet
  facet normal -0.307662 -0.228156 0.923736
    outer loop
      vertex -1.12045 -0.748663 16.7662
      vertex -1.422 -0.950147 16.616
      vertex -1.04168 -0.854882 16.7662
    endloop
  endfacet
  facet normal -0.373433 -0.412008 0.831142
    outer loop
      vertex -1.4541 -1.4541 16.4309
      vertex -1.68489 -1.68489 16.2128
      vertex -1.30457 -1.58963 16.4309
    endloop
  endfacet
  facet normal -0.0835295 -0.176606 0.980731
    outer loop
      vertex -0.224605 -0.542245 16.9567
      vertex -0.458159 -0.857157 16.8801
      vertex -0.371938 -0.897937 16.8801
    endloop
  endfacet
  facet normal -0.156915 -0.11638 0.980731
    outer loop
      vertex -0.488008 -0.326076 16.9567
      vertex -0.751305 -0.616579 16.8801
      vertex -0.453696 -0.372339 16.9567
    endloop
  endfacet
  facet normal -0.0658164 -0.183943 0.980731
    outer loop
      vertex -0.224605 -0.542245 16.9567
      vertex -0.371938 -0.897937 16.8801
      vertex -0.282133 -0.93007 16.8801
    endloop
  endfacet
  facet normal -0.195082 -0.215238 0.956878
    outer loop
      vertex -0.687251 -0.687251 16.8801
      vertex -0.854882 -1.04168 16.7662
      vertex -0.616579 -0.751305 16.8801
    endloop
  endfacet
  facet normal -0.404812 -0.242637 0.881621
    outer loop
      vertex -1.422 -0.950147 16.616
      vertex -1.81359 -0.969385 16.4309
      vertex -1.70984 -1.14248 16.4309
    endloop
  endfacet
  facet normal -0.379085 -0.281139 0.881621
    outer loop
      vertex -1.422 -0.950147 16.616
      vertex -1.70984 -1.14248 16.4309
      vertex -1.58963 -1.30457 16.4309
    endloop
  endfacet
  facet normal -0.307655 -0.22818 0.923733
    outer loop
      vertex -1.04168 -0.854882 16.7662
      vertex -1.422 -0.950147 16.616
      vertex -1.32202 -1.08495 16.616
    endloop
  endfacet
  facet normal -0.283815 -0.257228 0.923733
    outer loop
      vertex -1.04168 -0.854882 16.7662
      vertex -1.32202 -1.08495 16.616
      vertex -1.20931 -1.20931 16.616
    endloop
  endfacet
  facet normal -0.0887673 0.0419844 0.995167
    outer loop
      vertex -0.173095 0.0925207 16.9952
      vertex -0.542245 0.224605 16.9567
      vertex -0.18133 0.0751095 16.9952
    endloop
  endfacet
  facet normal -0.189507 -0.0474718 0.980731
    outer loop
      vertex -0.575644 -0.114502 16.9567
      vertex -0.93007 -0.282133 16.8801
      vertex -0.561648 -0.170374 16.9567
    endloop
  endfacet
  facet normal -0.00481967 0.098077 0.995167
    outer loop
      vertex 0 0.586922 16.9567
      vertex -0.0575275 0.584095 16.9567
      vertex -0.0192375 0.195325 16.9952
    endloop
  endfacet
  facet normal 0.0727582 -0.0659439 0.995167
    outer loop
      vertex 0.453696 -0.372339 16.9567
      vertex 0.151719 -0.124513 16.9952
      vertex 0.415016 -0.415016 16.9567
    endloop
  endfacet
  facet normal -0.0330803 -0.0924557 0.995167
    outer loop
      vertex -0.0751095 -0.18133 16.9952
      vertex -0.170374 -0.561648 16.9567
      vertex -0.0569735 -0.187819 16.9952
    endloop
  endfacet
  facet normal 0.0144074 0.0971327 0.995167
    outer loop
      vertex 0.0575275 0.584095 16.9567
      vertex 0.0192375 0.195325 16.9952
      vertex 0.03829 0.192499 16.9952
    endloop
  endfacet
  facet normal -0.262601 -0.124202 0.956878
    outer loop
      vertex -0.897937 -0.371938 16.8801
      vertex -1.18844 -0.635235 16.7662
      vertex -0.857157 -0.458159 16.8801
    endloop
  endfacet
  facet normal -0.0842263 -0.0504805 0.995167
    outer loop
      vertex -0.173095 -0.0925207 16.9952
      vertex -0.517618 -0.276672 16.9567
      vertex -0.488008 -0.326076 16.9567
    endloop
  endfacet
  facet normal -0.0272785 -0.555387 0.831145
    outer loop
      vertex 0 -2.05641 16.4309
      vertex -0.201563 -2.04651 16.4309
      vertex 0 -2.3828 16.2128
    endloop
  endfacet
  facet normal 0.0272785 -0.555387 0.831145
    outer loop
      vertex 0 -2.05641 16.4309
      vertex 0 -2.3828 16.2128
      vertex 0.201563 -2.04651 16.4309
    endloop
  endfacet
  facet normal -0.0842245 -0.0504828 0.995167
    outer loop
      vertex -0.173095 -0.0925207 16.9952
      vertex -0.488008 -0.326076 16.9567
      vertex -0.163193 -0.109041 16.9952
    endloop
  endfacet
  facet normal 0.0887673 0.0419844 0.995167
    outer loop
      vertex 0.542245 0.224605 16.9567
      vertex 0.173095 0.0925207 16.9952
      vertex 0.18133 0.0751095 16.9952
    endloop
  endfacet
  facet normal -0.0658122 -0.183944 0.980731
    outer loop
      vertex -0.224605 -0.542245 16.9567
      vertex -0.282133 -0.93007 16.8801
      vertex -0.170374 -0.561648 16.9567
    endloop
  endfacet
  facet normal 0.0842245 -0.0504828 0.995167
    outer loop
      vertex 0.173095 -0.0925207 16.9952
      vertex 0.163193 -0.109041 16.9952
      vertex 0.488008 -0.326076 16.9567
    endloop
  endfacet
  facet normal 0.0971327 -0.0144074 0.995167
    outer loop
      vertex 0.195325 -0.0192375 16.9952
      vertex 0.192499 -0.03829 16.9952
      vertex 0.584095 -0.0575275 16.9567
    endloop
  endfacet
  facet normal 0.156915 -0.11638 0.980731
    outer loop
      vertex 0.488008 -0.326076 16.9567
      vertex 0.453696 -0.372339 16.9567
      vertex 0.751305 -0.616579 16.8801
    endloop
  endfacet
  facet normal 0.262604 -0.124199 0.956877
    outer loop
      vertex 1.24498 -0.515688 16.7662
      vertex 0.897937 -0.371938 16.8801
      vertex 1.18844 -0.635235 16.7662
    endloop
  endfacet
  facet normal -0.0426147 -0.287346 0.956878
    outer loop
      vertex -0.189611 -0.953245 16.8801
      vertex -0.262896 -1.32167 16.7662
      vertex -0.132084 -1.34107 16.7662
    endloop
  endfacet
  facet normal -0.0426239 -0.287347 0.956878
    outer loop
      vertex -0.0952644 -0.96724 16.8801
      vertex -0.189611 -0.953245 16.8801
      vertex -0.132084 -1.34107 16.7662
    endloop
  endfacet
  facet normal 0.0188059 -0.382578 0.923732
    outer loop
      vertex 0.132084 -1.34107 16.7662
      vertex 0 -1.71022 16.616
      vertex 0.16763 -1.70198 16.616
    endloop
  endfacet
  facet normal 0.0231709 -0.471376 0.881628
    outer loop
      vertex 0.16763 -1.70198 16.616
      vertex 0 -1.71022 16.616
      vertex 0.201563 -2.04651 16.4309
    endloop
  endfacet
  facet normal 0.0705813 -0.281783 0.956879
    outer loop
      vertex 0.282133 -0.93007 16.8801
      vertex 0.189611 -0.953245 16.8801
      vertex 0.262896 -1.32167 16.7662
    endloop
  endfacet
  facet normal 0.0474683 -0.189509 0.980731
    outer loop
      vertex 0.282133 -0.93007 16.8801
      vertex 0.114502 -0.575644 16.9567
      vertex 0.189611 -0.953245 16.8801
    endloop
  endfacet
  facet normal 0.129036 -0.360643 0.923735
    outer loop
      vertex 0.515688 -1.24498 16.7662
      vertex 0.391175 -1.28953 16.7662
      vertex 0.654472 -1.58004 16.616
    endloop
  endfacet
  facet normal 0.163764 -0.346258 0.923735
    outer loop
      vertex 0.635235 -1.18844 16.7662
      vertex 0.515688 -1.24498 16.7662
      vertex 0.654472 -1.58004 16.616
    endloop
  endfacet
  facet normal -0.078873 0.058492 0.995167
    outer loop
      vertex -0.151719 0.124513 16.9952
      vertex -0.488008 0.326076 16.9567
      vertex -0.163193 0.109041 16.9952
    endloop
  endfacet
  facet normal 0.0584961 0.0788705 0.995167
    outer loop
      vertex 0.326076 0.488008 16.9567
      vertex 0.124513 0.151719 16.9952
      vertex 0.372339 0.453696 16.9567
    endloop
  endfacet
  facet normal 0.0659439 -0.0727582 0.995167
    outer loop
      vertex 0.415016 -0.415016 16.9567
      vertex 0.124513 -0.151719 16.9952
      vertex 0.372339 -0.453696 16.9567
    endloop
  endfacet
  facet normal 0.0584961 -0.0788705 0.995167
    outer loop
      vertex 0.372339 -0.453696 16.9567
      vertex 0.124513 -0.151719 16.9952
      vertex 0.326076 -0.488008 16.9567
    endloop
  endfacet
  facet normal 0.349689 -0.316949 0.881624
    outer loop
      vertex 1.58963 -1.30457 16.4309
      vertex 1.32202 -1.08495 16.616
      vertex 1.4541 -1.4541 16.4309
    endloop
  endfacet
  facet normal 0.379071 -0.281147 0.881624
    outer loop
      vertex 1.422 -0.950147 16.616
      vertex 1.32202 -1.08495 16.616
      vertex 1.58963 -1.30457 16.4309
    endloop
  endfacet
  facet normal 0.228156 -0.307662 0.923736
    outer loop
      vertex 0.854882 -1.04168 16.7662
      vertex 0.748663 -1.12045 16.7662
      vertex 0.950147 -1.422 16.616
    endloop
  endfacet
  facet normal 0.22818 -0.307655 0.923733
    outer loop
      vertex 1.08495 -1.32202 16.616
      vertex 0.854882 -1.04168 16.7662
      vertex 0.950147 -1.422 16.616
    endloop
  endfacet
  facet normal 0.183944 -0.0658122 0.980731
    outer loop
      vertex 0.561648 -0.170374 16.9567
      vertex 0.542245 -0.224605 16.9567
      vertex 0.93007 -0.282133 16.8801
    endloop
  endfacet
  facet normal 0.0842263 0.0504805 0.995167
    outer loop
      vertex 0.488008 0.326076 16.9567
      vertex 0.173095 0.0925207 16.9952
      vertex 0.517618 0.276672 16.9567
    endloop
  endfacet
  facet normal 0.144754 -0.131199 0.980731
    outer loop
      vertex 0.751305 -0.616579 16.8801
      vertex 0.415016 -0.415016 16.9567
      vertex 0.687251 -0.687251 16.8801
    endloop
  endfacet
  facet normal 0.167571 -0.100433 0.980731
    outer loop
      vertex 0.517618 -0.276672 16.9567
      vertex 0.488008 -0.326076 16.9567
      vertex 0.857157 -0.458159 16.8801
    endloop
  endfacet
  facet normal -0.173043 -0.233325 0.956878
    outer loop
      vertex -0.616579 -0.751305 16.8801
      vertex -0.854882 -1.04168 16.7662
      vertex -0.539969 -0.808122 16.8801
    endloop
  endfacet
  facet normal 0.249161 -0.14935 0.956877
    outer loop
      vertex 1.18844 -0.635235 16.7662
      vertex 0.808122 -0.539969 16.8801
      vertex 1.12045 -0.748663 16.7662
    endloop
  endfacet
  facet normal 0.167569 -0.100437 0.980731
    outer loop
      vertex 0.857157 -0.458159 16.8801
      vertex 0.488008 -0.326076 16.9567
      vertex 0.808122 -0.539969 16.8801
    endloop
  endfacet
  facet normal 0.098077 -0.00481967 0.995167
    outer loop
      vertex 0.586922 0 16.9567
      vertex 0.195325 -0.0192375 16.9952
      vertex 0.584095 -0.0575275 16.9567
    endloop
  endfacet
  facet normal 0.0980769 -0.00481781 0.995167
    outer loop
      vertex 0.19627 0 16.9952
      vertex 0.195325 -0.0192375 16.9952
      vertex 0.586922 0 16.9567
    endloop
  endfacet
  facet normal -0.713444 0.427637 0.55509
    outer loop
      vertex -2.8527 1.90611 15.0564
      vertex -3.0258 1.61732 15.0564
      vertex -2.67137 1.78495 15.3828
    endloop
  endfacet
  facet normal -0.509894 0.378145 0.772667
    outer loop
      vertex -1.84193 1.51163 16.2128
      vertex -2.23352 1.49239 15.9638
      vertex -1.98122 1.32381 16.2128
    endloop
  endfacet
  facet normal -0.573859 0.271424 0.772667
    outer loop
      vertex -2.10144 1.12324 16.2128
      vertex -2.48176 1.02798 15.9638
      vertex -2.20142 0.911857 16.2128
    endloop
  endfacet
  facet normal -0.573859 0.271421 0.772668
    outer loop
      vertex -2.36905 1.26628 15.9638
      vertex -2.48176 1.02798 15.9638
      vertex -2.10144 1.12324 16.2128
    endloop
  endfacet
  facet normal -0.615776 0.15425 0.772675
    outer loop
      vertex -2.28019 0.691689 16.2128
      vertex -2.57057 0.779773 15.9638
      vertex -2.33701 0.46486 16.2128
    endloop
  endfacet
  facet normal -0.615786 0.154238 0.772669
    outer loop
      vertex -2.57057 0.779773 15.9638
      vertex -2.63462 0.524058 15.9638
      vertex -2.33701 0.46486 16.2128
    endloop
  endfacet
  facet normal 0.214344 -0.8557 0.470993
    outer loop
      vertex 0.948604 -3.32608 15
      vertex 0.669337 -3.36499 15.0564
      vertex 0.67522 -3.39456 15
    endloop
  endfacet
  facet normal 0.214343 -0.855706 0.470983
    outer loop
      vertex 0.669337 -3.36499 15.0564
      vertex 0.948604 -3.32608 15
      vertex 0.995941 -3.28318 15.0564
    endloop
  endfacet
  facet normal 0.202109 -0.806866 0.555085
    outer loop
      vertex 0.932635 -3.07449 15.3828
      vertex 0.669337 -3.36499 15.0564
      vertex 0.995941 -3.28318 15.0564
    endloop
  endfacet
  facet normal -0.15425 -0.615776 0.772675
    outer loop
      vertex -0.691689 -2.28019 16.2128
      vertex -0.779773 -2.57057 15.9638
      vertex -0.46486 -2.33701 16.2128
    endloop
  endfacet
  facet normal -0.114687 -0.457809 0.881622
    outer loop
      vertex -0.49645 -1.63658 16.616
      vertex -0.596944 -1.96786 16.4309
      vertex -0.401185 -2.0169 16.4309
    endloop
  endfacet
  facet normal -0.238374 -0.666211 0.70664
    outer loop
      vertex -1.02798 -2.48176 15.9638
      vertex -1.1342 -2.7382 15.6862
      vertex -0.779773 -2.57057 15.9638
    endloop
  endfacet
  facet normal -0.213859 -0.597694 0.772675
    outer loop
      vertex -0.691689 -2.28019 16.2128
      vertex -1.02798 -2.48176 15.9638
      vertex -0.779773 -2.57057 15.9638
    endloop
  endfacet
  facet normal -0.135117 -0.539397 0.83114
    outer loop
      vertex -0.596944 -1.96786 16.4309
      vertex -0.691689 -2.28019 16.2128
      vertex -0.46486 -2.33701 16.2128
    endloop
  endfacet
  facet normal -0.187316 -0.523563 0.83114
    outer loop
      vertex -0.596944 -1.96786 16.4309
      vertex -0.786954 -1.89988 16.4309
      vertex -0.691689 -2.28019 16.2128
    endloop
  endfacet
  facet normal -0.330659 -0.69909 0.633986
    outer loop
      vertex -1.1342 -2.7382 15.6862
      vertex -1.51452 -2.83346 15.3828
      vertex -1.2295 -2.96827 15.3828
    endloop
  endfacet
  facet normal -0.45348 -0.756603 0.47107
    outer loop
      vertex -1.68113 -3.02266 15
      vertex -1.90611 -2.8527 15.0564
      vertex -1.92287 -2.87777 15
    endloop
  endfacet
  facet normal -0.453523 -0.756631 0.470984
    outer loop
      vertex -1.90611 -2.8527 15.0564
      vertex -1.68113 -3.02266 15
      vertex -1.61732 -3.0258 15.0564
    endloop
  endfacet
  facet normal -0.363771 -0.606901 0.706642
    outer loop
      vertex -1.49239 -2.23352 15.9638
      vertex -1.6466 -2.46431 15.6862
      vertex -1.39713 -2.61384 15.6862
    endloop
  endfacet
  facet normal -0.326364 -0.544493 0.772667
    outer loop
      vertex -1.32381 -1.98122 16.2128
      vertex -1.49239 -2.23352 15.9638
      vertex -1.12324 -2.10144 16.2128
    endloop
  endfacet
  facet normal -0.202109 -0.806866 0.555085
    outer loop
      vertex -0.932635 -3.07449 15.3828
      vertex -0.995941 -3.28318 15.0564
      vertex -0.669337 -3.36499 15.0564
    endloop
  endfacet
  facet normal -0.280224 -0.783173 0.555081
    outer loop
      vertex -1.2295 -2.96827 15.3828
      vertex -1.31295 -3.16975 15.0564
      vertex -0.932635 -3.07449 15.3828
    endloop
  endfacet
  facet normal -0.377153 0.797405 0.471064
    outer loop
      vertex -1.57926 3.07711 15
      vertex -1.31295 3.16975 15.0564
      vertex -1.32449 3.19761 15
    endloop
  endfacet
  facet normal -0.377152 0.797457 0.470977
    outer loop
      vertex -1.31295 3.16975 15.0564
      vertex -1.57926 3.07711 15
      vertex -1.61732 3.0258 15.0564
    endloop
  endfacet
  facet normal -0.377141 0.797457 0.470985
    outer loop
      vertex -1.57926 3.07711 15
      vertex -1.63153 3.05239 15
      vertex -1.61732 3.0258 15.0564
    endloop
  endfacet
  facet normal -0.68637 0.171947 0.706633
    outer loop
      vertex -2.83618 0.860347 15.6862
      vertex -2.90686 0.578209 15.6862
      vertex -2.57057 0.779773 15.9638
    endloop
  endfacet
  facet normal -0.69909 0.330659 0.633986
    outer loop
      vertex -2.83346 1.51452 15.3828
      vertex -2.96827 1.2295 15.3828
      vertex -2.7382 1.1342 15.6862
    endloop
  endfacet
  facet normal -0.830539 0.29716 0.471064
    outer loop
      vertex -3.29255 1.05914 15
      vertex -3.16975 1.31295 15.0564
      vertex -3.19761 1.32449 15
    endloop
  endfacet
  facet normal -0.830566 0.297187 0.470999
    outer loop
      vertex -3.16975 1.31295 15.0564
      vertex -3.29255 1.05914 15
      vertex -3.28318 0.995941 15.0564
    endloop
  endfacet
  facet normal -0.783169 0.280228 0.555085
    outer loop
      vertex -3.16975 1.31295 15.0564
      vertex -3.28318 0.995941 15.0564
      vertex -3.07449 0.932635 15.3828
    endloop
  endfacet
  facet normal -0.663321 0.397581 0.633983
    outer loop
      vertex -2.67137 1.78495 15.3828
      vertex -2.83346 1.51452 15.3828
      vertex -2.61384 1.39713 15.6862
    endloop
  endfacet
  facet normal -0.621161 0.460673 0.633987
    outer loop
      vertex -2.29105 1.88022 15.6862
      vertex -2.67137 1.78495 15.3828
      vertex -2.46431 1.6466 15.6862
    endloop
  endfacet
  facet normal -0.355651 0.75193 0.55508
    outer loop
      vertex -1.31295 3.16975 15.0564
      vertex -1.51452 2.83346 15.3828
      vertex -1.2295 2.96827 15.3828
    endloop
  endfacet
  facet normal -0.330659 0.69909 0.633986
    outer loop
      vertex -1.2295 2.96827 15.3828
      vertex -1.51452 2.83346 15.3828
      vertex -1.1342 2.7382 15.6862
    endloop
  endfacet
  facet normal -0.592418 0.653597 0.471011
    outer loop
      vertex -2.4045 2.48617 15
      vertex -2.44734 2.44734 15
      vertex -2.42602 2.42602 15.0564
    endloop
  endfacet
  facet normal -0.653597 0.592418 0.471011
    outer loop
      vertex -2.44734 2.44734 15
      vertex -2.48617 2.4045 15
      vertex -2.42602 2.42602 15.0564
    endloop
  endfacet
  facet normal -0.427637 0.713444 0.55509
    outer loop
      vertex -1.61732 3.0258 15.0564
      vertex -1.90611 2.8527 15.0564
      vertex -1.78495 2.67137 15.3828
    endloop
  endfacet
  facet normal -0.495494 0.668103 0.555089
    outer loop
      vertex -1.90611 2.8527 15.0564
      vertex -2.17655 2.65213 15.0564
      vertex -1.78495 2.67137 15.3828
    endloop
  endfacet
  facet normal 0.668105 -0.495493 0.555088
    outer loop
      vertex 2.67137 -1.78495 15.3828
      vertex 2.48355 -2.0382 15.3828
      vertex 2.65213 -2.17655 15.0564
    endloop
  endfacet
  facet normal 0.668103 -0.495494 0.555089
    outer loop
      vertex 2.67137 -1.78495 15.3828
      vertex 2.65213 -2.17655 15.0564
      vertex 2.8527 -1.90611 15.0564
    endloop
  endfacet
  facet normal 0.0971327 0.0144076 0.995167
    outer loop
      vertex 0.575644 0.114502 16.9567
      vertex 0.192499 0.03829 16.9952
      vertex 0.584095 0.0575275 16.9567
    endloop
  endfacet
  facet normal 0.0971327 0.0144074 0.995167
    outer loop
      vertex 0.584095 0.0575275 16.9567
      vertex 0.192499 0.03829 16.9952
      vertex 0.195325 0.0192375 16.9952
    endloop
  endfacet
  facet normal -0.058492 0.078873 0.995167
    outer loop
      vertex -0.109041 0.163193 16.9952
      vertex -0.326076 0.488008 16.9567
      vertex -0.124513 0.151719 16.9952
    endloop
  endfacet
  facet normal 0.0835295 0.176606 0.980731
    outer loop
      vertex 0.371938 0.897937 16.8801
      vertex 0.224605 0.542245 16.9567
      vertex 0.458159 0.857157 16.8801
    endloop
  endfacet
  facet normal 0.0835316 0.176604 0.980731
    outer loop
      vertex 0.458159 0.857157 16.8801
      vertex 0.224605 0.542245 16.9567
      vertex 0.276672 0.517618 16.9567
    endloop
  endfacet
  facet normal 0.0658122 0.183944 0.980731
    outer loop
      vertex 0.282133 0.93007 16.8801
      vertex 0.170374 0.561648 16.9567
      vertex 0.224605 0.542245 16.9567
    endloop
  endfacet
  facet normal 0.0658164 0.183943 0.980731
    outer loop
      vertex 0.282133 0.93007 16.8801
      vertex 0.224605 0.542245 16.9567
      vertex 0.371938 0.897937 16.8801
    endloop
  endfacet
  facet normal -0.0952523 0.0238608 0.995167
    outer loop
      vertex -0.561648 0.170374 16.9567
      vertex -0.575644 0.114502 16.9567
      vertex -0.192499 0.03829 16.9952
    endloop
  endfacet
  facet normal 0.0842245 0.0504828 0.995167
    outer loop
      vertex 0.488008 0.326076 16.9567
      vertex 0.163193 0.109041 16.9952
      vertex 0.173095 0.0925207 16.9952
    endloop
  endfacet
  facet normal 0.0504828 -0.0842245 0.995167
    outer loop
      vertex 0.109041 -0.163193 16.9952
      vertex 0.0925207 -0.173095 16.9952
      vertex 0.326076 -0.488008 16.9567
    endloop
  endfacet
  facet normal 0.0504805 -0.0842263 0.995167
    outer loop
      vertex 0.326076 -0.488008 16.9567
      vertex 0.0925207 -0.173095 16.9952
      vertex 0.276672 -0.517618 16.9567
    endloop
  endfacet
  facet normal -0.167571 0.100433 0.980731
    outer loop
      vertex -0.488008 0.326076 16.9567
      vertex -0.857157 0.458159 16.8801
      vertex -0.517618 0.276672 16.9567
    endloop
  endfacet
  facet normal -0.0842263 0.0504805 0.995167
    outer loop
      vertex -0.488008 0.326076 16.9567
      vertex -0.517618 0.276672 16.9567
      vertex -0.173095 0.0925207 16.9952
    endloop
  endfacet
  facet normal -0.078873 -0.058492 0.995167
    outer loop
      vertex -0.163193 -0.109041 16.9952
      vertex -0.488008 -0.326076 16.9567
      vertex -0.151719 -0.124513 16.9952
    endloop
  endfacet
  facet normal 0.0419856 -0.0887669 0.995167
    outer loop
      vertex 0.276672 -0.517618 16.9567
      vertex 0.0925207 -0.173095 16.9952
      vertex 0.224605 -0.542245 16.9567
    endloop
  endfacet
  facet normal -0.116377 0.156918 0.980731
    outer loop
      vertex -0.539969 0.808122 16.8801
      vertex -0.616579 0.751305 16.8801
      vertex -0.326076 0.488008 16.9567
    endloop
  endfacet
  facet normal -0.0835316 0.176604 0.980731
    outer loop
      vertex -0.224605 0.542245 16.9567
      vertex -0.458159 0.857157 16.8801
      vertex -0.276672 0.517618 16.9567
    endloop
  endfacet
  facet normal -0.131197 0.144755 0.980731
    outer loop
      vertex -0.372339 0.453696 16.9567
      vertex -0.616579 0.751305 16.8801
      vertex -0.415016 0.415016 16.9567
    endloop
  endfacet
  facet normal -0.0658164 0.183943 0.980731
    outer loop
      vertex -0.282133 0.93007 16.8801
      vertex -0.371938 0.897937 16.8801
      vertex -0.224605 0.542245 16.9567
    endloop
  endfacet
  facet normal 0.124199 0.262604 0.956877
    outer loop
      vertex 0.515688 1.24498 16.7662
      vertex 0.371938 0.897937 16.8801
      vertex 0.635235 1.18844 16.7662
    endloop
  endfacet
  facet normal 0.124202 0.262601 0.956878
    outer loop
      vertex 0.635235 1.18844 16.7662
      vertex 0.371938 0.897937 16.8801
      vertex 0.458159 0.857157 16.8801
    endloop
  endfacet
  facet normal 0.0231526 0.471384 0.881624
    outer loop
      vertex 0 2.05641 16.4309
      vertex 0 1.71022 16.616
      vertex 0.201563 2.04651 16.4309
    endloop
  endfacet
  facet normal 0.0231709 0.471376 0.881628
    outer loop
      vertex 0.201563 2.04651 16.4309
      vertex 0 1.71022 16.616
      vertex 0.16763 1.70198 16.616
    endloop
  endfacet
  facet normal 0.018798 0.382575 0.923733
    outer loop
      vertex 0 1.71022 16.616
      vertex 0 1.34756 16.7662
      vertex 0.132084 1.34107 16.7662
    endloop
  endfacet
  facet normal 0.0705813 0.281783 0.956879
    outer loop
      vertex 0.262896 1.32167 16.7662
      vertex 0.189611 0.953245 16.8801
      vertex 0.282133 0.93007 16.8801
    endloop
  endfacet
  facet normal -0.331234 0.446639 0.831143
    outer loop
      vertex -1.32381 1.98122 16.2128
      vertex -1.51163 1.84193 16.2128
      vertex -1.30457 1.58963 16.4309
    endloop
  endfacet
  facet normal -0.412005 0.373435 0.831143
    outer loop
      vertex -1.68489 1.68489 16.2128
      vertex -1.84193 1.51163 16.2128
      vertex -1.58963 1.30457 16.4309
    endloop
  endfacet
  facet normal -0.257228 0.283815 0.923733
    outer loop
      vertex -1.08495 1.32202 16.616
      vertex -1.20931 1.20931 16.616
      vertex -0.854882 1.04168 16.7662
    endloop
  endfacet
  facet normal -0.257233 0.283805 0.923735
    outer loop
      vertex -0.854882 1.04168 16.7662
      vertex -1.20931 1.20931 16.616
      vertex -0.952868 0.952868 16.7662
    endloop
  endfacet
  facet normal -0.187316 0.523563 0.83114
    outer loop
      vertex -0.691689 2.28019 16.2128
      vertex -0.911857 2.20142 16.2128
      vertex -0.786954 1.89988 16.4309
    endloop
  endfacet
  facet normal -0.271421 0.573859 0.772668
    outer loop
      vertex -1.02798 2.48176 15.9638
      vertex -1.26628 2.36905 15.9638
      vertex -1.12324 2.10144 16.2128
    endloop
  endfacet
  facet normal -0.509894 0.378146 0.772666
    outer loop
      vertex -2.07649 1.70413 15.9638
      vertex -2.23352 1.49239 15.9638
      vertex -1.84193 1.51163 16.2128
    endloop
  endfacet
  facet normal -0.285873 0.476947 0.831143
    outer loop
      vertex -1.12324 2.10144 16.2128
      vertex -1.14248 1.70984 16.4309
      vertex -0.969385 1.81359 16.4309
    endloop
  endfacet
  facet normal -0.316949 0.349689 0.881624
    outer loop
      vertex -1.30457 1.58963 16.4309
      vertex -1.4541 1.4541 16.4309
      vertex -1.08495 1.32202 16.616
    endloop
  endfacet
  facet normal -0.281147 0.379071 0.881624
    outer loop
      vertex -0.950147 1.422 16.616
      vertex -1.30457 1.58963 16.4309
      vertex -1.08495 1.32202 16.616
    endloop
  endfacet
  facet normal -0.470347 0.426314 0.772677
    outer loop
      vertex -1.68489 1.68489 16.2128
      vertex -1.89946 1.89946 15.9638
      vertex -1.84193 1.51163 16.2128
    endloop
  endfacet
  facet normal -0.460673 0.621161 0.633987
    outer loop
      vertex -1.78495 2.67137 15.3828
      vertex -1.88022 2.29105 15.6862
      vertex -1.6466 2.46431 15.6862
    endloop
  endfacet
  facet normal -0.281783 0.0705813 0.956879
    outer loop
      vertex -0.93007 0.282133 16.8801
      vertex -1.32167 0.262896 16.7662
      vertex -0.953245 0.189611 16.8801
    endloop
  endfacet
  facet normal -0.144754 0.131199 0.980731
    outer loop
      vertex -0.687251 0.687251 16.8801
      vertex -0.751305 0.616579 16.8801
      vertex -0.415016 0.415016 16.9567
    endloop
  endfacet
  facet normal 0.0474718 0.189507 0.980731
    outer loop
      vertex 0.282133 0.93007 16.8801
      vertex 0.114502 0.575644 16.9567
      vertex 0.170374 0.561648 16.9567
    endloop
  endfacet
  facet normal 0.0238597 0.0952527 0.995167
    outer loop
      vertex 0.170374 0.561648 16.9567
      vertex 0.03829 0.192499 16.9952
      vertex 0.0569735 0.187819 16.9952
    endloop
  endfacet
  facet normal -0.114675 0.457807 0.881625
    outer loop
      vertex -0.401185 2.0169 16.4309
      vertex -0.49645 1.63658 16.616
      vertex -0.333647 1.67736 16.616
    endloop
  endfacet
  facet normal -0.0231709 0.471376 0.881628
    outer loop
      vertex 0 1.71022 16.616
      vertex -0.201563 2.04651 16.4309
      vertex -0.16763 1.70198 16.616
    endloop
  endfacet
  facet normal -0.158983 0.444372 0.881622
    outer loop
      vertex -0.596944 1.96786 16.4309
      vertex -0.786954 1.89988 16.4309
      vertex -0.49645 1.63658 16.616
    endloop
  endfacet
  facet normal -0.158992 0.444363 0.881625
    outer loop
      vertex -0.49645 1.63658 16.616
      vertex -0.786954 1.89988 16.4309
      vertex -0.654472 1.58004 16.616
    endloop
  endfacet
  facet normal -0.0692314 0.466839 0.881628
    outer loop
      vertex -0.201563 2.04651 16.4309
      vertex -0.333647 1.67736 16.616
      vertex -0.16763 1.70198 16.616
    endloop
  endfacet
  facet normal -0.0188059 0.382578 0.923732
    outer loop
      vertex 0 1.71022 16.616
      vertex -0.16763 1.70198 16.616
      vertex -0.132084 1.34107 16.7662
    endloop
  endfacet
  facet normal -0.113455 0.764979 0.633983
    outer loop
      vertex -0.290504 2.94953 15.6862
      vertex -0.626792 3.1511 15.3828
      vertex -0.578209 2.90686 15.6862
    endloop
  endfacet
  facet normal -0.113465 0.764972 0.63399
    outer loop
      vertex -0.314912 3.19736 15.3828
      vertex -0.626792 3.1511 15.3828
      vertex -0.290504 2.94953 15.6862
    endloop
  endfacet
  facet normal 0.249161 0.14935 0.956877
    outer loop
      vertex 1.12045 0.748663 16.7662
      vertex 0.808122 0.539969 16.8801
      vertex 1.18844 0.635235 16.7662
    endloop
  endfacet
  facet normal 0.307655 0.22818 0.923733
    outer loop
      vertex 1.32202 1.08495 16.616
      vertex 1.04168 0.854882 16.7662
      vertex 1.422 0.950147 16.616
    endloop
  endfacet
  facet normal 0.144754 0.131199 0.980731
    outer loop
      vertex 0.687251 0.687251 16.8801
      vertex 0.415016 0.415016 16.9567
      vertex 0.751305 0.616579 16.8801
    endloop
  endfacet
  facet normal 0.215238 0.195082 0.956878
    outer loop
      vertex 1.04168 0.854882 16.7662
      vertex 0.687251 0.687251 16.8801
      vertex 0.751305 0.616579 16.8801
    endloop
  endfacet
  facet normal 0.457807 0.114675 0.881625
    outer loop
      vertex 2.0169 0.401185 16.4309
      vertex 1.63658 0.49645 16.616
      vertex 1.67736 0.333647 16.616
    endloop
  endfacet
  facet normal 0.457809 0.114687 0.881622
    outer loop
      vertex 1.96786 0.596944 16.4309
      vertex 1.63658 0.49645 16.616
      vertex 2.0169 0.401185 16.4309
    endloop
  endfacet
  facet normal 0.328544 0.196913 0.923734
    outer loop
      vertex 1.422 0.950147 16.616
      vertex 1.18844 0.635235 16.7662
      vertex 1.50828 0.806191 16.616
    endloop
  endfacet
  facet normal 0.346257 0.163773 0.923734
    outer loop
      vertex 1.50828 0.806191 16.616
      vertex 1.18844 0.635235 16.7662
      vertex 1.58004 0.654472 16.616
    endloop
  endfacet
  facet normal 0.476947 0.285873 0.831143
    outer loop
      vertex 2.10144 1.12324 16.2128
      vertex 1.70984 1.14248 16.4309
      vertex 1.81359 0.969385 16.4309
    endloop
  endfacet
  facet normal 0.476946 0.285878 0.831141
    outer loop
      vertex 1.98122 1.32381 16.2128
      vertex 1.70984 1.14248 16.4309
      vertex 2.10144 1.12324 16.2128
    endloop
  endfacet
  facet normal 0.237754 0.502672 0.83114
    outer loop
      vertex 0.911857 2.20142 16.2128
      vertex 0.786954 1.89988 16.4309
      vertex 1.12324 2.10144 16.2128
    endloop
  endfacet
  facet normal 0.271424 0.573859 0.772667
    outer loop
      vertex 1.02798 2.48176 15.9638
      vertex 0.911857 2.20142 16.2128
      vertex 1.12324 2.10144 16.2128
    endloop
  endfacet
  facet normal -0.262604 -0.124199 0.956877
    outer loop
      vertex -0.897937 -0.371938 16.8801
      vertex -1.24498 -0.515688 16.7662
      vertex -1.18844 -0.635235 16.7662
    endloop
  endfacet
  facet normal -0.281784 -0.0706002 0.956877
    outer loop
      vertex -0.93007 -0.282133 16.8801
      vertex -1.32167 -0.262896 16.7662
      vertex -1.28953 -0.391175 16.7662
    endloop
  endfacet
  facet normal -0.597709 -0.213844 0.772667
    outer loop
      vertex -2.28019 -0.691689 16.2128
      vertex -2.48176 -1.02798 15.9638
      vertex -2.20142 -0.911857 16.2128
    endloop
  endfacet
  facet normal -0.573859 -0.271424 0.772667
    outer loop
      vertex -2.20142 -0.911857 16.2128
      vertex -2.48176 -1.02798 15.9638
      vertex -2.10144 -1.12324 16.2128
    endloop
  endfacet
  facet normal -0.509894 -0.378145 0.772667
    outer loop
      vertex -1.98122 -1.32381 16.2128
      vertex -2.23352 -1.49239 15.9638
      vertex -1.84193 -1.51163 16.2128
    endloop
  endfacet
  facet normal -0.446639 -0.331234 0.831143
    outer loop
      vertex -1.58963 -1.30457 16.4309
      vertex -1.98122 -1.32381 16.2128
      vertex -1.84193 -1.51163 16.2128
    endloop
  endfacet
  facet normal -0.129037 -0.360642 0.923735
    outer loop
      vertex -0.391175 -1.28953 16.7662
      vertex -0.654472 -1.58004 16.616
      vertex -0.49645 -1.63658 16.616
    endloop
  endfacet
  facet normal -0.0930921 -0.371554 0.923732
    outer loop
      vertex -0.262896 -1.32167 16.7662
      vertex -0.391175 -1.28953 16.7662
      vertex -0.333647 -1.67736 16.616
    endloop
  endfacet
  facet normal -0.173036 -0.233334 0.956877
    outer loop
      vertex -0.539969 -0.808122 16.8801
      vertex -0.854882 -1.04168 16.7662
      vertex -0.748663 -1.12045 16.7662
    endloop
  endfacet
  facet normal -0.163773 -0.346257 0.923734
    outer loop
      vertex -0.635235 -1.18844 16.7662
      vertex -0.806191 -1.50828 16.616
      vertex -0.654472 -1.58004 16.616
    endloop
  endfacet
  facet normal -0.349703 -0.316943 0.881621
    outer loop
      vertex -1.32202 -1.08495 16.616
      vertex -1.4541 -1.4541 16.4309
      vertex -1.20931 -1.20931 16.616
    endloop
  endfacet
  facet normal -0.349689 -0.316949 0.881624
    outer loop
      vertex -1.32202 -1.08495 16.616
      vertex -1.58963 -1.30457 16.4309
      vertex -1.4541 -1.4541 16.4309
    endloop
  endfacet
  facet normal -0.22818 -0.307655 0.923733
    outer loop
      vertex -0.854882 -1.04168 16.7662
      vertex -1.08495 -1.32202 16.616
      vertex -0.950147 -1.422 16.616
    endloop
  endfacet
  facet normal -0.257228 -0.283815 0.923733
    outer loop
      vertex -0.854882 -1.04168 16.7662
      vertex -1.20931 -1.20931 16.616
      vertex -1.08495 -1.32202 16.616
    endloop
  endfacet
  facet normal -0.249163 -0.149342 0.956878
    outer loop
      vertex -0.857157 -0.458159 16.8801
      vertex -1.18844 -0.635235 16.7662
      vertex -0.808122 -0.539969 16.8801
    endloop
  endfacet
  facet normal -0.215238 -0.195082 0.956878
    outer loop
      vertex -0.751305 -0.616579 16.8801
      vertex -1.04168 -0.854882 16.7662
      vertex -0.687251 -0.687251 16.8801
    endloop
  endfacet
  facet normal 0.0419844 -0.0887673 0.995167
    outer loop
      vertex 0.0925207 -0.173095 16.9952
      vertex 0.0751095 -0.18133 16.9952
      vertex 0.224605 -0.542245 16.9567
    endloop
  endfacet
  facet normal -0.0835316 -0.176604 0.980731
    outer loop
      vertex -0.276672 -0.517618 16.9567
      vertex -0.458159 -0.857157 16.8801
      vertex -0.224605 -0.542245 16.9567
    endloop
  endfacet
  facet normal -0.0286645 -0.193249 0.980731
    outer loop
      vertex -0.114502 -0.575644 16.9567
      vertex -0.189611 -0.953245 16.8801
      vertex -0.0575275 -0.584095 16.9567
    endloop
  endfacet
  facet normal -0.0474683 -0.189509 0.980731
    outer loop
      vertex -0.114502 -0.575644 16.9567
      vertex -0.282133 -0.93007 16.8801
      vertex -0.189611 -0.953245 16.8801
    endloop
  endfacet
  facet normal -0.215237 -0.195085 0.956878
    outer loop
      vertex -0.687251 -0.687251 16.8801
      vertex -1.04168 -0.854882 16.7662
      vertex -0.952868 -0.952868 16.7662
    endloop
  endfacet
  facet normal -0.283805 -0.257233 0.923735
    outer loop
      vertex -1.04168 -0.854882 16.7662
      vertex -1.20931 -1.20931 16.616
      vertex -0.952868 -0.952868 16.7662
    endloop
  endfacet
  facet normal 0.0144076 0.0971327 0.995167
    outer loop
      vertex 0.0575275 0.584095 16.9567
      vertex 0.03829 0.192499 16.9952
      vertex 0.114502 0.575644 16.9567
    endloop
  endfacet
  facet normal 0.0238608 0.0952523 0.995167
    outer loop
      vertex 0.114502 0.575644 16.9567
      vertex 0.03829 0.192499 16.9952
      vertex 0.170374 0.561648 16.9567
    endloop
  endfacet
  facet normal 0.0924557 -0.0330803 0.995167
    outer loop
      vertex 0.187819 -0.0569735 16.9952
      vertex 0.18133 -0.0751095 16.9952
      vertex 0.561648 -0.170374 16.9567
    endloop
  endfacet
  facet normal 0.183943 -0.0658164 0.980731
    outer loop
      vertex 0.93007 -0.282133 16.8801
      vertex 0.542245 -0.224605 16.9567
      vertex 0.897937 -0.371938 16.8801
    endloop
  endfacet
  facet normal 0.249163 -0.149342 0.956878
    outer loop
      vertex 0.857157 -0.458159 16.8801
      vertex 0.808122 -0.539969 16.8801
      vertex 1.18844 -0.635235 16.7662
    endloop
  endfacet
  facet normal 0.262601 -0.124202 0.956878
    outer loop
      vertex 0.897937 -0.371938 16.8801
      vertex 0.857157 -0.458159 16.8801
      vertex 1.18844 -0.635235 16.7662
    endloop
  endfacet
  facet normal 0.273514 -0.0978616 0.956877
    outer loop
      vertex 1.28953 -0.391175 16.7662
      vertex 0.93007 -0.282133 16.8801
      vertex 1.24498 -0.515688 16.7662
    endloop
  endfacet
  facet normal 0.273512 -0.0978648 0.956877
    outer loop
      vertex 0.93007 -0.282133 16.8801
      vertex 0.897937 -0.371938 16.8801
      vertex 1.24498 -0.515688 16.7662
    endloop
  endfacet
  facet normal -0.0188059 -0.382578 0.923732
    outer loop
      vertex -0.132084 -1.34107 16.7662
      vertex -0.16763 -1.70198 16.616
      vertex 0 -1.71022 16.616
    endloop
  endfacet
  facet normal -0.018798 -0.382575 0.923733
    outer loop
      vertex 0 -1.34756 16.7662
      vertex -0.132084 -1.34107 16.7662
      vertex 0 -1.71022 16.616
    endloop
  endfacet
  facet normal 0.0426239 -0.287347 0.956878
    outer loop
      vertex 0.189611 -0.953245 16.8801
      vertex 0.0952644 -0.96724 16.8801
      vertex 0.132084 -1.34107 16.7662
    endloop
  endfacet
  facet normal 0.0426147 -0.287346 0.956878
    outer loop
      vertex 0.189611 -0.953245 16.8801
      vertex 0.132084 -1.34107 16.7662
      vertex 0.262896 -1.32167 16.7662
    endloop
  endfacet
  facet normal 0.100437 -0.167569 0.980731
    outer loop
      vertex 0.539969 -0.808122 16.8801
      vertex 0.326076 -0.488008 16.9567
      vertex 0.458159 -0.857157 16.8801
    endloop
  endfacet
  facet normal 0.100433 -0.167571 0.980731
    outer loop
      vertex 0.326076 -0.488008 16.9567
      vertex 0.276672 -0.517618 16.9567
      vertex 0.458159 -0.857157 16.8801
    endloop
  endfacet
  facet normal 0.215238 -0.195082 0.956878
    outer loop
      vertex 0.751305 -0.616579 16.8801
      vertex 0.687251 -0.687251 16.8801
      vertex 1.04168 -0.854882 16.7662
    endloop
  endfacet
  facet normal 0.131197 -0.144755 0.980731
    outer loop
      vertex 0.415016 -0.415016 16.9567
      vertex 0.372339 -0.453696 16.9567
      vertex 0.616579 -0.751305 16.8801
    endloop
  endfacet
  facet normal 0.283805 -0.257233 0.923735
    outer loop
      vertex 1.04168 -0.854882 16.7662
      vertex 0.952868 -0.952868 16.7662
      vertex 1.20931 -1.20931 16.616
    endloop
  endfacet
  facet normal 0.283815 -0.257228 0.923733
    outer loop
      vertex 1.32202 -1.08495 16.616
      vertex 1.04168 -0.854882 16.7662
      vertex 1.20931 -1.20931 16.616
    endloop
  endfacet
  facet normal 0.0659439 0.0727582 0.995167
    outer loop
      vertex 0.372339 0.453696 16.9567
      vertex 0.124513 0.151719 16.9952
      vertex 0.415016 0.415016 16.9567
    endloop
  endfacet
  facet normal 0.078873 -0.058492 0.995167
    outer loop
      vertex 0.163193 -0.109041 16.9952
      vertex 0.151719 -0.124513 16.9952
      vertex 0.488008 -0.326076 16.9567
    endloop
  endfacet
  facet normal 0.0788705 -0.0584961 0.995167
    outer loop
      vertex 0.488008 -0.326076 16.9567
      vertex 0.151719 -0.124513 16.9952
      vertex 0.453696 -0.372339 16.9567
    endloop
  endfacet
  facet normal -0.558606 0.616303 0.555094
    outer loop
      vertex -2.0382 2.48355 15.3828
      vertex -2.42602 2.42602 15.0564
      vertex -2.27181 2.27181 15.3828
    endloop
  endfacet
  facet normal -0.57302 0.519337 0.633985
    outer loop
      vertex -2.09573 2.09573 15.6862
      vertex -2.48355 2.0382 15.3828
      vertex -2.29105 1.88022 15.6862
    endloop
  endfacet
  facet normal -0.523563 0.187316 0.83114
    outer loop
      vertex -2.20142 0.911857 16.2128
      vertex -2.28019 0.691689 16.2128
      vertex -1.89988 0.786954 16.4309
    endloop
  endfacet
  facet normal -0.597709 0.213844 0.772667
    outer loop
      vertex -2.20142 0.911857 16.2128
      vertex -2.48176 1.02798 15.9638
      vertex -2.28019 0.691689 16.2128
    endloop
  endfacet
  facet normal 0.0408126 -0.830793 0.555084
    outer loop
      vertex 0.314912 -3.19736 15.3828
      vertex 0 -3.21283 15.3828
      vertex 0.336287 -3.41439 15.0564
    endloop
  endfacet
  facet normal 0.12952 -0.872576 0.470994
    outer loop
      vertex 0.669337 -3.36499 15.0564
      vertex 0.618023 -3.40305 15
      vertex 0.67522 -3.39456 15
    endloop
  endfacet
  facet normal -0.285878 -0.476946 0.831141
    outer loop
      vertex -1.14248 -1.70984 16.4309
      vertex -1.32381 -1.98122 16.2128
      vertex -1.12324 -2.10144 16.2128
    endloop
  endfacet
  facet normal -0.201798 -0.426633 0.881625
    outer loop
      vertex -0.654472 -1.58004 16.616
      vertex -0.969385 -1.81359 16.4309
      vertex -0.786954 -1.89988 16.4309
    endloop
  endfacet
  facet normal -0.330656 -0.699094 0.633983
    outer loop
      vertex -1.39713 -2.61384 15.6862
      vertex -1.51452 -2.83346 15.3828
      vertex -1.1342 -2.7382 15.6862
    endloop
  endfacet
  facet normal -0.397581 -0.663321 0.633983
    outer loop
      vertex -1.39713 -2.61384 15.6862
      vertex -1.78495 -2.67137 15.3828
      vertex -1.51452 -2.83346 15.3828
    endloop
  endfacet
  facet normal -0.427637 -0.713444 0.55509
    outer loop
      vertex -1.78495 -2.67137 15.3828
      vertex -1.90611 -2.8527 15.0564
      vertex -1.61732 -3.0258 15.0564
    endloop
  endfacet
  facet normal -0.453522 -0.756633 0.470983
    outer loop
      vertex -1.61732 -3.0258 15.0564
      vertex -1.68113 -3.02266 15
      vertex -1.63153 -3.05239 15
    endloop
  endfacet
  facet normal -0.363775 -0.6069 0.70664
    outer loop
      vertex -1.26628 -2.36905 15.9638
      vertex -1.49239 -2.23352 15.9638
      vertex -1.39713 -2.61384 15.6862
    endloop
  endfacet
  facet normal -0.302532 -0.639637 0.706639
    outer loop
      vertex -1.26628 -2.36905 15.9638
      vertex -1.39713 -2.61384 15.6862
      vertex -1.02798 -2.48176 15.9638
    endloop
  endfacet
  facet normal -0.475167 -0.524287 0.70664
    outer loop
      vertex -1.70413 -2.07649 15.9638
      vertex -1.89946 -1.89946 15.9638
      vertex -1.88022 -2.29105 15.6862
    endloop
  endfacet
  facet normal -0.42149 -0.568339 0.706638
    outer loop
      vertex -1.70413 -2.07649 15.9638
      vertex -1.88022 -2.29105 15.6862
      vertex -1.49239 -2.23352 15.9638
    endloop
  endfacet
  facet normal -0.377152 -0.797457 0.470977
    outer loop
      vertex -1.57926 -3.07711 15
      vertex -1.31295 -3.16975 15.0564
      vertex -1.61732 -3.0258 15.0564
    endloop
  endfacet
  facet normal -0.377153 -0.797405 0.471064
    outer loop
      vertex -1.31295 -3.16975 15.0564
      vertex -1.57926 -3.07711 15
      vertex -1.32449 -3.19761 15
    endloop
  endfacet
  facet normal -0.29716 -0.830539 0.471064
    outer loop
      vertex -1.05914 -3.29255 15
      vertex -1.31295 -3.16975 15.0564
      vertex -1.32449 -3.19761 15
    endloop
  endfacet
  facet normal -0.297187 -0.830566 0.470999
    outer loop
      vertex -1.31295 -3.16975 15.0564
      vertex -1.05914 -3.29255 15
      vertex -0.995941 -3.28318 15.0564
    endloop
  endfacet
  facet normal -0.666223 0.238363 0.706633
    outer loop
      vertex -2.7382 1.1342 15.6862
      vertex -2.83618 0.860347 15.6862
      vertex -2.57057 0.779773 15.9638
    endloop
  endfacet
  facet normal -0.666211 0.238374 0.70664
    outer loop
      vertex -2.48176 1.02798 15.9638
      vertex -2.7382 1.1342 15.6862
      vertex -2.57057 0.779773 15.9638
    endloop
  endfacet
  facet normal -0.797457 0.377141 0.470985
    outer loop
      vertex -3.05239 1.63153 15
      vertex -3.07711 1.57926 15
      vertex -3.0258 1.61732 15.0564
    endloop
  endfacet
  facet normal -0.797405 0.377153 0.471064
    outer loop
      vertex -3.16975 1.31295 15.0564
      vertex -3.07711 1.57926 15
      vertex -3.19761 1.32449 15
    endloop
  endfacet
  facet normal -0.797457 0.377152 0.470977
    outer loop
      vertex -3.07711 1.57926 15
      vertex -3.16975 1.31295 15.0564
      vertex -3.0258 1.61732 15.0564
    endloop
  endfacet
  facet normal -0.606901 0.363771 0.706642
    outer loop
      vertex -2.46431 1.6466 15.6862
      vertex -2.61384 1.39713 15.6862
      vertex -2.23352 1.49239 15.9638
    endloop
  endfacet
  facet normal -0.568332 0.421493 0.706642
    outer loop
      vertex -2.29105 1.88022 15.6862
      vertex -2.46431 1.6466 15.6862
      vertex -2.23352 1.49239 15.9638
    endloop
  endfacet
  facet normal -0.519367 0.573011 0.633968
    outer loop
      vertex -2.0382 2.48355 15.3828
      vertex -2.27181 2.27181 15.3828
      vertex -2.09573 2.09573 15.6862
    endloop
  endfacet
  facet normal -0.558602 0.616313 0.555088
    outer loop
      vertex -2.17655 2.65213 15.0564
      vertex -2.42602 2.42602 15.0564
      vertex -2.0382 2.48355 15.3828
    endloop
  endfacet
  facet normal -0.397581 0.663321 0.633983
    outer loop
      vertex -1.51452 2.83346 15.3828
      vertex -1.78495 2.67137 15.3828
      vertex -1.39713 2.61384 15.6862
    endloop
  endfacet
  facet normal -0.427624 0.713445 0.555098
    outer loop
      vertex -1.61732 3.0258 15.0564
      vertex -1.78495 2.67137 15.3828
      vertex -1.51452 2.83346 15.3828
    endloop
  endfacet
  facet normal 0.568332 -0.421493 0.706642
    outer loop
      vertex 2.46431 -1.6466 15.6862
      vertex 2.23352 -1.49239 15.9638
      vertex 2.29105 -1.88022 15.6862
    endloop
  endfacet
  facet normal 0.621161 -0.460673 0.633987
    outer loop
      vertex 2.46431 -1.6466 15.6862
      vertex 2.29105 -1.88022 15.6862
      vertex 2.67137 -1.78495 15.3828
    endloop
  endfacet
  facet normal 0.100433 0.167571 0.980731
    outer loop
      vertex 0.458159 0.857157 16.8801
      vertex 0.276672 0.517618 16.9567
      vertex 0.326076 0.488008 16.9567
    endloop
  endfacet
  facet normal -0.189509 0.0474683 0.980731
    outer loop
      vertex -0.93007 0.282133 16.8801
      vertex -0.953245 0.189611 16.8801
      vertex -0.575644 0.114502 16.9567
    endloop
  endfacet
  facet normal -0.183944 0.0658122 0.980731
    outer loop
      vertex -0.542245 0.224605 16.9567
      vertex -0.93007 0.282133 16.8801
      vertex -0.561648 0.170374 16.9567
    endloop
  endfacet
  facet normal 0.0419856 0.0887669 0.995167
    outer loop
      vertex 0.224605 0.542245 16.9567
      vertex 0.0925207 0.173095 16.9952
      vertex 0.276672 0.517618 16.9567
    endloop
  endfacet
  facet normal -0.215237 0.195085 0.956878
    outer loop
      vertex -0.952868 0.952868 16.7662
      vertex -1.04168 0.854882 16.7662
      vertex -0.687251 0.687251 16.8801
    endloop
  endfacet
  facet normal -0.249161 0.14935 0.956877
    outer loop
      vertex -1.12045 0.748663 16.7662
      vertex -1.18844 0.635235 16.7662
      vertex -0.808122 0.539969 16.8801
    endloop
  endfacet
  facet normal -0.0426147 0.287346 0.956878
    outer loop
      vertex -0.132084 1.34107 16.7662
      vertex -0.262896 1.32167 16.7662
      vertex -0.189611 0.953245 16.8801
    endloop
  endfacet
  facet normal -0.100437 0.167569 0.980731
    outer loop
      vertex -0.458159 0.857157 16.8801
      vertex -0.539969 0.808122 16.8801
      vertex -0.326076 0.488008 16.9567
    endloop
  endfacet
  facet normal -0.228156 0.307662 0.923736
    outer loop
      vertex -0.748663 1.12045 16.7662
      vertex -0.950147 1.422 16.616
      vertex -0.854882 1.04168 16.7662
    endloop
  endfacet
  facet normal -0.14935 0.249161 0.956877
    outer loop
      vertex -0.635235 1.18844 16.7662
      vertex -0.748663 1.12045 16.7662
      vertex -0.539969 0.808122 16.8801
    endloop
  endfacet
  facet normal -0.307655 0.22818 0.923733
    outer loop
      vertex -1.32202 1.08495 16.616
      vertex -1.422 0.950147 16.616
      vertex -1.04168 0.854882 16.7662
    endloop
  endfacet
  facet normal -0.195085 0.215237 0.956878
    outer loop
      vertex -0.854882 1.04168 16.7662
      vertex -0.952868 0.952868 16.7662
      vertex -0.687251 0.687251 16.8801
    endloop
  endfacet
  facet normal -0.0584961 0.0788705 0.995167
    outer loop
      vertex -0.326076 0.488008 16.9567
      vertex -0.372339 0.453696 16.9567
      vertex -0.124513 0.151719 16.9952
    endloop
  endfacet
  facet normal -0.11638 0.156915 0.980731
    outer loop
      vertex -0.326076 0.488008 16.9567
      vertex -0.616579 0.751305 16.8801
      vertex -0.372339 0.453696 16.9567
    endloop
  endfacet
  facet normal 0.129036 0.360643 0.923735
    outer loop
      vertex 0.654472 1.58004 16.616
      vertex 0.391175 1.28953 16.7662
      vertex 0.515688 1.24498 16.7662
    endloop
  endfacet
  facet normal 0.0978616 0.273514 0.956877
    outer loop
      vertex 0.391175 1.28953 16.7662
      vertex 0.282133 0.93007 16.8801
      vertex 0.515688 1.24498 16.7662
    endloop
  endfacet
  facet normal 0.135126 0.539399 0.831138
    outer loop
      vertex 0.46486 2.33701 16.2128
      vertex 0.401185 2.0169 16.4309
      vertex 0.596944 1.96786 16.4309
    endloop
  endfacet
  facet normal 0.0815889 0.550048 0.831138
    outer loop
      vertex 0.46486 2.33701 16.2128
      vertex 0.201563 2.04651 16.4309
      vertex 0.401185 2.0169 16.4309
    endloop
  endfacet
  facet normal -0.018798 0.382575 0.923733
    outer loop
      vertex 0 1.71022 16.616
      vertex -0.132084 1.34107 16.7662
      vertex 0 1.34756 16.7662
    endloop
  endfacet
  facet normal 0.0930689 0.371552 0.923735
    outer loop
      vertex 0.49645 1.63658 16.616
      vertex 0.333647 1.67736 16.616
      vertex 0.391175 1.28953 16.7662
    endloop
  endfacet
  facet normal -0.316943 0.349703 0.881621
    outer loop
      vertex -1.08495 1.32202 16.616
      vertex -1.4541 1.4541 16.4309
      vertex -1.20931 1.20931 16.616
    endloop
  endfacet
  facet normal -0.349703 0.316943 0.881621
    outer loop
      vertex -1.20931 1.20931 16.616
      vertex -1.4541 1.4541 16.4309
      vertex -1.32202 1.08495 16.616
    endloop
  endfacet
  facet normal -0.32853 0.196924 0.923736
    outer loop
      vertex -1.12045 0.748663 16.7662
      vertex -1.422 0.950147 16.616
      vertex -1.18844 0.635235 16.7662
    endloop
  endfacet
  facet normal -0.144755 0.131197 0.980731
    outer loop
      vertex -0.415016 0.415016 16.9567
      vertex -0.751305 0.616579 16.8801
      vertex -0.453696 0.372339 16.9567
    endloop
  endfacet
  facet normal -0.213844 0.597709 0.772667
    outer loop
      vertex -0.691689 2.28019 16.2128
      vertex -1.02798 2.48176 15.9638
      vertex -0.911857 2.20142 16.2128
    endloop
  endfacet
  facet normal -0.271424 0.573859 0.772667
    outer loop
      vertex -1.02798 2.48176 15.9638
      vertex -1.12324 2.10144 16.2128
      vertex -0.911857 2.20142 16.2128
    endloop
  endfacet
  facet normal -0.373433 0.412008 0.831142
    outer loop
      vertex -1.30457 1.58963 16.4309
      vertex -1.68489 1.68489 16.2128
      vertex -1.4541 1.4541 16.4309
    endloop
  endfacet
  facet normal -0.373435 0.412005 0.831143
    outer loop
      vertex -1.51163 1.84193 16.2128
      vertex -1.68489 1.68489 16.2128
      vertex -1.30457 1.58963 16.4309
    endloop
  endfacet
  facet normal -0.331238 0.446638 0.831141
    outer loop
      vertex -1.14248 1.70984 16.4309
      vertex -1.32381 1.98122 16.2128
      vertex -1.30457 1.58963 16.4309
    endloop
  endfacet
  facet normal -0.281139 0.379085 0.881621
    outer loop
      vertex -1.14248 1.70984 16.4309
      vertex -1.30457 1.58963 16.4309
      vertex -0.950147 1.422 16.616
    endloop
  endfacet
  facet normal -0.262601 0.124202 0.956878
    outer loop
      vertex -0.857157 0.458159 16.8801
      vertex -1.18844 0.635235 16.7662
      vertex -0.897937 0.371938 16.8801
    endloop
  endfacet
  facet normal -0.262604 0.124199 0.956877
    outer loop
      vertex -1.18844 0.635235 16.7662
      vertex -1.24498 0.515688 16.7662
      vertex -0.897937 0.371938 16.8801
    endloop
  endfacet
  facet normal 0.0504805 0.0842263 0.995167
    outer loop
      vertex 0.276672 0.517618 16.9567
      vertex 0.0925207 0.173095 16.9952
      vertex 0.326076 0.488008 16.9567
    endloop
  endfacet
  facet normal 0.058492 0.078873 0.995167
    outer loop
      vertex 0.326076 0.488008 16.9567
      vertex 0.109041 0.163193 16.9952
      vertex 0.124513 0.151719 16.9952
    endloop
  endfacet
  facet normal -0.069247 0.466843 0.881625
    outer loop
      vertex -0.201563 2.04651 16.4309
      vertex -0.401185 2.0169 16.4309
      vertex -0.333647 1.67736 16.616
    endloop
  endfacet
  facet normal -0.114687 0.457809 0.881622
    outer loop
      vertex -0.401185 2.0169 16.4309
      vertex -0.596944 1.96786 16.4309
      vertex -0.49645 1.63658 16.616
    endloop
  endfacet
  facet normal 0.0142562 0.290141 0.956878
    outer loop
      vertex 0.132084 1.34107 16.7662
      vertex 0 1.34756 16.7662
      vertex 0.0952644 0.96724 16.8801
    endloop
  endfacet
  facet normal 0.0561895 0.378896 0.923732
    outer loop
      vertex 0.16763 1.70198 16.616
      vertex 0.132084 1.34107 16.7662
      vertex 0.333647 1.67736 16.616
    endloop
  endfacet
  facet normal -0.0272785 0.555387 0.831145
    outer loop
      vertex 0 2.3828 16.2128
      vertex -0.201563 2.04651 16.4309
      vertex 0 2.05641 16.4309
    endloop
  endfacet
  facet normal -0.0272995 0.555395 0.831138
    outer loop
      vertex 0 2.3828 16.2128
      vertex -0.233555 2.37132 16.2128
      vertex -0.201563 2.04651 16.4309
    endloop
  endfacet
  facet normal 0.32853 0.196924 0.923736
    outer loop
      vertex 1.422 0.950147 16.616
      vertex 1.12045 0.748663 16.7662
      vertex 1.18844 0.635235 16.7662
    endloop
  endfacet
  facet normal 0.307662 0.228156 0.923736
    outer loop
      vertex 1.422 0.950147 16.616
      vertex 1.04168 0.854882 16.7662
      vertex 1.12045 0.748663 16.7662
    endloop
  endfacet
  facet normal -0.346257 -0.163773 0.923734
    outer loop
      vertex -1.18844 -0.635235 16.7662
      vertex -1.58004 -0.654472 16.616
      vertex -1.50828 -0.806191 16.616
    endloop
  endfacet
  facet normal -0.328544 -0.196913 0.923734
    outer loop
      vertex -1.18844 -0.635235 16.7662
      vertex -1.50828 -0.806191 16.616
      vertex -1.422 -0.950147 16.616
    endloop
  endfacet
  facet normal -0.0978616 -0.273514 0.956877
    outer loop
      vertex -0.282133 -0.93007 16.8801
      vertex -0.515688 -1.24498 16.7662
      vertex -0.391175 -1.28953 16.7662
    endloop
  endfacet
  facet normal -0.0978648 -0.273512 0.956877
    outer loop
      vertex -0.371938 -0.897937 16.8801
      vertex -0.515688 -1.24498 16.7662
      vertex -0.282133 -0.93007 16.8801
    endloop
  endfacet
  facet normal -0.116377 -0.156918 0.980731
    outer loop
      vertex -0.326076 -0.488008 16.9567
      vertex -0.616579 -0.751305 16.8801
      vertex -0.539969 -0.808122 16.8801
    endloop
  endfacet
  facet normal -0.0584961 -0.0788705 0.995167
    outer loop
      vertex -0.124513 -0.151719 16.9952
      vertex -0.372339 -0.453696 16.9567
      vertex -0.326076 -0.488008 16.9567
    endloop
  endfacet
  facet normal -0.242625 -0.404813 0.881623
    outer loop
      vertex -0.950147 -1.422 16.616
      vertex -0.969385 -1.81359 16.4309
      vertex -0.806191 -1.50828 16.616
    endloop
  endfacet
  facet normal -0.201792 -0.426639 0.881623
    outer loop
      vertex -0.806191 -1.50828 16.616
      vertex -0.969385 -1.81359 16.4309
      vertex -0.654472 -1.58004 16.616
    endloop
  endfacet
  facet normal -0.167569 -0.100437 0.980731
    outer loop
      vertex -0.488008 -0.326076 16.9567
      vertex -0.857157 -0.458159 16.8801
      vertex -0.808122 -0.539969 16.8801
    endloop
  endfacet
  facet normal -0.167571 -0.100433 0.980731
    outer loop
      vertex -0.517618 -0.276672 16.9567
      vertex -0.857157 -0.458159 16.8801
      vertex -0.488008 -0.326076 16.9567
    endloop
  endfacet
  facet normal -0.0659439 -0.0727582 0.995167
    outer loop
      vertex -0.124513 -0.151719 16.9952
      vertex -0.415016 -0.415016 16.9567
      vertex -0.372339 -0.453696 16.9567
    endloop
  endfacet
  facet normal -0.11638 -0.156915 0.980731
    outer loop
      vertex -0.372339 -0.453696 16.9567
      vertex -0.616579 -0.751305 16.8801
      vertex -0.326076 -0.488008 16.9567
    endloop
  endfacet
  facet normal 0.0330803 0.0924557 0.995167
    outer loop
      vertex 0.170374 0.561648 16.9567
      vertex 0.0569735 0.187819 16.9952
      vertex 0.0751095 0.18133 16.9952
    endloop
  endfacet
  facet normal 0.193249 -0.0286645 0.980731
    outer loop
      vertex 0.584095 -0.0575275 16.9567
      vertex 0.575644 -0.114502 16.9567
      vertex 0.953245 -0.189611 16.8801
    endloop
  endfacet
  facet normal 0.189509 -0.0474683 0.980731
    outer loop
      vertex 0.953245 -0.189611 16.8801
      vertex 0.575644 -0.114502 16.9567
      vertex 0.93007 -0.282133 16.8801
    endloop
  endfacet
  facet normal 0.0952523 -0.0238608 0.995167
    outer loop
      vertex 0.575644 -0.114502 16.9567
      vertex 0.192499 -0.03829 16.9952
      vertex 0.561648 -0.170374 16.9567
    endloop
  endfacet
  facet normal 0.0952527 -0.0238597 0.995167
    outer loop
      vertex 0.192499 -0.03829 16.9952
      vertex 0.187819 -0.0569735 16.9952
      vertex 0.561648 -0.170374 16.9567
    endloop
  endfacet
  facet normal 0.131199 -0.144754 0.980731
    outer loop
      vertex 0.687251 -0.687251 16.8801
      vertex 0.415016 -0.415016 16.9567
      vertex 0.616579 -0.751305 16.8801
    endloop
  endfacet
  facet normal 0.195082 -0.215238 0.956878
    outer loop
      vertex 0.687251 -0.687251 16.8801
      vertex 0.616579 -0.751305 16.8801
      vertex 0.854882 -1.04168 16.7662
    endloop
  endfacet
  facet normal -0.42149 0.568339 0.706638
    outer loop
      vertex -1.49239 2.23352 15.9638
      vertex -1.88022 2.29105 15.6862
      vertex -1.70413 2.07649 15.9638
    endloop
  endfacet
  facet normal -0.421493 0.568332 0.706642
    outer loop
      vertex -1.6466 2.46431 15.6862
      vertex -1.88022 2.29105 15.6862
      vertex -1.49239 2.23352 15.9638
    endloop
  endfacet
  facet normal 0.0432801 -0.881026 0.471084
    outer loop
      vertex 0.0577527 -3.45823 15
      vertex 0.336287 -3.41439 15.0564
      vertex 0 -3.43091 15.0564
    endloop
  endfacet
  facet normal 0.0432866 -0.881037 0.471062
    outer loop
      vertex 0.336287 -3.41439 15.0564
      vertex 0.0577527 -3.45823 15
      vertex 0.339243 -3.4444 15
    endloop
  endfacet
  facet normal 0.129421 -0.872554 0.471062
    outer loop
      vertex 0.618023 -3.40305 15
      vertex 0.336287 -3.41439 15.0564
      vertex 0.339243 -3.4444 15
    endloop
  endfacet
  facet normal 0.129422 -0.872552 0.471066
    outer loop
      vertex 0.336287 -3.41439 15.0564
      vertex 0.618023 -3.40305 15
      vertex 0.669337 -3.36499 15.0564
    endloop
  endfacet
  facet normal -0.271424 -0.573859 0.772667
    outer loop
      vertex -0.911857 -2.20142 16.2128
      vertex -1.12324 -2.10144 16.2128
      vertex -1.02798 -2.48176 15.9638
    endloop
  endfacet
  facet normal -0.237754 -0.502672 0.83114
    outer loop
      vertex -0.786954 -1.89988 16.4309
      vertex -1.12324 -2.10144 16.2128
      vertex -0.911857 -2.20142 16.2128
    endloop
  endfacet
  facet normal -0.355621 -0.75193 0.555098
    outer loop
      vertex -1.51452 -2.83346 15.3828
      vertex -1.61732 -3.0258 15.0564
      vertex -1.31295 -3.16975 15.0564
    endloop
  endfacet
  facet normal -0.427624 -0.713445 0.555098
    outer loop
      vertex -1.51452 -2.83346 15.3828
      vertex -1.78495 -2.67137 15.3828
      vertex -1.61732 -3.0258 15.0564
    endloop
  endfacet
  facet normal -0.708487 0.525481 0.471079
    outer loop
      vertex -2.8527 1.90611 15.0564
      vertex -2.70988 2.14923 15
      vertex -2.87777 1.92287 15
    endloop
  endfacet
  facet normal -0.708553 0.525494 0.470966
    outer loop
      vertex -2.70988 2.14923 15
      vertex -2.8527 1.90611 15.0564
      vertex -2.65213 2.17655 15.0564
    endloop
  endfacet
  facet normal -0.668103 0.495494 0.555089
    outer loop
      vertex -2.65213 2.17655 15.0564
      vertex -2.8527 1.90611 15.0564
      vertex -2.67137 1.78495 15.3828
    endloop
  endfacet
  facet normal -0.616303 0.558606 0.555094
    outer loop
      vertex -2.42602 2.42602 15.0564
      vertex -2.48355 2.0382 15.3828
      vertex -2.27181 2.27181 15.3828
    endloop
  endfacet
  facet normal -0.573011 0.519367 0.633968
    outer loop
      vertex -2.27181 2.27181 15.3828
      vertex -2.48355 2.0382 15.3828
      vertex -2.09573 2.09573 15.6862
    endloop
  endfacet
  facet normal -0.273512 0.0978648 0.956877
    outer loop
      vertex -0.897937 0.371938 16.8801
      vertex -1.24498 0.515688 16.7662
      vertex -0.93007 0.282133 16.8801
    endloop
  endfacet
  facet normal -0.183943 0.0658164 0.980731
    outer loop
      vertex -0.897937 0.371938 16.8801
      vertex -0.93007 0.282133 16.8801
      vertex -0.542245 0.224605 16.9567
    endloop
  endfacet
  facet normal -0.0924557 0.0330803 0.995167
    outer loop
      vertex -0.18133 0.0751095 16.9952
      vertex -0.561648 0.170374 16.9567
      vertex -0.187819 0.0569735 16.9952
    endloop
  endfacet
  facet normal -0.0924559 0.0330793 0.995167
    outer loop
      vertex -0.542245 0.224605 16.9567
      vertex -0.561648 0.170374 16.9567
      vertex -0.18133 0.0751095 16.9952
    endloop
  endfacet
  facet normal -0.149342 0.249163 0.956878
    outer loop
      vertex -0.458159 0.857157 16.8801
      vertex -0.635235 1.18844 16.7662
      vertex -0.539969 0.808122 16.8801
    endloop
  endfacet
  facet normal -0.0419856 0.0887669 0.995167
    outer loop
      vertex -0.224605 0.542245 16.9567
      vertex -0.276672 0.517618 16.9567
      vertex -0.0925207 0.173095 16.9952
    endloop
  endfacet
  facet normal -0.215238 0.195082 0.956878
    outer loop
      vertex -0.687251 0.687251 16.8801
      vertex -1.04168 0.854882 16.7662
      vertex -0.751305 0.616579 16.8801
    endloop
  endfacet
  facet normal -0.131199 0.144754 0.980731
    outer loop
      vertex -0.616579 0.751305 16.8801
      vertex -0.687251 0.687251 16.8801
      vertex -0.415016 0.415016 16.9567
    endloop
  endfacet
  facet normal -0.283805 0.257233 0.923735
    outer loop
      vertex -0.952868 0.952868 16.7662
      vertex -1.20931 1.20931 16.616
      vertex -1.04168 0.854882 16.7662
    endloop
  endfacet
  facet normal -0.283815 0.257228 0.923733
    outer loop
      vertex -1.20931 1.20931 16.616
      vertex -1.32202 1.08495 16.616
      vertex -1.04168 0.854882 16.7662
    endloop
  endfacet
  facet normal 0.114675 0.457807 0.881625
    outer loop
      vertex 0.401185 2.0169 16.4309
      vertex 0.333647 1.67736 16.616
      vertex 0.49645 1.63658 16.616
    endloop
  endfacet
  facet normal 0.069247 0.466843 0.881625
    outer loop
      vertex 0.401185 2.0169 16.4309
      vertex 0.201563 2.04651 16.4309
      vertex 0.333647 1.67736 16.616
    endloop
  endfacet
  facet normal -0.475169 0.524286 0.706639
    outer loop
      vertex -1.88022 2.29105 15.6862
      vertex -2.09573 2.09573 15.6862
      vertex -1.89946 1.89946 15.9638
    endloop
  endfacet
  facet normal -0.524286 0.475169 0.706639
    outer loop
      vertex -2.09573 2.09573 15.6862
      vertex -2.29105 1.88022 15.6862
      vertex -1.89946 1.89946 15.9638
    endloop
  endfacet
  facet normal -0.0930689 0.371552 0.923735
    outer loop
      vertex -0.333647 1.67736 16.616
      vertex -0.49645 1.63658 16.616
      vertex -0.391175 1.28953 16.7662
    endloop
  endfacet
  facet normal -0.163764 0.346258 0.923735
    outer loop
      vertex -0.515688 1.24498 16.7662
      vertex -0.654472 1.58004 16.616
      vertex -0.635235 1.18844 16.7662
    endloop
  endfacet
  facet normal 0.0426239 0.287347 0.956878
    outer loop
      vertex 0.132084 1.34107 16.7662
      vertex 0.0952644 0.96724 16.8801
      vertex 0.189611 0.953245 16.8801
    endloop
  endfacet
  facet normal 0.0426147 0.287346 0.956878
    outer loop
      vertex 0.262896 1.32167 16.7662
      vertex 0.132084 1.34107 16.7662
      vertex 0.189611 0.953245 16.8801
    endloop
  endfacet
  facet normal -0.129037 0.360642 0.923735
    outer loop
      vertex -0.49645 1.63658 16.616
      vertex -0.654472 1.58004 16.616
      vertex -0.391175 1.28953 16.7662
    endloop
  endfacet
  facet normal -0.0561895 0.378896 0.923732
    outer loop
      vertex -0.16763 1.70198 16.616
      vertex -0.333647 1.67736 16.616
      vertex -0.132084 1.34107 16.7662
    endloop
  endfacet
  facet normal -0.273512 -0.0978648 0.956877
    outer loop
      vertex -0.93007 -0.282133 16.8801
      vertex -1.24498 -0.515688 16.7662
      vertex -0.897937 -0.371938 16.8801
    endloop
  endfacet
  facet normal -0.273514 -0.0978616 0.956877
    outer loop
      vertex -0.93007 -0.282133 16.8801
      vertex -1.28953 -0.391175 16.7662
      vertex -1.24498 -0.515688 16.7662
    endloop
  endfacet
  facet normal -0.124199 -0.262604 0.956877
    outer loop
      vertex -0.371938 -0.897937 16.8801
      vertex -0.635235 -1.18844 16.7662
      vertex -0.515688 -1.24498 16.7662
    endloop
  endfacet
  facet normal -0.163764 -0.346258 0.923735
    outer loop
      vertex -0.635235 -1.18844 16.7662
      vertex -0.654472 -1.58004 16.616
      vertex -0.515688 -1.24498 16.7662
    endloop
  endfacet
  facet normal -0.131197 -0.144755 0.980731
    outer loop
      vertex -0.415016 -0.415016 16.9567
      vertex -0.616579 -0.751305 16.8801
      vertex -0.372339 -0.453696 16.9567
    endloop
  endfacet
  facet normal -0.131199 -0.144754 0.980731
    outer loop
      vertex -0.415016 -0.415016 16.9567
      vertex -0.687251 -0.687251 16.8801
      vertex -0.616579 -0.751305 16.8801
    endloop
  endfacet
  facet normal -0.228156 -0.307662 0.923736
    outer loop
      vertex -0.854882 -1.04168 16.7662
      vertex -0.950147 -1.422 16.616
      vertex -0.748663 -1.12045 16.7662
    endloop
  endfacet
  facet normal -0.196924 -0.32853 0.923736
    outer loop
      vertex -0.748663 -1.12045 16.7662
      vertex -0.950147 -1.422 16.616
      vertex -0.635235 -1.18844 16.7662
    endloop
  endfacet
  facet normal -0.100437 -0.167569 0.980731
    outer loop
      vertex -0.326076 -0.488008 16.9567
      vertex -0.539969 -0.808122 16.8801
      vertex -0.458159 -0.857157 16.8801
    endloop
  endfacet
  facet normal -0.149342 -0.249163 0.956878
    outer loop
      vertex -0.539969 -0.808122 16.8801
      vertex -0.635235 -1.18844 16.7662
      vertex -0.458159 -0.857157 16.8801
    endloop
  endfacet
  facet normal -0.249161 -0.14935 0.956877
    outer loop
      vertex -0.808122 -0.539969 16.8801
      vertex -1.18844 -0.635235 16.7662
      vertex -1.12045 -0.748663 16.7662
    endloop
  endfacet
  facet normal -0.233334 -0.173036 0.956877
    outer loop
      vertex -0.808122 -0.539969 16.8801
      vertex -1.12045 -0.748663 16.7662
      vertex -1.04168 -0.854882 16.7662
    endloop
  endfacet
  facet normal -0.377141 -0.797457 0.470985
    outer loop
      vertex -1.61732 -3.0258 15.0564
      vertex -1.63153 -3.05239 15
      vertex -1.57926 -3.07711 15
    endloop
  endfacet
  facet normal -0.124202 0.262601 0.956878
    outer loop
      vertex -0.371938 0.897937 16.8801
      vertex -0.635235 1.18844 16.7662
      vertex -0.458159 0.857157 16.8801
    endloop
  endfacet
  facet normal -0.0835295 0.176606 0.980731
    outer loop
      vertex -0.371938 0.897937 16.8801
      vertex -0.458159 0.857157 16.8801
      vertex -0.224605 0.542245 16.9567
    endloop
  endfacet
  facet normal -0.173036 0.233334 0.956877
    outer loop
      vertex -0.748663 1.12045 16.7662
      vertex -0.854882 1.04168 16.7662
      vertex -0.539969 0.808122 16.8801
    endloop
  endfacet
  facet normal -0.173043 0.233325 0.956878
    outer loop
      vertex -0.539969 0.808122 16.8801
      vertex -0.854882 1.04168 16.7662
      vertex -0.616579 0.751305 16.8801
    endloop
  endfacet
  facet normal -0.100433 0.167571 0.980731
    outer loop
      vertex -0.276672 0.517618 16.9567
      vertex -0.458159 0.857157 16.8801
      vertex -0.326076 0.488008 16.9567
    endloop
  endfacet
  facet normal -0.0504805 0.0842263 0.995167
    outer loop
      vertex -0.276672 0.517618 16.9567
      vertex -0.326076 0.488008 16.9567
      vertex -0.0925207 0.173095 16.9952
    endloop
  endfacet
  facet normal -0.249163 0.149342 0.956878
    outer loop
      vertex -0.808122 0.539969 16.8801
      vertex -1.18844 0.635235 16.7662
      vertex -0.857157 0.458159 16.8801
    endloop
  endfacet
  facet normal -0.167569 0.100437 0.980731
    outer loop
      vertex -0.808122 0.539969 16.8801
      vertex -0.857157 0.458159 16.8801
      vertex -0.488008 0.326076 16.9567
    endloop
  endfacet
  facet normal -0.470372 0.426304 0.772667
    outer loop
      vertex -1.89946 1.89946 15.9638
      vertex -2.07649 1.70413 15.9638
      vertex -1.84193 1.51163 16.2128
    endloop
  endfacet
  facet normal -0.524287 0.475167 0.70664
    outer loop
      vertex -1.89946 1.89946 15.9638
      vertex -2.29105 1.88022 15.6862
      vertex -2.07649 1.70413 15.9638
    endloop
  endfacet
  facet normal -0.129036 0.360643 0.923735
    outer loop
      vertex -0.391175 1.28953 16.7662
      vertex -0.654472 1.58004 16.616
      vertex -0.515688 1.24498 16.7662
    endloop
  endfacet
  facet normal -0.0978616 0.273514 0.956877
    outer loop
      vertex -0.391175 1.28953 16.7662
      vertex -0.515688 1.24498 16.7662
      vertex -0.282133 0.93007 16.8801
    endloop
  endfacet
  facet normal -0.0142536 0.290141 0.956878
    outer loop
      vertex 0 1.34756 16.7662
      vertex -0.0952644 0.96724 16.8801
      vertex 0 0.97192 16.8801
    endloop
  endfacet
  facet normal 0.0142536 0.290141 0.956878
    outer loop
      vertex 0 1.34756 16.7662
      vertex 0 0.97192 16.8801
      vertex 0.0952644 0.96724 16.8801
    endloop
  endfacet
  facet normal -0.233325 0.173043 0.956878
    outer loop
      vertex -0.751305 0.616579 16.8801
      vertex -1.04168 0.854882 16.7662
      vertex -0.808122 0.539969 16.8801
    endloop
  endfacet
  facet normal -0.156918 0.116377 0.980731
    outer loop
      vertex -0.751305 0.616579 16.8801
      vertex -0.808122 0.539969 16.8801
      vertex -0.488008 0.326076 16.9567
    endloop
  endfacet
  facet normal -0.0930921 0.371554 0.923732
    outer loop
      vertex -0.333647 1.67736 16.616
      vertex -0.391175 1.28953 16.7662
      vertex -0.262896 1.32167 16.7662
    endloop
  endfacet
  facet normal -0.0706002 0.281784 0.956877
    outer loop
      vertex -0.262896 1.32167 16.7662
      vertex -0.391175 1.28953 16.7662
      vertex -0.282133 0.93007 16.8801
    endloop
  endfacet
  facet normal 0 0 -1
    outer loop
      vertex 13.1845 12.5 2
      vertex 12.6879 15.4602 2
      vertex 13.7256 14.5196 2
    endloop
  endfacet
  facet normal 0 0 -1
    outer loop
      vertex 9.04338 12.5 2
      vertex 12.6879 15.4602 2
      vertex 13.1845 12.5 2
    endloop
  endfacet
  facet normal -0 0 -1
    outer loop
      vertex 12.6879 15.4602 2
      vertex 9.04338 12.5 2
      vertex 11.1114 16.6294 2
    endloop
  endfacet
  facet normal -0 0 -1
    outer loop
      vertex 11.1114 16.6294 2
      vertex 9.04338 12.5 2
      vertex 10.2829 17.126 2
    endloop
  endfacet
  facet normal 0.965927 -0.258817 0
    outer loop
      vertex 9.04338 12.5 2
      vertex 10.2829 17.126 -2
      vertex 10.2829 17.126 2
    endloop
  endfacet
  facet normal 0.965927 -0.258817 0
    outer loop
      vertex 10.2829 17.126 -2
      vertex 9.04338 12.5 2
      vertex 9.04338 12.5 -2
    endloop
  endfacet
  facet normal 0 0 1
    outer loop
      vertex 12.6879 15.4602 -2
      vertex 13.1845 12.5 -2
      vertex 13.7256 14.5196 -2
    endloop
  endfacet
  facet normal 0 0 1
    outer loop
      vertex 9.04338 12.5 -2
      vertex 12.6879 15.4602 -2
      vertex 11.1114 16.6294 -2
    endloop
  endfacet
  facet normal 0 0 1
    outer loop
      vertex 9.04338 12.5 -2
      vertex 11.1114 16.6294 -2
      vertex 10.2829 17.126 -2
    endloop
  endfacet
  facet normal 0 0 1
    outer loop
      vertex 12.6879 15.4602 -2
      vertex 9.04338 12.5 -2
      vertex 13.1845 12.5 -2
    endloop
  endfacet
  facet normal -0.965932 0.258797 0
    outer loop
      vertex 13.1845 12.5 -2
      vertex 13.7256 14.5196 2
      vertex 13.7256 14.5196 -2
    endloop
  endfacet
  facet normal -0.965932 0.258797 0
    outer loop
      vertex 13.7256 14.5196 2
      vertex 13.1845 12.5 -2
      vertex 13.1845 12.5 2
    endloop
  endfacet
  facet normal 0 0 -1
    outer loop
      vertex -9.94546 12.5 2
      vertex -15.4602 12.6879 2
      vertex -14.5196 13.7256 2
    endloop
  endfacet
  facet normal 0 -0 -1
    outer loop
      vertex -15.4602 12.6879 2
      vertex -9.94546 12.5 2
      vertex -15.5995 12.5 2
    endloop
  endfacet
  facet normal -0 0 1
    outer loop
      vertex -15.4602 12.6879 -2
      vertex -9.94546 12.5 -2
      vertex -14.5196 13.7256 -2
    endloop
  endfacet
  facet normal 0 0 1
    outer loop
      vertex -9.94546 12.5 -2
      vertex -15.4602 12.6879 -2
      vertex -15.5995 12.5 -2
    endloop
  endfacet
  facet normal -0.258812 -0.965928 0
    outer loop
      vertex -14.5196 13.7256 -2
      vertex -9.94546 12.5 2
      vertex -14.5196 13.7256 2
    endloop
  endfacet
  facet normal -0.258812 -0.965928 -0
    outer loop
      vertex -9.94546 12.5 2
      vertex -14.5196 13.7256 -2
      vertex -9.94546 12.5 -2
    endloop
  endfacet
  facet normal 0 0 -1
    outer loop
      vertex -11.1114 -16.6294 2
      vertex -9.04338 -12.5 2
      vertex -10.2829 -17.126 2
    endloop
  endfacet
  facet normal 0 0 -1
    outer loop
      vertex -12.6879 -15.4602 2
      vertex -9.04338 -12.5 2
      vertex -11.1114 -16.6294 2
    endloop
  endfacet
  facet normal 0 0 -1
    outer loop
      vertex -12.6879 -15.4602 2
      vertex -13.1845 -12.5 2
      vertex -9.04338 -12.5 2
    endloop
  endfacet
  facet normal 0 -0 -1
    outer loop
      vertex -13.1845 -12.5 2
      vertex -12.6879 -15.4602 2
      vertex -13.7256 -14.5196 2
    endloop
  endfacet
  facet normal 0 0 1
    outer loop
      vertex -9.04338 -12.5 -2
      vertex -11.1114 -16.6294 -2
      vertex -10.2829 -17.126 -2
    endloop
  endfacet
  facet normal 0 0 1
    outer loop
      vertex -9.04338 -12.5 -2
      vertex -12.6879 -15.4602 -2
      vertex -11.1114 -16.6294 -2
    endloop
  endfacet
  facet normal -0 0 1
    outer loop
      vertex -13.1845 -12.5 -2
      vertex -12.6879 -15.4602 -2
      vertex -9.04338 -12.5 -2
    endloop
  endfacet
  facet normal 0 0 1
    outer loop
      vertex -12.6879 -15.4602 -2
      vertex -13.1845 -12.5 -2
      vertex -13.7256 -14.5196 -2
    endloop
  endfacet
  facet normal -0.965927 0.258817 0
    outer loop
      vertex -10.2829 -17.126 -2
      vertex -9.04338 -12.5 2
      vertex -9.04338 -12.5 -2
    endloop
  endfacet
  facet normal -0.965927 0.258817 0
    outer loop
      vertex -9.04338 -12.5 2
      vertex -10.2829 -17.126 -2
      vertex -10.2829 -17.126 2
    endloop
  endfacet
  facet normal 0.965932 -0.258797 0
    outer loop
      vertex -13.7256 -14.5196 2
      vertex -13.1845 -12.5 -2
      vertex -13.1845 -12.5 2
    endloop
  endfacet
  facet normal 0.965932 -0.258797 0
    outer loop
      vertex -13.1845 -12.5 -2
      vertex -13.7256 -14.5196 2
      vertex -13.7256 -14.5196 -2
    endloop
  endfacet
  facet normal 0 0 -1
    outer loop
      vertex 9.94546 -12.5 2
      vertex 15.4602 -12.6879 2
      vertex 14.5196 -13.7256 2
    endloop
  endfacet
  facet normal 0 0 -1
    outer loop
      vertex 15.4602 -12.6879 2
      vertex 9.94546 -12.5 2
      vertex 15.5995 -12.5 2
    endloop
  endfacet
  facet normal -0 0 1
    outer loop
      vertex 9.94546 -12.5 -2
      vertex 15.4602 -12.6879 -2
      vertex 15.5995 -12.5 -2
    endloop
  endfacet
  facet normal 0 0 1
    outer loop
      vertex 15.4602 -12.6879 -2
      vertex 9.94546 -12.5 -2
      vertex 14.5196 -13.7256 -2
    endloop
  endfacet
  facet normal 0.258812 0.965928 -0
    outer loop
      vertex 14.5196 -13.7256 -2
      vertex 9.94546 -12.5 2
      vertex 14.5196 -13.7256 2
    endloop
  endfacet
  facet normal 0.258812 0.965928 0
    outer loop
      vertex 9.94546 -12.5 2
      vertex 14.5196 -13.7256 -2
      vertex 9.94546 -12.5 -2
    endloop
  endfacet
  facet normal 0.146736 -0.989176 0
    outer loop
      vertex -0.292635 12.9712 -10
      vertex -0.147025 12.9928 10
      vertex -0.292635 12.9712 10
    endloop
  endfacet
  facet normal 0.146736 -0.989176 0
    outer loop
      vertex -0.147025 12.9928 10
      vertex -0.292635 12.9712 -10
      vertex -0.147025 12.9928 -10
    endloop
  endfacet
  facet normal 0.0489126 -0.998803 0
    outer loop
      vertex -0.147025 12.9928 -10
      vertex 0 13 10
      vertex -0.147025 12.9928 10
    endloop
  endfacet
  facet normal 0.0489126 -0.998803 0
    outer loop
      vertex 0 13 10
      vertex -0.147025 12.9928 -10
      vertex 0 13 -10
    endloop
  endfacet
  facet normal 0.243188 -0.969979 0
    outer loop
      vertex -0.435427 12.9354 -10
      vertex -0.292635 12.9712 10
      vertex -0.435427 12.9354 10
    endloop
  endfacet
  facet normal 0.243188 -0.969979 0
    outer loop
      vertex -0.292635 12.9712 10
      vertex -0.435427 12.9354 -10
      vertex -0.292635 12.9712 -10
    endloop
  endfacet
  facet normal 0.595747 -0.803172 0
    outer loop
      vertex -0.95159 12.6595 -10
      vertex -0.833355 12.7472 10
      vertex -0.95159 12.6595 10
    endloop
  endfacet
  facet normal 0.595747 -0.803172 0
    outer loop
      vertex -0.833355 12.7472 10
      vertex -0.95159 12.6595 -10
      vertex -0.833355 12.7472 -10
    endloop
  endfacet
  facet normal -0.0489126 -0.998803 0
    outer loop
      vertex 0 13 -10
      vertex 0.147025 12.9928 10
      vertex 0 13 10
    endloop
  endfacet
  facet normal -0.0489126 -0.998803 -0
    outer loop
      vertex 0.147025 12.9928 10
      vertex 0 13 -10
      vertex 0.147025 12.9928 -10
    endloop
  endfacet
  facet normal -0.336945 -0.941524 0
    outer loop
      vertex 0.435427 12.9354 -10
      vertex 0.574024 12.8858 10
      vertex 0.435427 12.9354 10
    endloop
  endfacet
  facet normal -0.336945 -0.941524 -0
    outer loop
      vertex 0.574024 12.8858 10
      vertex 0.435427 12.9354 -10
      vertex 0.574024 12.8858 -10
    endloop
  endfacet
  facet normal -0.595747 -0.803172 0
    outer loop
      vertex 0.833355 12.7472 -10
      vertex 0.95159 12.6595 10
      vertex 0.833355 12.7472 10
    endloop
  endfacet
  facet normal -0.595747 -0.803172 -0
    outer loop
      vertex 0.95159 12.6595 10
      vertex 0.833355 12.7472 -10
      vertex 0.95159 12.6595 -10
    endloop
  endfacet
  facet normal -0.243188 -0.969979 0
    outer loop
      vertex 0.292635 12.9712 -10
      vertex 0.435427 12.9354 10
      vertex 0.292635 12.9712 10
    endloop
  endfacet
  facet normal -0.243188 -0.969979 -0
    outer loop
      vertex 0.435427 12.9354 10
      vertex 0.292635 12.9712 -10
      vertex 0.435427 12.9354 -10
    endloop
  endfacet
  facet normal 0.427347 -0.904088 0
    outer loop
      vertex -0.707094 12.8229 -10
      vertex -0.574024 12.8858 10
      vertex -0.707094 12.8229 10
    endloop
  endfacet
  facet normal 0.427347 -0.904088 0
    outer loop
      vertex -0.574024 12.8858 10
      vertex -0.707094 12.8229 -10
      vertex -0.574024 12.8858 -10
    endloop
  endfacet
  facet normal 0.741165 -0.671322 0
    outer loop
      vertex -1.11564 12.5 10
      vertex -1.06066 12.5607 -10
      vertex -1.06066 12.5607 10
    endloop
  endfacet
  facet normal 0.741165 -0.671322 0
    outer loop
      vertex -1.06066 12.5607 -10
      vertex -1.11564 12.5 10
      vertex -1.11564 12.5 -10
    endloop
  endfacet
  facet normal 0.336945 -0.941524 0
    outer loop
      vertex -0.574024 12.8858 -10
      vertex -0.435427 12.9354 10
      vertex -0.574024 12.8858 10
    endloop
  endfacet
  facet normal 0.336945 -0.941524 0
    outer loop
      vertex -0.435427 12.9354 10
      vertex -0.574024 12.8858 -10
      vertex -0.435427 12.9354 -10
    endloop
  endfacet
  facet normal 0.514213 -0.857662 0
    outer loop
      vertex -0.833355 12.7472 -10
      vertex -0.707094 12.8229 10
      vertex -0.833355 12.7472 10
    endloop
  endfacet
  facet normal 0.514213 -0.857662 0
    outer loop
      vertex -0.707094 12.8229 10
      vertex -0.833355 12.7472 -10
      vertex -0.707094 12.8229 -10
    endloop
  endfacet
  facet normal -0.146736 -0.989176 0
    outer loop
      vertex 0.147025 12.9928 -10
      vertex 0.292635 12.9712 10
      vertex 0.147025 12.9928 10
    endloop
  endfacet
  facet normal -0.146736 -0.989176 -0
    outer loop
      vertex 0.292635 12.9712 10
      vertex 0.147025 12.9928 -10
      vertex 0.292635 12.9712 -10
    endloop
  endfacet
  facet normal 0.671353 -0.741138 0
    outer loop
      vertex -1.06066 12.5607 -10
      vertex -0.95159 12.6595 10
      vertex -1.06066 12.5607 10
    endloop
  endfacet
  facet normal 0.671353 -0.741138 0
    outer loop
      vertex -0.95159 12.6595 10
      vertex -1.06066 12.5607 -10
      vertex -0.95159 12.6595 -10
    endloop
  endfacet
  facet normal -0.514213 -0.857662 0
    outer loop
      vertex 0.707094 12.8229 -10
      vertex 0.833355 12.7472 10
      vertex 0.707094 12.8229 10
    endloop
  endfacet
  facet normal -0.514213 -0.857662 -0
    outer loop
      vertex 0.833355 12.7472 10
      vertex 0.707094 12.8229 -10
      vertex 0.833355 12.7472 -10
    endloop
  endfacet
  facet normal -0.427347 -0.904088 0
    outer loop
      vertex 0.574024 12.8858 -10
      vertex 0.707094 12.8229 10
      vertex 0.574024 12.8858 10
    endloop
  endfacet
  facet normal -0.427347 -0.904088 -0
    outer loop
      vertex 0.707094 12.8229 10
      vertex 0.574024 12.8858 -10
      vertex 0.707094 12.8229 -10
    endloop
  endfacet
  facet normal -0.671353 -0.741138 0
    outer loop
      vertex 0.95159 12.6595 -10
      vertex 1.06066 12.5607 10
      vertex 0.95159 12.6595 10
    endloop
  endfacet
  facet normal -0.671353 -0.741138 -0
    outer loop
      vertex 1.06066 12.5607 10
      vertex 0.95159 12.6595 -10
      vertex 1.06066 12.5607 -10
    endloop
  endfacet
  facet normal -0.741165 -0.671322 0
    outer loop
      vertex 1.11564 12.5 -10
      vertex 1.06066 12.5607 10
      vertex 1.06066 12.5607 -10
    endloop
  endfacet
  facet normal -0.741165 -0.671322 0
    outer loop
      vertex 1.06066 12.5607 10
      vertex 1.11564 12.5 -10
      vertex 1.11564 12.5 10
    endloop
  endfacet
  facet normal -0.146736 0.989176 0
    outer loop
      vertex 0.292635 -12.9712 -10
      vertex 0.147025 -12.9928 10
      vertex 0.292635 -12.9712 10
    endloop
  endfacet
  facet normal -0.146736 0.989176 0
    outer loop
      vertex 0.147025 -12.9928 10
      vertex 0.292635 -12.9712 -10
      vertex 0.147025 -12.9928 -10
    endloop
  endfacet
  facet normal -0.243188 0.969979 0
    outer loop
      vertex 0.435427 -12.9354 -10
      vertex 0.292635 -12.9712 10
      vertex 0.435427 -12.9354 10
    endloop
  endfacet
  facet normal -0.243188 0.969979 0
    outer loop
      vertex 0.292635 -12.9712 10
      vertex 0.435427 -12.9354 -10
      vertex 0.292635 -12.9712 -10
    endloop
  endfacet
  facet normal 0.0489126 0.998803 -0
    outer loop
      vertex 0 -13 -10
      vertex -0.147025 -12.9928 10
      vertex 0 -13 10
    endloop
  endfacet
  facet normal 0.0489126 0.998803 0
    outer loop
      vertex -0.147025 -12.9928 10
      vertex 0 -13 -10
      vertex -0.147025 -12.9928 -10
    endloop
  endfacet
  facet normal -0.0489126 0.998803 0
    outer loop
      vertex 0.147025 -12.9928 -10
      vertex 0 -13 10
      vertex 0.147025 -12.9928 10
    endloop
  endfacet
  facet normal -0.0489126 0.998803 0
    outer loop
      vertex 0 -13 10
      vertex 0.147025 -12.9928 -10
      vertex 0 -13 -10
    endloop
  endfacet
  facet normal -0.595747 0.803172 0
    outer loop
      vertex 0.95159 -12.6595 -10
      vertex 0.833355 -12.7472 10
      vertex 0.95159 -12.6595 10
    endloop
  endfacet
  facet normal -0.595747 0.803172 0
    outer loop
      vertex 0.833355 -12.7472 10
      vertex 0.95159 -12.6595 -10
      vertex 0.833355 -12.7472 -10
    endloop
  endfacet
  facet normal 0.595747 0.803172 -0
    outer loop
      vertex -0.833355 -12.7472 -10
      vertex -0.95159 -12.6595 10
      vertex -0.833355 -12.7472 10
    endloop
  endfacet
  facet normal 0.595747 0.803172 0
    outer loop
      vertex -0.95159 -12.6595 10
      vertex -0.833355 -12.7472 -10
      vertex -0.95159 -12.6595 -10
    endloop
  endfacet
  facet normal -0.671353 0.741138 0
    outer loop
      vertex 1.06066 -12.5607 -10
      vertex 0.95159 -12.6595 10
      vertex 1.06066 -12.5607 10
    endloop
  endfacet
  facet normal -0.671353 0.741138 0
    outer loop
      vertex 0.95159 -12.6595 10
      vertex 1.06066 -12.5607 -10
      vertex 0.95159 -12.6595 -10
    endloop
  endfacet
  facet normal 0.243188 0.969979 -0
    outer loop
      vertex -0.292635 -12.9712 -10
      vertex -0.435427 -12.9354 10
      vertex -0.292635 -12.9712 10
    endloop
  endfacet
  facet normal 0.243188 0.969979 0
    outer loop
      vertex -0.435427 -12.9354 10
      vertex -0.292635 -12.9712 -10
      vertex -0.435427 -12.9354 -10
    endloop
  endfacet
  facet normal -0.427347 0.904088 0
    outer loop
      vertex 0.707094 -12.8229 -10
      vertex 0.574024 -12.8858 10
      vertex 0.707094 -12.8229 10
    endloop
  endfacet
  facet normal -0.427347 0.904088 0
    outer loop
      vertex 0.574024 -12.8858 10
      vertex 0.707094 -12.8229 -10
      vertex 0.574024 -12.8858 -10
    endloop
  endfacet
  facet normal -0.741165 0.671322 0
    outer loop
      vertex 1.06066 -12.5607 -10
      vertex 1.11564 -12.5 10
      vertex 1.11564 -12.5 -10
    endloop
  endfacet
  facet normal -0.741165 0.671322 0
    outer loop
      vertex 1.11564 -12.5 10
      vertex 1.06066 -12.5607 -10
      vertex 1.06066 -12.5607 10
    endloop
  endfacet
  facet normal 0.671353 0.741138 -0
    outer loop
      vertex -0.95159 -12.6595 -10
      vertex -1.06066 -12.5607 10
      vertex -0.95159 -12.6595 10
    endloop
  endfacet
  facet normal 0.671353 0.741138 0
    outer loop
      vertex -1.06066 -12.5607 10
      vertex -0.95159 -12.6595 -10
      vertex -1.06066 -12.5607 -10
    endloop
  endfacet
  facet normal -0.336945 0.941524 0
    outer loop
      vertex 0.574024 -12.8858 -10
      vertex 0.435427 -12.9354 10
      vertex 0.574024 -12.8858 10
    endloop
  endfacet
  facet normal -0.336945 0.941524 0
    outer loop
      vertex 0.435427 -12.9354 10
      vertex 0.574024 -12.8858 -10
      vertex 0.435427 -12.9354 -10
    endloop
  endfacet
  facet normal 0.146736 0.989176 -0
    outer loop
      vertex -0.147025 -12.9928 -10
      vertex -0.292635 -12.9712 10
      vertex -0.147025 -12.9928 10
    endloop
  endfacet
  facet normal 0.146736 0.989176 0
    outer loop
      vertex -0.292635 -12.9712 10
      vertex -0.147025 -12.9928 -10
      vertex -0.292635 -12.9712 -10
    endloop
  endfacet
  facet normal -0.514213 0.857662 0
    outer loop
      vertex 0.833355 -12.7472 -10
      vertex 0.707094 -12.8229 10
      vertex 0.833355 -12.7472 10
    endloop
  endfacet
  facet normal -0.514213 0.857662 0
    outer loop
      vertex 0.707094 -12.8229 10
      vertex 0.833355 -12.7472 -10
      vertex 0.707094 -12.8229 -10
    endloop
  endfacet
  facet normal 0.741165 0.671322 0
    outer loop
      vertex -1.06066 -12.5607 10
      vertex -1.11564 -12.5 -10
      vertex -1.11564 -12.5 10
    endloop
  endfacet
  facet normal 0.741165 0.671322 0
    outer loop
      vertex -1.11564 -12.5 -10
      vertex -1.06066 -12.5607 10
      vertex -1.06066 -12.5607 -10
    endloop
  endfacet
  facet normal 0.427347 0.904088 -0
    outer loop
      vertex -0.574024 -12.8858 -10
      vertex -0.707094 -12.8229 10
      vertex -0.574024 -12.8858 10
    endloop
  endfacet
  facet normal 0.427347 0.904088 0
    outer loop
      vertex -0.707094 -12.8229 10
      vertex -0.574024 -12.8858 -10
      vertex -0.707094 -12.8229 -10
    endloop
  endfacet
  facet normal 0.336945 0.941524 -0
    outer loop
      vertex -0.435427 -12.9354 -10
      vertex -0.574024 -12.8858 10
      vertex -0.435427 -12.9354 10
    endloop
  endfacet
  facet normal 0.336945 0.941524 0
    outer loop
      vertex -0.574024 -12.8858 10
      vertex -0.435427 -12.9354 -10
      vertex -0.574024 -12.8858 -10
    endloop
  endfacet
  facet normal 0.514213 0.857662 -0
    outer loop
      vertex -0.707094 -12.8229 -10
      vertex -0.833355 -12.7472 10
      vertex -0.707094 -12.8229 10
    endloop
  endfacet
  facet normal 0.514213 0.857662 0
    outer loop
      vertex -0.833355 -12.7472 10
      vertex -0.707094 -12.8229 -10
      vertex -0.833355 -12.7472 -10
    endloop
  endfacet
  facet normal 0 0 -1
    outer loop
      vertex 2.93254 0 15
      vertex 3.46107 0 15
      vertex 3.45823 -0.0577527 15
    endloop
  endfacet
  facet normal 0 0 -1
    outer loop
      vertex 2.92418 -0.170226 15
      vertex 3.45823 -0.0577527 15
      vertex 3.4444 -0.339243 15
    endloop
  endfacet
  facet normal 0 -0 -1
    outer loop
      vertex 2.93254 0 15
      vertex 3.45823 -0.0577527 15
      vertex 2.92418 -0.170226 15
    endloop
  endfacet
  facet normal 0 0 -1
    outer loop
      vertex 2.9012 -0.403523 15
      vertex 3.4444 -0.339243 15
      vertex 3.40305 -0.618023 15
    endloop
  endfacet
  facet normal 0 0 -1
    outer loop
      vertex 3.46107 0 15
      vertex 2.93254 0 15
      vertex 3.45823 0.0577527 15
    endloop
  endfacet
  facet normal 0 0 -1
    outer loop
      vertex 2.87619 -0.57211 15
      vertex 3.40305 -0.618023 15
      vertex 3.39456 -0.67522 15
    endloop
  endfacet
  facet normal 0 0 -1
    outer loop
      vertex 3.45823 0.0577527 15
      vertex 2.92418 0.170226 15
      vertex 3.4444 0.339243 15
    endloop
  endfacet
  facet normal 0 0 -1
    outer loop
      vertex 2.83478 -0.737434 15
      vertex 3.39456 -0.67522 15
      vertex 3.32608 -0.948604 15
    endloop
  endfacet
  facet normal 0 0 -1
    outer loop
      vertex 2.92418 0.170226 15
      vertex 3.45823 0.0577527 15
      vertex 2.93254 0 15
    endloop
  endfacet
  facet normal 0 0 -1
    outer loop
      vertex 2.80627 -0.851271 15
      vertex 3.32608 -0.948604 15
      vertex 3.31203 -1.00469 15
    endloop
  endfacet
  facet normal 0 0 -1
    outer loop
      vertex 2.9012 0.403523 15
      vertex 3.4444 0.339243 15
      vertex 2.91842 0.287439 15
    endloop
  endfacet
  facet normal 0 0 -1
    outer loop
      vertex 2.80627 -0.851271 15
      vertex 3.31203 -1.00469 15
      vertex 3.29255 -1.05914 15
    endloop
  endfacet
  facet normal 0 0 -1
    outer loop
      vertex 3.4444 0.339243 15
      vertex 2.9012 0.403523 15
      vertex 3.40305 0.618023 15
    endloop
  endfacet
  facet normal 0 0 -1
    outer loop
      vertex 2.76673 -0.961765 15
      vertex 3.29255 -1.05914 15
      vertex 3.19761 -1.32449 15
    endloop
  endfacet
  facet normal 0 0 -1
    outer loop
      vertex 2.87619 0.57211 15
      vertex 3.40305 0.618023 15
      vertex 2.9012 0.403523 15
    endloop
  endfacet
  facet normal 0 0 -1
    outer loop
      vertex 2.63645 -1.2763 15
      vertex 3.19761 -1.32449 15
      vertex 3.07711 -1.57926 15
    endloop
  endfacet
  facet normal -0 0 -1
    outer loop
      vertex 3.40305 0.618023 15
      vertex 2.87619 0.57211 15
      vertex 3.39456 0.67522 15
    endloop
  endfacet
  facet normal 0 0 -1
    outer loop
      vertex 2.58627 -1.38239 15
      vertex 3.07711 -1.57926 15
      vertex 3.05239 -1.63153 15
    endloop
  endfacet
  facet normal 0 0 -1
    outer loop
      vertex 2.83478 0.737434 15
      vertex 3.39456 0.67522 15
      vertex 2.87619 0.57211 15
    endloop
  endfacet
  facet normal 0 0 -1
    outer loop
      vertex 2.58627 -1.38239 15
      vertex 3.05239 -1.63153 15
      vertex 3.02266 -1.68113 15
    endloop
  endfacet
  facet normal 0 0 -1
    outer loop
      vertex 3.39456 0.67522 15
      vertex 2.83478 0.737434 15
      vertex 3.32608 0.948604 15
    endloop
  endfacet
  facet normal 0 0 -1
    outer loop
      vertex 2.80627 0.851271 15
      vertex 3.32608 0.948604 15
      vertex 2.83478 0.737434 15
    endloop
  endfacet
  facet normal 0 0 -1
    outer loop
      vertex 2.91842 0.287439 15
      vertex 3.4444 0.339243 15
      vertex 2.92418 0.170226 15
    endloop
  endfacet
  facet normal 0 0 -1
    outer loop
      vertex 3.4444 -0.339243 15
      vertex 2.91842 -0.287439 15
      vertex 2.92418 -0.170226 15
    endloop
  endfacet
  facet normal -0 0 -1
    outer loop
      vertex 3.4444 -0.339243 15
      vertex 2.9012 -0.403523 15
      vertex 2.91842 -0.287439 15
    endloop
  endfacet
  facet normal 0 0 -1
    outer loop
      vertex 2.49865 -1.52857 15
      vertex 3.02266 -1.68113 15
      vertex 2.87777 -1.92287 15
    endloop
  endfacet
  facet normal 0 0 -1
    outer loop
      vertex 3.40305 -0.618023 15
      vertex 2.87619 -0.57211 15
      vertex 2.9012 -0.403523 15
    endloop
  endfacet
  facet normal -0 0 -1
    outer loop
      vertex 3.39456 -0.67522 15
      vertex 2.83478 -0.737434 15
      vertex 2.87619 -0.57211 15
    endloop
  endfacet
  facet normal 0 0 -1
    outer loop
      vertex 3.32608 -0.948604 15
      vertex 2.80627 -0.851271 15
      vertex 2.83478 -0.737434 15
    endloop
  endfacet
  facet normal 0 0 -1
    outer loop
      vertex 3.29255 -1.05914 15
      vertex 2.76673 -0.961765 15
      vertex 2.80627 -0.851271 15
    endloop
  endfacet
  facet normal 0 0 -1
    outer loop
      vertex 2.36841 -1.72349 15
      vertex 2.87777 -1.92287 15
      vertex 2.70988 -2.14923 15
    endloop
  endfacet
  facet normal 0 0 -1
    outer loop
      vertex 3.19761 -1.32449 15
      vertex 2.70931 -1.12223 15
      vertex 2.76673 -0.961765 15
    endloop
  endfacet
  facet normal 0 0 -1
    outer loop
      vertex 2.26688 -1.86038 15
      vertex 2.70988 -2.14923 15
      vertex 2.67544 -2.19568 15
    endloop
  endfacet
  facet normal 0 0 -1
    outer loop
      vertex 3.19761 -1.32449 15
      vertex 2.63645 -1.2763 15
      vertex 2.70931 -1.12223 15
    endloop
  endfacet
  facet normal 0 0 -1
    outer loop
      vertex 3.07711 -1.57926 15
      vertex 2.58627 -1.38239 15
      vertex 2.63645 -1.2763 15
    endloop
  endfacet
  facet normal 0 0 -1
    outer loop
      vertex 3.02266 -1.68113 15
      vertex 2.49865 -1.52857 15
      vertex 2.58627 -1.38239 15
    endloop
  endfacet
  facet normal 0 0 -1
    outer loop
      vertex 2.15243 -1.98667 15
      vertex 2.67544 -2.19568 15
      vertex 2.48617 -2.4045 15
    endloop
  endfacet
  facet normal 0 0 -1
    outer loop
      vertex 2.07362 -2.07362 15
      vertex 2.48617 -2.4045 15
      vertex 2.44734 -2.44734 15
    endloop
  endfacet
  facet normal 0 0 -1
    outer loop
      vertex 2.87777 -1.92287 15
      vertex 2.43832 -1.62923 15
      vertex 2.49865 -1.52857 15
    endloop
  endfacet
  facet normal 0 0 -1
    outer loop
      vertex 2.07362 -2.07362 15
      vertex 2.44734 -2.44734 15
      vertex 2.4045 -2.48617 15
    endloop
  endfacet
  facet normal 0 0 -1
    outer loop
      vertex 2.87777 -1.92287 15
      vertex 2.36841 -1.72349 15
      vertex 2.43832 -1.62923 15
    endloop
  endfacet
  facet normal 0 0 -1
    outer loop
      vertex 2.70988 -2.14923 15
      vertex 2.26688 -1.86038 15
      vertex 2.36841 -1.72349 15
    endloop
  endfacet
  facet normal 0 0 -1
    outer loop
      vertex 1.98667 -2.15243 15
      vertex 2.4045 -2.48617 15
      vertex 2.19568 -2.67544 15
    endloop
  endfacet
  facet normal 0 0 -1
    outer loop
      vertex 2.67544 -2.19568 15
      vertex 2.15243 -1.98667 15
      vertex 2.26688 -1.86038 15
    endloop
  endfacet
  facet normal 0 0 -1
    outer loop
      vertex 1.86038 -2.26688 15
      vertex 2.19568 -2.67544 15
      vertex 2.14923 -2.70988 15
    endloop
  endfacet
  facet normal 0 0 -1
    outer loop
      vertex 2.48617 -2.4045 15
      vertex 2.07362 -2.07362 15
      vertex 2.15243 -1.98667 15
    endloop
  endfacet
  facet normal 0 0 -1
    outer loop
      vertex 2.4045 -2.48617 15
      vertex 1.98667 -2.15243 15
      vertex 2.07362 -2.07362 15
    endloop
  endfacet
  facet normal 0 0 -1
    outer loop
      vertex 1.72349 -2.36841 15
      vertex 2.14923 -2.70988 15
      vertex 1.92287 -2.87777 15
    endloop
  endfacet
  facet normal 0 0 -1
    outer loop
      vertex 2.19568 -2.67544 15
      vertex 1.86038 -2.26688 15
      vertex 1.98667 -2.15243 15
    endloop
  endfacet
  facet normal 0 0 -1
    outer loop
      vertex 2.14923 -2.70988 15
      vertex 1.72349 -2.36841 15
      vertex 1.86038 -2.26688 15
    endloop
  endfacet
  facet normal 0 0 -1
    outer loop
      vertex 1.52857 -2.49865 15
      vertex 1.92287 -2.87777 15
      vertex 1.68113 -3.02266 15
    endloop
  endfacet
  facet normal 0 0 -1
    outer loop
      vertex 1.38239 -2.58627 15
      vertex 1.68113 -3.02266 15
      vertex 1.63153 -3.05239 15
    endloop
  endfacet
  facet normal 0 0 -1
    outer loop
      vertex 1.92287 -2.87777 15
      vertex 1.62923 -2.43832 15
      vertex 1.72349 -2.36841 15
    endloop
  endfacet
  facet normal 0 0 -1
    outer loop
      vertex 1.38239 -2.58627 15
      vertex 1.63153 -3.05239 15
      vertex 1.57926 -3.07711 15
    endloop
  endfacet
  facet normal 0 0 -1
    outer loop
      vertex 1.92287 -2.87777 15
      vertex 1.52857 -2.49865 15
      vertex 1.62923 -2.43832 15
    endloop
  endfacet
  facet normal 0 0 -1
    outer loop
      vertex 1.68113 -3.02266 15
      vertex 1.38239 -2.58627 15
      vertex 1.52857 -2.49865 15
    endloop
  endfacet
  facet normal 0 0 -1
    outer loop
      vertex 1.2763 -2.63645 15
      vertex 1.57926 -3.07711 15
      vertex 1.32449 -3.19761 15
    endloop
  endfacet
  facet normal 0 0 -1
    outer loop
      vertex 1.57926 -3.07711 15
      vertex 1.2763 -2.63645 15
      vertex 1.38239 -2.58627 15
    endloop
  endfacet
  facet normal 0 0 -1
    outer loop
      vertex 1.32449 -3.19761 15
      vertex 1.12223 -2.70931 15
      vertex 1.2763 -2.63645 15
    endloop
  endfacet
  facet normal 0 0 -1
    outer loop
      vertex 0.961765 -2.76673 15
      vertex 1.32449 -3.19761 15
      vertex 1.05914 -3.29255 15
    endloop
  endfacet
  facet normal 0 0 -1
    outer loop
      vertex 0.851271 -2.80627 15
      vertex 1.05914 -3.29255 15
      vertex 1.00469 -3.31203 15
    endloop
  endfacet
  facet normal 0 0 -1
    outer loop
      vertex 1.32449 -3.19761 15
      vertex 0.961765 -2.76673 15
      vertex 1.12223 -2.70931 15
    endloop
  endfacet
  facet normal 0 0 -1
    outer loop
      vertex 0.851271 -2.80627 15
      vertex 1.00469 -3.31203 15
      vertex 0.948604 -3.32608 15
    endloop
  endfacet
  facet normal 0 0 -1
    outer loop
      vertex 1.05914 -3.29255 15
      vertex 0.851271 -2.80627 15
      vertex 0.961765 -2.76673 15
    endloop
  endfacet
  facet normal 0 0 -1
    outer loop
      vertex 0.948604 -3.32608 15
      vertex 0.737434 -2.83478 15
      vertex 0.851271 -2.80627 15
    endloop
  endfacet
  facet normal 0 0 -1
    outer loop
      vertex 0.67522 -3.39456 15
      vertex 0.737434 -2.83478 15
      vertex 0.948604 -3.32608 15
    endloop
  endfacet
  facet normal 0 0 -1
    outer loop
      vertex 0.57211 -2.87619 15
      vertex 0.67522 -3.39456 15
      vertex 0.618023 -3.40305 15
    endloop
  endfacet
  facet normal 0 0 -1
    outer loop
      vertex 0.67522 -3.39456 15
      vertex 0.57211 -2.87619 15
      vertex 0.737434 -2.83478 15
    endloop
  endfacet
  facet normal 0 0 -1
    outer loop
      vertex 0.618023 -3.40305 15
      vertex 0.403523 -2.9012 15
      vertex 0.57211 -2.87619 15
    endloop
  endfacet
  facet normal 0 0 -1
    outer loop
      vertex 0.339243 -3.4444 15
      vertex 0.403523 -2.9012 15
      vertex 0.618023 -3.40305 15
    endloop
  endfacet
  facet normal 0 0 -1
    outer loop
      vertex 0.339243 -3.4444 15
      vertex 0.287439 -2.91842 15
      vertex 0.403523 -2.9012 15
    endloop
  endfacet
  facet normal 0 0 -1
    outer loop
      vertex 0.339243 -3.4444 15
      vertex 0.170226 -2.92418 15
      vertex 0.287439 -2.91842 15
    endloop
  endfacet
  facet normal 0 0 -1
    outer loop
      vertex 0.0577527 -3.45823 15
      vertex 0.170226 -2.92418 15
      vertex 0.339243 -3.4444 15
    endloop
  endfacet
  facet normal 0 0 -1
    outer loop
      vertex 0 -2.93254 15
      vertex 0.0577527 -3.45823 15
      vertex 0 -3.46107 15
    endloop
  endfacet
  facet normal 0 0 -1
    outer loop
      vertex 0.0577527 -3.45823 15
      vertex 0 -2.93254 15
      vertex 0.170226 -2.92418 15
    endloop
  endfacet
  facet normal 0 0 -1
    outer loop
      vertex -0.0577527 -3.45823 15
      vertex 0 -2.93254 15
      vertex 0 -3.46107 15
    endloop
  endfacet
  facet normal 0 0 -1
    outer loop
      vertex -0.0577527 -3.45823 15
      vertex -0.170226 -2.92418 15
      vertex 0 -2.93254 15
    endloop
  endfacet
  facet normal 0 0 -1
    outer loop
      vertex -0.339243 -3.4444 15
      vertex -0.170226 -2.92418 15
      vertex -0.0577527 -3.45823 15
    endloop
  endfacet
  facet normal -0 0 -1
    outer loop
      vertex -0.170226 -2.92418 15
      vertex -0.339243 -3.4444 15
      vertex -0.287439 -2.91842 15
    endloop
  endfacet
  facet normal 0 0 -1
    outer loop
      vertex -0.339243 -3.4444 15
      vertex -0.403523 -2.9012 15
      vertex -0.287439 -2.91842 15
    endloop
  endfacet
  facet normal 0 0 -1
    outer loop
      vertex -0.618023 -3.40305 15
      vertex -0.403523 -2.9012 15
      vertex -0.339243 -3.4444 15
    endloop
  endfacet
  facet normal -0 0 -1
    outer loop
      vertex -0.403523 -2.9012 15
      vertex -0.618023 -3.40305 15
      vertex -0.57211 -2.87619 15
    endloop
  endfacet
  facet normal 0 0 -1
    outer loop
      vertex -0.67522 -3.39456 15
      vertex -0.57211 -2.87619 15
      vertex -0.618023 -3.40305 15
    endloop
  endfacet
  facet normal 0 0 -1
    outer loop
      vertex -0.67522 -3.39456 15
      vertex -0.737434 -2.83478 15
      vertex -0.57211 -2.87619 15
    endloop
  endfacet
  facet normal 0 0 -1
    outer loop
      vertex -0.948604 -3.32608 15
      vertex -0.737434 -2.83478 15
      vertex -0.67522 -3.39456 15
    endloop
  endfacet
  facet normal -0 0 -1
    outer loop
      vertex -0.737434 -2.83478 15
      vertex -0.948604 -3.32608 15
      vertex -0.851271 -2.80627 15
    endloop
  endfacet
  facet normal 0 0 -1
    outer loop
      vertex -1.00469 -3.31203 15
      vertex -0.851271 -2.80627 15
      vertex -0.948604 -3.32608 15
    endloop
  endfacet
  facet normal 0 0 -1
    outer loop
      vertex -1.05914 -3.29255 15
      vertex -0.851271 -2.80627 15
      vertex -1.00469 -3.31203 15
    endloop
  endfacet
  facet normal -0 0 -1
    outer loop
      vertex -0.851271 -2.80627 15
      vertex -1.05914 -3.29255 15
      vertex -0.961765 -2.76673 15
    endloop
  endfacet
  facet normal 0 0 -1
    outer loop
      vertex -1.32449 -3.19761 15
      vertex -0.961765 -2.76673 15
      vertex -1.05914 -3.29255 15
    endloop
  endfacet
  facet normal -0 0 -1
    outer loop
      vertex -0.961765 -2.76673 15
      vertex -1.32449 -3.19761 15
      vertex -1.12223 -2.70931 15
    endloop
  endfacet
  facet normal -0 0 -1
    outer loop
      vertex -1.12223 -2.70931 15
      vertex -1.32449 -3.19761 15
      vertex -1.2763 -2.63645 15
    endloop
  endfacet
  facet normal 0 0 -1
    outer loop
      vertex -1.57926 -3.07711 15
      vertex -1.2763 -2.63645 15
      vertex -1.32449 -3.19761 15
    endloop
  endfacet
  facet normal -0 0 -1
    outer loop
      vertex -1.2763 -2.63645 15
      vertex -1.57926 -3.07711 15
      vertex -1.38239 -2.58627 15
    endloop
  endfacet
  facet normal 0 0 -1
    outer loop
      vertex -1.63153 -3.05239 15
      vertex -1.38239 -2.58627 15
      vertex -1.57926 -3.07711 15
    endloop
  endfacet
  facet normal 0 0 -1
    outer loop
      vertex -1.68113 -3.02266 15
      vertex -1.38239 -2.58627 15
      vertex -1.63153 -3.05239 15
    endloop
  endfacet
  facet normal -0 0 -1
    outer loop
      vertex -1.38239 -2.58627 15
      vertex -1.68113 -3.02266 15
      vertex -1.52857 -2.49865 15
    endloop
  endfacet
  facet normal 0 0 -1
    outer loop
      vertex -1.92287 -2.87777 15
      vertex -1.52857 -2.49865 15
      vertex -1.68113 -3.02266 15
    endloop
  endfacet
  facet normal -0 0 -1
    outer loop
      vertex -1.52857 -2.49865 15
      vertex -1.92287 -2.87777 15
      vertex -1.62923 -2.43832 15
    endloop
  endfacet
  facet normal -0 0 -1
    outer loop
      vertex -1.62923 -2.43832 15
      vertex -1.92287 -2.87777 15
      vertex -1.72349 -2.36841 15
    endloop
  endfacet
  facet normal 0 0 -1
    outer loop
      vertex -2.14923 -2.70988 15
      vertex -1.72349 -2.36841 15
      vertex -1.92287 -2.87777 15
    endloop
  endfacet
  facet normal -0 0 -1
    outer loop
      vertex -1.72349 -2.36841 15
      vertex -2.14923 -2.70988 15
      vertex -1.86038 -2.26688 15
    endloop
  endfacet
  facet normal 0 0 -1
    outer loop
      vertex -2.19568 -2.67544 15
      vertex -1.86038 -2.26688 15
      vertex -2.14923 -2.70988 15
    endloop
  endfacet
  facet normal -0 0 -1
    outer loop
      vertex -1.86038 -2.26688 15
      vertex -2.19568 -2.67544 15
      vertex -1.98667 -2.15243 15
    endloop
  endfacet
  facet normal 0 0 -1
    outer loop
      vertex -2.4045 -2.48617 15
      vertex -1.98667 -2.15243 15
      vertex -2.19568 -2.67544 15
    endloop
  endfacet
  facet normal -0 0 -1
    outer loop
      vertex -1.98667 -2.15243 15
      vertex -2.4045 -2.48617 15
      vertex -2.07362 -2.07362 15
    endloop
  endfacet
  facet normal 0 0 -1
    outer loop
      vertex -2.44734 -2.44734 15
      vertex -2.07362 -2.07362 15
      vertex -2.4045 -2.48617 15
    endloop
  endfacet
  facet normal 0 0 -1
    outer loop
      vertex -2.48617 -2.4045 15
      vertex -2.07362 -2.07362 15
      vertex -2.44734 -2.44734 15
    endloop
  endfacet
  facet normal -0 0 -1
    outer loop
      vertex -2.07362 -2.07362 15
      vertex -2.48617 -2.4045 15
      vertex -2.15243 -1.98667 15
    endloop
  endfacet
  facet normal 0 0 -1
    outer loop
      vertex -2.67544 -2.19568 15
      vertex -2.15243 -1.98667 15
      vertex -2.48617 -2.4045 15
    endloop
  endfacet
  facet normal -0 0 -1
    outer loop
      vertex -2.15243 -1.98667 15
      vertex -2.67544 -2.19568 15
      vertex -2.26688 -1.86038 15
    endloop
  endfacet
  facet normal 0 0 -1
    outer loop
      vertex -2.70988 -2.14923 15
      vertex -2.26688 -1.86038 15
      vertex -2.67544 -2.19568 15
    endloop
  endfacet
  facet normal -0 0 -1
    outer loop
      vertex -2.26688 -1.86038 15
      vertex -2.70988 -2.14923 15
      vertex -2.36841 -1.72349 15
    endloop
  endfacet
  facet normal 0 0 -1
    outer loop
      vertex -2.87777 -1.92287 15
      vertex -2.36841 -1.72349 15
      vertex -2.70988 -2.14923 15
    endloop
  endfacet
  facet normal -0 0 -1
    outer loop
      vertex -2.36841 -1.72349 15
      vertex -2.87777 -1.92287 15
      vertex -2.43832 -1.62923 15
    endloop
  endfacet
  facet normal -0 0 -1
    outer loop
      vertex -2.43832 -1.62923 15
      vertex -2.87777 -1.92287 15
      vertex -2.49865 -1.52857 15
    endloop
  endfacet
  facet normal 0 0 -1
    outer loop
      vertex -3.02266 -1.68113 15
      vertex -2.49865 -1.52857 15
      vertex -2.87777 -1.92287 15
    endloop
  endfacet
  facet normal -0 0 -1
    outer loop
      vertex -2.49865 -1.52857 15
      vertex -3.02266 -1.68113 15
      vertex -2.58627 -1.38239 15
    endloop
  endfacet
  facet normal 0 0 -1
    outer loop
      vertex -3.05239 -1.63153 15
      vertex -2.58627 -1.38239 15
      vertex -3.02266 -1.68113 15
    endloop
  endfacet
  facet normal 0 0 -1
    outer loop
      vertex -3.07711 -1.57926 15
      vertex -2.58627 -1.38239 15
      vertex -3.05239 -1.63153 15
    endloop
  endfacet
  facet normal -0 0 -1
    outer loop
      vertex -2.58627 -1.38239 15
      vertex -3.07711 -1.57926 15
      vertex -2.63645 -1.2763 15
    endloop
  endfacet
  facet normal 0 0 -1
    outer loop
      vertex -3.19761 -1.32449 15
      vertex -2.63645 -1.2763 15
      vertex -3.07711 -1.57926 15
    endloop
  endfacet
  facet normal -0 0 -1
    outer loop
      vertex -2.70931 -1.12223 15
      vertex -3.19761 -1.32449 15
      vertex -2.76673 -0.961765 15
    endloop
  endfacet
  facet normal 0 0 -1
    outer loop
      vertex -3.29255 -1.05914 15
      vertex -2.76673 -0.961765 15
      vertex -3.19761 -1.32449 15
    endloop
  endfacet
  facet normal -0 0 -1
    outer loop
      vertex -2.76673 -0.961765 15
      vertex -3.29255 -1.05914 15
      vertex -2.80627 -0.851271 15
    endloop
  endfacet
  facet normal 0 0 -1
    outer loop
      vertex -3.31203 -1.00469 15
      vertex -2.80627 -0.851271 15
      vertex -3.29255 -1.05914 15
    endloop
  endfacet
  facet normal 0 0 -1
    outer loop
      vertex -3.32608 -0.948604 15
      vertex -2.80627 -0.851271 15
      vertex -3.31203 -1.00469 15
    endloop
  endfacet
  facet normal -0 0 -1
    outer loop
      vertex -2.80627 -0.851271 15
      vertex -3.32608 -0.948604 15
      vertex -2.83478 -0.737434 15
    endloop
  endfacet
  facet normal -0 0 -1
    outer loop
      vertex 3.32608 0.948604 15
      vertex 2.80627 0.851271 15
      vertex 3.31203 1.00469 15
    endloop
  endfacet
  facet normal -0 0 -1
    outer loop
      vertex 3.31203 1.00469 15
      vertex 2.80627 0.851271 15
      vertex 3.29255 1.05914 15
    endloop
  endfacet
  facet normal 0 0 -1
    outer loop
      vertex 2.76673 0.961765 15
      vertex 3.29255 1.05914 15
      vertex 2.80627 0.851271 15
    endloop
  endfacet
  facet normal -0 0 -1
    outer loop
      vertex 3.29255 1.05914 15
      vertex 2.76673 0.961765 15
      vertex 3.19761 1.32449 15
    endloop
  endfacet
  facet normal 0 0 -1
    outer loop
      vertex 2.70931 1.12223 15
      vertex 3.19761 1.32449 15
      vertex 2.76673 0.961765 15
    endloop
  endfacet
  facet normal 0 0 -1
    outer loop
      vertex 2.63645 1.2763 15
      vertex 3.19761 1.32449 15
      vertex 2.70931 1.12223 15
    endloop
  endfacet
  facet normal -0 0 -1
    outer loop
      vertex 3.19761 1.32449 15
      vertex 2.63645 1.2763 15
      vertex 3.07711 1.57926 15
    endloop
  endfacet
  facet normal 0 0 -1
    outer loop
      vertex 2.58627 1.38239 15
      vertex 3.07711 1.57926 15
      vertex 2.63645 1.2763 15
    endloop
  endfacet
  facet normal -0 0 -1
    outer loop
      vertex 3.07711 1.57926 15
      vertex 2.58627 1.38239 15
      vertex 3.05239 1.63153 15
    endloop
  endfacet
  facet normal -0 0 -1
    outer loop
      vertex 3.05239 1.63153 15
      vertex 2.58627 1.38239 15
      vertex 3.02266 1.68113 15
    endloop
  endfacet
  facet normal 0 0 -1
    outer loop
      vertex 2.49865 1.52857 15
      vertex 3.02266 1.68113 15
      vertex 2.58627 1.38239 15
    endloop
  endfacet
  facet normal -0 0 -1
    outer loop
      vertex 3.02266 1.68113 15
      vertex 2.49865 1.52857 15
      vertex 2.87777 1.92287 15
    endloop
  endfacet
  facet normal 0 0 -1
    outer loop
      vertex 2.43832 1.62923 15
      vertex 2.87777 1.92287 15
      vertex 2.49865 1.52857 15
    endloop
  endfacet
  facet normal 0 0 -1
    outer loop
      vertex 2.36841 1.72349 15
      vertex 2.87777 1.92287 15
      vertex 2.43832 1.62923 15
    endloop
  endfacet
  facet normal -0 0 -1
    outer loop
      vertex 2.87777 1.92287 15
      vertex 2.36841 1.72349 15
      vertex 2.70988 2.14923 15
    endloop
  endfacet
  facet normal 0 0 -1
    outer loop
      vertex 2.26688 1.86038 15
      vertex 2.70988 2.14923 15
      vertex 2.36841 1.72349 15
    endloop
  endfacet
  facet normal -0 0 -1
    outer loop
      vertex 2.70988 2.14923 15
      vertex 2.26688 1.86038 15
      vertex 2.67544 2.19568 15
    endloop
  endfacet
  facet normal 0 0 -1
    outer loop
      vertex 2.15243 1.98667 15
      vertex 2.67544 2.19568 15
      vertex 2.26688 1.86038 15
    endloop
  endfacet
  facet normal -0 0 -1
    outer loop
      vertex 2.67544 2.19568 15
      vertex 2.15243 1.98667 15
      vertex 2.48617 2.4045 15
    endloop
  endfacet
  facet normal 0 0 -1
    outer loop
      vertex 2.07362 2.07362 15
      vertex 2.48617 2.4045 15
      vertex 2.15243 1.98667 15
    endloop
  endfacet
  facet normal -0 0 -1
    outer loop
      vertex 2.48617 2.4045 15
      vertex 2.07362 2.07362 15
      vertex 2.44734 2.44734 15
    endloop
  endfacet
  facet normal -0 0 -1
    outer loop
      vertex 2.44734 2.44734 15
      vertex 2.07362 2.07362 15
      vertex 2.4045 2.48617 15
    endloop
  endfacet
  facet normal 0 0 -1
    outer loop
      vertex 1.98667 2.15243 15
      vertex 2.4045 2.48617 15
      vertex 2.07362 2.07362 15
    endloop
  endfacet
  facet normal -0 0 -1
    outer loop
      vertex 2.4045 2.48617 15
      vertex 1.98667 2.15243 15
      vertex 2.19568 2.67544 15
    endloop
  endfacet
  facet normal 0 0 -1
    outer loop
      vertex 1.86038 2.26688 15
      vertex 2.19568 2.67544 15
      vertex 1.98667 2.15243 15
    endloop
  endfacet
  facet normal -0 0 -1
    outer loop
      vertex 2.19568 2.67544 15
      vertex 1.86038 2.26688 15
      vertex 2.14923 2.70988 15
    endloop
  endfacet
  facet normal 0 0 -1
    outer loop
      vertex 1.72349 2.36841 15
      vertex 2.14923 2.70988 15
      vertex 1.86038 2.26688 15
    endloop
  endfacet
  facet normal -0 0 -1
    outer loop
      vertex 2.14923 2.70988 15
      vertex 1.72349 2.36841 15
      vertex 1.92287 2.87777 15
    endloop
  endfacet
  facet normal 0 0 -1
    outer loop
      vertex 1.62923 2.43832 15
      vertex 1.92287 2.87777 15
      vertex 1.72349 2.36841 15
    endloop
  endfacet
  facet normal 0 0 -1
    outer loop
      vertex 1.52857 2.49865 15
      vertex 1.92287 2.87777 15
      vertex 1.62923 2.43832 15
    endloop
  endfacet
  facet normal -0 0 -1
    outer loop
      vertex 1.92287 2.87777 15
      vertex 1.52857 2.49865 15
      vertex 1.68113 3.02266 15
    endloop
  endfacet
  facet normal 0 0 -1
    outer loop
      vertex 1.38239 2.58627 15
      vertex 1.68113 3.02266 15
      vertex 1.52857 2.49865 15
    endloop
  endfacet
  facet normal -0 0 -1
    outer loop
      vertex 1.68113 3.02266 15
      vertex 1.38239 2.58627 15
      vertex 1.63153 3.05239 15
    endloop
  endfacet
  facet normal -0 0 -1
    outer loop
      vertex 1.63153 3.05239 15
      vertex 1.38239 2.58627 15
      vertex 1.57926 3.07711 15
    endloop
  endfacet
  facet normal 0 0 -1
    outer loop
      vertex 1.2763 2.63645 15
      vertex 1.57926 3.07711 15
      vertex 1.38239 2.58627 15
    endloop
  endfacet
  facet normal -0 0 -1
    outer loop
      vertex 1.57926 3.07711 15
      vertex 1.2763 2.63645 15
      vertex 1.32449 3.19761 15
    endloop
  endfacet
  facet normal 0 0 -1
    outer loop
      vertex 1.12223 2.70931 15
      vertex 1.32449 3.19761 15
      vertex 1.2763 2.63645 15
    endloop
  endfacet
  facet normal 0 0 -1
    outer loop
      vertex 0.961765 2.76673 15
      vertex 1.32449 3.19761 15
      vertex 1.12223 2.70931 15
    endloop
  endfacet
  facet normal -0 0 -1
    outer loop
      vertex 1.32449 3.19761 15
      vertex 0.961765 2.76673 15
      vertex 1.05914 3.29255 15
    endloop
  endfacet
  facet normal 0 0 -1
    outer loop
      vertex 0.851271 2.80627 15
      vertex 1.05914 3.29255 15
      vertex 0.961765 2.76673 15
    endloop
  endfacet
  facet normal -0 0 -1
    outer loop
      vertex 1.05914 3.29255 15
      vertex 0.851271 2.80627 15
      vertex 1.00469 3.31203 15
    endloop
  endfacet
  facet normal -0 0 -1
    outer loop
      vertex 1.00469 3.31203 15
      vertex 0.851271 2.80627 15
      vertex 0.948604 3.32608 15
    endloop
  endfacet
  facet normal 0 0 -1
    outer loop
      vertex 0.737434 2.83478 15
      vertex 0.948604 3.32608 15
      vertex 0.851271 2.80627 15
    endloop
  endfacet
  facet normal 0 0 -1
    outer loop
      vertex 0.737434 2.83478 15
      vertex 0.67522 3.39456 15
      vertex 0.948604 3.32608 15
    endloop
  endfacet
  facet normal 0 0 -1
    outer loop
      vertex 0.57211 2.87619 15
      vertex 0.67522 3.39456 15
      vertex 0.737434 2.83478 15
    endloop
  endfacet
  facet normal -0 0 -1
    outer loop
      vertex 0.67522 3.39456 15
      vertex 0.57211 2.87619 15
      vertex 0.618023 3.40305 15
    endloop
  endfacet
  facet normal 0 0 -1
    outer loop
      vertex 0.403523 2.9012 15
      vertex 0.618023 3.40305 15
      vertex 0.57211 2.87619 15
    endloop
  endfacet
  facet normal 0 0 -1
    outer loop
      vertex 0.403523 2.9012 15
      vertex 0.339243 3.4444 15
      vertex 0.618023 3.40305 15
    endloop
  endfacet
  facet normal 0 0 -1
    outer loop
      vertex 0.287439 2.91842 15
      vertex 0.339243 3.4444 15
      vertex 0.403523 2.9012 15
    endloop
  endfacet
  facet normal 0 0 -1
    outer loop
      vertex 0.170226 2.92418 15
      vertex 0.339243 3.4444 15
      vertex 0.287439 2.91842 15
    endloop
  endfacet
  facet normal 0 0 -1
    outer loop
      vertex 0.170226 2.92418 15
      vertex 0.0577527 3.45823 15
      vertex 0.339243 3.4444 15
    endloop
  endfacet
  facet normal 0 0 -1
    outer loop
      vertex 0 2.93254 15
      vertex 0.0577527 3.45823 15
      vertex 0.170226 2.92418 15
    endloop
  endfacet
  facet normal 0 0 -1
    outer loop
      vertex 0 2.93254 15
      vertex 0 3.46107 15
      vertex 0.0577527 3.45823 15
    endloop
  endfacet
  facet normal 0 0 -1
    outer loop
      vertex 0 2.93254 15
      vertex -0.0577527 3.45823 15
      vertex 0 3.46107 15
    endloop
  endfacet
  facet normal 0 0 -1
    outer loop
      vertex -0.170226 2.92418 15
      vertex -0.0577527 3.45823 15
      vertex 0 2.93254 15
    endloop
  endfacet
  facet normal 0 0 -1
    outer loop
      vertex -0.339243 3.4444 15
      vertex -0.170226 2.92418 15
      vertex -0.287439 2.91842 15
    endloop
  endfacet
  facet normal 0 0 -1
    outer loop
      vertex -0.170226 2.92418 15
      vertex -0.339243 3.4444 15
      vertex -0.0577527 3.45823 15
    endloop
  endfacet
  facet normal 0 0 -1
    outer loop
      vertex -0.403523 2.9012 15
      vertex -0.339243 3.4444 15
      vertex -0.287439 2.91842 15
    endloop
  endfacet
  facet normal 0 0 -1
    outer loop
      vertex -0.618023 3.40305 15
      vertex -0.403523 2.9012 15
      vertex -0.57211 2.87619 15
    endloop
  endfacet
  facet normal 0 0 -1
    outer loop
      vertex -0.403523 2.9012 15
      vertex -0.618023 3.40305 15
      vertex -0.339243 3.4444 15
    endloop
  endfacet
  facet normal 0 0 -1
    outer loop
      vertex -0.57211 2.87619 15
      vertex -0.67522 3.39456 15
      vertex -0.618023 3.40305 15
    endloop
  endfacet
  facet normal 0 0 -1
    outer loop
      vertex -0.737434 2.83478 15
      vertex -0.67522 3.39456 15
      vertex -0.57211 2.87619 15
    endloop
  endfacet
  facet normal 0 0 -1
    outer loop
      vertex -0.948604 3.32608 15
      vertex -0.737434 2.83478 15
      vertex -0.851271 2.80627 15
    endloop
  endfacet
  facet normal 0 0 -1
    outer loop
      vertex -0.737434 2.83478 15
      vertex -0.948604 3.32608 15
      vertex -0.67522 3.39456 15
    endloop
  endfacet
  facet normal 0 0 -1
    outer loop
      vertex -1.05914 3.29255 15
      vertex -0.851271 2.80627 15
      vertex -0.961765 2.76673 15
    endloop
  endfacet
  facet normal 0 0 -1
    outer loop
      vertex -0.851271 2.80627 15
      vertex -1.00469 3.31203 15
      vertex -0.948604 3.32608 15
    endloop
  endfacet
  facet normal 0 0 -1
    outer loop
      vertex -0.851271 2.80627 15
      vertex -1.05914 3.29255 15
      vertex -1.00469 3.31203 15
    endloop
  endfacet
  facet normal 0 0 -1
    outer loop
      vertex -1.32449 3.19761 15
      vertex -0.961765 2.76673 15
      vertex -1.12223 2.70931 15
    endloop
  endfacet
  facet normal 0 0 -1
    outer loop
      vertex -1.32449 3.19761 15
      vertex -1.12223 2.70931 15
      vertex -1.2763 2.63645 15
    endloop
  endfacet
  facet normal 0 0 -1
    outer loop
      vertex -0.961765 2.76673 15
      vertex -1.32449 3.19761 15
      vertex -1.05914 3.29255 15
    endloop
  endfacet
  facet normal 0 0 -1
    outer loop
      vertex -1.57926 3.07711 15
      vertex -1.2763 2.63645 15
      vertex -1.38239 2.58627 15
    endloop
  endfacet
  facet normal 0 0 -1
    outer loop
      vertex -1.68113 3.02266 15
      vertex -1.38239 2.58627 15
      vertex -1.52857 2.49865 15
    endloop
  endfacet
  facet normal 0 0 -1
    outer loop
      vertex -1.2763 2.63645 15
      vertex -1.57926 3.07711 15
      vertex -1.32449 3.19761 15
    endloop
  endfacet
  facet normal 0 0 -1
    outer loop
      vertex -1.92287 2.87777 15
      vertex -1.52857 2.49865 15
      vertex -1.62923 2.43832 15
    endloop
  endfacet
  facet normal 0 0 -1
    outer loop
      vertex -1.38239 2.58627 15
      vertex -1.63153 3.05239 15
      vertex -1.57926 3.07711 15
    endloop
  endfacet
  facet normal 0 0 -1
    outer loop
      vertex -1.38239 2.58627 15
      vertex -1.68113 3.02266 15
      vertex -1.63153 3.05239 15
    endloop
  endfacet
  facet normal 0 0 -1
    outer loop
      vertex -1.92287 2.87777 15
      vertex -1.62923 2.43832 15
      vertex -1.72349 2.36841 15
    endloop
  endfacet
  facet normal 0 0 -1
    outer loop
      vertex -2.14923 2.70988 15
      vertex -1.72349 2.36841 15
      vertex -1.86038 2.26688 15
    endloop
  endfacet
  facet normal 0 0 -1
    outer loop
      vertex -1.52857 2.49865 15
      vertex -1.92287 2.87777 15
      vertex -1.68113 3.02266 15
    endloop
  endfacet
  facet normal 0 0 -1
    outer loop
      vertex -2.19568 2.67544 15
      vertex -1.86038 2.26688 15
      vertex -1.98667 2.15243 15
    endloop
  endfacet
  facet normal 0 0 -1
    outer loop
      vertex -2.4045 2.48617 15
      vertex -1.98667 2.15243 15
      vertex -2.07362 2.07362 15
    endloop
  endfacet
  facet normal 0 0 -1
    outer loop
      vertex -1.72349 2.36841 15
      vertex -2.14923 2.70988 15
      vertex -1.92287 2.87777 15
    endloop
  endfacet
  facet normal 0 0 -1
    outer loop
      vertex -2.48617 2.4045 15
      vertex -2.07362 2.07362 15
      vertex -2.15243 1.98667 15
    endloop
  endfacet
  facet normal 0 0 -1
    outer loop
      vertex -1.86038 2.26688 15
      vertex -2.19568 2.67544 15
      vertex -2.14923 2.70988 15
    endloop
  endfacet
  facet normal 0 0 -1
    outer loop
      vertex -2.67544 2.19568 15
      vertex -2.15243 1.98667 15
      vertex -2.26688 1.86038 15
    endloop
  endfacet
  facet normal 0 0 -1
    outer loop
      vertex -2.70988 2.14923 15
      vertex -2.26688 1.86038 15
      vertex -2.36841 1.72349 15
    endloop
  endfacet
  facet normal 0 0 -1
    outer loop
      vertex -1.98667 2.15243 15
      vertex -2.4045 2.48617 15
      vertex -2.19568 2.67544 15
    endloop
  endfacet
  facet normal 0 0 -1
    outer loop
      vertex -2.87777 1.92287 15
      vertex -2.36841 1.72349 15
      vertex -2.43832 1.62923 15
    endloop
  endfacet
  facet normal 0 0 -1
    outer loop
      vertex -2.07362 2.07362 15
      vertex -2.44734 2.44734 15
      vertex -2.4045 2.48617 15
    endloop
  endfacet
  facet normal 0 0 -1
    outer loop
      vertex -2.07362 2.07362 15
      vertex -2.48617 2.4045 15
      vertex -2.44734 2.44734 15
    endloop
  endfacet
  facet normal 0 0 -1
    outer loop
      vertex -2.87777 1.92287 15
      vertex -2.43832 1.62923 15
      vertex -2.49865 1.52857 15
    endloop
  endfacet
  facet normal 0 0 -1
    outer loop
      vertex -3.02266 1.68113 15
      vertex -2.49865 1.52857 15
      vertex -2.58627 1.38239 15
    endloop
  endfacet
  facet normal 0 0 -1
    outer loop
      vertex -3.07711 1.57926 15
      vertex -2.58627 1.38239 15
      vertex -2.63645 1.2763 15
    endloop
  endfacet
  facet normal 0 0 -1
    outer loop
      vertex -2.15243 1.98667 15
      vertex -2.67544 2.19568 15
      vertex -2.48617 2.4045 15
    endloop
  endfacet
  facet normal 0 0 -1
    outer loop
      vertex -3.19761 1.32449 15
      vertex -2.63645 1.2763 15
      vertex -2.70931 1.12223 15
    endloop
  endfacet
  facet normal 0 0 -1
    outer loop
      vertex -2.26688 1.86038 15
      vertex -2.70988 2.14923 15
      vertex -2.67544 2.19568 15
    endloop
  endfacet
  facet normal 0 0 -1
    outer loop
      vertex -3.19761 1.32449 15
      vertex -2.70931 1.12223 15
      vertex -2.76673 0.961765 15
    endloop
  endfacet
  facet normal 0 0 -1
    outer loop
      vertex -3.29255 1.05914 15
      vertex -2.76673 0.961765 15
      vertex -2.80627 0.851271 15
    endloop
  endfacet
  facet normal 0 0 -1
    outer loop
      vertex -3.32608 0.948604 15
      vertex -2.80627 0.851271 15
      vertex -2.83478 0.737434 15
    endloop
  endfacet
  facet normal 0 0 -1
    outer loop
      vertex -3.39456 0.67522 15
      vertex -2.83478 0.737434 15
      vertex -2.87619 0.57211 15
    endloop
  endfacet
  facet normal 0 0 -1
    outer loop
      vertex -2.36841 1.72349 15
      vertex -2.87777 1.92287 15
      vertex -2.70988 2.14923 15
    endloop
  endfacet
  facet normal 0 0 -1
    outer loop
      vertex -3.40305 0.618023 15
      vertex -2.87619 0.57211 15
      vertex -2.9012 0.403523 15
    endloop
  endfacet
  facet normal 0 0 -1
    outer loop
      vertex -3.4444 0.339243 15
      vertex -2.9012 0.403523 15
      vertex -2.91842 0.287439 15
    endloop
  endfacet
  facet normal 0 0 -1
    outer loop
      vertex -3.4444 0.339243 15
      vertex -2.91842 0.287439 15
      vertex -2.92418 0.170226 15
    endloop
  endfacet
  facet normal 0 0 -1
    outer loop
      vertex -3.45823 0.0577527 15
      vertex -2.92418 0.170226 15
      vertex -2.93254 0 15
    endloop
  endfacet
  facet normal 0 0 -1
    outer loop
      vertex -3.39456 -0.67522 15
      vertex -2.83478 -0.737434 15
      vertex -3.32608 -0.948604 15
    endloop
  endfacet
  facet normal 0 0 -1
    outer loop
      vertex -2.49865 1.52857 15
      vertex -3.02266 1.68113 15
      vertex -2.87777 1.92287 15
    endloop
  endfacet
  facet normal -0 0 -1
    outer loop
      vertex -2.63645 -1.2763 15
      vertex -3.19761 -1.32449 15
      vertex -2.70931 -1.12223 15
    endloop
  endfacet
  facet normal 0 0 -1
    outer loop
      vertex -3.40305 -0.618023 15
      vertex -2.87619 -0.57211 15
      vertex -3.39456 -0.67522 15
    endloop
  endfacet
  facet normal 0 0 -1
    outer loop
      vertex -2.58627 1.38239 15
      vertex -3.07711 1.57926 15
      vertex -3.05239 1.63153 15
    endloop
  endfacet
  facet normal 0 0 -1
    outer loop
      vertex -2.58627 1.38239 15
      vertex -3.05239 1.63153 15
      vertex -3.02266 1.68113 15
    endloop
  endfacet
  facet normal -0 0 -1
    outer loop
      vertex -2.87619 -0.57211 15
      vertex -3.40305 -0.618023 15
      vertex -2.9012 -0.403523 15
    endloop
  endfacet
  facet normal 0 0 -1
    outer loop
      vertex -3.4444 -0.339243 15
      vertex -2.9012 -0.403523 15
      vertex -3.40305 -0.618023 15
    endloop
  endfacet
  facet normal 0 0 -1
    outer loop
      vertex -2.76673 0.961765 15
      vertex -3.29255 1.05914 15
      vertex -3.19761 1.32449 15
    endloop
  endfacet
  facet normal 0 0 -1
    outer loop
      vertex -2.63645 1.2763 15
      vertex -3.19761 1.32449 15
      vertex -3.07711 1.57926 15
    endloop
  endfacet
  facet normal 0 0 -1
    outer loop
      vertex -2.83478 -0.737434 15
      vertex -3.39456 -0.67522 15
      vertex -2.87619 -0.57211 15
    endloop
  endfacet
  facet normal 0 0 -1
    outer loop
      vertex -2.9012 -0.403523 15
      vertex -3.4444 -0.339243 15
      vertex -2.91842 -0.287439 15
    endloop
  endfacet
  facet normal 0 0 -1
    outer loop
      vertex -2.80627 0.851271 15
      vertex -3.32608 0.948604 15
      vertex -3.31203 1.00469 15
    endloop
  endfacet
  facet normal 0 0 -1
    outer loop
      vertex -2.80627 0.851271 15
      vertex -3.31203 1.00469 15
      vertex -3.29255 1.05914 15
    endloop
  endfacet
  facet normal -0 0 -1
    outer loop
      vertex -2.91842 -0.287439 15
      vertex -3.4444 -0.339243 15
      vertex -2.92418 -0.170226 15
    endloop
  endfacet
  facet normal 0 0 -1
    outer loop
      vertex -3.45823 -0.0577527 15
      vertex -2.92418 -0.170226 15
      vertex -3.4444 -0.339243 15
    endloop
  endfacet
  facet normal 0 0 -1
    outer loop
      vertex -2.87619 0.57211 15
      vertex -3.40305 0.618023 15
      vertex -3.39456 0.67522 15
    endloop
  endfacet
  facet normal -0 0 -1
    outer loop
      vertex -2.83478 0.737434 15
      vertex -3.39456 0.67522 15
      vertex -3.32608 0.948604 15
    endloop
  endfacet
  facet normal 0 0 -1
    outer loop
      vertex -2.92418 -0.170226 15
      vertex -3.45823 -0.0577527 15
      vertex -2.93254 0 15
    endloop
  endfacet
  facet normal 0 0 -1
    outer loop
      vertex -3.46107 0 15
      vertex -2.93254 0 15
      vertex -3.45823 -0.0577527 15
    endloop
  endfacet
  facet normal -0 0 -1
    outer loop
      vertex -2.92418 0.170226 15
      vertex -3.45823 0.0577527 15
      vertex -3.4444 0.339243 15
    endloop
  endfacet
  facet normal -0 0 -1
    outer loop
      vertex -2.9012 0.403523 15
      vertex -3.4444 0.339243 15
      vertex -3.40305 0.618023 15
    endloop
  endfacet
  facet normal 0 0 -1
    outer loop
      vertex -2.93254 0 15
      vertex -3.46107 0 15
      vertex -3.45823 0.0577527 15
    endloop
  endfacet
  facet normal 0.098017 0.00481446 -0.995173
    outer loop
      vertex -0.205091 -0.0201998 16.1949
      vertex -0.6133 -0.0604048 16.1545
      vertex -0.616267 0 16.1545
    endloop
  endfacet
  facet normal 0.290153 0.0142683 -0.956874
    outer loop
      vertex -1.02052 0 16.0741
      vertex -1.40812 -0.138688 15.9545
      vertex -1.41494 0 15.9545
    endloop
  endfacet
  facet normal 0.167508 -0.100401 -0.980745
    outer loop
      vertex -0.848528 0.566968 16.0741
      vertex -0.512407 0.34238 16.1545
      vertex -0.900015 0.481068 16.0741
    endloop
  endfacet
  facet normal 0.19318 0.0286558 -0.980745
    outer loop
      vertex -0.6133 -0.0604048 16.1545
      vertex -0.604426 -0.120228 16.1545
      vertex -1.0156 -0.100028 16.0741
    endloop
  endfacet
  facet normal -0.47128 -0.0231586 -0.881679
    outer loop
      vertex 2.14883 0.211641 15.6025
      vertex 2.15923 0 15.6025
      vertex 1.79573 0 15.7968
    endloop
  endfacet
  facet normal -0.271454 0.573919 -0.772612
    outer loop
      vertex 1.1794 -2.20651 15.3735
      vertex 1.3296 -2.4875 15.112
      vertex 1.07938 -2.60585 15.112
    endloop
  endfacet
  facet normal -0.257218 -0.283792 -0.923743
    outer loop
      vertex 1.1392 1.38812 15.7968
      vertex 1.00051 1.00051 15.9545
      vertex 0.897626 1.09376 15.9545
    endloop
  endfacet
  facet normal 0.371534 -0.0930661 -0.923743
    outer loop
      vertex -1.71841 0.521273 15.7968
      vertex -1.38775 0.27604 15.9545
      vertex -1.76123 0.350329 15.7968
    endloop
  endfacet
  facet normal -0.550036 0.0815853 -0.831147
    outer loop
      vertex 2.14883 -0.211641 15.6025
      vertex 2.45386 -0.488103 15.3735
      vertex 2.11774 -0.421245 15.6025
    endloop
  endfacet
  facet normal 0.281072 0.379009 -0.881675
    outer loop
      vertex -0.997654 -1.4931 15.7968
      vertex -1.1996 -1.79533 15.6025
      vertex -1.3698 -1.66911 15.6025
    endloop
  endfacet
  facet normal -0.568305 -0.421496 -0.706661
    outer loop
      vertex 2.36841 1.72349 15
      vertex 2.43832 1.62923 15
      vertex 2.3452 1.56701 15.112
    endloop
  endfacet
  facet normal 0.262613 -0.124206 -0.956874
    outer loop
      vertex -0.900015 0.481068 16.0741
      vertex -0.942834 0.390534 16.0741
      vertex -1.24786 0.666996 15.9545
    endloop
  endfacet
  facet normal -0.0504515 0.0841734 -0.995173
    outer loop
      vertex 0.34238 -0.512407 16.1545
      vertex 0.290506 -0.543499 16.1545
      vertex 0.114493 -0.171352 16.1949
    endloop
  endfacet
  facet normal 0.135115 0.539396 -0.831141
    outer loop
      vertex -0.626791 -2.06626 15.6025
      vertex -0.488103 -2.45386 15.3735
      vertex -0.726274 -2.3942 15.3735
    endloop
  endfacet
  facet normal -0.444265 -0.158965 -0.88168
    outer loop
      vertex 1.99487 0.826302 15.6025
      vertex 1.71841 0.521273 15.7968
      vertex 1.65904 0.687196 15.7968
    endloop
  endfacet
  facet normal 0.3025 -0.639667 -0.706626
    outer loop
      vertex -1.07938 2.60585 15.112
      vertex -1.2763 2.63645 15
      vertex -1.12223 2.70931 15
    endloop
  endfacet
  facet normal 0.302528 -0.639615 -0.706661
    outer loop
      vertex -1.2763 2.63645 15
      vertex -1.07938 2.60585 15.112
      vertex -1.3296 2.4875 15.112
    endloop
  endfacet
  facet normal -0.0504524 -0.084173 -0.995173
    outer loop
      vertex 0.290506 0.543499 16.1545
      vertex 0.114493 0.171352 16.1949
      vertex 0.097147 0.181749 16.1949
    endloop
  endfacet
  facet normal -0.524257 -0.475178 -0.706654
    outer loop
      vertex 2.07362 2.07362 15
      vertex 2.15243 1.98667 15
      vertex 1.99443 1.99443 15.112
    endloop
  endfacet
  facet normal 0.0705948 0.281796 -0.956874
    outer loop
      vertex -0.199093 -1.00091 16.0741
      vertex -0.27604 -1.38775 15.9545
      vertex -0.29624 -0.976573 16.0741
    endloop
  endfacet
  facet normal 0.00481355 -0.098017 -0.995173
    outer loop
      vertex 0 0.616267 16.1545
      vertex 0 0.206083 16.1949
      vertex -0.0201998 0.205091 16.1949
    endloop
  endfacet
  facet normal -0.470429 -0.426341 -0.772613
    outer loop
      vertex 2.18031 1.78934 15.112
      vertex 1.93402 1.58721 15.3735
      vertex 1.76914 1.76914 15.3735
    endloop
  endfacet
  facet normal 0.0815853 -0.550036 -0.831147
    outer loop
      vertex -0.211641 2.14883 15.6025
      vertex -0.421245 2.11774 15.6025
      vertex -0.488103 2.45386 15.3735
    endloop
  endfacet
  facet normal 0.555378 0.0272912 -0.83115
    outer loop
      vertex -2.15923 0 15.6025
      vertex -2.14883 -0.211641 15.6025
      vertex -2.50194 0 15.3735
    endloop
  endfacet
  facet normal 0.271457 0.573919 -0.772611
    outer loop
      vertex -0.957449 -2.31149 15.3735
      vertex -1.07938 -2.60585 15.112
      vertex -1.1794 -2.20651 15.3735
    endloop
  endfacet
  facet normal 0.0272895 0.555377 -0.831151
    outer loop
      vertex -0.211641 -2.14883 15.6025
      vertex 0 -2.50194 15.3735
      vertex -0.245233 -2.48989 15.3735
    endloop
  endfacet
  facet normal -0.373414 0.412015 -0.831148
    outer loop
      vertex 1.52681 -1.52681 15.6025
      vertex 1.76914 -1.76914 15.3735
      vertex 1.3698 -1.66911 15.6025
    endloop
  endfacet
  facet normal -0.00958087 0.195056 -0.980745
    outer loop
      vertex 0 -0.616267 16.1545
      vertex 0.0604048 -0.6133 16.1545
      vertex 0 -1.02052 16.0741
    endloop
  endfacet
  facet normal -0.32853 0.196897 -0.923742
    outer loop
      vertex 1.58369 -0.846501 15.7968
      vertex 1.4931 -0.997654 15.7968
      vertex 1.17648 -0.786097 15.9545
    endloop
  endfacet
  facet normal -0.597766 0.213869 -0.772616
    outer loop
      vertex 2.3942 -0.726274 15.3735
      vertex 2.6991 -0.818761 15.112
      vertex 2.31149 -0.957449 15.3735
    endloop
  endfacet
  facet normal -0.103825 -0.699908 -0.706647
    outer loop
      vertex 0.287439 2.91842 15
      vertex 0.403523 2.9012 15
      vertex 0.276462 2.80697 15.112
    endloop
  endfacet
  facet normal -0.378869 -0.0561882 -0.923743
    outer loop
      vertex 1.76123 0.350329 15.7968
      vertex 1.40812 0.138688 15.9545
      vertex 1.38775 0.27604 15.9545
    endloop
  endfacet
  facet normal 0.195058 0.00959416 -0.980745
    outer loop
      vertex -0.6133 -0.0604048 16.1545
      vertex -1.0156 -0.100028 16.0741
      vertex -1.02052 0 16.0741
    endloop
  endfacet
  facet normal 0.290152 0.0142715 -0.956874
    outer loop
      vertex -1.02052 0 16.0741
      vertex -1.0156 -0.100028 16.0741
      vertex -1.40812 -0.138688 15.9545
    endloop
  endfacet
  facet normal -0.568317 0.421515 -0.70664
    outer loop
      vertex 2.18031 -1.78934 15.112
      vertex 2.36841 -1.72349 15
      vertex 2.26688 -1.86038 15
    endloop
  endfacet
  facet normal -0.568317 0.42149 -0.706655
    outer loop
      vertex 2.36841 -1.72349 15
      vertex 2.18031 -1.78934 15.112
      vertex 2.3452 -1.56701 15.112
    endloop
  endfacet
  facet normal -0.19318 -0.0286558 -0.980745
    outer loop
      vertex 1.0156 0.100028 16.0741
      vertex 0.6133 0.0604048 16.1545
      vertex 0.604426 0.120228 16.1545
    endloop
  endfacet
  facet normal 0.371534 0.0930661 -0.923743
    outer loop
      vertex -1.38775 -0.27604 15.9545
      vertex -1.71841 -0.521273 15.7968
      vertex -1.76123 -0.350329 15.7968
    endloop
  endfacet
  facet normal -0.568305 0.421496 -0.706661
    outer loop
      vertex 2.43832 -1.62923 15
      vertex 2.36841 -1.72349 15
      vertex 2.3452 -1.56701 15.112
    endloop
  endfacet
  facet normal -0.471279 0.0231607 -0.88168
    outer loop
      vertex 1.79573 0 15.7968
      vertex 2.14883 -0.211641 15.6025
      vertex 1.78708 -0.176012 15.7968
    endloop
  endfacet
  facet normal -0.196897 -0.32853 -0.923742
    outer loop
      vertex 0.846501 1.58369 15.7968
      vertex 0.997654 1.4931 15.7968
      vertex 0.786097 1.17648 15.9545
    endloop
  endfacet
  facet normal -0.47694 0.28587 -0.831147
    outer loop
      vertex 2.20651 -1.1794 15.3735
      vertex 2.08028 -1.39 15.3735
      vertex 1.90427 -1.01785 15.6025
    endloop
  endfacet
  facet normal -0.544552 0.326395 -0.772612
    outer loop
      vertex 2.20651 -1.1794 15.3735
      vertex 2.3452 -1.56701 15.112
      vertex 2.08028 -1.39 15.3735
    endloop
  endfacet
  facet normal -0.378871 0.056184 -0.923742
    outer loop
      vertex 1.78708 -0.176012 15.7968
      vertex 1.76123 -0.350329 15.7968
      vertex 1.40812 -0.138688 15.9545
    endloop
  endfacet
  facet normal -0.37341 -0.412024 -0.831145
    outer loop
      vertex 1.58721 1.93402 15.3735
      vertex 1.76914 1.76914 15.3735
      vertex 1.3698 1.66911 15.6025
    endloop
  endfacet
  facet normal -0.686355 -0.171917 -0.706655
    outer loop
      vertex 2.76635 0.550261 15.112
      vertex 2.83478 0.737434 15
      vertex 2.87619 0.57211 15
    endloop
  endfacet
  facet normal -0.686363 -0.17191 -0.706649
    outer loop
      vertex 2.83478 0.737434 15
      vertex 2.76635 0.550261 15.112
      vertex 2.6991 0.818761 15.112
    endloop
  endfacet
  facet normal 0.444265 -0.158965 -0.88168
    outer loop
      vertex -1.65904 0.687196 15.7968
      vertex -1.71841 0.521273 15.7968
      vertex -1.99487 0.826302 15.6025
    endloop
  endfacet
  facet normal -0.114637 0.457716 -0.881677
    outer loop
      vertex 0.626791 -2.06626 15.6025
      vertex 0.421245 -2.11774 15.6025
      vertex 0.350329 -1.76123 15.7968
    endloop
  endfacet
  facet normal 0.457705 0.114651 -0.881681
    outer loop
      vertex -1.76123 -0.350329 15.7968
      vertex -1.71841 -0.521273 15.7968
      vertex -2.06626 -0.626791 15.6025
    endloop
  endfacet
  facet normal 0.382557 0.0188123 -0.92374
    outer loop
      vertex -1.41494 0 15.9545
      vertex -1.40812 -0.138688 15.9545
      vertex -1.79573 0 15.7968
    endloop
  endfacet
  facet normal 0.634114 -0.0311584 -0.772612
    outer loop
      vertex -2.48989 0.245233 15.3735
      vertex -2.50194 0 15.3735
      vertex -2.80697 0.276462 15.112
    endloop
  endfacet
  facet normal 0.524257 0.475178 -0.706654
    outer loop
      vertex -1.99443 -1.99443 15.112
      vertex -2.07362 -2.07362 15
      vertex -2.15243 -1.98667 15
    endloop
  endfacet
  facet normal 0.0347139 -0.706707 -0.706654
    outer loop
      vertex -0.170226 2.92418 15
      vertex 0 2.82055 15.112
      vertex -0.276462 2.80697 15.112
    endloop
  endfacet
  facet normal 0.0347075 -0.706712 -0.706649
    outer loop
      vertex 0 2.82055 15.112
      vertex -0.170226 2.92418 15
      vertex 0 2.93254 15
    endloop
  endfacet
  facet normal 0.466748 0.0692314 -0.881677
    outer loop
      vertex -1.76123 -0.350329 15.7968
      vertex -2.11774 -0.421245 15.6025
      vertex -2.14883 -0.211641 15.6025
    endloop
  endfacet
  facet normal 0.699908 0.103825 -0.706647
    outer loop
      vertex -2.80697 -0.276462 15.112
      vertex -2.9012 -0.403523 15
      vertex -2.91842 -0.287439 15
    endloop
  endfacet
  facet normal 0.154249 0.615851 -0.772616
    outer loop
      vertex -0.726274 -2.3942 15.3735
      vertex -0.550261 -2.76635 15.112
      vertex -0.818761 -2.6991 15.112
    endloop
  endfacet
  facet normal -0.524304 0.475149 -0.706639
    outer loop
      vertex 2.15243 -1.98667 15
      vertex 2.18031 -1.78934 15.112
      vertex 2.26688 -1.86038 15
    endloop
  endfacet
  facet normal -0.524263 0.475157 -0.706664
    outer loop
      vertex 2.18031 -1.78934 15.112
      vertex 2.15243 -1.98667 15
      vertex 1.99443 -1.99443 15.112
    endloop
  endfacet
  facet normal 0.371533 0.0930668 -0.923743
    outer loop
      vertex -1.38775 -0.27604 15.9545
      vertex -1.35401 -0.410734 15.9545
      vertex -1.71841 -0.521273 15.7968
    endloop
  endfacet
  facet normal 0.0419575 -0.0887133 -0.995173
    outer loop
      vertex -0.0788641 0.190396 16.1949
      vertex -0.097147 0.181749 16.1949
      vertex -0.235835 0.569357 16.1545
    endloop
  endfacet
  facet normal 0.237753 0.50266 -0.831148
    outer loop
      vertex -0.826302 -1.99487 15.6025
      vertex -0.957449 -2.31149 15.3735
      vertex -1.01785 -1.90427 15.6025
    endloop
  endfacet
  facet normal 0.606894 -0.363763 -0.706651
    outer loop
      vertex -2.4875 1.3296 15.112
      vertex -2.49865 1.52857 15
      vertex -2.3452 1.56701 15.112
    endloop
  endfacet
  facet normal 0.606887 -0.363767 -0.706656
    outer loop
      vertex -2.49865 1.52857 15
      vertex -2.4875 1.3296 15.112
      vertex -2.58627 1.38239 15
    endloop
  endfacet
  facet normal 0.457716 0.114637 -0.881677
    outer loop
      vertex -1.76123 -0.350329 15.7968
      vertex -2.06626 -0.626791 15.6025
      vertex -2.11774 -0.421245 15.6025
    endloop
  endfacet
  facet normal 0.421496 -0.568305 -0.706661
    outer loop
      vertex -1.62923 2.43832 15
      vertex -1.56701 2.3452 15.112
      vertex -1.72349 2.36841 15
    endloop
  endfacet
  facet normal 0.699901 -0.103835 -0.706652
    outer loop
      vertex -2.9012 0.403523 15
      vertex -2.76635 0.550261 15.112
      vertex -2.80697 0.276462 15.112
    endloop
  endfacet
  facet normal 0.699898 -0.10383 -0.706655
    outer loop
      vertex -2.76635 0.550261 15.112
      vertex -2.9012 0.403523 15
      vertex -2.87619 0.57211 15
    endloop
  endfacet
  facet normal -0.154249 0.615851 -0.772616
    outer loop
      vertex 0.726274 -2.3942 15.3735
      vertex 0.818761 -2.6991 15.112
      vertex 0.550261 -2.76635 15.112
    endloop
  endfacet
  facet normal -0.63412 0.0311484 -0.772607
    outer loop
      vertex 2.82055 0 15.112
      vertex 2.80697 -0.276462 15.112
      vertex 2.50194 0 15.3735
    endloop
  endfacet
  facet normal -0.639616 0.302535 -0.706657
    outer loop
      vertex 2.63645 -1.2763 15
      vertex 2.58627 -1.38239 15
      vertex 2.4875 -1.3296 15.112
    endloop
  endfacet
  facet normal -0.50266 0.237752 -0.831148
    outer loop
      vertex 2.31149 -0.957449 15.3735
      vertex 2.20651 -1.1794 15.3735
      vertex 1.90427 -1.01785 15.6025
    endloop
  endfacet
  facet normal -0.0923988 -0.0330605 -0.995173
    outer loop
      vertex 0.569357 0.235835 16.1545
      vertex 0.589731 0.178893 16.1545
      vertex 0.19721 0.059823 16.1949
    endloop
  endfacet
  facet normal -0.097073 -0.0143995 -0.995173
    outer loop
      vertex 0.604426 0.120228 16.1545
      vertex 0.6133 0.0604048 16.1545
      vertex 0.205091 0.0201998 16.1949
    endloop
  endfacet
  facet normal -0.195092 0.215247 -0.956874
    outer loop
      vertex 1.00051 -1.00051 15.9545
      vertex 0.897626 -1.09376 15.9545
      vertex 0.647408 -0.78887 16.0741
    endloop
  endfacet
  facet normal -0.699898 0.10383 -0.706655
    outer loop
      vertex 2.76635 -0.550261 15.112
      vertex 2.9012 -0.403523 15
      vertex 2.87619 -0.57211 15
    endloop
  endfacet
  facet normal -0.699901 0.103835 -0.706652
    outer loop
      vertex 2.9012 -0.403523 15
      vertex 2.76635 -0.550261 15.112
      vertex 2.80697 -0.276462 15.112
    endloop
  endfacet
  facet normal -0.412024 0.37341 -0.831145
    outer loop
      vertex 1.93402 -1.58721 15.3735
      vertex 1.76914 -1.76914 15.3735
      vertex 1.66911 -1.3698 15.6025
    endloop
  endfacet
  facet normal -0.606887 0.363767 -0.706656
    outer loop
      vertex 2.49865 -1.52857 15
      vertex 2.4875 -1.3296 15.112
      vertex 2.58627 -1.38239 15
    endloop
  endfacet
  facet normal -0.606894 0.363763 -0.706651
    outer loop
      vertex 2.4875 -1.3296 15.112
      vertex 2.49865 -1.52857 15
      vertex 2.3452 -1.56701 15.112
    endloop
  endfacet
  facet normal -0.628008 -0.0931694 -0.77261
    outer loop
      vertex 2.76635 0.550261 15.112
      vertex 2.80697 0.276462 15.112
      vertex 2.45386 0.488103 15.3735
    endloop
  endfacet
  facet normal -0.66621 -0.238371 -0.706642
    outer loop
      vertex 2.60585 1.07938 15.112
      vertex 2.76673 0.961765 15
      vertex 2.6991 0.818761 15.112
    endloop
  endfacet
  facet normal -0.666218 -0.238396 -0.706627
    outer loop
      vertex 2.76673 0.961765 15
      vertex 2.60585 1.07938 15.112
      vertex 2.70931 1.12223 15
    endloop
  endfacet
  facet normal -0.52356 0.18732 -0.831142
    outer loop
      vertex 2.3942 -0.726274 15.3735
      vertex 2.31149 -0.957449 15.3735
      vertex 2.06626 -0.626791 15.6025
    endloop
  endfacet
  facet normal -0.615851 0.154249 -0.772616
    outer loop
      vertex 2.76635 -0.550261 15.112
      vertex 2.6991 -0.818761 15.112
      vertex 2.3942 -0.726274 15.3735
    endloop
  endfacet
  facet normal -0.573919 0.271457 -0.772611
    outer loop
      vertex 2.31149 -0.957449 15.3735
      vertex 2.60585 -1.07938 15.112
      vertex 2.20651 -1.1794 15.3735
    endloop
  endfacet
  facet normal -0.475178 -0.524257 -0.706654
    outer loop
      vertex 2.07362 2.07362 15
      vertex 1.99443 1.99443 15.112
      vertex 1.98667 2.15243 15
    endloop
  endfacet
  facet normal 0.0923988 -0.0330605 -0.995173
    outer loop
      vertex -0.569357 0.235835 16.1545
      vertex -0.19721 0.059823 16.1949
      vertex -0.589731 0.178893 16.1545
    endloop
  endfacet
  facet normal 0.0504515 0.0841734 -0.995173
    outer loop
      vertex -0.114493 -0.171352 16.1949
      vertex -0.290506 -0.543499 16.1545
      vertex -0.34238 -0.512407 16.1545
    endloop
  endfacet
  facet normal -0.173058 -0.23333 -0.956874
    outer loop
      vertex 0.786097 1.17648 15.9545
      vertex 0.897626 1.09376 15.9545
      vertex 0.647408 0.78887 16.0741
    endloop
  endfacet
  facet normal 0.0311484 -0.63412 -0.772607
    outer loop
      vertex 0 2.82055 15.112
      vertex 0 2.50194 15.3735
      vertex -0.276462 2.80697 15.112
    endloop
  endfacet
  facet normal 0.163764 -0.34624 -0.923742
    outer loop
      vertex -0.541472 1.30723 15.9545
      vertex -0.666996 1.24786 15.9545
      vertex -0.846501 1.58369 15.7968
    endloop
  endfacet
  facet normal -0.36374 -0.606896 -0.706661
    outer loop
      vertex 1.62923 2.43832 15
      vertex 1.56701 2.3452 15.112
      vertex 1.52857 2.49865 15
    endloop
  endfacet
  facet normal 0.249179 0.149339 -0.956874
    outer loop
      vertex -0.900015 -0.481068 16.0741
      vertex -1.17648 -0.786097 15.9545
      vertex -1.24786 -0.666996 15.9545
    endloop
  endfacet
  facet normal 0.378869 0.0561882 -0.923743
    outer loop
      vertex -1.40812 -0.138688 15.9545
      vertex -1.38775 -0.27604 15.9545
      vertex -1.76123 -0.350329 15.7968
    endloop
  endfacet
  facet normal 0.444262 0.158968 -0.88168
    outer loop
      vertex -1.71841 -0.521273 15.7968
      vertex -1.99487 -0.826302 15.6025
      vertex -2.06626 -0.626791 15.6025
    endloop
  endfacet
  facet normal 0.281796 0.0705881 -0.956874
    outer loop
      vertex -0.976573 -0.29624 16.0741
      vertex -1.35401 -0.410734 15.9545
      vertex -1.38775 -0.27604 15.9545
    endloop
  endfacet
  facet normal 0.457716 -0.114637 -0.881677
    outer loop
      vertex -2.06626 0.626791 15.6025
      vertex -1.76123 0.350329 15.7968
      vertex -2.11774 0.421245 15.6025
    endloop
  endfacet
  facet normal 0.509941 0.378196 -0.772611
    outer loop
      vertex -2.08028 -1.39 15.3735
      vertex -1.93402 -1.58721 15.3735
      vertex -2.3452 -1.56701 15.112
    endloop
  endfacet
  facet normal 0.307633 -0.228168 -0.923743
    outer loop
      vertex -1.09376 0.897626 15.9545
      vertex -1.17648 0.786097 15.9545
      vertex -1.38812 1.1392 15.7968
    endloop
  endfacet
  facet normal 0.183877 -0.0657924 -0.980745
    outer loop
      vertex -0.942834 0.390534 16.0741
      vertex -0.589731 0.178893 16.1545
      vertex -0.976573 0.29624 16.0741
    endloop
  endfacet
  facet normal -0.0474529 0.18944 -0.980745
    outer loop
      vertex 0.178893 -0.589731 16.1545
      vertex 0.29624 -0.976573 16.0741
      vertex 0.120228 -0.604426 16.1545
    endloop
  endfacet
  facet normal -0.271457 -0.573919 -0.772611
    outer loop
      vertex 1.07938 2.60585 15.112
      vertex 1.1794 2.20651 15.3735
      vertex 0.957449 2.31149 15.3735
    endloop
  endfacet
  facet normal 0.373414 -0.412015 -0.831148
    outer loop
      vertex -1.3698 1.66911 15.6025
      vertex -1.52681 1.52681 15.6025
      vertex -1.76914 1.76914 15.3735
    endloop
  endfacet
  facet normal 0.50266 0.237753 -0.831148
    outer loop
      vertex -1.99487 -0.826302 15.6025
      vertex -1.90427 -1.01785 15.6025
      vertex -2.31149 -0.957449 15.3735
    endloop
  endfacet
  facet normal 0.201749 0.426542 -0.88168
    outer loop
      vertex -0.846501 -1.58369 15.7968
      vertex -0.826302 -1.99487 15.6025
      vertex -1.01785 -1.90427 15.6025
    endloop
  endfacet
  facet normal 0.3025 0.639667 -0.706626
    outer loop
      vertex -1.2763 -2.63645 15
      vertex -1.07938 -2.60585 15.112
      vertex -1.12223 -2.70931 15
    endloop
  endfacet
  facet normal 0.302528 0.639615 -0.706661
    outer loop
      vertex -1.07938 -2.60585 15.112
      vertex -1.2763 -2.63645 15
      vertex -1.3296 -2.4875 15.112
    endloop
  endfacet
  facet normal -0.0142715 0.290152 -0.956874
    outer loop
      vertex 0.100028 -1.0156 16.0741
      vertex 0.138688 -1.40812 15.9545
      vertex 0 -1.02052 16.0741
    endloop
  endfacet
  facet normal -0.426542 -0.201751 -0.881679
    outer loop
      vertex 1.99487 0.826302 15.6025
      vertex 1.65904 0.687196 15.7968
      vertex 1.58369 0.846501 15.7968
    endloop
  endfacet
  facet normal -0.00481446 0.098017 -0.995173
    outer loop
      vertex 0.0201998 -0.205091 16.1949
      vertex 0.0604048 -0.6133 16.1545
      vertex 0 -0.616267 16.1545
    endloop
  endfacet
  facet normal 0.0951943 0.0238452 -0.995173
    outer loop
      vertex -0.19721 -0.059823 16.1949
      vertex -0.589731 -0.178893 16.1545
      vertex -0.604426 -0.120228 16.1545
    endloop
  endfacet
  facet normal -0.103825 0.699908 -0.706647
    outer loop
      vertex 0.403523 -2.9012 15
      vertex 0.287439 -2.91842 15
      vertex 0.276462 -2.80697 15.112
    endloop
  endfacet
  facet normal 0.426542 0.201751 -0.881679
    outer loop
      vertex -1.65904 -0.687196 15.7968
      vertex -1.58369 -0.846501 15.7968
      vertex -1.99487 -0.826302 15.6025
    endloop
  endfacet
  facet normal 0.32853 0.196897 -0.923742
    outer loop
      vertex -1.17648 -0.786097 15.9545
      vertex -1.4931 -0.997654 15.7968
      vertex -1.58369 -0.846501 15.7968
    endloop
  endfacet
  facet normal 0.634114 0.0311584 -0.772612
    outer loop
      vertex -2.50194 0 15.3735
      vertex -2.48989 -0.245233 15.3735
      vertex -2.80697 -0.276462 15.112
    endloop
  endfacet
  facet normal 0.52356 -0.18732 -0.831142
    outer loop
      vertex -2.31149 0.957449 15.3735
      vertex -2.06626 0.626791 15.6025
      vertex -2.3942 0.726274 15.3735
    endloop
  endfacet
  facet normal -0.0231586 0.47128 -0.881679
    outer loop
      vertex 0 -1.79573 15.7968
      vertex 0.211641 -2.14883 15.6025
      vertex 0 -2.15923 15.6025
    endloop
  endfacet
  facet normal -0.470423 0.42636 -0.772605
    outer loop
      vertex 2.18031 -1.78934 15.112
      vertex 1.99443 -1.99443 15.112
      vertex 1.76914 -1.76914 15.3735
    endloop
  endfacet
  facet normal -0.509941 0.378196 -0.772611
    outer loop
      vertex 2.08028 -1.39 15.3735
      vertex 2.3452 -1.56701 15.112
      vertex 1.93402 -1.58721 15.3735
    endloop
  endfacet
  facet normal -0.19318 -0.028646 -0.980745
    outer loop
      vertex 1.00091 0.199093 16.0741
      vertex 1.0156 0.100028 16.0741
      vertex 0.604426 0.120228 16.1545
    endloop
  endfacet
  facet normal -0.195056 -0.00958087 -0.980745
    outer loop
      vertex 1.02052 0 16.0741
      vertex 0.616267 0 16.1545
      vertex 0.6133 0.0604048 16.1545
    endloop
  endfacet
  facet normal -0.573919 0.271454 -0.772612
    outer loop
      vertex 2.60585 -1.07938 15.112
      vertex 2.4875 -1.3296 15.112
      vertex 2.20651 -1.1794 15.3735
    endloop
  endfacet
  facet normal -0.666187 0.238394 -0.706656
    outer loop
      vertex 2.80627 -0.851271 15
      vertex 2.76673 -0.961765 15
      vertex 2.6991 -0.818761 15.112
    endloop
  endfacet
  facet normal -0.606887 -0.363767 -0.706656
    outer loop
      vertex 2.4875 1.3296 15.112
      vertex 2.49865 1.52857 15
      vertex 2.58627 1.38239 15
    endloop
  endfacet
  facet normal -0.606894 -0.363763 -0.706651
    outer loop
      vertex 2.49865 1.52857 15
      vertex 2.4875 1.3296 15.112
      vertex 2.3452 1.56701 15.112
    endloop
  endfacet
  facet normal -0.237753 -0.50266 -0.831148
    outer loop
      vertex 0.957449 2.31149 15.3735
      vertex 1.01785 1.90427 15.6025
      vertex 0.826302 1.99487 15.6025
    endloop
  endfacet
  facet normal -0.307638 -0.228165 -0.923742
    outer loop
      vertex 1.38812 1.1392 15.7968
      vertex 1.4931 0.997654 15.7968
      vertex 1.17648 0.786097 15.9545
    endloop
  endfacet
  facet normal -0.706712 0.0347075 -0.706649
    outer loop
      vertex 2.92418 -0.170226 15
      vertex 2.82055 0 15.112
      vertex 2.93254 0 15
    endloop
  endfacet
  facet normal -0.706707 0.0347139 -0.706654
    outer loop
      vertex 2.82055 0 15.112
      vertex 2.92418 -0.170226 15
      vertex 2.80697 -0.276462 15.112
    endloop
  endfacet
  facet normal -0.331223 0.446634 -0.831149
    outer loop
      vertex 1.3698 -1.66911 15.6025
      vertex 1.39 -2.08028 15.3735
      vertex 1.1996 -1.79533 15.6025
    endloop
  endfacet
  facet normal -0.457716 0.114637 -0.881677
    outer loop
      vertex 2.11774 -0.421245 15.6025
      vertex 2.06626 -0.626791 15.6025
      vertex 1.76123 -0.350329 15.7968
    endloop
  endfacet
  facet normal -0.555378 0.0272912 -0.83115
    outer loop
      vertex 2.15923 0 15.6025
      vertex 2.50194 0 15.3735
      vertex 2.14883 -0.211641 15.6025
    endloop
  endfacet
  facet normal -0.466748 0.0692314 -0.881677
    outer loop
      vertex 2.14883 -0.211641 15.6025
      vertex 2.11774 -0.421245 15.6025
      vertex 1.76123 -0.350329 15.7968
    endloop
  endfacet
  facet normal -0.426341 -0.470429 -0.772613
    outer loop
      vertex 1.78934 2.18031 15.112
      vertex 1.76914 1.76914 15.3735
      vertex 1.58721 1.93402 15.3735
    endloop
  endfacet
  facet normal -0.421515 -0.568317 -0.70664
    outer loop
      vertex 1.78934 2.18031 15.112
      vertex 1.72349 2.36841 15
      vertex 1.86038 2.26688 15
    endloop
  endfacet
  facet normal -0.42149 -0.568317 -0.706655
    outer loop
      vertex 1.72349 2.36841 15
      vertex 1.78934 2.18031 15.112
      vertex 1.56701 2.3452 15.112
    endloop
  endfacet
  facet normal -0.412024 -0.37341 -0.831145
    outer loop
      vertex 1.76914 1.76914 15.3735
      vertex 1.93402 1.58721 15.3735
      vertex 1.66911 1.3698 15.6025
    endloop
  endfacet
  facet normal -0.426542 -0.201749 -0.88168
    outer loop
      vertex 1.90427 1.01785 15.6025
      vertex 1.99487 0.826302 15.6025
      vertex 1.58369 0.846501 15.7968
    endloop
  endfacet
  facet normal -0.50266 -0.237753 -0.831148
    outer loop
      vertex 2.31149 0.957449 15.3735
      vertex 1.99487 0.826302 15.6025
      vertex 1.90427 1.01785 15.6025
    endloop
  endfacet
  facet normal -0.307633 -0.228168 -0.923743
    outer loop
      vertex 1.38812 1.1392 15.7968
      vertex 1.17648 0.786097 15.9545
      vertex 1.09376 0.897626 15.9545
    endloop
  endfacet
  facet normal -0.271454 -0.573919 -0.772612
    outer loop
      vertex 1.3296 2.4875 15.112
      vertex 1.1794 2.20651 15.3735
      vertex 1.07938 2.60585 15.112
    endloop
  endfacet
  facet normal -0.196896 -0.32853 -0.923742
    outer loop
      vertex 0.846501 1.58369 15.7968
      vertex 0.786097 1.17648 15.9545
      vertex 0.666996 1.24786 15.9545
    endloop
  endfacet
  facet normal -0.18732 -0.52356 -0.831142
    outer loop
      vertex 0.726274 2.3942 15.3735
      vertex 0.957449 2.31149 15.3735
      vertex 0.626791 2.06626 15.6025
    endloop
  endfacet
  facet normal -0.597766 -0.213869 -0.772616
    outer loop
      vertex 2.6991 0.818761 15.112
      vertex 2.3942 0.726274 15.3735
      vertex 2.31149 0.957449 15.3735
    endloop
  endfacet
  facet normal 0.539392 0.135093 -0.831147
    outer loop
      vertex -2.11774 -0.421245 15.6025
      vertex -2.06626 -0.626791 15.6025
      vertex -2.45386 -0.488103 15.3735
    endloop
  endfacet
  facet normal 0.523543 0.187337 -0.831148
    outer loop
      vertex -2.06626 -0.626791 15.6025
      vertex -1.99487 -0.826302 15.6025
      vertex -2.31149 -0.957449 15.3735
    endloop
  endfacet
  facet normal 0.273521 0.0978698 -0.956874
    outer loop
      vertex -0.942834 -0.390534 16.0741
      vertex -1.30723 -0.541472 15.9545
      vertex -1.35401 -0.410734 15.9545
    endloop
  endfacet
  facet normal 0.28736 0.042617 -0.956874
    outer loop
      vertex -1.0156 -0.100028 16.0741
      vertex -1.38775 -0.27604 15.9545
      vertex -1.40812 -0.138688 15.9545
    endloop
  endfacet
  facet normal 0.349607 0.316887 -0.881679
    outer loop
      vertex -1.38812 -1.1392 15.7968
      vertex -1.26977 -1.26977 15.7968
      vertex -1.66911 -1.3698 15.6025
    endloop
  endfacet
  facet normal 0.257218 0.283792 -0.923743
    outer loop
      vertex -1.00051 -1.00051 15.9545
      vertex -0.897626 -1.09376 15.9545
      vertex -1.1392 -1.38812 15.7968
    endloop
  endfacet
  facet normal 0.302535 0.639616 -0.706657
    outer loop
      vertex -1.3296 -2.4875 15.112
      vertex -1.2763 -2.63645 15
      vertex -1.38239 -2.58627 15
    endloop
  endfacet
  facet normal 0.281084 0.37899 -0.881679
    outer loop
      vertex -1.1392 -1.38812 15.7968
      vertex -0.997654 -1.4931 15.7968
      vertex -1.3698 -1.66911 15.6025
    endloop
  endfacet
  facet normal 0.706714 0.0347288 -0.706647
    outer loop
      vertex -2.80697 -0.276462 15.112
      vertex -2.91842 -0.287439 15
      vertex -2.92418 -0.170226 15
    endloop
  endfacet
  facet normal 0.47694 -0.28587 -0.831147
    outer loop
      vertex -2.08028 1.39 15.3735
      vertex -1.90427 1.01785 15.6025
      vertex -2.20651 1.1794 15.3735
    endloop
  endfacet
  facet normal 0.290153 -0.0142683 -0.956874
    outer loop
      vertex -1.40812 0.138688 15.9545
      vertex -1.02052 0 16.0741
      vertex -1.41494 0 15.9545
    endloop
  endfacet
  facet normal 0.555377 0.0272895 -0.831151
    outer loop
      vertex -2.14883 -0.211641 15.6025
      vertex -2.48989 -0.245233 15.3735
      vertex -2.50194 0 15.3735
    endloop
  endfacet
  facet normal 0.249179 -0.149339 -0.956874
    outer loop
      vertex -1.17648 0.786097 15.9545
      vertex -0.900015 0.481068 16.0741
      vertex -1.24786 0.666996 15.9545
    endloop
  endfacet
  facet normal -0.0887133 -0.0419575 -0.995173
    outer loop
      vertex 0.569357 0.235835 16.1545
      vertex 0.190396 0.0788641 16.1949
      vertex 0.181749 0.097147 16.1949
    endloop
  endfacet
  facet normal -0.34624 -0.163764 -0.923742
    outer loop
      vertex 1.58369 0.846501 15.7968
      vertex 1.30723 0.541472 15.9545
      vertex 1.24786 0.666996 15.9545
    endloop
  endfacet
  facet normal 0.18944 -0.0474529 -0.980745
    outer loop
      vertex -0.589731 0.178893 16.1545
      vertex -0.604426 0.120228 16.1545
      vertex -0.976573 0.29624 16.0741
    endloop
  endfacet
  facet normal -0.0561882 -0.378869 -0.923743
    outer loop
      vertex 0.350329 1.76123 15.7968
      vertex 0.27604 1.38775 15.9545
      vertex 0.138688 1.40812 15.9545
    endloop
  endfacet
  facet normal 0.0727136 -0.0659033 -0.995173
    outer loop
      vertex -0.435767 0.435767 16.1545
      vertex -0.145723 0.145723 16.1949
      vertex -0.476381 0.390956 16.1545
    endloop
  endfacet
  facet normal -0.195058 -0.00959416 -0.980745
    outer loop
      vertex 1.0156 0.100028 16.0741
      vertex 1.02052 0 16.0741
      vertex 0.6133 0.0604048 16.1545
    endloop
  endfacet
  facet normal 0.0978698 -0.273521 -0.956874
    outer loop
      vertex -0.410734 1.35401 15.9545
      vertex -0.390534 0.942834 16.0741
      vertex -0.541472 1.30723 15.9545
    endloop
  endfacet
  facet normal -0.0931694 -0.628008 -0.77261
    outer loop
      vertex 0.550261 2.76635 15.112
      vertex 0.488103 2.45386 15.3735
      vertex 0.276462 2.80697 15.112
    endloop
  endfacet
  facet normal 0.18732 -0.52356 -0.831142
    outer loop
      vertex -0.726274 2.3942 15.3735
      vertex -0.626791 2.06626 15.6025
      vertex -0.957449 2.31149 15.3735
    endloop
  endfacet
  facet normal 0.426542 -0.201749 -0.88168
    outer loop
      vertex -1.90427 1.01785 15.6025
      vertex -1.58369 0.846501 15.7968
      vertex -1.99487 0.826302 15.6025
    endloop
  endfacet
  facet normal 0.509941 -0.378196 -0.772611
    outer loop
      vertex -1.93402 1.58721 15.3735
      vertex -2.08028 1.39 15.3735
      vertex -2.3452 1.56701 15.112
    endloop
  endfacet
  facet normal 0.475178 -0.524257 -0.706654
    outer loop
      vertex -1.98667 2.15243 15
      vertex -1.99443 1.99443 15.112
      vertex -2.07362 2.07362 15
    endloop
  endfacet
  facet normal 0.331241 0.44663 -0.831144
    outer loop
      vertex -1.3698 -1.66911 15.6025
      vertex -1.39 -2.08028 15.3735
      vertex -1.58721 -1.93402 15.3735
    endloop
  endfacet
  facet normal 0.426542 0.201749 -0.88168
    outer loop
      vertex -1.58369 -0.846501 15.7968
      vertex -1.90427 -1.01785 15.6025
      vertex -1.99487 -0.826302 15.6025
    endloop
  endfacet
  facet normal 0.476936 0.285873 -0.831149
    outer loop
      vertex -1.90427 -1.01785 15.6025
      vertex -1.79533 -1.1996 15.6025
      vertex -2.08028 -1.39 15.3735
    endloop
  endfacet
  facet normal 0.0231607 0.471279 -0.88168
    outer loop
      vertex -0.176012 -1.78708 15.7968
      vertex 0 -1.79573 15.7968
      vertex -0.211641 -2.14883 15.6025
    endloop
  endfacet
  facet normal 0.0347288 0.706714 -0.706647
    outer loop
      vertex -0.276462 -2.80697 15.112
      vertex -0.170226 -2.92418 15
      vertex -0.287439 -2.91842 15
    endloop
  endfacet
  facet normal 0.378196 0.509941 -0.772611
    outer loop
      vertex -1.39 -2.08028 15.3735
      vertex -1.56701 -2.3452 15.112
      vertex -1.58721 -1.93402 15.3735
    endloop
  endfacet
  facet normal 0.213882 0.597768 -0.772611
    outer loop
      vertex -0.957449 -2.31149 15.3735
      vertex -0.818761 -2.6991 15.112
      vertex -1.07938 -2.60585 15.112
    endloop
  endfacet
  facet normal 0.144703 0.13115 -0.980745
    outer loop
      vertex -0.435767 -0.435767 16.1545
      vertex -0.721614 -0.721614 16.0741
      vertex -0.78887 -0.647408 16.0741
    endloop
  endfacet
  facet normal 0.176542 0.0834998 -0.980745
    outer loop
      vertex -0.569357 -0.235835 16.1545
      vertex -0.543499 -0.290506 16.1545
      vertex -0.900015 -0.481068 16.0741
    endloop
  endfacet
  facet normal 0.00481355 0.098017 -0.995173
    outer loop
      vertex 0 -0.206083 16.1949
      vertex 0 -0.616267 16.1545
      vertex -0.0201998 -0.205091 16.1949
    endloop
  endfacet
  facet normal 0.24917 0.149348 -0.956875
    outer loop
      vertex -0.900015 -0.481068 16.0741
      vertex -0.848528 -0.566968 16.0741
      vertex -1.17648 -0.786097 15.9545
    endloop
  endfacet
  facet normal 0.00959416 0.195058 -0.980745
    outer loop
      vertex -0.0604048 -0.6133 16.1545
      vertex 0 -1.02052 16.0741
      vertex -0.100028 -1.0156 16.0741
    endloop
  endfacet
  facet normal 0.18732 0.52356 -0.831142
    outer loop
      vertex -0.626791 -2.06626 15.6025
      vertex -0.726274 -2.3942 15.3735
      vertex -0.957449 -2.31149 15.3735
    endloop
  endfacet
  facet normal -0.173058 0.23333 -0.956874
    outer loop
      vertex 0.897626 -1.09376 15.9545
      vertex 0.786097 -1.17648 15.9545
      vertex 0.647408 -0.78887 16.0741
    endloop
  endfacet
  facet normal -0.426341 0.470429 -0.772613
    outer loop
      vertex 1.76914 -1.76914 15.3735
      vertex 1.78934 -2.18031 15.112
      vertex 1.58721 -1.93402 15.3735
    endloop
  endfacet
  facet normal -0.18944 -0.0474529 -0.980745
    outer loop
      vertex 0.976573 0.29624 16.0741
      vertex 0.604426 0.120228 16.1545
      vertex 0.589731 0.178893 16.1545
    endloop
  endfacet
  facet normal -0.0970736 0.0143971 -0.995173
    outer loop
      vertex 0.205091 -0.0201998 16.1949
      vertex 0.604426 -0.120228 16.1545
      vertex 0.202124 -0.040205 16.1949
    endloop
  endfacet
  facet normal -0.0692148 0.466743 -0.88168
    outer loop
      vertex 0.350329 -1.76123 15.7968
      vertex 0.211641 -2.14883 15.6025
      vertex 0.176012 -1.78708 15.7968
    endloop
  endfacet
  facet normal -0.0142683 0.290153 -0.956874
    outer loop
      vertex 0 -1.02052 16.0741
      vertex 0.138688 -1.40812 15.9545
      vertex 0 -1.41494 15.9545
    endloop
  endfacet
  facet normal -0.213869 0.597766 -0.772616
    outer loop
      vertex 0.957449 -2.31149 15.3735
      vertex 0.818761 -2.6991 15.112
      vertex 0.726274 -2.3942 15.3735
    endloop
  endfacet
  facet normal -0.0311484 0.63412 -0.772607
    outer loop
      vertex 0 -2.50194 15.3735
      vertex 0.276462 -2.80697 15.112
      vertex 0 -2.82055 15.112
    endloop
  endfacet
  facet normal 0.103825 0.699908 -0.706647
    outer loop
      vertex -0.276462 -2.80697 15.112
      vertex -0.287439 -2.91842 15
      vertex -0.403523 -2.9012 15
    endloop
  endfacet
  facet normal 0.379009 0.281072 -0.881675
    outer loop
      vertex -1.4931 -0.997654 15.7968
      vertex -1.66911 -1.3698 15.6025
      vertex -1.79533 -1.1996 15.6025
    endloop
  endfacet
  facet normal 0.287362 0.0426119 -0.956874
    outer loop
      vertex -1.0156 -0.100028 16.0741
      vertex -1.00091 -0.199093 16.0741
      vertex -1.38775 -0.27604 15.9545
    endloop
  endfacet
  facet normal 0.346236 0.163767 -0.923743
    outer loop
      vertex -1.30723 -0.541472 15.9545
      vertex -1.58369 -0.846501 15.7968
      vertex -1.65904 -0.687196 15.7968
    endloop
  endfacet
  facet normal 0.360623 0.129036 -0.923743
    outer loop
      vertex -1.35401 -0.410734 15.9545
      vertex -1.30723 -0.541472 15.9545
      vertex -1.65904 -0.687196 15.7968
    endloop
  endfacet
  facet normal 0.706707 -0.0347139 -0.706654
    outer loop
      vertex -2.82055 0 15.112
      vertex -2.92418 0.170226 15
      vertex -2.80697 0.276462 15.112
    endloop
  endfacet
  facet normal 0.706712 -0.0347075 -0.706649
    outer loop
      vertex -2.92418 0.170226 15
      vertex -2.82055 0 15.112
      vertex -2.93254 0 15
    endloop
  endfacet
  facet normal 0.706712 0.0347075 -0.706649
    outer loop
      vertex -2.82055 0 15.112
      vertex -2.92418 -0.170226 15
      vertex -2.93254 0 15
    endloop
  endfacet
  facet normal 0.706707 0.0347139 -0.706654
    outer loop
      vertex -2.92418 -0.170226 15
      vertex -2.82055 0 15.112
      vertex -2.80697 -0.276462 15.112
    endloop
  endfacet
  facet normal -0.421496 0.568305 -0.706661
    outer loop
      vertex 1.72349 -2.36841 15
      vertex 1.62923 -2.43832 15
      vertex 1.56701 -2.3452 15.112
    endloop
  endfacet
  facet normal -0.3025 0.639667 -0.706626
    outer loop
      vertex 1.07938 -2.60585 15.112
      vertex 1.2763 -2.63645 15
      vertex 1.12223 -2.70931 15
    endloop
  endfacet
  facet normal -0.302528 0.639615 -0.706661
    outer loop
      vertex 1.2763 -2.63645 15
      vertex 1.07938 -2.60585 15.112
      vertex 1.3296 -2.4875 15.112
    endloop
  endfacet
  facet normal -0.36374 0.606896 -0.706661
    outer loop
      vertex 1.56701 -2.3452 15.112
      vertex 1.62923 -2.43832 15
      vertex 1.52857 -2.49865 15
    endloop
  endfacet
  facet normal -0.281072 0.379009 -0.881675
    outer loop
      vertex 1.3698 -1.66911 15.6025
      vertex 1.1996 -1.79533 15.6025
      vertex 0.997654 -1.4931 15.7968
    endloop
  endfacet
  facet normal -0.544551 0.326396 -0.772612
    outer loop
      vertex 2.4875 -1.3296 15.112
      vertex 2.3452 -1.56701 15.112
      vertex 2.20651 -1.1794 15.3735
    endloop
  endfacet
  facet normal -0.639667 0.3025 -0.706626
    outer loop
      vertex 2.63645 -1.2763 15
      vertex 2.60585 -1.07938 15.112
      vertex 2.70931 -1.12223 15
    endloop
  endfacet
  facet normal -0.639615 0.302528 -0.706661
    outer loop
      vertex 2.60585 -1.07938 15.112
      vertex 2.63645 -1.2763 15
      vertex 2.4875 -1.3296 15.112
    endloop
  endfacet
  facet normal -0.189438 -0.0474575 -0.980745
    outer loop
      vertex 0.976573 0.29624 16.0741
      vertex 1.00091 0.199093 16.0741
      vertex 0.604426 0.120228 16.1545
    endloop
  endfacet
  facet normal -0.346236 -0.163767 -0.923743
    outer loop
      vertex 1.58369 0.846501 15.7968
      vertex 1.65904 0.687196 15.7968
      vertex 1.30723 0.541472 15.9545
    endloop
  endfacet
  facet normal 0.283788 -0.257228 -0.923741
    outer loop
      vertex -1.26977 1.26977 15.7968
      vertex -1.00051 1.00051 15.9545
      vertex -1.38812 1.1392 15.7968
    endloop
  endfacet
  facet normal -0.0231607 -0.471279 -0.88168
    outer loop
      vertex 0.211641 2.14883 15.6025
      vertex 0.176012 1.78708 15.7968
      vertex 0 1.79573 15.7968
    endloop
  endfacet
  facet normal -0.699908 0.103825 -0.706647
    outer loop
      vertex 2.91842 -0.287439 15
      vertex 2.9012 -0.403523 15
      vertex 2.80697 -0.276462 15.112
    endloop
  endfacet
  facet normal -0.628008 0.0931694 -0.77261
    outer loop
      vertex 2.80697 -0.276462 15.112
      vertex 2.76635 -0.550261 15.112
      vertex 2.45386 -0.488103 15.3735
    endloop
  endfacet
  facet normal -0.686359 -0.171896 -0.706656
    outer loop
      vertex 2.80627 0.851271 15
      vertex 2.83478 0.737434 15
      vertex 2.6991 0.818761 15.112
    endloop
  endfacet
  facet normal -0.349607 -0.316887 -0.881679
    outer loop
      vertex 1.66911 1.3698 15.6025
      vertex 1.38812 1.1392 15.7968
      vertex 1.26977 1.26977 15.7968
    endloop
  endfacet
  facet normal -0.634114 -0.0311584 -0.772612
    outer loop
      vertex 2.80697 0.276462 15.112
      vertex 2.50194 0 15.3735
      vertex 2.48989 0.245233 15.3735
    endloop
  endfacet
  facet normal -0.50266 -0.237752 -0.831148
    outer loop
      vertex 2.20651 1.1794 15.3735
      vertex 2.31149 0.957449 15.3735
      vertex 1.90427 1.01785 15.6025
    endloop
  endfacet
  facet normal -0.257228 -0.283788 -0.923741
    outer loop
      vertex 1.1392 1.38812 15.7968
      vertex 1.26977 1.26977 15.7968
      vertex 1.00051 1.00051 15.9545
    endloop
  endfacet
  facet normal -0.63412 -0.0311484 -0.772607
    outer loop
      vertex 2.80697 0.276462 15.112
      vertex 2.82055 0 15.112
      vertex 2.50194 0 15.3735
    endloop
  endfacet
  facet normal -0.706712 -0.0347075 -0.706649
    outer loop
      vertex 2.82055 0 15.112
      vertex 2.92418 0.170226 15
      vertex 2.93254 0 15
    endloop
  endfacet
  facet normal -0.706707 -0.0347139 -0.706654
    outer loop
      vertex 2.92418 0.170226 15
      vertex 2.82055 0 15.112
      vertex 2.80697 0.276462 15.112
    endloop
  endfacet
  facet normal -0.706714 0.0347288 -0.706647
    outer loop
      vertex 2.92418 -0.170226 15
      vertex 2.91842 -0.287439 15
      vertex 2.80697 -0.276462 15.112
    endloop
  endfacet
  facet normal -0.471279 -0.0231607 -0.88168
    outer loop
      vertex 2.14883 0.211641 15.6025
      vertex 1.79573 0 15.7968
      vertex 1.78708 0.176012 15.7968
    endloop
  endfacet
  facet normal -0.615855 0.154267 -0.772609
    outer loop
      vertex 2.45386 -0.488103 15.3735
      vertex 2.76635 -0.550261 15.112
      vertex 2.3942 -0.726274 15.3735
    endloop
  endfacet
  facet normal -0.378869 0.0561882 -0.923743
    outer loop
      vertex 1.40812 -0.138688 15.9545
      vertex 1.76123 -0.350329 15.7968
      vertex 1.38775 -0.27604 15.9545
    endloop
  endfacet
  facet normal -0.457705 0.114651 -0.881681
    outer loop
      vertex 1.76123 -0.350329 15.7968
      vertex 2.06626 -0.626791 15.6025
      vertex 1.71841 -0.521273 15.7968
    endloop
  endfacet
  facet normal -0.466748 -0.0692314 -0.881677
    outer loop
      vertex 2.11774 0.421245 15.6025
      vertex 2.14883 0.211641 15.6025
      vertex 1.76123 0.350329 15.7968
    endloop
  endfacet
  facet normal -0.615851 -0.154249 -0.772616
    outer loop
      vertex 2.6991 0.818761 15.112
      vertex 2.76635 0.550261 15.112
      vertex 2.3942 0.726274 15.3735
    endloop
  endfacet
  facet normal -0.0347288 -0.706714 -0.706647
    outer loop
      vertex 0.287439 2.91842 15
      vertex 0.276462 2.80697 15.112
      vertex 0.170226 2.92418 15
    endloop
  endfacet
  facet normal -0.326395 -0.544552 -0.772612
    outer loop
      vertex 1.56701 2.3452 15.112
      vertex 1.39 2.08028 15.3735
      vertex 1.1794 2.20651 15.3735
    endloop
  endfacet
  facet normal -0.360622 -0.129037 -0.923743
    outer loop
      vertex 1.65904 0.687196 15.7968
      vertex 1.71841 0.521273 15.7968
      vertex 1.35401 0.410734 15.9545
    endloop
  endfacet
  facet normal -0.371533 0.0930668 -0.923743
    outer loop
      vertex 1.38775 -0.27604 15.9545
      vertex 1.71841 -0.521273 15.7968
      vertex 1.35401 -0.410734 15.9545
    endloop
  endfacet
  facet normal -0.158968 -0.444262 -0.88168
    outer loop
      vertex 0.626791 2.06626 15.6025
      vertex 0.826302 1.99487 15.6025
      vertex 0.521273 1.71841 15.7968
    endloop
  endfacet
  facet normal -0.283788 -0.257228 -0.923741
    outer loop
      vertex 1.26977 1.26977 15.7968
      vertex 1.38812 1.1392 15.7968
      vertex 1.00051 1.00051 15.9545
    endloop
  endfacet
  facet normal 0.0692148 -0.466743 -0.88168
    outer loop
      vertex -0.211641 2.14883 15.6025
      vertex -0.176012 1.78708 15.7968
      vertex -0.350329 1.76123 15.7968
    endloop
  endfacet
  facet normal -0.373414 -0.412015 -0.831148
    outer loop
      vertex 1.76914 1.76914 15.3735
      vertex 1.52681 1.52681 15.6025
      vertex 1.3698 1.66911 15.6025
    endloop
  endfacet
  facet normal 0.0931694 -0.628008 -0.77261
    outer loop
      vertex -0.276462 2.80697 15.112
      vertex -0.488103 2.45386 15.3735
      vertex -0.550261 2.76635 15.112
    endloop
  endfacet
  facet normal -0.686355 0.171917 -0.706655
    outer loop
      vertex 2.83478 -0.737434 15
      vertex 2.76635 -0.550261 15.112
      vertex 2.87619 -0.57211 15
    endloop
  endfacet
  facet normal -0.686363 0.17191 -0.706649
    outer loop
      vertex 2.76635 -0.550261 15.112
      vertex 2.83478 -0.737434 15
      vertex 2.6991 -0.818761 15.112
    endloop
  endfacet
  facet normal -0.686359 0.171896 -0.706656
    outer loop
      vertex 2.83478 -0.737434 15
      vertex 2.80627 -0.851271 15
      vertex 2.6991 -0.818761 15.112
    endloop
  endfacet
  facet normal -0.699901 -0.103835 -0.706652
    outer loop
      vertex 2.76635 0.550261 15.112
      vertex 2.9012 0.403523 15
      vertex 2.80697 0.276462 15.112
    endloop
  endfacet
  facet normal -0.699898 -0.10383 -0.706655
    outer loop
      vertex 2.9012 0.403523 15
      vertex 2.76635 0.550261 15.112
      vertex 2.87619 0.57211 15
    endloop
  endfacet
  facet normal -0.10383 -0.699898 -0.706655
    outer loop
      vertex 0.550261 2.76635 15.112
      vertex 0.403523 2.9012 15
      vertex 0.57211 2.87619 15
    endloop
  endfacet
  facet normal -0.103835 -0.699901 -0.706652
    outer loop
      vertex 0.403523 2.9012 15
      vertex 0.550261 2.76635 15.112
      vertex 0.276462 2.80697 15.112
    endloop
  endfacet
  facet normal -0.171896 -0.686359 -0.706656
    outer loop
      vertex 0.851271 2.80627 15
      vertex 0.818761 2.6991 15.112
      vertex 0.737434 2.83478 15
    endloop
  endfacet
  facet normal -0.302535 -0.639616 -0.706657
    outer loop
      vertex 1.38239 2.58627 15
      vertex 1.3296 2.4875 15.112
      vertex 1.2763 2.63645 15
    endloop
  endfacet
  facet normal 0.32853 0.196896 -0.923742
    outer loop
      vertex -1.24786 -0.666996 15.9545
      vertex -1.17648 -0.786097 15.9545
      vertex -1.58369 -0.846501 15.7968
    endloop
  endfacet
  facet normal 0.307638 0.228165 -0.923742
    outer loop
      vertex -1.17648 -0.786097 15.9545
      vertex -1.38812 -1.1392 15.7968
      vertex -1.4931 -0.997654 15.7968
    endloop
  endfacet
  facet normal 0.331223 0.446634 -0.831149
    outer loop
      vertex -1.3698 -1.66911 15.6025
      vertex -1.1996 -1.79533 15.6025
      vertex -1.39 -2.08028 15.3735
    endloop
  endfacet
  facet normal 0.242564 0.404727 -0.88168
    outer loop
      vertex -0.997654 -1.4931 15.7968
      vertex -0.846501 -1.58369 15.7968
      vertex -1.01785 -1.90427 15.6025
    endloop
  endfacet
  facet normal 0.457705 -0.114651 -0.881681
    outer loop
      vertex -1.71841 0.521273 15.7968
      vertex -1.76123 0.350329 15.7968
      vertex -2.06626 0.626791 15.6025
    endloop
  endfacet
  facet normal 0.555378 -0.0272912 -0.83115
    outer loop
      vertex -2.14883 0.211641 15.6025
      vertex -2.15923 0 15.6025
      vertex -2.50194 0 15.3735
    endloop
  endfacet
  facet normal 0.666187 -0.238394 -0.706656
    outer loop
      vertex -2.76673 0.961765 15
      vertex -2.6991 0.818761 15.112
      vertex -2.80627 0.851271 15
    endloop
  endfacet
  facet normal 0.379009 -0.281072 -0.881675
    outer loop
      vertex -1.66911 1.3698 15.6025
      vertex -1.4931 0.997654 15.7968
      vertex -1.79533 1.1996 15.6025
    endloop
  endfacet
  facet normal 0.63412 -0.0311484 -0.772607
    outer loop
      vertex -2.80697 0.276462 15.112
      vertex -2.50194 0 15.3735
      vertex -2.82055 0 15.112
    endloop
  endfacet
  facet normal 0.63412 0.0311484 -0.772607
    outer loop
      vertex -2.50194 0 15.3735
      vertex -2.80697 -0.276462 15.112
      vertex -2.82055 0 15.112
    endloop
  endfacet
  facet normal 0.555377 -0.0272895 -0.831151
    outer loop
      vertex -2.48989 0.245233 15.3735
      vertex -2.14883 0.211641 15.6025
      vertex -2.50194 0 15.3735
    endloop
  endfacet
  facet normal 0.371533 -0.0930668 -0.923743
    outer loop
      vertex -1.35401 0.410734 15.9545
      vertex -1.38775 0.27604 15.9545
      vertex -1.71841 0.521273 15.7968
    endloop
  endfacet
  facet normal -0.028646 -0.19318 -0.980745
    outer loop
      vertex 0.199093 1.00091 16.0741
      vertex 0.120228 0.604426 16.1545
      vertex 0.100028 1.0156 16.0741
    endloop
  endfacet
  facet normal -0.0330605 -0.0923988 -0.995173
    outer loop
      vertex 0.178893 0.589731 16.1545
      vertex 0.235835 0.569357 16.1545
      vertex 0.059823 0.19721 16.1949
    endloop
  endfacet
  facet normal 0.281796 -0.0705948 -0.956874
    outer loop
      vertex -0.976573 0.29624 16.0741
      vertex -1.00091 0.199093 16.0741
      vertex -1.38775 0.27604 15.9545
    endloop
  endfacet
  facet normal -0.116336 0.156861 -0.980745
    outer loop
      vertex 0.647408 -0.78887 16.0741
      vertex 0.566968 -0.848528 16.0741
      vertex 0.390956 -0.476381 16.1545
    endloop
  endfacet
  facet normal 0.189438 -0.0474575 -0.980745
    outer loop
      vertex -0.976573 0.29624 16.0741
      vertex -0.604426 0.120228 16.1545
      vertex -1.00091 0.199093 16.0741
    endloop
  endfacet
  facet normal 0.360623 -0.129036 -0.923743
    outer loop
      vertex -1.30723 0.541472 15.9545
      vertex -1.35401 0.410734 15.9545
      vertex -1.65904 0.687196 15.7968
    endloop
  endfacet
  facet normal 0.287362 -0.0426119 -0.956874
    outer loop
      vertex -1.00091 0.199093 16.0741
      vertex -1.0156 0.100028 16.0741
      vertex -1.38775 0.27604 15.9545
    endloop
  endfacet
  facet normal 0.19318 -0.028646 -0.980745
    outer loop
      vertex -1.00091 0.199093 16.0741
      vertex -0.604426 0.120228 16.1545
      vertex -1.0156 0.100028 16.0741
    endloop
  endfacet
  facet normal 0.183877 -0.0657918 -0.980745
    outer loop
      vertex -0.569357 0.235835 16.1545
      vertex -0.589731 0.178893 16.1545
      vertex -0.942834 0.390534 16.0741
    endloop
  endfacet
  facet normal 0.228168 -0.307633 -0.923743
    outer loop
      vertex -0.786097 1.17648 15.9545
      vertex -0.897626 1.09376 15.9545
      vertex -1.1392 1.38812 15.7968
    endloop
  endfacet
  facet normal 0.302535 -0.639616 -0.706657
    outer loop
      vertex -1.2763 2.63645 15
      vertex -1.3296 2.4875 15.112
      vertex -1.38239 2.58627 15
    endloop
  endfacet
  facet normal 0.446634 -0.331223 -0.831149
    outer loop
      vertex -1.66911 1.3698 15.6025
      vertex -1.79533 1.1996 15.6025
      vertex -2.08028 1.39 15.3735
    endloop
  endfacet
  facet normal 0.404727 -0.242564 -0.88168
    outer loop
      vertex -1.4931 0.997654 15.7968
      vertex -1.58369 0.846501 15.7968
      vertex -1.90427 1.01785 15.6025
    endloop
  endfacet
  facet normal -0.0272912 -0.555378 -0.83115
    outer loop
      vertex 0 2.50194 15.3735
      vertex 0.211641 2.14883 15.6025
      vertex 0 2.15923 15.6025
    endloop
  endfacet
  facet normal 0.0834998 -0.176542 -0.980745
    outer loop
      vertex -0.235835 0.569357 16.1545
      vertex -0.290506 0.543499 16.1545
      vertex -0.481068 0.900015 16.0741
    endloop
  endfacet
  facet normal 0.706714 -0.0347288 -0.706647
    outer loop
      vertex -2.91842 0.287439 15
      vertex -2.80697 0.276462 15.112
      vertex -2.92418 0.170226 15
    endloop
  endfacet
  facet normal 0.470429 -0.426341 -0.772613
    outer loop
      vertex -1.76914 1.76914 15.3735
      vertex -1.93402 1.58721 15.3735
      vertex -2.18031 1.78934 15.112
    endloop
  endfacet
  facet normal 0.606896 -0.36374 -0.706661
    outer loop
      vertex -2.43832 1.62923 15
      vertex -2.3452 1.56701 15.112
      vertex -2.49865 1.52857 15
    endloop
  endfacet
  facet normal 0.426341 0.470429 -0.772613
    outer loop
      vertex -1.76914 -1.76914 15.3735
      vertex -1.58721 -1.93402 15.3735
      vertex -1.78934 -2.18031 15.112
    endloop
  endfacet
  facet normal 0.363767 0.606887 -0.706656
    outer loop
      vertex -1.52857 -2.49865 15
      vertex -1.3296 -2.4875 15.112
      vertex -1.38239 -2.58627 15
    endloop
  endfacet
  facet normal 0.363763 0.606894 -0.706651
    outer loop
      vertex -1.3296 -2.4875 15.112
      vertex -1.52857 -2.49865 15
      vertex -1.56701 -2.3452 15.112
    endloop
  endfacet
  facet normal 0.421496 0.568305 -0.706661
    outer loop
      vertex -1.56701 -2.3452 15.112
      vertex -1.62923 -2.43832 15
      vertex -1.72349 -2.36841 15
    endloop
  endfacet
  facet normal 0.158968 0.444262 -0.88168
    outer loop
      vertex -0.521273 -1.71841 15.7968
      vertex -0.626791 -2.06626 15.6025
      vertex -0.826302 -1.99487 15.6025
    endloop
  endfacet
  facet normal 0.135093 0.539392 -0.831147
    outer loop
      vertex -0.421245 -2.11774 15.6025
      vertex -0.488103 -2.45386 15.3735
      vertex -0.626791 -2.06626 15.6025
    endloop
  endfacet
  facet normal -0.13115 0.144703 -0.980745
    outer loop
      vertex 0.435767 -0.435767 16.1545
      vertex 0.647408 -0.78887 16.0741
      vertex 0.390956 -0.476381 16.1545
    endloop
  endfacet
  facet normal -0.0347139 0.706707 -0.706654
    outer loop
      vertex 0.170226 -2.92418 15
      vertex 0 -2.82055 15.112
      vertex 0.276462 -2.80697 15.112
    endloop
  endfacet
  facet normal -0.0347075 0.706712 -0.706649
    outer loop
      vertex 0 -2.82055 15.112
      vertex 0.170226 -2.92418 15
      vertex 0 -2.93254 15
    endloop
  endfacet
  facet normal 0.187337 0.523543 -0.831148
    outer loop
      vertex -0.826302 -1.99487 15.6025
      vertex -0.626791 -2.06626 15.6025
      vertex -0.957449 -2.31149 15.3735
    endloop
  endfacet
  facet normal 0.163767 0.346236 -0.923743
    outer loop
      vertex -0.541472 -1.30723 15.9545
      vertex -0.687196 -1.65904 15.7968
      vertex -0.846501 -1.58369 15.7968
    endloop
  endfacet
  facet normal 0.084173 0.0504524 -0.995173
    outer loop
      vertex -0.181749 -0.097147 16.1949
      vertex -0.171352 -0.114493 16.1949
      vertex -0.543499 -0.290506 16.1545
    endloop
  endfacet
  facet normal 0.167508 0.1004 -0.980745
    outer loop
      vertex -0.543499 -0.290506 16.1545
      vertex -0.512407 -0.34238 16.1545
      vertex -0.900015 -0.481068 16.0741
    endloop
  endfacet
  facet normal 0.17305 0.233333 -0.956875
    outer loop
      vertex -0.647408 -0.78887 16.0741
      vertex -0.566968 -0.848528 16.0741
      vertex -0.786097 -1.17648 15.9545
    endloop
  endfacet
  facet normal 0.19318 0.028646 -0.980745
    outer loop
      vertex -0.604426 -0.120228 16.1545
      vertex -1.00091 -0.199093 16.0741
      vertex -1.0156 -0.100028 16.0741
    endloop
  endfacet
  facet normal 0.283792 0.257218 -0.923743
    outer loop
      vertex -1.09376 -0.897626 15.9545
      vertex -1.00051 -1.00051 15.9545
      vertex -1.38812 -1.1392 15.7968
    endloop
  endfacet
  facet normal 0.173058 0.23333 -0.956874
    outer loop
      vertex -0.647408 -0.78887 16.0741
      vertex -0.786097 -1.17648 15.9545
      vertex -0.897626 -1.09376 15.9545
    endloop
  endfacet
  facet normal 0.0143971 0.0970736 -0.995173
    outer loop
      vertex -0.040205 -0.202124 16.1949
      vertex -0.0201998 -0.205091 16.1949
      vertex -0.120228 -0.604426 16.1545
    endloop
  endfacet
  facet normal -0.0330605 0.0923988 -0.995173
    outer loop
      vertex 0.235835 -0.569357 16.1545
      vertex 0.178893 -0.589731 16.1545
      vertex 0.059823 -0.19721 16.1949
    endloop
  endfacet
  facet normal 0.144703 0.13115 -0.980745
    outer loop
      vertex -0.476381 -0.390956 16.1545
      vertex -0.435767 -0.435767 16.1545
      vertex -0.78887 -0.647408 16.0741
    endloop
  endfacet
  facet normal 0.228168 0.307633 -0.923743
    outer loop
      vertex -0.897626 -1.09376 15.9545
      vertex -0.786097 -1.17648 15.9545
      vertex -1.1392 -1.38812 15.7968
    endloop
  endfacet
  facet normal 0.158965 0.444265 -0.88168
    outer loop
      vertex -0.687196 -1.65904 15.7968
      vertex -0.521273 -1.71841 15.7968
      vertex -0.826302 -1.99487 15.6025
    endloop
  endfacet
  facet normal 0.0930668 0.371533 -0.923743
    outer loop
      vertex -0.410734 -1.35401 15.9545
      vertex -0.27604 -1.38775 15.9545
      vertex -0.521273 -1.71841 15.7968
    endloop
  endfacet
  facet normal -0.44663 0.331241 -0.831144
    outer loop
      vertex 2.08028 -1.39 15.3735
      vertex 1.93402 -1.58721 15.3735
      vertex 1.66911 -1.3698 15.6025
    endloop
  endfacet
  facet normal -0.37899 0.281084 -0.881679
    outer loop
      vertex 1.4931 -0.997654 15.7968
      vertex 1.66911 -1.3698 15.6025
      vertex 1.38812 -1.1392 15.7968
    endloop
  endfacet
  facet normal -0.316861 0.349616 -0.881685
    outer loop
      vertex 1.52681 -1.52681 15.6025
      vertex 1.3698 -1.66911 15.6025
      vertex 1.26977 -1.26977 15.7968
    endloop
  endfacet
  facet normal -0.307638 0.228165 -0.923742
    outer loop
      vertex 1.4931 -0.997654 15.7968
      vertex 1.38812 -1.1392 15.7968
      vertex 1.17648 -0.786097 15.9545
    endloop
  endfacet
  facet normal -0.1004 0.167508 -0.980745
    outer loop
      vertex 0.34238 -0.512407 16.1545
      vertex 0.481068 -0.900015 16.0741
      vertex 0.290506 -0.543499 16.1545
    endloop
  endfacet
  facet normal -0.129036 0.360623 -0.923743
    outer loop
      vertex 0.541472 -1.30723 15.9545
      vertex 0.687196 -1.65904 15.7968
      vertex 0.410734 -1.35401 15.9545
    endloop
  endfacet
  facet normal 0.056184 0.378871 -0.923742
    outer loop
      vertex -0.138688 -1.40812 15.9545
      vertex -0.176012 -1.78708 15.7968
      vertex -0.350329 -1.76123 15.7968
    endloop
  endfacet
  facet normal 0.129037 0.360622 -0.923743
    outer loop
      vertex -0.410734 -1.35401 15.9545
      vertex -0.521273 -1.71841 15.7968
      vertex -0.687196 -1.65904 15.7968
    endloop
  endfacet
  facet normal -0.302535 0.639616 -0.706657
    outer loop
      vertex 1.3296 -2.4875 15.112
      vertex 1.38239 -2.58627 15
      vertex 1.2763 -2.63645 15
    endloop
  endfacet
  facet normal -0.10383 0.699898 -0.706655
    outer loop
      vertex 0.403523 -2.9012 15
      vertex 0.550261 -2.76635 15.112
      vertex 0.57211 -2.87619 15
    endloop
  endfacet
  facet normal -0.103835 0.699901 -0.706652
    outer loop
      vertex 0.550261 -2.76635 15.112
      vertex 0.403523 -2.9012 15
      vertex 0.276462 -2.80697 15.112
    endloop
  endfacet
  facet normal 0.238371 0.66621 -0.706642
    outer loop
      vertex -0.961765 -2.76673 15
      vertex -1.07938 -2.60585 15.112
      vertex -0.818761 -2.6991 15.112
    endloop
  endfacet
  facet normal 0.238396 0.666218 -0.706627
    outer loop
      vertex -1.07938 -2.60585 15.112
      vertex -0.961765 -2.76673 15
      vertex -1.12223 -2.70931 15
    endloop
  endfacet
  facet normal 0.238394 0.666187 -0.706656
    outer loop
      vertex -0.818761 -2.6991 15.112
      vertex -0.851271 -2.80627 15
      vertex -0.961765 -2.76673 15
    endloop
  endfacet
  facet normal 0.444265 0.158965 -0.88168
    outer loop
      vertex -1.71841 -0.521273 15.7968
      vertex -1.65904 -0.687196 15.7968
      vertex -1.99487 -0.826302 15.6025
    endloop
  endfacet
  facet normal 0.360622 0.129037 -0.923743
    outer loop
      vertex -1.35401 -0.410734 15.9545
      vertex -1.65904 -0.687196 15.7968
      vertex -1.71841 -0.521273 15.7968
    endloop
  endfacet
  facet normal -0.421515 0.568317 -0.70664
    outer loop
      vertex 1.72349 -2.36841 15
      vertex 1.78934 -2.18031 15.112
      vertex 1.86038 -2.26688 15
    endloop
  endfacet
  facet normal -0.42149 0.568317 -0.706655
    outer loop
      vertex 1.78934 -2.18031 15.112
      vertex 1.72349 -2.36841 15
      vertex 1.56701 -2.3452 15.112
    endloop
  endfacet
  facet normal -0.349607 0.316887 -0.881679
    outer loop
      vertex 1.38812 -1.1392 15.7968
      vertex 1.66911 -1.3698 15.6025
      vertex 1.26977 -1.26977 15.7968
    endloop
  endfacet
  facet normal -0.349616 0.316861 -0.881685
    outer loop
      vertex 1.66911 -1.3698 15.6025
      vertex 1.52681 -1.52681 15.6025
      vertex 1.26977 -1.26977 15.7968
    endloop
  endfacet
  facet normal -0.0311584 0.634114 -0.772612
    outer loop
      vertex 0.245233 -2.48989 15.3735
      vertex 0.276462 -2.80697 15.112
      vertex 0 -2.50194 15.3735
    endloop
  endfacet
  facet normal -0.378195 0.509941 -0.772612
    outer loop
      vertex 1.58721 -1.93402 15.3735
      vertex 1.78934 -2.18031 15.112
      vertex 1.56701 -2.3452 15.112
    endloop
  endfacet
  facet normal -0.475149 0.524304 -0.706639
    outer loop
      vertex 1.78934 -2.18031 15.112
      vertex 1.98667 -2.15243 15
      vertex 1.86038 -2.26688 15
    endloop
  endfacet
  facet normal -0.475157 0.524263 -0.706664
    outer loop
      vertex 1.98667 -2.15243 15
      vertex 1.78934 -2.18031 15.112
      vertex 1.99443 -1.99443 15.112
    endloop
  endfacet
  facet normal -0.42636 0.470423 -0.772605
    outer loop
      vertex 1.99443 -1.99443 15.112
      vertex 1.78934 -2.18031 15.112
      vertex 1.76914 -1.76914 15.3735
    endloop
  endfacet
  facet normal -0.606896 0.36374 -0.706661
    outer loop
      vertex 2.49865 -1.52857 15
      vertex 2.43832 -1.62923 15
      vertex 2.3452 -1.56701 15.112
    endloop
  endfacet
  facet normal -0.47128 0.0231586 -0.881679
    outer loop
      vertex 2.15923 0 15.6025
      vertex 2.14883 -0.211641 15.6025
      vertex 1.79573 0 15.7968
    endloop
  endfacet
  facet normal -0.371534 -0.0930661 -0.923743
    outer loop
      vertex 1.71841 0.521273 15.7968
      vertex 1.76123 0.350329 15.7968
      vertex 1.38775 0.27604 15.9545
    endloop
  endfacet
  facet normal -0.34624 0.163764 -0.923742
    outer loop
      vertex 1.30723 -0.541472 15.9545
      vertex 1.58369 -0.846501 15.7968
      vertex 1.24786 -0.666996 15.9545
    endloop
  endfacet
  facet normal -0.144703 0.13115 -0.980745
    outer loop
      vertex 0.78887 -0.647408 16.0741
      vertex 0.721614 -0.721614 16.0741
      vertex 0.435767 -0.435767 16.1545
    endloop
  endfacet
  facet normal 0.0951943 -0.0238452 -0.995173
    outer loop
      vertex -0.589731 0.178893 16.1545
      vertex -0.19721 0.059823 16.1949
      vertex -0.604426 0.120228 16.1545
    endloop
  endfacet
  facet normal -0.666218 0.238396 -0.706627
    outer loop
      vertex 2.60585 -1.07938 15.112
      vertex 2.76673 -0.961765 15
      vertex 2.70931 -1.12223 15
    endloop
  endfacet
  facet normal -0.66621 0.238371 -0.706642
    outer loop
      vertex 2.76673 -0.961765 15
      vertex 2.60585 -1.07938 15.112
      vertex 2.6991 -0.818761 15.112
    endloop
  endfacet
  facet normal -0.597768 0.213882 -0.772611
    outer loop
      vertex 2.6991 -0.818761 15.112
      vertex 2.60585 -1.07938 15.112
      vertex 2.31149 -0.957449 15.3735
    endloop
  endfacet
  facet normal -0.44663 -0.331241 -0.831144
    outer loop
      vertex 1.93402 1.58721 15.3735
      vertex 2.08028 1.39 15.3735
      vertex 1.66911 1.3698 15.6025
    endloop
  endfacet
  facet normal -0.639616 -0.302535 -0.706657
    outer loop
      vertex 2.58627 1.38239 15
      vertex 2.63645 1.2763 15
      vertex 2.4875 1.3296 15.112
    endloop
  endfacet
  facet normal -0.573919 -0.271457 -0.772611
    outer loop
      vertex 2.60585 1.07938 15.112
      vertex 2.31149 0.957449 15.3735
      vertex 2.20651 1.1794 15.3735
    endloop
  endfacet
  facet normal -0.666187 -0.238394 -0.706656
    outer loop
      vertex 2.76673 0.961765 15
      vertex 2.80627 0.851271 15
      vertex 2.6991 0.818761 15.112
    endloop
  endfacet
  facet normal -0.316861 -0.349616 -0.881685
    outer loop
      vertex 1.3698 1.66911 15.6025
      vertex 1.52681 1.52681 15.6025
      vertex 1.26977 1.26977 15.7968
    endloop
  endfacet
  facet normal -0.331241 -0.44663 -0.831144
    outer loop
      vertex 1.39 2.08028 15.3735
      vertex 1.58721 1.93402 15.3735
      vertex 1.3698 1.66911 15.6025
    endloop
  endfacet
  facet normal -0.544551 -0.326396 -0.772612
    outer loop
      vertex 2.3452 1.56701 15.112
      vertex 2.4875 1.3296 15.112
      vertex 2.20651 1.1794 15.3735
    endloop
  endfacet
  facet normal -0.47694 -0.28587 -0.831147
    outer loop
      vertex 2.08028 1.39 15.3735
      vertex 2.20651 1.1794 15.3735
      vertex 1.90427 1.01785 15.6025
    endloop
  endfacet
  facet normal -0.539396 0.135115 -0.831141
    outer loop
      vertex 2.45386 -0.488103 15.3735
      vertex 2.3942 -0.726274 15.3735
      vertex 2.06626 -0.626791 15.6025
    endloop
  endfacet
  facet normal -0.539392 0.135093 -0.831147
    outer loop
      vertex 2.11774 -0.421245 15.6025
      vertex 2.45386 -0.488103 15.3735
      vertex 2.06626 -0.626791 15.6025
    endloop
  endfacet
  facet normal -0.628007 0.0931654 -0.772611
    outer loop
      vertex 2.48989 -0.245233 15.3735
      vertex 2.80697 -0.276462 15.112
      vertex 2.45386 -0.488103 15.3735
    endloop
  endfacet
  facet normal -0.634114 0.0311584 -0.772612
    outer loop
      vertex 2.50194 0 15.3735
      vertex 2.80697 -0.276462 15.112
      vertex 2.48989 -0.245233 15.3735
    endloop
  endfacet
  facet normal -0.523543 0.187337 -0.831148
    outer loop
      vertex 2.06626 -0.626791 15.6025
      vertex 2.31149 -0.957449 15.3735
      vertex 1.99487 -0.826302 15.6025
    endloop
  endfacet
  facet normal -0.444262 0.158968 -0.88168
    outer loop
      vertex 2.06626 -0.626791 15.6025
      vertex 1.99487 -0.826302 15.6025
      vertex 1.71841 -0.521273 15.7968
    endloop
  endfacet
  facet normal -0.466743 0.0692148 -0.88168
    outer loop
      vertex 1.78708 -0.176012 15.7968
      vertex 2.14883 -0.211641 15.6025
      vertex 1.76123 -0.350329 15.7968
    endloop
  endfacet
  facet normal -0.28736 0.042617 -0.956874
    outer loop
      vertex 1.40812 -0.138688 15.9545
      vertex 1.38775 -0.27604 15.9545
      vertex 1.0156 -0.100028 16.0741
    endloop
  endfacet
  facet normal -0.457705 -0.114651 -0.881681
    outer loop
      vertex 2.06626 0.626791 15.6025
      vertex 1.76123 0.350329 15.7968
      vertex 1.71841 0.521273 15.7968
    endloop
  endfacet
  facet normal -0.457716 -0.114637 -0.881677
    outer loop
      vertex 2.06626 0.626791 15.6025
      vertex 2.11774 0.421245 15.6025
      vertex 1.76123 0.350329 15.7968
    endloop
  endfacet
  facet normal -0.550028 0.0815972 -0.831151
    outer loop
      vertex 2.48989 -0.245233 15.3735
      vertex 2.45386 -0.488103 15.3735
      vertex 2.14883 -0.211641 15.6025
    endloop
  endfacet
  facet normal -0.555377 0.0272895 -0.831151
    outer loop
      vertex 2.50194 0 15.3735
      vertex 2.48989 -0.245233 15.3735
      vertex 2.14883 -0.211641 15.6025
    endloop
  endfacet
  facet normal -0.363763 -0.606894 -0.706651
    outer loop
      vertex 1.3296 2.4875 15.112
      vertex 1.52857 2.49865 15
      vertex 1.56701 2.3452 15.112
    endloop
  endfacet
  facet normal -0.363767 -0.606887 -0.706656
    outer loop
      vertex 1.52857 2.49865 15
      vertex 1.3296 2.4875 15.112
      vertex 1.38239 2.58627 15
    endloop
  endfacet
  facet normal -0.326396 -0.544551 -0.772612
    outer loop
      vertex 1.3296 2.4875 15.112
      vertex 1.56701 2.3452 15.112
      vertex 1.1794 2.20651 15.3735
    endloop
  endfacet
  facet normal -0.302528 -0.639615 -0.706661
    outer loop
      vertex 1.07938 2.60585 15.112
      vertex 1.2763 2.63645 15
      vertex 1.3296 2.4875 15.112
    endloop
  endfacet
  facet normal -0.3025 -0.639667 -0.706626
    outer loop
      vertex 1.2763 2.63645 15
      vertex 1.07938 2.60585 15.112
      vertex 1.12223 2.70931 15
    endloop
  endfacet
  facet normal -0.28587 -0.47694 -0.831147
    outer loop
      vertex 1.1794 2.20651 15.3735
      vertex 1.39 2.08028 15.3735
      vertex 1.01785 1.90427 15.6025
    endloop
  endfacet
  facet normal -0.237752 -0.50266 -0.831148
    outer loop
      vertex 1.1794 2.20651 15.3735
      vertex 1.01785 1.90427 15.6025
      vertex 0.957449 2.31149 15.3735
    endloop
  endfacet
  facet normal -0.404723 -0.242589 -0.881674
    outer loop
      vertex 1.79533 1.1996 15.6025
      vertex 1.90427 1.01785 15.6025
      vertex 1.4931 0.997654 15.7968
    endloop
  endfacet
  facet normal -0.0788233 -0.0584587 -0.995173
    outer loop
      vertex 0.476381 0.390956 16.1545
      vertex 0.512407 0.34238 16.1545
      vertex 0.159305 0.130738 16.1949
    endloop
  endfacet
  facet normal -0.476936 -0.285873 -0.831149
    outer loop
      vertex 2.08028 1.39 15.3735
      vertex 1.90427 1.01785 15.6025
      vertex 1.79533 1.1996 15.6025
    endloop
  endfacet
  facet normal -0.32853 -0.196897 -0.923742
    outer loop
      vertex 1.4931 0.997654 15.7968
      vertex 1.58369 0.846501 15.7968
      vertex 1.17648 0.786097 15.9545
    endloop
  endfacet
  facet normal -0.21525 -0.19509 -0.956874
    outer loop
      vertex 1.00051 1.00051 15.9545
      vertex 0.78887 0.647408 16.0741
      vertex 0.721614 0.721614 16.0741
    endloop
  endfacet
  facet normal -0.215247 -0.195092 -0.956874
    outer loop
      vertex 1.00051 1.00051 15.9545
      vertex 1.09376 0.897626 15.9545
      vertex 0.78887 0.647408 16.0741
    endloop
  endfacet
  facet normal -0.228165 -0.307638 -0.923742
    outer loop
      vertex 0.997654 1.4931 15.7968
      vertex 1.1392 1.38812 15.7968
      vertex 0.786097 1.17648 15.9545
    endloop
  endfacet
  facet normal -0.17305 -0.233333 -0.956875
    outer loop
      vertex 0.786097 1.17648 15.9545
      vertex 0.647408 0.78887 16.0741
      vertex 0.566968 0.848528 16.0741
    endloop
  endfacet
  facet normal -0.114637 -0.457716 -0.881677
    outer loop
      vertex 0.421245 2.11774 15.6025
      vertex 0.626791 2.06626 15.6025
      vertex 0.350329 1.76123 15.7968
    endloop
  endfacet
  facet normal -0.201749 -0.426542 -0.88168
    outer loop
      vertex 1.01785 1.90427 15.6025
      vertex 0.846501 1.58369 15.7968
      vertex 0.826302 1.99487 15.6025
    endloop
  endfacet
  facet normal 0.103835 -0.699901 -0.706652
    outer loop
      vertex -0.550261 2.76635 15.112
      vertex -0.403523 2.9012 15
      vertex -0.276462 2.80697 15.112
    endloop
  endfacet
  facet normal 0.10383 -0.699898 -0.706655
    outer loop
      vertex -0.403523 2.9012 15
      vertex -0.550261 2.76635 15.112
      vertex -0.57211 2.87619 15
    endloop
  endfacet
  facet normal 0.171917 -0.686355 -0.706655
    outer loop
      vertex -0.550261 2.76635 15.112
      vertex -0.737434 2.83478 15
      vertex -0.57211 2.87619 15
    endloop
  endfacet
  facet normal 0.17191 -0.686363 -0.706649
    outer loop
      vertex -0.737434 2.83478 15
      vertex -0.550261 2.76635 15.112
      vertex -0.818761 2.6991 15.112
    endloop
  endfacet
  facet normal 0.213882 -0.597768 -0.772611
    outer loop
      vertex -0.818761 2.6991 15.112
      vertex -0.957449 2.31149 15.3735
      vertex -1.07938 2.60585 15.112
    endloop
  endfacet
  facet normal 0.0311584 -0.634114 -0.772612
    outer loop
      vertex 0 2.50194 15.3735
      vertex -0.245233 2.48989 15.3735
      vertex -0.276462 2.80697 15.112
    endloop
  endfacet
  facet normal -0.0311584 -0.634114 -0.772612
    outer loop
      vertex 0.276462 2.80697 15.112
      vertex 0.245233 2.48989 15.3735
      vertex 0 2.50194 15.3735
    endloop
  endfacet
  facet normal -0.0272895 -0.555377 -0.831151
    outer loop
      vertex 0.245233 2.48989 15.3735
      vertex 0.211641 2.14883 15.6025
      vertex 0 2.50194 15.3735
    endloop
  endfacet
  facet normal 0.0347288 -0.706714 -0.706647
    outer loop
      vertex -0.170226 2.92418 15
      vertex -0.276462 2.80697 15.112
      vertex -0.287439 2.91842 15
    endloop
  endfacet
  facet normal 0.103825 -0.699908 -0.706647
    outer loop
      vertex -0.287439 2.91842 15
      vertex -0.276462 2.80697 15.112
      vertex -0.403523 2.9012 15
    endloop
  endfacet
  facet normal -0.699908 -0.103825 -0.706647
    outer loop
      vertex 2.9012 0.403523 15
      vertex 2.91842 0.287439 15
      vertex 2.80697 0.276462 15.112
    endloop
  endfacet
  facet normal -0.706714 -0.0347288 -0.706647
    outer loop
      vertex 2.91842 0.287439 15
      vertex 2.92418 0.170226 15
      vertex 2.80697 0.276462 15.112
    endloop
  endfacet
  facet normal -0.606896 -0.36374 -0.706661
    outer loop
      vertex 2.43832 1.62923 15
      vertex 2.49865 1.52857 15
      vertex 2.3452 1.56701 15.112
    endloop
  endfacet
  facet normal 0.37899 0.281084 -0.881679
    outer loop
      vertex -1.4931 -0.997654 15.7968
      vertex -1.38812 -1.1392 15.7968
      vertex -1.66911 -1.3698 15.6025
    endloop
  endfacet
  facet normal 0.316887 0.349607 -0.881679
    outer loop
      vertex -1.26977 -1.26977 15.7968
      vertex -1.1392 -1.38812 15.7968
      vertex -1.3698 -1.66911 15.6025
    endloop
  endfacet
  facet normal 0.215247 0.195092 -0.956874
    outer loop
      vertex -0.78887 -0.647408 16.0741
      vertex -1.00051 -1.00051 15.9545
      vertex -1.09376 -0.897626 15.9545
    endloop
  endfacet
  facet normal 0.195092 0.215247 -0.956874
    outer loop
      vertex -0.647408 -0.78887 16.0741
      vertex -0.897626 -1.09376 15.9545
      vertex -1.00051 -1.00051 15.9545
    endloop
  endfacet
  facet normal 0.201751 0.426542 -0.881679
    outer loop
      vertex -0.687196 -1.65904 15.7968
      vertex -0.826302 -1.99487 15.6025
      vertex -0.846501 -1.58369 15.7968
    endloop
  endfacet
  facet normal 0.285873 0.476936 -0.831149
    outer loop
      vertex -1.1996 -1.79533 15.6025
      vertex -1.01785 -1.90427 15.6025
      vertex -1.39 -2.08028 15.3735
    endloop
  endfacet
  facet normal 0.316861 0.349616 -0.881685
    outer loop
      vertex -1.26977 -1.26977 15.7968
      vertex -1.3698 -1.66911 15.6025
      vertex -1.52681 -1.52681 15.6025
    endloop
  endfacet
  facet normal 0.37341 0.412024 -0.831145
    outer loop
      vertex -1.3698 -1.66911 15.6025
      vertex -1.58721 -1.93402 15.3735
      vertex -1.76914 -1.76914 15.3735
    endloop
  endfacet
  facet normal 0.52356 0.18732 -0.831142
    outer loop
      vertex -2.06626 -0.626791 15.6025
      vertex -2.31149 -0.957449 15.3735
      vertex -2.3942 -0.726274 15.3735
    endloop
  endfacet
  facet normal 0.373414 0.412015 -0.831148
    outer loop
      vertex -1.52681 -1.52681 15.6025
      vertex -1.3698 -1.66911 15.6025
      vertex -1.76914 -1.76914 15.3735
    endloop
  endfacet
  facet normal 0.544552 0.326395 -0.772612
    outer loop
      vertex -2.20651 -1.1794 15.3735
      vertex -2.08028 -1.39 15.3735
      vertex -2.3452 -1.56701 15.112
    endloop
  endfacet
  facet normal 0.382557 -0.0188123 -0.92374
    outer loop
      vertex -1.40812 0.138688 15.9545
      vertex -1.41494 0 15.9545
      vertex -1.79573 0 15.7968
    endloop
  endfacet
  facet normal 0.628007 0.0931654 -0.772611
    outer loop
      vertex -2.48989 -0.245233 15.3735
      vertex -2.45386 -0.488103 15.3735
      vertex -2.80697 -0.276462 15.112
    endloop
  endfacet
  facet normal 0.50266 -0.237752 -0.831148
    outer loop
      vertex -2.20651 1.1794 15.3735
      vertex -1.90427 1.01785 15.6025
      vertex -2.31149 0.957449 15.3735
    endloop
  endfacet
  facet normal 0.444262 -0.158968 -0.88168
    outer loop
      vertex -1.99487 0.826302 15.6025
      vertex -1.71841 0.521273 15.7968
      vertex -2.06626 0.626791 15.6025
    endloop
  endfacet
  facet normal 0.686359 -0.171896 -0.706656
    outer loop
      vertex -2.80627 0.851271 15
      vertex -2.6991 0.818761 15.112
      vertex -2.83478 0.737434 15
    endloop
  endfacet
  facet normal 0.550028 0.0815972 -0.831151
    outer loop
      vertex -2.14883 -0.211641 15.6025
      vertex -2.45386 -0.488103 15.3735
      vertex -2.48989 -0.245233 15.3735
    endloop
  endfacet
  facet normal 0.550036 0.0815853 -0.831147
    outer loop
      vertex -2.14883 -0.211641 15.6025
      vertex -2.11774 -0.421245 15.6025
      vertex -2.45386 -0.488103 15.3735
    endloop
  endfacet
  facet normal 0.360622 -0.129037 -0.923743
    outer loop
      vertex -1.65904 0.687196 15.7968
      vertex -1.35401 0.410734 15.9545
      vertex -1.71841 0.521273 15.7968
    endloop
  endfacet
  facet normal 0.34624 -0.163764 -0.923742
    outer loop
      vertex -1.24786 0.666996 15.9545
      vertex -1.30723 0.541472 15.9545
      vertex -1.58369 0.846501 15.7968
    endloop
  endfacet
  facet normal -0.0978675 -0.273521 -0.956874
    outer loop
      vertex 0.410734 1.35401 15.9545
      vertex 0.390534 0.942834 16.0741
      vertex 0.29624 0.976573 16.0741
    endloop
  endfacet
  facet normal -0.0474575 -0.189438 -0.980745
    outer loop
      vertex 0.199093 1.00091 16.0741
      vertex 0.29624 0.976573 16.0741
      vertex 0.120228 0.604426 16.1545
    endloop
  endfacet
  facet normal 0.195058 -0.00959416 -0.980745
    outer loop
      vertex -1.0156 0.100028 16.0741
      vertex -0.6133 0.0604048 16.1545
      vertex -1.02052 0 16.0741
    endloop
  endfacet
  facet normal 0.098017 0.00481355 -0.995173
    outer loop
      vertex -0.206083 0 16.1949
      vertex -0.205091 -0.0201998 16.1949
      vertex -0.616267 0 16.1545
    endloop
  endfacet
  facet normal -0.0330649 0.0923968 -0.995173
    outer loop
      vertex 0.0788641 -0.190396 16.1949
      vertex 0.235835 -0.569357 16.1545
      vertex 0.059823 -0.19721 16.1949
    endloop
  endfacet
  facet normal 0.233333 -0.17305 -0.956875
    outer loop
      vertex -0.78887 0.647408 16.0741
      vertex -0.848528 0.566968 16.0741
      vertex -1.17648 0.786097 15.9545
    endloop
  endfacet
  facet normal 0.273521 -0.0978675 -0.956874
    outer loop
      vertex -0.942834 0.390534 16.0741
      vertex -0.976573 0.29624 16.0741
      vertex -1.35401 0.410734 15.9545
    endloop
  endfacet
  facet normal 0.281796 -0.0705881 -0.956874
    outer loop
      vertex -1.35401 0.410734 15.9545
      vertex -0.976573 0.29624 16.0741
      vertex -1.38775 0.27604 15.9545
    endloop
  endfacet
  facet normal 0.21525 -0.19509 -0.956874
    outer loop
      vertex -0.721614 0.721614 16.0741
      vertex -0.78887 0.647408 16.0741
      vertex -1.00051 1.00051 15.9545
    endloop
  endfacet
  facet normal 0.412015 -0.373414 -0.831148
    outer loop
      vertex -1.52681 1.52681 15.6025
      vertex -1.66911 1.3698 15.6025
      vertex -1.76914 1.76914 15.3735
    endloop
  endfacet
  facet normal 0.475149 -0.524304 -0.706639
    outer loop
      vertex -1.78934 2.18031 15.112
      vertex -1.98667 2.15243 15
      vertex -1.86038 2.26688 15
    endloop
  endfacet
  facet normal 0.475157 -0.524263 -0.706664
    outer loop
      vertex -1.98667 2.15243 15
      vertex -1.78934 2.18031 15.112
      vertex -1.99443 1.99443 15.112
    endloop
  endfacet
  facet normal 0.42636 -0.470423 -0.772605
    outer loop
      vertex -1.78934 2.18031 15.112
      vertex -1.76914 1.76914 15.3735
      vertex -1.99443 1.99443 15.112
    endloop
  endfacet
  facet normal 0.568305 -0.421496 -0.706661
    outer loop
      vertex -2.36841 1.72349 15
      vertex -2.3452 1.56701 15.112
      vertex -2.43832 1.62923 15
    endloop
  endfacet
  facet normal 0.412024 -0.37341 -0.831145
    outer loop
      vertex -1.76914 1.76914 15.3735
      vertex -1.66911 1.3698 15.6025
      vertex -1.93402 1.58721 15.3735
    endloop
  endfacet
  facet normal 0.44663 -0.331241 -0.831144
    outer loop
      vertex -1.93402 1.58721 15.3735
      vertex -1.66911 1.3698 15.6025
      vertex -2.08028 1.39 15.3735
    endloop
  endfacet
  facet normal 0.257218 -0.283792 -0.923743
    outer loop
      vertex -0.897626 1.09376 15.9545
      vertex -1.00051 1.00051 15.9545
      vertex -1.1392 1.38812 15.7968
    endloop
  endfacet
  facet normal 0.24917 -0.149348 -0.956875
    outer loop
      vertex -0.848528 0.566968 16.0741
      vertex -0.900015 0.481068 16.0741
      vertex -1.17648 0.786097 15.9545
    endloop
  endfacet
  facet normal 0.13115 -0.144703 -0.980745
    outer loop
      vertex -0.647408 0.78887 16.0741
      vertex -0.435767 0.435767 16.1545
      vertex -0.721614 0.721614 16.0741
    endloop
  endfacet
  facet normal 0.13115 -0.144703 -0.980745
    outer loop
      vertex -0.390956 0.476381 16.1545
      vertex -0.435767 0.435767 16.1545
      vertex -0.647408 0.78887 16.0741
    endloop
  endfacet
  facet normal 0.00959416 -0.195058 -0.980745
    outer loop
      vertex 0 1.02052 16.0741
      vertex -0.0604048 0.6133 16.1545
      vertex -0.100028 1.0156 16.0741
    endloop
  endfacet
  facet normal 0.331223 -0.446634 -0.831149
    outer loop
      vertex -1.1996 1.79533 15.6025
      vertex -1.3698 1.66911 15.6025
      vertex -1.39 2.08028 15.3735
    endloop
  endfacet
  facet normal 0.639616 -0.302535 -0.706657
    outer loop
      vertex -2.58627 1.38239 15
      vertex -2.4875 1.3296 15.112
      vertex -2.63645 1.2763 15
    endloop
  endfacet
  facet normal 0.597768 -0.213882 -0.772611
    outer loop
      vertex -2.60585 1.07938 15.112
      vertex -2.31149 0.957449 15.3735
      vertex -2.6991 0.818761 15.112
    endloop
  endfacet
  facet normal 0.568305 0.421496 -0.706661
    outer loop
      vertex -2.3452 -1.56701 15.112
      vertex -2.36841 -1.72349 15
      vertex -2.43832 -1.62923 15
    endloop
  endfacet
  facet normal 0.36374 0.606896 -0.706661
    outer loop
      vertex -1.56701 -2.3452 15.112
      vertex -1.52857 -2.49865 15
      vertex -1.62923 -2.43832 15
    endloop
  endfacet
  facet normal 0.271454 0.573919 -0.772612
    outer loop
      vertex -1.1794 -2.20651 15.3735
      vertex -1.07938 -2.60585 15.112
      vertex -1.3296 -2.4875 15.112
    endloop
  endfacet
  facet normal 0.0815853 0.550036 -0.831147
    outer loop
      vertex -0.421245 -2.11774 15.6025
      vertex -0.211641 -2.14883 15.6025
      vertex -0.488103 -2.45386 15.3735
    endloop
  endfacet
  facet normal 0.114637 0.457716 -0.881677
    outer loop
      vertex -0.350329 -1.76123 15.7968
      vertex -0.421245 -2.11774 15.6025
      vertex -0.626791 -2.06626 15.6025
    endloop
  endfacet
  facet normal -0.0930668 0.371533 -0.923743
    outer loop
      vertex 0.410734 -1.35401 15.9545
      vertex 0.521273 -1.71841 15.7968
      vertex 0.27604 -1.38775 15.9545
    endloop
  endfacet
  facet normal -0.201749 0.426542 -0.88168
    outer loop
      vertex 0.846501 -1.58369 15.7968
      vertex 1.01785 -1.90427 15.6025
      vertex 0.826302 -1.99487 15.6025
    endloop
  endfacet
  facet normal -0.0978698 0.273521 -0.956874
    outer loop
      vertex 0.541472 -1.30723 15.9545
      vertex 0.410734 -1.35401 15.9545
      vertex 0.390534 -0.942834 16.0741
    endloop
  endfacet
  facet normal -0.158968 0.444262 -0.88168
    outer loop
      vertex 0.826302 -1.99487 15.6025
      vertex 0.626791 -2.06626 15.6025
      vertex 0.521273 -1.71841 15.7968
    endloop
  endfacet
  facet normal -0.0951943 0.0238447 -0.995173
    outer loop
      vertex 0.202124 -0.040205 16.1949
      vertex 0.604426 -0.120228 16.1545
      vertex 0.19721 -0.059823 16.1949
    endloop
  endfacet
  facet normal -0.0657918 0.183877 -0.980745
    outer loop
      vertex 0.235835 -0.569357 16.1545
      vertex 0.390534 -0.942834 16.0741
      vertex 0.178893 -0.589731 16.1545
    endloop
  endfacet
  facet normal 0.0143995 0.097073 -0.995173
    outer loop
      vertex -0.0201998 -0.205091 16.1949
      vertex -0.0604048 -0.6133 16.1545
      vertex -0.120228 -0.604426 16.1545
    endloop
  endfacet
  facet normal -0.262613 0.124206 -0.956874
    outer loop
      vertex 0.942834 -0.390534 16.0741
      vertex 1.24786 -0.666996 15.9545
      vertex 0.900015 -0.481068 16.0741
    endloop
  endfacet
  facet normal 0.262611 0.124209 -0.956874
    outer loop
      vertex -0.942834 -0.390534 16.0741
      vertex -1.24786 -0.666996 15.9545
      vertex -1.30723 -0.541472 15.9545
    endloop
  endfacet
  facet normal 0.262613 0.124206 -0.956874
    outer loop
      vertex -0.942834 -0.390534 16.0741
      vertex -0.900015 -0.481068 16.0741
      vertex -1.24786 -0.666996 15.9545
    endloop
  endfacet
  facet normal 0.0657918 0.183877 -0.980745
    outer loop
      vertex -0.235835 -0.569357 16.1545
      vertex -0.178893 -0.589731 16.1545
      vertex -0.390534 -0.942834 16.0741
    endloop
  endfacet
  facet normal 0.129036 0.360623 -0.923743
    outer loop
      vertex -0.541472 -1.30723 15.9545
      vertex -0.410734 -1.35401 15.9545
      vertex -0.687196 -1.65904 15.7968
    endloop
  endfacet
  facet normal 0.183877 0.0657924 -0.980745
    outer loop
      vertex -0.589731 -0.178893 16.1545
      vertex -0.942834 -0.390534 16.0741
      vertex -0.976573 -0.29624 16.0741
    endloop
  endfacet
  facet normal -0.0419589 0.0887128 -0.995173
    outer loop
      vertex 0.290506 -0.543499 16.1545
      vertex 0.235835 -0.569357 16.1545
      vertex 0.097147 -0.181749 16.1949
    endloop
  endfacet
  facet normal 0.116335 0.156861 -0.980745
    outer loop
      vertex -0.390956 -0.476381 16.1545
      vertex -0.34238 -0.512407 16.1545
      vertex -0.566968 -0.848528 16.0741
    endloop
  endfacet
  facet normal 0.0330605 0.0923988 -0.995173
    outer loop
      vertex -0.059823 -0.19721 16.1949
      vertex -0.178893 -0.589731 16.1545
      vertex -0.235835 -0.569357 16.1545
    endloop
  endfacet
  facet normal 0.0474575 0.189438 -0.980745
    outer loop
      vertex -0.120228 -0.604426 16.1545
      vertex -0.199093 -1.00091 16.0741
      vertex -0.29624 -0.976573 16.0741
    endloop
  endfacet
  facet normal 0.183877 0.0657918 -0.980745
    outer loop
      vertex -0.589731 -0.178893 16.1545
      vertex -0.569357 -0.235835 16.1545
      vertex -0.942834 -0.390534 16.0741
    endloop
  endfacet
  facet normal 0.0238447 0.0951943 -0.995173
    outer loop
      vertex -0.059823 -0.19721 16.1949
      vertex -0.040205 -0.202124 16.1949
      vertex -0.120228 -0.604426 16.1545
    endloop
  endfacet
  facet normal 0.116336 0.156861 -0.980745
    outer loop
      vertex -0.390956 -0.476381 16.1545
      vertex -0.566968 -0.848528 16.0741
      vertex -0.647408 -0.78887 16.0741
    endloop
  endfacet
  facet normal 0.242589 0.404723 -0.881674
    outer loop
      vertex -0.997654 -1.4931 15.7968
      vertex -1.01785 -1.90427 15.6025
      vertex -1.1996 -1.79533 15.6025
    endloop
  endfacet
  facet normal -0.283788 0.257228 -0.923741
    outer loop
      vertex 1.38812 -1.1392 15.7968
      vertex 1.26977 -1.26977 15.7968
      vertex 1.00051 -1.00051 15.9545
    endloop
  endfacet
  facet normal -0.412015 0.373414 -0.831148
    outer loop
      vertex 1.66911 -1.3698 15.6025
      vertex 1.76914 -1.76914 15.3735
      vertex 1.52681 -1.52681 15.6025
    endloop
  endfacet
  facet normal -0.129037 0.360622 -0.923743
    outer loop
      vertex 0.687196 -1.65904 15.7968
      vertex 0.521273 -1.71841 15.7968
      vertex 0.410734 -1.35401 15.9545
    endloop
  endfacet
  facet normal -0.196897 0.32853 -0.923742
    outer loop
      vertex 0.997654 -1.4931 15.7968
      vertex 0.846501 -1.58369 15.7968
      vertex 0.786097 -1.17648 15.9545
    endloop
  endfacet
  facet normal -0.360623 0.129036 -0.923743
    outer loop
      vertex 1.35401 -0.410734 15.9545
      vertex 1.65904 -0.687196 15.7968
      vertex 1.30723 -0.541472 15.9545
    endloop
  endfacet
  facet normal -0.426542 0.201751 -0.881679
    outer loop
      vertex 1.65904 -0.687196 15.7968
      vertex 1.99487 -0.826302 15.6025
      vertex 1.58369 -0.846501 15.7968
    endloop
  endfacet
  facet normal -0.0657924 0.183877 -0.980745
    outer loop
      vertex 0.390534 -0.942834 16.0741
      vertex 0.29624 -0.976573 16.0741
      vertex 0.178893 -0.589731 16.1545
    endloop
  endfacet
  facet normal -0.042617 0.28736 -0.956874
    outer loop
      vertex 0.27604 -1.38775 15.9545
      vertex 0.138688 -1.40812 15.9545
      vertex 0.100028 -1.0156 16.0741
    endloop
  endfacet
  facet normal 0.0286558 0.19318 -0.980745
    outer loop
      vertex -0.0604048 -0.6133 16.1545
      vertex -0.100028 -1.0156 16.0741
      vertex -0.120228 -0.604426 16.1545
    endloop
  endfacet
  facet normal 0.0930661 0.371534 -0.923743
    outer loop
      vertex -0.27604 -1.38775 15.9545
      vertex -0.350329 -1.76123 15.7968
      vertex -0.521273 -1.71841 15.7968
    endloop
  endfacet
  facet normal 0.042617 0.28736 -0.956874
    outer loop
      vertex -0.100028 -1.0156 16.0741
      vertex -0.138688 -1.40812 15.9545
      vertex -0.27604 -1.38775 15.9545
    endloop
  endfacet
  facet normal 0.0142715 0.290152 -0.956874
    outer loop
      vertex -0.100028 -1.0156 16.0741
      vertex 0 -1.02052 16.0741
      vertex -0.138688 -1.40812 15.9545
    endloop
  endfacet
  facet normal 0.114651 0.457705 -0.881681
    outer loop
      vertex -0.521273 -1.71841 15.7968
      vertex -0.350329 -1.76123 15.7968
      vertex -0.626791 -2.06626 15.6025
    endloop
  endfacet
  facet normal 0.0561882 0.378869 -0.923743
    outer loop
      vertex -0.27604 -1.38775 15.9545
      vertex -0.138688 -1.40812 15.9545
      vertex -0.350329 -1.76123 15.7968
    endloop
  endfacet
  facet normal 0.154267 0.615855 -0.772609
    outer loop
      vertex -0.488103 -2.45386 15.3735
      vertex -0.550261 -2.76635 15.112
      vertex -0.726274 -2.3942 15.3735
    endloop
  endfacet
  facet normal 0.171896 0.686359 -0.706656
    outer loop
      vertex -0.818761 -2.6991 15.112
      vertex -0.737434 -2.83478 15
      vertex -0.851271 -2.80627 15
    endloop
  endfacet
  facet normal 0.0931694 0.628008 -0.77261
    outer loop
      vertex -0.488103 -2.45386 15.3735
      vertex -0.276462 -2.80697 15.112
      vertex -0.550261 -2.76635 15.112
    endloop
  endfacet
  facet normal -0.0347288 0.706714 -0.706647
    outer loop
      vertex 0.276462 -2.80697 15.112
      vertex 0.287439 -2.91842 15
      vertex 0.170226 -2.92418 15
    endloop
  endfacet
  facet normal 0.213869 0.597766 -0.772616
    outer loop
      vertex -0.726274 -2.3942 15.3735
      vertex -0.818761 -2.6991 15.112
      vertex -0.957449 -2.31149 15.3735
    endloop
  endfacet
  facet normal 0.171917 0.686355 -0.706655
    outer loop
      vertex -0.737434 -2.83478 15
      vertex -0.550261 -2.76635 15.112
      vertex -0.57211 -2.87619 15
    endloop
  endfacet
  facet normal 0.17191 0.686363 -0.706649
    outer loop
      vertex -0.550261 -2.76635 15.112
      vertex -0.737434 -2.83478 15
      vertex -0.818761 -2.6991 15.112
    endloop
  endfacet
  facet normal -0.363767 0.606887 -0.706656
    outer loop
      vertex 1.3296 -2.4875 15.112
      vertex 1.52857 -2.49865 15
      vertex 1.38239 -2.58627 15
    endloop
  endfacet
  facet normal -0.363763 0.606894 -0.706651
    outer loop
      vertex 1.52857 -2.49865 15
      vertex 1.3296 -2.4875 15.112
      vertex 1.56701 -2.3452 15.112
    endloop
  endfacet
  facet normal -0.378196 0.509941 -0.772611
    outer loop
      vertex 1.58721 -1.93402 15.3735
      vertex 1.56701 -2.3452 15.112
      vertex 1.39 -2.08028 15.3735
    endloop
  endfacet
  facet normal -0.331241 0.44663 -0.831144
    outer loop
      vertex 1.58721 -1.93402 15.3735
      vertex 1.39 -2.08028 15.3735
      vertex 1.3698 -1.66911 15.6025
    endloop
  endfacet
  facet normal -0.37341 0.412024 -0.831145
    outer loop
      vertex 1.76914 -1.76914 15.3735
      vertex 1.58721 -1.93402 15.3735
      vertex 1.3698 -1.66911 15.6025
    endloop
  endfacet
  facet normal -0.187337 0.523543 -0.831148
    outer loop
      vertex 0.826302 -1.99487 15.6025
      vertex 0.957449 -2.31149 15.3735
      vertex 0.626791 -2.06626 15.6025
    endloop
  endfacet
  facet normal -0.18732 0.52356 -0.831142
    outer loop
      vertex 0.957449 -2.31149 15.3735
      vertex 0.726274 -2.3942 15.3735
      vertex 0.626791 -2.06626 15.6025
    endloop
  endfacet
  facet normal -0.28587 0.47694 -0.831147
    outer loop
      vertex 1.39 -2.08028 15.3735
      vertex 1.1794 -2.20651 15.3735
      vertex 1.01785 -1.90427 15.6025
    endloop
  endfacet
  facet normal -0.237752 0.50266 -0.831148
    outer loop
      vertex 1.01785 -1.90427 15.6025
      vertex 1.1794 -2.20651 15.3735
      vertex 0.957449 -2.31149 15.3735
    endloop
  endfacet
  facet normal -0.475178 0.524257 -0.706654
    outer loop
      vertex 1.99443 -1.99443 15.112
      vertex 2.07362 -2.07362 15
      vertex 1.98667 -2.15243 15
    endloop
  endfacet
  facet normal -0.509941 0.378195 -0.772612
    outer loop
      vertex 2.3452 -1.56701 15.112
      vertex 2.18031 -1.78934 15.112
      vertex 1.93402 -1.58721 15.3735
    endloop
  endfacet
  facet normal -0.470429 0.426341 -0.772613
    outer loop
      vertex 1.93402 -1.58721 15.3735
      vertex 2.18031 -1.78934 15.112
      vertex 1.76914 -1.76914 15.3735
    endloop
  endfacet
  facet normal -0.287362 -0.0426119 -0.956874
    outer loop
      vertex 1.38775 0.27604 15.9545
      vertex 1.0156 0.100028 16.0741
      vertex 1.00091 0.199093 16.0741
    endloop
  endfacet
  facet normal -0.281796 -0.0705948 -0.956874
    outer loop
      vertex 1.38775 0.27604 15.9545
      vertex 1.00091 0.199093 16.0741
      vertex 0.976573 0.29624 16.0741
    endloop
  endfacet
  facet normal -0.28736 -0.042617 -0.956874
    outer loop
      vertex 1.38775 0.27604 15.9545
      vertex 1.40812 0.138688 15.9545
      vertex 1.0156 0.100028 16.0741
    endloop
  endfacet
  facet normal -0.371534 0.0930661 -0.923743
    outer loop
      vertex 1.76123 -0.350329 15.7968
      vertex 1.71841 -0.521273 15.7968
      vertex 1.38775 -0.27604 15.9545
    endloop
  endfacet
  facet normal -0.466743 -0.0692148 -0.88168
    outer loop
      vertex 2.14883 0.211641 15.6025
      vertex 1.78708 0.176012 15.7968
      vertex 1.76123 0.350329 15.7968
    endloop
  endfacet
  facet normal -0.52356 -0.18732 -0.831142
    outer loop
      vertex 2.31149 0.957449 15.3735
      vertex 2.3942 0.726274 15.3735
      vertex 2.06626 0.626791 15.6025
    endloop
  endfacet
  facet normal 0.0504515 -0.0841734 -0.995173
    outer loop
      vertex -0.290506 0.543499 16.1545
      vertex -0.114493 0.171352 16.1949
      vertex -0.34238 0.512407 16.1545
    endloop
  endfacet
  facet normal -0.195056 0.00958087 -0.980745
    outer loop
      vertex 0.616267 0 16.1545
      vertex 1.02052 0 16.0741
      vertex 0.6133 -0.0604048 16.1545
    endloop
  endfacet
  facet normal -0.404727 0.242564 -0.88168
    outer loop
      vertex 1.58369 -0.846501 15.7968
      vertex 1.90427 -1.01785 15.6025
      vertex 1.4931 -0.997654 15.7968
    endloop
  endfacet
  facet normal -0.249179 0.149339 -0.956874
    outer loop
      vertex 1.24786 -0.666996 15.9545
      vertex 1.17648 -0.786097 15.9545
      vertex 0.900015 -0.481068 16.0741
    endloop
  endfacet
  facet normal -0.23333 -0.173058 -0.956874
    outer loop
      vertex 1.09376 0.897626 15.9545
      vertex 1.17648 0.786097 15.9545
      vertex 0.78887 0.647408 16.0741
    endloop
  endfacet
  facet normal 0.0143995 -0.097073 -0.995173
    outer loop
      vertex -0.0604048 0.6133 16.1545
      vertex -0.0201998 0.205091 16.1949
      vertex -0.120228 0.604426 16.1545
    endloop
  endfacet
  facet normal 0.0659047 0.0727125 -0.995173
    outer loop
      vertex -0.145723 -0.145723 16.1949
      vertex -0.130738 -0.159305 16.1949
      vertex -0.390956 -0.476381 16.1545
    endloop
  endfacet
  facet normal -0.262611 -0.124209 -0.956874
    outer loop
      vertex 1.24786 0.666996 15.9545
      vertex 1.30723 0.541472 15.9545
      vertex 0.942834 0.390534 16.0741
    endloop
  endfacet
  facet normal -0.475157 -0.524263 -0.706664
    outer loop
      vertex 1.78934 2.18031 15.112
      vertex 1.98667 2.15243 15
      vertex 1.99443 1.99443 15.112
    endloop
  endfacet
  facet normal -0.475149 -0.524304 -0.706639
    outer loop
      vertex 1.98667 2.15243 15
      vertex 1.78934 2.18031 15.112
      vertex 1.86038 2.26688 15
    endloop
  endfacet
  facet normal -0.42636 -0.470423 -0.772605
    outer loop
      vertex 1.78934 2.18031 15.112
      vertex 1.99443 1.99443 15.112
      vertex 1.76914 1.76914 15.3735
    endloop
  endfacet
  facet normal -0.597768 -0.213882 -0.772611
    outer loop
      vertex 2.60585 1.07938 15.112
      vertex 2.6991 0.818761 15.112
      vertex 2.31149 0.957449 15.3735
    endloop
  endfacet
  facet normal -0.539392 -0.135093 -0.831147
    outer loop
      vertex 2.45386 0.488103 15.3735
      vertex 2.11774 0.421245 15.6025
      vertex 2.06626 0.626791 15.6025
    endloop
  endfacet
  facet normal -0.349616 -0.316861 -0.881685
    outer loop
      vertex 1.52681 1.52681 15.6025
      vertex 1.66911 1.3698 15.6025
      vertex 1.26977 1.26977 15.7968
    endloop
  endfacet
  facet normal -0.412015 -0.373414 -0.831148
    outer loop
      vertex 1.76914 1.76914 15.3735
      vertex 1.66911 1.3698 15.6025
      vertex 1.52681 1.52681 15.6025
    endloop
  endfacet
  facet normal -0.378195 -0.509941 -0.772612
    outer loop
      vertex 1.78934 2.18031 15.112
      vertex 1.58721 1.93402 15.3735
      vertex 1.56701 2.3452 15.112
    endloop
  endfacet
  facet normal -0.378196 -0.509941 -0.772611
    outer loop
      vertex 1.56701 2.3452 15.112
      vertex 1.58721 1.93402 15.3735
      vertex 1.39 2.08028 15.3735
    endloop
  endfacet
  facet normal -0.544552 -0.326395 -0.772612
    outer loop
      vertex 2.3452 1.56701 15.112
      vertex 2.20651 1.1794 15.3735
      vertex 2.08028 1.39 15.3735
    endloop
  endfacet
  facet normal -0.568317 -0.42149 -0.706655
    outer loop
      vertex 2.18031 1.78934 15.112
      vertex 2.36841 1.72349 15
      vertex 2.3452 1.56701 15.112
    endloop
  endfacet
  facet normal -0.568317 -0.421515 -0.70664
    outer loop
      vertex 2.36841 1.72349 15
      vertex 2.18031 1.78934 15.112
      vertex 2.26688 1.86038 15
    endloop
  endfacet
  facet normal -0.426542 0.201749 -0.88168
    outer loop
      vertex 1.99487 -0.826302 15.6025
      vertex 1.90427 -1.01785 15.6025
      vertex 1.58369 -0.846501 15.7968
    endloop
  endfacet
  facet normal -0.50266 0.237753 -0.831148
    outer loop
      vertex 1.99487 -0.826302 15.6025
      vertex 2.31149 -0.957449 15.3735
      vertex 1.90427 -1.01785 15.6025
    endloop
  endfacet
  facet normal -0.382553 -0.0188003 -0.923742
    outer loop
      vertex 1.78708 0.176012 15.7968
      vertex 1.79573 0 15.7968
      vertex 1.40812 0.138688 15.9545
    endloop
  endfacet
  facet normal -0.555378 -0.0272912 -0.83115
    outer loop
      vertex 2.50194 0 15.3735
      vertex 2.15923 0 15.6025
      vertex 2.14883 0.211641 15.6025
    endloop
  endfacet
  facet normal -0.550036 -0.0815853 -0.831147
    outer loop
      vertex 2.45386 0.488103 15.3735
      vertex 2.14883 0.211641 15.6025
      vertex 2.11774 0.421245 15.6025
    endloop
  endfacet
  facet normal -0.628007 -0.0931654 -0.772611
    outer loop
      vertex 2.80697 0.276462 15.112
      vertex 2.48989 0.245233 15.3735
      vertex 2.45386 0.488103 15.3735
    endloop
  endfacet
  facet normal -0.523543 -0.187337 -0.831148
    outer loop
      vertex 2.31149 0.957449 15.3735
      vertex 2.06626 0.626791 15.6025
      vertex 1.99487 0.826302 15.6025
    endloop
  endfacet
  facet normal -0.444262 -0.158968 -0.88168
    outer loop
      vertex 1.99487 0.826302 15.6025
      vertex 2.06626 0.626791 15.6025
      vertex 1.71841 0.521273 15.7968
    endloop
  endfacet
  facet normal -0.421496 -0.568305 -0.706661
    outer loop
      vertex 1.62923 2.43832 15
      vertex 1.72349 2.36841 15
      vertex 1.56701 2.3452 15.112
    endloop
  endfacet
  facet normal -0.135093 -0.539392 -0.831147
    outer loop
      vertex 0.488103 2.45386 15.3735
      vertex 0.626791 2.06626 15.6025
      vertex 0.421245 2.11774 15.6025
    endloop
  endfacet
  facet normal -0.0815853 -0.550036 -0.831147
    outer loop
      vertex 0.488103 2.45386 15.3735
      vertex 0.421245 2.11774 15.6025
      vertex 0.211641 2.14883 15.6025
    endloop
  endfacet
  facet normal -0.238394 -0.666187 -0.706656
    outer loop
      vertex 0.851271 2.80627 15
      vertex 0.961765 2.76673 15
      vertex 0.818761 2.6991 15.112
    endloop
  endfacet
  facet normal -0.238396 -0.666218 -0.706627
    outer loop
      vertex 1.07938 2.60585 15.112
      vertex 0.961765 2.76673 15
      vertex 1.12223 2.70931 15
    endloop
  endfacet
  facet normal -0.238371 -0.66621 -0.706642
    outer loop
      vertex 0.961765 2.76673 15
      vertex 1.07938 2.60585 15.112
      vertex 0.818761 2.6991 15.112
    endloop
  endfacet
  facet normal -0.187337 -0.523543 -0.831148
    outer loop
      vertex 0.957449 2.31149 15.3735
      vertex 0.826302 1.99487 15.6025
      vertex 0.626791 2.06626 15.6025
    endloop
  endfacet
  facet normal -0.285873 -0.476936 -0.831149
    outer loop
      vertex 1.39 2.08028 15.3735
      vertex 1.1996 1.79533 15.6025
      vertex 1.01785 1.90427 15.6025
    endloop
  endfacet
  facet normal -0.242589 -0.404723 -0.881674
    outer loop
      vertex 1.01785 1.90427 15.6025
      vertex 1.1996 1.79533 15.6025
      vertex 0.997654 1.4931 15.7968
    endloop
  endfacet
  facet normal -0.446634 -0.331223 -0.831149
    outer loop
      vertex 2.08028 1.39 15.3735
      vertex 1.79533 1.1996 15.6025
      vertex 1.66911 1.3698 15.6025
    endloop
  endfacet
  facet normal -0.404727 -0.242564 -0.88168
    outer loop
      vertex 1.90427 1.01785 15.6025
      vertex 1.58369 0.846501 15.7968
      vertex 1.4931 0.997654 15.7968
    endloop
  endfacet
  facet normal -0.262613 -0.124206 -0.956874
    outer loop
      vertex 1.24786 0.666996 15.9545
      vertex 0.942834 0.390534 16.0741
      vertex 0.900015 0.481068 16.0741
    endloop
  endfacet
  facet normal -0.360623 -0.129036 -0.923743
    outer loop
      vertex 1.65904 0.687196 15.7968
      vertex 1.35401 0.410734 15.9545
      vertex 1.30723 0.541472 15.9545
    endloop
  endfacet
  facet normal -0.228168 -0.307633 -0.923743
    outer loop
      vertex 1.1392 1.38812 15.7968
      vertex 0.897626 1.09376 15.9545
      vertex 0.786097 1.17648 15.9545
    endloop
  endfacet
  facet normal -0.242564 -0.404727 -0.88168
    outer loop
      vertex 1.01785 1.90427 15.6025
      vertex 0.997654 1.4931 15.7968
      vertex 0.846501 1.58369 15.7968
    endloop
  endfacet
  facet normal -0.195092 -0.215247 -0.956874
    outer loop
      vertex 0.897626 1.09376 15.9545
      vertex 1.00051 1.00051 15.9545
      vertex 0.647408 0.78887 16.0741
    endloop
  endfacet
  facet normal -0.283792 -0.257218 -0.923743
    outer loop
      vertex 1.38812 1.1392 15.7968
      vertex 1.09376 0.897626 15.9545
      vertex 1.00051 1.00051 15.9545
    endloop
  endfacet
  facet normal -0.316887 -0.349607 -0.881679
    outer loop
      vertex 1.3698 1.66911 15.6025
      vertex 1.26977 1.26977 15.7968
      vertex 1.1392 1.38812 15.7968
    endloop
  endfacet
  facet normal -0.281084 -0.37899 -0.881679
    outer loop
      vertex 1.3698 1.66911 15.6025
      vertex 1.1392 1.38812 15.7968
      vertex 0.997654 1.4931 15.7968
    endloop
  endfacet
  facet normal 0.0272895 -0.555377 -0.831151
    outer loop
      vertex 0 2.50194 15.3735
      vertex -0.211641 2.14883 15.6025
      vertex -0.245233 2.48989 15.3735
    endloop
  endfacet
  facet normal -0.158965 -0.444265 -0.88168
    outer loop
      vertex 0.826302 1.99487 15.6025
      vertex 0.687196 1.65904 15.7968
      vertex 0.521273 1.71841 15.7968
    endloop
  endfacet
  facet normal -0.0931654 -0.628007 -0.772611
    outer loop
      vertex 0.276462 2.80697 15.112
      vertex 0.488103 2.45386 15.3735
      vertex 0.245233 2.48989 15.3735
    endloop
  endfacet
  facet normal -0.0815972 -0.550028 -0.831151
    outer loop
      vertex 0.245233 2.48989 15.3735
      vertex 0.488103 2.45386 15.3735
      vertex 0.211641 2.14883 15.6025
    endloop
  endfacet
  facet normal 0.349616 -0.316861 -0.881685
    outer loop
      vertex -1.52681 1.52681 15.6025
      vertex -1.26977 1.26977 15.7968
      vertex -1.66911 1.3698 15.6025
    endloop
  endfacet
  facet normal 0.238371 -0.66621 -0.706642
    outer loop
      vertex -1.07938 2.60585 15.112
      vertex -0.961765 2.76673 15
      vertex -0.818761 2.6991 15.112
    endloop
  endfacet
  facet normal 0.238396 -0.666218 -0.706627
    outer loop
      vertex -0.961765 2.76673 15
      vertex -1.07938 2.60585 15.112
      vertex -1.12223 2.70931 15
    endloop
  endfacet
  facet normal 0.171896 -0.686359 -0.706656
    outer loop
      vertex -0.737434 2.83478 15
      vertex -0.818761 2.6991 15.112
      vertex -0.851271 2.80627 15
    endloop
  endfacet
  facet normal -0.573919 -0.271454 -0.772612
    outer loop
      vertex 2.4875 1.3296 15.112
      vertex 2.60585 1.07938 15.112
      vertex 2.20651 1.1794 15.3735
    endloop
  endfacet
  facet normal -0.639667 -0.3025 -0.706626
    outer loop
      vertex 2.60585 1.07938 15.112
      vertex 2.63645 1.2763 15
      vertex 2.70931 1.12223 15
    endloop
  endfacet
  facet normal -0.639615 -0.302528 -0.706661
    outer loop
      vertex 2.63645 1.2763 15
      vertex 2.60585 1.07938 15.112
      vertex 2.4875 1.3296 15.112
    endloop
  endfacet
  facet normal 0.283788 0.257228 -0.923741
    outer loop
      vertex -1.00051 -1.00051 15.9545
      vertex -1.26977 -1.26977 15.7968
      vertex -1.38812 -1.1392 15.7968
    endloop
  endfacet
  facet normal 0.257228 0.283788 -0.923741
    outer loop
      vertex -1.00051 -1.00051 15.9545
      vertex -1.1392 -1.38812 15.7968
      vertex -1.26977 -1.26977 15.7968
    endloop
  endfacet
  facet normal 0.176543 0.083498 -0.980745
    outer loop
      vertex -0.569357 -0.235835 16.1545
      vertex -0.900015 -0.481068 16.0741
      vertex -0.942834 -0.390534 16.0741
    endloop
  endfacet
  facet normal 0.34624 0.163764 -0.923742
    outer loop
      vertex -1.30723 -0.541472 15.9545
      vertex -1.24786 -0.666996 15.9545
      vertex -1.58369 -0.846501 15.7968
    endloop
  endfacet
  facet normal 0.404727 0.242564 -0.88168
    outer loop
      vertex -1.58369 -0.846501 15.7968
      vertex -1.4931 -0.997654 15.7968
      vertex -1.90427 -1.01785 15.6025
    endloop
  endfacet
  facet normal 0.404723 0.242589 -0.881674
    outer loop
      vertex -1.4931 -0.997654 15.7968
      vertex -1.79533 -1.1996 15.6025
      vertex -1.90427 -1.01785 15.6025
    endloop
  endfacet
  facet normal 0.412024 0.37341 -0.831145
    outer loop
      vertex -1.66911 -1.3698 15.6025
      vertex -1.76914 -1.76914 15.3735
      vertex -1.93402 -1.58721 15.3735
    endloop
  endfacet
  facet normal 0.686359 0.171896 -0.706656
    outer loop
      vertex -2.6991 -0.818761 15.112
      vertex -2.80627 -0.851271 15
      vertex -2.83478 -0.737434 15
    endloop
  endfacet
  facet normal 0.568317 0.421515 -0.70664
    outer loop
      vertex -2.36841 -1.72349 15
      vertex -2.18031 -1.78934 15.112
      vertex -2.26688 -1.86038 15
    endloop
  endfacet
  facet normal 0.568317 0.42149 -0.706655
    outer loop
      vertex -2.18031 -1.78934 15.112
      vertex -2.36841 -1.72349 15
      vertex -2.3452 -1.56701 15.112
    endloop
  endfacet
  facet normal 0.524263 0.475157 -0.706664
    outer loop
      vertex -2.15243 -1.98667 15
      vertex -2.18031 -1.78934 15.112
      vertex -1.99443 -1.99443 15.112
    endloop
  endfacet
  facet normal 0.524304 0.475149 -0.706639
    outer loop
      vertex -2.18031 -1.78934 15.112
      vertex -2.15243 -1.98667 15
      vertex -2.26688 -1.86038 15
    endloop
  endfacet
  facet normal 0.378195 0.509941 -0.772612
    outer loop
      vertex -1.58721 -1.93402 15.3735
      vertex -1.56701 -2.3452 15.112
      vertex -1.78934 -2.18031 15.112
    endloop
  endfacet
  facet normal 0.509941 0.378195 -0.772612
    outer loop
      vertex -1.93402 -1.58721 15.3735
      vertex -2.18031 -1.78934 15.112
      vertex -2.3452 -1.56701 15.112
    endloop
  endfacet
  facet normal 0.404723 -0.242589 -0.881674
    outer loop
      vertex -1.79533 1.1996 15.6025
      vertex -1.4931 0.997654 15.7968
      vertex -1.90427 1.01785 15.6025
    endloop
  endfacet
  facet normal 0.476936 -0.285873 -0.831149
    outer loop
      vertex -1.79533 1.1996 15.6025
      vertex -1.90427 1.01785 15.6025
      vertex -2.08028 1.39 15.3735
    endloop
  endfacet
  facet normal 0.597766 -0.213869 -0.772616
    outer loop
      vertex -2.31149 0.957449 15.3735
      vertex -2.3942 0.726274 15.3735
      vertex -2.6991 0.818761 15.112
    endloop
  endfacet
  facet normal 0.615851 -0.154249 -0.772616
    outer loop
      vertex -2.6991 0.818761 15.112
      vertex -2.3942 0.726274 15.3735
      vertex -2.76635 0.550261 15.112
    endloop
  endfacet
  facet normal 0.573919 -0.271457 -0.772611
    outer loop
      vertex -2.20651 1.1794 15.3735
      vertex -2.31149 0.957449 15.3735
      vertex -2.60585 1.07938 15.112
    endloop
  endfacet
  facet normal 0.573919 -0.271454 -0.772612
    outer loop
      vertex -2.4875 1.3296 15.112
      vertex -2.20651 1.1794 15.3735
      vertex -2.60585 1.07938 15.112
    endloop
  endfacet
  facet normal 0.382553 0.0188003 -0.923742
    outer loop
      vertex -1.40812 -0.138688 15.9545
      vertex -1.78708 -0.176012 15.7968
      vertex -1.79573 0 15.7968
    endloop
  endfacet
  facet normal 0.471279 0.0231607 -0.88168
    outer loop
      vertex -1.79573 0 15.7968
      vertex -1.78708 -0.176012 15.7968
      vertex -2.14883 -0.211641 15.6025
    endloop
  endfacet
  facet normal 0.426542 -0.201751 -0.881679
    outer loop
      vertex -1.58369 0.846501 15.7968
      vertex -1.65904 0.687196 15.7968
      vertex -1.99487 0.826302 15.6025
    endloop
  endfacet
  facet normal 0.346236 -0.163767 -0.923743
    outer loop
      vertex -1.58369 0.846501 15.7968
      vertex -1.30723 0.541472 15.9545
      vertex -1.65904 0.687196 15.7968
    endloop
  endfacet
  facet normal 0.273521 -0.0978698 -0.956874
    outer loop
      vertex -1.30723 0.541472 15.9545
      vertex -0.942834 0.390534 16.0741
      vertex -1.35401 0.410734 15.9545
    endloop
  endfacet
  facet normal 0.262611 -0.124209 -0.956874
    outer loop
      vertex -1.24786 0.666996 15.9545
      vertex -0.942834 0.390534 16.0741
      vertex -1.30723 0.541472 15.9545
    endloop
  endfacet
  facet normal -0.042617 -0.28736 -0.956874
    outer loop
      vertex 0.138688 1.40812 15.9545
      vertex 0.27604 1.38775 15.9545
      vertex 0.100028 1.0156 16.0741
    endloop
  endfacet
  facet normal -0.056184 -0.378871 -0.923742
    outer loop
      vertex 0.176012 1.78708 15.7968
      vertex 0.350329 1.76123 15.7968
      vertex 0.138688 1.40812 15.9545
    endloop
  endfacet
  facet normal -0.149348 -0.24917 -0.956875
    outer loop
      vertex 0.786097 1.17648 15.9545
      vertex 0.566968 0.848528 16.0741
      vertex 0.481068 0.900015 16.0741
    endloop
  endfacet
  facet normal -0.149339 -0.249179 -0.956874
    outer loop
      vertex 0.666996 1.24786 15.9545
      vertex 0.786097 1.17648 15.9545
      vertex 0.481068 0.900015 16.0741
    endloop
  endfacet
  facet normal 0.195056 -0.00958087 -0.980745
    outer loop
      vertex -0.6133 0.0604048 16.1545
      vertex -0.616267 0 16.1545
      vertex -1.02052 0 16.0741
    endloop
  endfacet
  facet normal 0.195056 0.00958087 -0.980745
    outer loop
      vertex -0.616267 0 16.1545
      vertex -0.6133 -0.0604048 16.1545
      vertex -1.02052 0 16.0741
    endloop
  endfacet
  facet normal 0.19318 -0.0286558 -0.980745
    outer loop
      vertex -0.604426 0.120228 16.1545
      vertex -0.6133 0.0604048 16.1545
      vertex -1.0156 0.100028 16.0741
    endloop
  endfacet
  facet normal -0.0951943 0.0238452 -0.995173
    outer loop
      vertex 0.604426 -0.120228 16.1545
      vertex 0.589731 -0.178893 16.1545
      vertex 0.19721 -0.059823 16.1949
    endloop
  endfacet
  facet normal 0.28736 -0.042617 -0.956874
    outer loop
      vertex -1.38775 0.27604 15.9545
      vertex -1.0156 0.100028 16.0741
      vertex -1.40812 0.138688 15.9545
    endloop
  endfacet
  facet normal 0.290152 -0.0142715 -0.956874
    outer loop
      vertex -1.0156 0.100028 16.0741
      vertex -1.02052 0 16.0741
      vertex -1.40812 0.138688 15.9545
    endloop
  endfacet
  facet normal 0.156861 -0.116335 -0.980745
    outer loop
      vertex -0.476381 0.390956 16.1545
      vertex -0.512407 0.34238 16.1545
      vertex -0.848528 0.566968 16.0741
    endloop
  endfacet
  facet normal 0.100401 -0.167508 -0.980745
    outer loop
      vertex -0.481068 0.900015 16.0741
      vertex -0.34238 0.512407 16.1545
      vertex -0.566968 0.848528 16.0741
    endloop
  endfacet
  facet normal 0.144703 -0.13115 -0.980745
    outer loop
      vertex -0.721614 0.721614 16.0741
      vertex -0.435767 0.435767 16.1545
      vertex -0.78887 0.647408 16.0741
    endloop
  endfacet
  facet normal 0.36374 -0.606896 -0.706661
    outer loop
      vertex -1.52857 2.49865 15
      vertex -1.56701 2.3452 15.112
      vertex -1.62923 2.43832 15
    endloop
  endfacet
  facet normal 0.426341 -0.470429 -0.772613
    outer loop
      vertex -1.58721 1.93402 15.3735
      vertex -1.76914 1.76914 15.3735
      vertex -1.78934 2.18031 15.112
    endloop
  endfacet
  facet normal 0.42149 -0.568317 -0.706655
    outer loop
      vertex -1.78934 2.18031 15.112
      vertex -1.72349 2.36841 15
      vertex -1.56701 2.3452 15.112
    endloop
  endfacet
  facet normal 0.421515 -0.568317 -0.70664
    outer loop
      vertex -1.72349 2.36841 15
      vertex -1.78934 2.18031 15.112
      vertex -1.86038 2.26688 15
    endloop
  endfacet
  facet normal 0.37899 -0.281084 -0.881679
    outer loop
      vertex -1.38812 1.1392 15.7968
      vertex -1.4931 0.997654 15.7968
      vertex -1.66911 1.3698 15.6025
    endloop
  endfacet
  facet normal 0.32853 -0.196896 -0.923742
    outer loop
      vertex -1.17648 0.786097 15.9545
      vertex -1.24786 0.666996 15.9545
      vertex -1.58369 0.846501 15.7968
    endloop
  endfacet
  facet normal 0.283792 -0.257218 -0.923743
    outer loop
      vertex -1.00051 1.00051 15.9545
      vertex -1.09376 0.897626 15.9545
      vertex -1.38812 1.1392 15.7968
    endloop
  endfacet
  facet normal 0.17305 -0.233333 -0.956875
    outer loop
      vertex -0.566968 0.848528 16.0741
      vertex -0.647408 0.78887 16.0741
      vertex -0.786097 1.17648 15.9545
    endloop
  endfacet
  facet normal -0.0142715 -0.290152 -0.956874
    outer loop
      vertex 0.138688 1.40812 15.9545
      vertex 0.100028 1.0156 16.0741
      vertex 0 1.02052 16.0741
    endloop
  endfacet
  facet normal 0.0142683 -0.290153 -0.956874
    outer loop
      vertex 0 1.41494 15.9545
      vertex 0 1.02052 16.0741
      vertex -0.138688 1.40812 15.9545
    endloop
  endfacet
  facet normal 0.042617 -0.28736 -0.956874
    outer loop
      vertex -0.138688 1.40812 15.9545
      vertex -0.100028 1.0156 16.0741
      vertex -0.27604 1.38775 15.9545
    endloop
  endfacet
  facet normal 0.0561882 -0.378869 -0.923743
    outer loop
      vertex -0.138688 1.40812 15.9545
      vertex -0.27604 1.38775 15.9545
      vertex -0.350329 1.76123 15.7968
    endloop
  endfacet
  facet normal 0.699908 -0.103825 -0.706647
    outer loop
      vertex -2.9012 0.403523 15
      vertex -2.80697 0.276462 15.112
      vertex -2.91842 0.287439 15
    endloop
  endfacet
  facet normal 0.509941 -0.378195 -0.772612
    outer loop
      vertex -2.18031 1.78934 15.112
      vertex -1.93402 1.58721 15.3735
      vertex -2.3452 1.56701 15.112
    endloop
  endfacet
  facet normal 0.237752 0.50266 -0.831148
    outer loop
      vertex -1.01785 -1.90427 15.6025
      vertex -0.957449 -2.31149 15.3735
      vertex -1.1794 -2.20651 15.3735
    endloop
  endfacet
  facet normal 0.28587 0.47694 -0.831147
    outer loop
      vertex -1.01785 -1.90427 15.6025
      vertex -1.1794 -2.20651 15.3735
      vertex -1.39 -2.08028 15.3735
    endloop
  endfacet
  facet normal -0.0931694 0.628008 -0.77261
    outer loop
      vertex 0.488103 -2.45386 15.3735
      vertex 0.550261 -2.76635 15.112
      vertex 0.276462 -2.80697 15.112
    endloop
  endfacet
  facet normal 0.0231586 0.47128 -0.881679
    outer loop
      vertex 0 -1.79573 15.7968
      vertex 0 -2.15923 15.6025
      vertex -0.211641 -2.14883 15.6025
    endloop
  endfacet
  facet normal -0.0272912 0.555378 -0.83115
    outer loop
      vertex 0 -2.15923 15.6025
      vertex 0.211641 -2.14883 15.6025
      vertex 0 -2.50194 15.3735
    endloop
  endfacet
  facet normal -0.135115 0.539396 -0.831141
    outer loop
      vertex 0.626791 -2.06626 15.6025
      vertex 0.726274 -2.3942 15.3735
      vertex 0.488103 -2.45386 15.3735
    endloop
  endfacet
  facet normal -0.196896 0.32853 -0.923742
    outer loop
      vertex 0.786097 -1.17648 15.9545
      vertex 0.846501 -1.58369 15.7968
      vertex 0.666996 -1.24786 15.9545
    endloop
  endfacet
  facet normal -0.0231607 0.471279 -0.88168
    outer loop
      vertex 0.176012 -1.78708 15.7968
      vertex 0.211641 -2.14883 15.6025
      vertex 0 -1.79573 15.7968
    endloop
  endfacet
  facet normal -0.285873 0.476936 -0.831149
    outer loop
      vertex 1.1996 -1.79533 15.6025
      vertex 1.39 -2.08028 15.3735
      vertex 1.01785 -1.90427 15.6025
    endloop
  endfacet
  facet normal -0.242589 0.404723 -0.881674
    outer loop
      vertex 1.1996 -1.79533 15.6025
      vertex 1.01785 -1.90427 15.6025
      vertex 0.997654 -1.4931 15.7968
    endloop
  endfacet
  facet normal -0.083498 0.176543 -0.980745
    outer loop
      vertex 0.481068 -0.900015 16.0741
      vertex 0.390534 -0.942834 16.0741
      vertex 0.235835 -0.569357 16.1545
    endloop
  endfacet
  facet normal -0.0834998 0.176542 -0.980745
    outer loop
      vertex 0.290506 -0.543499 16.1545
      vertex 0.481068 -0.900015 16.0741
      vertex 0.235835 -0.569357 16.1545
    endloop
  endfacet
  facet normal -0.0419575 0.0887133 -0.995173
    outer loop
      vertex 0.097147 -0.181749 16.1949
      vertex 0.235835 -0.569357 16.1545
      vertex 0.0788641 -0.190396 16.1949
    endloop
  endfacet
  facet normal -0.00481355 0.098017 -0.995173
    outer loop
      vertex 0 -0.206083 16.1949
      vertex 0.0201998 -0.205091 16.1949
      vertex 0 -0.616267 16.1545
    endloop
  endfacet
  facet normal 0.281796 0.0705948 -0.956874
    outer loop
      vertex -1.00091 -0.199093 16.0741
      vertex -0.976573 -0.29624 16.0741
      vertex -1.38775 -0.27604 15.9545
    endloop
  endfacet
  facet normal 0.098017 -0.00481446 -0.995173
    outer loop
      vertex -0.6133 0.0604048 16.1545
      vertex -0.205091 0.0201998 16.1949
      vertex -0.616267 0 16.1545
    endloop
  endfacet
  facet normal 0.189438 0.0474575 -0.980745
    outer loop
      vertex -0.604426 -0.120228 16.1545
      vertex -0.976573 -0.29624 16.0741
      vertex -1.00091 -0.199093 16.0741
    endloop
  endfacet
  facet normal 0.273521 0.0978675 -0.956874
    outer loop
      vertex -0.976573 -0.29624 16.0741
      vertex -0.942834 -0.390534 16.0741
      vertex -1.35401 -0.410734 15.9545
    endloop
  endfacet
  facet normal 0.13115 0.144703 -0.980745
    outer loop
      vertex -0.435767 -0.435767 16.1545
      vertex -0.390956 -0.476381 16.1545
      vertex -0.647408 -0.78887 16.0741
    endloop
  endfacet
  facet normal 0.0788233 0.0584587 -0.995173
    outer loop
      vertex -0.159305 -0.130738 16.1949
      vertex -0.476381 -0.390956 16.1545
      vertex -0.512407 -0.34238 16.1545
    endloop
  endfacet
  facet normal 0.18944 0.0474529 -0.980745
    outer loop
      vertex -0.604426 -0.120228 16.1545
      vertex -0.589731 -0.178893 16.1545
      vertex -0.976573 -0.29624 16.0741
    endloop
  endfacet
  facet normal -0.0788233 0.0584587 -0.995173
    outer loop
      vertex 0.512407 -0.34238 16.1545
      vertex 0.476381 -0.390956 16.1545
      vertex 0.159305 -0.130738 16.1949
    endloop
  endfacet
  facet normal 0.0419589 0.0887128 -0.995173
    outer loop
      vertex -0.097147 -0.181749 16.1949
      vertex -0.235835 -0.569357 16.1545
      vertex -0.290506 -0.543499 16.1545
    endloop
  endfacet
  facet normal -0.0238447 0.0951943 -0.995173
    outer loop
      vertex 0.059823 -0.19721 16.1949
      vertex 0.120228 -0.604426 16.1545
      vertex 0.040205 -0.202124 16.1949
    endloop
  endfacet
  facet normal 0.00958087 0.195056 -0.980745
    outer loop
      vertex 0 -0.616267 16.1545
      vertex 0 -1.02052 16.0741
      vertex -0.0604048 -0.6133 16.1545
    endloop
  endfacet
  facet normal 0.00481446 0.098017 -0.995173
    outer loop
      vertex -0.0201998 -0.205091 16.1949
      vertex 0 -0.616267 16.1545
      vertex -0.0604048 -0.6133 16.1545
    endloop
  endfacet
  facet normal 0.0978675 0.273521 -0.956874
    outer loop
      vertex -0.390534 -0.942834 16.0741
      vertex -0.29624 -0.976573 16.0741
      vertex -0.410734 -1.35401 15.9545
    endloop
  endfacet
  facet normal 0.0657918 -0.183877 -0.980745
    outer loop
      vertex -0.178893 0.589731 16.1545
      vertex -0.235835 0.569357 16.1545
      vertex -0.390534 0.942834 16.0741
    endloop
  endfacet
  facet normal -0.097073 0.0143995 -0.995173
    outer loop
      vertex 0.6133 -0.0604048 16.1545
      vertex 0.604426 -0.120228 16.1545
      vertex 0.205091 -0.0201998 16.1949
    endloop
  endfacet
  facet normal 0.0659033 0.0727136 -0.995173
    outer loop
      vertex -0.145723 -0.145723 16.1949
      vertex -0.390956 -0.476381 16.1545
      vertex -0.435767 -0.435767 16.1545
    endloop
  endfacet
  facet normal 0.196897 0.32853 -0.923742
    outer loop
      vertex -0.786097 -1.17648 15.9545
      vertex -0.846501 -1.58369 15.7968
      vertex -0.997654 -1.4931 15.7968
    endloop
  endfacet
  facet normal 0.228165 0.307638 -0.923742
    outer loop
      vertex -0.786097 -1.17648 15.9545
      vertex -0.997654 -1.4931 15.7968
      vertex -1.1392 -1.38812 15.7968
    endloop
  endfacet
  facet normal 0.196896 0.32853 -0.923742
    outer loop
      vertex -0.786097 -1.17648 15.9545
      vertex -0.666996 -1.24786 15.9545
      vertex -0.846501 -1.58369 15.7968
    endloop
  endfacet
  facet normal 0.163764 0.34624 -0.923742
    outer loop
      vertex -0.666996 -1.24786 15.9545
      vertex -0.541472 -1.30723 15.9545
      vertex -0.846501 -1.58369 15.7968
    endloop
  endfacet
  facet normal -0.446634 0.331223 -0.831149
    outer loop
      vertex 1.79533 -1.1996 15.6025
      vertex 2.08028 -1.39 15.3735
      vertex 1.66911 -1.3698 15.6025
    endloop
  endfacet
  facet normal -0.476936 0.285873 -0.831149
    outer loop
      vertex 1.90427 -1.01785 15.6025
      vertex 2.08028 -1.39 15.3735
      vertex 1.79533 -1.1996 15.6025
    endloop
  endfacet
  facet normal -0.281084 0.37899 -0.881679
    outer loop
      vertex 1.1392 -1.38812 15.7968
      vertex 1.3698 -1.66911 15.6025
      vertex 0.997654 -1.4931 15.7968
    endloop
  endfacet
  facet normal -0.228165 0.307638 -0.923742
    outer loop
      vertex 1.1392 -1.38812 15.7968
      vertex 0.997654 -1.4931 15.7968
      vertex 0.786097 -1.17648 15.9545
    endloop
  endfacet
  facet normal -0.124209 0.262611 -0.956874
    outer loop
      vertex 0.666996 -1.24786 15.9545
      vertex 0.541472 -1.30723 15.9545
      vertex 0.390534 -0.942834 16.0741
    endloop
  endfacet
  facet normal -0.100401 0.167508 -0.980745
    outer loop
      vertex 0.566968 -0.848528 16.0741
      vertex 0.481068 -0.900015 16.0741
      vertex 0.34238 -0.512407 16.1545
    endloop
  endfacet
  facet normal -0.0705881 0.281796 -0.956874
    outer loop
      vertex 0.29624 -0.976573 16.0741
      vertex 0.410734 -1.35401 15.9545
      vertex 0.27604 -1.38775 15.9545
    endloop
  endfacet
  facet normal -0.0426119 0.287362 -0.956874
    outer loop
      vertex 0.199093 -1.00091 16.0741
      vertex 0.27604 -1.38775 15.9545
      vertex 0.100028 -1.0156 16.0741
    endloop
  endfacet
  facet normal -0.237753 0.50266 -0.831148
    outer loop
      vertex 1.01785 -1.90427 15.6025
      vertex 0.957449 -2.31149 15.3735
      vertex 0.826302 -1.99487 15.6025
    endloop
  endfacet
  facet normal -0.242564 0.404727 -0.88168
    outer loop
      vertex 0.997654 -1.4931 15.7968
      vertex 1.01785 -1.90427 15.6025
      vertex 0.846501 -1.58369 15.7968
    endloop
  endfacet
  facet normal -0.0286558 0.19318 -0.980745
    outer loop
      vertex 0.120228 -0.604426 16.1545
      vertex 0.100028 -1.0156 16.0741
      vertex 0.0604048 -0.6133 16.1545
    endloop
  endfacet
  facet normal -0.00959416 0.195058 -0.980745
    outer loop
      vertex 0.0604048 -0.6133 16.1545
      vertex 0.100028 -1.0156 16.0741
      vertex 0 -1.02052 16.0741
    endloop
  endfacet
  facet normal -0.0659033 -0.0727136 -0.995173
    outer loop
      vertex 0.390956 0.476381 16.1545
      vertex 0.435767 0.435767 16.1545
      vertex 0.145723 0.145723 16.1949
    endloop
  endfacet
  facet normal -0.0143995 0.097073 -0.995173
    outer loop
      vertex 0.120228 -0.604426 16.1545
      vertex 0.0604048 -0.6133 16.1545
      vertex 0.0201998 -0.205091 16.1949
    endloop
  endfacet
  facet normal 0.0142683 0.290153 -0.956874
    outer loop
      vertex 0 -1.02052 16.0741
      vertex 0 -1.41494 15.9545
      vertex -0.138688 -1.40812 15.9545
    endloop
  endfacet
  facet normal -0.0188123 0.382557 -0.92374
    outer loop
      vertex 0 -1.41494 15.9545
      vertex 0.138688 -1.40812 15.9545
      vertex 0 -1.79573 15.7968
    endloop
  endfacet
  facet normal 0.149339 0.249179 -0.956874
    outer loop
      vertex -0.481068 -0.900015 16.0741
      vertex -0.666996 -1.24786 15.9545
      vertex -0.786097 -1.17648 15.9545
    endloop
  endfacet
  facet normal 0.0657924 0.183877 -0.980745
    outer loop
      vertex -0.178893 -0.589731 16.1545
      vertex -0.29624 -0.976573 16.0741
      vertex -0.390534 -0.942834 16.0741
    endloop
  endfacet
  facet normal 0.0692314 0.466748 -0.881677
    outer loop
      vertex -0.350329 -1.76123 15.7968
      vertex -0.211641 -2.14883 15.6025
      vertex -0.421245 -2.11774 15.6025
    endloop
  endfacet
  facet normal 0.0692148 0.466743 -0.88168
    outer loop
      vertex -0.176012 -1.78708 15.7968
      vertex -0.211641 -2.14883 15.6025
      vertex -0.350329 -1.76123 15.7968
    endloop
  endfacet
  facet normal -0.154267 0.615855 -0.772609
    outer loop
      vertex 0.726274 -2.3942 15.3735
      vertex 0.550261 -2.76635 15.112
      vertex 0.488103 -2.45386 15.3735
    endloop
  endfacet
  facet normal 0.103835 0.699901 -0.706652
    outer loop
      vertex -0.403523 -2.9012 15
      vertex -0.550261 -2.76635 15.112
      vertex -0.276462 -2.80697 15.112
    endloop
  endfacet
  facet normal 0.10383 0.699898 -0.706655
    outer loop
      vertex -0.550261 -2.76635 15.112
      vertex -0.403523 -2.9012 15
      vertex -0.57211 -2.87619 15
    endloop
  endfacet
  facet normal -0.271457 0.573919 -0.772611
    outer loop
      vertex 1.1794 -2.20651 15.3735
      vertex 1.07938 -2.60585 15.112
      vertex 0.957449 -2.31149 15.3735
    endloop
  endfacet
  facet normal -0.238394 0.666187 -0.706656
    outer loop
      vertex 0.961765 -2.76673 15
      vertex 0.851271 -2.80627 15
      vertex 0.818761 -2.6991 15.112
    endloop
  endfacet
  facet normal -0.524257 0.475178 -0.706654
    outer loop
      vertex 2.15243 -1.98667 15
      vertex 2.07362 -2.07362 15
      vertex 1.99443 -1.99443 15.112
    endloop
  endfacet
  facet normal -0.290152 -0.0142715 -0.956874
    outer loop
      vertex 1.40812 0.138688 15.9545
      vertex 1.02052 0 16.0741
      vertex 1.0156 0.100028 16.0741
    endloop
  endfacet
  facet normal -0.287362 0.0426119 -0.956874
    outer loop
      vertex 1.0156 -0.100028 16.0741
      vertex 1.38775 -0.27604 15.9545
      vertex 1.00091 -0.199093 16.0741
    endloop
  endfacet
  facet normal -0.378871 -0.056184 -0.923742
    outer loop
      vertex 1.76123 0.350329 15.7968
      vertex 1.78708 0.176012 15.7968
      vertex 1.40812 0.138688 15.9545
    endloop
  endfacet
  facet normal -0.382553 0.0188003 -0.923742
    outer loop
      vertex 1.79573 0 15.7968
      vertex 1.78708 -0.176012 15.7968
      vertex 1.40812 -0.138688 15.9545
    endloop
  endfacet
  facet normal -0.195058 0.00959416 -0.980745
    outer loop
      vertex 1.02052 0 16.0741
      vertex 1.0156 -0.100028 16.0741
      vertex 0.6133 -0.0604048 16.1545
    endloop
  endfacet
  facet normal -0.290152 0.0142715 -0.956874
    outer loop
      vertex 1.02052 0 16.0741
      vertex 1.40812 -0.138688 15.9545
      vertex 1.0156 -0.100028 16.0741
    endloop
  endfacet
  facet normal 0.0788253 0.0584554 -0.995173
    outer loop
      vertex -0.171352 -0.114493 16.1949
      vertex -0.159305 -0.130738 16.1949
      vertex -0.512407 -0.34238 16.1545
    endloop
  endfacet
  facet normal -0.0504524 0.084173 -0.995173
    outer loop
      vertex 0.114493 -0.171352 16.1949
      vertex 0.290506 -0.543499 16.1545
      vertex 0.097147 -0.181749 16.1949
    endloop
  endfacet
  facet normal 0.0923968 0.0330649 -0.995173
    outer loop
      vertex -0.19721 -0.059823 16.1949
      vertex -0.190396 -0.0788641 16.1949
      vertex -0.569357 -0.235835 16.1545
    endloop
  endfacet
  facet normal -0.0584554 0.0788253 -0.995173
    outer loop
      vertex 0.130738 -0.159305 16.1949
      vertex 0.34238 -0.512407 16.1545
      vertex 0.114493 -0.171352 16.1949
    endloop
  endfacet
  facet normal -0.32853 0.196896 -0.923742
    outer loop
      vertex 1.24786 -0.666996 15.9545
      vertex 1.58369 -0.846501 15.7968
      vertex 1.17648 -0.786097 15.9545
    endloop
  endfacet
  facet normal -0.444265 0.158965 -0.88168
    outer loop
      vertex 1.71841 -0.521273 15.7968
      vertex 1.99487 -0.826302 15.6025
      vertex 1.65904 -0.687196 15.7968
    endloop
  endfacet
  facet normal -0.283792 0.257218 -0.923743
    outer loop
      vertex 1.09376 -0.897626 15.9545
      vertex 1.38812 -1.1392 15.7968
      vertex 1.00051 -1.00051 15.9545
    endloop
  endfacet
  facet normal -0.307633 0.228168 -0.923743
    outer loop
      vertex 1.17648 -0.786097 15.9545
      vertex 1.38812 -1.1392 15.7968
      vertex 1.09376 -0.897626 15.9545
    endloop
  endfacet
  facet normal -0.379009 0.281072 -0.881675
    outer loop
      vertex 1.79533 -1.1996 15.6025
      vertex 1.66911 -1.3698 15.6025
      vertex 1.4931 -0.997654 15.7968
    endloop
  endfacet
  facet normal -0.404723 0.242589 -0.881674
    outer loop
      vertex 1.90427 -1.01785 15.6025
      vertex 1.79533 -1.1996 15.6025
      vertex 1.4931 -0.997654 15.7968
    endloop
  endfacet
  facet normal -0.273521 -0.0978698 -0.956874
    outer loop
      vertex 1.30723 0.541472 15.9545
      vertex 1.35401 0.410734 15.9545
      vertex 0.942834 0.390534 16.0741
    endloop
  endfacet
  facet normal -0.19509 -0.21525 -0.956874
    outer loop
      vertex 1.00051 1.00051 15.9545
      vertex 0.721614 0.721614 16.0741
      vertex 0.647408 0.78887 16.0741
    endloop
  endfacet
  facet normal -0.183877 -0.0657924 -0.980745
    outer loop
      vertex 0.942834 0.390534 16.0741
      vertex 0.976573 0.29624 16.0741
      vertex 0.589731 0.178893 16.1545
    endloop
  endfacet
  facet normal 0.124206 0.262613 -0.956874
    outer loop
      vertex -0.481068 -0.900015 16.0741
      vertex -0.390534 -0.942834 16.0741
      vertex -0.666996 -1.24786 15.9545
    endloop
  endfacet
  facet normal -0.0143971 0.0970736 -0.995173
    outer loop
      vertex 0.040205 -0.202124 16.1949
      vertex 0.120228 -0.604426 16.1545
      vertex 0.0201998 -0.205091 16.1949
    endloop
  endfacet
  facet normal 0.083498 -0.176543 -0.980745
    outer loop
      vertex -0.390534 0.942834 16.0741
      vertex -0.235835 0.569357 16.1545
      vertex -0.481068 0.900015 16.0741
    endloop
  endfacet
  facet normal 0.0705948 -0.281796 -0.956874
    outer loop
      vertex -0.27604 1.38775 15.9545
      vertex -0.199093 1.00091 16.0741
      vertex -0.29624 0.976573 16.0741
    endloop
  endfacet
  facet normal -0.524304 -0.475149 -0.706639
    outer loop
      vertex 2.18031 1.78934 15.112
      vertex 2.15243 1.98667 15
      vertex 2.26688 1.86038 15
    endloop
  endfacet
  facet normal -0.524263 -0.475157 -0.706664
    outer loop
      vertex 2.15243 1.98667 15
      vertex 2.18031 1.78934 15.112
      vertex 1.99443 1.99443 15.112
    endloop
  endfacet
  facet normal -0.470423 -0.42636 -0.772605
    outer loop
      vertex 1.99443 1.99443 15.112
      vertex 2.18031 1.78934 15.112
      vertex 1.76914 1.76914 15.3735
    endloop
  endfacet
  facet normal -0.509941 -0.378196 -0.772611
    outer loop
      vertex 2.3452 1.56701 15.112
      vertex 2.08028 1.39 15.3735
      vertex 1.93402 1.58721 15.3735
    endloop
  endfacet
  facet normal -0.509941 -0.378195 -0.772612
    outer loop
      vertex 2.18031 1.78934 15.112
      vertex 2.3452 1.56701 15.112
      vertex 1.93402 1.58721 15.3735
    endloop
  endfacet
  facet normal -0.360622 0.129037 -0.923743
    outer loop
      vertex 1.71841 -0.521273 15.7968
      vertex 1.65904 -0.687196 15.7968
      vertex 1.35401 -0.410734 15.9545
    endloop
  endfacet
  facet normal -0.346236 0.163767 -0.923743
    outer loop
      vertex 1.65904 -0.687196 15.7968
      vertex 1.58369 -0.846501 15.7968
      vertex 1.30723 -0.541472 15.9545
    endloop
  endfacet
  facet normal -0.550028 -0.0815972 -0.831151
    outer loop
      vertex 2.45386 0.488103 15.3735
      vertex 2.48989 0.245233 15.3735
      vertex 2.14883 0.211641 15.6025
    endloop
  endfacet
  facet normal -0.555377 -0.0272895 -0.831151
    outer loop
      vertex 2.48989 0.245233 15.3735
      vertex 2.50194 0 15.3735
      vertex 2.14883 0.211641 15.6025
    endloop
  endfacet
  facet normal -0.539396 -0.135115 -0.831141
    outer loop
      vertex 2.3942 0.726274 15.3735
      vertex 2.45386 0.488103 15.3735
      vertex 2.06626 0.626791 15.6025
    endloop
  endfacet
  facet normal -0.615855 -0.154267 -0.772609
    outer loop
      vertex 2.76635 0.550261 15.112
      vertex 2.45386 0.488103 15.3735
      vertex 2.3942 0.726274 15.3735
    endloop
  endfacet
  facet normal -0.0311484 -0.63412 -0.772607
    outer loop
      vertex 0 2.82055 15.112
      vertex 0.276462 2.80697 15.112
      vertex 0 2.50194 15.3735
    endloop
  endfacet
  facet normal -0.0347075 -0.706712 -0.706649
    outer loop
      vertex 0.170226 2.92418 15
      vertex 0 2.82055 15.112
      vertex 0 2.93254 15
    endloop
  endfacet
  facet normal -0.0347139 -0.706707 -0.706654
    outer loop
      vertex 0 2.82055 15.112
      vertex 0.170226 2.92418 15
      vertex 0.276462 2.80697 15.112
    endloop
  endfacet
  facet normal -0.154249 -0.615851 -0.772616
    outer loop
      vertex 0.818761 2.6991 15.112
      vertex 0.726274 2.3942 15.3735
      vertex 0.550261 2.76635 15.112
    endloop
  endfacet
  facet normal -0.17191 -0.686363 -0.706649
    outer loop
      vertex 0.550261 2.76635 15.112
      vertex 0.737434 2.83478 15
      vertex 0.818761 2.6991 15.112
    endloop
  endfacet
  facet normal -0.171917 -0.686355 -0.706655
    outer loop
      vertex 0.737434 2.83478 15
      vertex 0.550261 2.76635 15.112
      vertex 0.57211 2.87619 15
    endloop
  endfacet
  facet normal -0.213882 -0.597768 -0.772611
    outer loop
      vertex 1.07938 2.60585 15.112
      vertex 0.957449 2.31149 15.3735
      vertex 0.818761 2.6991 15.112
    endloop
  endfacet
  facet normal -0.213869 -0.597766 -0.772616
    outer loop
      vertex 0.818761 2.6991 15.112
      vertex 0.957449 2.31149 15.3735
      vertex 0.726274 2.3942 15.3735
    endloop
  endfacet
  facet normal -0.281072 -0.379009 -0.881675
    outer loop
      vertex 1.1996 1.79533 15.6025
      vertex 1.3698 1.66911 15.6025
      vertex 0.997654 1.4931 15.7968
    endloop
  endfacet
  facet normal -0.331223 -0.446634 -0.831149
    outer loop
      vertex 1.39 2.08028 15.3735
      vertex 1.3698 1.66911 15.6025
      vertex 1.1996 1.79533 15.6025
    endloop
  endfacet
  facet normal -0.379009 -0.281072 -0.881675
    outer loop
      vertex 1.66911 1.3698 15.6025
      vertex 1.79533 1.1996 15.6025
      vertex 1.4931 0.997654 15.7968
    endloop
  endfacet
  facet normal -0.37899 -0.281084 -0.881679
    outer loop
      vertex 1.66911 1.3698 15.6025
      vertex 1.4931 0.997654 15.7968
      vertex 1.38812 1.1392 15.7968
    endloop
  endfacet
  facet normal -0.281796 -0.0705881 -0.956874
    outer loop
      vertex 1.35401 0.410734 15.9545
      vertex 1.38775 0.27604 15.9545
      vertex 0.976573 0.29624 16.0741
    endloop
  endfacet
  facet normal -0.371533 -0.0930668 -0.923743
    outer loop
      vertex 1.71841 0.521273 15.7968
      vertex 1.38775 0.27604 15.9545
      vertex 1.35401 0.410734 15.9545
    endloop
  endfacet
  facet normal -0.32853 -0.196896 -0.923742
    outer loop
      vertex 1.58369 0.846501 15.7968
      vertex 1.24786 0.666996 15.9545
      vertex 1.17648 0.786097 15.9545
    endloop
  endfacet
  facet normal -0.176542 -0.0834998 -0.980745
    outer loop
      vertex 0.900015 0.481068 16.0741
      vertex 0.569357 0.235835 16.1545
      vertex 0.543499 0.290506 16.1545
    endloop
  endfacet
  facet normal -0.201751 -0.426542 -0.881679
    outer loop
      vertex 0.826302 1.99487 15.6025
      vertex 0.846501 1.58369 15.7968
      vertex 0.687196 1.65904 15.7968
    endloop
  endfacet
  facet normal -0.0930661 -0.371534 -0.923743
    outer loop
      vertex 0.350329 1.76123 15.7968
      vertex 0.521273 1.71841 15.7968
      vertex 0.27604 1.38775 15.9545
    endloop
  endfacet
  facet normal -0.0930668 -0.371533 -0.923743
    outer loop
      vertex 0.521273 1.71841 15.7968
      vertex 0.410734 1.35401 15.9545
      vertex 0.27604 1.38775 15.9545
    endloop
  endfacet
  facet normal -0.114651 -0.457705 -0.881681
    outer loop
      vertex 0.626791 2.06626 15.6025
      vertex 0.521273 1.71841 15.7968
      vertex 0.350329 1.76123 15.7968
    endloop
  endfacet
  facet normal -0.083498 -0.176543 -0.980745
    outer loop
      vertex 0.390534 0.942834 16.0741
      vertex 0.481068 0.900015 16.0741
      vertex 0.235835 0.569357 16.1545
    endloop
  endfacet
  facet normal -0.129037 -0.360622 -0.923743
    outer loop
      vertex 0.521273 1.71841 15.7968
      vertex 0.687196 1.65904 15.7968
      vertex 0.410734 1.35401 15.9545
    endloop
  endfacet
  facet normal -0.135115 -0.539396 -0.831141
    outer loop
      vertex 0.726274 2.3942 15.3735
      vertex 0.626791 2.06626 15.6025
      vertex 0.488103 2.45386 15.3735
    endloop
  endfacet
  facet normal -0.154267 -0.615855 -0.772609
    outer loop
      vertex 0.550261 2.76635 15.112
      vertex 0.726274 2.3942 15.3735
      vertex 0.488103 2.45386 15.3735
    endloop
  endfacet
  facet normal 0.378195 -0.509941 -0.772612
    outer loop
      vertex -1.56701 2.3452 15.112
      vertex -1.58721 1.93402 15.3735
      vertex -1.78934 2.18031 15.112
    endloop
  endfacet
  facet normal 0.135115 -0.539396 -0.831141
    outer loop
      vertex -0.488103 2.45386 15.3735
      vertex -0.626791 2.06626 15.6025
      vertex -0.726274 2.3942 15.3735
    endloop
  endfacet
  facet normal 0.285873 -0.476936 -0.831149
    outer loop
      vertex -1.01785 1.90427 15.6025
      vertex -1.1996 1.79533 15.6025
      vertex -1.39 2.08028 15.3735
    endloop
  endfacet
  facet normal 0.699898 0.10383 -0.706655
    outer loop
      vertex -2.9012 -0.403523 15
      vertex -2.76635 -0.550261 15.112
      vertex -2.87619 -0.57211 15
    endloop
  endfacet
  facet normal 0.699901 0.103835 -0.706652
    outer loop
      vertex -2.76635 -0.550261 15.112
      vertex -2.9012 -0.403523 15
      vertex -2.80697 -0.276462 15.112
    endloop
  endfacet
  facet normal 0.666187 0.238394 -0.706656
    outer loop
      vertex -2.6991 -0.818761 15.112
      vertex -2.76673 -0.961765 15
      vertex -2.80627 -0.851271 15
    endloop
  endfacet
  facet normal 0.639616 0.302535 -0.706657
    outer loop
      vertex -2.4875 -1.3296 15.112
      vertex -2.58627 -1.38239 15
      vertex -2.63645 -1.2763 15
    endloop
  endfacet
  facet normal 0.349616 0.316861 -0.881685
    outer loop
      vertex -1.26977 -1.26977 15.7968
      vertex -1.52681 -1.52681 15.6025
      vertex -1.66911 -1.3698 15.6025
    endloop
  endfacet
  facet normal 0.412015 0.373414 -0.831148
    outer loop
      vertex -1.66911 -1.3698 15.6025
      vertex -1.52681 -1.52681 15.6025
      vertex -1.76914 -1.76914 15.3735
    endloop
  endfacet
  facet normal 0.326396 0.544551 -0.772612
    outer loop
      vertex -1.1794 -2.20651 15.3735
      vertex -1.3296 -2.4875 15.112
      vertex -1.56701 -2.3452 15.112
    endloop
  endfacet
  facet normal 0.326395 0.544552 -0.772612
    outer loop
      vertex -1.39 -2.08028 15.3735
      vertex -1.1794 -2.20651 15.3735
      vertex -1.56701 -2.3452 15.112
    endloop
  endfacet
  facet normal 0.50266 -0.237753 -0.831148
    outer loop
      vertex -1.90427 1.01785 15.6025
      vertex -1.99487 0.826302 15.6025
      vertex -2.31149 0.957449 15.3735
    endloop
  endfacet
  facet normal 0.523543 -0.187337 -0.831148
    outer loop
      vertex -1.99487 0.826302 15.6025
      vertex -2.06626 0.626791 15.6025
      vertex -2.31149 0.957449 15.3735
    endloop
  endfacet
  facet normal 0.466743 -0.0692148 -0.88168
    outer loop
      vertex -1.76123 0.350329 15.7968
      vertex -1.78708 0.176012 15.7968
      vertex -2.14883 0.211641 15.6025
    endloop
  endfacet
  facet normal 0.628007 -0.0931654 -0.772611
    outer loop
      vertex -2.45386 0.488103 15.3735
      vertex -2.48989 0.245233 15.3735
      vertex -2.80697 0.276462 15.112
    endloop
  endfacet
  facet normal 0.686363 -0.17191 -0.706649
    outer loop
      vertex -2.76635 0.550261 15.112
      vertex -2.83478 0.737434 15
      vertex -2.6991 0.818761 15.112
    endloop
  endfacet
  facet normal 0.686355 -0.171917 -0.706655
    outer loop
      vertex -2.83478 0.737434 15
      vertex -2.76635 0.550261 15.112
      vertex -2.87619 0.57211 15
    endloop
  endfacet
  facet normal 0.539396 -0.135115 -0.831141
    outer loop
      vertex -2.3942 0.726274 15.3735
      vertex -2.06626 0.626791 15.6025
      vertex -2.45386 0.488103 15.3735
    endloop
  endfacet
  facet normal 0.628008 -0.0931694 -0.77261
    outer loop
      vertex -2.76635 0.550261 15.112
      vertex -2.45386 0.488103 15.3735
      vertex -2.80697 0.276462 15.112
    endloop
  endfacet
  facet normal 0.615855 -0.154267 -0.772609
    outer loop
      vertex -2.3942 0.726274 15.3735
      vertex -2.45386 0.488103 15.3735
      vertex -2.76635 0.550261 15.112
    endloop
  endfacet
  facet normal 0.471279 -0.0231607 -0.88168
    outer loop
      vertex -1.78708 0.176012 15.7968
      vertex -1.79573 0 15.7968
      vertex -2.14883 0.211641 15.6025
    endloop
  endfacet
  facet normal 0.378869 -0.0561882 -0.923743
    outer loop
      vertex -1.38775 0.27604 15.9545
      vertex -1.40812 0.138688 15.9545
      vertex -1.76123 0.350329 15.7968
    endloop
  endfacet
  facet normal 0.466743 0.0692148 -0.88168
    outer loop
      vertex -1.78708 -0.176012 15.7968
      vertex -1.76123 -0.350329 15.7968
      vertex -2.14883 -0.211641 15.6025
    endloop
  endfacet
  facet normal 0.378871 0.056184 -0.923742
    outer loop
      vertex -1.40812 -0.138688 15.9545
      vertex -1.76123 -0.350329 15.7968
      vertex -1.78708 -0.176012 15.7968
    endloop
  endfacet
  facet normal 0.056184 -0.378871 -0.923742
    outer loop
      vertex -0.176012 1.78708 15.7968
      vertex -0.138688 1.40812 15.9545
      vertex -0.350329 1.76123 15.7968
    endloop
  endfacet
  facet normal 0.0142715 -0.290152 -0.956874
    outer loop
      vertex 0 1.02052 16.0741
      vertex -0.100028 1.0156 16.0741
      vertex -0.138688 1.40812 15.9545
    endloop
  endfacet
  facet normal -0.0419589 -0.0887128 -0.995173
    outer loop
      vertex 0.235835 0.569357 16.1545
      vertex 0.290506 0.543499 16.1545
      vertex 0.097147 0.181749 16.1949
    endloop
  endfacet
  facet normal -0.0426119 -0.287362 -0.956874
    outer loop
      vertex 0.27604 1.38775 15.9545
      vertex 0.199093 1.00091 16.0741
      vertex 0.100028 1.0156 16.0741
    endloop
  endfacet
  facet normal 0.176543 -0.083498 -0.980745
    outer loop
      vertex -0.900015 0.481068 16.0741
      vertex -0.569357 0.235835 16.1545
      vertex -0.942834 0.390534 16.0741
    endloop
  endfacet
  facet normal 0.23333 -0.173058 -0.956874
    outer loop
      vertex -1.09376 0.897626 15.9545
      vertex -0.78887 0.647408 16.0741
      vertex -1.17648 0.786097 15.9545
    endloop
  endfacet
  facet normal 0.215247 -0.195092 -0.956874
    outer loop
      vertex -1.00051 1.00051 15.9545
      vertex -0.78887 0.647408 16.0741
      vertex -1.09376 0.897626 15.9545
    endloop
  endfacet
  facet normal 0.116335 -0.156861 -0.980745
    outer loop
      vertex -0.34238 0.512407 16.1545
      vertex -0.390956 0.476381 16.1545
      vertex -0.566968 0.848528 16.0741
    endloop
  endfacet
  facet normal 0.0815972 -0.550028 -0.831151
    outer loop
      vertex -0.245233 2.48989 15.3735
      vertex -0.211641 2.14883 15.6025
      vertex -0.488103 2.45386 15.3735
    endloop
  endfacet
  facet normal 0.37341 -0.412024 -0.831145
    outer loop
      vertex -1.58721 1.93402 15.3735
      vertex -1.3698 1.66911 15.6025
      vertex -1.76914 1.76914 15.3735
    endloop
  endfacet
  facet normal 0.237752 -0.50266 -0.831148
    outer loop
      vertex -0.957449 2.31149 15.3735
      vertex -1.01785 1.90427 15.6025
      vertex -1.1794 2.20651 15.3735
    endloop
  endfacet
  facet normal 0.363767 -0.606887 -0.706656
    outer loop
      vertex -1.3296 2.4875 15.112
      vertex -1.52857 2.49865 15
      vertex -1.38239 2.58627 15
    endloop
  endfacet
  facet normal 0.363763 -0.606894 -0.706651
    outer loop
      vertex -1.52857 2.49865 15
      vertex -1.3296 2.4875 15.112
      vertex -1.56701 2.3452 15.112
    endloop
  endfacet
  facet normal 0.470423 -0.42636 -0.772605
    outer loop
      vertex -1.99443 1.99443 15.112
      vertex -1.76914 1.76914 15.3735
      vertex -2.18031 1.78934 15.112
    endloop
  endfacet
  facet normal 0.32853 -0.196897 -0.923742
    outer loop
      vertex -1.4931 0.997654 15.7968
      vertex -1.17648 0.786097 15.9545
      vertex -1.58369 0.846501 15.7968
    endloop
  endfacet
  facet normal 0.307638 -0.228165 -0.923742
    outer loop
      vertex -1.38812 1.1392 15.7968
      vertex -1.17648 0.786097 15.9545
      vertex -1.4931 0.997654 15.7968
    endloop
  endfacet
  facet normal 0.281084 -0.37899 -0.881679
    outer loop
      vertex -0.997654 1.4931 15.7968
      vertex -1.1392 1.38812 15.7968
      vertex -1.3698 1.66911 15.6025
    endloop
  endfacet
  facet normal -0.0231586 -0.47128 -0.881679
    outer loop
      vertex 0 2.15923 15.6025
      vertex 0.211641 2.14883 15.6025
      vertex 0 1.79573 15.7968
    endloop
  endfacet
  facet normal 0.158968 -0.444262 -0.88168
    outer loop
      vertex -0.626791 2.06626 15.6025
      vertex -0.521273 1.71841 15.7968
      vertex -0.826302 1.99487 15.6025
    endloop
  endfacet
  facet normal 0.0474575 -0.189438 -0.980745
    outer loop
      vertex -0.199093 1.00091 16.0741
      vertex -0.120228 0.604426 16.1545
      vertex -0.29624 0.976573 16.0741
    endloop
  endfacet
  facet normal 0.66621 -0.238371 -0.706642
    outer loop
      vertex -2.76673 0.961765 15
      vertex -2.60585 1.07938 15.112
      vertex -2.6991 0.818761 15.112
    endloop
  endfacet
  facet normal 0.666218 -0.238396 -0.706627
    outer loop
      vertex -2.60585 1.07938 15.112
      vertex -2.76673 0.961765 15
      vertex -2.70931 1.12223 15
    endloop
  endfacet
  facet normal 0.639615 -0.302528 -0.706661
    outer loop
      vertex -2.60585 1.07938 15.112
      vertex -2.63645 1.2763 15
      vertex -2.4875 1.3296 15.112
    endloop
  endfacet
  facet normal 0.639667 -0.3025 -0.706626
    outer loop
      vertex -2.63645 1.2763 15
      vertex -2.60585 1.07938 15.112
      vertex -2.70931 1.12223 15
    endloop
  endfacet
  facet normal 0.544551 -0.326396 -0.772612
    outer loop
      vertex -2.3452 1.56701 15.112
      vertex -2.20651 1.1794 15.3735
      vertex -2.4875 1.3296 15.112
    endloop
  endfacet
  facet normal 0.544552 -0.326395 -0.772612
    outer loop
      vertex -2.08028 1.39 15.3735
      vertex -2.20651 1.1794 15.3735
      vertex -2.3452 1.56701 15.112
    endloop
  endfacet
  facet normal 0.568317 -0.42149 -0.706655
    outer loop
      vertex -2.36841 1.72349 15
      vertex -2.18031 1.78934 15.112
      vertex -2.3452 1.56701 15.112
    endloop
  endfacet
  facet normal 0.568317 -0.421515 -0.70664
    outer loop
      vertex -2.18031 1.78934 15.112
      vertex -2.36841 1.72349 15
      vertex -2.26688 1.86038 15
    endloop
  endfacet
  facet normal 0.524263 -0.475157 -0.706664
    outer loop
      vertex -2.18031 1.78934 15.112
      vertex -2.15243 1.98667 15
      vertex -1.99443 1.99443 15.112
    endloop
  endfacet
  facet normal 0.524304 -0.475149 -0.706639
    outer loop
      vertex -2.15243 1.98667 15
      vertex -2.18031 1.78934 15.112
      vertex -2.26688 1.86038 15
    endloop
  endfacet
  facet normal 0.0188123 0.382557 -0.92374
    outer loop
      vertex 0 -1.41494 15.9545
      vertex 0 -1.79573 15.7968
      vertex -0.138688 -1.40812 15.9545
    endloop
  endfacet
  facet normal 0.0188003 0.382553 -0.923742
    outer loop
      vertex -0.138688 -1.40812 15.9545
      vertex 0 -1.79573 15.7968
      vertex -0.176012 -1.78708 15.7968
    endloop
  endfacet
  facet normal 0.0272912 0.555378 -0.83115
    outer loop
      vertex 0 -2.15923 15.6025
      vertex 0 -2.50194 15.3735
      vertex -0.211641 -2.14883 15.6025
    endloop
  endfacet
  facet normal 0.0815972 0.550028 -0.831151
    outer loop
      vertex -0.211641 -2.14883 15.6025
      vertex -0.245233 -2.48989 15.3735
      vertex -0.488103 -2.45386 15.3735
    endloop
  endfacet
  facet normal -0.135093 0.539392 -0.831147
    outer loop
      vertex 0.626791 -2.06626 15.6025
      vertex 0.488103 -2.45386 15.3735
      vertex 0.421245 -2.11774 15.6025
    endloop
  endfacet
  facet normal -0.0931654 0.628007 -0.772611
    outer loop
      vertex 0.488103 -2.45386 15.3735
      vertex 0.276462 -2.80697 15.112
      vertex 0.245233 -2.48989 15.3735
    endloop
  endfacet
  facet normal -0.0978675 0.273521 -0.956874
    outer loop
      vertex 0.390534 -0.942834 16.0741
      vertex 0.410734 -1.35401 15.9545
      vertex 0.29624 -0.976573 16.0741
    endloop
  endfacet
  facet normal -0.114651 0.457705 -0.881681
    outer loop
      vertex 0.521273 -1.71841 15.7968
      vertex 0.626791 -2.06626 15.6025
      vertex 0.350329 -1.76123 15.7968
    endloop
  endfacet
  facet normal -0.201751 0.426542 -0.881679
    outer loop
      vertex 0.846501 -1.58369 15.7968
      vertex 0.826302 -1.99487 15.6025
      vertex 0.687196 -1.65904 15.7968
    endloop
  endfacet
  facet normal -0.158965 0.444265 -0.88168
    outer loop
      vertex 0.687196 -1.65904 15.7968
      vertex 0.826302 -1.99487 15.6025
      vertex 0.521273 -1.71841 15.7968
    endloop
  endfacet
  facet normal -0.0238452 0.0951943 -0.995173
    outer loop
      vertex 0.178893 -0.589731 16.1545
      vertex 0.120228 -0.604426 16.1545
      vertex 0.059823 -0.19721 16.1949
    endloop
  endfacet
  facet normal 0.0330605 -0.0923988 -0.995173
    outer loop
      vertex -0.178893 0.589731 16.1545
      vertex -0.059823 0.19721 16.1949
      vertex -0.235835 0.569357 16.1545
    endloop
  endfacet
  facet normal 0.097073 0.0143995 -0.995173
    outer loop
      vertex -0.205091 -0.0201998 16.1949
      vertex -0.604426 -0.120228 16.1545
      vertex -0.6133 -0.0604048 16.1545
    endloop
  endfacet
  facet normal 0.21525 0.19509 -0.956874
    outer loop
      vertex -0.78887 -0.647408 16.0741
      vertex -0.721614 -0.721614 16.0741
      vertex -1.00051 -1.00051 15.9545
    endloop
  endfacet
  facet normal 0.19509 0.21525 -0.956874
    outer loop
      vertex -0.721614 -0.721614 16.0741
      vertex -0.647408 -0.78887 16.0741
      vertex -1.00051 -1.00051 15.9545
    endloop
  endfacet
  facet normal 0.23333 0.173058 -0.956874
    outer loop
      vertex -0.78887 -0.647408 16.0741
      vertex -1.09376 -0.897626 15.9545
      vertex -1.17648 -0.786097 15.9545
    endloop
  endfacet
  facet normal 0.307633 0.228168 -0.923743
    outer loop
      vertex -1.17648 -0.786097 15.9545
      vertex -1.09376 -0.897626 15.9545
      vertex -1.38812 -1.1392 15.7968
    endloop
  endfacet
  facet normal -0.0419575 -0.0887133 -0.995173
    outer loop
      vertex 0.235835 0.569357 16.1545
      vertex 0.097147 0.181749 16.1949
      vertex 0.0788641 0.190396 16.1949
    endloop
  endfacet
  facet normal 0.13115 0.144703 -0.980745
    outer loop
      vertex -0.435767 -0.435767 16.1545
      vertex -0.647408 -0.78887 16.0741
      vertex -0.721614 -0.721614 16.0741
    endloop
  endfacet
  facet normal 0.098017 -0.00481355 -0.995173
    outer loop
      vertex -0.205091 0.0201998 16.1949
      vertex -0.206083 0 16.1949
      vertex -0.616267 0 16.1545
    endloop
  endfacet
  facet normal -0.0887133 0.0419575 -0.995173
    outer loop
      vertex 0.190396 -0.0788641 16.1949
      vertex 0.569357 -0.235835 16.1545
      vertex 0.181749 -0.097147 16.1949
    endloop
  endfacet
  facet normal 0.0584587 0.0788233 -0.995173
    outer loop
      vertex -0.130738 -0.159305 16.1949
      vertex -0.34238 -0.512407 16.1545
      vertex -0.390956 -0.476381 16.1545
    endloop
  endfacet
  facet normal 0.0887133 0.0419575 -0.995173
    outer loop
      vertex -0.190396 -0.0788641 16.1949
      vertex -0.181749 -0.097147 16.1949
      vertex -0.569357 -0.235835 16.1545
    endloop
  endfacet
  facet normal 0.0951943 -0.0238447 -0.995173
    outer loop
      vertex -0.19721 0.059823 16.1949
      vertex -0.202124 0.040205 16.1949
      vertex -0.604426 0.120228 16.1545
    endloop
  endfacet
  facet normal 0.0330649 0.0923968 -0.995173
    outer loop
      vertex -0.0788641 -0.190396 16.1949
      vertex -0.059823 -0.19721 16.1949
      vertex -0.235835 -0.569357 16.1545
    endloop
  endfacet
  facet normal -0.316887 0.349607 -0.881679
    outer loop
      vertex 1.26977 -1.26977 15.7968
      vertex 1.3698 -1.66911 15.6025
      vertex 1.1392 -1.38812 15.7968
    endloop
  endfacet
  facet normal -0.257228 0.283788 -0.923741
    outer loop
      vertex 1.26977 -1.26977 15.7968
      vertex 1.1392 -1.38812 15.7968
      vertex 1.00051 -1.00051 15.9545
    endloop
  endfacet
  facet normal -0.149348 0.24917 -0.956875
    outer loop
      vertex 0.566968 -0.848528 16.0741
      vertex 0.786097 -1.17648 15.9545
      vertex 0.481068 -0.900015 16.0741
    endloop
  endfacet
  facet normal -0.17305 0.233333 -0.956875
    outer loop
      vertex 0.647408 -0.78887 16.0741
      vertex 0.786097 -1.17648 15.9545
      vertex 0.566968 -0.848528 16.0741
    endloop
  endfacet
  facet normal -0.0561882 0.378869 -0.923743
    outer loop
      vertex 0.27604 -1.38775 15.9545
      vertex 0.350329 -1.76123 15.7968
      vertex 0.138688 -1.40812 15.9545
    endloop
  endfacet
  facet normal -0.0930661 0.371534 -0.923743
    outer loop
      vertex 0.521273 -1.71841 15.7968
      vertex 0.350329 -1.76123 15.7968
      vertex 0.27604 -1.38775 15.9545
    endloop
  endfacet
  facet normal -0.0727125 0.0659047 -0.995173
    outer loop
      vertex 0.159305 -0.130738 16.1949
      vertex 0.476381 -0.390956 16.1545
      vertex 0.145723 -0.145723 16.1949
    endloop
  endfacet
  facet normal -0.0705948 0.281796 -0.956874
    outer loop
      vertex 0.29624 -0.976573 16.0741
      vertex 0.27604 -1.38775 15.9545
      vertex 0.199093 -1.00091 16.0741
    endloop
  endfacet
  facet normal -0.149339 0.249179 -0.956874
    outer loop
      vertex 0.786097 -1.17648 15.9545
      vertex 0.666996 -1.24786 15.9545
      vertex 0.481068 -0.900015 16.0741
    endloop
  endfacet
  facet normal -0.124206 0.262613 -0.956874
    outer loop
      vertex 0.481068 -0.900015 16.0741
      vertex 0.666996 -1.24786 15.9545
      vertex 0.390534 -0.942834 16.0741
    endloop
  endfacet
  facet normal -0.028646 0.19318 -0.980745
    outer loop
      vertex 0.120228 -0.604426 16.1545
      vertex 0.199093 -1.00091 16.0741
      vertex 0.100028 -1.0156 16.0741
    endloop
  endfacet
  facet normal -0.0474575 0.189438 -0.980745
    outer loop
      vertex 0.29624 -0.976573 16.0741
      vertex 0.199093 -1.00091 16.0741
      vertex 0.120228 -0.604426 16.1545
    endloop
  endfacet
  facet normal 0.0841734 0.0504515 -0.995173
    outer loop
      vertex -0.171352 -0.114493 16.1949
      vertex -0.512407 -0.34238 16.1545
      vertex -0.543499 -0.290506 16.1545
    endloop
  endfacet
  facet normal 0.0788233 -0.0584587 -0.995173
    outer loop
      vertex -0.476381 0.390956 16.1545
      vertex -0.159305 0.130738 16.1949
      vertex -0.512407 0.34238 16.1545
    endloop
  endfacet
  facet normal 0.0705881 0.281796 -0.956874
    outer loop
      vertex -0.29624 -0.976573 16.0741
      vertex -0.27604 -1.38775 15.9545
      vertex -0.410734 -1.35401 15.9545
    endloop
  endfacet
  facet normal 0.083498 0.176543 -0.980745
    outer loop
      vertex -0.235835 -0.569357 16.1545
      vertex -0.390534 -0.942834 16.0741
      vertex -0.481068 -0.900015 16.0741
    endloop
  endfacet
  facet normal 0.0426119 0.287362 -0.956874
    outer loop
      vertex -0.199093 -1.00091 16.0741
      vertex -0.100028 -1.0156 16.0741
      vertex -0.27604 -1.38775 15.9545
    endloop
  endfacet
  facet normal 0.028646 0.19318 -0.980745
    outer loop
      vertex -0.120228 -0.604426 16.1545
      vertex -0.100028 -1.0156 16.0741
      vertex -0.199093 -1.00091 16.0741
    endloop
  endfacet
  facet normal 0.0474529 0.18944 -0.980745
    outer loop
      vertex -0.178893 -0.589731 16.1545
      vertex -0.120228 -0.604426 16.1545
      vertex -0.29624 -0.976573 16.0741
    endloop
  endfacet
  facet normal 0.0238452 0.0951943 -0.995173
    outer loop
      vertex -0.059823 -0.19721 16.1949
      vertex -0.120228 -0.604426 16.1545
      vertex -0.178893 -0.589731 16.1545
    endloop
  endfacet
  facet normal 0.0834998 0.176542 -0.980745
    outer loop
      vertex -0.290506 -0.543499 16.1545
      vertex -0.235835 -0.569357 16.1545
      vertex -0.481068 -0.900015 16.0741
    endloop
  endfacet
  facet normal 0.1004 0.167508 -0.980745
    outer loop
      vertex -0.34238 -0.512407 16.1545
      vertex -0.290506 -0.543499 16.1545
      vertex -0.481068 -0.900015 16.0741
    endloop
  endfacet
  facet normal 0.0347075 0.706712 -0.706649
    outer loop
      vertex -0.170226 -2.92418 15
      vertex 0 -2.82055 15.112
      vertex 0 -2.93254 15
    endloop
  endfacet
  facet normal 0.0347139 0.706707 -0.706654
    outer loop
      vertex 0 -2.82055 15.112
      vertex -0.170226 -2.92418 15
      vertex -0.276462 -2.80697 15.112
    endloop
  endfacet
  facet normal 0.0311484 0.63412 -0.772607
    outer loop
      vertex 0 -2.50194 15.3735
      vertex 0 -2.82055 15.112
      vertex -0.276462 -2.80697 15.112
    endloop
  endfacet
  facet normal -0.326396 0.544551 -0.772612
    outer loop
      vertex 1.56701 -2.3452 15.112
      vertex 1.3296 -2.4875 15.112
      vertex 1.1794 -2.20651 15.3735
    endloop
  endfacet
  facet normal -0.326395 0.544552 -0.772612
    outer loop
      vertex 1.39 -2.08028 15.3735
      vertex 1.56701 -2.3452 15.112
      vertex 1.1794 -2.20651 15.3735
    endloop
  endfacet
  facet normal -0.213882 0.597768 -0.772611
    outer loop
      vertex 0.957449 -2.31149 15.3735
      vertex 1.07938 -2.60585 15.112
      vertex 0.818761 -2.6991 15.112
    endloop
  endfacet
  facet normal -0.238396 0.666218 -0.706627
    outer loop
      vertex 0.961765 -2.76673 15
      vertex 1.07938 -2.60585 15.112
      vertex 1.12223 -2.70931 15
    endloop
  endfacet
  facet normal -0.238371 0.66621 -0.706642
    outer loop
      vertex 1.07938 -2.60585 15.112
      vertex 0.961765 -2.76673 15
      vertex 0.818761 -2.6991 15.112
    endloop
  endfacet
  facet normal -0.382557 -0.0188123 -0.92374
    outer loop
      vertex 1.79573 0 15.7968
      vertex 1.41494 0 15.9545
      vertex 1.40812 0.138688 15.9545
    endloop
  endfacet
  facet normal -0.290153 -0.0142683 -0.956874
    outer loop
      vertex 1.40812 0.138688 15.9545
      vertex 1.41494 0 15.9545
      vertex 1.02052 0 16.0741
    endloop
  endfacet
  facet normal -0.18944 0.0474529 -0.980745
    outer loop
      vertex 0.604426 -0.120228 16.1545
      vertex 0.976573 -0.29624 16.0741
      vertex 0.589731 -0.178893 16.1545
    endloop
  endfacet
  facet normal -0.183877 0.0657924 -0.980745
    outer loop
      vertex 0.976573 -0.29624 16.0741
      vertex 0.942834 -0.390534 16.0741
      vertex 0.589731 -0.178893 16.1545
    endloop
  endfacet
  facet normal -0.098017 -0.00481446 -0.995173
    outer loop
      vertex 0.6133 0.0604048 16.1545
      vertex 0.616267 0 16.1545
      vertex 0.205091 0.0201998 16.1949
    endloop
  endfacet
  facet normal -0.098017 -0.00481355 -0.995173
    outer loop
      vertex 0.616267 0 16.1545
      vertex 0.206083 0 16.1949
      vertex 0.205091 0.0201998 16.1949
    endloop
  endfacet
  facet normal -0.19318 0.0286558 -0.980745
    outer loop
      vertex 0.6133 -0.0604048 16.1545
      vertex 1.0156 -0.100028 16.0741
      vertex 0.604426 -0.120228 16.1545
    endloop
  endfacet
  facet normal 0.0970736 -0.0143971 -0.995173
    outer loop
      vertex -0.202124 0.040205 16.1949
      vertex -0.205091 0.0201998 16.1949
      vertex -0.604426 0.120228 16.1545
    endloop
  endfacet
  facet normal -0.098017 0.00481446 -0.995173
    outer loop
      vertex 0.616267 0 16.1545
      vertex 0.6133 -0.0604048 16.1545
      vertex 0.205091 -0.0201998 16.1949
    endloop
  endfacet
  facet normal -0.098017 0.00481355 -0.995173
    outer loop
      vertex 0.206083 0 16.1949
      vertex 0.616267 0 16.1545
      vertex 0.205091 -0.0201998 16.1949
    endloop
  endfacet
  facet normal -0.144703 0.13115 -0.980745
    outer loop
      vertex 0.476381 -0.390956 16.1545
      vertex 0.78887 -0.647408 16.0741
      vertex 0.435767 -0.435767 16.1545
    endloop
  endfacet
  facet normal -0.233333 0.17305 -0.956875
    outer loop
      vertex 0.848528 -0.566968 16.0741
      vertex 1.17648 -0.786097 15.9545
      vertex 0.78887 -0.647408 16.0741
    endloop
  endfacet
  facet normal -0.0143971 -0.0970736 -0.995173
    outer loop
      vertex 0.120228 0.604426 16.1545
      vertex 0.040205 0.202124 16.1949
      vertex 0.0201998 0.205091 16.1949
    endloop
  endfacet
  facet normal -0.21525 0.19509 -0.956874
    outer loop
      vertex 0.78887 -0.647408 16.0741
      vertex 1.00051 -1.00051 15.9545
      vertex 0.721614 -0.721614 16.0741
    endloop
  endfacet
  facet normal -0.0727136 0.0659033 -0.995173
    outer loop
      vertex 0.476381 -0.390956 16.1545
      vertex 0.435767 -0.435767 16.1545
      vertex 0.145723 -0.145723 16.1949
    endloop
  endfacet
  facet normal -0.273521 0.0978698 -0.956874
    outer loop
      vertex 1.35401 -0.410734 15.9545
      vertex 1.30723 -0.541472 15.9545
      vertex 0.942834 -0.390534 16.0741
    endloop
  endfacet
  facet normal -0.262611 0.124209 -0.956874
    outer loop
      vertex 1.30723 -0.541472 15.9545
      vertex 1.24786 -0.666996 15.9545
      vertex 0.942834 -0.390534 16.0741
    endloop
  endfacet
  facet normal -0.228168 0.307633 -0.923743
    outer loop
      vertex 0.897626 -1.09376 15.9545
      vertex 1.1392 -1.38812 15.7968
      vertex 0.786097 -1.17648 15.9545
    endloop
  endfacet
  facet normal -0.257218 0.283792 -0.923743
    outer loop
      vertex 1.00051 -1.00051 15.9545
      vertex 1.1392 -1.38812 15.7968
      vertex 0.897626 -1.09376 15.9545
    endloop
  endfacet
  facet normal -0.23333 0.173058 -0.956874
    outer loop
      vertex 1.17648 -0.786097 15.9545
      vertex 1.09376 -0.897626 15.9545
      vertex 0.78887 -0.647408 16.0741
    endloop
  endfacet
  facet normal -0.215247 0.195092 -0.956874
    outer loop
      vertex 1.09376 -0.897626 15.9545
      vertex 1.00051 -1.00051 15.9545
      vertex 0.78887 -0.647408 16.0741
    endloop
  endfacet
  facet normal -0.0951943 -0.0238447 -0.995173
    outer loop
      vertex 0.604426 0.120228 16.1545
      vertex 0.202124 0.040205 16.1949
      vertex 0.19721 0.059823 16.1949
    endloop
  endfacet
  facet normal -0.0970736 -0.0143971 -0.995173
    outer loop
      vertex 0.604426 0.120228 16.1545
      vertex 0.205091 0.0201998 16.1949
      vertex 0.202124 0.040205 16.1949
    endloop
  endfacet
  facet normal -0.0951943 -0.0238452 -0.995173
    outer loop
      vertex 0.589731 0.178893 16.1545
      vertex 0.604426 0.120228 16.1545
      vertex 0.19721 0.059823 16.1949
    endloop
  endfacet
  facet normal -0.116336 -0.156861 -0.980745
    outer loop
      vertex 0.566968 0.848528 16.0741
      vertex 0.647408 0.78887 16.0741
      vertex 0.390956 0.476381 16.1545
    endloop
  endfacet
  facet normal -0.144703 -0.13115 -0.980745
    outer loop
      vertex 0.721614 0.721614 16.0741
      vertex 0.78887 0.647408 16.0741
      vertex 0.435767 0.435767 16.1545
    endloop
  endfacet
  facet normal -0.156861 -0.116336 -0.980745
    outer loop
      vertex 0.78887 0.647408 16.0741
      vertex 0.848528 0.566968 16.0741
      vertex 0.476381 0.390956 16.1545
    endloop
  endfacet
  facet normal -0.273521 -0.0978675 -0.956874
    outer loop
      vertex 1.35401 0.410734 15.9545
      vertex 0.976573 0.29624 16.0741
      vertex 0.942834 0.390534 16.0741
    endloop
  endfacet
  facet normal 0.0286558 -0.19318 -0.980745
    outer loop
      vertex -0.100028 1.0156 16.0741
      vertex -0.0604048 0.6133 16.1545
      vertex -0.120228 0.604426 16.1545
    endloop
  endfacet
  facet normal 0.0419575 0.0887133 -0.995173
    outer loop
      vertex -0.097147 -0.181749 16.1949
      vertex -0.0788641 -0.190396 16.1949
      vertex -0.235835 -0.569357 16.1545
    endloop
  endfacet
  facet normal -0.0923968 0.0330649 -0.995173
    outer loop
      vertex 0.19721 -0.059823 16.1949
      vertex 0.569357 -0.235835 16.1545
      vertex 0.190396 -0.0788641 16.1949
    endloop
  endfacet
  facet normal 0.0705881 -0.281796 -0.956874
    outer loop
      vertex -0.27604 1.38775 15.9545
      vertex -0.29624 0.976573 16.0741
      vertex -0.410734 1.35401 15.9545
    endloop
  endfacet
  facet normal 0.0978675 -0.273521 -0.956874
    outer loop
      vertex -0.29624 0.976573 16.0741
      vertex -0.390534 0.942834 16.0741
      vertex -0.410734 1.35401 15.9545
    endloop
  endfacet
  facet normal 0.1004 -0.167508 -0.980745
    outer loop
      vertex -0.290506 0.543499 16.1545
      vertex -0.34238 0.512407 16.1545
      vertex -0.481068 0.900015 16.0741
    endloop
  endfacet
  facet normal -0.249179 -0.149339 -0.956874
    outer loop
      vertex 1.17648 0.786097 15.9545
      vertex 1.24786 0.666996 15.9545
      vertex 0.900015 0.481068 16.0741
    endloop
  endfacet
  facet normal -0.167508 -0.100401 -0.980745
    outer loop
      vertex 0.848528 0.566968 16.0741
      vertex 0.900015 0.481068 16.0741
      vertex 0.512407 0.34238 16.1545
    endloop
  endfacet
  facet normal -0.163767 -0.346236 -0.923743
    outer loop
      vertex 0.687196 1.65904 15.7968
      vertex 0.846501 1.58369 15.7968
      vertex 0.541472 1.30723 15.9545
    endloop
  endfacet
  facet normal -0.129036 -0.360623 -0.923743
    outer loop
      vertex 0.687196 1.65904 15.7968
      vertex 0.541472 1.30723 15.9545
      vertex 0.410734 1.35401 15.9545
    endloop
  endfacet
  facet normal -0.0692314 -0.466748 -0.881677
    outer loop
      vertex 0.421245 2.11774 15.6025
      vertex 0.350329 1.76123 15.7968
      vertex 0.211641 2.14883 15.6025
    endloop
  endfacet
  facet normal -0.0692148 -0.466743 -0.88168
    outer loop
      vertex 0.211641 2.14883 15.6025
      vertex 0.350329 1.76123 15.7968
      vertex 0.176012 1.78708 15.7968
    endloop
  endfacet
  facet normal -0.124206 -0.262613 -0.956874
    outer loop
      vertex 0.666996 1.24786 15.9545
      vertex 0.481068 0.900015 16.0741
      vertex 0.390534 0.942834 16.0741
    endloop
  endfacet
  facet normal -0.0978698 -0.273521 -0.956874
    outer loop
      vertex 0.410734 1.35401 15.9545
      vertex 0.541472 1.30723 15.9545
      vertex 0.390534 0.942834 16.0741
    endloop
  endfacet
  facet normal 0.238394 -0.666187 -0.706656
    outer loop
      vertex -0.851271 2.80627 15
      vertex -0.818761 2.6991 15.112
      vertex -0.961765 2.76673 15
    endloop
  endfacet
  facet normal 0.539396 0.135115 -0.831141
    outer loop
      vertex -2.06626 -0.626791 15.6025
      vertex -2.3942 -0.726274 15.3735
      vertex -2.45386 -0.488103 15.3735
    endloop
  endfacet
  facet normal 0.628008 0.0931694 -0.77261
    outer loop
      vertex -2.45386 -0.488103 15.3735
      vertex -2.76635 -0.550261 15.112
      vertex -2.80697 -0.276462 15.112
    endloop
  endfacet
  facet normal 0.573919 0.271457 -0.772611
    outer loop
      vertex -2.31149 -0.957449 15.3735
      vertex -2.20651 -1.1794 15.3735
      vertex -2.60585 -1.07938 15.112
    endloop
  endfacet
  facet normal 0.597766 0.213869 -0.772616
    outer loop
      vertex -2.3942 -0.726274 15.3735
      vertex -2.31149 -0.957449 15.3735
      vertex -2.6991 -0.818761 15.112
    endloop
  endfacet
  facet normal 0.615855 0.154267 -0.772609
    outer loop
      vertex -2.45386 -0.488103 15.3735
      vertex -2.3942 -0.726274 15.3735
      vertex -2.76635 -0.550261 15.112
    endloop
  endfacet
  facet normal 0.606894 0.363763 -0.706651
    outer loop
      vertex -2.49865 -1.52857 15
      vertex -2.4875 -1.3296 15.112
      vertex -2.3452 -1.56701 15.112
    endloop
  endfacet
  facet normal 0.606887 0.363767 -0.706656
    outer loop
      vertex -2.4875 -1.3296 15.112
      vertex -2.49865 -1.52857 15
      vertex -2.58627 -1.38239 15
    endloop
  endfacet
  facet normal 0.446634 0.331223 -0.831149
    outer loop
      vertex -1.79533 -1.1996 15.6025
      vertex -1.66911 -1.3698 15.6025
      vertex -2.08028 -1.39 15.3735
    endloop
  endfacet
  facet normal 0.44663 0.331241 -0.831144
    outer loop
      vertex -1.66911 -1.3698 15.6025
      vertex -1.93402 -1.58721 15.3735
      vertex -2.08028 -1.39 15.3735
    endloop
  endfacet
  facet normal 0.475149 0.524304 -0.706639
    outer loop
      vertex -1.98667 -2.15243 15
      vertex -1.78934 -2.18031 15.112
      vertex -1.86038 -2.26688 15
    endloop
  endfacet
  facet normal 0.475157 0.524263 -0.706664
    outer loop
      vertex -1.78934 -2.18031 15.112
      vertex -1.98667 -2.15243 15
      vertex -1.99443 -1.99443 15.112
    endloop
  endfacet
  facet normal 0.42149 0.568317 -0.706655
    outer loop
      vertex -1.72349 -2.36841 15
      vertex -1.78934 -2.18031 15.112
      vertex -1.56701 -2.3452 15.112
    endloop
  endfacet
  facet normal 0.421515 0.568317 -0.70664
    outer loop
      vertex -1.78934 -2.18031 15.112
      vertex -1.72349 -2.36841 15
      vertex -1.86038 -2.26688 15
    endloop
  endfacet
  facet normal 0.539392 -0.135093 -0.831147
    outer loop
      vertex -2.06626 0.626791 15.6025
      vertex -2.11774 0.421245 15.6025
      vertex -2.45386 0.488103 15.3735
    endloop
  endfacet
  facet normal 0.550028 -0.0815972 -0.831151
    outer loop
      vertex -2.45386 0.488103 15.3735
      vertex -2.14883 0.211641 15.6025
      vertex -2.48989 0.245233 15.3735
    endloop
  endfacet
  facet normal -0.0142683 -0.290153 -0.956874
    outer loop
      vertex 0 1.41494 15.9545
      vertex 0.138688 1.40812 15.9545
      vertex 0 1.02052 16.0741
    endloop
  endfacet
  facet normal 0.0188123 -0.382557 -0.92374
    outer loop
      vertex 0 1.79573 15.7968
      vertex 0 1.41494 15.9545
      vertex -0.138688 1.40812 15.9545
    endloop
  endfacet
  facet normal 0.0923988 0.0330605 -0.995173
    outer loop
      vertex -0.19721 -0.059823 16.1949
      vertex -0.569357 -0.235835 16.1545
      vertex -0.589731 -0.178893 16.1545
    endloop
  endfacet
  facet normal -0.167508 0.1004 -0.980745
    outer loop
      vertex 0.543499 -0.290506 16.1545
      vertex 0.900015 -0.481068 16.0741
      vertex 0.512407 -0.34238 16.1545
    endloop
  endfacet
  facet normal 0.156861 -0.116336 -0.980745
    outer loop
      vertex -0.78887 0.647408 16.0741
      vertex -0.476381 0.390956 16.1545
      vertex -0.848528 0.566968 16.0741
    endloop
  endfacet
  facet normal 0.144703 -0.13115 -0.980745
    outer loop
      vertex -0.435767 0.435767 16.1545
      vertex -0.476381 0.390956 16.1545
      vertex -0.78887 0.647408 16.0741
    endloop
  endfacet
  facet normal -0.176543 0.083498 -0.980745
    outer loop
      vertex 0.942834 -0.390534 16.0741
      vertex 0.900015 -0.481068 16.0741
      vertex 0.569357 -0.235835 16.1545
    endloop
  endfacet
  facet normal 0.116336 -0.156861 -0.980745
    outer loop
      vertex -0.566968 0.848528 16.0741
      vertex -0.390956 0.476381 16.1545
      vertex -0.647408 0.78887 16.0741
    endloop
  endfacet
  facet normal 0.195092 -0.215247 -0.956874
    outer loop
      vertex -0.897626 1.09376 15.9545
      vertex -0.647408 0.78887 16.0741
      vertex -1.00051 1.00051 15.9545
    endloop
  endfacet
  facet normal 0.19509 -0.21525 -0.956874
    outer loop
      vertex -0.647408 0.78887 16.0741
      vertex -0.721614 0.721614 16.0741
      vertex -1.00051 1.00051 15.9545
    endloop
  endfacet
  facet normal 0.316861 -0.349616 -0.881685
    outer loop
      vertex -1.3698 1.66911 15.6025
      vertex -1.26977 1.26977 15.7968
      vertex -1.52681 1.52681 15.6025
    endloop
  endfacet
  facet normal 0.349607 -0.316887 -0.881679
    outer loop
      vertex -1.26977 1.26977 15.7968
      vertex -1.38812 1.1392 15.7968
      vertex -1.66911 1.3698 15.6025
    endloop
  endfacet
  facet normal 0.228165 -0.307638 -0.923742
    outer loop
      vertex -0.997654 1.4931 15.7968
      vertex -0.786097 1.17648 15.9545
      vertex -1.1392 1.38812 15.7968
    endloop
  endfacet
  facet normal 0.242564 -0.404727 -0.88168
    outer loop
      vertex -0.846501 1.58369 15.7968
      vertex -0.997654 1.4931 15.7968
      vertex -1.01785 1.90427 15.6025
    endloop
  endfacet
  facet normal 0.0272912 -0.555378 -0.83115
    outer loop
      vertex 0 2.50194 15.3735
      vertex 0 2.15923 15.6025
      vertex -0.211641 2.14883 15.6025
    endloop
  endfacet
  facet normal 0.0231586 -0.47128 -0.881679
    outer loop
      vertex 0 2.15923 15.6025
      vertex 0 1.79573 15.7968
      vertex -0.211641 2.14883 15.6025
    endloop
  endfacet
  facet normal 0.0931654 -0.628007 -0.772611
    outer loop
      vertex -0.276462 2.80697 15.112
      vertex -0.245233 2.48989 15.3735
      vertex -0.488103 2.45386 15.3735
    endloop
  endfacet
  facet normal 0.154249 -0.615851 -0.772616
    outer loop
      vertex -0.550261 2.76635 15.112
      vertex -0.726274 2.3942 15.3735
      vertex -0.818761 2.6991 15.112
    endloop
  endfacet
  facet normal 0.0188003 -0.382553 -0.923742
    outer loop
      vertex 0 1.79573 15.7968
      vertex -0.138688 1.40812 15.9545
      vertex -0.176012 1.78708 15.7968
    endloop
  endfacet
  facet normal 0.0231607 -0.471279 -0.88168
    outer loop
      vertex 0 1.79573 15.7968
      vertex -0.176012 1.78708 15.7968
      vertex -0.211641 2.14883 15.6025
    endloop
  endfacet
  facet normal 0.524257 -0.475178 -0.706654
    outer loop
      vertex -2.07362 2.07362 15
      vertex -1.99443 1.99443 15.112
      vertex -2.15243 1.98667 15
    endloop
  endfacet
  facet normal -0.056184 0.378871 -0.923742
    outer loop
      vertex 0.350329 -1.76123 15.7968
      vertex 0.176012 -1.78708 15.7968
      vertex 0.138688 -1.40812 15.9545
    endloop
  endfacet
  facet normal -0.0188003 0.382553 -0.923742
    outer loop
      vertex 0.138688 -1.40812 15.9545
      vertex 0.176012 -1.78708 15.7968
      vertex 0 -1.79573 15.7968
    endloop
  endfacet
  facet normal -0.0815972 0.550028 -0.831151
    outer loop
      vertex 0.488103 -2.45386 15.3735
      vertex 0.245233 -2.48989 15.3735
      vertex 0.211641 -2.14883 15.6025
    endloop
  endfacet
  facet normal -0.0272895 0.555377 -0.831151
    outer loop
      vertex 0.211641 -2.14883 15.6025
      vertex 0.245233 -2.48989 15.3735
      vertex 0 -2.50194 15.3735
    endloop
  endfacet
  facet normal -0.0692314 0.466748 -0.881677
    outer loop
      vertex 0.350329 -1.76123 15.7968
      vertex 0.421245 -2.11774 15.6025
      vertex 0.211641 -2.14883 15.6025
    endloop
  endfacet
  facet normal -0.0815853 0.550036 -0.831147
    outer loop
      vertex 0.421245 -2.11774 15.6025
      vertex 0.488103 -2.45386 15.3735
      vertex 0.211641 -2.14883 15.6025
    endloop
  endfacet
  facet normal 0.0504524 0.084173 -0.995173
    outer loop
      vertex -0.114493 -0.171352 16.1949
      vertex -0.097147 -0.181749 16.1949
      vertex -0.290506 -0.543499 16.1545
    endloop
  endfacet
  facet normal 0.0584554 0.0788253 -0.995173
    outer loop
      vertex -0.130738 -0.159305 16.1949
      vertex -0.114493 -0.171352 16.1949
      vertex -0.34238 -0.512407 16.1545
    endloop
  endfacet
  facet normal 0.0951943 0.0238447 -0.995173
    outer loop
      vertex -0.202124 -0.040205 16.1949
      vertex -0.19721 -0.059823 16.1949
      vertex -0.604426 -0.120228 16.1545
    endloop
  endfacet
  facet normal 0.0970736 0.0143971 -0.995173
    outer loop
      vertex -0.205091 -0.0201998 16.1949
      vertex -0.202124 -0.040205 16.1949
      vertex -0.604426 -0.120228 16.1545
    endloop
  endfacet
  facet normal 0.156861 0.116335 -0.980745
    outer loop
      vertex -0.512407 -0.34238 16.1545
      vertex -0.476381 -0.390956 16.1545
      vertex -0.848528 -0.566968 16.0741
    endloop
  endfacet
  facet normal 0.167508 0.100401 -0.980745
    outer loop
      vertex -0.512407 -0.34238 16.1545
      vertex -0.848528 -0.566968 16.0741
      vertex -0.900015 -0.481068 16.0741
    endloop
  endfacet
  facet normal 0.097073 -0.0143995 -0.995173
    outer loop
      vertex -0.604426 0.120228 16.1545
      vertex -0.205091 0.0201998 16.1949
      vertex -0.6133 0.0604048 16.1545
    endloop
  endfacet
  facet normal -0.0788253 0.0584554 -0.995173
    outer loop
      vertex 0.171352 -0.114493 16.1949
      vertex 0.512407 -0.34238 16.1545
      vertex 0.159305 -0.130738 16.1949
    endloop
  endfacet
  facet normal -0.0788253 -0.0584554 -0.995173
    outer loop
      vertex 0.512407 0.34238 16.1545
      vertex 0.171352 0.114493 16.1949
      vertex 0.159305 0.130738 16.1949
    endloop
  endfacet
  facet normal -0.0923968 -0.0330649 -0.995173
    outer loop
      vertex 0.569357 0.235835 16.1545
      vertex 0.19721 0.059823 16.1949
      vertex 0.190396 0.0788641 16.1949
    endloop
  endfacet
  facet normal -0.163767 0.346236 -0.923743
    outer loop
      vertex 0.846501 -1.58369 15.7968
      vertex 0.687196 -1.65904 15.7968
      vertex 0.541472 -1.30723 15.9545
    endloop
  endfacet
  facet normal -0.163764 0.34624 -0.923742
    outer loop
      vertex 0.666996 -1.24786 15.9545
      vertex 0.846501 -1.58369 15.7968
      vertex 0.541472 -1.30723 15.9545
    endloop
  endfacet
  facet normal -0.0238447 -0.0951943 -0.995173
    outer loop
      vertex 0.120228 0.604426 16.1545
      vertex 0.059823 0.19721 16.1949
      vertex 0.040205 0.202124 16.1949
    endloop
  endfacet
  facet normal -0.0887128 -0.0419589 -0.995173
    outer loop
      vertex 0.543499 0.290506 16.1545
      vertex 0.569357 0.235835 16.1545
      vertex 0.181749 0.097147 16.1949
    endloop
  endfacet
  facet normal 0.0504524 -0.084173 -0.995173
    outer loop
      vertex -0.097147 0.181749 16.1949
      vertex -0.114493 0.171352 16.1949
      vertex -0.290506 0.543499 16.1545
    endloop
  endfacet
  facet normal 0.149348 0.24917 -0.956875
    outer loop
      vertex -0.566968 -0.848528 16.0741
      vertex -0.481068 -0.900015 16.0741
      vertex -0.786097 -1.17648 15.9545
    endloop
  endfacet
  facet normal 0.100401 0.167508 -0.980745
    outer loop
      vertex -0.34238 -0.512407 16.1545
      vertex -0.481068 -0.900015 16.0741
      vertex -0.566968 -0.848528 16.0741
    endloop
  endfacet
  facet normal 0.124209 0.262611 -0.956874
    outer loop
      vertex -0.390534 -0.942834 16.0741
      vertex -0.541472 -1.30723 15.9545
      vertex -0.666996 -1.24786 15.9545
    endloop
  endfacet
  facet normal 0.0978698 0.273521 -0.956874
    outer loop
      vertex -0.390534 -0.942834 16.0741
      vertex -0.410734 -1.35401 15.9545
      vertex -0.541472 -1.30723 15.9545
    endloop
  endfacet
  facet normal 0.0931654 0.628007 -0.772611
    outer loop
      vertex -0.245233 -2.48989 15.3735
      vertex -0.276462 -2.80697 15.112
      vertex -0.488103 -2.45386 15.3735
    endloop
  endfacet
  facet normal 0.0311584 0.634114 -0.772612
    outer loop
      vertex -0.245233 -2.48989 15.3735
      vertex 0 -2.50194 15.3735
      vertex -0.276462 -2.80697 15.112
    endloop
  endfacet
  facet normal -0.171917 0.686355 -0.706655
    outer loop
      vertex 0.550261 -2.76635 15.112
      vertex 0.737434 -2.83478 15
      vertex 0.57211 -2.87619 15
    endloop
  endfacet
  facet normal -0.17191 0.686363 -0.706649
    outer loop
      vertex 0.737434 -2.83478 15
      vertex 0.550261 -2.76635 15.112
      vertex 0.818761 -2.6991 15.112
    endloop
  endfacet
  facet normal -0.171896 0.686359 -0.706656
    outer loop
      vertex 0.818761 -2.6991 15.112
      vertex 0.851271 -2.80627 15
      vertex 0.737434 -2.83478 15
    endloop
  endfacet
  facet normal -0.290153 0.0142683 -0.956874
    outer loop
      vertex 1.41494 0 15.9545
      vertex 1.40812 -0.138688 15.9545
      vertex 1.02052 0 16.0741
    endloop
  endfacet
  facet normal -0.382557 0.0188123 -0.92374
    outer loop
      vertex 1.41494 0 15.9545
      vertex 1.79573 0 15.7968
      vertex 1.40812 -0.138688 15.9545
    endloop
  endfacet
  facet normal -0.19318 0.028646 -0.980745
    outer loop
      vertex 1.0156 -0.100028 16.0741
      vertex 1.00091 -0.199093 16.0741
      vertex 0.604426 -0.120228 16.1545
    endloop
  endfacet
  facet normal -0.273521 0.0978675 -0.956874
    outer loop
      vertex 0.976573 -0.29624 16.0741
      vertex 1.35401 -0.410734 15.9545
      vertex 0.942834 -0.390534 16.0741
    endloop
  endfacet
  facet normal -0.281796 0.0705881 -0.956874
    outer loop
      vertex 1.38775 -0.27604 15.9545
      vertex 1.35401 -0.410734 15.9545
      vertex 0.976573 -0.29624 16.0741
    endloop
  endfacet
  facet normal -0.176542 0.0834998 -0.980745
    outer loop
      vertex 0.569357 -0.235835 16.1545
      vertex 0.900015 -0.481068 16.0741
      vertex 0.543499 -0.290506 16.1545
    endloop
  endfacet
  facet normal -0.0887128 0.0419589 -0.995173
    outer loop
      vertex 0.569357 -0.235835 16.1545
      vertex 0.543499 -0.290506 16.1545
      vertex 0.181749 -0.097147 16.1949
    endloop
  endfacet
  facet normal -0.084173 -0.0504524 -0.995173
    outer loop
      vertex 0.543499 0.290506 16.1545
      vertex 0.181749 0.097147 16.1949
      vertex 0.171352 0.114493 16.1949
    endloop
  endfacet
  facet normal -0.00481355 -0.098017 -0.995173
    outer loop
      vertex 0 0.616267 16.1545
      vertex 0.0201998 0.205091 16.1949
      vertex 0 0.206083 16.1949
    endloop
  endfacet
  facet normal 0.0659033 -0.0727136 -0.995173
    outer loop
      vertex -0.390956 0.476381 16.1545
      vertex -0.145723 0.145723 16.1949
      vertex -0.435767 0.435767 16.1545
    endloop
  endfacet
  facet normal -0.0659033 0.0727136 -0.995173
    outer loop
      vertex 0.435767 -0.435767 16.1545
      vertex 0.390956 -0.476381 16.1545
      vertex 0.145723 -0.145723 16.1949
    endloop
  endfacet
  facet normal -0.0659047 0.0727125 -0.995173
    outer loop
      vertex 0.145723 -0.145723 16.1949
      vertex 0.390956 -0.476381 16.1545
      vertex 0.130738 -0.159305 16.1949
    endloop
  endfacet
  facet normal -0.13115 0.144703 -0.980745
    outer loop
      vertex 0.721614 -0.721614 16.0741
      vertex 0.647408 -0.78887 16.0741
      vertex 0.435767 -0.435767 16.1545
    endloop
  endfacet
  facet normal -0.19509 0.21525 -0.956874
    outer loop
      vertex 0.721614 -0.721614 16.0741
      vertex 1.00051 -1.00051 15.9545
      vertex 0.647408 -0.78887 16.0741
    endloop
  endfacet
  facet normal -0.0657918 -0.183877 -0.980745
    outer loop
      vertex 0.390534 0.942834 16.0741
      vertex 0.235835 0.569357 16.1545
      vertex 0.178893 0.589731 16.1545
    endloop
  endfacet
  facet normal -0.13115 -0.144703 -0.980745
    outer loop
      vertex 0.647408 0.78887 16.0741
      vertex 0.721614 0.721614 16.0741
      vertex 0.435767 0.435767 16.1545
    endloop
  endfacet
  facet normal -0.13115 -0.144703 -0.980745
    outer loop
      vertex 0.647408 0.78887 16.0741
      vertex 0.435767 0.435767 16.1545
      vertex 0.390956 0.476381 16.1545
    endloop
  endfacet
  facet normal -0.167508 -0.1004 -0.980745
    outer loop
      vertex 0.900015 0.481068 16.0741
      vertex 0.543499 0.290506 16.1545
      vertex 0.512407 0.34238 16.1545
    endloop
  endfacet
  facet normal -0.156861 -0.116335 -0.980745
    outer loop
      vertex 0.848528 0.566968 16.0741
      vertex 0.512407 0.34238 16.1545
      vertex 0.476381 0.390956 16.1545
    endloop
  endfacet
  facet normal 0.0727125 0.0659047 -0.995173
    outer loop
      vertex -0.159305 -0.130738 16.1949
      vertex -0.145723 -0.145723 16.1949
      vertex -0.476381 -0.390956 16.1545
    endloop
  endfacet
  facet normal 0.0727136 0.0659033 -0.995173
    outer loop
      vertex -0.145723 -0.145723 16.1949
      vertex -0.435767 -0.435767 16.1545
      vertex -0.476381 -0.390956 16.1545
    endloop
  endfacet
  facet normal -0.0286558 -0.19318 -0.980745
    outer loop
      vertex 0.100028 1.0156 16.0741
      vertex 0.120228 0.604426 16.1545
      vertex 0.0604048 0.6133 16.1545
    endloop
  endfacet
  facet normal -0.00959416 -0.195058 -0.980745
    outer loop
      vertex 0.100028 1.0156 16.0741
      vertex 0.0604048 0.6133 16.1545
      vertex 0 1.02052 16.0741
    endloop
  endfacet
  facet normal 0.0584554 -0.0788253 -0.995173
    outer loop
      vertex -0.114493 0.171352 16.1949
      vertex -0.130738 0.159305 16.1949
      vertex -0.34238 0.512407 16.1545
    endloop
  endfacet
  facet normal 0.0584587 -0.0788233 -0.995173
    outer loop
      vertex -0.34238 0.512407 16.1545
      vertex -0.130738 0.159305 16.1949
      vertex -0.390956 0.476381 16.1545
    endloop
  endfacet
  facet normal 0.028646 -0.19318 -0.980745
    outer loop
      vertex -0.100028 1.0156 16.0741
      vertex -0.120228 0.604426 16.1545
      vertex -0.199093 1.00091 16.0741
    endloop
  endfacet
  facet normal 0.0426119 -0.287362 -0.956874
    outer loop
      vertex -0.100028 1.0156 16.0741
      vertex -0.199093 1.00091 16.0741
      vertex -0.27604 1.38775 15.9545
    endloop
  endfacet
  facet normal 0.0474529 -0.18944 -0.980745
    outer loop
      vertex -0.120228 0.604426 16.1545
      vertex -0.178893 0.589731 16.1545
      vertex -0.29624 0.976573 16.0741
    endloop
  endfacet
  facet normal 0.0657924 -0.183877 -0.980745
    outer loop
      vertex -0.29624 0.976573 16.0741
      vertex -0.178893 0.589731 16.1545
      vertex -0.390534 0.942834 16.0741
    endloop
  endfacet
  facet normal -0.176543 -0.083498 -0.980745
    outer loop
      vertex 0.900015 0.481068 16.0741
      vertex 0.942834 0.390534 16.0741
      vertex 0.569357 0.235835 16.1545
    endloop
  endfacet
  facet normal -0.183877 -0.0657918 -0.980745
    outer loop
      vertex 0.942834 0.390534 16.0741
      vertex 0.589731 0.178893 16.1545
      vertex 0.569357 0.235835 16.1545
    endloop
  endfacet
  facet normal -0.124209 -0.262611 -0.956874
    outer loop
      vertex 0.541472 1.30723 15.9545
      vertex 0.666996 1.24786 15.9545
      vertex 0.390534 0.942834 16.0741
    endloop
  endfacet
  facet normal -0.163764 -0.34624 -0.923742
    outer loop
      vertex 0.846501 1.58369 15.7968
      vertex 0.666996 1.24786 15.9545
      vertex 0.541472 1.30723 15.9545
    endloop
  endfacet
  facet normal -0.0705948 -0.281796 -0.956874
    outer loop
      vertex 0.27604 1.38775 15.9545
      vertex 0.29624 0.976573 16.0741
      vertex 0.199093 1.00091 16.0741
    endloop
  endfacet
  facet normal -0.0705881 -0.281796 -0.956874
    outer loop
      vertex 0.410734 1.35401 15.9545
      vertex 0.29624 0.976573 16.0741
      vertex 0.27604 1.38775 15.9545
    endloop
  endfacet
  facet normal 0.615851 0.154249 -0.772616
    outer loop
      vertex -2.3942 -0.726274 15.3735
      vertex -2.6991 -0.818761 15.112
      vertex -2.76635 -0.550261 15.112
    endloop
  endfacet
  facet normal 0.686363 0.17191 -0.706649
    outer loop
      vertex -2.83478 -0.737434 15
      vertex -2.76635 -0.550261 15.112
      vertex -2.6991 -0.818761 15.112
    endloop
  endfacet
  facet normal 0.686355 0.171917 -0.706655
    outer loop
      vertex -2.76635 -0.550261 15.112
      vertex -2.83478 -0.737434 15
      vertex -2.87619 -0.57211 15
    endloop
  endfacet
  facet normal 0.606896 0.36374 -0.706661
    outer loop
      vertex -2.3452 -1.56701 15.112
      vertex -2.43832 -1.62923 15
      vertex -2.49865 -1.52857 15
    endloop
  endfacet
  facet normal 0.544551 0.326396 -0.772612
    outer loop
      vertex -2.20651 -1.1794 15.3735
      vertex -2.3452 -1.56701 15.112
      vertex -2.4875 -1.3296 15.112
    endloop
  endfacet
  facet normal 0.47694 0.28587 -0.831147
    outer loop
      vertex -1.90427 -1.01785 15.6025
      vertex -2.08028 -1.39 15.3735
      vertex -2.20651 -1.1794 15.3735
    endloop
  endfacet
  facet normal 0.50266 0.237752 -0.831148
    outer loop
      vertex -1.90427 -1.01785 15.6025
      vertex -2.20651 -1.1794 15.3735
      vertex -2.31149 -0.957449 15.3735
    endloop
  endfacet
  facet normal 0.475178 0.524257 -0.706654
    outer loop
      vertex -1.99443 -1.99443 15.112
      vertex -1.98667 -2.15243 15
      vertex -2.07362 -2.07362 15
    endloop
  endfacet
  facet normal 0.470429 0.426341 -0.772613
    outer loop
      vertex -1.93402 -1.58721 15.3735
      vertex -1.76914 -1.76914 15.3735
      vertex -2.18031 -1.78934 15.112
    endloop
  endfacet
  facet normal 0.47128 0.0231586 -0.881679
    outer loop
      vertex -1.79573 0 15.7968
      vertex -2.14883 -0.211641 15.6025
      vertex -2.15923 0 15.6025
    endloop
  endfacet
  facet normal 0.47128 -0.0231586 -0.881679
    outer loop
      vertex -2.14883 0.211641 15.6025
      vertex -1.79573 0 15.7968
      vertex -2.15923 0 15.6025
    endloop
  endfacet
  facet normal 0.382553 -0.0188003 -0.923742
    outer loop
      vertex -1.78708 0.176012 15.7968
      vertex -1.40812 0.138688 15.9545
      vertex -1.79573 0 15.7968
    endloop
  endfacet
  facet normal 0.378871 -0.056184 -0.923742
    outer loop
      vertex -1.76123 0.350329 15.7968
      vertex -1.40812 0.138688 15.9545
      vertex -1.78708 0.176012 15.7968
    endloop
  endfacet
  facet normal 0.550036 -0.0815853 -0.831147
    outer loop
      vertex -2.11774 0.421245 15.6025
      vertex -2.14883 0.211641 15.6025
      vertex -2.45386 0.488103 15.3735
    endloop
  endfacet
  facet normal 0.466748 -0.0692314 -0.881677
    outer loop
      vertex -2.11774 0.421245 15.6025
      vertex -1.76123 0.350329 15.7968
      vertex -2.14883 0.211641 15.6025
    endloop
  endfacet
  facet normal 0.167508 -0.1004 -0.980745
    outer loop
      vertex -0.512407 0.34238 16.1545
      vertex -0.543499 0.290506 16.1545
      vertex -0.900015 0.481068 16.0741
    endloop
  endfacet
  facet normal 0.176542 -0.0834998 -0.980745
    outer loop
      vertex -0.543499 0.290506 16.1545
      vertex -0.569357 0.235835 16.1545
      vertex -0.900015 0.481068 16.0741
    endloop
  endfacet
  facet normal 0.0887128 0.0419589 -0.995173
    outer loop
      vertex -0.181749 -0.097147 16.1949
      vertex -0.543499 -0.290506 16.1545
      vertex -0.569357 -0.235835 16.1545
    endloop
  endfacet
  facet normal 0.257228 -0.283788 -0.923741
    outer loop
      vertex -1.1392 1.38812 15.7968
      vertex -1.00051 1.00051 15.9545
      vertex -1.26977 1.26977 15.7968
    endloop
  endfacet
  facet normal 0.316887 -0.349607 -0.881679
    outer loop
      vertex -1.1392 1.38812 15.7968
      vertex -1.26977 1.26977 15.7968
      vertex -1.3698 1.66911 15.6025
    endloop
  endfacet
  facet normal 0.173058 -0.23333 -0.956874
    outer loop
      vertex -0.786097 1.17648 15.9545
      vertex -0.647408 0.78887 16.0741
      vertex -0.897626 1.09376 15.9545
    endloop
  endfacet
  facet normal 0.124206 -0.262613 -0.956874
    outer loop
      vertex -0.390534 0.942834 16.0741
      vertex -0.481068 0.900015 16.0741
      vertex -0.666996 1.24786 15.9545
    endloop
  endfacet
  facet normal 0.28587 -0.47694 -0.831147
    outer loop
      vertex -1.1794 2.20651 15.3735
      vertex -1.01785 1.90427 15.6025
      vertex -1.39 2.08028 15.3735
    endloop
  endfacet
  facet normal 0.163767 -0.346236 -0.923743
    outer loop
      vertex -0.687196 1.65904 15.7968
      vertex -0.541472 1.30723 15.9545
      vertex -0.846501 1.58369 15.7968
    endloop
  endfacet
  facet normal -0.0188123 -0.382557 -0.92374
    outer loop
      vertex 0 1.79573 15.7968
      vertex 0.138688 1.40812 15.9545
      vertex 0 1.41494 15.9545
    endloop
  endfacet
  facet normal -0.0188003 -0.382553 -0.923742
    outer loop
      vertex 0.176012 1.78708 15.7968
      vertex 0.138688 1.40812 15.9545
      vertex 0 1.79573 15.7968
    endloop
  endfacet
  facet normal 0.201749 -0.426542 -0.88168
    outer loop
      vertex -0.826302 1.99487 15.6025
      vertex -0.846501 1.58369 15.7968
      vertex -1.01785 1.90427 15.6025
    endloop
  endfacet
  facet normal 0.213869 -0.597766 -0.772616
    outer loop
      vertex -0.818761 2.6991 15.112
      vertex -0.726274 2.3942 15.3735
      vertex -0.957449 2.31149 15.3735
    endloop
  endfacet
  facet normal 0.154267 -0.615855 -0.772609
    outer loop
      vertex -0.550261 2.76635 15.112
      vertex -0.488103 2.45386 15.3735
      vertex -0.726274 2.3942 15.3735
    endloop
  endfacet
  facet normal 0.0930661 -0.371534 -0.923743
    outer loop
      vertex -0.350329 1.76123 15.7968
      vertex -0.27604 1.38775 15.9545
      vertex -0.521273 1.71841 15.7968
    endloop
  endfacet
  facet normal -0.116335 -0.156861 -0.980745
    outer loop
      vertex 0.566968 0.848528 16.0741
      vertex 0.390956 0.476381 16.1545
      vertex 0.34238 0.512407 16.1545
    endloop
  endfacet
  facet normal 0.233333 0.17305 -0.956875
    outer loop
      vertex -0.848528 -0.566968 16.0741
      vertex -0.78887 -0.647408 16.0741
      vertex -1.17648 -0.786097 15.9545
    endloop
  endfacet
  facet normal 0.156861 0.116336 -0.980745
    outer loop
      vertex -0.476381 -0.390956 16.1545
      vertex -0.78887 -0.647408 16.0741
      vertex -0.848528 -0.566968 16.0741
    endloop
  endfacet
  facet normal 0.0419589 -0.0887128 -0.995173
    outer loop
      vertex -0.235835 0.569357 16.1545
      vertex -0.097147 0.181749 16.1949
      vertex -0.290506 0.543499 16.1545
    endloop
  endfacet
  facet normal -0.0584587 -0.0788233 -0.995173
    outer loop
      vertex 0.34238 0.512407 16.1545
      vertex 0.390956 0.476381 16.1545
      vertex 0.130738 0.159305 16.1949
    endloop
  endfacet
  facet normal 0.0659047 -0.0727125 -0.995173
    outer loop
      vertex -0.130738 0.159305 16.1949
      vertex -0.145723 0.145723 16.1949
      vertex -0.390956 0.476381 16.1545
    endloop
  endfacet
  facet normal 0 0 -1
    outer loop
      vertex 0.205091 -0.0201998 16.1949
      vertex 0.205091 0.0201998 16.1949
      vertex 0.206083 0 16.1949
    endloop
  endfacet
  facet normal 0 0 -1
    outer loop
      vertex 0.202124 -0.040205 16.1949
      vertex 0.205091 0.0201998 16.1949
      vertex 0.205091 -0.0201998 16.1949
    endloop
  endfacet
  facet normal 0 0 -1
    outer loop
      vertex 0.202124 -0.040205 16.1949
      vertex 0.202124 0.040205 16.1949
      vertex 0.205091 0.0201998 16.1949
    endloop
  endfacet
  facet normal 0 0 -1
    outer loop
      vertex 0.19721 -0.059823 16.1949
      vertex 0.202124 0.040205 16.1949
      vertex 0.202124 -0.040205 16.1949
    endloop
  endfacet
  facet normal 0 0 -1
    outer loop
      vertex 0.19721 -0.059823 16.1949
      vertex 0.19721 0.059823 16.1949
      vertex 0.202124 0.040205 16.1949
    endloop
  endfacet
  facet normal 0 0 -1
    outer loop
      vertex 0.190396 -0.0788641 16.1949
      vertex 0.19721 0.059823 16.1949
      vertex 0.19721 -0.059823 16.1949
    endloop
  endfacet
  facet normal 0 0 -1
    outer loop
      vertex 0.190396 -0.0788641 16.1949
      vertex 0.190396 0.0788641 16.1949
      vertex 0.19721 0.059823 16.1949
    endloop
  endfacet
  facet normal 0 0 -1
    outer loop
      vertex 0.181749 -0.097147 16.1949
      vertex 0.190396 0.0788641 16.1949
      vertex 0.190396 -0.0788641 16.1949
    endloop
  endfacet
  facet normal 0 0 -1
    outer loop
      vertex 0.181749 -0.097147 16.1949
      vertex 0.181749 0.097147 16.1949
      vertex 0.190396 0.0788641 16.1949
    endloop
  endfacet
  facet normal 0 0 -1
    outer loop
      vertex 0.171352 -0.114493 16.1949
      vertex 0.181749 0.097147 16.1949
      vertex 0.181749 -0.097147 16.1949
    endloop
  endfacet
  facet normal 0 0 -1
    outer loop
      vertex 0.171352 -0.114493 16.1949
      vertex 0.171352 0.114493 16.1949
      vertex 0.181749 0.097147 16.1949
    endloop
  endfacet
  facet normal 0 0 -1
    outer loop
      vertex 0.159305 -0.130738 16.1949
      vertex 0.171352 0.114493 16.1949
      vertex 0.171352 -0.114493 16.1949
    endloop
  endfacet
  facet normal 0 0 -1
    outer loop
      vertex 0.159305 -0.130738 16.1949
      vertex 0.159305 0.130738 16.1949
      vertex 0.171352 0.114493 16.1949
    endloop
  endfacet
  facet normal 0 0 -1
    outer loop
      vertex 0.145723 -0.145723 16.1949
      vertex 0.159305 0.130738 16.1949
      vertex 0.159305 -0.130738 16.1949
    endloop
  endfacet
  facet normal 0 0 -1
    outer loop
      vertex 0.145723 -0.145723 16.1949
      vertex 0.145723 0.145723 16.1949
      vertex 0.159305 0.130738 16.1949
    endloop
  endfacet
  facet normal 0 0 -1
    outer loop
      vertex 0.130738 -0.159305 16.1949
      vertex 0.145723 0.145723 16.1949
      vertex 0.145723 -0.145723 16.1949
    endloop
  endfacet
  facet normal 0 0 -1
    outer loop
      vertex 0.130738 -0.159305 16.1949
      vertex 0.130738 0.159305 16.1949
      vertex 0.145723 0.145723 16.1949
    endloop
  endfacet
  facet normal 0 0 -1
    outer loop
      vertex 0.114493 -0.171352 16.1949
      vertex 0.130738 0.159305 16.1949
      vertex 0.130738 -0.159305 16.1949
    endloop
  endfacet
  facet normal 0 0 -1
    outer loop
      vertex 0.114493 -0.171352 16.1949
      vertex 0.114493 0.171352 16.1949
      vertex 0.130738 0.159305 16.1949
    endloop
  endfacet
  facet normal 0 0 -1
    outer loop
      vertex 0.097147 -0.181749 16.1949
      vertex 0.114493 0.171352 16.1949
      vertex 0.114493 -0.171352 16.1949
    endloop
  endfacet
  facet normal 0 0 -1
    outer loop
      vertex 0.097147 -0.181749 16.1949
      vertex 0.097147 0.181749 16.1949
      vertex 0.114493 0.171352 16.1949
    endloop
  endfacet
  facet normal 0 0 -1
    outer loop
      vertex 0.0788641 -0.190396 16.1949
      vertex 0.097147 0.181749 16.1949
      vertex 0.097147 -0.181749 16.1949
    endloop
  endfacet
  facet normal 0 0 -1
    outer loop
      vertex 0.0788641 -0.190396 16.1949
      vertex 0.0788641 0.190396 16.1949
      vertex 0.097147 0.181749 16.1949
    endloop
  endfacet
  facet normal 0 0 -1
    outer loop
      vertex 0.059823 -0.19721 16.1949
      vertex 0.0788641 0.190396 16.1949
      vertex 0.0788641 -0.190396 16.1949
    endloop
  endfacet
  facet normal 0 0 -1
    outer loop
      vertex 0.059823 -0.19721 16.1949
      vertex 0.059823 0.19721 16.1949
      vertex 0.0788641 0.190396 16.1949
    endloop
  endfacet
  facet normal 0 0 -1
    outer loop
      vertex 0.040205 -0.202124 16.1949
      vertex 0.059823 0.19721 16.1949
      vertex 0.059823 -0.19721 16.1949
    endloop
  endfacet
  facet normal 0 0 -1
    outer loop
      vertex 0.040205 -0.202124 16.1949
      vertex 0.040205 0.202124 16.1949
      vertex 0.059823 0.19721 16.1949
    endloop
  endfacet
  facet normal 0 0 -1
    outer loop
      vertex 0.0201998 -0.205091 16.1949
      vertex 0.040205 0.202124 16.1949
      vertex 0.040205 -0.202124 16.1949
    endloop
  endfacet
  facet normal 0 0 -1
    outer loop
      vertex 0.0201998 -0.205091 16.1949
      vertex 0.0201998 0.205091 16.1949
      vertex 0.040205 0.202124 16.1949
    endloop
  endfacet
  facet normal 0 0 -1
    outer loop
      vertex 0 -0.206083 16.1949
      vertex 0.0201998 0.205091 16.1949
      vertex 0.0201998 -0.205091 16.1949
    endloop
  endfacet
  facet normal 0 0 -1
    outer loop
      vertex 0 -0.206083 16.1949
      vertex 0 0.206083 16.1949
      vertex 0.0201998 0.205091 16.1949
    endloop
  endfacet
  facet normal 0 0 -1
    outer loop
      vertex -0.0201998 -0.205091 16.1949
      vertex 0 0.206083 16.1949
      vertex 0 -0.206083 16.1949
    endloop
  endfacet
  facet normal 0 0 -1
    outer loop
      vertex -0.0201998 -0.205091 16.1949
      vertex -0.0201998 0.205091 16.1949
      vertex 0 0.206083 16.1949
    endloop
  endfacet
  facet normal 0 0 -1
    outer loop
      vertex -0.040205 -0.202124 16.1949
      vertex -0.0201998 0.205091 16.1949
      vertex -0.0201998 -0.205091 16.1949
    endloop
  endfacet
  facet normal 0 0 -1
    outer loop
      vertex -0.040205 -0.202124 16.1949
      vertex -0.040205 0.202124 16.1949
      vertex -0.0201998 0.205091 16.1949
    endloop
  endfacet
  facet normal 0 0 -1
    outer loop
      vertex -0.059823 -0.19721 16.1949
      vertex -0.040205 0.202124 16.1949
      vertex -0.040205 -0.202124 16.1949
    endloop
  endfacet
  facet normal 0 0 -1
    outer loop
      vertex -0.059823 -0.19721 16.1949
      vertex -0.059823 0.19721 16.1949
      vertex -0.040205 0.202124 16.1949
    endloop
  endfacet
  facet normal 0 0 -1
    outer loop
      vertex -0.0788641 -0.190396 16.1949
      vertex -0.059823 0.19721 16.1949
      vertex -0.059823 -0.19721 16.1949
    endloop
  endfacet
  facet normal 0 0 -1
    outer loop
      vertex -0.0788641 -0.190396 16.1949
      vertex -0.0788641 0.190396 16.1949
      vertex -0.059823 0.19721 16.1949
    endloop
  endfacet
  facet normal 0 0 -1
    outer loop
      vertex -0.097147 -0.181749 16.1949
      vertex -0.0788641 0.190396 16.1949
      vertex -0.0788641 -0.190396 16.1949
    endloop
  endfacet
  facet normal 0 0 -1
    outer loop
      vertex -0.097147 -0.181749 16.1949
      vertex -0.097147 0.181749 16.1949
      vertex -0.0788641 0.190396 16.1949
    endloop
  endfacet
  facet normal 0 0 -1
    outer loop
      vertex -0.114493 -0.171352 16.1949
      vertex -0.097147 0.181749 16.1949
      vertex -0.097147 -0.181749 16.1949
    endloop
  endfacet
  facet normal 0 0 -1
    outer loop
      vertex -0.114493 -0.171352 16.1949
      vertex -0.114493 0.171352 16.1949
      vertex -0.097147 0.181749 16.1949
    endloop
  endfacet
  facet normal 0 0 -1
    outer loop
      vertex -0.130738 -0.159305 16.1949
      vertex -0.114493 0.171352 16.1949
      vertex -0.114493 -0.171352 16.1949
    endloop
  endfacet
  facet normal 0 0 -1
    outer loop
      vertex -0.130738 -0.159305 16.1949
      vertex -0.130738 0.159305 16.1949
      vertex -0.114493 0.171352 16.1949
    endloop
  endfacet
  facet normal 0 0 -1
    outer loop
      vertex -0.145723 -0.145723 16.1949
      vertex -0.130738 0.159305 16.1949
      vertex -0.130738 -0.159305 16.1949
    endloop
  endfacet
  facet normal 0 0 -1
    outer loop
      vertex -0.145723 -0.145723 16.1949
      vertex -0.145723 0.145723 16.1949
      vertex -0.130738 0.159305 16.1949
    endloop
  endfacet
  facet normal 0 0 -1
    outer loop
      vertex -0.159305 -0.130738 16.1949
      vertex -0.145723 0.145723 16.1949
      vertex -0.145723 -0.145723 16.1949
    endloop
  endfacet
  facet normal 0 0 -1
    outer loop
      vertex -0.159305 -0.130738 16.1949
      vertex -0.159305 0.130738 16.1949
      vertex -0.145723 0.145723 16.1949
    endloop
  endfacet
  facet normal 0 0 -1
    outer loop
      vertex -0.171352 -0.114493 16.1949
      vertex -0.159305 0.130738 16.1949
      vertex -0.159305 -0.130738 16.1949
    endloop
  endfacet
  facet normal 0 0 -1
    outer loop
      vertex -0.171352 -0.114493 16.1949
      vertex -0.171352 0.114493 16.1949
      vertex -0.159305 0.130738 16.1949
    endloop
  endfacet
  facet normal 0 0 -1
    outer loop
      vertex -0.181749 -0.097147 16.1949
      vertex -0.171352 0.114493 16.1949
      vertex -0.171352 -0.114493 16.1949
    endloop
  endfacet
  facet normal 0 0 -1
    outer loop
      vertex -0.181749 -0.097147 16.1949
      vertex -0.181749 0.097147 16.1949
      vertex -0.171352 0.114493 16.1949
    endloop
  endfacet
  facet normal 0 0 -1
    outer loop
      vertex -0.190396 -0.0788641 16.1949
      vertex -0.181749 0.097147 16.1949
      vertex -0.181749 -0.097147 16.1949
    endloop
  endfacet
  facet normal 0 0 -1
    outer loop
      vertex -0.190396 -0.0788641 16.1949
      vertex -0.190396 0.0788641 16.1949
      vertex -0.181749 0.097147 16.1949
    endloop
  endfacet
  facet normal 0 0 -1
    outer loop
      vertex -0.19721 -0.059823 16.1949
      vertex -0.190396 0.0788641 16.1949
      vertex -0.190396 -0.0788641 16.1949
    endloop
  endfacet
  facet normal 0 0 -1
    outer loop
      vertex -0.19721 -0.059823 16.1949
      vertex -0.19721 0.059823 16.1949
      vertex -0.190396 0.0788641 16.1949
    endloop
  endfacet
  facet normal 0 0 -1
    outer loop
      vertex -0.202124 -0.040205 16.1949
      vertex -0.19721 0.059823 16.1949
      vertex -0.19721 -0.059823 16.1949
    endloop
  endfacet
  facet normal 0 0 -1
    outer loop
      vertex -0.202124 -0.040205 16.1949
      vertex -0.202124 0.040205 16.1949
      vertex -0.19721 0.059823 16.1949
    endloop
  endfacet
  facet normal 0 0 -1
    outer loop
      vertex -0.205091 -0.0201998 16.1949
      vertex -0.202124 0.040205 16.1949
      vertex -0.202124 -0.040205 16.1949
    endloop
  endfacet
  facet normal 0 0 -1
    outer loop
      vertex -0.205091 -0.0201998 16.1949
      vertex -0.205091 0.0201998 16.1949
      vertex -0.202124 0.040205 16.1949
    endloop
  endfacet
  facet normal 0 -0 -1
    outer loop
      vertex -0.205091 0.0201998 16.1949
      vertex -0.205091 -0.0201998 16.1949
      vertex -0.206083 0 16.1949
    endloop
  endfacet
  facet normal -0.189438 0.0474575 -0.980745
    outer loop
      vertex 1.00091 -0.199093 16.0741
      vertex 0.976573 -0.29624 16.0741
      vertex 0.604426 -0.120228 16.1545
    endloop
  endfacet
  facet normal -0.281796 0.0705948 -0.956874
    outer loop
      vertex 1.00091 -0.199093 16.0741
      vertex 1.38775 -0.27604 15.9545
      vertex 0.976573 -0.29624 16.0741
    endloop
  endfacet
  facet normal -0.24917 0.149348 -0.956875
    outer loop
      vertex 0.900015 -0.481068 16.0741
      vertex 1.17648 -0.786097 15.9545
      vertex 0.848528 -0.566968 16.0741
    endloop
  endfacet
  facet normal -0.167508 0.100401 -0.980745
    outer loop
      vertex 0.900015 -0.481068 16.0741
      vertex 0.848528 -0.566968 16.0741
      vertex 0.512407 -0.34238 16.1545
    endloop
  endfacet
  facet normal -0.156861 0.116336 -0.980745
    outer loop
      vertex 0.848528 -0.566968 16.0741
      vertex 0.78887 -0.647408 16.0741
      vertex 0.476381 -0.390956 16.1545
    endloop
  endfacet
  facet normal -0.156861 0.116335 -0.980745
    outer loop
      vertex 0.512407 -0.34238 16.1545
      vertex 0.848528 -0.566968 16.0741
      vertex 0.476381 -0.390956 16.1545
    endloop
  endfacet
  facet normal -0.084173 0.0504524 -0.995173
    outer loop
      vertex 0.181749 -0.097147 16.1949
      vertex 0.543499 -0.290506 16.1545
      vertex 0.171352 -0.114493 16.1949
    endloop
  endfacet
  facet normal -0.0841734 0.0504515 -0.995173
    outer loop
      vertex 0.543499 -0.290506 16.1545
      vertex 0.512407 -0.34238 16.1545
      vertex 0.171352 -0.114493 16.1949
    endloop
  endfacet
  facet normal -0.116335 0.156861 -0.980745
    outer loop
      vertex 0.390956 -0.476381 16.1545
      vertex 0.566968 -0.848528 16.0741
      vertex 0.34238 -0.512407 16.1545
    endloop
  endfacet
  facet normal -0.0584587 0.0788233 -0.995173
    outer loop
      vertex 0.390956 -0.476381 16.1545
      vertex 0.34238 -0.512407 16.1545
      vertex 0.130738 -0.159305 16.1949
    endloop
  endfacet
  facet normal 0.0923968 -0.0330649 -0.995173
    outer loop
      vertex -0.190396 0.0788641 16.1949
      vertex -0.19721 0.059823 16.1949
      vertex -0.569357 0.235835 16.1545
    endloop
  endfacet
  facet normal -0.144703 -0.13115 -0.980745
    outer loop
      vertex 0.78887 0.647408 16.0741
      vertex 0.476381 0.390956 16.1545
      vertex 0.435767 0.435767 16.1545
    endloop
  endfacet
  facet normal -0.24917 -0.149348 -0.956875
    outer loop
      vertex 1.17648 0.786097 15.9545
      vertex 0.900015 0.481068 16.0741
      vertex 0.848528 0.566968 16.0741
    endloop
  endfacet
  facet normal -0.233333 -0.17305 -0.956875
    outer loop
      vertex 1.17648 0.786097 15.9545
      vertex 0.848528 0.566968 16.0741
      vertex 0.78887 0.647408 16.0741
    endloop
  endfacet
  facet normal -0.100401 -0.167508 -0.980745
    outer loop
      vertex 0.481068 0.900015 16.0741
      vertex 0.566968 0.848528 16.0741
      vertex 0.34238 0.512407 16.1545
    endloop
  endfacet
  facet normal 0.0330649 -0.0923968 -0.995173
    outer loop
      vertex -0.059823 0.19721 16.1949
      vertex -0.0788641 0.190396 16.1949
      vertex -0.235835 0.569357 16.1545
    endloop
  endfacet
  facet normal -0.0474529 -0.18944 -0.980745
    outer loop
      vertex 0.29624 0.976573 16.0741
      vertex 0.178893 0.589731 16.1545
      vertex 0.120228 0.604426 16.1545
    endloop
  endfacet
  facet normal -0.0657924 -0.183877 -0.980745
    outer loop
      vertex 0.29624 0.976573 16.0741
      vertex 0.390534 0.942834 16.0741
      vertex 0.178893 0.589731 16.1545
    endloop
  endfacet
  facet normal 0.0238452 -0.0951943 -0.995173
    outer loop
      vertex -0.120228 0.604426 16.1545
      vertex -0.059823 0.19721 16.1949
      vertex -0.178893 0.589731 16.1545
    endloop
  endfacet
  facet normal 0.00958087 -0.195056 -0.980745
    outer loop
      vertex 0 1.02052 16.0741
      vertex 0 0.616267 16.1545
      vertex -0.0604048 0.6133 16.1545
    endloop
  endfacet
  facet normal 0.00481446 -0.098017 -0.995173
    outer loop
      vertex 0 0.616267 16.1545
      vertex -0.0201998 0.205091 16.1949
      vertex -0.0604048 0.6133 16.1545
    endloop
  endfacet
  facet normal -0.0727125 -0.0659047 -0.995173
    outer loop
      vertex 0.476381 0.390956 16.1545
      vertex 0.159305 0.130738 16.1949
      vertex 0.145723 0.145723 16.1949
    endloop
  endfacet
  facet normal 0.0727125 -0.0659047 -0.995173
    outer loop
      vertex -0.145723 0.145723 16.1949
      vertex -0.159305 0.130738 16.1949
      vertex -0.476381 0.390956 16.1545
    endloop
  endfacet
  facet normal 0.597768 0.213882 -0.772611
    outer loop
      vertex -2.31149 -0.957449 15.3735
      vertex -2.60585 -1.07938 15.112
      vertex -2.6991 -0.818761 15.112
    endloop
  endfacet
  facet normal 0.666218 0.238396 -0.706627
    outer loop
      vertex -2.76673 -0.961765 15
      vertex -2.60585 -1.07938 15.112
      vertex -2.70931 -1.12223 15
    endloop
  endfacet
  facet normal 0.66621 0.238371 -0.706642
    outer loop
      vertex -2.60585 -1.07938 15.112
      vertex -2.76673 -0.961765 15
      vertex -2.6991 -0.818761 15.112
    endloop
  endfacet
  facet normal 0.42636 0.470423 -0.772605
    outer loop
      vertex -1.76914 -1.76914 15.3735
      vertex -1.78934 -2.18031 15.112
      vertex -1.99443 -1.99443 15.112
    endloop
  endfacet
  facet normal 0.470423 0.42636 -0.772605
    outer loop
      vertex -1.76914 -1.76914 15.3735
      vertex -1.99443 -1.99443 15.112
      vertex -2.18031 -1.78934 15.112
    endloop
  endfacet
  facet normal -0.0727136 -0.0659033 -0.995173
    outer loop
      vertex 0.435767 0.435767 16.1545
      vertex 0.476381 0.390956 16.1545
      vertex 0.145723 0.145723 16.1949
    endloop
  endfacet
  facet normal -0.0659047 -0.0727125 -0.995173
    outer loop
      vertex 0.390956 0.476381 16.1545
      vertex 0.145723 0.145723 16.1949
      vertex 0.130738 0.159305 16.1949
    endloop
  endfacet
  facet normal 0.158965 -0.444265 -0.88168
    outer loop
      vertex -0.521273 1.71841 15.7968
      vertex -0.687196 1.65904 15.7968
      vertex -0.826302 1.99487 15.6025
    endloop
  endfacet
  facet normal 0.124209 -0.262611 -0.956874
    outer loop
      vertex -0.541472 1.30723 15.9545
      vertex -0.390534 0.942834 16.0741
      vertex -0.666996 1.24786 15.9545
    endloop
  endfacet
  facet normal 0.149348 -0.24917 -0.956875
    outer loop
      vertex -0.481068 0.900015 16.0741
      vertex -0.566968 0.848528 16.0741
      vertex -0.786097 1.17648 15.9545
    endloop
  endfacet
  facet normal 0.149339 -0.249179 -0.956874
    outer loop
      vertex -0.666996 1.24786 15.9545
      vertex -0.481068 0.900015 16.0741
      vertex -0.786097 1.17648 15.9545
    endloop
  endfacet
  facet normal 0.271457 -0.573919 -0.772611
    outer loop
      vertex -1.07938 2.60585 15.112
      vertex -0.957449 2.31149 15.3735
      vertex -1.1794 2.20651 15.3735
    endloop
  endfacet
  facet normal 0.326395 -0.544552 -0.772612
    outer loop
      vertex -1.1794 2.20651 15.3735
      vertex -1.39 2.08028 15.3735
      vertex -1.56701 2.3452 15.112
    endloop
  endfacet
  facet normal 0.196897 -0.32853 -0.923742
    outer loop
      vertex -0.846501 1.58369 15.7968
      vertex -0.786097 1.17648 15.9545
      vertex -0.997654 1.4931 15.7968
    endloop
  endfacet
  facet normal 0.196896 -0.32853 -0.923742
    outer loop
      vertex -0.666996 1.24786 15.9545
      vertex -0.786097 1.17648 15.9545
      vertex -0.846501 1.58369 15.7968
    endloop
  endfacet
  facet normal 0.129036 -0.360623 -0.923743
    outer loop
      vertex -0.410734 1.35401 15.9545
      vertex -0.541472 1.30723 15.9545
      vertex -0.687196 1.65904 15.7968
    endloop
  endfacet
  facet normal 0.135093 -0.539392 -0.831147
    outer loop
      vertex -0.488103 2.45386 15.3735
      vertex -0.421245 2.11774 15.6025
      vertex -0.626791 2.06626 15.6025
    endloop
  endfacet
  facet normal 0.271454 -0.573919 -0.772612
    outer loop
      vertex -1.07938 2.60585 15.112
      vertex -1.1794 2.20651 15.3735
      vertex -1.3296 2.4875 15.112
    endloop
  endfacet
  facet normal 0.326396 -0.544551 -0.772612
    outer loop
      vertex -1.3296 2.4875 15.112
      vertex -1.1794 2.20651 15.3735
      vertex -1.56701 2.3452 15.112
    endloop
  endfacet
  facet normal -0.0143995 -0.097073 -0.995173
    outer loop
      vertex 0.0604048 0.6133 16.1545
      vertex 0.120228 0.604426 16.1545
      vertex 0.0201998 0.205091 16.1949
    endloop
  endfacet
  facet normal 0.0887133 -0.0419575 -0.995173
    outer loop
      vertex -0.181749 0.097147 16.1949
      vertex -0.190396 0.0788641 16.1949
      vertex -0.569357 0.235835 16.1545
    endloop
  endfacet
  facet normal -0.0841734 -0.0504515 -0.995173
    outer loop
      vertex 0.512407 0.34238 16.1545
      vertex 0.543499 0.290506 16.1545
      vertex 0.171352 0.114493 16.1949
    endloop
  endfacet
  facet normal -0.183877 0.0657918 -0.980745
    outer loop
      vertex 0.589731 -0.178893 16.1545
      vertex 0.942834 -0.390534 16.0741
      vertex 0.569357 -0.235835 16.1545
    endloop
  endfacet
  facet normal -0.0923988 0.0330605 -0.995173
    outer loop
      vertex 0.589731 -0.178893 16.1545
      vertex 0.569357 -0.235835 16.1545
      vertex 0.19721 -0.059823 16.1949
    endloop
  endfacet
  facet normal -0.0238452 -0.0951943 -0.995173
    outer loop
      vertex 0.120228 0.604426 16.1545
      vertex 0.178893 0.589731 16.1545
      vertex 0.059823 0.19721 16.1949
    endloop
  endfacet
  facet normal -0.0330649 -0.0923968 -0.995173
    outer loop
      vertex 0.235835 0.569357 16.1545
      vertex 0.0788641 0.190396 16.1949
      vertex 0.059823 0.19721 16.1949
    endloop
  endfacet
  facet normal 0.0143971 -0.0970736 -0.995173
    outer loop
      vertex -0.0201998 0.205091 16.1949
      vertex -0.040205 0.202124 16.1949
      vertex -0.120228 0.604426 16.1545
    endloop
  endfacet
  facet normal 0.0238447 -0.0951943 -0.995173
    outer loop
      vertex -0.040205 0.202124 16.1949
      vertex -0.059823 0.19721 16.1949
      vertex -0.120228 0.604426 16.1545
    endloop
  endfacet
  facet normal 0.573919 0.271454 -0.772612
    outer loop
      vertex -2.20651 -1.1794 15.3735
      vertex -2.4875 -1.3296 15.112
      vertex -2.60585 -1.07938 15.112
    endloop
  endfacet
  facet normal 0.639615 0.302528 -0.706661
    outer loop
      vertex -2.63645 -1.2763 15
      vertex -2.60585 -1.07938 15.112
      vertex -2.4875 -1.3296 15.112
    endloop
  endfacet
  facet normal 0.639667 0.3025 -0.706626
    outer loop
      vertex -2.60585 -1.07938 15.112
      vertex -2.63645 -1.2763 15
      vertex -2.70931 -1.12223 15
    endloop
  endfacet
  facet normal 0.114651 -0.457705 -0.881681
    outer loop
      vertex -0.350329 1.76123 15.7968
      vertex -0.521273 1.71841 15.7968
      vertex -0.626791 2.06626 15.6025
    endloop
  endfacet
  facet normal 0.201751 -0.426542 -0.881679
    outer loop
      vertex -0.826302 1.99487 15.6025
      vertex -0.687196 1.65904 15.7968
      vertex -0.846501 1.58369 15.7968
    endloop
  endfacet
  facet normal 0.242589 -0.404723 -0.881674
    outer loop
      vertex -1.01785 1.90427 15.6025
      vertex -0.997654 1.4931 15.7968
      vertex -1.1996 1.79533 15.6025
    endloop
  endfacet
  facet normal 0.281072 -0.379009 -0.881675
    outer loop
      vertex -1.1996 1.79533 15.6025
      vertex -0.997654 1.4931 15.7968
      vertex -1.3698 1.66911 15.6025
    endloop
  endfacet
  facet normal 0.114637 -0.457716 -0.881677
    outer loop
      vertex -0.421245 2.11774 15.6025
      vertex -0.350329 1.76123 15.7968
      vertex -0.626791 2.06626 15.6025
    endloop
  endfacet
  facet normal 0.0692314 -0.466748 -0.881677
    outer loop
      vertex -0.211641 2.14883 15.6025
      vertex -0.350329 1.76123 15.7968
      vertex -0.421245 2.11774 15.6025
    endloop
  endfacet
  facet normal 0.187337 -0.523543 -0.831148
    outer loop
      vertex -0.626791 2.06626 15.6025
      vertex -0.826302 1.99487 15.6025
      vertex -0.957449 2.31149 15.3735
    endloop
  endfacet
  facet normal 0.237753 -0.50266 -0.831148
    outer loop
      vertex -0.957449 2.31149 15.3735
      vertex -0.826302 1.99487 15.6025
      vertex -1.01785 1.90427 15.6025
    endloop
  endfacet
  facet normal 0.378196 -0.509941 -0.772611
    outer loop
      vertex -1.56701 2.3452 15.112
      vertex -1.39 2.08028 15.3735
      vertex -1.58721 1.93402 15.3735
    endloop
  endfacet
  facet normal 0.331241 -0.44663 -0.831144
    outer loop
      vertex -1.39 2.08028 15.3735
      vertex -1.3698 1.66911 15.6025
      vertex -1.58721 1.93402 15.3735
    endloop
  endfacet
  facet normal -0.0504515 -0.0841734 -0.995173
    outer loop
      vertex 0.290506 0.543499 16.1545
      vertex 0.34238 0.512407 16.1545
      vertex 0.114493 0.171352 16.1949
    endloop
  endfacet
  facet normal -0.0584554 -0.0788253 -0.995173
    outer loop
      vertex 0.34238 0.512407 16.1545
      vertex 0.130738 0.159305 16.1949
      vertex 0.114493 0.171352 16.1949
    endloop
  endfacet
  facet normal 0.0841734 -0.0504515 -0.995173
    outer loop
      vertex -0.512407 0.34238 16.1545
      vertex -0.171352 0.114493 16.1949
      vertex -0.543499 0.290506 16.1545
    endloop
  endfacet
  facet normal 0.0788253 -0.0584554 -0.995173
    outer loop
      vertex -0.159305 0.130738 16.1949
      vertex -0.171352 0.114493 16.1949
      vertex -0.512407 0.34238 16.1545
    endloop
  endfacet
  facet normal 0.129037 -0.360622 -0.923743
    outer loop
      vertex -0.521273 1.71841 15.7968
      vertex -0.410734 1.35401 15.9545
      vertex -0.687196 1.65904 15.7968
    endloop
  endfacet
  facet normal 0.0930668 -0.371533 -0.923743
    outer loop
      vertex -0.27604 1.38775 15.9545
      vertex -0.410734 1.35401 15.9545
      vertex -0.521273 1.71841 15.7968
    endloop
  endfacet
  facet normal -0.1004 -0.167508 -0.980745
    outer loop
      vertex 0.481068 0.900015 16.0741
      vertex 0.34238 0.512407 16.1545
      vertex 0.290506 0.543499 16.1545
    endloop
  endfacet
  facet normal -0.0834998 -0.176542 -0.980745
    outer loop
      vertex 0.481068 0.900015 16.0741
      vertex 0.290506 0.543499 16.1545
      vertex 0.235835 0.569357 16.1545
    endloop
  endfacet
  facet normal 0.0887128 -0.0419589 -0.995173
    outer loop
      vertex -0.543499 0.290506 16.1545
      vertex -0.181749 0.097147 16.1949
      vertex -0.569357 0.235835 16.1545
    endloop
  endfacet
  facet normal 0.084173 -0.0504524 -0.995173
    outer loop
      vertex -0.171352 0.114493 16.1949
      vertex -0.181749 0.097147 16.1949
      vertex -0.543499 0.290506 16.1545
    endloop
  endfacet
  facet normal -0.00481446 -0.098017 -0.995173
    outer loop
      vertex 0.0604048 0.6133 16.1545
      vertex 0.0201998 0.205091 16.1949
      vertex 0 0.616267 16.1545
    endloop
  endfacet
  facet normal -0.00958087 -0.195056 -0.980745
    outer loop
      vertex 0 1.02052 16.0741
      vertex 0.0604048 0.6133 16.1545
      vertex 0 0.616267 16.1545
    endloop
  endfacet
  facet normal 0 1 0
    outer loop
      vertex -1.11564 -12.5 10
      vertex -9.04338 -12.5 2
      vertex -15.5995 -12.5 10
    endloop
  endfacet
  facet normal 0 1 0
    outer loop
      vertex -1.11564 -12.5 10
      vertex -9.04338 -12.5 -2
      vertex -9.04338 -12.5 2
    endloop
  endfacet
  facet normal 0 1 0
    outer loop
      vertex -15.5995 -12.5 -10
      vertex -9.04338 -12.5 -2
      vertex -1.11564 -12.5 -10
    endloop
  endfacet
  facet normal 0 1 -0
    outer loop
      vertex -1.11564 -12.5 -10
      vertex -9.04338 -12.5 -2
      vertex -1.11564 -12.5 10
    endloop
  endfacet
  facet normal 0 1 -0
    outer loop
      vertex -13.1845 -12.5 2
      vertex -15.5995 -12.5 10
      vertex -9.04338 -12.5 2
    endloop
  endfacet
  facet normal 0 1 -0
    outer loop
      vertex -13.1845 -12.5 -2
      vertex -15.5995 -12.5 10
      vertex -13.1845 -12.5 2
    endloop
  endfacet
  facet normal 0 1 0
    outer loop
      vertex -13.1845 -12.5 -2
      vertex -15.5995 -12.5 -10
      vertex -15.5995 -12.5 10
    endloop
  endfacet
  facet normal 0 1 0
    outer loop
      vertex -9.04338 -12.5 -2
      vertex -15.5995 -12.5 -10
      vertex -13.1845 -12.5 -2
    endloop
  endfacet
  facet normal 0 1 0
    outer loop
      vertex 15.5995 -12.5 -2
      vertex 15.5995 -12.5 -10
      vertex 9.94546 -12.5 -2
    endloop
  endfacet
  facet normal 0 1 0
    outer loop
      vertex 9.94546 -12.5 2
      vertex 15.5995 -12.5 10
      vertex 15.5995 -12.5 2
    endloop
  endfacet
  facet normal 0 1 0
    outer loop
      vertex 15.5995 -12.5 10
      vertex 9.94546 -12.5 2
      vertex 1.11564 -12.5 10
    endloop
  endfacet
  facet normal 0 1 -0
    outer loop
      vertex 9.94546 -12.5 -2
      vertex 1.11564 -12.5 10
      vertex 9.94546 -12.5 2
    endloop
  endfacet
  facet normal 0 1 0
    outer loop
      vertex 1.11564 -12.5 -10
      vertex 9.94546 -12.5 -2
      vertex 15.5995 -12.5 -10
    endloop
  endfacet
  facet normal 0 1 0
    outer loop
      vertex 9.94546 -12.5 -2
      vertex 1.11564 -12.5 -10
      vertex 1.11564 -12.5 10
    endloop
  endfacet
  facet normal 0 -1 0
    outer loop
      vertex -15.5995 12.5 -2
      vertex -15.5995 12.5 -10
      vertex -9.94546 12.5 -2
    endloop
  endfacet
  facet normal 0 -1 0
    outer loop
      vertex -9.94546 12.5 2
      vertex -15.5995 12.5 10
      vertex -15.5995 12.5 2
    endloop
  endfacet
  facet normal 0 -1 0
    outer loop
      vertex -15.5995 12.5 10
      vertex -9.94546 12.5 2
      vertex -1.11564 12.5 10
    endloop
  endfacet
  facet normal 0 -1 0
    outer loop
      vertex -9.94546 12.5 -2
      vertex -1.11564 12.5 10
      vertex -9.94546 12.5 2
    endloop
  endfacet
  facet normal 0 -1 0
    outer loop
      vertex -1.11564 12.5 -10
      vertex -9.94546 12.5 -2
      vertex -15.5995 12.5 -10
    endloop
  endfacet
  facet normal 0 -1 0
    outer loop
      vertex -9.94546 12.5 -2
      vertex -1.11564 12.5 -10
      vertex -1.11564 12.5 10
    endloop
  endfacet
  facet normal 0 -1 0
    outer loop
      vertex 1.11564 12.5 10
      vertex 9.04338 12.5 2
      vertex 15.5995 12.5 10
    endloop
  endfacet
  facet normal 0 -1 0
    outer loop
      vertex 1.11564 12.5 10
      vertex 9.04338 12.5 -2
      vertex 9.04338 12.5 2
    endloop
  endfacet
  facet normal 0 -1 0
    outer loop
      vertex 15.5995 12.5 -10
      vertex 9.04338 12.5 -2
      vertex 1.11564 12.5 -10
    endloop
  endfacet
  facet normal 0 -1 0
    outer loop
      vertex 1.11564 12.5 -10
      vertex 9.04338 12.5 -2
      vertex 1.11564 12.5 10
    endloop
  endfacet
  facet normal 0 -1 0
    outer loop
      vertex 13.1845 12.5 2
      vertex 15.5995 12.5 10
      vertex 9.04338 12.5 2
    endloop
  endfacet
  facet normal 0 -1 0
    outer loop
      vertex 13.1845 12.5 -2
      vertex 15.5995 12.5 10
      vertex 13.1845 12.5 2
    endloop
  endfacet
  facet normal 0 -1 0
    outer loop
      vertex 13.1845 12.5 -2
      vertex 15.5995 12.5 -10
      vertex 15.5995 12.5 10
    endloop
  endfacet
  facet normal 0 -1 0
    outer loop
      vertex 9.04338 12.5 -2
      vertex 15.5995 12.5 -10
      vertex 13.1845 12.5 -2
    endloop
  endfacet
  facet normal -1 0 0
    outer loop
      vertex 7.5 -18.5326 -4
      vertex 7.5 -15 4
      vertex 7.5 -15 -4
    endloop
  endfacet
  facet normal -1 -0 0
    outer loop
      vertex 7.5 -15 4
      vertex 7.5 -18.5326 -4
      vertex 7.5 -18.5326 4
    endloop
  endfacet
  facet normal 0 0 -1
    outer loop
      vertex 6.19363 -19 4
      vertex 7.5 -15 4
      vertex 7.5 -18.5326 4
    endloop
  endfacet
  facet normal 0 0 -1
    outer loop
      vertex -6.19363 -19 4
      vertex 7.5 -15 4
      vertex 6.19363 -19 4
    endloop
  endfacet
  facet normal 0 0 -1
    outer loop
      vertex -7.5 -15 4
      vertex -6.19363 -19 4
      vertex -7.5 -18.5326 4
    endloop
  endfacet
  facet normal 0 0 -1
    outer loop
      vertex -6.19363 -19 4
      vertex -7.5 -15 4
      vertex 7.5 -15 4
    endloop
  endfacet
  facet normal 0 0 1
    outer loop
      vertex 7.5 -15 -4
      vertex 6.19363 -19 -4
      vertex 7.5 -18.5326 -4
    endloop
  endfacet
  facet normal 0 0 1
    outer loop
      vertex 7.5 -15 -4
      vertex -6.19363 -19 -4
      vertex 6.19363 -19 -4
    endloop
  endfacet
  facet normal -0 0 1
    outer loop
      vertex -7.5 -15 -4
      vertex -6.19363 -19 -4
      vertex 7.5 -15 -4
    endloop
  endfacet
  facet normal 0 0 1
    outer loop
      vertex -6.19363 -19 -4
      vertex -7.5 -15 -4
      vertex -7.5 -18.5326 -4
    endloop
  endfacet
  facet normal 1 -0 0
    outer loop
      vertex -7.5 -18.5326 4
      vertex -7.5 -15 -4
      vertex -7.5 -15 4
    endloop
  endfacet
  facet normal 1 0 0
    outer loop
      vertex -7.5 -15 -4
      vertex -7.5 -18.5326 4
      vertex -7.5 -18.5326 -4
    endloop
  endfacet
  facet normal 0 -1 0
    outer loop
      vertex -7.5 -15 -4
      vertex 7.5 -15 4
      vertex -7.5 -15 4
    endloop
  endfacet
  facet normal 0 -1 -0
    outer loop
      vertex 7.5 -15 4
      vertex -7.5 -15 -4
      vertex 7.5 -15 -4
    endloop
  endfacet
  facet normal 0 1 -0
    outer loop
      vertex 6.19363 -19 -4
      vertex -6.19363 -19 4
      vertex 6.19363 -19 4
    endloop
  endfacet
  facet normal 0 1 0
    outer loop
      vertex -6.19363 -19 4
      vertex 6.19363 -19 -4
      vertex -6.19363 -19 -4
    endloop
  endfacet
  facet normal 0.427569 -0.903983 0
    outer loop
      vertex 4.57402 -1.38582 -8
      vertex 4.70709 -1.32288 -2
      vertex 4.57402 -1.38582 -2
    endloop
  endfacet
  facet normal 0.427569 -0.903983 0
    outer loop
      vertex 4.70709 -1.32288 -2
      vertex 4.57402 -1.38582 -8
      vertex 4.70709 -1.32288 -8
    endloop
  endfacet
  facet normal -0.595643 0.803249 0
    outer loop
      vertex 3.16665 1.2472 -8
      vertex 3.04841 1.15952 -2
      vertex 3.16665 1.2472 -2
    endloop
  endfacet
  facet normal -0.595643 0.803249 0
    outer loop
      vertex 3.04841 1.15952 -2
      vertex 3.16665 1.2472 -8
      vertex 3.04841 1.15952 -8
    endloop
  endfacet
  facet normal 0.242983 0.970031 -0
    outer loop
      vertex 4.43543 1.43541 -8
      vertex 4.29263 1.47118 -2
      vertex 4.43543 1.43541 -2
    endloop
  endfacet
  facet normal 0.242983 0.970031 0
    outer loop
      vertex 4.29263 1.47118 -2
      vertex 4.43543 1.43541 -8
      vertex 4.29263 1.47118 -8
    endloop
  endfacet
  facet normal -0.903983 0.427569 0
    outer loop
      vertex 2.61418 0.574024 -8
      vertex 2.67712 0.707094 -2
      vertex 2.67712 0.707094 -8
    endloop
  endfacet
  facet normal -0.903983 0.427569 0
    outer loop
      vertex 2.67712 0.707094 -2
      vertex 2.61418 0.574024 -8
      vertex 2.61418 0.574024 -2
    endloop
  endfacet
  facet normal -0.970027 0.242996 0
    outer loop
      vertex 2.52882 0.292635 -8
      vertex 2.56459 0.435427 -2
      vertex 2.56459 0.435427 -8
    endloop
  endfacet
  facet normal -0.970027 0.242996 0
    outer loop
      vertex 2.56459 0.435427 -2
      vertex 2.52882 0.292635 -8
      vertex 2.52882 0.292635 -2
    endloop
  endfacet
  facet normal 0.514116 -0.857721 0
    outer loop
      vertex 4.70709 -1.32288 -8
      vertex 4.83335 -1.2472 -2
      vertex 4.70709 -1.32288 -2
    endloop
  endfacet
  facet normal 0.514116 -0.857721 0
    outer loop
      vertex 4.83335 -1.2472 -2
      vertex 4.70709 -1.32288 -8
      vertex 4.83335 -1.2472 -8
    endloop
  endfacet
  facet normal 0.242983 -0.970031 0
    outer loop
      vertex 4.29263 -1.47118 -8
      vertex 4.43543 -1.43541 -2
      vertex 4.29263 -1.47118 -2
    endloop
  endfacet
  facet normal 0.242983 -0.970031 0
    outer loop
      vertex 4.43543 -1.43541 -2
      vertex 4.29263 -1.47118 -8
      vertex 4.43543 -1.43541 -8
    endloop
  endfacet
  facet normal 0.0490465 0.998796 -0
    outer loop
      vertex 4.14703 1.49278 -8
      vertex 4 1.5 -2
      vertex 4.14703 1.49278 -2
    endloop
  endfacet
  facet normal 0.0490465 0.998796 0
    outer loop
      vertex 4 1.5 -2
      vertex 4.14703 1.49278 -8
      vertex 4 1.5 -8
    endloop
  endfacet
  facet normal 0.146746 0.989174 -0
    outer loop
      vertex 4.29263 1.47118 -8
      vertex 4.14703 1.49278 -2
      vertex 4.29263 1.47118 -2
    endloop
  endfacet
  facet normal 0.146746 0.989174 0
    outer loop
      vertex 4.14703 1.49278 -2
      vertex 4.29263 1.47118 -8
      vertex 4.14703 1.49278 -8
    endloop
  endfacet
  facet normal 0.427569 0.903983 -0
    outer loop
      vertex 4.70709 1.32288 -8
      vertex 4.57402 1.38582 -2
      vertex 4.70709 1.32288 -2
    endloop
  endfacet
  facet normal 0.427569 0.903983 0
    outer loop
      vertex 4.57402 1.38582 -2
      vertex 4.70709 1.32288 -8
      vertex 4.57402 1.38582 -8
    endloop
  endfacet
  facet normal 0.146746 -0.989174 0
    outer loop
      vertex 4.14703 -1.49278 -8
      vertex 4.29263 -1.47118 -2
      vertex 4.14703 -1.49278 -2
    endloop
  endfacet
  facet normal 0.146746 -0.989174 0
    outer loop
      vertex 4.29263 -1.47118 -2
      vertex 4.14703 -1.49278 -8
      vertex 4.29263 -1.47118 -8
    endloop
  endfacet
  facet normal 0 0 1
    outer loop
      vertex 4 0.5 -2
      vertex 5.38582 0.574024 -2
      vertex 5.32288 0.707094 -2
    endloop
  endfacet
  facet normal 0 0 1
    outer loop
      vertex 4 0.5 -2
      vertex 5.32288 0.707094 -2
      vertex 5.2472 0.833355 -2
    endloop
  endfacet
  facet normal 0 0 1
    outer loop
      vertex 4 0.5 -2
      vertex 5.2472 0.833355 -2
      vertex 5.15952 0.95159 -2
    endloop
  endfacet
  facet normal 0 0 1
    outer loop
      vertex 4 0.5 -2
      vertex 5.15952 0.95159 -2
      vertex 5.06066 1.06066 -2
    endloop
  endfacet
  facet normal 0 0 1
    outer loop
      vertex 4 0.5 -2
      vertex 5.06066 1.06066 -2
      vertex 4.95159 1.15952 -2
    endloop
  endfacet
  facet normal 0 0 1
    outer loop
      vertex 4 0.5 -2
      vertex 4.95159 1.15952 -2
      vertex 4.83335 1.2472 -2
    endloop
  endfacet
  facet normal 0 0 1
    outer loop
      vertex 4 0.5 -2
      vertex 4.83335 1.2472 -2
      vertex 4.70709 1.32288 -2
    endloop
  endfacet
  facet normal 0 0 1
    outer loop
      vertex 4 0.5 -2
      vertex 4.70709 1.32288 -2
      vertex 4.57402 1.38582 -2
    endloop
  endfacet
  facet normal 0 0 1
    outer loop
      vertex 4 0.5 -2
      vertex 4.57402 1.38582 -2
      vertex 4.43543 1.43541 -2
    endloop
  endfacet
  facet normal 0 0 1
    outer loop
      vertex 4 0.5 -2
      vertex 4.43543 1.43541 -2
      vertex 4.29263 1.47118 -2
    endloop
  endfacet
  facet normal 0 0 1
    outer loop
      vertex 4 0.5 -2
      vertex 4.29263 1.47118 -2
      vertex 4.14703 1.49278 -2
    endloop
  endfacet
  facet normal 0 0 1
    outer loop
      vertex 4 0.5 -2
      vertex 4.14703 1.49278 -2
      vertex 4 1.5 -2
    endloop
  endfacet
  facet normal 0 0 1
    outer loop
      vertex 5.38582 0.574024 -2
      vertex 4 0.5 -2
      vertex 5.41231 0.5 -2
    endloop
  endfacet
  facet normal -0 0 1
    outer loop
      vertex 3.85297 1.49278 -2
      vertex 4 0.5 -2
      vertex 4 1.5 -2
    endloop
  endfacet
  facet normal -0 0 1
    outer loop
      vertex 3.70737 1.47118 -2
      vertex 4 0.5 -2
      vertex 3.85297 1.49278 -2
    endloop
  endfacet
  facet normal -0 0 1
    outer loop
      vertex 3.56457 1.43541 -2
      vertex 4 0.5 -2
      vertex 3.70737 1.47118 -2
    endloop
  endfacet
  facet normal 0 0 1
    outer loop
      vertex 4 -0.5 -2
      vertex 3.85297 -1.49278 -2
      vertex 4 -1.5 -2
    endloop
  endfacet
  facet normal -0 0 1
    outer loop
      vertex 3.42598 1.38582 -2
      vertex 4 0.5 -2
      vertex 3.56457 1.43541 -2
    endloop
  endfacet
  facet normal 0 0 1
    outer loop
      vertex 4 -0.5 -2
      vertex 3.70737 -1.47118 -2
      vertex 3.85297 -1.49278 -2
    endloop
  endfacet
  facet normal -0 0 1
    outer loop
      vertex 3.29291 1.32288 -2
      vertex 4 0.5 -2
      vertex 3.42598 1.38582 -2
    endloop
  endfacet
  facet normal 0 0 1
    outer loop
      vertex 4 -0.5 -2
      vertex 3.56457 -1.43541 -2
      vertex 3.70737 -1.47118 -2
    endloop
  endfacet
  facet normal -0 0 1
    outer loop
      vertex 3.16665 1.2472 -2
      vertex 4 0.5 -2
      vertex 3.29291 1.32288 -2
    endloop
  endfacet
  facet normal 0 0 1
    outer loop
      vertex 4 -0.5 -2
      vertex 3.42598 -1.38582 -2
      vertex 3.56457 -1.43541 -2
    endloop
  endfacet
  facet normal -0 0 1
    outer loop
      vertex 3.04841 1.15952 -2
      vertex 4 0.5 -2
      vertex 3.16665 1.2472 -2
    endloop
  endfacet
  facet normal 0 0 1
    outer loop
      vertex 4 -0.5 -2
      vertex 3.29291 -1.32288 -2
      vertex 3.42598 -1.38582 -2
    endloop
  endfacet
  facet normal -0 0 1
    outer loop
      vertex 2.93934 1.06066 -2
      vertex 4 0.5 -2
      vertex 3.04841 1.15952 -2
    endloop
  endfacet
  facet normal 0 0 1
    outer loop
      vertex 4 -0.5 -2
      vertex 3.16665 -1.2472 -2
      vertex 3.29291 -1.32288 -2
    endloop
  endfacet
  facet normal -0 0 1
    outer loop
      vertex 2.84048 0.95159 -2
      vertex 4 0.5 -2
      vertex 2.93934 1.06066 -2
    endloop
  endfacet
  facet normal 0 0 1
    outer loop
      vertex 4 -0.5 -2
      vertex 3.04841 -1.15952 -2
      vertex 3.16665 -1.2472 -2
    endloop
  endfacet
  facet normal -0 0 1
    outer loop
      vertex 2.7528 0.833355 -2
      vertex 4 0.5 -2
      vertex 2.84048 0.95159 -2
    endloop
  endfacet
  facet normal 0 0 1
    outer loop
      vertex 4 -0.5 -2
      vertex 2.93934 -1.06066 -2
      vertex 3.04841 -1.15952 -2
    endloop
  endfacet
  facet normal -0 0 1
    outer loop
      vertex 2.67712 0.707094 -2
      vertex 4 0.5 -2
      vertex 2.7528 0.833355 -2
    endloop
  endfacet
  facet normal 0 0 1
    outer loop
      vertex 4 -0.5 -2
      vertex 2.84048 -0.95159 -2
      vertex 2.93934 -1.06066 -2
    endloop
  endfacet
  facet normal -0 0 1
    outer loop
      vertex 2.61418 0.574024 -2
      vertex 4 0.5 -2
      vertex 2.67712 0.707094 -2
    endloop
  endfacet
  facet normal 0 0 1
    outer loop
      vertex 4 -0.5 -2
      vertex 2.7528 -0.833355 -2
      vertex 2.84048 -0.95159 -2
    endloop
  endfacet
  facet normal 0 0 1
    outer loop
      vertex 2.56459 0.435427 -2
      vertex 4 0.5 -2
      vertex 2.61418 0.574024 -2
    endloop
  endfacet
  facet normal 0 0 1
    outer loop
      vertex 4 -0.5 -2
      vertex 2.67712 -0.707094 -2
      vertex 2.7528 -0.833355 -2
    endloop
  endfacet
  facet normal 0 0 1
    outer loop
      vertex 2.52882 0.292635 -2
      vertex 4 0.5 -2
      vertex 2.56459 0.435427 -2
    endloop
  endfacet
  facet normal 0 0 1
    outer loop
      vertex 4 -0.5 -2
      vertex 2.61418 -0.574024 -2
      vertex 2.67712 -0.707094 -2
    endloop
  endfacet
  facet normal 0 0 1
    outer loop
      vertex 2.50722 0.147025 -2
      vertex 4 0.5 -2
      vertex 2.52882 0.292635 -2
    endloop
  endfacet
  facet normal 0 0 1
    outer loop
      vertex 4 -0.5 -2
      vertex 2.56459 -0.435427 -2
      vertex 2.61418 -0.574024 -2
    endloop
  endfacet
  facet normal 0 0 1
    outer loop
      vertex 2.5 0 -2
      vertex 4 0.5 -2
      vertex 2.50722 0.147025 -2
    endloop
  endfacet
  facet normal 0 0 1
    outer loop
      vertex 4 -0.5 -2
      vertex 2.52882 -0.292635 -2
      vertex 2.56459 -0.435427 -2
    endloop
  endfacet
  facet normal 0 0 1
    outer loop
      vertex 4 0.5 -2
      vertex 2.5 0 -2
      vertex 4 -0.5 -2
    endloop
  endfacet
  facet normal 0 0 1
    outer loop
      vertex 4 -0.5 -2
      vertex 2.50722 -0.147025 -2
      vertex 2.52882 -0.292635 -2
    endloop
  endfacet
  facet normal 0 0 1
    outer loop
      vertex 4 -0.5 -2
      vertex 2.5 0 -2
      vertex 2.50722 -0.147025 -2
    endloop
  endfacet
  facet normal -0 0 1
    outer loop
      vertex 4 -0.5 -2
      vertex 5.38582 -0.574024 -2
      vertex 5.41231 -0.5 -2
    endloop
  endfacet
  facet normal 0 0 1
    outer loop
      vertex 5.38582 -0.574024 -2
      vertex 4 -0.5 -2
      vertex 5.32288 -0.707094 -2
    endloop
  endfacet
  facet normal 0 0 1
    outer loop
      vertex 5.32288 -0.707094 -2
      vertex 4 -0.5 -2
      vertex 5.2472 -0.833355 -2
    endloop
  endfacet
  facet normal 0 0 1
    outer loop
      vertex 5.2472 -0.833355 -2
      vertex 4 -0.5 -2
      vertex 5.15952 -0.95159 -2
    endloop
  endfacet
  facet normal 0 0 1
    outer loop
      vertex 5.15952 -0.95159 -2
      vertex 4 -0.5 -2
      vertex 5.06066 -1.06066 -2
    endloop
  endfacet
  facet normal 0 0 1
    outer loop
      vertex 5.06066 -1.06066 -2
      vertex 4 -0.5 -2
      vertex 4.95159 -1.15952 -2
    endloop
  endfacet
  facet normal 0 0 1
    outer loop
      vertex 4.95159 -1.15952 -2
      vertex 4 -0.5 -2
      vertex 4.83335 -1.2472 -2
    endloop
  endfacet
  facet normal 0 0 1
    outer loop
      vertex 4.83335 -1.2472 -2
      vertex 4 -0.5 -2
      vertex 4.70709 -1.32288 -2
    endloop
  endfacet
  facet normal 0 0 1
    outer loop
      vertex 4.70709 -1.32288 -2
      vertex 4 -0.5 -2
      vertex 4.57402 -1.38582 -2
    endloop
  endfacet
  facet normal 0 0 1
    outer loop
      vertex 4.57402 -1.38582 -2
      vertex 4 -0.5 -2
      vertex 4.43543 -1.43541 -2
    endloop
  endfacet
  facet normal 0 0 1
    outer loop
      vertex 4.43543 -1.43541 -2
      vertex 4 -0.5 -2
      vertex 4.29263 -1.47118 -2
    endloop
  endfacet
  facet normal 0 0 1
    outer loop
      vertex 4.29263 -1.47118 -2
      vertex 4 -0.5 -2
      vertex 4.14703 -1.49278 -2
    endloop
  endfacet
  facet normal 0 0 1
    outer loop
      vertex 4.14703 -1.49278 -2
      vertex 4 -0.5 -2
      vertex 4 -1.5 -2
    endloop
  endfacet
  facet normal 0.803237 -0.59566 0
    outer loop
      vertex 5.15952 -0.95159 -2
      vertex 5.2472 -0.833355 -8
      vertex 5.2472 -0.833355 -2
    endloop
  endfacet
  facet normal 0.803237 -0.59566 0
    outer loop
      vertex 5.2472 -0.833355 -8
      vertex 5.15952 -0.95159 -2
      vertex 5.15952 -0.95159 -8
    endloop
  endfacet
  facet normal -0.740935 -0.671577 0
    outer loop
      vertex 2.93934 -1.06066 -8
      vertex 2.84048 -0.95159 -2
      vertex 2.84048 -0.95159 -8
    endloop
  endfacet
  facet normal -0.740935 -0.671577 0
    outer loop
      vertex 2.84048 -0.95159 -2
      vertex 2.93934 -1.06066 -8
      vertex 2.93934 -1.06066 -2
    endloop
  endfacet
  facet normal -0.514116 0.857721 0
    outer loop
      vertex 3.29291 1.32288 -8
      vertex 3.16665 1.2472 -2
      vertex 3.29291 1.32288 -2
    endloop
  endfacet
  facet normal -0.514116 0.857721 0
    outer loop
      vertex 3.16665 1.2472 -2
      vertex 3.29291 1.32288 -8
      vertex 3.16665 1.2472 -8
    endloop
  endfacet
  facet normal -0.146746 -0.989174 0
    outer loop
      vertex 3.70737 -1.47118 -8
      vertex 3.85297 -1.49278 -2
      vertex 3.70737 -1.47118 -2
    endloop
  endfacet
  facet normal -0.146746 -0.989174 -0
    outer loop
      vertex 3.85297 -1.49278 -2
      vertex 3.70737 -1.47118 -8
      vertex 3.85297 -1.49278 -8
    endloop
  endfacet
  facet normal 0.595643 -0.803249 0
    outer loop
      vertex 4.83335 -1.2472 -8
      vertex 4.95159 -1.15952 -2
      vertex 4.83335 -1.2472 -2
    endloop
  endfacet
  facet normal 0.595643 -0.803249 0
    outer loop
      vertex 4.95159 -1.15952 -2
      vertex 4.83335 -1.2472 -8
      vertex 4.95159 -1.15952 -8
    endloop
  endfacet
  facet normal -0.0490465 -0.998796 0
    outer loop
      vertex 3.85297 -1.49278 -8
      vertex 4 -1.5 -2
      vertex 3.85297 -1.49278 -2
    endloop
  endfacet
  facet normal -0.0490465 -0.998796 -0
    outer loop
      vertex 4 -1.5 -2
      vertex 3.85297 -1.49278 -8
      vertex 4 -1.5 -8
    endloop
  endfacet
  facet normal 0.595643 0.803249 -0
    outer loop
      vertex 4.95159 1.15952 -8
      vertex 4.83335 1.2472 -2
      vertex 4.95159 1.15952 -2
    endloop
  endfacet
  facet normal 0.595643 0.803249 0
    outer loop
      vertex 4.83335 1.2472 -2
      vertex 4.95159 1.15952 -8
      vertex 4.83335 1.2472 -8
    endloop
  endfacet
  facet normal -0.989176 0.146736 0
    outer loop
      vertex 2.50722 0.147025 -8
      vertex 2.52882 0.292635 -2
      vertex 2.52882 0.292635 -8
    endloop
  endfacet
  facet normal -0.989176 0.146736 0
    outer loop
      vertex 2.52882 0.292635 -2
      vertex 2.50722 0.147025 -8
      vertex 2.50722 0.147025 -2
    endloop
  endfacet
  facet normal -0.857722 0.514113 0
    outer loop
      vertex 2.67712 0.707094 -8
      vertex 2.7528 0.833355 -2
      vertex 2.7528 0.833355 -8
    endloop
  endfacet
  facet normal -0.857722 0.514113 0
    outer loop
      vertex 2.7528 0.833355 -2
      vertex 2.67712 0.707094 -8
      vertex 2.67712 0.707094 -2
    endloop
  endfacet
  facet normal -0.941546 -0.336885 0
    outer loop
      vertex 2.61418 -0.574024 -8
      vertex 2.56459 -0.435427 -2
      vertex 2.56459 -0.435427 -8
    endloop
  endfacet
  facet normal -0.941546 -0.336885 0
    outer loop
      vertex 2.56459 -0.435427 -2
      vertex 2.61418 -0.574024 -8
      vertex 2.61418 -0.574024 -2
    endloop
  endfacet
  facet normal -0.146746 0.989174 0
    outer loop
      vertex 3.85297 1.49278 -8
      vertex 3.70737 1.47118 -2
      vertex 3.85297 1.49278 -2
    endloop
  endfacet
  facet normal -0.146746 0.989174 0
    outer loop
      vertex 3.70737 1.47118 -2
      vertex 3.85297 1.49278 -8
      vertex 3.70737 1.47118 -8
    endloop
  endfacet
  facet normal 0.803237 0.59566 0
    outer loop
      vertex 5.2472 0.833355 -2
      vertex 5.15952 0.95159 -8
      vertex 5.15952 0.95159 -2
    endloop
  endfacet
  facet normal 0.803237 0.59566 0
    outer loop
      vertex 5.15952 0.95159 -8
      vertex 5.2472 0.833355 -2
      vertex 5.2472 0.833355 -8
    endloop
  endfacet
  facet normal -0.970027 -0.242996 0
    outer loop
      vertex 2.56459 -0.435427 -8
      vertex 2.52882 -0.292635 -2
      vertex 2.52882 -0.292635 -8
    endloop
  endfacet
  facet normal -0.970027 -0.242996 0
    outer loop
      vertex 2.52882 -0.292635 -2
      vertex 2.56459 -0.435427 -8
      vertex 2.56459 -0.435427 -2
    endloop
  endfacet
  facet normal -0.998796 -0.0490482 0
    outer loop
      vertex 2.50722 -0.147025 -8
      vertex 2.5 0 -2
      vertex 2.5 0 -8
    endloop
  endfacet
  facet normal -0.998796 -0.0490482 0
    outer loop
      vertex 2.5 0 -2
      vertex 2.50722 -0.147025 -8
      vertex 2.50722 -0.147025 -2
    endloop
  endfacet
  facet normal 0.514116 0.857721 -0
    outer loop
      vertex 4.83335 1.2472 -8
      vertex 4.70709 1.32288 -2
      vertex 4.83335 1.2472 -2
    endloop
  endfacet
  facet normal 0.514116 0.857721 0
    outer loop
      vertex 4.70709 1.32288 -2
      vertex 4.83335 1.2472 -8
      vertex 4.70709 1.32288 -8
    endloop
  endfacet
  facet normal 0.903983 -0.427569 0
    outer loop
      vertex 5.32288 -0.707094 -2
      vertex 5.38582 -0.574024 -8
      vertex 5.38582 -0.574024 -2
    endloop
  endfacet
  facet normal 0.903983 -0.427569 0
    outer loop
      vertex 5.38582 -0.574024 -8
      vertex 5.32288 -0.707094 -2
      vertex 5.32288 -0.707094 -8
    endloop
  endfacet
  facet normal 0.857722 0.514113 0
    outer loop
      vertex 5.32288 0.707094 -2
      vertex 5.2472 0.833355 -8
      vertex 5.2472 0.833355 -2
    endloop
  endfacet
  facet normal 0.857722 0.514113 0
    outer loop
      vertex 5.2472 0.833355 -8
      vertex 5.32288 0.707094 -2
      vertex 5.32288 0.707094 -8
    endloop
  endfacet
  facet normal 0.740935 0.671577 0
    outer loop
      vertex 5.15952 0.95159 -2
      vertex 5.06066 1.06066 -8
      vertex 5.06066 1.06066 -2
    endloop
  endfacet
  facet normal 0.740935 0.671577 0
    outer loop
      vertex 5.06066 1.06066 -8
      vertex 5.15952 0.95159 -2
      vertex 5.15952 0.95159 -8
    endloop
  endfacet
  facet normal -0.0490465 0.998796 0
    outer loop
      vertex 4 1.5 -8
      vertex 3.85297 1.49278 -2
      vertex 4 1.5 -2
    endloop
  endfacet
  facet normal -0.0490465 0.998796 0
    outer loop
      vertex 3.85297 1.49278 -2
      vertex 4 1.5 -8
      vertex 3.85297 1.49278 -8
    endloop
  endfacet
  facet normal -0.740935 0.671577 0
    outer loop
      vertex 2.84048 0.95159 -8
      vertex 2.93934 1.06066 -2
      vertex 2.93934 1.06066 -8
    endloop
  endfacet
  facet normal -0.740935 0.671577 0
    outer loop
      vertex 2.93934 1.06066 -2
      vertex 2.84048 0.95159 -8
      vertex 2.84048 0.95159 -2
    endloop
  endfacet
  facet normal -0.671577 -0.740935 0
    outer loop
      vertex 2.93934 -1.06066 -8
      vertex 3.04841 -1.15952 -2
      vertex 2.93934 -1.06066 -2
    endloop
  endfacet
  facet normal -0.671577 -0.740935 -0
    outer loop
      vertex 3.04841 -1.15952 -2
      vertex 2.93934 -1.06066 -8
      vertex 3.04841 -1.15952 -8
    endloop
  endfacet
  facet normal 0.0490465 -0.998796 0
    outer loop
      vertex 4 -1.5 -8
      vertex 4.14703 -1.49278 -2
      vertex 4 -1.5 -2
    endloop
  endfacet
  facet normal 0.0490465 -0.998796 0
    outer loop
      vertex 4.14703 -1.49278 -2
      vertex 4 -1.5 -8
      vertex 4.14703 -1.49278 -8
    endloop
  endfacet
  facet normal 0.941529 0.336933 0
    outer loop
      vertex 5.41231 0.5 -2
      vertex 5.38582 0.574024 -8
      vertex 5.38582 0.574024 -2
    endloop
  endfacet
  facet normal 0.941529 0.336933 0
    outer loop
      vertex 5.38582 0.574024 -8
      vertex 5.41231 0.5 -2
      vertex 5.41231 0.5 -8
    endloop
  endfacet
  facet normal 0.857722 -0.514113 0
    outer loop
      vertex 5.2472 -0.833355 -2
      vertex 5.32288 -0.707094 -8
      vertex 5.32288 -0.707094 -2
    endloop
  endfacet
  facet normal 0.857722 -0.514113 0
    outer loop
      vertex 5.32288 -0.707094 -8
      vertex 5.2472 -0.833355 -2
      vertex 5.2472 -0.833355 -8
    endloop
  endfacet
  facet normal -0.242983 0.970031 0
    outer loop
      vertex 3.70737 1.47118 -8
      vertex 3.56457 1.43541 -2
      vertex 3.70737 1.47118 -2
    endloop
  endfacet
  facet normal -0.242983 0.970031 0
    outer loop
      vertex 3.56457 1.43541 -2
      vertex 3.70737 1.47118 -8
      vertex 3.56457 1.43541 -8
    endloop
  endfacet
  facet normal 0.941529 -0.336933 0
    outer loop
      vertex 5.38582 -0.574024 -2
      vertex 5.41231 -0.5 -8
      vertex 5.41231 -0.5 -2
    endloop
  endfacet
  facet normal 0.941529 -0.336933 0
    outer loop
      vertex 5.41231 -0.5 -8
      vertex 5.38582 -0.574024 -2
      vertex 5.38582 -0.574024 -8
    endloop
  endfacet
  facet normal 0.3369 -0.94154 0
    outer loop
      vertex 4.43543 -1.43541 -8
      vertex 4.57402 -1.38582 -2
      vertex 4.43543 -1.43541 -2
    endloop
  endfacet
  facet normal 0.3369 -0.94154 0
    outer loop
      vertex 4.57402 -1.38582 -2
      vertex 4.43543 -1.43541 -8
      vertex 4.57402 -1.38582 -8
    endloop
  endfacet
  facet normal -0.427569 0.903983 0
    outer loop
      vertex 3.42598 1.38582 -8
      vertex 3.29291 1.32288 -2
      vertex 3.42598 1.38582 -2
    endloop
  endfacet
  facet normal -0.427569 0.903983 0
    outer loop
      vertex 3.29291 1.32288 -2
      vertex 3.42598 1.38582 -8
      vertex 3.29291 1.32288 -8
    endloop
  endfacet
  facet normal 0.903983 0.427569 0
    outer loop
      vertex 5.38582 0.574024 -2
      vertex 5.32288 0.707094 -8
      vertex 5.32288 0.707094 -2
    endloop
  endfacet
  facet normal 0.903983 0.427569 0
    outer loop
      vertex 5.32288 0.707094 -8
      vertex 5.38582 0.574024 -2
      vertex 5.38582 0.574024 -8
    endloop
  endfacet
  facet normal -0.671577 0.740935 0
    outer loop
      vertex 3.04841 1.15952 -8
      vertex 2.93934 1.06066 -2
      vertex 3.04841 1.15952 -2
    endloop
  endfacet
  facet normal -0.671577 0.740935 0
    outer loop
      vertex 2.93934 1.06066 -2
      vertex 3.04841 1.15952 -8
      vertex 2.93934 1.06066 -8
    endloop
  endfacet
  facet normal 0.3369 0.94154 -0
    outer loop
      vertex 4.57402 1.38582 -8
      vertex 4.43543 1.43541 -2
      vertex 4.57402 1.38582 -2
    endloop
  endfacet
  facet normal 0.3369 0.94154 0
    outer loop
      vertex 4.43543 1.43541 -2
      vertex 4.57402 1.38582 -8
      vertex 4.43543 1.43541 -8
    endloop
  endfacet
  facet normal -0.3369 0.94154 0
    outer loop
      vertex 3.56457 1.43541 -8
      vertex 3.42598 1.38582 -2
      vertex 3.56457 1.43541 -2
    endloop
  endfacet
  facet normal -0.3369 0.94154 0
    outer loop
      vertex 3.42598 1.38582 -2
      vertex 3.56457 1.43541 -8
      vertex 3.42598 1.38582 -8
    endloop
  endfacet
  facet normal -0.857722 -0.514113 0
    outer loop
      vertex 2.7528 -0.833355 -8
      vertex 2.67712 -0.707094 -2
      vertex 2.67712 -0.707094 -8
    endloop
  endfacet
  facet normal -0.857722 -0.514113 0
    outer loop
      vertex 2.67712 -0.707094 -2
      vertex 2.7528 -0.833355 -8
      vertex 2.7528 -0.833355 -2
    endloop
  endfacet
  facet normal -0.514116 -0.857721 0
    outer loop
      vertex 3.16665 -1.2472 -8
      vertex 3.29291 -1.32288 -2
      vertex 3.16665 -1.2472 -2
    endloop
  endfacet
  facet normal -0.514116 -0.857721 -0
    outer loop
      vertex 3.29291 -1.32288 -2
      vertex 3.16665 -1.2472 -8
      vertex 3.29291 -1.32288 -8
    endloop
  endfacet
  facet normal 0.671577 0.740935 -0
    outer loop
      vertex 5.06066 1.06066 -8
      vertex 4.95159 1.15952 -2
      vertex 5.06066 1.06066 -2
    endloop
  endfacet
  facet normal 0.671577 0.740935 0
    outer loop
      vertex 4.95159 1.15952 -2
      vertex 5.06066 1.06066 -8
      vertex 4.95159 1.15952 -8
    endloop
  endfacet
  facet normal -0.595643 -0.803249 0
    outer loop
      vertex 3.04841 -1.15952 -8
      vertex 3.16665 -1.2472 -2
      vertex 3.04841 -1.15952 -2
    endloop
  endfacet
  facet normal -0.595643 -0.803249 -0
    outer loop
      vertex 3.16665 -1.2472 -2
      vertex 3.04841 -1.15952 -8
      vertex 3.16665 -1.2472 -8
    endloop
  endfacet
  facet normal -0.427569 -0.903983 0
    outer loop
      vertex 3.29291 -1.32288 -8
      vertex 3.42598 -1.38582 -2
      vertex 3.29291 -1.32288 -2
    endloop
  endfacet
  facet normal -0.427569 -0.903983 -0
    outer loop
      vertex 3.42598 -1.38582 -2
      vertex 3.29291 -1.32288 -8
      vertex 3.42598 -1.38582 -8
    endloop
  endfacet
  facet normal -0.803237 -0.59566 0
    outer loop
      vertex 2.84048 -0.95159 -8
      vertex 2.7528 -0.833355 -2
      vertex 2.7528 -0.833355 -8
    endloop
  endfacet
  facet normal -0.803237 -0.59566 0
    outer loop
      vertex 2.7528 -0.833355 -2
      vertex 2.84048 -0.95159 -8
      vertex 2.84048 -0.95159 -2
    endloop
  endfacet
  facet normal -0.242983 -0.970031 0
    outer loop
      vertex 3.56457 -1.43541 -8
      vertex 3.70737 -1.47118 -2
      vertex 3.56457 -1.43541 -2
    endloop
  endfacet
  facet normal -0.242983 -0.970031 -0
    outer loop
      vertex 3.70737 -1.47118 -2
      vertex 3.56457 -1.43541 -8
      vertex 3.70737 -1.47118 -8
    endloop
  endfacet
  facet normal -0.3369 -0.94154 0
    outer loop
      vertex 3.42598 -1.38582 -8
      vertex 3.56457 -1.43541 -2
      vertex 3.42598 -1.38582 -2
    endloop
  endfacet
  facet normal -0.3369 -0.94154 -0
    outer loop
      vertex 3.56457 -1.43541 -2
      vertex 3.42598 -1.38582 -8
      vertex 3.56457 -1.43541 -8
    endloop
  endfacet
  facet normal -0.989176 -0.146736 0
    outer loop
      vertex 2.52882 -0.292635 -8
      vertex 2.50722 -0.147025 -2
      vertex 2.50722 -0.147025 -8
    endloop
  endfacet
  facet normal -0.989176 -0.146736 0
    outer loop
      vertex 2.50722 -0.147025 -2
      vertex 2.52882 -0.292635 -8
      vertex 2.52882 -0.292635 -2
    endloop
  endfacet
  facet normal -0.903983 -0.427569 0
    outer loop
      vertex 2.67712 -0.707094 -8
      vertex 2.61418 -0.574024 -2
      vertex 2.61418 -0.574024 -8
    endloop
  endfacet
  facet normal -0.903983 -0.427569 0
    outer loop
      vertex 2.61418 -0.574024 -2
      vertex 2.67712 -0.707094 -8
      vertex 2.67712 -0.707094 -2
    endloop
  endfacet
  facet normal -0.941546 0.336885 0
    outer loop
      vertex 2.56459 0.435427 -8
      vertex 2.61418 0.574024 -2
      vertex 2.61418 0.574024 -8
    endloop
  endfacet
  facet normal -0.941546 0.336885 0
    outer loop
      vertex 2.61418 0.574024 -2
      vertex 2.56459 0.435427 -8
      vertex 2.56459 0.435427 -2
    endloop
  endfacet
  facet normal -0.803237 0.59566 0
    outer loop
      vertex 2.7528 0.833355 -8
      vertex 2.84048 0.95159 -2
      vertex 2.84048 0.95159 -8
    endloop
  endfacet
  facet normal -0.803237 0.59566 0
    outer loop
      vertex 2.84048 0.95159 -2
      vertex 2.7528 0.833355 -8
      vertex 2.7528 0.833355 -2
    endloop
  endfacet
  facet normal -0.998796 0.0490482 0
    outer loop
      vertex 2.5 0 -8
      vertex 2.50722 0.147025 -2
      vertex 2.50722 0.147025 -8
    endloop
  endfacet
  facet normal -0.998796 0.0490482 0
    outer loop
      vertex 2.50722 0.147025 -2
      vertex 2.5 0 -8
      vertex 2.5 0 -2
    endloop
  endfacet
  facet normal 0.740935 -0.671577 0
    outer loop
      vertex 5.06066 -1.06066 -2
      vertex 5.15952 -0.95159 -8
      vertex 5.15952 -0.95159 -2
    endloop
  endfacet
  facet normal 0.740935 -0.671577 0
    outer loop
      vertex 5.15952 -0.95159 -8
      vertex 5.06066 -1.06066 -2
      vertex 5.06066 -1.06066 -8
    endloop
  endfacet
  facet normal 0.671577 -0.740935 0
    outer loop
      vertex 4.95159 -1.15952 -8
      vertex 5.06066 -1.06066 -2
      vertex 4.95159 -1.15952 -2
    endloop
  endfacet
  facet normal 0.671577 -0.740935 0
    outer loop
      vertex 5.06066 -1.06066 -2
      vertex 4.95159 -1.15952 -8
      vertex 5.06066 -1.06066 -8
    endloop
  endfacet
  facet normal 0 0 -1
    outer loop
      vertex 4 -0.5 -8
      vertex 5.38582 -0.574024 -8
      vertex 5.32288 -0.707094 -8
    endloop
  endfacet
  facet normal 0 0 -1
    outer loop
      vertex 4 -0.5 -8
      vertex 5.32288 -0.707094 -8
      vertex 5.2472 -0.833355 -8
    endloop
  endfacet
  facet normal 0 0 -1
    outer loop
      vertex 4 -0.5 -8
      vertex 5.2472 -0.833355 -8
      vertex 5.15952 -0.95159 -8
    endloop
  endfacet
  facet normal 0 0 -1
    outer loop
      vertex 4 -0.5 -8
      vertex 5.15952 -0.95159 -8
      vertex 5.06066 -1.06066 -8
    endloop
  endfacet
  facet normal 0 0 -1
    outer loop
      vertex 4 -0.5 -8
      vertex 5.06066 -1.06066 -8
      vertex 4.95159 -1.15952 -8
    endloop
  endfacet
  facet normal 0 0 -1
    outer loop
      vertex 4 -0.5 -8
      vertex 4.95159 -1.15952 -8
      vertex 4.83335 -1.2472 -8
    endloop
  endfacet
  facet normal 0 0 -1
    outer loop
      vertex 4 -0.5 -8
      vertex 4.83335 -1.2472 -8
      vertex 4.70709 -1.32288 -8
    endloop
  endfacet
  facet normal 0 0 -1
    outer loop
      vertex 4 -0.5 -8
      vertex 4.70709 -1.32288 -8
      vertex 4.57402 -1.38582 -8
    endloop
  endfacet
  facet normal 0 0 -1
    outer loop
      vertex 4 -0.5 -8
      vertex 4.57402 -1.38582 -8
      vertex 4.43543 -1.43541 -8
    endloop
  endfacet
  facet normal 0 0 -1
    outer loop
      vertex 4 -0.5 -8
      vertex 4.43543 -1.43541 -8
      vertex 4.29263 -1.47118 -8
    endloop
  endfacet
  facet normal 0 0 -1
    outer loop
      vertex 4 -0.5 -8
      vertex 4.29263 -1.47118 -8
      vertex 4.14703 -1.49278 -8
    endloop
  endfacet
  facet normal 0 0 -1
    outer loop
      vertex 4 -0.5 -8
      vertex 4.14703 -1.49278 -8
      vertex 4 -1.5 -8
    endloop
  endfacet
  facet normal 0 0 -1
    outer loop
      vertex 5.38582 -0.574024 -8
      vertex 4 -0.5 -8
      vertex 5.41231 -0.5 -8
    endloop
  endfacet
  facet normal 0 0 -1
    outer loop
      vertex 3.85297 -1.49278 -8
      vertex 4 -0.5 -8
      vertex 4 -1.5 -8
    endloop
  endfacet
  facet normal 0 0 -1
    outer loop
      vertex 3.70737 -1.47118 -8
      vertex 4 -0.5 -8
      vertex 3.85297 -1.49278 -8
    endloop
  endfacet
  facet normal 0 0 -1
    outer loop
      vertex 3.56457 -1.43541 -8
      vertex 4 -0.5 -8
      vertex 3.70737 -1.47118 -8
    endloop
  endfacet
  facet normal 0 0 -1
    outer loop
      vertex 4 0.5 -8
      vertex 3.85297 1.49278 -8
      vertex 4 1.5 -8
    endloop
  endfacet
  facet normal 0 0 -1
    outer loop
      vertex 3.42598 -1.38582 -8
      vertex 4 -0.5 -8
      vertex 3.56457 -1.43541 -8
    endloop
  endfacet
  facet normal 0 0 -1
    outer loop
      vertex 4 0.5 -8
      vertex 3.70737 1.47118 -8
      vertex 3.85297 1.49278 -8
    endloop
  endfacet
  facet normal 0 0 -1
    outer loop
      vertex 3.29291 -1.32288 -8
      vertex 4 -0.5 -8
      vertex 3.42598 -1.38582 -8
    endloop
  endfacet
  facet normal 0 0 -1
    outer loop
      vertex 4 0.5 -8
      vertex 3.56457 1.43541 -8
      vertex 3.70737 1.47118 -8
    endloop
  endfacet
  facet normal 0 0 -1
    outer loop
      vertex 3.16665 -1.2472 -8
      vertex 4 -0.5 -8
      vertex 3.29291 -1.32288 -8
    endloop
  endfacet
  facet normal 0 0 -1
    outer loop
      vertex 4 0.5 -8
      vertex 3.42598 1.38582 -8
      vertex 3.56457 1.43541 -8
    endloop
  endfacet
  facet normal 0 0 -1
    outer loop
      vertex 3.04841 -1.15952 -8
      vertex 4 -0.5 -8
      vertex 3.16665 -1.2472 -8
    endloop
  endfacet
  facet normal 0 0 -1
    outer loop
      vertex 4 0.5 -8
      vertex 3.29291 1.32288 -8
      vertex 3.42598 1.38582 -8
    endloop
  endfacet
  facet normal 0 0 -1
    outer loop
      vertex 2.93934 -1.06066 -8
      vertex 4 -0.5 -8
      vertex 3.04841 -1.15952 -8
    endloop
  endfacet
  facet normal 0 0 -1
    outer loop
      vertex 4 0.5 -8
      vertex 3.16665 1.2472 -8
      vertex 3.29291 1.32288 -8
    endloop
  endfacet
  facet normal 0 0 -1
    outer loop
      vertex 2.84048 -0.95159 -8
      vertex 4 -0.5 -8
      vertex 2.93934 -1.06066 -8
    endloop
  endfacet
  facet normal 0 0 -1
    outer loop
      vertex 4 0.5 -8
      vertex 3.04841 1.15952 -8
      vertex 3.16665 1.2472 -8
    endloop
  endfacet
  facet normal 0 0 -1
    outer loop
      vertex 2.7528 -0.833355 -8
      vertex 4 -0.5 -8
      vertex 2.84048 -0.95159 -8
    endloop
  endfacet
  facet normal 0 0 -1
    outer loop
      vertex 4 0.5 -8
      vertex 2.93934 1.06066 -8
      vertex 3.04841 1.15952 -8
    endloop
  endfacet
  facet normal 0 0 -1
    outer loop
      vertex 2.67712 -0.707094 -8
      vertex 4 -0.5 -8
      vertex 2.7528 -0.833355 -8
    endloop
  endfacet
  facet normal 0 0 -1
    outer loop
      vertex 4 0.5 -8
      vertex 2.84048 0.95159 -8
      vertex 2.93934 1.06066 -8
    endloop
  endfacet
  facet normal 0 0 -1
    outer loop
      vertex 2.61418 -0.574024 -8
      vertex 4 -0.5 -8
      vertex 2.67712 -0.707094 -8
    endloop
  endfacet
  facet normal 0 0 -1
    outer loop
      vertex 4 0.5 -8
      vertex 2.7528 0.833355 -8
      vertex 2.84048 0.95159 -8
    endloop
  endfacet
  facet normal 0 0 -1
    outer loop
      vertex 2.56459 -0.435427 -8
      vertex 4 -0.5 -8
      vertex 2.61418 -0.574024 -8
    endloop
  endfacet
  facet normal 0 0 -1
    outer loop
      vertex 4 0.5 -8
      vertex 2.67712 0.707094 -8
      vertex 2.7528 0.833355 -8
    endloop
  endfacet
  facet normal 0 0 -1
    outer loop
      vertex 2.52882 -0.292635 -8
      vertex 4 -0.5 -8
      vertex 2.56459 -0.435427 -8
    endloop
  endfacet
  facet normal 0 0 -1
    outer loop
      vertex 4 0.5 -8
      vertex 2.61418 0.574024 -8
      vertex 2.67712 0.707094 -8
    endloop
  endfacet
  facet normal 0 0 -1
    outer loop
      vertex 2.50722 -0.147025 -8
      vertex 4 -0.5 -8
      vertex 2.52882 -0.292635 -8
    endloop
  endfacet
  facet normal -0 0 -1
    outer loop
      vertex 4 0.5 -8
      vertex 2.56459 0.435427 -8
      vertex 2.61418 0.574024 -8
    endloop
  endfacet
  facet normal 0 0 -1
    outer loop
      vertex 2.5 0 -8
      vertex 4 -0.5 -8
      vertex 2.50722 -0.147025 -8
    endloop
  endfacet
  facet normal 0 0 -1
    outer loop
      vertex 4 0.5 -8
      vertex 2.52882 0.292635 -8
      vertex 2.56459 0.435427 -8
    endloop
  endfacet
  facet normal 0 0 -1
    outer loop
      vertex 4 -0.5 -8
      vertex 2.5 0 -8
      vertex 4 0.5 -8
    endloop
  endfacet
  facet normal 0 0 -1
    outer loop
      vertex 4 0.5 -8
      vertex 2.50722 0.147025 -8
      vertex 2.52882 0.292635 -8
    endloop
  endfacet
  facet normal 0 0 -1
    outer loop
      vertex 4 0.5 -8
      vertex 2.5 0 -8
      vertex 2.50722 0.147025 -8
    endloop
  endfacet
  facet normal 0 0 -1
    outer loop
      vertex 4 0.5 -8
      vertex 5.38582 0.574024 -8
      vertex 5.41231 0.5 -8
    endloop
  endfacet
  facet normal -0 0 -1
    outer loop
      vertex 5.38582 0.574024 -8
      vertex 4 0.5 -8
      vertex 5.32288 0.707094 -8
    endloop
  endfacet
  facet normal -0 0 -1
    outer loop
      vertex 5.32288 0.707094 -8
      vertex 4 0.5 -8
      vertex 5.2472 0.833355 -8
    endloop
  endfacet
  facet normal -0 0 -1
    outer loop
      vertex 5.2472 0.833355 -8
      vertex 4 0.5 -8
      vertex 5.15952 0.95159 -8
    endloop
  endfacet
  facet normal -0 0 -1
    outer loop
      vertex 5.15952 0.95159 -8
      vertex 4 0.5 -8
      vertex 5.06066 1.06066 -8
    endloop
  endfacet
  facet normal -0 0 -1
    outer loop
      vertex 5.06066 1.06066 -8
      vertex 4 0.5 -8
      vertex 4.95159 1.15952 -8
    endloop
  endfacet
  facet normal -0 0 -1
    outer loop
      vertex 4.95159 1.15952 -8
      vertex 4 0.5 -8
      vertex 4.83335 1.2472 -8
    endloop
  endfacet
  facet normal -0 0 -1
    outer loop
      vertex 4.83335 1.2472 -8
      vertex 4 0.5 -8
      vertex 4.70709 1.32288 -8
    endloop
  endfacet
  facet normal -0 0 -1
    outer loop
      vertex 4.70709 1.32288 -8
      vertex 4 0.5 -8
      vertex 4.57402 1.38582 -8
    endloop
  endfacet
  facet normal -0 0 -1
    outer loop
      vertex 4.57402 1.38582 -8
      vertex 4 0.5 -8
      vertex 4.43543 1.43541 -8
    endloop
  endfacet
  facet normal -0 0 -1
    outer loop
      vertex 4.43543 1.43541 -8
      vertex 4 0.5 -8
      vertex 4.29263 1.47118 -8
    endloop
  endfacet
  facet normal -0 0 -1
    outer loop
      vertex 4.29263 1.47118 -8
      vertex 4 0.5 -8
      vertex 4.14703 1.49278 -8
    endloop
  endfacet
  facet normal -0 0 -1
    outer loop
      vertex 4.14703 1.49278 -8
      vertex 4 0.5 -8
      vertex 4 1.5 -8
    endloop
  endfacet
  facet normal 1 -0 0
    outer loop
      vertex 4 -0.5 -2
      vertex 4 0.5 -8
      vertex 4 0.5 -2
    endloop
  endfacet
  facet normal 1 0 0
    outer loop
      vertex 4 0.5 -8
      vertex 4 -0.5 -2
      vertex 4 -0.5 -8
    endloop
  endfacet
  facet normal 0 -1 0
    outer loop
      vertex 4 0.5 -8
      vertex 5.41231 0.5 -2
      vertex 4 0.5 -2
    endloop
  endfacet
  facet normal 0 -1 -0
    outer loop
      vertex 5.41231 0.5 -2
      vertex 4 0.5 -8
      vertex 5.41231 0.5 -8
    endloop
  endfacet
  facet normal 0 1 -0
    outer loop
      vertex 5.41231 -0.5 -8
      vertex 4 -0.5 -2
      vertex 5.41231 -0.5 -2
    endloop
  endfacet
  facet normal 0 1 0
    outer loop
      vertex 4 -0.5 -2
      vertex 5.41231 -0.5 -8
      vertex 4 -0.5 -8
    endloop
  endfacet
  facet normal 0.903983 0.427569 0
    outer loop
      vertex 1.38582 4.57402 -2
      vertex 1.32288 4.70709 -8
      vertex 1.32288 4.70709 -2
    endloop
  endfacet
  facet normal 0.903983 0.427569 0
    outer loop
      vertex 1.32288 4.70709 -8
      vertex 1.38582 4.57402 -2
      vertex 1.38582 4.57402 -8
    endloop
  endfacet
  facet normal -0.803249 -0.595643 0
    outer loop
      vertex -1.15952 3.04841 -8
      vertex -1.2472 3.16665 -2
      vertex -1.2472 3.16665 -8
    endloop
  endfacet
  facet normal -0.803249 -0.595643 0
    outer loop
      vertex -1.2472 3.16665 -2
      vertex -1.15952 3.04841 -8
      vertex -1.15952 3.04841 -2
    endloop
  endfacet
  facet normal -0.970031 0.242983 0
    outer loop
      vertex -1.47118 4.29263 -8
      vertex -1.43541 4.43543 -2
      vertex -1.43541 4.43543 -8
    endloop
  endfacet
  facet normal -0.970031 0.242983 0
    outer loop
      vertex -1.43541 4.43543 -2
      vertex -1.47118 4.29263 -8
      vertex -1.47118 4.29263 -2
    endloop
  endfacet
  facet normal -0.427569 -0.903983 0
    outer loop
      vertex -0.707094 2.67712 -8
      vertex -0.574024 2.61418 -2
      vertex -0.707094 2.67712 -2
    endloop
  endfacet
  facet normal -0.427569 -0.903983 -0
    outer loop
      vertex -0.574024 2.61418 -2
      vertex -0.707094 2.67712 -8
      vertex -0.574024 2.61418 -8
    endloop
  endfacet
  facet normal -0.242996 -0.970027 0
    outer loop
      vertex -0.435427 2.56459 -8
      vertex -0.292635 2.52882 -2
      vertex -0.435427 2.56459 -2
    endloop
  endfacet
  facet normal -0.242996 -0.970027 -0
    outer loop
      vertex -0.292635 2.52882 -2
      vertex -0.435427 2.56459 -8
      vertex -0.292635 2.52882 -8
    endloop
  endfacet
  facet normal 0.857721 0.514116 0
    outer loop
      vertex 1.32288 4.70709 -2
      vertex 1.2472 4.83335 -8
      vertex 1.2472 4.83335 -2
    endloop
  endfacet
  facet normal 0.857721 0.514116 0
    outer loop
      vertex 1.2472 4.83335 -8
      vertex 1.32288 4.70709 -2
      vertex 1.32288 4.70709 -8
    endloop
  endfacet
  facet normal 0.970031 0.242983 0
    outer loop
      vertex 1.47118 4.29263 -2
      vertex 1.43541 4.43543 -8
      vertex 1.43541 4.43543 -2
    endloop
  endfacet
  facet normal 0.970031 0.242983 0
    outer loop
      vertex 1.43541 4.43543 -8
      vertex 1.47118 4.29263 -2
      vertex 1.47118 4.29263 -8
    endloop
  endfacet
  facet normal -0.998796 0.0490465 0
    outer loop
      vertex -1.5 4 -8
      vertex -1.49278 4.14703 -2
      vertex -1.49278 4.14703 -8
    endloop
  endfacet
  facet normal -0.998796 0.0490465 0
    outer loop
      vertex -1.49278 4.14703 -2
      vertex -1.5 4 -8
      vertex -1.5 4 -2
    endloop
  endfacet
  facet normal -0.989174 0.146746 0
    outer loop
      vertex -1.49278 4.14703 -8
      vertex -1.47118 4.29263 -2
      vertex -1.47118 4.29263 -8
    endloop
  endfacet
  facet normal -0.989174 0.146746 0
    outer loop
      vertex -1.47118 4.29263 -2
      vertex -1.49278 4.14703 -8
      vertex -1.49278 4.14703 -2
    endloop
  endfacet
  facet normal -0.903983 0.427569 0
    outer loop
      vertex -1.38582 4.57402 -8
      vertex -1.32288 4.70709 -2
      vertex -1.32288 4.70709 -8
    endloop
  endfacet
  facet normal -0.903983 0.427569 0
    outer loop
      vertex -1.32288 4.70709 -2
      vertex -1.38582 4.57402 -8
      vertex -1.38582 4.57402 -2
    endloop
  endfacet
  facet normal 0.989174 0.146746 0
    outer loop
      vertex 1.49278 4.14703 -2
      vertex 1.47118 4.29263 -8
      vertex 1.47118 4.29263 -2
    endloop
  endfacet
  facet normal 0.989174 0.146746 0
    outer loop
      vertex 1.47118 4.29263 -8
      vertex 1.49278 4.14703 -2
      vertex 1.49278 4.14703 -8
    endloop
  endfacet
  facet normal 0 0 1
    outer loop
      vertex -0.5 5.41231 -2
      vertex -0.574024 5.38582 -2
      vertex -0.5 4 -2
    endloop
  endfacet
  facet normal 0 0 1
    outer loop
      vertex 0.5 4 -2
      vertex 1.5 4 -2
      vertex 1.49278 4.14703 -2
    endloop
  endfacet
  facet normal 0 0 1
    outer loop
      vertex 0.5 4 -2
      vertex 1.49278 4.14703 -2
      vertex 1.47118 4.29263 -2
    endloop
  endfacet
  facet normal 0 0 1
    outer loop
      vertex 1.5 4 -2
      vertex 0.5 4 -2
      vertex 1.49278 3.85297 -2
    endloop
  endfacet
  facet normal 0 0 1
    outer loop
      vertex 0.5 4 -2
      vertex 1.47118 4.29263 -2
      vertex 1.43541 4.43543 -2
    endloop
  endfacet
  facet normal 0 0 1
    outer loop
      vertex 1.49278 3.85297 -2
      vertex 0.5 4 -2
      vertex 1.47118 3.70737 -2
    endloop
  endfacet
  facet normal 0 0 1
    outer loop
      vertex 0.5 4 -2
      vertex 1.43541 4.43543 -2
      vertex 1.38582 4.57402 -2
    endloop
  endfacet
  facet normal 0 0 1
    outer loop
      vertex 1.47118 3.70737 -2
      vertex 0.5 4 -2
      vertex 1.43541 3.56457 -2
    endloop
  endfacet
  facet normal 0 0 1
    outer loop
      vertex 0.5 4 -2
      vertex 1.38582 4.57402 -2
      vertex 1.32288 4.70709 -2
    endloop
  endfacet
  facet normal 0 0 1
    outer loop
      vertex 1.43541 3.56457 -2
      vertex 0.5 4 -2
      vertex 1.38582 3.42598 -2
    endloop
  endfacet
  facet normal 0 0 1
    outer loop
      vertex 0.5 4 -2
      vertex 1.32288 4.70709 -2
      vertex 1.2472 4.83335 -2
    endloop
  endfacet
  facet normal 0 0 1
    outer loop
      vertex 1.38582 3.42598 -2
      vertex 0.5 4 -2
      vertex 1.32288 3.29291 -2
    endloop
  endfacet
  facet normal 0 0 1
    outer loop
      vertex 0.5 4 -2
      vertex 1.2472 4.83335 -2
      vertex 1.15952 4.95159 -2
    endloop
  endfacet
  facet normal 0 0 1
    outer loop
      vertex 1.32288 3.29291 -2
      vertex 0.5 4 -2
      vertex 1.2472 3.16665 -2
    endloop
  endfacet
  facet normal 0 0 1
    outer loop
      vertex 0.5 4 -2
      vertex 1.15952 4.95159 -2
      vertex 1.06066 5.06066 -2
    endloop
  endfacet
  facet normal 0 0 1
    outer loop
      vertex 1.2472 3.16665 -2
      vertex 0.5 4 -2
      vertex 1.15952 3.04841 -2
    endloop
  endfacet
  facet normal 0 0 1
    outer loop
      vertex 0.5 4 -2
      vertex 1.06066 5.06066 -2
      vertex 0.95159 5.15952 -2
    endloop
  endfacet
  facet normal 0 0 1
    outer loop
      vertex 1.15952 3.04841 -2
      vertex 0.5 4 -2
      vertex 1.06066 2.93934 -2
    endloop
  endfacet
  facet normal 0 0 1
    outer loop
      vertex 0.5 4 -2
      vertex 0.95159 5.15952 -2
      vertex 0.833355 5.2472 -2
    endloop
  endfacet
  facet normal 0 0 1
    outer loop
      vertex 1.06066 2.93934 -2
      vertex 0.5 4 -2
      vertex 0.95159 2.84048 -2
    endloop
  endfacet
  facet normal 0 0 1
    outer loop
      vertex 0.5 4 -2
      vertex 0.833355 5.2472 -2
      vertex 0.707094 5.32288 -2
    endloop
  endfacet
  facet normal 0 0 1
    outer loop
      vertex 0.95159 2.84048 -2
      vertex 0.5 4 -2
      vertex 0.833355 2.7528 -2
    endloop
  endfacet
  facet normal 0 0 1
    outer loop
      vertex 0.5 4 -2
      vertex 0.707094 5.32288 -2
      vertex 0.574024 5.38582 -2
    endloop
  endfacet
  facet normal 0 0 1
    outer loop
      vertex 0.833355 2.7528 -2
      vertex 0.5 4 -2
      vertex 0.707094 2.67712 -2
    endloop
  endfacet
  facet normal 0 0 1
    outer loop
      vertex 0.5 4 -2
      vertex 0.574024 5.38582 -2
      vertex 0.5 5.41231 -2
    endloop
  endfacet
  facet normal 0 0 1
    outer loop
      vertex 0.707094 2.67712 -2
      vertex 0.5 4 -2
      vertex 0.574024 2.61418 -2
    endloop
  endfacet
  facet normal 0 0 1
    outer loop
      vertex 0.5 4 -2
      vertex 0.435427 2.56459 -2
      vertex 0.574024 2.61418 -2
    endloop
  endfacet
  facet normal 0 0 1
    outer loop
      vertex 0.5 4 -2
      vertex 0.292635 2.52882 -2
      vertex 0.435427 2.56459 -2
    endloop
  endfacet
  facet normal 0 0 1
    outer loop
      vertex 0.5 4 -2
      vertex 0.147025 2.50722 -2
      vertex 0.292635 2.52882 -2
    endloop
  endfacet
  facet normal 0 0 1
    outer loop
      vertex 0.5 4 -2
      vertex 0 2.5 -2
      vertex 0.147025 2.50722 -2
    endloop
  endfacet
  facet normal -0 0 1
    outer loop
      vertex -0.5 4 -2
      vertex 0 2.5 -2
      vertex 0.5 4 -2
    endloop
  endfacet
  facet normal 0 0 1
    outer loop
      vertex 0 2.5 -2
      vertex -0.5 4 -2
      vertex -0.147025 2.50722 -2
    endloop
  endfacet
  facet normal 0 0 1
    outer loop
      vertex -0.147025 2.50722 -2
      vertex -0.5 4 -2
      vertex -0.292635 2.52882 -2
    endloop
  endfacet
  facet normal 0 0 1
    outer loop
      vertex -0.292635 2.52882 -2
      vertex -0.5 4 -2
      vertex -0.435427 2.56459 -2
    endloop
  endfacet
  facet normal -0 0 1
    outer loop
      vertex -0.707094 5.32288 -2
      vertex -0.5 4 -2
      vertex -0.574024 5.38582 -2
    endloop
  endfacet
  facet normal 0 0 1
    outer loop
      vertex -0.5 4 -2
      vertex -0.574024 2.61418 -2
      vertex -0.435427 2.56459 -2
    endloop
  endfacet
  facet normal -0 0 1
    outer loop
      vertex -0.833355 5.2472 -2
      vertex -0.5 4 -2
      vertex -0.707094 5.32288 -2
    endloop
  endfacet
  facet normal 0 0 1
    outer loop
      vertex -0.5 4 -2
      vertex -0.707094 2.67712 -2
      vertex -0.574024 2.61418 -2
    endloop
  endfacet
  facet normal -0 0 1
    outer loop
      vertex -0.95159 5.15952 -2
      vertex -0.5 4 -2
      vertex -0.833355 5.2472 -2
    endloop
  endfacet
  facet normal 0 0 1
    outer loop
      vertex -0.5 4 -2
      vertex -0.833355 2.7528 -2
      vertex -0.707094 2.67712 -2
    endloop
  endfacet
  facet normal -0 0 1
    outer loop
      vertex -1.06066 5.06066 -2
      vertex -0.5 4 -2
      vertex -0.95159 5.15952 -2
    endloop
  endfacet
  facet normal 0 0 1
    outer loop
      vertex -0.5 4 -2
      vertex -0.95159 2.84048 -2
      vertex -0.833355 2.7528 -2
    endloop
  endfacet
  facet normal -0 0 1
    outer loop
      vertex -1.15952 4.95159 -2
      vertex -0.5 4 -2
      vertex -1.06066 5.06066 -2
    endloop
  endfacet
  facet normal 0 0 1
    outer loop
      vertex -0.5 4 -2
      vertex -1.06066 2.93934 -2
      vertex -0.95159 2.84048 -2
    endloop
  endfacet
  facet normal -0 0 1
    outer loop
      vertex -1.2472 4.83335 -2
      vertex -0.5 4 -2
      vertex -1.15952 4.95159 -2
    endloop
  endfacet
  facet normal 0 0 1
    outer loop
      vertex -0.5 4 -2
      vertex -1.15952 3.04841 -2
      vertex -1.06066 2.93934 -2
    endloop
  endfacet
  facet normal -0 0 1
    outer loop
      vertex -1.32288 4.70709 -2
      vertex -0.5 4 -2
      vertex -1.2472 4.83335 -2
    endloop
  endfacet
  facet normal 0 0 1
    outer loop
      vertex -0.5 4 -2
      vertex -1.2472 3.16665 -2
      vertex -1.15952 3.04841 -2
    endloop
  endfacet
  facet normal -0 0 1
    outer loop
      vertex -1.38582 4.57402 -2
      vertex -0.5 4 -2
      vertex -1.32288 4.70709 -2
    endloop
  endfacet
  facet normal 0 0 1
    outer loop
      vertex -0.5 4 -2
      vertex -1.32288 3.29291 -2
      vertex -1.2472 3.16665 -2
    endloop
  endfacet
  facet normal -0 0 1
    outer loop
      vertex -1.43541 4.43543 -2
      vertex -0.5 4 -2
      vertex -1.38582 4.57402 -2
    endloop
  endfacet
  facet normal 0 0 1
    outer loop
      vertex -0.5 4 -2
      vertex -1.38582 3.42598 -2
      vertex -1.32288 3.29291 -2
    endloop
  endfacet
  facet normal -0 0 1
    outer loop
      vertex -1.47118 4.29263 -2
      vertex -0.5 4 -2
      vertex -1.43541 4.43543 -2
    endloop
  endfacet
  facet normal 0 0 1
    outer loop
      vertex -0.5 4 -2
      vertex -1.43541 3.56457 -2
      vertex -1.38582 3.42598 -2
    endloop
  endfacet
  facet normal -0 0 1
    outer loop
      vertex -1.49278 4.14703 -2
      vertex -0.5 4 -2
      vertex -1.47118 4.29263 -2
    endloop
  endfacet
  facet normal 0 0 1
    outer loop
      vertex -0.5 4 -2
      vertex -1.47118 3.70737 -2
      vertex -1.43541 3.56457 -2
    endloop
  endfacet
  facet normal 0 0 1
    outer loop
      vertex -1.5 4 -2
      vertex -0.5 4 -2
      vertex -1.49278 4.14703 -2
    endloop
  endfacet
  facet normal 0 0 1
    outer loop
      vertex -0.5 4 -2
      vertex -1.49278 3.85297 -2
      vertex -1.47118 3.70737 -2
    endloop
  endfacet
  facet normal 0 0 1
    outer loop
      vertex -0.5 4 -2
      vertex -1.5 4 -2
      vertex -1.49278 3.85297 -2
    endloop
  endfacet
  facet normal 0.59566 0.803237 -0
    outer loop
      vertex 0.95159 5.15952 -8
      vertex 0.833355 5.2472 -2
      vertex 0.95159 5.15952 -2
    endloop
  endfacet
  facet normal 0.59566 0.803237 0
    outer loop
      vertex 0.833355 5.2472 -2
      vertex 0.95159 5.15952 -8
      vertex 0.833355 5.2472 -8
    endloop
  endfacet
  facet normal 0.671577 -0.740935 0
    outer loop
      vertex 0.95159 2.84048 -8
      vertex 1.06066 2.93934 -2
      vertex 0.95159 2.84048 -2
    endloop
  endfacet
  facet normal 0.671577 -0.740935 0
    outer loop
      vertex 1.06066 2.93934 -2
      vertex 0.95159 2.84048 -8
      vertex 1.06066 2.93934 -8
    endloop
  endfacet
  facet normal -0.857721 -0.514116 0
    outer loop
      vertex -1.2472 3.16665 -8
      vertex -1.32288 3.29291 -2
      vertex -1.32288 3.29291 -8
    endloop
  endfacet
  facet normal -0.857721 -0.514116 0
    outer loop
      vertex -1.32288 3.29291 -2
      vertex -1.2472 3.16665 -8
      vertex -1.2472 3.16665 -2
    endloop
  endfacet
  facet normal 0.989174 -0.146746 0
    outer loop
      vertex 1.47118 3.70737 -2
      vertex 1.49278 3.85297 -8
      vertex 1.49278 3.85297 -2
    endloop
  endfacet
  facet normal 0.989174 -0.146746 0
    outer loop
      vertex 1.49278 3.85297 -8
      vertex 1.47118 3.70737 -2
      vertex 1.47118 3.70737 -8
    endloop
  endfacet
  facet normal 0.803249 0.595643 0
    outer loop
      vertex 1.2472 4.83335 -2
      vertex 1.15952 4.95159 -8
      vertex 1.15952 4.95159 -2
    endloop
  endfacet
  facet normal 0.803249 0.595643 0
    outer loop
      vertex 1.15952 4.95159 -8
      vertex 1.2472 4.83335 -2
      vertex 1.2472 4.83335 -8
    endloop
  endfacet
  facet normal 0.998796 -0.0490465 0
    outer loop
      vertex 1.49278 3.85297 -2
      vertex 1.5 4 -8
      vertex 1.5 4 -2
    endloop
  endfacet
  facet normal 0.998796 -0.0490465 0
    outer loop
      vertex 1.5 4 -8
      vertex 1.49278 3.85297 -2
      vertex 1.49278 3.85297 -8
    endloop
  endfacet
  facet normal -0.803249 0.595643 0
    outer loop
      vertex -1.2472 4.83335 -8
      vertex -1.15952 4.95159 -2
      vertex -1.15952 4.95159 -8
    endloop
  endfacet
  facet normal -0.803249 0.595643 0
    outer loop
      vertex -1.15952 4.95159 -2
      vertex -1.2472 4.83335 -8
      vertex -1.2472 4.83335 -2
    endloop
  endfacet
  facet normal -0.146736 -0.989176 0
    outer loop
      vertex -0.292635 2.52882 -8
      vertex -0.147025 2.50722 -2
      vertex -0.292635 2.52882 -2
    endloop
  endfacet
  facet normal -0.146736 -0.989176 -0
    outer loop
      vertex -0.147025 2.50722 -2
      vertex -0.292635 2.52882 -8
      vertex -0.147025 2.50722 -8
    endloop
  endfacet
  facet normal -0.514113 -0.857722 0
    outer loop
      vertex -0.833355 2.7528 -8
      vertex -0.707094 2.67712 -2
      vertex -0.833355 2.7528 -2
    endloop
  endfacet
  facet normal -0.514113 -0.857722 -0
    outer loop
      vertex -0.707094 2.67712 -2
      vertex -0.833355 2.7528 -8
      vertex -0.707094 2.67712 -8
    endloop
  endfacet
  facet normal 0.336885 -0.941546 0
    outer loop
      vertex 0.435427 2.56459 -8
      vertex 0.574024 2.61418 -2
      vertex 0.435427 2.56459 -2
    endloop
  endfacet
  facet normal 0.336885 -0.941546 0
    outer loop
      vertex 0.574024 2.61418 -2
      vertex 0.435427 2.56459 -8
      vertex 0.574024 2.61418 -8
    endloop
  endfacet
  facet normal -0.989174 -0.146746 0
    outer loop
      vertex -1.47118 3.70737 -8
      vertex -1.49278 3.85297 -2
      vertex -1.49278 3.85297 -8
    endloop
  endfacet
  facet normal -0.989174 -0.146746 0
    outer loop
      vertex -1.49278 3.85297 -2
      vertex -1.47118 3.70737 -8
      vertex -1.47118 3.70737 -2
    endloop
  endfacet
  facet normal -0.59566 0.803237 0
    outer loop
      vertex -0.833355 5.2472 -8
      vertex -0.95159 5.15952 -2
      vertex -0.833355 5.2472 -2
    endloop
  endfacet
  facet normal -0.59566 0.803237 0
    outer loop
      vertex -0.95159 5.15952 -2
      vertex -0.833355 5.2472 -8
      vertex -0.95159 5.15952 -8
    endloop
  endfacet
  facet normal 0.242996 -0.970027 0
    outer loop
      vertex 0.292635 2.52882 -8
      vertex 0.435427 2.56459 -2
      vertex 0.292635 2.52882 -2
    endloop
  endfacet
  facet normal 0.242996 -0.970027 0
    outer loop
      vertex 0.435427 2.56459 -2
      vertex 0.292635 2.52882 -8
      vertex 0.435427 2.56459 -8
    endloop
  endfacet
  facet normal 0.0490482 -0.998796 0
    outer loop
      vertex 0 2.5 -8
      vertex 0.147025 2.50722 -2
      vertex 0 2.5 -2
    endloop
  endfacet
  facet normal 0.0490482 -0.998796 0
    outer loop
      vertex 0.147025 2.50722 -2
      vertex 0 2.5 -8
      vertex 0.147025 2.50722 -8
    endloop
  endfacet
  facet normal -0.857721 0.514116 0
    outer loop
      vertex -1.32288 4.70709 -8
      vertex -1.2472 4.83335 -2
      vertex -1.2472 4.83335 -8
    endloop
  endfacet
  facet normal -0.857721 0.514116 0
    outer loop
      vertex -1.2472 4.83335 -2
      vertex -1.32288 4.70709 -8
      vertex -1.32288 4.70709 -2
    endloop
  endfacet
  facet normal 0.427569 0.903983 -0
    outer loop
      vertex 0.707094 5.32288 -8
      vertex 0.574024 5.38582 -2
      vertex 0.707094 5.32288 -2
    endloop
  endfacet
  facet normal 0.427569 0.903983 0
    outer loop
      vertex 0.574024 5.38582 -2
      vertex 0.707094 5.32288 -8
      vertex 0.574024 5.38582 -8
    endloop
  endfacet
  facet normal -0.514113 0.857722 0
    outer loop
      vertex -0.707094 5.32288 -8
      vertex -0.833355 5.2472 -2
      vertex -0.707094 5.32288 -2
    endloop
  endfacet
  facet normal -0.514113 0.857722 0
    outer loop
      vertex -0.833355 5.2472 -2
      vertex -0.707094 5.32288 -8
      vertex -0.833355 5.2472 -8
    endloop
  endfacet
  facet normal -0.671577 0.740935 0
    outer loop
      vertex -0.95159 5.15952 -8
      vertex -1.06066 5.06066 -2
      vertex -0.95159 5.15952 -2
    endloop
  endfacet
  facet normal -0.671577 0.740935 0
    outer loop
      vertex -1.06066 5.06066 -2
      vertex -0.95159 5.15952 -8
      vertex -1.06066 5.06066 -8
    endloop
  endfacet
  facet normal -0.998796 -0.0490465 0
    outer loop
      vertex -1.49278 3.85297 -8
      vertex -1.5 4 -2
      vertex -1.5 4 -8
    endloop
  endfacet
  facet normal -0.998796 -0.0490465 0
    outer loop
      vertex -1.5 4 -2
      vertex -1.49278 3.85297 -8
      vertex -1.49278 3.85297 -2
    endloop
  endfacet
  facet normal -0.671577 -0.740935 0
    outer loop
      vertex -1.06066 2.93934 -8
      vertex -0.95159 2.84048 -2
      vertex -1.06066 2.93934 -2
    endloop
  endfacet
  facet normal -0.671577 -0.740935 -0
    outer loop
      vertex -0.95159 2.84048 -2
      vertex -1.06066 2.93934 -8
      vertex -0.95159 2.84048 -8
    endloop
  endfacet
  facet normal 0.740935 -0.671577 0
    outer loop
      vertex 1.06066 2.93934 -2
      vertex 1.15952 3.04841 -8
      vertex 1.15952 3.04841 -2
    endloop
  endfacet
  facet normal 0.740935 -0.671577 0
    outer loop
      vertex 1.15952 3.04841 -8
      vertex 1.06066 2.93934 -2
      vertex 1.06066 2.93934 -8
    endloop
  endfacet
  facet normal 0.998796 0.0490465 0
    outer loop
      vertex 1.5 4 -2
      vertex 1.49278 4.14703 -8
      vertex 1.49278 4.14703 -2
    endloop
  endfacet
  facet normal 0.998796 0.0490465 0
    outer loop
      vertex 1.49278 4.14703 -8
      vertex 1.5 4 -2
      vertex 1.5 4 -8
    endloop
  endfacet
  facet normal -0.336933 0.941529 0
    outer loop
      vertex -0.5 5.41231 -8
      vertex -0.574024 5.38582 -2
      vertex -0.5 5.41231 -2
    endloop
  endfacet
  facet normal -0.336933 0.941529 0
    outer loop
      vertex -0.574024 5.38582 -2
      vertex -0.5 5.41231 -8
      vertex -0.574024 5.38582 -8
    endloop
  endfacet
  facet normal 0.514113 0.857722 -0
    outer loop
      vertex 0.833355 5.2472 -8
      vertex 0.707094 5.32288 -2
      vertex 0.833355 5.2472 -2
    endloop
  endfacet
  facet normal 0.514113 0.857722 0
    outer loop
      vertex 0.707094 5.32288 -2
      vertex 0.833355 5.2472 -8
      vertex 0.707094 5.32288 -8
    endloop
  endfacet
  facet normal -0.970031 -0.242983 0
    outer loop
      vertex -1.43541 3.56457 -8
      vertex -1.47118 3.70737 -2
      vertex -1.47118 3.70737 -8
    endloop
  endfacet
  facet normal -0.970031 -0.242983 0
    outer loop
      vertex -1.47118 3.70737 -2
      vertex -1.43541 3.56457 -8
      vertex -1.43541 3.56457 -2
    endloop
  endfacet
  facet normal 0.336933 0.941529 -0
    outer loop
      vertex 0.574024 5.38582 -8
      vertex 0.5 5.41231 -2
      vertex 0.574024 5.38582 -2
    endloop
  endfacet
  facet normal 0.336933 0.941529 0
    outer loop
      vertex 0.5 5.41231 -2
      vertex 0.574024 5.38582 -8
      vertex 0.5 5.41231 -8
    endloop
  endfacet
  facet normal 0.94154 0.3369 0
    outer loop
      vertex 1.43541 4.43543 -2
      vertex 1.38582 4.57402 -8
      vertex 1.38582 4.57402 -2
    endloop
  endfacet
  facet normal 0.94154 0.3369 0
    outer loop
      vertex 1.38582 4.57402 -8
      vertex 1.43541 4.43543 -2
      vertex 1.43541 4.43543 -8
    endloop
  endfacet
  facet normal -0.903983 -0.427569 0
    outer loop
      vertex -1.32288 3.29291 -8
      vertex -1.38582 3.42598 -2
      vertex -1.38582 3.42598 -8
    endloop
  endfacet
  facet normal -0.903983 -0.427569 0
    outer loop
      vertex -1.38582 3.42598 -2
      vertex -1.32288 3.29291 -8
      vertex -1.32288 3.29291 -2
    endloop
  endfacet
  facet normal -0.427569 0.903983 0
    outer loop
      vertex -0.574024 5.38582 -8
      vertex -0.707094 5.32288 -2
      vertex -0.574024 5.38582 -2
    endloop
  endfacet
  facet normal -0.427569 0.903983 0
    outer loop
      vertex -0.707094 5.32288 -2
      vertex -0.574024 5.38582 -8
      vertex -0.707094 5.32288 -8
    endloop
  endfacet
  facet normal -0.740935 -0.671577 0
    outer loop
      vertex -1.06066 2.93934 -8
      vertex -1.15952 3.04841 -2
      vertex -1.15952 3.04841 -8
    endloop
  endfacet
  facet normal -0.740935 -0.671577 0
    outer loop
      vertex -1.15952 3.04841 -2
      vertex -1.06066 2.93934 -8
      vertex -1.06066 2.93934 -2
    endloop
  endfacet
  facet normal -0.94154 0.3369 0
    outer loop
      vertex -1.43541 4.43543 -8
      vertex -1.38582 4.57402 -2
      vertex -1.38582 4.57402 -8
    endloop
  endfacet
  facet normal -0.94154 0.3369 0
    outer loop
      vertex -1.38582 4.57402 -2
      vertex -1.43541 4.43543 -8
      vertex -1.43541 4.43543 -2
    endloop
  endfacet
  facet normal -0.94154 -0.3369 0
    outer loop
      vertex -1.38582 3.42598 -8
      vertex -1.43541 3.56457 -2
      vertex -1.43541 3.56457 -8
    endloop
  endfacet
  facet normal -0.94154 -0.3369 0
    outer loop
      vertex -1.43541 3.56457 -2
      vertex -1.38582 3.42598 -8
      vertex -1.38582 3.42598 -2
    endloop
  endfacet
  facet normal 0.514113 -0.857722 0
    outer loop
      vertex 0.707094 2.67712 -8
      vertex 0.833355 2.7528 -2
      vertex 0.707094 2.67712 -2
    endloop
  endfacet
  facet normal 0.514113 -0.857722 0
    outer loop
      vertex 0.833355 2.7528 -2
      vertex 0.707094 2.67712 -8
      vertex 0.833355 2.7528 -8
    endloop
  endfacet
  facet normal 0.857721 -0.514116 0
    outer loop
      vertex 1.2472 3.16665 -2
      vertex 1.32288 3.29291 -8
      vertex 1.32288 3.29291 -2
    endloop
  endfacet
  facet normal 0.857721 -0.514116 0
    outer loop
      vertex 1.32288 3.29291 -8
      vertex 1.2472 3.16665 -2
      vertex 1.2472 3.16665 -8
    endloop
  endfacet
  facet normal -0.740935 0.671577 0
    outer loop
      vertex -1.15952 4.95159 -8
      vertex -1.06066 5.06066 -2
      vertex -1.06066 5.06066 -8
    endloop
  endfacet
  facet normal -0.740935 0.671577 0
    outer loop
      vertex -1.06066 5.06066 -2
      vertex -1.15952 4.95159 -8
      vertex -1.15952 4.95159 -2
    endloop
  endfacet
  facet normal 0.803249 -0.595643 0
    outer loop
      vertex 1.15952 3.04841 -2
      vertex 1.2472 3.16665 -8
      vertex 1.2472 3.16665 -2
    endloop
  endfacet
  facet normal 0.803249 -0.595643 0
    outer loop
      vertex 1.2472 3.16665 -8
      vertex 1.15952 3.04841 -2
      vertex 1.15952 3.04841 -8
    endloop
  endfacet
  facet normal 0.903983 -0.427569 0
    outer loop
      vertex 1.32288 3.29291 -2
      vertex 1.38582 3.42598 -8
      vertex 1.38582 3.42598 -2
    endloop
  endfacet
  facet normal 0.903983 -0.427569 0
    outer loop
      vertex 1.38582 3.42598 -8
      vertex 1.32288 3.29291 -2
      vertex 1.32288 3.29291 -8
    endloop
  endfacet
  facet normal 0.59566 -0.803237 0
    outer loop
      vertex 0.833355 2.7528 -8
      vertex 0.95159 2.84048 -2
      vertex 0.833355 2.7528 -2
    endloop
  endfacet
  facet normal 0.59566 -0.803237 0
    outer loop
      vertex 0.95159 2.84048 -2
      vertex 0.833355 2.7528 -8
      vertex 0.95159 2.84048 -8
    endloop
  endfacet
  facet normal 0.970031 -0.242983 0
    outer loop
      vertex 1.43541 3.56457 -2
      vertex 1.47118 3.70737 -8
      vertex 1.47118 3.70737 -2
    endloop
  endfacet
  facet normal 0.970031 -0.242983 0
    outer loop
      vertex 1.47118 3.70737 -8
      vertex 1.43541 3.56457 -2
      vertex 1.43541 3.56457 -8
    endloop
  endfacet
  facet normal 0.94154 -0.3369 0
    outer loop
      vertex 1.38582 3.42598 -2
      vertex 1.43541 3.56457 -8
      vertex 1.43541 3.56457 -2
    endloop
  endfacet
  facet normal 0.94154 -0.3369 0
    outer loop
      vertex 1.43541 3.56457 -8
      vertex 1.38582 3.42598 -2
      vertex 1.38582 3.42598 -8
    endloop
  endfacet
  facet normal 0.146736 -0.989176 0
    outer loop
      vertex 0.147025 2.50722 -8
      vertex 0.292635 2.52882 -2
      vertex 0.147025 2.50722 -2
    endloop
  endfacet
  facet normal 0.146736 -0.989176 0
    outer loop
      vertex 0.292635 2.52882 -2
      vertex 0.147025 2.50722 -8
      vertex 0.292635 2.52882 -8
    endloop
  endfacet
  facet normal 0.427569 -0.903983 0
    outer loop
      vertex 0.574024 2.61418 -8
      vertex 0.707094 2.67712 -2
      vertex 0.574024 2.61418 -2
    endloop
  endfacet
  facet normal 0.427569 -0.903983 0
    outer loop
      vertex 0.707094 2.67712 -2
      vertex 0.574024 2.61418 -8
      vertex 0.707094 2.67712 -8
    endloop
  endfacet
  facet normal -0.336885 -0.941546 0
    outer loop
      vertex -0.574024 2.61418 -8
      vertex -0.435427 2.56459 -2
      vertex -0.574024 2.61418 -2
    endloop
  endfacet
  facet normal -0.336885 -0.941546 -0
    outer loop
      vertex -0.435427 2.56459 -2
      vertex -0.574024 2.61418 -8
      vertex -0.435427 2.56459 -8
    endloop
  endfacet
  facet normal -0.59566 -0.803237 0
    outer loop
      vertex -0.95159 2.84048 -8
      vertex -0.833355 2.7528 -2
      vertex -0.95159 2.84048 -2
    endloop
  endfacet
  facet normal -0.59566 -0.803237 -0
    outer loop
      vertex -0.833355 2.7528 -2
      vertex -0.95159 2.84048 -8
      vertex -0.833355 2.7528 -8
    endloop
  endfacet
  facet normal -0.0490482 -0.998796 0
    outer loop
      vertex -0.147025 2.50722 -8
      vertex 0 2.5 -2
      vertex -0.147025 2.50722 -2
    endloop
  endfacet
  facet normal -0.0490482 -0.998796 -0
    outer loop
      vertex 0 2.5 -2
      vertex -0.147025 2.50722 -8
      vertex 0 2.5 -8
    endloop
  endfacet
  facet normal 0.671577 0.740935 -0
    outer loop
      vertex 1.06066 5.06066 -8
      vertex 0.95159 5.15952 -2
      vertex 1.06066 5.06066 -2
    endloop
  endfacet
  facet normal 0.671577 0.740935 0
    outer loop
      vertex 0.95159 5.15952 -2
      vertex 1.06066 5.06066 -8
      vertex 0.95159 5.15952 -8
    endloop
  endfacet
  facet normal 0.740935 0.671577 0
    outer loop
      vertex 1.15952 4.95159 -2
      vertex 1.06066 5.06066 -8
      vertex 1.06066 5.06066 -2
    endloop
  endfacet
  facet normal 0.740935 0.671577 0
    outer loop
      vertex 1.06066 5.06066 -8
      vertex 1.15952 4.95159 -2
      vertex 1.15952 4.95159 -8
    endloop
  endfacet
  facet normal 0 0 -1
    outer loop
      vertex 0.5 4 -8
      vertex 1.5 4 -8
      vertex 1.49278 3.85297 -8
    endloop
  endfacet
  facet normal 0 0 -1
    outer loop
      vertex 0.5 4 -8
      vertex 1.49278 3.85297 -8
      vertex 1.47118 3.70737 -8
    endloop
  endfacet
  facet normal 0 0 -1
    outer loop
      vertex 1.5 4 -8
      vertex 0.5 4 -8
      vertex 1.49278 4.14703 -8
    endloop
  endfacet
  facet normal 0 0 -1
    outer loop
      vertex 0.5 4 -8
      vertex 1.47118 3.70737 -8
      vertex 1.43541 3.56457 -8
    endloop
  endfacet
  facet normal -0 0 -1
    outer loop
      vertex 1.49278 4.14703 -8
      vertex 0.5 4 -8
      vertex 1.47118 4.29263 -8
    endloop
  endfacet
  facet normal 0 0 -1
    outer loop
      vertex 0.5 4 -8
      vertex 1.43541 3.56457 -8
      vertex 1.38582 3.42598 -8
    endloop
  endfacet
  facet normal -0 0 -1
    outer loop
      vertex 1.47118 4.29263 -8
      vertex 0.5 4 -8
      vertex 1.43541 4.43543 -8
    endloop
  endfacet
  facet normal 0 0 -1
    outer loop
      vertex 0.5 4 -8
      vertex 1.38582 3.42598 -8
      vertex 1.32288 3.29291 -8
    endloop
  endfacet
  facet normal -0 0 -1
    outer loop
      vertex 1.43541 4.43543 -8
      vertex 0.5 4 -8
      vertex 1.38582 4.57402 -8
    endloop
  endfacet
  facet normal 0 0 -1
    outer loop
      vertex 0.5 4 -8
      vertex 1.32288 3.29291 -8
      vertex 1.2472 3.16665 -8
    endloop
  endfacet
  facet normal -0 0 -1
    outer loop
      vertex 1.38582 4.57402 -8
      vertex 0.5 4 -8
      vertex 1.32288 4.70709 -8
    endloop
  endfacet
  facet normal 0 0 -1
    outer loop
      vertex 0.5 4 -8
      vertex 1.2472 3.16665 -8
      vertex 1.15952 3.04841 -8
    endloop
  endfacet
  facet normal -0 0 -1
    outer loop
      vertex 1.32288 4.70709 -8
      vertex 0.5 4 -8
      vertex 1.2472 4.83335 -8
    endloop
  endfacet
  facet normal 0 0 -1
    outer loop
      vertex 0.5 4 -8
      vertex 1.15952 3.04841 -8
      vertex 1.06066 2.93934 -8
    endloop
  endfacet
  facet normal -0 0 -1
    outer loop
      vertex 1.2472 4.83335 -8
      vertex 0.5 4 -8
      vertex 1.15952 4.95159 -8
    endloop
  endfacet
  facet normal 0 0 -1
    outer loop
      vertex 0.5 4 -8
      vertex 1.06066 2.93934 -8
      vertex 0.95159 2.84048 -8
    endloop
  endfacet
  facet normal -0 0 -1
    outer loop
      vertex 1.15952 4.95159 -8
      vertex 0.5 4 -8
      vertex 1.06066 5.06066 -8
    endloop
  endfacet
  facet normal 0 0 -1
    outer loop
      vertex 0.5 4 -8
      vertex 0.95159 2.84048 -8
      vertex 0.833355 2.7528 -8
    endloop
  endfacet
  facet normal -0 0 -1
    outer loop
      vertex 1.06066 5.06066 -8
      vertex 0.5 4 -8
      vertex 0.95159 5.15952 -8
    endloop
  endfacet
  facet normal 0 0 -1
    outer loop
      vertex 0.5 4 -8
      vertex 0.833355 2.7528 -8
      vertex 0.707094 2.67712 -8
    endloop
  endfacet
  facet normal -0 0 -1
    outer loop
      vertex 0.95159 5.15952 -8
      vertex 0.5 4 -8
      vertex 0.833355 5.2472 -8
    endloop
  endfacet
  facet normal 0 0 -1
    outer loop
      vertex 0.5 4 -8
      vertex 0.707094 2.67712 -8
      vertex 0.574024 2.61418 -8
    endloop
  endfacet
  facet normal -0 0 -1
    outer loop
      vertex 0.833355 5.2472 -8
      vertex 0.5 4 -8
      vertex 0.707094 5.32288 -8
    endloop
  endfacet
  facet normal -0 0 -1
    outer loop
      vertex 0.707094 5.32288 -8
      vertex 0.5 4 -8
      vertex 0.574024 5.38582 -8
    endloop
  endfacet
  facet normal 0 0 -1
    outer loop
      vertex 0.435427 2.56459 -8
      vertex 0.5 4 -8
      vertex 0.574024 2.61418 -8
    endloop
  endfacet
  facet normal 0 0 -1
    outer loop
      vertex 0.292635 2.52882 -8
      vertex 0.5 4 -8
      vertex 0.435427 2.56459 -8
    endloop
  endfacet
  facet normal 0 0 -1
    outer loop
      vertex 0.147025 2.50722 -8
      vertex 0.5 4 -8
      vertex 0.292635 2.52882 -8
    endloop
  endfacet
  facet normal 0 0 -1
    outer loop
      vertex 0 2.5 -8
      vertex 0.5 4 -8
      vertex 0.147025 2.50722 -8
    endloop
  endfacet
  facet normal 0 0 -1
    outer loop
      vertex -0.5 4 -8
      vertex 0 2.5 -8
      vertex -0.147025 2.50722 -8
    endloop
  endfacet
  facet normal 0 0 -1
    outer loop
      vertex -0.5 4 -8
      vertex -0.147025 2.50722 -8
      vertex -0.292635 2.52882 -8
    endloop
  endfacet
  facet normal 0 0 -1
    outer loop
      vertex -0.5 4 -8
      vertex -0.292635 2.52882 -8
      vertex -0.435427 2.56459 -8
    endloop
  endfacet
  facet normal 0 0 -1
    outer loop
      vertex 0 2.5 -8
      vertex -0.5 4 -8
      vertex 0.5 4 -8
    endloop
  endfacet
  facet normal 0 0 -1
    outer loop
      vertex -0.574024 2.61418 -8
      vertex -0.5 4 -8
      vertex -0.435427 2.56459 -8
    endloop
  endfacet
  facet normal 0 0 -1
    outer loop
      vertex -0.707094 2.67712 -8
      vertex -0.5 4 -8
      vertex -0.574024 2.61418 -8
    endloop
  endfacet
  facet normal 0 0 -1
    outer loop
      vertex -0.833355 2.7528 -8
      vertex -0.5 4 -8
      vertex -0.707094 2.67712 -8
    endloop
  endfacet
  facet normal 0 -0 -1
    outer loop
      vertex -0.574024 5.38582 -8
      vertex -0.5 4 -8
      vertex -0.707094 5.32288 -8
    endloop
  endfacet
  facet normal 0 0 -1
    outer loop
      vertex -0.5 4 -8
      vertex -0.574024 5.38582 -8
      vertex -0.5 5.41231 -8
    endloop
  endfacet
  facet normal 0 0 -1
    outer loop
      vertex -0.95159 2.84048 -8
      vertex -0.5 4 -8
      vertex -0.833355 2.7528 -8
    endloop
  endfacet
  facet normal 0 0 -1
    outer loop
      vertex -0.5 4 -8
      vertex -0.833355 5.2472 -8
      vertex -0.707094 5.32288 -8
    endloop
  endfacet
  facet normal 0 0 -1
    outer loop
      vertex -1.06066 2.93934 -8
      vertex -0.5 4 -8
      vertex -0.95159 2.84048 -8
    endloop
  endfacet
  facet normal 0 0 -1
    outer loop
      vertex -0.5 4 -8
      vertex -0.95159 5.15952 -8
      vertex -0.833355 5.2472 -8
    endloop
  endfacet
  facet normal 0 0 -1
    outer loop
      vertex -1.15952 3.04841 -8
      vertex -0.5 4 -8
      vertex -1.06066 2.93934 -8
    endloop
  endfacet
  facet normal 0 0 -1
    outer loop
      vertex -0.5 4 -8
      vertex -1.06066 5.06066 -8
      vertex -0.95159 5.15952 -8
    endloop
  endfacet
  facet normal 0 0 -1
    outer loop
      vertex -1.2472 3.16665 -8
      vertex -0.5 4 -8
      vertex -1.15952 3.04841 -8
    endloop
  endfacet
  facet normal 0 0 -1
    outer loop
      vertex -0.5 4 -8
      vertex -1.15952 4.95159 -8
      vertex -1.06066 5.06066 -8
    endloop
  endfacet
  facet normal 0 0 -1
    outer loop
      vertex -1.32288 3.29291 -8
      vertex -0.5 4 -8
      vertex -1.2472 3.16665 -8
    endloop
  endfacet
  facet normal 0 0 -1
    outer loop
      vertex -0.5 4 -8
      vertex -1.2472 4.83335 -8
      vertex -1.15952 4.95159 -8
    endloop
  endfacet
  facet normal 0 0 -1
    outer loop
      vertex -1.38582 3.42598 -8
      vertex -0.5 4 -8
      vertex -1.32288 3.29291 -8
    endloop
  endfacet
  facet normal 0 0 -1
    outer loop
      vertex -0.5 4 -8
      vertex -1.32288 4.70709 -8
      vertex -1.2472 4.83335 -8
    endloop
  endfacet
  facet normal 0 0 -1
    outer loop
      vertex -1.43541 3.56457 -8
      vertex -0.5 4 -8
      vertex -1.38582 3.42598 -8
    endloop
  endfacet
  facet normal 0 0 -1
    outer loop
      vertex -0.5 4 -8
      vertex -1.38582 4.57402 -8
      vertex -1.32288 4.70709 -8
    endloop
  endfacet
  facet normal 0 0 -1
    outer loop
      vertex -1.47118 3.70737 -8
      vertex -0.5 4 -8
      vertex -1.43541 3.56457 -8
    endloop
  endfacet
  facet normal 0 0 -1
    outer loop
      vertex -0.5 4 -8
      vertex -1.43541 4.43543 -8
      vertex -1.38582 4.57402 -8
    endloop
  endfacet
  facet normal 0 0 -1
    outer loop
      vertex -1.49278 3.85297 -8
      vertex -0.5 4 -8
      vertex -1.47118 3.70737 -8
    endloop
  endfacet
  facet normal 0 0 -1
    outer loop
      vertex -0.5 4 -8
      vertex -1.47118 4.29263 -8
      vertex -1.43541 4.43543 -8
    endloop
  endfacet
  facet normal 0 0 -1
    outer loop
      vertex -1.5 4 -8
      vertex -0.5 4 -8
      vertex -1.49278 3.85297 -8
    endloop
  endfacet
  facet normal 0 0 -1
    outer loop
      vertex -0.5 4 -8
      vertex -1.49278 4.14703 -8
      vertex -1.47118 4.29263 -8
    endloop
  endfacet
  facet normal 0 0 -1
    outer loop
      vertex -0.5 4 -8
      vertex -1.5 4 -8
      vertex -1.49278 4.14703 -8
    endloop
  endfacet
  facet normal -0 0 -1
    outer loop
      vertex 0.574024 5.38582 -8
      vertex 0.5 4 -8
      vertex 0.5 5.41231 -8
    endloop
  endfacet
  facet normal 0 1 -0
    outer loop
      vertex 0.5 4 -8
      vertex -0.5 4 -2
      vertex 0.5 4 -2
    endloop
  endfacet
  facet normal 0 1 0
    outer loop
      vertex -0.5 4 -2
      vertex 0.5 4 -8
      vertex -0.5 4 -8
    endloop
  endfacet
  facet normal 1 -0 0
    outer loop
      vertex -0.5 4 -2
      vertex -0.5 5.41231 -8
      vertex -0.5 5.41231 -2
    endloop
  endfacet
  facet normal 1 0 0
    outer loop
      vertex -0.5 5.41231 -8
      vertex -0.5 4 -2
      vertex -0.5 4 -8
    endloop
  endfacet
  facet normal -1 0 0
    outer loop
      vertex 0.5 4 -8
      vertex 0.5 5.41231 -2
      vertex 0.5 5.41231 -8
    endloop
  endfacet
  facet normal -1 -0 0
    outer loop
      vertex 0.5 5.41231 -2
      vertex 0.5 4 -8
      vertex 0.5 4 -2
    endloop
  endfacet
  facet normal -0.427569 0.903983 0
    outer loop
      vertex -4.57402 1.38582 -8
      vertex -4.70709 1.32288 -2
      vertex -4.57402 1.38582 -2
    endloop
  endfacet
  facet normal -0.427569 0.903983 0
    outer loop
      vertex -4.70709 1.32288 -2
      vertex -4.57402 1.38582 -8
      vertex -4.70709 1.32288 -8
    endloop
  endfacet
  facet normal 0.595643 -0.803249 0
    outer loop
      vertex -3.16665 -1.2472 -8
      vertex -3.04841 -1.15952 -2
      vertex -3.16665 -1.2472 -2
    endloop
  endfacet
  facet normal 0.595643 -0.803249 0
    outer loop
      vertex -3.04841 -1.15952 -2
      vertex -3.16665 -1.2472 -8
      vertex -3.04841 -1.15952 -8
    endloop
  endfacet
  facet normal -0.242983 -0.970031 0
    outer loop
      vertex -4.43543 -1.43541 -8
      vertex -4.29263 -1.47118 -2
      vertex -4.43543 -1.43541 -2
    endloop
  endfacet
  facet normal -0.242983 -0.970031 -0
    outer loop
      vertex -4.29263 -1.47118 -2
      vertex -4.43543 -1.43541 -8
      vertex -4.29263 -1.47118 -8
    endloop
  endfacet
  facet normal 0.903983 -0.427569 0
    outer loop
      vertex -2.67712 -0.707094 -2
      vertex -2.61418 -0.574024 -8
      vertex -2.61418 -0.574024 -2
    endloop
  endfacet
  facet normal 0.903983 -0.427569 0
    outer loop
      vertex -2.61418 -0.574024 -8
      vertex -2.67712 -0.707094 -2
      vertex -2.67712 -0.707094 -8
    endloop
  endfacet
  facet normal 0.970027 -0.242996 0
    outer loop
      vertex -2.56459 -0.435427 -2
      vertex -2.52882 -0.292635 -8
      vertex -2.52882 -0.292635 -2
    endloop
  endfacet
  facet normal 0.970027 -0.242996 0
    outer loop
      vertex -2.52882 -0.292635 -8
      vertex -2.56459 -0.435427 -2
      vertex -2.56459 -0.435427 -8
    endloop
  endfacet
  facet normal -0.514116 0.857721 0
    outer loop
      vertex -4.70709 1.32288 -8
      vertex -4.83335 1.2472 -2
      vertex -4.70709 1.32288 -2
    endloop
  endfacet
  facet normal -0.514116 0.857721 0
    outer loop
      vertex -4.83335 1.2472 -2
      vertex -4.70709 1.32288 -8
      vertex -4.83335 1.2472 -8
    endloop
  endfacet
  facet normal -0.242983 0.970031 0
    outer loop
      vertex -4.29263 1.47118 -8
      vertex -4.43543 1.43541 -2
      vertex -4.29263 1.47118 -2
    endloop
  endfacet
  facet normal -0.242983 0.970031 0
    outer loop
      vertex -4.43543 1.43541 -2
      vertex -4.29263 1.47118 -8
      vertex -4.43543 1.43541 -8
    endloop
  endfacet
  facet normal -0.0490465 -0.998796 0
    outer loop
      vertex -4.14703 -1.49278 -8
      vertex -4 -1.5 -2
      vertex -4.14703 -1.49278 -2
    endloop
  endfacet
  facet normal -0.0490465 -0.998796 -0
    outer loop
      vertex -4 -1.5 -2
      vertex -4.14703 -1.49278 -8
      vertex -4 -1.5 -8
    endloop
  endfacet
  facet normal -0.146746 -0.989174 0
    outer loop
      vertex -4.29263 -1.47118 -8
      vertex -4.14703 -1.49278 -2
      vertex -4.29263 -1.47118 -2
    endloop
  endfacet
  facet normal -0.146746 -0.989174 -0
    outer loop
      vertex -4.14703 -1.49278 -2
      vertex -4.29263 -1.47118 -8
      vertex -4.14703 -1.49278 -8
    endloop
  endfacet
  facet normal -0.427569 -0.903983 0
    outer loop
      vertex -4.70709 -1.32288 -8
      vertex -4.57402 -1.38582 -2
      vertex -4.70709 -1.32288 -2
    endloop
  endfacet
  facet normal -0.427569 -0.903983 -0
    outer loop
      vertex -4.57402 -1.38582 -2
      vertex -4.70709 -1.32288 -8
      vertex -4.57402 -1.38582 -8
    endloop
  endfacet
  facet normal -0.146746 0.989174 0
    outer loop
      vertex -4.14703 1.49278 -8
      vertex -4.29263 1.47118 -2
      vertex -4.14703 1.49278 -2
    endloop
  endfacet
  facet normal -0.146746 0.989174 0
    outer loop
      vertex -4.29263 1.47118 -2
      vertex -4.14703 1.49278 -8
      vertex -4.29263 1.47118 -8
    endloop
  endfacet
  facet normal -0 0 1
    outer loop
      vertex -4.14703 1.49278 -2
      vertex -4 0.5 -2
      vertex -4 1.5 -2
    endloop
  endfacet
  facet normal -0 0 1
    outer loop
      vertex -4.29263 1.47118 -2
      vertex -4 0.5 -2
      vertex -4.14703 1.49278 -2
    endloop
  endfacet
  facet normal -0 0 1
    outer loop
      vertex -4.43543 1.43541 -2
      vertex -4 0.5 -2
      vertex -4.29263 1.47118 -2
    endloop
  endfacet
  facet normal -0 0 1
    outer loop
      vertex -4.57402 1.38582 -2
      vertex -4 0.5 -2
      vertex -4.43543 1.43541 -2
    endloop
  endfacet
  facet normal -0 0 1
    outer loop
      vertex -4.70709 1.32288 -2
      vertex -4 0.5 -2
      vertex -4.57402 1.38582 -2
    endloop
  endfacet
  facet normal -0 0 1
    outer loop
      vertex -4.83335 1.2472 -2
      vertex -4 0.5 -2
      vertex -4.70709 1.32288 -2
    endloop
  endfacet
  facet normal -0 0 1
    outer loop
      vertex -4.95159 1.15952 -2
      vertex -4 0.5 -2
      vertex -4.83335 1.2472 -2
    endloop
  endfacet
  facet normal -0 0 1
    outer loop
      vertex -5.06066 1.06066 -2
      vertex -4 0.5 -2
      vertex -4.95159 1.15952 -2
    endloop
  endfacet
  facet normal -0 0 1
    outer loop
      vertex -5.15952 0.95159 -2
      vertex -4 0.5 -2
      vertex -5.06066 1.06066 -2
    endloop
  endfacet
  facet normal -0 0 1
    outer loop
      vertex -5.2472 0.833355 -2
      vertex -4 0.5 -2
      vertex -5.15952 0.95159 -2
    endloop
  endfacet
  facet normal -0 0 1
    outer loop
      vertex -5.32288 0.707094 -2
      vertex -4 0.5 -2
      vertex -5.2472 0.833355 -2
    endloop
  endfacet
  facet normal -0 0 1
    outer loop
      vertex -5.38582 0.574024 -2
      vertex -4 0.5 -2
      vertex -5.32288 0.707094 -2
    endloop
  endfacet
  facet normal 0 0 1
    outer loop
      vertex -4 0.5 -2
      vertex -5.38582 0.574024 -2
      vertex -5.41231 0.5 -2
    endloop
  endfacet
  facet normal 0 0 1
    outer loop
      vertex -4 0.5 -2
      vertex -2.5 0 -2
      vertex -2.50722 0.147025 -2
    endloop
  endfacet
  facet normal 0 0 1
    outer loop
      vertex -4 0.5 -2
      vertex -2.50722 0.147025 -2
      vertex -2.52882 0.292635 -2
    endloop
  endfacet
  facet normal 0 0 1
    outer loop
      vertex -4 -0.5 -2
      vertex -2.5 0 -2
      vertex -4 0.5 -2
    endloop
  endfacet
  facet normal 0 0 1
    outer loop
      vertex -4 0.5 -2
      vertex -2.52882 0.292635 -2
      vertex -2.56459 0.435427 -2
    endloop
  endfacet
  facet normal 0 0 1
    outer loop
      vertex -2.5 0 -2
      vertex -4 -0.5 -2
      vertex -2.50722 -0.147025 -2
    endloop
  endfacet
  facet normal -0 0 1
    outer loop
      vertex -4 0.5 -2
      vertex -2.56459 0.435427 -2
      vertex -2.61418 0.574024 -2
    endloop
  endfacet
  facet normal 0 0 1
    outer loop
      vertex -2.50722 -0.147025 -2
      vertex -4 -0.5 -2
      vertex -2.52882 -0.292635 -2
    endloop
  endfacet
  facet normal 0 0 1
    outer loop
      vertex -4 0.5 -2
      vertex -2.61418 0.574024 -2
      vertex -2.67712 0.707094 -2
    endloop
  endfacet
  facet normal 0 0 1
    outer loop
      vertex -2.52882 -0.292635 -2
      vertex -4 -0.5 -2
      vertex -2.56459 -0.435427 -2
    endloop
  endfacet
  facet normal 0 0 1
    outer loop
      vertex -4 0.5 -2
      vertex -2.67712 0.707094 -2
      vertex -2.7528 0.833355 -2
    endloop
  endfacet
  facet normal 0 0 1
    outer loop
      vertex -2.56459 -0.435427 -2
      vertex -4 -0.5 -2
      vertex -2.61418 -0.574024 -2
    endloop
  endfacet
  facet normal 0 0 1
    outer loop
      vertex -4 0.5 -2
      vertex -2.7528 0.833355 -2
      vertex -2.84048 0.95159 -2
    endloop
  endfacet
  facet normal 0 0 1
    outer loop
      vertex -2.61418 -0.574024 -2
      vertex -4 -0.5 -2
      vertex -2.67712 -0.707094 -2
    endloop
  endfacet
  facet normal 0 0 1
    outer loop
      vertex -4 0.5 -2
      vertex -2.84048 0.95159 -2
      vertex -2.93934 1.06066 -2
    endloop
  endfacet
  facet normal 0 0 1
    outer loop
      vertex -2.67712 -0.707094 -2
      vertex -4 -0.5 -2
      vertex -2.7528 -0.833355 -2
    endloop
  endfacet
  facet normal 0 0 1
    outer loop
      vertex -4 0.5 -2
      vertex -2.93934 1.06066 -2
      vertex -3.04841 1.15952 -2
    endloop
  endfacet
  facet normal 0 0 1
    outer loop
      vertex -2.7528 -0.833355 -2
      vertex -4 -0.5 -2
      vertex -2.84048 -0.95159 -2
    endloop
  endfacet
  facet normal 0 0 1
    outer loop
      vertex -4 0.5 -2
      vertex -3.04841 1.15952 -2
      vertex -3.16665 1.2472 -2
    endloop
  endfacet
  facet normal 0 0 1
    outer loop
      vertex -2.84048 -0.95159 -2
      vertex -4 -0.5 -2
      vertex -2.93934 -1.06066 -2
    endloop
  endfacet
  facet normal 0 0 1
    outer loop
      vertex -4 0.5 -2
      vertex -3.16665 1.2472 -2
      vertex -3.29291 1.32288 -2
    endloop
  endfacet
  facet normal 0 0 1
    outer loop
      vertex -2.93934 -1.06066 -2
      vertex -4 -0.5 -2
      vertex -3.04841 -1.15952 -2
    endloop
  endfacet
  facet normal 0 0 1
    outer loop
      vertex -4 0.5 -2
      vertex -3.29291 1.32288 -2
      vertex -3.42598 1.38582 -2
    endloop
  endfacet
  facet normal 0 0 1
    outer loop
      vertex -3.04841 -1.15952 -2
      vertex -4 -0.5 -2
      vertex -3.16665 -1.2472 -2
    endloop
  endfacet
  facet normal 0 0 1
    outer loop
      vertex -4 0.5 -2
      vertex -3.42598 1.38582 -2
      vertex -3.56457 1.43541 -2
    endloop
  endfacet
  facet normal 0 0 1
    outer loop
      vertex -3.16665 -1.2472 -2
      vertex -4 -0.5 -2
      vertex -3.29291 -1.32288 -2
    endloop
  endfacet
  facet normal 0 0 1
    outer loop
      vertex -4 0.5 -2
      vertex -3.56457 1.43541 -2
      vertex -3.70737 1.47118 -2
    endloop
  endfacet
  facet normal 0 0 1
    outer loop
      vertex -3.29291 -1.32288 -2
      vertex -4 -0.5 -2
      vertex -3.42598 -1.38582 -2
    endloop
  endfacet
  facet normal 0 0 1
    outer loop
      vertex -4 0.5 -2
      vertex -3.70737 1.47118 -2
      vertex -3.85297 1.49278 -2
    endloop
  endfacet
  facet normal 0 0 1
    outer loop
      vertex -3.42598 -1.38582 -2
      vertex -4 -0.5 -2
      vertex -3.56457 -1.43541 -2
    endloop
  endfacet
  facet normal 0 0 1
    outer loop
      vertex -4 0.5 -2
      vertex -3.85297 1.49278 -2
      vertex -4 1.5 -2
    endloop
  endfacet
  facet normal 0 0 1
    outer loop
      vertex -3.56457 -1.43541 -2
      vertex -4 -0.5 -2
      vertex -3.70737 -1.47118 -2
    endloop
  endfacet
  facet normal 0 0 1
    outer loop
      vertex -3.70737 -1.47118 -2
      vertex -4 -0.5 -2
      vertex -3.85297 -1.49278 -2
    endloop
  endfacet
  facet normal 0 0 1
    outer loop
      vertex -4 -0.5 -2
      vertex -4 -1.5 -2
      vertex -3.85297 -1.49278 -2
    endloop
  endfacet
  facet normal 0 0 1
    outer loop
      vertex -4 -0.5 -2
      vertex -4.14703 -1.49278 -2
      vertex -4 -1.5 -2
    endloop
  endfacet
  facet normal 0 0 1
    outer loop
      vertex -4 -0.5 -2
      vertex -4.29263 -1.47118 -2
      vertex -4.14703 -1.49278 -2
    endloop
  endfacet
  facet normal 0 0 1
    outer loop
      vertex -4 -0.5 -2
      vertex -4.43543 -1.43541 -2
      vertex -4.29263 -1.47118 -2
    endloop
  endfacet
  facet normal 0 0 1
    outer loop
      vertex -4 -0.5 -2
      vertex -4.57402 -1.38582 -2
      vertex -4.43543 -1.43541 -2
    endloop
  endfacet
  facet normal 0 0 1
    outer loop
      vertex -4 -0.5 -2
      vertex -4.70709 -1.32288 -2
      vertex -4.57402 -1.38582 -2
    endloop
  endfacet
  facet normal 0 0 1
    outer loop
      vertex -4 -0.5 -2
      vertex -4.83335 -1.2472 -2
      vertex -4.70709 -1.32288 -2
    endloop
  endfacet
  facet normal 0 0 1
    outer loop
      vertex -4 -0.5 -2
      vertex -4.95159 -1.15952 -2
      vertex -4.83335 -1.2472 -2
    endloop
  endfacet
  facet normal 0 0 1
    outer loop
      vertex -4 -0.5 -2
      vertex -5.06066 -1.06066 -2
      vertex -4.95159 -1.15952 -2
    endloop
  endfacet
  facet normal 0 0 1
    outer loop
      vertex -4 -0.5 -2
      vertex -5.15952 -0.95159 -2
      vertex -5.06066 -1.06066 -2
    endloop
  endfacet
  facet normal 0 0 1
    outer loop
      vertex -4 -0.5 -2
      vertex -5.2472 -0.833355 -2
      vertex -5.15952 -0.95159 -2
    endloop
  endfacet
  facet normal 0 0 1
    outer loop
      vertex -4 -0.5 -2
      vertex -5.32288 -0.707094 -2
      vertex -5.2472 -0.833355 -2
    endloop
  endfacet
  facet normal 0 0 1
    outer loop
      vertex -4 -0.5 -2
      vertex -5.38582 -0.574024 -2
      vertex -5.32288 -0.707094 -2
    endloop
  endfacet
  facet normal 0 -0 1
    outer loop
      vertex -5.38582 -0.574024 -2
      vertex -4 -0.5 -2
      vertex -5.41231 -0.5 -2
    endloop
  endfacet
  facet normal -0.803237 0.59566 0
    outer loop
      vertex -5.2472 0.833355 -8
      vertex -5.15952 0.95159 -2
      vertex -5.15952 0.95159 -8
    endloop
  endfacet
  facet normal -0.803237 0.59566 0
    outer loop
      vertex -5.15952 0.95159 -2
      vertex -5.2472 0.833355 -8
      vertex -5.2472 0.833355 -2
    endloop
  endfacet
  facet normal 0.740935 0.671577 0
    outer loop
      vertex -2.84048 0.95159 -2
      vertex -2.93934 1.06066 -8
      vertex -2.93934 1.06066 -2
    endloop
  endfacet
  facet normal 0.740935 0.671577 0
    outer loop
      vertex -2.93934 1.06066 -8
      vertex -2.84048 0.95159 -2
      vertex -2.84048 0.95159 -8
    endloop
  endfacet
  facet normal 0.514116 -0.857721 0
    outer loop
      vertex -3.29291 -1.32288 -8
      vertex -3.16665 -1.2472 -2
      vertex -3.29291 -1.32288 -2
    endloop
  endfacet
  facet normal 0.514116 -0.857721 0
    outer loop
      vertex -3.16665 -1.2472 -2
      vertex -3.29291 -1.32288 -8
      vertex -3.16665 -1.2472 -8
    endloop
  endfacet
  facet normal 0.146746 0.989174 -0
    outer loop
      vertex -3.70737 1.47118 -8
      vertex -3.85297 1.49278 -2
      vertex -3.70737 1.47118 -2
    endloop
  endfacet
  facet normal 0.146746 0.989174 0
    outer loop
      vertex -3.85297 1.49278 -2
      vertex -3.70737 1.47118 -8
      vertex -3.85297 1.49278 -8
    endloop
  endfacet
  facet normal -0.595643 0.803249 0
    outer loop
      vertex -4.83335 1.2472 -8
      vertex -4.95159 1.15952 -2
      vertex -4.83335 1.2472 -2
    endloop
  endfacet
  facet normal -0.595643 0.803249 0
    outer loop
      vertex -4.95159 1.15952 -2
      vertex -4.83335 1.2472 -8
      vertex -4.95159 1.15952 -8
    endloop
  endfacet
  facet normal 0.0490465 0.998796 -0
    outer loop
      vertex -3.85297 1.49278 -8
      vertex -4 1.5 -2
      vertex -3.85297 1.49278 -2
    endloop
  endfacet
  facet normal 0.0490465 0.998796 0
    outer loop
      vertex -4 1.5 -2
      vertex -3.85297 1.49278 -8
      vertex -4 1.5 -8
    endloop
  endfacet
  facet normal -0.595643 -0.803249 0
    outer loop
      vertex -4.95159 -1.15952 -8
      vertex -4.83335 -1.2472 -2
      vertex -4.95159 -1.15952 -2
    endloop
  endfacet
  facet normal -0.595643 -0.803249 -0
    outer loop
      vertex -4.83335 -1.2472 -2
      vertex -4.95159 -1.15952 -8
      vertex -4.83335 -1.2472 -8
    endloop
  endfacet
  facet normal 0.989176 -0.146736 0
    outer loop
      vertex -2.52882 -0.292635 -2
      vertex -2.50722 -0.147025 -8
      vertex -2.50722 -0.147025 -2
    endloop
  endfacet
  facet normal 0.989176 -0.146736 0
    outer loop
      vertex -2.50722 -0.147025 -8
      vertex -2.52882 -0.292635 -2
      vertex -2.52882 -0.292635 -8
    endloop
  endfacet
  facet normal 0.857722 -0.514113 0
    outer loop
      vertex -2.7528 -0.833355 -2
      vertex -2.67712 -0.707094 -8
      vertex -2.67712 -0.707094 -2
    endloop
  endfacet
  facet normal 0.857722 -0.514113 0
    outer loop
      vertex -2.67712 -0.707094 -8
      vertex -2.7528 -0.833355 -2
      vertex -2.7528 -0.833355 -8
    endloop
  endfacet
  facet normal 0.941546 0.336885 0
    outer loop
      vertex -2.56459 0.435427 -2
      vertex -2.61418 0.574024 -8
      vertex -2.61418 0.574024 -2
    endloop
  endfacet
  facet normal 0.941546 0.336885 0
    outer loop
      vertex -2.61418 0.574024 -8
      vertex -2.56459 0.435427 -2
      vertex -2.56459 0.435427 -8
    endloop
  endfacet
  facet normal 0.146746 -0.989174 0
    outer loop
      vertex -3.85297 -1.49278 -8
      vertex -3.70737 -1.47118 -2
      vertex -3.85297 -1.49278 -2
    endloop
  endfacet
  facet normal 0.146746 -0.989174 0
    outer loop
      vertex -3.70737 -1.47118 -2
      vertex -3.85297 -1.49278 -8
      vertex -3.70737 -1.47118 -8
    endloop
  endfacet
  facet normal -0.803237 -0.59566 0
    outer loop
      vertex -5.15952 -0.95159 -8
      vertex -5.2472 -0.833355 -2
      vertex -5.2472 -0.833355 -8
    endloop
  endfacet
  facet normal -0.803237 -0.59566 0
    outer loop
      vertex -5.2472 -0.833355 -2
      vertex -5.15952 -0.95159 -8
      vertex -5.15952 -0.95159 -2
    endloop
  endfacet
  facet normal 0.970027 0.242996 0
    outer loop
      vertex -2.52882 0.292635 -2
      vertex -2.56459 0.435427 -8
      vertex -2.56459 0.435427 -2
    endloop
  endfacet
  facet normal 0.970027 0.242996 0
    outer loop
      vertex -2.56459 0.435427 -8
      vertex -2.52882 0.292635 -2
      vertex -2.52882 0.292635 -8
    endloop
  endfacet
  facet normal 0.998796 0.0490482 0
    outer loop
      vertex -2.5 0 -2
      vertex -2.50722 0.147025 -8
      vertex -2.50722 0.147025 -2
    endloop
  endfacet
  facet normal 0.998796 0.0490482 0
    outer loop
      vertex -2.50722 0.147025 -8
      vertex -2.5 0 -2
      vertex -2.5 0 -8
    endloop
  endfacet
  facet normal -0.514116 -0.857721 0
    outer loop
      vertex -4.83335 -1.2472 -8
      vertex -4.70709 -1.32288 -2
      vertex -4.83335 -1.2472 -2
    endloop
  endfacet
  facet normal -0.514116 -0.857721 -0
    outer loop
      vertex -4.70709 -1.32288 -2
      vertex -4.83335 -1.2472 -8
      vertex -4.70709 -1.32288 -8
    endloop
  endfacet
  facet normal -0.903983 0.427569 0
    outer loop
      vertex -5.38582 0.574024 -8
      vertex -5.32288 0.707094 -2
      vertex -5.32288 0.707094 -8
    endloop
  endfacet
  facet normal -0.903983 0.427569 0
    outer loop
      vertex -5.32288 0.707094 -2
      vertex -5.38582 0.574024 -8
      vertex -5.38582 0.574024 -2
    endloop
  endfacet
  facet normal -0.857722 -0.514113 0
    outer loop
      vertex -5.2472 -0.833355 -8
      vertex -5.32288 -0.707094 -2
      vertex -5.32288 -0.707094 -8
    endloop
  endfacet
  facet normal -0.857722 -0.514113 0
    outer loop
      vertex -5.32288 -0.707094 -2
      vertex -5.2472 -0.833355 -8
      vertex -5.2472 -0.833355 -2
    endloop
  endfacet
  facet normal -0.740935 -0.671577 0
    outer loop
      vertex -5.06066 -1.06066 -8
      vertex -5.15952 -0.95159 -2
      vertex -5.15952 -0.95159 -8
    endloop
  endfacet
  facet normal -0.740935 -0.671577 0
    outer loop
      vertex -5.15952 -0.95159 -2
      vertex -5.06066 -1.06066 -8
      vertex -5.06066 -1.06066 -2
    endloop
  endfacet
  facet normal 0.0490465 -0.998796 0
    outer loop
      vertex -4 -1.5 -8
      vertex -3.85297 -1.49278 -2
      vertex -4 -1.5 -2
    endloop
  endfacet
  facet normal 0.0490465 -0.998796 0
    outer loop
      vertex -3.85297 -1.49278 -2
      vertex -4 -1.5 -8
      vertex -3.85297 -1.49278 -8
    endloop
  endfacet
  facet normal 0.740935 -0.671577 0
    outer loop
      vertex -2.93934 -1.06066 -2
      vertex -2.84048 -0.95159 -8
      vertex -2.84048 -0.95159 -2
    endloop
  endfacet
  facet normal 0.740935 -0.671577 0
    outer loop
      vertex -2.84048 -0.95159 -8
      vertex -2.93934 -1.06066 -2
      vertex -2.93934 -1.06066 -8
    endloop
  endfacet
  facet normal 0.671577 0.740935 -0
    outer loop
      vertex -2.93934 1.06066 -8
      vertex -3.04841 1.15952 -2
      vertex -2.93934 1.06066 -2
    endloop
  endfacet
  facet normal 0.671577 0.740935 0
    outer loop
      vertex -3.04841 1.15952 -2
      vertex -2.93934 1.06066 -8
      vertex -3.04841 1.15952 -8
    endloop
  endfacet
  facet normal -0.0490465 0.998796 0
    outer loop
      vertex -4 1.5 -8
      vertex -4.14703 1.49278 -2
      vertex -4 1.5 -2
    endloop
  endfacet
  facet normal -0.0490465 0.998796 0
    outer loop
      vertex -4.14703 1.49278 -2
      vertex -4 1.5 -8
      vertex -4.14703 1.49278 -8
    endloop
  endfacet
  facet normal -0.941529 -0.336933 0
    outer loop
      vertex -5.38582 -0.574024 -8
      vertex -5.41231 -0.5 -2
      vertex -5.41231 -0.5 -8
    endloop
  endfacet
  facet normal -0.941529 -0.336933 0
    outer loop
      vertex -5.41231 -0.5 -2
      vertex -5.38582 -0.574024 -8
      vertex -5.38582 -0.574024 -2
    endloop
  endfacet
  facet normal -0.857722 0.514113 0
    outer loop
      vertex -5.32288 0.707094 -8
      vertex -5.2472 0.833355 -2
      vertex -5.2472 0.833355 -8
    endloop
  endfacet
  facet normal -0.857722 0.514113 0
    outer loop
      vertex -5.2472 0.833355 -2
      vertex -5.32288 0.707094 -8
      vertex -5.32288 0.707094 -2
    endloop
  endfacet
  facet normal 0.242983 -0.970031 0
    outer loop
      vertex -3.70737 -1.47118 -8
      vertex -3.56457 -1.43541 -2
      vertex -3.70737 -1.47118 -2
    endloop
  endfacet
  facet normal 0.242983 -0.970031 0
    outer loop
      vertex -3.56457 -1.43541 -2
      vertex -3.70737 -1.47118 -8
      vertex -3.56457 -1.43541 -8
    endloop
  endfacet
  facet normal -0.941529 0.336933 0
    outer loop
      vertex -5.41231 0.5 -8
      vertex -5.38582 0.574024 -2
      vertex -5.38582 0.574024 -8
    endloop
  endfacet
  facet normal -0.941529 0.336933 0
    outer loop
      vertex -5.38582 0.574024 -2
      vertex -5.41231 0.5 -8
      vertex -5.41231 0.5 -2
    endloop
  endfacet
  facet normal -0.3369 0.94154 0
    outer loop
      vertex -4.43543 1.43541 -8
      vertex -4.57402 1.38582 -2
      vertex -4.43543 1.43541 -2
    endloop
  endfacet
  facet normal -0.3369 0.94154 0
    outer loop
      vertex -4.57402 1.38582 -2
      vertex -4.43543 1.43541 -8
      vertex -4.57402 1.38582 -8
    endloop
  endfacet
  facet normal 0.427569 -0.903983 0
    outer loop
      vertex -3.42598 -1.38582 -8
      vertex -3.29291 -1.32288 -2
      vertex -3.42598 -1.38582 -2
    endloop
  endfacet
  facet normal 0.427569 -0.903983 0
    outer loop
      vertex -3.29291 -1.32288 -2
      vertex -3.42598 -1.38582 -8
      vertex -3.29291 -1.32288 -8
    endloop
  endfacet
  facet normal -0.903983 -0.427569 0
    outer loop
      vertex -5.32288 -0.707094 -8
      vertex -5.38582 -0.574024 -2
      vertex -5.38582 -0.574024 -8
    endloop
  endfacet
  facet normal -0.903983 -0.427569 0
    outer loop
      vertex -5.38582 -0.574024 -2
      vertex -5.32288 -0.707094 -8
      vertex -5.32288 -0.707094 -2
    endloop
  endfacet
  facet normal 0.671577 -0.740935 0
    outer loop
      vertex -3.04841 -1.15952 -8
      vertex -2.93934 -1.06066 -2
      vertex -3.04841 -1.15952 -2
    endloop
  endfacet
  facet normal 0.671577 -0.740935 0
    outer loop
      vertex -2.93934 -1.06066 -2
      vertex -3.04841 -1.15952 -8
      vertex -2.93934 -1.06066 -8
    endloop
  endfacet
  facet normal -0.3369 -0.94154 0
    outer loop
      vertex -4.57402 -1.38582 -8
      vertex -4.43543 -1.43541 -2
      vertex -4.57402 -1.38582 -2
    endloop
  endfacet
  facet normal -0.3369 -0.94154 -0
    outer loop
      vertex -4.43543 -1.43541 -2
      vertex -4.57402 -1.38582 -8
      vertex -4.43543 -1.43541 -8
    endloop
  endfacet
  facet normal 0.3369 -0.94154 0
    outer loop
      vertex -3.56457 -1.43541 -8
      vertex -3.42598 -1.38582 -2
      vertex -3.56457 -1.43541 -2
    endloop
  endfacet
  facet normal 0.3369 -0.94154 0
    outer loop
      vertex -3.42598 -1.38582 -2
      vertex -3.56457 -1.43541 -8
      vertex -3.42598 -1.38582 -8
    endloop
  endfacet
  facet normal 0.857722 0.514113 0
    outer loop
      vertex -2.67712 0.707094 -2
      vertex -2.7528 0.833355 -8
      vertex -2.7528 0.833355 -2
    endloop
  endfacet
  facet normal 0.857722 0.514113 0
    outer loop
      vertex -2.7528 0.833355 -8
      vertex -2.67712 0.707094 -2
      vertex -2.67712 0.707094 -8
    endloop
  endfacet
  facet normal 0.514116 0.857721 -0
    outer loop
      vertex -3.16665 1.2472 -8
      vertex -3.29291 1.32288 -2
      vertex -3.16665 1.2472 -2
    endloop
  endfacet
  facet normal 0.514116 0.857721 0
    outer loop
      vertex -3.29291 1.32288 -2
      vertex -3.16665 1.2472 -8
      vertex -3.29291 1.32288 -8
    endloop
  endfacet
  facet normal -0.671577 -0.740935 0
    outer loop
      vertex -5.06066 -1.06066 -8
      vertex -4.95159 -1.15952 -2
      vertex -5.06066 -1.06066 -2
    endloop
  endfacet
  facet normal -0.671577 -0.740935 -0
    outer loop
      vertex -4.95159 -1.15952 -2
      vertex -5.06066 -1.06066 -8
      vertex -4.95159 -1.15952 -8
    endloop
  endfacet
  facet normal 0.595643 0.803249 -0
    outer loop
      vertex -3.04841 1.15952 -8
      vertex -3.16665 1.2472 -2
      vertex -3.04841 1.15952 -2
    endloop
  endfacet
  facet normal 0.595643 0.803249 0
    outer loop
      vertex -3.16665 1.2472 -2
      vertex -3.04841 1.15952 -8
      vertex -3.16665 1.2472 -8
    endloop
  endfacet
  facet normal 0.427569 0.903983 -0
    outer loop
      vertex -3.29291 1.32288 -8
      vertex -3.42598 1.38582 -2
      vertex -3.29291 1.32288 -2
    endloop
  endfacet
  facet normal 0.427569 0.903983 0
    outer loop
      vertex -3.42598 1.38582 -2
      vertex -3.29291 1.32288 -8
      vertex -3.42598 1.38582 -8
    endloop
  endfacet
  facet normal 0.803237 0.59566 0
    outer loop
      vertex -2.7528 0.833355 -2
      vertex -2.84048 0.95159 -8
      vertex -2.84048 0.95159 -2
    endloop
  endfacet
  facet normal 0.803237 0.59566 0
    outer loop
      vertex -2.84048 0.95159 -8
      vertex -2.7528 0.833355 -2
      vertex -2.7528 0.833355 -8
    endloop
  endfacet
  facet normal 0.242983 0.970031 -0
    outer loop
      vertex -3.56457 1.43541 -8
      vertex -3.70737 1.47118 -2
      vertex -3.56457 1.43541 -2
    endloop
  endfacet
  facet normal 0.242983 0.970031 0
    outer loop
      vertex -3.70737 1.47118 -2
      vertex -3.56457 1.43541 -8
      vertex -3.70737 1.47118 -8
    endloop
  endfacet
  facet normal 0.3369 0.94154 -0
    outer loop
      vertex -3.42598 1.38582 -8
      vertex -3.56457 1.43541 -2
      vertex -3.42598 1.38582 -2
    endloop
  endfacet
  facet normal 0.3369 0.94154 0
    outer loop
      vertex -3.56457 1.43541 -2
      vertex -3.42598 1.38582 -8
      vertex -3.56457 1.43541 -8
    endloop
  endfacet
  facet normal 0.989176 0.146736 0
    outer loop
      vertex -2.50722 0.147025 -2
      vertex -2.52882 0.292635 -8
      vertex -2.52882 0.292635 -2
    endloop
  endfacet
  facet normal 0.989176 0.146736 0
    outer loop
      vertex -2.52882 0.292635 -8
      vertex -2.50722 0.147025 -2
      vertex -2.50722 0.147025 -8
    endloop
  endfacet
  facet normal 0.903983 0.427569 0
    outer loop
      vertex -2.61418 0.574024 -2
      vertex -2.67712 0.707094 -8
      vertex -2.67712 0.707094 -2
    endloop
  endfacet
  facet normal 0.903983 0.427569 0
    outer loop
      vertex -2.67712 0.707094 -8
      vertex -2.61418 0.574024 -2
      vertex -2.61418 0.574024 -8
    endloop
  endfacet
  facet normal 0.941546 -0.336885 0
    outer loop
      vertex -2.61418 -0.574024 -2
      vertex -2.56459 -0.435427 -8
      vertex -2.56459 -0.435427 -2
    endloop
  endfacet
  facet normal 0.941546 -0.336885 0
    outer loop
      vertex -2.56459 -0.435427 -8
      vertex -2.61418 -0.574024 -2
      vertex -2.61418 -0.574024 -8
    endloop
  endfacet
  facet normal 0.803237 -0.59566 0
    outer loop
      vertex -2.84048 -0.95159 -2
      vertex -2.7528 -0.833355 -8
      vertex -2.7528 -0.833355 -2
    endloop
  endfacet
  facet normal 0.803237 -0.59566 0
    outer loop
      vertex -2.7528 -0.833355 -8
      vertex -2.84048 -0.95159 -2
      vertex -2.84048 -0.95159 -8
    endloop
  endfacet
  facet normal 0.998796 -0.0490482 0
    outer loop
      vertex -2.50722 -0.147025 -2
      vertex -2.5 0 -8
      vertex -2.5 0 -2
    endloop
  endfacet
  facet normal 0.998796 -0.0490482 0
    outer loop
      vertex -2.5 0 -8
      vertex -2.50722 -0.147025 -2
      vertex -2.50722 -0.147025 -8
    endloop
  endfacet
  facet normal -0.740935 0.671577 0
    outer loop
      vertex -5.15952 0.95159 -8
      vertex -5.06066 1.06066 -2
      vertex -5.06066 1.06066 -8
    endloop
  endfacet
  facet normal -0.740935 0.671577 0
    outer loop
      vertex -5.06066 1.06066 -2
      vertex -5.15952 0.95159 -8
      vertex -5.15952 0.95159 -2
    endloop
  endfacet
  facet normal -0.671577 0.740935 0
    outer loop
      vertex -4.95159 1.15952 -8
      vertex -5.06066 1.06066 -2
      vertex -4.95159 1.15952 -2
    endloop
  endfacet
  facet normal -0.671577 0.740935 0
    outer loop
      vertex -5.06066 1.06066 -2
      vertex -4.95159 1.15952 -8
      vertex -5.06066 1.06066 -8
    endloop
  endfacet
  facet normal 0 0 -1
    outer loop
      vertex -4.14703 -1.49278 -8
      vertex -4 -0.5 -8
      vertex -4 -1.5 -8
    endloop
  endfacet
  facet normal 0 0 -1
    outer loop
      vertex -4.29263 -1.47118 -8
      vertex -4 -0.5 -8
      vertex -4.14703 -1.49278 -8
    endloop
  endfacet
  facet normal 0 0 -1
    outer loop
      vertex -4.43543 -1.43541 -8
      vertex -4 -0.5 -8
      vertex -4.29263 -1.47118 -8
    endloop
  endfacet
  facet normal 0 0 -1
    outer loop
      vertex -4.57402 -1.38582 -8
      vertex -4 -0.5 -8
      vertex -4.43543 -1.43541 -8
    endloop
  endfacet
  facet normal 0 0 -1
    outer loop
      vertex -4.70709 -1.32288 -8
      vertex -4 -0.5 -8
      vertex -4.57402 -1.38582 -8
    endloop
  endfacet
  facet normal 0 0 -1
    outer loop
      vertex -4.83335 -1.2472 -8
      vertex -4 -0.5 -8
      vertex -4.70709 -1.32288 -8
    endloop
  endfacet
  facet normal 0 0 -1
    outer loop
      vertex -4.95159 -1.15952 -8
      vertex -4 -0.5 -8
      vertex -4.83335 -1.2472 -8
    endloop
  endfacet
  facet normal 0 0 -1
    outer loop
      vertex -5.06066 -1.06066 -8
      vertex -4 -0.5 -8
      vertex -4.95159 -1.15952 -8
    endloop
  endfacet
  facet normal 0 0 -1
    outer loop
      vertex -5.15952 -0.95159 -8
      vertex -4 -0.5 -8
      vertex -5.06066 -1.06066 -8
    endloop
  endfacet
  facet normal 0 0 -1
    outer loop
      vertex -5.2472 -0.833355 -8
      vertex -4 -0.5 -8
      vertex -5.15952 -0.95159 -8
    endloop
  endfacet
  facet normal 0 0 -1
    outer loop
      vertex -5.32288 -0.707094 -8
      vertex -4 -0.5 -8
      vertex -5.2472 -0.833355 -8
    endloop
  endfacet
  facet normal 0 0 -1
    outer loop
      vertex -5.38582 -0.574024 -8
      vertex -4 -0.5 -8
      vertex -5.32288 -0.707094 -8
    endloop
  endfacet
  facet normal -0 0 -1
    outer loop
      vertex -4 -0.5 -8
      vertex -5.38582 -0.574024 -8
      vertex -5.41231 -0.5 -8
    endloop
  endfacet
  facet normal 0 0 -1
    outer loop
      vertex -4 -0.5 -8
      vertex -2.5 0 -8
      vertex -2.50722 -0.147025 -8
    endloop
  endfacet
  facet normal 0 0 -1
    outer loop
      vertex -4 -0.5 -8
      vertex -2.50722 -0.147025 -8
      vertex -2.52882 -0.292635 -8
    endloop
  endfacet
  facet normal 0 0 -1
    outer loop
      vertex -4 0.5 -8
      vertex -2.5 0 -8
      vertex -4 -0.5 -8
    endloop
  endfacet
  facet normal 0 0 -1
    outer loop
      vertex -4 -0.5 -8
      vertex -2.52882 -0.292635 -8
      vertex -2.56459 -0.435427 -8
    endloop
  endfacet
  facet normal 0 0 -1
    outer loop
      vertex -2.5 0 -8
      vertex -4 0.5 -8
      vertex -2.50722 0.147025 -8
    endloop
  endfacet
  facet normal 0 0 -1
    outer loop
      vertex -4 -0.5 -8
      vertex -2.56459 -0.435427 -8
      vertex -2.61418 -0.574024 -8
    endloop
  endfacet
  facet normal 0 0 -1
    outer loop
      vertex -2.50722 0.147025 -8
      vertex -4 0.5 -8
      vertex -2.52882 0.292635 -8
    endloop
  endfacet
  facet normal 0 0 -1
    outer loop
      vertex -4 -0.5 -8
      vertex -2.61418 -0.574024 -8
      vertex -2.67712 -0.707094 -8
    endloop
  endfacet
  facet normal 0 0 -1
    outer loop
      vertex -2.52882 0.292635 -8
      vertex -4 0.5 -8
      vertex -2.56459 0.435427 -8
    endloop
  endfacet
  facet normal 0 0 -1
    outer loop
      vertex -4 -0.5 -8
      vertex -2.67712 -0.707094 -8
      vertex -2.7528 -0.833355 -8
    endloop
  endfacet
  facet normal 0 0 -1
    outer loop
      vertex -2.56459 0.435427 -8
      vertex -4 0.5 -8
      vertex -2.61418 0.574024 -8
    endloop
  endfacet
  facet normal 0 0 -1
    outer loop
      vertex -4 -0.5 -8
      vertex -2.7528 -0.833355 -8
      vertex -2.84048 -0.95159 -8
    endloop
  endfacet
  facet normal -0 0 -1
    outer loop
      vertex -2.61418 0.574024 -8
      vertex -4 0.5 -8
      vertex -2.67712 0.707094 -8
    endloop
  endfacet
  facet normal 0 0 -1
    outer loop
      vertex -4 -0.5 -8
      vertex -2.84048 -0.95159 -8
      vertex -2.93934 -1.06066 -8
    endloop
  endfacet
  facet normal -0 0 -1
    outer loop
      vertex -2.67712 0.707094 -8
      vertex -4 0.5 -8
      vertex -2.7528 0.833355 -8
    endloop
  endfacet
  facet normal 0 0 -1
    outer loop
      vertex -4 -0.5 -8
      vertex -2.93934 -1.06066 -8
      vertex -3.04841 -1.15952 -8
    endloop
  endfacet
  facet normal -0 0 -1
    outer loop
      vertex -2.7528 0.833355 -8
      vertex -4 0.5 -8
      vertex -2.84048 0.95159 -8
    endloop
  endfacet
  facet normal 0 0 -1
    outer loop
      vertex -4 -0.5 -8
      vertex -3.04841 -1.15952 -8
      vertex -3.16665 -1.2472 -8
    endloop
  endfacet
  facet normal -0 0 -1
    outer loop
      vertex -2.84048 0.95159 -8
      vertex -4 0.5 -8
      vertex -2.93934 1.06066 -8
    endloop
  endfacet
  facet normal 0 0 -1
    outer loop
      vertex -4 -0.5 -8
      vertex -3.16665 -1.2472 -8
      vertex -3.29291 -1.32288 -8
    endloop
  endfacet
  facet normal -0 0 -1
    outer loop
      vertex -2.93934 1.06066 -8
      vertex -4 0.5 -8
      vertex -3.04841 1.15952 -8
    endloop
  endfacet
  facet normal 0 0 -1
    outer loop
      vertex -4 -0.5 -8
      vertex -3.29291 -1.32288 -8
      vertex -3.42598 -1.38582 -8
    endloop
  endfacet
  facet normal -0 0 -1
    outer loop
      vertex -3.04841 1.15952 -8
      vertex -4 0.5 -8
      vertex -3.16665 1.2472 -8
    endloop
  endfacet
  facet normal 0 0 -1
    outer loop
      vertex -4 -0.5 -8
      vertex -3.42598 -1.38582 -8
      vertex -3.56457 -1.43541 -8
    endloop
  endfacet
  facet normal -0 0 -1
    outer loop
      vertex -3.16665 1.2472 -8
      vertex -4 0.5 -8
      vertex -3.29291 1.32288 -8
    endloop
  endfacet
  facet normal 0 0 -1
    outer loop
      vertex -4 -0.5 -8
      vertex -3.56457 -1.43541 -8
      vertex -3.70737 -1.47118 -8
    endloop
  endfacet
  facet normal -0 0 -1
    outer loop
      vertex -3.29291 1.32288 -8
      vertex -4 0.5 -8
      vertex -3.42598 1.38582 -8
    endloop
  endfacet
  facet normal 0 0 -1
    outer loop
      vertex -4 -0.5 -8
      vertex -3.70737 -1.47118 -8
      vertex -3.85297 -1.49278 -8
    endloop
  endfacet
  facet normal -0 0 -1
    outer loop
      vertex -3.42598 1.38582 -8
      vertex -4 0.5 -8
      vertex -3.56457 1.43541 -8
    endloop
  endfacet
  facet normal 0 0 -1
    outer loop
      vertex -4 -0.5 -8
      vertex -3.85297 -1.49278 -8
      vertex -4 -1.5 -8
    endloop
  endfacet
  facet normal -0 0 -1
    outer loop
      vertex -3.56457 1.43541 -8
      vertex -4 0.5 -8
      vertex -3.70737 1.47118 -8
    endloop
  endfacet
  facet normal -0 0 -1
    outer loop
      vertex -3.70737 1.47118 -8
      vertex -4 0.5 -8
      vertex -3.85297 1.49278 -8
    endloop
  endfacet
  facet normal 0 0 -1
    outer loop
      vertex -4 0.5 -8
      vertex -4 1.5 -8
      vertex -3.85297 1.49278 -8
    endloop
  endfacet
  facet normal 0 0 -1
    outer loop
      vertex -4 0.5 -8
      vertex -4.14703 1.49278 -8
      vertex -4 1.5 -8
    endloop
  endfacet
  facet normal 0 0 -1
    outer loop
      vertex -4 0.5 -8
      vertex -4.29263 1.47118 -8
      vertex -4.14703 1.49278 -8
    endloop
  endfacet
  facet normal 0 0 -1
    outer loop
      vertex -4 0.5 -8
      vertex -4.43543 1.43541 -8
      vertex -4.29263 1.47118 -8
    endloop
  endfacet
  facet normal 0 0 -1
    outer loop
      vertex -4 0.5 -8
      vertex -4.57402 1.38582 -8
      vertex -4.43543 1.43541 -8
    endloop
  endfacet
  facet normal 0 0 -1
    outer loop
      vertex -4 0.5 -8
      vertex -4.70709 1.32288 -8
      vertex -4.57402 1.38582 -8
    endloop
  endfacet
  facet normal 0 0 -1
    outer loop
      vertex -4 0.5 -8
      vertex -4.83335 1.2472 -8
      vertex -4.70709 1.32288 -8
    endloop
  endfacet
  facet normal 0 0 -1
    outer loop
      vertex -4 0.5 -8
      vertex -4.95159 1.15952 -8
      vertex -4.83335 1.2472 -8
    endloop
  endfacet
  facet normal 0 0 -1
    outer loop
      vertex -4 0.5 -8
      vertex -5.06066 1.06066 -8
      vertex -4.95159 1.15952 -8
    endloop
  endfacet
  facet normal 0 0 -1
    outer loop
      vertex -4 0.5 -8
      vertex -5.15952 0.95159 -8
      vertex -5.06066 1.06066 -8
    endloop
  endfacet
  facet normal 0 0 -1
    outer loop
      vertex -4 0.5 -8
      vertex -5.2472 0.833355 -8
      vertex -5.15952 0.95159 -8
    endloop
  endfacet
  facet normal 0 0 -1
    outer loop
      vertex -4 0.5 -8
      vertex -5.32288 0.707094 -8
      vertex -5.2472 0.833355 -8
    endloop
  endfacet
  facet normal 0 0 -1
    outer loop
      vertex -4 0.5 -8
      vertex -5.38582 0.574024 -8
      vertex -5.32288 0.707094 -8
    endloop
  endfacet
  facet normal 0 -0 -1
    outer loop
      vertex -5.38582 0.574024 -8
      vertex -4 0.5 -8
      vertex -5.41231 0.5 -8
    endloop
  endfacet
  facet normal -1 0 0
    outer loop
      vertex -4 -0.5 -8
      vertex -4 0.5 -2
      vertex -4 0.5 -8
    endloop
  endfacet
  facet normal -1 -0 0
    outer loop
      vertex -4 0.5 -2
      vertex -4 -0.5 -8
      vertex -4 -0.5 -2
    endloop
  endfacet
  facet normal 0 1 -0
    outer loop
      vertex -4 -0.5 -8
      vertex -5.41231 -0.5 -2
      vertex -4 -0.5 -2
    endloop
  endfacet
  facet normal 0 1 0
    outer loop
      vertex -5.41231 -0.5 -2
      vertex -4 -0.5 -8
      vertex -5.41231 -0.5 -8
    endloop
  endfacet
  facet normal 0 -1 0
    outer loop
      vertex -5.41231 0.5 -8
      vertex -4 0.5 -2
      vertex -5.41231 0.5 -2
    endloop
  endfacet
  facet normal 0 -1 -0
    outer loop
      vertex -4 0.5 -2
      vertex -5.41231 0.5 -8
      vertex -4 0.5 -8
    endloop
  endfacet
  facet normal -0.903983 -0.427569 0
    outer loop
      vertex -1.32288 -4.70709 -8
      vertex -1.38582 -4.57402 -2
      vertex -1.38582 -4.57402 -8
    endloop
  endfacet
  facet normal -0.903983 -0.427569 0
    outer loop
      vertex -1.38582 -4.57402 -2
      vertex -1.32288 -4.70709 -8
      vertex -1.32288 -4.70709 -2
    endloop
  endfacet
  facet normal 0.803249 0.595643 0
    outer loop
      vertex 1.2472 -3.16665 -2
      vertex 1.15952 -3.04841 -8
      vertex 1.15952 -3.04841 -2
    endloop
  endfacet
  facet normal 0.803249 0.595643 0
    outer loop
      vertex 1.15952 -3.04841 -8
      vertex 1.2472 -3.16665 -2
      vertex 1.2472 -3.16665 -8
    endloop
  endfacet
  facet normal 0.970031 -0.242983 0
    outer loop
      vertex 1.43541 -4.43543 -2
      vertex 1.47118 -4.29263 -8
      vertex 1.47118 -4.29263 -2
    endloop
  endfacet
  facet normal 0.970031 -0.242983 0
    outer loop
      vertex 1.47118 -4.29263 -8
      vertex 1.43541 -4.43543 -2
      vertex 1.43541 -4.43543 -8
    endloop
  endfacet
  facet normal 0.427569 0.903983 -0
    outer loop
      vertex 0.707094 -2.67712 -8
      vertex 0.574024 -2.61418 -2
      vertex 0.707094 -2.67712 -2
    endloop
  endfacet
  facet normal 0.427569 0.903983 0
    outer loop
      vertex 0.574024 -2.61418 -2
      vertex 0.707094 -2.67712 -8
      vertex 0.574024 -2.61418 -8
    endloop
  endfacet
  facet normal 0.242996 0.970027 -0
    outer loop
      vertex 0.435427 -2.56459 -8
      vertex 0.292635 -2.52882 -2
      vertex 0.435427 -2.56459 -2
    endloop
  endfacet
  facet normal 0.242996 0.970027 0
    outer loop
      vertex 0.292635 -2.52882 -2
      vertex 0.435427 -2.56459 -8
      vertex 0.292635 -2.52882 -8
    endloop
  endfacet
  facet normal -0.857721 -0.514116 0
    outer loop
      vertex -1.2472 -4.83335 -8
      vertex -1.32288 -4.70709 -2
      vertex -1.32288 -4.70709 -8
    endloop
  endfacet
  facet normal -0.857721 -0.514116 0
    outer loop
      vertex -1.32288 -4.70709 -2
      vertex -1.2472 -4.83335 -8
      vertex -1.2472 -4.83335 -2
    endloop
  endfacet
  facet normal -0.970031 -0.242983 0
    outer loop
      vertex -1.43541 -4.43543 -8
      vertex -1.47118 -4.29263 -2
      vertex -1.47118 -4.29263 -8
    endloop
  endfacet
  facet normal -0.970031 -0.242983 0
    outer loop
      vertex -1.47118 -4.29263 -2
      vertex -1.43541 -4.43543 -8
      vertex -1.43541 -4.43543 -2
    endloop
  endfacet
  facet normal 0.998796 -0.0490465 0
    outer loop
      vertex 1.49278 -4.14703 -2
      vertex 1.5 -4 -8
      vertex 1.5 -4 -2
    endloop
  endfacet
  facet normal 0.998796 -0.0490465 0
    outer loop
      vertex 1.5 -4 -8
      vertex 1.49278 -4.14703 -2
      vertex 1.49278 -4.14703 -8
    endloop
  endfacet
  facet normal 0.989174 -0.146746 0
    outer loop
      vertex 1.47118 -4.29263 -2
      vertex 1.49278 -4.14703 -8
      vertex 1.49278 -4.14703 -2
    endloop
  endfacet
  facet normal 0.989174 -0.146746 0
    outer loop
      vertex 1.49278 -4.14703 -8
      vertex 1.47118 -4.29263 -2
      vertex 1.47118 -4.29263 -8
    endloop
  endfacet
  facet normal 0.903983 -0.427569 0
    outer loop
      vertex 1.32288 -4.70709 -2
      vertex 1.38582 -4.57402 -8
      vertex 1.38582 -4.57402 -2
    endloop
  endfacet
  facet normal 0.903983 -0.427569 0
    outer loop
      vertex 1.38582 -4.57402 -8
      vertex 1.32288 -4.70709 -2
      vertex 1.32288 -4.70709 -8
    endloop
  endfacet
  facet normal -0.989174 -0.146746 0
    outer loop
      vertex -1.47118 -4.29263 -8
      vertex -1.49278 -4.14703 -2
      vertex -1.49278 -4.14703 -8
    endloop
  endfacet
  facet normal -0.989174 -0.146746 0
    outer loop
      vertex -1.49278 -4.14703 -2
      vertex -1.47118 -4.29263 -8
      vertex -1.47118 -4.29263 -2
    endloop
  endfacet
  facet normal 0 0 1
    outer loop
      vertex 0.5 -4 -2
      vertex 1.5 -4 -2
      vertex 1.49278 -3.85297 -2
    endloop
  endfacet
  facet normal 0 0 1
    outer loop
      vertex 0.5 -4 -2
      vertex 1.49278 -3.85297 -2
      vertex 1.47118 -3.70737 -2
    endloop
  endfacet
  facet normal 0 0 1
    outer loop
      vertex 1.5 -4 -2
      vertex 0.5 -4 -2
      vertex 1.49278 -4.14703 -2
    endloop
  endfacet
  facet normal 0 0 1
    outer loop
      vertex 0.5 -4 -2
      vertex 1.47118 -3.70737 -2
      vertex 1.43541 -3.56457 -2
    endloop
  endfacet
  facet normal 0 0 1
    outer loop
      vertex 1.49278 -4.14703 -2
      vertex 0.5 -4 -2
      vertex 1.47118 -4.29263 -2
    endloop
  endfacet
  facet normal 0 0 1
    outer loop
      vertex 0.5 -4 -2
      vertex 1.43541 -3.56457 -2
      vertex 1.38582 -3.42598 -2
    endloop
  endfacet
  facet normal 0 0 1
    outer loop
      vertex 1.47118 -4.29263 -2
      vertex 0.5 -4 -2
      vertex 1.43541 -4.43543 -2
    endloop
  endfacet
  facet normal 0 0 1
    outer loop
      vertex 0.5 -4 -2
      vertex 1.38582 -3.42598 -2
      vertex 1.32288 -3.29291 -2
    endloop
  endfacet
  facet normal 0 0 1
    outer loop
      vertex 1.43541 -4.43543 -2
      vertex 0.5 -4 -2
      vertex 1.38582 -4.57402 -2
    endloop
  endfacet
  facet normal 0 0 1
    outer loop
      vertex 0.5 -4 -2
      vertex 1.32288 -3.29291 -2
      vertex 1.2472 -3.16665 -2
    endloop
  endfacet
  facet normal 0 0 1
    outer loop
      vertex 1.38582 -4.57402 -2
      vertex 0.5 -4 -2
      vertex 1.32288 -4.70709 -2
    endloop
  endfacet
  facet normal 0 0 1
    outer loop
      vertex 0.5 -4 -2
      vertex 1.2472 -3.16665 -2
      vertex 1.15952 -3.04841 -2
    endloop
  endfacet
  facet normal 0 0 1
    outer loop
      vertex 1.32288 -4.70709 -2
      vertex 0.5 -4 -2
      vertex 1.2472 -4.83335 -2
    endloop
  endfacet
  facet normal 0 0 1
    outer loop
      vertex 0.5 -4 -2
      vertex 1.15952 -3.04841 -2
      vertex 1.06066 -2.93934 -2
    endloop
  endfacet
  facet normal 0 0 1
    outer loop
      vertex 1.2472 -4.83335 -2
      vertex 0.5 -4 -2
      vertex 1.15952 -4.95159 -2
    endloop
  endfacet
  facet normal 0 0 1
    outer loop
      vertex 0.5 -4 -2
      vertex 1.06066 -2.93934 -2
      vertex 0.95159 -2.84048 -2
    endloop
  endfacet
  facet normal 0 0 1
    outer loop
      vertex 1.15952 -4.95159 -2
      vertex 0.5 -4 -2
      vertex 1.06066 -5.06066 -2
    endloop
  endfacet
  facet normal 0 0 1
    outer loop
      vertex 0.5 -4 -2
      vertex 0.95159 -2.84048 -2
      vertex 0.833355 -2.7528 -2
    endloop
  endfacet
  facet normal 0 0 1
    outer loop
      vertex 1.06066 -5.06066 -2
      vertex 0.5 -4 -2
      vertex 0.95159 -5.15952 -2
    endloop
  endfacet
  facet normal 0 0 1
    outer loop
      vertex 0.5 -4 -2
      vertex 0.833355 -2.7528 -2
      vertex 0.707094 -2.67712 -2
    endloop
  endfacet
  facet normal 0 0 1
    outer loop
      vertex 0.95159 -5.15952 -2
      vertex 0.5 -4 -2
      vertex 0.833355 -5.2472 -2
    endloop
  endfacet
  facet normal 0 0 1
    outer loop
      vertex 0.5 -4 -2
      vertex 0.707094 -2.67712 -2
      vertex 0.574024 -2.61418 -2
    endloop
  endfacet
  facet normal 0 0 1
    outer loop
      vertex 0.833355 -5.2472 -2
      vertex 0.5 -4 -2
      vertex 0.707094 -5.32288 -2
    endloop
  endfacet
  facet normal 0 0 1
    outer loop
      vertex 0.707094 -5.32288 -2
      vertex 0.5 -4 -2
      vertex 0.574024 -5.38582 -2
    endloop
  endfacet
  facet normal 0 0 1
    outer loop
      vertex 0.435427 -2.56459 -2
      vertex 0.5 -4 -2
      vertex 0.574024 -2.61418 -2
    endloop
  endfacet
  facet normal 0 0 1
    outer loop
      vertex 0.292635 -2.52882 -2
      vertex 0.5 -4 -2
      vertex 0.435427 -2.56459 -2
    endloop
  endfacet
  facet normal 0 0 1
    outer loop
      vertex 0.147025 -2.50722 -2
      vertex 0.5 -4 -2
      vertex 0.292635 -2.52882 -2
    endloop
  endfacet
  facet normal 0 0 1
    outer loop
      vertex 0 -2.5 -2
      vertex 0.5 -4 -2
      vertex 0.147025 -2.50722 -2
    endloop
  endfacet
  facet normal 0 0 1
    outer loop
      vertex -0.5 -4 -2
      vertex 0 -2.5 -2
      vertex -0.147025 -2.50722 -2
    endloop
  endfacet
  facet normal 0 0 1
    outer loop
      vertex -0.5 -4 -2
      vertex -0.147025 -2.50722 -2
      vertex -0.292635 -2.52882 -2
    endloop
  endfacet
  facet normal 0 0 1
    outer loop
      vertex -0.5 -4 -2
      vertex -0.292635 -2.52882 -2
      vertex -0.435427 -2.56459 -2
    endloop
  endfacet
  facet normal 0 0 1
    outer loop
      vertex 0 -2.5 -2
      vertex -0.5 -4 -2
      vertex 0.5 -4 -2
    endloop
  endfacet
  facet normal -0 0 1
    outer loop
      vertex -0.574024 -2.61418 -2
      vertex -0.5 -4 -2
      vertex -0.435427 -2.56459 -2
    endloop
  endfacet
  facet normal -0 0 1
    outer loop
      vertex -0.707094 -2.67712 -2
      vertex -0.5 -4 -2
      vertex -0.574024 -2.61418 -2
    endloop
  endfacet
  facet normal -0 0 1
    outer loop
      vertex -0.833355 -2.7528 -2
      vertex -0.5 -4 -2
      vertex -0.707094 -2.67712 -2
    endloop
  endfacet
  facet normal 0 -0 1
    outer loop
      vertex -0.574024 -5.38582 -2
      vertex -0.5 -4 -2
      vertex -0.707094 -5.32288 -2
    endloop
  endfacet
  facet normal 0 0 1
    outer loop
      vertex -0.5 -4 -2
      vertex -0.574024 -5.38582 -2
      vertex -0.5 -5.41231 -2
    endloop
  endfacet
  facet normal -0 0 1
    outer loop
      vertex -0.95159 -2.84048 -2
      vertex -0.5 -4 -2
      vertex -0.833355 -2.7528 -2
    endloop
  endfacet
  facet normal 0 0 1
    outer loop
      vertex -0.5 -4 -2
      vertex -0.833355 -5.2472 -2
      vertex -0.707094 -5.32288 -2
    endloop
  endfacet
  facet normal -0 0 1
    outer loop
      vertex -1.06066 -2.93934 -2
      vertex -0.5 -4 -2
      vertex -0.95159 -2.84048 -2
    endloop
  endfacet
  facet normal 0 0 1
    outer loop
      vertex -0.5 -4 -2
      vertex -0.95159 -5.15952 -2
      vertex -0.833355 -5.2472 -2
    endloop
  endfacet
  facet normal -0 0 1
    outer loop
      vertex -1.15952 -3.04841 -2
      vertex -0.5 -4 -2
      vertex -1.06066 -2.93934 -2
    endloop
  endfacet
  facet normal 0 0 1
    outer loop
      vertex -0.5 -4 -2
      vertex -1.06066 -5.06066 -2
      vertex -0.95159 -5.15952 -2
    endloop
  endfacet
  facet normal -0 0 1
    outer loop
      vertex -1.2472 -3.16665 -2
      vertex -0.5 -4 -2
      vertex -1.15952 -3.04841 -2
    endloop
  endfacet
  facet normal 0 0 1
    outer loop
      vertex -0.5 -4 -2
      vertex -1.15952 -4.95159 -2
      vertex -1.06066 -5.06066 -2
    endloop
  endfacet
  facet normal -0 0 1
    outer loop
      vertex -1.32288 -3.29291 -2
      vertex -0.5 -4 -2
      vertex -1.2472 -3.16665 -2
    endloop
  endfacet
  facet normal 0 0 1
    outer loop
      vertex -0.5 -4 -2
      vertex -1.2472 -4.83335 -2
      vertex -1.15952 -4.95159 -2
    endloop
  endfacet
  facet normal -0 0 1
    outer loop
      vertex -1.38582 -3.42598 -2
      vertex -0.5 -4 -2
      vertex -1.32288 -3.29291 -2
    endloop
  endfacet
  facet normal 0 0 1
    outer loop
      vertex -0.5 -4 -2
      vertex -1.32288 -4.70709 -2
      vertex -1.2472 -4.83335 -2
    endloop
  endfacet
  facet normal -0 0 1
    outer loop
      vertex -1.43541 -3.56457 -2
      vertex -0.5 -4 -2
      vertex -1.38582 -3.42598 -2
    endloop
  endfacet
  facet normal 0 0 1
    outer loop
      vertex -0.5 -4 -2
      vertex -1.38582 -4.57402 -2
      vertex -1.32288 -4.70709 -2
    endloop
  endfacet
  facet normal -0 0 1
    outer loop
      vertex -1.47118 -3.70737 -2
      vertex -0.5 -4 -2
      vertex -1.43541 -3.56457 -2
    endloop
  endfacet
  facet normal 0 0 1
    outer loop
      vertex -0.5 -4 -2
      vertex -1.43541 -4.43543 -2
      vertex -1.38582 -4.57402 -2
    endloop
  endfacet
  facet normal -0 0 1
    outer loop
      vertex -1.49278 -3.85297 -2
      vertex -0.5 -4 -2
      vertex -1.47118 -3.70737 -2
    endloop
  endfacet
  facet normal 0 0 1
    outer loop
      vertex -0.5 -4 -2
      vertex -1.47118 -4.29263 -2
      vertex -1.43541 -4.43543 -2
    endloop
  endfacet
  facet normal 0 0 1
    outer loop
      vertex -1.5 -4 -2
      vertex -0.5 -4 -2
      vertex -1.49278 -3.85297 -2
    endloop
  endfacet
  facet normal 0 0 1
    outer loop
      vertex -0.5 -4 -2
      vertex -1.49278 -4.14703 -2
      vertex -1.47118 -4.29263 -2
    endloop
  endfacet
  facet normal 0 0 1
    outer loop
      vertex -0.5 -4 -2
      vertex -1.5 -4 -2
      vertex -1.49278 -4.14703 -2
    endloop
  endfacet
  facet normal 0 0 1
    outer loop
      vertex 0.574024 -5.38582 -2
      vertex 0.5 -4 -2
      vertex 0.5 -5.41231 -2
    endloop
  endfacet
  facet normal -0.59566 -0.803237 0
    outer loop
      vertex -0.95159 -5.15952 -8
      vertex -0.833355 -5.2472 -2
      vertex -0.95159 -5.15952 -2
    endloop
  endfacet
  facet normal -0.59566 -0.803237 -0
    outer loop
      vertex -0.833355 -5.2472 -2
      vertex -0.95159 -5.15952 -8
      vertex -0.833355 -5.2472 -8
    endloop
  endfacet
  facet normal -0.671577 0.740935 0
    outer loop
      vertex -0.95159 -2.84048 -8
      vertex -1.06066 -2.93934 -2
      vertex -0.95159 -2.84048 -2
    endloop
  endfacet
  facet normal -0.671577 0.740935 0
    outer loop
      vertex -1.06066 -2.93934 -2
      vertex -0.95159 -2.84048 -8
      vertex -1.06066 -2.93934 -8
    endloop
  endfacet
  facet normal 0.857721 0.514116 0
    outer loop
      vertex 1.32288 -3.29291 -2
      vertex 1.2472 -3.16665 -8
      vertex 1.2472 -3.16665 -2
    endloop
  endfacet
  facet normal 0.857721 0.514116 0
    outer loop
      vertex 1.2472 -3.16665 -8
      vertex 1.32288 -3.29291 -2
      vertex 1.32288 -3.29291 -8
    endloop
  endfacet
  facet normal -0.989174 0.146746 0
    outer loop
      vertex -1.49278 -3.85297 -8
      vertex -1.47118 -3.70737 -2
      vertex -1.47118 -3.70737 -8
    endloop
  endfacet
  facet normal -0.989174 0.146746 0
    outer loop
      vertex -1.47118 -3.70737 -2
      vertex -1.49278 -3.85297 -8
      vertex -1.49278 -3.85297 -2
    endloop
  endfacet
  facet normal -0.803249 -0.595643 0
    outer loop
      vertex -1.15952 -4.95159 -8
      vertex -1.2472 -4.83335 -2
      vertex -1.2472 -4.83335 -8
    endloop
  endfacet
  facet normal -0.803249 -0.595643 0
    outer loop
      vertex -1.2472 -4.83335 -2
      vertex -1.15952 -4.95159 -8
      vertex -1.15952 -4.95159 -2
    endloop
  endfacet
  facet normal -0.998796 0.0490465 0
    outer loop
      vertex -1.5 -4 -8
      vertex -1.49278 -3.85297 -2
      vertex -1.49278 -3.85297 -8
    endloop
  endfacet
  facet normal -0.998796 0.0490465 0
    outer loop
      vertex -1.49278 -3.85297 -2
      vertex -1.5 -4 -8
      vertex -1.5 -4 -2
    endloop
  endfacet
  facet normal 0.803249 -0.595643 0
    outer loop
      vertex 1.15952 -4.95159 -2
      vertex 1.2472 -4.83335 -8
      vertex 1.2472 -4.83335 -2
    endloop
  endfacet
  facet normal 0.803249 -0.595643 0
    outer loop
      vertex 1.2472 -4.83335 -8
      vertex 1.15952 -4.95159 -2
      vertex 1.15952 -4.95159 -8
    endloop
  endfacet
  facet normal 0.146736 0.989176 -0
    outer loop
      vertex 0.292635 -2.52882 -8
      vertex 0.147025 -2.50722 -2
      vertex 0.292635 -2.52882 -2
    endloop
  endfacet
  facet normal 0.146736 0.989176 0
    outer loop
      vertex 0.147025 -2.50722 -2
      vertex 0.292635 -2.52882 -8
      vertex 0.147025 -2.50722 -8
    endloop
  endfacet
  facet normal 0.514113 0.857722 -0
    outer loop
      vertex 0.833355 -2.7528 -8
      vertex 0.707094 -2.67712 -2
      vertex 0.833355 -2.7528 -2
    endloop
  endfacet
  facet normal 0.514113 0.857722 0
    outer loop
      vertex 0.707094 -2.67712 -2
      vertex 0.833355 -2.7528 -8
      vertex 0.707094 -2.67712 -8
    endloop
  endfacet
  facet normal -0.336885 0.941546 0
    outer loop
      vertex -0.435427 -2.56459 -8
      vertex -0.574024 -2.61418 -2
      vertex -0.435427 -2.56459 -2
    endloop
  endfacet
  facet normal -0.336885 0.941546 0
    outer loop
      vertex -0.574024 -2.61418 -2
      vertex -0.435427 -2.56459 -8
      vertex -0.574024 -2.61418 -8
    endloop
  endfacet
  facet normal 0.989174 0.146746 0
    outer loop
      vertex 1.49278 -3.85297 -2
      vertex 1.47118 -3.70737 -8
      vertex 1.47118 -3.70737 -2
    endloop
  endfacet
  facet normal 0.989174 0.146746 0
    outer loop
      vertex 1.47118 -3.70737 -8
      vertex 1.49278 -3.85297 -2
      vertex 1.49278 -3.85297 -8
    endloop
  endfacet
  facet normal 0.59566 -0.803237 0
    outer loop
      vertex 0.833355 -5.2472 -8
      vertex 0.95159 -5.15952 -2
      vertex 0.833355 -5.2472 -2
    endloop
  endfacet
  facet normal 0.59566 -0.803237 0
    outer loop
      vertex 0.95159 -5.15952 -2
      vertex 0.833355 -5.2472 -8
      vertex 0.95159 -5.15952 -8
    endloop
  endfacet
  facet normal -0.242996 0.970027 0
    outer loop
      vertex -0.292635 -2.52882 -8
      vertex -0.435427 -2.56459 -2
      vertex -0.292635 -2.52882 -2
    endloop
  endfacet
  facet normal -0.242996 0.970027 0
    outer loop
      vertex -0.435427 -2.56459 -2
      vertex -0.292635 -2.52882 -8
      vertex -0.435427 -2.56459 -8
    endloop
  endfacet
  facet normal -0.0490482 0.998796 0
    outer loop
      vertex 0 -2.5 -8
      vertex -0.147025 -2.50722 -2
      vertex 0 -2.5 -2
    endloop
  endfacet
  facet normal -0.0490482 0.998796 0
    outer loop
      vertex -0.147025 -2.50722 -2
      vertex 0 -2.5 -8
      vertex -0.147025 -2.50722 -8
    endloop
  endfacet
  facet normal 0.857721 -0.514116 0
    outer loop
      vertex 1.2472 -4.83335 -2
      vertex 1.32288 -4.70709 -8
      vertex 1.32288 -4.70709 -2
    endloop
  endfacet
  facet normal 0.857721 -0.514116 0
    outer loop
      vertex 1.32288 -4.70709 -8
      vertex 1.2472 -4.83335 -2
      vertex 1.2472 -4.83335 -8
    endloop
  endfacet
  facet normal -0.427569 -0.903983 0
    outer loop
      vertex -0.707094 -5.32288 -8
      vertex -0.574024 -5.38582 -2
      vertex -0.707094 -5.32288 -2
    endloop
  endfacet
  facet normal -0.427569 -0.903983 -0
    outer loop
      vertex -0.574024 -5.38582 -2
      vertex -0.707094 -5.32288 -8
      vertex -0.574024 -5.38582 -8
    endloop
  endfacet
  facet normal 0.514113 -0.857722 0
    outer loop
      vertex 0.707094 -5.32288 -8
      vertex 0.833355 -5.2472 -2
      vertex 0.707094 -5.32288 -2
    endloop
  endfacet
  facet normal 0.514113 -0.857722 0
    outer loop
      vertex 0.833355 -5.2472 -2
      vertex 0.707094 -5.32288 -8
      vertex 0.833355 -5.2472 -8
    endloop
  endfacet
  facet normal 0.671577 -0.740935 0
    outer loop
      vertex 0.95159 -5.15952 -8
      vertex 1.06066 -5.06066 -2
      vertex 0.95159 -5.15952 -2
    endloop
  endfacet
  facet normal 0.671577 -0.740935 0
    outer loop
      vertex 1.06066 -5.06066 -2
      vertex 0.95159 -5.15952 -8
      vertex 1.06066 -5.06066 -8
    endloop
  endfacet
  facet normal 0.998796 0.0490465 0
    outer loop
      vertex 1.5 -4 -2
      vertex 1.49278 -3.85297 -8
      vertex 1.49278 -3.85297 -2
    endloop
  endfacet
  facet normal 0.998796 0.0490465 0
    outer loop
      vertex 1.49278 -3.85297 -8
      vertex 1.5 -4 -2
      vertex 1.5 -4 -8
    endloop
  endfacet
  facet normal 0.671577 0.740935 -0
    outer loop
      vertex 1.06066 -2.93934 -8
      vertex 0.95159 -2.84048 -2
      vertex 1.06066 -2.93934 -2
    endloop
  endfacet
  facet normal 0.671577 0.740935 0
    outer loop
      vertex 0.95159 -2.84048 -2
      vertex 1.06066 -2.93934 -8
      vertex 0.95159 -2.84048 -8
    endloop
  endfacet
  facet normal -0.740935 0.671577 0
    outer loop
      vertex -1.15952 -3.04841 -8
      vertex -1.06066 -2.93934 -2
      vertex -1.06066 -2.93934 -8
    endloop
  endfacet
  facet normal -0.740935 0.671577 0
    outer loop
      vertex -1.06066 -2.93934 -2
      vertex -1.15952 -3.04841 -8
      vertex -1.15952 -3.04841 -2
    endloop
  endfacet
  facet normal -0.998796 -0.0490465 0
    outer loop
      vertex -1.49278 -4.14703 -8
      vertex -1.5 -4 -2
      vertex -1.5 -4 -8
    endloop
  endfacet
  facet normal -0.998796 -0.0490465 0
    outer loop
      vertex -1.5 -4 -2
      vertex -1.49278 -4.14703 -8
      vertex -1.49278 -4.14703 -2
    endloop
  endfacet
  facet normal 0.336933 -0.941529 0
    outer loop
      vertex 0.5 -5.41231 -8
      vertex 0.574024 -5.38582 -2
      vertex 0.5 -5.41231 -2
    endloop
  endfacet
  facet normal 0.336933 -0.941529 0
    outer loop
      vertex 0.574024 -5.38582 -2
      vertex 0.5 -5.41231 -8
      vertex 0.574024 -5.38582 -8
    endloop
  endfacet
  facet normal -0.514113 -0.857722 0
    outer loop
      vertex -0.833355 -5.2472 -8
      vertex -0.707094 -5.32288 -2
      vertex -0.833355 -5.2472 -2
    endloop
  endfacet
  facet normal -0.514113 -0.857722 -0
    outer loop
      vertex -0.707094 -5.32288 -2
      vertex -0.833355 -5.2472 -8
      vertex -0.707094 -5.32288 -8
    endloop
  endfacet
  facet normal 0.970031 0.242983 0
    outer loop
      vertex 1.47118 -3.70737 -2
      vertex 1.43541 -3.56457 -8
      vertex 1.43541 -3.56457 -2
    endloop
  endfacet
  facet normal 0.970031 0.242983 0
    outer loop
      vertex 1.43541 -3.56457 -8
      vertex 1.47118 -3.70737 -2
      vertex 1.47118 -3.70737 -8
    endloop
  endfacet
  facet normal -0.336933 -0.941529 0
    outer loop
      vertex -0.574024 -5.38582 -8
      vertex -0.5 -5.41231 -2
      vertex -0.574024 -5.38582 -2
    endloop
  endfacet
  facet normal -0.336933 -0.941529 -0
    outer loop
      vertex -0.5 -5.41231 -2
      vertex -0.574024 -5.38582 -8
      vertex -0.5 -5.41231 -8
    endloop
  endfacet
  facet normal -0.94154 -0.3369 0
    outer loop
      vertex -1.38582 -4.57402 -8
      vertex -1.43541 -4.43543 -2
      vertex -1.43541 -4.43543 -8
    endloop
  endfacet
  facet normal -0.94154 -0.3369 0
    outer loop
      vertex -1.43541 -4.43543 -2
      vertex -1.38582 -4.57402 -8
      vertex -1.38582 -4.57402 -2
    endloop
  endfacet
  facet normal 0.903983 0.427569 0
    outer loop
      vertex 1.38582 -3.42598 -2
      vertex 1.32288 -3.29291 -8
      vertex 1.32288 -3.29291 -2
    endloop
  endfacet
  facet normal 0.903983 0.427569 0
    outer loop
      vertex 1.32288 -3.29291 -8
      vertex 1.38582 -3.42598 -2
      vertex 1.38582 -3.42598 -8
    endloop
  endfacet
  facet normal 0.427569 -0.903983 0
    outer loop
      vertex 0.574024 -5.38582 -8
      vertex 0.707094 -5.32288 -2
      vertex 0.574024 -5.38582 -2
    endloop
  endfacet
  facet normal 0.427569 -0.903983 0
    outer loop
      vertex 0.707094 -5.32288 -2
      vertex 0.574024 -5.38582 -8
      vertex 0.707094 -5.32288 -8
    endloop
  endfacet
  facet normal 0.740935 0.671577 0
    outer loop
      vertex 1.15952 -3.04841 -2
      vertex 1.06066 -2.93934 -8
      vertex 1.06066 -2.93934 -2
    endloop
  endfacet
  facet normal 0.740935 0.671577 0
    outer loop
      vertex 1.06066 -2.93934 -8
      vertex 1.15952 -3.04841 -2
      vertex 1.15952 -3.04841 -8
    endloop
  endfacet
  facet normal 0.94154 -0.3369 0
    outer loop
      vertex 1.38582 -4.57402 -2
      vertex 1.43541 -4.43543 -8
      vertex 1.43541 -4.43543 -2
    endloop
  endfacet
  facet normal 0.94154 -0.3369 0
    outer loop
      vertex 1.43541 -4.43543 -8
      vertex 1.38582 -4.57402 -2
      vertex 1.38582 -4.57402 -8
    endloop
  endfacet
  facet normal 0.94154 0.3369 0
    outer loop
      vertex 1.43541 -3.56457 -2
      vertex 1.38582 -3.42598 -8
      vertex 1.38582 -3.42598 -2
    endloop
  endfacet
  facet normal 0.94154 0.3369 0
    outer loop
      vertex 1.38582 -3.42598 -8
      vertex 1.43541 -3.56457 -2
      vertex 1.43541 -3.56457 -8
    endloop
  endfacet
  facet normal -0.514113 0.857722 0
    outer loop
      vertex -0.707094 -2.67712 -8
      vertex -0.833355 -2.7528 -2
      vertex -0.707094 -2.67712 -2
    endloop
  endfacet
  facet normal -0.514113 0.857722 0
    outer loop
      vertex -0.833355 -2.7528 -2
      vertex -0.707094 -2.67712 -8
      vertex -0.833355 -2.7528 -8
    endloop
  endfacet
  facet normal -0.857721 0.514116 0
    outer loop
      vertex -1.32288 -3.29291 -8
      vertex -1.2472 -3.16665 -2
      vertex -1.2472 -3.16665 -8
    endloop
  endfacet
  facet normal -0.857721 0.514116 0
    outer loop
      vertex -1.2472 -3.16665 -2
      vertex -1.32288 -3.29291 -8
      vertex -1.32288 -3.29291 -2
    endloop
  endfacet
  facet normal 0.740935 -0.671577 0
    outer loop
      vertex 1.06066 -5.06066 -2
      vertex 1.15952 -4.95159 -8
      vertex 1.15952 -4.95159 -2
    endloop
  endfacet
  facet normal 0.740935 -0.671577 0
    outer loop
      vertex 1.15952 -4.95159 -8
      vertex 1.06066 -5.06066 -2
      vertex 1.06066 -5.06066 -8
    endloop
  endfacet
  facet normal -0.803249 0.595643 0
    outer loop
      vertex -1.2472 -3.16665 -8
      vertex -1.15952 -3.04841 -2
      vertex -1.15952 -3.04841 -8
    endloop
  endfacet
  facet normal -0.803249 0.595643 0
    outer loop
      vertex -1.15952 -3.04841 -2
      vertex -1.2472 -3.16665 -8
      vertex -1.2472 -3.16665 -2
    endloop
  endfacet
  facet normal -0.903983 0.427569 0
    outer loop
      vertex -1.38582 -3.42598 -8
      vertex -1.32288 -3.29291 -2
      vertex -1.32288 -3.29291 -8
    endloop
  endfacet
  facet normal -0.903983 0.427569 0
    outer loop
      vertex -1.32288 -3.29291 -2
      vertex -1.38582 -3.42598 -8
      vertex -1.38582 -3.42598 -2
    endloop
  endfacet
  facet normal -0.59566 0.803237 0
    outer loop
      vertex -0.833355 -2.7528 -8
      vertex -0.95159 -2.84048 -2
      vertex -0.833355 -2.7528 -2
    endloop
  endfacet
  facet normal -0.59566 0.803237 0
    outer loop
      vertex -0.95159 -2.84048 -2
      vertex -0.833355 -2.7528 -8
      vertex -0.95159 -2.84048 -8
    endloop
  endfacet
  facet normal -0.970031 0.242983 0
    outer loop
      vertex -1.47118 -3.70737 -8
      vertex -1.43541 -3.56457 -2
      vertex -1.43541 -3.56457 -8
    endloop
  endfacet
  facet normal -0.970031 0.242983 0
    outer loop
      vertex -1.43541 -3.56457 -2
      vertex -1.47118 -3.70737 -8
      vertex -1.47118 -3.70737 -2
    endloop
  endfacet
  facet normal -0.94154 0.3369 0
    outer loop
      vertex -1.43541 -3.56457 -8
      vertex -1.38582 -3.42598 -2
      vertex -1.38582 -3.42598 -8
    endloop
  endfacet
  facet normal -0.94154 0.3369 0
    outer loop
      vertex -1.38582 -3.42598 -2
      vertex -1.43541 -3.56457 -8
      vertex -1.43541 -3.56457 -2
    endloop
  endfacet
  facet normal -0.146736 0.989176 0
    outer loop
      vertex -0.147025 -2.50722 -8
      vertex -0.292635 -2.52882 -2
      vertex -0.147025 -2.50722 -2
    endloop
  endfacet
  facet normal -0.146736 0.989176 0
    outer loop
      vertex -0.292635 -2.52882 -2
      vertex -0.147025 -2.50722 -8
      vertex -0.292635 -2.52882 -8
    endloop
  endfacet
  facet normal -0.427569 0.903983 0
    outer loop
      vertex -0.574024 -2.61418 -8
      vertex -0.707094 -2.67712 -2
      vertex -0.574024 -2.61418 -2
    endloop
  endfacet
  facet normal -0.427569 0.903983 0
    outer loop
      vertex -0.707094 -2.67712 -2
      vertex -0.574024 -2.61418 -8
      vertex -0.707094 -2.67712 -8
    endloop
  endfacet
  facet normal 0.336885 0.941546 -0
    outer loop
      vertex 0.574024 -2.61418 -8
      vertex 0.435427 -2.56459 -2
      vertex 0.574024 -2.61418 -2
    endloop
  endfacet
  facet normal 0.336885 0.941546 0
    outer loop
      vertex 0.435427 -2.56459 -2
      vertex 0.574024 -2.61418 -8
      vertex 0.435427 -2.56459 -8
    endloop
  endfacet
  facet normal 0.59566 0.803237 -0
    outer loop
      vertex 0.95159 -2.84048 -8
      vertex 0.833355 -2.7528 -2
      vertex 0.95159 -2.84048 -2
    endloop
  endfacet
  facet normal 0.59566 0.803237 0
    outer loop
      vertex 0.833355 -2.7528 -2
      vertex 0.95159 -2.84048 -8
      vertex 0.833355 -2.7528 -8
    endloop
  endfacet
  facet normal 0.0490482 0.998796 -0
    outer loop
      vertex 0.147025 -2.50722 -8
      vertex 0 -2.5 -2
      vertex 0.147025 -2.50722 -2
    endloop
  endfacet
  facet normal 0.0490482 0.998796 0
    outer loop
      vertex 0 -2.5 -2
      vertex 0.147025 -2.50722 -8
      vertex 0 -2.5 -8
    endloop
  endfacet
  facet normal -0.671577 -0.740935 0
    outer loop
      vertex -1.06066 -5.06066 -8
      vertex -0.95159 -5.15952 -2
      vertex -1.06066 -5.06066 -2
    endloop
  endfacet
  facet normal -0.671577 -0.740935 -0
    outer loop
      vertex -0.95159 -5.15952 -2
      vertex -1.06066 -5.06066 -8
      vertex -0.95159 -5.15952 -8
    endloop
  endfacet
  facet normal -0.740935 -0.671577 0
    outer loop
      vertex -1.06066 -5.06066 -8
      vertex -1.15952 -4.95159 -2
      vertex -1.15952 -4.95159 -8
    endloop
  endfacet
  facet normal -0.740935 -0.671577 0
    outer loop
      vertex -1.15952 -4.95159 -2
      vertex -1.06066 -5.06066 -8
      vertex -1.06066 -5.06066 -2
    endloop
  endfacet
  facet normal 0 0 -1
    outer loop
      vertex -0.5 -5.41231 -8
      vertex -0.574024 -5.38582 -8
      vertex -0.5 -4 -8
    endloop
  endfacet
  facet normal 0 0 -1
    outer loop
      vertex 0.5 -4 -8
      vertex 1.5 -4 -8
      vertex 1.49278 -4.14703 -8
    endloop
  endfacet
  facet normal 0 0 -1
    outer loop
      vertex 0.5 -4 -8
      vertex 1.49278 -4.14703 -8
      vertex 1.47118 -4.29263 -8
    endloop
  endfacet
  facet normal 0 0 -1
    outer loop
      vertex 1.5 -4 -8
      vertex 0.5 -4 -8
      vertex 1.49278 -3.85297 -8
    endloop
  endfacet
  facet normal 0 0 -1
    outer loop
      vertex 0.5 -4 -8
      vertex 1.47118 -4.29263 -8
      vertex 1.43541 -4.43543 -8
    endloop
  endfacet
  facet normal -0 0 -1
    outer loop
      vertex 1.49278 -3.85297 -8
      vertex 0.5 -4 -8
      vertex 1.47118 -3.70737 -8
    endloop
  endfacet
  facet normal 0 0 -1
    outer loop
      vertex 0.5 -4 -8
      vertex 1.43541 -4.43543 -8
      vertex 1.38582 -4.57402 -8
    endloop
  endfacet
  facet normal -0 0 -1
    outer loop
      vertex 1.47118 -3.70737 -8
      vertex 0.5 -4 -8
      vertex 1.43541 -3.56457 -8
    endloop
  endfacet
  facet normal 0 0 -1
    outer loop
      vertex 0.5 -4 -8
      vertex 1.38582 -4.57402 -8
      vertex 1.32288 -4.70709 -8
    endloop
  endfacet
  facet normal -0 0 -1
    outer loop
      vertex 1.43541 -3.56457 -8
      vertex 0.5 -4 -8
      vertex 1.38582 -3.42598 -8
    endloop
  endfacet
  facet normal 0 0 -1
    outer loop
      vertex 0.5 -4 -8
      vertex 1.32288 -4.70709 -8
      vertex 1.2472 -4.83335 -8
    endloop
  endfacet
  facet normal -0 0 -1
    outer loop
      vertex 1.38582 -3.42598 -8
      vertex 0.5 -4 -8
      vertex 1.32288 -3.29291 -8
    endloop
  endfacet
  facet normal 0 0 -1
    outer loop
      vertex 0.5 -4 -8
      vertex 1.2472 -4.83335 -8
      vertex 1.15952 -4.95159 -8
    endloop
  endfacet
  facet normal -0 0 -1
    outer loop
      vertex 1.32288 -3.29291 -8
      vertex 0.5 -4 -8
      vertex 1.2472 -3.16665 -8
    endloop
  endfacet
  facet normal 0 0 -1
    outer loop
      vertex 0.5 -4 -8
      vertex 1.15952 -4.95159 -8
      vertex 1.06066 -5.06066 -8
    endloop
  endfacet
  facet normal -0 0 -1
    outer loop
      vertex 1.2472 -3.16665 -8
      vertex 0.5 -4 -8
      vertex 1.15952 -3.04841 -8
    endloop
  endfacet
  facet normal 0 0 -1
    outer loop
      vertex 0.5 -4 -8
      vertex 1.06066 -5.06066 -8
      vertex 0.95159 -5.15952 -8
    endloop
  endfacet
  facet normal -0 0 -1
    outer loop
      vertex 1.15952 -3.04841 -8
      vertex 0.5 -4 -8
      vertex 1.06066 -2.93934 -8
    endloop
  endfacet
  facet normal 0 0 -1
    outer loop
      vertex 0.5 -4 -8
      vertex 0.95159 -5.15952 -8
      vertex 0.833355 -5.2472 -8
    endloop
  endfacet
  facet normal -0 0 -1
    outer loop
      vertex 1.06066 -2.93934 -8
      vertex 0.5 -4 -8
      vertex 0.95159 -2.84048 -8
    endloop
  endfacet
  facet normal 0 0 -1
    outer loop
      vertex 0.5 -4 -8
      vertex 0.833355 -5.2472 -8
      vertex 0.707094 -5.32288 -8
    endloop
  endfacet
  facet normal -0 0 -1
    outer loop
      vertex 0.95159 -2.84048 -8
      vertex 0.5 -4 -8
      vertex 0.833355 -2.7528 -8
    endloop
  endfacet
  facet normal 0 0 -1
    outer loop
      vertex 0.5 -4 -8
      vertex 0.707094 -5.32288 -8
      vertex 0.574024 -5.38582 -8
    endloop
  endfacet
  facet normal -0 0 -1
    outer loop
      vertex 0.833355 -2.7528 -8
      vertex 0.5 -4 -8
      vertex 0.707094 -2.67712 -8
    endloop
  endfacet
  facet normal 0 0 -1
    outer loop
      vertex 0.5 -4 -8
      vertex 0.574024 -5.38582 -8
      vertex 0.5 -5.41231 -8
    endloop
  endfacet
  facet normal -0 0 -1
    outer loop
      vertex 0.707094 -2.67712 -8
      vertex 0.5 -4 -8
      vertex 0.574024 -2.61418 -8
    endloop
  endfacet
  facet normal 0 0 -1
    outer loop
      vertex 0.5 -4 -8
      vertex 0.435427 -2.56459 -8
      vertex 0.574024 -2.61418 -8
    endloop
  endfacet
  facet normal 0 0 -1
    outer loop
      vertex 0.5 -4 -8
      vertex 0.292635 -2.52882 -8
      vertex 0.435427 -2.56459 -8
    endloop
  endfacet
  facet normal 0 0 -1
    outer loop
      vertex 0.5 -4 -8
      vertex 0.147025 -2.50722 -8
      vertex 0.292635 -2.52882 -8
    endloop
  endfacet
  facet normal 0 0 -1
    outer loop
      vertex 0.5 -4 -8
      vertex 0 -2.5 -8
      vertex 0.147025 -2.50722 -8
    endloop
  endfacet
  facet normal 0 0 -1
    outer loop
      vertex -0.5 -4 -8
      vertex 0 -2.5 -8
      vertex 0.5 -4 -8
    endloop
  endfacet
  facet normal 0 0 -1
    outer loop
      vertex 0 -2.5 -8
      vertex -0.5 -4 -8
      vertex -0.147025 -2.50722 -8
    endloop
  endfacet
  facet normal 0 0 -1
    outer loop
      vertex -0.147025 -2.50722 -8
      vertex -0.5 -4 -8
      vertex -0.292635 -2.52882 -8
    endloop
  endfacet
  facet normal 0 0 -1
    outer loop
      vertex -0.292635 -2.52882 -8
      vertex -0.5 -4 -8
      vertex -0.435427 -2.56459 -8
    endloop
  endfacet
  facet normal 0 0 -1
    outer loop
      vertex -0.707094 -5.32288 -8
      vertex -0.5 -4 -8
      vertex -0.574024 -5.38582 -8
    endloop
  endfacet
  facet normal 0 0 -1
    outer loop
      vertex -0.5 -4 -8
      vertex -0.574024 -2.61418 -8
      vertex -0.435427 -2.56459 -8
    endloop
  endfacet
  facet normal 0 0 -1
    outer loop
      vertex -0.833355 -5.2472 -8
      vertex -0.5 -4 -8
      vertex -0.707094 -5.32288 -8
    endloop
  endfacet
  facet normal 0 0 -1
    outer loop
      vertex -0.5 -4 -8
      vertex -0.707094 -2.67712 -8
      vertex -0.574024 -2.61418 -8
    endloop
  endfacet
  facet normal 0 0 -1
    outer loop
      vertex -0.95159 -5.15952 -8
      vertex -0.5 -4 -8
      vertex -0.833355 -5.2472 -8
    endloop
  endfacet
  facet normal 0 0 -1
    outer loop
      vertex -0.5 -4 -8
      vertex -0.833355 -2.7528 -8
      vertex -0.707094 -2.67712 -8
    endloop
  endfacet
  facet normal 0 0 -1
    outer loop
      vertex -1.06066 -5.06066 -8
      vertex -0.5 -4 -8
      vertex -0.95159 -5.15952 -8
    endloop
  endfacet
  facet normal 0 0 -1
    outer loop
      vertex -0.5 -4 -8
      vertex -0.95159 -2.84048 -8
      vertex -0.833355 -2.7528 -8
    endloop
  endfacet
  facet normal 0 0 -1
    outer loop
      vertex -1.15952 -4.95159 -8
      vertex -0.5 -4 -8
      vertex -1.06066 -5.06066 -8
    endloop
  endfacet
  facet normal 0 0 -1
    outer loop
      vertex -0.5 -4 -8
      vertex -1.06066 -2.93934 -8
      vertex -0.95159 -2.84048 -8
    endloop
  endfacet
  facet normal 0 0 -1
    outer loop
      vertex -1.2472 -4.83335 -8
      vertex -0.5 -4 -8
      vertex -1.15952 -4.95159 -8
    endloop
  endfacet
  facet normal 0 0 -1
    outer loop
      vertex -0.5 -4 -8
      vertex -1.15952 -3.04841 -8
      vertex -1.06066 -2.93934 -8
    endloop
  endfacet
  facet normal 0 0 -1
    outer loop
      vertex -1.32288 -4.70709 -8
      vertex -0.5 -4 -8
      vertex -1.2472 -4.83335 -8
    endloop
  endfacet
  facet normal 0 0 -1
    outer loop
      vertex -0.5 -4 -8
      vertex -1.2472 -3.16665 -8
      vertex -1.15952 -3.04841 -8
    endloop
  endfacet
  facet normal 0 0 -1
    outer loop
      vertex -1.38582 -4.57402 -8
      vertex -0.5 -4 -8
      vertex -1.32288 -4.70709 -8
    endloop
  endfacet
  facet normal 0 0 -1
    outer loop
      vertex -0.5 -4 -8
      vertex -1.32288 -3.29291 -8
      vertex -1.2472 -3.16665 -8
    endloop
  endfacet
  facet normal 0 0 -1
    outer loop
      vertex -1.43541 -4.43543 -8
      vertex -0.5 -4 -8
      vertex -1.38582 -4.57402 -8
    endloop
  endfacet
  facet normal 0 0 -1
    outer loop
      vertex -0.5 -4 -8
      vertex -1.38582 -3.42598 -8
      vertex -1.32288 -3.29291 -8
    endloop
  endfacet
  facet normal 0 0 -1
    outer loop
      vertex -1.47118 -4.29263 -8
      vertex -0.5 -4 -8
      vertex -1.43541 -4.43543 -8
    endloop
  endfacet
  facet normal 0 0 -1
    outer loop
      vertex -0.5 -4 -8
      vertex -1.43541 -3.56457 -8
      vertex -1.38582 -3.42598 -8
    endloop
  endfacet
  facet normal 0 0 -1
    outer loop
      vertex -1.49278 -4.14703 -8
      vertex -0.5 -4 -8
      vertex -1.47118 -4.29263 -8
    endloop
  endfacet
  facet normal 0 0 -1
    outer loop
      vertex -0.5 -4 -8
      vertex -1.47118 -3.70737 -8
      vertex -1.43541 -3.56457 -8
    endloop
  endfacet
  facet normal 0 0 -1
    outer loop
      vertex -1.5 -4 -8
      vertex -0.5 -4 -8
      vertex -1.49278 -4.14703 -8
    endloop
  endfacet
  facet normal 0 0 -1
    outer loop
      vertex -0.5 -4 -8
      vertex -1.49278 -3.85297 -8
      vertex -1.47118 -3.70737 -8
    endloop
  endfacet
  facet normal 0 0 -1
    outer loop
      vertex -0.5 -4 -8
      vertex -1.5 -4 -8
      vertex -1.49278 -3.85297 -8
    endloop
  endfacet
  facet normal 0 -1 0
    outer loop
      vertex -0.5 -4 -8
      vertex 0.5 -4 -2
      vertex -0.5 -4 -2
    endloop
  endfacet
  facet normal 0 -1 -0
    outer loop
      vertex 0.5 -4 -2
      vertex -0.5 -4 -8
      vertex 0.5 -4 -8
    endloop
  endfacet
  facet normal -1 0 0
    outer loop
      vertex 0.5 -5.41231 -8
      vertex 0.5 -4 -2
      vertex 0.5 -4 -8
    endloop
  endfacet
  facet normal -1 -0 0
    outer loop
      vertex 0.5 -4 -2
      vertex 0.5 -5.41231 -8
      vertex 0.5 -5.41231 -2
    endloop
  endfacet
  facet normal 1 -0 0
    outer loop
      vertex -0.5 -5.41231 -2
      vertex -0.5 -4 -8
      vertex -0.5 -4 -2
    endloop
  endfacet
  facet normal 1 0 0
    outer loop
      vertex -0.5 -4 -8
      vertex -0.5 -5.41231 -2
      vertex -0.5 -5.41231 -8
    endloop
  endfacet
endsolid OpenSCAD_Model
