solid OpenSCAD_Model
  facet normal -0.471396 0.881922 0
    outer loop
      vertex -1.53073 3.69552 -5
      vertex -2.22228 3.32588 5
      vertex -1.53073 3.69552 5
    endloop
  endfacet
  facet normal -0.471396 0.881922 0
    outer loop
      vertex -2.22228 3.32588 5
      vertex -1.53073 3.69552 -5
      vertex -2.22228 3.32588 -5
    endloop
  endfacet
  facet normal 0.471396 0.881922 -0
    outer loop
      vertex 2.22228 3.32588 -5
      vertex 1.53073 3.69552 5
      vertex 2.22228 3.32588 5
    endloop
  endfacet
  facet normal 0.471396 0.881922 0
    outer loop
      vertex 1.53073 3.69552 5
      vertex 2.22228 3.32588 -5
      vertex 1.53073 3.69552 -5
    endloop
  endfacet
  facet normal 0.956941 0.290282 0
    outer loop
      vertex 3.92314 0.780361 5
      vertex 3.69552 1.53073 -5
      vertex 3.69552 1.53073 5
    endloop
  endfacet
  facet normal 0.956941 0.290282 0
    outer loop
      vertex 3.69552 1.53073 -5
      vertex 3.92314 0.780361 5
      vertex 3.92314 0.780361 -5
    endloop
  endfacet
  facet normal 0.995185 0.0980186 0
    outer loop
      vertex 4 0 5
      vertex 3.92314 0.780361 -5
      vertex 3.92314 0.780361 5
    endloop
  endfacet
  facet normal 0.995185 0.0980186 0
    outer loop
      vertex 3.92314 0.780361 -5
      vertex 4 0 5
      vertex 4 0 -5
    endloop
  endfacet
  facet normal 0.881922 0.471396 0
    outer loop
      vertex 3.69552 1.53073 5
      vertex 3.32588 2.22228 -5
      vertex 3.32588 2.22228 5
    endloop
  endfacet
  facet normal 0.881922 0.471396 0
    outer loop
      vertex 3.32588 2.22228 -5
      vertex 3.69552 1.53073 5
      vertex 3.69552 1.53073 -5
    endloop
  endfacet
  facet normal 0.0980186 0.995185 -0
    outer loop
      vertex 0.780361 3.92314 -5
      vertex 0 4 5
      vertex 0.780361 3.92314 5
    endloop
  endfacet
  facet normal 0.0980186 0.995185 0
    outer loop
      vertex 0 4 5
      vertex 0.780361 3.92314 -5
      vertex 0 4 -5
    endloop
  endfacet
  facet normal 0.0980186 -0.995185 0
    outer loop
      vertex 0 -4 -5
      vertex 0.780361 -3.92314 5
      vertex 0 -4 5
    endloop
  endfacet
  facet normal 0.0980186 -0.995185 0
    outer loop
      vertex 0.780361 -3.92314 5
      vertex 0 -4 -5
      vertex 0.780361 -3.92314 -5
    endloop
  endfacet
  facet normal 0.290282 0.956941 -0
    outer loop
      vertex 1.53073 3.69552 -5
      vertex 0.780361 3.92314 5
      vertex 1.53073 3.69552 5
    endloop
  endfacet
  facet normal 0.290282 0.956941 0
    outer loop
      vertex 0.780361 3.92314 5
      vertex 1.53073 3.69552 -5
      vertex 0.780361 3.92314 -5
    endloop
  endfacet
  facet normal 0.63439 0.773013 -0
    outer loop
      vertex 2.82843 2.82843 -5
      vertex 2.22228 3.32588 5
      vertex 2.82843 2.82843 5
    endloop
  endfacet
  facet normal 0.63439 0.773013 0
    outer loop
      vertex 2.22228 3.32588 5
      vertex 2.82843 2.82843 -5
      vertex 2.22228 3.32588 -5
    endloop
  endfacet
  facet normal 0.773013 -0.63439 0
    outer loop
      vertex 2.82843 -2.82843 5
      vertex 3.32588 -2.22228 -5
      vertex 3.32588 -2.22228 5
    endloop
  endfacet
  facet normal 0.773013 -0.63439 0
    outer loop
      vertex 3.32588 -2.22228 -5
      vertex 2.82843 -2.82843 5
      vertex 2.82843 -2.82843 -5
    endloop
  endfacet
  facet normal -0.63439 0.773013 0
    outer loop
      vertex -2.22228 3.32588 -5
      vertex -2.82843 2.82843 5
      vertex -2.22228 3.32588 5
    endloop
  endfacet
  facet normal -0.63439 0.773013 0
    outer loop
      vertex -2.82843 2.82843 5
      vertex -2.22228 3.32588 -5
      vertex -2.82843 2.82843 -5
    endloop
  endfacet
  facet normal 0.471396 -0.881922 0
    outer loop
      vertex 1.53073 -3.69552 -5
      vertex 2.22228 -3.32588 5
      vertex 1.53073 -3.69552 5
    endloop
  endfacet
  facet normal 0.471396 -0.881922 0
    outer loop
      vertex 2.22228 -3.32588 5
      vertex 1.53073 -3.69552 -5
      vertex 2.22228 -3.32588 -5
    endloop
  endfacet
  facet normal -0.881922 -0.471396 0
    outer loop
      vertex -3.32588 -2.22228 -5
      vertex -3.69552 -1.53073 5
      vertex -3.69552 -1.53073 -5
    endloop
  endfacet
  facet normal -0.881922 -0.471396 0
    outer loop
      vertex -3.69552 -1.53073 5
      vertex -3.32588 -2.22228 -5
      vertex -3.32588 -2.22228 5
    endloop
  endfacet
  facet normal 0.995185 -0.0980186 0
    outer loop
      vertex 3.92314 -0.780361 5
      vertex 4 0 -5
      vertex 4 0 5
    endloop
  endfacet
  facet normal 0.995185 -0.0980186 0
    outer loop
      vertex 4 0 -5
      vertex 3.92314 -0.780361 5
      vertex 3.92314 -0.780361 -5
    endloop
  endfacet
  facet normal -0.290282 0.956941 0
    outer loop
      vertex -0.780361 3.92314 -5
      vertex -1.53073 3.69552 5
      vertex -0.780361 3.92314 5
    endloop
  endfacet
  facet normal -0.290282 0.956941 0
    outer loop
      vertex -1.53073 3.69552 5
      vertex -0.780361 3.92314 -5
      vertex -1.53073 3.69552 -5
    endloop
  endfacet
  facet normal -0.0980186 -0.995185 0
    outer loop
      vertex -0.780361 -3.92314 -5
      vertex 0 -4 5
      vertex -0.780361 -3.92314 5
    endloop
  endfacet
  facet normal -0.0980186 -0.995185 -0
    outer loop
      vertex 0 -4 5
      vertex -0.780361 -3.92314 -5
      vertex 0 -4 -5
    endloop
  endfacet
  facet normal 0 0 -1
    outer loop
      vertex 2 0 -5
      vertex 4 0 -5
      vertex 3.92314 -0.780361 -5
    endloop
  endfacet
  facet normal 0 0 -1
    outer loop
      vertex 1.96157 -0.390181 -5
      vertex 3.92314 -0.780361 -5
      vertex 3.69552 -1.53073 -5
    endloop
  endfacet
  facet normal 0 0 -1
    outer loop
      vertex 4 0 -5
      vertex 2 0 -5
      vertex 3.92314 0.780361 -5
    endloop
  endfacet
  facet normal 0 0 -1
    outer loop
      vertex 1.84776 -0.765367 -5
      vertex 3.69552 -1.53073 -5
      vertex 3.32588 -2.22228 -5
    endloop
  endfacet
  facet normal 0 0 -1
    outer loop
      vertex 1.96157 0.390181 -5
      vertex 3.92314 0.780361 -5
      vertex 2 0 -5
    endloop
  endfacet
  facet normal 0 0 -1
    outer loop
      vertex 1.66294 -1.11114 -5
      vertex 3.32588 -2.22228 -5
      vertex 2.82843 -2.82843 -5
    endloop
  endfacet
  facet normal -0 0 -1
    outer loop
      vertex 3.92314 0.780361 -5
      vertex 1.96157 0.390181 -5
      vertex 3.69552 1.53073 -5
    endloop
  endfacet
  facet normal 0 0 -1
    outer loop
      vertex 1.41421 -1.41421 -5
      vertex 2.82843 -2.82843 -5
      vertex 2.22228 -3.32588 -5
    endloop
  endfacet
  facet normal 0 0 -1
    outer loop
      vertex 1.84776 0.765367 -5
      vertex 3.69552 1.53073 -5
      vertex 1.96157 0.390181 -5
    endloop
  endfacet
  facet normal -0 0 -1
    outer loop
      vertex 3.69552 1.53073 -5
      vertex 1.84776 0.765367 -5
      vertex 3.32588 2.22228 -5
    endloop
  endfacet
  facet normal 0 0 -1
    outer loop
      vertex 3.92314 -0.780361 -5
      vertex 1.96157 -0.390181 -5
      vertex 2 0 -5
    endloop
  endfacet
  facet normal 0 0 -1
    outer loop
      vertex 3.69552 -1.53073 -5
      vertex 1.84776 -0.765367 -5
      vertex 1.96157 -0.390181 -5
    endloop
  endfacet
  facet normal 0 0 -1
    outer loop
      vertex 3.32588 -2.22228 -5
      vertex 1.66294 -1.11114 -5
      vertex 1.84776 -0.765367 -5
    endloop
  endfacet
  facet normal 0 0 -1
    outer loop
      vertex 1.11114 -1.66294 -5
      vertex 2.22228 -3.32588 -5
      vertex 1.53073 -3.69552 -5
    endloop
  endfacet
  facet normal 0 0 -1
    outer loop
      vertex 2.82843 -2.82843 -5
      vertex 1.41421 -1.41421 -5
      vertex 1.66294 -1.11114 -5
    endloop
  endfacet
  facet normal 0 0 -1
    outer loop
      vertex 2.22228 -3.32588 -5
      vertex 1.11114 -1.66294 -5
      vertex 1.41421 -1.41421 -5
    endloop
  endfacet
  facet normal 0 0 -1
    outer loop
      vertex 0.765367 -1.84776 -5
      vertex 1.53073 -3.69552 -5
      vertex 0.780361 -3.92314 -5
    endloop
  endfacet
  facet normal 0 0 -1
    outer loop
      vertex 1.53073 -3.69552 -5
      vertex 0.765367 -1.84776 -5
      vertex 1.11114 -1.66294 -5
    endloop
  endfacet
  facet normal 0 0 -1
    outer loop
      vertex 0.780361 -3.92314 -5
      vertex 0.390181 -1.96157 -5
      vertex 0.765367 -1.84776 -5
    endloop
  endfacet
  facet normal 0 0 -1
    outer loop
      vertex 0 -4 -5
      vertex 0.390181 -1.96157 -5
      vertex 0.780361 -3.92314 -5
    endloop
  endfacet
  facet normal 0 0 -1
    outer loop
      vertex 0 -4 -5
      vertex 0 -2 -5
      vertex 0.390181 -1.96157 -5
    endloop
  endfacet
  facet normal 0 0 -1
    outer loop
      vertex 0 -4 -5
      vertex -0.390181 -1.96157 -5
      vertex 0 -2 -5
    endloop
  endfacet
  facet normal 0 0 -1
    outer loop
      vertex -0.780361 -3.92314 -5
      vertex -0.390181 -1.96157 -5
      vertex 0 -4 -5
    endloop
  endfacet
  facet normal -0 0 -1
    outer loop
      vertex -0.390181 -1.96157 -5
      vertex -0.780361 -3.92314 -5
      vertex -0.765367 -1.84776 -5
    endloop
  endfacet
  facet normal 0 0 -1
    outer loop
      vertex -1.53073 -3.69552 -5
      vertex -0.765367 -1.84776 -5
      vertex -0.780361 -3.92314 -5
    endloop
  endfacet
  facet normal -0 0 -1
    outer loop
      vertex -0.765367 -1.84776 -5
      vertex -1.53073 -3.69552 -5
      vertex -1.11114 -1.66294 -5
    endloop
  endfacet
  facet normal 0 0 -1
    outer loop
      vertex -2.22228 -3.32588 -5
      vertex -1.11114 -1.66294 -5
      vertex -1.53073 -3.69552 -5
    endloop
  endfacet
  facet normal -0 0 -1
    outer loop
      vertex -1.11114 -1.66294 -5
      vertex -2.22228 -3.32588 -5
      vertex -1.41421 -1.41421 -5
    endloop
  endfacet
  facet normal 0 0 -1
    outer loop
      vertex -2.82843 -2.82843 -5
      vertex -1.41421 -1.41421 -5
      vertex -2.22228 -3.32588 -5
    endloop
  endfacet
  facet normal -0 0 -1
    outer loop
      vertex -1.41421 -1.41421 -5
      vertex -2.82843 -2.82843 -5
      vertex -1.66294 -1.11114 -5
    endloop
  endfacet
  facet normal -0 0 -1
    outer loop
      vertex -1.66294 -1.11114 -5
      vertex -3.32588 -2.22228 -5
      vertex -1.84776 -0.765367 -5
    endloop
  endfacet
  facet normal 0 0 -1
    outer loop
      vertex -3.32588 -2.22228 -5
      vertex -1.66294 -1.11114 -5
      vertex -2.82843 -2.82843 -5
    endloop
  endfacet
  facet normal 0 0 -1
    outer loop
      vertex 1.66294 1.11114 -5
      vertex 3.32588 2.22228 -5
      vertex 1.84776 0.765367 -5
    endloop
  endfacet
  facet normal -0 0 -1
    outer loop
      vertex 3.32588 2.22228 -5
      vertex 1.66294 1.11114 -5
      vertex 2.82843 2.82843 -5
    endloop
  endfacet
  facet normal 0 0 -1
    outer loop
      vertex 1.41421 1.41421 -5
      vertex 2.82843 2.82843 -5
      vertex 1.66294 1.11114 -5
    endloop
  endfacet
  facet normal -0 0 -1
    outer loop
      vertex 2.82843 2.82843 -5
      vertex 1.41421 1.41421 -5
      vertex 2.22228 3.32588 -5
    endloop
  endfacet
  facet normal 0 0 -1
    outer loop
      vertex 1.11114 1.66294 -5
      vertex 2.22228 3.32588 -5
      vertex 1.41421 1.41421 -5
    endloop
  endfacet
  facet normal -0 0 -1
    outer loop
      vertex 2.22228 3.32588 -5
      vertex 1.11114 1.66294 -5
      vertex 1.53073 3.69552 -5
    endloop
  endfacet
  facet normal 0 0 -1
    outer loop
      vertex 0.765367 1.84776 -5
      vertex 1.53073 3.69552 -5
      vertex 1.11114 1.66294 -5
    endloop
  endfacet
  facet normal -0 0 -1
    outer loop
      vertex 1.53073 3.69552 -5
      vertex 0.765367 1.84776 -5
      vertex 0.780361 3.92314 -5
    endloop
  endfacet
  facet normal 0 0 -1
    outer loop
      vertex 0.390181 1.96157 -5
      vertex 0.780361 3.92314 -5
      vertex 0.765367 1.84776 -5
    endloop
  endfacet
  facet normal 0 0 -1
    outer loop
      vertex 0 2 -5
      vertex 0.780361 3.92314 -5
      vertex 0.390181 1.96157 -5
    endloop
  endfacet
  facet normal 0 0 -1
    outer loop
      vertex 0 2 -5
      vertex 0 4 -5
      vertex 0.780361 3.92314 -5
    endloop
  endfacet
  facet normal 0 0 -1
    outer loop
      vertex -0.390181 1.96157 -5
      vertex 0 4 -5
      vertex 0 2 -5
    endloop
  endfacet
  facet normal 0 0 -1
    outer loop
      vertex -0.780361 3.92314 -5
      vertex -0.390181 1.96157 -5
      vertex -0.765367 1.84776 -5
    endloop
  endfacet
  facet normal 0 0 -1
    outer loop
      vertex -0.390181 1.96157 -5
      vertex -0.780361 3.92314 -5
      vertex 0 4 -5
    endloop
  endfacet
  facet normal 0 0 -1
    outer loop
      vertex -1.53073 3.69552 -5
      vertex -0.765367 1.84776 -5
      vertex -1.11114 1.66294 -5
    endloop
  endfacet
  facet normal 0 0 -1
    outer loop
      vertex -2.22228 3.32588 -5
      vertex -1.11114 1.66294 -5
      vertex -1.41421 1.41421 -5
    endloop
  endfacet
  facet normal 0 0 -1
    outer loop
      vertex -0.765367 1.84776 -5
      vertex -1.53073 3.69552 -5
      vertex -0.780361 3.92314 -5
    endloop
  endfacet
  facet normal 0 0 -1
    outer loop
      vertex -2.82843 2.82843 -5
      vertex -1.41421 1.41421 -5
      vertex -1.66294 1.11114 -5
    endloop
  endfacet
  facet normal 0 0 -1
    outer loop
      vertex -3.32588 2.22228 -5
      vertex -1.66294 1.11114 -5
      vertex -1.84776 0.765367 -5
    endloop
  endfacet
  facet normal 0 0 -1
    outer loop
      vertex -3.69552 1.53073 -5
      vertex -1.84776 0.765367 -5
      vertex -1.96157 0.390181 -5
    endloop
  endfacet
  facet normal 0 0 -1
    outer loop
      vertex -1.11114 1.66294 -5
      vertex -2.22228 3.32588 -5
      vertex -1.53073 3.69552 -5
    endloop
  endfacet
  facet normal 0 0 -1
    outer loop
      vertex -3.92314 0.780361 -5
      vertex -1.96157 0.390181 -5
      vertex -2 0 -5
    endloop
  endfacet
  facet normal 0 0 -1
    outer loop
      vertex -3.69552 -1.53073 -5
      vertex -1.84776 -0.765367 -5
      vertex -3.32588 -2.22228 -5
    endloop
  endfacet
  facet normal -0 0 -1
    outer loop
      vertex -1.84776 -0.765367 -5
      vertex -3.69552 -1.53073 -5
      vertex -1.96157 -0.390181 -5
    endloop
  endfacet
  facet normal 0 0 -1
    outer loop
      vertex -1.41421 1.41421 -5
      vertex -2.82843 2.82843 -5
      vertex -2.22228 3.32588 -5
    endloop
  endfacet
  facet normal 0 0 -1
    outer loop
      vertex -3.92314 -0.780361 -5
      vertex -1.96157 -0.390181 -5
      vertex -3.69552 -1.53073 -5
    endloop
  endfacet
  facet normal 0 0 -1
    outer loop
      vertex -1.66294 1.11114 -5
      vertex -3.32588 2.22228 -5
      vertex -2.82843 2.82843 -5
    endloop
  endfacet
  facet normal -0 0 -1
    outer loop
      vertex -1.96157 -0.390181 -5
      vertex -3.92314 -0.780361 -5
      vertex -2 0 -5
    endloop
  endfacet
  facet normal 0 0 -1
    outer loop
      vertex -1.84776 0.765367 -5
      vertex -3.69552 1.53073 -5
      vertex -3.32588 2.22228 -5
    endloop
  endfacet
  facet normal 0 0 -1
    outer loop
      vertex -4 0 -5
      vertex -2 0 -5
      vertex -3.92314 -0.780361 -5
    endloop
  endfacet
  facet normal 0 0 -1
    outer loop
      vertex -1.96157 0.390181 -5
      vertex -3.92314 0.780361 -5
      vertex -3.69552 1.53073 -5
    endloop
  endfacet
  facet normal 0 0 -1
    outer loop
      vertex -2 0 -5
      vertex -4 0 -5
      vertex -3.92314 0.780361 -5
    endloop
  endfacet
  facet normal -0.881922 0.471396 0
    outer loop
      vertex -3.69552 1.53073 -5
      vertex -3.32588 2.22228 5
      vertex -3.32588 2.22228 -5
    endloop
  endfacet
  facet normal -0.881922 0.471396 0
    outer loop
      vertex -3.32588 2.22228 5
      vertex -3.69552 1.53073 -5
      vertex -3.69552 1.53073 5
    endloop
  endfacet
  facet normal 0.290282 -0.956941 0
    outer loop
      vertex 0.780361 -3.92314 -5
      vertex 1.53073 -3.69552 5
      vertex 0.780361 -3.92314 5
    endloop
  endfacet
  facet normal 0.290282 -0.956941 0
    outer loop
      vertex 1.53073 -3.69552 5
      vertex 0.780361 -3.92314 -5
      vertex 1.53073 -3.69552 -5
    endloop
  endfacet
  facet normal -0 0 1
    outer loop
      vertex 2.2137 0.0864452 5
      vertex 4 0 5
      vertex 3.92314 0.780361 5
    endloop
  endfacet
  facet normal 0 0 1
    outer loop
      vertex 2.1543 0.516655 5
      vertex 3.92314 0.780361 5
      vertex 3.69552 1.53073 5
    endloop
  endfacet
  facet normal 0 0 1
    outer loop
      vertex 4 0 5
      vertex 2.2137 0.0864452 5
      vertex 2.22221 0 5
    endloop
  endfacet
  facet normal 0 0 1
    outer loop
      vertex 1.88865 1.15799 5
      vertex 3.69552 1.53073 5
      vertex 3.32588 2.22228 5
    endloop
  endfacet
  facet normal 0 0 1
    outer loop
      vertex 2.2137 -0.0864452 5
      vertex 4 0 5
      vertex 2.22221 0 5
    endloop
  endfacet
  facet normal 0 0 1
    outer loop
      vertex 1.7926 1.30174 5
      vertex 3.32588 2.22228 5
      vertex 2.82843 2.82843 5
    endloop
  endfacet
  facet normal 0 0 1
    outer loop
      vertex 4 0 5
      vertex 2.2137 -0.0864452 5
      vertex 3.92314 -0.780361 5
    endloop
  endfacet
  facet normal 0 0 1
    outer loop
      vertex 1.30174 1.7926 5
      vertex 2.82843 2.82843 5
      vertex 2.22228 3.32588 5
    endloop
  endfacet
  facet normal -0 0 1
    outer loop
      vertex 2.17951 -0.433532 5
      vertex 3.92314 -0.780361 5
      vertex 2.2137 -0.0864452 5
    endloop
  endfacet
  facet normal 0 0 1
    outer loop
      vertex 3.92314 -0.780361 5
      vertex 2.1543 -0.516655 5
      vertex 3.69552 -1.53073 5
    endloop
  endfacet
  facet normal -0 0 1
    outer loop
      vertex 2.1543 -0.516655 5
      vertex 3.92314 -0.780361 5
      vertex 2.17951 -0.433532 5
    endloop
  endfacet
  facet normal 0 0 1
    outer loop
      vertex 3.92314 0.780361 5
      vertex 2.17951 0.433532 5
      vertex 2.2137 0.0864452 5
    endloop
  endfacet
  facet normal 0 0 1
    outer loop
      vertex 3.92314 0.780361 5
      vertex 2.1543 0.516655 5
      vertex 2.17951 0.433532 5
    endloop
  endfacet
  facet normal 0 0 1
    outer loop
      vertex 3.69552 1.53073 5
      vertex 2.05305 0.850403 5
      vertex 2.1543 0.516655 5
    endloop
  endfacet
  facet normal 0 0 1
    outer loop
      vertex 3.69552 1.53073 5
      vertex 1.88865 1.15799 5
      vertex 2.05305 0.850403 5
    endloop
  endfacet
  facet normal 0 0 1
    outer loop
      vertex 3.32588 2.22228 5
      vertex 1.8477 1.23459 5
      vertex 1.88865 1.15799 5
    endloop
  endfacet
  facet normal 0 0 1
    outer loop
      vertex 3.32588 2.22228 5
      vertex 1.7926 1.30174 5
      vertex 1.8477 1.23459 5
    endloop
  endfacet
  facet normal 0 0 1
    outer loop
      vertex 2.82843 2.82843 5
      vertex 1.57134 1.57134 5
      vertex 1.7926 1.30174 5
    endloop
  endfacet
  facet normal 0 0 1
    outer loop
      vertex 1.15799 1.88865 5
      vertex 2.22228 3.32588 5
      vertex 1.53073 3.69552 5
    endloop
  endfacet
  facet normal 0 0 1
    outer loop
      vertex 2.82843 2.82843 5
      vertex 1.30174 1.7926 5
      vertex 1.57134 1.57134 5
    endloop
  endfacet
  facet normal 0 0 1
    outer loop
      vertex 2.22228 3.32588 5
      vertex 1.23459 1.8477 5
      vertex 1.30174 1.7926 5
    endloop
  endfacet
  facet normal 0 0 1
    outer loop
      vertex 2.22228 3.32588 5
      vertex 1.15799 1.88865 5
      vertex 1.23459 1.8477 5
    endloop
  endfacet
  facet normal 0 0 1
    outer loop
      vertex 1.53073 3.69552 5
      vertex 0.850403 2.05305 5
      vertex 1.15799 1.88865 5
    endloop
  endfacet
  facet normal 0 0 1
    outer loop
      vertex 0.516655 2.1543 5
      vertex 1.53073 3.69552 5
      vertex 0.780361 3.92314 5
    endloop
  endfacet
  facet normal 0 0 1
    outer loop
      vertex 1.53073 3.69552 5
      vertex 0.516655 2.1543 5
      vertex 0.850403 2.05305 5
    endloop
  endfacet
  facet normal 0 0 1
    outer loop
      vertex 0.780361 3.92314 5
      vertex 0.433532 2.17951 5
      vertex 0.516655 2.1543 5
    endloop
  endfacet
  facet normal 0 0 1
    outer loop
      vertex 0.780361 3.92314 5
      vertex 0.0864452 2.2137 5
      vertex 0.433532 2.17951 5
    endloop
  endfacet
  facet normal 0 0 1
    outer loop
      vertex 0 4 5
      vertex 0.0864452 2.2137 5
      vertex 0.780361 3.92314 5
    endloop
  endfacet
  facet normal 0 0 1
    outer loop
      vertex 0 4 5
      vertex 0 2.22221 5
      vertex 0.0864452 2.2137 5
    endloop
  endfacet
  facet normal 0 0 1
    outer loop
      vertex 0 4 5
      vertex -0.0864452 2.2137 5
      vertex 0 2.22221 5
    endloop
  endfacet
  facet normal -0 0 1
    outer loop
      vertex -0.780361 3.92314 5
      vertex -0.0864452 2.2137 5
      vertex 0 4 5
    endloop
  endfacet
  facet normal 0 0 1
    outer loop
      vertex -0.0864452 2.2137 5
      vertex -0.780361 3.92314 5
      vertex -0.433532 2.17951 5
    endloop
  endfacet
  facet normal 0 0 1
    outer loop
      vertex -0.433532 2.17951 5
      vertex -0.780361 3.92314 5
      vertex -0.516655 2.1543 5
    endloop
  endfacet
  facet normal -0 0 1
    outer loop
      vertex -1.53073 3.69552 5
      vertex -0.516655 2.1543 5
      vertex -0.780361 3.92314 5
    endloop
  endfacet
  facet normal 0 0 1
    outer loop
      vertex -0.516655 2.1543 5
      vertex -1.53073 3.69552 5
      vertex -0.850403 2.05305 5
    endloop
  endfacet
  facet normal 0 0 1
    outer loop
      vertex -0.850403 2.05305 5
      vertex -1.53073 3.69552 5
      vertex -1.15799 1.88865 5
    endloop
  endfacet
  facet normal -0 0 1
    outer loop
      vertex -2.22228 3.32588 5
      vertex -1.15799 1.88865 5
      vertex -1.53073 3.69552 5
    endloop
  endfacet
  facet normal 0 0 1
    outer loop
      vertex -1.15799 1.88865 5
      vertex -2.22228 3.32588 5
      vertex -1.23459 1.8477 5
    endloop
  endfacet
  facet normal 0 0 1
    outer loop
      vertex -1.23459 1.8477 5
      vertex -2.22228 3.32588 5
      vertex -1.30174 1.7926 5
    endloop
  endfacet
  facet normal -0 0 1
    outer loop
      vertex -2.82843 2.82843 5
      vertex -1.30174 1.7926 5
      vertex -2.22228 3.32588 5
    endloop
  endfacet
  facet normal 0 0 1
    outer loop
      vertex -1.30174 1.7926 5
      vertex -2.82843 2.82843 5
      vertex -1.57134 1.57134 5
    endloop
  endfacet
  facet normal 0 0 1
    outer loop
      vertex -1.57134 1.57134 5
      vertex -2.82843 2.82843 5
      vertex -1.7926 1.30174 5
    endloop
  endfacet
  facet normal -0 0 1
    outer loop
      vertex -3.32588 2.22228 5
      vertex -1.7926 1.30174 5
      vertex -2.82843 2.82843 5
    endloop
  endfacet
  facet normal 0 0 1
    outer loop
      vertex -1.7926 1.30174 5
      vertex -3.32588 2.22228 5
      vertex -1.8477 1.23459 5
    endloop
  endfacet
  facet normal 0 0 1
    outer loop
      vertex -1.8477 1.23459 5
      vertex -3.32588 2.22228 5
      vertex -1.88865 1.15799 5
    endloop
  endfacet
  facet normal 0 0 1
    outer loop
      vertex -2.05305 0.850403 5
      vertex -3.69552 1.53073 5
      vertex -2.1543 0.516655 5
    endloop
  endfacet
  facet normal 0 0 1
    outer loop
      vertex -1.88865 1.15799 5
      vertex -3.69552 1.53073 5
      vertex -2.05305 0.850403 5
    endloop
  endfacet
  facet normal -0 0 1
    outer loop
      vertex -3.69552 1.53073 5
      vertex -1.88865 1.15799 5
      vertex -3.32588 2.22228 5
    endloop
  endfacet
  facet normal -0 0 1
    outer loop
      vertex 2.05305 -0.850403 5
      vertex 3.69552 -1.53073 5
      vertex 2.1543 -0.516655 5
    endloop
  endfacet
  facet normal -0 0 1
    outer loop
      vertex 1.88865 -1.15799 5
      vertex 3.69552 -1.53073 5
      vertex 2.05305 -0.850403 5
    endloop
  endfacet
  facet normal 0 0 1
    outer loop
      vertex 3.69552 -1.53073 5
      vertex 1.88865 -1.15799 5
      vertex 3.32588 -2.22228 5
    endloop
  endfacet
  facet normal -0 0 1
    outer loop
      vertex 1.8477 -1.23459 5
      vertex 3.32588 -2.22228 5
      vertex 1.88865 -1.15799 5
    endloop
  endfacet
  facet normal -0 0 1
    outer loop
      vertex 1.7926 -1.30174 5
      vertex 3.32588 -2.22228 5
      vertex 1.8477 -1.23459 5
    endloop
  endfacet
  facet normal 0 0 1
    outer loop
      vertex 3.32588 -2.22228 5
      vertex 1.7926 -1.30174 5
      vertex 2.82843 -2.82843 5
    endloop
  endfacet
  facet normal -0 0 1
    outer loop
      vertex 1.57134 -1.57134 5
      vertex 2.82843 -2.82843 5
      vertex 1.7926 -1.30174 5
    endloop
  endfacet
  facet normal -0 0 1
    outer loop
      vertex 1.30174 -1.7926 5
      vertex 2.82843 -2.82843 5
      vertex 1.57134 -1.57134 5
    endloop
  endfacet
  facet normal 0 0 1
    outer loop
      vertex 2.82843 -2.82843 5
      vertex 1.30174 -1.7926 5
      vertex 2.22228 -3.32588 5
    endloop
  endfacet
  facet normal -0 0 1
    outer loop
      vertex 1.23459 -1.8477 5
      vertex 2.22228 -3.32588 5
      vertex 1.30174 -1.7926 5
    endloop
  endfacet
  facet normal -0 0 1
    outer loop
      vertex 1.15799 -1.88865 5
      vertex 2.22228 -3.32588 5
      vertex 1.23459 -1.8477 5
    endloop
  endfacet
  facet normal 0 0 1
    outer loop
      vertex 2.22228 -3.32588 5
      vertex 1.15799 -1.88865 5
      vertex 1.53073 -3.69552 5
    endloop
  endfacet
  facet normal -0 0 1
    outer loop
      vertex 0.850403 -2.05305 5
      vertex 1.53073 -3.69552 5
      vertex 1.15799 -1.88865 5
    endloop
  endfacet
  facet normal -0 0 1
    outer loop
      vertex 0.516655 -2.1543 5
      vertex 1.53073 -3.69552 5
      vertex 0.850403 -2.05305 5
    endloop
  endfacet
  facet normal 0 0 1
    outer loop
      vertex 1.53073 -3.69552 5
      vertex 0.516655 -2.1543 5
      vertex 0.780361 -3.92314 5
    endloop
  endfacet
  facet normal -0 0 1
    outer loop
      vertex 0.433532 -2.17951 5
      vertex 0.780361 -3.92314 5
      vertex 0.516655 -2.1543 5
    endloop
  endfacet
  facet normal -0 0 1
    outer loop
      vertex 0.0864452 -2.2137 5
      vertex 0.780361 -3.92314 5
      vertex 0.433532 -2.17951 5
    endloop
  endfacet
  facet normal 0 0 1
    outer loop
      vertex 0 -4 5
      vertex 0.0864452 -2.2137 5
      vertex 0 -2.22221 5
    endloop
  endfacet
  facet normal 0 0 1
    outer loop
      vertex 0.0864452 -2.2137 5
      vertex 0 -4 5
      vertex 0.780361 -3.92314 5
    endloop
  endfacet
  facet normal 0 0 1
    outer loop
      vertex -0.0864452 -2.2137 5
      vertex 0 -4 5
      vertex 0 -2.22221 5
    endloop
  endfacet
  facet normal 0 0 1
    outer loop
      vertex -0.780361 -3.92314 5
      vertex -0.0864452 -2.2137 5
      vertex -0.433532 -2.17951 5
    endloop
  endfacet
  facet normal 0 0 1
    outer loop
      vertex -0.780361 -3.92314 5
      vertex -0.433532 -2.17951 5
      vertex -0.516655 -2.1543 5
    endloop
  endfacet
  facet normal 0 0 1
    outer loop
      vertex -0.0864452 -2.2137 5
      vertex -0.780361 -3.92314 5
      vertex 0 -4 5
    endloop
  endfacet
  facet normal 0 0 1
    outer loop
      vertex -1.53073 -3.69552 5
      vertex -0.516655 -2.1543 5
      vertex -0.850403 -2.05305 5
    endloop
  endfacet
  facet normal 0 0 1
    outer loop
      vertex -1.53073 -3.69552 5
      vertex -0.850403 -2.05305 5
      vertex -1.15799 -1.88865 5
    endloop
  endfacet
  facet normal 0 0 1
    outer loop
      vertex -2.22228 -3.32588 5
      vertex -1.15799 -1.88865 5
      vertex -1.23459 -1.8477 5
    endloop
  endfacet
  facet normal 0 0 1
    outer loop
      vertex -2.22228 -3.32588 5
      vertex -1.23459 -1.8477 5
      vertex -1.30174 -1.7926 5
    endloop
  endfacet
  facet normal 0 0 1
    outer loop
      vertex -0.516655 -2.1543 5
      vertex -1.53073 -3.69552 5
      vertex -0.780361 -3.92314 5
    endloop
  endfacet
  facet normal 0 0 1
    outer loop
      vertex -2.82843 -2.82843 5
      vertex -1.30174 -1.7926 5
      vertex -1.57134 -1.57134 5
    endloop
  endfacet
  facet normal 0 0 1
    outer loop
      vertex -2.82843 -2.82843 5
      vertex -1.57134 -1.57134 5
      vertex -1.7926 -1.30174 5
    endloop
  endfacet
  facet normal 0 0 1
    outer loop
      vertex -3.32588 -2.22228 5
      vertex -1.7926 -1.30174 5
      vertex -1.8477 -1.23459 5
    endloop
  endfacet
  facet normal 0 0 1
    outer loop
      vertex -3.32588 -2.22228 5
      vertex -1.8477 -1.23459 5
      vertex -1.88865 -1.15799 5
    endloop
  endfacet
  facet normal 0 0 1
    outer loop
      vertex -3.69552 -1.53073 5
      vertex -1.88865 -1.15799 5
      vertex -2.05305 -0.850403 5
    endloop
  endfacet
  facet normal 0 0 1
    outer loop
      vertex -3.69552 -1.53073 5
      vertex -2.05305 -0.850403 5
      vertex -2.1543 -0.516655 5
    endloop
  endfacet
  facet normal 0 0 1
    outer loop
      vertex -3.92314 -0.780361 5
      vertex -2.1543 -0.516655 5
      vertex -2.17951 -0.433532 5
    endloop
  endfacet
  facet normal 0 0 1
    outer loop
      vertex -1.15799 -1.88865 5
      vertex -2.22228 -3.32588 5
      vertex -1.53073 -3.69552 5
    endloop
  endfacet
  facet normal 0 0 1
    outer loop
      vertex -3.92314 -0.780361 5
      vertex -2.17951 -0.433532 5
      vertex -2.2137 -0.0864452 5
    endloop
  endfacet
  facet normal -0 0 1
    outer loop
      vertex -4 0 5
      vertex -2.2137 -0.0864452 5
      vertex -2.22221 0 5
    endloop
  endfacet
  facet normal -0 0 1
    outer loop
      vertex -3.92314 0.780361 5
      vertex -2.1543 0.516655 5
      vertex -3.69552 1.53073 5
    endloop
  endfacet
  facet normal 0 0 1
    outer loop
      vertex -2.1543 0.516655 5
      vertex -3.92314 0.780361 5
      vertex -2.17951 0.433532 5
    endloop
  endfacet
  facet normal 0 0 1
    outer loop
      vertex -1.30174 -1.7926 5
      vertex -2.82843 -2.82843 5
      vertex -2.22228 -3.32588 5
    endloop
  endfacet
  facet normal 0 0 1
    outer loop
      vertex -2.17951 0.433532 5
      vertex -3.92314 0.780361 5
      vertex -2.2137 0.0864452 5
    endloop
  endfacet
  facet normal 0 0 1
    outer loop
      vertex -1.7926 -1.30174 5
      vertex -3.32588 -2.22228 5
      vertex -2.82843 -2.82843 5
    endloop
  endfacet
  facet normal 0 0 1
    outer loop
      vertex -4 0 5
      vertex -2.2137 0.0864452 5
      vertex -3.92314 0.780361 5
    endloop
  endfacet
  facet normal 0 0 1
    outer loop
      vertex -1.88865 -1.15799 5
      vertex -3.69552 -1.53073 5
      vertex -3.32588 -2.22228 5
    endloop
  endfacet
  facet normal 0 0 1
    outer loop
      vertex -2.2137 0.0864452 5
      vertex -4 0 5
      vertex -2.22221 0 5
    endloop
  endfacet
  facet normal 0 0 1
    outer loop
      vertex -2.1543 -0.516655 5
      vertex -3.92314 -0.780361 5
      vertex -3.69552 -1.53073 5
    endloop
  endfacet
  facet normal 0 0 1
    outer loop
      vertex -2.2137 -0.0864452 5
      vertex -4 0 5
      vertex -3.92314 -0.780361 5
    endloop
  endfacet
  facet normal -0.290282 -0.956941 0
    outer loop
      vertex -1.53073 -3.69552 -5
      vertex -0.780361 -3.92314 5
      vertex -1.53073 -3.69552 5
    endloop
  endfacet
  facet normal -0.290282 -0.956941 -0
    outer loop
      vertex -0.780361 -3.92314 5
      vertex -1.53073 -3.69552 -5
      vertex -0.780361 -3.92314 -5
    endloop
  endfacet
  facet normal 0.956941 -0.290282 0
    outer loop
      vertex 3.69552 -1.53073 5
      vertex 3.92314 -0.780361 -5
      vertex 3.92314 -0.780361 5
    endloop
  endfacet
  facet normal 0.956941 -0.290282 0
    outer loop
      vertex 3.92314 -0.780361 -5
      vertex 3.69552 -1.53073 5
      vertex 3.69552 -1.53073 -5
    endloop
  endfacet
  facet normal 0.773013 0.63439 0
    outer loop
      vertex 3.32588 2.22228 5
      vertex 2.82843 2.82843 -5
      vertex 2.82843 2.82843 5
    endloop
  endfacet
  facet normal 0.773013 0.63439 0
    outer loop
      vertex 2.82843 2.82843 -5
      vertex 3.32588 2.22228 5
      vertex 3.32588 2.22228 -5
    endloop
  endfacet
  facet normal -0.995185 0.0980186 0
    outer loop
      vertex -4 0 -5
      vertex -3.92314 0.780361 5
      vertex -3.92314 0.780361 -5
    endloop
  endfacet
  facet normal -0.995185 0.0980186 0
    outer loop
      vertex -3.92314 0.780361 5
      vertex -4 0 -5
      vertex -4 0 5
    endloop
  endfacet
  facet normal 0.63439 -0.773013 0
    outer loop
      vertex 2.22228 -3.32588 -5
      vertex 2.82843 -2.82843 5
      vertex 2.22228 -3.32588 5
    endloop
  endfacet
  facet normal 0.63439 -0.773013 0
    outer loop
      vertex 2.82843 -2.82843 5
      vertex 2.22228 -3.32588 -5
      vertex 2.82843 -2.82843 -5
    endloop
  endfacet
  facet normal -0.63439 -0.773013 0
    outer loop
      vertex -2.82843 -2.82843 -5
      vertex -2.22228 -3.32588 5
      vertex -2.82843 -2.82843 5
    endloop
  endfacet
  facet normal -0.63439 -0.773013 -0
    outer loop
      vertex -2.22228 -3.32588 5
      vertex -2.82843 -2.82843 -5
      vertex -2.22228 -3.32588 -5
    endloop
  endfacet
  facet normal -0.0980186 0.995185 0
    outer loop
      vertex 0 4 -5
      vertex -0.780361 3.92314 5
      vertex 0 4 5
    endloop
  endfacet
  facet normal -0.0980186 0.995185 0
    outer loop
      vertex -0.780361 3.92314 5
      vertex 0 4 -5
      vertex -0.780361 3.92314 -5
    endloop
  endfacet
  facet normal 0.881922 -0.471396 0
    outer loop
      vertex 3.32588 -2.22228 5
      vertex 3.69552 -1.53073 -5
      vertex 3.69552 -1.53073 5
    endloop
  endfacet
  facet normal 0.881922 -0.471396 0
    outer loop
      vertex 3.69552 -1.53073 -5
      vertex 3.32588 -2.22228 5
      vertex 3.32588 -2.22228 -5
    endloop
  endfacet
  facet normal -0.956941 -0.290282 0
    outer loop
      vertex -3.69552 -1.53073 -5
      vertex -3.92314 -0.780361 5
      vertex -3.92314 -0.780361 -5
    endloop
  endfacet
  facet normal -0.956941 -0.290282 0
    outer loop
      vertex -3.92314 -0.780361 5
      vertex -3.69552 -1.53073 -5
      vertex -3.69552 -1.53073 5
    endloop
  endfacet
  facet normal -0.995185 -0.0980186 0
    outer loop
      vertex -3.92314 -0.780361 -5
      vertex -4 0 5
      vertex -4 0 -5
    endloop
  endfacet
  facet normal -0.995185 -0.0980186 0
    outer loop
      vertex -4 0 5
      vertex -3.92314 -0.780361 -5
      vertex -3.92314 -0.780361 5
    endloop
  endfacet
  facet normal -0.773013 -0.63439 0
    outer loop
      vertex -2.82843 -2.82843 -5
      vertex -3.32588 -2.22228 5
      vertex -3.32588 -2.22228 -5
    endloop
  endfacet
  facet normal -0.773013 -0.63439 0
    outer loop
      vertex -3.32588 -2.22228 5
      vertex -2.82843 -2.82843 -5
      vertex -2.82843 -2.82843 5
    endloop
  endfacet
  facet normal -0.773013 0.63439 0
    outer loop
      vertex -3.32588 2.22228 -5
      vertex -2.82843 2.82843 5
      vertex -2.82843 2.82843 -5
    endloop
  endfacet
  facet normal -0.773013 0.63439 0
    outer loop
      vertex -2.82843 2.82843 5
      vertex -3.32588 2.22228 -5
      vertex -3.32588 2.22228 5
    endloop
  endfacet
  facet normal -0.956941 0.290282 0
    outer loop
      vertex -3.92314 0.780361 -5
      vertex -3.69552 1.53073 5
      vertex -3.69552 1.53073 -5
    endloop
  endfacet
  facet normal -0.956941 0.290282 0
    outer loop
      vertex -3.69552 1.53073 5
      vertex -3.92314 0.780361 -5
      vertex -3.92314 0.780361 5
    endloop
  endfacet
  facet normal -0.471396 -0.881922 0
    outer loop
      vertex -2.22228 -3.32588 -5
      vertex -1.53073 -3.69552 5
      vertex -2.22228 -3.32588 5
    endloop
  endfacet
  facet normal -0.471396 -0.881922 -0
    outer loop
      vertex -1.53073 -3.69552 5
      vertex -2.22228 -3.32588 -5
      vertex -1.53073 -3.69552 -5
    endloop
  endfacet
  facet normal -0.758303 0.622309 0.194189
    outer loop
      vertex -2.02998 2.02998 7.87085
      vertex -2.4824 1.65868 7.29405
      vertex -2.387 1.59494 7.87085
    endloop
  endfacet
  facet normal -0.0816199 -0.828691 0.553723
    outer loop
      vertex -0.45242 -2.27447 8.90318
      vertex -0.516163 -2.59493 8.41419
      vertex 0 -2.31903 8.90318
    endloop
  endfacet
  facet normal 0.976243 0.0961406 0.194182
    outer loop
      vertex 2.92819 0.582452 7.29405
      vertex 2.87082 0 7.87085
      vertex 2.98555 0 7.29405
    endloop
  endfacet
  facet normal 0.111552 0.367717 0.923223
    outer loop
      vertex 0.275894 1.38702 9.64576
      vertex 0.169895 0.85412 9.87082
      vertex 0.541186 1.30654 9.64576
    endloop
  endfacet
  facet normal -0.533423 -0.161809 0.830228
    outer loop
      vertex -1.38702 -0.275894 9.64576
      vertex -1.86661 -0.371291 9.31903
      vertex -1.75831 -0.728315 9.31903
    endloop
  endfacet
  facet normal 0.796841 -0.241726 0.553727
    outer loop
      vertex 2.27447 -0.45242 8.90318
      vertex 2.1425 -0.887454 8.90318
      vertex 2.44437 -1.01249 8.41419
    endloop
  endfacet
  facet normal 0.705398 -0.0694764 0.705399
    outer loop
      vertex 2.31903 0 8.90318
      vertex 1.86661 -0.371291 9.31903
      vertex 2.27447 -0.45242 8.90318
    endloop
  endfacet
  facet normal -0.26838 0.884725 -0.381096
    outer loop
      vertex -1.01249 2.44437 5.58581
      vertex -1.09861 2.65229 6.12915
      vertex -0.516163 2.59493 5.58581
    endloop
  endfacet
  facet normal 0.037664 0.382414 0.923223
    outer loop
      vertex 0.275894 1.38702 9.64576
      vertex 0 0.870853 9.87082
      vertex 0.169895 0.85412 9.87082
    endloop
  endfacet
  facet normal -0.161809 0.533423 0.830228
    outer loop
      vertex -0.371291 1.86661 9.31903
      vertex -0.728315 1.75831 9.31903
      vertex -0.275894 1.38702 9.64576
    endloop
  endfacet
  facet normal 0.815361 0.435827 0.381106
    outer loop
      vertex 2.387 1.59494 7.87085
      vertex 2.19987 1.46991 8.41419
      vertex 2.44437 1.01249 8.41419
    endloop
  endfacet
  facet normal 0.435818 -0.81537 0.381096
    outer loop
      vertex 1.59494 -2.387 7.87085
      vertex 1.01249 -2.44437 8.41419
      vertex 1.09861 -2.65229 7.87085
    endloop
  endfacet
  facet normal -0.462419 -0.865135 -0.194189
    outer loop
      vertex -1.14252 -2.75829 6.70595
      vertex -1.65868 -2.4824 6.70595
      vertex -1.59494 -2.387 6.12915
    endloop
  endfacet
  facet normal 0.938722 0.284767 0.194189
    outer loop
      vertex 2.92819 0.582452 7.29405
      vertex 2.75829 1.14252 7.29405
      vertex 2.81566 0.560069 7.87085
    endloop
  endfacet
  facet normal 0.586509 -0.714679 0.381104
    outer loop
      vertex 2.02998 -2.02998 7.87085
      vertex 1.46991 -2.19987 8.41419
      vertex 1.59494 -2.387 7.87085
    endloop
  endfacet
  facet normal -0.205718 0.678299 -0.705401
    outer loop
      vertex -0.433532 2.17951 5
      vertex -0.516655 2.1543 5
      vertex -0.45242 2.27447 5.09682
    endloop
  endfacet
  facet normal -0.0694854 -0.705396 -0.7054
    outer loop
      vertex -0.0864452 -2.2137 5
      vertex -0.45242 -2.27447 5.09682
      vertex -0.433532 -2.17951 5
    endloop
  endfacet
  facet normal -0.069478 -0.705413 -0.705383
    outer loop
      vertex -0.45242 -2.27447 5.09682
      vertex -0.0864452 -2.2137 5
      vertex 0 -2.31903 5.09682
    endloop
  endfacet
  facet normal 0.449627 0.547958 -0.705392
    outer loop
      vertex 1.30174 1.7926 5
      vertex 1.23459 1.8477 5
      vertex 1.28838 1.9282 5.09682
    endloop
  endfacet
  facet normal 0.284767 -0.938721 -0.19419
    outer loop
      vertex 1.14252 -2.75829 6.70595
      vertex 0.560069 -2.81566 6.12915
      vertex 1.09861 -2.65229 6.12915
    endloop
  endfacet
  facet normal 0.0568967 0.187553 0.980605
    outer loop
      vertex 0.169895 0.85412 9.87082
      vertex 0.0573664 0.288401 9.98555
      vertex 0.112528 0.271667 9.98555
    endloop
  endfacet
  facet normal -0.586509 0.714679 -0.381104
    outer loop
      vertex -1.46991 2.19987 5.58581
      vertex -2.02998 2.02998 6.12915
      vertex -1.59494 2.387 6.12915
    endloop
  endfacet
  facet normal 0.284767 0.938721 0.19419
    outer loop
      vertex 1.14252 2.75829 7.29405
      vertex 0.560069 2.81566 7.87085
      vertex 1.09861 2.65229 7.87085
    endloop
  endfacet
  facet normal 0.17285 0.0923908 0.980605
    outer loop
      vertex 0.724088 0.48382 9.87082
      vertex 0.244494 0.163365 9.98555
      vertex 0.804564 0.333261 9.87082
    endloop
  endfacet
  facet normal 0.151505 0.124335 0.980605
    outer loop
      vertex 0.615787 0.615787 9.87082
      vertex 0.207925 0.207925 9.98555
      vertex 0.244494 0.163365 9.98555
    endloop
  endfacet
  facet normal -0.815361 -0.435827 -0.381106
    outer loop
      vertex -2.387 -1.59494 6.12915
      vertex -2.44437 -1.01249 5.58581
      vertex -2.19987 -1.46991 5.58581
    endloop
  endfacet
  facet normal -0.26838 -0.884725 0.381096
    outer loop
      vertex -1.01249 -2.44437 8.41419
      vertex -1.09861 -2.65229 7.87085
      vertex -0.516163 -2.59493 8.41419
    endloop
  endfacet
  facet normal 0.037664 -0.382414 0.923223
    outer loop
      vertex 0.169895 -0.85412 9.87082
      vertex 0 -0.870853 9.87082
      vertex 0.275894 -1.38702 9.64576
    endloop
  endfacet
  facet normal -0.64369 0.528255 -0.553724
    outer loop
      vertex -1.9282 1.28838 5.09682
      vertex -2.19987 1.46991 5.58581
      vertex -1.87084 1.87084 5.58581
    endloop
  endfacet
  facet normal 0.920081 0.0906168 0.381102
    outer loop
      vertex 2.81566 0.560069 7.87085
      vertex 2.59493 0.516163 8.41419
      vertex 2.87082 0 7.87085
    endloop
  endfacet
  facet normal 0.734374 0.392538 -0.553723
    outer loop
      vertex 2.44437 1.01249 5.58581
      vertex 1.9282 1.28838 5.09682
      vertex 2.19987 1.46991 5.58581
    endloop
  endfacet
  facet normal 0.533423 -0.161809 0.830228
    outer loop
      vertex 1.86661 -0.371291 9.31903
      vertex 1.38702 -0.275894 9.64576
      vertex 1.75831 -0.728315 9.31903
    endloop
  endfacet
  facet normal 0.462418 -0.865136 -0.194191
    outer loop
      vertex 1.14252 -2.75829 6.70595
      vertex 1.09861 -2.65229 6.12915
      vertex 1.59494 -2.387 6.12915
    endloop
  endfacet
  facet normal -0.643688 0.528256 -0.553725
    outer loop
      vertex -1.6398 1.6398 5.09682
      vertex -1.9282 1.28838 5.09682
      vertex -1.87084 1.87084 5.58581
    endloop
  endfacet
  facet normal -0.920079 -0.0906063 -0.381111
    outer loop
      vertex -2.59493 -0.516163 5.58581
      vertex -2.87082 0 6.12915
      vertex -2.64576 0 5.58581
    endloop
  endfacet
  facet normal 0.643688 0.528256 -0.553725
    outer loop
      vertex 1.9282 1.28838 5.09682
      vertex 1.6398 1.6398 5.09682
      vertex 1.87084 1.87084 5.58581
    endloop
  endfacet
  facet normal -0.938721 -0.284767 0.19419
    outer loop
      vertex -2.65229 -1.09861 7.87085
      vertex -2.81566 -0.560069 7.87085
      vertex -2.75829 -1.14252 7.29405
    endloop
  endfacet
  facet normal 0.284767 0.938722 -0.194189
    outer loop
      vertex 1.14252 2.75829 6.70595
      vertex 0.560069 2.81566 6.12915
      vertex 0.582452 2.92819 6.70595
    endloop
  endfacet
  facet normal 0.81537 -0.435818 -0.381096
    outer loop
      vertex 2.65229 -1.09861 6.12915
      vertex 2.387 -1.59494 6.12915
      vertex 2.44437 -1.01249 5.58581
    endloop
  endfacet
  facet normal 0.547945 -0.449682 -0.705367
    outer loop
      vertex 1.6398 -1.6398 5.09682
      vertex 1.7926 -1.30174 5
      vertex 1.9282 -1.28838 5.09682
    endloop
  endfacet
  facet normal 0.547922 -0.449678 -0.705388
    outer loop
      vertex 1.7926 -1.30174 5
      vertex 1.6398 -1.6398 5.09682
      vertex 1.57134 -1.57134 5
    endloop
  endfacet
  facet normal 0.0192105 -0.195049 0.980605
    outer loop
      vertex 0 -0.294051 9.98555
      vertex 0 -0.870853 9.87082
      vertex 0.169895 -0.85412 9.87082
    endloop
  endfacet
  facet normal 0.625119 0.334134 0.705394
    outer loop
      vertex 1.9282 1.28838 8.90318
      vertex 1.75831 0.728315 9.31903
      vertex 2.1425 0.887454 8.90318
    endloop
  endfacet
  facet normal -0.0923904 -0.17285 0.980605
    outer loop
      vertex -0.163365 -0.244494 9.98555
      vertex -0.333261 -0.804564 9.87082
      vertex -0.112528 -0.271667 9.98555
    endloop
  endfacet
  facet normal 0.187553 0.0568931 0.980605
    outer loop
      vertex 0.804564 0.333261 9.87082
      vertex 0.271667 0.112528 9.98555
      vertex 0.85412 0.169895 9.87082
    endloop
  endfacet
  facet normal -0.643688 -0.528256 0.553725
    outer loop
      vertex -1.6398 -1.6398 8.90318
      vertex -1.9282 -1.28838 8.90318
      vertex -1.87084 -1.87084 8.41419
    endloop
  endfacet
  facet normal -0.290293 -0.956938 0
    outer loop
      vertex -1.14252 -2.75829 6.70595
      vertex -0.582452 -2.92819 7.29405
      vertex -1.14252 -2.75829 7.29405
    endloop
  endfacet
  facet normal -0.290293 -0.956938 -0
    outer loop
      vertex -0.582452 -2.92819 7.29405
      vertex -1.14252 -2.75829 6.70595
      vertex -0.582452 -2.92819 6.70595
    endloop
  endfacet
  facet normal -0.0980061 -0.995186 0
    outer loop
      vertex -0.582452 -2.92819 6.70595
      vertex 0 -2.98555 7.29405
      vertex -0.582452 -2.92819 7.29405
    endloop
  endfacet
  facet normal -0.0980061 -0.995186 -0
    outer loop
      vertex 0 -2.98555 7.29405
      vertex -0.582452 -2.92819 6.70595
      vertex 0 -2.98555 6.70595
    endloop
  endfacet
  facet normal 0.205753 -0.678291 0.705399
    outer loop
      vertex 0.728315 -1.75831 9.31903
      vertex 0.371291 -1.86661 9.31903
      vertex 0.45242 -2.27447 8.90318
    endloop
  endfacet
  facet normal 0.678292 -0.205764 0.705394
    outer loop
      vertex 2.27447 -0.45242 8.90318
      vertex 1.75831 -0.728315 9.31903
      vertex 2.1425 -0.887454 8.90318
    endloop
  endfacet
  facet normal 0.205764 -0.678292 0.705394
    outer loop
      vertex 0.728315 -1.75831 9.31903
      vertex 0.45242 -2.27447 8.90318
      vertex 0.887454 -2.1425 8.90318
    endloop
  endfacet
  facet normal 0.0961479 -0.976241 -0.194189
    outer loop
      vertex 0.582452 -2.92819 6.70595
      vertex 0 -2.87082 6.12915
      vertex 0.560069 -2.81566 6.12915
    endloop
  endfacet
  facet normal 0.241722 -0.796845 -0.553723
    outer loop
      vertex 0.516163 -2.59493 5.58581
      vertex 0.45242 -2.27447 5.09682
      vertex 1.01249 -2.44437 5.58581
    endloop
  endfacet
  facet normal 0.284767 -0.938722 -0.194189
    outer loop
      vertex 0.582452 -2.92819 6.70595
      vertex 0.560069 -2.81566 6.12915
      vertex 1.14252 -2.75829 6.70595
    endloop
  endfacet
  facet normal -0.241726 -0.796841 -0.553727
    outer loop
      vertex -0.45242 -2.27447 5.09682
      vertex -1.01249 -2.44437 5.58581
      vertex -0.887454 -2.1425 5.09682
    endloop
  endfacet
  facet normal 0.796845 0.241722 -0.553723
    outer loop
      vertex 2.59493 0.516163 5.58581
      vertex 2.27447 0.45242 5.09682
      vertex 2.44437 1.01249 5.58581
    endloop
  endfacet
  facet normal 0.297039 0.24378 0.923222
    outer loop
      vertex 0.999983 0.999983 9.64576
      vertex 0.615787 0.615787 9.87082
      vertex 1.17586 0.785682 9.64576
    endloop
  endfacet
  facet normal 0.0980061 0.995186 -0
    outer loop
      vertex 0.582452 2.92819 6.70595
      vertex 0 2.98555 7.29405
      vertex 0.582452 2.92819 7.29405
    endloop
  endfacet
  facet normal 0.0980061 0.995186 0
    outer loop
      vertex 0 2.98555 7.29405
      vertex 0.582452 2.92819 6.70595
      vertex 0 2.98555 6.70595
    endloop
  endfacet
  facet normal 0.865135 0.462419 0.194189
    outer loop
      vertex 2.4824 1.65868 7.29405
      vertex 2.387 1.59494 7.87085
      vertex 2.75829 1.14252 7.29405
    endloop
  endfacet
  facet normal 0.367721 0.111546 0.923222
    outer loop
      vertex 1.30654 0.541186 9.64576
      vertex 0.804564 0.333261 9.87082
      vertex 0.85412 0.169895 9.87082
    endloop
  endfacet
  facet normal 0.828691 -0.0816199 0.553723
    outer loop
      vertex 2.31903 0 8.90318
      vertex 2.27447 -0.45242 8.90318
      vertex 2.59493 -0.516163 8.41419
    endloop
  endfacet
  facet normal 0.976243 0.0961406 -0.194182
    outer loop
      vertex 2.98555 0 6.70595
      vertex 2.87082 0 6.12915
      vertex 2.92819 0.582452 6.70595
    endloop
  endfacet
  facet normal 0.938721 0.284767 -0.19419
    outer loop
      vertex 2.81566 0.560069 6.12915
      vertex 2.65229 1.09861 6.12915
      vertex 2.75829 1.14252 6.70595
    endloop
  endfacet
  facet normal 0.88472 0.268386 -0.381102
    outer loop
      vertex 2.81566 0.560069 6.12915
      vertex 2.59493 0.516163 5.58581
      vertex 2.65229 1.09861 6.12915
    endloop
  endfacet
  facet normal 0.995186 -0.0980061 0
    outer loop
      vertex 2.92819 -0.582452 7.29405
      vertex 2.98555 0 6.70595
      vertex 2.98555 0 7.29405
    endloop
  endfacet
  facet normal 0.995186 -0.0980061 0
    outer loop
      vertex 2.98555 0 6.70595
      vertex 2.92819 -0.582452 7.29405
      vertex 2.92819 -0.582452 6.70595
    endloop
  endfacet
  facet normal -0.976241 0.0961479 0.194189
    outer loop
      vertex -2.81566 0.560069 7.87085
      vertex -2.92819 0.582452 7.29405
      vertex -2.87082 0 7.87085
    endloop
  endfacet
  facet normal -0.241722 0.796845 0.553723
    outer loop
      vertex -0.516163 2.59493 8.41419
      vertex -1.01249 2.44437 8.41419
      vertex -0.45242 2.27447 8.90318
    endloop
  endfacet
  facet normal -0.881924 0.471392 0
    outer loop
      vertex -2.75829 1.14252 6.70595
      vertex -2.4824 1.65868 7.29405
      vertex -2.4824 1.65868 6.70595
    endloop
  endfacet
  facet normal -0.881924 0.471392 0
    outer loop
      vertex -2.4824 1.65868 7.29405
      vertex -2.75829 1.14252 6.70595
      vertex -2.75829 1.14252 7.29405
    endloop
  endfacet
  facet normal -0.586509 0.714679 0.381104
    outer loop
      vertex -1.59494 2.387 7.87085
      vertex -2.02998 2.02998 7.87085
      vertex -1.46991 2.19987 8.41419
    endloop
  endfacet
  facet normal -0.151505 0.124335 0.980605
    outer loop
      vertex -0.207925 0.207925 9.98555
      vertex -0.615787 0.615787 9.87082
      vertex -0.244494 0.163365 9.98555
    endloop
  endfacet
  facet normal -0.449678 0.547922 -0.705388
    outer loop
      vertex -1.6398 1.6398 5.09682
      vertex -1.30174 1.7926 5
      vertex -1.57134 1.57134 5
    endloop
  endfacet
  facet normal -0.449682 0.547945 -0.705367
    outer loop
      vertex -1.30174 1.7926 5
      vertex -1.6398 1.6398 5.09682
      vertex -1.28838 1.9282 5.09682
    endloop
  endfacet
  facet normal -0.758292 0.622328 0.194168
    outer loop
      vertex -2.1111 2.1111 7.29405
      vertex -2.4824 1.65868 7.29405
      vertex -2.02998 2.02998 7.87085
    endloop
  endfacet
  facet normal -0.625123 0.334118 -0.705398
    outer loop
      vertex -2.1425 0.887454 5.09682
      vertex -1.88865 1.15799 5
      vertex -2.05305 0.850403 5
    endloop
  endfacet
  facet normal -0.625142 0.334146 -0.705368
    outer loop
      vertex -1.88865 1.15799 5
      vertex -2.1425 0.887454 5.09682
      vertex -1.9282 1.28838 5.09682
    endloop
  endfacet
  facet normal -0.81537 -0.435818 -0.381096
    outer loop
      vertex -2.387 -1.59494 6.12915
      vertex -2.65229 -1.09861 6.12915
      vertex -2.44437 -1.01249 5.58581
    endloop
  endfacet
  facet normal 0.678299 0.205718 -0.705401
    outer loop
      vertex 2.17951 0.433532 5
      vertex 2.1543 0.516655 5
      vertex 2.27447 0.45242 5.09682
    endloop
  endfacet
  facet normal 0.88472 -0.268386 -0.381102
    outer loop
      vertex 2.65229 -1.09861 6.12915
      vertex 2.59493 -0.516163 5.58581
      vertex 2.81566 -0.560069 6.12915
    endloop
  endfacet
  facet normal 0.796845 0.241722 0.553723
    outer loop
      vertex 2.44437 1.01249 8.41419
      vertex 2.27447 0.45242 8.90318
      vertex 2.59493 0.516163 8.41419
    endloop
  endfacet
  facet normal 0.462419 -0.865135 0.194189
    outer loop
      vertex 1.59494 -2.387 7.87085
      vertex 1.14252 -2.75829 7.29405
      vertex 1.65868 -2.4824 7.29405
    endloop
  endfacet
  facet normal 0.622309 -0.758303 0.194189
    outer loop
      vertex 2.02998 -2.02998 7.87085
      vertex 1.59494 -2.387 7.87085
      vertex 1.65868 -2.4824 7.29405
    endloop
  endfacet
  facet normal 0.187553 0.0568967 0.980605
    outer loop
      vertex 0.85412 0.169895 9.87082
      vertex 0.271667 0.112528 9.98555
      vertex 0.288401 0.0573664 9.98555
    endloop
  endfacet
  facet normal 0.195049 0.0192104 0.980605
    outer loop
      vertex 0.85412 0.169895 9.87082
      vertex 0.288401 0.0573664 9.98555
      vertex 0.294051 0 9.98555
    endloop
  endfacet
  facet normal 0.462418 0.865136 0.194191
    outer loop
      vertex 1.14252 2.75829 7.29405
      vertex 1.09861 2.65229 7.87085
      vertex 1.59494 2.387 7.87085
    endloop
  endfacet
  facet normal 0.241726 0.796841 0.553727
    outer loop
      vertex 1.01249 2.44437 8.41419
      vertex 0.45242 2.27447 8.90318
      vertex 0.887454 2.1425 8.90318
    endloop
  endfacet
  facet normal -0.0546309 -0.554742 0.830227
    outer loop
      vertex -0.275894 -1.38702 9.64576
      vertex -0.371291 -1.86661 9.31903
      vertex 0 -1.41419 9.64576
    endloop
  endfacet
  facet normal 0.0923908 0.17285 0.980605
    outer loop
      vertex 0.333261 0.804564 9.87082
      vertex 0.163365 0.244494 9.98555
      vertex 0.48382 0.724088 9.87082
    endloop
  endfacet
  facet normal 0.17285 0.0923904 0.980605
    outer loop
      vertex 0.804564 0.333261 9.87082
      vertex 0.244494 0.163365 9.98555
      vertex 0.271667 0.112528 9.98555
    endloop
  endfacet
  facet normal 0.338896 -0.181136 0.923222
    outer loop
      vertex 1.30654 -0.541186 9.64576
      vertex 0.804564 -0.333261 9.87082
      vertex 1.17586 -0.785682 9.64576
    endloop
  endfacet
  facet normal -0.151505 -0.124335 0.980605
    outer loop
      vertex -0.244494 -0.163365 9.98555
      vertex -0.724088 -0.48382 9.87082
      vertex -0.615787 -0.615787 9.87082
    endloop
  endfacet
  facet normal -0.678292 -0.205764 0.705394
    outer loop
      vertex -1.75831 -0.728315 9.31903
      vertex -2.27447 -0.45242 8.90318
      vertex -2.1425 -0.887454 8.90318
    endloop
  endfacet
  facet normal -0.678291 -0.205753 0.705399
    outer loop
      vertex -1.86661 -0.371291 9.31903
      vertex -2.27447 -0.45242 8.90318
      vertex -1.75831 -0.728315 9.31903
    endloop
  endfacet
  facet normal -0.734375 -0.392532 -0.553726
    outer loop
      vertex -1.9282 -1.28838 5.09682
      vertex -2.44437 -1.01249 5.58581
      vertex -2.1425 -0.887454 5.09682
    endloop
  endfacet
  facet normal -0.828698 -0.0816074 -0.553714
    outer loop
      vertex -2.59493 -0.516163 5.58581
      vertex -2.64576 0 5.58581
      vertex -2.31903 0 5.09682
    endloop
  endfacet
  facet normal 0.334146 -0.625142 -0.705368
    outer loop
      vertex 0.887454 -2.1425 5.09682
      vertex 1.15799 -1.88865 5
      vertex 1.28838 -1.9282 5.09682
    endloop
  endfacet
  facet normal 0.334118 -0.625123 -0.705398
    outer loop
      vertex 1.15799 -1.88865 5
      vertex 0.887454 -2.1425 5.09682
      vertex 0.850403 -2.05305 5
    endloop
  endfacet
  facet normal 0.205773 -0.678285 -0.705398
    outer loop
      vertex 0.887454 -2.1425 5.09682
      vertex 0.516655 -2.1543 5
      vertex 0.850403 -2.05305 5
    endloop
  endfacet
  facet normal 0.205768 -0.678308 -0.705378
    outer loop
      vertex 0.516655 -2.1543 5
      vertex 0.887454 -2.1425 5.09682
      vertex 0.45242 -2.27447 5.09682
    endloop
  endfacet
  facet normal -0.622328 -0.758292 -0.194168
    outer loop
      vertex -1.65868 -2.4824 6.70595
      vertex -2.1111 -2.1111 6.70595
      vertex -2.02998 -2.02998 6.12915
    endloop
  endfacet
  facet normal 0.462418 -0.865136 0.194191
    outer loop
      vertex 1.59494 -2.387 7.87085
      vertex 1.09861 -2.65229 7.87085
      vertex 1.14252 -2.75829 7.29405
    endloop
  endfacet
  facet normal -0.714679 -0.586509 0.381104
    outer loop
      vertex -2.19987 -1.46991 8.41419
      vertex -2.387 -1.59494 7.87085
      vertex -2.02998 -2.02998 7.87085
    endloop
  endfacet
  facet normal -0.920081 -0.0906168 -0.381102
    outer loop
      vertex -2.81566 -0.560069 6.12915
      vertex -2.87082 0 6.12915
      vertex -2.59493 -0.516163 5.58581
    endloop
  endfacet
  facet normal 0.268386 -0.88472 -0.381102
    outer loop
      vertex 0.560069 -2.81566 6.12915
      vertex 0.516163 -2.59493 5.58581
      vertex 1.09861 -2.65229 6.12915
    endloop
  endfacet
  facet normal -0.0961406 -0.976243 0.194182
    outer loop
      vertex 0 -2.87082 7.87085
      vertex -0.582452 -2.92819 7.29405
      vertex 0 -2.98555 7.29405
    endloop
  endfacet
  facet normal 0.705413 -0.069478 -0.705383
    outer loop
      vertex 2.27447 -0.45242 5.09682
      vertex 2.2137 -0.0864452 5
      vertex 2.31903 0 5.09682
    endloop
  endfacet
  facet normal 0.705396 -0.0694854 -0.7054
    outer loop
      vertex 2.2137 -0.0864452 5
      vertex 2.27447 -0.45242 5.09682
      vertex 2.17951 -0.433532 5
    endloop
  endfacet
  facet normal 0.622309 0.758303 0.194189
    outer loop
      vertex 1.65868 2.4824 7.29405
      vertex 1.59494 2.387 7.87085
      vertex 2.02998 2.02998 7.87085
    endloop
  endfacet
  facet normal 0.865136 0.462418 -0.194191
    outer loop
      vertex 2.65229 1.09861 6.12915
      vertex 2.387 1.59494 6.12915
      vertex 2.75829 1.14252 6.70595
    endloop
  endfacet
  facet normal 0.758303 0.622309 0.194189
    outer loop
      vertex 2.4824 1.65868 7.29405
      vertex 2.02998 2.02998 7.87085
      vertex 2.387 1.59494 7.87085
    endloop
  endfacet
  facet normal -0.815361 0.435827 0.381106
    outer loop
      vertex -2.387 1.59494 7.87085
      vertex -2.44437 1.01249 8.41419
      vertex -2.19987 1.46991 8.41419
    endloop
  endfacet
  facet normal -0.0961479 0.976241 -0.194189
    outer loop
      vertex -0.560069 2.81566 6.12915
      vertex -0.582452 2.92819 6.70595
      vertex 0 2.87082 6.12915
    endloop
  endfacet
  facet normal 0.284767 0.938721 -0.19419
    outer loop
      vertex 1.09861 2.65229 6.12915
      vertex 0.560069 2.81566 6.12915
      vertex 1.14252 2.75829 6.70595
    endloop
  endfacet
  facet normal 0.714679 0.586509 0.381104
    outer loop
      vertex 2.387 1.59494 7.87085
      vertex 2.02998 2.02998 7.87085
      vertex 2.19987 1.46991 8.41419
    endloop
  endfacet
  facet normal 0.938722 0.284767 -0.194189
    outer loop
      vertex 2.81566 0.560069 6.12915
      vertex 2.75829 1.14252 6.70595
      vertex 2.92819 0.582452 6.70595
    endloop
  endfacet
  facet normal 0.586511 -0.714676 -0.381107
    outer loop
      vertex 2.02998 -2.02998 6.12915
      vertex 1.46991 -2.19987 5.58581
      vertex 1.87084 -1.87084 5.58581
    endloop
  endfacet
  facet normal 0.334176 -0.625101 -0.705391
    outer loop
      vertex 1.28838 -1.9282 5.09682
      vertex 1.15799 -1.88865 5
      vertex 1.23459 -1.8477 5
    endloop
  endfacet
  facet normal 0.622309 -0.758303 -0.194189
    outer loop
      vertex 1.65868 -2.4824 6.70595
      vertex 1.59494 -2.387 6.12915
      vertex 2.02998 -2.02998 6.12915
    endloop
  endfacet
  facet normal 0.435818 -0.81537 -0.381096
    outer loop
      vertex 1.09861 -2.65229 6.12915
      vertex 1.01249 -2.44437 5.58581
      vertex 1.59494 -2.387 6.12915
    endloop
  endfacet
  facet normal -0.714676 -0.586511 -0.381107
    outer loop
      vertex -2.02998 -2.02998 6.12915
      vertex -2.19987 -1.46991 5.58581
      vertex -1.87084 -1.87084 5.58581
    endloop
  endfacet
  facet normal -0.586511 -0.714676 -0.381107
    outer loop
      vertex -1.46991 -2.19987 5.58581
      vertex -2.02998 -2.02998 6.12915
      vertex -1.87084 -1.87084 5.58581
    endloop
  endfacet
  facet normal -0.758292 -0.622328 0.194168
    outer loop
      vertex -2.02998 -2.02998 7.87085
      vertex -2.4824 -1.65868 7.29405
      vertex -2.1111 -2.1111 7.29405
    endloop
  endfacet
  facet normal -0.956938 -0.290293 0
    outer loop
      vertex -2.75829 -1.14252 6.70595
      vertex -2.92819 -0.582452 7.29405
      vertex -2.92819 -0.582452 6.70595
    endloop
  endfacet
  facet normal -0.956938 -0.290293 0
    outer loop
      vertex -2.92819 -0.582452 7.29405
      vertex -2.75829 -1.14252 6.70595
      vertex -2.75829 -1.14252 7.29405
    endloop
  endfacet
  facet normal -0.881924 -0.471392 0
    outer loop
      vertex -2.4824 -1.65868 6.70595
      vertex -2.75829 -1.14252 7.29405
      vertex -2.75829 -1.14252 6.70595
    endloop
  endfacet
  facet normal -0.881924 -0.471392 0
    outer loop
      vertex -2.75829 -1.14252 7.29405
      vertex -2.4824 -1.65868 6.70595
      vertex -2.4824 -1.65868 7.29405
    endloop
  endfacet
  facet normal -0.430888 0.353631 0.830229
    outer loop
      vertex -0.999983 0.999983 9.64576
      vertex -1.34575 1.34575 9.31903
      vertex -1.17586 0.785682 9.64576
    endloop
  endfacet
  facet normal -0.828698 -0.0816074 0.553714
    outer loop
      vertex -2.31903 0 8.90318
      vertex -2.64576 0 8.41419
      vertex -2.59493 -0.516163 8.41419
    endloop
  endfacet
  facet normal -0.205773 0.678285 -0.705398
    outer loop
      vertex -0.887454 2.1425 5.09682
      vertex -0.516655 2.1543 5
      vertex -0.850403 2.05305 5
    endloop
  endfacet
  facet normal -0.205768 0.678308 -0.705378
    outer loop
      vertex -0.516655 2.1543 5
      vertex -0.887454 2.1425 5.09682
      vertex -0.45242 2.27447 5.09682
    endloop
  endfacet
  facet normal -0.938722 -0.284767 -0.194189
    outer loop
      vertex -2.75829 -1.14252 6.70595
      vertex -2.92819 -0.582452 6.70595
      vertex -2.81566 -0.560069 6.12915
    endloop
  endfacet
  facet normal -0.758292 0.622328 -0.194168
    outer loop
      vertex -2.02998 2.02998 6.12915
      vertex -2.4824 1.65868 6.70595
      vertex -2.1111 2.1111 6.70595
    endloop
  endfacet
  facet normal -0.586511 0.714676 0.381107
    outer loop
      vertex -1.46991 2.19987 8.41419
      vertex -2.02998 2.02998 7.87085
      vertex -1.87084 1.87084 8.41419
    endloop
  endfacet
  facet normal -0.462419 0.865135 0.194189
    outer loop
      vertex -1.14252 2.75829 7.29405
      vertex -1.65868 2.4824 7.29405
      vertex -1.59494 2.387 7.87085
    endloop
  endfacet
  facet normal -0.938721 0.284767 -0.19419
    outer loop
      vertex -2.65229 1.09861 6.12915
      vertex -2.81566 0.560069 6.12915
      vertex -2.75829 1.14252 6.70595
    endloop
  endfacet
  facet normal -0.938722 0.284767 -0.194189
    outer loop
      vertex -2.81566 0.560069 6.12915
      vertex -2.92819 0.582452 6.70595
      vertex -2.75829 1.14252 6.70595
    endloop
  endfacet
  facet normal -0.796841 0.241726 -0.553727
    outer loop
      vertex -2.27447 0.45242 5.09682
      vertex -2.44437 1.01249 5.58581
      vertex -2.1425 0.887454 5.09682
    endloop
  endfacet
  facet normal -0.920079 0.0906063 -0.381111
    outer loop
      vertex -2.64576 0 5.58581
      vertex -2.87082 0 6.12915
      vertex -2.59493 0.516163 5.58581
    endloop
  endfacet
  facet normal 0.938722 -0.284767 0.194189
    outer loop
      vertex 2.81566 -0.560069 7.87085
      vertex 2.75829 -1.14252 7.29405
      vertex 2.92819 -0.582452 7.29405
    endloop
  endfacet
  facet normal 0.938721 -0.284767 -0.19419
    outer loop
      vertex 2.75829 -1.14252 6.70595
      vertex 2.65229 -1.09861 6.12915
      vertex 2.81566 -0.560069 6.12915
    endloop
  endfacet
  facet normal 0.678291 0.205753 0.705399
    outer loop
      vertex 2.27447 0.45242 8.90318
      vertex 1.75831 0.728315 9.31903
      vertex 1.86661 0.371291 9.31903
    endloop
  endfacet
  facet normal 0.796841 0.241726 0.553727
    outer loop
      vertex 2.44437 1.01249 8.41419
      vertex 2.1425 0.887454 8.90318
      vertex 2.27447 0.45242 8.90318
    endloop
  endfacet
  facet normal 0.547921 -0.449663 0.705398
    outer loop
      vertex 1.9282 -1.28838 8.90318
      vertex 1.34575 -1.34575 9.31903
      vertex 1.6398 -1.6398 8.90318
    endloop
  endfacet
  facet normal 0.554737 -0.0546384 0.83023
    outer loop
      vertex 1.90318 0 9.31903
      vertex 1.41419 0 9.64576
      vertex 1.86661 -0.371291 9.31903
    endloop
  endfacet
  facet normal 0.758292 -0.622328 -0.194168
    outer loop
      vertex 2.1111 -2.1111 6.70595
      vertex 2.02998 -2.02998 6.12915
      vertex 2.4824 -1.65868 6.70595
    endloop
  endfacet
  facet normal 0.938721 -0.284767 0.19419
    outer loop
      vertex 2.81566 -0.560069 7.87085
      vertex 2.65229 -1.09861 7.87085
      vertex 2.75829 -1.14252 7.29405
    endloop
  endfacet
  facet normal 0.920081 -0.0906168 0.381102
    outer loop
      vertex 2.87082 0 7.87085
      vertex 2.59493 -0.516163 8.41419
      vertex 2.81566 -0.560069 7.87085
    endloop
  endfacet
  facet normal 0.586511 -0.714676 0.381107
    outer loop
      vertex 1.87084 -1.87084 8.41419
      vertex 1.46991 -2.19987 8.41419
      vertex 2.02998 -2.02998 7.87085
    endloop
  endfacet
  facet normal -0.547918 -0.449677 0.705391
    outer loop
      vertex -1.58244 -1.05735 9.31903
      vertex -1.9282 -1.28838 8.90318
      vertex -1.34575 -1.34575 9.31903
    endloop
  endfacet
  facet normal 0.0906168 -0.920081 0.381102
    outer loop
      vertex 0.516163 -2.59493 8.41419
      vertex 0 -2.87082 7.87085
      vertex 0.560069 -2.81566 7.87085
    endloop
  endfacet
  facet normal 0.195049 -0.0192105 0.980605
    outer loop
      vertex 0.870853 0 9.87082
      vertex 0.294051 0 9.98555
      vertex 0.85412 -0.169895 9.87082
    endloop
  endfacet
  facet normal 0.382416 -0.0376602 0.923223
    outer loop
      vertex 1.41419 0 9.64576
      vertex 0.870853 0 9.87082
      vertex 1.38702 -0.275894 9.64576
    endloop
  endfacet
  facet normal 0.554742 -0.0546309 0.830227
    outer loop
      vertex 1.41419 0 9.64576
      vertex 1.38702 -0.275894 9.64576
      vertex 1.86661 -0.371291 9.31903
    endloop
  endfacet
  facet normal 0.554737 0.0546384 0.83023
    outer loop
      vertex 1.86661 0.371291 9.31903
      vertex 1.41419 0 9.64576
      vertex 1.90318 0 9.31903
    endloop
  endfacet
  facet normal -0.161819 0.533414 0.830231
    outer loop
      vertex -0.275894 1.38702 9.64576
      vertex -0.728315 1.75831 9.31903
      vertex -0.541186 1.30654 9.64576
    endloop
  endfacet
  facet normal 0.643688 0.528256 0.553725
    outer loop
      vertex 1.87084 1.87084 8.41419
      vertex 1.6398 1.6398 8.90318
      vertex 1.9282 1.28838 8.90318
    endloop
  endfacet
  facet normal -0.554737 -0.0546384 0.83023
    outer loop
      vertex -1.41419 0 9.64576
      vertex -1.90318 0 9.31903
      vertex -1.86661 -0.371291 9.31903
    endloop
  endfacet
  facet normal -0.382416 0.0376602 0.923223
    outer loop
      vertex -1.38702 0.275894 9.64576
      vertex -1.41419 0 9.64576
      vertex -0.870853 0 9.87082
    endloop
  endfacet
  facet normal -0.528255 0.64369 0.553724
    outer loop
      vertex -1.46991 2.19987 8.41419
      vertex -1.87084 1.87084 8.41419
      vertex -1.28838 1.9282 8.90318
    endloop
  endfacet
  facet normal -0.449677 0.547918 0.705391
    outer loop
      vertex -1.28838 1.9282 8.90318
      vertex -1.34575 1.34575 9.31903
      vertex -1.05735 1.58244 9.31903
    endloop
  endfacet
  facet normal -0.262764 0.491604 0.830229
    outer loop
      vertex -0.728315 1.75831 9.31903
      vertex -1.05735 1.58244 9.31903
      vertex -0.785682 1.17586 9.64576
    endloop
  endfacet
  facet normal 0.0694764 0.705398 0.705399
    outer loop
      vertex 0.45242 2.27447 8.90318
      vertex 0 2.31903 8.90318
      vertex 0.371291 1.86661 9.31903
    endloop
  endfacet
  facet normal -0.195049 -0.0192104 0.980605
    outer loop
      vertex -0.294051 0 9.98555
      vertex -0.85412 -0.169895 9.87082
      vertex -0.288401 -0.0573664 9.98555
    endloop
  endfacet
  facet normal 0.0568931 -0.187553 0.980605
    outer loop
      vertex 0.333261 -0.804564 9.87082
      vertex 0.112528 -0.271667 9.98555
      vertex 0.169895 -0.85412 9.87082
    endloop
  endfacet
  facet normal -0.796841 -0.241726 0.553727
    outer loop
      vertex -2.27447 -0.45242 8.90318
      vertex -2.44437 -1.01249 8.41419
      vertex -2.1425 -0.887454 8.90318
    endloop
  endfacet
  facet normal -0.586509 -0.714679 0.381104
    outer loop
      vertex -1.46991 -2.19987 8.41419
      vertex -2.02998 -2.02998 7.87085
      vertex -1.59494 -2.387 7.87085
    endloop
  endfacet
  facet normal 0.449663 -0.547921 0.705398
    outer loop
      vertex 1.34575 -1.34575 9.31903
      vertex 1.28838 -1.9282 8.90318
      vertex 1.6398 -1.6398 8.90318
    endloop
  endfacet
  facet normal 0.435827 -0.815361 0.381106
    outer loop
      vertex 1.46991 -2.19987 8.41419
      vertex 1.01249 -2.44437 8.41419
      vertex 1.59494 -2.387 7.87085
    endloop
  endfacet
  facet normal -0.462418 -0.865136 0.194191
    outer loop
      vertex -1.09861 -2.65229 7.87085
      vertex -1.59494 -2.387 7.87085
      vertex -1.14252 -2.75829 7.29405
    endloop
  endfacet
  facet normal -0.865135 -0.462419 0.194189
    outer loop
      vertex -2.387 -1.59494 7.87085
      vertex -2.75829 -1.14252 7.29405
      vertex -2.4824 -1.65868 7.29405
    endloop
  endfacet
  facet normal -0.714676 0.586511 0.381107
    outer loop
      vertex -2.02998 2.02998 7.87085
      vertex -2.19987 1.46991 8.41419
      vertex -1.87084 1.87084 8.41419
    endloop
  endfacet
  facet normal -0.865136 -0.462418 0.194191
    outer loop
      vertex -2.65229 -1.09861 7.87085
      vertex -2.75829 -1.14252 7.29405
      vertex -2.387 -1.59494 7.87085
    endloop
  endfacet
  facet normal -0.205768 -0.678308 -0.705378
    outer loop
      vertex -0.887454 -2.1425 5.09682
      vertex -0.516655 -2.1543 5
      vertex -0.45242 -2.27447 5.09682
    endloop
  endfacet
  facet normal -0.205773 -0.678285 -0.705398
    outer loop
      vertex -0.516655 -2.1543 5
      vertex -0.887454 -2.1425 5.09682
      vertex -0.850403 -2.05305 5
    endloop
  endfacet
  facet normal 0.392538 -0.734374 -0.553723
    outer loop
      vertex 1.46991 -2.19987 5.58581
      vertex 1.01249 -2.44437 5.58581
      vertex 1.28838 -1.9282 5.09682
    endloop
  endfacet
  facet normal 0.528255 -0.64369 -0.553724
    outer loop
      vertex 1.46991 -2.19987 5.58581
      vertex 1.28838 -1.9282 5.09682
      vertex 1.87084 -1.87084 5.58581
    endloop
  endfacet
  facet normal 0.0906168 -0.920081 -0.381102
    outer loop
      vertex 0.560069 -2.81566 6.12915
      vertex 0 -2.87082 6.12915
      vertex 0.516163 -2.59493 5.58581
    endloop
  endfacet
  facet normal 0.0961406 -0.976243 -0.194182
    outer loop
      vertex 0.582452 -2.92819 6.70595
      vertex 0 -2.98555 6.70595
      vertex 0 -2.87082 6.12915
    endloop
  endfacet
  facet normal 0.462419 -0.865135 -0.194189
    outer loop
      vertex 1.65868 -2.4824 6.70595
      vertex 1.14252 -2.75829 6.70595
      vertex 1.59494 -2.387 6.12915
    endloop
  endfacet
  facet normal 0.26838 -0.884725 -0.381096
    outer loop
      vertex 1.09861 -2.65229 6.12915
      vertex 0.516163 -2.59493 5.58581
      vertex 1.01249 -2.44437 5.58581
    endloop
  endfacet
  facet normal -0.0961479 -0.976241 -0.194189
    outer loop
      vertex 0 -2.87082 6.12915
      vertex -0.582452 -2.92819 6.70595
      vertex -0.560069 -2.81566 6.12915
    endloop
  endfacet
  facet normal 0.0961479 -0.976241 0.194189
    outer loop
      vertex 0.560069 -2.81566 7.87085
      vertex 0 -2.87082 7.87085
      vertex 0.582452 -2.92819 7.29405
    endloop
  endfacet
  facet normal 0.284767 -0.938722 0.194189
    outer loop
      vertex 1.14252 -2.75829 7.29405
      vertex 0.560069 -2.81566 7.87085
      vertex 0.582452 -2.92819 7.29405
    endloop
  endfacet
  facet normal -0.0961479 -0.976241 0.194189
    outer loop
      vertex -0.560069 -2.81566 7.87085
      vertex -0.582452 -2.92819 7.29405
      vertex 0 -2.87082 7.87085
    endloop
  endfacet
  facet normal 0.815361 -0.435827 -0.381106
    outer loop
      vertex 2.387 -1.59494 6.12915
      vertex 2.19987 -1.46991 5.58581
      vertex 2.44437 -1.01249 5.58581
    endloop
  endfacet
  facet normal 0.976243 -0.0961406 -0.194182
    outer loop
      vertex 2.92819 -0.582452 6.70595
      vertex 2.87082 0 6.12915
      vertex 2.98555 0 6.70595
    endloop
  endfacet
  facet normal 0.956938 0.290293 0
    outer loop
      vertex 2.92819 0.582452 7.29405
      vertex 2.75829 1.14252 6.70595
      vertex 2.75829 1.14252 7.29405
    endloop
  endfacet
  facet normal 0.956938 0.290293 0
    outer loop
      vertex 2.75829 1.14252 6.70595
      vertex 2.92819 0.582452 7.29405
      vertex 2.92819 0.582452 6.70595
    endloop
  endfacet
  facet normal 0.828698 0.0816074 -0.553714
    outer loop
      vertex 2.64576 0 5.58581
      vertex 2.31903 0 5.09682
      vertex 2.59493 0.516163 5.58581
    endloop
  endfacet
  facet normal 0.0906168 0.920081 0.381102
    outer loop
      vertex 0.560069 2.81566 7.87085
      vertex 0 2.87082 7.87085
      vertex 0.516163 2.59493 8.41419
    endloop
  endfacet
  facet normal 0.435818 0.81537 -0.381096
    outer loop
      vertex 1.59494 2.387 6.12915
      vertex 1.01249 2.44437 5.58581
      vertex 1.09861 2.65229 6.12915
    endloop
  endfacet
  facet normal -0.0961406 0.976243 0.194182
    outer loop
      vertex 0 2.98555 7.29405
      vertex -0.582452 2.92819 7.29405
      vertex 0 2.87082 7.87085
    endloop
  endfacet
  facet normal -0.0961479 0.976241 0.194189
    outer loop
      vertex 0 2.87082 7.87085
      vertex -0.582452 2.92819 7.29405
      vertex -0.560069 2.81566 7.87085
    endloop
  endfacet
  facet normal -0.284767 0.938722 0.194189
    outer loop
      vertex -0.582452 2.92819 7.29405
      vertex -1.14252 2.75829 7.29405
      vertex -0.560069 2.81566 7.87085
    endloop
  endfacet
  facet normal -0.0906063 0.920079 0.381111
    outer loop
      vertex 0 2.87082 7.87085
      vertex -0.516163 2.59493 8.41419
      vertex 0 2.64576 8.41419
    endloop
  endfacet
  facet normal -0.634402 0.773003 0
    outer loop
      vertex -1.65868 2.4824 6.70595
      vertex -2.1111 2.1111 7.29405
      vertex -1.65868 2.4824 7.29405
    endloop
  endfacet
  facet normal -0.634402 0.773003 0
    outer loop
      vertex -2.1111 2.1111 7.29405
      vertex -1.65868 2.4824 6.70595
      vertex -2.1111 2.1111 6.70595
    endloop
  endfacet
  facet normal 0.920079 -0.0906063 0.381111
    outer loop
      vertex 2.64576 0 8.41419
      vertex 2.59493 -0.516163 8.41419
      vertex 2.87082 0 7.87085
    endloop
  endfacet
  facet normal 0.938721 0.284767 0.19419
    outer loop
      vertex 2.75829 1.14252 7.29405
      vertex 2.65229 1.09861 7.87085
      vertex 2.81566 0.560069 7.87085
    endloop
  endfacet
  facet normal 0.773003 0.634402 0
    outer loop
      vertex 2.4824 1.65868 7.29405
      vertex 2.1111 2.1111 6.70595
      vertex 2.1111 2.1111 7.29405
    endloop
  endfacet
  facet normal 0.773003 0.634402 0
    outer loop
      vertex 2.1111 2.1111 6.70595
      vertex 2.4824 1.65868 7.29405
      vertex 2.4824 1.65868 6.70595
    endloop
  endfacet
  facet normal 0.758292 0.622328 -0.194168
    outer loop
      vertex 2.4824 1.65868 6.70595
      vertex 2.02998 2.02998 6.12915
      vertex 2.1111 2.1111 6.70595
    endloop
  endfacet
  facet normal 0.796841 0.241726 -0.553727
    outer loop
      vertex 2.27447 0.45242 5.09682
      vertex 2.1425 0.887454 5.09682
      vertex 2.44437 1.01249 5.58581
    endloop
  endfacet
  facet normal -0.0906063 0.920079 -0.381111
    outer loop
      vertex 0 2.64576 5.58581
      vertex -0.516163 2.59493 5.58581
      vertex 0 2.87082 6.12915
    endloop
  endfacet
  facet normal 0.334146 0.625142 -0.705368
    outer loop
      vertex 1.15799 1.88865 5
      vertex 0.887454 2.1425 5.09682
      vertex 1.28838 1.9282 5.09682
    endloop
  endfacet
  facet normal 0.334118 0.625123 -0.705398
    outer loop
      vertex 0.887454 2.1425 5.09682
      vertex 1.15799 1.88865 5
      vertex 0.850403 2.05305 5
    endloop
  endfacet
  facet normal 0.586511 0.714676 -0.381107
    outer loop
      vertex 1.87084 1.87084 5.58581
      vertex 1.46991 2.19987 5.58581
      vertex 2.02998 2.02998 6.12915
    endloop
  endfacet
  facet normal 0.865135 0.462419 -0.194189
    outer loop
      vertex 2.75829 1.14252 6.70595
      vertex 2.387 1.59494 6.12915
      vertex 2.4824 1.65868 6.70595
    endloop
  endfacet
  facet normal 0.734374 -0.392538 -0.553723
    outer loop
      vertex 2.19987 -1.46991 5.58581
      vertex 1.9282 -1.28838 5.09682
      vertex 2.44437 -1.01249 5.58581
    endloop
  endfacet
  facet normal 0.796845 -0.241722 -0.553723
    outer loop
      vertex 2.44437 -1.01249 5.58581
      vertex 2.27447 -0.45242 5.09682
      vertex 2.59493 -0.516163 5.58581
    endloop
  endfacet
  facet normal 0.7054 0.0694423 -0.7054
    outer loop
      vertex 2.22221 0 5
      vertex 2.2137 0.0864452 5
      vertex 2.31903 0 5.09682
    endloop
  endfacet
  facet normal 0.920079 0.0906063 -0.381111
    outer loop
      vertex 2.64576 0 5.58581
      vertex 2.59493 0.516163 5.58581
      vertex 2.87082 0 6.12915
    endloop
  endfacet
  facet normal 0.88472 -0.268386 0.381102
    outer loop
      vertex 2.81566 -0.560069 7.87085
      vertex 2.59493 -0.516163 8.41419
      vertex 2.65229 -1.09861 7.87085
    endloop
  endfacet
  facet normal 0.976243 -0.0961406 0.194182
    outer loop
      vertex 2.98555 0 7.29405
      vertex 2.87082 0 7.87085
      vertex 2.92819 -0.582452 7.29405
    endloop
  endfacet
  facet normal -0.449627 0.547958 -0.705392
    outer loop
      vertex -1.23459 1.8477 5
      vertex -1.30174 1.7926 5
      vertex -1.28838 1.9282 5.09682
    endloop
  endfacet
  facet normal -0.865136 -0.462418 -0.194191
    outer loop
      vertex -2.387 -1.59494 6.12915
      vertex -2.75829 -1.14252 6.70595
      vertex -2.65229 -1.09861 6.12915
    endloop
  endfacet
  facet normal -0.625142 -0.334146 -0.705368
    outer loop
      vertex -2.1425 -0.887454 5.09682
      vertex -1.88865 -1.15799 5
      vertex -1.9282 -1.28838 5.09682
    endloop
  endfacet
  facet normal -0.625123 -0.334118 -0.705398
    outer loop
      vertex -1.88865 -1.15799 5
      vertex -2.1425 -0.887454 5.09682
      vertex -2.05305 -0.850403 5
    endloop
  endfacet
  facet normal -0.528255 -0.64369 -0.553724
    outer loop
      vertex -1.46991 -2.19987 5.58581
      vertex -1.87084 -1.87084 5.58581
      vertex -1.28838 -1.9282 5.09682
    endloop
  endfacet
  facet normal -0.64369 -0.528255 -0.553724
    outer loop
      vertex -1.87084 -1.87084 5.58581
      vertex -2.19987 -1.46991 5.58581
      vertex -1.9282 -1.28838 5.09682
    endloop
  endfacet
  facet normal -0.471392 -0.881924 0
    outer loop
      vertex -1.65868 -2.4824 6.70595
      vertex -1.14252 -2.75829 7.29405
      vertex -1.65868 -2.4824 7.29405
    endloop
  endfacet
  facet normal -0.471392 -0.881924 -0
    outer loop
      vertex -1.14252 -2.75829 7.29405
      vertex -1.65868 -2.4824 6.70595
      vertex -1.14252 -2.75829 6.70595
    endloop
  endfacet
  facet normal -0.586509 -0.714679 -0.381104
    outer loop
      vertex -1.59494 -2.387 6.12915
      vertex -2.02998 -2.02998 6.12915
      vertex -1.46991 -2.19987 5.58581
    endloop
  endfacet
  facet normal -0.734374 -0.392538 -0.553723
    outer loop
      vertex -2.19987 -1.46991 5.58581
      vertex -2.44437 -1.01249 5.58581
      vertex -1.9282 -1.28838 5.09682
    endloop
  endfacet
  facet normal -0.547922 -0.449678 -0.705388
    outer loop
      vertex -1.6398 -1.6398 5.09682
      vertex -1.7926 -1.30174 5
      vertex -1.57134 -1.57134 5
    endloop
  endfacet
  facet normal -0.547945 -0.449682 -0.705367
    outer loop
      vertex -1.7926 -1.30174 5
      vertex -1.6398 -1.6398 5.09682
      vertex -1.9282 -1.28838 5.09682
    endloop
  endfacet
  facet normal -0.828691 -0.0816199 -0.553723
    outer loop
      vertex -2.27447 -0.45242 5.09682
      vertex -2.59493 -0.516163 5.58581
      vertex -2.31903 0 5.09682
    endloop
  endfacet
  facet normal -0.865135 -0.462419 -0.194189
    outer loop
      vertex -2.4824 -1.65868 6.70595
      vertex -2.75829 -1.14252 6.70595
      vertex -2.387 -1.59494 6.12915
    endloop
  endfacet
  facet normal -0.938722 -0.284767 0.194189
    outer loop
      vertex -2.81566 -0.560069 7.87085
      vertex -2.92819 -0.582452 7.29405
      vertex -2.75829 -1.14252 7.29405
    endloop
  endfacet
  facet normal -0.884725 -0.26838 0.381096
    outer loop
      vertex -2.59493 -0.516163 8.41419
      vertex -2.65229 -1.09861 7.87085
      vertex -2.44437 -1.01249 8.41419
    endloop
  endfacet
  facet normal -0.35363 0.430889 0.830229
    outer loop
      vertex -1.05735 1.58244 9.31903
      vertex -1.34575 1.34575 9.31903
      vertex -0.785682 1.17586 9.64576
    endloop
  endfacet
  facet normal -0.26838 0.884725 0.381096
    outer loop
      vertex -0.516163 2.59493 8.41419
      vertex -1.09861 2.65229 7.87085
      vertex -1.01249 2.44437 8.41419
    endloop
  endfacet
  facet normal 0.0906063 0.920079 -0.381111
    outer loop
      vertex 0.516163 2.59493 5.58581
      vertex 0 2.64576 5.58581
      vertex 0 2.87082 6.12915
    endloop
  endfacet
  facet normal -0.069478 0.705413 -0.705383
    outer loop
      vertex -0.0864452 2.2137 5
      vertex -0.45242 2.27447 5.09682
      vertex 0 2.31903 5.09682
    endloop
  endfacet
  facet normal -0.0694854 0.705396 -0.7054
    outer loop
      vertex -0.45242 2.27447 5.09682
      vertex -0.0864452 2.2137 5
      vertex -0.433532 2.17951 5
    endloop
  endfacet
  facet normal -0.938721 0.284767 0.19419
    outer loop
      vertex -2.75829 1.14252 7.29405
      vertex -2.81566 0.560069 7.87085
      vertex -2.65229 1.09861 7.87085
    endloop
  endfacet
  facet normal -0.334118 0.625123 -0.705398
    outer loop
      vertex -1.15799 1.88865 5
      vertex -0.887454 2.1425 5.09682
      vertex -0.850403 2.05305 5
    endloop
  endfacet
  facet normal -0.334146 0.625142 -0.705368
    outer loop
      vertex -0.887454 2.1425 5.09682
      vertex -1.15799 1.88865 5
      vertex -1.28838 1.9282 5.09682
    endloop
  endfacet
  facet normal -0.81537 0.435818 -0.381096
    outer loop
      vertex -2.44437 1.01249 5.58581
      vertex -2.65229 1.09861 6.12915
      vertex -2.387 1.59494 6.12915
    endloop
  endfacet
  facet normal -0.290293 0.956938 0
    outer loop
      vertex -0.582452 2.92819 6.70595
      vertex -1.14252 2.75829 7.29405
      vertex -0.582452 2.92819 7.29405
    endloop
  endfacet
  facet normal -0.290293 0.956938 0
    outer loop
      vertex -1.14252 2.75829 7.29405
      vertex -0.582452 2.92819 6.70595
      vertex -1.14252 2.75829 6.70595
    endloop
  endfacet
  facet normal -0.471392 0.881924 0
    outer loop
      vertex -1.14252 2.75829 6.70595
      vertex -1.65868 2.4824 7.29405
      vertex -1.14252 2.75829 7.29405
    endloop
  endfacet
  facet normal -0.471392 0.881924 0
    outer loop
      vertex -1.65868 2.4824 7.29405
      vertex -1.14252 2.75829 6.70595
      vertex -1.65868 2.4824 6.70595
    endloop
  endfacet
  facet normal -0.773003 0.634402 0
    outer loop
      vertex -2.4824 1.65868 6.70595
      vertex -2.1111 2.1111 7.29405
      vertex -2.1111 2.1111 6.70595
    endloop
  endfacet
  facet normal -0.773003 0.634402 0
    outer loop
      vertex -2.1111 2.1111 7.29405
      vertex -2.4824 1.65868 6.70595
      vertex -2.4824 1.65868 7.29405
    endloop
  endfacet
  facet normal -0.81537 0.435818 0.381096
    outer loop
      vertex -2.387 1.59494 7.87085
      vertex -2.65229 1.09861 7.87085
      vertex -2.44437 1.01249 8.41419
    endloop
  endfacet
  facet normal -0.920081 0.0906168 0.381102
    outer loop
      vertex -2.81566 0.560069 7.87085
      vertex -2.87082 0 7.87085
      vertex -2.59493 0.516163 8.41419
    endloop
  endfacet
  facet normal -0.796845 -0.241722 -0.553723
    outer loop
      vertex -2.44437 -1.01249 5.58581
      vertex -2.59493 -0.516163 5.58581
      vertex -2.27447 -0.45242 5.09682
    endloop
  endfacet
  facet normal -0.88472 0.268386 -0.381102
    outer loop
      vertex -2.59493 0.516163 5.58581
      vertex -2.81566 0.560069 6.12915
      vertex -2.65229 1.09861 6.12915
    endloop
  endfacet
  facet normal -0.865136 0.462418 -0.194191
    outer loop
      vertex -2.65229 1.09861 6.12915
      vertex -2.75829 1.14252 6.70595
      vertex -2.387 1.59494 6.12915
    endloop
  endfacet
  facet normal -0.714679 0.586509 -0.381104
    outer loop
      vertex -2.19987 1.46991 5.58581
      vertex -2.387 1.59494 6.12915
      vertex -2.02998 2.02998 6.12915
    endloop
  endfacet
  facet normal 0.705398 0.0694776 0.705398
    outer loop
      vertex 2.31903 0 8.90318
      vertex 1.86661 0.371291 9.31903
      vertex 1.90318 0 9.31903
    endloop
  endfacet
  facet normal 0.976241 0.0961479 0.194189
    outer loop
      vertex 2.92819 0.582452 7.29405
      vertex 2.81566 0.560069 7.87085
      vertex 2.87082 0 7.87085
    endloop
  endfacet
  facet normal 0.920079 0.0906063 0.381111
    outer loop
      vertex 2.87082 0 7.87085
      vertex 2.59493 0.516163 8.41419
      vertex 2.64576 0 8.41419
    endloop
  endfacet
  facet normal 0.828698 0.0816074 0.553714
    outer loop
      vertex 2.59493 0.516163 8.41419
      vertex 2.31903 0 8.90318
      vertex 2.64576 0 8.41419
    endloop
  endfacet
  facet normal 0.734375 0.392532 0.553726
    outer loop
      vertex 2.44437 1.01249 8.41419
      vertex 1.9282 1.28838 8.90318
      vertex 2.1425 0.887454 8.90318
    endloop
  endfacet
  facet normal 0.678292 0.205764 0.705394
    outer loop
      vertex 2.1425 0.887454 8.90318
      vertex 1.75831 0.728315 9.31903
      vertex 2.27447 0.45242 8.90318
    endloop
  endfacet
  facet normal 0.161819 -0.533414 0.830231
    outer loop
      vertex 0.541186 -1.30654 9.64576
      vertex 0.275894 -1.38702 9.64576
      vertex 0.728315 -1.75831 9.31903
    endloop
  endfacet
  facet normal 0.334134 -0.625119 0.705394
    outer loop
      vertex 1.28838 -1.9282 8.90318
      vertex 0.728315 -1.75831 9.31903
      vertex 0.887454 -2.1425 8.90318
    endloop
  endfacet
  facet normal 0.622328 -0.758292 0.194168
    outer loop
      vertex 2.02998 -2.02998 7.87085
      vertex 1.65868 -2.4824 7.29405
      vertex 2.1111 -2.1111 7.29405
    endloop
  endfacet
  facet normal 0.758292 -0.622328 0.194168
    outer loop
      vertex 2.4824 -1.65868 7.29405
      vertex 2.02998 -2.02998 7.87085
      vertex 2.1111 -2.1111 7.29405
    endloop
  endfacet
  facet normal 0.815361 -0.435827 0.381106
    outer loop
      vertex 2.44437 -1.01249 8.41419
      vertex 2.19987 -1.46991 8.41419
      vertex 2.387 -1.59494 7.87085
    endloop
  endfacet
  facet normal 0.491604 -0.262764 0.830229
    outer loop
      vertex 1.75831 -0.728315 9.31903
      vertex 1.17586 -0.785682 9.64576
      vertex 1.58244 -1.05735 9.31903
    endloop
  endfacet
  facet normal 0.881924 -0.471392 0
    outer loop
      vertex 2.4824 -1.65868 7.29405
      vertex 2.75829 -1.14252 6.70595
      vertex 2.75829 -1.14252 7.29405
    endloop
  endfacet
  facet normal 0.881924 -0.471392 0
    outer loop
      vertex 2.75829 -1.14252 6.70595
      vertex 2.4824 -1.65868 7.29405
      vertex 2.4824 -1.65868 6.70595
    endloop
  endfacet
  facet normal 0.976241 -0.0961479 0.194189
    outer loop
      vertex 2.87082 0 7.87085
      vertex 2.81566 -0.560069 7.87085
      vertex 2.92819 -0.582452 7.29405
    endloop
  endfacet
  facet normal 0.392532 -0.734375 0.553726
    outer loop
      vertex 1.28838 -1.9282 8.90318
      vertex 0.887454 -2.1425 8.90318
      vertex 1.01249 -2.44437 8.41419
    endloop
  endfacet
  facet normal 0.392538 -0.734374 0.553723
    outer loop
      vertex 1.28838 -1.9282 8.90318
      vertex 1.01249 -2.44437 8.41419
      vertex 1.46991 -2.19987 8.41419
    endloop
  endfacet
  facet normal 0.533423 0.161809 0.830228
    outer loop
      vertex 1.75831 0.728315 9.31903
      vertex 1.38702 0.275894 9.64576
      vertex 1.86661 0.371291 9.31903
    endloop
  endfacet
  facet normal 0.533414 0.161819 0.830231
    outer loop
      vertex 1.75831 0.728315 9.31903
      vertex 1.30654 0.541186 9.64576
      vertex 1.38702 0.275894 9.64576
    endloop
  endfacet
  facet normal 0.367717 0.111552 0.923223
    outer loop
      vertex 1.30654 0.541186 9.64576
      vertex 0.85412 0.169895 9.87082
      vertex 1.38702 0.275894 9.64576
    endloop
  endfacet
  facet normal 0.195049 0.0192105 0.980605
    outer loop
      vertex 0.85412 0.169895 9.87082
      vertex 0.294051 0 9.98555
      vertex 0.870853 0 9.87082
    endloop
  endfacet
  facet normal 0.382414 -0.037664 0.923223
    outer loop
      vertex 0.870853 0 9.87082
      vertex 0.85412 -0.169895 9.87082
      vertex 1.38702 -0.275894 9.64576
    endloop
  endfacet
  facet normal 0.367717 -0.111552 0.923223
    outer loop
      vertex 1.38702 -0.275894 9.64576
      vertex 0.85412 -0.169895 9.87082
      vertex 1.30654 -0.541186 9.64576
    endloop
  endfacet
  facet normal 0.705398 -0.0694776 0.705398
    outer loop
      vertex 1.90318 0 9.31903
      vertex 1.86661 -0.371291 9.31903
      vertex 2.31903 0 8.90318
    endloop
  endfacet
  facet normal 0.828698 -0.0816074 0.553714
    outer loop
      vertex 2.64576 0 8.41419
      vertex 2.31903 0 8.90318
      vertex 2.59493 -0.516163 8.41419
    endloop
  endfacet
  facet normal 0.435818 0.81537 0.381096
    outer loop
      vertex 1.09861 2.65229 7.87085
      vertex 1.01249 2.44437 8.41419
      vertex 1.59494 2.387 7.87085
    endloop
  endfacet
  facet normal 0.528256 0.643688 0.553725
    outer loop
      vertex 1.87084 1.87084 8.41419
      vertex 1.28838 1.9282 8.90318
      vertex 1.6398 1.6398 8.90318
    endloop
  endfacet
  facet normal 0.430888 0.353631 0.830229
    outer loop
      vertex 1.34575 1.34575 9.31903
      vertex 0.999983 0.999983 9.64576
      vertex 1.17586 0.785682 9.64576
    endloop
  endfacet
  facet normal -0.0694776 0.705398 0.705398
    outer loop
      vertex 0 2.31903 8.90318
      vertex -0.371291 1.86661 9.31903
      vertex 0 1.90318 9.31903
    endloop
  endfacet
  facet normal -0.554742 0.0546309 0.830227
    outer loop
      vertex -1.38702 0.275894 9.64576
      vertex -1.86661 0.371291 9.31903
      vertex -1.41419 0 9.64576
    endloop
  endfacet
  facet normal -0.554742 -0.0546309 0.830227
    outer loop
      vertex -1.41419 0 9.64576
      vertex -1.86661 -0.371291 9.31903
      vertex -1.38702 -0.275894 9.64576
    endloop
  endfacet
  facet normal -0.678292 0.205764 0.705394
    outer loop
      vertex -2.1425 0.887454 8.90318
      vertex -2.27447 0.45242 8.90318
      vertex -1.75831 0.728315 9.31903
    endloop
  endfacet
  facet normal 0.0192104 0.195049 0.980605
    outer loop
      vertex 0.169895 0.85412 9.87082
      vertex 0 0.294051 9.98555
      vertex 0.0573664 0.288401 9.98555
    endloop
  endfacet
  facet normal -0.828698 0.0816074 0.553714
    outer loop
      vertex -2.59493 0.516163 8.41419
      vertex -2.64576 0 8.41419
      vertex -2.31903 0 8.90318
    endloop
  endfacet
  facet normal -0.554737 0.0546384 0.83023
    outer loop
      vertex -1.86661 0.371291 9.31903
      vertex -1.90318 0 9.31903
      vertex -1.41419 0 9.64576
    endloop
  endfacet
  facet normal -0.0546309 0.554742 0.830227
    outer loop
      vertex 0 1.41419 9.64576
      vertex -0.371291 1.86661 9.31903
      vertex -0.275894 1.38702 9.64576
    endloop
  endfacet
  facet normal 0.392538 0.734374 0.553723
    outer loop
      vertex 1.46991 2.19987 8.41419
      vertex 1.01249 2.44437 8.41419
      vertex 1.28838 1.9282 8.90318
    endloop
  endfacet
  facet normal -0.338896 0.181136 0.923222
    outer loop
      vertex -1.17586 0.785682 9.64576
      vertex -1.30654 0.541186 9.64576
      vertex -0.804564 0.333261 9.87082
    endloop
  endfacet
  facet normal -0.243772 -0.297042 0.923223
    outer loop
      vertex -0.615787 -0.615787 9.87082
      vertex -0.785682 -1.17586 9.64576
      vertex -0.48382 -0.724088 9.87082
    endloop
  endfacet
  facet normal -0.17285 0.0923908 0.980605
    outer loop
      vertex -0.724088 0.48382 9.87082
      vertex -0.804564 0.333261 9.87082
      vertex -0.244494 0.163365 9.98555
    endloop
  endfacet
  facet normal -0.262756 0.491604 0.830231
    outer loop
      vertex -0.728315 1.75831 9.31903
      vertex -0.785682 1.17586 9.64576
      vertex -0.541186 1.30654 9.64576
    endloop
  endfacet
  facet normal 0.111546 -0.367721 0.923222
    outer loop
      vertex 0.333261 -0.804564 9.87082
      vertex 0.169895 -0.85412 9.87082
      vertex 0.541186 -1.30654 9.64576
    endloop
  endfacet
  facet normal 0.262756 -0.491604 0.830231
    outer loop
      vertex 0.785682 -1.17586 9.64576
      vertex 0.541186 -1.30654 9.64576
      vertex 0.728315 -1.75831 9.31903
    endloop
  endfacet
  facet normal -0.0568931 0.187553 0.980605
    outer loop
      vertex -0.169895 0.85412 9.87082
      vertex -0.333261 0.804564 9.87082
      vertex -0.112528 0.271667 9.98555
    endloop
  endfacet
  facet normal -0.367717 -0.111552 0.923223
    outer loop
      vertex -0.85412 -0.169895 9.87082
      vertex -1.38702 -0.275894 9.64576
      vertex -1.30654 -0.541186 9.64576
    endloop
  endfacet
  facet normal 0.0192104 -0.195049 0.980605
    outer loop
      vertex 0.0573664 -0.288401 9.98555
      vertex 0 -0.294051 9.98555
      vertex 0.169895 -0.85412 9.87082
    endloop
  endfacet
  facet normal -0.195049 -0.0192105 0.980605
    outer loop
      vertex -0.294051 0 9.98555
      vertex -0.870853 0 9.87082
      vertex -0.85412 -0.169895 9.87082
    endloop
  endfacet
  facet normal 0.161809 -0.533423 0.830228
    outer loop
      vertex 0.728315 -1.75831 9.31903
      vertex 0.275894 -1.38702 9.64576
      vertex 0.371291 -1.86661 9.31903
    endloop
  endfacet
  facet normal -0.334134 -0.625119 0.705394
    outer loop
      vertex -0.728315 -1.75831 9.31903
      vertex -1.28838 -1.9282 8.90318
      vertex -0.887454 -2.1425 8.90318
    endloop
  endfacet
  facet normal -0.262764 -0.491604 0.830229
    outer loop
      vertex -0.785682 -1.17586 9.64576
      vertex -1.05735 -1.58244 9.31903
      vertex -0.728315 -1.75831 9.31903
    endloop
  endfacet
  facet normal -0.796845 -0.241722 0.553723
    outer loop
      vertex -2.27447 -0.45242 8.90318
      vertex -2.59493 -0.516163 8.41419
      vertex -2.44437 -1.01249 8.41419
    endloop
  endfacet
  facet normal -0.241726 -0.796841 0.553727
    outer loop
      vertex -0.887454 -2.1425 8.90318
      vertex -1.01249 -2.44437 8.41419
      vertex -0.45242 -2.27447 8.90318
    endloop
  endfacet
  facet normal -0.205764 -0.678292 0.705394
    outer loop
      vertex -0.728315 -1.75831 9.31903
      vertex -0.887454 -2.1425 8.90318
      vertex -0.45242 -2.27447 8.90318
    endloop
  endfacet
  facet normal 0.26838 -0.884725 0.381096
    outer loop
      vertex 1.01249 -2.44437 8.41419
      vertex 0.516163 -2.59493 8.41419
      vertex 1.09861 -2.65229 7.87085
    endloop
  endfacet
  facet normal 0.262764 -0.491604 0.830229
    outer loop
      vertex 0.785682 -1.17586 9.64576
      vertex 0.728315 -1.75831 9.31903
      vertex 1.05735 -1.58244 9.31903
    endloop
  endfacet
  facet normal -0.634402 -0.773003 0
    outer loop
      vertex -2.1111 -2.1111 6.70595
      vertex -1.65868 -2.4824 7.29405
      vertex -2.1111 -2.1111 7.29405
    endloop
  endfacet
  facet normal -0.634402 -0.773003 -0
    outer loop
      vertex -1.65868 -2.4824 7.29405
      vertex -2.1111 -2.1111 6.70595
      vertex -1.65868 -2.4824 6.70595
    endloop
  endfacet
  facet normal -0.449663 -0.547921 0.705398
    outer loop
      vertex -1.34575 -1.34575 9.31903
      vertex -1.6398 -1.6398 8.90318
      vertex -1.28838 -1.9282 8.90318
    endloop
  endfacet
  facet normal -0.622309 -0.758303 -0.194189
    outer loop
      vertex -1.65868 -2.4824 6.70595
      vertex -2.02998 -2.02998 6.12915
      vertex -1.59494 -2.387 6.12915
    endloop
  endfacet
  facet normal -0.462419 -0.865135 0.194189
    outer loop
      vertex -1.59494 -2.387 7.87085
      vertex -1.65868 -2.4824 7.29405
      vertex -1.14252 -2.75829 7.29405
    endloop
  endfacet
  facet normal -0.705398 -0.0694776 0.705398
    outer loop
      vertex -1.90318 0 9.31903
      vertex -2.31903 0 8.90318
      vertex -1.86661 -0.371291 9.31903
    endloop
  endfacet
  facet normal -0.705398 0.0694764 0.705399
    outer loop
      vertex -2.27447 0.45242 8.90318
      vertex -2.31903 0 8.90318
      vertex -1.86661 0.371291 9.31903
    endloop
  endfacet
  facet normal -0.625119 -0.334134 0.705394
    outer loop
      vertex -1.75831 -0.728315 9.31903
      vertex -2.1425 -0.887454 8.90318
      vertex -1.9282 -1.28838 8.90318
    endloop
  endfacet
  facet normal -0.181136 -0.338896 0.923222
    outer loop
      vertex -0.333261 -0.804564 9.87082
      vertex -0.785682 -1.17586 9.64576
      vertex -0.541186 -1.30654 9.64576
    endloop
  endfacet
  facet normal 0.0816199 -0.828691 -0.553723
    outer loop
      vertex 0.516163 -2.59493 5.58581
      vertex 0 -2.31903 5.09682
      vertex 0.45242 -2.27447 5.09682
    endloop
  endfacet
  facet normal -0.462418 -0.865136 -0.194191
    outer loop
      vertex -1.14252 -2.75829 6.70595
      vertex -1.59494 -2.387 6.12915
      vertex -1.09861 -2.65229 6.12915
    endloop
  endfacet
  facet normal -0.284767 -0.938721 -0.19419
    outer loop
      vertex -0.560069 -2.81566 6.12915
      vertex -1.14252 -2.75829 6.70595
      vertex -1.09861 -2.65229 6.12915
    endloop
  endfacet
  facet normal 0.241726 -0.796841 -0.553727
    outer loop
      vertex 1.01249 -2.44437 5.58581
      vertex 0.45242 -2.27447 5.09682
      vertex 0.887454 -2.1425 5.09682
    endloop
  endfacet
  facet normal 0.069478 -0.705413 -0.705383
    outer loop
      vertex 0.0864452 -2.2137 5
      vertex 0.45242 -2.27447 5.09682
      vertex 0 -2.31903 5.09682
    endloop
  endfacet
  facet normal 0.0694854 -0.705396 -0.7054
    outer loop
      vertex 0.45242 -2.27447 5.09682
      vertex 0.0864452 -2.2137 5
      vertex 0.433532 -2.17951 5
    endloop
  endfacet
  facet normal 0.0980061 -0.995186 0
    outer loop
      vertex 0 -2.98555 6.70595
      vertex 0.582452 -2.92819 7.29405
      vertex 0 -2.98555 7.29405
    endloop
  endfacet
  facet normal 0.0980061 -0.995186 0
    outer loop
      vertex 0.582452 -2.92819 7.29405
      vertex 0 -2.98555 6.70595
      vertex 0.582452 -2.92819 6.70595
    endloop
  endfacet
  facet normal 0.0961406 -0.976243 0.194182
    outer loop
      vertex 0 -2.87082 7.87085
      vertex 0 -2.98555 7.29405
      vertex 0.582452 -2.92819 7.29405
    endloop
  endfacet
  facet normal 0.471392 -0.881924 0
    outer loop
      vertex 1.14252 -2.75829 6.70595
      vertex 1.65868 -2.4824 7.29405
      vertex 1.14252 -2.75829 7.29405
    endloop
  endfacet
  facet normal 0.471392 -0.881924 0
    outer loop
      vertex 1.65868 -2.4824 7.29405
      vertex 1.14252 -2.75829 6.70595
      vertex 1.65868 -2.4824 6.70595
    endloop
  endfacet
  facet normal 0.995186 0.0980061 0
    outer loop
      vertex 2.98555 0 7.29405
      vertex 2.92819 0.582452 6.70595
      vertex 2.92819 0.582452 7.29405
    endloop
  endfacet
  facet normal 0.995186 0.0980061 0
    outer loop
      vertex 2.92819 0.582452 6.70595
      vertex 2.98555 0 7.29405
      vertex 2.98555 0 6.70595
    endloop
  endfacet
  facet normal 0.758292 0.622328 0.194168
    outer loop
      vertex 2.1111 2.1111 7.29405
      vertex 2.02998 2.02998 7.87085
      vertex 2.4824 1.65868 7.29405
    endloop
  endfacet
  facet normal 0.26838 0.884725 -0.381096
    outer loop
      vertex 1.01249 2.44437 5.58581
      vertex 0.516163 2.59493 5.58581
      vertex 1.09861 2.65229 6.12915
    endloop
  endfacet
  facet normal 0.462418 0.865136 -0.194191
    outer loop
      vertex 1.59494 2.387 6.12915
      vertex 1.09861 2.65229 6.12915
      vertex 1.14252 2.75829 6.70595
    endloop
  endfacet
  facet normal -0.462418 0.865136 0.194191
    outer loop
      vertex -1.14252 2.75829 7.29405
      vertex -1.59494 2.387 7.87085
      vertex -1.09861 2.65229 7.87085
    endloop
  endfacet
  facet normal -0.435818 0.81537 0.381096
    outer loop
      vertex -1.09861 2.65229 7.87085
      vertex -1.59494 2.387 7.87085
      vertex -1.01249 2.44437 8.41419
    endloop
  endfacet
  facet normal 0.0961406 0.976243 0.194182
    outer loop
      vertex 0 2.98555 7.29405
      vertex 0 2.87082 7.87085
      vertex 0.582452 2.92819 7.29405
    endloop
  endfacet
  facet normal -0.0980061 0.995186 0
    outer loop
      vertex 0 2.98555 6.70595
      vertex -0.582452 2.92819 7.29405
      vertex 0 2.98555 7.29405
    endloop
  endfacet
  facet normal -0.0980061 0.995186 0
    outer loop
      vertex -0.582452 2.92819 7.29405
      vertex 0 2.98555 6.70595
      vertex -0.582452 2.92819 6.70595
    endloop
  endfacet
  facet normal 0.435827 0.815361 -0.381106
    outer loop
      vertex 1.46991 2.19987 5.58581
      vertex 1.01249 2.44437 5.58581
      vertex 1.59494 2.387 6.12915
    endloop
  endfacet
  facet normal 0.268386 0.88472 -0.381102
    outer loop
      vertex 1.09861 2.65229 6.12915
      vertex 0.516163 2.59493 5.58581
      vertex 0.560069 2.81566 6.12915
    endloop
  endfacet
  facet normal 0.0906168 0.920081 -0.381102
    outer loop
      vertex 0.516163 2.59493 5.58581
      vertex 0 2.87082 6.12915
      vertex 0.560069 2.81566 6.12915
    endloop
  endfacet
  facet normal 0.0961479 0.976241 -0.194189
    outer loop
      vertex 0.560069 2.81566 6.12915
      vertex 0 2.87082 6.12915
      vertex 0.582452 2.92819 6.70595
    endloop
  endfacet
  facet normal -0.462418 0.865136 -0.194191
    outer loop
      vertex -1.09861 2.65229 6.12915
      vertex -1.59494 2.387 6.12915
      vertex -1.14252 2.75829 6.70595
    endloop
  endfacet
  facet normal -0.0906168 0.920081 -0.381102
    outer loop
      vertex -0.516163 2.59493 5.58581
      vertex -0.560069 2.81566 6.12915
      vertex 0 2.87082 6.12915
    endloop
  endfacet
  facet normal 0.881924 0.471392 0
    outer loop
      vertex 2.75829 1.14252 7.29405
      vertex 2.4824 1.65868 6.70595
      vertex 2.4824 1.65868 7.29405
    endloop
  endfacet
  facet normal 0.881924 0.471392 0
    outer loop
      vertex 2.4824 1.65868 6.70595
      vertex 2.75829 1.14252 7.29405
      vertex 2.75829 1.14252 6.70595
    endloop
  endfacet
  facet normal 0.241726 0.796841 -0.553727
    outer loop
      vertex 0.887454 2.1425 5.09682
      vertex 0.45242 2.27447 5.09682
      vertex 1.01249 2.44437 5.58581
    endloop
  endfacet
  facet normal 0.392538 0.734374 -0.553723
    outer loop
      vertex 1.28838 1.9282 5.09682
      vertex 1.01249 2.44437 5.58581
      vertex 1.46991 2.19987 5.58581
    endloop
  endfacet
  facet normal 0.815361 0.435827 -0.381106
    outer loop
      vertex 2.44437 1.01249 5.58581
      vertex 2.19987 1.46991 5.58581
      vertex 2.387 1.59494 6.12915
    endloop
  endfacet
  facet normal 0.547945 0.449682 -0.705367
    outer loop
      vertex 1.7926 1.30174 5
      vertex 1.6398 1.6398 5.09682
      vertex 1.9282 1.28838 5.09682
    endloop
  endfacet
  facet normal 0.547922 0.449678 -0.705388
    outer loop
      vertex 1.6398 1.6398 5.09682
      vertex 1.7926 1.30174 5
      vertex 1.57134 1.57134 5
    endloop
  endfacet
  facet normal 0.714676 0.586511 -0.381107
    outer loop
      vertex 2.19987 1.46991 5.58581
      vertex 1.87084 1.87084 5.58581
      vertex 2.02998 2.02998 6.12915
    endloop
  endfacet
  facet normal 0.678299 -0.205718 -0.705401
    outer loop
      vertex 2.27447 -0.45242 5.09682
      vertex 2.1543 -0.516655 5
      vertex 2.17951 -0.433532 5
    endloop
  endfacet
  facet normal 0.528256 -0.643688 -0.553725
    outer loop
      vertex 1.87084 -1.87084 5.58581
      vertex 1.28838 -1.9282 5.09682
      vertex 1.6398 -1.6398 5.09682
    endloop
  endfacet
  facet normal 0.938722 -0.284767 -0.194189
    outer loop
      vertex 2.92819 -0.582452 6.70595
      vertex 2.75829 -1.14252 6.70595
      vertex 2.81566 -0.560069 6.12915
    endloop
  endfacet
  facet normal 0.625101 -0.334176 -0.705391
    outer loop
      vertex 1.9282 -1.28838 5.09682
      vertex 1.8477 -1.23459 5
      vertex 1.88865 -1.15799 5
    endloop
  endfacet
  facet normal 0.976241 0.0961479 -0.194189
    outer loop
      vertex 2.87082 0 6.12915
      vertex 2.81566 0.560069 6.12915
      vertex 2.92819 0.582452 6.70595
    endloop
  endfacet
  facet normal 0.920081 0.0906168 -0.381102
    outer loop
      vertex 2.87082 0 6.12915
      vertex 2.59493 0.516163 5.58581
      vertex 2.81566 0.560069 6.12915
    endloop
  endfacet
  facet normal -0.625101 0.334176 -0.705391
    outer loop
      vertex -1.88865 1.15799 5
      vertex -1.9282 1.28838 5.09682
      vertex -1.8477 1.23459 5
    endloop
  endfacet
  facet normal -0.528256 -0.643688 -0.553725
    outer loop
      vertex -1.28838 -1.9282 5.09682
      vertex -1.87084 -1.87084 5.58581
      vertex -1.6398 -1.6398 5.09682
    endloop
  endfacet
  facet normal -0.205718 -0.678299 -0.705401
    outer loop
      vertex -0.45242 -2.27447 5.09682
      vertex -0.516655 -2.1543 5
      vertex -0.433532 -2.17951 5
    endloop
  endfacet
  facet normal -0.547958 -0.449627 -0.705392
    outer loop
      vertex -1.7926 -1.30174 5
      vertex -1.9282 -1.28838 5.09682
      vertex -1.8477 -1.23459 5
    endloop
  endfacet
  facet normal -0.392538 -0.734374 -0.553723
    outer loop
      vertex -1.01249 -2.44437 5.58581
      vertex -1.46991 -2.19987 5.58581
      vertex -1.28838 -1.9282 5.09682
    endloop
  endfacet
  facet normal -0.392532 -0.734375 -0.553726
    outer loop
      vertex -1.01249 -2.44437 5.58581
      vertex -1.28838 -1.9282 5.09682
      vertex -0.887454 -2.1425 5.09682
    endloop
  endfacet
  facet normal -0.643688 -0.528256 -0.553725
    outer loop
      vertex -1.87084 -1.87084 5.58581
      vertex -1.9282 -1.28838 5.09682
      vertex -1.6398 -1.6398 5.09682
    endloop
  endfacet
  facet normal -0.449682 -0.547945 -0.705367
    outer loop
      vertex -1.6398 -1.6398 5.09682
      vertex -1.30174 -1.7926 5
      vertex -1.28838 -1.9282 5.09682
    endloop
  endfacet
  facet normal -0.449678 -0.547922 -0.705388
    outer loop
      vertex -1.30174 -1.7926 5
      vertex -1.6398 -1.6398 5.09682
      vertex -1.57134 -1.57134 5
    endloop
  endfacet
  facet normal -0.714679 -0.586509 -0.381104
    outer loop
      vertex -2.02998 -2.02998 6.12915
      vertex -2.387 -1.59494 6.12915
      vertex -2.19987 -1.46991 5.58581
    endloop
  endfacet
  facet normal -0.796845 0.241722 -0.553723
    outer loop
      vertex -2.27447 0.45242 5.09682
      vertex -2.59493 0.516163 5.58581
      vertex -2.44437 1.01249 5.58581
    endloop
  endfacet
  facet normal -0.995186 0.0980061 0
    outer loop
      vertex -2.98555 0 6.70595
      vertex -2.92819 0.582452 7.29405
      vertex -2.92819 0.582452 6.70595
    endloop
  endfacet
  facet normal -0.995186 0.0980061 0
    outer loop
      vertex -2.92819 0.582452 7.29405
      vertex -2.98555 0 6.70595
      vertex -2.98555 0 7.29405
    endloop
  endfacet
  facet normal -0.734374 -0.392538 0.553723
    outer loop
      vertex -1.9282 -1.28838 8.90318
      vertex -2.44437 -1.01249 8.41419
      vertex -2.19987 -1.46991 8.41419
    endloop
  endfacet
  facet normal -0.528255 -0.64369 0.553724
    outer loop
      vertex -1.28838 -1.9282 8.90318
      vertex -1.87084 -1.87084 8.41419
      vertex -1.46991 -2.19987 8.41419
    endloop
  endfacet
  facet normal -0.622328 -0.758292 0.194168
    outer loop
      vertex -2.02998 -2.02998 7.87085
      vertex -2.1111 -2.1111 7.29405
      vertex -1.65868 -2.4824 7.29405
    endloop
  endfacet
  facet normal -0.392532 0.734375 0.553726
    outer loop
      vertex -1.01249 2.44437 8.41419
      vertex -1.28838 1.9282 8.90318
      vertex -0.887454 2.1425 8.90318
    endloop
  endfacet
  facet normal -0.392538 0.734374 0.553723
    outer loop
      vertex -1.01249 2.44437 8.41419
      vertex -1.46991 2.19987 8.41419
      vertex -1.28838 1.9282 8.90318
    endloop
  endfacet
  facet normal -0.622309 0.758303 0.194189
    outer loop
      vertex -1.65868 2.4824 7.29405
      vertex -2.02998 2.02998 7.87085
      vertex -1.59494 2.387 7.87085
    endloop
  endfacet
  facet normal -0.622328 0.758292 0.194168
    outer loop
      vertex -1.65868 2.4824 7.29405
      vertex -2.1111 2.1111 7.29405
      vertex -2.02998 2.02998 7.87085
    endloop
  endfacet
  facet normal -0.714679 0.586509 0.381104
    outer loop
      vertex -2.02998 2.02998 7.87085
      vertex -2.387 1.59494 7.87085
      vertex -2.19987 1.46991 8.41419
    endloop
  endfacet
  facet normal -0.88472 0.268386 0.381102
    outer loop
      vertex -2.65229 1.09861 7.87085
      vertex -2.81566 0.560069 7.87085
      vertex -2.59493 0.516163 8.41419
    endloop
  endfacet
  facet normal -0.334176 0.625101 -0.705391
    outer loop
      vertex -1.23459 1.8477 5
      vertex -1.28838 1.9282 5.09682
      vertex -1.15799 1.88865 5
    endloop
  endfacet
  facet normal -0.284767 0.938721 0.19419
    outer loop
      vertex -0.560069 2.81566 7.87085
      vertex -1.14252 2.75829 7.29405
      vertex -1.09861 2.65229 7.87085
    endloop
  endfacet
  facet normal -0.758303 0.622309 -0.194189
    outer loop
      vertex -2.387 1.59494 6.12915
      vertex -2.4824 1.65868 6.70595
      vertex -2.02998 2.02998 6.12915
    endloop
  endfacet
  facet normal -0.462419 0.865135 -0.194189
    outer loop
      vertex -1.59494 2.387 6.12915
      vertex -1.65868 2.4824 6.70595
      vertex -1.14252 2.75829 6.70595
    endloop
  endfacet
  facet normal -0.622328 0.758292 -0.194168
    outer loop
      vertex -2.02998 2.02998 6.12915
      vertex -2.1111 2.1111 6.70595
      vertex -1.65868 2.4824 6.70595
    endloop
  endfacet
  facet normal -0.622309 0.758303 -0.194189
    outer loop
      vertex -1.59494 2.387 6.12915
      vertex -2.02998 2.02998 6.12915
      vertex -1.65868 2.4824 6.70595
    endloop
  endfacet
  facet normal -0.865135 0.462419 -0.194189
    outer loop
      vertex -2.387 1.59494 6.12915
      vertex -2.75829 1.14252 6.70595
      vertex -2.4824 1.65868 6.70595
    endloop
  endfacet
  facet normal -0.938722 0.284767 0.194189
    outer loop
      vertex -2.75829 1.14252 7.29405
      vertex -2.92819 0.582452 7.29405
      vertex -2.81566 0.560069 7.87085
    endloop
  endfacet
  facet normal -0.884725 0.26838 0.381096
    outer loop
      vertex -2.44437 1.01249 8.41419
      vertex -2.65229 1.09861 7.87085
      vertex -2.59493 0.516163 8.41419
    endloop
  endfacet
  facet normal -0.956938 0.290293 0
    outer loop
      vertex -2.92819 0.582452 6.70595
      vertex -2.75829 1.14252 7.29405
      vertex -2.75829 1.14252 6.70595
    endloop
  endfacet
  facet normal -0.956938 0.290293 0
    outer loop
      vertex -2.75829 1.14252 7.29405
      vertex -2.92819 0.582452 6.70595
      vertex -2.92819 0.582452 7.29405
    endloop
  endfacet
  facet normal -0.995186 -0.0980061 0
    outer loop
      vertex -2.92819 -0.582452 6.70595
      vertex -2.98555 0 7.29405
      vertex -2.98555 0 6.70595
    endloop
  endfacet
  facet normal -0.995186 -0.0980061 0
    outer loop
      vertex -2.98555 0 7.29405
      vertex -2.92819 -0.582452 6.70595
      vertex -2.92819 -0.582452 7.29405
    endloop
  endfacet
  facet normal -0.884725 0.26838 -0.381096
    outer loop
      vertex -2.59493 0.516163 5.58581
      vertex -2.65229 1.09861 6.12915
      vertex -2.44437 1.01249 5.58581
    endloop
  endfacet
  facet normal -0.705396 0.0694854 -0.7054
    outer loop
      vertex -2.2137 0.0864452 5
      vertex -2.27447 0.45242 5.09682
      vertex -2.17951 0.433532 5
    endloop
  endfacet
  facet normal -0.705413 0.069478 -0.705383
    outer loop
      vertex -2.27447 0.45242 5.09682
      vertex -2.2137 0.0864452 5
      vertex -2.31903 0 5.09682
    endloop
  endfacet
  facet normal -0.714676 0.586511 -0.381107
    outer loop
      vertex -1.87084 1.87084 5.58581
      vertex -2.19987 1.46991 5.58581
      vertex -2.02998 2.02998 6.12915
    endloop
  endfacet
  facet normal -0.734375 0.392532 -0.553726
    outer loop
      vertex -2.1425 0.887454 5.09682
      vertex -2.44437 1.01249 5.58581
      vertex -1.9282 1.28838 5.09682
    endloop
  endfacet
  facet normal -0.678299 -0.205718 -0.705401
    outer loop
      vertex -2.1543 -0.516655 5
      vertex -2.27447 -0.45242 5.09682
      vertex -2.17951 -0.433532 5
    endloop
  endfacet
  facet normal 0.865136 0.462418 0.194191
    outer loop
      vertex 2.75829 1.14252 7.29405
      vertex 2.387 1.59494 7.87085
      vertex 2.65229 1.09861 7.87085
    endloop
  endfacet
  facet normal 0.81537 0.435818 0.381096
    outer loop
      vertex 2.65229 1.09861 7.87085
      vertex 2.387 1.59494 7.87085
      vertex 2.44437 1.01249 8.41419
    endloop
  endfacet
  facet normal 0.88472 0.268386 0.381102
    outer loop
      vertex 2.65229 1.09861 7.87085
      vertex 2.59493 0.516163 8.41419
      vertex 2.81566 0.560069 7.87085
    endloop
  endfacet
  facet normal 0.884725 0.26838 0.381096
    outer loop
      vertex 2.65229 1.09861 7.87085
      vertex 2.44437 1.01249 8.41419
      vertex 2.59493 0.516163 8.41419
    endloop
  endfacet
  facet normal 0.151505 0.124335 0.980605
    outer loop
      vertex 0.615787 0.615787 9.87082
      vertex 0.244494 0.163365 9.98555
      vertex 0.724088 0.48382 9.87082
    endloop
  endfacet
  facet normal 0.382414 0.037664 0.923223
    outer loop
      vertex 1.38702 0.275894 9.64576
      vertex 0.85412 0.169895 9.87082
      vertex 0.870853 0 9.87082
    endloop
  endfacet
  facet normal 0.435827 -0.815361 -0.381106
    outer loop
      vertex 1.59494 -2.387 6.12915
      vertex 1.01249 -2.44437 5.58581
      vertex 1.46991 -2.19987 5.58581
    endloop
  endfacet
  facet normal 0.865135 -0.462419 -0.194189
    outer loop
      vertex 2.4824 -1.65868 6.70595
      vertex 2.387 -1.59494 6.12915
      vertex 2.75829 -1.14252 6.70595
    endloop
  endfacet
  facet normal 0.714676 -0.586511 0.381107
    outer loop
      vertex 2.19987 -1.46991 8.41419
      vertex 1.87084 -1.87084 8.41419
      vertex 2.02998 -2.02998 7.87085
    endloop
  endfacet
  facet normal 0.734374 -0.392538 0.553723
    outer loop
      vertex 2.44437 -1.01249 8.41419
      vertex 1.9282 -1.28838 8.90318
      vertex 2.19987 -1.46991 8.41419
    endloop
  endfacet
  facet normal 0.714679 -0.586509 0.381104
    outer loop
      vertex 2.19987 -1.46991 8.41419
      vertex 2.02998 -2.02998 7.87085
      vertex 2.387 -1.59494 7.87085
    endloop
  endfacet
  facet normal 0.758303 -0.622309 0.194189
    outer loop
      vertex 2.387 -1.59494 7.87085
      vertex 2.02998 -2.02998 7.87085
      vertex 2.4824 -1.65868 7.29405
    endloop
  endfacet
  facet normal 0.81537 -0.435818 0.381096
    outer loop
      vertex 2.44437 -1.01249 8.41419
      vertex 2.387 -1.59494 7.87085
      vertex 2.65229 -1.09861 7.87085
    endloop
  endfacet
  facet normal 0.884725 -0.26838 0.381096
    outer loop
      vertex 2.59493 -0.516163 8.41419
      vertex 2.44437 -1.01249 8.41419
      vertex 2.65229 -1.09861 7.87085
    endloop
  endfacet
  facet normal 0.865136 -0.462418 0.194191
    outer loop
      vertex 2.65229 -1.09861 7.87085
      vertex 2.387 -1.59494 7.87085
      vertex 2.75829 -1.14252 7.29405
    endloop
  endfacet
  facet normal 0.865135 -0.462419 0.194189
    outer loop
      vertex 2.75829 -1.14252 7.29405
      vertex 2.387 -1.59494 7.87085
      vertex 2.4824 -1.65868 7.29405
    endloop
  endfacet
  facet normal 0.268386 -0.88472 0.381102
    outer loop
      vertex 1.09861 -2.65229 7.87085
      vertex 0.516163 -2.59493 8.41419
      vertex 0.560069 -2.81566 7.87085
    endloop
  endfacet
  facet normal 0.284767 -0.938721 0.19419
    outer loop
      vertex 1.09861 -2.65229 7.87085
      vertex 0.560069 -2.81566 7.87085
      vertex 1.14252 -2.75829 7.29405
    endloop
  endfacet
  facet normal 0.382416 0.0376602 0.923223
    outer loop
      vertex 1.38702 0.275894 9.64576
      vertex 0.870853 0 9.87082
      vertex 1.41419 0 9.64576
    endloop
  endfacet
  facet normal 0.554742 0.0546309 0.830227
    outer loop
      vertex 1.86661 0.371291 9.31903
      vertex 1.38702 0.275894 9.64576
      vertex 1.41419 0 9.64576
    endloop
  endfacet
  facet normal 0.828691 0.0816199 0.553723
    outer loop
      vertex 2.59493 0.516163 8.41419
      vertex 2.27447 0.45242 8.90318
      vertex 2.31903 0 8.90318
    endloop
  endfacet
  facet normal 0.705398 0.0694764 0.705399
    outer loop
      vertex 2.27447 0.45242 8.90318
      vertex 1.86661 0.371291 9.31903
      vertex 2.31903 0 8.90318
    endloop
  endfacet
  facet normal 0.334134 0.625119 0.705394
    outer loop
      vertex 0.887454 2.1425 8.90318
      vertex 0.728315 1.75831 9.31903
      vertex 1.28838 1.9282 8.90318
    endloop
  endfacet
  facet normal 0.268386 0.88472 0.381102
    outer loop
      vertex 0.560069 2.81566 7.87085
      vertex 0.516163 2.59493 8.41419
      vertex 1.09861 2.65229 7.87085
    endloop
  endfacet
  facet normal 0.714676 0.586511 0.381107
    outer loop
      vertex 2.02998 2.02998 7.87085
      vertex 1.87084 1.87084 8.41419
      vertex 2.19987 1.46991 8.41419
    endloop
  endfacet
  facet normal 0.586511 0.714676 0.381107
    outer loop
      vertex 2.02998 2.02998 7.87085
      vertex 1.46991 2.19987 8.41419
      vertex 1.87084 1.87084 8.41419
    endloop
  endfacet
  facet normal -0.382416 -0.0376602 0.923223
    outer loop
      vertex -0.870853 0 9.87082
      vertex -1.41419 0 9.64576
      vertex -1.38702 -0.275894 9.64576
    endloop
  endfacet
  facet normal -0.382414 -0.037664 0.923223
    outer loop
      vertex -0.870853 0 9.87082
      vertex -1.38702 -0.275894 9.64576
      vertex -0.85412 -0.169895 9.87082
    endloop
  endfacet
  facet normal 0.124335 0.151505 0.980605
    outer loop
      vertex 0.48382 0.724088 9.87082
      vertex 0.163365 0.244494 9.98555
      vertex 0.615787 0.615787 9.87082
    endloop
  endfacet
  facet normal -0.382414 0.037664 0.923223
    outer loop
      vertex -0.85412 0.169895 9.87082
      vertex -1.38702 0.275894 9.64576
      vertex -0.870853 0 9.87082
    endloop
  endfacet
  facet normal -0.491604 0.262764 0.830229
    outer loop
      vertex -1.58244 1.05735 9.31903
      vertex -1.75831 0.728315 9.31903
      vertex -1.17586 0.785682 9.64576
    endloop
  endfacet
  facet normal -0.705398 0.0694776 0.705398
    outer loop
      vertex -1.86661 0.371291 9.31903
      vertex -2.31903 0 8.90318
      vertex -1.90318 0 9.31903
    endloop
  endfacet
  facet normal -0.678291 0.205753 0.705399
    outer loop
      vertex -1.75831 0.728315 9.31903
      vertex -2.27447 0.45242 8.90318
      vertex -1.86661 0.371291 9.31903
    endloop
  endfacet
  facet normal -0.491604 0.262756 0.830231
    outer loop
      vertex -1.17586 0.785682 9.64576
      vertex -1.75831 0.728315 9.31903
      vertex -1.30654 0.541186 9.64576
    endloop
  endfacet
  facet normal -0.528256 0.643688 0.553725
    outer loop
      vertex -1.28838 1.9282 8.90318
      vertex -1.87084 1.87084 8.41419
      vertex -1.6398 1.6398 8.90318
    endloop
  endfacet
  facet normal 0.0816199 0.828691 0.553723
    outer loop
      vertex 0.516163 2.59493 8.41419
      vertex 0 2.31903 8.90318
      vertex 0.45242 2.27447 8.90318
    endloop
  endfacet
  facet normal 0.0546309 0.554742 0.830227
    outer loop
      vertex 0.371291 1.86661 9.31903
      vertex 0 1.41419 9.64576
      vertex 0.275894 1.38702 9.64576
    endloop
  endfacet
  facet normal 0.0923904 0.17285 0.980605
    outer loop
      vertex 0.333261 0.804564 9.87082
      vertex 0.112528 0.271667 9.98555
      vertex 0.163365 0.244494 9.98555
    endloop
  endfacet
  facet normal 0.338896 0.181136 0.923222
    outer loop
      vertex 1.17586 0.785682 9.64576
      vertex 0.804564 0.333261 9.87082
      vertex 1.30654 0.541186 9.64576
    endloop
  endfacet
  facet normal 0.491604 0.262764 0.830229
    outer loop
      vertex 1.58244 1.05735 9.31903
      vertex 1.17586 0.785682 9.64576
      vertex 1.75831 0.728315 9.31903
    endloop
  endfacet
  facet normal 0.262764 0.491604 0.830229
    outer loop
      vertex 1.05735 1.58244 9.31903
      vertex 0.728315 1.75831 9.31903
      vertex 0.785682 1.17586 9.64576
    endloop
  endfacet
  facet normal -0.195049 0.0192105 0.980605
    outer loop
      vertex -0.85412 0.169895 9.87082
      vertex -0.870853 0 9.87082
      vertex -0.294051 0 9.98555
    endloop
  endfacet
  facet normal -0.181136 0.338896 0.923222
    outer loop
      vertex -0.541186 1.30654 9.64576
      vertex -0.785682 1.17586 9.64576
      vertex -0.333261 0.804564 9.87082
    endloop
  endfacet
  facet normal -0.111552 0.367717 0.923223
    outer loop
      vertex -0.275894 1.38702 9.64576
      vertex -0.541186 1.30654 9.64576
      vertex -0.169895 0.85412 9.87082
    endloop
  endfacet
  facet normal -0.111546 0.367721 0.923222
    outer loop
      vertex -0.169895 0.85412 9.87082
      vertex -0.541186 1.30654 9.64576
      vertex -0.333261 0.804564 9.87082
    endloop
  endfacet
  facet normal -0.297039 0.24378 0.923222
    outer loop
      vertex -0.999983 0.999983 9.64576
      vertex -1.17586 0.785682 9.64576
      vertex -0.615787 0.615787 9.87082
    endloop
  endfacet
  facet normal 0.0568967 -0.187553 0.980605
    outer loop
      vertex 0.112528 -0.271667 9.98555
      vertex 0.0573664 -0.288401 9.98555
      vertex 0.169895 -0.85412 9.87082
    endloop
  endfacet
  facet normal -0.17285 -0.0923904 0.980605
    outer loop
      vertex -0.271667 -0.112528 9.98555
      vertex -0.804564 -0.333261 9.87082
      vertex -0.244494 -0.163365 9.98555
    endloop
  endfacet
  facet normal -0.491604 -0.262764 0.830229
    outer loop
      vertex -1.17586 -0.785682 9.64576
      vertex -1.75831 -0.728315 9.31903
      vertex -1.58244 -1.05735 9.31903
    endloop
  endfacet
  facet normal -0.430889 -0.35363 0.830229
    outer loop
      vertex -1.17586 -0.785682 9.64576
      vertex -1.58244 -1.05735 9.31903
      vertex -1.34575 -1.34575 9.31903
    endloop
  endfacet
  facet normal -0.111552 -0.367717 0.923223
    outer loop
      vertex -0.169895 -0.85412 9.87082
      vertex -0.541186 -1.30654 9.64576
      vertex -0.275894 -1.38702 9.64576
    endloop
  endfacet
  facet normal -0.33413 -0.625124 0.705391
    outer loop
      vertex -1.05735 -1.58244 9.31903
      vertex -1.28838 -1.9282 8.90318
      vertex -0.728315 -1.75831 9.31903
    endloop
  endfacet
  facet normal -0.17285 0.0923904 0.980605
    outer loop
      vertex -0.244494 0.163365 9.98555
      vertex -0.804564 0.333261 9.87082
      vertex -0.271667 0.112528 9.98555
    endloop
  endfacet
  facet normal 0.297039 -0.24378 0.923222
    outer loop
      vertex 1.17586 -0.785682 9.64576
      vertex 0.615787 -0.615787 9.87082
      vertex 0.999983 -0.999983 9.64576
    endloop
  endfacet
  facet normal 0.24378 -0.297039 0.923222
    outer loop
      vertex 0.999983 -0.999983 9.64576
      vertex 0.615787 -0.615787 9.87082
      vertex 0.785682 -1.17586 9.64576
    endloop
  endfacet
  facet normal -0.124335 -0.151505 0.980605
    outer loop
      vertex -0.207925 -0.207925 9.98555
      vertex -0.615787 -0.615787 9.87082
      vertex -0.163365 -0.244494 9.98555
    endloop
  endfacet
  facet normal 0.367721 -0.111546 0.923222
    outer loop
      vertex 0.85412 -0.169895 9.87082
      vertex 0.804564 -0.333261 9.87082
      vertex 1.30654 -0.541186 9.64576
    endloop
  endfacet
  facet normal -0.151505 -0.124335 0.980605
    outer loop
      vertex -0.244494 -0.163365 9.98555
      vertex -0.615787 -0.615787 9.87082
      vertex -0.207925 -0.207925 9.98555
    endloop
  endfacet
  facet normal -0.0906168 -0.920081 0.381102
    outer loop
      vertex -0.516163 -2.59493 8.41419
      vertex -0.560069 -2.81566 7.87085
      vertex 0 -2.87082 7.87085
    endloop
  endfacet
  facet normal -0.268386 -0.88472 0.381102
    outer loop
      vertex -0.516163 -2.59493 8.41419
      vertex -1.09861 -2.65229 7.87085
      vertex -0.560069 -2.81566 7.87085
    endloop
  endfacet
  facet normal -0.0906063 -0.920079 0.381111
    outer loop
      vertex 0 -2.64576 8.41419
      vertex -0.516163 -2.59493 8.41419
      vertex 0 -2.87082 7.87085
    endloop
  endfacet
  facet normal 0.0906063 -0.920079 0.381111
    outer loop
      vertex 0 -2.64576 8.41419
      vertex 0 -2.87082 7.87085
      vertex 0.516163 -2.59493 8.41419
    endloop
  endfacet
  facet normal -0.547921 -0.449663 0.705398
    outer loop
      vertex -1.34575 -1.34575 9.31903
      vertex -1.9282 -1.28838 8.90318
      vertex -1.6398 -1.6398 8.90318
    endloop
  endfacet
  facet normal -0.622309 -0.758303 0.194189
    outer loop
      vertex -1.59494 -2.387 7.87085
      vertex -2.02998 -2.02998 7.87085
      vertex -1.65868 -2.4824 7.29405
    endloop
  endfacet
  facet normal 0.0816074 -0.828698 0.553714
    outer loop
      vertex 0 -2.31903 8.90318
      vertex 0 -2.64576 8.41419
      vertex 0.516163 -2.59493 8.41419
    endloop
  endfacet
  facet normal 0.528255 -0.64369 0.553724
    outer loop
      vertex 1.87084 -1.87084 8.41419
      vertex 1.28838 -1.9282 8.90318
      vertex 1.46991 -2.19987 8.41419
    endloop
  endfacet
  facet normal 0.528256 -0.643688 0.553725
    outer loop
      vertex 1.6398 -1.6398 8.90318
      vertex 1.28838 -1.9282 8.90318
      vertex 1.87084 -1.87084 8.41419
    endloop
  endfacet
  facet normal -0.0816074 -0.828698 0.553714
    outer loop
      vertex 0 -2.31903 8.90318
      vertex -0.516163 -2.59493 8.41419
      vertex 0 -2.64576 8.41419
    endloop
  endfacet
  facet normal 0.0816199 -0.828691 0.553723
    outer loop
      vertex 0.45242 -2.27447 8.90318
      vertex 0 -2.31903 8.90318
      vertex 0.516163 -2.59493 8.41419
    endloop
  endfacet
  facet normal 0.241726 -0.796841 0.553727
    outer loop
      vertex 0.887454 -2.1425 8.90318
      vertex 0.45242 -2.27447 8.90318
      vertex 1.01249 -2.44437 8.41419
    endloop
  endfacet
  facet normal 0.241722 -0.796845 0.553723
    outer loop
      vertex 1.01249 -2.44437 8.41419
      vertex 0.45242 -2.27447 8.90318
      vertex 0.516163 -2.59493 8.41419
    endloop
  endfacet
  facet normal -0.435827 -0.815361 0.381106
    outer loop
      vertex -1.46991 -2.19987 8.41419
      vertex -1.59494 -2.387 7.87085
      vertex -1.01249 -2.44437 8.41419
    endloop
  endfacet
  facet normal -0.435818 -0.81537 0.381096
    outer loop
      vertex -1.01249 -2.44437 8.41419
      vertex -1.59494 -2.387 7.87085
      vertex -1.09861 -2.65229 7.87085
    endloop
  endfacet
  facet normal -0.392538 -0.734374 0.553723
    outer loop
      vertex -1.28838 -1.9282 8.90318
      vertex -1.46991 -2.19987 8.41419
      vertex -1.01249 -2.44437 8.41419
    endloop
  endfacet
  facet normal -0.392532 -0.734375 0.553726
    outer loop
      vertex -0.887454 -2.1425 8.90318
      vertex -1.28838 -1.9282 8.90318
      vertex -1.01249 -2.44437 8.41419
    endloop
  endfacet
  facet normal -0.528256 -0.643688 0.553725
    outer loop
      vertex -1.6398 -1.6398 8.90318
      vertex -1.87084 -1.87084 8.41419
      vertex -1.28838 -1.9282 8.90318
    endloop
  endfacet
  facet normal -0.64369 -0.528255 0.553724
    outer loop
      vertex -1.9282 -1.28838 8.90318
      vertex -2.19987 -1.46991 8.41419
      vertex -1.87084 -1.87084 8.41419
    endloop
  endfacet
  facet normal -0.284767 -0.938722 0.194189
    outer loop
      vertex -0.560069 -2.81566 7.87085
      vertex -1.14252 -2.75829 7.29405
      vertex -0.582452 -2.92819 7.29405
    endloop
  endfacet
  facet normal -0.284767 -0.938721 0.19419
    outer loop
      vertex -1.09861 -2.65229 7.87085
      vertex -1.14252 -2.75829 7.29405
      vertex -0.560069 -2.81566 7.87085
    endloop
  endfacet
  facet normal -0.758303 -0.622309 0.194189
    outer loop
      vertex -2.387 -1.59494 7.87085
      vertex -2.4824 -1.65868 7.29405
      vertex -2.02998 -2.02998 7.87085
    endloop
  endfacet
  facet normal -0.920079 0.0906063 0.381111
    outer loop
      vertex -2.59493 0.516163 8.41419
      vertex -2.87082 0 7.87085
      vertex -2.64576 0 8.41419
    endloop
  endfacet
  facet normal -0.88472 -0.268386 0.381102
    outer loop
      vertex -2.59493 -0.516163 8.41419
      vertex -2.81566 -0.560069 7.87085
      vertex -2.65229 -1.09861 7.87085
    endloop
  endfacet
  facet normal -0.449677 -0.547918 0.705391
    outer loop
      vertex -1.05735 -1.58244 9.31903
      vertex -1.34575 -1.34575 9.31903
      vertex -1.28838 -1.9282 8.90318
    endloop
  endfacet
  facet normal -0.625124 -0.33413 0.705391
    outer loop
      vertex -1.75831 -0.728315 9.31903
      vertex -1.9282 -1.28838 8.90318
      vertex -1.58244 -1.05735 9.31903
    endloop
  endfacet
  facet normal -0.241722 -0.796845 -0.553723
    outer loop
      vertex -0.516163 -2.59493 5.58581
      vertex -1.01249 -2.44437 5.58581
      vertex -0.45242 -2.27447 5.09682
    endloop
  endfacet
  facet normal 0.0816074 -0.828698 -0.553714
    outer loop
      vertex 0.516163 -2.59493 5.58581
      vertex 0 -2.64576 5.58581
      vertex 0 -2.31903 5.09682
    endloop
  endfacet
  facet normal -0.284767 -0.938722 -0.194189
    outer loop
      vertex -0.582452 -2.92819 6.70595
      vertex -1.14252 -2.75829 6.70595
      vertex -0.560069 -2.81566 6.12915
    endloop
  endfacet
  facet normal -0.0961406 -0.976243 -0.194182
    outer loop
      vertex 0 -2.98555 6.70595
      vertex -0.582452 -2.92819 6.70595
      vertex 0 -2.87082 6.12915
    endloop
  endfacet
  facet normal 0.290293 -0.956938 0
    outer loop
      vertex 0.582452 -2.92819 6.70595
      vertex 1.14252 -2.75829 7.29405
      vertex 0.582452 -2.92819 7.29405
    endloop
  endfacet
  facet normal 0.290293 -0.956938 0
    outer loop
      vertex 1.14252 -2.75829 7.29405
      vertex 0.582452 -2.92819 6.70595
      vertex 1.14252 -2.75829 6.70595
    endloop
  endfacet
  facet normal 0.956938 -0.290293 0
    outer loop
      vertex 2.75829 -1.14252 7.29405
      vertex 2.92819 -0.582452 6.70595
      vertex 2.92819 -0.582452 7.29405
    endloop
  endfacet
  facet normal 0.956938 -0.290293 0
    outer loop
      vertex 2.92819 -0.582452 6.70595
      vertex 2.75829 -1.14252 7.29405
      vertex 2.75829 -1.14252 6.70595
    endloop
  endfacet
  facet normal -0.268386 0.88472 0.381102
    outer loop
      vertex -0.560069 2.81566 7.87085
      vertex -1.09861 2.65229 7.87085
      vertex -0.516163 2.59493 8.41419
    endloop
  endfacet
  facet normal -0.0906168 0.920081 0.381102
    outer loop
      vertex 0 2.87082 7.87085
      vertex -0.560069 2.81566 7.87085
      vertex -0.516163 2.59493 8.41419
    endloop
  endfacet
  facet normal 0.290293 0.956938 -0
    outer loop
      vertex 1.14252 2.75829 6.70595
      vertex 0.582452 2.92819 7.29405
      vertex 1.14252 2.75829 7.29405
    endloop
  endfacet
  facet normal 0.290293 0.956938 0
    outer loop
      vertex 0.582452 2.92819 7.29405
      vertex 1.14252 2.75829 6.70595
      vertex 0.582452 2.92819 6.70595
    endloop
  endfacet
  facet normal 0.0961406 0.976243 -0.194182
    outer loop
      vertex 0.582452 2.92819 6.70595
      vertex 0 2.87082 6.12915
      vertex 0 2.98555 6.70595
    endloop
  endfacet
  facet normal -0.0961406 0.976243 -0.194182
    outer loop
      vertex 0 2.87082 6.12915
      vertex -0.582452 2.92819 6.70595
      vertex 0 2.98555 6.70595
    endloop
  endfacet
  facet normal 0.622309 0.758303 -0.194189
    outer loop
      vertex 2.02998 2.02998 6.12915
      vertex 1.59494 2.387 6.12915
      vertex 1.65868 2.4824 6.70595
    endloop
  endfacet
  facet normal 0.586509 0.714679 -0.381104
    outer loop
      vertex 2.02998 2.02998 6.12915
      vertex 1.46991 2.19987 5.58581
      vertex 1.59494 2.387 6.12915
    endloop
  endfacet
  facet normal -0.284767 0.938721 -0.19419
    outer loop
      vertex -1.09861 2.65229 6.12915
      vertex -1.14252 2.75829 6.70595
      vertex -0.560069 2.81566 6.12915
    endloop
  endfacet
  facet normal -0.284767 0.938722 -0.194189
    outer loop
      vertex -0.560069 2.81566 6.12915
      vertex -1.14252 2.75829 6.70595
      vertex -0.582452 2.92819 6.70595
    endloop
  endfacet
  facet normal 0.0816199 0.828691 -0.553723
    outer loop
      vertex 0.45242 2.27447 5.09682
      vertex 0 2.31903 5.09682
      vertex 0.516163 2.59493 5.58581
    endloop
  endfacet
  facet normal 0.0816074 0.828698 -0.553714
    outer loop
      vertex 0.516163 2.59493 5.58581
      vertex 0 2.31903 5.09682
      vertex 0 2.64576 5.58581
    endloop
  endfacet
  facet normal -0.268386 0.88472 -0.381102
    outer loop
      vertex -0.516163 2.59493 5.58581
      vertex -1.09861 2.65229 6.12915
      vertex -0.560069 2.81566 6.12915
    endloop
  endfacet
  facet normal -0.0816074 0.828698 -0.553714
    outer loop
      vertex 0 2.31903 5.09682
      vertex -0.516163 2.59493 5.58581
      vertex 0 2.64576 5.58581
    endloop
  endfacet
  facet normal 0.622328 0.758292 0.194168
    outer loop
      vertex 2.1111 2.1111 7.29405
      vertex 1.65868 2.4824 7.29405
      vertex 2.02998 2.02998 7.87085
    endloop
  endfacet
  facet normal 0.205773 0.678285 -0.705398
    outer loop
      vertex 0.516655 2.1543 5
      vertex 0.887454 2.1425 5.09682
      vertex 0.850403 2.05305 5
    endloop
  endfacet
  facet normal 0.205768 0.678308 -0.705378
    outer loop
      vertex 0.887454 2.1425 5.09682
      vertex 0.516655 2.1543 5
      vertex 0.45242 2.27447 5.09682
    endloop
  endfacet
  facet normal 0.392532 0.734375 -0.553726
    outer loop
      vertex 1.28838 1.9282 5.09682
      vertex 0.887454 2.1425 5.09682
      vertex 1.01249 2.44437 5.58581
    endloop
  endfacet
  facet normal 0.449678 0.547922 -0.705388
    outer loop
      vertex 1.30174 1.7926 5
      vertex 1.6398 1.6398 5.09682
      vertex 1.57134 1.57134 5
    endloop
  endfacet
  facet normal 0.449682 0.547945 -0.705367
    outer loop
      vertex 1.6398 1.6398 5.09682
      vertex 1.30174 1.7926 5
      vertex 1.28838 1.9282 5.09682
    endloop
  endfacet
  facet normal 0.241722 0.796845 -0.553723
    outer loop
      vertex 1.01249 2.44437 5.58581
      vertex 0.45242 2.27447 5.09682
      vertex 0.516163 2.59493 5.58581
    endloop
  endfacet
  facet normal 0.547958 -0.449627 -0.705392
    outer loop
      vertex 1.9282 -1.28838 5.09682
      vertex 1.7926 -1.30174 5
      vertex 1.8477 -1.23459 5
    endloop
  endfacet
  facet normal 0.828691 -0.0816199 -0.553723
    outer loop
      vertex 2.59493 -0.516163 5.58581
      vertex 2.27447 -0.45242 5.09682
      vertex 2.31903 0 5.09682
    endloop
  endfacet
  facet normal 0.7054 -0.0694423 -0.7054
    outer loop
      vertex 2.31903 0 5.09682
      vertex 2.2137 -0.0864452 5
      vertex 2.22221 0 5
    endloop
  endfacet
  facet normal 0.528256 0.643688 -0.553725
    outer loop
      vertex 1.6398 1.6398 5.09682
      vertex 1.28838 1.9282 5.09682
      vertex 1.87084 1.87084 5.58581
    endloop
  endfacet
  facet normal 0.528255 0.64369 -0.553724
    outer loop
      vertex 1.87084 1.87084 5.58581
      vertex 1.28838 1.9282 5.09682
      vertex 1.46991 2.19987 5.58581
    endloop
  endfacet
  facet normal 0.714679 0.586509 -0.381104
    outer loop
      vertex 2.19987 1.46991 5.58581
      vertex 2.02998 2.02998 6.12915
      vertex 2.387 1.59494 6.12915
    endloop
  endfacet
  facet normal 0.758303 0.622309 -0.194189
    outer loop
      vertex 2.387 1.59494 6.12915
      vertex 2.02998 2.02998 6.12915
      vertex 2.4824 1.65868 6.70595
    endloop
  endfacet
  facet normal 0.81537 0.435818 -0.381096
    outer loop
      vertex 2.44437 1.01249 5.58581
      vertex 2.387 1.59494 6.12915
      vertex 2.65229 1.09861 6.12915
    endloop
  endfacet
  facet normal 0.884725 0.26838 -0.381096
    outer loop
      vertex 2.59493 0.516163 5.58581
      vertex 2.44437 1.01249 5.58581
      vertex 2.65229 1.09861 6.12915
    endloop
  endfacet
  facet normal 0.392532 -0.734375 -0.553726
    outer loop
      vertex 1.01249 -2.44437 5.58581
      vertex 0.887454 -2.1425 5.09682
      vertex 1.28838 -1.9282 5.09682
    endloop
  endfacet
  facet normal 0.205718 -0.678299 -0.705401
    outer loop
      vertex 0.45242 -2.27447 5.09682
      vertex 0.433532 -2.17951 5
      vertex 0.516655 -2.1543 5
    endloop
  endfacet
  facet normal 0.884725 -0.26838 -0.381096
    outer loop
      vertex 2.65229 -1.09861 6.12915
      vertex 2.44437 -1.01249 5.58581
      vertex 2.59493 -0.516163 5.58581
    endloop
  endfacet
  facet normal 0.865136 -0.462418 -0.194191
    outer loop
      vertex 2.75829 -1.14252 6.70595
      vertex 2.387 -1.59494 6.12915
      vertex 2.65229 -1.09861 6.12915
    endloop
  endfacet
  facet normal 0.920081 -0.0906168 -0.381102
    outer loop
      vertex 2.81566 -0.560069 6.12915
      vertex 2.59493 -0.516163 5.58581
      vertex 2.87082 0 6.12915
    endloop
  endfacet
  facet normal 0.976241 -0.0961479 -0.194189
    outer loop
      vertex 2.92819 -0.582452 6.70595
      vertex 2.81566 -0.560069 6.12915
      vertex 2.87082 0 6.12915
    endloop
  endfacet
  facet normal -0.7054 0.0694423 -0.7054
    outer loop
      vertex -2.22221 0 5
      vertex -2.31903 0 5.09682
      vertex -2.2137 0.0864452 5
    endloop
  endfacet
  facet normal -0.678285 0.205773 -0.705398
    outer loop
      vertex -2.1543 0.516655 5
      vertex -2.1425 0.887454 5.09682
      vertex -2.05305 0.850403 5
    endloop
  endfacet
  facet normal -0.678308 0.205768 -0.705378
    outer loop
      vertex -2.1425 0.887454 5.09682
      vertex -2.1543 0.516655 5
      vertex -2.27447 0.45242 5.09682
    endloop
  endfacet
  facet normal -0.976241 -0.0961479 -0.194189
    outer loop
      vertex -2.81566 -0.560069 6.12915
      vertex -2.92819 -0.582452 6.70595
      vertex -2.87082 0 6.12915
    endloop
  endfacet
  facet normal -0.884725 -0.26838 -0.381096
    outer loop
      vertex -2.44437 -1.01249 5.58581
      vertex -2.65229 -1.09861 6.12915
      vertex -2.59493 -0.516163 5.58581
    endloop
  endfacet
  facet normal -0.625101 -0.334176 -0.705391
    outer loop
      vertex -1.8477 -1.23459 5
      vertex -1.9282 -1.28838 5.09682
      vertex -1.88865 -1.15799 5
    endloop
  endfacet
  facet normal -0.334118 -0.625123 -0.705398
    outer loop
      vertex -0.887454 -2.1425 5.09682
      vertex -1.15799 -1.88865 5
      vertex -0.850403 -2.05305 5
    endloop
  endfacet
  facet normal -0.334146 -0.625142 -0.705368
    outer loop
      vertex -1.15799 -1.88865 5
      vertex -0.887454 -2.1425 5.09682
      vertex -1.28838 -1.9282 5.09682
    endloop
  endfacet
  facet normal -0.0906168 -0.920081 -0.381102
    outer loop
      vertex 0 -2.87082 6.12915
      vertex -0.560069 -2.81566 6.12915
      vertex -0.516163 -2.59493 5.58581
    endloop
  endfacet
  facet normal -0.268386 -0.88472 -0.381102
    outer loop
      vertex -0.560069 -2.81566 6.12915
      vertex -1.09861 -2.65229 6.12915
      vertex -0.516163 -2.59493 5.58581
    endloop
  endfacet
  facet normal -0.435827 -0.815361 -0.381106
    outer loop
      vertex -1.01249 -2.44437 5.58581
      vertex -1.59494 -2.387 6.12915
      vertex -1.46991 -2.19987 5.58581
    endloop
  endfacet
  facet normal -0.758303 -0.622309 -0.194189
    outer loop
      vertex -2.02998 -2.02998 6.12915
      vertex -2.4824 -1.65868 6.70595
      vertex -2.387 -1.59494 6.12915
    endloop
  endfacet
  facet normal -0.758292 -0.622328 -0.194168
    outer loop
      vertex -2.1111 -2.1111 6.70595
      vertex -2.4824 -1.65868 6.70595
      vertex -2.02998 -2.02998 6.12915
    endloop
  endfacet
  facet normal -0.976243 -0.0961406 -0.194182
    outer loop
      vertex -2.92819 -0.582452 6.70595
      vertex -2.98555 0 6.70595
      vertex -2.87082 0 6.12915
    endloop
  endfacet
  facet normal -0.976243 0.0961406 -0.194182
    outer loop
      vertex -2.87082 0 6.12915
      vertex -2.98555 0 6.70595
      vertex -2.92819 0.582452 6.70595
    endloop
  endfacet
  facet normal -0.734375 -0.392532 0.553726
    outer loop
      vertex -2.1425 -0.887454 8.90318
      vertex -2.44437 -1.01249 8.41419
      vertex -1.9282 -1.28838 8.90318
    endloop
  endfacet
  facet normal -0.920079 -0.0906063 0.381111
    outer loop
      vertex -2.64576 0 8.41419
      vertex -2.87082 0 7.87085
      vertex -2.59493 -0.516163 8.41419
    endloop
  endfacet
  facet normal -0.773003 -0.634402 0
    outer loop
      vertex -2.1111 -2.1111 6.70595
      vertex -2.4824 -1.65868 7.29405
      vertex -2.4824 -1.65868 6.70595
    endloop
  endfacet
  facet normal -0.773003 -0.634402 0
    outer loop
      vertex -2.4824 -1.65868 7.29405
      vertex -2.1111 -2.1111 6.70595
      vertex -2.1111 -2.1111 7.29405
    endloop
  endfacet
  facet normal -0.435827 0.815361 0.381106
    outer loop
      vertex -1.01249 2.44437 8.41419
      vertex -1.59494 2.387 7.87085
      vertex -1.46991 2.19987 8.41419
    endloop
  endfacet
  facet normal -0.625119 0.334134 0.705394
    outer loop
      vertex -1.9282 1.28838 8.90318
      vertex -2.1425 0.887454 8.90318
      vertex -1.75831 0.728315 9.31903
    endloop
  endfacet
  facet normal -0.33413 0.625124 0.705391
    outer loop
      vertex -0.728315 1.75831 9.31903
      vertex -1.28838 1.9282 8.90318
      vertex -1.05735 1.58244 9.31903
    endloop
  endfacet
  facet normal -0.334134 0.625119 0.705394
    outer loop
      vertex -0.887454 2.1425 8.90318
      vertex -1.28838 1.9282 8.90318
      vertex -0.728315 1.75831 9.31903
    endloop
  endfacet
  facet normal -0.449663 0.547921 0.705398
    outer loop
      vertex -1.28838 1.9282 8.90318
      vertex -1.6398 1.6398 8.90318
      vertex -1.34575 1.34575 9.31903
    endloop
  endfacet
  facet normal -0.734374 0.392538 0.553723
    outer loop
      vertex -2.19987 1.46991 8.41419
      vertex -2.44437 1.01249 8.41419
      vertex -1.9282 1.28838 8.90318
    endloop
  endfacet
  facet normal -0.547958 0.449627 -0.705392
    outer loop
      vertex -1.8477 1.23459 5
      vertex -1.9282 1.28838 5.09682
      vertex -1.7926 1.30174 5
    endloop
  endfacet
  facet normal -0.547922 0.449678 -0.705388
    outer loop
      vertex -1.7926 1.30174 5
      vertex -1.6398 1.6398 5.09682
      vertex -1.57134 1.57134 5
    endloop
  endfacet
  facet normal -0.547945 0.449682 -0.705367
    outer loop
      vertex -1.6398 1.6398 5.09682
      vertex -1.7926 1.30174 5
      vertex -1.9282 1.28838 5.09682
    endloop
  endfacet
  facet normal -0.865136 0.462418 0.194191
    outer loop
      vertex -2.387 1.59494 7.87085
      vertex -2.75829 1.14252 7.29405
      vertex -2.65229 1.09861 7.87085
    endloop
  endfacet
  facet normal -0.865135 0.462419 0.194189
    outer loop
      vertex -2.4824 1.65868 7.29405
      vertex -2.75829 1.14252 7.29405
      vertex -2.387 1.59494 7.87085
    endloop
  endfacet
  facet normal -0.678285 -0.205773 -0.705398
    outer loop
      vertex -2.1425 -0.887454 5.09682
      vertex -2.1543 -0.516655 5
      vertex -2.05305 -0.850403 5
    endloop
  endfacet
  facet normal -0.678308 -0.205768 -0.705378
    outer loop
      vertex -2.1543 -0.516655 5
      vertex -2.1425 -0.887454 5.09682
      vertex -2.27447 -0.45242 5.09682
    endloop
  endfacet
  facet normal -0.796841 -0.241726 -0.553727
    outer loop
      vertex -2.1425 -0.887454 5.09682
      vertex -2.44437 -1.01249 5.58581
      vertex -2.27447 -0.45242 5.09682
    endloop
  endfacet
  facet normal -0.828691 0.0816199 -0.553723
    outer loop
      vertex -2.31903 0 5.09682
      vertex -2.59493 0.516163 5.58581
      vertex -2.27447 0.45242 5.09682
    endloop
  endfacet
  facet normal -0.828698 0.0816074 -0.553714
    outer loop
      vertex -2.31903 0 5.09682
      vertex -2.64576 0 5.58581
      vertex -2.59493 0.516163 5.58581
    endloop
  endfacet
  facet normal -0.734374 0.392538 -0.553723
    outer loop
      vertex -1.9282 1.28838 5.09682
      vertex -2.44437 1.01249 5.58581
      vertex -2.19987 1.46991 5.58581
    endloop
  endfacet
  facet normal -0.815361 0.435827 -0.381106
    outer loop
      vertex -2.19987 1.46991 5.58581
      vertex -2.44437 1.01249 5.58581
      vertex -2.387 1.59494 6.12915
    endloop
  endfacet
  facet normal 0.491604 0.262756 0.830231
    outer loop
      vertex 1.75831 0.728315 9.31903
      vertex 1.17586 0.785682 9.64576
      vertex 1.30654 0.541186 9.64576
    endloop
  endfacet
  facet normal 0.625124 0.33413 0.705391
    outer loop
      vertex 1.9282 1.28838 8.90318
      vertex 1.58244 1.05735 9.31903
      vertex 1.75831 0.728315 9.31903
    endloop
  endfacet
  facet normal 0.586509 -0.714679 -0.381104
    outer loop
      vertex 1.59494 -2.387 6.12915
      vertex 1.46991 -2.19987 5.58581
      vertex 2.02998 -2.02998 6.12915
    endloop
  endfacet
  facet normal 0.714676 -0.586511 -0.381107
    outer loop
      vertex 2.02998 -2.02998 6.12915
      vertex 1.87084 -1.87084 5.58581
      vertex 2.19987 -1.46991 5.58581
    endloop
  endfacet
  facet normal 0.643688 -0.528256 0.553725
    outer loop
      vertex 1.9282 -1.28838 8.90318
      vertex 1.6398 -1.6398 8.90318
      vertex 1.87084 -1.87084 8.41419
    endloop
  endfacet
  facet normal 0.796845 -0.241722 0.553723
    outer loop
      vertex 2.59493 -0.516163 8.41419
      vertex 2.27447 -0.45242 8.90318
      vertex 2.44437 -1.01249 8.41419
    endloop
  endfacet
  facet normal 0.392532 0.734375 0.553726
    outer loop
      vertex 1.01249 2.44437 8.41419
      vertex 0.887454 2.1425 8.90318
      vertex 1.28838 1.9282 8.90318
    endloop
  endfacet
  facet normal 0.528255 0.64369 0.553724
    outer loop
      vertex 1.46991 2.19987 8.41419
      vertex 1.28838 1.9282 8.90318
      vertex 1.87084 1.87084 8.41419
    endloop
  endfacet
  facet normal -0.205753 0.678291 0.705399
    outer loop
      vertex -0.45242 2.27447 8.90318
      vertex -0.728315 1.75831 9.31903
      vertex -0.371291 1.86661 9.31903
    endloop
  endfacet
  facet normal 0.0906063 0.920079 0.381111
    outer loop
      vertex 0 2.87082 7.87085
      vertex 0 2.64576 8.41419
      vertex 0.516163 2.59493 8.41419
    endloop
  endfacet
  facet normal -0.241726 0.796841 0.553727
    outer loop
      vertex -0.45242 2.27447 8.90318
      vertex -1.01249 2.44437 8.41419
      vertex -0.887454 2.1425 8.90318
    endloop
  endfacet
  facet normal -0.205764 0.678292 0.705394
    outer loop
      vertex -0.45242 2.27447 8.90318
      vertex -0.887454 2.1425 8.90318
      vertex -0.728315 1.75831 9.31903
    endloop
  endfacet
  facet normal 0.64369 0.528255 0.553724
    outer loop
      vertex 2.19987 1.46991 8.41419
      vertex 1.87084 1.87084 8.41419
      vertex 1.9282 1.28838 8.90318
    endloop
  endfacet
  facet normal 0.734374 0.392538 0.553723
    outer loop
      vertex 2.19987 1.46991 8.41419
      vertex 1.9282 1.28838 8.90318
      vertex 2.44437 1.01249 8.41419
    endloop
  endfacet
  facet normal -0.17285 -0.0923908 0.980605
    outer loop
      vertex -0.244494 -0.163365 9.98555
      vertex -0.804564 -0.333261 9.87082
      vertex -0.724088 -0.48382 9.87082
    endloop
  endfacet
  facet normal -0.124335 -0.151505 0.980605
    outer loop
      vertex -0.163365 -0.244494 9.98555
      vertex -0.615787 -0.615787 9.87082
      vertex -0.48382 -0.724088 9.87082
    endloop
  endfacet
  facet normal -0.367717 0.111552 0.923223
    outer loop
      vertex -1.30654 0.541186 9.64576
      vertex -1.38702 0.275894 9.64576
      vertex -0.85412 0.169895 9.87082
    endloop
  endfacet
  facet normal -0.151505 0.124335 0.980605
    outer loop
      vertex -0.615787 0.615787 9.87082
      vertex -0.724088 0.48382 9.87082
      vertex -0.244494 0.163365 9.98555
    endloop
  endfacet
  facet normal -0.64369 0.528255 0.553724
    outer loop
      vertex -1.87084 1.87084 8.41419
      vertex -2.19987 1.46991 8.41419
      vertex -1.9282 1.28838 8.90318
    endloop
  endfacet
  facet normal -0.430889 0.35363 0.830229
    outer loop
      vertex -1.34575 1.34575 9.31903
      vertex -1.58244 1.05735 9.31903
      vertex -1.17586 0.785682 9.64576
    endloop
  endfacet
  facet normal 0.241722 0.796845 0.553723
    outer loop
      vertex 0.516163 2.59493 8.41419
      vertex 0.45242 2.27447 8.90318
      vertex 1.01249 2.44437 8.41419
    endloop
  endfacet
  facet normal 0.0816074 0.828698 0.553714
    outer loop
      vertex 0 2.64576 8.41419
      vertex 0 2.31903 8.90318
      vertex 0.516163 2.59493 8.41419
    endloop
  endfacet
  facet normal -0.037664 0.382414 0.923223
    outer loop
      vertex 0 0.870853 9.87082
      vertex -0.275894 1.38702 9.64576
      vertex -0.169895 0.85412 9.87082
    endloop
  endfacet
  facet normal -0.0694764 0.705398 0.705399
    outer loop
      vertex 0 2.31903 8.90318
      vertex -0.45242 2.27447 8.90318
      vertex -0.371291 1.86661 9.31903
    endloop
  endfacet
  facet normal 0.35363 0.430889 0.830229
    outer loop
      vertex 1.05735 1.58244 9.31903
      vertex 0.785682 1.17586 9.64576
      vertex 1.34575 1.34575 9.31903
    endloop
  endfacet
  facet normal -0.0923904 0.17285 0.980605
    outer loop
      vertex -0.112528 0.271667 9.98555
      vertex -0.333261 0.804564 9.87082
      vertex -0.163365 0.244494 9.98555
    endloop
  endfacet
  facet normal -0.0192104 -0.195049 0.980605
    outer loop
      vertex -0.0573664 -0.288401 9.98555
      vertex -0.169895 -0.85412 9.87082
      vertex 0 -0.294051 9.98555
    endloop
  endfacet
  facet normal -0.0376602 0.382416 0.923223
    outer loop
      vertex 0 1.41419 9.64576
      vertex -0.275894 1.38702 9.64576
      vertex 0 0.870853 9.87082
    endloop
  endfacet
  facet normal 0.0376602 0.382416 0.923223
    outer loop
      vertex 0 1.41419 9.64576
      vertex 0 0.870853 9.87082
      vertex 0.275894 1.38702 9.64576
    endloop
  endfacet
  facet normal 0.262756 0.491604 0.830231
    outer loop
      vertex 0.728315 1.75831 9.31903
      vertex 0.541186 1.30654 9.64576
      vertex 0.785682 1.17586 9.64576
    endloop
  endfacet
  facet normal -0.187553 -0.0568931 0.980605
    outer loop
      vertex -0.271667 -0.112528 9.98555
      vertex -0.85412 -0.169895 9.87082
      vertex -0.804564 -0.333261 9.87082
    endloop
  endfacet
  facet normal -0.367721 0.111546 0.923222
    outer loop
      vertex -0.804564 0.333261 9.87082
      vertex -1.30654 0.541186 9.64576
      vertex -0.85412 0.169895 9.87082
    endloop
  endfacet
  facet normal -0.124335 0.151505 0.980605
    outer loop
      vertex -0.163365 0.244494 9.98555
      vertex -0.615787 0.615787 9.87082
      vertex -0.207925 0.207925 9.98555
    endloop
  endfacet
  facet normal -0.187553 0.0568931 0.980605
    outer loop
      vertex -0.804564 0.333261 9.87082
      vertex -0.85412 0.169895 9.87082
      vertex -0.271667 0.112528 9.98555
    endloop
  endfacet
  facet normal 0.33889 -0.181142 0.923223
    outer loop
      vertex 0.804564 -0.333261 9.87082
      vertex 0.724088 -0.48382 9.87082
      vertex 1.17586 -0.785682 9.64576
    endloop
  endfacet
  facet normal -0.353631 -0.430888 0.830229
    outer loop
      vertex -0.999983 -0.999983 9.64576
      vertex -1.34575 -1.34575 9.31903
      vertex -0.785682 -1.17586 9.64576
    endloop
  endfacet
  facet normal -0.297042 -0.243772 0.923223
    outer loop
      vertex -0.724088 -0.48382 9.87082
      vertex -1.17586 -0.785682 9.64576
      vertex -0.615787 -0.615787 9.87082
    endloop
  endfacet
  facet normal 0.17285 -0.0923904 0.980605
    outer loop
      vertex 0.271667 -0.112528 9.98555
      vertex 0.244494 -0.163365 9.98555
      vertex 0.804564 -0.333261 9.87082
    endloop
  endfacet
  facet normal 0.124335 0.151505 0.980605
    outer loop
      vertex 0.615787 0.615787 9.87082
      vertex 0.163365 0.244494 9.98555
      vertex 0.207925 0.207925 9.98555
    endloop
  endfacet
  facet normal 0.243772 -0.297042 0.923223
    outer loop
      vertex 0.615787 -0.615787 9.87082
      vertex 0.48382 -0.724088 9.87082
      vertex 0.785682 -1.17586 9.64576
    endloop
  endfacet
  facet normal -0.0192105 0.195049 0.980605
    outer loop
      vertex 0 0.870853 9.87082
      vertex -0.169895 0.85412 9.87082
      vertex 0 0.294051 9.98555
    endloop
  endfacet
  facet normal 0.35363 -0.430889 0.830229
    outer loop
      vertex 1.34575 -1.34575 9.31903
      vertex 0.785682 -1.17586 9.64576
      vertex 1.05735 -1.58244 9.31903
    endloop
  endfacet
  facet normal 0.678291 -0.205753 0.705399
    outer loop
      vertex 1.86661 -0.371291 9.31903
      vertex 1.75831 -0.728315 9.31903
      vertex 2.27447 -0.45242 8.90318
    endloop
  endfacet
  facet normal 0.181136 -0.338896 0.923222
    outer loop
      vertex 0.785682 -1.17586 9.64576
      vertex 0.333261 -0.804564 9.87082
      vertex 0.541186 -1.30654 9.64576
    endloop
  endfacet
  facet normal 0.111552 -0.367717 0.923223
    outer loop
      vertex 0.541186 -1.30654 9.64576
      vertex 0.169895 -0.85412 9.87082
      vertex 0.275894 -1.38702 9.64576
    endloop
  endfacet
  facet normal 0.734375 -0.392532 0.553726
    outer loop
      vertex 2.1425 -0.887454 8.90318
      vertex 1.9282 -1.28838 8.90318
      vertex 2.44437 -1.01249 8.41419
    endloop
  endfacet
  facet normal 0.430889 -0.35363 0.830229
    outer loop
      vertex 1.58244 -1.05735 9.31903
      vertex 1.17586 -0.785682 9.64576
      vertex 1.34575 -1.34575 9.31903
    endloop
  endfacet
  facet normal 0.187553 -0.0568931 0.980605
    outer loop
      vertex 0.85412 -0.169895 9.87082
      vertex 0.271667 -0.112528 9.98555
      vertex 0.804564 -0.333261 9.87082
    endloop
  endfacet
  facet normal 0.0923908 -0.17285 0.980605
    outer loop
      vertex 0.48382 -0.724088 9.87082
      vertex 0.163365 -0.244494 9.98555
      vertex 0.333261 -0.804564 9.87082
    endloop
  endfacet
  facet normal 0.0546309 -0.554742 0.830227
    outer loop
      vertex 0.275894 -1.38702 9.64576
      vertex 0 -1.41419 9.64576
      vertex 0.371291 -1.86661 9.31903
    endloop
  endfacet
  facet normal -0.0694776 -0.705398 0.705398
    outer loop
      vertex 0 -1.90318 9.31903
      vertex -0.371291 -1.86661 9.31903
      vertex 0 -2.31903 8.90318
    endloop
  endfacet
  facet normal -0.241722 -0.796845 0.553723
    outer loop
      vertex -0.45242 -2.27447 8.90318
      vertex -1.01249 -2.44437 8.41419
      vertex -0.516163 -2.59493 8.41419
    endloop
  endfacet
  facet normal -0.161809 -0.533423 0.830228
    outer loop
      vertex -0.275894 -1.38702 9.64576
      vertex -0.728315 -1.75831 9.31903
      vertex -0.371291 -1.86661 9.31903
    endloop
  endfacet
  facet normal 0.0694764 -0.705398 0.705399
    outer loop
      vertex 0.371291 -1.86661 9.31903
      vertex 0 -2.31903 8.90318
      vertex 0.45242 -2.27447 8.90318
    endloop
  endfacet
  facet normal -0.205753 -0.678291 0.705399
    outer loop
      vertex -0.371291 -1.86661 9.31903
      vertex -0.728315 -1.75831 9.31903
      vertex -0.45242 -2.27447 8.90318
    endloop
  endfacet
  facet normal -0.976243 0.0961406 0.194182
    outer loop
      vertex -2.92819 0.582452 7.29405
      vertex -2.98555 0 7.29405
      vertex -2.87082 0 7.87085
    endloop
  endfacet
  facet normal -0.976243 -0.0961406 0.194182
    outer loop
      vertex -2.87082 0 7.87085
      vertex -2.98555 0 7.29405
      vertex -2.92819 -0.582452 7.29405
    endloop
  endfacet
  facet normal -0.828691 -0.0816199 0.553723
    outer loop
      vertex -2.31903 0 8.90318
      vertex -2.59493 -0.516163 8.41419
      vertex -2.27447 -0.45242 8.90318
    endloop
  endfacet
  facet normal -0.705398 -0.0694764 0.705399
    outer loop
      vertex -1.86661 -0.371291 9.31903
      vertex -2.31903 0 8.90318
      vertex -2.27447 -0.45242 8.90318
    endloop
  endfacet
  facet normal 0.0694423 -0.7054 -0.7054
    outer loop
      vertex 0.0864452 -2.2137 5
      vertex 0 -2.31903 5.09682
      vertex 0 -2.22221 5
    endloop
  endfacet
  facet normal -0.0694423 -0.7054 -0.7054
    outer loop
      vertex 0 -2.31903 5.09682
      vertex -0.0864452 -2.2137 5
      vertex 0 -2.22221 5
    endloop
  endfacet
  facet normal -0.0816199 -0.828691 -0.553723
    outer loop
      vertex 0 -2.31903 5.09682
      vertex -0.516163 -2.59493 5.58581
      vertex -0.45242 -2.27447 5.09682
    endloop
  endfacet
  facet normal 0.0906063 -0.920079 -0.381111
    outer loop
      vertex 0.516163 -2.59493 5.58581
      vertex 0 -2.87082 6.12915
      vertex 0 -2.64576 5.58581
    endloop
  endfacet
  facet normal -0.241726 0.796841 -0.553727
    outer loop
      vertex -0.887454 2.1425 5.09682
      vertex -1.01249 2.44437 5.58581
      vertex -0.45242 2.27447 5.09682
    endloop
  endfacet
  facet normal -0.528256 0.643688 -0.553725
    outer loop
      vertex -1.6398 1.6398 5.09682
      vertex -1.87084 1.87084 5.58581
      vertex -1.28838 1.9282 5.09682
    endloop
  endfacet
  facet normal 0.0694423 0.7054 -0.7054
    outer loop
      vertex 0.0864452 2.2137 5
      vertex 0 2.22221 5
      vertex 0 2.31903 5.09682
    endloop
  endfacet
  facet normal -0.0694423 0.7054 -0.7054
    outer loop
      vertex 0 2.22221 5
      vertex -0.0864452 2.2137 5
      vertex 0 2.31903 5.09682
    endloop
  endfacet
  facet normal -0.392532 0.734375 -0.553726
    outer loop
      vertex -0.887454 2.1425 5.09682
      vertex -1.28838 1.9282 5.09682
      vertex -1.01249 2.44437 5.58581
    endloop
  endfacet
  facet normal -0.241722 0.796845 -0.553723
    outer loop
      vertex -0.45242 2.27447 5.09682
      vertex -1.01249 2.44437 5.58581
      vertex -0.516163 2.59493 5.58581
    endloop
  endfacet
  facet normal 0.462419 0.865135 -0.194189
    outer loop
      vertex 1.59494 2.387 6.12915
      vertex 1.14252 2.75829 6.70595
      vertex 1.65868 2.4824 6.70595
    endloop
  endfacet
  facet normal 0.462419 0.865135 0.194189
    outer loop
      vertex 1.65868 2.4824 7.29405
      vertex 1.14252 2.75829 7.29405
      vertex 1.59494 2.387 7.87085
    endloop
  endfacet
  facet normal 0.634402 0.773003 -0
    outer loop
      vertex 2.1111 2.1111 6.70595
      vertex 1.65868 2.4824 7.29405
      vertex 2.1111 2.1111 7.29405
    endloop
  endfacet
  facet normal 0.634402 0.773003 0
    outer loop
      vertex 1.65868 2.4824 7.29405
      vertex 2.1111 2.1111 6.70595
      vertex 1.65868 2.4824 6.70595
    endloop
  endfacet
  facet normal 0.622328 0.758292 -0.194168
    outer loop
      vertex 2.02998 2.02998 6.12915
      vertex 1.65868 2.4824 6.70595
      vertex 2.1111 2.1111 6.70595
    endloop
  endfacet
  facet normal 0.334176 0.625101 -0.705391
    outer loop
      vertex 1.23459 1.8477 5
      vertex 1.15799 1.88865 5
      vertex 1.28838 1.9282 5.09682
    endloop
  endfacet
  facet normal 0.449678 -0.547922 -0.705388
    outer loop
      vertex 1.6398 -1.6398 5.09682
      vertex 1.30174 -1.7926 5
      vertex 1.57134 -1.57134 5
    endloop
  endfacet
  facet normal 0.449682 -0.547945 -0.705367
    outer loop
      vertex 1.30174 -1.7926 5
      vertex 1.6398 -1.6398 5.09682
      vertex 1.28838 -1.9282 5.09682
    endloop
  endfacet
  facet normal 0.449627 -0.547958 -0.705392
    outer loop
      vertex 1.28838 -1.9282 5.09682
      vertex 1.23459 -1.8477 5
      vertex 1.30174 -1.7926 5
    endloop
  endfacet
  facet normal 0.705396 0.0694854 -0.7054
    outer loop
      vertex 2.27447 0.45242 5.09682
      vertex 2.2137 0.0864452 5
      vertex 2.17951 0.433532 5
    endloop
  endfacet
  facet normal 0.705413 0.069478 -0.705383
    outer loop
      vertex 2.2137 0.0864452 5
      vertex 2.27447 0.45242 5.09682
      vertex 2.31903 0 5.09682
    endloop
  endfacet
  facet normal 0.828691 0.0816199 -0.553723
    outer loop
      vertex 2.31903 0 5.09682
      vertex 2.27447 0.45242 5.09682
      vertex 2.59493 0.516163 5.58581
    endloop
  endfacet
  facet normal 0.678308 0.205768 -0.705378
    outer loop
      vertex 2.1543 0.516655 5
      vertex 2.1425 0.887454 5.09682
      vertex 2.27447 0.45242 5.09682
    endloop
  endfacet
  facet normal 0.678285 0.205773 -0.705398
    outer loop
      vertex 2.1425 0.887454 5.09682
      vertex 2.1543 0.516655 5
      vertex 2.05305 0.850403 5
    endloop
  endfacet
  facet normal 0.625123 0.334118 -0.705398
    outer loop
      vertex 1.88865 1.15799 5
      vertex 2.1425 0.887454 5.09682
      vertex 2.05305 0.850403 5
    endloop
  endfacet
  facet normal 0.625142 0.334146 -0.705368
    outer loop
      vertex 2.1425 0.887454 5.09682
      vertex 1.88865 1.15799 5
      vertex 1.9282 1.28838 5.09682
    endloop
  endfacet
  facet normal -0.334176 -0.625101 -0.705391
    outer loop
      vertex -1.15799 -1.88865 5
      vertex -1.28838 -1.9282 5.09682
      vertex -1.23459 -1.8477 5
    endloop
  endfacet
  facet normal -0.449627 -0.547958 -0.705392
    outer loop
      vertex -1.28838 -1.9282 5.09682
      vertex -1.30174 -1.7926 5
      vertex -1.23459 -1.8477 5
    endloop
  endfacet
  facet normal -0.0816074 -0.828698 -0.553714
    outer loop
      vertex 0 -2.64576 5.58581
      vertex -0.516163 -2.59493 5.58581
      vertex 0 -2.31903 5.09682
    endloop
  endfacet
  facet normal -0.0906063 -0.920079 -0.381111
    outer loop
      vertex 0 -2.87082 6.12915
      vertex -0.516163 -2.59493 5.58581
      vertex 0 -2.64576 5.58581
    endloop
  endfacet
  facet normal -0.435818 -0.81537 -0.381096
    outer loop
      vertex -1.09861 -2.65229 6.12915
      vertex -1.59494 -2.387 6.12915
      vertex -1.01249 -2.44437 5.58581
    endloop
  endfacet
  facet normal -0.26838 -0.884725 -0.381096
    outer loop
      vertex -0.516163 -2.59493 5.58581
      vertex -1.09861 -2.65229 6.12915
      vertex -1.01249 -2.44437 5.58581
    endloop
  endfacet
  facet normal -0.920081 0.0906168 -0.381102
    outer loop
      vertex -2.59493 0.516163 5.58581
      vertex -2.87082 0 6.12915
      vertex -2.81566 0.560069 6.12915
    endloop
  endfacet
  facet normal -0.976241 0.0961479 -0.194189
    outer loop
      vertex -2.87082 0 6.12915
      vertex -2.92819 0.582452 6.70595
      vertex -2.81566 0.560069 6.12915
    endloop
  endfacet
  facet normal -0.88472 -0.268386 -0.381102
    outer loop
      vertex -2.65229 -1.09861 6.12915
      vertex -2.81566 -0.560069 6.12915
      vertex -2.59493 -0.516163 5.58581
    endloop
  endfacet
  facet normal -0.938721 -0.284767 -0.19419
    outer loop
      vertex -2.75829 -1.14252 6.70595
      vertex -2.81566 -0.560069 6.12915
      vertex -2.65229 -1.09861 6.12915
    endloop
  endfacet
  facet normal -0.920081 -0.0906168 0.381102
    outer loop
      vertex -2.59493 -0.516163 8.41419
      vertex -2.87082 0 7.87085
      vertex -2.81566 -0.560069 7.87085
    endloop
  endfacet
  facet normal -0.976241 -0.0961479 0.194189
    outer loop
      vertex -2.87082 0 7.87085
      vertex -2.92819 -0.582452 7.29405
      vertex -2.81566 -0.560069 7.87085
    endloop
  endfacet
  facet normal -0.81537 -0.435818 0.381096
    outer loop
      vertex -2.44437 -1.01249 8.41419
      vertex -2.65229 -1.09861 7.87085
      vertex -2.387 -1.59494 7.87085
    endloop
  endfacet
  facet normal -0.815361 -0.435827 0.381106
    outer loop
      vertex -2.19987 -1.46991 8.41419
      vertex -2.44437 -1.01249 8.41419
      vertex -2.387 -1.59494 7.87085
    endloop
  endfacet
  facet normal -0.586511 -0.714676 0.381107
    outer loop
      vertex -1.87084 -1.87084 8.41419
      vertex -2.02998 -2.02998 7.87085
      vertex -1.46991 -2.19987 8.41419
    endloop
  endfacet
  facet normal -0.714676 -0.586511 0.381107
    outer loop
      vertex -1.87084 -1.87084 8.41419
      vertex -2.19987 -1.46991 8.41419
      vertex -2.02998 -2.02998 7.87085
    endloop
  endfacet
  facet normal -0.533423 0.161809 0.830228
    outer loop
      vertex -1.75831 0.728315 9.31903
      vertex -1.86661 0.371291 9.31903
      vertex -1.38702 0.275894 9.64576
    endloop
  endfacet
  facet normal -0.533414 0.161819 0.830231
    outer loop
      vertex -1.30654 0.541186 9.64576
      vertex -1.75831 0.728315 9.31903
      vertex -1.38702 0.275894 9.64576
    endloop
  endfacet
  facet normal -0.625124 0.33413 0.705391
    outer loop
      vertex -1.58244 1.05735 9.31903
      vertex -1.9282 1.28838 8.90318
      vertex -1.75831 0.728315 9.31903
    endloop
  endfacet
  facet normal -0.547918 0.449677 0.705391
    outer loop
      vertex -1.34575 1.34575 9.31903
      vertex -1.9282 1.28838 8.90318
      vertex -1.58244 1.05735 9.31903
    endloop
  endfacet
  facet normal -0.796841 0.241726 0.553727
    outer loop
      vertex -2.1425 0.887454 8.90318
      vertex -2.44437 1.01249 8.41419
      vertex -2.27447 0.45242 8.90318
    endloop
  endfacet
  facet normal -0.734375 0.392532 0.553726
    outer loop
      vertex -1.9282 1.28838 8.90318
      vertex -2.44437 1.01249 8.41419
      vertex -2.1425 0.887454 8.90318
    endloop
  endfacet
  facet normal -0.705396 -0.0694854 -0.7054
    outer loop
      vertex -2.27447 -0.45242 5.09682
      vertex -2.2137 -0.0864452 5
      vertex -2.17951 -0.433532 5
    endloop
  endfacet
  facet normal -0.705413 -0.069478 -0.705383
    outer loop
      vertex -2.2137 -0.0864452 5
      vertex -2.27447 -0.45242 5.09682
      vertex -2.31903 0 5.09682
    endloop
  endfacet
  facet normal -0.7054 -0.0694423 -0.7054
    outer loop
      vertex -2.2137 -0.0864452 5
      vertex -2.31903 0 5.09682
      vertex -2.22221 0 5
    endloop
  endfacet
  facet normal 0.449663 0.547921 0.705398
    outer loop
      vertex 1.6398 1.6398 8.90318
      vertex 1.28838 1.9282 8.90318
      vertex 1.34575 1.34575 9.31903
    endloop
  endfacet
  facet normal 0.547921 0.449663 0.705398
    outer loop
      vertex 1.6398 1.6398 8.90318
      vertex 1.34575 1.34575 9.31903
      vertex 1.9282 1.28838 8.90318
    endloop
  endfacet
  facet normal 0.449677 0.547918 0.705391
    outer loop
      vertex 1.28838 1.9282 8.90318
      vertex 1.05735 1.58244 9.31903
      vertex 1.34575 1.34575 9.31903
    endloop
  endfacet
  facet normal 0.33413 0.625124 0.705391
    outer loop
      vertex 1.28838 1.9282 8.90318
      vertex 0.728315 1.75831 9.31903
      vertex 1.05735 1.58244 9.31903
    endloop
  endfacet
  facet normal 0.297042 0.243772 0.923223
    outer loop
      vertex 1.17586 0.785682 9.64576
      vertex 0.615787 0.615787 9.87082
      vertex 0.724088 0.48382 9.87082
    endloop
  endfacet
  facet normal 0.33889 0.181142 0.923223
    outer loop
      vertex 1.17586 0.785682 9.64576
      vertex 0.724088 0.48382 9.87082
      vertex 0.804564 0.333261 9.87082
    endloop
  endfacet
  facet normal 0.714679 -0.586509 -0.381104
    outer loop
      vertex 2.387 -1.59494 6.12915
      vertex 2.02998 -2.02998 6.12915
      vertex 2.19987 -1.46991 5.58581
    endloop
  endfacet
  facet normal 0.622328 -0.758292 -0.194168
    outer loop
      vertex 2.1111 -2.1111 6.70595
      vertex 1.65868 -2.4824 6.70595
      vertex 2.02998 -2.02998 6.12915
    endloop
  endfacet
  facet normal 0.643688 -0.528256 -0.553725
    outer loop
      vertex 1.87084 -1.87084 5.58581
      vertex 1.6398 -1.6398 5.09682
      vertex 1.9282 -1.28838 5.09682
    endloop
  endfacet
  facet normal 0.64369 -0.528255 -0.553724
    outer loop
      vertex 2.19987 -1.46991 5.58581
      vertex 1.87084 -1.87084 5.58581
      vertex 1.9282 -1.28838 5.09682
    endloop
  endfacet
  facet normal 0.625124 -0.33413 0.705391
    outer loop
      vertex 1.75831 -0.728315 9.31903
      vertex 1.58244 -1.05735 9.31903
      vertex 1.9282 -1.28838 8.90318
    endloop
  endfacet
  facet normal 0.64369 -0.528255 0.553724
    outer loop
      vertex 1.9282 -1.28838 8.90318
      vertex 1.87084 -1.87084 8.41419
      vertex 2.19987 -1.46991 8.41419
    endloop
  endfacet
  facet normal 0.284767 0.938722 0.194189
    outer loop
      vertex 0.582452 2.92819 7.29405
      vertex 0.560069 2.81566 7.87085
      vertex 1.14252 2.75829 7.29405
    endloop
  endfacet
  facet normal 0.0961479 0.976241 0.194189
    outer loop
      vertex 0.582452 2.92819 7.29405
      vertex 0 2.87082 7.87085
      vertex 0.560069 2.81566 7.87085
    endloop
  endfacet
  facet normal 0.26838 0.884725 0.381096
    outer loop
      vertex 1.09861 2.65229 7.87085
      vertex 0.516163 2.59493 8.41419
      vertex 1.01249 2.44437 8.41419
    endloop
  endfacet
  facet normal 0.0694776 0.705398 0.705398
    outer loop
      vertex 0 2.31903 8.90318
      vertex 0 1.90318 9.31903
      vertex 0.371291 1.86661 9.31903
    endloop
  endfacet
  facet normal -0.24378 0.297039 0.923222
    outer loop
      vertex -0.785682 1.17586 9.64576
      vertex -0.999983 0.999983 9.64576
      vertex -0.615787 0.615787 9.87082
    endloop
  endfacet
  facet normal -0.353631 0.430888 0.830229
    outer loop
      vertex -0.785682 1.17586 9.64576
      vertex -1.34575 1.34575 9.31903
      vertex -0.999983 0.999983 9.64576
    endloop
  endfacet
  facet normal 0.205753 0.678291 0.705399
    outer loop
      vertex 0.45242 2.27447 8.90318
      vertex 0.371291 1.86661 9.31903
      vertex 0.728315 1.75831 9.31903
    endloop
  endfacet
  facet normal 0.205764 0.678292 0.705394
    outer loop
      vertex 0.887454 2.1425 8.90318
      vertex 0.45242 2.27447 8.90318
      vertex 0.728315 1.75831 9.31903
    endloop
  endfacet
  facet normal 0.161819 0.533414 0.830231
    outer loop
      vertex 0.728315 1.75831 9.31903
      vertex 0.275894 1.38702 9.64576
      vertex 0.541186 1.30654 9.64576
    endloop
  endfacet
  facet normal 0.161809 0.533423 0.830228
    outer loop
      vertex 0.371291 1.86661 9.31903
      vertex 0.275894 1.38702 9.64576
      vertex 0.728315 1.75831 9.31903
    endloop
  endfacet
  facet normal -0.187553 0.0568967 0.980605
    outer loop
      vertex -0.271667 0.112528 9.98555
      vertex -0.85412 0.169895 9.87082
      vertex -0.288401 0.0573664 9.98555
    endloop
  endfacet
  facet normal 0.124335 -0.151505 0.980605
    outer loop
      vertex 0.615787 -0.615787 9.87082
      vertex 0.163365 -0.244494 9.98555
      vertex 0.48382 -0.724088 9.87082
    endloop
  endfacet
  facet normal -0.0568967 0.187553 0.980605
    outer loop
      vertex -0.0573664 0.288401 9.98555
      vertex -0.169895 0.85412 9.87082
      vertex -0.112528 0.271667 9.98555
    endloop
  endfacet
  facet normal 0.151505 -0.124335 0.980605
    outer loop
      vertex 0.724088 -0.48382 9.87082
      vertex 0.244494 -0.163365 9.98555
      vertex 0.615787 -0.615787 9.87082
    endloop
  endfacet
  facet normal -0.297042 0.243772 0.923223
    outer loop
      vertex -0.615787 0.615787 9.87082
      vertex -1.17586 0.785682 9.64576
      vertex -0.724088 0.48382 9.87082
    endloop
  endfacet
  facet normal -0.33889 0.181142 0.923223
    outer loop
      vertex -0.724088 0.48382 9.87082
      vertex -1.17586 0.785682 9.64576
      vertex -0.804564 0.333261 9.87082
    endloop
  endfacet
  facet normal -0.0923908 0.17285 0.980605
    outer loop
      vertex -0.333261 0.804564 9.87082
      vertex -0.48382 0.724088 9.87082
      vertex -0.163365 0.244494 9.98555
    endloop
  endfacet
  facet normal -0.181142 0.33889 0.923223
    outer loop
      vertex -0.333261 0.804564 9.87082
      vertex -0.785682 1.17586 9.64576
      vertex -0.48382 0.724088 9.87082
    endloop
  endfacet
  facet normal 0.0192105 0.195049 0.980605
    outer loop
      vertex 0 0.870853 9.87082
      vertex 0 0.294051 9.98555
      vertex 0.169895 0.85412 9.87082
    endloop
  endfacet
  facet normal -0.0192104 0.195049 0.980605
    outer loop
      vertex 0 0.294051 9.98555
      vertex -0.169895 0.85412 9.87082
      vertex -0.0573664 0.288401 9.98555
    endloop
  endfacet
  facet normal -0.533414 -0.161819 0.830231
    outer loop
      vertex -1.38702 -0.275894 9.64576
      vertex -1.75831 -0.728315 9.31903
      vertex -1.30654 -0.541186 9.64576
    endloop
  endfacet
  facet normal -0.491604 -0.262756 0.830231
    outer loop
      vertex -1.30654 -0.541186 9.64576
      vertex -1.75831 -0.728315 9.31903
      vertex -1.17586 -0.785682 9.64576
    endloop
  endfacet
  facet normal -0.35363 -0.430889 0.830229
    outer loop
      vertex -0.785682 -1.17586 9.64576
      vertex -1.34575 -1.34575 9.31903
      vertex -1.05735 -1.58244 9.31903
    endloop
  endfacet
  facet normal -0.430888 -0.353631 0.830229
    outer loop
      vertex -1.17586 -0.785682 9.64576
      vertex -1.34575 -1.34575 9.31903
      vertex -0.999983 -0.999983 9.64576
    endloop
  endfacet
  facet normal -0.111546 -0.367721 0.923222
    outer loop
      vertex -0.333261 -0.804564 9.87082
      vertex -0.541186 -1.30654 9.64576
      vertex -0.169895 -0.85412 9.87082
    endloop
  endfacet
  facet normal -0.037664 -0.382414 0.923223
    outer loop
      vertex -0.169895 -0.85412 9.87082
      vertex -0.275894 -1.38702 9.64576
      vertex 0 -0.870853 9.87082
    endloop
  endfacet
  facet normal 0.0568931 0.187553 0.980605
    outer loop
      vertex 0.169895 0.85412 9.87082
      vertex 0.112528 0.271667 9.98555
      vertex 0.333261 0.804564 9.87082
    endloop
  endfacet
  facet normal -0.0568967 -0.187553 0.980605
    outer loop
      vertex -0.112528 -0.271667 9.98555
      vertex -0.169895 -0.85412 9.87082
      vertex -0.0573664 -0.288401 9.98555
    endloop
  endfacet
  facet normal 0.181142 -0.33889 0.923223
    outer loop
      vertex 0.48382 -0.724088 9.87082
      vertex 0.333261 -0.804564 9.87082
      vertex 0.785682 -1.17586 9.64576
    endloop
  endfacet
  facet normal 0.353631 -0.430888 0.830229
    outer loop
      vertex 0.999983 -0.999983 9.64576
      vertex 0.785682 -1.17586 9.64576
      vertex 1.34575 -1.34575 9.31903
    endloop
  endfacet
  facet normal 0.430888 -0.353631 0.830229
    outer loop
      vertex 1.17586 -0.785682 9.64576
      vertex 0.999983 -0.999983 9.64576
      vertex 1.34575 -1.34575 9.31903
    endloop
  endfacet
  facet normal 0.33413 -0.625124 0.705391
    outer loop
      vertex 1.05735 -1.58244 9.31903
      vertex 0.728315 -1.75831 9.31903
      vertex 1.28838 -1.9282 8.90318
    endloop
  endfacet
  facet normal 0.449677 -0.547918 0.705391
    outer loop
      vertex 1.34575 -1.34575 9.31903
      vertex 1.05735 -1.58244 9.31903
      vertex 1.28838 -1.9282 8.90318
    endloop
  endfacet
  facet normal 0.297042 -0.243772 0.923223
    outer loop
      vertex 0.724088 -0.48382 9.87082
      vertex 0.615787 -0.615787 9.87082
      vertex 1.17586 -0.785682 9.64576
    endloop
  endfacet
  facet normal 0.187553 -0.0568967 0.980605
    outer loop
      vertex 0.288401 -0.0573664 9.98555
      vertex 0.271667 -0.112528 9.98555
      vertex 0.85412 -0.169895 9.87082
    endloop
  endfacet
  facet normal 0.195049 -0.0192104 0.980605
    outer loop
      vertex 0.294051 0 9.98555
      vertex 0.288401 -0.0573664 9.98555
      vertex 0.85412 -0.169895 9.87082
    endloop
  endfacet
  facet normal 0.0376602 -0.382416 0.923223
    outer loop
      vertex 0 -0.870853 9.87082
      vertex 0 -1.41419 9.64576
      vertex 0.275894 -1.38702 9.64576
    endloop
  endfacet
  facet normal -0.0376602 -0.382416 0.923223
    outer loop
      vertex 0 -0.870853 9.87082
      vertex -0.275894 -1.38702 9.64576
      vertex 0 -1.41419 9.64576
    endloop
  endfacet
  facet normal -0.0546384 -0.554737 0.83023
    outer loop
      vertex 0 -1.41419 9.64576
      vertex -0.371291 -1.86661 9.31903
      vertex 0 -1.90318 9.31903
    endloop
  endfacet
  facet normal -0.0694764 -0.705398 0.705399
    outer loop
      vertex -0.371291 -1.86661 9.31903
      vertex -0.45242 -2.27447 8.90318
      vertex 0 -2.31903 8.90318
    endloop
  endfacet
  facet normal -0.796845 0.241722 0.553723
    outer loop
      vertex -2.44437 1.01249 8.41419
      vertex -2.59493 0.516163 8.41419
      vertex -2.27447 0.45242 8.90318
    endloop
  endfacet
  facet normal -0.828691 0.0816199 0.553723
    outer loop
      vertex -2.27447 0.45242 8.90318
      vertex -2.59493 0.516163 8.41419
      vertex -2.31903 0 8.90318
    endloop
  endfacet
  facet normal -0.528255 0.64369 -0.553724
    outer loop
      vertex -1.28838 1.9282 5.09682
      vertex -1.87084 1.87084 5.58581
      vertex -1.46991 2.19987 5.58581
    endloop
  endfacet
  facet normal -0.0816199 0.828691 -0.553723
    outer loop
      vertex -0.45242 2.27447 5.09682
      vertex -0.516163 2.59493 5.58581
      vertex 0 2.31903 5.09682
    endloop
  endfacet
  facet normal 0.205718 0.678299 -0.705401
    outer loop
      vertex 0.516655 2.1543 5
      vertex 0.433532 2.17951 5
      vertex 0.45242 2.27447 5.09682
    endloop
  endfacet
  facet normal 0.0694854 0.705396 -0.7054
    outer loop
      vertex 0.0864452 2.2137 5
      vertex 0.45242 2.27447 5.09682
      vertex 0.433532 2.17951 5
    endloop
  endfacet
  facet normal 0.069478 0.705413 -0.705383
    outer loop
      vertex 0.45242 2.27447 5.09682
      vertex 0.0864452 2.2137 5
      vertex 0 2.31903 5.09682
    endloop
  endfacet
  facet normal -0.586511 0.714676 -0.381107
    outer loop
      vertex -1.87084 1.87084 5.58581
      vertex -2.02998 2.02998 6.12915
      vertex -1.46991 2.19987 5.58581
    endloop
  endfacet
  facet normal -0.435818 0.81537 -0.381096
    outer loop
      vertex -1.01249 2.44437 5.58581
      vertex -1.59494 2.387 6.12915
      vertex -1.09861 2.65229 6.12915
    endloop
  endfacet
  facet normal 0.471392 0.881924 -0
    outer loop
      vertex 1.65868 2.4824 6.70595
      vertex 1.14252 2.75829 7.29405
      vertex 1.65868 2.4824 7.29405
    endloop
  endfacet
  facet normal 0.471392 0.881924 0
    outer loop
      vertex 1.14252 2.75829 7.29405
      vertex 1.65868 2.4824 6.70595
      vertex 1.14252 2.75829 6.70595
    endloop
  endfacet
  facet normal 0.64369 0.528255 -0.553724
    outer loop
      vertex 1.9282 1.28838 5.09682
      vertex 1.87084 1.87084 5.58581
      vertex 2.19987 1.46991 5.58581
    endloop
  endfacet
  facet normal 0.734375 0.392532 -0.553726
    outer loop
      vertex 2.1425 0.887454 5.09682
      vertex 1.9282 1.28838 5.09682
      vertex 2.44437 1.01249 5.58581
    endloop
  endfacet
  facet normal 0.678308 -0.205768 -0.705378
    outer loop
      vertex 2.1425 -0.887454 5.09682
      vertex 2.1543 -0.516655 5
      vertex 2.27447 -0.45242 5.09682
    endloop
  endfacet
  facet normal 0.678285 -0.205773 -0.705398
    outer loop
      vertex 2.1543 -0.516655 5
      vertex 2.1425 -0.887454 5.09682
      vertex 2.05305 -0.850403 5
    endloop
  endfacet
  facet normal 0.796841 -0.241726 -0.553727
    outer loop
      vertex 2.44437 -1.01249 5.58581
      vertex 2.1425 -0.887454 5.09682
      vertex 2.27447 -0.45242 5.09682
    endloop
  endfacet
  facet normal 0.920079 -0.0906063 -0.381111
    outer loop
      vertex 2.87082 0 6.12915
      vertex 2.59493 -0.516163 5.58581
      vertex 2.64576 0 5.58581
    endloop
  endfacet
  facet normal 0.828698 -0.0816074 -0.553714
    outer loop
      vertex 2.59493 -0.516163 5.58581
      vertex 2.31903 0 5.09682
      vertex 2.64576 0 5.58581
    endloop
  endfacet
  facet normal -0.678299 0.205718 -0.705401
    outer loop
      vertex -2.17951 0.433532 5
      vertex -2.27447 0.45242 5.09682
      vertex -2.1543 0.516655 5
    endloop
  endfacet
  facet normal -0.643688 0.528256 0.553725
    outer loop
      vertex -1.87084 1.87084 8.41419
      vertex -1.9282 1.28838 8.90318
      vertex -1.6398 1.6398 8.90318
    endloop
  endfacet
  facet normal -0.547921 0.449663 0.705398
    outer loop
      vertex -1.6398 1.6398 8.90318
      vertex -1.9282 1.28838 8.90318
      vertex -1.34575 1.34575 9.31903
    endloop
  endfacet
  facet normal 0.181142 0.33889 0.923223
    outer loop
      vertex 0.785682 1.17586 9.64576
      vertex 0.333261 0.804564 9.87082
      vertex 0.48382 0.724088 9.87082
    endloop
  endfacet
  facet normal 0.243772 0.297042 0.923223
    outer loop
      vertex 0.785682 1.17586 9.64576
      vertex 0.48382 0.724088 9.87082
      vertex 0.615787 0.615787 9.87082
    endloop
  endfacet
  facet normal 0.547918 0.449677 0.705391
    outer loop
      vertex 1.9282 1.28838 8.90318
      vertex 1.34575 1.34575 9.31903
      vertex 1.58244 1.05735 9.31903
    endloop
  endfacet
  facet normal 0.430889 0.35363 0.830229
    outer loop
      vertex 1.34575 1.34575 9.31903
      vertex 1.17586 0.785682 9.64576
      vertex 1.58244 1.05735 9.31903
    endloop
  endfacet
  facet normal 0.634402 -0.773003 0
    outer loop
      vertex 1.65868 -2.4824 6.70595
      vertex 2.1111 -2.1111 7.29405
      vertex 1.65868 -2.4824 7.29405
    endloop
  endfacet
  facet normal 0.634402 -0.773003 0
    outer loop
      vertex 2.1111 -2.1111 7.29405
      vertex 1.65868 -2.4824 6.70595
      vertex 2.1111 -2.1111 6.70595
    endloop
  endfacet
  facet normal 0.758303 -0.622309 -0.194189
    outer loop
      vertex 2.4824 -1.65868 6.70595
      vertex 2.02998 -2.02998 6.12915
      vertex 2.387 -1.59494 6.12915
    endloop
  endfacet
  facet normal 0.625119 -0.334134 0.705394
    outer loop
      vertex 2.1425 -0.887454 8.90318
      vertex 1.75831 -0.728315 9.31903
      vertex 1.9282 -1.28838 8.90318
    endloop
  endfacet
  facet normal 0.547918 -0.449677 0.705391
    outer loop
      vertex 1.58244 -1.05735 9.31903
      vertex 1.34575 -1.34575 9.31903
      vertex 1.9282 -1.28838 8.90318
    endloop
  endfacet
  facet normal 0.533414 -0.161819 0.830231
    outer loop
      vertex 1.38702 -0.275894 9.64576
      vertex 1.30654 -0.541186 9.64576
      vertex 1.75831 -0.728315 9.31903
    endloop
  endfacet
  facet normal 0.491604 -0.262756 0.830231
    outer loop
      vertex 1.30654 -0.541186 9.64576
      vertex 1.17586 -0.785682 9.64576
      vertex 1.75831 -0.728315 9.31903
    endloop
  endfacet
  facet normal 0.586509 0.714679 0.381104
    outer loop
      vertex 1.59494 2.387 7.87085
      vertex 1.46991 2.19987 8.41419
      vertex 2.02998 2.02998 7.87085
    endloop
  endfacet
  facet normal 0.435827 0.815361 0.381106
    outer loop
      vertex 1.59494 2.387 7.87085
      vertex 1.01249 2.44437 8.41419
      vertex 1.46991 2.19987 8.41419
    endloop
  endfacet
  facet normal -0.0816074 0.828698 0.553714
    outer loop
      vertex 0 2.64576 8.41419
      vertex -0.516163 2.59493 8.41419
      vertex 0 2.31903 8.90318
    endloop
  endfacet
  facet normal -0.0816199 0.828691 0.553723
    outer loop
      vertex 0 2.31903 8.90318
      vertex -0.516163 2.59493 8.41419
      vertex -0.45242 2.27447 8.90318
    endloop
  endfacet
  facet normal 0.181136 0.338896 0.923222
    outer loop
      vertex 0.541186 1.30654 9.64576
      vertex 0.333261 0.804564 9.87082
      vertex 0.785682 1.17586 9.64576
    endloop
  endfacet
  facet normal 0.111546 0.367721 0.923222
    outer loop
      vertex 0.541186 1.30654 9.64576
      vertex 0.169895 0.85412 9.87082
      vertex 0.333261 0.804564 9.87082
    endloop
  endfacet
  facet normal -0.195049 0.0192104 0.980605
    outer loop
      vertex -0.288401 0.0573664 9.98555
      vertex -0.85412 0.169895 9.87082
      vertex -0.294051 0 9.98555
    endloop
  endfacet
  facet normal 0.151505 -0.124335 0.980605
    outer loop
      vertex 0.244494 -0.163365 9.98555
      vertex 0.207925 -0.207925 9.98555
      vertex 0.615787 -0.615787 9.87082
    endloop
  endfacet
  facet normal 0.0923904 -0.17285 0.980605
    outer loop
      vertex 0.163365 -0.244494 9.98555
      vertex 0.112528 -0.271667 9.98555
      vertex 0.333261 -0.804564 9.87082
    endloop
  endfacet
  facet normal 0.17285 -0.0923908 0.980605
    outer loop
      vertex 0.804564 -0.333261 9.87082
      vertex 0.244494 -0.163365 9.98555
      vertex 0.724088 -0.48382 9.87082
    endloop
  endfacet
  facet normal -0.33889 -0.181142 0.923223
    outer loop
      vertex -0.804564 -0.333261 9.87082
      vertex -1.17586 -0.785682 9.64576
      vertex -0.724088 -0.48382 9.87082
    endloop
  endfacet
  facet normal -0.243772 0.297042 0.923223
    outer loop
      vertex -0.48382 0.724088 9.87082
      vertex -0.785682 1.17586 9.64576
      vertex -0.615787 0.615787 9.87082
    endloop
  endfacet
  facet normal -0.124335 0.151505 0.980605
    outer loop
      vertex -0.48382 0.724088 9.87082
      vertex -0.615787 0.615787 9.87082
      vertex -0.163365 0.244494 9.98555
    endloop
  endfacet
  facet normal -0.24378 -0.297039 0.923222
    outer loop
      vertex -0.615787 -0.615787 9.87082
      vertex -0.999983 -0.999983 9.64576
      vertex -0.785682 -1.17586 9.64576
    endloop
  endfacet
  facet normal -0.297039 -0.24378 0.923222
    outer loop
      vertex -0.615787 -0.615787 9.87082
      vertex -1.17586 -0.785682 9.64576
      vertex -0.999983 -0.999983 9.64576
    endloop
  endfacet
  facet normal -0.181142 -0.33889 0.923223
    outer loop
      vertex -0.48382 -0.724088 9.87082
      vertex -0.785682 -1.17586 9.64576
      vertex -0.333261 -0.804564 9.87082
    endloop
  endfacet
  facet normal -0.0923908 -0.17285 0.980605
    outer loop
      vertex -0.163365 -0.244494 9.98555
      vertex -0.48382 -0.724088 9.87082
      vertex -0.333261 -0.804564 9.87082
    endloop
  endfacet
  facet normal -0.262756 -0.491604 0.830231
    outer loop
      vertex -0.541186 -1.30654 9.64576
      vertex -0.785682 -1.17586 9.64576
      vertex -0.728315 -1.75831 9.31903
    endloop
  endfacet
  facet normal -0.161819 -0.533414 0.830231
    outer loop
      vertex -0.541186 -1.30654 9.64576
      vertex -0.728315 -1.75831 9.31903
      vertex -0.275894 -1.38702 9.64576
    endloop
  endfacet
  facet normal -0.0192105 -0.195049 0.980605
    outer loop
      vertex 0 -0.294051 9.98555
      vertex -0.169895 -0.85412 9.87082
      vertex 0 -0.870853 9.87082
    endloop
  endfacet
  facet normal 0.124335 -0.151505 0.980605
    outer loop
      vertex 0.207925 -0.207925 9.98555
      vertex 0.163365 -0.244494 9.98555
      vertex 0.615787 -0.615787 9.87082
    endloop
  endfacet
  facet normal -0.0568931 -0.187553 0.980605
    outer loop
      vertex -0.112528 -0.271667 9.98555
      vertex -0.333261 -0.804564 9.87082
      vertex -0.169895 -0.85412 9.87082
    endloop
  endfacet
  facet normal 0.0694776 -0.705398 0.705398
    outer loop
      vertex 0 -1.90318 9.31903
      vertex 0 -2.31903 8.90318
      vertex 0.371291 -1.86661 9.31903
    endloop
  endfacet
  facet normal 0.0546384 -0.554737 0.83023
    outer loop
      vertex 0 -1.41419 9.64576
      vertex 0 -1.90318 9.31903
      vertex 0.371291 -1.86661 9.31903
    endloop
  endfacet
  facet normal -0.435827 0.815361 -0.381106
    outer loop
      vertex -1.46991 2.19987 5.58581
      vertex -1.59494 2.387 6.12915
      vertex -1.01249 2.44437 5.58581
    endloop
  endfacet
  facet normal -0.392538 0.734374 -0.553723
    outer loop
      vertex -1.28838 1.9282 5.09682
      vertex -1.46991 2.19987 5.58581
      vertex -1.01249 2.44437 5.58581
    endloop
  endfacet
  facet normal 0.625101 0.334176 -0.705391
    outer loop
      vertex 1.88865 1.15799 5
      vertex 1.8477 1.23459 5
      vertex 1.9282 1.28838 5.09682
    endloop
  endfacet
  facet normal 0.547958 0.449627 -0.705392
    outer loop
      vertex 1.8477 1.23459 5
      vertex 1.7926 1.30174 5
      vertex 1.9282 1.28838 5.09682
    endloop
  endfacet
  facet normal 0.734375 -0.392532 -0.553726
    outer loop
      vertex 2.44437 -1.01249 5.58581
      vertex 1.9282 -1.28838 5.09682
      vertex 2.1425 -0.887454 5.09682
    endloop
  endfacet
  facet normal 0.625142 -0.334146 -0.705368
    outer loop
      vertex 1.88865 -1.15799 5
      vertex 2.1425 -0.887454 5.09682
      vertex 1.9282 -1.28838 5.09682
    endloop
  endfacet
  facet normal 0.625123 -0.334118 -0.705398
    outer loop
      vertex 2.1425 -0.887454 5.09682
      vertex 1.88865 -1.15799 5
      vertex 2.05305 -0.850403 5
    endloop
  endfacet
  facet normal 0.353631 0.430888 0.830229
    outer loop
      vertex 1.34575 1.34575 9.31903
      vertex 0.785682 1.17586 9.64576
      vertex 0.999983 0.999983 9.64576
    endloop
  endfacet
  facet normal 0.24378 0.297039 0.923222
    outer loop
      vertex 0.785682 1.17586 9.64576
      vertex 0.615787 0.615787 9.87082
      vertex 0.999983 0.999983 9.64576
    endloop
  endfacet
  facet normal 0.773003 -0.634402 0
    outer loop
      vertex 2.1111 -2.1111 7.29405
      vertex 2.4824 -1.65868 6.70595
      vertex 2.4824 -1.65868 7.29405
    endloop
  endfacet
  facet normal 0.773003 -0.634402 0
    outer loop
      vertex 2.4824 -1.65868 6.70595
      vertex 2.1111 -2.1111 7.29405
      vertex 2.1111 -2.1111 6.70595
    endloop
  endfacet
  facet normal -0.0546384 0.554737 0.83023
    outer loop
      vertex 0 1.90318 9.31903
      vertex -0.371291 1.86661 9.31903
      vertex 0 1.41419 9.64576
    endloop
  endfacet
  facet normal 0.0546384 0.554737 0.83023
    outer loop
      vertex 0 1.90318 9.31903
      vertex 0 1.41419 9.64576
      vertex 0.371291 1.86661 9.31903
    endloop
  endfacet
  facet normal -0.367721 -0.111546 0.923222
    outer loop
      vertex -0.85412 -0.169895 9.87082
      vertex -1.30654 -0.541186 9.64576
      vertex -0.804564 -0.333261 9.87082
    endloop
  endfacet
  facet normal -0.338896 -0.181136 0.923222
    outer loop
      vertex -0.804564 -0.333261 9.87082
      vertex -1.30654 -0.541186 9.64576
      vertex -1.17586 -0.785682 9.64576
    endloop
  endfacet
  facet normal 0 0 1
    outer loop
      vertex 0.288401 0.0573664 9.98555
      vertex 0.288401 -0.0573664 9.98555
      vertex 0.294051 0 9.98555
    endloop
  endfacet
  facet normal 0 0 1
    outer loop
      vertex 0.271667 0.112528 9.98555
      vertex 0.288401 -0.0573664 9.98555
      vertex 0.288401 0.0573664 9.98555
    endloop
  endfacet
  facet normal 0 0 1
    outer loop
      vertex 0.271667 0.112528 9.98555
      vertex 0.271667 -0.112528 9.98555
      vertex 0.288401 -0.0573664 9.98555
    endloop
  endfacet
  facet normal 0 0 1
    outer loop
      vertex 0.244494 0.163365 9.98555
      vertex 0.271667 -0.112528 9.98555
      vertex 0.271667 0.112528 9.98555
    endloop
  endfacet
  facet normal 0 0 1
    outer loop
      vertex 0.244494 0.163365 9.98555
      vertex 0.244494 -0.163365 9.98555
      vertex 0.271667 -0.112528 9.98555
    endloop
  endfacet
  facet normal 0 0 1
    outer loop
      vertex 0.207925 0.207925 9.98555
      vertex 0.244494 -0.163365 9.98555
      vertex 0.244494 0.163365 9.98555
    endloop
  endfacet
  facet normal 0 0 1
    outer loop
      vertex 0.207925 0.207925 9.98555
      vertex 0.207925 -0.207925 9.98555
      vertex 0.244494 -0.163365 9.98555
    endloop
  endfacet
  facet normal 0 0 1
    outer loop
      vertex 0.163365 0.244494 9.98555
      vertex 0.207925 -0.207925 9.98555
      vertex 0.207925 0.207925 9.98555
    endloop
  endfacet
  facet normal 0 0 1
    outer loop
      vertex 0.163365 0.244494 9.98555
      vertex 0.163365 -0.244494 9.98555
      vertex 0.207925 -0.207925 9.98555
    endloop
  endfacet
  facet normal 0 0 1
    outer loop
      vertex 0.112528 0.271667 9.98555
      vertex 0.163365 -0.244494 9.98555
      vertex 0.163365 0.244494 9.98555
    endloop
  endfacet
  facet normal 0 0 1
    outer loop
      vertex 0.112528 0.271667 9.98555
      vertex 0.112528 -0.271667 9.98555
      vertex 0.163365 -0.244494 9.98555
    endloop
  endfacet
  facet normal 0 0 1
    outer loop
      vertex 0.0573664 0.288401 9.98555
      vertex 0.112528 -0.271667 9.98555
      vertex 0.112528 0.271667 9.98555
    endloop
  endfacet
  facet normal 0 0 1
    outer loop
      vertex 0.0573664 0.288401 9.98555
      vertex 0.0573664 -0.288401 9.98555
      vertex 0.112528 -0.271667 9.98555
    endloop
  endfacet
  facet normal 0 0 1
    outer loop
      vertex 0 0.294051 9.98555
      vertex 0.0573664 -0.288401 9.98555
      vertex 0.0573664 0.288401 9.98555
    endloop
  endfacet
  facet normal 0 0 1
    outer loop
      vertex 0 0.294051 9.98555
      vertex 0 -0.294051 9.98555
      vertex 0.0573664 -0.288401 9.98555
    endloop
  endfacet
  facet normal -0 0 1
    outer loop
      vertex -0.0573664 0.288401 9.98555
      vertex 0 -0.294051 9.98555
      vertex 0 0.294051 9.98555
    endloop
  endfacet
  facet normal 0 0 1
    outer loop
      vertex -0.0573664 0.288401 9.98555
      vertex -0.0573664 -0.288401 9.98555
      vertex 0 -0.294051 9.98555
    endloop
  endfacet
  facet normal -0 0 1
    outer loop
      vertex -0.112528 0.271667 9.98555
      vertex -0.0573664 -0.288401 9.98555
      vertex -0.0573664 0.288401 9.98555
    endloop
  endfacet
  facet normal 0 0 1
    outer loop
      vertex -0.112528 0.271667 9.98555
      vertex -0.112528 -0.271667 9.98555
      vertex -0.0573664 -0.288401 9.98555
    endloop
  endfacet
  facet normal -0 0 1
    outer loop
      vertex -0.163365 0.244494 9.98555
      vertex -0.112528 -0.271667 9.98555
      vertex -0.112528 0.271667 9.98555
    endloop
  endfacet
  facet normal 0 0 1
    outer loop
      vertex -0.163365 0.244494 9.98555
      vertex -0.163365 -0.244494 9.98555
      vertex -0.112528 -0.271667 9.98555
    endloop
  endfacet
  facet normal -0 0 1
    outer loop
      vertex -0.207925 0.207925 9.98555
      vertex -0.163365 -0.244494 9.98555
      vertex -0.163365 0.244494 9.98555
    endloop
  endfacet
  facet normal 0 0 1
    outer loop
      vertex -0.207925 0.207925 9.98555
      vertex -0.207925 -0.207925 9.98555
      vertex -0.163365 -0.244494 9.98555
    endloop
  endfacet
  facet normal -0 0 1
    outer loop
      vertex -0.244494 0.163365 9.98555
      vertex -0.207925 -0.207925 9.98555
      vertex -0.207925 0.207925 9.98555
    endloop
  endfacet
  facet normal 0 0 1
    outer loop
      vertex -0.244494 0.163365 9.98555
      vertex -0.244494 -0.163365 9.98555
      vertex -0.207925 -0.207925 9.98555
    endloop
  endfacet
  facet normal -0 0 1
    outer loop
      vertex -0.271667 0.112528 9.98555
      vertex -0.244494 -0.163365 9.98555
      vertex -0.244494 0.163365 9.98555
    endloop
  endfacet
  facet normal 0 0 1
    outer loop
      vertex -0.271667 0.112528 9.98555
      vertex -0.271667 -0.112528 9.98555
      vertex -0.244494 -0.163365 9.98555
    endloop
  endfacet
  facet normal -0 0 1
    outer loop
      vertex -0.288401 0.0573664 9.98555
      vertex -0.271667 -0.112528 9.98555
      vertex -0.271667 0.112528 9.98555
    endloop
  endfacet
  facet normal 0 0 1
    outer loop
      vertex -0.288401 0.0573664 9.98555
      vertex -0.288401 -0.0573664 9.98555
      vertex -0.271667 -0.112528 9.98555
    endloop
  endfacet
  facet normal 0 -0 1
    outer loop
      vertex -0.288401 -0.0573664 9.98555
      vertex -0.288401 0.0573664 9.98555
      vertex -0.294051 0 9.98555
    endloop
  endfacet
  facet normal -0.187553 -0.0568967 0.980605
    outer loop
      vertex -0.288401 -0.0573664 9.98555
      vertex -0.85412 -0.169895 9.87082
      vertex -0.271667 -0.112528 9.98555
    endloop
  endfacet
  facet normal 0.944569 0.0930333 0.314856
    outer loop
      vertex 3.92314 0.780361 -11
      vertex 2 0 -5
      vertex 4 0 -11
    endloop
  endfacet
  facet normal 0.0930094 0.944571 0.314857
    outer loop
      vertex 0.390181 2.96157 -8
      vertex 0.390181 1.96157 -5
      vertex 0.585271 2.94236 -8
    endloop
  endfacet
  facet normal 0.0930332 0.944569 0.314856
    outer loop
      vertex 0.390181 1.96157 -5
      vertex 0.390181 2.96157 -8
      vertex 0 2 -5
    endloop
  endfacet
  facet normal -0.0930332 0.944569 0.314856
    outer loop
      vertex 0 3 -8
      vertex -0.390181 2.96157 -8
      vertex 0 2 -5
    endloop
  endfacet
  facet normal 0.0930332 -0.944569 0.314856
    outer loop
      vertex 0.390181 -2.96157 -8
      vertex 0.390181 -1.96157 -5
      vertex 0 -2 -5
    endloop
  endfacet
  facet normal 0.0930094 -0.944571 0.314857
    outer loop
      vertex 0.390181 -1.96157 -5
      vertex 0.390181 -2.96157 -8
      vertex 0.585271 -2.94236 -8
    endloop
  endfacet
  facet normal 0.44742 -0.837067 0.314856
    outer loop
      vertex 2.22228 -3.32588 -11
      vertex 1.11114 -1.66294 -5
      vertex 1.53073 -3.69552 -11
    endloop
  endfacet
  facet normal 0 0 -1
    outer loop
      vertex 3.92314 -0.780361 -11
      vertex 3.92314 0.780361 -11
      vertex 4 0 -11
    endloop
  endfacet
  facet normal 0 0 -1
    outer loop
      vertex 3.69552 -1.53073 -11
      vertex 3.92314 0.780361 -11
      vertex 3.92314 -0.780361 -11
    endloop
  endfacet
  facet normal 0 0 -1
    outer loop
      vertex 3.69552 -1.53073 -11
      vertex 3.69552 1.53073 -11
      vertex 3.92314 0.780361 -11
    endloop
  endfacet
  facet normal 0 0 -1
    outer loop
      vertex 3.32588 -2.22228 -11
      vertex 3.69552 1.53073 -11
      vertex 3.69552 -1.53073 -11
    endloop
  endfacet
  facet normal 0 0 -1
    outer loop
      vertex 3.32588 -2.22228 -11
      vertex 3.32588 2.22228 -11
      vertex 3.69552 1.53073 -11
    endloop
  endfacet
  facet normal 0 0 -1
    outer loop
      vertex 2.82843 -2.82843 -11
      vertex 3.32588 2.22228 -11
      vertex 3.32588 -2.22228 -11
    endloop
  endfacet
  facet normal 0 0 -1
    outer loop
      vertex 2.82843 -2.82843 -11
      vertex 2.82843 2.82843 -11
      vertex 3.32588 2.22228 -11
    endloop
  endfacet
  facet normal 0 0 -1
    outer loop
      vertex 1 -3.85651 -11
      vertex 2.82843 -2.82843 -11
      vertex 2.22228 -3.32588 -11
    endloop
  endfacet
  facet normal -0 0 -1
    outer loop
      vertex 2.82843 -2.82843 -11
      vertex 1 -3.85651 -11
      vertex 2.82843 2.82843 -11
    endloop
  endfacet
  facet normal 0 0 -1
    outer loop
      vertex 1 -3.85651 -11
      vertex 2.22228 -3.32588 -11
      vertex 1.53073 -3.69552 -11
    endloop
  endfacet
  facet normal 0 0 -1
    outer loop
      vertex 1 3.85651 -11
      vertex 2.82843 2.82843 -11
      vertex 1 -3.85651 -11
    endloop
  endfacet
  facet normal 0 0 -1
    outer loop
      vertex 2.82843 2.82843 -11
      vertex 1 3.85651 -11
      vertex 2.22228 3.32588 -11
    endloop
  endfacet
  facet normal 0 0 -1
    outer loop
      vertex 2.22228 3.32588 -11
      vertex 1 3.85651 -11
      vertex 1.53073 3.69552 -11
    endloop
  endfacet
  facet normal 0 0 -1
    outer loop
      vertex -2.22228 -3.32588 -11
      vertex -1 -3.85651 -11
      vertex -1.53073 -3.69552 -11
    endloop
  endfacet
  facet normal 0 0 -1
    outer loop
      vertex -2.82843 -2.82843 -11
      vertex -1 -3.85651 -11
      vertex -2.22228 -3.32588 -11
    endloop
  endfacet
  facet normal 0 0 -1
    outer loop
      vertex -1 -3.85651 -11
      vertex -2.82843 -2.82843 -11
      vertex -1 3.85651 -11
    endloop
  endfacet
  facet normal 0 0 -1
    outer loop
      vertex -1 3.85651 -11
      vertex -2.22228 3.32588 -11
      vertex -1.53073 3.69552 -11
    endloop
  endfacet
  facet normal 0 0 -1
    outer loop
      vertex -2.82843 2.82843 -11
      vertex -1 3.85651 -11
      vertex -2.82843 -2.82843 -11
    endloop
  endfacet
  facet normal 0 0 -1
    outer loop
      vertex -1 3.85651 -11
      vertex -2.82843 2.82843 -11
      vertex -2.22228 3.32588 -11
    endloop
  endfacet
  facet normal 0 0 -1
    outer loop
      vertex -3.32588 -2.22228 -11
      vertex -2.82843 2.82843 -11
      vertex -2.82843 -2.82843 -11
    endloop
  endfacet
  facet normal 0 0 -1
    outer loop
      vertex -3.32588 -2.22228 -11
      vertex -3.32588 2.22228 -11
      vertex -2.82843 2.82843 -11
    endloop
  endfacet
  facet normal 0 0 -1
    outer loop
      vertex -3.69552 -1.53073 -11
      vertex -3.32588 2.22228 -11
      vertex -3.32588 -2.22228 -11
    endloop
  endfacet
  facet normal 0 0 -1
    outer loop
      vertex -3.69552 -1.53073 -11
      vertex -3.69552 1.53073 -11
      vertex -3.32588 2.22228 -11
    endloop
  endfacet
  facet normal 0 0 -1
    outer loop
      vertex -3.92314 -0.780361 -11
      vertex -3.69552 1.53073 -11
      vertex -3.69552 -1.53073 -11
    endloop
  endfacet
  facet normal 0 0 -1
    outer loop
      vertex -3.92314 -0.780361 -11
      vertex -3.92314 0.780361 -11
      vertex -3.69552 1.53073 -11
    endloop
  endfacet
  facet normal 0 -0 -1
    outer loop
      vertex -3.92314 0.780361 -11
      vertex -3.92314 -0.780361 -11
      vertex -4 0 -11
    endloop
  endfacet
  facet normal -0.447422 0.837066 0.314856
    outer loop
      vertex -0.765367 1.84776 -5
      vertex -1.53073 3.69552 -11
      vertex -1.11114 1.66294 -5
    endloop
  endfacet
  facet normal -0.44742 0.837067 0.314856
    outer loop
      vertex -1.53073 3.69552 -11
      vertex -2.22228 3.32588 -11
      vertex -1.11114 1.66294 -5
    endloop
  endfacet
  facet normal 0.733687 -0.602138 0.314856
    outer loop
      vertex 1.41421 -1.41421 -5
      vertex 3.32588 -2.22228 -11
      vertex 1.66294 -1.11114 -5
    endloop
  endfacet
  facet normal 0.733697 -0.602124 0.314857
    outer loop
      vertex 3.32588 -2.22228 -11
      vertex 1.41421 -1.41421 -5
      vertex 2.82843 -2.82843 -11
    endloop
  endfacet
  facet normal -0.44742 -0.837067 0.314856
    outer loop
      vertex -1.11114 -1.66294 -5
      vertex -2.22228 -3.32588 -11
      vertex -1.53073 -3.69552 -11
    endloop
  endfacet
  facet normal 0.90827 0.275518 0.314856
    outer loop
      vertex 1.84776 0.765367 -5
      vertex 3.92314 0.780361 -11
      vertex 3.69552 1.53073 -11
    endloop
  endfacet
  facet normal 0.908271 0.275517 0.314856
    outer loop
      vertex 3.92314 0.780361 -11
      vertex 1.84776 0.765367 -5
      vertex 1.96157 0.390181 -5
    endloop
  endfacet
  facet normal -0.733697 0.602124 0.314857
    outer loop
      vertex -3.32588 2.22228 -11
      vertex -1.41421 1.41421 -5
      vertex -2.82843 2.82843 -11
    endloop
  endfacet
  facet normal -0.733687 0.602138 0.314856
    outer loop
      vertex -1.41421 1.41421 -5
      vertex -3.32588 2.22228 -11
      vertex -1.66294 1.11114 -5
    endloop
  endfacet
  facet normal -0.275517 0.90827 0.314858
    outer loop
      vertex -0.585271 2.94236 -8
      vertex -0.765367 1.84776 -5
      vertex -0.390181 1.96157 -5
    endloop
  endfacet
  facet normal -0.275527 0.908268 0.314856
    outer loop
      vertex -1 2.81655 -8
      vertex -0.765367 1.84776 -5
      vertex -0.585271 2.94236 -8
    endloop
  endfacet
  facet normal -0.27552 0.90827 0.314856
    outer loop
      vertex -1 2.81655 -8
      vertex -1.53073 3.69552 -11
      vertex -0.765367 1.84776 -5
    endloop
  endfacet
  facet normal -0.275513 0.908272 0.314856
    outer loop
      vertex -1.53073 3.69552 -11
      vertex -1 2.81655 -8
      vertex -1 3.85651 -11
    endloop
  endfacet
  facet normal -0.908271 -0.275517 0.314856
    outer loop
      vertex -3.92314 -0.780361 -11
      vertex -1.84776 -0.765367 -5
      vertex -1.96157 -0.390181 -5
    endloop
  endfacet
  facet normal -0.90827 -0.275518 0.314856
    outer loop
      vertex -1.84776 -0.765367 -5
      vertex -3.92314 -0.780361 -11
      vertex -3.69552 -1.53073 -11
    endloop
  endfacet
  facet normal -0.944569 0.0930333 0.314856
    outer loop
      vertex -3.92314 0.780361 -11
      vertex -4 0 -11
      vertex -2 0 -5
    endloop
  endfacet
  facet normal 0.944569 -0.0930333 0.314856
    outer loop
      vertex 4 0 -11
      vertex 2 0 -5
      vertex 3.92314 -0.780361 -11
    endloop
  endfacet
  facet normal 0.837067 0.44742 0.314856
    outer loop
      vertex 3.32588 2.22228 -11
      vertex 1.66294 1.11114 -5
      vertex 3.69552 1.53073 -11
    endloop
  endfacet
  facet normal 0.733697 0.602124 0.314857
    outer loop
      vertex 1.41421 1.41421 -5
      vertex 3.32588 2.22228 -11
      vertex 2.82843 2.82843 -11
    endloop
  endfacet
  facet normal 0.733687 0.602138 0.314856
    outer loop
      vertex 3.32588 2.22228 -11
      vertex 1.41421 1.41421 -5
      vertex 1.66294 1.11114 -5
    endloop
  endfacet
  facet normal 0.447422 0.837066 0.314856
    outer loop
      vertex 1.53073 3.69552 -11
      vertex 0.765367 1.84776 -5
      vertex 1.11114 1.66294 -5
    endloop
  endfacet
  facet normal -0.944569 0.0930332 0.314856
    outer loop
      vertex -1.96157 0.390181 -5
      vertex -3.92314 0.780361 -11
      vertex -2 0 -5
    endloop
  endfacet
  facet normal -0.90827 0.275518 0.314856
    outer loop
      vertex -3.92314 0.780361 -11
      vertex -1.84776 0.765367 -5
      vertex -3.69552 1.53073 -11
    endloop
  endfacet
  facet normal -0.908271 0.275517 0.314856
    outer loop
      vertex -1.84776 0.765367 -5
      vertex -3.92314 0.780361 -11
      vertex -1.96157 0.390181 -5
    endloop
  endfacet
  facet normal -0.944569 -0.0930333 0.314856
    outer loop
      vertex -2 0 -5
      vertex -4 0 -11
      vertex -3.92314 -0.780361 -11
    endloop
  endfacet
  facet normal 0.44742 0.837067 0.314856
    outer loop
      vertex 1.53073 3.69552 -11
      vertex 1.11114 1.66294 -5
      vertex 2.22228 3.32588 -11
    endloop
  endfacet
  facet normal -0.602124 -0.733697 0.314857
    outer loop
      vertex -2.22228 -3.32588 -11
      vertex -1.41421 -1.41421 -5
      vertex -2.82843 -2.82843 -11
    endloop
  endfacet
  facet normal -0.602138 -0.733687 0.314856
    outer loop
      vertex -1.41421 -1.41421 -5
      vertex -2.22228 -3.32588 -11
      vertex -1.11114 -1.66294 -5
    endloop
  endfacet
  facet normal -0.837067 0.44742 0.314856
    outer loop
      vertex -3.32588 2.22228 -11
      vertex -3.69552 1.53073 -11
      vertex -1.66294 1.11114 -5
    endloop
  endfacet
  facet normal 0.0930332 0.944569 0.314856
    outer loop
      vertex 0 3 -8
      vertex 0 2 -5
      vertex 0.390181 2.96157 -8
    endloop
  endfacet
  facet normal 0.602124 0.733697 0.314857
    outer loop
      vertex 2.22228 3.32588 -11
      vertex 1.41421 1.41421 -5
      vertex 2.82843 2.82843 -11
    endloop
  endfacet
  facet normal 0.602138 0.733687 0.314856
    outer loop
      vertex 1.41421 1.41421 -5
      vertex 2.22228 3.32588 -11
      vertex 1.11114 1.66294 -5
    endloop
  endfacet
  facet normal 0.602138 -0.733687 0.314856
    outer loop
      vertex 2.22228 -3.32588 -11
      vertex 1.41421 -1.41421 -5
      vertex 1.11114 -1.66294 -5
    endloop
  endfacet
  facet normal 0.602124 -0.733697 0.314857
    outer loop
      vertex 1.41421 -1.41421 -5
      vertex 2.22228 -3.32588 -11
      vertex 2.82843 -2.82843 -11
    endloop
  endfacet
  facet normal 0.0930332 -0.944569 0.314856
    outer loop
      vertex 0 -2 -5
      vertex 0 -3 -8
      vertex 0.390181 -2.96157 -8
    endloop
  endfacet
  facet normal -0.0930332 0.944569 0.314856
    outer loop
      vertex -0.390181 2.96157 -8
      vertex -0.390181 1.96157 -5
      vertex 0 2 -5
    endloop
  endfacet
  facet normal -0.0930094 0.944571 0.314857
    outer loop
      vertex -0.390181 1.96157 -5
      vertex -0.390181 2.96157 -8
      vertex -0.585271 2.94236 -8
    endloop
  endfacet
  facet normal 0.837067 -0.44742 0.314856
    outer loop
      vertex 3.69552 -1.53073 -11
      vertex 1.66294 -1.11114 -5
      vertex 3.32588 -2.22228 -11
    endloop
  endfacet
  facet normal -0.944569 -0.0930332 0.314856
    outer loop
      vertex -2 0 -5
      vertex -3.92314 -0.780361 -11
      vertex -1.96157 -0.390181 -5
    endloop
  endfacet
  facet normal 0.837066 -0.447422 0.314856
    outer loop
      vertex 1.84776 -0.765367 -5
      vertex 1.66294 -1.11114 -5
      vertex 3.69552 -1.53073 -11
    endloop
  endfacet
  facet normal 0.447422 -0.837066 0.314856
    outer loop
      vertex 1.11114 -1.66294 -5
      vertex 0.765367 -1.84776 -5
      vertex 1.53073 -3.69552 -11
    endloop
  endfacet
  facet normal 0.837066 0.447422 0.314856
    outer loop
      vertex 3.69552 1.53073 -11
      vertex 1.66294 1.11114 -5
      vertex 1.84776 0.765367 -5
    endloop
  endfacet
  facet normal 0.275517 -0.90827 0.314858
    outer loop
      vertex 0.585271 -2.94236 -8
      vertex 0.765367 -1.84776 -5
      vertex 0.390181 -1.96157 -5
    endloop
  endfacet
  facet normal 0.275527 -0.908268 0.314856
    outer loop
      vertex 1 -2.81655 -8
      vertex 0.765367 -1.84776 -5
      vertex 0.585271 -2.94236 -8
    endloop
  endfacet
  facet normal 0.27552 -0.90827 0.314856
    outer loop
      vertex 1 -2.81655 -8
      vertex 1.53073 -3.69552 -11
      vertex 0.765367 -1.84776 -5
    endloop
  endfacet
  facet normal 0.275513 -0.908272 0.314856
    outer loop
      vertex 1.53073 -3.69552 -11
      vertex 1 -2.81655 -8
      vertex 1 -3.85651 -11
    endloop
  endfacet
  facet normal -0.0930094 -0.944571 0.314857
    outer loop
      vertex -0.390181 -2.96157 -8
      vertex -0.390181 -1.96157 -5
      vertex -0.585271 -2.94236 -8
    endloop
  endfacet
  facet normal -0.0930332 -0.944569 0.314856
    outer loop
      vertex -0.390181 -1.96157 -5
      vertex -0.390181 -2.96157 -8
      vertex 0 -2 -5
    endloop
  endfacet
  facet normal -0.602138 0.733687 0.314856
    outer loop
      vertex -2.22228 3.32588 -11
      vertex -1.41421 1.41421 -5
      vertex -1.11114 1.66294 -5
    endloop
  endfacet
  facet normal -0.602124 0.733697 0.314857
    outer loop
      vertex -1.41421 1.41421 -5
      vertex -2.22228 3.32588 -11
      vertex -2.82843 2.82843 -11
    endloop
  endfacet
  facet normal 0.275527 0.908268 0.314856
    outer loop
      vertex 0.585271 2.94236 -8
      vertex 0.765367 1.84776 -5
      vertex 1 2.81655 -8
    endloop
  endfacet
  facet normal 0.27552 0.90827 0.314856
    outer loop
      vertex 1.53073 3.69552 -11
      vertex 1 2.81655 -8
      vertex 0.765367 1.84776 -5
    endloop
  endfacet
  facet normal 0.275513 0.908272 0.314856
    outer loop
      vertex 1 2.81655 -8
      vertex 1.53073 3.69552 -11
      vertex 1 3.85651 -11
    endloop
  endfacet
  facet normal 0.275517 0.90827 0.314858
    outer loop
      vertex 0.765367 1.84776 -5
      vertex 0.585271 2.94236 -8
      vertex 0.390181 1.96157 -5
    endloop
  endfacet
  facet normal -0.837067 -0.44742 0.314856
    outer loop
      vertex -1.66294 -1.11114 -5
      vertex -3.69552 -1.53073 -11
      vertex -3.32588 -2.22228 -11
    endloop
  endfacet
  facet normal -0.837066 0.447422 0.314856
    outer loop
      vertex -1.66294 1.11114 -5
      vertex -3.69552 1.53073 -11
      vertex -1.84776 0.765367 -5
    endloop
  endfacet
  facet normal -0.0930332 -0.944569 0.314856
    outer loop
      vertex 0 -2 -5
      vertex -0.390181 -2.96157 -8
      vertex 0 -3 -8
    endloop
  endfacet
  facet normal 0.908271 -0.275517 0.314856
    outer loop
      vertex 1.84776 -0.765367 -5
      vertex 3.92314 -0.780361 -11
      vertex 1.96157 -0.390181 -5
    endloop
  endfacet
  facet normal 0.90827 -0.275518 0.314856
    outer loop
      vertex 3.92314 -0.780361 -11
      vertex 1.84776 -0.765367 -5
      vertex 3.69552 -1.53073 -11
    endloop
  endfacet
  facet normal -0.837066 -0.447422 0.314856
    outer loop
      vertex -1.84776 -0.765367 -5
      vertex -3.69552 -1.53073 -11
      vertex -1.66294 -1.11114 -5
    endloop
  endfacet
  facet normal 0.944569 -0.0930332 0.314856
    outer loop
      vertex 2 0 -5
      vertex 1.96157 -0.390181 -5
      vertex 3.92314 -0.780361 -11
    endloop
  endfacet
  facet normal -0.275527 -0.908268 0.314856
    outer loop
      vertex -0.585271 -2.94236 -8
      vertex -0.765367 -1.84776 -5
      vertex -1 -2.81655 -8
    endloop
  endfacet
  facet normal -0.27552 -0.90827 0.314856
    outer loop
      vertex -1.53073 -3.69552 -11
      vertex -1 -2.81655 -8
      vertex -0.765367 -1.84776 -5
    endloop
  endfacet
  facet normal -0.275513 -0.908272 0.314856
    outer loop
      vertex -1 -2.81655 -8
      vertex -1.53073 -3.69552 -11
      vertex -1 -3.85651 -11
    endloop
  endfacet
  facet normal -0.275517 -0.90827 0.314858
    outer loop
      vertex -0.765367 -1.84776 -5
      vertex -0.585271 -2.94236 -8
      vertex -0.390181 -1.96157 -5
    endloop
  endfacet
  facet normal -0.733687 -0.602138 0.314856
    outer loop
      vertex -3.32588 -2.22228 -11
      vertex -1.41421 -1.41421 -5
      vertex -1.66294 -1.11114 -5
    endloop
  endfacet
  facet normal -0.733697 -0.602124 0.314857
    outer loop
      vertex -1.41421 -1.41421 -5
      vertex -3.32588 -2.22228 -11
      vertex -2.82843 -2.82843 -11
    endloop
  endfacet
  facet normal -0.447422 -0.837066 0.314856
    outer loop
      vertex -1.11114 -1.66294 -5
      vertex -1.53073 -3.69552 -11
      vertex -0.765367 -1.84776 -5
    endloop
  endfacet
  facet normal 0.944569 0.0930332 0.314856
    outer loop
      vertex 3.92314 0.780361 -11
      vertex 1.96157 0.390181 -5
      vertex 2 0 -5
    endloop
  endfacet
  facet normal 0.471399 0.88192 -0
    outer loop
      vertex -0.191341 -0.461939 -8
      vertex -0.277784 -0.415734 2
      vertex -0.191341 -0.461939 2
    endloop
  endfacet
  facet normal 0.471399 0.88192 0
    outer loop
      vertex -0.277784 -0.415734 2
      vertex -0.191341 -0.461939 -8
      vertex -0.277784 -0.415734 -8
    endloop
  endfacet
  facet normal -0.95694 -0.290287 0
    outer loop
      vertex 0.490392 0.0975447 -8
      vertex 0.461939 0.191341 2
      vertex 0.461939 0.191341 -8
    endloop
  endfacet
  facet normal -0.95694 -0.290287 0
    outer loop
      vertex 0.461939 0.191341 2
      vertex 0.490392 0.0975447 -8
      vertex 0.490392 0.0975447 2
    endloop
  endfacet
  facet normal -0.995184 -0.0980241 0
    outer loop
      vertex 0.5 0 -8
      vertex 0.490392 0.0975447 2
      vertex 0.490392 0.0975447 -8
    endloop
  endfacet
  facet normal -0.995184 -0.0980241 0
    outer loop
      vertex 0.490392 0.0975447 2
      vertex 0.5 0 -8
      vertex 0.5 0 2
    endloop
  endfacet
  facet normal -0.88192 -0.471399 0
    outer loop
      vertex 0.461939 0.191341 -8
      vertex 0.415734 0.277784 2
      vertex 0.415734 0.277784 -8
    endloop
  endfacet
  facet normal -0.88192 -0.471399 0
    outer loop
      vertex 0.415734 0.277784 2
      vertex 0.461939 0.191341 -8
      vertex 0.461939 0.191341 2
    endloop
  endfacet
  facet normal -0.471399 -0.88192 0
    outer loop
      vertex 0.191341 0.461939 -8
      vertex 0.277784 0.415734 2
      vertex 0.191341 0.461939 2
    endloop
  endfacet
  facet normal -0.471399 -0.88192 -0
    outer loop
      vertex 0.277784 0.415734 2
      vertex 0.191341 0.461939 -8
      vertex 0.277784 0.415734 -8
    endloop
  endfacet
  facet normal 0.95694 0.290287 0
    outer loop
      vertex -0.461939 -0.191341 2
      vertex -0.490392 -0.0975447 -8
      vertex -0.490392 -0.0975447 2
    endloop
  endfacet
  facet normal 0.95694 0.290287 0
    outer loop
      vertex -0.490392 -0.0975447 -8
      vertex -0.461939 -0.191341 2
      vertex -0.461939 -0.191341 -8
    endloop
  endfacet
  facet normal -0.471399 0.88192 0
    outer loop
      vertex 0.277784 -0.415734 -8
      vertex 0.191341 -0.461939 2
      vertex 0.277784 -0.415734 2
    endloop
  endfacet
  facet normal -0.471399 0.88192 0
    outer loop
      vertex 0.191341 -0.461939 2
      vertex 0.277784 -0.415734 -8
      vertex 0.191341 -0.461939 -8
    endloop
  endfacet
  facet normal 0 0 -1
    outer loop
      vertex 0.490392 -0.0975447 2
      vertex 0.490392 0.0975447 2
      vertex 0.5 0 2
    endloop
  endfacet
  facet normal 0 0 -1
    outer loop
      vertex 0.461939 -0.191341 2
      vertex 0.490392 0.0975447 2
      vertex 0.490392 -0.0975447 2
    endloop
  endfacet
  facet normal 0 0 -1
    outer loop
      vertex 0.461939 -0.191341 2
      vertex 0.461939 0.191341 2
      vertex 0.490392 0.0975447 2
    endloop
  endfacet
  facet normal 0 0 -1
    outer loop
      vertex 0.415734 -0.277784 2
      vertex 0.461939 0.191341 2
      vertex 0.461939 -0.191341 2
    endloop
  endfacet
  facet normal 0 0 -1
    outer loop
      vertex 0.415734 -0.277784 2
      vertex 0.415734 0.277784 2
      vertex 0.461939 0.191341 2
    endloop
  endfacet
  facet normal 0 0 -1
    outer loop
      vertex 0.353553 -0.353553 2
      vertex 0.415734 0.277784 2
      vertex 0.415734 -0.277784 2
    endloop
  endfacet
  facet normal 0 0 -1
    outer loop
      vertex 0.353553 -0.353553 2
      vertex 0.353553 0.353553 2
      vertex 0.415734 0.277784 2
    endloop
  endfacet
  facet normal 0 0 -1
    outer loop
      vertex 0.277784 -0.415734 2
      vertex 0.353553 0.353553 2
      vertex 0.353553 -0.353553 2
    endloop
  endfacet
  facet normal 0 0 -1
    outer loop
      vertex 0.277784 -0.415734 2
      vertex 0.277784 0.415734 2
      vertex 0.353553 0.353553 2
    endloop
  endfacet
  facet normal 0 0 -1
    outer loop
      vertex 0.191341 -0.461939 2
      vertex 0.277784 0.415734 2
      vertex 0.277784 -0.415734 2
    endloop
  endfacet
  facet normal 0 0 -1
    outer loop
      vertex 0.191341 -0.461939 2
      vertex 0.191341 0.461939 2
      vertex 0.277784 0.415734 2
    endloop
  endfacet
  facet normal 0 0 -1
    outer loop
      vertex 0.0975447 -0.490392 2
      vertex 0.191341 0.461939 2
      vertex 0.191341 -0.461939 2
    endloop
  endfacet
  facet normal 0 0 -1
    outer loop
      vertex 0.0975447 -0.490392 2
      vertex 0.0975447 0.490392 2
      vertex 0.191341 0.461939 2
    endloop
  endfacet
  facet normal 0 0 -1
    outer loop
      vertex 0 -0.5 2
      vertex 0.0975447 0.490392 2
      vertex 0.0975447 -0.490392 2
    endloop
  endfacet
  facet normal 0 0 -1
    outer loop
      vertex 0 -0.5 2
      vertex 0 0.5 2
      vertex 0.0975447 0.490392 2
    endloop
  endfacet
  facet normal 0 0 -1
    outer loop
      vertex -0.0975447 -0.490392 2
      vertex 0 0.5 2
      vertex 0 -0.5 2
    endloop
  endfacet
  facet normal 0 0 -1
    outer loop
      vertex -0.0975447 -0.490392 2
      vertex -0.0975447 0.490392 2
      vertex 0 0.5 2
    endloop
  endfacet
  facet normal 0 0 -1
    outer loop
      vertex -0.191341 -0.461939 2
      vertex -0.0975447 0.490392 2
      vertex -0.0975447 -0.490392 2
    endloop
  endfacet
  facet normal 0 0 -1
    outer loop
      vertex -0.191341 -0.461939 2
      vertex -0.191341 0.461939 2
      vertex -0.0975447 0.490392 2
    endloop
  endfacet
  facet normal 0 0 -1
    outer loop
      vertex -0.277784 -0.415734 2
      vertex -0.191341 0.461939 2
      vertex -0.191341 -0.461939 2
    endloop
  endfacet
  facet normal 0 0 -1
    outer loop
      vertex -0.277784 -0.415734 2
      vertex -0.277784 0.415734 2
      vertex -0.191341 0.461939 2
    endloop
  endfacet
  facet normal 0 0 -1
    outer loop
      vertex -0.353553 -0.353553 2
      vertex -0.277784 0.415734 2
      vertex -0.277784 -0.415734 2
    endloop
  endfacet
  facet normal 0 0 -1
    outer loop
      vertex -0.353553 -0.353553 2
      vertex -0.353553 0.353553 2
      vertex -0.277784 0.415734 2
    endloop
  endfacet
  facet normal 0 0 -1
    outer loop
      vertex -0.415734 -0.277784 2
      vertex -0.353553 0.353553 2
      vertex -0.353553 -0.353553 2
    endloop
  endfacet
  facet normal 0 0 -1
    outer loop
      vertex -0.415734 -0.277784 2
      vertex -0.415734 0.277784 2
      vertex -0.353553 0.353553 2
    endloop
  endfacet
  facet normal 0 0 -1
    outer loop
      vertex -0.461939 -0.191341 2
      vertex -0.415734 0.277784 2
      vertex -0.415734 -0.277784 2
    endloop
  endfacet
  facet normal 0 0 -1
    outer loop
      vertex -0.461939 -0.191341 2
      vertex -0.461939 0.191341 2
      vertex -0.415734 0.277784 2
    endloop
  endfacet
  facet normal 0 0 -1
    outer loop
      vertex -0.490392 -0.0975447 2
      vertex -0.461939 0.191341 2
      vertex -0.461939 -0.191341 2
    endloop
  endfacet
  facet normal 0 0 -1
    outer loop
      vertex -0.490392 -0.0975447 2
      vertex -0.490392 0.0975447 2
      vertex -0.461939 0.191341 2
    endloop
  endfacet
  facet normal 0 -0 -1
    outer loop
      vertex -0.490392 0.0975447 2
      vertex -0.490392 -0.0975447 2
      vertex -0.5 0 2
    endloop
  endfacet
  facet normal -0.773016 -0.634387 0
    outer loop
      vertex 0.415734 0.277784 -8
      vertex 0.353553 0.353553 2
      vertex 0.353553 0.353553 -8
    endloop
  endfacet
  facet normal -0.773016 -0.634387 0
    outer loop
      vertex 0.353553 0.353553 2
      vertex 0.415734 0.277784 -8
      vertex 0.415734 0.277784 2
    endloop
  endfacet
  facet normal -0.290287 -0.95694 0
    outer loop
      vertex 0.0975447 0.490392 -8
      vertex 0.191341 0.461939 2
      vertex 0.0975447 0.490392 2
    endloop
  endfacet
  facet normal -0.290287 -0.95694 -0
    outer loop
      vertex 0.191341 0.461939 2
      vertex 0.0975447 0.490392 -8
      vertex 0.191341 0.461939 -8
    endloop
  endfacet
  facet normal 0.471399 -0.88192 0
    outer loop
      vertex -0.277784 0.415734 -8
      vertex -0.191341 0.461939 2
      vertex -0.277784 0.415734 2
    endloop
  endfacet
  facet normal 0.471399 -0.88192 0
    outer loop
      vertex -0.191341 0.461939 2
      vertex -0.277784 0.415734 -8
      vertex -0.191341 0.461939 -8
    endloop
  endfacet
  facet normal 0.88192 0.471399 0
    outer loop
      vertex -0.415734 -0.277784 2
      vertex -0.461939 -0.191341 -8
      vertex -0.461939 -0.191341 2
    endloop
  endfacet
  facet normal 0.88192 0.471399 0
    outer loop
      vertex -0.461939 -0.191341 -8
      vertex -0.415734 -0.277784 2
      vertex -0.415734 -0.277784 -8
    endloop
  endfacet
  facet normal -0.0980241 -0.995184 0
    outer loop
      vertex 0 0.5 -8
      vertex 0.0975447 0.490392 2
      vertex 0 0.5 2
    endloop
  endfacet
  facet normal -0.0980241 -0.995184 -0
    outer loop
      vertex 0.0975447 0.490392 2
      vertex 0 0.5 -8
      vertex 0.0975447 0.490392 -8
    endloop
  endfacet
  facet normal -0.290287 0.95694 0
    outer loop
      vertex 0.191341 -0.461939 -8
      vertex 0.0975447 -0.490392 2
      vertex 0.191341 -0.461939 2
    endloop
  endfacet
  facet normal -0.290287 0.95694 0
    outer loop
      vertex 0.0975447 -0.490392 2
      vertex 0.191341 -0.461939 -8
      vertex 0.0975447 -0.490392 -8
    endloop
  endfacet
  facet normal 0.995184 -0.0980241 0
    outer loop
      vertex -0.5 0 2
      vertex -0.490392 0.0975447 -8
      vertex -0.490392 0.0975447 2
    endloop
  endfacet
  facet normal 0.995184 -0.0980241 0
    outer loop
      vertex -0.490392 0.0975447 -8
      vertex -0.5 0 2
      vertex -0.5 0 -8
    endloop
  endfacet
  facet normal -0.88192 0.471399 0
    outer loop
      vertex 0.415734 -0.277784 -8
      vertex 0.461939 -0.191341 2
      vertex 0.461939 -0.191341 -8
    endloop
  endfacet
  facet normal -0.88192 0.471399 0
    outer loop
      vertex 0.461939 -0.191341 2
      vertex 0.415734 -0.277784 -8
      vertex 0.415734 -0.277784 2
    endloop
  endfacet
  facet normal -0.773016 0.634387 0
    outer loop
      vertex 0.353553 -0.353553 -8
      vertex 0.415734 -0.277784 2
      vertex 0.415734 -0.277784 -8
    endloop
  endfacet
  facet normal -0.773016 0.634387 0
    outer loop
      vertex 0.415734 -0.277784 2
      vertex 0.353553 -0.353553 -8
      vertex 0.353553 -0.353553 2
    endloop
  endfacet
  facet normal 0.634387 -0.773016 0
    outer loop
      vertex -0.353553 0.353553 -8
      vertex -0.277784 0.415734 2
      vertex -0.353553 0.353553 2
    endloop
  endfacet
  facet normal 0.634387 -0.773016 0
    outer loop
      vertex -0.277784 0.415734 2
      vertex -0.353553 0.353553 -8
      vertex -0.277784 0.415734 -8
    endloop
  endfacet
  facet normal 0.290287 -0.95694 0
    outer loop
      vertex -0.191341 0.461939 -8
      vertex -0.0975447 0.490392 2
      vertex -0.191341 0.461939 2
    endloop
  endfacet
  facet normal 0.290287 -0.95694 0
    outer loop
      vertex -0.0975447 0.490392 2
      vertex -0.191341 0.461939 -8
      vertex -0.0975447 0.490392 -8
    endloop
  endfacet
  facet normal -0.634387 -0.773016 0
    outer loop
      vertex 0.277784 0.415734 -8
      vertex 0.353553 0.353553 2
      vertex 0.277784 0.415734 2
    endloop
  endfacet
  facet normal -0.634387 -0.773016 -0
    outer loop
      vertex 0.353553 0.353553 2
      vertex 0.277784 0.415734 -8
      vertex 0.353553 0.353553 -8
    endloop
  endfacet
  facet normal 0.88192 -0.471399 0
    outer loop
      vertex -0.461939 0.191341 2
      vertex -0.415734 0.277784 -8
      vertex -0.415734 0.277784 2
    endloop
  endfacet
  facet normal 0.88192 -0.471399 0
    outer loop
      vertex -0.415734 0.277784 -8
      vertex -0.461939 0.191341 2
      vertex -0.461939 0.191341 -8
    endloop
  endfacet
  facet normal -0.0980241 0.995184 0
    outer loop
      vertex 0.0975447 -0.490392 -8
      vertex 0 -0.5 2
      vertex 0.0975447 -0.490392 2
    endloop
  endfacet
  facet normal -0.0980241 0.995184 0
    outer loop
      vertex 0 -0.5 2
      vertex 0.0975447 -0.490392 -8
      vertex 0 -0.5 -8
    endloop
  endfacet
  facet normal 0.634387 0.773016 -0
    outer loop
      vertex -0.277784 -0.415734 -8
      vertex -0.353553 -0.353553 2
      vertex -0.277784 -0.415734 2
    endloop
  endfacet
  facet normal 0.634387 0.773016 0
    outer loop
      vertex -0.353553 -0.353553 2
      vertex -0.277784 -0.415734 -8
      vertex -0.353553 -0.353553 -8
    endloop
  endfacet
  facet normal 0.95694 -0.290287 0
    outer loop
      vertex -0.490392 0.0975447 2
      vertex -0.461939 0.191341 -8
      vertex -0.461939 0.191341 2
    endloop
  endfacet
  facet normal 0.95694 -0.290287 0
    outer loop
      vertex -0.461939 0.191341 -8
      vertex -0.490392 0.0975447 2
      vertex -0.490392 0.0975447 -8
    endloop
  endfacet
  facet normal -0.95694 0.290287 0
    outer loop
      vertex 0.461939 -0.191341 -8
      vertex 0.490392 -0.0975447 2
      vertex 0.490392 -0.0975447 -8
    endloop
  endfacet
  facet normal -0.95694 0.290287 0
    outer loop
      vertex 0.490392 -0.0975447 2
      vertex 0.461939 -0.191341 -8
      vertex 0.461939 -0.191341 2
    endloop
  endfacet
  facet normal 0.0980241 -0.995184 0
    outer loop
      vertex -0.0975447 0.490392 -8
      vertex 0 0.5 2
      vertex -0.0975447 0.490392 2
    endloop
  endfacet
  facet normal 0.0980241 -0.995184 0
    outer loop
      vertex 0 0.5 2
      vertex -0.0975447 0.490392 -8
      vertex 0 0.5 -8
    endloop
  endfacet
  facet normal 0.773016 -0.634387 0
    outer loop
      vertex -0.415734 0.277784 2
      vertex -0.353553 0.353553 -8
      vertex -0.353553 0.353553 2
    endloop
  endfacet
  facet normal 0.773016 -0.634387 0
    outer loop
      vertex -0.353553 0.353553 -8
      vertex -0.415734 0.277784 2
      vertex -0.415734 0.277784 -8
    endloop
  endfacet
  facet normal -0.995184 0.0980241 0
    outer loop
      vertex 0.490392 -0.0975447 -8
      vertex 0.5 0 2
      vertex 0.5 0 -8
    endloop
  endfacet
  facet normal -0.995184 0.0980241 0
    outer loop
      vertex 0.5 0 2
      vertex 0.490392 -0.0975447 -8
      vertex 0.490392 -0.0975447 2
    endloop
  endfacet
  facet normal 0.773016 0.634387 0
    outer loop
      vertex -0.353553 -0.353553 2
      vertex -0.415734 -0.277784 -8
      vertex -0.415734 -0.277784 2
    endloop
  endfacet
  facet normal 0.773016 0.634387 0
    outer loop
      vertex -0.415734 -0.277784 -8
      vertex -0.353553 -0.353553 2
      vertex -0.353553 -0.353553 -8
    endloop
  endfacet
  facet normal -0.634387 0.773016 0
    outer loop
      vertex 0.353553 -0.353553 -8
      vertex 0.277784 -0.415734 2
      vertex 0.353553 -0.353553 2
    endloop
  endfacet
  facet normal -0.634387 0.773016 0
    outer loop
      vertex 0.277784 -0.415734 2
      vertex 0.353553 -0.353553 -8
      vertex 0.277784 -0.415734 -8
    endloop
  endfacet
  facet normal 0.995184 0.0980241 0
    outer loop
      vertex -0.490392 -0.0975447 2
      vertex -0.5 0 -8
      vertex -0.5 0 2
    endloop
  endfacet
  facet normal 0.995184 0.0980241 0
    outer loop
      vertex -0.5 0 -8
      vertex -0.490392 -0.0975447 2
      vertex -0.490392 -0.0975447 -8
    endloop
  endfacet
  facet normal 0.0980241 0.995184 -0
    outer loop
      vertex 0 -0.5 -8
      vertex -0.0975447 -0.490392 2
      vertex 0 -0.5 2
    endloop
  endfacet
  facet normal 0.0980241 0.995184 0
    outer loop
      vertex -0.0975447 -0.490392 2
      vertex 0 -0.5 -8
      vertex -0.0975447 -0.490392 -8
    endloop
  endfacet
  facet normal 0.290287 0.95694 -0
    outer loop
      vertex -0.0975447 -0.490392 -8
      vertex -0.191341 -0.461939 2
      vertex -0.0975447 -0.490392 2
    endloop
  endfacet
  facet normal 0.290287 0.95694 0
    outer loop
      vertex -0.191341 -0.461939 2
      vertex -0.0975447 -0.490392 -8
      vertex -0.191341 -0.461939 -8
    endloop
  endfacet
  facet normal -1 0 0
    outer loop
      vertex 1 3.85651 -11
      vertex 1 -2.81655 -8
      vertex 1 2.81655 -8
    endloop
  endfacet
  facet normal -1 0 -0
    outer loop
      vertex 1 -2.81655 -8
      vertex 1 3.85651 -11
      vertex 1 -3.85651 -11
    endloop
  endfacet
  facet normal 0 0 -1
    outer loop
      vertex 0.0975447 -0.490392 -8
      vertex 1 -2.81655 -8
      vertex 0.585271 -2.94236 -8
    endloop
  endfacet
  facet normal 0 0 -1
    outer loop
      vertex 1 -2.81655 -8
      vertex 0.5 0 -8
      vertex 1 2.81655 -8
    endloop
  endfacet
  facet normal 0 0 -1
    outer loop
      vertex 0.490392 0.0975447 -8
      vertex 1 2.81655 -8
      vertex 0.5 0 -8
    endloop
  endfacet
  facet normal 0 0 -1
    outer loop
      vertex 1 -2.81655 -8
      vertex 0.490392 -0.0975447 -8
      vertex 0.5 0 -8
    endloop
  endfacet
  facet normal 0 0 -1
    outer loop
      vertex 1 -2.81655 -8
      vertex 0.461939 -0.191341 -8
      vertex 0.490392 -0.0975447 -8
    endloop
  endfacet
  facet normal 0 0 -1
    outer loop
      vertex 1 -2.81655 -8
      vertex 0.415734 -0.277784 -8
      vertex 0.461939 -0.191341 -8
    endloop
  endfacet
  facet normal 0 0 -1
    outer loop
      vertex 0.0975447 -0.490392 -8
      vertex 0.585271 -2.94236 -8
      vertex 0.390181 -2.96157 -8
    endloop
  endfacet
  facet normal 0 0 -1
    outer loop
      vertex 1 -2.81655 -8
      vertex 0.353553 -0.353553 -8
      vertex 0.415734 -0.277784 -8
    endloop
  endfacet
  facet normal 0 0 -1
    outer loop
      vertex 1 -2.81655 -8
      vertex 0.277784 -0.415734 -8
      vertex 0.353553 -0.353553 -8
    endloop
  endfacet
  facet normal 0 0 -1
    outer loop
      vertex 1 -2.81655 -8
      vertex 0.191341 -0.461939 -8
      vertex 0.277784 -0.415734 -8
    endloop
  endfacet
  facet normal 0 0 -1
    outer loop
      vertex 1 -2.81655 -8
      vertex 0.0975447 -0.490392 -8
      vertex 0.191341 -0.461939 -8
    endloop
  endfacet
  facet normal 0 0 -1
    outer loop
      vertex 0 -0.5 -8
      vertex 0.390181 -2.96157 -8
      vertex 0 -3 -8
    endloop
  endfacet
  facet normal 0 0 -1
    outer loop
      vertex 0.390181 -2.96157 -8
      vertex 0 -0.5 -8
      vertex 0.0975447 -0.490392 -8
    endloop
  endfacet
  facet normal 0 0 -1
    outer loop
      vertex -0.390181 -2.96157 -8
      vertex 0 -0.5 -8
      vertex 0 -3 -8
    endloop
  endfacet
  facet normal -0 0 -1
    outer loop
      vertex 0 -0.5 -8
      vertex -0.390181 -2.96157 -8
      vertex -0.0975447 -0.490392 -8
    endloop
  endfacet
  facet normal 0 0 -1
    outer loop
      vertex -0.585271 -2.94236 -8
      vertex -0.0975447 -0.490392 -8
      vertex -0.390181 -2.96157 -8
    endloop
  endfacet
  facet normal 0 0 -1
    outer loop
      vertex -1 -2.81655 -8
      vertex -0.0975447 -0.490392 -8
      vertex -0.585271 -2.94236 -8
    endloop
  endfacet
  facet normal -0 0 -1
    outer loop
      vertex -0.0975447 -0.490392 -8
      vertex -1 -2.81655 -8
      vertex -0.191341 -0.461939 -8
    endloop
  endfacet
  facet normal -0 0 -1
    outer loop
      vertex -0.191341 -0.461939 -8
      vertex -1 -2.81655 -8
      vertex -0.277784 -0.415734 -8
    endloop
  endfacet
  facet normal -0 0 -1
    outer loop
      vertex -0.277784 -0.415734 -8
      vertex -1 -2.81655 -8
      vertex -0.353553 -0.353553 -8
    endloop
  endfacet
  facet normal -0 0 -1
    outer loop
      vertex -0.353553 -0.353553 -8
      vertex -1 -2.81655 -8
      vertex -0.415734 -0.277784 -8
    endloop
  endfacet
  facet normal -0 0 -1
    outer loop
      vertex -0.415734 -0.277784 -8
      vertex -1 -2.81655 -8
      vertex -0.461939 -0.191341 -8
    endloop
  endfacet
  facet normal -0 0 -1
    outer loop
      vertex -0.461939 -0.191341 -8
      vertex -1 -2.81655 -8
      vertex -0.490392 -0.0975447 -8
    endloop
  endfacet
  facet normal 0 0 -1
    outer loop
      vertex 0.461939 0.191341 -8
      vertex 1 2.81655 -8
      vertex 0.490392 0.0975447 -8
    endloop
  endfacet
  facet normal 0 0 -1
    outer loop
      vertex 0.415734 0.277784 -8
      vertex 1 2.81655 -8
      vertex 0.461939 0.191341 -8
    endloop
  endfacet
  facet normal 0 0 -1
    outer loop
      vertex 0.353553 0.353553 -8
      vertex 1 2.81655 -8
      vertex 0.415734 0.277784 -8
    endloop
  endfacet
  facet normal 0 0 -1
    outer loop
      vertex 0.277784 0.415734 -8
      vertex 1 2.81655 -8
      vertex 0.353553 0.353553 -8
    endloop
  endfacet
  facet normal 0 0 -1
    outer loop
      vertex 0.191341 0.461939 -8
      vertex 1 2.81655 -8
      vertex 0.277784 0.415734 -8
    endloop
  endfacet
  facet normal 0 0 -1
    outer loop
      vertex 0.0975447 0.490392 -8
      vertex 1 2.81655 -8
      vertex 0.191341 0.461939 -8
    endloop
  endfacet
  facet normal -0 0 -1
    outer loop
      vertex 1 2.81655 -8
      vertex 0.0975447 0.490392 -8
      vertex 0.585271 2.94236 -8
    endloop
  endfacet
  facet normal -0 0 -1
    outer loop
      vertex 0.585271 2.94236 -8
      vertex 0.0975447 0.490392 -8
      vertex 0.390181 2.96157 -8
    endloop
  endfacet
  facet normal 0 0 -1
    outer loop
      vertex 0 0.5 -8
      vertex 0.390181 2.96157 -8
      vertex 0.0975447 0.490392 -8
    endloop
  endfacet
  facet normal 0 0 -1
    outer loop
      vertex 0 0.5 -8
      vertex 0 3 -8
      vertex 0.390181 2.96157 -8
    endloop
  endfacet
  facet normal 0 0 -1
    outer loop
      vertex -0.390181 2.96157 -8
      vertex 0 0.5 -8
      vertex -0.0975447 0.490392 -8
    endloop
  endfacet
  facet normal 0 0 -1
    outer loop
      vertex -1 2.81655 -8
      vertex -0.0975447 0.490392 -8
      vertex -0.191341 0.461939 -8
    endloop
  endfacet
  facet normal 0 0 -1
    outer loop
      vertex -1 2.81655 -8
      vertex -0.191341 0.461939 -8
      vertex -0.277784 0.415734 -8
    endloop
  endfacet
  facet normal 0 0 -1
    outer loop
      vertex -1 2.81655 -8
      vertex -0.277784 0.415734 -8
      vertex -0.353553 0.353553 -8
    endloop
  endfacet
  facet normal 0 0 -1
    outer loop
      vertex 0 0.5 -8
      vertex -0.390181 2.96157 -8
      vertex 0 3 -8
    endloop
  endfacet
  facet normal 0 0 -1
    outer loop
      vertex -1 2.81655 -8
      vertex -0.353553 0.353553 -8
      vertex -0.415734 0.277784 -8
    endloop
  endfacet
  facet normal 0 0 -1
    outer loop
      vertex -1 2.81655 -8
      vertex -0.415734 0.277784 -8
      vertex -0.461939 0.191341 -8
    endloop
  endfacet
  facet normal 0 0 -1
    outer loop
      vertex -1 2.81655 -8
      vertex -0.461939 0.191341 -8
      vertex -0.490392 0.0975447 -8
    endloop
  endfacet
  facet normal 0 0 -1
    outer loop
      vertex -1 2.81655 -8
      vertex -0.490392 0.0975447 -8
      vertex -0.5 0 -8
    endloop
  endfacet
  facet normal 0 0 -1
    outer loop
      vertex -0.0975447 0.490392 -8
      vertex -0.585271 2.94236 -8
      vertex -0.390181 2.96157 -8
    endloop
  endfacet
  facet normal -0 0 -1
    outer loop
      vertex -0.490392 -0.0975447 -8
      vertex -1 -2.81655 -8
      vertex -0.5 0 -8
    endloop
  endfacet
  facet normal 0 0 -1
    outer loop
      vertex -1 2.81655 -8
      vertex -0.5 0 -8
      vertex -1 -2.81655 -8
    endloop
  endfacet
  facet normal 0 0 -1
    outer loop
      vertex -0.0975447 0.490392 -8
      vertex -1 2.81655 -8
      vertex -0.585271 2.94236 -8
    endloop
  endfacet
  facet normal 1 -0 0
    outer loop
      vertex -1 -2.81655 -8
      vertex -1 3.85651 -11
      vertex -1 2.81655 -8
    endloop
  endfacet
  facet normal 1 0 0
    outer loop
      vertex -1 3.85651 -11
      vertex -1 -2.81655 -8
      vertex -1 -3.85651 -11
    endloop
  endfacet
endsolid OpenSCAD_Model
