solid OpenSCAD_Model
  facet normal -0.290283 0.956941 0
    outer loop
      vertex -3.70672 29.6349 -31
      vertex -7.27098 28.5537 -29
      vertex -3.70672 29.6349 -29
    endloop
  endfacet
  facet normal -0.290283 0.956941 0
    outer loop
      vertex -7.27098 28.5537 -29
      vertex -3.70672 29.6349 -31
      vertex -7.27098 28.5537 -31
    endloop
  endfacet
  facet normal 0.956942 0.29028 0
    outer loop
      vertex 18.6349 14.7067 -29
      vertex 17.5537 18.271 -31
      vertex 17.5537 18.271 -29
    endloop
  endfacet
  facet normal 0.956942 0.29028 0
    outer loop
      vertex 17.5537 18.271 -31
      vertex 18.6349 14.7067 -29
      vertex 18.6349 14.7067 -31
    endloop
  endfacet
  facet normal 0.995184 0.098023 0
    outer loop
      vertex 19 11 -29
      vertex 18.6349 14.7067 -31
      vertex 18.6349 14.7067 -29
    endloop
  endfacet
  facet normal 0.995184 0.098023 0
    outer loop
      vertex 18.6349 14.7067 -31
      vertex 19 11 -29
      vertex 19 11 -31
    endloop
  endfacet
  facet normal 0.881917 0.471405 0
    outer loop
      vertex 17.5537 18.271 -29
      vertex 15.7979 21.5558 -31
      vertex 15.7979 21.5558 -29
    endloop
  endfacet
  facet normal 0.881917 0.471405 0
    outer loop
      vertex 15.7979 21.5558 -31
      vertex 17.5537 18.271 -29
      vertex 17.5537 18.271 -31
    endloop
  endfacet
  facet normal 0 0 1
    outer loop
      vertex 17.5537 18.271 -29
      vertex 19 11 -29
      vertex 18.6349 14.7067 -29
    endloop
  endfacet
  facet normal 0 0 1
    outer loop
      vertex 15.7979 21.5558 -29
      vertex 19 11 -29
      vertex 17.5537 18.271 -29
    endloop
  endfacet
  facet normal 0 0 1
    outer loop
      vertex 13.435 24.435 -29
      vertex 19 11 -29
      vertex 15.7979 21.5558 -29
    endloop
  endfacet
  facet normal 0 0 1
    outer loop
      vertex 10.5558 26.7979 -29
      vertex 19 11 -29
      vertex 13.435 24.435 -29
    endloop
  endfacet
  facet normal 0 0 1
    outer loop
      vertex 7.27098 28.5537 -29
      vertex 19 11 -29
      vertex 10.5558 26.7979 -29
    endloop
  endfacet
  facet normal 0 0 1
    outer loop
      vertex 3.70672 29.6349 -29
      vertex 19 11 -29
      vertex 7.27098 28.5537 -29
    endloop
  endfacet
  facet normal 0 0 1
    outer loop
      vertex 0 30 -29
      vertex 19 11 -29
      vertex 3.70672 29.6349 -29
    endloop
  endfacet
  facet normal -0 0 1
    outer loop
      vertex -3.70672 29.6349 -29
      vertex 19 11 -29
      vertex 0 30 -29
    endloop
  endfacet
  facet normal -0 0 1
    outer loop
      vertex -7.27098 28.5537 -29
      vertex 19 11 -29
      vertex -3.70672 29.6349 -29
    endloop
  endfacet
  facet normal -0 0 1
    outer loop
      vertex -10.5558 26.7979 -29
      vertex 19 11 -29
      vertex -7.27098 28.5537 -29
    endloop
  endfacet
  facet normal -0 0 1
    outer loop
      vertex -13.435 24.435 -29
      vertex 19 11 -29
      vertex -10.5558 26.7979 -29
    endloop
  endfacet
  facet normal -0 0 1
    outer loop
      vertex -15.7979 21.5558 -29
      vertex 19 11 -29
      vertex -13.435 24.435 -29
    endloop
  endfacet
  facet normal -0 0 1
    outer loop
      vertex -17.5537 18.271 -29
      vertex 19 11 -29
      vertex -15.7979 21.5558 -29
    endloop
  endfacet
  facet normal -0 0 1
    outer loop
      vertex -18.6349 14.7067 -29
      vertex 19 11 -29
      vertex -17.5537 18.271 -29
    endloop
  endfacet
  facet normal 0 0 1
    outer loop
      vertex 19 11 -29
      vertex -18.6349 14.7067 -29
      vertex -19 11 -29
    endloop
  endfacet
  facet normal 0.77301 0.634394 0
    outer loop
      vertex 15.7979 21.5558 -29
      vertex 13.435 24.435 -31
      vertex 13.435 24.435 -29
    endloop
  endfacet
  facet normal 0.77301 0.634394 0
    outer loop
      vertex 13.435 24.435 -31
      vertex 15.7979 21.5558 -29
      vertex 15.7979 21.5558 -31
    endloop
  endfacet
  facet normal -0.77301 0.634394 0
    outer loop
      vertex -15.7979 21.5558 -31
      vertex -13.435 24.435 -29
      vertex -13.435 24.435 -31
    endloop
  endfacet
  facet normal -0.77301 0.634394 0
    outer loop
      vertex -13.435 24.435 -29
      vertex -15.7979 21.5558 -31
      vertex -15.7979 21.5558 -29
    endloop
  endfacet
  facet normal -0.0980224 0.995184 0
    outer loop
      vertex 0 30 -31
      vertex -3.70672 29.6349 -29
      vertex 0 30 -29
    endloop
  endfacet
  facet normal -0.0980224 0.995184 0
    outer loop
      vertex -3.70672 29.6349 -29
      vertex 0 30 -31
      vertex -3.70672 29.6349 -31
    endloop
  endfacet
  facet normal 0.0980224 0.995184 -0
    outer loop
      vertex 3.70672 29.6349 -31
      vertex 0 30 -29
      vertex 3.70672 29.6349 -29
    endloop
  endfacet
  facet normal 0.0980224 0.995184 0
    outer loop
      vertex 0 30 -29
      vertex 3.70672 29.6349 -31
      vertex 0 30 -31
    endloop
  endfacet
  facet normal -0.995184 0.098023 0
    outer loop
      vertex -19 11 -31
      vertex -18.6349 14.7067 -29
      vertex -18.6349 14.7067 -31
    endloop
  endfacet
  facet normal -0.995184 0.098023 0
    outer loop
      vertex -18.6349 14.7067 -29
      vertex -19 11 -31
      vertex -19 11 -29
    endloop
  endfacet
  facet normal -0.471402 0.881918 0
    outer loop
      vertex -7.27098 28.5537 -31
      vertex -10.5558 26.7979 -29
      vertex -7.27098 28.5537 -29
    endloop
  endfacet
  facet normal -0.471402 0.881918 0
    outer loop
      vertex -10.5558 26.7979 -29
      vertex -7.27098 28.5537 -31
      vertex -10.5558 26.7979 -31
    endloop
  endfacet
  facet normal 0.290283 0.956941 -0
    outer loop
      vertex 7.27098 28.5537 -31
      vertex 3.70672 29.6349 -29
      vertex 7.27098 28.5537 -29
    endloop
  endfacet
  facet normal 0.290283 0.956941 0
    outer loop
      vertex 3.70672 29.6349 -29
      vertex 7.27098 28.5537 -31
      vertex 3.70672 29.6349 -31
    endloop
  endfacet
  facet normal -0.956942 0.29028 0
    outer loop
      vertex -18.6349 14.7067 -31
      vertex -17.5537 18.271 -29
      vertex -17.5537 18.271 -31
    endloop
  endfacet
  facet normal -0.956942 0.29028 0
    outer loop
      vertex -17.5537 18.271 -29
      vertex -18.6349 14.7067 -31
      vertex -18.6349 14.7067 -29
    endloop
  endfacet
  facet normal 0 0 -1
    outer loop
      vertex 19 11 -31
      vertex 17.5537 18.271 -31
      vertex 18.6349 14.7067 -31
    endloop
  endfacet
  facet normal 0 0 -1
    outer loop
      vertex 19 11 -31
      vertex 15.7979 21.5558 -31
      vertex 17.5537 18.271 -31
    endloop
  endfacet
  facet normal 0 0 -1
    outer loop
      vertex 19 11 -31
      vertex 13.435 24.435 -31
      vertex 15.7979 21.5558 -31
    endloop
  endfacet
  facet normal 0 0 -1
    outer loop
      vertex 19 11 -31
      vertex 10.5558 26.7979 -31
      vertex 13.435 24.435 -31
    endloop
  endfacet
  facet normal 0 0 -1
    outer loop
      vertex 19 11 -31
      vertex 7.27098 28.5537 -31
      vertex 10.5558 26.7979 -31
    endloop
  endfacet
  facet normal 0 0 -1
    outer loop
      vertex 19 11 -31
      vertex 3.70672 29.6349 -31
      vertex 7.27098 28.5537 -31
    endloop
  endfacet
  facet normal 0 0 -1
    outer loop
      vertex 19 11 -31
      vertex 0 30 -31
      vertex 3.70672 29.6349 -31
    endloop
  endfacet
  facet normal 0 0 -1
    outer loop
      vertex 19 11 -31
      vertex -3.70672 29.6349 -31
      vertex 0 30 -31
    endloop
  endfacet
  facet normal 0 0 -1
    outer loop
      vertex 19 11 -31
      vertex -7.27098 28.5537 -31
      vertex -3.70672 29.6349 -31
    endloop
  endfacet
  facet normal 0 0 -1
    outer loop
      vertex 19 11 -31
      vertex -10.5558 26.7979 -31
      vertex -7.27098 28.5537 -31
    endloop
  endfacet
  facet normal 0 0 -1
    outer loop
      vertex 19 11 -31
      vertex -13.435 24.435 -31
      vertex -10.5558 26.7979 -31
    endloop
  endfacet
  facet normal 0 0 -1
    outer loop
      vertex 19 11 -31
      vertex -15.7979 21.5558 -31
      vertex -13.435 24.435 -31
    endloop
  endfacet
  facet normal 0 0 -1
    outer loop
      vertex 19 11 -31
      vertex -17.5537 18.271 -31
      vertex -15.7979 21.5558 -31
    endloop
  endfacet
  facet normal 0 0 -1
    outer loop
      vertex 19 11 -31
      vertex -18.6349 14.7067 -31
      vertex -17.5537 18.271 -31
    endloop
  endfacet
  facet normal 0 -0 -1
    outer loop
      vertex -18.6349 14.7067 -31
      vertex 19 11 -31
      vertex -19 11 -31
    endloop
  endfacet
  facet normal -0.634394 0.77301 0
    outer loop
      vertex -10.5558 26.7979 -31
      vertex -13.435 24.435 -29
      vertex -10.5558 26.7979 -29
    endloop
  endfacet
  facet normal -0.634394 0.77301 0
    outer loop
      vertex -13.435 24.435 -29
      vertex -10.5558 26.7979 -31
      vertex -13.435 24.435 -31
    endloop
  endfacet
  facet normal 0.634394 0.77301 -0
    outer loop
      vertex 13.435 24.435 -31
      vertex 10.5558 26.7979 -29
      vertex 13.435 24.435 -29
    endloop
  endfacet
  facet normal 0.634394 0.77301 0
    outer loop
      vertex 10.5558 26.7979 -29
      vertex 13.435 24.435 -31
      vertex 10.5558 26.7979 -31
    endloop
  endfacet
  facet normal 0.471402 0.881918 -0
    outer loop
      vertex 10.5558 26.7979 -31
      vertex 7.27098 28.5537 -29
      vertex 10.5558 26.7979 -29
    endloop
  endfacet
  facet normal 0.471402 0.881918 0
    outer loop
      vertex 7.27098 28.5537 -29
      vertex 10.5558 26.7979 -31
      vertex 7.27098 28.5537 -31
    endloop
  endfacet
  facet normal -0.881917 0.471405 0
    outer loop
      vertex -17.5537 18.271 -31
      vertex -15.7979 21.5558 -29
      vertex -15.7979 21.5558 -31
    endloop
  endfacet
  facet normal -0.881917 0.471405 0
    outer loop
      vertex -15.7979 21.5558 -29
      vertex -17.5537 18.271 -31
      vertex -17.5537 18.271 -29
    endloop
  endfacet
  facet normal -0.290283 0.956941 0
    outer loop
      vertex -3.70672 29.6349 -21
      vertex -7.27098 28.5537 -19
      vertex -3.70672 29.6349 -19
    endloop
  endfacet
  facet normal -0.290283 0.956941 0
    outer loop
      vertex -7.27098 28.5537 -19
      vertex -3.70672 29.6349 -21
      vertex -7.27098 28.5537 -21
    endloop
  endfacet
  facet normal 0.956942 0.29028 0
    outer loop
      vertex 18.6349 14.7067 -19
      vertex 17.5537 18.271 -21
      vertex 17.5537 18.271 -19
    endloop
  endfacet
  facet normal 0.956942 0.29028 0
    outer loop
      vertex 17.5537 18.271 -21
      vertex 18.6349 14.7067 -19
      vertex 18.6349 14.7067 -21
    endloop
  endfacet
  facet normal 0.995184 0.098023 0
    outer loop
      vertex 19 11 -19
      vertex 18.6349 14.7067 -21
      vertex 18.6349 14.7067 -19
    endloop
  endfacet
  facet normal 0.995184 0.098023 0
    outer loop
      vertex 18.6349 14.7067 -21
      vertex 19 11 -19
      vertex 19 11 -21
    endloop
  endfacet
  facet normal 0.881917 0.471405 0
    outer loop
      vertex 17.5537 18.271 -19
      vertex 15.7979 21.5558 -21
      vertex 15.7979 21.5558 -19
    endloop
  endfacet
  facet normal 0.881917 0.471405 0
    outer loop
      vertex 15.7979 21.5558 -21
      vertex 17.5537 18.271 -19
      vertex 17.5537 18.271 -21
    endloop
  endfacet
  facet normal 0 0 1
    outer loop
      vertex 7.27098 28.5537 -19
      vertex 9.40151 12 -19
      vertex 10.5558 26.7979 -19
    endloop
  endfacet
  facet normal 0 0 1
    outer loop
      vertex 3.70672 29.6349 -19
      vertex 9.40151 12 -19
      vertex 7.27098 28.5537 -19
    endloop
  endfacet
  facet normal 0 0 1
    outer loop
      vertex 0 30 -19
      vertex 9.40151 12 -19
      vertex 3.70672 29.6349 -19
    endloop
  endfacet
  facet normal 0 0 1
    outer loop
      vertex -9.40151 12 -19
      vertex 0 30 -19
      vertex -3.70672 29.6349 -19
    endloop
  endfacet
  facet normal 0 0 1
    outer loop
      vertex -9.40151 12 -19
      vertex -3.70672 29.6349 -19
      vertex -7.27098 28.5537 -19
    endloop
  endfacet
  facet normal 0 0 1
    outer loop
      vertex 0 30 -19
      vertex -9.40151 12 -19
      vertex 9.40151 12 -19
    endloop
  endfacet
  facet normal -0 0 1
    outer loop
      vertex -10.5558 26.7979 -19
      vertex -9.40151 12 -19
      vertex -7.27098 28.5537 -19
    endloop
  endfacet
  facet normal -0 0 1
    outer loop
      vertex -13.435 24.435 -19
      vertex -9.40151 12 -19
      vertex -10.5558 26.7979 -19
    endloop
  endfacet
  facet normal -0 0 1
    outer loop
      vertex -15.7979 21.5558 -19
      vertex -9.40151 12 -19
      vertex -13.435 24.435 -19
    endloop
  endfacet
  facet normal -0 0 1
    outer loop
      vertex -17.5537 18.271 -19
      vertex -9.40151 12 -19
      vertex -15.7979 21.5558 -19
    endloop
  endfacet
  facet normal -0 0 1
    outer loop
      vertex -18.6349 14.7067 -19
      vertex -9.40151 12 -19
      vertex -17.5537 18.271 -19
    endloop
  endfacet
  facet normal 0 0 1
    outer loop
      vertex -19 11 -19
      vertex -9.40151 12 -19
      vertex -18.6349 14.7067 -19
    endloop
  endfacet
  facet normal 0 0 1
    outer loop
      vertex -9.40151 12 -19
      vertex -19 11 -19
      vertex -9.40151 11 -19
    endloop
  endfacet
  facet normal 0 0 1
    outer loop
      vertex 9.40151 12 -19
      vertex 18.6349 14.7067 -19
      vertex 17.5537 18.271 -19
    endloop
  endfacet
  facet normal 0 0 1
    outer loop
      vertex 9.40151 12 -19
      vertex 17.5537 18.271 -19
      vertex 15.7979 21.5558 -19
    endloop
  endfacet
  facet normal 0 0 1
    outer loop
      vertex 9.40151 12 -19
      vertex 15.7979 21.5558 -19
      vertex 13.435 24.435 -19
    endloop
  endfacet
  facet normal 0 0 1
    outer loop
      vertex 9.40151 12 -19
      vertex 13.435 24.435 -19
      vertex 10.5558 26.7979 -19
    endloop
  endfacet
  facet normal 0 0 1
    outer loop
      vertex 18.6349 14.7067 -19
      vertex 9.40151 12 -19
      vertex 19 11 -19
    endloop
  endfacet
  facet normal 0 0 1
    outer loop
      vertex 19 11 -19
      vertex 9.40151 12 -19
      vertex 9.40151 11 -19
    endloop
  endfacet
  facet normal 0.77301 0.634394 0
    outer loop
      vertex 15.7979 21.5558 -19
      vertex 13.435 24.435 -21
      vertex 13.435 24.435 -19
    endloop
  endfacet
  facet normal 0.77301 0.634394 0
    outer loop
      vertex 13.435 24.435 -21
      vertex 15.7979 21.5558 -19
      vertex 15.7979 21.5558 -21
    endloop
  endfacet
  facet normal -0.77301 0.634394 0
    outer loop
      vertex -15.7979 21.5558 -21
      vertex -13.435 24.435 -19
      vertex -13.435 24.435 -21
    endloop
  endfacet
  facet normal -0.77301 0.634394 0
    outer loop
      vertex -13.435 24.435 -19
      vertex -15.7979 21.5558 -21
      vertex -15.7979 21.5558 -19
    endloop
  endfacet
  facet normal -0.0980224 0.995184 0
    outer loop
      vertex 0 30 -21
      vertex -3.70672 29.6349 -19
      vertex 0 30 -19
    endloop
  endfacet
  facet normal -0.0980224 0.995184 0
    outer loop
      vertex -3.70672 29.6349 -19
      vertex 0 30 -21
      vertex -3.70672 29.6349 -21
    endloop
  endfacet
  facet normal 0.0980224 0.995184 -0
    outer loop
      vertex 3.70672 29.6349 -21
      vertex 0 30 -19
      vertex 3.70672 29.6349 -19
    endloop
  endfacet
  facet normal 0.0980224 0.995184 0
    outer loop
      vertex 0 30 -19
      vertex 3.70672 29.6349 -21
      vertex 0 30 -21
    endloop
  endfacet
  facet normal -0.995184 0.098023 0
    outer loop
      vertex -19 11 -21
      vertex -18.6349 14.7067 -19
      vertex -18.6349 14.7067 -21
    endloop
  endfacet
  facet normal -0.995184 0.098023 0
    outer loop
      vertex -18.6349 14.7067 -19
      vertex -19 11 -21
      vertex -19 11 -19
    endloop
  endfacet
  facet normal -0.471402 0.881918 0
    outer loop
      vertex -7.27098 28.5537 -21
      vertex -10.5558 26.7979 -19
      vertex -7.27098 28.5537 -19
    endloop
  endfacet
  facet normal -0.471402 0.881918 0
    outer loop
      vertex -10.5558 26.7979 -19
      vertex -7.27098 28.5537 -21
      vertex -10.5558 26.7979 -21
    endloop
  endfacet
  facet normal 0.290283 0.956941 -0
    outer loop
      vertex 7.27098 28.5537 -21
      vertex 3.70672 29.6349 -19
      vertex 7.27098 28.5537 -19
    endloop
  endfacet
  facet normal 0.290283 0.956941 0
    outer loop
      vertex 3.70672 29.6349 -19
      vertex 7.27098 28.5537 -21
      vertex 3.70672 29.6349 -21
    endloop
  endfacet
  facet normal -0.956942 0.29028 0
    outer loop
      vertex -18.6349 14.7067 -21
      vertex -17.5537 18.271 -19
      vertex -17.5537 18.271 -21
    endloop
  endfacet
  facet normal -0.956942 0.29028 0
    outer loop
      vertex -17.5537 18.271 -19
      vertex -18.6349 14.7067 -21
      vertex -18.6349 14.7067 -19
    endloop
  endfacet
  facet normal 0 0 -1
    outer loop
      vertex -19 11 -21
      vertex -8.96963 12 -21
      vertex -8.96963 11 -21
    endloop
  endfacet
  facet normal 0 0 -1
    outer loop
      vertex -8.96963 12 -21
      vertex -13.435 24.435 -21
      vertex -10.5558 26.7979 -21
    endloop
  endfacet
  facet normal 0 0 -1
    outer loop
      vertex -8.96963 12 -21
      vertex -15.7979 21.5558 -21
      vertex -13.435 24.435 -21
    endloop
  endfacet
  facet normal 0 0 -1
    outer loop
      vertex -8.96963 12 -21
      vertex -17.5537 18.271 -21
      vertex -15.7979 21.5558 -21
    endloop
  endfacet
  facet normal 0 0 -1
    outer loop
      vertex -8.96963 12 -21
      vertex -18.6349 14.7067 -21
      vertex -17.5537 18.271 -21
    endloop
  endfacet
  facet normal -0 0 -1
    outer loop
      vertex -8.96963 12 -21
      vertex -19 11 -21
      vertex -18.6349 14.7067 -21
    endloop
  endfacet
  facet normal 0 0 -1
    outer loop
      vertex 8.96963 12 -21
      vertex 18.6349 14.7067 -21
      vertex 19 11 -21
    endloop
  endfacet
  facet normal -0 0 -1
    outer loop
      vertex 18.6349 14.7067 -21
      vertex 8.96963 12 -21
      vertex 17.5537 18.271 -21
    endloop
  endfacet
  facet normal -0 0 -1
    outer loop
      vertex 17.5537 18.271 -21
      vertex 8.96963 12 -21
      vertex 15.7979 21.5558 -21
    endloop
  endfacet
  facet normal -0 0 -1
    outer loop
      vertex 15.7979 21.5558 -21
      vertex 8.96963 12 -21
      vertex 13.435 24.435 -21
    endloop
  endfacet
  facet normal 0 0 -1
    outer loop
      vertex 8.96963 12 -21
      vertex 19 11 -21
      vertex 8.96963 11 -21
    endloop
  endfacet
  facet normal -0 0 -1
    outer loop
      vertex 13.435 24.435 -21
      vertex 8.96963 12 -21
      vertex 10.5558 26.7979 -21
    endloop
  endfacet
  facet normal 0 0 -1
    outer loop
      vertex 8.96963 12 -21
      vertex 7.27098 28.5537 -21
      vertex 10.5558 26.7979 -21
    endloop
  endfacet
  facet normal 0 0 -1
    outer loop
      vertex 8.96963 12 -21
      vertex 3.70672 29.6349 -21
      vertex 7.27098 28.5537 -21
    endloop
  endfacet
  facet normal 0 0 -1
    outer loop
      vertex 8.96963 12 -21
      vertex 0 30 -21
      vertex 3.70672 29.6349 -21
    endloop
  endfacet
  facet normal 0 0 -1
    outer loop
      vertex -8.96963 12 -21
      vertex 0 30 -21
      vertex 8.96963 12 -21
    endloop
  endfacet
  facet normal 0 0 -1
    outer loop
      vertex 0 30 -21
      vertex -8.96963 12 -21
      vertex -3.70672 29.6349 -21
    endloop
  endfacet
  facet normal 0 0 -1
    outer loop
      vertex -3.70672 29.6349 -21
      vertex -8.96963 12 -21
      vertex -7.27098 28.5537 -21
    endloop
  endfacet
  facet normal 0 0 -1
    outer loop
      vertex -7.27098 28.5537 -21
      vertex -8.96963 12 -21
      vertex -10.5558 26.7979 -21
    endloop
  endfacet
  facet normal -0.634394 0.77301 0
    outer loop
      vertex -10.5558 26.7979 -21
      vertex -13.435 24.435 -19
      vertex -10.5558 26.7979 -19
    endloop
  endfacet
  facet normal -0.634394 0.77301 0
    outer loop
      vertex -13.435 24.435 -19
      vertex -10.5558 26.7979 -21
      vertex -13.435 24.435 -21
    endloop
  endfacet
  facet normal 0.634394 0.77301 -0
    outer loop
      vertex 13.435 24.435 -21
      vertex 10.5558 26.7979 -19
      vertex 13.435 24.435 -19
    endloop
  endfacet
  facet normal 0.634394 0.77301 0
    outer loop
      vertex 10.5558 26.7979 -19
      vertex 13.435 24.435 -21
      vertex 10.5558 26.7979 -21
    endloop
  endfacet
  facet normal 0.471402 0.881918 -0
    outer loop
      vertex 10.5558 26.7979 -21
      vertex 7.27098 28.5537 -19
      vertex 10.5558 26.7979 -19
    endloop
  endfacet
  facet normal 0.471402 0.881918 0
    outer loop
      vertex 7.27098 28.5537 -19
      vertex 10.5558 26.7979 -21
      vertex 7.27098 28.5537 -21
    endloop
  endfacet
  facet normal -0.881917 0.471405 0
    outer loop
      vertex -17.5537 18.271 -21
      vertex -15.7979 21.5558 -19
      vertex -15.7979 21.5558 -21
    endloop
  endfacet
  facet normal -0.881917 0.471405 0
    outer loop
      vertex -15.7979 21.5558 -19
      vertex -17.5537 18.271 -21
      vertex -17.5537 18.271 -19
    endloop
  endfacet
  facet normal -0.290283 0.956941 0
    outer loop
      vertex -3.70672 29.6349 -11
      vertex -7.27098 28.5537 -9
      vertex -3.70672 29.6349 -9
    endloop
  endfacet
  facet normal -0.290283 0.956941 0
    outer loop
      vertex -7.27098 28.5537 -9
      vertex -3.70672 29.6349 -11
      vertex -7.27098 28.5537 -11
    endloop
  endfacet
  facet normal 0.956942 0.29028 0
    outer loop
      vertex 18.6349 14.7067 -9
      vertex 17.5537 18.271 -11
      vertex 17.5537 18.271 -9
    endloop
  endfacet
  facet normal 0.956942 0.29028 0
    outer loop
      vertex 17.5537 18.271 -11
      vertex 18.6349 14.7067 -9
      vertex 18.6349 14.7067 -11
    endloop
  endfacet
  facet normal 0.995184 0.098023 0
    outer loop
      vertex 19 11 -9
      vertex 18.6349 14.7067 -11
      vertex 18.6349 14.7067 -9
    endloop
  endfacet
  facet normal 0.995184 0.098023 0
    outer loop
      vertex 18.6349 14.7067 -11
      vertex 19 11 -9
      vertex 19 11 -11
    endloop
  endfacet
  facet normal 0.881917 0.471405 0
    outer loop
      vertex 17.5537 18.271 -9
      vertex 15.7979 21.5558 -11
      vertex 15.7979 21.5558 -9
    endloop
  endfacet
  facet normal 0.881917 0.471405 0
    outer loop
      vertex 15.7979 21.5558 -11
      vertex 17.5537 18.271 -9
      vertex 17.5537 18.271 -11
    endloop
  endfacet
  facet normal 0 0 1
    outer loop
      vertex 0 30 -9
      vertex 2.89989 12 -9
      vertex 3.70672 29.6349 -9
    endloop
  endfacet
  facet normal 0 0 1
    outer loop
      vertex 0 30 -9
      vertex -2.89989 12 -9
      vertex 2.89989 12 -9
    endloop
  endfacet
  facet normal -0 0 1
    outer loop
      vertex -3.70672 29.6349 -9
      vertex -2.89989 12 -9
      vertex 0 30 -9
    endloop
  endfacet
  facet normal -0 0 1
    outer loop
      vertex -7.27098 28.5537 -9
      vertex -2.89989 12 -9
      vertex -3.70672 29.6349 -9
    endloop
  endfacet
  facet normal -0 0 1
    outer loop
      vertex -10.5558 26.7979 -9
      vertex -2.89989 12 -9
      vertex -7.27098 28.5537 -9
    endloop
  endfacet
  facet normal -0 0 1
    outer loop
      vertex -13.435 24.435 -9
      vertex -2.89989 12 -9
      vertex -10.5558 26.7979 -9
    endloop
  endfacet
  facet normal -0 0 1
    outer loop
      vertex -15.7979 21.5558 -9
      vertex -2.89989 12 -9
      vertex -13.435 24.435 -9
    endloop
  endfacet
  facet normal -0 0 1
    outer loop
      vertex -17.5537 18.271 -9
      vertex -2.89989 12 -9
      vertex -15.7979 21.5558 -9
    endloop
  endfacet
  facet normal -0 0 1
    outer loop
      vertex -18.6349 14.7067 -9
      vertex -2.89989 12 -9
      vertex -17.5537 18.271 -9
    endloop
  endfacet
  facet normal 0 0 1
    outer loop
      vertex -19 11 -9
      vertex -2.89989 12 -9
      vertex -18.6349 14.7067 -9
    endloop
  endfacet
  facet normal 0 0 1
    outer loop
      vertex -2.89989 12 -9
      vertex -19 11 -9
      vertex -2.89989 11 -9
    endloop
  endfacet
  facet normal 0 0 1
    outer loop
      vertex 2.89989 12 -9
      vertex 18.6349 14.7067 -9
      vertex 17.5537 18.271 -9
    endloop
  endfacet
  facet normal 0 0 1
    outer loop
      vertex 2.89989 12 -9
      vertex 17.5537 18.271 -9
      vertex 15.7979 21.5558 -9
    endloop
  endfacet
  facet normal 0 0 1
    outer loop
      vertex 2.89989 12 -9
      vertex 15.7979 21.5558 -9
      vertex 13.435 24.435 -9
    endloop
  endfacet
  facet normal 0 0 1
    outer loop
      vertex 2.89989 12 -9
      vertex 13.435 24.435 -9
      vertex 10.5558 26.7979 -9
    endloop
  endfacet
  facet normal 0 0 1
    outer loop
      vertex 2.89989 12 -9
      vertex 10.5558 26.7979 -9
      vertex 7.27098 28.5537 -9
    endloop
  endfacet
  facet normal 0 0 1
    outer loop
      vertex 2.89989 12 -9
      vertex 7.27098 28.5537 -9
      vertex 3.70672 29.6349 -9
    endloop
  endfacet
  facet normal 0 0 1
    outer loop
      vertex 18.6349 14.7067 -9
      vertex 2.89989 12 -9
      vertex 19 11 -9
    endloop
  endfacet
  facet normal 0 0 1
    outer loop
      vertex 19 11 -9
      vertex 2.89989 12 -9
      vertex 2.89989 11 -9
    endloop
  endfacet
  facet normal 0.77301 0.634394 0
    outer loop
      vertex 15.7979 21.5558 -9
      vertex 13.435 24.435 -11
      vertex 13.435 24.435 -9
    endloop
  endfacet
  facet normal 0.77301 0.634394 0
    outer loop
      vertex 13.435 24.435 -11
      vertex 15.7979 21.5558 -9
      vertex 15.7979 21.5558 -11
    endloop
  endfacet
  facet normal -0.77301 0.634394 0
    outer loop
      vertex -15.7979 21.5558 -11
      vertex -13.435 24.435 -9
      vertex -13.435 24.435 -11
    endloop
  endfacet
  facet normal -0.77301 0.634394 0
    outer loop
      vertex -13.435 24.435 -9
      vertex -15.7979 21.5558 -11
      vertex -15.7979 21.5558 -9
    endloop
  endfacet
  facet normal -0.0980224 0.995184 0
    outer loop
      vertex 0 30 -11
      vertex -3.70672 29.6349 -9
      vertex 0 30 -9
    endloop
  endfacet
  facet normal -0.0980224 0.995184 0
    outer loop
      vertex -3.70672 29.6349 -9
      vertex 0 30 -11
      vertex -3.70672 29.6349 -11
    endloop
  endfacet
  facet normal 0.0980224 0.995184 -0
    outer loop
      vertex 3.70672 29.6349 -11
      vertex 0 30 -9
      vertex 3.70672 29.6349 -9
    endloop
  endfacet
  facet normal 0.0980224 0.995184 0
    outer loop
      vertex 0 30 -9
      vertex 3.70672 29.6349 -11
      vertex 0 30 -11
    endloop
  endfacet
  facet normal -0.995184 0.098023 0
    outer loop
      vertex -19 11 -11
      vertex -18.6349 14.7067 -9
      vertex -18.6349 14.7067 -11
    endloop
  endfacet
  facet normal -0.995184 0.098023 0
    outer loop
      vertex -18.6349 14.7067 -9
      vertex -19 11 -11
      vertex -19 11 -9
    endloop
  endfacet
  facet normal -0.471402 0.881918 0
    outer loop
      vertex -7.27098 28.5537 -11
      vertex -10.5558 26.7979 -9
      vertex -7.27098 28.5537 -9
    endloop
  endfacet
  facet normal -0.471402 0.881918 0
    outer loop
      vertex -10.5558 26.7979 -9
      vertex -7.27098 28.5537 -11
      vertex -10.5558 26.7979 -11
    endloop
  endfacet
  facet normal 0.290283 0.956941 -0
    outer loop
      vertex 7.27098 28.5537 -11
      vertex 3.70672 29.6349 -9
      vertex 7.27098 28.5537 -9
    endloop
  endfacet
  facet normal 0.290283 0.956941 0
    outer loop
      vertex 3.70672 29.6349 -9
      vertex 7.27098 28.5537 -11
      vertex 3.70672 29.6349 -11
    endloop
  endfacet
  facet normal -0.956942 0.29028 0
    outer loop
      vertex -18.6349 14.7067 -11
      vertex -17.5537 18.271 -9
      vertex -17.5537 18.271 -11
    endloop
  endfacet
  facet normal -0.956942 0.29028 0
    outer loop
      vertex -17.5537 18.271 -9
      vertex -18.6349 14.7067 -11
      vertex -18.6349 14.7067 -9
    endloop
  endfacet
  facet normal 0 0 -1
    outer loop
      vertex -19 11 -11
      vertex -6.37331 12 -11
      vertex -6.37331 11 -11
    endloop
  endfacet
  facet normal 0 0 -1
    outer loop
      vertex -6.37331 12 -11
      vertex -10.5558 26.7979 -11
      vertex -7.27098 28.5537 -11
    endloop
  endfacet
  facet normal 0 0 -1
    outer loop
      vertex -6.37331 12 -11
      vertex -13.435 24.435 -11
      vertex -10.5558 26.7979 -11
    endloop
  endfacet
  facet normal 0 0 -1
    outer loop
      vertex -6.37331 12 -11
      vertex -15.7979 21.5558 -11
      vertex -13.435 24.435 -11
    endloop
  endfacet
  facet normal 0 0 -1
    outer loop
      vertex -6.37331 12 -11
      vertex -17.5537 18.271 -11
      vertex -15.7979 21.5558 -11
    endloop
  endfacet
  facet normal 0 0 -1
    outer loop
      vertex -6.37331 12 -11
      vertex -18.6349 14.7067 -11
      vertex -17.5537 18.271 -11
    endloop
  endfacet
  facet normal -0 0 -1
    outer loop
      vertex -6.37331 12 -11
      vertex -19 11 -11
      vertex -18.6349 14.7067 -11
    endloop
  endfacet
  facet normal 0 0 -1
    outer loop
      vertex 6.37331 12 -11
      vertex 18.6349 14.7067 -11
      vertex 19 11 -11
    endloop
  endfacet
  facet normal -0 0 -1
    outer loop
      vertex 18.6349 14.7067 -11
      vertex 6.37331 12 -11
      vertex 17.5537 18.271 -11
    endloop
  endfacet
  facet normal -0 0 -1
    outer loop
      vertex 17.5537 18.271 -11
      vertex 6.37331 12 -11
      vertex 15.7979 21.5558 -11
    endloop
  endfacet
  facet normal -0 0 -1
    outer loop
      vertex 15.7979 21.5558 -11
      vertex 6.37331 12 -11
      vertex 13.435 24.435 -11
    endloop
  endfacet
  facet normal -0 0 -1
    outer loop
      vertex 13.435 24.435 -11
      vertex 6.37331 12 -11
      vertex 10.5558 26.7979 -11
    endloop
  endfacet
  facet normal 0 0 -1
    outer loop
      vertex 6.37331 12 -11
      vertex 19 11 -11
      vertex 6.37331 11 -11
    endloop
  endfacet
  facet normal -0 0 -1
    outer loop
      vertex 10.5558 26.7979 -11
      vertex 6.37331 12 -11
      vertex 7.27098 28.5537 -11
    endloop
  endfacet
  facet normal 0 0 -1
    outer loop
      vertex 6.37331 12 -11
      vertex 3.70672 29.6349 -11
      vertex 7.27098 28.5537 -11
    endloop
  endfacet
  facet normal 0 0 -1
    outer loop
      vertex 6.37331 12 -11
      vertex 0 30 -11
      vertex 3.70672 29.6349 -11
    endloop
  endfacet
  facet normal 0 0 -1
    outer loop
      vertex -6.37331 12 -11
      vertex 0 30 -11
      vertex 6.37331 12 -11
    endloop
  endfacet
  facet normal 0 0 -1
    outer loop
      vertex 0 30 -11
      vertex -6.37331 12 -11
      vertex -3.70672 29.6349 -11
    endloop
  endfacet
  facet normal 0 0 -1
    outer loop
      vertex -3.70672 29.6349 -11
      vertex -6.37331 12 -11
      vertex -7.27098 28.5537 -11
    endloop
  endfacet
  facet normal -0.634394 0.77301 0
    outer loop
      vertex -10.5558 26.7979 -11
      vertex -13.435 24.435 -9
      vertex -10.5558 26.7979 -9
    endloop
  endfacet
  facet normal -0.634394 0.77301 0
    outer loop
      vertex -13.435 24.435 -9
      vertex -10.5558 26.7979 -11
      vertex -13.435 24.435 -11
    endloop
  endfacet
  facet normal 0.634394 0.77301 -0
    outer loop
      vertex 13.435 24.435 -11
      vertex 10.5558 26.7979 -9
      vertex 13.435 24.435 -9
    endloop
  endfacet
  facet normal 0.634394 0.77301 0
    outer loop
      vertex 10.5558 26.7979 -9
      vertex 13.435 24.435 -11
      vertex 10.5558 26.7979 -11
    endloop
  endfacet
  facet normal 0.471402 0.881918 -0
    outer loop
      vertex 10.5558 26.7979 -11
      vertex 7.27098 28.5537 -9
      vertex 10.5558 26.7979 -9
    endloop
  endfacet
  facet normal 0.471402 0.881918 0
    outer loop
      vertex 7.27098 28.5537 -9
      vertex 10.5558 26.7979 -11
      vertex 7.27098 28.5537 -11
    endloop
  endfacet
  facet normal -0.881917 0.471405 0
    outer loop
      vertex -17.5537 18.271 -11
      vertex -15.7979 21.5558 -9
      vertex -15.7979 21.5558 -11
    endloop
  endfacet
  facet normal -0.881917 0.471405 0
    outer loop
      vertex -15.7979 21.5558 -9
      vertex -17.5537 18.271 -11
      vertex -17.5537 18.271 -9
    endloop
  endfacet
  facet normal -0.290283 0.956941 0
    outer loop
      vertex -3.70672 29.6349 -1
      vertex -7.27098 28.5537 1
      vertex -3.70672 29.6349 1
    endloop
  endfacet
  facet normal -0.290283 0.956941 0
    outer loop
      vertex -7.27098 28.5537 1
      vertex -3.70672 29.6349 -1
      vertex -7.27098 28.5537 -1
    endloop
  endfacet
  facet normal 0.956942 0.29028 0
    outer loop
      vertex 18.6349 14.7067 1
      vertex 17.5537 18.271 -1
      vertex 17.5537 18.271 1
    endloop
  endfacet
  facet normal 0.956942 0.29028 0
    outer loop
      vertex 17.5537 18.271 -1
      vertex 18.6349 14.7067 1
      vertex 18.6349 14.7067 -1
    endloop
  endfacet
  facet normal 0.995184 0.098023 0
    outer loop
      vertex 19 11 1
      vertex 18.6349 14.7067 -1
      vertex 18.6349 14.7067 1
    endloop
  endfacet
  facet normal 0.995184 0.098023 0
    outer loop
      vertex 18.6349 14.7067 -1
      vertex 19 11 1
      vertex 19 11 -1
    endloop
  endfacet
  facet normal 0.881917 0.471405 0
    outer loop
      vertex 17.5537 18.271 1
      vertex 15.7979 21.5558 -1
      vertex 15.7979 21.5558 1
    endloop
  endfacet
  facet normal 0.881917 0.471405 0
    outer loop
      vertex 15.7979 21.5558 -1
      vertex 17.5537 18.271 1
      vertex 17.5537 18.271 -1
    endloop
  endfacet
  facet normal 0 0 1
    outer loop
      vertex 17.5537 18.271 1
      vertex 19 11 1
      vertex 18.6349 14.7067 1
    endloop
  endfacet
  facet normal 0 0 1
    outer loop
      vertex 15.7979 21.5558 1
      vertex 19 11 1
      vertex 17.5537 18.271 1
    endloop
  endfacet
  facet normal 0 0 1
    outer loop
      vertex 13.435 24.435 1
      vertex 19 11 1
      vertex 15.7979 21.5558 1
    endloop
  endfacet
  facet normal 0 0 1
    outer loop
      vertex 10.5558 26.7979 1
      vertex 19 11 1
      vertex 13.435 24.435 1
    endloop
  endfacet
  facet normal 0 0 1
    outer loop
      vertex 7.27098 28.5537 1
      vertex 19 11 1
      vertex 10.5558 26.7979 1
    endloop
  endfacet
  facet normal 0 0 1
    outer loop
      vertex 3.70672 29.6349 1
      vertex 19 11 1
      vertex 7.27098 28.5537 1
    endloop
  endfacet
  facet normal 0 0 1
    outer loop
      vertex 0 30 1
      vertex 19 11 1
      vertex 3.70672 29.6349 1
    endloop
  endfacet
  facet normal -0 0 1
    outer loop
      vertex -3.70672 29.6349 1
      vertex 19 11 1
      vertex 0 30 1
    endloop
  endfacet
  facet normal -0 0 1
    outer loop
      vertex -7.27098 28.5537 1
      vertex 19 11 1
      vertex -3.70672 29.6349 1
    endloop
  endfacet
  facet normal -0 0 1
    outer loop
      vertex -10.5558 26.7979 1
      vertex 19 11 1
      vertex -7.27098 28.5537 1
    endloop
  endfacet
  facet normal -0 0 1
    outer loop
      vertex -13.435 24.435 1
      vertex 19 11 1
      vertex -10.5558 26.7979 1
    endloop
  endfacet
  facet normal -0 0 1
    outer loop
      vertex -15.7979 21.5558 1
      vertex 19 11 1
      vertex -13.435 24.435 1
    endloop
  endfacet
  facet normal -0 0 1
    outer loop
      vertex -17.5537 18.271 1
      vertex 19 11 1
      vertex -15.7979 21.5558 1
    endloop
  endfacet
  facet normal -0 0 1
    outer loop
      vertex -18.6349 14.7067 1
      vertex 19 11 1
      vertex -17.5537 18.271 1
    endloop
  endfacet
  facet normal 0 0 1
    outer loop
      vertex 19 11 1
      vertex -18.6349 14.7067 1
      vertex -19 11 1
    endloop
  endfacet
  facet normal 0.77301 0.634394 0
    outer loop
      vertex 15.7979 21.5558 1
      vertex 13.435 24.435 -1
      vertex 13.435 24.435 1
    endloop
  endfacet
  facet normal 0.77301 0.634394 0
    outer loop
      vertex 13.435 24.435 -1
      vertex 15.7979 21.5558 1
      vertex 15.7979 21.5558 -1
    endloop
  endfacet
  facet normal -0.77301 0.634394 0
    outer loop
      vertex -15.7979 21.5558 -1
      vertex -13.435 24.435 1
      vertex -13.435 24.435 -1
    endloop
  endfacet
  facet normal -0.77301 0.634394 0
    outer loop
      vertex -13.435 24.435 1
      vertex -15.7979 21.5558 -1
      vertex -15.7979 21.5558 1
    endloop
  endfacet
  facet normal -0.0980224 0.995184 0
    outer loop
      vertex 0 30 -1
      vertex -3.70672 29.6349 1
      vertex 0 30 1
    endloop
  endfacet
  facet normal -0.0980224 0.995184 0
    outer loop
      vertex -3.70672 29.6349 1
      vertex 0 30 -1
      vertex -3.70672 29.6349 -1
    endloop
  endfacet
  facet normal 0.0980224 0.995184 -0
    outer loop
      vertex 3.70672 29.6349 -1
      vertex 0 30 1
      vertex 3.70672 29.6349 1
    endloop
  endfacet
  facet normal 0.0980224 0.995184 0
    outer loop
      vertex 0 30 1
      vertex 3.70672 29.6349 -1
      vertex 0 30 -1
    endloop
  endfacet
  facet normal -0.995184 0.098023 0
    outer loop
      vertex -19 11 -1
      vertex -18.6349 14.7067 1
      vertex -18.6349 14.7067 -1
    endloop
  endfacet
  facet normal -0.995184 0.098023 0
    outer loop
      vertex -18.6349 14.7067 1
      vertex -19 11 -1
      vertex -19 11 1
    endloop
  endfacet
  facet normal -0.471402 0.881918 0
    outer loop
      vertex -7.27098 28.5537 -1
      vertex -10.5558 26.7979 1
      vertex -7.27098 28.5537 1
    endloop
  endfacet
  facet normal -0.471402 0.881918 0
    outer loop
      vertex -10.5558 26.7979 1
      vertex -7.27098 28.5537 -1
      vertex -10.5558 26.7979 -1
    endloop
  endfacet
  facet normal 0.290283 0.956941 -0
    outer loop
      vertex 7.27098 28.5537 -1
      vertex 3.70672 29.6349 1
      vertex 7.27098 28.5537 1
    endloop
  endfacet
  facet normal 0.290283 0.956941 0
    outer loop
      vertex 3.70672 29.6349 1
      vertex 7.27098 28.5537 -1
      vertex 3.70672 29.6349 -1
    endloop
  endfacet
  facet normal -0.956942 0.29028 0
    outer loop
      vertex -18.6349 14.7067 -1
      vertex -17.5537 18.271 1
      vertex -17.5537 18.271 -1
    endloop
  endfacet
  facet normal -0.956942 0.29028 0
    outer loop
      vertex -17.5537 18.271 1
      vertex -18.6349 14.7067 -1
      vertex -18.6349 14.7067 1
    endloop
  endfacet
  facet normal 0 0 -1
    outer loop
      vertex 19 11 -1
      vertex 17.5537 18.271 -1
      vertex 18.6349 14.7067 -1
    endloop
  endfacet
  facet normal 0 0 -1
    outer loop
      vertex 19 11 -1
      vertex 15.7979 21.5558 -1
      vertex 17.5537 18.271 -1
    endloop
  endfacet
  facet normal 0 0 -1
    outer loop
      vertex 19 11 -1
      vertex 13.435 24.435 -1
      vertex 15.7979 21.5558 -1
    endloop
  endfacet
  facet normal 0 0 -1
    outer loop
      vertex 19 11 -1
      vertex 10.5558 26.7979 -1
      vertex 13.435 24.435 -1
    endloop
  endfacet
  facet normal 0 0 -1
    outer loop
      vertex 19 11 -1
      vertex 7.27098 28.5537 -1
      vertex 10.5558 26.7979 -1
    endloop
  endfacet
  facet normal 0 0 -1
    outer loop
      vertex 19 11 -1
      vertex 3.70672 29.6349 -1
      vertex 7.27098 28.5537 -1
    endloop
  endfacet
  facet normal 0 0 -1
    outer loop
      vertex 19 11 -1
      vertex 0 30 -1
      vertex 3.70672 29.6349 -1
    endloop
  endfacet
  facet normal 0 0 -1
    outer loop
      vertex 19 11 -1
      vertex -3.70672 29.6349 -1
      vertex 0 30 -1
    endloop
  endfacet
  facet normal 0 0 -1
    outer loop
      vertex 19 11 -1
      vertex -7.27098 28.5537 -1
      vertex -3.70672 29.6349 -1
    endloop
  endfacet
  facet normal 0 0 -1
    outer loop
      vertex 19 11 -1
      vertex -10.5558 26.7979 -1
      vertex -7.27098 28.5537 -1
    endloop
  endfacet
  facet normal 0 0 -1
    outer loop
      vertex 19 11 -1
      vertex -13.435 24.435 -1
      vertex -10.5558 26.7979 -1
    endloop
  endfacet
  facet normal 0 0 -1
    outer loop
      vertex 19 11 -1
      vertex -15.7979 21.5558 -1
      vertex -13.435 24.435 -1
    endloop
  endfacet
  facet normal 0 0 -1
    outer loop
      vertex 19 11 -1
      vertex -17.5537 18.271 -1
      vertex -15.7979 21.5558 -1
    endloop
  endfacet
  facet normal 0 0 -1
    outer loop
      vertex 19 11 -1
      vertex -18.6349 14.7067 -1
      vertex -17.5537 18.271 -1
    endloop
  endfacet
  facet normal 0 -0 -1
    outer loop
      vertex -18.6349 14.7067 -1
      vertex 19 11 -1
      vertex -19 11 -1
    endloop
  endfacet
  facet normal -0.634394 0.77301 0
    outer loop
      vertex -10.5558 26.7979 -1
      vertex -13.435 24.435 1
      vertex -10.5558 26.7979 1
    endloop
  endfacet
  facet normal -0.634394 0.77301 0
    outer loop
      vertex -13.435 24.435 1
      vertex -10.5558 26.7979 -1
      vertex -13.435 24.435 -1
    endloop
  endfacet
  facet normal 0.634394 0.77301 -0
    outer loop
      vertex 13.435 24.435 -1
      vertex 10.5558 26.7979 1
      vertex 13.435 24.435 1
    endloop
  endfacet
  facet normal 0.634394 0.77301 0
    outer loop
      vertex 10.5558 26.7979 1
      vertex 13.435 24.435 -1
      vertex 10.5558 26.7979 -1
    endloop
  endfacet
  facet normal 0.471402 0.881918 -0
    outer loop
      vertex 10.5558 26.7979 -1
      vertex 7.27098 28.5537 1
      vertex 10.5558 26.7979 1
    endloop
  endfacet
  facet normal 0.471402 0.881918 0
    outer loop
      vertex 7.27098 28.5537 1
      vertex 10.5558 26.7979 -1
      vertex 7.27098 28.5537 -1
    endloop
  endfacet
  facet normal -0.881917 0.471405 0
    outer loop
      vertex -17.5537 18.271 -1
      vertex -15.7979 21.5558 1
      vertex -15.7979 21.5558 -1
    endloop
  endfacet
  facet normal -0.881917 0.471405 0
    outer loop
      vertex -15.7979 21.5558 1
      vertex -17.5537 18.271 -1
      vertex -17.5537 18.271 1
    endloop
  endfacet
  facet normal -0.290283 0.956941 0
    outer loop
      vertex -3.70672 29.6349 9
      vertex -7.27098 28.5537 11
      vertex -3.70672 29.6349 11
    endloop
  endfacet
  facet normal -0.290283 0.956941 0
    outer loop
      vertex -7.27098 28.5537 11
      vertex -3.70672 29.6349 9
      vertex -7.27098 28.5537 9
    endloop
  endfacet
  facet normal 0.956942 0.29028 0
    outer loop
      vertex 18.6349 14.7067 11
      vertex 17.5537 18.271 9
      vertex 17.5537 18.271 11
    endloop
  endfacet
  facet normal 0.956942 0.29028 0
    outer loop
      vertex 17.5537 18.271 9
      vertex 18.6349 14.7067 11
      vertex 18.6349 14.7067 9
    endloop
  endfacet
  facet normal 0.995184 0.098023 0
    outer loop
      vertex 19 11 11
      vertex 18.6349 14.7067 9
      vertex 18.6349 14.7067 11
    endloop
  endfacet
  facet normal 0.995184 0.098023 0
    outer loop
      vertex 18.6349 14.7067 9
      vertex 19 11 11
      vertex 19 11 9
    endloop
  endfacet
  facet normal 0.881917 0.471405 0
    outer loop
      vertex 17.5537 18.271 11
      vertex 15.7979 21.5558 9
      vertex 15.7979 21.5558 11
    endloop
  endfacet
  facet normal 0.881917 0.471405 0
    outer loop
      vertex 15.7979 21.5558 9
      vertex 17.5537 18.271 11
      vertex 17.5537 18.271 9
    endloop
  endfacet
  facet normal 0 0 1
    outer loop
      vertex 10.5558 26.7979 11
      vertex 4.89648 12 11
      vertex 6.37331 12 11
    endloop
  endfacet
  facet normal 0 0 1
    outer loop
      vertex 10.5558 26.7979 11
      vertex 4.6194 12.9134 11
      vertex 4.89648 12 11
    endloop
  endfacet
  facet normal 0 0 1
    outer loop
      vertex 10.5558 26.7979 11
      vertex 4.15735 13.7779 11
      vertex 4.6194 12.9134 11
    endloop
  endfacet
  facet normal 0 0 1
    outer loop
      vertex 1.91342 15.6194 11
      vertex 7.27098 28.5537 11
      vertex 3.70672 29.6349 11
    endloop
  endfacet
  facet normal 0 0 1
    outer loop
      vertex 10.5558 26.7979 11
      vertex 3.53553 14.5355 11
      vertex 4.15735 13.7779 11
    endloop
  endfacet
  facet normal 0 0 1
    outer loop
      vertex 10.5558 26.7979 11
      vertex 2.77785 15.1573 11
      vertex 3.53553 14.5355 11
    endloop
  endfacet
  facet normal 0 0 1
    outer loop
      vertex 7.27098 28.5537 11
      vertex 1.91342 15.6194 11
      vertex 2.77785 15.1573 11
    endloop
  endfacet
  facet normal 0 0 1
    outer loop
      vertex 3.70672 29.6349 11
      vertex 0.975451 15.9039 11
      vertex 1.91342 15.6194 11
    endloop
  endfacet
  facet normal 0 0 1
    outer loop
      vertex 0 30 11
      vertex 0.975451 15.9039 11
      vertex 3.70672 29.6349 11
    endloop
  endfacet
  facet normal 0 0 1
    outer loop
      vertex 0 30 11
      vertex 0 16 11
      vertex 0.975451 15.9039 11
    endloop
  endfacet
  facet normal 0 0 1
    outer loop
      vertex 0 30 11
      vertex -0.975451 15.9039 11
      vertex 0 16 11
    endloop
  endfacet
  facet normal -0 0 1
    outer loop
      vertex -3.70672 29.6349 11
      vertex -0.975451 15.9039 11
      vertex 0 30 11
    endloop
  endfacet
  facet normal 0 0 1
    outer loop
      vertex -0.975451 15.9039 11
      vertex -3.70672 29.6349 11
      vertex -1.91342 15.6194 11
    endloop
  endfacet
  facet normal -0 0 1
    outer loop
      vertex -7.27098 28.5537 11
      vertex -1.91342 15.6194 11
      vertex -3.70672 29.6349 11
    endloop
  endfacet
  facet normal 0 0 1
    outer loop
      vertex -1.91342 15.6194 11
      vertex -7.27098 28.5537 11
      vertex -2.77785 15.1573 11
    endloop
  endfacet
  facet normal -0 0 1
    outer loop
      vertex -10.5558 26.7979 11
      vertex -2.77785 15.1573 11
      vertex -7.27098 28.5537 11
    endloop
  endfacet
  facet normal 0 0 1
    outer loop
      vertex -2.77785 15.1573 11
      vertex -10.5558 26.7979 11
      vertex -3.53553 14.5355 11
    endloop
  endfacet
  facet normal -0 0 1
    outer loop
      vertex -13.435 24.435 11
      vertex -3.53553 14.5355 11
      vertex -10.5558 26.7979 11
    endloop
  endfacet
  facet normal 0 0 1
    outer loop
      vertex -3.53553 14.5355 11
      vertex -13.435 24.435 11
      vertex -4.15735 13.7779 11
    endloop
  endfacet
  facet normal -0 0 1
    outer loop
      vertex -15.7979 21.5558 11
      vertex -4.15735 13.7779 11
      vertex -13.435 24.435 11
    endloop
  endfacet
  facet normal 0 0 1
    outer loop
      vertex -4.6194 12.9134 11
      vertex -6.37331 12 11
      vertex -4.89648 12 11
    endloop
  endfacet
  facet normal 0 0 1
    outer loop
      vertex -4.15735 13.7779 11
      vertex -6.37331 12 11
      vertex -4.6194 12.9134 11
    endloop
  endfacet
  facet normal 0 0 1
    outer loop
      vertex -4.15735 13.7779 11
      vertex -15.7979 21.5558 11
      vertex -6.37331 12 11
    endloop
  endfacet
  facet normal -0 0 1
    outer loop
      vertex -17.5537 18.271 11
      vertex -6.37331 12 11
      vertex -15.7979 21.5558 11
    endloop
  endfacet
  facet normal -0 0 1
    outer loop
      vertex -18.6349 14.7067 11
      vertex -6.37331 12 11
      vertex -17.5537 18.271 11
    endloop
  endfacet
  facet normal 0 0 1
    outer loop
      vertex -19 11 11
      vertex -6.37331 12 11
      vertex -18.6349 14.7067 11
    endloop
  endfacet
  facet normal 0 0 1
    outer loop
      vertex -6.37331 12 11
      vertex -19 11 11
      vertex -6.37331 11 11
    endloop
  endfacet
  facet normal 0 0 1
    outer loop
      vertex 6.37331 12 11
      vertex 18.6349 14.7067 11
      vertex 17.5537 18.271 11
    endloop
  endfacet
  facet normal 0 0 1
    outer loop
      vertex 6.37331 12 11
      vertex 17.5537 18.271 11
      vertex 15.7979 21.5558 11
    endloop
  endfacet
  facet normal 0 0 1
    outer loop
      vertex 6.37331 12 11
      vertex 15.7979 21.5558 11
      vertex 13.435 24.435 11
    endloop
  endfacet
  facet normal 0 0 1
    outer loop
      vertex 6.37331 12 11
      vertex 13.435 24.435 11
      vertex 10.5558 26.7979 11
    endloop
  endfacet
  facet normal 0 0 1
    outer loop
      vertex 2.77785 15.1573 11
      vertex 10.5558 26.7979 11
      vertex 7.27098 28.5537 11
    endloop
  endfacet
  facet normal 0 0 1
    outer loop
      vertex 18.6349 14.7067 11
      vertex 6.37331 12 11
      vertex 19 11 11
    endloop
  endfacet
  facet normal 0 0 1
    outer loop
      vertex 19 11 11
      vertex 6.37331 12 11
      vertex 6.37331 11 11
    endloop
  endfacet
  facet normal 0.77301 0.634394 0
    outer loop
      vertex 15.7979 21.5558 11
      vertex 13.435 24.435 9
      vertex 13.435 24.435 11
    endloop
  endfacet
  facet normal 0.77301 0.634394 0
    outer loop
      vertex 13.435 24.435 9
      vertex 15.7979 21.5558 11
      vertex 15.7979 21.5558 9
    endloop
  endfacet
  facet normal -0.77301 0.634394 0
    outer loop
      vertex -15.7979 21.5558 9
      vertex -13.435 24.435 11
      vertex -13.435 24.435 9
    endloop
  endfacet
  facet normal -0.77301 0.634394 0
    outer loop
      vertex -13.435 24.435 11
      vertex -15.7979 21.5558 9
      vertex -15.7979 21.5558 11
    endloop
  endfacet
  facet normal -0.0980224 0.995184 0
    outer loop
      vertex 0 30 9
      vertex -3.70672 29.6349 11
      vertex 0 30 11
    endloop
  endfacet
  facet normal -0.0980224 0.995184 0
    outer loop
      vertex -3.70672 29.6349 11
      vertex 0 30 9
      vertex -3.70672 29.6349 9
    endloop
  endfacet
  facet normal 0.0980224 0.995184 -0
    outer loop
      vertex 3.70672 29.6349 9
      vertex 0 30 11
      vertex 3.70672 29.6349 11
    endloop
  endfacet
  facet normal 0.0980224 0.995184 0
    outer loop
      vertex 0 30 11
      vertex 3.70672 29.6349 9
      vertex 0 30 9
    endloop
  endfacet
  facet normal -0.995184 0.098023 0
    outer loop
      vertex -19 11 9
      vertex -18.6349 14.7067 11
      vertex -18.6349 14.7067 9
    endloop
  endfacet
  facet normal -0.995184 0.098023 0
    outer loop
      vertex -18.6349 14.7067 11
      vertex -19 11 9
      vertex -19 11 11
    endloop
  endfacet
  facet normal -0.471402 0.881918 0
    outer loop
      vertex -7.27098 28.5537 9
      vertex -10.5558 26.7979 11
      vertex -7.27098 28.5537 11
    endloop
  endfacet
  facet normal -0.471402 0.881918 0
    outer loop
      vertex -10.5558 26.7979 11
      vertex -7.27098 28.5537 9
      vertex -10.5558 26.7979 9
    endloop
  endfacet
  facet normal 0.290283 0.956941 -0
    outer loop
      vertex 7.27098 28.5537 9
      vertex 3.70672 29.6349 11
      vertex 7.27098 28.5537 11
    endloop
  endfacet
  facet normal 0.290283 0.956941 0
    outer loop
      vertex 3.70672 29.6349 11
      vertex 7.27098 28.5537 9
      vertex 3.70672 29.6349 9
    endloop
  endfacet
  facet normal -0.956942 0.29028 0
    outer loop
      vertex -18.6349 14.7067 9
      vertex -17.5537 18.271 11
      vertex -17.5537 18.271 9
    endloop
  endfacet
  facet normal -0.956942 0.29028 0
    outer loop
      vertex -17.5537 18.271 11
      vertex -18.6349 14.7067 9
      vertex -18.6349 14.7067 11
    endloop
  endfacet
  facet normal 0 0 -1
    outer loop
      vertex 4.90393 11.9755 9
      vertex 18.6349 14.7067 9
      vertex 19 11 9
    endloop
  endfacet
  facet normal -0 0 -1
    outer loop
      vertex 18.6349 14.7067 9
      vertex 4.90393 11.9755 9
      vertex 17.5537 18.271 9
    endloop
  endfacet
  facet normal -0 0 -1
    outer loop
      vertex 17.5537 18.271 9
      vertex 4.6194 12.9134 9
      vertex 15.7979 21.5558 9
    endloop
  endfacet
  facet normal 0 0 -1
    outer loop
      vertex 4.15735 13.7779 9
      vertex 15.7979 21.5558 9
      vertex 4.6194 12.9134 9
    endloop
  endfacet
  facet normal 0 0 -1
    outer loop
      vertex 3.53553 14.5355 9
      vertex 13.435 24.435 9
      vertex 4.15735 13.7779 9
    endloop
  endfacet
  facet normal 0 0 -1
    outer loop
      vertex 4.90393 11.9755 9
      vertex 19 11 9
      vertex 5 11 9
    endloop
  endfacet
  facet normal 0 0 -1
    outer loop
      vertex 17.5537 18.271 9
      vertex 4.90393 11.9755 9
      vertex 4.6194 12.9134 9
    endloop
  endfacet
  facet normal -0 0 -1
    outer loop
      vertex 15.7979 21.5558 9
      vertex 4.15735 13.7779 9
      vertex 13.435 24.435 9
    endloop
  endfacet
  facet normal -0 0 -1
    outer loop
      vertex 13.435 24.435 9
      vertex 3.53553 14.5355 9
      vertex 10.5558 26.7979 9
    endloop
  endfacet
  facet normal 0 0 -1
    outer loop
      vertex 2.77785 15.1573 9
      vertex 10.5558 26.7979 9
      vertex 3.53553 14.5355 9
    endloop
  endfacet
  facet normal -0 0 -1
    outer loop
      vertex 10.5558 26.7979 9
      vertex 2.77785 15.1573 9
      vertex 7.27098 28.5537 9
    endloop
  endfacet
  facet normal 0 0 -1
    outer loop
      vertex 1.91342 15.6194 9
      vertex 7.27098 28.5537 9
      vertex 2.77785 15.1573 9
    endloop
  endfacet
  facet normal -0 0 -1
    outer loop
      vertex 7.27098 28.5537 9
      vertex 1.91342 15.6194 9
      vertex 3.70672 29.6349 9
    endloop
  endfacet
  facet normal 0 0 -1
    outer loop
      vertex 0.975451 15.9039 9
      vertex 3.70672 29.6349 9
      vertex 1.91342 15.6194 9
    endloop
  endfacet
  facet normal 0 0 -1
    outer loop
      vertex 0 16 9
      vertex 3.70672 29.6349 9
      vertex 0.975451 15.9039 9
    endloop
  endfacet
  facet normal 0 0 -1
    outer loop
      vertex 0 16 9
      vertex 0 30 9
      vertex 3.70672 29.6349 9
    endloop
  endfacet
  facet normal 0 0 -1
    outer loop
      vertex -0.975451 15.9039 9
      vertex 0 30 9
      vertex 0 16 9
    endloop
  endfacet
  facet normal 0 0 -1
    outer loop
      vertex -3.70672 29.6349 9
      vertex -0.975451 15.9039 9
      vertex -1.91342 15.6194 9
    endloop
  endfacet
  facet normal 0 0 -1
    outer loop
      vertex -7.27098 28.5537 9
      vertex -1.91342 15.6194 9
      vertex -2.77785 15.1573 9
    endloop
  endfacet
  facet normal 0 0 -1
    outer loop
      vertex -10.5558 26.7979 9
      vertex -2.77785 15.1573 9
      vertex -3.53553 14.5355 9
    endloop
  endfacet
  facet normal 0 0 -1
    outer loop
      vertex -0.975451 15.9039 9
      vertex -3.70672 29.6349 9
      vertex 0 30 9
    endloop
  endfacet
  facet normal 0 0 -1
    outer loop
      vertex -13.435 24.435 9
      vertex -3.53553 14.5355 9
      vertex -4.15735 13.7779 9
    endloop
  endfacet
  facet normal 0 0 -1
    outer loop
      vertex -15.7979 21.5558 9
      vertex -4.15735 13.7779 9
      vertex -4.6194 12.9134 9
    endloop
  endfacet
  facet normal 0 0 -1
    outer loop
      vertex -17.5537 18.271 9
      vertex -4.6194 12.9134 9
      vertex -4.90393 11.9755 9
    endloop
  endfacet
  facet normal 0 0 -1
    outer loop
      vertex -18.6349 14.7067 9
      vertex -4.90393 11.9755 9
      vertex -5 11 9
    endloop
  endfacet
  facet normal 0 0 -1
    outer loop
      vertex -1.91342 15.6194 9
      vertex -7.27098 28.5537 9
      vertex -3.70672 29.6349 9
    endloop
  endfacet
  facet normal 0 0 -1
    outer loop
      vertex -2.77785 15.1573 9
      vertex -10.5558 26.7979 9
      vertex -7.27098 28.5537 9
    endloop
  endfacet
  facet normal 0 0 -1
    outer loop
      vertex -3.53553 14.5355 9
      vertex -13.435 24.435 9
      vertex -10.5558 26.7979 9
    endloop
  endfacet
  facet normal 0 0 -1
    outer loop
      vertex -4.15735 13.7779 9
      vertex -15.7979 21.5558 9
      vertex -13.435 24.435 9
    endloop
  endfacet
  facet normal 0 0 -1
    outer loop
      vertex -4.6194 12.9134 9
      vertex -17.5537 18.271 9
      vertex -15.7979 21.5558 9
    endloop
  endfacet
  facet normal 0 0 -1
    outer loop
      vertex -4.90393 11.9755 9
      vertex -18.6349 14.7067 9
      vertex -17.5537 18.271 9
    endloop
  endfacet
  facet normal 0 -0 -1
    outer loop
      vertex -18.6349 14.7067 9
      vertex -5 11 9
      vertex -19 11 9
    endloop
  endfacet
  facet normal -0.634394 0.77301 0
    outer loop
      vertex -10.5558 26.7979 9
      vertex -13.435 24.435 11
      vertex -10.5558 26.7979 11
    endloop
  endfacet
  facet normal -0.634394 0.77301 0
    outer loop
      vertex -13.435 24.435 11
      vertex -10.5558 26.7979 9
      vertex -13.435 24.435 9
    endloop
  endfacet
  facet normal 0.634394 0.77301 -0
    outer loop
      vertex 13.435 24.435 9
      vertex 10.5558 26.7979 11
      vertex 13.435 24.435 11
    endloop
  endfacet
  facet normal 0.634394 0.77301 0
    outer loop
      vertex 10.5558 26.7979 11
      vertex 13.435 24.435 9
      vertex 10.5558 26.7979 9
    endloop
  endfacet
  facet normal 0.471402 0.881918 -0
    outer loop
      vertex 10.5558 26.7979 9
      vertex 7.27098 28.5537 11
      vertex 10.5558 26.7979 11
    endloop
  endfacet
  facet normal 0.471402 0.881918 0
    outer loop
      vertex 7.27098 28.5537 11
      vertex 10.5558 26.7979 9
      vertex 7.27098 28.5537 9
    endloop
  endfacet
  facet normal -0.881917 0.471405 0
    outer loop
      vertex -17.5537 18.271 9
      vertex -15.7979 21.5558 11
      vertex -15.7979 21.5558 9
    endloop
  endfacet
  facet normal -0.881917 0.471405 0
    outer loop
      vertex -15.7979 21.5558 11
      vertex -17.5537 18.271 9
      vertex -17.5537 18.271 11
    endloop
  endfacet
  facet normal -0.290283 0.956941 0
    outer loop
      vertex -3.70672 29.6349 19
      vertex -7.27098 28.5537 21
      vertex -3.70672 29.6349 21
    endloop
  endfacet
  facet normal -0.290283 0.956941 0
    outer loop
      vertex -7.27098 28.5537 21
      vertex -3.70672 29.6349 19
      vertex -7.27098 28.5537 19
    endloop
  endfacet
  facet normal 0.956942 0.29028 0
    outer loop
      vertex 18.6349 14.7067 21
      vertex 17.5537 18.271 19
      vertex 17.5537 18.271 21
    endloop
  endfacet
  facet normal 0.956942 0.29028 0
    outer loop
      vertex 17.5537 18.271 19
      vertex 18.6349 14.7067 21
      vertex 18.6349 14.7067 19
    endloop
  endfacet
  facet normal 0.995184 0.098023 0
    outer loop
      vertex 19 11 21
      vertex 18.6349 14.7067 19
      vertex 18.6349 14.7067 21
    endloop
  endfacet
  facet normal 0.995184 0.098023 0
    outer loop
      vertex 18.6349 14.7067 19
      vertex 19 11 21
      vertex 19 11 19
    endloop
  endfacet
  facet normal 0.881917 0.471405 0
    outer loop
      vertex 17.5537 18.271 21
      vertex 15.7979 21.5558 19
      vertex 15.7979 21.5558 21
    endloop
  endfacet
  facet normal 0.881917 0.471405 0
    outer loop
      vertex 15.7979 21.5558 19
      vertex 17.5537 18.271 21
      vertex 17.5537 18.271 19
    endloop
  endfacet
  facet normal 0 0 1
    outer loop
      vertex 7.27098 28.5537 21
      vertex 8.96963 12 21
      vertex 10.5558 26.7979 21
    endloop
  endfacet
  facet normal 0 0 1
    outer loop
      vertex 3.70672 29.6349 21
      vertex 8.96963 12 21
      vertex 7.27098 28.5537 21
    endloop
  endfacet
  facet normal 0 0 1
    outer loop
      vertex 0 30 21
      vertex 8.96963 12 21
      vertex 3.70672 29.6349 21
    endloop
  endfacet
  facet normal 0 0 1
    outer loop
      vertex -8.96963 12 21
      vertex 0 30 21
      vertex -3.70672 29.6349 21
    endloop
  endfacet
  facet normal 0 0 1
    outer loop
      vertex -8.96963 12 21
      vertex -3.70672 29.6349 21
      vertex -7.27098 28.5537 21
    endloop
  endfacet
  facet normal 0 0 1
    outer loop
      vertex 0 30 21
      vertex -8.96963 12 21
      vertex 8.96963 12 21
    endloop
  endfacet
  facet normal -0 0 1
    outer loop
      vertex -10.5558 26.7979 21
      vertex -8.96963 12 21
      vertex -7.27098 28.5537 21
    endloop
  endfacet
  facet normal -0 0 1
    outer loop
      vertex -13.435 24.435 21
      vertex -8.96963 12 21
      vertex -10.5558 26.7979 21
    endloop
  endfacet
  facet normal -0 0 1
    outer loop
      vertex -15.7979 21.5558 21
      vertex -8.96963 12 21
      vertex -13.435 24.435 21
    endloop
  endfacet
  facet normal -0 0 1
    outer loop
      vertex -17.5537 18.271 21
      vertex -8.96963 12 21
      vertex -15.7979 21.5558 21
    endloop
  endfacet
  facet normal -0 0 1
    outer loop
      vertex -18.6349 14.7067 21
      vertex -8.96963 12 21
      vertex -17.5537 18.271 21
    endloop
  endfacet
  facet normal 0 0 1
    outer loop
      vertex -19 11 21
      vertex -8.96963 12 21
      vertex -18.6349 14.7067 21
    endloop
  endfacet
  facet normal 0 0 1
    outer loop
      vertex -8.96963 12 21
      vertex -19 11 21
      vertex -8.96963 11 21
    endloop
  endfacet
  facet normal 0 0 1
    outer loop
      vertex 8.96963 12 21
      vertex 18.6349 14.7067 21
      vertex 17.5537 18.271 21
    endloop
  endfacet
  facet normal 0 0 1
    outer loop
      vertex 8.96963 12 21
      vertex 17.5537 18.271 21
      vertex 15.7979 21.5558 21
    endloop
  endfacet
  facet normal 0 0 1
    outer loop
      vertex 8.96963 12 21
      vertex 15.7979 21.5558 21
      vertex 13.435 24.435 21
    endloop
  endfacet
  facet normal 0 0 1
    outer loop
      vertex 8.96963 12 21
      vertex 13.435 24.435 21
      vertex 10.5558 26.7979 21
    endloop
  endfacet
  facet normal 0 0 1
    outer loop
      vertex 18.6349 14.7067 21
      vertex 8.96963 12 21
      vertex 19 11 21
    endloop
  endfacet
  facet normal 0 0 1
    outer loop
      vertex 19 11 21
      vertex 8.96963 12 21
      vertex 8.96963 11 21
    endloop
  endfacet
  facet normal 0.77301 0.634394 0
    outer loop
      vertex 15.7979 21.5558 21
      vertex 13.435 24.435 19
      vertex 13.435 24.435 21
    endloop
  endfacet
  facet normal 0.77301 0.634394 0
    outer loop
      vertex 13.435 24.435 19
      vertex 15.7979 21.5558 21
      vertex 15.7979 21.5558 19
    endloop
  endfacet
  facet normal -0.77301 0.634394 0
    outer loop
      vertex -15.7979 21.5558 19
      vertex -13.435 24.435 21
      vertex -13.435 24.435 19
    endloop
  endfacet
  facet normal -0.77301 0.634394 0
    outer loop
      vertex -13.435 24.435 21
      vertex -15.7979 21.5558 19
      vertex -15.7979 21.5558 21
    endloop
  endfacet
  facet normal -0.0980224 0.995184 0
    outer loop
      vertex 0 30 19
      vertex -3.70672 29.6349 21
      vertex 0 30 21
    endloop
  endfacet
  facet normal -0.0980224 0.995184 0
    outer loop
      vertex -3.70672 29.6349 21
      vertex 0 30 19
      vertex -3.70672 29.6349 19
    endloop
  endfacet
  facet normal 0.0980224 0.995184 -0
    outer loop
      vertex 3.70672 29.6349 19
      vertex 0 30 21
      vertex 3.70672 29.6349 21
    endloop
  endfacet
  facet normal 0.0980224 0.995184 0
    outer loop
      vertex 0 30 21
      vertex 3.70672 29.6349 19
      vertex 0 30 19
    endloop
  endfacet
  facet normal -0.995184 0.098023 0
    outer loop
      vertex -19 11 19
      vertex -18.6349 14.7067 21
      vertex -18.6349 14.7067 19
    endloop
  endfacet
  facet normal -0.995184 0.098023 0
    outer loop
      vertex -18.6349 14.7067 21
      vertex -19 11 19
      vertex -19 11 21
    endloop
  endfacet
  facet normal -0.471402 0.881918 0
    outer loop
      vertex -7.27098 28.5537 19
      vertex -10.5558 26.7979 21
      vertex -7.27098 28.5537 21
    endloop
  endfacet
  facet normal -0.471402 0.881918 0
    outer loop
      vertex -10.5558 26.7979 21
      vertex -7.27098 28.5537 19
      vertex -10.5558 26.7979 19
    endloop
  endfacet
  facet normal 0.290283 0.956941 -0
    outer loop
      vertex 7.27098 28.5537 19
      vertex 3.70672 29.6349 21
      vertex 7.27098 28.5537 21
    endloop
  endfacet
  facet normal 0.290283 0.956941 0
    outer loop
      vertex 3.70672 29.6349 21
      vertex 7.27098 28.5537 19
      vertex 3.70672 29.6349 19
    endloop
  endfacet
  facet normal -0.956942 0.29028 0
    outer loop
      vertex -18.6349 14.7067 19
      vertex -17.5537 18.271 21
      vertex -17.5537 18.271 19
    endloop
  endfacet
  facet normal -0.956942 0.29028 0
    outer loop
      vertex -17.5537 18.271 21
      vertex -18.6349 14.7067 19
      vertex -18.6349 14.7067 21
    endloop
  endfacet
  facet normal 0 0 -1
    outer loop
      vertex -19 11 19
      vertex -9.40151 12 19
      vertex -9.40151 11 19
    endloop
  endfacet
  facet normal 0 0 -1
    outer loop
      vertex -9.40151 12 19
      vertex -13.435 24.435 19
      vertex -10.5558 26.7979 19
    endloop
  endfacet
  facet normal 0 0 -1
    outer loop
      vertex -9.40151 12 19
      vertex -15.7979 21.5558 19
      vertex -13.435 24.435 19
    endloop
  endfacet
  facet normal 0 0 -1
    outer loop
      vertex -9.40151 12 19
      vertex -17.5537 18.271 19
      vertex -15.7979 21.5558 19
    endloop
  endfacet
  facet normal 0 0 -1
    outer loop
      vertex -9.40151 12 19
      vertex -18.6349 14.7067 19
      vertex -17.5537 18.271 19
    endloop
  endfacet
  facet normal -0 0 -1
    outer loop
      vertex -9.40151 12 19
      vertex -19 11 19
      vertex -18.6349 14.7067 19
    endloop
  endfacet
  facet normal 0 0 -1
    outer loop
      vertex 9.40151 12 19
      vertex 18.6349 14.7067 19
      vertex 19 11 19
    endloop
  endfacet
  facet normal -0 0 -1
    outer loop
      vertex 18.6349 14.7067 19
      vertex 9.40151 12 19
      vertex 17.5537 18.271 19
    endloop
  endfacet
  facet normal -0 0 -1
    outer loop
      vertex 17.5537 18.271 19
      vertex 9.40151 12 19
      vertex 15.7979 21.5558 19
    endloop
  endfacet
  facet normal -0 0 -1
    outer loop
      vertex 15.7979 21.5558 19
      vertex 9.40151 12 19
      vertex 13.435 24.435 19
    endloop
  endfacet
  facet normal 0 0 -1
    outer loop
      vertex 9.40151 12 19
      vertex 19 11 19
      vertex 9.40151 11 19
    endloop
  endfacet
  facet normal -0 0 -1
    outer loop
      vertex 13.435 24.435 19
      vertex 9.40151 12 19
      vertex 10.5558 26.7979 19
    endloop
  endfacet
  facet normal 0 0 -1
    outer loop
      vertex 9.40151 12 19
      vertex 7.27098 28.5537 19
      vertex 10.5558 26.7979 19
    endloop
  endfacet
  facet normal 0 0 -1
    outer loop
      vertex 9.40151 12 19
      vertex 3.70672 29.6349 19
      vertex 7.27098 28.5537 19
    endloop
  endfacet
  facet normal 0 0 -1
    outer loop
      vertex 9.40151 12 19
      vertex 0 30 19
      vertex 3.70672 29.6349 19
    endloop
  endfacet
  facet normal 0 0 -1
    outer loop
      vertex -9.40151 12 19
      vertex 0 30 19
      vertex 9.40151 12 19
    endloop
  endfacet
  facet normal 0 0 -1
    outer loop
      vertex 0 30 19
      vertex -9.40151 12 19
      vertex -3.70672 29.6349 19
    endloop
  endfacet
  facet normal 0 0 -1
    outer loop
      vertex -3.70672 29.6349 19
      vertex -9.40151 12 19
      vertex -7.27098 28.5537 19
    endloop
  endfacet
  facet normal 0 0 -1
    outer loop
      vertex -7.27098 28.5537 19
      vertex -9.40151 12 19
      vertex -10.5558 26.7979 19
    endloop
  endfacet
  facet normal -0.634394 0.77301 0
    outer loop
      vertex -10.5558 26.7979 19
      vertex -13.435 24.435 21
      vertex -10.5558 26.7979 21
    endloop
  endfacet
  facet normal -0.634394 0.77301 0
    outer loop
      vertex -13.435 24.435 21
      vertex -10.5558 26.7979 19
      vertex -13.435 24.435 19
    endloop
  endfacet
  facet normal 0.634394 0.77301 -0
    outer loop
      vertex 13.435 24.435 19
      vertex 10.5558 26.7979 21
      vertex 13.435 24.435 21
    endloop
  endfacet
  facet normal 0.634394 0.77301 0
    outer loop
      vertex 10.5558 26.7979 21
      vertex 13.435 24.435 19
      vertex 10.5558 26.7979 19
    endloop
  endfacet
  facet normal 0.471402 0.881918 -0
    outer loop
      vertex 10.5558 26.7979 19
      vertex 7.27098 28.5537 21
      vertex 10.5558 26.7979 21
    endloop
  endfacet
  facet normal 0.471402 0.881918 0
    outer loop
      vertex 7.27098 28.5537 21
      vertex 10.5558 26.7979 19
      vertex 7.27098 28.5537 19
    endloop
  endfacet
  facet normal -0.881917 0.471405 0
    outer loop
      vertex -17.5537 18.271 19
      vertex -15.7979 21.5558 21
      vertex -15.7979 21.5558 19
    endloop
  endfacet
  facet normal -0.881917 0.471405 0
    outer loop
      vertex -15.7979 21.5558 21
      vertex -17.5537 18.271 19
      vertex -17.5537 18.271 21
    endloop
  endfacet
  facet normal -0.290283 0.956941 0
    outer loop
      vertex -3.70672 29.6349 29
      vertex -7.27098 28.5537 31
      vertex -3.70672 29.6349 31
    endloop
  endfacet
  facet normal -0.290283 0.956941 0
    outer loop
      vertex -7.27098 28.5537 31
      vertex -3.70672 29.6349 29
      vertex -7.27098 28.5537 29
    endloop
  endfacet
  facet normal 0.956942 0.29028 0
    outer loop
      vertex 18.6349 14.7067 31
      vertex 17.5537 18.271 29
      vertex 17.5537 18.271 31
    endloop
  endfacet
  facet normal 0.956942 0.29028 0
    outer loop
      vertex 17.5537 18.271 29
      vertex 18.6349 14.7067 31
      vertex 18.6349 14.7067 29
    endloop
  endfacet
  facet normal 0.995184 0.098023 0
    outer loop
      vertex 19 11 31
      vertex 18.6349 14.7067 29
      vertex 18.6349 14.7067 31
    endloop
  endfacet
  facet normal 0.995184 0.098023 0
    outer loop
      vertex 18.6349 14.7067 29
      vertex 19 11 31
      vertex 19 11 29
    endloop
  endfacet
  facet normal 0.881917 0.471405 0
    outer loop
      vertex 17.5537 18.271 31
      vertex 15.7979 21.5558 29
      vertex 15.7979 21.5558 31
    endloop
  endfacet
  facet normal 0.881917 0.471405 0
    outer loop
      vertex 15.7979 21.5558 29
      vertex 17.5537 18.271 31
      vertex 17.5537 18.271 29
    endloop
  endfacet
  facet normal 0 0 1
    outer loop
      vertex 17.5537 18.271 31
      vertex 19 11 31
      vertex 18.6349 14.7067 31
    endloop
  endfacet
  facet normal 0 0 1
    outer loop
      vertex 15.7979 21.5558 31
      vertex 19 11 31
      vertex 17.5537 18.271 31
    endloop
  endfacet
  facet normal 0 0 1
    outer loop
      vertex 13.435 24.435 31
      vertex 19 11 31
      vertex 15.7979 21.5558 31
    endloop
  endfacet
  facet normal 0 0 1
    outer loop
      vertex 10.5558 26.7979 31
      vertex 19 11 31
      vertex 13.435 24.435 31
    endloop
  endfacet
  facet normal 0 0 1
    outer loop
      vertex 7.27098 28.5537 31
      vertex 19 11 31
      vertex 10.5558 26.7979 31
    endloop
  endfacet
  facet normal 0 0 1
    outer loop
      vertex 3.70672 29.6349 31
      vertex 19 11 31
      vertex 7.27098 28.5537 31
    endloop
  endfacet
  facet normal 0 0 1
    outer loop
      vertex 0 30 31
      vertex 19 11 31
      vertex 3.70672 29.6349 31
    endloop
  endfacet
  facet normal -0 0 1
    outer loop
      vertex -3.70672 29.6349 31
      vertex 19 11 31
      vertex 0 30 31
    endloop
  endfacet
  facet normal -0 0 1
    outer loop
      vertex -7.27098 28.5537 31
      vertex 19 11 31
      vertex -3.70672 29.6349 31
    endloop
  endfacet
  facet normal -0 0 1
    outer loop
      vertex -10.5558 26.7979 31
      vertex 19 11 31
      vertex -7.27098 28.5537 31
    endloop
  endfacet
  facet normal -0 0 1
    outer loop
      vertex -13.435 24.435 31
      vertex 19 11 31
      vertex -10.5558 26.7979 31
    endloop
  endfacet
  facet normal -0 0 1
    outer loop
      vertex -15.7979 21.5558 31
      vertex 19 11 31
      vertex -13.435 24.435 31
    endloop
  endfacet
  facet normal -0 0 1
    outer loop
      vertex -17.5537 18.271 31
      vertex 19 11 31
      vertex -15.7979 21.5558 31
    endloop
  endfacet
  facet normal -0 0 1
    outer loop
      vertex -18.6349 14.7067 31
      vertex 19 11 31
      vertex -17.5537 18.271 31
    endloop
  endfacet
  facet normal 0 0 1
    outer loop
      vertex 19 11 31
      vertex -18.6349 14.7067 31
      vertex -19 11 31
    endloop
  endfacet
  facet normal 0.77301 0.634394 0
    outer loop
      vertex 15.7979 21.5558 31
      vertex 13.435 24.435 29
      vertex 13.435 24.435 31
    endloop
  endfacet
  facet normal 0.77301 0.634394 0
    outer loop
      vertex 13.435 24.435 29
      vertex 15.7979 21.5558 31
      vertex 15.7979 21.5558 29
    endloop
  endfacet
  facet normal -0.77301 0.634394 0
    outer loop
      vertex -15.7979 21.5558 29
      vertex -13.435 24.435 31
      vertex -13.435 24.435 29
    endloop
  endfacet
  facet normal -0.77301 0.634394 0
    outer loop
      vertex -13.435 24.435 31
      vertex -15.7979 21.5558 29
      vertex -15.7979 21.5558 31
    endloop
  endfacet
  facet normal -0.0980224 0.995184 0
    outer loop
      vertex 0 30 29
      vertex -3.70672 29.6349 31
      vertex 0 30 31
    endloop
  endfacet
  facet normal -0.0980224 0.995184 0
    outer loop
      vertex -3.70672 29.6349 31
      vertex 0 30 29
      vertex -3.70672 29.6349 29
    endloop
  endfacet
  facet normal 0.0980224 0.995184 -0
    outer loop
      vertex 3.70672 29.6349 29
      vertex 0 30 31
      vertex 3.70672 29.6349 31
    endloop
  endfacet
  facet normal 0.0980224 0.995184 0
    outer loop
      vertex 0 30 31
      vertex 3.70672 29.6349 29
      vertex 0 30 29
    endloop
  endfacet
  facet normal -0.995184 0.098023 0
    outer loop
      vertex -19 11 29
      vertex -18.6349 14.7067 31
      vertex -18.6349 14.7067 29
    endloop
  endfacet
  facet normal -0.995184 0.098023 0
    outer loop
      vertex -18.6349 14.7067 31
      vertex -19 11 29
      vertex -19 11 31
    endloop
  endfacet
  facet normal -0.471402 0.881918 0
    outer loop
      vertex -7.27098 28.5537 29
      vertex -10.5558 26.7979 31
      vertex -7.27098 28.5537 31
    endloop
  endfacet
  facet normal -0.471402 0.881918 0
    outer loop
      vertex -10.5558 26.7979 31
      vertex -7.27098 28.5537 29
      vertex -10.5558 26.7979 29
    endloop
  endfacet
  facet normal 0.290283 0.956941 -0
    outer loop
      vertex 7.27098 28.5537 29
      vertex 3.70672 29.6349 31
      vertex 7.27098 28.5537 31
    endloop
  endfacet
  facet normal 0.290283 0.956941 0
    outer loop
      vertex 3.70672 29.6349 31
      vertex 7.27098 28.5537 29
      vertex 3.70672 29.6349 29
    endloop
  endfacet
  facet normal -0.956942 0.29028 0
    outer loop
      vertex -18.6349 14.7067 29
      vertex -17.5537 18.271 31
      vertex -17.5537 18.271 29
    endloop
  endfacet
  facet normal -0.956942 0.29028 0
    outer loop
      vertex -17.5537 18.271 31
      vertex -18.6349 14.7067 29
      vertex -18.6349 14.7067 31
    endloop
  endfacet
  facet normal 0 0 -1
    outer loop
      vertex 19 11 29
      vertex 17.5537 18.271 29
      vertex 18.6349 14.7067 29
    endloop
  endfacet
  facet normal 0 0 -1
    outer loop
      vertex 19 11 29
      vertex 15.7979 21.5558 29
      vertex 17.5537 18.271 29
    endloop
  endfacet
  facet normal 0 0 -1
    outer loop
      vertex 19 11 29
      vertex 13.435 24.435 29
      vertex 15.7979 21.5558 29
    endloop
  endfacet
  facet normal 0 0 -1
    outer loop
      vertex 19 11 29
      vertex 10.5558 26.7979 29
      vertex 13.435 24.435 29
    endloop
  endfacet
  facet normal 0 0 -1
    outer loop
      vertex 19 11 29
      vertex 7.27098 28.5537 29
      vertex 10.5558 26.7979 29
    endloop
  endfacet
  facet normal 0 0 -1
    outer loop
      vertex 19 11 29
      vertex 3.70672 29.6349 29
      vertex 7.27098 28.5537 29
    endloop
  endfacet
  facet normal 0 0 -1
    outer loop
      vertex 19 11 29
      vertex 0 30 29
      vertex 3.70672 29.6349 29
    endloop
  endfacet
  facet normal 0 0 -1
    outer loop
      vertex 19 11 29
      vertex -3.70672 29.6349 29
      vertex 0 30 29
    endloop
  endfacet
  facet normal 0 0 -1
    outer loop
      vertex 19 11 29
      vertex -7.27098 28.5537 29
      vertex -3.70672 29.6349 29
    endloop
  endfacet
  facet normal 0 0 -1
    outer loop
      vertex 19 11 29
      vertex -10.5558 26.7979 29
      vertex -7.27098 28.5537 29
    endloop
  endfacet
  facet normal 0 0 -1
    outer loop
      vertex 19 11 29
      vertex -13.435 24.435 29
      vertex -10.5558 26.7979 29
    endloop
  endfacet
  facet normal 0 0 -1
    outer loop
      vertex 19 11 29
      vertex -15.7979 21.5558 29
      vertex -13.435 24.435 29
    endloop
  endfacet
  facet normal 0 0 -1
    outer loop
      vertex 19 11 29
      vertex -17.5537 18.271 29
      vertex -15.7979 21.5558 29
    endloop
  endfacet
  facet normal 0 0 -1
    outer loop
      vertex 19 11 29
      vertex -18.6349 14.7067 29
      vertex -17.5537 18.271 29
    endloop
  endfacet
  facet normal 0 -0 -1
    outer loop
      vertex -18.6349 14.7067 29
      vertex 19 11 29
      vertex -19 11 29
    endloop
  endfacet
  facet normal -0.634394 0.77301 0
    outer loop
      vertex -10.5558 26.7979 29
      vertex -13.435 24.435 31
      vertex -10.5558 26.7979 31
    endloop
  endfacet
  facet normal -0.634394 0.77301 0
    outer loop
      vertex -13.435 24.435 31
      vertex -10.5558 26.7979 29
      vertex -13.435 24.435 29
    endloop
  endfacet
  facet normal 0.634394 0.77301 -0
    outer loop
      vertex 13.435 24.435 29
      vertex 10.5558 26.7979 31
      vertex 13.435 24.435 31
    endloop
  endfacet
  facet normal 0.634394 0.77301 0
    outer loop
      vertex 10.5558 26.7979 31
      vertex 13.435 24.435 29
      vertex 10.5558 26.7979 29
    endloop
  endfacet
  facet normal 0.471402 0.881918 -0
    outer loop
      vertex 10.5558 26.7979 29
      vertex 7.27098 28.5537 31
      vertex 10.5558 26.7979 31
    endloop
  endfacet
  facet normal 0.471402 0.881918 0
    outer loop
      vertex 7.27098 28.5537 31
      vertex 10.5558 26.7979 29
      vertex 7.27098 28.5537 29
    endloop
  endfacet
  facet normal -0.881917 0.471405 0
    outer loop
      vertex -17.5537 18.271 29
      vertex -15.7979 21.5558 31
      vertex -15.7979 21.5558 29
    endloop
  endfacet
  facet normal -0.881917 0.471405 0
    outer loop
      vertex -15.7979 21.5558 31
      vertex -17.5537 18.271 29
      vertex -17.5537 18.271 31
    endloop
  endfacet
  facet normal 1 -0 0
    outer loop
      vertex 20 -11 33
      vertex 20 11 -33
      vertex 20 11 33
    endloop
  endfacet
  facet normal 1 0 0
    outer loop
      vertex 20 11 -33
      vertex 20 -11 33
      vertex 20 -11 -33
    endloop
  endfacet
  facet normal -0 0 1
    outer loop
      vertex 2.49441 -8.33329 33
      vertex 20 -11 33
      vertex 20 11 33
    endloop
  endfacet
  facet normal 0 0 1
    outer loop
      vertex 20 -11 33
      vertex 2.94236 -9.41473 33
      vertex 3 -10 33
    endloop
  endfacet
  facet normal 0 0 1
    outer loop
      vertex 20 -11 33
      vertex 2.77164 -8.85195 33
      vertex 2.94236 -9.41473 33
    endloop
  endfacet
  facet normal 0 0 1
    outer loop
      vertex 20 -11 33
      vertex 2.49441 -8.33329 33
      vertex 2.77164 -8.85195 33
    endloop
  endfacet
  facet normal 0 0 1
    outer loop
      vertex 20 11 33
      vertex 2.12132 -7.87868 33
      vertex 2.49441 -8.33329 33
    endloop
  endfacet
  facet normal 0 0 1
    outer loop
      vertex 20 11 33
      vertex 1.66671 -7.50559 33
      vertex 2.12132 -7.87868 33
    endloop
  endfacet
  facet normal 0 0 1
    outer loop
      vertex 20 11 33
      vertex 1.14805 -7.22836 33
      vertex 1.66671 -7.50559 33
    endloop
  endfacet
  facet normal 0 0 1
    outer loop
      vertex 20 11 33
      vertex 0.585271 -7.05764 33
      vertex 1.14805 -7.22836 33
    endloop
  endfacet
  facet normal 0 0 1
    outer loop
      vertex 20 11 33
      vertex 0 -7 33
      vertex 0.585271 -7.05764 33
    endloop
  endfacet
  facet normal -0 0 1
    outer loop
      vertex -20 11 33
      vertex 0 -7 33
      vertex 20 11 33
    endloop
  endfacet
  facet normal 0 0 1
    outer loop
      vertex 0 -7 33
      vertex -20 11 33
      vertex -0.585271 -7.05764 33
    endloop
  endfacet
  facet normal 0 0 1
    outer loop
      vertex -0.585271 -7.05764 33
      vertex -20 11 33
      vertex -1.14805 -7.22836 33
    endloop
  endfacet
  facet normal 0 0 1
    outer loop
      vertex -1.14805 -7.22836 33
      vertex -20 11 33
      vertex -1.66671 -7.50559 33
    endloop
  endfacet
  facet normal 0 0 1
    outer loop
      vertex -2.77164 -8.85195 33
      vertex -20 -11 33
      vertex -2.94236 -9.41473 33
    endloop
  endfacet
  facet normal 0 0 1
    outer loop
      vertex -2.49441 -8.33329 33
      vertex -20 -11 33
      vertex -2.77164 -8.85195 33
    endloop
  endfacet
  facet normal 0 0 1
    outer loop
      vertex -20 -11 33
      vertex -2.49441 -8.33329 33
      vertex -20 11 33
    endloop
  endfacet
  facet normal 0 0 1
    outer loop
      vertex -2.12132 -7.87868 33
      vertex -20 11 33
      vertex -2.49441 -8.33329 33
    endloop
  endfacet
  facet normal 0 0 1
    outer loop
      vertex -1.66671 -7.50559 33
      vertex -20 11 33
      vertex -2.12132 -7.87868 33
    endloop
  endfacet
  facet normal -0 0 1
    outer loop
      vertex 2.94236 -10.5853 33
      vertex 20 -11 33
      vertex 3 -10 33
    endloop
  endfacet
  facet normal 0 0 1
    outer loop
      vertex 20 -11 33
      vertex 2.94236 -10.5853 33
      vertex 2.81655 -11 33
    endloop
  endfacet
  facet normal 0 0 1
    outer loop
      vertex -2.94236 -9.41473 33
      vertex -20 -11 33
      vertex -3 -10 33
    endloop
  endfacet
  facet normal 0 0 1
    outer loop
      vertex -3 -10 33
      vertex -20 -11 33
      vertex -2.94236 -10.5853 33
    endloop
  endfacet
  facet normal 0 0 1
    outer loop
      vertex -2.94236 -10.5853 33
      vertex -20 -11 33
      vertex -2.81655 -11 33
    endloop
  endfacet
  facet normal -0 0 -1
    outer loop
      vertex -2.94236 -10.5853 -33
      vertex -20 -11 -33
      vertex -3 -10 -33
    endloop
  endfacet
  facet normal 0 0 -1
    outer loop
      vertex -20 -11 -33
      vertex -2.94236 -10.5853 -33
      vertex -2.81655 -11 -33
    endloop
  endfacet
  facet normal 0 0 -1
    outer loop
      vertex 2.94236 -9.41473 -33
      vertex 20 -11 -33
      vertex 3 -10 -33
    endloop
  endfacet
  facet normal 0 0 -1
    outer loop
      vertex 20 -11 -33
      vertex 2.94236 -10.5853 -33
      vertex 3 -10 -33
    endloop
  endfacet
  facet normal 0 -0 -1
    outer loop
      vertex 2.94236 -10.5853 -33
      vertex 20 -11 -33
      vertex 2.81655 -11 -33
    endloop
  endfacet
  facet normal 0 0 -1
    outer loop
      vertex 2.77164 -8.85195 -33
      vertex 20 -11 -33
      vertex 2.94236 -9.41473 -33
    endloop
  endfacet
  facet normal 0 0 -1
    outer loop
      vertex 2.49441 -8.33329 -33
      vertex 20 -11 -33
      vertex 2.77164 -8.85195 -33
    endloop
  endfacet
  facet normal 0 0 -1
    outer loop
      vertex 20 -11 -33
      vertex 2.49441 -8.33329 -33
      vertex 20 11 -33
    endloop
  endfacet
  facet normal 0 0 -1
    outer loop
      vertex 2.12132 -7.87868 -33
      vertex 20 11 -33
      vertex 2.49441 -8.33329 -33
    endloop
  endfacet
  facet normal 0 0 -1
    outer loop
      vertex 1.66671 -7.50559 -33
      vertex 20 11 -33
      vertex 2.12132 -7.87868 -33
    endloop
  endfacet
  facet normal 0 0 -1
    outer loop
      vertex 1.14805 -7.22836 -33
      vertex 20 11 -33
      vertex 1.66671 -7.50559 -33
    endloop
  endfacet
  facet normal 0 0 -1
    outer loop
      vertex 0.585271 -7.05764 -33
      vertex 20 11 -33
      vertex 1.14805 -7.22836 -33
    endloop
  endfacet
  facet normal 0 0 -1
    outer loop
      vertex 0 -7 -33
      vertex 20 11 -33
      vertex 0.585271 -7.05764 -33
    endloop
  endfacet
  facet normal 0 0 -1
    outer loop
      vertex -20 11 -33
      vertex 0 -7 -33
      vertex -0.585271 -7.05764 -33
    endloop
  endfacet
  facet normal 0 0 -1
    outer loop
      vertex -20 11 -33
      vertex -0.585271 -7.05764 -33
      vertex -1.14805 -7.22836 -33
    endloop
  endfacet
  facet normal 0 0 -1
    outer loop
      vertex -20 11 -33
      vertex -1.14805 -7.22836 -33
      vertex -1.66671 -7.50559 -33
    endloop
  endfacet
  facet normal 0 0 -1
    outer loop
      vertex -20 11 -33
      vertex -1.66671 -7.50559 -33
      vertex -2.12132 -7.87868 -33
    endloop
  endfacet
  facet normal 0 0 -1
    outer loop
      vertex -20 -11 -33
      vertex -2.94236 -9.41473 -33
      vertex -3 -10 -33
    endloop
  endfacet
  facet normal 0 0 -1
    outer loop
      vertex -20 -11 -33
      vertex -2.77164 -8.85195 -33
      vertex -2.94236 -9.41473 -33
    endloop
  endfacet
  facet normal 0 0 -1
    outer loop
      vertex -20 -11 -33
      vertex -2.49441 -8.33329 -33
      vertex -2.77164 -8.85195 -33
    endloop
  endfacet
  facet normal 0 0 -1
    outer loop
      vertex -20 11 -33
      vertex -2.49441 -8.33329 -33
      vertex -20 -11 -33
    endloop
  endfacet
  facet normal 0 0 -1
    outer loop
      vertex -2.49441 -8.33329 -33
      vertex -20 11 -33
      vertex -2.12132 -7.87868 -33
    endloop
  endfacet
  facet normal 0 0 -1
    outer loop
      vertex 0 -7 -33
      vertex -20 11 -33
      vertex 20 11 -33
    endloop
  endfacet
  facet normal -1 0 0
    outer loop
      vertex -20 -11 -33
      vertex -20 11 33
      vertex -20 11 -33
    endloop
  endfacet
  facet normal -1 -0 0
    outer loop
      vertex -20 11 33
      vertex -20 -11 -33
      vertex -20 -11 33
    endloop
  endfacet
  facet normal 0 1 0
    outer loop
      vertex -8.96963 11 -21
      vertex -8.77686 11 -21.6355
      vertex -19 11 -21
    endloop
  endfacet
  facet normal 0 1 0
    outer loop
      vertex -6.37331 11 -11
      vertex -6.71751 11 -11.2825
      vertex -19 11 -11
    endloop
  endfacet
  facet normal 0 1 0
    outer loop
      vertex -5 11 9
      vertex -5 11 8
      vertex -19 11 9
    endloop
  endfacet
  facet normal 0 1 0
    outer loop
      vertex -9.40151 11 19
      vertex -9.5 11 18
      vertex -19 11 19
    endloop
  endfacet
  facet normal 0 1 0
    outer loop
      vertex 20 11 33
      vertex 19 11 31
      vertex -20 11 33
    endloop
  endfacet
  facet normal 0 1 0
    outer loop
      vertex 20 11 33
      vertex 19 11 29
      vertex 19 11 31
    endloop
  endfacet
  facet normal 0 1 0
    outer loop
      vertex 19 11 29
      vertex 0 11 27.5
      vertex -19 11 29
    endloop
  endfacet
  facet normal 0 1 0
    outer loop
      vertex 19 11 29
      vertex 1.85336 11 27.3175
      vertex 0 11 27.5
    endloop
  endfacet
  facet normal 0 1 0
    outer loop
      vertex 19 11 29
      vertex 3.63549 11 26.7769
      vertex 1.85336 11 27.3175
    endloop
  endfacet
  facet normal 0 1 0
    outer loop
      vertex 19 11 29
      vertex 5.27792 11 25.899
      vertex 3.63549 11 26.7769
    endloop
  endfacet
  facet normal 0 1 0
    outer loop
      vertex 19 11 29
      vertex 6.71751 11 24.7175
      vertex 5.27792 11 25.899
    endloop
  endfacet
  facet normal 0 1 0
    outer loop
      vertex 19 11 29
      vertex 7.89896 11 23.2779
      vertex 6.71751 11 24.7175
    endloop
  endfacet
  facet normal 0 1 0
    outer loop
      vertex 19 11 29
      vertex 8.77686 11 21.6355
      vertex 7.89896 11 23.2779
    endloop
  endfacet
  facet normal 0 1 0
    outer loop
      vertex 19 11 29
      vertex 19 11 21
      vertex 8.77686 11 21.6355
    endloop
  endfacet
  facet normal 0 1 0
    outer loop
      vertex 20 11 33
      vertex 19 11 21
      vertex 19 11 29
    endloop
  endfacet
  facet normal 0 1 0
    outer loop
      vertex 20 11 33
      vertex 19 11 19
      vertex 19 11 21
    endloop
  endfacet
  facet normal 0 1 0
    outer loop
      vertex 19 11 19
      vertex 9.5 11 18
      vertex 9.40151 11 19
    endloop
  endfacet
  facet normal 0 1 0
    outer loop
      vertex 19 11 19
      vertex 9.31746 11 16.1466
      vertex 9.5 11 18
    endloop
  endfacet
  facet normal 0 1 -0
    outer loop
      vertex 19 11 11
      vertex 9.31746 11 16.1466
      vertex 19 11 19
    endloop
  endfacet
  facet normal 0 1 0
    outer loop
      vertex 9.31746 11 16.1466
      vertex 19 11 11
      vertex 8.77686 11 14.3645
    endloop
  endfacet
  facet normal 0 1 0
    outer loop
      vertex 8.77686 11 14.3645
      vertex 19 11 11
      vertex 7.89896 11 12.7221
    endloop
  endfacet
  facet normal 0 1 0
    outer loop
      vertex 7.89896 11 12.7221
      vertex 19 11 11
      vertex 6.71751 11 11.2825
    endloop
  endfacet
  facet normal 0 1 0
    outer loop
      vertex 20 11 33
      vertex 19 11 11
      vertex 19 11 19
    endloop
  endfacet
  facet normal 0 1 0
    outer loop
      vertex 20 11 33
      vertex 19 11 9
      vertex 19 11 11
    endloop
  endfacet
  facet normal 0 1 0
    outer loop
      vertex 19 11 9
      vertex 5 11 8
      vertex 5 11 9
    endloop
  endfacet
  facet normal 0 1 0
    outer loop
      vertex 5 11 8
      vertex 19 11 1
      vertex -5 11 8
    endloop
  endfacet
  facet normal 0 1 0
    outer loop
      vertex 19 11 9
      vertex 19 11 1
      vertex 5 11 8
    endloop
  endfacet
  facet normal 0 1 0
    outer loop
      vertex 20 11 33
      vertex 19 11 1
      vertex 19 11 9
    endloop
  endfacet
  facet normal 0 1 0
    outer loop
      vertex 20 11 33
      vertex 19 11 -1
      vertex 19 11 1
    endloop
  endfacet
  facet normal 0 1 0
    outer loop
      vertex 19 11 -1
      vertex 0 11 -8.5
      vertex -19 11 -1
    endloop
  endfacet
  facet normal 0 1 0
    outer loop
      vertex 19 11 -1
      vertex 1.85336 11 -8.68254
      vertex 0 11 -8.5
    endloop
  endfacet
  facet normal 0 1 0
    outer loop
      vertex 2.89989 11 -9
      vertex 19 11 -1
      vertex 19 11 -9
    endloop
  endfacet
  facet normal 0 1 -0
    outer loop
      vertex 20 11 -33
      vertex 19 11 -1
      vertex 20 11 33
    endloop
  endfacet
  facet normal 0 1 0
    outer loop
      vertex 19 11 -1
      vertex 20 11 -33
      vertex 19 11 -9
    endloop
  endfacet
  facet normal 0 1 0
    outer loop
      vertex 19 11 -11
      vertex 6.71751 11 -11.2825
      vertex 6.37331 11 -11
    endloop
  endfacet
  facet normal 0 1 0
    outer loop
      vertex 19 11 -11
      vertex 7.89896 11 -12.7221
      vertex 6.71751 11 -11.2825
    endloop
  endfacet
  facet normal 0 1 0
    outer loop
      vertex 19 11 -11
      vertex 8.77686 11 -14.3645
      vertex 7.89896 11 -12.7221
    endloop
  endfacet
  facet normal 0 1 0
    outer loop
      vertex 19 11 -11
      vertex 9.31746 11 -16.1466
      vertex 8.77686 11 -14.3645
    endloop
  endfacet
  facet normal 0 1 -0
    outer loop
      vertex 19 11 -19
      vertex 9.31746 11 -16.1466
      vertex 19 11 -11
    endloop
  endfacet
  facet normal 0 1 0
    outer loop
      vertex 9.31746 11 -16.1466
      vertex 19 11 -19
      vertex 9.5 11 -18
    endloop
  endfacet
  facet normal 0 1 0
    outer loop
      vertex 19 11 -9
      vertex 20 11 -33
      vertex 19 11 -11
    endloop
  endfacet
  facet normal 0 1 0
    outer loop
      vertex 19 11 -11
      vertex 20 11 -33
      vertex 19 11 -19
    endloop
  endfacet
  facet normal 0 1 0
    outer loop
      vertex 19 11 -21
      vertex 8.77686 11 -21.6355
      vertex 8.96963 11 -21
    endloop
  endfacet
  facet normal 0 1 -0
    outer loop
      vertex 19 11 -29
      vertex 8.77686 11 -21.6355
      vertex 19 11 -21
    endloop
  endfacet
  facet normal 0 1 0
    outer loop
      vertex 8.77686 11 -21.6355
      vertex 19 11 -29
      vertex 7.89896 11 -23.2779
    endloop
  endfacet
  facet normal 0 1 0
    outer loop
      vertex 7.89896 11 -23.2779
      vertex 19 11 -29
      vertex 6.71751 11 -24.7175
    endloop
  endfacet
  facet normal 0 1 0
    outer loop
      vertex 6.71751 11 -24.7175
      vertex 19 11 -29
      vertex 5.27792 11 -25.899
    endloop
  endfacet
  facet normal 0 1 0
    outer loop
      vertex 1.85336 11 -27.3175
      vertex 19 11 -29
      vertex 0 11 -27.5
    endloop
  endfacet
  facet normal 0 1 0
    outer loop
      vertex 3.63549 11 -26.7769
      vertex 19 11 -29
      vertex 1.85336 11 -27.3175
    endloop
  endfacet
  facet normal 0 1 0
    outer loop
      vertex 5.27792 11 -25.899
      vertex 19 11 -29
      vertex 3.63549 11 -26.7769
    endloop
  endfacet
  facet normal 0 1 0
    outer loop
      vertex 19 11 -19
      vertex 20 11 -33
      vertex 19 11 -21
    endloop
  endfacet
  facet normal 0 1 0
    outer loop
      vertex 19 11 -21
      vertex 20 11 -33
      vertex 19 11 -29
    endloop
  endfacet
  facet normal 0 1 0
    outer loop
      vertex 19 11 -31
      vertex 20 11 -33
      vertex -19 11 -31
    endloop
  endfacet
  facet normal 0 1 0
    outer loop
      vertex 19 11 -29
      vertex 20 11 -33
      vertex 19 11 -31
    endloop
  endfacet
  facet normal 0 1 -0
    outer loop
      vertex -19 11 31
      vertex -20 11 33
      vertex 19 11 31
    endloop
  endfacet
  facet normal 0 1 -0
    outer loop
      vertex -19 11 29
      vertex -20 11 33
      vertex -19 11 31
    endloop
  endfacet
  facet normal 0 1 -0
    outer loop
      vertex -1.85336 11 27.3175
      vertex -19 11 29
      vertex 0 11 27.5
    endloop
  endfacet
  facet normal 0 1 -0
    outer loop
      vertex -3.63549 11 26.7769
      vertex -19 11 29
      vertex -1.85336 11 27.3175
    endloop
  endfacet
  facet normal 0 1 -0
    outer loop
      vertex -5.27792 11 25.899
      vertex -19 11 29
      vertex -3.63549 11 26.7769
    endloop
  endfacet
  facet normal 0 1 -0
    outer loop
      vertex -6.71751 11 24.7175
      vertex -19 11 29
      vertex -5.27792 11 25.899
    endloop
  endfacet
  facet normal 0 1 -0
    outer loop
      vertex -7.89896 11 23.2779
      vertex -19 11 29
      vertex -6.71751 11 24.7175
    endloop
  endfacet
  facet normal 0 1 -0
    outer loop
      vertex -8.77686 11 21.6355
      vertex -19 11 29
      vertex -7.89896 11 23.2779
    endloop
  endfacet
  facet normal 0 1 0
    outer loop
      vertex -19 11 21
      vertex -8.77686 11 21.6355
      vertex -8.96963 11 21
    endloop
  endfacet
  facet normal 0 1 0
    outer loop
      vertex -8.77686 11 21.6355
      vertex -19 11 21
      vertex -19 11 29
    endloop
  endfacet
  facet normal 0 1 -0
    outer loop
      vertex -19 11 21
      vertex -20 11 33
      vertex -19 11 29
    endloop
  endfacet
  facet normal 0 1 -0
    outer loop
      vertex -19 11 19
      vertex -20 11 33
      vertex -19 11 21
    endloop
  endfacet
  facet normal 0 1 0
    outer loop
      vertex -9.31746 11 16.1466
      vertex -19 11 19
      vertex -9.5 11 18
    endloop
  endfacet
  facet normal 0 1 0
    outer loop
      vertex -19 11 11
      vertex -9.31746 11 16.1466
      vertex -8.77686 11 14.3645
    endloop
  endfacet
  facet normal 0 1 0
    outer loop
      vertex -19 11 11
      vertex -8.77686 11 14.3645
      vertex -7.89896 11 12.7221
    endloop
  endfacet
  facet normal 0 1 0
    outer loop
      vertex -19 11 11
      vertex -7.89896 11 12.7221
      vertex -6.71751 11 11.2825
    endloop
  endfacet
  facet normal 0 1 0
    outer loop
      vertex -19 11 11
      vertex -6.71751 11 11.2825
      vertex -6.37331 11 11
    endloop
  endfacet
  facet normal 0 1 0
    outer loop
      vertex -9.31746 11 16.1466
      vertex -19 11 11
      vertex -19 11 19
    endloop
  endfacet
  facet normal 0 1 -0
    outer loop
      vertex -19 11 11
      vertex -20 11 33
      vertex -19 11 19
    endloop
  endfacet
  facet normal 0 1 -0
    outer loop
      vertex -19 11 9
      vertex -20 11 33
      vertex -19 11 11
    endloop
  endfacet
  facet normal 0 1 0
    outer loop
      vertex -19 11 1
      vertex -5 11 8
      vertex 19 11 1
    endloop
  endfacet
  facet normal 0 1 0
    outer loop
      vertex -5 11 8
      vertex -19 11 1
      vertex -19 11 9
    endloop
  endfacet
  facet normal 0 1 -0
    outer loop
      vertex -19 11 1
      vertex -20 11 33
      vertex -19 11 9
    endloop
  endfacet
  facet normal 0 1 -0
    outer loop
      vertex -19 11 -1
      vertex -20 11 33
      vertex -19 11 1
    endloop
  endfacet
  facet normal 0 1 -0
    outer loop
      vertex -1.85336 11 -8.68254
      vertex -19 11 -1
      vertex 0 11 -8.5
    endloop
  endfacet
  facet normal 0 1 -0
    outer loop
      vertex -2.89989 11 -9
      vertex -19 11 -1
      vertex -1.85336 11 -8.68254
    endloop
  endfacet
  facet normal 0 1 0
    outer loop
      vertex -19 11 -9
      vertex -19 11 -1
      vertex -2.89989 11 -9
    endloop
  endfacet
  facet normal 0 1 0
    outer loop
      vertex -20 11 -33
      vertex -19 11 -1
      vertex -19 11 -9
    endloop
  endfacet
  facet normal 0 1 0
    outer loop
      vertex -20 11 -33
      vertex -19 11 -9
      vertex -19 11 -11
    endloop
  endfacet
  facet normal 0 1 -0
    outer loop
      vertex -7.89896 11 -12.7221
      vertex -19 11 -11
      vertex -6.71751 11 -11.2825
    endloop
  endfacet
  facet normal 0 1 -0
    outer loop
      vertex -8.77686 11 -14.3645
      vertex -19 11 -11
      vertex -7.89896 11 -12.7221
    endloop
  endfacet
  facet normal 0 1 -0
    outer loop
      vertex -9.31746 11 -16.1466
      vertex -19 11 -11
      vertex -8.77686 11 -14.3645
    endloop
  endfacet
  facet normal 0 1 0
    outer loop
      vertex -19 11 -19
      vertex -9.31746 11 -16.1466
      vertex -9.5 11 -18
    endloop
  endfacet
  facet normal 0 1 0
    outer loop
      vertex -19 11 -19
      vertex -9.5 11 -18
      vertex -9.40151 11 -19
    endloop
  endfacet
  facet normal 0 1 0
    outer loop
      vertex -9.31746 11 -16.1466
      vertex -19 11 -19
      vertex -19 11 -11
    endloop
  endfacet
  facet normal 0 1 0
    outer loop
      vertex -20 11 -33
      vertex -19 11 -11
      vertex -19 11 -19
    endloop
  endfacet
  facet normal 0 1 0
    outer loop
      vertex -20 11 -33
      vertex -19 11 -19
      vertex -19 11 -21
    endloop
  endfacet
  facet normal 0 1 0
    outer loop
      vertex -19 11 -29
      vertex -8.77686 11 -21.6355
      vertex -7.89896 11 -23.2779
    endloop
  endfacet
  facet normal 0 1 0
    outer loop
      vertex -19 11 -29
      vertex -7.89896 11 -23.2779
      vertex -6.71751 11 -24.7175
    endloop
  endfacet
  facet normal 0 1 0
    outer loop
      vertex -19 11 -29
      vertex -6.71751 11 -24.7175
      vertex -5.27792 11 -25.899
    endloop
  endfacet
  facet normal 0 1 0
    outer loop
      vertex -19 11 -29
      vertex -5.27792 11 -25.899
      vertex -3.63549 11 -26.7769
    endloop
  endfacet
  facet normal 0 1 0
    outer loop
      vertex -19 11 -29
      vertex 0 11 -27.5
      vertex 19 11 -29
    endloop
  endfacet
  facet normal 0 1 0
    outer loop
      vertex -19 11 -29
      vertex -1.85336 11 -27.3175
      vertex 0 11 -27.5
    endloop
  endfacet
  facet normal 0 1 0
    outer loop
      vertex -19 11 -29
      vertex -3.63549 11 -26.7769
      vertex -1.85336 11 -27.3175
    endloop
  endfacet
  facet normal 0 1 0
    outer loop
      vertex -8.77686 11 -21.6355
      vertex -19 11 -29
      vertex -19 11 -21
    endloop
  endfacet
  facet normal 0 1 0
    outer loop
      vertex -20 11 -33
      vertex -19 11 -21
      vertex -19 11 -29
    endloop
  endfacet
  facet normal 0 1 0
    outer loop
      vertex -20 11 -33
      vertex -19 11 -29
      vertex -19 11 -31
    endloop
  endfacet
  facet normal 0 1 0
    outer loop
      vertex -19 11 -1
      vertex -20 11 -33
      vertex -20 11 33
    endloop
  endfacet
  facet normal 0 1 0
    outer loop
      vertex -20 11 -33
      vertex -19 11 -31
      vertex 20 11 -33
    endloop
  endfacet
  facet normal 0 1 0
    outer loop
      vertex 8.77686 11 21.6355
      vertex 19 11 21
      vertex 8.96963 11 21
    endloop
  endfacet
  facet normal 0 1 0
    outer loop
      vertex 6.71751 11 11.2825
      vertex 19 11 11
      vertex 6.37331 11 11
    endloop
  endfacet
  facet normal 0 1 0
    outer loop
      vertex 19 11 -1
      vertex 2.89989 11 -9
      vertex 1.85336 11 -8.68254
    endloop
  endfacet
  facet normal 0 1 0
    outer loop
      vertex 9.5 11 -18
      vertex 19 11 -19
      vertex 9.40151 11 -19
    endloop
  endfacet
  facet normal 0 -1 0
    outer loop
      vertex 1.72234 -11 32
      vertex 1.72234 -11 30
      vertex 2.81655 -11 32
    endloop
  endfacet
  facet normal 0 -1 0
    outer loop
      vertex 2.81655 -11 32
      vertex 20 -11 33
      vertex 2.81655 -11 33
    endloop
  endfacet
  facet normal 0 -1 0
    outer loop
      vertex 3.63549 -11 26.7769
      vertex 2.81655 -11 32
      vertex 1.72234 -11 30
    endloop
  endfacet
  facet normal 0 -1 0
    outer loop
      vertex 1.85336 -11 27.3175
      vertex 1.72234 -11 30
      vertex 0 -11 27.5
    endloop
  endfacet
  facet normal 0 -1 0
    outer loop
      vertex 3.63549 -11 26.7769
      vertex 1.72234 -11 30
      vertex 1.85336 -11 27.3175
    endloop
  endfacet
  facet normal 0 -1 0
    outer loop
      vertex 2.81655 -11 32
      vertex 3.63549 -11 26.7769
      vertex 5.27792 -11 25.899
    endloop
  endfacet
  facet normal 0 -1 0
    outer loop
      vertex 2.81655 -11 32
      vertex 5.27792 -11 25.899
      vertex 20 -11 33
    endloop
  endfacet
  facet normal 0 -1 0
    outer loop
      vertex 6.71751 -11 24.7175
      vertex 20 -11 33
      vertex 5.27792 -11 25.899
    endloop
  endfacet
  facet normal 0 -1 0
    outer loop
      vertex 7.89896 -11 23.2779
      vertex 20 -11 33
      vertex 6.71751 -11 24.7175
    endloop
  endfacet
  facet normal 0 -1 0
    outer loop
      vertex 8.77686 -11 21.6355
      vertex 20 -11 33
      vertex 7.89896 -11 23.2779
    endloop
  endfacet
  facet normal 0 -1 0
    outer loop
      vertex 9.31746 -11 19.8534
      vertex 20 -11 33
      vertex 8.77686 -11 21.6355
    endloop
  endfacet
  facet normal 0 -1 0
    outer loop
      vertex 9.5 -11 18
      vertex 20 -11 33
      vertex 9.31746 -11 19.8534
    endloop
  endfacet
  facet normal 0 -1 0
    outer loop
      vertex 9.31746 -11 16.1466
      vertex 20 -11 33
      vertex 9.5 -11 18
    endloop
  endfacet
  facet normal 0 -1 0
    outer loop
      vertex 7.5 -11 6.00464
      vertex 9.31746 -11 16.1466
      vertex 8.77686 -11 14.3645
    endloop
  endfacet
  facet normal 0 -1 0
    outer loop
      vertex 7.5 -11 6.00464
      vertex 8.77686 -11 14.3645
      vertex 7.89896 -11 12.7221
    endloop
  endfacet
  facet normal 0 -1 0
    outer loop
      vertex 7.5 -11 6.00464
      vertex 7.89896 -11 12.7221
      vertex 7.5 -11 12.2359
    endloop
  endfacet
  facet normal 0 -1 -0
    outer loop
      vertex 9.31746 -11 16.1466
      vertex 7.5 -11 6.00464
      vertex 20 -11 33
    endloop
  endfacet
  facet normal 0 -1 0
    outer loop
      vertex 1.85336 -11 -8.68254
      vertex 7.5 -11 6.00464
      vertex 0 -11 -8.5
    endloop
  endfacet
  facet normal 0 -1 0
    outer loop
      vertex 3.63549 -11 -9.22314
      vertex 7.5 -11 6.00464
      vertex 1.85336 -11 -8.68254
    endloop
  endfacet
  facet normal 0 -1 0
    outer loop
      vertex 5.27792 -11 -10.101
      vertex 7.5 -11 6.00464
      vertex 3.63549 -11 -9.22314
    endloop
  endfacet
  facet normal 0 -1 0
    outer loop
      vertex 6.71751 -11 -11.2825
      vertex 7.5 -11 6.00464
      vertex 5.27792 -11 -10.101
    endloop
  endfacet
  facet normal 0 -1 0
    outer loop
      vertex 7.89896 -11 -12.7221
      vertex 7.5 -11 6.00464
      vertex 6.71751 -11 -11.2825
    endloop
  endfacet
  facet normal 0 -1 0
    outer loop
      vertex 8.77686 -11 -14.3645
      vertex 7.5 -11 6.00464
      vertex 7.89896 -11 -12.7221
    endloop
  endfacet
  facet normal 0 -1 0
    outer loop
      vertex 20 -11 -33
      vertex 7.5 -11 6.00464
      vertex 8.77686 -11 -14.3645
    endloop
  endfacet
  facet normal 0 -1 0
    outer loop
      vertex 20 -11 -33
      vertex 8.77686 -11 -14.3645
      vertex 9.31746 -11 -16.1466
    endloop
  endfacet
  facet normal 0 -1 0
    outer loop
      vertex 20 -11 -33
      vertex 9.31746 -11 -16.1466
      vertex 9.5 -11 -18
    endloop
  endfacet
  facet normal 0 -1 0
    outer loop
      vertex 20 -11 -33
      vertex 9.5 -11 -18
      vertex 9.31746 -11 -19.8534
    endloop
  endfacet
  facet normal 0 -1 0
    outer loop
      vertex 1.72234 -11 -30
      vertex 0 -11 -27.5
      vertex -1.72234 -11 -30
    endloop
  endfacet
  facet normal 0 -1 0
    outer loop
      vertex 0 -11 -27.5
      vertex 1.72234 -11 -30
      vertex 1.85336 -11 -27.3175
    endloop
  endfacet
  facet normal 0 -1 -0
    outer loop
      vertex 1.85336 -11 -27.3175
      vertex 1.72234 -11 -30
      vertex 3.63549 -11 -26.7769
    endloop
  endfacet
  facet normal 0 -1 0
    outer loop
      vertex 2.81655 -11 -32
      vertex 3.63549 -11 -26.7769
      vertex 1.72234 -11 -30
    endloop
  endfacet
  facet normal 0 -1 -0
    outer loop
      vertex 3.63549 -11 -26.7769
      vertex 2.81655 -11 -32
      vertex 5.27792 -11 -25.899
    endloop
  endfacet
  facet normal 0 -1 0
    outer loop
      vertex 2.81655 -11 -32
      vertex 1.72234 -11 -30
      vertex 1.72234 -11 -32
    endloop
  endfacet
  facet normal 0 -1 -0
    outer loop
      vertex 5.27792 -11 -25.899
      vertex 2.81655 -11 -32
      vertex 6.71751 -11 -24.7175
    endloop
  endfacet
  facet normal 0 -1 0
    outer loop
      vertex 20 -11 -33
      vertex 6.71751 -11 -24.7175
      vertex 2.81655 -11 -32
    endloop
  endfacet
  facet normal 0 -1 0
    outer loop
      vertex 20 -11 -33
      vertex 2.81655 -11 -32
      vertex 2.81655 -11 -33
    endloop
  endfacet
  facet normal 0 -1 0
    outer loop
      vertex 6.71751 -11 -24.7175
      vertex 20 -11 -33
      vertex 7.89896 -11 -23.2779
    endloop
  endfacet
  facet normal 0 -1 0
    outer loop
      vertex 7.5 -11 6.00464
      vertex 20 -11 -33
      vertex 20 -11 33
    endloop
  endfacet
  facet normal 0 -1 0
    outer loop
      vertex 8.77686 -11 -21.6355
      vertex 20 -11 -33
      vertex 9.31746 -11 -19.8534
    endloop
  endfacet
  facet normal 0 -1 0
    outer loop
      vertex 7.89896 -11 -23.2779
      vertex 20 -11 -33
      vertex 8.77686 -11 -21.6355
    endloop
  endfacet
  facet normal 0 -1 0
    outer loop
      vertex -20 -11 33
      vertex -2.81655 -11 32
      vertex -2.81655 -11 33
    endloop
  endfacet
  facet normal 0 -1 0
    outer loop
      vertex -2.81655 -11 32
      vertex -1.72234 -11 30
      vertex -1.72234 -11 32
    endloop
  endfacet
  facet normal 0 -1 0
    outer loop
      vertex -5.27792 -11 25.899
      vertex -2.81655 -11 32
      vertex -20 -11 33
    endloop
  endfacet
  facet normal 0 -1 0
    outer loop
      vertex -1.72234 -11 30
      vertex 0 -11 27.5
      vertex 1.72234 -11 30
    endloop
  endfacet
  facet normal -0 -1 0
    outer loop
      vertex -3.63549 -11 26.7769
      vertex -2.81655 -11 32
      vertex -5.27792 -11 25.899
    endloop
  endfacet
  facet normal 0 -1 -0
    outer loop
      vertex -1.72234 -11 30
      vertex -1.85336 -11 27.3175
      vertex 0 -11 27.5
    endloop
  endfacet
  facet normal 0 -1 0
    outer loop
      vertex -1.72234 -11 30
      vertex -3.63549 -11 26.7769
      vertex -1.85336 -11 27.3175
    endloop
  endfacet
  facet normal 0 -1 -0
    outer loop
      vertex -2.81655 -11 32
      vertex -3.63549 -11 26.7769
      vertex -1.72234 -11 30
    endloop
  endfacet
  facet normal 0 -1 0
    outer loop
      vertex -20 -11 33
      vertex -6.71751 -11 24.7175
      vertex -5.27792 -11 25.899
    endloop
  endfacet
  facet normal 0 -1 0
    outer loop
      vertex -20 -11 33
      vertex -7.89896 -11 23.2779
      vertex -6.71751 -11 24.7175
    endloop
  endfacet
  facet normal 0 -1 0
    outer loop
      vertex -20 -11 33
      vertex -8.77686 -11 21.6355
      vertex -7.89896 -11 23.2779
    endloop
  endfacet
  facet normal 0 -1 0
    outer loop
      vertex -20 -11 33
      vertex -9.31746 -11 19.8534
      vertex -8.77686 -11 21.6355
    endloop
  endfacet
  facet normal 0 -1 0
    outer loop
      vertex -20 -11 33
      vertex -9.5 -11 18
      vertex -9.31746 -11 19.8534
    endloop
  endfacet
  facet normal 0 -1 0
    outer loop
      vertex -20 -11 33
      vertex -9.31746 -11 16.1466
      vertex -9.5 -11 18
    endloop
  endfacet
  facet normal 0 -1 0
    outer loop
      vertex -7.5 -11 6.00464
      vertex -9.31746 -11 16.1466
      vertex -20 -11 33
    endloop
  endfacet
  facet normal 0 -1 0
    outer loop
      vertex -9.31746 -11 16.1466
      vertex -7.5 -11 6.00464
      vertex -8.77686 -11 14.3645
    endloop
  endfacet
  facet normal 0 -1 0
    outer loop
      vertex -7.89896 -11 12.7221
      vertex -7.5 -11 6.00464
      vertex -7.5 -11 12.2359
    endloop
  endfacet
  facet normal 0 -1 0
    outer loop
      vertex -8.77686 -11 14.3645
      vertex -7.5 -11 6.00464
      vertex -7.89896 -11 12.7221
    endloop
  endfacet
  facet normal 0 -1 0
    outer loop
      vertex -7.5 -11 6.00464
      vertex 0 -11 -8.5
      vertex 7.5 -11 6.00464
    endloop
  endfacet
  facet normal 0 -1 0
    outer loop
      vertex -7.5 -11 6.00464
      vertex -1.85336 -11 -8.68254
      vertex 0 -11 -8.5
    endloop
  endfacet
  facet normal 0 -1 0
    outer loop
      vertex -20 -11 -33
      vertex -7.5 -11 6.00464
      vertex -20 -11 33
    endloop
  endfacet
  facet normal 0 -1 0
    outer loop
      vertex -7.5 -11 6.00464
      vertex -3.63549 -11 -9.22314
      vertex -1.85336 -11 -8.68254
    endloop
  endfacet
  facet normal 0 -1 0
    outer loop
      vertex -7.5 -11 6.00464
      vertex -5.27792 -11 -10.101
      vertex -3.63549 -11 -9.22314
    endloop
  endfacet
  facet normal 0 -1 0
    outer loop
      vertex -7.5 -11 6.00464
      vertex -6.71751 -11 -11.2825
      vertex -5.27792 -11 -10.101
    endloop
  endfacet
  facet normal 0 -1 -0
    outer loop
      vertex -7.5 -11 6.00464
      vertex -7.89896 -11 -12.7221
      vertex -6.71751 -11 -11.2825
    endloop
  endfacet
  facet normal 0 -1 0
    outer loop
      vertex -7.5 -11 6.00464
      vertex -8.77686 -11 -14.3645
      vertex -7.89896 -11 -12.7221
    endloop
  endfacet
  facet normal 0 -1 0
    outer loop
      vertex -7.5 -11 6.00464
      vertex -20 -11 -33
      vertex -8.77686 -11 -14.3645
    endloop
  endfacet
  facet normal 0 -1 0
    outer loop
      vertex -8.77686 -11 -14.3645
      vertex -20 -11 -33
      vertex -9.31746 -11 -16.1466
    endloop
  endfacet
  facet normal 0 -1 0
    outer loop
      vertex -9.31746 -11 -16.1466
      vertex -20 -11 -33
      vertex -9.5 -11 -18
    endloop
  endfacet
  facet normal 0 -1 0
    outer loop
      vertex -1.85336 -11 -27.3175
      vertex -1.72234 -11 -30
      vertex 0 -11 -27.5
    endloop
  endfacet
  facet normal 0 -1 0
    outer loop
      vertex -3.63549 -11 -26.7769
      vertex -1.72234 -11 -30
      vertex -1.85336 -11 -27.3175
    endloop
  endfacet
  facet normal 0 -1 0
    outer loop
      vertex -2.81655 -11 -32
      vertex -3.63549 -11 -26.7769
      vertex -5.27792 -11 -25.899
    endloop
  endfacet
  facet normal 0 -1 0
    outer loop
      vertex -2.81655 -11 -32
      vertex -5.27792 -11 -25.899
      vertex -6.71751 -11 -24.7175
    endloop
  endfacet
  facet normal 0 -1 0
    outer loop
      vertex -3.63549 -11 -26.7769
      vertex -2.81655 -11 -32
      vertex -1.72234 -11 -30
    endloop
  endfacet
  facet normal 0 -1 0
    outer loop
      vertex -20 -11 -33
      vertex -6.71751 -11 -24.7175
      vertex -7.89896 -11 -23.2779
    endloop
  endfacet
  facet normal 0 -1 -0
    outer loop
      vertex -9.5 -11 -18
      vertex -20 -11 -33
      vertex -9.31746 -11 -19.8534
    endloop
  endfacet
  facet normal 0 -1 0
    outer loop
      vertex -20 -11 -33
      vertex -8.77686 -11 -21.6355
      vertex -9.31746 -11 -19.8534
    endloop
  endfacet
  facet normal 0 -1 0
    outer loop
      vertex -20 -11 -33
      vertex -7.89896 -11 -23.2779
      vertex -8.77686 -11 -21.6355
    endloop
  endfacet
  facet normal 0 -1 -0
    outer loop
      vertex -6.71751 -11 -24.7175
      vertex -20 -11 -33
      vertex -2.81655 -11 -32
    endloop
  endfacet
  facet normal 0 -1 -0
    outer loop
      vertex -2.81655 -11 -32
      vertex -20 -11 -33
      vertex -2.81655 -11 -33
    endloop
  endfacet
  facet normal 0 -1 -0
    outer loop
      vertex -1.72234 -11 -30
      vertex -2.81655 -11 -32
      vertex -1.72234 -11 -32
    endloop
  endfacet
  facet normal 1 0 0
    outer loop
      vertex 7.5 -12 14.1411
      vertex 7.5 -12.8966 14.3813
      vertex 7.5 -12 12.2359
    endloop
  endfacet
  facet normal 1 -0 0
    outer loop
      vertex 7.5 -12 12.2359
      vertex 7.5 -11 6.00464
      vertex 7.5 -11 12.2359
    endloop
  endfacet
  facet normal 1 -0 0
    outer loop
      vertex 7.5 -14.9671 6.65393
      vertex 7.5 -11 6.00464
      vertex 7.5 -12 12.2359
    endloop
  endfacet
  facet normal 1 0 0
    outer loop
      vertex 7.5 -14.9671 6.65393
      vertex 7.5 -12 12.2359
      vertex 7.5 -12.8966 14.3813
    endloop
  endfacet
  facet normal 1 0 0
    outer loop
      vertex 7.5 -11 6.00464
      vertex 7.5 -14.9671 6.65393
      vertex 7.5 -11.1034 5.61866
    endloop
  endfacet
  facet normal -0 0.258776 0.965937
    outer loop
      vertex -7.5 -12 14.1411
      vertex 7.5 -12.8966 14.3813
      vertex 7.5 -12 14.1411
    endloop
  endfacet
  facet normal 0 0.258776 0.965937
    outer loop
      vertex 7.5 -12.8966 14.3813
      vertex -7.5 -12 14.1411
      vertex -7.5 -12.8966 14.3813
    endloop
  endfacet
  facet normal 0 -0.258818 -0.965926
    outer loop
      vertex -7.5 -14.9671 6.65393
      vertex 7.5 -11.1034 5.61866
      vertex 7.5 -14.9671 6.65393
    endloop
  endfacet
  facet normal -0 -0.258818 -0.965926
    outer loop
      vertex 7.5 -11.1034 5.61866
      vertex -7.5 -14.9671 6.65393
      vertex -7.5 -11.1034 5.61866
    endloop
  endfacet
  facet normal -1 0 0
    outer loop
      vertex -7.5 -14.9671 6.65393
      vertex -7.5 -11 6.00464
      vertex -7.5 -11.1034 5.61866
    endloop
  endfacet
  facet normal -1 0 0
    outer loop
      vertex -7.5 -11 6.00464
      vertex -7.5 -12 12.2359
      vertex -7.5 -11 12.2359
    endloop
  endfacet
  facet normal -1 0 0
    outer loop
      vertex -7.5 -12 12.2359
      vertex -7.5 -12.8966 14.3813
      vertex -7.5 -12 14.1411
    endloop
  endfacet
  facet normal -1 0 0
    outer loop
      vertex -7.5 -11 6.00464
      vertex -7.5 -14.9671 6.65393
      vertex -7.5 -12 12.2359
    endloop
  endfacet
  facet normal -1 -0 0
    outer loop
      vertex -7.5 -12 12.2359
      vertex -7.5 -14.9671 6.65393
      vertex -7.5 -12.8966 14.3813
    endloop
  endfacet
  facet normal 0 0.96594 -0.258765
    outer loop
      vertex 7.5 -11.1034 5.61866
      vertex -7.5 -11 6.00464
      vertex 7.5 -11 6.00464
    endloop
  endfacet
  facet normal 0 0.96594 -0.258765
    outer loop
      vertex -7.5 -11 6.00464
      vertex 7.5 -11.1034 5.61866
      vertex -7.5 -11.1034 5.61866
    endloop
  endfacet
  facet normal 0 -0.965927 0.258814
    outer loop
      vertex -7.5 -14.9671 6.65393
      vertex 7.5 -12.8966 14.3813
      vertex -7.5 -12.8966 14.3813
    endloop
  endfacet
  facet normal 0 -0.965927 0.258814
    outer loop
      vertex 7.5 -12.8966 14.3813
      vertex -7.5 -14.9671 6.65393
      vertex 7.5 -14.9671 6.65393
    endloop
  endfacet
  facet normal 0.0979959 0 -0.995187
    outer loop
      vertex -1.85336 -11 27.3175
      vertex 0 11 27.5
      vertex 0 -11 27.5
    endloop
  endfacet
  facet normal 0.0979959 0 -0.995187
    outer loop
      vertex 0 11 27.5
      vertex -1.85336 -11 27.3175
      vertex -1.85336 11 27.3175
    endloop
  endfacet
  facet normal -0.956937 0 -0.290294
    outer loop
      vertex 9.31746 12 19.8534
      vertex 8.96963 11 21
      vertex 8.96963 12 21
    endloop
  endfacet
  facet normal -0.956937 0 -0.290294
    outer loop
      vertex 9.31746 -11 19.8534
      vertex 8.96963 11 21
      vertex 9.31746 12 19.8534
    endloop
  endfacet
  facet normal -0.956939 -3.8767e-07 -0.290288
    outer loop
      vertex 8.77686 -11 21.6355
      vertex 8.96963 11 21
      vertex 9.31746 -11 19.8534
    endloop
  endfacet
  facet normal -0.956943 0 -0.290275
    outer loop
      vertex 8.96963 11 21
      vertex 8.77686 -11 21.6355
      vertex 8.77686 11 21.6355
    endloop
  endfacet
  facet normal -0.995185 -0 -0.0980158
    outer loop
      vertex 9.5 11 18
      vertex 9.5 -11 18
      vertex 9.40151 11 19
    endloop
  endfacet
  facet normal -0.995185 0 -0.0980142
    outer loop
      vertex 9.40151 11 19
      vertex 9.31746 12 19.8534
      vertex 9.40151 12 19
    endloop
  endfacet
  facet normal -0.995185 -3.33398e-08 -0.098015
    outer loop
      vertex 9.31746 -11 19.8534
      vertex 9.40151 11 19
      vertex 9.5 -11 18
    endloop
  endfacet
  facet normal -0.995185 0 -0.0980142
    outer loop
      vertex 9.40151 11 19
      vertex 9.31746 -11 19.8534
      vertex 9.31746 12 19.8534
    endloop
  endfacet
  facet normal -0.0980211 0 0.995184
    outer loop
      vertex 0.975451 6.09607 8.59607
      vertex 1.85336 -12 8.68254
      vertex 1.85336 6.36238 8.68254
    endloop
  endfacet
  facet normal -0.0980136 3.66421e-07 0.995185
    outer loop
      vertex 0 6 8.5
      vertex 1.85336 -12 8.68254
      vertex 0.975451 6.09607 8.59607
    endloop
  endfacet
  facet normal -0.0980171 0 0.995185
    outer loop
      vertex 1.85336 -12 8.68254
      vertex 0 6 8.5
      vertex 0 -12 8.5
    endloop
  endfacet
  facet normal -0.471398 0 -0.881921
    outer loop
      vertex 3.63549 -11 26.7769
      vertex 5.27792 11 25.899
      vertex 5.27792 -11 25.899
    endloop
  endfacet
  facet normal -0.471398 0 -0.881921
    outer loop
      vertex 5.27792 11 25.899
      vertex 3.63549 -11 26.7769
      vertex 3.63549 11 26.7769
    endloop
  endfacet
  facet normal -0.881917 0 0.471405
    outer loop
      vertex 7.89896 -11 12.7221
      vertex 8.77686 11 14.3645
      vertex 7.89896 11 12.7221
    endloop
  endfacet
  facet normal -0.881917 0 0.471405
    outer loop
      vertex 8.77686 11 14.3645
      vertex 7.89896 -11 12.7221
      vertex 8.77686 -11 14.3645
    endloop
  endfacet
  facet normal 0 -1 0
    outer loop
      vertex -9.40151 12 19
      vertex -8.96963 12 21
      vertex -9.31746 12 19.8534
    endloop
  endfacet
  facet normal 0 -1 -0
    outer loop
      vertex -8.96963 12 21
      vertex -9.40151 12 19
      vertex 8.96963 12 21
    endloop
  endfacet
  facet normal 0 -1 0
    outer loop
      vertex 9.40151 12 19
      vertex 8.96963 12 21
      vertex -9.40151 12 19
    endloop
  endfacet
  facet normal 0 -1 0
    outer loop
      vertex 8.96963 12 21
      vertex 9.40151 12 19
      vertex 9.31746 12 19.8534
    endloop
  endfacet
  facet normal 0 -1 0
    outer loop
      vertex 4.89648 12 11
      vertex 5.27792 12 10.101
      vertex 6.37331 12 11
    endloop
  endfacet
  facet normal -0 -1 0
    outer loop
      vertex 5.27792 12 10.101
      vertex 4.89648 12 11
      vertex 4.89648 12 9.89715
    endloop
  endfacet
  facet normal 0 -1 0
    outer loop
      vertex -5.27792 12 10.101
      vertex -4.89648 12 11
      vertex -6.37331 12 11
    endloop
  endfacet
  facet normal 0 -1 -0
    outer loop
      vertex -4.89648 12 11
      vertex -5.27792 12 10.101
      vertex -4.89648 12 9.89715
    endloop
  endfacet
  facet normal -0.881917 0 -0.471405
    outer loop
      vertex 8.77686 -11 21.6355
      vertex 7.89896 11 23.2779
      vertex 8.77686 11 21.6355
    endloop
  endfacet
  facet normal -0.881917 -0 -0.471405
    outer loop
      vertex 7.89896 11 23.2779
      vertex 8.77686 -11 21.6355
      vertex 7.89896 -11 23.2779
    endloop
  endfacet
  facet normal -0.634412 0 -0.772995
    outer loop
      vertex 5.27792 -11 25.899
      vertex 6.71751 11 24.7175
      vertex 6.71751 -11 24.7175
    endloop
  endfacet
  facet normal -0.634412 0 -0.772995
    outer loop
      vertex 6.71751 11 24.7175
      vertex 5.27792 -11 25.899
      vertex 5.27792 11 25.899
    endloop
  endfacet
  facet normal -0.995185 0 0.098015
    outer loop
      vertex 9.31746 -11 16.1466
      vertex 9.5 11 18
      vertex 9.31746 11 16.1466
    endloop
  endfacet
  facet normal -0.995185 0 0.098015
    outer loop
      vertex 9.5 11 18
      vertex 9.31746 -11 16.1466
      vertex 9.5 -11 18
    endloop
  endfacet
  facet normal 0.881917 -0 0.471405
    outer loop
      vertex -8.77686 -11 14.3645
      vertex -7.89896 11 12.7221
      vertex -8.77686 11 14.3645
    endloop
  endfacet
  facet normal 0.881917 0 0.471405
    outer loop
      vertex -7.89896 11 12.7221
      vertex -8.77686 -11 14.3645
      vertex -7.89896 -11 12.7221
    endloop
  endfacet
  facet normal 0.290283 0 -0.956941
    outer loop
      vertex -3.63549 -11 26.7769
      vertex -1.85336 11 27.3175
      vertex -1.85336 -11 27.3175
    endloop
  endfacet
  facet normal 0.290283 0 -0.956941
    outer loop
      vertex -1.85336 11 27.3175
      vertex -3.63549 -11 26.7769
      vertex -3.63549 11 26.7769
    endloop
  endfacet
  facet normal 0.634412 0 -0.772995
    outer loop
      vertex -6.71751 -11 24.7175
      vertex -5.27792 11 25.899
      vertex -5.27792 -11 25.899
    endloop
  endfacet
  facet normal 0.634412 0 -0.772995
    outer loop
      vertex -5.27792 11 25.899
      vertex -6.71751 -11 24.7175
      vertex -6.71751 11 24.7175
    endloop
  endfacet
  facet normal 0.995185 0 -0.0980142
    outer loop
      vertex -9.31746 12 19.8534
      vertex -9.40151 11 19
      vertex -9.40151 12 19
    endloop
  endfacet
  facet normal 0.995185 0 -0.0980142
    outer loop
      vertex -9.31746 -11 19.8534
      vertex -9.40151 11 19
      vertex -9.31746 12 19.8534
    endloop
  endfacet
  facet normal 0.995185 -3.33398e-08 -0.098015
    outer loop
      vertex -9.5 -11 18
      vertex -9.40151 11 19
      vertex -9.31746 -11 19.8534
    endloop
  endfacet
  facet normal 0.995185 0 -0.0980158
    outer loop
      vertex -9.40151 11 19
      vertex -9.5 -11 18
      vertex -9.5 11 18
    endloop
  endfacet
  facet normal -0.290262 0 0.956947
    outer loop
      vertex 3.53553 7.46447 9.19282
      vertex 3.63549 -12 9.22314
      vertex 3.63549 7.58627 9.22314
    endloop
  endfacet
  facet normal -0.290285 -1.25921e-07 0.95694
    outer loop
      vertex 2.77785 6.84265 8.96298
      vertex 3.63549 -12 9.22314
      vertex 3.53553 7.46447 9.19282
    endloop
  endfacet
  facet normal -0.290283 -1.44535e-08 0.956941
    outer loop
      vertex 1.91342 6.3806 8.70076
      vertex 3.63549 -12 9.22314
      vertex 2.77785 6.84265 8.96298
    endloop
  endfacet
  facet normal -0.290299 -1.66267e-06 0.956936
    outer loop
      vertex 1.85336 6.36238 8.68254
      vertex 3.63549 -12 9.22314
      vertex 1.91342 6.3806 8.70076
    endloop
  endfacet
  facet normal -0.290283 0 0.956941
    outer loop
      vertex 3.63549 -12 9.22314
      vertex 1.85336 6.36238 8.68254
      vertex 1.85336 -12 8.68254
    endloop
  endfacet
  facet normal 0.77301 0 -0.634394
    outer loop
      vertex -6.71751 -11 24.7175
      vertex -7.89896 11 23.2779
      vertex -6.71751 11 24.7175
    endloop
  endfacet
  facet normal 0.77301 0 -0.634394
    outer loop
      vertex -7.89896 11 23.2779
      vertex -6.71751 -11 24.7175
      vertex -7.89896 -11 23.2779
    endloop
  endfacet
  facet normal 0.471398 0 -0.881921
    outer loop
      vertex -5.27792 -11 25.899
      vertex -3.63549 11 26.7769
      vertex -3.63549 -11 26.7769
    endloop
  endfacet
  facet normal 0.471398 0 -0.881921
    outer loop
      vertex -3.63549 11 26.7769
      vertex -5.27792 -11 25.899
      vertex -5.27792 11 25.899
    endloop
  endfacet
  facet normal -0.471241 -1.93305e-05 0.882005
    outer loop
      vertex 4.90393 10.0245 9.90114
      vertex 5.27792 12 10.101
      vertex 5 11 9.95249
    endloop
  endfacet
  facet normal -0.47132 9.21472e-06 0.881962
    outer loop
      vertex 5.27792 12 10.101
      vertex 4.90393 11.9755 9.90114
      vertex 5 11 9.95249
    endloop
  endfacet
  facet normal -0.471336 0.000307953 0.881954
    outer loop
      vertex 4.90393 11.9755 9.90114
      vertex 5.27792 12 10.101
      vertex 4.89648 12 9.89715
    endloop
  endfacet
  facet normal -0.47132 0 0.881962
    outer loop
      vertex 5.27792 12 10.101
      vertex 4.90393 10.0245 9.90114
      vertex 5.27792 -12 10.101
    endloop
  endfacet
  facet normal -0.471405 -1.86225e-06 0.881917
    outer loop
      vertex 4.6194 9.08658 9.74905
      vertex 5.27792 -12 10.101
      vertex 4.90393 10.0245 9.90114
    endloop
  endfacet
  facet normal -0.471393 -1.38433e-06 0.881923
    outer loop
      vertex 4.15735 8.22215 9.50208
      vertex 5.27792 -12 10.101
      vertex 4.6194 9.08658 9.74905
    endloop
  endfacet
  facet normal -0.471395 -1.51907e-06 0.881922
    outer loop
      vertex 3.63549 7.58627 9.22314
      vertex 5.27792 -12 10.101
      vertex 4.15735 8.22215 9.50208
    endloop
  endfacet
  facet normal -0.471381 0 0.88193
    outer loop
      vertex 5.27792 -12 10.101
      vertex 3.63549 7.58627 9.22314
      vertex 3.63549 -12 9.22314
    endloop
  endfacet
  facet normal 0.0980136 3.66421e-07 0.995185
    outer loop
      vertex -1.85336 -12 8.68254
      vertex 0 6 8.5
      vertex -0.975451 6.09607 8.59607
    endloop
  endfacet
  facet normal 0.0980211 -0 0.995184
    outer loop
      vertex -1.85336 -12 8.68254
      vertex -0.975451 6.09607 8.59607
      vertex -1.85336 6.36238 8.68254
    endloop
  endfacet
  facet normal 0.0980171 0 0.995185
    outer loop
      vertex 0 6 8.5
      vertex -1.85336 -12 8.68254
      vertex 0 -12 8.5
    endloop
  endfacet
  facet normal 0.290299 -1.66267e-06 0.956936
    outer loop
      vertex -3.63549 -12 9.22314
      vertex -1.85336 6.36238 8.68254
      vertex -1.91342 6.3806 8.70076
    endloop
  endfacet
  facet normal 0.290283 -1.44535e-08 0.956941
    outer loop
      vertex -3.63549 -12 9.22314
      vertex -1.91342 6.3806 8.70076
      vertex -2.77785 6.84265 8.96298
    endloop
  endfacet
  facet normal 0.290285 -1.25921e-07 0.95694
    outer loop
      vertex -3.63549 -12 9.22314
      vertex -2.77785 6.84265 8.96298
      vertex -3.53553 7.46447 9.19282
    endloop
  endfacet
  facet normal 0.290262 -0 0.956947
    outer loop
      vertex -3.63549 -12 9.22314
      vertex -3.53553 7.46447 9.19282
      vertex -3.63549 7.58627 9.22314
    endloop
  endfacet
  facet normal 0.290283 0 0.956941
    outer loop
      vertex -1.85336 6.36238 8.68254
      vertex -3.63549 -12 9.22314
      vertex -1.85336 -12 8.68254
    endloop
  endfacet
  facet normal -0.77301 -1.90802e-06 0.634394
    outer loop
      vertex 6.71751 11 11.2825
      vertex 7.5 -11 12.2359
      vertex 7.89896 11 12.7221
    endloop
  endfacet
  facet normal -0.772989 0 0.63442
    outer loop
      vertex 6.71751 -12 11.2825
      vertex 7.5 -11 12.2359
      vertex 6.71751 11 11.2825
    endloop
  endfacet
  facet normal -0.772989 0 0.63442
    outer loop
      vertex 7.5 -11 12.2359
      vertex 6.71751 -12 11.2825
      vertex 7.5 -12 12.2359
    endloop
  endfacet
  facet normal -0.773053 0 0.634342
    outer loop
      vertex 7.89896 11 12.7221
      vertex 7.5 -11 12.2359
      vertex 7.89896 -11 12.7221
    endloop
  endfacet
  facet normal 0.956939 -0 0.290288
    outer loop
      vertex -9.31746 -11 16.1466
      vertex -8.77686 11 14.3645
      vertex -9.31746 11 16.1466
    endloop
  endfacet
  facet normal 0.956939 0 0.290288
    outer loop
      vertex -8.77686 11 14.3645
      vertex -9.31746 -11 16.1466
      vertex -8.77686 -11 14.3645
    endloop
  endfacet
  facet normal -0.290283 0 -0.956941
    outer loop
      vertex 1.85336 -11 27.3175
      vertex 3.63549 11 26.7769
      vertex 3.63549 -11 26.7769
    endloop
  endfacet
  facet normal -0.290283 0 -0.956941
    outer loop
      vertex 3.63549 11 26.7769
      vertex 1.85336 -11 27.3175
      vertex 1.85336 11 27.3175
    endloop
  endfacet
  facet normal -0.77301 0 -0.634394
    outer loop
      vertex 7.89896 -11 23.2779
      vertex 6.71751 11 24.7175
      vertex 7.89896 11 23.2779
    endloop
  endfacet
  facet normal -0.77301 -0 -0.634394
    outer loop
      vertex 6.71751 11 24.7175
      vertex 7.89896 -11 23.2779
      vertex 6.71751 -11 24.7175
    endloop
  endfacet
  facet normal 0.881917 0 -0.471405
    outer loop
      vertex -7.89896 -11 23.2779
      vertex -8.77686 11 21.6355
      vertex -7.89896 11 23.2779
    endloop
  endfacet
  facet normal 0.881917 0 -0.471405
    outer loop
      vertex -8.77686 11 21.6355
      vertex -7.89896 -11 23.2779
      vertex -8.77686 -11 21.6355
    endloop
  endfacet
  facet normal -0.634409 0 0.772998
    outer loop
      vertex 6.37331 12 11
      vertex 5.27792 12 10.101
      vertex 6.37331 11 11
    endloop
  endfacet
  facet normal -0.634423 0 0.772986
    outer loop
      vertex 6.37331 11 11
      vertex 6.71751 -12 11.2825
      vertex 6.71751 11 11.2825
    endloop
  endfacet
  facet normal -0.634409 0 0.772998
    outer loop
      vertex 5.27792 -12 10.101
      vertex 6.37331 11 11
      vertex 5.27792 12 10.101
    endloop
  endfacet
  facet normal -0.634412 2.77232e-07 0.772995
    outer loop
      vertex 6.37331 11 11
      vertex 5.27792 -12 10.101
      vertex 6.71751 -12 11.2825
    endloop
  endfacet
  facet normal -0.956939 0 0.290288
    outer loop
      vertex 8.77686 -11 14.3645
      vertex 9.31746 11 16.1466
      vertex 8.77686 11 14.3645
    endloop
  endfacet
  facet normal -0.956939 0 0.290288
    outer loop
      vertex 9.31746 11 16.1466
      vertex 8.77686 -11 14.3645
      vertex 9.31746 -11 16.1466
    endloop
  endfacet
  facet normal 0.773053 0 0.634342
    outer loop
      vertex -7.5 -11 12.2359
      vertex -7.89896 11 12.7221
      vertex -7.89896 -11 12.7221
    endloop
  endfacet
  facet normal 0.77301 -1.90802e-06 0.634394
    outer loop
      vertex -7.89896 11 12.7221
      vertex -7.5 -11 12.2359
      vertex -6.71751 11 11.2825
    endloop
  endfacet
  facet normal 0.772989 0 0.63442
    outer loop
      vertex -6.71751 -12 11.2825
      vertex -7.5 -11 12.2359
      vertex -7.5 -12 12.2359
    endloop
  endfacet
  facet normal 0.772989 0 0.63442
    outer loop
      vertex -7.5 -11 12.2359
      vertex -6.71751 -12 11.2825
      vertex -6.71751 11 11.2825
    endloop
  endfacet
  facet normal 0.634409 -0 0.772998
    outer loop
      vertex -6.37331 11 11
      vertex -5.27792 12 10.101
      vertex -6.37331 12 11
    endloop
  endfacet
  facet normal 0.634409 0 0.772998
    outer loop
      vertex -5.27792 12 10.101
      vertex -6.37331 11 11
      vertex -5.27792 -12 10.101
    endloop
  endfacet
  facet normal 0.634423 -0 0.772986
    outer loop
      vertex -6.71751 -12 11.2825
      vertex -6.37331 11 11
      vertex -6.71751 11 11.2825
    endloop
  endfacet
  facet normal 0.634412 2.77232e-07 0.772995
    outer loop
      vertex -6.37331 11 11
      vertex -6.71751 -12 11.2825
      vertex -5.27792 -12 10.101
    endloop
  endfacet
  facet normal 0 1 0
    outer loop
      vertex 6.71751 -12 11.2825
      vertex 7.5 -12 14.1411
      vertex 7.5 -12 12.2359
    endloop
  endfacet
  facet normal 0 1 0
    outer loop
      vertex 3.63549 -12 9.22314
      vertex 7.5 -12 14.1411
      vertex 5.27792 -12 10.101
    endloop
  endfacet
  facet normal 0 1 0
    outer loop
      vertex 7.5 -12 14.1411
      vertex 6.71751 -12 11.2825
      vertex 5.27792 -12 10.101
    endloop
  endfacet
  facet normal 0 1 0
    outer loop
      vertex 1.85336 -12 8.68254
      vertex 7.5 -12 14.1411
      vertex 3.63549 -12 9.22314
    endloop
  endfacet
  facet normal 0 1 0
    outer loop
      vertex 0 -12 8.5
      vertex 7.5 -12 14.1411
      vertex 1.85336 -12 8.68254
    endloop
  endfacet
  facet normal 0 1 0
    outer loop
      vertex -7.5 -12 14.1411
      vertex -6.71751 -12 11.2825
      vertex -7.5 -12 12.2359
    endloop
  endfacet
  facet normal -0 1 -0
    outer loop
      vertex -5.27792 -12 10.101
      vertex -7.5 -12 14.1411
      vertex -3.63549 -12 9.22314
    endloop
  endfacet
  facet normal -0 1 -0
    outer loop
      vertex -6.71751 -12 11.2825
      vertex -7.5 -12 14.1411
      vertex -5.27792 -12 10.101
    endloop
  endfacet
  facet normal 0 1 0
    outer loop
      vertex 7.5 -12 14.1411
      vertex 0 -12 8.5
      vertex -7.5 -12 14.1411
    endloop
  endfacet
  facet normal 0 1 0
    outer loop
      vertex -7.5 -12 14.1411
      vertex -1.85336 -12 8.68254
      vertex -3.63549 -12 9.22314
    endloop
  endfacet
  facet normal 0 1 0
    outer loop
      vertex -7.5 -12 14.1411
      vertex 0 -12 8.5
      vertex -1.85336 -12 8.68254
    endloop
  endfacet
  facet normal -0.0979959 0 -0.995187
    outer loop
      vertex 0 -11 27.5
      vertex 1.85336 11 27.3175
      vertex 1.85336 -11 27.3175
    endloop
  endfacet
  facet normal -0.0979959 0 -0.995187
    outer loop
      vertex 1.85336 11 27.3175
      vertex 0 -11 27.5
      vertex 0 11 27.5
    endloop
  endfacet
  facet normal 0.956943 0 -0.290275
    outer loop
      vertex -8.77686 11 21.6355
      vertex -8.77686 -11 21.6355
      vertex -8.96963 11 21
    endloop
  endfacet
  facet normal 0.956937 0 -0.290294
    outer loop
      vertex -8.96963 11 21
      vertex -9.31746 12 19.8534
      vertex -8.96963 12 21
    endloop
  endfacet
  facet normal 0.956939 -3.8767e-07 -0.290288
    outer loop
      vertex -9.31746 -11 19.8534
      vertex -8.96963 11 21
      vertex -8.77686 -11 21.6355
    endloop
  endfacet
  facet normal 0.956937 0 -0.290294
    outer loop
      vertex -8.96963 11 21
      vertex -9.31746 -11 19.8534
      vertex -9.31746 12 19.8534
    endloop
  endfacet
  facet normal 0.47132 9.21472e-06 0.881962
    outer loop
      vertex -4.90393 11.9755 9.90114
      vertex -5.27792 12 10.101
      vertex -5 11 9.95249
    endloop
  endfacet
  facet normal 0.471336 0.000307953 0.881954
    outer loop
      vertex -5.27792 12 10.101
      vertex -4.90393 11.9755 9.90114
      vertex -4.89648 12 9.89715
    endloop
  endfacet
  facet normal 0.471395 -1.51907e-06 0.881922
    outer loop
      vertex -5.27792 -12 10.101
      vertex -3.63549 7.58627 9.22314
      vertex -4.15735 8.22215 9.50208
    endloop
  endfacet
  facet normal 0.471393 -1.38433e-06 0.881923
    outer loop
      vertex -5.27792 -12 10.101
      vertex -4.15735 8.22215 9.50208
      vertex -4.6194 9.08658 9.74905
    endloop
  endfacet
  facet normal 0.471405 -1.86225e-06 0.881917
    outer loop
      vertex -5.27792 -12 10.101
      vertex -4.6194 9.08658 9.74905
      vertex -4.90393 10.0245 9.90114
    endloop
  endfacet
  facet normal 0.471241 -1.93305e-05 0.882005
    outer loop
      vertex -5.27792 12 10.101
      vertex -4.90393 10.0245 9.90114
      vertex -5 11 9.95249
    endloop
  endfacet
  facet normal 0.47132 0 0.881962
    outer loop
      vertex -4.90393 10.0245 9.90114
      vertex -5.27792 12 10.101
      vertex -5.27792 -12 10.101
    endloop
  endfacet
  facet normal 0.471381 0 0.88193
    outer loop
      vertex -3.63549 7.58627 9.22314
      vertex -5.27792 -12 10.101
      vertex -3.63549 -12 9.22314
    endloop
  endfacet
  facet normal 0.995185 -0 0.098015
    outer loop
      vertex -9.5 -11 18
      vertex -9.31746 11 16.1466
      vertex -9.5 11 18
    endloop
  endfacet
  facet normal 0.995185 0 0.098015
    outer loop
      vertex -9.31746 11 16.1466
      vertex -9.5 -11 18
      vertex -9.31746 -11 16.1466
    endloop
  endfacet
  facet normal 0.0980171 0 -0.995185
    outer loop
      vertex -1.85336 -11 -8.68254
      vertex 0 11 -8.5
      vertex 0 -11 -8.5
    endloop
  endfacet
  facet normal 0.0980171 0 -0.995185
    outer loop
      vertex 0 11 -8.5
      vertex -1.85336 -11 -8.68254
      vertex -1.85336 11 -8.68254
    endloop
  endfacet
  facet normal -0.0979959 0 0.995187
    outer loop
      vertex 0 11 -27.5
      vertex 1.85336 -11 -27.3175
      vertex 1.85336 11 -27.3175
    endloop
  endfacet
  facet normal -0.0979959 0 0.995187
    outer loop
      vertex 1.85336 -11 -27.3175
      vertex 0 11 -27.5
      vertex 0 -11 -27.5
    endloop
  endfacet
  facet normal -0.956939 0 -0.290288
    outer loop
      vertex 9.31746 -11 -16.1466
      vertex 8.77686 11 -14.3645
      vertex 9.31746 11 -16.1466
    endloop
  endfacet
  facet normal -0.956939 -0 -0.290288
    outer loop
      vertex 8.77686 11 -14.3645
      vertex 9.31746 -11 -16.1466
      vertex 8.77686 -11 -14.3645
    endloop
  endfacet
  facet normal -0.995185 0 -0.098015
    outer loop
      vertex 9.5 -11 -18
      vertex 9.31746 11 -16.1466
      vertex 9.5 11 -18
    endloop
  endfacet
  facet normal -0.995185 -0 -0.098015
    outer loop
      vertex 9.31746 11 -16.1466
      vertex 9.5 -11 -18
      vertex 9.31746 -11 -16.1466
    endloop
  endfacet
  facet normal 0.956937 0 0.290294
    outer loop
      vertex -9.31746 12 -19.8534
      vertex -8.96963 11 -21
      vertex -8.96963 12 -21
    endloop
  endfacet
  facet normal 0.956937 -0 0.290294
    outer loop
      vertex -9.31746 -11 -19.8534
      vertex -8.96963 11 -21
      vertex -9.31746 12 -19.8534
    endloop
  endfacet
  facet normal 0.956939 -3.8767e-07 0.290288
    outer loop
      vertex -8.77686 -11 -21.6355
      vertex -8.96963 11 -21
      vertex -9.31746 -11 -19.8534
    endloop
  endfacet
  facet normal 0.956943 0 0.290275
    outer loop
      vertex -8.96963 11 -21
      vertex -8.77686 -11 -21.6355
      vertex -8.77686 11 -21.6355
    endloop
  endfacet
  facet normal 0.995185 0 -0.098015
    outer loop
      vertex -9.31746 -11 -16.1466
      vertex -9.5 11 -18
      vertex -9.31746 11 -16.1466
    endloop
  endfacet
  facet normal 0.995185 0 -0.098015
    outer loop
      vertex -9.5 11 -18
      vertex -9.31746 -11 -16.1466
      vertex -9.5 -11 -18
    endloop
  endfacet
  facet normal -0.290283 0 -0.956941
    outer loop
      vertex 3.63549 -11 -9.22314
      vertex 2.89989 11 -9
      vertex 3.63549 12 -9.22314
    endloop
  endfacet
  facet normal -0.290283 -2.12784e-08 -0.956941
    outer loop
      vertex 1.85336 -11 -8.68254
      vertex 2.89989 11 -9
      vertex 3.63549 -11 -9.22314
    endloop
  endfacet
  facet normal -0.290284 0 -0.956941
    outer loop
      vertex 2.89989 11 -9
      vertex 1.85336 -11 -8.68254
      vertex 1.85336 11 -8.68254
    endloop
  endfacet
  facet normal -0.290283 0 -0.956941
    outer loop
      vertex 3.63549 12 -9.22314
      vertex 2.89989 11 -9
      vertex 2.89989 12 -9
    endloop
  endfacet
  facet normal -0.77301 0 0.634394
    outer loop
      vertex 6.71751 -11 -24.7175
      vertex 7.89896 11 -23.2779
      vertex 6.71751 11 -24.7175
    endloop
  endfacet
  facet normal -0.77301 0 0.634394
    outer loop
      vertex 7.89896 11 -23.2779
      vertex 6.71751 -11 -24.7175
      vertex 7.89896 -11 -23.2779
    endloop
  endfacet
  facet normal -0.471381 0 -0.88193
    outer loop
      vertex 3.63549 -11 -9.22314
      vertex 5.27792 12 -10.101
      vertex 5.27792 -11 -10.101
    endloop
  endfacet
  facet normal -0.471381 0 -0.88193
    outer loop
      vertex 5.27792 12 -10.101
      vertex 3.63549 -11 -9.22314
      vertex 3.63549 12 -9.22314
    endloop
  endfacet
  facet normal -0.881917 0 -0.471405
    outer loop
      vertex 8.77686 -11 -14.3645
      vertex 7.89896 11 -12.7221
      vertex 8.77686 11 -14.3645
    endloop
  endfacet
  facet normal -0.881917 -0 -0.471405
    outer loop
      vertex 7.89896 11 -12.7221
      vertex 8.77686 -11 -14.3645
      vertex 7.89896 -11 -12.7221
    endloop
  endfacet
  facet normal -0.77301 0 -0.634394
    outer loop
      vertex 7.89896 -11 -12.7221
      vertex 6.71751 11 -11.2825
      vertex 7.89896 11 -12.7221
    endloop
  endfacet
  facet normal -0.77301 -0 -0.634394
    outer loop
      vertex 6.71751 11 -11.2825
      vertex 7.89896 -11 -12.7221
      vertex 6.71751 -11 -11.2825
    endloop
  endfacet
  facet normal 0.471381 0 -0.88193
    outer loop
      vertex -5.27792 -11 -10.101
      vertex -3.63549 12 -9.22314
      vertex -3.63549 -11 -9.22314
    endloop
  endfacet
  facet normal 0.471381 0 -0.88193
    outer loop
      vertex -3.63549 12 -9.22314
      vertex -5.27792 -11 -10.101
      vertex -5.27792 12 -10.101
    endloop
  endfacet
  facet normal 0.881917 0 -0.471405
    outer loop
      vertex -7.89896 -11 -12.7221
      vertex -8.77686 11 -14.3645
      vertex -7.89896 11 -12.7221
    endloop
  endfacet
  facet normal 0.881917 0 -0.471405
    outer loop
      vertex -8.77686 11 -14.3645
      vertex -7.89896 -11 -12.7221
      vertex -8.77686 -11 -14.3645
    endloop
  endfacet
  facet normal 0.77301 0 -0.634394
    outer loop
      vertex -6.71751 -11 -11.2825
      vertex -7.89896 11 -12.7221
      vertex -6.71751 11 -11.2825
    endloop
  endfacet
  facet normal 0.77301 0 -0.634394
    outer loop
      vertex -7.89896 11 -12.7221
      vertex -6.71751 -11 -11.2825
      vertex -7.89896 -11 -12.7221
    endloop
  endfacet
  facet normal 0.290284 0 -0.956941
    outer loop
      vertex -1.85336 -11 -8.68254
      vertex -2.89989 11 -9
      vertex -1.85336 11 -8.68254
    endloop
  endfacet
  facet normal 0.290283 -2.12784e-08 -0.956941
    outer loop
      vertex -3.63549 -11 -9.22314
      vertex -2.89989 11 -9
      vertex -1.85336 -11 -8.68254
    endloop
  endfacet
  facet normal 0.290283 0 -0.956941
    outer loop
      vertex -3.63549 12 -9.22314
      vertex -2.89989 11 -9
      vertex -3.63549 -11 -9.22314
    endloop
  endfacet
  facet normal 0.290283 0 -0.956941
    outer loop
      vertex -2.89989 11 -9
      vertex -3.63549 12 -9.22314
      vertex -2.89989 12 -9
    endloop
  endfacet
  facet normal -0.290283 0 0.956941
    outer loop
      vertex 1.85336 11 -27.3175
      vertex 3.63549 -11 -26.7769
      vertex 3.63549 11 -26.7769
    endloop
  endfacet
  facet normal -0.290283 0 0.956941
    outer loop
      vertex 3.63549 -11 -26.7769
      vertex 1.85336 11 -27.3175
      vertex 1.85336 -11 -27.3175
    endloop
  endfacet
  facet normal 0.471398 0 0.881921
    outer loop
      vertex -5.27792 11 -25.899
      vertex -3.63549 -11 -26.7769
      vertex -3.63549 11 -26.7769
    endloop
  endfacet
  facet normal 0.471398 0 0.881921
    outer loop
      vertex -3.63549 -11 -26.7769
      vertex -5.27792 11 -25.899
      vertex -5.27792 -11 -25.899
    endloop
  endfacet
  facet normal -0.881917 0 0.471405
    outer loop
      vertex 7.89896 -11 -23.2779
      vertex 8.77686 11 -21.6355
      vertex 7.89896 11 -23.2779
    endloop
  endfacet
  facet normal -0.881917 0 0.471405
    outer loop
      vertex 8.77686 11 -21.6355
      vertex 7.89896 -11 -23.2779
      vertex 8.77686 -11 -21.6355
    endloop
  endfacet
  facet normal -0.956943 0 0.290275
    outer loop
      vertex 8.77686 11 -21.6355
      vertex 8.77686 -11 -21.6355
      vertex 8.96963 11 -21
    endloop
  endfacet
  facet normal -0.956937 0 0.290294
    outer loop
      vertex 8.96963 11 -21
      vertex 9.31746 12 -19.8534
      vertex 8.96963 12 -21
    endloop
  endfacet
  facet normal -0.956939 -3.8767e-07 0.290288
    outer loop
      vertex 9.31746 -11 -19.8534
      vertex 8.96963 11 -21
      vertex 8.77686 -11 -21.6355
    endloop
  endfacet
  facet normal -0.956937 0 0.290294
    outer loop
      vertex 8.96963 11 -21
      vertex 9.31746 -11 -19.8534
      vertex 9.31746 12 -19.8534
    endloop
  endfacet
  facet normal 0.995185 0 0.0980158
    outer loop
      vertex -9.5 11 -18
      vertex -9.5 -11 -18
      vertex -9.40151 11 -19
    endloop
  endfacet
  facet normal 0.995185 -0 0.0980142
    outer loop
      vertex -9.40151 11 -19
      vertex -9.31746 12 -19.8534
      vertex -9.40151 12 -19
    endloop
  endfacet
  facet normal 0.995185 -3.33398e-08 0.098015
    outer loop
      vertex -9.31746 -11 -19.8534
      vertex -9.40151 11 -19
      vertex -9.5 -11 -18
    endloop
  endfacet
  facet normal 0.995185 0 0.0980142
    outer loop
      vertex -9.40151 11 -19
      vertex -9.31746 -11 -19.8534
      vertex -9.31746 12 -19.8534
    endloop
  endfacet
  facet normal 0.634409 0 -0.772998
    outer loop
      vertex -5.27792 -11 -10.101
      vertex -6.37331 11 -11
      vertex -5.27792 12 -10.101
    endloop
  endfacet
  facet normal 0.634412 2.89834e-07 -0.772995
    outer loop
      vertex -6.71751 -11 -11.2825
      vertex -6.37331 11 -11
      vertex -5.27792 -11 -10.101
    endloop
  endfacet
  facet normal 0.634423 0 -0.772986
    outer loop
      vertex -6.37331 11 -11
      vertex -6.71751 -11 -11.2825
      vertex -6.71751 11 -11.2825
    endloop
  endfacet
  facet normal 0.634409 0 -0.772998
    outer loop
      vertex -5.27792 12 -10.101
      vertex -6.37331 11 -11
      vertex -6.37331 12 -11
    endloop
  endfacet
  facet normal 0.290283 0 0.956941
    outer loop
      vertex -3.63549 11 -26.7769
      vertex -1.85336 -11 -27.3175
      vertex -1.85336 11 -27.3175
    endloop
  endfacet
  facet normal 0.290283 0 0.956941
    outer loop
      vertex -1.85336 -11 -27.3175
      vertex -3.63549 11 -26.7769
      vertex -3.63549 -11 -26.7769
    endloop
  endfacet
  facet normal -0.0980171 0 -0.995185
    outer loop
      vertex 0 -11 -8.5
      vertex 1.85336 11 -8.68254
      vertex 1.85336 -11 -8.68254
    endloop
  endfacet
  facet normal -0.0980171 0 -0.995185
    outer loop
      vertex 1.85336 11 -8.68254
      vertex 0 -11 -8.5
      vertex 0 11 -8.5
    endloop
  endfacet
  facet normal -0.634423 0 -0.772986
    outer loop
      vertex 6.71751 -11 -11.2825
      vertex 6.37331 11 -11
      vertex 6.71751 11 -11.2825
    endloop
  endfacet
  facet normal -0.634412 2.89834e-07 -0.772995
    outer loop
      vertex 5.27792 -11 -10.101
      vertex 6.37331 11 -11
      vertex 6.71751 -11 -11.2825
    endloop
  endfacet
  facet normal -0.634409 -0 -0.772998
    outer loop
      vertex 5.27792 12 -10.101
      vertex 6.37331 11 -11
      vertex 5.27792 -11 -10.101
    endloop
  endfacet
  facet normal -0.634409 0 -0.772998
    outer loop
      vertex 6.37331 11 -11
      vertex 5.27792 12 -10.101
      vertex 6.37331 12 -11
    endloop
  endfacet
  facet normal 0.956939 0 -0.290288
    outer loop
      vertex -8.77686 -11 -14.3645
      vertex -9.31746 11 -16.1466
      vertex -8.77686 11 -14.3645
    endloop
  endfacet
  facet normal 0.956939 0 -0.290288
    outer loop
      vertex -9.31746 11 -16.1466
      vertex -8.77686 -11 -14.3645
      vertex -9.31746 -11 -16.1466
    endloop
  endfacet
  facet normal 0.0979959 0 0.995187
    outer loop
      vertex -1.85336 11 -27.3175
      vertex 0 -11 -27.5
      vertex 0 11 -27.5
    endloop
  endfacet
  facet normal 0.0979959 0 0.995187
    outer loop
      vertex 0 -11 -27.5
      vertex -1.85336 11 -27.3175
      vertex -1.85336 -11 -27.3175
    endloop
  endfacet
  facet normal -0.995185 0 0.0980142
    outer loop
      vertex 9.31746 12 -19.8534
      vertex 9.40151 11 -19
      vertex 9.40151 12 -19
    endloop
  endfacet
  facet normal -0.995185 0 0.0980142
    outer loop
      vertex 9.31746 -11 -19.8534
      vertex 9.40151 11 -19
      vertex 9.31746 12 -19.8534
    endloop
  endfacet
  facet normal -0.995185 -3.33398e-08 0.098015
    outer loop
      vertex 9.5 -11 -18
      vertex 9.40151 11 -19
      vertex 9.31746 -11 -19.8534
    endloop
  endfacet
  facet normal -0.995185 0 0.0980158
    outer loop
      vertex 9.40151 11 -19
      vertex 9.5 -11 -18
      vertex 9.5 11 -18
    endloop
  endfacet
  facet normal -0.471398 0 0.881921
    outer loop
      vertex 3.63549 11 -26.7769
      vertex 5.27792 -11 -25.899
      vertex 5.27792 11 -25.899
    endloop
  endfacet
  facet normal -0.471398 0 0.881921
    outer loop
      vertex 5.27792 -11 -25.899
      vertex 3.63549 11 -26.7769
      vertex 3.63549 -11 -26.7769
    endloop
  endfacet
  facet normal 0.881917 -0 0.471405
    outer loop
      vertex -8.77686 -11 -21.6355
      vertex -7.89896 11 -23.2779
      vertex -8.77686 11 -21.6355
    endloop
  endfacet
  facet normal 0.881917 0 0.471405
    outer loop
      vertex -7.89896 11 -23.2779
      vertex -8.77686 -11 -21.6355
      vertex -7.89896 -11 -23.2779
    endloop
  endfacet
  facet normal 0.77301 -0 0.634394
    outer loop
      vertex -7.89896 -11 -23.2779
      vertex -6.71751 11 -24.7175
      vertex -7.89896 11 -23.2779
    endloop
  endfacet
  facet normal 0.77301 0 0.634394
    outer loop
      vertex -6.71751 11 -24.7175
      vertex -7.89896 -11 -23.2779
      vertex -6.71751 -11 -24.7175
    endloop
  endfacet
  facet normal 0 -1 0
    outer loop
      vertex -5.27792 12 -10.101
      vertex -2.89989 12 -9
      vertex -3.63549 12 -9.22314
    endloop
  endfacet
  facet normal 0 -1 -0
    outer loop
      vertex -2.89989 12 -9
      vertex -6.37331 12 -11
      vertex 2.89989 12 -9
    endloop
  endfacet
  facet normal 0 -1 0
    outer loop
      vertex -2.89989 12 -9
      vertex -5.27792 12 -10.101
      vertex -6.37331 12 -11
    endloop
  endfacet
  facet normal 0 -1 0
    outer loop
      vertex 6.37331 12 -11
      vertex 2.89989 12 -9
      vertex -6.37331 12 -11
    endloop
  endfacet
  facet normal -0 -1 -0
    outer loop
      vertex 5.27792 12 -10.101
      vertex 2.89989 12 -9
      vertex 6.37331 12 -11
    endloop
  endfacet
  facet normal 0 -1 0
    outer loop
      vertex 2.89989 12 -9
      vertex 5.27792 12 -10.101
      vertex 3.63549 12 -9.22314
    endloop
  endfacet
  facet normal 0 -1 0
    outer loop
      vertex -8.96963 12 -21
      vertex -9.40151 12 -19
      vertex -9.31746 12 -19.8534
    endloop
  endfacet
  facet normal 0 -1 0
    outer loop
      vertex -9.40151 12 -19
      vertex -8.96963 12 -21
      vertex 9.40151 12 -19
    endloop
  endfacet
  facet normal 0 -1 0
    outer loop
      vertex 8.96963 12 -21
      vertex 9.40151 12 -19
      vertex -8.96963 12 -21
    endloop
  endfacet
  facet normal 0 -1 0
    outer loop
      vertex 9.40151 12 -19
      vertex 8.96963 12 -21
      vertex 9.31746 12 -19.8534
    endloop
  endfacet
  facet normal 0.634412 0 0.772995
    outer loop
      vertex -6.71751 11 -24.7175
      vertex -5.27792 -11 -25.899
      vertex -5.27792 11 -25.899
    endloop
  endfacet
  facet normal 0.634412 0 0.772995
    outer loop
      vertex -5.27792 -11 -25.899
      vertex -6.71751 11 -24.7175
      vertex -6.71751 -11 -24.7175
    endloop
  endfacet
  facet normal -0.634412 0 0.772995
    outer loop
      vertex 5.27792 11 -25.899
      vertex 6.71751 -11 -24.7175
      vertex 6.71751 11 -24.7175
    endloop
  endfacet
  facet normal -0.634412 0 0.772995
    outer loop
      vertex 6.71751 -11 -24.7175
      vertex 5.27792 11 -25.899
      vertex 5.27792 -11 -25.899
    endloop
  endfacet
  facet normal -0.290281 -0.956941 0
    outer loop
      vertex 0.390181 -8.03843 30
      vertex 0.765367 -8.15224 32
      vertex 0.390181 -8.03843 32
    endloop
  endfacet
  facet normal -0.290281 -0.956941 -0
    outer loop
      vertex 0.765367 -8.15224 32
      vertex 0.390181 -8.03843 30
      vertex 0.765367 -8.15224 30
    endloop
  endfacet
  facet normal -0.956942 -0.290279 0
    outer loop
      vertex 1.96157 -9.60982 30
      vertex 1.84776 -9.23463 32
      vertex 1.84776 -9.23463 30
    endloop
  endfacet
  facet normal -0.956942 -0.290279 0
    outer loop
      vertex 1.84776 -9.23463 32
      vertex 1.96157 -9.60982 30
      vertex 1.96157 -9.60982 32
    endloop
  endfacet
  facet normal -0.995185 -0.0980187 0
    outer loop
      vertex 2 -10 30
      vertex 1.96157 -9.60982 32
      vertex 1.96157 -9.60982 30
    endloop
  endfacet
  facet normal -0.995185 -0.0980187 0
    outer loop
      vertex 1.96157 -9.60982 32
      vertex 2 -10 30
      vertex 2 -10 32
    endloop
  endfacet
  facet normal -0.881919 -0.471401 0
    outer loop
      vertex 1.84776 -9.23463 30
      vertex 1.66294 -8.88886 32
      vertex 1.66294 -8.88886 30
    endloop
  endfacet
  facet normal -0.881919 -0.471401 0
    outer loop
      vertex 1.66294 -8.88886 32
      vertex 1.84776 -9.23463 30
      vertex 1.84776 -9.23463 32
    endloop
  endfacet
  facet normal 0.881884 0.471466 0
    outer loop
      vertex -1.84776 -10.7654 34
      vertex -1.72234 -11 32
      vertex -1.84776 -10.7654 30
    endloop
  endfacet
  facet normal 0.881879 0.471475 -1.37499e-06
    outer loop
      vertex -1.66294 -11.1111 34
      vertex -1.72234 -11 32
      vertex -1.84776 -10.7654 34
    endloop
  endfacet
  facet normal 0.881869 0.471494 0
    outer loop
      vertex -1.72234 -11 32
      vertex -1.66294 -11.1111 34
      vertex -1.66294 -11.1111 32
    endloop
  endfacet
  facet normal 0.881884 0.471466 0
    outer loop
      vertex -1.84776 -10.7654 30
      vertex -1.72234 -11 32
      vertex -1.72234 -11 30
    endloop
  endfacet
  facet normal -0.634404 -0.773002 0
    outer loop
      vertex 1.11114 -8.33706 30
      vertex 1.41421 -8.58579 32
      vertex 1.11114 -8.33706 32
    endloop
  endfacet
  facet normal -0.634404 -0.773002 -0
    outer loop
      vertex 1.41421 -8.58579 32
      vertex 1.11114 -8.33706 30
      vertex 1.41421 -8.58579 30
    endloop
  endfacet
  facet normal -0.995185 0.0980137 0
    outer loop
      vertex 1.96157 -10.3902 30
      vertex 2 -10 32
      vertex 2 -10 30
    endloop
  endfacet
  facet normal -0.995185 0.0980137 0
    outer loop
      vertex 1.96157 -10.3902 34
      vertex 2 -10 32
      vertex 1.96157 -10.3902 30
    endloop
  endfacet
  facet normal -0.995185 0.0980137 0
    outer loop
      vertex 2 -10 32
      vertex 1.96157 -10.3902 34
      vertex 2 -10 34
    endloop
  endfacet
  facet normal 0.956942 -0.290279 0
    outer loop
      vertex -1.96157 -9.60982 32
      vertex -1.84776 -9.23463 30
      vertex -1.84776 -9.23463 32
    endloop
  endfacet
  facet normal 0.956942 -0.290279 0
    outer loop
      vertex -1.84776 -9.23463 30
      vertex -1.96157 -9.60982 32
      vertex -1.96157 -9.60982 30
    endloop
  endfacet
  facet normal -0.0980185 -0.995185 0
    outer loop
      vertex 0 -8 30
      vertex 0.390181 -8.03843 32
      vertex 0 -8 32
    endloop
  endfacet
  facet normal -0.0980185 -0.995185 -0
    outer loop
      vertex 0.390181 -8.03843 32
      vertex 0 -8 30
      vertex 0.390181 -8.03843 30
    endloop
  endfacet
  facet normal 0.471398 -0.881921 0
    outer loop
      vertex -1.11114 -8.33706 30
      vertex -0.765367 -8.15224 32
      vertex -1.11114 -8.33706 32
    endloop
  endfacet
  facet normal 0.471398 -0.881921 0
    outer loop
      vertex -0.765367 -8.15224 32
      vertex -1.11114 -8.33706 30
      vertex -0.765367 -8.15224 30
    endloop
  endfacet
  facet normal 0.634404 -0.773002 0
    outer loop
      vertex -1.41421 -8.58579 30
      vertex -1.11114 -8.33706 32
      vertex -1.41421 -8.58579 32
    endloop
  endfacet
  facet normal 0.634404 -0.773002 0
    outer loop
      vertex -1.11114 -8.33706 32
      vertex -1.41421 -8.58579 30
      vertex -1.11114 -8.33706 30
    endloop
  endfacet
  facet normal -0.881884 0.471466 0
    outer loop
      vertex 1.72234 -11 32
      vertex 1.84776 -10.7654 30
      vertex 1.72234 -11 30
    endloop
  endfacet
  facet normal -0.881884 0.471466 0
    outer loop
      vertex 1.84776 -10.7654 30
      vertex 1.72234 -11 32
      vertex 1.84776 -10.7654 34
    endloop
  endfacet
  facet normal -0.881869 0.471494 0
    outer loop
      vertex 1.66294 -11.1111 34
      vertex 1.72234 -11 32
      vertex 1.66294 -11.1111 32
    endloop
  endfacet
  facet normal -0.881879 0.471475 -1.37499e-06
    outer loop
      vertex 1.72234 -11 32
      vertex 1.66294 -11.1111 34
      vertex 1.84776 -10.7654 34
    endloop
  endfacet
  facet normal -0.956944 0.290271 0
    outer loop
      vertex 1.84776 -10.7654 30
      vertex 1.96157 -10.3902 34
      vertex 1.96157 -10.3902 30
    endloop
  endfacet
  facet normal -0.956944 0.290271 0
    outer loop
      vertex 1.96157 -10.3902 34
      vertex 1.84776 -10.7654 30
      vertex 1.84776 -10.7654 34
    endloop
  endfacet
  facet normal 0.956944 0.290271 0
    outer loop
      vertex -1.84776 -10.7654 34
      vertex -1.96157 -10.3902 30
      vertex -1.96157 -10.3902 34
    endloop
  endfacet
  facet normal 0.956944 0.290271 0
    outer loop
      vertex -1.96157 -10.3902 30
      vertex -1.84776 -10.7654 34
      vertex -1.84776 -10.7654 30
    endloop
  endfacet
  facet normal 0.290281 -0.956941 0
    outer loop
      vertex -0.765367 -8.15224 30
      vertex -0.390181 -8.03843 32
      vertex -0.765367 -8.15224 32
    endloop
  endfacet
  facet normal 0.290281 -0.956941 0
    outer loop
      vertex -0.390181 -8.03843 32
      vertex -0.765367 -8.15224 30
      vertex -0.390181 -8.03843 30
    endloop
  endfacet
  facet normal 0.995185 -0.0980187 0
    outer loop
      vertex -2 -10 32
      vertex -1.96157 -9.60982 30
      vertex -1.96157 -9.60982 32
    endloop
  endfacet
  facet normal 0.995185 -0.0980187 0
    outer loop
      vertex -1.96157 -9.60982 30
      vertex -2 -10 32
      vertex -2 -10 30
    endloop
  endfacet
  facet normal -0.773002 -0.634404 0
    outer loop
      vertex 1.66294 -8.88886 30
      vertex 1.41421 -8.58579 32
      vertex 1.41421 -8.58579 30
    endloop
  endfacet
  facet normal -0.773002 -0.634404 0
    outer loop
      vertex 1.41421 -8.58579 32
      vertex 1.66294 -8.88886 30
      vertex 1.66294 -8.88886 32
    endloop
  endfacet
  facet normal -0.471398 -0.881921 0
    outer loop
      vertex 0.765367 -8.15224 30
      vertex 1.11114 -8.33706 32
      vertex 0.765367 -8.15224 32
    endloop
  endfacet
  facet normal -0.471398 -0.881921 -0
    outer loop
      vertex 1.11114 -8.33706 32
      vertex 0.765367 -8.15224 30
      vertex 1.11114 -8.33706 30
    endloop
  endfacet
  facet normal 0.773002 -0.634404 0
    outer loop
      vertex -1.66294 -8.88886 32
      vertex -1.41421 -8.58579 30
      vertex -1.41421 -8.58579 32
    endloop
  endfacet
  facet normal 0.773002 -0.634404 0
    outer loop
      vertex -1.41421 -8.58579 30
      vertex -1.66294 -8.88886 32
      vertex -1.66294 -8.88886 30
    endloop
  endfacet
  facet normal 0.0980185 -0.995185 0
    outer loop
      vertex -0.390181 -8.03843 30
      vertex 0 -8 32
      vertex -0.390181 -8.03843 32
    endloop
  endfacet
  facet normal 0.0980185 -0.995185 0
    outer loop
      vertex 0 -8 32
      vertex -0.390181 -8.03843 30
      vertex 0 -8 30
    endloop
  endfacet
  facet normal 0.995185 0.0980137 0
    outer loop
      vertex -1.96157 -10.3902 34
      vertex -2 -10 32
      vertex -2 -10 34
    endloop
  endfacet
  facet normal 0.995185 0.0980137 -0
    outer loop
      vertex -1.96157 -10.3902 30
      vertex -2 -10 32
      vertex -1.96157 -10.3902 34
    endloop
  endfacet
  facet normal 0.995185 0.0980137 0
    outer loop
      vertex -2 -10 32
      vertex -1.96157 -10.3902 30
      vertex -2 -10 30
    endloop
  endfacet
  facet normal 0.881919 -0.471401 0
    outer loop
      vertex -1.84776 -9.23463 32
      vertex -1.66294 -8.88886 30
      vertex -1.66294 -8.88886 32
    endloop
  endfacet
  facet normal 0.881919 -0.471401 0
    outer loop
      vertex -1.66294 -8.88886 30
      vertex -1.84776 -9.23463 32
      vertex -1.84776 -9.23463 30
    endloop
  endfacet
  facet normal 0 0 1
    outer loop
      vertex 1.96157 -9.60982 30
      vertex 1.96157 -10.3902 30
      vertex 2 -10 30
    endloop
  endfacet
  facet normal 0 0 1
    outer loop
      vertex 1.84776 -9.23463 30
      vertex 1.96157 -10.3902 30
      vertex 1.96157 -9.60982 30
    endloop
  endfacet
  facet normal 0 0 1
    outer loop
      vertex 1.72234 -11 30
      vertex 1.96157 -10.3902 30
      vertex 1.84776 -9.23463 30
    endloop
  endfacet
  facet normal 0 0 1
    outer loop
      vertex 1.96157 -10.3902 30
      vertex 1.72234 -11 30
      vertex 1.84776 -10.7654 30
    endloop
  endfacet
  facet normal 0 0 1
    outer loop
      vertex 1.66294 -8.88886 30
      vertex 1.72234 -11 30
      vertex 1.84776 -9.23463 30
    endloop
  endfacet
  facet normal 0 0 1
    outer loop
      vertex 1.41421 -8.58579 30
      vertex 1.72234 -11 30
      vertex 1.66294 -8.88886 30
    endloop
  endfacet
  facet normal 0 0 1
    outer loop
      vertex 1.11114 -8.33706 30
      vertex 1.72234 -11 30
      vertex 1.41421 -8.58579 30
    endloop
  endfacet
  facet normal 0 0 1
    outer loop
      vertex 0.765367 -8.15224 30
      vertex 1.72234 -11 30
      vertex 1.11114 -8.33706 30
    endloop
  endfacet
  facet normal 0 0 1
    outer loop
      vertex 0.390181 -8.03843 30
      vertex 1.72234 -11 30
      vertex 0.765367 -8.15224 30
    endloop
  endfacet
  facet normal 0 0 1
    outer loop
      vertex 0 -8 30
      vertex 1.72234 -11 30
      vertex 0.390181 -8.03843 30
    endloop
  endfacet
  facet normal -0 0 1
    outer loop
      vertex -0.390181 -8.03843 30
      vertex 1.72234 -11 30
      vertex 0 -8 30
    endloop
  endfacet
  facet normal -0 0 1
    outer loop
      vertex -0.765367 -8.15224 30
      vertex 1.72234 -11 30
      vertex -0.390181 -8.03843 30
    endloop
  endfacet
  facet normal -0 0 1
    outer loop
      vertex -1.11114 -8.33706 30
      vertex 1.72234 -11 30
      vertex -0.765367 -8.15224 30
    endloop
  endfacet
  facet normal -0 0 1
    outer loop
      vertex -1.41421 -8.58579 30
      vertex 1.72234 -11 30
      vertex -1.11114 -8.33706 30
    endloop
  endfacet
  facet normal -0 0 1
    outer loop
      vertex -1.66294 -8.88886 30
      vertex 1.72234 -11 30
      vertex -1.41421 -8.58579 30
    endloop
  endfacet
  facet normal 0 0 1
    outer loop
      vertex -1.66294 -8.88886 30
      vertex -1.72234 -11 30
      vertex 1.72234 -11 30
    endloop
  endfacet
  facet normal -0 0 1
    outer loop
      vertex -1.84776 -9.23463 30
      vertex -1.72234 -11 30
      vertex -1.66294 -8.88886 30
    endloop
  endfacet
  facet normal -0 0 1
    outer loop
      vertex -1.96157 -9.60982 30
      vertex -1.72234 -11 30
      vertex -1.84776 -9.23463 30
    endloop
  endfacet
  facet normal -0 0 1
    outer loop
      vertex -1.96157 -10.3902 30
      vertex -1.72234 -11 30
      vertex -1.96157 -9.60982 30
    endloop
  endfacet
  facet normal 0 0 1
    outer loop
      vertex -1.72234 -11 30
      vertex -1.96157 -10.3902 30
      vertex -1.84776 -10.7654 30
    endloop
  endfacet
  facet normal 0 -0 1
    outer loop
      vertex -1.96157 -10.3902 30
      vertex -1.96157 -9.60982 30
      vertex -2 -10 30
    endloop
  endfacet
  facet normal -0.881919 -0.471401 0
    outer loop
      vertex 1.84776 -9.23463 -32
      vertex 1.66294 -8.88886 -30
      vertex 1.66294 -8.88886 -32
    endloop
  endfacet
  facet normal -0.881919 -0.471401 0
    outer loop
      vertex 1.66294 -8.88886 -30
      vertex 1.84776 -9.23463 -32
      vertex 1.84776 -9.23463 -30
    endloop
  endfacet
  facet normal 0.995185 0.0980137 0
    outer loop
      vertex -1.96157 -10.3902 -30
      vertex -2 -10 -32
      vertex -2 -10 -30
    endloop
  endfacet
  facet normal 0.995185 0.0980137 -0
    outer loop
      vertex -1.96157 -10.3902 -34
      vertex -2 -10 -32
      vertex -1.96157 -10.3902 -30
    endloop
  endfacet
  facet normal 0.995185 0.0980137 0
    outer loop
      vertex -2 -10 -32
      vertex -1.96157 -10.3902 -34
      vertex -2 -10 -34
    endloop
  endfacet
  facet normal -0.956942 -0.290279 0
    outer loop
      vertex 1.96157 -9.60982 -32
      vertex 1.84776 -9.23463 -30
      vertex 1.84776 -9.23463 -32
    endloop
  endfacet
  facet normal -0.956942 -0.290279 0
    outer loop
      vertex 1.84776 -9.23463 -30
      vertex 1.96157 -9.60982 -32
      vertex 1.96157 -9.60982 -30
    endloop
  endfacet
  facet normal 0.956944 0.290271 0
    outer loop
      vertex -1.84776 -10.7654 -30
      vertex -1.96157 -10.3902 -34
      vertex -1.96157 -10.3902 -30
    endloop
  endfacet
  facet normal 0.956944 0.290271 0
    outer loop
      vertex -1.96157 -10.3902 -34
      vertex -1.84776 -10.7654 -30
      vertex -1.84776 -10.7654 -34
    endloop
  endfacet
  facet normal -0.995185 0.0980137 0
    outer loop
      vertex 1.96157 -10.3902 -34
      vertex 2 -10 -32
      vertex 2 -10 -34
    endloop
  endfacet
  facet normal -0.995185 0.0980137 0
    outer loop
      vertex 1.96157 -10.3902 -30
      vertex 2 -10 -32
      vertex 1.96157 -10.3902 -34
    endloop
  endfacet
  facet normal -0.995185 0.0980137 0
    outer loop
      vertex 2 -10 -32
      vertex 1.96157 -10.3902 -30
      vertex 2 -10 -30
    endloop
  endfacet
  facet normal 0.773002 -0.634404 0
    outer loop
      vertex -1.66294 -8.88886 -30
      vertex -1.41421 -8.58579 -32
      vertex -1.41421 -8.58579 -30
    endloop
  endfacet
  facet normal 0.773002 -0.634404 0
    outer loop
      vertex -1.41421 -8.58579 -32
      vertex -1.66294 -8.88886 -30
      vertex -1.66294 -8.88886 -32
    endloop
  endfacet
  facet normal -0.773002 -0.634404 0
    outer loop
      vertex 1.66294 -8.88886 -32
      vertex 1.41421 -8.58579 -30
      vertex 1.41421 -8.58579 -32
    endloop
  endfacet
  facet normal -0.773002 -0.634404 0
    outer loop
      vertex 1.41421 -8.58579 -30
      vertex 1.66294 -8.88886 -32
      vertex 1.66294 -8.88886 -30
    endloop
  endfacet
  facet normal 0.634404 -0.773002 0
    outer loop
      vertex -1.41421 -8.58579 -32
      vertex -1.11114 -8.33706 -30
      vertex -1.41421 -8.58579 -30
    endloop
  endfacet
  facet normal 0.634404 -0.773002 0
    outer loop
      vertex -1.11114 -8.33706 -30
      vertex -1.41421 -8.58579 -32
      vertex -1.11114 -8.33706 -32
    endloop
  endfacet
  facet normal -0.995185 -0.0980187 0
    outer loop
      vertex 2 -10 -32
      vertex 1.96157 -9.60982 -30
      vertex 1.96157 -9.60982 -32
    endloop
  endfacet
  facet normal -0.995185 -0.0980187 0
    outer loop
      vertex 1.96157 -9.60982 -30
      vertex 2 -10 -32
      vertex 2 -10 -30
    endloop
  endfacet
  facet normal 0.956942 -0.290279 0
    outer loop
      vertex -1.96157 -9.60982 -30
      vertex -1.84776 -9.23463 -32
      vertex -1.84776 -9.23463 -30
    endloop
  endfacet
  facet normal 0.956942 -0.290279 0
    outer loop
      vertex -1.84776 -9.23463 -32
      vertex -1.96157 -9.60982 -30
      vertex -1.96157 -9.60982 -32
    endloop
  endfacet
  facet normal 0.290281 -0.956941 0
    outer loop
      vertex -0.765367 -8.15224 -32
      vertex -0.390181 -8.03843 -30
      vertex -0.765367 -8.15224 -30
    endloop
  endfacet
  facet normal 0.290281 -0.956941 0
    outer loop
      vertex -0.390181 -8.03843 -30
      vertex -0.765367 -8.15224 -32
      vertex -0.390181 -8.03843 -32
    endloop
  endfacet
  facet normal 0.0980185 -0.995185 0
    outer loop
      vertex -0.390181 -8.03843 -32
      vertex 0 -8 -30
      vertex -0.390181 -8.03843 -30
    endloop
  endfacet
  facet normal 0.0980185 -0.995185 0
    outer loop
      vertex 0 -8 -30
      vertex -0.390181 -8.03843 -32
      vertex 0 -8 -32
    endloop
  endfacet
  facet normal 0 0 -1
    outer loop
      vertex 1.96157 -10.3902 -30
      vertex 1.96157 -9.60982 -30
      vertex 2 -10 -30
    endloop
  endfacet
  facet normal 0 0 -1
    outer loop
      vertex 1.72234 -11 -30
      vertex 1.96157 -10.3902 -30
      vertex 1.84776 -10.7654 -30
    endloop
  endfacet
  facet normal -0 0 -1
    outer loop
      vertex 1.96157 -10.3902 -30
      vertex 1.72234 -11 -30
      vertex 1.96157 -9.60982 -30
    endloop
  endfacet
  facet normal -0 0 -1
    outer loop
      vertex 1.96157 -9.60982 -30
      vertex 1.72234 -11 -30
      vertex 1.84776 -9.23463 -30
    endloop
  endfacet
  facet normal 0 0 -1
    outer loop
      vertex 1.72234 -11 -30
      vertex 1.66294 -8.88886 -30
      vertex 1.84776 -9.23463 -30
    endloop
  endfacet
  facet normal 0 0 -1
    outer loop
      vertex 1.72234 -11 -30
      vertex 1.41421 -8.58579 -30
      vertex 1.66294 -8.88886 -30
    endloop
  endfacet
  facet normal 0 0 -1
    outer loop
      vertex 1.72234 -11 -30
      vertex 1.11114 -8.33706 -30
      vertex 1.41421 -8.58579 -30
    endloop
  endfacet
  facet normal 0 0 -1
    outer loop
      vertex 1.72234 -11 -30
      vertex 0.765367 -8.15224 -30
      vertex 1.11114 -8.33706 -30
    endloop
  endfacet
  facet normal 0 0 -1
    outer loop
      vertex 1.72234 -11 -30
      vertex 0.390181 -8.03843 -30
      vertex 0.765367 -8.15224 -30
    endloop
  endfacet
  facet normal 0 0 -1
    outer loop
      vertex 1.72234 -11 -30
      vertex 0 -8 -30
      vertex 0.390181 -8.03843 -30
    endloop
  endfacet
  facet normal 0 0 -1
    outer loop
      vertex 1.72234 -11 -30
      vertex -0.390181 -8.03843 -30
      vertex 0 -8 -30
    endloop
  endfacet
  facet normal 0 0 -1
    outer loop
      vertex 1.72234 -11 -30
      vertex -0.765367 -8.15224 -30
      vertex -0.390181 -8.03843 -30
    endloop
  endfacet
  facet normal 0 0 -1
    outer loop
      vertex 1.72234 -11 -30
      vertex -1.11114 -8.33706 -30
      vertex -0.765367 -8.15224 -30
    endloop
  endfacet
  facet normal 0 0 -1
    outer loop
      vertex 1.72234 -11 -30
      vertex -1.41421 -8.58579 -30
      vertex -1.11114 -8.33706 -30
    endloop
  endfacet
  facet normal 0 0 -1
    outer loop
      vertex 1.72234 -11 -30
      vertex -1.66294 -8.88886 -30
      vertex -1.41421 -8.58579 -30
    endloop
  endfacet
  facet normal 0 0 -1
    outer loop
      vertex -1.72234 -11 -30
      vertex -1.66294 -8.88886 -30
      vertex 1.72234 -11 -30
    endloop
  endfacet
  facet normal 0 0 -1
    outer loop
      vertex -1.96157 -10.3902 -30
      vertex -1.72234 -11 -30
      vertex -1.84776 -10.7654 -30
    endloop
  endfacet
  facet normal 0 0 -1
    outer loop
      vertex -1.72234 -11 -30
      vertex -1.84776 -9.23463 -30
      vertex -1.66294 -8.88886 -30
    endloop
  endfacet
  facet normal 0 0 -1
    outer loop
      vertex -1.72234 -11 -30
      vertex -1.96157 -10.3902 -30
      vertex -1.84776 -9.23463 -30
    endloop
  endfacet
  facet normal 0 0 -1
    outer loop
      vertex -1.96157 -10.3902 -30
      vertex -1.96157 -9.60982 -30
      vertex -1.84776 -9.23463 -30
    endloop
  endfacet
  facet normal 0 -0 -1
    outer loop
      vertex -1.96157 -9.60982 -30
      vertex -1.96157 -10.3902 -30
      vertex -2 -10 -30
    endloop
  endfacet
  facet normal 0.995185 -0.0980187 0
    outer loop
      vertex -2 -10 -30
      vertex -1.96157 -9.60982 -32
      vertex -1.96157 -9.60982 -30
    endloop
  endfacet
  facet normal 0.995185 -0.0980187 0
    outer loop
      vertex -1.96157 -9.60982 -32
      vertex -2 -10 -30
      vertex -2 -10 -32
    endloop
  endfacet
  facet normal -0.634404 -0.773002 0
    outer loop
      vertex 1.11114 -8.33706 -32
      vertex 1.41421 -8.58579 -30
      vertex 1.11114 -8.33706 -30
    endloop
  endfacet
  facet normal -0.634404 -0.773002 -0
    outer loop
      vertex 1.41421 -8.58579 -30
      vertex 1.11114 -8.33706 -32
      vertex 1.41421 -8.58579 -32
    endloop
  endfacet
  facet normal -0.290281 -0.956941 0
    outer loop
      vertex 0.390181 -8.03843 -32
      vertex 0.765367 -8.15224 -30
      vertex 0.390181 -8.03843 -30
    endloop
  endfacet
  facet normal -0.290281 -0.956941 -0
    outer loop
      vertex 0.765367 -8.15224 -30
      vertex 0.390181 -8.03843 -32
      vertex 0.765367 -8.15224 -32
    endloop
  endfacet
  facet normal -0.471398 -0.881921 0
    outer loop
      vertex 0.765367 -8.15224 -32
      vertex 1.11114 -8.33706 -30
      vertex 0.765367 -8.15224 -30
    endloop
  endfacet
  facet normal -0.471398 -0.881921 -0
    outer loop
      vertex 1.11114 -8.33706 -30
      vertex 0.765367 -8.15224 -32
      vertex 1.11114 -8.33706 -32
    endloop
  endfacet
  facet normal 0.471398 -0.881921 0
    outer loop
      vertex -1.11114 -8.33706 -32
      vertex -0.765367 -8.15224 -30
      vertex -1.11114 -8.33706 -30
    endloop
  endfacet
  facet normal 0.471398 -0.881921 0
    outer loop
      vertex -0.765367 -8.15224 -30
      vertex -1.11114 -8.33706 -32
      vertex -0.765367 -8.15224 -32
    endloop
  endfacet
  facet normal 0.881884 0.471466 -0
    outer loop
      vertex -1.72234 -11 -32
      vertex -1.84776 -10.7654 -30
      vertex -1.72234 -11 -30
    endloop
  endfacet
  facet normal 0.881884 0.471466 0
    outer loop
      vertex -1.84776 -10.7654 -30
      vertex -1.72234 -11 -32
      vertex -1.84776 -10.7654 -34
    endloop
  endfacet
  facet normal 0.881869 0.471494 -0
    outer loop
      vertex -1.66294 -11.1111 -34
      vertex -1.72234 -11 -32
      vertex -1.66294 -11.1111 -32
    endloop
  endfacet
  facet normal 0.881879 0.471475 1.37499e-06
    outer loop
      vertex -1.72234 -11 -32
      vertex -1.66294 -11.1111 -34
      vertex -1.84776 -10.7654 -34
    endloop
  endfacet
  facet normal -0.0980185 -0.995185 0
    outer loop
      vertex 0 -8 -32
      vertex 0.390181 -8.03843 -30
      vertex 0 -8 -30
    endloop
  endfacet
  facet normal -0.0980185 -0.995185 -0
    outer loop
      vertex 0.390181 -8.03843 -30
      vertex 0 -8 -32
      vertex 0.390181 -8.03843 -32
    endloop
  endfacet
  facet normal -0.881884 0.471466 0
    outer loop
      vertex 1.84776 -10.7654 -34
      vertex 1.72234 -11 -32
      vertex 1.84776 -10.7654 -30
    endloop
  endfacet
  facet normal -0.881879 0.471475 1.37499e-06
    outer loop
      vertex 1.66294 -11.1111 -34
      vertex 1.72234 -11 -32
      vertex 1.84776 -10.7654 -34
    endloop
  endfacet
  facet normal -0.881869 0.471494 0
    outer loop
      vertex 1.72234 -11 -32
      vertex 1.66294 -11.1111 -34
      vertex 1.66294 -11.1111 -32
    endloop
  endfacet
  facet normal -0.881884 0.471466 0
    outer loop
      vertex 1.84776 -10.7654 -30
      vertex 1.72234 -11 -32
      vertex 1.72234 -11 -30
    endloop
  endfacet
  facet normal 0.881919 -0.471401 0
    outer loop
      vertex -1.84776 -9.23463 -30
      vertex -1.66294 -8.88886 -32
      vertex -1.66294 -8.88886 -30
    endloop
  endfacet
  facet normal 0.881919 -0.471401 0
    outer loop
      vertex -1.66294 -8.88886 -32
      vertex -1.84776 -9.23463 -30
      vertex -1.84776 -9.23463 -32
    endloop
  endfacet
  facet normal -0.956944 0.290271 0
    outer loop
      vertex 1.84776 -10.7654 -34
      vertex 1.96157 -10.3902 -30
      vertex 1.96157 -10.3902 -34
    endloop
  endfacet
  facet normal -0.956944 0.290271 0
    outer loop
      vertex 1.96157 -10.3902 -30
      vertex 1.84776 -10.7654 -34
      vertex 1.84776 -10.7654 -30
    endloop
  endfacet
  facet normal -0.290299 0.956936 0
    outer loop
      vertex 1.91342 6.3806 8
      vertex 1.85336 6.36238 8.68254
      vertex 1.91342 6.3806 8.70076
    endloop
  endfacet
  facet normal -0.290284 0.956941 1.46198e-06
    outer loop
      vertex 1.91342 6.3806 8
      vertex 0.975451 6.09607 8.59607
      vertex 1.85336 6.36238 8.68254
    endloop
  endfacet
  facet normal -0.290285 0.95694 0
    outer loop
      vertex 0.975451 6.09607 8.59607
      vertex 1.91342 6.3806 8
      vertex 0.975451 6.09607 8
    endloop
  endfacet
  facet normal -0.956939 -0.290288 0
    outer loop
      vertex 4.6194 12.9134 9
      vertex 4.89648 12 9.89715
      vertex 4.6194 12.9134 11
    endloop
  endfacet
  facet normal -0.956934 -0.290304 -1.8617e-05
    outer loop
      vertex 4.90393 11.9755 9
      vertex 4.89648 12 9.89715
      vertex 4.6194 12.9134 9
    endloop
  endfacet
  facet normal -0.956745 -0.290929 0
    outer loop
      vertex 4.89648 12 9.89715
      vertex 4.90393 11.9755 9
      vertex 4.90393 11.9755 9.90114
    endloop
  endfacet
  facet normal -0.956939 -0.290288 0
    outer loop
      vertex 4.6194 12.9134 11
      vertex 4.89648 12 9.89715
      vertex 4.89648 12 11
    endloop
  endfacet
  facet normal -0.995186 -0.0980087 0
    outer loop
      vertex 5 11 9
      vertex 4.90393 11.9755 9.90114
      vertex 4.90393 11.9755 9
    endloop
  endfacet
  facet normal -0.995186 -0.0980087 0
    outer loop
      vertex 4.90393 11.9755 9.90114
      vertex 5 11 9
      vertex 5 11 9.95249
    endloop
  endfacet
  facet normal -0.881936 -0.471369 0
    outer loop
      vertex 4.6194 12.9134 9
      vertex 4.15735 13.7779 11
      vertex 4.15735 13.7779 9
    endloop
  endfacet
  facet normal -0.881936 -0.471369 0
    outer loop
      vertex 4.15735 13.7779 11
      vertex 4.6194 12.9134 9
      vertex 4.6194 12.9134 11
    endloop
  endfacet
  facet normal 0 0 1
    outer loop
      vertex 5 11 8
      vertex 4.6194 9.08658 8
      vertex 4.90393 10.0245 8
    endloop
  endfacet
  facet normal 0 0 1
    outer loop
      vertex 5 11 8
      vertex 4.15735 8.22215 8
      vertex 4.6194 9.08658 8
    endloop
  endfacet
  facet normal 0 0 1
    outer loop
      vertex 5 11 8
      vertex 3.53553 7.46447 8
      vertex 4.15735 8.22215 8
    endloop
  endfacet
  facet normal 0 0 1
    outer loop
      vertex 5 11 8
      vertex 2.77785 6.84265 8
      vertex 3.53553 7.46447 8
    endloop
  endfacet
  facet normal 0 0 1
    outer loop
      vertex 5 11 8
      vertex 1.91342 6.3806 8
      vertex 2.77785 6.84265 8
    endloop
  endfacet
  facet normal 0 0 1
    outer loop
      vertex 5 11 8
      vertex 0.975451 6.09607 8
      vertex 1.91342 6.3806 8
    endloop
  endfacet
  facet normal 0 0 1
    outer loop
      vertex 5 11 8
      vertex 0 6 8
      vertex 0.975451 6.09607 8
    endloop
  endfacet
  facet normal 0 0 1
    outer loop
      vertex 5 11 8
      vertex -0.975451 6.09607 8
      vertex 0 6 8
    endloop
  endfacet
  facet normal 0 0 1
    outer loop
      vertex 5 11 8
      vertex -1.91342 6.3806 8
      vertex -0.975451 6.09607 8
    endloop
  endfacet
  facet normal 0 0 1
    outer loop
      vertex 5 11 8
      vertex -2.77785 6.84265 8
      vertex -1.91342 6.3806 8
    endloop
  endfacet
  facet normal 0 0 1
    outer loop
      vertex 5 11 8
      vertex -3.53553 7.46447 8
      vertex -2.77785 6.84265 8
    endloop
  endfacet
  facet normal 0 0 1
    outer loop
      vertex 5 11 8
      vertex -4.15735 8.22215 8
      vertex -3.53553 7.46447 8
    endloop
  endfacet
  facet normal 0 0 1
    outer loop
      vertex 5 11 8
      vertex -4.6194 9.08658 8
      vertex -4.15735 8.22215 8
    endloop
  endfacet
  facet normal 0 0 1
    outer loop
      vertex 5 11 8
      vertex -4.90393 10.0245 8
      vertex -4.6194 9.08658 8
    endloop
  endfacet
  facet normal 0 -0 1
    outer loop
      vertex -4.90393 10.0245 8
      vertex 5 11 8
      vertex -5 11 8
    endloop
  endfacet
  facet normal 0.88192 0.471399 0
    outer loop
      vertex -4.15735 8.22215 9.50208
      vertex -4.6194 9.08658 8
      vertex -4.6194 9.08658 9.74905
    endloop
  endfacet
  facet normal 0.88192 0.471399 0
    outer loop
      vertex -4.6194 9.08658 8
      vertex -4.15735 8.22215 9.50208
      vertex -4.15735 8.22215 8
    endloop
  endfacet
  facet normal -0.290257 -0.956949 0
    outer loop
      vertex 0.975451 15.9039 9
      vertex 1.91342 15.6194 11
      vertex 0.975451 15.9039 11
    endloop
  endfacet
  facet normal -0.290257 -0.956949 -0
    outer loop
      vertex 1.91342 15.6194 11
      vertex 0.975451 15.9039 9
      vertex 1.91342 15.6194 9
    endloop
  endfacet
  facet normal 0.0980439 -0.995182 0
    outer loop
      vertex -0.975451 15.9039 9
      vertex 0 16 11
      vertex -0.975451 15.9039 11
    endloop
  endfacet
  facet normal 0.0980439 -0.995182 0
    outer loop
      vertex 0 16 11
      vertex -0.975451 15.9039 9
      vertex 0 16 9
    endloop
  endfacet
  facet normal 0.471399 0.88192 0
    outer loop
      vertex -2.77785 6.84265 8
      vertex -1.91342 6.3806 8.70076
      vertex -1.91342 6.3806 8
    endloop
  endfacet
  facet normal 0.471399 0.88192 0
    outer loop
      vertex -1.91342 6.3806 8.70076
      vertex -2.77785 6.84265 8
      vertex -2.77785 6.84265 8.96298
    endloop
  endfacet
  facet normal 0.471438 -0.881899 0
    outer loop
      vertex -2.77785 15.1573 9
      vertex -1.91342 15.6194 11
      vertex -2.77785 15.1573 11
    endloop
  endfacet
  facet normal 0.471438 -0.881899 0
    outer loop
      vertex -1.91342 15.6194 11
      vertex -2.77785 15.1573 9
      vertex -1.91342 15.6194 9
    endloop
  endfacet
  facet normal -0.471399 0.88192 0
    outer loop
      vertex 2.77785 6.84265 8
      vertex 1.91342 6.3806 8.70076
      vertex 2.77785 6.84265 8.96298
    endloop
  endfacet
  facet normal -0.471399 0.88192 0
    outer loop
      vertex 1.91342 6.3806 8.70076
      vertex 2.77785 6.84265 8
      vertex 1.91342 6.3806 8
    endloop
  endfacet
  facet normal 0.772974 -0.634438 0
    outer loop
      vertex -4.15735 13.7779 11
      vertex -3.53553 14.5355 9
      vertex -3.53553 14.5355 11
    endloop
  endfacet
  facet normal 0.772974 -0.634438 0
    outer loop
      vertex -3.53553 14.5355 9
      vertex -4.15735 13.7779 11
      vertex -4.15735 13.7779 9
    endloop
  endfacet
  facet normal -0.772974 -0.634438 0
    outer loop
      vertex 4.15735 13.7779 9
      vertex 3.53553 14.5355 11
      vertex 3.53553 14.5355 9
    endloop
  endfacet
  facet normal -0.772974 -0.634438 0
    outer loop
      vertex 3.53553 14.5355 11
      vertex 4.15735 13.7779 9
      vertex 4.15735 13.7779 11
    endloop
  endfacet
  facet normal -0.773006 0.634398 0
    outer loop
      vertex 4.15735 8.22215 8
      vertex 3.63549 7.58627 9.22314
      vertex 4.15735 8.22215 9.50208
    endloop
  endfacet
  facet normal -0.773006 0.634398 1.4013e-08
    outer loop
      vertex 3.53553 7.46447 8
      vertex 3.63549 7.58627 9.22314
      vertex 4.15735 8.22215 8
    endloop
  endfacet
  facet normal -0.773006 0.634398 0
    outer loop
      vertex 3.63549 7.58627 9.22314
      vertex 3.53553 7.46447 8
      vertex 3.53553 7.46447 9.19282
    endloop
  endfacet
  facet normal 0.0980136 0.995185 0
    outer loop
      vertex -0.975451 6.09607 8
      vertex 0 6 8.5
      vertex 0 6 8
    endloop
  endfacet
  facet normal 0.0980136 0.995185 0
    outer loop
      vertex 0 6 8.5
      vertex -0.975451 6.09607 8
      vertex -0.975451 6.09607 8.59607
    endloop
  endfacet
  facet normal 0.290257 -0.956949 0
    outer loop
      vertex -1.91342 15.6194 9
      vertex -0.975451 15.9039 11
      vertex -1.91342 15.6194 11
    endloop
  endfacet
  facet normal 0.290257 -0.956949 0
    outer loop
      vertex -0.975451 15.9039 11
      vertex -1.91342 15.6194 9
      vertex -0.975451 15.9039 9
    endloop
  endfacet
  facet normal -0.634398 0.773006 0
    outer loop
      vertex 3.53553 7.46447 8
      vertex 2.77785 6.84265 8.96298
      vertex 3.53553 7.46447 9.19282
    endloop
  endfacet
  facet normal -0.634398 0.773006 0
    outer loop
      vertex 2.77785 6.84265 8.96298
      vertex 3.53553 7.46447 8
      vertex 2.77785 6.84265 8
    endloop
  endfacet
  facet normal -0.995186 0.0980087 0
    outer loop
      vertex 4.90393 10.0245 8
      vertex 5 11 9
      vertex 5 11 8
    endloop
  endfacet
  facet normal -0.995186 0.0980087 0
    outer loop
      vertex 5 11 9
      vertex 4.90393 10.0245 8
      vertex 4.90393 10.0245 9.90114
    endloop
  endfacet
  facet normal -0.995186 0.0980087 0
    outer loop
      vertex 5 11 9
      vertex 4.90393 10.0245 9.90114
      vertex 5 11 9.95249
    endloop
  endfacet
  facet normal 0.290285 0.95694 0
    outer loop
      vertex -1.91342 6.3806 8
      vertex -0.975451 6.09607 8.59607
      vertex -0.975451 6.09607 8
    endloop
  endfacet
  facet normal 0.290284 0.956941 1.46198e-06
    outer loop
      vertex -0.975451 6.09607 8.59607
      vertex -1.91342 6.3806 8
      vertex -1.85336 6.36238 8.68254
    endloop
  endfacet
  facet normal 0.290299 0.956936 0
    outer loop
      vertex -1.85336 6.36238 8.68254
      vertex -1.91342 6.3806 8
      vertex -1.91342 6.3806 8.70076
    endloop
  endfacet
  facet normal -0.956936 0.290299 0
    outer loop
      vertex 4.6194 9.08658 9.74905
      vertex 4.90393 10.0245 8
      vertex 4.6194 9.08658 8
    endloop
  endfacet
  facet normal -0.956936 0.290299 0
    outer loop
      vertex 4.90393 10.0245 8
      vertex 4.6194 9.08658 9.74905
      vertex 4.90393 10.0245 9.90114
    endloop
  endfacet
  facet normal 0.956936 0.290299 0
    outer loop
      vertex -4.6194 9.08658 9.74905
      vertex -4.90393 10.0245 8
      vertex -4.90393 10.0245 9.90114
    endloop
  endfacet
  facet normal 0.956936 0.290299 0
    outer loop
      vertex -4.90393 10.0245 8
      vertex -4.6194 9.08658 9.74905
      vertex -4.6194 9.08658 8
    endloop
  endfacet
  facet normal -0.88192 0.471399 0
    outer loop
      vertex 4.15735 8.22215 9.50208
      vertex 4.6194 9.08658 8
      vertex 4.15735 8.22215 8
    endloop
  endfacet
  facet normal -0.88192 0.471399 0
    outer loop
      vertex 4.6194 9.08658 8
      vertex 4.15735 8.22215 9.50208
      vertex 4.6194 9.08658 9.74905
    endloop
  endfacet
  facet normal 0.995186 -0.0980087 0
    outer loop
      vertex -5 11 9
      vertex -4.90393 11.9755 9.90114
      vertex -5 11 9.95249
    endloop
  endfacet
  facet normal 0.995186 -0.0980087 0
    outer loop
      vertex -4.90393 11.9755 9.90114
      vertex -5 11 9
      vertex -4.90393 11.9755 9
    endloop
  endfacet
  facet normal -0.0980439 -0.995182 0
    outer loop
      vertex 0 16 9
      vertex 0.975451 15.9039 11
      vertex 0 16 11
    endloop
  endfacet
  facet normal -0.0980439 -0.995182 -0
    outer loop
      vertex 0.975451 15.9039 11
      vertex 0 16 9
      vertex 0.975451 15.9039 9
    endloop
  endfacet
  facet normal 0.634386 -0.773016 0
    outer loop
      vertex -3.53553 14.5355 9
      vertex -2.77785 15.1573 11
      vertex -3.53553 14.5355 11
    endloop
  endfacet
  facet normal 0.634386 -0.773016 0
    outer loop
      vertex -2.77785 15.1573 11
      vertex -3.53553 14.5355 9
      vertex -2.77785 15.1573 9
    endloop
  endfacet
  facet normal -0.634386 -0.773016 0
    outer loop
      vertex 2.77785 15.1573 9
      vertex 3.53553 14.5355 11
      vertex 2.77785 15.1573 11
    endloop
  endfacet
  facet normal -0.634386 -0.773016 -0
    outer loop
      vertex 3.53553 14.5355 11
      vertex 2.77785 15.1573 9
      vertex 3.53553 14.5355 9
    endloop
  endfacet
  facet normal -0.0980136 0.995185 0
    outer loop
      vertex 0.975451 6.09607 8
      vertex 0 6 8.5
      vertex 0.975451 6.09607 8.59607
    endloop
  endfacet
  facet normal -0.0980136 0.995185 0
    outer loop
      vertex 0 6 8.5
      vertex 0.975451 6.09607 8
      vertex 0 6 8
    endloop
  endfacet
  facet normal -0.471438 -0.881899 0
    outer loop
      vertex 1.91342 15.6194 9
      vertex 2.77785 15.1573 11
      vertex 1.91342 15.6194 11
    endloop
  endfacet
  facet normal -0.471438 -0.881899 -0
    outer loop
      vertex 2.77785 15.1573 11
      vertex 1.91342 15.6194 9
      vertex 2.77785 15.1573 9
    endloop
  endfacet
  facet normal 0.773006 0.634398 0
    outer loop
      vertex -3.63549 7.58627 9.22314
      vertex -4.15735 8.22215 8
      vertex -4.15735 8.22215 9.50208
    endloop
  endfacet
  facet normal 0.773006 0.634398 -0
    outer loop
      vertex -3.53553 7.46447 8
      vertex -3.63549 7.58627 9.22314
      vertex -3.53553 7.46447 9.19282
    endloop
  endfacet
  facet normal 0.773006 0.634398 1.4013e-08
    outer loop
      vertex -3.63549 7.58627 9.22314
      vertex -3.53553 7.46447 8
      vertex -4.15735 8.22215 8
    endloop
  endfacet
  facet normal 0.634398 0.773006 0
    outer loop
      vertex -3.53553 7.46447 8
      vertex -2.77785 6.84265 8.96298
      vertex -2.77785 6.84265 8
    endloop
  endfacet
  facet normal 0.634398 0.773006 0
    outer loop
      vertex -2.77785 6.84265 8.96298
      vertex -3.53553 7.46447 8
      vertex -3.53553 7.46447 9.19282
    endloop
  endfacet
  facet normal 0.956939 -0.290288 0
    outer loop
      vertex -4.89648 12 9.89715
      vertex -4.6194 12.9134 11
      vertex -4.89648 12 11
    endloop
  endfacet
  facet normal 0.956939 -0.290288 0
    outer loop
      vertex -4.6194 12.9134 11
      vertex -4.89648 12 9.89715
      vertex -4.6194 12.9134 9
    endloop
  endfacet
  facet normal 0.956745 -0.290929 0
    outer loop
      vertex -4.90393 11.9755 9
      vertex -4.89648 12 9.89715
      vertex -4.90393 11.9755 9.90114
    endloop
  endfacet
  facet normal 0.956934 -0.290304 -1.8617e-05
    outer loop
      vertex -4.89648 12 9.89715
      vertex -4.90393 11.9755 9
      vertex -4.6194 12.9134 9
    endloop
  endfacet
  facet normal 0.881936 -0.471369 0
    outer loop
      vertex -4.6194 12.9134 11
      vertex -4.15735 13.7779 9
      vertex -4.15735 13.7779 11
    endloop
  endfacet
  facet normal 0.881936 -0.471369 0
    outer loop
      vertex -4.15735 13.7779 9
      vertex -4.6194 12.9134 11
      vertex -4.6194 12.9134 9
    endloop
  endfacet
  facet normal 0.995186 0.0980087 0
    outer loop
      vertex -4.90393 10.0245 9.90114
      vertex -5 11 9
      vertex -5 11 9.95249
    endloop
  endfacet
  facet normal 0.995186 0.0980087 -0
    outer loop
      vertex -4.90393 10.0245 8
      vertex -5 11 9
      vertex -4.90393 10.0245 9.90114
    endloop
  endfacet
  facet normal 0.995186 0.0980087 0
    outer loop
      vertex -5 11 9
      vertex -4.90393 10.0245 8
      vertex -5 11 8
    endloop
  endfacet
  facet normal 0.471397 0.881921 -0
    outer loop
      vertex 1.66671 -7.50559 33
      vertex 1.14805 -7.22836 34
      vertex 1.66671 -7.50559 34
    endloop
  endfacet
  facet normal 0.471397 0.881921 0
    outer loop
      vertex 1.14805 -7.22836 34
      vertex 1.66671 -7.50559 33
      vertex 1.14805 -7.22836 33
    endloop
  endfacet
  facet normal 0.956939 0.290289 0
    outer loop
      vertex 2.94236 -9.41473 34
      vertex 2.77164 -8.85195 33
      vertex 2.77164 -8.85195 34
    endloop
  endfacet
  facet normal 0.956939 0.290289 0
    outer loop
      vertex 2.77164 -8.85195 33
      vertex 2.94236 -9.41473 34
      vertex 2.94236 -9.41473 33
    endloop
  endfacet
  facet normal 0.995185 0.0980103 0
    outer loop
      vertex 3 -10 34
      vertex 2.94236 -9.41473 33
      vertex 2.94236 -9.41473 34
    endloop
  endfacet
  facet normal 0.995185 0.0980103 0
    outer loop
      vertex 2.94236 -9.41473 33
      vertex 3 -10 34
      vertex 3 -10 33
    endloop
  endfacet
  facet normal 0.881921 0.471397 0
    outer loop
      vertex 2.77164 -8.85195 34
      vertex 2.49441 -8.33329 33
      vertex 2.49441 -8.33329 34
    endloop
  endfacet
  facet normal 0.881921 0.471397 0
    outer loop
      vertex 2.49441 -8.33329 33
      vertex 2.77164 -8.85195 34
      vertex 2.77164 -8.85195 33
    endloop
  endfacet
  facet normal 0.0980101 0.995185 -0
    outer loop
      vertex 0.585271 -7.05764 33
      vertex 0 -7 34
      vertex 0.585271 -7.05764 34
    endloop
  endfacet
  facet normal 0.0980101 0.995185 0
    outer loop
      vertex 0 -7 34
      vertex 0.585271 -7.05764 33
      vertex 0 -7 33
    endloop
  endfacet
  facet normal 0.0979428 -0.995192 0
    outer loop
      vertex 0 -13 32
      vertex 0.585271 -12.9424 34
      vertex 0 -13 34
    endloop
  endfacet
  facet normal 0.0979428 -0.995192 0
    outer loop
      vertex 0.585271 -12.9424 34
      vertex 0 -13 32
      vertex 0.585271 -12.9424 32
    endloop
  endfacet
  facet normal 0.290289 0.956939 -0
    outer loop
      vertex 1.14805 -7.22836 33
      vertex 0.585271 -7.05764 34
      vertex 1.14805 -7.22836 34
    endloop
  endfacet
  facet normal 0.290289 0.956939 0
    outer loop
      vertex 0.585271 -7.05764 34
      vertex 1.14805 -7.22836 33
      vertex 0.585271 -7.05764 33
    endloop
  endfacet
  facet normal 0.634395 0.773009 -0
    outer loop
      vertex 2.12132 -7.87868 33
      vertex 1.66671 -7.50559 34
      vertex 2.12132 -7.87868 34
    endloop
  endfacet
  facet normal 0.634395 0.773009 0
    outer loop
      vertex 1.66671 -7.50559 34
      vertex 2.12132 -7.87868 33
      vertex 1.66671 -7.50559 33
    endloop
  endfacet
  facet normal 0.773003 -0.634403 0
    outer loop
      vertex 2.12132 -12.1213 34
      vertex 2.49441 -11.6667 32
      vertex 2.49441 -11.6667 34
    endloop
  endfacet
  facet normal 0.773003 -0.634403 0
    outer loop
      vertex 2.49441 -11.6667 32
      vertex 2.12132 -12.1213 34
      vertex 2.12132 -12.1213 32
    endloop
  endfacet
  facet normal -0.634395 0.773009 0
    outer loop
      vertex -1.66671 -7.50559 33
      vertex -2.12132 -7.87868 34
      vertex -1.66671 -7.50559 34
    endloop
  endfacet
  facet normal -0.634395 0.773009 0
    outer loop
      vertex -2.12132 -7.87868 34
      vertex -1.66671 -7.50559 33
      vertex -2.12132 -7.87868 33
    endloop
  endfacet
  facet normal 0.471358 -0.881942 0
    outer loop
      vertex 1.14805 -12.7716 32
      vertex 1.66671 -12.4944 34
      vertex 1.14805 -12.7716 34
    endloop
  endfacet
  facet normal 0.471358 -0.881942 0
    outer loop
      vertex 1.66671 -12.4944 34
      vertex 1.14805 -12.7716 32
      vertex 1.66671 -12.4944 32
    endloop
  endfacet
  facet normal -0.881936 -0.471369 0
    outer loop
      vertex -2.49441 -11.6667 32
      vertex -2.77164 -11.148 34
      vertex -2.77164 -11.148 32
    endloop
  endfacet
  facet normal -0.881936 -0.471369 0
    outer loop
      vertex -2.77164 -11.148 34
      vertex -2.49441 -11.6667 32
      vertex -2.49441 -11.6667 34
    endloop
  endfacet
  facet normal 0.995186 -0.0980053 0
    outer loop
      vertex 2.94236 -10.5853 34
      vertex 3 -10 33
      vertex 3 -10 34
    endloop
  endfacet
  facet normal 0.995186 -0.0980053 0
    outer loop
      vertex 3 -10 33
      vertex 2.94236 -10.5853 34
      vertex 2.94236 -10.5853 33
    endloop
  endfacet
  facet normal -0.471358 -0.881942 0
    outer loop
      vertex -1.66671 -12.4944 32
      vertex -1.14805 -12.7716 34
      vertex -1.66671 -12.4944 34
    endloop
  endfacet
  facet normal -0.471358 -0.881942 -0
    outer loop
      vertex -1.14805 -12.7716 34
      vertex -1.66671 -12.4944 32
      vertex -1.14805 -12.7716 32
    endloop
  endfacet
  facet normal -0.290289 0.956939 0
    outer loop
      vertex -0.585271 -7.05764 33
      vertex -1.14805 -7.22836 34
      vertex -0.585271 -7.05764 34
    endloop
  endfacet
  facet normal -0.290289 0.956939 0
    outer loop
      vertex -1.14805 -7.22836 34
      vertex -0.585271 -7.05764 33
      vertex -1.14805 -7.22836 33
    endloop
  endfacet
  facet normal -0.0979428 -0.995192 0
    outer loop
      vertex -0.585271 -12.9424 32
      vertex 0 -13 34
      vertex -0.585271 -12.9424 34
    endloop
  endfacet
  facet normal -0.0979428 -0.995192 -0
    outer loop
      vertex 0 -13 34
      vertex -0.585271 -12.9424 32
      vertex 0 -13 32
    endloop
  endfacet
  facet normal 0 0 -1
    outer loop
      vertex 1.72234 -11 32
      vertex 2.77164 -11.148 32
      vertex 2.49441 -11.6667 32
    endloop
  endfacet
  facet normal 0 0 -1
    outer loop
      vertex 1.66294 -11.1111 32
      vertex 2.49441 -11.6667 32
      vertex 2.12132 -12.1213 32
    endloop
  endfacet
  facet normal 0 -0 -1
    outer loop
      vertex 1.72234 -11 32
      vertex 2.49441 -11.6667 32
      vertex 1.66294 -11.1111 32
    endloop
  endfacet
  facet normal 0 0 -1
    outer loop
      vertex 1.41421 -11.4142 32
      vertex 2.12132 -12.1213 32
      vertex 1.66671 -12.4944 32
    endloop
  endfacet
  facet normal 0 0 -1
    outer loop
      vertex 2.77164 -11.148 32
      vertex 1.72234 -11 32
      vertex 2.81655 -11 32
    endloop
  endfacet
  facet normal 0 0 -1
    outer loop
      vertex 2.12132 -12.1213 32
      vertex 1.41421 -11.4142 32
      vertex 1.66294 -11.1111 32
    endloop
  endfacet
  facet normal 0 0 -1
    outer loop
      vertex 1.11114 -11.6629 32
      vertex 1.66671 -12.4944 32
      vertex 1.14805 -12.7716 32
    endloop
  endfacet
  facet normal 0 0 -1
    outer loop
      vertex 1.66671 -12.4944 32
      vertex 1.11114 -11.6629 32
      vertex 1.41421 -11.4142 32
    endloop
  endfacet
  facet normal 0 0 -1
    outer loop
      vertex 1.14805 -12.7716 32
      vertex 0.765367 -11.8478 32
      vertex 1.11114 -11.6629 32
    endloop
  endfacet
  facet normal 0 0 -1
    outer loop
      vertex 0.585271 -12.9424 32
      vertex 0.765367 -11.8478 32
      vertex 1.14805 -12.7716 32
    endloop
  endfacet
  facet normal 0 0 -1
    outer loop
      vertex 0.585271 -12.9424 32
      vertex 0.390181 -11.9616 32
      vertex 0.765367 -11.8478 32
    endloop
  endfacet
  facet normal 0 0 -1
    outer loop
      vertex 0 -13 32
      vertex 0.390181 -11.9616 32
      vertex 0.585271 -12.9424 32
    endloop
  endfacet
  facet normal 0 0 -1
    outer loop
      vertex 0 -13 32
      vertex 0 -12 32
      vertex 0.390181 -11.9616 32
    endloop
  endfacet
  facet normal 0 0 -1
    outer loop
      vertex 0 -13 32
      vertex -0.390181 -11.9616 32
      vertex 0 -12 32
    endloop
  endfacet
  facet normal 0 0 -1
    outer loop
      vertex -0.585271 -12.9424 32
      vertex -0.390181 -11.9616 32
      vertex 0 -13 32
    endloop
  endfacet
  facet normal 0 0 -1
    outer loop
      vertex -0.585271 -12.9424 32
      vertex -0.765367 -11.8478 32
      vertex -0.390181 -11.9616 32
    endloop
  endfacet
  facet normal 0 0 -1
    outer loop
      vertex -1.14805 -12.7716 32
      vertex -0.765367 -11.8478 32
      vertex -0.585271 -12.9424 32
    endloop
  endfacet
  facet normal -0 0 -1
    outer loop
      vertex -0.765367 -11.8478 32
      vertex -1.14805 -12.7716 32
      vertex -1.11114 -11.6629 32
    endloop
  endfacet
  facet normal 0 0 -1
    outer loop
      vertex -1.66671 -12.4944 32
      vertex -1.11114 -11.6629 32
      vertex -1.14805 -12.7716 32
    endloop
  endfacet
  facet normal -0 0 -1
    outer loop
      vertex -1.11114 -11.6629 32
      vertex -1.66671 -12.4944 32
      vertex -1.41421 -11.4142 32
    endloop
  endfacet
  facet normal 0 0 -1
    outer loop
      vertex -2.12132 -12.1213 32
      vertex -1.41421 -11.4142 32
      vertex -1.66671 -12.4944 32
    endloop
  endfacet
  facet normal -0 0 -1
    outer loop
      vertex -1.41421 -11.4142 32
      vertex -2.12132 -12.1213 32
      vertex -1.66294 -11.1111 32
    endloop
  endfacet
  facet normal 0 0 -1
    outer loop
      vertex -2.49441 -11.6667 32
      vertex -1.66294 -11.1111 32
      vertex -2.12132 -12.1213 32
    endloop
  endfacet
  facet normal -0 0 -1
    outer loop
      vertex -1.66294 -11.1111 32
      vertex -2.49441 -11.6667 32
      vertex -1.72234 -11 32
    endloop
  endfacet
  facet normal 0 0 -1
    outer loop
      vertex -2.77164 -11.148 32
      vertex -1.72234 -11 32
      vertex -2.49441 -11.6667 32
    endloop
  endfacet
  facet normal -0 0 -1
    outer loop
      vertex -1.72234 -11 32
      vertex -2.77164 -11.148 32
      vertex -2.81655 -11 32
    endloop
  endfacet
  facet normal -0.881921 0.471397 0
    outer loop
      vertex -2.77164 -8.85195 33
      vertex -2.49441 -8.33329 34
      vertex -2.49441 -8.33329 33
    endloop
  endfacet
  facet normal -0.881921 0.471397 0
    outer loop
      vertex -2.49441 -8.33329 34
      vertex -2.77164 -8.85195 33
      vertex -2.77164 -8.85195 34
    endloop
  endfacet
  facet normal 0.290414 -0.956901 0
    outer loop
      vertex 0.585271 -12.9424 32
      vertex 1.14805 -12.7716 34
      vertex 0.585271 -12.9424 34
    endloop
  endfacet
  facet normal 0.290414 -0.956901 0
    outer loop
      vertex 1.14805 -12.7716 34
      vertex 0.585271 -12.9424 32
      vertex 1.14805 -12.7716 32
    endloop
  endfacet
  facet normal 0 0 1
    outer loop
      vertex 2 -10 34
      vertex 3 -10 34
      vertex 2.94236 -9.41473 34
    endloop
  endfacet
  facet normal 0 0 1
    outer loop
      vertex 1.96157 -9.60982 34
      vertex 2.94236 -9.41473 34
      vertex 2.77164 -8.85195 34
    endloop
  endfacet
  facet normal 0 0 1
    outer loop
      vertex 3 -10 34
      vertex 2 -10 34
      vertex 2.94236 -10.5853 34
    endloop
  endfacet
  facet normal 0 0 1
    outer loop
      vertex 1.84776 -9.23463 34
      vertex 2.77164 -8.85195 34
      vertex 2.49441 -8.33329 34
    endloop
  endfacet
  facet normal -0 0 1
    outer loop
      vertex 1.96157 -10.3902 34
      vertex 2.94236 -10.5853 34
      vertex 2 -10 34
    endloop
  endfacet
  facet normal 0 0 1
    outer loop
      vertex 1.66294 -8.88886 34
      vertex 2.49441 -8.33329 34
      vertex 2.12132 -7.87868 34
    endloop
  endfacet
  facet normal 0 0 1
    outer loop
      vertex 2.94236 -10.5853 34
      vertex 1.96157 -10.3902 34
      vertex 2.77164 -11.148 34
    endloop
  endfacet
  facet normal -0 0 1
    outer loop
      vertex 1.84776 -10.7654 34
      vertex 2.77164 -11.148 34
      vertex 1.96157 -10.3902 34
    endloop
  endfacet
  facet normal 0 0 1
    outer loop
      vertex 2.94236 -9.41473 34
      vertex 1.96157 -9.60982 34
      vertex 2 -10 34
    endloop
  endfacet
  facet normal 0 0 1
    outer loop
      vertex 2.77164 -8.85195 34
      vertex 1.84776 -9.23463 34
      vertex 1.96157 -9.60982 34
    endloop
  endfacet
  facet normal 0 0 1
    outer loop
      vertex 1.41421 -8.58579 34
      vertex 2.12132 -7.87868 34
      vertex 1.66671 -7.50559 34
    endloop
  endfacet
  facet normal 0 0 1
    outer loop
      vertex 2.49441 -8.33329 34
      vertex 1.66294 -8.88886 34
      vertex 1.84776 -9.23463 34
    endloop
  endfacet
  facet normal 0 0 1
    outer loop
      vertex 2.12132 -7.87868 34
      vertex 1.41421 -8.58579 34
      vertex 1.66294 -8.88886 34
    endloop
  endfacet
  facet normal 0 0 1
    outer loop
      vertex 1.11114 -8.33706 34
      vertex 1.66671 -7.50559 34
      vertex 1.14805 -7.22836 34
    endloop
  endfacet
  facet normal 0 0 1
    outer loop
      vertex 1.66671 -7.50559 34
      vertex 1.11114 -8.33706 34
      vertex 1.41421 -8.58579 34
    endloop
  endfacet
  facet normal 0 0 1
    outer loop
      vertex 1.14805 -7.22836 34
      vertex 0.765367 -8.15224 34
      vertex 1.11114 -8.33706 34
    endloop
  endfacet
  facet normal 0 0 1
    outer loop
      vertex 0.585271 -7.05764 34
      vertex 0.765367 -8.15224 34
      vertex 1.14805 -7.22836 34
    endloop
  endfacet
  facet normal 0 0 1
    outer loop
      vertex 0.585271 -7.05764 34
      vertex 0.390181 -8.03843 34
      vertex 0.765367 -8.15224 34
    endloop
  endfacet
  facet normal 0 0 1
    outer loop
      vertex 0 -7 34
      vertex 0.390181 -8.03843 34
      vertex 0.585271 -7.05764 34
    endloop
  endfacet
  facet normal 0 0 1
    outer loop
      vertex 0 -7 34
      vertex 0 -8 34
      vertex 0.390181 -8.03843 34
    endloop
  endfacet
  facet normal 0 0 1
    outer loop
      vertex 0 -7 34
      vertex -0.390181 -8.03843 34
      vertex 0 -8 34
    endloop
  endfacet
  facet normal -0 0 1
    outer loop
      vertex -0.585271 -7.05764 34
      vertex -0.390181 -8.03843 34
      vertex 0 -7 34
    endloop
  endfacet
  facet normal 0 0 1
    outer loop
      vertex -0.585271 -7.05764 34
      vertex -0.765367 -8.15224 34
      vertex -0.390181 -8.03843 34
    endloop
  endfacet
  facet normal -0 0 1
    outer loop
      vertex -1.14805 -7.22836 34
      vertex -0.765367 -8.15224 34
      vertex -0.585271 -7.05764 34
    endloop
  endfacet
  facet normal 0 0 1
    outer loop
      vertex -0.765367 -8.15224 34
      vertex -1.14805 -7.22836 34
      vertex -1.11114 -8.33706 34
    endloop
  endfacet
  facet normal -0 0 1
    outer loop
      vertex -1.66671 -7.50559 34
      vertex -1.11114 -8.33706 34
      vertex -1.14805 -7.22836 34
    endloop
  endfacet
  facet normal 0 0 1
    outer loop
      vertex -1.11114 -8.33706 34
      vertex -1.66671 -7.50559 34
      vertex -1.41421 -8.58579 34
    endloop
  endfacet
  facet normal -0 0 1
    outer loop
      vertex -2.12132 -7.87868 34
      vertex -1.41421 -8.58579 34
      vertex -1.66671 -7.50559 34
    endloop
  endfacet
  facet normal 0 0 1
    outer loop
      vertex -1.41421 -8.58579 34
      vertex -2.12132 -7.87868 34
      vertex -1.66294 -8.88886 34
    endloop
  endfacet
  facet normal -0 0 1
    outer loop
      vertex -2.49441 -8.33329 34
      vertex -1.66294 -8.88886 34
      vertex -2.12132 -7.87868 34
    endloop
  endfacet
  facet normal -0 0 1
    outer loop
      vertex -2.77164 -8.85195 34
      vertex -1.84776 -9.23463 34
      vertex -2.49441 -8.33329 34
    endloop
  endfacet
  facet normal 0 0 1
    outer loop
      vertex -1.66294 -8.88886 34
      vertex -2.49441 -8.33329 34
      vertex -1.84776 -9.23463 34
    endloop
  endfacet
  facet normal 0 0 1
    outer loop
      vertex 2.77164 -11.148 34
      vertex 1.84776 -10.7654 34
      vertex 2.49441 -11.6667 34
    endloop
  endfacet
  facet normal -0 0 1
    outer loop
      vertex 1.66294 -11.1111 34
      vertex 2.49441 -11.6667 34
      vertex 1.84776 -10.7654 34
    endloop
  endfacet
  facet normal 0 0 1
    outer loop
      vertex 2.49441 -11.6667 34
      vertex 1.66294 -11.1111 34
      vertex 2.12132 -12.1213 34
    endloop
  endfacet
  facet normal -0 0 1
    outer loop
      vertex 1.41421 -11.4142 34
      vertex 2.12132 -12.1213 34
      vertex 1.66294 -11.1111 34
    endloop
  endfacet
  facet normal 0 0 1
    outer loop
      vertex 2.12132 -12.1213 34
      vertex 1.41421 -11.4142 34
      vertex 1.66671 -12.4944 34
    endloop
  endfacet
  facet normal -0 0 1
    outer loop
      vertex 1.11114 -11.6629 34
      vertex 1.66671 -12.4944 34
      vertex 1.41421 -11.4142 34
    endloop
  endfacet
  facet normal 0 0 1
    outer loop
      vertex 1.66671 -12.4944 34
      vertex 1.11114 -11.6629 34
      vertex 1.14805 -12.7716 34
    endloop
  endfacet
  facet normal -0 0 1
    outer loop
      vertex 0.765367 -11.8478 34
      vertex 1.14805 -12.7716 34
      vertex 1.11114 -11.6629 34
    endloop
  endfacet
  facet normal 0 0 1
    outer loop
      vertex 0.765367 -11.8478 34
      vertex 0.585271 -12.9424 34
      vertex 1.14805 -12.7716 34
    endloop
  endfacet
  facet normal -0 0 1
    outer loop
      vertex 0.390181 -11.9616 34
      vertex 0.585271 -12.9424 34
      vertex 0.765367 -11.8478 34
    endloop
  endfacet
  facet normal -0 0 1
    outer loop
      vertex 0 -12 34
      vertex 0.585271 -12.9424 34
      vertex 0.390181 -11.9616 34
    endloop
  endfacet
  facet normal 0 0 1
    outer loop
      vertex 0 -12 34
      vertex 0 -13 34
      vertex 0.585271 -12.9424 34
    endloop
  endfacet
  facet normal 0 0 1
    outer loop
      vertex -0.390181 -11.9616 34
      vertex 0 -13 34
      vertex 0 -12 34
    endloop
  endfacet
  facet normal 0 0 1
    outer loop
      vertex -0.390181 -11.9616 34
      vertex -0.585271 -12.9424 34
      vertex 0 -13 34
    endloop
  endfacet
  facet normal 0 0 1
    outer loop
      vertex -0.765367 -11.8478 34
      vertex -0.585271 -12.9424 34
      vertex -0.390181 -11.9616 34
    endloop
  endfacet
  facet normal 0 0 1
    outer loop
      vertex -1.14805 -12.7716 34
      vertex -0.765367 -11.8478 34
      vertex -1.11114 -11.6629 34
    endloop
  endfacet
  facet normal 0 0 1
    outer loop
      vertex -0.765367 -11.8478 34
      vertex -1.14805 -12.7716 34
      vertex -0.585271 -12.9424 34
    endloop
  endfacet
  facet normal 0 0 1
    outer loop
      vertex -1.66671 -12.4944 34
      vertex -1.11114 -11.6629 34
      vertex -1.41421 -11.4142 34
    endloop
  endfacet
  facet normal 0 0 1
    outer loop
      vertex -2.12132 -12.1213 34
      vertex -1.41421 -11.4142 34
      vertex -1.66294 -11.1111 34
    endloop
  endfacet
  facet normal 0 0 1
    outer loop
      vertex -1.11114 -11.6629 34
      vertex -1.66671 -12.4944 34
      vertex -1.14805 -12.7716 34
    endloop
  endfacet
  facet normal 0 0 1
    outer loop
      vertex -2.49441 -11.6667 34
      vertex -1.66294 -11.1111 34
      vertex -1.84776 -10.7654 34
    endloop
  endfacet
  facet normal 0 0 1
    outer loop
      vertex -2.77164 -11.148 34
      vertex -1.84776 -10.7654 34
      vertex -1.96157 -10.3902 34
    endloop
  endfacet
  facet normal 0 0 1
    outer loop
      vertex -1.41421 -11.4142 34
      vertex -2.12132 -12.1213 34
      vertex -1.66671 -12.4944 34
    endloop
  endfacet
  facet normal 0 0 1
    outer loop
      vertex -2.94236 -10.5853 34
      vertex -1.96157 -10.3902 34
      vertex -2 -10 34
    endloop
  endfacet
  facet normal 0 0 1
    outer loop
      vertex -1.84776 -9.23463 34
      vertex -2.77164 -8.85195 34
      vertex -1.96157 -9.60982 34
    endloop
  endfacet
  facet normal -0 0 1
    outer loop
      vertex -2.94236 -9.41473 34
      vertex -1.96157 -9.60982 34
      vertex -2.77164 -8.85195 34
    endloop
  endfacet
  facet normal 0 0 1
    outer loop
      vertex -1.66294 -11.1111 34
      vertex -2.49441 -11.6667 34
      vertex -2.12132 -12.1213 34
    endloop
  endfacet
  facet normal 0 0 1
    outer loop
      vertex -1.96157 -9.60982 34
      vertex -2.94236 -9.41473 34
      vertex -2 -10 34
    endloop
  endfacet
  facet normal 0 0 1
    outer loop
      vertex -1.84776 -10.7654 34
      vertex -2.77164 -11.148 34
      vertex -2.49441 -11.6667 34
    endloop
  endfacet
  facet normal 0 0 1
    outer loop
      vertex -3 -10 34
      vertex -2 -10 34
      vertex -2.94236 -9.41473 34
    endloop
  endfacet
  facet normal 0 0 1
    outer loop
      vertex -1.96157 -10.3902 34
      vertex -2.94236 -10.5853 34
      vertex -2.77164 -11.148 34
    endloop
  endfacet
  facet normal 0 0 1
    outer loop
      vertex -2 -10 34
      vertex -3 -10 34
      vertex -2.94236 -10.5853 34
    endloop
  endfacet
  facet normal -0.290414 -0.956901 0
    outer loop
      vertex -1.14805 -12.7716 32
      vertex -0.585271 -12.9424 34
      vertex -1.14805 -12.7716 34
    endloop
  endfacet
  facet normal -0.290414 -0.956901 -0
    outer loop
      vertex -0.585271 -12.9424 34
      vertex -1.14805 -12.7716 32
      vertex -0.585271 -12.9424 32
    endloop
  endfacet
  facet normal 0.956933 -0.29031 0
    outer loop
      vertex 2.94236 -10.5853 34
      vertex 2.81655 -11 33
      vertex 2.94236 -10.5853 33
    endloop
  endfacet
  facet normal 0.956928 -0.290326 7.30748e-06
    outer loop
      vertex 2.77164 -11.148 34
      vertex 2.81655 -11 33
      vertex 2.94236 -10.5853 34
    endloop
  endfacet
  facet normal 0.956914 -0.290372 0
    outer loop
      vertex 2.77164 -11.148 32
      vertex 2.81655 -11 33
      vertex 2.77164 -11.148 34
    endloop
  endfacet
  facet normal 0.956914 -0.290372 0
    outer loop
      vertex 2.81655 -11 33
      vertex 2.77164 -11.148 32
      vertex 2.81655 -11 32
    endloop
  endfacet
  facet normal 0.773009 0.634395 0
    outer loop
      vertex 2.49441 -8.33329 34
      vertex 2.12132 -7.87868 33
      vertex 2.12132 -7.87868 34
    endloop
  endfacet
  facet normal 0.773009 0.634395 0
    outer loop
      vertex 2.12132 -7.87868 33
      vertex 2.49441 -8.33329 34
      vertex 2.49441 -8.33329 33
    endloop
  endfacet
  facet normal -0.995185 0.0980103 0
    outer loop
      vertex -3 -10 33
      vertex -2.94236 -9.41473 34
      vertex -2.94236 -9.41473 33
    endloop
  endfacet
  facet normal -0.995185 0.0980103 0
    outer loop
      vertex -2.94236 -9.41473 34
      vertex -3 -10 33
      vertex -3 -10 34
    endloop
  endfacet
  facet normal 0.634405 -0.773001 0
    outer loop
      vertex 1.66671 -12.4944 32
      vertex 2.12132 -12.1213 34
      vertex 1.66671 -12.4944 34
    endloop
  endfacet
  facet normal 0.634405 -0.773001 0
    outer loop
      vertex 2.12132 -12.1213 34
      vertex 1.66671 -12.4944 32
      vertex 2.12132 -12.1213 32
    endloop
  endfacet
  facet normal -0.471397 0.881921 0
    outer loop
      vertex -1.14805 -7.22836 33
      vertex -1.66671 -7.50559 34
      vertex -1.14805 -7.22836 34
    endloop
  endfacet
  facet normal -0.471397 0.881921 0
    outer loop
      vertex -1.66671 -7.50559 34
      vertex -1.14805 -7.22836 33
      vertex -1.66671 -7.50559 33
    endloop
  endfacet
  facet normal -0.634405 -0.773001 0
    outer loop
      vertex -2.12132 -12.1213 32
      vertex -1.66671 -12.4944 34
      vertex -2.12132 -12.1213 34
    endloop
  endfacet
  facet normal -0.634405 -0.773001 -0
    outer loop
      vertex -1.66671 -12.4944 34
      vertex -2.12132 -12.1213 32
      vertex -1.66671 -12.4944 32
    endloop
  endfacet
  facet normal -0.0980101 0.995185 0
    outer loop
      vertex 0 -7 33
      vertex -0.585271 -7.05764 34
      vertex 0 -7 34
    endloop
  endfacet
  facet normal -0.0980101 0.995185 0
    outer loop
      vertex -0.585271 -7.05764 34
      vertex 0 -7 33
      vertex -0.585271 -7.05764 33
    endloop
  endfacet
  facet normal 0.881936 -0.471369 0
    outer loop
      vertex 2.49441 -11.6667 34
      vertex 2.77164 -11.148 32
      vertex 2.77164 -11.148 34
    endloop
  endfacet
  facet normal 0.881936 -0.471369 0
    outer loop
      vertex 2.77164 -11.148 32
      vertex 2.49441 -11.6667 34
      vertex 2.49441 -11.6667 32
    endloop
  endfacet
  facet normal -0.956914 -0.290372 0
    outer loop
      vertex -2.81655 -11 32
      vertex -2.77164 -11.148 32
      vertex -2.81655 -11 33
    endloop
  endfacet
  facet normal -0.956933 -0.29031 0
    outer loop
      vertex -2.81655 -11 33
      vertex -2.94236 -10.5853 34
      vertex -2.94236 -10.5853 33
    endloop
  endfacet
  facet normal -0.956928 -0.290326 7.30748e-06
    outer loop
      vertex -2.81655 -11 33
      vertex -2.77164 -11.148 34
      vertex -2.94236 -10.5853 34
    endloop
  endfacet
  facet normal -0.956914 -0.290372 -0
    outer loop
      vertex -2.77164 -11.148 34
      vertex -2.81655 -11 33
      vertex -2.77164 -11.148 32
    endloop
  endfacet
  facet normal -0.995186 -0.0980053 0
    outer loop
      vertex -2.94236 -10.5853 33
      vertex -3 -10 34
      vertex -3 -10 33
    endloop
  endfacet
  facet normal -0.995186 -0.0980053 0
    outer loop
      vertex -3 -10 34
      vertex -2.94236 -10.5853 33
      vertex -2.94236 -10.5853 34
    endloop
  endfacet
  facet normal -0.773003 -0.634403 0
    outer loop
      vertex -2.12132 -12.1213 32
      vertex -2.49441 -11.6667 34
      vertex -2.49441 -11.6667 32
    endloop
  endfacet
  facet normal -0.773003 -0.634403 0
    outer loop
      vertex -2.49441 -11.6667 34
      vertex -2.12132 -12.1213 32
      vertex -2.12132 -12.1213 34
    endloop
  endfacet
  facet normal -0.773009 0.634395 0
    outer loop
      vertex -2.49441 -8.33329 33
      vertex -2.12132 -7.87868 34
      vertex -2.12132 -7.87868 33
    endloop
  endfacet
  facet normal -0.773009 0.634395 0
    outer loop
      vertex -2.12132 -7.87868 34
      vertex -2.49441 -8.33329 33
      vertex -2.49441 -8.33329 34
    endloop
  endfacet
  facet normal -0.956939 0.290289 0
    outer loop
      vertex -2.94236 -9.41473 33
      vertex -2.77164 -8.85195 34
      vertex -2.77164 -8.85195 33
    endloop
  endfacet
  facet normal -0.956939 0.290289 0
    outer loop
      vertex -2.77164 -8.85195 34
      vertex -2.94236 -9.41473 33
      vertex -2.94236 -9.41473 34
    endloop
  endfacet
  facet normal -0.881919 -0.471401 0
    outer loop
      vertex 1.84776 -9.23463 32
      vertex 1.66294 -8.88886 34
      vertex 1.66294 -8.88886 32
    endloop
  endfacet
  facet normal -0.881919 -0.471401 0
    outer loop
      vertex 1.66294 -8.88886 34
      vertex 1.84776 -9.23463 32
      vertex 1.84776 -9.23463 34
    endloop
  endfacet
  facet normal 0.0980185 -0.995185 0
    outer loop
      vertex -0.390181 -8.03843 32
      vertex 0 -8 34
      vertex -0.390181 -8.03843 34
    endloop
  endfacet
  facet normal 0.0980185 -0.995185 0
    outer loop
      vertex 0 -8 34
      vertex -0.390181 -8.03843 32
      vertex 0 -8 32
    endloop
  endfacet
  facet normal -0.956942 -0.290279 0
    outer loop
      vertex 1.96157 -9.60982 32
      vertex 1.84776 -9.23463 34
      vertex 1.84776 -9.23463 32
    endloop
  endfacet
  facet normal -0.956942 -0.290279 0
    outer loop
      vertex 1.84776 -9.23463 34
      vertex 1.96157 -9.60982 32
      vertex 1.96157 -9.60982 34
    endloop
  endfacet
  facet normal -0.471398 -0.881921 0
    outer loop
      vertex 0.765367 -8.15224 32
      vertex 1.11114 -8.33706 34
      vertex 0.765367 -8.15224 34
    endloop
  endfacet
  facet normal -0.471398 -0.881921 -0
    outer loop
      vertex 1.11114 -8.33706 34
      vertex 0.765367 -8.15224 32
      vertex 1.11114 -8.33706 32
    endloop
  endfacet
  facet normal -0.773002 -0.634404 0
    outer loop
      vertex 1.66294 -8.88886 32
      vertex 1.41421 -8.58579 34
      vertex 1.41421 -8.58579 32
    endloop
  endfacet
  facet normal -0.773002 -0.634404 0
    outer loop
      vertex 1.41421 -8.58579 34
      vertex 1.66294 -8.88886 32
      vertex 1.66294 -8.88886 34
    endloop
  endfacet
  facet normal 0.956942 -0.290279 0
    outer loop
      vertex -1.96157 -9.60982 34
      vertex -1.84776 -9.23463 32
      vertex -1.84776 -9.23463 34
    endloop
  endfacet
  facet normal 0.956942 -0.290279 0
    outer loop
      vertex -1.84776 -9.23463 32
      vertex -1.96157 -9.60982 34
      vertex -1.96157 -9.60982 32
    endloop
  endfacet
  facet normal -0.995185 -0.0980187 0
    outer loop
      vertex 2 -10 32
      vertex 1.96157 -9.60982 34
      vertex 1.96157 -9.60982 32
    endloop
  endfacet
  facet normal -0.995185 -0.0980187 0
    outer loop
      vertex 1.96157 -9.60982 34
      vertex 2 -10 32
      vertex 2 -10 34
    endloop
  endfacet
  facet normal 0.290258 0.956948 -0
    outer loop
      vertex -0.390181 -11.9616 32
      vertex -0.765367 -11.8478 34
      vertex -0.390181 -11.9616 34
    endloop
  endfacet
  facet normal 0.290258 0.956948 0
    outer loop
      vertex -0.765367 -11.8478 34
      vertex -0.390181 -11.9616 32
      vertex -0.765367 -11.8478 32
    endloop
  endfacet
  facet normal -0.0980185 -0.995185 0
    outer loop
      vertex 0 -8 32
      vertex 0.390181 -8.03843 34
      vertex 0 -8 34
    endloop
  endfacet
  facet normal -0.0980185 -0.995185 -0
    outer loop
      vertex 0.390181 -8.03843 34
      vertex 0 -8 32
      vertex 0.390181 -8.03843 32
    endloop
  endfacet
  facet normal -0.634358 0.773039 0
    outer loop
      vertex 1.41421 -11.4142 32
      vertex 1.11114 -11.6629 34
      vertex 1.41421 -11.4142 34
    endloop
  endfacet
  facet normal -0.634358 0.773039 0
    outer loop
      vertex 1.11114 -11.6629 34
      vertex 1.41421 -11.4142 32
      vertex 1.11114 -11.6629 32
    endloop
  endfacet
  facet normal -0.0979427 0.995192 0
    outer loop
      vertex 0.390181 -11.9616 32
      vertex 0 -12 34
      vertex 0.390181 -11.9616 34
    endloop
  endfacet
  facet normal -0.0979427 0.995192 0
    outer loop
      vertex 0 -12 34
      vertex 0.390181 -11.9616 32
      vertex 0 -12 32
    endloop
  endfacet
  facet normal 0.995185 -0.0980187 0
    outer loop
      vertex -2 -10 34
      vertex -1.96157 -9.60982 32
      vertex -1.96157 -9.60982 34
    endloop
  endfacet
  facet normal 0.995185 -0.0980187 0
    outer loop
      vertex -1.96157 -9.60982 32
      vertex -2 -10 34
      vertex -2 -10 32
    endloop
  endfacet
  facet normal 0.634358 0.773039 -0
    outer loop
      vertex -1.11114 -11.6629 32
      vertex -1.41421 -11.4142 34
      vertex -1.11114 -11.6629 34
    endloop
  endfacet
  facet normal 0.634358 0.773039 0
    outer loop
      vertex -1.41421 -11.4142 34
      vertex -1.11114 -11.6629 32
      vertex -1.41421 -11.4142 32
    endloop
  endfacet
  facet normal 0.290281 -0.956941 0
    outer loop
      vertex -0.765367 -8.15224 32
      vertex -0.390181 -8.03843 34
      vertex -0.765367 -8.15224 34
    endloop
  endfacet
  facet normal 0.290281 -0.956941 0
    outer loop
      vertex -0.390181 -8.03843 34
      vertex -0.765367 -8.15224 32
      vertex -0.390181 -8.03843 32
    endloop
  endfacet
  facet normal -0.471556 0.881836 0
    outer loop
      vertex 1.11114 -11.6629 32
      vertex 0.765367 -11.8478 34
      vertex 1.11114 -11.6629 34
    endloop
  endfacet
  facet normal -0.471556 0.881836 0
    outer loop
      vertex 0.765367 -11.8478 34
      vertex 1.11114 -11.6629 32
      vertex 0.765367 -11.8478 32
    endloop
  endfacet
  facet normal -0.290281 -0.956941 0
    outer loop
      vertex 0.390181 -8.03843 32
      vertex 0.765367 -8.15224 34
      vertex 0.390181 -8.03843 34
    endloop
  endfacet
  facet normal -0.290281 -0.956941 -0
    outer loop
      vertex 0.765367 -8.15224 34
      vertex 0.390181 -8.03843 32
      vertex 0.765367 -8.15224 32
    endloop
  endfacet
  facet normal -0.634404 -0.773002 0
    outer loop
      vertex 1.11114 -8.33706 32
      vertex 1.41421 -8.58579 34
      vertex 1.11114 -8.33706 34
    endloop
  endfacet
  facet normal -0.634404 -0.773002 -0
    outer loop
      vertex 1.41421 -8.58579 34
      vertex 1.11114 -8.33706 32
      vertex 1.41421 -8.58579 32
    endloop
  endfacet
  facet normal 0.773002 -0.634404 0
    outer loop
      vertex -1.66294 -8.88886 34
      vertex -1.41421 -8.58579 32
      vertex -1.41421 -8.58579 34
    endloop
  endfacet
  facet normal 0.773002 -0.634404 0
    outer loop
      vertex -1.41421 -8.58579 32
      vertex -1.66294 -8.88886 34
      vertex -1.66294 -8.88886 32
    endloop
  endfacet
  facet normal 0.634404 -0.773002 0
    outer loop
      vertex -1.41421 -8.58579 32
      vertex -1.11114 -8.33706 34
      vertex -1.41421 -8.58579 34
    endloop
  endfacet
  facet normal 0.634404 -0.773002 0
    outer loop
      vertex -1.11114 -8.33706 34
      vertex -1.41421 -8.58579 32
      vertex -1.11114 -8.33706 32
    endloop
  endfacet
  facet normal 0.471398 -0.881921 0
    outer loop
      vertex -1.11114 -8.33706 32
      vertex -0.765367 -8.15224 34
      vertex -1.11114 -8.33706 34
    endloop
  endfacet
  facet normal 0.471398 -0.881921 0
    outer loop
      vertex -0.765367 -8.15224 34
      vertex -1.11114 -8.33706 32
      vertex -0.765367 -8.15224 32
    endloop
  endfacet
  facet normal 0.773033 0.634366 0
    outer loop
      vertex -1.41421 -11.4142 34
      vertex -1.66294 -11.1111 32
      vertex -1.66294 -11.1111 34
    endloop
  endfacet
  facet normal 0.773033 0.634366 0
    outer loop
      vertex -1.66294 -11.1111 32
      vertex -1.41421 -11.4142 34
      vertex -1.41421 -11.4142 32
    endloop
  endfacet
  facet normal -0.290258 0.956948 0
    outer loop
      vertex 0.765367 -11.8478 32
      vertex 0.390181 -11.9616 34
      vertex 0.765367 -11.8478 34
    endloop
  endfacet
  facet normal -0.290258 0.956948 0
    outer loop
      vertex 0.390181 -11.9616 34
      vertex 0.765367 -11.8478 32
      vertex 0.390181 -11.9616 32
    endloop
  endfacet
  facet normal 0.881919 -0.471401 0
    outer loop
      vertex -1.84776 -9.23463 34
      vertex -1.66294 -8.88886 32
      vertex -1.66294 -8.88886 34
    endloop
  endfacet
  facet normal 0.881919 -0.471401 0
    outer loop
      vertex -1.66294 -8.88886 32
      vertex -1.84776 -9.23463 34
      vertex -1.84776 -9.23463 32
    endloop
  endfacet
  facet normal -0.773033 0.634366 0
    outer loop
      vertex 1.41421 -11.4142 32
      vertex 1.66294 -11.1111 34
      vertex 1.66294 -11.1111 32
    endloop
  endfacet
  facet normal -0.773033 0.634366 0
    outer loop
      vertex 1.66294 -11.1111 34
      vertex 1.41421 -11.4142 32
      vertex 1.41421 -11.4142 34
    endloop
  endfacet
  facet normal 0.0979427 0.995192 -0
    outer loop
      vertex 0 -12 32
      vertex -0.390181 -11.9616 34
      vertex 0 -12 34
    endloop
  endfacet
  facet normal 0.0979427 0.995192 0
    outer loop
      vertex -0.390181 -11.9616 34
      vertex 0 -12 32
      vertex -0.390181 -11.9616 32
    endloop
  endfacet
  facet normal 0.471556 0.881836 -0
    outer loop
      vertex -0.765367 -11.8478 32
      vertex -1.11114 -11.6629 34
      vertex -0.765367 -11.8478 34
    endloop
  endfacet
  facet normal 0.471556 0.881836 0
    outer loop
      vertex -1.11114 -11.6629 34
      vertex -0.765367 -11.8478 32
      vertex -1.11114 -11.6629 32
    endloop
  endfacet
  facet normal 0.471397 0.881921 -0
    outer loop
      vertex 1.66671 -7.50559 -34
      vertex 1.14805 -7.22836 -33
      vertex 1.66671 -7.50559 -33
    endloop
  endfacet
  facet normal 0.471397 0.881921 0
    outer loop
      vertex 1.14805 -7.22836 -33
      vertex 1.66671 -7.50559 -34
      vertex 1.14805 -7.22836 -34
    endloop
  endfacet
  facet normal 0.956939 0.290289 0
    outer loop
      vertex 2.94236 -9.41473 -33
      vertex 2.77164 -8.85195 -34
      vertex 2.77164 -8.85195 -33
    endloop
  endfacet
  facet normal 0.956939 0.290289 0
    outer loop
      vertex 2.77164 -8.85195 -34
      vertex 2.94236 -9.41473 -33
      vertex 2.94236 -9.41473 -34
    endloop
  endfacet
  facet normal 0.995185 0.0980103 0
    outer loop
      vertex 3 -10 -33
      vertex 2.94236 -9.41473 -34
      vertex 2.94236 -9.41473 -33
    endloop
  endfacet
  facet normal 0.995185 0.0980103 0
    outer loop
      vertex 2.94236 -9.41473 -34
      vertex 3 -10 -33
      vertex 3 -10 -34
    endloop
  endfacet
  facet normal 0.881921 0.471397 0
    outer loop
      vertex 2.77164 -8.85195 -33
      vertex 2.49441 -8.33329 -34
      vertex 2.49441 -8.33329 -33
    endloop
  endfacet
  facet normal 0.881921 0.471397 0
    outer loop
      vertex 2.49441 -8.33329 -34
      vertex 2.77164 -8.85195 -33
      vertex 2.77164 -8.85195 -34
    endloop
  endfacet
  facet normal 0.0980101 0.995185 -0
    outer loop
      vertex 0.585271 -7.05764 -34
      vertex 0 -7 -33
      vertex 0.585271 -7.05764 -33
    endloop
  endfacet
  facet normal 0.0980101 0.995185 0
    outer loop
      vertex 0 -7 -33
      vertex 0.585271 -7.05764 -34
      vertex 0 -7 -34
    endloop
  endfacet
  facet normal 0.0979428 -0.995192 0
    outer loop
      vertex 0 -13 -34
      vertex 0.585271 -12.9424 -32
      vertex 0 -13 -32
    endloop
  endfacet
  facet normal 0.0979428 -0.995192 0
    outer loop
      vertex 0.585271 -12.9424 -32
      vertex 0 -13 -34
      vertex 0.585271 -12.9424 -34
    endloop
  endfacet
  facet normal 0.290289 0.956939 -0
    outer loop
      vertex 1.14805 -7.22836 -34
      vertex 0.585271 -7.05764 -33
      vertex 1.14805 -7.22836 -33
    endloop
  endfacet
  facet normal 0.290289 0.956939 0
    outer loop
      vertex 0.585271 -7.05764 -33
      vertex 1.14805 -7.22836 -34
      vertex 0.585271 -7.05764 -34
    endloop
  endfacet
  facet normal 0.634395 0.773009 -0
    outer loop
      vertex 2.12132 -7.87868 -34
      vertex 1.66671 -7.50559 -33
      vertex 2.12132 -7.87868 -33
    endloop
  endfacet
  facet normal 0.634395 0.773009 0
    outer loop
      vertex 1.66671 -7.50559 -33
      vertex 2.12132 -7.87868 -34
      vertex 1.66671 -7.50559 -34
    endloop
  endfacet
  facet normal 0.773003 -0.634403 0
    outer loop
      vertex 2.12132 -12.1213 -32
      vertex 2.49441 -11.6667 -34
      vertex 2.49441 -11.6667 -32
    endloop
  endfacet
  facet normal 0.773003 -0.634403 0
    outer loop
      vertex 2.49441 -11.6667 -34
      vertex 2.12132 -12.1213 -32
      vertex 2.12132 -12.1213 -34
    endloop
  endfacet
  facet normal -0.634395 0.773009 0
    outer loop
      vertex -1.66671 -7.50559 -34
      vertex -2.12132 -7.87868 -33
      vertex -1.66671 -7.50559 -33
    endloop
  endfacet
  facet normal -0.634395 0.773009 0
    outer loop
      vertex -2.12132 -7.87868 -33
      vertex -1.66671 -7.50559 -34
      vertex -2.12132 -7.87868 -34
    endloop
  endfacet
  facet normal 0.471358 -0.881942 0
    outer loop
      vertex 1.14805 -12.7716 -34
      vertex 1.66671 -12.4944 -32
      vertex 1.14805 -12.7716 -32
    endloop
  endfacet
  facet normal 0.471358 -0.881942 0
    outer loop
      vertex 1.66671 -12.4944 -32
      vertex 1.14805 -12.7716 -34
      vertex 1.66671 -12.4944 -34
    endloop
  endfacet
  facet normal -0.881936 -0.471369 0
    outer loop
      vertex -2.49441 -11.6667 -34
      vertex -2.77164 -11.148 -32
      vertex -2.77164 -11.148 -34
    endloop
  endfacet
  facet normal -0.881936 -0.471369 0
    outer loop
      vertex -2.77164 -11.148 -32
      vertex -2.49441 -11.6667 -34
      vertex -2.49441 -11.6667 -32
    endloop
  endfacet
  facet normal 0.995186 -0.0980053 0
    outer loop
      vertex 2.94236 -10.5853 -33
      vertex 3 -10 -34
      vertex 3 -10 -33
    endloop
  endfacet
  facet normal 0.995186 -0.0980053 0
    outer loop
      vertex 3 -10 -34
      vertex 2.94236 -10.5853 -33
      vertex 2.94236 -10.5853 -34
    endloop
  endfacet
  facet normal -0.471358 -0.881942 0
    outer loop
      vertex -1.66671 -12.4944 -34
      vertex -1.14805 -12.7716 -32
      vertex -1.66671 -12.4944 -32
    endloop
  endfacet
  facet normal -0.471358 -0.881942 -0
    outer loop
      vertex -1.14805 -12.7716 -32
      vertex -1.66671 -12.4944 -34
      vertex -1.14805 -12.7716 -34
    endloop
  endfacet
  facet normal -0.290289 0.956939 0
    outer loop
      vertex -0.585271 -7.05764 -34
      vertex -1.14805 -7.22836 -33
      vertex -0.585271 -7.05764 -33
    endloop
  endfacet
  facet normal -0.290289 0.956939 0
    outer loop
      vertex -1.14805 -7.22836 -33
      vertex -0.585271 -7.05764 -34
      vertex -1.14805 -7.22836 -34
    endloop
  endfacet
  facet normal -0.0979428 -0.995192 0
    outer loop
      vertex -0.585271 -12.9424 -34
      vertex 0 -13 -32
      vertex -0.585271 -12.9424 -32
    endloop
  endfacet
  facet normal -0.0979428 -0.995192 -0
    outer loop
      vertex 0 -13 -32
      vertex -0.585271 -12.9424 -34
      vertex 0 -13 -34
    endloop
  endfacet
  facet normal 0 0 -1
    outer loop
      vertex 2 -10 -34
      vertex 3 -10 -34
      vertex 2.94236 -10.5853 -34
    endloop
  endfacet
  facet normal 0 0 -1
    outer loop
      vertex 1.96157 -10.3902 -34
      vertex 2.94236 -10.5853 -34
      vertex 2.77164 -11.148 -34
    endloop
  endfacet
  facet normal 0 0 -1
    outer loop
      vertex 3 -10 -34
      vertex 2 -10 -34
      vertex 2.94236 -9.41473 -34
    endloop
  endfacet
  facet normal 0 0 -1
    outer loop
      vertex 1.84776 -10.7654 -34
      vertex 2.77164 -11.148 -34
      vertex 2.49441 -11.6667 -34
    endloop
  endfacet
  facet normal 0 0 -1
    outer loop
      vertex 1.96157 -9.60982 -34
      vertex 2.94236 -9.41473 -34
      vertex 2 -10 -34
    endloop
  endfacet
  facet normal 0 0 -1
    outer loop
      vertex 1.66294 -11.1111 -34
      vertex 2.49441 -11.6667 -34
      vertex 2.12132 -12.1213 -34
    endloop
  endfacet
  facet normal -0 0 -1
    outer loop
      vertex 2.94236 -9.41473 -34
      vertex 1.96157 -9.60982 -34
      vertex 2.77164 -8.85195 -34
    endloop
  endfacet
  facet normal 0 0 -1
    outer loop
      vertex 1.84776 -9.23463 -34
      vertex 2.77164 -8.85195 -34
      vertex 1.96157 -9.60982 -34
    endloop
  endfacet
  facet normal 0 0 -1
    outer loop
      vertex 2.94236 -10.5853 -34
      vertex 1.96157 -10.3902 -34
      vertex 2 -10 -34
    endloop
  endfacet
  facet normal 0 0 -1
    outer loop
      vertex 2.77164 -11.148 -34
      vertex 1.84776 -10.7654 -34
      vertex 1.96157 -10.3902 -34
    endloop
  endfacet
  facet normal 0 0 -1
    outer loop
      vertex 1.41421 -11.4142 -34
      vertex 2.12132 -12.1213 -34
      vertex 1.66671 -12.4944 -34
    endloop
  endfacet
  facet normal 0 0 -1
    outer loop
      vertex 2.49441 -11.6667 -34
      vertex 1.66294 -11.1111 -34
      vertex 1.84776 -10.7654 -34
    endloop
  endfacet
  facet normal 0 0 -1
    outer loop
      vertex 2.12132 -12.1213 -34
      vertex 1.41421 -11.4142 -34
      vertex 1.66294 -11.1111 -34
    endloop
  endfacet
  facet normal 0 0 -1
    outer loop
      vertex 1.11114 -11.6629 -34
      vertex 1.66671 -12.4944 -34
      vertex 1.14805 -12.7716 -34
    endloop
  endfacet
  facet normal 0 0 -1
    outer loop
      vertex 1.66671 -12.4944 -34
      vertex 1.11114 -11.6629 -34
      vertex 1.41421 -11.4142 -34
    endloop
  endfacet
  facet normal 0 0 -1
    outer loop
      vertex 1.14805 -12.7716 -34
      vertex 0.765367 -11.8478 -34
      vertex 1.11114 -11.6629 -34
    endloop
  endfacet
  facet normal 0 0 -1
    outer loop
      vertex 0.585271 -12.9424 -34
      vertex 0.765367 -11.8478 -34
      vertex 1.14805 -12.7716 -34
    endloop
  endfacet
  facet normal 0 0 -1
    outer loop
      vertex 0.585271 -12.9424 -34
      vertex 0.390181 -11.9616 -34
      vertex 0.765367 -11.8478 -34
    endloop
  endfacet
  facet normal 0 0 -1
    outer loop
      vertex 0 -13 -34
      vertex 0.390181 -11.9616 -34
      vertex 0.585271 -12.9424 -34
    endloop
  endfacet
  facet normal 0 0 -1
    outer loop
      vertex 0 -13 -34
      vertex 0 -12 -34
      vertex 0.390181 -11.9616 -34
    endloop
  endfacet
  facet normal 0 0 -1
    outer loop
      vertex 0 -13 -34
      vertex -0.390181 -11.9616 -34
      vertex 0 -12 -34
    endloop
  endfacet
  facet normal 0 0 -1
    outer loop
      vertex -0.585271 -12.9424 -34
      vertex -0.390181 -11.9616 -34
      vertex 0 -13 -34
    endloop
  endfacet
  facet normal 0 0 -1
    outer loop
      vertex -0.585271 -12.9424 -34
      vertex -0.765367 -11.8478 -34
      vertex -0.390181 -11.9616 -34
    endloop
  endfacet
  facet normal 0 0 -1
    outer loop
      vertex -1.14805 -12.7716 -34
      vertex -0.765367 -11.8478 -34
      vertex -0.585271 -12.9424 -34
    endloop
  endfacet
  facet normal -0 0 -1
    outer loop
      vertex -0.765367 -11.8478 -34
      vertex -1.14805 -12.7716 -34
      vertex -1.11114 -11.6629 -34
    endloop
  endfacet
  facet normal 0 0 -1
    outer loop
      vertex -1.66671 -12.4944 -34
      vertex -1.11114 -11.6629 -34
      vertex -1.14805 -12.7716 -34
    endloop
  endfacet
  facet normal -0 0 -1
    outer loop
      vertex -1.11114 -11.6629 -34
      vertex -1.66671 -12.4944 -34
      vertex -1.41421 -11.4142 -34
    endloop
  endfacet
  facet normal 0 0 -1
    outer loop
      vertex -2.12132 -12.1213 -34
      vertex -1.41421 -11.4142 -34
      vertex -1.66671 -12.4944 -34
    endloop
  endfacet
  facet normal -0 0 -1
    outer loop
      vertex -1.41421 -11.4142 -34
      vertex -2.12132 -12.1213 -34
      vertex -1.66294 -11.1111 -34
    endloop
  endfacet
  facet normal 0 0 -1
    outer loop
      vertex -2.49441 -11.6667 -34
      vertex -1.66294 -11.1111 -34
      vertex -2.12132 -12.1213 -34
    endloop
  endfacet
  facet normal 0 0 -1
    outer loop
      vertex -2.77164 -11.148 -34
      vertex -1.84776 -10.7654 -34
      vertex -2.49441 -11.6667 -34
    endloop
  endfacet
  facet normal -0 0 -1
    outer loop
      vertex -1.66294 -11.1111 -34
      vertex -2.49441 -11.6667 -34
      vertex -1.84776 -10.7654 -34
    endloop
  endfacet
  facet normal -0 0 -1
    outer loop
      vertex 2.77164 -8.85195 -34
      vertex 1.84776 -9.23463 -34
      vertex 2.49441 -8.33329 -34
    endloop
  endfacet
  facet normal 0 0 -1
    outer loop
      vertex 1.66294 -8.88886 -34
      vertex 2.49441 -8.33329 -34
      vertex 1.84776 -9.23463 -34
    endloop
  endfacet
  facet normal -0 0 -1
    outer loop
      vertex 2.49441 -8.33329 -34
      vertex 1.66294 -8.88886 -34
      vertex 2.12132 -7.87868 -34
    endloop
  endfacet
  facet normal 0 0 -1
    outer loop
      vertex 1.41421 -8.58579 -34
      vertex 2.12132 -7.87868 -34
      vertex 1.66294 -8.88886 -34
    endloop
  endfacet
  facet normal -0 0 -1
    outer loop
      vertex 2.12132 -7.87868 -34
      vertex 1.41421 -8.58579 -34
      vertex 1.66671 -7.50559 -34
    endloop
  endfacet
  facet normal 0 0 -1
    outer loop
      vertex 1.11114 -8.33706 -34
      vertex 1.66671 -7.50559 -34
      vertex 1.41421 -8.58579 -34
    endloop
  endfacet
  facet normal -0 0 -1
    outer loop
      vertex 1.66671 -7.50559 -34
      vertex 1.11114 -8.33706 -34
      vertex 1.14805 -7.22836 -34
    endloop
  endfacet
  facet normal 0 0 -1
    outer loop
      vertex 0.765367 -8.15224 -34
      vertex 1.14805 -7.22836 -34
      vertex 1.11114 -8.33706 -34
    endloop
  endfacet
  facet normal 0 0 -1
    outer loop
      vertex 0.765367 -8.15224 -34
      vertex 0.585271 -7.05764 -34
      vertex 1.14805 -7.22836 -34
    endloop
  endfacet
  facet normal 0 0 -1
    outer loop
      vertex 0.390181 -8.03843 -34
      vertex 0.585271 -7.05764 -34
      vertex 0.765367 -8.15224 -34
    endloop
  endfacet
  facet normal 0 0 -1
    outer loop
      vertex 0 -8 -34
      vertex 0.585271 -7.05764 -34
      vertex 0.390181 -8.03843 -34
    endloop
  endfacet
  facet normal 0 0 -1
    outer loop
      vertex 0 -8 -34
      vertex 0 -7 -34
      vertex 0.585271 -7.05764 -34
    endloop
  endfacet
  facet normal 0 0 -1
    outer loop
      vertex -0.390181 -8.03843 -34
      vertex 0 -7 -34
      vertex 0 -8 -34
    endloop
  endfacet
  facet normal 0 0 -1
    outer loop
      vertex -0.390181 -8.03843 -34
      vertex -0.585271 -7.05764 -34
      vertex 0 -7 -34
    endloop
  endfacet
  facet normal 0 0 -1
    outer loop
      vertex -0.765367 -8.15224 -34
      vertex -0.585271 -7.05764 -34
      vertex -0.390181 -8.03843 -34
    endloop
  endfacet
  facet normal 0 0 -1
    outer loop
      vertex -1.14805 -7.22836 -34
      vertex -0.765367 -8.15224 -34
      vertex -1.11114 -8.33706 -34
    endloop
  endfacet
  facet normal 0 0 -1
    outer loop
      vertex -0.765367 -8.15224 -34
      vertex -1.14805 -7.22836 -34
      vertex -0.585271 -7.05764 -34
    endloop
  endfacet
  facet normal 0 0 -1
    outer loop
      vertex -1.66671 -7.50559 -34
      vertex -1.11114 -8.33706 -34
      vertex -1.41421 -8.58579 -34
    endloop
  endfacet
  facet normal 0 0 -1
    outer loop
      vertex -2.12132 -7.87868 -34
      vertex -1.41421 -8.58579 -34
      vertex -1.66294 -8.88886 -34
    endloop
  endfacet
  facet normal 0 0 -1
    outer loop
      vertex -1.11114 -8.33706 -34
      vertex -1.66671 -7.50559 -34
      vertex -1.14805 -7.22836 -34
    endloop
  endfacet
  facet normal 0 0 -1
    outer loop
      vertex -2.49441 -8.33329 -34
      vertex -1.66294 -8.88886 -34
      vertex -1.84776 -9.23463 -34
    endloop
  endfacet
  facet normal 0 0 -1
    outer loop
      vertex -2.77164 -8.85195 -34
      vertex -1.84776 -9.23463 -34
      vertex -1.96157 -9.60982 -34
    endloop
  endfacet
  facet normal 0 0 -1
    outer loop
      vertex -1.41421 -8.58579 -34
      vertex -2.12132 -7.87868 -34
      vertex -1.66671 -7.50559 -34
    endloop
  endfacet
  facet normal 0 0 -1
    outer loop
      vertex -2.94236 -9.41473 -34
      vertex -1.96157 -9.60982 -34
      vertex -2 -10 -34
    endloop
  endfacet
  facet normal -0 0 -1
    outer loop
      vertex -1.84776 -10.7654 -34
      vertex -2.77164 -11.148 -34
      vertex -1.96157 -10.3902 -34
    endloop
  endfacet
  facet normal 0 0 -1
    outer loop
      vertex -2.94236 -10.5853 -34
      vertex -1.96157 -10.3902 -34
      vertex -2.77164 -11.148 -34
    endloop
  endfacet
  facet normal 0 0 -1
    outer loop
      vertex -1.66294 -8.88886 -34
      vertex -2.49441 -8.33329 -34
      vertex -2.12132 -7.87868 -34
    endloop
  endfacet
  facet normal -0 0 -1
    outer loop
      vertex -1.96157 -10.3902 -34
      vertex -2.94236 -10.5853 -34
      vertex -2 -10 -34
    endloop
  endfacet
  facet normal 0 0 -1
    outer loop
      vertex -1.84776 -9.23463 -34
      vertex -2.77164 -8.85195 -34
      vertex -2.49441 -8.33329 -34
    endloop
  endfacet
  facet normal 0 0 -1
    outer loop
      vertex -3 -10 -34
      vertex -2 -10 -34
      vertex -2.94236 -10.5853 -34
    endloop
  endfacet
  facet normal 0 0 -1
    outer loop
      vertex -1.96157 -9.60982 -34
      vertex -2.94236 -9.41473 -34
      vertex -2.77164 -8.85195 -34
    endloop
  endfacet
  facet normal 0 0 -1
    outer loop
      vertex -2 -10 -34
      vertex -3 -10 -34
      vertex -2.94236 -9.41473 -34
    endloop
  endfacet
  facet normal -0.881921 0.471397 0
    outer loop
      vertex -2.77164 -8.85195 -34
      vertex -2.49441 -8.33329 -33
      vertex -2.49441 -8.33329 -34
    endloop
  endfacet
  facet normal -0.881921 0.471397 0
    outer loop
      vertex -2.49441 -8.33329 -33
      vertex -2.77164 -8.85195 -34
      vertex -2.77164 -8.85195 -33
    endloop
  endfacet
  facet normal 0.290414 -0.956901 0
    outer loop
      vertex 0.585271 -12.9424 -34
      vertex 1.14805 -12.7716 -32
      vertex 0.585271 -12.9424 -32
    endloop
  endfacet
  facet normal 0.290414 -0.956901 0
    outer loop
      vertex 1.14805 -12.7716 -32
      vertex 0.585271 -12.9424 -34
      vertex 1.14805 -12.7716 -34
    endloop
  endfacet
  facet normal -0 0 1
    outer loop
      vertex 1.72234 -11 -32
      vertex 2.77164 -11.148 -32
      vertex 2.81655 -11 -32
    endloop
  endfacet
  facet normal 0 0 1
    outer loop
      vertex 2.77164 -11.148 -32
      vertex 1.72234 -11 -32
      vertex 2.49441 -11.6667 -32
    endloop
  endfacet
  facet normal 0 0 1
    outer loop
      vertex 2.49441 -11.6667 -32
      vertex 1.72234 -11 -32
      vertex 1.66294 -11.1111 -32
    endloop
  endfacet
  facet normal 0 0 1
    outer loop
      vertex 2.49441 -11.6667 -32
      vertex 1.66294 -11.1111 -32
      vertex 2.12132 -12.1213 -32
    endloop
  endfacet
  facet normal -0 0 1
    outer loop
      vertex 1.41421 -11.4142 -32
      vertex 2.12132 -12.1213 -32
      vertex 1.66294 -11.1111 -32
    endloop
  endfacet
  facet normal 0 0 1
    outer loop
      vertex 2.12132 -12.1213 -32
      vertex 1.41421 -11.4142 -32
      vertex 1.66671 -12.4944 -32
    endloop
  endfacet
  facet normal -0 0 1
    outer loop
      vertex 1.11114 -11.6629 -32
      vertex 1.66671 -12.4944 -32
      vertex 1.41421 -11.4142 -32
    endloop
  endfacet
  facet normal 0 0 1
    outer loop
      vertex 1.66671 -12.4944 -32
      vertex 1.11114 -11.6629 -32
      vertex 1.14805 -12.7716 -32
    endloop
  endfacet
  facet normal -0 0 1
    outer loop
      vertex 0.765367 -11.8478 -32
      vertex 1.14805 -12.7716 -32
      vertex 1.11114 -11.6629 -32
    endloop
  endfacet
  facet normal 0 0 1
    outer loop
      vertex 0.765367 -11.8478 -32
      vertex 0.585271 -12.9424 -32
      vertex 1.14805 -12.7716 -32
    endloop
  endfacet
  facet normal -0 0 1
    outer loop
      vertex 0.390181 -11.9616 -32
      vertex 0.585271 -12.9424 -32
      vertex 0.765367 -11.8478 -32
    endloop
  endfacet
  facet normal -0 0 1
    outer loop
      vertex 0 -12 -32
      vertex 0.585271 -12.9424 -32
      vertex 0.390181 -11.9616 -32
    endloop
  endfacet
  facet normal 0 0 1
    outer loop
      vertex 0 -12 -32
      vertex 0 -13 -32
      vertex 0.585271 -12.9424 -32
    endloop
  endfacet
  facet normal 0 0 1
    outer loop
      vertex -0.390181 -11.9616 -32
      vertex 0 -13 -32
      vertex 0 -12 -32
    endloop
  endfacet
  facet normal 0 0 1
    outer loop
      vertex -0.390181 -11.9616 -32
      vertex -0.585271 -12.9424 -32
      vertex 0 -13 -32
    endloop
  endfacet
  facet normal 0 0 1
    outer loop
      vertex -0.765367 -11.8478 -32
      vertex -0.585271 -12.9424 -32
      vertex -0.390181 -11.9616 -32
    endloop
  endfacet
  facet normal 0 0 1
    outer loop
      vertex -1.14805 -12.7716 -32
      vertex -0.765367 -11.8478 -32
      vertex -1.11114 -11.6629 -32
    endloop
  endfacet
  facet normal 0 0 1
    outer loop
      vertex -0.765367 -11.8478 -32
      vertex -1.14805 -12.7716 -32
      vertex -0.585271 -12.9424 -32
    endloop
  endfacet
  facet normal 0 0 1
    outer loop
      vertex -1.66671 -12.4944 -32
      vertex -1.11114 -11.6629 -32
      vertex -1.41421 -11.4142 -32
    endloop
  endfacet
  facet normal 0 0 1
    outer loop
      vertex -2.12132 -12.1213 -32
      vertex -1.41421 -11.4142 -32
      vertex -1.66294 -11.1111 -32
    endloop
  endfacet
  facet normal 0 0 1
    outer loop
      vertex -1.11114 -11.6629 -32
      vertex -1.66671 -12.4944 -32
      vertex -1.14805 -12.7716 -32
    endloop
  endfacet
  facet normal 0 0 1
    outer loop
      vertex -2.49441 -11.6667 -32
      vertex -1.66294 -11.1111 -32
      vertex -1.72234 -11 -32
    endloop
  endfacet
  facet normal 0 0 1
    outer loop
      vertex -1.41421 -11.4142 -32
      vertex -2.12132 -12.1213 -32
      vertex -1.66671 -12.4944 -32
    endloop
  endfacet
  facet normal 0 0 1
    outer loop
      vertex -1.66294 -11.1111 -32
      vertex -2.49441 -11.6667 -32
      vertex -2.12132 -12.1213 -32
    endloop
  endfacet
  facet normal 0 0 1
    outer loop
      vertex -1.72234 -11 -32
      vertex -2.77164 -11.148 -32
      vertex -2.49441 -11.6667 -32
    endloop
  endfacet
  facet normal 0 -0 1
    outer loop
      vertex -2.77164 -11.148 -32
      vertex -1.72234 -11 -32
      vertex -2.81655 -11 -32
    endloop
  endfacet
  facet normal -0.290414 -0.956901 0
    outer loop
      vertex -1.14805 -12.7716 -34
      vertex -0.585271 -12.9424 -32
      vertex -1.14805 -12.7716 -32
    endloop
  endfacet
  facet normal -0.290414 -0.956901 -0
    outer loop
      vertex -0.585271 -12.9424 -32
      vertex -1.14805 -12.7716 -34
      vertex -0.585271 -12.9424 -34
    endloop
  endfacet
  facet normal 0.956914 -0.290372 0
    outer loop
      vertex 2.81655 -11 -32
      vertex 2.77164 -11.148 -32
      vertex 2.81655 -11 -33
    endloop
  endfacet
  facet normal 0.956933 -0.29031 0
    outer loop
      vertex 2.81655 -11 -33
      vertex 2.94236 -10.5853 -34
      vertex 2.94236 -10.5853 -33
    endloop
  endfacet
  facet normal 0.956928 -0.290326 -7.30748e-06
    outer loop
      vertex 2.81655 -11 -33
      vertex 2.77164 -11.148 -34
      vertex 2.94236 -10.5853 -34
    endloop
  endfacet
  facet normal 0.956914 -0.290372 0
    outer loop
      vertex 2.77164 -11.148 -34
      vertex 2.81655 -11 -33
      vertex 2.77164 -11.148 -32
    endloop
  endfacet
  facet normal 0.773009 0.634395 0
    outer loop
      vertex 2.49441 -8.33329 -33
      vertex 2.12132 -7.87868 -34
      vertex 2.12132 -7.87868 -33
    endloop
  endfacet
  facet normal 0.773009 0.634395 0
    outer loop
      vertex 2.12132 -7.87868 -34
      vertex 2.49441 -8.33329 -33
      vertex 2.49441 -8.33329 -34
    endloop
  endfacet
  facet normal -0.995185 0.0980103 0
    outer loop
      vertex -3 -10 -34
      vertex -2.94236 -9.41473 -33
      vertex -2.94236 -9.41473 -34
    endloop
  endfacet
  facet normal -0.995185 0.0980103 0
    outer loop
      vertex -2.94236 -9.41473 -33
      vertex -3 -10 -34
      vertex -3 -10 -33
    endloop
  endfacet
  facet normal 0.634405 -0.773001 0
    outer loop
      vertex 1.66671 -12.4944 -34
      vertex 2.12132 -12.1213 -32
      vertex 1.66671 -12.4944 -32
    endloop
  endfacet
  facet normal 0.634405 -0.773001 0
    outer loop
      vertex 2.12132 -12.1213 -32
      vertex 1.66671 -12.4944 -34
      vertex 2.12132 -12.1213 -34
    endloop
  endfacet
  facet normal -0.471397 0.881921 0
    outer loop
      vertex -1.14805 -7.22836 -34
      vertex -1.66671 -7.50559 -33
      vertex -1.14805 -7.22836 -33
    endloop
  endfacet
  facet normal -0.471397 0.881921 0
    outer loop
      vertex -1.66671 -7.50559 -33
      vertex -1.14805 -7.22836 -34
      vertex -1.66671 -7.50559 -34
    endloop
  endfacet
  facet normal -0.634405 -0.773001 0
    outer loop
      vertex -2.12132 -12.1213 -34
      vertex -1.66671 -12.4944 -32
      vertex -2.12132 -12.1213 -32
    endloop
  endfacet
  facet normal -0.634405 -0.773001 -0
    outer loop
      vertex -1.66671 -12.4944 -32
      vertex -2.12132 -12.1213 -34
      vertex -1.66671 -12.4944 -34
    endloop
  endfacet
  facet normal -0.0980101 0.995185 0
    outer loop
      vertex 0 -7 -34
      vertex -0.585271 -7.05764 -33
      vertex 0 -7 -33
    endloop
  endfacet
  facet normal -0.0980101 0.995185 0
    outer loop
      vertex -0.585271 -7.05764 -33
      vertex 0 -7 -34
      vertex -0.585271 -7.05764 -34
    endloop
  endfacet
  facet normal 0.881936 -0.471369 0
    outer loop
      vertex 2.49441 -11.6667 -32
      vertex 2.77164 -11.148 -34
      vertex 2.77164 -11.148 -32
    endloop
  endfacet
  facet normal 0.881936 -0.471369 0
    outer loop
      vertex 2.77164 -11.148 -34
      vertex 2.49441 -11.6667 -32
      vertex 2.49441 -11.6667 -34
    endloop
  endfacet
  facet normal -0.956933 -0.29031 0
    outer loop
      vertex -2.94236 -10.5853 -34
      vertex -2.81655 -11 -33
      vertex -2.94236 -10.5853 -33
    endloop
  endfacet
  facet normal -0.956928 -0.290326 -7.30748e-06
    outer loop
      vertex -2.77164 -11.148 -34
      vertex -2.81655 -11 -33
      vertex -2.94236 -10.5853 -34
    endloop
  endfacet
  facet normal -0.956914 -0.290372 -0
    outer loop
      vertex -2.77164 -11.148 -32
      vertex -2.81655 -11 -33
      vertex -2.77164 -11.148 -34
    endloop
  endfacet
  facet normal -0.956914 -0.290372 0
    outer loop
      vertex -2.81655 -11 -33
      vertex -2.77164 -11.148 -32
      vertex -2.81655 -11 -32
    endloop
  endfacet
  facet normal -0.995186 -0.0980053 0
    outer loop
      vertex -2.94236 -10.5853 -34
      vertex -3 -10 -33
      vertex -3 -10 -34
    endloop
  endfacet
  facet normal -0.995186 -0.0980053 0
    outer loop
      vertex -3 -10 -33
      vertex -2.94236 -10.5853 -34
      vertex -2.94236 -10.5853 -33
    endloop
  endfacet
  facet normal -0.773003 -0.634403 0
    outer loop
      vertex -2.12132 -12.1213 -34
      vertex -2.49441 -11.6667 -32
      vertex -2.49441 -11.6667 -34
    endloop
  endfacet
  facet normal -0.773003 -0.634403 0
    outer loop
      vertex -2.49441 -11.6667 -32
      vertex -2.12132 -12.1213 -34
      vertex -2.12132 -12.1213 -32
    endloop
  endfacet
  facet normal -0.773009 0.634395 0
    outer loop
      vertex -2.49441 -8.33329 -34
      vertex -2.12132 -7.87868 -33
      vertex -2.12132 -7.87868 -34
    endloop
  endfacet
  facet normal -0.773009 0.634395 0
    outer loop
      vertex -2.12132 -7.87868 -33
      vertex -2.49441 -8.33329 -34
      vertex -2.49441 -8.33329 -33
    endloop
  endfacet
  facet normal -0.956939 0.290289 0
    outer loop
      vertex -2.94236 -9.41473 -34
      vertex -2.77164 -8.85195 -33
      vertex -2.77164 -8.85195 -34
    endloop
  endfacet
  facet normal -0.956939 0.290289 0
    outer loop
      vertex -2.77164 -8.85195 -33
      vertex -2.94236 -9.41473 -34
      vertex -2.94236 -9.41473 -33
    endloop
  endfacet
  facet normal -0.881919 -0.471401 0
    outer loop
      vertex 1.84776 -9.23463 -34
      vertex 1.66294 -8.88886 -32
      vertex 1.66294 -8.88886 -34
    endloop
  endfacet
  facet normal -0.881919 -0.471401 0
    outer loop
      vertex 1.66294 -8.88886 -32
      vertex 1.84776 -9.23463 -34
      vertex 1.84776 -9.23463 -32
    endloop
  endfacet
  facet normal 0.0980185 -0.995185 0
    outer loop
      vertex -0.390181 -8.03843 -34
      vertex 0 -8 -32
      vertex -0.390181 -8.03843 -32
    endloop
  endfacet
  facet normal 0.0980185 -0.995185 0
    outer loop
      vertex 0 -8 -32
      vertex -0.390181 -8.03843 -34
      vertex 0 -8 -34
    endloop
  endfacet
  facet normal -0.956942 -0.290279 0
    outer loop
      vertex 1.96157 -9.60982 -34
      vertex 1.84776 -9.23463 -32
      vertex 1.84776 -9.23463 -34
    endloop
  endfacet
  facet normal -0.956942 -0.290279 0
    outer loop
      vertex 1.84776 -9.23463 -32
      vertex 1.96157 -9.60982 -34
      vertex 1.96157 -9.60982 -32
    endloop
  endfacet
  facet normal -0.471398 -0.881921 0
    outer loop
      vertex 0.765367 -8.15224 -34
      vertex 1.11114 -8.33706 -32
      vertex 0.765367 -8.15224 -32
    endloop
  endfacet
  facet normal -0.471398 -0.881921 -0
    outer loop
      vertex 1.11114 -8.33706 -32
      vertex 0.765367 -8.15224 -34
      vertex 1.11114 -8.33706 -34
    endloop
  endfacet
  facet normal -0.773002 -0.634404 0
    outer loop
      vertex 1.66294 -8.88886 -34
      vertex 1.41421 -8.58579 -32
      vertex 1.41421 -8.58579 -34
    endloop
  endfacet
  facet normal -0.773002 -0.634404 0
    outer loop
      vertex 1.41421 -8.58579 -32
      vertex 1.66294 -8.88886 -34
      vertex 1.66294 -8.88886 -32
    endloop
  endfacet
  facet normal 0.956942 -0.290279 0
    outer loop
      vertex -1.96157 -9.60982 -32
      vertex -1.84776 -9.23463 -34
      vertex -1.84776 -9.23463 -32
    endloop
  endfacet
  facet normal 0.956942 -0.290279 0
    outer loop
      vertex -1.84776 -9.23463 -34
      vertex -1.96157 -9.60982 -32
      vertex -1.96157 -9.60982 -34
    endloop
  endfacet
  facet normal -0.995185 -0.0980187 0
    outer loop
      vertex 2 -10 -34
      vertex 1.96157 -9.60982 -32
      vertex 1.96157 -9.60982 -34
    endloop
  endfacet
  facet normal -0.995185 -0.0980187 0
    outer loop
      vertex 1.96157 -9.60982 -32
      vertex 2 -10 -34
      vertex 2 -10 -32
    endloop
  endfacet
  facet normal 0.290258 0.956948 -0
    outer loop
      vertex -0.390181 -11.9616 -34
      vertex -0.765367 -11.8478 -32
      vertex -0.390181 -11.9616 -32
    endloop
  endfacet
  facet normal 0.290258 0.956948 0
    outer loop
      vertex -0.765367 -11.8478 -32
      vertex -0.390181 -11.9616 -34
      vertex -0.765367 -11.8478 -34
    endloop
  endfacet
  facet normal -0.0980185 -0.995185 0
    outer loop
      vertex 0 -8 -34
      vertex 0.390181 -8.03843 -32
      vertex 0 -8 -32
    endloop
  endfacet
  facet normal -0.0980185 -0.995185 -0
    outer loop
      vertex 0.390181 -8.03843 -32
      vertex 0 -8 -34
      vertex 0.390181 -8.03843 -34
    endloop
  endfacet
  facet normal -0.634358 0.773039 0
    outer loop
      vertex 1.41421 -11.4142 -34
      vertex 1.11114 -11.6629 -32
      vertex 1.41421 -11.4142 -32
    endloop
  endfacet
  facet normal -0.634358 0.773039 0
    outer loop
      vertex 1.11114 -11.6629 -32
      vertex 1.41421 -11.4142 -34
      vertex 1.11114 -11.6629 -34
    endloop
  endfacet
  facet normal -0.0979427 0.995192 0
    outer loop
      vertex 0.390181 -11.9616 -34
      vertex 0 -12 -32
      vertex 0.390181 -11.9616 -32
    endloop
  endfacet
  facet normal -0.0979427 0.995192 0
    outer loop
      vertex 0 -12 -32
      vertex 0.390181 -11.9616 -34
      vertex 0 -12 -34
    endloop
  endfacet
  facet normal 0.995185 -0.0980187 0
    outer loop
      vertex -2 -10 -32
      vertex -1.96157 -9.60982 -34
      vertex -1.96157 -9.60982 -32
    endloop
  endfacet
  facet normal 0.995185 -0.0980187 0
    outer loop
      vertex -1.96157 -9.60982 -34
      vertex -2 -10 -32
      vertex -2 -10 -34
    endloop
  endfacet
  facet normal 0.634358 0.773039 -0
    outer loop
      vertex -1.11114 -11.6629 -34
      vertex -1.41421 -11.4142 -32
      vertex -1.11114 -11.6629 -32
    endloop
  endfacet
  facet normal 0.634358 0.773039 0
    outer loop
      vertex -1.41421 -11.4142 -32
      vertex -1.11114 -11.6629 -34
      vertex -1.41421 -11.4142 -34
    endloop
  endfacet
  facet normal 0.290281 -0.956941 0
    outer loop
      vertex -0.765367 -8.15224 -34
      vertex -0.390181 -8.03843 -32
      vertex -0.765367 -8.15224 -32
    endloop
  endfacet
  facet normal 0.290281 -0.956941 0
    outer loop
      vertex -0.390181 -8.03843 -32
      vertex -0.765367 -8.15224 -34
      vertex -0.390181 -8.03843 -34
    endloop
  endfacet
  facet normal -0.471556 0.881836 0
    outer loop
      vertex 1.11114 -11.6629 -34
      vertex 0.765367 -11.8478 -32
      vertex 1.11114 -11.6629 -32
    endloop
  endfacet
  facet normal -0.471556 0.881836 0
    outer loop
      vertex 0.765367 -11.8478 -32
      vertex 1.11114 -11.6629 -34
      vertex 0.765367 -11.8478 -34
    endloop
  endfacet
  facet normal -0.290281 -0.956941 0
    outer loop
      vertex 0.390181 -8.03843 -34
      vertex 0.765367 -8.15224 -32
      vertex 0.390181 -8.03843 -32
    endloop
  endfacet
  facet normal -0.290281 -0.956941 -0
    outer loop
      vertex 0.765367 -8.15224 -32
      vertex 0.390181 -8.03843 -34
      vertex 0.765367 -8.15224 -34
    endloop
  endfacet
  facet normal -0.634404 -0.773002 0
    outer loop
      vertex 1.11114 -8.33706 -34
      vertex 1.41421 -8.58579 -32
      vertex 1.11114 -8.33706 -32
    endloop
  endfacet
  facet normal -0.634404 -0.773002 -0
    outer loop
      vertex 1.41421 -8.58579 -32
      vertex 1.11114 -8.33706 -34
      vertex 1.41421 -8.58579 -34
    endloop
  endfacet
  facet normal 0.773002 -0.634404 0
    outer loop
      vertex -1.66294 -8.88886 -32
      vertex -1.41421 -8.58579 -34
      vertex -1.41421 -8.58579 -32
    endloop
  endfacet
  facet normal 0.773002 -0.634404 0
    outer loop
      vertex -1.41421 -8.58579 -34
      vertex -1.66294 -8.88886 -32
      vertex -1.66294 -8.88886 -34
    endloop
  endfacet
  facet normal 0.634404 -0.773002 0
    outer loop
      vertex -1.41421 -8.58579 -34
      vertex -1.11114 -8.33706 -32
      vertex -1.41421 -8.58579 -32
    endloop
  endfacet
  facet normal 0.634404 -0.773002 0
    outer loop
      vertex -1.11114 -8.33706 -32
      vertex -1.41421 -8.58579 -34
      vertex -1.11114 -8.33706 -34
    endloop
  endfacet
  facet normal 0.471398 -0.881921 0
    outer loop
      vertex -1.11114 -8.33706 -34
      vertex -0.765367 -8.15224 -32
      vertex -1.11114 -8.33706 -32
    endloop
  endfacet
  facet normal 0.471398 -0.881921 0
    outer loop
      vertex -0.765367 -8.15224 -32
      vertex -1.11114 -8.33706 -34
      vertex -0.765367 -8.15224 -34
    endloop
  endfacet
  facet normal 0.773033 0.634366 0
    outer loop
      vertex -1.41421 -11.4142 -32
      vertex -1.66294 -11.1111 -34
      vertex -1.66294 -11.1111 -32
    endloop
  endfacet
  facet normal 0.773033 0.634366 0
    outer loop
      vertex -1.66294 -11.1111 -34
      vertex -1.41421 -11.4142 -32
      vertex -1.41421 -11.4142 -34
    endloop
  endfacet
  facet normal -0.290258 0.956948 0
    outer loop
      vertex 0.765367 -11.8478 -34
      vertex 0.390181 -11.9616 -32
      vertex 0.765367 -11.8478 -32
    endloop
  endfacet
  facet normal -0.290258 0.956948 0
    outer loop
      vertex 0.390181 -11.9616 -32
      vertex 0.765367 -11.8478 -34
      vertex 0.390181 -11.9616 -34
    endloop
  endfacet
  facet normal 0.881919 -0.471401 0
    outer loop
      vertex -1.84776 -9.23463 -32
      vertex -1.66294 -8.88886 -34
      vertex -1.66294 -8.88886 -32
    endloop
  endfacet
  facet normal 0.881919 -0.471401 0
    outer loop
      vertex -1.66294 -8.88886 -34
      vertex -1.84776 -9.23463 -32
      vertex -1.84776 -9.23463 -34
    endloop
  endfacet
  facet normal -0.773033 0.634366 0
    outer loop
      vertex 1.41421 -11.4142 -34
      vertex 1.66294 -11.1111 -32
      vertex 1.66294 -11.1111 -34
    endloop
  endfacet
  facet normal -0.773033 0.634366 0
    outer loop
      vertex 1.66294 -11.1111 -32
      vertex 1.41421 -11.4142 -34
      vertex 1.41421 -11.4142 -32
    endloop
  endfacet
  facet normal 0.0979427 0.995192 -0
    outer loop
      vertex 0 -12 -34
      vertex -0.390181 -11.9616 -32
      vertex 0 -12 -32
    endloop
  endfacet
  facet normal 0.0979427 0.995192 0
    outer loop
      vertex -0.390181 -11.9616 -32
      vertex 0 -12 -34
      vertex -0.390181 -11.9616 -34
    endloop
  endfacet
  facet normal 0.471556 0.881836 -0
    outer loop
      vertex -0.765367 -11.8478 -34
      vertex -1.11114 -11.6629 -32
      vertex -0.765367 -11.8478 -32
    endloop
  endfacet
  facet normal 0.471556 0.881836 0
    outer loop
      vertex -1.11114 -11.6629 -32
      vertex -0.765367 -11.8478 -34
      vertex -1.11114 -11.6629 -34
    endloop
  endfacet
endsolid OpenSCAD_Model
