solid OpenSCAD_Model
  facet normal 0 0 1
    outer loop
      vertex 5.98912 20.1104 8
      vertex 11.182 21.0607 8
      vertex 9.06066 23.182 8
    endloop
  endfacet
  facet normal 0 0 1
    outer loop
      vertex 11.182 21.0607 8
      vertex 6 20 8
      vertex 6.93934 16.818 8
    endloop
  endfacet
  facet normal 0 0 1
    outer loop
      vertex 11.182 21.0607 8
      vertex 5.98912 20.1104 8
      vertex 6 20 8
    endloop
  endfacet
  facet normal -0 0 1
    outer loop
      vertex 5.88471 18.8295 8
      vertex 6.93934 16.818 8
      vertex 6 20 8
    endloop
  endfacet
  facet normal 0 0 1
    outer loop
      vertex 6.93934 16.818 8
      vertex 5.88471 18.8295 8
      vertex 5.66202 18.0953 8
    endloop
  endfacet
  facet normal -0.707101 -0.707112 0
    outer loop
      vertex 6.93934 16.818 7.5
      vertex 5.66202 18.0953 8
      vertex 5.66202 18.0953 7.5
    endloop
  endfacet
  facet normal -0.707101 -0.707112 0
    outer loop
      vertex 5.66202 18.0953 8
      vertex 6.93934 16.818 7.5
      vertex 6.93934 16.818 8
    endloop
  endfacet
  facet normal -0.707114 0.7071 0
    outer loop
      vertex 5.98912 20.1104 7.5
      vertex 9.06066 23.182 8
      vertex 9.06066 23.182 7.5
    endloop
  endfacet
  facet normal -0.707114 0.7071 0
    outer loop
      vertex 9.06066 23.182 8
      vertex 5.98912 20.1104 7.5
      vertex 5.98912 20.1104 8
    endloop
  endfacet
  facet normal 0 0 -1
    outer loop
      vertex 11.182 21.0607 4
      vertex 9.98675 19.8654 4
      vertex 10 20 4
    endloop
  endfacet
  facet normal 0 0 -1
    outer loop
      vertex 9.80785 21.9509 4
      vertex 11.182 21.0607 4
      vertex 10 20 4
    endloop
  endfacet
  facet normal 0 0 -1
    outer loop
      vertex 11.182 21.0607 4
      vertex 9.80785 21.9509 4
      vertex 9.59715 22.6455 4
    endloop
  endfacet
  facet normal 0.707106 -0.707108 0
    outer loop
      vertex 9.98675 19.8654 7.5
      vertex 6.93934 16.818 8
      vertex 6.93934 16.818 7.5
    endloop
  endfacet
  facet normal 0.70711 -0.707103 5.47738e-05
    outer loop
      vertex 6.93934 16.818 8
      vertex 9.98675 19.8654 7.5
      vertex 11.182 21.0607 8
    endloop
  endfacet
  facet normal 0.707122 -0.707092 0
    outer loop
      vertex 11.182 21.0607 4
      vertex 9.98675 19.8654 7.5
      vertex 9.98675 19.8654 4
    endloop
  endfacet
  facet normal 0.707122 -0.707092 0
    outer loop
      vertex 9.98675 19.8654 7.5
      vertex 11.182 21.0607 4
      vertex 11.182 21.0607 8
    endloop
  endfacet
  facet normal 0.707113 0.7071 0
    outer loop
      vertex 9.06066 23.182 8
      vertex 9.59715 22.6455 7.5
      vertex 9.06066 23.182 7.5
    endloop
  endfacet
  facet normal 0.7071 0.707113 -2.84487e-05
    outer loop
      vertex 11.182 21.0607 8
      vertex 9.59715 22.6455 7.5
      vertex 9.06066 23.182 8
    endloop
  endfacet
  facet normal 0.707096 0.707118 -0
    outer loop
      vertex 11.182 21.0607 4
      vertex 9.59715 22.6455 7.5
      vertex 11.182 21.0607 8
    endloop
  endfacet
  facet normal 0.707096 0.707118 0
    outer loop
      vertex 9.59715 22.6455 7.5
      vertex 11.182 21.0607 4
      vertex 9.59715 22.6455 4
    endloop
  endfacet
  facet normal 0 0 1
    outer loop
      vertex 3.18198 26.9393 8
      vertex 1.17054 25.8847 8
      vertex 1.90466 25.662 8
    endloop
  endfacet
  facet normal 0 0 1
    outer loop
      vertex 3.18198 26.9393 8
      vertex 0 26 8
      vertex 1.17054 25.8847 8
    endloop
  endfacet
  facet normal 0 0 1
    outer loop
      vertex -1.06066 31.182 8
      vertex 0 26 8
      vertex 3.18198 26.9393 8
    endloop
  endfacet
  facet normal 0 0 1
    outer loop
      vertex 0 26 8
      vertex -1.06066 31.182 8
      vertex -0.110444 25.9891 8
    endloop
  endfacet
  facet normal 0 0 1
    outer loop
      vertex -0.110444 25.9891 8
      vertex -1.06066 31.182 8
      vertex -3.18198 29.0607 8
    endloop
  endfacet
  facet normal 0.707101 -0.707112 0
    outer loop
      vertex 1.90466 25.662 7.5
      vertex 3.18198 26.9393 8
      vertex 1.90466 25.662 8
    endloop
  endfacet
  facet normal 0.707101 -0.707112 0
    outer loop
      vertex 3.18198 26.9393 8
      vertex 1.90466 25.662 7.5
      vertex 3.18198 26.9393 7.5
    endloop
  endfacet
  facet normal 0 0 -1
    outer loop
      vertex 0 30 4
      vertex -1.06066 31.182 4
      vertex 0.134575 29.9867 4
    endloop
  endfacet
  facet normal 0 0 -1
    outer loop
      vertex -1.9509 29.8079 4
      vertex -1.06066 31.182 4
      vertex 0 30 4
    endloop
  endfacet
  facet normal 0 0 -1
    outer loop
      vertex -1.06066 31.182 4
      vertex -1.9509 29.8079 4
      vertex -2.64549 29.5972 4
    endloop
  endfacet
  facet normal 0.707126 0.707088 0
    outer loop
      vertex -1.06066 31.182 8
      vertex 0.134575 29.9867 7.5
      vertex -1.06066 31.182 4
    endloop
  endfacet
  facet normal 0.707112 0.707102 -6.80187e-05
    outer loop
      vertex 3.18198 26.9393 8
      vertex 0.134575 29.9867 7.5
      vertex -1.06066 31.182 8
    endloop
  endfacet
  facet normal 0.707106 0.707107 0
    outer loop
      vertex 0.134575 29.9867 7.5
      vertex 3.18198 26.9393 8
      vertex 3.18198 26.9393 7.5
    endloop
  endfacet
  facet normal 0.707126 0.707088 0
    outer loop
      vertex -1.06066 31.182 4
      vertex 0.134575 29.9867 7.5
      vertex 0.134575 29.9867 4
    endloop
  endfacet
  facet normal -0.707114 -0.707099 0
    outer loop
      vertex -0.110444 25.9891 7.5
      vertex -3.18198 29.0607 8
      vertex -3.18198 29.0607 7.5
    endloop
  endfacet
  facet normal -0.707114 -0.707099 0
    outer loop
      vertex -3.18198 29.0607 8
      vertex -0.110444 25.9891 7.5
      vertex -0.110444 25.9891 8
    endloop
  endfacet
  facet normal -0.7071 0.707113 0
    outer loop
      vertex -2.64549 29.5972 7.5
      vertex -1.06066 31.182 4
      vertex -2.64549 29.5972 4
    endloop
  endfacet
  facet normal -0.7071 0.707113 0
    outer loop
      vertex -1.06066 31.182 4
      vertex -2.64549 29.5972 7.5
      vertex -1.06066 31.182 8
    endloop
  endfacet
  facet normal -0.707113 0.7071 0
    outer loop
      vertex -3.18198 29.0607 8
      vertex -2.64549 29.5972 7.5
      vertex -3.18198 29.0607 7.5
    endloop
  endfacet
  facet normal -0.707103 0.70711 2.12954e-05
    outer loop
      vertex -2.64549 29.5972 7.5
      vertex -3.18198 29.0607 8
      vertex -1.06066 31.182 8
    endloop
  endfacet
  facet normal -0.707096 -0.707118 -0
    outer loop
      vertex -9.59715 17.3545 7.5
      vertex -11.182 18.9393 4
      vertex -9.59715 17.3545 4
    endloop
  endfacet
  facet normal -0.707096 -0.707118 0
    outer loop
      vertex -11.182 18.9393 4
      vertex -9.59715 17.3545 7.5
      vertex -11.182 18.9393 8
    endloop
  endfacet
  facet normal -0.707113 -0.7071 -0
    outer loop
      vertex -9.06066 16.818 8
      vertex -9.59715 17.3545 7.5
      vertex -9.06066 16.818 7.5
    endloop
  endfacet
  facet normal -0.7071 -0.707113 -2.84487e-05
    outer loop
      vertex -9.59715 17.3545 7.5
      vertex -9.06066 16.818 8
      vertex -11.182 18.9393 8
    endloop
  endfacet
  facet normal 0 0 1
    outer loop
      vertex -5.88471 21.1705 8
      vertex -6.93934 23.182 8
      vertex -6 20 8
    endloop
  endfacet
  facet normal 0 0 1
    outer loop
      vertex -6.93934 23.182 8
      vertex -5.88471 21.1705 8
      vertex -5.66202 21.9047 8
    endloop
  endfacet
  facet normal 0 0 1
    outer loop
      vertex -11.182 18.9393 8
      vertex -6 20 8
      vertex -6.93934 23.182 8
    endloop
  endfacet
  facet normal 0 0 1
    outer loop
      vertex -6 20 8
      vertex -11.182 18.9393 8
      vertex -5.98912 19.8896 8
    endloop
  endfacet
  facet normal 0 0 1
    outer loop
      vertex -5.98912 19.8896 8
      vertex -11.182 18.9393 8
      vertex -9.06066 16.818 8
    endloop
  endfacet
  facet normal 0 0 -1
    outer loop
      vertex -9.80785 18.0491 4
      vertex -11.182 18.9393 4
      vertex -10 20 4
    endloop
  endfacet
  facet normal 0 0 -1
    outer loop
      vertex -11.182 18.9393 4
      vertex -9.80785 18.0491 4
      vertex -9.59715 17.3545 4
    endloop
  endfacet
  facet normal 0 0 -1
    outer loop
      vertex -9.98675 20.1346 4
      vertex -10 20 4
      vertex -11.182 18.9393 4
    endloop
  endfacet
  facet normal 0.707101 0.707112 0
    outer loop
      vertex -5.66202 21.9047 8
      vertex -6.93934 23.182 7.5
      vertex -6.93934 23.182 8
    endloop
  endfacet
  facet normal 0.707101 0.707112 0
    outer loop
      vertex -6.93934 23.182 7.5
      vertex -5.66202 21.9047 8
      vertex -5.66202 21.9047 7.5
    endloop
  endfacet
  facet normal 0.707114 -0.7071 0
    outer loop
      vertex -9.06066 16.818 8
      vertex -5.98912 19.8896 7.5
      vertex -5.98912 19.8896 8
    endloop
  endfacet
  facet normal 0.707114 -0.7071 0
    outer loop
      vertex -5.98912 19.8896 7.5
      vertex -9.06066 16.818 8
      vertex -9.06066 16.818 7.5
    endloop
  endfacet
  facet normal -0.707106 0.707108 0
    outer loop
      vertex -9.98675 20.1346 7.5
      vertex -6.93934 23.182 8
      vertex -6.93934 23.182 7.5
    endloop
  endfacet
  facet normal -0.70711 0.707103 5.47738e-05
    outer loop
      vertex -6.93934 23.182 8
      vertex -9.98675 20.1346 7.5
      vertex -11.182 18.9393 8
    endloop
  endfacet
  facet normal -0.707122 0.707092 0
    outer loop
      vertex -11.182 18.9393 4
      vertex -9.98675 20.1346 7.5
      vertex -9.98675 20.1346 4
    endloop
  endfacet
  facet normal -0.707122 0.707092 0
    outer loop
      vertex -9.98675 20.1346 7.5
      vertex -11.182 18.9393 4
      vertex -11.182 18.9393 8
    endloop
  endfacet
  facet normal 0.707113 -0.7071 0
    outer loop
      vertex 3.18198 10.9393 8
      vertex 2.64549 10.4028 7.5
      vertex 3.18198 10.9393 7.5
    endloop
  endfacet
  facet normal 0.707091 -0.707123 0
    outer loop
      vertex 2.64549 10.4028 7.5
      vertex 1.53553 9.29289 5
      vertex 2.64549 10.4028 5
    endloop
  endfacet
  facet normal 0.7071 -0.707113 2.84488e-05
    outer loop
      vertex 1.06066 8.81802 8
      vertex 2.64549 10.4028 7.5
      vertex 3.18198 10.9393 8
    endloop
  endfacet
  facet normal 0.707095 -0.707119 -3.71691e-06
    outer loop
      vertex 1.06066 8.81802 8
      vertex 1.53553 9.29289 5
      vertex 2.64549 10.4028 7.5
    endloop
  endfacet
  facet normal 0.707107 -0.707107 0
    outer loop
      vertex 1.06066 8.81802 4
      vertex 1.53553 9.29289 5
      vertex 1.06066 8.81802 8
    endloop
  endfacet
  facet normal 0.707107 -0.707107 0
    outer loop
      vertex 1.53553 9.29289 5
      vertex 1.06066 8.81802 4
      vertex 1.53553 9.29289 4
    endloop
  endfacet
  facet normal 0 0 1
    outer loop
      vertex 0.110444 14.0109 8
      vertex 1.06066 8.81802 8
      vertex 3.18198 10.9393 8
    endloop
  endfacet
  facet normal -0 0 1
    outer loop
      vertex 0 14 8
      vertex 1.06066 8.81802 8
      vertex 0.110444 14.0109 8
    endloop
  endfacet
  facet normal 0 0 1
    outer loop
      vertex -1.17054 14.1153 8
      vertex 1.06066 8.81802 8
      vertex 0 14 8
    endloop
  endfacet
  facet normal 0 0 1
    outer loop
      vertex -3.18198 13.0607 8
      vertex -1.17054 14.1153 8
      vertex -1.90466 14.338 8
    endloop
  endfacet
  facet normal 0 0 1
    outer loop
      vertex -1.17054 14.1153 8
      vertex -3.18198 13.0607 8
      vertex 1.06066 8.81802 8
    endloop
  endfacet
  facet normal 0 0 -1
    outer loop
      vertex 1.06066 8.81802 4
      vertex 0.75415 10.0743 4
      vertex 1.53553 9.29289 4
    endloop
  endfacet
  facet normal 0 0 -1
    outer loop
      vertex 1.06066 8.81802 4
      vertex 0 10 4
      vertex 0.75415 10.0743 4
    endloop
  endfacet
  facet normal -0 -0 -1
    outer loop
      vertex 0 10 4
      vertex 1.06066 8.81802 4
      vertex -0.134575 10.0133 4
    endloop
  endfacet
  facet normal -0.707101 0.707112 0
    outer loop
      vertex -3.18198 13.0607 7.5
      vertex -1.90466 14.338 8
      vertex -1.90466 14.338 7.5
    endloop
  endfacet
  facet normal -0.707101 0.707112 0
    outer loop
      vertex -1.90466 14.338 8
      vertex -3.18198 13.0607 7.5
      vertex -3.18198 13.0607 8
    endloop
  endfacet
  facet normal 0.707114 0.707099 0
    outer loop
      vertex 3.18198 10.9393 8
      vertex 0.110444 14.0109 7.5
      vertex 0.110444 14.0109 8
    endloop
  endfacet
  facet normal 0.707114 0.707099 0
    outer loop
      vertex 0.110444 14.0109 7.5
      vertex 3.18198 10.9393 8
      vertex 3.18198 10.9393 7.5
    endloop
  endfacet
  facet normal -0.70712 -0.707093 0
    outer loop
      vertex -0.134575 10.0133 4
      vertex 1.06066 8.81802 4
      vertex -0.134575 10.0133 7.5
    endloop
  endfacet
  facet normal -0.707106 -0.707107 0
    outer loop
      vertex -0.134575 10.0133 7.5
      vertex -3.18198 13.0607 8
      vertex -3.18198 13.0607 7.5
    endloop
  endfacet
  facet normal -0.70711 -0.707103 -4.77029e-05
    outer loop
      vertex -0.134575 10.0133 7.5
      vertex 1.06066 8.81802 8
      vertex -3.18198 13.0607 8
    endloop
  endfacet
  facet normal -0.70712 -0.707093 -0
    outer loop
      vertex 1.06066 8.81802 8
      vertex -0.134575 10.0133 7.5
      vertex 1.06066 8.81802 4
    endloop
  endfacet
  facet normal 0.097967 0.99519 0
    outer loop
      vertex 1.9509 29.8079 7.5
      vertex 0.134575 29.9867 4
      vertex 0.134575 29.9867 7.5
    endloop
  endfacet
  facet normal 0.097967 0.99519 -0
    outer loop
      vertex 1.9509 29.8079 -7.5
      vertex 0.134575 29.9867 4
      vertex 1.9509 29.8079 7.5
    endloop
  endfacet
  facet normal 0.0979935 0.995187 4.219e-06
    outer loop
      vertex 0 30 -7.5
      vertex 0.134575 29.9867 4
      vertex 1.9509 29.8079 -7.5
    endloop
  endfacet
  facet normal 0.0983505 0.995152 0
    outer loop
      vertex 0.134575 29.9867 4
      vertex 0 30 -7.5
      vertex 0 30 4
    endloop
  endfacet
  facet normal 0.956939 0.29029 -0
    outer loop
      vertex 9.59715 22.6455 4
      vertex 9.2388 23.8268 7.5
      vertex 9.59715 22.6455 7.5
    endloop
  endfacet
  facet normal 0.956939 0.29029 0
    outer loop
      vertex 9.2388 23.8268 7.5
      vertex 9.59715 22.6455 4
      vertex 9.2388 23.8268 -7.5
    endloop
  endfacet
  facet normal 0.956942 0.290279 -0
    outer loop
      vertex 9.80785 21.9509 -7.5
      vertex 9.59715 22.6455 4
      vertex 9.80785 21.9509 4
    endloop
  endfacet
  facet normal 0.95694 0.290286 -4.43585e-07
    outer loop
      vertex 9.59715 22.6455 4
      vertex 9.80785 21.9509 -7.5
      vertex 9.2388 23.8268 -7.5
    endloop
  endfacet
  facet normal 0.995185 0.0980187 0
    outer loop
      vertex 10 20 4
      vertex 9.80785 21.9509 -7.5
      vertex 9.80785 21.9509 4
    endloop
  endfacet
  facet normal 0.995185 0.0980187 0
    outer loop
      vertex 9.80785 21.9509 -7.5
      vertex 10 20 4
      vertex 10 20 -7.5
    endloop
  endfacet
  facet normal 0.634907 -0.772589 0
    outer loop
      vertex 5.5557 11.6853 -5
      vertex 5.5557 11.6853 -7.5
      vertex 5.56653 11.6942 -5
    endloop
  endfacet
  facet normal 0.634907 -0.772589 0
    outer loop
      vertex 5.56653 11.6942 5
      vertex 5.5557 11.6853 7.5
      vertex 5.5557 11.6853 5
    endloop
  endfacet
  facet normal 0.634384 -0.773018 -3.7963e-06
    outer loop
      vertex 5.5557 11.6853 7.5
      vertex 5.56653 11.6942 5
      vertex 7.07107 12.9289 7.5
    endloop
  endfacet
  facet normal 0.63438 -0.773022 0
    outer loop
      vertex 5.56653 11.6942 -5
      vertex 7.07107 12.9289 7.5
      vertex 5.56653 11.6942 5
    endloop
  endfacet
  facet normal 0.634384 -0.773018 3.7963e-06
    outer loop
      vertex 7.07107 12.9289 -7.5
      vertex 5.56653 11.6942 -5
      vertex 5.5557 11.6853 -7.5
    endloop
  endfacet
  facet normal 0.63438 -0.773022 0
    outer loop
      vertex 5.56653 11.6942 -5
      vertex 7.07107 12.9289 -7.5
      vertex 7.07107 12.9289 7.5
    endloop
  endfacet
  facet normal 0.290305 -0.956934 0
    outer loop
      vertex 1.9509 10.1921 -7.5
      vertex 3.82683 10.7612 -5
      vertex 1.9509 10.1921 -5
    endloop
  endfacet
  facet normal 0.290305 -0.956934 0
    outer loop
      vertex 3.82683 10.7612 -5
      vertex 1.9509 10.1921 -7.5
      vertex 3.82683 10.7612 -7.5
    endloop
  endfacet
  facet normal 0.290318 -0.95693 0
    outer loop
      vertex 2.64549 10.4028 5
      vertex 3.82683 10.7612 7.5
      vertex 2.64549 10.4028 7.5
    endloop
  endfacet
  facet normal 0.290318 -0.95693 0
    outer loop
      vertex 3.82683 10.7612 7.5
      vertex 2.64549 10.4028 5
      vertex 3.82683 10.7612 5
    endloop
  endfacet
  facet normal 0.0980468 -0.995182 0
    outer loop
      vertex 0 10 4
      vertex 0.75415 10.0743 -5
      vertex 0.75415 10.0743 4
    endloop
  endfacet
  facet normal 0.0980468 -0.995182 0
    outer loop
      vertex 0 10 -7.5
      vertex 0.75415 10.0743 -5
      vertex 0 10 4
    endloop
  endfacet
  facet normal 0.0979935 -0.995187 1.62533e-05
    outer loop
      vertex 1.9509 10.1921 -7.5
      vertex 0.75415 10.0743 -5
      vertex 0 10 -7.5
    endloop
  endfacet
  facet normal 0.0979598 -0.99519 0
    outer loop
      vertex 0.75415 10.0743 -5
      vertex 1.9509 10.1921 -7.5
      vertex 1.9509 10.1921 -5
    endloop
  endfacet
  facet normal -0.995184 0.0980226 0
    outer loop
      vertex -9.80785 21.9509 -7.5
      vertex -9.98675 20.1346 4
      vertex -9.80785 21.9509 7.5
    endloop
  endfacet
  facet normal -0.995185 0.0980187 -6.19458e-07
    outer loop
      vertex -10 20 -7.5
      vertex -9.98675 20.1346 4
      vertex -9.80785 21.9509 -7.5
    endloop
  endfacet
  facet normal -0.99519 0.0979663 0
    outer loop
      vertex -9.98675 20.1346 4
      vertex -10 20 -7.5
      vertex -10 20 4
    endloop
  endfacet
  facet normal -0.995184 0.0980226 0
    outer loop
      vertex -9.80785 21.9509 7.5
      vertex -9.98675 20.1346 4
      vertex -9.98675 20.1346 7.5
    endloop
  endfacet
  facet normal -0.634384 -0.773018 -3.7963e-06
    outer loop
      vertex -7.07107 12.9289 7.5
      vertex -5.56653 11.6942 5
      vertex -5.5557 11.6853 7.5
    endloop
  endfacet
  facet normal -0.63438 -0.773022 0
    outer loop
      vertex -7.07107 12.9289 7.5
      vertex -5.56653 11.6942 -5
      vertex -5.56653 11.6942 5
    endloop
  endfacet
  facet normal -0.63438 -0.773022 0
    outer loop
      vertex -7.07107 12.9289 -7.5
      vertex -5.56653 11.6942 -5
      vertex -7.07107 12.9289 7.5
    endloop
  endfacet
  facet normal -0.634384 -0.773018 3.7963e-06
    outer loop
      vertex -5.5557 11.6853 -7.5
      vertex -5.56653 11.6942 -5
      vertex -7.07107 12.9289 -7.5
    endloop
  endfacet
  facet normal -0.634907 -0.772589 0
    outer loop
      vertex -5.56653 11.6942 -5
      vertex -5.5557 11.6853 -7.5
      vertex -5.5557 11.6853 -5
    endloop
  endfacet
  facet normal -0.634907 -0.772589 -0
    outer loop
      vertex -5.5557 11.6853 7.5
      vertex -5.56653 11.6942 5
      vertex -5.5557 11.6853 5
    endloop
  endfacet
  facet normal 0.290305 0.956934 -0
    outer loop
      vertex 3.82683 29.2388 -7.5
      vertex 1.9509 29.8079 7.5
      vertex 3.82683 29.2388 7.5
    endloop
  endfacet
  facet normal 0.290305 0.956934 0
    outer loop
      vertex 1.9509 29.8079 7.5
      vertex 3.82683 29.2388 -7.5
      vertex 1.9509 29.8079 -7.5
    endloop
  endfacet
  facet normal -0.634384 0.773018 0
    outer loop
      vertex -5.5557 28.3147 -7.5
      vertex -7.07107 27.0711 7.5
      vertex -5.5557 28.3147 7.5
    endloop
  endfacet
  facet normal -0.634384 0.773018 0
    outer loop
      vertex -7.07107 27.0711 7.5
      vertex -5.5557 28.3147 -7.5
      vertex -7.07107 27.0711 -7.5
    endloop
  endfacet
  facet normal 0.95694 -0.290286 0
    outer loop
      vertex 9.2388 16.1732 7.5
      vertex 9.80785 18.0491 -7.5
      vertex 9.80785 18.0491 7.5
    endloop
  endfacet
  facet normal 0.95694 -0.290286 0
    outer loop
      vertex 9.80785 18.0491 -7.5
      vertex 9.2388 16.1732 7.5
      vertex 9.2388 16.1732 -7.5
    endloop
  endfacet
  facet normal -0.773017 0.634385 0
    outer loop
      vertex -8.3147 25.5557 -7.5
      vertex -7.07107 27.0711 7.5
      vertex -7.07107 27.0711 -7.5
    endloop
  endfacet
  facet normal -0.773017 0.634385 0
    outer loop
      vertex -7.07107 27.0711 7.5
      vertex -8.3147 25.5557 -7.5
      vertex -8.3147 25.5557 7.5
    endloop
  endfacet
  facet normal -0.881925 -0.47139 0
    outer loop
      vertex -8.3147 14.4443 -7.5
      vertex -9.2388 16.1732 7.5
      vertex -9.2388 16.1732 -7.5
    endloop
  endfacet
  facet normal -0.881925 -0.47139 0
    outer loop
      vertex -9.2388 16.1732 7.5
      vertex -8.3147 14.4443 -7.5
      vertex -8.3147 14.4443 7.5
    endloop
  endfacet
  facet normal 0.881925 0.47139 0
    outer loop
      vertex 9.2388 23.8268 7.5
      vertex 8.3147 25.5557 -7.5
      vertex 8.3147 25.5557 7.5
    endloop
  endfacet
  facet normal 0.881925 0.47139 0
    outer loop
      vertex 8.3147 25.5557 -7.5
      vertex 9.2388 23.8268 7.5
      vertex 9.2388 23.8268 -7.5
    endloop
  endfacet
  facet normal 0 0 -1
    outer loop
      vertex 6 20 -7.5
      vertex 10 20 -7.5
      vertex 9.80785 18.0491 -7.5
    endloop
  endfacet
  facet normal 0 0 -1
    outer loop
      vertex 5.88471 18.8295 -7.5
      vertex 9.80785 18.0491 -7.5
      vertex 9.2388 16.1732 -7.5
    endloop
  endfacet
  facet normal 0 0 -1
    outer loop
      vertex 10 20 -7.5
      vertex 6 20 -7.5
      vertex 9.80785 21.9509 -7.5
    endloop
  endfacet
  facet normal 0 0 -1
    outer loop
      vertex 5.54328 17.7039 -7.5
      vertex 9.2388 16.1732 -7.5
      vertex 8.3147 14.4443 -7.5
    endloop
  endfacet
  facet normal 0 0 -1
    outer loop
      vertex 5.88471 21.1705 -7.5
      vertex 9.80785 21.9509 -7.5
      vertex 6 20 -7.5
    endloop
  endfacet
  facet normal 0 0 -1
    outer loop
      vertex 4.98882 16.6666 -7.5
      vertex 8.3147 14.4443 -7.5
      vertex 7.07107 12.9289 -7.5
    endloop
  endfacet
  facet normal -0 0 -1
    outer loop
      vertex 9.80785 21.9509 -7.5
      vertex 5.88471 21.1705 -7.5
      vertex 9.2388 23.8268 -7.5
    endloop
  endfacet
  facet normal 0 0 -1
    outer loop
      vertex 5.54328 22.2961 -7.5
      vertex 9.2388 23.8268 -7.5
      vertex 5.88471 21.1705 -7.5
    endloop
  endfacet
  facet normal 0 0 -1
    outer loop
      vertex 9.80785 18.0491 -7.5
      vertex 5.88471 18.8295 -7.5
      vertex 6 20 -7.5
    endloop
  endfacet
  facet normal 0 0 -1
    outer loop
      vertex 4.24264 15.7574 -7.5
      vertex 7.07107 12.9289 -7.5
      vertex 5.5557 11.6853 -7.5
    endloop
  endfacet
  facet normal 0 0 -1
    outer loop
      vertex 9.2388 16.1732 -7.5
      vertex 5.54328 17.7039 -7.5
      vertex 5.88471 18.8295 -7.5
    endloop
  endfacet
  facet normal 0 0 -1
    outer loop
      vertex 8.3147 14.4443 -7.5
      vertex 4.98882 16.6666 -7.5
      vertex 5.54328 17.7039 -7.5
    endloop
  endfacet
  facet normal 0 0 -1
    outer loop
      vertex 7.07107 12.9289 -7.5
      vertex 4.24264 15.7574 -7.5
      vertex 4.98882 16.6666 -7.5
    endloop
  endfacet
  facet normal 0 0 -1
    outer loop
      vertex 3.33342 15.0112 -7.5
      vertex 5.5557 11.6853 -7.5
      vertex 3.82683 10.7612 -7.5
    endloop
  endfacet
  facet normal 0 0 -1
    outer loop
      vertex 5.5557 11.6853 -7.5
      vertex 3.33342 15.0112 -7.5
      vertex 4.24264 15.7574 -7.5
    endloop
  endfacet
  facet normal 0 0 -1
    outer loop
      vertex 3.82683 10.7612 -7.5
      vertex 2.2961 14.4567 -7.5
      vertex 3.33342 15.0112 -7.5
    endloop
  endfacet
  facet normal 0 0 -1
    outer loop
      vertex 1.9509 10.1921 -7.5
      vertex 2.2961 14.4567 -7.5
      vertex 3.82683 10.7612 -7.5
    endloop
  endfacet
  facet normal 0 0 -1
    outer loop
      vertex 1.9509 10.1921 -7.5
      vertex 1.17054 14.1153 -7.5
      vertex 2.2961 14.4567 -7.5
    endloop
  endfacet
  facet normal 0 0 -1
    outer loop
      vertex 0 10 -7.5
      vertex 1.17054 14.1153 -7.5
      vertex 1.9509 10.1921 -7.5
    endloop
  endfacet
  facet normal 0 0 -1
    outer loop
      vertex 0 10 -7.5
      vertex 0 14 -7.5
      vertex 1.17054 14.1153 -7.5
    endloop
  endfacet
  facet normal 0 0 -1
    outer loop
      vertex 0 10 -7.5
      vertex -1.17054 14.1153 -7.5
      vertex 0 14 -7.5
    endloop
  endfacet
  facet normal 0 0 -1
    outer loop
      vertex -1.9509 10.1921 -7.5
      vertex -1.17054 14.1153 -7.5
      vertex 0 10 -7.5
    endloop
  endfacet
  facet normal 0 0 -1
    outer loop
      vertex -1.9509 10.1921 -7.5
      vertex -2.2961 14.4567 -7.5
      vertex -1.17054 14.1153 -7.5
    endloop
  endfacet
  facet normal 0 0 -1
    outer loop
      vertex -3.82683 10.7612 -7.5
      vertex -2.2961 14.4567 -7.5
      vertex -1.9509 10.1921 -7.5
    endloop
  endfacet
  facet normal -0 0 -1
    outer loop
      vertex -2.2961 14.4567 -7.5
      vertex -3.82683 10.7612 -7.5
      vertex -3.33342 15.0112 -7.5
    endloop
  endfacet
  facet normal 0 0 -1
    outer loop
      vertex -5.5557 11.6853 -7.5
      vertex -3.33342 15.0112 -7.5
      vertex -3.82683 10.7612 -7.5
    endloop
  endfacet
  facet normal -0 0 -1
    outer loop
      vertex -3.33342 15.0112 -7.5
      vertex -5.5557 11.6853 -7.5
      vertex -4.24264 15.7574 -7.5
    endloop
  endfacet
  facet normal 0 0 -1
    outer loop
      vertex -7.07107 12.9289 -7.5
      vertex -4.24264 15.7574 -7.5
      vertex -5.5557 11.6853 -7.5
    endloop
  endfacet
  facet normal -0 0 -1
    outer loop
      vertex -4.24264 15.7574 -7.5
      vertex -7.07107 12.9289 -7.5
      vertex -4.98882 16.6666 -7.5
    endloop
  endfacet
  facet normal 0 0 -1
    outer loop
      vertex -8.3147 14.4443 -7.5
      vertex -4.98882 16.6666 -7.5
      vertex -7.07107 12.9289 -7.5
    endloop
  endfacet
  facet normal -0 0 -1
    outer loop
      vertex -4.98882 16.6666 -7.5
      vertex -8.3147 14.4443 -7.5
      vertex -5.54328 17.7039 -7.5
    endloop
  endfacet
  facet normal 0 0 -1
    outer loop
      vertex -9.2388 16.1732 -7.5
      vertex -5.54328 17.7039 -7.5
      vertex -8.3147 14.4443 -7.5
    endloop
  endfacet
  facet normal -0 0 -1
    outer loop
      vertex 9.2388 23.8268 -7.5
      vertex 5.54328 22.2961 -7.5
      vertex 8.3147 25.5557 -7.5
    endloop
  endfacet
  facet normal 0 0 -1
    outer loop
      vertex 4.98882 23.3334 -7.5
      vertex 8.3147 25.5557 -7.5
      vertex 5.54328 22.2961 -7.5
    endloop
  endfacet
  facet normal -0 0 -1
    outer loop
      vertex 8.3147 25.5557 -7.5
      vertex 4.98882 23.3334 -7.5
      vertex 7.07107 27.0711 -7.5
    endloop
  endfacet
  facet normal 0 0 -1
    outer loop
      vertex 4.24264 24.2426 -7.5
      vertex 7.07107 27.0711 -7.5
      vertex 4.98882 23.3334 -7.5
    endloop
  endfacet
  facet normal -0 0 -1
    outer loop
      vertex 7.07107 27.0711 -7.5
      vertex 4.24264 24.2426 -7.5
      vertex 5.5557 28.3147 -7.5
    endloop
  endfacet
  facet normal 0 0 -1
    outer loop
      vertex 3.33342 24.9888 -7.5
      vertex 5.5557 28.3147 -7.5
      vertex 4.24264 24.2426 -7.5
    endloop
  endfacet
  facet normal -0 0 -1
    outer loop
      vertex 5.5557 28.3147 -7.5
      vertex 3.33342 24.9888 -7.5
      vertex 3.82683 29.2388 -7.5
    endloop
  endfacet
  facet normal 0 0 -1
    outer loop
      vertex 2.2961 25.5433 -7.5
      vertex 3.82683 29.2388 -7.5
      vertex 3.33342 24.9888 -7.5
    endloop
  endfacet
  facet normal 0 0 -1
    outer loop
      vertex 2.2961 25.5433 -7.5
      vertex 1.9509 29.8079 -7.5
      vertex 3.82683 29.2388 -7.5
    endloop
  endfacet
  facet normal 0 0 -1
    outer loop
      vertex 1.17054 25.8847 -7.5
      vertex 1.9509 29.8079 -7.5
      vertex 2.2961 25.5433 -7.5
    endloop
  endfacet
  facet normal 0 0 -1
    outer loop
      vertex 0 26 -7.5
      vertex 1.9509 29.8079 -7.5
      vertex 1.17054 25.8847 -7.5
    endloop
  endfacet
  facet normal 0 0 -1
    outer loop
      vertex 0 26 -7.5
      vertex 0 30 -7.5
      vertex 1.9509 29.8079 -7.5
    endloop
  endfacet
  facet normal 0 0 -1
    outer loop
      vertex -1.17054 25.8847 -7.5
      vertex 0 30 -7.5
      vertex 0 26 -7.5
    endloop
  endfacet
  facet normal 0 0 -1
    outer loop
      vertex -1.17054 25.8847 -7.5
      vertex -1.9509 29.8079 -7.5
      vertex 0 30 -7.5
    endloop
  endfacet
  facet normal 0 0 -1
    outer loop
      vertex -2.2961 25.5433 -7.5
      vertex -1.9509 29.8079 -7.5
      vertex -1.17054 25.8847 -7.5
    endloop
  endfacet
  facet normal 0 0 -1
    outer loop
      vertex -3.82683 29.2388 -7.5
      vertex -2.2961 25.5433 -7.5
      vertex -3.33342 24.9888 -7.5
    endloop
  endfacet
  facet normal 0 0 -1
    outer loop
      vertex -2.2961 25.5433 -7.5
      vertex -3.82683 29.2388 -7.5
      vertex -1.9509 29.8079 -7.5
    endloop
  endfacet
  facet normal 0 0 -1
    outer loop
      vertex -5.5557 28.3147 -7.5
      vertex -3.33342 24.9888 -7.5
      vertex -4.24264 24.2426 -7.5
    endloop
  endfacet
  facet normal 0 0 -1
    outer loop
      vertex -7.07107 27.0711 -7.5
      vertex -4.24264 24.2426 -7.5
      vertex -4.98882 23.3334 -7.5
    endloop
  endfacet
  facet normal 0 0 -1
    outer loop
      vertex -8.3147 25.5557 -7.5
      vertex -4.98882 23.3334 -7.5
      vertex -5.54328 22.2961 -7.5
    endloop
  endfacet
  facet normal 0 0 -1
    outer loop
      vertex -3.33342 24.9888 -7.5
      vertex -5.5557 28.3147 -7.5
      vertex -3.82683 29.2388 -7.5
    endloop
  endfacet
  facet normal 0 0 -1
    outer loop
      vertex -9.2388 23.8268 -7.5
      vertex -5.54328 22.2961 -7.5
      vertex -5.88471 21.1705 -7.5
    endloop
  endfacet
  facet normal 0 0 -1
    outer loop
      vertex -9.80785 21.9509 -7.5
      vertex -5.88471 21.1705 -7.5
      vertex -6 20 -7.5
    endloop
  endfacet
  facet normal -0 0 -1
    outer loop
      vertex -5.54328 17.7039 -7.5
      vertex -9.2388 16.1732 -7.5
      vertex -5.88471 18.8295 -7.5
    endloop
  endfacet
  facet normal 0 0 -1
    outer loop
      vertex -4.24264 24.2426 -7.5
      vertex -7.07107 27.0711 -7.5
      vertex -5.5557 28.3147 -7.5
    endloop
  endfacet
  facet normal 0 0 -1
    outer loop
      vertex -9.80785 18.0491 -7.5
      vertex -5.88471 18.8295 -7.5
      vertex -9.2388 16.1732 -7.5
    endloop
  endfacet
  facet normal 0 0 -1
    outer loop
      vertex -4.98882 23.3334 -7.5
      vertex -8.3147 25.5557 -7.5
      vertex -7.07107 27.0711 -7.5
    endloop
  endfacet
  facet normal -0 0 -1
    outer loop
      vertex -5.88471 18.8295 -7.5
      vertex -9.80785 18.0491 -7.5
      vertex -6 20 -7.5
    endloop
  endfacet
  facet normal 0 0 -1
    outer loop
      vertex -5.54328 22.2961 -7.5
      vertex -9.2388 23.8268 -7.5
      vertex -8.3147 25.5557 -7.5
    endloop
  endfacet
  facet normal 0 0 -1
    outer loop
      vertex -10 20 -7.5
      vertex -6 20 -7.5
      vertex -9.80785 18.0491 -7.5
    endloop
  endfacet
  facet normal 0 0 -1
    outer loop
      vertex -5.88471 21.1705 -7.5
      vertex -9.80785 21.9509 -7.5
      vertex -9.2388 23.8268 -7.5
    endloop
  endfacet
  facet normal 0 0 -1
    outer loop
      vertex -6 20 -7.5
      vertex -10 20 -7.5
      vertex -9.80785 21.9509 -7.5
    endloop
  endfacet
  facet normal -0.471397 0.881921 0
    outer loop
      vertex -3.82683 29.2388 -7.5
      vertex -5.5557 28.3147 7.5
      vertex -3.82683 29.2388 7.5
    endloop
  endfacet
  facet normal -0.471397 0.881921 0
    outer loop
      vertex -5.5557 28.3147 7.5
      vertex -3.82683 29.2388 -7.5
      vertex -5.5557 28.3147 -7.5
    endloop
  endfacet
  facet normal 0.634384 0.773018 -0
    outer loop
      vertex 7.07107 27.0711 -7.5
      vertex 5.5557 28.3147 7.5
      vertex 7.07107 27.0711 7.5
    endloop
  endfacet
  facet normal 0.634384 0.773018 0
    outer loop
      vertex 5.5557 28.3147 7.5
      vertex 7.07107 27.0711 -7.5
      vertex 5.5557 28.3147 -7.5
    endloop
  endfacet
  facet normal 0.471397 0.881921 -0
    outer loop
      vertex 5.5557 28.3147 -7.5
      vertex 3.82683 29.2388 7.5
      vertex 5.5557 28.3147 7.5
    endloop
  endfacet
  facet normal 0.471397 0.881921 0
    outer loop
      vertex 3.82683 29.2388 7.5
      vertex 5.5557 28.3147 -7.5
      vertex 3.82683 29.2388 -7.5
    endloop
  endfacet
  facet normal 0.773017 0.634385 0
    outer loop
      vertex 8.3147 25.5557 7.5
      vertex 7.07107 27.0711 -7.5
      vertex 7.07107 27.0711 7.5
    endloop
  endfacet
  facet normal 0.773017 0.634385 0
    outer loop
      vertex 7.07107 27.0711 -7.5
      vertex 8.3147 25.5557 7.5
      vertex 8.3147 25.5557 -7.5
    endloop
  endfacet
  facet normal 0.881925 -0.47139 0
    outer loop
      vertex 8.3147 14.4443 7.5
      vertex 9.2388 16.1732 -7.5
      vertex 9.2388 16.1732 7.5
    endloop
  endfacet
  facet normal 0.881925 -0.47139 0
    outer loop
      vertex 9.2388 16.1732 -7.5
      vertex 8.3147 14.4443 7.5
      vertex 8.3147 14.4443 -7.5
    endloop
  endfacet
  facet normal 0.773017 -0.634385 0
    outer loop
      vertex 7.07107 12.9289 7.5
      vertex 8.3147 14.4443 -7.5
      vertex 8.3147 14.4443 7.5
    endloop
  endfacet
  facet normal 0.773017 -0.634385 0
    outer loop
      vertex 8.3147 14.4443 -7.5
      vertex 7.07107 12.9289 7.5
      vertex 7.07107 12.9289 -7.5
    endloop
  endfacet
  facet normal 0.471397 -0.881921 0
    outer loop
      vertex 3.82683 10.7612 -7.5
      vertex 5.5557 11.6853 -5
      vertex 3.82683 10.7612 -5
    endloop
  endfacet
  facet normal 0.471397 -0.881921 0
    outer loop
      vertex 5.5557 11.6853 -5
      vertex 3.82683 10.7612 -7.5
      vertex 5.5557 11.6853 -7.5
    endloop
  endfacet
  facet normal 0.471397 -0.881921 0
    outer loop
      vertex 3.82683 10.7612 5
      vertex 5.5557 11.6853 7.5
      vertex 3.82683 10.7612 7.5
    endloop
  endfacet
  facet normal 0.471397 -0.881921 0
    outer loop
      vertex 5.5557 11.6853 7.5
      vertex 3.82683 10.7612 5
      vertex 5.5557 11.6853 5
    endloop
  endfacet
  facet normal -0.95694 0.290286 0
    outer loop
      vertex -9.80785 21.9509 -7.5
      vertex -9.2388 23.8268 7.5
      vertex -9.2388 23.8268 -7.5
    endloop
  endfacet
  facet normal -0.95694 0.290286 0
    outer loop
      vertex -9.2388 23.8268 7.5
      vertex -9.80785 21.9509 -7.5
      vertex -9.80785 21.9509 7.5
    endloop
  endfacet
  facet normal 0.995184 -0.0980226 0
    outer loop
      vertex 9.98675 19.8654 7.5
      vertex 9.80785 18.0491 7.5
      vertex 9.98675 19.8654 4
    endloop
  endfacet
  facet normal 0.99519 -0.0979663 0
    outer loop
      vertex 9.98675 19.8654 4
      vertex 10 20 -7.5
      vertex 10 20 4
    endloop
  endfacet
  facet normal 0.995184 -0.0980226 0
    outer loop
      vertex 9.80785 18.0491 -7.5
      vertex 9.98675 19.8654 4
      vertex 9.80785 18.0491 7.5
    endloop
  endfacet
  facet normal 0.995185 -0.0980187 -6.19458e-07
    outer loop
      vertex 9.98675 19.8654 4
      vertex 9.80785 18.0491 -7.5
      vertex 10 20 -7.5
    endloop
  endfacet
  facet normal -0.290283 0.956941 0
    outer loop
      vertex -1.9509 29.8079 4
      vertex -1.9509 29.8079 -7.5
      vertex -2.64549 29.5972 4
    endloop
  endfacet
  facet normal -0.290318 0.95693 0
    outer loop
      vertex -2.64549 29.5972 4
      vertex -3.82683 29.2388 7.5
      vertex -2.64549 29.5972 7.5
    endloop
  endfacet
  facet normal -0.290305 0.956934 -1.45129e-06
    outer loop
      vertex -3.82683 29.2388 -7.5
      vertex -2.64549 29.5972 4
      vertex -1.9509 29.8079 -7.5
    endloop
  endfacet
  facet normal -0.290318 0.95693 0
    outer loop
      vertex -2.64549 29.5972 4
      vertex -3.82683 29.2388 -7.5
      vertex -3.82683 29.2388 7.5
    endloop
  endfacet
  facet normal 0 0 1
    outer loop
      vertex 9.2388 23.8268 7.5
      vertex 9.06066 23.182 7.5
      vertex 9.59715 22.6455 7.5
    endloop
  endfacet
  facet normal 0 0 1
    outer loop
      vertex 8.3147 25.5557 7.5
      vertex 9.06066 23.182 7.5
      vertex 9.2388 23.8268 7.5
    endloop
  endfacet
  facet normal 0 0 1
    outer loop
      vertex 4.98882 23.3334 7.5
      vertex 8.3147 25.5557 7.5
      vertex 7.07107 27.0711 7.5
    endloop
  endfacet
  facet normal 0 0 1
    outer loop
      vertex 8.3147 25.5557 7.5
      vertex 4.98882 23.3334 7.5
      vertex 9.06066 23.182 7.5
    endloop
  endfacet
  facet normal 0 0 1
    outer loop
      vertex 9.06066 23.182 7.5
      vertex 5.88471 21.1705 7.5
      vertex 5.98912 20.1104 7.5
    endloop
  endfacet
  facet normal 0 0 1
    outer loop
      vertex 3.18198 26.9393 7.5
      vertex 7.07107 27.0711 7.5
      vertex 5.5557 28.3147 7.5
    endloop
  endfacet
  facet normal 0 0 1
    outer loop
      vertex 9.06066 23.182 7.5
      vertex 5.54328 22.2961 7.5
      vertex 5.88471 21.1705 7.5
    endloop
  endfacet
  facet normal 0 0 1
    outer loop
      vertex 9.06066 23.182 7.5
      vertex 4.98882 23.3334 7.5
      vertex 5.54328 22.2961 7.5
    endloop
  endfacet
  facet normal 0 0 1
    outer loop
      vertex 7.07107 27.0711 7.5
      vertex 4.24264 24.2426 7.5
      vertex 4.98882 23.3334 7.5
    endloop
  endfacet
  facet normal 0 0 1
    outer loop
      vertex 3.18198 26.9393 7.5
      vertex 5.5557 28.3147 7.5
      vertex 3.82683 29.2388 7.5
    endloop
  endfacet
  facet normal 0 0 1
    outer loop
      vertex 7.07107 27.0711 7.5
      vertex 3.18198 26.9393 7.5
      vertex 4.24264 24.2426 7.5
    endloop
  endfacet
  facet normal 0 0 1
    outer loop
      vertex 4.24264 24.2426 7.5
      vertex 3.18198 26.9393 7.5
      vertex 3.33342 24.9888 7.5
    endloop
  endfacet
  facet normal 0 0 1
    outer loop
      vertex 1.9509 29.8079 7.5
      vertex 3.18198 26.9393 7.5
      vertex 3.82683 29.2388 7.5
    endloop
  endfacet
  facet normal 0 0 1
    outer loop
      vertex 3.18198 26.9393 7.5
      vertex 1.9509 29.8079 7.5
      vertex 0.134575 29.9867 7.5
    endloop
  endfacet
  facet normal 0 0 1
    outer loop
      vertex 3.18198 26.9393 7.5
      vertex 2.2961 25.5433 7.5
      vertex 3.33342 24.9888 7.5
    endloop
  endfacet
  facet normal 0 -0 1
    outer loop
      vertex 2.2961 25.5433 7.5
      vertex 3.18198 26.9393 7.5
      vertex 1.90466 25.662 7.5
    endloop
  endfacet
  facet normal -0 0 1
    outer loop
      vertex 2.2961 14.4567 7.5
      vertex 3.18198 10.9393 7.5
      vertex 3.33342 15.0112 7.5
    endloop
  endfacet
  facet normal -0 0 1
    outer loop
      vertex 1.17054 14.1153 7.5
      vertex 3.18198 10.9393 7.5
      vertex 2.2961 14.4567 7.5
    endloop
  endfacet
  facet normal 0 0 1
    outer loop
      vertex 3.18198 10.9393 7.5
      vertex 1.17054 14.1153 7.5
      vertex 0.110444 14.0109 7.5
    endloop
  endfacet
  facet normal 0 0 1
    outer loop
      vertex 6.93934 16.818 7.5
      vertex 9.80785 18.0491 7.5
      vertex 9.98675 19.8654 7.5
    endloop
  endfacet
  facet normal 0 0 1
    outer loop
      vertex 9.80785 18.0491 7.5
      vertex 6.93934 16.818 7.5
      vertex 9.2388 16.1732 7.5
    endloop
  endfacet
  facet normal 0 0 1
    outer loop
      vertex 9.2388 16.1732 7.5
      vertex 6.93934 16.818 7.5
      vertex 8.3147 14.4443 7.5
    endloop
  endfacet
  facet normal 0 0 1
    outer loop
      vertex 8.3147 14.4443 7.5
      vertex 6.93934 16.818 7.5
      vertex 7.07107 12.9289 7.5
    endloop
  endfacet
  facet normal -0 0 1
    outer loop
      vertex 5.54328 17.7039 7.5
      vertex 6.93934 16.818 7.5
      vertex 5.66202 18.0953 7.5
    endloop
  endfacet
  facet normal 0 0 1
    outer loop
      vertex 4.98882 16.6666 7.5
      vertex 6.93934 16.818 7.5
      vertex 5.54328 17.7039 7.5
    endloop
  endfacet
  facet normal 0 0 1
    outer loop
      vertex 4.24264 15.7574 7.5
      vertex 6.93934 16.818 7.5
      vertex 4.98882 16.6666 7.5
    endloop
  endfacet
  facet normal 0 0 1
    outer loop
      vertex 6.93934 16.818 7.5
      vertex 4.24264 15.7574 7.5
      vertex 7.07107 12.9289 7.5
    endloop
  endfacet
  facet normal 0 0 1
    outer loop
      vertex 7.07107 12.9289 7.5
      vertex 4.24264 15.7574 7.5
      vertex 5.5557 11.6853 7.5
    endloop
  endfacet
  facet normal -0 0 1
    outer loop
      vertex 3.33342 15.0112 7.5
      vertex 5.5557 11.6853 7.5
      vertex 4.24264 15.7574 7.5
    endloop
  endfacet
  facet normal 0 0 1
    outer loop
      vertex 3.18198 10.9393 7.5
      vertex 5.5557 11.6853 7.5
      vertex 3.33342 15.0112 7.5
    endloop
  endfacet
  facet normal 0 0 1
    outer loop
      vertex 5.5557 11.6853 7.5
      vertex 3.18198 10.9393 7.5
      vertex 3.82683 10.7612 7.5
    endloop
  endfacet
  facet normal 0 0 1
    outer loop
      vertex 3.82683 10.7612 7.5
      vertex 3.18198 10.9393 7.5
      vertex 2.64549 10.4028 7.5
    endloop
  endfacet
  facet normal -0 0 1
    outer loop
      vertex -3.82683 29.2388 7.5
      vertex -3.18198 29.0607 7.5
      vertex -2.64549 29.5972 7.5
    endloop
  endfacet
  facet normal 0 0 1
    outer loop
      vertex -5.5557 28.3147 7.5
      vertex -3.18198 29.0607 7.5
      vertex -3.82683 29.2388 7.5
    endloop
  endfacet
  facet normal 0 0 1
    outer loop
      vertex -3.18198 29.0607 7.5
      vertex -5.5557 28.3147 7.5
      vertex -3.33342 24.9888 7.5
    endloop
  endfacet
  facet normal 0 0 1
    outer loop
      vertex -3.33342 24.9888 7.5
      vertex -5.5557 28.3147 7.5
      vertex -4.24264 24.2426 7.5
    endloop
  endfacet
  facet normal -0 0 1
    outer loop
      vertex -7.07107 27.0711 7.5
      vertex -4.24264 24.2426 7.5
      vertex -5.5557 28.3147 7.5
    endloop
  endfacet
  facet normal 0 -0 1
    outer loop
      vertex -6.93934 23.182 7.5
      vertex -4.24264 24.2426 7.5
      vertex -7.07107 27.0711 7.5
    endloop
  endfacet
  facet normal 0 0 1
    outer loop
      vertex -4.24264 24.2426 7.5
      vertex -6.93934 23.182 7.5
      vertex -4.98882 23.3334 7.5
    endloop
  endfacet
  facet normal 0 0 1
    outer loop
      vertex -5.54328 22.2961 7.5
      vertex -6.93934 23.182 7.5
      vertex -5.66202 21.9047 7.5
    endloop
  endfacet
  facet normal 0 0 1
    outer loop
      vertex -4.98882 23.3334 7.5
      vertex -6.93934 23.182 7.5
      vertex -5.54328 22.2961 7.5
    endloop
  endfacet
  facet normal -0 0 1
    outer loop
      vertex -8.3147 25.5557 7.5
      vertex -6.93934 23.182 7.5
      vertex -7.07107 27.0711 7.5
    endloop
  endfacet
  facet normal -0 0 1
    outer loop
      vertex -9.2388 23.8268 7.5
      vertex -6.93934 23.182 7.5
      vertex -8.3147 25.5557 7.5
    endloop
  endfacet
  facet normal 0 0 1
    outer loop
      vertex -9.80785 21.9509 7.5
      vertex -6.93934 23.182 7.5
      vertex -9.2388 23.8268 7.5
    endloop
  endfacet
  facet normal 0 0 1
    outer loop
      vertex -6.93934 23.182 7.5
      vertex -9.80785 21.9509 7.5
      vertex -9.98675 20.1346 7.5
    endloop
  endfacet
  facet normal 0 0 1
    outer loop
      vertex -3.18198 29.0607 7.5
      vertex -1.17054 25.8847 7.5
      vertex -0.110444 25.9891 7.5
    endloop
  endfacet
  facet normal 0 0 1
    outer loop
      vertex -3.18198 29.0607 7.5
      vertex -2.2961 25.5433 7.5
      vertex -1.17054 25.8847 7.5
    endloop
  endfacet
  facet normal 0 0 1
    outer loop
      vertex -2.2961 25.5433 7.5
      vertex -3.18198 29.0607 7.5
      vertex -3.33342 24.9888 7.5
    endloop
  endfacet
  facet normal 0 0 1
    outer loop
      vertex -2.2961 14.4567 7.5
      vertex -3.18198 13.0607 7.5
      vertex -1.90466 14.338 7.5
    endloop
  endfacet
  facet normal 0 -0 1
    outer loop
      vertex -3.18198 13.0607 7.5
      vertex -2.2961 14.4567 7.5
      vertex -3.33342 15.0112 7.5
    endloop
  endfacet
  facet normal 0 0 1
    outer loop
      vertex -3.18198 13.0607 7.5
      vertex -1.9509 10.1921 7.5
      vertex -0.134575 10.0133 7.5
    endloop
  endfacet
  facet normal 0 0 1
    outer loop
      vertex -3.18198 13.0607 7.5
      vertex -3.82683 10.7612 7.5
      vertex -1.9509 10.1921 7.5
    endloop
  endfacet
  facet normal 0 0 1
    outer loop
      vertex -4.24264 15.7574 7.5
      vertex -3.18198 13.0607 7.5
      vertex -3.33342 15.0112 7.5
    endloop
  endfacet
  facet normal 0 0 1
    outer loop
      vertex -7.07107 12.9289 7.5
      vertex -3.18198 13.0607 7.5
      vertex -4.24264 15.7574 7.5
    endloop
  endfacet
  facet normal 0 0 1
    outer loop
      vertex -7.07107 12.9289 7.5
      vertex -4.24264 15.7574 7.5
      vertex -4.98882 16.6666 7.5
    endloop
  endfacet
  facet normal -0 0 1
    outer loop
      vertex -9.06066 16.818 7.5
      vertex -4.98882 16.6666 7.5
      vertex -5.54328 17.7039 7.5
    endloop
  endfacet
  facet normal 0 0 1
    outer loop
      vertex -3.18198 13.0607 7.5
      vertex -5.5557 11.6853 7.5
      vertex -3.82683 10.7612 7.5
    endloop
  endfacet
  facet normal 0 0 1
    outer loop
      vertex -9.06066 16.818 7.5
      vertex -5.54328 17.7039 7.5
      vertex -5.88471 18.8295 7.5
    endloop
  endfacet
  facet normal 0 0 1
    outer loop
      vertex -9.06066 16.818 7.5
      vertex -5.88471 18.8295 7.5
      vertex -5.98912 19.8896 7.5
    endloop
  endfacet
  facet normal 0 0 1
    outer loop
      vertex -3.18198 13.0607 7.5
      vertex -7.07107 12.9289 7.5
      vertex -5.5557 11.6853 7.5
    endloop
  endfacet
  facet normal 0 0 1
    outer loop
      vertex -4.98882 16.6666 7.5
      vertex -8.3147 14.4443 7.5
      vertex -7.07107 12.9289 7.5
    endloop
  endfacet
  facet normal 0 0 1
    outer loop
      vertex -4.98882 16.6666 7.5
      vertex -9.06066 16.818 7.5
      vertex -8.3147 14.4443 7.5
    endloop
  endfacet
  facet normal 0 0 1
    outer loop
      vertex -9.06066 16.818 7.5
      vertex -9.2388 16.1732 7.5
      vertex -8.3147 14.4443 7.5
    endloop
  endfacet
  facet normal 0 -0 1
    outer loop
      vertex -9.2388 16.1732 7.5
      vertex -9.06066 16.818 7.5
      vertex -9.59715 17.3545 7.5
    endloop
  endfacet
  facet normal -0.0979935 0.995187 0
    outer loop
      vertex 0 30 -7.5
      vertex -1.9509 29.8079 4
      vertex 0 30 4
    endloop
  endfacet
  facet normal -0.0979935 0.995187 0
    outer loop
      vertex -1.9509 29.8079 4
      vertex 0 30 -7.5
      vertex -1.9509 29.8079 -7.5
    endloop
  endfacet
  facet normal -0.881925 0.47139 0
    outer loop
      vertex -9.2388 23.8268 -7.5
      vertex -8.3147 25.5557 7.5
      vertex -8.3147 25.5557 -7.5
    endloop
  endfacet
  facet normal -0.881925 0.47139 0
    outer loop
      vertex -8.3147 25.5557 7.5
      vertex -9.2388 23.8268 -7.5
      vertex -9.2388 23.8268 7.5
    endloop
  endfacet
  facet normal -0.956942 -0.290279 0
    outer loop
      vertex -9.80785 18.0491 -7.5
      vertex -9.59715 17.3545 4
      vertex -9.80785 18.0491 4
    endloop
  endfacet
  facet normal -0.95694 -0.290286 -4.43585e-07
    outer loop
      vertex -9.2388 16.1732 -7.5
      vertex -9.59715 17.3545 4
      vertex -9.80785 18.0491 -7.5
    endloop
  endfacet
  facet normal -0.956939 -0.29029 -0
    outer loop
      vertex -9.2388 16.1732 7.5
      vertex -9.59715 17.3545 4
      vertex -9.2388 16.1732 -7.5
    endloop
  endfacet
  facet normal -0.956939 -0.29029 0
    outer loop
      vertex -9.59715 17.3545 4
      vertex -9.2388 16.1732 7.5
      vertex -9.59715 17.3545 7.5
    endloop
  endfacet
  facet normal -0.995185 -0.0980187 0
    outer loop
      vertex -9.80785 18.0491 -7.5
      vertex -10 20 4
      vertex -10 20 -7.5
    endloop
  endfacet
  facet normal -0.995185 -0.0980187 0
    outer loop
      vertex -10 20 4
      vertex -9.80785 18.0491 -7.5
      vertex -9.80785 18.0491 4
    endloop
  endfacet
  facet normal -0.773017 -0.634385 0
    outer loop
      vertex -7.07107 12.9289 -7.5
      vertex -8.3147 14.4443 7.5
      vertex -8.3147 14.4443 -7.5
    endloop
  endfacet
  facet normal -0.773017 -0.634385 0
    outer loop
      vertex -8.3147 14.4443 7.5
      vertex -7.07107 12.9289 -7.5
      vertex -7.07107 12.9289 7.5
    endloop
  endfacet
  facet normal -0.471397 -0.881921 0
    outer loop
      vertex -5.5557 11.6853 -7.5
      vertex -3.82683 10.7612 -5
      vertex -5.5557 11.6853 -5
    endloop
  endfacet
  facet normal -0.471397 -0.881921 -0
    outer loop
      vertex -3.82683 10.7612 -5
      vertex -5.5557 11.6853 -7.5
      vertex -3.82683 10.7612 -7.5
    endloop
  endfacet
  facet normal -0.471397 -0.881921 0
    outer loop
      vertex -5.5557 11.6853 5
      vertex -3.82683 10.7612 7.5
      vertex -5.5557 11.6853 7.5
    endloop
  endfacet
  facet normal -0.471397 -0.881921 -0
    outer loop
      vertex -3.82683 10.7612 7.5
      vertex -5.5557 11.6853 5
      vertex -3.82683 10.7612 5
    endloop
  endfacet
  facet normal -0.097967 -0.99519 0
    outer loop
      vertex -1.9509 10.1921 7.5
      vertex -0.134575 10.0133 4
      vertex -0.134575 10.0133 7.5
    endloop
  endfacet
  facet normal -0.097967 -0.99519 0
    outer loop
      vertex -1.9509 10.1921 -7.5
      vertex -0.134575 10.0133 4
      vertex -1.9509 10.1921 7.5
    endloop
  endfacet
  facet normal -0.0979935 -0.995187 4.219e-06
    outer loop
      vertex 0 10 -7.5
      vertex -0.134575 10.0133 4
      vertex -1.9509 10.1921 -7.5
    endloop
  endfacet
  facet normal -0.0983505 -0.995152 0
    outer loop
      vertex -0.134575 10.0133 4
      vertex 0 10 -7.5
      vertex 0 10 4
    endloop
  endfacet
  facet normal -0.290282 -0.956941 -0
    outer loop
      vertex -3.82683 10.7612 -5
      vertex -3.82683 10.7612 -7.5
      vertex -2.56984 10.3799 -5
    endloop
  endfacet
  facet normal -0.290282 -0.956941 0
    outer loop
      vertex -2.56984 10.3799 5
      vertex -3.82683 10.7612 7.5
      vertex -3.82683 10.7612 5
    endloop
  endfacet
  facet normal -0.290305 -0.956934 -1.24263e-05
    outer loop
      vertex -3.82683 10.7612 7.5
      vertex -2.56984 10.3799 5
      vertex -1.9509 10.1921 7.5
    endloop
  endfacet
  facet normal -0.290351 -0.95692 0
    outer loop
      vertex -2.56984 10.3799 -5
      vertex -1.9509 10.1921 7.5
      vertex -2.56984 10.3799 5
    endloop
  endfacet
  facet normal -0.290351 -0.95692 0
    outer loop
      vertex -2.56984 10.3799 -5
      vertex -1.9509 10.1921 -7.5
      vertex -1.9509 10.1921 7.5
    endloop
  endfacet
  facet normal -0.290305 -0.956934 1.24263e-05
    outer loop
      vertex -1.9509 10.1921 -7.5
      vertex -2.56984 10.3799 -5
      vertex -3.82683 10.7612 -7.5
    endloop
  endfacet
  facet normal -0.956944 -0.290271 0
    outer loop
      vertex 5.88471 21.1705 -7.5
      vertex 5.54328 22.2961 7.5
      vertex 5.54328 22.2961 -7.5
    endloop
  endfacet
  facet normal -0.956944 -0.290271 0
    outer loop
      vertex 5.54328 22.2961 7.5
      vertex 5.88471 21.1705 -7.5
      vertex 5.88471 21.1705 7.5
    endloop
  endfacet
  facet normal -0.995185 -0.0980165 0
    outer loop
      vertex 5.88471 21.1705 -7.5
      vertex 5.98912 20.1104 7.5
      vertex 5.88471 21.1705 7.5
    endloop
  endfacet
  facet normal -0.995184 -0.098022 -3.9813e-07
    outer loop
      vertex 6 20 -7.5
      vertex 5.98912 20.1104 7.5
      vertex 5.88471 21.1705 -7.5
    endloop
  endfacet
  facet normal -0.995179 -0.0980756 -0
    outer loop
      vertex 6 20 8
      vertex 5.98912 20.1104 7.5
      vertex 6 20 -7.5
    endloop
  endfacet
  facet normal -0.995179 -0.0980756 0
    outer loop
      vertex 5.98912 20.1104 7.5
      vertex 6 20 8
      vertex 5.98912 20.1104 8
    endloop
  endfacet
  facet normal -0.881917 -0.471404 0
    outer loop
      vertex 5.54328 22.2961 -7.5
      vertex 4.98882 23.3334 7.5
      vertex 4.98882 23.3334 -7.5
    endloop
  endfacet
  facet normal -0.881917 -0.471404 0
    outer loop
      vertex 4.98882 23.3334 7.5
      vertex 5.54328 22.2961 -7.5
      vertex 5.54328 22.2961 7.5
    endloop
  endfacet
  facet normal 0.634405 -0.773001 0
    outer loop
      vertex -4.24264 24.2426 -7.5
      vertex -3.33342 24.9888 7.5
      vertex -4.24264 24.2426 7.5
    endloop
  endfacet
  facet normal 0.634405 -0.773001 0
    outer loop
      vertex -3.33342 24.9888 7.5
      vertex -4.24264 24.2426 -7.5
      vertex -3.33342 24.9888 -7.5
    endloop
  endfacet
  facet normal -0.290293 -0.956938 0
    outer loop
      vertex 1.17054 25.8847 8
      vertex 1.90466 25.662 7.5
      vertex 1.90466 25.662 8
    endloop
  endfacet
  facet normal -0.290293 -0.956938 0
    outer loop
      vertex 1.17054 25.8847 -7.5
      vertex 1.90466 25.662 7.5
      vertex 1.17054 25.8847 8
    endloop
  endfacet
  facet normal -0.290258 -0.956949 -1.90694e-06
    outer loop
      vertex 2.2961 25.5433 -7.5
      vertex 1.90466 25.662 7.5
      vertex 1.17054 25.8847 -7.5
    endloop
  endfacet
  facet normal -0.290191 -0.956969 0
    outer loop
      vertex 1.90466 25.662 7.5
      vertex 2.2961 25.5433 -7.5
      vertex 2.2961 25.5433 7.5
    endloop
  endfacet
  facet normal -0.773003 -0.634403 0
    outer loop
      vertex 4.98882 23.3334 -7.5
      vertex 4.24264 24.2426 7.5
      vertex 4.24264 24.2426 -7.5
    endloop
  endfacet
  facet normal -0.773003 -0.634403 0
    outer loop
      vertex 4.24264 24.2426 7.5
      vertex 4.98882 23.3334 -7.5
      vertex 4.98882 23.3334 7.5
    endloop
  endfacet
  facet normal 0.773003 -0.634403 0
    outer loop
      vertex -4.98882 23.3334 7.5
      vertex -4.24264 24.2426 -7.5
      vertex -4.24264 24.2426 7.5
    endloop
  endfacet
  facet normal 0.773003 -0.634403 0
    outer loop
      vertex -4.24264 24.2426 -7.5
      vertex -4.98882 23.3334 7.5
      vertex -4.98882 23.3334 -7.5
    endloop
  endfacet
  facet normal 0.881917 0.471404 0
    outer loop
      vertex -4.98882 16.6666 7.5
      vertex -5.54328 17.7039 -7.5
      vertex -5.54328 17.7039 7.5
    endloop
  endfacet
  facet normal 0.881917 0.471404 0
    outer loop
      vertex -5.54328 17.7039 -7.5
      vertex -4.98882 16.6666 7.5
      vertex -4.98882 16.6666 -7.5
    endloop
  endfacet
  facet normal -0.881917 0.471404 0
    outer loop
      vertex 4.98882 16.6666 -7.5
      vertex 5.54328 17.7039 7.5
      vertex 5.54328 17.7039 -7.5
    endloop
  endfacet
  facet normal -0.881917 0.471404 0
    outer loop
      vertex 5.54328 17.7039 7.5
      vertex 4.98882 16.6666 -7.5
      vertex 4.98882 16.6666 7.5
    endloop
  endfacet
  facet normal 0.290258 -0.956949 0
    outer loop
      vertex -2.2961 25.5433 -7.5
      vertex -1.17054 25.8847 7.5
      vertex -2.2961 25.5433 7.5
    endloop
  endfacet
  facet normal 0.290258 -0.956949 0
    outer loop
      vertex -1.17054 25.8847 7.5
      vertex -2.2961 25.5433 -7.5
      vertex -1.17054 25.8847 -7.5
    endloop
  endfacet
  facet normal -0.290258 0.956949 0
    outer loop
      vertex 2.2961 14.4567 -7.5
      vertex 1.17054 14.1153 7.5
      vertex 2.2961 14.4567 7.5
    endloop
  endfacet
  facet normal -0.290258 0.956949 0
    outer loop
      vertex 1.17054 14.1153 7.5
      vertex 2.2961 14.4567 -7.5
      vertex 1.17054 14.1153 -7.5
    endloop
  endfacet
  facet normal -0.0980271 -0.995184 0
    outer loop
      vertex 0 26 -7.5
      vertex 1.17054 25.8847 8
      vertex 0 26 8
    endloop
  endfacet
  facet normal -0.0980271 -0.995184 -0
    outer loop
      vertex 1.17054 25.8847 8
      vertex 0 26 -7.5
      vertex 1.17054 25.8847 -7.5
    endloop
  endfacet
  facet normal -0.634405 -0.773001 0
    outer loop
      vertex 3.33342 24.9888 -7.5
      vertex 4.24264 24.2426 7.5
      vertex 3.33342 24.9888 7.5
    endloop
  endfacet
  facet normal -0.634405 -0.773001 -0
    outer loop
      vertex 4.24264 24.2426 7.5
      vertex 3.33342 24.9888 -7.5
      vertex 4.24264 24.2426 -7.5
    endloop
  endfacet
  facet normal 0.0980075 -0.995186 0
    outer loop
      vertex -1.17054 25.8847 7.5
      vertex -1.17054 25.8847 -7.5
      vertex -0.110444 25.9891 7.5
    endloop
  endfacet
  facet normal 0.0982154 -0.995165 0
    outer loop
      vertex -0.110444 25.9891 7.5
      vertex 0 26 8
      vertex -0.110444 25.9891 8
    endloop
  endfacet
  facet normal 0.0980271 -0.995184 -1.39957e-06
    outer loop
      vertex 0 26 -7.5
      vertex -0.110444 25.9891 7.5
      vertex -1.17054 25.8847 -7.5
    endloop
  endfacet
  facet normal 0.0982154 -0.995165 0
    outer loop
      vertex -0.110444 25.9891 7.5
      vertex 0 26 -7.5
      vertex 0 26 8
    endloop
  endfacet
  facet normal -0.634405 0.773001 0
    outer loop
      vertex 4.24264 15.7574 -7.5
      vertex 3.33342 15.0112 7.5
      vertex 4.24264 15.7574 7.5
    endloop
  endfacet
  facet normal -0.634405 0.773001 0
    outer loop
      vertex 3.33342 15.0112 7.5
      vertex 4.24264 15.7574 -7.5
      vertex 3.33342 15.0112 -7.5
    endloop
  endfacet
  facet normal -0.471424 0.881907 0
    outer loop
      vertex 3.33342 15.0112 -7.5
      vertex 2.2961 14.4567 7.5
      vertex 3.33342 15.0112 7.5
    endloop
  endfacet
  facet normal -0.471424 0.881907 0
    outer loop
      vertex 2.2961 14.4567 7.5
      vertex 3.33342 15.0112 -7.5
      vertex 2.2961 14.4567 -7.5
    endloop
  endfacet
  facet normal 0.634405 0.773001 -0
    outer loop
      vertex -3.33342 15.0112 -7.5
      vertex -4.24264 15.7574 7.5
      vertex -3.33342 15.0112 7.5
    endloop
  endfacet
  facet normal 0.634405 0.773001 0
    outer loop
      vertex -4.24264 15.7574 7.5
      vertex -3.33342 15.0112 -7.5
      vertex -4.24264 15.7574 -7.5
    endloop
  endfacet
  facet normal -0.773003 0.634403 0
    outer loop
      vertex 4.24264 15.7574 -7.5
      vertex 4.98882 16.6666 7.5
      vertex 4.98882 16.6666 -7.5
    endloop
  endfacet
  facet normal -0.773003 0.634403 0
    outer loop
      vertex 4.98882 16.6666 7.5
      vertex 4.24264 15.7574 -7.5
      vertex 4.24264 15.7574 7.5
    endloop
  endfacet
  facet normal -0.995184 0.098022 0
    outer loop
      vertex 5.88471 18.8295 -7.5
      vertex 6 20 8
      vertex 6 20 -7.5
    endloop
  endfacet
  facet normal -0.995184 0.098022 0
    outer loop
      vertex 6 20 8
      vertex 5.88471 18.8295 -7.5
      vertex 5.88471 18.8295 8
    endloop
  endfacet
  facet normal -0.95695 0.290252 0
    outer loop
      vertex 5.88471 18.8295 -7.5
      vertex 5.66202 18.0953 7.5
      vertex 5.88471 18.8295 8
    endloop
  endfacet
  facet normal -0.956944 0.290271 1.02258e-06
    outer loop
      vertex 5.54328 17.7039 -7.5
      vertex 5.66202 18.0953 7.5
      vertex 5.88471 18.8295 -7.5
    endloop
  endfacet
  facet normal -0.956933 0.290307 0
    outer loop
      vertex 5.66202 18.0953 7.5
      vertex 5.54328 17.7039 -7.5
      vertex 5.54328 17.7039 7.5
    endloop
  endfacet
  facet normal -0.95695 0.290252 0
    outer loop
      vertex 5.88471 18.8295 8
      vertex 5.66202 18.0953 7.5
      vertex 5.66202 18.0953 8
    endloop
  endfacet
  facet normal 0.995184 -0.098022 0
    outer loop
      vertex -6 20 8
      vertex -5.88471 21.1705 -7.5
      vertex -5.88471 21.1705 8
    endloop
  endfacet
  facet normal 0.995184 -0.098022 0
    outer loop
      vertex -5.88471 21.1705 -7.5
      vertex -6 20 8
      vertex -6 20 -7.5
    endloop
  endfacet
  facet normal 0.471424 -0.881907 0
    outer loop
      vertex -3.33342 24.9888 -7.5
      vertex -2.2961 25.5433 7.5
      vertex -3.33342 24.9888 7.5
    endloop
  endfacet
  facet normal 0.471424 -0.881907 0
    outer loop
      vertex -2.2961 25.5433 7.5
      vertex -3.33342 24.9888 -7.5
      vertex -2.2961 25.5433 -7.5
    endloop
  endfacet
  facet normal -0.471424 -0.881907 0
    outer loop
      vertex 2.2961 25.5433 -7.5
      vertex 3.33342 24.9888 7.5
      vertex 2.2961 25.5433 7.5
    endloop
  endfacet
  facet normal -0.471424 -0.881907 -0
    outer loop
      vertex 3.33342 24.9888 7.5
      vertex 2.2961 25.5433 -7.5
      vertex 3.33342 24.9888 -7.5
    endloop
  endfacet
  facet normal 0.95695 -0.290252 0
    outer loop
      vertex -5.66202 21.9047 8
      vertex -5.88471 21.1705 8
      vertex -5.66202 21.9047 7.5
    endloop
  endfacet
  facet normal 0.956933 -0.290307 0
    outer loop
      vertex -5.66202 21.9047 7.5
      vertex -5.54328 22.2961 -7.5
      vertex -5.54328 22.2961 7.5
    endloop
  endfacet
  facet normal 0.95695 -0.290252 0
    outer loop
      vertex -5.88471 21.1705 -7.5
      vertex -5.66202 21.9047 7.5
      vertex -5.88471 21.1705 8
    endloop
  endfacet
  facet normal 0.956944 -0.290271 1.02258e-06
    outer loop
      vertex -5.66202 21.9047 7.5
      vertex -5.88471 21.1705 -7.5
      vertex -5.54328 22.2961 -7.5
    endloop
  endfacet
  facet normal -0.0980075 0.995186 0
    outer loop
      vertex 1.17054 14.1153 7.5
      vertex 1.17054 14.1153 -7.5
      vertex 0.110444 14.0109 7.5
    endloop
  endfacet
  facet normal -0.0982154 0.995165 0
    outer loop
      vertex 0.110444 14.0109 7.5
      vertex 0 14 8
      vertex 0.110444 14.0109 8
    endloop
  endfacet
  facet normal -0.0980271 0.995184 -1.39957e-06
    outer loop
      vertex 0 14 -7.5
      vertex 0.110444 14.0109 7.5
      vertex 1.17054 14.1153 -7.5
    endloop
  endfacet
  facet normal -0.0982154 0.995165 0
    outer loop
      vertex 0.110444 14.0109 7.5
      vertex 0 14 -7.5
      vertex 0 14 8
    endloop
  endfacet
  facet normal 0.881917 -0.471404 0
    outer loop
      vertex -5.54328 22.2961 7.5
      vertex -4.98882 23.3334 -7.5
      vertex -4.98882 23.3334 7.5
    endloop
  endfacet
  facet normal 0.881917 -0.471404 0
    outer loop
      vertex -4.98882 23.3334 -7.5
      vertex -5.54328 22.2961 7.5
      vertex -5.54328 22.2961 -7.5
    endloop
  endfacet
  facet normal 0.956944 0.290271 0
    outer loop
      vertex -5.54328 17.7039 7.5
      vertex -5.88471 18.8295 -7.5
      vertex -5.88471 18.8295 7.5
    endloop
  endfacet
  facet normal 0.956944 0.290271 0
    outer loop
      vertex -5.88471 18.8295 -7.5
      vertex -5.54328 17.7039 7.5
      vertex -5.54328 17.7039 -7.5
    endloop
  endfacet
  facet normal 0.995179 0.0980756 -0
    outer loop
      vertex -5.98912 19.8896 7.5
      vertex -6 20 8
      vertex -5.98912 19.8896 8
    endloop
  endfacet
  facet normal 0.995179 0.0980756 0
    outer loop
      vertex -6 20 8
      vertex -5.98912 19.8896 7.5
      vertex -6 20 -7.5
    endloop
  endfacet
  facet normal 0.995185 0.0980165 -4.39592e-07
    outer loop
      vertex -5.88471 18.8295 7.5
      vertex -6 20 -7.5
      vertex -5.98912 19.8896 7.5
    endloop
  endfacet
  facet normal 0.995184 0.098022 0
    outer loop
      vertex -6 20 -7.5
      vertex -5.88471 18.8295 7.5
      vertex -5.88471 18.8295 -7.5
    endloop
  endfacet
  facet normal 0.773003 0.634403 0
    outer loop
      vertex -4.24264 15.7574 7.5
      vertex -4.98882 16.6666 -7.5
      vertex -4.98882 16.6666 7.5
    endloop
  endfacet
  facet normal 0.773003 0.634403 0
    outer loop
      vertex -4.98882 16.6666 -7.5
      vertex -4.24264 15.7574 7.5
      vertex -4.24264 15.7574 -7.5
    endloop
  endfacet
  facet normal 0.471424 0.881907 -0
    outer loop
      vertex -2.2961 14.4567 -7.5
      vertex -3.33342 15.0112 7.5
      vertex -2.2961 14.4567 7.5
    endloop
  endfacet
  facet normal 0.471424 0.881907 0
    outer loop
      vertex -3.33342 15.0112 7.5
      vertex -2.2961 14.4567 -7.5
      vertex -3.33342 15.0112 -7.5
    endloop
  endfacet
  facet normal 0.0980271 0.995184 -0
    outer loop
      vertex 0 14 -7.5
      vertex -1.17054 14.1153 8
      vertex 0 14 8
    endloop
  endfacet
  facet normal 0.0980271 0.995184 0
    outer loop
      vertex -1.17054 14.1153 8
      vertex 0 14 -7.5
      vertex -1.17054 14.1153 -7.5
    endloop
  endfacet
  facet normal 0.290293 0.956938 0
    outer loop
      vertex -1.17054 14.1153 8
      vertex -1.90466 14.338 7.5
      vertex -1.90466 14.338 8
    endloop
  endfacet
  facet normal 0.290293 0.956938 -0
    outer loop
      vertex -1.17054 14.1153 -7.5
      vertex -1.90466 14.338 7.5
      vertex -1.17054 14.1153 8
    endloop
  endfacet
  facet normal 0.290258 0.956949 -1.90694e-06
    outer loop
      vertex -2.2961 14.4567 -7.5
      vertex -1.90466 14.338 7.5
      vertex -1.17054 14.1153 -7.5
    endloop
  endfacet
  facet normal 0.290191 0.956969 0
    outer loop
      vertex -1.90466 14.338 7.5
      vertex -2.2961 14.4567 -7.5
      vertex -2.2961 14.4567 7.5
    endloop
  endfacet
  facet normal 0.707107 0.707107 0
    outer loop
      vertex 6.93934 -3.88909 5
      vertex 4.11091 -1.06066 -5
      vertex 4.11091 -1.06066 5
    endloop
  endfacet
  facet normal 0.707107 0.707107 0
    outer loop
      vertex 4.11091 -1.06066 -5
      vertex 6.93934 -3.88909 5
      vertex 6.93934 -3.88909 -5
    endloop
  endfacet
  facet normal 0.707107 -0.707107 0
    outer loop
      vertex 4.11091 -1.06066 -5
      vertex 9.06066 3.88909 5
      vertex 4.11091 -1.06066 5
    endloop
  endfacet
  facet normal 0.707107 -0.707107 0
    outer loop
      vertex 9.06066 3.88909 5
      vertex 4.11091 -1.06066 -5
      vertex 9.06066 3.88909 -5
    endloop
  endfacet
  facet normal -0.707106 0.707107 0
    outer loop
      vertex 11.8891 1.06066 -5
      vertex 6.93934 -3.88909 5
      vertex 11.8891 1.06066 5
    endloop
  endfacet
  facet normal -0.707106 0.707107 0
    outer loop
      vertex 6.93934 -3.88909 5
      vertex 11.8891 1.06066 -5
      vertex 6.93934 -3.88909 -5
    endloop
  endfacet
  facet normal -0.707106 -0.707108 0
    outer loop
      vertex 11.8891 1.06066 -5
      vertex 9.06066 3.88909 5
      vertex 9.06066 3.88909 -5
    endloop
  endfacet
  facet normal -0.707106 -0.707108 0
    outer loop
      vertex 9.06066 3.88909 5
      vertex 11.8891 1.06066 -5
      vertex 11.8891 1.06066 5
    endloop
  endfacet
  facet normal -0.707107 0.707107 0
    outer loop
      vertex 1.06066 4.11091 -5
      vertex 3.88909 6.93934 5
      vertex 3.88909 6.93934 -5
    endloop
  endfacet
  facet normal -0.707107 0.707107 0
    outer loop
      vertex 3.88909 6.93934 5
      vertex 1.06066 4.11091 -5
      vertex 1.06066 4.11091 5
    endloop
  endfacet
  facet normal 0.707107 0.707107 0
    outer loop
      vertex 1.06066 4.11091 5
      vertex -3.88909 9.06066 -5
      vertex -3.88909 9.06066 5
    endloop
  endfacet
  facet normal 0.707107 0.707107 0
    outer loop
      vertex -3.88909 9.06066 -5
      vertex 1.06066 4.11091 5
      vertex 1.06066 4.11091 -5
    endloop
  endfacet
  facet normal -0.70712 -0.707093 0
    outer loop
      vertex 0.75415 10.0743 -5
      vertex 1.53553 9.29289 4
      vertex 0.75415 10.0743 4
    endloop
  endfacet
  facet normal -0.707109 -0.707105 -1.96536e-06
    outer loop
      vertex 3.88909 6.93934 -5
      vertex 1.53553 9.29289 4
      vertex 0.75415 10.0743 -5
    endloop
  endfacet
  facet normal -0.707105 -0.707108 -0
    outer loop
      vertex 3.88909 6.93934 5
      vertex 1.53553 9.29289 4
      vertex 3.88909 6.93934 -5
    endloop
  endfacet
  facet normal -0.707105 -0.707108 0
    outer loop
      vertex 1.53553 9.29289 4
      vertex 3.88909 6.93934 5
      vertex 1.53553 9.29289 5
    endloop
  endfacet
  facet normal 0.707104 -0.707109 0
    outer loop
      vertex -3.88909 9.06066 -5
      vertex -2.56984 10.3799 5
      vertex -3.88909 9.06066 5
    endloop
  endfacet
  facet normal 0.707104 -0.707109 0
    outer loop
      vertex -2.56984 10.3799 5
      vertex -3.88909 9.06066 -5
      vertex -2.56984 10.3799 -5
    endloop
  endfacet
  facet normal 0.707106 0.707108 0
    outer loop
      vertex -9.06066 -3.88909 5
      vertex -11.8891 -1.06066 -5
      vertex -11.8891 -1.06066 5
    endloop
  endfacet
  facet normal 0.707106 0.707108 0
    outer loop
      vertex -11.8891 -1.06066 -5
      vertex -9.06066 -3.88909 5
      vertex -9.06066 -3.88909 -5
    endloop
  endfacet
  facet normal -0.707107 -0.707107 0
    outer loop
      vertex -4.11091 1.06066 -5
      vertex -6.93934 3.88909 5
      vertex -6.93934 3.88909 -5
    endloop
  endfacet
  facet normal -0.707107 -0.707107 0
    outer loop
      vertex -6.93934 3.88909 5
      vertex -4.11091 1.06066 -5
      vertex -4.11091 1.06066 5
    endloop
  endfacet
  facet normal -0.707107 0.707107 0
    outer loop
      vertex -4.11091 1.06066 -5
      vertex -9.06066 -3.88909 5
      vertex -4.11091 1.06066 5
    endloop
  endfacet
  facet normal -0.707107 0.707107 0
    outer loop
      vertex -9.06066 -3.88909 5
      vertex -4.11091 1.06066 -5
      vertex -9.06066 -3.88909 -5
    endloop
  endfacet
  facet normal 0.707106 -0.707107 0
    outer loop
      vertex -11.8891 -1.06066 -5
      vertex -6.93934 3.88909 5
      vertex -11.8891 -1.06066 5
    endloop
  endfacet
  facet normal 0.707106 -0.707107 0
    outer loop
      vertex -6.93934 3.88909 5
      vertex -11.8891 -1.06066 -5
      vertex -6.93934 3.88909 -5
    endloop
  endfacet
  facet normal -0.707108 0.707106 0
    outer loop
      vertex 1.06066 -11.8891 -5
      vertex 3.88909 -9.06066 5
      vertex 3.88909 -9.06066 -5
    endloop
  endfacet
  facet normal -0.707108 0.707106 0
    outer loop
      vertex 3.88909 -9.06066 5
      vertex 1.06066 -11.8891 -5
      vertex 1.06066 -11.8891 5
    endloop
  endfacet
  facet normal 0.707107 -0.707107 0
    outer loop
      vertex -3.88909 -6.93934 5
      vertex -1.06066 -4.11091 -5
      vertex -1.06066 -4.11091 5
    endloop
  endfacet
  facet normal 0.707107 -0.707107 0
    outer loop
      vertex -1.06066 -4.11091 -5
      vertex -3.88909 -6.93934 5
      vertex -3.88909 -6.93934 -5
    endloop
  endfacet
  facet normal -0.707107 -0.707107 0
    outer loop
      vertex 3.88909 -9.06066 -5
      vertex -1.06066 -4.11091 5
      vertex -1.06066 -4.11091 -5
    endloop
  endfacet
  facet normal -0.707107 -0.707107 0
    outer loop
      vertex -1.06066 -4.11091 5
      vertex 3.88909 -9.06066 -5
      vertex 3.88909 -9.06066 5
    endloop
  endfacet
  facet normal 0.707107 0.707106 0
    outer loop
      vertex 1.06066 -11.8891 5
      vertex -3.88909 -6.93934 -5
      vertex -3.88909 -6.93934 5
    endloop
  endfacet
  facet normal 0.707107 0.707106 0
    outer loop
      vertex -3.88909 -6.93934 -5
      vertex 1.06066 -11.8891 5
      vertex 1.06066 -11.8891 -5
    endloop
  endfacet
  facet normal -0.181146 -0.338883 -0.923225
    outer loop
      vertex 7.46391 7.659 4.32288
      vertex 7.31298 7.43311 4.43541
      vertex 7.2377 7.47335 4.43541
    endloop
  endfacet
  facet normal 0.462419 0.865137 -0.194183
    outer loop
      vertex 6.52176 5.74492 3.43543
      vertex 6.49981 5.69192 3.14703
      vertex 6.24172 5.82987 3.14703
    endloop
  endfacet
  facet normal -0.884718 -0.268402 0.381097
    outer loop
      vertex 8.4789 7.3511 2.56457
      vertex 8.39721 7.62037 2.56457
      vertex 8.29325 7.57731 2.2929
    endloop
  endfacet
  facet normal -0.187567 0.0569039 -0.980602
    outer loop
      vertex 7.49813 6.98612 4.43541
      vertex 7.47335 6.90444 4.43541
      vertex 7.2069 7.0148 4.49278
    endloop
  endfacet
  facet normal 0.547929 -0.449669 -0.705388
    outer loop
      vertex 6.25117 7.89097 3.95159
      vertex 6.39819 7.74394 4.15952
      vertex 6.10697 7.71526 3.95159
    endloop
  endfacet
  facet normal 0.0694955 -0.705404 0.70539
    outer loop
      vertex 6.88542 8.00437 1.84048
      vertex 7.07107 8.02266 1.84048
      vertex 6.84486 8.2083 2.04841
    endloop
  endfacet
  facet normal -0.243787 0.297041 -0.92322
    outer loop
      vertex 7.57106 6.57108 4.32288
      vertex 7.46391 6.48314 4.32288
      vertex 7.37896 6.76317 4.43541
    endloop
  endfacet
  facet normal -0.462397 -0.865147 -0.194189
    outer loop
      vertex 7.90041 8.31227 3.14703
      vertex 7.86854 8.26457 3.43543
      vertex 7.62037 8.39721 3.43543
    endloop
  endfacet
  facet normal 0.643664 0.528263 0.553747
    outer loop
      vertex 6.13565 6.13565 2.2929
      vertex 6.10697 6.42688 2.04841
      vertex 5.97113 6.33611 2.2929
    endloop
  endfacet
  facet normal -0.353635 -0.430876 0.830234
    outer loop
      vertex 7.74394 7.74394 1.84048
      vertex 7.59974 7.86229 1.84048
      vertex 7.46391 7.659 1.67712
    endloop
  endfacet
  facet normal -0.44969 -0.547912 -0.705387
    outer loop
      vertex 7.71526 8.03517 3.95159
      vertex 7.74394 7.74394 4.15952
      vertex 7.59974 7.86229 4.15952
    endloop
  endfacet
  facet normal -0.976245 0.0961395 0.194172
    outer loop
      vertex 8.53516 6.77984 2.85297
      vertex 8.56384 7.07107 2.85297
      vertex 8.4789 6.79103 2.56457
    endloop
  endfacet
  facet normal 0.12433 0.151535 -0.980601
    outer loop
      vertex 6.9671 6.9671 4.49278
      vertex 6.98938 6.94882 4.49278
      vertex 6.76317 6.76317 4.43541
    endloop
  endfacet
  facet normal -0.382414 -0.0376481 0.923224
    outer loop
      vertex 7.77816 7.07107 1.67712
      vertex 7.76458 7.20901 1.67712
      vertex 7.50649 7.07107 1.56459
    endloop
  endfacet
  facet normal 0.82869 -0.081591 0.553729
    outer loop
      vertex 5.93383 7.29728 2.04841
      vertex 5.7736 7.32915 2.2929
      vertex 5.74819 7.07107 2.2929
    endloop
  endfacet
  facet normal 0.205747 -0.678298 -0.705393
    outer loop
      vertex 6.84486 8.2083 3.95159
      vertex 6.70691 7.95022 4.15952
      vertex 6.62734 8.14232 3.95159
    endloop
  endfacet
  facet normal 0.24171 -0.796859 -0.553708
    outer loop
      vertex 6.84486 8.2083 3.95159
      vertex 6.62734 8.14232 3.95159
      vertex 6.56482 8.29325 3.70709
    endloop
  endfacet
  facet normal -0.462405 -0.865141 0.194199
    outer loop
      vertex 7.90041 8.31227 2.85297
      vertex 7.64233 8.45021 2.85297
      vertex 7.62037 8.39721 2.56457
    endloop
  endfacet
  facet normal -0.430881 -0.353632 0.830232
    outer loop
      vertex 7.659 7.46391 1.67712
      vertex 7.74394 7.74394 1.84048
      vertex 7.57106 7.57106 1.67712
    endloop
  endfacet
  facet normal 0.865127 -0.462431 0.194198
    outer loop
      vertex 5.74492 7.62037 2.56457
      vertex 5.82987 7.90041 2.85297
      vertex 5.69192 7.64233 2.85297
    endloop
  endfacet
  facet normal 0.884727 0.268372 0.381096
    outer loop
      vertex 5.74492 6.52176 2.56457
      vertex 5.84888 6.56482 2.2929
      vertex 5.66324 6.79103 2.56457
    endloop
  endfacet
  facet normal 0.181117 0.338914 -0.923219
    outer loop
      vertex 6.82916 6.70902 4.43541
      vertex 6.90444 6.66879 4.43541
      vertex 6.67823 6.48314 4.32288
    endloop
  endfacet
  facet normal -0.528259 0.643692 -0.553717
    outer loop
      vertex 7.89097 6.25117 3.95159
      vertex 8.00649 6.13565 3.70709
      vertex 7.71526 6.10697 3.95159
    endloop
  endfacet
  facet normal 0.938727 0.284752 0.194185
    outer loop
      vertex 5.69192 6.49981 2.85297
      vertex 5.74492 6.52176 2.56457
      vertex 5.66324 6.79103 2.56457
    endloop
  endfacet
  facet normal -0.625131 -0.334129 0.705386
    outer loop
      vertex 8.14232 7.51479 2.04841
      vertex 8.03517 7.71526 2.04841
      vertex 7.95022 7.43523 1.84048
    endloop
  endfacet
  facet normal -0.449661 -0.547919 -0.705401
    outer loop
      vertex 7.89097 7.89097 3.95159
      vertex 7.74394 7.74394 4.15952
      vertex 7.71526 8.03517 3.95159
    endloop
  endfacet
  facet normal -0.392556 0.734375 -0.553709
    outer loop
      vertex 7.71526 6.10697 3.95159
      vertex 7.57731 5.84888 3.70709
      vertex 7.51479 5.99981 3.95159
    endloop
  endfacet
  facet normal -0.0924009 -0.172861 -0.980602
    outer loop
      vertex 7.2377 7.47335 4.43541
      vertex 7.31298 7.43311 4.43541
      vertex 7.12733 7.2069 4.49278
    endloop
  endfacet
  facet normal 0.547929 -0.449667 -0.705389
    outer loop
      vertex 6.39819 7.74394 4.15952
      vertex 6.27985 7.59974 4.15952
      vertex 6.10697 7.71526 3.95159
    endloop
  endfacet
  facet normal 0.714672 -0.586511 -0.381114
    outer loop
      vertex 6.13565 8.00649 3.70709
      vertex 5.97113 7.80602 3.70709
      vertex 5.87757 7.86854 3.43543
    endloop
  endfacet
  facet normal 0.284752 0.938727 -0.194185
    outer loop
      vertex 6.52176 5.74492 3.43543
      vertex 6.79103 5.66324 3.43543
      vertex 6.49981 5.69192 3.14703
    endloop
  endfacet
  facet normal 0.865132 -0.462424 -0.19419
    outer loop
      vertex 5.82987 7.90041 3.14703
      vertex 5.87757 7.86854 3.43543
      vertex 5.74492 7.62037 3.43543
    endloop
  endfacet
  facet normal -0.241726 -0.79685 -0.553714
    outer loop
      vertex 7.32915 8.36853 3.70709
      vertex 7.57731 8.29325 3.70709
      vertex 7.29728 8.2083 3.95159
    endloop
  endfacet
  facet normal -0.815376 -0.435796 -0.381108
    outer loop
      vertex 8.39721 7.62037 3.43543
      vertex 8.29325 7.57731 3.70709
      vertex 8.26457 7.86854 3.43543
    endloop
  endfacet
  facet normal -0.435796 -0.815376 -0.381108
    outer loop
      vertex 7.62037 8.39721 3.43543
      vertex 7.86854 8.26457 3.43543
      vertex 7.57731 8.29325 3.70709
    endloop
  endfacet
  facet normal 0.0961389 0.976239 -0.194205
    outer loop
      vertex 6.79103 5.66324 3.43543
      vertex 7.07107 5.57829 3.14703
      vertex 6.77984 5.60697 3.14703
    endloop
  endfacet
  facet normal -0.734382 0.392542 -0.553709
    outer loop
      vertex 8.14232 6.62734 3.95159
      vertex 8.29325 6.56482 3.70709
      vertex 8.03517 6.42688 3.95159
    endloop
  endfacet
  facet normal 0.124338 0.151525 -0.980602
    outer loop
      vertex 6.98938 6.94882 4.49278
      vertex 6.82916 6.70902 4.43541
      vertex 6.76317 6.76317 4.43541
    endloop
  endfacet
  facet normal 0.643672 0.528269 -0.553731
    outer loop
      vertex 6.10697 6.42688 3.95159
      vertex 6.13565 6.13565 3.70709
      vertex 5.97113 6.33611 3.70709
    endloop
  endfacet
  facet normal -0.976246 0.0961465 0.194166
    outer loop
      vertex 8.56384 7.07107 2.85297
      vertex 8.50648 7.07107 2.56457
      vertex 8.4789 6.79103 2.56457
    endloop
  endfacet
  facet normal -0.976245 -0.0961499 -0.194166
    outer loop
      vertex 8.56384 7.07107 3.14703
      vertex 8.50648 7.07107 3.43543
      vertex 8.4789 7.3511 3.43543
    endloop
  endfacet
  facet normal -0.161796 0.533405 -0.830241
    outer loop
      vertex 7.43523 6.19191 4.15952
      vertex 7.25671 6.13776 4.15952
      vertex 7.20901 6.37756 4.32288
    endloop
  endfacet
  facet normal 0.35361 0.430882 -0.830242
    outer loop
      vertex 6.67823 6.48314 4.32288
      vertex 6.54239 6.27985 4.15952
      vertex 6.39819 6.39819 4.15952
    endloop
  endfacet
  facet normal 0.353618 0.430864 -0.830247
    outer loop
      vertex 6.57108 6.57108 4.32288
      vertex 6.67823 6.48314 4.32288
      vertex 6.39819 6.39819 4.15952
    endloop
  endfacet
  facet normal 0.0191735 -0.195066 -0.980603
    outer loop
      vertex 7.07107 7.50649 4.43541
      vertex 7.07107 7.21809 4.49278
      vertex 7.04238 7.21527 4.49278
    endloop
  endfacet
  facet normal -0.462431 0.865127 0.194198
    outer loop
      vertex 7.64233 5.69192 2.85297
      vertex 7.90041 5.82987 2.85297
      vertex 7.62037 5.74492 2.56457
    endloop
  endfacet
  facet normal -0.268372 0.884727 0.381096
    outer loop
      vertex 7.62037 5.74492 2.56457
      vertex 7.57731 5.84888 2.2929
      vertex 7.3511 5.66324 2.56457
    endloop
  endfacet
  facet normal -0.392534 0.734367 0.553735
    outer loop
      vertex 7.80602 5.97113 2.2929
      vertex 7.71526 6.10697 2.04841
      vertex 7.57731 5.84888 2.2929
    endloop
  endfacet
  facet normal -0.0961499 -0.976245 -0.194166
    outer loop
      vertex 7.07107 8.56384 3.14703
      vertex 7.3511 8.4789 3.43543
      vertex 7.07107 8.50648 3.43543
    endloop
  endfacet
  facet normal 0.705407 -0.0694616 -0.70539
    outer loop
      vertex 6.13776 7.25671 4.15952
      vertex 6.11948 7.07107 4.15952
      vertex 5.93383 7.29728 3.95159
    endloop
  endfacet
  facet normal 0.815363 -0.435822 -0.381107
    outer loop
      vertex 5.87757 7.86854 3.43543
      vertex 5.84888 7.57731 3.70709
      vertex 5.74492 7.62037 3.43543
    endloop
  endfacet
  facet normal 0.956937 0.290297 0
    outer loop
      vertex 5.69192 6.49981 3.14703
      vertex 5.60697 6.77984 2.85297
      vertex 5.60697 6.77984 3.14703
    endloop
  endfacet
  facet normal 0.956937 0.290297 0
    outer loop
      vertex 5.60697 6.77984 2.85297
      vertex 5.69192 6.49981 3.14703
      vertex 5.69192 6.49981 2.85297
    endloop
  endfacet
  facet normal 0.43581 -0.815369 -0.381108
    outer loop
      vertex 6.52176 8.39721 3.43543
      vertex 6.56482 8.29325 3.70709
      vertex 6.2736 8.26457 3.43543
    endloop
  endfacet
  facet normal 0.26277 -0.491597 -0.830232
    outer loop
      vertex 6.70691 7.95022 4.15952
      vertex 6.80047 7.72434 4.32288
      vertex 6.67823 7.659 4.32288
    endloop
  endfacet
  facet normal 0.392537 -0.734373 0.553726
    outer loop
      vertex 6.42688 8.03517 2.04841
      vertex 6.56482 8.29325 2.2929
      vertex 6.33611 8.171 2.2929
    endloop
  endfacet
  facet normal 0.920073 -0.0906175 -0.381123
    outer loop
      vertex 5.66324 7.3511 3.43543
      vertex 5.74819 7.07107 3.70709
      vertex 5.63566 7.07107 3.43543
    endloop
  endfacet
  facet normal -0.714679 0.586508 0.381107
    outer loop
      vertex 8.08606 6.05608 2.56457
      vertex 8.26457 6.2736 2.56457
      vertex 8.00649 6.13565 2.2929
    endloop
  endfacet
  facet normal 0.195064 0.0192194 0.980602
    outer loop
      vertex 6.64401 6.98612 1.56459
      vertex 6.92687 7.04238 1.50722
      vertex 6.63564 7.07107 1.56459
    endloop
  endfacet
  facet normal 0.714676 -0.586514 0.381102
    outer loop
      vertex 5.97113 7.80602 2.2929
      vertex 6.13565 8.00649 2.2929
      vertex 5.87757 7.86854 2.56457
    endloop
  endfacet
  facet normal 0.462393 -0.865151 0.194183
    outer loop
      vertex 6.52176 8.39721 2.56457
      vertex 6.49981 8.45021 2.85297
      vertex 6.24172 8.31227 2.85297
    endloop
  endfacet
  facet normal 0.297041 -0.243787 0.92322
    outer loop
      vertex 6.76317 7.37896 1.56459
      vertex 6.57108 7.57106 1.67712
      vertex 6.48314 7.46391 1.67712
    endloop
  endfacet
  facet normal 0.268402 -0.884718 0.381097
    outer loop
      vertex 6.56482 8.29325 2.2929
      vertex 6.79103 8.4789 2.56457
      vertex 6.52176 8.39721 2.56457
    endloop
  endfacet
  facet normal 0.290297 -0.956937 0
    outer loop
      vertex 6.49981 8.45021 2.85297
      vertex 6.77984 8.53516 3.14703
      vertex 6.49981 8.45021 3.14703
    endloop
  endfacet
  facet normal 0.290297 -0.956937 0
    outer loop
      vertex 6.77984 8.53516 3.14703
      vertex 6.49981 8.45021 2.85297
      vertex 6.77984 8.53516 2.85297
    endloop
  endfacet
  facet normal 0.0546073 -0.554719 -0.830244
    outer loop
      vertex 7.07107 8.02266 4.15952
      vertex 7.07107 7.77816 4.32288
      vertex 6.93312 7.76458 4.32288
    endloop
  endfacet
  facet normal 0.491585 0.262764 -0.830241
    outer loop
      vertex 6.48314 6.67823 4.32288
      vertex 6.27985 6.54239 4.15952
      vertex 6.19191 6.70691 4.15952
    endloop
  endfacet
  facet normal 0.533399 0.161809 -0.830243
    outer loop
      vertex 6.37756 6.93312 4.32288
      vertex 6.4178 6.80047 4.32288
      vertex 6.19191 6.70691 4.15952
    endloop
  endfacet
  facet normal 0.338897 -0.181133 0.923223
    outer loop
      vertex 6.66879 7.2377 1.56459
      vertex 6.48314 7.46391 1.67712
      vertex 6.4178 7.34166 1.67712
    endloop
  endfacet
  facet normal -0.081591 0.82869 0.553729
    outer loop
      vertex 7.32915 5.7736 2.2929
      vertex 7.29728 5.93383 2.04841
      vertex 7.07107 5.74819 2.2929
    endloop
  endfacet
  facet normal -0.151535 -0.12433 0.980601
    outer loop
      vertex 7.19331 7.15275 1.50722
      vertex 7.37896 7.37896 1.56459
      vertex 7.17503 7.17503 1.50722
    endloop
  endfacet
  facet normal -0.634382 0.77302 0
    outer loop
      vertex 8.12662 6.01551 2.85297
      vertex 7.90041 5.82987 3.14703
      vertex 8.12662 6.01551 3.14703
    endloop
  endfacet
  facet normal -0.634382 0.77302 0
    outer loop
      vertex 7.90041 5.82987 3.14703
      vertex 8.12662 6.01551 2.85297
      vertex 7.90041 5.82987 2.85297
    endloop
  endfacet
  facet normal -0.0980081 0.995186 0
    outer loop
      vertex 7.36229 5.60697 2.85297
      vertex 7.07107 5.57829 3.14703
      vertex 7.36229 5.60697 3.14703
    endloop
  endfacet
  facet normal -0.0980081 0.995186 0
    outer loop
      vertex 7.07107 5.57829 3.14703
      vertex 7.36229 5.60697 2.85297
      vertex 7.07107 5.57829 2.85297
    endloop
  endfacet
  facet normal -0.938717 0.284784 0.194185
    outer loop
      vertex 8.45021 6.49981 2.85297
      vertex 8.4789 6.79103 2.56457
      vertex 8.39721 6.52176 2.56457
    endloop
  endfacet
  facet normal 0.241717 0.796852 -0.553714
    outer loop
      vertex 6.84486 5.93383 3.95159
      vertex 6.81299 5.7736 3.70709
      vertex 6.56482 5.84888 3.70709
    endloop
  endfacet
  facet normal -0.773003 0.634402 0
    outer loop
      vertex 8.12662 6.01551 2.85297
      vertex 8.31227 6.24172 3.14703
      vertex 8.31227 6.24172 2.85297
    endloop
  endfacet
  facet normal -0.773003 0.634402 0
    outer loop
      vertex 8.31227 6.24172 3.14703
      vertex 8.12662 6.01551 2.85297
      vertex 8.12662 6.01551 3.14703
    endloop
  endfacet
  facet normal -0.334158 0.625112 -0.705388
    outer loop
      vertex 7.59974 6.27985 4.15952
      vertex 7.71526 6.10697 3.95159
      vertex 7.43523 6.19191 4.15952
    endloop
  endfacet
  facet normal 0.268372 0.884723 -0.381107
    outer loop
      vertex 6.81299 5.7736 3.70709
      vertex 6.79103 5.66324 3.43543
      vertex 6.56482 5.84888 3.70709
    endloop
  endfacet
  facet normal 0.28477 0.938718 -0.194203
    outer loop
      vertex 6.79103 5.66324 3.43543
      vertex 6.77984 5.60697 3.14703
      vertex 6.49981 5.69192 3.14703
    endloop
  endfacet
  facet normal 0.12433 -0.151535 -0.980601
    outer loop
      vertex 6.98938 7.19331 4.49278
      vertex 6.9671 7.17503 4.49278
      vertex 6.76317 7.37896 4.43541
    endloop
  endfacet
  facet normal 0.0546489 0.554733 -0.830232
    outer loop
      vertex 7.07107 6.36397 4.32288
      vertex 7.07107 6.11948 4.15952
      vertex 6.93312 6.37756 4.32288
    endloop
  endfacet
  facet normal -0.0816227 -0.828686 0.553731
    outer loop
      vertex 7.29728 8.2083 2.04841
      vertex 7.32915 8.36853 2.2929
      vertex 7.07107 8.39395 2.2929
    endloop
  endfacet
  facet normal 0.12433 -0.151535 0.980601
    outer loop
      vertex 6.9671 7.17503 1.50722
      vertex 6.98938 7.19331 1.50722
      vertex 6.76317 7.37896 1.56459
    endloop
  endfacet
  facet normal -0.865147 -0.462397 0.194189
    outer loop
      vertex 8.39721 7.62037 2.56457
      vertex 8.31227 7.90041 2.85297
      vertex 8.26457 7.86854 2.56457
    endloop
  endfacet
  facet normal -0.449661 -0.547919 0.705401
    outer loop
      vertex 7.74394 7.74394 1.84048
      vertex 7.89097 7.89097 2.04841
      vertex 7.71526 8.03517 2.04841
    endloop
  endfacet
  facet normal -0.920073 0.0906143 -0.381123
    outer loop
      vertex 8.50648 7.07107 3.43543
      vertex 8.4789 6.79103 3.43543
      vertex 8.39395 7.07107 3.70709
    endloop
  endfacet
  facet normal -0.796855 -0.24172 -0.553708
    outer loop
      vertex 8.29325 7.57731 3.70709
      vertex 8.2083 7.29728 3.95159
      vertex 8.14232 7.51479 3.95159
    endloop
  endfacet
  facet normal -0.491599 0.262742 -0.830239
    outer loop
      vertex 7.95022 6.70691 4.15952
      vertex 7.86229 6.54239 4.15952
      vertex 7.659 6.67823 4.32288
    endloop
  endfacet
  facet normal -0.243783 0.297042 -0.92322
    outer loop
      vertex 7.37896 6.76317 4.43541
      vertex 7.46391 6.48314 4.32288
      vertex 7.31298 6.70902 4.43541
    endloop
  endfacet
  facet normal -0.430881 -0.353632 -0.830232
    outer loop
      vertex 7.74394 7.74394 4.15952
      vertex 7.659 7.46391 4.32288
      vertex 7.57106 7.57106 4.32288
    endloop
  endfacet
  facet normal -0.262749 -0.491598 -0.830238
    outer loop
      vertex 7.43523 7.95022 4.15952
      vertex 7.46391 7.659 4.32288
      vertex 7.34166 7.72434 4.32288
    endloop
  endfacet
  facet normal -0.435798 -0.815381 0.381096
    outer loop
      vertex 7.86854 8.26457 2.56457
      vertex 7.62037 8.39721 2.56457
      vertex 7.57731 8.29325 2.2929
    endloop
  endfacet
  facet normal -0.0546546 -0.554733 -0.830231
    outer loop
      vertex 7.25671 8.00437 4.15952
      vertex 7.20901 7.76458 4.32288
      vertex 7.07107 8.02266 4.15952
    endloop
  endfacet
  facet normal 0.643692 -0.528259 -0.553717
    outer loop
      vertex 6.13565 8.00649 3.70709
      vertex 6.10697 7.71526 3.95159
      vertex 5.97113 7.80602 3.70709
    endloop
  endfacet
  facet normal 0.73437 0.392535 -0.553731
    outer loop
      vertex 6.10697 6.42688 3.95159
      vertex 5.97113 6.33611 3.70709
      vertex 5.84888 6.56482 3.70709
    endloop
  endfacet
  facet normal 0.622303 0.758302 -0.194209
    outer loop
      vertex 6.2736 5.87757 3.43543
      vertex 6.24172 5.82987 3.14703
      vertex 6.01551 6.01551 3.14703
    endloop
  endfacet
  facet normal 0.865137 0.462419 -0.194183
    outer loop
      vertex 5.74492 6.52176 3.43543
      vertex 5.82987 6.24172 3.14703
      vertex 5.69192 6.49981 3.14703
    endloop
  endfacet
  facet normal 0.449674 0.547938 -0.705378
    outer loop
      vertex 6.54239 6.27985 4.15952
      vertex 6.42688 6.10697 3.95159
      vertex 6.39819 6.39819 4.15952
    endloop
  endfacet
  facet normal 0.643692 -0.528259 -0.553717
    outer loop
      vertex 6.13565 8.00649 3.70709
      vertex 6.25117 7.89097 3.95159
      vertex 6.10697 7.71526 3.95159
    endloop
  endfacet
  facet normal 0.334118 -0.625146 0.705378
    outer loop
      vertex 6.54239 7.86229 1.84048
      vertex 6.70691 7.95022 1.84048
      vertex 6.42688 8.03517 2.04841
    endloop
  endfacet
  facet normal -0.338897 -0.181133 0.923223
    outer loop
      vertex 7.72434 7.34166 1.67712
      vertex 7.659 7.46391 1.67712
      vertex 7.47335 7.2377 1.56459
    endloop
  endfacet
  facet normal 0.920073 0.0906143 -0.381123
    outer loop
      vertex 5.74819 7.07107 3.70709
      vertex 5.66324 6.79103 3.43543
      vertex 5.63566 7.07107 3.43543
    endloop
  endfacet
  facet normal 0.881916 -0.471406 0
    outer loop
      vertex 5.69192 7.64233 3.14703
      vertex 5.82987 7.90041 2.85297
      vertex 5.82987 7.90041 3.14703
    endloop
  endfacet
  facet normal 0.881916 -0.471406 0
    outer loop
      vertex 5.82987 7.90041 2.85297
      vertex 5.69192 7.64233 3.14703
      vertex 5.69192 7.64233 2.85297
    endloop
  endfacet
  facet normal 0.547938 0.449674 -0.705378
    outer loop
      vertex 6.27985 6.54239 4.15952
      vertex 6.39819 6.39819 4.15952
      vertex 6.10697 6.42688 3.95159
    endloop
  endfacet
  facet normal 0.734375 -0.392556 -0.553709
    outer loop
      vertex 6.10697 7.71526 3.95159
      vertex 5.99981 7.51479 3.95159
      vertex 5.84888 7.57731 3.70709
    endloop
  endfacet
  facet normal 0.6783 -0.205757 0.705389
    outer loop
      vertex 6.19191 7.43523 1.84048
      vertex 5.99981 7.51479 2.04841
      vertex 5.93383 7.29728 2.04841
    endloop
  endfacet
  facet normal 0.714679 0.586508 0.381107
    outer loop
      vertex 6.05608 6.05608 2.56457
      vertex 6.13565 6.13565 2.2929
      vertex 5.87757 6.2736 2.56457
    endloop
  endfacet
  facet normal 0.705398 0.0694765 0.705398
    outer loop
      vertex 5.93383 6.84486 2.04841
      vertex 6.11948 7.07107 1.84048
      vertex 5.91155 7.07107 2.04841
    endloop
  endfacet
  facet normal -0.195066 -0.0191802 0.980602
    outer loop
      vertex 7.21809 7.07107 1.50722
      vertex 7.50649 7.07107 1.56459
      vertex 7.21527 7.09975 1.50722
    endloop
  endfacet
  facet normal 0.471365 -0.881938 0
    outer loop
      vertex 6.24172 8.31227 2.85297
      vertex 6.49981 8.45021 3.14703
      vertex 6.24172 8.31227 3.14703
    endloop
  endfacet
  facet normal 0.471365 -0.881938 0
    outer loop
      vertex 6.49981 8.45021 3.14703
      vertex 6.24172 8.31227 2.85297
      vertex 6.49981 8.45021 2.85297
    endloop
  endfacet
  facet normal 0.0816227 -0.828686 0.553731
    outer loop
      vertex 6.84486 8.2083 2.04841
      vertex 7.07107 8.39395 2.2929
      vertex 6.81299 8.36853 2.2929
    endloop
  endfacet
  facet normal 0.435825 -0.815359 0.381112
    outer loop
      vertex 6.33611 8.171 2.2929
      vertex 6.56482 8.29325 2.2929
      vertex 6.2736 8.26457 2.56457
    endloop
  endfacet
  facet normal 0.241714 -0.796842 0.55373
    outer loop
      vertex 6.84486 8.2083 2.04841
      vertex 6.81299 8.36853 2.2929
      vertex 6.56482 8.29325 2.2929
    endloop
  endfacet
  facet normal 0.920078 -0.0906179 0.381111
    outer loop
      vertex 5.74819 7.07107 2.2929
      vertex 5.66324 7.3511 2.56457
      vertex 5.63566 7.07107 2.56457
    endloop
  endfacet
  facet normal 0.95694 -0.290287 0
    outer loop
      vertex 5.60697 7.36229 3.14703
      vertex 5.69192 7.64233 2.85297
      vertex 5.69192 7.64233 3.14703
    endloop
  endfacet
  facet normal 0.95694 -0.290287 0
    outer loop
      vertex 5.69192 7.64233 2.85297
      vertex 5.60697 7.36229 3.14703
      vertex 5.60697 7.36229 2.85297
    endloop
  endfacet
  facet normal 0.111557 -0.367715 0.923223
    outer loop
      vertex 6.98612 7.49813 1.56459
      vertex 6.93312 7.76458 1.67712
      vertex 6.90444 7.47335 1.56459
    endloop
  endfacet
  facet normal 0.0694781 -0.705415 0.705381
    outer loop
      vertex 7.07107 8.02266 1.84048
      vertex 7.07107 8.23058 2.04841
      vertex 6.84486 8.2083 2.04841
    endloop
  endfacet
  facet normal 0.297046 0.243792 -0.923217
    outer loop
      vertex 6.76317 6.76317 4.43541
      vertex 6.57108 6.57108 4.32288
      vertex 6.48314 6.67823 4.32288
    endloop
  endfacet
  facet normal 0.0924121 0.172856 -0.980602
    outer loop
      vertex 6.98938 6.94882 4.49278
      vertex 7.0148 6.93523 4.49278
      vertex 6.82916 6.70902 4.43541
    endloop
  endfacet
  facet normal 0.382414 0.0376731 -0.923223
    outer loop
      vertex 6.63564 7.07107 4.43541
      vertex 6.37756 6.93312 4.32288
      vertex 6.36397 7.07107 4.32288
    endloop
  endfacet
  facet normal -0.187565 0.0569224 -0.980601
    outer loop
      vertex 7.21527 7.04238 4.49278
      vertex 7.49813 6.98612 4.43541
      vertex 7.2069 7.0148 4.49278
    endloop
  endfacet
  facet normal -0.920078 0.0906147 0.381111
    outer loop
      vertex 8.4789 6.79103 2.56457
      vertex 8.50648 7.07107 2.56457
      vertex 8.39395 7.07107 2.2929
    endloop
  endfacet
  facet normal 0.0816208 0.8287 0.55371
    outer loop
      vertex 7.07107 5.74819 2.2929
      vertex 7.07107 5.91155 2.04841
      vertex 6.84486 5.93383 2.04841
    endloop
  endfacet
  facet normal -0.734372 0.392537 0.553725
    outer loop
      vertex 8.29325 6.56482 2.2929
      vertex 8.14232 6.62734 2.04841
      vertex 8.03517 6.42688 2.04841
    endloop
  endfacet
  facet normal 0.0906147 0.920078 0.381111
    outer loop
      vertex 7.07107 5.63566 2.56457
      vertex 7.07107 5.74819 2.2929
      vertex 6.79103 5.66324 2.56457
    endloop
  endfacet
  facet normal -0.0961421 0.976238 0.194205
    outer loop
      vertex 7.36229 5.60697 2.85297
      vertex 7.3511 5.66324 2.56457
      vertex 7.07107 5.57829 2.85297
    endloop
  endfacet
  facet normal 0.284752 0.938727 0.194185
    outer loop
      vertex 6.79103 5.66324 2.56457
      vertex 6.52176 5.74492 2.56457
      vertex 6.49981 5.69192 2.85297
    endloop
  endfacet
  facet normal 0.0961458 0.976239 0.194198
    outer loop
      vertex 7.07107 5.57829 2.85297
      vertex 7.07107 5.63566 2.56457
      vertex 6.79103 5.66324 2.56457
    endloop
  endfacet
  facet normal 0.195064 0.0192194 -0.980602
    outer loop
      vertex 6.92687 7.04238 4.49278
      vertex 6.64401 6.98612 4.43541
      vertex 6.63564 7.07107 4.43541
    endloop
  endfacet
  facet normal 0.0191969 -0.195069 -0.980602
    outer loop
      vertex 7.07107 7.50649 4.43541
      vertex 7.04238 7.21527 4.49278
      vertex 6.98612 7.49813 4.43541
    endloop
  endfacet
  facet normal 0.392571 0.734367 -0.553708
    outer loop
      vertex 6.62734 5.99981 3.95159
      vertex 6.56482 5.84888 3.70709
      vertex 6.42688 6.10697 3.95159
    endloop
  endfacet
  facet normal 0.0906143 0.920073 -0.381123
    outer loop
      vertex 7.07107 5.74819 3.70709
      vertex 7.07107 5.63566 3.43543
      vertex 6.79103 5.66324 3.43543
    endloop
  endfacet
  facet normal -0.435822 0.815363 -0.381107
    outer loop
      vertex 7.86854 5.87757 3.43543
      vertex 7.62037 5.74492 3.43543
      vertex 7.57731 5.84888 3.70709
    endloop
  endfacet
  facet normal -0.705415 -0.0694781 -0.705381
    outer loop
      vertex 8.2083 7.29728 3.95159
      vertex 8.23058 7.07107 3.95159
      vertex 8.02266 7.07107 4.15952
    endloop
  endfacet
  facet normal -0.290287 0.95694 0
    outer loop
      vertex 7.64233 5.69192 2.85297
      vertex 7.36229 5.60697 3.14703
      vertex 7.64233 5.69192 3.14703
    endloop
  endfacet
  facet normal -0.290287 0.95694 0
    outer loop
      vertex 7.36229 5.60697 3.14703
      vertex 7.64233 5.69192 2.85297
      vertex 7.36229 5.60697 2.85297
    endloop
  endfacet
  facet normal -0.268371 0.884723 -0.381108
    outer loop
      vertex 7.57731 5.84888 3.70709
      vertex 7.62037 5.74492 3.43543
      vertex 7.3511 5.66324 3.43543
    endloop
  endfacet
  facet normal 0.758299 0.622306 -0.194213
    outer loop
      vertex 6.05608 6.05608 3.43543
      vertex 6.01551 6.01551 3.14703
      vertex 5.87757 6.2736 3.43543
    endloop
  endfacet
  facet normal 0.268371 0.884723 -0.381108
    outer loop
      vertex 6.56482 5.84888 3.70709
      vertex 6.79103 5.66324 3.43543
      vertex 6.52176 5.74492 3.43543
    endloop
  endfacet
  facet normal -0.0961492 0.976239 -0.194198
    outer loop
      vertex 7.07107 5.63566 3.43543
      vertex 7.3511 5.66324 3.43543
      vertex 7.07107 5.57829 3.14703
    endloop
  endfacet
  facet normal 0.0694765 0.705398 -0.705398
    outer loop
      vertex 7.07107 6.11948 4.15952
      vertex 7.07107 5.91155 3.95159
      vertex 6.84486 5.93383 3.95159
    endloop
  endfacet
  facet normal 0.528259 0.643692 -0.553717
    outer loop
      vertex 6.25117 6.25117 3.95159
      vertex 6.42688 6.10697 3.95159
      vertex 6.13565 6.13565 3.70709
    endloop
  endfacet
  facet normal 0.528269 0.643672 -0.553731
    outer loop
      vertex 6.42688 6.10697 3.95159
      vertex 6.33611 5.97113 3.70709
      vertex 6.13565 6.13565 3.70709
    endloop
  endfacet
  facet normal 0.205759 -0.6783 0.705388
    outer loop
      vertex 6.88542 8.00437 1.84048
      vertex 6.84486 8.2083 2.04841
      vertex 6.70691 7.95022 1.84048
    endloop
  endfacet
  facet normal -0.0569033 -0.187565 0.980603
    outer loop
      vertex 7.2377 7.47335 1.56459
      vertex 7.15602 7.49813 1.56459
      vertex 7.12733 7.2069 1.50722
    endloop
  endfacet
  facet normal -0.297033 -0.243781 0.923224
    outer loop
      vertex 7.659 7.46391 1.67712
      vertex 7.57106 7.57106 1.67712
      vertex 7.37896 7.37896 1.56459
    endloop
  endfacet
  facet normal -0.586487 -0.714686 0.381125
    outer loop
      vertex 8.00649 8.00649 2.2929
      vertex 7.86854 8.26457 2.56457
      vertex 7.80602 8.171 2.2929
    endloop
  endfacet
  facet normal -0.734379 -0.39254 0.553714
    outer loop
      vertex 8.29325 7.57731 2.2929
      vertex 8.171 7.80602 2.2929
      vertex 8.03517 7.71526 2.04841
    endloop
  endfacet
  facet normal -0.634402 -0.773003 0
    outer loop
      vertex 7.90041 8.31227 2.85297
      vertex 8.12662 8.12662 3.14703
      vertex 7.90041 8.31227 3.14703
    endloop
  endfacet
  facet normal -0.634402 -0.773003 -0
    outer loop
      vertex 8.12662 8.12662 3.14703
      vertex 7.90041 8.31227 2.85297
      vertex 8.12662 8.12662 2.85297
    endloop
  endfacet
  facet normal -0.796845 -0.241717 0.553724
    outer loop
      vertex 8.2083 7.29728 2.04841
      vertex 8.29325 7.57731 2.2929
      vertex 8.14232 7.51479 2.04841
    endloop
  endfacet
  facet normal -0.828696 0.0816237 -0.553715
    outer loop
      vertex 8.39395 7.07107 3.70709
      vertex 8.36853 6.81299 3.70709
      vertex 8.2083 6.84486 3.95159
    endloop
  endfacet
  facet normal -0.714675 -0.586505 -0.381119
    outer loop
      vertex 8.08606 8.08606 3.43543
      vertex 8.26457 7.86854 3.43543
      vertex 8.00649 8.00649 3.70709
    endloop
  endfacet
  facet normal -0.976245 -0.0961428 -0.194173
    outer loop
      vertex 8.53516 7.36229 3.14703
      vertex 8.56384 7.07107 3.14703
      vertex 8.4789 7.3511 3.43543
    endloop
  endfacet
  facet normal -0.758306 -0.622311 -0.194167
    outer loop
      vertex 8.12662 8.12662 3.14703
      vertex 8.26457 7.86854 3.43543
      vertex 8.08606 8.08606 3.43543
    endloop
  endfacet
  facet normal -0.938727 -0.284762 -0.194172
    outer loop
      vertex 8.53516 7.36229 3.14703
      vertex 8.4789 7.3511 3.43543
      vertex 8.45021 7.64233 3.14703
    endloop
  endfacet
  facet normal -0.865141 -0.462405 -0.194199
    outer loop
      vertex 8.45021 7.64233 3.14703
      vertex 8.39721 7.62037 3.43543
      vertex 8.31227 7.90041 3.14703
    endloop
  endfacet
  facet normal -0.714686 -0.586487 0.381125
    outer loop
      vertex 8.171 7.80602 2.2929
      vertex 8.26457 7.86854 2.56457
      vertex 8.00649 8.00649 2.2929
    endloop
  endfacet
  facet normal -0.758303 0.622309 0.194188
    outer loop
      vertex 8.12662 6.01551 2.85297
      vertex 8.26457 6.2736 2.56457
      vertex 8.08606 6.05608 2.56457
    endloop
  endfacet
  facet normal -0.884716 0.26837 0.381123
    outer loop
      vertex 8.4789 6.79103 2.56457
      vertex 8.36853 6.81299 2.2929
      vertex 8.29325 6.56482 2.2929
    endloop
  endfacet
  facet normal -0.0924106 -0.172853 -0.980603
    outer loop
      vertex 7.31298 7.43311 4.43541
      vertex 7.15275 7.19331 4.49278
      vertex 7.12733 7.2069 4.49278
    endloop
  endfacet
  facet normal -0.243777 -0.297035 -0.923224
    outer loop
      vertex 7.46391 7.659 4.32288
      vertex 7.37896 7.37896 4.43541
      vertex 7.31298 7.43311 4.43541
    endloop
  endfacet
  facet normal -0.181133 -0.338897 -0.923223
    outer loop
      vertex 7.34166 7.72434 4.32288
      vertex 7.46391 7.659 4.32288
      vertex 7.2377 7.47335 4.43541
    endloop
  endfacet
  facet normal -0.187565 -0.0569033 -0.980603
    outer loop
      vertex 7.47335 7.2377 4.43541
      vertex 7.49813 7.15602 4.43541
      vertex 7.2069 7.12733 4.49278
    endloop
  endfacet
  facet normal 0.382411 0.0376784 -0.923224
    outer loop
      vertex 6.63564 7.07107 4.43541
      vertex 6.64401 6.98612 4.43541
      vertex 6.37756 6.93312 4.32288
    endloop
  endfacet
  facet normal 0.0546517 -0.554734 -0.830231
    outer loop
      vertex 7.07107 8.02266 4.15952
      vertex 6.93312 7.76458 4.32288
      vertex 6.88542 8.00437 4.15952
    endloop
  endfacet
  facet normal -0.24172 -0.796855 -0.553708
    outer loop
      vertex 7.57731 8.29325 3.70709
      vertex 7.51479 8.14232 3.95159
      vertex 7.29728 8.2083 3.95159
    endloop
  endfacet
  facet normal 0.46241 -0.865137 -0.194205
    outer loop
      vertex 6.52176 8.39721 3.43543
      vertex 6.2736 8.26457 3.43543
      vertex 6.24172 8.31227 3.14703
    endloop
  endfacet
  facet normal 0.643692 0.528259 -0.553717
    outer loop
      vertex 6.25117 6.25117 3.95159
      vertex 6.13565 6.13565 3.70709
      vertex 6.10697 6.42688 3.95159
    endloop
  endfacet
  facet normal 0.622306 0.758299 -0.194213
    outer loop
      vertex 6.05608 6.05608 3.43543
      vertex 6.2736 5.87757 3.43543
      vertex 6.01551 6.01551 3.14703
    endloop
  endfacet
  facet normal 0.43583 0.815368 0.381086
    outer loop
      vertex 6.56482 5.84888 2.2929
      vertex 6.33611 5.97113 2.2929
      vertex 6.2736 5.87757 2.56457
    endloop
  endfacet
  facet normal 0.678298 0.205747 0.705393
    outer loop
      vertex 5.99981 6.62734 2.04841
      vertex 6.19191 6.70691 1.84048
      vertex 5.93383 6.84486 2.04841
    endloop
  endfacet
  facet normal 0.6783 -0.205757 -0.705389
    outer loop
      vertex 5.99981 7.51479 3.95159
      vertex 6.19191 7.43523 4.15952
      vertex 5.93383 7.29728 3.95159
    endloop
  endfacet
  facet normal 0.0694781 -0.705415 -0.705381
    outer loop
      vertex 7.07107 8.23058 3.95159
      vertex 7.07107 8.02266 4.15952
      vertex 6.84486 8.2083 3.95159
    endloop
  endfacet
  facet normal 0.920085 0.0905895 -0.381101
    outer loop
      vertex 5.74819 7.07107 3.70709
      vertex 5.7736 6.81299 3.70709
      vertex 5.66324 6.79103 3.43543
    endloop
  endfacet
  facet normal 0.8287 -0.0816208 0.55371
    outer loop
      vertex 5.91155 7.07107 2.04841
      vertex 5.93383 7.29728 2.04841
      vertex 5.74819 7.07107 2.2929
    endloop
  endfacet
  facet normal 0.8287 0.0816208 0.55371
    outer loop
      vertex 5.93383 6.84486 2.04841
      vertex 5.91155 7.07107 2.04841
      vertex 5.74819 7.07107 2.2929
    endloop
  endfacet
  facet normal 0.734367 -0.392534 0.553735
    outer loop
      vertex 6.10697 7.71526 2.04841
      vertex 5.97113 7.80602 2.2929
      vertex 5.84888 7.57731 2.2929
    endloop
  endfacet
  facet normal 0.938725 -0.284752 0.194194
    outer loop
      vertex 5.74492 7.62037 2.56457
      vertex 5.69192 7.64233 2.85297
      vertex 5.66324 7.3511 2.56457
    endloop
  endfacet
  facet normal 0.884723 -0.268383 -0.381098
    outer loop
      vertex 5.84888 7.57731 3.70709
      vertex 5.7736 7.32915 3.70709
      vertex 5.66324 7.3511 3.43543
    endloop
  endfacet
  facet normal 0.884727 -0.268372 0.381096
    outer loop
      vertex 5.84888 7.57731 2.2929
      vertex 5.74492 7.62037 2.56457
      vertex 5.66324 7.3511 2.56457
    endloop
  endfacet
  facet normal 0.865127 -0.462431 -0.194198
    outer loop
      vertex 5.82987 7.90041 3.14703
      vertex 5.74492 7.62037 3.43543
      vertex 5.69192 7.64233 3.14703
    endloop
  endfacet
  facet normal 0.976238 -0.0961421 0.194205
    outer loop
      vertex 5.66324 7.3511 2.56457
      vertex 5.60697 7.36229 2.85297
      vertex 5.57829 7.07107 2.85297
    endloop
  endfacet
  facet normal 0.865122 0.462437 -0.194205
    outer loop
      vertex 5.87757 6.2736 3.43543
      vertex 5.82987 6.24172 3.14703
      vertex 5.74492 6.52176 3.43543
    endloop
  endfacet
  facet normal 0.881924 0.471391 0
    outer loop
      vertex 5.82987 6.24172 3.14703
      vertex 5.69192 6.49981 2.85297
      vertex 5.69192 6.49981 3.14703
    endloop
  endfacet
  facet normal 0.881924 0.471391 0
    outer loop
      vertex 5.69192 6.49981 2.85297
      vertex 5.82987 6.24172 3.14703
      vertex 5.82987 6.24172 2.85297
    endloop
  endfacet
  facet normal 0.734367 0.392571 -0.553708
    outer loop
      vertex 5.99981 6.62734 3.95159
      vertex 6.10697 6.42688 3.95159
      vertex 5.84888 6.56482 3.70709
    endloop
  endfacet
  facet normal 0.995186 0.0980048 0
    outer loop
      vertex 5.60697 6.77984 3.14703
      vertex 5.57829 7.07107 2.85297
      vertex 5.57829 7.07107 3.14703
    endloop
  endfacet
  facet normal 0.995186 0.0980048 0
    outer loop
      vertex 5.57829 7.07107 2.85297
      vertex 5.60697 6.77984 3.14703
      vertex 5.60697 6.77984 2.85297
    endloop
  endfacet
  facet normal 0.976239 -0.0961492 -0.194198
    outer loop
      vertex 5.66324 7.3511 3.43543
      vertex 5.63566 7.07107 3.43543
      vertex 5.57829 7.07107 3.14703
    endloop
  endfacet
  facet normal 0.976238 -0.0961421 -0.194205
    outer loop
      vertex 5.60697 7.36229 3.14703
      vertex 5.66324 7.3511 3.43543
      vertex 5.57829 7.07107 3.14703
    endloop
  endfacet
  facet normal -0.0546236 0.554723 0.83024
    outer loop
      vertex 7.25671 6.13776 1.84048
      vertex 7.20901 6.37756 1.67712
      vertex 7.07107 6.11948 1.84048
    endloop
  endfacet
  facet normal 0.367718 -0.111549 0.923223
    outer loop
      vertex 6.66879 7.2377 1.56459
      vertex 6.4178 7.34166 1.67712
      vertex 6.37756 7.20901 1.67712
    endloop
  endfacet
  facet normal 0.554723 0.0546207 0.83024
    outer loop
      vertex 6.13776 6.88542 1.84048
      vertex 6.37756 6.93312 1.67712
      vertex 6.11948 7.07107 1.84048
    endloop
  endfacet
  facet normal 0.0569224 -0.187565 0.980601
    outer loop
      vertex 7.0148 7.2069 1.50722
      vertex 7.04238 7.21527 1.50722
      vertex 6.98612 7.49813 1.56459
    endloop
  endfacet
  facet normal 0.714675 -0.586505 -0.381119
    outer loop
      vertex 6.05608 8.08606 3.43543
      vertex 6.13565 8.00649 3.70709
      vertex 5.87757 7.86854 3.43543
    endloop
  endfacet
  facet normal 0.586506 -0.714674 -0.381118
    outer loop
      vertex 6.2736 8.26457 3.43543
      vertex 6.33611 8.171 3.70709
      vertex 6.13565 8.00649 3.70709
    endloop
  endfacet
  facet normal -0.161801 -0.53342 0.830231
    outer loop
      vertex 7.43523 7.95022 1.84048
      vertex 7.25671 8.00437 1.84048
      vertex 7.20901 7.76458 1.67712
    endloop
  endfacet
  facet normal -0.284784 -0.938715 0.194195
    outer loop
      vertex 7.62037 8.39721 2.56457
      vertex 7.64233 8.45021 2.85297
      vertex 7.3511 8.4789 2.56457
    endloop
  endfacet
  facet normal 0.205747 -0.678298 0.705393
    outer loop
      vertex 6.70691 7.95022 1.84048
      vertex 6.84486 8.2083 2.04841
      vertex 6.62734 8.14232 2.04841
    endloop
  endfacet
  facet normal 0.528251 -0.643688 0.55373
    outer loop
      vertex 6.42688 8.03517 2.04841
      vertex 6.33611 8.171 2.2929
      vertex 6.13565 8.00649 2.2929
    endloop
  endfacet
  facet normal 0.243754 -0.297051 0.923225
    outer loop
      vertex 6.76317 7.37896 1.56459
      vertex 6.82916 7.43311 1.56459
      vertex 6.67823 7.659 1.67712
    endloop
  endfacet
  facet normal 0.0376454 -0.382414 0.923224
    outer loop
      vertex 7.07107 7.50649 1.56459
      vertex 7.07107 7.77816 1.67712
      vertex 6.93312 7.76458 1.67712
    endloop
  endfacet
  facet normal 0.758302 -0.622308 0.194193
    outer loop
      vertex 6.05608 8.08606 2.56457
      vertex 6.01551 8.12662 2.85297
      vertex 5.87757 7.86854 2.56457
    endloop
  endfacet
  facet normal 0.714679 -0.586508 0.381107
    outer loop
      vertex 6.13565 8.00649 2.2929
      vertex 6.05608 8.08606 2.56457
      vertex 5.87757 7.86854 2.56457
    endloop
  endfacet
  facet normal 0.449667 -0.547927 0.70539
    outer loop
      vertex 6.39819 7.74394 1.84048
      vertex 6.42688 8.03517 2.04841
      vertex 6.25117 7.89097 2.04841
    endloop
  endfacet
  facet normal 0.528253 -0.643684 0.553733
    outer loop
      vertex 6.25117 7.89097 2.04841
      vertex 6.42688 8.03517 2.04841
      vertex 6.13565 8.00649 2.2929
    endloop
  endfacet
  facet normal 0.491584 -0.26278 0.830236
    outer loop
      vertex 6.48314 7.46391 1.67712
      vertex 6.27985 7.59974 1.84048
      vertex 6.19191 7.43523 1.84048
    endloop
  endfacet
  facet normal 0.533395 -0.161808 0.830246
    outer loop
      vertex 6.37756 7.20901 1.67712
      vertex 6.4178 7.34166 1.67712
      vertex 6.19191 7.43523 1.84048
    endloop
  endfacet
  facet normal -0.268381 -0.884717 0.381114
    outer loop
      vertex 7.57731 8.29325 2.2929
      vertex 7.3511 8.4789 2.56457
      vertex 7.32915 8.36853 2.2929
    endloop
  endfacet
  facet normal -0.181133 -0.338897 0.923223
    outer loop
      vertex 7.46391 7.659 1.67712
      vertex 7.34166 7.72434 1.67712
      vertex 7.2377 7.47335 1.56459
    endloop
  endfacet
  facet normal 0.243792 0.297046 -0.923217
    outer loop
      vertex 6.76317 6.76317 4.43541
      vertex 6.67823 6.48314 4.32288
      vertex 6.57108 6.57108 4.32288
    endloop
  endfacet
  facet normal 0.24376 0.297058 -0.923221
    outer loop
      vertex 6.76317 6.76317 4.43541
      vertex 6.82916 6.70902 4.43541
      vertex 6.67823 6.48314 4.32288
    endloop
  endfacet
  facet normal 0.70541 0.0694581 -0.705388
    outer loop
      vertex 6.11948 7.07107 4.15952
      vertex 6.13776 6.88542 4.15952
      vertex 5.93383 6.84486 3.95159
    endloop
  endfacet
  facet normal 0.491585 0.262763 -0.830241
    outer loop
      vertex 6.4178 6.80047 4.32288
      vertex 6.48314 6.67823 4.32288
      vertex 6.19191 6.70691 4.15952
    endloop
  endfacet
  facet normal -0.828685 0.0816193 0.553733
    outer loop
      vertex 8.39395 7.07107 2.2929
      vertex 8.23058 7.07107 2.04841
      vertex 8.2083 6.84486 2.04841
    endloop
  endfacet
  facet normal -0.338883 0.181146 0.923225
    outer loop
      vertex 7.659 6.67823 1.67712
      vertex 7.47335 6.90444 1.56459
      vertex 7.43311 6.82916 1.56459
    endloop
  endfacet
  facet normal -0.533418 0.161809 0.830231
    outer loop
      vertex 7.95022 6.70691 1.84048
      vertex 8.00437 6.88542 1.84048
      vertex 7.76458 6.93312 1.67712
    endloop
  endfacet
  facet normal -0.586514 0.714676 0.381102
    outer loop
      vertex 7.86854 5.87757 2.56457
      vertex 8.00649 6.13565 2.2929
      vertex 7.80602 5.97113 2.2929
    endloop
  endfacet
  facet normal 0.796842 0.241714 0.55373
    outer loop
      vertex 5.84888 6.56482 2.2929
      vertex 5.93383 6.84486 2.04841
      vertex 5.7736 6.81299 2.2929
    endloop
  endfacet
  facet normal 0.884727 0.268374 0.381095
    outer loop
      vertex 5.84888 6.56482 2.2929
      vertex 5.7736 6.81299 2.2929
      vertex 5.66324 6.79103 2.56457
    endloop
  endfacet
  facet normal 0.547938 0.449674 0.705378
    outer loop
      vertex 6.39819 6.39819 1.84048
      vertex 6.27985 6.54239 1.84048
      vertex 6.10697 6.42688 2.04841
    endloop
  endfacet
  facet normal 0.28477 0.938718 0.194203
    outer loop
      vertex 6.77984 5.60697 2.85297
      vertex 6.79103 5.66324 2.56457
      vertex 6.49981 5.69192 2.85297
    endloop
  endfacet
  facet normal 0.462419 0.865137 0.194183
    outer loop
      vertex 6.49981 5.69192 2.85297
      vertex 6.52176 5.74492 2.56457
      vertex 6.24172 5.82987 2.85297
    endloop
  endfacet
  facet normal -0.0906179 0.920078 0.381111
    outer loop
      vertex 7.3511 5.66324 2.56457
      vertex 7.07107 5.74819 2.2929
      vertex 7.07107 5.63566 2.56457
    endloop
  endfacet
  facet normal -0.0961492 0.976239 0.194198
    outer loop
      vertex 7.3511 5.66324 2.56457
      vertex 7.07107 5.63566 2.56457
      vertex 7.07107 5.57829 2.85297
    endloop
  endfacet
  facet normal -0.382414 -0.0376481 -0.923224
    outer loop
      vertex 7.76458 7.20901 4.32288
      vertex 7.77816 7.07107 4.32288
      vertex 7.50649 7.07107 4.43541
    endloop
  endfacet
  facet normal -0.382414 0.0376454 -0.923224
    outer loop
      vertex 7.77816 7.07107 4.32288
      vertex 7.76458 6.93312 4.32288
      vertex 7.50649 7.07107 4.43541
    endloop
  endfacet
  facet normal 0.353626 -0.430874 -0.830239
    outer loop
      vertex 6.67823 7.659 4.32288
      vertex 6.57108 7.57106 4.32288
      vertex 6.39819 7.74394 4.15952
    endloop
  endfacet
  facet normal -0.124348 0.151514 -0.980603
    outer loop
      vertex 7.37896 6.76317 4.43541
      vertex 7.31298 6.70902 4.43541
      vertex 7.15275 6.94882 4.49278
    endloop
  endfacet
  facet normal 0.187578 0.0568583 -0.980603
    outer loop
      vertex 6.92687 7.04238 4.49278
      vertex 6.93523 7.0148 4.49278
      vertex 6.64401 6.98612 4.43541
    endloop
  endfacet
  facet normal 0.243786 -0.297039 -0.923221
    outer loop
      vertex 6.67823 7.659 4.32288
      vertex 6.76317 7.37896 4.43541
      vertex 6.57108 7.57106 4.32288
    endloop
  endfacet
  facet normal 0.262763 0.491585 -0.830241
    outer loop
      vertex 6.80047 6.4178 4.32288
      vertex 6.70691 6.19191 4.15952
      vertex 6.67823 6.48314 4.32288
    endloop
  endfacet
  facet normal 0.262764 0.491585 -0.830241
    outer loop
      vertex 6.67823 6.48314 4.32288
      vertex 6.70691 6.19191 4.15952
      vertex 6.54239 6.27985 4.15952
    endloop
  endfacet
  facet normal -0.622308 0.758302 -0.194193
    outer loop
      vertex 8.08606 6.05608 3.43543
      vertex 8.12662 6.01551 3.14703
      vertex 7.86854 5.87757 3.43543
    endloop
  endfacet
  facet normal -0.586508 0.714679 0.381107
    outer loop
      vertex 8.08606 6.05608 2.56457
      vertex 8.00649 6.13565 2.2929
      vertex 7.86854 5.87757 2.56457
    endloop
  endfacet
  facet normal 0.0376731 0.382414 -0.923223
    outer loop
      vertex 7.07107 6.63564 4.43541
      vertex 7.07107 6.36397 4.32288
      vertex 6.93312 6.37756 4.32288
    endloop
  endfacet
  facet normal -0.449667 0.547929 -0.705389
    outer loop
      vertex 7.74394 6.39819 4.15952
      vertex 7.71526 6.10697 3.95159
      vertex 7.59974 6.27985 4.15952
    endloop
  endfacet
  facet normal -0.161796 0.533405 0.830241
    outer loop
      vertex 7.25671 6.13776 1.84048
      vertex 7.43523 6.19191 1.84048
      vertex 7.20901 6.37756 1.67712
    endloop
  endfacet
  facet normal -0.471406 0.881916 0
    outer loop
      vertex 7.90041 5.82987 2.85297
      vertex 7.64233 5.69192 3.14703
      vertex 7.90041 5.82987 3.14703
    endloop
  endfacet
  facet normal -0.471406 0.881916 0
    outer loop
      vertex 7.64233 5.69192 3.14703
      vertex 7.90041 5.82987 2.85297
      vertex 7.64233 5.69192 2.85297
    endloop
  endfacet
  facet normal -0.205757 0.6783 -0.705389
    outer loop
      vertex 7.43523 6.19191 4.15952
      vertex 7.51479 5.99981 3.95159
      vertex 7.29728 5.93383 3.95159
    endloop
  endfacet
  facet normal -0.0906175 0.920073 -0.381123
    outer loop
      vertex 7.07107 5.74819 3.70709
      vertex 7.3511 5.66324 3.43543
      vertex 7.07107 5.63566 3.43543
    endloop
  endfacet
  facet normal -0.284752 0.938725 -0.194194
    outer loop
      vertex 7.62037 5.74492 3.43543
      vertex 7.64233 5.69192 3.14703
      vertex 7.3511 5.66324 3.43543
    endloop
  endfacet
  facet normal -0.462431 0.865127 -0.194198
    outer loop
      vertex 7.90041 5.82987 3.14703
      vertex 7.64233 5.69192 3.14703
      vertex 7.62037 5.74492 3.43543
    endloop
  endfacet
  facet normal -0.0546236 0.554723 -0.83024
    outer loop
      vertex 7.20901 6.37756 4.32288
      vertex 7.25671 6.13776 4.15952
      vertex 7.07107 6.11948 4.15952
    endloop
  endfacet
  facet normal 0.205759 0.6783 -0.705388
    outer loop
      vertex 6.88542 6.13776 4.15952
      vertex 6.84486 5.93383 3.95159
      vertex 6.70691 6.19191 4.15952
    endloop
  endfacet
  facet normal 0.547937 0.449676 -0.705377
    outer loop
      vertex 6.39819 6.39819 4.15952
      vertex 6.25117 6.25117 3.95159
      vertex 6.10697 6.42688 3.95159
    endloop
  endfacet
  facet normal 0.392535 0.73437 -0.553731
    outer loop
      vertex 6.42688 6.10697 3.95159
      vertex 6.56482 5.84888 3.70709
      vertex 6.33611 5.97113 3.70709
    endloop
  endfacet
  facet normal 0.82871 0.0816218 -0.553694
    outer loop
      vertex 5.91155 7.07107 3.95159
      vertex 5.93383 6.84486 3.95159
      vertex 5.74819 7.07107 3.70709
    endloop
  endfacet
  facet normal 0.884723 0.268372 -0.381107
    outer loop
      vertex 5.7736 6.81299 3.70709
      vertex 5.84888 6.56482 3.70709
      vertex 5.66324 6.79103 3.43543
    endloop
  endfacet
  facet normal 0.586505 0.714675 -0.381119
    outer loop
      vertex 6.13565 6.13565 3.70709
      vertex 6.2736 5.87757 3.43543
      vertex 6.05608 6.05608 3.43543
    endloop
  endfacet
  facet normal 0.449676 0.547937 -0.705377
    outer loop
      vertex 6.39819 6.39819 4.15952
      vertex 6.42688 6.10697 3.95159
      vertex 6.25117 6.25117 3.95159
    endloop
  endfacet
  facet normal 0.35361 0.430882 0.830242
    outer loop
      vertex 6.54239 6.27985 1.84048
      vertex 6.67823 6.48314 1.67712
      vertex 6.39819 6.39819 1.84048
    endloop
  endfacet
  facet normal -0.0924106 -0.172853 0.980603
    outer loop
      vertex 7.15275 7.19331 1.50722
      vertex 7.31298 7.43311 1.56459
      vertex 7.12733 7.2069 1.50722
    endloop
  endfacet
  facet normal 0.161809 -0.533418 0.830231
    outer loop
      vertex 6.93312 7.76458 1.67712
      vertex 6.88542 8.00437 1.84048
      vertex 6.70691 7.95022 1.84048
    endloop
  endfacet
  facet normal -0.44969 -0.547912 0.705387
    outer loop
      vertex 7.74394 7.74394 1.84048
      vertex 7.71526 8.03517 2.04841
      vertex 7.59974 7.86229 1.84048
    endloop
  endfacet
  facet normal -0.262757 -0.491598 0.830235
    outer loop
      vertex 7.46391 7.659 1.67712
      vertex 7.59974 7.86229 1.84048
      vertex 7.43523 7.95022 1.84048
    endloop
  endfacet
  facet normal -0.554734 0.0546517 0.830231
    outer loop
      vertex 8.00437 6.88542 1.84048
      vertex 8.02266 7.07107 1.84048
      vertex 7.76458 6.93312 1.67712
    endloop
  endfacet
  facet normal -0.643684 0.528253 0.553733
    outer loop
      vertex 8.00649 6.13565 2.2929
      vertex 8.03517 6.42688 2.04841
      vertex 7.89097 6.25117 2.04841
    endloop
  endfacet
  facet normal -0.920075 -0.0906242 0.381116
    outer loop
      vertex 8.39395 7.07107 2.2929
      vertex 8.4789 7.3511 2.56457
      vertex 8.36853 7.32915 2.2929
    endloop
  endfacet
  facet normal -0.73438 -0.392522 0.553726
    outer loop
      vertex 8.14232 7.51479 2.04841
      vertex 8.29325 7.57731 2.2929
      vertex 8.03517 7.71526 2.04841
    endloop
  endfacet
  facet normal -0.435823 -0.815354 0.381125
    outer loop
      vertex 7.80602 8.171 2.2929
      vertex 7.86854 8.26457 2.56457
      vertex 7.57731 8.29325 2.2929
    endloop
  endfacet
  facet normal -0.0961428 -0.976245 0.194173
    outer loop
      vertex 7.3511 8.4789 2.56457
      vertex 7.36229 8.53516 2.85297
      vertex 7.07107 8.56384 2.85297
    endloop
  endfacet
  facet normal -0.884717 -0.268381 0.381114
    outer loop
      vertex 8.36853 7.32915 2.2929
      vertex 8.4789 7.3511 2.56457
      vertex 8.29325 7.57731 2.2929
    endloop
  endfacet
  facet normal -0.528253 -0.643684 0.553733
    outer loop
      vertex 7.89097 7.89097 2.04841
      vertex 8.00649 8.00649 2.2929
      vertex 7.71526 8.03517 2.04841
    endloop
  endfacet
  facet normal 0.0961395 -0.976245 0.194172
    outer loop
      vertex 6.79103 8.4789 2.56457
      vertex 7.07107 8.56384 2.85297
      vertex 6.77984 8.53516 2.85297
    endloop
  endfacet
  facet normal -0.462405 -0.865141 -0.194199
    outer loop
      vertex 7.64233 8.45021 3.14703
      vertex 7.90041 8.31227 3.14703
      vertex 7.62037 8.39721 3.43543
    endloop
  endfacet
  facet normal -0.586484 -0.714682 -0.381137
    outer loop
      vertex 7.86854 8.26457 3.43543
      vertex 8.00649 8.00649 3.70709
      vertex 7.80602 8.171 3.70709
    endloop
  endfacet
  facet normal -0.43582 -0.81535 -0.381137
    outer loop
      vertex 7.86854 8.26457 3.43543
      vertex 7.80602 8.171 3.70709
      vertex 7.57731 8.29325 3.70709
    endloop
  endfacet
  facet normal -0.392545 -0.734388 -0.553699
    outer loop
      vertex 7.80602 8.171 3.70709
      vertex 7.71526 8.03517 3.95159
      vertex 7.57731 8.29325 3.70709
    endloop
  endfacet
  facet normal -0.734388 -0.392545 -0.553699
    outer loop
      vertex 8.171 7.80602 3.70709
      vertex 8.29325 7.57731 3.70709
      vertex 8.03517 7.71526 3.95159
    endloop
  endfacet
  facet normal -0.714682 -0.586484 -0.381137
    outer loop
      vertex 8.26457 7.86854 3.43543
      vertex 8.171 7.80602 3.70709
      vertex 8.00649 8.00649 3.70709
    endloop
  endfacet
  facet normal -0.491598 -0.262757 -0.830235
    outer loop
      vertex 7.86229 7.59974 4.15952
      vertex 7.95022 7.43523 4.15952
      vertex 7.659 7.46391 4.32288
    endloop
  endfacet
  facet normal -0.6783 -0.205757 -0.705389
    outer loop
      vertex 8.14232 7.51479 3.95159
      vertex 8.2083 7.29728 3.95159
      vertex 7.95022 7.43523 4.15952
    endloop
  endfacet
  facet normal -0.884713 0.268401 -0.381109
    outer loop
      vertex 8.4789 6.79103 3.43543
      vertex 8.39721 6.52176 3.43543
      vertex 8.29325 6.56482 3.70709
    endloop
  endfacet
  facet normal -0.815369 0.43581 -0.381108
    outer loop
      vertex 8.29325 6.56482 3.70709
      vertex 8.39721 6.52176 3.43543
      vertex 8.26457 6.2736 3.43543
    endloop
  endfacet
  facet normal -0.938715 -0.284784 -0.194195
    outer loop
      vertex 8.45021 7.64233 3.14703
      vertex 8.4789 7.3511 3.43543
      vertex 8.39721 7.62037 3.43543
    endloop
  endfacet
  facet normal -0.734389 -0.392527 -0.55371
    outer loop
      vertex 8.29325 7.57731 3.70709
      vertex 8.14232 7.51479 3.95159
      vertex 8.03517 7.71526 3.95159
    endloop
  endfacet
  facet normal -0.976245 -0.0961428 0.194173
    outer loop
      vertex 8.56384 7.07107 2.85297
      vertex 8.53516 7.36229 2.85297
      vertex 8.4789 7.3511 2.56457
    endloop
  endfacet
  facet normal -0.976245 -0.0961499 0.194166
    outer loop
      vertex 8.50648 7.07107 2.56457
      vertex 8.56384 7.07107 2.85297
      vertex 8.4789 7.3511 2.56457
    endloop
  endfacet
  facet normal -0.95694 -0.290287 0
    outer loop
      vertex 8.53516 7.36229 2.85297
      vertex 8.45021 7.64233 3.14703
      vertex 8.45021 7.64233 2.85297
    endloop
  endfacet
  facet normal -0.95694 -0.290287 0
    outer loop
      vertex 8.45021 7.64233 3.14703
      vertex 8.53516 7.36229 2.85297
      vertex 8.53516 7.36229 3.14703
    endloop
  endfacet
  facet normal -0.938724 0.284772 -0.194172
    outer loop
      vertex 8.4789 6.79103 3.43543
      vertex 8.53516 6.77984 3.14703
      vertex 8.45021 6.49981 3.14703
    endloop
  endfacet
  facet normal -0.938717 0.284784 -0.194185
    outer loop
      vertex 8.4789 6.79103 3.43543
      vertex 8.45021 6.49981 3.14703
      vertex 8.39721 6.52176 3.43543
    endloop
  endfacet
  facet normal -0.111549 -0.367718 -0.923223
    outer loop
      vertex 7.34166 7.72434 4.32288
      vertex 7.2377 7.47335 4.43541
      vertex 7.20901 7.76458 4.32288
    endloop
  endfacet
  facet normal -0.625146 0.334118 -0.705378
    outer loop
      vertex 7.95022 6.70691 4.15952
      vertex 8.03517 6.42688 3.95159
      vertex 7.86229 6.54239 4.15952
    endloop
  endfacet
  facet normal -0.172853 -0.0924106 -0.980603
    outer loop
      vertex 7.43311 7.31298 4.43541
      vertex 7.2069 7.12733 4.49278
      vertex 7.19331 7.15275 4.49278
    endloop
  endfacet
  facet normal 0.284784 -0.938717 -0.194185
    outer loop
      vertex 6.79103 8.4789 3.43543
      vertex 6.52176 8.39721 3.43543
      vertex 6.49981 8.45021 3.14703
    endloop
  endfacet
  facet normal 0.161814 -0.533414 -0.830233
    outer loop
      vertex 6.93312 7.76458 4.32288
      vertex 6.80047 7.72434 4.32288
      vertex 6.70691 7.95022 4.15952
    endloop
  endfacet
  facet normal 0.161809 -0.533418 -0.830231
    outer loop
      vertex 6.88542 8.00437 4.15952
      vertex 6.93312 7.76458 4.32288
      vertex 6.70691 7.95022 4.15952
    endloop
  endfacet
  facet normal -0.0906175 -0.920073 -0.381123
    outer loop
      vertex 7.07107 8.50648 3.43543
      vertex 7.3511 8.4789 3.43543
      vertex 7.07107 8.39395 3.70709
    endloop
  endfacet
  facet normal -0.0816237 -0.828696 -0.553715
    outer loop
      vertex 7.32915 8.36853 3.70709
      vertex 7.29728 8.2083 3.95159
      vertex 7.07107 8.39395 3.70709
    endloop
  endfacet
  facet normal -0.0816203 -0.828695 -0.553717
    outer loop
      vertex 7.07107 8.39395 3.70709
      vertex 7.29728 8.2083 3.95159
      vertex 7.07107 8.23058 3.95159
    endloop
  endfacet
  facet normal -0.0694781 -0.705415 -0.705381
    outer loop
      vertex 7.07107 8.23058 3.95159
      vertex 7.29728 8.2083 3.95159
      vertex 7.07107 8.02266 4.15952
    endloop
  endfacet
  facet normal 0.435836 0.815356 -0.381107
    outer loop
      vertex 6.56482 5.84888 3.70709
      vertex 6.52176 5.74492 3.43543
      vertex 6.2736 5.87757 3.43543
    endloop
  endfacet
  facet normal 0.462437 0.865122 -0.194205
    outer loop
      vertex 6.2736 5.87757 3.43543
      vertex 6.52176 5.74492 3.43543
      vertex 6.24172 5.82987 3.14703
    endloop
  endfacet
  facet normal 0.241707 0.796849 0.553724
    outer loop
      vertex 6.84486 5.93383 2.04841
      vertex 6.62734 5.99981 2.04841
      vertex 6.56482 5.84888 2.2929
    endloop
  endfacet
  facet normal 0.586537 0.714668 0.381083
    outer loop
      vertex 6.2736 5.87757 2.56457
      vertex 6.33611 5.97113 2.2929
      vertex 6.13565 6.13565 2.2929
    endloop
  endfacet
  facet normal 0.625119 -0.334154 -0.705385
    outer loop
      vertex 6.10697 7.71526 3.95159
      vertex 6.19191 7.43523 4.15952
      vertex 5.99981 7.51479 3.95159
    endloop
  endfacet
  facet normal 0.796852 0.241717 -0.553714
    outer loop
      vertex 5.93383 6.84486 3.95159
      vertex 5.84888 6.56482 3.70709
      vertex 5.7736 6.81299 3.70709
    endloop
  endfacet
  facet normal 0.625106 0.334163 -0.705392
    outer loop
      vertex 6.19191 6.70691 4.15952
      vertex 6.10697 6.42688 3.95159
      vertex 5.99981 6.62734 3.95159
    endloop
  endfacet
  facet normal 0.678298 0.205747 -0.705393
    outer loop
      vertex 6.19191 6.70691 4.15952
      vertex 5.99981 6.62734 3.95159
      vertex 5.93383 6.84486 3.95159
    endloop
  endfacet
  facet normal 0.430872 -0.353625 0.83024
    outer loop
      vertex 6.48314 7.46391 1.67712
      vertex 6.57108 7.57106 1.67712
      vertex 6.39819 7.74394 1.84048
    endloop
  endfacet
  facet normal 0.554723 -0.0546236 0.83024
    outer loop
      vertex 6.37756 7.20901 1.67712
      vertex 6.13776 7.25671 1.84048
      vertex 6.11948 7.07107 1.84048
    endloop
  endfacet
  facet normal 0.758305 -0.622306 -0.194189
    outer loop
      vertex 6.01551 8.12662 3.14703
      vertex 5.87757 7.86854 3.43543
      vertex 5.82987 7.90041 3.14703
    endloop
  endfacet
  facet normal 0.938725 -0.284752 -0.194194
    outer loop
      vertex 5.69192 7.64233 3.14703
      vertex 5.74492 7.62037 3.43543
      vertex 5.66324 7.3511 3.43543
    endloop
  endfacet
  facet normal 0.884723 -0.268371 -0.381108
    outer loop
      vertex 5.74492 7.62037 3.43543
      vertex 5.84888 7.57731 3.70709
      vertex 5.66324 7.3511 3.43543
    endloop
  endfacet
  facet normal 0.815364 0.435828 -0.381098
    outer loop
      vertex 5.97113 6.33611 3.70709
      vertex 5.87757 6.2736 3.43543
      vertex 5.84888 6.56482 3.70709
    endloop
  endfacet
  facet normal 0.815356 0.435836 -0.381107
    outer loop
      vertex 5.84888 6.56482 3.70709
      vertex 5.87757 6.2736 3.43543
      vertex 5.74492 6.52176 3.43543
    endloop
  endfacet
  facet normal 0.938721 -0.28476 -0.194203
    outer loop
      vertex 5.69192 7.64233 3.14703
      vertex 5.66324 7.3511 3.43543
      vertex 5.60697 7.36229 3.14703
    endloop
  endfacet
  facet normal 0.995186 -0.0980081 0
    outer loop
      vertex 5.57829 7.07107 3.14703
      vertex 5.60697 7.36229 2.85297
      vertex 5.60697 7.36229 3.14703
    endloop
  endfacet
  facet normal 0.995186 -0.0980081 0
    outer loop
      vertex 5.60697 7.36229 2.85297
      vertex 5.57829 7.07107 3.14703
      vertex 5.57829 7.07107 2.85297
    endloop
  endfacet
  facet normal 0.938721 -0.28476 0.194203
    outer loop
      vertex 5.66324 7.3511 2.56457
      vertex 5.69192 7.64233 2.85297
      vertex 5.60697 7.36229 2.85297
    endloop
  endfacet
  facet normal 0.976239 0.0961389 -0.194205
    outer loop
      vertex 5.66324 6.79103 3.43543
      vertex 5.60697 6.77984 3.14703
      vertex 5.57829 7.07107 3.14703
    endloop
  endfacet
  facet normal 0.976239 0.0961458 -0.194198
    outer loop
      vertex 5.63566 7.07107 3.43543
      vertex 5.66324 6.79103 3.43543
      vertex 5.57829 7.07107 3.14703
    endloop
  endfacet
  facet normal -0.705415 0.0694781 0.705381
    outer loop
      vertex 8.2083 6.84486 2.04841
      vertex 8.23058 7.07107 2.04841
      vertex 8.02266 7.07107 1.84048
    endloop
  endfacet
  facet normal -0.181133 0.338897 0.923223
    outer loop
      vertex 7.34166 6.4178 1.67712
      vertex 7.46391 6.48314 1.67712
      vertex 7.2377 6.66879 1.56459
    endloop
  endfacet
  facet normal -0.161808 0.533395 0.830246
    outer loop
      vertex 7.43523 6.19191 1.84048
      vertex 7.34166 6.4178 1.67712
      vertex 7.20901 6.37756 1.67712
    endloop
  endfacet
  facet normal -0.111549 0.367718 0.923223
    outer loop
      vertex 7.34166 6.4178 1.67712
      vertex 7.2377 6.66879 1.56459
      vertex 7.20901 6.37756 1.67712
    endloop
  endfacet
  facet normal -0.172864 0.0924023 0.980602
    outer loop
      vertex 7.43311 6.82916 1.56459
      vertex 7.47335 6.90444 1.56459
      vertex 7.2069 7.0148 1.50722
    endloop
  endfacet
  facet normal 0.70541 0.0694581 0.705388
    outer loop
      vertex 6.13776 6.88542 1.84048
      vertex 6.11948 7.07107 1.84048
      vertex 5.93383 6.84486 2.04841
    endloop
  endfacet
  facet normal 0.528263 0.643664 0.553747
    outer loop
      vertex 6.33611 5.97113 2.2929
      vertex 6.42688 6.10697 2.04841
      vertex 6.13565 6.13565 2.2929
    endloop
  endfacet
  facet normal 0.367715 0.111548 0.923224
    outer loop
      vertex 6.4178 6.80047 1.67712
      vertex 6.66879 6.90444 1.56459
      vertex 6.37756 6.93312 1.67712
    endloop
  endfacet
  facet normal 0.268401 -0.884713 -0.381109
    outer loop
      vertex 6.79103 8.4789 3.43543
      vertex 6.56482 8.29325 3.70709
      vertex 6.52176 8.39721 3.43543
    endloop
  endfacet
  facet normal 0.586505 -0.714675 -0.381119
    outer loop
      vertex 6.2736 8.26457 3.43543
      vertex 6.13565 8.00649 3.70709
      vertex 6.05608 8.08606 3.43543
    endloop
  endfacet
  facet normal -0.0980081 -0.995186 0
    outer loop
      vertex 7.07107 8.56384 2.85297
      vertex 7.36229 8.53516 3.14703
      vertex 7.07107 8.56384 3.14703
    endloop
  endfacet
  facet normal -0.0980081 -0.995186 -0
    outer loop
      vertex 7.36229 8.53516 3.14703
      vertex 7.07107 8.56384 2.85297
      vertex 7.36229 8.53516 2.85297
    endloop
  endfacet
  facet normal -0.284762 -0.938727 0.194172
    outer loop
      vertex 7.64233 8.45021 2.85297
      vertex 7.36229 8.53516 2.85297
      vertex 7.3511 8.4789 2.56457
    endloop
  endfacet
  facet normal 0.796845 -0.241717 0.553724
    outer loop
      vertex 5.93383 7.29728 2.04841
      vertex 5.99981 7.51479 2.04841
      vertex 5.84888 7.57731 2.2929
    endloop
  endfacet
  facet normal 0.622309 -0.758303 0.194188
    outer loop
      vertex 6.05608 8.08606 2.56457
      vertex 6.2736 8.26457 2.56457
      vertex 6.01551 8.12662 2.85297
    endloop
  endfacet
  facet normal -0.0961428 -0.976245 -0.194173
    outer loop
      vertex 7.36229 8.53516 3.14703
      vertex 7.3511 8.4789 3.43543
      vertex 7.07107 8.56384 3.14703
    endloop
  endfacet
  facet normal 0.284784 -0.938717 0.194185
    outer loop
      vertex 6.52176 8.39721 2.56457
      vertex 6.79103 8.4789 2.56457
      vertex 6.49981 8.45021 2.85297
    endloop
  endfacet
  facet normal 0.435812 -0.815373 0.381096
    outer loop
      vertex 6.56482 8.29325 2.2929
      vertex 6.52176 8.39721 2.56457
      vertex 6.2736 8.26457 2.56457
    endloop
  endfacet
  facet normal 0.284772 -0.938724 0.194172
    outer loop
      vertex 6.79103 8.4789 2.56457
      vertex 6.77984 8.53516 2.85297
      vertex 6.49981 8.45021 2.85297
    endloop
  endfacet
  facet normal 0.586508 -0.714679 0.381107
    outer loop
      vertex 6.13565 8.00649 2.2929
      vertex 6.2736 8.26457 2.56457
      vertex 6.05608 8.08606 2.56457
    endloop
  endfacet
  facet normal 0.586509 -0.714678 0.381106
    outer loop
      vertex 6.33611 8.171 2.2929
      vertex 6.2736 8.26457 2.56457
      vertex 6.13565 8.00649 2.2929
    endloop
  endfacet
  facet normal 0.865132 -0.462424 0.19419
    outer loop
      vertex 5.87757 7.86854 2.56457
      vertex 5.82987 7.90041 2.85297
      vertex 5.74492 7.62037 2.56457
    endloop
  endfacet
  facet normal 0.758305 -0.622306 0.194189
    outer loop
      vertex 5.87757 7.86854 2.56457
      vertex 6.01551 8.12662 2.85297
      vertex 5.82987 7.90041 2.85297
    endloop
  endfacet
  facet normal 0.334138 -0.625117 0.705393
    outer loop
      vertex 6.70691 7.95022 1.84048
      vertex 6.62734 8.14232 2.04841
      vertex 6.42688 8.03517 2.04841
    endloop
  endfacet
  facet normal 0.449697 -0.54792 0.705377
    outer loop
      vertex 6.54239 7.86229 1.84048
      vertex 6.42688 8.03517 2.04841
      vertex 6.39819 7.74394 1.84048
    endloop
  endfacet
  facet normal 0.625119 -0.334154 0.705385
    outer loop
      vertex 6.19191 7.43523 1.84048
      vertex 6.10697 7.71526 2.04841
      vertex 5.99981 7.51479 2.04841
    endloop
  endfacet
  facet normal 0.643684 -0.528253 0.553733
    outer loop
      vertex 6.10697 7.71526 2.04841
      vertex 6.13565 8.00649 2.2929
      vertex 5.97113 7.80602 2.2929
    endloop
  endfacet
  facet normal 0.678298 -0.205746 0.705394
    outer loop
      vertex 6.13776 7.25671 1.84048
      vertex 6.19191 7.43523 1.84048
      vertex 5.93383 7.29728 2.04841
    endloop
  endfacet
  facet normal 0.920091 -0.0905901 0.381086
    outer loop
      vertex 5.74819 7.07107 2.2929
      vertex 5.7736 7.32915 2.2929
      vertex 5.66324 7.3511 2.56457
    endloop
  endfacet
  facet normal 0.643684 -0.528253 0.553733
    outer loop
      vertex 6.25117 7.89097 2.04841
      vertex 6.13565 8.00649 2.2929
      vertex 6.10697 7.71526 2.04841
    endloop
  endfacet
  facet normal 0.547929 -0.449669 0.705388
    outer loop
      vertex 6.39819 7.74394 1.84048
      vertex 6.25117 7.89097 2.04841
      vertex 6.10697 7.71526 2.04841
    endloop
  endfacet
  facet normal 0.172874 -0.0923848 -0.980602
    outer loop
      vertex 6.70902 7.31298 4.43541
      vertex 6.93523 7.12733 4.49278
      vertex 6.66879 7.2377 4.43541
    endloop
  endfacet
  facet normal -0.0569218 -0.187563 -0.980602
    outer loop
      vertex 7.15602 7.49813 4.43541
      vertex 7.12733 7.2069 4.49278
      vertex 7.09975 7.21527 4.49278
    endloop
  endfacet
  facet normal 0.625129 0.334147 -0.705379
    outer loop
      vertex 6.19191 6.70691 4.15952
      vertex 6.27985 6.54239 4.15952
      vertex 6.10697 6.42688 3.95159
    endloop
  endfacet
  facet normal 0.297058 0.24376 -0.923221
    outer loop
      vertex 6.70902 6.82916 4.43541
      vertex 6.76317 6.76317 4.43541
      vertex 6.48314 6.67823 4.32288
    endloop
  endfacet
  facet normal 0.0569224 -0.187565 -0.980601
    outer loop
      vertex 7.04238 7.21527 4.49278
      vertex 7.0148 7.2069 4.49278
      vertex 6.98612 7.49813 4.43541
    endloop
  endfacet
  facet normal -0.172856 0.0924121 -0.980602
    outer loop
      vertex 7.2069 7.0148 4.49278
      vertex 7.43311 6.82916 4.43541
      vertex 7.19331 6.98938 4.49278
    endloop
  endfacet
  facet normal 0.367715 0.111557 -0.923223
    outer loop
      vertex 6.64401 6.98612 4.43541
      vertex 6.66879 6.90444 4.43541
      vertex 6.37756 6.93312 4.32288
    endloop
  endfacet
  facet normal 0.338914 0.181117 -0.923219
    outer loop
      vertex 6.66879 6.90444 4.43541
      vertex 6.70902 6.82916 4.43541
      vertex 6.48314 6.67823 4.32288
    endloop
  endfacet
  facet normal -0.554733 -0.0546546 0.830231
    outer loop
      vertex 8.02266 7.07107 1.84048
      vertex 8.00437 7.25671 1.84048
      vertex 7.76458 7.20901 1.67712
    endloop
  endfacet
  facet normal -0.547912 -0.44969 0.705387
    outer loop
      vertex 7.86229 7.59974 1.84048
      vertex 8.03517 7.71526 2.04841
      vertex 7.74394 7.74394 1.84048
    endloop
  endfacet
  facet normal -0.828685 -0.0816193 0.553733
    outer loop
      vertex 8.23058 7.07107 2.04841
      vertex 8.39395 7.07107 2.2929
      vertex 8.2083 7.29728 2.04841
    endloop
  endfacet
  facet normal -0.705402 -0.069499 0.705392
    outer loop
      vertex 8.02266 7.07107 1.84048
      vertex 8.2083 7.29728 2.04841
      vertex 8.00437 7.25671 1.84048
    endloop
  endfacet
  facet normal -0.435824 0.815367 0.381095
    outer loop
      vertex 7.62037 5.74492 2.56457
      vertex 7.86854 5.87757 2.56457
      vertex 7.57731 5.84888 2.2929
    endloop
  endfacet
  facet normal -0.622308 0.758302 0.194193
    outer loop
      vertex 8.12662 6.01551 2.85297
      vertex 8.08606 6.05608 2.56457
      vertex 7.86854 5.87757 2.56457
    endloop
  endfacet
  facet normal 0.920078 0.0906147 0.381111
    outer loop
      vertex 5.66324 6.79103 2.56457
      vertex 5.74819 7.07107 2.2929
      vertex 5.63566 7.07107 2.56457
    endloop
  endfacet
  facet normal 0.634382 0.77302 -0
    outer loop
      vertex 6.24172 5.82987 2.85297
      vertex 6.01551 6.01551 3.14703
      vertex 6.24172 5.82987 3.14703
    endloop
  endfacet
  facet normal 0.634382 0.77302 0
    outer loop
      vertex 6.01551 6.01551 3.14703
      vertex 6.24172 5.82987 2.85297
      vertex 6.01551 6.01551 2.85297
    endloop
  endfacet
  facet normal -0.0816208 0.8287 0.55371
    outer loop
      vertex 7.29728 5.93383 2.04841
      vertex 7.07107 5.91155 2.04841
      vertex 7.07107 5.74819 2.2929
    endloop
  endfacet
  facet normal 0.268374 0.884727 0.381095
    outer loop
      vertex 6.79103 5.66324 2.56457
      vertex 6.81299 5.7736 2.2929
      vertex 6.56482 5.84888 2.2929
    endloop
  endfacet
  facet normal 0.241714 0.796842 0.55373
    outer loop
      vertex 6.81299 5.7736 2.2929
      vertex 6.84486 5.93383 2.04841
      vertex 6.56482 5.84888 2.2929
    endloop
  endfacet
  facet normal 0.0961389 0.976239 0.194205
    outer loop
      vertex 7.07107 5.57829 2.85297
      vertex 6.79103 5.66324 2.56457
      vertex 6.77984 5.60697 2.85297
    endloop
  endfacet
  facet normal 0.290297 0.956937 -0
    outer loop
      vertex 6.77984 5.60697 2.85297
      vertex 6.49981 5.69192 3.14703
      vertex 6.77984 5.60697 3.14703
    endloop
  endfacet
  facet normal 0.290297 0.956937 0
    outer loop
      vertex 6.49981 5.69192 3.14703
      vertex 6.77984 5.60697 2.85297
      vertex 6.49981 5.69192 2.85297
    endloop
  endfacet
  facet normal -0.26278 0.491584 -0.830236
    outer loop
      vertex 7.46391 6.48314 4.32288
      vertex 7.59974 6.27985 4.15952
      vertex 7.43523 6.19191 4.15952
    endloop
  endfacet
  facet normal 0.111548 0.367715 -0.923224
    outer loop
      vertex 6.90444 6.66879 4.43541
      vertex 6.93312 6.37756 4.32288
      vertex 6.80047 6.4178 4.32288
    endloop
  endfacet
  facet normal 0.243754 -0.297051 -0.923225
    outer loop
      vertex 6.82916 7.43311 4.43541
      vertex 6.76317 7.37896 4.43541
      vertex 6.67823 7.659 4.32288
    endloop
  endfacet
  facet normal -0.241726 0.79685 -0.553714
    outer loop
      vertex 7.57731 5.84888 3.70709
      vertex 7.32915 5.7736 3.70709
      vertex 7.29728 5.93383 3.95159
    endloop
  endfacet
  facet normal 0.151535 -0.12433 -0.980601
    outer loop
      vertex 6.9671 7.17503 4.49278
      vertex 6.94882 7.15275 4.49278
      vertex 6.76317 7.37896 4.43541
    endloop
  endfacet
  facet normal -0.338883 -0.181146 -0.923225
    outer loop
      vertex 7.659 7.46391 4.32288
      vertex 7.47335 7.2377 4.43541
      vertex 7.43311 7.31298 4.43541
    endloop
  endfacet
  facet normal -0.533414 0.161814 -0.830233
    outer loop
      vertex 7.76458 6.93312 4.32288
      vertex 7.95022 6.70691 4.15952
      vertex 7.72434 6.80047 4.32288
    endloop
  endfacet
  facet normal 0.151525 0.124338 -0.980602
    outer loop
      vertex 6.94882 6.98938 4.49278
      vertex 6.76317 6.76317 4.43541
      vertex 6.70902 6.82916 4.43541
    endloop
  endfacet
  facet normal -0.554719 0.0546073 -0.830244
    outer loop
      vertex 7.77816 7.07107 4.32288
      vertex 8.02266 7.07107 4.15952
      vertex 7.76458 6.93312 4.32288
    endloop
  endfacet
  facet normal -0.430874 0.353626 -0.830239
    outer loop
      vertex 7.659 6.67823 4.32288
      vertex 7.74394 6.39819 4.15952
      vertex 7.57106 6.57108 4.32288
    endloop
  endfacet
  facet normal -0.297035 -0.243777 -0.923224
    outer loop
      vertex 7.659 7.46391 4.32288
      vertex 7.43311 7.31298 4.43541
      vertex 7.37896 7.37896 4.43541
    endloop
  endfacet
  facet normal -0.353632 -0.430881 -0.830232
    outer loop
      vertex 7.74394 7.74394 4.15952
      vertex 7.57106 7.57106 4.32288
      vertex 7.46391 7.659 4.32288
    endloop
  endfacet
  facet normal -0.643696 0.528257 -0.553714
    outer loop
      vertex 8.03517 6.42688 3.95159
      vertex 8.171 6.33611 3.70709
      vertex 8.00649 6.13565 3.70709
    endloop
  endfacet
  facet normal -0.622306 0.758305 -0.194189
    outer loop
      vertex 8.12662 6.01551 3.14703
      vertex 7.90041 5.82987 3.14703
      vertex 7.86854 5.87757 3.43543
    endloop
  endfacet
  facet normal -0.462424 0.865132 0.19419
    outer loop
      vertex 7.90041 5.82987 2.85297
      vertex 7.86854 5.87757 2.56457
      vertex 7.62037 5.74492 2.56457
    endloop
  endfacet
  facet normal -0.622306 0.758305 0.194189
    outer loop
      vertex 7.90041 5.82987 2.85297
      vertex 8.12662 6.01551 2.85297
      vertex 7.86854 5.87757 2.56457
    endloop
  endfacet
  facet normal -0.0905901 0.920091 0.381086
    outer loop
      vertex 7.3511 5.66324 2.56457
      vertex 7.32915 5.7736 2.2929
      vertex 7.07107 5.74819 2.2929
    endloop
  endfacet
  facet normal -0.714678 0.586509 0.381106
    outer loop
      vertex 8.26457 6.2736 2.56457
      vertex 8.171 6.33611 2.2929
      vertex 8.00649 6.13565 2.2929
    endloop
  endfacet
  facet normal -0.28476 0.938721 -0.194203
    outer loop
      vertex 7.64233 5.69192 3.14703
      vertex 7.36229 5.60697 3.14703
      vertex 7.3511 5.66324 3.43543
    endloop
  endfacet
  facet normal -0.0961421 0.976238 -0.194205
    outer loop
      vertex 7.3511 5.66324 3.43543
      vertex 7.36229 5.60697 3.14703
      vertex 7.07107 5.57829 3.14703
    endloop
  endfacet
  facet normal -0.462424 0.865132 -0.19419
    outer loop
      vertex 7.86854 5.87757 3.43543
      vertex 7.90041 5.82987 3.14703
      vertex 7.62037 5.74492 3.43543
    endloop
  endfacet
  facet normal -0.268383 0.884723 -0.381098
    outer loop
      vertex 7.57731 5.84888 3.70709
      vertex 7.3511 5.66324 3.43543
      vertex 7.32915 5.7736 3.70709
    endloop
  endfacet
  facet normal -0.0568578 0.187576 -0.980603
    outer loop
      vertex 7.12733 6.93523 4.49278
      vertex 7.15602 6.64401 4.43541
      vertex 7.09975 6.92687 4.49278
    endloop
  endfacet
  facet normal -0.334154 0.625119 -0.705385
    outer loop
      vertex 7.71526 6.10697 3.95159
      vertex 7.51479 5.99981 3.95159
      vertex 7.43523 6.19191 4.15952
    endloop
  endfacet
  facet normal -0.0905897 0.920086 -0.381098
    outer loop
      vertex 7.32915 5.7736 3.70709
      vertex 7.3511 5.66324 3.43543
      vertex 7.07107 5.74819 3.70709
    endloop
  endfacet
  facet normal 0.0961458 0.976239 -0.194198
    outer loop
      vertex 7.07107 5.63566 3.43543
      vertex 7.07107 5.57829 3.14703
      vertex 6.79103 5.66324 3.43543
    endloop
  endfacet
  facet normal 0.586534 0.714664 -0.381095
    outer loop
      vertex 6.33611 5.97113 3.70709
      vertex 6.2736 5.87757 3.43543
      vertex 6.13565 6.13565 3.70709
    endloop
  endfacet
  facet normal 0.435828 0.815364 -0.381098
    outer loop
      vertex 6.33611 5.97113 3.70709
      vertex 6.56482 5.84888 3.70709
      vertex 6.2736 5.87757 3.43543
    endloop
  endfacet
  facet normal 0.0569057 0.187573 0.980601
    outer loop
      vertex 6.98612 6.64401 1.56459
      vertex 7.0148 6.93523 1.50722
      vertex 6.90444 6.66879 1.56459
    endloop
  endfacet
  facet normal -0.0924106 0.172853 0.980603
    outer loop
      vertex 7.31298 6.70902 1.56459
      vertex 7.15275 6.94882 1.50722
      vertex 7.12733 6.93523 1.50722
    endloop
  endfacet
  facet normal 0.161805 0.533403 0.830241
    outer loop
      vertex 6.88542 6.13776 1.84048
      vertex 6.93312 6.37756 1.67712
      vertex 6.70691 6.19191 1.84048
    endloop
  endfacet
  facet normal 0.195066 0.0192415 0.980601
    outer loop
      vertex 6.92687 7.04238 1.50722
      vertex 6.92404 7.07107 1.50722
      vertex 6.63564 7.07107 1.56459
    endloop
  endfacet
  facet normal 0.111548 -0.367715 0.923224
    outer loop
      vertex 6.90444 7.47335 1.56459
      vertex 6.93312 7.76458 1.67712
      vertex 6.80047 7.72434 1.67712
    endloop
  endfacet
  facet normal 0.0191969 -0.195069 0.980602
    outer loop
      vertex 7.04238 7.21527 1.50722
      vertex 7.07107 7.50649 1.56459
      vertex 6.98612 7.49813 1.56459
    endloop
  endfacet
  facet normal -0.0376343 -0.38242 0.923222
    outer loop
      vertex 7.15602 7.49813 1.56459
      vertex 7.20901 7.76458 1.67712
      vertex 7.07107 7.50649 1.56459
    endloop
  endfacet
  facet normal -0.0376481 -0.382414 0.923224
    outer loop
      vertex 7.20901 7.76458 1.67712
      vertex 7.07107 7.77816 1.67712
      vertex 7.07107 7.50649 1.56459
    endloop
  endfacet
  facet normal -0.297035 -0.243777 0.923224
    outer loop
      vertex 7.43311 7.31298 1.56459
      vertex 7.659 7.46391 1.67712
      vertex 7.37896 7.37896 1.56459
    endloop
  endfacet
  facet normal -0.491597 0.26277 0.830232
    outer loop
      vertex 7.95022 6.70691 1.84048
      vertex 7.72434 6.80047 1.67712
      vertex 7.659 6.67823 1.67712
    endloop
  endfacet
  facet normal -0.33413 -0.62513 0.705387
    outer loop
      vertex 7.59974 7.86229 1.84048
      vertex 7.71526 8.03517 2.04841
      vertex 7.43523 7.95022 1.84048
    endloop
  endfacet
  facet normal -0.462397 -0.865147 0.194189
    outer loop
      vertex 7.86854 8.26457 2.56457
      vertex 7.90041 8.31227 2.85297
      vertex 7.62037 8.39721 2.56457
    endloop
  endfacet
  facet normal -0.241717 -0.796845 0.553724
    outer loop
      vertex 7.51479 8.14232 2.04841
      vertex 7.57731 8.29325 2.2929
      vertex 7.29728 8.2083 2.04841
    endloop
  endfacet
  facet normal 0.0816193 -0.828685 0.553733
    outer loop
      vertex 7.07107 8.23058 2.04841
      vertex 7.07107 8.39395 2.2929
      vertex 6.84486 8.2083 2.04841
    endloop
  endfacet
  facet normal -0.622326 -0.758289 0.194188
    outer loop
      vertex 8.12662 8.12662 2.85297
      vertex 7.90041 8.31227 2.85297
      vertex 7.86854 8.26457 2.56457
    endloop
  endfacet
  facet normal -0.643708 -0.528241 0.553716
    outer loop
      vertex 8.03517 7.71526 2.04841
      vertex 8.171 7.80602 2.2929
      vertex 8.00649 8.00649 2.2929
    endloop
  endfacet
  facet normal -0.920078 -0.0906179 0.381111
    outer loop
      vertex 8.50648 7.07107 2.56457
      vertex 8.4789 7.3511 2.56457
      vertex 8.39395 7.07107 2.2929
    endloop
  endfacet
  facet normal -0.881931 -0.471379 0
    outer loop
      vertex 8.45021 7.64233 2.85297
      vertex 8.31227 7.90041 3.14703
      vertex 8.31227 7.90041 2.85297
    endloop
  endfacet
  facet normal -0.881931 -0.471379 0
    outer loop
      vertex 8.31227 7.90041 3.14703
      vertex 8.45021 7.64233 2.85297
      vertex 8.45021 7.64233 3.14703
    endloop
  endfacet
  facet normal -0.865141 -0.462405 0.194199
    outer loop
      vertex 8.39721 7.62037 2.56457
      vertex 8.45021 7.64233 2.85297
      vertex 8.31227 7.90041 2.85297
    endloop
  endfacet
  facet normal -0.53342 -0.161801 0.830231
    outer loop
      vertex 8.00437 7.25671 1.84048
      vertex 7.95022 7.43523 1.84048
      vertex 7.76458 7.20901 1.67712
    endloop
  endfacet
  facet normal -0.678298 -0.205746 0.705394
    outer loop
      vertex 8.00437 7.25671 1.84048
      vertex 8.2083 7.29728 2.04841
      vertex 7.95022 7.43523 1.84048
    endloop
  endfacet
  facet normal -0.815354 -0.435823 0.381125
    outer loop
      vertex 8.29325 7.57731 2.2929
      vertex 8.26457 7.86854 2.56457
      vertex 8.171 7.80602 2.2929
    endloop
  endfacet
  facet normal -0.815381 -0.435798 0.381096
    outer loop
      vertex 8.29325 7.57731 2.2929
      vertex 8.39721 7.62037 2.56457
      vertex 8.26457 7.86854 2.56457
    endloop
  endfacet
  facet normal -0.622326 -0.758289 -0.194188
    outer loop
      vertex 7.90041 8.31227 3.14703
      vertex 8.12662 8.12662 3.14703
      vertex 7.86854 8.26457 3.43543
    endloop
  endfacet
  facet normal -0.39254 -0.734379 0.553714
    outer loop
      vertex 7.71526 8.03517 2.04841
      vertex 7.80602 8.171 2.2929
      vertex 7.57731 8.29325 2.2929
    endloop
  endfacet
  facet normal -0.0906242 -0.920075 0.381116
    outer loop
      vertex 7.32915 8.36853 2.2929
      vertex 7.3511 8.4789 2.56457
      vertex 7.07107 8.39395 2.2929
    endloop
  endfacet
  facet normal -0.161812 -0.533409 -0.830236
    outer loop
      vertex 7.43523 7.95022 4.15952
      vertex 7.34166 7.72434 4.32288
      vertex 7.20901 7.76458 4.32288
    endloop
  endfacet
  facet normal -0.353635 -0.430876 -0.830234
    outer loop
      vertex 7.59974 7.86229 4.15952
      vertex 7.74394 7.74394 4.15952
      vertex 7.46391 7.659 4.32288
    endloop
  endfacet
  facet normal -0.865147 -0.462397 -0.194189
    outer loop
      vertex 8.31227 7.90041 3.14703
      vertex 8.39721 7.62037 3.43543
      vertex 8.26457 7.86854 3.43543
    endloop
  endfacet
  facet normal -0.758289 -0.622326 -0.194188
    outer loop
      vertex 8.31227 7.90041 3.14703
      vertex 8.26457 7.86854 3.43543
      vertex 8.12662 8.12662 3.14703
    endloop
  endfacet
  facet normal -0.528247 -0.643716 -0.5537
    outer loop
      vertex 7.80602 8.171 3.70709
      vertex 8.00649 8.00649 3.70709
      vertex 7.71526 8.03517 3.95159
    endloop
  endfacet
  facet normal -0.528259 -0.643692 -0.553717
    outer loop
      vertex 8.00649 8.00649 3.70709
      vertex 7.89097 7.89097 3.95159
      vertex 7.71526 8.03517 3.95159
    endloop
  endfacet
  facet normal -0.547919 -0.449661 -0.705401
    outer loop
      vertex 7.89097 7.89097 3.95159
      vertex 8.03517 7.71526 3.95159
      vertex 7.74394 7.74394 4.15952
    endloop
  endfacet
  facet normal -0.430876 -0.353635 -0.830234
    outer loop
      vertex 7.74394 7.74394 4.15952
      vertex 7.86229 7.59974 4.15952
      vertex 7.659 7.46391 4.32288
    endloop
  endfacet
  facet normal -0.81535 -0.43582 -0.381137
    outer loop
      vertex 8.26457 7.86854 3.43543
      vertex 8.29325 7.57731 3.70709
      vertex 8.171 7.80602 3.70709
    endloop
  endfacet
  facet normal -0.625131 -0.334129 -0.705386
    outer loop
      vertex 8.03517 7.71526 3.95159
      vertex 8.14232 7.51479 3.95159
      vertex 7.95022 7.43523 4.15952
    endloop
  endfacet
  facet normal -0.828696 -0.0816237 -0.553715
    outer loop
      vertex 8.36853 7.32915 3.70709
      vertex 8.39395 7.07107 3.70709
      vertex 8.2083 7.29728 3.95159
    endloop
  endfacet
  facet normal -0.920073 -0.0906175 -0.381123
    outer loop
      vertex 8.4789 7.3511 3.43543
      vertex 8.50648 7.07107 3.43543
      vertex 8.39395 7.07107 3.70709
    endloop
  endfacet
  facet normal -0.815355 0.435823 -0.381124
    outer loop
      vertex 8.29325 6.56482 3.70709
      vertex 8.26457 6.2736 3.43543
      vertex 8.171 6.33611 3.70709
    endloop
  endfacet
  facet normal -0.884712 0.268369 -0.381135
    outer loop
      vertex 8.36853 6.81299 3.70709
      vertex 8.4789 6.79103 3.43543
      vertex 8.29325 6.56482 3.70709
    endloop
  endfacet
  facet normal -0.995186 -0.0980081 0
    outer loop
      vertex 8.56384 7.07107 2.85297
      vertex 8.53516 7.36229 3.14703
      vertex 8.53516 7.36229 2.85297
    endloop
  endfacet
  facet normal -0.995186 -0.0980081 0
    outer loop
      vertex 8.53516 7.36229 3.14703
      vertex 8.56384 7.07107 2.85297
      vertex 8.56384 7.07107 3.14703
    endloop
  endfacet
  facet normal -0.920069 0.0906236 -0.381131
    outer loop
      vertex 8.39395 7.07107 3.70709
      vertex 8.4789 6.79103 3.43543
      vertex 8.36853 6.81299 3.70709
    endloop
  endfacet
  facet normal -0.758289 -0.622326 0.194188
    outer loop
      vertex 8.26457 7.86854 2.56457
      vertex 8.31227 7.90041 2.85297
      vertex 8.12662 8.12662 2.85297
    endloop
  endfacet
  facet normal -0.773003 -0.634402 0
    outer loop
      vertex 8.31227 7.90041 2.85297
      vertex 8.12662 8.12662 3.14703
      vertex 8.12662 8.12662 2.85297
    endloop
  endfacet
  facet normal -0.773003 -0.634402 0
    outer loop
      vertex 8.12662 8.12662 3.14703
      vertex 8.31227 7.90041 2.85297
      vertex 8.31227 7.90041 3.14703
    endloop
  endfacet
  facet normal -0.995186 0.0980048 0
    outer loop
      vertex 8.53516 6.77984 2.85297
      vertex 8.56384 7.07107 3.14703
      vertex 8.56384 7.07107 2.85297
    endloop
  endfacet
  facet normal -0.995186 0.0980048 0
    outer loop
      vertex 8.56384 7.07107 3.14703
      vertex 8.53516 6.77984 2.85297
      vertex 8.53516 6.77984 3.14703
    endloop
  endfacet
  facet normal -0.881938 0.471365 0
    outer loop
      vertex 8.31227 6.24172 2.85297
      vertex 8.45021 6.49981 3.14703
      vertex 8.45021 6.49981 2.85297
    endloop
  endfacet
  facet normal -0.881938 0.471365 0
    outer loop
      vertex 8.45021 6.49981 3.14703
      vertex 8.31227 6.24172 2.85297
      vertex 8.31227 6.24172 3.14703
    endloop
  endfacet
  facet normal -0.865137 0.46241 -0.194205
    outer loop
      vertex 8.39721 6.52176 3.43543
      vertex 8.31227 6.24172 3.14703
      vertex 8.26457 6.2736 3.43543
    endloop
  endfacet
  facet normal -0.33413 -0.62513 -0.705387
    outer loop
      vertex 7.71526 8.03517 3.95159
      vertex 7.59974 7.86229 4.15952
      vertex 7.43523 7.95022 4.15952
    endloop
  endfacet
  facet normal -0.262757 -0.491598 -0.830235
    outer loop
      vertex 7.59974 7.86229 4.15952
      vertex 7.46391 7.659 4.32288
      vertex 7.43523 7.95022 4.15952
    endloop
  endfacet
  facet normal 0.0924023 -0.172864 -0.980602
    outer loop
      vertex 6.90444 7.47335 4.43541
      vertex 7.0148 7.2069 4.49278
      vertex 6.82916 7.43311 4.43541
    endloop
  endfacet
  facet normal -0.0376481 -0.382414 -0.923224
    outer loop
      vertex 7.07107 7.77816 4.32288
      vertex 7.20901 7.76458 4.32288
      vertex 7.07107 7.50649 4.43541
    endloop
  endfacet
  facet normal 0.0376454 -0.382414 -0.923224
    outer loop
      vertex 7.07107 7.77816 4.32288
      vertex 7.07107 7.50649 4.43541
      vertex 6.93312 7.76458 4.32288
    endloop
  endfacet
  facet normal 0.0569057 0.187573 -0.980601
    outer loop
      vertex 7.0148 6.93523 4.49278
      vertex 6.98612 6.64401 4.43541
      vertex 6.90444 6.66879 4.43541
    endloop
  endfacet
  facet normal 0.528257 -0.643696 -0.553714
    outer loop
      vertex 6.33611 8.171 3.70709
      vertex 6.42688 8.03517 3.95159
      vertex 6.13565 8.00649 3.70709
    endloop
  endfacet
  facet normal 0.181142 -0.338886 -0.923225
    outer loop
      vertex 6.80047 7.72434 4.32288
      vertex 6.90444 7.47335 4.43541
      vertex 6.67823 7.659 4.32288
    endloop
  endfacet
  facet normal 0.181146 -0.338883 -0.923225
    outer loop
      vertex 6.90444 7.47335 4.43541
      vertex 6.82916 7.43311 4.43541
      vertex 6.67823 7.659 4.32288
    endloop
  endfacet
  facet normal 0.151514 -0.124348 -0.980603
    outer loop
      vertex 6.76317 7.37896 4.43541
      vertex 6.94882 7.15275 4.49278
      vertex 6.70902 7.31298 4.43541
    endloop
  endfacet
  facet normal 0.0816203 -0.828695 -0.553717
    outer loop
      vertex 7.07107 8.39395 3.70709
      vertex 7.07107 8.23058 3.95159
      vertex 6.84486 8.2083 3.95159
    endloop
  endfacet
  facet normal 0.241717 -0.796852 -0.553714
    outer loop
      vertex 6.81299 8.36853 3.70709
      vertex 6.84486 8.2083 3.95159
      vertex 6.56482 8.29325 3.70709
    endloop
  endfacet
  facet normal 0.205759 -0.6783 -0.705388
    outer loop
      vertex 6.84486 8.2083 3.95159
      vertex 6.88542 8.00437 4.15952
      vertex 6.70691 7.95022 4.15952
    endloop
  endfacet
  facet normal 0.0694955 -0.705404 -0.70539
    outer loop
      vertex 7.07107 8.02266 4.15952
      vertex 6.88542 8.00437 4.15952
      vertex 6.84486 8.2083 3.95159
    endloop
  endfacet
  facet normal -0.205757 -0.6783 -0.705389
    outer loop
      vertex 7.51479 8.14232 3.95159
      vertex 7.43523 7.95022 4.15952
      vertex 7.29728 8.2083 3.95159
    endloop
  endfacet
  facet normal -0.161801 -0.53342 -0.830231
    outer loop
      vertex 7.25671 8.00437 4.15952
      vertex 7.43523 7.95022 4.15952
      vertex 7.20901 7.76458 4.32288
    endloop
  endfacet
  facet normal -0.26838 -0.884712 -0.381126
    outer loop
      vertex 7.3511 8.4789 3.43543
      vertex 7.57731 8.29325 3.70709
      vertex 7.32915 8.36853 3.70709
    endloop
  endfacet
  facet normal -0.0906237 -0.92007 -0.381128
    outer loop
      vertex 7.3511 8.4789 3.43543
      vertex 7.32915 8.36853 3.70709
      vertex 7.07107 8.39395 3.70709
    endloop
  endfacet
  facet normal 0.77302 0.634382 0
    outer loop
      vertex 6.01551 6.01551 3.14703
      vertex 5.82987 6.24172 2.85297
      vertex 5.82987 6.24172 3.14703
    endloop
  endfacet
  facet normal 0.77302 0.634382 0
    outer loop
      vertex 5.82987 6.24172 2.85297
      vertex 6.01551 6.01551 3.14703
      vertex 6.01551 6.01551 2.85297
    endloop
  endfacet
  facet normal 0.938727 0.284752 -0.194185
    outer loop
      vertex 5.74492 6.52176 3.43543
      vertex 5.69192 6.49981 3.14703
      vertex 5.66324 6.79103 3.43543
    endloop
  endfacet
  facet normal 0.705398 -0.0694765 -0.705398
    outer loop
      vertex 5.93383 7.29728 3.95159
      vertex 6.11948 7.07107 4.15952
      vertex 5.91155 7.07107 3.95159
    endloop
  endfacet
  facet normal 0.430889 -0.353616 -0.830235
    outer loop
      vertex 6.39819 7.74394 4.15952
      vertex 6.48314 7.46391 4.32288
      vertex 6.27985 7.59974 4.15952
    endloop
  endfacet
  facet normal 0.734376 -0.392538 -0.55372
    outer loop
      vertex 5.97113 7.80602 3.70709
      vertex 6.10697 7.71526 3.95159
      vertex 5.84888 7.57731 3.70709
    endloop
  endfacet
  facet normal 0.815359 -0.435825 -0.381112
    outer loop
      vertex 5.87757 7.86854 3.43543
      vertex 5.97113 7.80602 3.70709
      vertex 5.84888 7.57731 3.70709
    endloop
  endfacet
  facet normal 0.491584 -0.26278 -0.830236
    outer loop
      vertex 6.27985 7.59974 4.15952
      vertex 6.48314 7.46391 4.32288
      vertex 6.19191 7.43523 4.15952
    endloop
  endfacet
  facet normal 0.79685 -0.241726 -0.553714
    outer loop
      vertex 5.84888 7.57731 3.70709
      vertex 5.93383 7.29728 3.95159
      vertex 5.7736 7.32915 3.70709
    endloop
  endfacet
  facet normal 0.8287 0.081592 -0.553714
    outer loop
      vertex 5.93383 6.84486 3.95159
      vertex 5.7736 6.81299 3.70709
      vertex 5.74819 7.07107 3.70709
    endloop
  endfacet
  facet normal 0.796859 0.24171 -0.553708
    outer loop
      vertex 5.93383 6.84486 3.95159
      vertex 5.99981 6.62734 3.95159
      vertex 5.84888 6.56482 3.70709
    endloop
  endfacet
  facet normal 0.243786 -0.297039 0.923221
    outer loop
      vertex 6.76317 7.37896 1.56459
      vertex 6.67823 7.659 1.67712
      vertex 6.57108 7.57106 1.67712
    endloop
  endfacet
  facet normal 0.353626 -0.430874 0.830239
    outer loop
      vertex 6.57108 7.57106 1.67712
      vertex 6.67823 7.659 1.67712
      vertex 6.39819 7.74394 1.84048
    endloop
  endfacet
  facet normal 0.491586 -0.262742 0.830247
    outer loop
      vertex 6.4178 7.34166 1.67712
      vertex 6.48314 7.46391 1.67712
      vertex 6.19191 7.43523 1.84048
    endloop
  endfacet
  facet normal 0.430889 -0.353616 0.830235
    outer loop
      vertex 6.48314 7.46391 1.67712
      vertex 6.39819 7.74394 1.84048
      vertex 6.27985 7.59974 1.84048
    endloop
  endfacet
  facet normal 0.622323 -0.758285 -0.194209
    outer loop
      vertex 6.24172 8.31227 3.14703
      vertex 6.2736 8.26457 3.43543
      vertex 6.01551 8.12662 3.14703
    endloop
  endfacet
  facet normal 0.462393 -0.865151 -0.194183
    outer loop
      vertex 6.49981 8.45021 3.14703
      vertex 6.52176 8.39721 3.43543
      vertex 6.24172 8.31227 3.14703
    endloop
  endfacet
  facet normal 0.884723 0.268371 -0.381108
    outer loop
      vertex 5.84888 6.56482 3.70709
      vertex 5.74492 6.52176 3.43543
      vertex 5.66324 6.79103 3.43543
    endloop
  endfacet
  facet normal 0.758302 0.622303 -0.194209
    outer loop
      vertex 5.87757 6.2736 3.43543
      vertex 6.01551 6.01551 3.14703
      vertex 5.82987 6.24172 3.14703
    endloop
  endfacet
  facet normal 0.938718 0.28477 -0.194203
    outer loop
      vertex 5.66324 6.79103 3.43543
      vertex 5.69192 6.49981 3.14703
      vertex 5.60697 6.77984 3.14703
    endloop
  endfacet
  facet normal 0.714675 0.586505 -0.381119
    outer loop
      vertex 6.13565 6.13565 3.70709
      vertex 6.05608 6.05608 3.43543
      vertex 5.87757 6.2736 3.43543
    endloop
  endfacet
  facet normal 0.714664 0.586534 -0.381095
    outer loop
      vertex 5.97113 6.33611 3.70709
      vertex 6.13565 6.13565 3.70709
      vertex 5.87757 6.2736 3.43543
    endloop
  endfacet
  facet normal -0.705404 0.0694955 0.70539
    outer loop
      vertex 8.2083 6.84486 2.04841
      vertex 8.02266 7.07107 1.84048
      vertex 8.00437 6.88542 1.84048
    endloop
  endfacet
  facet normal -0.6783 0.205759 0.705388
    outer loop
      vertex 8.2083 6.84486 2.04841
      vertex 8.00437 6.88542 1.84048
      vertex 7.95022 6.70691 1.84048
    endloop
  endfacet
  facet normal -0.181117 0.338914 0.923219
    outer loop
      vertex 7.46391 6.48314 1.67712
      vertex 7.31298 6.70902 1.56459
      vertex 7.2377 6.66879 1.56459
    endloop
  endfacet
  facet normal -0.0694616 0.705407 0.70539
    outer loop
      vertex 7.29728 5.93383 2.04841
      vertex 7.25671 6.13776 1.84048
      vertex 7.07107 6.11948 1.84048
    endloop
  endfacet
  facet normal -0.0192193 0.195064 0.980602
    outer loop
      vertex 7.15602 6.64401 1.56459
      vertex 7.09975 6.92687 1.50722
      vertex 7.07107 6.63564 1.56459
    endloop
  endfacet
  facet normal -0.111558 0.367719 0.923221
    outer loop
      vertex 7.20901 6.37756 1.67712
      vertex 7.2377 6.66879 1.56459
      vertex 7.15602 6.64401 1.56459
    endloop
  endfacet
  facet normal -0.243787 0.297041 0.92322
    outer loop
      vertex 7.46391 6.48314 1.67712
      vertex 7.57106 6.57108 1.67712
      vertex 7.37896 6.76317 1.56459
    endloop
  endfacet
  facet normal -0.205746 0.678298 0.705394
    outer loop
      vertex 7.29728 5.93383 2.04841
      vertex 7.43523 6.19191 1.84048
      vertex 7.25671 6.13776 1.84048
    endloop
  endfacet
  facet normal 0.554733 0.0546489 0.830232
    outer loop
      vertex 6.37756 6.93312 1.67712
      vertex 6.36397 7.07107 1.67712
      vertex 6.11948 7.07107 1.84048
    endloop
  endfacet
  facet normal 0.554733 -0.0546529 0.830232
    outer loop
      vertex 6.36397 7.07107 1.67712
      vertex 6.37756 7.20901 1.67712
      vertex 6.11948 7.07107 1.84048
    endloop
  endfacet
  facet normal 0.39253 0.73436 0.553746
    outer loop
      vertex 6.56482 5.84888 2.2929
      vertex 6.42688 6.10697 2.04841
      vertex 6.33611 5.97113 2.2929
    endloop
  endfacet
  facet normal 0.643684 0.528253 0.553733
    outer loop
      vertex 6.13565 6.13565 2.2929
      vertex 6.25117 6.25117 2.04841
      vertex 6.10697 6.42688 2.04841
    endloop
  endfacet
  facet normal 0.625129 0.334147 0.705379
    outer loop
      vertex 6.27985 6.54239 1.84048
      vertex 6.19191 6.70691 1.84048
      vertex 6.10697 6.42688 2.04841
    endloop
  endfacet
  facet normal 0.547937 0.449676 0.705377
    outer loop
      vertex 6.25117 6.25117 2.04841
      vertex 6.39819 6.39819 1.84048
      vertex 6.10697 6.42688 2.04841
    endloop
  endfacet
  facet normal 0.449697 -0.54792 -0.705377
    outer loop
      vertex 6.42688 8.03517 3.95159
      vertex 6.54239 7.86229 4.15952
      vertex 6.39819 7.74394 4.15952
    endloop
  endfacet
  facet normal 0.334118 -0.625146 -0.705378
    outer loop
      vertex 6.70691 7.95022 4.15952
      vertex 6.54239 7.86229 4.15952
      vertex 6.42688 8.03517 3.95159
    endloop
  endfacet
  facet normal -0.471379 -0.881931 0
    outer loop
      vertex 7.64233 8.45021 2.85297
      vertex 7.90041 8.31227 3.14703
      vertex 7.64233 8.45021 3.14703
    endloop
  endfacet
  facet normal -0.471379 -0.881931 -0
    outer loop
      vertex 7.90041 8.31227 3.14703
      vertex 7.64233 8.45021 2.85297
      vertex 7.90041 8.31227 2.85297
    endloop
  endfacet
  facet normal -0.290287 -0.95694 0
    outer loop
      vertex 7.36229 8.53516 2.85297
      vertex 7.64233 8.45021 3.14703
      vertex 7.36229 8.53516 3.14703
    endloop
  endfacet
  facet normal -0.290287 -0.95694 -0
    outer loop
      vertex 7.64233 8.45021 3.14703
      vertex 7.36229 8.53516 2.85297
      vertex 7.64233 8.45021 2.85297
    endloop
  endfacet
  facet normal 0.0906147 -0.920078 0.381111
    outer loop
      vertex 7.07107 8.39395 2.2929
      vertex 7.07107 8.50648 2.56457
      vertex 6.79103 8.4789 2.56457
    endloop
  endfacet
  facet normal 0.0961465 -0.976246 0.194166
    outer loop
      vertex 7.07107 8.50648 2.56457
      vertex 7.07107 8.56384 2.85297
      vertex 6.79103 8.4789 2.56457
    endloop
  endfacet
  facet normal 0.0961465 -0.976246 -0.194166
    outer loop
      vertex 7.07107 8.56384 3.14703
      vertex 7.07107 8.50648 3.43543
      vertex 6.79103 8.4789 3.43543
    endloop
  endfacet
  facet normal 0.0961395 -0.976245 -0.194172
    outer loop
      vertex 7.07107 8.56384 3.14703
      vertex 6.79103 8.4789 3.43543
      vertex 6.77984 8.53516 3.14703
    endloop
  endfacet
  facet normal 0.77302 -0.634382 0
    outer loop
      vertex 5.82987 7.90041 3.14703
      vertex 6.01551 8.12662 2.85297
      vertex 6.01551 8.12662 3.14703
    endloop
  endfacet
  facet normal 0.77302 -0.634382 0
    outer loop
      vertex 6.01551 8.12662 2.85297
      vertex 5.82987 7.90041 3.14703
      vertex 5.82987 7.90041 2.85297
    endloop
  endfacet
  facet normal 0.392537 -0.734372 0.553725
    outer loop
      vertex 6.62734 8.14232 2.04841
      vertex 6.56482 8.29325 2.2929
      vertex 6.42688 8.03517 2.04841
    endloop
  endfacet
  facet normal 0.241707 -0.796849 0.553724
    outer loop
      vertex 6.62734 8.14232 2.04841
      vertex 6.84486 8.2083 2.04841
      vertex 6.56482 8.29325 2.2929
    endloop
  endfacet
  facet normal 0.262742 -0.491599 0.830239
    outer loop
      vertex 6.67823 7.659 1.67712
      vertex 6.70691 7.95022 1.84048
      vertex 6.54239 7.86229 1.84048
    endloop
  endfacet
  facet normal 0.353629 -0.430868 0.830241
    outer loop
      vertex 6.67823 7.659 1.67712
      vertex 6.54239 7.86229 1.84048
      vertex 6.39819 7.74394 1.84048
    endloop
  endfacet
  facet normal 0.734366 -0.392551 0.553724
    outer loop
      vertex 5.99981 7.51479 2.04841
      vertex 6.10697 7.71526 2.04841
      vertex 5.84888 7.57731 2.2929
    endloop
  endfacet
  facet normal 0.533405 -0.161796 0.830241
    outer loop
      vertex 6.37756 7.20901 1.67712
      vertex 6.19191 7.43523 1.84048
      vertex 6.13776 7.25671 1.84048
    endloop
  endfacet
  facet normal 0.815367 -0.435824 0.381095
    outer loop
      vertex 5.84888 7.57731 2.2929
      vertex 5.87757 7.86854 2.56457
      vertex 5.74492 7.62037 2.56457
    endloop
  endfacet
  facet normal 0.815363 -0.435828 0.3811
    outer loop
      vertex 5.97113 7.80602 2.2929
      vertex 5.87757 7.86854 2.56457
      vertex 5.84888 7.57731 2.2929
    endloop
  endfacet
  facet normal 0.172856 0.0924121 -0.980602
    outer loop
      vertex 6.93523 7.0148 4.49278
      vertex 6.94882 6.98938 4.49278
      vertex 6.70902 6.82916 4.43541
    endloop
  endfacet
  facet normal -0.181133 0.338897 -0.923223
    outer loop
      vertex 7.46391 6.48314 4.32288
      vertex 7.34166 6.4178 4.32288
      vertex 7.2377 6.66879 4.43541
    endloop
  endfacet
  facet normal 0.430882 0.35361 -0.830242
    outer loop
      vertex 6.48314 6.67823 4.32288
      vertex 6.39819 6.39819 4.15952
      vertex 6.27985 6.54239 4.15952
    endloop
  endfacet
  facet normal 0.430864 0.353618 -0.830247
    outer loop
      vertex 6.48314 6.67823 4.32288
      vertex 6.57108 6.57108 4.32288
      vertex 6.39819 6.39819 4.15952
    endloop
  endfacet
  facet normal -0.172864 0.0924023 -0.980602
    outer loop
      vertex 7.47335 6.90444 4.43541
      vertex 7.43311 6.82916 4.43541
      vertex 7.2069 7.0148 4.49278
    endloop
  endfacet
  facet normal 0.554723 -0.0546236 -0.83024
    outer loop
      vertex 6.13776 7.25671 4.15952
      vertex 6.37756 7.20901 4.32288
      vertex 6.11948 7.07107 4.15952
    endloop
  endfacet
  facet normal -0.678298 0.205747 0.705393
    outer loop
      vertex 8.14232 6.62734 2.04841
      vertex 8.2083 6.84486 2.04841
      vertex 7.95022 6.70691 1.84048
    endloop
  endfacet
  facet normal -0.828686 0.0816227 0.553731
    outer loop
      vertex 8.36853 6.81299 2.2929
      vertex 8.39395 7.07107 2.2929
      vertex 8.2083 6.84486 2.04841
    endloop
  endfacet
  facet normal -0.884718 0.268402 0.381097
    outer loop
      vertex 8.39721 6.52176 2.56457
      vertex 8.4789 6.79103 2.56457
      vertex 8.29325 6.56482 2.2929
    endloop
  endfacet
  facet normal -0.796849 0.241707 0.553724
    outer loop
      vertex 8.29325 6.56482 2.2929
      vertex 8.2083 6.84486 2.04841
      vertex 8.14232 6.62734 2.04841
    endloop
  endfacet
  facet normal -0.705415 -0.0694781 0.705381
    outer loop
      vertex 8.23058 7.07107 2.04841
      vertex 8.2083 7.29728 2.04841
      vertex 8.02266 7.07107 1.84048
    endloop
  endfacet
  facet normal -0.6783 -0.205757 0.705389
    outer loop
      vertex 8.2083 7.29728 2.04841
      vertex 8.14232 7.51479 2.04841
      vertex 7.95022 7.43523 1.84048
    endloop
  endfacet
  facet normal -0.367718 -0.111549 0.923223
    outer loop
      vertex 7.76458 7.20901 1.67712
      vertex 7.72434 7.34166 1.67712
      vertex 7.47335 7.2377 1.56459
    endloop
  endfacet
  facet normal -0.62513 -0.33413 0.705387
    outer loop
      vertex 7.95022 7.43523 1.84048
      vertex 8.03517 7.71526 2.04841
      vertex 7.86229 7.59974 1.84048
    endloop
  endfacet
  facet normal -0.268385 0.884728 0.381086
    outer loop
      vertex 7.3511 5.66324 2.56457
      vertex 7.57731 5.84888 2.2929
      vertex 7.32915 5.7736 2.2929
    endloop
  endfacet
  facet normal -0.241723 0.79684 0.55373
    outer loop
      vertex 7.32915 5.7736 2.2929
      vertex 7.57731 5.84888 2.2929
      vertex 7.29728 5.93383 2.04841
    endloop
  endfacet
  facet normal 0.976239 0.0961458 0.194198
    outer loop
      vertex 5.66324 6.79103 2.56457
      vertex 5.63566 7.07107 2.56457
      vertex 5.57829 7.07107 2.85297
    endloop
  endfacet
  facet normal 0.976239 -0.0961492 0.194198
    outer loop
      vertex 5.63566 7.07107 2.56457
      vertex 5.66324 7.3511 2.56457
      vertex 5.57829 7.07107 2.85297
    endloop
  endfacet
  facet normal 0.920089 0.09059 0.381089
    outer loop
      vertex 5.7736 6.81299 2.2929
      vertex 5.74819 7.07107 2.2929
      vertex 5.66324 6.79103 2.56457
    endloop
  endfacet
  facet normal 0.82869 0.081591 0.553729
    outer loop
      vertex 5.7736 6.81299 2.2929
      vertex 5.93383 6.84486 2.04841
      vertex 5.74819 7.07107 2.2929
    endloop
  endfacet
  facet normal 0.976239 0.0961389 0.194205
    outer loop
      vertex 5.60697 6.77984 2.85297
      vertex 5.66324 6.79103 2.56457
      vertex 5.57829 7.07107 2.85297
    endloop
  endfacet
  facet normal 0.938718 0.28477 0.194203
    outer loop
      vertex 5.69192 6.49981 2.85297
      vertex 5.66324 6.79103 2.56457
      vertex 5.60697 6.77984 2.85297
    endloop
  endfacet
  facet normal 0.0694765 0.705398 0.705398
    outer loop
      vertex 7.07107 5.91155 2.04841
      vertex 7.07107 6.11948 1.84048
      vertex 6.84486 5.93383 2.04841
    endloop
  endfacet
  facet normal -0.0694765 0.705398 0.705398
    outer loop
      vertex 7.29728 5.93383 2.04841
      vertex 7.07107 6.11948 1.84048
      vertex 7.07107 5.91155 2.04841
    endloop
  endfacet
  facet normal 0.865122 0.462437 0.194205
    outer loop
      vertex 5.82987 6.24172 2.85297
      vertex 5.87757 6.2736 2.56457
      vertex 5.74492 6.52176 2.56457
    endloop
  endfacet
  facet normal 0.268372 0.884727 0.381096
    outer loop
      vertex 6.79103 5.66324 2.56457
      vertex 6.56482 5.84888 2.2929
      vertex 6.52176 5.74492 2.56457
    endloop
  endfacet
  facet normal 0.392566 0.734358 0.553724
    outer loop
      vertex 6.56482 5.84888 2.2929
      vertex 6.62734 5.99981 2.04841
      vertex 6.42688 6.10697 2.04841
    endloop
  endfacet
  facet normal 0.622303 0.758302 0.194209
    outer loop
      vertex 6.24172 5.82987 2.85297
      vertex 6.2736 5.87757 2.56457
      vertex 6.01551 6.01551 2.85297
    endloop
  endfacet
  facet normal 0.081591 0.82869 0.553729
    outer loop
      vertex 7.07107 5.74819 2.2929
      vertex 6.84486 5.93383 2.04841
      vertex 6.81299 5.7736 2.2929
    endloop
  endfacet
  facet normal 0.09059 0.920089 0.381089
    outer loop
      vertex 7.07107 5.74819 2.2929
      vertex 6.81299 5.7736 2.2929
      vertex 6.79103 5.66324 2.56457
    endloop
  endfacet
  facet normal 0.0980048 0.995186 -0
    outer loop
      vertex 7.07107 5.57829 2.85297
      vertex 6.77984 5.60697 3.14703
      vertex 7.07107 5.57829 3.14703
    endloop
  endfacet
  facet normal 0.0980048 0.995186 0
    outer loop
      vertex 6.77984 5.60697 3.14703
      vertex 7.07107 5.57829 2.85297
      vertex 6.77984 5.60697 2.85297
    endloop
  endfacet
  facet normal 0.161809 0.533399 -0.830243
    outer loop
      vertex 6.80047 6.4178 4.32288
      vertex 6.93312 6.37756 4.32288
      vertex 6.70691 6.19191 4.15952
    endloop
  endfacet
  facet normal 0.181142 0.338886 -0.923225
    outer loop
      vertex 6.90444 6.66879 4.43541
      vertex 6.80047 6.4178 4.32288
      vertex 6.67823 6.48314 4.32288
    endloop
  endfacet
  facet normal -0.111549 0.367718 -0.923223
    outer loop
      vertex 7.2377 6.66879 4.43541
      vertex 7.34166 6.4178 4.32288
      vertex 7.20901 6.37756 4.32288
    endloop
  endfacet
  facet normal 0.187573 0.0569057 -0.980601
    outer loop
      vertex 6.93523 7.0148 4.49278
      vertex 6.66879 6.90444 4.43541
      vertex 6.64401 6.98612 4.43541
    endloop
  endfacet
  facet normal -0.382419 0.0376342 -0.923222
    outer loop
      vertex 7.50649 7.07107 4.43541
      vertex 7.76458 6.93312 4.32288
      vertex 7.49813 6.98612 4.43541
    endloop
  endfacet
  facet normal -0.195066 -0.0191802 -0.980602
    outer loop
      vertex 7.50649 7.07107 4.43541
      vertex 7.21809 7.07107 4.49278
      vertex 7.21527 7.09975 4.49278
    endloop
  endfacet
  facet normal -0.151525 0.124338 -0.980602
    outer loop
      vertex 7.43311 6.82916 4.43541
      vertex 7.37896 6.76317 4.43541
      vertex 7.19331 6.98938 4.49278
    endloop
  endfacet
  facet normal -0.338883 0.181146 -0.923225
    outer loop
      vertex 7.47335 6.90444 4.43541
      vertex 7.659 6.67823 4.32288
      vertex 7.43311 6.82916 4.43541
    endloop
  endfacet
  facet normal -0.678298 -0.205746 -0.705394
    outer loop
      vertex 8.2083 7.29728 3.95159
      vertex 8.00437 7.25671 4.15952
      vertex 7.95022 7.43523 4.15952
    endloop
  endfacet
  facet normal -0.53342 -0.161801 -0.830231
    outer loop
      vertex 7.95022 7.43523 4.15952
      vertex 8.00437 7.25671 4.15952
      vertex 7.76458 7.20901 4.32288
    endloop
  endfacet
  facet normal -0.625117 0.334138 -0.705393
    outer loop
      vertex 8.14232 6.62734 3.95159
      vertex 8.03517 6.42688 3.95159
      vertex 7.95022 6.70691 4.15952
    endloop
  endfacet
  facet normal -0.195068 -0.0191968 -0.980602
    outer loop
      vertex 7.49813 7.15602 4.43541
      vertex 7.50649 7.07107 4.43541
      vertex 7.21527 7.09975 4.49278
    endloop
  endfacet
  facet normal -0.187563 -0.0569218 -0.980602
    outer loop
      vertex 7.49813 7.15602 4.43541
      vertex 7.21527 7.09975 4.49278
      vertex 7.2069 7.12733 4.49278
    endloop
  endfacet
  facet normal -0.367719 -0.111558 -0.923221
    outer loop
      vertex 7.76458 7.20901 4.32288
      vertex 7.49813 7.15602 4.43541
      vertex 7.47335 7.2377 4.43541
    endloop
  endfacet
  facet normal -0.172861 -0.0924009 -0.980602
    outer loop
      vertex 7.43311 7.31298 4.43541
      vertex 7.47335 7.2377 4.43541
      vertex 7.2069 7.12733 4.49278
    endloop
  endfacet
  facet normal -0.124348 -0.151514 -0.980603
    outer loop
      vertex 7.31298 7.43311 4.43541
      vertex 7.37896 7.37896 4.43541
      vertex 7.15275 7.19331 4.49278
    endloop
  endfacet
  facet normal -0.12433 -0.151535 -0.980601
    outer loop
      vertex 7.37896 7.37896 4.43541
      vertex 7.17503 7.17503 4.49278
      vertex 7.15275 7.19331 4.49278
    endloop
  endfacet
  facet normal -0.734382 0.392542 -0.55371
    outer loop
      vertex 8.29325 6.56482 3.70709
      vertex 8.171 6.33611 3.70709
      vertex 8.03517 6.42688 3.95159
    endloop
  endfacet
  facet normal -0.678298 0.205747 -0.705393
    outer loop
      vertex 8.2083 6.84486 3.95159
      vertex 8.14232 6.62734 3.95159
      vertex 7.95022 6.70691 4.15952
    endloop
  endfacet
  facet normal -0.714674 0.586506 -0.381118
    outer loop
      vertex 8.171 6.33611 3.70709
      vertex 8.26457 6.2736 3.43543
      vertex 8.00649 6.13565 3.70709
    endloop
  endfacet
  facet normal -0.758303 0.622309 -0.194188
    outer loop
      vertex 8.26457 6.2736 3.43543
      vertex 8.12662 6.01551 3.14703
      vertex 8.08606 6.05608 3.43543
    endloop
  endfacet
  facet normal -0.28476 0.938721 0.194203
    outer loop
      vertex 7.36229 5.60697 2.85297
      vertex 7.64233 5.69192 2.85297
      vertex 7.3511 5.66324 2.56457
    endloop
  endfacet
  facet normal -0.284752 0.938725 0.194194
    outer loop
      vertex 7.64233 5.69192 2.85297
      vertex 7.62037 5.74492 2.56457
      vertex 7.3511 5.66324 2.56457
    endloop
  endfacet
  facet normal -0.392538 0.734376 -0.55372
    outer loop
      vertex 7.71526 6.10697 3.95159
      vertex 7.80602 5.97113 3.70709
      vertex 7.57731 5.84888 3.70709
    endloop
  endfacet
  facet normal -0.435825 0.815359 -0.381112
    outer loop
      vertex 7.80602 5.97113 3.70709
      vertex 7.86854 5.87757 3.43543
      vertex 7.57731 5.84888 3.70709
    endloop
  endfacet
  facet normal -0.353616 0.430889 -0.830235
    outer loop
      vertex 7.74394 6.39819 4.15952
      vertex 7.59974 6.27985 4.15952
      vertex 7.46391 6.48314 4.32288
    endloop
  endfacet
  facet normal -0.353625 0.430872 -0.83024
    outer loop
      vertex 7.57106 6.57108 4.32288
      vertex 7.74394 6.39819 4.15952
      vertex 7.46391 6.48314 4.32288
    endloop
  endfacet
  facet normal 0.0694581 0.70541 -0.705388
    outer loop
      vertex 6.88542 6.13776 4.15952
      vertex 7.07107 6.11948 4.15952
      vertex 6.84486 5.93383 3.95159
    endloop
  endfacet
  facet normal -0.24172 0.796855 -0.553708
    outer loop
      vertex 7.51479 5.99981 3.95159
      vertex 7.57731 5.84888 3.70709
      vertex 7.29728 5.93383 3.95159
    endloop
  endfacet
  facet normal 0.081592 0.8287 -0.553714
    outer loop
      vertex 6.84486 5.93383 3.95159
      vertex 7.07107 5.74819 3.70709
      vertex 6.81299 5.7736 3.70709
    endloop
  endfacet
  facet normal 0.0905895 0.920085 -0.381101
    outer loop
      vertex 6.81299 5.7736 3.70709
      vertex 7.07107 5.74819 3.70709
      vertex 6.79103 5.66324 3.43543
    endloop
  endfacet
  facet normal 0.334163 0.625106 -0.705392
    outer loop
      vertex 6.70691 6.19191 4.15952
      vertex 6.62734 5.99981 3.95159
      vertex 6.42688 6.10697 3.95159
    endloop
  endfacet
  facet normal 0.334147 0.625129 -0.705379
    outer loop
      vertex 6.54239 6.27985 4.15952
      vertex 6.70691 6.19191 4.15952
      vertex 6.42688 6.10697 3.95159
    endloop
  endfacet
  facet normal 0.262764 0.491585 0.830241
    outer loop
      vertex 6.70691 6.19191 1.84048
      vertex 6.67823 6.48314 1.67712
      vertex 6.54239 6.27985 1.84048
    endloop
  endfacet
  facet normal 0.382411 0.0376784 0.923224
    outer loop
      vertex 6.64401 6.98612 1.56459
      vertex 6.63564 7.07107 1.56459
      vertex 6.37756 6.93312 1.67712
    endloop
  endfacet
  facet normal 0.0568583 0.187578 0.980603
    outer loop
      vertex 7.04238 6.92687 1.50722
      vertex 7.0148 6.93523 1.50722
      vertex 6.98612 6.64401 1.56459
    endloop
  endfacet
  facet normal -0.367715 0.111548 0.923224
    outer loop
      vertex 7.72434 6.80047 1.67712
      vertex 7.76458 6.93312 1.67712
      vertex 7.47335 6.90444 1.56459
    endloop
  endfacet
  facet normal 0.151535 -0.12433 0.980601
    outer loop
      vertex 6.94882 7.15275 1.50722
      vertex 6.9671 7.17503 1.50722
      vertex 6.76317 7.37896 1.56459
    endloop
  endfacet
  facet normal 0.382414 0.0376731 0.923223
    outer loop
      vertex 6.37756 6.93312 1.67712
      vertex 6.63564 7.07107 1.56459
      vertex 6.36397 7.07107 1.67712
    endloop
  endfacet
  facet normal 0.297046 0.243792 0.923217
    outer loop
      vertex 6.57108 6.57108 1.67712
      vertex 6.76317 6.76317 1.56459
      vertex 6.48314 6.67823 1.67712
    endloop
  endfacet
  facet normal 0.297058 0.24376 0.923221
    outer loop
      vertex 6.76317 6.76317 1.56459
      vertex 6.70902 6.82916 1.56459
      vertex 6.48314 6.67823 1.67712
    endloop
  endfacet
  facet normal 0.161814 -0.533414 0.830233
    outer loop
      vertex 6.80047 7.72434 1.67712
      vertex 6.93312 7.76458 1.67712
      vertex 6.70691 7.95022 1.84048
    endloop
  endfacet
  facet normal 0.0376342 -0.382419 0.923222
    outer loop
      vertex 6.98612 7.49813 1.56459
      vertex 7.07107 7.50649 1.56459
      vertex 6.93312 7.76458 1.67712
    endloop
  endfacet
  facet normal -0.172861 -0.0924009 0.980602
    outer loop
      vertex 7.47335 7.2377 1.56459
      vertex 7.43311 7.31298 1.56459
      vertex 7.2069 7.12733 1.50722
    endloop
  endfacet
  facet normal -0.0546546 -0.554733 0.830231
    outer loop
      vertex 7.20901 7.76458 1.67712
      vertex 7.25671 8.00437 1.84048
      vertex 7.07107 8.02266 1.84048
    endloop
  endfacet
  facet normal -0.0546113 -0.554718 0.830244
    outer loop
      vertex 7.20901 7.76458 1.67712
      vertex 7.07107 8.02266 1.84048
      vertex 7.07107 7.77816 1.67712
    endloop
  endfacet
  facet normal -0.161812 -0.533409 0.830236
    outer loop
      vertex 7.34166 7.72434 1.67712
      vertex 7.43523 7.95022 1.84048
      vertex 7.20901 7.76458 1.67712
    endloop
  endfacet
  facet normal -0.262749 -0.491598 0.830238
    outer loop
      vertex 7.46391 7.659 1.67712
      vertex 7.43523 7.95022 1.84048
      vertex 7.34166 7.72434 1.67712
    endloop
  endfacet
  facet normal -0.243781 -0.297033 0.923224
    outer loop
      vertex 7.57106 7.57106 1.67712
      vertex 7.46391 7.659 1.67712
      vertex 7.37896 7.37896 1.56459
    endloop
  endfacet
  facet normal -0.353632 -0.430881 0.830232
    outer loop
      vertex 7.57106 7.57106 1.67712
      vertex 7.74394 7.74394 1.84048
      vertex 7.46391 7.659 1.67712
    endloop
  endfacet
  facet normal -0.382414 0.0376454 0.923224
    outer loop
      vertex 7.76458 6.93312 1.67712
      vertex 7.77816 7.07107 1.67712
      vertex 7.50649 7.07107 1.56459
    endloop
  endfacet
  facet normal 0.12433 0.151535 0.980601
    outer loop
      vertex 6.98938 6.94882 1.50722
      vertex 6.9671 6.9671 1.50722
      vertex 6.76317 6.76317 1.56459
    endloop
  endfacet
  facet normal -0.0694781 -0.705415 0.705381
    outer loop
      vertex 7.29728 8.2083 2.04841
      vertex 7.07107 8.23058 2.04841
      vertex 7.07107 8.02266 1.84048
    endloop
  endfacet
  facet normal -0.0816193 -0.828685 0.553733
    outer loop
      vertex 7.29728 8.2083 2.04841
      vertex 7.07107 8.39395 2.2929
      vertex 7.07107 8.23058 2.04841
    endloop
  endfacet
  facet normal -0.528241 -0.643708 0.553716
    outer loop
      vertex 8.00649 8.00649 2.2929
      vertex 7.80602 8.171 2.2929
      vertex 7.71526 8.03517 2.04841
    endloop
  endfacet
  facet normal -0.268402 -0.884718 0.381097
    outer loop
      vertex 7.57731 8.29325 2.2929
      vertex 7.62037 8.39721 2.56457
      vertex 7.3511 8.4789 2.56457
    endloop
  endfacet
  facet normal -0.758306 -0.622311 0.194167
    outer loop
      vertex 8.26457 7.86854 2.56457
      vertex 8.12662 8.12662 2.85297
      vertex 8.08606 8.08606 2.56457
    endloop
  endfacet
  facet normal -0.714679 -0.586508 0.381107
    outer loop
      vertex 8.26457 7.86854 2.56457
      vertex 8.08606 8.08606 2.56457
      vertex 8.00649 8.00649 2.2929
    endloop
  endfacet
  facet normal -0.643684 -0.528253 0.553733
    outer loop
      vertex 8.03517 7.71526 2.04841
      vertex 8.00649 8.00649 2.2929
      vertex 7.89097 7.89097 2.04841
    endloop
  endfacet
  facet normal -0.547919 -0.449661 0.705401
    outer loop
      vertex 8.03517 7.71526 2.04841
      vertex 7.89097 7.89097 2.04841
      vertex 7.74394 7.74394 1.84048
    endloop
  endfacet
  facet normal -0.334129 -0.625131 -0.705386
    outer loop
      vertex 7.51479 8.14232 3.95159
      vertex 7.71526 8.03517 3.95159
      vertex 7.43523 7.95022 4.15952
    endloop
  endfacet
  facet normal -0.392527 -0.734389 -0.55371
    outer loop
      vertex 7.57731 8.29325 3.70709
      vertex 7.71526 8.03517 3.95159
      vertex 7.51479 8.14232 3.95159
    endloop
  endfacet
  facet normal -0.243781 -0.297033 -0.923224
    outer loop
      vertex 7.46391 7.659 4.32288
      vertex 7.57106 7.57106 4.32288
      vertex 7.37896 7.37896 4.43541
    endloop
  endfacet
  facet normal -0.297033 -0.243781 -0.923224
    outer loop
      vertex 7.57106 7.57106 4.32288
      vertex 7.659 7.46391 4.32288
      vertex 7.37896 7.37896 4.43541
    endloop
  endfacet
  facet normal -0.62513 -0.33413 -0.705387
    outer loop
      vertex 8.03517 7.71526 3.95159
      vertex 7.95022 7.43523 4.15952
      vertex 7.86229 7.59974 4.15952
    endloop
  endfacet
  facet normal -0.547912 -0.44969 -0.705387
    outer loop
      vertex 8.03517 7.71526 3.95159
      vertex 7.86229 7.59974 4.15952
      vertex 7.74394 7.74394 4.15952
    endloop
  endfacet
  facet normal -0.92007 -0.0906237 -0.381128
    outer loop
      vertex 8.4789 7.3511 3.43543
      vertex 8.39395 7.07107 3.70709
      vertex 8.36853 7.32915 3.70709
    endloop
  endfacet
  facet normal -0.884713 -0.268401 -0.381109
    outer loop
      vertex 8.39721 7.62037 3.43543
      vertex 8.4789 7.3511 3.43543
      vertex 8.29325 7.57731 3.70709
    endloop
  endfacet
  facet normal -0.554734 0.0546517 -0.830231
    outer loop
      vertex 8.02266 7.07107 4.15952
      vertex 8.00437 6.88542 4.15952
      vertex 7.76458 6.93312 4.32288
    endloop
  endfacet
  facet normal -0.6783 0.205759 -0.705388
    outer loop
      vertex 8.00437 6.88542 4.15952
      vertex 8.2083 6.84486 3.95159
      vertex 7.95022 6.70691 4.15952
    endloop
  endfacet
  facet normal -0.796852 0.241717 -0.553714
    outer loop
      vertex 8.36853 6.81299 3.70709
      vertex 8.29325 6.56482 3.70709
      vertex 8.2083 6.84486 3.95159
    endloop
  endfacet
  facet normal -0.796859 0.24171 -0.553708
    outer loop
      vertex 8.2083 6.84486 3.95159
      vertex 8.29325 6.56482 3.70709
      vertex 8.14232 6.62734 3.95159
    endloop
  endfacet
  facet normal -0.976245 0.0961395 -0.194172
    outer loop
      vertex 8.56384 7.07107 3.14703
      vertex 8.53516 6.77984 3.14703
      vertex 8.4789 6.79103 3.43543
    endloop
  endfacet
  facet normal -0.976246 0.0961465 -0.194166
    outer loop
      vertex 8.50648 7.07107 3.43543
      vertex 8.56384 7.07107 3.14703
      vertex 8.4789 6.79103 3.43543
    endloop
  endfacet
  facet normal -0.938727 -0.284762 0.194172
    outer loop
      vertex 8.4789 7.3511 2.56457
      vertex 8.53516 7.36229 2.85297
      vertex 8.45021 7.64233 2.85297
    endloop
  endfacet
  facet normal -0.938715 -0.284784 0.194195
    outer loop
      vertex 8.4789 7.3511 2.56457
      vertex 8.45021 7.64233 2.85297
      vertex 8.39721 7.62037 2.56457
    endloop
  endfacet
  facet normal -0.865137 0.46241 0.194205
    outer loop
      vertex 8.31227 6.24172 2.85297
      vertex 8.39721 6.52176 2.56457
      vertex 8.26457 6.2736 2.56457
    endloop
  endfacet
  facet normal -0.758285 0.622323 0.194209
    outer loop
      vertex 8.31227 6.24172 2.85297
      vertex 8.26457 6.2736 2.56457
      vertex 8.12662 6.01551 2.85297
    endloop
  endfacet
  facet normal -0.865151 0.462393 0.194183
    outer loop
      vertex 8.45021 6.49981 2.85297
      vertex 8.39721 6.52176 2.56457
      vertex 8.31227 6.24172 2.85297
    endloop
  endfacet
  facet normal -0.938724 0.284772 0.194172
    outer loop
      vertex 8.53516 6.77984 2.85297
      vertex 8.4789 6.79103 2.56457
      vertex 8.45021 6.49981 2.85297
    endloop
  endfacet
  facet normal -0.111558 -0.367719 -0.923221
    outer loop
      vertex 7.20901 7.76458 4.32288
      vertex 7.2377 7.47335 4.43541
      vertex 7.15602 7.49813 4.43541
    endloop
  endfacet
  facet normal -0.0569033 -0.187565 -0.980603
    outer loop
      vertex 7.15602 7.49813 4.43541
      vertex 7.2377 7.47335 4.43541
      vertex 7.12733 7.2069 4.49278
    endloop
  endfacet
  facet normal 0.195064 -0.0192193 -0.980602
    outer loop
      vertex 6.64401 7.15602 4.43541
      vertex 6.92687 7.09975 4.49278
      vertex 6.63564 7.07107 4.43541
    endloop
  endfacet
  facet normal 0.0376342 -0.382419 -0.923222
    outer loop
      vertex 7.07107 7.50649 4.43541
      vertex 6.98612 7.49813 4.43541
      vertex 6.93312 7.76458 4.32288
    endloop
  endfacet
  facet normal -0.0546113 -0.554718 -0.830244
    outer loop
      vertex 7.07107 8.02266 4.15952
      vertex 7.20901 7.76458 4.32288
      vertex 7.07107 7.77816 4.32288
    endloop
  endfacet
  facet normal 0.334138 -0.625117 -0.705393
    outer loop
      vertex 6.62734 8.14232 3.95159
      vertex 6.70691 7.95022 4.15952
      vertex 6.42688 8.03517 3.95159
    endloop
  endfacet
  facet normal 0.435823 -0.815355 -0.381124
    outer loop
      vertex 6.56482 8.29325 3.70709
      vertex 6.33611 8.171 3.70709
      vertex 6.2736 8.26457 3.43543
    endloop
  endfacet
  facet normal 0.338914 -0.181117 -0.923219
    outer loop
      vertex 6.70902 7.31298 4.43541
      vertex 6.66879 7.2377 4.43541
      vertex 6.48314 7.46391 4.32288
    endloop
  endfacet
  facet normal 0.338897 -0.181133 -0.923223
    outer loop
      vertex 6.48314 7.46391 4.32288
      vertex 6.66879 7.2377 4.43541
      vertex 6.4178 7.34166 4.32288
    endloop
  endfacet
  facet normal 0.111557 -0.367715 -0.923223
    outer loop
      vertex 6.93312 7.76458 4.32288
      vertex 6.98612 7.49813 4.43541
      vertex 6.90444 7.47335 4.43541
    endloop
  endfacet
  facet normal 0.111548 -0.367715 -0.923224
    outer loop
      vertex 6.93312 7.76458 4.32288
      vertex 6.90444 7.47335 4.43541
      vertex 6.80047 7.72434 4.32288
    endloop
  endfacet
  facet normal 0.0816237 -0.828696 -0.553715
    outer loop
      vertex 7.07107 8.39395 3.70709
      vertex 6.84486 8.2083 3.95159
      vertex 6.81299 8.36853 3.70709
    endloop
  endfacet
  facet normal 0.268369 -0.884712 -0.381135
    outer loop
      vertex 6.79103 8.4789 3.43543
      vertex 6.81299 8.36853 3.70709
      vertex 6.56482 8.29325 3.70709
    endloop
  endfacet
  facet normal -0.205746 -0.678298 -0.705394
    outer loop
      vertex 7.29728 8.2083 3.95159
      vertex 7.43523 7.95022 4.15952
      vertex 7.25671 8.00437 4.15952
    endloop
  endfacet
  facet normal -0.069499 -0.705402 -0.705392
    outer loop
      vertex 7.29728 8.2083 3.95159
      vertex 7.25671 8.00437 4.15952
      vertex 7.07107 8.02266 4.15952
    endloop
  endfacet
  facet normal -0.284762 -0.938727 -0.194172
    outer loop
      vertex 7.36229 8.53516 3.14703
      vertex 7.64233 8.45021 3.14703
      vertex 7.3511 8.4789 3.43543
    endloop
  endfacet
  facet normal 0.81536 0.435838 0.381095
    outer loop
      vertex 5.87757 6.2736 2.56457
      vertex 5.84888 6.56482 2.2929
      vertex 5.74492 6.52176 2.56457
    endloop
  endfacet
  facet normal 0.865137 0.462419 0.194183
    outer loop
      vertex 5.82987 6.24172 2.85297
      vertex 5.74492 6.52176 2.56457
      vertex 5.69192 6.49981 2.85297
    endloop
  endfacet
  facet normal 0.920086 -0.0905897 -0.381098
    outer loop
      vertex 5.7736 7.32915 3.70709
      vertex 5.74819 7.07107 3.70709
      vertex 5.66324 7.3511 3.43543
    endloop
  endfacet
  facet normal 0.678298 -0.205746 -0.705394
    outer loop
      vertex 6.19191 7.43523 4.15952
      vertex 6.13776 7.25671 4.15952
      vertex 5.93383 7.29728 3.95159
    endloop
  endfacet
  facet normal 0.382413 -0.0376758 -0.923223
    outer loop
      vertex 6.37756 7.20901 4.32288
      vertex 6.63564 7.07107 4.43541
      vertex 6.36397 7.07107 4.32288
    endloop
  endfacet
  facet normal 0.625112 -0.334158 -0.705388
    outer loop
      vertex 6.27985 7.59974 4.15952
      vertex 6.19191 7.43523 4.15952
      vertex 6.10697 7.71526 3.95159
    endloop
  endfacet
  facet normal 0.533405 -0.161796 -0.830241
    outer loop
      vertex 6.19191 7.43523 4.15952
      vertex 6.37756 7.20901 4.32288
      vertex 6.13776 7.25671 4.15952
    endloop
  endfacet
  facet normal 0.796855 -0.24172 -0.553708
    outer loop
      vertex 5.99981 7.51479 3.95159
      vertex 5.93383 7.29728 3.95159
      vertex 5.84888 7.57731 3.70709
    endloop
  endfacet
  facet normal 0.382412 -0.0376785 -0.923223
    outer loop
      vertex 6.64401 7.15602 4.43541
      vertex 6.63564 7.07107 4.43541
      vertex 6.37756 7.20901 4.32288
    endloop
  endfacet
  facet normal 0.367719 -0.111558 -0.923221
    outer loop
      vertex 6.66879 7.2377 4.43541
      vertex 6.64401 7.15602 4.43541
      vertex 6.37756 7.20901 4.32288
    endloop
  endfacet
  facet normal 0.554723 0.0546207 -0.83024
    outer loop
      vertex 6.37756 6.93312 4.32288
      vertex 6.13776 6.88542 4.15952
      vertex 6.11948 7.07107 4.15952
    endloop
  endfacet
  facet normal 0.705398 0.0694765 -0.705398
    outer loop
      vertex 6.11948 7.07107 4.15952
      vertex 5.93383 6.84486 3.95159
      vertex 5.91155 7.07107 3.95159
    endloop
  endfacet
  facet normal 0.0546517 -0.554734 0.830231
    outer loop
      vertex 6.93312 7.76458 1.67712
      vertex 7.07107 8.02266 1.84048
      vertex 6.88542 8.00437 1.84048
    endloop
  endfacet
  facet normal 0.0546073 -0.554719 0.830244
    outer loop
      vertex 7.07107 7.77816 1.67712
      vertex 7.07107 8.02266 1.84048
      vertex 6.93312 7.76458 1.67712
    endloop
  endfacet
  facet normal 0.625112 -0.334158 0.705388
    outer loop
      vertex 6.19191 7.43523 1.84048
      vertex 6.27985 7.59974 1.84048
      vertex 6.10697 7.71526 2.04841
    endloop
  endfacet
  facet normal 0.547929 -0.449667 0.705389
    outer loop
      vertex 6.27985 7.59974 1.84048
      vertex 6.39819 7.74394 1.84048
      vertex 6.10697 7.71526 2.04841
    endloop
  endfacet
  facet normal 0.622309 -0.758303 -0.194188
    outer loop
      vertex 6.2736 8.26457 3.43543
      vertex 6.05608 8.08606 3.43543
      vertex 6.01551 8.12662 3.14703
    endloop
  endfacet
  facet normal 0.758302 -0.622308 -0.194193
    outer loop
      vertex 6.01551 8.12662 3.14703
      vertex 6.05608 8.08606 3.43543
      vertex 5.87757 7.86854 3.43543
    endloop
  endfacet
  facet normal 0.634402 -0.773003 0
    outer loop
      vertex 6.01551 8.12662 2.85297
      vertex 6.24172 8.31227 3.14703
      vertex 6.01551 8.12662 3.14703
    endloop
  endfacet
  facet normal 0.634402 -0.773003 0
    outer loop
      vertex 6.24172 8.31227 3.14703
      vertex 6.01551 8.12662 2.85297
      vertex 6.24172 8.31227 2.85297
    endloop
  endfacet
  facet normal -0.195069 0.0191969 0.980602
    outer loop
      vertex 7.49813 6.98612 1.56459
      vertex 7.50649 7.07107 1.56459
      vertex 7.21527 7.04238 1.50722
    endloop
  endfacet
  facet normal -0.382419 0.0376342 0.923222
    outer loop
      vertex 7.76458 6.93312 1.67712
      vertex 7.50649 7.07107 1.56459
      vertex 7.49813 6.98612 1.56459
    endloop
  endfacet
  facet normal 0.111548 0.367715 0.923224
    outer loop
      vertex 6.93312 6.37756 1.67712
      vertex 6.90444 6.66879 1.56459
      vertex 6.80047 6.4178 1.67712
    endloop
  endfacet
  facet normal 0.205759 0.6783 0.705388
    outer loop
      vertex 6.84486 5.93383 2.04841
      vertex 6.88542 6.13776 1.84048
      vertex 6.70691 6.19191 1.84048
    endloop
  endfacet
  facet normal -0.262742 0.491586 0.830247
    outer loop
      vertex 7.43523 6.19191 1.84048
      vertex 7.46391 6.48314 1.67712
      vertex 7.34166 6.4178 1.67712
    endloop
  endfacet
  facet normal -0.172856 0.0924121 0.980602
    outer loop
      vertex 7.43311 6.82916 1.56459
      vertex 7.2069 7.0148 1.50722
      vertex 7.19331 6.98938 1.50722
    endloop
  endfacet
  facet normal -0.0569052 0.187571 0.980601
    outer loop
      vertex 7.15602 6.64401 1.56459
      vertex 7.2377 6.66879 1.56459
      vertex 7.12733 6.93523 1.50722
    endloop
  endfacet
  facet normal -0.0923848 0.172874 0.980602
    outer loop
      vertex 7.2377 6.66879 1.56459
      vertex 7.31298 6.70902 1.56459
      vertex 7.12733 6.93523 1.50722
    endloop
  endfacet
  facet normal -0.0546529 0.554733 0.830232
    outer loop
      vertex 7.20901 6.37756 1.67712
      vertex 7.07107 6.36397 1.67712
      vertex 7.07107 6.11948 1.84048
    endloop
  endfacet
  facet normal -0.0376785 0.382412 0.923223
    outer loop
      vertex 7.20901 6.37756 1.67712
      vertex 7.15602 6.64401 1.56459
      vertex 7.07107 6.63564 1.56459
    endloop
  endfacet
  facet normal -0.533414 0.161814 0.830233
    outer loop
      vertex 7.95022 6.70691 1.84048
      vertex 7.76458 6.93312 1.67712
      vertex 7.72434 6.80047 1.67712
    endloop
  endfacet
  facet normal -0.491599 0.262742 0.830239
    outer loop
      vertex 7.86229 6.54239 1.84048
      vertex 7.95022 6.70691 1.84048
      vertex 7.659 6.67823 1.67712
    endloop
  endfacet
  facet normal 0.533403 0.161805 0.830241
    outer loop
      vertex 6.19191 6.70691 1.84048
      vertex 6.37756 6.93312 1.67712
      vertex 6.13776 6.88542 1.84048
    endloop
  endfacet
  facet normal 0.6783 0.205759 0.705388
    outer loop
      vertex 6.19191 6.70691 1.84048
      vertex 6.13776 6.88542 1.84048
      vertex 5.93383 6.84486 2.04841
    endloop
  endfacet
  facet normal 0.758299 0.622306 0.194213
    outer loop
      vertex 6.01551 6.01551 2.85297
      vertex 6.05608 6.05608 2.56457
      vertex 5.87757 6.2736 2.56457
    endloop
  endfacet
  facet normal 0.758302 0.622303 0.194209
    outer loop
      vertex 6.01551 6.01551 2.85297
      vertex 5.87757 6.2736 2.56457
      vertex 5.82987 6.24172 2.85297
    endloop
  endfacet
  facet normal 0.73436 0.39253 0.553746
    outer loop
      vertex 5.97113 6.33611 2.2929
      vertex 6.10697 6.42688 2.04841
      vertex 5.84888 6.56482 2.2929
    endloop
  endfacet
  facet normal 0.625106 0.334163 0.705392
    outer loop
      vertex 6.10697 6.42688 2.04841
      vertex 6.19191 6.70691 1.84048
      vertex 5.99981 6.62734 2.04841
    endloop
  endfacet
  facet normal 0.528259 -0.643692 -0.553717
    outer loop
      vertex 6.42688 8.03517 3.95159
      vertex 6.25117 7.89097 3.95159
      vertex 6.13565 8.00649 3.70709
    endloop
  endfacet
  facet normal 0.449667 -0.547927 -0.70539
    outer loop
      vertex 6.42688 8.03517 3.95159
      vertex 6.39819 7.74394 4.15952
      vertex 6.25117 7.89097 3.95159
    endloop
  endfacet
  facet normal -0.586505 -0.714675 -0.381119
    outer loop
      vertex 8.08606 8.08606 3.43543
      vertex 8.00649 8.00649 3.70709
      vertex 7.86854 8.26457 3.43543
    endloop
  endfacet
  facet normal -0.622311 -0.758306 -0.194167
    outer loop
      vertex 8.12662 8.12662 3.14703
      vertex 8.08606 8.08606 3.43543
      vertex 7.86854 8.26457 3.43543
    endloop
  endfacet
  facet normal 0.26837 -0.884716 0.381123
    outer loop
      vertex 6.81299 8.36853 2.2929
      vertex 6.79103 8.4789 2.56457
      vertex 6.56482 8.29325 2.2929
    endloop
  endfacet
  facet normal 0.0906241 -0.920074 0.381119
    outer loop
      vertex 6.81299 8.36853 2.2929
      vertex 7.07107 8.39395 2.2929
      vertex 6.79103 8.4789 2.56457
    endloop
  endfacet
  facet normal -0.0961499 -0.976245 0.194166
    outer loop
      vertex 7.3511 8.4789 2.56457
      vertex 7.07107 8.56384 2.85297
      vertex 7.07107 8.50648 2.56457
    endloop
  endfacet
  facet normal -0.0906179 -0.920078 0.381111
    outer loop
      vertex 7.3511 8.4789 2.56457
      vertex 7.07107 8.50648 2.56457
      vertex 7.07107 8.39395 2.2929
    endloop
  endfacet
  facet normal 0.0980048 -0.995186 0
    outer loop
      vertex 6.77984 8.53516 2.85297
      vertex 7.07107 8.56384 3.14703
      vertex 6.77984 8.53516 3.14703
    endloop
  endfacet
  facet normal 0.0980048 -0.995186 0
    outer loop
      vertex 7.07107 8.56384 3.14703
      vertex 6.77984 8.53516 2.85297
      vertex 7.07107 8.56384 2.85297
    endloop
  endfacet
  facet normal 0.284772 -0.938724 -0.194172
    outer loop
      vertex 6.77984 8.53516 3.14703
      vertex 6.79103 8.4789 3.43543
      vertex 6.49981 8.45021 3.14703
    endloop
  endfacet
  facet normal 0.0906236 -0.920069 -0.381131
    outer loop
      vertex 7.07107 8.39395 3.70709
      vertex 6.81299 8.36853 3.70709
      vertex 6.79103 8.4789 3.43543
    endloop
  endfacet
  facet normal 0.0906143 -0.920073 -0.381123
    outer loop
      vertex 7.07107 8.50648 3.43543
      vertex 7.07107 8.39395 3.70709
      vertex 6.79103 8.4789 3.43543
    endloop
  endfacet
  facet normal 0.705407 -0.0694616 0.70539
    outer loop
      vertex 6.11948 7.07107 1.84048
      vertex 6.13776 7.25671 1.84048
      vertex 5.93383 7.29728 2.04841
    endloop
  endfacet
  facet normal 0.705398 -0.0694765 0.705398
    outer loop
      vertex 6.11948 7.07107 1.84048
      vertex 5.93383 7.29728 2.04841
      vertex 5.91155 7.07107 2.04841
    endloop
  endfacet
  facet normal 0.79684 -0.241723 0.55373
    outer loop
      vertex 5.93383 7.29728 2.04841
      vertex 5.84888 7.57731 2.2929
      vertex 5.7736 7.32915 2.2929
    endloop
  endfacet
  facet normal 0.884728 -0.268385 0.381086
    outer loop
      vertex 5.7736 7.32915 2.2929
      vertex 5.84888 7.57731 2.2929
      vertex 5.66324 7.3511 2.56457
    endloop
  endfacet
  facet normal 0.172877 0.0923863 -0.980601
    outer loop
      vertex 6.93523 7.0148 4.49278
      vertex 6.70902 6.82916 4.43541
      vertex 6.66879 6.90444 4.43541
    endloop
  endfacet
  facet normal -0.195066 0.0191735 -0.980603
    outer loop
      vertex 7.21809 7.07107 4.49278
      vertex 7.50649 7.07107 4.43541
      vertex 7.21527 7.04238 4.49278
    endloop
  endfacet
  facet normal -0.12433 0.151535 -0.980601
    outer loop
      vertex 7.17503 6.9671 4.49278
      vertex 7.37896 6.76317 4.43541
      vertex 7.15275 6.94882 4.49278
    endloop
  endfacet
  facet normal -0.151535 0.12433 -0.980601
    outer loop
      vertex 7.19331 6.98938 4.49278
      vertex 7.37896 6.76317 4.43541
      vertex 7.17503 6.9671 4.49278
    endloop
  endfacet
  facet normal 0.338886 0.181142 -0.923225
    outer loop
      vertex 6.66879 6.90444 4.43541
      vertex 6.48314 6.67823 4.32288
      vertex 6.4178 6.80047 4.32288
    endloop
  endfacet
  facet normal 0.367715 0.111548 -0.923224
    outer loop
      vertex 6.66879 6.90444 4.43541
      vertex 6.4178 6.80047 4.32288
      vertex 6.37756 6.93312 4.32288
    endloop
  endfacet
  facet normal -0.796842 0.241714 0.55373
    outer loop
      vertex 8.29325 6.56482 2.2929
      vertex 8.36853 6.81299 2.2929
      vertex 8.2083 6.84486 2.04841
    endloop
  endfacet
  facet normal -0.920074 0.0906241 0.381119
    outer loop
      vertex 8.4789 6.79103 2.56457
      vertex 8.39395 7.07107 2.2929
      vertex 8.36853 6.81299 2.2929
    endloop
  endfacet
  facet normal -0.815373 0.435812 0.381096
    outer loop
      vertex 8.39721 6.52176 2.56457
      vertex 8.29325 6.56482 2.2929
      vertex 8.26457 6.2736 2.56457
    endloop
  endfacet
  facet normal -0.815359 0.435825 0.381112
    outer loop
      vertex 8.26457 6.2736 2.56457
      vertex 8.29325 6.56482 2.2929
      vertex 8.171 6.33611 2.2929
    endloop
  endfacet
  facet normal -0.554719 0.0546073 0.830244
    outer loop
      vertex 8.02266 7.07107 1.84048
      vertex 7.77816 7.07107 1.67712
      vertex 7.76458 6.93312 1.67712
    endloop
  endfacet
  facet normal -0.554718 -0.0546113 0.830244
    outer loop
      vertex 7.77816 7.07107 1.67712
      vertex 8.02266 7.07107 1.84048
      vertex 7.76458 7.20901 1.67712
    endloop
  endfacet
  facet normal -0.79684 -0.241723 0.55373
    outer loop
      vertex 8.36853 7.32915 2.2929
      vertex 8.29325 7.57731 2.2929
      vertex 8.2083 7.29728 2.04841
    endloop
  endfacet
  facet normal -0.828686 -0.0816227 0.553731
    outer loop
      vertex 8.39395 7.07107 2.2929
      vertex 8.36853 7.32915 2.2929
      vertex 8.2083 7.29728 2.04841
    endloop
  endfacet
  facet normal -0.491598 -0.262757 0.830235
    outer loop
      vertex 7.95022 7.43523 1.84048
      vertex 7.86229 7.59974 1.84048
      vertex 7.659 7.46391 1.67712
    endloop
  endfacet
  facet normal -0.430876 -0.353635 0.830234
    outer loop
      vertex 7.86229 7.59974 1.84048
      vertex 7.74394 7.74394 1.84048
      vertex 7.659 7.46391 1.67712
    endloop
  endfacet
  facet normal -0.491598 -0.262749 0.830238
    outer loop
      vertex 7.72434 7.34166 1.67712
      vertex 7.95022 7.43523 1.84048
      vertex 7.659 7.46391 1.67712
    endloop
  endfacet
  facet normal -0.533409 -0.161812 0.830236
    outer loop
      vertex 7.76458 7.20901 1.67712
      vertex 7.95022 7.43523 1.84048
      vertex 7.72434 7.34166 1.67712
    endloop
  endfacet
  facet normal -0.435828 0.815363 0.3811
    outer loop
      vertex 7.86854 5.87757 2.56457
      vertex 7.80602 5.97113 2.2929
      vertex 7.57731 5.84888 2.2929
    endloop
  endfacet
  facet normal -0.734373 0.392537 0.553726
    outer loop
      vertex 8.171 6.33611 2.2929
      vertex 8.29325 6.56482 2.2929
      vertex 8.03517 6.42688 2.04841
    endloop
  endfacet
  facet normal 0.471391 0.881924 -0
    outer loop
      vertex 6.49981 5.69192 2.85297
      vertex 6.24172 5.82987 3.14703
      vertex 6.49981 5.69192 3.14703
    endloop
  endfacet
  facet normal 0.471391 0.881924 0
    outer loop
      vertex 6.24172 5.82987 3.14703
      vertex 6.49981 5.69192 2.85297
      vertex 6.24172 5.82987 2.85297
    endloop
  endfacet
  facet normal 0.0923863 0.172877 -0.980601
    outer loop
      vertex 7.0148 6.93523 4.49278
      vertex 6.90444 6.66879 4.43541
      vertex 6.82916 6.70902 4.43541
    endloop
  endfacet
  facet normal 0.187571 -0.0569052 -0.980601
    outer loop
      vertex 6.66879 7.2377 4.43541
      vertex 6.93523 7.12733 4.49278
      vertex 6.64401 7.15602 4.43541
    endloop
  endfacet
  facet normal 0.187576 -0.0568578 -0.980603
    outer loop
      vertex 6.93523 7.12733 4.49278
      vertex 6.92687 7.09975 4.49278
      vertex 6.64401 7.15602 4.43541
    endloop
  endfacet
  facet normal -0.0191802 -0.195066 -0.980602
    outer loop
      vertex 7.07107 7.50649 4.43541
      vertex 7.09975 7.21527 4.49278
      vertex 7.07107 7.21809 4.49278
    endloop
  endfacet
  facet normal 0.172853 -0.0924106 -0.980603
    outer loop
      vertex 6.94882 7.15275 4.49278
      vertex 6.93523 7.12733 4.49278
      vertex 6.70902 7.31298 4.43541
    endloop
  endfacet
  facet normal -0.367715 0.111557 -0.923223
    outer loop
      vertex 7.49813 6.98612 4.43541
      vertex 7.76458 6.93312 4.32288
      vertex 7.47335 6.90444 4.43541
    endloop
  endfacet
  facet normal -0.430868 0.353629 -0.830241
    outer loop
      vertex 7.86229 6.54239 4.15952
      vertex 7.74394 6.39819 4.15952
      vertex 7.659 6.67823 4.32288
    endloop
  endfacet
  facet normal -0.705404 0.0694955 -0.70539
    outer loop
      vertex 8.02266 7.07107 4.15952
      vertex 8.2083 6.84486 3.95159
      vertex 8.00437 6.88542 4.15952
    endloop
  endfacet
  facet normal -0.705415 0.0694781 -0.705381
    outer loop
      vertex 8.23058 7.07107 3.95159
      vertex 8.2083 6.84486 3.95159
      vertex 8.02266 7.07107 4.15952
    endloop
  endfacet
  facet normal -0.54792 0.449697 -0.705377
    outer loop
      vertex 7.86229 6.54239 4.15952
      vertex 8.03517 6.42688 3.95159
      vertex 7.74394 6.39819 4.15952
    endloop
  endfacet
  facet normal -0.643692 0.528259 -0.553717
    outer loop
      vertex 8.03517 6.42688 3.95159
      vertex 8.00649 6.13565 3.70709
      vertex 7.89097 6.25117 3.95159
    endloop
  endfacet
  facet normal -0.151514 -0.124348 -0.980603
    outer loop
      vertex 7.37896 7.37896 4.43541
      vertex 7.43311 7.31298 4.43541
      vertex 7.19331 7.15275 4.49278
    endloop
  endfacet
  facet normal -0.151535 -0.12433 -0.980601
    outer loop
      vertex 7.37896 7.37896 4.43541
      vertex 7.19331 7.15275 4.49278
      vertex 7.17503 7.17503 4.49278
    endloop
  endfacet
  facet normal -0.533409 -0.161812 -0.830236
    outer loop
      vertex 7.95022 7.43523 4.15952
      vertex 7.76458 7.20901 4.32288
      vertex 7.72434 7.34166 4.32288
    endloop
  endfacet
  facet normal -0.491598 -0.262749 -0.830238
    outer loop
      vertex 7.95022 7.43523 4.15952
      vertex 7.72434 7.34166 4.32288
      vertex 7.659 7.46391 4.32288
    endloop
  endfacet
  facet normal 0.0192194 0.195064 -0.980602
    outer loop
      vertex 7.04238 6.92687 4.49278
      vertex 7.07107 6.63564 4.43541
      vertex 6.98612 6.64401 4.43541
    endloop
  endfacet
  facet normal -0.195069 0.0191969 -0.980602
    outer loop
      vertex 7.50649 7.07107 4.43541
      vertex 7.49813 6.98612 4.43541
      vertex 7.21527 7.04238 4.49278
    endloop
  endfacet
  facet normal -0.714675 0.586505 -0.381119
    outer loop
      vertex 8.26457 6.2736 3.43543
      vertex 8.08606 6.05608 3.43543
      vertex 8.00649 6.13565 3.70709
    endloop
  endfacet
  facet normal -0.586505 0.714675 -0.381119
    outer loop
      vertex 8.00649 6.13565 3.70709
      vertex 8.08606 6.05608 3.43543
      vertex 7.86854 5.87757 3.43543
    endloop
  endfacet
  facet normal -0.586511 0.714672 -0.381114
    outer loop
      vertex 8.00649 6.13565 3.70709
      vertex 7.86854 5.87757 3.43543
      vertex 7.80602 5.97113 3.70709
    endloop
  endfacet
  facet normal -0.528259 0.643692 -0.553717
    outer loop
      vertex 8.00649 6.13565 3.70709
      vertex 7.80602 5.97113 3.70709
      vertex 7.71526 6.10697 3.95159
    endloop
  endfacet
  facet normal -0.161808 0.533395 -0.830246
    outer loop
      vertex 7.34166 6.4178 4.32288
      vertex 7.43523 6.19191 4.15952
      vertex 7.20901 6.37756 4.32288
    endloop
  endfacet
  facet normal -0.0376785 0.382412 -0.923223
    outer loop
      vertex 7.15602 6.64401 4.43541
      vertex 7.20901 6.37756 4.32288
      vertex 7.07107 6.63564 4.43541
    endloop
  endfacet
  facet normal 0.205747 0.678298 -0.705393
    outer loop
      vertex 6.70691 6.19191 4.15952
      vertex 6.84486 5.93383 3.95159
      vertex 6.62734 5.99981 3.95159
    endloop
  endfacet
  facet normal 0.24171 0.796859 -0.553708
    outer loop
      vertex 6.62734 5.99981 3.95159
      vertex 6.84486 5.93383 3.95159
      vertex 6.56482 5.84888 3.70709
    endloop
  endfacet
  facet normal 0.0816218 0.82871 -0.553694
    outer loop
      vertex 7.07107 5.91155 3.95159
      vertex 7.07107 5.74819 3.70709
      vertex 6.84486 5.93383 3.95159
    endloop
  endfacet
  facet normal -0.081592 0.8287 -0.553714
    outer loop
      vertex 7.29728 5.93383 3.95159
      vertex 7.32915 5.7736 3.70709
      vertex 7.07107 5.74819 3.70709
    endloop
  endfacet
  facet normal 0.124338 -0.151525 0.980602
    outer loop
      vertex 6.98938 7.19331 1.50722
      vertex 6.82916 7.43311 1.56459
      vertex 6.76317 7.37896 1.56459
    endloop
  endfacet
  facet normal 0.0376784 0.382411 0.923224
    outer loop
      vertex 7.07107 6.63564 1.56459
      vertex 6.98612 6.64401 1.56459
      vertex 6.93312 6.37756 1.67712
    endloop
  endfacet
  facet normal 0.0924121 -0.172856 0.980602
    outer loop
      vertex 6.98938 7.19331 1.50722
      vertex 7.0148 7.2069 1.50722
      vertex 6.82916 7.43311 1.56459
    endloop
  endfacet
  facet normal -0.297051 0.243754 0.923225
    outer loop
      vertex 7.659 6.67823 1.67712
      vertex 7.43311 6.82916 1.56459
      vertex 7.37896 6.76317 1.56459
    endloop
  endfacet
  facet normal 0.0191735 -0.195066 0.980603
    outer loop
      vertex 7.07107 7.21809 1.50722
      vertex 7.07107 7.50649 1.56459
      vertex 7.04238 7.21527 1.50722
    endloop
  endfacet
  facet normal 0.353618 0.430864 0.830247
    outer loop
      vertex 6.67823 6.48314 1.67712
      vertex 6.57108 6.57108 1.67712
      vertex 6.39819 6.39819 1.84048
    endloop
  endfacet
  facet normal 0.367719 -0.111558 0.923221
    outer loop
      vertex 6.64401 7.15602 1.56459
      vertex 6.66879 7.2377 1.56459
      vertex 6.37756 7.20901 1.67712
    endloop
  endfacet
  facet normal 0.367715 0.111557 0.923223
    outer loop
      vertex 6.66879 6.90444 1.56459
      vertex 6.64401 6.98612 1.56459
      vertex 6.37756 6.93312 1.67712
    endloop
  endfacet
  facet normal 0.430882 0.35361 0.830242
    outer loop
      vertex 6.39819 6.39819 1.84048
      vertex 6.48314 6.67823 1.67712
      vertex 6.27985 6.54239 1.84048
    endloop
  endfacet
  facet normal 0.491585 0.262763 0.830241
    outer loop
      vertex 6.48314 6.67823 1.67712
      vertex 6.4178 6.80047 1.67712
      vertex 6.19191 6.70691 1.84048
    endloop
  endfacet
  facet normal 0.491585 0.262764 0.830241
    outer loop
      vertex 6.27985 6.54239 1.84048
      vertex 6.48314 6.67823 1.67712
      vertex 6.19191 6.70691 1.84048
    endloop
  endfacet
  facet normal 0.533399 0.161809 0.830243
    outer loop
      vertex 6.4178 6.80047 1.67712
      vertex 6.37756 6.93312 1.67712
      vertex 6.19191 6.70691 1.84048
    endloop
  endfacet
  facet normal 0.0569039 -0.187567 0.980602
    outer loop
      vertex 7.0148 7.2069 1.50722
      vertex 6.98612 7.49813 1.56459
      vertex 6.90444 7.47335 1.56459
    endloop
  endfacet
  facet normal 0.181146 -0.338883 0.923225
    outer loop
      vertex 6.82916 7.43311 1.56459
      vertex 6.90444 7.47335 1.56459
      vertex 6.67823 7.659 1.67712
    endloop
  endfacet
  facet normal -0.0376758 0.382413 0.923223
    outer loop
      vertex 7.20901 6.37756 1.67712
      vertex 7.07107 6.63564 1.56459
      vertex 7.07107 6.36397 1.67712
    endloop
  endfacet
  facet normal -0.0568578 0.187576 0.980603
    outer loop
      vertex 7.15602 6.64401 1.56459
      vertex 7.12733 6.93523 1.50722
      vertex 7.09975 6.92687 1.50722
    endloop
  endfacet
  facet normal -0.243777 -0.297035 0.923224
    outer loop
      vertex 7.37896 7.37896 1.56459
      vertex 7.46391 7.659 1.67712
      vertex 7.31298 7.43311 1.56459
    endloop
  endfacet
  facet normal -0.338883 -0.181146 0.923225
    outer loop
      vertex 7.47335 7.2377 1.56459
      vertex 7.659 7.46391 1.67712
      vertex 7.43311 7.31298 1.56459
    endloop
  endfacet
  facet normal -0.151514 -0.124348 0.980603
    outer loop
      vertex 7.43311 7.31298 1.56459
      vertex 7.37896 7.37896 1.56459
      vertex 7.19331 7.15275 1.50722
    endloop
  endfacet
  facet normal -0.172853 -0.0924106 0.980603
    outer loop
      vertex 7.2069 7.12733 1.50722
      vertex 7.43311 7.31298 1.56459
      vertex 7.19331 7.15275 1.50722
    endloop
  endfacet
  facet normal -0.367719 -0.111558 0.923221
    outer loop
      vertex 7.49813 7.15602 1.56459
      vertex 7.76458 7.20901 1.67712
      vertex 7.47335 7.2377 1.56459
    endloop
  endfacet
  facet normal -0.205757 -0.6783 0.705389
    outer loop
      vertex 7.43523 7.95022 1.84048
      vertex 7.51479 8.14232 2.04841
      vertex 7.29728 8.2083 2.04841
    endloop
  endfacet
  facet normal -0.241723 -0.79684 0.55373
    outer loop
      vertex 7.57731 8.29325 2.2929
      vertex 7.32915 8.36853 2.2929
      vertex 7.29728 8.2083 2.04841
    endloop
  endfacet
  facet normal -0.069499 -0.705402 0.705392
    outer loop
      vertex 7.25671 8.00437 1.84048
      vertex 7.29728 8.2083 2.04841
      vertex 7.07107 8.02266 1.84048
    endloop
  endfacet
  facet normal -0.205746 -0.678298 0.705394
    outer loop
      vertex 7.43523 7.95022 1.84048
      vertex 7.29728 8.2083 2.04841
      vertex 7.25671 8.00437 1.84048
    endloop
  endfacet
  facet normal -0.622311 -0.758306 0.194167
    outer loop
      vertex 8.08606 8.08606 2.56457
      vertex 8.12662 8.12662 2.85297
      vertex 7.86854 8.26457 2.56457
    endloop
  endfacet
  facet normal -0.586508 -0.714679 0.381107
    outer loop
      vertex 8.00649 8.00649 2.2929
      vertex 8.08606 8.08606 2.56457
      vertex 7.86854 8.26457 2.56457
    endloop
  endfacet
  facet normal -0.643716 -0.528247 -0.5537
    outer loop
      vertex 8.171 7.80602 3.70709
      vertex 8.03517 7.71526 3.95159
      vertex 8.00649 8.00649 3.70709
    endloop
  endfacet
  facet normal -0.643692 -0.528259 -0.553717
    outer loop
      vertex 8.00649 8.00649 3.70709
      vertex 8.03517 7.71526 3.95159
      vertex 7.89097 7.89097 3.95159
    endloop
  endfacet
  facet normal -0.884712 -0.26838 -0.381126
    outer loop
      vertex 8.4789 7.3511 3.43543
      vertex 8.36853 7.32915 3.70709
      vertex 8.29325 7.57731 3.70709
    endloop
  endfacet
  facet normal -0.79685 -0.241726 -0.553714
    outer loop
      vertex 8.29325 7.57731 3.70709
      vertex 8.36853 7.32915 3.70709
      vertex 8.2083 7.29728 3.95159
    endloop
  endfacet
  facet normal -0.828695 0.0816203 -0.553717
    outer loop
      vertex 8.23058 7.07107 3.95159
      vertex 8.39395 7.07107 3.70709
      vertex 8.2083 6.84486 3.95159
    endloop
  endfacet
  facet normal -0.828695 -0.0816203 -0.553717
    outer loop
      vertex 8.39395 7.07107 3.70709
      vertex 8.23058 7.07107 3.95159
      vertex 8.2083 7.29728 3.95159
    endloop
  endfacet
  facet normal -0.865151 0.462393 -0.194183
    outer loop
      vertex 8.39721 6.52176 3.43543
      vertex 8.45021 6.49981 3.14703
      vertex 8.31227 6.24172 3.14703
    endloop
  endfacet
  facet normal -0.956937 0.290297 0
    outer loop
      vertex 8.45021 6.49981 2.85297
      vertex 8.53516 6.77984 3.14703
      vertex 8.53516 6.77984 2.85297
    endloop
  endfacet
  facet normal -0.956937 0.290297 0
    outer loop
      vertex 8.53516 6.77984 3.14703
      vertex 8.45021 6.49981 2.85297
      vertex 8.45021 6.49981 3.14703
    endloop
  endfacet
  facet normal 0.195066 -0.0192482 -0.980601
    outer loop
      vertex 6.92687 7.09975 4.49278
      vertex 6.92404 7.07107 4.49278
      vertex 6.63564 7.07107 4.43541
    endloop
  endfacet
  facet normal 0.195066 0.0192415 -0.980601
    outer loop
      vertex 6.92404 7.07107 4.49278
      vertex 6.92687 7.04238 4.49278
      vertex 6.63564 7.07107 4.43541
    endloop
  endfacet
  facet normal -0.0191968 -0.195068 -0.980602
    outer loop
      vertex 7.15602 7.49813 4.43541
      vertex 7.09975 7.21527 4.49278
      vertex 7.07107 7.50649 4.43541
    endloop
  endfacet
  facet normal -0.0376343 -0.38242 -0.923222
    outer loop
      vertex 7.20901 7.76458 4.32288
      vertex 7.15602 7.49813 4.43541
      vertex 7.07107 7.50649 4.43541
    endloop
  endfacet
  facet normal 0.262742 -0.491599 -0.830239
    outer loop
      vertex 6.70691 7.95022 4.15952
      vertex 6.67823 7.659 4.32288
      vertex 6.54239 7.86229 4.15952
    endloop
  endfacet
  facet normal 0.353629 -0.430868 -0.830241
    outer loop
      vertex 6.54239 7.86229 4.15952
      vertex 6.67823 7.659 4.32288
      vertex 6.39819 7.74394 4.15952
    endloop
  endfacet
  facet normal 0.392542 -0.734382 -0.55371
    outer loop
      vertex 6.56482 8.29325 3.70709
      vertex 6.42688 8.03517 3.95159
      vertex 6.33611 8.171 3.70709
    endloop
  endfacet
  facet normal 0.392542 -0.734382 -0.553709
    outer loop
      vertex 6.56482 8.29325 3.70709
      vertex 6.62734 8.14232 3.95159
      vertex 6.42688 8.03517 3.95159
    endloop
  endfacet
  facet normal 0.815368 0.43583 0.381086
    outer loop
      vertex 5.87757 6.2736 2.56457
      vertex 5.97113 6.33611 2.2929
      vertex 5.84888 6.56482 2.2929
    endloop
  endfacet
  facet normal 0.714668 0.586537 0.381083
    outer loop
      vertex 6.13565 6.13565 2.2929
      vertex 5.97113 6.33611 2.2929
      vertex 5.87757 6.2736 2.56457
    endloop
  endfacet
  facet normal 0.8287 -0.081592 -0.553714
    outer loop
      vertex 5.7736 7.32915 3.70709
      vertex 5.93383 7.29728 3.95159
      vertex 5.74819 7.07107 3.70709
    endloop
  endfacet
  facet normal 0.82871 -0.0816218 -0.553694
    outer loop
      vertex 5.93383 7.29728 3.95159
      vertex 5.91155 7.07107 3.95159
      vertex 5.74819 7.07107 3.70709
    endloop
  endfacet
  facet normal 0.491586 -0.262742 -0.830247
    outer loop
      vertex 6.48314 7.46391 4.32288
      vertex 6.4178 7.34166 4.32288
      vertex 6.19191 7.43523 4.15952
    endloop
  endfacet
  facet normal 0.297042 -0.243783 -0.92322
    outer loop
      vertex 6.76317 7.37896 4.43541
      vertex 6.70902 7.31298 4.43541
      vertex 6.48314 7.46391 4.32288
    endloop
  endfacet
  facet normal 0.297041 -0.243787 -0.92322
    outer loop
      vertex 6.57108 7.57106 4.32288
      vertex 6.76317 7.37896 4.43541
      vertex 6.48314 7.46391 4.32288
    endloop
  endfacet
  facet normal 0.430872 -0.353625 -0.83024
    outer loop
      vertex 6.57108 7.57106 4.32288
      vertex 6.48314 7.46391 4.32288
      vertex 6.39819 7.74394 4.15952
    endloop
  endfacet
  facet normal 0.554733 -0.0546529 -0.830232
    outer loop
      vertex 6.37756 7.20901 4.32288
      vertex 6.36397 7.07107 4.32288
      vertex 6.11948 7.07107 4.15952
    endloop
  endfacet
  facet normal 0.554733 0.0546489 -0.830232
    outer loop
      vertex 6.36397 7.07107 4.32288
      vertex 6.37756 6.93312 4.32288
      vertex 6.11948 7.07107 4.15952
    endloop
  endfacet
  facet normal 0.6783 0.205759 -0.705388
    outer loop
      vertex 6.13776 6.88542 4.15952
      vertex 6.19191 6.70691 4.15952
      vertex 5.93383 6.84486 3.95159
    endloop
  endfacet
  facet normal 0.533403 0.161805 -0.830241
    outer loop
      vertex 6.37756 6.93312 4.32288
      vertex 6.19191 6.70691 4.15952
      vertex 6.13776 6.88542 4.15952
    endloop
  endfacet
  facet normal 0.46241 -0.865137 0.194205
    outer loop
      vertex 6.2736 8.26457 2.56457
      vertex 6.52176 8.39721 2.56457
      vertex 6.24172 8.31227 2.85297
    endloop
  endfacet
  facet normal 0.622323 -0.758285 0.194209
    outer loop
      vertex 6.2736 8.26457 2.56457
      vertex 6.24172 8.31227 2.85297
      vertex 6.01551 8.12662 2.85297
    endloop
  endfacet
  facet normal 0.334163 0.625106 0.705392
    outer loop
      vertex 6.62734 5.99981 2.04841
      vertex 6.70691 6.19191 1.84048
      vertex 6.42688 6.10697 2.04841
    endloop
  endfacet
  facet normal 0.205747 0.678298 0.705393
    outer loop
      vertex 6.84486 5.93383 2.04841
      vertex 6.70691 6.19191 1.84048
      vertex 6.62734 5.99981 2.04841
    endloop
  endfacet
  facet normal 0.334147 0.625129 0.705379
    outer loop
      vertex 6.70691 6.19191 1.84048
      vertex 6.54239 6.27985 1.84048
      vertex 6.42688 6.10697 2.04841
    endloop
  endfacet
  facet normal 0.449674 0.547938 0.705378
    outer loop
      vertex 6.42688 6.10697 2.04841
      vertex 6.54239 6.27985 1.84048
      vertex 6.39819 6.39819 1.84048
    endloop
  endfacet
  facet normal -0.430874 0.353626 0.830239
    outer loop
      vertex 7.74394 6.39819 1.84048
      vertex 7.659 6.67823 1.67712
      vertex 7.57106 6.57108 1.67712
    endloop
  endfacet
  facet normal -0.205757 0.6783 0.705389
    outer loop
      vertex 7.51479 5.99981 2.04841
      vertex 7.43523 6.19191 1.84048
      vertex 7.29728 5.93383 2.04841
    endloop
  endfacet
  facet normal 0.181117 0.338914 0.923219
    outer loop
      vertex 6.90444 6.66879 1.56459
      vertex 6.82916 6.70902 1.56459
      vertex 6.67823 6.48314 1.67712
    endloop
  endfacet
  facet normal 0.181142 0.338886 0.923225
    outer loop
      vertex 6.80047 6.4178 1.67712
      vertex 6.90444 6.66879 1.56459
      vertex 6.67823 6.48314 1.67712
    endloop
  endfacet
  facet normal -0.367715 0.111557 0.923223
    outer loop
      vertex 7.76458 6.93312 1.67712
      vertex 7.49813 6.98612 1.56459
      vertex 7.47335 6.90444 1.56459
    endloop
  endfacet
  facet normal -0.241717 0.796845 0.553724
    outer loop
      vertex 7.57731 5.84888 2.2929
      vertex 7.51479 5.99981 2.04841
      vertex 7.29728 5.93383 2.04841
    endloop
  endfacet
  facet normal -0.297039 0.243786 0.923221
    outer loop
      vertex 7.57106 6.57108 1.67712
      vertex 7.659 6.67823 1.67712
      vertex 7.37896 6.76317 1.56459
    endloop
  endfacet
  facet normal -0.151525 0.124338 0.980602
    outer loop
      vertex 7.37896 6.76317 1.56459
      vertex 7.43311 6.82916 1.56459
      vertex 7.19331 6.98938 1.50722
    endloop
  endfacet
  facet normal 0.172874 -0.0923848 0.980602
    outer loop
      vertex 6.93523 7.12733 1.50722
      vertex 6.70902 7.31298 1.56459
      vertex 6.66879 7.2377 1.56459
    endloop
  endfacet
  facet normal -0.338886 0.181142 0.923225
    outer loop
      vertex 7.659 6.67823 1.67712
      vertex 7.72434 6.80047 1.67712
      vertex 7.47335 6.90444 1.56459
    endloop
  endfacet
  facet normal 0.435838 0.81536 0.381095
    outer loop
      vertex 6.52176 5.74492 2.56457
      vertex 6.56482 5.84888 2.2929
      vertex 6.2736 5.87757 2.56457
    endloop
  endfacet
  facet normal 0.462437 0.865122 0.194205
    outer loop
      vertex 6.52176 5.74492 2.56457
      vertex 6.2736 5.87757 2.56457
      vertex 6.24172 5.82987 2.85297
    endloop
  endfacet
  facet normal 0.734358 0.392566 0.553724
    outer loop
      vertex 6.10697 6.42688 2.04841
      vertex 5.99981 6.62734 2.04841
      vertex 5.84888 6.56482 2.2929
    endloop
  endfacet
  facet normal 0.796849 0.241707 0.553724
    outer loop
      vertex 5.99981 6.62734 2.04841
      vertex 5.93383 6.84486 2.04841
      vertex 5.84888 6.56482 2.2929
    endloop
  endfacet
  facet normal 0.449676 0.547937 0.705377
    outer loop
      vertex 6.42688 6.10697 2.04841
      vertex 6.39819 6.39819 1.84048
      vertex 6.25117 6.25117 2.04841
    endloop
  endfacet
  facet normal 0.528253 0.643684 0.553733
    outer loop
      vertex 6.42688 6.10697 2.04841
      vertex 6.25117 6.25117 2.04841
      vertex 6.13565 6.13565 2.2929
    endloop
  endfacet
  facet normal -0.284784 -0.938715 -0.194195
    outer loop
      vertex 7.64233 8.45021 3.14703
      vertex 7.62037 8.39721 3.43543
      vertex 7.3511 8.4789 3.43543
    endloop
  endfacet
  facet normal -0.268401 -0.884713 -0.381109
    outer loop
      vertex 7.62037 8.39721 3.43543
      vertex 7.57731 8.29325 3.70709
      vertex 7.3511 8.4789 3.43543
    endloop
  endfacet
  facet normal -0.0924106 0.172853 -0.980603
    outer loop
      vertex 7.15275 6.94882 4.49278
      vertex 7.31298 6.70902 4.43541
      vertex 7.12733 6.93523 4.49278
    endloop
  endfacet
  facet normal 0.151535 0.12433 -0.980601
    outer loop
      vertex 6.94882 6.98938 4.49278
      vertex 6.9671 6.9671 4.49278
      vertex 6.76317 6.76317 4.43541
    endloop
  endfacet
  facet normal 0.0192415 0.195066 -0.980601
    outer loop
      vertex 7.07107 6.92404 4.49278
      vertex 7.07107 6.63564 4.43541
      vertex 7.04238 6.92687 4.49278
    endloop
  endfacet
  facet normal 0.0568583 0.187578 -0.980603
    outer loop
      vertex 7.0148 6.93523 4.49278
      vertex 7.04238 6.92687 4.49278
      vertex 6.98612 6.64401 4.43541
    endloop
  endfacet
  facet normal -0.334158 0.625112 0.705388
    outer loop
      vertex 7.71526 6.10697 2.04841
      vertex 7.59974 6.27985 1.84048
      vertex 7.43523 6.19191 1.84048
    endloop
  endfacet
  facet normal -0.643688 0.528251 0.55373
    outer loop
      vertex 8.171 6.33611 2.2929
      vertex 8.03517 6.42688 2.04841
      vertex 8.00649 6.13565 2.2929
    endloop
  endfacet
  facet normal -0.625146 0.334118 0.705378
    outer loop
      vertex 8.03517 6.42688 2.04841
      vertex 7.95022 6.70691 1.84048
      vertex 7.86229 6.54239 1.84048
    endloop
  endfacet
  facet normal -0.625117 0.334138 0.705393
    outer loop
      vertex 8.03517 6.42688 2.04841
      vertex 8.14232 6.62734 2.04841
      vertex 7.95022 6.70691 1.84048
    endloop
  endfacet
  facet normal 0.622306 0.758299 0.194213
    outer loop
      vertex 6.2736 5.87757 2.56457
      vertex 6.05608 6.05608 2.56457
      vertex 6.01551 6.01551 2.85297
    endloop
  endfacet
  facet normal 0.586508 0.714679 0.381107
    outer loop
      vertex 6.2736 5.87757 2.56457
      vertex 6.13565 6.13565 2.2929
      vertex 6.05608 6.05608 2.56457
    endloop
  endfacet
  facet normal 0.111557 0.367715 -0.923223
    outer loop
      vertex 6.98612 6.64401 4.43541
      vertex 6.93312 6.37756 4.32288
      vertex 6.90444 6.66879 4.43541
    endloop
  endfacet
  facet normal 0.0376784 0.382411 -0.923224
    outer loop
      vertex 6.98612 6.64401 4.43541
      vertex 7.07107 6.63564 4.43541
      vertex 6.93312 6.37756 4.32288
    endloop
  endfacet
  facet normal 0.0569039 -0.187567 -0.980602
    outer loop
      vertex 6.98612 7.49813 4.43541
      vertex 7.0148 7.2069 4.49278
      vertex 6.90444 7.47335 4.43541
    endloop
  endfacet
  facet normal -0.297051 0.243754 -0.923225
    outer loop
      vertex 7.43311 6.82916 4.43541
      vertex 7.659 6.67823 4.32288
      vertex 7.37896 6.76317 4.43541
    endloop
  endfacet
  facet normal -0.297039 0.243786 -0.923221
    outer loop
      vertex 7.659 6.67823 4.32288
      vertex 7.57106 6.57108 4.32288
      vertex 7.37896 6.76317 4.43541
    endloop
  endfacet
  facet normal -0.38242 -0.0376343 -0.923222
    outer loop
      vertex 7.76458 7.20901 4.32288
      vertex 7.50649 7.07107 4.43541
      vertex 7.49813 7.15602 4.43541
    endloop
  endfacet
  facet normal -0.705402 -0.069499 -0.705392
    outer loop
      vertex 8.2083 7.29728 3.95159
      vertex 8.02266 7.07107 4.15952
      vertex 8.00437 7.25671 4.15952
    endloop
  endfacet
  facet normal -0.547927 0.449667 -0.70539
    outer loop
      vertex 8.03517 6.42688 3.95159
      vertex 7.89097 6.25117 3.95159
      vertex 7.74394 6.39819 4.15952
    endloop
  endfacet
  facet normal -0.449669 0.547929 -0.705388
    outer loop
      vertex 7.74394 6.39819 4.15952
      vertex 7.89097 6.25117 3.95159
      vertex 7.71526 6.10697 3.95159
    endloop
  endfacet
  facet normal -0.367718 -0.111549 -0.923223
    outer loop
      vertex 7.72434 7.34166 4.32288
      vertex 7.76458 7.20901 4.32288
      vertex 7.47335 7.2377 4.43541
    endloop
  endfacet
  facet normal -0.338897 -0.181133 -0.923223
    outer loop
      vertex 7.659 7.46391 4.32288
      vertex 7.72434 7.34166 4.32288
      vertex 7.47335 7.2377 4.43541
    endloop
  endfacet
  facet normal -0.554718 -0.0546113 -0.830244
    outer loop
      vertex 8.02266 7.07107 4.15952
      vertex 7.77816 7.07107 4.32288
      vertex 7.76458 7.20901 4.32288
    endloop
  endfacet
  facet normal -0.554733 -0.0546546 -0.830231
    outer loop
      vertex 8.00437 7.25671 4.15952
      vertex 8.02266 7.07107 4.15952
      vertex 7.76458 7.20901 4.32288
    endloop
  endfacet
  facet normal -0.0546529 0.554733 -0.830232
    outer loop
      vertex 7.07107 6.36397 4.32288
      vertex 7.20901 6.37756 4.32288
      vertex 7.07107 6.11948 4.15952
    endloop
  endfacet
  facet normal -0.0376758 0.382413 -0.923223
    outer loop
      vertex 7.07107 6.63564 4.43541
      vertex 7.20901 6.37756 4.32288
      vertex 7.07107 6.36397 4.32288
    endloop
  endfacet
  facet normal -0.0694616 0.705407 -0.70539
    outer loop
      vertex 7.25671 6.13776 4.15952
      vertex 7.29728 5.93383 3.95159
      vertex 7.07107 6.11948 4.15952
    endloop
  endfacet
  facet normal -0.205746 0.678298 -0.705394
    outer loop
      vertex 7.43523 6.19191 4.15952
      vertex 7.29728 5.93383 3.95159
      vertex 7.25671 6.13776 4.15952
    endloop
  endfacet
  facet normal -0.262742 0.491586 -0.830247
    outer loop
      vertex 7.46391 6.48314 4.32288
      vertex 7.43523 6.19191 4.15952
      vertex 7.34166 6.4178 4.32288
    endloop
  endfacet
  facet normal -0.0192193 0.195064 -0.980602
    outer loop
      vertex 7.09975 6.92687 4.49278
      vertex 7.15602 6.64401 4.43541
      vertex 7.07107 6.63564 4.43541
    endloop
  endfacet
  facet normal 0.0546207 0.554723 -0.83024
    outer loop
      vertex 6.93312 6.37756 4.32288
      vertex 7.07107 6.11948 4.15952
      vertex 6.88542 6.13776 4.15952
    endloop
  endfacet
  facet normal 0.161805 0.533403 -0.830241
    outer loop
      vertex 6.93312 6.37756 4.32288
      vertex 6.88542 6.13776 4.15952
      vertex 6.70691 6.19191 4.15952
    endloop
  endfacet
  facet normal -0.0816218 0.82871 -0.553694
    outer loop
      vertex 7.07107 5.91155 3.95159
      vertex 7.29728 5.93383 3.95159
      vertex 7.07107 5.74819 3.70709
    endloop
  endfacet
  facet normal -0.0694765 0.705398 -0.705398
    outer loop
      vertex 7.07107 6.11948 4.15952
      vertex 7.29728 5.93383 3.95159
      vertex 7.07107 5.91155 3.95159
    endloop
  endfacet
  facet normal -0.151535 0.12433 0.980601
    outer loop
      vertex 7.37896 6.76317 1.56459
      vertex 7.19331 6.98938 1.50722
      vertex 7.17503 6.9671 1.50722
    endloop
  endfacet
  facet normal 0.187573 0.0569057 0.980601
    outer loop
      vertex 6.66879 6.90444 1.56459
      vertex 6.93523 7.0148 1.50722
      vertex 6.64401 6.98612 1.56459
    endloop
  endfacet
  facet normal 0.0924121 0.172856 0.980602
    outer loop
      vertex 7.0148 6.93523 1.50722
      vertex 6.98938 6.94882 1.50722
      vertex 6.82916 6.70902 1.56459
    endloop
  endfacet
  facet normal 0.124338 0.151525 0.980602
    outer loop
      vertex 6.82916 6.70902 1.56459
      vertex 6.98938 6.94882 1.50722
      vertex 6.76317 6.76317 1.56459
    endloop
  endfacet
  facet normal 0.0192194 0.195064 0.980602
    outer loop
      vertex 7.07107 6.63564 1.56459
      vertex 7.04238 6.92687 1.50722
      vertex 6.98612 6.64401 1.56459
    endloop
  endfacet
  facet normal 0.111557 0.367715 0.923223
    outer loop
      vertex 6.93312 6.37756 1.67712
      vertex 6.98612 6.64401 1.56459
      vertex 6.90444 6.66879 1.56459
    endloop
  endfacet
  facet normal 0.382413 -0.0376758 0.923223
    outer loop
      vertex 6.63564 7.07107 1.56459
      vertex 6.37756 7.20901 1.67712
      vertex 6.36397 7.07107 1.67712
    endloop
  endfacet
  facet normal 0.0923863 0.172877 0.980601
    outer loop
      vertex 6.90444 6.66879 1.56459
      vertex 7.0148 6.93523 1.50722
      vertex 6.82916 6.70902 1.56459
    endloop
  endfacet
  facet normal 0.430864 0.353618 0.830247
    outer loop
      vertex 6.57108 6.57108 1.67712
      vertex 6.48314 6.67823 1.67712
      vertex 6.39819 6.39819 1.84048
    endloop
  endfacet
  facet normal -0.0569218 -0.187563 0.980602
    outer loop
      vertex 7.12733 7.2069 1.50722
      vertex 7.15602 7.49813 1.56459
      vertex 7.09975 7.21527 1.50722
    endloop
  endfacet
  facet normal 0.338914 -0.181117 0.923219
    outer loop
      vertex 6.66879 7.2377 1.56459
      vertex 6.70902 7.31298 1.56459
      vertex 6.48314 7.46391 1.67712
    endloop
  endfacet
  facet normal 0.297042 -0.243783 0.92322
    outer loop
      vertex 6.70902 7.31298 1.56459
      vertex 6.76317 7.37896 1.56459
      vertex 6.48314 7.46391 1.67712
    endloop
  endfacet
  facet normal 0.172856 0.0924121 0.980602
    outer loop
      vertex 6.94882 6.98938 1.50722
      vertex 6.93523 7.0148 1.50722
      vertex 6.70902 6.82916 1.56459
    endloop
  endfacet
  facet normal 0.382412 -0.0376785 0.923223
    outer loop
      vertex 6.63564 7.07107 1.56459
      vertex 6.64401 7.15602 1.56459
      vertex 6.37756 7.20901 1.67712
    endloop
  endfacet
  facet normal 0.0924023 -0.172864 0.980602
    outer loop
      vertex 7.0148 7.2069 1.50722
      vertex 6.90444 7.47335 1.56459
      vertex 6.82916 7.43311 1.56459
    endloop
  endfacet
  facet normal -0.187563 -0.0569218 0.980602
    outer loop
      vertex 7.21527 7.09975 1.50722
      vertex 7.49813 7.15602 1.56459
      vertex 7.2069 7.12733 1.50722
    endloop
  endfacet
  facet normal 0.181142 -0.338886 0.923225
    outer loop
      vertex 6.90444 7.47335 1.56459
      vertex 6.80047 7.72434 1.67712
      vertex 6.67823 7.659 1.67712
    endloop
  endfacet
  facet normal 0.26277 -0.491597 0.830232
    outer loop
      vertex 6.80047 7.72434 1.67712
      vertex 6.70691 7.95022 1.84048
      vertex 6.67823 7.659 1.67712
    endloop
  endfacet
  facet normal -0.0191802 -0.195066 0.980602
    outer loop
      vertex 7.09975 7.21527 1.50722
      vertex 7.07107 7.50649 1.56459
      vertex 7.07107 7.21809 1.50722
    endloop
  endfacet
  facet normal 0.151514 -0.124348 0.980603
    outer loop
      vertex 6.94882 7.15275 1.50722
      vertex 6.76317 7.37896 1.56459
      vertex 6.70902 7.31298 1.56459
    endloop
  endfacet
  facet normal -0.0191968 -0.195068 0.980602
    outer loop
      vertex 7.09975 7.21527 1.50722
      vertex 7.15602 7.49813 1.56459
      vertex 7.07107 7.50649 1.56459
    endloop
  endfacet
  facet normal -0.187565 0.0569224 0.980601
    outer loop
      vertex 7.49813 6.98612 1.56459
      vertex 7.21527 7.04238 1.50722
      vertex 7.2069 7.0148 1.50722
    endloop
  endfacet
  facet normal 0.151535 0.12433 0.980601
    outer loop
      vertex 6.9671 6.9671 1.50722
      vertex 6.94882 6.98938 1.50722
      vertex 6.76317 6.76317 1.56459
    endloop
  endfacet
  facet normal -0.12433 0.151535 0.980601
    outer loop
      vertex 7.37896 6.76317 1.56459
      vertex 7.17503 6.9671 1.50722
      vertex 7.15275 6.94882 1.50722
    endloop
  endfacet
  facet normal 0.187576 -0.0568578 0.980603
    outer loop
      vertex 6.92687 7.09975 1.50722
      vertex 6.93523 7.12733 1.50722
      vertex 6.64401 7.15602 1.56459
    endloop
  endfacet
  facet normal -0.38242 -0.0376343 0.923222
    outer loop
      vertex 7.50649 7.07107 1.56459
      vertex 7.76458 7.20901 1.67712
      vertex 7.49813 7.15602 1.56459
    endloop
  endfacet
  facet normal -0.392522 -0.73438 0.553726
    outer loop
      vertex 7.71526 8.03517 2.04841
      vertex 7.57731 8.29325 2.2929
      vertex 7.51479 8.14232 2.04841
    endloop
  endfacet
  facet normal -0.334129 -0.625131 0.705386
    outer loop
      vertex 7.71526 8.03517 2.04841
      vertex 7.51479 8.14232 2.04841
      vertex 7.43523 7.95022 1.84048
    endloop
  endfacet
  facet normal -0.758285 0.622323 -0.194209
    outer loop
      vertex 8.26457 6.2736 3.43543
      vertex 8.31227 6.24172 3.14703
      vertex 8.12662 6.01551 3.14703
    endloop
  endfacet
  facet normal 0 0 -1
    outer loop
      vertex 7.21527 7.04238 4.49278
      vertex 7.21527 7.09975 4.49278
      vertex 7.21809 7.07107 4.49278
    endloop
  endfacet
  facet normal 0 0 -1
    outer loop
      vertex 7.2069 7.0148 4.49278
      vertex 7.21527 7.09975 4.49278
      vertex 7.21527 7.04238 4.49278
    endloop
  endfacet
  facet normal 0 0 -1
    outer loop
      vertex 7.2069 7.0148 4.49278
      vertex 7.2069 7.12733 4.49278
      vertex 7.21527 7.09975 4.49278
    endloop
  endfacet
  facet normal 0 0 -1
    outer loop
      vertex 7.19331 6.98938 4.49278
      vertex 7.2069 7.12733 4.49278
      vertex 7.2069 7.0148 4.49278
    endloop
  endfacet
  facet normal 0 0 -1
    outer loop
      vertex 7.19331 6.98938 4.49278
      vertex 7.19331 7.15275 4.49278
      vertex 7.2069 7.12733 4.49278
    endloop
  endfacet
  facet normal 0 0 -1
    outer loop
      vertex 7.17503 6.9671 4.49278
      vertex 7.19331 7.15275 4.49278
      vertex 7.19331 6.98938 4.49278
    endloop
  endfacet
  facet normal 0 0 -1
    outer loop
      vertex 7.17503 6.9671 4.49278
      vertex 7.17503 7.17503 4.49278
      vertex 7.19331 7.15275 4.49278
    endloop
  endfacet
  facet normal 0 0 -1
    outer loop
      vertex 7.15275 6.94882 4.49278
      vertex 7.17503 7.17503 4.49278
      vertex 7.17503 6.9671 4.49278
    endloop
  endfacet
  facet normal 0 0 -1
    outer loop
      vertex 7.15275 6.94882 4.49278
      vertex 7.15275 7.19331 4.49278
      vertex 7.17503 7.17503 4.49278
    endloop
  endfacet
  facet normal 0 0 -1
    outer loop
      vertex 7.12733 6.93523 4.49278
      vertex 7.15275 7.19331 4.49278
      vertex 7.15275 6.94882 4.49278
    endloop
  endfacet
  facet normal 0 0 -1
    outer loop
      vertex 7.12733 6.93523 4.49278
      vertex 7.12733 7.2069 4.49278
      vertex 7.15275 7.19331 4.49278
    endloop
  endfacet
  facet normal 0 0 -1
    outer loop
      vertex 7.09975 6.92687 4.49278
      vertex 7.12733 7.2069 4.49278
      vertex 7.12733 6.93523 4.49278
    endloop
  endfacet
  facet normal 0 0 -1
    outer loop
      vertex 7.09975 6.92687 4.49278
      vertex 7.09975 7.21527 4.49278
      vertex 7.12733 7.2069 4.49278
    endloop
  endfacet
  facet normal 0 0 -1
    outer loop
      vertex 7.07107 6.92404 4.49278
      vertex 7.09975 7.21527 4.49278
      vertex 7.09975 6.92687 4.49278
    endloop
  endfacet
  facet normal 0 0 -1
    outer loop
      vertex 7.07107 6.92404 4.49278
      vertex 7.07107 7.21809 4.49278
      vertex 7.09975 7.21527 4.49278
    endloop
  endfacet
  facet normal 0 0 -1
    outer loop
      vertex 7.04238 6.92687 4.49278
      vertex 7.07107 7.21809 4.49278
      vertex 7.07107 6.92404 4.49278
    endloop
  endfacet
  facet normal 0 0 -1
    outer loop
      vertex 7.04238 6.92687 4.49278
      vertex 7.04238 7.21527 4.49278
      vertex 7.07107 7.21809 4.49278
    endloop
  endfacet
  facet normal 0 0 -1
    outer loop
      vertex 7.0148 6.93523 4.49278
      vertex 7.04238 7.21527 4.49278
      vertex 7.04238 6.92687 4.49278
    endloop
  endfacet
  facet normal 0 0 -1
    outer loop
      vertex 7.0148 6.93523 4.49278
      vertex 7.0148 7.2069 4.49278
      vertex 7.04238 7.21527 4.49278
    endloop
  endfacet
  facet normal 0 0 -1
    outer loop
      vertex 6.98938 6.94882 4.49278
      vertex 7.0148 7.2069 4.49278
      vertex 7.0148 6.93523 4.49278
    endloop
  endfacet
  facet normal 0 0 -1
    outer loop
      vertex 6.98938 6.94882 4.49278
      vertex 6.98938 7.19331 4.49278
      vertex 7.0148 7.2069 4.49278
    endloop
  endfacet
  facet normal 0 0 -1
    outer loop
      vertex 6.9671 6.9671 4.49278
      vertex 6.98938 7.19331 4.49278
      vertex 6.98938 6.94882 4.49278
    endloop
  endfacet
  facet normal 0 0 -1
    outer loop
      vertex 6.9671 6.9671 4.49278
      vertex 6.9671 7.17503 4.49278
      vertex 6.98938 7.19331 4.49278
    endloop
  endfacet
  facet normal 0 0 -1
    outer loop
      vertex 6.94882 6.98938 4.49278
      vertex 6.9671 7.17503 4.49278
      vertex 6.9671 6.9671 4.49278
    endloop
  endfacet
  facet normal 0 0 -1
    outer loop
      vertex 6.94882 6.98938 4.49278
      vertex 6.94882 7.15275 4.49278
      vertex 6.9671 7.17503 4.49278
    endloop
  endfacet
  facet normal 0 0 -1
    outer loop
      vertex 6.93523 7.0148 4.49278
      vertex 6.94882 7.15275 4.49278
      vertex 6.94882 6.98938 4.49278
    endloop
  endfacet
  facet normal 0 0 -1
    outer loop
      vertex 6.93523 7.0148 4.49278
      vertex 6.93523 7.12733 4.49278
      vertex 6.94882 7.15275 4.49278
    endloop
  endfacet
  facet normal 0 0 -1
    outer loop
      vertex 6.92687 7.04238 4.49278
      vertex 6.93523 7.12733 4.49278
      vertex 6.93523 7.0148 4.49278
    endloop
  endfacet
  facet normal 0 0 -1
    outer loop
      vertex 6.92687 7.04238 4.49278
      vertex 6.92687 7.09975 4.49278
      vertex 6.93523 7.12733 4.49278
    endloop
  endfacet
  facet normal 0 -0 -1
    outer loop
      vertex 6.92687 7.09975 4.49278
      vertex 6.92687 7.04238 4.49278
      vertex 6.92404 7.07107 4.49278
    endloop
  endfacet
  facet normal 0.124338 -0.151525 -0.980602
    outer loop
      vertex 6.82916 7.43311 4.43541
      vertex 6.98938 7.19331 4.49278
      vertex 6.76317 7.37896 4.43541
    endloop
  endfacet
  facet normal 0.0924121 -0.172856 -0.980602
    outer loop
      vertex 7.0148 7.2069 4.49278
      vertex 6.98938 7.19331 4.49278
      vertex 6.82916 7.43311 4.43541
    endloop
  endfacet
  facet normal 0.533395 -0.161808 -0.830246
    outer loop
      vertex 6.4178 7.34166 4.32288
      vertex 6.37756 7.20901 4.32288
      vertex 6.19191 7.43523 4.15952
    endloop
  endfacet
  facet normal 0.367718 -0.111549 -0.923223
    outer loop
      vertex 6.4178 7.34166 4.32288
      vertex 6.66879 7.2377 4.43541
      vertex 6.37756 7.20901 4.32288
    endloop
  endfacet
  facet normal -0.449667 0.547929 0.705389
    outer loop
      vertex 7.71526 6.10697 2.04841
      vertex 7.74394 6.39819 1.84048
      vertex 7.59974 6.27985 1.84048
    endloop
  endfacet
  facet normal -0.353625 0.430872 0.83024
    outer loop
      vertex 7.74394 6.39819 1.84048
      vertex 7.57106 6.57108 1.67712
      vertex 7.46391 6.48314 1.67712
    endloop
  endfacet
  facet normal 0.0546207 0.554723 0.83024
    outer loop
      vertex 7.07107 6.11948 1.84048
      vertex 6.93312 6.37756 1.67712
      vertex 6.88542 6.13776 1.84048
    endloop
  endfacet
  facet normal 0.0694581 0.70541 0.705388
    outer loop
      vertex 7.07107 6.11948 1.84048
      vertex 6.88542 6.13776 1.84048
      vertex 6.84486 5.93383 2.04841
    endloop
  endfacet
  facet normal 0.243792 0.297046 0.923217
    outer loop
      vertex 6.67823 6.48314 1.67712
      vertex 6.76317 6.76317 1.56459
      vertex 6.57108 6.57108 1.67712
    endloop
  endfacet
  facet normal 0.24376 0.297058 0.923221
    outer loop
      vertex 6.82916 6.70902 1.56459
      vertex 6.76317 6.76317 1.56459
      vertex 6.67823 6.48314 1.67712
    endloop
  endfacet
  facet normal -0.430868 0.353629 0.830241
    outer loop
      vertex 7.74394 6.39819 1.84048
      vertex 7.86229 6.54239 1.84048
      vertex 7.659 6.67823 1.67712
    endloop
  endfacet
  facet normal -0.54792 0.449697 0.705377
    outer loop
      vertex 8.03517 6.42688 2.04841
      vertex 7.86229 6.54239 1.84048
      vertex 7.74394 6.39819 1.84048
    endloop
  endfacet
  facet normal -0.243783 0.297042 0.92322
    outer loop
      vertex 7.46391 6.48314 1.67712
      vertex 7.37896 6.76317 1.56459
      vertex 7.31298 6.70902 1.56459
    endloop
  endfacet
  facet normal -0.124348 0.151514 0.980603
    outer loop
      vertex 7.31298 6.70902 1.56459
      vertex 7.37896 6.76317 1.56459
      vertex 7.15275 6.94882 1.50722
    endloop
  endfacet
  facet normal 0.172853 -0.0924106 0.980603
    outer loop
      vertex 6.93523 7.12733 1.50722
      vertex 6.94882 7.15275 1.50722
      vertex 6.70902 7.31298 1.56459
    endloop
  endfacet
  facet normal -0.533418 0.161809 -0.830231
    outer loop
      vertex 8.00437 6.88542 4.15952
      vertex 7.95022 6.70691 4.15952
      vertex 7.76458 6.93312 4.32288
    endloop
  endfacet
  facet normal -0.491597 0.26277 -0.830232
    outer loop
      vertex 7.72434 6.80047 4.32288
      vertex 7.95022 6.70691 4.15952
      vertex 7.659 6.67823 4.32288
    endloop
  endfacet
  facet normal -0.181117 0.338914 -0.923219
    outer loop
      vertex 7.31298 6.70902 4.43541
      vertex 7.46391 6.48314 4.32288
      vertex 7.2377 6.66879 4.43541
    endloop
  endfacet
  facet normal -0.0923848 0.172874 -0.980602
    outer loop
      vertex 7.31298 6.70902 4.43541
      vertex 7.2377 6.66879 4.43541
      vertex 7.12733 6.93523 4.49278
    endloop
  endfacet
  facet normal -0.195066 0.0191735 0.980603
    outer loop
      vertex 7.50649 7.07107 1.56459
      vertex 7.21809 7.07107 1.50722
      vertex 7.21527 7.04238 1.50722
    endloop
  endfacet
  facet normal 0.151525 0.124338 0.980602
    outer loop
      vertex 6.76317 6.76317 1.56459
      vertex 6.94882 6.98938 1.50722
      vertex 6.70902 6.82916 1.56459
    endloop
  endfacet
  facet normal 0.0192415 0.195066 0.980601
    outer loop
      vertex 7.07107 6.63564 1.56459
      vertex 7.07107 6.92404 1.50722
      vertex 7.04238 6.92687 1.50722
    endloop
  endfacet
  facet normal -0.0192482 0.195066 0.980601
    outer loop
      vertex 7.09975 6.92687 1.50722
      vertex 7.07107 6.92404 1.50722
      vertex 7.07107 6.63564 1.56459
    endloop
  endfacet
  facet normal 0.338886 0.181142 0.923225
    outer loop
      vertex 6.48314 6.67823 1.67712
      vertex 6.66879 6.90444 1.56459
      vertex 6.4178 6.80047 1.67712
    endloop
  endfacet
  facet normal 0.338914 0.181117 0.923219
    outer loop
      vertex 6.70902 6.82916 1.56459
      vertex 6.66879 6.90444 1.56459
      vertex 6.48314 6.67823 1.67712
    endloop
  endfacet
  facet normal 0.172877 0.0923863 0.980601
    outer loop
      vertex 6.70902 6.82916 1.56459
      vertex 6.93523 7.0148 1.50722
      vertex 6.66879 6.90444 1.56459
    endloop
  endfacet
  facet normal 0.187578 0.0568583 0.980603
    outer loop
      vertex 6.93523 7.0148 1.50722
      vertex 6.92687 7.04238 1.50722
      vertex 6.64401 6.98612 1.56459
    endloop
  endfacet
  facet normal -0.187567 0.0569039 0.980602
    outer loop
      vertex 7.47335 6.90444 1.56459
      vertex 7.49813 6.98612 1.56459
      vertex 7.2069 7.0148 1.50722
    endloop
  endfacet
  facet normal -0.187565 -0.0569033 0.980603
    outer loop
      vertex 7.49813 7.15602 1.56459
      vertex 7.47335 7.2377 1.56459
      vertex 7.2069 7.12733 1.50722
    endloop
  endfacet
  facet normal -0.111558 -0.367719 0.923221
    outer loop
      vertex 7.2377 7.47335 1.56459
      vertex 7.20901 7.76458 1.67712
      vertex 7.15602 7.49813 1.56459
    endloop
  endfacet
  facet normal -0.111549 -0.367718 0.923223
    outer loop
      vertex 7.2377 7.47335 1.56459
      vertex 7.34166 7.72434 1.67712
      vertex 7.20901 7.76458 1.67712
    endloop
  endfacet
  facet normal -0.124348 -0.151514 0.980603
    outer loop
      vertex 7.37896 7.37896 1.56459
      vertex 7.31298 7.43311 1.56459
      vertex 7.15275 7.19331 1.50722
    endloop
  endfacet
  facet normal -0.12433 -0.151535 0.980601
    outer loop
      vertex 7.17503 7.17503 1.50722
      vertex 7.37896 7.37896 1.56459
      vertex 7.15275 7.19331 1.50722
    endloop
  endfacet
  facet normal -0.0192482 0.195066 -0.980601
    outer loop
      vertex 7.07107 6.92404 4.49278
      vertex 7.09975 6.92687 4.49278
      vertex 7.07107 6.63564 4.43541
    endloop
  endfacet
  facet normal -0.334154 0.625119 0.705385
    outer loop
      vertex 7.51479 5.99981 2.04841
      vertex 7.71526 6.10697 2.04841
      vertex 7.43523 6.19191 1.84048
    endloop
  endfacet
  facet normal -0.392551 0.734366 0.553724
    outer loop
      vertex 7.57731 5.84888 2.2929
      vertex 7.71526 6.10697 2.04841
      vertex 7.51479 5.99981 2.04841
    endloop
  endfacet
  facet normal 0.161809 0.533399 0.830243
    outer loop
      vertex 6.93312 6.37756 1.67712
      vertex 6.80047 6.4178 1.67712
      vertex 6.70691 6.19191 1.84048
    endloop
  endfacet
  facet normal 0.262763 0.491585 0.830241
    outer loop
      vertex 6.70691 6.19191 1.84048
      vertex 6.80047 6.4178 1.67712
      vertex 6.67823 6.48314 1.67712
    endloop
  endfacet
  facet normal -0.449669 0.547929 0.705388
    outer loop
      vertex 7.89097 6.25117 2.04841
      vertex 7.74394 6.39819 1.84048
      vertex 7.71526 6.10697 2.04841
    endloop
  endfacet
  facet normal -0.547927 0.449667 0.70539
    outer loop
      vertex 7.89097 6.25117 2.04841
      vertex 8.03517 6.42688 2.04841
      vertex 7.74394 6.39819 1.84048
    endloop
  endfacet
  facet normal 0.187571 -0.0569052 0.980601
    outer loop
      vertex 6.93523 7.12733 1.50722
      vertex 6.66879 7.2377 1.56459
      vertex 6.64401 7.15602 1.56459
    endloop
  endfacet
  facet normal -0.367715 0.111548 -0.923224
    outer loop
      vertex 7.76458 6.93312 4.32288
      vertex 7.72434 6.80047 4.32288
      vertex 7.47335 6.90444 4.43541
    endloop
  endfacet
  facet normal -0.338886 0.181142 -0.923225
    outer loop
      vertex 7.72434 6.80047 4.32288
      vertex 7.659 6.67823 4.32288
      vertex 7.47335 6.90444 4.43541
    endloop
  endfacet
  facet normal -0.111558 0.367719 -0.923221
    outer loop
      vertex 7.2377 6.66879 4.43541
      vertex 7.20901 6.37756 4.32288
      vertex 7.15602 6.64401 4.43541
    endloop
  endfacet
  facet normal -0.0569052 0.187571 -0.980601
    outer loop
      vertex 7.2377 6.66879 4.43541
      vertex 7.15602 6.64401 4.43541
      vertex 7.12733 6.93523 4.49278
    endloop
  endfacet
  facet normal 0.0546489 0.554733 0.830232
    outer loop
      vertex 7.07107 6.11948 1.84048
      vertex 7.07107 6.36397 1.67712
      vertex 6.93312 6.37756 1.67712
    endloop
  endfacet
  facet normal 0.0376731 0.382414 0.923223
    outer loop
      vertex 7.07107 6.36397 1.67712
      vertex 7.07107 6.63564 1.56459
      vertex 6.93312 6.37756 1.67712
    endloop
  endfacet
  facet normal -0.195068 -0.0191968 0.980602
    outer loop
      vertex 7.50649 7.07107 1.56459
      vertex 7.49813 7.15602 1.56459
      vertex 7.21527 7.09975 1.50722
    endloop
  endfacet
  facet normal 0 0 1
    outer loop
      vertex 7.21527 7.09975 1.50722
      vertex 7.21527 7.04238 1.50722
      vertex 7.21809 7.07107 1.50722
    endloop
  endfacet
  facet normal 0 0 1
    outer loop
      vertex 7.2069 7.12733 1.50722
      vertex 7.21527 7.04238 1.50722
      vertex 7.21527 7.09975 1.50722
    endloop
  endfacet
  facet normal 0 0 1
    outer loop
      vertex 7.2069 7.12733 1.50722
      vertex 7.2069 7.0148 1.50722
      vertex 7.21527 7.04238 1.50722
    endloop
  endfacet
  facet normal 0 0 1
    outer loop
      vertex 7.19331 7.15275 1.50722
      vertex 7.2069 7.0148 1.50722
      vertex 7.2069 7.12733 1.50722
    endloop
  endfacet
  facet normal 0 0 1
    outer loop
      vertex 7.19331 7.15275 1.50722
      vertex 7.19331 6.98938 1.50722
      vertex 7.2069 7.0148 1.50722
    endloop
  endfacet
  facet normal 0 0 1
    outer loop
      vertex 7.17503 7.17503 1.50722
      vertex 7.19331 6.98938 1.50722
      vertex 7.19331 7.15275 1.50722
    endloop
  endfacet
  facet normal 0 0 1
    outer loop
      vertex 7.17503 7.17503 1.50722
      vertex 7.17503 6.9671 1.50722
      vertex 7.19331 6.98938 1.50722
    endloop
  endfacet
  facet normal 0 0 1
    outer loop
      vertex 7.15275 7.19331 1.50722
      vertex 7.17503 6.9671 1.50722
      vertex 7.17503 7.17503 1.50722
    endloop
  endfacet
  facet normal 0 0 1
    outer loop
      vertex 7.15275 7.19331 1.50722
      vertex 7.15275 6.94882 1.50722
      vertex 7.17503 6.9671 1.50722
    endloop
  endfacet
  facet normal 0 0 1
    outer loop
      vertex 7.12733 7.2069 1.50722
      vertex 7.15275 6.94882 1.50722
      vertex 7.15275 7.19331 1.50722
    endloop
  endfacet
  facet normal 0 0 1
    outer loop
      vertex 7.12733 7.2069 1.50722
      vertex 7.12733 6.93523 1.50722
      vertex 7.15275 6.94882 1.50722
    endloop
  endfacet
  facet normal 0 0 1
    outer loop
      vertex 7.09975 7.21527 1.50722
      vertex 7.12733 6.93523 1.50722
      vertex 7.12733 7.2069 1.50722
    endloop
  endfacet
  facet normal 0 0 1
    outer loop
      vertex 7.09975 7.21527 1.50722
      vertex 7.09975 6.92687 1.50722
      vertex 7.12733 6.93523 1.50722
    endloop
  endfacet
  facet normal 0 0 1
    outer loop
      vertex 7.07107 7.21809 1.50722
      vertex 7.09975 6.92687 1.50722
      vertex 7.09975 7.21527 1.50722
    endloop
  endfacet
  facet normal 0 0 1
    outer loop
      vertex 7.07107 7.21809 1.50722
      vertex 7.07107 6.92404 1.50722
      vertex 7.09975 6.92687 1.50722
    endloop
  endfacet
  facet normal -0 0 1
    outer loop
      vertex 7.04238 7.21527 1.50722
      vertex 7.07107 6.92404 1.50722
      vertex 7.07107 7.21809 1.50722
    endloop
  endfacet
  facet normal 0 0 1
    outer loop
      vertex 7.04238 7.21527 1.50722
      vertex 7.04238 6.92687 1.50722
      vertex 7.07107 6.92404 1.50722
    endloop
  endfacet
  facet normal -0 0 1
    outer loop
      vertex 7.0148 7.2069 1.50722
      vertex 7.04238 6.92687 1.50722
      vertex 7.04238 7.21527 1.50722
    endloop
  endfacet
  facet normal 0 0 1
    outer loop
      vertex 7.0148 7.2069 1.50722
      vertex 7.0148 6.93523 1.50722
      vertex 7.04238 6.92687 1.50722
    endloop
  endfacet
  facet normal -0 0 1
    outer loop
      vertex 6.98938 7.19331 1.50722
      vertex 7.0148 6.93523 1.50722
      vertex 7.0148 7.2069 1.50722
    endloop
  endfacet
  facet normal 0 0 1
    outer loop
      vertex 6.98938 7.19331 1.50722
      vertex 6.98938 6.94882 1.50722
      vertex 7.0148 6.93523 1.50722
    endloop
  endfacet
  facet normal -0 0 1
    outer loop
      vertex 6.9671 7.17503 1.50722
      vertex 6.98938 6.94882 1.50722
      vertex 6.98938 7.19331 1.50722
    endloop
  endfacet
  facet normal 0 0 1
    outer loop
      vertex 6.9671 7.17503 1.50722
      vertex 6.9671 6.9671 1.50722
      vertex 6.98938 6.94882 1.50722
    endloop
  endfacet
  facet normal -0 0 1
    outer loop
      vertex 6.94882 7.15275 1.50722
      vertex 6.9671 6.9671 1.50722
      vertex 6.9671 7.17503 1.50722
    endloop
  endfacet
  facet normal 0 0 1
    outer loop
      vertex 6.94882 7.15275 1.50722
      vertex 6.94882 6.98938 1.50722
      vertex 6.9671 6.9671 1.50722
    endloop
  endfacet
  facet normal -0 0 1
    outer loop
      vertex 6.93523 7.12733 1.50722
      vertex 6.94882 6.98938 1.50722
      vertex 6.94882 7.15275 1.50722
    endloop
  endfacet
  facet normal 0 0 1
    outer loop
      vertex 6.93523 7.12733 1.50722
      vertex 6.93523 7.0148 1.50722
      vertex 6.94882 6.98938 1.50722
    endloop
  endfacet
  facet normal -0 0 1
    outer loop
      vertex 6.92687 7.09975 1.50722
      vertex 6.93523 7.0148 1.50722
      vertex 6.93523 7.12733 1.50722
    endloop
  endfacet
  facet normal 0 0 1
    outer loop
      vertex 6.92687 7.09975 1.50722
      vertex 6.92687 7.04238 1.50722
      vertex 6.93523 7.0148 1.50722
    endloop
  endfacet
  facet normal 0 -0 1
    outer loop
      vertex 6.92687 7.04238 1.50722
      vertex 6.92687 7.09975 1.50722
      vertex 6.92404 7.07107 1.50722
    endloop
  endfacet
  facet normal 0.195064 -0.0192193 0.980602
    outer loop
      vertex 6.92687 7.09975 1.50722
      vertex 6.64401 7.15602 1.56459
      vertex 6.63564 7.07107 1.56459
    endloop
  endfacet
  facet normal -0.181146 -0.338883 0.923225
    outer loop
      vertex 7.31298 7.43311 1.56459
      vertex 7.46391 7.659 1.67712
      vertex 7.2377 7.47335 1.56459
    endloop
  endfacet
  facet normal -0.0924009 -0.172861 0.980602
    outer loop
      vertex 7.31298 7.43311 1.56459
      vertex 7.2377 7.47335 1.56459
      vertex 7.12733 7.2069 1.50722
    endloop
  endfacet
  facet normal 0.195066 -0.0192482 0.980601
    outer loop
      vertex 6.92404 7.07107 1.50722
      vertex 6.92687 7.09975 1.50722
      vertex 6.63564 7.07107 1.56459
    endloop
  endfacet
  facet normal -0.528253 0.643684 0.553733
    outer loop
      vertex 8.00649 6.13565 2.2929
      vertex 7.89097 6.25117 2.04841
      vertex 7.71526 6.10697 2.04841
    endloop
  endfacet
  facet normal -0.528253 0.643684 0.553733
    outer loop
      vertex 7.80602 5.97113 2.2929
      vertex 8.00649 6.13565 2.2929
      vertex 7.71526 6.10697 2.04841
    endloop
  endfacet
  facet normal -0.26278 0.491584 0.830236
    outer loop
      vertex 7.59974 6.27985 1.84048
      vertex 7.46391 6.48314 1.67712
      vertex 7.43523 6.19191 1.84048
    endloop
  endfacet
  facet normal -0.353616 0.430889 0.830235
    outer loop
      vertex 7.59974 6.27985 1.84048
      vertex 7.74394 6.39819 1.84048
      vertex 7.46391 6.48314 1.67712
    endloop
  endfacet
  facet normal 0.338883 -0.181146 -0.923225
    outer loop
      vertex -7.43311 7.31298 4.43541
      vertex -7.47335 7.2377 4.43541
      vertex -7.659 7.46391 4.32288
    endloop
  endfacet
  facet normal -0.865137 0.462419 -0.194183
    outer loop
      vertex -5.74492 6.52176 3.43543
      vertex -5.69192 6.49981 3.14703
      vertex -5.82987 6.24172 3.14703
    endloop
  endfacet
  facet normal 0.449669 0.547929 -0.705388
    outer loop
      vertex -7.74394 6.39819 4.15952
      vertex -7.71526 6.10697 3.95159
      vertex -7.89097 6.25117 3.95159
    endloop
  endfacet
  facet normal 0.828686 -0.0816227 0.553731
    outer loop
      vertex -8.2083 7.29728 2.04841
      vertex -8.36853 7.32915 2.2929
      vertex -8.39395 7.07107 2.2929
    endloop
  endfacet
  facet normal -0.865127 -0.462431 -0.194198
    outer loop
      vertex -5.69192 7.64233 3.14703
      vertex -5.74492 7.62037 3.43543
      vertex -5.82987 7.90041 3.14703
    endloop
  endfacet
  facet normal 0.815376 -0.435796 -0.381108
    outer loop
      vertex -8.26457 7.86854 3.43543
      vertex -8.29325 7.57731 3.70709
      vertex -8.39721 7.62037 3.43543
    endloop
  endfacet
  facet normal -0.920089 0.09059 0.381089
    outer loop
      vertex -5.66324 6.79103 2.56457
      vertex -5.74819 7.07107 2.2929
      vertex -5.7736 6.81299 2.2929
    endloop
  endfacet
  facet normal 0.367719 -0.111558 0.923221
    outer loop
      vertex -7.49813 7.15602 1.56459
      vertex -7.47335 7.2377 1.56459
      vertex -7.76458 7.20901 1.67712
    endloop
  endfacet
  facet normal 0.430876 -0.353635 -0.830234
    outer loop
      vertex -7.74394 7.74394 4.15952
      vertex -7.659 7.46391 4.32288
      vertex -7.86229 7.59974 4.15952
    endloop
  endfacet
  facet normal -0.26837 -0.884716 0.381123
    outer loop
      vertex -6.56482 8.29325 2.2929
      vertex -6.79103 8.4789 2.56457
      vertex -6.81299 8.36853 2.2929
    endloop
  endfacet
  facet normal -0.151535 0.12433 -0.980601
    outer loop
      vertex -6.94882 6.98938 4.49278
      vertex -6.76317 6.76317 4.43541
      vertex -6.9671 6.9671 4.49278
    endloop
  endfacet
  facet normal 0.0376481 -0.382414 0.923224
    outer loop
      vertex -7.07107 7.50649 1.56459
      vertex -7.07107 7.77816 1.67712
      vertex -7.20901 7.76458 1.67712
    endloop
  endfacet
  facet normal 0.26278 0.491584 0.830236
    outer loop
      vertex -7.43523 6.19191 1.84048
      vertex -7.46391 6.48314 1.67712
      vertex -7.59974 6.27985 1.84048
    endloop
  endfacet
  facet normal 0.6783 0.205759 -0.705388
    outer loop
      vertex -8.00437 6.88542 4.15952
      vertex -7.95022 6.70691 4.15952
      vertex -8.2083 6.84486 3.95159
    endloop
  endfacet
  facet normal 0.678298 0.205747 -0.705393
    outer loop
      vertex -7.95022 6.70691 4.15952
      vertex -8.14232 6.62734 3.95159
      vertex -8.2083 6.84486 3.95159
    endloop
  endfacet
  facet normal 0.865141 -0.462405 0.194199
    outer loop
      vertex -8.39721 7.62037 2.56457
      vertex -8.31227 7.90041 2.85297
      vertex -8.45021 7.64233 2.85297
    endloop
  endfacet
  facet normal 0.430881 -0.353632 0.830232
    outer loop
      vertex -7.659 7.46391 1.67712
      vertex -7.57106 7.57106 1.67712
      vertex -7.74394 7.74394 1.84048
    endloop
  endfacet
  facet normal 0.528253 0.643684 0.553733
    outer loop
      vertex -7.71526 6.10697 2.04841
      vertex -7.89097 6.25117 2.04841
      vertex -8.00649 6.13565 2.2929
    endloop
  endfacet
  facet normal -0.622303 0.758302 -0.194209
    outer loop
      vertex -6.01551 6.01551 3.14703
      vertex -6.24172 5.82987 3.14703
      vertex -6.2736 5.87757 3.43543
    endloop
  endfacet
  facet normal 0.172864 0.0924023 -0.980602
    outer loop
      vertex -7.2069 7.0148 4.49278
      vertex -7.43311 6.82916 4.43541
      vertex -7.47335 6.90444 4.43541
    endloop
  endfacet
  facet normal -0.338914 0.181117 -0.923219
    outer loop
      vertex -6.66879 6.90444 4.43541
      vertex -6.48314 6.67823 4.32288
      vertex -6.70902 6.82916 4.43541
    endloop
  endfacet
  facet normal -0.24171 -0.796859 -0.553708
    outer loop
      vertex -6.56482 8.29325 3.70709
      vertex -6.62734 8.14232 3.95159
      vertex -6.84486 8.2083 3.95159
    endloop
  endfacet
  facet normal -0.28477 0.938718 0.194203
    outer loop
      vertex -6.77984 5.60697 2.85297
      vertex -6.49981 5.69192 2.85297
      vertex -6.79103 5.66324 2.56457
    endloop
  endfacet
  facet normal -0.430872 -0.353625 0.83024
    outer loop
      vertex -6.48314 7.46391 1.67712
      vertex -6.39819 7.74394 1.84048
      vertex -6.57108 7.57106 1.67712
    endloop
  endfacet
  facet normal 0.62513 -0.33413 -0.705387
    outer loop
      vertex -7.86229 7.59974 4.15952
      vertex -7.95022 7.43523 4.15952
      vertex -8.03517 7.71526 3.95159
    endloop
  endfacet
  facet normal -0.491584 -0.26278 -0.830236
    outer loop
      vertex -6.27985 7.59974 4.15952
      vertex -6.19191 7.43523 4.15952
      vertex -6.48314 7.46391 4.32288
    endloop
  endfacet
  facet normal 0.172861 -0.0924009 -0.980602
    outer loop
      vertex -7.43311 7.31298 4.43541
      vertex -7.2069 7.12733 4.49278
      vertex -7.47335 7.2377 4.43541
    endloop
  endfacet
  facet normal 0.449667 0.547929 -0.705389
    outer loop
      vertex -7.59974 6.27985 4.15952
      vertex -7.71526 6.10697 3.95159
      vertex -7.74394 6.39819 4.15952
    endloop
  endfacet
  facet normal 0.796859 0.24171 -0.553708
    outer loop
      vertex -8.2083 6.84486 3.95159
      vertex -8.14232 6.62734 3.95159
      vertex -8.29325 6.56482 3.70709
    endloop
  endfacet
  facet normal -0.938727 0.284752 -0.194185
    outer loop
      vertex -5.66324 6.79103 3.43543
      vertex -5.69192 6.49981 3.14703
      vertex -5.74492 6.52176 3.43543
    endloop
  endfacet
  facet normal 0.462424 0.865132 -0.19419
    outer loop
      vertex -7.86854 5.87757 3.43543
      vertex -7.62037 5.74492 3.43543
      vertex -7.90041 5.82987 3.14703
    endloop
  endfacet
  facet normal 0.758289 -0.622326 -0.194188
    outer loop
      vertex -8.12662 8.12662 3.14703
      vertex -8.26457 7.86854 3.43543
      vertex -8.31227 7.90041 3.14703
    endloop
  endfacet
  facet normal 0.24172 -0.796855 -0.553708
    outer loop
      vertex -7.29728 8.2083 3.95159
      vertex -7.51479 8.14232 3.95159
      vertex -7.57731 8.29325 3.70709
    endloop
  endfacet
  facet normal 0.976245 -0.0961428 -0.194173
    outer loop
      vertex -8.53516 7.36229 3.14703
      vertex -8.4789 7.3511 3.43543
      vertex -8.56384 7.07107 3.14703
    endloop
  endfacet
  facet normal -0.976238 -0.0961421 0.194205
    outer loop
      vertex -5.57829 7.07107 2.85297
      vertex -5.60697 7.36229 2.85297
      vertex -5.66324 7.3511 2.56457
    endloop
  endfacet
  facet normal -0.547929 -0.449667 -0.705389
    outer loop
      vertex -6.10697 7.71526 3.95159
      vertex -6.27985 7.59974 4.15952
      vertex -6.39819 7.74394 4.15952
    endloop
  endfacet
  facet normal -0.151525 0.124338 -0.980602
    outer loop
      vertex -6.70902 6.82916 4.43541
      vertex -6.76317 6.76317 4.43541
      vertex -6.94882 6.98938 4.49278
    endloop
  endfacet
  facet normal 0.205757 0.6783 -0.705389
    outer loop
      vertex -7.43523 6.19191 4.15952
      vertex -7.29728 5.93383 3.95159
      vertex -7.51479 5.99981 3.95159
    endloop
  endfacet
  facet normal -0.338886 0.181142 0.923225
    outer loop
      vertex -6.48314 6.67823 1.67712
      vertex -6.4178 6.80047 1.67712
      vertex -6.66879 6.90444 1.56459
    endloop
  endfacet
  facet normal 0.353635 -0.430876 0.830234
    outer loop
      vertex -7.46391 7.659 1.67712
      vertex -7.59974 7.86229 1.84048
      vertex -7.74394 7.74394 1.84048
    endloop
  endfacet
  facet normal 0.435796 -0.815376 -0.381108
    outer loop
      vertex -7.62037 8.39721 3.43543
      vertex -7.57731 8.29325 3.70709
      vertex -7.86854 8.26457 3.43543
    endloop
  endfacet
  facet normal 0.151535 0.12433 -0.980601
    outer loop
      vertex -7.19331 6.98938 4.49278
      vertex -7.17503 6.9671 4.49278
      vertex -7.37896 6.76317 4.43541
    endloop
  endfacet
  facet normal -0.430882 0.35361 -0.830242
    outer loop
      vertex -6.27985 6.54239 4.15952
      vertex -6.39819 6.39819 4.15952
      vertex -6.48314 6.67823 4.32288
    endloop
  endfacet
  facet normal -0.430864 0.353618 -0.830247
    outer loop
      vertex -6.48314 6.67823 4.32288
      vertex -6.39819 6.39819 4.15952
      vertex -6.57108 6.57108 4.32288
    endloop
  endfacet
  facet normal -0.111557 -0.367715 -0.923223
    outer loop
      vertex -6.93312 7.76458 4.32288
      vertex -6.90444 7.47335 4.43541
      vertex -6.98612 7.49813 4.43541
    endloop
  endfacet
  facet normal -0.938725 -0.284752 0.194194
    outer loop
      vertex -5.66324 7.3511 2.56457
      vertex -5.69192 7.64233 2.85297
      vertex -5.74492 7.62037 2.56457
    endloop
  endfacet
  facet normal -0.79684 -0.241723 0.55373
    outer loop
      vertex -5.7736 7.32915 2.2929
      vertex -5.84888 7.57731 2.2929
      vertex -5.93383 7.29728 2.04841
    endloop
  endfacet
  facet normal 0.0961499 -0.976245 0.194166
    outer loop
      vertex -7.07107 8.50648 2.56457
      vertex -7.07107 8.56384 2.85297
      vertex -7.3511 8.4789 2.56457
    endloop
  endfacet
  facet normal 0.0961492 0.976239 -0.194198
    outer loop
      vertex -7.07107 5.63566 3.43543
      vertex -7.07107 5.57829 3.14703
      vertex -7.3511 5.66324 3.43543
    endloop
  endfacet
  facet normal 0.435825 0.815359 -0.381112
    outer loop
      vertex -7.80602 5.97113 3.70709
      vertex -7.57731 5.84888 3.70709
      vertex -7.86854 5.87757 3.43543
    endloop
  endfacet
  facet normal -0.528259 0.643692 -0.553717
    outer loop
      vertex -6.25117 6.25117 3.95159
      vertex -6.13565 6.13565 3.70709
      vertex -6.42688 6.10697 3.95159
    endloop
  endfacet
  facet normal 0.586511 0.714672 -0.381114
    outer loop
      vertex -7.80602 5.97113 3.70709
      vertex -7.86854 5.87757 3.43543
      vertex -8.00649 6.13565 3.70709
    endloop
  endfacet
  facet normal 0.491597 0.26277 -0.830232
    outer loop
      vertex -7.72434 6.80047 4.32288
      vertex -7.659 6.67823 4.32288
      vertex -7.95022 6.70691 4.15952
    endloop
  endfacet
  facet normal 0.643684 0.528253 0.553733
    outer loop
      vertex -8.00649 6.13565 2.2929
      vertex -7.89097 6.25117 2.04841
      vertex -8.03517 6.42688 2.04841
    endloop
  endfacet
  facet normal 0.0961421 0.976238 0.194205
    outer loop
      vertex -7.07107 5.57829 2.85297
      vertex -7.3511 5.66324 2.56457
      vertex -7.36229 5.60697 2.85297
    endloop
  endfacet
  facet normal -0.0961458 0.976239 -0.194198
    outer loop
      vertex -7.07107 5.63566 3.43543
      vertex -6.79103 5.66324 3.43543
      vertex -7.07107 5.57829 3.14703
    endloop
  endfacet
  facet normal -0.884727 -0.268372 0.381096
    outer loop
      vertex -5.66324 7.3511 2.56457
      vertex -5.74492 7.62037 2.56457
      vertex -5.84888 7.57731 2.2929
    endloop
  endfacet
  facet normal 0.0816208 0.8287 0.55371
    outer loop
      vertex -7.07107 5.74819 2.2929
      vertex -7.07107 5.91155 2.04841
      vertex -7.29728 5.93383 2.04841
    endloop
  endfacet
  facet normal 0.111549 0.367718 0.923223
    outer loop
      vertex -7.20901 6.37756 1.67712
      vertex -7.2377 6.66879 1.56459
      vertex -7.34166 6.4178 1.67712
    endloop
  endfacet
  facet normal 0.865151 0.462393 0.194183
    outer loop
      vertex -8.31227 6.24172 2.85297
      vertex -8.39721 6.52176 2.56457
      vertex -8.45021 6.49981 2.85297
    endloop
  endfacet
  facet normal 0.714678 0.586509 0.381106
    outer loop
      vertex -8.00649 6.13565 2.2929
      vertex -8.171 6.33611 2.2929
      vertex -8.26457 6.2736 2.56457
    endloop
  endfacet
  facet normal 0.884718 0.268402 0.381097
    outer loop
      vertex -8.39721 6.52176 2.56457
      vertex -8.29325 6.56482 2.2929
      vertex -8.4789 6.79103 2.56457
    endloop
  endfacet
  facet normal 0.195069 0.0191969 -0.980602
    outer loop
      vertex -7.21527 7.04238 4.49278
      vertex -7.49813 6.98612 4.43541
      vertex -7.50649 7.07107 4.43541
    endloop
  endfacet
  facet normal -0.195066 0.0192415 -0.980601
    outer loop
      vertex -6.92404 7.07107 4.49278
      vertex -6.63564 7.07107 4.43541
      vertex -6.92687 7.04238 4.49278
    endloop
  endfacet
  facet normal -0.111557 0.367715 -0.923223
    outer loop
      vertex -6.90444 6.66879 4.43541
      vertex -6.93312 6.37756 4.32288
      vertex -6.98612 6.64401 4.43541
    endloop
  endfacet
  facet normal -0.243792 0.297046 -0.923217
    outer loop
      vertex -6.57108 6.57108 4.32288
      vertex -6.67823 6.48314 4.32288
      vertex -6.76317 6.76317 4.43541
    endloop
  endfacet
  facet normal -0.796849 0.241707 0.553724
    outer loop
      vertex -5.84888 6.56482 2.2929
      vertex -5.93383 6.84486 2.04841
      vertex -5.99981 6.62734 2.04841
    endloop
  endfacet
  facet normal -0.161814 -0.533414 0.830233
    outer loop
      vertex -6.80047 7.72434 1.67712
      vertex -6.70691 7.95022 1.84048
      vertex -6.93312 7.76458 1.67712
    endloop
  endfacet
  facet normal -0.241707 -0.796849 0.553724
    outer loop
      vertex -6.62734 8.14232 2.04841
      vertex -6.56482 8.29325 2.2929
      vertex -6.84486 8.2083 2.04841
    endloop
  endfacet
  facet normal -0.815367 -0.435824 0.381095
    outer loop
      vertex -5.84888 7.57731 2.2929
      vertex -5.74492 7.62037 2.56457
      vertex -5.87757 7.86854 2.56457
    endloop
  endfacet
  facet normal -0.796852 0.241717 -0.553714
    outer loop
      vertex -5.7736 6.81299 3.70709
      vertex -5.84888 6.56482 3.70709
      vertex -5.93383 6.84486 3.95159
    endloop
  endfacet
  facet normal 0.0961499 -0.976245 -0.194166
    outer loop
      vertex -7.07107 8.56384 3.14703
      vertex -7.07107 8.50648 3.43543
      vertex -7.3511 8.4789 3.43543
    endloop
  endfacet
  facet normal -0.796859 0.24171 -0.553708
    outer loop
      vertex -5.93383 6.84486 3.95159
      vertex -5.84888 6.56482 3.70709
      vertex -5.99981 6.62734 3.95159
    endloop
  endfacet
  facet normal -0.528259 -0.643692 -0.553717
    outer loop
      vertex -6.13565 8.00649 3.70709
      vertex -6.25117 7.89097 3.95159
      vertex -6.42688 8.03517 3.95159
    endloop
  endfacet
  facet normal -0.382414 0.0376731 -0.923223
    outer loop
      vertex -6.36397 7.07107 4.32288
      vertex -6.37756 6.93312 4.32288
      vertex -6.63564 7.07107 4.43541
    endloop
  endfacet
  facet normal -0.920085 0.0905895 -0.381101
    outer loop
      vertex -5.74819 7.07107 3.70709
      vertex -5.66324 6.79103 3.43543
      vertex -5.7736 6.81299 3.70709
    endloop
  endfacet
  facet normal -0.0192194 0.195064 -0.980602
    outer loop
      vertex -7.04238 6.92687 4.49278
      vertex -6.98612 6.64401 4.43541
      vertex -7.07107 6.63564 4.43541
    endloop
  endfacet
  facet normal -0.678298 0.205747 -0.705393
    outer loop
      vertex -5.93383 6.84486 3.95159
      vertex -5.99981 6.62734 3.95159
      vertex -6.19191 6.70691 4.15952
    endloop
  endfacet
  facet normal 0.884717 -0.268381 0.381114
    outer loop
      vertex -8.36853 7.32915 2.2929
      vertex -8.29325 7.57731 2.2929
      vertex -8.4789 7.3511 2.56457
    endloop
  endfacet
  facet normal 0.334154 0.625119 0.705385
    outer loop
      vertex -7.51479 5.99981 2.04841
      vertex -7.43523 6.19191 1.84048
      vertex -7.71526 6.10697 2.04841
    endloop
  endfacet
  facet normal 0.462397 -0.865147 0.194189
    outer loop
      vertex -7.86854 8.26457 2.56457
      vertex -7.62037 8.39721 2.56457
      vertex -7.90041 8.31227 2.85297
    endloop
  endfacet
  facet normal 0.0906242 -0.920075 0.381116
    outer loop
      vertex -7.32915 8.36853 2.2929
      vertex -7.07107 8.39395 2.2929
      vertex -7.3511 8.4789 2.56457
    endloop
  endfacet
  facet normal 0.392527 -0.734389 -0.55371
    outer loop
      vertex -7.57731 8.29325 3.70709
      vertex -7.51479 8.14232 3.95159
      vertex -7.71526 8.03517 3.95159
    endloop
  endfacet
  facet normal 0.0906175 -0.920073 -0.381123
    outer loop
      vertex -7.07107 8.50648 3.43543
      vertex -7.07107 8.39395 3.70709
      vertex -7.3511 8.4789 3.43543
    endloop
  endfacet
  facet normal -0.884723 -0.268383 -0.381098
    outer loop
      vertex -5.66324 7.3511 3.43543
      vertex -5.7736 7.32915 3.70709
      vertex -5.84888 7.57731 3.70709
    endloop
  endfacet
  facet normal -0.297042 -0.243783 -0.92322
    outer loop
      vertex -6.48314 7.46391 4.32288
      vertex -6.70902 7.31298 4.43541
      vertex -6.76317 7.37896 4.43541
    endloop
  endfacet
  facet normal 0.338897 -0.181133 -0.923223
    outer loop
      vertex -7.659 7.46391 4.32288
      vertex -7.47335 7.2377 4.43541
      vertex -7.72434 7.34166 4.32288
    endloop
  endfacet
  facet normal 0.643692 -0.528259 -0.553717
    outer loop
      vertex -8.00649 8.00649 3.70709
      vertex -7.89097 7.89097 3.95159
      vertex -8.03517 7.71526 3.95159
    endloop
  endfacet
  facet normal 0.865147 -0.462397 0.194189
    outer loop
      vertex -8.26457 7.86854 2.56457
      vertex -8.31227 7.90041 2.85297
      vertex -8.39721 7.62037 2.56457
    endloop
  endfacet
  facet normal 0.828695 0.0816203 -0.553717
    outer loop
      vertex -8.23058 7.07107 3.95159
      vertex -8.2083 6.84486 3.95159
      vertex -8.39395 7.07107 3.70709
    endloop
  endfacet
  facet normal 0.622308 0.758302 -0.194193
    outer loop
      vertex -8.08606 6.05608 3.43543
      vertex -7.86854 5.87757 3.43543
      vertex -8.12662 6.01551 3.14703
    endloop
  endfacet
  facet normal -0.714664 0.586534 -0.381095
    outer loop
      vertex -5.97113 6.33611 3.70709
      vertex -5.87757 6.2736 3.43543
      vertex -6.13565 6.13565 3.70709
    endloop
  endfacet
  facet normal -0.758302 0.622303 -0.194209
    outer loop
      vertex -5.87757 6.2736 3.43543
      vertex -5.82987 6.24172 3.14703
      vertex -6.01551 6.01551 3.14703
    endloop
  endfacet
  facet normal -0.284752 0.938727 -0.194185
    outer loop
      vertex -6.52176 5.74492 3.43543
      vertex -6.49981 5.69192 3.14703
      vertex -6.79103 5.66324 3.43543
    endloop
  endfacet
  facet normal -0.714675 0.586505 -0.381119
    outer loop
      vertex -5.87757 6.2736 3.43543
      vertex -6.05608 6.05608 3.43543
      vertex -6.13565 6.13565 3.70709
    endloop
  endfacet
  facet normal 0.462431 0.865127 -0.194198
    outer loop
      vertex -7.62037 5.74492 3.43543
      vertex -7.64233 5.69192 3.14703
      vertex -7.90041 5.82987 3.14703
    endloop
  endfacet
  facet normal 0.528253 0.643684 0.553733
    outer loop
      vertex -7.80602 5.97113 2.2929
      vertex -7.71526 6.10697 2.04841
      vertex -8.00649 6.13565 2.2929
    endloop
  endfacet
  facet normal 0.181133 -0.338897 0.923223
    outer loop
      vertex -7.2377 7.47335 1.56459
      vertex -7.34166 7.72434 1.67712
      vertex -7.46391 7.659 1.67712
    endloop
  endfacet
  facet normal 0.0694765 0.705398 -0.705398
    outer loop
      vertex -7.07107 6.11948 4.15952
      vertex -7.07107 5.91155 3.95159
      vertex -7.29728 5.93383 3.95159
    endloop
  endfacet
  facet normal 0.28476 0.938721 0.194203
    outer loop
      vertex -7.36229 5.60697 2.85297
      vertex -7.3511 5.66324 2.56457
      vertex -7.64233 5.69192 2.85297
    endloop
  endfacet
  facet normal -0.392571 0.734367 -0.553708
    outer loop
      vertex -6.42688 6.10697 3.95159
      vertex -6.56482 5.84888 3.70709
      vertex -6.62734 5.99981 3.95159
    endloop
  endfacet
  facet normal 0.392551 0.734366 0.553724
    outer loop
      vertex -7.57731 5.84888 2.2929
      vertex -7.51479 5.99981 2.04841
      vertex -7.71526 6.10697 2.04841
    endloop
  endfacet
  facet normal -0.241714 0.796842 0.55373
    outer loop
      vertex -6.81299 5.7736 2.2929
      vertex -6.56482 5.84888 2.2929
      vertex -6.84486 5.93383 2.04841
    endloop
  endfacet
  facet normal -0.0694765 0.705398 0.705398
    outer loop
      vertex -6.84486 5.93383 2.04841
      vertex -7.07107 6.11948 1.84048
      vertex -7.07107 5.91155 2.04841
    endloop
  endfacet
  facet normal 0.297051 0.243754 0.923225
    outer loop
      vertex -7.37896 6.76317 1.56459
      vertex -7.43311 6.82916 1.56459
      vertex -7.659 6.67823 1.67712
    endloop
  endfacet
  facet normal 0.881938 0.471365 0
    outer loop
      vertex -8.31227 6.24172 3.14703
      vertex -8.45021 6.49981 2.85297
      vertex -8.45021 6.49981 3.14703
    endloop
  endfacet
  facet normal 0.881938 0.471365 0
    outer loop
      vertex -8.45021 6.49981 2.85297
      vertex -8.31227 6.24172 3.14703
      vertex -8.31227 6.24172 2.85297
    endloop
  endfacet
  facet normal 0.828686 0.0816227 0.553731
    outer loop
      vertex -8.36853 6.81299 2.2929
      vertex -8.2083 6.84486 2.04841
      vertex -8.39395 7.07107 2.2929
    endloop
  endfacet
  facet normal 0.796842 0.241714 0.55373
    outer loop
      vertex -8.29325 6.56482 2.2929
      vertex -8.2083 6.84486 2.04841
      vertex -8.36853 6.81299 2.2929
    endloop
  endfacet
  facet normal 0.0961492 0.976239 0.194198
    outer loop
      vertex -7.07107 5.57829 2.85297
      vertex -7.07107 5.63566 2.56457
      vertex -7.3511 5.66324 2.56457
    endloop
  endfacet
  facet normal 0.430874 0.353626 0.830239
    outer loop
      vertex -7.57106 6.57108 1.67712
      vertex -7.659 6.67823 1.67712
      vertex -7.74394 6.39819 1.84048
    endloop
  endfacet
  facet normal 0.705415 0.0694781 0.705381
    outer loop
      vertex -8.2083 6.84486 2.04841
      vertex -8.02266 7.07107 1.84048
      vertex -8.23058 7.07107 2.04841
    endloop
  endfacet
  facet normal -0.35361 0.430882 -0.830242
    outer loop
      vertex -6.39819 6.39819 4.15952
      vertex -6.54239 6.27985 4.15952
      vertex -6.67823 6.48314 4.32288
    endloop
  endfacet
  facet normal -0.172856 0.0924121 -0.980602
    outer loop
      vertex -6.93523 7.0148 4.49278
      vertex -6.70902 6.82916 4.43541
      vertex -6.94882 6.98938 4.49278
    endloop
  endfacet
  facet normal 0.0923848 0.172874 -0.980602
    outer loop
      vertex -7.12733 6.93523 4.49278
      vertex -7.2377 6.66879 4.43541
      vertex -7.31298 6.70902 4.43541
    endloop
  endfacet
  facet normal -0.338914 -0.181117 -0.923219
    outer loop
      vertex -6.48314 7.46391 4.32288
      vertex -6.66879 7.2377 4.43541
      vertex -6.70902 7.31298 4.43541
    endloop
  endfacet
  facet normal 0.111549 -0.367718 0.923223
    outer loop
      vertex -7.2377 7.47335 1.56459
      vertex -7.20901 7.76458 1.67712
      vertex -7.34166 7.72434 1.67712
    endloop
  endfacet
  facet normal -0.0924121 0.172856 0.980602
    outer loop
      vertex -6.82916 6.70902 1.56459
      vertex -6.98938 6.94882 1.50722
      vertex -7.0148 6.93523 1.50722
    endloop
  endfacet
  facet normal -0.622309 -0.758303 0.194188
    outer loop
      vertex -6.05608 8.08606 2.56457
      vertex -6.01551 8.12662 2.85297
      vertex -6.2736 8.26457 2.56457
    endloop
  endfacet
  facet normal -0.586508 -0.714679 0.381107
    outer loop
      vertex -6.13565 8.00649 2.2929
      vertex -6.05608 8.08606 2.56457
      vertex -6.2736 8.26457 2.56457
    endloop
  endfacet
  facet normal -0.920091 -0.0905901 0.381086
    outer loop
      vertex -5.74819 7.07107 2.2929
      vertex -5.66324 7.3511 2.56457
      vertex -5.7736 7.32915 2.2929
    endloop
  endfacet
  facet normal -0.462419 0.865137 -0.194183
    outer loop
      vertex -6.24172 5.82987 3.14703
      vertex -6.49981 5.69192 3.14703
      vertex -6.52176 5.74492 3.43543
    endloop
  endfacet
  facet normal -0.956937 0.290297 0
    outer loop
      vertex -5.69192 6.49981 2.85297
      vertex -5.60697 6.77984 3.14703
      vertex -5.60697 6.77984 2.85297
    endloop
  endfacet
  facet normal -0.956937 0.290297 0
    outer loop
      vertex -5.60697 6.77984 3.14703
      vertex -5.69192 6.49981 2.85297
      vertex -5.69192 6.49981 3.14703
    endloop
  endfacet
  facet normal -0.920078 0.0906147 0.381111
    outer loop
      vertex -5.66324 6.79103 2.56457
      vertex -5.63566 7.07107 2.56457
      vertex -5.74819 7.07107 2.2929
    endloop
  endfacet
  facet normal -0.938718 0.28477 -0.194203
    outer loop
      vertex -5.66324 6.79103 3.43543
      vertex -5.60697 6.77984 3.14703
      vertex -5.69192 6.49981 3.14703
    endloop
  endfacet
  facet normal -0.938721 -0.28476 -0.194203
    outer loop
      vertex -5.60697 7.36229 3.14703
      vertex -5.66324 7.3511 3.43543
      vertex -5.69192 7.64233 3.14703
    endloop
  endfacet
  facet normal -0.187578 0.0568583 -0.980603
    outer loop
      vertex -6.92687 7.04238 4.49278
      vertex -6.64401 6.98612 4.43541
      vertex -6.93523 7.0148 4.49278
    endloop
  endfacet
  facet normal -0.734367 0.392571 -0.553708
    outer loop
      vertex -5.99981 6.62734 3.95159
      vertex -5.84888 6.56482 3.70709
      vertex -6.10697 6.42688 3.95159
    endloop
  endfacet
  facet normal -0.865132 -0.462424 -0.19419
    outer loop
      vertex -5.82987 7.90041 3.14703
      vertex -5.74492 7.62037 3.43543
      vertex -5.87757 7.86854 3.43543
    endloop
  endfacet
  facet normal -0.449697 -0.54792 -0.705377
    outer loop
      vertex -6.42688 8.03517 3.95159
      vertex -6.39819 7.74394 4.15952
      vertex -6.54239 7.86229 4.15952
    endloop
  endfacet
  facet normal -0.392542 -0.734382 -0.553709
    outer loop
      vertex -6.56482 8.29325 3.70709
      vertex -6.42688 8.03517 3.95159
      vertex -6.62734 8.14232 3.95159
    endloop
  endfacet
  facet normal -0.865127 -0.462431 0.194198
    outer loop
      vertex -5.74492 7.62037 2.56457
      vertex -5.69192 7.64233 2.85297
      vertex -5.82987 7.90041 2.85297
    endloop
  endfacet
  facet normal -0.622309 -0.758303 -0.194188
    outer loop
      vertex -6.01551 8.12662 3.14703
      vertex -6.05608 8.08606 3.43543
      vertex -6.2736 8.26457 3.43543
    endloop
  endfacet
  facet normal -0.528269 0.643672 -0.553731
    outer loop
      vertex -6.13565 6.13565 3.70709
      vertex -6.33611 5.97113 3.70709
      vertex -6.42688 6.10697 3.95159
    endloop
  endfacet
  facet normal -0.884723 0.268371 -0.381108
    outer loop
      vertex -5.66324 6.79103 3.43543
      vertex -5.74492 6.52176 3.43543
      vertex -5.84888 6.56482 3.70709
    endloop
  endfacet
  facet normal -0.714672 -0.586511 -0.381114
    outer loop
      vertex -5.87757 7.86854 3.43543
      vertex -5.97113 7.80602 3.70709
      vertex -6.13565 8.00649 3.70709
    endloop
  endfacet
  facet normal -0.678298 -0.205746 -0.705394
    outer loop
      vertex -5.93383 7.29728 3.95159
      vertex -6.13776 7.25671 4.15952
      vertex -6.19191 7.43523 4.15952
    endloop
  endfacet
  facet normal -0.815364 0.435828 -0.381098
    outer loop
      vertex -5.84888 6.56482 3.70709
      vertex -5.87757 6.2736 3.43543
      vertex -5.97113 6.33611 3.70709
    endloop
  endfacet
  facet normal -0.643672 0.528269 -0.553731
    outer loop
      vertex -6.10697 6.42688 3.95159
      vertex -5.97113 6.33611 3.70709
      vertex -6.13565 6.13565 3.70709
    endloop
  endfacet
  facet normal 0.678298 0.205747 0.705393
    outer loop
      vertex -8.14232 6.62734 2.04841
      vertex -7.95022 6.70691 1.84048
      vertex -8.2083 6.84486 2.04841
    endloop
  endfacet
  facet normal 0.0192193 0.195064 0.980602
    outer loop
      vertex -7.07107 6.63564 1.56459
      vertex -7.09975 6.92687 1.50722
      vertex -7.15602 6.64401 1.56459
    endloop
  endfacet
  facet normal 0.187565 -0.0569033 0.980603
    outer loop
      vertex -7.2069 7.12733 1.50722
      vertex -7.47335 7.2377 1.56459
      vertex -7.49813 7.15602 1.56459
    endloop
  endfacet
  facet normal 0.353632 -0.430881 0.830232
    outer loop
      vertex -7.57106 7.57106 1.67712
      vertex -7.46391 7.659 1.67712
      vertex -7.74394 7.74394 1.84048
    endloop
  endfacet
  facet normal 0.241723 -0.79684 0.55373
    outer loop
      vertex -7.29728 8.2083 2.04841
      vertex -7.32915 8.36853 2.2929
      vertex -7.57731 8.29325 2.2929
    endloop
  endfacet
  facet normal 0.0546546 -0.554733 0.830231
    outer loop
      vertex -7.20901 7.76458 1.67712
      vertex -7.07107 8.02266 1.84048
      vertex -7.25671 8.00437 1.84048
    endloop
  endfacet
  facet normal 0.976245 0.0961395 0.194172
    outer loop
      vertex -8.53516 6.77984 2.85297
      vertex -8.4789 6.79103 2.56457
      vertex -8.56384 7.07107 2.85297
    endloop
  endfacet
  facet normal 0.528253 -0.643684 0.553733
    outer loop
      vertex -7.89097 7.89097 2.04841
      vertex -7.71526 8.03517 2.04841
      vertex -8.00649 8.00649 2.2929
    endloop
  endfacet
  facet normal -0.26277 -0.491597 -0.830232
    outer loop
      vertex -6.70691 7.95022 4.15952
      vertex -6.67823 7.659 4.32288
      vertex -6.80047 7.72434 4.32288
    endloop
  endfacet
  facet normal 0.586505 -0.714675 -0.381119
    outer loop
      vertex -7.86854 8.26457 3.43543
      vertex -8.00649 8.00649 3.70709
      vertex -8.08606 8.08606 3.43543
    endloop
  endfacet
  facet normal -0.353626 -0.430874 -0.830239
    outer loop
      vertex -6.39819 7.74394 4.15952
      vertex -6.57108 7.57106 4.32288
      vertex -6.67823 7.659 4.32288
    endloop
  endfacet
  facet normal 0.622311 -0.758306 -0.194167
    outer loop
      vertex -7.86854 8.26457 3.43543
      vertex -8.08606 8.08606 3.43543
      vertex -8.12662 8.12662 3.14703
    endloop
  endfacet
  facet normal -0.0906147 -0.920078 0.381111
    outer loop
      vertex -6.79103 8.4789 2.56457
      vertex -7.07107 8.50648 2.56457
      vertex -7.07107 8.39395 2.2929
    endloop
  endfacet
  facet normal 0.462405 -0.865141 -0.194199
    outer loop
      vertex -7.64233 8.45021 3.14703
      vertex -7.62037 8.39721 3.43543
      vertex -7.90041 8.31227 3.14703
    endloop
  endfacet
  facet normal 0.334129 -0.625131 0.705386
    outer loop
      vertex -7.43523 7.95022 1.84048
      vertex -7.51479 8.14232 2.04841
      vertex -7.71526 8.03517 2.04841
    endloop
  endfacet
  facet normal -0.268402 -0.884718 0.381097
    outer loop
      vertex -6.56482 8.29325 2.2929
      vertex -6.52176 8.39721 2.56457
      vertex -6.79103 8.4789 2.56457
    endloop
  endfacet
  facet normal 0.0906179 -0.920078 0.381111
    outer loop
      vertex -7.07107 8.39395 2.2929
      vertex -7.07107 8.50648 2.56457
      vertex -7.3511 8.4789 2.56457
    endloop
  endfacet
  facet normal 0.172853 -0.0924106 -0.980603
    outer loop
      vertex -7.19331 7.15275 4.49278
      vertex -7.2069 7.12733 4.49278
      vertex -7.43311 7.31298 4.43541
    endloop
  endfacet
  facet normal 0.297035 -0.243777 -0.923224
    outer loop
      vertex -7.37896 7.37896 4.43541
      vertex -7.43311 7.31298 4.43541
      vertex -7.659 7.46391 4.32288
    endloop
  endfacet
  facet normal -0.111548 -0.367715 -0.923224
    outer loop
      vertex -6.80047 7.72434 4.32288
      vertex -6.90444 7.47335 4.43541
      vertex -6.93312 7.76458 4.32288
    endloop
  endfacet
  facet normal 0.205746 -0.678298 -0.705394
    outer loop
      vertex -7.29728 8.2083 3.95159
      vertex -7.25671 8.00437 4.15952
      vertex -7.43523 7.95022 4.15952
    endloop
  endfacet
  facet normal -0.0694581 0.70541 -0.705388
    outer loop
      vertex -6.88542 6.13776 4.15952
      vertex -6.84486 5.93383 3.95159
      vertex -7.07107 6.11948 4.15952
    endloop
  endfacet
  facet normal 0.554718 -0.0546113 -0.830244
    outer loop
      vertex -7.76458 7.20901 4.32288
      vertex -7.77816 7.07107 4.32288
      vertex -8.02266 7.07107 4.15952
    endloop
  endfacet
  facet normal 0.367718 -0.111549 -0.923223
    outer loop
      vertex -7.72434 7.34166 4.32288
      vertex -7.47335 7.2377 4.43541
      vertex -7.76458 7.20901 4.32288
    endloop
  endfacet
  facet normal 0.491598 -0.262757 -0.830235
    outer loop
      vertex -7.86229 7.59974 4.15952
      vertex -7.659 7.46391 4.32288
      vertex -7.95022 7.43523 4.15952
    endloop
  endfacet
  facet normal -0.547938 0.449674 -0.705378
    outer loop
      vertex -6.27985 6.54239 4.15952
      vertex -6.10697 6.42688 3.95159
      vertex -6.39819 6.39819 4.15952
    endloop
  endfacet
  facet normal -0.758299 0.622306 -0.194213
    outer loop
      vertex -5.87757 6.2736 3.43543
      vertex -6.01551 6.01551 3.14703
      vertex -6.05608 6.05608 3.43543
    endloop
  endfacet
  facet normal -0.865122 0.462437 0.194205
    outer loop
      vertex -5.82987 6.24172 2.85297
      vertex -5.74492 6.52176 2.56457
      vertex -5.87757 6.2736 2.56457
    endloop
  endfacet
  facet normal -0.471391 0.881924 0
    outer loop
      vertex -6.24172 5.82987 2.85297
      vertex -6.49981 5.69192 3.14703
      vertex -6.24172 5.82987 3.14703
    endloop
  endfacet
  facet normal -0.471391 0.881924 0
    outer loop
      vertex -6.49981 5.69192 3.14703
      vertex -6.24172 5.82987 2.85297
      vertex -6.49981 5.69192 2.85297
    endloop
  endfacet
  facet normal -0.353618 0.430864 -0.830247
    outer loop
      vertex -6.57108 6.57108 4.32288
      vertex -6.39819 6.39819 4.15952
      vertex -6.67823 6.48314 4.32288
    endloop
  endfacet
  facet normal -0.24376 0.297058 -0.923221
    outer loop
      vertex -6.76317 6.76317 4.43541
      vertex -6.67823 6.48314 4.32288
      vertex -6.82916 6.70902 4.43541
    endloop
  endfacet
  facet normal 0.705415 0.0694781 -0.705381
    outer loop
      vertex -8.02266 7.07107 4.15952
      vertex -8.2083 6.84486 3.95159
      vertex -8.23058 7.07107 3.95159
    endloop
  endfacet
  facet normal -0.24171 0.796859 -0.553708
    outer loop
      vertex -6.62734 5.99981 3.95159
      vertex -6.56482 5.84888 3.70709
      vertex -6.84486 5.93383 3.95159
    endloop
  endfacet
  facet normal 0.0905901 0.920091 0.381086
    outer loop
      vertex -7.07107 5.74819 2.2929
      vertex -7.32915 5.7736 2.2929
      vertex -7.3511 5.66324 2.56457
    endloop
  endfacet
  facet normal -0.0816208 0.8287 0.55371
    outer loop
      vertex -6.84486 5.93383 2.04841
      vertex -7.07107 5.91155 2.04841
      vertex -7.07107 5.74819 2.2929
    endloop
  endfacet
  facet normal 0.0376758 0.382413 0.923223
    outer loop
      vertex -7.07107 6.36397 1.67712
      vertex -7.07107 6.63564 1.56459
      vertex -7.20901 6.37756 1.67712
    endloop
  endfacet
  facet normal 0.268385 0.884728 0.381086
    outer loop
      vertex -7.3511 5.66324 2.56457
      vertex -7.32915 5.7736 2.2929
      vertex -7.57731 5.84888 2.2929
    endloop
  endfacet
  facet normal 0.290287 0.95694 -0
    outer loop
      vertex -7.36229 5.60697 2.85297
      vertex -7.64233 5.69192 3.14703
      vertex -7.36229 5.60697 3.14703
    endloop
  endfacet
  facet normal 0.290287 0.95694 0
    outer loop
      vertex -7.64233 5.69192 3.14703
      vertex -7.36229 5.60697 2.85297
      vertex -7.64233 5.69192 2.85297
    endloop
  endfacet
  facet normal 0.462431 0.865127 0.194198
    outer loop
      vertex -7.64233 5.69192 2.85297
      vertex -7.62037 5.74492 2.56457
      vertex -7.90041 5.82987 2.85297
    endloop
  endfacet
  facet normal -0.0905895 0.920085 -0.381101
    outer loop
      vertex -6.81299 5.7736 3.70709
      vertex -6.79103 5.66324 3.43543
      vertex -7.07107 5.74819 3.70709
    endloop
  endfacet
  facet normal 0.528259 0.643692 -0.553717
    outer loop
      vertex -7.89097 6.25117 3.95159
      vertex -7.71526 6.10697 3.95159
      vertex -8.00649 6.13565 3.70709
    endloop
  endfacet
  facet normal -0.73436 0.39253 0.553746
    outer loop
      vertex -5.97113 6.33611 2.2929
      vertex -5.84888 6.56482 2.2929
      vertex -6.10697 6.42688 2.04841
    endloop
  endfacet
  facet normal -0.622306 0.758299 -0.194213
    outer loop
      vertex -6.05608 6.05608 3.43543
      vertex -6.01551 6.01551 3.14703
      vertex -6.2736 5.87757 3.43543
    endloop
  endfacet
  facet normal -0.28477 0.938718 -0.194203
    outer loop
      vertex -6.49981 5.69192 3.14703
      vertex -6.77984 5.60697 3.14703
      vertex -6.79103 5.66324 3.43543
    endloop
  endfacet
  facet normal 0.28476 0.938721 -0.194203
    outer loop
      vertex -7.3511 5.66324 3.43543
      vertex -7.36229 5.60697 3.14703
      vertex -7.64233 5.69192 3.14703
    endloop
  endfacet
  facet normal 0.0961421 0.976238 -0.194205
    outer loop
      vertex -7.3511 5.66324 3.43543
      vertex -7.07107 5.57829 3.14703
      vertex -7.36229 5.60697 3.14703
    endloop
  endfacet
  facet normal -0.151514 -0.124348 0.980603
    outer loop
      vertex -6.70902 7.31298 1.56459
      vertex -6.76317 7.37896 1.56459
      vertex -6.94882 7.15275 1.50722
    endloop
  endfacet
  facet normal -0.367718 -0.111549 0.923223
    outer loop
      vertex -6.37756 7.20901 1.67712
      vertex -6.4178 7.34166 1.67712
      vertex -6.66879 7.2377 1.56459
    endloop
  endfacet
  facet normal -0.0546207 0.554723 0.83024
    outer loop
      vertex -6.88542 6.13776 1.84048
      vertex -6.93312 6.37756 1.67712
      vertex -7.07107 6.11948 1.84048
    endloop
  endfacet
  facet normal 0.0546529 0.554733 0.830232
    outer loop
      vertex -7.07107 6.11948 1.84048
      vertex -7.07107 6.36397 1.67712
      vertex -7.20901 6.37756 1.67712
    endloop
  endfacet
  facet normal 0.758303 0.622309 -0.194188
    outer loop
      vertex -8.08606 6.05608 3.43543
      vertex -8.12662 6.01551 3.14703
      vertex -8.26457 6.2736 3.43543
    endloop
  endfacet
  facet normal 0.976246 0.0961465 -0.194166
    outer loop
      vertex -8.50648 7.07107 3.43543
      vertex -8.4789 6.79103 3.43543
      vertex -8.56384 7.07107 3.14703
    endloop
  endfacet
  facet normal 0.938715 -0.284784 0.194195
    outer loop
      vertex -8.39721 7.62037 2.56457
      vertex -8.45021 7.64233 2.85297
      vertex -8.4789 7.3511 2.56457
    endloop
  endfacet
  facet normal 0.643688 0.528251 0.55373
    outer loop
      vertex -8.00649 6.13565 2.2929
      vertex -8.03517 6.42688 2.04841
      vertex -8.171 6.33611 2.2929
    endloop
  endfacet
  facet normal 0.586514 0.714676 0.381102
    outer loop
      vertex -7.86854 5.87757 2.56457
      vertex -7.80602 5.97113 2.2929
      vertex -8.00649 6.13565 2.2929
    endloop
  endfacet
  facet normal 0.815359 0.435825 0.381112
    outer loop
      vertex -8.26457 6.2736 2.56457
      vertex -8.171 6.33611 2.2929
      vertex -8.29325 6.56482 2.2929
    endloop
  endfacet
  facet normal 0.6783 0.205759 0.705388
    outer loop
      vertex -7.95022 6.70691 1.84048
      vertex -8.00437 6.88542 1.84048
      vertex -8.2083 6.84486 2.04841
    endloop
  endfacet
  facet normal 0.622308 0.758302 0.194193
    outer loop
      vertex -7.86854 5.87757 2.56457
      vertex -8.08606 6.05608 2.56457
      vertex -8.12662 6.01551 2.85297
    endloop
  endfacet
  facet normal 0.586508 0.714679 0.381107
    outer loop
      vertex -7.86854 5.87757 2.56457
      vertex -8.00649 6.13565 2.2929
      vertex -8.08606 6.05608 2.56457
    endloop
  endfacet
  facet normal 0.491599 0.262742 0.830239
    outer loop
      vertex -7.86229 6.54239 1.84048
      vertex -7.659 6.67823 1.67712
      vertex -7.95022 6.70691 1.84048
    endloop
  endfacet
  facet normal 0.392534 0.734367 0.553735
    outer loop
      vertex -7.57731 5.84888 2.2929
      vertex -7.71526 6.10697 2.04841
      vertex -7.80602 5.97113 2.2929
    endloop
  endfacet
  facet normal 0.205757 0.6783 0.705389
    outer loop
      vertex -7.29728 5.93383 2.04841
      vertex -7.43523 6.19191 1.84048
      vertex -7.51479 5.99981 2.04841
    endloop
  endfacet
  facet normal 0.161808 0.533395 0.830246
    outer loop
      vertex -7.20901 6.37756 1.67712
      vertex -7.34166 6.4178 1.67712
      vertex -7.43523 6.19191 1.84048
    endloop
  endfacet
  facet normal 0.884718 -0.268402 0.381097
    outer loop
      vertex -8.29325 7.57731 2.2929
      vertex -8.39721 7.62037 2.56457
      vertex -8.4789 7.3511 2.56457
    endloop
  endfacet
  facet normal 0.758289 -0.622326 0.194188
    outer loop
      vertex -8.26457 7.86854 2.56457
      vertex -8.12662 8.12662 2.85297
      vertex -8.31227 7.90041 2.85297
    endloop
  endfacet
  facet normal -0.297046 0.243792 -0.923217
    outer loop
      vertex -6.48314 6.67823 4.32288
      vertex -6.57108 6.57108 4.32288
      vertex -6.76317 6.76317 4.43541
    endloop
  endfacet
  facet normal -0.297058 0.24376 -0.923221
    outer loop
      vertex -6.70902 6.82916 4.43541
      vertex -6.48314 6.67823 4.32288
      vertex -6.76317 6.76317 4.43541
    endloop
  endfacet
  facet normal 0.0568578 0.187576 -0.980603
    outer loop
      vertex -7.12733 6.93523 4.49278
      vertex -7.09975 6.92687 4.49278
      vertex -7.15602 6.64401 4.43541
    endloop
  endfacet
  facet normal 0.26278 0.491584 -0.830236
    outer loop
      vertex -7.46391 6.48314 4.32288
      vertex -7.43523 6.19191 4.15952
      vertex -7.59974 6.27985 4.15952
    endloop
  endfacet
  facet normal -0.195064 0.0192194 -0.980602
    outer loop
      vertex -6.63564 7.07107 4.43541
      vertex -6.64401 6.98612 4.43541
      vertex -6.92687 7.04238 4.49278
    endloop
  endfacet
  facet normal 0.0694781 -0.705415 0.705381
    outer loop
      vertex -7.07107 8.02266 1.84048
      vertex -7.07107 8.23058 2.04841
      vertex -7.29728 8.2083 2.04841
    endloop
  endfacet
  facet normal 0.12433 -0.151535 0.980601
    outer loop
      vertex -7.17503 7.17503 1.50722
      vertex -7.15275 7.19331 1.50722
      vertex -7.37896 7.37896 1.56459
    endloop
  endfacet
  facet normal -0.334138 -0.625117 0.705393
    outer loop
      vertex -6.42688 8.03517 2.04841
      vertex -6.62734 8.14232 2.04841
      vertex -6.70691 7.95022 1.84048
    endloop
  endfacet
  facet normal -0.284772 -0.938724 0.194172
    outer loop
      vertex -6.49981 8.45021 2.85297
      vertex -6.77984 8.53516 2.85297
      vertex -6.79103 8.4789 2.56457
    endloop
  endfacet
  facet normal 0.0906179 0.920078 0.381111
    outer loop
      vertex -7.07107 5.63566 2.56457
      vertex -7.07107 5.74819 2.2929
      vertex -7.3511 5.66324 2.56457
    endloop
  endfacet
  facet normal -0.268374 0.884727 0.381095
    outer loop
      vertex -6.79103 5.66324 2.56457
      vertex -6.56482 5.84888 2.2929
      vertex -6.81299 5.7736 2.2929
    endloop
  endfacet
  facet normal -0.528263 0.643664 0.553747
    outer loop
      vertex -6.33611 5.97113 2.2929
      vertex -6.13565 6.13565 2.2929
      vertex -6.42688 6.10697 2.04841
    endloop
  endfacet
  facet normal -0.705398 0.0694765 0.705398
    outer loop
      vertex -5.93383 6.84486 2.04841
      vertex -5.91155 7.07107 2.04841
      vertex -6.11948 7.07107 1.84048
    endloop
  endfacet
  facet normal -0.976239 0.0961389 -0.194205
    outer loop
      vertex -5.57829 7.07107 3.14703
      vertex -5.60697 6.77984 3.14703
      vertex -5.66324 6.79103 3.43543
    endloop
  endfacet
  facet normal -0.865137 0.462419 0.194183
    outer loop
      vertex -5.69192 6.49981 2.85297
      vertex -5.74492 6.52176 2.56457
      vertex -5.82987 6.24172 2.85297
    endloop
  endfacet
  facet normal -0.976239 0.0961458 0.194198
    outer loop
      vertex -5.57829 7.07107 2.85297
      vertex -5.63566 7.07107 2.56457
      vertex -5.66324 6.79103 2.56457
    endloop
  endfacet
  facet normal -0.82869 0.081591 0.553729
    outer loop
      vertex -5.7736 6.81299 2.2929
      vertex -5.74819 7.07107 2.2929
      vertex -5.93383 6.84486 2.04841
    endloop
  endfacet
  facet normal -0.243786 -0.297039 -0.923221
    outer loop
      vertex -6.67823 7.659 4.32288
      vertex -6.57108 7.57106 4.32288
      vertex -6.76317 7.37896 4.43541
    endloop
  endfacet
  facet normal -0.0961465 -0.976246 -0.194166
    outer loop
      vertex -7.07107 8.56384 3.14703
      vertex -6.79103 8.4789 3.43543
      vertex -7.07107 8.50648 3.43543
    endloop
  endfacet
  facet normal 0.297039 0.243786 -0.923221
    outer loop
      vertex -7.37896 6.76317 4.43541
      vertex -7.57106 6.57108 4.32288
      vertex -7.659 6.67823 4.32288
    endloop
  endfacet
  facet normal -0.151514 -0.124348 -0.980603
    outer loop
      vertex -6.76317 7.37896 4.43541
      vertex -6.70902 7.31298 4.43541
      vertex -6.94882 7.15275 4.49278
    endloop
  endfacet
  facet normal 0.338883 0.181146 -0.923225
    outer loop
      vertex -7.47335 6.90444 4.43541
      vertex -7.43311 6.82916 4.43541
      vertex -7.659 6.67823 4.32288
    endloop
  endfacet
  facet normal -0.491585 0.262763 -0.830241
    outer loop
      vertex -6.4178 6.80047 4.32288
      vertex -6.19191 6.70691 4.15952
      vertex -6.48314 6.67823 4.32288
    endloop
  endfacet
  facet normal -0.491585 0.262764 -0.830241
    outer loop
      vertex -6.19191 6.70691 4.15952
      vertex -6.27985 6.54239 4.15952
      vertex -6.48314 6.67823 4.32288
    endloop
  endfacet
  facet normal 0.181133 -0.338897 -0.923223
    outer loop
      vertex -7.34166 7.72434 4.32288
      vertex -7.2377 7.47335 4.43541
      vertex -7.46391 7.659 4.32288
    endloop
  endfacet
  facet normal -0.678298 -0.205746 0.705394
    outer loop
      vertex -6.13776 7.25671 1.84048
      vertex -5.93383 7.29728 2.04841
      vertex -6.19191 7.43523 1.84048
    endloop
  endfacet
  facet normal -0.161809 -0.533418 -0.830231
    outer loop
      vertex -6.88542 8.00437 4.15952
      vertex -6.70691 7.95022 4.15952
      vertex -6.93312 7.76458 4.32288
    endloop
  endfacet
  facet normal -0.382413 -0.0376758 -0.923223
    outer loop
      vertex -6.37756 7.20901 4.32288
      vertex -6.36397 7.07107 4.32288
      vertex -6.63564 7.07107 4.43541
    endloop
  endfacet
  facet normal -0.77302 -0.634382 0
    outer loop
      vertex -5.82987 7.90041 2.85297
      vertex -6.01551 8.12662 3.14703
      vertex -6.01551 8.12662 2.85297
    endloop
  endfacet
  facet normal -0.77302 -0.634382 0
    outer loop
      vertex -6.01551 8.12662 3.14703
      vertex -5.82987 7.90041 2.85297
      vertex -5.82987 7.90041 3.14703
    endloop
  endfacet
  facet normal -0.586509 -0.714678 0.381106
    outer loop
      vertex -6.13565 8.00649 2.2929
      vertex -6.2736 8.26457 2.56457
      vertex -6.33611 8.171 2.2929
    endloop
  endfacet
  facet normal -0.95694 -0.290287 0
    outer loop
      vertex -5.60697 7.36229 2.85297
      vertex -5.69192 7.64233 3.14703
      vertex -5.69192 7.64233 2.85297
    endloop
  endfacet
  facet normal -0.95694 -0.290287 0
    outer loop
      vertex -5.69192 7.64233 3.14703
      vertex -5.60697 7.36229 2.85297
      vertex -5.60697 7.36229 3.14703
    endloop
  endfacet
  facet normal -0.884723 0.268372 -0.381107
    outer loop
      vertex -5.7736 6.81299 3.70709
      vertex -5.66324 6.79103 3.43543
      vertex -5.84888 6.56482 3.70709
    endloop
  endfacet
  facet normal -0.8287 0.081592 -0.553714
    outer loop
      vertex -5.74819 7.07107 3.70709
      vertex -5.7736 6.81299 3.70709
      vertex -5.93383 6.84486 3.95159
    endloop
  endfacet
  facet normal -0.976239 0.0961458 -0.194198
    outer loop
      vertex -5.63566 7.07107 3.43543
      vertex -5.57829 7.07107 3.14703
      vertex -5.66324 6.79103 3.43543
    endloop
  endfacet
  facet normal -0.995186 -0.0980081 0
    outer loop
      vertex -5.57829 7.07107 2.85297
      vertex -5.60697 7.36229 3.14703
      vertex -5.60697 7.36229 2.85297
    endloop
  endfacet
  facet normal -0.995186 -0.0980081 0
    outer loop
      vertex -5.60697 7.36229 3.14703
      vertex -5.57829 7.07107 2.85297
      vertex -5.57829 7.07107 3.14703
    endloop
  endfacet
  facet normal -0.0816218 0.82871 -0.553694
    outer loop
      vertex -7.07107 5.91155 3.95159
      vertex -6.84486 5.93383 3.95159
      vertex -7.07107 5.74819 3.70709
    endloop
  endfacet
  facet normal -0.73437 0.392535 -0.553731
    outer loop
      vertex -5.84888 6.56482 3.70709
      vertex -5.97113 6.33611 3.70709
      vertex -6.10697 6.42688 3.95159
    endloop
  endfacet
  facet normal -0.449676 0.547937 -0.705377
    outer loop
      vertex -6.39819 6.39819 4.15952
      vertex -6.25117 6.25117 3.95159
      vertex -6.42688 6.10697 3.95159
    endloop
  endfacet
  facet normal -0.449674 0.547938 -0.705378
    outer loop
      vertex -6.39819 6.39819 4.15952
      vertex -6.42688 6.10697 3.95159
      vertex -6.54239 6.27985 4.15952
    endloop
  endfacet
  facet normal -0.586534 0.714664 -0.381095
    outer loop
      vertex -6.13565 6.13565 3.70709
      vertex -6.2736 5.87757 3.43543
      vertex -6.33611 5.97113 3.70709
    endloop
  endfacet
  facet normal -0.586505 0.714675 -0.381119
    outer loop
      vertex -6.13565 6.13565 3.70709
      vertex -6.05608 6.05608 3.43543
      vertex -6.2736 5.87757 3.43543
    endloop
  endfacet
  facet normal 0.124348 0.151514 0.980603
    outer loop
      vertex -7.31298 6.70902 1.56459
      vertex -7.15275 6.94882 1.50722
      vertex -7.37896 6.76317 1.56459
    endloop
  endfacet
  facet normal 0.533418 0.161809 0.830231
    outer loop
      vertex -7.95022 6.70691 1.84048
      vertex -7.76458 6.93312 1.67712
      vertex -8.00437 6.88542 1.84048
    endloop
  endfacet
  facet normal -0.0568583 0.187578 0.980603
    outer loop
      vertex -6.98612 6.64401 1.56459
      vertex -7.0148 6.93523 1.50722
      vertex -7.04238 6.92687 1.50722
    endloop
  endfacet
  facet normal 0.62513 -0.33413 0.705387
    outer loop
      vertex -7.95022 7.43523 1.84048
      vertex -7.86229 7.59974 1.84048
      vertex -8.03517 7.71526 2.04841
    endloop
  endfacet
  facet normal 0.705404 0.0694955 0.70539
    outer loop
      vertex -8.00437 6.88542 1.84048
      vertex -8.02266 7.07107 1.84048
      vertex -8.2083 6.84486 2.04841
    endloop
  endfacet
  facet normal 0.449661 -0.547919 0.705401
    outer loop
      vertex -7.74394 7.74394 1.84048
      vertex -7.71526 8.03517 2.04841
      vertex -7.89097 7.89097 2.04841
    endloop
  endfacet
  facet normal -0.0546517 -0.554734 0.830231
    outer loop
      vertex -6.93312 7.76458 1.67712
      vertex -6.88542 8.00437 1.84048
      vertex -7.07107 8.02266 1.84048
    endloop
  endfacet
  facet normal 0.241717 -0.796845 0.553724
    outer loop
      vertex -7.51479 8.14232 2.04841
      vertex -7.29728 8.2083 2.04841
      vertex -7.57731 8.29325 2.2929
    endloop
  endfacet
  facet normal 0.44969 -0.547912 0.705387
    outer loop
      vertex -7.59974 7.86229 1.84048
      vertex -7.71526 8.03517 2.04841
      vertex -7.74394 7.74394 1.84048
    endloop
  endfacet
  facet normal 0.95694 -0.290287 0
    outer loop
      vertex -8.53516 7.36229 3.14703
      vertex -8.45021 7.64233 2.85297
      vertex -8.45021 7.64233 3.14703
    endloop
  endfacet
  facet normal 0.95694 -0.290287 0
    outer loop
      vertex -8.45021 7.64233 2.85297
      vertex -8.53516 7.36229 3.14703
      vertex -8.53516 7.36229 2.85297
    endloop
  endfacet
  facet normal 0.881931 -0.471379 0
    outer loop
      vertex -8.45021 7.64233 3.14703
      vertex -8.31227 7.90041 2.85297
      vertex -8.31227 7.90041 3.14703
    endloop
  endfacet
  facet normal 0.881931 -0.471379 0
    outer loop
      vertex -8.31227 7.90041 2.85297
      vertex -8.45021 7.64233 3.14703
      vertex -8.45021 7.64233 2.85297
    endloop
  endfacet
  facet normal 0.643708 -0.528241 0.553716
    outer loop
      vertex -8.03517 7.71526 2.04841
      vertex -8.00649 8.00649 2.2929
      vertex -8.171 7.80602 2.2929
    endloop
  endfacet
  facet normal 0.586487 -0.714686 0.381125
    outer loop
      vertex -7.80602 8.171 2.2929
      vertex -7.86854 8.26457 2.56457
      vertex -8.00649 8.00649 2.2929
    endloop
  endfacet
  facet normal 0.815381 -0.435798 0.381096
    outer loop
      vertex -8.29325 7.57731 2.2929
      vertex -8.26457 7.86854 2.56457
      vertex -8.39721 7.62037 2.56457
    endloop
  endfacet
  facet normal 0.528241 -0.643708 0.553716
    outer loop
      vertex -7.71526 8.03517 2.04841
      vertex -7.80602 8.171 2.2929
      vertex -8.00649 8.00649 2.2929
    endloop
  endfacet
  facet normal 0.884713 -0.268401 -0.381109
    outer loop
      vertex -8.39721 7.62037 3.43543
      vertex -8.29325 7.57731 3.70709
      vertex -8.4789 7.3511 3.43543
    endloop
  endfacet
  facet normal 0.714682 -0.586484 -0.381137
    outer loop
      vertex -8.00649 8.00649 3.70709
      vertex -8.171 7.80602 3.70709
      vertex -8.26457 7.86854 3.43543
    endloop
  endfacet
  facet normal 0.79685 -0.241726 -0.553714
    outer loop
      vertex -8.29325 7.57731 3.70709
      vertex -8.2083 7.29728 3.95159
      vertex -8.36853 7.32915 3.70709
    endloop
  endfacet
  facet normal 0.734388 -0.392545 -0.553699
    outer loop
      vertex -8.171 7.80602 3.70709
      vertex -8.03517 7.71526 3.95159
      vertex -8.29325 7.57731 3.70709
    endloop
  endfacet
  facet normal 0.392545 -0.734388 -0.553699
    outer loop
      vertex -7.57731 8.29325 3.70709
      vertex -7.71526 8.03517 3.95159
      vertex -7.80602 8.171 3.70709
    endloop
  endfacet
  facet normal 0.586484 -0.714682 -0.381137
    outer loop
      vertex -7.86854 8.26457 3.43543
      vertex -7.80602 8.171 3.70709
      vertex -8.00649 8.00649 3.70709
    endloop
  endfacet
  facet normal 0.262757 -0.491598 -0.830235
    outer loop
      vertex -7.43523 7.95022 4.15952
      vertex -7.46391 7.659 4.32288
      vertex -7.59974 7.86229 4.15952
    endloop
  endfacet
  facet normal 0.205757 -0.6783 -0.705389
    outer loop
      vertex -7.29728 8.2083 3.95159
      vertex -7.43523 7.95022 4.15952
      vertex -7.51479 8.14232 3.95159
    endloop
  endfacet
  facet normal -0.392542 -0.734382 -0.55371
    outer loop
      vertex -6.33611 8.171 3.70709
      vertex -6.42688 8.03517 3.95159
      vertex -6.56482 8.29325 3.70709
    endloop
  endfacet
  facet normal 0.43582 -0.81535 -0.381137
    outer loop
      vertex -7.57731 8.29325 3.70709
      vertex -7.80602 8.171 3.70709
      vertex -7.86854 8.26457 3.43543
    endloop
  endfacet
  facet normal -0.634402 -0.773003 0
    outer loop
      vertex -6.24172 8.31227 2.85297
      vertex -6.01551 8.12662 3.14703
      vertex -6.24172 8.31227 3.14703
    endloop
  endfacet
  facet normal -0.634402 -0.773003 -0
    outer loop
      vertex -6.01551 8.12662 3.14703
      vertex -6.24172 8.31227 2.85297
      vertex -6.01551 8.12662 2.85297
    endloop
  endfacet
  facet normal 0.0961428 -0.976245 -0.194173
    outer loop
      vertex -7.07107 8.56384 3.14703
      vertex -7.3511 8.4789 3.43543
      vertex -7.36229 8.53516 3.14703
    endloop
  endfacet
  facet normal 0.0980081 -0.995186 0
    outer loop
      vertex -7.36229 8.53516 2.85297
      vertex -7.07107 8.56384 3.14703
      vertex -7.36229 8.53516 3.14703
    endloop
  endfacet
  facet normal 0.0980081 -0.995186 0
    outer loop
      vertex -7.07107 8.56384 3.14703
      vertex -7.36229 8.53516 2.85297
      vertex -7.07107 8.56384 2.85297
    endloop
  endfacet
  facet normal 0.0961428 -0.976245 0.194173
    outer loop
      vertex -7.3511 8.4789 2.56457
      vertex -7.07107 8.56384 2.85297
      vertex -7.36229 8.53516 2.85297
    endloop
  endfacet
  facet normal 0.290287 -0.95694 0
    outer loop
      vertex -7.64233 8.45021 2.85297
      vertex -7.36229 8.53516 3.14703
      vertex -7.64233 8.45021 3.14703
    endloop
  endfacet
  facet normal 0.290287 -0.95694 0
    outer loop
      vertex -7.36229 8.53516 3.14703
      vertex -7.64233 8.45021 2.85297
      vertex -7.36229 8.53516 2.85297
    endloop
  endfacet
  facet normal -0.0961395 -0.976245 -0.194172
    outer loop
      vertex -6.77984 8.53516 3.14703
      vertex -6.79103 8.4789 3.43543
      vertex -7.07107 8.56384 3.14703
    endloop
  endfacet
  facet normal -0.284784 -0.938717 -0.194185
    outer loop
      vertex -6.49981 8.45021 3.14703
      vertex -6.52176 8.39721 3.43543
      vertex -6.79103 8.4789 3.43543
    endloop
  endfacet
  facet normal 0.353632 -0.430881 -0.830232
    outer loop
      vertex -7.46391 7.659 4.32288
      vertex -7.57106 7.57106 4.32288
      vertex -7.74394 7.74394 4.15952
    endloop
  endfacet
  facet normal 0.828696 -0.0816237 -0.553715
    outer loop
      vertex -8.36853 7.32915 3.70709
      vertex -8.2083 7.29728 3.95159
      vertex -8.39395 7.07107 3.70709
    endloop
  endfacet
  facet normal -0.0569057 0.187573 -0.980601
    outer loop
      vertex -6.90444 6.66879 4.43541
      vertex -6.98612 6.64401 4.43541
      vertex -7.0148 6.93523 4.49278
    endloop
  endfacet
  facet normal 0.705404 0.0694955 -0.70539
    outer loop
      vertex -8.02266 7.07107 4.15952
      vertex -8.00437 6.88542 4.15952
      vertex -8.2083 6.84486 3.95159
    endloop
  endfacet
  facet normal 0.533414 0.161814 -0.830233
    outer loop
      vertex -7.76458 6.93312 4.32288
      vertex -7.72434 6.80047 4.32288
      vertex -7.95022 6.70691 4.15952
    endloop
  endfacet
  facet normal 0.430874 0.353626 -0.830239
    outer loop
      vertex -7.659 6.67823 4.32288
      vertex -7.57106 6.57108 4.32288
      vertex -7.74394 6.39819 4.15952
    endloop
  endfacet
  facet normal 0.533418 0.161809 -0.830231
    outer loop
      vertex -7.76458 6.93312 4.32288
      vertex -7.95022 6.70691 4.15952
      vertex -8.00437 6.88542 4.15952
    endloop
  endfacet
  facet normal 0.920069 0.0906236 -0.381131
    outer loop
      vertex -8.39395 7.07107 3.70709
      vertex -8.36853 6.81299 3.70709
      vertex -8.4789 6.79103 3.43543
    endloop
  endfacet
  facet normal 0.643716 -0.528247 -0.5537
    outer loop
      vertex -8.00649 8.00649 3.70709
      vertex -8.03517 7.71526 3.95159
      vertex -8.171 7.80602 3.70709
    endloop
  endfacet
  facet normal 0.53342 -0.161801 -0.830231
    outer loop
      vertex -7.95022 7.43523 4.15952
      vertex -7.76458 7.20901 4.32288
      vertex -8.00437 7.25671 4.15952
    endloop
  endfacet
  facet normal 0.920073 -0.0906175 -0.381123
    outer loop
      vertex -8.4789 7.3511 3.43543
      vertex -8.39395 7.07107 3.70709
      vertex -8.50648 7.07107 3.43543
    endloop
  endfacet
  facet normal 0.705415 -0.0694781 -0.705381
    outer loop
      vertex -8.2083 7.29728 3.95159
      vertex -8.02266 7.07107 4.15952
      vertex -8.23058 7.07107 3.95159
    endloop
  endfacet
  facet normal 0.678298 -0.205746 -0.705394
    outer loop
      vertex -7.95022 7.43523 4.15952
      vertex -8.00437 7.25671 4.15952
      vertex -8.2083 7.29728 3.95159
    endloop
  endfacet
  facet normal -0.815356 0.435836 -0.381107
    outer loop
      vertex -5.84888 6.56482 3.70709
      vertex -5.74492 6.52176 3.43543
      vertex -5.87757 6.2736 3.43543
    endloop
  endfacet
  facet normal -0.865122 0.462437 -0.194205
    outer loop
      vertex -5.74492 6.52176 3.43543
      vertex -5.82987 6.24172 3.14703
      vertex -5.87757 6.2736 3.43543
    endloop
  endfacet
  facet normal -0.77302 0.634382 0
    outer loop
      vertex -6.01551 6.01551 2.85297
      vertex -5.82987 6.24172 3.14703
      vertex -5.82987 6.24172 2.85297
    endloop
  endfacet
  facet normal -0.77302 0.634382 0
    outer loop
      vertex -5.82987 6.24172 3.14703
      vertex -6.01551 6.01551 2.85297
      vertex -6.01551 6.01551 3.14703
    endloop
  endfacet
  facet normal -0.758302 0.622303 0.194209
    outer loop
      vertex -5.82987 6.24172 2.85297
      vertex -5.87757 6.2736 2.56457
      vertex -6.01551 6.01551 2.85297
    endloop
  endfacet
  facet normal 0.334154 0.625119 -0.705385
    outer loop
      vertex -7.43523 6.19191 4.15952
      vertex -7.51479 5.99981 3.95159
      vertex -7.71526 6.10697 3.95159
    endloop
  endfacet
  facet normal -0.205747 0.678298 -0.705393
    outer loop
      vertex -6.70691 6.19191 4.15952
      vertex -6.62734 5.99981 3.95159
      vertex -6.84486 5.93383 3.95159
    endloop
  endfacet
  facet normal 0.268383 0.884723 -0.381098
    outer loop
      vertex -7.32915 5.7736 3.70709
      vertex -7.3511 5.66324 3.43543
      vertex -7.57731 5.84888 3.70709
    endloop
  endfacet
  facet normal 0.0694616 0.705407 -0.70539
    outer loop
      vertex -7.25671 6.13776 4.15952
      vertex -7.07107 6.11948 4.15952
      vertex -7.29728 5.93383 3.95159
    endloop
  endfacet
  facet normal 0.491597 0.26277 0.830232
    outer loop
      vertex -7.659 6.67823 1.67712
      vertex -7.72434 6.80047 1.67712
      vertex -7.95022 6.70691 1.84048
    endloop
  endfacet
  facet normal 0.297039 0.243786 0.923221
    outer loop
      vertex -7.57106 6.57108 1.67712
      vertex -7.37896 6.76317 1.56459
      vertex -7.659 6.67823 1.67712
    endloop
  endfacet
  facet normal 0.471406 0.881916 -0
    outer loop
      vertex -7.64233 5.69192 2.85297
      vertex -7.90041 5.82987 3.14703
      vertex -7.64233 5.69192 3.14703
    endloop
  endfacet
  facet normal 0.471406 0.881916 0
    outer loop
      vertex -7.90041 5.82987 3.14703
      vertex -7.64233 5.69192 2.85297
      vertex -7.90041 5.82987 2.85297
    endloop
  endfacet
  facet normal 0.622306 0.758305 -0.194189
    outer loop
      vertex -7.86854 5.87757 3.43543
      vertex -7.90041 5.82987 3.14703
      vertex -8.12662 6.01551 3.14703
    endloop
  endfacet
  facet normal 0.0906175 0.920073 -0.381123
    outer loop
      vertex -7.07107 5.74819 3.70709
      vertex -7.07107 5.63566 3.43543
      vertex -7.3511 5.66324 3.43543
    endloop
  endfacet
  facet normal -0.0906143 0.920073 -0.381123
    outer loop
      vertex -7.07107 5.74819 3.70709
      vertex -6.79103 5.66324 3.43543
      vertex -7.07107 5.63566 3.43543
    endloop
  endfacet
  facet normal -0.435838 0.81536 0.381095
    outer loop
      vertex -6.52176 5.74492 2.56457
      vertex -6.2736 5.87757 2.56457
      vertex -6.56482 5.84888 2.2929
    endloop
  endfacet
  facet normal -0.622303 0.758302 0.194209
    outer loop
      vertex -6.24172 5.82987 2.85297
      vertex -6.01551 6.01551 2.85297
      vertex -6.2736 5.87757 2.56457
    endloop
  endfacet
  facet normal -0.290297 0.956937 0
    outer loop
      vertex -6.49981 5.69192 2.85297
      vertex -6.77984 5.60697 3.14703
      vertex -6.49981 5.69192 3.14703
    endloop
  endfacet
  facet normal -0.290297 0.956937 0
    outer loop
      vertex -6.77984 5.60697 3.14703
      vertex -6.49981 5.69192 2.85297
      vertex -6.77984 5.60697 2.85297
    endloop
  endfacet
  facet normal -0.0961389 0.976239 -0.194205
    outer loop
      vertex -6.79103 5.66324 3.43543
      vertex -6.77984 5.60697 3.14703
      vertex -7.07107 5.57829 3.14703
    endloop
  endfacet
  facet normal -0.462437 0.865122 -0.194205
    outer loop
      vertex -6.2736 5.87757 3.43543
      vertex -6.24172 5.82987 3.14703
      vertex -6.52176 5.74492 3.43543
    endloop
  endfacet
  facet normal -0.268371 0.884723 -0.381108
    outer loop
      vertex -6.56482 5.84888 3.70709
      vertex -6.52176 5.74492 3.43543
      vertex -6.79103 5.66324 3.43543
    endloop
  endfacet
  facet normal 0.0980081 0.995186 -0
    outer loop
      vertex -7.07107 5.57829 2.85297
      vertex -7.36229 5.60697 3.14703
      vertex -7.07107 5.57829 3.14703
    endloop
  endfacet
  facet normal 0.0980081 0.995186 0
    outer loop
      vertex -7.36229 5.60697 3.14703
      vertex -7.07107 5.57829 2.85297
      vertex -7.36229 5.60697 2.85297
    endloop
  endfacet
  facet normal 0.435822 0.815363 -0.381107
    outer loop
      vertex -7.57731 5.84888 3.70709
      vertex -7.62037 5.74492 3.43543
      vertex -7.86854 5.87757 3.43543
    endloop
  endfacet
  facet normal 0.284752 0.938725 -0.194194
    outer loop
      vertex -7.62037 5.74492 3.43543
      vertex -7.3511 5.66324 3.43543
      vertex -7.64233 5.69192 3.14703
    endloop
  endfacet
  facet normal -0.26277 -0.491597 0.830232
    outer loop
      vertex -6.67823 7.659 1.67712
      vertex -6.70691 7.95022 1.84048
      vertex -6.80047 7.72434 1.67712
    endloop
  endfacet
  facet normal -0.338914 -0.181117 0.923219
    outer loop
      vertex -6.66879 7.2377 1.56459
      vertex -6.48314 7.46391 1.67712
      vertex -6.70902 7.31298 1.56459
    endloop
  endfacet
  facet normal -0.195064 -0.0192193 0.980602
    outer loop
      vertex -6.63564 7.07107 1.56459
      vertex -6.64401 7.15602 1.56459
      vertex -6.92687 7.09975 1.50722
    endloop
  endfacet
  facet normal -0.367719 -0.111558 0.923221
    outer loop
      vertex -6.64401 7.15602 1.56459
      vertex -6.37756 7.20901 1.67712
      vertex -6.66879 7.2377 1.56459
    endloop
  endfacet
  facet normal -0.0546489 0.554733 0.830232
    outer loop
      vertex -6.93312 6.37756 1.67712
      vertex -7.07107 6.36397 1.67712
      vertex -7.07107 6.11948 1.84048
    endloop
  endfacet
  facet normal -0.0694581 0.70541 0.705388
    outer loop
      vertex -6.84486 5.93383 2.04841
      vertex -6.88542 6.13776 1.84048
      vertex -7.07107 6.11948 1.84048
    endloop
  endfacet
  facet normal -0.586537 0.714668 0.381083
    outer loop
      vertex -6.2736 5.87757 2.56457
      vertex -6.13565 6.13565 2.2929
      vertex -6.33611 5.97113 2.2929
    endloop
  endfacet
  facet normal -0.111548 0.367715 0.923224
    outer loop
      vertex -6.80047 6.4178 1.67712
      vertex -6.90444 6.66879 1.56459
      vertex -6.93312 6.37756 1.67712
    endloop
  endfacet
  facet normal 0.528259 0.643692 -0.553717
    outer loop
      vertex -7.71526 6.10697 3.95159
      vertex -7.80602 5.97113 3.70709
      vertex -8.00649 6.13565 3.70709
    endloop
  endfacet
  facet normal 0.815369 0.43581 -0.381108
    outer loop
      vertex -8.29325 6.56482 3.70709
      vertex -8.26457 6.2736 3.43543
      vertex -8.39721 6.52176 3.43543
    endloop
  endfacet
  facet normal 0.995186 0.0980048 0
    outer loop
      vertex -8.53516 6.77984 3.14703
      vertex -8.56384 7.07107 2.85297
      vertex -8.56384 7.07107 3.14703
    endloop
  endfacet
  facet normal 0.995186 0.0980048 0
    outer loop
      vertex -8.56384 7.07107 2.85297
      vertex -8.53516 6.77984 3.14703
      vertex -8.53516 6.77984 2.85297
    endloop
  endfacet
  facet normal 0.773003 0.634402 0
    outer loop
      vertex -8.12662 6.01551 3.14703
      vertex -8.31227 6.24172 2.85297
      vertex -8.31227 6.24172 3.14703
    endloop
  endfacet
  facet normal 0.773003 0.634402 0
    outer loop
      vertex -8.31227 6.24172 2.85297
      vertex -8.12662 6.01551 3.14703
      vertex -8.12662 6.01551 2.85297
    endloop
  endfacet
  facet normal 0.865147 -0.462397 -0.194189
    outer loop
      vertex -8.31227 7.90041 3.14703
      vertex -8.26457 7.86854 3.43543
      vertex -8.39721 7.62037 3.43543
    endloop
  endfacet
  facet normal 0.714679 0.586508 0.381107
    outer loop
      vertex -8.08606 6.05608 2.56457
      vertex -8.00649 6.13565 2.2929
      vertex -8.26457 6.2736 2.56457
    endloop
  endfacet
  facet normal 0.758303 0.622309 0.194188
    outer loop
      vertex -8.12662 6.01551 2.85297
      vertex -8.08606 6.05608 2.56457
      vertex -8.26457 6.2736 2.56457
    endloop
  endfacet
  facet normal 0.976245 0.0961395 -0.194172
    outer loop
      vertex -8.4789 6.79103 3.43543
      vertex -8.53516 6.77984 3.14703
      vertex -8.56384 7.07107 3.14703
    endloop
  endfacet
  facet normal 0.938717 0.284784 0.194185
    outer loop
      vertex -8.45021 6.49981 2.85297
      vertex -8.39721 6.52176 2.56457
      vertex -8.4789 6.79103 2.56457
    endloop
  endfacet
  facet normal 0.815373 0.435812 0.381096
    outer loop
      vertex -8.26457 6.2736 2.56457
      vertex -8.29325 6.56482 2.2929
      vertex -8.39721 6.52176 2.56457
    endloop
  endfacet
  facet normal 0.938724 0.284772 0.194172
    outer loop
      vertex -8.45021 6.49981 2.85297
      vertex -8.4789 6.79103 2.56457
      vertex -8.53516 6.77984 2.85297
    endloop
  endfacet
  facet normal 0.547927 0.449667 0.70539
    outer loop
      vertex -7.89097 6.25117 2.04841
      vertex -7.74394 6.39819 1.84048
      vertex -8.03517 6.42688 2.04841
    endloop
  endfacet
  facet normal 0.449669 0.547929 0.705388
    outer loop
      vertex -7.71526 6.10697 2.04841
      vertex -7.74394 6.39819 1.84048
      vertex -7.89097 6.25117 2.04841
    endloop
  endfacet
  facet normal 0.284752 0.938725 0.194194
    outer loop
      vertex -7.3511 5.66324 2.56457
      vertex -7.62037 5.74492 2.56457
      vertex -7.64233 5.69192 2.85297
    endloop
  endfacet
  facet normal 0.622306 0.758305 0.194189
    outer loop
      vertex -7.90041 5.82987 2.85297
      vertex -7.86854 5.87757 2.56457
      vertex -8.12662 6.01551 2.85297
    endloop
  endfacet
  facet normal 0.734373 0.392537 0.553726
    outer loop
      vertex -8.171 6.33611 2.2929
      vertex -8.03517 6.42688 2.04841
      vertex -8.29325 6.56482 2.2929
    endloop
  endfacet
  facet normal 0.625117 0.334138 0.705393
    outer loop
      vertex -8.03517 6.42688 2.04841
      vertex -7.95022 6.70691 1.84048
      vertex -8.14232 6.62734 2.04841
    endloop
  endfacet
  facet normal 0.241723 0.79684 0.55373
    outer loop
      vertex -7.32915 5.7736 2.2929
      vertex -7.29728 5.93383 2.04841
      vertex -7.57731 5.84888 2.2929
    endloop
  endfacet
  facet normal 0.081591 0.82869 0.553729
    outer loop
      vertex -7.07107 5.74819 2.2929
      vertex -7.29728 5.93383 2.04841
      vertex -7.32915 5.7736 2.2929
    endloop
  endfacet
  facet normal 0.161796 0.533405 0.830241
    outer loop
      vertex -7.25671 6.13776 1.84048
      vertex -7.20901 6.37756 1.67712
      vertex -7.43523 6.19191 1.84048
    endloop
  endfacet
  facet normal 0.268372 0.884727 0.381096
    outer loop
      vertex -7.3511 5.66324 2.56457
      vertex -7.57731 5.84888 2.2929
      vertex -7.62037 5.74492 2.56457
    endloop
  endfacet
  facet normal 0.0546236 0.554723 0.83024
    outer loop
      vertex -7.07107 6.11948 1.84048
      vertex -7.20901 6.37756 1.67712
      vertex -7.25671 6.13776 1.84048
    endloop
  endfacet
  facet normal 0.205746 0.678298 0.705394
    outer loop
      vertex -7.29728 5.93383 2.04841
      vertex -7.25671 6.13776 1.84048
      vertex -7.43523 6.19191 1.84048
    endloop
  endfacet
  facet normal -0.0569224 -0.187565 -0.980601
    outer loop
      vertex -6.98612 7.49813 4.43541
      vertex -7.0148 7.2069 4.49278
      vertex -7.04238 7.21527 4.49278
    endloop
  endfacet
  facet normal 0.187563 -0.0569218 -0.980602
    outer loop
      vertex -7.2069 7.12733 4.49278
      vertex -7.21527 7.09975 4.49278
      vertex -7.49813 7.15602 4.43541
    endloop
  endfacet
  facet normal -0.392535 0.73437 -0.553731
    outer loop
      vertex -6.42688 6.10697 3.95159
      vertex -6.33611 5.97113 3.70709
      vertex -6.56482 5.84888 3.70709
    endloop
  endfacet
  facet normal -0.334147 0.625129 -0.705379
    outer loop
      vertex -6.54239 6.27985 4.15952
      vertex -6.42688 6.10697 3.95159
      vertex -6.70691 6.19191 4.15952
    endloop
  endfacet
  facet normal -0.0376784 0.382411 -0.923224
    outer loop
      vertex -6.98612 6.64401 4.43541
      vertex -6.93312 6.37756 4.32288
      vertex -7.07107 6.63564 4.43541
    endloop
  endfacet
  facet normal 0.069499 -0.705402 0.705392
    outer loop
      vertex -7.25671 8.00437 1.84048
      vertex -7.07107 8.02266 1.84048
      vertex -7.29728 8.2083 2.04841
    endloop
  endfacet
  facet normal -0.334118 -0.625146 0.705378
    outer loop
      vertex -6.54239 7.86229 1.84048
      vertex -6.42688 8.03517 2.04841
      vertex -6.70691 7.95022 1.84048
    endloop
  endfacet
  facet normal -0.0694955 -0.705404 0.70539
    outer loop
      vertex -6.88542 8.00437 1.84048
      vertex -6.84486 8.2083 2.04841
      vertex -7.07107 8.02266 1.84048
    endloop
  endfacet
  facet normal 0.0816193 -0.828685 0.553733
    outer loop
      vertex -7.07107 8.23058 2.04841
      vertex -7.07107 8.39395 2.2929
      vertex -7.29728 8.2083 2.04841
    endloop
  endfacet
  facet normal -0.884728 -0.268385 0.381086
    outer loop
      vertex -5.7736 7.32915 2.2929
      vertex -5.66324 7.3511 2.56457
      vertex -5.84888 7.57731 2.2929
    endloop
  endfacet
  facet normal -0.758302 -0.622308 0.194193
    outer loop
      vertex -5.87757 7.86854 2.56457
      vertex -6.01551 8.12662 2.85297
      vertex -6.05608 8.08606 2.56457
    endloop
  endfacet
  facet normal -0.462437 0.865122 0.194205
    outer loop
      vertex -6.24172 5.82987 2.85297
      vertex -6.2736 5.87757 2.56457
      vertex -6.52176 5.74492 2.56457
    endloop
  endfacet
  facet normal -0.0961389 0.976239 0.194205
    outer loop
      vertex -6.77984 5.60697 2.85297
      vertex -6.79103 5.66324 2.56457
      vertex -7.07107 5.57829 2.85297
    endloop
  endfacet
  facet normal -0.705398 -0.0694765 0.705398
    outer loop
      vertex -5.91155 7.07107 2.04841
      vertex -5.93383 7.29728 2.04841
      vertex -6.11948 7.07107 1.84048
    endloop
  endfacet
  facet normal -0.82869 -0.081591 0.553729
    outer loop
      vertex -5.74819 7.07107 2.2929
      vertex -5.7736 7.32915 2.2929
      vertex -5.93383 7.29728 2.04841
    endloop
  endfacet
  facet normal -0.884727 0.268372 0.381096
    outer loop
      vertex -5.74492 6.52176 2.56457
      vertex -5.66324 6.79103 2.56457
      vertex -5.84888 6.56482 2.2929
    endloop
  endfacet
  facet normal -0.938727 0.284752 0.194185
    outer loop
      vertex -5.69192 6.49981 2.85297
      vertex -5.66324 6.79103 2.56457
      vertex -5.74492 6.52176 2.56457
    endloop
  endfacet
  facet normal -0.938718 0.28477 0.194203
    outer loop
      vertex -5.60697 6.77984 2.85297
      vertex -5.66324 6.79103 2.56457
      vertex -5.69192 6.49981 2.85297
    endloop
  endfacet
  facet normal -0.976239 0.0961389 0.194205
    outer loop
      vertex -5.60697 6.77984 2.85297
      vertex -5.57829 7.07107 2.85297
      vertex -5.66324 6.79103 2.56457
    endloop
  endfacet
  facet normal -0.920078 -0.0906179 0.381111
    outer loop
      vertex -5.63566 7.07107 2.56457
      vertex -5.66324 7.3511 2.56457
      vertex -5.74819 7.07107 2.2929
    endloop
  endfacet
  facet normal -0.976239 -0.0961492 0.194198
    outer loop
      vertex -5.63566 7.07107 2.56457
      vertex -5.57829 7.07107 2.85297
      vertex -5.66324 7.3511 2.56457
    endloop
  endfacet
  facet normal -0.554733 -0.0546529 -0.830232
    outer loop
      vertex -6.11948 7.07107 4.15952
      vertex -6.36397 7.07107 4.32288
      vertex -6.37756 7.20901 4.32288
    endloop
  endfacet
  facet normal -0.367715 0.111548 -0.923224
    outer loop
      vertex -6.37756 6.93312 4.32288
      vertex -6.4178 6.80047 4.32288
      vertex -6.66879 6.90444 4.43541
    endloop
  endfacet
  facet normal -0.705398 0.0694765 -0.705398
    outer loop
      vertex -5.91155 7.07107 3.95159
      vertex -5.93383 6.84486 3.95159
      vertex -6.11948 7.07107 4.15952
    endloop
  endfacet
  facet normal -0.430889 -0.353616 -0.830235
    outer loop
      vertex -6.39819 7.74394 4.15952
      vertex -6.27985 7.59974 4.15952
      vertex -6.48314 7.46391 4.32288
    endloop
  endfacet
  facet normal 0.12433 0.151535 -0.980601
    outer loop
      vertex -7.17503 6.9671 4.49278
      vertex -7.15275 6.94882 4.49278
      vertex -7.37896 6.76317 4.43541
    endloop
  endfacet
  facet normal -0.0569039 -0.187567 -0.980602
    outer loop
      vertex -6.98612 7.49813 4.43541
      vertex -6.90444 7.47335 4.43541
      vertex -7.0148 7.2069 4.49278
    endloop
  endfacet
  facet normal -0.181142 -0.338886 -0.923225
    outer loop
      vertex -6.80047 7.72434 4.32288
      vertex -6.67823 7.659 4.32288
      vertex -6.90444 7.47335 4.43541
    endloop
  endfacet
  facet normal 0.12433 -0.151535 -0.980601
    outer loop
      vertex -7.15275 7.19331 4.49278
      vertex -7.17503 7.17503 4.49278
      vertex -7.37896 7.37896 4.43541
    endloop
  endfacet
  facet normal -0.187576 -0.0568578 -0.980603
    outer loop
      vertex -6.64401 7.15602 4.43541
      vertex -6.92687 7.09975 4.49278
      vertex -6.93523 7.12733 4.49278
    endloop
  endfacet
  facet normal -0.181146 -0.338883 -0.923225
    outer loop
      vertex -6.67823 7.659 4.32288
      vertex -6.82916 7.43311 4.43541
      vertex -6.90444 7.47335 4.43541
    endloop
  endfacet
  facet normal -0.0694955 -0.705404 -0.70539
    outer loop
      vertex -6.84486 8.2083 3.95159
      vertex -6.88542 8.00437 4.15952
      vertex -7.07107 8.02266 4.15952
    endloop
  endfacet
  facet normal -0.547929 -0.449669 -0.705388
    outer loop
      vertex -6.25117 7.89097 3.95159
      vertex -6.10697 7.71526 3.95159
      vertex -6.39819 7.74394 4.15952
    endloop
  endfacet
  facet normal 0.124348 -0.151514 -0.980603
    outer loop
      vertex -7.31298 7.43311 4.43541
      vertex -7.15275 7.19331 4.49278
      vertex -7.37896 7.37896 4.43541
    endloop
  endfacet
  facet normal 0.243781 -0.297033 -0.923224
    outer loop
      vertex -7.46391 7.659 4.32288
      vertex -7.37896 7.37896 4.43541
      vertex -7.57106 7.57106 4.32288
    endloop
  endfacet
  facet normal -0.43581 -0.815369 -0.381108
    outer loop
      vertex -6.52176 8.39721 3.43543
      vertex -6.2736 8.26457 3.43543
      vertex -6.56482 8.29325 3.70709
    endloop
  endfacet
  facet normal -0.0906143 -0.920073 -0.381123
    outer loop
      vertex -7.07107 8.50648 3.43543
      vertex -6.79103 8.4789 3.43543
      vertex -7.07107 8.39395 3.70709
    endloop
  endfacet
  facet normal -0.758305 -0.622306 -0.194189
    outer loop
      vertex -5.82987 7.90041 3.14703
      vertex -5.87757 7.86854 3.43543
      vertex -6.01551 8.12662 3.14703
    endloop
  endfacet
  facet normal -0.938721 -0.28476 0.194203
    outer loop
      vertex -5.66324 7.3511 2.56457
      vertex -5.60697 7.36229 2.85297
      vertex -5.69192 7.64233 2.85297
    endloop
  endfacet
  facet normal -0.865132 -0.462424 0.19419
    outer loop
      vertex -5.74492 7.62037 2.56457
      vertex -5.82987 7.90041 2.85297
      vertex -5.87757 7.86854 2.56457
    endloop
  endfacet
  facet normal -0.758305 -0.622306 0.194189
    outer loop
      vertex -5.87757 7.86854 2.56457
      vertex -5.82987 7.90041 2.85297
      vertex -6.01551 8.12662 2.85297
    endloop
  endfacet
  facet normal -0.881916 -0.471406 0
    outer loop
      vertex -5.69192 7.64233 2.85297
      vertex -5.82987 7.90041 3.14703
      vertex -5.82987 7.90041 2.85297
    endloop
  endfacet
  facet normal -0.881916 -0.471406 0
    outer loop
      vertex -5.82987 7.90041 3.14703
      vertex -5.69192 7.64233 2.85297
      vertex -5.69192 7.64233 3.14703
    endloop
  endfacet
  facet normal -0.79685 -0.241726 -0.553714
    outer loop
      vertex -5.84888 7.57731 3.70709
      vertex -5.7736 7.32915 3.70709
      vertex -5.93383 7.29728 3.95159
    endloop
  endfacet
  facet normal -0.6783 0.205759 -0.705388
    outer loop
      vertex -6.13776 6.88542 4.15952
      vertex -5.93383 6.84486 3.95159
      vertex -6.19191 6.70691 4.15952
    endloop
  endfacet
  facet normal -0.815359 -0.435825 -0.381112
    outer loop
      vertex -5.87757 7.86854 3.43543
      vertex -5.84888 7.57731 3.70709
      vertex -5.97113 7.80602 3.70709
    endloop
  endfacet
  facet normal -0.938725 -0.284752 -0.194194
    outer loop
      vertex -5.69192 7.64233 3.14703
      vertex -5.66324 7.3511 3.43543
      vertex -5.74492 7.62037 3.43543
    endloop
  endfacet
  facet normal -0.976239 -0.0961492 -0.194198
    outer loop
      vertex -5.57829 7.07107 3.14703
      vertex -5.63566 7.07107 3.43543
      vertex -5.66324 7.3511 3.43543
    endloop
  endfacet
  facet normal -0.920073 0.0906143 -0.381123
    outer loop
      vertex -5.63566 7.07107 3.43543
      vertex -5.66324 6.79103 3.43543
      vertex -5.74819 7.07107 3.70709
    endloop
  endfacet
  facet normal -0.976238 -0.0961421 -0.194205
    outer loop
      vertex -5.60697 7.36229 3.14703
      vertex -5.57829 7.07107 3.14703
      vertex -5.66324 7.3511 3.43543
    endloop
  endfacet
  facet normal -0.643692 0.528259 -0.553717
    outer loop
      vertex -6.10697 6.42688 3.95159
      vertex -6.13565 6.13565 3.70709
      vertex -6.25117 6.25117 3.95159
    endloop
  endfacet
  facet normal -0.547937 0.449676 -0.705377
    outer loop
      vertex -6.10697 6.42688 3.95159
      vertex -6.25117 6.25117 3.95159
      vertex -6.39819 6.39819 4.15952
    endloop
  endfacet
  facet normal -0.187573 0.0569057 0.980601
    outer loop
      vertex -6.66879 6.90444 1.56459
      vertex -6.64401 6.98612 1.56459
      vertex -6.93523 7.0148 1.50722
    endloop
  endfacet
  facet normal -0.172853 -0.0924106 0.980603
    outer loop
      vertex -6.93523 7.12733 1.50722
      vertex -6.70902 7.31298 1.56459
      vertex -6.94882 7.15275 1.50722
    endloop
  endfacet
  facet normal 0.38242 -0.0376343 0.923222
    outer loop
      vertex -7.50649 7.07107 1.56459
      vertex -7.49813 7.15602 1.56459
      vertex -7.76458 7.20901 1.67712
    endloop
  endfacet
  facet normal 0.338883 0.181146 0.923225
    outer loop
      vertex -7.43311 6.82916 1.56459
      vertex -7.47335 6.90444 1.56459
      vertex -7.659 6.67823 1.67712
    endloop
  endfacet
  facet normal 0.382414 0.0376454 0.923224
    outer loop
      vertex -7.76458 6.93312 1.67712
      vertex -7.50649 7.07107 1.56459
      vertex -7.77816 7.07107 1.67712
    endloop
  endfacet
  facet normal -0.382414 0.0376731 0.923223
    outer loop
      vertex -6.37756 6.93312 1.67712
      vertex -6.36397 7.07107 1.67712
      vertex -6.63564 7.07107 1.56459
    endloop
  endfacet
  facet normal 0.172861 -0.0924009 0.980602
    outer loop
      vertex -7.2069 7.12733 1.50722
      vertex -7.43311 7.31298 1.56459
      vertex -7.47335 7.2377 1.56459
    endloop
  endfacet
  facet normal 0.382414 -0.0376481 0.923224
    outer loop
      vertex -7.50649 7.07107 1.56459
      vertex -7.76458 7.20901 1.67712
      vertex -7.77816 7.07107 1.67712
    endloop
  endfacet
  facet normal 0.243777 -0.297035 0.923224
    outer loop
      vertex -7.37896 7.37896 1.56459
      vertex -7.31298 7.43311 1.56459
      vertex -7.46391 7.659 1.67712
    endloop
  endfacet
  facet normal 0.796845 -0.241717 0.553724
    outer loop
      vertex -8.2083 7.29728 2.04841
      vertex -8.14232 7.51479 2.04841
      vertex -8.29325 7.57731 2.2929
    endloop
  endfacet
  facet normal 0.828685 0.0816193 0.553733
    outer loop
      vertex -8.2083 6.84486 2.04841
      vertex -8.23058 7.07107 2.04841
      vertex -8.39395 7.07107 2.2929
    endloop
  endfacet
  facet normal 0.491598 -0.262757 0.830235
    outer loop
      vertex -7.659 7.46391 1.67712
      vertex -7.86229 7.59974 1.84048
      vertex -7.95022 7.43523 1.84048
    endloop
  endfacet
  facet normal 0.53342 -0.161801 0.830231
    outer loop
      vertex -7.76458 7.20901 1.67712
      vertex -7.95022 7.43523 1.84048
      vertex -8.00437 7.25671 1.84048
    endloop
  endfacet
  facet normal 0.471379 -0.881931 0
    outer loop
      vertex -7.90041 8.31227 2.85297
      vertex -7.64233 8.45021 3.14703
      vertex -7.90041 8.31227 3.14703
    endloop
  endfacet
  facet normal 0.471379 -0.881931 0
    outer loop
      vertex -7.64233 8.45021 3.14703
      vertex -7.90041 8.31227 2.85297
      vertex -7.64233 8.45021 2.85297
    endloop
  endfacet
  facet normal 0.462405 -0.865141 0.194199
    outer loop
      vertex -7.62037 8.39721 2.56457
      vertex -7.64233 8.45021 2.85297
      vertex -7.90041 8.31227 2.85297
    endloop
  endfacet
  facet normal 0.435823 -0.815354 0.381125
    outer loop
      vertex -7.80602 8.171 2.2929
      vertex -7.57731 8.29325 2.2929
      vertex -7.86854 8.26457 2.56457
    endloop
  endfacet
  facet normal 0.435798 -0.815381 0.381096
    outer loop
      vertex -7.57731 8.29325 2.2929
      vertex -7.62037 8.39721 2.56457
      vertex -7.86854 8.26457 2.56457
    endloop
  endfacet
  facet normal 0.39254 -0.734379 0.553714
    outer loop
      vertex -7.71526 8.03517 2.04841
      vertex -7.57731 8.29325 2.2929
      vertex -7.80602 8.171 2.2929
    endloop
  endfacet
  facet normal 0.392522 -0.73438 0.553726
    outer loop
      vertex -7.51479 8.14232 2.04841
      vertex -7.57731 8.29325 2.2929
      vertex -7.71526 8.03517 2.04841
    endloop
  endfacet
  facet normal 0.734379 -0.39254 0.553714
    outer loop
      vertex -8.03517 7.71526 2.04841
      vertex -8.171 7.80602 2.2929
      vertex -8.29325 7.57731 2.2929
    endloop
  endfacet
  facet normal 0.920075 -0.0906242 0.381116
    outer loop
      vertex -8.39395 7.07107 2.2929
      vertex -8.36853 7.32915 2.2929
      vertex -8.4789 7.3511 2.56457
    endloop
  endfacet
  facet normal 0.773003 -0.634402 0
    outer loop
      vertex -8.31227 7.90041 3.14703
      vertex -8.12662 8.12662 2.85297
      vertex -8.12662 8.12662 3.14703
    endloop
  endfacet
  facet normal 0.773003 -0.634402 0
    outer loop
      vertex -8.12662 8.12662 2.85297
      vertex -8.31227 7.90041 3.14703
      vertex -8.31227 7.90041 2.85297
    endloop
  endfacet
  facet normal 0.462397 -0.865147 -0.194189
    outer loop
      vertex -7.62037 8.39721 3.43543
      vertex -7.86854 8.26457 3.43543
      vertex -7.90041 8.31227 3.14703
    endloop
  endfacet
  facet normal 0.622326 -0.758289 -0.194188
    outer loop
      vertex -7.90041 8.31227 3.14703
      vertex -7.86854 8.26457 3.43543
      vertex -8.12662 8.12662 3.14703
    endloop
  endfacet
  facet normal 0.81535 -0.43582 -0.381137
    outer loop
      vertex -8.26457 7.86854 3.43543
      vertex -8.171 7.80602 3.70709
      vertex -8.29325 7.57731 3.70709
    endloop
  endfacet
  facet normal 0.828695 -0.0816203 -0.553717
    outer loop
      vertex -8.2083 7.29728 3.95159
      vertex -8.23058 7.07107 3.95159
      vertex -8.39395 7.07107 3.70709
    endloop
  endfacet
  facet normal 0.449661 -0.547919 -0.705401
    outer loop
      vertex -7.71526 8.03517 3.95159
      vertex -7.74394 7.74394 4.15952
      vertex -7.89097 7.89097 3.95159
    endloop
  endfacet
  facet normal 0.353635 -0.430876 -0.830234
    outer loop
      vertex -7.59974 7.86229 4.15952
      vertex -7.46391 7.659 4.32288
      vertex -7.74394 7.74394 4.15952
    endloop
  endfacet
  facet normal 0.0816237 -0.828696 -0.553715
    outer loop
      vertex -7.07107 8.39395 3.70709
      vertex -7.29728 8.2083 3.95159
      vertex -7.32915 8.36853 3.70709
    endloop
  endfacet
  facet normal 0.334129 -0.625131 -0.705386
    outer loop
      vertex -7.51479 8.14232 3.95159
      vertex -7.43523 7.95022 4.15952
      vertex -7.71526 8.03517 3.95159
    endloop
  endfacet
  facet normal 0.268401 -0.884713 -0.381109
    outer loop
      vertex -7.3511 8.4789 3.43543
      vertex -7.57731 8.29325 3.70709
      vertex -7.62037 8.39721 3.43543
    endloop
  endfacet
  facet normal 0.26838 -0.884712 -0.381126
    outer loop
      vertex -7.3511 8.4789 3.43543
      vertex -7.32915 8.36853 3.70709
      vertex -7.57731 8.29325 3.70709
    endloop
  endfacet
  facet normal 0.0569218 -0.187563 -0.980602
    outer loop
      vertex -7.09975 7.21527 4.49278
      vertex -7.12733 7.2069 4.49278
      vertex -7.15602 7.49813 4.43541
    endloop
  endfacet
  facet normal -0.0816237 -0.828696 -0.553715
    outer loop
      vertex -6.81299 8.36853 3.70709
      vertex -6.84486 8.2083 3.95159
      vertex -7.07107 8.39395 3.70709
    endloop
  endfacet
  facet normal -0.284772 -0.938724 -0.194172
    outer loop
      vertex -6.77984 8.53516 3.14703
      vertex -6.49981 8.45021 3.14703
      vertex -6.79103 8.4789 3.43543
    endloop
  endfacet
  facet normal 0.622326 -0.758289 0.194188
    outer loop
      vertex -7.86854 8.26457 2.56457
      vertex -7.90041 8.31227 2.85297
      vertex -8.12662 8.12662 2.85297
    endloop
  endfacet
  facet normal 0.634402 -0.773003 0
    outer loop
      vertex -8.12662 8.12662 2.85297
      vertex -7.90041 8.31227 3.14703
      vertex -8.12662 8.12662 3.14703
    endloop
  endfacet
  facet normal 0.634402 -0.773003 0
    outer loop
      vertex -7.90041 8.31227 3.14703
      vertex -8.12662 8.12662 2.85297
      vertex -7.90041 8.31227 2.85297
    endloop
  endfacet
  facet normal -0.0980048 -0.995186 0
    outer loop
      vertex -7.07107 8.56384 2.85297
      vertex -6.77984 8.53516 3.14703
      vertex -7.07107 8.56384 3.14703
    endloop
  endfacet
  facet normal -0.0980048 -0.995186 -0
    outer loop
      vertex -6.77984 8.53516 3.14703
      vertex -7.07107 8.56384 2.85297
      vertex -6.77984 8.53516 2.85297
    endloop
  endfacet
  facet normal 0.268381 -0.884717 0.381114
    outer loop
      vertex -7.32915 8.36853 2.2929
      vertex -7.3511 8.4789 2.56457
      vertex -7.57731 8.29325 2.2929
    endloop
  endfacet
  facet normal 0.268402 -0.884718 0.381097
    outer loop
      vertex -7.57731 8.29325 2.2929
      vertex -7.3511 8.4789 2.56457
      vertex -7.62037 8.39721 2.56457
    endloop
  endfacet
  facet normal -0.758302 -0.622308 -0.194193
    outer loop
      vertex -6.01551 8.12662 3.14703
      vertex -5.87757 7.86854 3.43543
      vertex -6.05608 8.08606 3.43543
    endloop
  endfacet
  facet normal -0.46241 -0.865137 -0.194205
    outer loop
      vertex -6.24172 8.31227 3.14703
      vertex -6.2736 8.26457 3.43543
      vertex -6.52176 8.39721 3.43543
    endloop
  endfacet
  facet normal 0.491598 -0.262749 -0.830238
    outer loop
      vertex -7.659 7.46391 4.32288
      vertex -7.72434 7.34166 4.32288
      vertex -7.95022 7.43523 4.15952
    endloop
  endfacet
  facet normal 0.533409 -0.161812 -0.830236
    outer loop
      vertex -7.72434 7.34166 4.32288
      vertex -7.76458 7.20901 4.32288
      vertex -7.95022 7.43523 4.15952
    endloop
  endfacet
  facet normal 0.554734 0.0546517 -0.830231
    outer loop
      vertex -7.76458 6.93312 4.32288
      vertex -8.00437 6.88542 4.15952
      vertex -8.02266 7.07107 4.15952
    endloop
  endfacet
  facet normal 0.187567 0.0569039 -0.980602
    outer loop
      vertex -7.2069 7.0148 4.49278
      vertex -7.47335 6.90444 4.43541
      vertex -7.49813 6.98612 4.43541
    endloop
  endfacet
  facet normal 0.382414 -0.0376481 -0.923224
    outer loop
      vertex -7.76458 7.20901 4.32288
      vertex -7.50649 7.07107 4.43541
      vertex -7.77816 7.07107 4.32288
    endloop
  endfacet
  facet normal 0.554719 0.0546073 -0.830244
    outer loop
      vertex -7.77816 7.07107 4.32288
      vertex -7.76458 6.93312 4.32288
      vertex -8.02266 7.07107 4.15952
    endloop
  endfacet
  facet normal -0.0924023 -0.172864 -0.980602
    outer loop
      vertex -6.90444 7.47335 4.43541
      vertex -6.82916 7.43311 4.43541
      vertex -7.0148 7.2069 4.49278
    endloop
  endfacet
  facet normal 0.643696 0.528257 -0.553714
    outer loop
      vertex -8.03517 6.42688 3.95159
      vertex -8.00649 6.13565 3.70709
      vertex -8.171 6.33611 3.70709
    endloop
  endfacet
  facet normal 0.338886 0.181142 -0.923225
    outer loop
      vertex -7.47335 6.90444 4.43541
      vertex -7.659 6.67823 4.32288
      vertex -7.72434 6.80047 4.32288
    endloop
  endfacet
  facet normal 0.124348 0.151514 -0.980603
    outer loop
      vertex -7.15275 6.94882 4.49278
      vertex -7.31298 6.70902 4.43541
      vertex -7.37896 6.76317 4.43541
    endloop
  endfacet
  facet normal 0.181117 0.338914 -0.923219
    outer loop
      vertex -7.31298 6.70902 4.43541
      vertex -7.2377 6.66879 4.43541
      vertex -7.46391 6.48314 4.32288
    endloop
  endfacet
  facet normal 0.714674 0.586506 -0.381118
    outer loop
      vertex -8.171 6.33611 3.70709
      vertex -8.00649 6.13565 3.70709
      vertex -8.26457 6.2736 3.43543
    endloop
  endfacet
  facet normal 0.884712 0.268369 -0.381135
    outer loop
      vertex -8.36853 6.81299 3.70709
      vertex -8.29325 6.56482 3.70709
      vertex -8.4789 6.79103 3.43543
    endloop
  endfacet
  facet normal 0.547912 -0.44969 -0.705387
    outer loop
      vertex -7.74394 7.74394 4.15952
      vertex -7.86229 7.59974 4.15952
      vertex -8.03517 7.71526 3.95159
    endloop
  endfacet
  facet normal 0.547919 -0.449661 -0.705401
    outer loop
      vertex -7.89097 7.89097 3.95159
      vertex -7.74394 7.74394 4.15952
      vertex -8.03517 7.71526 3.95159
    endloop
  endfacet
  facet normal 0.796855 -0.24172 -0.553708
    outer loop
      vertex -8.14232 7.51479 3.95159
      vertex -8.2083 7.29728 3.95159
      vertex -8.29325 7.57731 3.70709
    endloop
  endfacet
  facet normal 0.6783 -0.205757 -0.705389
    outer loop
      vertex -8.14232 7.51479 3.95159
      vertex -7.95022 7.43523 4.15952
      vertex -8.2083 7.29728 3.95159
    endloop
  endfacet
  facet normal 0.268371 0.884723 -0.381108
    outer loop
      vertex -7.57731 5.84888 3.70709
      vertex -7.3511 5.66324 3.43543
      vertex -7.62037 5.74492 3.43543
    endloop
  endfacet
  facet normal -0.0376731 0.382414 -0.923223
    outer loop
      vertex -7.07107 6.63564 4.43541
      vertex -6.93312 6.37756 4.32288
      vertex -7.07107 6.36397 4.32288
    endloop
  endfacet
  facet normal 0.392556 0.734375 -0.553709
    outer loop
      vertex -7.51479 5.99981 3.95159
      vertex -7.57731 5.84888 3.70709
      vertex -7.71526 6.10697 3.95159
    endloop
  endfacet
  facet normal 0.392538 0.734376 -0.55372
    outer loop
      vertex -7.71526 6.10697 3.95159
      vertex -7.57731 5.84888 3.70709
      vertex -7.80602 5.97113 3.70709
    endloop
  endfacet
  facet normal 0.0376785 0.382412 -0.923223
    outer loop
      vertex -7.15602 6.64401 4.43541
      vertex -7.07107 6.63564 4.43541
      vertex -7.20901 6.37756 4.32288
    endloop
  endfacet
  facet normal 0.241726 0.79685 -0.553714
    outer loop
      vertex -7.29728 5.93383 3.95159
      vertex -7.32915 5.7736 3.70709
      vertex -7.57731 5.84888 3.70709
    endloop
  endfacet
  facet normal -0.435836 0.815356 -0.381107
    outer loop
      vertex -6.2736 5.87757 3.43543
      vertex -6.52176 5.74492 3.43543
      vertex -6.56482 5.84888 3.70709
    endloop
  endfacet
  facet normal -0.435828 0.815364 -0.381098
    outer loop
      vertex -6.33611 5.97113 3.70709
      vertex -6.2736 5.87757 3.43543
      vertex -6.56482 5.84888 3.70709
    endloop
  endfacet
  facet normal -0.334163 0.625106 -0.705392
    outer loop
      vertex -6.42688 6.10697 3.95159
      vertex -6.62734 5.99981 3.95159
      vertex -6.70691 6.19191 4.15952
    endloop
  endfacet
  facet normal -0.241717 0.796852 -0.553714
    outer loop
      vertex -6.56482 5.84888 3.70709
      vertex -6.81299 5.7736 3.70709
      vertex -6.84486 5.93383 3.95159
    endloop
  endfacet
  facet normal 0.533414 0.161814 0.830233
    outer loop
      vertex -7.72434 6.80047 1.67712
      vertex -7.76458 6.93312 1.67712
      vertex -7.95022 6.70691 1.84048
    endloop
  endfacet
  facet normal 0.367715 0.111557 0.923223
    outer loop
      vertex -7.47335 6.90444 1.56459
      vertex -7.49813 6.98612 1.56459
      vertex -7.76458 6.93312 1.67712
    endloop
  endfacet
  facet normal 0.353625 0.430872 0.83024
    outer loop
      vertex -7.46391 6.48314 1.67712
      vertex -7.57106 6.57108 1.67712
      vertex -7.74394 6.39819 1.84048
    endloop
  endfacet
  facet normal 0.243787 0.297041 0.92322
    outer loop
      vertex -7.46391 6.48314 1.67712
      vertex -7.37896 6.76317 1.56459
      vertex -7.57106 6.57108 1.67712
    endloop
  endfacet
  facet normal 0.54792 0.449697 0.705377
    outer loop
      vertex -7.74394 6.39819 1.84048
      vertex -7.86229 6.54239 1.84048
      vertex -8.03517 6.42688 2.04841
    endloop
  endfacet
  facet normal 0.625146 0.334118 0.705378
    outer loop
      vertex -7.86229 6.54239 1.84048
      vertex -7.95022 6.70691 1.84048
      vertex -8.03517 6.42688 2.04841
    endloop
  endfacet
  facet normal 0.758285 0.622323 -0.194209
    outer loop
      vertex -8.26457 6.2736 3.43543
      vertex -8.12662 6.01551 3.14703
      vertex -8.31227 6.24172 3.14703
    endloop
  endfacet
  facet normal 0.938717 0.284784 -0.194185
    outer loop
      vertex -8.39721 6.52176 3.43543
      vertex -8.45021 6.49981 3.14703
      vertex -8.4789 6.79103 3.43543
    endloop
  endfacet
  facet normal -0.462419 0.865137 0.194183
    outer loop
      vertex -6.49981 5.69192 2.85297
      vertex -6.24172 5.82987 2.85297
      vertex -6.52176 5.74492 2.56457
    endloop
  endfacet
  facet normal -0.205747 0.678298 0.705393
    outer loop
      vertex -6.62734 5.99981 2.04841
      vertex -6.70691 6.19191 1.84048
      vertex -6.84486 5.93383 2.04841
    endloop
  endfacet
  facet normal -0.634382 0.77302 0
    outer loop
      vertex -6.01551 6.01551 2.85297
      vertex -6.24172 5.82987 3.14703
      vertex -6.01551 6.01551 3.14703
    endloop
  endfacet
  facet normal -0.634382 0.77302 0
    outer loop
      vertex -6.24172 5.82987 3.14703
      vertex -6.01551 6.01551 2.85297
      vertex -6.24172 5.82987 2.85297
    endloop
  endfacet
  facet normal -0.734367 -0.392534 0.553735
    outer loop
      vertex -5.84888 7.57731 2.2929
      vertex -5.97113 7.80602 2.2929
      vertex -6.10697 7.71526 2.04841
    endloop
  endfacet
  facet normal -0.241714 -0.796842 0.55373
    outer loop
      vertex -6.56482 8.29325 2.2929
      vertex -6.81299 8.36853 2.2929
      vertex -6.84486 8.2083 2.04841
    endloop
  endfacet
  facet normal -0.338897 -0.181133 0.923223
    outer loop
      vertex -6.4178 7.34166 1.67712
      vertex -6.48314 7.46391 1.67712
      vertex -6.66879 7.2377 1.56459
    endloop
  endfacet
  facet normal -0.705407 -0.0694616 0.70539
    outer loop
      vertex -6.11948 7.07107 1.84048
      vertex -5.93383 7.29728 2.04841
      vertex -6.13776 7.25671 1.84048
    endloop
  endfacet
  facet normal -0.430889 -0.353616 0.830235
    outer loop
      vertex -6.27985 7.59974 1.84048
      vertex -6.39819 7.74394 1.84048
      vertex -6.48314 7.46391 1.67712
    endloop
  endfacet
  facet normal -0.491586 -0.262742 0.830247
    outer loop
      vertex -6.4178 7.34166 1.67712
      vertex -6.19191 7.43523 1.84048
      vertex -6.48314 7.46391 1.67712
    endloop
  endfacet
  facet normal -0.547938 0.449674 0.705378
    outer loop
      vertex -6.10697 6.42688 2.04841
      vertex -6.27985 6.54239 1.84048
      vertex -6.39819 6.39819 1.84048
    endloop
  endfacet
  facet normal -0.181142 0.338886 0.923225
    outer loop
      vertex -6.80047 6.4178 1.67712
      vertex -6.67823 6.48314 1.67712
      vertex -6.90444 6.66879 1.56459
    endloop
  endfacet
  facet normal -0.0376731 0.382414 0.923223
    outer loop
      vertex -6.93312 6.37756 1.67712
      vertex -7.07107 6.63564 1.56459
      vertex -7.07107 6.36397 1.67712
    endloop
  endfacet
  facet normal -0.43583 0.815368 0.381086
    outer loop
      vertex -6.2736 5.87757 2.56457
      vertex -6.33611 5.97113 2.2929
      vertex -6.56482 5.84888 2.2929
    endloop
  endfacet
  facet normal -0.528253 0.643684 0.553733
    outer loop
      vertex -6.13565 6.13565 2.2929
      vertex -6.25117 6.25117 2.04841
      vertex -6.42688 6.10697 2.04841
    endloop
  endfacet
  facet normal -0.353618 0.430864 0.830247
    outer loop
      vertex -6.39819 6.39819 1.84048
      vertex -6.57108 6.57108 1.67712
      vertex -6.67823 6.48314 1.67712
    endloop
  endfacet
  facet normal -0.449676 0.547937 0.705377
    outer loop
      vertex -6.25117 6.25117 2.04841
      vertex -6.39819 6.39819 1.84048
      vertex -6.42688 6.10697 2.04841
    endloop
  endfacet
  facet normal 0.54792 0.449697 -0.705377
    outer loop
      vertex -7.86229 6.54239 4.15952
      vertex -7.74394 6.39819 4.15952
      vertex -8.03517 6.42688 3.95159
    endloop
  endfacet
  facet normal 0.625146 0.334118 -0.705378
    outer loop
      vertex -7.95022 6.70691 4.15952
      vertex -7.86229 6.54239 4.15952
      vertex -8.03517 6.42688 3.95159
    endloop
  endfacet
  facet normal 0.938715 -0.284784 -0.194195
    outer loop
      vertex -8.45021 7.64233 3.14703
      vertex -8.39721 7.62037 3.43543
      vertex -8.4789 7.3511 3.43543
    endloop
  endfacet
  facet normal 0.920073 0.0906143 -0.381123
    outer loop
      vertex -8.39395 7.07107 3.70709
      vertex -8.4789 6.79103 3.43543
      vertex -8.50648 7.07107 3.43543
    endloop
  endfacet
  facet normal 0.938727 -0.284762 0.194172
    outer loop
      vertex -8.4789 7.3511 2.56457
      vertex -8.45021 7.64233 2.85297
      vertex -8.53516 7.36229 2.85297
    endloop
  endfacet
  facet normal 0.976245 -0.0961428 0.194173
    outer loop
      vertex -8.4789 7.3511 2.56457
      vertex -8.53516 7.36229 2.85297
      vertex -8.56384 7.07107 2.85297
    endloop
  endfacet
  facet normal 0.920078 0.0906147 0.381111
    outer loop
      vertex -8.4789 6.79103 2.56457
      vertex -8.39395 7.07107 2.2929
      vertex -8.50648 7.07107 2.56457
    endloop
  endfacet
  facet normal 0.976246 0.0961465 0.194166
    outer loop
      vertex -8.4789 6.79103 2.56457
      vertex -8.50648 7.07107 2.56457
      vertex -8.56384 7.07107 2.85297
    endloop
  endfacet
  facet normal 0.976245 -0.0961499 -0.194166
    outer loop
      vertex -8.4789 7.3511 3.43543
      vertex -8.50648 7.07107 3.43543
      vertex -8.56384 7.07107 3.14703
    endloop
  endfacet
  facet normal 0.956937 0.290297 0
    outer loop
      vertex -8.45021 6.49981 3.14703
      vertex -8.53516 6.77984 2.85297
      vertex -8.53516 6.77984 3.14703
    endloop
  endfacet
  facet normal 0.956937 0.290297 0
    outer loop
      vertex -8.53516 6.77984 2.85297
      vertex -8.45021 6.49981 3.14703
      vertex -8.45021 6.49981 2.85297
    endloop
  endfacet
  facet normal 0.634382 0.77302 -0
    outer loop
      vertex -7.90041 5.82987 2.85297
      vertex -8.12662 6.01551 3.14703
      vertex -7.90041 5.82987 3.14703
    endloop
  endfacet
  facet normal 0.634382 0.77302 0
    outer loop
      vertex -8.12662 6.01551 3.14703
      vertex -7.90041 5.82987 2.85297
      vertex -8.12662 6.01551 2.85297
    endloop
  endfacet
  facet normal 0.734372 0.392537 0.553725
    outer loop
      vertex -8.03517 6.42688 2.04841
      vertex -8.14232 6.62734 2.04841
      vertex -8.29325 6.56482 2.2929
    endloop
  endfacet
  facet normal 0.796849 0.241707 0.553724
    outer loop
      vertex -8.14232 6.62734 2.04841
      vertex -8.2083 6.84486 2.04841
      vertex -8.29325 6.56482 2.2929
    endloop
  endfacet
  facet normal 0.0694616 0.705407 0.70539
    outer loop
      vertex -7.07107 6.11948 1.84048
      vertex -7.25671 6.13776 1.84048
      vertex -7.29728 5.93383 2.04841
    endloop
  endfacet
  facet normal 0.0694765 0.705398 0.705398
    outer loop
      vertex -7.07107 5.91155 2.04841
      vertex -7.07107 6.11948 1.84048
      vertex -7.29728 5.93383 2.04841
    endloop
  endfacet
  facet normal 0.462424 0.865132 0.19419
    outer loop
      vertex -7.62037 5.74492 2.56457
      vertex -7.86854 5.87757 2.56457
      vertex -7.90041 5.82987 2.85297
    endloop
  endfacet
  facet normal 0.241717 0.796845 0.553724
    outer loop
      vertex -7.29728 5.93383 2.04841
      vertex -7.51479 5.99981 2.04841
      vertex -7.57731 5.84888 2.2929
    endloop
  endfacet
  facet normal 0.334158 0.625112 0.705388
    outer loop
      vertex -7.43523 6.19191 1.84048
      vertex -7.59974 6.27985 1.84048
      vertex -7.71526 6.10697 2.04841
    endloop
  endfacet
  facet normal 0.262742 0.491586 0.830247
    outer loop
      vertex -7.43523 6.19191 1.84048
      vertex -7.34166 6.4178 1.67712
      vertex -7.46391 6.48314 1.67712
    endloop
  endfacet
  facet normal -0.0923863 0.172877 -0.980601
    outer loop
      vertex -6.82916 6.70902 4.43541
      vertex -6.90444 6.66879 4.43541
      vertex -7.0148 6.93523 4.49278
    endloop
  endfacet
  facet normal 0.0376343 -0.38242 -0.923222
    outer loop
      vertex -7.07107 7.50649 4.43541
      vertex -7.15602 7.49813 4.43541
      vertex -7.20901 7.76458 4.32288
    endloop
  endfacet
  facet normal -0.262763 0.491585 -0.830241
    outer loop
      vertex -6.67823 6.48314 4.32288
      vertex -6.70691 6.19191 4.15952
      vertex -6.80047 6.4178 4.32288
    endloop
  endfacet
  facet normal -0.262764 0.491585 -0.830241
    outer loop
      vertex -6.67823 6.48314 4.32288
      vertex -6.54239 6.27985 4.15952
      vertex -6.70691 6.19191 4.15952
    endloop
  endfacet
  facet normal 0.353616 0.430889 -0.830235
    outer loop
      vertex -7.46391 6.48314 4.32288
      vertex -7.59974 6.27985 4.15952
      vertex -7.74394 6.39819 4.15952
    endloop
  endfacet
  facet normal 0.0816227 -0.828686 0.553731
    outer loop
      vertex -7.29728 8.2083 2.04841
      vertex -7.07107 8.39395 2.2929
      vertex -7.32915 8.36853 2.2929
    endloop
  endfacet
  facet normal 0.161801 -0.53342 0.830231
    outer loop
      vertex -7.20901 7.76458 1.67712
      vertex -7.25671 8.00437 1.84048
      vertex -7.43523 7.95022 1.84048
    endloop
  endfacet
  facet normal 0.205746 -0.678298 0.705394
    outer loop
      vertex -7.25671 8.00437 1.84048
      vertex -7.29728 8.2083 2.04841
      vertex -7.43523 7.95022 1.84048
    endloop
  endfacet
  facet normal 0.205757 -0.6783 0.705389
    outer loop
      vertex -7.43523 7.95022 1.84048
      vertex -7.29728 8.2083 2.04841
      vertex -7.51479 8.14232 2.04841
    endloop
  endfacet
  facet normal -0.262742 -0.491599 0.830239
    outer loop
      vertex -6.67823 7.659 1.67712
      vertex -6.54239 7.86229 1.84048
      vertex -6.70691 7.95022 1.84048
    endloop
  endfacet
  facet normal -0.161809 -0.533418 0.830231
    outer loop
      vertex -6.70691 7.95022 1.84048
      vertex -6.88542 8.00437 1.84048
      vertex -6.93312 7.76458 1.67712
    endloop
  endfacet
  facet normal -0.284784 -0.938717 0.194185
    outer loop
      vertex -6.52176 8.39721 2.56457
      vertex -6.49981 8.45021 2.85297
      vertex -6.79103 8.4789 2.56457
    endloop
  endfacet
  facet normal -0.0816227 -0.828686 0.553731
    outer loop
      vertex -6.84486 8.2083 2.04841
      vertex -6.81299 8.36853 2.2929
      vertex -7.07107 8.39395 2.2929
    endloop
  endfacet
  facet normal -0.547929 -0.449667 0.705389
    outer loop
      vertex -6.27985 7.59974 1.84048
      vertex -6.10697 7.71526 2.04841
      vertex -6.39819 7.74394 1.84048
    endloop
  endfacet
  facet normal -0.714679 -0.586508 0.381107
    outer loop
      vertex -5.87757 7.86854 2.56457
      vertex -6.05608 8.08606 2.56457
      vertex -6.13565 8.00649 2.2929
    endloop
  endfacet
  facet normal -0.0906147 0.920078 0.381111
    outer loop
      vertex -6.79103 5.66324 2.56457
      vertex -7.07107 5.74819 2.2929
      vertex -7.07107 5.63566 2.56457
    endloop
  endfacet
  facet normal -0.0961458 0.976239 0.194198
    outer loop
      vertex -6.79103 5.66324 2.56457
      vertex -7.07107 5.63566 2.56457
      vertex -7.07107 5.57829 2.85297
    endloop
  endfacet
  facet normal -0.09059 0.920089 0.381089
    outer loop
      vertex -6.79103 5.66324 2.56457
      vertex -6.81299 5.7736 2.2929
      vertex -7.07107 5.74819 2.2929
    endloop
  endfacet
  facet normal -0.081591 0.82869 0.553729
    outer loop
      vertex -6.81299 5.7736 2.2929
      vertex -6.84486 5.93383 2.04841
      vertex -7.07107 5.74819 2.2929
    endloop
  endfacet
  facet normal -0.0980048 0.995186 0
    outer loop
      vertex -6.77984 5.60697 2.85297
      vertex -7.07107 5.57829 3.14703
      vertex -6.77984 5.60697 3.14703
    endloop
  endfacet
  facet normal -0.0980048 0.995186 0
    outer loop
      vertex -7.07107 5.57829 3.14703
      vertex -6.77984 5.60697 2.85297
      vertex -7.07107 5.57829 2.85297
    endloop
  endfacet
  facet normal -0.734358 0.392566 0.553724
    outer loop
      vertex -5.84888 6.56482 2.2929
      vertex -5.99981 6.62734 2.04841
      vertex -6.10697 6.42688 2.04841
    endloop
  endfacet
  facet normal -0.643664 0.528263 0.553747
    outer loop
      vertex -5.97113 6.33611 2.2929
      vertex -6.10697 6.42688 2.04841
      vertex -6.13565 6.13565 2.2929
    endloop
  endfacet
  facet normal -0.884727 0.268374 0.381095
    outer loop
      vertex -5.66324 6.79103 2.56457
      vertex -5.7736 6.81299 2.2929
      vertex -5.84888 6.56482 2.2929
    endloop
  endfacet
  facet normal -0.796842 0.241714 0.55373
    outer loop
      vertex -5.84888 6.56482 2.2929
      vertex -5.7736 6.81299 2.2929
      vertex -5.93383 6.84486 2.04841
    endloop
  endfacet
  facet normal -0.714668 0.586537 0.381083
    outer loop
      vertex -5.87757 6.2736 2.56457
      vertex -5.97113 6.33611 2.2929
      vertex -6.13565 6.13565 2.2929
    endloop
  endfacet
  facet normal -0.995186 0.0980048 0
    outer loop
      vertex -5.60697 6.77984 2.85297
      vertex -5.57829 7.07107 3.14703
      vertex -5.57829 7.07107 2.85297
    endloop
  endfacet
  facet normal -0.995186 0.0980048 0
    outer loop
      vertex -5.57829 7.07107 3.14703
      vertex -5.60697 6.77984 2.85297
      vertex -5.60697 6.77984 3.14703
    endloop
  endfacet
  facet normal -0.533399 0.161809 -0.830243
    outer loop
      vertex -6.37756 6.93312 4.32288
      vertex -6.19191 6.70691 4.15952
      vertex -6.4178 6.80047 4.32288
    endloop
  endfacet
  facet normal -0.338886 0.181142 -0.923225
    outer loop
      vertex -6.4178 6.80047 4.32288
      vertex -6.48314 6.67823 4.32288
      vertex -6.66879 6.90444 4.43541
    endloop
  endfacet
  facet normal -0.430872 -0.353625 -0.83024
    outer loop
      vertex -6.39819 7.74394 4.15952
      vertex -6.48314 7.46391 4.32288
      vertex -6.57108 7.57106 4.32288
    endloop
  endfacet
  facet normal -0.297041 -0.243787 -0.92322
    outer loop
      vertex -6.57108 7.57106 4.32288
      vertex -6.48314 7.46391 4.32288
      vertex -6.76317 7.37896 4.43541
    endloop
  endfacet
  facet normal 0.0546546 -0.554733 -0.830231
    outer loop
      vertex -7.07107 8.02266 4.15952
      vertex -7.20901 7.76458 4.32288
      vertex -7.25671 8.00437 4.15952
    endloop
  endfacet
  facet normal -0.0376342 -0.382419 -0.923222
    outer loop
      vertex -6.93312 7.76458 4.32288
      vertex -6.98612 7.49813 4.43541
      vertex -7.07107 7.50649 4.43541
    endloop
  endfacet
  facet normal -0.243754 -0.297051 -0.923225
    outer loop
      vertex -6.67823 7.659 4.32288
      vertex -6.76317 7.37896 4.43541
      vertex -6.82916 7.43311 4.43541
    endloop
  endfacet
  facet normal -0.241717 -0.796852 -0.553714
    outer loop
      vertex -6.81299 8.36853 3.70709
      vertex -6.56482 8.29325 3.70709
      vertex -6.84486 8.2083 3.95159
    endloop
  endfacet
  facet normal 0.0694781 -0.705415 -0.705381
    outer loop
      vertex -7.07107 8.23058 3.95159
      vertex -7.07107 8.02266 4.15952
      vertex -7.29728 8.2083 3.95159
    endloop
  endfacet
  facet normal 0.0569033 -0.187565 -0.980603
    outer loop
      vertex -7.15602 7.49813 4.43541
      vertex -7.12733 7.2069 4.49278
      vertex -7.2377 7.47335 4.43541
    endloop
  endfacet
  facet normal 0.0924106 0.172853 -0.980603
    outer loop
      vertex -7.15275 6.94882 4.49278
      vertex -7.12733 6.93523 4.49278
      vertex -7.31298 6.70902 4.43541
    endloop
  endfacet
  facet normal 0.430881 -0.353632 -0.830232
    outer loop
      vertex -7.57106 7.57106 4.32288
      vertex -7.659 7.46391 4.32288
      vertex -7.74394 7.74394 4.15952
    endloop
  endfacet
  facet normal 0.243777 -0.297035 -0.923224
    outer loop
      vertex -7.31298 7.43311 4.43541
      vertex -7.37896 7.37896 4.43541
      vertex -7.46391 7.659 4.32288
    endloop
  endfacet
  facet normal -0.884723 -0.268371 -0.381108
    outer loop
      vertex -5.74492 7.62037 3.43543
      vertex -5.66324 7.3511 3.43543
      vertex -5.84888 7.57731 3.70709
    endloop
  endfacet
  facet normal -0.435823 -0.815355 -0.381124
    outer loop
      vertex -6.2736 8.26457 3.43543
      vertex -6.33611 8.171 3.70709
      vertex -6.56482 8.29325 3.70709
    endloop
  endfacet
  facet normal -0.586505 -0.714675 -0.381119
    outer loop
      vertex -6.05608 8.08606 3.43543
      vertex -6.13565 8.00649 3.70709
      vertex -6.2736 8.26457 3.43543
    endloop
  endfacet
  facet normal -0.815363 -0.435822 -0.381107
    outer loop
      vertex -5.74492 7.62037 3.43543
      vertex -5.84888 7.57731 3.70709
      vertex -5.87757 7.86854 3.43543
    endloop
  endfacet
  facet normal -0.471365 -0.881938 0
    outer loop
      vertex -6.49981 8.45021 2.85297
      vertex -6.24172 8.31227 3.14703
      vertex -6.49981 8.45021 3.14703
    endloop
  endfacet
  facet normal -0.471365 -0.881938 -0
    outer loop
      vertex -6.24172 8.31227 3.14703
      vertex -6.49981 8.45021 2.85297
      vertex -6.24172 8.31227 2.85297
    endloop
  endfacet
  facet normal -0.734376 -0.392538 -0.55372
    outer loop
      vertex -5.97113 7.80602 3.70709
      vertex -5.84888 7.57731 3.70709
      vertex -6.10697 7.71526 3.95159
    endloop
  endfacet
  facet normal -0.6783 -0.205757 -0.705389
    outer loop
      vertex -5.99981 7.51479 3.95159
      vertex -5.93383 7.29728 3.95159
      vertex -6.19191 7.43523 4.15952
    endloop
  endfacet
  facet normal -0.82871 0.0816218 -0.553694
    outer loop
      vertex -5.91155 7.07107 3.95159
      vertex -5.74819 7.07107 3.70709
      vertex -5.93383 6.84486 3.95159
    endloop
  endfacet
  facet normal -0.554723 -0.0546236 -0.83024
    outer loop
      vertex -6.13776 7.25671 4.15952
      vertex -6.11948 7.07107 4.15952
      vertex -6.37756 7.20901 4.32288
    endloop
  endfacet
  facet normal -0.920073 -0.0906175 -0.381123
    outer loop
      vertex -5.66324 7.3511 3.43543
      vertex -5.63566 7.07107 3.43543
      vertex -5.74819 7.07107 3.70709
    endloop
  endfacet
  facet normal -0.920086 -0.0905897 -0.381098
    outer loop
      vertex -5.66324 7.3511 3.43543
      vertex -5.74819 7.07107 3.70709
      vertex -5.7736 7.32915 3.70709
    endloop
  endfacet
  facet normal -0.625106 0.334163 -0.705392
    outer loop
      vertex -5.99981 6.62734 3.95159
      vertex -6.10697 6.42688 3.95159
      vertex -6.19191 6.70691 4.15952
    endloop
  endfacet
  facet normal -0.625129 0.334147 -0.705379
    outer loop
      vertex -6.19191 6.70691 4.15952
      vertex -6.10697 6.42688 3.95159
      vertex -6.27985 6.54239 4.15952
    endloop
  endfacet
  facet normal 0.187565 0.0569224 0.980601
    outer loop
      vertex -7.2069 7.0148 1.50722
      vertex -7.21527 7.04238 1.50722
      vertex -7.49813 6.98612 1.56459
    endloop
  endfacet
  facet normal 0.195069 0.0191969 0.980602
    outer loop
      vertex -7.49813 6.98612 1.56459
      vertex -7.21527 7.04238 1.50722
      vertex -7.50649 7.07107 1.56459
    endloop
  endfacet
  facet normal 0.0192482 0.195066 0.980601
    outer loop
      vertex -7.07107 6.63564 1.56459
      vertex -7.07107 6.92404 1.50722
      vertex -7.09975 6.92687 1.50722
    endloop
  endfacet
  facet normal -0.181142 -0.338886 0.923225
    outer loop
      vertex -6.67823 7.659 1.67712
      vertex -6.80047 7.72434 1.67712
      vertex -6.90444 7.47335 1.56459
    endloop
  endfacet
  facet normal -0.262763 0.491585 0.830241
    outer loop
      vertex -6.70691 6.19191 1.84048
      vertex -6.67823 6.48314 1.67712
      vertex -6.80047 6.4178 1.67712
    endloop
  endfacet
  facet normal -0.491585 0.262763 0.830241
    outer loop
      vertex -6.19191 6.70691 1.84048
      vertex -6.4178 6.80047 1.67712
      vertex -6.48314 6.67823 1.67712
    endloop
  endfacet
  facet normal 0.181133 0.338897 0.923223
    outer loop
      vertex -7.34166 6.4178 1.67712
      vertex -7.2377 6.66879 1.56459
      vertex -7.46391 6.48314 1.67712
    endloop
  endfacet
  facet normal 0.430868 0.353629 0.830241
    outer loop
      vertex -7.74394 6.39819 1.84048
      vertex -7.659 6.67823 1.67712
      vertex -7.86229 6.54239 1.84048
    endloop
  endfacet
  facet normal 0.382419 0.0376342 0.923222
    outer loop
      vertex -7.49813 6.98612 1.56459
      vertex -7.50649 7.07107 1.56459
      vertex -7.76458 6.93312 1.67712
    endloop
  endfacet
  facet normal 0.0924009 -0.172861 0.980602
    outer loop
      vertex -7.12733 7.2069 1.50722
      vertex -7.2377 7.47335 1.56459
      vertex -7.31298 7.43311 1.56459
    endloop
  endfacet
  facet normal 0.554733 -0.0546546 0.830231
    outer loop
      vertex -7.76458 7.20901 1.67712
      vertex -8.00437 7.25671 1.84048
      vertex -8.02266 7.07107 1.84048
    endloop
  endfacet
  facet normal 0.554718 -0.0546113 0.830244
    outer loop
      vertex -7.77816 7.07107 1.67712
      vertex -7.76458 7.20901 1.67712
      vertex -8.02266 7.07107 1.84048
    endloop
  endfacet
  facet normal 0.533409 -0.161812 0.830236
    outer loop
      vertex -7.76458 7.20901 1.67712
      vertex -7.72434 7.34166 1.67712
      vertex -7.95022 7.43523 1.84048
    endloop
  endfacet
  facet normal 0.491598 -0.262749 0.830238
    outer loop
      vertex -7.72434 7.34166 1.67712
      vertex -7.659 7.46391 1.67712
      vertex -7.95022 7.43523 1.84048
    endloop
  endfacet
  facet normal 0.243781 -0.297033 0.923224
    outer loop
      vertex -7.37896 7.37896 1.56459
      vertex -7.46391 7.659 1.67712
      vertex -7.57106 7.57106 1.67712
    endloop
  endfacet
  facet normal 0.297033 -0.243781 0.923224
    outer loop
      vertex -7.37896 7.37896 1.56459
      vertex -7.57106 7.57106 1.67712
      vertex -7.659 7.46391 1.67712
    endloop
  endfacet
  facet normal -0.0376454 -0.382414 0.923224
    outer loop
      vertex -6.93312 7.76458 1.67712
      vertex -7.07107 7.77816 1.67712
      vertex -7.07107 7.50649 1.56459
    endloop
  endfacet
  facet normal 0.705415 -0.0694781 0.705381
    outer loop
      vertex -8.02266 7.07107 1.84048
      vertex -8.2083 7.29728 2.04841
      vertex -8.23058 7.07107 2.04841
    endloop
  endfacet
  facet normal 0.828685 -0.0816193 0.553733
    outer loop
      vertex -8.23058 7.07107 2.04841
      vertex -8.2083 7.29728 2.04841
      vertex -8.39395 7.07107 2.2929
    endloop
  endfacet
  facet normal 0.6783 -0.205757 0.705389
    outer loop
      vertex -7.95022 7.43523 1.84048
      vertex -8.14232 7.51479 2.04841
      vertex -8.2083 7.29728 2.04841
    endloop
  endfacet
  facet normal 0.79684 -0.241723 0.55373
    outer loop
      vertex -8.2083 7.29728 2.04841
      vertex -8.29325 7.57731 2.2929
      vertex -8.36853 7.32915 2.2929
    endloop
  endfacet
  facet normal 0.547912 -0.44969 0.705387
    outer loop
      vertex -7.86229 7.59974 1.84048
      vertex -7.74394 7.74394 1.84048
      vertex -8.03517 7.71526 2.04841
    endloop
  endfacet
  facet normal 0.430876 -0.353635 0.830234
    outer loop
      vertex -7.659 7.46391 1.67712
      vertex -7.74394 7.74394 1.84048
      vertex -7.86229 7.59974 1.84048
    endloop
  endfacet
  facet normal 0.622311 -0.758306 0.194167
    outer loop
      vertex -8.08606 8.08606 2.56457
      vertex -7.86854 8.26457 2.56457
      vertex -8.12662 8.12662 2.85297
    endloop
  endfacet
  facet normal 0.586508 -0.714679 0.381107
    outer loop
      vertex -8.00649 8.00649 2.2929
      vertex -7.86854 8.26457 2.56457
      vertex -8.08606 8.08606 2.56457
    endloop
  endfacet
  facet normal 0.547919 -0.449661 0.705401
    outer loop
      vertex -7.74394 7.74394 1.84048
      vertex -7.89097 7.89097 2.04841
      vertex -8.03517 7.71526 2.04841
    endloop
  endfacet
  facet normal 0.643684 -0.528253 0.553733
    outer loop
      vertex -7.89097 7.89097 2.04841
      vertex -8.00649 8.00649 2.2929
      vertex -8.03517 7.71526 2.04841
    endloop
  endfacet
  facet normal 0.33413 -0.62513 -0.705387
    outer loop
      vertex -7.43523 7.95022 4.15952
      vertex -7.59974 7.86229 4.15952
      vertex -7.71526 8.03517 3.95159
    endloop
  endfacet
  facet normal 0.44969 -0.547912 -0.705387
    outer loop
      vertex -7.71526 8.03517 3.95159
      vertex -7.59974 7.86229 4.15952
      vertex -7.74394 7.74394 4.15952
    endloop
  endfacet
  facet normal 0.241726 -0.79685 -0.553714
    outer loop
      vertex -7.32915 8.36853 3.70709
      vertex -7.29728 8.2083 3.95159
      vertex -7.57731 8.29325 3.70709
    endloop
  endfacet
  facet normal 0.0906237 -0.92007 -0.381128
    outer loop
      vertex -7.07107 8.39395 3.70709
      vertex -7.32915 8.36853 3.70709
      vertex -7.3511 8.4789 3.43543
    endloop
  endfacet
  facet normal 0.284762 -0.938727 -0.194172
    outer loop
      vertex -7.36229 8.53516 3.14703
      vertex -7.3511 8.4789 3.43543
      vertex -7.64233 8.45021 3.14703
    endloop
  endfacet
  facet normal 0.284784 -0.938715 -0.194195
    outer loop
      vertex -7.3511 8.4789 3.43543
      vertex -7.62037 8.39721 3.43543
      vertex -7.64233 8.45021 3.14703
    endloop
  endfacet
  facet normal -0.0906236 -0.920069 -0.381131
    outer loop
      vertex -6.79103 8.4789 3.43543
      vertex -6.81299 8.36853 3.70709
      vertex -7.07107 8.39395 3.70709
    endloop
  endfacet
  facet normal -0.0694781 -0.705415 -0.705381
    outer loop
      vertex -7.07107 8.23058 3.95159
      vertex -6.84486 8.2083 3.95159
      vertex -7.07107 8.02266 4.15952
    endloop
  endfacet
  facet normal -0.268369 -0.884712 -0.381135
    outer loop
      vertex -6.79103 8.4789 3.43543
      vertex -6.56482 8.29325 3.70709
      vertex -6.81299 8.36853 3.70709
    endloop
  endfacet
  facet normal -0.268401 -0.884713 -0.381109
    outer loop
      vertex -6.52176 8.39721 3.43543
      vertex -6.56482 8.29325 3.70709
      vertex -6.79103 8.4789 3.43543
    endloop
  endfacet
  facet normal 0.284762 -0.938727 0.194172
    outer loop
      vertex -7.3511 8.4789 2.56457
      vertex -7.36229 8.53516 2.85297
      vertex -7.64233 8.45021 2.85297
    endloop
  endfacet
  facet normal 0.284784 -0.938715 0.194195
    outer loop
      vertex -7.62037 8.39721 2.56457
      vertex -7.3511 8.4789 2.56457
      vertex -7.64233 8.45021 2.85297
    endloop
  endfacet
  facet normal -0.46241 -0.865137 0.194205
    outer loop
      vertex -6.2736 8.26457 2.56457
      vertex -6.24172 8.31227 2.85297
      vertex -6.52176 8.39721 2.56457
    endloop
  endfacet
  facet normal -0.622323 -0.758285 0.194209
    outer loop
      vertex -6.01551 8.12662 2.85297
      vertex -6.24172 8.31227 2.85297
      vertex -6.2736 8.26457 2.56457
    endloop
  endfacet
  facet normal -0.462393 -0.865151 0.194183
    outer loop
      vertex -6.24172 8.31227 2.85297
      vertex -6.49981 8.45021 2.85297
      vertex -6.52176 8.39721 2.56457
    endloop
  endfacet
  facet normal -0.0906241 -0.920074 0.381119
    outer loop
      vertex -6.81299 8.36853 2.2929
      vertex -6.79103 8.4789 2.56457
      vertex -7.07107 8.39395 2.2929
    endloop
  endfacet
  facet normal 0.367719 -0.111558 -0.923221
    outer loop
      vertex -7.47335 7.2377 4.43541
      vertex -7.49813 7.15602 4.43541
      vertex -7.76458 7.20901 4.32288
    endloop
  endfacet
  facet normal 0.187565 -0.0569033 -0.980603
    outer loop
      vertex -7.47335 7.2377 4.43541
      vertex -7.2069 7.12733 4.49278
      vertex -7.49813 7.15602 4.43541
    endloop
  endfacet
  facet normal 0.0192193 0.195064 -0.980602
    outer loop
      vertex -7.09975 6.92687 4.49278
      vertex -7.07107 6.63564 4.43541
      vertex -7.15602 6.64401 4.43541
    endloop
  endfacet
  facet normal 0.382414 0.0376454 -0.923224
    outer loop
      vertex -7.50649 7.07107 4.43541
      vertex -7.76458 6.93312 4.32288
      vertex -7.77816 7.07107 4.32288
    endloop
  endfacet
  facet normal 0.382419 0.0376342 -0.923222
    outer loop
      vertex -7.50649 7.07107 4.43541
      vertex -7.49813 6.98612 4.43541
      vertex -7.76458 6.93312 4.32288
    endloop
  endfacet
  facet normal 0.734382 0.392542 -0.553709
    outer loop
      vertex -8.14232 6.62734 3.95159
      vertex -8.03517 6.42688 3.95159
      vertex -8.29325 6.56482 3.70709
    endloop
  endfacet
  facet normal 0.734382 0.392542 -0.55371
    outer loop
      vertex -8.03517 6.42688 3.95159
      vertex -8.171 6.33611 3.70709
      vertex -8.29325 6.56482 3.70709
    endloop
  endfacet
  facet normal -0.151535 -0.12433 -0.980601
    outer loop
      vertex -6.76317 7.37896 4.43541
      vertex -6.94882 7.15275 4.49278
      vertex -6.9671 7.17503 4.49278
    endloop
  endfacet
  facet normal -0.12433 -0.151535 -0.980601
    outer loop
      vertex -6.76317 7.37896 4.43541
      vertex -6.9671 7.17503 4.49278
      vertex -6.98938 7.19331 4.49278
    endloop
  endfacet
  facet normal 0.367715 0.111557 -0.923223
    outer loop
      vertex -7.49813 6.98612 4.43541
      vertex -7.47335 6.90444 4.43541
      vertex -7.76458 6.93312 4.32288
    endloop
  endfacet
  facet normal 0.367715 0.111548 -0.923224
    outer loop
      vertex -7.47335 6.90444 4.43541
      vertex -7.72434 6.80047 4.32288
      vertex -7.76458 6.93312 4.32288
    endloop
  endfacet
  facet normal 0.181133 0.338897 -0.923223
    outer loop
      vertex -7.2377 6.66879 4.43541
      vertex -7.34166 6.4178 4.32288
      vertex -7.46391 6.48314 4.32288
    endloop
  endfacet
  facet normal -0.0568583 0.187578 -0.980603
    outer loop
      vertex -7.0148 6.93523 4.49278
      vertex -6.98612 6.64401 4.43541
      vertex -7.04238 6.92687 4.49278
    endloop
  endfacet
  facet normal 0.705402 -0.069499 -0.705392
    outer loop
      vertex -8.00437 7.25671 4.15952
      vertex -8.02266 7.07107 4.15952
      vertex -8.2083 7.29728 3.95159
    endloop
  endfacet
  facet normal 0.554733 -0.0546546 -0.830231
    outer loop
      vertex -8.00437 7.25671 4.15952
      vertex -7.76458 7.20901 4.32288
      vertex -8.02266 7.07107 4.15952
    endloop
  endfacet
  facet normal 0.625131 -0.334129 -0.705386
    outer loop
      vertex -8.03517 7.71526 3.95159
      vertex -7.95022 7.43523 4.15952
      vertex -8.14232 7.51479 3.95159
    endloop
  endfacet
  facet normal 0.734389 -0.392527 -0.55371
    outer loop
      vertex -8.03517 7.71526 3.95159
      vertex -8.14232 7.51479 3.95159
      vertex -8.29325 7.57731 3.70709
    endloop
  endfacet
  facet normal 0.0905897 0.920086 -0.381098
    outer loop
      vertex -7.32915 5.7736 3.70709
      vertex -7.07107 5.74819 3.70709
      vertex -7.3511 5.66324 3.43543
    endloop
  endfacet
  facet normal 0.205746 0.678298 -0.705394
    outer loop
      vertex -7.25671 6.13776 4.15952
      vertex -7.29728 5.93383 3.95159
      vertex -7.43523 6.19191 4.15952
    endloop
  endfacet
  facet normal 0.161796 0.533405 -0.830241
    outer loop
      vertex -7.20901 6.37756 4.32288
      vertex -7.25671 6.13776 4.15952
      vertex -7.43523 6.19191 4.15952
    endloop
  endfacet
  facet normal 0.334158 0.625112 -0.705388
    outer loop
      vertex -7.59974 6.27985 4.15952
      vertex -7.43523 6.19191 4.15952
      vertex -7.71526 6.10697 3.95159
    endloop
  endfacet
  facet normal 0.111558 0.367719 -0.923221
    outer loop
      vertex -7.15602 6.64401 4.43541
      vertex -7.20901 6.37756 4.32288
      vertex -7.2377 6.66879 4.43541
    endloop
  endfacet
  facet normal 0.24172 0.796855 -0.553708
    outer loop
      vertex -7.51479 5.99981 3.95159
      vertex -7.29728 5.93383 3.95159
      vertex -7.57731 5.84888 3.70709
    endloop
  endfacet
  facet normal 0.0546236 0.554723 -0.83024
    outer loop
      vertex -7.20901 6.37756 4.32288
      vertex -7.07107 6.11948 4.15952
      vertex -7.25671 6.13776 4.15952
    endloop
  endfacet
  facet normal 0.0376758 0.382413 -0.923223
    outer loop
      vertex -7.07107 6.63564 4.43541
      vertex -7.07107 6.36397 4.32288
      vertex -7.20901 6.37756 4.32288
    endloop
  endfacet
  facet normal -0.081592 0.8287 -0.553714
    outer loop
      vertex -6.84486 5.93383 3.95159
      vertex -6.81299 5.7736 3.70709
      vertex -7.07107 5.74819 3.70709
    endloop
  endfacet
  facet normal -0.268372 0.884723 -0.381107
    outer loop
      vertex -6.56482 5.84888 3.70709
      vertex -6.79103 5.66324 3.43543
      vertex -6.81299 5.7736 3.70709
    endloop
  endfacet
  facet normal -0.0546207 0.554723 -0.83024
    outer loop
      vertex -6.93312 6.37756 4.32288
      vertex -6.88542 6.13776 4.15952
      vertex -7.07107 6.11948 4.15952
    endloop
  endfacet
  facet normal -0.0694765 0.705398 -0.705398
    outer loop
      vertex -7.07107 6.11948 4.15952
      vertex -6.84486 5.93383 3.95159
      vertex -7.07107 5.91155 3.95159
    endloop
  endfacet
  facet normal 0.367715 0.111548 0.923224
    outer loop
      vertex -7.72434 6.80047 1.67712
      vertex -7.47335 6.90444 1.56459
      vertex -7.76458 6.93312 1.67712
    endloop
  endfacet
  facet normal 0.338886 0.181142 0.923225
    outer loop
      vertex -7.659 6.67823 1.67712
      vertex -7.47335 6.90444 1.56459
      vertex -7.72434 6.80047 1.67712
    endloop
  endfacet
  facet normal 0.586505 0.714675 -0.381119
    outer loop
      vertex -8.00649 6.13565 3.70709
      vertex -7.86854 5.87757 3.43543
      vertex -8.08606 6.05608 3.43543
    endloop
  endfacet
  facet normal 0.714675 0.586505 -0.381119
    outer loop
      vertex -8.00649 6.13565 3.70709
      vertex -8.08606 6.05608 3.43543
      vertex -8.26457 6.2736 3.43543
    endloop
  endfacet
  facet normal -0.622306 0.758299 0.194213
    outer loop
      vertex -6.01551 6.01551 2.85297
      vertex -6.05608 6.05608 2.56457
      vertex -6.2736 5.87757 2.56457
    endloop
  endfacet
  facet normal -0.586508 0.714679 0.381107
    outer loop
      vertex -6.05608 6.05608 2.56457
      vertex -6.13565 6.13565 2.2929
      vertex -6.2736 5.87757 2.56457
    endloop
  endfacet
  facet normal -0.284752 0.938727 0.194185
    outer loop
      vertex -6.49981 5.69192 2.85297
      vertex -6.52176 5.74492 2.56457
      vertex -6.79103 5.66324 2.56457
    endloop
  endfacet
  facet normal -0.268372 0.884727 0.381096
    outer loop
      vertex -6.52176 5.74492 2.56457
      vertex -6.56482 5.84888 2.2929
      vertex -6.79103 5.66324 2.56457
    endloop
  endfacet
  facet normal -0.0191969 -0.195069 0.980602
    outer loop
      vertex -7.04238 7.21527 1.50722
      vertex -6.98612 7.49813 1.56459
      vertex -7.07107 7.50649 1.56459
    endloop
  endfacet
  facet normal -0.0376342 -0.382419 0.923222
    outer loop
      vertex -6.98612 7.49813 1.56459
      vertex -6.93312 7.76458 1.67712
      vertex -7.07107 7.50649 1.56459
    endloop
  endfacet
  facet normal -0.187571 -0.0569052 0.980601
    outer loop
      vertex -6.64401 7.15602 1.56459
      vertex -6.66879 7.2377 1.56459
      vertex -6.93523 7.12733 1.50722
    endloop
  endfacet
  facet normal -0.172874 -0.0923848 0.980602
    outer loop
      vertex -6.66879 7.2377 1.56459
      vertex -6.70902 7.31298 1.56459
      vertex -6.93523 7.12733 1.50722
    endloop
  endfacet
  facet normal -0.124338 -0.151525 0.980602
    outer loop
      vertex -6.76317 7.37896 1.56459
      vertex -6.82916 7.43311 1.56459
      vertex -6.98938 7.19331 1.50722
    endloop
  endfacet
  facet normal -0.111548 -0.367715 0.923224
    outer loop
      vertex -6.90444 7.47335 1.56459
      vertex -6.80047 7.72434 1.67712
      vertex -6.93312 7.76458 1.67712
    endloop
  endfacet
  facet normal -0.554723 -0.0546236 0.83024
    outer loop
      vertex -6.11948 7.07107 1.84048
      vertex -6.13776 7.25671 1.84048
      vertex -6.37756 7.20901 1.67712
    endloop
  endfacet
  facet normal -0.353629 -0.430868 0.830241
    outer loop
      vertex -6.39819 7.74394 1.84048
      vertex -6.54239 7.86229 1.84048
      vertex -6.67823 7.659 1.67712
    endloop
  endfacet
  facet normal -0.367715 0.111548 0.923224
    outer loop
      vertex -6.4178 6.80047 1.67712
      vertex -6.37756 6.93312 1.67712
      vertex -6.66879 6.90444 1.56459
    endloop
  endfacet
  facet normal -0.430882 0.35361 0.830242
    outer loop
      vertex -6.39819 6.39819 1.84048
      vertex -6.27985 6.54239 1.84048
      vertex -6.48314 6.67823 1.67712
    endloop
  endfacet
  facet normal -0.8287 -0.0816208 0.55371
    outer loop
      vertex -5.91155 7.07107 2.04841
      vertex -5.74819 7.07107 2.2929
      vertex -5.93383 7.29728 2.04841
    endloop
  endfacet
  facet normal -0.8287 0.0816208 0.55371
    outer loop
      vertex -5.74819 7.07107 2.2929
      vertex -5.91155 7.07107 2.04841
      vertex -5.93383 6.84486 2.04841
    endloop
  endfacet
  facet normal -0.161805 0.533403 0.830241
    outer loop
      vertex -6.88542 6.13776 1.84048
      vertex -6.70691 6.19191 1.84048
      vertex -6.93312 6.37756 1.67712
    endloop
  endfacet
  facet normal -0.205759 0.6783 0.705388
    outer loop
      vertex -6.84486 5.93383 2.04841
      vertex -6.70691 6.19191 1.84048
      vertex -6.88542 6.13776 1.84048
    endloop
  endfacet
  facet normal -0.39253 0.73436 0.553746
    outer loop
      vertex -6.33611 5.97113 2.2929
      vertex -6.42688 6.10697 2.04841
      vertex -6.56482 5.84888 2.2929
    endloop
  endfacet
  facet normal -0.334163 0.625106 0.705392
    outer loop
      vertex -6.62734 5.99981 2.04841
      vertex -6.42688 6.10697 2.04841
      vertex -6.70691 6.19191 1.84048
    endloop
  endfacet
  facet normal 0.815355 0.435823 -0.381124
    outer loop
      vertex -8.171 6.33611 3.70709
      vertex -8.26457 6.2736 3.43543
      vertex -8.29325 6.56482 3.70709
    endloop
  endfacet
  facet normal 0.625117 0.334138 -0.705393
    outer loop
      vertex -7.95022 6.70691 4.15952
      vertex -8.03517 6.42688 3.95159
      vertex -8.14232 6.62734 3.95159
    endloop
  endfacet
  facet normal 0.643692 0.528259 -0.553717
    outer loop
      vertex -7.89097 6.25117 3.95159
      vertex -8.00649 6.13565 3.70709
      vertex -8.03517 6.42688 3.95159
    endloop
  endfacet
  facet normal 0.547927 0.449667 -0.70539
    outer loop
      vertex -7.74394 6.39819 4.15952
      vertex -7.89097 6.25117 3.95159
      vertex -8.03517 6.42688 3.95159
    endloop
  endfacet
  facet normal 0.714675 -0.586505 -0.381119
    outer loop
      vertex -8.08606 8.08606 3.43543
      vertex -8.00649 8.00649 3.70709
      vertex -8.26457 7.86854 3.43543
    endloop
  endfacet
  facet normal 0.758306 -0.622311 -0.194167
    outer loop
      vertex -8.12662 8.12662 3.14703
      vertex -8.08606 8.08606 3.43543
      vertex -8.26457 7.86854 3.43543
    endloop
  endfacet
  facet normal 0.938727 -0.284762 -0.194172
    outer loop
      vertex -8.45021 7.64233 3.14703
      vertex -8.4789 7.3511 3.43543
      vertex -8.53516 7.36229 3.14703
    endloop
  endfacet
  facet normal 0.865141 -0.462405 -0.194199
    outer loop
      vertex -8.31227 7.90041 3.14703
      vertex -8.39721 7.62037 3.43543
      vertex -8.45021 7.64233 3.14703
    endloop
  endfacet
  facet normal 0.92007 -0.0906237 -0.381128
    outer loop
      vertex -8.36853 7.32915 3.70709
      vertex -8.39395 7.07107 3.70709
      vertex -8.4789 7.3511 3.43543
    endloop
  endfacet
  facet normal 0.884712 -0.26838 -0.381126
    outer loop
      vertex -8.29325 7.57731 3.70709
      vertex -8.36853 7.32915 3.70709
      vertex -8.4789 7.3511 3.43543
    endloop
  endfacet
  facet normal 0.884716 0.26837 0.381123
    outer loop
      vertex -8.29325 6.56482 2.2929
      vertex -8.36853 6.81299 2.2929
      vertex -8.4789 6.79103 2.56457
    endloop
  endfacet
  facet normal 0.920074 0.0906241 0.381119
    outer loop
      vertex -8.36853 6.81299 2.2929
      vertex -8.39395 7.07107 2.2929
      vertex -8.4789 6.79103 2.56457
    endloop
  endfacet
  facet normal 0.976245 -0.0961499 0.194166
    outer loop
      vertex -8.50648 7.07107 2.56457
      vertex -8.4789 7.3511 2.56457
      vertex -8.56384 7.07107 2.85297
    endloop
  endfacet
  facet normal 0.920078 -0.0906179 0.381111
    outer loop
      vertex -8.39395 7.07107 2.2929
      vertex -8.4789 7.3511 2.56457
      vertex -8.50648 7.07107 2.56457
    endloop
  endfacet
  facet normal 0.995186 -0.0980081 0
    outer loop
      vertex -8.56384 7.07107 3.14703
      vertex -8.53516 7.36229 2.85297
      vertex -8.53516 7.36229 3.14703
    endloop
  endfacet
  facet normal 0.995186 -0.0980081 0
    outer loop
      vertex -8.53516 7.36229 2.85297
      vertex -8.56384 7.07107 3.14703
      vertex -8.56384 7.07107 2.85297
    endloop
  endfacet
  facet normal 0.435824 0.815367 0.381095
    outer loop
      vertex -7.62037 5.74492 2.56457
      vertex -7.57731 5.84888 2.2929
      vertex -7.86854 5.87757 2.56457
    endloop
  endfacet
  facet normal 0.435828 0.815363 0.3811
    outer loop
      vertex -7.57731 5.84888 2.2929
      vertex -7.80602 5.97113 2.2929
      vertex -7.86854 5.87757 2.56457
    endloop
  endfacet
  facet normal 0.449667 0.547929 0.705389
    outer loop
      vertex -7.71526 6.10697 2.04841
      vertex -7.59974 6.27985 1.84048
      vertex -7.74394 6.39819 1.84048
    endloop
  endfacet
  facet normal 0.353616 0.430889 0.830235
    outer loop
      vertex -7.59974 6.27985 1.84048
      vertex -7.46391 6.48314 1.67712
      vertex -7.74394 6.39819 1.84048
    endloop
  endfacet
  facet normal -0.124338 0.151525 -0.980602
    outer loop
      vertex -6.76317 6.76317 4.43541
      vertex -6.82916 6.70902 4.43541
      vertex -6.98938 6.94882 4.49278
    endloop
  endfacet
  facet normal -0.12433 0.151535 -0.980601
    outer loop
      vertex -6.9671 6.9671 4.49278
      vertex -6.76317 6.76317 4.43541
      vertex -6.98938 6.94882 4.49278
    endloop
  endfacet
  facet normal -0.161809 0.533399 -0.830243
    outer loop
      vertex -6.80047 6.4178 4.32288
      vertex -6.70691 6.19191 4.15952
      vertex -6.93312 6.37756 4.32288
    endloop
  endfacet
  facet normal -0.181117 0.338914 -0.923219
    outer loop
      vertex -6.82916 6.70902 4.43541
      vertex -6.67823 6.48314 4.32288
      vertex -6.90444 6.66879 4.43541
    endloop
  endfacet
  facet normal 0.195066 -0.0191802 -0.980602
    outer loop
      vertex -7.21527 7.09975 4.49278
      vertex -7.21809 7.07107 4.49278
      vertex -7.50649 7.07107 4.43541
    endloop
  endfacet
  facet normal 0.262749 -0.491598 0.830238
    outer loop
      vertex -7.34166 7.72434 1.67712
      vertex -7.43523 7.95022 1.84048
      vertex -7.46391 7.659 1.67712
    endloop
  endfacet
  facet normal 0.161812 -0.533409 0.830236
    outer loop
      vertex -7.34166 7.72434 1.67712
      vertex -7.20901 7.76458 1.67712
      vertex -7.43523 7.95022 1.84048
    endloop
  endfacet
  facet normal 0.33413 -0.62513 0.705387
    outer loop
      vertex -7.59974 7.86229 1.84048
      vertex -7.43523 7.95022 1.84048
      vertex -7.71526 8.03517 2.04841
    endloop
  endfacet
  facet normal 0.262757 -0.491598 0.830235
    outer loop
      vertex -7.46391 7.659 1.67712
      vertex -7.43523 7.95022 1.84048
      vertex -7.59974 7.86229 1.84048
    endloop
  endfacet
  facet normal -0.0694781 -0.705415 0.705381
    outer loop
      vertex -6.84486 8.2083 2.04841
      vertex -7.07107 8.23058 2.04841
      vertex -7.07107 8.02266 1.84048
    endloop
  endfacet
  facet normal -0.0816193 -0.828685 0.553733
    outer loop
      vertex -6.84486 8.2083 2.04841
      vertex -7.07107 8.39395 2.2929
      vertex -7.07107 8.23058 2.04841
    endloop
  endfacet
  facet normal -0.435812 -0.815373 0.381096
    outer loop
      vertex -6.2736 8.26457 2.56457
      vertex -6.52176 8.39721 2.56457
      vertex -6.56482 8.29325 2.2929
    endloop
  endfacet
  facet normal -0.435825 -0.815359 0.381112
    outer loop
      vertex -6.33611 8.171 2.2929
      vertex -6.2736 8.26457 2.56457
      vertex -6.56482 8.29325 2.2929
    endloop
  endfacet
  facet normal -0.0961465 -0.976246 0.194166
    outer loop
      vertex -6.79103 8.4789 2.56457
      vertex -7.07107 8.56384 2.85297
      vertex -7.07107 8.50648 2.56457
    endloop
  endfacet
  facet normal -0.0961395 -0.976245 0.194172
    outer loop
      vertex -6.79103 8.4789 2.56457
      vertex -6.77984 8.53516 2.85297
      vertex -7.07107 8.56384 2.85297
    endloop
  endfacet
  facet normal -0.528253 -0.643684 0.553733
    outer loop
      vertex -6.25117 7.89097 2.04841
      vertex -6.13565 8.00649 2.2929
      vertex -6.42688 8.03517 2.04841
    endloop
  endfacet
  facet normal -0.528251 -0.643688 0.55373
    outer loop
      vertex -6.13565 8.00649 2.2929
      vertex -6.33611 8.171 2.2929
      vertex -6.42688 8.03517 2.04841
    endloop
  endfacet
  facet normal -0.815368 0.43583 0.381086
    outer loop
      vertex -5.87757 6.2736 2.56457
      vertex -5.84888 6.56482 2.2929
      vertex -5.97113 6.33611 2.2929
    endloop
  endfacet
  facet normal -0.81536 0.435838 0.381095
    outer loop
      vertex -5.74492 6.52176 2.56457
      vertex -5.84888 6.56482 2.2929
      vertex -5.87757 6.2736 2.56457
    endloop
  endfacet
  facet normal -0.881924 0.471391 0
    outer loop
      vertex -5.82987 6.24172 2.85297
      vertex -5.69192 6.49981 3.14703
      vertex -5.69192 6.49981 2.85297
    endloop
  endfacet
  facet normal -0.881924 0.471391 0
    outer loop
      vertex -5.69192 6.49981 3.14703
      vertex -5.82987 6.24172 2.85297
      vertex -5.82987 6.24172 3.14703
    endloop
  endfacet
  facet normal -0.187573 0.0569057 -0.980601
    outer loop
      vertex -6.64401 6.98612 4.43541
      vertex -6.66879 6.90444 4.43541
      vertex -6.93523 7.0148 4.49278
    endloop
  endfacet
  facet normal -0.172877 0.0923863 -0.980601
    outer loop
      vertex -6.66879 6.90444 4.43541
      vertex -6.70902 6.82916 4.43541
      vertex -6.93523 7.0148 4.49278
    endloop
  endfacet
  facet normal -0.172853 -0.0924106 -0.980603
    outer loop
      vertex -6.70902 7.31298 4.43541
      vertex -6.93523 7.12733 4.49278
      vertex -6.94882 7.15275 4.49278
    endloop
  endfacet
  facet normal -0.187571 -0.0569052 -0.980601
    outer loop
      vertex -6.66879 7.2377 4.43541
      vertex -6.64401 7.15602 4.43541
      vertex -6.93523 7.12733 4.49278
    endloop
  endfacet
  facet normal 0 0 -1
    outer loop
      vertex -6.92687 7.04238 4.49278
      vertex -6.92687 7.09975 4.49278
      vertex -6.92404 7.07107 4.49278
    endloop
  endfacet
  facet normal 0 0 -1
    outer loop
      vertex -6.93523 7.0148 4.49278
      vertex -6.92687 7.09975 4.49278
      vertex -6.92687 7.04238 4.49278
    endloop
  endfacet
  facet normal 0 0 -1
    outer loop
      vertex -6.93523 7.0148 4.49278
      vertex -6.93523 7.12733 4.49278
      vertex -6.92687 7.09975 4.49278
    endloop
  endfacet
  facet normal 0 0 -1
    outer loop
      vertex -6.94882 6.98938 4.49278
      vertex -6.93523 7.12733 4.49278
      vertex -6.93523 7.0148 4.49278
    endloop
  endfacet
  facet normal 0 0 -1
    outer loop
      vertex -6.94882 6.98938 4.49278
      vertex -6.94882 7.15275 4.49278
      vertex -6.93523 7.12733 4.49278
    endloop
  endfacet
  facet normal 0 0 -1
    outer loop
      vertex -6.9671 6.9671 4.49278
      vertex -6.94882 7.15275 4.49278
      vertex -6.94882 6.98938 4.49278
    endloop
  endfacet
  facet normal 0 0 -1
    outer loop
      vertex -6.9671 6.9671 4.49278
      vertex -6.9671 7.17503 4.49278
      vertex -6.94882 7.15275 4.49278
    endloop
  endfacet
  facet normal 0 0 -1
    outer loop
      vertex -6.98938 6.94882 4.49278
      vertex -6.9671 7.17503 4.49278
      vertex -6.9671 6.9671 4.49278
    endloop
  endfacet
  facet normal 0 0 -1
    outer loop
      vertex -6.98938 6.94882 4.49278
      vertex -6.98938 7.19331 4.49278
      vertex -6.9671 7.17503 4.49278
    endloop
  endfacet
  facet normal 0 0 -1
    outer loop
      vertex -7.0148 6.93523 4.49278
      vertex -6.98938 7.19331 4.49278
      vertex -6.98938 6.94882 4.49278
    endloop
  endfacet
  facet normal 0 0 -1
    outer loop
      vertex -7.0148 6.93523 4.49278
      vertex -7.0148 7.2069 4.49278
      vertex -6.98938 7.19331 4.49278
    endloop
  endfacet
  facet normal 0 0 -1
    outer loop
      vertex -7.04238 6.92687 4.49278
      vertex -7.0148 7.2069 4.49278
      vertex -7.0148 6.93523 4.49278
    endloop
  endfacet
  facet normal 0 0 -1
    outer loop
      vertex -7.04238 6.92687 4.49278
      vertex -7.04238 7.21527 4.49278
      vertex -7.0148 7.2069 4.49278
    endloop
  endfacet
  facet normal 0 0 -1
    outer loop
      vertex -7.07107 6.92404 4.49278
      vertex -7.04238 7.21527 4.49278
      vertex -7.04238 6.92687 4.49278
    endloop
  endfacet
  facet normal 0 0 -1
    outer loop
      vertex -7.07107 6.92404 4.49278
      vertex -7.07107 7.21809 4.49278
      vertex -7.04238 7.21527 4.49278
    endloop
  endfacet
  facet normal 0 0 -1
    outer loop
      vertex -7.09975 6.92687 4.49278
      vertex -7.07107 7.21809 4.49278
      vertex -7.07107 6.92404 4.49278
    endloop
  endfacet
  facet normal 0 0 -1
    outer loop
      vertex -7.09975 6.92687 4.49278
      vertex -7.09975 7.21527 4.49278
      vertex -7.07107 7.21809 4.49278
    endloop
  endfacet
  facet normal 0 0 -1
    outer loop
      vertex -7.12733 6.93523 4.49278
      vertex -7.09975 7.21527 4.49278
      vertex -7.09975 6.92687 4.49278
    endloop
  endfacet
  facet normal 0 0 -1
    outer loop
      vertex -7.12733 6.93523 4.49278
      vertex -7.12733 7.2069 4.49278
      vertex -7.09975 7.21527 4.49278
    endloop
  endfacet
  facet normal 0 0 -1
    outer loop
      vertex -7.15275 6.94882 4.49278
      vertex -7.12733 7.2069 4.49278
      vertex -7.12733 6.93523 4.49278
    endloop
  endfacet
  facet normal 0 0 -1
    outer loop
      vertex -7.15275 6.94882 4.49278
      vertex -7.15275 7.19331 4.49278
      vertex -7.12733 7.2069 4.49278
    endloop
  endfacet
  facet normal 0 0 -1
    outer loop
      vertex -7.17503 6.9671 4.49278
      vertex -7.15275 7.19331 4.49278
      vertex -7.15275 6.94882 4.49278
    endloop
  endfacet
  facet normal 0 0 -1
    outer loop
      vertex -7.17503 6.9671 4.49278
      vertex -7.17503 7.17503 4.49278
      vertex -7.15275 7.19331 4.49278
    endloop
  endfacet
  facet normal 0 0 -1
    outer loop
      vertex -7.19331 6.98938 4.49278
      vertex -7.17503 7.17503 4.49278
      vertex -7.17503 6.9671 4.49278
    endloop
  endfacet
  facet normal 0 0 -1
    outer loop
      vertex -7.19331 6.98938 4.49278
      vertex -7.19331 7.15275 4.49278
      vertex -7.17503 7.17503 4.49278
    endloop
  endfacet
  facet normal 0 0 -1
    outer loop
      vertex -7.2069 7.0148 4.49278
      vertex -7.19331 7.15275 4.49278
      vertex -7.19331 6.98938 4.49278
    endloop
  endfacet
  facet normal 0 0 -1
    outer loop
      vertex -7.2069 7.0148 4.49278
      vertex -7.2069 7.12733 4.49278
      vertex -7.19331 7.15275 4.49278
    endloop
  endfacet
  facet normal 0 0 -1
    outer loop
      vertex -7.21527 7.04238 4.49278
      vertex -7.2069 7.12733 4.49278
      vertex -7.2069 7.0148 4.49278
    endloop
  endfacet
  facet normal 0 0 -1
    outer loop
      vertex -7.21527 7.04238 4.49278
      vertex -7.21527 7.09975 4.49278
      vertex -7.2069 7.12733 4.49278
    endloop
  endfacet
  facet normal 0 -0 -1
    outer loop
      vertex -7.21527 7.09975 4.49278
      vertex -7.21527 7.04238 4.49278
      vertex -7.21809 7.07107 4.49278
    endloop
  endfacet
  facet normal 0.0191802 -0.195066 -0.980602
    outer loop
      vertex -7.07107 7.50649 4.43541
      vertex -7.07107 7.21809 4.49278
      vertex -7.09975 7.21527 4.49278
    endloop
  endfacet
  facet normal 0.0191968 -0.195068 -0.980602
    outer loop
      vertex -7.07107 7.50649 4.43541
      vertex -7.09975 7.21527 4.49278
      vertex -7.15602 7.49813 4.43541
    endloop
  endfacet
  facet normal -0.334118 -0.625146 -0.705378
    outer loop
      vertex -6.42688 8.03517 3.95159
      vertex -6.54239 7.86229 4.15952
      vertex -6.70691 7.95022 4.15952
    endloop
  endfacet
  facet normal -0.334138 -0.625117 -0.705393
    outer loop
      vertex -6.62734 8.14232 3.95159
      vertex -6.42688 8.03517 3.95159
      vertex -6.70691 7.95022 4.15952
    endloop
  endfacet
  facet normal -0.0924121 -0.172856 -0.980602
    outer loop
      vertex -6.82916 7.43311 4.43541
      vertex -6.98938 7.19331 4.49278
      vertex -7.0148 7.2069 4.49278
    endloop
  endfacet
  facet normal -0.124338 -0.151525 -0.980602
    outer loop
      vertex -6.82916 7.43311 4.43541
      vertex -6.76317 7.37896 4.43541
      vertex -6.98938 7.19331 4.49278
    endloop
  endfacet
  facet normal -0.0546517 -0.554734 -0.830231
    outer loop
      vertex -6.88542 8.00437 4.15952
      vertex -6.93312 7.76458 4.32288
      vertex -7.07107 8.02266 4.15952
    endloop
  endfacet
  facet normal 0.069499 -0.705402 -0.705392
    outer loop
      vertex -7.07107 8.02266 4.15952
      vertex -7.25671 8.00437 4.15952
      vertex -7.29728 8.2083 3.95159
    endloop
  endfacet
  facet normal 0.161801 -0.53342 -0.830231
    outer loop
      vertex -7.25671 8.00437 4.15952
      vertex -7.20901 7.76458 4.32288
      vertex -7.43523 7.95022 4.15952
    endloop
  endfacet
  facet normal 0.262749 -0.491598 -0.830238
    outer loop
      vertex -7.43523 7.95022 4.15952
      vertex -7.34166 7.72434 4.32288
      vertex -7.46391 7.659 4.32288
    endloop
  endfacet
  facet normal -0.205759 -0.6783 -0.705388
    outer loop
      vertex -6.84486 8.2083 3.95159
      vertex -6.70691 7.95022 4.15952
      vertex -6.88542 8.00437 4.15952
    endloop
  endfacet
  facet normal -0.205747 -0.678298 -0.705393
    outer loop
      vertex -6.62734 8.14232 3.95159
      vertex -6.70691 7.95022 4.15952
      vertex -6.84486 8.2083 3.95159
    endloop
  endfacet
  facet normal 0.0924106 -0.172853 -0.980603
    outer loop
      vertex -7.12733 7.2069 4.49278
      vertex -7.15275 7.19331 4.49278
      vertex -7.31298 7.43311 4.43541
    endloop
  endfacet
  facet normal 0.297033 -0.243781 -0.923224
    outer loop
      vertex -7.57106 7.57106 4.32288
      vertex -7.37896 7.37896 4.43541
      vertex -7.659 7.46391 4.32288
    endloop
  endfacet
  facet normal 0.181146 -0.338883 -0.923225
    outer loop
      vertex -7.2377 7.47335 4.43541
      vertex -7.31298 7.43311 4.43541
      vertex -7.46391 7.659 4.32288
    endloop
  endfacet
  facet normal 0.0924009 -0.172861 -0.980602
    outer loop
      vertex -7.2377 7.47335 4.43541
      vertex -7.12733 7.2069 4.49278
      vertex -7.31298 7.43311 4.43541
    endloop
  endfacet
  facet normal 0.0569052 0.187571 -0.980601
    outer loop
      vertex -7.12733 6.93523 4.49278
      vertex -7.15602 6.64401 4.43541
      vertex -7.2377 6.66879 4.43541
    endloop
  endfacet
  facet normal -0.0924121 0.172856 -0.980602
    outer loop
      vertex -6.98938 6.94882 4.49278
      vertex -6.82916 6.70902 4.43541
      vertex -7.0148 6.93523 4.49278
    endloop
  endfacet
  facet normal 0.151514 -0.124348 -0.980603
    outer loop
      vertex -7.37896 7.37896 4.43541
      vertex -7.19331 7.15275 4.49278
      vertex -7.43311 7.31298 4.43541
    endloop
  endfacet
  facet normal 0.151535 -0.12433 -0.980601
    outer loop
      vertex -7.17503 7.17503 4.49278
      vertex -7.19331 7.15275 4.49278
      vertex -7.37896 7.37896 4.43541
    endloop
  endfacet
  facet normal -0.714675 -0.586505 -0.381119
    outer loop
      vertex -6.05608 8.08606 3.43543
      vertex -5.87757 7.86854 3.43543
      vertex -6.13565 8.00649 3.70709
    endloop
  endfacet
  facet normal -0.449667 -0.547927 -0.70539
    outer loop
      vertex -6.25117 7.89097 3.95159
      vertex -6.39819 7.74394 4.15952
      vertex -6.42688 8.03517 3.95159
    endloop
  endfacet
  facet normal -0.625119 -0.334154 -0.705385
    outer loop
      vertex -6.10697 7.71526 3.95159
      vertex -5.99981 7.51479 3.95159
      vertex -6.19191 7.43523 4.15952
    endloop
  endfacet
  facet normal -0.705407 -0.0694616 -0.70539
    outer loop
      vertex -5.93383 7.29728 3.95159
      vertex -6.11948 7.07107 4.15952
      vertex -6.13776 7.25671 4.15952
    endloop
  endfacet
  facet normal -0.643692 -0.528259 -0.553717
    outer loop
      vertex -5.97113 7.80602 3.70709
      vertex -6.10697 7.71526 3.95159
      vertex -6.13565 8.00649 3.70709
    endloop
  endfacet
  facet normal -0.643692 -0.528259 -0.553717
    outer loop
      vertex -6.13565 8.00649 3.70709
      vertex -6.10697 7.71526 3.95159
      vertex -6.25117 7.89097 3.95159
    endloop
  endfacet
  facet normal -0.705398 -0.0694765 -0.705398
    outer loop
      vertex -5.93383 7.29728 3.95159
      vertex -5.91155 7.07107 3.95159
      vertex -6.11948 7.07107 4.15952
    endloop
  endfacet
  facet normal -0.625112 -0.334158 -0.705388
    outer loop
      vertex -6.10697 7.71526 3.95159
      vertex -6.19191 7.43523 4.15952
      vertex -6.27985 7.59974 4.15952
    endloop
  endfacet
  facet normal -0.533405 -0.161796 -0.830241
    outer loop
      vertex -6.19191 7.43523 4.15952
      vertex -6.13776 7.25671 4.15952
      vertex -6.37756 7.20901 4.32288
    endloop
  endfacet
  facet normal -0.367718 -0.111549 -0.923223
    outer loop
      vertex -6.4178 7.34166 4.32288
      vertex -6.37756 7.20901 4.32288
      vertex -6.66879 7.2377 4.43541
    endloop
  endfacet
  facet normal -0.554733 0.0546489 -0.830232
    outer loop
      vertex -6.36397 7.07107 4.32288
      vertex -6.11948 7.07107 4.15952
      vertex -6.37756 6.93312 4.32288
    endloop
  endfacet
  facet normal -0.70541 0.0694581 -0.705388
    outer loop
      vertex -6.11948 7.07107 4.15952
      vertex -5.93383 6.84486 3.95159
      vertex -6.13776 6.88542 4.15952
    endloop
  endfacet
  facet normal -0.82871 -0.0816218 -0.553694
    outer loop
      vertex -5.74819 7.07107 3.70709
      vertex -5.91155 7.07107 3.95159
      vertex -5.93383 7.29728 3.95159
    endloop
  endfacet
  facet normal -0.8287 -0.081592 -0.553714
    outer loop
      vertex -5.7736 7.32915 3.70709
      vertex -5.74819 7.07107 3.70709
      vertex -5.93383 7.29728 3.95159
    endloop
  endfacet
  facet normal -0.0924121 -0.172856 0.980602
    outer loop
      vertex -6.98938 7.19331 1.50722
      vertex -6.82916 7.43311 1.56459
      vertex -7.0148 7.2069 1.50722
    endloop
  endfacet
  facet normal 0.0569052 0.187571 0.980601
    outer loop
      vertex -7.15602 6.64401 1.56459
      vertex -7.12733 6.93523 1.50722
      vertex -7.2377 6.66879 1.56459
    endloop
  endfacet
  facet normal 0.0924106 0.172853 0.980603
    outer loop
      vertex -7.12733 6.93523 1.50722
      vertex -7.15275 6.94882 1.50722
      vertex -7.31298 6.70902 1.56459
    endloop
  endfacet
  facet normal -0.12433 -0.151535 0.980601
    outer loop
      vertex -6.9671 7.17503 1.50722
      vertex -6.76317 7.37896 1.56459
      vertex -6.98938 7.19331 1.50722
    endloop
  endfacet
  facet normal 0.0376785 0.382412 0.923223
    outer loop
      vertex -7.07107 6.63564 1.56459
      vertex -7.15602 6.64401 1.56459
      vertex -7.20901 6.37756 1.67712
    endloop
  endfacet
  facet normal -0.449674 0.547938 0.705378
    outer loop
      vertex -6.42688 6.10697 2.04841
      vertex -6.39819 6.39819 1.84048
      vertex -6.54239 6.27985 1.84048
    endloop
  endfacet
  facet normal -0.334147 0.625129 0.705379
    outer loop
      vertex -6.42688 6.10697 2.04841
      vertex -6.54239 6.27985 1.84048
      vertex -6.70691 6.19191 1.84048
    endloop
  endfacet
  facet normal -0.243792 0.297046 0.923217
    outer loop
      vertex -6.67823 6.48314 1.67712
      vertex -6.57108 6.57108 1.67712
      vertex -6.76317 6.76317 1.56459
    endloop
  endfacet
  facet normal -0.161809 0.533399 0.830243
    outer loop
      vertex -6.70691 6.19191 1.84048
      vertex -6.80047 6.4178 1.67712
      vertex -6.93312 6.37756 1.67712
    endloop
  endfacet
  facet normal -0.297046 0.243792 0.923217
    outer loop
      vertex -6.57108 6.57108 1.67712
      vertex -6.48314 6.67823 1.67712
      vertex -6.76317 6.76317 1.56459
    endloop
  endfacet
  facet normal -0.187578 0.0568583 0.980603
    outer loop
      vertex -6.64401 6.98612 1.56459
      vertex -6.92687 7.04238 1.50722
      vertex -6.93523 7.0148 1.50722
    endloop
  endfacet
  facet normal -0.0376784 0.382411 0.923224
    outer loop
      vertex -6.93312 6.37756 1.67712
      vertex -6.98612 6.64401 1.56459
      vertex -7.07107 6.63564 1.56459
    endloop
  endfacet
  facet normal -0.0192194 0.195064 0.980602
    outer loop
      vertex -6.98612 6.64401 1.56459
      vertex -7.04238 6.92687 1.50722
      vertex -7.07107 6.63564 1.56459
    endloop
  endfacet
  facet normal 0.554734 0.0546517 0.830231
    outer loop
      vertex -8.00437 6.88542 1.84048
      vertex -7.76458 6.93312 1.67712
      vertex -8.02266 7.07107 1.84048
    endloop
  endfacet
  facet normal 0.554719 0.0546073 0.830244
    outer loop
      vertex -7.76458 6.93312 1.67712
      vertex -7.77816 7.07107 1.67712
      vertex -8.02266 7.07107 1.84048
    endloop
  endfacet
  facet normal 0.187567 0.0569039 0.980602
    outer loop
      vertex -7.47335 6.90444 1.56459
      vertex -7.2069 7.0148 1.50722
      vertex -7.49813 6.98612 1.56459
    endloop
  endfacet
  facet normal 0.0191968 -0.195068 0.980602
    outer loop
      vertex -7.09975 7.21527 1.50722
      vertex -7.07107 7.50649 1.56459
      vertex -7.15602 7.49813 1.56459
    endloop
  endfacet
  facet normal -0.382413 -0.0376758 0.923223
    outer loop
      vertex -6.36397 7.07107 1.67712
      vertex -6.37756 7.20901 1.67712
      vertex -6.63564 7.07107 1.56459
    endloop
  endfacet
  facet normal -0.187576 -0.0568578 0.980603
    outer loop
      vertex -6.92687 7.09975 1.50722
      vertex -6.64401 7.15602 1.56459
      vertex -6.93523 7.12733 1.50722
    endloop
  endfacet
  facet normal 0.297035 -0.243777 0.923224
    outer loop
      vertex -7.43311 7.31298 1.56459
      vertex -7.37896 7.37896 1.56459
      vertex -7.659 7.46391 1.67712
    endloop
  endfacet
  facet normal 0.181146 -0.338883 0.923225
    outer loop
      vertex -7.31298 7.43311 1.56459
      vertex -7.2377 7.47335 1.56459
      vertex -7.46391 7.659 1.67712
    endloop
  endfacet
  facet normal 0.124348 -0.151514 0.980603
    outer loop
      vertex -7.15275 7.19331 1.50722
      vertex -7.31298 7.43311 1.56459
      vertex -7.37896 7.37896 1.56459
    endloop
  endfacet
  facet normal 0.0924106 -0.172853 0.980603
    outer loop
      vertex -7.15275 7.19331 1.50722
      vertex -7.12733 7.2069 1.50722
      vertex -7.31298 7.43311 1.56459
    endloop
  endfacet
  facet normal 0.111558 -0.367719 0.923221
    outer loop
      vertex -7.15602 7.49813 1.56459
      vertex -7.20901 7.76458 1.67712
      vertex -7.2377 7.47335 1.56459
    endloop
  endfacet
  facet normal 0.705402 -0.069499 0.705392
    outer loop
      vertex -8.02266 7.07107 1.84048
      vertex -8.00437 7.25671 1.84048
      vertex -8.2083 7.29728 2.04841
    endloop
  endfacet
  facet normal 0.678298 -0.205746 0.705394
    outer loop
      vertex -8.00437 7.25671 1.84048
      vertex -7.95022 7.43523 1.84048
      vertex -8.2083 7.29728 2.04841
    endloop
  endfacet
  facet normal 0.73438 -0.392522 0.553726
    outer loop
      vertex -8.14232 7.51479 2.04841
      vertex -8.03517 7.71526 2.04841
      vertex -8.29325 7.57731 2.2929
    endloop
  endfacet
  facet normal 0.625131 -0.334129 0.705386
    outer loop
      vertex -7.95022 7.43523 1.84048
      vertex -8.03517 7.71526 2.04841
      vertex -8.14232 7.51479 2.04841
    endloop
  endfacet
  facet normal 0.758306 -0.622311 0.194167
    outer loop
      vertex -8.08606 8.08606 2.56457
      vertex -8.12662 8.12662 2.85297
      vertex -8.26457 7.86854 2.56457
    endloop
  endfacet
  facet normal 0.714679 -0.586508 0.381107
    outer loop
      vertex -8.00649 8.00649 2.2929
      vertex -8.08606 8.08606 2.56457
      vertex -8.26457 7.86854 2.56457
    endloop
  endfacet
  facet normal 0.528247 -0.643716 -0.5537
    outer loop
      vertex -7.80602 8.171 3.70709
      vertex -7.71526 8.03517 3.95159
      vertex -8.00649 8.00649 3.70709
    endloop
  endfacet
  facet normal 0.528259 -0.643692 -0.553717
    outer loop
      vertex -7.71526 8.03517 3.95159
      vertex -7.89097 7.89097 3.95159
      vertex -8.00649 8.00649 3.70709
    endloop
  endfacet
  facet normal -0.462393 -0.865151 -0.194183
    outer loop
      vertex -6.49981 8.45021 3.14703
      vertex -6.24172 8.31227 3.14703
      vertex -6.52176 8.39721 3.43543
    endloop
  endfacet
  facet normal -0.290297 -0.956937 0
    outer loop
      vertex -6.77984 8.53516 2.85297
      vertex -6.49981 8.45021 3.14703
      vertex -6.77984 8.53516 3.14703
    endloop
  endfacet
  facet normal -0.290297 -0.956937 -0
    outer loop
      vertex -6.49981 8.45021 3.14703
      vertex -6.77984 8.53516 2.85297
      vertex -6.49981 8.45021 2.85297
    endloop
  endfacet
  facet normal 0.0192482 0.195066 -0.980601
    outer loop
      vertex -7.07107 6.92404 4.49278
      vertex -7.07107 6.63564 4.43541
      vertex -7.09975 6.92687 4.49278
    endloop
  endfacet
  facet normal -0.0192415 0.195066 -0.980601
    outer loop
      vertex -7.07107 6.92404 4.49278
      vertex -7.04238 6.92687 4.49278
      vertex -7.07107 6.63564 4.43541
    endloop
  endfacet
  facet normal 0.195068 -0.0191968 -0.980602
    outer loop
      vertex -7.49813 7.15602 4.43541
      vertex -7.21527 7.09975 4.49278
      vertex -7.50649 7.07107 4.43541
    endloop
  endfacet
  facet normal 0.38242 -0.0376343 -0.923222
    outer loop
      vertex -7.49813 7.15602 4.43541
      vertex -7.50649 7.07107 4.43541
      vertex -7.76458 7.20901 4.32288
    endloop
  endfacet
  facet normal 0.491599 0.262742 -0.830239
    outer loop
      vertex -7.659 6.67823 4.32288
      vertex -7.86229 6.54239 4.15952
      vertex -7.95022 6.70691 4.15952
    endloop
  endfacet
  facet normal 0.430868 0.353629 -0.830241
    outer loop
      vertex -7.659 6.67823 4.32288
      vertex -7.74394 6.39819 4.15952
      vertex -7.86229 6.54239 4.15952
    endloop
  endfacet
  facet normal 0.081592 0.8287 -0.553714
    outer loop
      vertex -7.29728 5.93383 3.95159
      vertex -7.07107 5.74819 3.70709
      vertex -7.32915 5.7736 3.70709
    endloop
  endfacet
  facet normal 0.0816218 0.82871 -0.553694
    outer loop
      vertex -7.07107 5.91155 3.95159
      vertex -7.07107 5.74819 3.70709
      vertex -7.29728 5.93383 3.95159
    endloop
  endfacet
  facet normal 0.262742 0.491586 -0.830247
    outer loop
      vertex -7.34166 6.4178 4.32288
      vertex -7.43523 6.19191 4.15952
      vertex -7.46391 6.48314 4.32288
    endloop
  endfacet
  facet normal 0.243783 0.297042 -0.92322
    outer loop
      vertex -7.37896 6.76317 4.43541
      vertex -7.31298 6.70902 4.43541
      vertex -7.46391 6.48314 4.32288
    endloop
  endfacet
  facet normal 0.0546529 0.554733 -0.830232
    outer loop
      vertex -7.07107 6.36397 4.32288
      vertex -7.07107 6.11948 4.15952
      vertex -7.20901 6.37756 4.32288
    endloop
  endfacet
  facet normal -0.0546489 0.554733 -0.830232
    outer loop
      vertex -7.07107 6.36397 4.32288
      vertex -6.93312 6.37756 4.32288
      vertex -7.07107 6.11948 4.15952
    endloop
  endfacet
  facet normal 0.243787 0.297041 -0.92322
    outer loop
      vertex -7.37896 6.76317 4.43541
      vertex -7.46391 6.48314 4.32288
      vertex -7.57106 6.57108 4.32288
    endloop
  endfacet
  facet normal 0.353625 0.430872 -0.83024
    outer loop
      vertex -7.57106 6.57108 4.32288
      vertex -7.46391 6.48314 4.32288
      vertex -7.74394 6.39819 4.15952
    endloop
  endfacet
  facet normal -0.205759 0.6783 -0.705388
    outer loop
      vertex -6.70691 6.19191 4.15952
      vertex -6.84486 5.93383 3.95159
      vertex -6.88542 6.13776 4.15952
    endloop
  endfacet
  facet normal -0.161805 0.533403 -0.830241
    outer loop
      vertex -6.70691 6.19191 4.15952
      vertex -6.88542 6.13776 4.15952
      vertex -6.93312 6.37756 4.32288
    endloop
  endfacet
  facet normal 0.865137 0.46241 0.194205
    outer loop
      vertex -8.31227 6.24172 2.85297
      vertex -8.26457 6.2736 2.56457
      vertex -8.39721 6.52176 2.56457
    endloop
  endfacet
  facet normal 0.758285 0.622323 0.194209
    outer loop
      vertex -8.12662 6.01551 2.85297
      vertex -8.26457 6.2736 2.56457
      vertex -8.31227 6.24172 2.85297
    endloop
  endfacet
  facet normal -0.243754 -0.297051 0.923225
    outer loop
      vertex -6.76317 7.37896 1.56459
      vertex -6.67823 7.659 1.67712
      vertex -6.82916 7.43311 1.56459
    endloop
  endfacet
  facet normal -0.353626 -0.430874 0.830239
    outer loop
      vertex -6.57108 7.57106 1.67712
      vertex -6.39819 7.74394 1.84048
      vertex -6.67823 7.659 1.67712
    endloop
  endfacet
  facet normal -0.181146 -0.338883 0.923225
    outer loop
      vertex -6.82916 7.43311 1.56459
      vertex -6.67823 7.659 1.67712
      vertex -6.90444 7.47335 1.56459
    endloop
  endfacet
  facet normal -0.449697 -0.54792 0.705377
    outer loop
      vertex -6.39819 7.74394 1.84048
      vertex -6.42688 8.03517 2.04841
      vertex -6.54239 7.86229 1.84048
    endloop
  endfacet
  facet normal -0.243786 -0.297039 0.923221
    outer loop
      vertex -6.57108 7.57106 1.67712
      vertex -6.67823 7.659 1.67712
      vertex -6.76317 7.37896 1.56459
    endloop
  endfacet
  facet normal -0.533405 -0.161796 0.830241
    outer loop
      vertex -6.13776 7.25671 1.84048
      vertex -6.19191 7.43523 1.84048
      vertex -6.37756 7.20901 1.67712
    endloop
  endfacet
  facet normal -0.533395 -0.161808 0.830246
    outer loop
      vertex -6.37756 7.20901 1.67712
      vertex -6.19191 7.43523 1.84048
      vertex -6.4178 7.34166 1.67712
    endloop
  endfacet
  facet normal -0.382412 -0.0376785 0.923223
    outer loop
      vertex -6.63564 7.07107 1.56459
      vertex -6.37756 7.20901 1.67712
      vertex -6.64401 7.15602 1.56459
    endloop
  endfacet
  facet normal -0.554733 -0.0546529 0.830232
    outer loop
      vertex -6.36397 7.07107 1.67712
      vertex -6.11948 7.07107 1.84048
      vertex -6.37756 7.20901 1.67712
    endloop
  endfacet
  facet normal -0.6783 0.205759 0.705388
    outer loop
      vertex -5.93383 6.84486 2.04841
      vertex -6.13776 6.88542 1.84048
      vertex -6.19191 6.70691 1.84048
    endloop
  endfacet
  facet normal -0.533403 0.161805 0.830241
    outer loop
      vertex -6.19191 6.70691 1.84048
      vertex -6.13776 6.88542 1.84048
      vertex -6.37756 6.93312 1.67712
    endloop
  endfacet
  facet normal -0.392566 0.734358 0.553724
    outer loop
      vertex -6.56482 5.84888 2.2929
      vertex -6.42688 6.10697 2.04841
      vertex -6.62734 5.99981 2.04841
    endloop
  endfacet
  facet normal -0.241707 0.796849 0.553724
    outer loop
      vertex -6.56482 5.84888 2.2929
      vertex -6.62734 5.99981 2.04841
      vertex -6.84486 5.93383 2.04841
    endloop
  endfacet
  facet normal -0.547937 0.449676 0.705377
    outer loop
      vertex -6.25117 6.25117 2.04841
      vertex -6.10697 6.42688 2.04841
      vertex -6.39819 6.39819 1.84048
    endloop
  endfacet
  facet normal -0.643684 0.528253 0.553733
    outer loop
      vertex -6.13565 6.13565 2.2929
      vertex -6.10697 6.42688 2.04841
      vertex -6.25117 6.25117 2.04841
    endloop
  endfacet
  facet normal 0.796852 0.241717 -0.553714
    outer loop
      vertex -8.2083 6.84486 3.95159
      vertex -8.29325 6.56482 3.70709
      vertex -8.36853 6.81299 3.70709
    endloop
  endfacet
  facet normal 0.828696 0.0816237 -0.553715
    outer loop
      vertex -8.2083 6.84486 3.95159
      vertex -8.36853 6.81299 3.70709
      vertex -8.39395 7.07107 3.70709
    endloop
  endfacet
  facet normal -0.195064 -0.0192193 -0.980602
    outer loop
      vertex -6.64401 7.15602 4.43541
      vertex -6.63564 7.07107 4.43541
      vertex -6.92687 7.09975 4.49278
    endloop
  endfacet
  facet normal -0.181142 0.338886 -0.923225
    outer loop
      vertex -6.67823 6.48314 4.32288
      vertex -6.80047 6.4178 4.32288
      vertex -6.90444 6.66879 4.43541
    endloop
  endfacet
  facet normal -0.111548 0.367715 -0.923224
    outer loop
      vertex -6.90444 6.66879 4.43541
      vertex -6.80047 6.4178 4.32288
      vertex -6.93312 6.37756 4.32288
    endloop
  endfacet
  facet normal -0.0546073 -0.554719 0.830244
    outer loop
      vertex -6.93312 7.76458 1.67712
      vertex -7.07107 8.02266 1.84048
      vertex -7.07107 7.77816 1.67712
    endloop
  endfacet
  facet normal 0.0546113 -0.554718 0.830244
    outer loop
      vertex -7.07107 7.77816 1.67712
      vertex -7.07107 8.02266 1.84048
      vertex -7.20901 7.76458 1.67712
    endloop
  endfacet
  facet normal -0.205747 -0.678298 0.705393
    outer loop
      vertex -6.70691 7.95022 1.84048
      vertex -6.62734 8.14232 2.04841
      vertex -6.84486 8.2083 2.04841
    endloop
  endfacet
  facet normal -0.205759 -0.6783 0.705388
    outer loop
      vertex -6.70691 7.95022 1.84048
      vertex -6.84486 8.2083 2.04841
      vertex -6.88542 8.00437 1.84048
    endloop
  endfacet
  facet normal -0.714676 -0.586514 0.381102
    outer loop
      vertex -5.97113 7.80602 2.2929
      vertex -5.87757 7.86854 2.56457
      vertex -6.13565 8.00649 2.2929
    endloop
  endfacet
  facet normal -0.815363 -0.435828 0.3811
    outer loop
      vertex -5.84888 7.57731 2.2929
      vertex -5.87757 7.86854 2.56457
      vertex -5.97113 7.80602 2.2929
    endloop
  endfacet
  facet normal -0.392537 -0.734372 0.553725
    outer loop
      vertex -6.42688 8.03517 2.04841
      vertex -6.56482 8.29325 2.2929
      vertex -6.62734 8.14232 2.04841
    endloop
  endfacet
  facet normal -0.392537 -0.734373 0.553726
    outer loop
      vertex -6.42688 8.03517 2.04841
      vertex -6.33611 8.171 2.2929
      vertex -6.56482 8.29325 2.2929
    endloop
  endfacet
  facet normal -0.758299 0.622306 0.194213
    outer loop
      vertex -6.01551 6.01551 2.85297
      vertex -5.87757 6.2736 2.56457
      vertex -6.05608 6.05608 2.56457
    endloop
  endfacet
  facet normal -0.714679 0.586508 0.381107
    outer loop
      vertex -6.05608 6.05608 2.56457
      vertex -5.87757 6.2736 2.56457
      vertex -6.13565 6.13565 2.2929
    endloop
  endfacet
  facet normal -0.367715 0.111557 -0.923223
    outer loop
      vertex -6.64401 6.98612 4.43541
      vertex -6.37756 6.93312 4.32288
      vertex -6.66879 6.90444 4.43541
    endloop
  endfacet
  facet normal -0.382411 0.0376784 -0.923224
    outer loop
      vertex -6.63564 7.07107 4.43541
      vertex -6.37756 6.93312 4.32288
      vertex -6.64401 6.98612 4.43541
    endloop
  endfacet
  facet normal 0.297051 0.243754 -0.923225
    outer loop
      vertex -7.43311 6.82916 4.43541
      vertex -7.37896 6.76317 4.43541
      vertex -7.659 6.67823 4.32288
    endloop
  endfacet
  facet normal -0.533395 -0.161808 -0.830246
    outer loop
      vertex -6.19191 7.43523 4.15952
      vertex -6.37756 7.20901 4.32288
      vertex -6.4178 7.34166 4.32288
    endloop
  endfacet
  facet normal -0.195066 -0.0192482 -0.980601
    outer loop
      vertex -6.63564 7.07107 4.43541
      vertex -6.92404 7.07107 4.49278
      vertex -6.92687 7.09975 4.49278
    endloop
  endfacet
  facet normal -0.262742 -0.491599 -0.830239
    outer loop
      vertex -6.54239 7.86229 4.15952
      vertex -6.67823 7.659 4.32288
      vertex -6.70691 7.95022 4.15952
    endloop
  endfacet
  facet normal -0.353629 -0.430868 -0.830241
    outer loop
      vertex -6.54239 7.86229 4.15952
      vertex -6.39819 7.74394 4.15952
      vertex -6.67823 7.659 4.32288
    endloop
  endfacet
  facet normal 0.111558 -0.367719 -0.923221
    outer loop
      vertex -7.20901 7.76458 4.32288
      vertex -7.15602 7.49813 4.43541
      vertex -7.2377 7.47335 4.43541
    endloop
  endfacet
  facet normal -0.161814 -0.533414 -0.830233
    outer loop
      vertex -6.70691 7.95022 4.15952
      vertex -6.80047 7.72434 4.32288
      vertex -6.93312 7.76458 4.32288
    endloop
  endfacet
  facet normal -0.0816203 -0.828695 -0.553717
    outer loop
      vertex -7.07107 8.39395 3.70709
      vertex -6.84486 8.2083 3.95159
      vertex -7.07107 8.23058 3.95159
    endloop
  endfacet
  facet normal 0.0816203 -0.828695 -0.553717
    outer loop
      vertex -7.07107 8.39395 3.70709
      vertex -7.07107 8.23058 3.95159
      vertex -7.29728 8.2083 3.95159
    endloop
  endfacet
  facet normal -0.586506 -0.714674 -0.381118
    outer loop
      vertex -6.2736 8.26457 3.43543
      vertex -6.13565 8.00649 3.70709
      vertex -6.33611 8.171 3.70709
    endloop
  endfacet
  facet normal -0.528257 -0.643696 -0.553714
    outer loop
      vertex -6.33611 8.171 3.70709
      vertex -6.13565 8.00649 3.70709
      vertex -6.42688 8.03517 3.95159
    endloop
  endfacet
  facet normal -0.367719 -0.111558 -0.923221
    outer loop
      vertex -6.37756 7.20901 4.32288
      vertex -6.64401 7.15602 4.43541
      vertex -6.66879 7.2377 4.43541
    endloop
  endfacet
  facet normal -0.382412 -0.0376785 -0.923223
    outer loop
      vertex -6.37756 7.20901 4.32288
      vertex -6.63564 7.07107 4.43541
      vertex -6.64401 7.15602 4.43541
    endloop
  endfacet
  facet normal -0.554723 0.0546207 -0.83024
    outer loop
      vertex -6.11948 7.07107 4.15952
      vertex -6.13776 6.88542 4.15952
      vertex -6.37756 6.93312 4.32288
    endloop
  endfacet
  facet normal -0.533403 0.161805 -0.830241
    outer loop
      vertex -6.13776 6.88542 4.15952
      vertex -6.19191 6.70691 4.15952
      vertex -6.37756 6.93312 4.32288
    endloop
  endfacet
  facet normal -0.796855 -0.24172 -0.553708
    outer loop
      vertex -5.84888 7.57731 3.70709
      vertex -5.93383 7.29728 3.95159
      vertex -5.99981 7.51479 3.95159
    endloop
  endfacet
  facet normal -0.734375 -0.392556 -0.553709
    outer loop
      vertex -5.84888 7.57731 3.70709
      vertex -5.99981 7.51479 3.95159
      vertex -6.10697 7.71526 3.95159
    endloop
  endfacet
  facet normal 0.172864 0.0924023 0.980602
    outer loop
      vertex -7.43311 6.82916 1.56459
      vertex -7.2069 7.0148 1.50722
      vertex -7.47335 6.90444 1.56459
    endloop
  endfacet
  facet normal 0.151535 0.12433 0.980601
    outer loop
      vertex -7.17503 6.9671 1.50722
      vertex -7.19331 6.98938 1.50722
      vertex -7.37896 6.76317 1.56459
    endloop
  endfacet
  facet normal -0.151535 0.12433 0.980601
    outer loop
      vertex -6.76317 6.76317 1.56459
      vertex -6.94882 6.98938 1.50722
      vertex -6.9671 6.9671 1.50722
    endloop
  endfacet
  facet normal -0.151525 0.124338 0.980602
    outer loop
      vertex -6.76317 6.76317 1.56459
      vertex -6.70902 6.82916 1.56459
      vertex -6.94882 6.98938 1.50722
    endloop
  endfacet
  facet normal -0.382411 0.0376784 0.923224
    outer loop
      vertex -6.37756 6.93312 1.67712
      vertex -6.63564 7.07107 1.56459
      vertex -6.64401 6.98612 1.56459
    endloop
  endfacet
  facet normal -0.367715 0.111557 0.923223
    outer loop
      vertex -6.37756 6.93312 1.67712
      vertex -6.64401 6.98612 1.56459
      vertex -6.66879 6.90444 1.56459
    endloop
  endfacet
  facet normal 0.195066 0.0191735 0.980603
    outer loop
      vertex -7.21527 7.04238 1.50722
      vertex -7.21809 7.07107 1.50722
      vertex -7.50649 7.07107 1.56459
    endloop
  endfacet
  facet normal -0.0569039 -0.187567 0.980602
    outer loop
      vertex -6.90444 7.47335 1.56459
      vertex -6.98612 7.49813 1.56459
      vertex -7.0148 7.2069 1.50722
    endloop
  endfacet
  facet normal -0.35361 0.430882 0.830242
    outer loop
      vertex -6.54239 6.27985 1.84048
      vertex -6.39819 6.39819 1.84048
      vertex -6.67823 6.48314 1.67712
    endloop
  endfacet
  facet normal -0.262764 0.491585 0.830241
    outer loop
      vertex -6.54239 6.27985 1.84048
      vertex -6.67823 6.48314 1.67712
      vertex -6.70691 6.19191 1.84048
    endloop
  endfacet
  facet normal -0.0192415 0.195066 0.980601
    outer loop
      vertex -7.04238 6.92687 1.50722
      vertex -7.07107 6.92404 1.50722
      vertex -7.07107 6.63564 1.56459
    endloop
  endfacet
  facet normal -0.172877 0.0923863 0.980601
    outer loop
      vertex -6.70902 6.82916 1.56459
      vertex -6.66879 6.90444 1.56459
      vertex -6.93523 7.0148 1.50722
    endloop
  endfacet
  facet normal -0.172856 0.0924121 0.980602
    outer loop
      vertex -6.70902 6.82916 1.56459
      vertex -6.93523 7.0148 1.50722
      vertex -6.94882 6.98938 1.50722
    endloop
  endfacet
  facet normal 0.181117 0.338914 0.923219
    outer loop
      vertex -7.2377 6.66879 1.56459
      vertex -7.31298 6.70902 1.56459
      vertex -7.46391 6.48314 1.67712
    endloop
  endfacet
  facet normal 0.243783 0.297042 0.92322
    outer loop
      vertex -7.31298 6.70902 1.56459
      vertex -7.37896 6.76317 1.56459
      vertex -7.46391 6.48314 1.67712
    endloop
  endfacet
  facet normal 0.111558 0.367719 0.923221
    outer loop
      vertex -7.20901 6.37756 1.67712
      vertex -7.15602 6.64401 1.56459
      vertex -7.2377 6.66879 1.56459
    endloop
  endfacet
  facet normal -0.0569057 0.187573 0.980601
    outer loop
      vertex -6.98612 6.64401 1.56459
      vertex -6.90444 6.66879 1.56459
      vertex -7.0148 6.93523 1.50722
    endloop
  endfacet
  facet normal -0.111557 0.367715 0.923223
    outer loop
      vertex -6.93312 6.37756 1.67712
      vertex -6.90444 6.66879 1.56459
      vertex -6.98612 6.64401 1.56459
    endloop
  endfacet
  facet normal 0.172856 0.0924121 0.980602
    outer loop
      vertex -7.19331 6.98938 1.50722
      vertex -7.2069 7.0148 1.50722
      vertex -7.43311 6.82916 1.56459
    endloop
  endfacet
  facet normal 0.151525 0.124338 0.980602
    outer loop
      vertex -7.37896 6.76317 1.56459
      vertex -7.19331 6.98938 1.50722
      vertex -7.43311 6.82916 1.56459
    endloop
  endfacet
  facet normal 0.195066 -0.0191802 0.980602
    outer loop
      vertex -7.21809 7.07107 1.50722
      vertex -7.21527 7.09975 1.50722
      vertex -7.50649 7.07107 1.56459
    endloop
  endfacet
  facet normal 0.338883 -0.181146 0.923225
    outer loop
      vertex -7.47335 7.2377 1.56459
      vertex -7.43311 7.31298 1.56459
      vertex -7.659 7.46391 1.67712
    endloop
  endfacet
  facet normal -0.0569224 -0.187565 0.980601
    outer loop
      vertex -7.0148 7.2069 1.50722
      vertex -6.98612 7.49813 1.56459
      vertex -7.04238 7.21527 1.50722
    endloop
  endfacet
  facet normal -0.12433 0.151535 0.980601
    outer loop
      vertex -6.76317 6.76317 1.56459
      vertex -6.9671 6.9671 1.50722
      vertex -6.98938 6.94882 1.50722
    endloop
  endfacet
  facet normal -0.124338 0.151525 0.980602
    outer loop
      vertex -6.82916 6.70902 1.56459
      vertex -6.76317 6.76317 1.56459
      vertex -6.98938 6.94882 1.50722
    endloop
  endfacet
  facet normal 0.0376343 -0.38242 0.923222
    outer loop
      vertex -7.15602 7.49813 1.56459
      vertex -7.07107 7.50649 1.56459
      vertex -7.20901 7.76458 1.67712
    endloop
  endfacet
  facet normal 0.815354 -0.435823 0.381125
    outer loop
      vertex -8.171 7.80602 2.2929
      vertex -8.26457 7.86854 2.56457
      vertex -8.29325 7.57731 2.2929
    endloop
  endfacet
  facet normal 0.714686 -0.586487 0.381125
    outer loop
      vertex -8.171 7.80602 2.2929
      vertex -8.00649 8.00649 2.2929
      vertex -8.26457 7.86854 2.56457
    endloop
  endfacet
  facet normal -0.622323 -0.758285 -0.194209
    outer loop
      vertex -6.24172 8.31227 3.14703
      vertex -6.01551 8.12662 3.14703
      vertex -6.2736 8.26457 3.43543
    endloop
  endfacet
  facet normal -0.172874 -0.0923848 -0.980602
    outer loop
      vertex -6.70902 7.31298 4.43541
      vertex -6.66879 7.2377 4.43541
      vertex -6.93523 7.12733 4.49278
    endloop
  endfacet
  facet normal 0.151525 0.124338 -0.980602
    outer loop
      vertex -7.19331 6.98938 4.49278
      vertex -7.37896 6.76317 4.43541
      vertex -7.43311 6.82916 4.43541
    endloop
  endfacet
  facet normal 0.172856 0.0924121 -0.980602
    outer loop
      vertex -7.2069 7.0148 4.49278
      vertex -7.19331 6.98938 4.49278
      vertex -7.43311 6.82916 4.43541
    endloop
  endfacet
  facet normal 0.161808 0.533395 -0.830246
    outer loop
      vertex -7.34166 6.4178 4.32288
      vertex -7.20901 6.37756 4.32288
      vertex -7.43523 6.19191 4.15952
    endloop
  endfacet
  facet normal 0.111549 0.367718 -0.923223
    outer loop
      vertex -7.2377 6.66879 4.43541
      vertex -7.20901 6.37756 4.32288
      vertex -7.34166 6.4178 4.32288
    endloop
  endfacet
  facet normal -0.111557 -0.367715 0.923223
    outer loop
      vertex -6.90444 7.47335 1.56459
      vertex -6.93312 7.76458 1.67712
      vertex -6.98612 7.49813 1.56459
    endloop
  endfacet
  facet normal -0.625112 -0.334158 0.705388
    outer loop
      vertex -6.19191 7.43523 1.84048
      vertex -6.10697 7.71526 2.04841
      vertex -6.27985 7.59974 1.84048
    endloop
  endfacet
  facet normal -0.625119 -0.334154 0.705385
    outer loop
      vertex -5.99981 7.51479 2.04841
      vertex -6.10697 7.71526 2.04841
      vertex -6.19191 7.43523 1.84048
    endloop
  endfacet
  facet normal -0.491584 -0.26278 0.830236
    outer loop
      vertex -6.19191 7.43523 1.84048
      vertex -6.27985 7.59974 1.84048
      vertex -6.48314 7.46391 1.67712
    endloop
  endfacet
  facet normal -0.734366 -0.392551 0.553724
    outer loop
      vertex -5.99981 7.51479 2.04841
      vertex -5.84888 7.57731 2.2929
      vertex -6.10697 7.71526 2.04841
    endloop
  endfacet
  facet normal -0.554733 0.0546489 0.830232
    outer loop
      vertex -6.11948 7.07107 1.84048
      vertex -6.36397 7.07107 1.67712
      vertex -6.37756 6.93312 1.67712
    endloop
  endfacet
  facet normal -0.195064 0.0192194 0.980602
    outer loop
      vertex -6.64401 6.98612 1.56459
      vertex -6.63564 7.07107 1.56459
      vertex -6.92687 7.04238 1.50722
    endloop
  endfacet
  facet normal -0.625106 0.334163 0.705392
    outer loop
      vertex -6.10697 6.42688 2.04841
      vertex -5.99981 6.62734 2.04841
      vertex -6.19191 6.70691 1.84048
    endloop
  endfacet
  facet normal -0.678298 0.205747 0.705393
    outer loop
      vertex -5.99981 6.62734 2.04841
      vertex -5.93383 6.84486 2.04841
      vertex -6.19191 6.70691 1.84048
    endloop
  endfacet
  facet normal -0.533399 0.161809 0.830243
    outer loop
      vertex -6.19191 6.70691 1.84048
      vertex -6.37756 6.93312 1.67712
      vertex -6.4178 6.80047 1.67712
    endloop
  endfacet
  facet normal -0.625129 0.334147 0.705379
    outer loop
      vertex -6.10697 6.42688 2.04841
      vertex -6.19191 6.70691 1.84048
      vertex -6.27985 6.54239 1.84048
    endloop
  endfacet
  facet normal -0.491585 0.262764 0.830241
    outer loop
      vertex -6.27985 6.54239 1.84048
      vertex -6.19191 6.70691 1.84048
      vertex -6.48314 6.67823 1.67712
    endloop
  endfacet
  facet normal -0.430864 0.353618 0.830247
    outer loop
      vertex -6.39819 6.39819 1.84048
      vertex -6.48314 6.67823 1.67712
      vertex -6.57108 6.57108 1.67712
    endloop
  endfacet
  facet normal -0.554723 0.0546207 0.83024
    outer loop
      vertex -6.13776 6.88542 1.84048
      vertex -6.11948 7.07107 1.84048
      vertex -6.37756 6.93312 1.67712
    endloop
  endfacet
  facet normal -0.70541 0.0694581 0.705388
    outer loop
      vertex -5.93383 6.84486 2.04841
      vertex -6.11948 7.07107 1.84048
      vertex -6.13776 6.88542 1.84048
    endloop
  endfacet
  facet normal 0.938724 0.284772 -0.194172
    outer loop
      vertex -8.4789 6.79103 3.43543
      vertex -8.45021 6.49981 3.14703
      vertex -8.53516 6.77984 3.14703
    endloop
  endfacet
  facet normal 0.884713 0.268401 -0.381109
    outer loop
      vertex -8.29325 6.56482 3.70709
      vertex -8.39721 6.52176 3.43543
      vertex -8.4789 6.79103 3.43543
    endloop
  endfacet
  facet normal 0.195066 0.0191735 -0.980603
    outer loop
      vertex -7.21809 7.07107 4.49278
      vertex -7.21527 7.04238 4.49278
      vertex -7.50649 7.07107 4.43541
    endloop
  endfacet
  facet normal 0.187565 0.0569224 -0.980601
    outer loop
      vertex -7.21527 7.04238 4.49278
      vertex -7.2069 7.0148 4.49278
      vertex -7.49813 6.98612 4.43541
    endloop
  endfacet
  facet normal -0.0546073 -0.554719 -0.830244
    outer loop
      vertex -7.07107 8.02266 4.15952
      vertex -6.93312 7.76458 4.32288
      vertex -7.07107 7.77816 4.32288
    endloop
  endfacet
  facet normal 0.0546113 -0.554718 -0.830244
    outer loop
      vertex -7.07107 8.02266 4.15952
      vertex -7.07107 7.77816 4.32288
      vertex -7.20901 7.76458 4.32288
    endloop
  endfacet
  facet normal 0.111549 -0.367718 -0.923223
    outer loop
      vertex -7.20901 7.76458 4.32288
      vertex -7.2377 7.47335 4.43541
      vertex -7.34166 7.72434 4.32288
    endloop
  endfacet
  facet normal 0.161812 -0.533409 -0.830236
    outer loop
      vertex -7.20901 7.76458 4.32288
      vertex -7.34166 7.72434 4.32288
      vertex -7.43523 7.95022 4.15952
    endloop
  endfacet
  facet normal -0.491586 -0.262742 -0.830247
    outer loop
      vertex -6.19191 7.43523 4.15952
      vertex -6.4178 7.34166 4.32288
      vertex -6.48314 7.46391 4.32288
    endloop
  endfacet
  facet normal -0.338897 -0.181133 -0.923223
    outer loop
      vertex -6.48314 7.46391 4.32288
      vertex -6.4178 7.34166 4.32288
      vertex -6.66879 7.2377 4.43541
    endloop
  endfacet
  facet normal -0.297041 -0.243787 0.92322
    outer loop
      vertex -6.48314 7.46391 1.67712
      vertex -6.57108 7.57106 1.67712
      vertex -6.76317 7.37896 1.56459
    endloop
  endfacet
  facet normal -0.297042 -0.243783 0.92322
    outer loop
      vertex -6.70902 7.31298 1.56459
      vertex -6.48314 7.46391 1.67712
      vertex -6.76317 7.37896 1.56459
    endloop
  endfacet
  facet normal -0.24376 0.297058 0.923221
    outer loop
      vertex -6.67823 6.48314 1.67712
      vertex -6.76317 6.76317 1.56459
      vertex -6.82916 6.70902 1.56459
    endloop
  endfacet
  facet normal 0.0569218 -0.187563 0.980602
    outer loop
      vertex -7.12733 7.2069 1.50722
      vertex -7.09975 7.21527 1.50722
      vertex -7.15602 7.49813 1.56459
    endloop
  endfacet
  facet normal -0.195066 0.0192415 0.980601
    outer loop
      vertex -6.63564 7.07107 1.56459
      vertex -6.92404 7.07107 1.50722
      vertex -6.92687 7.04238 1.50722
    endloop
  endfacet
  facet normal -0.195066 -0.0192482 0.980601
    outer loop
      vertex -6.92404 7.07107 1.50722
      vertex -6.63564 7.07107 1.56459
      vertex -6.92687 7.09975 1.50722
    endloop
  endfacet
  facet normal 0.0568578 0.187576 0.980603
    outer loop
      vertex -7.09975 6.92687 1.50722
      vertex -7.12733 6.93523 1.50722
      vertex -7.15602 6.64401 1.56459
    endloop
  endfacet
  facet normal 0.0923848 0.172874 0.980602
    outer loop
      vertex -7.2377 6.66879 1.56459
      vertex -7.12733 6.93523 1.50722
      vertex -7.31298 6.70902 1.56459
    endloop
  endfacet
  facet normal -0.181117 0.338914 0.923219
    outer loop
      vertex -6.67823 6.48314 1.67712
      vertex -6.82916 6.70902 1.56459
      vertex -6.90444 6.66879 1.56459
    endloop
  endfacet
  facet normal -0.0923863 0.172877 0.980601
    outer loop
      vertex -6.90444 6.66879 1.56459
      vertex -6.82916 6.70902 1.56459
      vertex -7.0148 6.93523 1.50722
    endloop
  endfacet
  facet normal -0.151535 -0.12433 0.980601
    outer loop
      vertex -6.94882 7.15275 1.50722
      vertex -6.76317 7.37896 1.56459
      vertex -6.9671 7.17503 1.50722
    endloop
  endfacet
  facet normal 0.172853 -0.0924106 0.980603
    outer loop
      vertex -7.2069 7.12733 1.50722
      vertex -7.19331 7.15275 1.50722
      vertex -7.43311 7.31298 1.56459
    endloop
  endfacet
  facet normal 0.12433 0.151535 0.980601
    outer loop
      vertex -7.15275 6.94882 1.50722
      vertex -7.17503 6.9671 1.50722
      vertex -7.37896 6.76317 1.56459
    endloop
  endfacet
  facet normal -0.0924023 -0.172864 0.980602
    outer loop
      vertex -6.82916 7.43311 1.56459
      vertex -6.90444 7.47335 1.56459
      vertex -7.0148 7.2069 1.50722
    endloop
  endfacet
  facet normal 0.0569033 -0.187565 0.980603
    outer loop
      vertex -7.12733 7.2069 1.50722
      vertex -7.15602 7.49813 1.56459
      vertex -7.2377 7.47335 1.56459
    endloop
  endfacet
  facet normal 0.187563 -0.0569218 0.980602
    outer loop
      vertex -7.21527 7.09975 1.50722
      vertex -7.2069 7.12733 1.50722
      vertex -7.49813 7.15602 1.56459
    endloop
  endfacet
  facet normal 0.195068 -0.0191968 0.980602
    outer loop
      vertex -7.21527 7.09975 1.50722
      vertex -7.49813 7.15602 1.56459
      vertex -7.50649 7.07107 1.56459
    endloop
  endfacet
  facet normal 0.151514 -0.124348 0.980603
    outer loop
      vertex -7.19331 7.15275 1.50722
      vertex -7.37896 7.37896 1.56459
      vertex -7.43311 7.31298 1.56459
    endloop
  endfacet
  facet normal 0.151535 -0.12433 0.980601
    outer loop
      vertex -7.19331 7.15275 1.50722
      vertex -7.17503 7.17503 1.50722
      vertex -7.37896 7.37896 1.56459
    endloop
  endfacet
  facet normal -0.643684 -0.528253 0.553733
    outer loop
      vertex -6.10697 7.71526 2.04841
      vertex -6.13565 8.00649 2.2929
      vertex -6.25117 7.89097 2.04841
    endloop
  endfacet
  facet normal -0.643684 -0.528253 0.553733
    outer loop
      vertex -6.10697 7.71526 2.04841
      vertex -5.97113 7.80602 2.2929
      vertex -6.13565 8.00649 2.2929
    endloop
  endfacet
  facet normal -0.297058 0.24376 0.923221
    outer loop
      vertex -6.48314 6.67823 1.67712
      vertex -6.70902 6.82916 1.56459
      vertex -6.76317 6.76317 1.56459
    endloop
  endfacet
  facet normal -0.338914 0.181117 0.923219
    outer loop
      vertex -6.48314 6.67823 1.67712
      vertex -6.66879 6.90444 1.56459
      vertex -6.70902 6.82916 1.56459
    endloop
  endfacet
  facet normal 0.865151 0.462393 -0.194183
    outer loop
      vertex -8.39721 6.52176 3.43543
      vertex -8.31227 6.24172 3.14703
      vertex -8.45021 6.49981 3.14703
    endloop
  endfacet
  facet normal 0.865137 0.46241 -0.194205
    outer loop
      vertex -8.26457 6.2736 3.43543
      vertex -8.31227 6.24172 3.14703
      vertex -8.39721 6.52176 3.43543
    endloop
  endfacet
  facet normal 0.0376481 -0.382414 -0.923224
    outer loop
      vertex -7.07107 7.77816 4.32288
      vertex -7.07107 7.50649 4.43541
      vertex -7.20901 7.76458 4.32288
    endloop
  endfacet
  facet normal -0.0376454 -0.382414 -0.923224
    outer loop
      vertex -7.07107 7.77816 4.32288
      vertex -6.93312 7.76458 4.32288
      vertex -7.07107 7.50649 4.43541
    endloop
  endfacet
  facet normal -0.0191735 -0.195066 0.980603
    outer loop
      vertex -7.04238 7.21527 1.50722
      vertex -7.07107 7.50649 1.56459
      vertex -7.07107 7.21809 1.50722
    endloop
  endfacet
  facet normal 0.0191802 -0.195066 0.980602
    outer loop
      vertex -7.07107 7.21809 1.50722
      vertex -7.07107 7.50649 1.56459
      vertex -7.09975 7.21527 1.50722
    endloop
  endfacet
  facet normal 0.367718 -0.111549 0.923223
    outer loop
      vertex -7.47335 7.2377 1.56459
      vertex -7.72434 7.34166 1.67712
      vertex -7.76458 7.20901 1.67712
    endloop
  endfacet
  facet normal 0.338897 -0.181133 0.923223
    outer loop
      vertex -7.47335 7.2377 1.56459
      vertex -7.659 7.46391 1.67712
      vertex -7.72434 7.34166 1.67712
    endloop
  endfacet
  facet normal 0 0 1
    outer loop
      vertex -6.92687 7.09975 1.50722
      vertex -6.92687 7.04238 1.50722
      vertex -6.92404 7.07107 1.50722
    endloop
  endfacet
  facet normal 0 0 1
    outer loop
      vertex -6.93523 7.12733 1.50722
      vertex -6.92687 7.04238 1.50722
      vertex -6.92687 7.09975 1.50722
    endloop
  endfacet
  facet normal 0 0 1
    outer loop
      vertex -6.93523 7.12733 1.50722
      vertex -6.93523 7.0148 1.50722
      vertex -6.92687 7.04238 1.50722
    endloop
  endfacet
  facet normal 0 0 1
    outer loop
      vertex -6.94882 7.15275 1.50722
      vertex -6.93523 7.0148 1.50722
      vertex -6.93523 7.12733 1.50722
    endloop
  endfacet
  facet normal 0 0 1
    outer loop
      vertex -6.94882 7.15275 1.50722
      vertex -6.94882 6.98938 1.50722
      vertex -6.93523 7.0148 1.50722
    endloop
  endfacet
  facet normal 0 0 1
    outer loop
      vertex -6.9671 7.17503 1.50722
      vertex -6.94882 6.98938 1.50722
      vertex -6.94882 7.15275 1.50722
    endloop
  endfacet
  facet normal 0 0 1
    outer loop
      vertex -6.9671 7.17503 1.50722
      vertex -6.9671 6.9671 1.50722
      vertex -6.94882 6.98938 1.50722
    endloop
  endfacet
  facet normal 0 0 1
    outer loop
      vertex -6.98938 7.19331 1.50722
      vertex -6.9671 6.9671 1.50722
      vertex -6.9671 7.17503 1.50722
    endloop
  endfacet
  facet normal 0 0 1
    outer loop
      vertex -6.98938 7.19331 1.50722
      vertex -6.98938 6.94882 1.50722
      vertex -6.9671 6.9671 1.50722
    endloop
  endfacet
  facet normal 0 0 1
    outer loop
      vertex -7.0148 7.2069 1.50722
      vertex -6.98938 6.94882 1.50722
      vertex -6.98938 7.19331 1.50722
    endloop
  endfacet
  facet normal 0 0 1
    outer loop
      vertex -7.0148 7.2069 1.50722
      vertex -7.0148 6.93523 1.50722
      vertex -6.98938 6.94882 1.50722
    endloop
  endfacet
  facet normal 0 0 1
    outer loop
      vertex -7.04238 7.21527 1.50722
      vertex -7.0148 6.93523 1.50722
      vertex -7.0148 7.2069 1.50722
    endloop
  endfacet
  facet normal 0 0 1
    outer loop
      vertex -7.04238 7.21527 1.50722
      vertex -7.04238 6.92687 1.50722
      vertex -7.0148 6.93523 1.50722
    endloop
  endfacet
  facet normal 0 0 1
    outer loop
      vertex -7.07107 7.21809 1.50722
      vertex -7.04238 6.92687 1.50722
      vertex -7.04238 7.21527 1.50722
    endloop
  endfacet
  facet normal 0 0 1
    outer loop
      vertex -7.07107 7.21809 1.50722
      vertex -7.07107 6.92404 1.50722
      vertex -7.04238 6.92687 1.50722
    endloop
  endfacet
  facet normal -0 0 1
    outer loop
      vertex -7.09975 7.21527 1.50722
      vertex -7.07107 6.92404 1.50722
      vertex -7.07107 7.21809 1.50722
    endloop
  endfacet
  facet normal 0 0 1
    outer loop
      vertex -7.09975 7.21527 1.50722
      vertex -7.09975 6.92687 1.50722
      vertex -7.07107 6.92404 1.50722
    endloop
  endfacet
  facet normal -0 0 1
    outer loop
      vertex -7.12733 7.2069 1.50722
      vertex -7.09975 6.92687 1.50722
      vertex -7.09975 7.21527 1.50722
    endloop
  endfacet
  facet normal 0 0 1
    outer loop
      vertex -7.12733 7.2069 1.50722
      vertex -7.12733 6.93523 1.50722
      vertex -7.09975 6.92687 1.50722
    endloop
  endfacet
  facet normal -0 0 1
    outer loop
      vertex -7.15275 7.19331 1.50722
      vertex -7.12733 6.93523 1.50722
      vertex -7.12733 7.2069 1.50722
    endloop
  endfacet
  facet normal 0 0 1
    outer loop
      vertex -7.15275 7.19331 1.50722
      vertex -7.15275 6.94882 1.50722
      vertex -7.12733 6.93523 1.50722
    endloop
  endfacet
  facet normal -0 0 1
    outer loop
      vertex -7.17503 7.17503 1.50722
      vertex -7.15275 6.94882 1.50722
      vertex -7.15275 7.19331 1.50722
    endloop
  endfacet
  facet normal 0 0 1
    outer loop
      vertex -7.17503 7.17503 1.50722
      vertex -7.17503 6.9671 1.50722
      vertex -7.15275 6.94882 1.50722
    endloop
  endfacet
  facet normal -0 0 1
    outer loop
      vertex -7.19331 7.15275 1.50722
      vertex -7.17503 6.9671 1.50722
      vertex -7.17503 7.17503 1.50722
    endloop
  endfacet
  facet normal 0 0 1
    outer loop
      vertex -7.19331 7.15275 1.50722
      vertex -7.19331 6.98938 1.50722
      vertex -7.17503 6.9671 1.50722
    endloop
  endfacet
  facet normal -0 0 1
    outer loop
      vertex -7.2069 7.12733 1.50722
      vertex -7.19331 6.98938 1.50722
      vertex -7.19331 7.15275 1.50722
    endloop
  endfacet
  facet normal 0 0 1
    outer loop
      vertex -7.2069 7.12733 1.50722
      vertex -7.2069 7.0148 1.50722
      vertex -7.19331 6.98938 1.50722
    endloop
  endfacet
  facet normal -0 0 1
    outer loop
      vertex -7.21527 7.09975 1.50722
      vertex -7.2069 7.0148 1.50722
      vertex -7.2069 7.12733 1.50722
    endloop
  endfacet
  facet normal 0 0 1
    outer loop
      vertex -7.21527 7.09975 1.50722
      vertex -7.21527 7.04238 1.50722
      vertex -7.2069 7.0148 1.50722
    endloop
  endfacet
  facet normal 0 -0 1
    outer loop
      vertex -7.21527 7.04238 1.50722
      vertex -7.21527 7.09975 1.50722
      vertex -7.21809 7.07107 1.50722
    endloop
  endfacet
  facet normal -0.796845 -0.241717 0.553724
    outer loop
      vertex -5.93383 7.29728 2.04841
      vertex -5.84888 7.57731 2.2929
      vertex -5.99981 7.51479 2.04841
    endloop
  endfacet
  facet normal -0.6783 -0.205757 0.705389
    outer loop
      vertex -5.93383 7.29728 2.04841
      vertex -5.99981 7.51479 2.04841
      vertex -6.19191 7.43523 1.84048
    endloop
  endfacet
  facet normal -0.547929 -0.449669 0.705388
    outer loop
      vertex -6.10697 7.71526 2.04841
      vertex -6.25117 7.89097 2.04841
      vertex -6.39819 7.74394 1.84048
    endloop
  endfacet
  facet normal -0.449667 -0.547927 0.70539
    outer loop
      vertex -6.39819 7.74394 1.84048
      vertex -6.25117 7.89097 2.04841
      vertex -6.42688 8.03517 2.04841
    endloop
  endfacet
  facet normal -0.0191735 -0.195066 -0.980603
    outer loop
      vertex -7.07107 7.50649 4.43541
      vertex -7.04238 7.21527 4.49278
      vertex -7.07107 7.21809 4.49278
    endloop
  endfacet
  facet normal -0.0191969 -0.195069 -0.980602
    outer loop
      vertex -6.98612 7.49813 4.43541
      vertex -7.04238 7.21527 4.49278
      vertex -7.07107 7.50649 4.43541
    endloop
  endfacet
  facet normal 0.181146 0.338883 -0.923225
    outer loop
      vertex -7.31298 -7.43311 4.43541
      vertex -7.2377 -7.47335 4.43541
      vertex -7.46391 -7.659 4.32288
    endloop
  endfacet
  facet normal -0.462419 -0.865137 -0.194183
    outer loop
      vertex -6.49981 -5.69192 3.14703
      vertex -6.24172 -5.82987 3.14703
      vertex -6.52176 -5.74492 3.43543
    endloop
  endfacet
  facet normal 0.643684 0.528253 0.553733
    outer loop
      vertex -8.00649 -8.00649 2.2929
      vertex -7.89097 -7.89097 2.04841
      vertex -8.03517 -7.71526 2.04841
    endloop
  endfacet
  facet normal 0.0569052 -0.187571 -0.980601
    outer loop
      vertex -7.15602 -6.64401 4.43541
      vertex -7.12733 -6.93523 4.49278
      vertex -7.2377 -6.66879 4.43541
    endloop
  endfacet
  facet normal -0.547929 0.449669 -0.705388
    outer loop
      vertex -6.10697 -7.71526 3.95159
      vertex -6.25117 -7.89097 3.95159
      vertex -6.39819 -7.74394 4.15952
    endloop
  endfacet
  facet normal 0.334129 0.625131 0.705386
    outer loop
      vertex -7.51479 -8.14232 2.04841
      vertex -7.43523 -7.95022 1.84048
      vertex -7.71526 -8.03517 2.04841
    endloop
  endfacet
  facet normal 0.392538 -0.734376 -0.55372
    outer loop
      vertex -7.57731 -5.84888 3.70709
      vertex -7.71526 -6.10697 3.95159
      vertex -7.80602 -5.97113 3.70709
    endloop
  endfacet
  facet normal 0.284784 0.938715 -0.194195
    outer loop
      vertex -7.62037 -8.39721 3.43543
      vertex -7.3511 -8.4789 3.43543
      vertex -7.64233 -8.45021 3.14703
    endloop
  endfacet
  facet normal -0.09059 -0.920089 0.381089
    outer loop
      vertex -6.81299 -5.7736 2.2929
      vertex -6.79103 -5.66324 2.56457
      vertex -7.07107 -5.74819 2.2929
    endloop
  endfacet
  facet normal 0.0816227 0.828686 0.553731
    outer loop
      vertex -7.07107 -8.39395 2.2929
      vertex -7.29728 -8.2083 2.04841
      vertex -7.32915 -8.36853 2.2929
    endloop
  endfacet
  facet normal 0.44969 0.547912 -0.705387
    outer loop
      vertex -7.59974 -7.86229 4.15952
      vertex -7.71526 -8.03517 3.95159
      vertex -7.74394 -7.74394 4.15952
    endloop
  endfacet
  facet normal 0.920078 -0.0906147 0.381111
    outer loop
      vertex -8.39395 -7.07107 2.2929
      vertex -8.4789 -6.79103 2.56457
      vertex -8.50648 -7.07107 2.56457
    endloop
  endfacet
  facet normal -0.12433 -0.151535 -0.980601
    outer loop
      vertex -6.76317 -6.76317 4.43541
      vertex -6.9671 -6.9671 4.49278
      vertex -6.98938 -6.94882 4.49278
    endloop
  endfacet
  facet normal 0.195069 -0.0191969 0.980602
    outer loop
      vertex -7.21527 -7.04238 1.50722
      vertex -7.49813 -6.98612 1.56459
      vertex -7.50649 -7.07107 1.56459
    endloop
  endfacet
  facet normal -0.533405 0.161796 0.830241
    outer loop
      vertex -6.19191 -7.43523 1.84048
      vertex -6.13776 -7.25671 1.84048
      vertex -6.37756 -7.20901 1.67712
    endloop
  endfacet
  facet normal -0.24171 0.796859 -0.553708
    outer loop
      vertex -6.62734 -8.14232 3.95159
      vertex -6.56482 -8.29325 3.70709
      vertex -6.84486 -8.2083 3.95159
    endloop
  endfacet
  facet normal -0.0816237 0.828696 -0.553715
    outer loop
      vertex -6.84486 -8.2083 3.95159
      vertex -6.81299 -8.36853 3.70709
      vertex -7.07107 -8.39395 3.70709
    endloop
  endfacet
  facet normal 0.462405 0.865141 0.194199
    outer loop
      vertex -7.64233 -8.45021 2.85297
      vertex -7.62037 -8.39721 2.56457
      vertex -7.90041 -8.31227 2.85297
    endloop
  endfacet
  facet normal 0.243781 0.297033 0.923224
    outer loop
      vertex -7.46391 -7.659 1.67712
      vertex -7.37896 -7.37896 1.56459
      vertex -7.57106 -7.57106 1.67712
    endloop
  endfacet
  facet normal -0.79684 0.241723 0.55373
    outer loop
      vertex -5.84888 -7.57731 2.2929
      vertex -5.7736 -7.32915 2.2929
      vertex -5.93383 -7.29728 2.04841
    endloop
  endfacet
  facet normal 0.0546113 0.554718 -0.830244
    outer loop
      vertex -7.07107 -7.77816 4.32288
      vertex -7.07107 -8.02266 4.15952
      vertex -7.20901 -7.76458 4.32288
    endloop
  endfacet
  facet normal -0.181117 -0.338914 -0.923219
    outer loop
      vertex -6.67823 -6.48314 4.32288
      vertex -6.82916 -6.70902 4.43541
      vertex -6.90444 -6.66879 4.43541
    endloop
  endfacet
  facet normal 0.976246 -0.0961465 -0.194166
    outer loop
      vertex -8.4789 -6.79103 3.43543
      vertex -8.50648 -7.07107 3.43543
      vertex -8.56384 -7.07107 3.14703
    endloop
  endfacet
  facet normal -0.758302 -0.622303 -0.194209
    outer loop
      vertex -5.82987 -6.24172 3.14703
      vertex -5.87757 -6.2736 3.43543
      vertex -6.01551 -6.01551 3.14703
    endloop
  endfacet
  facet normal 0.678298 0.205746 0.705394
    outer loop
      vertex -7.95022 -7.43523 1.84048
      vertex -8.00437 -7.25671 1.84048
      vertex -8.2083 -7.29728 2.04841
    endloop
  endfacet
  facet normal 0.449661 0.547919 -0.705401
    outer loop
      vertex -7.74394 -7.74394 4.15952
      vertex -7.71526 -8.03517 3.95159
      vertex -7.89097 -7.89097 3.95159
    endloop
  endfacet
  facet normal 0.462424 -0.865132 -0.19419
    outer loop
      vertex -7.62037 -5.74492 3.43543
      vertex -7.86854 -5.87757 3.43543
      vertex -7.90041 -5.82987 3.14703
    endloop
  endfacet
  facet normal 0.0924009 0.172861 -0.980602
    outer loop
      vertex -7.12733 -7.2069 4.49278
      vertex -7.2377 -7.47335 4.43541
      vertex -7.31298 -7.43311 4.43541
    endloop
  endfacet
  facet normal -0.547929 0.449667 -0.705389
    outer loop
      vertex -6.27985 -7.59974 4.15952
      vertex -6.10697 -7.71526 3.95159
      vertex -6.39819 -7.74394 4.15952
    endloop
  endfacet
  facet normal -0.449697 0.54792 -0.705377
    outer loop
      vertex -6.39819 -7.74394 4.15952
      vertex -6.42688 -8.03517 3.95159
      vertex -6.54239 -7.86229 4.15952
    endloop
  endfacet
  facet normal -0.284752 -0.938727 -0.194185
    outer loop
      vertex -6.49981 -5.69192 3.14703
      vertex -6.52176 -5.74492 3.43543
      vertex -6.79103 -5.66324 3.43543
    endloop
  endfacet
  facet normal -0.865132 0.462424 -0.19419
    outer loop
      vertex -5.74492 -7.62037 3.43543
      vertex -5.82987 -7.90041 3.14703
      vertex -5.87757 -7.86854 3.43543
    endloop
  endfacet
  facet normal -0.0961395 0.976245 -0.194172
    outer loop
      vertex -6.79103 -8.4789 3.43543
      vertex -6.77984 -8.53516 3.14703
      vertex -7.07107 -8.56384 3.14703
    endloop
  endfacet
  facet normal 0.81535 0.43582 -0.381137
    outer loop
      vertex -8.171 -7.80602 3.70709
      vertex -8.26457 -7.86854 3.43543
      vertex -8.29325 -7.57731 3.70709
    endloop
  endfacet
  facet normal 0.462405 0.865141 -0.194199
    outer loop
      vertex -7.62037 -8.39721 3.43543
      vertex -7.64233 -8.45021 3.14703
      vertex -7.90041 -8.31227 3.14703
    endloop
  endfacet
  facet normal -0.28477 -0.938718 0.194203
    outer loop
      vertex -6.49981 -5.69192 2.85297
      vertex -6.77984 -5.60697 2.85297
      vertex -6.79103 -5.66324 2.56457
    endloop
  endfacet
  facet normal 0.643696 -0.528257 -0.553714
    outer loop
      vertex -8.00649 -6.13565 3.70709
      vertex -8.03517 -6.42688 3.95159
      vertex -8.171 -6.33611 3.70709
    endloop
  endfacet
  facet normal -0.124338 -0.151525 -0.980602
    outer loop
      vertex -6.82916 -6.70902 4.43541
      vertex -6.76317 -6.76317 4.43541
      vertex -6.98938 -6.94882 4.49278
    endloop
  endfacet
  facet normal -0.714675 -0.586505 -0.381119
    outer loop
      vertex -6.05608 -6.05608 3.43543
      vertex -5.87757 -6.2736 3.43543
      vertex -6.13565 -6.13565 3.70709
    endloop
  endfacet
  facet normal -0.181142 -0.338886 0.923225
    outer loop
      vertex -6.67823 -6.48314 1.67712
      vertex -6.80047 -6.4178 1.67712
      vertex -6.90444 -6.66879 1.56459
    endloop
  endfacet
  facet normal 0.705415 0.0694781 0.705381
    outer loop
      vertex -8.2083 -7.29728 2.04841
      vertex -8.02266 -7.07107 1.84048
      vertex -8.23058 -7.07107 2.04841
    endloop
  endfacet
  facet normal 0.625117 -0.334138 -0.705393
    outer loop
      vertex -8.03517 -6.42688 3.95159
      vertex -7.95022 -6.70691 4.15952
      vertex -8.14232 -6.62734 3.95159
    endloop
  endfacet
  facet normal -0.0569224 0.187565 -0.980601
    outer loop
      vertex -7.0148 -7.2069 4.49278
      vertex -6.98612 -7.49813 4.43541
      vertex -7.04238 -7.21527 4.49278
    endloop
  endfacet
  facet normal -0.35361 -0.430882 -0.830242
    outer loop
      vertex -6.54239 -6.27985 4.15952
      vertex -6.39819 -6.39819 4.15952
      vertex -6.67823 -6.48314 4.32288
    endloop
  endfacet
  facet normal -0.353618 -0.430864 -0.830247
    outer loop
      vertex -6.39819 -6.39819 4.15952
      vertex -6.57108 -6.57108 4.32288
      vertex -6.67823 -6.48314 4.32288
    endloop
  endfacet
  facet normal 0.151525 -0.124338 -0.980602
    outer loop
      vertex -7.37896 -6.76317 4.43541
      vertex -7.19331 -6.98938 4.49278
      vertex -7.43311 -6.82916 4.43541
    endloop
  endfacet
  facet normal 0.284752 -0.938725 0.194194
    outer loop
      vertex -7.62037 -5.74492 2.56457
      vertex -7.3511 -5.66324 2.56457
      vertex -7.64233 -5.69192 2.85297
    endloop
  endfacet
  facet normal 0.392534 -0.734367 0.553735
    outer loop
      vertex -7.71526 -6.10697 2.04841
      vertex -7.57731 -5.84888 2.2929
      vertex -7.80602 -5.97113 2.2929
    endloop
  endfacet
  facet normal 0.53342 0.161801 0.830231
    outer loop
      vertex -7.95022 -7.43523 1.84048
      vertex -7.76458 -7.20901 1.67712
      vertex -8.00437 -7.25671 1.84048
    endloop
  endfacet
  facet normal -0.284772 0.938724 -0.194172
    outer loop
      vertex -6.49981 -8.45021 3.14703
      vertex -6.77984 -8.53516 3.14703
      vertex -6.79103 -8.4789 3.43543
    endloop
  endfacet
  facet normal -0.865127 0.462431 -0.194198
    outer loop
      vertex -5.74492 -7.62037 3.43543
      vertex -5.69192 -7.64233 3.14703
      vertex -5.82987 -7.90041 3.14703
    endloop
  endfacet
  facet normal -0.734375 0.392556 -0.553709
    outer loop
      vertex -5.99981 -7.51479 3.95159
      vertex -5.84888 -7.57731 3.70709
      vertex -6.10697 -7.71526 3.95159
    endloop
  endfacet
  facet normal -0.976239 -0.0961389 -0.194205
    outer loop
      vertex -5.60697 -6.77984 3.14703
      vertex -5.57829 -7.07107 3.14703
      vertex -5.66324 -6.79103 3.43543
    endloop
  endfacet
  facet normal -0.622309 0.758303 -0.194188
    outer loop
      vertex -6.05608 -8.08606 3.43543
      vertex -6.01551 -8.12662 3.14703
      vertex -6.2736 -8.26457 3.43543
    endloop
  endfacet
  facet normal -0.26277 0.491597 -0.830232
    outer loop
      vertex -6.67823 -7.659 4.32288
      vertex -6.70691 -7.95022 4.15952
      vertex -6.80047 -7.72434 4.32288
    endloop
  endfacet
  facet normal -0.449667 0.547927 0.70539
    outer loop
      vertex -6.25117 -7.89097 2.04841
      vertex -6.39819 -7.74394 1.84048
      vertex -6.42688 -8.03517 2.04841
    endloop
  endfacet
  facet normal -0.865122 -0.462437 -0.194205
    outer loop
      vertex -5.82987 -6.24172 3.14703
      vertex -5.74492 -6.52176 3.43543
      vertex -5.87757 -6.2736 3.43543
    endloop
  endfacet
  facet normal 0.241723 -0.79684 0.55373
    outer loop
      vertex -7.29728 -5.93383 2.04841
      vertex -7.32915 -5.7736 2.2929
      vertex -7.57731 -5.84888 2.2929
    endloop
  endfacet
  facet normal -0.815363 0.435828 0.3811
    outer loop
      vertex -5.87757 -7.86854 2.56457
      vertex -5.84888 -7.57731 2.2929
      vertex -5.97113 -7.80602 2.2929
    endloop
  endfacet
  facet normal -0.643684 0.528253 0.553733
    outer loop
      vertex -6.13565 -8.00649 2.2929
      vertex -6.10697 -7.71526 2.04841
      vertex -6.25117 -7.89097 2.04841
    endloop
  endfacet
  facet normal -0.462393 0.865151 0.194183
    outer loop
      vertex -6.49981 -8.45021 2.85297
      vertex -6.24172 -8.31227 2.85297
      vertex -6.52176 -8.39721 2.56457
    endloop
  endfacet
  facet normal -0.241707 0.796849 0.553724
    outer loop
      vertex -6.56482 -8.29325 2.2929
      vertex -6.62734 -8.14232 2.04841
      vertex -6.84486 -8.2083 2.04841
    endloop
  endfacet
  facet normal -0.268402 0.884718 0.381097
    outer loop
      vertex -6.52176 -8.39721 2.56457
      vertex -6.56482 -8.29325 2.2929
      vertex -6.79103 -8.4789 2.56457
    endloop
  endfacet
  facet normal -0.0906143 0.920073 -0.381123
    outer loop
      vertex -7.07107 -8.39395 3.70709
      vertex -6.79103 -8.4789 3.43543
      vertex -7.07107 -8.50648 3.43543
    endloop
  endfacet
  facet normal -0.0546517 0.554734 -0.830231
    outer loop
      vertex -6.93312 -7.76458 4.32288
      vertex -6.88542 -8.00437 4.15952
      vertex -7.07107 -8.02266 4.15952
    endloop
  endfacet
  facet normal 0.12433 -0.151535 -0.980601
    outer loop
      vertex -7.15275 -6.94882 4.49278
      vertex -7.17503 -6.9671 4.49278
      vertex -7.37896 -6.76317 4.43541
    endloop
  endfacet
  facet normal -0.338914 -0.181117 -0.923219
    outer loop
      vertex -6.48314 -6.67823 4.32288
      vertex -6.66879 -6.90444 4.43541
      vertex -6.70902 -6.82916 4.43541
    endloop
  endfacet
  facet normal -0.430864 -0.353618 -0.830247
    outer loop
      vertex -6.39819 -6.39819 4.15952
      vertex -6.48314 -6.67823 4.32288
      vertex -6.57108 -6.57108 4.32288
    endloop
  endfacet
  facet normal -0.367718 0.111549 0.923223
    outer loop
      vertex -6.4178 -7.34166 1.67712
      vertex -6.37756 -7.20901 1.67712
      vertex -6.66879 -7.2377 1.56459
    endloop
  endfacet
  facet normal -0.0816208 -0.8287 0.55371
    outer loop
      vertex -6.84486 -5.93383 2.04841
      vertex -7.07107 -5.74819 2.2929
      vertex -7.07107 -5.91155 2.04841
    endloop
  endfacet
  facet normal 0.6783 -0.205759 0.705388
    outer loop
      vertex -8.00437 -6.88542 1.84048
      vertex -7.95022 -6.70691 1.84048
      vertex -8.2083 -6.84486 2.04841
    endloop
  endfacet
  facet normal -0.28477 -0.938718 -0.194203
    outer loop
      vertex -6.77984 -5.60697 3.14703
      vertex -6.49981 -5.69192 3.14703
      vertex -6.79103 -5.66324 3.43543
    endloop
  endfacet
  facet normal 0.241726 -0.79685 -0.553714
    outer loop
      vertex -7.32915 -5.7736 3.70709
      vertex -7.29728 -5.93383 3.95159
      vertex -7.57731 -5.84888 3.70709
    endloop
  endfacet
  facet normal 0.586511 -0.714672 -0.381114
    outer loop
      vertex -7.86854 -5.87757 3.43543
      vertex -7.80602 -5.97113 3.70709
      vertex -8.00649 -6.13565 3.70709
    endloop
  endfacet
  facet normal -0.161805 -0.533403 -0.830241
    outer loop
      vertex -6.88542 -6.13776 4.15952
      vertex -6.70691 -6.19191 4.15952
      vertex -6.93312 -6.37756 4.32288
    endloop
  endfacet
  facet normal 0.0816218 -0.82871 -0.553694
    outer loop
      vertex -7.07107 -5.74819 3.70709
      vertex -7.07107 -5.91155 3.95159
      vertex -7.29728 -5.93383 3.95159
    endloop
  endfacet
  facet normal -0.0961389 -0.976239 0.194205
    outer loop
      vertex -6.79103 -5.66324 2.56457
      vertex -6.77984 -5.60697 2.85297
      vertex -7.07107 -5.57829 2.85297
    endloop
  endfacet
  facet normal 0.243787 -0.297041 -0.92322
    outer loop
      vertex -7.46391 -6.48314 4.32288
      vertex -7.37896 -6.76317 4.43541
      vertex -7.57106 -6.57108 4.32288
    endloop
  endfacet
  facet normal -0.0694765 -0.705398 -0.705398
    outer loop
      vertex -7.07107 -5.91155 3.95159
      vertex -6.84486 -5.93383 3.95159
      vertex -7.07107 -6.11948 4.15952
    endloop
  endfacet
  facet normal 0.241723 0.79684 0.55373
    outer loop
      vertex -7.32915 -8.36853 2.2929
      vertex -7.29728 -8.2083 2.04841
      vertex -7.57731 -8.29325 2.2929
    endloop
  endfacet
  facet normal -0.161809 0.533418 0.830231
    outer loop
      vertex -6.88542 -8.00437 1.84048
      vertex -6.70691 -7.95022 1.84048
      vertex -6.93312 -7.76458 1.67712
    endloop
  endfacet
  facet normal 0.865147 0.462397 0.194189
    outer loop
      vertex -8.31227 -7.90041 2.85297
      vertex -8.26457 -7.86854 2.56457
      vertex -8.39721 -7.62037 2.56457
    endloop
  endfacet
  facet normal 0.884717 0.268381 0.381114
    outer loop
      vertex -8.29325 -7.57731 2.2929
      vertex -8.36853 -7.32915 2.2929
      vertex -8.4789 -7.3511 2.56457
    endloop
  endfacet
  facet normal 0.865151 -0.462393 0.194183
    outer loop
      vertex -8.39721 -6.52176 2.56457
      vertex -8.31227 -6.24172 2.85297
      vertex -8.45021 -6.49981 2.85297
    endloop
  endfacet
  facet normal 0.884712 0.26838 -0.381126
    outer loop
      vertex -8.36853 -7.32915 3.70709
      vertex -8.29325 -7.57731 3.70709
      vertex -8.4789 -7.3511 3.43543
    endloop
  endfacet
  facet normal 0.976245 0.0961428 0.194173
    outer loop
      vertex -8.53516 -7.36229 2.85297
      vertex -8.4789 -7.3511 2.56457
      vertex -8.56384 -7.07107 2.85297
    endloop
  endfacet
  facet normal 0.815369 -0.43581 -0.381108
    outer loop
      vertex -8.26457 -6.2736 3.43543
      vertex -8.29325 -6.56482 3.70709
      vertex -8.39721 -6.52176 3.43543
    endloop
  endfacet
  facet normal 0.334154 -0.625119 -0.705385
    outer loop
      vertex -7.51479 -5.99981 3.95159
      vertex -7.43523 -6.19191 4.15952
      vertex -7.71526 -6.10697 3.95159
    endloop
  endfacet
  facet normal 0.353632 0.430881 -0.830232
    outer loop
      vertex -7.57106 -7.57106 4.32288
      vertex -7.46391 -7.659 4.32288
      vertex -7.74394 -7.74394 4.15952
    endloop
  endfacet
  facet normal 0.161812 0.533409 -0.830236
    outer loop
      vertex -7.34166 -7.72434 4.32288
      vertex -7.20901 -7.76458 4.32288
      vertex -7.43523 -7.95022 4.15952
    endloop
  endfacet
  facet normal 0.586508 0.714679 0.381107
    outer loop
      vertex -7.86854 -8.26457 2.56457
      vertex -8.00649 -8.00649 2.2929
      vertex -8.08606 -8.08606 2.56457
    endloop
  endfacet
  facet normal 0.0816203 0.828695 -0.553717
    outer loop
      vertex -7.07107 -8.23058 3.95159
      vertex -7.07107 -8.39395 3.70709
      vertex -7.29728 -8.2083 3.95159
    endloop
  endfacet
  facet normal -0.334118 0.625146 -0.705378
    outer loop
      vertex -6.54239 -7.86229 4.15952
      vertex -6.42688 -8.03517 3.95159
      vertex -6.70691 -7.95022 4.15952
    endloop
  endfacet
  facet normal -0.884723 -0.268372 -0.381107
    outer loop
      vertex -5.66324 -6.79103 3.43543
      vertex -5.7736 -6.81299 3.70709
      vertex -5.84888 -6.56482 3.70709
    endloop
  endfacet
  facet normal -0.622303 -0.758302 -0.194209
    outer loop
      vertex -6.24172 -5.82987 3.14703
      vertex -6.01551 -6.01551 3.14703
      vertex -6.2736 -5.87757 3.43543
    endloop
  endfacet
  facet normal -0.865137 -0.462419 -0.194183
    outer loop
      vertex -5.69192 -6.49981 3.14703
      vertex -5.74492 -6.52176 3.43543
      vertex -5.82987 -6.24172 3.14703
    endloop
  endfacet
  facet normal -0.435828 -0.815364 -0.381098
    outer loop
      vertex -6.2736 -5.87757 3.43543
      vertex -6.33611 -5.97113 3.70709
      vertex -6.56482 -5.84888 3.70709
    endloop
  endfacet
  facet normal -0.815363 0.435822 -0.381107
    outer loop
      vertex -5.84888 -7.57731 3.70709
      vertex -5.74492 -7.62037 3.43543
      vertex -5.87757 -7.86854 3.43543
    endloop
  endfacet
  facet normal -0.920073 0.0906175 -0.381123
    outer loop
      vertex -5.63566 -7.07107 3.43543
      vertex -5.66324 -7.3511 3.43543
      vertex -5.74819 -7.07107 3.70709
    endloop
  endfacet
  facet normal -0.297041 0.243787 0.92322
    outer loop
      vertex -6.57108 -7.57106 1.67712
      vertex -6.48314 -7.46391 1.67712
      vertex -6.76317 -7.37896 1.56459
    endloop
  endfacet
  facet normal 0.533409 0.161812 0.830236
    outer loop
      vertex -7.72434 -7.34166 1.67712
      vertex -7.76458 -7.20901 1.67712
      vertex -7.95022 -7.43523 1.84048
    endloop
  endfacet
  facet normal -0.643692 0.528259 -0.553717
    outer loop
      vertex -6.10697 -7.71526 3.95159
      vertex -6.13565 -8.00649 3.70709
      vertex -6.25117 -7.89097 3.95159
    endloop
  endfacet
  facet normal -0.547937 -0.449676 -0.705377
    outer loop
      vertex -6.25117 -6.25117 3.95159
      vertex -6.10697 -6.42688 3.95159
      vertex -6.39819 -6.39819 4.15952
    endloop
  endfacet
  facet normal -0.884723 0.268383 -0.381098
    outer loop
      vertex -5.7736 -7.32915 3.70709
      vertex -5.66324 -7.3511 3.43543
      vertex -5.84888 -7.57731 3.70709
    endloop
  endfacet
  facet normal -0.8287 0.0816208 0.55371
    outer loop
      vertex -5.74819 -7.07107 2.2929
      vertex -5.91155 -7.07107 2.04841
      vertex -5.93383 -7.29728 2.04841
    endloop
  endfacet
  facet normal -0.995186 -0.0980048 0
    outer loop
      vertex -5.57829 -7.07107 2.85297
      vertex -5.60697 -6.77984 3.14703
      vertex -5.60697 -6.77984 2.85297
    endloop
  endfacet
  facet normal -0.995186 -0.0980048 0
    outer loop
      vertex -5.60697 -6.77984 3.14703
      vertex -5.57829 -7.07107 2.85297
      vertex -5.57829 -7.07107 3.14703
    endloop
  endfacet
  facet normal -0.705398 -0.0694765 0.705398
    outer loop
      vertex -5.91155 -7.07107 2.04841
      vertex -5.93383 -6.84486 2.04841
      vertex -6.11948 -7.07107 1.84048
    endloop
  endfacet
  facet normal -0.338897 0.181133 0.923223
    outer loop
      vertex -6.48314 -7.46391 1.67712
      vertex -6.4178 -7.34166 1.67712
      vertex -6.66879 -7.2377 1.56459
    endloop
  endfacet
  facet normal -0.471365 0.881938 0
    outer loop
      vertex -6.24172 -8.31227 2.85297
      vertex -6.49981 -8.45021 3.14703
      vertex -6.24172 -8.31227 3.14703
    endloop
  endfacet
  facet normal -0.471365 0.881938 0
    outer loop
      vertex -6.49981 -8.45021 3.14703
      vertex -6.24172 -8.31227 2.85297
      vertex -6.49981 -8.45021 2.85297
    endloop
  endfacet
  facet normal -0.0816227 0.828686 0.553731
    outer loop
      vertex -6.81299 -8.36853 2.2929
      vertex -6.84486 -8.2083 2.04841
      vertex -7.07107 -8.39395 2.2929
    endloop
  endfacet
  facet normal -0.435825 0.815359 0.381112
    outer loop
      vertex -6.2736 -8.26457 2.56457
      vertex -6.33611 -8.171 2.2929
      vertex -6.56482 -8.29325 2.2929
    endloop
  endfacet
  facet normal -0.241714 0.796842 0.55373
    outer loop
      vertex -6.81299 -8.36853 2.2929
      vertex -6.56482 -8.29325 2.2929
      vertex -6.84486 -8.2083 2.04841
    endloop
  endfacet
  facet normal -0.796842 -0.241714 0.55373
    outer loop
      vertex -5.7736 -6.81299 2.2929
      vertex -5.84888 -6.56482 2.2929
      vertex -5.93383 -6.84486 2.04841
    endloop
  endfacet
  facet normal -0.938721 0.28476 0.194203
    outer loop
      vertex -5.60697 -7.36229 2.85297
      vertex -5.66324 -7.3511 2.56457
      vertex -5.69192 -7.64233 2.85297
    endloop
  endfacet
  facet normal -0.205759 0.6783 0.705388
    outer loop
      vertex -6.84486 -8.2083 2.04841
      vertex -6.70691 -7.95022 1.84048
      vertex -6.88542 -8.00437 1.84048
    endloop
  endfacet
  facet normal 0.0546113 0.554718 0.830244
    outer loop
      vertex -7.07107 -8.02266 1.84048
      vertex -7.07107 -7.77816 1.67712
      vertex -7.20901 -7.76458 1.67712
    endloop
  endfacet
  facet normal -0.73437 -0.392535 -0.553731
    outer loop
      vertex -5.97113 -6.33611 3.70709
      vertex -5.84888 -6.56482 3.70709
      vertex -6.10697 -6.42688 3.95159
    endloop
  endfacet
  facet normal -0.0924121 -0.172856 -0.980602
    outer loop
      vertex -6.82916 -6.70902 4.43541
      vertex -6.98938 -6.94882 4.49278
      vertex -7.0148 -6.93523 4.49278
    endloop
  endfacet
  facet normal -0.0376784 -0.382411 -0.923224
    outer loop
      vertex -6.93312 -6.37756 4.32288
      vertex -6.98612 -6.64401 4.43541
      vertex -7.07107 -6.63564 4.43541
    endloop
  endfacet
  facet normal -0.367715 -0.111557 -0.923223
    outer loop
      vertex -6.37756 -6.93312 4.32288
      vertex -6.64401 -6.98612 4.43541
      vertex -6.66879 -6.90444 4.43541
    endloop
  endfacet
  facet normal 0.151535 0.12433 0.980601
    outer loop
      vertex -7.17503 -7.17503 1.50722
      vertex -7.19331 -7.15275 1.50722
      vertex -7.37896 -7.37896 1.56459
    endloop
  endfacet
  facet normal 0.367715 -0.111557 0.923223
    outer loop
      vertex -7.49813 -6.98612 1.56459
      vertex -7.47335 -6.90444 1.56459
      vertex -7.76458 -6.93312 1.67712
    endloop
  endfacet
  facet normal 0.268372 -0.884727 0.381096
    outer loop
      vertex -7.57731 -5.84888 2.2929
      vertex -7.3511 -5.66324 2.56457
      vertex -7.62037 -5.74492 2.56457
    endloop
  endfacet
  facet normal 0.28476 -0.938721 -0.194203
    outer loop
      vertex -7.36229 -5.60697 3.14703
      vertex -7.3511 -5.66324 3.43543
      vertex -7.64233 -5.69192 3.14703
    endloop
  endfacet
  facet normal -0.884727 -0.268372 0.381096
    outer loop
      vertex -5.66324 -6.79103 2.56457
      vertex -5.74492 -6.52176 2.56457
      vertex -5.84888 -6.56482 2.2929
    endloop
  endfacet
  facet normal 0.081591 -0.82869 0.553729
    outer loop
      vertex -7.29728 -5.93383 2.04841
      vertex -7.07107 -5.74819 2.2929
      vertex -7.32915 -5.7736 2.2929
    endloop
  endfacet
  facet normal -0.81536 -0.435838 0.381095
    outer loop
      vertex -5.84888 -6.56482 2.2929
      vertex -5.74492 -6.52176 2.56457
      vertex -5.87757 -6.2736 2.56457
    endloop
  endfacet
  facet normal 0.0905901 -0.920091 0.381086
    outer loop
      vertex -7.32915 -5.7736 2.2929
      vertex -7.07107 -5.74819 2.2929
      vertex -7.3511 -5.66324 2.56457
    endloop
  endfacet
  facet normal 0.268385 -0.884728 0.381086
    outer loop
      vertex -7.32915 -5.7736 2.2929
      vertex -7.3511 -5.66324 2.56457
      vertex -7.57731 -5.84888 2.2929
    endloop
  endfacet
  facet normal -0.382411 -0.0376784 -0.923224
    outer loop
      vertex -6.37756 -6.93312 4.32288
      vertex -6.63564 -7.07107 4.43541
      vertex -6.64401 -6.98612 4.43541
    endloop
  endfacet
  facet normal -0.181146 0.338883 -0.923225
    outer loop
      vertex -6.82916 -7.43311 4.43541
      vertex -6.67823 -7.659 4.32288
      vertex -6.90444 -7.47335 4.43541
    endloop
  endfacet
  facet normal -0.392571 -0.734367 -0.553708
    outer loop
      vertex -6.56482 -5.84888 3.70709
      vertex -6.42688 -6.10697 3.95159
      vertex -6.62734 -5.99981 3.95159
    endloop
  endfacet
  facet normal -0.268372 -0.884723 -0.381107
    outer loop
      vertex -6.79103 -5.66324 3.43543
      vertex -6.56482 -5.84888 3.70709
      vertex -6.81299 -5.7736 3.70709
    endloop
  endfacet
  facet normal 0.938724 -0.284772 -0.194172
    outer loop
      vertex -8.45021 -6.49981 3.14703
      vertex -8.4789 -6.79103 3.43543
      vertex -8.53516 -6.77984 3.14703
    endloop
  endfacet
  facet normal 0.976245 0.0961499 -0.194166
    outer loop
      vertex -8.50648 -7.07107 3.43543
      vertex -8.4789 -7.3511 3.43543
      vertex -8.56384 -7.07107 3.14703
    endloop
  endfacet
  facet normal 0.471406 -0.881916 0
    outer loop
      vertex -7.90041 -5.82987 2.85297
      vertex -7.64233 -5.69192 3.14703
      vertex -7.90041 -5.82987 3.14703
    endloop
  endfacet
  facet normal 0.471406 -0.881916 0
    outer loop
      vertex -7.64233 -5.69192 3.14703
      vertex -7.90041 -5.82987 2.85297
      vertex -7.64233 -5.69192 2.85297
    endloop
  endfacet
  facet normal 0.435825 -0.815359 -0.381112
    outer loop
      vertex -7.57731 -5.84888 3.70709
      vertex -7.80602 -5.97113 3.70709
      vertex -7.86854 -5.87757 3.43543
    endloop
  endfacet
  facet normal -0.643672 -0.528269 -0.553731
    outer loop
      vertex -5.97113 -6.33611 3.70709
      vertex -6.10697 -6.42688 3.95159
      vertex -6.13565 -6.13565 3.70709
    endloop
  endfacet
  facet normal -0.268371 -0.884723 -0.381108
    outer loop
      vertex -6.52176 -5.74492 3.43543
      vertex -6.56482 -5.84888 3.70709
      vertex -6.79103 -5.66324 3.43543
    endloop
  endfacet
  facet normal -0.24171 -0.796859 -0.553708
    outer loop
      vertex -6.56482 -5.84888 3.70709
      vertex -6.62734 -5.99981 3.95159
      vertex -6.84486 -5.93383 3.95159
    endloop
  endfacet
  facet normal 0.435822 -0.815363 -0.381107
    outer loop
      vertex -7.62037 -5.74492 3.43543
      vertex -7.57731 -5.84888 3.70709
      vertex -7.86854 -5.87757 3.43543
    endloop
  endfacet
  facet normal -0.449676 -0.547937 -0.705377
    outer loop
      vertex -6.25117 -6.25117 3.95159
      vertex -6.39819 -6.39819 4.15952
      vertex -6.42688 -6.10697 3.95159
    endloop
  endfacet
  facet normal -0.528269 -0.643672 -0.553731
    outer loop
      vertex -6.33611 -5.97113 3.70709
      vertex -6.13565 -6.13565 3.70709
      vertex -6.42688 -6.10697 3.95159
    endloop
  endfacet
  facet normal 0.353635 0.430876 0.830234
    outer loop
      vertex -7.59974 -7.86229 1.84048
      vertex -7.46391 -7.659 1.67712
      vertex -7.74394 -7.74394 1.84048
    endloop
  endfacet
  facet normal 0.0192482 -0.195066 0.980601
    outer loop
      vertex -7.07107 -6.92404 1.50722
      vertex -7.07107 -6.63564 1.56459
      vertex -7.09975 -6.92687 1.50722
    endloop
  endfacet
  facet normal 0.0924009 0.172861 0.980602
    outer loop
      vertex -7.2377 -7.47335 1.56459
      vertex -7.12733 -7.2069 1.50722
      vertex -7.31298 -7.43311 1.56459
    endloop
  endfacet
  facet normal 0.353632 0.430881 0.830232
    outer loop
      vertex -7.46391 -7.659 1.67712
      vertex -7.57106 -7.57106 1.67712
      vertex -7.74394 -7.74394 1.84048
    endloop
  endfacet
  facet normal 0.62513 0.33413 0.705387
    outer loop
      vertex -7.86229 -7.59974 1.84048
      vertex -7.95022 -7.43523 1.84048
      vertex -8.03517 -7.71526 2.04841
    endloop
  endfacet
  facet normal 0.643708 0.528241 0.553716
    outer loop
      vertex -8.00649 -8.00649 2.2929
      vertex -8.03517 -7.71526 2.04841
      vertex -8.171 -7.80602 2.2929
    endloop
  endfacet
  facet normal -0.0961395 0.976245 0.194172
    outer loop
      vertex -6.77984 -8.53516 2.85297
      vertex -6.79103 -8.4789 2.56457
      vertex -7.07107 -8.56384 2.85297
    endloop
  endfacet
  facet normal 0.865141 0.462405 0.194199
    outer loop
      vertex -8.31227 -7.90041 2.85297
      vertex -8.39721 -7.62037 2.56457
      vertex -8.45021 -7.64233 2.85297
    endloop
  endfacet
  facet normal 0.828696 -0.0816237 -0.553715
    outer loop
      vertex -8.36853 -6.81299 3.70709
      vertex -8.2083 -6.84486 3.95159
      vertex -8.39395 -7.07107 3.70709
    endloop
  endfacet
  facet normal 0.714675 0.586505 -0.381119
    outer loop
      vertex -8.00649 -8.00649 3.70709
      vertex -8.08606 -8.08606 3.43543
      vertex -8.26457 -7.86854 3.43543
    endloop
  endfacet
  facet normal 0.920073 0.0906175 -0.381123
    outer loop
      vertex -8.39395 -7.07107 3.70709
      vertex -8.4789 -7.3511 3.43543
      vertex -8.50648 -7.07107 3.43543
    endloop
  endfacet
  facet normal 0.758306 0.622311 -0.194167
    outer loop
      vertex -8.08606 -8.08606 3.43543
      vertex -8.12662 -8.12662 3.14703
      vertex -8.26457 -7.86854 3.43543
    endloop
  endfacet
  facet normal 0.976245 0.0961428 -0.194173
    outer loop
      vertex -8.4789 -7.3511 3.43543
      vertex -8.53516 -7.36229 3.14703
      vertex -8.56384 -7.07107 3.14703
    endloop
  endfacet
  facet normal 0.865141 0.462405 -0.194199
    outer loop
      vertex -8.39721 -7.62037 3.43543
      vertex -8.31227 -7.90041 3.14703
      vertex -8.45021 -7.64233 3.14703
    endloop
  endfacet
  facet normal 0.528253 0.643684 0.553733
    outer loop
      vertex -7.71526 -8.03517 2.04841
      vertex -7.89097 -7.89097 2.04841
      vertex -8.00649 -8.00649 2.2929
    endloop
  endfacet
  facet normal 0.758303 -0.622309 0.194188
    outer loop
      vertex -8.08606 -6.05608 2.56457
      vertex -8.12662 -6.01551 2.85297
      vertex -8.26457 -6.2736 2.56457
    endloop
  endfacet
  facet normal 0.815373 -0.435812 0.381096
    outer loop
      vertex -8.29325 -6.56482 2.2929
      vertex -8.26457 -6.2736 2.56457
      vertex -8.39721 -6.52176 2.56457
    endloop
  endfacet
  facet normal 0.0924106 0.172853 -0.980603
    outer loop
      vertex -7.15275 -7.19331 4.49278
      vertex -7.12733 -7.2069 4.49278
      vertex -7.31298 -7.43311 4.43541
    endloop
  endfacet
  facet normal 0.243777 0.297035 -0.923224
    outer loop
      vertex -7.37896 -7.37896 4.43541
      vertex -7.31298 -7.43311 4.43541
      vertex -7.46391 -7.659 4.32288
    endloop
  endfacet
  facet normal 0.262757 0.491598 -0.830235
    outer loop
      vertex -7.46391 -7.659 4.32288
      vertex -7.43523 -7.95022 4.15952
      vertex -7.59974 -7.86229 4.15952
    endloop
  endfacet
  facet normal 0.297051 -0.243754 -0.923225
    outer loop
      vertex -7.37896 -6.76317 4.43541
      vertex -7.43311 -6.82916 4.43541
      vertex -7.659 -6.67823 4.32288
    endloop
  endfacet
  facet normal 0.0694781 0.705415 -0.705381
    outer loop
      vertex -7.07107 -8.02266 4.15952
      vertex -7.07107 -8.23058 3.95159
      vertex -7.29728 -8.2083 3.95159
    endloop
  endfacet
  facet normal -0.449674 -0.547938 -0.705378
    outer loop
      vertex -6.42688 -6.10697 3.95159
      vertex -6.39819 -6.39819 4.15952
      vertex -6.54239 -6.27985 4.15952
    endloop
  endfacet
  facet normal -0.622306 -0.758299 -0.194213
    outer loop
      vertex -6.01551 -6.01551 3.14703
      vertex -6.05608 -6.05608 3.43543
      vertex -6.2736 -5.87757 3.43543
    endloop
  endfacet
  facet normal -0.462437 -0.865122 0.194205
    outer loop
      vertex -6.2736 -5.87757 2.56457
      vertex -6.24172 -5.82987 2.85297
      vertex -6.52176 -5.74492 2.56457
    endloop
  endfacet
  facet normal -0.956937 -0.290297 0
    outer loop
      vertex -5.60697 -6.77984 2.85297
      vertex -5.69192 -6.49981 3.14703
      vertex -5.69192 -6.49981 2.85297
    endloop
  endfacet
  facet normal -0.956937 -0.290297 0
    outer loop
      vertex -5.69192 -6.49981 3.14703
      vertex -5.60697 -6.77984 2.85297
      vertex -5.60697 -6.77984 3.14703
    endloop
  endfacet
  facet normal -0.625129 -0.334147 -0.705379
    outer loop
      vertex -6.10697 -6.42688 3.95159
      vertex -6.19191 -6.70691 4.15952
      vertex -6.27985 -6.54239 4.15952
    endloop
  endfacet
  facet normal -0.297046 -0.243792 -0.923217
    outer loop
      vertex -6.57108 -6.57108 4.32288
      vertex -6.48314 -6.67823 4.32288
      vertex -6.76317 -6.76317 4.43541
    endloop
  endfacet
  facet normal 0.069499 0.705402 -0.705392
    outer loop
      vertex -7.25671 -8.00437 4.15952
      vertex -7.07107 -8.02266 4.15952
      vertex -7.29728 -8.2083 3.95159
    endloop
  endfacet
  facet normal -0.976239 0.0961492 -0.194198
    outer loop
      vertex -5.63566 -7.07107 3.43543
      vertex -5.57829 -7.07107 3.14703
      vertex -5.66324 -7.3511 3.43543
    endloop
  endfacet
  facet normal -0.796845 0.241717 0.553724
    outer loop
      vertex -5.84888 -7.57731 2.2929
      vertex -5.93383 -7.29728 2.04841
      vertex -5.99981 -7.51479 2.04841
    endloop
  endfacet
  facet normal -0.8287 -0.0816208 0.55371
    outer loop
      vertex -5.91155 -7.07107 2.04841
      vertex -5.74819 -7.07107 2.2929
      vertex -5.93383 -6.84486 2.04841
    endloop
  endfacet
  facet normal -0.430889 0.353616 0.830235
    outer loop
      vertex -6.39819 -7.74394 1.84048
      vertex -6.27985 -7.59974 1.84048
      vertex -6.48314 -7.46391 1.67712
    endloop
  endfacet
  facet normal -0.547929 0.449669 0.705388
    outer loop
      vertex -6.25117 -7.89097 2.04841
      vertex -6.10697 -7.71526 2.04841
      vertex -6.39819 -7.74394 1.84048
    endloop
  endfacet
  facet normal -0.938721 0.28476 -0.194203
    outer loop
      vertex -5.66324 -7.3511 3.43543
      vertex -5.60697 -7.36229 3.14703
      vertex -5.69192 -7.64233 3.14703
    endloop
  endfacet
  facet normal -0.938725 0.284752 0.194194
    outer loop
      vertex -5.69192 -7.64233 2.85297
      vertex -5.66324 -7.3511 2.56457
      vertex -5.74492 -7.62037 2.56457
    endloop
  endfacet
  facet normal -0.734376 0.392538 -0.55372
    outer loop
      vertex -5.84888 -7.57731 3.70709
      vertex -5.97113 -7.80602 3.70709
      vertex -6.10697 -7.71526 3.95159
    endloop
  endfacet
  facet normal -0.976238 0.0961421 -0.194205
    outer loop
      vertex -5.57829 -7.07107 3.14703
      vertex -5.60697 -7.36229 3.14703
      vertex -5.66324 -7.3511 3.43543
    endloop
  endfacet
  facet normal -0.976239 -0.0961458 -0.194198
    outer loop
      vertex -5.57829 -7.07107 3.14703
      vertex -5.63566 -7.07107 3.43543
      vertex -5.66324 -6.79103 3.43543
    endloop
  endfacet
  facet normal -0.77302 -0.634382 0
    outer loop
      vertex -5.82987 -6.24172 2.85297
      vertex -6.01551 -6.01551 3.14703
      vertex -6.01551 -6.01551 2.85297
    endloop
  endfacet
  facet normal -0.77302 -0.634382 0
    outer loop
      vertex -6.01551 -6.01551 3.14703
      vertex -5.82987 -6.24172 2.85297
      vertex -5.82987 -6.24172 3.14703
    endloop
  endfacet
  facet normal -0.976239 -0.0961389 0.194205
    outer loop
      vertex -5.57829 -7.07107 2.85297
      vertex -5.60697 -6.77984 2.85297
      vertex -5.66324 -6.79103 2.56457
    endloop
  endfacet
  facet normal -0.938718 -0.28477 -0.194203
    outer loop
      vertex -5.60697 -6.77984 3.14703
      vertex -5.66324 -6.79103 3.43543
      vertex -5.69192 -6.49981 3.14703
    endloop
  endfacet
  facet normal -0.938725 0.284752 -0.194194
    outer loop
      vertex -5.66324 -7.3511 3.43543
      vertex -5.69192 -7.64233 3.14703
      vertex -5.74492 -7.62037 3.43543
    endloop
  endfacet
  facet normal -0.95694 0.290287 0
    outer loop
      vertex -5.69192 -7.64233 2.85297
      vertex -5.60697 -7.36229 3.14703
      vertex -5.60697 -7.36229 2.85297
    endloop
  endfacet
  facet normal -0.95694 0.290287 0
    outer loop
      vertex -5.60697 -7.36229 3.14703
      vertex -5.69192 -7.64233 2.85297
      vertex -5.69192 -7.64233 3.14703
    endloop
  endfacet
  facet normal 0.533414 -0.161814 0.830233
    outer loop
      vertex -7.76458 -6.93312 1.67712
      vertex -7.72434 -6.80047 1.67712
      vertex -7.95022 -6.70691 1.84048
    endloop
  endfacet
  facet normal -0.547938 -0.449674 0.705378
    outer loop
      vertex -6.27985 -6.54239 1.84048
      vertex -6.10697 -6.42688 2.04841
      vertex -6.39819 -6.39819 1.84048
    endloop
  endfacet
  facet normal -0.554723 -0.0546207 0.83024
    outer loop
      vertex -6.11948 -7.07107 1.84048
      vertex -6.13776 -6.88542 1.84048
      vertex -6.37756 -6.93312 1.67712
    endloop
  endfacet
  facet normal -0.367715 -0.111557 0.923223
    outer loop
      vertex -6.64401 -6.98612 1.56459
      vertex -6.37756 -6.93312 1.67712
      vertex -6.66879 -6.90444 1.56459
    endloop
  endfacet
  facet normal -0.586505 0.714675 -0.381119
    outer loop
      vertex -6.13565 -8.00649 3.70709
      vertex -6.05608 -8.08606 3.43543
      vertex -6.2736 -8.26457 3.43543
    endloop
  endfacet
  facet normal -0.435823 0.815355 -0.381124
    outer loop
      vertex -6.33611 -8.171 3.70709
      vertex -6.2736 -8.26457 3.43543
      vertex -6.56482 -8.29325 3.70709
    endloop
  endfacet
  facet normal 0.622311 0.758306 0.194167
    outer loop
      vertex -7.86854 -8.26457 2.56457
      vertex -8.08606 -8.08606 2.56457
      vertex -8.12662 -8.12662 2.85297
    endloop
  endfacet
  facet normal 0.284784 0.938715 0.194195
    outer loop
      vertex -7.3511 -8.4789 2.56457
      vertex -7.62037 -8.39721 2.56457
      vertex -7.64233 -8.45021 2.85297
    endloop
  endfacet
  facet normal -0.528253 0.643684 0.553733
    outer loop
      vertex -6.13565 -8.00649 2.2929
      vertex -6.25117 -7.89097 2.04841
      vertex -6.42688 -8.03517 2.04841
    endloop
  endfacet
  facet normal -0.586509 0.714678 0.381106
    outer loop
      vertex -6.2736 -8.26457 2.56457
      vertex -6.13565 -8.00649 2.2929
      vertex -6.33611 -8.171 2.2929
    endloop
  endfacet
  facet normal -0.262742 0.491599 0.830239
    outer loop
      vertex -6.54239 -7.86229 1.84048
      vertex -6.67823 -7.659 1.67712
      vertex -6.70691 -7.95022 1.84048
    endloop
  endfacet
  facet normal -0.353626 0.430874 0.830239
    outer loop
      vertex -6.39819 -7.74394 1.84048
      vertex -6.57108 -7.57106 1.67712
      vertex -6.67823 -7.659 1.67712
    endloop
  endfacet
  facet normal -0.758302 0.622308 0.194193
    outer loop
      vertex -6.01551 -8.12662 2.85297
      vertex -5.87757 -7.86854 2.56457
      vertex -6.05608 -8.08606 2.56457
    endloop
  endfacet
  facet normal -0.714679 0.586508 0.381107
    outer loop
      vertex -6.05608 -8.08606 2.56457
      vertex -5.87757 -7.86854 2.56457
      vertex -6.13565 -8.00649 2.2929
    endloop
  endfacet
  facet normal -0.547929 0.449667 0.705389
    outer loop
      vertex -6.10697 -7.71526 2.04841
      vertex -6.27985 -7.59974 1.84048
      vertex -6.39819 -7.74394 1.84048
    endloop
  endfacet
  facet normal -0.205747 0.678298 0.705393
    outer loop
      vertex -6.62734 -8.14232 2.04841
      vertex -6.70691 -7.95022 1.84048
      vertex -6.84486 -8.2083 2.04841
    endloop
  endfacet
  facet normal -0.82869 0.081591 0.553729
    outer loop
      vertex -5.7736 -7.32915 2.2929
      vertex -5.74819 -7.07107 2.2929
      vertex -5.93383 -7.29728 2.04841
    endloop
  endfacet
  facet normal -0.705398 0.0694765 0.705398
    outer loop
      vertex -5.93383 -7.29728 2.04841
      vertex -5.91155 -7.07107 2.04841
      vertex -6.11948 -7.07107 1.84048
    endloop
  endfacet
  facet normal 0.205757 0.6783 0.705389
    outer loop
      vertex -7.29728 -8.2083 2.04841
      vertex -7.43523 -7.95022 1.84048
      vertex -7.51479 -8.14232 2.04841
    endloop
  endfacet
  facet normal -0.0546073 0.554719 0.830244
    outer loop
      vertex -6.93312 -7.76458 1.67712
      vertex -7.07107 -7.77816 1.67712
      vertex -7.07107 -8.02266 1.84048
    endloop
  endfacet
  facet normal -0.243792 -0.297046 -0.923217
    outer loop
      vertex -6.67823 -6.48314 4.32288
      vertex -6.57108 -6.57108 4.32288
      vertex -6.76317 -6.76317 4.43541
    endloop
  endfacet
  facet normal -0.24376 -0.297058 -0.923221
    outer loop
      vertex -6.67823 -6.48314 4.32288
      vertex -6.76317 -6.76317 4.43541
      vertex -6.82916 -6.70902 4.43541
    endloop
  endfacet
  facet normal -0.12433 0.151535 -0.980601
    outer loop
      vertex -6.9671 -7.17503 4.49278
      vertex -6.76317 -7.37896 4.43541
      vertex -6.98938 -7.19331 4.49278
    endloop
  endfacet
  facet normal -0.111557 0.367715 -0.923223
    outer loop
      vertex -6.90444 -7.47335 4.43541
      vertex -6.93312 -7.76458 4.32288
      vertex -6.98612 -7.49813 4.43541
    endloop
  endfacet
  facet normal -0.554723 0.0546236 -0.83024
    outer loop
      vertex -6.11948 -7.07107 4.15952
      vertex -6.13776 -7.25671 4.15952
      vertex -6.37756 -7.20901 4.32288
    endloop
  endfacet
  facet normal -0.382414 -0.0376731 -0.923223
    outer loop
      vertex -6.37756 -6.93312 4.32288
      vertex -6.36397 -7.07107 4.32288
      vertex -6.63564 -7.07107 4.43541
    endloop
  endfacet
  facet normal 0.678298 -0.205747 0.705393
    outer loop
      vertex -7.95022 -6.70691 1.84048
      vertex -8.14232 -6.62734 2.04841
      vertex -8.2083 -6.84486 2.04841
    endloop
  endfacet
  facet normal 0.705402 0.069499 0.705392
    outer loop
      vertex -8.00437 -7.25671 1.84048
      vertex -8.02266 -7.07107 1.84048
      vertex -8.2083 -7.29728 2.04841
    endloop
  endfacet
  facet normal 0.884718 -0.268402 0.381097
    outer loop
      vertex -8.29325 -6.56482 2.2929
      vertex -8.39721 -6.52176 2.56457
      vertex -8.4789 -6.79103 2.56457
    endloop
  endfacet
  facet normal 0.920074 -0.0906241 0.381119
    outer loop
      vertex -8.39395 -7.07107 2.2929
      vertex -8.36853 -6.81299 2.2929
      vertex -8.4789 -6.79103 2.56457
    endloop
  endfacet
  facet normal -0.815368 -0.43583 0.381086
    outer loop
      vertex -5.84888 -6.56482 2.2929
      vertex -5.87757 -6.2736 2.56457
      vertex -5.97113 -6.33611 2.2929
    endloop
  endfacet
  facet normal -0.884727 -0.268374 0.381095
    outer loop
      vertex -5.7736 -6.81299 2.2929
      vertex -5.66324 -6.79103 2.56457
      vertex -5.84888 -6.56482 2.2929
    endloop
  endfacet
  facet normal -0.353618 -0.430864 0.830247
    outer loop
      vertex -6.57108 -6.57108 1.67712
      vertex -6.39819 -6.39819 1.84048
      vertex -6.67823 -6.48314 1.67712
    endloop
  endfacet
  facet normal 0.449669 -0.547929 0.705388
    outer loop
      vertex -7.74394 -6.39819 1.84048
      vertex -7.71526 -6.10697 2.04841
      vertex -7.89097 -6.25117 2.04841
    endloop
  endfacet
  facet normal -0.0961389 -0.976239 -0.194205
    outer loop
      vertex -6.77984 -5.60697 3.14703
      vertex -6.79103 -5.66324 3.43543
      vertex -7.07107 -5.57829 3.14703
    endloop
  endfacet
  facet normal -0.462419 -0.865137 0.194183
    outer loop
      vertex -6.24172 -5.82987 2.85297
      vertex -6.49981 -5.69192 2.85297
      vertex -6.52176 -5.74492 2.56457
    endloop
  endfacet
  facet normal -0.0961458 -0.976239 0.194198
    outer loop
      vertex -6.79103 -5.66324 2.56457
      vertex -7.07107 -5.57829 2.85297
      vertex -7.07107 -5.63566 2.56457
    endloop
  endfacet
  facet normal -0.151525 -0.124338 -0.980602
    outer loop
      vertex -6.76317 -6.76317 4.43541
      vertex -6.70902 -6.82916 4.43541
      vertex -6.94882 -6.98938 4.49278
    endloop
  endfacet
  facet normal 0.430874 -0.353626 -0.830239
    outer loop
      vertex -7.57106 -6.57108 4.32288
      vertex -7.659 -6.67823 4.32288
      vertex -7.74394 -6.39819 4.15952
    endloop
  endfacet
  facet normal -0.491586 0.262742 -0.830247
    outer loop
      vertex -6.4178 -7.34166 4.32288
      vertex -6.19191 -7.43523 4.15952
      vertex -6.48314 -7.46391 4.32288
    endloop
  endfacet
  facet normal -0.187578 -0.0568583 -0.980603
    outer loop
      vertex -6.64401 -6.98612 4.43541
      vertex -6.92687 -7.04238 4.49278
      vertex -6.93523 -7.0148 4.49278
    endloop
  endfacet
  facet normal -0.262763 -0.491585 -0.830241
    outer loop
      vertex -6.70691 -6.19191 4.15952
      vertex -6.67823 -6.48314 4.32288
      vertex -6.80047 -6.4178 4.32288
    endloop
  endfacet
  facet normal -0.262764 -0.491585 -0.830241
    outer loop
      vertex -6.54239 -6.27985 4.15952
      vertex -6.67823 -6.48314 4.32288
      vertex -6.70691 -6.19191 4.15952
    endloop
  endfacet
  facet normal 0.54792 -0.449697 -0.705377
    outer loop
      vertex -7.74394 -6.39819 4.15952
      vertex -7.86229 -6.54239 4.15952
      vertex -8.03517 -6.42688 3.95159
    endloop
  endfacet
  facet normal 0.714678 -0.586509 0.381106
    outer loop
      vertex -8.171 -6.33611 2.2929
      vertex -8.00649 -6.13565 2.2929
      vertex -8.26457 -6.2736 2.56457
    endloop
  endfacet
  facet normal 0.353625 -0.430872 -0.83024
    outer loop
      vertex -7.46391 -6.48314 4.32288
      vertex -7.57106 -6.57108 4.32288
      vertex -7.74394 -6.39819 4.15952
    endloop
  endfacet
  facet normal 0.449667 -0.547929 -0.705389
    outer loop
      vertex -7.71526 -6.10697 3.95159
      vertex -7.59974 -6.27985 4.15952
      vertex -7.74394 -6.39819 4.15952
    endloop
  endfacet
  facet normal 0.634382 -0.77302 0
    outer loop
      vertex -8.12662 -6.01551 2.85297
      vertex -7.90041 -5.82987 3.14703
      vertex -8.12662 -6.01551 3.14703
    endloop
  endfacet
  facet normal 0.634382 -0.77302 0
    outer loop
      vertex -7.90041 -5.82987 3.14703
      vertex -8.12662 -6.01551 2.85297
      vertex -7.90041 -5.82987 2.85297
    endloop
  endfacet
  facet normal 0.435824 -0.815367 0.381095
    outer loop
      vertex -7.57731 -5.84888 2.2929
      vertex -7.62037 -5.74492 2.56457
      vertex -7.86854 -5.87757 2.56457
    endloop
  endfacet
  facet normal 0.0961421 -0.976238 -0.194205
    outer loop
      vertex -7.07107 -5.57829 3.14703
      vertex -7.3511 -5.66324 3.43543
      vertex -7.36229 -5.60697 3.14703
    endloop
  endfacet
  facet normal 0.0961421 -0.976238 0.194205
    outer loop
      vertex -7.3511 -5.66324 2.56457
      vertex -7.07107 -5.57829 2.85297
      vertex -7.36229 -5.60697 2.85297
    endloop
  endfacet
  facet normal 0.0906175 -0.920073 -0.381123
    outer loop
      vertex -7.07107 -5.63566 3.43543
      vertex -7.07107 -5.74819 3.70709
      vertex -7.3511 -5.66324 3.43543
    endloop
  endfacet
  facet normal -0.0906143 -0.920073 -0.381123
    outer loop
      vertex -7.07107 -5.63566 3.43543
      vertex -6.79103 -5.66324 3.43543
      vertex -7.07107 -5.74819 3.70709
    endloop
  endfacet
  facet normal 0.26278 -0.491584 -0.830236
    outer loop
      vertex -7.43523 -6.19191 4.15952
      vertex -7.46391 -6.48314 4.32288
      vertex -7.59974 -6.27985 4.15952
    endloop
  endfacet
  facet normal -0.0816218 -0.82871 -0.553694
    outer loop
      vertex -7.07107 -5.74819 3.70709
      vertex -6.84486 -5.93383 3.95159
      vertex -7.07107 -5.91155 3.95159
    endloop
  endfacet
  facet normal -0.0905895 -0.920085 -0.381101
    outer loop
      vertex -6.79103 -5.66324 3.43543
      vertex -6.81299 -5.7736 3.70709
      vertex -7.07107 -5.74819 3.70709
    endloop
  endfacet
  facet normal -0.205759 -0.6783 -0.705388
    outer loop
      vertex -6.84486 -5.93383 3.95159
      vertex -6.70691 -6.19191 4.15952
      vertex -6.88542 -6.13776 4.15952
    endloop
  endfacet
  facet normal -0.643692 -0.528259 -0.553717
    outer loop
      vertex -6.13565 -6.13565 3.70709
      vertex -6.10697 -6.42688 3.95159
      vertex -6.25117 -6.25117 3.95159
    endloop
  endfacet
  facet normal -0.392535 -0.73437 -0.553731
    outer loop
      vertex -6.33611 -5.97113 3.70709
      vertex -6.42688 -6.10697 3.95159
      vertex -6.56482 -5.84888 3.70709
    endloop
  endfacet
  facet normal -0.547938 -0.449674 -0.705378
    outer loop
      vertex -6.10697 -6.42688 3.95159
      vertex -6.27985 -6.54239 4.15952
      vertex -6.39819 -6.39819 4.15952
    endloop
  endfacet
  facet normal -0.491585 -0.262764 -0.830241
    outer loop
      vertex -6.27985 -6.54239 4.15952
      vertex -6.19191 -6.70691 4.15952
      vertex -6.48314 -6.67823 4.32288
    endloop
  endfacet
  facet normal -0.758299 -0.622306 -0.194213
    outer loop
      vertex -6.01551 -6.01551 3.14703
      vertex -5.87757 -6.2736 3.43543
      vertex -6.05608 -6.05608 3.43543
    endloop
  endfacet
  facet normal -0.586505 -0.714675 -0.381119
    outer loop
      vertex -6.05608 -6.05608 3.43543
      vertex -6.13565 -6.13565 3.70709
      vertex -6.2736 -5.87757 3.43543
    endloop
  endfacet
  facet normal -0.382414 -0.0376731 0.923223
    outer loop
      vertex -6.36397 -7.07107 1.67712
      vertex -6.37756 -6.93312 1.67712
      vertex -6.63564 -7.07107 1.56459
    endloop
  endfacet
  facet normal -0.187571 0.0569052 0.980601
    outer loop
      vertex -6.66879 -7.2377 1.56459
      vertex -6.64401 -7.15602 1.56459
      vertex -6.93523 -7.12733 1.50722
    endloop
  endfacet
  facet normal -0.0694781 0.705415 0.705381
    outer loop
      vertex -6.84486 -8.2083 2.04841
      vertex -7.07107 -8.02266 1.84048
      vertex -7.07107 -8.23058 2.04841
    endloop
  endfacet
  facet normal 0.0924106 0.172853 0.980603
    outer loop
      vertex -7.12733 -7.2069 1.50722
      vertex -7.15275 -7.19331 1.50722
      vertex -7.31298 -7.43311 1.56459
    endloop
  endfacet
  facet normal 0.161812 0.533409 0.830236
    outer loop
      vertex -7.20901 -7.76458 1.67712
      vertex -7.34166 -7.72434 1.67712
      vertex -7.43523 -7.95022 1.84048
    endloop
  endfacet
  facet normal 0.262749 0.491598 0.830238
    outer loop
      vertex -7.43523 -7.95022 1.84048
      vertex -7.34166 -7.72434 1.67712
      vertex -7.46391 -7.659 1.67712
    endloop
  endfacet
  facet normal 0.491598 0.262749 0.830238
    outer loop
      vertex -7.659 -7.46391 1.67712
      vertex -7.72434 -7.34166 1.67712
      vertex -7.95022 -7.43523 1.84048
    endloop
  endfacet
  facet normal 0.367719 0.111558 0.923221
    outer loop
      vertex -7.47335 -7.2377 1.56459
      vertex -7.49813 -7.15602 1.56459
      vertex -7.76458 -7.20901 1.67712
    endloop
  endfacet
  facet normal 0.815354 0.435823 0.381125
    outer loop
      vertex -8.26457 -7.86854 2.56457
      vertex -8.171 -7.80602 2.2929
      vertex -8.29325 -7.57731 2.2929
    endloop
  endfacet
  facet normal 0.634402 0.773003 -0
    outer loop
      vertex -7.90041 -8.31227 2.85297
      vertex -8.12662 -8.12662 3.14703
      vertex -7.90041 -8.31227 3.14703
    endloop
  endfacet
  facet normal 0.634402 0.773003 0
    outer loop
      vertex -8.12662 -8.12662 3.14703
      vertex -7.90041 -8.31227 2.85297
      vertex -8.12662 -8.12662 2.85297
    endloop
  endfacet
  facet normal 0.0906237 0.92007 -0.381128
    outer loop
      vertex -7.32915 -8.36853 3.70709
      vertex -7.07107 -8.39395 3.70709
      vertex -7.3511 -8.4789 3.43543
    endloop
  endfacet
  facet normal 0.938715 0.284784 0.194195
    outer loop
      vertex -8.45021 -7.64233 2.85297
      vertex -8.39721 -7.62037 2.56457
      vertex -8.4789 -7.3511 2.56457
    endloop
  endfacet
  facet normal 0.79684 0.241723 0.55373
    outer loop
      vertex -8.29325 -7.57731 2.2929
      vertex -8.2083 -7.29728 2.04841
      vertex -8.36853 -7.32915 2.2929
    endloop
  endfacet
  facet normal 0.268381 0.884717 0.381114
    outer loop
      vertex -7.3511 -8.4789 2.56457
      vertex -7.32915 -8.36853 2.2929
      vertex -7.57731 -8.29325 2.2929
    endloop
  endfacet
  facet normal 0.284762 0.938727 0.194172
    outer loop
      vertex -7.36229 -8.53516 2.85297
      vertex -7.3511 -8.4789 2.56457
      vertex -7.64233 -8.45021 2.85297
    endloop
  endfacet
  facet normal 0.268401 0.884713 -0.381109
    outer loop
      vertex -7.57731 -8.29325 3.70709
      vertex -7.3511 -8.4789 3.43543
      vertex -7.62037 -8.39721 3.43543
    endloop
  endfacet
  facet normal 0.586484 0.714682 -0.381137
    outer loop
      vertex -7.80602 -8.171 3.70709
      vertex -7.86854 -8.26457 3.43543
      vertex -8.00649 -8.00649 3.70709
    endloop
  endfacet
  facet normal 0.43582 0.81535 -0.381137
    outer loop
      vertex -7.80602 -8.171 3.70709
      vertex -7.57731 -8.29325 3.70709
      vertex -7.86854 -8.26457 3.43543
    endloop
  endfacet
  facet normal 0.392545 0.734388 -0.553699
    outer loop
      vertex -7.71526 -8.03517 3.95159
      vertex -7.57731 -8.29325 3.70709
      vertex -7.80602 -8.171 3.70709
    endloop
  endfacet
  facet normal 0.734388 0.392545 -0.553699
    outer loop
      vertex -8.03517 -7.71526 3.95159
      vertex -8.171 -7.80602 3.70709
      vertex -8.29325 -7.57731 3.70709
    endloop
  endfacet
  facet normal 0.714682 0.586484 -0.381137
    outer loop
      vertex -8.171 -7.80602 3.70709
      vertex -8.00649 -8.00649 3.70709
      vertex -8.26457 -7.86854 3.43543
    endloop
  endfacet
  facet normal 0.491598 0.262757 -0.830235
    outer loop
      vertex -7.659 -7.46391 4.32288
      vertex -7.86229 -7.59974 4.15952
      vertex -7.95022 -7.43523 4.15952
    endloop
  endfacet
  facet normal 0.6783 0.205757 -0.705389
    outer loop
      vertex -7.95022 -7.43523 4.15952
      vertex -8.14232 -7.51479 3.95159
      vertex -8.2083 -7.29728 3.95159
    endloop
  endfacet
  facet normal 0.367715 -0.111548 -0.923224
    outer loop
      vertex -7.72434 -6.80047 4.32288
      vertex -7.47335 -6.90444 4.43541
      vertex -7.76458 -6.93312 4.32288
    endloop
  endfacet
  facet normal 0.815355 -0.435823 -0.381124
    outer loop
      vertex -8.26457 -6.2736 3.43543
      vertex -8.171 -6.33611 3.70709
      vertex -8.29325 -6.56482 3.70709
    endloop
  endfacet
  facet normal 0.938727 0.284762 -0.194172
    outer loop
      vertex -8.4789 -7.3511 3.43543
      vertex -8.45021 -7.64233 3.14703
      vertex -8.53516 -7.36229 3.14703
    endloop
  endfacet
  facet normal 0.976246 -0.0961465 0.194166
    outer loop
      vertex -8.50648 -7.07107 2.56457
      vertex -8.4789 -6.79103 2.56457
      vertex -8.56384 -7.07107 2.85297
    endloop
  endfacet
  facet normal 0.938715 0.284784 -0.194195
    outer loop
      vertex -8.39721 -7.62037 3.43543
      vertex -8.45021 -7.64233 3.14703
      vertex -8.4789 -7.3511 3.43543
    endloop
  endfacet
  facet normal 0.995186 -0.0980048 0
    outer loop
      vertex -8.56384 -7.07107 3.14703
      vertex -8.53516 -6.77984 2.85297
      vertex -8.53516 -6.77984 3.14703
    endloop
  endfacet
  facet normal 0.995186 -0.0980048 0
    outer loop
      vertex -8.53516 -6.77984 2.85297
      vertex -8.56384 -7.07107 3.14703
      vertex -8.56384 -7.07107 2.85297
    endloop
  endfacet
  facet normal 0.881931 0.471379 0
    outer loop
      vertex -8.31227 -7.90041 3.14703
      vertex -8.45021 -7.64233 2.85297
      vertex -8.45021 -7.64233 3.14703
    endloop
  endfacet
  facet normal 0.881931 0.471379 0
    outer loop
      vertex -8.45021 -7.64233 2.85297
      vertex -8.31227 -7.90041 3.14703
      vertex -8.31227 -7.90041 2.85297
    endloop
  endfacet
  facet normal 0.995186 0.0980081 0
    outer loop
      vertex -8.53516 -7.36229 3.14703
      vertex -8.56384 -7.07107 2.85297
      vertex -8.56384 -7.07107 3.14703
    endloop
  endfacet
  facet normal 0.995186 0.0980081 0
    outer loop
      vertex -8.56384 -7.07107 2.85297
      vertex -8.53516 -7.36229 3.14703
      vertex -8.53516 -7.36229 2.85297
    endloop
  endfacet
  facet normal 0.773003 -0.634402 0
    outer loop
      vertex -8.31227 -6.24172 3.14703
      vertex -8.12662 -6.01551 2.85297
      vertex -8.12662 -6.01551 3.14703
    endloop
  endfacet
  facet normal 0.773003 -0.634402 0
    outer loop
      vertex -8.12662 -6.01551 2.85297
      vertex -8.31227 -6.24172 3.14703
      vertex -8.31227 -6.24172 2.85297
    endloop
  endfacet
  facet normal 0.262749 0.491598 -0.830238
    outer loop
      vertex -7.34166 -7.72434 4.32288
      vertex -7.43523 -7.95022 4.15952
      vertex -7.46391 -7.659 4.32288
    endloop
  endfacet
  facet normal 0.195069 -0.0191969 -0.980602
    outer loop
      vertex -7.49813 -6.98612 4.43541
      vertex -7.21527 -7.04238 4.49278
      vertex -7.50649 -7.07107 4.43541
    endloop
  endfacet
  facet normal 0.172856 -0.0924121 -0.980602
    outer loop
      vertex -7.19331 -6.98938 4.49278
      vertex -7.2069 -7.0148 4.49278
      vertex -7.43311 -6.82916 4.43541
    endloop
  endfacet
  facet normal -0.0816203 0.828695 -0.553717
    outer loop
      vertex -7.07107 -8.23058 3.95159
      vertex -6.84486 -8.2083 3.95159
      vertex -7.07107 -8.39395 3.70709
    endloop
  endfacet
  facet normal -0.161814 0.533414 -0.830233
    outer loop
      vertex -6.80047 -7.72434 4.32288
      vertex -6.70691 -7.95022 4.15952
      vertex -6.93312 -7.76458 4.32288
    endloop
  endfacet
  facet normal -0.111548 0.367715 -0.923224
    outer loop
      vertex -6.90444 -7.47335 4.43541
      vertex -6.80047 -7.72434 4.32288
      vertex -6.93312 -7.76458 4.32288
    endloop
  endfacet
  facet normal -0.161809 0.533418 -0.830231
    outer loop
      vertex -6.70691 -7.95022 4.15952
      vertex -6.88542 -8.00437 4.15952
      vertex -6.93312 -7.76458 4.32288
    endloop
  endfacet
  facet normal 0.241726 0.79685 -0.553714
    outer loop
      vertex -7.29728 -8.2083 3.95159
      vertex -7.32915 -8.36853 3.70709
      vertex -7.57731 -8.29325 3.70709
    endloop
  endfacet
  facet normal -0.462393 0.865151 -0.194183
    outer loop
      vertex -6.24172 -8.31227 3.14703
      vertex -6.49981 -8.45021 3.14703
      vertex -6.52176 -8.39721 3.43543
    endloop
  endfacet
  facet normal 0.205757 0.6783 -0.705389
    outer loop
      vertex -7.43523 -7.95022 4.15952
      vertex -7.29728 -8.2083 3.95159
      vertex -7.51479 -8.14232 3.95159
    endloop
  endfacet
  facet normal 0.0816237 0.828696 -0.553715
    outer loop
      vertex -7.29728 -8.2083 3.95159
      vertex -7.07107 -8.39395 3.70709
      vertex -7.32915 -8.36853 3.70709
    endloop
  endfacet
  facet normal -0.435836 -0.815356 -0.381107
    outer loop
      vertex -6.52176 -5.74492 3.43543
      vertex -6.2736 -5.87757 3.43543
      vertex -6.56482 -5.84888 3.70709
    endloop
  endfacet
  facet normal -0.462437 -0.865122 -0.194205
    outer loop
      vertex -6.24172 -5.82987 3.14703
      vertex -6.2736 -5.87757 3.43543
      vertex -6.52176 -5.74492 3.43543
    endloop
  endfacet
  facet normal -0.268374 -0.884727 0.381095
    outer loop
      vertex -6.56482 -5.84888 2.2929
      vertex -6.79103 -5.66324 2.56457
      vertex -6.81299 -5.7736 2.2929
    endloop
  endfacet
  facet normal -0.622303 -0.758302 0.194209
    outer loop
      vertex -6.01551 -6.01551 2.85297
      vertex -6.24172 -5.82987 2.85297
      vertex -6.2736 -5.87757 2.56457
    endloop
  endfacet
  facet normal -0.625119 0.334154 -0.705385
    outer loop
      vertex -5.99981 -7.51479 3.95159
      vertex -6.10697 -7.71526 3.95159
      vertex -6.19191 -7.43523 4.15952
    endloop
  endfacet
  facet normal -0.533403 -0.161805 -0.830241
    outer loop
      vertex -6.19191 -6.70691 4.15952
      vertex -6.13776 -6.88542 4.15952
      vertex -6.37756 -6.93312 4.32288
    endloop
  endfacet
  facet normal -0.815364 -0.435828 -0.381098
    outer loop
      vertex -5.87757 -6.2736 3.43543
      vertex -5.84888 -6.56482 3.70709
      vertex -5.97113 -6.33611 3.70709
    endloop
  endfacet
  facet normal -0.430882 -0.35361 -0.830242
    outer loop
      vertex -6.39819 -6.39819 4.15952
      vertex -6.27985 -6.54239 4.15952
      vertex -6.48314 -6.67823 4.32288
    endloop
  endfacet
  facet normal -0.0546517 0.554734 0.830231
    outer loop
      vertex -6.88542 -8.00437 1.84048
      vertex -6.93312 -7.76458 1.67712
      vertex -7.07107 -8.02266 1.84048
    endloop
  endfacet
  facet normal -0.338914 0.181117 0.923219
    outer loop
      vertex -6.48314 -7.46391 1.67712
      vertex -6.66879 -7.2377 1.56459
      vertex -6.70902 -7.31298 1.56459
    endloop
  endfacet
  facet normal -0.881916 0.471406 0
    outer loop
      vertex -5.82987 -7.90041 2.85297
      vertex -5.69192 -7.64233 3.14703
      vertex -5.69192 -7.64233 2.85297
    endloop
  endfacet
  facet normal -0.881916 0.471406 0
    outer loop
      vertex -5.69192 -7.64233 3.14703
      vertex -5.82987 -7.90041 2.85297
      vertex -5.82987 -7.90041 3.14703
    endloop
  endfacet
  facet normal -0.758305 0.622306 -0.194189
    outer loop
      vertex -5.87757 -7.86854 3.43543
      vertex -5.82987 -7.90041 3.14703
      vertex -6.01551 -8.12662 3.14703
    endloop
  endfacet
  facet normal -0.714664 -0.586534 -0.381095
    outer loop
      vertex -5.87757 -6.2736 3.43543
      vertex -5.97113 -6.33611 3.70709
      vertex -6.13565 -6.13565 3.70709
    endloop
  endfacet
  facet normal -0.938727 -0.284752 -0.194185
    outer loop
      vertex -5.69192 -6.49981 3.14703
      vertex -5.66324 -6.79103 3.43543
      vertex -5.74492 -6.52176 3.43543
    endloop
  endfacet
  facet normal -0.938718 -0.28477 0.194203
    outer loop
      vertex -5.66324 -6.79103 2.56457
      vertex -5.60697 -6.77984 2.85297
      vertex -5.69192 -6.49981 2.85297
    endloop
  endfacet
  facet normal -0.976238 0.0961421 0.194205
    outer loop
      vertex -5.60697 -7.36229 2.85297
      vertex -5.57829 -7.07107 2.85297
      vertex -5.66324 -7.3511 2.56457
    endloop
  endfacet
  facet normal -0.995186 0.0980081 0
    outer loop
      vertex -5.60697 -7.36229 2.85297
      vertex -5.57829 -7.07107 3.14703
      vertex -5.57829 -7.07107 2.85297
    endloop
  endfacet
  facet normal -0.995186 0.0980081 0
    outer loop
      vertex -5.57829 -7.07107 3.14703
      vertex -5.60697 -7.36229 2.85297
      vertex -5.60697 -7.36229 3.14703
    endloop
  endfacet
  facet normal -0.705398 -0.0694765 -0.705398
    outer loop
      vertex -5.93383 -6.84486 3.95159
      vertex -5.91155 -7.07107 3.95159
      vertex -6.11948 -7.07107 4.15952
    endloop
  endfacet
  facet normal -0.884723 0.268371 -0.381108
    outer loop
      vertex -5.66324 -7.3511 3.43543
      vertex -5.74492 -7.62037 3.43543
      vertex -5.84888 -7.57731 3.70709
    endloop
  endfacet
  facet normal 0.241717 -0.796845 0.553724
    outer loop
      vertex -7.51479 -5.99981 2.04841
      vertex -7.29728 -5.93383 2.04841
      vertex -7.57731 -5.84888 2.2929
    endloop
  endfacet
  facet normal -0.187576 0.0568578 0.980603
    outer loop
      vertex -6.64401 -7.15602 1.56459
      vertex -6.92687 -7.09975 1.50722
      vertex -6.93523 -7.12733 1.50722
    endloop
  endfacet
  facet normal -0.0694765 -0.705398 0.705398
    outer loop
      vertex -6.84486 -5.93383 2.04841
      vertex -7.07107 -5.91155 2.04841
      vertex -7.07107 -6.11948 1.84048
    endloop
  endfacet
  facet normal 0.430874 -0.353626 0.830239
    outer loop
      vertex -7.659 -6.67823 1.67712
      vertex -7.57106 -6.57108 1.67712
      vertex -7.74394 -6.39819 1.84048
    endloop
  endfacet
  facet normal -0.554733 0.0546529 0.830232
    outer loop
      vertex -6.11948 -7.07107 1.84048
      vertex -6.36397 -7.07107 1.67712
      vertex -6.37756 -7.20901 1.67712
    endloop
  endfacet
  facet normal -0.70541 -0.0694581 0.705388
    outer loop
      vertex -6.11948 -7.07107 1.84048
      vertex -5.93383 -6.84486 2.04841
      vertex -6.13776 -6.88542 1.84048
    endloop
  endfacet
  facet normal -0.714668 -0.586537 0.381083
    outer loop
      vertex -5.97113 -6.33611 2.2929
      vertex -5.87757 -6.2736 2.56457
      vertex -6.13565 -6.13565 2.2929
    endloop
  endfacet
  facet normal -0.491585 -0.262764 0.830241
    outer loop
      vertex -6.19191 -6.70691 1.84048
      vertex -6.27985 -6.54239 1.84048
      vertex -6.48314 -6.67823 1.67712
    endloop
  endfacet
  facet normal -0.714672 0.586511 -0.381114
    outer loop
      vertex -5.97113 -7.80602 3.70709
      vertex -5.87757 -7.86854 3.43543
      vertex -6.13565 -8.00649 3.70709
    endloop
  endfacet
  facet normal -0.643692 0.528259 -0.553717
    outer loop
      vertex -6.10697 -7.71526 3.95159
      vertex -5.97113 -7.80602 3.70709
      vertex -6.13565 -8.00649 3.70709
    endloop
  endfacet
  facet normal 0.0980081 0.995186 -0
    outer loop
      vertex -7.07107 -8.56384 2.85297
      vertex -7.36229 -8.53516 3.14703
      vertex -7.07107 -8.56384 3.14703
    endloop
  endfacet
  facet normal 0.0980081 0.995186 0
    outer loop
      vertex -7.36229 -8.53516 3.14703
      vertex -7.07107 -8.56384 2.85297
      vertex -7.36229 -8.53516 2.85297
    endloop
  endfacet
  facet normal -0.634402 0.773003 0
    outer loop
      vertex -6.01551 -8.12662 2.85297
      vertex -6.24172 -8.31227 3.14703
      vertex -6.01551 -8.12662 3.14703
    endloop
  endfacet
  facet normal -0.634402 0.773003 0
    outer loop
      vertex -6.24172 -8.31227 3.14703
      vertex -6.01551 -8.12662 2.85297
      vertex -6.24172 -8.31227 2.85297
    endloop
  endfacet
  facet normal 0.622326 0.758289 -0.194188
    outer loop
      vertex -7.86854 -8.26457 3.43543
      vertex -7.90041 -8.31227 3.14703
      vertex -8.12662 -8.12662 3.14703
    endloop
  endfacet
  facet normal -0.334118 0.625146 0.705378
    outer loop
      vertex -6.42688 -8.03517 2.04841
      vertex -6.54239 -7.86229 1.84048
      vertex -6.70691 -7.95022 1.84048
    endloop
  endfacet
  facet normal -0.622309 0.758303 0.194188
    outer loop
      vertex -6.01551 -8.12662 2.85297
      vertex -6.05608 -8.08606 2.56457
      vertex -6.2736 -8.26457 2.56457
    endloop
  endfacet
  facet normal -0.0980048 0.995186 0
    outer loop
      vertex -6.77984 -8.53516 2.85297
      vertex -7.07107 -8.56384 3.14703
      vertex -6.77984 -8.53516 3.14703
    endloop
  endfacet
  facet normal -0.0980048 0.995186 0
    outer loop
      vertex -7.07107 -8.56384 3.14703
      vertex -6.77984 -8.53516 2.85297
      vertex -7.07107 -8.56384 2.85297
    endloop
  endfacet
  facet normal -0.284784 0.938717 0.194185
    outer loop
      vertex -6.49981 -8.45021 2.85297
      vertex -6.52176 -8.39721 2.56457
      vertex -6.79103 -8.4789 2.56457
    endloop
  endfacet
  facet normal -0.435812 0.815373 0.381096
    outer loop
      vertex -6.52176 -8.39721 2.56457
      vertex -6.2736 -8.26457 2.56457
      vertex -6.56482 -8.29325 2.2929
    endloop
  endfacet
  facet normal -0.284772 0.938724 0.194172
    outer loop
      vertex -6.77984 -8.53516 2.85297
      vertex -6.49981 -8.45021 2.85297
      vertex -6.79103 -8.4789 2.56457
    endloop
  endfacet
  facet normal -0.714676 0.586514 0.381102
    outer loop
      vertex -5.87757 -7.86854 2.56457
      vertex -5.97113 -7.80602 2.2929
      vertex -6.13565 -8.00649 2.2929
    endloop
  endfacet
  facet normal -0.586508 0.714679 0.381107
    outer loop
      vertex -6.05608 -8.08606 2.56457
      vertex -6.13565 -8.00649 2.2929
      vertex -6.2736 -8.26457 2.56457
    endloop
  endfacet
  facet normal -0.734366 0.392551 0.553724
    outer loop
      vertex -5.84888 -7.57731 2.2929
      vertex -5.99981 -7.51479 2.04841
      vertex -6.10697 -7.71526 2.04841
    endloop
  endfacet
  facet normal -0.758305 0.622306 0.194189
    outer loop
      vertex -5.82987 -7.90041 2.85297
      vertex -5.87757 -7.86854 2.56457
      vertex -6.01551 -8.12662 2.85297
    endloop
  endfacet
  facet normal -0.528251 0.643688 0.55373
    outer loop
      vertex -6.33611 -8.171 2.2929
      vertex -6.13565 -8.00649 2.2929
      vertex -6.42688 -8.03517 2.04841
    endloop
  endfacet
  facet normal -0.392537 0.734373 0.553726
    outer loop
      vertex -6.33611 -8.171 2.2929
      vertex -6.42688 -8.03517 2.04841
      vertex -6.56482 -8.29325 2.2929
    endloop
  endfacet
  facet normal -0.920091 0.0905901 0.381086
    outer loop
      vertex -5.66324 -7.3511 2.56457
      vertex -5.74819 -7.07107 2.2929
      vertex -5.7736 -7.32915 2.2929
    endloop
  endfacet
  facet normal -0.734367 0.392534 0.553735
    outer loop
      vertex -5.97113 -7.80602 2.2929
      vertex -5.84888 -7.57731 2.2929
      vertex -6.10697 -7.71526 2.04841
    endloop
  endfacet
  facet normal -0.884728 0.268385 0.381086
    outer loop
      vertex -5.66324 -7.3511 2.56457
      vertex -5.7736 -7.32915 2.2929
      vertex -5.84888 -7.57731 2.2929
    endloop
  endfacet
  facet normal -0.643684 0.528253 0.553733
    outer loop
      vertex -5.97113 -7.80602 2.2929
      vertex -6.10697 -7.71526 2.04841
      vertex -6.13565 -8.00649 2.2929
    endloop
  endfacet
  facet normal -0.678298 0.205746 0.705394
    outer loop
      vertex -5.93383 -7.29728 2.04841
      vertex -6.13776 -7.25671 1.84048
      vertex -6.19191 -7.43523 1.84048
    endloop
  endfacet
  facet normal -0.554723 0.0546236 0.83024
    outer loop
      vertex -6.13776 -7.25671 1.84048
      vertex -6.11948 -7.07107 1.84048
      vertex -6.37756 -7.20901 1.67712
    endloop
  endfacet
  facet normal -0.172874 0.0923848 -0.980602
    outer loop
      vertex -6.66879 -7.2377 4.43541
      vertex -6.70902 -7.31298 4.43541
      vertex -6.93523 -7.12733 4.49278
    endloop
  endfacet
  facet normal 0.0569218 0.187563 -0.980602
    outer loop
      vertex -7.12733 -7.2069 4.49278
      vertex -7.09975 -7.21527 4.49278
      vertex -7.15602 -7.49813 4.43541
    endloop
  endfacet
  facet normal -0.82871 0.0816218 -0.553694
    outer loop
      vertex -5.91155 -7.07107 3.95159
      vertex -5.74819 -7.07107 3.70709
      vertex -5.93383 -7.29728 3.95159
    endloop
  endfacet
  facet normal -0.625106 -0.334163 -0.705392
    outer loop
      vertex -6.10697 -6.42688 3.95159
      vertex -5.99981 -6.62734 3.95159
      vertex -6.19191 -6.70691 4.15952
    endloop
  endfacet
  facet normal -0.297058 -0.24376 -0.923221
    outer loop
      vertex -6.48314 -6.67823 4.32288
      vertex -6.70902 -6.82916 4.43541
      vertex -6.76317 -6.76317 4.43541
    endloop
  endfacet
  facet normal -0.172856 -0.0924121 -0.980602
    outer loop
      vertex -6.70902 -6.82916 4.43541
      vertex -6.93523 -7.0148 4.49278
      vertex -6.94882 -6.98938 4.49278
    endloop
  endfacet
  facet normal 0.172864 -0.0924023 -0.980602
    outer loop
      vertex -7.43311 -6.82916 4.43541
      vertex -7.2069 -7.0148 4.49278
      vertex -7.47335 -6.90444 4.43541
    endloop
  endfacet
  facet normal -0.382413 0.0376758 -0.923223
    outer loop
      vertex -6.36397 -7.07107 4.32288
      vertex -6.37756 -7.20901 4.32288
      vertex -6.63564 -7.07107 4.43541
    endloop
  endfacet
  facet normal 0.6783 0.205757 0.705389
    outer loop
      vertex -8.14232 -7.51479 2.04841
      vertex -7.95022 -7.43523 1.84048
      vertex -8.2083 -7.29728 2.04841
    endloop
  endfacet
  facet normal 0.828686 0.0816227 0.553731
    outer loop
      vertex -8.36853 -7.32915 2.2929
      vertex -8.2083 -7.29728 2.04841
      vertex -8.39395 -7.07107 2.2929
    endloop
  endfacet
  facet normal 0.643688 -0.528251 0.55373
    outer loop
      vertex -8.03517 -6.42688 2.04841
      vertex -8.00649 -6.13565 2.2929
      vertex -8.171 -6.33611 2.2929
    endloop
  endfacet
  facet normal 0.124348 -0.151514 0.980603
    outer loop
      vertex -7.15275 -6.94882 1.50722
      vertex -7.31298 -6.70902 1.56459
      vertex -7.37896 -6.76317 1.56459
    endloop
  endfacet
  facet normal 0.734373 -0.392537 0.553726
    outer loop
      vertex -8.03517 -6.42688 2.04841
      vertex -8.171 -6.33611 2.2929
      vertex -8.29325 -6.56482 2.2929
    endloop
  endfacet
  facet normal 0.622308 -0.758302 0.194193
    outer loop
      vertex -8.08606 -6.05608 2.56457
      vertex -7.86854 -5.87757 2.56457
      vertex -8.12662 -6.01551 2.85297
    endloop
  endfacet
  facet normal -0.976239 -0.0961458 0.194198
    outer loop
      vertex -5.63566 -7.07107 2.56457
      vertex -5.57829 -7.07107 2.85297
      vertex -5.66324 -6.79103 2.56457
    endloop
  endfacet
  facet normal -0.976239 0.0961492 0.194198
    outer loop
      vertex -5.57829 -7.07107 2.85297
      vertex -5.63566 -7.07107 2.56457
      vertex -5.66324 -7.3511 2.56457
    endloop
  endfacet
  facet normal -0.0906147 -0.920078 0.381111
    outer loop
      vertex -6.79103 -5.66324 2.56457
      vertex -7.07107 -5.63566 2.56457
      vertex -7.07107 -5.74819 2.2929
    endloop
  endfacet
  facet normal -0.334163 -0.625106 0.705392
    outer loop
      vertex -6.42688 -6.10697 2.04841
      vertex -6.62734 -5.99981 2.04841
      vertex -6.70691 -6.19191 1.84048
    endloop
  endfacet
  facet normal -0.268372 -0.884727 0.381096
    outer loop
      vertex -6.56482 -5.84888 2.2929
      vertex -6.52176 -5.74492 2.56457
      vertex -6.79103 -5.66324 2.56457
    endloop
  endfacet
  facet normal -0.43583 -0.815368 0.381086
    outer loop
      vertex -6.33611 -5.97113 2.2929
      vertex -6.2736 -5.87757 2.56457
      vertex -6.56482 -5.84888 2.2929
    endloop
  endfacet
  facet normal -0.0980048 -0.995186 0
    outer loop
      vertex -7.07107 -5.57829 2.85297
      vertex -6.77984 -5.60697 3.14703
      vertex -7.07107 -5.57829 3.14703
    endloop
  endfacet
  facet normal -0.0980048 -0.995186 -0
    outer loop
      vertex -6.77984 -5.60697 3.14703
      vertex -7.07107 -5.57829 2.85297
      vertex -6.77984 -5.60697 2.85297
    endloop
  endfacet
  facet normal 0.0961492 -0.976239 0.194198
    outer loop
      vertex -7.07107 -5.63566 2.56457
      vertex -7.07107 -5.57829 2.85297
      vertex -7.3511 -5.66324 2.56457
    endloop
  endfacet
  facet normal 0.0906179 -0.920078 0.381111
    outer loop
      vertex -7.07107 -5.74819 2.2929
      vertex -7.07107 -5.63566 2.56457
      vertex -7.3511 -5.66324 2.56457
    endloop
  endfacet
  facet normal 0.353616 -0.430889 -0.830235
    outer loop
      vertex -7.59974 -6.27985 4.15952
      vertex -7.46391 -6.48314 4.32288
      vertex -7.74394 -6.39819 4.15952
    endloop
  endfacet
  facet normal -0.111548 -0.367715 -0.923224
    outer loop
      vertex -6.80047 -6.4178 4.32288
      vertex -6.90444 -6.66879 4.43541
      vertex -6.93312 -6.37756 4.32288
    endloop
  endfacet
  facet normal 0.243783 -0.297042 -0.92322
    outer loop
      vertex -7.31298 -6.70902 4.43541
      vertex -7.37896 -6.76317 4.43541
      vertex -7.46391 -6.48314 4.32288
    endloop
  endfacet
  facet normal 0.187565 -0.0569224 -0.980601
    outer loop
      vertex -7.2069 -7.0148 4.49278
      vertex -7.21527 -7.04238 4.49278
      vertex -7.49813 -6.98612 4.43541
    endloop
  endfacet
  facet normal -0.151535 0.12433 -0.980601
    outer loop
      vertex -6.94882 -7.15275 4.49278
      vertex -6.76317 -7.37896 4.43541
      vertex -6.9671 -7.17503 4.49278
    endloop
  endfacet
  facet normal -0.0192194 -0.195064 -0.980602
    outer loop
      vertex -6.98612 -6.64401 4.43541
      vertex -7.04238 -6.92687 4.49278
      vertex -7.07107 -6.63564 4.43541
    endloop
  endfacet
  facet normal 0.0376343 0.38242 -0.923222
    outer loop
      vertex -7.15602 -7.49813 4.43541
      vertex -7.07107 -7.50649 4.43541
      vertex -7.20901 -7.76458 4.32288
    endloop
  endfacet
  facet normal 0.547927 -0.449667 -0.70539
    outer loop
      vertex -7.89097 -6.25117 3.95159
      vertex -7.74394 -6.39819 4.15952
      vertex -8.03517 -6.42688 3.95159
    endloop
  endfacet
  facet normal 0.554733 0.0546546 -0.830231
    outer loop
      vertex -7.76458 -7.20901 4.32288
      vertex -8.00437 -7.25671 4.15952
      vertex -8.02266 -7.07107 4.15952
    endloop
  endfacet
  facet normal 0.297039 -0.243786 -0.923221
    outer loop
      vertex -7.57106 -6.57108 4.32288
      vertex -7.37896 -6.76317 4.43541
      vertex -7.659 -6.67823 4.32288
    endloop
  endfacet
  facet normal 0.297035 0.243777 -0.923224
    outer loop
      vertex -7.43311 -7.31298 4.43541
      vertex -7.37896 -7.37896 4.43541
      vertex -7.659 -7.46391 4.32288
    endloop
  endfacet
  facet normal 0.243781 0.297033 -0.923224
    outer loop
      vertex -7.37896 -7.37896 4.43541
      vertex -7.46391 -7.659 4.32288
      vertex -7.57106 -7.57106 4.32288
    endloop
  endfacet
  facet normal 0.449669 -0.547929 -0.705388
    outer loop
      vertex -7.71526 -6.10697 3.95159
      vertex -7.74394 -6.39819 4.15952
      vertex -7.89097 -6.25117 3.95159
    endloop
  endfacet
  facet normal 0.528259 -0.643692 -0.553717
    outer loop
      vertex -7.80602 -5.97113 3.70709
      vertex -7.71526 -6.10697 3.95159
      vertex -8.00649 -6.13565 3.70709
    endloop
  endfacet
  facet normal 0.622306 -0.758305 -0.194189
    outer loop
      vertex -7.90041 -5.82987 3.14703
      vertex -7.86854 -5.87757 3.43543
      vertex -8.12662 -6.01551 3.14703
    endloop
  endfacet
  facet normal 0.462431 -0.865127 0.194198
    outer loop
      vertex -7.62037 -5.74492 2.56457
      vertex -7.64233 -5.69192 2.85297
      vertex -7.90041 -5.82987 2.85297
    endloop
  endfacet
  facet normal 0.462424 -0.865132 0.19419
    outer loop
      vertex -7.86854 -5.87757 2.56457
      vertex -7.62037 -5.74492 2.56457
      vertex -7.90041 -5.82987 2.85297
    endloop
  endfacet
  facet normal 0.622306 -0.758305 0.194189
    outer loop
      vertex -7.86854 -5.87757 2.56457
      vertex -7.90041 -5.82987 2.85297
      vertex -8.12662 -6.01551 2.85297
    endloop
  endfacet
  facet normal 0.0980081 -0.995186 0
    outer loop
      vertex -7.36229 -5.60697 2.85297
      vertex -7.07107 -5.57829 3.14703
      vertex -7.36229 -5.60697 3.14703
    endloop
  endfacet
  facet normal 0.0980081 -0.995186 0
    outer loop
      vertex -7.07107 -5.57829 3.14703
      vertex -7.36229 -5.60697 2.85297
      vertex -7.07107 -5.57829 2.85297
    endloop
  endfacet
  facet normal 0.284752 -0.938725 -0.194194
    outer loop
      vertex -7.3511 -5.66324 3.43543
      vertex -7.62037 -5.74492 3.43543
      vertex -7.64233 -5.69192 3.14703
    endloop
  endfacet
  facet normal 0.462431 -0.865127 -0.194198
    outer loop
      vertex -7.64233 -5.69192 3.14703
      vertex -7.62037 -5.74492 3.43543
      vertex -7.90041 -5.82987 3.14703
    endloop
  endfacet
  facet normal 0.081592 -0.8287 -0.553714
    outer loop
      vertex -7.07107 -5.74819 3.70709
      vertex -7.29728 -5.93383 3.95159
      vertex -7.32915 -5.7736 3.70709
    endloop
  endfacet
  facet normal -0.205747 -0.678298 -0.705393
    outer loop
      vertex -6.62734 -5.99981 3.95159
      vertex -6.70691 -6.19191 4.15952
      vertex -6.84486 -5.93383 3.95159
    endloop
  endfacet
  facet normal -0.0961458 -0.976239 -0.194198
    outer loop
      vertex -7.07107 -5.57829 3.14703
      vertex -6.79103 -5.66324 3.43543
      vertex -7.07107 -5.63566 3.43543
    endloop
  endfacet
  facet normal 0.0961492 -0.976239 -0.194198
    outer loop
      vertex -7.07107 -5.57829 3.14703
      vertex -7.07107 -5.63566 3.43543
      vertex -7.3511 -5.66324 3.43543
    endloop
  endfacet
  facet normal -0.528259 -0.643692 -0.553717
    outer loop
      vertex -6.13565 -6.13565 3.70709
      vertex -6.25117 -6.25117 3.95159
      vertex -6.42688 -6.10697 3.95159
    endloop
  endfacet
  facet normal -0.586534 -0.714664 -0.381095
    outer loop
      vertex -6.2736 -5.87757 3.43543
      vertex -6.13565 -6.13565 3.70709
      vertex -6.33611 -5.97113 3.70709
    endloop
  endfacet
  facet normal -0.195064 0.0192193 0.980602
    outer loop
      vertex -6.64401 -7.15602 1.56459
      vertex -6.63564 -7.07107 1.56459
      vertex -6.92687 -7.09975 1.50722
    endloop
  endfacet
  facet normal 0.0924106 -0.172853 0.980603
    outer loop
      vertex -7.15275 -6.94882 1.50722
      vertex -7.12733 -6.93523 1.50722
      vertex -7.31298 -6.70902 1.56459
    endloop
  endfacet
  facet normal -0.195064 -0.0192194 0.980602
    outer loop
      vertex -6.63564 -7.07107 1.56459
      vertex -6.64401 -6.98612 1.56459
      vertex -6.92687 -7.04238 1.50722
    endloop
  endfacet
  facet normal -0.430882 -0.35361 0.830242
    outer loop
      vertex -6.27985 -6.54239 1.84048
      vertex -6.39819 -6.39819 1.84048
      vertex -6.48314 -6.67823 1.67712
    endloop
  endfacet
  facet normal -0.12433 0.151535 0.980601
    outer loop
      vertex -6.76317 -7.37896 1.56459
      vertex -6.9671 -7.17503 1.50722
      vertex -6.98938 -7.19331 1.50722
    endloop
  endfacet
  facet normal -0.151514 0.124348 0.980603
    outer loop
      vertex -6.76317 -7.37896 1.56459
      vertex -6.70902 -7.31298 1.56459
      vertex -6.94882 -7.15275 1.50722
    endloop
  endfacet
  facet normal 0.0376481 0.382414 0.923224
    outer loop
      vertex -7.07107 -7.77816 1.67712
      vertex -7.07107 -7.50649 1.56459
      vertex -7.20901 -7.76458 1.67712
    endloop
  endfacet
  facet normal 0.0694781 0.705415 0.705381
    outer loop
      vertex -7.07107 -8.23058 2.04841
      vertex -7.07107 -8.02266 1.84048
      vertex -7.29728 -8.2083 2.04841
    endloop
  endfacet
  facet normal 0.297035 0.243777 0.923224
    outer loop
      vertex -7.37896 -7.37896 1.56459
      vertex -7.43311 -7.31298 1.56459
      vertex -7.659 -7.46391 1.67712
    endloop
  endfacet
  facet normal 0.297039 -0.243786 0.923221
    outer loop
      vertex -7.37896 -6.76317 1.56459
      vertex -7.57106 -6.57108 1.67712
      vertex -7.659 -6.67823 1.67712
    endloop
  endfacet
  facet normal -0.0376342 0.382419 0.923222
    outer loop
      vertex -6.93312 -7.76458 1.67712
      vertex -6.98612 -7.49813 1.56459
      vertex -7.07107 -7.50649 1.56459
    endloop
  endfacet
  facet normal -0.0816193 0.828685 0.553733
    outer loop
      vertex -6.84486 -8.2083 2.04841
      vertex -7.07107 -8.23058 2.04841
      vertex -7.07107 -8.39395 2.2929
    endloop
  endfacet
  facet normal 0.734379 0.39254 0.553714
    outer loop
      vertex -8.171 -7.80602 2.2929
      vertex -8.03517 -7.71526 2.04841
      vertex -8.29325 -7.57731 2.2929
    endloop
  endfacet
  facet normal 0.44969 0.547912 0.705387
    outer loop
      vertex -7.71526 -8.03517 2.04841
      vertex -7.59974 -7.86229 1.84048
      vertex -7.74394 -7.74394 1.84048
    endloop
  endfacet
  facet normal 0.920078 0.0906179 0.381111
    outer loop
      vertex -8.4789 -7.3511 2.56457
      vertex -8.39395 -7.07107 2.2929
      vertex -8.50648 -7.07107 2.56457
    endloop
  endfacet
  facet normal 0.920075 0.0906242 0.381116
    outer loop
      vertex -8.36853 -7.32915 2.2929
      vertex -8.39395 -7.07107 2.2929
      vertex -8.4789 -7.3511 2.56457
    endloop
  endfacet
  facet normal 0.714686 0.586487 0.381125
    outer loop
      vertex -8.00649 -8.00649 2.2929
      vertex -8.171 -7.80602 2.2929
      vertex -8.26457 -7.86854 2.56457
    endloop
  endfacet
  facet normal 0.714679 0.586508 0.381107
    outer loop
      vertex -8.08606 -8.08606 2.56457
      vertex -8.00649 -8.00649 2.2929
      vertex -8.26457 -7.86854 2.56457
    endloop
  endfacet
  facet normal 0.815381 0.435798 0.381096
    outer loop
      vertex -8.26457 -7.86854 2.56457
      vertex -8.29325 -7.57731 2.2929
      vertex -8.39721 -7.62037 2.56457
    endloop
  endfacet
  facet normal 0.884718 0.268402 0.381097
    outer loop
      vertex -8.39721 -7.62037 2.56457
      vertex -8.29325 -7.57731 2.2929
      vertex -8.4789 -7.3511 2.56457
    endloop
  endfacet
  facet normal 0.73438 0.392522 0.553726
    outer loop
      vertex -8.03517 -7.71526 2.04841
      vertex -8.14232 -7.51479 2.04841
      vertex -8.29325 -7.57731 2.2929
    endloop
  endfacet
  facet normal 0.491598 0.262757 0.830235
    outer loop
      vertex -7.86229 -7.59974 1.84048
      vertex -7.659 -7.46391 1.67712
      vertex -7.95022 -7.43523 1.84048
    endloop
  endfacet
  facet normal 0.268402 0.884718 0.381097
    outer loop
      vertex -7.3511 -8.4789 2.56457
      vertex -7.57731 -8.29325 2.2929
      vertex -7.62037 -8.39721 2.56457
    endloop
  endfacet
  facet normal 0.0906242 0.920075 0.381116
    outer loop
      vertex -7.07107 -8.39395 2.2929
      vertex -7.32915 -8.36853 2.2929
      vertex -7.3511 -8.4789 2.56457
    endloop
  endfacet
  facet normal 0.471379 0.881931 -0
    outer loop
      vertex -7.64233 -8.45021 2.85297
      vertex -7.90041 -8.31227 3.14703
      vertex -7.64233 -8.45021 3.14703
    endloop
  endfacet
  facet normal 0.471379 0.881931 0
    outer loop
      vertex -7.90041 -8.31227 3.14703
      vertex -7.64233 -8.45021 2.85297
      vertex -7.90041 -8.31227 2.85297
    endloop
  endfacet
  facet normal 0.0546546 0.554733 -0.830231
    outer loop
      vertex -7.20901 -7.76458 4.32288
      vertex -7.07107 -8.02266 4.15952
      vertex -7.25671 -8.00437 4.15952
    endloop
  endfacet
  facet normal 0.353635 0.430876 -0.830234
    outer loop
      vertex -7.46391 -7.659 4.32288
      vertex -7.59974 -7.86229 4.15952
      vertex -7.74394 -7.74394 4.15952
    endloop
  endfacet
  facet normal 0.865147 0.462397 -0.194189
    outer loop
      vertex -8.26457 -7.86854 3.43543
      vertex -8.31227 -7.90041 3.14703
      vertex -8.39721 -7.62037 3.43543
    endloop
  endfacet
  facet normal 0.758289 0.622326 -0.194188
    outer loop
      vertex -8.26457 -7.86854 3.43543
      vertex -8.12662 -8.12662 3.14703
      vertex -8.31227 -7.90041 3.14703
    endloop
  endfacet
  facet normal 0.528247 0.643716 -0.5537
    outer loop
      vertex -7.71526 -8.03517 3.95159
      vertex -7.80602 -8.171 3.70709
      vertex -8.00649 -8.00649 3.70709
    endloop
  endfacet
  facet normal 0.528259 0.643692 -0.553717
    outer loop
      vertex -7.89097 -7.89097 3.95159
      vertex -7.71526 -8.03517 3.95159
      vertex -8.00649 -8.00649 3.70709
    endloop
  endfacet
  facet normal 0.547919 0.449661 -0.705401
    outer loop
      vertex -7.74394 -7.74394 4.15952
      vertex -7.89097 -7.89097 3.95159
      vertex -8.03517 -7.71526 3.95159
    endloop
  endfacet
  facet normal 0.430876 0.353635 -0.830234
    outer loop
      vertex -7.659 -7.46391 4.32288
      vertex -7.74394 -7.74394 4.15952
      vertex -7.86229 -7.59974 4.15952
    endloop
  endfacet
  facet normal 0.734389 0.392527 -0.55371
    outer loop
      vertex -8.14232 -7.51479 3.95159
      vertex -8.03517 -7.71526 3.95159
      vertex -8.29325 -7.57731 3.70709
    endloop
  endfacet
  facet normal 0.625131 0.334129 -0.705386
    outer loop
      vertex -7.95022 -7.43523 4.15952
      vertex -8.03517 -7.71526 3.95159
      vertex -8.14232 -7.51479 3.95159
    endloop
  endfacet
  facet normal 0.976245 -0.0961395 -0.194172
    outer loop
      vertex -8.53516 -6.77984 3.14703
      vertex -8.4789 -6.79103 3.43543
      vertex -8.56384 -7.07107 3.14703
    endloop
  endfacet
  facet normal 0.828695 0.0816203 -0.553717
    outer loop
      vertex -8.23058 -7.07107 3.95159
      vertex -8.2083 -7.29728 3.95159
      vertex -8.39395 -7.07107 3.70709
    endloop
  endfacet
  facet normal 0.796855 0.24172 -0.553708
    outer loop
      vertex -8.2083 -7.29728 3.95159
      vertex -8.14232 -7.51479 3.95159
      vertex -8.29325 -7.57731 3.70709
    endloop
  endfacet
  facet normal 0.79685 0.241726 -0.553714
    outer loop
      vertex -8.2083 -7.29728 3.95159
      vertex -8.29325 -7.57731 3.70709
      vertex -8.36853 -7.32915 3.70709
    endloop
  endfacet
  facet normal 0.884712 -0.268369 -0.381135
    outer loop
      vertex -8.29325 -6.56482 3.70709
      vertex -8.36853 -6.81299 3.70709
      vertex -8.4789 -6.79103 3.43543
    endloop
  endfacet
  facet normal 0.884713 -0.268401 -0.381109
    outer loop
      vertex -8.39721 -6.52176 3.43543
      vertex -8.29325 -6.56482 3.70709
      vertex -8.4789 -6.79103 3.43543
    endloop
  endfacet
  facet normal 0.758289 0.622326 0.194188
    outer loop
      vertex -8.12662 -8.12662 2.85297
      vertex -8.26457 -7.86854 2.56457
      vertex -8.31227 -7.90041 2.85297
    endloop
  endfacet
  facet normal 0.773003 0.634402 0
    outer loop
      vertex -8.12662 -8.12662 3.14703
      vertex -8.31227 -7.90041 2.85297
      vertex -8.31227 -7.90041 3.14703
    endloop
  endfacet
  facet normal 0.773003 0.634402 0
    outer loop
      vertex -8.31227 -7.90041 2.85297
      vertex -8.12662 -8.12662 3.14703
      vertex -8.12662 -8.12662 2.85297
    endloop
  endfacet
  facet normal 0.976245 -0.0961395 0.194172
    outer loop
      vertex -8.4789 -6.79103 2.56457
      vertex -8.53516 -6.77984 2.85297
      vertex -8.56384 -7.07107 2.85297
    endloop
  endfacet
  facet normal 0.976245 0.0961499 0.194166
    outer loop
      vertex -8.4789 -7.3511 2.56457
      vertex -8.50648 -7.07107 2.56457
      vertex -8.56384 -7.07107 2.85297
    endloop
  endfacet
  facet normal 0.622308 -0.758302 -0.194193
    outer loop
      vertex -7.86854 -5.87757 3.43543
      vertex -8.08606 -6.05608 3.43543
      vertex -8.12662 -6.01551 3.14703
    endloop
  endfacet
  facet normal 0.865151 -0.462393 -0.194183
    outer loop
      vertex -8.31227 -6.24172 3.14703
      vertex -8.39721 -6.52176 3.43543
      vertex -8.45021 -6.49981 3.14703
    endloop
  endfacet
  facet normal 0.181133 0.338897 -0.923223
    outer loop
      vertex -7.2377 -7.47335 4.43541
      vertex -7.34166 -7.72434 4.32288
      vertex -7.46391 -7.659 4.32288
    endloop
  endfacet
  facet normal 0.111549 0.367718 -0.923223
    outer loop
      vertex -7.2377 -7.47335 4.43541
      vertex -7.20901 -7.76458 4.32288
      vertex -7.34166 -7.72434 4.32288
    endloop
  endfacet
  facet normal 0.0191802 0.195066 -0.980602
    outer loop
      vertex -7.07107 -7.21809 4.49278
      vertex -7.07107 -7.50649 4.43541
      vertex -7.09975 -7.21527 4.49278
    endloop
  endfacet
  facet normal -0.0192415 -0.195066 -0.980601
    outer loop
      vertex -7.07107 -6.63564 4.43541
      vertex -7.04238 -6.92687 4.49278
      vertex -7.07107 -6.92404 4.49278
    endloop
  endfacet
  facet normal -0.0924121 0.172856 -0.980602
    outer loop
      vertex -6.98938 -7.19331 4.49278
      vertex -6.82916 -7.43311 4.43541
      vertex -7.0148 -7.2069 4.49278
    endloop
  endfacet
  facet normal -0.243786 0.297039 -0.923221
    outer loop
      vertex -6.57108 -7.57106 4.32288
      vertex -6.67823 -7.659 4.32288
      vertex -6.76317 -7.37896 4.43541
    endloop
  endfacet
  facet normal -0.528257 0.643696 -0.553714
    outer loop
      vertex -6.13565 -8.00649 3.70709
      vertex -6.33611 -8.171 3.70709
      vertex -6.42688 -8.03517 3.95159
    endloop
  endfacet
  facet normal -0.181142 0.338886 -0.923225
    outer loop
      vertex -6.67823 -7.659 4.32288
      vertex -6.80047 -7.72434 4.32288
      vertex -6.90444 -7.47335 4.43541
    endloop
  endfacet
  facet normal -0.0568583 -0.187578 -0.980603
    outer loop
      vertex -6.98612 -6.64401 4.43541
      vertex -7.0148 -6.93523 4.49278
      vertex -7.04238 -6.92687 4.49278
    endloop
  endfacet
  facet normal -0.353626 0.430874 -0.830239
    outer loop
      vertex -6.57108 -7.57106 4.32288
      vertex -6.39819 -7.74394 4.15952
      vertex -6.67823 -7.659 4.32288
    endloop
  endfacet
  facet normal -0.0694955 0.705404 -0.70539
    outer loop
      vertex -6.88542 -8.00437 4.15952
      vertex -6.84486 -8.2083 3.95159
      vertex -7.07107 -8.02266 4.15952
    endloop
  endfacet
  facet normal -0.0694781 0.705415 -0.705381
    outer loop
      vertex -7.07107 -8.02266 4.15952
      vertex -6.84486 -8.2083 3.95159
      vertex -7.07107 -8.23058 3.95159
    endloop
  endfacet
  facet normal 0.33413 0.62513 -0.705387
    outer loop
      vertex -7.59974 -7.86229 4.15952
      vertex -7.43523 -7.95022 4.15952
      vertex -7.71526 -8.03517 3.95159
    endloop
  endfacet
  facet normal 0.334129 0.625131 -0.705386
    outer loop
      vertex -7.43523 -7.95022 4.15952
      vertex -7.51479 -8.14232 3.95159
      vertex -7.71526 -8.03517 3.95159
    endloop
  endfacet
  facet normal 0.26838 0.884712 -0.381126
    outer loop
      vertex -7.32915 -8.36853 3.70709
      vertex -7.3511 -8.4789 3.43543
      vertex -7.57731 -8.29325 3.70709
    endloop
  endfacet
  facet normal 0.284762 0.938727 -0.194172
    outer loop
      vertex -7.3511 -8.4789 3.43543
      vertex -7.36229 -8.53516 3.14703
      vertex -7.64233 -8.45021 3.14703
    endloop
  endfacet
  facet normal -0.678298 -0.205747 0.705393
    outer loop
      vertex -5.93383 -6.84486 2.04841
      vertex -5.99981 -6.62734 2.04841
      vertex -6.19191 -6.70691 1.84048
    endloop
  endfacet
  facet normal -0.625129 -0.334147 0.705379
    outer loop
      vertex -6.19191 -6.70691 1.84048
      vertex -6.10697 -6.42688 2.04841
      vertex -6.27985 -6.54239 1.84048
    endloop
  endfacet
  facet normal -0.815359 0.435825 -0.381112
    outer loop
      vertex -5.84888 -7.57731 3.70709
      vertex -5.87757 -7.86854 3.43543
      vertex -5.97113 -7.80602 3.70709
    endloop
  endfacet
  facet normal -0.430889 0.353616 -0.830235
    outer loop
      vertex -6.27985 -7.59974 4.15952
      vertex -6.39819 -7.74394 4.15952
      vertex -6.48314 -7.46391 4.32288
    endloop
  endfacet
  facet normal -0.796855 0.24172 -0.553708
    outer loop
      vertex -5.93383 -7.29728 3.95159
      vertex -5.84888 -7.57731 3.70709
      vertex -5.99981 -7.51479 3.95159
    endloop
  endfacet
  facet normal -0.920086 0.0905897 -0.381098
    outer loop
      vertex -5.74819 -7.07107 3.70709
      vertex -5.66324 -7.3511 3.43543
      vertex -5.7736 -7.32915 3.70709
    endloop
  endfacet
  facet normal -0.533405 0.161796 -0.830241
    outer loop
      vertex -6.13776 -7.25671 4.15952
      vertex -6.19191 -7.43523 4.15952
      vertex -6.37756 -7.20901 4.32288
    endloop
  endfacet
  facet normal -0.705407 0.0694616 -0.70539
    outer loop
      vertex -6.11948 -7.07107 4.15952
      vertex -5.93383 -7.29728 3.95159
      vertex -6.13776 -7.25671 4.15952
    endloop
  endfacet
  facet normal -0.734367 -0.392571 -0.553708
    outer loop
      vertex -5.84888 -6.56482 3.70709
      vertex -5.99981 -6.62734 3.95159
      vertex -6.10697 -6.42688 3.95159
    endloop
  endfacet
  facet normal -0.678298 -0.205747 -0.705393
    outer loop
      vertex -5.99981 -6.62734 3.95159
      vertex -5.93383 -6.84486 3.95159
      vertex -6.19191 -6.70691 4.15952
    endloop
  endfacet
  facet normal -0.533395 0.161808 0.830246
    outer loop
      vertex -6.19191 -7.43523 1.84048
      vertex -6.37756 -7.20901 1.67712
      vertex -6.4178 -7.34166 1.67712
    endloop
  endfacet
  facet normal -0.430872 0.353625 0.83024
    outer loop
      vertex -6.39819 -7.74394 1.84048
      vertex -6.48314 -7.46391 1.67712
      vertex -6.57108 -7.57106 1.67712
    endloop
  endfacet
  facet normal -0.243754 0.297051 0.923225
    outer loop
      vertex -6.67823 -7.659 1.67712
      vertex -6.76317 -7.37896 1.56459
      vertex -6.82916 -7.43311 1.56459
    endloop
  endfacet
  facet normal -0.243786 0.297039 0.923221
    outer loop
      vertex -6.67823 -7.659 1.67712
      vertex -6.57108 -7.57106 1.67712
      vertex -6.76317 -7.37896 1.56459
    endloop
  endfacet
  facet normal -0.622323 0.758285 -0.194209
    outer loop
      vertex -6.01551 -8.12662 3.14703
      vertex -6.24172 -8.31227 3.14703
      vertex -6.2736 -8.26457 3.43543
    endloop
  endfacet
  facet normal -0.43581 0.815369 -0.381108
    outer loop
      vertex -6.2736 -8.26457 3.43543
      vertex -6.52176 -8.39721 3.43543
      vertex -6.56482 -8.29325 3.70709
    endloop
  endfacet
  facet normal -0.815356 -0.435836 -0.381107
    outer loop
      vertex -5.74492 -6.52176 3.43543
      vertex -5.84888 -6.56482 3.70709
      vertex -5.87757 -6.2736 3.43543
    endloop
  endfacet
  facet normal -0.884723 -0.268371 -0.381108
    outer loop
      vertex -5.74492 -6.52176 3.43543
      vertex -5.66324 -6.79103 3.43543
      vertex -5.84888 -6.56482 3.70709
    endloop
  endfacet
  facet normal -0.920073 -0.0906143 -0.381123
    outer loop
      vertex -5.66324 -6.79103 3.43543
      vertex -5.63566 -7.07107 3.43543
      vertex -5.74819 -7.07107 3.70709
    endloop
  endfacet
  facet normal -0.920085 -0.0905895 -0.381101
    outer loop
      vertex -5.66324 -6.79103 3.43543
      vertex -5.74819 -7.07107 3.70709
      vertex -5.7736 -6.81299 3.70709
    endloop
  endfacet
  facet normal 0.262742 -0.491586 0.830247
    outer loop
      vertex -7.34166 -6.4178 1.67712
      vertex -7.43523 -6.19191 1.84048
      vertex -7.46391 -6.48314 1.67712
    endloop
  endfacet
  facet normal 0.353625 -0.430872 0.83024
    outer loop
      vertex -7.57106 -6.57108 1.67712
      vertex -7.46391 -6.48314 1.67712
      vertex -7.74394 -6.39819 1.84048
    endloop
  endfacet
  facet normal 0.0923848 -0.172874 0.980602
    outer loop
      vertex -7.12733 -6.93523 1.50722
      vertex -7.2377 -6.66879 1.56459
      vertex -7.31298 -6.70902 1.56459
    endloop
  endfacet
  facet normal 0.491599 -0.262742 0.830239
    outer loop
      vertex -7.659 -6.67823 1.67712
      vertex -7.86229 -6.54239 1.84048
      vertex -7.95022 -6.70691 1.84048
    endloop
  endfacet
  facet normal -0.0923863 -0.172877 0.980601
    outer loop
      vertex -6.82916 -6.70902 1.56459
      vertex -6.90444 -6.66879 1.56459
      vertex -7.0148 -6.93523 1.50722
    endloop
  endfacet
  facet normal 0.0546236 -0.554723 0.83024
    outer loop
      vertex -7.20901 -6.37756 1.67712
      vertex -7.07107 -6.11948 1.84048
      vertex -7.25671 -6.13776 1.84048
    endloop
  endfacet
  facet normal 0.111549 -0.367718 0.923223
    outer loop
      vertex -7.2377 -6.66879 1.56459
      vertex -7.20901 -6.37756 1.67712
      vertex -7.34166 -6.4178 1.67712
    endloop
  endfacet
  facet normal 0.111558 -0.367719 0.923221
    outer loop
      vertex -7.15602 -6.64401 1.56459
      vertex -7.20901 -6.37756 1.67712
      vertex -7.2377 -6.66879 1.56459
    endloop
  endfacet
  facet normal 0.172856 -0.0924121 0.980602
    outer loop
      vertex -7.2069 -7.0148 1.50722
      vertex -7.19331 -6.98938 1.50722
      vertex -7.43311 -6.82916 1.56459
    endloop
  endfacet
  facet normal -0.554733 -0.0546489 0.830232
    outer loop
      vertex -6.36397 -7.07107 1.67712
      vertex -6.11948 -7.07107 1.84048
      vertex -6.37756 -6.93312 1.67712
    endloop
  endfacet
  facet normal -0.758302 -0.622303 0.194209
    outer loop
      vertex -5.87757 -6.2736 2.56457
      vertex -5.82987 -6.24172 2.85297
      vertex -6.01551 -6.01551 2.85297
    endloop
  endfacet
  facet normal -0.449676 -0.547937 0.705377
    outer loop
      vertex -6.39819 -6.39819 1.84048
      vertex -6.25117 -6.25117 2.04841
      vertex -6.42688 -6.10697 2.04841
    endloop
  endfacet
  facet normal -0.528253 -0.643684 0.553733
    outer loop
      vertex -6.25117 -6.25117 2.04841
      vertex -6.13565 -6.13565 2.2929
      vertex -6.42688 -6.10697 2.04841
    endloop
  endfacet
  facet normal -0.865122 -0.462437 0.194205
    outer loop
      vertex -5.74492 -6.52176 2.56457
      vertex -5.82987 -6.24172 2.85297
      vertex -5.87757 -6.2736 2.56457
    endloop
  endfacet
  facet normal -0.392542 0.734382 -0.55371
    outer loop
      vertex -6.42688 -8.03517 3.95159
      vertex -6.33611 -8.171 3.70709
      vertex -6.56482 -8.29325 3.70709
    endloop
  endfacet
  facet normal -0.586506 0.714674 -0.381118
    outer loop
      vertex -6.13565 -8.00649 3.70709
      vertex -6.2736 -8.26457 3.43543
      vertex -6.33611 -8.171 3.70709
    endloop
  endfacet
  facet normal 0.290287 0.95694 -0
    outer loop
      vertex -7.36229 -8.53516 2.85297
      vertex -7.64233 -8.45021 3.14703
      vertex -7.36229 -8.53516 3.14703
    endloop
  endfacet
  facet normal 0.290287 0.95694 0
    outer loop
      vertex -7.64233 -8.45021 3.14703
      vertex -7.36229 -8.53516 2.85297
      vertex -7.64233 -8.45021 2.85297
    endloop
  endfacet
  facet normal 0.0961428 0.976245 0.194173
    outer loop
      vertex -7.07107 -8.56384 2.85297
      vertex -7.3511 -8.4789 2.56457
      vertex -7.36229 -8.53516 2.85297
    endloop
  endfacet
  facet normal -0.0961465 0.976246 -0.194166
    outer loop
      vertex -7.07107 -8.50648 3.43543
      vertex -6.79103 -8.4789 3.43543
      vertex -7.07107 -8.56384 3.14703
    endloop
  endfacet
  facet normal -0.0906147 0.920078 0.381111
    outer loop
      vertex -6.79103 -8.4789 2.56457
      vertex -7.07107 -8.39395 2.2929
      vertex -7.07107 -8.50648 2.56457
    endloop
  endfacet
  facet normal -0.0961465 0.976246 0.194166
    outer loop
      vertex -6.79103 -8.4789 2.56457
      vertex -7.07107 -8.50648 2.56457
      vertex -7.07107 -8.56384 2.85297
    endloop
  endfacet
  facet normal -0.290297 0.956937 0
    outer loop
      vertex -6.49981 -8.45021 2.85297
      vertex -6.77984 -8.53516 3.14703
      vertex -6.49981 -8.45021 3.14703
    endloop
  endfacet
  facet normal -0.290297 0.956937 0
    outer loop
      vertex -6.77984 -8.53516 3.14703
      vertex -6.49981 -8.45021 2.85297
      vertex -6.77984 -8.53516 2.85297
    endloop
  endfacet
  facet normal -0.77302 0.634382 0
    outer loop
      vertex -6.01551 -8.12662 2.85297
      vertex -5.82987 -7.90041 3.14703
      vertex -5.82987 -7.90041 2.85297
    endloop
  endfacet
  facet normal -0.77302 0.634382 0
    outer loop
      vertex -5.82987 -7.90041 3.14703
      vertex -6.01551 -8.12662 2.85297
      vertex -6.01551 -8.12662 3.14703
    endloop
  endfacet
  facet normal -0.334138 0.625117 0.705393
    outer loop
      vertex -6.62734 -8.14232 2.04841
      vertex -6.42688 -8.03517 2.04841
      vertex -6.70691 -7.95022 1.84048
    endloop
  endfacet
  facet normal -0.392537 0.734372 0.553725
    outer loop
      vertex -6.56482 -8.29325 2.2929
      vertex -6.42688 -8.03517 2.04841
      vertex -6.62734 -8.14232 2.04841
    endloop
  endfacet
  facet normal -0.353629 0.430868 0.830241
    outer loop
      vertex -6.54239 -7.86229 1.84048
      vertex -6.39819 -7.74394 1.84048
      vertex -6.67823 -7.659 1.67712
    endloop
  endfacet
  facet normal -0.449697 0.54792 0.705377
    outer loop
      vertex -6.42688 -8.03517 2.04841
      vertex -6.39819 -7.74394 1.84048
      vertex -6.54239 -7.86229 1.84048
    endloop
  endfacet
  facet normal -0.865127 0.462431 0.194198
    outer loop
      vertex -5.69192 -7.64233 2.85297
      vertex -5.74492 -7.62037 2.56457
      vertex -5.82987 -7.90041 2.85297
    endloop
  endfacet
  facet normal -0.865132 0.462424 0.19419
    outer loop
      vertex -5.82987 -7.90041 2.85297
      vertex -5.74492 -7.62037 2.56457
      vertex -5.87757 -7.86854 2.56457
    endloop
  endfacet
  facet normal -0.491586 0.262742 0.830247
    outer loop
      vertex -6.19191 -7.43523 1.84048
      vertex -6.4178 -7.34166 1.67712
      vertex -6.48314 -7.46391 1.67712
    endloop
  endfacet
  facet normal -0.705407 0.0694616 0.70539
    outer loop
      vertex -5.93383 -7.29728 2.04841
      vertex -6.11948 -7.07107 1.84048
      vertex -6.13776 -7.25671 1.84048
    endloop
  endfacet
  facet normal -0.6783 0.205757 0.705389
    outer loop
      vertex -5.99981 -7.51479 2.04841
      vertex -5.93383 -7.29728 2.04841
      vertex -6.19191 -7.43523 1.84048
    endloop
  endfacet
  facet normal -0.625119 0.334154 0.705385
    outer loop
      vertex -6.10697 -7.71526 2.04841
      vertex -5.99981 -7.51479 2.04841
      vertex -6.19191 -7.43523 1.84048
    endloop
  endfacet
  facet normal 0.0924106 -0.172853 -0.980603
    outer loop
      vertex -7.12733 -6.93523 4.49278
      vertex -7.15275 -6.94882 4.49278
      vertex -7.31298 -6.70902 4.43541
    endloop
  endfacet
  facet normal 0.0192482 -0.195066 -0.980601
    outer loop
      vertex -7.07107 -6.63564 4.43541
      vertex -7.07107 -6.92404 4.49278
      vertex -7.09975 -6.92687 4.49278
    endloop
  endfacet
  facet normal -0.491585 -0.262763 -0.830241
    outer loop
      vertex -6.19191 -6.70691 4.15952
      vertex -6.4178 -6.80047 4.32288
      vertex -6.48314 -6.67823 4.32288
    endloop
  endfacet
  facet normal -0.338886 -0.181142 -0.923225
    outer loop
      vertex -6.48314 -6.67823 4.32288
      vertex -6.4178 -6.80047 4.32288
      vertex -6.66879 -6.90444 4.43541
    endloop
  endfacet
  facet normal -0.195064 -0.0192194 -0.980602
    outer loop
      vertex -6.64401 -6.98612 4.43541
      vertex -6.63564 -7.07107 4.43541
      vertex -6.92687 -7.04238 4.49278
    endloop
  endfacet
  facet normal 0.187567 -0.0569039 -0.980602
    outer loop
      vertex -7.47335 -6.90444 4.43541
      vertex -7.2069 -7.0148 4.49278
      vertex -7.49813 -6.98612 4.43541
    endloop
  endfacet
  facet normal 0.625131 0.334129 0.705386
    outer loop
      vertex -8.03517 -7.71526 2.04841
      vertex -7.95022 -7.43523 1.84048
      vertex -8.14232 -7.51479 2.04841
    endloop
  endfacet
  facet normal 0.796845 0.241717 0.553724
    outer loop
      vertex -8.14232 -7.51479 2.04841
      vertex -8.2083 -7.29728 2.04841
      vertex -8.29325 -7.57731 2.2929
    endloop
  endfacet
  facet normal 0.554719 -0.0546073 0.830244
    outer loop
      vertex -7.77816 -7.07107 1.67712
      vertex -7.76458 -6.93312 1.67712
      vertex -8.02266 -7.07107 1.84048
    endloop
  endfacet
  facet normal 0.828685 0.0816193 0.553733
    outer loop
      vertex -8.2083 -7.29728 2.04841
      vertex -8.23058 -7.07107 2.04841
      vertex -8.39395 -7.07107 2.2929
    endloop
  endfacet
  facet normal 0.705415 -0.0694781 0.705381
    outer loop
      vertex -8.02266 -7.07107 1.84048
      vertex -8.2083 -6.84486 2.04841
      vertex -8.23058 -7.07107 2.04841
    endloop
  endfacet
  facet normal 0.884716 -0.26837 0.381123
    outer loop
      vertex -8.36853 -6.81299 2.2929
      vertex -8.29325 -6.56482 2.2929
      vertex -8.4789 -6.79103 2.56457
    endloop
  endfacet
  facet normal 0.205746 -0.678298 0.705394
    outer loop
      vertex -7.25671 -6.13776 1.84048
      vertex -7.29728 -5.93383 2.04841
      vertex -7.43523 -6.19191 1.84048
    endloop
  endfacet
  facet normal 0.734372 -0.392537 0.553725
    outer loop
      vertex -8.14232 -6.62734 2.04841
      vertex -8.03517 -6.42688 2.04841
      vertex -8.29325 -6.56482 2.2929
    endloop
  endfacet
  facet normal -0.920089 -0.09059 0.381089
    outer loop
      vertex -5.74819 -7.07107 2.2929
      vertex -5.66324 -6.79103 2.56457
      vertex -5.7736 -6.81299 2.2929
    endloop
  endfacet
  facet normal -0.82869 -0.081591 0.553729
    outer loop
      vertex -5.74819 -7.07107 2.2929
      vertex -5.7736 -6.81299 2.2929
      vertex -5.93383 -6.84486 2.04841
    endloop
  endfacet
  facet normal -0.920078 0.0906179 0.381111
    outer loop
      vertex -5.66324 -7.3511 2.56457
      vertex -5.63566 -7.07107 2.56457
      vertex -5.74819 -7.07107 2.2929
    endloop
  endfacet
  facet normal -0.920078 -0.0906147 0.381111
    outer loop
      vertex -5.63566 -7.07107 2.56457
      vertex -5.66324 -6.79103 2.56457
      vertex -5.74819 -7.07107 2.2929
    endloop
  endfacet
  facet normal 0.0694765 -0.705398 0.705398
    outer loop
      vertex -7.07107 -6.11948 1.84048
      vertex -7.07107 -5.91155 2.04841
      vertex -7.29728 -5.93383 2.04841
    endloop
  endfacet
  facet normal 0.0816208 -0.8287 0.55371
    outer loop
      vertex -7.07107 -5.91155 2.04841
      vertex -7.07107 -5.74819 2.2929
      vertex -7.29728 -5.93383 2.04841
    endloop
  endfacet
  facet normal -0.284752 -0.938727 0.194185
    outer loop
      vertex -6.52176 -5.74492 2.56457
      vertex -6.49981 -5.69192 2.85297
      vertex -6.79103 -5.66324 2.56457
    endloop
  endfacet
  facet normal -0.586537 -0.714668 0.381083
    outer loop
      vertex -6.13565 -6.13565 2.2929
      vertex -6.2736 -5.87757 2.56457
      vertex -6.33611 -5.97113 2.2929
    endloop
  endfacet
  facet normal -0.643664 -0.528263 0.553747
    outer loop
      vertex -6.10697 -6.42688 2.04841
      vertex -5.97113 -6.33611 2.2929
      vertex -6.13565 -6.13565 2.2929
    endloop
  endfacet
  facet normal -0.241714 -0.796842 0.55373
    outer loop
      vertex -6.56482 -5.84888 2.2929
      vertex -6.81299 -5.7736 2.2929
      vertex -6.84486 -5.93383 2.04841
    endloop
  endfacet
  facet normal -0.081591 -0.82869 0.553729
    outer loop
      vertex -6.84486 -5.93383 2.04841
      vertex -6.81299 -5.7736 2.2929
      vertex -7.07107 -5.74819 2.2929
    endloop
  endfacet
  facet normal -0.290297 -0.956937 0
    outer loop
      vertex -6.77984 -5.60697 2.85297
      vertex -6.49981 -5.69192 3.14703
      vertex -6.77984 -5.60697 3.14703
    endloop
  endfacet
  facet normal -0.290297 -0.956937 -0
    outer loop
      vertex -6.49981 -5.69192 3.14703
      vertex -6.77984 -5.60697 2.85297
      vertex -6.49981 -5.69192 2.85297
    endloop
  endfacet
  facet normal -0.161809 -0.533399 -0.830243
    outer loop
      vertex -6.70691 -6.19191 4.15952
      vertex -6.80047 -6.4178 4.32288
      vertex -6.93312 -6.37756 4.32288
    endloop
  endfacet
  facet normal -0.181142 -0.338886 -0.923225
    outer loop
      vertex -6.80047 -6.4178 4.32288
      vertex -6.67823 -6.48314 4.32288
      vertex -6.90444 -6.66879 4.43541
    endloop
  endfacet
  facet normal 0.0694616 -0.705407 -0.70539
    outer loop
      vertex -7.07107 -6.11948 4.15952
      vertex -7.25671 -6.13776 4.15952
      vertex -7.29728 -5.93383 3.95159
    endloop
  endfacet
  facet normal 0.0923848 -0.172874 -0.980602
    outer loop
      vertex -7.2377 -6.66879 4.43541
      vertex -7.12733 -6.93523 4.49278
      vertex -7.31298 -6.70902 4.43541
    endloop
  endfacet
  facet normal 0.0192193 -0.195064 -0.980602
    outer loop
      vertex -7.07107 -6.63564 4.43541
      vertex -7.09975 -6.92687 4.49278
      vertex -7.15602 -6.64401 4.43541
    endloop
  endfacet
  facet normal -0.187573 -0.0569057 -0.980601
    outer loop
      vertex -6.66879 -6.90444 4.43541
      vertex -6.64401 -6.98612 4.43541
      vertex -6.93523 -7.0148 4.49278
    endloop
  endfacet
  facet normal 0.367719 0.111558 -0.923221
    outer loop
      vertex -7.49813 -7.15602 4.43541
      vertex -7.47335 -7.2377 4.43541
      vertex -7.76458 -7.20901 4.32288
    endloop
  endfacet
  facet normal 0 0 -1
    outer loop
      vertex -6.92687 -7.09975 4.49278
      vertex -6.92687 -7.04238 4.49278
      vertex -6.92404 -7.07107 4.49278
    endloop
  endfacet
  facet normal 0 0 -1
    outer loop
      vertex -6.93523 -7.12733 4.49278
      vertex -6.92687 -7.04238 4.49278
      vertex -6.92687 -7.09975 4.49278
    endloop
  endfacet
  facet normal 0 0 -1
    outer loop
      vertex -6.93523 -7.12733 4.49278
      vertex -6.93523 -7.0148 4.49278
      vertex -6.92687 -7.04238 4.49278
    endloop
  endfacet
  facet normal 0 0 -1
    outer loop
      vertex -6.94882 -7.15275 4.49278
      vertex -6.93523 -7.0148 4.49278
      vertex -6.93523 -7.12733 4.49278
    endloop
  endfacet
  facet normal 0 0 -1
    outer loop
      vertex -6.94882 -7.15275 4.49278
      vertex -6.94882 -6.98938 4.49278
      vertex -6.93523 -7.0148 4.49278
    endloop
  endfacet
  facet normal 0 0 -1
    outer loop
      vertex -6.9671 -7.17503 4.49278
      vertex -6.94882 -6.98938 4.49278
      vertex -6.94882 -7.15275 4.49278
    endloop
  endfacet
  facet normal 0 0 -1
    outer loop
      vertex -6.9671 -7.17503 4.49278
      vertex -6.9671 -6.9671 4.49278
      vertex -6.94882 -6.98938 4.49278
    endloop
  endfacet
  facet normal 0 0 -1
    outer loop
      vertex -6.98938 -7.19331 4.49278
      vertex -6.9671 -6.9671 4.49278
      vertex -6.9671 -7.17503 4.49278
    endloop
  endfacet
  facet normal 0 0 -1
    outer loop
      vertex -6.98938 -7.19331 4.49278
      vertex -6.98938 -6.94882 4.49278
      vertex -6.9671 -6.9671 4.49278
    endloop
  endfacet
  facet normal 0 0 -1
    outer loop
      vertex -7.0148 -7.2069 4.49278
      vertex -6.98938 -6.94882 4.49278
      vertex -6.98938 -7.19331 4.49278
    endloop
  endfacet
  facet normal 0 0 -1
    outer loop
      vertex -7.0148 -7.2069 4.49278
      vertex -7.0148 -6.93523 4.49278
      vertex -6.98938 -6.94882 4.49278
    endloop
  endfacet
  facet normal 0 0 -1
    outer loop
      vertex -7.04238 -7.21527 4.49278
      vertex -7.0148 -6.93523 4.49278
      vertex -7.0148 -7.2069 4.49278
    endloop
  endfacet
  facet normal 0 0 -1
    outer loop
      vertex -7.04238 -7.21527 4.49278
      vertex -7.04238 -6.92687 4.49278
      vertex -7.0148 -6.93523 4.49278
    endloop
  endfacet
  facet normal 0 0 -1
    outer loop
      vertex -7.07107 -7.21809 4.49278
      vertex -7.04238 -6.92687 4.49278
      vertex -7.04238 -7.21527 4.49278
    endloop
  endfacet
  facet normal 0 0 -1
    outer loop
      vertex -7.07107 -7.21809 4.49278
      vertex -7.07107 -6.92404 4.49278
      vertex -7.04238 -6.92687 4.49278
    endloop
  endfacet
  facet normal 0 0 -1
    outer loop
      vertex -7.09975 -7.21527 4.49278
      vertex -7.07107 -6.92404 4.49278
      vertex -7.07107 -7.21809 4.49278
    endloop
  endfacet
  facet normal 0 0 -1
    outer loop
      vertex -7.09975 -7.21527 4.49278
      vertex -7.09975 -6.92687 4.49278
      vertex -7.07107 -6.92404 4.49278
    endloop
  endfacet
  facet normal 0 0 -1
    outer loop
      vertex -7.12733 -7.2069 4.49278
      vertex -7.09975 -6.92687 4.49278
      vertex -7.09975 -7.21527 4.49278
    endloop
  endfacet
  facet normal 0 0 -1
    outer loop
      vertex -7.12733 -7.2069 4.49278
      vertex -7.12733 -6.93523 4.49278
      vertex -7.09975 -6.92687 4.49278
    endloop
  endfacet
  facet normal 0 0 -1
    outer loop
      vertex -7.15275 -7.19331 4.49278
      vertex -7.12733 -6.93523 4.49278
      vertex -7.12733 -7.2069 4.49278
    endloop
  endfacet
  facet normal 0 0 -1
    outer loop
      vertex -7.15275 -7.19331 4.49278
      vertex -7.15275 -6.94882 4.49278
      vertex -7.12733 -6.93523 4.49278
    endloop
  endfacet
  facet normal 0 0 -1
    outer loop
      vertex -7.17503 -7.17503 4.49278
      vertex -7.15275 -6.94882 4.49278
      vertex -7.15275 -7.19331 4.49278
    endloop
  endfacet
  facet normal 0 0 -1
    outer loop
      vertex -7.17503 -7.17503 4.49278
      vertex -7.17503 -6.9671 4.49278
      vertex -7.15275 -6.94882 4.49278
    endloop
  endfacet
  facet normal 0 0 -1
    outer loop
      vertex -7.19331 -7.15275 4.49278
      vertex -7.17503 -6.9671 4.49278
      vertex -7.17503 -7.17503 4.49278
    endloop
  endfacet
  facet normal 0 0 -1
    outer loop
      vertex -7.19331 -7.15275 4.49278
      vertex -7.19331 -6.98938 4.49278
      vertex -7.17503 -6.9671 4.49278
    endloop
  endfacet
  facet normal 0 0 -1
    outer loop
      vertex -7.2069 -7.12733 4.49278
      vertex -7.19331 -6.98938 4.49278
      vertex -7.19331 -7.15275 4.49278
    endloop
  endfacet
  facet normal 0 0 -1
    outer loop
      vertex -7.2069 -7.12733 4.49278
      vertex -7.2069 -7.0148 4.49278
      vertex -7.19331 -6.98938 4.49278
    endloop
  endfacet
  facet normal 0 0 -1
    outer loop
      vertex -7.21527 -7.09975 4.49278
      vertex -7.2069 -7.0148 4.49278
      vertex -7.2069 -7.12733 4.49278
    endloop
  endfacet
  facet normal 0 0 -1
    outer loop
      vertex -7.21527 -7.09975 4.49278
      vertex -7.21527 -7.04238 4.49278
      vertex -7.2069 -7.0148 4.49278
    endloop
  endfacet
  facet normal 0 -0 -1
    outer loop
      vertex -7.21527 -7.04238 4.49278
      vertex -7.21527 -7.09975 4.49278
      vertex -7.21809 -7.07107 4.49278
    endloop
  endfacet
  facet normal 0.338883 -0.181146 -0.923225
    outer loop
      vertex -7.43311 -6.82916 4.43541
      vertex -7.47335 -6.90444 4.43541
      vertex -7.659 -6.67823 4.32288
    endloop
  endfacet
  facet normal 0.554734 -0.0546517 -0.830231
    outer loop
      vertex -8.00437 -6.88542 4.15952
      vertex -7.76458 -6.93312 4.32288
      vertex -8.02266 -7.07107 4.15952
    endloop
  endfacet
  facet normal 0.53342 0.161801 -0.830231
    outer loop
      vertex -7.76458 -7.20901 4.32288
      vertex -7.95022 -7.43523 4.15952
      vertex -8.00437 -7.25671 4.15952
    endloop
  endfacet
  facet normal 0.382414 0.0376481 -0.923224
    outer loop
      vertex -7.50649 -7.07107 4.43541
      vertex -7.76458 -7.20901 4.32288
      vertex -7.77816 -7.07107 4.32288
    endloop
  endfacet
  facet normal 0.172861 0.0924009 -0.980602
    outer loop
      vertex -7.2069 -7.12733 4.49278
      vertex -7.43311 -7.31298 4.43541
      vertex -7.47335 -7.2377 4.43541
    endloop
  endfacet
  facet normal 0.554718 0.0546113 -0.830244
    outer loop
      vertex -7.77816 -7.07107 4.32288
      vertex -7.76458 -7.20901 4.32288
      vertex -8.02266 -7.07107 4.15952
    endloop
  endfacet
  facet normal 0.38242 0.0376343 -0.923222
    outer loop
      vertex -7.50649 -7.07107 4.43541
      vertex -7.49813 -7.15602 4.43541
      vertex -7.76458 -7.20901 4.32288
    endloop
  endfacet
  facet normal 0.187565 0.0569033 -0.980603
    outer loop
      vertex -7.2069 -7.12733 4.49278
      vertex -7.47335 -7.2377 4.43541
      vertex -7.49813 -7.15602 4.43541
    endloop
  endfacet
  facet normal 0.187563 0.0569218 -0.980602
    outer loop
      vertex -7.21527 -7.09975 4.49278
      vertex -7.2069 -7.12733 4.49278
      vertex -7.49813 -7.15602 4.43541
    endloop
  endfacet
  facet normal 0.124348 0.151514 -0.980603
    outer loop
      vertex -7.15275 -7.19331 4.49278
      vertex -7.31298 -7.43311 4.43541
      vertex -7.37896 -7.37896 4.43541
    endloop
  endfacet
  facet normal 0.12433 0.151535 -0.980601
    outer loop
      vertex -7.17503 -7.17503 4.49278
      vertex -7.15275 -7.19331 4.49278
      vertex -7.37896 -7.37896 4.43541
    endloop
  endfacet
  facet normal 0.796852 -0.241717 -0.553714
    outer loop
      vertex -8.29325 -6.56482 3.70709
      vertex -8.2083 -6.84486 3.95159
      vertex -8.36853 -6.81299 3.70709
    endloop
  endfacet
  facet normal 0.625146 -0.334118 -0.705378
    outer loop
      vertex -7.86229 -6.54239 4.15952
      vertex -7.95022 -6.70691 4.15952
      vertex -8.03517 -6.42688 3.95159
    endloop
  endfacet
  facet normal 0.24172 -0.796855 -0.553708
    outer loop
      vertex -7.29728 -5.93383 3.95159
      vertex -7.51479 -5.99981 3.95159
      vertex -7.57731 -5.84888 3.70709
    endloop
  endfacet
  facet normal 0.938717 -0.284784 -0.194185
    outer loop
      vertex -8.45021 -6.49981 3.14703
      vertex -8.39721 -6.52176 3.43543
      vertex -8.4789 -6.79103 3.43543
    endloop
  endfacet
  facet normal 0.956937 -0.290297 0
    outer loop
      vertex -8.53516 -6.77984 3.14703
      vertex -8.45021 -6.49981 2.85297
      vertex -8.45021 -6.49981 3.14703
    endloop
  endfacet
  facet normal 0.956937 -0.290297 0
    outer loop
      vertex -8.45021 -6.49981 2.85297
      vertex -8.53516 -6.77984 3.14703
      vertex -8.53516 -6.77984 2.85297
    endloop
  endfacet
  facet normal 0.796859 -0.24171 -0.553708
    outer loop
      vertex -8.14232 -6.62734 3.95159
      vertex -8.2083 -6.84486 3.95159
      vertex -8.29325 -6.56482 3.70709
    endloop
  endfacet
  facet normal 0.290287 -0.95694 0
    outer loop
      vertex -7.64233 -5.69192 2.85297
      vertex -7.36229 -5.60697 3.14703
      vertex -7.64233 -5.69192 3.14703
    endloop
  endfacet
  facet normal 0.290287 -0.95694 0
    outer loop
      vertex -7.36229 -5.60697 3.14703
      vertex -7.64233 -5.69192 2.85297
      vertex -7.36229 -5.60697 2.85297
    endloop
  endfacet
  facet normal 0.28476 -0.938721 0.194203
    outer loop
      vertex -7.3511 -5.66324 2.56457
      vertex -7.36229 -5.60697 2.85297
      vertex -7.64233 -5.69192 2.85297
    endloop
  endfacet
  facet normal -0.0546489 -0.554733 -0.830232
    outer loop
      vertex -7.07107 -6.11948 4.15952
      vertex -6.93312 -6.37756 4.32288
      vertex -7.07107 -6.36397 4.32288
    endloop
  endfacet
  facet normal 0.181133 -0.338897 -0.923223
    outer loop
      vertex -7.34166 -6.4178 4.32288
      vertex -7.2377 -6.66879 4.43541
      vertex -7.46391 -6.48314 4.32288
    endloop
  endfacet
  facet normal -0.241717 -0.796852 -0.553714
    outer loop
      vertex -6.81299 -5.7736 3.70709
      vertex -6.56482 -5.84888 3.70709
      vertex -6.84486 -5.93383 3.95159
    endloop
  endfacet
  facet normal -0.081592 -0.8287 -0.553714
    outer loop
      vertex -6.81299 -5.7736 3.70709
      vertex -6.84486 -5.93383 3.95159
      vertex -7.07107 -5.74819 3.70709
    endloop
  endfacet
  facet normal 0.0905897 -0.920086 -0.381098
    outer loop
      vertex -7.07107 -5.74819 3.70709
      vertex -7.32915 -5.7736 3.70709
      vertex -7.3511 -5.66324 3.43543
    endloop
  endfacet
  facet normal 0.392556 -0.734375 -0.553709
    outer loop
      vertex -7.57731 -5.84888 3.70709
      vertex -7.51479 -5.99981 3.95159
      vertex -7.71526 -6.10697 3.95159
    endloop
  endfacet
  facet normal 0.334158 -0.625112 -0.705388
    outer loop
      vertex -7.43523 -6.19191 4.15952
      vertex -7.59974 -6.27985 4.15952
      vertex -7.71526 -6.10697 3.95159
    endloop
  endfacet
  facet normal 0.0694765 -0.705398 -0.705398
    outer loop
      vertex -7.07107 -5.91155 3.95159
      vertex -7.07107 -6.11948 4.15952
      vertex -7.29728 -5.93383 3.95159
    endloop
  endfacet
  facet normal -0.334163 -0.625106 -0.705392
    outer loop
      vertex -6.62734 -5.99981 3.95159
      vertex -6.42688 -6.10697 3.95159
      vertex -6.70691 -6.19191 4.15952
    endloop
  endfacet
  facet normal -0.334147 -0.625129 -0.705379
    outer loop
      vertex -6.42688 -6.10697 3.95159
      vertex -6.54239 -6.27985 4.15952
      vertex -6.70691 -6.19191 4.15952
    endloop
  endfacet
  facet normal -0.0191969 0.195069 0.980602
    outer loop
      vertex -6.98612 -7.49813 1.56459
      vertex -7.04238 -7.21527 1.50722
      vertex -7.07107 -7.50649 1.56459
    endloop
  endfacet
  facet normal -0.0924121 0.172856 0.980602
    outer loop
      vertex -6.82916 -7.43311 1.56459
      vertex -6.98938 -7.19331 1.50722
      vertex -7.0148 -7.2069 1.50722
    endloop
  endfacet
  facet normal -0.161805 -0.533403 0.830241
    outer loop
      vertex -6.70691 -6.19191 1.84048
      vertex -6.88542 -6.13776 1.84048
      vertex -6.93312 -6.37756 1.67712
    endloop
  endfacet
  facet normal -0.205759 -0.6783 0.705388
    outer loop
      vertex -6.70691 -6.19191 1.84048
      vertex -6.84486 -5.93383 2.04841
      vertex -6.88542 -6.13776 1.84048
    endloop
  endfacet
  facet normal 0.12433 -0.151535 0.980601
    outer loop
      vertex -7.17503 -6.9671 1.50722
      vertex -7.15275 -6.94882 1.50722
      vertex -7.37896 -6.76317 1.56459
    endloop
  endfacet
  facet normal -0.382413 0.0376758 0.923223
    outer loop
      vertex -6.37756 -7.20901 1.67712
      vertex -6.36397 -7.07107 1.67712
      vertex -6.63564 -7.07107 1.56459
    endloop
  endfacet
  facet normal -0.0376454 0.382414 0.923224
    outer loop
      vertex -6.93312 -7.76458 1.67712
      vertex -7.07107 -7.50649 1.56459
      vertex -7.07107 -7.77816 1.67712
    endloop
  endfacet
  facet normal -0.172853 0.0924106 0.980603
    outer loop
      vertex -6.70902 -7.31298 1.56459
      vertex -6.93523 -7.12733 1.50722
      vertex -6.94882 -7.15275 1.50722
    endloop
  endfacet
  facet normal 0.172861 0.0924009 0.980602
    outer loop
      vertex -7.43311 -7.31298 1.56459
      vertex -7.2069 -7.12733 1.50722
      vertex -7.47335 -7.2377 1.56459
    endloop
  endfacet
  facet normal 0.187563 0.0569218 0.980602
    outer loop
      vertex -7.2069 -7.12733 1.50722
      vertex -7.21527 -7.09975 1.50722
      vertex -7.49813 -7.15602 1.56459
    endloop
  endfacet
  facet normal 0.181146 0.338883 0.923225
    outer loop
      vertex -7.2377 -7.47335 1.56459
      vertex -7.31298 -7.43311 1.56459
      vertex -7.46391 -7.659 1.67712
    endloop
  endfacet
  facet normal 0.0569218 0.187563 0.980602
    outer loop
      vertex -7.09975 -7.21527 1.50722
      vertex -7.12733 -7.2069 1.50722
      vertex -7.15602 -7.49813 1.56459
    endloop
  endfacet
  facet normal 0.430881 0.353632 0.830232
    outer loop
      vertex -7.57106 -7.57106 1.67712
      vertex -7.659 -7.46391 1.67712
      vertex -7.74394 -7.74394 1.84048
    endloop
  endfacet
  facet normal 0.297033 0.243781 0.923224
    outer loop
      vertex -7.57106 -7.57106 1.67712
      vertex -7.37896 -7.37896 1.56459
      vertex -7.659 -7.46391 1.67712
    endloop
  endfacet
  facet normal 0.172853 0.0924106 0.980603
    outer loop
      vertex -7.19331 -7.15275 1.50722
      vertex -7.2069 -7.12733 1.50722
      vertex -7.43311 -7.31298 1.56459
    endloop
  endfacet
  facet normal -0.0694955 0.705404 0.70539
    outer loop
      vertex -6.84486 -8.2083 2.04841
      vertex -6.88542 -8.00437 1.84048
      vertex -7.07107 -8.02266 1.84048
    endloop
  endfacet
  facet normal 0.0816193 0.828685 0.553733
    outer loop
      vertex -7.07107 -8.39395 2.2929
      vertex -7.07107 -8.23058 2.04841
      vertex -7.29728 -8.2083 2.04841
    endloop
  endfacet
  facet normal 0.0546546 0.554733 0.830231
    outer loop
      vertex -7.07107 -8.02266 1.84048
      vertex -7.20901 -7.76458 1.67712
      vertex -7.25671 -8.00437 1.84048
    endloop
  endfacet
  facet normal 0.069499 0.705402 0.705392
    outer loop
      vertex -7.07107 -8.02266 1.84048
      vertex -7.25671 -8.00437 1.84048
      vertex -7.29728 -8.2083 2.04841
    endloop
  endfacet
  facet normal 0.622326 0.758289 0.194188
    outer loop
      vertex -7.90041 -8.31227 2.85297
      vertex -7.86854 -8.26457 2.56457
      vertex -8.12662 -8.12662 2.85297
    endloop
  endfacet
  facet normal 0.528241 0.643708 0.553716
    outer loop
      vertex -7.80602 -8.171 2.2929
      vertex -7.71526 -8.03517 2.04841
      vertex -8.00649 -8.00649 2.2929
    endloop
  endfacet
  facet normal 0.262757 0.491598 0.830235
    outer loop
      vertex -7.43523 -7.95022 1.84048
      vertex -7.46391 -7.659 1.67712
      vertex -7.59974 -7.86229 1.84048
    endloop
  endfacet
  facet normal 0.33413 0.62513 0.705387
    outer loop
      vertex -7.43523 -7.95022 1.84048
      vertex -7.59974 -7.86229 1.84048
      vertex -7.71526 -8.03517 2.04841
    endloop
  endfacet
  facet normal 0.435823 0.815354 0.381125
    outer loop
      vertex -7.57731 -8.29325 2.2929
      vertex -7.80602 -8.171 2.2929
      vertex -7.86854 -8.26457 2.56457
    endloop
  endfacet
  facet normal 0.758306 0.622311 0.194167
    outer loop
      vertex -8.12662 -8.12662 2.85297
      vertex -8.08606 -8.08606 2.56457
      vertex -8.26457 -7.86854 2.56457
    endloop
  endfacet
  facet normal 0.547919 0.449661 0.705401
    outer loop
      vertex -7.89097 -7.89097 2.04841
      vertex -7.74394 -7.74394 1.84048
      vertex -8.03517 -7.71526 2.04841
    endloop
  endfacet
  facet normal 0.449661 0.547919 0.705401
    outer loop
      vertex -7.71526 -8.03517 2.04841
      vertex -7.74394 -7.74394 1.84048
      vertex -7.89097 -7.89097 2.04841
    endloop
  endfacet
  facet normal 0.392527 0.734389 -0.55371
    outer loop
      vertex -7.51479 -8.14232 3.95159
      vertex -7.57731 -8.29325 3.70709
      vertex -7.71526 -8.03517 3.95159
    endloop
  endfacet
  facet normal 0.24172 0.796855 -0.553708
    outer loop
      vertex -7.51479 -8.14232 3.95159
      vertex -7.29728 -8.2083 3.95159
      vertex -7.57731 -8.29325 3.70709
    endloop
  endfacet
  facet normal 0.297033 0.243781 -0.923224
    outer loop
      vertex -7.37896 -7.37896 4.43541
      vertex -7.57106 -7.57106 4.32288
      vertex -7.659 -7.46391 4.32288
    endloop
  endfacet
  facet normal 0.430881 0.353632 -0.830232
    outer loop
      vertex -7.659 -7.46391 4.32288
      vertex -7.57106 -7.57106 4.32288
      vertex -7.74394 -7.74394 4.15952
    endloop
  endfacet
  facet normal 0.62513 0.33413 -0.705387
    outer loop
      vertex -7.95022 -7.43523 4.15952
      vertex -7.86229 -7.59974 4.15952
      vertex -8.03517 -7.71526 3.95159
    endloop
  endfacet
  facet normal 0.547912 0.44969 -0.705387
    outer loop
      vertex -7.86229 -7.59974 4.15952
      vertex -7.74394 -7.74394 4.15952
      vertex -8.03517 -7.71526 3.95159
    endloop
  endfacet
  facet normal 0.884713 0.268401 -0.381109
    outer loop
      vertex -8.29325 -7.57731 3.70709
      vertex -8.39721 -7.62037 3.43543
      vertex -8.4789 -7.3511 3.43543
    endloop
  endfacet
  facet normal 0.815376 0.435796 -0.381108
    outer loop
      vertex -8.29325 -7.57731 3.70709
      vertex -8.26457 -7.86854 3.43543
      vertex -8.39721 -7.62037 3.43543
    endloop
  endfacet
  facet normal 0.705415 0.0694781 -0.705381
    outer loop
      vertex -8.02266 -7.07107 4.15952
      vertex -8.2083 -7.29728 3.95159
      vertex -8.23058 -7.07107 3.95159
    endloop
  endfacet
  facet normal 0.705404 -0.0694955 -0.70539
    outer loop
      vertex -8.00437 -6.88542 4.15952
      vertex -8.02266 -7.07107 4.15952
      vertex -8.2083 -6.84486 3.95159
    endloop
  endfacet
  facet normal 0.734382 -0.392542 -0.553709
    outer loop
      vertex -8.03517 -6.42688 3.95159
      vertex -8.14232 -6.62734 3.95159
      vertex -8.29325 -6.56482 3.70709
    endloop
  endfacet
  facet normal 0.734382 -0.392542 -0.55371
    outer loop
      vertex -8.171 -6.33611 3.70709
      vertex -8.03517 -6.42688 3.95159
      vertex -8.29325 -6.56482 3.70709
    endloop
  endfacet
  facet normal 0.920073 -0.0906143 -0.381123
    outer loop
      vertex -8.4789 -6.79103 3.43543
      vertex -8.39395 -7.07107 3.70709
      vertex -8.50648 -7.07107 3.43543
    endloop
  endfacet
  facet normal 0.920069 -0.0906236 -0.381131
    outer loop
      vertex -8.36853 -6.81299 3.70709
      vertex -8.39395 -7.07107 3.70709
      vertex -8.4789 -6.79103 3.43543
    endloop
  endfacet
  facet normal 0.95694 0.290287 0
    outer loop
      vertex -8.45021 -7.64233 3.14703
      vertex -8.53516 -7.36229 2.85297
      vertex -8.53516 -7.36229 3.14703
    endloop
  endfacet
  facet normal 0.95694 0.290287 0
    outer loop
      vertex -8.53516 -7.36229 2.85297
      vertex -8.45021 -7.64233 3.14703
      vertex -8.45021 -7.64233 2.85297
    endloop
  endfacet
  facet normal 0.938727 0.284762 0.194172
    outer loop
      vertex -8.45021 -7.64233 2.85297
      vertex -8.4789 -7.3511 2.56457
      vertex -8.53516 -7.36229 2.85297
    endloop
  endfacet
  facet normal 0.865137 -0.46241 0.194205
    outer loop
      vertex -8.26457 -6.2736 2.56457
      vertex -8.31227 -6.24172 2.85297
      vertex -8.39721 -6.52176 2.56457
    endloop
  endfacet
  facet normal 0.758285 -0.622323 0.194209
    outer loop
      vertex -8.26457 -6.2736 2.56457
      vertex -8.12662 -6.01551 2.85297
      vertex -8.31227 -6.24172 2.85297
    endloop
  endfacet
  facet normal 0.881938 -0.471365 0
    outer loop
      vertex -8.45021 -6.49981 3.14703
      vertex -8.31227 -6.24172 2.85297
      vertex -8.31227 -6.24172 3.14703
    endloop
  endfacet
  facet normal 0.881938 -0.471365 0
    outer loop
      vertex -8.31227 -6.24172 2.85297
      vertex -8.45021 -6.49981 3.14703
      vertex -8.45021 -6.49981 2.85297
    endloop
  endfacet
  facet normal 0.111558 0.367719 -0.923221
    outer loop
      vertex -7.15602 -7.49813 4.43541
      vertex -7.20901 -7.76458 4.32288
      vertex -7.2377 -7.47335 4.43541
    endloop
  endfacet
  facet normal 0.0569033 0.187565 -0.980603
    outer loop
      vertex -7.12733 -7.2069 4.49278
      vertex -7.15602 -7.49813 4.43541
      vertex -7.2377 -7.47335 4.43541
    endloop
  endfacet
  facet normal -0.195064 0.0192193 -0.980602
    outer loop
      vertex -6.63564 -7.07107 4.43541
      vertex -6.64401 -7.15602 4.43541
      vertex -6.92687 -7.09975 4.49278
    endloop
  endfacet
  facet normal -0.0546073 0.554719 -0.830244
    outer loop
      vertex -7.07107 -7.77816 4.32288
      vertex -6.93312 -7.76458 4.32288
      vertex -7.07107 -8.02266 4.15952
    endloop
  endfacet
  facet normal 0.0191968 0.195068 -0.980602
    outer loop
      vertex -7.09975 -7.21527 4.49278
      vertex -7.07107 -7.50649 4.43541
      vertex -7.15602 -7.49813 4.43541
    endloop
  endfacet
  facet normal -0.334138 0.625117 -0.705393
    outer loop
      vertex -6.42688 -8.03517 3.95159
      vertex -6.62734 -8.14232 3.95159
      vertex -6.70691 -7.95022 4.15952
    endloop
  endfacet
  facet normal -0.392542 0.734382 -0.553709
    outer loop
      vertex -6.42688 -8.03517 3.95159
      vertex -6.56482 -8.29325 3.70709
      vertex -6.62734 -8.14232 3.95159
    endloop
  endfacet
  facet normal -0.0924023 0.172864 -0.980602
    outer loop
      vertex -6.82916 -7.43311 4.43541
      vertex -6.90444 -7.47335 4.43541
      vertex -7.0148 -7.2069 4.49278
    endloop
  endfacet
  facet normal -0.151514 0.124348 -0.980603
    outer loop
      vertex -6.70902 -7.31298 4.43541
      vertex -6.76317 -7.37896 4.43541
      vertex -6.94882 -7.15275 4.49278
    endloop
  endfacet
  facet normal -0.297042 0.243783 -0.92322
    outer loop
      vertex -6.70902 -7.31298 4.43541
      vertex -6.48314 -7.46391 4.32288
      vertex -6.76317 -7.37896 4.43541
    endloop
  endfacet
  facet normal -0.241717 0.796852 -0.553714
    outer loop
      vertex -6.56482 -8.29325 3.70709
      vertex -6.81299 -8.36853 3.70709
      vertex -6.84486 -8.2083 3.95159
    endloop
  endfacet
  facet normal -0.0906236 0.920069 -0.381131
    outer loop
      vertex -6.81299 -8.36853 3.70709
      vertex -6.79103 -8.4789 3.43543
      vertex -7.07107 -8.39395 3.70709
    endloop
  endfacet
  facet normal -0.205747 0.678298 -0.705393
    outer loop
      vertex -6.70691 -7.95022 4.15952
      vertex -6.62734 -8.14232 3.95159
      vertex -6.84486 -8.2083 3.95159
    endloop
  endfacet
  facet normal -0.205759 0.6783 -0.705388
    outer loop
      vertex -6.70691 -7.95022 4.15952
      vertex -6.84486 -8.2083 3.95159
      vertex -6.88542 -8.00437 4.15952
    endloop
  endfacet
  facet normal 0.161801 0.53342 -0.830231
    outer loop
      vertex -7.20901 -7.76458 4.32288
      vertex -7.25671 -8.00437 4.15952
      vertex -7.43523 -7.95022 4.15952
    endloop
  endfacet
  facet normal 0.205746 0.678298 -0.705394
    outer loop
      vertex -7.25671 -8.00437 4.15952
      vertex -7.29728 -8.2083 3.95159
      vertex -7.43523 -7.95022 4.15952
    endloop
  endfacet
  facet normal 0.0906175 0.920073 -0.381123
    outer loop
      vertex -7.07107 -8.39395 3.70709
      vertex -7.07107 -8.50648 3.43543
      vertex -7.3511 -8.4789 3.43543
    endloop
  endfacet
  facet normal -0.865137 -0.462419 0.194183
    outer loop
      vertex -5.74492 -6.52176 2.56457
      vertex -5.69192 -6.49981 2.85297
      vertex -5.82987 -6.24172 2.85297
    endloop
  endfacet
  facet normal -0.938727 -0.284752 0.194185
    outer loop
      vertex -5.66324 -6.79103 2.56457
      vertex -5.69192 -6.49981 2.85297
      vertex -5.74492 -6.52176 2.56457
    endloop
  endfacet
  facet normal -0.382412 0.0376785 -0.923223
    outer loop
      vertex -6.63564 -7.07107 4.43541
      vertex -6.37756 -7.20901 4.32288
      vertex -6.64401 -7.15602 4.43541
    endloop
  endfacet
  facet normal -0.625112 0.334158 -0.705388
    outer loop
      vertex -6.19191 -7.43523 4.15952
      vertex -6.10697 -7.71526 3.95159
      vertex -6.27985 -7.59974 4.15952
    endloop
  endfacet
  facet normal -0.705398 0.0694765 -0.705398
    outer loop
      vertex -5.91155 -7.07107 3.95159
      vertex -5.93383 -7.29728 3.95159
      vertex -6.11948 -7.07107 4.15952
    endloop
  endfacet
  facet normal -0.554723 -0.0546207 -0.83024
    outer loop
      vertex -6.13776 -6.88542 4.15952
      vertex -6.11948 -7.07107 4.15952
      vertex -6.37756 -6.93312 4.32288
    endloop
  endfacet
  facet normal -0.367719 0.111558 -0.923221
    outer loop
      vertex -6.64401 -7.15602 4.43541
      vertex -6.37756 -7.20901 4.32288
      vertex -6.66879 -7.2377 4.43541
    endloop
  endfacet
  facet normal -0.491584 0.26278 -0.830236
    outer loop
      vertex -6.19191 -7.43523 4.15952
      vertex -6.27985 -7.59974 4.15952
      vertex -6.48314 -7.46391 4.32288
    endloop
  endfacet
  facet normal -0.82871 -0.0816218 -0.553694
    outer loop
      vertex -5.74819 -7.07107 3.70709
      vertex -5.91155 -7.07107 3.95159
      vertex -5.93383 -6.84486 3.95159
    endloop
  endfacet
  facet normal -0.8287 -0.081592 -0.553714
    outer loop
      vertex -5.7736 -6.81299 3.70709
      vertex -5.74819 -7.07107 3.70709
      vertex -5.93383 -6.84486 3.95159
    endloop
  endfacet
  facet normal -0.161814 0.533414 0.830233
    outer loop
      vertex -6.70691 -7.95022 1.84048
      vertex -6.80047 -7.72434 1.67712
      vertex -6.93312 -7.76458 1.67712
    endloop
  endfacet
  facet normal -0.111548 0.367715 0.923224
    outer loop
      vertex -6.80047 -7.72434 1.67712
      vertex -6.90444 -7.47335 1.56459
      vertex -6.93312 -7.76458 1.67712
    endloop
  endfacet
  facet normal -0.758302 0.622308 -0.194193
    outer loop
      vertex -5.87757 -7.86854 3.43543
      vertex -6.01551 -8.12662 3.14703
      vertex -6.05608 -8.08606 3.43543
    endloop
  endfacet
  facet normal -0.714675 0.586505 -0.381119
    outer loop
      vertex -5.87757 -7.86854 3.43543
      vertex -6.05608 -8.08606 3.43543
      vertex -6.13565 -8.00649 3.70709
    endloop
  endfacet
  facet normal -0.796859 -0.24171 -0.553708
    outer loop
      vertex -5.84888 -6.56482 3.70709
      vertex -5.93383 -6.84486 3.95159
      vertex -5.99981 -6.62734 3.95159
    endloop
  endfacet
  facet normal -0.796852 -0.241717 -0.553714
    outer loop
      vertex -5.84888 -6.56482 3.70709
      vertex -5.7736 -6.81299 3.70709
      vertex -5.93383 -6.84486 3.95159
    endloop
  endfacet
  facet normal -0.881924 -0.471391 0
    outer loop
      vertex -5.69192 -6.49981 2.85297
      vertex -5.82987 -6.24172 3.14703
      vertex -5.82987 -6.24172 2.85297
    endloop
  endfacet
  facet normal -0.881924 -0.471391 0
    outer loop
      vertex -5.82987 -6.24172 3.14703
      vertex -5.69192 -6.49981 2.85297
      vertex -5.69192 -6.49981 3.14703
    endloop
  endfacet
  facet normal -0.8287 0.081592 -0.553714
    outer loop
      vertex -5.74819 -7.07107 3.70709
      vertex -5.7736 -7.32915 3.70709
      vertex -5.93383 -7.29728 3.95159
    endloop
  endfacet
  facet normal -0.79685 0.241726 -0.553714
    outer loop
      vertex -5.7736 -7.32915 3.70709
      vertex -5.84888 -7.57731 3.70709
      vertex -5.93383 -7.29728 3.95159
    endloop
  endfacet
  facet normal 0.828685 -0.0816193 0.553733
    outer loop
      vertex -8.23058 -7.07107 2.04841
      vertex -8.2083 -6.84486 2.04841
      vertex -8.39395 -7.07107 2.2929
    endloop
  endfacet
  facet normal 0.382414 0.0376481 0.923224
    outer loop
      vertex -7.76458 -7.20901 1.67712
      vertex -7.50649 -7.07107 1.56459
      vertex -7.77816 -7.07107 1.67712
    endloop
  endfacet
  facet normal 0.533418 -0.161809 0.830231
    outer loop
      vertex -7.76458 -6.93312 1.67712
      vertex -7.95022 -6.70691 1.84048
      vertex -8.00437 -6.88542 1.84048
    endloop
  endfacet
  facet normal 0.828686 -0.0816227 0.553731
    outer loop
      vertex -8.2083 -6.84486 2.04841
      vertex -8.36853 -6.81299 2.2929
      vertex -8.39395 -7.07107 2.2929
    endloop
  endfacet
  facet normal 0.54792 -0.449697 0.705377
    outer loop
      vertex -7.86229 -6.54239 1.84048
      vertex -7.74394 -6.39819 1.84048
      vertex -8.03517 -6.42688 2.04841
    endloop
  endfacet
  facet normal 0.367715 -0.111548 0.923224
    outer loop
      vertex -7.47335 -6.90444 1.56459
      vertex -7.72434 -6.80047 1.67712
      vertex -7.76458 -6.93312 1.67712
    endloop
  endfacet
  facet normal 0.0694616 -0.705407 0.70539
    outer loop
      vertex -7.25671 -6.13776 1.84048
      vertex -7.07107 -6.11948 1.84048
      vertex -7.29728 -5.93383 2.04841
    endloop
  endfacet
  facet normal -0.262763 -0.491585 0.830241
    outer loop
      vertex -6.67823 -6.48314 1.67712
      vertex -6.70691 -6.19191 1.84048
      vertex -6.80047 -6.4178 1.67712
    endloop
  endfacet
  facet normal -0.392566 -0.734358 0.553724
    outer loop
      vertex -6.42688 -6.10697 2.04841
      vertex -6.56482 -5.84888 2.2929
      vertex -6.62734 -5.99981 2.04841
    endloop
  endfacet
  facet normal -0.24376 -0.297058 0.923221
    outer loop
      vertex -6.76317 -6.76317 1.56459
      vertex -6.67823 -6.48314 1.67712
      vertex -6.82916 -6.70902 1.56459
    endloop
  endfacet
  facet normal 0.0376785 -0.382412 0.923223
    outer loop
      vertex -7.15602 -6.64401 1.56459
      vertex -7.07107 -6.63564 1.56459
      vertex -7.20901 -6.37756 1.67712
    endloop
  endfacet
  facet normal 0.0569052 -0.187571 0.980601
    outer loop
      vertex -7.12733 -6.93523 1.50722
      vertex -7.15602 -6.64401 1.56459
      vertex -7.2377 -6.66879 1.56459
    endloop
  endfacet
  facet normal 0.181117 -0.338914 0.923219
    outer loop
      vertex -7.31298 -6.70902 1.56459
      vertex -7.2377 -6.66879 1.56459
      vertex -7.46391 -6.48314 1.67712
    endloop
  endfacet
  facet normal 0.181133 -0.338897 0.923223
    outer loop
      vertex -7.2377 -6.66879 1.56459
      vertex -7.34166 -6.4178 1.67712
      vertex -7.46391 -6.48314 1.67712
    endloop
  endfacet
  facet normal -0.533403 -0.161805 0.830241
    outer loop
      vertex -6.13776 -6.88542 1.84048
      vertex -6.19191 -6.70691 1.84048
      vertex -6.37756 -6.93312 1.67712
    endloop
  endfacet
  facet normal -0.6783 -0.205759 0.705388
    outer loop
      vertex -6.13776 -6.88542 1.84048
      vertex -5.93383 -6.84486 2.04841
      vertex -6.19191 -6.70691 1.84048
    endloop
  endfacet
  facet normal -0.586508 -0.714679 0.381107
    outer loop
      vertex -6.13565 -6.13565 2.2929
      vertex -6.05608 -6.05608 2.56457
      vertex -6.2736 -5.87757 2.56457
    endloop
  endfacet
  facet normal -0.622306 -0.758299 0.194213
    outer loop
      vertex -6.05608 -6.05608 2.56457
      vertex -6.01551 -6.01551 2.85297
      vertex -6.2736 -5.87757 2.56457
    endloop
  endfacet
  facet normal -0.73436 -0.39253 0.553746
    outer loop
      vertex -5.84888 -6.56482 2.2929
      vertex -5.97113 -6.33611 2.2929
      vertex -6.10697 -6.42688 2.04841
    endloop
  endfacet
  facet normal -0.625106 -0.334163 0.705392
    outer loop
      vertex -5.99981 -6.62734 2.04841
      vertex -6.10697 -6.42688 2.04841
      vertex -6.19191 -6.70691 1.84048
    endloop
  endfacet
  facet normal -0.528259 0.643692 -0.553717
    outer loop
      vertex -6.25117 -7.89097 3.95159
      vertex -6.13565 -8.00649 3.70709
      vertex -6.42688 -8.03517 3.95159
    endloop
  endfacet
  facet normal -0.449667 0.547927 -0.70539
    outer loop
      vertex -6.39819 -7.74394 4.15952
      vertex -6.25117 -7.89097 3.95159
      vertex -6.42688 -8.03517 3.95159
    endloop
  endfacet
  facet normal -0.268369 0.884712 -0.381135
    outer loop
      vertex -6.56482 -8.29325 3.70709
      vertex -6.79103 -8.4789 3.43543
      vertex -6.81299 -8.36853 3.70709
    endloop
  endfacet
  facet normal -0.46241 0.865137 -0.194205
    outer loop
      vertex -6.2736 -8.26457 3.43543
      vertex -6.24172 -8.31227 3.14703
      vertex -6.52176 -8.39721 3.43543
    endloop
  endfacet
  facet normal 0.586505 0.714675 -0.381119
    outer loop
      vertex -8.00649 -8.00649 3.70709
      vertex -7.86854 -8.26457 3.43543
      vertex -8.08606 -8.08606 3.43543
    endloop
  endfacet
  facet normal 0.622311 0.758306 -0.194167
    outer loop
      vertex -8.08606 -8.08606 3.43543
      vertex -7.86854 -8.26457 3.43543
      vertex -8.12662 -8.12662 3.14703
    endloop
  endfacet
  facet normal -0.26837 0.884716 0.381123
    outer loop
      vertex -6.79103 -8.4789 2.56457
      vertex -6.56482 -8.29325 2.2929
      vertex -6.81299 -8.36853 2.2929
    endloop
  endfacet
  facet normal -0.0906241 0.920074 0.381119
    outer loop
      vertex -6.79103 -8.4789 2.56457
      vertex -6.81299 -8.36853 2.2929
      vertex -7.07107 -8.39395 2.2929
    endloop
  endfacet
  facet normal 0.0961499 0.976245 0.194166
    outer loop
      vertex -7.07107 -8.56384 2.85297
      vertex -7.07107 -8.50648 2.56457
      vertex -7.3511 -8.4789 2.56457
    endloop
  endfacet
  facet normal 0.0906179 0.920078 0.381111
    outer loop
      vertex -7.07107 -8.50648 2.56457
      vertex -7.07107 -8.39395 2.2929
      vertex -7.3511 -8.4789 2.56457
    endloop
  endfacet
  facet normal 0.0961499 0.976245 -0.194166
    outer loop
      vertex -7.07107 -8.50648 3.43543
      vertex -7.07107 -8.56384 3.14703
      vertex -7.3511 -8.4789 3.43543
    endloop
  endfacet
  facet normal 0.0961428 0.976245 -0.194173
    outer loop
      vertex -7.3511 -8.4789 3.43543
      vertex -7.07107 -8.56384 3.14703
      vertex -7.36229 -8.53516 3.14703
    endloop
  endfacet
  facet normal -0.884727 0.268372 0.381096
    outer loop
      vertex -5.74492 -7.62037 2.56457
      vertex -5.66324 -7.3511 2.56457
      vertex -5.84888 -7.57731 2.2929
    endloop
  endfacet
  facet normal -0.815367 0.435824 0.381095
    outer loop
      vertex -5.74492 -7.62037 2.56457
      vertex -5.84888 -7.57731 2.2929
      vertex -5.87757 -7.86854 2.56457
    endloop
  endfacet
  facet normal -0.491584 0.26278 0.830236
    outer loop
      vertex -6.27985 -7.59974 1.84048
      vertex -6.19191 -7.43523 1.84048
      vertex -6.48314 -7.46391 1.67712
    endloop
  endfacet
  facet normal -0.625112 0.334158 0.705388
    outer loop
      vertex -6.10697 -7.71526 2.04841
      vertex -6.19191 -7.43523 1.84048
      vertex -6.27985 -7.59974 1.84048
    endloop
  endfacet
  facet normal -0.172877 -0.0923863 -0.980601
    outer loop
      vertex -6.70902 -6.82916 4.43541
      vertex -6.66879 -6.90444 4.43541
      vertex -6.93523 -7.0148 4.49278
    endloop
  endfacet
  facet normal 0.124348 -0.151514 -0.980603
    outer loop
      vertex -7.31298 -6.70902 4.43541
      vertex -7.15275 -6.94882 4.49278
      vertex -7.37896 -6.76317 4.43541
    endloop
  endfacet
  facet normal -0.367715 -0.111548 -0.923224
    outer loop
      vertex -6.4178 -6.80047 4.32288
      vertex -6.37756 -6.93312 4.32288
      vertex -6.66879 -6.90444 4.43541
    endloop
  endfacet
  facet normal -0.533399 -0.161809 -0.830243
    outer loop
      vertex -6.19191 -6.70691 4.15952
      vertex -6.37756 -6.93312 4.32288
      vertex -6.4178 -6.80047 4.32288
    endloop
  endfacet
  facet normal 0.367718 0.111549 0.923223
    outer loop
      vertex -7.72434 -7.34166 1.67712
      vertex -7.47335 -7.2377 1.56459
      vertex -7.76458 -7.20901 1.67712
    endloop
  endfacet
  facet normal 0.338897 0.181133 0.923223
    outer loop
      vertex -7.659 -7.46391 1.67712
      vertex -7.47335 -7.2377 1.56459
      vertex -7.72434 -7.34166 1.67712
    endloop
  endfacet
  facet normal 0.430876 0.353635 0.830234
    outer loop
      vertex -7.74394 -7.74394 1.84048
      vertex -7.659 -7.46391 1.67712
      vertex -7.86229 -7.59974 1.84048
    endloop
  endfacet
  facet normal 0.547912 0.44969 0.705387
    outer loop
      vertex -7.74394 -7.74394 1.84048
      vertex -7.86229 -7.59974 1.84048
      vertex -8.03517 -7.71526 2.04841
    endloop
  endfacet
  facet normal 0.705404 -0.0694955 0.70539
    outer loop
      vertex -8.02266 -7.07107 1.84048
      vertex -8.00437 -6.88542 1.84048
      vertex -8.2083 -6.84486 2.04841
    endloop
  endfacet
  facet normal 0.554734 -0.0546517 0.830231
    outer loop
      vertex -7.76458 -6.93312 1.67712
      vertex -8.00437 -6.88542 1.84048
      vertex -8.02266 -7.07107 1.84048
    endloop
  endfacet
  facet normal 0.938724 -0.284772 0.194172
    outer loop
      vertex -8.4789 -6.79103 2.56457
      vertex -8.45021 -6.49981 2.85297
      vertex -8.53516 -6.77984 2.85297
    endloop
  endfacet
  facet normal 0.938717 -0.284784 0.194185
    outer loop
      vertex -8.39721 -6.52176 2.56457
      vertex -8.45021 -6.49981 2.85297
      vertex -8.4789 -6.79103 2.56457
    endloop
  endfacet
  facet normal 0.815359 -0.435825 0.381112
    outer loop
      vertex -8.171 -6.33611 2.2929
      vertex -8.26457 -6.2736 2.56457
      vertex -8.29325 -6.56482 2.2929
    endloop
  endfacet
  facet normal 0.430868 -0.353629 0.830241
    outer loop
      vertex -7.659 -6.67823 1.67712
      vertex -7.74394 -6.39819 1.84048
      vertex -7.86229 -6.54239 1.84048
    endloop
  endfacet
  facet normal 0.714679 -0.586508 0.381107
    outer loop
      vertex -8.00649 -6.13565 2.2929
      vertex -8.08606 -6.05608 2.56457
      vertex -8.26457 -6.2736 2.56457
    endloop
  endfacet
  facet normal 0.586508 -0.714679 0.381107
    outer loop
      vertex -8.00649 -6.13565 2.2929
      vertex -7.86854 -5.87757 2.56457
      vertex -8.08606 -6.05608 2.56457
    endloop
  endfacet
  facet normal -0.528263 -0.643664 0.553747
    outer loop
      vertex -6.13565 -6.13565 2.2929
      vertex -6.33611 -5.97113 2.2929
      vertex -6.42688 -6.10697 2.04841
    endloop
  endfacet
  facet normal -0.39253 -0.73436 0.553746
    outer loop
      vertex -6.42688 -6.10697 2.04841
      vertex -6.33611 -5.97113 2.2929
      vertex -6.56482 -5.84888 2.2929
    endloop
  endfacet
  facet normal -0.634382 -0.77302 0
    outer loop
      vertex -6.24172 -5.82987 2.85297
      vertex -6.01551 -6.01551 3.14703
      vertex -6.24172 -5.82987 3.14703
    endloop
  endfacet
  facet normal -0.634382 -0.77302 -0
    outer loop
      vertex -6.01551 -6.01551 3.14703
      vertex -6.24172 -5.82987 2.85297
      vertex -6.01551 -6.01551 2.85297
    endloop
  endfacet
  facet normal -0.435838 -0.81536 0.381095
    outer loop
      vertex -6.2736 -5.87757 2.56457
      vertex -6.52176 -5.74492 2.56457
      vertex -6.56482 -5.84888 2.2929
    endloop
  endfacet
  facet normal -0.471391 -0.881924 0
    outer loop
      vertex -6.49981 -5.69192 2.85297
      vertex -6.24172 -5.82987 3.14703
      vertex -6.49981 -5.69192 3.14703
    endloop
  endfacet
  facet normal -0.471391 -0.881924 -0
    outer loop
      vertex -6.24172 -5.82987 3.14703
      vertex -6.49981 -5.69192 2.85297
      vertex -6.24172 -5.82987 2.85297
    endloop
  endfacet
  facet normal -0.0923863 -0.172877 -0.980601
    outer loop
      vertex -6.90444 -6.66879 4.43541
      vertex -6.82916 -6.70902 4.43541
      vertex -7.0148 -6.93523 4.49278
    endloop
  endfacet
  facet normal 0.172853 0.0924106 -0.980603
    outer loop
      vertex -7.2069 -7.12733 4.49278
      vertex -7.19331 -7.15275 4.49278
      vertex -7.43311 -7.31298 4.43541
    endloop
  endfacet
  facet normal 0.111558 -0.367719 -0.923221
    outer loop
      vertex -7.20901 -6.37756 4.32288
      vertex -7.15602 -6.64401 4.43541
      vertex -7.2377 -6.66879 4.43541
    endloop
  endfacet
  facet normal 0.195066 0.0191802 -0.980602
    outer loop
      vertex -7.21809 -7.07107 4.49278
      vertex -7.21527 -7.09975 4.49278
      vertex -7.50649 -7.07107 4.43541
    endloop
  endfacet
  facet normal -0.0191969 0.195069 -0.980602
    outer loop
      vertex -7.04238 -7.21527 4.49278
      vertex -6.98612 -7.49813 4.43541
      vertex -7.07107 -7.50649 4.43541
    endloop
  endfacet
  facet normal -0.187571 0.0569052 -0.980601
    outer loop
      vertex -6.64401 -7.15602 4.43541
      vertex -6.66879 -7.2377 4.43541
      vertex -6.93523 -7.12733 4.49278
    endloop
  endfacet
  facet normal -0.187576 0.0568578 -0.980603
    outer loop
      vertex -6.92687 -7.09975 4.49278
      vertex -6.64401 -7.15602 4.43541
      vertex -6.93523 -7.12733 4.49278
    endloop
  endfacet
  facet normal 0.0376481 0.382414 -0.923224
    outer loop
      vertex -7.07107 -7.50649 4.43541
      vertex -7.07107 -7.77816 4.32288
      vertex -7.20901 -7.76458 4.32288
    endloop
  endfacet
  facet normal -0.172853 0.0924106 -0.980603
    outer loop
      vertex -6.93523 -7.12733 4.49278
      vertex -6.70902 -7.31298 4.43541
      vertex -6.94882 -7.15275 4.49278
    endloop
  endfacet
  facet normal 0.491597 -0.26277 -0.830232
    outer loop
      vertex -7.659 -6.67823 4.32288
      vertex -7.72434 -6.80047 4.32288
      vertex -7.95022 -6.70691 4.15952
    endloop
  endfacet
  facet normal 0.338886 -0.181142 -0.923225
    outer loop
      vertex -7.659 -6.67823 4.32288
      vertex -7.47335 -6.90444 4.43541
      vertex -7.72434 -6.80047 4.32288
    endloop
  endfacet
  facet normal 0.705402 0.069499 -0.705392
    outer loop
      vertex -8.02266 -7.07107 4.15952
      vertex -8.00437 -7.25671 4.15952
      vertex -8.2083 -7.29728 3.95159
    endloop
  endfacet
  facet normal 0.678298 0.205746 -0.705394
    outer loop
      vertex -8.00437 -7.25671 4.15952
      vertex -7.95022 -7.43523 4.15952
      vertex -8.2083 -7.29728 3.95159
    endloop
  endfacet
  facet normal 0.151514 0.124348 -0.980603
    outer loop
      vertex -7.19331 -7.15275 4.49278
      vertex -7.37896 -7.37896 4.43541
      vertex -7.43311 -7.31298 4.43541
    endloop
  endfacet
  facet normal 0.151535 0.12433 -0.980601
    outer loop
      vertex -7.19331 -7.15275 4.49278
      vertex -7.17503 -7.17503 4.49278
      vertex -7.37896 -7.37896 4.43541
    endloop
  endfacet
  facet normal 0.338897 0.181133 -0.923223
    outer loop
      vertex -7.47335 -7.2377 4.43541
      vertex -7.659 -7.46391 4.32288
      vertex -7.72434 -7.34166 4.32288
    endloop
  endfacet
  facet normal 0.195068 0.0191968 -0.980602
    outer loop
      vertex -7.21527 -7.09975 4.49278
      vertex -7.49813 -7.15602 4.43541
      vertex -7.50649 -7.07107 4.43541
    endloop
  endfacet
  facet normal 0.491598 0.262749 -0.830238
    outer loop
      vertex -7.72434 -7.34166 4.32288
      vertex -7.659 -7.46391 4.32288
      vertex -7.95022 -7.43523 4.15952
    endloop
  endfacet
  facet normal 0.338883 0.181146 -0.923225
    outer loop
      vertex -7.47335 -7.2377 4.43541
      vertex -7.43311 -7.31298 4.43541
      vertex -7.659 -7.46391 4.32288
    endloop
  endfacet
  facet normal 0.528259 -0.643692 -0.553717
    outer loop
      vertex -7.71526 -6.10697 3.95159
      vertex -7.89097 -6.25117 3.95159
      vertex -8.00649 -6.13565 3.70709
    endloop
  endfacet
  facet normal 0.643692 -0.528259 -0.553717
    outer loop
      vertex -8.00649 -6.13565 3.70709
      vertex -7.89097 -6.25117 3.95159
      vertex -8.03517 -6.42688 3.95159
    endloop
  endfacet
  facet normal 0.268383 -0.884723 -0.381098
    outer loop
      vertex -7.3511 -5.66324 3.43543
      vertex -7.32915 -5.7736 3.70709
      vertex -7.57731 -5.84888 3.70709
    endloop
  endfacet
  facet normal 0.268371 -0.884723 -0.381108
    outer loop
      vertex -7.3511 -5.66324 3.43543
      vertex -7.57731 -5.84888 3.70709
      vertex -7.62037 -5.74492 3.43543
    endloop
  endfacet
  facet normal 0.758303 -0.622309 -0.194188
    outer loop
      vertex -8.12662 -6.01551 3.14703
      vertex -8.08606 -6.05608 3.43543
      vertex -8.26457 -6.2736 3.43543
    endloop
  endfacet
  facet normal 0.586505 -0.714675 -0.381119
    outer loop
      vertex -7.86854 -5.87757 3.43543
      vertex -8.00649 -6.13565 3.70709
      vertex -8.08606 -6.05608 3.43543
    endloop
  endfacet
  facet normal -0.0694581 -0.70541 -0.705388
    outer loop
      vertex -6.84486 -5.93383 3.95159
      vertex -6.88542 -6.13776 4.15952
      vertex -7.07107 -6.11948 4.15952
    endloop
  endfacet
  facet normal -0.0546207 -0.554723 -0.83024
    outer loop
      vertex -6.88542 -6.13776 4.15952
      vertex -6.93312 -6.37756 4.32288
      vertex -7.07107 -6.11948 4.15952
    endloop
  endfacet
  facet normal 0.0376785 -0.382412 -0.923223
    outer loop
      vertex -7.07107 -6.63564 4.43541
      vertex -7.15602 -6.64401 4.43541
      vertex -7.20901 -6.37756 4.32288
    endloop
  endfacet
  facet normal 0.0546529 -0.554733 -0.830232
    outer loop
      vertex -7.07107 -6.11948 4.15952
      vertex -7.07107 -6.36397 4.32288
      vertex -7.20901 -6.37756 4.32288
    endloop
  endfacet
  facet normal 0.205746 -0.678298 -0.705394
    outer loop
      vertex -7.29728 -5.93383 3.95159
      vertex -7.25671 -6.13776 4.15952
      vertex -7.43523 -6.19191 4.15952
    endloop
  endfacet
  facet normal 0.205757 -0.6783 -0.705389
    outer loop
      vertex -7.29728 -5.93383 3.95159
      vertex -7.43523 -6.19191 4.15952
      vertex -7.51479 -5.99981 3.95159
    endloop
  endfacet
  facet normal -0.0376784 -0.382411 0.923224
    outer loop
      vertex -6.98612 -6.64401 1.56459
      vertex -6.93312 -6.37756 1.67712
      vertex -7.07107 -6.63564 1.56459
    endloop
  endfacet
  facet normal -0.195066 -0.0192415 0.980601
    outer loop
      vertex -6.92404 -7.07107 1.50722
      vertex -6.63564 -7.07107 1.56459
      vertex -6.92687 -7.04238 1.50722
    endloop
  endfacet
  facet normal -0.172874 0.0923848 0.980602
    outer loop
      vertex -6.70902 -7.31298 1.56459
      vertex -6.66879 -7.2377 1.56459
      vertex -6.93523 -7.12733 1.50722
    endloop
  endfacet
  facet normal -0.0191735 0.195066 0.980603
    outer loop
      vertex -7.04238 -7.21527 1.50722
      vertex -7.07107 -7.21809 1.50722
      vertex -7.07107 -7.50649 1.56459
    endloop
  endfacet
  facet normal -0.181117 -0.338914 0.923219
    outer loop
      vertex -6.82916 -6.70902 1.56459
      vertex -6.67823 -6.48314 1.67712
      vertex -6.90444 -6.66879 1.56459
    endloop
  endfacet
  facet normal -0.124338 -0.151525 0.980602
    outer loop
      vertex -6.76317 -6.76317 1.56459
      vertex -6.82916 -6.70902 1.56459
      vertex -6.98938 -6.94882 1.50722
    endloop
  endfacet
  facet normal 0.195068 0.0191968 0.980602
    outer loop
      vertex -7.49813 -7.15602 1.56459
      vertex -7.21527 -7.09975 1.50722
      vertex -7.50649 -7.07107 1.56459
    endloop
  endfacet
  facet normal -0.0569224 0.187565 0.980601
    outer loop
      vertex -6.98612 -7.49813 1.56459
      vertex -7.0148 -7.2069 1.50722
      vertex -7.04238 -7.21527 1.50722
    endloop
  endfacet
  facet normal -0.491585 -0.262763 0.830241
    outer loop
      vertex -6.4178 -6.80047 1.67712
      vertex -6.19191 -6.70691 1.84048
      vertex -6.48314 -6.67823 1.67712
    endloop
  endfacet
  facet normal -0.338886 -0.181142 0.923225
    outer loop
      vertex -6.4178 -6.80047 1.67712
      vertex -6.48314 -6.67823 1.67712
      vertex -6.66879 -6.90444 1.56459
    endloop
  endfacet
  facet normal -0.533399 -0.161809 0.830243
    outer loop
      vertex -6.37756 -6.93312 1.67712
      vertex -6.19191 -6.70691 1.84048
      vertex -6.4178 -6.80047 1.67712
    endloop
  endfacet
  facet normal -0.367715 -0.111548 0.923224
    outer loop
      vertex -6.37756 -6.93312 1.67712
      vertex -6.4178 -6.80047 1.67712
      vertex -6.66879 -6.90444 1.56459
    endloop
  endfacet
  facet normal 0.0568578 -0.187576 0.980603
    outer loop
      vertex -7.12733 -6.93523 1.50722
      vertex -7.09975 -6.92687 1.50722
      vertex -7.15602 -6.64401 1.56459
    endloop
  endfacet
  facet normal -0.382411 -0.0376784 0.923224
    outer loop
      vertex -6.63564 -7.07107 1.56459
      vertex -6.37756 -6.93312 1.67712
      vertex -6.64401 -6.98612 1.56459
    endloop
  endfacet
  facet normal -0.297042 0.243783 0.92322
    outer loop
      vertex -6.48314 -7.46391 1.67712
      vertex -6.70902 -7.31298 1.56459
      vertex -6.76317 -7.37896 1.56459
    endloop
  endfacet
  facet normal -0.0924121 -0.172856 0.980602
    outer loop
      vertex -6.98938 -6.94882 1.50722
      vertex -6.82916 -6.70902 1.56459
      vertex -7.0148 -6.93523 1.50722
    endloop
  endfacet
  facet normal 0.151525 -0.124338 0.980602
    outer loop
      vertex -7.19331 -6.98938 1.50722
      vertex -7.37896 -6.76317 1.56459
      vertex -7.43311 -6.82916 1.56459
    endloop
  endfacet
  facet normal -0.111557 0.367715 0.923223
    outer loop
      vertex -6.93312 -7.76458 1.67712
      vertex -6.90444 -7.47335 1.56459
      vertex -6.98612 -7.49813 1.56459
    endloop
  endfacet
  facet normal -0.0569039 0.187567 0.980602
    outer loop
      vertex -6.98612 -7.49813 1.56459
      vertex -6.90444 -7.47335 1.56459
      vertex -7.0148 -7.2069 1.50722
    endloop
  endfacet
  facet normal -0.12433 -0.151535 0.980601
    outer loop
      vertex -6.9671 -6.9671 1.50722
      vertex -6.76317 -6.76317 1.56459
      vertex -6.98938 -6.94882 1.50722
    endloop
  endfacet
  facet normal 0.0192193 -0.195064 0.980602
    outer loop
      vertex -7.09975 -6.92687 1.50722
      vertex -7.07107 -6.63564 1.56459
      vertex -7.15602 -6.64401 1.56459
    endloop
  endfacet
  facet normal 0.243777 0.297035 0.923224
    outer loop
      vertex -7.31298 -7.43311 1.56459
      vertex -7.37896 -7.37896 1.56459
      vertex -7.46391 -7.659 1.67712
    endloop
  endfacet
  facet normal 0.338883 0.181146 0.923225
    outer loop
      vertex -7.43311 -7.31298 1.56459
      vertex -7.47335 -7.2377 1.56459
      vertex -7.659 -7.46391 1.67712
    endloop
  endfacet
  facet normal 0.151514 0.124348 0.980603
    outer loop
      vertex -7.37896 -7.37896 1.56459
      vertex -7.19331 -7.15275 1.50722
      vertex -7.43311 -7.31298 1.56459
    endloop
  endfacet
  facet normal 0.38242 0.0376343 0.923222
    outer loop
      vertex -7.49813 -7.15602 1.56459
      vertex -7.50649 -7.07107 1.56459
      vertex -7.76458 -7.20901 1.67712
    endloop
  endfacet
  facet normal 0.586487 0.714686 0.381125
    outer loop
      vertex -7.86854 -8.26457 2.56457
      vertex -7.80602 -8.171 2.2929
      vertex -8.00649 -8.00649 2.2929
    endloop
  endfacet
  facet normal 0.39254 0.734379 0.553714
    outer loop
      vertex -7.57731 -8.29325 2.2929
      vertex -7.71526 -8.03517 2.04841
      vertex -7.80602 -8.171 2.2929
    endloop
  endfacet
  facet normal 0.205746 0.678298 0.705394
    outer loop
      vertex -7.29728 -8.2083 2.04841
      vertex -7.25671 -8.00437 1.84048
      vertex -7.43523 -7.95022 1.84048
    endloop
  endfacet
  facet normal 0.161801 0.53342 0.830231
    outer loop
      vertex -7.25671 -8.00437 1.84048
      vertex -7.20901 -7.76458 1.67712
      vertex -7.43523 -7.95022 1.84048
    endloop
  endfacet
  facet normal 0.435798 0.815381 0.381096
    outer loop
      vertex -7.62037 -8.39721 2.56457
      vertex -7.57731 -8.29325 2.2929
      vertex -7.86854 -8.26457 2.56457
    endloop
  endfacet
  facet normal 0.462397 0.865147 0.194189
    outer loop
      vertex -7.62037 -8.39721 2.56457
      vertex -7.86854 -8.26457 2.56457
      vertex -7.90041 -8.31227 2.85297
    endloop
  endfacet
  facet normal 0.643716 0.528247 -0.5537
    outer loop
      vertex -8.03517 -7.71526 3.95159
      vertex -8.00649 -8.00649 3.70709
      vertex -8.171 -7.80602 3.70709
    endloop
  endfacet
  facet normal 0.643692 0.528259 -0.553717
    outer loop
      vertex -7.89097 -7.89097 3.95159
      vertex -8.00649 -8.00649 3.70709
      vertex -8.03517 -7.71526 3.95159
    endloop
  endfacet
  facet normal 0.828696 0.0816237 -0.553715
    outer loop
      vertex -8.2083 -7.29728 3.95159
      vertex -8.36853 -7.32915 3.70709
      vertex -8.39395 -7.07107 3.70709
    endloop
  endfacet
  facet normal 0.92007 0.0906237 -0.381128
    outer loop
      vertex -8.39395 -7.07107 3.70709
      vertex -8.36853 -7.32915 3.70709
      vertex -8.4789 -7.3511 3.43543
    endloop
  endfacet
  facet normal 0.705415 -0.0694781 -0.705381
    outer loop
      vertex -8.2083 -6.84486 3.95159
      vertex -8.02266 -7.07107 4.15952
      vertex -8.23058 -7.07107 3.95159
    endloop
  endfacet
  facet normal 0.828695 -0.0816203 -0.553717
    outer loop
      vertex -8.2083 -6.84486 3.95159
      vertex -8.23058 -7.07107 3.95159
      vertex -8.39395 -7.07107 3.70709
    endloop
  endfacet
  facet normal 0.865137 -0.46241 -0.194205
    outer loop
      vertex -8.31227 -6.24172 3.14703
      vertex -8.26457 -6.2736 3.43543
      vertex -8.39721 -6.52176 3.43543
    endloop
  endfacet
  facet normal -0.195066 0.0192482 -0.980601
    outer loop
      vertex -6.92404 -7.07107 4.49278
      vertex -6.63564 -7.07107 4.43541
      vertex -6.92687 -7.09975 4.49278
    endloop
  endfacet
  facet normal -0.195066 -0.0192415 -0.980601
    outer loop
      vertex -6.63564 -7.07107 4.43541
      vertex -6.92404 -7.07107 4.49278
      vertex -6.92687 -7.04238 4.49278
    endloop
  endfacet
  facet normal -0.0376454 0.382414 -0.923224
    outer loop
      vertex -7.07107 -7.50649 4.43541
      vertex -6.93312 -7.76458 4.32288
      vertex -7.07107 -7.77816 4.32288
    endloop
  endfacet
  facet normal -0.0376342 0.382419 -0.923222
    outer loop
      vertex -6.98612 -7.49813 4.43541
      vertex -6.93312 -7.76458 4.32288
      vertex -7.07107 -7.50649 4.43541
    endloop
  endfacet
  facet normal -0.262742 0.491599 -0.830239
    outer loop
      vertex -6.67823 -7.659 4.32288
      vertex -6.54239 -7.86229 4.15952
      vertex -6.70691 -7.95022 4.15952
    endloop
  endfacet
  facet normal -0.353629 0.430868 -0.830241
    outer loop
      vertex -6.39819 -7.74394 4.15952
      vertex -6.54239 -7.86229 4.15952
      vertex -6.67823 -7.659 4.32288
    endloop
  endfacet
  facet normal -0.268401 0.884713 -0.381109
    outer loop
      vertex -6.56482 -8.29325 3.70709
      vertex -6.52176 -8.39721 3.43543
      vertex -6.79103 -8.4789 3.43543
    endloop
  endfacet
  facet normal -0.284784 0.938717 -0.194185
    outer loop
      vertex -6.52176 -8.39721 3.43543
      vertex -6.49981 -8.45021 3.14703
      vertex -6.79103 -8.4789 3.43543
    endloop
  endfacet
  facet normal -0.714679 -0.586508 0.381107
    outer loop
      vertex -5.87757 -6.2736 2.56457
      vertex -6.05608 -6.05608 2.56457
      vertex -6.13565 -6.13565 2.2929
    endloop
  endfacet
  facet normal -0.758299 -0.622306 0.194213
    outer loop
      vertex -5.87757 -6.2736 2.56457
      vertex -6.01551 -6.01551 2.85297
      vertex -6.05608 -6.05608 2.56457
    endloop
  endfacet
  facet normal -0.338897 0.181133 -0.923223
    outer loop
      vertex -6.4178 -7.34166 4.32288
      vertex -6.48314 -7.46391 4.32288
      vertex -6.66879 -7.2377 4.43541
    endloop
  endfacet
  facet normal -0.338914 0.181117 -0.923219
    outer loop
      vertex -6.66879 -7.2377 4.43541
      vertex -6.48314 -7.46391 4.32288
      vertex -6.70902 -7.31298 4.43541
    endloop
  endfacet
  facet normal -0.70541 -0.0694581 -0.705388
    outer loop
      vertex -5.93383 -6.84486 3.95159
      vertex -6.11948 -7.07107 4.15952
      vertex -6.13776 -6.88542 4.15952
    endloop
  endfacet
  facet normal -0.6783 -0.205759 -0.705388
    outer loop
      vertex -5.93383 -6.84486 3.95159
      vertex -6.13776 -6.88542 4.15952
      vertex -6.19191 -6.70691 4.15952
    endloop
  endfacet
  facet normal -0.297041 0.243787 -0.92322
    outer loop
      vertex -6.48314 -7.46391 4.32288
      vertex -6.57108 -7.57106 4.32288
      vertex -6.76317 -7.37896 4.43541
    endloop
  endfacet
  facet normal -0.430872 0.353625 -0.83024
    outer loop
      vertex -6.48314 -7.46391 4.32288
      vertex -6.39819 -7.74394 4.15952
      vertex -6.57108 -7.57106 4.32288
    endloop
  endfacet
  facet normal -0.554733 0.0546529 -0.830232
    outer loop
      vertex -6.36397 -7.07107 4.32288
      vertex -6.11948 -7.07107 4.15952
      vertex -6.37756 -7.20901 4.32288
    endloop
  endfacet
  facet normal -0.554733 -0.0546489 -0.830232
    outer loop
      vertex -6.11948 -7.07107 4.15952
      vertex -6.36397 -7.07107 4.32288
      vertex -6.37756 -6.93312 4.32288
    endloop
  endfacet
  facet normal -0.46241 0.865137 0.194205
    outer loop
      vertex -6.24172 -8.31227 2.85297
      vertex -6.2736 -8.26457 2.56457
      vertex -6.52176 -8.39721 2.56457
    endloop
  endfacet
  facet normal -0.622323 0.758285 0.194209
    outer loop
      vertex -6.24172 -8.31227 2.85297
      vertex -6.01551 -8.12662 2.85297
      vertex -6.2736 -8.26457 2.56457
    endloop
  endfacet
  facet normal -0.678298 0.205746 -0.705394
    outer loop
      vertex -6.13776 -7.25671 4.15952
      vertex -5.93383 -7.29728 3.95159
      vertex -6.19191 -7.43523 4.15952
    endloop
  endfacet
  facet normal -0.6783 0.205757 -0.705389
    outer loop
      vertex -5.93383 -7.29728 3.95159
      vertex -5.99981 -7.51479 3.95159
      vertex -6.19191 -7.43523 4.15952
    endloop
  endfacet
  facet normal 0.554718 0.0546113 0.830244
    outer loop
      vertex -7.76458 -7.20901 1.67712
      vertex -7.77816 -7.07107 1.67712
      vertex -8.02266 -7.07107 1.84048
    endloop
  endfacet
  facet normal 0.554733 0.0546546 0.830231
    outer loop
      vertex -8.00437 -7.25671 1.84048
      vertex -7.76458 -7.20901 1.67712
      vertex -8.02266 -7.07107 1.84048
    endloop
  endfacet
  facet normal 0.491597 -0.26277 0.830232
    outer loop
      vertex -7.72434 -6.80047 1.67712
      vertex -7.659 -6.67823 1.67712
      vertex -7.95022 -6.70691 1.84048
    endloop
  endfacet
  facet normal 0.338886 -0.181142 0.923225
    outer loop
      vertex -7.47335 -6.90444 1.56459
      vertex -7.659 -6.67823 1.67712
      vertex -7.72434 -6.80047 1.67712
    endloop
  endfacet
  facet normal 0.205757 -0.6783 0.705389
    outer loop
      vertex -7.43523 -6.19191 1.84048
      vertex -7.29728 -5.93383 2.04841
      vertex -7.51479 -5.99981 2.04841
    endloop
  endfacet
  facet normal 0.297051 -0.243754 0.923225
    outer loop
      vertex -7.43311 -6.82916 1.56459
      vertex -7.37896 -6.76317 1.56459
      vertex -7.659 -6.67823 1.67712
    endloop
  endfacet
  facet normal 0.338883 -0.181146 0.923225
    outer loop
      vertex -7.47335 -6.90444 1.56459
      vertex -7.43311 -6.82916 1.56459
      vertex -7.659 -6.67823 1.67712
    endloop
  endfacet
  facet normal 0.161796 -0.533405 0.830241
    outer loop
      vertex -7.20901 -6.37756 1.67712
      vertex -7.25671 -6.13776 1.84048
      vertex -7.43523 -6.19191 1.84048
    endloop
  endfacet
  facet normal 0.161808 -0.533395 0.830246
    outer loop
      vertex -7.34166 -6.4178 1.67712
      vertex -7.20901 -6.37756 1.67712
      vertex -7.43523 -6.19191 1.84048
    endloop
  endfacet
  facet normal -0.334147 -0.625129 0.705379
    outer loop
      vertex -6.54239 -6.27985 1.84048
      vertex -6.42688 -6.10697 2.04841
      vertex -6.70691 -6.19191 1.84048
    endloop
  endfacet
  facet normal -0.449674 -0.547938 0.705378
    outer loop
      vertex -6.39819 -6.39819 1.84048
      vertex -6.42688 -6.10697 2.04841
      vertex -6.54239 -6.27985 1.84048
    endloop
  endfacet
  facet normal -0.195066 0.0192482 0.980601
    outer loop
      vertex -6.63564 -7.07107 1.56459
      vertex -6.92404 -7.07107 1.50722
      vertex -6.92687 -7.09975 1.50722
    endloop
  endfacet
  facet normal -0.0546207 -0.554723 0.83024
    outer loop
      vertex -6.93312 -6.37756 1.67712
      vertex -6.88542 -6.13776 1.84048
      vertex -7.07107 -6.11948 1.84048
    endloop
  endfacet
  facet normal -0.205747 -0.678298 0.705393
    outer loop
      vertex -6.70691 -6.19191 1.84048
      vertex -6.62734 -5.99981 2.04841
      vertex -6.84486 -5.93383 2.04841
    endloop
  endfacet
  facet normal -0.241707 -0.796849 0.553724
    outer loop
      vertex -6.62734 -5.99981 2.04841
      vertex -6.56482 -5.84888 2.2929
      vertex -6.84486 -5.93383 2.04841
    endloop
  endfacet
  facet normal -0.111548 -0.367715 0.923224
    outer loop
      vertex -6.90444 -6.66879 1.56459
      vertex -6.80047 -6.4178 1.67712
      vertex -6.93312 -6.37756 1.67712
    endloop
  endfacet
  facet normal -0.0192415 -0.195066 0.980601
    outer loop
      vertex -7.04238 -6.92687 1.50722
      vertex -7.07107 -6.63564 1.56459
      vertex -7.07107 -6.92404 1.50722
    endloop
  endfacet
  facet normal -0.734358 -0.392566 0.553724
    outer loop
      vertex -5.99981 -6.62734 2.04841
      vertex -5.84888 -6.56482 2.2929
      vertex -6.10697 -6.42688 2.04841
    endloop
  endfacet
  facet normal -0.796849 -0.241707 0.553724
    outer loop
      vertex -5.93383 -6.84486 2.04841
      vertex -5.84888 -6.56482 2.2929
      vertex -5.99981 -6.62734 2.04841
    endloop
  endfacet
  facet normal -0.643684 -0.528253 0.553733
    outer loop
      vertex -6.10697 -6.42688 2.04841
      vertex -6.13565 -6.13565 2.2929
      vertex -6.25117 -6.25117 2.04841
    endloop
  endfacet
  facet normal -0.547937 -0.449676 0.705377
    outer loop
      vertex -6.10697 -6.42688 2.04841
      vertex -6.25117 -6.25117 2.04841
      vertex -6.39819 -6.39819 1.84048
    endloop
  endfacet
  facet normal 0.435796 0.815376 -0.381108
    outer loop
      vertex -7.57731 -8.29325 3.70709
      vertex -7.62037 -8.39721 3.43543
      vertex -7.86854 -8.26457 3.43543
    endloop
  endfacet
  facet normal 0.462397 0.865147 -0.194189
    outer loop
      vertex -7.86854 -8.26457 3.43543
      vertex -7.62037 -8.39721 3.43543
      vertex -7.90041 -8.31227 3.14703
    endloop
  endfacet
  facet normal 0.0568578 -0.187576 -0.980603
    outer loop
      vertex -7.09975 -6.92687 4.49278
      vertex -7.12733 -6.93523 4.49278
      vertex -7.15602 -6.64401 4.43541
    endloop
  endfacet
  facet normal -0.151535 -0.12433 -0.980601
    outer loop
      vertex -6.76317 -6.76317 4.43541
      vertex -6.94882 -6.98938 4.49278
      vertex -6.9671 -6.9671 4.49278
    endloop
  endfacet
  facet normal 0.195066 -0.0191735 -0.980603
    outer loop
      vertex -7.21527 -7.04238 4.49278
      vertex -7.21809 -7.07107 4.49278
      vertex -7.50649 -7.07107 4.43541
    endloop
  endfacet
  facet normal 0.151535 -0.12433 -0.980601
    outer loop
      vertex -7.17503 -6.9671 4.49278
      vertex -7.19331 -6.98938 4.49278
      vertex -7.37896 -6.76317 4.43541
    endloop
  endfacet
  facet normal 0.796842 -0.241714 0.55373
    outer loop
      vertex -8.2083 -6.84486 2.04841
      vertex -8.29325 -6.56482 2.2929
      vertex -8.36853 -6.81299 2.2929
    endloop
  endfacet
  facet normal 0.796849 -0.241707 0.553724
    outer loop
      vertex -8.2083 -6.84486 2.04841
      vertex -8.14232 -6.62734 2.04841
      vertex -8.29325 -6.56482 2.2929
    endloop
  endfacet
  facet normal 0.625146 -0.334118 0.705378
    outer loop
      vertex -7.95022 -6.70691 1.84048
      vertex -7.86229 -6.54239 1.84048
      vertex -8.03517 -6.42688 2.04841
    endloop
  endfacet
  facet normal 0.625117 -0.334138 0.705393
    outer loop
      vertex -7.95022 -6.70691 1.84048
      vertex -8.03517 -6.42688 2.04841
      vertex -8.14232 -6.62734 2.04841
    endloop
  endfacet
  facet normal -0.0569057 -0.187573 -0.980601
    outer loop
      vertex -6.98612 -6.64401 4.43541
      vertex -6.90444 -6.66879 4.43541
      vertex -7.0148 -6.93523 4.49278
    endloop
  endfacet
  facet normal -0.111557 -0.367715 -0.923223
    outer loop
      vertex -6.93312 -6.37756 4.32288
      vertex -6.90444 -6.66879 4.43541
      vertex -6.98612 -6.64401 4.43541
    endloop
  endfacet
  facet normal 0.111549 -0.367718 -0.923223
    outer loop
      vertex -7.20901 -6.37756 4.32288
      vertex -7.2377 -6.66879 4.43541
      vertex -7.34166 -6.4178 4.32288
    endloop
  endfacet
  facet normal 0.181117 -0.338914 -0.923219
    outer loop
      vertex -7.2377 -6.66879 4.43541
      vertex -7.31298 -6.70902 4.43541
      vertex -7.46391 -6.48314 4.32288
    endloop
  endfacet
  facet normal -0.0191735 0.195066 -0.980603
    outer loop
      vertex -7.07107 -7.21809 4.49278
      vertex -7.04238 -7.21527 4.49278
      vertex -7.07107 -7.50649 4.43541
    endloop
  endfacet
  facet normal -0.0569039 0.187567 -0.980602
    outer loop
      vertex -6.90444 -7.47335 4.43541
      vertex -6.98612 -7.49813 4.43541
      vertex -7.0148 -7.2069 4.49278
    endloop
  endfacet
  facet normal 0.678298 -0.205747 -0.705393
    outer loop
      vertex -8.14232 -6.62734 3.95159
      vertex -7.95022 -6.70691 4.15952
      vertex -8.2083 -6.84486 3.95159
    endloop
  endfacet
  facet normal 0.6783 -0.205759 -0.705388
    outer loop
      vertex -7.95022 -6.70691 4.15952
      vertex -8.00437 -6.88542 4.15952
      vertex -8.2083 -6.84486 3.95159
    endloop
  endfacet
  facet normal 0.533418 -0.161809 -0.830231
    outer loop
      vertex -7.95022 -6.70691 4.15952
      vertex -7.76458 -6.93312 4.32288
      vertex -8.00437 -6.88542 4.15952
    endloop
  endfacet
  facet normal 0.533414 -0.161814 -0.830233
    outer loop
      vertex -7.72434 -6.80047 4.32288
      vertex -7.76458 -6.93312 4.32288
      vertex -7.95022 -6.70691 4.15952
    endloop
  endfacet
  facet normal 0.714675 -0.586505 -0.381119
    outer loop
      vertex -8.08606 -6.05608 3.43543
      vertex -8.00649 -6.13565 3.70709
      vertex -8.26457 -6.2736 3.43543
    endloop
  endfacet
  facet normal 0.714674 -0.586506 -0.381118
    outer loop
      vertex -8.00649 -6.13565 3.70709
      vertex -8.171 -6.33611 3.70709
      vertex -8.26457 -6.2736 3.43543
    endloop
  endfacet
  facet normal 0.0376758 -0.382413 -0.923223
    outer loop
      vertex -7.07107 -6.36397 4.32288
      vertex -7.07107 -6.63564 4.43541
      vertex -7.20901 -6.37756 4.32288
    endloop
  endfacet
  facet normal -0.0376731 -0.382414 -0.923223
    outer loop
      vertex -7.07107 -6.36397 4.32288
      vertex -6.93312 -6.37756 4.32288
      vertex -7.07107 -6.63564 4.43541
    endloop
  endfacet
  facet normal 0.161808 -0.533395 -0.830246
    outer loop
      vertex -7.20901 -6.37756 4.32288
      vertex -7.34166 -6.4178 4.32288
      vertex -7.43523 -6.19191 4.15952
    endloop
  endfacet
  facet normal 0.262742 -0.491586 -0.830247
    outer loop
      vertex -7.43523 -6.19191 4.15952
      vertex -7.34166 -6.4178 4.32288
      vertex -7.46391 -6.48314 4.32288
    endloop
  endfacet
  facet normal 0.161796 -0.533405 -0.830241
    outer loop
      vertex -7.25671 -6.13776 4.15952
      vertex -7.20901 -6.37756 4.32288
      vertex -7.43523 -6.19191 4.15952
    endloop
  endfacet
  facet normal 0.0546236 -0.554723 -0.83024
    outer loop
      vertex -7.07107 -6.11948 4.15952
      vertex -7.20901 -6.37756 4.32288
      vertex -7.25671 -6.13776 4.15952
    endloop
  endfacet
  facet normal 0.187567 -0.0569039 0.980602
    outer loop
      vertex -7.2069 -7.0148 1.50722
      vertex -7.47335 -6.90444 1.56459
      vertex -7.49813 -6.98612 1.56459
    endloop
  endfacet
  facet normal -0.172877 -0.0923863 0.980601
    outer loop
      vertex -6.66879 -6.90444 1.56459
      vertex -6.70902 -6.82916 1.56459
      vertex -6.93523 -7.0148 1.50722
    endloop
  endfacet
  facet normal 0.111549 0.367718 0.923223
    outer loop
      vertex -7.20901 -7.76458 1.67712
      vertex -7.2377 -7.47335 1.56459
      vertex -7.34166 -7.72434 1.67712
    endloop
  endfacet
  facet normal -0.243792 -0.297046 0.923217
    outer loop
      vertex -6.57108 -6.57108 1.67712
      vertex -6.67823 -6.48314 1.67712
      vertex -6.76317 -6.76317 1.56459
    endloop
  endfacet
  facet normal -0.430864 -0.353618 0.830247
    outer loop
      vertex -6.48314 -6.67823 1.67712
      vertex -6.39819 -6.39819 1.84048
      vertex -6.57108 -6.57108 1.67712
    endloop
  endfacet
  facet normal -0.187578 -0.0568583 0.980603
    outer loop
      vertex -6.92687 -7.04238 1.50722
      vertex -6.64401 -6.98612 1.56459
      vertex -6.93523 -7.0148 1.50722
    endloop
  endfacet
  facet normal -0.187573 -0.0569057 0.980601
    outer loop
      vertex -6.64401 -6.98612 1.56459
      vertex -6.66879 -6.90444 1.56459
      vertex -6.93523 -7.0148 1.50722
    endloop
  endfacet
  facet normal -0.382412 0.0376785 0.923223
    outer loop
      vertex -6.37756 -7.20901 1.67712
      vertex -6.63564 -7.07107 1.56459
      vertex -6.64401 -7.15602 1.56459
    endloop
  endfacet
  facet normal -0.367719 0.111558 0.923221
    outer loop
      vertex -6.37756 -7.20901 1.67712
      vertex -6.64401 -7.15602 1.56459
      vertex -6.66879 -7.2377 1.56459
    endloop
  endfacet
  facet normal -0.151525 -0.124338 0.980602
    outer loop
      vertex -6.70902 -6.82916 1.56459
      vertex -6.76317 -6.76317 1.56459
      vertex -6.94882 -6.98938 1.50722
    endloop
  endfacet
  facet normal 0.195066 0.0191802 0.980602
    outer loop
      vertex -7.21527 -7.09975 1.50722
      vertex -7.21809 -7.07107 1.50722
      vertex -7.50649 -7.07107 1.56459
    endloop
  endfacet
  facet normal -0.181146 0.338883 0.923225
    outer loop
      vertex -6.67823 -7.659 1.67712
      vertex -6.82916 -7.43311 1.56459
      vertex -6.90444 -7.47335 1.56459
    endloop
  endfacet
  facet normal -0.0924023 0.172864 0.980602
    outer loop
      vertex -6.90444 -7.47335 1.56459
      vertex -6.82916 -7.43311 1.56459
      vertex -7.0148 -7.2069 1.50722
    endloop
  endfacet
  facet normal -0.181142 0.338886 0.923225
    outer loop
      vertex -6.80047 -7.72434 1.67712
      vertex -6.67823 -7.659 1.67712
      vertex -6.90444 -7.47335 1.56459
    endloop
  endfacet
  facet normal -0.26277 0.491597 0.830232
    outer loop
      vertex -6.70691 -7.95022 1.84048
      vertex -6.67823 -7.659 1.67712
      vertex -6.80047 -7.72434 1.67712
    endloop
  endfacet
  facet normal 0.0191802 0.195066 0.980602
    outer loop
      vertex -7.07107 -7.50649 1.56459
      vertex -7.07107 -7.21809 1.50722
      vertex -7.09975 -7.21527 1.50722
    endloop
  endfacet
  facet normal 0.181133 0.338897 0.923223
    outer loop
      vertex -7.34166 -7.72434 1.67712
      vertex -7.2377 -7.47335 1.56459
      vertex -7.46391 -7.659 1.67712
    endloop
  endfacet
  facet normal 0.187565 -0.0569224 0.980601
    outer loop
      vertex -7.21527 -7.04238 1.50722
      vertex -7.2069 -7.0148 1.50722
      vertex -7.49813 -6.98612 1.56459
    endloop
  endfacet
  facet normal -0.124338 0.151525 0.980602
    outer loop
      vertex -6.82916 -7.43311 1.56459
      vertex -6.76317 -7.37896 1.56459
      vertex -6.98938 -7.19331 1.50722
    endloop
  endfacet
  facet normal 0.151535 -0.12433 0.980601
    outer loop
      vertex -7.19331 -6.98938 1.50722
      vertex -7.17503 -6.9671 1.50722
      vertex -7.37896 -6.76317 1.56459
    endloop
  endfacet
  facet normal 0.382414 -0.0376454 0.923224
    outer loop
      vertex -7.50649 -7.07107 1.56459
      vertex -7.76458 -6.93312 1.67712
      vertex -7.77816 -7.07107 1.67712
    endloop
  endfacet
  facet normal 0.382419 -0.0376342 0.923222
    outer loop
      vertex -7.50649 -7.07107 1.56459
      vertex -7.49813 -6.98612 1.56459
      vertex -7.76458 -6.93312 1.67712
    endloop
  endfacet
  facet normal 0.241717 0.796845 0.553724
    outer loop
      vertex -7.29728 -8.2083 2.04841
      vertex -7.51479 -8.14232 2.04841
      vertex -7.57731 -8.29325 2.2929
    endloop
  endfacet
  facet normal 0.392522 0.73438 0.553726
    outer loop
      vertex -7.57731 -8.29325 2.2929
      vertex -7.51479 -8.14232 2.04841
      vertex -7.71526 -8.03517 2.04841
    endloop
  endfacet
  facet normal 0.758285 -0.622323 -0.194209
    outer loop
      vertex -8.12662 -6.01551 3.14703
      vertex -8.26457 -6.2736 3.43543
      vertex -8.31227 -6.24172 3.14703
    endloop
  endfacet
  facet normal -0.243754 0.297051 -0.923225
    outer loop
      vertex -6.76317 -7.37896 4.43541
      vertex -6.67823 -7.659 4.32288
      vertex -6.82916 -7.43311 4.43541
    endloop
  endfacet
  facet normal -0.124338 0.151525 -0.980602
    outer loop
      vertex -6.76317 -7.37896 4.43541
      vertex -6.82916 -7.43311 4.43541
      vertex -6.98938 -7.19331 4.49278
    endloop
  endfacet
  facet normal -0.533395 0.161808 -0.830246
    outer loop
      vertex -6.37756 -7.20901 4.32288
      vertex -6.19191 -7.43523 4.15952
      vertex -6.4178 -7.34166 4.32288
    endloop
  endfacet
  facet normal -0.367718 0.111549 -0.923223
    outer loop
      vertex -6.37756 -7.20901 4.32288
      vertex -6.4178 -7.34166 4.32288
      vertex -6.66879 -7.2377 4.43541
    endloop
  endfacet
  facet normal -0.151535 -0.12433 0.980601
    outer loop
      vertex -6.94882 -6.98938 1.50722
      vertex -6.76317 -6.76317 1.56459
      vertex -6.9671 -6.9671 1.50722
    endloop
  endfacet
  facet normal 0.243787 -0.297041 0.92322
    outer loop
      vertex -7.37896 -6.76317 1.56459
      vertex -7.46391 -6.48314 1.67712
      vertex -7.57106 -6.57108 1.67712
    endloop
  endfacet
  facet normal 0.243783 -0.297042 0.92322
    outer loop
      vertex -7.37896 -6.76317 1.56459
      vertex -7.31298 -6.70902 1.56459
      vertex -7.46391 -6.48314 1.67712
    endloop
  endfacet
  facet normal 0.547927 -0.449667 0.70539
    outer loop
      vertex -7.74394 -6.39819 1.84048
      vertex -7.89097 -6.25117 2.04841
      vertex -8.03517 -6.42688 2.04841
    endloop
  endfacet
  facet normal 0.449667 -0.547929 0.705389
    outer loop
      vertex -7.59974 -6.27985 1.84048
      vertex -7.71526 -6.10697 2.04841
      vertex -7.74394 -6.39819 1.84048
    endloop
  endfacet
  facet normal -0.262764 -0.491585 0.830241
    outer loop
      vertex -6.67823 -6.48314 1.67712
      vertex -6.54239 -6.27985 1.84048
      vertex -6.70691 -6.19191 1.84048
    endloop
  endfacet
  facet normal -0.35361 -0.430882 0.830242
    outer loop
      vertex -6.39819 -6.39819 1.84048
      vertex -6.54239 -6.27985 1.84048
      vertex -6.67823 -6.48314 1.67712
    endloop
  endfacet
  facet normal -0.161809 -0.533399 0.830243
    outer loop
      vertex -6.80047 -6.4178 1.67712
      vertex -6.70691 -6.19191 1.84048
      vertex -6.93312 -6.37756 1.67712
    endloop
  endfacet
  facet normal -0.0694581 -0.70541 0.705388
    outer loop
      vertex -6.88542 -6.13776 1.84048
      vertex -6.84486 -5.93383 2.04841
      vertex -7.07107 -6.11948 1.84048
    endloop
  endfacet
  facet normal -0.111557 -0.367715 0.923223
    outer loop
      vertex -6.90444 -6.66879 1.56459
      vertex -6.93312 -6.37756 1.67712
      vertex -6.98612 -6.64401 1.56459
    endloop
  endfacet
  facet normal -0.0569057 -0.187573 0.980601
    outer loop
      vertex -6.90444 -6.66879 1.56459
      vertex -6.98612 -6.64401 1.56459
      vertex -7.0148 -6.93523 1.50722
    endloop
  endfacet
  facet normal 0.491599 -0.262742 -0.830239
    outer loop
      vertex -7.86229 -6.54239 4.15952
      vertex -7.659 -6.67823 4.32288
      vertex -7.95022 -6.70691 4.15952
    endloop
  endfacet
  facet normal 0.430868 -0.353629 -0.830241
    outer loop
      vertex -7.74394 -6.39819 4.15952
      vertex -7.659 -6.67823 4.32288
      vertex -7.86229 -6.54239 4.15952
    endloop
  endfacet
  facet normal 0.382419 -0.0376342 -0.923222
    outer loop
      vertex -7.49813 -6.98612 4.43541
      vertex -7.50649 -7.07107 4.43541
      vertex -7.76458 -6.93312 4.32288
    endloop
  endfacet
  facet normal 0.367715 -0.111557 -0.923223
    outer loop
      vertex -7.47335 -6.90444 4.43541
      vertex -7.49813 -6.98612 4.43541
      vertex -7.76458 -6.93312 4.32288
    endloop
  endfacet
  facet normal 0.367718 0.111549 -0.923223
    outer loop
      vertex -7.47335 -7.2377 4.43541
      vertex -7.72434 -7.34166 4.32288
      vertex -7.76458 -7.20901 4.32288
    endloop
  endfacet
  facet normal 0.533409 0.161812 -0.830236
    outer loop
      vertex -7.76458 -7.20901 4.32288
      vertex -7.72434 -7.34166 4.32288
      vertex -7.95022 -7.43523 4.15952
    endloop
  endfacet
  facet normal 0.195066 -0.0191735 0.980603
    outer loop
      vertex -7.21809 -7.07107 1.50722
      vertex -7.21527 -7.04238 1.50722
      vertex -7.50649 -7.07107 1.56459
    endloop
  endfacet
  facet normal -0.297046 -0.243792 0.923217
    outer loop
      vertex -6.48314 -6.67823 1.67712
      vertex -6.57108 -6.57108 1.67712
      vertex -6.76317 -6.76317 1.56459
    endloop
  endfacet
  facet normal 0.172864 -0.0924023 0.980602
    outer loop
      vertex -7.2069 -7.0148 1.50722
      vertex -7.43311 -6.82916 1.56459
      vertex -7.47335 -6.90444 1.56459
    endloop
  endfacet
  facet normal 0.187565 0.0569033 0.980603
    outer loop
      vertex -7.47335 -7.2377 1.56459
      vertex -7.2069 -7.12733 1.50722
      vertex -7.49813 -7.15602 1.56459
    endloop
  endfacet
  facet normal 0.0191968 0.195068 0.980602
    outer loop
      vertex -7.07107 -7.50649 1.56459
      vertex -7.09975 -7.21527 1.50722
      vertex -7.15602 -7.49813 1.56459
    endloop
  endfacet
  facet normal 0.0376343 0.38242 0.923222
    outer loop
      vertex -7.07107 -7.50649 1.56459
      vertex -7.15602 -7.49813 1.56459
      vertex -7.20901 -7.76458 1.67712
    endloop
  endfacet
  facet normal 0.124348 0.151514 0.980603
    outer loop
      vertex -7.31298 -7.43311 1.56459
      vertex -7.15275 -7.19331 1.50722
      vertex -7.37896 -7.37896 1.56459
    endloop
  endfacet
  facet normal 0.12433 0.151535 0.980601
    outer loop
      vertex -7.15275 -7.19331 1.50722
      vertex -7.17503 -7.17503 1.50722
      vertex -7.37896 -7.37896 1.56459
    endloop
  endfacet
  facet normal -0.0192194 -0.195064 0.980602
    outer loop
      vertex -7.04238 -6.92687 1.50722
      vertex -6.98612 -6.64401 1.56459
      vertex -7.07107 -6.63564 1.56459
    endloop
  endfacet
  facet normal -0.0568583 -0.187578 0.980603
    outer loop
      vertex -7.0148 -6.93523 1.50722
      vertex -6.98612 -6.64401 1.56459
      vertex -7.04238 -6.92687 1.50722
    endloop
  endfacet
  facet normal -0.151535 0.12433 0.980601
    outer loop
      vertex -6.76317 -7.37896 1.56459
      vertex -6.94882 -7.15275 1.50722
      vertex -6.9671 -7.17503 1.50722
    endloop
  endfacet
  facet normal -0.172856 -0.0924121 0.980602
    outer loop
      vertex -6.93523 -7.0148 1.50722
      vertex -6.70902 -6.82916 1.56459
      vertex -6.94882 -6.98938 1.50722
    endloop
  endfacet
  facet normal 0.643684 -0.528253 0.553733
    outer loop
      vertex -7.89097 -6.25117 2.04841
      vertex -8.00649 -6.13565 2.2929
      vertex -8.03517 -6.42688 2.04841
    endloop
  endfacet
  facet normal 0.353616 -0.430889 0.830235
    outer loop
      vertex -7.46391 -6.48314 1.67712
      vertex -7.59974 -6.27985 1.84048
      vertex -7.74394 -6.39819 1.84048
    endloop
  endfacet
  facet normal -0.0546489 -0.554733 0.830232
    outer loop
      vertex -6.93312 -6.37756 1.67712
      vertex -7.07107 -6.11948 1.84048
      vertex -7.07107 -6.36397 1.67712
    endloop
  endfacet
  facet normal -0.0376731 -0.382414 0.923223
    outer loop
      vertex -6.93312 -6.37756 1.67712
      vertex -7.07107 -6.36397 1.67712
      vertex -7.07107 -6.63564 1.56459
    endloop
  endfacet
  facet normal 0.382414 -0.0376454 -0.923224
    outer loop
      vertex -7.76458 -6.93312 4.32288
      vertex -7.50649 -7.07107 4.43541
      vertex -7.77816 -7.07107 4.32288
    endloop
  endfacet
  facet normal 0.554719 -0.0546073 -0.830244
    outer loop
      vertex -7.76458 -6.93312 4.32288
      vertex -7.77816 -7.07107 4.32288
      vertex -8.02266 -7.07107 4.15952
    endloop
  endfacet
  facet normal -0.297058 -0.24376 0.923221
    outer loop
      vertex -6.70902 -6.82916 1.56459
      vertex -6.48314 -6.67823 1.67712
      vertex -6.76317 -6.76317 1.56459
    endloop
  endfacet
  facet normal -0.338914 -0.181117 0.923219
    outer loop
      vertex -6.66879 -6.90444 1.56459
      vertex -6.48314 -6.67823 1.67712
      vertex -6.70902 -6.82916 1.56459
    endloop
  endfacet
  facet normal 0 0 1
    outer loop
      vertex -6.92687 -7.04238 1.50722
      vertex -6.92687 -7.09975 1.50722
      vertex -6.92404 -7.07107 1.50722
    endloop
  endfacet
  facet normal 0 0 1
    outer loop
      vertex -6.93523 -7.0148 1.50722
      vertex -6.92687 -7.09975 1.50722
      vertex -6.92687 -7.04238 1.50722
    endloop
  endfacet
  facet normal 0 0 1
    outer loop
      vertex -6.93523 -7.0148 1.50722
      vertex -6.93523 -7.12733 1.50722
      vertex -6.92687 -7.09975 1.50722
    endloop
  endfacet
  facet normal 0 0 1
    outer loop
      vertex -6.94882 -6.98938 1.50722
      vertex -6.93523 -7.12733 1.50722
      vertex -6.93523 -7.0148 1.50722
    endloop
  endfacet
  facet normal 0 0 1
    outer loop
      vertex -6.94882 -6.98938 1.50722
      vertex -6.94882 -7.15275 1.50722
      vertex -6.93523 -7.12733 1.50722
    endloop
  endfacet
  facet normal 0 0 1
    outer loop
      vertex -6.9671 -6.9671 1.50722
      vertex -6.94882 -7.15275 1.50722
      vertex -6.94882 -6.98938 1.50722
    endloop
  endfacet
  facet normal 0 0 1
    outer loop
      vertex -6.9671 -6.9671 1.50722
      vertex -6.9671 -7.17503 1.50722
      vertex -6.94882 -7.15275 1.50722
    endloop
  endfacet
  facet normal 0 0 1
    outer loop
      vertex -6.98938 -6.94882 1.50722
      vertex -6.9671 -7.17503 1.50722
      vertex -6.9671 -6.9671 1.50722
    endloop
  endfacet
  facet normal 0 0 1
    outer loop
      vertex -6.98938 -6.94882 1.50722
      vertex -6.98938 -7.19331 1.50722
      vertex -6.9671 -7.17503 1.50722
    endloop
  endfacet
  facet normal 0 0 1
    outer loop
      vertex -7.0148 -6.93523 1.50722
      vertex -6.98938 -7.19331 1.50722
      vertex -6.98938 -6.94882 1.50722
    endloop
  endfacet
  facet normal 0 0 1
    outer loop
      vertex -7.0148 -6.93523 1.50722
      vertex -7.0148 -7.2069 1.50722
      vertex -6.98938 -7.19331 1.50722
    endloop
  endfacet
  facet normal 0 0 1
    outer loop
      vertex -7.04238 -6.92687 1.50722
      vertex -7.0148 -7.2069 1.50722
      vertex -7.0148 -6.93523 1.50722
    endloop
  endfacet
  facet normal 0 0 1
    outer loop
      vertex -7.04238 -6.92687 1.50722
      vertex -7.04238 -7.21527 1.50722
      vertex -7.0148 -7.2069 1.50722
    endloop
  endfacet
  facet normal 0 0 1
    outer loop
      vertex -7.07107 -6.92404 1.50722
      vertex -7.04238 -7.21527 1.50722
      vertex -7.04238 -6.92687 1.50722
    endloop
  endfacet
  facet normal 0 0 1
    outer loop
      vertex -7.07107 -6.92404 1.50722
      vertex -7.07107 -7.21809 1.50722
      vertex -7.04238 -7.21527 1.50722
    endloop
  endfacet
  facet normal -0 0 1
    outer loop
      vertex -7.09975 -6.92687 1.50722
      vertex -7.07107 -7.21809 1.50722
      vertex -7.07107 -6.92404 1.50722
    endloop
  endfacet
  facet normal 0 0 1
    outer loop
      vertex -7.09975 -6.92687 1.50722
      vertex -7.09975 -7.21527 1.50722
      vertex -7.07107 -7.21809 1.50722
    endloop
  endfacet
  facet normal -0 0 1
    outer loop
      vertex -7.12733 -6.93523 1.50722
      vertex -7.09975 -7.21527 1.50722
      vertex -7.09975 -6.92687 1.50722
    endloop
  endfacet
  facet normal 0 0 1
    outer loop
      vertex -7.12733 -6.93523 1.50722
      vertex -7.12733 -7.2069 1.50722
      vertex -7.09975 -7.21527 1.50722
    endloop
  endfacet
  facet normal -0 0 1
    outer loop
      vertex -7.15275 -6.94882 1.50722
      vertex -7.12733 -7.2069 1.50722
      vertex -7.12733 -6.93523 1.50722
    endloop
  endfacet
  facet normal 0 0 1
    outer loop
      vertex -7.15275 -6.94882 1.50722
      vertex -7.15275 -7.19331 1.50722
      vertex -7.12733 -7.2069 1.50722
    endloop
  endfacet
  facet normal -0 0 1
    outer loop
      vertex -7.17503 -6.9671 1.50722
      vertex -7.15275 -7.19331 1.50722
      vertex -7.15275 -6.94882 1.50722
    endloop
  endfacet
  facet normal 0 0 1
    outer loop
      vertex -7.17503 -6.9671 1.50722
      vertex -7.17503 -7.17503 1.50722
      vertex -7.15275 -7.19331 1.50722
    endloop
  endfacet
  facet normal -0 0 1
    outer loop
      vertex -7.19331 -6.98938 1.50722
      vertex -7.17503 -7.17503 1.50722
      vertex -7.17503 -6.9671 1.50722
    endloop
  endfacet
  facet normal 0 0 1
    outer loop
      vertex -7.19331 -6.98938 1.50722
      vertex -7.19331 -7.15275 1.50722
      vertex -7.17503 -7.17503 1.50722
    endloop
  endfacet
  facet normal -0 0 1
    outer loop
      vertex -7.2069 -7.0148 1.50722
      vertex -7.19331 -7.15275 1.50722
      vertex -7.19331 -6.98938 1.50722
    endloop
  endfacet
  facet normal 0 0 1
    outer loop
      vertex -7.2069 -7.0148 1.50722
      vertex -7.2069 -7.12733 1.50722
      vertex -7.19331 -7.15275 1.50722
    endloop
  endfacet
  facet normal -0 0 1
    outer loop
      vertex -7.21527 -7.04238 1.50722
      vertex -7.2069 -7.12733 1.50722
      vertex -7.2069 -7.0148 1.50722
    endloop
  endfacet
  facet normal 0 0 1
    outer loop
      vertex -7.21527 -7.04238 1.50722
      vertex -7.21527 -7.09975 1.50722
      vertex -7.2069 -7.12733 1.50722
    endloop
  endfacet
  facet normal 0 -0 1
    outer loop
      vertex -7.21527 -7.09975 1.50722
      vertex -7.21527 -7.04238 1.50722
      vertex -7.21809 -7.07107 1.50722
    endloop
  endfacet
  facet normal 0.0569033 0.187565 0.980603
    outer loop
      vertex -7.15602 -7.49813 1.56459
      vertex -7.12733 -7.2069 1.50722
      vertex -7.2377 -7.47335 1.56459
    endloop
  endfacet
  facet normal 0.111558 0.367719 0.923221
    outer loop
      vertex -7.20901 -7.76458 1.67712
      vertex -7.15602 -7.49813 1.56459
      vertex -7.2377 -7.47335 1.56459
    endloop
  endfacet
  facet normal 0.528253 -0.643684 0.553733
    outer loop
      vertex -7.89097 -6.25117 2.04841
      vertex -7.71526 -6.10697 2.04841
      vertex -8.00649 -6.13565 2.2929
    endloop
  endfacet
  facet normal 0.435828 -0.815363 0.3811
    outer loop
      vertex -7.80602 -5.97113 2.2929
      vertex -7.57731 -5.84888 2.2929
      vertex -7.86854 -5.87757 2.56457
    endloop
  endfacet
  facet normal 0.0376758 -0.382413 0.923223
    outer loop
      vertex -7.07107 -6.63564 1.56459
      vertex -7.07107 -6.36397 1.67712
      vertex -7.20901 -6.37756 1.67712
    endloop
  endfacet
  facet normal 0.0546529 -0.554733 0.830232
    outer loop
      vertex -7.07107 -6.36397 1.67712
      vertex -7.07107 -6.11948 1.84048
      vertex -7.20901 -6.37756 1.67712
    endloop
  endfacet
  facet normal 0.334154 -0.625119 0.705385
    outer loop
      vertex -7.43523 -6.19191 1.84048
      vertex -7.51479 -5.99981 2.04841
      vertex -7.71526 -6.10697 2.04841
    endloop
  endfacet
  facet normal 0.392551 -0.734366 0.553724
    outer loop
      vertex -7.51479 -5.99981 2.04841
      vertex -7.57731 -5.84888 2.2929
      vertex -7.71526 -6.10697 2.04841
    endloop
  endfacet
  facet normal 0.334158 -0.625112 0.705388
    outer loop
      vertex -7.59974 -6.27985 1.84048
      vertex -7.43523 -6.19191 1.84048
      vertex -7.71526 -6.10697 2.04841
    endloop
  endfacet
  facet normal 0.26278 -0.491584 0.830236
    outer loop
      vertex -7.46391 -6.48314 1.67712
      vertex -7.43523 -6.19191 1.84048
      vertex -7.59974 -6.27985 1.84048
    endloop
  endfacet
  facet normal 0.528253 -0.643684 0.553733
    outer loop
      vertex -7.71526 -6.10697 2.04841
      vertex -7.80602 -5.97113 2.2929
      vertex -8.00649 -6.13565 2.2929
    endloop
  endfacet
  facet normal 0.586514 -0.714676 0.381102
    outer loop
      vertex -7.80602 -5.97113 2.2929
      vertex -7.86854 -5.87757 2.56457
      vertex -8.00649 -6.13565 2.2929
    endloop
  endfacet
  facet normal -0.338883 0.181146 -0.923225
    outer loop
      vertex 7.47335 -7.2377 4.43541
      vertex 7.659 -7.46391 4.32288
      vertex 7.43311 -7.31298 4.43541
    endloop
  endfacet
  facet normal 0.865137 -0.462419 -0.194183
    outer loop
      vertex 5.82987 -6.24172 3.14703
      vertex 5.74492 -6.52176 3.43543
      vertex 5.69192 -6.49981 3.14703
    endloop
  endfacet
  facet normal -0.268381 0.884717 0.381114
    outer loop
      vertex 7.3511 -8.4789 2.56457
      vertex 7.57731 -8.29325 2.2929
      vertex 7.32915 -8.36853 2.2929
    endloop
  endfacet
  facet normal 0.0569039 0.187567 -0.980602
    outer loop
      vertex 7.0148 -7.2069 4.49278
      vertex 6.98612 -7.49813 4.43541
      vertex 6.90444 -7.47335 4.43541
    endloop
  endfacet
  facet normal -0.449669 -0.547929 -0.705388
    outer loop
      vertex 7.89097 -6.25117 3.95159
      vertex 7.74394 -6.39819 4.15952
      vertex 7.71526 -6.10697 3.95159
    endloop
  endfacet
  facet normal -0.382414 -0.0376454 0.923224
    outer loop
      vertex 7.77816 -7.07107 1.67712
      vertex 7.76458 -6.93312 1.67712
      vertex 7.50649 -7.07107 1.56459
    endloop
  endfacet
  facet normal 0.297041 0.243787 -0.92322
    outer loop
      vertex 6.76317 -7.37896 4.43541
      vertex 6.57108 -7.57106 4.32288
      vertex 6.48314 -7.46391 4.32288
    endloop
  endfacet
  facet normal -0.815376 0.435796 -0.381108
    outer loop
      vertex 8.29325 -7.57731 3.70709
      vertex 8.39721 -7.62037 3.43543
      vertex 8.26457 -7.86854 3.43543
    endloop
  endfacet
  facet normal 0.625129 -0.334147 0.705379
    outer loop
      vertex 6.19191 -6.70691 1.84048
      vertex 6.27985 -6.54239 1.84048
      vertex 6.10697 -6.42688 2.04841
    endloop
  endfacet
  facet normal -0.430876 0.353635 0.830234
    outer loop
      vertex 7.74394 -7.74394 1.84048
      vertex 7.86229 -7.59974 1.84048
      vertex 7.659 -7.46391 1.67712
    endloop
  endfacet
  facet normal -0.547912 0.44969 -0.705387
    outer loop
      vertex 7.86229 -7.59974 4.15952
      vertex 8.03517 -7.71526 3.95159
      vertex 7.74394 -7.74394 4.15952
    endloop
  endfacet
  facet normal 0.0906241 0.920074 0.381119
    outer loop
      vertex 7.07107 -8.39395 2.2929
      vertex 6.81299 -8.36853 2.2929
      vertex 6.79103 -8.4789 2.56457
    endloop
  endfacet
  facet normal 0.151535 -0.12433 -0.980601
    outer loop
      vertex 6.9671 -6.9671 4.49278
      vertex 6.94882 -6.98938 4.49278
      vertex 6.76317 -6.76317 4.43541
    endloop
  endfacet
  facet normal 0.0376454 0.382414 0.923224
    outer loop
      vertex 7.07107 -7.77816 1.67712
      vertex 7.07107 -7.50649 1.56459
      vertex 6.93312 -7.76458 1.67712
    endloop
  endfacet
  facet normal -0.0694765 -0.705398 0.705398
    outer loop
      vertex 7.29728 -5.93383 2.04841
      vertex 7.07107 -5.91155 2.04841
      vertex 7.07107 -6.11948 1.84048
    endloop
  endfacet
  facet normal -0.815369 -0.43581 -0.381108
    outer loop
      vertex 8.39721 -6.52176 3.43543
      vertex 8.29325 -6.56482 3.70709
      vertex 8.26457 -6.2736 3.43543
    endloop
  endfacet
  facet normal -0.828695 -0.0816203 -0.553717
    outer loop
      vertex 8.39395 -7.07107 3.70709
      vertex 8.23058 -7.07107 3.95159
      vertex 8.2083 -6.84486 3.95159
    endloop
  endfacet
  facet normal -0.865141 0.462405 0.194199
    outer loop
      vertex 8.45021 -7.64233 2.85297
      vertex 8.39721 -7.62037 2.56457
      vertex 8.31227 -7.90041 2.85297
    endloop
  endfacet
  facet normal -0.353632 0.430881 0.830232
    outer loop
      vertex 7.74394 -7.74394 1.84048
      vertex 7.57106 -7.57106 1.67712
      vertex 7.46391 -7.659 1.67712
    endloop
  endfacet
  facet normal -0.241723 -0.79684 0.55373
    outer loop
      vertex 7.57731 -5.84888 2.2929
      vertex 7.32915 -5.7736 2.2929
      vertex 7.29728 -5.93383 2.04841
    endloop
  endfacet
  facet normal 0.111548 -0.367715 0.923224
    outer loop
      vertex 6.90444 -6.66879 1.56459
      vertex 6.93312 -6.37756 1.67712
      vertex 6.80047 -6.4178 1.67712
    endloop
  endfacet
  facet normal -0.554734 -0.0546517 -0.830231
    outer loop
      vertex 8.00437 -6.88542 4.15952
      vertex 8.02266 -7.07107 4.15952
      vertex 7.76458 -6.93312 4.32288
    endloop
  endfacet
  facet normal 0.338914 -0.181117 -0.923219
    outer loop
      vertex 6.70902 -6.82916 4.43541
      vertex 6.66879 -6.90444 4.43541
      vertex 6.48314 -6.67823 4.32288
    endloop
  endfacet
  facet normal 0.392542 0.734382 -0.553709
    outer loop
      vertex 6.62734 -8.14232 3.95159
      vertex 6.56482 -8.29325 3.70709
      vertex 6.42688 -8.03517 3.95159
    endloop
  endfacet
  facet normal 0.462419 -0.865137 0.194183
    outer loop
      vertex 6.52176 -5.74492 2.56457
      vertex 6.49981 -5.69192 2.85297
      vertex 6.24172 -5.82987 2.85297
    endloop
  endfacet
  facet normal -0.334129 0.625131 0.705386
    outer loop
      vertex 7.51479 -8.14232 2.04841
      vertex 7.71526 -8.03517 2.04841
      vertex 7.43523 -7.95022 1.84048
    endloop
  endfacet
  facet normal -0.547919 0.449661 -0.705401
    outer loop
      vertex 8.03517 -7.71526 3.95159
      vertex 7.89097 -7.89097 3.95159
      vertex 7.74394 -7.74394 4.15952
    endloop
  endfacet
  facet normal 0.643692 0.528259 -0.553717
    outer loop
      vertex 6.10697 -7.71526 3.95159
      vertex 6.13565 -8.00649 3.70709
      vertex 5.97113 -7.80602 3.70709
    endloop
  endfacet
  facet normal -0.172861 0.0924009 -0.980602
    outer loop
      vertex 7.47335 -7.2377 4.43541
      vertex 7.43311 -7.31298 4.43541
      vertex 7.2069 -7.12733 4.49278
    endloop
  endfacet
  facet normal -0.449667 -0.547929 -0.705389
    outer loop
      vertex 7.71526 -6.10697 3.95159
      vertex 7.74394 -6.39819 4.15952
      vertex 7.59974 -6.27985 4.15952
    endloop
  endfacet
  facet normal -0.586511 -0.714672 -0.381114
    outer loop
      vertex 7.86854 -5.87757 3.43543
      vertex 8.00649 -6.13565 3.70709
      vertex 7.80602 -5.97113 3.70709
    endloop
  endfacet
  facet normal 0.938727 -0.284752 -0.194185
    outer loop
      vertex 5.69192 -6.49981 3.14703
      vertex 5.74492 -6.52176 3.43543
      vertex 5.66324 -6.79103 3.43543
    endloop
  endfacet
  facet normal -0.462424 -0.865132 -0.19419
    outer loop
      vertex 7.90041 -5.82987 3.14703
      vertex 7.86854 -5.87757 3.43543
      vertex 7.62037 -5.74492 3.43543
    endloop
  endfacet
  facet normal -0.79685 0.241726 -0.553714
    outer loop
      vertex 8.36853 -7.32915 3.70709
      vertex 8.29325 -7.57731 3.70709
      vertex 8.2083 -7.29728 3.95159
    endloop
  endfacet
  facet normal -0.268401 0.884713 -0.381109
    outer loop
      vertex 7.57731 -8.29325 3.70709
      vertex 7.62037 -8.39721 3.43543
      vertex 7.3511 -8.4789 3.43543
    endloop
  endfacet
  facet normal -0.995186 -0.0980048 0
    outer loop
      vertex 8.56384 -7.07107 2.85297
      vertex 8.53516 -6.77984 3.14703
      vertex 8.53516 -6.77984 2.85297
    endloop
  endfacet
  facet normal -0.995186 -0.0980048 0
    outer loop
      vertex 8.53516 -6.77984 3.14703
      vertex 8.56384 -7.07107 2.85297
      vertex 8.56384 -7.07107 3.14703
    endloop
  endfacet
  facet normal 0.976239 -0.0961389 -0.194205
    outer loop
      vertex 5.60697 -6.77984 3.14703
      vertex 5.66324 -6.79103 3.43543
      vertex 5.57829 -7.07107 3.14703
    endloop
  endfacet
  facet normal 0.24171 0.796859 -0.553708
    outer loop
      vertex 6.62734 -8.14232 3.95159
      vertex 6.84486 -8.2083 3.95159
      vertex 6.56482 -8.29325 3.70709
    endloop
  endfacet
  facet normal 0.151525 -0.124338 -0.980602
    outer loop
      vertex 6.76317 -6.76317 4.43541
      vertex 6.94882 -6.98938 4.49278
      vertex 6.70902 -6.82916 4.43541
    endloop
  endfacet
  facet normal 0.528269 -0.643672 -0.553731
    outer loop
      vertex 6.33611 -5.97113 3.70709
      vertex 6.42688 -6.10697 3.95159
      vertex 6.13565 -6.13565 3.70709
    endloop
  endfacet
  facet normal 0.77302 -0.634382 0
    outer loop
      vertex 5.82987 -6.24172 3.14703
      vertex 6.01551 -6.01551 2.85297
      vertex 6.01551 -6.01551 3.14703
    endloop
  endfacet
  facet normal 0.77302 -0.634382 0
    outer loop
      vertex 6.01551 -6.01551 2.85297
      vertex 5.82987 -6.24172 3.14703
      vertex 5.82987 -6.24172 2.85297
    endloop
  endfacet
  facet normal 0.815363 0.435828 0.3811
    outer loop
      vertex 5.87757 -7.86854 2.56457
      vertex 5.97113 -7.80602 2.2929
      vertex 5.84888 -7.57731 2.2929
    endloop
  endfacet
  facet normal -0.0961499 0.976245 -0.194166
    outer loop
      vertex 7.07107 -8.50648 3.43543
      vertex 7.3511 -8.4789 3.43543
      vertex 7.07107 -8.56384 3.14703
    endloop
  endfacet
  facet normal 0.382413 0.0376758 -0.923223
    outer loop
      vertex 6.63564 -7.07107 4.43541
      vertex 6.37756 -7.20901 4.32288
      vertex 6.36397 -7.07107 4.32288
    endloop
  endfacet
  facet normal 0.430882 -0.35361 -0.830242
    outer loop
      vertex 6.39819 -6.39819 4.15952
      vertex 6.48314 -6.67823 4.32288
      vertex 6.27985 -6.54239 4.15952
    endloop
  endfacet
  facet normal 0.430864 -0.353618 -0.830247
    outer loop
      vertex 6.57108 -6.57108 4.32288
      vertex 6.48314 -6.67823 4.32288
      vertex 6.39819 -6.39819 4.15952
    endloop
  endfacet
  facet normal -0.195066 -0.0191735 -0.980603
    outer loop
      vertex 7.50649 -7.07107 4.43541
      vertex 7.21809 -7.07107 4.49278
      vertex 7.21527 -7.04238 4.49278
    endloop
  endfacet
  facet normal 0.865127 0.462431 0.194198
    outer loop
      vertex 5.82987 -7.90041 2.85297
      vertex 5.74492 -7.62037 2.56457
      vertex 5.69192 -7.64233 2.85297
    endloop
  endfacet
  facet normal 0.884727 0.268372 0.381096
    outer loop
      vertex 5.74492 -7.62037 2.56457
      vertex 5.84888 -7.57731 2.2929
      vertex 5.66324 -7.3511 2.56457
    endloop
  endfacet
  facet normal 0.338914 0.181117 0.923219
    outer loop
      vertex 6.70902 -7.31298 1.56459
      vertex 6.66879 -7.2377 1.56459
      vertex 6.48314 -7.46391 1.67712
    endloop
  endfacet
  facet normal -0.920069 -0.0906236 -0.381131
    outer loop
      vertex 8.4789 -6.79103 3.43543
      vertex 8.39395 -7.07107 3.70709
      vertex 8.36853 -6.81299 3.70709
    endloop
  endfacet
  facet normal -0.268371 -0.884723 -0.381108
    outer loop
      vertex 7.62037 -5.74492 3.43543
      vertex 7.57731 -5.84888 3.70709
      vertex 7.3511 -5.66324 3.43543
    endloop
  endfacet
  facet normal -0.392538 -0.734376 -0.55372
    outer loop
      vertex 7.80602 -5.97113 3.70709
      vertex 7.71526 -6.10697 3.95159
      vertex 7.57731 -5.84888 3.70709
    endloop
  endfacet
  facet normal 0.0980048 -0.995186 0
    outer loop
      vertex 6.77984 -5.60697 2.85297
      vertex 7.07107 -5.57829 3.14703
      vertex 6.77984 -5.60697 3.14703
    endloop
  endfacet
  facet normal 0.0980048 -0.995186 0
    outer loop
      vertex 7.07107 -5.57829 3.14703
      vertex 6.77984 -5.60697 2.85297
      vertex 7.07107 -5.57829 2.85297
    endloop
  endfacet
  facet normal -0.938724 -0.284772 -0.194172
    outer loop
      vertex 8.53516 -6.77984 3.14703
      vertex 8.4789 -6.79103 3.43543
      vertex 8.45021 -6.49981 3.14703
    endloop
  endfacet
  facet normal -0.491597 -0.26277 -0.830232
    outer loop
      vertex 7.95022 -6.70691 4.15952
      vertex 7.72434 -6.80047 4.32288
      vertex 7.659 -6.67823 4.32288
    endloop
  endfacet
  facet normal -0.734373 -0.392537 0.553726
    outer loop
      vertex 8.29325 -6.56482 2.2929
      vertex 8.171 -6.33611 2.2929
      vertex 8.03517 -6.42688 2.04841
    endloop
  endfacet
  facet normal -0.0906175 -0.920073 -0.381123
    outer loop
      vertex 7.07107 -5.63566 3.43543
      vertex 7.3511 -5.66324 3.43543
      vertex 7.07107 -5.74819 3.70709
    endloop
  endfacet
  facet normal 0.643684 0.528253 0.553733
    outer loop
      vertex 6.13565 -8.00649 2.2929
      vertex 6.10697 -7.71526 2.04841
      vertex 5.97113 -7.80602 2.2929
    endloop
  endfacet
  facet normal -0.0376785 -0.382412 0.923223
    outer loop
      vertex 7.15602 -6.64401 1.56459
      vertex 7.20901 -6.37756 1.67712
      vertex 7.07107 -6.63564 1.56459
    endloop
  endfacet
  facet normal -0.586514 -0.714676 0.381102
    outer loop
      vertex 8.00649 -6.13565 2.2929
      vertex 7.86854 -5.87757 2.56457
      vertex 7.80602 -5.97113 2.2929
    endloop
  endfacet
  facet normal -0.865151 -0.462393 0.194183
    outer loop
      vertex 8.39721 -6.52176 2.56457
      vertex 8.45021 -6.49981 2.85297
      vertex 8.31227 -6.24172 2.85297
    endloop
  endfacet
  facet normal -0.243787 -0.297041 0.92322
    outer loop
      vertex 7.57106 -6.57108 1.67712
      vertex 7.46391 -6.48314 1.67712
      vertex 7.37896 -6.76317 1.56459
    endloop
  endfacet
  facet normal -0.884718 -0.268402 0.381097
    outer loop
      vertex 8.4789 -6.79103 2.56457
      vertex 8.39721 -6.52176 2.56457
      vertex 8.29325 -6.56482 2.2929
    endloop
  endfacet
  facet normal -0.338883 -0.181146 -0.923225
    outer loop
      vertex 7.659 -6.67823 4.32288
      vertex 7.47335 -6.90444 4.43541
      vertex 7.43311 -6.82916 4.43541
    endloop
  endfacet
  facet normal 0.262764 -0.491585 -0.830241
    outer loop
      vertex 6.70691 -6.19191 4.15952
      vertex 6.67823 -6.48314 4.32288
      vertex 6.54239 -6.27985 4.15952
    endloop
  endfacet
  facet normal 0.181142 -0.338886 -0.923225
    outer loop
      vertex 6.80047 -6.4178 4.32288
      vertex 6.90444 -6.66879 4.43541
      vertex 6.67823 -6.48314 4.32288
    endloop
  endfacet
  facet normal -0.243783 -0.297042 0.92322
    outer loop
      vertex 7.37896 -6.76317 1.56459
      vertex 7.46391 -6.48314 1.67712
      vertex 7.31298 -6.70902 1.56459
    endloop
  endfacet
  facet normal 0.82869 0.081591 0.553729
    outer loop
      vertex 5.7736 -7.32915 2.2929
      vertex 5.93383 -7.29728 2.04841
      vertex 5.74819 -7.07107 2.2929
    endloop
  endfacet
  facet normal -0.12433 0.151535 0.980601
    outer loop
      vertex 7.37896 -7.37896 1.56459
      vertex 7.17503 -7.17503 1.50722
      vertex 7.15275 -7.19331 1.50722
    endloop
  endfacet
  facet normal 0.77302 0.634382 0
    outer loop
      vertex 6.01551 -8.12662 3.14703
      vertex 5.82987 -7.90041 2.85297
      vertex 5.82987 -7.90041 3.14703
    endloop
  endfacet
  facet normal 0.77302 0.634382 0
    outer loop
      vertex 5.82987 -7.90041 2.85297
      vertex 6.01551 -8.12662 3.14703
      vertex 6.01551 -8.12662 2.85297
    endloop
  endfacet
  facet normal 0.956937 -0.290297 0
    outer loop
      vertex 5.60697 -6.77984 3.14703
      vertex 5.69192 -6.49981 2.85297
      vertex 5.69192 -6.49981 3.14703
    endloop
  endfacet
  facet normal 0.956937 -0.290297 0
    outer loop
      vertex 5.69192 -6.49981 2.85297
      vertex 5.60697 -6.77984 3.14703
      vertex 5.60697 -6.77984 2.85297
    endloop
  endfacet
  facet normal 0.995186 0.0980081 0
    outer loop
      vertex 5.60697 -7.36229 3.14703
      vertex 5.57829 -7.07107 2.85297
      vertex 5.57829 -7.07107 3.14703
    endloop
  endfacet
  facet normal 0.995186 0.0980081 0
    outer loop
      vertex 5.57829 -7.07107 2.85297
      vertex 5.60697 -7.36229 3.14703
      vertex 5.60697 -7.36229 2.85297
    endloop
  endfacet
  facet normal 0.0980048 0.995186 -0
    outer loop
      vertex 7.07107 -8.56384 2.85297
      vertex 6.77984 -8.53516 3.14703
      vertex 7.07107 -8.56384 3.14703
    endloop
  endfacet
  facet normal 0.0980048 0.995186 0
    outer loop
      vertex 6.77984 -8.53516 3.14703
      vertex 7.07107 -8.56384 2.85297
      vertex 6.77984 -8.53516 2.85297
    endloop
  endfacet
  facet normal 0.70541 -0.0694581 -0.705388
    outer loop
      vertex 6.13776 -6.88542 4.15952
      vertex 6.11948 -7.07107 4.15952
      vertex 5.93383 -6.84486 3.95159
    endloop
  endfacet
  facet normal 0.714675 0.586505 -0.381119
    outer loop
      vertex 6.13565 -8.00649 3.70709
      vertex 6.05608 -8.08606 3.43543
      vertex 5.87757 -7.86854 3.43543
    endloop
  endfacet
  facet normal 0.625112 0.334158 -0.705388
    outer loop
      vertex 6.19191 -7.43523 4.15952
      vertex 6.27985 -7.59974 4.15952
      vertex 6.10697 -7.71526 3.95159
    endloop
  endfacet
  facet normal 0.884723 -0.268372 -0.381107
    outer loop
      vertex 5.84888 -6.56482 3.70709
      vertex 5.7736 -6.81299 3.70709
      vertex 5.66324 -6.79103 3.43543
    endloop
  endfacet
  facet normal 0.938718 -0.28477 -0.194203
    outer loop
      vertex 5.69192 -6.49981 3.14703
      vertex 5.66324 -6.79103 3.43543
      vertex 5.60697 -6.77984 3.14703
    endloop
  endfacet
  facet normal -0.151535 -0.12433 -0.980601
    outer loop
      vertex 7.37896 -6.76317 4.43541
      vertex 7.19331 -6.98938 4.49278
      vertex 7.17503 -6.9671 4.49278
    endloop
  endfacet
  facet normal 0.367718 0.111549 -0.923223
    outer loop
      vertex 6.66879 -7.2377 4.43541
      vertex 6.4178 -7.34166 4.32288
      vertex 6.37756 -7.20901 4.32288
    endloop
  endfacet
  facet normal -0.828686 0.0816227 0.553731
    outer loop
      vertex 8.36853 -7.32915 2.2929
      vertex 8.39395 -7.07107 2.2929
      vertex 8.2083 -7.29728 2.04841
    endloop
  endfacet
  facet normal -0.554719 -0.0546073 0.830244
    outer loop
      vertex 7.77816 -7.07107 1.67712
      vertex 8.02266 -7.07107 1.84048
      vertex 7.76458 -6.93312 1.67712
    endloop
  endfacet
  facet normal -0.462397 0.865147 0.194189
    outer loop
      vertex 7.90041 -8.31227 2.85297
      vertex 7.86854 -8.26457 2.56457
      vertex 7.62037 -8.39721 2.56457
    endloop
  endfacet
  facet normal -0.547919 0.449661 0.705401
    outer loop
      vertex 7.89097 -7.89097 2.04841
      vertex 8.03517 -7.71526 2.04841
      vertex 7.74394 -7.74394 1.84048
    endloop
  endfacet
  facet normal 0.268401 0.884713 -0.381109
    outer loop
      vertex 6.56482 -8.29325 3.70709
      vertex 6.79103 -8.4789 3.43543
      vertex 6.52176 -8.39721 3.43543
    endloop
  endfacet
  facet normal -0.392527 0.734389 -0.55371
    outer loop
      vertex 7.71526 -8.03517 3.95159
      vertex 7.57731 -8.29325 3.70709
      vertex 7.51479 -8.14232 3.95159
    endloop
  endfacet
  facet normal 0.243786 0.297039 -0.923221
    outer loop
      vertex 6.76317 -7.37896 4.43541
      vertex 6.67823 -7.659 4.32288
      vertex 6.57108 -7.57106 4.32288
    endloop
  endfacet
  facet normal 0.297042 0.243783 -0.92322
    outer loop
      vertex 6.70902 -7.31298 4.43541
      vertex 6.76317 -7.37896 4.43541
      vertex 6.48314 -7.46391 4.32288
    endloop
  endfacet
  facet normal -0.243781 0.297033 -0.923224
    outer loop
      vertex 7.57106 -7.57106 4.32288
      vertex 7.46391 -7.659 4.32288
      vertex 7.37896 -7.37896 4.43541
    endloop
  endfacet
  facet normal -0.62513 0.33413 -0.705387
    outer loop
      vertex 7.95022 -7.43523 4.15952
      vertex 8.03517 -7.71526 3.95159
      vertex 7.86229 -7.59974 4.15952
    endloop
  endfacet
  facet normal -0.622311 0.758306 0.194167
    outer loop
      vertex 8.12662 -8.12662 2.85297
      vertex 8.08606 -8.08606 2.56457
      vertex 7.86854 -8.26457 2.56457
    endloop
  endfacet
  facet normal -0.491598 0.262749 -0.830238
    outer loop
      vertex 7.72434 -7.34166 4.32288
      vertex 7.95022 -7.43523 4.15952
      vertex 7.659 -7.46391 4.32288
    endloop
  endfacet
  facet normal -0.528259 -0.643692 -0.553717
    outer loop
      vertex 7.80602 -5.97113 3.70709
      vertex 8.00649 -6.13565 3.70709
      vertex 7.71526 -6.10697 3.95159
    endloop
  endfacet
  facet normal 0.241717 -0.796852 -0.553714
    outer loop
      vertex 6.81299 -5.7736 3.70709
      vertex 6.84486 -5.93383 3.95159
      vertex 6.56482 -5.84888 3.70709
    endloop
  endfacet
  facet normal 0.758302 -0.622303 -0.194209
    outer loop
      vertex 6.01551 -6.01551 3.14703
      vertex 5.87757 -6.2736 3.43543
      vertex 5.82987 -6.24172 3.14703
    endloop
  endfacet
  facet normal 0.284752 -0.938727 -0.194185
    outer loop
      vertex 6.79103 -5.66324 3.43543
      vertex 6.52176 -5.74492 3.43543
      vertex 6.49981 -5.69192 3.14703
    endloop
  endfacet
  facet normal 0.547938 -0.449674 -0.705378
    outer loop
      vertex 6.39819 -6.39819 4.15952
      vertex 6.27985 -6.54239 4.15952
      vertex 6.10697 -6.42688 3.95159
    endloop
  endfacet
  facet normal -0.528259 -0.643692 -0.553717
    outer loop
      vertex 8.00649 -6.13565 3.70709
      vertex 7.89097 -6.25117 3.95159
      vertex 7.71526 -6.10697 3.95159
    endloop
  endfacet
  facet normal 0.462419 -0.865137 -0.194183
    outer loop
      vertex 6.49981 -5.69192 3.14703
      vertex 6.52176 -5.74492 3.43543
      vertex 6.24172 -5.82987 3.14703
    endloop
  endfacet
  facet normal -0.54792 -0.449697 0.705377
    outer loop
      vertex 7.86229 -6.54239 1.84048
      vertex 8.03517 -6.42688 2.04841
      vertex 7.74394 -6.39819 1.84048
    endloop
  endfacet
  facet normal -0.111549 0.367718 0.923223
    outer loop
      vertex 7.34166 -7.72434 1.67712
      vertex 7.2377 -7.47335 1.56459
      vertex 7.20901 -7.76458 1.67712
    endloop
  endfacet
  facet normal 0.0906143 -0.920073 -0.381123
    outer loop
      vertex 7.07107 -5.63566 3.43543
      vertex 7.07107 -5.74819 3.70709
      vertex 6.79103 -5.66324 3.43543
    endloop
  endfacet
  facet normal -0.471406 -0.881916 0
    outer loop
      vertex 7.64233 -5.69192 2.85297
      vertex 7.90041 -5.82987 3.14703
      vertex 7.64233 -5.69192 3.14703
    endloop
  endfacet
  facet normal -0.471406 -0.881916 -0
    outer loop
      vertex 7.90041 -5.82987 3.14703
      vertex 7.64233 -5.69192 2.85297
      vertex 7.90041 -5.82987 2.85297
    endloop
  endfacet
  facet normal 0.449674 -0.547938 -0.705378
    outer loop
      vertex 6.42688 -6.10697 3.95159
      vertex 6.54239 -6.27985 4.15952
      vertex 6.39819 -6.39819 4.15952
    endloop
  endfacet
  facet normal -0.0905897 -0.920086 -0.381098
    outer loop
      vertex 7.3511 -5.66324 3.43543
      vertex 7.32915 -5.7736 3.70709
      vertex 7.07107 -5.74819 3.70709
    endloop
  endfacet
  facet normal -0.081591 -0.82869 0.553729
    outer loop
      vertex 7.29728 -5.93383 2.04841
      vertex 7.32915 -5.7736 2.2929
      vertex 7.07107 -5.74819 2.2929
    endloop
  endfacet
  facet normal 0.268372 -0.884727 0.381096
    outer loop
      vertex 6.56482 -5.84888 2.2929
      vertex 6.79103 -5.66324 2.56457
      vertex 6.52176 -5.74492 2.56457
    endloop
  endfacet
  facet normal 0.0694765 -0.705398 0.705398
    outer loop
      vertex 7.07107 -6.11948 1.84048
      vertex 7.07107 -5.91155 2.04841
      vertex 6.84486 -5.93383 2.04841
    endloop
  endfacet
  facet normal 0.0376784 -0.382411 0.923224
    outer loop
      vertex 6.98612 -6.64401 1.56459
      vertex 7.07107 -6.63564 1.56459
      vertex 6.93312 -6.37756 1.67712
    endloop
  endfacet
  facet normal -0.881938 -0.471365 0
    outer loop
      vertex 8.45021 -6.49981 2.85297
      vertex 8.31227 -6.24172 3.14703
      vertex 8.31227 -6.24172 2.85297
    endloop
  endfacet
  facet normal -0.881938 -0.471365 0
    outer loop
      vertex 8.31227 -6.24172 3.14703
      vertex 8.45021 -6.49981 2.85297
      vertex 8.45021 -6.49981 3.14703
    endloop
  endfacet
  facet normal -0.828686 -0.0816227 0.553731
    outer loop
      vertex 8.39395 -7.07107 2.2929
      vertex 8.36853 -6.81299 2.2929
      vertex 8.2083 -6.84486 2.04841
    endloop
  endfacet
  facet normal -0.815359 -0.435825 0.381112
    outer loop
      vertex 8.29325 -6.56482 2.2929
      vertex 8.26457 -6.2736 2.56457
      vertex 8.171 -6.33611 2.2929
    endloop
  endfacet
  facet normal -0.796842 -0.241714 0.55373
    outer loop
      vertex 8.36853 -6.81299 2.2929
      vertex 8.29325 -6.56482 2.2929
      vertex 8.2083 -6.84486 2.04841
    endloop
  endfacet
  facet normal -0.0906179 -0.920078 0.381111
    outer loop
      vertex 7.3511 -5.66324 2.56457
      vertex 7.07107 -5.63566 2.56457
      vertex 7.07107 -5.74819 2.2929
    endloop
  endfacet
  facet normal -0.290287 -0.95694 0
    outer loop
      vertex 7.36229 -5.60697 2.85297
      vertex 7.64233 -5.69192 3.14703
      vertex 7.36229 -5.60697 3.14703
    endloop
  endfacet
  facet normal -0.290287 -0.95694 -0
    outer loop
      vertex 7.64233 -5.69192 3.14703
      vertex 7.36229 -5.60697 2.85297
      vertex 7.64233 -5.69192 2.85297
    endloop
  endfacet
  facet normal -0.554734 -0.0546517 0.830231
    outer loop
      vertex 8.02266 -7.07107 1.84048
      vertex 8.00437 -6.88542 1.84048
      vertex 7.76458 -6.93312 1.67712
    endloop
  endfacet
  facet normal -0.705404 -0.0694955 0.70539
    outer loop
      vertex 8.02266 -7.07107 1.84048
      vertex 8.2083 -6.84486 2.04841
      vertex 8.00437 -6.88542 1.84048
    endloop
  endfacet
  facet normal 0.243792 -0.297046 -0.923217
    outer loop
      vertex 6.67823 -6.48314 4.32288
      vertex 6.76317 -6.76317 4.43541
      vertex 6.57108 -6.57108 4.32288
    endloop
  endfacet
  facet normal 0.172856 -0.0924121 -0.980602
    outer loop
      vertex 6.94882 -6.98938 4.49278
      vertex 6.93523 -7.0148 4.49278
      vertex 6.70902 -6.82916 4.43541
    endloop
  endfacet
  facet normal -0.0376785 -0.382412 -0.923223
    outer loop
      vertex 7.20901 -6.37756 4.32288
      vertex 7.15602 -6.64401 4.43541
      vertex 7.07107 -6.63564 4.43541
    endloop
  endfacet
  facet normal 0.0569224 0.187565 -0.980601
    outer loop
      vertex 7.0148 -7.2069 4.49278
      vertex 7.04238 -7.21527 4.49278
      vertex 6.98612 -7.49813 4.43541
    endloop
  endfacet
  facet normal 0.284784 0.938717 0.194185
    outer loop
      vertex 6.79103 -8.4789 2.56457
      vertex 6.52176 -8.39721 2.56457
      vertex 6.49981 -8.45021 2.85297
    endloop
  endfacet
  facet normal 0.8287 0.0816208 0.55371
    outer loop
      vertex 5.93383 -7.29728 2.04841
      vertex 5.91155 -7.07107 2.04841
      vertex 5.74819 -7.07107 2.2929
    endloop
  endfacet
  facet normal 0.586508 0.714679 0.381107
    outer loop
      vertex 6.2736 -8.26457 2.56457
      vertex 6.13565 -8.00649 2.2929
      vertex 6.05608 -8.08606 2.56457
    endloop
  endfacet
  facet normal 0.920078 -0.0906147 0.381111
    outer loop
      vertex 5.74819 -7.07107 2.2929
      vertex 5.66324 -6.79103 2.56457
      vertex 5.63566 -7.07107 2.56457
    endloop
  endfacet
  facet normal 0.634382 -0.77302 0
    outer loop
      vertex 6.01551 -6.01551 2.85297
      vertex 6.24172 -5.82987 3.14703
      vertex 6.01551 -6.01551 3.14703
    endloop
  endfacet
  facet normal 0.634382 -0.77302 0
    outer loop
      vertex 6.24172 -5.82987 3.14703
      vertex 6.01551 -6.01551 2.85297
      vertex 6.24172 -5.82987 2.85297
    endloop
  endfacet
  facet normal 0.976238 0.0961421 0.194205
    outer loop
      vertex 5.60697 -7.36229 2.85297
      vertex 5.66324 -7.3511 2.56457
      vertex 5.57829 -7.07107 2.85297
    endloop
  endfacet
  facet normal 0.938727 -0.284752 0.194185
    outer loop
      vertex 5.74492 -6.52176 2.56457
      vertex 5.69192 -6.49981 2.85297
      vertex 5.66324 -6.79103 2.56457
    endloop
  endfacet
  facet normal 0.976239 -0.0961458 0.194198
    outer loop
      vertex 5.63566 -7.07107 2.56457
      vertex 5.66324 -6.79103 2.56457
      vertex 5.57829 -7.07107 2.85297
    endloop
  endfacet
  facet normal 0.0376731 -0.382414 -0.923223
    outer loop
      vertex 7.07107 -6.36397 4.32288
      vertex 7.07107 -6.63564 4.43541
      vertex 6.93312 -6.37756 4.32288
    endloop
  endfacet
  facet normal -0.195069 -0.0191969 -0.980602
    outer loop
      vertex 7.49813 -6.98612 4.43541
      vertex 7.50649 -7.07107 4.43541
      vertex 7.21527 -7.04238 4.49278
    endloop
  endfacet
  facet normal 0.734367 -0.392571 -0.553708
    outer loop
      vertex 6.10697 -6.42688 3.95159
      vertex 5.99981 -6.62734 3.95159
      vertex 5.84888 -6.56482 3.70709
    endloop
  endfacet
  facet normal 0.678298 -0.205747 -0.705393
    outer loop
      vertex 5.99981 -6.62734 3.95159
      vertex 6.19191 -6.70691 4.15952
      vertex 5.93383 -6.84486 3.95159
    endloop
  endfacet
  facet normal 0.884723 0.268371 -0.381108
    outer loop
      vertex 5.84888 -7.57731 3.70709
      vertex 5.74492 -7.62037 3.43543
      vertex 5.66324 -7.3511 3.43543
    endloop
  endfacet
  facet normal 0.0546073 0.554719 -0.830244
    outer loop
      vertex 7.07107 -7.77816 4.32288
      vertex 7.07107 -8.02266 4.15952
      vertex 6.93312 -7.76458 4.32288
    endloop
  endfacet
  facet normal 0.95694 0.290287 0
    outer loop
      vertex 5.69192 -7.64233 3.14703
      vertex 5.60697 -7.36229 2.85297
      vertex 5.60697 -7.36229 3.14703
    endloop
  endfacet
  facet normal 0.95694 0.290287 0
    outer loop
      vertex 5.60697 -7.36229 2.85297
      vertex 5.69192 -7.64233 3.14703
      vertex 5.69192 -7.64233 2.85297
    endloop
  endfacet
  facet normal 0.884723 0.268383 -0.381098
    outer loop
      vertex 5.7736 -7.32915 3.70709
      vertex 5.84888 -7.57731 3.70709
      vertex 5.66324 -7.3511 3.43543
    endloop
  endfacet
  facet normal 0.586505 -0.714675 -0.381119
    outer loop
      vertex 6.2736 -5.87757 3.43543
      vertex 6.13565 -6.13565 3.70709
      vertex 6.05608 -6.05608 3.43543
    endloop
  endfacet
  facet normal 0.884723 -0.268371 -0.381108
    outer loop
      vertex 5.74492 -6.52176 3.43543
      vertex 5.84888 -6.56482 3.70709
      vertex 5.66324 -6.79103 3.43543
    endloop
  endfacet
  facet normal 0.976239 0.0961492 -0.194198
    outer loop
      vertex 5.63566 -7.07107 3.43543
      vertex 5.66324 -7.3511 3.43543
      vertex 5.57829 -7.07107 3.14703
    endloop
  endfacet
  facet normal 0.734375 0.392556 -0.553709
    outer loop
      vertex 5.99981 -7.51479 3.95159
      vertex 6.10697 -7.71526 3.95159
      vertex 5.84888 -7.57731 3.70709
    endloop
  endfacet
  facet normal 0.643692 -0.528259 -0.553717
    outer loop
      vertex 6.13565 -6.13565 3.70709
      vertex 6.25117 -6.25117 3.95159
      vertex 6.10697 -6.42688 3.95159
    endloop
  endfacet
  facet normal 0.643672 -0.528269 -0.553731
    outer loop
      vertex 6.13565 -6.13565 3.70709
      vertex 6.10697 -6.42688 3.95159
      vertex 5.97113 -6.33611 3.70709
    endloop
  endfacet
  facet normal -0.6783 -0.205759 0.705388
    outer loop
      vertex 8.00437 -6.88542 1.84048
      vertex 8.2083 -6.84486 2.04841
      vertex 7.95022 -6.70691 1.84048
    endloop
  endfacet
  facet normal -0.0924106 -0.172853 0.980603
    outer loop
      vertex 7.15275 -6.94882 1.50722
      vertex 7.31298 -6.70902 1.56459
      vertex 7.12733 -6.93523 1.50722
    endloop
  endfacet
  facet normal -0.367718 0.111549 0.923223
    outer loop
      vertex 7.72434 -7.34166 1.67712
      vertex 7.76458 -7.20901 1.67712
      vertex 7.47335 -7.2377 1.56459
    endloop
  endfacet
  facet normal -0.243781 0.297033 0.923224
    outer loop
      vertex 7.46391 -7.659 1.67712
      vertex 7.57106 -7.57106 1.67712
      vertex 7.37896 -7.37896 1.56459
    endloop
  endfacet
  facet normal -0.815381 0.435798 0.381096
    outer loop
      vertex 8.39721 -7.62037 2.56457
      vertex 8.29325 -7.57731 2.2929
      vertex 8.26457 -7.86854 2.56457
    endloop
  endfacet
  facet normal -0.435823 0.815354 0.381125
    outer loop
      vertex 7.86854 -8.26457 2.56457
      vertex 7.80602 -8.171 2.2929
      vertex 7.57731 -8.29325 2.2929
    endloop
  endfacet
  facet normal -0.773003 0.634402 0
    outer loop
      vertex 8.12662 -8.12662 2.85297
      vertex 8.31227 -7.90041 3.14703
      vertex 8.31227 -7.90041 2.85297
    endloop
  endfacet
  facet normal -0.773003 0.634402 0
    outer loop
      vertex 8.31227 -7.90041 3.14703
      vertex 8.12662 -8.12662 2.85297
      vertex 8.12662 -8.12662 3.14703
    endloop
  endfacet
  facet normal -0.392522 0.73438 0.553726
    outer loop
      vertex 7.57731 -8.29325 2.2929
      vertex 7.71526 -8.03517 2.04841
      vertex 7.51479 -8.14232 2.04841
    endloop
  endfacet
  facet normal 0.0816203 0.828695 -0.553717
    outer loop
      vertex 7.07107 -8.23058 3.95159
      vertex 7.07107 -8.39395 3.70709
      vertex 6.84486 -8.2083 3.95159
    endloop
  endfacet
  facet normal -0.586505 0.714675 -0.381119
    outer loop
      vertex 8.00649 -8.00649 3.70709
      vertex 8.08606 -8.08606 3.43543
      vertex 7.86854 -8.26457 3.43543
    endloop
  endfacet
  facet normal -0.0961428 0.976245 -0.194173
    outer loop
      vertex 7.3511 -8.4789 3.43543
      vertex 7.36229 -8.53516 3.14703
      vertex 7.07107 -8.56384 3.14703
    endloop
  endfacet
  facet normal -0.622311 0.758306 -0.194167
    outer loop
      vertex 8.08606 -8.08606 3.43543
      vertex 8.12662 -8.12662 3.14703
      vertex 7.86854 -8.26457 3.43543
    endloop
  endfacet
  facet normal -0.634402 0.773003 0
    outer loop
      vertex 8.12662 -8.12662 2.85297
      vertex 7.90041 -8.31227 3.14703
      vertex 8.12662 -8.12662 3.14703
    endloop
  endfacet
  facet normal -0.634402 0.773003 0
    outer loop
      vertex 7.90041 -8.31227 3.14703
      vertex 8.12662 -8.12662 2.85297
      vertex 7.90041 -8.31227 2.85297
    endloop
  endfacet
  facet normal -0.284762 0.938727 -0.194172
    outer loop
      vertex 7.64233 -8.45021 3.14703
      vertex 7.36229 -8.53516 3.14703
      vertex 7.3511 -8.4789 3.43543
    endloop
  endfacet
  facet normal -0.462405 0.865141 -0.194199
    outer loop
      vertex 7.90041 -8.31227 3.14703
      vertex 7.64233 -8.45021 3.14703
      vertex 7.62037 -8.39721 3.43543
    endloop
  endfacet
  facet normal -0.586487 0.714686 0.381125
    outer loop
      vertex 7.86854 -8.26457 2.56457
      vertex 8.00649 -8.00649 2.2929
      vertex 7.80602 -8.171 2.2929
    endloop
  endfacet
  facet normal 0.622309 0.758303 0.194188
    outer loop
      vertex 6.2736 -8.26457 2.56457
      vertex 6.05608 -8.08606 2.56457
      vertex 6.01551 -8.12662 2.85297
    endloop
  endfacet
  facet normal 0.241714 0.796842 0.55373
    outer loop
      vertex 6.81299 -8.36853 2.2929
      vertex 6.84486 -8.2083 2.04841
      vertex 6.56482 -8.29325 2.2929
    endloop
  endfacet
  facet normal -0.172853 0.0924106 -0.980603
    outer loop
      vertex 7.2069 -7.12733 4.49278
      vertex 7.43311 -7.31298 4.43541
      vertex 7.19331 -7.15275 4.49278
    endloop
  endfacet
  facet normal -0.297035 0.243777 -0.923224
    outer loop
      vertex 7.43311 -7.31298 4.43541
      vertex 7.659 -7.46391 4.32288
      vertex 7.37896 -7.37896 4.43541
    endloop
  endfacet
  facet normal -0.338897 0.181133 -0.923223
    outer loop
      vertex 7.72434 -7.34166 4.32288
      vertex 7.659 -7.46391 4.32288
      vertex 7.47335 -7.2377 4.43541
    endloop
  endfacet
  facet normal -0.161812 0.533409 -0.830236
    outer loop
      vertex 7.34166 -7.72434 4.32288
      vertex 7.43523 -7.95022 4.15952
      vertex 7.20901 -7.76458 4.32288
    endloop
  endfacet
  facet normal 0.0924023 0.172864 -0.980602
    outer loop
      vertex 7.0148 -7.2069 4.49278
      vertex 6.90444 -7.47335 4.43541
      vertex 6.82916 -7.43311 4.43541
    endloop
  endfacet
  facet normal -0.195068 0.0191968 -0.980602
    outer loop
      vertex 7.50649 -7.07107 4.43541
      vertex 7.49813 -7.15602 4.43541
      vertex 7.21527 -7.09975 4.49278
    endloop
  endfacet
  facet normal -0.625131 0.334129 -0.705386
    outer loop
      vertex 8.14232 -7.51479 3.95159
      vertex 8.03517 -7.71526 3.95159
      vertex 7.95022 -7.43523 4.15952
    endloop
  endfacet
  facet normal -0.865137 -0.46241 -0.194205
    outer loop
      vertex 8.31227 -6.24172 3.14703
      vertex 8.39721 -6.52176 3.43543
      vertex 8.26457 -6.2736 3.43543
    endloop
  endfacet
  facet normal 0.528259 -0.643692 -0.553717
    outer loop
      vertex 6.42688 -6.10697 3.95159
      vertex 6.25117 -6.25117 3.95159
      vertex 6.13565 -6.13565 3.70709
    endloop
  endfacet
  facet normal 0.758299 -0.622306 -0.194213
    outer loop
      vertex 6.01551 -6.01551 3.14703
      vertex 6.05608 -6.05608 3.43543
      vertex 5.87757 -6.2736 3.43543
    endloop
  endfacet
  facet normal 0.714668 -0.586537 0.381083
    outer loop
      vertex 5.97113 -6.33611 2.2929
      vertex 6.13565 -6.13565 2.2929
      vertex 5.87757 -6.2736 2.56457
    endloop
  endfacet
  facet normal 0.547937 -0.449676 0.705377
    outer loop
      vertex 6.39819 -6.39819 1.84048
      vertex 6.25117 -6.25117 2.04841
      vertex 6.10697 -6.42688 2.04841
    endloop
  endfacet
  facet normal -0.0694616 -0.705407 -0.70539
    outer loop
      vertex 7.29728 -5.93383 3.95159
      vertex 7.25671 -6.13776 4.15952
      vertex 7.07107 -6.11948 4.15952
    endloop
  endfacet
  facet normal -0.6783 -0.205759 -0.705388
    outer loop
      vertex 8.2083 -6.84486 3.95159
      vertex 8.00437 -6.88542 4.15952
      vertex 7.95022 -6.70691 4.15952
    endloop
  endfacet
  facet normal 0.0905895 -0.920085 -0.381101
    outer loop
      vertex 7.07107 -5.74819 3.70709
      vertex 6.81299 -5.7736 3.70709
      vertex 6.79103 -5.66324 3.43543
    endloop
  endfacet
  facet normal -0.0694616 -0.705407 0.70539
    outer loop
      vertex 7.25671 -6.13776 1.84048
      vertex 7.29728 -5.93383 2.04841
      vertex 7.07107 -6.11948 1.84048
    endloop
  endfacet
  facet normal 0.0816208 -0.8287 0.55371
    outer loop
      vertex 7.07107 -5.91155 2.04841
      vertex 7.07107 -5.74819 2.2929
      vertex 6.84486 -5.93383 2.04841
    endloop
  endfacet
  facet normal -0.435824 -0.815367 0.381095
    outer loop
      vertex 7.86854 -5.87757 2.56457
      vertex 7.62037 -5.74492 2.56457
      vertex 7.57731 -5.84888 2.2929
    endloop
  endfacet
  facet normal -0.462424 -0.865132 0.19419
    outer loop
      vertex 7.86854 -5.87757 2.56457
      vertex 7.90041 -5.82987 2.85297
      vertex 7.62037 -5.74492 2.56457
    endloop
  endfacet
  facet normal -0.268383 -0.884723 -0.381098
    outer loop
      vertex 7.3511 -5.66324 3.43543
      vertex 7.57731 -5.84888 3.70709
      vertex 7.32915 -5.7736 3.70709
    endloop
  endfacet
  facet normal -0.268372 -0.884727 0.381096
    outer loop
      vertex 7.57731 -5.84888 2.2929
      vertex 7.62037 -5.74492 2.56457
      vertex 7.3511 -5.66324 2.56457
    endloop
  endfacet
  facet normal -0.462431 -0.865127 -0.194198
    outer loop
      vertex 7.64233 -5.69192 3.14703
      vertex 7.90041 -5.82987 3.14703
      vertex 7.62037 -5.74492 3.43543
    endloop
  endfacet
  facet normal -0.0961421 -0.976238 0.194205
    outer loop
      vertex 7.3511 -5.66324 2.56457
      vertex 7.36229 -5.60697 2.85297
      vertex 7.07107 -5.57829 2.85297
    endloop
  endfacet
  facet normal 0.622303 -0.758302 -0.194209
    outer loop
      vertex 6.24172 -5.82987 3.14703
      vertex 6.2736 -5.87757 3.43543
      vertex 6.01551 -6.01551 3.14703
    endloop
  endfacet
  facet normal 0.268372 -0.884723 -0.381107
    outer loop
      vertex 6.79103 -5.66324 3.43543
      vertex 6.81299 -5.7736 3.70709
      vertex 6.56482 -5.84888 3.70709
    endloop
  endfacet
  facet normal 0.0961389 -0.976239 0.194205
    outer loop
      vertex 6.79103 -5.66324 2.56457
      vertex 7.07107 -5.57829 2.85297
      vertex 6.77984 -5.60697 2.85297
    endloop
  endfacet
  facet normal -0.0961492 -0.976239 -0.194198
    outer loop
      vertex 7.07107 -5.57829 3.14703
      vertex 7.3511 -5.66324 3.43543
      vertex 7.07107 -5.63566 3.43543
    endloop
  endfacet
  facet normal -0.0961421 -0.976238 -0.194205
    outer loop
      vertex 7.36229 -5.60697 3.14703
      vertex 7.3511 -5.66324 3.43543
      vertex 7.07107 -5.57829 3.14703
    endloop
  endfacet
  facet normal 0.430882 -0.35361 0.830242
    outer loop
      vertex 6.48314 -6.67823 1.67712
      vertex 6.39819 -6.39819 1.84048
      vertex 6.27985 -6.54239 1.84048
    endloop
  endfacet
  facet normal -0.181117 -0.338914 0.923219
    outer loop
      vertex 7.31298 -6.70902 1.56459
      vertex 7.46391 -6.48314 1.67712
      vertex 7.2377 -6.66879 1.56459
    endloop
  endfacet
  facet normal 0.0546207 -0.554723 0.83024
    outer loop
      vertex 6.93312 -6.37756 1.67712
      vertex 7.07107 -6.11948 1.84048
      vertex 6.88542 -6.13776 1.84048
    endloop
  endfacet
  facet normal -0.187565 -0.0569224 0.980601
    outer loop
      vertex 7.21527 -7.04238 1.50722
      vertex 7.49813 -6.98612 1.56459
      vertex 7.2069 -7.0148 1.50722
    endloop
  endfacet
  facet normal -0.622308 -0.758302 -0.194193
    outer loop
      vertex 8.12662 -6.01551 3.14703
      vertex 8.08606 -6.05608 3.43543
      vertex 7.86854 -5.87757 3.43543
    endloop
  endfacet
  facet normal -0.54792 -0.449697 -0.705377
    outer loop
      vertex 8.03517 -6.42688 3.95159
      vertex 7.86229 -6.54239 4.15952
      vertex 7.74394 -6.39819 4.15952
    endloop
  endfacet
  facet normal -0.705402 0.069499 0.705392
    outer loop
      vertex 8.2083 -7.29728 2.04841
      vertex 8.02266 -7.07107 1.84048
      vertex 8.00437 -7.25671 1.84048
    endloop
  endfacet
  facet normal -0.938715 0.284784 0.194195
    outer loop
      vertex 8.45021 -7.64233 2.85297
      vertex 8.4789 -7.3511 2.56457
      vertex 8.39721 -7.62037 2.56457
    endloop
  endfacet
  facet normal -0.796849 -0.241707 0.553724
    outer loop
      vertex 8.2083 -6.84486 2.04841
      vertex 8.29325 -6.56482 2.2929
      vertex 8.14232 -6.62734 2.04841
    endloop
  endfacet
  facet normal -0.643688 -0.528251 0.55373
    outer loop
      vertex 8.03517 -6.42688 2.04841
      vertex 8.171 -6.33611 2.2929
      vertex 8.00649 -6.13565 2.2929
    endloop
  endfacet
  facet normal 0.187573 -0.0569057 0.980601
    outer loop
      vertex 6.93523 -7.0148 1.50722
      vertex 6.66879 -6.90444 1.56459
      vertex 6.64401 -6.98612 1.56459
    endloop
  endfacet
  facet normal -0.367715 -0.111548 0.923224
    outer loop
      vertex 7.76458 -6.93312 1.67712
      vertex 7.72434 -6.80047 1.67712
      vertex 7.47335 -6.90444 1.56459
    endloop
  endfacet
  facet normal -0.622308 -0.758302 0.194193
    outer loop
      vertex 8.08606 -6.05608 2.56457
      vertex 8.12662 -6.01551 2.85297
      vertex 7.86854 -5.87757 2.56457
    endloop
  endfacet
  facet normal -0.586508 -0.714679 0.381107
    outer loop
      vertex 8.00649 -6.13565 2.2929
      vertex 8.08606 -6.05608 2.56457
      vertex 7.86854 -5.87757 2.56457
    endloop
  endfacet
  facet normal -0.547927 -0.449667 0.70539
    outer loop
      vertex 8.03517 -6.42688 2.04841
      vertex 7.89097 -6.25117 2.04841
      vertex 7.74394 -6.39819 1.84048
    endloop
  endfacet
  facet normal -0.643684 -0.528253 0.553733
    outer loop
      vertex 8.03517 -6.42688 2.04841
      vertex 8.00649 -6.13565 2.2929
      vertex 7.89097 -6.25117 2.04841
    endloop
  endfacet
  facet normal -0.334158 -0.625112 0.705388
    outer loop
      vertex 7.59974 -6.27985 1.84048
      vertex 7.71526 -6.10697 2.04841
      vertex 7.43523 -6.19191 1.84048
    endloop
  endfacet
  facet normal -0.161808 -0.533395 0.830246
    outer loop
      vertex 7.34166 -6.4178 1.67712
      vertex 7.43523 -6.19191 1.84048
      vertex 7.20901 -6.37756 1.67712
    endloop
  endfacet
  facet normal -0.79684 0.241723 0.55373
    outer loop
      vertex 8.29325 -7.57731 2.2929
      vertex 8.36853 -7.32915 2.2929
      vertex 8.2083 -7.29728 2.04841
    endloop
  endfacet
  facet normal -0.533409 0.161812 0.830236
    outer loop
      vertex 7.95022 -7.43523 1.84048
      vertex 7.76458 -7.20901 1.67712
      vertex 7.72434 -7.34166 1.67712
    endloop
  endfacet
  facet normal 0.297046 -0.243792 -0.923217
    outer loop
      vertex 6.57108 -6.57108 4.32288
      vertex 6.76317 -6.76317 4.43541
      vertex 6.48314 -6.67823 4.32288
    endloop
  endfacet
  facet normal 0.297058 -0.24376 -0.923221
    outer loop
      vertex 6.76317 -6.76317 4.43541
      vertex 6.70902 -6.82916 4.43541
      vertex 6.48314 -6.67823 4.32288
    endloop
  endfacet
  facet normal 0.081592 -0.8287 -0.553714
    outer loop
      vertex 7.07107 -5.74819 3.70709
      vertex 6.84486 -5.93383 3.95159
      vertex 6.81299 -5.7736 3.70709
    endloop
  endfacet
  facet normal -0.367715 -0.111548 -0.923224
    outer loop
      vertex 7.72434 -6.80047 4.32288
      vertex 7.76458 -6.93312 4.32288
      vertex 7.47335 -6.90444 4.43541
    endloop
  endfacet
  facet normal 0.111548 -0.367715 -0.923224
    outer loop
      vertex 6.93312 -6.37756 4.32288
      vertex 6.90444 -6.66879 4.43541
      vertex 6.80047 -6.4178 4.32288
    endloop
  endfacet
  facet normal 0.367715 -0.111557 -0.923223
    outer loop
      vertex 6.66879 -6.90444 4.43541
      vertex 6.64401 -6.98612 4.43541
      vertex 6.37756 -6.93312 4.32288
    endloop
  endfacet
  facet normal 0.0816193 0.828685 0.553733
    outer loop
      vertex 7.07107 -8.39395 2.2929
      vertex 7.07107 -8.23058 2.04841
      vertex 6.84486 -8.2083 2.04841
    endloop
  endfacet
  facet normal 0.161809 0.533418 0.830231
    outer loop
      vertex 6.88542 -8.00437 1.84048
      vertex 6.93312 -7.76458 1.67712
      vertex 6.70691 -7.95022 1.84048
    endloop
  endfacet
  facet normal 0.205759 0.6783 0.705388
    outer loop
      vertex 6.84486 -8.2083 2.04841
      vertex 6.88542 -8.00437 1.84048
      vertex 6.70691 -7.95022 1.84048
    endloop
  endfacet
  facet normal 0.435825 0.815359 0.381112
    outer loop
      vertex 6.56482 -8.29325 2.2929
      vertex 6.33611 -8.171 2.2929
      vertex 6.2736 -8.26457 2.56457
    endloop
  endfacet
  facet normal 0.241714 -0.796842 0.55373
    outer loop
      vertex 6.84486 -5.93383 2.04841
      vertex 6.81299 -5.7736 2.2929
      vertex 6.56482 -5.84888 2.2929
    endloop
  endfacet
  facet normal 0.268374 -0.884727 0.381095
    outer loop
      vertex 6.81299 -5.7736 2.2929
      vertex 6.79103 -5.66324 2.56457
      vertex 6.56482 -5.84888 2.2929
    endloop
  endfacet
  facet normal 0.243792 -0.297046 0.923217
    outer loop
      vertex 6.76317 -6.76317 1.56459
      vertex 6.67823 -6.48314 1.67712
      vertex 6.57108 -6.57108 1.67712
    endloop
  endfacet
  facet normal 0.554733 -0.0546489 0.830232
    outer loop
      vertex 6.36397 -7.07107 1.67712
      vertex 6.37756 -6.93312 1.67712
      vertex 6.11948 -7.07107 1.84048
    endloop
  endfacet
  facet normal 0.938718 -0.28477 0.194203
    outer loop
      vertex 5.66324 -6.79103 2.56457
      vertex 5.69192 -6.49981 2.85297
      vertex 5.60697 -6.77984 2.85297
    endloop
  endfacet
  facet normal 0.865137 -0.462419 0.194183
    outer loop
      vertex 5.74492 -6.52176 2.56457
      vertex 5.82987 -6.24172 2.85297
      vertex 5.69192 -6.49981 2.85297
    endloop
  endfacet
  facet normal 0.920078 0.0906179 0.381111
    outer loop
      vertex 5.66324 -7.3511 2.56457
      vertex 5.74819 -7.07107 2.2929
      vertex 5.63566 -7.07107 2.56457
    endloop
  endfacet
  facet normal 0.976239 0.0961492 0.194198
    outer loop
      vertex 5.66324 -7.3511 2.56457
      vertex 5.63566 -7.07107 2.56457
      vertex 5.57829 -7.07107 2.85297
    endloop
  endfacet
  facet normal 0.111548 0.367715 -0.923224
    outer loop
      vertex 6.90444 -7.47335 4.43541
      vertex 6.93312 -7.76458 4.32288
      vertex 6.80047 -7.72434 4.32288
    endloop
  endfacet
  facet normal -0.181146 0.338883 -0.923225
    outer loop
      vertex 7.31298 -7.43311 4.43541
      vertex 7.46391 -7.659 4.32288
      vertex 7.2377 -7.47335 4.43541
    endloop
  endfacet
  facet normal -0.297039 -0.243786 -0.923221
    outer loop
      vertex 7.57106 -6.57108 4.32288
      vertex 7.659 -6.67823 4.32288
      vertex 7.37896 -6.76317 4.43541
    endloop
  endfacet
  facet normal 0.151514 0.124348 -0.980603
    outer loop
      vertex 6.94882 -7.15275 4.49278
      vertex 6.76317 -7.37896 4.43541
      vertex 6.70902 -7.31298 4.43541
    endloop
  endfacet
  facet normal 0.0568583 -0.187578 -0.980603
    outer loop
      vertex 7.04238 -6.92687 4.49278
      vertex 7.0148 -6.93523 4.49278
      vertex 6.98612 -6.64401 4.43541
    endloop
  endfacet
  facet normal -0.181117 -0.338914 -0.923219
    outer loop
      vertex 7.46391 -6.48314 4.32288
      vertex 7.31298 -6.70902 4.43541
      vertex 7.2377 -6.66879 4.43541
    endloop
  endfacet
  facet normal 0.491585 -0.262763 -0.830241
    outer loop
      vertex 6.48314 -6.67823 4.32288
      vertex 6.4178 -6.80047 4.32288
      vertex 6.19191 -6.70691 4.15952
    endloop
  endfacet
  facet normal 0.491585 -0.262764 -0.830241
    outer loop
      vertex 6.27985 -6.54239 4.15952
      vertex 6.48314 -6.67823 4.32288
      vertex 6.19191 -6.70691 4.15952
    endloop
  endfacet
  facet normal 0.462393 0.865151 -0.194183
    outer loop
      vertex 6.52176 -8.39721 3.43543
      vertex 6.49981 -8.45021 3.14703
      vertex 6.24172 -8.31227 3.14703
    endloop
  endfacet
  facet normal 0.714676 0.586514 0.381102
    outer loop
      vertex 6.13565 -8.00649 2.2929
      vertex 5.97113 -7.80602 2.2929
      vertex 5.87757 -7.86854 2.56457
    endloop
  endfacet
  facet normal 0.533395 0.161808 -0.830246
    outer loop
      vertex 6.37756 -7.20901 4.32288
      vertex 6.4178 -7.34166 4.32288
      vertex 6.19191 -7.43523 4.15952
    endloop
  endfacet
  facet normal 0.547929 0.449667 -0.705389
    outer loop
      vertex 6.27985 -7.59974 4.15952
      vertex 6.39819 -7.74394 4.15952
      vertex 6.10697 -7.71526 3.95159
    endloop
  endfacet
  facet normal 0.491584 0.26278 0.830236
    outer loop
      vertex 6.27985 -7.59974 1.84048
      vertex 6.48314 -7.46391 1.67712
      vertex 6.19191 -7.43523 1.84048
    endloop
  endfacet
  facet normal 0.881916 0.471406 0
    outer loop
      vertex 5.82987 -7.90041 3.14703
      vertex 5.69192 -7.64233 2.85297
      vertex 5.69192 -7.64233 3.14703
    endloop
  endfacet
  facet normal 0.881916 0.471406 0
    outer loop
      vertex 5.69192 -7.64233 2.85297
      vertex 5.82987 -7.90041 3.14703
      vertex 5.82987 -7.90041 2.85297
    endloop
  endfacet
  facet normal 0.79685 0.241726 -0.553714
    outer loop
      vertex 5.93383 -7.29728 3.95159
      vertex 5.84888 -7.57731 3.70709
      vertex 5.7736 -7.32915 3.70709
    endloop
  endfacet
  facet normal 0.920085 -0.0905895 -0.381101
    outer loop
      vertex 5.7736 -6.81299 3.70709
      vertex 5.74819 -7.07107 3.70709
      vertex 5.66324 -6.79103 3.43543
    endloop
  endfacet
  facet normal 0.938725 0.284752 -0.194194
    outer loop
      vertex 5.74492 -7.62037 3.43543
      vertex 5.69192 -7.64233 3.14703
      vertex 5.66324 -7.3511 3.43543
    endloop
  endfacet
  facet normal 0.865127 0.462431 -0.194198
    outer loop
      vertex 5.74492 -7.62037 3.43543
      vertex 5.82987 -7.90041 3.14703
      vertex 5.69192 -7.64233 3.14703
    endloop
  endfacet
  facet normal 0.796855 0.24172 -0.553708
    outer loop
      vertex 5.93383 -7.29728 3.95159
      vertex 5.99981 -7.51479 3.95159
      vertex 5.84888 -7.57731 3.70709
    endloop
  endfacet
  facet normal 0.796852 -0.241717 -0.553714
    outer loop
      vertex 5.84888 -6.56482 3.70709
      vertex 5.93383 -6.84486 3.95159
      vertex 5.7736 -6.81299 3.70709
    endloop
  endfacet
  facet normal 0.449676 -0.547937 -0.705377
    outer loop
      vertex 6.42688 -6.10697 3.95159
      vertex 6.39819 -6.39819 4.15952
      vertex 6.25117 -6.25117 3.95159
    endloop
  endfacet
  facet normal 0.73437 -0.392535 -0.553731
    outer loop
      vertex 5.97113 -6.33611 3.70709
      vertex 6.10697 -6.42688 3.95159
      vertex 5.84888 -6.56482 3.70709
    endloop
  endfacet
  facet normal 0.0694765 -0.705398 -0.705398
    outer loop
      vertex 7.07107 -5.91155 3.95159
      vertex 7.07107 -6.11948 4.15952
      vertex 6.84486 -5.93383 3.95159
    endloop
  endfacet
  facet normal 0.622306 -0.758299 -0.194213
    outer loop
      vertex 6.2736 -5.87757 3.43543
      vertex 6.05608 -6.05608 3.43543
      vertex 6.01551 -6.01551 3.14703
    endloop
  endfacet
  facet normal 0.714675 -0.586505 -0.381119
    outer loop
      vertex 6.05608 -6.05608 3.43543
      vertex 6.13565 -6.13565 3.70709
      vertex 5.87757 -6.2736 3.43543
    endloop
  endfacet
  facet normal 0.547937 -0.449676 -0.705377
    outer loop
      vertex 6.25117 -6.25117 3.95159
      vertex 6.39819 -6.39819 4.15952
      vertex 6.10697 -6.42688 3.95159
    endloop
  endfacet
  facet normal 0.678298 -0.205747 0.705393
    outer loop
      vertex 6.19191 -6.70691 1.84048
      vertex 5.99981 -6.62734 2.04841
      vertex 5.93383 -6.84486 2.04841
    endloop
  endfacet
  facet normal 0.12433 0.151535 0.980601
    outer loop
      vertex 6.98938 -7.19331 1.50722
      vertex 6.9671 -7.17503 1.50722
      vertex 6.76317 -7.37896 1.56459
    endloop
  endfacet
  facet normal -0.554718 0.0546113 0.830244
    outer loop
      vertex 8.02266 -7.07107 1.84048
      vertex 7.77816 -7.07107 1.67712
      vertex 7.76458 -7.20901 1.67712
    endloop
  endfacet
  facet normal -0.0569052 -0.187571 0.980601
    outer loop
      vertex 7.2377 -6.66879 1.56459
      vertex 7.15602 -6.64401 1.56459
      vertex 7.12733 -6.93523 1.50722
    endloop
  endfacet
  facet normal -0.547912 0.44969 0.705387
    outer loop
      vertex 8.03517 -7.71526 2.04841
      vertex 7.86229 -7.59974 1.84048
      vertex 7.74394 -7.74394 1.84048
    endloop
  endfacet
  facet normal -0.491598 0.262757 0.830235
    outer loop
      vertex 7.86229 -7.59974 1.84048
      vertex 7.95022 -7.43523 1.84048
      vertex 7.659 -7.46391 1.67712
    endloop
  endfacet
  facet normal 0.533405 0.161796 0.830241
    outer loop
      vertex 6.19191 -7.43523 1.84048
      vertex 6.37756 -7.20901 1.67712
      vertex 6.13776 -7.25671 1.84048
    endloop
  endfacet
  facet normal -0.0906242 0.920075 0.381116
    outer loop
      vertex 7.3511 -8.4789 2.56457
      vertex 7.32915 -8.36853 2.2929
      vertex 7.07107 -8.39395 2.2929
    endloop
  endfacet
  facet normal -0.39254 0.734379 0.553714
    outer loop
      vertex 7.80602 -8.171 2.2929
      vertex 7.71526 -8.03517 2.04841
      vertex 7.57731 -8.29325 2.2929
    endloop
  endfacet
  facet normal -0.714679 0.586508 0.381107
    outer loop
      vertex 8.08606 -8.08606 2.56457
      vertex 8.26457 -7.86854 2.56457
      vertex 8.00649 -8.00649 2.2929
    endloop
  endfacet
  facet normal -0.938727 0.284762 0.194172
    outer loop
      vertex 8.53516 -7.36229 2.85297
      vertex 8.4789 -7.3511 2.56457
      vertex 8.45021 -7.64233 2.85297
    endloop
  endfacet
  facet normal -0.0816227 0.828686 0.553731
    outer loop
      vertex 7.32915 -8.36853 2.2929
      vertex 7.29728 -8.2083 2.04841
      vertex 7.07107 -8.39395 2.2929
    endloop
  endfacet
  facet normal -0.643684 0.528253 0.553733
    outer loop
      vertex 8.00649 -8.00649 2.2929
      vertex 8.03517 -7.71526 2.04841
      vertex 7.89097 -7.89097 2.04841
    endloop
  endfacet
  facet normal -0.976245 -0.0961395 0.194172
    outer loop
      vertex 8.56384 -7.07107 2.85297
      vertex 8.53516 -6.77984 2.85297
      vertex 8.4789 -6.79103 2.56457
    endloop
  endfacet
  facet normal -0.976245 0.0961428 0.194173
    outer loop
      vertex 8.53516 -7.36229 2.85297
      vertex 8.56384 -7.07107 2.85297
      vertex 8.4789 -7.3511 2.56457
    endloop
  endfacet
  facet normal -0.865147 0.462397 -0.194189
    outer loop
      vertex 8.39721 -7.62037 3.43543
      vertex 8.31227 -7.90041 3.14703
      vertex 8.26457 -7.86854 3.43543
    endloop
  endfacet
  facet normal -0.714682 0.586484 -0.381137
    outer loop
      vertex 8.171 -7.80602 3.70709
      vertex 8.26457 -7.86854 3.43543
      vertex 8.00649 -8.00649 3.70709
    endloop
  endfacet
  facet normal -0.81535 0.43582 -0.381137
    outer loop
      vertex 8.29325 -7.57731 3.70709
      vertex 8.26457 -7.86854 3.43543
      vertex 8.171 -7.80602 3.70709
    endloop
  endfacet
  facet normal -0.734388 0.392545 -0.553699
    outer loop
      vertex 8.29325 -7.57731 3.70709
      vertex 8.171 -7.80602 3.70709
      vertex 8.03517 -7.71526 3.95159
    endloop
  endfacet
  facet normal -0.392545 0.734388 -0.553699
    outer loop
      vertex 7.71526 -8.03517 3.95159
      vertex 7.80602 -8.171 3.70709
      vertex 7.57731 -8.29325 3.70709
    endloop
  endfacet
  facet normal -0.586484 0.714682 -0.381137
    outer loop
      vertex 8.00649 -8.00649 3.70709
      vertex 7.86854 -8.26457 3.43543
      vertex 7.80602 -8.171 3.70709
    endloop
  endfacet
  facet normal -0.262757 0.491598 -0.830235
    outer loop
      vertex 7.46391 -7.659 4.32288
      vertex 7.59974 -7.86229 4.15952
      vertex 7.43523 -7.95022 4.15952
    endloop
  endfacet
  facet normal -0.205757 0.6783 -0.705389
    outer loop
      vertex 7.43523 -7.95022 4.15952
      vertex 7.51479 -8.14232 3.95159
      vertex 7.29728 -8.2083 3.95159
    endloop
  endfacet
  facet normal 0.0961465 0.976246 -0.194166
    outer loop
      vertex 7.07107 -8.50648 3.43543
      vertex 7.07107 -8.56384 3.14703
      vertex 6.79103 -8.4789 3.43543
    endloop
  endfacet
  facet normal 0.0816237 0.828696 -0.553715
    outer loop
      vertex 6.84486 -8.2083 3.95159
      vertex 7.07107 -8.39395 3.70709
      vertex 6.81299 -8.36853 3.70709
    endloop
  endfacet
  facet normal -0.290287 0.95694 0
    outer loop
      vertex 7.64233 -8.45021 2.85297
      vertex 7.36229 -8.53516 3.14703
      vertex 7.64233 -8.45021 3.14703
    endloop
  endfacet
  facet normal -0.290287 0.95694 0
    outer loop
      vertex 7.36229 -8.53516 3.14703
      vertex 7.64233 -8.45021 2.85297
      vertex 7.36229 -8.53516 2.85297
    endloop
  endfacet
  facet normal -0.284784 0.938715 -0.194195
    outer loop
      vertex 7.62037 -8.39721 3.43543
      vertex 7.64233 -8.45021 3.14703
      vertex 7.3511 -8.4789 3.43543
    endloop
  endfacet
  facet normal -0.43582 0.81535 -0.381137
    outer loop
      vertex 7.80602 -8.171 3.70709
      vertex 7.86854 -8.26457 3.43543
      vertex 7.57731 -8.29325 3.70709
    endloop
  endfacet
  facet normal -0.0961499 0.976245 0.194166
    outer loop
      vertex 7.3511 -8.4789 2.56457
      vertex 7.07107 -8.50648 2.56457
      vertex 7.07107 -8.56384 2.85297
    endloop
  endfacet
  facet normal 0.0961465 0.976246 0.194166
    outer loop
      vertex 7.07107 -8.56384 2.85297
      vertex 7.07107 -8.50648 2.56457
      vertex 6.79103 -8.4789 2.56457
    endloop
  endfacet
  facet normal -0.284762 0.938727 0.194172
    outer loop
      vertex 7.36229 -8.53516 2.85297
      vertex 7.64233 -8.45021 2.85297
      vertex 7.3511 -8.4789 2.56457
    endloop
  endfacet
  facet normal 0.462393 0.865151 0.194183
    outer loop
      vertex 6.49981 -8.45021 2.85297
      vertex 6.52176 -8.39721 2.56457
      vertex 6.24172 -8.31227 2.85297
    endloop
  endfacet
  facet normal 0.284784 0.938717 -0.194185
    outer loop
      vertex 6.52176 -8.39721 3.43543
      vertex 6.79103 -8.4789 3.43543
      vertex 6.49981 -8.45021 3.14703
    endloop
  endfacet
  facet normal -0.367718 0.111549 -0.923223
    outer loop
      vertex 7.76458 -7.20901 4.32288
      vertex 7.72434 -7.34166 4.32288
      vertex 7.47335 -7.2377 4.43541
    endloop
  endfacet
  facet normal 0.111557 0.367715 -0.923223
    outer loop
      vertex 6.98612 -7.49813 4.43541
      vertex 6.93312 -7.76458 4.32288
      vertex 6.90444 -7.47335 4.43541
    endloop
  endfacet
  facet normal -0.0924106 0.172853 -0.980603
    outer loop
      vertex 7.15275 -7.19331 4.49278
      vertex 7.31298 -7.43311 4.43541
      vertex 7.12733 -7.2069 4.49278
    endloop
  endfacet
  facet normal -0.705415 -0.0694781 -0.705381
    outer loop
      vertex 8.2083 -6.84486 3.95159
      vertex 8.23058 -7.07107 3.95159
      vertex 8.02266 -7.07107 4.15952
    endloop
  endfacet
  facet normal -0.533414 -0.161814 -0.830233
    outer loop
      vertex 7.95022 -6.70691 4.15952
      vertex 7.76458 -6.93312 4.32288
      vertex 7.72434 -6.80047 4.32288
    endloop
  endfacet
  facet normal -0.430874 -0.353626 -0.830239
    outer loop
      vertex 7.74394 -6.39819 4.15952
      vertex 7.659 -6.67823 4.32288
      vertex 7.57106 -6.57108 4.32288
    endloop
  endfacet
  facet normal -0.533418 -0.161809 -0.830231
    outer loop
      vertex 7.95022 -6.70691 4.15952
      vertex 8.00437 -6.88542 4.15952
      vertex 7.76458 -6.93312 4.32288
    endloop
  endfacet
  facet normal -0.884712 0.26838 -0.381126
    outer loop
      vertex 8.36853 -7.32915 3.70709
      vertex 8.4789 -7.3511 3.43543
      vertex 8.29325 -7.57731 3.70709
    endloop
  endfacet
  facet normal -0.828696 0.0816237 -0.553715
    outer loop
      vertex 8.39395 -7.07107 3.70709
      vertex 8.36853 -7.32915 3.70709
      vertex 8.2083 -7.29728 3.95159
    endloop
  endfacet
  facet normal -0.828695 0.0816203 -0.553717
    outer loop
      vertex 8.23058 -7.07107 3.95159
      vertex 8.39395 -7.07107 3.70709
      vertex 8.2083 -7.29728 3.95159
    endloop
  endfacet
  facet normal -0.705415 0.0694781 -0.705381
    outer loop
      vertex 8.23058 -7.07107 3.95159
      vertex 8.2083 -7.29728 3.95159
      vertex 8.02266 -7.07107 4.15952
    endloop
  endfacet
  facet normal 0.815356 -0.435836 -0.381107
    outer loop
      vertex 5.87757 -6.2736 3.43543
      vertex 5.84888 -6.56482 3.70709
      vertex 5.74492 -6.52176 3.43543
    endloop
  endfacet
  facet normal 0.865122 -0.462437 -0.194205
    outer loop
      vertex 5.82987 -6.24172 3.14703
      vertex 5.87757 -6.2736 3.43543
      vertex 5.74492 -6.52176 3.43543
    endloop
  endfacet
  facet normal 0.796849 -0.241707 0.553724
    outer loop
      vertex 5.93383 -6.84486 2.04841
      vertex 5.99981 -6.62734 2.04841
      vertex 5.84888 -6.56482 2.2929
    endloop
  endfacet
  facet normal 0.714679 -0.586508 0.381107
    outer loop
      vertex 6.13565 -6.13565 2.2929
      vertex 6.05608 -6.05608 2.56457
      vertex 5.87757 -6.2736 2.56457
    endloop
  endfacet
  facet normal -0.334154 -0.625119 -0.705385
    outer loop
      vertex 7.51479 -5.99981 3.95159
      vertex 7.71526 -6.10697 3.95159
      vertex 7.43523 -6.19191 4.15952
    endloop
  endfacet
  facet normal -0.205746 -0.678298 -0.705394
    outer loop
      vertex 7.29728 -5.93383 3.95159
      vertex 7.43523 -6.19191 4.15952
      vertex 7.25671 -6.13776 4.15952
    endloop
  endfacet
  facet normal 0.334163 -0.625106 -0.705392
    outer loop
      vertex 6.62734 -5.99981 3.95159
      vertex 6.70691 -6.19191 4.15952
      vertex 6.42688 -6.10697 3.95159
    endloop
  endfacet
  facet normal 0.24171 -0.796859 -0.553708
    outer loop
      vertex 6.84486 -5.93383 3.95159
      vertex 6.62734 -5.99981 3.95159
      vertex 6.56482 -5.84888 3.70709
    endloop
  endfacet
  facet normal -0.353625 -0.430872 0.83024
    outer loop
      vertex 7.57106 -6.57108 1.67712
      vertex 7.74394 -6.39819 1.84048
      vertex 7.46391 -6.48314 1.67712
    endloop
  endfacet
  facet normal -0.0546236 -0.554723 0.83024
    outer loop
      vertex 7.20901 -6.37756 1.67712
      vertex 7.25671 -6.13776 1.84048
      vertex 7.07107 -6.11948 1.84048
    endloop
  endfacet
  facet normal -0.622306 -0.758305 -0.194189
    outer loop
      vertex 7.90041 -5.82987 3.14703
      vertex 8.12662 -6.01551 3.14703
      vertex 7.86854 -5.87757 3.43543
    endloop
  endfacet
  facet normal -0.284752 -0.938725 -0.194194
    outer loop
      vertex 7.64233 -5.69192 3.14703
      vertex 7.62037 -5.74492 3.43543
      vertex 7.3511 -5.66324 3.43543
    endloop
  endfacet
  facet normal -0.435825 -0.815359 -0.381112
    outer loop
      vertex 7.86854 -5.87757 3.43543
      vertex 7.80602 -5.97113 3.70709
      vertex 7.57731 -5.84888 3.70709
    endloop
  endfacet
  facet normal 0.435836 -0.815356 -0.381107
    outer loop
      vertex 6.52176 -5.74492 3.43543
      vertex 6.56482 -5.84888 3.70709
      vertex 6.2736 -5.87757 3.43543
    endloop
  endfacet
  facet normal 0.462437 -0.865122 -0.194205
    outer loop
      vertex 6.52176 -5.74492 3.43543
      vertex 6.2736 -5.87757 3.43543
      vertex 6.24172 -5.82987 3.14703
    endloop
  endfacet
  facet normal -0.28476 -0.938721 -0.194203
    outer loop
      vertex 7.36229 -5.60697 3.14703
      vertex 7.64233 -5.69192 3.14703
      vertex 7.3511 -5.66324 3.43543
    endloop
  endfacet
  facet normal -0.0980081 -0.995186 0
    outer loop
      vertex 7.07107 -5.57829 2.85297
      vertex 7.36229 -5.60697 3.14703
      vertex 7.07107 -5.57829 3.14703
    endloop
  endfacet
  facet normal -0.0980081 -0.995186 -0
    outer loop
      vertex 7.36229 -5.60697 3.14703
      vertex 7.07107 -5.57829 2.85297
      vertex 7.36229 -5.60697 2.85297
    endloop
  endfacet
  facet normal -0.28476 -0.938721 0.194203
    outer loop
      vertex 7.64233 -5.69192 2.85297
      vertex 7.36229 -5.60697 2.85297
      vertex 7.3511 -5.66324 2.56457
    endloop
  endfacet
  facet normal 0.0961389 -0.976239 -0.194205
    outer loop
      vertex 7.07107 -5.57829 3.14703
      vertex 6.79103 -5.66324 3.43543
      vertex 6.77984 -5.60697 3.14703
    endloop
  endfacet
  facet normal 0.0961458 -0.976239 -0.194198
    outer loop
      vertex 7.07107 -5.57829 3.14703
      vertex 7.07107 -5.63566 3.43543
      vertex 6.79103 -5.66324 3.43543
    endloop
  endfacet
  facet normal -0.0924106 0.172853 0.980603
    outer loop
      vertex 7.31298 -7.43311 1.56459
      vertex 7.15275 -7.19331 1.50722
      vertex 7.12733 -7.2069 1.50722
    endloop
  endfacet
  facet normal 0.367719 0.111558 0.923221
    outer loop
      vertex 6.66879 -7.2377 1.56459
      vertex 6.64401 -7.15602 1.56459
      vertex 6.37756 -7.20901 1.67712
    endloop
  endfacet
  facet normal 0.297041 0.243787 0.92322
    outer loop
      vertex 6.57108 -7.57106 1.67712
      vertex 6.76317 -7.37896 1.56459
      vertex 6.48314 -7.46391 1.67712
    endloop
  endfacet
  facet normal 0.533395 0.161808 0.830246
    outer loop
      vertex 6.4178 -7.34166 1.67712
      vertex 6.37756 -7.20901 1.67712
      vertex 6.19191 -7.43523 1.84048
    endloop
  endfacet
  facet normal 0.0694581 -0.70541 0.705388
    outer loop
      vertex 6.88542 -6.13776 1.84048
      vertex 7.07107 -6.11948 1.84048
      vertex 6.84486 -5.93383 2.04841
    endloop
  endfacet
  facet normal 0.284752 -0.938727 0.194185
    outer loop
      vertex 6.52176 -5.74492 2.56457
      vertex 6.79103 -5.66324 2.56457
      vertex 6.49981 -5.69192 2.85297
    endloop
  endfacet
  facet normal 0.161809 -0.533399 0.830243
    outer loop
      vertex 6.80047 -6.4178 1.67712
      vertex 6.93312 -6.37756 1.67712
      vertex 6.70691 -6.19191 1.84048
    endloop
  endfacet
  facet normal -0.714674 -0.586506 -0.381118
    outer loop
      vertex 8.26457 -6.2736 3.43543
      vertex 8.171 -6.33611 3.70709
      vertex 8.00649 -6.13565 3.70709
    endloop
  endfacet
  facet normal -0.586505 -0.714675 -0.381119
    outer loop
      vertex 8.08606 -6.05608 3.43543
      vertex 8.00649 -6.13565 3.70709
      vertex 7.86854 -5.87757 3.43543
    endloop
  endfacet
  facet normal -0.995186 0.0980081 0
    outer loop
      vertex 8.53516 -7.36229 2.85297
      vertex 8.56384 -7.07107 3.14703
      vertex 8.56384 -7.07107 2.85297
    endloop
  endfacet
  facet normal -0.995186 0.0980081 0
    outer loop
      vertex 8.56384 -7.07107 3.14703
      vertex 8.53516 -7.36229 2.85297
      vertex 8.53516 -7.36229 3.14703
    endloop
  endfacet
  facet normal -0.95694 0.290287 0
    outer loop
      vertex 8.45021 -7.64233 2.85297
      vertex 8.53516 -7.36229 3.14703
      vertex 8.53516 -7.36229 2.85297
    endloop
  endfacet
  facet normal -0.95694 0.290287 0
    outer loop
      vertex 8.53516 -7.36229 3.14703
      vertex 8.45021 -7.64233 2.85297
      vertex 8.45021 -7.64233 3.14703
    endloop
  endfacet
  facet normal -0.956937 -0.290297 0
    outer loop
      vertex 8.53516 -6.77984 2.85297
      vertex 8.45021 -6.49981 3.14703
      vertex 8.45021 -6.49981 2.85297
    endloop
  endfacet
  facet normal -0.956937 -0.290297 0
    outer loop
      vertex 8.45021 -6.49981 3.14703
      vertex 8.53516 -6.77984 2.85297
      vertex 8.53516 -6.77984 3.14703
    endloop
  endfacet
  facet normal -0.392534 -0.734367 0.553735
    outer loop
      vertex 7.71526 -6.10697 2.04841
      vertex 7.80602 -5.97113 2.2929
      vertex 7.57731 -5.84888 2.2929
    endloop
  endfacet
  facet normal -0.758303 -0.622309 0.194188
    outer loop
      vertex 8.26457 -6.2736 2.56457
      vertex 8.12662 -6.01551 2.85297
      vertex 8.08606 -6.05608 2.56457
    endloop
  endfacet
  facet normal -0.976245 0.0961428 -0.194173
    outer loop
      vertex 8.56384 -7.07107 3.14703
      vertex 8.53516 -7.36229 3.14703
      vertex 8.4789 -7.3511 3.43543
    endloop
  endfacet
  facet normal -0.938717 -0.284784 0.194185
    outer loop
      vertex 8.4789 -6.79103 2.56457
      vertex 8.45021 -6.49981 2.85297
      vertex 8.39721 -6.52176 2.56457
    endloop
  endfacet
  facet normal -0.815373 -0.435812 0.381096
    outer loop
      vertex 8.29325 -6.56482 2.2929
      vertex 8.39721 -6.52176 2.56457
      vertex 8.26457 -6.2736 2.56457
    endloop
  endfacet
  facet normal -0.938724 -0.284772 0.194172
    outer loop
      vertex 8.4789 -6.79103 2.56457
      vertex 8.53516 -6.77984 2.85297
      vertex 8.45021 -6.49981 2.85297
    endloop
  endfacet
  facet normal -0.714679 -0.586508 0.381107
    outer loop
      vertex 8.26457 -6.2736 2.56457
      vertex 8.08606 -6.05608 2.56457
      vertex 8.00649 -6.13565 2.2929
    endloop
  endfacet
  facet normal -0.714678 -0.586509 0.381106
    outer loop
      vertex 8.171 -6.33611 2.2929
      vertex 8.26457 -6.2736 2.56457
      vertex 8.00649 -6.13565 2.2929
    endloop
  endfacet
  facet normal -0.268385 -0.884728 0.381086
    outer loop
      vertex 7.57731 -5.84888 2.2929
      vertex 7.3511 -5.66324 2.56457
      vertex 7.32915 -5.7736 2.2929
    endloop
  endfacet
  facet normal -0.622306 -0.758305 0.194189
    outer loop
      vertex 8.12662 -6.01551 2.85297
      vertex 7.90041 -5.82987 2.85297
      vertex 7.86854 -5.87757 2.56457
    endloop
  endfacet
  facet normal -0.678298 -0.205747 0.705393
    outer loop
      vertex 8.2083 -6.84486 2.04841
      vertex 8.14232 -6.62734 2.04841
      vertex 7.95022 -6.70691 1.84048
    endloop
  endfacet
  facet normal -0.430868 -0.353629 0.830241
    outer loop
      vertex 7.86229 -6.54239 1.84048
      vertex 7.74394 -6.39819 1.84048
      vertex 7.659 -6.67823 1.67712
    endloop
  endfacet
  facet normal -0.334154 -0.625119 0.705385
    outer loop
      vertex 7.71526 -6.10697 2.04841
      vertex 7.51479 -5.99981 2.04841
      vertex 7.43523 -6.19191 1.84048
    endloop
  endfacet
  facet normal -0.528253 -0.643684 0.553733
    outer loop
      vertex 8.00649 -6.13565 2.2929
      vertex 7.80602 -5.97113 2.2929
      vertex 7.71526 -6.10697 2.04841
    endloop
  endfacet
  facet normal -0.435828 -0.815363 0.3811
    outer loop
      vertex 7.80602 -5.97113 2.2929
      vertex 7.86854 -5.87757 2.56457
      vertex 7.57731 -5.84888 2.2929
    endloop
  endfacet
  facet normal -0.0905901 -0.920091 0.381086
    outer loop
      vertex 7.32915 -5.7736 2.2929
      vertex 7.3511 -5.66324 2.56457
      vertex 7.07107 -5.74819 2.2929
    endloop
  endfacet
  facet normal -0.528253 -0.643684 0.553733
    outer loop
      vertex 7.89097 -6.25117 2.04841
      vertex 8.00649 -6.13565 2.2929
      vertex 7.71526 -6.10697 2.04841
    endloop
  endfacet
  facet normal -0.449669 -0.547929 0.705388
    outer loop
      vertex 7.74394 -6.39819 1.84048
      vertex 7.89097 -6.25117 2.04841
      vertex 7.71526 -6.10697 2.04841
    endloop
  endfacet
  facet normal -0.0923848 -0.172874 -0.980602
    outer loop
      vertex 7.2377 -6.66879 4.43541
      vertex 7.31298 -6.70902 4.43541
      vertex 7.12733 -6.93523 4.49278
    endloop
  endfacet
  facet normal -0.187563 0.0569218 -0.980602
    outer loop
      vertex 7.21527 -7.09975 4.49278
      vertex 7.49813 -7.15602 4.43541
      vertex 7.2069 -7.12733 4.49278
    endloop
  endfacet
  facet normal 0.334147 -0.625129 -0.705379
    outer loop
      vertex 6.70691 -6.19191 4.15952
      vertex 6.54239 -6.27985 4.15952
      vertex 6.42688 -6.10697 3.95159
    endloop
  endfacet
  facet normal 0.24376 -0.297058 -0.923221
    outer loop
      vertex 6.82916 -6.70902 4.43541
      vertex 6.76317 -6.76317 4.43541
      vertex 6.67823 -6.48314 4.32288
    endloop
  endfacet
  facet normal -0.187565 -0.0569224 -0.980601
    outer loop
      vertex 7.49813 -6.98612 4.43541
      vertex 7.21527 -7.04238 4.49278
      vertex 7.2069 -7.0148 4.49278
    endloop
  endfacet
  facet normal 0.0924121 0.172856 -0.980602
    outer loop
      vertex 6.98938 -7.19331 4.49278
      vertex 7.0148 -7.2069 4.49278
      vertex 6.82916 -7.43311 4.43541
    endloop
  endfacet
  facet normal 0.111557 -0.367715 -0.923223
    outer loop
      vertex 6.93312 -6.37756 4.32288
      vertex 6.98612 -6.64401 4.43541
      vertex 6.90444 -6.66879 4.43541
    endloop
  endfacet
  facet normal 0.181117 -0.338914 -0.923219
    outer loop
      vertex 6.90444 -6.66879 4.43541
      vertex 6.82916 -6.70902 4.43541
      vertex 6.67823 -6.48314 4.32288
    endloop
  endfacet
  facet normal -0.0546113 0.554718 0.830244
    outer loop
      vertex 7.20901 -7.76458 1.67712
      vertex 7.07107 -7.77816 1.67712
      vertex 7.07107 -8.02266 1.84048
    endloop
  endfacet
  facet normal -0.262757 0.491598 0.830235
    outer loop
      vertex 7.59974 -7.86229 1.84048
      vertex 7.46391 -7.659 1.67712
      vertex 7.43523 -7.95022 1.84048
    endloop
  endfacet
  facet normal -0.069499 0.705402 0.705392
    outer loop
      vertex 7.29728 -8.2083 2.04841
      vertex 7.25671 -8.00437 1.84048
      vertex 7.07107 -8.02266 1.84048
    endloop
  endfacet
  facet normal -0.0546546 0.554733 0.830231
    outer loop
      vertex 7.25671 -8.00437 1.84048
      vertex 7.20901 -7.76458 1.67712
      vertex 7.07107 -8.02266 1.84048
    endloop
  endfacet
  facet normal 0.815367 0.435824 0.381095
    outer loop
      vertex 5.87757 -7.86854 2.56457
      vertex 5.84888 -7.57731 2.2929
      vertex 5.74492 -7.62037 2.56457
    endloop
  endfacet
  facet normal 0.758302 0.622308 0.194193
    outer loop
      vertex 6.01551 -8.12662 2.85297
      vertex 6.05608 -8.08606 2.56457
      vertex 5.87757 -7.86854 2.56457
    endloop
  endfacet
  facet normal 0.0906147 -0.920078 0.381111
    outer loop
      vertex 7.07107 -5.74819 2.2929
      vertex 7.07107 -5.63566 2.56457
      vertex 6.79103 -5.66324 2.56457
    endloop
  endfacet
  facet normal 0.81536 -0.435838 0.381095
    outer loop
      vertex 5.84888 -6.56482 2.2929
      vertex 5.87757 -6.2736 2.56457
      vertex 5.74492 -6.52176 2.56457
    endloop
  endfacet
  facet normal 0.705398 0.0694765 0.705398
    outer loop
      vertex 5.93383 -7.29728 2.04841
      vertex 6.11948 -7.07107 1.84048
      vertex 5.91155 -7.07107 2.04841
    endloop
  endfacet
  facet normal 0.884727 -0.268374 0.381095
    outer loop
      vertex 5.7736 -6.81299 2.2929
      vertex 5.84888 -6.56482 2.2929
      vertex 5.66324 -6.79103 2.56457
    endloop
  endfacet
  facet normal 0.796842 -0.241714 0.55373
    outer loop
      vertex 5.93383 -6.84486 2.04841
      vertex 5.84888 -6.56482 2.2929
      vertex 5.7736 -6.81299 2.2929
    endloop
  endfacet
  facet normal 0.976239 -0.0961389 0.194205
    outer loop
      vertex 5.66324 -6.79103 2.56457
      vertex 5.60697 -6.77984 2.85297
      vertex 5.57829 -7.07107 2.85297
    endloop
  endfacet
  facet normal 0.491584 0.26278 -0.830236
    outer loop
      vertex 6.48314 -7.46391 4.32288
      vertex 6.27985 -7.59974 4.15952
      vertex 6.19191 -7.43523 4.15952
    endloop
  endfacet
  facet normal 0.367715 -0.111548 -0.923224
    outer loop
      vertex 6.4178 -6.80047 4.32288
      vertex 6.66879 -6.90444 4.43541
      vertex 6.37756 -6.93312 4.32288
    endloop
  endfacet
  facet normal -0.151525 -0.124338 -0.980602
    outer loop
      vertex 7.37896 -6.76317 4.43541
      vertex 7.43311 -6.82916 4.43541
      vertex 7.19331 -6.98938 4.49278
    endloop
  endfacet
  facet normal 0.920073 0.0906175 -0.381123
    outer loop
      vertex 5.74819 -7.07107 3.70709
      vertex 5.66324 -7.3511 3.43543
      vertex 5.63566 -7.07107 3.43543
    endloop
  endfacet
  facet normal -0.12433 -0.151535 -0.980601
    outer loop
      vertex 7.37896 -6.76317 4.43541
      vertex 7.17503 -6.9671 4.49278
      vertex 7.15275 -6.94882 4.49278
    endloop
  endfacet
  facet normal 0 0 -1
    outer loop
      vertex 7.21527 -7.09975 4.49278
      vertex 7.21527 -7.04238 4.49278
      vertex 7.21809 -7.07107 4.49278
    endloop
  endfacet
  facet normal 0 0 -1
    outer loop
      vertex 7.2069 -7.12733 4.49278
      vertex 7.21527 -7.04238 4.49278
      vertex 7.21527 -7.09975 4.49278
    endloop
  endfacet
  facet normal 0 0 -1
    outer loop
      vertex 7.2069 -7.12733 4.49278
      vertex 7.2069 -7.0148 4.49278
      vertex 7.21527 -7.04238 4.49278
    endloop
  endfacet
  facet normal 0 0 -1
    outer loop
      vertex 7.19331 -7.15275 4.49278
      vertex 7.2069 -7.0148 4.49278
      vertex 7.2069 -7.12733 4.49278
    endloop
  endfacet
  facet normal 0 0 -1
    outer loop
      vertex 7.19331 -7.15275 4.49278
      vertex 7.19331 -6.98938 4.49278
      vertex 7.2069 -7.0148 4.49278
    endloop
  endfacet
  facet normal 0 0 -1
    outer loop
      vertex 7.17503 -7.17503 4.49278
      vertex 7.19331 -6.98938 4.49278
      vertex 7.19331 -7.15275 4.49278
    endloop
  endfacet
  facet normal 0 0 -1
    outer loop
      vertex 7.17503 -7.17503 4.49278
      vertex 7.17503 -6.9671 4.49278
      vertex 7.19331 -6.98938 4.49278
    endloop
  endfacet
  facet normal 0 0 -1
    outer loop
      vertex 7.15275 -7.19331 4.49278
      vertex 7.17503 -6.9671 4.49278
      vertex 7.17503 -7.17503 4.49278
    endloop
  endfacet
  facet normal 0 0 -1
    outer loop
      vertex 7.15275 -7.19331 4.49278
      vertex 7.15275 -6.94882 4.49278
      vertex 7.17503 -6.9671 4.49278
    endloop
  endfacet
  facet normal 0 0 -1
    outer loop
      vertex 7.12733 -7.2069 4.49278
      vertex 7.15275 -6.94882 4.49278
      vertex 7.15275 -7.19331 4.49278
    endloop
  endfacet
  facet normal 0 0 -1
    outer loop
      vertex 7.12733 -7.2069 4.49278
      vertex 7.12733 -6.93523 4.49278
      vertex 7.15275 -6.94882 4.49278
    endloop
  endfacet
  facet normal 0 0 -1
    outer loop
      vertex 7.09975 -7.21527 4.49278
      vertex 7.12733 -6.93523 4.49278
      vertex 7.12733 -7.2069 4.49278
    endloop
  endfacet
  facet normal 0 0 -1
    outer loop
      vertex 7.09975 -7.21527 4.49278
      vertex 7.09975 -6.92687 4.49278
      vertex 7.12733 -6.93523 4.49278
    endloop
  endfacet
  facet normal 0 0 -1
    outer loop
      vertex 7.07107 -7.21809 4.49278
      vertex 7.09975 -6.92687 4.49278
      vertex 7.09975 -7.21527 4.49278
    endloop
  endfacet
  facet normal 0 0 -1
    outer loop
      vertex 7.07107 -7.21809 4.49278
      vertex 7.07107 -6.92404 4.49278
      vertex 7.09975 -6.92687 4.49278
    endloop
  endfacet
  facet normal 0 0 -1
    outer loop
      vertex 7.04238 -7.21527 4.49278
      vertex 7.07107 -6.92404 4.49278
      vertex 7.07107 -7.21809 4.49278
    endloop
  endfacet
  facet normal 0 0 -1
    outer loop
      vertex 7.04238 -7.21527 4.49278
      vertex 7.04238 -6.92687 4.49278
      vertex 7.07107 -6.92404 4.49278
    endloop
  endfacet
  facet normal 0 0 -1
    outer loop
      vertex 7.0148 -7.2069 4.49278
      vertex 7.04238 -6.92687 4.49278
      vertex 7.04238 -7.21527 4.49278
    endloop
  endfacet
  facet normal 0 0 -1
    outer loop
      vertex 7.0148 -7.2069 4.49278
      vertex 7.0148 -6.93523 4.49278
      vertex 7.04238 -6.92687 4.49278
    endloop
  endfacet
  facet normal 0 0 -1
    outer loop
      vertex 6.98938 -7.19331 4.49278
      vertex 7.0148 -6.93523 4.49278
      vertex 7.0148 -7.2069 4.49278
    endloop
  endfacet
  facet normal 0 0 -1
    outer loop
      vertex 6.98938 -7.19331 4.49278
      vertex 6.98938 -6.94882 4.49278
      vertex 7.0148 -6.93523 4.49278
    endloop
  endfacet
  facet normal 0 0 -1
    outer loop
      vertex 6.9671 -7.17503 4.49278
      vertex 6.98938 -6.94882 4.49278
      vertex 6.98938 -7.19331 4.49278
    endloop
  endfacet
  facet normal 0 0 -1
    outer loop
      vertex 6.9671 -7.17503 4.49278
      vertex 6.9671 -6.9671 4.49278
      vertex 6.98938 -6.94882 4.49278
    endloop
  endfacet
  facet normal 0 0 -1
    outer loop
      vertex 6.94882 -7.15275 4.49278
      vertex 6.9671 -6.9671 4.49278
      vertex 6.9671 -7.17503 4.49278
    endloop
  endfacet
  facet normal 0 0 -1
    outer loop
      vertex 6.94882 -7.15275 4.49278
      vertex 6.94882 -6.98938 4.49278
      vertex 6.9671 -6.9671 4.49278
    endloop
  endfacet
  facet normal 0 0 -1
    outer loop
      vertex 6.93523 -7.12733 4.49278
      vertex 6.94882 -6.98938 4.49278
      vertex 6.94882 -7.15275 4.49278
    endloop
  endfacet
  facet normal 0 0 -1
    outer loop
      vertex 6.93523 -7.12733 4.49278
      vertex 6.93523 -7.0148 4.49278
      vertex 6.94882 -6.98938 4.49278
    endloop
  endfacet
  facet normal 0 0 -1
    outer loop
      vertex 6.92687 -7.09975 4.49278
      vertex 6.93523 -7.0148 4.49278
      vertex 6.93523 -7.12733 4.49278
    endloop
  endfacet
  facet normal 0 0 -1
    outer loop
      vertex 6.92687 -7.09975 4.49278
      vertex 6.92687 -7.04238 4.49278
      vertex 6.93523 -7.0148 4.49278
    endloop
  endfacet
  facet normal 0 -0 -1
    outer loop
      vertex 6.92687 -7.04238 4.49278
      vertex 6.92687 -7.09975 4.49278
      vertex 6.92404 -7.07107 4.49278
    endloop
  endfacet
  facet normal 0.0376454 0.382414 -0.923224
    outer loop
      vertex 7.07107 -7.50649 4.43541
      vertex 7.07107 -7.77816 4.32288
      vertex 6.93312 -7.76458 4.32288
    endloop
  endfacet
  facet normal -0.382414 -0.0376454 -0.923224
    outer loop
      vertex 7.76458 -6.93312 4.32288
      vertex 7.77816 -7.07107 4.32288
      vertex 7.50649 -7.07107 4.43541
    endloop
  endfacet
  facet normal 0.243754 0.297051 -0.923225
    outer loop
      vertex 6.76317 -7.37896 4.43541
      vertex 6.82916 -7.43311 4.43541
      vertex 6.67823 -7.659 4.32288
    endloop
  endfacet
  facet normal 0.124338 -0.151525 -0.980602
    outer loop
      vertex 6.82916 -6.70902 4.43541
      vertex 6.98938 -6.94882 4.49278
      vertex 6.76317 -6.76317 4.43541
    endloop
  endfacet
  facet normal -0.0376343 0.38242 -0.923222
    outer loop
      vertex 7.15602 -7.49813 4.43541
      vertex 7.20901 -7.76458 4.32288
      vertex 7.07107 -7.50649 4.43541
    endloop
  endfacet
  facet normal 0.195064 -0.0192194 -0.980602
    outer loop
      vertex 6.64401 -6.98612 4.43541
      vertex 6.92687 -7.04238 4.49278
      vertex 6.63564 -7.07107 4.43541
    endloop
  endfacet
  facet normal -0.243777 0.297035 -0.923224
    outer loop
      vertex 7.37896 -7.37896 4.43541
      vertex 7.46391 -7.659 4.32288
      vertex 7.31298 -7.43311 4.43541
    endloop
  endfacet
  facet normal -0.353632 0.430881 -0.830232
    outer loop
      vertex 7.57106 -7.57106 4.32288
      vertex 7.74394 -7.74394 4.15952
      vertex 7.46391 -7.659 4.32288
    endloop
  endfacet
  facet normal 0.262742 0.491599 -0.830239
    outer loop
      vertex 6.67823 -7.659 4.32288
      vertex 6.70691 -7.95022 4.15952
      vertex 6.54239 -7.86229 4.15952
    endloop
  endfacet
  facet normal 0.43581 0.815369 -0.381108
    outer loop
      vertex 6.56482 -8.29325 3.70709
      vertex 6.52176 -8.39721 3.43543
      vertex 6.2736 -8.26457 3.43543
    endloop
  endfacet
  facet normal 0.758305 0.622306 -0.194189
    outer loop
      vertex 5.87757 -7.86854 3.43543
      vertex 6.01551 -8.12662 3.14703
      vertex 5.82987 -7.90041 3.14703
    endloop
  endfacet
  facet normal 0.865132 0.462424 0.19419
    outer loop
      vertex 5.82987 -7.90041 2.85297
      vertex 5.87757 -7.86854 2.56457
      vertex 5.74492 -7.62037 2.56457
    endloop
  endfacet
  facet normal 0.758305 0.622306 0.194189
    outer loop
      vertex 6.01551 -8.12662 2.85297
      vertex 5.87757 -7.86854 2.56457
      vertex 5.82987 -7.90041 2.85297
    endloop
  endfacet
  facet normal 0.920091 0.0905901 0.381086
    outer loop
      vertex 5.7736 -7.32915 2.2929
      vertex 5.74819 -7.07107 2.2929
      vertex 5.66324 -7.3511 2.56457
    endloop
  endfacet
  facet normal 0.714679 0.586508 0.381107
    outer loop
      vertex 6.05608 -8.08606 2.56457
      vertex 6.13565 -8.00649 2.2929
      vertex 5.87757 -7.86854 2.56457
    endloop
  endfacet
  facet normal 0.938721 0.28476 -0.194203
    outer loop
      vertex 5.66324 -7.3511 3.43543
      vertex 5.69192 -7.64233 3.14703
      vertex 5.60697 -7.36229 3.14703
    endloop
  endfacet
  facet normal 0.976238 0.0961421 -0.194205
    outer loop
      vertex 5.66324 -7.3511 3.43543
      vertex 5.60697 -7.36229 3.14703
      vertex 5.57829 -7.07107 3.14703
    endloop
  endfacet
  facet normal 0.865132 0.462424 -0.19419
    outer loop
      vertex 5.87757 -7.86854 3.43543
      vertex 5.82987 -7.90041 3.14703
      vertex 5.74492 -7.62037 3.43543
    endloop
  endfacet
  facet normal 0.6783 0.205757 -0.705389
    outer loop
      vertex 6.19191 -7.43523 4.15952
      vertex 5.99981 -7.51479 3.95159
      vertex 5.93383 -7.29728 3.95159
    endloop
  endfacet
  facet normal 0.382414 -0.0376731 -0.923223
    outer loop
      vertex 6.37756 -6.93312 4.32288
      vertex 6.63564 -7.07107 4.43541
      vertex 6.36397 -7.07107 4.32288
    endloop
  endfacet
  facet normal 0.625119 0.334154 -0.705385
    outer loop
      vertex 6.19191 -7.43523 4.15952
      vertex 6.10697 -7.71526 3.95159
      vertex 5.99981 -7.51479 3.95159
    endloop
  endfacet
  facet normal 0.920073 -0.0906143 -0.381123
    outer loop
      vertex 5.66324 -6.79103 3.43543
      vertex 5.74819 -7.07107 3.70709
      vertex 5.63566 -7.07107 3.43543
    endloop
  endfacet
  facet normal 0.976239 -0.0961458 -0.194198
    outer loop
      vertex 5.66324 -6.79103 3.43543
      vertex 5.63566 -7.07107 3.43543
      vertex 5.57829 -7.07107 3.14703
    endloop
  endfacet
  facet normal 0.714664 -0.586534 -0.381095
    outer loop
      vertex 6.13565 -6.13565 3.70709
      vertex 5.97113 -6.33611 3.70709
      vertex 5.87757 -6.2736 3.43543
    endloop
  endfacet
  facet normal 0.815364 -0.435828 -0.381098
    outer loop
      vertex 5.87757 -6.2736 3.43543
      vertex 5.97113 -6.33611 3.70709
      vertex 5.84888 -6.56482 3.70709
    endloop
  endfacet
  facet normal 0.172853 0.0924106 0.980603
    outer loop
      vertex 6.94882 -7.15275 1.50722
      vertex 6.93523 -7.12733 1.50722
      vertex 6.70902 -7.31298 1.56459
    endloop
  endfacet
  facet normal 0.334147 -0.625129 0.705379
    outer loop
      vertex 6.54239 -6.27985 1.84048
      vertex 6.70691 -6.19191 1.84048
      vertex 6.42688 -6.10697 2.04841
    endloop
  endfacet
  facet normal -0.533418 -0.161809 0.830231
    outer loop
      vertex 8.00437 -6.88542 1.84048
      vertex 7.95022 -6.70691 1.84048
      vertex 7.76458 -6.93312 1.67712
    endloop
  endfacet
  facet normal -0.195069 -0.0191969 0.980602
    outer loop
      vertex 7.50649 -7.07107 1.56459
      vertex 7.49813 -6.98612 1.56459
      vertex 7.21527 -7.04238 1.50722
    endloop
  endfacet
  facet normal -0.491598 0.262749 0.830238
    outer loop
      vertex 7.95022 -7.43523 1.84048
      vertex 7.72434 -7.34166 1.67712
      vertex 7.659 -7.46391 1.67712
    endloop
  endfacet
  facet normal -0.382414 0.0376481 0.923224
    outer loop
      vertex 7.76458 -7.20901 1.67712
      vertex 7.77816 -7.07107 1.67712
      vertex 7.50649 -7.07107 1.56459
    endloop
  endfacet
  facet normal -0.243777 0.297035 0.923224
    outer loop
      vertex 7.46391 -7.659 1.67712
      vertex 7.37896 -7.37896 1.56459
      vertex 7.31298 -7.43311 1.56459
    endloop
  endfacet
  facet normal -0.62513 0.33413 0.705387
    outer loop
      vertex 8.03517 -7.71526 2.04841
      vertex 7.95022 -7.43523 1.84048
      vertex 7.86229 -7.59974 1.84048
    endloop
  endfacet
  facet normal -0.884717 0.268381 0.381114
    outer loop
      vertex 8.4789 -7.3511 2.56457
      vertex 8.36853 -7.32915 2.2929
      vertex 8.29325 -7.57731 2.2929
    endloop
  endfacet
  facet normal -0.705415 -0.0694781 0.705381
    outer loop
      vertex 8.23058 -7.07107 2.04841
      vertex 8.2083 -6.84486 2.04841
      vertex 8.02266 -7.07107 1.84048
    endloop
  endfacet
  facet normal -0.828685 -0.0816193 0.553733
    outer loop
      vertex 8.23058 -7.07107 2.04841
      vertex 8.39395 -7.07107 2.2929
      vertex 8.2083 -6.84486 2.04841
    endloop
  endfacet
  facet normal -0.884718 0.268402 0.381097
    outer loop
      vertex 8.39721 -7.62037 2.56457
      vertex 8.4789 -7.3511 2.56457
      vertex 8.29325 -7.57731 2.2929
    endloop
  endfacet
  facet normal -0.528241 0.643708 0.553716
    outer loop
      vertex 7.80602 -8.171 2.2929
      vertex 8.00649 -8.00649 2.2929
      vertex 7.71526 -8.03517 2.04841
    endloop
  endfacet
  facet normal -0.0906179 0.920078 0.381111
    outer loop
      vertex 7.3511 -8.4789 2.56457
      vertex 7.07107 -8.39395 2.2929
      vertex 7.07107 -8.50648 2.56457
    endloop
  endfacet
  facet normal -0.471379 0.881931 0
    outer loop
      vertex 7.90041 -8.31227 2.85297
      vertex 7.64233 -8.45021 3.14703
      vertex 7.90041 -8.31227 3.14703
    endloop
  endfacet
  facet normal -0.471379 0.881931 0
    outer loop
      vertex 7.64233 -8.45021 3.14703
      vertex 7.90041 -8.31227 2.85297
      vertex 7.64233 -8.45021 2.85297
    endloop
  endfacet
  facet normal -0.161801 0.53342 0.830231
    outer loop
      vertex 7.25671 -8.00437 1.84048
      vertex 7.43523 -7.95022 1.84048
      vertex 7.20901 -7.76458 1.67712
    endloop
  endfacet
  facet normal -0.241717 0.796845 0.553724
    outer loop
      vertex 7.57731 -8.29325 2.2929
      vertex 7.51479 -8.14232 2.04841
      vertex 7.29728 -8.2083 2.04841
    endloop
  endfacet
  facet normal -0.435798 0.815381 0.381096
    outer loop
      vertex 7.62037 -8.39721 2.56457
      vertex 7.86854 -8.26457 2.56457
      vertex 7.57731 -8.29325 2.2929
    endloop
  endfacet
  facet normal -0.268402 0.884718 0.381097
    outer loop
      vertex 7.62037 -8.39721 2.56457
      vertex 7.57731 -8.29325 2.2929
      vertex 7.3511 -8.4789 2.56457
    endloop
  endfacet
  facet normal -0.758289 0.622326 -0.194188
    outer loop
      vertex 8.26457 -7.86854 3.43543
      vertex 8.31227 -7.90041 3.14703
      vertex 8.12662 -8.12662 3.14703
    endloop
  endfacet
  facet normal -0.758306 0.622311 0.194167
    outer loop
      vertex 8.12662 -8.12662 2.85297
      vertex 8.26457 -7.86854 2.56457
      vertex 8.08606 -8.08606 2.56457
    endloop
  endfacet
  facet normal -0.920075 0.0906242 0.381116
    outer loop
      vertex 8.4789 -7.3511 2.56457
      vertex 8.39395 -7.07107 2.2929
      vertex 8.36853 -7.32915 2.2929
    endloop
  endfacet
  facet normal -0.491598 0.262757 -0.830235
    outer loop
      vertex 7.95022 -7.43523 4.15952
      vertex 7.86229 -7.59974 4.15952
      vertex 7.659 -7.46391 4.32288
    endloop
  endfacet
  facet normal -0.430876 0.353635 -0.830234
    outer loop
      vertex 7.86229 -7.59974 4.15952
      vertex 7.74394 -7.74394 4.15952
      vertex 7.659 -7.46391 4.32288
    endloop
  endfacet
  facet normal -0.462397 0.865147 -0.194189
    outer loop
      vertex 7.86854 -8.26457 3.43543
      vertex 7.90041 -8.31227 3.14703
      vertex 7.62037 -8.39721 3.43543
    endloop
  endfacet
  facet normal -0.622326 0.758289 -0.194188
    outer loop
      vertex 8.12662 -8.12662 3.14703
      vertex 7.90041 -8.31227 3.14703
      vertex 7.86854 -8.26457 3.43543
    endloop
  endfacet
  facet normal -0.643716 0.528247 -0.5537
    outer loop
      vertex 8.03517 -7.71526 3.95159
      vertex 8.171 -7.80602 3.70709
      vertex 8.00649 -8.00649 3.70709
    endloop
  endfacet
  facet normal -0.643692 0.528259 -0.553717
    outer loop
      vertex 8.03517 -7.71526 3.95159
      vertex 8.00649 -8.00649 3.70709
      vertex 7.89097 -7.89097 3.95159
    endloop
  endfacet
  facet normal -0.449661 0.547919 -0.705401
    outer loop
      vertex 7.74394 -7.74394 4.15952
      vertex 7.89097 -7.89097 3.95159
      vertex 7.71526 -8.03517 3.95159
    endloop
  endfacet
  facet normal -0.353635 0.430876 -0.830234
    outer loop
      vertex 7.74394 -7.74394 4.15952
      vertex 7.59974 -7.86229 4.15952
      vertex 7.46391 -7.659 4.32288
    endloop
  endfacet
  facet normal -0.435796 0.815376 -0.381108
    outer loop
      vertex 7.86854 -8.26457 3.43543
      vertex 7.62037 -8.39721 3.43543
      vertex 7.57731 -8.29325 3.70709
    endloop
  endfacet
  facet normal -0.334129 0.625131 -0.705386
    outer loop
      vertex 7.71526 -8.03517 3.95159
      vertex 7.51479 -8.14232 3.95159
      vertex 7.43523 -7.95022 4.15952
    endloop
  endfacet
  facet normal -0.24172 0.796855 -0.553708
    outer loop
      vertex 7.51479 -8.14232 3.95159
      vertex 7.57731 -8.29325 3.70709
      vertex 7.29728 -8.2083 3.95159
    endloop
  endfacet
  facet normal -0.0906175 0.920073 -0.381123
    outer loop
      vertex 7.07107 -8.39395 3.70709
      vertex 7.3511 -8.4789 3.43543
      vertex 7.07107 -8.50648 3.43543
    endloop
  endfacet
  facet normal 0.449667 0.547927 -0.70539
    outer loop
      vertex 6.39819 -7.74394 4.15952
      vertex 6.42688 -8.03517 3.95159
      vertex 6.25117 -7.89097 3.95159
    endloop
  endfacet
  facet normal 0.0961395 0.976245 -0.194172
    outer loop
      vertex 6.79103 -8.4789 3.43543
      vertex 7.07107 -8.56384 3.14703
      vertex 6.77984 -8.53516 3.14703
    endloop
  endfacet
  facet normal -0.0961428 0.976245 0.194173
    outer loop
      vertex 7.36229 -8.53516 2.85297
      vertex 7.3511 -8.4789 2.56457
      vertex 7.07107 -8.56384 2.85297
    endloop
  endfacet
  facet normal -0.622326 0.758289 0.194188
    outer loop
      vertex 7.90041 -8.31227 2.85297
      vertex 8.12662 -8.12662 2.85297
      vertex 7.86854 -8.26457 2.56457
    endloop
  endfacet
  facet normal -0.0980081 0.995186 0
    outer loop
      vertex 7.36229 -8.53516 2.85297
      vertex 7.07107 -8.56384 3.14703
      vertex 7.36229 -8.53516 3.14703
    endloop
  endfacet
  facet normal -0.0980081 0.995186 0
    outer loop
      vertex 7.07107 -8.56384 3.14703
      vertex 7.36229 -8.53516 2.85297
      vertex 7.07107 -8.56384 2.85297
    endloop
  endfacet
  facet normal 0.586506 0.714674 -0.381118
    outer loop
      vertex 6.33611 -8.171 3.70709
      vertex 6.2736 -8.26457 3.43543
      vertex 6.13565 -8.00649 3.70709
    endloop
  endfacet
  facet normal 0.46241 0.865137 -0.194205
    outer loop
      vertex 6.2736 -8.26457 3.43543
      vertex 6.52176 -8.39721 3.43543
      vertex 6.24172 -8.31227 3.14703
    endloop
  endfacet
  facet normal -0.678298 0.205746 -0.705394
    outer loop
      vertex 8.00437 -7.25671 4.15952
      vertex 8.2083 -7.29728 3.95159
      vertex 7.95022 -7.43523 4.15952
    endloop
  endfacet
  facet normal -0.734389 0.392527 -0.55371
    outer loop
      vertex 8.14232 -7.51479 3.95159
      vertex 8.29325 -7.57731 3.70709
      vertex 8.03517 -7.71526 3.95159
    endloop
  endfacet
  facet normal -0.554718 0.0546113 -0.830244
    outer loop
      vertex 7.77816 -7.07107 4.32288
      vertex 8.02266 -7.07107 4.15952
      vertex 7.76458 -7.20901 4.32288
    endloop
  endfacet
  facet normal -0.297051 -0.243754 -0.923225
    outer loop
      vertex 7.659 -6.67823 4.32288
      vertex 7.43311 -6.82916 4.43541
      vertex 7.37896 -6.76317 4.43541
    endloop
  endfacet
  facet normal -0.554719 -0.0546073 -0.830244
    outer loop
      vertex 8.02266 -7.07107 4.15952
      vertex 7.77816 -7.07107 4.32288
      vertex 7.76458 -6.93312 4.32288
    endloop
  endfacet
  facet normal -0.643696 -0.528257 -0.553714
    outer loop
      vertex 8.171 -6.33611 3.70709
      vertex 8.03517 -6.42688 3.95159
      vertex 8.00649 -6.13565 3.70709
    endloop
  endfacet
  facet normal -0.338886 -0.181142 -0.923225
    outer loop
      vertex 7.659 -6.67823 4.32288
      vertex 7.72434 -6.80047 4.32288
      vertex 7.47335 -6.90444 4.43541
    endloop
  endfacet
  facet normal -0.161808 -0.533395 -0.830246
    outer loop
      vertex 7.43523 -6.19191 4.15952
      vertex 7.34166 -6.4178 4.32288
      vertex 7.20901 -6.37756 4.32288
    endloop
  endfacet
  facet normal -0.705404 -0.0694955 -0.70539
    outer loop
      vertex 8.2083 -6.84486 3.95159
      vertex 8.02266 -7.07107 4.15952
      vertex 8.00437 -6.88542 4.15952
    endloop
  endfacet
  facet normal -0.625117 -0.334138 -0.705393
    outer loop
      vertex 8.03517 -6.42688 3.95159
      vertex 8.14232 -6.62734 3.95159
      vertex 7.95022 -6.70691 4.15952
    endloop
  endfacet
  facet normal -0.815355 -0.435823 -0.381124
    outer loop
      vertex 8.26457 -6.2736 3.43543
      vertex 8.29325 -6.56482 3.70709
      vertex 8.171 -6.33611 3.70709
    endloop
  endfacet
  facet normal -0.678298 -0.205747 -0.705393
    outer loop
      vertex 8.14232 -6.62734 3.95159
      vertex 8.2083 -6.84486 3.95159
      vertex 7.95022 -6.70691 4.15952
    endloop
  endfacet
  facet normal -0.705402 0.069499 -0.705392
    outer loop
      vertex 8.02266 -7.07107 4.15952
      vertex 8.2083 -7.29728 3.95159
      vertex 8.00437 -7.25671 4.15952
    endloop
  endfacet
  facet normal -0.533409 0.161812 -0.830236
    outer loop
      vertex 7.76458 -7.20901 4.32288
      vertex 7.95022 -7.43523 4.15952
      vertex 7.72434 -7.34166 4.32288
    endloop
  endfacet
  facet normal -0.938727 0.284762 -0.194172
    outer loop
      vertex 8.4789 -7.3511 3.43543
      vertex 8.53516 -7.36229 3.14703
      vertex 8.45021 -7.64233 3.14703
    endloop
  endfacet
  facet normal -0.884713 0.268401 -0.381109
    outer loop
      vertex 8.4789 -7.3511 3.43543
      vertex 8.39721 -7.62037 3.43543
      vertex 8.29325 -7.57731 3.70709
    endloop
  endfacet
  facet normal 0.28477 -0.938718 -0.194203
    outer loop
      vertex 6.77984 -5.60697 3.14703
      vertex 6.79103 -5.66324 3.43543
      vertex 6.49981 -5.69192 3.14703
    endloop
  endfacet
  facet normal -0.435822 -0.815363 -0.381107
    outer loop
      vertex 7.62037 -5.74492 3.43543
      vertex 7.86854 -5.87757 3.43543
      vertex 7.57731 -5.84888 3.70709
    endloop
  endfacet
  facet normal -0.161796 -0.533405 -0.830241
    outer loop
      vertex 7.25671 -6.13776 4.15952
      vertex 7.43523 -6.19191 4.15952
      vertex 7.20901 -6.37756 4.32288
    endloop
  endfacet
  facet normal -0.081592 -0.8287 -0.553714
    outer loop
      vertex 7.32915 -5.7736 3.70709
      vertex 7.29728 -5.93383 3.95159
      vertex 7.07107 -5.74819 3.70709
    endloop
  endfacet
  facet normal -0.392556 -0.734375 -0.553709
    outer loop
      vertex 7.57731 -5.84888 3.70709
      vertex 7.71526 -6.10697 3.95159
      vertex 7.51479 -5.99981 3.95159
    endloop
  endfacet
  facet normal -0.0546236 -0.554723 -0.83024
    outer loop
      vertex 7.25671 -6.13776 4.15952
      vertex 7.20901 -6.37756 4.32288
      vertex 7.07107 -6.11948 4.15952
    endloop
  endfacet
  facet normal -0.205757 -0.6783 -0.705389
    outer loop
      vertex 7.51479 -5.99981 3.95159
      vertex 7.43523 -6.19191 4.15952
      vertex 7.29728 -5.93383 3.95159
    endloop
  endfacet
  facet normal 0.0816218 -0.82871 -0.553694
    outer loop
      vertex 7.07107 -5.74819 3.70709
      vertex 7.07107 -5.91155 3.95159
      vertex 6.84486 -5.93383 3.95159
    endloop
  endfacet
  facet normal 0.268371 -0.884723 -0.381108
    outer loop
      vertex 6.79103 -5.66324 3.43543
      vertex 6.56482 -5.84888 3.70709
      vertex 6.52176 -5.74492 3.43543
    endloop
  endfacet
  facet normal -0.297039 -0.243786 0.923221
    outer loop
      vertex 7.659 -6.67823 1.67712
      vertex 7.57106 -6.57108 1.67712
      vertex 7.37896 -6.76317 1.56459
    endloop
  endfacet
  facet normal -0.430874 -0.353626 0.830239
    outer loop
      vertex 7.659 -6.67823 1.67712
      vertex 7.74394 -6.39819 1.84048
      vertex 7.57106 -6.57108 1.67712
    endloop
  endfacet
  facet normal -0.262742 -0.491586 0.830247
    outer loop
      vertex 7.46391 -6.48314 1.67712
      vertex 7.43523 -6.19191 1.84048
      vertex 7.34166 -6.4178 1.67712
    endloop
  endfacet
  facet normal -0.26278 -0.491584 0.830236
    outer loop
      vertex 7.46391 -6.48314 1.67712
      vertex 7.59974 -6.27985 1.84048
      vertex 7.43523 -6.19191 1.84048
    endloop
  endfacet
  facet normal -0.758285 -0.622323 -0.194209
    outer loop
      vertex 8.31227 -6.24172 3.14703
      vertex 8.26457 -6.2736 3.43543
      vertex 8.12662 -6.01551 3.14703
    endloop
  endfacet
  facet normal -0.865151 -0.462393 -0.194183
    outer loop
      vertex 8.45021 -6.49981 3.14703
      vertex 8.39721 -6.52176 3.43543
      vertex 8.31227 -6.24172 3.14703
    endloop
  endfacet
  facet normal 0.392535 -0.73437 -0.553731
    outer loop
      vertex 6.56482 -5.84888 3.70709
      vertex 6.42688 -6.10697 3.95159
      vertex 6.33611 -5.97113 3.70709
    endloop
  endfacet
  facet normal 0.392571 -0.734367 -0.553708
    outer loop
      vertex 6.56482 -5.84888 3.70709
      vertex 6.62734 -5.99981 3.95159
      vertex 6.42688 -6.10697 3.95159
    endloop
  endfacet
  facet normal 0.471391 -0.881924 0
    outer loop
      vertex 6.24172 -5.82987 2.85297
      vertex 6.49981 -5.69192 3.14703
      vertex 6.24172 -5.82987 3.14703
    endloop
  endfacet
  facet normal 0.471391 -0.881924 0
    outer loop
      vertex 6.49981 -5.69192 3.14703
      vertex 6.24172 -5.82987 2.85297
      vertex 6.49981 -5.69192 2.85297
    endloop
  endfacet
  facet normal 0.586534 -0.714664 -0.381095
    outer loop
      vertex 6.2736 -5.87757 3.43543
      vertex 6.33611 -5.97113 3.70709
      vertex 6.13565 -6.13565 3.70709
    endloop
  endfacet
  facet normal 0.435828 -0.815364 -0.381098
    outer loop
      vertex 6.56482 -5.84888 3.70709
      vertex 6.33611 -5.97113 3.70709
      vertex 6.2736 -5.87757 3.43543
    endloop
  endfacet
  facet normal 0.0694955 0.705404 0.70539
    outer loop
      vertex 7.07107 -8.02266 1.84048
      vertex 6.88542 -8.00437 1.84048
      vertex 6.84486 -8.2083 2.04841
    endloop
  endfacet
  facet normal 0.26837 0.884716 0.381123
    outer loop
      vertex 6.79103 -8.4789 2.56457
      vertex 6.81299 -8.36853 2.2929
      vertex 6.56482 -8.29325 2.2929
    endloop
  endfacet
  facet normal 0.187576 0.0568578 0.980603
    outer loop
      vertex 6.93523 -7.12733 1.50722
      vertex 6.92687 -7.09975 1.50722
      vertex 6.64401 -7.15602 1.56459
    endloop
  endfacet
  facet normal 0.491586 0.262742 0.830247
    outer loop
      vertex 6.48314 -7.46391 1.67712
      vertex 6.4178 -7.34166 1.67712
      vertex 6.19191 -7.43523 1.84048
    endloop
  endfacet
  facet normal 0.187571 0.0569052 0.980601
    outer loop
      vertex 6.66879 -7.2377 1.56459
      vertex 6.93523 -7.12733 1.50722
      vertex 6.64401 -7.15602 1.56459
    endloop
  endfacet
  facet normal 0.533399 -0.161809 0.830243
    outer loop
      vertex 6.37756 -6.93312 1.67712
      vertex 6.4178 -6.80047 1.67712
      vertex 6.19191 -6.70691 1.84048
    endloop
  endfacet
  facet normal 0.449697 0.54792 0.705377
    outer loop
      vertex 6.42688 -8.03517 2.04841
      vertex 6.54239 -7.86229 1.84048
      vertex 6.39819 -7.74394 1.84048
    endloop
  endfacet
  facet normal 0.262742 0.491599 0.830239
    outer loop
      vertex 6.70691 -7.95022 1.84048
      vertex 6.67823 -7.659 1.67712
      vertex 6.54239 -7.86229 1.84048
    endloop
  endfacet
  facet normal 0.0546489 -0.554733 0.830232
    outer loop
      vertex 7.07107 -6.36397 1.67712
      vertex 7.07107 -6.11948 1.84048
      vertex 6.93312 -6.37756 1.67712
    endloop
  endfacet
  facet normal -0.0546529 -0.554733 0.830232
    outer loop
      vertex 7.20901 -6.37756 1.67712
      vertex 7.07107 -6.11948 1.84048
      vertex 7.07107 -6.36397 1.67712
    endloop
  endfacet
  facet normal 0.205747 -0.678298 0.705393
    outer loop
      vertex 6.70691 -6.19191 1.84048
      vertex 6.84486 -5.93383 2.04841
      vertex 6.62734 -5.99981 2.04841
    endloop
  endfacet
  facet normal 0.449676 -0.547937 0.705377
    outer loop
      vertex 6.39819 -6.39819 1.84048
      vertex 6.42688 -6.10697 2.04841
      vertex 6.25117 -6.25117 2.04841
    endloop
  endfacet
  facet normal 0.43583 -0.815368 0.381086
    outer loop
      vertex 6.33611 -5.97113 2.2929
      vertex 6.56482 -5.84888 2.2929
      vertex 6.2736 -5.87757 2.56457
    endloop
  endfacet
  facet normal 0.586537 -0.714668 0.381083
    outer loop
      vertex 6.33611 -5.97113 2.2929
      vertex 6.2736 -5.87757 2.56457
      vertex 6.13565 -6.13565 2.2929
    endloop
  endfacet
  facet normal -0.625146 -0.334118 -0.705378
    outer loop
      vertex 8.03517 -6.42688 3.95159
      vertex 7.95022 -6.70691 4.15952
      vertex 7.86229 -6.54239 4.15952
    endloop
  endfacet
  facet normal -0.828696 -0.0816237 -0.553715
    outer loop
      vertex 8.36853 -6.81299 3.70709
      vertex 8.39395 -7.07107 3.70709
      vertex 8.2083 -6.84486 3.95159
    endloop
  endfacet
  facet normal -0.881931 0.471379 0
    outer loop
      vertex 8.31227 -7.90041 2.85297
      vertex 8.45021 -7.64233 3.14703
      vertex 8.45021 -7.64233 2.85297
    endloop
  endfacet
  facet normal -0.881931 0.471379 0
    outer loop
      vertex 8.45021 -7.64233 3.14703
      vertex 8.31227 -7.90041 2.85297
      vertex 8.31227 -7.90041 3.14703
    endloop
  endfacet
  facet normal -0.976245 -0.0961395 -0.194172
    outer loop
      vertex 8.53516 -6.77984 3.14703
      vertex 8.56384 -7.07107 3.14703
      vertex 8.4789 -6.79103 3.43543
    endloop
  endfacet
  facet normal -0.920078 -0.0906147 0.381111
    outer loop
      vertex 8.50648 -7.07107 2.56457
      vertex 8.4789 -6.79103 2.56457
      vertex 8.39395 -7.07107 2.2929
    endloop
  endfacet
  facet normal -0.976246 -0.0961465 0.194166
    outer loop
      vertex 8.50648 -7.07107 2.56457
      vertex 8.56384 -7.07107 2.85297
      vertex 8.4789 -6.79103 2.56457
    endloop
  endfacet
  facet normal -0.920073 -0.0906143 -0.381123
    outer loop
      vertex 8.4789 -6.79103 3.43543
      vertex 8.50648 -7.07107 3.43543
      vertex 8.39395 -7.07107 3.70709
    endloop
  endfacet
  facet normal -0.634382 -0.77302 0
    outer loop
      vertex 7.90041 -5.82987 2.85297
      vertex 8.12662 -6.01551 3.14703
      vertex 7.90041 -5.82987 3.14703
    endloop
  endfacet
  facet normal -0.634382 -0.77302 -0
    outer loop
      vertex 8.12662 -6.01551 3.14703
      vertex 7.90041 -5.82987 2.85297
      vertex 8.12662 -6.01551 2.85297
    endloop
  endfacet
  facet normal -0.625117 -0.334138 0.705393
    outer loop
      vertex 8.14232 -6.62734 2.04841
      vertex 8.03517 -6.42688 2.04841
      vertex 7.95022 -6.70691 1.84048
    endloop
  endfacet
  facet normal -0.734372 -0.392537 0.553725
    outer loop
      vertex 8.14232 -6.62734 2.04841
      vertex 8.29325 -6.56482 2.2929
      vertex 8.03517 -6.42688 2.04841
    endloop
  endfacet
  facet normal -0.625146 -0.334118 0.705378
    outer loop
      vertex 7.95022 -6.70691 1.84048
      vertex 8.03517 -6.42688 2.04841
      vertex 7.86229 -6.54239 1.84048
    endloop
  endfacet
  facet normal -0.491599 -0.262742 0.830239
    outer loop
      vertex 7.95022 -6.70691 1.84048
      vertex 7.86229 -6.54239 1.84048
      vertex 7.659 -6.67823 1.67712
    endloop
  endfacet
  facet normal -0.0816208 -0.8287 0.55371
    outer loop
      vertex 7.29728 -5.93383 2.04841
      vertex 7.07107 -5.74819 2.2929
      vertex 7.07107 -5.91155 2.04841
    endloop
  endfacet
  facet normal -0.161796 -0.533405 0.830241
    outer loop
      vertex 7.43523 -6.19191 1.84048
      vertex 7.25671 -6.13776 1.84048
      vertex 7.20901 -6.37756 1.67712
    endloop
  endfacet
  facet normal -0.284752 -0.938725 0.194194
    outer loop
      vertex 7.62037 -5.74492 2.56457
      vertex 7.64233 -5.69192 2.85297
      vertex 7.3511 -5.66324 2.56457
    endloop
  endfacet
  facet normal -0.462431 -0.865127 0.194198
    outer loop
      vertex 7.90041 -5.82987 2.85297
      vertex 7.64233 -5.69192 2.85297
      vertex 7.62037 -5.74492 2.56457
    endloop
  endfacet
  facet normal 0.0924121 -0.172856 -0.980602
    outer loop
      vertex 7.0148 -6.93523 4.49278
      vertex 6.98938 -6.94882 4.49278
      vertex 6.82916 -6.70902 4.43541
    endloop
  endfacet
  facet normal 0.338914 0.181117 -0.923219
    outer loop
      vertex 6.66879 -7.2377 4.43541
      vertex 6.70902 -7.31298 4.43541
      vertex 6.48314 -7.46391 4.32288
    endloop
  endfacet
  facet normal 0.35361 -0.430882 -0.830242
    outer loop
      vertex 6.54239 -6.27985 4.15952
      vertex 6.67823 -6.48314 4.32288
      vertex 6.39819 -6.39819 4.15952
    endloop
  endfacet
  facet normal 0.353618 -0.430864 -0.830247
    outer loop
      vertex 6.67823 -6.48314 4.32288
      vertex 6.57108 -6.57108 4.32288
      vertex 6.39819 -6.39819 4.15952
    endloop
  endfacet
  facet normal 0.0376784 -0.382411 -0.923224
    outer loop
      vertex 7.07107 -6.63564 4.43541
      vertex 6.98612 -6.64401 4.43541
      vertex 6.93312 -6.37756 4.32288
    endloop
  endfacet
  facet normal 0.0192194 -0.195064 -0.980602
    outer loop
      vertex 7.07107 -6.63564 4.43541
      vertex 7.04238 -6.92687 4.49278
      vertex 6.98612 -6.64401 4.43541
    endloop
  endfacet
  facet normal 0.334118 0.625146 0.705378
    outer loop
      vertex 6.70691 -7.95022 1.84048
      vertex 6.54239 -7.86229 1.84048
      vertex 6.42688 -8.03517 2.04841
    endloop
  endfacet
  facet normal 0.0816227 0.828686 0.553731
    outer loop
      vertex 7.07107 -8.39395 2.2929
      vertex 6.84486 -8.2083 2.04841
      vertex 6.81299 -8.36853 2.2929
    endloop
  endfacet
  facet normal 0.734366 0.392551 0.553724
    outer loop
      vertex 6.10697 -7.71526 2.04841
      vertex 5.99981 -7.51479 2.04841
      vertex 5.84888 -7.57731 2.2929
    endloop
  endfacet
  facet normal 0.353629 0.430868 0.830241
    outer loop
      vertex 6.54239 -7.86229 1.84048
      vertex 6.67823 -7.659 1.67712
      vertex 6.39819 -7.74394 1.84048
    endloop
  endfacet
  facet normal -0.205746 0.678298 0.705394
    outer loop
      vertex 7.29728 -8.2083 2.04841
      vertex 7.43523 -7.95022 1.84048
      vertex 7.25671 -8.00437 1.84048
    endloop
  endfacet
  facet normal -0.241723 0.79684 0.55373
    outer loop
      vertex 7.32915 -8.36853 2.2929
      vertex 7.57731 -8.29325 2.2929
      vertex 7.29728 -8.2083 2.04841
    endloop
  endfacet
  facet normal -0.161812 0.533409 0.830236
    outer loop
      vertex 7.43523 -7.95022 1.84048
      vertex 7.34166 -7.72434 1.67712
      vertex 7.20901 -7.76458 1.67712
    endloop
  endfacet
  facet normal -0.353635 0.430876 0.830234
    outer loop
      vertex 7.59974 -7.86229 1.84048
      vertex 7.74394 -7.74394 1.84048
      vertex 7.46391 -7.659 1.67712
    endloop
  endfacet
  facet normal 0.884728 0.268385 0.381086
    outer loop
      vertex 5.84888 -7.57731 2.2929
      vertex 5.7736 -7.32915 2.2929
      vertex 5.66324 -7.3511 2.56457
    endloop
  endfacet
  facet normal 0.79684 0.241723 0.55373
    outer loop
      vertex 5.84888 -7.57731 2.2929
      vertex 5.93383 -7.29728 2.04841
      vertex 5.7736 -7.32915 2.2929
    endloop
  endfacet
  facet normal 0.0961458 -0.976239 0.194198
    outer loop
      vertex 7.07107 -5.63566 2.56457
      vertex 7.07107 -5.57829 2.85297
      vertex 6.79103 -5.66324 2.56457
    endloop
  endfacet
  facet normal -0.0961492 -0.976239 0.194198
    outer loop
      vertex 7.3511 -5.66324 2.56457
      vertex 7.07107 -5.57829 2.85297
      vertex 7.07107 -5.63566 2.56457
    endloop
  endfacet
  facet normal 0.09059 -0.920089 0.381089
    outer loop
      vertex 6.81299 -5.7736 2.2929
      vertex 7.07107 -5.74819 2.2929
      vertex 6.79103 -5.66324 2.56457
    endloop
  endfacet
  facet normal 0.081591 -0.82869 0.553729
    outer loop
      vertex 6.84486 -5.93383 2.04841
      vertex 7.07107 -5.74819 2.2929
      vertex 6.81299 -5.7736 2.2929
    endloop
  endfacet
  facet normal 0.28477 -0.938718 0.194203
    outer loop
      vertex 6.79103 -5.66324 2.56457
      vertex 6.77984 -5.60697 2.85297
      vertex 6.49981 -5.69192 2.85297
    endloop
  endfacet
  facet normal 0.290297 -0.956937 0
    outer loop
      vertex 6.49981 -5.69192 2.85297
      vertex 6.77984 -5.60697 3.14703
      vertex 6.49981 -5.69192 3.14703
    endloop
  endfacet
  facet normal 0.290297 -0.956937 0
    outer loop
      vertex 6.77984 -5.60697 3.14703
      vertex 6.49981 -5.69192 2.85297
      vertex 6.77984 -5.60697 2.85297
    endloop
  endfacet
  facet normal 0.8287 -0.0816208 0.55371
    outer loop
      vertex 5.91155 -7.07107 2.04841
      vertex 5.93383 -6.84486 2.04841
      vertex 5.74819 -7.07107 2.2929
    endloop
  endfacet
  facet normal 0.705398 -0.0694765 0.705398
    outer loop
      vertex 6.11948 -7.07107 1.84048
      vertex 5.93383 -6.84486 2.04841
      vertex 5.91155 -7.07107 2.04841
    endloop
  endfacet
  facet normal 0.884727 -0.268372 0.381096
    outer loop
      vertex 5.84888 -6.56482 2.2929
      vertex 5.74492 -6.52176 2.56457
      vertex 5.66324 -6.79103 2.56457
    endloop
  endfacet
  facet normal 0.73436 -0.39253 0.553746
    outer loop
      vertex 6.10697 -6.42688 2.04841
      vertex 5.97113 -6.33611 2.2929
      vertex 5.84888 -6.56482 2.2929
    endloop
  endfacet
  facet normal 0.528263 -0.643664 0.553747
    outer loop
      vertex 6.42688 -6.10697 2.04841
      vertex 6.33611 -5.97113 2.2929
      vertex 6.13565 -6.13565 2.2929
    endloop
  endfacet
  facet normal 0.82869 -0.081591 0.553729
    outer loop
      vertex 5.93383 -6.84486 2.04841
      vertex 5.7736 -6.81299 2.2929
      vertex 5.74819 -7.07107 2.2929
    endloop
  endfacet
  facet normal 0.920089 -0.09059 0.381089
    outer loop
      vertex 5.74819 -7.07107 2.2929
      vertex 5.7736 -6.81299 2.2929
      vertex 5.66324 -6.79103 2.56457
    endloop
  endfacet
  facet normal 0.995186 -0.0980048 0
    outer loop
      vertex 5.57829 -7.07107 3.14703
      vertex 5.60697 -6.77984 2.85297
      vertex 5.60697 -6.77984 3.14703
    endloop
  endfacet
  facet normal 0.995186 -0.0980048 0
    outer loop
      vertex 5.60697 -6.77984 2.85297
      vertex 5.57829 -7.07107 3.14703
      vertex 5.57829 -7.07107 2.85297
    endloop
  endfacet
  facet normal 0.533399 -0.161809 -0.830243
    outer loop
      vertex 6.4178 -6.80047 4.32288
      vertex 6.37756 -6.93312 4.32288
      vertex 6.19191 -6.70691 4.15952
    endloop
  endfacet
  facet normal 0.338886 -0.181142 -0.923225
    outer loop
      vertex 6.48314 -6.67823 4.32288
      vertex 6.66879 -6.90444 4.43541
      vertex 6.4178 -6.80047 4.32288
    endloop
  endfacet
  facet normal 0.338897 0.181133 -0.923223
    outer loop
      vertex 6.66879 -7.2377 4.43541
      vertex 6.48314 -7.46391 4.32288
      vertex 6.4178 -7.34166 4.32288
    endloop
  endfacet
  facet normal 0.0569057 -0.187573 -0.980601
    outer loop
      vertex 6.98612 -6.64401 4.43541
      vertex 7.0148 -6.93523 4.49278
      vertex 6.90444 -6.66879 4.43541
    endloop
  endfacet
  facet normal -0.262749 0.491598 -0.830238
    outer loop
      vertex 7.46391 -7.659 4.32288
      vertex 7.43523 -7.95022 4.15952
      vertex 7.34166 -7.72434 4.32288
    endloop
  endfacet
  facet normal -0.0191802 0.195066 -0.980602
    outer loop
      vertex 7.07107 -7.21809 4.49278
      vertex 7.09975 -7.21527 4.49278
      vertex 7.07107 -7.50649 4.43541
    endloop
  endfacet
  facet normal 0.124338 0.151525 -0.980602
    outer loop
      vertex 6.98938 -7.19331 4.49278
      vertex 6.82916 -7.43311 4.43541
      vertex 6.76317 -7.37896 4.43541
    endloop
  endfacet
  facet normal 0.353626 0.430874 -0.830239
    outer loop
      vertex 6.57108 -7.57106 4.32288
      vertex 6.67823 -7.659 4.32288
      vertex 6.39819 -7.74394 4.15952
    endloop
  endfacet
  facet normal -0.0816203 0.828695 -0.553717
    outer loop
      vertex 7.07107 -8.23058 3.95159
      vertex 7.29728 -8.2083 3.95159
      vertex 7.07107 -8.39395 3.70709
    endloop
  endfacet
  facet normal -0.0924009 0.172861 -0.980602
    outer loop
      vertex 7.31298 -7.43311 4.43541
      vertex 7.2377 -7.47335 4.43541
      vertex 7.12733 -7.2069 4.49278
    endloop
  endfacet
  facet normal 0.26277 0.491597 -0.830232
    outer loop
      vertex 6.80047 -7.72434 4.32288
      vertex 6.70691 -7.95022 4.15952
      vertex 6.67823 -7.659 4.32288
    endloop
  endfacet
  facet normal 0.181146 0.338883 -0.923225
    outer loop
      vertex 6.82916 -7.43311 4.43541
      vertex 6.90444 -7.47335 4.43541
      vertex 6.67823 -7.659 4.32288
    endloop
  endfacet
  facet normal -0.205746 0.678298 -0.705394
    outer loop
      vertex 7.43523 -7.95022 4.15952
      vertex 7.29728 -8.2083 3.95159
      vertex 7.25671 -8.00437 4.15952
    endloop
  endfacet
  facet normal -0.0569218 0.187563 -0.980602
    outer loop
      vertex 7.12733 -7.2069 4.49278
      vertex 7.15602 -7.49813 4.43541
      vertex 7.09975 -7.21527 4.49278
    endloop
  endfacet
  facet normal -0.0191968 0.195068 -0.980602
    outer loop
      vertex 7.09975 -7.21527 4.49278
      vertex 7.15602 -7.49813 4.43541
      vertex 7.07107 -7.50649 4.43541
    endloop
  endfacet
  facet normal -0.151514 0.124348 -0.980603
    outer loop
      vertex 7.43311 -7.31298 4.43541
      vertex 7.37896 -7.37896 4.43541
      vertex 7.19331 -7.15275 4.49278
    endloop
  endfacet
  facet normal -0.151535 0.12433 -0.980601
    outer loop
      vertex 7.19331 -7.15275 4.49278
      vertex 7.37896 -7.37896 4.43541
      vertex 7.17503 -7.17503 4.49278
    endloop
  endfacet
  facet normal 0.449697 0.54792 -0.705377
    outer loop
      vertex 6.54239 -7.86229 4.15952
      vertex 6.42688 -8.03517 3.95159
      vertex 6.39819 -7.74394 4.15952
    endloop
  endfacet
  facet normal 0.547929 0.449669 -0.705388
    outer loop
      vertex 6.39819 -7.74394 4.15952
      vertex 6.25117 -7.89097 3.95159
      vertex 6.10697 -7.71526 3.95159
    endloop
  endfacet
  facet normal 0.758302 0.622308 -0.194193
    outer loop
      vertex 6.05608 -8.08606 3.43543
      vertex 6.01551 -8.12662 3.14703
      vertex 5.87757 -7.86854 3.43543
    endloop
  endfacet
  facet normal 0.290297 0.956937 -0
    outer loop
      vertex 6.77984 -8.53516 2.85297
      vertex 6.49981 -8.45021 3.14703
      vertex 6.77984 -8.53516 3.14703
    endloop
  endfacet
  facet normal 0.290297 0.956937 0
    outer loop
      vertex 6.49981 -8.45021 3.14703
      vertex 6.77984 -8.53516 2.85297
      vertex 6.49981 -8.45021 2.85297
    endloop
  endfacet
  facet normal 0.938721 0.28476 0.194203
    outer loop
      vertex 5.69192 -7.64233 2.85297
      vertex 5.66324 -7.3511 2.56457
      vertex 5.60697 -7.36229 2.85297
    endloop
  endfacet
  facet normal 0.938725 0.284752 0.194194
    outer loop
      vertex 5.69192 -7.64233 2.85297
      vertex 5.74492 -7.62037 2.56457
      vertex 5.66324 -7.3511 2.56457
    endloop
  endfacet
  facet normal 0.815363 0.435822 -0.381107
    outer loop
      vertex 5.84888 -7.57731 3.70709
      vertex 5.87757 -7.86854 3.43543
      vertex 5.74492 -7.62037 3.43543
    endloop
  endfacet
  facet normal 0.734376 0.392538 -0.55372
    outer loop
      vertex 6.10697 -7.71526 3.95159
      vertex 5.97113 -7.80602 3.70709
      vertex 5.84888 -7.57731 3.70709
    endloop
  endfacet
  facet normal 0.430889 0.353616 -0.830235
    outer loop
      vertex 6.48314 -7.46391 4.32288
      vertex 6.39819 -7.74394 4.15952
      vertex 6.27985 -7.59974 4.15952
    endloop
  endfacet
  facet normal 0.430872 0.353625 -0.83024
    outer loop
      vertex 6.48314 -7.46391 4.32288
      vertex 6.57108 -7.57106 4.32288
      vertex 6.39819 -7.74394 4.15952
    endloop
  endfacet
  facet normal 0.554723 -0.0546207 -0.83024
    outer loop
      vertex 6.13776 -6.88542 4.15952
      vertex 6.37756 -6.93312 4.32288
      vertex 6.11948 -7.07107 4.15952
    endloop
  endfacet
  facet normal 0.796859 -0.24171 -0.553708
    outer loop
      vertex 5.99981 -6.62734 3.95159
      vertex 5.93383 -6.84486 3.95159
      vertex 5.84888 -6.56482 3.70709
    endloop
  endfacet
  facet normal 0.920086 0.0905897 -0.381098
    outer loop
      vertex 5.74819 -7.07107 3.70709
      vertex 5.7736 -7.32915 3.70709
      vertex 5.66324 -7.3511 3.43543
    endloop
  endfacet
  facet normal 0.82871 -0.0816218 -0.553694
    outer loop
      vertex 5.93383 -6.84486 3.95159
      vertex 5.91155 -7.07107 3.95159
      vertex 5.74819 -7.07107 3.70709
    endloop
  endfacet
  facet normal 0.625106 -0.334163 -0.705392
    outer loop
      vertex 6.10697 -6.42688 3.95159
      vertex 6.19191 -6.70691 4.15952
      vertex 5.99981 -6.62734 3.95159
    endloop
  endfacet
  facet normal 0.625129 -0.334147 -0.705379
    outer loop
      vertex 6.27985 -6.54239 4.15952
      vertex 6.19191 -6.70691 4.15952
      vertex 6.10697 -6.42688 3.95159
    endloop
  endfacet
  facet normal 0.172877 -0.0923863 0.980601
    outer loop
      vertex 6.93523 -7.0148 1.50722
      vertex 6.70902 -6.82916 1.56459
      vertex 6.66879 -6.90444 1.56459
    endloop
  endfacet
  facet normal -0.0192482 -0.195066 0.980601
    outer loop
      vertex 7.09975 -6.92687 1.50722
      vertex 7.07107 -6.63564 1.56459
      vertex 7.07107 -6.92404 1.50722
    endloop
  endfacet
  facet normal 0.181146 0.338883 0.923225
    outer loop
      vertex 6.90444 -7.47335 1.56459
      vertex 6.82916 -7.43311 1.56459
      vertex 6.67823 -7.659 1.67712
    endloop
  endfacet
  facet normal -0.111558 -0.367719 0.923221
    outer loop
      vertex 7.2377 -6.66879 1.56459
      vertex 7.20901 -6.37756 1.67712
      vertex 7.15602 -6.64401 1.56459
    endloop
  endfacet
  facet normal -0.124348 -0.151514 0.980603
    outer loop
      vertex 7.37896 -6.76317 1.56459
      vertex 7.31298 -6.70902 1.56459
      vertex 7.15275 -6.94882 1.50722
    endloop
  endfacet
  facet normal 0.181142 -0.338886 0.923225
    outer loop
      vertex 6.90444 -6.66879 1.56459
      vertex 6.80047 -6.4178 1.67712
      vertex 6.67823 -6.48314 1.67712
    endloop
  endfacet
  facet normal 0.547938 -0.449674 0.705378
    outer loop
      vertex 6.27985 -6.54239 1.84048
      vertex 6.39819 -6.39819 1.84048
      vertex 6.10697 -6.42688 2.04841
    endloop
  endfacet
  facet normal -0.367715 -0.111557 0.923223
    outer loop
      vertex 7.49813 -6.98612 1.56459
      vertex 7.76458 -6.93312 1.67712
      vertex 7.47335 -6.90444 1.56459
    endloop
  endfacet
  facet normal -0.187567 -0.0569039 0.980602
    outer loop
      vertex 7.49813 -6.98612 1.56459
      vertex 7.47335 -6.90444 1.56459
      vertex 7.2069 -7.0148 1.50722
    endloop
  endfacet
  facet normal -0.0924009 0.172861 0.980602
    outer loop
      vertex 7.2377 -7.47335 1.56459
      vertex 7.31298 -7.43311 1.56459
      vertex 7.12733 -7.2069 1.50722
    endloop
  endfacet
  facet normal 0.151535 -0.12433 0.980601
    outer loop
      vertex 6.94882 -6.98938 1.50722
      vertex 6.9671 -6.9671 1.50722
      vertex 6.76317 -6.76317 1.56459
    endloop
  endfacet
  facet normal -0.625131 0.334129 0.705386
    outer loop
      vertex 8.03517 -7.71526 2.04841
      vertex 8.14232 -7.51479 2.04841
      vertex 7.95022 -7.43523 1.84048
    endloop
  endfacet
  facet normal -0.678298 0.205746 0.705394
    outer loop
      vertex 8.2083 -7.29728 2.04841
      vertex 8.00437 -7.25671 1.84048
      vertex 7.95022 -7.43523 1.84048
    endloop
  endfacet
  facet normal -0.195068 0.0191968 0.980602
    outer loop
      vertex 7.49813 -7.15602 1.56459
      vertex 7.50649 -7.07107 1.56459
      vertex 7.21527 -7.09975 1.50722
    endloop
  endfacet
  facet normal -0.38242 0.0376343 0.923222
    outer loop
      vertex 7.76458 -7.20901 1.67712
      vertex 7.50649 -7.07107 1.56459
      vertex 7.49813 -7.15602 1.56459
    endloop
  endfacet
  facet normal -0.297033 0.243781 0.923224
    outer loop
      vertex 7.57106 -7.57106 1.67712
      vertex 7.659 -7.46391 1.67712
      vertex 7.37896 -7.37896 1.56459
    endloop
  endfacet
  facet normal -0.430881 0.353632 0.830232
    outer loop
      vertex 7.74394 -7.74394 1.84048
      vertex 7.659 -7.46391 1.67712
      vertex 7.57106 -7.57106 1.67712
    endloop
  endfacet
  facet normal 0.0376342 0.382419 0.923222
    outer loop
      vertex 7.07107 -7.50649 1.56459
      vertex 6.98612 -7.49813 1.56459
      vertex 6.93312 -7.76458 1.67712
    endloop
  endfacet
  facet normal 0.124338 -0.151525 0.980602
    outer loop
      vertex 6.98938 -6.94882 1.50722
      vertex 6.82916 -6.70902 1.56459
      vertex 6.76317 -6.76317 1.56459
    endloop
  endfacet
  facet normal -0.705415 0.0694781 0.705381
    outer loop
      vertex 8.2083 -7.29728 2.04841
      vertex 8.23058 -7.07107 2.04841
      vertex 8.02266 -7.07107 1.84048
    endloop
  endfacet
  facet normal -0.828685 0.0816193 0.553733
    outer loop
      vertex 8.39395 -7.07107 2.2929
      vertex 8.23058 -7.07107 2.04841
      vertex 8.2083 -7.29728 2.04841
    endloop
  endfacet
  facet normal -0.865147 0.462397 0.194189
    outer loop
      vertex 8.31227 -7.90041 2.85297
      vertex 8.39721 -7.62037 2.56457
      vertex 8.26457 -7.86854 2.56457
    endloop
  endfacet
  facet normal -0.643708 0.528241 0.553716
    outer loop
      vertex 8.171 -7.80602 2.2929
      vertex 8.03517 -7.71526 2.04841
      vertex 8.00649 -8.00649 2.2929
    endloop
  endfacet
  facet normal -0.586508 0.714679 0.381107
    outer loop
      vertex 8.08606 -8.08606 2.56457
      vertex 8.00649 -8.00649 2.2929
      vertex 7.86854 -8.26457 2.56457
    endloop
  endfacet
  facet normal -0.758289 0.622326 0.194188
    outer loop
      vertex 8.31227 -7.90041 2.85297
      vertex 8.26457 -7.86854 2.56457
      vertex 8.12662 -8.12662 2.85297
    endloop
  endfacet
  facet normal -0.528253 0.643684 0.553733
    outer loop
      vertex 8.00649 -8.00649 2.2929
      vertex 7.89097 -7.89097 2.04841
      vertex 7.71526 -8.03517 2.04841
    endloop
  endfacet
  facet normal -0.449661 0.547919 0.705401
    outer loop
      vertex 7.89097 -7.89097 2.04841
      vertex 7.74394 -7.74394 1.84048
      vertex 7.71526 -8.03517 2.04841
    endloop
  endfacet
  facet normal -0.796855 0.24172 -0.553708
    outer loop
      vertex 8.2083 -7.29728 3.95159
      vertex 8.29325 -7.57731 3.70709
      vertex 8.14232 -7.51479 3.95159
    endloop
  endfacet
  facet normal -0.6783 0.205757 -0.705389
    outer loop
      vertex 8.2083 -7.29728 3.95159
      vertex 8.14232 -7.51479 3.95159
      vertex 7.95022 -7.43523 4.15952
    endloop
  endfacet
  facet normal -0.430881 0.353632 -0.830232
    outer loop
      vertex 7.659 -7.46391 4.32288
      vertex 7.74394 -7.74394 4.15952
      vertex 7.57106 -7.57106 4.32288
    endloop
  endfacet
  facet normal -0.297033 0.243781 -0.923224
    outer loop
      vertex 7.659 -7.46391 4.32288
      vertex 7.57106 -7.57106 4.32288
      vertex 7.37896 -7.37896 4.43541
    endloop
  endfacet
  facet normal -0.33413 0.62513 -0.705387
    outer loop
      vertex 7.59974 -7.86229 4.15952
      vertex 7.71526 -8.03517 3.95159
      vertex 7.43523 -7.95022 4.15952
    endloop
  endfacet
  facet normal -0.44969 0.547912 -0.705387
    outer loop
      vertex 7.74394 -7.74394 4.15952
      vertex 7.71526 -8.03517 3.95159
      vertex 7.59974 -7.86229 4.15952
    endloop
  endfacet
  facet normal -0.241726 0.79685 -0.553714
    outer loop
      vertex 7.57731 -8.29325 3.70709
      vertex 7.32915 -8.36853 3.70709
      vertex 7.29728 -8.2083 3.95159
    endloop
  endfacet
  facet normal -0.0816237 0.828696 -0.553715
    outer loop
      vertex 7.29728 -8.2083 3.95159
      vertex 7.32915 -8.36853 3.70709
      vertex 7.07107 -8.39395 3.70709
    endloop
  endfacet
  facet normal 0.334118 0.625146 -0.705378
    outer loop
      vertex 6.54239 -7.86229 4.15952
      vertex 6.70691 -7.95022 4.15952
      vertex 6.42688 -8.03517 3.95159
    endloop
  endfacet
  facet normal 0.435823 0.815355 -0.381124
    outer loop
      vertex 6.33611 -8.171 3.70709
      vertex 6.56482 -8.29325 3.70709
      vertex 6.2736 -8.26457 3.43543
    endloop
  endfacet
  facet normal 0.0906143 0.920073 -0.381123
    outer loop
      vertex 7.07107 -8.39395 3.70709
      vertex 7.07107 -8.50648 3.43543
      vertex 6.79103 -8.4789 3.43543
    endloop
  endfacet
  facet normal 0.241717 0.796852 -0.553714
    outer loop
      vertex 6.84486 -8.2083 3.95159
      vertex 6.81299 -8.36853 3.70709
      vertex 6.56482 -8.29325 3.70709
    endloop
  endfacet
  facet normal 0.0906236 0.920069 -0.381131
    outer loop
      vertex 6.81299 -8.36853 3.70709
      vertex 7.07107 -8.39395 3.70709
      vertex 6.79103 -8.4789 3.43543
    endloop
  endfacet
  facet normal 0.268369 0.884712 -0.381135
    outer loop
      vertex 6.81299 -8.36853 3.70709
      vertex 6.79103 -8.4789 3.43543
      vertex 6.56482 -8.29325 3.70709
    endloop
  endfacet
  facet normal -0.284784 0.938715 0.194195
    outer loop
      vertex 7.64233 -8.45021 2.85297
      vertex 7.62037 -8.39721 2.56457
      vertex 7.3511 -8.4789 2.56457
    endloop
  endfacet
  facet normal -0.462405 0.865141 0.194199
    outer loop
      vertex 7.64233 -8.45021 2.85297
      vertex 7.90041 -8.31227 2.85297
      vertex 7.62037 -8.39721 2.56457
    endloop
  endfacet
  facet normal 0.46241 0.865137 0.194205
    outer loop
      vertex 6.52176 -8.39721 2.56457
      vertex 6.2736 -8.26457 2.56457
      vertex 6.24172 -8.31227 2.85297
    endloop
  endfacet
  facet normal 0.622323 0.758285 0.194209
    outer loop
      vertex 6.24172 -8.31227 2.85297
      vertex 6.2736 -8.26457 2.56457
      vertex 6.01551 -8.12662 2.85297
    endloop
  endfacet
  facet normal 0.0906147 0.920078 0.381111
    outer loop
      vertex 7.07107 -8.50648 2.56457
      vertex 7.07107 -8.39395 2.2929
      vertex 6.79103 -8.4789 2.56457
    endloop
  endfacet
  facet normal 0.471365 0.881938 -0
    outer loop
      vertex 6.49981 -8.45021 2.85297
      vertex 6.24172 -8.31227 3.14703
      vertex 6.49981 -8.45021 3.14703
    endloop
  endfacet
  facet normal 0.471365 0.881938 0
    outer loop
      vertex 6.24172 -8.31227 3.14703
      vertex 6.49981 -8.45021 2.85297
      vertex 6.24172 -8.31227 2.85297
    endloop
  endfacet
  facet normal -0.367719 0.111558 -0.923221
    outer loop
      vertex 7.49813 -7.15602 4.43541
      vertex 7.76458 -7.20901 4.32288
      vertex 7.47335 -7.2377 4.43541
    endloop
  endfacet
  facet normal -0.187565 0.0569033 -0.980603
    outer loop
      vertex 7.49813 -7.15602 4.43541
      vertex 7.47335 -7.2377 4.43541
      vertex 7.2069 -7.12733 4.49278
    endloop
  endfacet
  facet normal -0.0192193 -0.195064 -0.980602
    outer loop
      vertex 7.15602 -6.64401 4.43541
      vertex 7.09975 -6.92687 4.49278
      vertex 7.07107 -6.63564 4.43541
    endloop
  endfacet
  facet normal -0.382414 0.0376481 -0.923224
    outer loop
      vertex 7.77816 -7.07107 4.32288
      vertex 7.76458 -7.20901 4.32288
      vertex 7.50649 -7.07107 4.43541
    endloop
  endfacet
  facet normal -0.38242 0.0376343 -0.923222
    outer loop
      vertex 7.50649 -7.07107 4.43541
      vertex 7.76458 -7.20901 4.32288
      vertex 7.49813 -7.15602 4.43541
    endloop
  endfacet
  facet normal -0.734382 -0.392542 -0.553709
    outer loop
      vertex 8.29325 -6.56482 3.70709
      vertex 8.14232 -6.62734 3.95159
      vertex 8.03517 -6.42688 3.95159
    endloop
  endfacet
  facet normal -0.734382 -0.392542 -0.55371
    outer loop
      vertex 8.171 -6.33611 3.70709
      vertex 8.29325 -6.56482 3.70709
      vertex 8.03517 -6.42688 3.95159
    endloop
  endfacet
  facet normal -0.367715 -0.111557 -0.923223
    outer loop
      vertex 7.76458 -6.93312 4.32288
      vertex 7.49813 -6.98612 4.43541
      vertex 7.47335 -6.90444 4.43541
    endloop
  endfacet
  facet normal -0.124348 -0.151514 -0.980603
    outer loop
      vertex 7.31298 -6.70902 4.43541
      vertex 7.37896 -6.76317 4.43541
      vertex 7.15275 -6.94882 4.49278
    endloop
  endfacet
  facet normal -0.938717 -0.284784 -0.194185
    outer loop
      vertex 8.45021 -6.49981 3.14703
      vertex 8.4789 -6.79103 3.43543
      vertex 8.39721 -6.52176 3.43543
    endloop
  endfacet
  facet normal -0.554733 0.0546546 -0.830231
    outer loop
      vertex 8.02266 -7.07107 4.15952
      vertex 8.00437 -7.25671 4.15952
      vertex 7.76458 -7.20901 4.32288
    endloop
  endfacet
  facet normal -0.53342 0.161801 -0.830231
    outer loop
      vertex 8.00437 -7.25671 4.15952
      vertex 7.95022 -7.43523 4.15952
      vertex 7.76458 -7.20901 4.32288
    endloop
  endfacet
  facet normal -0.920073 0.0906175 -0.381123
    outer loop
      vertex 8.50648 -7.07107 3.43543
      vertex 8.4789 -7.3511 3.43543
      vertex 8.39395 -7.07107 3.70709
    endloop
  endfacet
  facet normal -0.92007 0.0906237 -0.381128
    outer loop
      vertex 8.39395 -7.07107 3.70709
      vertex 8.4789 -7.3511 3.43543
      vertex 8.36853 -7.32915 3.70709
    endloop
  endfacet
  facet normal 0.435838 -0.81536 0.381095
    outer loop
      vertex 6.56482 -5.84888 2.2929
      vertex 6.52176 -5.74492 2.56457
      vertex 6.2736 -5.87757 2.56457
    endloop
  endfacet
  facet normal 0.643664 -0.528263 0.553747
    outer loop
      vertex 6.10697 -6.42688 2.04841
      vertex 6.13565 -6.13565 2.2929
      vertex 5.97113 -6.33611 2.2929
    endloop
  endfacet
  facet normal -0.0816218 -0.82871 -0.553694
    outer loop
      vertex 7.07107 -5.74819 3.70709
      vertex 7.29728 -5.93383 3.95159
      vertex 7.07107 -5.91155 3.95159
    endloop
  endfacet
  facet normal -0.0694765 -0.705398 -0.705398
    outer loop
      vertex 7.07107 -5.91155 3.95159
      vertex 7.29728 -5.93383 3.95159
      vertex 7.07107 -6.11948 4.15952
    endloop
  endfacet
  facet normal -0.111558 -0.367719 -0.923221
    outer loop
      vertex 7.20901 -6.37756 4.32288
      vertex 7.2377 -6.66879 4.43541
      vertex 7.15602 -6.64401 4.43541
    endloop
  endfacet
  facet normal -0.334158 -0.625112 -0.705388
    outer loop
      vertex 7.71526 -6.10697 3.95159
      vertex 7.59974 -6.27985 4.15952
      vertex 7.43523 -6.19191 4.15952
    endloop
  endfacet
  facet normal 0.205759 -0.6783 -0.705388
    outer loop
      vertex 6.84486 -5.93383 3.95159
      vertex 6.88542 -6.13776 4.15952
      vertex 6.70691 -6.19191 4.15952
    endloop
  endfacet
  facet normal 0.0546489 -0.554733 -0.830232
    outer loop
      vertex 7.07107 -6.11948 4.15952
      vertex 7.07107 -6.36397 4.32288
      vertex 6.93312 -6.37756 4.32288
    endloop
  endfacet
  facet normal -0.353616 -0.430889 -0.830235
    outer loop
      vertex 7.59974 -6.27985 4.15952
      vertex 7.74394 -6.39819 4.15952
      vertex 7.46391 -6.48314 4.32288
    endloop
  endfacet
  facet normal -0.26278 -0.491584 -0.830236
    outer loop
      vertex 7.59974 -6.27985 4.15952
      vertex 7.46391 -6.48314 4.32288
      vertex 7.43523 -6.19191 4.15952
    endloop
  endfacet
  facet normal 0.205747 -0.678298 -0.705393
    outer loop
      vertex 6.84486 -5.93383 3.95159
      vertex 6.70691 -6.19191 4.15952
      vertex 6.62734 -5.99981 3.95159
    endloop
  endfacet
  facet normal 0.0694581 -0.70541 -0.705388
    outer loop
      vertex 7.07107 -6.11948 4.15952
      vertex 6.88542 -6.13776 4.15952
      vertex 6.84486 -5.93383 3.95159
    endloop
  endfacet
  facet normal -0.382419 -0.0376342 0.923222
    outer loop
      vertex 7.50649 -7.07107 1.56459
      vertex 7.76458 -6.93312 1.67712
      vertex 7.49813 -6.98612 1.56459
    endloop
  endfacet
  facet normal -0.172864 -0.0924023 0.980602
    outer loop
      vertex 7.47335 -6.90444 1.56459
      vertex 7.43311 -6.82916 1.56459
      vertex 7.2069 -7.0148 1.50722
    endloop
  endfacet
  facet normal -0.449667 -0.547929 0.705389
    outer loop
      vertex 7.74394 -6.39819 1.84048
      vertex 7.71526 -6.10697 2.04841
      vertex 7.59974 -6.27985 1.84048
    endloop
  endfacet
  facet normal -0.353616 -0.430889 0.830235
    outer loop
      vertex 7.74394 -6.39819 1.84048
      vertex 7.59974 -6.27985 1.84048
      vertex 7.46391 -6.48314 1.67712
    endloop
  endfacet
  facet normal -0.714675 -0.586505 -0.381119
    outer loop
      vertex 8.08606 -6.05608 3.43543
      vertex 8.26457 -6.2736 3.43543
      vertex 8.00649 -6.13565 3.70709
    endloop
  endfacet
  facet normal -0.758303 -0.622309 -0.194188
    outer loop
      vertex 8.12662 -6.01551 3.14703
      vertex 8.26457 -6.2736 3.43543
      vertex 8.08606 -6.05608 3.43543
    endloop
  endfacet
  facet normal -0.773003 -0.634402 0
    outer loop
      vertex 8.31227 -6.24172 2.85297
      vertex 8.12662 -6.01551 3.14703
      vertex 8.12662 -6.01551 2.85297
    endloop
  endfacet
  facet normal -0.773003 -0.634402 0
    outer loop
      vertex 8.12662 -6.01551 3.14703
      vertex 8.31227 -6.24172 2.85297
      vertex 8.31227 -6.24172 3.14703
    endloop
  endfacet
  facet normal -0.205757 0.6783 0.705389
    outer loop
      vertex 7.51479 -8.14232 2.04841
      vertex 7.43523 -7.95022 1.84048
      vertex 7.29728 -8.2083 2.04841
    endloop
  endfacet
  facet normal 0.0694781 0.705415 0.705381
    outer loop
      vertex 7.07107 -8.23058 2.04841
      vertex 7.07107 -8.02266 1.84048
      vertex 6.84486 -8.2083 2.04841
    endloop
  endfacet
  facet normal 0.297046 -0.243792 0.923217
    outer loop
      vertex 6.76317 -6.76317 1.56459
      vertex 6.57108 -6.57108 1.67712
      vertex 6.48314 -6.67823 1.67712
    endloop
  endfacet
  facet normal 0.172874 0.0923848 0.980602
    outer loop
      vertex 6.70902 -7.31298 1.56459
      vertex 6.93523 -7.12733 1.50722
      vertex 6.66879 -7.2377 1.56459
    endloop
  endfacet
  facet normal 0.528251 0.643688 0.55373
    outer loop
      vertex 6.33611 -8.171 2.2929
      vertex 6.42688 -8.03517 2.04841
      vertex 6.13565 -8.00649 2.2929
    endloop
  endfacet
  facet normal 0.705407 0.0694616 0.70539
    outer loop
      vertex 6.13776 -7.25671 1.84048
      vertex 6.11948 -7.07107 1.84048
      vertex 5.93383 -7.29728 2.04841
    endloop
  endfacet
  facet normal 0.554723 0.0546236 0.83024
    outer loop
      vertex 6.13776 -7.25671 1.84048
      vertex 6.37756 -7.20901 1.67712
      vertex 6.11948 -7.07107 1.84048
    endloop
  endfacet
  facet normal 0.367715 -0.111548 0.923224
    outer loop
      vertex 6.66879 -6.90444 1.56459
      vertex 6.4178 -6.80047 1.67712
      vertex 6.37756 -6.93312 1.67712
    endloop
  endfacet
  facet normal 0.338897 0.181133 0.923223
    outer loop
      vertex 6.48314 -7.46391 1.67712
      vertex 6.66879 -7.2377 1.56459
      vertex 6.4178 -7.34166 1.67712
    endloop
  endfacet
  facet normal 0.367718 0.111549 0.923223
    outer loop
      vertex 6.4178 -7.34166 1.67712
      vertex 6.66879 -7.2377 1.56459
      vertex 6.37756 -7.20901 1.67712
    endloop
  endfacet
  facet normal 0.151514 0.124348 0.980603
    outer loop
      vertex 6.76317 -7.37896 1.56459
      vertex 6.94882 -7.15275 1.50722
      vertex 6.70902 -7.31298 1.56459
    endloop
  endfacet
  facet normal 0.111557 0.367715 0.923223
    outer loop
      vertex 6.93312 -7.76458 1.67712
      vertex 6.98612 -7.49813 1.56459
      vertex 6.90444 -7.47335 1.56459
    endloop
  endfacet
  facet normal 0.161805 -0.533403 0.830241
    outer loop
      vertex 6.93312 -6.37756 1.67712
      vertex 6.88542 -6.13776 1.84048
      vertex 6.70691 -6.19191 1.84048
    endloop
  endfacet
  facet normal 0.205759 -0.6783 0.705388
    outer loop
      vertex 6.88542 -6.13776 1.84048
      vertex 6.84486 -5.93383 2.04841
      vertex 6.70691 -6.19191 1.84048
    endloop
  endfacet
  facet normal 0.39253 -0.73436 0.553746
    outer loop
      vertex 6.42688 -6.10697 2.04841
      vertex 6.56482 -5.84888 2.2929
      vertex 6.33611 -5.97113 2.2929
    endloop
  endfacet
  facet normal 0.334163 -0.625106 0.705392
    outer loop
      vertex 6.70691 -6.19191 1.84048
      vertex 6.62734 -5.99981 2.04841
      vertex 6.42688 -6.10697 2.04841
    endloop
  endfacet
  facet normal 0.622306 -0.758299 0.194213
    outer loop
      vertex 6.05608 -6.05608 2.56457
      vertex 6.2736 -5.87757 2.56457
      vertex 6.01551 -6.01551 2.85297
    endloop
  endfacet
  facet normal 0.586508 -0.714679 0.381107
    outer loop
      vertex 6.13565 -6.13565 2.2929
      vertex 6.2736 -5.87757 2.56457
      vertex 6.05608 -6.05608 2.56457
    endloop
  endfacet
  facet normal -0.796859 -0.24171 -0.553708
    outer loop
      vertex 8.29325 -6.56482 3.70709
      vertex 8.2083 -6.84486 3.95159
      vertex 8.14232 -6.62734 3.95159
    endloop
  endfacet
  facet normal -0.796852 -0.241717 -0.553714
    outer loop
      vertex 8.29325 -6.56482 3.70709
      vertex 8.36853 -6.81299 3.70709
      vertex 8.2083 -6.84486 3.95159
    endloop
  endfacet
  facet normal -0.643692 -0.528259 -0.553717
    outer loop
      vertex 8.00649 -6.13565 3.70709
      vertex 8.03517 -6.42688 3.95159
      vertex 7.89097 -6.25117 3.95159
    endloop
  endfacet
  facet normal -0.547927 -0.449667 -0.70539
    outer loop
      vertex 7.89097 -6.25117 3.95159
      vertex 8.03517 -6.42688 3.95159
      vertex 7.74394 -6.39819 4.15952
    endloop
  endfacet
  facet normal -0.714675 0.586505 -0.381119
    outer loop
      vertex 8.26457 -7.86854 3.43543
      vertex 8.08606 -8.08606 3.43543
      vertex 8.00649 -8.00649 3.70709
    endloop
  endfacet
  facet normal -0.758306 0.622311 -0.194167
    outer loop
      vertex 8.26457 -7.86854 3.43543
      vertex 8.12662 -8.12662 3.14703
      vertex 8.08606 -8.08606 3.43543
    endloop
  endfacet
  facet normal -0.884716 -0.26837 0.381123
    outer loop
      vertex 8.36853 -6.81299 2.2929
      vertex 8.4789 -6.79103 2.56457
      vertex 8.29325 -6.56482 2.2929
    endloop
  endfacet
  facet normal -0.920074 -0.0906241 0.381119
    outer loop
      vertex 8.39395 -7.07107 2.2929
      vertex 8.4789 -6.79103 2.56457
      vertex 8.36853 -6.81299 2.2929
    endloop
  endfacet
  facet normal -0.976245 0.0961499 0.194166
    outer loop
      vertex 8.56384 -7.07107 2.85297
      vertex 8.50648 -7.07107 2.56457
      vertex 8.4789 -7.3511 2.56457
    endloop
  endfacet
  facet normal -0.920078 0.0906179 0.381111
    outer loop
      vertex 8.4789 -7.3511 2.56457
      vertex 8.50648 -7.07107 2.56457
      vertex 8.39395 -7.07107 2.2929
    endloop
  endfacet
  facet normal -0.884713 -0.268401 -0.381109
    outer loop
      vertex 8.39721 -6.52176 3.43543
      vertex 8.4789 -6.79103 3.43543
      vertex 8.29325 -6.56482 3.70709
    endloop
  endfacet
  facet normal -0.884712 -0.268369 -0.381135
    outer loop
      vertex 8.4789 -6.79103 3.43543
      vertex 8.36853 -6.81299 3.70709
      vertex 8.29325 -6.56482 3.70709
    endloop
  endfacet
  facet normal -0.976246 -0.0961465 -0.194166
    outer loop
      vertex 8.56384 -7.07107 3.14703
      vertex 8.50648 -7.07107 3.43543
      vertex 8.4789 -6.79103 3.43543
    endloop
  endfacet
  facet normal -0.976245 0.0961499 -0.194166
    outer loop
      vertex 8.50648 -7.07107 3.43543
      vertex 8.56384 -7.07107 3.14703
      vertex 8.4789 -7.3511 3.43543
    endloop
  endfacet
  facet normal -0.205757 -0.6783 0.705389
    outer loop
      vertex 7.43523 -6.19191 1.84048
      vertex 7.51479 -5.99981 2.04841
      vertex 7.29728 -5.93383 2.04841
    endloop
  endfacet
  facet normal -0.205746 -0.678298 0.705394
    outer loop
      vertex 7.43523 -6.19191 1.84048
      vertex 7.29728 -5.93383 2.04841
      vertex 7.25671 -6.13776 1.84048
    endloop
  endfacet
  facet normal -0.392551 -0.734366 0.553724
    outer loop
      vertex 7.71526 -6.10697 2.04841
      vertex 7.57731 -5.84888 2.2929
      vertex 7.51479 -5.99981 2.04841
    endloop
  endfacet
  facet normal -0.241717 -0.796845 0.553724
    outer loop
      vertex 7.51479 -5.99981 2.04841
      vertex 7.57731 -5.84888 2.2929
      vertex 7.29728 -5.93383 2.04841
    endloop
  endfacet
  facet normal 0.0923863 -0.172877 -0.980601
    outer loop
      vertex 6.90444 -6.66879 4.43541
      vertex 7.0148 -6.93523 4.49278
      vertex 6.82916 -6.70902 4.43541
    endloop
  endfacet
  facet normal 0.0191735 0.195066 -0.980603
    outer loop
      vertex 7.07107 -7.21809 4.49278
      vertex 7.07107 -7.50649 4.43541
      vertex 7.04238 -7.21527 4.49278
    endloop
  endfacet
  facet normal 0.151535 0.12433 -0.980601
    outer loop
      vertex 6.94882 -7.15275 4.49278
      vertex 6.9671 -7.17503 4.49278
      vertex 6.76317 -7.37896 4.43541
    endloop
  endfacet
  facet normal 0.12433 0.151535 -0.980601
    outer loop
      vertex 6.9671 -7.17503 4.49278
      vertex 6.98938 -7.19331 4.49278
      vertex 6.76317 -7.37896 4.43541
    endloop
  endfacet
  facet normal 0.161809 -0.533399 -0.830243
    outer loop
      vertex 6.93312 -6.37756 4.32288
      vertex 6.80047 -6.4178 4.32288
      vertex 6.70691 -6.19191 4.15952
    endloop
  endfacet
  facet normal 0.262763 -0.491585 -0.830241
    outer loop
      vertex 6.70691 -6.19191 4.15952
      vertex 6.80047 -6.4178 4.32288
      vertex 6.67823 -6.48314 4.32288
    endloop
  endfacet
  facet normal 0.0961395 0.976245 0.194172
    outer loop
      vertex 7.07107 -8.56384 2.85297
      vertex 6.79103 -8.4789 2.56457
      vertex 6.77984 -8.53516 2.85297
    endloop
  endfacet
  facet normal 0.284772 0.938724 0.194172
    outer loop
      vertex 6.77984 -8.53516 2.85297
      vertex 6.79103 -8.4789 2.56457
      vertex 6.49981 -8.45021 2.85297
    endloop
  endfacet
  facet normal 0.268402 0.884718 0.381097
    outer loop
      vertex 6.79103 -8.4789 2.56457
      vertex 6.56482 -8.29325 2.2929
      vertex 6.52176 -8.39721 2.56457
    endloop
  endfacet
  facet normal 0.435812 0.815373 0.381096
    outer loop
      vertex 6.52176 -8.39721 2.56457
      vertex 6.56482 -8.29325 2.2929
      vertex 6.2736 -8.26457 2.56457
    endloop
  endfacet
  facet normal 0.0546517 0.554734 0.830231
    outer loop
      vertex 7.07107 -8.02266 1.84048
      vertex 6.93312 -7.76458 1.67712
      vertex 6.88542 -8.00437 1.84048
    endloop
  endfacet
  facet normal 0.0546073 0.554719 0.830244
    outer loop
      vertex 7.07107 -8.02266 1.84048
      vertex 7.07107 -7.77816 1.67712
      vertex 6.93312 -7.76458 1.67712
    endloop
  endfacet
  facet normal -0.0816193 0.828685 0.553733
    outer loop
      vertex 7.29728 -8.2083 2.04841
      vertex 7.07107 -8.23058 2.04841
      vertex 7.07107 -8.39395 2.2929
    endloop
  endfacet
  facet normal -0.0694781 0.705415 0.705381
    outer loop
      vertex 7.29728 -8.2083 2.04841
      vertex 7.07107 -8.02266 1.84048
      vertex 7.07107 -8.23058 2.04841
    endloop
  endfacet
  facet normal -0.44969 0.547912 0.705387
    outer loop
      vertex 7.71526 -8.03517 2.04841
      vertex 7.74394 -7.74394 1.84048
      vertex 7.59974 -7.86229 1.84048
    endloop
  endfacet
  facet normal -0.33413 0.62513 0.705387
    outer loop
      vertex 7.71526 -8.03517 2.04841
      vertex 7.59974 -7.86229 1.84048
      vertex 7.43523 -7.95022 1.84048
    endloop
  endfacet
  facet normal -0.181133 0.338897 0.923223
    outer loop
      vertex 7.34166 -7.72434 1.67712
      vertex 7.46391 -7.659 1.67712
      vertex 7.2377 -7.47335 1.56459
    endloop
  endfacet
  facet normal -0.262749 0.491598 0.830238
    outer loop
      vertex 7.43523 -7.95022 1.84048
      vertex 7.46391 -7.659 1.67712
      vertex 7.34166 -7.72434 1.67712
    endloop
  endfacet
  facet normal 0.392537 0.734373 0.553726
    outer loop
      vertex 6.56482 -8.29325 2.2929
      vertex 6.42688 -8.03517 2.04841
      vertex 6.33611 -8.171 2.2929
    endloop
  endfacet
  facet normal 0.586509 0.714678 0.381106
    outer loop
      vertex 6.2736 -8.26457 2.56457
      vertex 6.33611 -8.171 2.2929
      vertex 6.13565 -8.00649 2.2929
    endloop
  endfacet
  facet normal 0.881924 -0.471391 0
    outer loop
      vertex 5.69192 -6.49981 3.14703
      vertex 5.82987 -6.24172 2.85297
      vertex 5.82987 -6.24172 3.14703
    endloop
  endfacet
  facet normal 0.881924 -0.471391 0
    outer loop
      vertex 5.82987 -6.24172 2.85297
      vertex 5.69192 -6.49981 3.14703
      vertex 5.69192 -6.49981 2.85297
    endloop
  endfacet
  facet normal 0.382411 -0.0376784 -0.923224
    outer loop
      vertex 6.64401 -6.98612 4.43541
      vertex 6.63564 -7.07107 4.43541
      vertex 6.37756 -6.93312 4.32288
    endloop
  endfacet
  facet normal 0.172877 -0.0923863 -0.980601
    outer loop
      vertex 6.70902 -6.82916 4.43541
      vertex 6.93523 -7.0148 4.49278
      vertex 6.66879 -6.90444 4.43541
    endloop
  endfacet
  facet normal -0.0569052 -0.187571 -0.980601
    outer loop
      vertex 7.15602 -6.64401 4.43541
      vertex 7.2377 -6.66879 4.43541
      vertex 7.12733 -6.93523 4.49278
    endloop
  endfacet
  facet normal -0.0568578 -0.187576 -0.980603
    outer loop
      vertex 7.15602 -6.64401 4.43541
      vertex 7.12733 -6.93523 4.49278
      vertex 7.09975 -6.92687 4.49278
    endloop
  endfacet
  facet normal -0.382419 -0.0376342 -0.923222
    outer loop
      vertex 7.76458 -6.93312 4.32288
      vertex 7.50649 -7.07107 4.43541
      vertex 7.49813 -6.98612 4.43541
    endloop
  endfacet
  facet normal -0.0924106 -0.172853 -0.980603
    outer loop
      vertex 7.31298 -6.70902 4.43541
      vertex 7.15275 -6.94882 4.49278
      vertex 7.12733 -6.93523 4.49278
    endloop
  endfacet
  facet normal 0.205759 0.6783 -0.705388
    outer loop
      vertex 6.88542 -8.00437 4.15952
      vertex 6.84486 -8.2083 3.95159
      vertex 6.70691 -7.95022 4.15952
    endloop
  endfacet
  facet normal -0.069499 0.705402 -0.705392
    outer loop
      vertex 7.25671 -8.00437 4.15952
      vertex 7.29728 -8.2083 3.95159
      vertex 7.07107 -8.02266 4.15952
    endloop
  endfacet
  facet normal 0.0546517 0.554734 -0.830231
    outer loop
      vertex 6.93312 -7.76458 4.32288
      vertex 7.07107 -8.02266 4.15952
      vertex 6.88542 -8.00437 4.15952
    endloop
  endfacet
  facet normal 0.0694955 0.705404 -0.70539
    outer loop
      vertex 6.88542 -8.00437 4.15952
      vertex 7.07107 -8.02266 4.15952
      vertex 6.84486 -8.2083 3.95159
    endloop
  endfacet
  facet normal 0.528257 0.643696 -0.553714
    outer loop
      vertex 6.42688 -8.03517 3.95159
      vertex 6.33611 -8.171 3.70709
      vertex 6.13565 -8.00649 3.70709
    endloop
  endfacet
  facet normal 0.392542 0.734382 -0.55371
    outer loop
      vertex 6.42688 -8.03517 3.95159
      vertex 6.56482 -8.29325 3.70709
      vertex 6.33611 -8.171 3.70709
    endloop
  endfacet
  facet normal -0.124348 0.151514 -0.980603
    outer loop
      vertex 7.37896 -7.37896 4.43541
      vertex 7.31298 -7.43311 4.43541
      vertex 7.15275 -7.19331 4.49278
    endloop
  endfacet
  facet normal -0.12433 0.151535 -0.980601
    outer loop
      vertex 7.17503 -7.17503 4.49278
      vertex 7.37896 -7.37896 4.43541
      vertex 7.15275 -7.19331 4.49278
    endloop
  endfacet
  facet normal 0.0191969 0.195069 -0.980602
    outer loop
      vertex 7.04238 -7.21527 4.49278
      vertex 7.07107 -7.50649 4.43541
      vertex 6.98612 -7.49813 4.43541
    endloop
  endfacet
  facet normal 0.0376342 0.382419 -0.923222
    outer loop
      vertex 6.98612 -7.49813 4.43541
      vertex 7.07107 -7.50649 4.43541
      vertex 6.93312 -7.76458 4.32288
    endloop
  endfacet
  facet normal -0.0376481 0.382414 -0.923224
    outer loop
      vertex 7.07107 -7.50649 4.43541
      vertex 7.20901 -7.76458 4.32288
      vertex 7.07107 -7.77816 4.32288
    endloop
  endfacet
  facet normal -0.0546113 0.554718 -0.830244
    outer loop
      vertex 7.07107 -7.77816 4.32288
      vertex 7.20901 -7.76458 4.32288
      vertex 7.07107 -8.02266 4.15952
    endloop
  endfacet
  facet normal -0.0569033 0.187565 -0.980603
    outer loop
      vertex 7.2377 -7.47335 4.43541
      vertex 7.15602 -7.49813 4.43541
      vertex 7.12733 -7.2069 4.49278
    endloop
  endfacet
  facet normal -0.111558 0.367719 -0.923221
    outer loop
      vertex 7.2377 -7.47335 4.43541
      vertex 7.20901 -7.76458 4.32288
      vertex 7.15602 -7.49813 4.43541
    endloop
  endfacet
  facet normal 0.622309 0.758303 -0.194188
    outer loop
      vertex 6.05608 -8.08606 3.43543
      vertex 6.2736 -8.26457 3.43543
      vertex 6.01551 -8.12662 3.14703
    endloop
  endfacet
  facet normal 0.586505 0.714675 -0.381119
    outer loop
      vertex 6.13565 -8.00649 3.70709
      vertex 6.2736 -8.26457 3.43543
      vertex 6.05608 -8.08606 3.43543
    endloop
  endfacet
  facet normal 0.815359 0.435825 -0.381112
    outer loop
      vertex 5.97113 -7.80602 3.70709
      vertex 5.87757 -7.86854 3.43543
      vertex 5.84888 -7.57731 3.70709
    endloop
  endfacet
  facet normal 0.714672 0.586511 -0.381114
    outer loop
      vertex 5.97113 -7.80602 3.70709
      vertex 6.13565 -8.00649 3.70709
      vertex 5.87757 -7.86854 3.43543
    endloop
  endfacet
  facet normal 0.554723 0.0546236 -0.83024
    outer loop
      vertex 6.37756 -7.20901 4.32288
      vertex 6.13776 -7.25671 4.15952
      vertex 6.11948 -7.07107 4.15952
    endloop
  endfacet
  facet normal 0.491586 0.262742 -0.830247
    outer loop
      vertex 6.4178 -7.34166 4.32288
      vertex 6.48314 -7.46391 4.32288
      vertex 6.19191 -7.43523 4.15952
    endloop
  endfacet
  facet normal 0.8287 -0.081592 -0.553714
    outer loop
      vertex 5.7736 -6.81299 3.70709
      vertex 5.93383 -6.84486 3.95159
      vertex 5.74819 -7.07107 3.70709
    endloop
  endfacet
  facet normal 0.8287 0.081592 -0.553714
    outer loop
      vertex 5.93383 -7.29728 3.95159
      vertex 5.7736 -7.32915 3.70709
      vertex 5.74819 -7.07107 3.70709
    endloop
  endfacet
  facet normal 0.705407 0.0694616 -0.70539
    outer loop
      vertex 6.11948 -7.07107 4.15952
      vertex 6.13776 -7.25671 4.15952
      vertex 5.93383 -7.29728 3.95159
    endloop
  endfacet
  facet normal 0.82871 0.0816218 -0.553694
    outer loop
      vertex 5.91155 -7.07107 3.95159
      vertex 5.93383 -7.29728 3.95159
      vertex 5.74819 -7.07107 3.70709
    endloop
  endfacet
  facet normal -0.172853 0.0924106 0.980603
    outer loop
      vertex 7.43311 -7.31298 1.56459
      vertex 7.2069 -7.12733 1.50722
      vertex 7.19331 -7.15275 1.50722
    endloop
  endfacet
  facet normal 0.195066 0.0192482 0.980601
    outer loop
      vertex 6.92687 -7.09975 1.50722
      vertex 6.92404 -7.07107 1.50722
      vertex 6.63564 -7.07107 1.56459
    endloop
  endfacet
  facet normal -0.0191968 0.195068 0.980602
    outer loop
      vertex 7.15602 -7.49813 1.56459
      vertex 7.09975 -7.21527 1.50722
      vertex 7.07107 -7.50649 1.56459
    endloop
  endfacet
  facet normal 0.297042 0.243783 0.92322
    outer loop
      vertex 6.76317 -7.37896 1.56459
      vertex 6.70902 -7.31298 1.56459
      vertex 6.48314 -7.46391 1.67712
    endloop
  endfacet
  facet normal 0.35361 -0.430882 0.830242
    outer loop
      vertex 6.67823 -6.48314 1.67712
      vertex 6.54239 -6.27985 1.84048
      vertex 6.39819 -6.39819 1.84048
    endloop
  endfacet
  facet normal 0.0923863 -0.172877 0.980601
    outer loop
      vertex 7.0148 -6.93523 1.50722
      vertex 6.90444 -6.66879 1.56459
      vertex 6.82916 -6.70902 1.56459
    endloop
  endfacet
  facet normal -0.111549 -0.367718 0.923223
    outer loop
      vertex 7.2377 -6.66879 1.56459
      vertex 7.34166 -6.4178 1.67712
      vertex 7.20901 -6.37756 1.67712
    endloop
  endfacet
  facet normal -0.181133 -0.338897 0.923223
    outer loop
      vertex 7.46391 -6.48314 1.67712
      vertex 7.34166 -6.4178 1.67712
      vertex 7.2377 -6.66879 1.56459
    endloop
  endfacet
  facet normal 0.111557 -0.367715 0.923223
    outer loop
      vertex 6.98612 -6.64401 1.56459
      vertex 6.93312 -6.37756 1.67712
      vertex 6.90444 -6.66879 1.56459
    endloop
  endfacet
  facet normal -0.0376758 -0.382413 0.923223
    outer loop
      vertex 7.20901 -6.37756 1.67712
      vertex 7.07107 -6.36397 1.67712
      vertex 7.07107 -6.63564 1.56459
    endloop
  endfacet
  facet normal 0.262764 -0.491585 0.830241
    outer loop
      vertex 6.67823 -6.48314 1.67712
      vertex 6.70691 -6.19191 1.84048
      vertex 6.54239 -6.27985 1.84048
    endloop
  endfacet
  facet normal 0.449674 -0.547938 0.705378
    outer loop
      vertex 6.54239 -6.27985 1.84048
      vertex 6.42688 -6.10697 2.04841
      vertex 6.39819 -6.39819 1.84048
    endloop
  endfacet
  facet normal 0.262763 -0.491585 0.830241
    outer loop
      vertex 6.80047 -6.4178 1.67712
      vertex 6.70691 -6.19191 1.84048
      vertex 6.67823 -6.48314 1.67712
    endloop
  endfacet
  facet normal 0.353618 -0.430864 0.830247
    outer loop
      vertex 6.57108 -6.57108 1.67712
      vertex 6.67823 -6.48314 1.67712
      vertex 6.39819 -6.39819 1.84048
    endloop
  endfacet
  facet normal -0.0569218 0.187563 0.980602
    outer loop
      vertex 7.15602 -7.49813 1.56459
      vertex 7.12733 -7.2069 1.50722
      vertex 7.09975 -7.21527 1.50722
    endloop
  endfacet
  facet normal -0.338886 -0.181142 0.923225
    outer loop
      vertex 7.72434 -6.80047 1.67712
      vertex 7.659 -6.67823 1.67712
      vertex 7.47335 -6.90444 1.56459
    endloop
  endfacet
  facet normal 0.367715 -0.111557 0.923223
    outer loop
      vertex 6.64401 -6.98612 1.56459
      vertex 6.66879 -6.90444 1.56459
      vertex 6.37756 -6.93312 1.67712
    endloop
  endfacet
  facet normal 0.195064 0.0192193 0.980602
    outer loop
      vertex 6.64401 -7.15602 1.56459
      vertex 6.92687 -7.09975 1.50722
      vertex 6.63564 -7.07107 1.56459
    endloop
  endfacet
  facet normal -0.297035 0.243777 0.923224
    outer loop
      vertex 7.659 -7.46391 1.67712
      vertex 7.43311 -7.31298 1.56459
      vertex 7.37896 -7.37896 1.56459
    endloop
  endfacet
  facet normal -0.12433 -0.151535 0.980601
    outer loop
      vertex 7.17503 -6.9671 1.50722
      vertex 7.37896 -6.76317 1.56459
      vertex 7.15275 -6.94882 1.50722
    endloop
  endfacet
  facet normal -0.181146 0.338883 0.923225
    outer loop
      vertex 7.46391 -7.659 1.67712
      vertex 7.31298 -7.43311 1.56459
      vertex 7.2377 -7.47335 1.56459
    endloop
  endfacet
  facet normal -0.124348 0.151514 0.980603
    outer loop
      vertex 7.31298 -7.43311 1.56459
      vertex 7.37896 -7.37896 1.56459
      vertex 7.15275 -7.19331 1.50722
    endloop
  endfacet
  facet normal -0.111558 0.367719 0.923221
    outer loop
      vertex 7.20901 -7.76458 1.67712
      vertex 7.2377 -7.47335 1.56459
      vertex 7.15602 -7.49813 1.56459
    endloop
  endfacet
  facet normal 0.0191969 0.195069 0.980602
    outer loop
      vertex 7.07107 -7.50649 1.56459
      vertex 7.04238 -7.21527 1.50722
      vertex 6.98612 -7.49813 1.56459
    endloop
  endfacet
  facet normal -0.734379 0.39254 0.553714
    outer loop
      vertex 8.171 -7.80602 2.2929
      vertex 8.29325 -7.57731 2.2929
      vertex 8.03517 -7.71526 2.04841
    endloop
  endfacet
  facet normal -0.73438 0.392522 0.553726
    outer loop
      vertex 8.29325 -7.57731 2.2929
      vertex 8.14232 -7.51479 2.04841
      vertex 8.03517 -7.71526 2.04841
    endloop
  endfacet
  facet normal -0.53342 0.161801 0.830231
    outer loop
      vertex 7.95022 -7.43523 1.84048
      vertex 8.00437 -7.25671 1.84048
      vertex 7.76458 -7.20901 1.67712
    endloop
  endfacet
  facet normal -0.554733 0.0546546 0.830231
    outer loop
      vertex 8.00437 -7.25671 1.84048
      vertex 8.02266 -7.07107 1.84048
      vertex 7.76458 -7.20901 1.67712
    endloop
  endfacet
  facet normal -0.714686 0.586487 0.381125
    outer loop
      vertex 8.26457 -7.86854 2.56457
      vertex 8.171 -7.80602 2.2929
      vertex 8.00649 -8.00649 2.2929
    endloop
  endfacet
  facet normal -0.815354 0.435823 0.381125
    outer loop
      vertex 8.26457 -7.86854 2.56457
      vertex 8.29325 -7.57731 2.2929
      vertex 8.171 -7.80602 2.2929
    endloop
  endfacet
  facet normal -0.528247 0.643716 -0.5537
    outer loop
      vertex 8.00649 -8.00649 3.70709
      vertex 7.80602 -8.171 3.70709
      vertex 7.71526 -8.03517 3.95159
    endloop
  endfacet
  facet normal -0.528259 0.643692 -0.553717
    outer loop
      vertex 7.89097 -7.89097 3.95159
      vertex 8.00649 -8.00649 3.70709
      vertex 7.71526 -8.03517 3.95159
    endloop
  endfacet
  facet normal -0.0906237 0.92007 -0.381128
    outer loop
      vertex 7.32915 -8.36853 3.70709
      vertex 7.3511 -8.4789 3.43543
      vertex 7.07107 -8.39395 3.70709
    endloop
  endfacet
  facet normal -0.26838 0.884712 -0.381126
    outer loop
      vertex 7.57731 -8.29325 3.70709
      vertex 7.3511 -8.4789 3.43543
      vertex 7.32915 -8.36853 3.70709
    endloop
  endfacet
  facet normal -0.0694781 0.705415 -0.705381
    outer loop
      vertex 7.07107 -8.02266 4.15952
      vertex 7.29728 -8.2083 3.95159
      vertex 7.07107 -8.23058 3.95159
    endloop
  endfacet
  facet normal 0.0694781 0.705415 -0.705381
    outer loop
      vertex 7.07107 -8.02266 4.15952
      vertex 7.07107 -8.23058 3.95159
      vertex 6.84486 -8.2083 3.95159
    endloop
  endfacet
  facet normal 0.284772 0.938724 -0.194172
    outer loop
      vertex 6.79103 -8.4789 3.43543
      vertex 6.77984 -8.53516 3.14703
      vertex 6.49981 -8.45021 3.14703
    endloop
  endfacet
  facet normal -0.0192482 -0.195066 -0.980601
    outer loop
      vertex 7.07107 -6.63564 4.43541
      vertex 7.09975 -6.92687 4.49278
      vertex 7.07107 -6.92404 4.49278
    endloop
  endfacet
  facet normal 0.0192415 -0.195066 -0.980601
    outer loop
      vertex 7.07107 -6.63564 4.43541
      vertex 7.07107 -6.92404 4.49278
      vertex 7.04238 -6.92687 4.49278
    endloop
  endfacet
  facet normal -0.195066 0.0191802 -0.980602
    outer loop
      vertex 7.21809 -7.07107 4.49278
      vertex 7.50649 -7.07107 4.43541
      vertex 7.21527 -7.09975 4.49278
    endloop
  endfacet
  facet normal -0.491599 -0.262742 -0.830239
    outer loop
      vertex 7.86229 -6.54239 4.15952
      vertex 7.95022 -6.70691 4.15952
      vertex 7.659 -6.67823 4.32288
    endloop
  endfacet
  facet normal -0.430868 -0.353629 -0.830241
    outer loop
      vertex 7.74394 -6.39819 4.15952
      vertex 7.86229 -6.54239 4.15952
      vertex 7.659 -6.67823 4.32288
    endloop
  endfacet
  facet normal 0.622303 -0.758302 0.194209
    outer loop
      vertex 6.2736 -5.87757 2.56457
      vertex 6.24172 -5.82987 2.85297
      vertex 6.01551 -6.01551 2.85297
    endloop
  endfacet
  facet normal 0.462437 -0.865122 0.194205
    outer loop
      vertex 6.2736 -5.87757 2.56457
      vertex 6.52176 -5.74492 2.56457
      vertex 6.24172 -5.82987 2.85297
    endloop
  endfacet
  facet normal -0.24172 -0.796855 -0.553708
    outer loop
      vertex 7.57731 -5.84888 3.70709
      vertex 7.51479 -5.99981 3.95159
      vertex 7.29728 -5.93383 3.95159
    endloop
  endfacet
  facet normal -0.241726 -0.79685 -0.553714
    outer loop
      vertex 7.32915 -5.7736 3.70709
      vertex 7.57731 -5.84888 3.70709
      vertex 7.29728 -5.93383 3.95159
    endloop
  endfacet
  facet normal -0.111549 -0.367718 -0.923223
    outer loop
      vertex 7.34166 -6.4178 4.32288
      vertex 7.2377 -6.66879 4.43541
      vertex 7.20901 -6.37756 4.32288
    endloop
  endfacet
  facet normal -0.243783 -0.297042 -0.92322
    outer loop
      vertex 7.46391 -6.48314 4.32288
      vertex 7.37896 -6.76317 4.43541
      vertex 7.31298 -6.70902 4.43541
    endloop
  endfacet
  facet normal -0.0376758 -0.382413 -0.923223
    outer loop
      vertex 7.07107 -6.36397 4.32288
      vertex 7.20901 -6.37756 4.32288
      vertex 7.07107 -6.63564 4.43541
    endloop
  endfacet
  facet normal -0.0546529 -0.554733 -0.830232
    outer loop
      vertex 7.07107 -6.11948 4.15952
      vertex 7.20901 -6.37756 4.32288
      vertex 7.07107 -6.36397 4.32288
    endloop
  endfacet
  facet normal -0.243787 -0.297041 -0.92322
    outer loop
      vertex 7.46391 -6.48314 4.32288
      vertex 7.57106 -6.57108 4.32288
      vertex 7.37896 -6.76317 4.43541
    endloop
  endfacet
  facet normal -0.353625 -0.430872 -0.83024
    outer loop
      vertex 7.74394 -6.39819 4.15952
      vertex 7.57106 -6.57108 4.32288
      vertex 7.46391 -6.48314 4.32288
    endloop
  endfacet
  facet normal 0.161805 -0.533403 -0.830241
    outer loop
      vertex 6.88542 -6.13776 4.15952
      vertex 6.93312 -6.37756 4.32288
      vertex 6.70691 -6.19191 4.15952
    endloop
  endfacet
  facet normal 0.0546207 -0.554723 -0.83024
    outer loop
      vertex 7.07107 -6.11948 4.15952
      vertex 6.93312 -6.37756 4.32288
      vertex 6.88542 -6.13776 4.15952
    endloop
  endfacet
  facet normal -0.491597 -0.26277 0.830232
    outer loop
      vertex 7.72434 -6.80047 1.67712
      vertex 7.95022 -6.70691 1.84048
      vertex 7.659 -6.67823 1.67712
    endloop
  endfacet
  facet normal -0.533414 -0.161814 0.830233
    outer loop
      vertex 7.76458 -6.93312 1.67712
      vertex 7.95022 -6.70691 1.84048
      vertex 7.72434 -6.80047 1.67712
    endloop
  endfacet
  facet normal -0.865137 -0.46241 0.194205
    outer loop
      vertex 8.39721 -6.52176 2.56457
      vertex 8.31227 -6.24172 2.85297
      vertex 8.26457 -6.2736 2.56457
    endloop
  endfacet
  facet normal -0.758285 -0.622323 0.194209
    outer loop
      vertex 8.26457 -6.2736 2.56457
      vertex 8.31227 -6.24172 2.85297
      vertex 8.12662 -6.01551 2.85297
    endloop
  endfacet
  facet normal 0.70541 -0.0694581 0.705388
    outer loop
      vertex 6.11948 -7.07107 1.84048
      vertex 6.13776 -6.88542 1.84048
      vertex 5.93383 -6.84486 2.04841
    endloop
  endfacet
  facet normal 0.6783 -0.205759 0.705388
    outer loop
      vertex 6.13776 -6.88542 1.84048
      vertex 6.19191 -6.70691 1.84048
      vertex 5.93383 -6.84486 2.04841
    endloop
  endfacet
  facet normal 0.734358 -0.392566 0.553724
    outer loop
      vertex 5.99981 -6.62734 2.04841
      vertex 6.10697 -6.42688 2.04841
      vertex 5.84888 -6.56482 2.2929
    endloop
  endfacet
  facet normal 0.625106 -0.334163 0.705392
    outer loop
      vertex 6.19191 -6.70691 1.84048
      vertex 6.10697 -6.42688 2.04841
      vertex 5.99981 -6.62734 2.04841
    endloop
  endfacet
  facet normal 0.491585 -0.262764 0.830241
    outer loop
      vertex 6.48314 -6.67823 1.67712
      vertex 6.27985 -6.54239 1.84048
      vertex 6.19191 -6.70691 1.84048
    endloop
  endfacet
  facet normal 0.338914 -0.181117 0.923219
    outer loop
      vertex 6.66879 -6.90444 1.56459
      vertex 6.70902 -6.82916 1.56459
      vertex 6.48314 -6.67823 1.67712
    endloop
  endfacet
  facet normal 0.382411 -0.0376784 0.923224
    outer loop
      vertex 6.63564 -7.07107 1.56459
      vertex 6.64401 -6.98612 1.56459
      vertex 6.37756 -6.93312 1.67712
    endloop
  endfacet
  facet normal 0.554733 0.0546529 0.830232
    outer loop
      vertex 6.37756 -7.20901 1.67712
      vertex 6.36397 -7.07107 1.67712
      vertex 6.11948 -7.07107 1.84048
    endloop
  endfacet
  facet normal 0.625119 0.334154 0.705385
    outer loop
      vertex 6.10697 -7.71526 2.04841
      vertex 6.19191 -7.43523 1.84048
      vertex 5.99981 -7.51479 2.04841
    endloop
  endfacet
  facet normal 0.678298 0.205746 0.705394
    outer loop
      vertex 6.19191 -7.43523 1.84048
      vertex 6.13776 -7.25671 1.84048
      vertex 5.93383 -7.29728 2.04841
    endloop
  endfacet
  facet normal 0.382412 0.0376785 0.923223
    outer loop
      vertex 6.64401 -7.15602 1.56459
      vertex 6.63564 -7.07107 1.56459
      vertex 6.37756 -7.20901 1.67712
    endloop
  endfacet
  facet normal 0.161814 0.533414 0.830233
    outer loop
      vertex 6.93312 -7.76458 1.67712
      vertex 6.80047 -7.72434 1.67712
      vertex 6.70691 -7.95022 1.84048
    endloop
  endfacet
  facet normal 0.26277 0.491597 0.830232
    outer loop
      vertex 6.70691 -7.95022 1.84048
      vertex 6.80047 -7.72434 1.67712
      vertex 6.67823 -7.659 1.67712
    endloop
  endfacet
  facet normal 0.243786 0.297039 0.923221
    outer loop
      vertex 6.67823 -7.659 1.67712
      vertex 6.76317 -7.37896 1.56459
      vertex 6.57108 -7.57106 1.67712
    endloop
  endfacet
  facet normal 0.0924121 0.172856 0.980602
    outer loop
      vertex 7.0148 -7.2069 1.50722
      vertex 6.98938 -7.19331 1.50722
      vertex 6.82916 -7.43311 1.56459
    endloop
  endfacet
  facet normal 0.392566 -0.734358 0.553724
    outer loop
      vertex 6.62734 -5.99981 2.04841
      vertex 6.56482 -5.84888 2.2929
      vertex 6.42688 -6.10697 2.04841
    endloop
  endfacet
  facet normal 0.241707 -0.796849 0.553724
    outer loop
      vertex 6.62734 -5.99981 2.04841
      vertex 6.84486 -5.93383 2.04841
      vertex 6.56482 -5.84888 2.2929
    endloop
  endfacet
  facet normal 0.643684 -0.528253 0.553733
    outer loop
      vertex 6.25117 -6.25117 2.04841
      vertex 6.13565 -6.13565 2.2929
      vertex 6.10697 -6.42688 2.04841
    endloop
  endfacet
  facet normal 0.528253 -0.643684 0.553733
    outer loop
      vertex 6.25117 -6.25117 2.04841
      vertex 6.42688 -6.10697 2.04841
      vertex 6.13565 -6.13565 2.2929
    endloop
  endfacet
  facet normal 0.865122 -0.462437 0.194205
    outer loop
      vertex 5.87757 -6.2736 2.56457
      vertex 5.82987 -6.24172 2.85297
      vertex 5.74492 -6.52176 2.56457
    endloop
  endfacet
  facet normal 0.815368 -0.43583 0.381086
    outer loop
      vertex 5.97113 -6.33611 2.2929
      vertex 5.87757 -6.2736 2.56457
      vertex 5.84888 -6.56482 2.2929
    endloop
  endfacet
  facet normal -0.865141 0.462405 -0.194199
    outer loop
      vertex 8.39721 -7.62037 3.43543
      vertex 8.45021 -7.64233 3.14703
      vertex 8.31227 -7.90041 3.14703
    endloop
  endfacet
  facet normal -0.938715 0.284784 -0.194195
    outer loop
      vertex 8.4789 -7.3511 3.43543
      vertex 8.45021 -7.64233 3.14703
      vertex 8.39721 -7.62037 3.43543
    endloop
  endfacet
  facet normal 0.172853 0.0924106 -0.980603
    outer loop
      vertex 6.93523 -7.12733 4.49278
      vertex 6.94882 -7.15275 4.49278
      vertex 6.70902 -7.31298 4.43541
    endloop
  endfacet
  facet normal 0.12433 -0.151535 -0.980601
    outer loop
      vertex 6.98938 -6.94882 4.49278
      vertex 6.9671 -6.9671 4.49278
      vertex 6.76317 -6.76317 4.43541
    endloop
  endfacet
  facet normal 0.195066 -0.0192415 -0.980601
    outer loop
      vertex 6.92687 -7.04238 4.49278
      vertex 6.92404 -7.07107 4.49278
      vertex 6.63564 -7.07107 4.43541
    endloop
  endfacet
  facet normal 0.187578 -0.0568583 -0.980603
    outer loop
      vertex 6.93523 -7.0148 4.49278
      vertex 6.92687 -7.04238 4.49278
      vertex 6.64401 -6.98612 4.43541
    endloop
  endfacet
  facet normal 0.205747 0.678298 0.705393
    outer loop
      vertex 6.84486 -8.2083 2.04841
      vertex 6.70691 -7.95022 1.84048
      vertex 6.62734 -8.14232 2.04841
    endloop
  endfacet
  facet normal 0.241707 0.796849 0.553724
    outer loop
      vertex 6.84486 -8.2083 2.04841
      vertex 6.62734 -8.14232 2.04841
      vertex 6.56482 -8.29325 2.2929
    endloop
  endfacet
  facet normal 0.334138 0.625117 0.705393
    outer loop
      vertex 6.62734 -8.14232 2.04841
      vertex 6.70691 -7.95022 1.84048
      vertex 6.42688 -8.03517 2.04841
    endloop
  endfacet
  facet normal 0.392537 0.734372 0.553725
    outer loop
      vertex 6.56482 -8.29325 2.2929
      vertex 6.62734 -8.14232 2.04841
      vertex 6.42688 -8.03517 2.04841
    endloop
  endfacet
  facet normal 0.758302 -0.622303 0.194209
    outer loop
      vertex 5.87757 -6.2736 2.56457
      vertex 6.01551 -6.01551 2.85297
      vertex 5.82987 -6.24172 2.85297
    endloop
  endfacet
  facet normal 0.758299 -0.622306 0.194213
    outer loop
      vertex 6.05608 -6.05608 2.56457
      vertex 6.01551 -6.01551 2.85297
      vertex 5.87757 -6.2736 2.56457
    endloop
  endfacet
  facet normal 0.187573 -0.0569057 -0.980601
    outer loop
      vertex 6.66879 -6.90444 4.43541
      vertex 6.93523 -7.0148 4.49278
      vertex 6.64401 -6.98612 4.43541
    endloop
  endfacet
  facet normal -0.187567 -0.0569039 -0.980602
    outer loop
      vertex 7.47335 -6.90444 4.43541
      vertex 7.49813 -6.98612 4.43541
      vertex 7.2069 -7.0148 4.49278
    endloop
  endfacet
  facet normal 0.353629 0.430868 -0.830241
    outer loop
      vertex 6.67823 -7.659 4.32288
      vertex 6.54239 -7.86229 4.15952
      vertex 6.39819 -7.74394 4.15952
    endloop
  endfacet
  facet normal 0.181142 0.338886 -0.923225
    outer loop
      vertex 6.90444 -7.47335 4.43541
      vertex 6.80047 -7.72434 4.32288
      vertex 6.67823 -7.659 4.32288
    endloop
  endfacet
  facet normal -0.161801 0.53342 -0.830231
    outer loop
      vertex 7.43523 -7.95022 4.15952
      vertex 7.25671 -8.00437 4.15952
      vertex 7.20901 -7.76458 4.32288
    endloop
  endfacet
  facet normal -0.0546546 0.554733 -0.830231
    outer loop
      vertex 7.20901 -7.76458 4.32288
      vertex 7.25671 -8.00437 4.15952
      vertex 7.07107 -8.02266 4.15952
    endloop
  endfacet
  facet normal 0.643692 0.528259 -0.553717
    outer loop
      vertex 6.25117 -7.89097 3.95159
      vertex 6.13565 -8.00649 3.70709
      vertex 6.10697 -7.71526 3.95159
    endloop
  endfacet
  facet normal 0.528259 0.643692 -0.553717
    outer loop
      vertex 6.25117 -7.89097 3.95159
      vertex 6.42688 -8.03517 3.95159
      vertex 6.13565 -8.00649 3.70709
    endloop
  endfacet
  facet normal -0.181133 0.338897 -0.923223
    outer loop
      vertex 7.46391 -7.659 4.32288
      vertex 7.34166 -7.72434 4.32288
      vertex 7.2377 -7.47335 4.43541
    endloop
  endfacet
  facet normal -0.111549 0.367718 -0.923223
    outer loop
      vertex 7.2377 -7.47335 4.43541
      vertex 7.34166 -7.72434 4.32288
      vertex 7.20901 -7.76458 4.32288
    endloop
  endfacet
  facet normal 0.195064 0.0192193 -0.980602
    outer loop
      vertex 6.92687 -7.09975 4.49278
      vertex 6.64401 -7.15602 4.43541
      vertex 6.63564 -7.07107 4.43541
    endloop
  endfacet
  facet normal 0.382412 0.0376785 -0.923223
    outer loop
      vertex 6.63564 -7.07107 4.43541
      vertex 6.64401 -7.15602 4.43541
      vertex 6.37756 -7.20901 4.32288
    endloop
  endfacet
  facet normal 0.554733 -0.0546489 -0.830232
    outer loop
      vertex 6.37756 -6.93312 4.32288
      vertex 6.36397 -7.07107 4.32288
      vertex 6.11948 -7.07107 4.15952
    endloop
  endfacet
  facet normal 0.554733 0.0546529 -0.830232
    outer loop
      vertex 6.36397 -7.07107 4.32288
      vertex 6.37756 -7.20901 4.32288
      vertex 6.11948 -7.07107 4.15952
    endloop
  endfacet
  facet normal 0.678298 0.205746 -0.705394
    outer loop
      vertex 6.13776 -7.25671 4.15952
      vertex 6.19191 -7.43523 4.15952
      vertex 5.93383 -7.29728 3.95159
    endloop
  endfacet
  facet normal 0.533405 0.161796 -0.830241
    outer loop
      vertex 6.37756 -7.20901 4.32288
      vertex 6.19191 -7.43523 4.15952
      vertex 6.13776 -7.25671 4.15952
    endloop
  endfacet
  facet normal 0.533403 -0.161805 -0.830241
    outer loop
      vertex 6.19191 -6.70691 4.15952
      vertex 6.37756 -6.93312 4.32288
      vertex 6.13776 -6.88542 4.15952
    endloop
  endfacet
  facet normal 0.6783 -0.205759 -0.705388
    outer loop
      vertex 6.19191 -6.70691 4.15952
      vertex 6.13776 -6.88542 4.15952
      vertex 5.93383 -6.84486 3.95159
    endloop
  endfacet
  facet normal 0.705398 0.0694765 -0.705398
    outer loop
      vertex 6.11948 -7.07107 4.15952
      vertex 5.93383 -7.29728 3.95159
      vertex 5.91155 -7.07107 3.95159
    endloop
  endfacet
  facet normal 0.705398 -0.0694765 -0.705398
    outer loop
      vertex 5.93383 -6.84486 3.95159
      vertex 6.11948 -7.07107 4.15952
      vertex 5.91155 -7.07107 3.95159
    endloop
  endfacet
  facet normal -0.172861 0.0924009 0.980602
    outer loop
      vertex 7.43311 -7.31298 1.56459
      vertex 7.47335 -7.2377 1.56459
      vertex 7.2069 -7.12733 1.50722
    endloop
  endfacet
  facet normal -0.195066 -0.0191735 0.980603
    outer loop
      vertex 7.21809 -7.07107 1.50722
      vertex 7.50649 -7.07107 1.56459
      vertex 7.21527 -7.04238 1.50722
    endloop
  endfacet
  facet normal 0.0376731 -0.382414 0.923223
    outer loop
      vertex 7.07107 -6.63564 1.56459
      vertex 7.07107 -6.36397 1.67712
      vertex 6.93312 -6.37756 1.67712
    endloop
  endfacet
  facet normal 0.430864 -0.353618 0.830247
    outer loop
      vertex 6.48314 -6.67823 1.67712
      vertex 6.57108 -6.57108 1.67712
      vertex 6.39819 -6.39819 1.84048
    endloop
  endfacet
  facet normal 0.297058 -0.24376 0.923221
    outer loop
      vertex 6.70902 -6.82916 1.56459
      vertex 6.76317 -6.76317 1.56459
      vertex 6.48314 -6.67823 1.67712
    endloop
  endfacet
  facet normal 0.0569057 -0.187573 0.980601
    outer loop
      vertex 7.0148 -6.93523 1.50722
      vertex 6.98612 -6.64401 1.56459
      vertex 6.90444 -6.66879 1.56459
    endloop
  endfacet
  facet normal 0.0924023 0.172864 0.980602
    outer loop
      vertex 6.90444 -7.47335 1.56459
      vertex 7.0148 -7.2069 1.50722
      vertex 6.82916 -7.43311 1.56459
    endloop
  endfacet
  facet normal 0.195066 -0.0192415 0.980601
    outer loop
      vertex 6.92404 -7.07107 1.50722
      vertex 6.92687 -7.04238 1.50722
      vertex 6.63564 -7.07107 1.56459
    endloop
  endfacet
  facet normal 0.0924121 -0.172856 0.980602
    outer loop
      vertex 6.98938 -6.94882 1.50722
      vertex 7.0148 -6.93523 1.50722
      vertex 6.82916 -6.70902 1.56459
    endloop
  endfacet
  facet normal 0.0192415 -0.195066 0.980601
    outer loop
      vertex 7.07107 -6.92404 1.50722
      vertex 7.07107 -6.63564 1.56459
      vertex 7.04238 -6.92687 1.50722
    endloop
  endfacet
  facet normal 0.0192194 -0.195064 0.980602
    outer loop
      vertex 7.04238 -6.92687 1.50722
      vertex 7.07107 -6.63564 1.56459
      vertex 6.98612 -6.64401 1.56459
    endloop
  endfacet
  facet normal 0.181117 -0.338914 0.923219
    outer loop
      vertex 6.82916 -6.70902 1.56459
      vertex 6.90444 -6.66879 1.56459
      vertex 6.67823 -6.48314 1.67712
    endloop
  endfacet
  facet normal 0.24376 -0.297058 0.923221
    outer loop
      vertex 6.76317 -6.76317 1.56459
      vertex 6.82916 -6.70902 1.56459
      vertex 6.67823 -6.48314 1.67712
    endloop
  endfacet
  facet normal -0.297051 -0.243754 0.923225
    outer loop
      vertex 7.43311 -6.82916 1.56459
      vertex 7.659 -6.67823 1.67712
      vertex 7.37896 -6.76317 1.56459
    endloop
  endfacet
  facet normal -0.338883 -0.181146 0.923225
    outer loop
      vertex 7.47335 -6.90444 1.56459
      vertex 7.659 -6.67823 1.67712
      vertex 7.43311 -6.82916 1.56459
    endloop
  endfacet
  facet normal -0.195066 0.0191802 0.980602
    outer loop
      vertex 7.50649 -7.07107 1.56459
      vertex 7.21809 -7.07107 1.50722
      vertex 7.21527 -7.09975 1.50722
    endloop
  endfacet
  facet normal 0.0568583 -0.187578 0.980603
    outer loop
      vertex 7.0148 -6.93523 1.50722
      vertex 7.04238 -6.92687 1.50722
      vertex 6.98612 -6.64401 1.56459
    endloop
  endfacet
  facet normal -0.187563 0.0569218 0.980602
    outer loop
      vertex 7.49813 -7.15602 1.56459
      vertex 7.21527 -7.09975 1.50722
      vertex 7.2069 -7.12733 1.50722
    endloop
  endfacet
  facet normal 0.0569224 0.187565 0.980601
    outer loop
      vertex 7.04238 -7.21527 1.50722
      vertex 7.0148 -7.2069 1.50722
      vertex 6.98612 -7.49813 1.56459
    endloop
  endfacet
  facet normal -0.0376343 0.38242 0.923222
    outer loop
      vertex 7.20901 -7.76458 1.67712
      vertex 7.15602 -7.49813 1.56459
      vertex 7.07107 -7.50649 1.56459
    endloop
  endfacet
  facet normal -0.0376481 0.382414 0.923224
    outer loop
      vertex 7.20901 -7.76458 1.67712
      vertex 7.07107 -7.50649 1.56459
      vertex 7.07107 -7.77816 1.67712
    endloop
  endfacet
  facet normal -0.6783 0.205757 0.705389
    outer loop
      vertex 8.14232 -7.51479 2.04841
      vertex 8.2083 -7.29728 2.04841
      vertex 7.95022 -7.43523 1.84048
    endloop
  endfacet
  facet normal -0.796845 0.241717 0.553724
    outer loop
      vertex 8.29325 -7.57731 2.2929
      vertex 8.2083 -7.29728 2.04841
      vertex 8.14232 -7.51479 2.04841
    endloop
  endfacet
  facet normal 0.622323 0.758285 -0.194209
    outer loop
      vertex 6.2736 -8.26457 3.43543
      vertex 6.24172 -8.31227 3.14703
      vertex 6.01551 -8.12662 3.14703
    endloop
  endfacet
  facet normal 0.634402 0.773003 -0
    outer loop
      vertex 6.24172 -8.31227 2.85297
      vertex 6.01551 -8.12662 3.14703
      vertex 6.24172 -8.31227 3.14703
    endloop
  endfacet
  facet normal 0.634402 0.773003 0
    outer loop
      vertex 6.01551 -8.12662 3.14703
      vertex 6.24172 -8.31227 2.85297
      vertex 6.01551 -8.12662 2.85297
    endloop
  endfacet
  facet normal -0.172856 -0.0924121 -0.980602
    outer loop
      vertex 7.43311 -6.82916 4.43541
      vertex 7.2069 -7.0148 4.49278
      vertex 7.19331 -6.98938 4.49278
    endloop
  endfacet
  facet normal -0.172864 -0.0924023 -0.980602
    outer loop
      vertex 7.43311 -6.82916 4.43541
      vertex 7.47335 -6.90444 4.43541
      vertex 7.2069 -7.0148 4.49278
    endloop
  endfacet
  facet normal -0.181133 -0.338897 -0.923223
    outer loop
      vertex 7.34166 -6.4178 4.32288
      vertex 7.46391 -6.48314 4.32288
      vertex 7.2377 -6.66879 4.43541
    endloop
  endfacet
  facet normal -0.262742 -0.491586 -0.830247
    outer loop
      vertex 7.43523 -6.19191 4.15952
      vertex 7.46391 -6.48314 4.32288
      vertex 7.34166 -6.4178 4.32288
    endloop
  endfacet
  facet normal 0.338886 -0.181142 0.923225
    outer loop
      vertex 6.66879 -6.90444 1.56459
      vertex 6.48314 -6.67823 1.67712
      vertex 6.4178 -6.80047 1.67712
    endloop
  endfacet
  facet normal 0.491585 -0.262763 0.830241
    outer loop
      vertex 6.4178 -6.80047 1.67712
      vertex 6.48314 -6.67823 1.67712
      vertex 6.19191 -6.70691 1.84048
    endloop
  endfacet
  facet normal 0.734367 0.392534 0.553735
    outer loop
      vertex 5.97113 -7.80602 2.2929
      vertex 6.10697 -7.71526 2.04841
      vertex 5.84888 -7.57731 2.2929
    endloop
  endfacet
  facet normal 0.430889 0.353616 0.830235
    outer loop
      vertex 6.39819 -7.74394 1.84048
      vertex 6.48314 -7.46391 1.67712
      vertex 6.27985 -7.59974 1.84048
    endloop
  endfacet
  facet normal 0.554723 -0.0546207 0.83024
    outer loop
      vertex 6.37756 -6.93312 1.67712
      vertex 6.13776 -6.88542 1.84048
      vertex 6.11948 -7.07107 1.84048
    endloop
  endfacet
  facet normal 0.533403 -0.161805 0.830241
    outer loop
      vertex 6.37756 -6.93312 1.67712
      vertex 6.19191 -6.70691 1.84048
      vertex 6.13776 -6.88542 1.84048
    endloop
  endfacet
  facet normal 0.172856 -0.0924121 0.980602
    outer loop
      vertex 6.93523 -7.0148 1.50722
      vertex 6.94882 -6.98938 1.50722
      vertex 6.70902 -6.82916 1.56459
    endloop
  endfacet
  facet normal 0.151525 -0.124338 0.980602
    outer loop
      vertex 6.94882 -6.98938 1.50722
      vertex 6.76317 -6.76317 1.56459
      vertex 6.70902 -6.82916 1.56459
    endloop
  endfacet
  facet normal 0.430872 0.353625 0.83024
    outer loop
      vertex 6.57108 -7.57106 1.67712
      vertex 6.48314 -7.46391 1.67712
      vertex 6.39819 -7.74394 1.84048
    endloop
  endfacet
  facet normal 0.353626 0.430874 0.830239
    outer loop
      vertex 6.67823 -7.659 1.67712
      vertex 6.57108 -7.57106 1.67712
      vertex 6.39819 -7.74394 1.84048
    endloop
  endfacet
  facet normal 0.124338 0.151525 0.980602
    outer loop
      vertex 6.82916 -7.43311 1.56459
      vertex 6.98938 -7.19331 1.50722
      vertex 6.76317 -7.37896 1.56459
    endloop
  endfacet
  facet normal 0.243754 0.297051 0.923225
    outer loop
      vertex 6.82916 -7.43311 1.56459
      vertex 6.76317 -7.37896 1.56459
      vertex 6.67823 -7.659 1.67712
    endloop
  endfacet
  facet normal 0.111548 0.367715 0.923224
    outer loop
      vertex 6.93312 -7.76458 1.67712
      vertex 6.90444 -7.47335 1.56459
      vertex 6.80047 -7.72434 1.67712
    endloop
  endfacet
  facet normal 0.181142 0.338886 0.923225
    outer loop
      vertex 6.80047 -7.72434 1.67712
      vertex 6.90444 -7.47335 1.56459
      vertex 6.67823 -7.659 1.67712
    endloop
  endfacet
  facet normal 0.161809 0.533418 -0.830231
    outer loop
      vertex 6.93312 -7.76458 4.32288
      vertex 6.88542 -8.00437 4.15952
      vertex 6.70691 -7.95022 4.15952
    endloop
  endfacet
  facet normal 0.161814 0.533414 -0.830233
    outer loop
      vertex 6.80047 -7.72434 4.32288
      vertex 6.93312 -7.76458 4.32288
      vertex 6.70691 -7.95022 4.15952
    endloop
  endfacet
  facet normal 0.172874 0.0923848 -0.980602
    outer loop
      vertex 6.93523 -7.12733 4.49278
      vertex 6.70902 -7.31298 4.43541
      vertex 6.66879 -7.2377 4.43541
    endloop
  endfacet
  facet normal 0.367719 0.111558 -0.923221
    outer loop
      vertex 6.64401 -7.15602 4.43541
      vertex 6.66879 -7.2377 4.43541
      vertex 6.37756 -7.20901 4.32288
    endloop
  endfacet
  facet normal 0.151535 0.12433 0.980601
    outer loop
      vertex 6.9671 -7.17503 1.50722
      vertex 6.94882 -7.15275 1.50722
      vertex 6.76317 -7.37896 1.56459
    endloop
  endfacet
  facet normal -0.0568578 -0.187576 0.980603
    outer loop
      vertex 7.12733 -6.93523 1.50722
      vertex 7.15602 -6.64401 1.56459
      vertex 7.09975 -6.92687 1.50722
    endloop
  endfacet
  facet normal -0.0923848 -0.172874 0.980602
    outer loop
      vertex 7.31298 -6.70902 1.56459
      vertex 7.2377 -6.66879 1.56459
      vertex 7.12733 -6.93523 1.50722
    endloop
  endfacet
  facet normal 0.0569039 0.187567 0.980602
    outer loop
      vertex 6.98612 -7.49813 1.56459
      vertex 7.0148 -7.2069 1.50722
      vertex 6.90444 -7.47335 1.56459
    endloop
  endfacet
  facet normal -0.0569033 0.187565 0.980603
    outer loop
      vertex 7.15602 -7.49813 1.56459
      vertex 7.2377 -7.47335 1.56459
      vertex 7.12733 -7.2069 1.50722
    endloop
  endfacet
  facet normal -0.367719 0.111558 0.923221
    outer loop
      vertex 7.76458 -7.20901 1.67712
      vertex 7.49813 -7.15602 1.56459
      vertex 7.47335 -7.2377 1.56459
    endloop
  endfacet
  facet normal -0.187565 0.0569033 0.980603
    outer loop
      vertex 7.47335 -7.2377 1.56459
      vertex 7.49813 -7.15602 1.56459
      vertex 7.2069 -7.12733 1.50722
    endloop
  endfacet
  facet normal -0.151514 0.124348 0.980603
    outer loop
      vertex 7.37896 -7.37896 1.56459
      vertex 7.43311 -7.31298 1.56459
      vertex 7.19331 -7.15275 1.50722
    endloop
  endfacet
  facet normal -0.151535 0.12433 0.980601
    outer loop
      vertex 7.37896 -7.37896 1.56459
      vertex 7.19331 -7.15275 1.50722
      vertex 7.17503 -7.17503 1.50722
    endloop
  endfacet
  facet normal 0.195066 0.0192482 -0.980601
    outer loop
      vertex 6.92404 -7.07107 4.49278
      vertex 6.92687 -7.09975 4.49278
      vertex 6.63564 -7.07107 4.43541
    endloop
  endfacet
  facet normal 0.643684 0.528253 0.553733
    outer loop
      vertex 6.13565 -8.00649 2.2929
      vertex 6.25117 -7.89097 2.04841
      vertex 6.10697 -7.71526 2.04841
    endloop
  endfacet
  facet normal 0.547929 0.449669 0.705388
    outer loop
      vertex 6.25117 -7.89097 2.04841
      vertex 6.39819 -7.74394 1.84048
      vertex 6.10697 -7.71526 2.04841
    endloop
  endfacet
  facet normal 0.187578 -0.0568583 0.980603
    outer loop
      vertex 6.92687 -7.04238 1.50722
      vertex 6.93523 -7.0148 1.50722
      vertex 6.64401 -6.98612 1.56459
    endloop
  endfacet
  facet normal 0.195064 -0.0192194 0.980602
    outer loop
      vertex 6.92687 -7.04238 1.50722
      vertex 6.64401 -6.98612 1.56459
      vertex 6.63564 -7.07107 1.56459
    endloop
  endfacet
  facet normal 0.382414 -0.0376731 0.923223
    outer loop
      vertex 6.63564 -7.07107 1.56459
      vertex 6.37756 -6.93312 1.67712
      vertex 6.36397 -7.07107 1.67712
    endloop
  endfacet
  facet normal 0.382413 0.0376758 0.923223
    outer loop
      vertex 6.37756 -7.20901 1.67712
      vertex 6.63564 -7.07107 1.56459
      vertex 6.36397 -7.07107 1.67712
    endloop
  endfacet
  facet normal 0.334138 0.625117 -0.705393
    outer loop
      vertex 6.70691 -7.95022 4.15952
      vertex 6.62734 -8.14232 3.95159
      vertex 6.42688 -8.03517 3.95159
    endloop
  endfacet
  facet normal 0.205747 0.678298 -0.705393
    outer loop
      vertex 6.70691 -7.95022 4.15952
      vertex 6.84486 -8.2083 3.95159
      vertex 6.62734 -8.14232 3.95159
    endloop
  endfacet
  facet normal 0.187571 0.0569052 -0.980601
    outer loop
      vertex 6.93523 -7.12733 4.49278
      vertex 6.66879 -7.2377 4.43541
      vertex 6.64401 -7.15602 4.43541
    endloop
  endfacet
  facet normal 0.187576 0.0568578 -0.980603
    outer loop
      vertex 6.92687 -7.09975 4.49278
      vertex 6.93523 -7.12733 4.49278
      vertex 6.64401 -7.15602 4.43541
    endloop
  endfacet
  facet normal -0.151525 -0.124338 0.980602
    outer loop
      vertex 7.43311 -6.82916 1.56459
      vertex 7.37896 -6.76317 1.56459
      vertex 7.19331 -6.98938 1.50722
    endloop
  endfacet
  facet normal -0.172856 -0.0924121 0.980602
    outer loop
      vertex 7.2069 -7.0148 1.50722
      vertex 7.43311 -6.82916 1.56459
      vertex 7.19331 -6.98938 1.50722
    endloop
  endfacet
  facet normal -0.0191802 0.195066 0.980602
    outer loop
      vertex 7.09975 -7.21527 1.50722
      vertex 7.07107 -7.21809 1.50722
      vertex 7.07107 -7.50649 1.56459
    endloop
  endfacet
  facet normal -0.0192193 -0.195064 0.980602
    outer loop
      vertex 7.09975 -6.92687 1.50722
      vertex 7.15602 -6.64401 1.56459
      vertex 7.07107 -6.63564 1.56459
    endloop
  endfacet
  facet normal 0.0191735 0.195066 0.980603
    outer loop
      vertex 7.07107 -7.50649 1.56459
      vertex 7.07107 -7.21809 1.50722
      vertex 7.04238 -7.21527 1.50722
    endloop
  endfacet
  facet normal 0.12433 -0.151535 0.980601
    outer loop
      vertex 6.9671 -6.9671 1.50722
      vertex 6.98938 -6.94882 1.50722
      vertex 6.76317 -6.76317 1.56459
    endloop
  endfacet
  facet normal -0.338897 0.181133 0.923223
    outer loop
      vertex 7.659 -7.46391 1.67712
      vertex 7.72434 -7.34166 1.67712
      vertex 7.47335 -7.2377 1.56459
    endloop
  endfacet
  facet normal -0.338883 0.181146 0.923225
    outer loop
      vertex 7.659 -7.46391 1.67712
      vertex 7.47335 -7.2377 1.56459
      vertex 7.43311 -7.31298 1.56459
    endloop
  endfacet
  facet normal 0.796845 0.241717 0.553724
    outer loop
      vertex 5.99981 -7.51479 2.04841
      vertex 5.93383 -7.29728 2.04841
      vertex 5.84888 -7.57731 2.2929
    endloop
  endfacet
  facet normal 0.6783 0.205757 0.705389
    outer loop
      vertex 5.99981 -7.51479 2.04841
      vertex 6.19191 -7.43523 1.84048
      vertex 5.93383 -7.29728 2.04841
    endloop
  endfacet
  facet normal 0.547929 0.449667 0.705389
    outer loop
      vertex 6.39819 -7.74394 1.84048
      vertex 6.27985 -7.59974 1.84048
      vertex 6.10697 -7.71526 2.04841
    endloop
  endfacet
  facet normal 0.625112 0.334158 0.705388
    outer loop
      vertex 6.27985 -7.59974 1.84048
      vertex 6.19191 -7.43523 1.84048
      vertex 6.10697 -7.71526 2.04841
    endloop
  endfacet
  facet normal 0.449667 0.547927 0.70539
    outer loop
      vertex 6.42688 -8.03517 2.04841
      vertex 6.39819 -7.74394 1.84048
      vertex 6.25117 -7.89097 2.04841
    endloop
  endfacet
  facet normal 0.528253 0.643684 0.553733
    outer loop
      vertex 6.42688 -8.03517 2.04841
      vertex 6.25117 -7.89097 2.04841
      vertex 6.13565 -8.00649 2.2929
    endloop
  endfacet
  facet normal -0.151535 -0.12433 0.980601
    outer loop
      vertex 7.19331 -6.98938 1.50722
      vertex 7.37896 -6.76317 1.56459
      vertex 7.17503 -6.9671 1.50722
    endloop
  endfacet
  facet normal 0 0 1
    outer loop
      vertex 7.21527 -7.04238 1.50722
      vertex 7.21527 -7.09975 1.50722
      vertex 7.21809 -7.07107 1.50722
    endloop
  endfacet
  facet normal 0 0 1
    outer loop
      vertex 7.2069 -7.0148 1.50722
      vertex 7.21527 -7.09975 1.50722
      vertex 7.21527 -7.04238 1.50722
    endloop
  endfacet
  facet normal 0 0 1
    outer loop
      vertex 7.2069 -7.0148 1.50722
      vertex 7.2069 -7.12733 1.50722
      vertex 7.21527 -7.09975 1.50722
    endloop
  endfacet
  facet normal 0 0 1
    outer loop
      vertex 7.19331 -6.98938 1.50722
      vertex 7.2069 -7.12733 1.50722
      vertex 7.2069 -7.0148 1.50722
    endloop
  endfacet
  facet normal 0 0 1
    outer loop
      vertex 7.19331 -6.98938 1.50722
      vertex 7.19331 -7.15275 1.50722
      vertex 7.2069 -7.12733 1.50722
    endloop
  endfacet
  facet normal 0 0 1
    outer loop
      vertex 7.17503 -6.9671 1.50722
      vertex 7.19331 -7.15275 1.50722
      vertex 7.19331 -6.98938 1.50722
    endloop
  endfacet
  facet normal 0 0 1
    outer loop
      vertex 7.17503 -6.9671 1.50722
      vertex 7.17503 -7.17503 1.50722
      vertex 7.19331 -7.15275 1.50722
    endloop
  endfacet
  facet normal 0 0 1
    outer loop
      vertex 7.15275 -6.94882 1.50722
      vertex 7.17503 -7.17503 1.50722
      vertex 7.17503 -6.9671 1.50722
    endloop
  endfacet
  facet normal 0 0 1
    outer loop
      vertex 7.15275 -6.94882 1.50722
      vertex 7.15275 -7.19331 1.50722
      vertex 7.17503 -7.17503 1.50722
    endloop
  endfacet
  facet normal 0 0 1
    outer loop
      vertex 7.12733 -6.93523 1.50722
      vertex 7.15275 -7.19331 1.50722
      vertex 7.15275 -6.94882 1.50722
    endloop
  endfacet
  facet normal 0 0 1
    outer loop
      vertex 7.12733 -6.93523 1.50722
      vertex 7.12733 -7.2069 1.50722
      vertex 7.15275 -7.19331 1.50722
    endloop
  endfacet
  facet normal 0 0 1
    outer loop
      vertex 7.09975 -6.92687 1.50722
      vertex 7.12733 -7.2069 1.50722
      vertex 7.12733 -6.93523 1.50722
    endloop
  endfacet
  facet normal 0 0 1
    outer loop
      vertex 7.09975 -6.92687 1.50722
      vertex 7.09975 -7.21527 1.50722
      vertex 7.12733 -7.2069 1.50722
    endloop
  endfacet
  facet normal 0 0 1
    outer loop
      vertex 7.07107 -6.92404 1.50722
      vertex 7.09975 -7.21527 1.50722
      vertex 7.09975 -6.92687 1.50722
    endloop
  endfacet
  facet normal 0 0 1
    outer loop
      vertex 7.07107 -6.92404 1.50722
      vertex 7.07107 -7.21809 1.50722
      vertex 7.09975 -7.21527 1.50722
    endloop
  endfacet
  facet normal -0 0 1
    outer loop
      vertex 7.04238 -6.92687 1.50722
      vertex 7.07107 -7.21809 1.50722
      vertex 7.07107 -6.92404 1.50722
    endloop
  endfacet
  facet normal 0 0 1
    outer loop
      vertex 7.04238 -6.92687 1.50722
      vertex 7.04238 -7.21527 1.50722
      vertex 7.07107 -7.21809 1.50722
    endloop
  endfacet
  facet normal -0 0 1
    outer loop
      vertex 7.0148 -6.93523 1.50722
      vertex 7.04238 -7.21527 1.50722
      vertex 7.04238 -6.92687 1.50722
    endloop
  endfacet
  facet normal 0 0 1
    outer loop
      vertex 7.0148 -6.93523 1.50722
      vertex 7.0148 -7.2069 1.50722
      vertex 7.04238 -7.21527 1.50722
    endloop
  endfacet
  facet normal -0 0 1
    outer loop
      vertex 6.98938 -6.94882 1.50722
      vertex 7.0148 -7.2069 1.50722
      vertex 7.0148 -6.93523 1.50722
    endloop
  endfacet
  facet normal 0 0 1
    outer loop
      vertex 6.98938 -6.94882 1.50722
      vertex 6.98938 -7.19331 1.50722
      vertex 7.0148 -7.2069 1.50722
    endloop
  endfacet
  facet normal -0 0 1
    outer loop
      vertex 6.9671 -6.9671 1.50722
      vertex 6.98938 -7.19331 1.50722
      vertex 6.98938 -6.94882 1.50722
    endloop
  endfacet
  facet normal 0 0 1
    outer loop
      vertex 6.9671 -6.9671 1.50722
      vertex 6.9671 -7.17503 1.50722
      vertex 6.98938 -7.19331 1.50722
    endloop
  endfacet
  facet normal -0 0 1
    outer loop
      vertex 6.94882 -6.98938 1.50722
      vertex 6.9671 -7.17503 1.50722
      vertex 6.9671 -6.9671 1.50722
    endloop
  endfacet
  facet normal 0 0 1
    outer loop
      vertex 6.94882 -6.98938 1.50722
      vertex 6.94882 -7.15275 1.50722
      vertex 6.9671 -7.17503 1.50722
    endloop
  endfacet
  facet normal -0 0 1
    outer loop
      vertex 6.93523 -7.0148 1.50722
      vertex 6.94882 -7.15275 1.50722
      vertex 6.94882 -6.98938 1.50722
    endloop
  endfacet
  facet normal 0 0 1
    outer loop
      vertex 6.93523 -7.0148 1.50722
      vertex 6.93523 -7.12733 1.50722
      vertex 6.94882 -7.15275 1.50722
    endloop
  endfacet
  facet normal -0 0 1
    outer loop
      vertex 6.92687 -7.04238 1.50722
      vertex 6.93523 -7.12733 1.50722
      vertex 6.93523 -7.0148 1.50722
    endloop
  endfacet
  facet normal 0 0 1
    outer loop
      vertex 6.92687 -7.04238 1.50722
      vertex 6.92687 -7.09975 1.50722
      vertex 6.93523 -7.12733 1.50722
    endloop
  endfacet
  facet normal 0 -0 1
    outer loop
      vertex 6.92687 -7.09975 1.50722
      vertex 6.92687 -7.04238 1.50722
      vertex 6.92404 -7.07107 1.50722
    endloop
  endfacet
  facet normal 0.881926 0.471388 0
    outer loop
      vertex 12.0104 4.97488 5
      vertex 10.8091 7.22241 -5
      vertex 10.8091 7.22241 5
    endloop
  endfacet
  facet normal 0.881926 0.471388 0
    outer loop
      vertex 10.8091 7.22241 -5
      vertex 12.0104 4.97488 5
      vertex 12.0104 4.97488 -5
    endloop
  endfacet
  facet normal -0.773013 0.634391 0
    outer loop
      vertex -10.8091 7.22241 -5
      vertex -9.19239 9.19239 5
      vertex -9.19239 9.19239 -5
    endloop
  endfacet
  facet normal -0.773013 0.634391 0
    outer loop
      vertex -9.19239 9.19239 5
      vertex -10.8091 7.22241 -5
      vertex -10.8091 7.22241 5
    endloop
  endfacet
  facet normal -0.956938 -0.290294 0
    outer loop
      vertex -12.0104 -4.97488 -5
      vertex -12.7502 -2.53617 5
      vertex -12.7502 -2.53617 -5
    endloop
  endfacet
  facet normal -0.956938 -0.290294 0
    outer loop
      vertex -12.7502 -2.53617 5
      vertex -12.0104 -4.97488 -5
      vertex -12.0104 -4.97488 5
    endloop
  endfacet
  facet normal 0.956938 0.290294 0
    outer loop
      vertex 12.7502 2.53617 5
      vertex 12.0104 4.97488 -5
      vertex 12.0104 4.97488 5
    endloop
  endfacet
  facet normal 0.956938 0.290294 0
    outer loop
      vertex 12.0104 4.97488 -5
      vertex 12.7502 2.53617 5
      vertex 12.7502 2.53617 -5
    endloop
  endfacet
  facet normal 0.995184 -0.0980207 0
    outer loop
      vertex 12.7502 -2.53617 5
      vertex 13 0 -5
      vertex 13 0 5
    endloop
  endfacet
  facet normal 0.995184 -0.0980207 0
    outer loop
      vertex 13 0 -5
      vertex 12.7502 -2.53617 5
      vertex 12.7502 -2.53617 -5
    endloop
  endfacet
  facet normal 0.471388 -0.881926 0
    outer loop
      vertex 4.97488 -12.0104 -5
      vertex 7.22241 -10.8091 5
      vertex 4.97488 -12.0104 5
    endloop
  endfacet
  facet normal 0.471388 -0.881926 0
    outer loop
      vertex 7.22241 -10.8091 5
      vertex 4.97488 -12.0104 -5
      vertex 7.22241 -10.8091 -5
    endloop
  endfacet
  facet normal 0.634391 -0.773013 0
    outer loop
      vertex 7.22241 -10.8091 -5
      vertex 9.19239 -9.19239 5
      vertex 7.22241 -10.8091 5
    endloop
  endfacet
  facet normal 0.634391 -0.773013 0
    outer loop
      vertex 9.19239 -9.19239 5
      vertex 7.22241 -10.8091 -5
      vertex 9.19239 -9.19239 -5
    endloop
  endfacet
  facet normal -0.471402 0.881918 0
    outer loop
      vertex -5.56653 11.6942 -5
      vertex -7.22241 10.8091 5
      vertex -5.56653 11.6942 5
    endloop
  endfacet
  facet normal -0.471402 0.881918 0
    outer loop
      vertex -7.22241 10.8091 5
      vertex -5.56653 11.6942 -5
      vertex -7.22241 10.8091 -5
    endloop
  endfacet
  facet normal -0.471388 -0.881926 0
    outer loop
      vertex -7.22241 -10.8091 -5
      vertex -4.97488 -12.0104 5
      vertex -7.22241 -10.8091 5
    endloop
  endfacet
  facet normal -0.471388 -0.881926 -0
    outer loop
      vertex -4.97488 -12.0104 5
      vertex -7.22241 -10.8091 -5
      vertex -4.97488 -12.0104 -5
    endloop
  endfacet
  facet normal 0.995184 0.0980207 0
    outer loop
      vertex 13 0 5
      vertex 12.7502 2.53617 -5
      vertex 12.7502 2.53617 5
    endloop
  endfacet
  facet normal 0.995184 0.0980207 0
    outer loop
      vertex 12.7502 2.53617 -5
      vertex 13 0 5
      vertex 13 0 -5
    endloop
  endfacet
  facet normal 0 0 -1
    outer loop
      vertex 4.11091 -1.06066 -5
      vertex 1.06066 4.11091 -5
      vertex 3.88909 6.93934 -5
    endloop
  endfacet
  facet normal -0 0 -1
    outer loop
      vertex 4.11091 -1.06066 -5
      vertex -1.06066 -4.11091 -5
      vertex 1.06066 4.11091 -5
    endloop
  endfacet
  facet normal 0 0 -1
    outer loop
      vertex -4.11091 1.06066 -5
      vertex -1.06066 -4.11091 -5
      vertex -3.88909 -6.93934 -5
    endloop
  endfacet
  facet normal 0 0 -1
    outer loop
      vertex -1.06066 -4.11091 -5
      vertex -4.11091 1.06066 -5
      vertex 1.06066 4.11091 -5
    endloop
  endfacet
  facet normal 0 0 -1
    outer loop
      vertex 11.8891 1.06066 -5
      vertex 13 0 -5
      vertex 12.7502 -2.53617 -5
    endloop
  endfacet
  facet normal 0 0 -1
    outer loop
      vertex 6.93934 -3.88909 -5
      vertex 12.7502 -2.53617 -5
      vertex 12.0104 -4.97488 -5
    endloop
  endfacet
  facet normal 0 0 -1
    outer loop
      vertex 13 0 -5
      vertex 11.8891 1.06066 -5
      vertex 12.7502 2.53617 -5
    endloop
  endfacet
  facet normal 0 0 -1
    outer loop
      vertex 9.06066 3.88909 -5
      vertex 12.7502 2.53617 -5
      vertex 11.8891 1.06066 -5
    endloop
  endfacet
  facet normal 0 0 -1
    outer loop
      vertex 6.93934 -3.88909 -5
      vertex 12.0104 -4.97488 -5
      vertex 10.8091 -7.22241 -5
    endloop
  endfacet
  facet normal 0 0 -1
    outer loop
      vertex 6.93934 -3.88909 -5
      vertex 10.8091 -7.22241 -5
      vertex 9.19239 -9.19239 -5
    endloop
  endfacet
  facet normal 0 0 -1
    outer loop
      vertex 3.88909 -9.06066 -5
      vertex 9.19239 -9.19239 -5
      vertex 7.22241 -10.8091 -5
    endloop
  endfacet
  facet normal -0 0 -1
    outer loop
      vertex 12.7502 -2.53617 -5
      vertex 6.93934 -3.88909 -5
      vertex 11.8891 1.06066 -5
    endloop
  endfacet
  facet normal 0 0 -1
    outer loop
      vertex 3.88909 -9.06066 -5
      vertex 7.22241 -10.8091 -5
      vertex 4.97488 -12.0104 -5
    endloop
  endfacet
  facet normal 0 0 -1
    outer loop
      vertex 9.19239 -9.19239 -5
      vertex 3.88909 -9.06066 -5
      vertex 6.93934 -3.88909 -5
    endloop
  endfacet
  facet normal -0 0 -1
    outer loop
      vertex 6.93934 -3.88909 -5
      vertex 3.88909 -9.06066 -5
      vertex 4.11091 -1.06066 -5
    endloop
  endfacet
  facet normal 0 0 -1
    outer loop
      vertex 2.53617 -12.7502 -5
      vertex 3.88909 -9.06066 -5
      vertex 4.97488 -12.0104 -5
    endloop
  endfacet
  facet normal 0 0 -1
    outer loop
      vertex 2.53617 -12.7502 -5
      vertex 1.06066 -11.8891 -5
      vertex 3.88909 -9.06066 -5
    endloop
  endfacet
  facet normal 0 0 -1
    outer loop
      vertex 0 -13 -5
      vertex 1.06066 -11.8891 -5
      vertex 2.53617 -12.7502 -5
    endloop
  endfacet
  facet normal 0 0 -1
    outer loop
      vertex -2.53617 -12.7502 -5
      vertex 1.06066 -11.8891 -5
      vertex 0 -13 -5
    endloop
  endfacet
  facet normal 0 0 -1
    outer loop
      vertex -2.53617 -12.7502 -5
      vertex -3.88909 -6.93934 -5
      vertex 1.06066 -11.8891 -5
    endloop
  endfacet
  facet normal -0 0 -1
    outer loop
      vertex 1.06066 4.11091 -5
      vertex -4.11091 1.06066 -5
      vertex -3.88909 9.06066 -5
    endloop
  endfacet
  facet normal 0 0 -1
    outer loop
      vertex -4.97488 -12.0104 -5
      vertex -3.88909 -6.93934 -5
      vertex -2.53617 -12.7502 -5
    endloop
  endfacet
  facet normal 0 0 -1
    outer loop
      vertex -7.22241 -10.8091 -5
      vertex -3.88909 -6.93934 -5
      vertex -4.97488 -12.0104 -5
    endloop
  endfacet
  facet normal 0 0 -1
    outer loop
      vertex -9.19239 -9.19239 -5
      vertex -3.88909 -6.93934 -5
      vertex -7.22241 -10.8091 -5
    endloop
  endfacet
  facet normal 0 0 -1
    outer loop
      vertex -3.88909 -6.93934 -5
      vertex -9.06066 -3.88909 -5
      vertex -4.11091 1.06066 -5
    endloop
  endfacet
  facet normal -0 0 -1
    outer loop
      vertex -3.88909 -6.93934 -5
      vertex -9.19239 -9.19239 -5
      vertex -9.06066 -3.88909 -5
    endloop
  endfacet
  facet normal 0 0 -1
    outer loop
      vertex -10.8091 -7.22241 -5
      vertex -9.06066 -3.88909 -5
      vertex -9.19239 -9.19239 -5
    endloop
  endfacet
  facet normal 0 0 -1
    outer loop
      vertex -12.0104 -4.97488 -5
      vertex -9.06066 -3.88909 -5
      vertex -10.8091 -7.22241 -5
    endloop
  endfacet
  facet normal 0 0 -1
    outer loop
      vertex -12.7502 -2.53617 -5
      vertex -9.06066 -3.88909 -5
      vertex -12.0104 -4.97488 -5
    endloop
  endfacet
  facet normal 0 0 -1
    outer loop
      vertex 12.7502 2.53617 -5
      vertex 9.06066 3.88909 -5
      vertex 12.0104 4.97488 -5
    endloop
  endfacet
  facet normal -0 0 -1
    outer loop
      vertex 12.0104 4.97488 -5
      vertex 9.06066 3.88909 -5
      vertex 10.8091 7.22241 -5
    endloop
  endfacet
  facet normal -0 0 -1
    outer loop
      vertex 10.8091 7.22241 -5
      vertex 9.06066 3.88909 -5
      vertex 9.19239 9.19239 -5
    endloop
  endfacet
  facet normal 0 0 -1
    outer loop
      vertex 3.88909 6.93934 -5
      vertex 9.19239 9.19239 -5
      vertex 9.06066 3.88909 -5
    endloop
  endfacet
  facet normal -0 0 -1
    outer loop
      vertex 9.19239 9.19239 -5
      vertex 3.88909 6.93934 -5
      vertex 7.22241 10.8091 -5
    endloop
  endfacet
  facet normal 0 0 -1
    outer loop
      vertex 7.22241 10.8091 -5
      vertex 5.5557 11.6853 -5
      vertex 5.56653 11.6942 -5
    endloop
  endfacet
  facet normal 0 0 -1
    outer loop
      vertex 3.88909 6.93934 -5
      vertex 9.06066 3.88909 -5
      vertex 4.11091 -1.06066 -5
    endloop
  endfacet
  facet normal 0 0 -1
    outer loop
      vertex -1.06066 -4.11091 -5
      vertex 4.11091 -1.06066 -5
      vertex 3.88909 -9.06066 -5
    endloop
  endfacet
  facet normal 0 0 -1
    outer loop
      vertex 3.82683 10.7612 -5
      vertex 7.22241 10.8091 -5
      vertex 3.88909 6.93934 -5
    endloop
  endfacet
  facet normal -0 0 -1
    outer loop
      vertex 7.22241 10.8091 -5
      vertex 3.82683 10.7612 -5
      vertex 5.5557 11.6853 -5
    endloop
  endfacet
  facet normal 0 0 -1
    outer loop
      vertex 3.88909 6.93934 -5
      vertex 1.9509 10.1921 -5
      vertex 3.82683 10.7612 -5
    endloop
  endfacet
  facet normal 0 -0 -1
    outer loop
      vertex 1.9509 10.1921 -5
      vertex 3.88909 6.93934 -5
      vertex 0.75415 10.0743 -5
    endloop
  endfacet
  facet normal 0 0 -1
    outer loop
      vertex -3.88909 9.06066 -5
      vertex -3.82683 10.7612 -5
      vertex -2.56984 10.3799 -5
    endloop
  endfacet
  facet normal 0 0 -1
    outer loop
      vertex -3.88909 9.06066 -5
      vertex -5.5557 11.6853 -5
      vertex -3.82683 10.7612 -5
    endloop
  endfacet
  facet normal 0 0 -1
    outer loop
      vertex -6.93934 3.88909 -5
      vertex -3.88909 9.06066 -5
      vertex -4.11091 1.06066 -5
    endloop
  endfacet
  facet normal 0 0 -1
    outer loop
      vertex -9.19239 9.19239 -5
      vertex -3.88909 9.06066 -5
      vertex -6.93934 3.88909 -5
    endloop
  endfacet
  facet normal 0 0 -1
    outer loop
      vertex -3.88909 9.06066 -5
      vertex -7.22241 10.8091 -5
      vertex -5.5557 11.6853 -5
    endloop
  endfacet
  facet normal -0 0 -1
    outer loop
      vertex -5.5557 11.6853 -5
      vertex -7.22241 10.8091 -5
      vertex -5.56653 11.6942 -5
    endloop
  endfacet
  facet normal 0 0 -1
    outer loop
      vertex -3.88909 9.06066 -5
      vertex -9.19239 9.19239 -5
      vertex -7.22241 10.8091 -5
    endloop
  endfacet
  facet normal 0 0 -1
    outer loop
      vertex -6.93934 3.88909 -5
      vertex -10.8091 7.22241 -5
      vertex -9.19239 9.19239 -5
    endloop
  endfacet
  facet normal 0 0 -1
    outer loop
      vertex -12.7502 2.53617 -5
      vertex -6.93934 3.88909 -5
      vertex -11.8891 -1.06066 -5
    endloop
  endfacet
  facet normal 0 0 -1
    outer loop
      vertex -6.93934 3.88909 -5
      vertex -12.0104 4.97488 -5
      vertex -10.8091 7.22241 -5
    endloop
  endfacet
  facet normal 0 0 -1
    outer loop
      vertex -9.06066 -3.88909 -5
      vertex -12.7502 -2.53617 -5
      vertex -11.8891 -1.06066 -5
    endloop
  endfacet
  facet normal 0 0 -1
    outer loop
      vertex -13 0 -5
      vertex -11.8891 -1.06066 -5
      vertex -12.7502 -2.53617 -5
    endloop
  endfacet
  facet normal -0 0 -1
    outer loop
      vertex -6.93934 3.88909 -5
      vertex -12.7502 2.53617 -5
      vertex -12.0104 4.97488 -5
    endloop
  endfacet
  facet normal 0 0 -1
    outer loop
      vertex -11.8891 -1.06066 -5
      vertex -13 0 -5
      vertex -12.7502 2.53617 -5
    endloop
  endfacet
  facet normal -0.290294 -0.956938 0
    outer loop
      vertex -4.97488 -12.0104 -5
      vertex -2.53617 -12.7502 5
      vertex -4.97488 -12.0104 5
    endloop
  endfacet
  facet normal -0.290294 -0.956938 -0
    outer loop
      vertex -2.53617 -12.7502 5
      vertex -4.97488 -12.0104 -5
      vertex -2.53617 -12.7502 -5
    endloop
  endfacet
  facet normal 0.290294 -0.956938 0
    outer loop
      vertex 2.53617 -12.7502 -5
      vertex 4.97488 -12.0104 5
      vertex 2.53617 -12.7502 5
    endloop
  endfacet
  facet normal 0.290294 -0.956938 0
    outer loop
      vertex 4.97488 -12.0104 5
      vertex 2.53617 -12.7502 -5
      vertex 4.97488 -12.0104 -5
    endloop
  endfacet
  facet normal -0.995184 0.0980207 0
    outer loop
      vertex -13 0 -5
      vertex -12.7502 2.53617 5
      vertex -12.7502 2.53617 -5
    endloop
  endfacet
  facet normal -0.995184 0.0980207 0
    outer loop
      vertex -12.7502 2.53617 5
      vertex -13 0 -5
      vertex -13 0 5
    endloop
  endfacet
  facet normal -0.634391 -0.773013 0
    outer loop
      vertex -9.19239 -9.19239 -5
      vertex -7.22241 -10.8091 5
      vertex -9.19239 -9.19239 5
    endloop
  endfacet
  facet normal -0.634391 -0.773013 -0
    outer loop
      vertex -7.22241 -10.8091 5
      vertex -9.19239 -9.19239 -5
      vertex -7.22241 -10.8091 -5
    endloop
  endfacet
  facet normal 0.471402 0.881918 -0
    outer loop
      vertex 7.22241 10.8091 -5
      vertex 5.56653 11.6942 5
      vertex 7.22241 10.8091 5
    endloop
  endfacet
  facet normal 0.471402 0.881918 0
    outer loop
      vertex 5.56653 11.6942 5
      vertex 7.22241 10.8091 -5
      vertex 5.56653 11.6942 -5
    endloop
  endfacet
  facet normal 0.634391 0.773013 -0
    outer loop
      vertex 9.19239 9.19239 -5
      vertex 7.22241 10.8091 5
      vertex 9.19239 9.19239 5
    endloop
  endfacet
  facet normal 0.634391 0.773013 0
    outer loop
      vertex 7.22241 10.8091 5
      vertex 9.19239 9.19239 -5
      vertex 7.22241 10.8091 -5
    endloop
  endfacet
  facet normal 0.881926 -0.471388 0
    outer loop
      vertex 10.8091 -7.22241 5
      vertex 12.0104 -4.97488 -5
      vertex 12.0104 -4.97488 5
    endloop
  endfacet
  facet normal 0.881926 -0.471388 0
    outer loop
      vertex 12.0104 -4.97488 -5
      vertex 10.8091 -7.22241 5
      vertex 10.8091 -7.22241 -5
    endloop
  endfacet
  facet normal 0.0980207 -0.995184 0
    outer loop
      vertex 0 -13 -5
      vertex 2.53617 -12.7502 5
      vertex 0 -13 5
    endloop
  endfacet
  facet normal 0.0980207 -0.995184 0
    outer loop
      vertex 2.53617 -12.7502 5
      vertex 0 -13 -5
      vertex 2.53617 -12.7502 -5
    endloop
  endfacet
  facet normal -0.995184 -0.0980207 0
    outer loop
      vertex -12.7502 -2.53617 -5
      vertex -13 0 5
      vertex -13 0 -5
    endloop
  endfacet
  facet normal -0.995184 -0.0980207 0
    outer loop
      vertex -13 0 5
      vertex -12.7502 -2.53617 -5
      vertex -12.7502 -2.53617 5
    endloop
  endfacet
  facet normal -0.956938 0.290294 0
    outer loop
      vertex -12.7502 2.53617 -5
      vertex -12.0104 4.97488 5
      vertex -12.0104 4.97488 -5
    endloop
  endfacet
  facet normal -0.956938 0.290294 0
    outer loop
      vertex -12.0104 4.97488 5
      vertex -12.7502 2.53617 -5
      vertex -12.7502 2.53617 5
    endloop
  endfacet
  facet normal 0.773013 0.634391 0
    outer loop
      vertex 10.8091 7.22241 5
      vertex 9.19239 9.19239 -5
      vertex 9.19239 9.19239 5
    endloop
  endfacet
  facet normal 0.773013 0.634391 0
    outer loop
      vertex 9.19239 9.19239 -5
      vertex 10.8091 7.22241 5
      vertex 10.8091 7.22241 -5
    endloop
  endfacet
  facet normal -0.634391 0.773013 0
    outer loop
      vertex -7.22241 10.8091 -5
      vertex -9.19239 9.19239 5
      vertex -7.22241 10.8091 5
    endloop
  endfacet
  facet normal -0.634391 0.773013 0
    outer loop
      vertex -9.19239 9.19239 5
      vertex -7.22241 10.8091 -5
      vertex -9.19239 9.19239 -5
    endloop
  endfacet
  facet normal -0.881926 -0.471388 0
    outer loop
      vertex -10.8091 -7.22241 -5
      vertex -12.0104 -4.97488 5
      vertex -12.0104 -4.97488 -5
    endloop
  endfacet
  facet normal -0.881926 -0.471388 0
    outer loop
      vertex -12.0104 -4.97488 5
      vertex -10.8091 -7.22241 -5
      vertex -10.8091 -7.22241 5
    endloop
  endfacet
  facet normal -0.773013 -0.634391 0
    outer loop
      vertex -9.19239 -9.19239 -5
      vertex -10.8091 -7.22241 5
      vertex -10.8091 -7.22241 -5
    endloop
  endfacet
  facet normal -0.773013 -0.634391 0
    outer loop
      vertex -10.8091 -7.22241 5
      vertex -9.19239 -9.19239 -5
      vertex -9.19239 -9.19239 5
    endloop
  endfacet
  facet normal 0 0 1
    outer loop
      vertex -3.82683 10.7612 5
      vertex -3.88909 9.06066 5
      vertex -2.56984 10.3799 5
    endloop
  endfacet
  facet normal 0 0 1
    outer loop
      vertex -1.06066 -4.11091 5
      vertex -4.11091 1.06066 5
      vertex -3.88909 -6.93934 5
    endloop
  endfacet
  facet normal 0 0 1
    outer loop
      vertex -5.5557 11.6853 5
      vertex -3.88909 9.06066 5
      vertex -3.82683 10.7612 5
    endloop
  endfacet
  facet normal -0 0 1
    outer loop
      vertex -7.22241 10.8091 5
      vertex -3.88909 9.06066 5
      vertex -5.5557 11.6853 5
    endloop
  endfacet
  facet normal 0 0 1
    outer loop
      vertex -7.22241 10.8091 5
      vertex -5.5557 11.6853 5
      vertex -5.56653 11.6942 5
    endloop
  endfacet
  facet normal 0 0 1
    outer loop
      vertex -3.88909 9.06066 5
      vertex -6.93934 3.88909 5
      vertex -4.11091 1.06066 5
    endloop
  endfacet
  facet normal -0 0 1
    outer loop
      vertex -9.19239 9.19239 5
      vertex -3.88909 9.06066 5
      vertex -7.22241 10.8091 5
    endloop
  endfacet
  facet normal 0 0 1
    outer loop
      vertex -3.88909 9.06066 5
      vertex -9.19239 9.19239 5
      vertex -6.93934 3.88909 5
    endloop
  endfacet
  facet normal -0 0 1
    outer loop
      vertex -10.8091 7.22241 5
      vertex -6.93934 3.88909 5
      vertex -9.19239 9.19239 5
    endloop
  endfacet
  facet normal -0 0 1
    outer loop
      vertex -12.0104 4.97488 5
      vertex -6.93934 3.88909 5
      vertex -10.8091 7.22241 5
    endloop
  endfacet
  facet normal 0 0 1
    outer loop
      vertex -12.7502 2.53617 5
      vertex -6.93934 3.88909 5
      vertex -12.0104 4.97488 5
    endloop
  endfacet
  facet normal 0 0 1
    outer loop
      vertex -1.06066 -4.11091 5
      vertex 4.11091 -1.06066 5
      vertex 1.06066 4.11091 5
    endloop
  endfacet
  facet normal 0 0 1
    outer loop
      vertex 4.11091 -1.06066 5
      vertex -1.06066 -4.11091 5
      vertex 3.88909 -9.06066 5
    endloop
  endfacet
  facet normal 0 0 1
    outer loop
      vertex -4.11091 1.06066 5
      vertex 1.06066 4.11091 5
      vertex -3.88909 9.06066 5
    endloop
  endfacet
  facet normal 0 0 1
    outer loop
      vertex 1.06066 4.11091 5
      vertex -4.11091 1.06066 5
      vertex -1.06066 -4.11091 5
    endloop
  endfacet
  facet normal -0 0 1
    outer loop
      vertex 11.8891 1.06066 5
      vertex 13 0 5
      vertex 12.7502 2.53617 5
    endloop
  endfacet
  facet normal -0 0 1
    outer loop
      vertex 9.06066 3.88909 5
      vertex 12.7502 2.53617 5
      vertex 12.0104 4.97488 5
    endloop
  endfacet
  facet normal 0 0 1
    outer loop
      vertex 13 0 5
      vertex 11.8891 1.06066 5
      vertex 12.7502 -2.53617 5
    endloop
  endfacet
  facet normal 0 0 1
    outer loop
      vertex 6.93934 -3.88909 5
      vertex 12.7502 -2.53617 5
      vertex 11.8891 1.06066 5
    endloop
  endfacet
  facet normal 0 0 1
    outer loop
      vertex 9.06066 3.88909 5
      vertex 12.0104 4.97488 5
      vertex 10.8091 7.22241 5
    endloop
  endfacet
  facet normal 0 0 1
    outer loop
      vertex 9.06066 3.88909 5
      vertex 10.8091 7.22241 5
      vertex 9.19239 9.19239 5
    endloop
  endfacet
  facet normal 0 0 1
    outer loop
      vertex 12.7502 2.53617 5
      vertex 9.06066 3.88909 5
      vertex 11.8891 1.06066 5
    endloop
  endfacet
  facet normal 0 0 1
    outer loop
      vertex 3.88909 6.93934 5
      vertex 9.19239 9.19239 5
      vertex 7.22241 10.8091 5
    endloop
  endfacet
  facet normal -0 0 1
    outer loop
      vertex 5.5557 11.6853 5
      vertex 7.22241 10.8091 5
      vertex 5.56653 11.6942 5
    endloop
  endfacet
  facet normal 0 0 1
    outer loop
      vertex 3.82683 10.7612 5
      vertex 7.22241 10.8091 5
      vertex 5.5557 11.6853 5
    endloop
  endfacet
  facet normal 0 0 1
    outer loop
      vertex 9.19239 9.19239 5
      vertex 3.88909 6.93934 5
      vertex 9.06066 3.88909 5
    endloop
  endfacet
  facet normal 0 0 1
    outer loop
      vertex 9.06066 3.88909 5
      vertex 3.88909 6.93934 5
      vertex 4.11091 -1.06066 5
    endloop
  endfacet
  facet normal 0 0 1
    outer loop
      vertex 7.22241 10.8091 5
      vertex 3.82683 10.7612 5
      vertex 3.88909 6.93934 5
    endloop
  endfacet
  facet normal -0 0 1
    outer loop
      vertex 2.64549 10.4028 5
      vertex 3.88909 6.93934 5
      vertex 3.82683 10.7612 5
    endloop
  endfacet
  facet normal 0 0 1
    outer loop
      vertex 3.88909 6.93934 5
      vertex 2.64549 10.4028 5
      vertex 1.53553 9.29289 5
    endloop
  endfacet
  facet normal 0 0 1
    outer loop
      vertex 12.7502 -2.53617 5
      vertex 6.93934 -3.88909 5
      vertex 12.0104 -4.97488 5
    endloop
  endfacet
  facet normal 0 0 1
    outer loop
      vertex 12.0104 -4.97488 5
      vertex 6.93934 -3.88909 5
      vertex 10.8091 -7.22241 5
    endloop
  endfacet
  facet normal 0 0 1
    outer loop
      vertex 10.8091 -7.22241 5
      vertex 6.93934 -3.88909 5
      vertex 9.19239 -9.19239 5
    endloop
  endfacet
  facet normal -0 0 1
    outer loop
      vertex 3.88909 -9.06066 5
      vertex 9.19239 -9.19239 5
      vertex 6.93934 -3.88909 5
    endloop
  endfacet
  facet normal 0 0 1
    outer loop
      vertex 9.19239 -9.19239 5
      vertex 3.88909 -9.06066 5
      vertex 7.22241 -10.8091 5
    endloop
  endfacet
  facet normal 0 0 1
    outer loop
      vertex 3.88909 -9.06066 5
      vertex 6.93934 -3.88909 5
      vertex 4.11091 -1.06066 5
    endloop
  endfacet
  facet normal -0 0 1
    outer loop
      vertex 1.06066 4.11091 5
      vertex 4.11091 -1.06066 5
      vertex 3.88909 6.93934 5
    endloop
  endfacet
  facet normal 0 0 1
    outer loop
      vertex 7.22241 -10.8091 5
      vertex 3.88909 -9.06066 5
      vertex 4.97488 -12.0104 5
    endloop
  endfacet
  facet normal 0 0 1
    outer loop
      vertex 3.88909 -9.06066 5
      vertex 2.53617 -12.7502 5
      vertex 4.97488 -12.0104 5
    endloop
  endfacet
  facet normal -0 0 1
    outer loop
      vertex 1.06066 -11.8891 5
      vertex 2.53617 -12.7502 5
      vertex 3.88909 -9.06066 5
    endloop
  endfacet
  facet normal 0 0 1
    outer loop
      vertex 1.06066 -11.8891 5
      vertex 0 -13 5
      vertex 2.53617 -12.7502 5
    endloop
  endfacet
  facet normal 0 0 1
    outer loop
      vertex 1.06066 -11.8891 5
      vertex -2.53617 -12.7502 5
      vertex 0 -13 5
    endloop
  endfacet
  facet normal 0 0 1
    outer loop
      vertex -3.88909 -6.93934 5
      vertex -2.53617 -12.7502 5
      vertex 1.06066 -11.8891 5
    endloop
  endfacet
  facet normal 0 0 1
    outer loop
      vertex -3.88909 -6.93934 5
      vertex -4.97488 -12.0104 5
      vertex -2.53617 -12.7502 5
    endloop
  endfacet
  facet normal -0 0 1
    outer loop
      vertex -9.06066 -3.88909 5
      vertex -3.88909 -6.93934 5
      vertex -4.11091 1.06066 5
    endloop
  endfacet
  facet normal 0 0 1
    outer loop
      vertex -9.19239 -9.19239 5
      vertex -3.88909 -6.93934 5
      vertex -9.06066 -3.88909 5
    endloop
  endfacet
  facet normal 0 0 1
    outer loop
      vertex -3.88909 -6.93934 5
      vertex -7.22241 -10.8091 5
      vertex -4.97488 -12.0104 5
    endloop
  endfacet
  facet normal 0 0 1
    outer loop
      vertex -3.88909 -6.93934 5
      vertex -9.19239 -9.19239 5
      vertex -7.22241 -10.8091 5
    endloop
  endfacet
  facet normal 0 0 1
    outer loop
      vertex -9.06066 -3.88909 5
      vertex -10.8091 -7.22241 5
      vertex -9.19239 -9.19239 5
    endloop
  endfacet
  facet normal -0 0 1
    outer loop
      vertex -12.7502 -2.53617 5
      vertex -9.06066 -3.88909 5
      vertex -11.8891 -1.06066 5
    endloop
  endfacet
  facet normal 0 0 1
    outer loop
      vertex -9.06066 -3.88909 5
      vertex -12.0104 -4.97488 5
      vertex -10.8091 -7.22241 5
    endloop
  endfacet
  facet normal 0 0 1
    outer loop
      vertex -6.93934 3.88909 5
      vertex -12.7502 2.53617 5
      vertex -11.8891 -1.06066 5
    endloop
  endfacet
  facet normal -0 0 1
    outer loop
      vertex -13 0 5
      vertex -11.8891 -1.06066 5
      vertex -12.7502 2.53617 5
    endloop
  endfacet
  facet normal 0 0 1
    outer loop
      vertex -9.06066 -3.88909 5
      vertex -12.7502 -2.53617 5
      vertex -12.0104 -4.97488 5
    endloop
  endfacet
  facet normal 0 0 1
    outer loop
      vertex -11.8891 -1.06066 5
      vertex -13 0 5
      vertex -12.7502 -2.53617 5
    endloop
  endfacet
  facet normal -0.881926 0.471388 0
    outer loop
      vertex -12.0104 4.97488 -5
      vertex -10.8091 7.22241 5
      vertex -10.8091 7.22241 -5
    endloop
  endfacet
  facet normal -0.881926 0.471388 0
    outer loop
      vertex -10.8091 7.22241 5
      vertex -12.0104 4.97488 -5
      vertex -12.0104 4.97488 5
    endloop
  endfacet
  facet normal 0.773013 -0.634391 0
    outer loop
      vertex 9.19239 -9.19239 5
      vertex 10.8091 -7.22241 -5
      vertex 10.8091 -7.22241 5
    endloop
  endfacet
  facet normal 0.773013 -0.634391 0
    outer loop
      vertex 10.8091 -7.22241 -5
      vertex 9.19239 -9.19239 5
      vertex 9.19239 -9.19239 -5
    endloop
  endfacet
  facet normal -0.0980207 -0.995184 0
    outer loop
      vertex -2.53617 -12.7502 -5
      vertex 0 -13 5
      vertex -2.53617 -12.7502 5
    endloop
  endfacet
  facet normal -0.0980207 -0.995184 -0
    outer loop
      vertex 0 -13 5
      vertex -2.53617 -12.7502 -5
      vertex 0 -13 -5
    endloop
  endfacet
  facet normal 0.956938 -0.290294 0
    outer loop
      vertex 12.0104 -4.97488 5
      vertex 12.7502 -2.53617 -5
      vertex 12.7502 -2.53617 5
    endloop
  endfacet
  facet normal 0.956938 -0.290294 0
    outer loop
      vertex 12.7502 -2.53617 -5
      vertex 12.0104 -4.97488 5
      vertex 12.0104 -4.97488 -5
    endloop
  endfacet
endsolid OpenSCAD_Model
