First Name,Last Name,Email,Phone,Company,Address,City,County,State,Zip,Business Type,Website,Source,Priority,Tags,Notes,Scrape Date,Yelp URL,Google Maps,Yelp Rating,Yelp Reviews,Est. Revenue,Employees,POS Urgency,Region
Juan,Ramirez,info@jonessseafood.com,(949) 441-2168,Jones's Seafood,4522 Broadway,Irvine,Orange County,CA,93304,Seafood,https://www.jonessseafood.com,CA_Restaurant_Scraper,B,"Restaurant, Seafood, POS_Prospect, Irvine",Auto-generated lead for PSDepot outreach. Type: Seafood,2026-04-28,https://www.yelp.com/biz/joness-seafood-irvine,"https://maps.google.com/?q=4522+Broadway,Irvine,CA",,,$500K-$1M,11-25,Low,Orange County
Anthony,Lopez,info@greenbarandgrill.com,(949) 555-1314,Green Bar & Grill,9498 Broadway,Irvine,Orange County,CA,90513,Bar & Grill,https://www.greenbarandgrill.com,CA_Restaurant_Scraper,A,"Restaurant, Bar & Grill, POS_Prospect, Irvine",Auto-generated lead for PSDepot outreach. Type: Bar & Grill,2026-04-28,https://www.yelp.com/biz/green-bar-&-grill-irvine,"https://maps.google.com/?q=9498+Broadway,Irvine,CA",3.7,314,Under $500K,11-25,Low,Orange County
Patricia,Smith,info@littledeburritos.com,(949) 466-1783,Little DeBurritos,3337 Elm St,Irvine,Orange County,CA,92131,Burritos,,CA_Restaurant_Scraper,C,"Restaurant, Burritos, POS_Prospect, Irvine",Auto-generated lead for PSDepot outreach. Type: Burritos,2026-04-28,https://www.yelp.com/biz/little-deburritos-irvine,"https://maps.google.com/?q=3337+Elm+St,Irvine,CA",3.1,436,Under $500K,51-100,Low,Orange County
Linda,Brown,info@littledelseafood.com,(949) 646-7869,Little DelSeafood,5235 Third St,Irvine,Orange County,CA,91494,Seafood,https://www.littledelseafood.com,CA_Restaurant_Scraper,C,"Restaurant, Seafood, POS_Prospect, Irvine",Auto-generated lead for PSDepot outreach. Type: Seafood,2026-04-28,https://www.yelp.com/biz/little-delseafood-irvine,"https://maps.google.com/?q=5235+Third+St,Irvine,CA",4.0,414,Under $500K,100+,Low,Orange County
Michael,Davis,,(949) 846-1217,Green Restaurant,5257 Second St,Irvine,Orange County,CA,95322,Restaurant,,CA_Restaurant_Scraper,A,"Restaurant, Restaurant, POS_Prospect, Irvine",Auto-generated lead for PSDepot outreach. Type: Restaurant,2026-04-28,https://www.yelp.com/biz/green-restaurant-irvine,"https://maps.google.com/?q=5257+Second+St,Irvine,CA",3.2,312,$500K-$1M,1-10,Low,Orange County
Luis,Hernandez,info@sandepizza.com,(949) 220-3105,San DePizza,8409 Jefferson St,Irvine,Orange County,CA,94474,Pizza,https://www.sandepizza.com,CA_Restaurant_Scraper,C,"Restaurant, Pizza, POS_Prospect, Irvine",Auto-generated lead for PSDepot outreach. Type: Pizza,2026-04-28,https://www.yelp.com/biz/san-depizza-irvine,"https://maps.google.com/?q=8409+Jefferson+St,Irvine,CA",,,$2.5M-$5M,100+,High,Orange County
Carlos,Smith,info@bluedelbistro.com,(949) 397-4690,Blue DelBistro,1970 Wilshire Blvd,Irvine,Orange County,CA,93412,Bistro,https://www.bluedelbistro.com,CA_Restaurant_Scraper,C,"Restaurant, Bistro, POS_Prospect, Irvine",Auto-generated lead for PSDepot outreach. Type: Bistro,2026-04-28,,"https://maps.google.com/?q=1970+Wilshire+Blvd,Irvine,CA",4.3,462,Under $500K,51-100,Low,Orange County
Matthew,Hernandez,info@kitchenburritos.com,(949) 390-8427,Kitchen Burritos,7632 Ocean Ave,Irvine,Orange County,CA,92356,Kitchen,,CA_Restaurant_Scraper,C,"Restaurant, Kitchen, POS_Prospect, Irvine",Auto-generated lead for PSDepot outreach. Type: Kitchen,2026-04-28,https://www.yelp.com/biz/kitchen-burritos-irvine,"https://maps.google.com/?q=7632+Ocean+Ave,Irvine,CA",3.7,67,Under $500K,11-25,Low,Orange County
Mary,Hernandez,info@santadesushi.com,(949) 542-6796,Santa DeSushi,3173 Mission St,Irvine,Orange County,CA,94883,Sushi,,CA_Restaurant_Scraper,B,"Restaurant, Sushi, POS_Prospect, Irvine",Auto-generated lead for PSDepot outreach. Type: Sushi,2026-04-28,,"https://maps.google.com/?q=3173+Mission+St,Irvine,CA",4.4,361,$5M+,100+,High,Orange County
Linda,Perez,info@hernandezspizza.com,(949) 360-7014,Hernandez's Pizza,6464 Broadway,Irvine,Orange County,CA,92254,Pizza,,CA_Restaurant_Scraper,B,"Restaurant, Pizza, POS_Prospect, Irvine",Auto-generated lead for PSDepot outreach. Type: Pizza,2026-04-28,https://www.yelp.com/biz/hernandezs-pizza-irvine,"https://maps.google.com/?q=6464+Broadway,Irvine,CA",4.0,403,$5M+,26-50,High,Orange County
Nancy,Martinez,info@goldendeltaqueria.com,(949) 566-4808,Golden DelTaqueria,8859 Second St,Irvine,Orange County,CA,90198,Taqueria,,CA_Restaurant_Scraper,A,"Restaurant, Taqueria, POS_Prospect, Irvine",Auto-generated lead for PSDepot outreach. Type: Taqueria,2026-04-28,,"https://maps.google.com/?q=8859+Second+St,Irvine,CA",3.5,475,$5M+,1-10,High,Orange County
Maria,Lopez,info@gonzalezskitchen.com,(949) 869-4756,Gonzalez's Kitchen,6177 Maple Ave,Irvine,Orange County,CA,92618,Kitchen,,CA_Restaurant_Scraper,C,"Restaurant, Kitchen, POS_Prospect, Irvine",Auto-generated lead for PSDepot outreach. Type: Kitchen,2026-04-28,https://www.yelp.com/biz/gonzalezs-kitchen-irvine,"https://maps.google.com/?q=6177+Maple+Ave,Irvine,CA",4.3,92,$1M-$2.5M,100+,Medium,Orange County
Daniel,Perez,info@smithskitchen.com,(949) 869-6486,Smith's Kitchen,2406 First St,Irvine,Orange County,CA,90695,Kitchen,,CA_Restaurant_Scraper,B,"Restaurant, Kitchen, POS_Prospect, Irvine",Auto-generated lead for PSDepot outreach. Type: Kitchen,2026-04-28,,"https://maps.google.com/?q=2406+First+St,Irvine,CA",4.9,239,$500K-$1M,100+,Low,Orange County
Paul,Williams,info@cafedelgrill.com,(949) 390-2508,Cafe DelGrill,1345 Pico Blvd,Irvine,Orange County,CA,92303,Cafe,,CA_Restaurant_Scraper,B,"Restaurant, Cafe, POS_Prospect, Irvine",Auto-generated lead for PSDepot outreach. Type: Cafe,2026-04-28,,"https://maps.google.com/?q=1345+Pico+Blvd,Irvine,CA",3.4,177,Under $500K,100+,Low,Orange County
Daniel,Gonzalez,info@jonessbakery.com,(949) 902-8878,Jones's Bakery,4655 Pine St,Irvine,Orange County,CA,94213,Bakery,https://www.jonessbakery.com,CA_Restaurant_Scraper,B,"Restaurant, Bakery, POS_Prospect, Irvine",Auto-generated lead for PSDepot outreach. Type: Bakery,2026-04-28,https://www.yelp.com/biz/joness-bakery-irvine,"https://maps.google.com/?q=4655+Pine+St,Irvine,CA",4.6,392,Under $500K,26-50,Low,Orange County
Sarah,Ramirez,info@bistrodebbq.com,(949) 444-6106,Bistro DeBBQ,1025 Cedar Ave,Irvine,Orange County,CA,90474,Bistro,,CA_Restaurant_Scraper,C,"Restaurant, Bistro, POS_Prospect, Irvine",Auto-generated lead for PSDepot outreach. Type: Bistro,2026-04-28,,"https://maps.google.com/?q=1025+Cedar+Ave,Irvine,CA",4.3,270,$500K-$1M,11-25,Low,Orange County
Anthony,Gomez,info@bluedetaqueria.com,(949) 261-5409,Blue DeTaqueria,1394 Market St,Irvine,Orange County,CA,92443,Taqueria,https://www.bluedetaqueria.com,CA_Restaurant_Scraper,A,"Restaurant, Taqueria, POS_Prospect, Irvine",Auto-generated lead for PSDepot outreach. Type: Taqueria,2026-04-28,,"https://maps.google.com/?q=1394+Market+St,Irvine,CA",,,$5M+,26-50,High,Orange County
Steven,Garcia,,(949) 365-1863,Johnson's Diner,2916 Elm St,Irvine,Orange County,CA,96635,Diner,https://www.johnsonsdiner.com,CA_Restaurant_Scraper,A,"Restaurant, Diner, POS_Prospect, Irvine",Auto-generated lead for PSDepot outreach. Type: Diner,2026-04-28,,"https://maps.google.com/?q=2916+Elm+St,Irvine,CA",3.1,210,$2.5M-$5M,100+,High,Orange County
Margaret,Gonzalez,info@grillcafe.com,(949) 412-9965,Grill Cafe,1225 Third St,Irvine,Orange County,CA,95954,Cafe,,CA_Restaurant_Scraper,B,"Restaurant, Cafe, POS_Prospect, Irvine",Auto-generated lead for PSDepot outreach. Type: Cafe,2026-04-28,,"https://maps.google.com/?q=1225+Third+St,Irvine,CA",4.0,85,$500K-$1M,100+,Low,Orange County
Barbara,Sanchez,info@bistrodelcafe.com,(949) 508-5937,Bistro DelCafe,4180 Second St,Irvine,Orange County,CA,95595,Cafe,,CA_Restaurant_Scraper,C,"Restaurant, Cafe, POS_Prospect, Irvine",Auto-generated lead for PSDepot outreach. Type: Cafe,2026-04-28,https://www.yelp.com/biz/bistro-delcafe-irvine,"https://maps.google.com/?q=4180+Second+St,Irvine,CA",,,$5M+,11-25,High,Orange County
Steven,Rivera,info@grilldelcoffee.com,(949) 521-1550,Grill DelCoffee,8345 Elm St,Irvine,Orange County,CA,90369,Grill,,CA_Restaurant_Scraper,C,"Restaurant, Grill, POS_Prospect, Irvine",Auto-generated lead for PSDepot outreach. Type: Grill,2026-04-28,https://www.yelp.com/biz/grill-delcoffee-irvine,"https://maps.google.com/?q=8345+Elm+St,Irvine,CA",3.8,380,$5M+,100+,High,Orange County
Anthony,Sanchez,,(949) 672-1340,Spot DeBBQ,534 Hollywood Blvd,Irvine,Orange County,CA,95083,BBQ,https://www.spotdebbq.com,CA_Restaurant_Scraper,B,"Restaurant, BBQ, POS_Prospect, Irvine",Auto-generated lead for PSDepot outreach. Type: BBQ,2026-04-28,,"https://maps.google.com/?q=534+Hollywood+Blvd,Irvine,CA",3.9,92,$2.5M-$5M,26-50,High,Orange County
Jessica,Brown,info@sanchezsburger.com,(949) 572-1523,Sanchez's Burger,6034 Sunset Blvd,Irvine,Orange County,CA,96460,Burger,https://www.sanchezsburger.com,CA_Restaurant_Scraper,A,"Restaurant, Burger, POS_Prospect, Irvine",Auto-generated lead for PSDepot outreach. Type: Burger,2026-04-28,,"https://maps.google.com/?q=6034+Sunset+Blvd,Irvine,CA",3.6,171,$5M+,26-50,High,Orange County
Mark,Sanchez,info@littledelbistro.com,(949) 454-8156,Little DelBistro,2965 Main St,Irvine,Orange County,CA,95022,Bistro,https://www.littledelbistro.com,CA_Restaurant_Scraper,C,"Restaurant, Bistro, POS_Prospect, Irvine",Auto-generated lead for PSDepot outreach. Type: Bistro,2026-04-28,,"https://maps.google.com/?q=2965+Main+St,Irvine,CA",3.4,254,$1M-$2.5M,26-50,Medium,Orange County
Linda,Brown,info@redderestaurant.com,(949) 200-8513,Red DeRestaurant,1375 Pico Blvd,Irvine,Orange County,CA,93284,Restaurant,,CA_Restaurant_Scraper,C,"Restaurant, Restaurant, POS_Prospect, Irvine",Auto-generated lead for PSDepot outreach. Type: Restaurant,2026-04-28,https://www.yelp.com/biz/red-derestaurant-irvine,"https://maps.google.com/?q=1375+Pico+Blvd,Irvine,CA",4.1,339,$5M+,51-100,High,Orange County
Jennifer,Sanchez,,(949) 380-3302,Jones's Kitchen,6863 Washington Blvd,Irvine,Orange County,CA,90849,Kitchen,,CA_Restaurant_Scraper,C,"Restaurant, Kitchen, POS_Prospect, Irvine",Auto-generated lead for PSDepot outreach. Type: Kitchen,2026-04-28,https://www.yelp.com/biz/joness-kitchen-irvine,"https://maps.google.com/?q=6863+Washington+Blvd,Irvine,CA",4.2,457,$500K-$1M,51-100,Low,Orange County
Karen,Williams,info@greentaqueria.com,(949) 362-9113,Green Taqueria,5714 Sunset Blvd,Irvine,Orange County,CA,94015,Taqueria,,CA_Restaurant_Scraper,C,"Restaurant, Taqueria, POS_Prospect, Irvine",Auto-generated lead for PSDepot outreach. Type: Taqueria,2026-04-28,https://www.yelp.com/biz/green-taqueria-irvine,"https://maps.google.com/?q=5714+Sunset+Blvd,Irvine,CA",,,$1M-$2.5M,11-25,Medium,Orange County
Michael,Lopez,info@williamssgrill.com,(949) 547-8009,Williams's Grill,6715 Sunset Blvd,Irvine,Orange County,CA,90168,Grill,,CA_Restaurant_Scraper,A,"Restaurant, Grill, POS_Prospect, Irvine",Auto-generated lead for PSDepot outreach. Type: Grill,2026-04-28,https://www.yelp.com/biz/williamss-grill-irvine,"https://maps.google.com/?q=6715+Sunset+Blvd,Irvine,CA",3.4,327,Under $500K,11-25,Low,Orange County
Michael,Martinez,info@santaeatery.com,(949) 200-6395,Santa Eatery,234 Sunset Blvd,Irvine,Orange County,CA,91400,Eatery,https://www.santaeatery.com,CA_Restaurant_Scraper,C,"Restaurant, Eatery, POS_Prospect, Irvine",Auto-generated lead for PSDepot outreach. Type: Eatery,2026-04-28,,"https://maps.google.com/?q=234+Sunset+Blvd,Irvine,CA",3.8,31,$5M+,26-50,High,Orange County
Mark,Hernandez,info@bistrodelkitchen.com,(949) 360-1989,Bistro DelKitchen,2786 Broadway,Irvine,Orange County,CA,94828,Kitchen,,CA_Restaurant_Scraper,C,"Restaurant, Kitchen, POS_Prospect, Irvine",Auto-generated lead for PSDepot outreach. Type: Kitchen,2026-04-28,,"https://maps.google.com/?q=2786+Broadway,Irvine,CA",4.2,432,$5M+,26-50,High,Orange County
Matthew,Rivera,info@goldendegrill.com,(949) 940-8163,Golden DeGrill,8878 Broadway,Irvine,Orange County,CA,93757,Grill,,CA_Restaurant_Scraper,B,"Restaurant, Grill, POS_Prospect, Irvine",Auto-generated lead for PSDepot outreach. Type: Grill,2026-04-28,https://www.yelp.com/biz/golden-degrill-irvine,"https://maps.google.com/?q=8878+Broadway,Irvine,CA",3.5,316,$5M+,11-25,High,Orange County
Richard,Perez,info@bluedekitchen.com,(949) 440-8970,Blue DeKitchen,314 Pine St,Irvine,Orange County,CA,91842,Kitchen,,CA_Restaurant_Scraper,B,"Restaurant, Kitchen, POS_Prospect, Irvine",Auto-generated lead for PSDepot outreach. Type: Kitchen,2026-04-28,https://www.yelp.com/biz/blue-dekitchen-irvine,"https://maps.google.com/?q=314+Pine+St,Irvine,CA",,,$5M+,11-25,High,Orange County
Mary,Johnson,info@floresscoffee.com,(949) 639-8995,Flores's Coffee,5201 Hollywood Blvd,Irvine,Orange County,CA,94990,Coffee,,CA_Restaurant_Scraper,C,"Restaurant, Coffee, POS_Prospect, Irvine",Auto-generated lead for PSDepot outreach. Type: Coffee,2026-04-28,https://www.yelp.com/biz/floress-coffee-irvine,"https://maps.google.com/?q=5201+Hollywood+Blvd,Irvine,CA",3.2,473,$2.5M-$5M,100+,High,Orange County
Susan,Gomez,info@martinezsbistro.com,(949) 812-4076,Martinez's Bistro,3322 Main St,Irvine,Orange County,CA,95738,Bistro,,CA_Restaurant_Scraper,C,"Restaurant, Bistro, POS_Prospect, Irvine",Auto-generated lead for PSDepot outreach. Type: Bistro,2026-04-28,,"https://maps.google.com/?q=3322+Main+St,Irvine,CA",4.0,449,Under $500K,100+,Low,Orange County
Roberto,Rodriguez,info@sandetaqueria.com,(949) 571-5755,San DeTaqueria,1156 Oak St,Irvine,Orange County,CA,96156,Taqueria,https://www.sandetaqueria.com,CA_Restaurant_Scraper,A,"Restaurant, Taqueria, POS_Prospect, Irvine",Auto-generated lead for PSDepot outreach. Type: Taqueria,2026-04-28,https://www.yelp.com/biz/san-detaqueria-irvine,"https://maps.google.com/?q=1156+Oak+St,Irvine,CA",4.5,387,$5M+,1-10,High,Orange County
James,Williams,info@housecafe.com,(949) 305-5044,House Cafe,1815 Elm St,Irvine,Orange County,CA,91482,Cafe,https://www.housecafe.com,CA_Restaurant_Scraper,A,"Restaurant, Cafe, POS_Prospect, Irvine",Auto-generated lead for PSDepot outreach. Type: Cafe,2026-04-28,,"https://maps.google.com/?q=1815+Elm+St,Irvine,CA",4.4,240,$2.5M-$5M,11-25,High,Orange County
Betty,Perez,,(949) 475-9999,Green DelBar & Grill,5447 Maple Ave,Irvine,Orange County,CA,91760,Bar & Grill,,CA_Restaurant_Scraper,C,"Restaurant, Bar & Grill, POS_Prospect, Irvine",Auto-generated lead for PSDepot outreach. Type: Bar & Grill,2026-04-28,,"https://maps.google.com/?q=5447+Maple+Ave,Irvine,CA",3.1,63,$500K-$1M,100+,Low,Orange County
Margaret,Miller,info@casadeleatery.com,(949) 325-3037,Casa DelEatery,3524 Main St,Irvine,Orange County,CA,96080,Eatery,,CA_Restaurant_Scraper,A,"Restaurant, Eatery, POS_Prospect, Irvine",Auto-generated lead for PSDepot outreach. Type: Eatery,2026-04-28,,"https://maps.google.com/?q=3524+Main+St,Irvine,CA",4.0,401,$1M-$2.5M,26-50,Medium,Orange County
Juan,Garcia,,(949) 703-6841,Flores's Taqueria,1417 Wilshire Blvd,Irvine,Orange County,CA,96249,Taqueria,,CA_Restaurant_Scraper,A,"Restaurant, Taqueria, POS_Prospect, Irvine",Auto-generated lead for PSDepot outreach. Type: Taqueria,2026-04-28,https://www.yelp.com/biz/floress-taqueria-irvine,"https://maps.google.com/?q=1417+Wilshire+Blvd,Irvine,CA",,,$5M+,11-25,High,Orange County
Luis,Lopez,,(949) 962-3046,Brown's Bistro,7496 Second St,Irvine,Orange County,CA,95152,Bistro,,CA_Restaurant_Scraper,B,"Restaurant, Bistro, POS_Prospect, Irvine",Auto-generated lead for PSDepot outreach. Type: Bistro,2026-04-28,https://www.yelp.com/biz/browns-bistro-irvine,"https://maps.google.com/?q=7496+Second+St,Irvine,CA",4.2,238,Under $500K,26-50,Low,Orange County
Christopher,Martinez,,(949) 395-7622,House Eatery,4550 Second St,Irvine,Orange County,CA,90200,Eatery,,CA_Restaurant_Scraper,A,"Restaurant, Eatery, POS_Prospect, Irvine",Auto-generated lead for PSDepot outreach. Type: Eatery,2026-04-28,,"https://maps.google.com/?q=4550+Second+St,Irvine,CA",4.2,182,$5M+,51-100,High,Orange County
Patricia,Brown,info@casadediner.com,(949) 975-1535,Casa DeDiner,590 Wilshire Blvd,Irvine,Orange County,CA,92179,Diner,,CA_Restaurant_Scraper,C,"Restaurant, Diner, POS_Prospect, Irvine",Auto-generated lead for PSDepot outreach. Type: Diner,2026-04-28,,"https://maps.google.com/?q=590+Wilshire+Blvd,Irvine,CA",,,$5M+,11-25,High,Orange County
Jose,Hernandez,info@losdeltaqueria.com,(949) 566-8991,Los DelTaqueria,1040 Pico Blvd,Irvine,Orange County,CA,95454,Taqueria,,CA_Restaurant_Scraper,B,"Restaurant, Taqueria, POS_Prospect, Irvine",Auto-generated lead for PSDepot outreach. Type: Taqueria,2026-04-28,,"https://maps.google.com/?q=1040+Pico+Blvd,Irvine,CA",,,$500K-$1M,51-100,Low,Orange County
Mark,Lopez,info@goldendelrestaurant.com,(949) 454-9437,Golden DelRestaurant,1990 First St,Irvine,Orange County,CA,92612,Restaurant,,CA_Restaurant_Scraper,C,"Restaurant, Restaurant, POS_Prospect, Irvine",Auto-generated lead for PSDepot outreach. Type: Restaurant,2026-04-28,https://www.yelp.com/biz/golden-delrestaurant-irvine,"https://maps.google.com/?q=1990+First+St,Irvine,CA",4.9,309,Under $500K,26-50,Low,Orange County
Steven,Miller,info@casadelseafood.com,(949) 829-5013,Casa DelSeafood,7064 First St,Irvine,Orange County,CA,93848,Seafood,,CA_Restaurant_Scraper,A,"Restaurant, Seafood, POS_Prospect, Irvine",Auto-generated lead for PSDepot outreach. Type: Seafood,2026-04-28,https://www.yelp.com/biz/casa-delseafood-irvine,"https://maps.google.com/?q=7064+First+St,Irvine,CA",4.2,144,$500K-$1M,51-100,Low,Orange County
Roberto,Williams,info@smithscoffee.com,(949) 975-8045,Smith's Coffee,1962 Ocean Ave,Irvine,Orange County,CA,93571,Coffee,,CA_Restaurant_Scraper,C,"Restaurant, Coffee, POS_Prospect, Irvine",Auto-generated lead for PSDepot outreach. Type: Coffee,2026-04-28,https://www.yelp.com/biz/smiths-coffee-irvine,"https://maps.google.com/?q=1962+Ocean+Ave,Irvine,CA",,,$1M-$2.5M,1-10,Medium,Orange County
Jessica,Rivera,,(949) 758-8460,Bistro DeDiner,3307 Third St,Irvine,Orange County,CA,95503,Diner,https://www.bistrodediner.com,CA_Restaurant_Scraper,B,"Restaurant, Diner, POS_Prospect, Irvine",Auto-generated lead for PSDepot outreach. Type: Diner,2026-04-28,,"https://maps.google.com/?q=3307+Third+St,Irvine,CA",3.9,415,$2.5M-$5M,100+,High,Orange County
Daniel,Johnson,,(949) 840-9624,Grill DeBBQ,8580 First St,Irvine,Orange County,CA,93684,Grill,,CA_Restaurant_Scraper,A,"Restaurant, Grill, POS_Prospect, Irvine",Auto-generated lead for PSDepot outreach. Type: Grill,2026-04-28,,"https://maps.google.com/?q=8580+First+St,Irvine,CA",,,$500K-$1M,26-50,Low,Orange County
Matthew,Davis,,(949) 542-9578,House DelTaqueria,9239 Wilshire Blvd,Irvine,Orange County,CA,92773,Taqueria,,CA_Restaurant_Scraper,A,"Restaurant, Taqueria, POS_Prospect, Irvine",Auto-generated lead for PSDepot outreach. Type: Taqueria,2026-04-28,https://www.yelp.com/biz/house-deltaqueria-irvine,"https://maps.google.com/?q=9239+Wilshire+Blvd,Irvine,CA",4.3,468,$2.5M-$5M,11-25,High,Orange County
Barbara,Rodriguez,,(949) 954-5558,Silver DelSeafood,6825 Jefferson St,Irvine,Orange County,CA,90614,Seafood,,CA_Restaurant_Scraper,C,"Restaurant, Seafood, POS_Prospect, Irvine",Auto-generated lead for PSDepot outreach. Type: Seafood,2026-04-28,https://www.yelp.com/biz/silver-delseafood-irvine,"https://maps.google.com/?q=6825+Jefferson+St,Irvine,CA",4.1,403,$1M-$2.5M,11-25,Medium,Orange County
Mary,Garcia,info@lasdeburger.com,(949) 448-9047,Las DeBurger,8700 Pico Blvd,Irvine,Orange County,CA,93932,Burger,,CA_Restaurant_Scraper,C,"Restaurant, Burger, POS_Prospect, Irvine",Auto-generated lead for PSDepot outreach. Type: Burger,2026-04-28,https://www.yelp.com/biz/las-deburger-irvine,"https://maps.google.com/?q=8700+Pico+Blvd,Irvine,CA",3.6,169,$5M+,51-100,High,Orange County
Sarah,Garcia,info@losdesushi.com,(949) 924-7209,Los DeSushi,3353 Washington Blvd,Irvine,Orange County,CA,95574,Sushi,https://www.losdesushi.com,CA_Restaurant_Scraper,C,"Restaurant, Sushi, POS_Prospect, Irvine",Auto-generated lead for PSDepot outreach. Type: Sushi,2026-04-28,,"https://maps.google.com/?q=3353+Washington+Blvd,Irvine,CA",3.8,250,$1M-$2.5M,51-100,Medium,Orange County
David,Martinez,info@grilldebistro.com,(949) 544-4134,Grill DeBistro,8193 Broadway,Irvine,Orange County,CA,95173,Bistro,,CA_Restaurant_Scraper,B,"Restaurant, Bistro, POS_Prospect, Irvine",Auto-generated lead for PSDepot outreach. Type: Bistro,2026-04-28,https://www.yelp.com/biz/grill-debistro-irvine,"https://maps.google.com/?q=8193+Broadway,Irvine,CA",3.3,45,$5M+,100+,High,Orange County
James,Smith,info@pueblodecafe.com,(949) 921-6642,Pueblo DeCafe,1716 Oak St,Irvine,Orange County,CA,92618,Cafe,,CA_Restaurant_Scraper,C,"Restaurant, Cafe, POS_Prospect, Irvine",Auto-generated lead for PSDepot outreach. Type: Cafe,2026-04-28,https://www.yelp.com/biz/pueblo-decafe-irvine,"https://maps.google.com/?q=1716+Oak+St,Irvine,CA",,,Under $500K,51-100,Low,Orange County
Lisa,Rodriguez,info@silverdediner.com,(949) 431-4136,Silver DeDiner,7353 Main St,Irvine,Orange County,CA,95720,Diner,https://www.silverdediner.com,CA_Restaurant_Scraper,B,"Restaurant, Diner, POS_Prospect, Irvine",Auto-generated lead for PSDepot outreach. Type: Diner,2026-04-28,https://www.yelp.com/biz/silver-dediner-irvine,"https://maps.google.com/?q=7353+Main+St,Irvine,CA",3.7,266,Under $500K,100+,Low,Orange County
Paul,Rodriguez,info@martinezskitchen.com,(949) 542-8967,Martinez's Kitchen,1157 Pico Blvd,Irvine,Orange County,CA,93961,Kitchen,,CA_Restaurant_Scraper,B,"Restaurant, Kitchen, POS_Prospect, Irvine",Auto-generated lead for PSDepot outreach. Type: Kitchen,2026-04-28,,"https://maps.google.com/?q=1157+Pico+Blvd,Irvine,CA",4.5,13,$1M-$2.5M,100+,Medium,Orange County
Jennifer,Torres,info@kitchendebistro.com,(949) 852-4916,Kitchen DeBistro,3000 Broadway,Irvine,Orange County,CA,92580,Kitchen,https://www.kitchendebistro.com,CA_Restaurant_Scraper,B,"Restaurant, Kitchen, POS_Prospect, Irvine",Auto-generated lead for PSDepot outreach. Type: Kitchen,2026-04-28,https://www.yelp.com/biz/kitchen-debistro-irvine,"https://maps.google.com/?q=3000+Broadway,Irvine,CA",4.2,490,$500K-$1M,1-10,Low,Orange County
Nancy,Flores,info@lopezseatery.com,(949) 709-7835,Lopez's Eatery,606 Maple Ave,Irvine,Orange County,CA,91401,Eatery,,CA_Restaurant_Scraper,C,"Restaurant, Eatery, POS_Prospect, Irvine",Auto-generated lead for PSDepot outreach. Type: Eatery,2026-04-28,https://www.yelp.com/biz/lopezs-eatery-irvine,"https://maps.google.com/?q=606+Maple+Ave,Irvine,CA",4.6,417,Under $500K,26-50,Low,Orange County
William,Ramirez,info@housesteakhouse.com,(949) 455-1932,House Steakhouse,9219 Mission St,Irvine,Orange County,CA,94239,Steakhouse,,CA_Restaurant_Scraper,B,"Restaurant, Steakhouse, POS_Prospect, Irvine",Auto-generated lead for PSDepot outreach. Type: Steakhouse,2026-04-28,https://www.yelp.com/biz/house-steakhouse-irvine,"https://maps.google.com/?q=9219+Mission+St,Irvine,CA",4.2,443,Under $500K,1-10,Low,Orange County
Pedro,Smith,info@housedebistro.com,(949) 423-4545,House DeBistro,9071 Ocean Ave,Irvine,Orange County,CA,91172,Bistro,,CA_Restaurant_Scraper,A,"Restaurant, Bistro, POS_Prospect, Irvine",Auto-generated lead for PSDepot outreach. Type: Bistro,2026-04-28,https://www.yelp.com/biz/house-debistro-irvine,"https://maps.google.com/?q=9071+Ocean+Ave,Irvine,CA",5.0,457,$2.5M-$5M,26-50,High,Orange County
Jessica,Hernandez,info@millersgrill.com,(949) 697-1882,Miller's Grill,2897 Wilshire Blvd,Irvine,Orange County,CA,94175,Grill,https://www.millersgrill.com,CA_Restaurant_Scraper,B,"Restaurant, Grill, POS_Prospect, Irvine",Auto-generated lead for PSDepot outreach. Type: Grill,2026-04-28,https://www.yelp.com/biz/millers-grill-irvine,"https://maps.google.com/?q=2897+Wilshire+Blvd,Irvine,CA",3.3,430,$1M-$2.5M,100+,Medium,Orange County
Susan,Rivera,info@lasrestaurant.com,(949) 882-2977,Las Restaurant,2976 Jefferson St,Irvine,Orange County,CA,91388,Restaurant,,CA_Restaurant_Scraper,A,"Restaurant, Restaurant, POS_Prospect, Irvine",Auto-generated lead for PSDepot outreach. Type: Restaurant,2026-04-28,https://www.yelp.com/biz/las-restaurant-irvine,"https://maps.google.com/?q=2976+Jefferson+St,Irvine,CA",4.7,443,$2.5M-$5M,1-10,High,Orange County
Betty,Gonzalez,info@housedeseafood.com,(949) 867-3419,House DeSeafood,6419 Third St,Irvine,Orange County,CA,92872,Seafood,https://www.housedeseafood.com,CA_Restaurant_Scraper,B,"Restaurant, Seafood, POS_Prospect, Irvine",Auto-generated lead for PSDepot outreach. Type: Seafood,2026-04-28,https://www.yelp.com/biz/house-deseafood-irvine,"https://maps.google.com/?q=6419+Third+St,Irvine,CA",4.9,494,$500K-$1M,51-100,Low,Orange County
Matthew,Gomez,info@grilldelburger.com,(949) 954-5009,Grill DelBurger,3807 Elm St,Irvine,Orange County,CA,96793,Burger,,CA_Restaurant_Scraper,C,"Restaurant, Burger, POS_Prospect, Irvine",Auto-generated lead for PSDepot outreach. Type: Burger,2026-04-28,https://www.yelp.com/biz/grill-delburger-irvine,"https://maps.google.com/?q=3807+Elm+St,Irvine,CA",3.7,399,$1M-$2.5M,1-10,Medium,Orange County
Linda,Lopez,info@pueblodiner.com,(949) 374-6711,Pueblo Diner,8438 Mission St,Irvine,Orange County,CA,96083,Diner,,CA_Restaurant_Scraper,A,"Restaurant, Diner, POS_Prospect, Irvine",Auto-generated lead for PSDepot outreach. Type: Diner,2026-04-28,https://www.yelp.com/biz/pueblo-diner-irvine,"https://maps.google.com/?q=8438+Mission+St,Irvine,CA",3.0,170,$2.5M-$5M,51-100,High,Orange County
Betty,Hernandez,info@martinezsdiner.com,(949) 668-4220,Martinez's Diner,4323 Mission St,Irvine,Orange County,CA,91550,Diner,,CA_Restaurant_Scraper,A,"Restaurant, Diner, POS_Prospect, Irvine",Auto-generated lead for PSDepot outreach. Type: Diner,2026-04-28,https://www.yelp.com/biz/martinezs-diner-irvine,"https://maps.google.com/?q=4323+Mission+St,Irvine,CA",,,$5M+,100+,High,Orange County
David,Sanchez,info@cornerdeburger.com,(949) 680-1744,Corner DeBurger,3867 Oak St,Irvine,Orange County,CA,96202,Burger,,CA_Restaurant_Scraper,A,"Restaurant, Burger, POS_Prospect, Irvine",Auto-generated lead for PSDepot outreach. Type: Burger,2026-04-28,https://www.yelp.com/biz/corner-deburger-irvine,"https://maps.google.com/?q=3867+Oak+St,Irvine,CA",,,$2.5M-$5M,51-100,High,Orange County
Richard,Gomez,info@bigdelrestaurant.com,(949) 264-6558,Big DelRestaurant,3561 Cedar Ave,Irvine,Orange County,CA,93676,Restaurant,,CA_Restaurant_Scraper,A,"Restaurant, Restaurant, POS_Prospect, Irvine",Auto-generated lead for PSDepot outreach. Type: Restaurant,2026-04-28,https://www.yelp.com/biz/big-delrestaurant-irvine,"https://maps.google.com/?q=3561+Cedar+Ave,Irvine,CA",,,$500K-$1M,1-10,Low,Orange County
Margaret,Garcia,info@sandebakery.com,(949) 868-5480,San DeBakery,9523 Sunset Blvd,Irvine,Orange County,CA,96047,Bakery,https://www.sandebakery.com,CA_Restaurant_Scraper,A,"Restaurant, Bakery, POS_Prospect, Irvine",Auto-generated lead for PSDepot outreach. Type: Bakery,2026-04-28,https://www.yelp.com/biz/san-debakery-irvine,"https://maps.google.com/?q=9523+Sunset+Blvd,Irvine,CA",4.3,134,$1M-$2.5M,100+,Medium,Orange County
Nancy,Gonzalez,info@ladiner.com,(949) 590-5735,La Diner,102 Elm St,Irvine,Orange County,CA,93496,Diner,,CA_Restaurant_Scraper,A,"Restaurant, Diner, POS_Prospect, Irvine",Auto-generated lead for PSDepot outreach. Type: Diner,2026-04-28,https://www.yelp.com/biz/la-diner-irvine,"https://maps.google.com/?q=102+Elm+St,Irvine,CA",3.0,406,$500K-$1M,100+,Low,Orange County
Elizabeth,Garcia,info@thedelbbq.com,(949) 206-6192,The DelBBQ,8534 Second St,Irvine,Orange County,CA,92827,BBQ,,CA_Restaurant_Scraper,A,"Restaurant, BBQ, POS_Prospect, Irvine",Auto-generated lead for PSDepot outreach. Type: BBQ,2026-04-28,,"https://maps.google.com/?q=8534+Second+St,Irvine,CA",3.0,64,$2.5M-$5M,51-100,High,Orange County
Michael,Garcia,info@bigdelseafood.com,(949) 607-1505,Big DelSeafood,4168 Pico Blvd,Irvine,Orange County,CA,94412,Seafood,https://www.bigdelseafood.com,CA_Restaurant_Scraper,B,"Restaurant, Seafood, POS_Prospect, Irvine",Auto-generated lead for PSDepot outreach. Type: Seafood,2026-04-28,https://www.yelp.com/biz/big-delseafood-irvine,"https://maps.google.com/?q=4168+Pico+Blvd,Irvine,CA",4.3,206,Under $500K,26-50,Low,Orange County
Jessica,Gonzalez,info@spotdecafe.com,(949) 999-9974,Spot DeCafe,8485 Elm St,Irvine,Orange County,CA,94416,Cafe,https://www.spotdecafe.com,CA_Restaurant_Scraper,B,"Restaurant, Cafe, POS_Prospect, Irvine",Auto-generated lead for PSDepot outreach. Type: Cafe,2026-04-28,,"https://maps.google.com/?q=8485+Elm+St,Irvine,CA",3.7,329,$2.5M-$5M,51-100,High,Orange County
Margaret,Ramirez,,(949) 337-5539,Cafe DeDiner,305 Third St,Irvine,Orange County,CA,94866,Cafe,,CA_Restaurant_Scraper,B,"Restaurant, Cafe, POS_Prospect, Irvine",Auto-generated lead for PSDepot outreach. Type: Cafe,2026-04-28,https://www.yelp.com/biz/cafe-dediner-irvine,"https://maps.google.com/?q=305+Third+St,Irvine,CA",3.1,196,Under $500K,26-50,Low,Orange County
Sarah,Miller,info@garciastaqueria.com,(949) 479-6023,Garcia's Taqueria,1103 Market St,Irvine,Orange County,CA,96454,Taqueria,,CA_Restaurant_Scraper,B,"Restaurant, Taqueria, POS_Prospect, Irvine",Auto-generated lead for PSDepot outreach. Type: Taqueria,2026-04-28,https://www.yelp.com/biz/garcias-taqueria-irvine,"https://maps.google.com/?q=1103+Market+St,Irvine,CA",,,$2.5M-$5M,100+,High,Orange County
Betty,Sanchez,,(949) 657-7272,Grill Steakhouse,1411 Pico Blvd,Irvine,Orange County,CA,90798,Grill,,CA_Restaurant_Scraper,C,"Restaurant, Grill, POS_Prospect, Irvine",Auto-generated lead for PSDepot outreach. Type: Grill,2026-04-28,,"https://maps.google.com/?q=1411+Pico+Blvd,Irvine,CA",3.5,213,$2.5M-$5M,51-100,High,Orange County
Margaret,Jones,info@kitchendelbbq.com,(949) 683-5462,Kitchen DelBBQ,3093 Mission St,Irvine,Orange County,CA,96344,Kitchen,https://www.kitchendelbbq.com,CA_Restaurant_Scraper,C,"Restaurant, Kitchen, POS_Prospect, Irvine",Auto-generated lead for PSDepot outreach. Type: Kitchen,2026-04-28,https://www.yelp.com/biz/kitchen-delbbq-irvine,"https://maps.google.com/?q=3093+Mission+St,Irvine,CA",3.6,184,$2.5M-$5M,1-10,High,Orange County
Pedro,Lopez,info@spotdelbbq.com,(949) 312-2895,Spot DelBBQ,8166 Sunset Blvd,Irvine,Orange County,CA,93202,BBQ,,CA_Restaurant_Scraper,C,"Restaurant, BBQ, POS_Prospect, Irvine",Auto-generated lead for PSDepot outreach. Type: BBQ,2026-04-28,,"https://maps.google.com/?q=8166+Sunset+Blvd,Irvine,CA",,,$2.5M-$5M,100+,High,Orange County
Lisa,Martinez,info@cafecafe.com,(949) 438-1274,Cafe Cafe,6013 Wilshire Blvd,Irvine,Orange County,CA,95892,Cafe,,CA_Restaurant_Scraper,A,"Restaurant, Cafe, POS_Prospect, Irvine",Auto-generated lead for PSDepot outreach. Type: Cafe,2026-04-28,https://www.yelp.com/biz/cafe-cafe-irvine,"https://maps.google.com/?q=6013+Wilshire+Blvd,Irvine,CA",3.5,200,$500K-$1M,51-100,Low,Orange County
Daniel,Gonzalez,info@pueblodelgrill.com,(949) 751-8258,Pueblo DelGrill,2231 Oak St,Irvine,Orange County,CA,91645,Grill,,CA_Restaurant_Scraper,C,"Restaurant, Grill, POS_Prospect, Irvine",Auto-generated lead for PSDepot outreach. Type: Grill,2026-04-28,https://www.yelp.com/biz/pueblo-delgrill-irvine,"https://maps.google.com/?q=2231+Oak+St,Irvine,CA",4.7,92,$1M-$2.5M,1-10,Medium,Orange County
Mary,Martinez,,(949) 683-6263,Blue Seafood,2601 Market St,Irvine,Orange County,CA,93575,Seafood,,CA_Restaurant_Scraper,B,"Restaurant, Seafood, POS_Prospect, Irvine",Auto-generated lead for PSDepot outreach. Type: Seafood,2026-04-28,,"https://maps.google.com/?q=2601+Market+St,Irvine,CA",,,Under $500K,26-50,Low,Orange County
Linda,Miller,info@pueblodebbq.com,(949) 282-9018,Pueblo DeBBQ,1609 Main St,Irvine,Orange County,CA,96958,BBQ,https://www.pueblodebbq.com,CA_Restaurant_Scraper,C,"Restaurant, BBQ, POS_Prospect, Irvine",Auto-generated lead for PSDepot outreach. Type: BBQ,2026-04-28,,"https://maps.google.com/?q=1609+Main+St,Irvine,CA",3.6,394,Under $500K,51-100,Low,Orange County
Jose,Lopez,,(949) 708-5622,Casa Taqueria,2553 Ocean Ave,Irvine,Orange County,CA,91096,Taqueria,,CA_Restaurant_Scraper,C,"Restaurant, Taqueria, POS_Prospect, Irvine",Auto-generated lead for PSDepot outreach. Type: Taqueria,2026-04-28,https://www.yelp.com/biz/casa-taqueria-irvine,"https://maps.google.com/?q=2553+Ocean+Ave,Irvine,CA",3.4,8,$500K-$1M,11-25,Low,Orange County
Lisa,Hernandez,,(949) 798-2653,Williams's Seafood,2234 Maple Ave,Irvine,Orange County,CA,93082,Seafood,,CA_Restaurant_Scraper,B,"Restaurant, Seafood, POS_Prospect, Irvine",Auto-generated lead for PSDepot outreach. Type: Seafood,2026-04-28,https://www.yelp.com/biz/williamss-seafood-irvine,"https://maps.google.com/?q=2234+Maple+Ave,Irvine,CA",,,$500K-$1M,100+,Low,Orange County
Paul,Ramirez,info@elbakery.com,(949) 273-2990,El Bakery,3939 Pine St,Irvine,Orange County,CA,90937,Bakery,,CA_Restaurant_Scraper,C,"Restaurant, Bakery, POS_Prospect, Irvine",Auto-generated lead for PSDepot outreach. Type: Bakery,2026-04-28,https://www.yelp.com/biz/el-bakery-irvine,"https://maps.google.com/?q=3939+Pine+St,Irvine,CA",4.5,288,$5M+,26-50,High,Orange County
Christopher,Flores,info@gomezseatery.com,(949) 653-2596,Gomez's Eatery,2479 Hollywood Blvd,Irvine,Orange County,CA,96588,Eatery,,CA_Restaurant_Scraper,A,"Restaurant, Eatery, POS_Prospect, Irvine",Auto-generated lead for PSDepot outreach. Type: Eatery,2026-04-28,,"https://maps.google.com/?q=2479+Hollywood+Blvd,Irvine,CA",3.4,352,Under $500K,26-50,Low,Orange County
Christopher,Rodriguez,,(949) 714-7443,Rivera's Restaurant,9424 Market St,Irvine,Orange County,CA,90953,Restaurant,,CA_Restaurant_Scraper,B,"Restaurant, Restaurant, POS_Prospect, Irvine",Auto-generated lead for PSDepot outreach. Type: Restaurant,2026-04-28,https://www.yelp.com/biz/riveras-restaurant-irvine,"https://maps.google.com/?q=9424+Market+St,Irvine,CA",3.1,272,$500K-$1M,1-10,Low,Orange County
Richard,Jones,,(949) 382-2573,Garcia's BBQ,548 Third St,Irvine,Orange County,CA,95444,BBQ,,CA_Restaurant_Scraper,C,"Restaurant, BBQ, POS_Prospect, Irvine",Auto-generated lead for PSDepot outreach. Type: BBQ,2026-04-28,https://www.yelp.com/biz/garcias-bbq-irvine,"https://maps.google.com/?q=548+Third+St,Irvine,CA",3.3,274,$500K-$1M,11-25,Low,Orange County
Richard,Ramirez,,(949) 389-8276,Garcia's Coffee,6496 Pine St,Irvine,Orange County,CA,90445,Coffee,https://www.garciascoffee.com,CA_Restaurant_Scraper,A,"Restaurant, Coffee, POS_Prospect, Irvine",Auto-generated lead for PSDepot outreach. Type: Coffee,2026-04-28,,"https://maps.google.com/?q=6496+Pine+St,Irvine,CA",3.2,359,Under $500K,26-50,Low,Orange County
Matthew,Rivera,info@bigtaqueria.com,(949) 835-7031,Big Taqueria,8705 Elm St,Irvine,Orange County,CA,93909,Taqueria,,CA_Restaurant_Scraper,A,"Restaurant, Taqueria, POS_Prospect, Irvine",Auto-generated lead for PSDepot outreach. Type: Taqueria,2026-04-28,https://www.yelp.com/biz/big-taqueria-irvine,"https://maps.google.com/?q=8705+Elm+St,Irvine,CA",4.5,24,Under $500K,100+,Low,Orange County
John,Williams,info@reddeltaqueria.com,(949) 769-4850,Red DelTaqueria,5994 Main St,Irvine,Orange County,CA,92854,Taqueria,,CA_Restaurant_Scraper,B,"Restaurant, Taqueria, POS_Prospect, Irvine",Auto-generated lead for PSDepot outreach. Type: Taqueria,2026-04-28,https://www.yelp.com/biz/red-deltaqueria-irvine,"https://maps.google.com/?q=5994+Main+St,Irvine,CA",4.3,126,Under $500K,11-25,Low,Orange County
John,Gomez,,(949) 371-9997,Grill Bakery,6788 First St,Irvine,Orange County,CA,90590,Grill,https://www.grillbakery.com,CA_Restaurant_Scraper,A,"Restaurant, Grill, POS_Prospect, Irvine",Auto-generated lead for PSDepot outreach. Type: Grill,2026-04-28,https://www.yelp.com/biz/grill-bakery-irvine,"https://maps.google.com/?q=6788+First+St,Irvine,CA",,,$500K-$1M,51-100,Low,Orange County
Elizabeth,Lopez,info@rodriguezsgrill.com,(949) 747-5903,Rodriguez's Grill,869 Pico Blvd,Irvine,Orange County,CA,93776,Grill,,CA_Restaurant_Scraper,B,"Restaurant, Grill, POS_Prospect, Irvine",Auto-generated lead for PSDepot outreach. Type: Grill,2026-04-28,https://www.yelp.com/biz/rodriguezs-grill-irvine,"https://maps.google.com/?q=869+Pico+Blvd,Irvine,CA",3.6,13,$500K-$1M,1-10,Low,Orange County
Sarah,Martinez,info@elgrill.com,(949) 703-2985,El Grill,6881 Third St,Irvine,Orange County,CA,91798,Grill,,CA_Restaurant_Scraper,B,"Restaurant, Grill, POS_Prospect, Irvine",Auto-generated lead for PSDepot outreach. Type: Grill,2026-04-28,https://www.yelp.com/biz/el-grill-irvine,"https://maps.google.com/?q=6881+Third+St,Irvine,CA",4.3,33,Under $500K,26-50,Low,Orange County
Carlos,Davis,info@thedesteakhouse.com,(949) 380-9643,The DeSteakhouse,8045 Pine St,Irvine,Orange County,CA,90157,Steakhouse,https://www.thedesteakhouse.com,CA_Restaurant_Scraper,A,"Restaurant, Steakhouse, POS_Prospect, Irvine",Auto-generated lead for PSDepot outreach. Type: Steakhouse,2026-04-28,https://www.yelp.com/biz/the-desteakhouse-irvine,"https://maps.google.com/?q=8045+Pine+St,Irvine,CA",4.4,147,$1M-$2.5M,51-100,Medium,Orange County
John,Brown,info@spotdelpizza.com,(949) 755-1089,Spot DelPizza,2881 Sunset Blvd,Irvine,Orange County,CA,90661,Pizza,,CA_Restaurant_Scraper,B,"Restaurant, Pizza, POS_Prospect, Irvine",Auto-generated lead for PSDepot outreach. Type: Pizza,2026-04-28,,"https://maps.google.com/?q=2881+Sunset+Blvd,Irvine,CA",3.6,315,Under $500K,100+,Low,Orange County
Linda,Smith,info@silverdeburger.com,(949) 458-8940,Silver DeBurger,4814 Washington Blvd,Irvine,Orange County,CA,91057,Burger,https://www.silverdeburger.com,CA_Restaurant_Scraper,C,"Restaurant, Burger, POS_Prospect, Irvine",Auto-generated lead for PSDepot outreach. Type: Burger,2026-04-28,https://www.yelp.com/biz/silver-deburger-irvine,"https://maps.google.com/?q=4814+Washington+Blvd,Irvine,CA",4.3,259,$5M+,51-100,High,Orange County
Mary,Garcia,,(949) 238-3489,Blue DelKitchen,6575 Washington Blvd,Irvine,Orange County,CA,94393,Kitchen,https://www.bluedelkitchen.com,CA_Restaurant_Scraper,B,"Restaurant, Kitchen, POS_Prospect, Irvine",Auto-generated lead for PSDepot outreach. Type: Kitchen,2026-04-28,https://www.yelp.com/biz/blue-delkitchen-irvine,"https://maps.google.com/?q=6575+Washington+Blvd,Irvine,CA",3.2,172,Under $500K,100+,Low,Orange County
Luis,Rivera,,(949) 641-2649,Casa DelCoffee,3483 Jefferson St,Irvine,Orange County,CA,92718,Coffee,,CA_Restaurant_Scraper,A,"Restaurant, Coffee, POS_Prospect, Irvine",Auto-generated lead for PSDepot outreach. Type: Coffee,2026-04-28,https://www.yelp.com/biz/casa-delcoffee-irvine,"https://maps.google.com/?q=3483+Jefferson+St,Irvine,CA",3.2,261,$1M-$2.5M,26-50,Medium,Orange County
Christopher,Garcia,info@jonessburritos.com,(949) 965-7749,Jones's Burritos,4933 Sunset Blvd,Irvine,Orange County,CA,94938,Burritos,,CA_Restaurant_Scraper,A,"Restaurant, Burritos, POS_Prospect, Irvine",Auto-generated lead for PSDepot outreach. Type: Burritos,2026-04-28,https://www.yelp.com/biz/joness-burritos-irvine,"https://maps.google.com/?q=4933+Sunset+Blvd,Irvine,CA",4.1,142,Under $500K,11-25,Low,Orange County
Daniel,Rodriguez,,(949) 221-8653,Red Steakhouse,1127 Washington Blvd,Irvine,Orange County,CA,92576,Steakhouse,,CA_Restaurant_Scraper,B,"Restaurant, Steakhouse, POS_Prospect, Irvine",Auto-generated lead for PSDepot outreach. Type: Steakhouse,2026-04-28,https://www.yelp.com/biz/red-steakhouse-irvine,"https://maps.google.com/?q=1127+Washington+Blvd,Irvine,CA",3.6,364,$1M-$2.5M,26-50,Medium,Orange County
Roberto,Gomez,info@bigdetacos.com,(949) 661-9388,Big DeTacos,1362 Second St,Irvine,Orange County,CA,93476,Tacos,https://www.bigdetacos.com,CA_Restaurant_Scraper,A,"Restaurant, Tacos, POS_Prospect, Irvine",Auto-generated lead for PSDepot outreach. Type: Tacos,2026-04-28,https://www.yelp.com/biz/big-detacos-irvine,"https://maps.google.com/?q=1362+Second+St,Irvine,CA",,,$2.5M-$5M,51-100,High,Orange County
Sarah,Smith,,(949) 211-4044,Blue DelBBQ,3495 Jefferson St,Irvine,Orange County,CA,93258,BBQ,,CA_Restaurant_Scraper,C,"Restaurant, BBQ, POS_Prospect, Irvine",Auto-generated lead for PSDepot outreach. Type: BBQ,2026-04-28,https://www.yelp.com/biz/blue-delbbq-irvine,"https://maps.google.com/?q=3495+Jefferson+St,Irvine,CA",4.6,226,$5M+,51-100,High,Orange County
Matthew,Lopez,,(949) 969-9569,Blue DeCafe,6578 Washington Blvd,Irvine,Orange County,CA,95598,Cafe,,CA_Restaurant_Scraper,A,"Restaurant, Cafe, POS_Prospect, Irvine",Auto-generated lead for PSDepot outreach. Type: Cafe,2026-04-28,,"https://maps.google.com/?q=6578+Washington+Blvd,Irvine,CA",3.0,399,Under $500K,51-100,Low,Orange County
Paul,Torres,info@sandelbakery.com,(949) 452-1858,San DelBakery,682 Main St,Irvine,Orange County,CA,92123,Bakery,https://www.sandelbakery.com,CA_Restaurant_Scraper,A,"Restaurant, Bakery, POS_Prospect, Irvine",Auto-generated lead for PSDepot outreach. Type: Bakery,2026-04-28,https://www.yelp.com/biz/san-delbakery-irvine,"https://maps.google.com/?q=682+Main+St,Irvine,CA",,,Under $500K,51-100,Low,Orange County
Robert,Sanchez,,(949) 935-5188,San DeBurritos,6207 Third St,Irvine,Orange County,CA,90599,Burritos,,CA_Restaurant_Scraper,C,"Restaurant, Burritos, POS_Prospect, Irvine",Auto-generated lead for PSDepot outreach. Type: Burritos,2026-04-28,https://www.yelp.com/biz/san-deburritos-irvine,"https://maps.google.com/?q=6207+Third+St,Irvine,CA",4.1,220,$5M+,100+,High,Orange County
Ana,Lopez,,(949) 384-8198,Green DePizza,183 Oak St,Irvine,Orange County,CA,93103,Pizza,,CA_Restaurant_Scraper,B,"Restaurant, Pizza, POS_Prospect, Irvine",Auto-generated lead for PSDepot outreach. Type: Pizza,2026-04-28,https://www.yelp.com/biz/green-depizza-irvine,"https://maps.google.com/?q=183+Oak+St,Irvine,CA",,,Under $500K,11-25,Low,Orange County
Barbara,Williams,info@greendeburritos.com,(949) 570-2602,Green DeBurritos,3962 Broadway,Irvine,Orange County,CA,96440,Burritos,,CA_Restaurant_Scraper,A,"Restaurant, Burritos, POS_Prospect, Irvine",Auto-generated lead for PSDepot outreach. Type: Burritos,2026-04-28,https://www.yelp.com/biz/green-deburritos-irvine,"https://maps.google.com/?q=3962+Broadway,Irvine,CA",4.5,431,$5M+,1-10,High,Orange County
Carlos,Smith,,(949) 920-3369,Hernandez's BBQ,4780 Third St,Irvine,Orange County,CA,91496,BBQ,,CA_Restaurant_Scraper,C,"Restaurant, BBQ, POS_Prospect, Irvine",Auto-generated lead for PSDepot outreach. Type: BBQ,2026-04-28,https://www.yelp.com/biz/hernandezs-bbq-irvine,"https://maps.google.com/?q=4780+Third+St,Irvine,CA",,,$500K-$1M,51-100,Low,Orange County
Susan,Gonzalez,info@goldendelkitchen.com,(949) 202-5701,Golden DelKitchen,7294 Market St,Irvine,Orange County,CA,91682,Kitchen,,CA_Restaurant_Scraper,A,"Restaurant, Kitchen, POS_Prospect, Irvine",Auto-generated lead for PSDepot outreach. Type: Kitchen,2026-04-28,,"https://maps.google.com/?q=7294+Market+St,Irvine,CA",4.0,121,$5M+,26-50,High,Orange County
Margaret,Rivera,info@rodriguezsbakery.com,(949) 607-4757,Rodriguez's Bakery,792 Washington Blvd,Irvine,Orange County,CA,94479,Bakery,,CA_Restaurant_Scraper,C,"Restaurant, Bakery, POS_Prospect, Irvine",Auto-generated lead for PSDepot outreach. Type: Bakery,2026-04-28,https://www.yelp.com/biz/rodriguezs-bakery-irvine,"https://maps.google.com/?q=792+Washington+Blvd,Irvine,CA",4.0,451,$5M+,11-25,High,Orange County
Susan,Smith,info@smithseatery.com,(949) 624-7693,Smith's Eatery,677 Maple Ave,Irvine,Orange County,CA,95898,Eatery,,CA_Restaurant_Scraper,B,"Restaurant, Eatery, POS_Prospect, Irvine",Auto-generated lead for PSDepot outreach. Type: Eatery,2026-04-28,https://www.yelp.com/biz/smiths-eatery-irvine,"https://maps.google.com/?q=677+Maple+Ave,Irvine,CA",3.4,28,$1M-$2.5M,100+,Medium,Orange County
David,Garcia,,(949) 293-8736,Golden DelBar & Grill,3442 Cedar Ave,Irvine,Orange County,CA,92948,Bar & Grill,,CA_Restaurant_Scraper,A,"Restaurant, Bar & Grill, POS_Prospect, Irvine",Auto-generated lead for PSDepot outreach. Type: Bar & Grill,2026-04-28,https://www.yelp.com/biz/golden-delbar-&-grill-irvine,"https://maps.google.com/?q=3442+Cedar+Ave,Irvine,CA",4.5,281,Under $500K,11-25,Low,Orange County
Anthony,Martinez,info@losbakery.com,(949) 775-9191,Los Bakery,8842 Wilshire Blvd,Irvine,Orange County,CA,96100,Bakery,https://www.losbakery.com,CA_Restaurant_Scraper,C,"Restaurant, Bakery, POS_Prospect, Irvine",Auto-generated lead for PSDepot outreach. Type: Bakery,2026-04-28,,"https://maps.google.com/?q=8842+Wilshire+Blvd,Irvine,CA",4.5,234,$1M-$2.5M,1-10,Medium,Orange County
Matthew,Lopez,info@smithstacos.com,(949) 212-5146,Smith's Tacos,2422 Wilshire Blvd,Irvine,Orange County,CA,92854,Tacos,,CA_Restaurant_Scraper,A,"Restaurant, Tacos, POS_Prospect, Irvine",Auto-generated lead for PSDepot outreach. Type: Tacos,2026-04-28,https://www.yelp.com/biz/smiths-tacos-irvine,"https://maps.google.com/?q=2422+Wilshire+Blvd,Irvine,CA",4.5,237,$1M-$2.5M,51-100,Medium,Orange County
Michael,Gonzalez,info@lakitchen.com,(949) 226-2618,La Kitchen,6452 Hollywood Blvd,Irvine,Orange County,CA,91547,Kitchen,https://www.lakitchen.com,CA_Restaurant_Scraper,B,"Restaurant, Kitchen, POS_Prospect, Irvine",Auto-generated lead for PSDepot outreach. Type: Kitchen,2026-04-28,https://www.yelp.com/biz/la-kitchen-irvine,"https://maps.google.com/?q=6452+Hollywood+Blvd,Irvine,CA",4.6,270,$1M-$2.5M,100+,Medium,Orange County
Richard,Gomez,,(949) 543-5314,Garcia's Seafood,4302 Market St,Irvine,Orange County,CA,90801,Seafood,https://www.garciasseafood.com,CA_Restaurant_Scraper,B,"Restaurant, Seafood, POS_Prospect, Irvine",Auto-generated lead for PSDepot outreach. Type: Seafood,2026-04-28,https://www.yelp.com/biz/garcias-seafood-irvine,"https://maps.google.com/?q=4302+Market+St,Irvine,CA",4.2,393,$500K-$1M,1-10,Low,Orange County
James,Martinez,,(949) 355-5599,Blue DeBistro,5147 Market St,Irvine,Orange County,CA,92546,Bistro,,CA_Restaurant_Scraper,A,"Restaurant, Bistro, POS_Prospect, Irvine",Auto-generated lead for PSDepot outreach. Type: Bistro,2026-04-28,https://www.yelp.com/biz/blue-debistro-irvine,"https://maps.google.com/?q=5147+Market+St,Irvine,CA",3.4,271,$500K-$1M,26-50,Low,Orange County
Anthony,Williams,info@johnsonssushi.com,(949) 890-4187,Johnson's Sushi,9332 Pico Blvd,Irvine,Orange County,CA,92328,Sushi,,CA_Restaurant_Scraper,B,"Restaurant, Sushi, POS_Prospect, Irvine",Auto-generated lead for PSDepot outreach. Type: Sushi,2026-04-28,https://www.yelp.com/biz/johnsons-sushi-irvine,"https://maps.google.com/?q=9332+Pico+Blvd,Irvine,CA",3.0,116,Under $500K,51-100,Low,Orange County
Ana,Williams,info@kitchendelkitchen.com,(949) 527-5411,Kitchen DelKitchen,7151 Elm St,Irvine,Orange County,CA,92424,Kitchen,https://www.kitchendelkitchen.com,CA_Restaurant_Scraper,B,"Restaurant, Kitchen, POS_Prospect, Irvine",Auto-generated lead for PSDepot outreach. Type: Kitchen,2026-04-28,,"https://maps.google.com/?q=7151+Elm+St,Irvine,CA",,,Under $500K,11-25,Low,Orange County
Karen,Williams,info@greensushi.com,(949) 264-5454,Green Sushi,3720 Second St,Irvine,Orange County,CA,94652,Sushi,,CA_Restaurant_Scraper,A,"Restaurant, Sushi, POS_Prospect, Irvine",Auto-generated lead for PSDepot outreach. Type: Sushi,2026-04-28,,"https://maps.google.com/?q=3720+Second+St,Irvine,CA",,,$500K-$1M,100+,Low,Orange County
Ana,Martinez,,(949) 892-4363,Cafe DeBar & Grill,7351 Wilshire Blvd,Irvine,Orange County,CA,95164,Cafe,https://www.cafedebarandgrill.com,CA_Restaurant_Scraper,C,"Restaurant, Cafe, POS_Prospect, Irvine",Auto-generated lead for PSDepot outreach. Type: Cafe,2026-04-28,https://www.yelp.com/biz/cafe-debar-&-grill-irvine,"https://maps.google.com/?q=7351+Wilshire+Blvd,Irvine,CA",3.4,383,$1M-$2.5M,11-25,Medium,Orange County
Christopher,Rodriguez,,(949) 630-8564,San Bar & Grill,3185 Market St,Irvine,Orange County,CA,96194,Bar & Grill,https://www.sanbarandgrill.com,CA_Restaurant_Scraper,B,"Restaurant, Bar & Grill, POS_Prospect, Irvine",Auto-generated lead for PSDepot outreach. Type: Bar & Grill,2026-04-28,https://www.yelp.com/biz/san-bar-&-grill-irvine,"https://maps.google.com/?q=3185+Market+St,Irvine,CA",4.6,474,$5M+,100+,High,Orange County
Betty,Sanchez,info@grilltaqueria.com,(949) 759-9658,Grill Taqueria,6577 Ocean Ave,Irvine,Orange County,CA,94555,Taqueria,,CA_Restaurant_Scraper,A,"Restaurant, Taqueria, POS_Prospect, Irvine",Auto-generated lead for PSDepot outreach. Type: Taqueria,2026-04-28,,"https://maps.google.com/?q=6577+Ocean+Ave,Irvine,CA",,,$500K-$1M,51-100,Low,Orange County
Jose,Lopez,,(949) 939-9764,Kitchen Steakhouse,7737 Mission St,Irvine,Orange County,CA,93619,Kitchen,,CA_Restaurant_Scraper,C,"Restaurant, Kitchen, POS_Prospect, Irvine",Auto-generated lead for PSDepot outreach. Type: Kitchen,2026-04-28,,"https://maps.google.com/?q=7737+Mission+St,Irvine,CA",3.1,27,$5M+,100+,High,Orange County
Linda,Martinez,,(949) 421-4726,Williams's Taqueria,5197 Mission St,Irvine,Orange County,CA,93551,Taqueria,,CA_Restaurant_Scraper,C,"Restaurant, Taqueria, POS_Prospect, Irvine",Auto-generated lead for PSDepot outreach. Type: Taqueria,2026-04-28,,"https://maps.google.com/?q=5197+Mission+St,Irvine,CA",3.5,161,$5M+,26-50,High,Orange County
Anthony,Hernandez,info@silverdelbakery.com,(949) 612-3894,Silver DelBakery,4728 Elm St,Irvine,Orange County,CA,93433,Bakery,,CA_Restaurant_Scraper,A,"Restaurant, Bakery, POS_Prospect, Irvine",Auto-generated lead for PSDepot outreach. Type: Bakery,2026-04-28,https://www.yelp.com/biz/silver-delbakery-irvine,"https://maps.google.com/?q=4728+Elm+St,Irvine,CA",4.8,372,$1M-$2.5M,26-50,Medium,Orange County
Jose,Johnson,info@bistrodiner.com,(949) 991-4389,Bistro Diner,4348 Second St,Irvine,Orange County,CA,95027,Diner,https://www.bistrodiner.com,CA_Restaurant_Scraper,A,"Restaurant, Diner, POS_Prospect, Irvine",Auto-generated lead for PSDepot outreach. Type: Diner,2026-04-28,https://www.yelp.com/biz/bistro-diner-irvine,"https://maps.google.com/?q=4348+Second+St,Irvine,CA",,,$1M-$2.5M,26-50,Medium,Orange County
Steven,Williams,,(949) 228-9274,Martinez's Bar & Grill,2582 Mission St,Irvine,Orange County,CA,94385,Bar & Grill,https://www.martinezsbarandgrill.com,CA_Restaurant_Scraper,C,"Restaurant, Bar & Grill, POS_Prospect, Irvine",Auto-generated lead for PSDepot outreach. Type: Bar & Grill,2026-04-28,https://www.yelp.com/biz/martinezs-bar-&-grill-irvine,"https://maps.google.com/?q=2582+Mission+St,Irvine,CA",3.6,459,$2.5M-$5M,11-25,High,Orange County
Mark,Johnson,info@thedebakery.com,(949) 689-8405,The DeBakery,5407 Main St,Irvine,Orange County,CA,92437,Bakery,,CA_Restaurant_Scraper,C,"Restaurant, Bakery, POS_Prospect, Irvine",Auto-generated lead for PSDepot outreach. Type: Bakery,2026-04-28,https://www.yelp.com/biz/the-debakery-irvine,"https://maps.google.com/?q=5407+Main+St,Irvine,CA",4.7,94,$1M-$2.5M,26-50,Medium,Orange County
Mary,Jones,info@littlebakery.com,(949) 239-4253,Little Bakery,2724 Main St,Irvine,Orange County,CA,92073,Bakery,,CA_Restaurant_Scraper,A,"Restaurant, Bakery, POS_Prospect, Irvine",Auto-generated lead for PSDepot outreach. Type: Bakery,2026-04-28,https://www.yelp.com/biz/little-bakery-irvine,"https://maps.google.com/?q=2724+Main+St,Irvine,CA",,,Under $500K,11-25,Low,Orange County
Linda,Garcia,info@bistrodeburger.com,(949) 220-1185,Bistro DeBurger,4214 Market St,Irvine,Orange County,CA,91027,Burger,,CA_Restaurant_Scraper,A,"Restaurant, Burger, POS_Prospect, Irvine",Auto-generated lead for PSDepot outreach. Type: Burger,2026-04-28,,"https://maps.google.com/?q=4214+Market+St,Irvine,CA",4.8,211,$1M-$2.5M,51-100,Medium,Orange County
Paul,Williams,,(949) 907-8474,Green Burritos,4435 Broadway,Irvine,Orange County,CA,90816,Burritos,https://www.greenburritos.com,CA_Restaurant_Scraper,A,"Restaurant, Burritos, POS_Prospect, Irvine",Auto-generated lead for PSDepot outreach. Type: Burritos,2026-04-28,https://www.yelp.com/biz/green-burritos-irvine,"https://maps.google.com/?q=4435+Broadway,Irvine,CA",4.5,466,$5M+,1-10,High,Orange County
Steven,Johnson,info@cafesushi.com,(949) 815-8956,Cafe Sushi,100 Oak St,Irvine,Orange County,CA,95698,Cafe,,CA_Restaurant_Scraper,C,"Restaurant, Cafe, POS_Prospect, Irvine",Auto-generated lead for PSDepot outreach. Type: Cafe,2026-04-28,https://www.yelp.com/biz/cafe-sushi-irvine,"https://maps.google.com/?q=100+Oak+St,Irvine,CA",,,$500K-$1M,1-10,Low,Orange County
Mary,Gonzalez,info@goldendesteakhouse.com,(949) 657-8008,Golden DeSteakhouse,8726 Oak St,Irvine,Orange County,CA,92490,Steakhouse,,CA_Restaurant_Scraper,B,"Restaurant, Steakhouse, POS_Prospect, Irvine",Auto-generated lead for PSDepot outreach. Type: Steakhouse,2026-04-28,https://www.yelp.com/biz/golden-desteakhouse-irvine,"https://maps.google.com/?q=8726+Oak+St,Irvine,CA",4.3,116,Under $500K,51-100,Low,Orange County
David,Davis,info@johnsonsgrill.com,(949) 596-9330,Johnson's Grill,7738 Hollywood Blvd,Irvine,Orange County,CA,92488,Grill,https://www.johnsonsgrill.com,CA_Restaurant_Scraper,A,"Restaurant, Grill, POS_Prospect, Irvine",Auto-generated lead for PSDepot outreach. Type: Grill,2026-04-28,,"https://maps.google.com/?q=7738+Hollywood+Blvd,Irvine,CA",,,$5M+,51-100,High,Orange County
Nancy,Garcia,info@grilldelsteakhouse.com,(949) 763-4573,Grill DelSteakhouse,493 Broadway,Irvine,Orange County,CA,96349,Grill,,CA_Restaurant_Scraper,C,"Restaurant, Grill, POS_Prospect, Irvine",Auto-generated lead for PSDepot outreach. Type: Grill,2026-04-28,https://www.yelp.com/biz/grill-delsteakhouse-irvine,"https://maps.google.com/?q=493+Broadway,Irvine,CA",3.6,370,$2.5M-$5M,1-10,High,Orange County
Luis,Flores,,(949) 887-7506,Kitchen DeBakery,5695 Washington Blvd,Irvine,Orange County,CA,93628,Kitchen,https://www.kitchendebakery.com,CA_Restaurant_Scraper,C,"Restaurant, Kitchen, POS_Prospect, Irvine",Auto-generated lead for PSDepot outreach. Type: Kitchen,2026-04-28,https://www.yelp.com/biz/kitchen-debakery-irvine,"https://maps.google.com/?q=5695+Washington+Blvd,Irvine,CA",,,Under $500K,1-10,Low,Orange County
Pedro,Rodriguez,info@garciaspizza.com,(949) 950-3078,Garcia's Pizza,8865 Market St,Irvine,Orange County,CA,95614,Pizza,,CA_Restaurant_Scraper,A,"Restaurant, Pizza, POS_Prospect, Irvine",Auto-generated lead for PSDepot outreach. Type: Pizza,2026-04-28,https://www.yelp.com/biz/garcias-pizza-irvine,"https://maps.google.com/?q=8865+Market+St,Irvine,CA",3.6,212,$1M-$2.5M,51-100,Medium,Orange County
Patricia,Hernandez,info@thebistro.com,(949) 291-5417,The Bistro,8494 Market St,Irvine,Orange County,CA,95504,Bistro,,CA_Restaurant_Scraper,C,"Restaurant, Bistro, POS_Prospect, Irvine",Auto-generated lead for PSDepot outreach. Type: Bistro,2026-04-28,https://www.yelp.com/biz/the-bistro-irvine,"https://maps.google.com/?q=8494+Market+St,Irvine,CA",,,$1M-$2.5M,26-50,Medium,Orange County
Juan,Hernandez,info@goldenburger.com,(949) 522-3014,Golden Burger,1483 Hollywood Blvd,Irvine,Orange County,CA,93836,Burger,,CA_Restaurant_Scraper,A,"Restaurant, Burger, POS_Prospect, Irvine",Auto-generated lead for PSDepot outreach. Type: Burger,2026-04-28,,"https://maps.google.com/?q=1483+Hollywood+Blvd,Irvine,CA",3.5,131,$5M+,100+,High,Orange County
Mary,Rodriguez,info@lasbbq.com,(949) 334-1309,Las BBQ,5085 Elm St,Irvine,Orange County,CA,95517,BBQ,,CA_Restaurant_Scraper,A,"Restaurant, BBQ, POS_Prospect, Irvine",Auto-generated lead for PSDepot outreach. Type: BBQ,2026-04-28,,"https://maps.google.com/?q=5085+Elm+St,Irvine,CA",,,$1M-$2.5M,26-50,Medium,Orange County
Mary,Lopez,info@martinezsburger.com,(949) 387-1338,Martinez's Burger,5056 Maple Ave,Irvine,Orange County,CA,92977,Burger,,CA_Restaurant_Scraper,C,"Restaurant, Burger, POS_Prospect, Irvine",Auto-generated lead for PSDepot outreach. Type: Burger,2026-04-28,https://www.yelp.com/biz/martinezs-burger-irvine,"https://maps.google.com/?q=5056+Maple+Ave,Irvine,CA",3.5,163,$5M+,1-10,High,Orange County
Elizabeth,Rivera,info@thedeburritos.com,(949) 480-7243,The DeBurritos,1940 Washington Blvd,Irvine,Orange County,CA,90682,Burritos,,CA_Restaurant_Scraper,C,"Restaurant, Burritos, POS_Prospect, Irvine",Auto-generated lead for PSDepot outreach. Type: Burritos,2026-04-28,https://www.yelp.com/biz/the-deburritos-irvine,"https://maps.google.com/?q=1940+Washington+Blvd,Irvine,CA",4.4,210,Under $500K,26-50,Low,Orange County
Barbara,Brown,info@rodriguezseatery.com,(949) 381-2781,Rodriguez's Eatery,6386 Pine St,Irvine,Orange County,CA,92154,Eatery,,CA_Restaurant_Scraper,C,"Restaurant, Eatery, POS_Prospect, Irvine",Auto-generated lead for PSDepot outreach. Type: Eatery,2026-04-28,,"https://maps.google.com/?q=6386+Pine+St,Irvine,CA",3.3,381,$1M-$2.5M,11-25,Medium,Orange County
Christopher,Rodriguez,,(949) 682-5949,Little BBQ,4703 Hollywood Blvd,Irvine,Orange County,CA,91846,BBQ,,CA_Restaurant_Scraper,A,"Restaurant, BBQ, POS_Prospect, Irvine",Auto-generated lead for PSDepot outreach. Type: BBQ,2026-04-28,https://www.yelp.com/biz/little-bbq-irvine,"https://maps.google.com/?q=4703+Hollywood+Blvd,Irvine,CA",4.3,244,$5M+,11-25,High,Orange County
Ana,Lopez,info@lasdeleatery.com,(949) 906-9285,Las DelEatery,8225 First St,Irvine,Orange County,CA,94795,Eatery,,CA_Restaurant_Scraper,A,"Restaurant, Eatery, POS_Prospect, Irvine",Auto-generated lead for PSDepot outreach. Type: Eatery,2026-04-28,https://www.yelp.com/biz/las-deleatery-irvine,"https://maps.google.com/?q=8225+First+St,Irvine,CA",4.3,45,$500K-$1M,51-100,Low,Orange County
Michael,Garcia,,(949) 642-5107,Corner DelEatery,5793 Oak St,Irvine,Orange County,CA,94916,Eatery,,CA_Restaurant_Scraper,B,"Restaurant, Eatery, POS_Prospect, Irvine",Auto-generated lead for PSDepot outreach. Type: Eatery,2026-04-28,https://www.yelp.com/biz/corner-deleatery-irvine,"https://maps.google.com/?q=5793+Oak+St,Irvine,CA",4.6,217,$500K-$1M,100+,Low,Orange County
Jose,Johnson,info@ladeleatery.com,(949) 233-6878,La DelEatery,4662 Third St,Irvine,Orange County,CA,94388,Eatery,https://www.ladeleatery.com,CA_Restaurant_Scraper,A,"Restaurant, Eatery, POS_Prospect, Irvine",Auto-generated lead for PSDepot outreach. Type: Eatery,2026-04-28,https://www.yelp.com/biz/la-deleatery-irvine,"https://maps.google.com/?q=4662+Third+St,Irvine,CA",3.5,210,$1M-$2.5M,11-25,Medium,Orange County
Ana,Rodriguez,info@reddelbistro.com,(949) 478-3167,Red DelBistro,3343 Market St,Irvine,Orange County,CA,92759,Bistro,,CA_Restaurant_Scraper,B,"Restaurant, Bistro, POS_Prospect, Irvine",Auto-generated lead for PSDepot outreach. Type: Bistro,2026-04-28,https://www.yelp.com/biz/red-delbistro-irvine,"https://maps.google.com/?q=3343+Market+St,Irvine,CA",4.8,335,$1M-$2.5M,26-50,Medium,Orange County
Linda,Miller,info@housedeltacos.com,(949) 299-9988,House DelTacos,1084 Wilshire Blvd,Irvine,Orange County,CA,96255,Tacos,,CA_Restaurant_Scraper,A,"Restaurant, Tacos, POS_Prospect, Irvine",Auto-generated lead for PSDepot outreach. Type: Tacos,2026-04-28,https://www.yelp.com/biz/house-deltacos-irvine,"https://maps.google.com/?q=1084+Wilshire+Blvd,Irvine,CA",3.5,13,Under $500K,100+,Low,Orange County
Maria,Rivera,info@jonesseatery.com,(949) 588-6931,Jones's Eatery,1115 Oak St,Irvine,Orange County,CA,94178,Eatery,,CA_Restaurant_Scraper,A,"Restaurant, Eatery, POS_Prospect, Irvine",Auto-generated lead for PSDepot outreach. Type: Eatery,2026-04-28,https://www.yelp.com/biz/joness-eatery-irvine,"https://maps.google.com/?q=1115+Oak+St,Irvine,CA",,,$1M-$2.5M,100+,Medium,Orange County
Carlos,Hernandez,,(949) 885-3175,Ramirez's Seafood,7586 Market St,Irvine,Orange County,CA,91176,Seafood,,CA_Restaurant_Scraper,C,"Restaurant, Seafood, POS_Prospect, Irvine",Auto-generated lead for PSDepot outreach. Type: Seafood,2026-04-28,https://www.yelp.com/biz/ramirezs-seafood-irvine,"https://maps.google.com/?q=7586+Market+St,Irvine,CA",4.1,150,$5M+,51-100,High,Orange County
Mary,Brown,info@rodriguezscoffee.com,(949) 961-5121,Rodriguez's Coffee,9852 Sunset Blvd,Irvine,Orange County,CA,92580,Coffee,,CA_Restaurant_Scraper,B,"Restaurant, Coffee, POS_Prospect, Irvine",Auto-generated lead for PSDepot outreach. Type: Coffee,2026-04-28,https://www.yelp.com/biz/rodriguezs-coffee-irvine,"https://maps.google.com/?q=9852+Sunset+Blvd,Irvine,CA",3.2,131,Under $500K,26-50,Low,Orange County
Robert,Gonzalez,info@santadeburger.com,(949) 426-3839,Santa DeBurger,3589 Elm St,Irvine,Orange County,CA,94295,Burger,,CA_Restaurant_Scraper,A,"Restaurant, Burger, POS_Prospect, Irvine",Auto-generated lead for PSDepot outreach. Type: Burger,2026-04-28,https://www.yelp.com/biz/santa-deburger-irvine,"https://maps.google.com/?q=3589+Elm+St,Irvine,CA",3.4,290,$500K-$1M,11-25,Low,Orange County
William,Lopez,info@hernandezsbistro.com,(949) 626-5026,Hernandez's Bistro,6633 Second St,Irvine,Orange County,CA,94059,Bistro,,CA_Restaurant_Scraper,A,"Restaurant, Bistro, POS_Prospect, Irvine",Auto-generated lead for PSDepot outreach. Type: Bistro,2026-04-28,,"https://maps.google.com/?q=6633+Second+St,Irvine,CA",4.8,83,$2.5M-$5M,100+,High,Orange County
Steven,Perez,,(949) 787-8724,Hernandez's Diner,3849 Third St,Irvine,Orange County,CA,92140,Diner,https://www.hernandezsdiner.com,CA_Restaurant_Scraper,B,"Restaurant, Diner, POS_Prospect, Irvine",Auto-generated lead for PSDepot outreach. Type: Diner,2026-04-28,https://www.yelp.com/biz/hernandezs-diner-irvine,"https://maps.google.com/?q=3849+Third+St,Irvine,CA",5.0,280,$500K-$1M,11-25,Low,Orange County
Mark,Flores,,(949) 899-8008,Little DeBistro,4533 Broadway,Irvine,Orange County,CA,90955,Bistro,https://www.littledebistro.com,CA_Restaurant_Scraper,B,"Restaurant, Bistro, POS_Prospect, Irvine",Auto-generated lead for PSDepot outreach. Type: Bistro,2026-04-28,https://www.yelp.com/biz/little-debistro-irvine,"https://maps.google.com/?q=4533+Broadway,Irvine,CA",3.9,253,$1M-$2.5M,51-100,Medium,Orange County
James,Sanchez,info@silverrestaurant.com,(949) 809-8701,Silver Restaurant,3436 Washington Blvd,Irvine,Orange County,CA,91911,Restaurant,https://www.silverrestaurant.com,CA_Restaurant_Scraper,C,"Restaurant, Restaurant, POS_Prospect, Irvine",Auto-generated lead for PSDepot outreach. Type: Restaurant,2026-04-28,,"https://maps.google.com/?q=3436+Washington+Blvd,Irvine,CA",,,Under $500K,11-25,Low,Orange County
John,Miller,info@garciascafe.com,(949) 391-3928,Garcia's Cafe,3306 Jefferson St,Irvine,Orange County,CA,93560,Cafe,,CA_Restaurant_Scraper,C,"Restaurant, Cafe, POS_Prospect, Irvine",Auto-generated lead for PSDepot outreach. Type: Cafe,2026-04-28,https://www.yelp.com/biz/garcias-cafe-irvine,"https://maps.google.com/?q=3306+Jefferson+St,Irvine,CA",4.2,259,$2.5M-$5M,1-10,High,Orange County
Robert,Gonzalez,info@davisscafe.com,(949) 853-9005,Davis's Cafe,1232 Oak St,Irvine,Orange County,CA,91266,Cafe,,CA_Restaurant_Scraper,C,"Restaurant, Cafe, POS_Prospect, Irvine",Auto-generated lead for PSDepot outreach. Type: Cafe,2026-04-28,https://www.yelp.com/biz/daviss-cafe-irvine,"https://maps.google.com/?q=1232+Oak+St,Irvine,CA",3.7,265,$1M-$2.5M,1-10,Medium,Orange County
Roberto,Garcia,,(949) 494-5678,Rodriguez's Burritos,165 Hollywood Blvd,Irvine,Orange County,CA,92569,Burritos,https://www.rodriguezsburritos.com,CA_Restaurant_Scraper,C,"Restaurant, Burritos, POS_Prospect, Irvine",Auto-generated lead for PSDepot outreach. Type: Burritos,2026-04-28,https://www.yelp.com/biz/rodriguezs-burritos-irvine,"https://maps.google.com/?q=165+Hollywood+Blvd,Irvine,CA",3.4,208,$1M-$2.5M,11-25,Medium,Orange County
Pedro,Ramirez,,(949) 722-6767,Little DeDiner,2613 Mission St,Irvine,Orange County,CA,93351,Diner,,CA_Restaurant_Scraper,A,"Restaurant, Diner, POS_Prospect, Irvine",Auto-generated lead for PSDepot outreach. Type: Diner,2026-04-28,,"https://maps.google.com/?q=2613+Mission+St,Irvine,CA",4.6,192,$5M+,100+,High,Orange County
Mary,Ramirez,info@bistrodelsushi.com,(949) 826-6862,Bistro DelSushi,9791 Pico Blvd,Irvine,Orange County,CA,93917,Bistro,,CA_Restaurant_Scraper,C,"Restaurant, Bistro, POS_Prospect, Irvine",Auto-generated lead for PSDepot outreach. Type: Bistro,2026-04-28,https://www.yelp.com/biz/bistro-delsushi-irvine,"https://maps.google.com/?q=9791+Pico+Blvd,Irvine,CA",,,$500K-$1M,51-100,Low,Orange County
John,Perez,,(949) 443-9528,Silver DeSeafood,9115 Main St,Irvine,Orange County,CA,92099,Seafood,https://www.silverdeseafood.com,CA_Restaurant_Scraper,B,"Restaurant, Seafood, POS_Prospect, Irvine",Auto-generated lead for PSDepot outreach. Type: Seafood,2026-04-28,https://www.yelp.com/biz/silver-deseafood-irvine,"https://maps.google.com/?q=9115+Main+St,Irvine,CA",,,$500K-$1M,26-50,Low,Orange County
Luis,Gonzalez,,(949) 733-4574,Los DeBakery,4373 Main St,Irvine,Orange County,CA,94969,Bakery,https://www.losdebakery.com,CA_Restaurant_Scraper,C,"Restaurant, Bakery, POS_Prospect, Irvine",Auto-generated lead for PSDepot outreach. Type: Bakery,2026-04-28,,"https://maps.google.com/?q=4373+Main+St,Irvine,CA",4.5,150,$5M+,1-10,High,Orange County
Daniel,Perez,info@cornerburger.com,(949) 675-5471,Corner Burger,7032 Main St,Irvine,Orange County,CA,91661,Burger,,CA_Restaurant_Scraper,A,"Restaurant, Burger, POS_Prospect, Irvine",Auto-generated lead for PSDepot outreach. Type: Burger,2026-04-28,https://www.yelp.com/biz/corner-burger-irvine,"https://maps.google.com/?q=7032+Main+St,Irvine,CA",4.1,490,$1M-$2.5M,11-25,Medium,Orange County
Michael,Rodriguez,info@bistrodetacos.com,(949) 573-7771,Bistro DeTacos,2383 First St,Irvine,Orange County,CA,93501,Bistro,,CA_Restaurant_Scraper,C,"Restaurant, Bistro, POS_Prospect, Irvine",Auto-generated lead for PSDepot outreach. Type: Bistro,2026-04-28,https://www.yelp.com/biz/bistro-detacos-irvine,"https://maps.google.com/?q=2383+First+St,Irvine,CA",3.2,95,$500K-$1M,26-50,Low,Orange County
Linda,Lopez,,(949) 464-9236,Grill Sushi,4517 Ocean Ave,Irvine,Orange County,CA,90751,Grill,https://www.grillsushi.com,CA_Restaurant_Scraper,B,"Restaurant, Grill, POS_Prospect, Irvine",Auto-generated lead for PSDepot outreach. Type: Grill,2026-04-28,https://www.yelp.com/biz/grill-sushi-irvine,"https://maps.google.com/?q=4517+Ocean+Ave,Irvine,CA",5.0,335,$1M-$2.5M,1-10,Medium,Orange County
Michael,Smith,,(949) 328-2967,Spot DelBistro,9746 Ocean Ave,Irvine,Orange County,CA,95027,Bistro,,CA_Restaurant_Scraper,B,"Restaurant, Bistro, POS_Prospect, Irvine",Auto-generated lead for PSDepot outreach. Type: Bistro,2026-04-28,https://www.yelp.com/biz/spot-delbistro-irvine,"https://maps.google.com/?q=9746+Ocean+Ave,Irvine,CA",4.3,142,$5M+,51-100,High,Orange County
Betty,Miller,info@casadebargrill.com,(949) 921-6797,Casa DeBar & Grill,3038 Washington Blvd,Irvine,Orange County,CA,90303,Bar & Grill,https://www.casadebarandgrill.com,CA_Restaurant_Scraper,B,"Restaurant, Bar & Grill, POS_Prospect, Irvine",Auto-generated lead for PSDepot outreach. Type: Bar & Grill,2026-04-28,,"https://maps.google.com/?q=3038+Washington+Blvd,Irvine,CA",3.7,68,Under $500K,11-25,Low,Orange County
Paul,Garcia,info@reddiner.com,(949) 697-2338,Red Diner,3305 Market St,Irvine,Orange County,CA,94230,Diner,,CA_Restaurant_Scraper,A,"Restaurant, Diner, POS_Prospect, Irvine",Auto-generated lead for PSDepot outreach. Type: Diner,2026-04-28,https://www.yelp.com/biz/red-diner-irvine,"https://maps.google.com/?q=3305+Market+St,Irvine,CA",3.8,303,$500K-$1M,11-25,Low,Orange County
Karen,Perez,info@bigdelburritos.com,(949) 964-2122,Big DelBurritos,3089 Pico Blvd,Irvine,Orange County,CA,91305,Burritos,https://www.bigdelburritos.com,CA_Restaurant_Scraper,A,"Restaurant, Burritos, POS_Prospect, Irvine",Auto-generated lead for PSDepot outreach. Type: Burritos,2026-04-28,https://www.yelp.com/biz/big-delburritos-irvine,"https://maps.google.com/?q=3089+Pico+Blvd,Irvine,CA",3.1,208,$500K-$1M,1-10,Low,Orange County
Michael,Flores,info@ladeseafood.com,(949) 899-5349,La DeSeafood,5312 Second St,Irvine,Orange County,CA,93816,Seafood,,CA_Restaurant_Scraper,B,"Restaurant, Seafood, POS_Prospect, Irvine",Auto-generated lead for PSDepot outreach. Type: Seafood,2026-04-28,https://www.yelp.com/biz/la-deseafood-irvine,"https://maps.google.com/?q=5312+Second+St,Irvine,CA",3.9,27,Under $500K,1-10,Low,Orange County
Elizabeth,Martinez,info@garciastacos.com,(949) 899-1695,Garcia's Tacos,609 Main St,Irvine,Orange County,CA,96806,Tacos,,CA_Restaurant_Scraper,C,"Restaurant, Tacos, POS_Prospect, Irvine",Auto-generated lead for PSDepot outreach. Type: Tacos,2026-04-28,https://www.yelp.com/biz/garcias-tacos-irvine,"https://maps.google.com/?q=609+Main+St,Irvine,CA",4.0,180,Under $500K,26-50,Low,Orange County
Mark,Perez,info@rodriguezskitchen.com,(949) 932-7488,Rodriguez's Kitchen,572 Third St,Irvine,Orange County,CA,93286,Kitchen,,CA_Restaurant_Scraper,B,"Restaurant, Kitchen, POS_Prospect, Irvine",Auto-generated lead for PSDepot outreach. Type: Kitchen,2026-04-28,https://www.yelp.com/biz/rodriguezs-kitchen-irvine,"https://maps.google.com/?q=572+Third+St,Irvine,CA",,,$5M+,11-25,High,Orange County
Nancy,Lopez,info@thetacos.com,(949) 895-4028,The Tacos,6472 Second St,Irvine,Orange County,CA,90662,Tacos,https://www.thetacos.com,CA_Restaurant_Scraper,B,"Restaurant, Tacos, POS_Prospect, Irvine",Auto-generated lead for PSDepot outreach. Type: Tacos,2026-04-28,,"https://maps.google.com/?q=6472+Second+St,Irvine,CA",3.2,230,$2.5M-$5M,26-50,High,Orange County
John,Ramirez,info@littledeseafood.com,(949) 266-1021,Little DeSeafood,9341 Washington Blvd,Irvine,Orange County,CA,93647,Seafood,https://www.littledeseafood.com,CA_Restaurant_Scraper,A,"Restaurant, Seafood, POS_Prospect, Irvine",Auto-generated lead for PSDepot outreach. Type: Seafood,2026-04-28,https://www.yelp.com/biz/little-deseafood-irvine,"https://maps.google.com/?q=9341+Washington+Blvd,Irvine,CA",4.2,352,$5M+,26-50,High,Orange County
Karen,Smith,info@spotcoffee.com,(949) 656-3090,Spot Coffee,581 Oak St,Irvine,Orange County,CA,95159,Coffee,https://www.spotcoffee.com,CA_Restaurant_Scraper,C,"Restaurant, Coffee, POS_Prospect, Irvine",Auto-generated lead for PSDepot outreach. Type: Coffee,2026-04-28,,"https://maps.google.com/?q=581+Oak+St,Irvine,CA",3.2,119,Under $500K,100+,Low,Orange County
Pedro,Gonzalez,info@hernandezsburritos.com,(949) 888-3521,Hernandez's Burritos,1779 Sunset Blvd,Irvine,Orange County,CA,93963,Burritos,https://www.hernandezsburritos.com,CA_Restaurant_Scraper,B,"Restaurant, Burritos, POS_Prospect, Irvine",Auto-generated lead for PSDepot outreach. Type: Burritos,2026-04-28,https://www.yelp.com/biz/hernandezs-burritos-irvine,"https://maps.google.com/?q=1779+Sunset+Blvd,Irvine,CA",4.1,43,Under $500K,26-50,Low,Orange County
Mary,Gonzalez,info@johnsonsbistro.com,(949) 552-8916,Johnson's Bistro,7091 Third St,Irvine,Orange County,CA,91912,Bistro,,CA_Restaurant_Scraper,B,"Restaurant, Bistro, POS_Prospect, Irvine",Auto-generated lead for PSDepot outreach. Type: Bistro,2026-04-28,,"https://maps.google.com/?q=7091+Third+St,Irvine,CA",,,$5M+,51-100,High,Orange County
Nancy,Lopez,info@grilldelbistro.com,(949) 650-9610,Grill DelBistro,1222 Mission St,Irvine,Orange County,CA,95772,Bistro,,CA_Restaurant_Scraper,A,"Restaurant, Bistro, POS_Prospect, Irvine",Auto-generated lead for PSDepot outreach. Type: Bistro,2026-04-28,https://www.yelp.com/biz/grill-delbistro-irvine,"https://maps.google.com/?q=1222+Mission+St,Irvine,CA",4.7,171,$1M-$2.5M,100+,Medium,Orange County
Roberto,Williams,,(949) 802-3827,House DePizza,3874 Second St,Irvine,Orange County,CA,93941,Pizza,,CA_Restaurant_Scraper,A,"Restaurant, Pizza, POS_Prospect, Irvine",Auto-generated lead for PSDepot outreach. Type: Pizza,2026-04-28,https://www.yelp.com/biz/house-depizza-irvine,"https://maps.google.com/?q=3874+Second+St,Irvine,CA",4.7,140,$5M+,26-50,High,Orange County
Jessica,Johnson,,(949) 731-1741,Golden Bakery,5671 Ocean Ave,Irvine,Orange County,CA,92053,Bakery,,CA_Restaurant_Scraper,A,"Restaurant, Bakery, POS_Prospect, Irvine",Auto-generated lead for PSDepot outreach. Type: Bakery,2026-04-28,https://www.yelp.com/biz/golden-bakery-irvine,"https://maps.google.com/?q=5671+Ocean+Ave,Irvine,CA",3.7,422,$1M-$2.5M,51-100,Medium,Orange County
Steven,Garcia,info@littletacos.com,(949) 817-6485,Little Tacos,8890 Pico Blvd,Irvine,Orange County,CA,96901,Tacos,https://www.littletacos.com,CA_Restaurant_Scraper,C,"Restaurant, Tacos, POS_Prospect, Irvine",Auto-generated lead for PSDepot outreach. Type: Tacos,2026-04-28,https://www.yelp.com/biz/little-tacos-irvine,"https://maps.google.com/?q=8890+Pico+Blvd,Irvine,CA",3.3,203,$1M-$2.5M,51-100,Medium,Orange County
Michael,Garcia,,(949) 466-4070,Santa DelCafe,1367 Ocean Ave,Irvine,Orange County,CA,94991,Cafe,,CA_Restaurant_Scraper,B,"Restaurant, Cafe, POS_Prospect, Irvine",Auto-generated lead for PSDepot outreach. Type: Cafe,2026-04-28,,"https://maps.google.com/?q=1367+Ocean+Ave,Irvine,CA",3.8,449,Under $500K,1-10,Low,Orange County
Pedro,Rodriguez,,(949) 249-8258,Santa DeBakery,1863 Oak St,Irvine,Orange County,CA,90845,Bakery,https://www.santadebakery.com,CA_Restaurant_Scraper,B,"Restaurant, Bakery, POS_Prospect, Irvine",Auto-generated lead for PSDepot outreach. Type: Bakery,2026-04-28,https://www.yelp.com/biz/santa-debakery-irvine,"https://maps.google.com/?q=1863+Oak+St,Irvine,CA",4.8,338,$1M-$2.5M,1-10,Medium,Orange County
Susan,Rodriguez,info@gonzalezsseafood.com,(949) 799-1897,Gonzalez's Seafood,1596 Pico Blvd,Irvine,Orange County,CA,91582,Seafood,https://www.gonzalezsseafood.com,CA_Restaurant_Scraper,B,"Restaurant, Seafood, POS_Prospect, Irvine",Auto-generated lead for PSDepot outreach. Type: Seafood,2026-04-28,,"https://maps.google.com/?q=1596+Pico+Blvd,Irvine,CA",4.4,66,Under $500K,51-100,Low,Orange County
Pedro,Gomez,,(949) 988-1300,Golden Restaurant,7087 Cedar Ave,Irvine,Orange County,CA,91874,Restaurant,,CA_Restaurant_Scraper,B,"Restaurant, Restaurant, POS_Prospect, Irvine",Auto-generated lead for PSDepot outreach. Type: Restaurant,2026-04-28,,"https://maps.google.com/?q=7087+Cedar+Ave,Irvine,CA",4.1,201,$500K-$1M,1-10,Low,Orange County
Ana,Garcia,info@littledeeatery.com,(949) 603-4015,Little DeEatery,499 Jefferson St,Irvine,Orange County,CA,96266,Eatery,,CA_Restaurant_Scraper,B,"Restaurant, Eatery, POS_Prospect, Irvine",Auto-generated lead for PSDepot outreach. Type: Eatery,2026-04-28,https://www.yelp.com/biz/little-deeatery-irvine,"https://maps.google.com/?q=499+Jefferson+St,Irvine,CA",4.2,489,$500K-$1M,11-25,Low,Orange County
Anthony,Hernandez,info@lasgrill.com,(949) 851-7455,Las Grill,7256 First St,Irvine,Orange County,CA,93057,Grill,https://www.lasgrill.com,CA_Restaurant_Scraper,B,"Restaurant, Grill, POS_Prospect, Irvine",Auto-generated lead for PSDepot outreach. Type: Grill,2026-04-28,,"https://maps.google.com/?q=7256+First+St,Irvine,CA",,,$500K-$1M,100+,Low,Orange County
Maria,Hernandez,info@redtacos.com,(949) 488-3116,Red Tacos,5461 Jefferson St,Irvine,Orange County,CA,91171,Tacos,,CA_Restaurant_Scraper,A,"Restaurant, Tacos, POS_Prospect, Irvine",Auto-generated lead for PSDepot outreach. Type: Tacos,2026-04-28,https://www.yelp.com/biz/red-tacos-irvine,"https://maps.google.com/?q=5461+Jefferson+St,Irvine,CA",3.4,220,$5M+,100+,High,Orange County
Steven,Flores,info@eldecafe.com,(949) 223-9641,El DeCafe,2080 Third St,Irvine,Orange County,CA,93189,Cafe,,CA_Restaurant_Scraper,C,"Restaurant, Cafe, POS_Prospect, Irvine",Auto-generated lead for PSDepot outreach. Type: Cafe,2026-04-28,https://www.yelp.com/biz/el-decafe-irvine,"https://maps.google.com/?q=2080+Third+St,Irvine,CA",,,$1M-$2.5M,1-10,Medium,Orange County
Christopher,Lopez,,(949) 520-2280,La DeCoffee,939 Main St,Irvine,Orange County,CA,94315,Coffee,,CA_Restaurant_Scraper,A,"Restaurant, Coffee, POS_Prospect, Irvine",Auto-generated lead for PSDepot outreach. Type: Coffee,2026-04-28,https://www.yelp.com/biz/la-decoffee-irvine,"https://maps.google.com/?q=939+Main+St,Irvine,CA",3.6,275,$500K-$1M,26-50,Low,Orange County
Ana,Flores,info@kitchendesushi.com,(949) 478-9465,Kitchen DeSushi,6566 First St,Irvine,Orange County,CA,92053,Kitchen,https://www.kitchendesushi.com,CA_Restaurant_Scraper,C,"Restaurant, Kitchen, POS_Prospect, Irvine",Auto-generated lead for PSDepot outreach. Type: Kitchen,2026-04-28,https://www.yelp.com/biz/kitchen-desushi-irvine,"https://maps.google.com/?q=6566+First+St,Irvine,CA",4.8,247,Under $500K,11-25,Low,Orange County
Mary,Flores,info@ramirezsdiner.com,(949) 445-7505,Ramirez's Diner,9786 First St,Irvine,Orange County,CA,91798,Diner,,CA_Restaurant_Scraper,B,"Restaurant, Diner, POS_Prospect, Irvine",Auto-generated lead for PSDepot outreach. Type: Diner,2026-04-28,https://www.yelp.com/biz/ramirezs-diner-irvine,"https://maps.google.com/?q=9786+First+St,Irvine,CA",,,Under $500K,1-10,Low,Orange County
Robert,Smith,info@goldendeltacos.com,(949) 252-9744,Golden DelTacos,5632 Sunset Blvd,Irvine,Orange County,CA,91638,Tacos,,CA_Restaurant_Scraper,B,"Restaurant, Tacos, POS_Prospect, Irvine",Auto-generated lead for PSDepot outreach. Type: Tacos,2026-04-28,,"https://maps.google.com/?q=5632+Sunset+Blvd,Irvine,CA",,,Under $500K,100+,Low,Orange County
Karen,Sanchez,info@bistrodecafe.com,(949) 294-5135,Bistro DeCafe,6005 Oak St,Irvine,Orange County,CA,96267,Cafe,https://www.bistrodecafe.com,CA_Restaurant_Scraper,B,"Restaurant, Cafe, POS_Prospect, Irvine",Auto-generated lead for PSDepot outreach. Type: Cafe,2026-04-28,,"https://maps.google.com/?q=6005+Oak+St,Irvine,CA",3.2,139,$2.5M-$5M,51-100,High,Orange County
Anthony,Jones,info@santapizza.com,(949) 477-8680,Santa Pizza,8007 Cedar Ave,Irvine,Orange County,CA,90195,Pizza,https://www.santapizza.com,CA_Restaurant_Scraper,A,"Restaurant, Pizza, POS_Prospect, Irvine",Auto-generated lead for PSDepot outreach. Type: Pizza,2026-04-28,https://www.yelp.com/biz/santa-pizza-irvine,"https://maps.google.com/?q=8007+Cedar+Ave,Irvine,CA",,,Under $500K,1-10,Low,Orange County
Sarah,Hernandez,info@riverasburger.com,(949) 677-8468,Rivera's Burger,9641 Second St,Irvine,Orange County,CA,92848,Burger,https://www.riverasburger.com,CA_Restaurant_Scraper,B,"Restaurant, Burger, POS_Prospect, Irvine",Auto-generated lead for PSDepot outreach. Type: Burger,2026-04-28,https://www.yelp.com/biz/riveras-burger-irvine,"https://maps.google.com/?q=9641+Second+St,Irvine,CA",3.4,161,$5M+,100+,High,Orange County
Barbara,Brown,info@bluecoffee.com,(949) 768-8363,Blue Coffee,9779 Market St,Irvine,Orange County,CA,95242,Coffee,,CA_Restaurant_Scraper,C,"Restaurant, Coffee, POS_Prospect, Irvine",Auto-generated lead for PSDepot outreach. Type: Coffee,2026-04-28,https://www.yelp.com/biz/blue-coffee-irvine,"https://maps.google.com/?q=9779+Market+St,Irvine,CA",3.2,266,$1M-$2.5M,1-10,Medium,Orange County
Susan,Martinez,,(949) 514-8806,Los DeBar & Grill,1779 Elm St,Irvine,Orange County,CA,96525,Bar & Grill,https://www.losdebarandgrill.com,CA_Restaurant_Scraper,C,"Restaurant, Bar & Grill, POS_Prospect, Irvine",Auto-generated lead for PSDepot outreach. Type: Bar & Grill,2026-04-28,,"https://maps.google.com/?q=1779+Elm+St,Irvine,CA",4.8,114,$2.5M-$5M,1-10,High,Orange County
Jose,Gonzalez,,(949) 936-6052,Golden Taqueria,5328 Jefferson St,Irvine,Orange County,CA,90781,Taqueria,,CA_Restaurant_Scraper,C,"Restaurant, Taqueria, POS_Prospect, Irvine",Auto-generated lead for PSDepot outreach. Type: Taqueria,2026-04-28,https://www.yelp.com/biz/golden-taqueria-irvine,"https://maps.google.com/?q=5328+Jefferson+St,Irvine,CA",4.4,61,$2.5M-$5M,100+,High,Orange County
Margaret,Ramirez,,(949) 963-7286,Garcia's Burritos,849 Sunset Blvd,Irvine,Orange County,CA,90381,Burritos,https://www.garciasburritos.com,CA_Restaurant_Scraper,A,"Restaurant, Burritos, POS_Prospect, Irvine",Auto-generated lead for PSDepot outreach. Type: Burritos,2026-04-28,,"https://maps.google.com/?q=849+Sunset+Blvd,Irvine,CA",3.7,136,$500K-$1M,1-10,Low,Orange County
Jose,Martinez,info@gonzalezssushi.com,(949) 944-1936,Gonzalez's Sushi,4334 Sunset Blvd,Irvine,Orange County,CA,93625,Sushi,,CA_Restaurant_Scraper,A,"Restaurant, Sushi, POS_Prospect, Irvine",Auto-generated lead for PSDepot outreach. Type: Sushi,2026-04-28,https://www.yelp.com/biz/gonzalezs-sushi-irvine,"https://maps.google.com/?q=4334+Sunset+Blvd,Irvine,CA",,,Under $500K,26-50,Low,Orange County
Elizabeth,Garcia,,(949) 849-5647,Corner DeDiner,4981 Second St,Irvine,Orange County,CA,93288,Diner,,CA_Restaurant_Scraper,C,"Restaurant, Diner, POS_Prospect, Irvine",Auto-generated lead for PSDepot outreach. Type: Diner,2026-04-28,https://www.yelp.com/biz/corner-dediner-irvine,"https://maps.google.com/?q=4981+Second+St,Irvine,CA",3.5,363,$500K-$1M,26-50,Low,Orange County
Daniel,Perez,info@spotdelburger.com,(949) 426-7760,Spot DelBurger,5076 Jefferson St,Irvine,Orange County,CA,91007,Burger,,CA_Restaurant_Scraper,A,"Restaurant, Burger, POS_Prospect, Irvine",Auto-generated lead for PSDepot outreach. Type: Burger,2026-04-28,https://www.yelp.com/biz/spot-delburger-irvine,"https://maps.google.com/?q=5076+Jefferson+St,Irvine,CA",4.9,335,$5M+,11-25,High,Orange County
Jessica,Flores,,(949) 573-5703,Grill DeTacos,7872 Maple Ave,Irvine,Orange County,CA,94840,Grill,,CA_Restaurant_Scraper,C,"Restaurant, Grill, POS_Prospect, Irvine",Auto-generated lead for PSDepot outreach. Type: Grill,2026-04-28,https://www.yelp.com/biz/grill-detacos-irvine,"https://maps.google.com/?q=7872+Maple+Ave,Irvine,CA",3.2,209,$2.5M-$5M,11-25,High,Orange County
Daniel,Davis,,(949) 670-4950,Green DeTaqueria,7189 Oak St,Irvine,Orange County,CA,94920,Taqueria,,CA_Restaurant_Scraper,A,"Restaurant, Taqueria, POS_Prospect, Irvine",Auto-generated lead for PSDepot outreach. Type: Taqueria,2026-04-28,https://www.yelp.com/biz/green-detaqueria-irvine,"https://maps.google.com/?q=7189+Oak+St,Irvine,CA",4.9,270,Under $500K,26-50,Low,Orange County
Roberto,Torres,info@grilldesushi.com,(949) 924-5748,Grill DeSushi,2116 First St,Irvine,Orange County,CA,91794,Grill,https://www.grilldesushi.com,CA_Restaurant_Scraper,C,"Restaurant, Grill, POS_Prospect, Irvine",Auto-generated lead for PSDepot outreach. Type: Grill,2026-04-28,https://www.yelp.com/biz/grill-desushi-irvine,"https://maps.google.com/?q=2116+First+St,Irvine,CA",4.5,257,$1M-$2.5M,26-50,Medium,Orange County
Patricia,Torres,info@spotdediner.com,(949) 375-3968,Spot DeDiner,2395 Third St,Irvine,Orange County,CA,94860,Diner,https://www.spotdediner.com,CA_Restaurant_Scraper,C,"Restaurant, Diner, POS_Prospect, Irvine",Auto-generated lead for PSDepot outreach. Type: Diner,2026-04-28,https://www.yelp.com/biz/spot-dediner-irvine,"https://maps.google.com/?q=2395+Third+St,Irvine,CA",4.5,216,$500K-$1M,26-50,Low,Orange County
Christopher,Davis,info@greencafe.com,(949) 829-7218,Green Cafe,1404 Main St,Irvine,Orange County,CA,92446,Cafe,,CA_Restaurant_Scraper,A,"Restaurant, Cafe, POS_Prospect, Irvine",Auto-generated lead for PSDepot outreach. Type: Cafe,2026-04-28,https://www.yelp.com/biz/green-cafe-irvine,"https://maps.google.com/?q=1404+Main+St,Irvine,CA",3.7,61,$1M-$2.5M,51-100,Medium,Orange County
Mary,Lopez,info@lasburger.com,(949) 883-9065,Las Burger,2421 Mission St,Irvine,Orange County,CA,94528,Burger,,CA_Restaurant_Scraper,A,"Restaurant, Burger, POS_Prospect, Irvine",Auto-generated lead for PSDepot outreach. Type: Burger,2026-04-28,,"https://maps.google.com/?q=2421+Mission+St,Irvine,CA",,,$2.5M-$5M,100+,High,Orange County
Karen,Lopez,info@reddesushi.com,(949) 476-8595,Red DeSushi,8511 Oak St,Irvine,Orange County,CA,94352,Sushi,,CA_Restaurant_Scraper,B,"Restaurant, Sushi, POS_Prospect, Irvine",Auto-generated lead for PSDepot outreach. Type: Sushi,2026-04-28,https://www.yelp.com/biz/red-desushi-irvine,"https://maps.google.com/?q=8511+Oak+St,Irvine,CA",3.7,166,$1M-$2.5M,26-50,Medium,Orange County
Steven,Johnson,info@santadebarandgrill.com,(949) 393-9075,Santa DeBar & Grill,4237 Pico Blvd,Irvine,Orange County,CA,94275,Bar & Grill,,CA_Restaurant_Scraper,C,"Restaurant, Bar & Grill, POS_Prospect, Irvine",Auto-generated lead for PSDepot outreach. Type: Bar & Grill,2026-04-28,,"https://maps.google.com/?q=4237+Pico+Blvd,Irvine,CA",4.9,439,$500K-$1M,11-25,Low,Orange County
Sarah,Garcia,info@brownsrestaurant.com,(949) 339-2428,Brown's Restaurant,8025 Second St,Irvine,Orange County,CA,94006,Restaurant,,CA_Restaurant_Scraper,C,"Restaurant, Restaurant, POS_Prospect, Irvine",Auto-generated lead for PSDepot outreach. Type: Restaurant,2026-04-28,https://www.yelp.com/biz/browns-restaurant-irvine,"https://maps.google.com/?q=8025+Second+St,Irvine,CA",4.9,323,$5M+,26-50,High,Orange County
Karen,Williams,info@casadelburger.com,(949) 908-7558,Casa DelBurger,2412 Broadway,Irvine,Orange County,CA,96334,Burger,https://www.casadelburger.com,CA_Restaurant_Scraper,C,"Restaurant, Burger, POS_Prospect, Irvine",Auto-generated lead for PSDepot outreach. Type: Burger,2026-04-28,https://www.yelp.com/biz/casa-delburger-irvine,"https://maps.google.com/?q=2412+Broadway,Irvine,CA",3.9,204,$2.5M-$5M,51-100,High,Orange County
Patricia,Davis,info@lopezsdiner.com,(949) 258-2999,Lopez's Diner,7436 Washington Blvd,Irvine,Orange County,CA,94700,Diner,,CA_Restaurant_Scraper,B,"Restaurant, Diner, POS_Prospect, Irvine",Auto-generated lead for PSDepot outreach. Type: Diner,2026-04-28,,"https://maps.google.com/?q=7436+Washington+Blvd,Irvine,CA",3.9,318,$500K-$1M,11-25,Low,Orange County
Linda,Garcia,info@losdediner.com,(949) 218-8772,Los DeDiner,5789 Ocean Ave,Irvine,Orange County,CA,90314,Diner,https://www.losdediner.com,CA_Restaurant_Scraper,A,"Restaurant, Diner, POS_Prospect, Irvine",Auto-generated lead for PSDepot outreach. Type: Diner,2026-04-28,https://www.yelp.com/biz/los-dediner-irvine,"https://maps.google.com/?q=5789+Ocean+Ave,Irvine,CA",4.3,271,$500K-$1M,51-100,Low,Orange County
Pedro,Gomez,info@bistrocafe.com,(949) 610-9754,Bistro Cafe,7797 Market St,Irvine,Orange County,CA,90223,Cafe,https://www.bistrocafe.com,CA_Restaurant_Scraper,B,"Restaurant, Cafe, POS_Prospect, Irvine",Auto-generated lead for PSDepot outreach. Type: Cafe,2026-04-28,,"https://maps.google.com/?q=7797+Market+St,Irvine,CA",3.8,323,$5M+,1-10,High,Orange County
Luis,Gonzalez,info@williamssbakery.com,(949) 409-2070,Williams's Bakery,773 Cedar Ave,Irvine,Orange County,CA,95925,Bakery,,CA_Restaurant_Scraper,C,"Restaurant, Bakery, POS_Prospect, Irvine",Auto-generated lead for PSDepot outreach. Type: Bakery,2026-04-28,,"https://maps.google.com/?q=773+Cedar+Ave,Irvine,CA",,,Under $500K,11-25,Low,Orange County
Sarah,Ramirez,,(949) 996-4011,Lopez's Taqueria,5784 Sunset Blvd,Irvine,Orange County,CA,90243,Taqueria,,CA_Restaurant_Scraper,B,"Restaurant, Taqueria, POS_Prospect, Irvine",Auto-generated lead for PSDepot outreach. Type: Taqueria,2026-04-28,,"https://maps.google.com/?q=5784+Sunset+Blvd,Irvine,CA",,,$1M-$2.5M,51-100,Medium,Orange County
Anthony,Ramirez,info@grilldekitchen.com,(949) 376-5117,Grill DeKitchen,6798 Maple Ave,Irvine,Orange County,CA,90873,Kitchen,,CA_Restaurant_Scraper,B,"Restaurant, Kitchen, POS_Prospect, Irvine",Auto-generated lead for PSDepot outreach. Type: Kitchen,2026-04-28,https://www.yelp.com/biz/grill-dekitchen-irvine,"https://maps.google.com/?q=6798+Maple+Ave,Irvine,CA",3.9,231,$5M+,51-100,High,Orange County
Linda,Rivera,,(949) 796-4608,Los DelBistro,2780 First St,Irvine,Orange County,CA,96510,Bistro,,CA_Restaurant_Scraper,C,"Restaurant, Bistro, POS_Prospect, Irvine",Auto-generated lead for PSDepot outreach. Type: Bistro,2026-04-28,https://www.yelp.com/biz/los-delbistro-irvine,"https://maps.google.com/?q=2780+First+St,Irvine,CA",4.9,241,Under $500K,100+,Low,Orange County
Lisa,Hernandez,info@brownsburger.com,(949) 442-3599,Brown's Burger,5248 Oak St,Irvine,Orange County,CA,94402,Burger,,CA_Restaurant_Scraper,C,"Restaurant, Burger, POS_Prospect, Irvine",Auto-generated lead for PSDepot outreach. Type: Burger,2026-04-28,https://www.yelp.com/biz/browns-burger-irvine,"https://maps.google.com/?q=5248+Oak+St,Irvine,CA",4.3,292,Under $500K,51-100,Low,Orange County
Linda,Johnson,info@lasdelbbq.com,(949) 888-5622,Las DelBBQ,224 Ocean Ave,Irvine,Orange County,CA,95459,BBQ,,CA_Restaurant_Scraper,B,"Restaurant, BBQ, POS_Prospect, Irvine",Auto-generated lead for PSDepot outreach. Type: BBQ,2026-04-28,https://www.yelp.com/biz/las-delbbq-irvine,"https://maps.google.com/?q=224+Ocean+Ave,Irvine,CA",4.7,39,Under $500K,51-100,Low,Orange County
Ana,Rodriguez,info@laseatery.com,(949) 716-8553,Las Eatery,2749 Hollywood Blvd,Irvine,Orange County,CA,90958,Eatery,https://www.laseatery.com,CA_Restaurant_Scraper,B,"Restaurant, Eatery, POS_Prospect, Irvine",Auto-generated lead for PSDepot outreach. Type: Eatery,2026-04-28,,"https://maps.google.com/?q=2749+Hollywood+Blvd,Irvine,CA",4.0,181,$500K-$1M,26-50,Low,Orange County
Paul,Perez,,(949) 577-7328,Cafe Pizza,4973 Maple Ave,Irvine,Orange County,CA,95375,Cafe,,CA_Restaurant_Scraper,B,"Restaurant, Cafe, POS_Prospect, Irvine",Auto-generated lead for PSDepot outreach. Type: Cafe,2026-04-28,,"https://maps.google.com/?q=4973+Maple+Ave,Irvine,CA",3.7,447,$500K-$1M,51-100,Low,Orange County
Nancy,Ramirez,info@lasdelcoffee.com,(949) 967-1850,Las DelCoffee,4953 Third St,Irvine,Orange County,CA,90589,Coffee,,CA_Restaurant_Scraper,C,"Restaurant, Coffee, POS_Prospect, Irvine",Auto-generated lead for PSDepot outreach. Type: Coffee,2026-04-28,,"https://maps.google.com/?q=4953+Third+St,Irvine,CA",4.8,355,$2.5M-$5M,100+,High,Orange County
Paul,Torres,info@thedeldiner.com,(949) 708-7914,The DelDiner,1431 Third St,Irvine,Orange County,CA,96290,Diner,,CA_Restaurant_Scraper,C,"Restaurant, Diner, POS_Prospect, Irvine",Auto-generated lead for PSDepot outreach. Type: Diner,2026-04-28,,"https://maps.google.com/?q=1431+Third+St,Irvine,CA",4.3,286,$5M+,11-25,High,Orange County
Betty,Miller,,(949) 746-6914,Sanchez's Diner,4614 Wilshire Blvd,Irvine,Orange County,CA,90015,Diner,,CA_Restaurant_Scraper,C,"Restaurant, Diner, POS_Prospect, Irvine",Auto-generated lead for PSDepot outreach. Type: Diner,2026-04-28,,"https://maps.google.com/?q=4614+Wilshire+Blvd,Irvine,CA",4.1,79,$1M-$2.5M,100+,Medium,Orange County
Elizabeth,Davis,,(949) 411-1202,Kitchen DelPizza,7526 Washington Blvd,Irvine,Orange County,CA,95582,Kitchen,,CA_Restaurant_Scraper,A,"Restaurant, Kitchen, POS_Prospect, Irvine",Auto-generated lead for PSDepot outreach. Type: Kitchen,2026-04-28,https://www.yelp.com/biz/kitchen-delpizza-irvine,"https://maps.google.com/?q=7526+Washington+Blvd,Irvine,CA",3.9,55,Under $500K,1-10,Low,Orange County
Christopher,Garcia,info@sandelpizza.com,(949) 365-1550,San DelPizza,812 Third St,Irvine,Orange County,CA,91713,Pizza,https://www.sandelpizza.com,CA_Restaurant_Scraper,A,"Restaurant, Pizza, POS_Prospect, Irvine",Auto-generated lead for PSDepot outreach. Type: Pizza,2026-04-28,,"https://maps.google.com/?q=812+Third+St,Irvine,CA",3.8,141,$5M+,1-10,High,Orange County
Steven,Perez,info@bluedebakery.com,(949) 872-2131,Blue DeBakery,8630 Maple Ave,Irvine,Orange County,CA,90902,Bakery,https://www.bluedebakery.com,CA_Restaurant_Scraper,B,"Restaurant, Bakery, POS_Prospect, Irvine",Auto-generated lead for PSDepot outreach. Type: Bakery,2026-04-28,https://www.yelp.com/biz/blue-debakery-irvine,"https://maps.google.com/?q=8630+Maple+Ave,Irvine,CA",3.1,424,$1M-$2.5M,100+,Medium,Orange County
Jennifer,Gomez,info@cornerdelkitchen.com,(949) 554-5836,Corner DelKitchen,6625 Pico Blvd,Irvine,Orange County,CA,95091,Kitchen,,CA_Restaurant_Scraper,C,"Restaurant, Kitchen, POS_Prospect, Irvine",Auto-generated lead for PSDepot outreach. Type: Kitchen,2026-04-28,,"https://maps.google.com/?q=6625+Pico+Blvd,Irvine,CA",3.1,469,$2.5M-$5M,51-100,High,Orange County
Anthony,Flores,,(949) 981-4695,The DeGrill,5636 Broadway,Irvine,Orange County,CA,95515,Grill,https://www.thedegrill.com,CA_Restaurant_Scraper,A,"Restaurant, Grill, POS_Prospect, Irvine",Auto-generated lead for PSDepot outreach. Type: Grill,2026-04-28,,"https://maps.google.com/?q=5636+Broadway,Irvine,CA",4.8,187,Under $500K,11-25,Low,Orange County
Linda,Martinez,info@housedesushi.com,(949) 567-8123,House DeSushi,8863 Ocean Ave,Irvine,Orange County,CA,92678,Sushi,,CA_Restaurant_Scraper,C,"Restaurant, Sushi, POS_Prospect, Irvine",Auto-generated lead for PSDepot outreach. Type: Sushi,2026-04-28,,"https://maps.google.com/?q=8863+Ocean+Ave,Irvine,CA",,,$1M-$2.5M,11-25,Medium,Orange County
Richard,Lopez,info@bigdecoffee.com,(949) 420-5746,Big DeCoffee,548 Washington Blvd,Irvine,Orange County,CA,91633,Coffee,https://www.bigdecoffee.com,CA_Restaurant_Scraper,B,"Restaurant, Coffee, POS_Prospect, Irvine",Auto-generated lead for PSDepot outreach. Type: Coffee,2026-04-28,https://www.yelp.com/biz/big-decoffee-irvine,"https://maps.google.com/?q=548+Washington+Blvd,Irvine,CA",,,$1M-$2.5M,100+,Medium,Orange County
Betty,Miller,info@torresseatery.com,(949) 731-4841,Torres's Eatery,9640 Oak St,Irvine,Orange County,CA,92096,Eatery,https://www.torresseatery.com,CA_Restaurant_Scraper,B,"Restaurant, Eatery, POS_Prospect, Irvine",Auto-generated lead for PSDepot outreach. Type: Eatery,2026-04-28,https://www.yelp.com/biz/torress-eatery-irvine,"https://maps.google.com/?q=9640+Oak+St,Irvine,CA",3.3,483,$1M-$2.5M,51-100,Medium,Orange County
Christopher,Lopez,info@sandelsushi.com,(949) 216-7307,San DelSushi,9992 Broadway,Irvine,Orange County,CA,92435,Sushi,,CA_Restaurant_Scraper,C,"Restaurant, Sushi, POS_Prospect, Irvine",Auto-generated lead for PSDepot outreach. Type: Sushi,2026-04-28,https://www.yelp.com/biz/san-delsushi-irvine,"https://maps.google.com/?q=9992+Broadway,Irvine,CA",,,Under $500K,11-25,Low,Orange County
Paul,Gomez,info@smithsbakery.com,(949) 383-6500,Smith's Bakery,3039 Oak St,Irvine,Orange County,CA,91474,Bakery,https://www.smithsbakery.com,CA_Restaurant_Scraper,C,"Restaurant, Bakery, POS_Prospect, Irvine",Auto-generated lead for PSDepot outreach. Type: Bakery,2026-04-28,,"https://maps.google.com/?q=3039+Oak+St,Irvine,CA",3.5,353,$1M-$2.5M,1-10,Medium,Orange County
Luis,Garcia,info@spotdegrill.com,(949) 809-2925,Spot DeGrill,5893 Sunset Blvd,Irvine,Orange County,CA,92114,Grill,,CA_Restaurant_Scraper,B,"Restaurant, Grill, POS_Prospect, Irvine",Auto-generated lead for PSDepot outreach. Type: Grill,2026-04-28,,"https://maps.google.com/?q=5893+Sunset+Blvd,Irvine,CA",4.9,40,$2.5M-$5M,1-10,High,Orange County
Luis,Hernandez,info@silverburritos.com,(949) 421-3180,Silver Burritos,2608 First St,Irvine,Orange County,CA,90133,Burritos,,CA_Restaurant_Scraper,C,"Restaurant, Burritos, POS_Prospect, Irvine",Auto-generated lead for PSDepot outreach. Type: Burritos,2026-04-28,,"https://maps.google.com/?q=2608+First+St,Irvine,CA",4.0,149,$1M-$2.5M,26-50,Medium,Orange County
Paul,Lopez,,(949) 806-3302,Silver DelBBQ,5839 Pico Blvd,Irvine,Orange County,CA,93792,BBQ,,CA_Restaurant_Scraper,B,"Restaurant, BBQ, POS_Prospect, Irvine",Auto-generated lead for PSDepot outreach. Type: BBQ,2026-04-28,https://www.yelp.com/biz/silver-delbbq-irvine,"https://maps.google.com/?q=5839+Pico+Blvd,Irvine,CA",3.9,467,$500K-$1M,11-25,Low,Orange County
Carlos,Gonzalez,,(949) 600-4529,Little Pizza,5658 Second St,Irvine,Orange County,CA,94209,Pizza,,CA_Restaurant_Scraper,A,"Restaurant, Pizza, POS_Prospect, Irvine",Auto-generated lead for PSDepot outreach. Type: Pizza,2026-04-28,https://www.yelp.com/biz/little-pizza-irvine,"https://maps.google.com/?q=5658+Second+St,Irvine,CA",,,$2.5M-$5M,100+,High,Orange County
Matthew,Martinez,info@cafedelbakery.com,(949) 470-9890,Cafe DelBakery,9321 Market St,Irvine,Orange County,CA,96659,Cafe,,CA_Restaurant_Scraper,C,"Restaurant, Cafe, POS_Prospect, Irvine",Auto-generated lead for PSDepot outreach. Type: Cafe,2026-04-28,,"https://maps.google.com/?q=9321+Market+St,Irvine,CA",3.6,234,$2.5M-$5M,51-100,High,Orange County
Margaret,Ramirez,info@torresscafe.com,(949) 475-3313,Torres's Cafe,9498 Market St,Irvine,Orange County,CA,95556,Cafe,,CA_Restaurant_Scraper,C,"Restaurant, Cafe, POS_Prospect, Irvine",Auto-generated lead for PSDepot outreach. Type: Cafe,2026-04-28,https://www.yelp.com/biz/torress-cafe-irvine,"https://maps.google.com/?q=9498+Market+St,Irvine,CA",3.6,335,$1M-$2.5M,100+,Medium,Orange County
Susan,Gonzalez,,(949) 365-6887,El DeSeafood,8169 Hollywood Blvd,Irvine,Orange County,CA,96173,Seafood,https://www.eldeseafood.com,CA_Restaurant_Scraper,A,"Restaurant, Seafood, POS_Prospect, Irvine",Auto-generated lead for PSDepot outreach. Type: Seafood,2026-04-28,https://www.yelp.com/biz/el-deseafood-irvine,"https://maps.google.com/?q=8169+Hollywood+Blvd,Irvine,CA",3.4,484,$2.5M-$5M,26-50,High,Orange County
Elizabeth,Lopez,info@garciasgrill.com,(949) 228-8743,Garcia's Grill,911 Second St,Irvine,Orange County,CA,90411,Grill,,CA_Restaurant_Scraper,A,"Restaurant, Grill, POS_Prospect, Irvine",Auto-generated lead for PSDepot outreach. Type: Grill,2026-04-28,https://www.yelp.com/biz/garcias-grill-irvine,"https://maps.google.com/?q=911+Second+St,Irvine,CA",3.9,224,$500K-$1M,1-10,Low,Orange County
Maria,Rivera,info@greenpizza.com,(949) 716-6810,Green Pizza,3889 Jefferson St,Irvine,Orange County,CA,94229,Pizza,https://www.greenpizza.com,CA_Restaurant_Scraper,B,"Restaurant, Pizza, POS_Prospect, Irvine",Auto-generated lead for PSDepot outreach. Type: Pizza,2026-04-28,https://www.yelp.com/biz/green-pizza-irvine,"https://maps.google.com/?q=3889+Jefferson+St,Irvine,CA",4.1,365,Under $500K,26-50,Low,Orange County
Jose,Brown,info@greendekitchen.com,(949) 244-2246,Green DeKitchen,9144 Cedar Ave,Irvine,Orange County,CA,90137,Kitchen,,CA_Restaurant_Scraper,A,"Restaurant, Kitchen, POS_Prospect, Irvine",Auto-generated lead for PSDepot outreach. Type: Kitchen,2026-04-28,,"https://maps.google.com/?q=9144+Cedar+Ave,Irvine,CA",3.2,221,Under $500K,100+,Low,Orange County
Patricia,Hernandez,info@lasdeldiner.com,(949) 289-2116,Las DelDiner,1783 Maple Ave,Irvine,Orange County,CA,94832,Diner,,CA_Restaurant_Scraper,B,"Restaurant, Diner, POS_Prospect, Irvine",Auto-generated lead for PSDepot outreach. Type: Diner,2026-04-28,https://www.yelp.com/biz/las-deldiner-irvine,"https://maps.google.com/?q=1783+Maple+Ave,Irvine,CA",3.4,409,$2.5M-$5M,100+,High,Orange County
Jennifer,Rodriguez,,(949) 394-6818,Kitchen DelDiner,4845 Market St,Irvine,Orange County,CA,92385,Diner,,CA_Restaurant_Scraper,B,"Restaurant, Diner, POS_Prospect, Irvine",Auto-generated lead for PSDepot outreach. Type: Diner,2026-04-28,,"https://maps.google.com/?q=4845+Market+St,Irvine,CA",3.4,390,$1M-$2.5M,11-25,Medium,Orange County
Luis,Torres,info@bigdeldiner.com,(949) 351-4705,Big DelDiner,6182 First St,Irvine,Orange County,CA,90249,Diner,https://www.bigdeldiner.com,CA_Restaurant_Scraper,C,"Restaurant, Diner, POS_Prospect, Irvine",Auto-generated lead for PSDepot outreach. Type: Diner,2026-04-28,https://www.yelp.com/biz/big-deldiner-irvine,"https://maps.google.com/?q=6182+First+St,Irvine,CA",4.8,394,$2.5M-$5M,11-25,High,Orange County
Margaret,Gonzalez,info@greenbakery.com,(949) 355-1511,Green Bakery,6176 Pico Blvd,Irvine,Orange County,CA,96975,Bakery,https://www.greenbakery.com,CA_Restaurant_Scraper,A,"Restaurant, Bakery, POS_Prospect, Irvine",Auto-generated lead for PSDepot outreach. Type: Bakery,2026-04-28,https://www.yelp.com/biz/green-bakery-irvine,"https://maps.google.com/?q=6176+Pico+Blvd,Irvine,CA",4.1,191,$2.5M-$5M,100+,High,Orange County
Michael,Sanchez,info@gomezscafe.com,(949) 990-3043,Gomez's Cafe,7093 Jefferson St,Irvine,Orange County,CA,93971,Cafe,,CA_Restaurant_Scraper,B,"Restaurant, Cafe, POS_Prospect, Irvine",Auto-generated lead for PSDepot outreach. Type: Cafe,2026-04-28,https://www.yelp.com/biz/gomezs-cafe-irvine,"https://maps.google.com/?q=7093+Jefferson+St,Irvine,CA",,,$5M+,11-25,High,Orange County
Roberto,Garcia,info@sandecafe.com,(949) 782-8026,San DeCafe,4552 Sunset Blvd,Irvine,Orange County,CA,94874,Cafe,,CA_Restaurant_Scraper,B,"Restaurant, Cafe, POS_Prospect, Irvine",Auto-generated lead for PSDepot outreach. Type: Cafe,2026-04-28,https://www.yelp.com/biz/san-decafe-irvine,"https://maps.google.com/?q=4552+Sunset+Blvd,Irvine,CA",,,$1M-$2.5M,51-100,Medium,Orange County
Maria,Gonzalez,,(949) 539-2999,Williams's Bar & Grill,3094 Market St,Irvine,Orange County,CA,91319,Bar & Grill,,CA_Restaurant_Scraper,B,"Restaurant, Bar & Grill, POS_Prospect, Irvine",Auto-generated lead for PSDepot outreach. Type: Bar & Grill,2026-04-28,https://www.yelp.com/biz/williamss-bar-&-grill-irvine,"https://maps.google.com/?q=3094+Market+St,Irvine,CA",3.4,225,$500K-$1M,11-25,Low,Orange County
John,Martinez,info@casadeseafood.com,(949) 741-5130,Casa DeSeafood,7967 Sunset Blvd,Irvine,Orange County,CA,91415,Seafood,,CA_Restaurant_Scraper,B,"Restaurant, Seafood, POS_Prospect, Irvine",Auto-generated lead for PSDepot outreach. Type: Seafood,2026-04-28,https://www.yelp.com/biz/casa-deseafood-irvine,"https://maps.google.com/?q=7967+Sunset+Blvd,Irvine,CA",3.1,470,$2.5M-$5M,100+,High,Orange County
William,Smith,,(949) 709-5828,El Restaurant,5789 Market St,Irvine,Orange County,CA,96241,Restaurant,https://www.elrestaurant.com,CA_Restaurant_Scraper,A,"Restaurant, Restaurant, POS_Prospect, Irvine",Auto-generated lead for PSDepot outreach. Type: Restaurant,2026-04-28,,"https://maps.google.com/?q=5789+Market+St,Irvine,CA",3.6,294,$5M+,51-100,High,Orange County
Matthew,Torres,info@lasdeltacos.com,(949) 303-8201,Las DelTacos,1842 Washington Blvd,Irvine,Orange County,CA,91822,Tacos,,CA_Restaurant_Scraper,A,"Restaurant, Tacos, POS_Prospect, Irvine",Auto-generated lead for PSDepot outreach. Type: Tacos,2026-04-28,https://www.yelp.com/biz/las-deltacos-irvine,"https://maps.google.com/?q=1842+Washington+Blvd,Irvine,CA",4.3,428,$5M+,26-50,High,Orange County
Robert,Sanchez,,(949) 735-2387,Hernandez's Restaurant,3685 Washington Blvd,Irvine,Orange County,CA,93912,Restaurant,,CA_Restaurant_Scraper,C,"Restaurant, Restaurant, POS_Prospect, Irvine",Auto-generated lead for PSDepot outreach. Type: Restaurant,2026-04-28,,"https://maps.google.com/?q=3685+Washington+Blvd,Irvine,CA",3.4,208,$2.5M-$5M,11-25,High,Orange County
Linda,Davis,,(949) 772-1862,Big Grill,1711 Third St,Irvine,Orange County,CA,90140,Grill,,CA_Restaurant_Scraper,C,"Restaurant, Grill, POS_Prospect, Irvine",Auto-generated lead for PSDepot outreach. Type: Grill,2026-04-28,,"https://maps.google.com/?q=1711+Third+St,Irvine,CA",4.4,235,$5M+,100+,High,Orange County
Michael,Williams,,(949) 924-5397,Red Bistro,7919 Elm St,Irvine,Orange County,CA,93421,Bistro,,CA_Restaurant_Scraper,B,"Restaurant, Bistro, POS_Prospect, Irvine",Auto-generated lead for PSDepot outreach. Type: Bistro,2026-04-28,https://www.yelp.com/biz/red-bistro-irvine,"https://maps.google.com/?q=7919+Elm+St,Irvine,CA",3.3,296,$2.5M-$5M,51-100,High,Orange County
Jessica,Sanchez,info@thedelcoffee.com,(949) 487-3199,The DelCoffee,2966 Third St,Irvine,Orange County,CA,91160,Coffee,,CA_Restaurant_Scraper,C,"Restaurant, Coffee, POS_Prospect, Irvine",Auto-generated lead for PSDepot outreach. Type: Coffee,2026-04-28,,"https://maps.google.com/?q=2966+Third+St,Irvine,CA",,,$2.5M-$5M,26-50,High,Orange County
Jennifer,Gomez,,(949) 768-5687,Hernandez's Taqueria,5789 First St,Irvine,Orange County,CA,93255,Taqueria,,CA_Restaurant_Scraper,C,"Restaurant, Taqueria, POS_Prospect, Irvine",Auto-generated lead for PSDepot outreach. Type: Taqueria,2026-04-28,https://www.yelp.com/biz/hernandezs-taqueria-irvine,"https://maps.google.com/?q=5789+First+St,Irvine,CA",4.1,222,Under $500K,51-100,Low,Orange County
Jose,Jones,,(949) 746-3134,Little Cafe,4019 Broadway,Irvine,Orange County,CA,96641,Cafe,,CA_Restaurant_Scraper,B,"Restaurant, Cafe, POS_Prospect, Irvine",Auto-generated lead for PSDepot outreach. Type: Cafe,2026-04-28,,"https://maps.google.com/?q=4019+Broadway,Irvine,CA",,,$5M+,1-10,High,Orange County
Paul,Hernandez,info@rodriguezsdiner.com,(949) 718-7160,Rodriguez's Diner,7096 Main St,Irvine,Orange County,CA,90951,Diner,,CA_Restaurant_Scraper,C,"Restaurant, Diner, POS_Prospect, Irvine",Auto-generated lead for PSDepot outreach. Type: Diner,2026-04-28,https://www.yelp.com/biz/rodriguezs-diner-irvine,"https://maps.google.com/?q=7096+Main+St,Irvine,CA",4.5,293,Under $500K,100+,Low,Orange County
Robert,Johnson,info@losdelrestaurant.com,(949) 526-2473,Los DelRestaurant,4408 Broadway,Irvine,Orange County,CA,91924,Restaurant,,CA_Restaurant_Scraper,B,"Restaurant, Restaurant, POS_Prospect, Irvine",Auto-generated lead for PSDepot outreach. Type: Restaurant,2026-04-28,https://www.yelp.com/biz/los-delrestaurant-irvine,"https://maps.google.com/?q=4408+Broadway,Irvine,CA",3.2,472,$500K-$1M,26-50,Low,Orange County
Anthony,Davis,,(949) 356-5393,La DelGrill,9014 Elm St,Irvine,Orange County,CA,92998,Grill,,CA_Restaurant_Scraper,A,"Restaurant, Grill, POS_Prospect, Irvine",Auto-generated lead for PSDepot outreach. Type: Grill,2026-04-28,https://www.yelp.com/biz/la-delgrill-irvine,"https://maps.google.com/?q=9014+Elm+St,Irvine,CA",4.3,197,Under $500K,11-25,Low,Orange County
James,Lopez,info@laseafood.com,(949) 535-8369,La Seafood,5669 Ocean Ave,Irvine,Orange County,CA,94347,Seafood,https://www.laseafood.com,CA_Restaurant_Scraper,B,"Restaurant, Seafood, POS_Prospect, Irvine",Auto-generated lead for PSDepot outreach. Type: Seafood,2026-04-28,https://www.yelp.com/biz/la-seafood-irvine,"https://maps.google.com/?q=5669+Ocean+Ave,Irvine,CA",4.1,134,$2.5M-$5M,1-10,High,Orange County
Barbara,Williams,info@housedelrestaurant.com,(949) 752-5462,House DelRestaurant,6741 Broadway,Irvine,Orange County,CA,93768,Restaurant,https://www.housedelrestaurant.com,CA_Restaurant_Scraper,C,"Restaurant, Restaurant, POS_Prospect, Irvine",Auto-generated lead for PSDepot outreach. Type: Restaurant,2026-04-28,https://www.yelp.com/biz/house-delrestaurant-irvine,"https://maps.google.com/?q=6741+Broadway,Irvine,CA",,,$2.5M-$5M,51-100,High,Orange County
Michael,Garcia,info@millerssushi.com,(949) 314-5614,Miller's Sushi,2061 Pico Blvd,Irvine,Orange County,CA,94855,Sushi,,CA_Restaurant_Scraper,B,"Restaurant, Sushi, POS_Prospect, Irvine",Auto-generated lead for PSDepot outreach. Type: Sushi,2026-04-28,,"https://maps.google.com/?q=2061+Pico+Blvd,Irvine,CA",4.9,168,$2.5M-$5M,1-10,High,Orange County
Ana,Davis,,(949) 809-9648,Corner DelDiner,3097 Hollywood Blvd,Irvine,Orange County,CA,95363,Diner,,CA_Restaurant_Scraper,B,"Restaurant, Diner, POS_Prospect, Irvine",Auto-generated lead for PSDepot outreach. Type: Diner,2026-04-28,https://www.yelp.com/biz/corner-deldiner-irvine,"https://maps.google.com/?q=3097+Hollywood+Blvd,Irvine,CA",4.6,181,$5M+,100+,High,Orange County
Roberto,Garcia,,(949) 385-2864,Red DeGrill,3654 Elm St,Irvine,Orange County,CA,91298,Grill,https://www.reddegrill.com,CA_Restaurant_Scraper,A,"Restaurant, Grill, POS_Prospect, Irvine",Auto-generated lead for PSDepot outreach. Type: Grill,2026-04-28,https://www.yelp.com/biz/red-degrill-irvine,"https://maps.google.com/?q=3654+Elm+St,Irvine,CA",4.9,237,$1M-$2.5M,1-10,Medium,Orange County
Jessica,Perez,,(949) 238-7721,Los DelTacos,2771 Broadway,Irvine,Orange County,CA,90332,Tacos,https://www.losdeltacos.com,CA_Restaurant_Scraper,B,"Restaurant, Tacos, POS_Prospect, Irvine",Auto-generated lead for PSDepot outreach. Type: Tacos,2026-04-28,https://www.yelp.com/biz/los-deltacos-irvine,"https://maps.google.com/?q=2771+Broadway,Irvine,CA",4.6,431,$500K-$1M,11-25,Low,Orange County
Mary,Martinez,,(949) 820-9641,House DeKitchen,1205 Second St,Irvine,Orange County,CA,94596,Kitchen,,CA_Restaurant_Scraper,A,"Restaurant, Kitchen, POS_Prospect, Irvine",Auto-generated lead for PSDepot outreach. Type: Kitchen,2026-04-28,https://www.yelp.com/biz/house-dekitchen-irvine,"https://maps.google.com/?q=1205+Second+St,Irvine,CA",,,$1M-$2.5M,51-100,Medium,Orange County
Steven,Miller,info@littlekitchen.com,(949) 926-5131,Little Kitchen,1904 Jefferson St,Irvine,Orange County,CA,95914,Kitchen,,CA_Restaurant_Scraper,C,"Restaurant, Kitchen, POS_Prospect, Irvine",Auto-generated lead for PSDepot outreach. Type: Kitchen,2026-04-28,https://www.yelp.com/biz/little-kitchen-irvine,"https://maps.google.com/?q=1904+Jefferson+St,Irvine,CA",4.1,93,$5M+,100+,High,Orange County
Nancy,Johnson,info@gonzalezsbakery.com,(949) 802-5792,Gonzalez's Bakery,612 Washington Blvd,Irvine,Orange County,CA,96165,Bakery,,CA_Restaurant_Scraper,B,"Restaurant, Bakery, POS_Prospect, Irvine",Auto-generated lead for PSDepot outreach. Type: Bakery,2026-04-28,https://www.yelp.com/biz/gonzalezs-bakery-irvine,"https://maps.google.com/?q=612+Washington+Blvd,Irvine,CA",5.0,172,Under $500K,51-100,Low,Orange County
James,Rivera,,(949) 262-2234,Kitchen DeTaqueria,6390 Wilshire Blvd,Irvine,Orange County,CA,96345,Taqueria,,CA_Restaurant_Scraper,B,"Restaurant, Taqueria, POS_Prospect, Irvine",Auto-generated lead for PSDepot outreach. Type: Taqueria,2026-04-28,https://www.yelp.com/biz/kitchen-detaqueria-irvine,"https://maps.google.com/?q=6390+Wilshire+Blvd,Irvine,CA",3.8,113,$1M-$2.5M,51-100,Medium,Orange County
John,Hernandez,info@reddelcafe.com,(949) 440-8229,Red DelCafe,9133 Ocean Ave,Irvine,Orange County,CA,96122,Cafe,,CA_Restaurant_Scraper,B,"Restaurant, Cafe, POS_Prospect, Irvine",Auto-generated lead for PSDepot outreach. Type: Cafe,2026-04-28,https://www.yelp.com/biz/red-delcafe-irvine,"https://maps.google.com/?q=9133+Ocean+Ave,Irvine,CA",4.5,479,$2.5M-$5M,11-25,High,Orange County
Mary,Gonzalez,,(949) 822-1621,El DelTaqueria,384 Market St,Irvine,Orange County,CA,90797,Taqueria,,CA_Restaurant_Scraper,A,"Restaurant, Taqueria, POS_Prospect, Irvine",Auto-generated lead for PSDepot outreach. Type: Taqueria,2026-04-28,https://www.yelp.com/biz/el-deltaqueria-irvine,"https://maps.google.com/?q=384+Market+St,Irvine,CA",4.0,320,$500K-$1M,51-100,Low,Orange County
Ana,Gomez,info@bluepizza.com,(949) 286-5135,Blue Pizza,1343 Pico Blvd,Irvine,Orange County,CA,93230,Pizza,,CA_Restaurant_Scraper,C,"Restaurant, Pizza, POS_Prospect, Irvine",Auto-generated lead for PSDepot outreach. Type: Pizza,2026-04-28,https://www.yelp.com/biz/blue-pizza-irvine,"https://maps.google.com/?q=1343+Pico+Blvd,Irvine,CA",3.8,487,Under $500K,1-10,Low,Orange County
Elizabeth,Gonzalez,,(949) 432-9000,Big DelBakery,1967 Pine St,Irvine,Orange County,CA,95755,Bakery,,CA_Restaurant_Scraper,A,"Restaurant, Bakery, POS_Prospect, Irvine",Auto-generated lead for PSDepot outreach. Type: Bakery,2026-04-28,https://www.yelp.com/biz/big-delbakery-irvine,"https://maps.google.com/?q=1967+Pine+St,Irvine,CA",,,$2.5M-$5M,100+,High,Orange County
Matthew,Brown,info@gomezsrestaurant.com,(949) 499-4684,Gomez's Restaurant,3366 Main St,Irvine,Orange County,CA,93807,Restaurant,,CA_Restaurant_Scraper,A,"Restaurant, Restaurant, POS_Prospect, Irvine",Auto-generated lead for PSDepot outreach. Type: Restaurant,2026-04-28,https://www.yelp.com/biz/gomezs-restaurant-irvine,"https://maps.google.com/?q=3366+Main+St,Irvine,CA",4.0,215,$2.5M-$5M,11-25,High,Orange County
Matthew,Gonzalez,info@gonzalezsburritos.com,(949) 805-9861,Gonzalez's Burritos,7666 Pine St,Irvine,Orange County,CA,91012,Burritos,,CA_Restaurant_Scraper,A,"Restaurant, Burritos, POS_Prospect, Irvine",Auto-generated lead for PSDepot outreach. Type: Burritos,2026-04-28,https://www.yelp.com/biz/gonzalezs-burritos-irvine,"https://maps.google.com/?q=7666+Pine+St,Irvine,CA",4.7,224,$5M+,11-25,High,Orange County
Juan,Garcia,info@rodriguezsbistro.com,(949) 656-2325,Rodriguez's Bistro,7022 Maple Ave,Irvine,Orange County,CA,94283,Bistro,,CA_Restaurant_Scraper,A,"Restaurant, Bistro, POS_Prospect, Irvine",Auto-generated lead for PSDepot outreach. Type: Bistro,2026-04-28,https://www.yelp.com/biz/rodriguezs-bistro-irvine,"https://maps.google.com/?q=7022+Maple+Ave,Irvine,CA",,,$5M+,1-10,High,Orange County
Michael,Lopez,info@cornerrestaurant.com,(949) 397-6786,Corner Restaurant,4135 Ocean Ave,Irvine,Orange County,CA,91883,Restaurant,,CA_Restaurant_Scraper,A,"Restaurant, Restaurant, POS_Prospect, Irvine",Auto-generated lead for PSDepot outreach. Type: Restaurant,2026-04-28,https://www.yelp.com/biz/corner-restaurant-irvine,"https://maps.google.com/?q=4135+Ocean+Ave,Irvine,CA",3.0,435,$5M+,51-100,High,Orange County
Ana,Williams,info@grilldelbakery.com,(949) 970-9987,Grill DelBakery,7617 Sunset Blvd,Irvine,Orange County,CA,95339,Grill,,CA_Restaurant_Scraper,B,"Restaurant, Grill, POS_Prospect, Irvine",Auto-generated lead for PSDepot outreach. Type: Grill,2026-04-28,https://www.yelp.com/biz/grill-delbakery-irvine,"https://maps.google.com/?q=7617+Sunset+Blvd,Irvine,CA",,,$5M+,100+,High,Orange County
William,Miller,info@elseafood.com,(949) 956-8736,El Seafood,9904 Mission St,Irvine,Orange County,CA,96509,Seafood,https://www.elseafood.com,CA_Restaurant_Scraper,C,"Restaurant, Seafood, POS_Prospect, Irvine",Auto-generated lead for PSDepot outreach. Type: Seafood,2026-04-28,,"https://maps.google.com/?q=9904+Mission+St,Irvine,CA",,,Under $500K,26-50,Low,Orange County
Richard,Garcia,info@gomezstaqueria.com,(949) 952-1964,Gomez's Taqueria,8147 Third St,Irvine,Orange County,CA,95905,Taqueria,,CA_Restaurant_Scraper,B,"Restaurant, Taqueria, POS_Prospect, Irvine",Auto-generated lead for PSDepot outreach. Type: Taqueria,2026-04-28,https://www.yelp.com/biz/gomezs-taqueria-irvine,"https://maps.google.com/?q=8147+Third+St,Irvine,CA",4.1,145,$5M+,11-25,High,Orange County
Patricia,Gonzalez,info@housecoffee.com,(949) 983-8632,House Coffee,1937 Cedar Ave,Irvine,Orange County,CA,95124,Coffee,,CA_Restaurant_Scraper,C,"Restaurant, Coffee, POS_Prospect, Irvine",Auto-generated lead for PSDepot outreach. Type: Coffee,2026-04-28,https://www.yelp.com/biz/house-coffee-irvine,"https://maps.google.com/?q=1937+Cedar+Ave,Irvine,CA",3.5,486,$500K-$1M,100+,Low,Orange County
Nancy,Martinez,info@eldelsteakhouse.com,(949) 618-2070,El DelSteakhouse,4691 Pine St,Irvine,Orange County,CA,94938,Steakhouse,https://www.eldelsteakhouse.com,CA_Restaurant_Scraper,B,"Restaurant, Steakhouse, POS_Prospect, Irvine",Auto-generated lead for PSDepot outreach. Type: Steakhouse,2026-04-28,https://www.yelp.com/biz/el-delsteakhouse-irvine,"https://maps.google.com/?q=4691+Pine+St,Irvine,CA",3.5,242,$5M+,100+,High,Orange County
Robert,Hernandez,,(949) 335-5981,Rodriguez's Restaurant,7412 Pine St,Irvine,Orange County,CA,90057,Restaurant,,CA_Restaurant_Scraper,A,"Restaurant, Restaurant, POS_Prospect, Irvine",Auto-generated lead for PSDepot outreach. Type: Restaurant,2026-04-28,https://www.yelp.com/biz/rodriguezs-restaurant-irvine,"https://maps.google.com/?q=7412+Pine+St,Irvine,CA",,,$1M-$2.5M,51-100,Medium,Orange County
Daniel,Hernandez,info@littledegrill.com,(949) 811-9894,Little DeGrill,1143 Sunset Blvd,Irvine,Orange County,CA,95179,Grill,,CA_Restaurant_Scraper,A,"Restaurant, Grill, POS_Prospect, Irvine",Auto-generated lead for PSDepot outreach. Type: Grill,2026-04-28,https://www.yelp.com/biz/little-degrill-irvine,"https://maps.google.com/?q=1143+Sunset+Blvd,Irvine,CA",3.5,307,$2.5M-$5M,1-10,High,Orange County
Carlos,Lopez,,(949) 247-5890,Flores's Pizza,311 Washington Blvd,Irvine,Orange County,CA,95196,Pizza,https://www.floresspizza.com,CA_Restaurant_Scraper,B,"Restaurant, Pizza, POS_Prospect, Irvine",Auto-generated lead for PSDepot outreach. Type: Pizza,2026-04-28,https://www.yelp.com/biz/floress-pizza-irvine,"https://maps.google.com/?q=311+Washington+Blvd,Irvine,CA",5.0,480,Under $500K,1-10,Low,Orange County
Michael,Jones,info@sandeldiner.com,(949) 948-5695,San DelDiner,8491 Washington Blvd,Irvine,Orange County,CA,94884,Diner,https://www.sandeldiner.com,CA_Restaurant_Scraper,B,"Restaurant, Diner, POS_Prospect, Irvine",Auto-generated lead for PSDepot outreach. Type: Diner,2026-04-28,https://www.yelp.com/biz/san-deldiner-irvine,"https://maps.google.com/?q=8491+Washington+Blvd,Irvine,CA",4.8,297,$500K-$1M,11-25,Low,Orange County
Barbara,Smith,info@bistrobbq.com,(949) 861-4387,Bistro BBQ,4175 Cedar Ave,Irvine,Orange County,CA,90178,Bistro,https://www.bistrobbq.com,CA_Restaurant_Scraper,B,"Restaurant, Bistro, POS_Prospect, Irvine",Auto-generated lead for PSDepot outreach. Type: Bistro,2026-04-28,,"https://maps.google.com/?q=4175+Cedar+Ave,Irvine,CA",3.9,236,$5M+,26-50,High,Orange County
William,Lopez,info@lopezssteakhouse.com,(949) 573-1790,Lopez's Steakhouse,3293 Jefferson St,Irvine,Orange County,CA,91398,Steakhouse,,CA_Restaurant_Scraper,A,"Restaurant, Steakhouse, POS_Prospect, Irvine",Auto-generated lead for PSDepot outreach. Type: Steakhouse,2026-04-28,,"https://maps.google.com/?q=3293+Jefferson+St,Irvine,CA",,,$1M-$2.5M,51-100,Medium,Orange County
Daniel,Lopez,info@caferestaurant.com,(949) 944-7858,Cafe Restaurant,8012 Market St,Irvine,Orange County,CA,95564,Restaurant,,CA_Restaurant_Scraper,C,"Restaurant, Restaurant, POS_Prospect, Irvine",Auto-generated lead for PSDepot outreach. Type: Restaurant,2026-04-28,https://www.yelp.com/biz/cafe-restaurant-irvine,"https://maps.google.com/?q=8012+Market+St,Irvine,CA",4.9,281,Under $500K,26-50,Low,Orange County
James,Torres,info@silversteakhouse.com,(949) 200-3141,Silver Steakhouse,1831 Elm St,Irvine,Orange County,CA,92252,Steakhouse,,CA_Restaurant_Scraper,C,"Restaurant, Steakhouse, POS_Prospect, Irvine",Auto-generated lead for PSDepot outreach. Type: Steakhouse,2026-04-28,https://www.yelp.com/biz/silver-steakhouse-irvine,"https://maps.google.com/?q=1831+Elm+St,Irvine,CA",4.6,124,$1M-$2.5M,11-25,Medium,Orange County
Anthony,Martinez,,(949) 661-3645,Casa Steakhouse,5936 Washington Blvd,Irvine,Orange County,CA,94324,Steakhouse,,CA_Restaurant_Scraper,C,"Restaurant, Steakhouse, POS_Prospect, Irvine",Auto-generated lead for PSDepot outreach. Type: Steakhouse,2026-04-28,https://www.yelp.com/biz/casa-steakhouse-irvine,"https://maps.google.com/?q=5936+Washington+Blvd,Irvine,CA",3.4,105,$5M+,100+,High,Orange County
Roberto,Martinez,,(949) 867-9327,Gomez's Kitchen,2963 Second St,Irvine,Orange County,CA,92794,Kitchen,,CA_Restaurant_Scraper,B,"Restaurant, Kitchen, POS_Prospect, Irvine",Auto-generated lead for PSDepot outreach. Type: Kitchen,2026-04-28,,"https://maps.google.com/?q=2963+Second+St,Irvine,CA",4.5,128,$1M-$2.5M,1-10,Medium,Orange County
Christopher,Hernandez,info@pueblodelkitchen.com,(949) 701-2737,Pueblo DelKitchen,1659 Second St,Irvine,Orange County,CA,92153,Kitchen,https://www.pueblodelkitchen.com,CA_Restaurant_Scraper,A,"Restaurant, Kitchen, POS_Prospect, Irvine",Auto-generated lead for PSDepot outreach. Type: Kitchen,2026-04-28,https://www.yelp.com/biz/pueblo-delkitchen-irvine,"https://maps.google.com/?q=1659+Second+St,Irvine,CA",,,$5M+,51-100,High,Orange County
Matthew,Gonzalez,info@kitchendecafe.com,(949) 525-7099,Kitchen DeCafe,8278 Mission St,Irvine,Orange County,CA,93675,Cafe,https://www.kitchendecafe.com,CA_Restaurant_Scraper,A,"Restaurant, Cafe, POS_Prospect, Irvine",Auto-generated lead for PSDepot outreach. Type: Cafe,2026-04-28,https://www.yelp.com/biz/kitchen-decafe-irvine,"https://maps.google.com/?q=8278+Mission+St,Irvine,CA",4.9,167,Under $500K,26-50,Low,Orange County
Jennifer,Williams,,(949) 967-4363,Silver DeSushi,4275 Washington Blvd,Irvine,Orange County,CA,90577,Sushi,https://www.silverdesushi.com,CA_Restaurant_Scraper,A,"Restaurant, Sushi, POS_Prospect, Irvine",Auto-generated lead for PSDepot outreach. Type: Sushi,2026-04-28,https://www.yelp.com/biz/silver-desushi-irvine,"https://maps.google.com/?q=4275+Washington+Blvd,Irvine,CA",4.4,326,$500K-$1M,100+,Low,Orange County
John,Lopez,info@blueburritos.com,(949) 565-4337,Blue Burritos,8818 Jefferson St,Irvine,Orange County,CA,90145,Burritos,,CA_Restaurant_Scraper,C,"Restaurant, Burritos, POS_Prospect, Irvine",Auto-generated lead for PSDepot outreach. Type: Burritos,2026-04-28,,"https://maps.google.com/?q=8818+Jefferson+St,Irvine,CA",,,$1M-$2.5M,51-100,Medium,Orange County
David,Rodriguez,info@sandebargrill.com,(949) 988-9348,San DeBar & Grill,9345 Pine St,Irvine,Orange County,CA,96381,Bar & Grill,,CA_Restaurant_Scraper,A,"Restaurant, Bar & Grill, POS_Prospect, Irvine",Auto-generated lead for PSDepot outreach. Type: Bar & Grill,2026-04-28,https://www.yelp.com/biz/san-debar-&-grill-irvine,"https://maps.google.com/?q=9345+Pine+St,Irvine,CA",4.4,273,$5M+,51-100,High,Orange County
Matthew,Rodriguez,info@lopezspizza.com,(949) 636-6472,Lopez's Pizza,1982 Wilshire Blvd,Irvine,Orange County,CA,92012,Pizza,https://www.lopezspizza.com,CA_Restaurant_Scraper,A,"Restaurant, Pizza, POS_Prospect, Irvine",Auto-generated lead for PSDepot outreach. Type: Pizza,2026-04-28,https://www.yelp.com/biz/lopezs-pizza-irvine,"https://maps.google.com/?q=1982+Wilshire+Blvd,Irvine,CA",3.3,46,$500K-$1M,11-25,Low,Orange County
Carlos,Smith,info@losdelbargrill.com,(949) 548-9075,Los DelBar & Grill,8785 First St,Irvine,Orange County,CA,95791,Bar & Grill,,CA_Restaurant_Scraper,C,"Restaurant, Bar & Grill, POS_Prospect, Irvine",Auto-generated lead for PSDepot outreach. Type: Bar & Grill,2026-04-28,https://www.yelp.com/biz/los-delbar-&-grill-irvine,"https://maps.google.com/?q=8785+First+St,Irvine,CA",,,$2.5M-$5M,11-25,High,Orange County
Maria,Gomez,info@thedelbakery.com,(949) 764-6783,The DelBakery,6349 Oak St,Irvine,Orange County,CA,90934,Bakery,https://www.thedelbakery.com,CA_Restaurant_Scraper,C,"Restaurant, Bakery, POS_Prospect, Irvine",Auto-generated lead for PSDepot outreach. Type: Bakery,2026-04-28,,"https://maps.google.com/?q=6349+Oak+St,Irvine,CA",,,$1M-$2.5M,26-50,Medium,Orange County
Jessica,Gonzalez,info@torressgrill.com,(949) 269-2042,Torres's Grill,1166 Pico Blvd,Irvine,Orange County,CA,96294,Grill,,CA_Restaurant_Scraper,C,"Restaurant, Grill, POS_Prospect, Irvine",Auto-generated lead for PSDepot outreach. Type: Grill,2026-04-28,https://www.yelp.com/biz/torress-grill-irvine,"https://maps.google.com/?q=1166+Pico+Blvd,Irvine,CA",3.8,106,$2.5M-$5M,11-25,High,Orange County
Barbara,Smith,info@eldeeatery.com,(949) 807-1967,El DeEatery,8876 Ocean Ave,Irvine,Orange County,CA,95588,Eatery,,CA_Restaurant_Scraper,B,"Restaurant, Eatery, POS_Prospect, Irvine",Auto-generated lead for PSDepot outreach. Type: Eatery,2026-04-28,https://www.yelp.com/biz/el-deeatery-irvine,"https://maps.google.com/?q=8876+Ocean+Ave,Irvine,CA",3.3,437,$1M-$2.5M,26-50,Medium,Orange County
Michael,Miller,info@hernandezsgrill.com,(949) 233-7253,Hernandez's Grill,8803 Oak St,Irvine,Orange County,CA,92975,Grill,https://www.hernandezsgrill.com,CA_Restaurant_Scraper,C,"Restaurant, Grill, POS_Prospect, Irvine",Auto-generated lead for PSDepot outreach. Type: Grill,2026-04-28,,"https://maps.google.com/?q=8803+Oak+St,Irvine,CA",3.7,74,$500K-$1M,26-50,Low,Orange County
