First Name,Last Name,Email,Phone,Company,Address,City,County,State,Zip,Business Type,Website,Source,Priority,Tags,Notes,Scrape Date,Yelp URL,Google Maps,Yelp Rating,Yelp Reviews,Est. Revenue,Employees,POS Urgency,Region
William,Sanchez,,(657) 591-6771,El DeBurger,2672 Third St,Santa Ana,Orange County,CA,95612,Burger,,CA_Restaurant_Scraper,C,"Restaurant, Burger, POS_Prospect, Santa Ana",Auto-generated lead for PSDepot outreach. Type: Burger,2026-04-28,https://www.yelp.com/biz/el-deburger-santa-ana,"https://maps.google.com/?q=2672+Third+St,Santa+Ana,CA",3.1,283,$2.5M-$5M,1-10,High,Orange County
William,Gomez,info@silverdesteakhouse.com,(657) 851-4894,Silver DeSteakhouse,672 Washington Blvd,Santa Ana,Orange County,CA,94474,Steakhouse,https://www.silverdesteakhouse.com,CA_Restaurant_Scraper,A,"Restaurant, Steakhouse, POS_Prospect, Santa Ana",Auto-generated lead for PSDepot outreach. Type: Steakhouse,2026-04-28,https://www.yelp.com/biz/silver-desteakhouse-santa-ana,"https://maps.google.com/?q=672+Washington+Blvd,Santa+Ana,CA",4.5,442,$2.5M-$5M,51-100,High,Orange County
Lisa,Johnson,info@bluederestaurant.com,(714) 806-6060,Blue DeRestaurant,4237 Main St,Santa Ana,Orange County,CA,93691,Restaurant,,CA_Restaurant_Scraper,A,"Restaurant, Restaurant, POS_Prospect, Santa Ana",Auto-generated lead for PSDepot outreach. Type: Restaurant,2026-04-28,https://www.yelp.com/biz/blue-derestaurant-santa-ana,"https://maps.google.com/?q=4237+Main+St,Santa+Ana,CA",4.8,456,$2.5M-$5M,51-100,High,Orange County
Nancy,Martinez,info@perezsdiner.com,(714) 707-2838,Perez's Diner,653 Jefferson St,Santa Ana,Orange County,CA,94987,Diner,,CA_Restaurant_Scraper,B,"Restaurant, Diner, POS_Prospect, Santa Ana",Auto-generated lead for PSDepot outreach. Type: Diner,2026-04-28,https://www.yelp.com/biz/perezs-diner-santa-ana,"https://maps.google.com/?q=653+Jefferson+St,Santa+Ana,CA",,,Under $500K,26-50,Low,Orange County
David,Hernandez,,(714) 838-4882,Bistro DelSeafood,8435 First St,Santa Ana,Orange County,CA,94442,Bistro,https://www.bistrodelseafood.com,CA_Restaurant_Scraper,B,"Restaurant, Bistro, POS_Prospect, Santa Ana",Auto-generated lead for PSDepot outreach. Type: Bistro,2026-04-28,https://www.yelp.com/biz/bistro-delseafood-santa-ana,"https://maps.google.com/?q=8435+First+St,Santa+Ana,CA",3.1,145,$5M+,1-10,High,Orange County
Lisa,Martinez,,(714) 480-2821,Red DelSeafood,8192 Cedar Ave,Santa Ana,Orange County,CA,96240,Seafood,,CA_Restaurant_Scraper,B,"Restaurant, Seafood, POS_Prospect, Santa Ana",Auto-generated lead for PSDepot outreach. Type: Seafood,2026-04-28,https://www.yelp.com/biz/red-delseafood-santa-ana,"https://maps.google.com/?q=8192+Cedar+Ave,Santa+Ana,CA",4.7,38,$1M-$2.5M,100+,Medium,Orange County
Pedro,Ramirez,,(657) 676-6905,El Sushi,124 Jefferson St,Santa Ana,Orange County,CA,94110,Sushi,https://www.elsushi.com,CA_Restaurant_Scraper,C,"Restaurant, Sushi, POS_Prospect, Santa Ana",Auto-generated lead for PSDepot outreach. Type: Sushi,2026-04-28,https://www.yelp.com/biz/el-sushi-santa-ana,"https://maps.google.com/?q=124+Jefferson+St,Santa+Ana,CA",4.1,37,$5M+,100+,High,Orange County
Mark,Gonzalez,info@greencafe.com,(714) 458-6835,Green Cafe,9319 Main St,Santa Ana,Orange County,CA,96776,Cafe,https://www.greencafe.com,CA_Restaurant_Scraper,C,"Restaurant, Cafe, POS_Prospect, Santa Ana",Auto-generated lead for PSDepot outreach. Type: Cafe,2026-04-28,https://www.yelp.com/biz/green-cafe-santa-ana,"https://maps.google.com/?q=9319+Main+St,Santa+Ana,CA",4.7,66,$2.5M-$5M,100+,High,Orange County
Carlos,Perez,info@littledelbistro.com,(714) 648-7983,Little DelBistro,9233 Third St,Santa Ana,Orange County,CA,90858,Bistro,,CA_Restaurant_Scraper,C,"Restaurant, Bistro, POS_Prospect, Santa Ana",Auto-generated lead for PSDepot outreach. Type: Bistro,2026-04-28,https://www.yelp.com/biz/little-delbistro-santa-ana,"https://maps.google.com/?q=9233+Third+St,Santa+Ana,CA",4.4,464,$5M+,26-50,High,Orange County
James,Sanchez,info@martinezscafe.com,(714) 744-7949,Martinez's Cafe,5987 Wilshire Blvd,Santa Ana,Orange County,CA,95591,Cafe,https://www.martinezscafe.com,CA_Restaurant_Scraper,A,"Restaurant, Cafe, POS_Prospect, Santa Ana",Auto-generated lead for PSDepot outreach. Type: Cafe,2026-04-28,,"https://maps.google.com/?q=5987+Wilshire+Blvd,Santa+Ana,CA",,,$1M-$2.5M,1-10,Medium,Orange County
Steven,Miller,info@martinezsgrill.com,(714) 401-2518,Martinez's Grill,3020 Main St,Santa Ana,Orange County,CA,93339,Grill,,CA_Restaurant_Scraper,A,"Restaurant, Grill, POS_Prospect, Santa Ana",Auto-generated lead for PSDepot outreach. Type: Grill,2026-04-28,https://www.yelp.com/biz/martinezs-grill-santa-ana,"https://maps.google.com/?q=3020+Main+St,Santa+Ana,CA",4.0,394,$5M+,26-50,High,Orange County
Maria,Perez,,(657) 319-3994,Lopez's Steakhouse,9436 Second St,Santa Ana,Orange County,CA,90464,Steakhouse,,CA_Restaurant_Scraper,C,"Restaurant, Steakhouse, POS_Prospect, Santa Ana",Auto-generated lead for PSDepot outreach. Type: Steakhouse,2026-04-28,,"https://maps.google.com/?q=9436+Second+St,Santa+Ana,CA",4.2,407,$500K-$1M,1-10,Low,Orange County
Matthew,Lopez,,(714) 381-2940,The DeEatery,6844 Pine St,Santa Ana,Orange County,CA,93588,Eatery,,CA_Restaurant_Scraper,A,"Restaurant, Eatery, POS_Prospect, Santa Ana",Auto-generated lead for PSDepot outreach. Type: Eatery,2026-04-28,https://www.yelp.com/biz/the-deeatery-santa-ana,"https://maps.google.com/?q=6844+Pine+St,Santa+Ana,CA",3.3,417,$500K-$1M,51-100,Low,Orange County
Paul,Gonzalez,,(657) 783-5697,Little DelRestaurant,4993 Jefferson St,Santa Ana,Orange County,CA,91814,Restaurant,,CA_Restaurant_Scraper,B,"Restaurant, Restaurant, POS_Prospect, Santa Ana",Auto-generated lead for PSDepot outreach. Type: Restaurant,2026-04-28,https://www.yelp.com/biz/little-delrestaurant-santa-ana,"https://maps.google.com/?q=4993+Jefferson+St,Santa+Ana,CA",,,$1M-$2.5M,26-50,Medium,Orange County
James,Perez,,(657) 799-3985,Rivera's Cafe,4189 Washington Blvd,Santa Ana,Orange County,CA,96084,Cafe,,CA_Restaurant_Scraper,C,"Restaurant, Cafe, POS_Prospect, Santa Ana",Auto-generated lead for PSDepot outreach. Type: Cafe,2026-04-28,https://www.yelp.com/biz/riveras-cafe-santa-ana,"https://maps.google.com/?q=4189+Washington+Blvd,Santa+Ana,CA",,,Under $500K,11-25,Low,Orange County
Linda,Hernandez,info@rodriguezstaqueria.com,(714) 539-5223,Rodriguez's Taqueria,3603 Mission St,Santa Ana,Orange County,CA,93998,Taqueria,,CA_Restaurant_Scraper,C,"Restaurant, Taqueria, POS_Prospect, Santa Ana",Auto-generated lead for PSDepot outreach. Type: Taqueria,2026-04-28,https://www.yelp.com/biz/rodriguezs-taqueria-santa-ana,"https://maps.google.com/?q=3603+Mission+St,Santa+Ana,CA",3.4,7,$5M+,11-25,High,Orange County
Pedro,Gomez,,(657) 712-3384,Grill Burritos,7541 Washington Blvd,Santa Ana,Orange County,CA,91059,Grill,,CA_Restaurant_Scraper,C,"Restaurant, Grill, POS_Prospect, Santa Ana",Auto-generated lead for PSDepot outreach. Type: Grill,2026-04-28,https://www.yelp.com/biz/grill-burritos-santa-ana,"https://maps.google.com/?q=7541+Washington+Blvd,Santa+Ana,CA",,,$2.5M-$5M,26-50,High,Orange County
James,Gomez,info@pueblodelkitchen.com,(657) 667-4965,Pueblo DelKitchen,6849 Washington Blvd,Santa Ana,Orange County,CA,93649,Kitchen,https://www.pueblodelkitchen.com,CA_Restaurant_Scraper,A,"Restaurant, Kitchen, POS_Prospect, Santa Ana",Auto-generated lead for PSDepot outreach. Type: Kitchen,2026-04-28,https://www.yelp.com/biz/pueblo-delkitchen-santa-ana,"https://maps.google.com/?q=6849+Washington+Blvd,Santa+Ana,CA",,,$1M-$2.5M,1-10,Medium,Orange County
David,Miller,,(714) 276-2371,Cafe DeCafe,2379 Pine St,Santa Ana,Orange County,CA,90941,Cafe,,CA_Restaurant_Scraper,B,"Restaurant, Cafe, POS_Prospect, Santa Ana",Auto-generated lead for PSDepot outreach. Type: Cafe,2026-04-28,,"https://maps.google.com/?q=2379+Pine+St,Santa+Ana,CA",3.8,349,$1M-$2.5M,26-50,Medium,Orange County
Karen,Lopez,,(657) 886-5231,Kitchen Taqueria,7098 Main St,Santa Ana,Orange County,CA,91709,Taqueria,,CA_Restaurant_Scraper,A,"Restaurant, Taqueria, POS_Prospect, Santa Ana",Auto-generated lead for PSDepot outreach. Type: Taqueria,2026-04-28,https://www.yelp.com/biz/kitchen-taqueria-santa-ana,"https://maps.google.com/?q=7098+Main+St,Santa+Ana,CA",3.7,288,Under $500K,51-100,Low,Orange County
Christopher,Sanchez,info@spotpizza.com,(657) 779-1574,Spot Pizza,334 Sunset Blvd,Santa Ana,Orange County,CA,94784,Pizza,https://www.spotpizza.com,CA_Restaurant_Scraper,B,"Restaurant, Pizza, POS_Prospect, Santa Ana",Auto-generated lead for PSDepot outreach. Type: Pizza,2026-04-28,https://www.yelp.com/biz/spot-pizza-santa-ana,"https://maps.google.com/?q=334+Sunset+Blvd,Santa+Ana,CA",,,$1M-$2.5M,26-50,Medium,Orange County
Jennifer,Gonzalez,info@sandelseafood.com,(714) 211-3281,San DelSeafood,5898 First St,Santa Ana,Orange County,CA,93164,Seafood,,CA_Restaurant_Scraper,A,"Restaurant, Seafood, POS_Prospect, Santa Ana",Auto-generated lead for PSDepot outreach. Type: Seafood,2026-04-28,,"https://maps.google.com/?q=5898+First+St,Santa+Ana,CA",3.3,441,Under $500K,26-50,Low,Orange County
Juan,Rodriguez,info@gonzalezssteakhouse.com,(714) 697-8693,Gonzalez's Steakhouse,6315 Pico Blvd,Santa Ana,Orange County,CA,94590,Steakhouse,https://www.gonzalezssteakhouse.com,CA_Restaurant_Scraper,B,"Restaurant, Steakhouse, POS_Prospect, Santa Ana",Auto-generated lead for PSDepot outreach. Type: Steakhouse,2026-04-28,,"https://maps.google.com/?q=6315+Pico+Blvd,Santa+Ana,CA",,,$1M-$2.5M,100+,Medium,Orange County
Matthew,Rivera,info@santaderestaurant.com,(714) 798-8621,Santa DeRestaurant,4806 Pine St,Santa Ana,Orange County,CA,94357,Restaurant,,CA_Restaurant_Scraper,B,"Restaurant, Restaurant, POS_Prospect, Santa Ana",Auto-generated lead for PSDepot outreach. Type: Restaurant,2026-04-28,https://www.yelp.com/biz/santa-derestaurant-santa-ana,"https://maps.google.com/?q=4806+Pine+St,Santa+Ana,CA",,,$5M+,51-100,High,Orange County
Christopher,Williams,info@floresseatery.com,(714) 473-7132,Flores's Eatery,1904 Jefferson St,Santa Ana,Orange County,CA,96619,Eatery,https://www.floresseatery.com,CA_Restaurant_Scraper,B,"Restaurant, Eatery, POS_Prospect, Santa Ana",Auto-generated lead for PSDepot outreach. Type: Eatery,2026-04-28,https://www.yelp.com/biz/floress-eatery-santa-ana,"https://maps.google.com/?q=1904+Jefferson+St,Santa+Ana,CA",,,Under $500K,1-10,Low,Orange County
Margaret,Hernandez,,(714) 825-1219,Los Diner,320 Market St,Santa Ana,Orange County,CA,95732,Diner,,CA_Restaurant_Scraper,A,"Restaurant, Diner, POS_Prospect, Santa Ana",Auto-generated lead for PSDepot outreach. Type: Diner,2026-04-28,https://www.yelp.com/biz/los-diner-santa-ana,"https://maps.google.com/?q=320+Market+St,Santa+Ana,CA",4.5,269,$500K-$1M,1-10,Low,Orange County
Linda,Perez,info@spotdeburger.com,(714) 444-2055,Spot DeBurger,3557 Cedar Ave,Santa Ana,Orange County,CA,95251,Burger,,CA_Restaurant_Scraper,B,"Restaurant, Burger, POS_Prospect, Santa Ana",Auto-generated lead for PSDepot outreach. Type: Burger,2026-04-28,https://www.yelp.com/biz/spot-deburger-santa-ana,"https://maps.google.com/?q=3557+Cedar+Ave,Santa+Ana,CA",4.2,473,$500K-$1M,11-25,Low,Orange County
Luis,Hernandez,,(657) 627-4959,Spot Burger,5165 Ocean Ave,Santa Ana,Orange County,CA,96632,Burger,,CA_Restaurant_Scraper,B,"Restaurant, Burger, POS_Prospect, Santa Ana",Auto-generated lead for PSDepot outreach. Type: Burger,2026-04-28,https://www.yelp.com/biz/spot-burger-santa-ana,"https://maps.google.com/?q=5165+Ocean+Ave,Santa+Ana,CA",3.4,43,$500K-$1M,51-100,Low,Orange County
Steven,Flores,,(657) 369-8629,Big Kitchen,5672 Jefferson St,Santa Ana,Orange County,CA,90999,Kitchen,,CA_Restaurant_Scraper,B,"Restaurant, Kitchen, POS_Prospect, Santa Ana",Auto-generated lead for PSDepot outreach. Type: Kitchen,2026-04-28,https://www.yelp.com/biz/big-kitchen-santa-ana,"https://maps.google.com/?q=5672+Jefferson+St,Santa+Ana,CA",3.2,495,$500K-$1M,11-25,Low,Orange County
Barbara,Martinez,,(714) 850-8078,Spot DeBBQ,4275 Market St,Santa Ana,Orange County,CA,94751,BBQ,,CA_Restaurant_Scraper,C,"Restaurant, BBQ, POS_Prospect, Santa Ana",Auto-generated lead for PSDepot outreach. Type: BBQ,2026-04-28,https://www.yelp.com/biz/spot-debbq-santa-ana,"https://maps.google.com/?q=4275+Market+St,Santa+Ana,CA",4.7,189,$500K-$1M,51-100,Low,Orange County
Anthony,Brown,info@riverasbargrill.com,(657) 493-9114,Rivera's Bar & Grill,3440 Elm St,Santa Ana,Orange County,CA,93268,Bar & Grill,,CA_Restaurant_Scraper,A,"Restaurant, Bar & Grill, POS_Prospect, Santa Ana",Auto-generated lead for PSDepot outreach. Type: Bar & Grill,2026-04-28,https://www.yelp.com/biz/riveras-bar-&-grill-santa-ana,"https://maps.google.com/?q=3440+Elm+St,Santa+Ana,CA",3.4,222,$500K-$1M,100+,Low,Orange County
Jose,Gonzalez,,(714) 692-9353,Santa Tacos,8258 Second St,Santa Ana,Orange County,CA,94134,Tacos,,CA_Restaurant_Scraper,A,"Restaurant, Tacos, POS_Prospect, Santa Ana",Auto-generated lead for PSDepot outreach. Type: Tacos,2026-04-28,,"https://maps.google.com/?q=8258+Second+St,Santa+Ana,CA",4.3,32,$1M-$2.5M,100+,Medium,Orange County
Daniel,Garcia,info@garciascoffee.com,(657) 490-7452,Garcia's Coffee,267 Pine St,Santa Ana,Orange County,CA,96554,Coffee,,CA_Restaurant_Scraper,C,"Restaurant, Coffee, POS_Prospect, Santa Ana",Auto-generated lead for PSDepot outreach. Type: Coffee,2026-04-28,https://www.yelp.com/biz/garcias-coffee-santa-ana,"https://maps.google.com/?q=267+Pine+St,Santa+Ana,CA",4.5,283,$1M-$2.5M,11-25,Medium,Orange County
Steven,Ramirez,,(657) 593-4421,Bistro Restaurant,4024 Elm St,Santa Ana,Orange County,CA,96345,Restaurant,https://www.bistrorestaurant.com,CA_Restaurant_Scraper,A,"Restaurant, Restaurant, POS_Prospect, Santa Ana",Auto-generated lead for PSDepot outreach. Type: Restaurant,2026-04-28,https://www.yelp.com/biz/bistro-restaurant-santa-ana,"https://maps.google.com/?q=4024+Elm+St,Santa+Ana,CA",4.0,21,$500K-$1M,11-25,Low,Orange County
Sarah,Hernandez,info@perezsgrill.com,(657) 915-4645,Perez's Grill,3564 Oak St,Santa Ana,Orange County,CA,96162,Grill,https://www.perezsgrill.com,CA_Restaurant_Scraper,C,"Restaurant, Grill, POS_Prospect, Santa Ana",Auto-generated lead for PSDepot outreach. Type: Grill,2026-04-28,https://www.yelp.com/biz/perezs-grill-santa-ana,"https://maps.google.com/?q=3564+Oak+St,Santa+Ana,CA",4.1,148,$2.5M-$5M,26-50,High,Orange County
Elizabeth,Hernandez,,(657) 624-2722,Big DeBar & Grill,776 Cedar Ave,Santa Ana,Orange County,CA,94960,Bar & Grill,,CA_Restaurant_Scraper,C,"Restaurant, Bar & Grill, POS_Prospect, Santa Ana",Auto-generated lead for PSDepot outreach. Type: Bar & Grill,2026-04-28,https://www.yelp.com/biz/big-debar-&-grill-santa-ana,"https://maps.google.com/?q=776+Cedar+Ave,Santa+Ana,CA",3.6,75,$5M+,1-10,High,Orange County
Barbara,Martinez,,(714) 568-2151,Corner DeGrill,6509 Second St,Santa Ana,Orange County,CA,94377,Grill,,CA_Restaurant_Scraper,C,"Restaurant, Grill, POS_Prospect, Santa Ana",Auto-generated lead for PSDepot outreach. Type: Grill,2026-04-28,,"https://maps.google.com/?q=6509+Second+St,Santa+Ana,CA",,,$500K-$1M,51-100,Low,Orange County
Paul,Garcia,,(714) 668-7101,Green DeSushi,4644 Sunset Blvd,Santa Ana,Orange County,CA,92762,Sushi,,CA_Restaurant_Scraper,B,"Restaurant, Sushi, POS_Prospect, Santa Ana",Auto-generated lead for PSDepot outreach. Type: Sushi,2026-04-28,https://www.yelp.com/biz/green-desushi-santa-ana,"https://maps.google.com/?q=4644+Sunset+Blvd,Santa+Ana,CA",3.8,431,$1M-$2.5M,51-100,Medium,Orange County
Maria,Rodriguez,,(657) 606-8501,Smith's Pizza,7805 Second St,Santa Ana,Orange County,CA,91115,Pizza,https://www.smithspizza.com,CA_Restaurant_Scraper,C,"Restaurant, Pizza, POS_Prospect, Santa Ana",Auto-generated lead for PSDepot outreach. Type: Pizza,2026-04-28,https://www.yelp.com/biz/smiths-pizza-santa-ana,"https://maps.google.com/?q=7805+Second+St,Santa+Ana,CA",3.6,383,Under $500K,11-25,Low,Orange County
Jessica,Smith,info@ramirezsbakery.com,(714) 447-6694,Ramirez's Bakery,310 Main St,Santa Ana,Orange County,CA,96326,Bakery,,CA_Restaurant_Scraper,A,"Restaurant, Bakery, POS_Prospect, Santa Ana",Auto-generated lead for PSDepot outreach. Type: Bakery,2026-04-28,,"https://maps.google.com/?q=310+Main+St,Santa+Ana,CA",3.4,410,Under $500K,11-25,Low,Orange County
Luis,Rivera,,(714) 695-5194,Martinez's Burger,3784 Pico Blvd,Santa Ana,Orange County,CA,96576,Burger,https://www.martinezsburger.com,CA_Restaurant_Scraper,B,"Restaurant, Burger, POS_Prospect, Santa Ana",Auto-generated lead for PSDepot outreach. Type: Burger,2026-04-28,,"https://maps.google.com/?q=3784+Pico+Blvd,Santa+Ana,CA",3.4,6,$1M-$2.5M,51-100,Medium,Orange County
Elizabeth,Johnson,info@pueblodebargrill.com,(657) 782-1172,Pueblo DeBar & Grill,8140 First St,Santa Ana,Orange County,CA,94251,Bar & Grill,,CA_Restaurant_Scraper,C,"Restaurant, Bar & Grill, POS_Prospect, Santa Ana",Auto-generated lead for PSDepot outreach. Type: Bar & Grill,2026-04-28,https://www.yelp.com/biz/pueblo-debar-&-grill-santa-ana,"https://maps.google.com/?q=8140+First+St,Santa+Ana,CA",3.5,484,$500K-$1M,11-25,Low,Orange County
Daniel,Torres,,(657) 759-5951,Gonzalez's Sushi,9093 Wilshire Blvd,Santa Ana,Orange County,CA,96071,Sushi,,CA_Restaurant_Scraper,B,"Restaurant, Sushi, POS_Prospect, Santa Ana",Auto-generated lead for PSDepot outreach. Type: Sushi,2026-04-28,https://www.yelp.com/biz/gonzalezs-sushi-santa-ana,"https://maps.google.com/?q=9093+Wilshire+Blvd,Santa+Ana,CA",4.1,412,$500K-$1M,100+,Low,Orange County
Matthew,Martinez,,(657) 623-6994,Kitchen DelSteakhouse,1428 Main St,Santa Ana,Orange County,CA,90672,Kitchen,,CA_Restaurant_Scraper,C,"Restaurant, Kitchen, POS_Prospect, Santa Ana",Auto-generated lead for PSDepot outreach. Type: Kitchen,2026-04-28,https://www.yelp.com/biz/kitchen-delsteakhouse-santa-ana,"https://maps.google.com/?q=1428+Main+St,Santa+Ana,CA",3.3,85,$1M-$2.5M,1-10,Medium,Orange County
Linda,Johnson,,(657) 516-6482,Las DelKitchen,7705 Pico Blvd,Santa Ana,Orange County,CA,95939,Kitchen,,CA_Restaurant_Scraper,A,"Restaurant, Kitchen, POS_Prospect, Santa Ana",Auto-generated lead for PSDepot outreach. Type: Kitchen,2026-04-28,https://www.yelp.com/biz/las-delkitchen-santa-ana,"https://maps.google.com/?q=7705+Pico+Blvd,Santa+Ana,CA",4.6,217,$1M-$2.5M,1-10,Medium,Orange County
Roberto,Garcia,,(714) 775-4166,El Seafood,3536 Maple Ave,Santa Ana,Orange County,CA,96994,Seafood,https://www.elseafood.com,CA_Restaurant_Scraper,C,"Restaurant, Seafood, POS_Prospect, Santa Ana",Auto-generated lead for PSDepot outreach. Type: Seafood,2026-04-28,,"https://maps.google.com/?q=3536+Maple+Ave,Santa+Ana,CA",4.6,191,$5M+,11-25,High,Orange County
Karen,Martinez,info@housedelkitchen.com,(714) 994-8048,House DelKitchen,9475 Wilshire Blvd,Santa Ana,Orange County,CA,94468,Kitchen,,CA_Restaurant_Scraper,C,"Restaurant, Kitchen, POS_Prospect, Santa Ana",Auto-generated lead for PSDepot outreach. Type: Kitchen,2026-04-28,https://www.yelp.com/biz/house-delkitchen-santa-ana,"https://maps.google.com/?q=9475+Wilshire+Blvd,Santa+Ana,CA",,,$500K-$1M,11-25,Low,Orange County
Susan,Williams,info@cafedesteakhouse.com,(714) 845-1565,Cafe DeSteakhouse,2759 First St,Santa Ana,Orange County,CA,96487,Cafe,https://www.cafedesteakhouse.com,CA_Restaurant_Scraper,B,"Restaurant, Cafe, POS_Prospect, Santa Ana",Auto-generated lead for PSDepot outreach. Type: Cafe,2026-04-28,,"https://maps.google.com/?q=2759+First+St,Santa+Ana,CA",3.0,181,$5M+,11-25,High,Orange County
David,Hernandez,info@spotdesteakhouse.com,(657) 525-8417,Spot DeSteakhouse,9722 Wilshire Blvd,Santa Ana,Orange County,CA,92329,Steakhouse,,CA_Restaurant_Scraper,A,"Restaurant, Steakhouse, POS_Prospect, Santa Ana",Auto-generated lead for PSDepot outreach. Type: Steakhouse,2026-04-28,https://www.yelp.com/biz/spot-desteakhouse-santa-ana,"https://maps.google.com/?q=9722+Wilshire+Blvd,Santa+Ana,CA",4.6,397,$500K-$1M,100+,Low,Orange County
Margaret,Davis,info@losdebistro.com,(657) 384-8737,Los DeBistro,5678 Oak St,Santa Ana,Orange County,CA,96755,Bistro,,CA_Restaurant_Scraper,A,"Restaurant, Bistro, POS_Prospect, Santa Ana",Auto-generated lead for PSDepot outreach. Type: Bistro,2026-04-28,https://www.yelp.com/biz/los-debistro-santa-ana,"https://maps.google.com/?q=5678+Oak+St,Santa+Ana,CA",3.3,470,$1M-$2.5M,1-10,Medium,Orange County
Margaret,Lopez,info@cafeburger.com,(714) 904-6084,Cafe Burger,3638 Wilshire Blvd,Santa Ana,Orange County,CA,94303,Cafe,,CA_Restaurant_Scraper,C,"Restaurant, Cafe, POS_Prospect, Santa Ana",Auto-generated lead for PSDepot outreach. Type: Cafe,2026-04-28,https://www.yelp.com/biz/cafe-burger-santa-ana,"https://maps.google.com/?q=3638+Wilshire+Blvd,Santa+Ana,CA",3.0,57,$5M+,100+,High,Orange County
Elizabeth,Sanchez,info@gonzalezsbargrill.com,(657) 916-7456,Gonzalez's Bar & Grill,5049 Mission St,Santa Ana,Orange County,CA,96767,Bar & Grill,,CA_Restaurant_Scraper,A,"Restaurant, Bar & Grill, POS_Prospect, Santa Ana",Auto-generated lead for PSDepot outreach. Type: Bar & Grill,2026-04-28,,"https://maps.google.com/?q=5049+Mission+St,Santa+Ana,CA",3.4,146,$1M-$2.5M,26-50,Medium,Orange County
Paul,Gonzalez,,(714) 817-2002,Hernandez's Burger,3520 Pico Blvd,Santa Ana,Orange County,CA,92862,Burger,,CA_Restaurant_Scraper,B,"Restaurant, Burger, POS_Prospect, Santa Ana",Auto-generated lead for PSDepot outreach. Type: Burger,2026-04-28,https://www.yelp.com/biz/hernandezs-burger-santa-ana,"https://maps.google.com/?q=3520+Pico+Blvd,Santa+Ana,CA",3.6,308,$1M-$2.5M,26-50,Medium,Orange County
Jennifer,Martinez,info@ladeltaqueria.com,(657) 644-9038,La DelTaqueria,1776 Ocean Ave,Santa Ana,Orange County,CA,94582,Taqueria,https://www.ladeltaqueria.com,CA_Restaurant_Scraper,A,"Restaurant, Taqueria, POS_Prospect, Santa Ana",Auto-generated lead for PSDepot outreach. Type: Taqueria,2026-04-28,,"https://maps.google.com/?q=1776+Ocean+Ave,Santa+Ana,CA",,,$500K-$1M,51-100,Low,Orange County
Jennifer,Hernandez,info@martinezsbargrill.com,(657) 801-7790,Martinez's Bar & Grill,3031 Second St,Santa Ana,Orange County,CA,92681,Bar & Grill,,CA_Restaurant_Scraper,A,"Restaurant, Bar & Grill, POS_Prospect, Santa Ana",Auto-generated lead for PSDepot outreach. Type: Bar & Grill,2026-04-28,,"https://maps.google.com/?q=3031+Second+St,Santa+Ana,CA",4.2,278,$1M-$2.5M,100+,Medium,Orange County
Robert,Martinez,info@lostacos.com,(657) 898-1985,Los Tacos,3017 Second St,Santa Ana,Orange County,CA,91792,Tacos,,CA_Restaurant_Scraper,A,"Restaurant, Tacos, POS_Prospect, Santa Ana",Auto-generated lead for PSDepot outreach. Type: Tacos,2026-04-28,,"https://maps.google.com/?q=3017+Second+St,Santa+Ana,CA",4.9,11,$2.5M-$5M,100+,High,Orange County
Robert,Rodriguez,,(657) 685-7611,House DelBBQ,2148 Maple Ave,Santa Ana,Orange County,CA,92639,BBQ,,CA_Restaurant_Scraper,B,"Restaurant, BBQ, POS_Prospect, Santa Ana",Auto-generated lead for PSDepot outreach. Type: BBQ,2026-04-28,https://www.yelp.com/biz/house-delbbq-santa-ana,"https://maps.google.com/?q=2148+Maple+Ave,Santa+Ana,CA",3.0,206,$500K-$1M,51-100,Low,Orange County
Carlos,Gonzalez,info@grilltaqueria.com,(714) 854-8024,Grill Taqueria,9925 Main St,Santa Ana,Orange County,CA,96334,Taqueria,,CA_Restaurant_Scraper,A,"Restaurant, Taqueria, POS_Prospect, Santa Ana",Auto-generated lead for PSDepot outreach. Type: Taqueria,2026-04-28,,"https://maps.google.com/?q=9925+Main+St,Santa+Ana,CA",4.2,167,Under $500K,51-100,Low,Orange County
Mary,Rodriguez,info@kitchendelseafood.com,(657) 755-5864,Kitchen DelSeafood,7402 Pine St,Santa Ana,Orange County,CA,91354,Kitchen,,CA_Restaurant_Scraper,B,"Restaurant, Kitchen, POS_Prospect, Santa Ana",Auto-generated lead for PSDepot outreach. Type: Kitchen,2026-04-28,https://www.yelp.com/biz/kitchen-delseafood-santa-ana,"https://maps.google.com/?q=7402+Pine+St,Santa+Ana,CA",3.4,214,Under $500K,51-100,Low,Orange County
Michael,Gonzalez,info@thesteakhouse.com,(714) 815-1017,The Steakhouse,3754 Pico Blvd,Santa Ana,Orange County,CA,92425,Steakhouse,,CA_Restaurant_Scraper,B,"Restaurant, Steakhouse, POS_Prospect, Santa Ana",Auto-generated lead for PSDepot outreach. Type: Steakhouse,2026-04-28,https://www.yelp.com/biz/the-steakhouse-santa-ana,"https://maps.google.com/?q=3754+Pico+Blvd,Santa+Ana,CA",,,$5M+,11-25,High,Orange County
Richard,Torres,info@bigeatery.com,(657) 895-3623,Big Eatery,6901 Pine St,Santa Ana,Orange County,CA,94258,Eatery,,CA_Restaurant_Scraper,C,"Restaurant, Eatery, POS_Prospect, Santa Ana",Auto-generated lead for PSDepot outreach. Type: Eatery,2026-04-28,,"https://maps.google.com/?q=6901+Pine+St,Santa+Ana,CA",3.5,224,$1M-$2.5M,11-25,Medium,Orange County
Lisa,Davis,info@gonzalezsbistro.com,(657) 953-3572,Gonzalez's Bistro,9827 Third St,Santa Ana,Orange County,CA,91813,Bistro,,CA_Restaurant_Scraper,C,"Restaurant, Bistro, POS_Prospect, Santa Ana",Auto-generated lead for PSDepot outreach. Type: Bistro,2026-04-28,https://www.yelp.com/biz/gonzalezs-bistro-santa-ana,"https://maps.google.com/?q=9827+Third+St,Santa+Ana,CA",3.7,305,$1M-$2.5M,100+,Medium,Orange County
Paul,Perez,,(714) 922-6472,Red BBQ,7299 Elm St,Santa Ana,Orange County,CA,95209,BBQ,,CA_Restaurant_Scraper,B,"Restaurant, BBQ, POS_Prospect, Santa Ana",Auto-generated lead for PSDepot outreach. Type: BBQ,2026-04-28,https://www.yelp.com/biz/red-bbq-santa-ana,"https://maps.google.com/?q=7299+Elm+St,Santa+Ana,CA",,,$5M+,26-50,High,Orange County
Patricia,Gonzalez,info@silverderestaurant.com,(714) 511-4149,Silver DeRestaurant,8694 Cedar Ave,Santa Ana,Orange County,CA,91747,Restaurant,,CA_Restaurant_Scraper,B,"Restaurant, Restaurant, POS_Prospect, Santa Ana",Auto-generated lead for PSDepot outreach. Type: Restaurant,2026-04-28,https://www.yelp.com/biz/silver-derestaurant-santa-ana,"https://maps.google.com/?q=8694+Cedar+Ave,Santa+Ana,CA",,,$1M-$2.5M,26-50,Medium,Orange County
Richard,Sanchez,info@santasteakhouse.com,(657) 844-8108,Santa Steakhouse,6527 Second St,Santa Ana,Orange County,CA,92621,Steakhouse,https://www.santasteakhouse.com,CA_Restaurant_Scraper,C,"Restaurant, Steakhouse, POS_Prospect, Santa Ana",Auto-generated lead for PSDepot outreach. Type: Steakhouse,2026-04-28,https://www.yelp.com/biz/santa-steakhouse-santa-ana,"https://maps.google.com/?q=6527+Second+St,Santa+Ana,CA",4.0,150,$2.5M-$5M,11-25,High,Orange County
Lisa,Gonzalez,info@laspizza.com,(657) 235-9136,Las Pizza,3827 First St,Santa Ana,Orange County,CA,94882,Pizza,,CA_Restaurant_Scraper,A,"Restaurant, Pizza, POS_Prospect, Santa Ana",Auto-generated lead for PSDepot outreach. Type: Pizza,2026-04-28,https://www.yelp.com/biz/las-pizza-santa-ana,"https://maps.google.com/?q=3827+First+St,Santa+Ana,CA",3.4,315,$500K-$1M,1-10,Low,Orange County
Betty,Martinez,info@littleeatery.com,(657) 766-3558,Little Eatery,3024 Oak St,Santa Ana,Orange County,CA,90499,Eatery,,CA_Restaurant_Scraper,C,"Restaurant, Eatery, POS_Prospect, Santa Ana",Auto-generated lead for PSDepot outreach. Type: Eatery,2026-04-28,https://www.yelp.com/biz/little-eatery-santa-ana,"https://maps.google.com/?q=3024+Oak+St,Santa+Ana,CA",4.1,136,Under $500K,11-25,Low,Orange County
Paul,Hernandez,,(657) 535-4611,Little Restaurant,4106 Hollywood Blvd,Santa Ana,Orange County,CA,94480,Restaurant,,CA_Restaurant_Scraper,A,"Restaurant, Restaurant, POS_Prospect, Santa Ana",Auto-generated lead for PSDepot outreach. Type: Restaurant,2026-04-28,https://www.yelp.com/biz/little-restaurant-santa-ana,"https://maps.google.com/?q=4106+Hollywood+Blvd,Santa+Ana,CA",3.3,496,$5M+,1-10,High,Orange County
Anthony,Brown,,(657) 674-6668,Lopez's Bar & Grill,2590 Oak St,Santa Ana,Orange County,CA,95161,Bar & Grill,,CA_Restaurant_Scraper,A,"Restaurant, Bar & Grill, POS_Prospect, Santa Ana",Auto-generated lead for PSDepot outreach. Type: Bar & Grill,2026-04-28,https://www.yelp.com/biz/lopezs-bar-&-grill-santa-ana,"https://maps.google.com/?q=2590+Oak+St,Santa+Ana,CA",3.4,294,$5M+,100+,High,Orange County
Matthew,Ramirez,info@goldenpizza.com,(657) 287-8020,Golden Pizza,8938 Second St,Santa Ana,Orange County,CA,94189,Pizza,,CA_Restaurant_Scraper,B,"Restaurant, Pizza, POS_Prospect, Santa Ana",Auto-generated lead for PSDepot outreach. Type: Pizza,2026-04-28,,"https://maps.google.com/?q=8938+Second+St,Santa+Ana,CA",,,Under $500K,11-25,Low,Orange County
Carlos,Brown,info@bigdetacos.com,(657) 614-5947,Big DeTacos,3825 Mission St,Santa Ana,Orange County,CA,95083,Tacos,https://www.bigdetacos.com,CA_Restaurant_Scraper,B,"Restaurant, Tacos, POS_Prospect, Santa Ana",Auto-generated lead for PSDepot outreach. Type: Tacos,2026-04-28,https://www.yelp.com/biz/big-detacos-santa-ana,"https://maps.google.com/?q=3825+Mission+St,Santa+Ana,CA",4.0,324,$1M-$2.5M,1-10,Medium,Orange County
William,Garcia,info@losdediner.com,(657) 612-4267,Los DeDiner,8986 Jefferson St,Santa Ana,Orange County,CA,95550,Diner,https://www.losdediner.com,CA_Restaurant_Scraper,B,"Restaurant, Diner, POS_Prospect, Santa Ana",Auto-generated lead for PSDepot outreach. Type: Diner,2026-04-28,https://www.yelp.com/biz/los-dediner-santa-ana,"https://maps.google.com/?q=8986+Jefferson+St,Santa+Ana,CA",5.0,283,$5M+,51-100,High,Orange County
Maria,Williams,info@kitchenpizza.com,(657) 981-7760,Kitchen Pizza,3720 Washington Blvd,Santa Ana,Orange County,CA,92177,Kitchen,,CA_Restaurant_Scraper,C,"Restaurant, Kitchen, POS_Prospect, Santa Ana",Auto-generated lead for PSDepot outreach. Type: Kitchen,2026-04-28,https://www.yelp.com/biz/kitchen-pizza-santa-ana,"https://maps.google.com/?q=3720+Washington+Blvd,Santa+Ana,CA",4.5,63,$5M+,100+,High,Orange County
Patricia,Gomez,info@perezskitchen.com,(714) 772-1347,Perez's Kitchen,2361 Wilshire Blvd,Santa Ana,Orange County,CA,92061,Kitchen,,CA_Restaurant_Scraper,C,"Restaurant, Kitchen, POS_Prospect, Santa Ana",Auto-generated lead for PSDepot outreach. Type: Kitchen,2026-04-28,https://www.yelp.com/biz/perezs-kitchen-santa-ana,"https://maps.google.com/?q=2361+Wilshire+Blvd,Santa+Ana,CA",3.6,175,$5M+,100+,High,Orange County
Susan,Smith,info@garciasbbq.com,(657) 880-5749,Garcia's BBQ,1211 Elm St,Santa Ana,Orange County,CA,95220,BBQ,https://www.garciasbbq.com,CA_Restaurant_Scraper,C,"Restaurant, BBQ, POS_Prospect, Santa Ana",Auto-generated lead for PSDepot outreach. Type: BBQ,2026-04-28,,"https://maps.google.com/?q=1211+Elm+St,Santa+Ana,CA",3.6,387,$2.5M-$5M,100+,High,Orange County
Maria,Perez,,(657) 290-4730,El Bakery,8824 Market St,Santa Ana,Orange County,CA,93053,Bakery,,CA_Restaurant_Scraper,A,"Restaurant, Bakery, POS_Prospect, Santa Ana",Auto-generated lead for PSDepot outreach. Type: Bakery,2026-04-28,,"https://maps.google.com/?q=8824+Market+St,Santa+Ana,CA",,,Under $500K,11-25,Low,Orange County
Paul,Torres,,(657) 779-7427,Rodriguez's Seafood,5032 Market St,Santa Ana,Orange County,CA,94863,Seafood,,CA_Restaurant_Scraper,A,"Restaurant, Seafood, POS_Prospect, Santa Ana",Auto-generated lead for PSDepot outreach. Type: Seafood,2026-04-28,,"https://maps.google.com/?q=5032+Market+St,Santa+Ana,CA",4.6,326,$5M+,11-25,High,Orange County
Robert,Williams,info@lasdelsushi.com,(714) 870-4834,Las DelSushi,9283 Hollywood Blvd,Santa Ana,Orange County,CA,96259,Sushi,https://www.lasdelsushi.com,CA_Restaurant_Scraper,C,"Restaurant, Sushi, POS_Prospect, Santa Ana",Auto-generated lead for PSDepot outreach. Type: Sushi,2026-04-28,,"https://maps.google.com/?q=9283+Hollywood+Blvd,Santa+Ana,CA",4.6,492,Under $500K,51-100,Low,Orange County
Christopher,Miller,info@lopezsgrill.com,(714) 277-2029,Lopez's Grill,1439 Hollywood Blvd,Santa Ana,Orange County,CA,91309,Grill,https://www.lopezsgrill.com,CA_Restaurant_Scraper,A,"Restaurant, Grill, POS_Prospect, Santa Ana",Auto-generated lead for PSDepot outreach. Type: Grill,2026-04-28,https://www.yelp.com/biz/lopezs-grill-santa-ana,"https://maps.google.com/?q=1439+Hollywood+Blvd,Santa+Ana,CA",4.4,14,$1M-$2.5M,1-10,Medium,Orange County
Nancy,Sanchez,info@littlediner.com,(657) 723-7404,Little Diner,2130 Pico Blvd,Santa Ana,Orange County,CA,90743,Diner,,CA_Restaurant_Scraper,C,"Restaurant, Diner, POS_Prospect, Santa Ana",Auto-generated lead for PSDepot outreach. Type: Diner,2026-04-28,https://www.yelp.com/biz/little-diner-santa-ana,"https://maps.google.com/?q=2130+Pico+Blvd,Santa+Ana,CA",3.5,384,$500K-$1M,26-50,Low,Orange County
Steven,Johnson,info@hernandezsbbq.com,(714) 225-6127,Hernandez's BBQ,6358 Wilshire Blvd,Santa Ana,Orange County,CA,96939,BBQ,https://www.hernandezsbbq.com,CA_Restaurant_Scraper,B,"Restaurant, BBQ, POS_Prospect, Santa Ana",Auto-generated lead for PSDepot outreach. Type: BBQ,2026-04-28,https://www.yelp.com/biz/hernandezs-bbq-santa-ana,"https://maps.google.com/?q=6358+Wilshire+Blvd,Santa+Ana,CA",4.8,388,$5M+,26-50,High,Orange County
Christopher,Gonzalez,,(657) 498-4309,Silver DelBar & Grill,6856 Pico Blvd,Santa Ana,Orange County,CA,95684,Bar & Grill,,CA_Restaurant_Scraper,B,"Restaurant, Bar & Grill, POS_Prospect, Santa Ana",Auto-generated lead for PSDepot outreach. Type: Bar & Grill,2026-04-28,https://www.yelp.com/biz/silver-delbar-&-grill-santa-ana,"https://maps.google.com/?q=6856+Pico+Blvd,Santa+Ana,CA",3.6,189,$1M-$2.5M,100+,Medium,Orange County
Pedro,Brown,info@cornerbakery.com,(714) 389-2056,Corner Bakery,7356 Second St,Santa Ana,Orange County,CA,92881,Bakery,,CA_Restaurant_Scraper,A,"Restaurant, Bakery, POS_Prospect, Santa Ana",Auto-generated lead for PSDepot outreach. Type: Bakery,2026-04-28,https://www.yelp.com/biz/corner-bakery-santa-ana,"https://maps.google.com/?q=7356+Second+St,Santa+Ana,CA",,,$5M+,1-10,High,Orange County
Linda,Torres,info@floresstaqueria.com,(657) 948-6840,Flores's Taqueria,3799 Cedar Ave,Santa Ana,Orange County,CA,93896,Taqueria,,CA_Restaurant_Scraper,A,"Restaurant, Taqueria, POS_Prospect, Santa Ana",Auto-generated lead for PSDepot outreach. Type: Taqueria,2026-04-28,,"https://maps.google.com/?q=3799+Cedar+Ave,Santa+Ana,CA",3.5,320,$5M+,51-100,High,Orange County
Robert,Hernandez,info@bigbargrill.com,(657) 223-5878,Big Bar & Grill,9663 Oak St,Santa Ana,Orange County,CA,95259,Bar & Grill,https://www.bigbarandgrill.com,CA_Restaurant_Scraper,B,"Restaurant, Bar & Grill, POS_Prospect, Santa Ana",Auto-generated lead for PSDepot outreach. Type: Bar & Grill,2026-04-28,https://www.yelp.com/biz/big-bar-&-grill-santa-ana,"https://maps.google.com/?q=9663+Oak+St,Santa+Ana,CA",3.8,455,Under $500K,51-100,Low,Orange County
William,Lopez,info@riveraskitchen.com,(657) 719-3644,Rivera's Kitchen,2449 Washington Blvd,Santa Ana,Orange County,CA,90842,Kitchen,,CA_Restaurant_Scraper,B,"Restaurant, Kitchen, POS_Prospect, Santa Ana",Auto-generated lead for PSDepot outreach. Type: Kitchen,2026-04-28,https://www.yelp.com/biz/riveras-kitchen-santa-ana,"https://maps.google.com/?q=2449+Washington+Blvd,Santa+Ana,CA",3.3,297,$5M+,26-50,High,Orange County
Jose,Lopez,,(714) 581-9054,Casa DeBurritos,4503 Elm St,Santa Ana,Orange County,CA,96314,Burritos,https://www.casadeburritos.com,CA_Restaurant_Scraper,A,"Restaurant, Burritos, POS_Prospect, Santa Ana",Auto-generated lead for PSDepot outreach. Type: Burritos,2026-04-28,,"https://maps.google.com/?q=4503+Elm+St,Santa+Ana,CA",3.1,399,Under $500K,100+,Low,Orange County
John,Williams,info@bistrosteakhouse.com,(714) 515-9799,Bistro Steakhouse,2950 Washington Blvd,Santa Ana,Orange County,CA,96083,Bistro,https://www.bistrosteakhouse.com,CA_Restaurant_Scraper,A,"Restaurant, Bistro, POS_Prospect, Santa Ana",Auto-generated lead for PSDepot outreach. Type: Bistro,2026-04-28,https://www.yelp.com/biz/bistro-steakhouse-santa-ana,"https://maps.google.com/?q=2950+Washington+Blvd,Santa+Ana,CA",4.7,359,$5M+,100+,High,Orange County
Juan,Gonzalez,,(657) 913-4179,Brown's BBQ,6522 Sunset Blvd,Santa Ana,Orange County,CA,94543,BBQ,,CA_Restaurant_Scraper,A,"Restaurant, BBQ, POS_Prospect, Santa Ana",Auto-generated lead for PSDepot outreach. Type: BBQ,2026-04-28,https://www.yelp.com/biz/browns-bbq-santa-ana,"https://maps.google.com/?q=6522+Sunset+Blvd,Santa+Ana,CA",4.0,300,Under $500K,100+,Low,Orange County
Luis,Flores,info@laburritos.com,(657) 227-3824,La Burritos,3903 First St,Santa Ana,Orange County,CA,91449,Burritos,,CA_Restaurant_Scraper,B,"Restaurant, Burritos, POS_Prospect, Santa Ana",Auto-generated lead for PSDepot outreach. Type: Burritos,2026-04-28,,"https://maps.google.com/?q=3903+First+St,Santa+Ana,CA",4.3,185,$1M-$2.5M,1-10,Medium,Orange County
Steven,Williams,,(657) 626-2987,Green Bar & Grill,7886 Pine St,Santa Ana,Orange County,CA,90671,Bar & Grill,,CA_Restaurant_Scraper,A,"Restaurant, Bar & Grill, POS_Prospect, Santa Ana",Auto-generated lead for PSDepot outreach. Type: Bar & Grill,2026-04-28,https://www.yelp.com/biz/green-bar-&-grill-santa-ana,"https://maps.google.com/?q=7886+Pine+St,Santa+Ana,CA",3.3,108,$5M+,1-10,High,Orange County
John,Williams,info@cornerdelburritos.com,(657) 924-7565,Corner DelBurritos,3606 Broadway,Santa Ana,Orange County,CA,95590,Burritos,,CA_Restaurant_Scraper,B,"Restaurant, Burritos, POS_Prospect, Santa Ana",Auto-generated lead for PSDepot outreach. Type: Burritos,2026-04-28,https://www.yelp.com/biz/corner-delburritos-santa-ana,"https://maps.google.com/?q=3606+Broadway,Santa+Ana,CA",4.3,224,$2.5M-$5M,51-100,High,Orange County
Lisa,Smith,info@ladelrestaurant.com,(657) 545-7657,La DelRestaurant,9366 Main St,Santa Ana,Orange County,CA,91561,Restaurant,,CA_Restaurant_Scraper,B,"Restaurant, Restaurant, POS_Prospect, Santa Ana",Auto-generated lead for PSDepot outreach. Type: Restaurant,2026-04-28,https://www.yelp.com/biz/la-delrestaurant-santa-ana,"https://maps.google.com/?q=9366+Main+St,Santa+Ana,CA",,,$500K-$1M,100+,Low,Orange County
Carlos,Martinez,info@silvertaqueria.com,(714) 332-9652,Silver Taqueria,2166 Maple Ave,Santa Ana,Orange County,CA,95168,Taqueria,,CA_Restaurant_Scraper,B,"Restaurant, Taqueria, POS_Prospect, Santa Ana",Auto-generated lead for PSDepot outreach. Type: Taqueria,2026-04-28,,"https://maps.google.com/?q=2166+Maple+Ave,Santa+Ana,CA",,,$5M+,11-25,High,Orange County
Mark,Rodriguez,info@santaburger.com,(657) 409-3633,Santa Burger,9499 Oak St,Santa Ana,Orange County,CA,95806,Burger,,CA_Restaurant_Scraper,A,"Restaurant, Burger, POS_Prospect, Santa Ana",Auto-generated lead for PSDepot outreach. Type: Burger,2026-04-28,https://www.yelp.com/biz/santa-burger-santa-ana,"https://maps.google.com/?q=9499+Oak+St,Santa+Ana,CA",3.2,221,$500K-$1M,1-10,Low,Orange County
David,Williams,info@losdelsushi.com,(714) 841-5899,Los DelSushi,6543 Elm St,Santa Ana,Orange County,CA,92113,Sushi,https://www.losdelsushi.com,CA_Restaurant_Scraper,C,"Restaurant, Sushi, POS_Prospect, Santa Ana",Auto-generated lead for PSDepot outreach. Type: Sushi,2026-04-28,https://www.yelp.com/biz/los-delsushi-santa-ana,"https://maps.google.com/?q=6543+Elm+St,Santa+Ana,CA",3.0,294,$2.5M-$5M,1-10,High,Orange County
James,Martinez,info@bistrocoffee.com,(714) 767-8579,Bistro Coffee,5558 Pine St,Santa Ana,Orange County,CA,94534,Bistro,https://www.bistrocoffee.com,CA_Restaurant_Scraper,A,"Restaurant, Bistro, POS_Prospect, Santa Ana",Auto-generated lead for PSDepot outreach. Type: Bistro,2026-04-28,,"https://maps.google.com/?q=5558+Pine+St,Santa+Ana,CA",3.2,250,$5M+,100+,High,Orange County
William,Smith,info@kitchendebargrill.com,(657) 336-1645,Kitchen DeBar & Grill,3309 Second St,Santa Ana,Orange County,CA,94353,Bar & Grill,https://www.kitchendebarandgrill.com,CA_Restaurant_Scraper,B,"Restaurant, Bar & Grill, POS_Prospect, Santa Ana",Auto-generated lead for PSDepot outreach. Type: Bar & Grill,2026-04-28,https://www.yelp.com/biz/kitchen-debar-&-grill-santa-ana,"https://maps.google.com/?q=3309+Second+St,Santa+Ana,CA",4.2,174,Under $500K,26-50,Low,Orange County
Jessica,Garcia,,(714) 474-3938,Big Sushi,8006 Second St,Santa Ana,Orange County,CA,90429,Sushi,,CA_Restaurant_Scraper,C,"Restaurant, Sushi, POS_Prospect, Santa Ana",Auto-generated lead for PSDepot outreach. Type: Sushi,2026-04-28,https://www.yelp.com/biz/big-sushi-santa-ana,"https://maps.google.com/?q=8006+Second+St,Santa+Ana,CA",,,Under $500K,100+,Low,Orange County
Ana,Rivera,,(714) 240-7161,Sanchez's Kitchen,7496 Pico Blvd,Santa Ana,Orange County,CA,95297,Kitchen,https://www.sanchezskitchen.com,CA_Restaurant_Scraper,C,"Restaurant, Kitchen, POS_Prospect, Santa Ana",Auto-generated lead for PSDepot outreach. Type: Kitchen,2026-04-28,,"https://maps.google.com/?q=7496+Pico+Blvd,Santa+Ana,CA",4.4,130,Under $500K,51-100,Low,Orange County
Nancy,Rivera,,(657) 517-3722,Little DePizza,7660 Wilshire Blvd,Santa Ana,Orange County,CA,93520,Pizza,,CA_Restaurant_Scraper,C,"Restaurant, Pizza, POS_Prospect, Santa Ana",Auto-generated lead for PSDepot outreach. Type: Pizza,2026-04-28,https://www.yelp.com/biz/little-depizza-santa-ana,"https://maps.google.com/?q=7660+Wilshire+Blvd,Santa+Ana,CA",4.5,482,Under $500K,100+,Low,Orange County
Maria,Sanchez,,(657) 890-7339,Santa DeDiner,9682 Hollywood Blvd,Santa Ana,Orange County,CA,91469,Diner,https://www.santadediner.com,CA_Restaurant_Scraper,B,"Restaurant, Diner, POS_Prospect, Santa Ana",Auto-generated lead for PSDepot outreach. Type: Diner,2026-04-28,,"https://maps.google.com/?q=9682+Hollywood+Blvd,Santa+Ana,CA",3.0,400,$1M-$2.5M,100+,Medium,Orange County
Elizabeth,Flores,,(714) 712-1846,Pueblo DeDiner,2705 Ocean Ave,Santa Ana,Orange County,CA,93114,Diner,,CA_Restaurant_Scraper,B,"Restaurant, Diner, POS_Prospect, Santa Ana",Auto-generated lead for PSDepot outreach. Type: Diner,2026-04-28,,"https://maps.google.com/?q=2705+Ocean+Ave,Santa+Ana,CA",,,$1M-$2.5M,51-100,Medium,Orange County
Jennifer,Garcia,info@lopezssushi.com,(714) 918-5419,Lopez's Sushi,7211 Cedar Ave,Santa Ana,Orange County,CA,96043,Sushi,,CA_Restaurant_Scraper,C,"Restaurant, Sushi, POS_Prospect, Santa Ana",Auto-generated lead for PSDepot outreach. Type: Sushi,2026-04-28,https://www.yelp.com/biz/lopezs-sushi-santa-ana,"https://maps.google.com/?q=7211+Cedar+Ave,Santa+Ana,CA",,,$2.5M-$5M,51-100,High,Orange County
Mary,Martinez,,(657) 398-2149,Gonzalez's Burritos,5818 Maple Ave,Santa Ana,Orange County,CA,94864,Burritos,,CA_Restaurant_Scraper,B,"Restaurant, Burritos, POS_Prospect, Santa Ana",Auto-generated lead for PSDepot outreach. Type: Burritos,2026-04-28,https://www.yelp.com/biz/gonzalezs-burritos-santa-ana,"https://maps.google.com/?q=5818+Maple+Ave,Santa+Ana,CA",,,$1M-$2.5M,26-50,Medium,Orange County
Betty,Hernandez,,(714) 779-2636,Pueblo DelBar & Grill,2247 Pico Blvd,Santa Ana,Orange County,CA,91593,Bar & Grill,,CA_Restaurant_Scraper,A,"Restaurant, Bar & Grill, POS_Prospect, Santa Ana",Auto-generated lead for PSDepot outreach. Type: Bar & Grill,2026-04-28,https://www.yelp.com/biz/pueblo-delbar-&-grill-santa-ana,"https://maps.google.com/?q=2247+Pico+Blvd,Santa+Ana,CA",3.2,249,$1M-$2.5M,100+,Medium,Orange County
Matthew,Garcia,,(714) 977-3252,Santa DeBBQ,8390 Second St,Santa Ana,Orange County,CA,96249,BBQ,https://www.santadebbq.com,CA_Restaurant_Scraper,B,"Restaurant, BBQ, POS_Prospect, Santa Ana",Auto-generated lead for PSDepot outreach. Type: BBQ,2026-04-28,,"https://maps.google.com/?q=8390+Second+St,Santa+Ana,CA",4.0,266,$500K-$1M,51-100,Low,Orange County
William,Perez,info@losbistro.com,(714) 572-6955,Los Bistro,8621 First St,Santa Ana,Orange County,CA,94423,Bistro,,CA_Restaurant_Scraper,B,"Restaurant, Bistro, POS_Prospect, Santa Ana",Auto-generated lead for PSDepot outreach. Type: Bistro,2026-04-28,,"https://maps.google.com/?q=8621+First+St,Santa+Ana,CA",3.5,189,$500K-$1M,26-50,Low,Orange County
Robert,Garcia,info@grilldelburger.com,(657) 868-5356,Grill DelBurger,4958 First St,Santa Ana,Orange County,CA,94529,Burger,,CA_Restaurant_Scraper,B,"Restaurant, Burger, POS_Prospect, Santa Ana",Auto-generated lead for PSDepot outreach. Type: Burger,2026-04-28,https://www.yelp.com/biz/grill-delburger-santa-ana,"https://maps.google.com/?q=4958+First+St,Santa+Ana,CA",4.2,461,$2.5M-$5M,100+,High,Orange County
Margaret,Williams,,(657) 484-7020,Brown's Restaurant,5439 Sunset Blvd,Santa Ana,Orange County,CA,93352,Restaurant,,CA_Restaurant_Scraper,A,"Restaurant, Restaurant, POS_Prospect, Santa Ana",Auto-generated lead for PSDepot outreach. Type: Restaurant,2026-04-28,https://www.yelp.com/biz/browns-restaurant-santa-ana,"https://maps.google.com/?q=5439+Sunset+Blvd,Santa+Ana,CA",,,$5M+,100+,High,Orange County
Matthew,Hernandez,info@martinezsdiner.com,(714) 984-3142,Martinez's Diner,3332 Wilshire Blvd,Santa Ana,Orange County,CA,93396,Diner,,CA_Restaurant_Scraper,A,"Restaurant, Diner, POS_Prospect, Santa Ana",Auto-generated lead for PSDepot outreach. Type: Diner,2026-04-28,https://www.yelp.com/biz/martinezs-diner-santa-ana,"https://maps.google.com/?q=3332+Wilshire+Blvd,Santa+Ana,CA",4.9,491,$500K-$1M,51-100,Low,Orange County
Michael,Davis,,(714) 750-4012,Silver DePizza,3526 Broadway,Santa Ana,Orange County,CA,91838,Pizza,,CA_Restaurant_Scraper,A,"Restaurant, Pizza, POS_Prospect, Santa Ana",Auto-generated lead for PSDepot outreach. Type: Pizza,2026-04-28,https://www.yelp.com/biz/silver-depizza-santa-ana,"https://maps.google.com/?q=3526+Broadway,Santa+Ana,CA",4.2,407,Under $500K,100+,Low,Orange County
Juan,Garcia,info@gonzalezspizza.com,(657) 917-5457,Gonzalez's Pizza,6238 Jefferson St,Santa Ana,Orange County,CA,95159,Pizza,,CA_Restaurant_Scraper,C,"Restaurant, Pizza, POS_Prospect, Santa Ana",Auto-generated lead for PSDepot outreach. Type: Pizza,2026-04-28,https://www.yelp.com/biz/gonzalezs-pizza-santa-ana,"https://maps.google.com/?q=6238+Jefferson+St,Santa+Ana,CA",3.8,40,$2.5M-$5M,100+,High,Orange County
Jessica,Lopez,info@williamssgrill.com,(657) 813-2486,Williams's Grill,1758 Hollywood Blvd,Santa Ana,Orange County,CA,90880,Grill,,CA_Restaurant_Scraper,A,"Restaurant, Grill, POS_Prospect, Santa Ana",Auto-generated lead for PSDepot outreach. Type: Grill,2026-04-28,https://www.yelp.com/biz/williamss-grill-santa-ana,"https://maps.google.com/?q=1758+Hollywood+Blvd,Santa+Ana,CA",3.5,359,$2.5M-$5M,11-25,High,Orange County
Karen,Hernandez,info@lasdeeatery.com,(714) 993-8565,Las DeEatery,3370 Cedar Ave,Santa Ana,Orange County,CA,94098,Eatery,,CA_Restaurant_Scraper,A,"Restaurant, Eatery, POS_Prospect, Santa Ana",Auto-generated lead for PSDepot outreach. Type: Eatery,2026-04-28,,"https://maps.google.com/?q=3370+Cedar+Ave,Santa+Ana,CA",4.8,442,Under $500K,100+,Low,Orange County
Jessica,Flores,,(657) 430-3316,El DelCafe,9538 Jefferson St,Santa Ana,Orange County,CA,90328,Cafe,,CA_Restaurant_Scraper,B,"Restaurant, Cafe, POS_Prospect, Santa Ana",Auto-generated lead for PSDepot outreach. Type: Cafe,2026-04-28,https://www.yelp.com/biz/el-delcafe-santa-ana,"https://maps.google.com/?q=9538+Jefferson+St,Santa+Ana,CA",4.6,349,$2.5M-$5M,51-100,High,Orange County
Jose,Lopez,,(714) 364-3640,Las DeTaqueria,4928 Pico Blvd,Santa Ana,Orange County,CA,95954,Taqueria,https://www.lasdetaqueria.com,CA_Restaurant_Scraper,A,"Restaurant, Taqueria, POS_Prospect, Santa Ana",Auto-generated lead for PSDepot outreach. Type: Taqueria,2026-04-28,https://www.yelp.com/biz/las-detaqueria-santa-ana,"https://maps.google.com/?q=4928+Pico+Blvd,Santa+Ana,CA",4.3,211,$5M+,11-25,High,Orange County
Elizabeth,Garcia,info@bluedebarandgrill.com,(714) 640-1482,Blue DeBar & Grill,8542 Sunset Blvd,Santa Ana,Orange County,CA,95886,Bar & Grill,https://www.bluedebarandgrill.com,CA_Restaurant_Scraper,C,"Restaurant, Bar & Grill, POS_Prospect, Santa Ana",Auto-generated lead for PSDepot outreach. Type: Bar & Grill,2026-04-28,https://www.yelp.com/biz/blue-debar-&-grill-santa-ana,"https://maps.google.com/?q=8542+Sunset+Blvd,Santa+Ana,CA",3.3,141,$500K-$1M,26-50,Low,Orange County
Patricia,Johnson,info@santadelburger.com,(714) 444-3436,Santa DelBurger,161 Jefferson St,Santa Ana,Orange County,CA,94931,Burger,https://www.santadelburger.com,CA_Restaurant_Scraper,B,"Restaurant, Burger, POS_Prospect, Santa Ana",Auto-generated lead for PSDepot outreach. Type: Burger,2026-04-28,https://www.yelp.com/biz/santa-delburger-santa-ana,"https://maps.google.com/?q=161+Jefferson+St,Santa+Ana,CA",3.5,91,$2.5M-$5M,11-25,High,Orange County
John,Smith,,(657) 694-4626,Blue Taqueria,5092 Jefferson St,Santa Ana,Orange County,CA,93158,Taqueria,https://www.bluetaqueria.com,CA_Restaurant_Scraper,C,"Restaurant, Taqueria, POS_Prospect, Santa Ana",Auto-generated lead for PSDepot outreach. Type: Taqueria,2026-04-28,https://www.yelp.com/biz/blue-taqueria-santa-ana,"https://maps.google.com/?q=5092+Jefferson+St,Santa+Ana,CA",4.4,335,$5M+,51-100,High,Orange County
Carlos,Smith,,(657) 780-7747,House DelBar & Grill,7188 Oak St,Santa Ana,Orange County,CA,93703,Bar & Grill,,CA_Restaurant_Scraper,C,"Restaurant, Bar & Grill, POS_Prospect, Santa Ana",Auto-generated lead for PSDepot outreach. Type: Bar & Grill,2026-04-28,,"https://maps.google.com/?q=7188+Oak+St,Santa+Ana,CA",4.3,486,$5M+,51-100,High,Orange County
Daniel,Sanchez,info@greencoffee.com,(714) 209-8572,Green Coffee,375 Market St,Santa Ana,Orange County,CA,92185,Coffee,,CA_Restaurant_Scraper,C,"Restaurant, Coffee, POS_Prospect, Santa Ana",Auto-generated lead for PSDepot outreach. Type: Coffee,2026-04-28,https://www.yelp.com/biz/green-coffee-santa-ana,"https://maps.google.com/?q=375+Market+St,Santa+Ana,CA",,,$1M-$2.5M,100+,Medium,Orange County
Linda,Gomez,,(714) 367-3655,Casa DelCafe,1520 Washington Blvd,Santa Ana,Orange County,CA,92514,Cafe,https://www.casadelcafe.com,CA_Restaurant_Scraper,B,"Restaurant, Cafe, POS_Prospect, Santa Ana",Auto-generated lead for PSDepot outreach. Type: Cafe,2026-04-28,https://www.yelp.com/biz/casa-delcafe-santa-ana,"https://maps.google.com/?q=1520+Washington+Blvd,Santa+Ana,CA",,,$5M+,11-25,High,Orange County
Mary,Garcia,,(714) 620-2532,Rodriguez's Sushi,1435 Second St,Santa Ana,Orange County,CA,93418,Sushi,,CA_Restaurant_Scraper,B,"Restaurant, Sushi, POS_Prospect, Santa Ana",Auto-generated lead for PSDepot outreach. Type: Sushi,2026-04-28,https://www.yelp.com/biz/rodriguezs-sushi-santa-ana,"https://maps.google.com/?q=1435+Second+St,Santa+Ana,CA",,,$1M-$2.5M,1-10,Medium,Orange County
James,Ramirez,info@lataqueria.com,(657) 549-5668,La Taqueria,2202 Broadway,Santa Ana,Orange County,CA,94773,Taqueria,,CA_Restaurant_Scraper,C,"Restaurant, Taqueria, POS_Prospect, Santa Ana",Auto-generated lead for PSDepot outreach. Type: Taqueria,2026-04-28,https://www.yelp.com/biz/la-taqueria-santa-ana,"https://maps.google.com/?q=2202+Broadway,Santa+Ana,CA",3.9,33,$5M+,26-50,High,Orange County
James,Lopez,,(657) 359-3751,Golden DelEatery,6250 Maple Ave,Santa Ana,Orange County,CA,93892,Eatery,https://www.goldendeleatery.com,CA_Restaurant_Scraper,B,"Restaurant, Eatery, POS_Prospect, Santa Ana",Auto-generated lead for PSDepot outreach. Type: Eatery,2026-04-28,https://www.yelp.com/biz/golden-deleatery-santa-ana,"https://maps.google.com/?q=6250+Maple+Ave,Santa+Ana,CA",,,$500K-$1M,100+,Low,Orange County
Mark,Garcia,,(657) 577-6171,Santa Seafood,8281 Hollywood Blvd,Santa Ana,Orange County,CA,95932,Seafood,,CA_Restaurant_Scraper,A,"Restaurant, Seafood, POS_Prospect, Santa Ana",Auto-generated lead for PSDepot outreach. Type: Seafood,2026-04-28,https://www.yelp.com/biz/santa-seafood-santa-ana,"https://maps.google.com/?q=8281+Hollywood+Blvd,Santa+Ana,CA",,,$500K-$1M,1-10,Low,Orange County
Richard,Hernandez,,(657) 812-7914,Miller's Taqueria,5879 Second St,Santa Ana,Orange County,CA,90576,Taqueria,https://www.millerstaqueria.com,CA_Restaurant_Scraper,A,"Restaurant, Taqueria, POS_Prospect, Santa Ana",Auto-generated lead for PSDepot outreach. Type: Taqueria,2026-04-28,,"https://maps.google.com/?q=5879+Second+St,Santa+Ana,CA",3.7,10,$500K-$1M,1-10,Low,Orange County
Paul,Hernandez,,(714) 836-4808,San DelBBQ,3037 Market St,Santa Ana,Orange County,CA,94096,BBQ,,CA_Restaurant_Scraper,A,"Restaurant, BBQ, POS_Prospect, Santa Ana",Auto-generated lead for PSDepot outreach. Type: BBQ,2026-04-28,,"https://maps.google.com/?q=3037+Market+St,Santa+Ana,CA",4.4,105,$1M-$2.5M,11-25,Medium,Orange County
Patricia,Smith,,(714) 347-4016,Martinez's Seafood,8820 Market St,Santa Ana,Orange County,CA,90902,Seafood,,CA_Restaurant_Scraper,C,"Restaurant, Seafood, POS_Prospect, Santa Ana",Auto-generated lead for PSDepot outreach. Type: Seafood,2026-04-28,https://www.yelp.com/biz/martinezs-seafood-santa-ana,"https://maps.google.com/?q=8820+Market+St,Santa+Ana,CA",4.2,436,$1M-$2.5M,51-100,Medium,Orange County
Linda,Lopez,,(657) 884-9581,Red DeBurger,8812 Main St,Santa Ana,Orange County,CA,96946,Burger,,CA_Restaurant_Scraper,A,"Restaurant, Burger, POS_Prospect, Santa Ana",Auto-generated lead for PSDepot outreach. Type: Burger,2026-04-28,https://www.yelp.com/biz/red-deburger-santa-ana,"https://maps.google.com/?q=8812+Main+St,Santa+Ana,CA",,,$5M+,51-100,High,Orange County
Richard,Ramirez,info@silvereatery.com,(657) 310-5351,Silver Eatery,872 Mission St,Santa Ana,Orange County,CA,94864,Eatery,,CA_Restaurant_Scraper,B,"Restaurant, Eatery, POS_Prospect, Santa Ana",Auto-generated lead for PSDepot outreach. Type: Eatery,2026-04-28,,"https://maps.google.com/?q=872+Mission+St,Santa+Ana,CA",3.0,280,$5M+,11-25,High,Orange County
Mark,Rivera,,(657) 424-8400,Los Burritos,1867 Oak St,Santa Ana,Orange County,CA,92168,Burritos,,CA_Restaurant_Scraper,C,"Restaurant, Burritos, POS_Prospect, Santa Ana",Auto-generated lead for PSDepot outreach. Type: Burritos,2026-04-28,,"https://maps.google.com/?q=1867+Oak+St,Santa+Ana,CA",,,$5M+,100+,High,Orange County
Elizabeth,Ramirez,info@hernandezssushi.com,(657) 996-6544,Hernandez's Sushi,5317 Third St,Santa Ana,Orange County,CA,90947,Sushi,https://www.hernandezssushi.com,CA_Restaurant_Scraper,B,"Restaurant, Sushi, POS_Prospect, Santa Ana",Auto-generated lead for PSDepot outreach. Type: Sushi,2026-04-28,https://www.yelp.com/biz/hernandezs-sushi-santa-ana,"https://maps.google.com/?q=5317+Third+St,Santa+Ana,CA",4.3,18,$2.5M-$5M,1-10,High,Orange County
Daniel,Gomez,,(714) 449-3549,Flores's Restaurant,4633 Jefferson St,Santa Ana,Orange County,CA,93880,Restaurant,,CA_Restaurant_Scraper,C,"Restaurant, Restaurant, POS_Prospect, Santa Ana",Auto-generated lead for PSDepot outreach. Type: Restaurant,2026-04-28,https://www.yelp.com/biz/floress-restaurant-santa-ana,"https://maps.google.com/?q=4633+Jefferson+St,Santa+Ana,CA",4.3,22,$5M+,26-50,High,Orange County
Jessica,Lopez,,(657) 723-5512,Rodriguez's Pizza,1954 Sunset Blvd,Santa Ana,Orange County,CA,90210,Pizza,,CA_Restaurant_Scraper,C,"Restaurant, Pizza, POS_Prospect, Santa Ana",Auto-generated lead for PSDepot outreach. Type: Pizza,2026-04-28,https://www.yelp.com/biz/rodriguezs-pizza-santa-ana,"https://maps.google.com/?q=1954+Sunset+Blvd,Santa+Ana,CA",3.9,50,$500K-$1M,1-10,Low,Orange County
Jose,Johnson,info@bluedelseafood.com,(657) 807-2063,Blue DelSeafood,2964 Pico Blvd,Santa Ana,Orange County,CA,91029,Seafood,,CA_Restaurant_Scraper,C,"Restaurant, Seafood, POS_Prospect, Santa Ana",Auto-generated lead for PSDepot outreach. Type: Seafood,2026-04-28,https://www.yelp.com/biz/blue-delseafood-santa-ana,"https://maps.google.com/?q=2964+Pico+Blvd,Santa+Ana,CA",,,Under $500K,100+,Low,Orange County
Margaret,Smith,info@losseafood.com,(714) 276-6982,Los Seafood,2378 Main St,Santa Ana,Orange County,CA,93847,Seafood,,CA_Restaurant_Scraper,A,"Restaurant, Seafood, POS_Prospect, Santa Ana",Auto-generated lead for PSDepot outreach. Type: Seafood,2026-04-28,,"https://maps.google.com/?q=2378+Main+St,Santa+Ana,CA",,,$500K-$1M,100+,Low,Orange County
Ana,Garcia,,(657) 790-6830,La Eatery,2130 Maple Ave,Santa Ana,Orange County,CA,93491,Eatery,https://www.laeatery.com,CA_Restaurant_Scraper,A,"Restaurant, Eatery, POS_Prospect, Santa Ana",Auto-generated lead for PSDepot outreach. Type: Eatery,2026-04-28,https://www.yelp.com/biz/la-eatery-santa-ana,"https://maps.google.com/?q=2130+Maple+Ave,Santa+Ana,CA",3.9,7,$500K-$1M,26-50,Low,Orange County
Susan,Gomez,,(714) 585-1347,Casa DeCafe,1371 Wilshire Blvd,Santa Ana,Orange County,CA,96296,Cafe,https://www.casadecafe.com,CA_Restaurant_Scraper,B,"Restaurant, Cafe, POS_Prospect, Santa Ana",Auto-generated lead for PSDepot outreach. Type: Cafe,2026-04-28,,"https://maps.google.com/?q=1371+Wilshire+Blvd,Santa+Ana,CA",,,$2.5M-$5M,11-25,High,Orange County
Pedro,Gonzalez,info@laseafood.com,(657) 581-1044,La Seafood,9195 Sunset Blvd,Santa Ana,Orange County,CA,96651,Seafood,https://www.laseafood.com,CA_Restaurant_Scraper,A,"Restaurant, Seafood, POS_Prospect, Santa Ana",Auto-generated lead for PSDepot outreach. Type: Seafood,2026-04-28,https://www.yelp.com/biz/la-seafood-santa-ana,"https://maps.google.com/?q=9195+Sunset+Blvd,Santa+Ana,CA",3.3,483,$2.5M-$5M,11-25,High,Orange County
Jessica,Garcia,info@santadelbbq.com,(657) 224-5693,Santa DelBBQ,7324 Wilshire Blvd,Santa Ana,Orange County,CA,90932,BBQ,,CA_Restaurant_Scraper,C,"Restaurant, BBQ, POS_Prospect, Santa Ana",Auto-generated lead for PSDepot outreach. Type: BBQ,2026-04-28,https://www.yelp.com/biz/santa-delbbq-santa-ana,"https://maps.google.com/?q=7324+Wilshire+Blvd,Santa+Ana,CA",4.2,417,$5M+,26-50,High,Orange County
Robert,Brown,info@reddelcafe.com,(657) 458-4154,Red DelCafe,1142 Third St,Santa Ana,Orange County,CA,90957,Cafe,https://www.reddelcafe.com,CA_Restaurant_Scraper,B,"Restaurant, Cafe, POS_Prospect, Santa Ana",Auto-generated lead for PSDepot outreach. Type: Cafe,2026-04-28,https://www.yelp.com/biz/red-delcafe-santa-ana,"https://maps.google.com/?q=1142+Third+St,Santa+Ana,CA",3.1,476,$500K-$1M,26-50,Low,Orange County
Betty,Gonzalez,,(714) 429-4639,Gonzalez's BBQ,8566 Third St,Santa Ana,Orange County,CA,90807,BBQ,https://www.gonzalezsbbq.com,CA_Restaurant_Scraper,C,"Restaurant, BBQ, POS_Prospect, Santa Ana",Auto-generated lead for PSDepot outreach. Type: BBQ,2026-04-28,,"https://maps.google.com/?q=8566+Third+St,Santa+Ana,CA",,,$500K-$1M,26-50,Low,Orange County
Robert,Perez,info@kitchenbbq.com,(657) 688-1292,Kitchen BBQ,9849 Jefferson St,Santa Ana,Orange County,CA,95951,Kitchen,,CA_Restaurant_Scraper,C,"Restaurant, Kitchen, POS_Prospect, Santa Ana",Auto-generated lead for PSDepot outreach. Type: Kitchen,2026-04-28,https://www.yelp.com/biz/kitchen-bbq-santa-ana,"https://maps.google.com/?q=9849+Jefferson+St,Santa+Ana,CA",4.1,182,$2.5M-$5M,26-50,High,Orange County
Roberto,Miller,,(714) 496-8400,Jones's Bakery,766 Elm St,Santa Ana,Orange County,CA,95192,Bakery,https://www.jonessbakery.com,CA_Restaurant_Scraper,B,"Restaurant, Bakery, POS_Prospect, Santa Ana",Auto-generated lead for PSDepot outreach. Type: Bakery,2026-04-28,https://www.yelp.com/biz/joness-bakery-santa-ana,"https://maps.google.com/?q=766+Elm+St,Santa+Ana,CA",4.7,131,$2.5M-$5M,26-50,High,Orange County
Mary,Garcia,info@santacos.com,(714) 843-1936,San Tacos,9225 Third St,Santa Ana,Orange County,CA,94194,Tacos,https://www.santacos.com,CA_Restaurant_Scraper,B,"Restaurant, Tacos, POS_Prospect, Santa Ana",Auto-generated lead for PSDepot outreach. Type: Tacos,2026-04-28,https://www.yelp.com/biz/san-tacos-santa-ana,"https://maps.google.com/?q=9225+Third+St,Santa+Ana,CA",3.5,76,Under $500K,100+,Low,Orange County
Roberto,Miller,,(657) 549-3480,Red DelBBQ,7037 Mission St,Santa Ana,Orange County,CA,93339,BBQ,https://www.reddelbbq.com,CA_Restaurant_Scraper,A,"Restaurant, BBQ, POS_Prospect, Santa Ana",Auto-generated lead for PSDepot outreach. Type: BBQ,2026-04-28,https://www.yelp.com/biz/red-delbbq-santa-ana,"https://maps.google.com/?q=7037+Mission+St,Santa+Ana,CA",3.6,455,Under $500K,11-25,Low,Orange County
Karen,Smith,,(714) 420-8864,Johnson's Kitchen,4677 Ocean Ave,Santa Ana,Orange County,CA,94309,Kitchen,https://www.johnsonskitchen.com,CA_Restaurant_Scraper,B,"Restaurant, Kitchen, POS_Prospect, Santa Ana",Auto-generated lead for PSDepot outreach. Type: Kitchen,2026-04-28,https://www.yelp.com/biz/johnsons-kitchen-santa-ana,"https://maps.google.com/?q=4677+Ocean+Ave,Santa+Ana,CA",3.6,492,$2.5M-$5M,26-50,High,Orange County
Roberto,Hernandez,info@grillbakery.com,(714) 725-7442,Grill Bakery,9741 Ocean Ave,Santa Ana,Orange County,CA,93503,Grill,,CA_Restaurant_Scraper,B,"Restaurant, Grill, POS_Prospect, Santa Ana",Auto-generated lead for PSDepot outreach. Type: Grill,2026-04-28,,"https://maps.google.com/?q=9741+Ocean+Ave,Santa+Ana,CA",3.2,32,Under $500K,100+,Low,Orange County
Anthony,Martinez,,(714) 528-5008,El Bistro,3514 Oak St,Santa Ana,Orange County,CA,95770,Bistro,,CA_Restaurant_Scraper,C,"Restaurant, Bistro, POS_Prospect, Santa Ana",Auto-generated lead for PSDepot outreach. Type: Bistro,2026-04-28,,"https://maps.google.com/?q=3514+Oak+St,Santa+Ana,CA",3.2,344,$500K-$1M,11-25,Low,Orange County
Karen,Garcia,info@williamssburritos.com,(714) 306-2741,Williams's Burritos,6648 Jefferson St,Santa Ana,Orange County,CA,93908,Burritos,,CA_Restaurant_Scraper,C,"Restaurant, Burritos, POS_Prospect, Santa Ana",Auto-generated lead for PSDepot outreach. Type: Burritos,2026-04-28,https://www.yelp.com/biz/williamss-burritos-santa-ana,"https://maps.google.com/?q=6648+Jefferson+St,Santa+Ana,CA",3.8,26,Under $500K,100+,Low,Orange County
Susan,Hernandez,,(714) 229-2763,San DeBakery,3271 Cedar Ave,Santa Ana,Orange County,CA,94351,Bakery,https://www.sandebakery.com,CA_Restaurant_Scraper,B,"Restaurant, Bakery, POS_Prospect, Santa Ana",Auto-generated lead for PSDepot outreach. Type: Bakery,2026-04-28,,"https://maps.google.com/?q=3271+Cedar+Ave,Santa+Ana,CA",3.2,350,$2.5M-$5M,100+,High,Orange County
Luis,Davis,info@sanbbq.com,(657) 362-5198,San BBQ,6417 Maple Ave,Santa Ana,Orange County,CA,94641,BBQ,,CA_Restaurant_Scraper,C,"Restaurant, BBQ, POS_Prospect, Santa Ana",Auto-generated lead for PSDepot outreach. Type: BBQ,2026-04-28,https://www.yelp.com/biz/san-bbq-santa-ana,"https://maps.google.com/?q=6417+Maple+Ave,Santa+Ana,CA",3.9,353,Under $500K,11-25,Low,Orange County
Matthew,Jones,,(657) 881-2082,Ramirez's Bistro,2605 Market St,Santa Ana,Orange County,CA,93888,Bistro,,CA_Restaurant_Scraper,A,"Restaurant, Bistro, POS_Prospect, Santa Ana",Auto-generated lead for PSDepot outreach. Type: Bistro,2026-04-28,https://www.yelp.com/biz/ramirezs-bistro-santa-ana,"https://maps.google.com/?q=2605+Market+St,Santa+Ana,CA",3.5,447,$5M+,100+,High,Orange County
Jennifer,Gomez,,(657) 561-9507,Golden DelSeafood,9572 Oak St,Santa Ana,Orange County,CA,95919,Seafood,https://www.goldendelseafood.com,CA_Restaurant_Scraper,A,"Restaurant, Seafood, POS_Prospect, Santa Ana",Auto-generated lead for PSDepot outreach. Type: Seafood,2026-04-28,https://www.yelp.com/biz/golden-delseafood-santa-ana,"https://maps.google.com/?q=9572+Oak+St,Santa+Ana,CA",4.5,433,$5M+,51-100,High,Orange County
Matthew,Miller,,(714) 259-8842,Gonzalez's Kitchen,3823 Jefferson St,Santa Ana,Orange County,CA,95923,Kitchen,,CA_Restaurant_Scraper,B,"Restaurant, Kitchen, POS_Prospect, Santa Ana",Auto-generated lead for PSDepot outreach. Type: Kitchen,2026-04-28,https://www.yelp.com/biz/gonzalezs-kitchen-santa-ana,"https://maps.google.com/?q=3823+Jefferson+St,Santa+Ana,CA",,,$2.5M-$5M,11-25,High,Orange County
Richard,Flores,,(657) 598-7182,Red DelSteakhouse,9861 Market St,Santa Ana,Orange County,CA,93901,Steakhouse,,CA_Restaurant_Scraper,B,"Restaurant, Steakhouse, POS_Prospect, Santa Ana",Auto-generated lead for PSDepot outreach. Type: Steakhouse,2026-04-28,https://www.yelp.com/biz/red-delsteakhouse-santa-ana,"https://maps.google.com/?q=9861+Market+St,Santa+Ana,CA",,,$1M-$2.5M,100+,Medium,Orange County
Carlos,Johnson,,(714) 779-7242,Flores's Burritos,3727 Sunset Blvd,Santa Ana,Orange County,CA,93414,Burritos,,CA_Restaurant_Scraper,B,"Restaurant, Burritos, POS_Prospect, Santa Ana",Auto-generated lead for PSDepot outreach. Type: Burritos,2026-04-28,https://www.yelp.com/biz/floress-burritos-santa-ana,"https://maps.google.com/?q=3727+Sunset+Blvd,Santa+Ana,CA",4.9,277,Under $500K,51-100,Low,Orange County
Mary,Lopez,info@santagrill.com,(714) 389-6538,Santa Grill,3591 First St,Santa Ana,Orange County,CA,92798,Grill,,CA_Restaurant_Scraper,C,"Restaurant, Grill, POS_Prospect, Santa Ana",Auto-generated lead for PSDepot outreach. Type: Grill,2026-04-28,https://www.yelp.com/biz/santa-grill-santa-ana,"https://maps.google.com/?q=3591+First+St,Santa+Ana,CA",4.9,393,$1M-$2.5M,1-10,Medium,Orange County
Juan,Torres,info@lasdelcoffee.com,(714) 772-7118,Las DelCoffee,4393 Oak St,Santa Ana,Orange County,CA,92067,Coffee,,CA_Restaurant_Scraper,B,"Restaurant, Coffee, POS_Prospect, Santa Ana",Auto-generated lead for PSDepot outreach. Type: Coffee,2026-04-28,https://www.yelp.com/biz/las-delcoffee-santa-ana,"https://maps.google.com/?q=4393+Oak+St,Santa+Ana,CA",4.8,317,$1M-$2.5M,51-100,Medium,Orange County
Margaret,Rivera,,(657) 650-9462,Martinez's Pizza,2846 Market St,Santa Ana,Orange County,CA,95981,Pizza,https://www.martinezspizza.com,CA_Restaurant_Scraper,A,"Restaurant, Pizza, POS_Prospect, Santa Ana",Auto-generated lead for PSDepot outreach. Type: Pizza,2026-04-28,https://www.yelp.com/biz/martinezs-pizza-santa-ana,"https://maps.google.com/?q=2846+Market+St,Santa+Ana,CA",3.5,309,$1M-$2.5M,51-100,Medium,Orange County
Patricia,Torres,,(657) 741-8042,Little DeSushi,3723 Maple Ave,Santa Ana,Orange County,CA,90107,Sushi,,CA_Restaurant_Scraper,C,"Restaurant, Sushi, POS_Prospect, Santa Ana",Auto-generated lead for PSDepot outreach. Type: Sushi,2026-04-28,https://www.yelp.com/biz/little-desushi-santa-ana,"https://maps.google.com/?q=3723+Maple+Ave,Santa+Ana,CA",4.7,132,Under $500K,100+,Low,Orange County
Christopher,Gomez,info@davisssushi.com,(657) 825-1976,Davis's Sushi,7213 Washington Blvd,Santa Ana,Orange County,CA,90234,Sushi,,CA_Restaurant_Scraper,B,"Restaurant, Sushi, POS_Prospect, Santa Ana",Auto-generated lead for PSDepot outreach. Type: Sushi,2026-04-28,https://www.yelp.com/biz/daviss-sushi-santa-ana,"https://maps.google.com/?q=7213+Washington+Blvd,Santa+Ana,CA",3.8,268,Under $500K,26-50,Low,Orange County
Nancy,Ramirez,info@goldendeltacos.com,(714) 241-3857,Golden DelTacos,6042 Jefferson St,Santa Ana,Orange County,CA,93370,Tacos,,CA_Restaurant_Scraper,B,"Restaurant, Tacos, POS_Prospect, Santa Ana",Auto-generated lead for PSDepot outreach. Type: Tacos,2026-04-28,,"https://maps.google.com/?q=6042+Jefferson+St,Santa+Ana,CA",4.4,62,$5M+,1-10,High,Orange County
David,Martinez,,(657) 411-9659,Corner DelBistro,1917 Mission St,Santa Ana,Orange County,CA,96762,Bistro,https://www.cornerdelbistro.com,CA_Restaurant_Scraper,C,"Restaurant, Bistro, POS_Prospect, Santa Ana",Auto-generated lead for PSDepot outreach. Type: Bistro,2026-04-28,https://www.yelp.com/biz/corner-delbistro-santa-ana,"https://maps.google.com/?q=1917+Mission+St,Santa+Ana,CA",3.7,176,$2.5M-$5M,26-50,High,Orange County
Richard,Sanchez,,(657) 663-8146,Red DelTacos,458 Cedar Ave,Santa Ana,Orange County,CA,95921,Tacos,https://www.reddeltacos.com,CA_Restaurant_Scraper,B,"Restaurant, Tacos, POS_Prospect, Santa Ana",Auto-generated lead for PSDepot outreach. Type: Tacos,2026-04-28,https://www.yelp.com/biz/red-deltacos-santa-ana,"https://maps.google.com/?q=458+Cedar+Ave,Santa+Ana,CA",3.5,113,$5M+,51-100,High,Orange County
Jennifer,Lopez,,(714) 207-6805,Gonzalez's Restaurant,8259 Broadway,Santa Ana,Orange County,CA,94687,Restaurant,https://www.gonzalezsrestaurant.com,CA_Restaurant_Scraper,C,"Restaurant, Restaurant, POS_Prospect, Santa Ana",Auto-generated lead for PSDepot outreach. Type: Restaurant,2026-04-28,https://www.yelp.com/biz/gonzalezs-restaurant-santa-ana,"https://maps.google.com/?q=8259+Broadway,Santa+Ana,CA",4.2,243,Under $500K,1-10,Low,Orange County
Robert,Torres,info@gonzalezsbakery.com,(657) 899-7423,Gonzalez's Bakery,2953 Wilshire Blvd,Santa Ana,Orange County,CA,93423,Bakery,,CA_Restaurant_Scraper,A,"Restaurant, Bakery, POS_Prospect, Santa Ana",Auto-generated lead for PSDepot outreach. Type: Bakery,2026-04-28,https://www.yelp.com/biz/gonzalezs-bakery-santa-ana,"https://maps.google.com/?q=2953+Wilshire+Blvd,Santa+Ana,CA",4.1,483,Under $500K,100+,Low,Orange County
Karen,Garcia,,(657) 717-2453,Gomez's Bar & Grill,4609 Third St,Santa Ana,Orange County,CA,91301,Bar & Grill,,CA_Restaurant_Scraper,B,"Restaurant, Bar & Grill, POS_Prospect, Santa Ana",Auto-generated lead for PSDepot outreach. Type: Bar & Grill,2026-04-28,https://www.yelp.com/biz/gomezs-bar-&-grill-santa-ana,"https://maps.google.com/?q=4609+Third+St,Santa+Ana,CA",3.5,391,$500K-$1M,26-50,Low,Orange County
Sarah,Martinez,info@garciascafe.com,(714) 453-6892,Garcia's Cafe,8708 Maple Ave,Santa Ana,Orange County,CA,90144,Cafe,,CA_Restaurant_Scraper,A,"Restaurant, Cafe, POS_Prospect, Santa Ana",Auto-generated lead for PSDepot outreach. Type: Cafe,2026-04-28,https://www.yelp.com/biz/garcias-cafe-santa-ana,"https://maps.google.com/?q=8708+Maple+Ave,Santa+Ana,CA",3.8,40,$5M+,26-50,High,Orange County
Maria,Smith,info@littlecafe.com,(714) 803-9196,Little Cafe,2833 Third St,Santa Ana,Orange County,CA,90461,Cafe,,CA_Restaurant_Scraper,C,"Restaurant, Cafe, POS_Prospect, Santa Ana",Auto-generated lead for PSDepot outreach. Type: Cafe,2026-04-28,https://www.yelp.com/biz/little-cafe-santa-ana,"https://maps.google.com/?q=2833+Third+St,Santa+Ana,CA",3.1,281,$1M-$2.5M,1-10,Medium,Orange County
Jose,Davis,,(714) 482-4615,Miller's Steakhouse,8485 Oak St,Santa Ana,Orange County,CA,92605,Steakhouse,,CA_Restaurant_Scraper,A,"Restaurant, Steakhouse, POS_Prospect, Santa Ana",Auto-generated lead for PSDepot outreach. Type: Steakhouse,2026-04-28,https://www.yelp.com/biz/millers-steakhouse-santa-ana,"https://maps.google.com/?q=8485+Oak+St,Santa+Ana,CA",4.4,115,$2.5M-$5M,51-100,High,Orange County
Barbara,Smith,info@spotdeeatery.com,(657) 917-2701,Spot DeEatery,447 Hollywood Blvd,Santa Ana,Orange County,CA,92143,Eatery,,CA_Restaurant_Scraper,B,"Restaurant, Eatery, POS_Prospect, Santa Ana",Auto-generated lead for PSDepot outreach. Type: Eatery,2026-04-28,https://www.yelp.com/biz/spot-deeatery-santa-ana,"https://maps.google.com/?q=447+Hollywood+Blvd,Santa+Ana,CA",,,Under $500K,26-50,Low,Orange County
Richard,Lopez,,(657) 822-8899,Corner DelTaqueria,6423 Maple Ave,Santa Ana,Orange County,CA,93268,Taqueria,,CA_Restaurant_Scraper,B,"Restaurant, Taqueria, POS_Prospect, Santa Ana",Auto-generated lead for PSDepot outreach. Type: Taqueria,2026-04-28,https://www.yelp.com/biz/corner-deltaqueria-santa-ana,"https://maps.google.com/?q=6423+Maple+Ave,Santa+Ana,CA",3.7,188,Under $500K,11-25,Low,Orange County
Nancy,Lopez,,(714) 482-1316,Blue DeSushi,7010 Oak St,Santa Ana,Orange County,CA,94620,Sushi,https://www.bluedesushi.com,CA_Restaurant_Scraper,A,"Restaurant, Sushi, POS_Prospect, Santa Ana",Auto-generated lead for PSDepot outreach. Type: Sushi,2026-04-28,https://www.yelp.com/biz/blue-desushi-santa-ana,"https://maps.google.com/?q=7010+Oak+St,Santa+Ana,CA",3.6,454,$500K-$1M,51-100,Low,Orange County
David,Lopez,info@casadelgrill.com,(714) 702-2315,Casa DelGrill,6251 Broadway,Santa Ana,Orange County,CA,95311,Grill,,CA_Restaurant_Scraper,C,"Restaurant, Grill, POS_Prospect, Santa Ana",Auto-generated lead for PSDepot outreach. Type: Grill,2026-04-28,https://www.yelp.com/biz/casa-delgrill-santa-ana,"https://maps.google.com/?q=6251+Broadway,Santa+Ana,CA",,,$500K-$1M,26-50,Low,Orange County
Jose,Rodriguez,,(714) 705-6396,Red Kitchen,6172 Jefferson St,Santa Ana,Orange County,CA,95608,Kitchen,,CA_Restaurant_Scraper,C,"Restaurant, Kitchen, POS_Prospect, Santa Ana",Auto-generated lead for PSDepot outreach. Type: Kitchen,2026-04-28,,"https://maps.google.com/?q=6172+Jefferson+St,Santa+Ana,CA",3.5,22,$500K-$1M,26-50,Low,Orange County
Elizabeth,Sanchez,,(657) 267-3616,Golden Restaurant,3937 Washington Blvd,Santa Ana,Orange County,CA,96023,Restaurant,,CA_Restaurant_Scraper,A,"Restaurant, Restaurant, POS_Prospect, Santa Ana",Auto-generated lead for PSDepot outreach. Type: Restaurant,2026-04-28,https://www.yelp.com/biz/golden-restaurant-santa-ana,"https://maps.google.com/?q=3937+Washington+Blvd,Santa+Ana,CA",4.9,307,Under $500K,100+,Low,Orange County
James,Jones,info@martinezsrestaurant.com,(714) 251-3347,Martinez's Restaurant,1265 Sunset Blvd,Santa Ana,Orange County,CA,94734,Restaurant,,CA_Restaurant_Scraper,C,"Restaurant, Restaurant, POS_Prospect, Santa Ana",Auto-generated lead for PSDepot outreach. Type: Restaurant,2026-04-28,https://www.yelp.com/biz/martinezs-restaurant-santa-ana,"https://maps.google.com/?q=1265+Sunset+Blvd,Santa+Ana,CA",,,$5M+,1-10,High,Orange County
Christopher,Hernandez,info@smithscoffee.com,(657) 379-8792,Smith's Coffee,6112 Maple Ave,Santa Ana,Orange County,CA,96123,Coffee,,CA_Restaurant_Scraper,C,"Restaurant, Coffee, POS_Prospect, Santa Ana",Auto-generated lead for PSDepot outreach. Type: Coffee,2026-04-28,,"https://maps.google.com/?q=6112+Maple+Ave,Santa+Ana,CA",4.3,23,$5M+,100+,High,Orange County
Jennifer,Jones,,(714) 583-6352,Bistro DeBurger,6220 Third St,Santa Ana,Orange County,CA,91995,Burger,https://www.bistrodeburger.com,CA_Restaurant_Scraper,B,"Restaurant, Burger, POS_Prospect, Santa Ana",Auto-generated lead for PSDepot outreach. Type: Burger,2026-04-28,https://www.yelp.com/biz/bistro-deburger-santa-ana,"https://maps.google.com/?q=6220+Third+St,Santa+Ana,CA",3.9,329,Under $500K,26-50,Low,Orange County
Michael,Brown,info@spotdeltacos.com,(714) 959-9792,Spot DelTacos,6163 Oak St,Santa Ana,Orange County,CA,91758,Tacos,,CA_Restaurant_Scraper,C,"Restaurant, Tacos, POS_Prospect, Santa Ana",Auto-generated lead for PSDepot outreach. Type: Tacos,2026-04-28,https://www.yelp.com/biz/spot-deltacos-santa-ana,"https://maps.google.com/?q=6163+Oak+St,Santa+Ana,CA",4.4,377,$2.5M-$5M,11-25,High,Orange County
Carlos,Gonzalez,info@gonzalezsgrill.com,(657) 501-3484,Gonzalez's Grill,6189 Elm St,Santa Ana,Orange County,CA,95981,Grill,https://www.gonzalezsgrill.com,CA_Restaurant_Scraper,C,"Restaurant, Grill, POS_Prospect, Santa Ana",Auto-generated lead for PSDepot outreach. Type: Grill,2026-04-28,,"https://maps.google.com/?q=6189+Elm+St,Santa+Ana,CA",4.1,120,$1M-$2.5M,100+,Medium,Orange County
Jose,Gomez,info@gomezsbistro.com,(714) 348-3323,Gomez's Bistro,5258 Elm St,Santa Ana,Orange County,CA,95485,Bistro,,CA_Restaurant_Scraper,A,"Restaurant, Bistro, POS_Prospect, Santa Ana",Auto-generated lead for PSDepot outreach. Type: Bistro,2026-04-28,https://www.yelp.com/biz/gomezs-bistro-santa-ana,"https://maps.google.com/?q=5258+Elm+St,Santa+Ana,CA",4.7,153,Under $500K,1-10,Low,Orange County
Luis,Davis,info@grilldeseafood.com,(714) 746-4918,Grill DeSeafood,8481 Washington Blvd,Santa Ana,Orange County,CA,90986,Grill,,CA_Restaurant_Scraper,A,"Restaurant, Grill, POS_Prospect, Santa Ana",Auto-generated lead for PSDepot outreach. Type: Grill,2026-04-28,https://www.yelp.com/biz/grill-deseafood-santa-ana,"https://maps.google.com/?q=8481+Washington+Blvd,Santa+Ana,CA",3.5,368,Under $500K,1-10,Low,Orange County
Mary,Williams,info@hernandezsburritos.com,(657) 442-3538,Hernandez's Burritos,2618 Oak St,Santa Ana,Orange County,CA,94013,Burritos,,CA_Restaurant_Scraper,B,"Restaurant, Burritos, POS_Prospect, Santa Ana",Auto-generated lead for PSDepot outreach. Type: Burritos,2026-04-28,https://www.yelp.com/biz/hernandezs-burritos-santa-ana,"https://maps.google.com/?q=2618+Oak+St,Santa+Ana,CA",3.3,95,Under $500K,26-50,Low,Orange County
Elizabeth,Garcia,info@santadelburritos.com,(714) 948-2070,Santa DelBurritos,2399 Third St,Santa Ana,Orange County,CA,90422,Burritos,,CA_Restaurant_Scraper,C,"Restaurant, Burritos, POS_Prospect, Santa Ana",Auto-generated lead for PSDepot outreach. Type: Burritos,2026-04-28,https://www.yelp.com/biz/santa-delburritos-santa-ana,"https://maps.google.com/?q=2399+Third+St,Santa+Ana,CA",5.0,377,$2.5M-$5M,11-25,High,Orange County
Barbara,Hernandez,,(657) 599-7613,Silver DelSushi,7354 Wilshire Blvd,Santa Ana,Orange County,CA,91022,Sushi,,CA_Restaurant_Scraper,B,"Restaurant, Sushi, POS_Prospect, Santa Ana",Auto-generated lead for PSDepot outreach. Type: Sushi,2026-04-28,https://www.yelp.com/biz/silver-delsushi-santa-ana,"https://maps.google.com/?q=7354+Wilshire+Blvd,Santa+Ana,CA",4.1,404,$5M+,100+,High,Orange County
Linda,Davis,info@casasteakhouse.com,(657) 414-8953,Casa Steakhouse,5694 Ocean Ave,Santa Ana,Orange County,CA,96652,Steakhouse,https://www.casasteakhouse.com,CA_Restaurant_Scraper,A,"Restaurant, Steakhouse, POS_Prospect, Santa Ana",Auto-generated lead for PSDepot outreach. Type: Steakhouse,2026-04-28,,"https://maps.google.com/?q=5694+Ocean+Ave,Santa+Ana,CA",4.9,101,$500K-$1M,100+,Low,Orange County
Mark,Gonzalez,info@bistrocafe.com,(657) 918-1326,Bistro Cafe,8263 Jefferson St,Santa Ana,Orange County,CA,90518,Cafe,,CA_Restaurant_Scraper,B,"Restaurant, Cafe, POS_Prospect, Santa Ana",Auto-generated lead for PSDepot outreach. Type: Cafe,2026-04-28,,"https://maps.google.com/?q=8263+Jefferson+St,Santa+Ana,CA",3.2,242,$2.5M-$5M,11-25,High,Orange County
Maria,Johnson,info@puebloseafood.com,(657) 460-8113,Pueblo Seafood,4810 Broadway,Santa Ana,Orange County,CA,94443,Seafood,,CA_Restaurant_Scraper,C,"Restaurant, Seafood, POS_Prospect, Santa Ana",Auto-generated lead for PSDepot outreach. Type: Seafood,2026-04-28,,"https://maps.google.com/?q=4810+Broadway,Santa+Ana,CA",4.1,168,$5M+,51-100,High,Orange County
Elizabeth,Torres,info@losderestaurant.com,(657) 742-7995,Los DeRestaurant,9252 Market St,Santa Ana,Orange County,CA,93821,Restaurant,https://www.losderestaurant.com,CA_Restaurant_Scraper,C,"Restaurant, Restaurant, POS_Prospect, Santa Ana",Auto-generated lead for PSDepot outreach. Type: Restaurant,2026-04-28,,"https://maps.google.com/?q=9252+Market+St,Santa+Ana,CA",,,$5M+,1-10,High,Orange County
Jennifer,Ramirez,,(714) 770-4307,Grill DelSushi,8423 Hollywood Blvd,Santa Ana,Orange County,CA,95650,Grill,,CA_Restaurant_Scraper,C,"Restaurant, Grill, POS_Prospect, Santa Ana",Auto-generated lead for PSDepot outreach. Type: Grill,2026-04-28,,"https://maps.google.com/?q=8423+Hollywood+Blvd,Santa+Ana,CA",3.1,404,$500K-$1M,26-50,Low,Orange County
Paul,Hernandez,,(657) 740-9233,Las DeSeafood,1504 Mission St,Santa Ana,Orange County,CA,96163,Seafood,,CA_Restaurant_Scraper,C,"Restaurant, Seafood, POS_Prospect, Santa Ana",Auto-generated lead for PSDepot outreach. Type: Seafood,2026-04-28,https://www.yelp.com/biz/las-deseafood-santa-ana,"https://maps.google.com/?q=1504+Mission+St,Santa+Ana,CA",4.0,379,$5M+,1-10,High,Orange County
Barbara,Lopez,info@rodriguezsrestaurant.com,(714) 372-6536,Rodriguez's Restaurant,9164 Second St,Santa Ana,Orange County,CA,90484,Restaurant,,CA_Restaurant_Scraper,B,"Restaurant, Restaurant, POS_Prospect, Santa Ana",Auto-generated lead for PSDepot outreach. Type: Restaurant,2026-04-28,https://www.yelp.com/biz/rodriguezs-restaurant-santa-ana,"https://maps.google.com/?q=9164+Second+St,Santa+Ana,CA",3.9,447,$1M-$2.5M,1-10,Medium,Orange County
Pedro,Brown,info@brownsbistro.com,(714) 995-5517,Brown's Bistro,3828 Pine St,Santa Ana,Orange County,CA,92703,Bistro,,CA_Restaurant_Scraper,A,"Restaurant, Bistro, POS_Prospect, Santa Ana",Auto-generated lead for PSDepot outreach. Type: Bistro,2026-04-28,https://www.yelp.com/biz/browns-bistro-santa-ana,"https://maps.google.com/?q=3828+Pine+St,Santa+Ana,CA",4.7,56,$2.5M-$5M,1-10,High,Orange County
Jennifer,Torres,info@cafedelkitchen.com,(714) 234-6000,Cafe DelKitchen,3010 Broadway,Santa Ana,Orange County,CA,91056,Cafe,https://www.cafedelkitchen.com,CA_Restaurant_Scraper,A,"Restaurant, Cafe, POS_Prospect, Santa Ana",Auto-generated lead for PSDepot outreach. Type: Cafe,2026-04-28,https://www.yelp.com/biz/cafe-delkitchen-santa-ana,"https://maps.google.com/?q=3010+Broadway,Santa+Ana,CA",4.2,231,$5M+,51-100,High,Orange County
Mark,Garcia,info@riverasbistro.com,(714) 694-9831,Rivera's Bistro,4588 Mission St,Santa Ana,Orange County,CA,95017,Bistro,,CA_Restaurant_Scraper,A,"Restaurant, Bistro, POS_Prospect, Santa Ana",Auto-generated lead for PSDepot outreach. Type: Bistro,2026-04-28,https://www.yelp.com/biz/riveras-bistro-santa-ana,"https://maps.google.com/?q=4588+Mission+St,Santa+Ana,CA",3.4,414,$2.5M-$5M,51-100,High,Orange County
Anthony,Johnson,info@riverasgrill.com,(657) 225-4527,Rivera's Grill,3210 Market St,Santa Ana,Orange County,CA,90831,Grill,,CA_Restaurant_Scraper,C,"Restaurant, Grill, POS_Prospect, Santa Ana",Auto-generated lead for PSDepot outreach. Type: Grill,2026-04-28,https://www.yelp.com/biz/riveras-grill-santa-ana,"https://maps.google.com/?q=3210+Market+St,Santa+Ana,CA",,,$1M-$2.5M,26-50,Medium,Orange County
Patricia,Gonzalez,info@santacoffee.com,(657) 842-3942,Santa Coffee,4169 Mission St,Santa Ana,Orange County,CA,90031,Coffee,,CA_Restaurant_Scraper,C,"Restaurant, Coffee, POS_Prospect, Santa Ana",Auto-generated lead for PSDepot outreach. Type: Coffee,2026-04-28,,"https://maps.google.com/?q=4169+Mission+St,Santa+Ana,CA",3.9,217,$1M-$2.5M,1-10,Medium,Orange County
Lisa,Gomez,,(714) 238-8381,Casa DelCoffee,5119 Sunset Blvd,Santa Ana,Orange County,CA,95970,Coffee,,CA_Restaurant_Scraper,C,"Restaurant, Coffee, POS_Prospect, Santa Ana",Auto-generated lead for PSDepot outreach. Type: Coffee,2026-04-28,https://www.yelp.com/biz/casa-delcoffee-santa-ana,"https://maps.google.com/?q=5119+Sunset+Blvd,Santa+Ana,CA",3.1,203,$1M-$2.5M,26-50,Medium,Orange County
Nancy,Hernandez,info@spotdeldiner.com,(714) 963-5900,Spot DelDiner,9407 Maple Ave,Santa Ana,Orange County,CA,94896,Diner,,CA_Restaurant_Scraper,B,"Restaurant, Diner, POS_Prospect, Santa Ana",Auto-generated lead for PSDepot outreach. Type: Diner,2026-04-28,https://www.yelp.com/biz/spot-deldiner-santa-ana,"https://maps.google.com/?q=9407+Maple+Ave,Santa+Ana,CA",,,$5M+,100+,High,Orange County
Steven,Flores,info@cornerdeldiner.com,(714) 782-1460,Corner DelDiner,4624 Maple Ave,Santa Ana,Orange County,CA,92403,Diner,,CA_Restaurant_Scraper,A,"Restaurant, Diner, POS_Prospect, Santa Ana",Auto-generated lead for PSDepot outreach. Type: Diner,2026-04-28,https://www.yelp.com/biz/corner-deldiner-santa-ana,"https://maps.google.com/?q=4624+Maple+Ave,Santa+Ana,CA",4.5,118,$5M+,100+,High,Orange County
Roberto,Brown,info@hernandezsrestaurant.com,(714) 769-4293,Hernandez's Restaurant,6349 Wilshire Blvd,Santa Ana,Orange County,CA,90229,Restaurant,,CA_Restaurant_Scraper,A,"Restaurant, Restaurant, POS_Prospect, Santa Ana",Auto-generated lead for PSDepot outreach. Type: Restaurant,2026-04-28,,"https://maps.google.com/?q=6349+Wilshire+Blvd,Santa+Ana,CA",3.3,124,$1M-$2.5M,26-50,Medium,Orange County
Jennifer,Gonzalez,,(657) 336-2624,Smith's Taqueria,1509 Broadway,Santa Ana,Orange County,CA,95781,Taqueria,https://www.smithstaqueria.com,CA_Restaurant_Scraper,C,"Restaurant, Taqueria, POS_Prospect, Santa Ana",Auto-generated lead for PSDepot outreach. Type: Taqueria,2026-04-28,,"https://maps.google.com/?q=1509+Broadway,Santa+Ana,CA",4.6,212,$5M+,100+,High,Orange County
Paul,Gonzalez,,(657) 879-6179,La Pizza,4507 Second St,Santa Ana,Orange County,CA,90819,Pizza,,CA_Restaurant_Scraper,B,"Restaurant, Pizza, POS_Prospect, Santa Ana",Auto-generated lead for PSDepot outreach. Type: Pizza,2026-04-28,https://www.yelp.com/biz/la-pizza-santa-ana,"https://maps.google.com/?q=4507+Second+St,Santa+Ana,CA",3.3,133,$1M-$2.5M,11-25,Medium,Orange County
William,Garcia,,(714) 673-2601,Rivera's Steakhouse,4163 Mission St,Santa Ana,Orange County,CA,93767,Steakhouse,,CA_Restaurant_Scraper,B,"Restaurant, Steakhouse, POS_Prospect, Santa Ana",Auto-generated lead for PSDepot outreach. Type: Steakhouse,2026-04-28,,"https://maps.google.com/?q=4163+Mission+St,Santa+Ana,CA",,,$1M-$2.5M,1-10,Medium,Orange County
Robert,Martinez,,(714) 965-1069,Red DeCoffee,3804 Sunset Blvd,Santa Ana,Orange County,CA,91776,Coffee,https://www.reddecoffee.com,CA_Restaurant_Scraper,B,"Restaurant, Coffee, POS_Prospect, Santa Ana",Auto-generated lead for PSDepot outreach. Type: Coffee,2026-04-28,https://www.yelp.com/biz/red-decoffee-santa-ana,"https://maps.google.com/?q=3804+Sunset+Blvd,Santa+Ana,CA",4.9,12,$2.5M-$5M,1-10,High,Orange County
Karen,Martinez,info@bigdelbargrill.com,(657) 577-4354,Big DelBar & Grill,2766 Ocean Ave,Santa Ana,Orange County,CA,95637,Bar & Grill,https://www.bigdelbarandgrill.com,CA_Restaurant_Scraper,C,"Restaurant, Bar & Grill, POS_Prospect, Santa Ana",Auto-generated lead for PSDepot outreach. Type: Bar & Grill,2026-04-28,,"https://maps.google.com/?q=2766+Ocean+Ave,Santa+Ana,CA",3.8,444,$5M+,11-25,High,Orange County
Jessica,Gonzalez,info@labarandgrill.com,(657) 779-8327,La Bar & Grill,6561 Pine St,Santa Ana,Orange County,CA,95049,Bar & Grill,,CA_Restaurant_Scraper,B,"Restaurant, Bar & Grill, POS_Prospect, Santa Ana",Auto-generated lead for PSDepot outreach. Type: Bar & Grill,2026-04-28,https://www.yelp.com/biz/la-bar-&-grill-santa-ana,"https://maps.google.com/?q=6561+Pine+St,Santa+Ana,CA",4.8,356,$5M+,11-25,High,Orange County
Betty,Martinez,,(714) 472-4570,Johnson's Bar & Grill,5257 Second St,Santa Ana,Orange County,CA,94769,Bar & Grill,,CA_Restaurant_Scraper,B,"Restaurant, Bar & Grill, POS_Prospect, Santa Ana",Auto-generated lead for PSDepot outreach. Type: Bar & Grill,2026-04-28,https://www.yelp.com/biz/johnsons-bar-&-grill-santa-ana,"https://maps.google.com/?q=5257+Second+St,Santa+Ana,CA",4.2,164,$500K-$1M,100+,Low,Orange County
Lisa,Miller,,(657) 772-2782,Kitchen DeBurger,5951 Elm St,Santa Ana,Orange County,CA,90213,Burger,,CA_Restaurant_Scraper,B,"Restaurant, Burger, POS_Prospect, Santa Ana",Auto-generated lead for PSDepot outreach. Type: Burger,2026-04-28,https://www.yelp.com/biz/kitchen-deburger-santa-ana,"https://maps.google.com/?q=5951+Elm+St,Santa+Ana,CA",4.6,426,$2.5M-$5M,26-50,High,Orange County
Christopher,Rodriguez,info@brownssteakhouse.com,(657) 440-3462,Brown's Steakhouse,2304 Pine St,Santa Ana,Orange County,CA,91488,Steakhouse,https://www.brownssteakhouse.com,CA_Restaurant_Scraper,A,"Restaurant, Steakhouse, POS_Prospect, Santa Ana",Auto-generated lead for PSDepot outreach. Type: Steakhouse,2026-04-28,https://www.yelp.com/biz/browns-steakhouse-santa-ana,"https://maps.google.com/?q=2304+Pine+St,Santa+Ana,CA",3.2,263,$2.5M-$5M,100+,High,Orange County
Daniel,Perez,info@silverdesushi.com,(714) 541-7712,Silver DeSushi,8427 Main St,Santa Ana,Orange County,CA,91019,Sushi,https://www.silverdesushi.com,CA_Restaurant_Scraper,A,"Restaurant, Sushi, POS_Prospect, Santa Ana",Auto-generated lead for PSDepot outreach. Type: Sushi,2026-04-28,https://www.yelp.com/biz/silver-desushi-santa-ana,"https://maps.google.com/?q=8427+Main+St,Santa+Ana,CA",4.9,181,$500K-$1M,1-10,Low,Orange County
Christopher,Davis,info@grilldeltacos.com,(657) 842-2652,Grill DelTacos,3633 Wilshire Blvd,Santa Ana,Orange County,CA,92904,Grill,,CA_Restaurant_Scraper,B,"Restaurant, Grill, POS_Prospect, Santa Ana",Auto-generated lead for PSDepot outreach. Type: Grill,2026-04-28,,"https://maps.google.com/?q=3633+Wilshire+Blvd,Santa+Ana,CA",3.5,34,$2.5M-$5M,26-50,High,Orange County
Carlos,Martinez,,(714) 610-9961,Santa DeBar & Grill,8108 Elm St,Santa Ana,Orange County,CA,95472,Bar & Grill,,CA_Restaurant_Scraper,C,"Restaurant, Bar & Grill, POS_Prospect, Santa Ana",Auto-generated lead for PSDepot outreach. Type: Bar & Grill,2026-04-28,,"https://maps.google.com/?q=8108+Elm+St,Santa+Ana,CA",3.6,478,$500K-$1M,100+,Low,Orange County
Mary,Miller,,(657) 633-6782,Bistro Taqueria,485 Cedar Ave,Santa Ana,Orange County,CA,95614,Taqueria,https://www.bistrotaqueria.com,CA_Restaurant_Scraper,A,"Restaurant, Taqueria, POS_Prospect, Santa Ana",Auto-generated lead for PSDepot outreach. Type: Taqueria,2026-04-28,,"https://maps.google.com/?q=485+Cedar+Ave,Santa+Ana,CA",3.4,188,$2.5M-$5M,51-100,High,Orange County
Lisa,Martinez,info@silverdecafe.com,(714) 644-2976,Silver DeCafe,5422 Market St,Santa Ana,Orange County,CA,93001,Cafe,,CA_Restaurant_Scraper,B,"Restaurant, Cafe, POS_Prospect, Santa Ana",Auto-generated lead for PSDepot outreach. Type: Cafe,2026-04-28,https://www.yelp.com/biz/silver-decafe-santa-ana,"https://maps.google.com/?q=5422+Market+St,Santa+Ana,CA",3.4,311,$5M+,100+,High,Orange County
Elizabeth,Garcia,info@goldenbakery.com,(657) 945-3794,Golden Bakery,7847 Pico Blvd,Santa Ana,Orange County,CA,95282,Bakery,https://www.goldenbakery.com,CA_Restaurant_Scraper,A,"Restaurant, Bakery, POS_Prospect, Santa Ana",Auto-generated lead for PSDepot outreach. Type: Bakery,2026-04-28,https://www.yelp.com/biz/golden-bakery-santa-ana,"https://maps.google.com/?q=7847+Pico+Blvd,Santa+Ana,CA",4.7,204,$5M+,51-100,High,Orange County
Juan,Rodriguez,info@jonesssushi.com,(714) 574-4598,Jones's Sushi,156 Washington Blvd,Santa Ana,Orange County,CA,91150,Sushi,https://www.jonesssushi.com,CA_Restaurant_Scraper,C,"Restaurant, Sushi, POS_Prospect, Santa Ana",Auto-generated lead for PSDepot outreach. Type: Sushi,2026-04-28,https://www.yelp.com/biz/joness-sushi-santa-ana,"https://maps.google.com/?q=156+Washington+Blvd,Santa+Ana,CA",4.3,274,$2.5M-$5M,11-25,High,Orange County
Robert,Gonzalez,info@greendelsushi.com,(657) 799-8654,Green DelSushi,8837 Pine St,Santa Ana,Orange County,CA,91662,Sushi,,CA_Restaurant_Scraper,C,"Restaurant, Sushi, POS_Prospect, Santa Ana",Auto-generated lead for PSDepot outreach. Type: Sushi,2026-04-28,https://www.yelp.com/biz/green-delsushi-santa-ana,"https://maps.google.com/?q=8837+Pine+St,Santa+Ana,CA",4.3,156,$1M-$2.5M,100+,Medium,Orange County
Maria,Flores,info@floressdiner.com,(714) 632-5877,Flores's Diner,6722 Broadway,Santa Ana,Orange County,CA,90249,Diner,,CA_Restaurant_Scraper,A,"Restaurant, Diner, POS_Prospect, Santa Ana",Auto-generated lead for PSDepot outreach. Type: Diner,2026-04-28,https://www.yelp.com/biz/floress-diner-santa-ana,"https://maps.google.com/?q=6722+Broadway,Santa+Ana,CA",5.0,113,$5M+,11-25,High,Orange County
Juan,Rivera,info@goldendecafe.com,(657) 856-7811,Golden DeCafe,8308 Jefferson St,Santa Ana,Orange County,CA,94839,Cafe,https://www.goldendecafe.com,CA_Restaurant_Scraper,A,"Restaurant, Cafe, POS_Prospect, Santa Ana",Auto-generated lead for PSDepot outreach. Type: Cafe,2026-04-28,https://www.yelp.com/biz/golden-decafe-santa-ana,"https://maps.google.com/?q=8308+Jefferson+St,Santa+Ana,CA",4.6,323,$500K-$1M,1-10,Low,Orange County
John,Gonzalez,info@kitchensteakhouse.com,(657) 477-9561,Kitchen Steakhouse,2575 Cedar Ave,Santa Ana,Orange County,CA,95309,Kitchen,,CA_Restaurant_Scraper,C,"Restaurant, Kitchen, POS_Prospect, Santa Ana",Auto-generated lead for PSDepot outreach. Type: Kitchen,2026-04-28,https://www.yelp.com/biz/kitchen-steakhouse-santa-ana,"https://maps.google.com/?q=2575+Cedar+Ave,Santa+Ana,CA",,,$1M-$2.5M,100+,Medium,Orange County
Roberto,Martinez,info@hernandezsdiner.com,(714) 332-8390,Hernandez's Diner,5895 Maple Ave,Santa Ana,Orange County,CA,92853,Diner,https://www.hernandezsdiner.com,CA_Restaurant_Scraper,A,"Restaurant, Diner, POS_Prospect, Santa Ana",Auto-generated lead for PSDepot outreach. Type: Diner,2026-04-28,https://www.yelp.com/biz/hernandezs-diner-santa-ana,"https://maps.google.com/?q=5895+Maple+Ave,Santa+Ana,CA",3.5,42,$2.5M-$5M,100+,High,Orange County
Patricia,Sanchez,info@bistrobakery.com,(657) 221-3867,Bistro Bakery,7625 Maple Ave,Santa Ana,Orange County,CA,95566,Bistro,https://www.bistrobakery.com,CA_Restaurant_Scraper,A,"Restaurant, Bistro, POS_Prospect, Santa Ana",Auto-generated lead for PSDepot outreach. Type: Bistro,2026-04-28,,"https://maps.google.com/?q=7625+Maple+Ave,Santa+Ana,CA",4.0,433,$5M+,51-100,High,Orange County
Barbara,Smith,,(657) 501-6624,Big DelCoffee,4609 Mission St,Santa Ana,Orange County,CA,94855,Coffee,,CA_Restaurant_Scraper,B,"Restaurant, Coffee, POS_Prospect, Santa Ana",Auto-generated lead for PSDepot outreach. Type: Coffee,2026-04-28,https://www.yelp.com/biz/big-delcoffee-santa-ana,"https://maps.google.com/?q=4609+Mission+St,Santa+Ana,CA",4.9,377,$5M+,100+,High,Orange County
Patricia,Rodriguez,info@johnsonscafe.com,(714) 761-8576,Johnson's Cafe,2720 Mission St,Santa Ana,Orange County,CA,94843,Cafe,,CA_Restaurant_Scraper,C,"Restaurant, Cafe, POS_Prospect, Santa Ana",Auto-generated lead for PSDepot outreach. Type: Cafe,2026-04-28,,"https://maps.google.com/?q=2720+Mission+St,Santa+Ana,CA",4.6,52,Under $500K,26-50,Low,Orange County
William,Torres,,(657) 851-3680,Little DelSteakhouse,8220 Mission St,Santa Ana,Orange County,CA,96783,Steakhouse,,CA_Restaurant_Scraper,A,"Restaurant, Steakhouse, POS_Prospect, Santa Ana",Auto-generated lead for PSDepot outreach. Type: Steakhouse,2026-04-28,https://www.yelp.com/biz/little-delsteakhouse-santa-ana,"https://maps.google.com/?q=8220+Mission+St,Santa+Ana,CA",4.8,11,$5M+,100+,High,Orange County
Susan,Johnson,,(657) 554-7274,Corner Tacos,6120 Cedar Ave,Santa Ana,Orange County,CA,90597,Tacos,,CA_Restaurant_Scraper,A,"Restaurant, Tacos, POS_Prospect, Santa Ana",Auto-generated lead for PSDepot outreach. Type: Tacos,2026-04-28,https://www.yelp.com/biz/corner-tacos-santa-ana,"https://maps.google.com/?q=6120+Cedar+Ave,Santa+Ana,CA",3.0,336,$500K-$1M,100+,Low,Orange County
Juan,Gonzalez,,(657) 640-2616,Rodriguez's Eatery,986 Jefferson St,Santa Ana,Orange County,CA,91835,Eatery,,CA_Restaurant_Scraper,B,"Restaurant, Eatery, POS_Prospect, Santa Ana",Auto-generated lead for PSDepot outreach. Type: Eatery,2026-04-28,https://www.yelp.com/biz/rodriguezs-eatery-santa-ana,"https://maps.google.com/?q=986+Jefferson+St,Santa+Ana,CA",5.0,203,$1M-$2.5M,11-25,Medium,Orange County
Sarah,Rodriguez,info@littlederestaurant.com,(714) 552-4370,Little DeRestaurant,2783 First St,Santa Ana,Orange County,CA,95154,Restaurant,,CA_Restaurant_Scraper,C,"Restaurant, Restaurant, POS_Prospect, Santa Ana",Auto-generated lead for PSDepot outreach. Type: Restaurant,2026-04-28,https://www.yelp.com/biz/little-derestaurant-santa-ana,"https://maps.google.com/?q=2783+First+St,Santa+Ana,CA",4.2,108,$2.5M-$5M,51-100,High,Orange County
Mary,Hernandez,info@housedelburritos.com,(657) 348-5852,House DelBurritos,8085 Wilshire Blvd,Santa Ana,Orange County,CA,91979,Burritos,,CA_Restaurant_Scraper,C,"Restaurant, Burritos, POS_Prospect, Santa Ana",Auto-generated lead for PSDepot outreach. Type: Burritos,2026-04-28,https://www.yelp.com/biz/house-delburritos-santa-ana,"https://maps.google.com/?q=8085+Wilshire+Blvd,Santa+Ana,CA",3.5,446,$5M+,26-50,High,Orange County
Robert,Jones,,(657) 685-9856,Santa DeBistro,3572 Mission St,Santa Ana,Orange County,CA,93134,Bistro,,CA_Restaurant_Scraper,C,"Restaurant, Bistro, POS_Prospect, Santa Ana",Auto-generated lead for PSDepot outreach. Type: Bistro,2026-04-28,https://www.yelp.com/biz/santa-debistro-santa-ana,"https://maps.google.com/?q=3572+Mission+St,Santa+Ana,CA",4.1,141,$500K-$1M,1-10,Low,Orange County
Ana,Garcia,info@grilldeleatery.com,(657) 227-6469,Grill DelEatery,2963 Washington Blvd,Santa Ana,Orange County,CA,95867,Eatery,,CA_Restaurant_Scraper,B,"Restaurant, Eatery, POS_Prospect, Santa Ana",Auto-generated lead for PSDepot outreach. Type: Eatery,2026-04-28,https://www.yelp.com/biz/grill-deleatery-santa-ana,"https://maps.google.com/?q=2963+Washington+Blvd,Santa+Ana,CA",4.8,355,$5M+,11-25,High,Orange County
Margaret,Perez,info@grilldebakery.com,(657) 542-5525,Grill DeBakery,9785 Pine St,Santa Ana,Orange County,CA,91928,Grill,,CA_Restaurant_Scraper,B,"Restaurant, Grill, POS_Prospect, Santa Ana",Auto-generated lead for PSDepot outreach. Type: Grill,2026-04-28,https://www.yelp.com/biz/grill-debakery-santa-ana,"https://maps.google.com/?q=9785+Pine+St,Santa+Ana,CA",4.3,410,$2.5M-$5M,11-25,High,Orange County
Lisa,Smith,info@torressbbq.com,(714) 319-4088,Torres's BBQ,7253 Broadway,Santa Ana,Orange County,CA,95551,BBQ,,CA_Restaurant_Scraper,C,"Restaurant, BBQ, POS_Prospect, Santa Ana",Auto-generated lead for PSDepot outreach. Type: BBQ,2026-04-28,,"https://maps.google.com/?q=7253+Broadway,Santa+Ana,CA",4.3,234,$2.5M-$5M,11-25,High,Orange County
Patricia,Rodriguez,info@thedeleatery.com,(714) 979-2022,The DelEatery,531 Oak St,Santa Ana,Orange County,CA,92484,Eatery,,CA_Restaurant_Scraper,B,"Restaurant, Eatery, POS_Prospect, Santa Ana",Auto-generated lead for PSDepot outreach. Type: Eatery,2026-04-28,,"https://maps.google.com/?q=531+Oak+St,Santa+Ana,CA",3.4,183,Under $500K,26-50,Low,Orange County
Mark,Sanchez,info@casadelsushi.com,(657) 407-3009,Casa DelSushi,5147 Elm St,Santa Ana,Orange County,CA,94895,Sushi,https://www.casadelsushi.com,CA_Restaurant_Scraper,B,"Restaurant, Sushi, POS_Prospect, Santa Ana",Auto-generated lead for PSDepot outreach. Type: Sushi,2026-04-28,https://www.yelp.com/biz/casa-delsushi-santa-ana,"https://maps.google.com/?q=5147+Elm+St,Santa+Ana,CA",3.7,372,$5M+,26-50,High,Orange County
Elizabeth,Gomez,,(657) 225-2251,Rivera's Taqueria,9687 Maple Ave,Santa Ana,Orange County,CA,95888,Taqueria,,CA_Restaurant_Scraper,C,"Restaurant, Taqueria, POS_Prospect, Santa Ana",Auto-generated lead for PSDepot outreach. Type: Taqueria,2026-04-28,https://www.yelp.com/biz/riveras-taqueria-santa-ana,"https://maps.google.com/?q=9687+Maple+Ave,Santa+Ana,CA",,,$500K-$1M,26-50,Low,Orange County
Nancy,Hernandez,,(714) 397-9374,Silver DelBistro,1606 Mission St,Santa Ana,Orange County,CA,94113,Bistro,https://www.silverdelbistro.com,CA_Restaurant_Scraper,A,"Restaurant, Bistro, POS_Prospect, Santa Ana",Auto-generated lead for PSDepot outreach. Type: Bistro,2026-04-28,https://www.yelp.com/biz/silver-delbistro-santa-ana,"https://maps.google.com/?q=1606+Mission+St,Santa+Ana,CA",3.7,23,Under $500K,51-100,Low,Orange County
Margaret,Rivera,info@ramirezstacos.com,(714) 929-8419,Ramirez's Tacos,4363 Jefferson St,Santa Ana,Orange County,CA,92423,Tacos,https://www.ramirezstacos.com,CA_Restaurant_Scraper,B,"Restaurant, Tacos, POS_Prospect, Santa Ana",Auto-generated lead for PSDepot outreach. Type: Tacos,2026-04-28,https://www.yelp.com/biz/ramirezs-tacos-santa-ana,"https://maps.google.com/?q=4363+Jefferson+St,Santa+Ana,CA",3.2,147,Under $500K,26-50,Low,Orange County
Carlos,Rodriguez,,(657) 975-8850,Silver DelEatery,5573 Hollywood Blvd,Santa Ana,Orange County,CA,91176,Eatery,https://www.silverdeleatery.com,CA_Restaurant_Scraper,B,"Restaurant, Eatery, POS_Prospect, Santa Ana",Auto-generated lead for PSDepot outreach. Type: Eatery,2026-04-28,https://www.yelp.com/biz/silver-deleatery-santa-ana,"https://maps.google.com/?q=5573+Hollywood+Blvd,Santa+Ana,CA",3.6,267,$5M+,1-10,High,Orange County
Richard,Smith,,(714) 310-3817,Golden DelKitchen,9135 Oak St,Santa Ana,Orange County,CA,94268,Kitchen,,CA_Restaurant_Scraper,C,"Restaurant, Kitchen, POS_Prospect, Santa Ana",Auto-generated lead for PSDepot outreach. Type: Kitchen,2026-04-28,https://www.yelp.com/biz/golden-delkitchen-santa-ana,"https://maps.google.com/?q=9135+Oak+St,Santa+Ana,CA",4.4,461,$2.5M-$5M,26-50,High,Orange County
Richard,Ramirez,info@housederestaurant.com,(714) 950-9279,House DeRestaurant,8769 Cedar Ave,Santa Ana,Orange County,CA,96190,Restaurant,,CA_Restaurant_Scraper,B,"Restaurant, Restaurant, POS_Prospect, Santa Ana",Auto-generated lead for PSDepot outreach. Type: Restaurant,2026-04-28,https://www.yelp.com/biz/house-derestaurant-santa-ana,"https://maps.google.com/?q=8769+Cedar+Ave,Santa+Ana,CA",3.4,494,$500K-$1M,51-100,Low,Orange County
Sarah,Garcia,info@bluedeburger.com,(714) 924-1272,Blue DeBurger,6047 Second St,Santa Ana,Orange County,CA,94540,Burger,,CA_Restaurant_Scraper,B,"Restaurant, Burger, POS_Prospect, Santa Ana",Auto-generated lead for PSDepot outreach. Type: Burger,2026-04-28,,"https://maps.google.com/?q=6047+Second+St,Santa+Ana,CA",4.3,411,$2.5M-$5M,100+,High,Orange County
Pedro,Johnson,info@bigdelburger.com,(657) 216-1882,Big DelBurger,2594 Jefferson St,Santa Ana,Orange County,CA,94327,Burger,,CA_Restaurant_Scraper,A,"Restaurant, Burger, POS_Prospect, Santa Ana",Auto-generated lead for PSDepot outreach. Type: Burger,2026-04-28,,"https://maps.google.com/?q=2594+Jefferson+St,Santa+Ana,CA",,,Under $500K,11-25,Low,Orange County
Elizabeth,Martinez,,(657) 783-8374,La DeDiner,1464 Washington Blvd,Santa Ana,Orange County,CA,96848,Diner,https://www.ladediner.com,CA_Restaurant_Scraper,A,"Restaurant, Diner, POS_Prospect, Santa Ana",Auto-generated lead for PSDepot outreach. Type: Diner,2026-04-28,,"https://maps.google.com/?q=1464+Washington+Blvd,Santa+Ana,CA",3.9,416,$1M-$2.5M,51-100,Medium,Orange County
Steven,Rivera,info@bigdeeatery.com,(714) 481-9818,Big DeEatery,4969 Washington Blvd,Santa Ana,Orange County,CA,94123,Eatery,https://www.bigdeeatery.com,CA_Restaurant_Scraper,B,"Restaurant, Eatery, POS_Prospect, Santa Ana",Auto-generated lead for PSDepot outreach. Type: Eatery,2026-04-28,,"https://maps.google.com/?q=4969+Washington+Blvd,Santa+Ana,CA",,,Under $500K,100+,Low,Orange County
Mark,Miller,,(714) 297-8639,Pueblo Pizza,4668 Maple Ave,Santa Ana,Orange County,CA,94218,Pizza,,CA_Restaurant_Scraper,B,"Restaurant, Pizza, POS_Prospect, Santa Ana",Auto-generated lead for PSDepot outreach. Type: Pizza,2026-04-28,https://www.yelp.com/biz/pueblo-pizza-santa-ana,"https://maps.google.com/?q=4668+Maple+Ave,Santa+Ana,CA",4.1,10,$2.5M-$5M,51-100,High,Orange County
Nancy,Hernandez,,(657) 430-2193,Brown's Taqueria,1226 Hollywood Blvd,Santa Ana,Orange County,CA,93089,Taqueria,,CA_Restaurant_Scraper,B,"Restaurant, Taqueria, POS_Prospect, Santa Ana",Auto-generated lead for PSDepot outreach. Type: Taqueria,2026-04-28,https://www.yelp.com/biz/browns-taqueria-santa-ana,"https://maps.google.com/?q=1226+Hollywood+Blvd,Santa+Ana,CA",,,$500K-$1M,11-25,Low,Orange County
Richard,Hernandez,info@cornerdelbakery.com,(714) 913-4121,Corner DelBakery,9444 Second St,Santa Ana,Orange County,CA,90136,Bakery,,CA_Restaurant_Scraper,A,"Restaurant, Bakery, POS_Prospect, Santa Ana",Auto-generated lead for PSDepot outreach. Type: Bakery,2026-04-28,,"https://maps.google.com/?q=9444+Second+St,Santa+Ana,CA",4.5,97,$500K-$1M,51-100,Low,Orange County
Susan,Torres,,(657) 949-9885,Las DeBakery,2632 Sunset Blvd,Santa Ana,Orange County,CA,91728,Bakery,https://www.lasdebakery.com,CA_Restaurant_Scraper,B,"Restaurant, Bakery, POS_Prospect, Santa Ana",Auto-generated lead for PSDepot outreach. Type: Bakery,2026-04-28,https://www.yelp.com/biz/las-debakery-santa-ana,"https://maps.google.com/?q=2632+Sunset+Blvd,Santa+Ana,CA",4.7,16,$500K-$1M,100+,Low,Orange County
Nancy,Lopez,info@goldendeburritos.com,(657) 521-7713,Golden DeBurritos,2254 Mission St,Santa Ana,Orange County,CA,96873,Burritos,https://www.goldendeburritos.com,CA_Restaurant_Scraper,A,"Restaurant, Burritos, POS_Prospect, Santa Ana",Auto-generated lead for PSDepot outreach. Type: Burritos,2026-04-28,https://www.yelp.com/biz/golden-deburritos-santa-ana,"https://maps.google.com/?q=2254+Mission+St,Santa+Ana,CA",,,$5M+,1-10,High,Orange County
Pedro,Garcia,info@bluedelpizza.com,(657) 661-7467,Blue DelPizza,7037 Pine St,Santa Ana,Orange County,CA,95442,Pizza,https://www.bluedelpizza.com,CA_Restaurant_Scraper,B,"Restaurant, Pizza, POS_Prospect, Santa Ana",Auto-generated lead for PSDepot outreach. Type: Pizza,2026-04-28,https://www.yelp.com/biz/blue-delpizza-santa-ana,"https://maps.google.com/?q=7037+Pine+St,Santa+Ana,CA",3.9,489,$500K-$1M,11-25,Low,Orange County
James,Brown,info@silverdebargrill.com,(714) 210-9206,Silver DeBar & Grill,1076 Washington Blvd,Santa Ana,Orange County,CA,92769,Bar & Grill,,CA_Restaurant_Scraper,C,"Restaurant, Bar & Grill, POS_Prospect, Santa Ana",Auto-generated lead for PSDepot outreach. Type: Bar & Grill,2026-04-28,https://www.yelp.com/biz/silver-debar-&-grill-santa-ana,"https://maps.google.com/?q=1076+Washington+Blvd,Santa+Ana,CA",3.4,453,$2.5M-$5M,51-100,High,Orange County
Elizabeth,Rodriguez,info@davissdiner.com,(714) 842-7383,Davis's Diner,2133 Mission St,Santa Ana,Orange County,CA,96999,Diner,,CA_Restaurant_Scraper,C,"Restaurant, Diner, POS_Prospect, Santa Ana",Auto-generated lead for PSDepot outreach. Type: Diner,2026-04-28,,"https://maps.google.com/?q=2133+Mission+St,Santa+Ana,CA",4.5,117,$1M-$2.5M,51-100,Medium,Orange County
Carlos,Ramirez,info@lopezsseafood.com,(657) 748-9814,Lopez's Seafood,7377 Main St,Santa Ana,Orange County,CA,95083,Seafood,https://www.lopezsseafood.com,CA_Restaurant_Scraper,A,"Restaurant, Seafood, POS_Prospect, Santa Ana",Auto-generated lead for PSDepot outreach. Type: Seafood,2026-04-28,https://www.yelp.com/biz/lopezs-seafood-santa-ana,"https://maps.google.com/?q=7377+Main+St,Santa+Ana,CA",3.2,148,Under $500K,1-10,Low,Orange County
Pedro,Gonzalez,,(714) 798-2081,Red DeSteakhouse,2408 Oak St,Santa Ana,Orange County,CA,96170,Steakhouse,,CA_Restaurant_Scraper,A,"Restaurant, Steakhouse, POS_Prospect, Santa Ana",Auto-generated lead for PSDepot outreach. Type: Steakhouse,2026-04-28,https://www.yelp.com/biz/red-desteakhouse-santa-ana,"https://maps.google.com/?q=2408+Oak+St,Santa+Ana,CA",,,Under $500K,1-10,Low,Orange County
Linda,Lopez,info@cornerseafood.com,(657) 547-7217,Corner Seafood,6343 Third St,Santa Ana,Orange County,CA,90810,Seafood,,CA_Restaurant_Scraper,B,"Restaurant, Seafood, POS_Prospect, Santa Ana",Auto-generated lead for PSDepot outreach. Type: Seafood,2026-04-28,https://www.yelp.com/biz/corner-seafood-santa-ana,"https://maps.google.com/?q=6343+Third+St,Santa+Ana,CA",4.1,468,$5M+,11-25,High,Orange County
Margaret,Hernandez,info@kitchendeltacos.com,(714) 547-1730,Kitchen DelTacos,1361 Broadway,Santa Ana,Orange County,CA,93575,Kitchen,,CA_Restaurant_Scraper,B,"Restaurant, Kitchen, POS_Prospect, Santa Ana",Auto-generated lead for PSDepot outreach. Type: Kitchen,2026-04-28,,"https://maps.google.com/?q=1361+Broadway,Santa+Ana,CA",4.2,83,$500K-$1M,1-10,Low,Orange County
Maria,Miller,,(714) 430-1913,Golden Seafood,6984 Ocean Ave,Santa Ana,Orange County,CA,92660,Seafood,https://www.goldenseafood.com,CA_Restaurant_Scraper,A,"Restaurant, Seafood, POS_Prospect, Santa Ana",Auto-generated lead for PSDepot outreach. Type: Seafood,2026-04-28,https://www.yelp.com/biz/golden-seafood-santa-ana,"https://maps.google.com/?q=6984+Ocean+Ave,Santa+Ana,CA",3.1,164,$5M+,11-25,High,Orange County
Matthew,Hernandez,info@lopezsbbq.com,(714) 333-7679,Lopez's BBQ,1846 Pine St,Santa Ana,Orange County,CA,93552,BBQ,https://www.lopezsbbq.com,CA_Restaurant_Scraper,B,"Restaurant, BBQ, POS_Prospect, Santa Ana",Auto-generated lead for PSDepot outreach. Type: BBQ,2026-04-28,https://www.yelp.com/biz/lopezs-bbq-santa-ana,"https://maps.google.com/?q=1846+Pine+St,Santa+Ana,CA",4.7,365,$5M+,11-25,High,Orange County
Pedro,Perez,,(714) 325-2526,Kitchen DelRestaurant,9634 Ocean Ave,Santa Ana,Orange County,CA,90603,Restaurant,,CA_Restaurant_Scraper,B,"Restaurant, Restaurant, POS_Prospect, Santa Ana",Auto-generated lead for PSDepot outreach. Type: Restaurant,2026-04-28,https://www.yelp.com/biz/kitchen-delrestaurant-santa-ana,"https://maps.google.com/?q=9634+Ocean+Ave,Santa+Ana,CA",4.0,392,$1M-$2.5M,100+,Medium,Orange County
Elizabeth,Miller,,(657) 239-8371,San Coffee,3083 Elm St,Santa Ana,Orange County,CA,96286,Coffee,https://www.sancoffee.com,CA_Restaurant_Scraper,A,"Restaurant, Coffee, POS_Prospect, Santa Ana",Auto-generated lead for PSDepot outreach. Type: Coffee,2026-04-28,https://www.yelp.com/biz/san-coffee-santa-ana,"https://maps.google.com/?q=3083+Elm+St,Santa+Ana,CA",3.5,498,$2.5M-$5M,1-10,High,Orange County
Jessica,Gonzalez,info@bigdiner.com,(714) 362-4713,Big Diner,4073 Second St,Santa Ana,Orange County,CA,92070,Diner,,CA_Restaurant_Scraper,B,"Restaurant, Diner, POS_Prospect, Santa Ana",Auto-generated lead for PSDepot outreach. Type: Diner,2026-04-28,https://www.yelp.com/biz/big-diner-santa-ana,"https://maps.google.com/?q=4073+Second+St,Santa+Ana,CA",,,Under $500K,1-10,Low,Orange County
Pedro,Miller,info@riverasdiner.com,(714) 754-1743,Rivera's Diner,8712 Broadway,Santa Ana,Orange County,CA,90961,Diner,https://www.riverasdiner.com,CA_Restaurant_Scraper,A,"Restaurant, Diner, POS_Prospect, Santa Ana",Auto-generated lead for PSDepot outreach. Type: Diner,2026-04-28,https://www.yelp.com/biz/riveras-diner-santa-ana,"https://maps.google.com/?q=8712+Broadway,Santa+Ana,CA",4.4,146,$500K-$1M,100+,Low,Orange County
Margaret,Torres,,(714) 791-9423,The Diner,1973 Ocean Ave,Santa Ana,Orange County,CA,90904,Diner,,CA_Restaurant_Scraper,B,"Restaurant, Diner, POS_Prospect, Santa Ana",Auto-generated lead for PSDepot outreach. Type: Diner,2026-04-28,,"https://maps.google.com/?q=1973+Ocean+Ave,Santa+Ana,CA",4.6,182,$5M+,11-25,High,Orange County
Anthony,Hernandez,info@gonzalezstacos.com,(714) 736-7777,Gonzalez's Tacos,8802 Cedar Ave,Santa Ana,Orange County,CA,90813,Tacos,,CA_Restaurant_Scraper,B,"Restaurant, Tacos, POS_Prospect, Santa Ana",Auto-generated lead for PSDepot outreach. Type: Tacos,2026-04-28,https://www.yelp.com/biz/gonzalezs-tacos-santa-ana,"https://maps.google.com/?q=8802+Cedar+Ave,Santa+Ana,CA",4.0,408,Under $500K,100+,Low,Orange County
Mark,Brown,,(714) 239-9439,Brown's Burritos,7732 Main St,Santa Ana,Orange County,CA,90212,Burritos,https://www.brownsburritos.com,CA_Restaurant_Scraper,C,"Restaurant, Burritos, POS_Prospect, Santa Ana",Auto-generated lead for PSDepot outreach. Type: Burritos,2026-04-28,,"https://maps.google.com/?q=7732+Main+St,Santa+Ana,CA",3.9,125,Under $500K,51-100,Low,Orange County
Pedro,Martinez,,(714) 861-3945,Garcia's Burritos,3147 Mission St,Santa Ana,Orange County,CA,96337,Burritos,,CA_Restaurant_Scraper,B,"Restaurant, Burritos, POS_Prospect, Santa Ana",Auto-generated lead for PSDepot outreach. Type: Burritos,2026-04-28,,"https://maps.google.com/?q=3147+Mission+St,Santa+Ana,CA",,,Under $500K,51-100,Low,Orange County
Carlos,Torres,,(714) 571-8201,Rivera's Pizza,2134 Wilshire Blvd,Santa Ana,Orange County,CA,95791,Pizza,,CA_Restaurant_Scraper,C,"Restaurant, Pizza, POS_Prospect, Santa Ana",Auto-generated lead for PSDepot outreach. Type: Pizza,2026-04-28,https://www.yelp.com/biz/riveras-pizza-santa-ana,"https://maps.google.com/?q=2134+Wilshire+Blvd,Santa+Ana,CA",,,$2.5M-$5M,1-10,High,Orange County
Betty,Gomez,,(657) 473-7118,Corner Eatery,7996 Maple Ave,Santa Ana,Orange County,CA,92991,Eatery,https://www.cornereatery.com,CA_Restaurant_Scraper,A,"Restaurant, Eatery, POS_Prospect, Santa Ana",Auto-generated lead for PSDepot outreach. Type: Eatery,2026-04-28,https://www.yelp.com/biz/corner-eatery-santa-ana,"https://maps.google.com/?q=7996+Maple+Ave,Santa+Ana,CA",3.5,153,$5M+,100+,High,Orange County
Jessica,Ramirez,info@torresskitchen.com,(657) 980-9758,Torres's Kitchen,3351 Broadway,Santa Ana,Orange County,CA,92225,Kitchen,,CA_Restaurant_Scraper,A,"Restaurant, Kitchen, POS_Prospect, Santa Ana",Auto-generated lead for PSDepot outreach. Type: Kitchen,2026-04-28,https://www.yelp.com/biz/torress-kitchen-santa-ana,"https://maps.google.com/?q=3351+Broadway,Santa+Ana,CA",,,$500K-$1M,26-50,Low,Orange County
Daniel,Gomez,info@bistroburritos.com,(657) 701-7570,Bistro Burritos,9382 Jefferson St,Santa Ana,Orange County,CA,90219,Bistro,,CA_Restaurant_Scraper,A,"Restaurant, Bistro, POS_Prospect, Santa Ana",Auto-generated lead for PSDepot outreach. Type: Bistro,2026-04-28,https://www.yelp.com/biz/bistro-burritos-santa-ana,"https://maps.google.com/?q=9382+Jefferson+St,Santa+Ana,CA",,,$2.5M-$5M,26-50,High,Orange County
Robert,Gomez,info@greendeltaqueria.com,(657) 402-9599,Green DelTaqueria,3976 Main St,Santa Ana,Orange County,CA,95949,Taqueria,https://www.greendeltaqueria.com,CA_Restaurant_Scraper,C,"Restaurant, Taqueria, POS_Prospect, Santa Ana",Auto-generated lead for PSDepot outreach. Type: Taqueria,2026-04-28,,"https://maps.google.com/?q=3976+Main+St,Santa+Ana,CA",3.9,151,Under $500K,51-100,Low,Orange County
Pedro,Martinez,info@littledeseafood.com,(657) 693-1585,Little DeSeafood,2033 Washington Blvd,Santa Ana,Orange County,CA,92926,Seafood,,CA_Restaurant_Scraper,B,"Restaurant, Seafood, POS_Prospect, Santa Ana",Auto-generated lead for PSDepot outreach. Type: Seafood,2026-04-28,,"https://maps.google.com/?q=2033+Washington+Blvd,Santa+Ana,CA",3.2,334,$2.5M-$5M,1-10,High,Orange County
Juan,Davis,info@sansteakhouse.com,(714) 355-3168,San Steakhouse,642 Main St,Santa Ana,Orange County,CA,92587,Steakhouse,,CA_Restaurant_Scraper,B,"Restaurant, Steakhouse, POS_Prospect, Santa Ana",Auto-generated lead for PSDepot outreach. Type: Steakhouse,2026-04-28,https://www.yelp.com/biz/san-steakhouse-santa-ana,"https://maps.google.com/?q=642+Main+St,Santa+Ana,CA",4.5,12,Under $500K,51-100,Low,Orange County
Daniel,Williams,,(714) 922-1503,Los DeGrill,1190 Hollywood Blvd,Santa Ana,Orange County,CA,91162,Grill,https://www.losdegrill.com,CA_Restaurant_Scraper,A,"Restaurant, Grill, POS_Prospect, Santa Ana",Auto-generated lead for PSDepot outreach. Type: Grill,2026-04-28,https://www.yelp.com/biz/los-degrill-santa-ana,"https://maps.google.com/?q=1190+Hollywood+Blvd,Santa+Ana,CA",4.2,350,$5M+,26-50,High,Orange County
Susan,Martinez,info@cafedesushi.com,(714) 821-1672,Cafe DeSushi,1684 Wilshire Blvd,Santa Ana,Orange County,CA,93004,Cafe,,CA_Restaurant_Scraper,C,"Restaurant, Cafe, POS_Prospect, Santa Ana",Auto-generated lead for PSDepot outreach. Type: Cafe,2026-04-28,,"https://maps.google.com/?q=1684+Wilshire+Blvd,Santa+Ana,CA",5.0,438,$5M+,11-25,High,Orange County
Margaret,Hernandez,info@sanderestaurant.com,(714) 284-1508,San DeRestaurant,4931 Broadway,Santa Ana,Orange County,CA,95535,Restaurant,,CA_Restaurant_Scraper,B,"Restaurant, Restaurant, POS_Prospect, Santa Ana",Auto-generated lead for PSDepot outreach. Type: Restaurant,2026-04-28,,"https://maps.google.com/?q=4931+Broadway,Santa+Ana,CA",4.8,381,$2.5M-$5M,100+,High,Orange County
William,Torres,info@greendebakery.com,(714) 500-7191,Green DeBakery,9506 Main St,Santa Ana,Orange County,CA,96912,Bakery,,CA_Restaurant_Scraper,A,"Restaurant, Bakery, POS_Prospect, Santa Ana",Auto-generated lead for PSDepot outreach. Type: Bakery,2026-04-28,,"https://maps.google.com/?q=9506+Main+St,Santa+Ana,CA",4.6,177,Under $500K,26-50,Low,Orange County
Elizabeth,Hernandez,,(714) 603-7928,Lopez's Cafe,8288 Second St,Santa Ana,Orange County,CA,92351,Cafe,,CA_Restaurant_Scraper,A,"Restaurant, Cafe, POS_Prospect, Santa Ana",Auto-generated lead for PSDepot outreach. Type: Cafe,2026-04-28,https://www.yelp.com/biz/lopezs-cafe-santa-ana,"https://maps.google.com/?q=8288+Second+St,Santa+Ana,CA",3.7,494,Under $500K,51-100,Low,Orange County
Anthony,Hernandez,,(714) 615-4651,Casa DeBakery,8994 Ocean Ave,Santa Ana,Orange County,CA,93215,Bakery,,CA_Restaurant_Scraper,B,"Restaurant, Bakery, POS_Prospect, Santa Ana",Auto-generated lead for PSDepot outreach. Type: Bakery,2026-04-28,https://www.yelp.com/biz/casa-debakery-santa-ana,"https://maps.google.com/?q=8994+Ocean+Ave,Santa+Ana,CA",3.5,183,Under $500K,100+,Low,Orange County
Carlos,Torres,info@lassteakhouse.com,(714) 842-3202,Las Steakhouse,330 Hollywood Blvd,Santa Ana,Orange County,CA,91772,Steakhouse,https://www.lassteakhouse.com,CA_Restaurant_Scraper,B,"Restaurant, Steakhouse, POS_Prospect, Santa Ana",Auto-generated lead for PSDepot outreach. Type: Steakhouse,2026-04-28,,"https://maps.google.com/?q=330+Hollywood+Blvd,Santa+Ana,CA",,,$500K-$1M,1-10,Low,Orange County
Roberto,Torres,info@sandeltaqueria.com,(657) 319-2972,San DelTaqueria,2966 Jefferson St,Santa Ana,Orange County,CA,95230,Taqueria,,CA_Restaurant_Scraper,B,"Restaurant, Taqueria, POS_Prospect, Santa Ana",Auto-generated lead for PSDepot outreach. Type: Taqueria,2026-04-28,,"https://maps.google.com/?q=2966+Jefferson+St,Santa+Ana,CA",4.9,288,$5M+,26-50,High,Orange County
Anthony,Sanchez,,(657) 410-1848,Blue DeGrill,5062 First St,Santa Ana,Orange County,CA,96537,Grill,,CA_Restaurant_Scraper,B,"Restaurant, Grill, POS_Prospect, Santa Ana",Auto-generated lead for PSDepot outreach. Type: Grill,2026-04-28,,"https://maps.google.com/?q=5062+First+St,Santa+Ana,CA",4.7,326,$5M+,1-10,High,Orange County
Anthony,Lopez,info@goldendebargrill.com,(657) 789-4197,Golden DeBar & Grill,2642 Hollywood Blvd,Santa Ana,Orange County,CA,93598,Bar & Grill,,CA_Restaurant_Scraper,B,"Restaurant, Bar & Grill, POS_Prospect, Santa Ana",Auto-generated lead for PSDepot outreach. Type: Bar & Grill,2026-04-28,https://www.yelp.com/biz/golden-debar-&-grill-santa-ana,"https://maps.google.com/?q=2642+Hollywood+Blvd,Santa+Ana,CA",3.5,437,$500K-$1M,11-25,Low,Orange County
Steven,Johnson,info@spotdeltaqueria.com,(714) 245-4227,Spot DelTaqueria,821 Washington Blvd,Santa Ana,Orange County,CA,95265,Taqueria,,CA_Restaurant_Scraper,B,"Restaurant, Taqueria, POS_Prospect, Santa Ana",Auto-generated lead for PSDepot outreach. Type: Taqueria,2026-04-28,,"https://maps.google.com/?q=821+Washington+Blvd,Santa+Ana,CA",4.6,233,Under $500K,1-10,Low,Orange County
Robert,Torres,info@millerssushi.com,(657) 496-2990,Miller's Sushi,2926 Cedar Ave,Santa Ana,Orange County,CA,96045,Sushi,https://www.millerssushi.com,CA_Restaurant_Scraper,C,"Restaurant, Sushi, POS_Prospect, Santa Ana",Auto-generated lead for PSDepot outreach. Type: Sushi,2026-04-28,,"https://maps.google.com/?q=2926+Cedar+Ave,Santa+Ana,CA",3.8,255,Under $500K,1-10,Low,Orange County
Elizabeth,Martinez,,(714) 902-9346,Johnson's Taqueria,3591 Cedar Ave,Santa Ana,Orange County,CA,91111,Taqueria,,CA_Restaurant_Scraper,C,"Restaurant, Taqueria, POS_Prospect, Santa Ana",Auto-generated lead for PSDepot outreach. Type: Taqueria,2026-04-28,https://www.yelp.com/biz/johnsons-taqueria-santa-ana,"https://maps.google.com/?q=3591+Cedar+Ave,Santa+Ana,CA",3.2,135,$5M+,51-100,High,Orange County
William,Gonzalez,,(714) 778-4912,Los DelPizza,7733 Hollywood Blvd,Santa Ana,Orange County,CA,91328,Pizza,https://www.losdelpizza.com,CA_Restaurant_Scraper,B,"Restaurant, Pizza, POS_Prospect, Santa Ana",Auto-generated lead for PSDepot outreach. Type: Pizza,2026-04-28,,"https://maps.google.com/?q=7733+Hollywood+Blvd,Santa+Ana,CA",4.8,62,$5M+,1-10,High,Orange County
Sarah,Hernandez,info@reddelbakery.com,(657) 531-8900,Red DelBakery,1274 Market St,Santa Ana,Orange County,CA,92544,Bakery,,CA_Restaurant_Scraper,B,"Restaurant, Bakery, POS_Prospect, Santa Ana",Auto-generated lead for PSDepot outreach. Type: Bakery,2026-04-28,https://www.yelp.com/biz/red-delbakery-santa-ana,"https://maps.google.com/?q=1274+Market+St,Santa+Ana,CA",4.7,67,$2.5M-$5M,100+,High,Orange County
Susan,Martinez,,(714) 645-7080,Green Taqueria,3178 Market St,Santa Ana,Orange County,CA,91522,Taqueria,,CA_Restaurant_Scraper,A,"Restaurant, Taqueria, POS_Prospect, Santa Ana",Auto-generated lead for PSDepot outreach. Type: Taqueria,2026-04-28,https://www.yelp.com/biz/green-taqueria-santa-ana,"https://maps.google.com/?q=3178+Market+St,Santa+Ana,CA",3.5,346,$1M-$2.5M,100+,Medium,Orange County
Roberto,Davis,info@pueblodebistro.com,(714) 794-6363,Pueblo DeBistro,4969 Cedar Ave,Santa Ana,Orange County,CA,91263,Bistro,,CA_Restaurant_Scraper,C,"Restaurant, Bistro, POS_Prospect, Santa Ana",Auto-generated lead for PSDepot outreach. Type: Bistro,2026-04-28,https://www.yelp.com/biz/pueblo-debistro-santa-ana,"https://maps.google.com/?q=4969+Cedar+Ave,Santa+Ana,CA",3.9,315,$2.5M-$5M,51-100,High,Orange County
Matthew,Miller,,(714) 920-2398,Blue DelBistro,473 Jefferson St,Santa Ana,Orange County,CA,90151,Bistro,https://www.bluedelbistro.com,CA_Restaurant_Scraper,C,"Restaurant, Bistro, POS_Prospect, Santa Ana",Auto-generated lead for PSDepot outreach. Type: Bistro,2026-04-28,,"https://maps.google.com/?q=473+Jefferson+St,Santa+Ana,CA",4.7,234,$1M-$2.5M,100+,Medium,Orange County
Paul,Gomez,info@spotbakery.com,(657) 938-2074,Spot Bakery,9274 Pine St,Santa Ana,Orange County,CA,94721,Bakery,,CA_Restaurant_Scraper,A,"Restaurant, Bakery, POS_Prospect, Santa Ana",Auto-generated lead for PSDepot outreach. Type: Bakery,2026-04-28,https://www.yelp.com/biz/spot-bakery-santa-ana,"https://maps.google.com/?q=9274+Pine+St,Santa+Ana,CA",,,$500K-$1M,1-10,Low,Orange County
Mark,Gonzalez,info@bistrodetaqueria.com,(657) 957-7444,Bistro DeTaqueria,9897 Jefferson St,Santa Ana,Orange County,CA,95422,Taqueria,,CA_Restaurant_Scraper,A,"Restaurant, Taqueria, POS_Prospect, Santa Ana",Auto-generated lead for PSDepot outreach. Type: Taqueria,2026-04-28,https://www.yelp.com/biz/bistro-detaqueria-santa-ana,"https://maps.google.com/?q=9897+Jefferson+St,Santa+Ana,CA",4.7,100,$2.5M-$5M,100+,High,Orange County
Daniel,Brown,,(714) 989-8010,Bistro DeBBQ,8996 Wilshire Blvd,Santa Ana,Orange County,CA,94385,Bistro,,CA_Restaurant_Scraper,B,"Restaurant, Bistro, POS_Prospect, Santa Ana",Auto-generated lead for PSDepot outreach. Type: Bistro,2026-04-28,https://www.yelp.com/biz/bistro-debbq-santa-ana,"https://maps.google.com/?q=8996+Wilshire+Blvd,Santa+Ana,CA",3.9,332,$5M+,26-50,High,Orange County
Christopher,Davis,info@bistrodediner.com,(657) 941-8299,Bistro DeDiner,3307 Jefferson St,Santa Ana,Orange County,CA,92076,Diner,,CA_Restaurant_Scraper,C,"Restaurant, Diner, POS_Prospect, Santa Ana",Auto-generated lead for PSDepot outreach. Type: Diner,2026-04-28,,"https://maps.google.com/?q=3307+Jefferson+St,Santa+Ana,CA",3.6,80,$500K-$1M,26-50,Low,Orange County
Christopher,Miller,info@jonesskitchen.com,(714) 650-3862,Jones's Kitchen,9400 First St,Santa Ana,Orange County,CA,91809,Kitchen,https://www.jonesskitchen.com,CA_Restaurant_Scraper,B,"Restaurant, Kitchen, POS_Prospect, Santa Ana",Auto-generated lead for PSDepot outreach. Type: Kitchen,2026-04-28,,"https://maps.google.com/?q=9400+First+St,Santa+Ana,CA",4.3,132,$1M-$2.5M,1-10,Medium,Orange County
Pedro,Gomez,info@brownsbakery.com,(657) 370-4724,Brown's Bakery,7904 Oak St,Santa Ana,Orange County,CA,90529,Bakery,,CA_Restaurant_Scraper,C,"Restaurant, Bakery, POS_Prospect, Santa Ana",Auto-generated lead for PSDepot outreach. Type: Bakery,2026-04-28,,"https://maps.google.com/?q=7904+Oak+St,Santa+Ana,CA",3.0,217,$5M+,100+,High,Orange County
Anthony,Davis,,(714) 446-7870,Garcia's Pizza,1724 Market St,Santa Ana,Orange County,CA,96229,Pizza,https://www.garciaspizza.com,CA_Restaurant_Scraper,C,"Restaurant, Pizza, POS_Prospect, Santa Ana",Auto-generated lead for PSDepot outreach. Type: Pizza,2026-04-28,,"https://maps.google.com/?q=1724+Market+St,Santa+Ana,CA",3.1,227,$1M-$2.5M,26-50,Medium,Orange County
Maria,Garcia,info@riveraseatery.com,(714) 567-6602,Rivera's Eatery,1455 Jefferson St,Santa Ana,Orange County,CA,94193,Eatery,https://www.riveraseatery.com,CA_Restaurant_Scraper,A,"Restaurant, Eatery, POS_Prospect, Santa Ana",Auto-generated lead for PSDepot outreach. Type: Eatery,2026-04-28,,"https://maps.google.com/?q=1455+Jefferson+St,Santa+Ana,CA",3.5,51,Under $500K,100+,Low,Orange County
Jennifer,Hernandez,info@bistrokitchen.com,(714) 719-9430,Bistro Kitchen,2300 Broadway,Santa Ana,Orange County,CA,94708,Kitchen,,CA_Restaurant_Scraper,B,"Restaurant, Kitchen, POS_Prospect, Santa Ana",Auto-generated lead for PSDepot outreach. Type: Kitchen,2026-04-28,,"https://maps.google.com/?q=2300+Broadway,Santa+Ana,CA",4.5,104,$1M-$2.5M,26-50,Medium,Orange County
Paul,Hernandez,,(714) 761-3318,The Burger,5576 Sunset Blvd,Santa Ana,Orange County,CA,92685,Burger,,CA_Restaurant_Scraper,C,"Restaurant, Burger, POS_Prospect, Santa Ana",Auto-generated lead for PSDepot outreach. Type: Burger,2026-04-28,https://www.yelp.com/biz/the-burger-santa-ana,"https://maps.google.com/?q=5576+Sunset+Blvd,Santa+Ana,CA",3.1,178,$1M-$2.5M,11-25,Medium,Orange County
David,Miller,info@kitchendediner.com,(714) 435-1257,Kitchen DeDiner,1400 Sunset Blvd,Santa Ana,Orange County,CA,90418,Diner,,CA_Restaurant_Scraper,C,"Restaurant, Diner, POS_Prospect, Santa Ana",Auto-generated lead for PSDepot outreach. Type: Diner,2026-04-28,https://www.yelp.com/biz/kitchen-dediner-santa-ana,"https://maps.google.com/?q=1400+Sunset+Blvd,Santa+Ana,CA",4.6,172,$2.5M-$5M,1-10,High,Orange County
