name,dba,primary,city,county,state,zip,address,license_type,license_num,expiry
1821 FINE WINE & SPIRITS,1821 FINE WINE & SPIRITS,ZONIN USA INC,AMERICAN CANYON,Napa,CA,94503-9604,125 MEZZETTA CT,10,00446585,30-NOV-2026
7 ELEVEN STORE 2365-16640E,7 ELEVEN STORE 2365-16640E,7 ELEVEN INC,AMERICAN CANYON,Napa,CA,94503,26 RIO DEL MAR,20,00553936,30-JUN-2027
ANTIGAL WINERY & ESTATES,ANTIGAL WINERY & ESTATES,CORK ALLIANCE INC,AMERICAN CANYON,Napa,CA,94503-9611,1275 COMMERCE BLVD,10,00510679,31-JAN-2027
ARIL WINES 2.0 LLC,,ARIL WINES 2.0 LLC,AMERICAN CANYON,Napa,CA,94503-5106,644 HANNA DR,17,00610232,31-OCT-2026
ARIL WINES 2.0 LLC,,ARIL WINES 2.0 LLC,AMERICAN CANYON,Napa,CA,94503-5106,644 HANNA DR,20,00610232,31-OCT-2026
BEL KING INDIAN GRILL,BEL KING INDIAN GRILL,PARM UDASIN INC,AMERICAN CANYON,Napa,CA,94503-1199,5075 MAIN ST,41,00665424,30-JUN-2026
BLOC WINES  INC.,BLOC WINES  INC.,BLOC WINES  INC.,AMERICAN CANYON,Napa,CA,94503-1716,265 LOMBARD RD,02,00674917,30-JUN-2027
BRAZOS WINE IMPORTS  LLC,BRAZOS WINE IMPORTS  LLC,BRAZOS WINE IMPORTS LLC,AMERICAN CANYON,Napa,CA,94503-9604,125 MEZZETTA CT,10,00664261,30-SEP-2026
BRAZOS WINE IMPORTS  LLC,BRAZOS WINE IMPORTS  LLC,BRAZOS WINE IMPORTS LLC,AMERICAN CANYON,Napa,CA,94503-9604,125 MEZZETTA CT,13,00664261,30-SEP-2026
BROADWAY MARKET,BROADWAY MARKET,GILL  JAGJOT SINGH,AMERICAN CANYON,Napa,CA,94503-9659,3915 BROADWAY ST,21,00531801,30-APR-2027
BURGERIM,BURGERIM,DIVERSIFIED FINANCIAL SOLUTIONS,AMERICAN CANYON,Napa,CA,94503-1163,101 W AMERICAN CANYON RD,41,00666147,28-FEB-2027
BURGERIM,BURGERIM,DIVERSIFIED FINANCIAL SOLUTIONS,AMERICAN CANYON,Napa,CA,94503-1163,101 W AMERICAN CANYON RD,58,00666147,28-FEB-2027
CANYON CAFE,CANYON CAFE,BAJA CALI INC,AMERICAN CANYON,Napa,CA,94503-1274,3845 BROADWAY ST,41,00648774,31-AUG-2026
CHARDONNAY GOLF CLUB,CHARDONNAY GOLF CLUB,NAPA GOLF ASSOCIATES LLC,AMERICAN CANYON,Napa,CA,94503-9704,2555 JAMESON CANYON RD,47,00436787,31-JUL-2026
CHARDONNAY GOLF CLUB,CHARDONNAY GOLF CLUB,NAPA GOLF ASSOCIATES LLC,AMERICAN CANYON,Napa,CA,94503-9704,2555 JAMESON CANYON RD,68,00436787,31-JUL-2026
CHARDONNAY GOLF CLUB,CHARDONNAY GOLF CLUB,NAPA GOLF ASSOCIATES LLC,AMERICAN CANYON,Napa,CA,94503-9704,2555 JAMESON CANYON RD,47,00436787,31-JUL-2026
CIRCLE K STORES,CIRCLE K STORES,CIRCLE K STORES INC,AMERICAN CANYON,Napa,CA,94503,112 LOMBARD RD,20,00624818,28-FEB-2027
CITATION WINE,CITATION WINE,ERRATIC OAKS VINEYARD  INC.,AMERICAN CANYON,Napa,CA,94503,801 HANNA DR,10,00602528,30-NOV-2026
DEUTSCH FAMILY WINE & SPIRITS,DEUTSCH FAMILY WINE & SPIRITS,W J DEUTSCH & SONS LTD,AMERICAN CANYON,Napa,CA,94503-9606,875 HANNA DR,10,00419374,30-NOV-2026
DEUTSCH FAMILY WINE & SPIRITS,DEUTSCH FAMILY WINE & SPIRITS,W J DEUTSCH & SONS LTD,AMERICAN CANYON,Napa,CA,94503-9604,125 MEZZETTA CT,13,00488945,31-MAY-2027
ETHICA WINES,ETHICA WINES,F & F FINE WINES INTERNATIONAL INC,AMERICAN CANYON,Napa,CA,94503-9611,1275 COMMERCE BLVD,10,00544107,31-MAY-2027
FORTHRIGHT WINERY,FORTHRIGHT WINERY,BOLENOLOGY LLC,AMERICAN CANYON,Napa,CA,94503-1298,100 NAPA JUNCTION RD,02,00676875,30-JUN-2027
FOUR BEARS WINERY,FOUR BEARS WINERY,FOUR BEARS WINERY LLC,AMERICAN CANYON,Napa,CA,94503-9624,205 JIM OSWALT WAY,02,00601542,
FOUR BEARS WINERY,FOUR BEARS WINERY,FOUR BEARS WINERY LLC,AMERICAN CANYON,Napa,CA,94508,205 JIM OSWALT WAY,02,00433862,
GOLD MEDAL WINE GROUP  LLC,,GOLD MEDAL WINE GROUP  LLC,AMERICAN CANYON,Napa,CA,94503-9717,255 LOMBARD RD,09,00670283,31-MAR-2027
GOLD MEDAL WINE GROUP  LLC,,GOLD MEDAL WINE GROUP  LLC,AMERICAN CANYON,Napa,CA,94503-9717,255 LOMBARD RD,02,00670283,30-JUN-2026
GOLD MEDAL WINE GROUP  LLC,,GOLD MEDAL WINE GROUP  LLC,AMERICAN CANYON,Napa,CA,94503-9717,255 LOMBARD RD,17,00670283,31-MAR-2027
GOLD MEDAL WINE GROUP  LLC,,GOLD MEDAL WINE GROUP  LLC,AMERICAN CANYON,Napa,CA,94503-9717,255 LOMBARD RD,20,00670283,31-MAR-2027
GOLD MEDAL WINE GROUP  LLC,,GOLD MEDAL WINE GROUP  LLC,AMERICAN CANYON,Napa,CA,94503-9717,255 LOMBARD RD,14,00670283,31-MAR-2027
HALBY MARKETING INC,HALBY MARKETING INC,HALBY MARKETING INC,AMERICAN CANYON,Napa,CA,94503-9667,175 TOWER RD,13,00361284,31-OCT-2026
HARLAN ESTATE WINERY INC,HARLAN ESTATE WINERY INC,HARLAN ESTATE WINERY INC,AMERICAN CANYON,Napa,CA,94503-1704,5555 NAPA VALLEJO HWY,02,00443146,
HARLAN ESTATE WINERY INC,HARLAN ESTATE WINERY INC,HARLAN ESTATE WINERY INC,AMERICAN CANYON,Napa,CA,94503-9708,265 LOMBARD RD,02,00570909,30-JUN-2027
HOBEL WINES,HOBEL WINES,HOBEL WINES  LLC,AMERICAN CANYON,Napa,CA,94503-9667,177 TOWER RD,02,00628556,30-JUN-2027
HUB & SPOKE WINE CO,HUB & SPOKE WINE CO,PRIM FAMILY VINEYARD  LLC,AMERICAN CANYON,Napa,CA,94503-9667,175 TOWER RD,02,00551225,30-JUN-2027
INDIGO WINE GROUP,INDIGO WINE GROUP,INDIGO WINE GROUP LLC,AMERICAN CANYON,Napa,CA,94503-9606,875 HANNA DR,10,00444310,30-NOV-2026
ISRAELI WINE DIRECT,ISRAELI WINE DIRECT,ISRAELI WINE DIRECT  LLC,AMERICAN CANYON,Napa,CA,94503-1701,5555 BROADWAY,17,00532674,30-JUN-2026
ISRAELI WINE DIRECT,ISRAELI WINE DIRECT,ISRAELI WINE DIRECT  LLC,AMERICAN CANYON,Napa,CA,94503-1701,5555 BROADWAY,20,00532674,30-JUN-2026
ISRAELI WINE DIRECT,ISRAELI WINE DIRECT,ISRAELI WINE DIRECT  LLC,AMERICAN CANYON,Napa,CA,94503-1701,5555 BROADWAY,09,00532674,30-JUN-2026
JCOMMERCE WINE,JCOMMERCE WINE,JCOMMERCE WINE LIMITED LIABILITY COMPANY,AMERICAN CANYON,Napa,CA,94503-9709,255 LOMBARD RD.  STE K,17,00576638,31-JAN-2027
JCOMMERCE WINE,JCOMMERCE WINE,JCOMMERCE WINE LIMITED LIABILITY COMPANY,AMERICAN CANYON,Napa,CA,94503-9709,255 LOMBARD RD.  STE K,20,00576638,31-JAN-2027
JCOMMERCE WINE,JCOMMERCE WINE,JCOMMERCE WINE LIMITED LIABILITY COMPANY,AMERICAN CANYON,Napa,CA,94503-9709,255 LOMBARD RD.  STE K,09,00576638,31-JAN-2027
JUNCTION BREWERY & GRILL,JUNCTION BREWERY & GRILL,JBG INVESTMENT GROUP LLC,AMERICAN CANYON,Napa,CA,94503-4196,110 W AMERICAN CANYON RD,75,00553189,
KING ESTATE WINERY,KING ESTATE WINERY,KING ESTATE WINERY L-PSHIP,AMERICAN CANYON,Napa,CA,94503,760-820 HANNA DR,10,00405686,30-NOV-2026
LARUE WINES,LARUE WINES,LARUE WINES  INC.,AMERICAN CANYON,Napa,CA,94503-9667,175 TOWER RD,17,00572324,30-SEP-2026
LARUE WINES,LARUE WINES,LARUE WINES  INC.,AMERICAN CANYON,Napa,CA,94503-9667,175 TOWER RD,20,00572324,30-SEP-2026
MASCOT WINE,MASCOT WINE,THE MASCOT WINE  LLC,AMERICAN CANYON,Napa,CA,94503-9708,265 LOMBARD RD,02,00580163,30-JUN-2027
MOUNTAIN MIKES PIZZA,MOUNTAIN MIKES PIZZA,AMERICAN CANYON MMP INC,AMERICAN CANYON,Napa,CA,94503-1281,410 NAPA JUNCTION RD,41,00593812,
MOUNTAIN MIKES PIZZA,MOUNTAIN MIKES PIZZA,AMERICAN CANYON MMP INC,AMERICAN CANYON,Napa,CA,94503-1281,410 NAPA JUNCTION RD,41,00593812,30-JUN-2026
NAKEDWINES.COM,NAKEDWINES.COM,NAKEDWINES.COM  INC.,AMERICAN CANYON,Napa,CA,94503-5105,677 HANNA DR,02,00604088,30-JUN-2027
NAKEDWINES.COM,NAKEDWINES.COM,NAKEDWINES.COM  INC.,AMERICAN CANYON,Napa,CA,94503-5105,677 HANNA DR,09,00604088,30-JUN-2027
NAPA VALLEJO FLEA MARKET,NAPA VALLEJO FLEA MARKET,HARDING  HARRY NELSON,AMERICAN CANYON,Napa,CA,94503,303 S KELLY RD,40,00028999,30-SEP-2026
NORTHWEST WINES LTD,NORTHWEST WINES LTD,NORTHWEST WINES LTD,AMERICAN CANYON,Napa,CA,94503-9639,1200 GREEN ISLAND RD,17,00660821,31-JUL-2026
NORTHWEST WINES LTD,NORTHWEST WINES LTD,NORTHWEST WINES LTD,AMERICAN CANYON,Napa,CA,94503-9639,1200 GREEN ISLAND RD,09,00660821,31-JUL-2026
ONE-TEN RESTAURANT AND BAR LLC,,ONE-TEN RESTAURANT AND BAR LLC,AMERICAN CANYON,Napa,CA,94503-4196,110 W AMERICAN CANYON RD,47,00660459,31-OCT-2026
PARRY MARKET,PARRY MARKET,PARRY MARKET,AMERICAN CANYON,Napa,CA,94503-3004,234 AMERICAN CANYON RD,21,00646267,31-JUL-2026
PARRYS PIZZERIA RESTAURANT,PARRYS PIZZERIA RESTAURANT,KAUR  MANDEEP,AMERICAN CANYON,Napa,CA,94503,234 AMERICAN CANYON RD,41,00535744,31-AUG-2026
PLATA WINE PARTNERS,PLATA WINE PARTNERS,PLATA WINE PARTNERS LLC,AMERICAN CANYON,Napa,CA,94508,205 JIM OSWALT WAY,02,00448351,
PLATA WINE PARTNERS,PLATA WINE PARTNERS,PLATA WINE PARTNERS LLC,AMERICAN CANYON,Napa,CA,94503-5105,677 HANNA DR,02,00589045,
PLATA WINE PARTNERS,PLATA WINE PARTNERS,PLATA WINE PARTNERS LLC,AMERICAN CANYON,Napa,CA,94503-5105,677 HANNA DR,02,00589045,30-JUN-2027
PLATA WINE PARTNERS,PLATA WINE PARTNERS,PLATA WINE PARTNERS LLC,AMERICAN CANYON,Napa,CA,94508,205 JIM OSWALT WAY,02,00448351,
PRECEPT WINE,PRECEPT WINE,PRECEPT BRANDS LLC,AMERICAN CANYON,Napa,CA,94503-9681,700 HANNA DRIVE,13,00557330,30-JUN-2027
PRECEPT WINE,PRECEPT WINE,PRECEPT BRANDS LLC,AMERICAN CANYON,Napa,CA,94503-9681,700 HANNA DRIVE,17,00557330,30-JUN-2027
PRECEPT WINE,PRECEPT WINE,PRECEPT BRANDS LLC,AMERICAN CANYON,Napa,CA,94503-9681,700 HANNA DRIVE,09,00557330,30-JUN-2027
PRESTIGE WINE CO,PRESTIGE WINE CO,PRESTIGE WORLDWIDE WINE COMPANY LLC,AMERICAN CANYON,Napa,CA,94503-5105,677 HANNA DR,02,00627835,30-JUN-2026
PURPLE WINE AND SPIRITS,PURPLE WINE AND SPIRITS,PURPLE WINE COMPANY  LLC,AMERICAN CANYON,Napa,CA,94503-9695,205 JIM OSWALT WY,02,00552050,
PURPLE WINES,PURPLE WINES,PURPLE WINE COMPANY  LLC,AMERICAN CANYON,Napa,CA,94503-9621,1166 COMMERCE BLVD,09,00657403,
PURPLE WINES,PURPLE WINES,PURPLE WINE COMPANY  LLC,AMERICAN CANYON,Napa,CA,94503-9621,1166 COMMERCE BLVD,02,00657403,
PURPLE WINES,PURPLE WINES,PURPLE WINE COMPANY  LLC,AMERICAN CANYON,Napa,CA,94503-9621,1166 COMMERCE BLVD,09,00657403,30-JUN-2027
PURPLE WINES,PURPLE WINES,PURPLE WINE COMPANY  LLC,AMERICAN CANYON,Napa,CA,94503-9621,1166 COMMERCE BLVD,02,00657403,30-JUN-2027
RANCHO UVA BLANKA FAMILY WINES,RANCHO UVA BLANKA FAMILY WINES,RODRIGUEZ  BILLY,AMERICAN CANYON,Napa,CA,94573-1206,111 HOLCOMB LN,17,00602844,28-FEB-2027
RANCHO UVA BLANKA FAMILY WINES,RANCHO UVA BLANKA FAMILY WINES,RODRIGUEZ  BILLY,AMERICAN CANYON,Napa,CA,94573-1206,111 HOLCOMB LN,20,00602844,28-FEB-2027
ROUND TABLE PIZZA,ROUND TABLE PIZZA,BABAK ENTERPRISES INC,AMERICAN CANYON,Napa,CA,94503,5055 MAIN ST,41,00443940,30-SEP-2026
SAN FRANCISCO WINE EXCHANGE,SAN FRANCISCO WINE EXCHANGE,SAN FRANCISCO WINE EXCHANGE INC THE,AMERICAN CANYON,Napa,CA,94503-5106,644 HANNA DR,13,00539370,
SERENDIPITY WINES WC  LLC,SERENDIPITY WINES WC  LLC,SERENDIPITY WINES WC  LLC,AMERICAN CANYON,Napa,CA,94503-9639,1200 GREEN ISLAND RD,18,00651399,31-JAN-2027
SERENDIPITY WINES WC  LLC,SERENDIPITY WINES WC  LLC,SERENDIPITY WINES WC  LLC,AMERICAN CANYON,Napa,CA,94503-9639,1200 GREEN ISLAND RD,12,00651399,31-JAN-2027
SOKOL BLOSSER WINERY,SOKOL BLOSSER WINERY,SOKOL BLOSSER LTD,AMERICAN CANYON,Napa,CA,94503,760-820 HANNA DR,10,00579649,30-SEP-2026
SONOMA WINE COMPANY,SONOMA WINE COMPANY,SONOMA WINE COMPANY  LLC,AMERICAN CANYON,Napa,CA,94503-9624,205 JIM OSWALT WAY,02,00522702,
SONOMA WINE COMPANY,SONOMA WINE COMPANY,SONOMA WINE COMPANY  LLC,AMERICAN CANYON,Napa,CA,94503-9624,205 JIM OSWALT WAY,06,00522702,
SOUTH KELLY GRILL,SOUTH KELLY GRILL,KILLIAN  ELIZABETH KATHERN,AMERICAN CANYON,Napa,CA,94503,101 CAFE CT,41,00577824,28-FEB-2027
SOUTHERN WINE GROUP  LLC,SOUTHERN WINE GROUP  LLC,SOUTHERN WINE GROUP  LLC,AMERICAN CANYON,Napa,CA,94503-9611,1275 COMMERCE BLVD,17,00426583,30-JUN-2027
SOUTHERN WINE GROUP  LLC,SOUTHERN WINE GROUP  LLC,SOUTHERN WINE GROUP  LLC,AMERICAN CANYON,Napa,CA,94503-9611,1275 COMMERCE BLVD,20,00426583,30-JUN-2027
SOUTHERN WINE GROUP  LLC,SOUTHERN WINE GROUP  LLC,SOUTHERN WINE GROUP  LLC,AMERICAN CANYON,Napa,CA,94503-9611,1275 COMMERCE BLVD,09,00426583,30-JUN-2027
SPRINGBOARD WINE COMPANY,SPRINGBOARD WINE COMPANY,SPRINGBOARD WINE COMPANY LLC,AMERICAN CANYON,Napa,CA,94503-9639,1200 GREEN ISLAND RD,18,00615547,31-MAR-2027
SPRINGBOARD WINE COMPANY,SPRINGBOARD WINE COMPANY,SPRINGBOARD WINE COMPANY LLC,AMERICAN CANYON,Napa,CA,94503-9639,1200 GREEN ISLAND RD,12,00615547,31-MAR-2027
STOVER OAKS VINEYARD & WINERY,STOVER OAKS VINEYARD & WINERY,BLACKTHORN ENTERPRISES INC,AMERICAN CANYON,Napa,CA,94503-3164,102 GOLD VALLEY CT,02,00526589,30-JUN-2026
SUNRISE RANCH WINERY,SUNRISE RANCH WINERY,LAIRD FAMILY ESTATE LLC,AMERICAN CANYON,Napa,CA,94503-9697,1 KIRKLAND RANCH RD,02,00588793,30-JUN-2027
SUTTER HOME WINERY,SUTTER HOME WINERY,SUTTER HOME WINERY INC,AMERICAN CANYON,Napa,CA,94503-9637,303 GREEN ISLAND RD,02,00242717,
SUTTER HOME WINERY,SUTTER HOME WINERY,SUTTER HOME WINERY INC,AMERICAN CANYON,Napa,CA,94503-9637,303 GREEN ISLAND RD,02,00242717,30-JUN-2027
SUTTER HOME WINERY,SUTTER HOME WINERY,SUTTER HOME WINERY INC,AMERICAN CANYON,Napa,CA,94503-9637,303 GREEN ISLAND RD,18,00242717,31-JUL-2027
SUTTER HOME WINERY,SUTTER HOME WINERY,SUTTER HOME WINERY INC,AMERICAN CANYON,Napa,CA,94503-9637,303 GREEN ISLAND RD,24,00242717,28-FEB-2027
SUTTER HOME WINERY,SUTTER HOME WINERY,SUTTER HOME WINERY INC,AMERICAN CANYON,Napa,CA,94503-9637,303 GREEN ISLAND RD,14,00242717,31-OCT-2026
SUTTER HOME WINERY,SUTTER HOME WINERY,SUTTER HOME WINERY INC,AMERICAN CANYON,Napa,CA,94503-9637,303 GREEN ISLAND RD,12,00242717,31-JUL-2027
SWIRL WINE BROKERS INC,,SWIRL WINE BROKERS INC,AMERICAN CANYON,Napa,CA,94503-5103,644 HANNA DR.,17,00567098,31-MAY-2026
SWIRL WINE BROKERS INC,,SWIRL WINE BROKERS INC,AMERICAN CANYON,Napa,CA,94503-5103,644 HANNA DR.,09,00567098,31-MAY-2026
TACOS MICHOACHAN 2,TACOS MICHOACHAN 2,RUEDA ARREOLA  JOSE N,AMERICAN CANYON,Napa,CA,94503-9659,3945 BROADWAY ST,41,00547754,31-AUG-2026
THAI KITCHEN RESTAURANT,THAI KITCHEN RESTAURANT,THAI KITCHEN AM CAN,AMERICAN CANYON,Napa,CA,94503-1253,3425 BROADWAY ST,41,00560017,31-JAN-2027
TRI-VIN WINES AND SPIRITS,TRI-VIN WINES AND SPIRITS,TRI-VIN IMPORTS  INC.,AMERICAN CANYON,Napa,CA,94503-9626,1155 COMMERCE BLVD,17,00659201,31-JAN-2027
TRI-VIN WINES AND SPIRITS,TRI-VIN WINES AND SPIRITS,TRI-VIN IMPORTS  INC.,AMERICAN CANYON,Napa,CA,94503-9626,1155 COMMERCE BLVD,18,00659201,31-JAN-2027
TRI-VIN WINES AND SPIRITS,TRI-VIN WINES AND SPIRITS,TRI-VIN IMPORTS  INC.,AMERICAN CANYON,Napa,CA,94503-9626,1155 COMMERCE BLVD,09,00659201,31-JAN-2027
TRI-VIN WINES AND SPIRITS,TRI-VIN WINES AND SPIRITS,TRI-VIN IMPORTS  INC.,AMERICAN CANYON,Napa,CA,94503-9626,1155 COMMERCE BLVD,12,00659201,31-JAN-2027
USA WINE WEST,USA WINE WEST,USA WINE WEST  LLC,AMERICAN CANYON,Napa,CA,94503-9639,1200 GREEN ISLAND RD,12,00594958,
USA WINE WEST,USA WINE WEST,USA WINE WEST  LLC,AMERICAN CANYON,Napa,CA,94503-9639,1200 GREEN ISLAND RD,09,00594958,
USA WINE WEST,USA WINE WEST,USA WINE WEST  LLC,AMERICAN CANYON,Napa,CA,94503-9639,1200 GREEN ISLAND RD,18,00594958,
USA WINE WEST,USA WINE WEST,USA WINE WEST  LLC,AMERICAN CANYON,Napa,CA,94503-9639,1200 GREEN ISLAND RD,17,00594958,
USA WINE WEST,USA WINE WEST,USA WINE WEST  LLC,AMERICAN CANYON,Napa,CA,94503-9639,1200 GREEN ISLAND RD,18,00594958,30-APR-2027
USA WINE WEST,USA WINE WEST,USA WINE WEST  LLC,AMERICAN CANYON,Napa,CA,94503-9639,1200 GREEN ISLAND RD,17,00594958,30-SEP-2026
USA WINE WEST,USA WINE WEST,USA WINE WEST  LLC,AMERICAN CANYON,Napa,CA,94503-9639,1200 GREEN ISLAND RD,12,00594958,30-APR-2027
USA WINE WEST,USA WINE WEST,USA WINE WEST  LLC,AMERICAN CANYON,Napa,CA,94503-9639,1200 GREEN ISLAND RD,09,00594958,30-SEP-2026
VALENTINA'S KITCHEN,VALENTINA'S KITCHEN,VALENTINA'S KITCHEN  LLC,AMERICAN CANYON,Napa,CA,94503-4195,100 W AMERICAN CANYON RD,41,00656243,30-APR-2027
VALLEY WINE WAREHOUSE,VALLEY WINE WAREHOUSE,H P D CONSOLIDATION INC,AMERICAN CANYON,Napa,CA,94503-9667,175 TOWER RD,14,00352158,30-APR-2027
VALLEY WINE WAREHOUSE,VALLEY WINE WAREHOUSE,H P D CONSOLIDATION INC,AMERICAN CANYON,Napa,CA,94503-9667,175 TOWER RD,22,00352158,30-JUN-2026
VALLEY WINE WAREHOUSE,VALLEY WINE WAREHOUSE,H P D CONSOLIDATION INC,AMERICAN CANYON,Napa,CA,94503-5106,644 HANNA DR,22,00470585,30-JUN-2026
VALLEY WINE WAREHOUSE,VALLEY WINE WAREHOUSE,H P D CONSOLIDATION INC,AMERICAN CANYON,Napa,CA,94503-5152,677 HANNA DR,14,00480778,31-OCT-2026
VALLEY WINE WAREHOUSE,VALLEY WINE WAREHOUSE,H P D CONSOLIDATION INC,AMERICAN CANYON,Napa,CA,94503-5152,677 HANNA DR,22,00480778,30-JUN-2026
VALLEY WINE WAREHOUSE,VALLEY WINE WAREHOUSE,H P D CONSOLIDATION INC,AMERICAN CANYON,Napa,CA,94503-1716,265 LOMBARD RD,22,00559292,30-JUN-2026
VALLEY WINE WAREHOUSE,VALLEY WINE WAREHOUSE,H P D CONSOLIDATION INC,AMERICAN CANYON,Napa,CA,94503-9670,75 S KELLY RD,22,00579722,30-JUN-2026
VINITY WINE COMPANY,VINITY WINE COMPANY,VINITY WINE COMPANY INC,AMERICAN CANYON,Napa,CA,94503-9639,1200 GREEN ISLAND RD,17,00607501,30-JUN-2027
VINITY WINE COMPANY,VINITY WINE COMPANY,VINITY WINE COMPANY INC,AMERICAN CANYON,Napa,CA,94503-9639,1200 GREEN ISLAND RD,18,00607501,30-JUN-2027
VINITY WINE COMPANY,VINITY WINE COMPANY,VINITY WINE COMPANY INC,AMERICAN CANYON,Napa,CA,94503-9639,1200 GREEN ISLAND RD,09,00607501,30-JUN-2027
VINITY WINE COMPANY,VINITY WINE COMPANY,VINITY WINE COMPANY INC,AMERICAN CANYON,Napa,CA,94503-9639,1200 GREEN ISLAND RD,12,00607501,30-JUN-2027
WAUGH FAMILY WINES,WAUGH FAMILY WINES,JC WAUGH WINE CO LLC,AMERICAN CANYON,Napa,CA,94503-1298,100 NAPA JUNCTION RD,02,00640959,30-JUN-2027
WESTERN WINE SERVICES INC,WESTERN WINE SERVICES INC,WESTERN WINE SERVICES INC,AMERICAN CANYON,Napa,CA,94503-9611,1275 COMMERCE BLVD,22,00342489,30-JUN-2027
WESTERN WINE SERVICES INC,WESTERN WINE SERVICES INC,WESTERN WINE SERVICES INC,AMERICAN CANYON,Napa,CA,94503,760-820 HANNA DR,22,00315867,30-JUN-2027
WESTERN WINE SERVICES INC,WESTERN WINE SERVICES INC,WESTERN WINE SERVICES INC,AMERICAN CANYON,Napa,CA,94503,760-820 HANNA DR,14,00315867,31-MAY-2027
WESTERN WINE SERVICES INC,,WESTERN WINE SERVICES INC,AMERICAN CANYON,Napa,CA,94503-9605,880 HANNA DR,22,00482602,30-JUN-2027
WESTERN WINE SERVICES INC,WESTERN WINE SERVICES INC,WESTERN WINE SERVICES INC,AMERICAN CANYON,Napa,CA,94503,125 MEZZETTA CT,22,00356017,30-JUN-2027
WESTERN WINE SERVICES INC,,WESTERN WINE SERVICES INC,AMERICAN CANYON,Napa,CA,94503-9626,1155 COMMERCE BLVD,22,00482587,30-JUN-2027
WESTERN WINE SERVICES INC,,WESTERN WINE SERVICES INC,AMERICAN CANYON,Napa,CA,94503-9606,875 HANNA DR,22,00247182,30-JUN-2027
WESTERN WINE SERVICES INC,,WESTERN WINE SERVICES INC,AMERICAN CANYON,Napa,CA,94503-9606,875 HANNA DR,14,00247182,28-FEB-2027
WESTERN WINE SERVICES INC,,WESTERN WINE SERVICES INC,AMERICAN CANYON,Napa,CA,94503-1394,100 JIM OSWALT WAY,22,00608834,30-JUN-2027
WESTERN WINE SERVICES INC,,WESTERN WINE SERVICES INC,AMERICAN CANYON,Napa,CA,94503-9500,1005 COMMERCE CT,22,00624218,30-JUN-2027
WESTERN WINE SERVICES INC,,WESTERN WINE SERVICES INC,AMERICAN CANYON,Napa,CA,94503-9500,1005 COMMERCE CT,14,00624218,31-MAY-2027
WESTERN WINE SERVICES INC,,WESTERN WINE SERVICES INC,AMERICAN CANYON,Napa,CA,94503-9626,1155 COMMERCE BLVD,14,00482587,28-FEB-2027
WILLIAM & MARY WINE COMPANY,WILLIAM & MARY WINE COMPANY,SEGUI FAMILY WINE COMPANY  LLC,AMERICAN CANYON,Napa,CA,94503-5106,644 HANNA DR,17,00575978,30-NOV-2026
WILLIAM & MARY WINE COMPANY,WILLIAM & MARY WINE COMPANY,SEGUI FAMILY WINE COMPANY  LLC,AMERICAN CANYON,Napa,CA,94503-5106,644 HANNA DR,20,00575978,30-NOV-2026
WINE SOURCE GROUP LLC,WINE SOURCE GROUP LLC,WINE SOURCE GROUP LLC,AMERICAN CANYON,Napa,CA,94503-9606,875 HANNA DR,17,00561449,30-APR-2027
WINE SOURCE GROUP LLC,WINE SOURCE GROUP LLC,WINE SOURCE GROUP LLC,AMERICAN CANYON,Napa,CA,94503-9606,875 HANNA DR,09,00561449,30-APR-2027
WINE SPOTS CELLARS,WINE SPOTS CELLARS,WINE SPOTS CELLARS  INC.,AMERICAN CANYON,Napa,CA,94503,801 HANNA DR,17,00608460,31-JUL-2026
WINE SPOTS CELLARS,WINE SPOTS CELLARS,WINE SPOTS CELLARS  INC.,AMERICAN CANYON,Napa,CA,94503,801 HANNA DR,20,00608460,31-JUL-2026
WINE SPOTS CELLARS,WINE SPOTS CELLARS,WINE SPOTS CELLARS  INC.,AMERICAN CANYON,Napa,CA,94503,801 HANNA DR,09,00608460,31-JUL-2026
WINEDIRECT,WINEDIRECT,WINEDIRECT  INC.,AMERICAN CANYON,Napa,CA,94503-9649,450 GREEN ISLAND RD,14,00581236,31-DEC-2026
WINESOURCE INTERNATIONAL,WINESOURCE INTERNATIONAL,WI  INC. DBA WINESOURCE INTERNATIONAL,AMERICAN CANYON,Napa,CA,94503-9611,1275 COMMERCE BLVD,10,00522301,30-JUN-2027
WINESU,WINESU,WINES UNLIMITED INC,AMERICAN CANYON,Napa,CA,94503-9611,1275 COMMERCE BLVD,10,00534781,31-AUG-2026
WINGSTOP 418,WINGSTOP 418,WINGSINGH - AC  INC,AMERICAN CANYON,Napa,CA,94503-1199,5075 MAIN ST,41,00601700,31-AUG-2026
ADAMVS WINERY,ADAMVS WINERY,ADAMVS LLC,ANGWIN,Napa,CA,94508-9768,501 WHITE COTTAGE RD N,02,00469425,
ADAMVS WINERY,ADAMVS WINERY,ADAMVS LLC,ANGWIN,Napa,CA,94508-9768,501 WHITE COTTAGE RD N,02,00469425,30-JUN-2027
ADAMVS WINERY,ADAMVS WINERY,ADAMVS LLC,ANGWIN,Napa,CA,94508-9768,501 WHITE COTTAGE RD N,02,00664971,30-JUN-2027
ADAMVS WINERY,ADAMVS WINERY,ADAMVS LLC,ANGWIN,Napa,CA,94508-9768,501 WHITE COTTAGE RD N,09,00469425,30-JUN-2027
ALOFT WINES & DARK MATTER WINES,ALOFT WINES & DARK MATTER WINES,MONDAVI SISTERS COLLECTION LLC,ANGWIN,Napa,CA,94508,383 LAS POSADAS,02,00577508,30-JUN-2027
BARTLETT FAMILY VINEYARDS,BARTLETT FAMILY VINEYARDS,BARTLETT FAMILY VINEYARDS LLC,ANGWIN,Napa,CA,94508-9624,555 WHITE COTTAGE RD S,17,00663598,30-NOV-2026
BARTLETT FAMILY VINEYARDS,BARTLETT FAMILY VINEYARDS,BARTLETT FAMILY VINEYARDS LLC,ANGWIN,Napa,CA,94508-9624,555 WHITE COTTAGE RD S,20,00663598,30-NOV-2026
BLACK SEARS ESTATE WINES  LLC,,BLACK SEARS ESTATE WINES  LLC,ANGWIN,Napa,CA,94508-9788,2610 SUMMIT LAKE DRIVE,02,00562761,30-JUN-2027
BLACK SEARS ESTATE WINES  LLC,,BLACK SEARS ESTATE WINES  LLC,ANGWIN,Napa,CA,94508-9778,2075 SUMMIT LAKE DR,02,00577145,30-JUN-2027
BLACK SEARS ESTATE WINES  LLC,,BLACK SEARS ESTATE WINES  LLC,ANGWIN,Napa,CA,94508-9788,2625 SUMMIT LAKE DRIVE,02,00562770,30-JUN-2027
CADE WINERY,CADE WINERY,VILLA ENCINAL PARTNERS  L.P.,ANGWIN,Napa,CA,94508,360 HOWELL MOUNTAIN RD,02,00456923,
CADE WINERY,CADE WINERY,VILLA ENCINAL PARTNERS  L.P.,ANGWIN,Napa,CA,94508,360 HOWELL MOUNTAIN RD,02,00456923,30-JUN-2027
FLATLEY WINES,FLATLEY WINES,BESTSOCALWINE LLC,ANGWIN,Napa,CA,94508-9606,335 WEST LN,02,00646018,30-JUN-2027
HAYFORK WINE COMPANY,HAYFORK WINE COMPANY,HAYFORK WINE COMPANY LLC,ANGWIN,Napa,CA,94508-9782,2255 SUMMIT LAKE DR,02,00636063,30-JUN-2027
HOSSFELD VINEYARDS WINE CO.,HOSSFELD VINEYARDS WINE CO.,HOSSFELD VINEYARDS WINE CO. LLC,ANGWIN,Napa,CA,94508-9606,335 WEST LN,02,00631314,30-JUN-2027
JACKSON FAMILY WINES INC,,JACKSON FAMILY WINES INC,ANGWIN,Napa,CA,94508,1102 LAS POSADAS RD,02,00468577,30-JUN-2027
JENNAMARISE WINES,JENNAMARISE WINES,JENNAMARISE WINES LLC,ANGWIN,Napa,CA,94508-9774,1300 SUMMIT LAKE DR,02,00616659,30-JUN-2027
MAXEM WINES,MAXEM WINES,MAXEM WINES LLC,ANGWIN,Napa,CA,94508-9606,335 WEST LN,02,00572680,30-JUN-2027
MONTESQUIEU WINERY,MONTESQUIEU WINERY,W G BEST WEINKELLEREI INC,ANGWIN,Napa,CA,94508-9606,335 WEST LN,02,00482770,
MOONE TSAI WINES,MOONE TSAI WINES,MLPC HOLDINGS LLC,ANGWIN,Napa,CA,94508,1425 LAS POSADAS RD,02,00571354,30-JUN-2026
OSHAUGHNESSY ESTATE WINERY,OSHAUGHNESSY ESTATE WINERY,OSHAUGHNESSY DEL OSO LLC,ANGWIN,Napa,CA,94508,1150 FRIESEN DR,02,00381784,30-JUN-2027
OUTPOST WINES,OUTPOST WINES,TOURELLE  LLC,ANGWIN,Napa,CA,94508-9778,2075 SUMMIT LAKE DR,02,00601161,30-JUN-2027
PARAVEL WINES,PARAVEL WINES,JONES  JONATHAN MICHAEL,ANGWIN,Napa,CA,94508-9660,994 WHITE COTTAGE RD N,02,00611759,30-JUN-2027
PARAVEL WINES,PARAVEL WINES,JONES  JONATHAN MICHAEL,ANGWIN,Napa,CA,94508-9774,1325 SUMMIT LAKE DR,02,00565556,30-JUN-2027
PEACE WATER WINERY,PEACE WATER WINERY,PEACE WATER WINERY  LLC,ANGWIN,Napa,CA,94508-9778,2000 SUMMIT LAKE DR,02,00622823,30-JUN-2027
RED THREAD WINE COMAPANY,RED THREAD WINE COMAPANY,RED THREAD WINE COMPANY  LLC,ANGWIN,Napa,CA,94508-9778,2000 SUMMIT LAKE DR,02,00534628,30-JUN-2027
ROBERT CRAIG WINERY,ROBERT CRAIG WINERY,ROBERT CRAIG WINERY  LP,ANGWIN,Napa,CA,94508-9782,2475 SUMMIT LAKE DR,02,00380047,
ROBERT CRAIG WINERY,ROBERT CRAIG WINERY,ROBERT CRAIG WINERY  LP,ANGWIN,Napa,CA,94508-9782,2475 SUMMIT LAKE DR,02,00380047,30-JUN-2026
SELAH WINES,SELAH WINES,BLANTON FAMILY VINEYARDS  LLC,ANGWIN,Napa,CA,94508-9778,2075 SUMMIT LAKE DR,02,00591184,30-JUN-2026
SOUNDS  SOUNDS WINE,SOUNDS  SOUNDS WINE,J & L WINE CO. LLC,ANGWIN,Napa,CA,94508-9610,1181 LAS POSADAS RD,02,00668310,30-JUN-2027
STELLAREESE WINES,STELLAREESE WINES,DAVIES  RACHEL STELLAREESE,ANGWIN,Napa,CA,94508-9731,480 BAY ST,17,00482510,30-SEP-2026
STELLAREESE WINES,STELLAREESE WINES,DAVIES  RACHEL STELLAREESE,ANGWIN,Napa,CA,94508-9731,480 BAY ST,20,00482510,30-SEP-2026
SUMMIT LAKE VINEYARDS & WINERY,SUMMIT LAKE VINEYARDS & WINERY,SUMMIT LAKE VINEYARDS & WINERY LLC,ANGWIN,Napa,CA,94508-9778,2000 SUMMIT LAKE DR,02,00436506,30-JUN-2027
THREE FURIES WINES,THREE FURIES WINES,ANGRY KIWI WINES CORPORATION,ANGWIN,Napa,CA,94508-9693,716 LIPARITA AVE,02,00646959,30-JUN-2026
TRUJILLO WINES,TRUJILLO WINES,TRUJILLO WINES  LLC,ANGWIN,Napa,CA,94508-9699,1250 LAS POSADOS RD,02,00539438,30-JUN-2026
VIDA VALIENTE WINERY,VIDA VALIENTE WINERY,VIDA VALIENTE WINERY  LLC,ANGWIN,Napa,CA,94508-9606,335 WEST LN,02,00624432,30-JUN-2027
1510 LIQUOR LLC,,1510 LIQUOR LLC,CALISTOGA,Napa,CA,94515-9669,1510 DIAMOND MOUNTAIN RD,02,00575321,
1510 LIQUOR LLC,,1510 LIQUOR LLC,CALISTOGA,Napa,CA,94515-9669,1510 DIAMOND MOUNTAIN RD,02,00575321,30-JUN-2027
1520 LIQUOR LLC,,1520 LIQUOR LLC,CALISTOGA,Napa,CA,94515-9669,1520 DIAMOND MOUNTAIN RD,02,00565435,
1520 LIQUOR LLC,,1520 LIQUOR LLC,CALISTOGA,Napa,CA,94515-9669,1520 DIAMOND MOUNTAIN RD,02,00565435,30-JUN-2027
AUBERT WINES,AUBERT WINES,AUBERT WINEGROWING INCORPORATED,CALISTOGA,Napa,CA,94515-1801,333 SILVERADO TRL,02,00511515,30-JUN-2027
AUGUST BRIGGS WINERY,AUGUST BRIGGS WINERY,AUGUST BRIGGS JR. INC.,CALISTOGA,Napa,CA,94515-1701,1307 LINCOLN AVE,02,00511795,30-JUN-2026
AUGUST BRIGGS WINERY,AUGUST BRIGGS WINERY,AUGUST BRIGGS JR. INC.,CALISTOGA,Napa,CA,94515-1701,1307 LINCOLN AVE,02,00511795,
BARLOW VINEYARDS,BARLOW VINEYARDS,BARLOW VINEYARDS LLC,CALISTOGA,Napa,CA,94515-9646,4411 SILVERADO TRL,02,00356401,
BARLOW VINEYARDS,BARLOW VINEYARDS,BARLOW VINEYARDS LLC,CALISTOGA,Napa,CA,94515-1701,1371 LINCOLN AVE,02,00510658,
BARLOW VINEYARDS,BARLOW VINEYARDS,BARLOW VINEYARDS LLC,CALISTOGA,Napa,CA,94515-9646,4411 SILVERADO TRL,02,00356401,30-JUN-2026
BATISTA WINE IMPORTS LLC,BATISTA WINE IMPORTS LLC,BATISTA WINE IMPORTS LLC,CALISTOGA,Napa,CA,94515-1410,1471 1ST ST,09,00671623,30-SEP-2026
BATISTA WINE IMPORTS LLC,BATISTA WINE IMPORTS LLC,BATISTA WINE IMPORTS LLC,CALISTOGA,Napa,CA,94515-1410,1471 1ST ST,17,00671623,30-SEP-2026
BATISTA WINE IMPORTS LLC,BATISTA WINE IMPORTS LLC,BATISTA WINE IMPORTS LLC,CALISTOGA,Napa,CA,94515-1410,1471 1ST ST,20,00671623,30-SEP-2026
BENNETT LANE WINERY,BENNETT LANE WINERY,BENNETT LANE WINERY LLC,CALISTOGA,Napa,CA,94515,3340 STATE HIGHWAY 128,02,00401565,30-JUN-2027
BETA-WINES,BETA-WINES,BETA-WINES  L.L.C.,CALISTOGA,Napa,CA,94515-9690,1999 DIAMOND MOUNTAIN RD,20,00609797,31-JAN-2027
BETA-WINES,BETA-WINES,BETA-WINES  L.L.C.,CALISTOGA,Napa,CA,94515-9690,1999 DIAMOND MOUNTAIN RD,17,00609797,31-JAN-2027
BOATIQUE WINERY  LLC,,BOATIQUE WINERY  LLC,CALISTOGA,Napa,CA,94515-1128,965 SILVERADO TRL,02,00658322,30-JUN-2026
BOATIQUE WINERY  LLC,,BOATIQUE WINERY  LLC,CALISTOGA,Napa,CA,94515-1126,865 SILVERADO TRL,02,00658288,30-JUN-2026
BURE FAMILY WINES,BURE FAMILY WINES,BURE FAMILY WINES  INC.,CALISTOGA,Napa,CA,94515-1053,1171 TUBBS LN,02,00656015,30-JUN-2027
BUSTERS SOUTHERN BARBECUE,BUSTERS SOUTHERN BARBECUE,CAMILLE 2000 INCORPORATED,CALISTOGA,Napa,CA,94515-1715,1207 FOOTHILL BLVD,41,00410986,31-AUG-2026
C BECK WINERY/TIN MAN WINES,C BECK WINERY/TIN MAN WINES,C BECK LLC,CALISTOGA,Napa,CA,94515-1211,2424 JANIS WY,02,00414945,
CALISTOGA INN RESTAURANT & BREWERY,CALISTOGA INN RESTAURANT & BREWERY,NAPA VALLEY BREWING COMPANY INC,CALISTOGA,Napa,CA,94515-1741,1250 LINCOLN AVE,23,00630896,30-NOV-2026
CALISTOGA INN RESTAURANT & BREWERY,CALISTOGA INN RESTAURANT & BREWERY,NAPA VALLEY BREWING COMPANY INC,CALISTOGA,Napa,CA,94515-1741,1250 LINCOLN AVE,47,00630896,30-NOV-2026
CALISTOGA INN RESTAURANT & BREWERY,CALISTOGA INN RESTAURANT & BREWERY,NAPA VALLEY BREWING COMPANY INC,CALISTOGA,Napa,CA,94515-1741,1250 LINCOLN AVE,47,00630896,30-NOV-2026
CALISTOGA LIQUOR,CALISTOGA LIQUOR,I S  GASMART INC.,CALISTOGA,Napa,CA,94515-1054,1102 TUBBS LN,21,00633738,31-DEC-2026
CALISTOGA ORTHODOX WINES INC,CALISTOGA ORTHODOX WINES INC,CALISTOGA ORTHODOX WINES  INC.,CALISTOGA,Napa,CA,94515-1501,1507 WASHINGTON ST,02,00657837,30-JUN-2027
CALISTOGA THAI KITCHEN,CALISTOGA THAI KITCHEN,NUCHBUNTHOENG  CHALERM,CALISTOGA,Napa,CA,94515-1701,1359 LINCOLN AVE,41,00531713,31-MAY-2027
CALISTOGA WINE WAY INN,CALISTOGA WINE WAY INN,KITE  GILLIAN MARIA,CALISTOGA,Napa,CA,94515-1711,1019 FOOTHILL BLVD,67,00510070,31-DEC-2026
CASA DOMINGUEZ WINES,CASA DOMINGUEZ WINES,CASA DOMINGUEZ WINES LLC,CALISTOGA,Napa,CA,94515-9728,3070 OLD LAWLEY TOLL RD,02,00657033,30-JUN-2026
CLOS PEGASE WINERY,CLOS PEGASE WINERY,VINTAGE WINE ESTATES  INC.,CALISTOGA,Napa,CA,94515-9798,1060 DUNAWEAL LN,02,00537344,
CLOS PEGASE WINERY,CLOS PEGASE WINERY,VINTAGE WINE ESTATES  INC.,CALISTOGA,Napa,CA,94515-9798,1060 DUNAWEAL LN,02,00537344,
CLOS PEGASE WINERY,CLOS PEGASE WINERY,ADAIR CLOS PEGASE  LLC,CALISTOGA,Napa,CA,94515-9798,1060 DUNAWEAL LN,02,00665034,30-JUN-2027
CRESTA VELIA WINES,CRESTA VELIA WINES,GIANNINI WINES LLC,CALISTOGA,Napa,CA,94515-1403,1413 EARL ST,17,00519350,31-MAR-2027
CRESTA VELIA WINES,CRESTA VELIA WINES,GIANNINI WINES LLC,CALISTOGA,Napa,CA,94515-1403,1413 EARL ST,20,00519350,31-MAR-2027
DEUTSCH FAMILY WINE & SPIRITS,DEUTSCH FAMILY WINE & SPIRITS,W J DEUTSCH & SONS LTD,CALISTOGA,Napa,CA,94515-9799,1077 DUNAWEAL LN,02,00602766,30-JUN-2027
DIAMOND MOUNTAIN WINERY,DIAMOND MOUNTAIN WINERY,DIAMOND MOUNTAIN WINERY LLC,CALISTOGA,Napa,CA,94515,2121 DIAMOND MOUNTAIN RD,02,00583761,30-JUN-2026
DOI DA WINES,DOI DA WINES,RED BOAT GLOBAL LLC,CALISTOGA,Napa,CA,94515-1055,1251 TUBBS LN,02,00656717,30-JUN-2027
DOI DA WINES,DOI DA WINES,RED BOAT GLOBAL LLC,CALISTOGA,Napa,CA,94515-1055,1251 TUBBS LN,81,00656717,30-JUN-2027
ELUSA WINERY,ELUSA WINERY,GRATEFUL RED  LLC,CALISTOGA,Napa,CA,94515-1809,400 SILVERADO TRL,02,00639684,30-JUN-2027
ENCROACHMENT WINES LLC,ENCROACHMENT WINES LLC,ENCROACHMENT WINES  LLC,CALISTOGA,Napa,CA,94515-9796,4708 SILVERADO TRAIL,02,00590574,30-JUN-2027
ENVY WINES,ENVY WINES,ENVY WINES LLC,CALISTOGA,Napa,CA,94515-1054,1170 TUBBS LN,02,00448612,30-JUN-2027
FAST GAS & MINI MART 2,FAST GAS & MINI MART 2,BHIMANI  SHAFIQUE ALI,CALISTOGA,Napa,CA,94515-1724,1108 LINCOLN AVE,20,00447028,30-NOV-2026
FIVE SENSES NAPA VALLEY - MODERN JAPANESE,FIVE SENSES NAPA VALLEY - MODERN JAPANESE,FIVE SENSES NAPA LLC,CALISTOGA,Napa,CA,94515-1747,1227 LINCOLN AVE,41,00674526,31-MAY-2027
FORTUNATE SON WINES,FORTUNATE SON WINES,FORTUNATE SON WINES  LLC,CALISTOGA,Napa,CA,94515-9651,3718 ST HELENA HWY N,02,00661196,
FORTUNATE SON WINES,FORTUNATE SON WINES,FORTUNATE SON WINES  LLC,CALISTOGA,Napa,CA,94515-1126,865 SILVERADO TRL,02,00649118,30-JUN-2026
FORTUNATE SON WINES,FORTUNATE SON WINES,FORTUNATE SON WINES  LLC,CALISTOGA,Napa,CA,94515-9651,3718 ST HELENA HWY N,02,00661196,30-JUN-2027
FTM WINE COMPANY LLC,FTM WINE COMPANY LLC,FTM WINE COMPANY  LLC,CALISTOGA,Napa,CA,94515-9603,4300 SILVERADO TRL,02,00654555,30-JUN-2027
FULTON FAMILY WINERY,FULTON FAMILY WINERY,FULTON FAMILY WINERY INC,CALISTOGA,Napa,CA,94515-9795,263 PETRIFIED FOREST RD,02,00462745,30-JUN-2027
GARNET CREEK WINERY,GARNET CREEK WINERY,GARNET CREEK WINERY  LLC,CALISTOGA,Napa,CA,94515-1030,2280 GREENWOOD AVE,02,00649796,30-JUN-2027
GIRARD WINERY,GIRARD WINERY,ADAIR GIRARD  LLC,CALISTOGA,Napa,CA,94515-9799,1077 DUNAWEAL LN,02,00665046,30-JUN-2027
GLOBAL WINE,GLOBAL WINE,GLOBAL WINE ADVISORS LLC,CALISTOGA,Napa,CA,94515-9409,3111 LAKE COUNTY HWY,20,00534791,31-DEC-2026
GLOBAL WINE,GLOBAL WINE,GLOBAL WINE ADVISORS LLC,CALISTOGA,Napa,CA,94515-9409,3111 LAKE COUNTY HWY,17,00534791,31-DEC-2026
GLOBAL WINE,GLOBAL WINE,GLOBAL WINE ADVISORS LLC,CALISTOGA,Napa,CA,94515-9409,3111 LAKE COUNTY HWY,18,00534791,31-MAR-2027
GLOBAL WINE,GLOBAL WINE,GLOBAL WINE ADVISORS LLC,CALISTOGA,Napa,CA,94515-9409,3111 LAKE COUNTY HWY,09,00534791,31-DEC-2026
GLOBAL WINE,GLOBAL WINE,GLOBAL WINE ADVISORS LLC,CALISTOGA,Napa,CA,94515-9409,3111 LAKE COUNTY HWY,12,00534791,31-MAR-2027
GLORIOUS REVOLUTION WINE,GLORIOUS REVOLUTION WINE,GLORIOUS REVOLUTION WINE  INC.,CALISTOGA,Napa,CA,94515-9628,4199 HEITZ WAY,02,00626172,30-JUN-2027
GRIEVE FAMILY WINES,GRIEVE FAMILY WINES,LOVALL VALLEY WINERY  LLC,CALISTOGA,Napa,CA,94515-1126,865 SILVERADO TRL,02,00645982,30-JUN-2027
GRIEVE FAMILY WINES,GRIEVE FAMILY WINES,LOVALL VALLEY WINERY  LLC,CALISTOGA,Napa,CA,94515-1128,965 SILVERADO TRL,02,00644664,30-JUN-2027
GROW WINES,GROW WINES,BJORKMAN  LARS RICHARD,CALISTOGA,Napa,CA,94515-1327,1599 LAKE ST,17,00486982,31-MAR-2027
GROW WINES,GROW WINES,BJORKMAN  LARS RICHARD,CALISTOGA,Napa,CA,94515-1327,1599 LAKE ST,20,00486982,31-MAR-2027
HELENA VIEW JOHNSTON VINEYARDS WINERY,HELENA VIEW JOHNSTON VINEYARDS WINERY,JOHNSTON  CHARLES L,CALISTOGA,Napa,CA,94515,3500 STATE HIGHWAY 128,02,00275746,30-JUN-2026
HINDSIGHT WINES  HINDSIGHT VINEYARDS,HINDSIGHT WINES  HINDSIGHT VINEYARDS,ECLIPSE ASSETS  LLC,CALISTOGA,Napa,CA,94515-1010,2383 MORA AVE,17,00526820,31-JUL-2027
HINDSIGHT WINES  HINDSIGHT VINEYARDS,HINDSIGHT WINES  HINDSIGHT VINEYARDS,ECLIPSE ASSETS  LLC,CALISTOGA,Napa,CA,94515-1010,2383 MORA AVE,20,00526820,31-JUL-2027
HINDSIGHTS WINES,HINDSIGHTS WINES,ECLIPSE ASSETS  LLC,CALISTOGA,Napa,CA,94515-1010,2383 MORA AVE,02,00639294,30-JUN-2027
HINDSIGHTS WINES,HINDSIGHTS WINES,ECLIPSE ASSETS  LLC,CALISTOGA,Napa,CA,94515-1724,1124 LINCOLN AVE,02,00639290,30-JUN-2026
HOBEL WINES,HOBEL WINES,HOBEL WINES  LLC,CALISTOGA,Napa,CA,94515-1055,1251 TUBBS LN,02,00540012,
HONOR WINERY,HONOR WINERY,DAILY CELLARS  LLC,CALISTOGA,Napa,CA,94515-9647,4550 SILVERADO TRL,02,00566184,30-JUN-2027
HOURGLASS WINE COMPANY,HOURGLASS WINE COMPANY,HOURGLASS WINE COMPANY INC,CALISTOGA,Napa,CA,94515,701 LOMMEL RD,02,00470221,30-JUN-2026
HYDRO GRILL,HYDRO GRILL,ENOTROPE INC,CALISTOGA,Napa,CA,94515-1417,1403 LINCOLN AVE,47,00455258,31-JUL-2026
INIZI WINES,INIZI WINES,TWO WORLDS WINE COMPANY  LLC,CALISTOGA,Napa,CA,94515-1165,1703 MAGGIE AVE,17,00632925,30-JUN-2027
INIZI WINES,INIZI WINES,TWO WORLDS WINE COMPANY  LLC,CALISTOGA,Napa,CA,94515-1165,1703 MAGGIE AVE,20,00632925,30-JUN-2027
INIZI WINES,INIZI WINES,TWO WORLDS WINE COMPANY  LLC,CALISTOGA,Napa,CA,94515-1165,1703 MAGGIE AVE,02,00632925,30-JUN-2027
JOSEPH CELLARS WINERY,JOSEPH CELLARS WINERY,J CELLARS INVESTMENTS LLC,CALISTOGA,Napa,CA,94515-9633,4455 SAINT HELENA HWY,02,00566987,30-JUN-2027
JOSEPH CELLARS WINERY,JOSEPH CELLARS WINERY,J CELLARS INVESTMENTS LLC,CALISTOGA,Napa,CA,94515-9633,4455 SAINT HELENA HWY,03,00566987,30-NOV-2026
JOSEPH CELLARS WINERY,JOSEPH CELLARS WINERY,J CELLARS INVESTMENTS LLC,CALISTOGA,Napa,CA,94515-9633,4455 SAINT HELENA HWY,06,00566987,30-NOV-2026
K.R. III NAPA WINES LLC,K.R. III NAPA WINES LLC,K.R. III NAPA WINES LLC,CALISTOGA,Napa,CA,94515,3887 SILVERADO TRL N,02,00605816,30-JUN-2026
KAISER FAMILY WINERY  INC,KAISER FAMILY WINERY  INC,KAISER FAMILY WINERY  INC.,CALISTOGA,Napa,CA,94515-1030,2280 GREENWOOD AVE,02,00551977,30-JUN-2026
KALM CELLARS @ CALISTOGA FARMERS MARKET,KALM CELLARS @ CALISTOGA FARMERS MARKET,STRAUSS FAMILY WINES LLC,CALISTOGA,Napa,CA,94515-1441,1311 WASHINGTON ST,79,00671509,30-JUN-2026
KENEFICK RANCH WINERY,KENEFICK RANCH WINERY,KENEFICK RANCHES WINERY LLC,CALISTOGA,Napa,CA,94515-1805,2200 PICKETT RD,02,00421828,
KENEFICK RANCHES WINERY,KENEFICK RANCHES WINERY,KENEFICK RANCHES WINERY LLC,CALISTOGA,Napa,CA,94515-9647,4550 SILVERADO TRL,02,00484403,
KEYES WINE  LLC,,KEYES WINE  LLC,CALISTOGA,Napa,CA,94515-1054,1170 TUBBS LN,02,00559309,
KOCHANA WINES,KOCHANA WINES,PEZ WINE COMPANY LLC,CALISTOGA,Napa,CA,94515-9553,8289 FRANZ VALLEY SCHOOL RD,17,00637798,30-JUN-2026
KOCHANA WINES,KOCHANA WINES,PEZ WINE COMPANY LLC,CALISTOGA,Napa,CA,94515-9553,8289 FRANZ VALLEY SCHOOL RD,20,00637798,30-JUN-2026
LA CORONA MARKET,LA CORONA MARKET,ALVAREZ  MARIBEL,CALISTOGA,Napa,CA,94515-1115,1856 LINCOLN AVE,20,00669766,30-NOV-2026
LA PRIMA PIZZA,LA PRIMA PIZZA,NUNEZ  ALDO MOISES,CALISTOGA,Napa,CA,94515,1923 LAKE ST,47,00385997,31-MAY-2027
LADERA WINERY,LADERA WINERY,LADERA WINERY LLC,CALISTOGA,Napa,CA,94515-9611,3942 SILVERADO TRL N,02,00611686,
LADERA WINERY,LADERA WINERY,LADERA WINERY LLC,CALISTOGA,Napa,CA,94515-9611,3942 SILVERADO TRL N,02,00611686,30-JUN-2027
LADERA WINERY,LADERA WINERY,LADERA WINERY LLC,CALISTOGA,Napa,CA,94515-1055,1251 TUBBS LN,02,00663696,30-JUN-2027
LAURA MICHAEL WINES,LAURA MICHAEL WINES,LAURA MICHAEL WINES INC,CALISTOGA,Napa,CA,94515-1143,2250 LAKE COUNTY HWY,02,00389786,
LAURA MICHAEL WINES,LAURA MICHAEL WINES,LAURA MICHAEL WINES INC,CALISTOGA,Napa,CA,94515-1143,2250 LAKE COUNTY HWY,02,00389786,30-JUN-2027
LAWER FAMILY WINERY INC,LAWER FAMILY WINERY INC,LAWER FAMILY WINERY INC,CALISTOGA,Napa,CA,94515-9559,8910 FRANZ VALLEY SCHOOL RD,02,00425326,
LAWER FAMILY WINERY INC,LAWER FAMILY WINERY INC,LAWER FAMILY WINERY INC,CALISTOGA,Napa,CA,94515-9559,8910 FRANZ VALLEY SCHOOL RD,17,00425326,
LAWER FAMILY WINERY INC,LAWER FAMILY WINERY INC,LAWER FAMILY WINERY INC,CALISTOGA,Napa,CA,94515-9559,8910 FRANZ VALLEY SCHOOL RD,20,00425326,
LAWER FAMILY WINERY INC,LAWER FAMILY WINERY INC,LAWER FAMILY WINERY INC,CALISTOGA,Napa,CA,94515-9559,8910 FRANZ VALLEY SCHOOL RD,02,00425326,30-JUN-2027
LAWER FAMILY WINERY INC,LAWER FAMILY WINERY INC,LAWER FAMILY WINERY INC,CALISTOGA,Napa,CA,94515-9559,8910 FRANZ VALLEY SCHOOL RD,17,00425326,31-MAY-2027
LAWER FAMILY WINERY INC,LAWER FAMILY WINERY INC,LAWER FAMILY WINERY INC,CALISTOGA,Napa,CA,94515-9559,8910 FRANZ VALLEY SCHOOL RD,20,00425326,31-MAY-2027
LAWER FAMILY WINES @ CALISTOGA FARMERS MARKET,LAWER FAMILY WINES @ CALISTOGA FARMERS MARKET,LAWER FAMILY WINERY INC,CALISTOGA,Napa,CA,94515-1439,1235 WASHINGTON ST,79,00559205,30-JUN-2027
LOLA WINES,LOLA WINES,LLV WINES LLC,CALISTOGA,Napa,CA,94515-1710,916 FOOTHILL BLVD,02,00604008,30-JUN-2027
MACAULEY WINE CORPORATION,MACAULEY WINE CORPORATION,MACAULEY WINE CORPORATION,CALISTOGA,Napa,CA,94515-9796,4708 SILVERADO TRAIL,02,00594471,30-JUN-2026
MANDET WINES,MANDET WINES,MANDET WINES  LLC,CALISTOGA,Napa,CA,94515-1055,1251 TUBBS LN,02,00655258,
MANDET WINES,MANDET WINES,MANDET WINES  LLC,CALISTOGA,Napa,CA,94515-1055,1251 TUBBS LN,02,00655258,30-JUN-2027
MARIA CONCETTO WINERY  INC.,,MARIA CONCETTO WINERY  INC.,CALISTOGA,Napa,CA,94515-1701,1367 LINCOLN AVE,02,00636675,30-JUN-2026
MARNET WINES,MARNET WINES,DEEP WOODS WINES  LLC,CALISTOGA,Napa,CA,94515-1008,1572 CENTENNIAL CIR,17,00641062,30-SEP-2026
MARNET WINES,MARNET WINES,DEEP WOODS WINES  LLC,CALISTOGA,Napa,CA,94515-1008,1572 CENTENNIAL CIR,20,00641062,30-SEP-2026
MC WINES LLC,MC WINES LLC,MC WINES LLC,CALISTOGA,Napa,CA,94515-1054,1170 TUBBS LN,02,00455538,30-JUN-2027
MONTESQUIEU WINERY,MONTESQUIEU WINERY,W G BEST WEINKELLEREI INC,CALISTOGA,Napa,CA,94515-9647,4550 SILVERADO TRL,02,00584252,30-JUN-2026
NEOTEMPO WINES,NEOTEMPO WINES,FREEFORM VINES  LLC,CALISTOGA,Napa,CA,94515,701 LOMMEL RD,02,00648015,30-JUN-2027
NEXT DOOR WINE,NEXT DOOR WINE,CALISTOGAMODERNA LLC,CALISTOGA,Napa,CA,94515-9409,3111 LAKE COUNTY HWY,17,00523757,31-AUG-2026
NEXT DOOR WINE,NEXT DOOR WINE,CALISTOGAMODERNA LLC,CALISTOGA,Napa,CA,94515-9409,3111 LAKE COUNTY HWY,20,00523757,31-AUG-2026
NIMROD WINES  LLC,,NIMROD WINES  LLC,CALISTOGA,Napa,CA,94515-1410,1471 1ST ST,17,00533310,31-MAY-2027
NIMROD WINES  LLC,,NIMROD WINES  LLC,CALISTOGA,Napa,CA,94515-1410,1471 1ST ST,20,00533310,31-MAY-2027
NIMROD WINES  LLC,,NIMROD WINES  LLC,CALISTOGA,Napa,CA,94515-1410,1471 1ST ST,09,00533310,31-MAY-2027
NOAH RIVER WINES LLC,,NOAH RIVER WINES LLC,CALISTOGA,Napa,CA,94515-1257,2450 FOOTHILL BLVD,17,00592489,31-MAY-2027
NOAH RIVER WINES LLC,,NOAH RIVER WINES LLC,CALISTOGA,Napa,CA,94515-1257,2450 FOOTHILL BLVD,20,00592489,31-MAY-2027
OFF ROUTE WINE COMPANY LLC,OFF ROUTE WINE COMPANY LLC,OFF ROUTE WINE COMPANY LLC,CALISTOGA,Napa,CA,94515-1325,1611 HARLEY ST,02,00640765,30-JUN-2027
OFF ROUTE WINE COMPANY LLC,OFF ROUTE WINE COMPANY LLC,OFF ROUTE WINE COMPANY LLC,CALISTOGA,Napa,CA,94515-1325,1611 HARLEY ST,09,00640765,30-JUN-2027
OTRA VEZ WINERY,OTRA VEZ WINERY,ARROYO WINERY  LLC.,CALISTOGA,Napa,CA,94515-1030,2280 GREENWOOD AVE,02,00536323,30-JUN-2027
PACIFICO RESTAURANTE MEXICANO,PACIFICO RESTAURANTE MEXICANO,CORTEZ  JAIME FERNANDEZ,CALISTOGA,Napa,CA,94515,1237 LINCOLN AVE,47,00422744,31-MAR-2027
PALISADES WINE COMPANY,PALISADES WINE COMPANY,PALISADES WINE COMPANY  LLC,CALISTOGA,Napa,CA,94515-9728,3130 OLD LAWLEY TOLL RD,02,00513567,30-JUN-2027
PAOLETTI ESTATES WINERY,PAOLETTI ESTATES WINERY,PAOLETTI ESTATES WINERY  INC.,CALISTOGA,Napa,CA,94515-9647,4501 SILVERADO TRL,02,00569380,30-JUN-2027
PARADY FAMILY WINES,PARADY FAMILY WINES,PARADY FAMILY WINES L.L.C.,CALISTOGA,Napa,CA,94515-1724,1124 LINCOLN AVE,02,00634264,30-JUN-2026
PHIFER PAVITT WINES,PHIFER PAVITT WINES,PAVITT FAMILY VINEYARDS LLC,CALISTOGA,Napa,CA,94515-9648,4660 SILVERADO TRL,02,00451808,30-JUN-2026
PICKETT ACRE WINES,PICKETT ACRE WINES,ARMBRUSTER  MARGUERITE,CALISTOGA,Napa,CA,94515-1800,2395 PICKETT RD,20,00562903,31-DEC-2026
PICKETT ACRE WINES,PICKETT ACRE WINES,ARMBRUSTER  MARGUERITE,CALISTOGA,Napa,CA,94515-1800,2395 PICKETT RD,17,00562903,31-DEC-2026
PICKETT ROAD WINE COMPANY,PICKETT ROAD WINE COMPANY,PICKETT ROAD WINE COMPANY LLC,CALISTOGA,Napa,CA,94515-1800,2339 PICKETT RD,02,00487076,
POGGI WINES  LLC,POGGI WINES  LLC,POGGI WINES  LLC,CALISTOGA,Napa,CA,94515,30 ROSEDALE RD,02,00550422,30-JUN-2027
PUERTO VALLARTA MARKET,PUERTO VALLARTA MARKET,NUEVO VALLARTA ENTERPRISES  INC.,CALISTOGA,Napa,CA,94515-1711,1009 FOOTHILL BLVD,20,00632922,28-FEB-2027
PWR WINES,PWR WINES,REID  MATTHEW ST JOHNS,CALISTOGA,Napa,CA,94515-1737,1311 PINE ST,02,00478182,30-JUN-2027
RARECAT WINES,RARECAT WINES,DOMAINE BEAU SOLEIL LLC,CALISTOGA,Napa,CA,94515-1128,965 SILVERADO TRL,02,00651580,30-JUN-2027
RARECAT WINES,RARECAT WINES,DOMAINE BEAU SOLEIL LLC,CALISTOGA,Napa,CA,94515-1126,865 SILVERADO TRL,02,00651723,30-JUN-2027
RESORT AT INDIAN SPRINGS LLC,RESORT AT INDIAN SPRINGS LLC,RESORT AT INDIAN SPRINGS LLC,CALISTOGA,Napa,CA,94515-1113,1712 LINCOLN AVE,20,00502939,31-OCT-2026
RESORT AT INDIAN SPRINGS LLC,RESORT AT INDIAN SPRINGS LLC,RESORT AT INDIAN SPRINGS LLC,CALISTOGA,Napa,CA,94515-1113,1712 LINCOLN AVE,47,00502939,30-APR-2027
RESORT AT INDIAN SPRINGS LLC,RESORT AT INDIAN SPRINGS LLC,RESORT AT INDIAN SPRINGS LLC,CALISTOGA,Napa,CA,94515-1113,1712 LINCOLN AVE,47,00502939,30-APR-2027
RESORT AT INDIAN SPRINGS LLC,RESORT AT INDIAN SPRINGS LLC,RESORT AT INDIAN SPRINGS LLC,CALISTOGA,Napa,CA,94515-1113,1712 LINCOLN AVE,58,00502939,30-APR-2027
REVERIE WINERY,REVERIE WINERY,REVERIE ON DIAMOND MOUNTAIN LLC,CALISTOGA,Napa,CA,94515-9669,1520 DIAMOND MOUNTAIN RD,02,00307090,
RIOS WINE COMPANY LLC,RIOS WINE COMPANY LLC,RIOS WINE COMPANY LLC,CALISTOGA,Napa,CA,94515-9728,3070 OLD LAWLEY TOLL RD,02,00503937,30-JUN-2027
RIVERS-MARIE WINES,RIVERS-MARIE WINES,RIVERS MARIE WINES LLC,CALISTOGA,Napa,CA,94515-9643,900 FOOTHILL BLVD,02,00614537,30-JUN-2027
RJS BOUTIQUE WINES LLC,RJS BOUTIQUE WINES LLC,RJS BOUTIQUE WINES LLC,CALISTOGA,Napa,CA,94515-9707,3190 HIGHWAY 128,17,00465118,31-MAY-2027
RJS BOUTIQUE WINES LLC,RJS BOUTIQUE WINES LLC,RJS BOUTIQUE WINES LLC,CALISTOGA,Napa,CA,94515-9707,3190 HIGHWAY 128,20,00465118,31-MAY-2027
ROB LAWSON WINES,ROB LAWSON WINES,PAVI WINES LLC,CALISTOGA,Napa,CA,94515-1128,965 SILVERADO TRL,02,00647608,30-JUN-2026
ROB LAWSON WINES,ROB LAWSON WINES,PAVI WINES LLC,CALISTOGA,Napa,CA,94515-1126,865 SILVERADO TRL,02,00647628,30-JUN-2026
RUBIO FAMILY WINES  LLC,RUBIO FAMILY WINES  LLC,RUBIO FAMILY WINES  LLC,CALISTOGA,Napa,CA,94515-9623,4395 SCOTT WAY,02,00677627,30-JUN-2027
SARAFORNIA CAFE INC,SARAFORNIA CAFE INC,THE SARAFORNIA CAFÉ  INC,CALISTOGA,Napa,CA,94515,1413 LINCOLN AVE,41,00572497,31-MAR-2027
SCARLETT WINES,SCARLETT WINES,HUDSON WINE COMPANY LLC,CALISTOGA,Napa,CA,94515-1055,1251 TUBBS LN,02,00650924,30-JUN-2026
SCULATTI WINE,SCULATTI WINE,SCULATTI WINE  LP,CALISTOGA,Napa,CA,94515-1724,1124 LINCOLN AVE,02,00627657,30-JUN-2026
SELAH WINES,SELAH WINES,BLANTON FAMILY VINEYARDS  LLC,CALISTOGA,Napa,CA,94515-2019,1127  MAPLE LN,17,00568348,30-APR-2027
SELAH WINES,SELAH WINES,BLANTON FAMILY VINEYARDS  LLC,CALISTOGA,Napa,CA,94515-2019,1127  MAPLE LN,20,00568348,30-APR-2027
SELAH WINES,SELAH WINES,BLANTON FAMILY VINEYARDS  LLC,CALISTOGA,Napa,CA,94515-2019,1127  MAPLE LN,02,00568348,30-JUN-2026
SEPIA WINES  LLC,,SEPIA WINES  LLC,CALISTOGA,Napa,CA,94515-9649,817 LOMMEL RD,02,00563419,30-JUN-2027
SILVER OAK WINE CELLARS,SILVER OAK WINE CELLARS,SILVER OAK WINE CELLARS  LLC,CALISTOGA,Napa,CA,94515,1183 DUNAWEAL LN,02,00579435,30-JUN-2027
SOLORIO FAMILY WINES,SOLORIO FAMILY WINES,SOLORIO FAMILY WINES LLC,CALISTOGA,Napa,CA,94515-1030,2280 GREENWOOD AVE,17,00617088,30-JUN-2027
SOLORIO FAMILY WINES,SOLORIO FAMILY WINES,SOLORIO FAMILY WINES LLC,CALISTOGA,Napa,CA,94515-1030,2280 GREENWOOD AVE,20,00617088,30-JUN-2027
SOMNIUM WINE COMPANY  LLC,,SOMNIUM WINE COMPANY  LLC,CALISTOGA,Napa,CA,94515-1701,1307 LINCOLN AVE,02,00640191,30-JUN-2027
STORMY WEATHER WINE LLC,STORMY WEATHER WINE LLC,STORMY WEATHER WINE LLC,CALISTOGA,Napa,CA,94515-9613,3750 SILVERADO TRL,17,00530561,30-NOV-2026
STORMY WEATHER WINE LLC,STORMY WEATHER WINE LLC,STORMY WEATHER WINE LLC,CALISTOGA,Napa,CA,94515-9613,3750 SILVERADO TRL,20,00530561,30-NOV-2026
STORYBOOK MOUNTAIN WINERY,STORYBOOK MOUNTAIN WINERY,STORYBOOK MOUNTAIN WINERY INC,CALISTOGA,Napa,CA,94515-9739,3835 STATE HIGHWAY 128,02,00337609,30-JUN-2027
SUSHI MAMBO,SUSHI MAMBO,SUSHI MAMBO  LLC,CALISTOGA,Napa,CA,94515-1333,1631 LINCOLN AVE,41,00645164,30-SEP-2026
SWANSON VINEYARDS AND WINERY,SWANSON VINEYARDS AND WINERY,VINTAGE WINE ESTATES  INC.,CALISTOGA,Napa,CA,94515-9799,1077 DUNAWEAL LN,02,00626698,
T BERKLEY WINES,T BERKLEY WINES,T. BERKLEY WINES  LLC,CALISTOGA,Napa,CA,94515-9633,4451 N ST HELENA HWY,02,00645749,30-JUN-2026
T-VINE WINERY,T-VINE WINERY,OLD VINE WINE PARTNERS  LLC,CALISTOGA,Napa,CA,94515-9665,810 FOOTHILL BLVD,02,00535317,
TANK GARAGE WINERY,TANK GARAGE WINERY,J3 WINE PARTNERS LLC,CALISTOGA,Napa,CA,94515,1020 FOOTHILL BLVD,02,00530282,30-JUN-2027
TEACHWORTH WINERY,TEACHWORTH WINERY,TFT 5 LTD L-PSHIP,CALISTOGA,Napa,CA,94515-9633,4451 N ST HELENA HWY,02,00377654,
TEACHWORTH WINERY,TEACHWORTH WINERY,TFT 5 LTD L-PSHIP,CALISTOGA,Napa,CA,94515-9633,4451 N ST HELENA HWY,02,00377654,30-JUN-2027
TEDESCHI FAMILY WINERY,TEDESCHI FAMILY WINERY,TEDESCHI COMPANY LLC,CALISTOGA,Napa,CA,94515,2779 GRANT ST,02,00424079,30-JUN-2026
TENUTA FOPPA & AMBROSI WINES  LLC,TENUTA FOPPA & AMBROSI WINES  LLC,TENUTA FOPPA & AMBROSI WINES LLC,CALISTOGA,Napa,CA,94515-9660,1380 TUCKER RD,17,00636704,31-JAN-2027
TENUTA FOPPA & AMBROSI WINES  LLC,TENUTA FOPPA & AMBROSI WINES  LLC,TENUTA FOPPA & AMBROSI WINES LLC,CALISTOGA,Napa,CA,94515-9660,1380 TUCKER RD,20,00636704,31-JAN-2027
TENUTA FOPPA & AMBROSI WINES  LLC,TENUTA FOPPA & AMBROSI WINES  LLC,TENUTA FOPPA & AMBROSI WINES LLC,CALISTOGA,Napa,CA,94515-9660,1380 TUCKER RD,09,00636704,31-JAN-2027
TOFANELLI WINES,TOFANELLI WINES,TOFANELLI  VINCENT ALAN,CALISTOGA,Napa,CA,94515-1736,1212 PINE ST,02,00376165,30-JUN-2027
TOM EDDY WINES,TOM EDDY WINES,TOM EDDY WINERY LLC,CALISTOGA,Napa,CA,94515-9739,3870 STATE HIGHWAY 128,20,00428625,31-JUL-2026
TOM EDDY WINES,TOM EDDY WINES,TOM EDDY WINERY LLC,CALISTOGA,Napa,CA,94515-9739,3870 STATE HIGHWAY 128,17,00428625,31-JUL-2026
TOM EDDY WINES,TOM EDDY WINES,TOM EDDY WINERY LLC,CALISTOGA,Napa,CA,94515-9739,3870 STATE HIGHWAY 128,02,00544525,30-JUN-2027
TOM EDDY WINES,TOM EDDY WINES,TOM EDDY WINERY LLC,CALISTOGA,Napa,CA,94515-9739,3870 STATE HIGHWAY 128,09,00428625,31-JUL-2026
UPPER VALLEY BARREL STORAGE,UPPER VALLEY BARREL STORAGE,PD PROPERTIES LLC,CALISTOGA,Napa,CA,94515,3 IDA LN,14,00371633,28-FEB-2027
UPPER VALLEY BARREL STORAGE,UPPER VALLEY BARREL STORAGE,PD PROPERTIES LLC,CALISTOGA,Napa,CA,94515,3 IDA LN,22,00371633,30-JUN-2026
UPROOT WINES,UPROOT WINES,SCHEINFELD WINE COMPANY  LLC,CALISTOGA,Napa,CA,94515-1128,965 SILVERADO TRL,02,00660737,
UPROOT WINES,UPROOT WINES,SCHEINFELD WINE COMPANY  LLC,CALISTOGA,Napa,CA,94515-1126,865 SILVERADO TRL,02,00674249,30-JUN-2026
UPROOT WINES,UPROOT WINES,SCHEINFELD WINE COMPANY  LLC,CALISTOGA,Napa,CA,94515-1128,965 SILVERADO TRL,02,00660737,30-JUN-2026
VENDING MACHINE WINERY  LLC,VENDING MACHINE WINERY  LLC,VENDING MACHINE WINERY  LLC,CALISTOGA,Napa,CA,94515-1410,1471 1ST ST,20,00569718,30-JUN-2027
VENDING MACHINE WINERY  LLC,VENDING MACHINE WINERY  LLC,VENDING MACHINE WINERY  LLC,CALISTOGA,Napa,CA,94515-1410,1471 1ST ST,17,00569718,30-JUN-2027
VICE VERSA WINES,VICE VERSA WINES,BRETON WINE COMPANY INC,CALISTOGA,Napa,CA,94515-1128,965 SILVERADO TRL,02,00647754,30-JUN-2026
VICE VERSA WINES,VICE VERSA WINES,BRETON WINE COMPANY INC,CALISTOGA,Napa,CA,94515-1126,865 SILVERADO TRL,02,00647753,30-JUN-2026
VICE VERSA WINES,VICE VERSA WINES,BRETON WINE COMPANY INC,CALISTOGA,Napa,CA,94515-9715,3475 HIGHWAY 128,02,00654152,30-JUN-2026
VINCENT ARROYO WINERY  INC.,VINCENT ARROYO WINERY  INC.,VINCENT ARROYO WINERY INC,CALISTOGA,Napa,CA,94515-1031,2361 GREENWOOD AVE,02,00257084,
VINCENT ARROYO WINERY  INC.,VINCENT ARROYO WINERY  INC.,VINCENT ARROYO WINERY INC,CALISTOGA,Napa,CA,94515-1031,2361 GREENWOOD AVE,02,00257084,30-JUN-2027
WEPPLER VINEYARDS & TEN KEY WINES,WEPPLER VINEYARDS & TEN KEY WINES,318 VINEYARDS LLC,CALISTOGA,Napa,CA,94515-1200,2970 FOOTHILL BLVD,20,00561010,30-SEP-2026
WEPPLER VINEYARDS & TEN KEY WINES,WEPPLER VINEYARDS & TEN KEY WINES,318 VINEYARDS LLC,CALISTOGA,Napa,CA,94515-1200,2970 FOOTHILL BLVD,17,00561010,30-SEP-2026
WINEXYZ  LLC,WINEXYZ  LLC,WINEXYZ  LLC,CALISTOGA,Napa,CA,94515-1410,1471 1ST ST,02,00555293,30-JUN-2026
ZACHERLE WINES,ZACHERLE WINES,FISHER  WHITNEY BRIGGS,CALISTOGA,Napa,CA,94515-1611,1501 CEDAR ST,02,00468417,30-JUN-2026
INTENTUS FINE WINES LLC,INTENTUS FINE WINES LLC,INTENTUS FINE WINES LLC,DEER PARK,Napa,CA,94576-9715,1120 DEER PARK RD,02,00617859,30-JUN-2026
THE SLUGGER WINE COMPANY,THE SLUGGER WINE COMPANY,THE SLUGGER WINE COMPANY  INC.,DEER PARK,Napa,CA,94576-9707,899 SANITARIUM RD,17,00667118,30-JUN-2026
THE SLUGGER WINE COMPANY,THE SLUGGER WINE COMPANY,THE SLUGGER WINE COMPANY  INC.,DEER PARK,Napa,CA,94576-9707,899 SANITARIUM RD,20,00667118,30-JUN-2026
1 800 WINE SHOP,1 800 WINE SHOP,1 800 WINESHOP COM INC,NAPA,Napa,CA,94558-6202,2545 NAPA VALLEY CORPORATE DR,02,00532288,
7 ELEVEN STORE #2365-14129B,7 ELEVEN STORE #2365-14129B,7 ELEVEN INC,NAPA,Napa,CA,94558,1925 SIERRA AVE,20,00553922,30-JUN-2027
7 ELEVEN STORE #2365-14138C,7 ELEVEN STORE #2365-14138C,7 ELEVEN INC,NAPA,Napa,CA,94558,2906 1ST ST,20,00553945,30-JUN-2027
8687 FAMILY WINE COMPANY,8687 FAMILY WINE COMPANY,8687 FAMILY WINE COMPANY  LLC,NAPA,Napa,CA,94558-1014,1201 DARMS LN,02,00535464,30-JUN-2026
90 PLUS WINE CLUB LLC,,90 PLUS WINE CLUB LLC,NAPA,Napa,CA,94558-1250,121 CANYON DR,17,00510085,31-DEC-2026
90 PLUS WINE CLUB LLC,,90 PLUS WINE CLUB LLC,NAPA,Napa,CA,94558-1250,121 CANYON DR,20,00510085,31-DEC-2026
90 PLUS WINE CLUB LLC,,90 PLUS WINE CLUB LLC,NAPA,Napa,CA,94558-1250,121 CANYON DR,09,00510085,31-DEC-2026
A 1 FOOD STORE,A 1 FOOD STORE,A 1 FOOD & LIQUOR INC,NAPA,Napa,CA,94559-3942,75 COOMBS ST,21,00583066,30-JUN-2027
A FAUSTINI WINES,A FAUSTINI WINES,A FAUSTINI WINES LLC,NAPA,Napa,CA,94558-1326,5055 SOLANO AVE,02,00566593,30-JUN-2027
ACCASBEL WINES,ACCASBEL WINES,ACCASBEL WINES  LLC,NAPA,Napa,CA,94559-3144,2405 LAUREL ST,85,00545747,
ACCASBEL WINES,ACCASBEL WINES,ACCASBEL WINES  LLC,NAPA,Napa,CA,94559-3144,2405 LAUREL ST,85,00545747,
ACCASBEL WINES,ACCASBEL WINES,ACCASBEL WINES  LLC,NAPA,Napa,CA,94559-3144,2405 LAUREL ST,85,00545747,30-JUN-2027
ACCURSO WINES LLC,ACCURSO WINES LLC,ACCURSO WINES LLC,NAPA,Napa,CA,94559-9742,1500 LOS CARNEROS AVE,02,00646661,30-JUN-2027
ACRE WINES,ACRE WINES,OLD LODGE  LLC,NAPA,Napa,CA,94559-2615,1031 MCKINSTRY ST,02,00605803,30-JUN-2027
ADDAX WINES,ADDAX WINES,ADDAX WINES  LLC,NAPA,Napa,CA,94559-2556,1339 PEARL ST,17,00531109,30-JUN-2026
ADDAX WINES,ADDAX WINES,ADDAX WINES  LLC,NAPA,Napa,CA,94559-2556,1339 PEARL ST,20,00531109,30-JUN-2026
ADVANTAGE WINE GROUP INC,ADVANTAGE WINE GROUP INC,ADVANTAGE WINE GROUP INC,NAPA,Napa,CA,94558-2368,1218 DAFFODIL DR,17,00466116,30-NOV-2026
ADVANTAGE WINE GROUP INC,ADVANTAGE WINE GROUP INC,ADVANTAGE WINE GROUP INC,NAPA,Napa,CA,94558-2368,1218 DAFFODIL DR,20,00466116,30-NOV-2026
ADVANTAGE WINE GROUP INC,ADVANTAGE WINE GROUP INC,ADVANTAGE WINE GROUP INC,NAPA,Napa,CA,94558-2368,1218 DAFFODIL DR,10,00466116,31-JUL-2026
AESTHETIC WINES LLC,,AESTHETIC WINES LLC,NAPA,Napa,CA,94558-7590,55 ENTERPRISE CT,02,00678218,30-JUN-2026
AESTHETIC WINES LLC,,AESTHETIC WINES LLC,NAPA,Napa,CA,94558,45 ENTERPRISE COURT,02,00678221,30-JUN-2026
AFTERWORDS WINES,AFTERWORDS WINES,AFTERWORDS WINES  LLC,NAPA,Napa,CA,94558-6262,190 CAMINO ORUGA,02,00647090,30-JUN-2026
AFTERWORDS WINES,AFTERWORDS WINES,AFTERWORDS WINES  LLC,NAPA,Napa,CA,94559-2824,1408 2ND ST,02,00653393,30-JUN-2026
AFTERWORDS WINES,AFTERWORDS WINES,AFTERWORDS WINES  LLC,NAPA,Napa,CA,94559-2927,1315 1ST ST,02,00671571,30-JUN-2026
ALEBRIJE WINES,ALEBRIJE WINES,ALEBRIJE WINES LLC,NAPA,Napa,CA,94558-6711,2494 TROWER AVE,17,00628979,30-SEP-2026
ALEBRIJE WINES,ALEBRIJE WINES,ALEBRIJE WINES LLC,NAPA,Napa,CA,94558-6711,2494 TROWER AVE,20,00628979,30-SEP-2026
ALPAS WINERY,ALPAS WINERY,GOSPODARCZYK  PAUL THOMAS,NAPA,Napa,CA,94558-3756,2449 SHORELINE DR,02,00659974,30-JUN-2026
ALPHA OMEGA WINERY,ALPHA OMEGA WINERY,ALPHA OMEGA WINERY  LLC,NAPA,Napa,CA,94559-2929,1239-1245 1ST ST,02,00599640,30-JUN-2027
ALTA WINES LLC,ALTA WINES LLC,ALTA WINES LLC,NAPA,Napa,CA,94558-6216,2731 & 2747 NAPA VALLEY CORPORATE DR,02,00583757,30-JUN-2026
ALTAMURA WINERY,ALTAMURA WINERY,ALTAMURA WINERY INC,NAPA,Napa,CA,94558-9309,1667 WOODEN VALLEY RD,02,00486554,30-JUN-2027
ALTAMURA WINERY,ALTAMURA WINERY,ALTAMURA WINERY INC,NAPA,Napa,CA,94558,1700 WOODEN VALLEY RD,02,00348010,30-JUN-2027
AMAMI SUSHI BISTRO,AMAMI SUSHI BISTRO,BAOLONG GROUP,NAPA,Napa,CA,94559-1946,1300 MAIN ST,41,00655389,28-FEB-2027
AMAZON RANCH WINERY,AMAZON RANCH WINERY,CHRISTENSEN  ALLAN WAYNE,NAPA,Napa,CA,94558-2706,3738 LINDA VISTA AVE,02,00421777,30-JUN-2026
AMLES WINES,AMLES WINES,AMLES WINES  LLC,NAPA,Napa,CA,94558-9745,7633 SILVERADO TRL,02,00629725,30-JUN-2027
AMMONS HORN WINES,AMMONS HORN WINES,CHATEAU NOIR VINEYARDS  LLC,NAPA,Napa,CA,94559-9728,3010 CUTTINGS WHARF RD,02,00609383,30-JUN-2027
AMOR MATRIS WINERY,AMOR MATRIS WINERY,AMOR MATRIS  LLC,NAPA,Napa,CA,94558-6280,201 DEVLIN RD,02,00671442,30-JUN-2026
ANCIEN WINES,ANCIEN WINES,ANCIEN WINES INC,NAPA,Napa,CA,94559-2636,1245 MAIN ST,02,00450882,30-JUN-2026
ANCIEN WINES,ANCIEN WINES,ANCIEN WINES INC,NAPA,Napa,CA,94559-3980,68 S COOMBS ST,02,00638727,30-JUN-2026
ANDERS-LANE ARTISAN WINES,ANDERS-LANE ARTISAN WINES,ANDERS LANE ARTISAN WINES L-PSHIP,NAPA,Napa,CA,94558-7590,55 ENTERPRISE CT,02,00604240,30-JUN-2026
ANDERS-LANE ARTISAN WINES,ANDERS-LANE ARTISAN WINES,ANDERS LANE ARTISAN WINES L-PSHIP,NAPA,Napa,CA,94559-9716,1075 BUCHLI STATION RD,02,00489288,
ANGELE RESTAURANT & BAR,ANGELE RESTAURANT & BAR,ANGELE L-PSHIP,NAPA,Napa,CA,94559-3353,540 MAIN ST,47,00446737,31-DEC-2026
ANGRY KIWI WINES CORPORATION,,ANGRY KIWI WINES CORPORATION,NAPA,Napa,CA,94559-3515,1002 B TAMARISK DR,02,00592608,30-JUN-2026
ANTHEM WINERY & VINEYARDS  LLC,ANTHEM WINERY & VINEYARDS  LLC,ANTHEM WINERY AND VINEYARDS LLC,NAPA,Napa,CA,94558-1326,5055 SOLANO AVE,02,00480369,30-JUN-2027
ANTHEM WINERY & VINEYARDS  LLC,ANTHEM WINERY & VINEYARDS  LLC,ANTHEM WINERY AND VINEYARDS LLC,NAPA,Napa,CA,94558-1326,5055 SOLANO AVE,93,00480369,30-JUN-2027
ANTHEM WINERY & VINEYARDS LLC,ANTHEM WINERY & VINEYARDS LLC,ANTHEM WINERY AND VINEYARDS LLC,NAPA,Napa,CA,94558-9722,3123 DRY CREEK RD,02,00480374,30-JUN-2027
AONAIR WINE,AONAIR WINE,GLJR WINE LLC,NAPA,Napa,CA,94558-6280,201 DEVLIN RD,02,00594468,30-JUN-2027
AONAIR WINE,AONAIR WINE,GLJR WINE LLC,NAPA,Napa,CA,94558-6280,201 DEVLIN RD,14,00588096,31-AUG-2026
APOSTLE WINE CO.,APOSTLE WINE CO.,EGELHOFF  LLC,NAPA,Napa,CA,94558-2281,4420 DUMAS ST,17,00656174,31-MAR-2027
APOSTLE WINE CO.,APOSTLE WINE CO.,EGELHOFF  LLC,NAPA,Napa,CA,94558-2281,4420 DUMAS ST,20,00656174,31-MAR-2027
APPLEBEES NEIGHBORHOOD GRILL & BAR,APPLEBEES NEIGHBORHOOD GRILL & BAR,WINECOUNTRY APPLE LLC,NAPA,Napa,CA,94559,195 SOSCOL AVE,47,00421043,31-DEC-2026
ARATAS WINE,ARATAS WINE,SANDY BAY HOLDING COMPANY LLC,NAPA,Napa,CA,94559-9713,1221 DUHIG RD,02,00489036,
ARBARETUM AT NAPA VALLEY DISTILLERY THE,ARBARETUM AT NAPA VALLEY DISTILLERY THE,NAPA VALLEY LIMONCELLO COMPANY LLC,NAPA,Napa,CA,94559-2931,1149 1ST ST,47,00630495,28-FEB-2027
ARCHIVAL WINE,ARCHIVAL WINE,ARCHIVAL WINE LLC,NAPA,Napa,CA,94558-4214,3331 KENSINGTON CIR,17,00668917,30-JUN-2026
ARCHIVAL WINE,ARCHIVAL WINE,ARCHIVAL WINE LLC,NAPA,Napa,CA,94558-4214,3331 KENSINGTON CIR,20,00668917,30-JUN-2026
ARDORE WINE,ARDORE WINE,TC VINEYARDS INC,NAPA,Napa,CA,94558,2232 BIG RANCH RD,02,00428284,
ARDORE WINE,ARDORE WINE,TC VINEYARDS INC,NAPA,Napa,CA,94558,2232 BIG RANCH RD,02,00428284,30-JUN-2026
ART + FARM WINE,ART + FARM WINE,THE GIRLS IN THE VINEYARD,NAPA,Napa,CA,94558-2013,2185 SILVERADO TRAIL,09,00518855,
ART + FARM WINE,ART + FARM WINE,THE GIRLS IN THE VINEYARD,NAPA,Napa,CA,94558-2013,2185 SILVERADO TRAIL,02,00518855,
ART + FARM WINE,ART + FARM WINE,THE GIRLS IN THE VINEYARD,NAPA,Napa,CA,94558-2013,2185 SILVERADO TRAIL,17,00518855,
ART + FARM WINE,ART + FARM WINE,THE GIRLS IN THE VINEYARD,NAPA,Napa,CA,94558-2013,2185 SILVERADO TRAIL,20,00518855,
ART + FARM WINE,ART + FARM WINE,THE GIRLS IN THE VINEYARD,NAPA,Napa,CA,94558-9432,7850 SILVERADO TRL,02,00505644,
ART + FARM WINE,ART + FARM WINE,THE GIRLS IN THE VINEYARD,NAPA,Napa,CA,94558-6214,110 CAMINO ORUGA,02,00562749,30-JUN-2026
ART + FARM WINE,ART + FARM WINE,THE GIRLS IN THE VINEYARD,NAPA,Napa,CA,94559-4574,101 S COOMBS,02,00562810,30-JUN-2026
ART + FARM WINE,ART + FARM WINE,THE GIRLS IN THE VINEYARD,NAPA,Napa,CA,94559-4574,101 S COOMBS,17,00562810,31-JUL-2026
ART + FARM WINE,ART + FARM WINE,THE GIRLS IN THE VINEYARD,NAPA,Napa,CA,94559-4574,101 S COOMBS,20,00562810,31-JUL-2026
ART + FARM WINE,ART + FARM WINE,THE GIRLS IN THE VINEYARD,NAPA,Napa,CA,94558-6212,130 CAMINO DORADO,02,00562758,30-JUN-2026
ART + FARM WINE,ART + FARM WINE,THE GIRLS IN THE VINEYARD,NAPA,Napa,CA,94559-4574,101 S COOMBS,09,00562810,31-JUL-2026
ARTESA VINEYARDS & WINERY,ARTESA VINEYARDS & WINERY,CODORNIU NAPA  INC.,NAPA,Napa,CA,94559-9705,1345 HENRY RD,02,00256740,
ARTESA VINEYARDS & WINERY,ARTESA VINEYARDS & WINERY,CODORNIU NAPA  INC.,NAPA,Napa,CA,94559-9705,1345 HENRY RD,09,00256740,
ARTESA VINEYARDS & WINERY,ARTESA VINEYARDS & WINERY,CODORNIU NAPA  INC.,NAPA,Napa,CA,94559-9705,1345 HENRY RD,81,00256740,
ARTESA WINERY,ARTESA WINERY,CODORNIU NAPA  INC.,NAPA,Napa,CA,94559-9705,1345 HENRY RD,02,00256740,30-JUN-2027
ARTESA WINERY,ARTESA WINERY,CODORNIU NAPA  INC.,NAPA,Napa,CA,94559-9705,1345 HENRY RD,20,00256740,31-MAY-2027
ARTESA WINERY,ARTESA WINERY,CODORNIU NAPA  INC.,NAPA,Napa,CA,94559-9705,1345 HENRY RD,17,00256740,31-MAY-2027
ARTESA WINERY,ARTESA WINERY,CODORNIU NAPA  INC.,NAPA,Napa,CA,94559-9705,1345 HENRY RD,09,00256740,30-JUN-2027
ARTESA WINERY,ARTESA WINERY,CODORNIU NAPA  INC.,NAPA,Napa,CA,94559-9705,1345 HENRY RD,81,00256740,30-JUN-2027
ARTISAN WINES LLC,ARTISAN WINES LLC,ARTISAN WINES LLC,NAPA,Napa,CA,94559-1342,849 JACKSON ST,85,00657959,31-JUL-2026
ASHES & DIAMONDS WINERY,ASHES & DIAMONDS WINERY,NAPA WINERY GROUP  LLC,NAPA,Napa,CA,94558-1324,4130 HOWARD LN,02,00579650,30-JUN-2027
ATLAS PEAK WINE LAB,ATLAS PEAK WINE LAB,LIEMS  ROBERT CHARLES,NAPA,Napa,CA,94558,2431 ATLAS PEAK RD,17,00570432,31-AUG-2026
ATLAS PEAK WINE LAB,ATLAS PEAK WINE LAB,LIEMS  ROBERT CHARLES,NAPA,Napa,CA,94558,2431 ATLAS PEAK RD,20,00570432,31-AUG-2026
ATLAS PEAK WINE LAB,ATLAS PEAK WINE LAB,LIEMS  ROBERT CHARLES,NAPA,Napa,CA,94558,2431 ATLAS PEAK RD,09,00570432,31-AUG-2026
ATLAS WINE COMPANY,ATLAS WINE COMPANY,ATLAS WINE COMPANY  LLC,NAPA,Napa,CA,94558-7546,841 LATOUR CT,02,00555671,
ATLAS WINE COMPANY,ATLAS WINE COMPANY,ATLAS WINE COMPANY  LLC,NAPA,Napa,CA,94558-7546,841 LATOUR CT,02,00555671,30-JUN-2026
AVA WINES  LLC,AVA WINES  LLC,AVA WINES  LLC,NAPA,Napa,CA,94558-2063,109 VALLEY CLUB CIR,16,00547522,
AVINODOS WINES,AVINODOS WINES,TOULON WINE COMPANY LLC,NAPA,Napa,CA,94558-6209,901 ENTERPRISE WAY,02,00601296,
AVINODOS WINES,AVINODOS WINES,TOULON WINE COMPANY LLC,NAPA,Napa,CA,94558-6209,901 ENTERPRISE WAY,02,00601296,30-JUN-2026
AVINODOS WINES,AVINODOS WINES,TOULON WINE COMPANY LLC,NAPA,Napa,CA,94558-6209,901 ENTERPRISE WAY,02,00624124,30-JUN-2026
AVINODOS WINES,AVINODOS WINES,TOULON WINE COMPANY LLC,NAPA,Napa,CA,94558-6209,901 ENTERPRISE WAY,81,00601296,30-JUN-2026
AXIOS WINES,AXIOS WINES,AXIOS  INC.,NAPA,Napa,CA,94558-6216,2731 & 2747 NAPA VALLEY CORPORATE DR,02,00584528,30-JUN-2027
AXIOS WINES INC,AXIOS WINES INC,AXIOS  INC.,NAPA,Napa,CA,94558-6280,221 DEVLIN RD,17,00384245,31-MAR-2027
AXIOS WINES INC,AXIOS WINES INC,AXIOS  INC.,NAPA,Napa,CA,94558-6280,221 DEVLIN RD,20,00384245,31-MAR-2027
AZTECA MARKET & TAQUERIA NAPA VALLEY INC,AZTECA MARKET & TAQUERIA NAPA VALLEY INC,BOGARIN  ERNESTO,NAPA,Napa,CA,94558-4920,2995 JEFFERSON ST,20,00543369,30-JUN-2026
AZUR WINES,AZUR WINES,AZUR WINES LLC,NAPA,Napa,CA,94559-2636,1245 MAIN ST,02,00534894,
AZUR WINES,AZUR WINES,AZUR WINES LLC,NAPA,Napa,CA,94558-3831,2238 1ST AVE,17,00563201,
AZUR WINES,AZUR WINES,AZUR WINES LLC,NAPA,Napa,CA,94558-3831,2238 1ST AVE,20,00563201,
AZUR WINES,AZUR WINES,AZUR WINES LLC,NAPA,Napa,CA,94558-3831,2238 1ST AVE,02,00563201,
AZUR WINES,AZUR WINES,AZUR WINES LLC,NAPA,Napa,CA,94558-3831,2238 1ST AVE,17,00563201,30-APR-2027
AZUR WINES,AZUR WINES,AZUR WINES LLC,NAPA,Napa,CA,94558-3831,2238 1ST AVE,20,00563201,30-APR-2027
AZUR WINES,AZUR WINES,AZUR WINES LLC,NAPA,Napa,CA,94558-3831,2238 1ST AVE,02,00563201,30-JUN-2027
AZUR WINES,AZUR WINES,AZUR WINES LLC,NAPA,Napa,CA,94559-2546,1014 CLINTON ST,02,00646614,30-JUN-2027
B TRUE WINES,B TRUE WINES,B TRUE WINES  LLC,NAPA,Napa,CA,94558-1019,5215 SOLANO AVE,02,00667674,30-JUN-2027
BACK ROOM WINES,BACK ROOM WINES,33113 INVESTMENTS  INC.,NAPA,Napa,CA,94559-2841,1546 1ST ST,21,00668237,30-APR-2027
BACK ROOM WINES,BACK ROOM WINES,33113 INVESTMENTS  INC.,NAPA,Napa,CA,94559-2841,1546 1ST ST,42,00668237,30-APR-2027
BACKSTAGE WINERY,BACKSTAGE WINERY,MOUNTAIN VIEW VINTNERS LLC,NAPA,Napa,CA,94558-1405,4162 BIG RANCH RD,02,00643362,30-JUN-2027
BAD HABITS WINES,BAD HABITS WINES,BAD HABITS WINES  LLC,NAPA,Napa,CA,94558-2748,3584 NORFOLK ST,17,00637015,30-SEP-2026
BAD HABITS WINES,BAD HABITS WINES,BAD HABITS WINES  LLC,NAPA,Napa,CA,94558-2748,3584 NORFOLK ST,20,00637015,30-SEP-2026
BAR LUCIA,BAR LUCIA,KARA'S CUPCAKES INCORPORATED,NAPA,Napa,CA,94559-2609,610 1ST ST,47,00630980,31-AUG-2026
BARBOUR VINEYARD WINES,BARBOUR VINEYARD WINES,BARBOUR  JAMES WILLIAM,NAPA,Napa,CA,94558-6212,104 CAMINO DORADO,02,00501835,30-JUN-2027
BARBOUR VINEYARD WINES,BARBOUR VINEYARD WINES,BARBOUR  JAMES WILLIAM,NAPA,Napa,CA,94558-1326,5055 SOLANO AVE,02,00502163,30-JUN-2027
BARNHOUSE NAPA BREWS,BARNHOUSE NAPA BREWS,BARNHOUSE NAPA VALLEY LLC,NAPA,Napa,CA,94559-2546,1004 CLINTON ST,41,00627573,30-SEP-2026
BARREL TEN QUARTER CIRCLE INC,BARREL TEN QUARTER CIRCLE INC,BARREL TEN QUARTER CIRCLE INC,NAPA,Napa,CA,94558-7520,33 HARLOW CT,09,00366993,
BARREL TEN QUARTER CIRCLE INC,BARREL TEN QUARTER CIRCLE INC,BARREL TEN QUARTER CIRCLE INC,NAPA,Napa,CA,94558-7520,33 HARLOW CT,14,00366993,
BARREL TEN QUARTER CIRCLE INC,BARREL TEN QUARTER CIRCLE INC,BARREL TEN QUARTER CIRCLE INC,NAPA,Napa,CA,94558-7520,33 HARLOW CT,02,00366993,
BARREL TEN QUARTER CIRCLE INC,BARREL TEN QUARTER CIRCLE INC,BARREL TEN QUARTER CIRCLE INC,NAPA,Napa,CA,94558,645 DEVLIN RD,02,00453293,
BARREL TEN QUARTER CIRCLE INC,BARREL TEN QUARTER CIRCLE INC,BARREL TEN QUARTER CIRCLE INC,NAPA,Napa,CA,94558-7520,33 HARLOW CT,14,00366993,31-DEC-2026
BARREL TEN QUARTER CIRCLE INC,BARREL TEN QUARTER CIRCLE INC,BARREL TEN QUARTER CIRCLE INC,NAPA,Napa,CA,94558-7520,33 HARLOW CT,02,00366993,30-JUN-2026
BARREL TEN QUARTER CIRCLE INC,BARREL TEN QUARTER CIRCLE INC,BARREL TEN QUARTER CIRCLE INC,NAPA,Napa,CA,94558,645 DEVLIN RD,02,00453293,30-JUN-2026
BARREL TEN QUARTER CIRCLE INC,BARREL TEN QUARTER CIRCLE INC,BARREL TEN QUARTER CIRCLE INC,NAPA,Napa,CA,94558-7520,33 HARLOW CT,09,00366993,30-JUN-2026
BAY WINE GROUP,,BAY WINE GROUP,NAPA,Napa,CA,94558-7590,55 ENTERPRISE CT,02,00605445,30-JUN-2026
BELONG WINE CO,BELONG WINE CO,VAN ZYL FAMILY LLC,NAPA,Napa,CA,94558-4583,101 S COOMBS ST,02,00657671,30-JUN-2026
BELONG WINE CO.,BELONG WINE CO.,VAN ZYL FAMILY LLC,NAPA,Napa,CA,94558-7579,394 & 396 DEVLIN RD,02,00657668,30-JUN-2026
BENCHMARK WINE GROUP,BENCHMARK WINE GROUP,BENCHMARK WINE GROUP  INC,NAPA,Napa,CA,94558-6274,445 DEVLIN RD,17,00567994,30-SEP-2026
BENCHMARK WINE GROUP,BENCHMARK WINE GROUP,BENCHMARK WINE GROUP  INC,NAPA,Napa,CA,94558-6274,445 DEVLIN RD,20,00567994,30-SEP-2026
BENCHMARK WINE GROUP,BENCHMARK WINE GROUP,BENCHMARK WINE GROUP  INC,NAPA,Napa,CA,94558-6274,445 DEVLIN RD,14,00567994,31-OCT-2026
BENCHMARK WINE GROUP,BENCHMARK WINE GROUP,BENCHMARK WINE GROUP  INC,NAPA,Napa,CA,94558-6274,445 DEVLIN RD,09,00567994,30-SEP-2026
BENCHMARK WINE GROUP  INC,BENCHMARK WINE GROUP  INC,BENCHMARK WINE GROUP  INC,NAPA,Napa,CA,94558-6241,1568 AIRPORT BLVD,17,00634256,31-MAR-2027
BENCHMARK WINE GROUP  INC,BENCHMARK WINE GROUP  INC,BENCHMARK WINE GROUP  INC,NAPA,Napa,CA,94558-6241,1568 AIRPORT BLVD,20,00634256,31-MAR-2027
BENCHMARK WINE GROUP  INC,BENCHMARK WINE GROUP  INC,BENCHMARK WINE GROUP  INC,NAPA,Napa,CA,94558-6241,1568 AIRPORT BLVD,09,00634256,31-MAR-2027
BIAGI FAMILY WINES,BIAGI FAMILY WINES,BIAGI FAMILY WINES LLC,NAPA,Napa,CA,94558-7515,787 AIRPARK RD,17,00483602,31-DEC-2026
BIAGI FAMILY WINES,BIAGI FAMILY WINES,BIAGI FAMILY WINES LLC,NAPA,Napa,CA,94558-6182,1721 PARTRICK RD,02,00632962,30-JUN-2027
BIAGI FAMILY WINES,BIAGI FAMILY WINES,BIAGI FAMILY WINES LLC,NAPA,Napa,CA,94558-7515,787 AIRPARK RD,02,00594778,30-JUN-2027
BLACK STALLION WINERY,BLACK STALLION WINERY,DELICATO VINEYARDS  LLC,NAPA,Napa,CA,94558-1113,4089 SILVERADO TRL,02,00638683,30-JUN-2027
BLUE FROG WINERY,BLUE FROG WINERY,BLUE FROG WINES  INC.,NAPA,Napa,CA,94558-6209,901 ENTERPRISE WAY,02,00565771,30-JUN-2026
BOUNTY HUNTER RARE WINE & SPIRITS,BOUNTY HUNTER RARE WINE & SPIRITS,VINOLIO EXPORTS AND IMPORTS  LLC,NAPA,Napa,CA,94559-2620,975 1ST ST,47,00541217,31-MAR-2027
BOUNTY HUNTER RARE WINE & SPIRITS,BOUNTY HUNTER RARE WINE & SPIRITS,VINOLIO EXPORTS AND IMPORTS  LLC,NAPA,Napa,CA,94559-2620,975 1ST ST,77,00541217,31-MAR-2027
BOUNTY HUNTER RARE WINE & SPIRITS,BOUNTY HUNTER RARE WINE & SPIRITS,VINOLIO EXPORTS AND IMPORTS  LLC,NAPA,Napa,CA,94559-2620,975 1ST ST,58,00541217,31-MAR-2027
BOWKER FAMILY WINE COMPANY LLC,,BOWKER FAMILY WINE COMPANY LLC,NAPA,Napa,CA,94559-1549,1507 BANKS AVE,02,00661765,30-JUN-2026
BOWKER FAMILY WINE COMPANY LLC,,BOWKER FAMILY WINE COMPANY LLC,NAPA,Napa,CA,94558-9201,2275 SODA CANYON RD,02,00660352,30-JUN-2026
BRIAN EDWARD WINES,BRIAN EDWARD WINES,BRIAN EDWARD WINES LLC,NAPA,Napa,CA,94558-1556,264 SILVERADO SPRINGS DR,17,00518817,
BRIAN EDWARD WINES,BRIAN EDWARD WINES,BRIAN EDWARD WINES LLC,NAPA,Napa,CA,94558-1556,264 SILVERADO SPRINGS DR,20,00518817,
BRIAN EDWARD WINES  LLC,BRIAN EDWARD WINES  LLC,BRIAN EDWARD WINES LLC,NAPA,Napa,CA,94558-1252,303 DEER HOLLOW DR,17,00597568,28-FEB-2027
BRIAN EDWARD WINES  LLC,BRIAN EDWARD WINES  LLC,BRIAN EDWARD WINES LLC,NAPA,Napa,CA,94558-1252,303 DEER HOLLOW DR,20,00597568,28-FEB-2027
BRILLIANT MISTAKE WINES,BRILLIANT MISTAKE WINES,BRILLIANT MISTAKE WINES LLC,NAPA,Napa,CA,94558-3083,620 TRANCAS ST,02,00635912,
BRILLIANT MISTAKE WINES,BRILLIANT MISTAKE WINES,BRILLIANT MISTAKE WINES LLC,NAPA,Napa,CA,94558-3083,620 TRANCAS ST,02,00635912,30-JUN-2026
BRONCO WINE COMPANY,BRONCO WINE COMPANY,BRONCO WINE COMPANY,NAPA,Napa,CA,94558,33 HARLOW CT,02,00393712,
BRONCO WINE COMPANY,BRONCO WINE COMPANY,BRONCO WINE COMPANY,NAPA,Napa,CA,94558,33 HARLOW CT,02,00393712,30-JUN-2026
BROOKMAN WINE CO,BROOKMAN WINE CO,BROOKMAN  GARY BRIAN,NAPA,Napa,CA,94558-9432,7850 SILVERADO TRL,02,00472317,30-JUN-2026
BROWNS VALLEY MARKET INC,BROWNS VALLEY MARKET INC,BROWNS VALLEY MARKET INC,NAPA,Napa,CA,94558,3263 BROWNS VALLEY RD,21,00137740,31-OCT-2026
BROWNS VALLEY MARKET INC,BROWNS VALLEY MARKET INC,BROWNS VALLEY MARKET INC,NAPA,Napa,CA,94558,3263 BROWNS VALLEY RD,42,00137740,31-AUG-2026
BUCKINGHAM WINES LLC,BUCKINGHAM WINES LLC,BUCKINGHAM WINES LLC,NAPA,Napa,CA,94558-3847,15 CHATEAU LN,02,00640826,30-JUN-2027
BUNTER SPRING WINERY,BUNTER SPRING WINERY,BUNTER  MARK JOSEPH,NAPA,Napa,CA,94558-3939,1062 1ST AVE,02,00477282,30-JUN-2027
BUONCRISTIANI WINE CO LLC,BUONCRISTIANI WINE CO LLC,BUONCRISTIANI WINE CO.  LLC,NAPA,Napa,CA,94559-2636,1245 MAIN ST,02,00402504,30-JUN-2026
BUONCRISTIANI WINE CO.  LLC,,BUONCRISTIANI WINE CO.  LLC,NAPA,Napa,CA,94559-2625,708 1ST ST,02,00562628,30-JUN-2026
BUONCRISTIANI WINE CO.  LLC,,BUONCRISTIANI WINE CO.  LLC,NAPA,Napa,CA,94558-9201,2275 SODA CANYON RD,02,00537752,30-JUN-2026
BUONCRISTIANI WINE CO.  LLC,,BUONCRISTIANI WINE CO.  LLC,NAPA,Napa,CA,94558-7586,45 ENTERPRISE CT,02,00528211,30-JUN-2026
BUONCRISTIANI WINES,BUONCRISTIANI WINES,BUONCRISTIANI WINE CO.  LLC,NAPA,Napa,CA,94558-9201,2275 SODA CANYON RD,02,00537752,
BUONCRISTIANI WINES,BUONCRISTIANI WINES,BUONCRISTIANI WINE CO.  LLC,NAPA,Napa,CA,94559-2625,708 1ST ST,02,00562628,
BUONCRISTIANI WINES,BUONCRISTIANI WINES,BUONCRISTIANI WINE CO LLC,NAPA,Napa,CA,94558-7590,55 ENTERPRISE CT,02,00578145,
BUONCRISTIANI WINES,BUONCRISTIANI WINES,BUONCRISTIANI WINE CO LLC,NAPA,Napa,CA,94558-7586,45 ENTERPRISE CT,02,00528211,
BUONCRISTIANI WINES,BUONCRISTIANI WINES,BUONCRISTIANI WINE CO LLC,NAPA,Napa,CA,94559-2636,1245 MAIN ST,02,00402504,
BUONCRISTIANI WINES,BUONCRISTIANI WINES,BUONCRISTIANI WINE CO.  LLC,NAPA,Napa,CA,94558-7590,55 ENTERPRISE CT,02,00578145,30-JUN-2026
BUSELLI FAMILY WINES,BUSELLI FAMILY WINES,BUSELLI FAMILY WINES  LLC,NAPA,Napa,CA,94558-9739,7764 SILVERADO TRL,02,00553155,30-JUN-2026
BUSELLI FAMILY WINES,BUSELLI FAMILY WINES,BUSELLI FAMILY WINES  LLC,NAPA,Napa,CA,94558-7590,55 ENTERPRISE CT,02,00596570,30-JUN-2026
BUSELLI FAMILY WINES,BUSELLI FAMILY WINES,BUSELLI FAMILY WINES  LLC,NAPA,Napa,CA,94558-7586,45 ENTERPRISE CT,02,00596200,30-JUN-2026
BYRON KOSUGE WINES,BYRON KOSUGE WINES,BYRON KOSUGE WINES LLC,NAPA,Napa,CA,94559,1763 SYCAMORE ST,17,00424981,30-JUN-2027
BYRON KOSUGE WINES,BYRON KOSUGE WINES,BYRON KOSUGE WINES LLC,NAPA,Napa,CA,94559,1763 SYCAMORE ST,20,00424981,30-JUN-2027
CA' MOMI; CA' MOMI WINERY,CA' MOMI; CA' MOMI WINERY,CA' MOMI WINERY  LLC,NAPA,Napa,CA,94559-9732,2125 CUTTINGS WHARF RD,02,00540898,
CA' MOMI; CA' MOMI WINERY,CA' MOMI; CA' MOMI WINERY,CA' MOMI WINERY  LLC,NAPA,Napa,CA,94558-7541,2515 NAPA VALLEY CORPORATE DR,02,00540910,
CA' MOMI; CA' MOMI WINERY,CA' MOMI; CA' MOMI WINERY,CA' MOMI WINERY  LLC,NAPA,Napa,CA,94559-9732,2125 CUTTINGS WHARF RD,02,00540898,30-JUN-2027
CADET WINE & BEER BAR,CADET WINE & BEER BAR,CLOVEN YOUTH  LLC  THE,NAPA,Napa,CA,94559,928 - 932 FRANKLIN ST,42,00538697,
CADET WINE & BEER BAR,CADET WINE & BEER BAR,CLOVEN YOUTH  LLC  THE,NAPA,Napa,CA,94559,928 - 932 FRANKLIN ST,77,00538697,
CADET WINE & BEER BAR,CADET WINE & BEER BAR,CLOVEN YOUTH  LLC  THE,NAPA,Napa,CA,94559,928 - 932 FRANKLIN ST,58,00538697,
CADET WINE & BEER BAR,CADET WINE & BEER BAR,CLOVEN YOUTH  LLC  THE,NAPA,Napa,CA,94559,928 - 932 FRANKLIN ST,48,00538697,31-JUL-2026
CADET WINE & BEER BAR,CADET WINE & BEER BAR,CLOVEN YOUTH  LLC  THE,NAPA,Napa,CA,94559,928 - 932 FRANKLIN ST,77,00538697,31-JUL-2026
CADET WINE & BEER BAR,CADET WINE & BEER BAR,CLOVEN YOUTH  LLC  THE,NAPA,Napa,CA,94559,928 - 932 FRANKLIN ST,58,00538697,31-JUL-2026
CADLE FAMILY WINES,CADLE FAMILY WINES,CADLE FAMILY WINES  LLC,NAPA,Napa,CA,94559-2929,1201 1ST ST,02,00621083,30-JUN-2026
CALMERE ESTATE WINERY,CALMERE ESTATE WINERY,PEJU FAMILY OPERATING PARTNERSHIP  LP,NAPA,Napa,CA,94559-9715,2750 LAS AMIGAS RD,02,00569224,30-JUN-2026
CANNATELLI WINES,CANNATELLI WINES,CANNATELLI WINES  LLC,NAPA,Napa,CA,94558-1326,5055 SOLANO AVE,02,00594893,30-JUN-2027
CANNATELLI WINES,CANNATELLI WINES,CANNATELLI WINES  LLC,NAPA,Napa,CA,94558,7035 SILVERADO TRL,02,00594896,30-JUN-2026
CARNEROS WINE COMPANY,CARNEROS WINE COMPANY,CARNEROS WINE COMPANY INC,NAPA,Napa,CA,94559-9706,1134 DEALY LN,02,00574682,30-JUN-2027
CASPAR WINE,CASPAR WINE,CASPAR WINE LLC,NAPA,Napa,CA,94558-6223,190 CAMINO ORUGA,02,00629228,30-JUN-2026
CASPAR WINE,CASPAR WINE,CASPAR WINE LLC,NAPA,Napa,CA,94559-1737,1732 JEFFERSON ST,02,00635765,30-JUN-2026
CASTLE BRIDGE WINES,CASTLE BRIDGE WINES,CASTLE BRIDGE WINE COMPANY  LLC,NAPA,Napa,CA,94558-7586,45 ENTERPRISE CT,02,00664290,30-JUN-2027
CASTLE BRIDGE WINES,CASTLE BRIDGE WINES,CASTLE BRIDGE WINE COMPANY  LLC,NAPA,Napa,CA,94558-7590,55 ENTERPRISE CT,02,00664283,30-JUN-2027
CATERWAUL WINES,CATERWAUL WINES,ROYAL WE LLC,NAPA,Napa,CA,94558-7576,144 GATEWAY RD E,02,00647657,30-JUN-2026
CHAIX WINES,CHAIX WINES,CHAIX WINERY LLC,NAPA,Napa,CA,94558-9300,1204 MANLEY LN,02,00660999,30-JUN-2027
CHAIX WINES,CHAIX WINES,CHAIX WINERY LLC,NAPA,Napa,CA,94558-9300,1204 MANLEY LN,93,00660999,30-JUN-2027
CHARDONNAY GOLF CLUB,CHARDONNAY GOLF CLUB,NAPA GOLF ASSOCIATES LLC,NAPA,Napa,CA,94558,2555 JAMESON CANYON RD,47,00436787,
CHARDONNAY GOLF CLUB,CHARDONNAY GOLF CLUB,NAPA GOLF ASSOCIATES LLC,NAPA,Napa,CA,94558,2555 JAMESON CANYON RD,47,00436787,
CHARDONNAY GOLF CLUB,CHARDONNAY GOLF CLUB,NAPA GOLF ASSOCIATES LLC,NAPA,Napa,CA,94558,2555 JAMESON CANYON RD,68,00436787,
CHETUPHON,CHETUPHON,ASSAWAPRAPART  CHIRAWUT,NAPA,Napa,CA,94559-4044,155 GASSER DR,41,00578073,31-AUG-2026
CHIMNEY ROCK WINERY,CHIMNEY ROCK WINERY,CHIMNEY ROCK WINERY LLC,NAPA,Napa,CA,94558,5350 SILVERADO TRL,02,00366010,30-JUN-2027
CHIMNEY ROCK WINERY,CHIMNEY ROCK WINERY,CHIMNEY ROCK WINERY LLC,NAPA,Napa,CA,94558,5350 SILVERADO TRL,93,00366010,30-JUN-2027
CHIPOTLE MEXICAN GRILL #1527,CHIPOTLE MEXICAN GRILL #1527,CHIPOTLE MEXICAN GRILL INC,NAPA,Napa,CA,94558-3339,1715 TRANCAS ST,41,00518705,28-FEB-2027
CHIPOTLE MEXICAN GRILL STORE #2415,CHIPOTLE MEXICAN GRILL STORE #2415,CHIPOTLE MEXICAN GRILL INC,NAPA,Napa,CA,94559,304 SOSCOL AVE STE F,41,00546915,30-NOV-2026
CLIF FAMILY WINERY,CLIF FAMILY WINERY,CLIF FAMILY WINERY AND FARM  LLC,NAPA,Napa,CA,94558-1347,4326 BIG RANCH RD,02,00623420,30-JUN-2027
CLIF FAMILY WINERY,CLIF FAMILY WINERY,CLIF FAMILY WINERY AND FARM  LLC,NAPA,Napa,CA,94558-1347,4326 BIG RANCH RD,81,00623420,30-JUN-2027
CLIF FAMILY WINERY AND FARM  LLC,,CLIF FAMILY WINERY AND FARM  LLC,NAPA,Napa,CA,94558-7520,40 HARLOW CT,02,00616757,30-JUN-2027
COCKERELL FAMILY WINE ESTATES,COCKERELL FAMILY WINE ESTATES,COCKERELL WINE CONSULTING LLC,NAPA,Napa,CA,94558-6182,1721 PARTRICK RD,02,00508153,30-JUN-2027
COHO WINES,COHO WINES,COHO WINES LLC,NAPA,Napa,CA,94559-1509,1470 SPROUL AVE,02,00480676,30-JUN-2026
COHO WINES,COHO WINES,COHO WINES LLC,NAPA,Napa,CA,94558-6214,110 CAMINO ORUGA,02,00570980,30-JUN-2026
COHO WINES,COHO WINES,COHO WINES LLC,NAPA,Napa,CA,94559-1509,1470 SPROUL AVE,02,00480676,
COLLEGIATE WINES,COLLEGIATE WINES,COLLEGIATE WINES  LLC,NAPA,Napa,CA,94558-6206,962 KAISER RD,17,00670653,30-SEP-2026
COLLEGIATE WINES,COLLEGIATE WINES,COLLEGIATE WINES  LLC,NAPA,Napa,CA,94558-6206,962 KAISER RD,20,00670653,30-SEP-2026
COMPLINE WINE SHOP,COMPLINE WINE SHOP,FOSSIL RECORDS  LLC,NAPA,Napa,CA,94559-2951,1300 FIRST ST,42,00640468,30-SEP-2026
CONNOISSEUR WINE AND SPIRITS CALIFORNIA,CONNOISSEUR WINE AND SPIRITS CALIFORNIA,CONNOISSEUR WINE LOGISTICS WEST LLC,NAPA,Napa,CA,94558-6221,1907 N KELLY RD,17,00658767,28-FEB-2027
CONNOISSEUR WINE AND SPIRITS CALIFORNIA,CONNOISSEUR WINE AND SPIRITS CALIFORNIA,CONNOISSEUR WINE LOGISTICS WEST LLC,NAPA,Napa,CA,94558-6221,1907 N KELLY RD,18,00658767,28-FEB-2027
CONNOISSEUR WINE AND SPIRITS CALIFORNIA,CONNOISSEUR WINE AND SPIRITS CALIFORNIA,CONNOISSEUR WINE LOGISTICS WEST LLC,NAPA,Napa,CA,94558-6221,1907 N KELLY RD,20,00658767,28-FEB-2027
CONNOISSEUR WINE AND SPIRITS CALIFORNIA,CONNOISSEUR WINE AND SPIRITS CALIFORNIA,CONNOISSEUR WINE LOGISTICS WEST LLC,NAPA,Napa,CA,94558-6221,1907 N KELLY RD,09,00658767,28-FEB-2027
CONNOISSEUR WINE AND SPIRITS CALIFORNIA,CONNOISSEUR WINE AND SPIRITS CALIFORNIA,CONNOISSEUR WINE LOGISTICS WEST LLC,NAPA,Napa,CA,94558-6221,1907 N KELLY RD,12,00658767,28-FEB-2027
CONSECRATION WINE LLC,CONSECRATION WINE LLC,CONSECRATION WINE  LLC,NAPA,Napa,CA,94559-1342,849 JACKSON ST,17,00583696,
CONSECRATION WINE LLC,CONSECRATION WINE LLC,CONSECRATION WINE  LLC,NAPA,Napa,CA,94559-1342,849 JACKSON ST,20,00583696,
COQUEREL FAMILY WINE ESTATES,COQUEREL FAMILY WINE ESTATES,COCKERELL WINE CONSULTING LLC,NAPA,Napa,CA,94558-5813,2865 HILL TOP DR,02,00560501,30-JUN-2027
CORRELATION WINES,CORRELATION WINES,STEFFENS FAMILY WINES  LLC,NAPA,Napa,CA,94559-2625,708 1ST ST,02,00592924,30-JUN-2027
COST PLUS WORLD MARKET,COST PLUS WORLD MARKET,COST PLUS INC,NAPA,Napa,CA,94558-2834,3934 BEL AIRE PLZ,20,00409182,
COST PLUS WORLD MARKET,COST PLUS WORLD MARKET,COST PLUS INC,NAPA,Napa,CA,94558-2834,3934 BEL AIRE PLZ,86,00409182,
COVALENCE WINE,COVALENCE WINE,FIRE PIT ENTERPRISES LLC,NAPA,Napa,CA,94558-6260,831 LATOUR CT,02,00659255,30-JUN-2027
COVENANT WINES,COVENANT WINES,CHAIM  LLC,NAPA,Napa,CA,94558-7574,2511 NAPA VALLEY CORPORATE DR,02,00503417,
CPX WINES,CPX WINES,CPXWINES LLC,NAPA,Napa,CA,94559-1549,1509 BANKS AVE,17,00657439,30-APR-2027
CPX WINES,CPX WINES,CPXWINES LLC,NAPA,Napa,CA,94559-1549,1509 BANKS AVE,20,00657439,30-APR-2027
CRISTIE KERR WINES,CRISTIE KERR WINES,CRISTIE KERR WINES  LLC,NAPA,Napa,CA,94559-2815,1463 1ST ST,02,00639094,30-JUN-2027
CUMMINGS FAMILY WINES,CUMMINGS FAMILY WINES,CUMMINGS FAMILY WINES LLC,NAPA,Napa,CA,94558-6230,918 ENTERPRISE WAY,02,00608310,30-JUN-2027
CUVAISON WINERY,CUVAISON WINERY,CUVAISON  INC.,NAPA,Napa,CA,94559-9713,1221 DUHIG RD,02,00417714,30-JUN-2027
CUVAISON WINERY,CUVAISON WINERY,CUVAISON  INC.,NAPA,Napa,CA,94559-9713,1221 DUHIG RD,09,00417714,30-JUN-2027
CUVAISON WINERY,CUVAISON WINERY,CUVAISON  INC.,NAPA,Napa,CA,94559-9713,1221 DUHIG RD,81,00417714,30-JUN-2027
CVS PHARMACY STORE 1804,CVS PHARMACY STORE 1804,GARFIELD BEACH CVS LLC,NAPA,Napa,CA,94558,675 TRANCAS ST,21,00477873,31-MAY-2027
CVS PHARMACY STORE 9214,CVS PHARMACY STORE 9214,GARFIELD BEACH CVS LLC,NAPA,Napa,CA,94558,1558 TRANCAS ST,21,00477872,31-MAY-2027
DA VE WINERY,DA VE WINERY,DA-VE WINERY  INC.,NAPA,Napa,CA,94558-7541,2515 NAPA VALLEY CORPORATE DR,02,00474599,30-JUN-2027
DA VE WINERY,DA VE WINERY,DA-VE WINERY  INC.,NAPA,Napa,CA,94558-7541,2515 NAPA VALLEY CORPORATE DR,06,00474599,31-JUL-2027
DALECIO FAMILY WINES  LLC,,DALECIO FAMILY WINES  LLC,NAPA,Napa,CA,94559-2420,905 JEFFERSON ST,02,00617637,30-JUN-2026
DARIOUSH WINERY,DARIOUSH WINERY,DARIOUSH KHALEDI WINERY LLC,NAPA,Napa,CA,94558-1117,4240 SILVERADO TRL,02,00349277,30-JUN-2027
DARIOUSH WINERY,DARIOUSH WINERY,DARIOUSH KHALEDI WINERY LLC,NAPA,Napa,CA,94558-6250,830 LATOUR CT,02,00568845,30-JUN-2027
DAVIN WINES,DAVIN WINES,DAVIN'S INTERPRETING SERVICE,NAPA,Napa,CA,94559-4339,1997 MOLINA ST,17,00646734,31-OCT-2026
DE RE WINES L.L.C.,,DE RE WINES L.L.C.,NAPA,Napa,CA,94559-1720,1177 EGGLESTON ST,20,00651131,30-NOV-2026
DE RE WINES L.L.C.,,DE RE WINES L.L.C.,NAPA,Napa,CA,94559-1720,1177 EGGLESTON ST,17,00651131,30-NOV-2026
DEAN & DELUCA MARKETS LLC,,DEAN & DELUCA MARKETS LLC,NAPA,Napa,CA,94559-3958,68 COOMBS ST,14,00473892,
DEARDEN WINES,DEARDEN WINES,COSTA DEL SOL LLC,NAPA,Napa,CA,94559-9717,2258 LAS AMIGAS RD,02,00626254,30-JUN-2027
DELGADILLO WINE COMPANY,DELGADILLO WINE COMPANY,DELGADILLO WINE COMPANY LLC,NAPA,Napa,CA,94558-4755,2812 SACRAMENTO ST,02,00479050,30-JUN-2027
DESTINY FAMILY WINES,DESTINY FAMILY WINES,HANSON  RAYMOND KENNETH JR,NAPA,Napa,CA,94558-2113,3295 VICHY AVE,17,00591823,28-FEB-2027
DESTINY FAMILY WINES,DESTINY FAMILY WINES,HANSON  RAYMOND KENNETH JR,NAPA,Napa,CA,94558-2113,3295 VICHY AVE,20,00591823,28-FEB-2027
DEUCES MARKET,DEUCES MARKET,PENNINGTON PROVISIONS LLC,NAPA,Napa,CA,94559-2950,1300 1STST,41,00646575,30-APR-2027
DJK WINE,DJK WINE,DON JULIO KIM VINEYARDS  LLC,NAPA,Napa,CA,94558-4044,4266 E 3RD AVE,17,00651179,30-JUN-2027
DJK WINE,DJK WINE,DON JULIO KIM VINEYARDS  LLC,NAPA,Napa,CA,94558-4044,4266 E 3RD AVE,20,00651179,30-JUN-2027
DOI DA WINES,DOI DA WINES,RED BOAT GLOBAL LLC,NAPA,Napa,CA,94558-9470,1373 SODA CANYON RD,02,00656721,30-JUN-2027
DON PERICO RESTAURANT,DON PERICO RESTAURANT,DON PERICO MEXICAN RESTAURANT  INC.,NAPA,Napa,CA,94559,1300 1ST ST,58,00672578,31-AUG-2026
DON PERICO RESTAURANT,DON PERICO RESTAURANT,DON PERICO MEXICAN RESTAURANT  INC.,NAPA,Napa,CA,94559,1300 1ST ST,47,00672578,31-AUG-2026
DRM WINERY,DRM WINERY,MANIES  DANIEL RAY,NAPA,Napa,CA,94558,1758 INDUSTRIAL WY,02,00609781,30-JUN-2027
DRY FARM WINES,DRY FARM WINES,DRY FARM WINES  LLC,NAPA,Napa,CA,94558-3310,3222 CALIFORNIA BLVD,09,00624186,
DRY FARM WINES,DRY FARM WINES,DRY FARM WINES  LLC,NAPA,Napa,CA,94558-3310,3222 CALIFORNIA BLVD,17,00624186,
DRY FARM WINES,DRY FARM WINES,DRY FARM WINES  LLC,NAPA,Napa,CA,94558-3310,3222 CALIFORNIA BLVD,20,00624186,
DVNO WINE,DVNO WINE,DI NUNZIO HOLDINGS LLC,NAPA,Napa,CA,94558-6221,1907 N KELLY RD,20,00660220,31-JAN-2027
DVNO WINE,DVNO WINE,DI NUNZIO HOLDINGS LLC,NAPA,Napa,CA,94558-6221,1907 N KELLY RD,17,00660220,31-JAN-2027
DVNO WINE,DVNO WINE,DI NUNZIO HOLDINGS LLC,NAPA,Napa,CA,94558-6221,1907 N KELLY RD,09,00660220,31-JAN-2027
EAGLE VINES GOLF CLUB,EAGLE VINES GOLF CLUB,EAGLE VINES VINEYARDS AND GOLF CLUB LLC,NAPA,Napa,CA,94558,580 S KELLY RD,47,00428899,31-OCT-2026
ECONOMY FOOD MARKET,ECONOMY FOOD MARKET,ECONOMY MARKET,NAPA,Napa,CA,94559-4239,1100 IMOLA AVE,21,00395358,30-NOV-2026
EDGE WINES,EDGE WINES,NORTHERN EMPIRE LLC,NAPA,Napa,CA,94558-1100,4500 SILVERADO TRL,17,00661729,31-DEC-2026
EDGE WINES,EDGE WINES,NORTHERN EMPIRE LLC,NAPA,Napa,CA,94558-1100,4500 SILVERADO TRL,20,00661729,31-DEC-2026
EHRLICH WINE VENTURES  LLC,,EHRLICH WINE VENTURES  LLC,NAPA,Napa,CA,94558-9496,7765 MONEY RD,17,00655856,30-SEP-2026
EHRLICH WINE VENTURES  LLC,,EHRLICH WINE VENTURES  LLC,NAPA,Napa,CA,94558-9496,7765 MONEY RD,20,00655856,30-SEP-2026
EIKOS RESTAURANT,EIKOS RESTAURANT,EIKOS INC,NAPA,Napa,CA,94559-2504,1385 NAPA TOWN CTR,47,00514518,
EIKOS RESTAURANT,EIKOS RESTAURANT,EIKOS INC,NAPA,Napa,CA,94559,1300 1ST ST,47,00514518,28-FEB-2027
EIKOS RESTAURANT,EIKOS RESTAURANT,EIKOS INC,NAPA,Napa,CA,94559,1300 1ST ST,58,00514518,28-FEB-2027
EL GUADALAJARA RESTAURANT,EL GUADALAJARA RESTAURANT,ARTEAGA  MIGUEL BARAJAS,NAPA,Napa,CA,94559-1416,1520 SILVERADO TRL,47,00576933,30-SEP-2026
ELEVEN ELEVEN WINES,ELEVEN ELEVEN WINES,ELEGANCE PROPERTIES  LLC,NAPA,Napa,CA,94558-3083,620 TRANCAS ST,02,00541847,
ELEVEN ELEVEN WINES,ELEVEN ELEVEN WINES,ELEGANCE PROPERTIES  LLC,NAPA,Napa,CA,94558-3083,620 TRANCAS ST,02,00541847,30-JUN-2026
ELLMAN FAMILY WINERY,ELLMAN FAMILY WINERY,ELLMAN FAMILY WINERY  LLC,NAPA,Napa,CA,94558-9210,1022 SODA CANYON RD,02,00667182,30-JUN-2027
ELYSE WINERY,ELYSE WINERY,HQ WINERY LLC,NAPA,Napa,CA,94558-9796,2100 HOFFMAN LN,02,00602270,
ELYSE WINERY,ELYSE WINERY,HQ WINERY LLC,NAPA,Napa,CA,94558-9796,2100 HOFFMAN LN,02,00602270,30-JUN-2027
EMMAUS  EMMAUS WINE  EMMAUS WINES,EMMAUS  EMMAUS WINE  EMMAUS WINES,THE RABBIT HOLE LLC,NAPA,Napa,CA,94559-2156,271 MONTE VISTA DR,17,00567185,30-JUN-2027
EMMAUS  EMMAUS WINE  EMMAUS WINES,EMMAUS  EMMAUS WINE  EMMAUS WINES,THE RABBIT HOLE LLC,NAPA,Napa,CA,94559-2156,271 MONTE VISTA DR,20,00567185,30-JUN-2027
EMPATHY WINES,EMPATHY WINES,GOOSE EGG  LLC,NAPA,Napa,CA,94558-6214,110-122 CAMINO ORUGA,02,00594843,
EMPATHY WINES,EMPATHY WINES,GOOSE EGG  LLC,NAPA,Napa,CA,94558-6212,130 CAMINO DORADO,02,00594844,
ENTERPRISE WINE COMPANY,ENTERPRISE WINE COMPANY,ENTERPRISE WINE COMPANY  LLC,NAPA,Napa,CA,94558-6209,910 ENTERPRISE WAY,02,00546833,30-JUN-2027
ENTERPRISE WINE COMPANY,ENTERPRISE WINE COMPANY,ENTERPRISE WINE COMPANY  LLC,NAPA,Napa,CA,94558-6209,908 ENTERPRISE WAY,02,00608279,30-JUN-2027
EP WINE,EP WINE,LEEMIND INC,NAPA,Napa,CA,94559-3623,270 KREUZER LN,02,00618547,
EP WINE,EP WINE,LEEMIND INC,NAPA,Napa,CA,94559-3623,270 KREUZER LN,02,00618547,30-JUN-2027
ETUDE WINES,ETUDE WINES,TREASURY WINE ESTATES AMERICAS COMPANY,NAPA,Napa,CA,94559,1250 CUTTINGS WHARF RD,02,00399688,30-JUN-2027
ETUDE WINES,ETUDE WINES,TREASURY WINE ESTATES AMERICAS COMPANY,NAPA,Napa,CA,94559,1250 CUTTINGS WHARF RD,06,00399688,31-JUL-2026
ETXEA WINES,ETXEA WINES,ETXEA WINES  LLC,NAPA,Napa,CA,94558-2126,1049 LA GRANDE AVE,17,00613645,
ETXEA WINES,ETXEA WINES,ETXEA WINES  LLC,NAPA,Napa,CA,94558-2126,1049 LA GRANDE AVE,20,00613645,
ETXEA WINES,ETXEA WINES,ETXEA WINES  LLC,NAPA,Napa,CA,94558-2126,1049 LA GRANDE AVE,17,00613645,31-DEC-2026
ETXEA WINES,ETXEA WINES,ETXEA WINES  LLC,NAPA,Napa,CA,94558-2126,1049 LA GRANDE AVE,20,00613645,31-DEC-2026
EUCLID WINES,EUCLID WINES,EUCLID WINES LLC,NAPA,Napa,CA,94558-2556,4217 GRAPE VINE DR,02,00511559,30-JUN-2027
EUCLID WINES,EUCLID WINES,EUCLID WINES LLC,NAPA,Napa,CA,94558,2731 & 2147 NAPA VALLEY CORPORATE DR,02,00582501,30-JUN-2027
EXCALIBUR WINE COMPANY,EXCALIBUR WINE COMPANY,EXCALIBUR WINE COMPANY INC,NAPA,Napa,CA,94558-4026,5230 COUNTRY LN,17,00447215,
EXCALIBUR WINE COMPANY,EXCALIBUR WINE COMPANY,EXCALIBUR WINE COMPANY INC,NAPA,Napa,CA,94558-4026,5230 COUNTRY LN,17,00447215,31-JAN-2027
EXCALIBUR WINE COMPANY,EXCALIBUR WINE COMPANY,EXCALIBUR WINE COMPANY INC,NAPA,Napa,CA,94558-4026,5230 COUNTRY LN,09,00447215,31-JAN-2027
EXCALIBUR WINE COMPANY,EXCALIBUR WINE COMPANY,EXCALIBUR WINE COMPANY INC,NAPA,Napa,CA,94558-4026,5230 COUNTRY LN,09,00447215,
FAIRVIEW MARKET,FAIRVIEW MARKET,BHATTARAI  DINESH C,NAPA,Napa,CA,94558-3904,1017 COOMBSVILLE RD,21,00536808,30-NOV-2026
FALCOR WINE CELLARS,FALCOR WINE CELLARS,FALCOR WINE CELLARS LLC,NAPA,Napa,CA,94558-6216,2785 NAPA VALLEY CORPORATE DR,17,00674146,31-DEC-2026
FALCOR WINE CELLARS,FALCOR WINE CELLARS,FALCOR WINE CELLARS LLC,NAPA,Napa,CA,94558-6216,2785 NAPA VALLEY CORPORATE DR,20,00674146,31-DEC-2026
FAR MOUNTAIN WINERY,FAR MOUNTAIN WINERY,VSWC LLC,NAPA,Napa,CA,94559-9742,1500 LOS CARNEROS AVE,02,00617110,30-JUN-2027
FAR MOUNTAIN WINERY,FAR MOUNTAIN WINERY,VSWC LLC,NAPA,Napa,CA,94559-9713,1221 DUHIG RD,02,00617089,30-JUN-2027
FARELLA PARK VINEYARDS/FARELLA WINERY/FARELLA ESTA,FARELLA PARK VINEYARDS/FARELLA WINERY/FARELLA ESTA,FARELLA-PARK VINEYARDS LLC,NAPA,Napa,CA,94558-3840,2222 N 3RD AVE,02,00506442,30-JUN-2027
FARM COLLECTIVE WINERY,FARM COLLECTIVE WINERY,J3 WINE PARTNERS LLC,NAPA,Napa,CA,94558-7579,394 & 396 DEVLIN RD,02,00543060,30-JUN-2027
FATHIA WINES,FATHIA WINES,RODRIGUEZ  PEDRO,NAPA,Napa,CA,94558-7211,39 EDGEFIELD CT,02,00608539,30-JUN-2026
FAVIA WINES,FAVIA WINES,FH WINES LLC,NAPA,Napa,CA,94558-3083,620 TRANCAS ST,02,00659210,30-JUN-2027
FAVIA WINES,FAVIA WINES,FH WINES LLC,NAPA,Napa,CA,94558-3921,2031 COOMBSVILLE RD,02,00650252,30-JUN-2027
FAYARD WINEMAKING,FAYARD WINEMAKING,FAYARD WINEMAKING LLC,NAPA,Napa,CA,94558-6223,190 CAMINO ORUGA,02,00609450,30-JUN-2027
FAYARD WINEMAKING,FAYARD WINEMAKING,FAYARD WINEMAKING LLC,NAPA,Napa,CA,94558-6223,190 CAMINO ORUGA,20,00609450,31-MAY-2027
FAYARD WINEMAKING,FAYARD WINEMAKING,FAYARD WINEMAKING LLC,NAPA,Napa,CA,94558-6223,190 CAMINO ORUGA,17,00609450,31-MAY-2027
FAYARD WINEMAKING,FAYARD WINEMAKING,FAYARD WINEMAKING LLC,NAPA,Napa,CA,94558-6223,190 CAMINO ORUGA,09,00609450,30-JUN-2027
FAYARD WINES,FAYARD WINES,FAYARD WINEMAKING LLC,NAPA,Napa,CA,94559-2636,1245 MAIN ST,02,00623645,30-JUN-2027
FAZERRATI'S PIZZA,FAZERRATI'S PIZZA,FAZERRATI'S PIZZA  INC.,NAPA,Napa,CA,94559,1517 W IMOLA AVE,41,00556775,31-OCT-2026
FE WINES,FE WINES,CV WINE LLC,NAPA,Napa,CA,94558-6260,831 LATOUR CT,02,00612293,30-JUN-2027
FESS PARKER WINERY,FESS PARKER WINERY,PARKER STATION INC,NAPA,Napa,CA,94559-2929,1227 1ST ST,02,00658890,30-JUN-2026
FILIPPIS PIZZA GROTTO,FILIPPIS PIZZA GROTTO,T W FINCH ENTERPRISES INC,NAPA,Napa,CA,94559-2626,645 1ST ST,47,00480963,30-SEP-2026
FINE DISREGARD WINE COMPANY,FINE DISREGARD WINE COMPANY,FINE DISREGARD WINE COMPANY  LLC,NAPA,Napa,CA,94559-3520,41 LINNELL AVE,20,00612611,31-AUG-2026
FINE DISREGARD WINE COMPANY,FINE DISREGARD WINE COMPANY,FINE DISREGARD WINE COMPANY  LLC,NAPA,Napa,CA,94559-3520,41 LINNELL AVE,17,00612611,31-AUG-2026
FIRST & FRANKLIN MARKETPLACE,FIRST & FRANKLIN MARKETPLACE,HAPPY VINE  LLC,NAPA,Napa,CA,94559-2927,1331 1ST ST,41,00610349,
FOG MONSTER WINES,FOG MONSTER WINES,FOG MONSTER WINES LLC,NAPA,Napa,CA,94559-2360,1827 CLAY ST,20,00593460,30-SEP-2026
FOG MONSTER WINES,FOG MONSTER WINES,FOG MONSTER WINES LLC,NAPA,Napa,CA,94559-2360,1827 CLAY ST,17,00593460,30-SEP-2026
FOLEY FAMILY WINES,FOLEY FAMILY WINES,FOLEY FAMILY WINES  INC.,NAPA,Napa,CA,94558-7518,770 AIRPARK RD,02,00588894,30-JUN-2027
FOLEY FAMILY WINES,FOLEY FAMILY WINES,FOLEY FAMILY WINES  INC.,NAPA,Napa,CA,94558-7518,770 AIRPARK RD,14,00588894,31-MAR-2027
FOLEY FAMILY WINES,FOLEY FAMILY WINES,FOLEY FAMILY WINES  INC.,NAPA,Napa,CA,94558-7518,770 AIRPARK RD,17,00588894,31-MAR-2027
FOLEY FAMILY WINES,FOLEY FAMILY WINES,FOLEY FAMILY WINES  INC.,NAPA,Napa,CA,94558-7518,770 AIRPARK RD,22,00588894,30-JUN-2027
FOLEY FAMILY WINES,FOLEY FAMILY WINES,FOLEY FAMILY WINES  INC.,NAPA,Napa,CA,94558-7518,770 AIRPARK RD,05,00588894,31-JAN-2027
FOLEY FAMILY WINES,FOLEY FAMILY WINES,FOLEY FAMILY WINES  INC.,NAPA,Napa,CA,94558-7518,770 AIRPARK RD,09,00588894,31-MAR-2027
FOLEY FAMILY WINES,FOLEY FAMILY WINES,FOLEY FAMILY WINES  INC.,NAPA,Napa,CA,94558-7518,770 AIRPARK RD,12,00588894,31-JAN-2027
FOLIO FINE WINE PARTNERS,FOLIO FINE WINE PARTNERS,FOLIO WINE COMPANY  LLC,NAPA,Napa,CA,94558-7578,550 GATEWAY DR,02,00585429,
FOLIO FINE WINE PARTNERS,FOLIO FINE WINE PARTNERS,FOLIO WINE COMPANY  LLC,NAPA,Napa,CA,94559-2615,1031 MCKINSTRY ST,02,00580784,
FOLIO FINE WINE PARTNERS,FOLIO FINE WINE PARTNERS,FOLIO WINE COMPANY  LLC,NAPA,Napa,CA,94558-7578,550 GATEWAY DR,02,00585429,30-JUN-2027
FOLIO FINE WINE PARTNERS,FOLIO FINE WINE PARTNERS,FOLIO WINE COMPANY  LLC,NAPA,Napa,CA,94559-2615,1031 MCKINSTRY ST,02,00580784,30-JUN-2027
FOLIO WINE COMPANY,FOLIO WINE COMPANY,FOLIO WINE COMPANY  LLC,NAPA,Napa,CA,94558-7578,550 GATEWAY DR,17,00429237,
FOLIO WINE COMPANY,FOLIO WINE COMPANY,FOLIO WINE COMPANY  LLC,NAPA,Napa,CA,94558-7578,550 GATEWAY DR,20,00429237,
FOLIO WINE COMPANY,FOLIO WINE COMPANY,FOLIO WINE COMPANY  LLC,NAPA,Napa,CA,94558-7578,550 GATEWAY DR,09,00429237,
FOLIO WINE COMPANY,FOLIO WINE COMPANY,FOLIO WINE COMPANY  LLC,NAPA,Napa,CA,94558-7578,550 GATEWAY DR,17,00429237,31-JAN-2027
FOLIO WINE COMPANY,FOLIO WINE COMPANY,FOLIO WINE COMPANY  LLC,NAPA,Napa,CA,94558-7578,550 GATEWAY DR,20,00429237,31-JAN-2027
FOLIO WINE COMPANY,FOLIO WINE COMPANY,FOLIO WINE COMPANY  LLC,NAPA,Napa,CA,94558-7578,550 GATEWAY DR,09,00429237,31-JAN-2027
FOLIO WINE PARTNERS,FOLIO WINE PARTNERS,FOLIO WINE COMPANY  LLC,NAPA,Napa,CA,94558-6216,2731 & 2747 NAPA VALLEY CORPORATE DR,02,00621148,30-JUN-2027
FONTANELLA FAMILY WINERY,FONTANELLA FAMILY WINERY,FONTANELLA WINES  LLC,NAPA,Napa,CA,94558-6182,1721 PARTRICK RD,02,00465788,30-JUN-2027
FOOD CITY MARKET,FOOD CITY MARKET,FOOD CITY MARKET LLC,NAPA,Napa,CA,94559,1807 OLD SONOMA RD,21,00627402,30-JUN-2027
FORGE PIZZA NAPA,FORGE PIZZA NAPA,FORGE PIZZA NAPA  LLC,NAPA,Napa,CA,94559-4053,155 GASSER DR,47,00567622,31-MAY-2027
FORGOTTEN UNION WINES,FORGOTTEN UNION WINES,LEACHMAN  BENJAMIN THOMAS,NAPA,Napa,CA,94558-3210,2287 KATHLEEN DR,20,00581627,31-MAY-2027
FORGOTTEN UNION WINES,FORGOTTEN UNION WINES,LEACHMAN  BENJAMIN THOMAS,NAPA,Napa,CA,94558-3210,2287 KATHLEEN DR,17,00581627,31-MAY-2027
FORTHRIGHT WINERY,FORTHRIGHT WINERY,BOLENOLOGY LLC,NAPA,Napa,CA,94558-7576,144 GATEWAY RD E,02,00645429,30-JUN-2027
FORTHRIGHT WINERY,FORTHRIGHT WINERY,BOLENOLOGY LLC,NAPA,Napa,CA,94558-9201,2275 SODA CANYON RD,02,00664298,30-JUN-2027
FORTUNATI WINERY,FORTUNATI WINERY,FORTUNATI WINERY  LLC,NAPA,Napa,CA,94558-1815,980 SALVADOR AVE,02,00606097,30-JUN-2026
FORTUNATI WINERY,FORTUNATI WINERY,FORTUNATI WINERY  LLC,NAPA,Napa,CA,94558-1347,4326 BIG RANCH RD,02,00606163,30-JUN-2026
FORTUNATI WINERY,FORTUNATI WINERY,FORTUNATI WINERY  LLC,NAPA,Napa,CA,94558-1815,986 SALVADOR AVE,02,00606164,30-JUN-2026
FOUR DOORS WINE,FOUR DOORS WINE,JAR ENTERPRISES  LLC,NAPA,Napa,CA,94558-9411,5584 SILVERADO TRL,17,00648499,30-JUN-2027
FOUR DOORS WINE,FOUR DOORS WINE,JAR ENTERPRISES  LLC,NAPA,Napa,CA,94558-9411,5584 SILVERADO TRL,20,00648499,30-JUN-2027
FREE FLOW WINES,FREE FLOW WINES,FREE FLOW WINES LLC,NAPA,Napa,CA,94558-6295,2557 NAPA VALLEY CORPORATE DR,02,00535033,
FREE FLOW WINES,FREE FLOW WINES,FREE FLOW WINES LLC,NAPA,Napa,CA,94558-6295,2557 NAPA VALLEY CORPORATE DR,14,00535033,
FREEDOM ESTATE WINE,FREEDOM ESTATE WINE,FREEDOM ESTATE WINE LLC,NAPA,Napa,CA,94559-1561,707 MONTECITO BLVD,17,00526683,31-OCT-2026
FREEDOM ESTATE WINE,FREEDOM ESTATE WINE,FREEDOM ESTATE WINE LLC,NAPA,Napa,CA,94559-1561,707 MONTECITO BLVD,20,00526683,31-OCT-2026
FRIDAS MEXICAN GRILL,FRIDAS MEXICAN GRILL,VINAS DEL MAR LLC,NAPA,Napa,CA,94558-2915,1533 TRANCAS ST,47,00652018,30-APR-2027
FRIDAS MEXICAN GRILL,FRIDAS MEXICAN GRILL,VINAS DEL MAR LLC,NAPA,Napa,CA,94558-2915,1533 TRANCAS ST,58,00652018,30-APR-2027
FUENTES WINE COMPANY,FUENTES WINE COMPANY,FUENTES BOGARIN  LUIS ANTONIO,NAPA,Napa,CA,94558-6106,400 UNDERHILL DR,17,00670351,31-JUL-2026
FUENTES WINE COMPANY,FUENTES WINE COMPANY,FUENTES BOGARIN  LUIS ANTONIO,NAPA,Napa,CA,94558-6106,400 UNDERHILL DR,20,00670351,31-JUL-2026
FULCRUM WINES,FULCRUM WINES,FULCRUM WINES LLC,NAPA,Napa,CA,94558-6214,110-122 CAMINO ORUGA,02,00501928,30-JUN-2027
FULCRUM WINES,FULCRUM WINES,FULCRUM WINES LLC,NAPA,Napa,CA,94558-6212,130 CAMINO DORADO,02,00501939,30-JUN-2027
FUME BISTRO & BAR,FUME BISTRO & BAR,FUME BISTRO INC,NAPA,Napa,CA,94558,4050 BYWAY E,47,00374415,30-APR-2027
FUME BISTRO & BAR,FUME BISTRO & BAR,FUME BISTRO INC,NAPA,Napa,CA,94558,4050 BYWAY E,58,00374415,30-APR-2027
G & G PRIVATE RESERVE WINES,G & G PRIVATE RESERVE WINES,G & G PRIVATE RESERVE WINES LLC,NAPA,Napa,CA,94558-9796,1341 ORCHARD AVE,17,00514160,30-SEP-2026
G & G PRIVATE RESERVE WINES,G & G PRIVATE RESERVE WINES,G & G PRIVATE RESERVE WINES LLC,NAPA,Napa,CA,94558-9796,1341 ORCHARD AVE,20,00514160,30-SEP-2026
GADERIAN WINES,GADERIAN WINES,GADERIAN LLC,NAPA,Napa,CA,94559-3834,1041 LAUREL ST,02,00611674,30-JUN-2027
GADERIAN WINES,GADERIAN WINES,GADERIAN LLC,NAPA,Napa,CA,94559-2625,708 1ST ST,02,00662531,30-JUN-2027
GALLEGOS WINES/GALLEGOS FAMILY WINES/GALLEGOS FAMI,GALLEGOS WINES/GALLEGOS FAMILY WINES/GALLEGOS FAMI,GALLEGOSVARGAS  ERIC,NAPA,Napa,CA,94558-2413,3628 SHELTER CREEK DR,17,00530802,31-MAR-2027
GALLEGOS WINES/GALLEGOS FAMILY WINES/GALLEGOS FAMI,GALLEGOS WINES/GALLEGOS FAMILY WINES/GALLEGOS FAMI,GALLEGOSVARGAS  ERIC,NAPA,Napa,CA,94558-2413,3628 SHELTER CREEK DR,20,00530802,31-MAR-2027
GALLICA WINE,GALLICA WINE,GALLICA WINES LLC,NAPA,Napa,CA,94558-1019,5215 SOLANO AVE,02,00660349,30-JUN-2027
GEN 7 WINES,GEN 7 WINES,BROOKSIDE WINERY LLC,NAPA,Napa,CA,94558,850 BORDEAUX WAY,02,00594199,30-JUN-2026
GEN 7 WINES,GEN 7 WINES,BROOKSIDE WINERY LLC,NAPA,Napa,CA,94558-7586,45 ENTERPRISE CT,02,00609687,30-JUN-2027
GEN 7 WINES,GEN 7 WINES,BROOKSIDE WINERY LLC,NAPA,Napa,CA,94558-7590,55 ENTERPRISE CT,02,00609594,30-JUN-2027
GENOVA DELICATESSEN,GENOVA DELICATESSEN,DEVINCENZI  DOMINIC,NAPA,Napa,CA,94558,1550 TRANCAS ST,41,00326588,30-NOV-2026
GENTLEMAN FARMER WINES,GENTLEMAN FARMER WINES,POEM CELLARS LLC,NAPA,Napa,CA,94559-2841,1564 1ST ST,02,00628307,30-JUN-2026
GENTLEMAN FARMER WINES,GENTLEMAN FARMER WINES,POEM CELLARS LLC,NAPA,Napa,CA,94558-1326,5055 SOLANO AVE,02,00661256,30-JUN-2026
GESTALT WINE COMPANY,,GESTALT WINE COMPANY,NAPA,Napa,CA,94558-7505,707 TECHNOLOGY WAY,02,00639335,30-JUN-2027
GESTALT WINE COMPANY,GESTALT WINE COMPANY,GESTALT WINE COMPANY,NAPA,Napa,CA,94558-7508,860 KAISER RD,02,00675453,30-JUN-2027
GHOST OF AUTUMN WINE,GHOST OF AUTUMN WINE,THE GHOST OF AUTUMN WINE COMPANY LLC,NAPA,Napa,CA,94559-2241,2260 FIRST ST,02,00622933,30-JUN-2027
GINA SCHOBER WINE MARKETING LLC,,GINA SCHOBER WINE MARKETING LLC,NAPA,Napa,CA,94559-4657,2127 EVA ST,16,00645021,31-MAR-2027
GLASSMEN  LISH WINES,GLASSMEN  LISH WINES,BRIAN DAVID WINES LLC,NAPA,Napa,CA,94558-9220,703 OAKVILLE CROSS RD,02,00644693,30-JUN-2026
GLASSMEN WINES  LISH WINES,GLASSMEN WINES  LISH WINES,BRIAN DAVID WINES LLC,NAPA,Napa,CA,94558-1934,1640 SAN VICENTE AVE,02,00645936,30-JUN-2026
GOLDEN STATE WINE & SPIRITS  LLC,,GOLDEN STATE WINE & SPIRITS  LLC,NAPA,Napa,CA,94558-7568,855 BORDEAUX WY,17,00582461,
GOLDEN STATE WINE & SPIRITS  LLC,,GOLDEN STATE WINE & SPIRITS  LLC,NAPA,Napa,CA,94558-7568,855 BORDEAUX WY,18,00582461,
GRACKLE WINE COMPANY,GRACKLE WINE COMPANY,GRACKLE WINE COMPANY  LLC,NAPA,Napa,CA,94559-3319,1019 OAK ST,17,00674916,28-FEB-2027
GRACKLE WINE COMPANY,GRACKLE WINE COMPANY,GRACKLE WINE COMPANY  LLC,NAPA,Napa,CA,94559-3319,1019 OAK ST,20,00674916,28-FEB-2027
GRAND NAPA WINERY,GRAND NAPA WINERY,GRAND NAPA WINE COMPANY  LLC,NAPA,Napa,CA,94558-9732,8461 SAINT HELENA HWY,02,00532256,30-JUN-2026
GRASSI WINE COMPANY,GRASSI WINE COMPANY,RAJA ROLLIE LLC,NAPA,Napa,CA,94559,1213 COOMBS ST,17,00441588,30-JUN-2026
GRASSI WINE COMPANY,GRASSI WINE COMPANY,RAJA ROLLIE LLC,NAPA,Napa,CA,94559,1213 COOMBS ST,20,00441588,30-JUN-2026
GREATER FOOL WINE,GREATER FOOL WINE,GREATER FOOL WINE LLC,NAPA,Napa,CA,94558-4260,3323 CRAIGIE CT,02,00614025,30-JUN-2027
GREATER FOOL WINE,GREATER FOOL WINE,GREATER FOOL WINE LLC,NAPA,Napa,CA,94558-9201,2275 SODA CANYON RD,02,00627578,30-JUN-2027
GREER WINE,GREER WINE,ROWG LLC,NAPA,Napa,CA,94558-6260,831 LATOUR CT,02,00638897,30-JUN-2027
GRINDSTONE WINES LLC,GRINDSTONE WINES LLC,GRINDSTONE WINES LLC,NAPA,Napa,CA,94558-6212,130 CAMINO DORADO,02,00606171,30-JUN-2027
GRINDSTONE WINES LLC,GRINDSTONE WINES LLC,GRINDSTONE WINES LLC,NAPA,Napa,CA,94558-6214,110-122 CAMINO ORUGA,02,00605046,30-JUN-2027
GRINDSTONE WINES LLC,GRINDSTONE WINES LLC,GRINDSTONE WINES LLC,NAPA,Napa,CA,94558-6214,110-122 CAMINO ORUGA,81,00605046,30-JUN-2027
GROTH VINEYARDS AND WINERY  LLC,,GROTH VINEYARDS AND WINERY  LLC,NAPA,Napa,CA,94558-6232,908 ENTERPRISE WY,02,00556149,30-JUN-2027
GUSTAVO WINE,GUSTAVO WINE,GUSTAVO  LLC,NAPA,Napa,CA,94559-2615,1021 MCKINSTRY ST,02,00464859,
GUSTAVO WINE,GUSTAVO WINE,GUSTAVO  LLC,NAPA,Napa,CA,94558-6288,902 ENTERPRISE WAY,02,00444731,
GUSTAVO WINE,GUSTAVO WINE,GUSTAVO  LLC,NAPA,Napa,CA,94558-6288,902 ENTERPRISE WAY,02,00444731,30-JUN-2026
GUSTAVO WINE,GUSTAVO WINE,GUSTAVO  LLC,NAPA,Napa,CA,94559-2615,1021 MCKINSTRY ST,02,00464859,30-JUN-2026
HALBY MARKETING INC,HALBY MARKETING INC,HALBY MARKETING INC,NAPA,Napa,CA,94558,175 TOWER RD,13,00361284,
HALL WINERY,HALL WINERY,HALL WINES  LLC,NAPA,Napa,CA,94559-2626,605 1ST ST,02,00602221,
HALL WINERY,HALL WINERY,HALL WINES  LLC,NAPA,Napa,CA,94559-2626,605 1ST ST,02,00602221,30-JUN-2027
HALL WINES LLC,HALL WINES LLC,HALL WINES  LLC,NAPA,Napa,CA,94558,1564 AIRPORT BLVD,02,00574297,
HALL WINES LLC,HALL WINES LLC,HALL WINES  LLC,NAPA,Napa,CA,94558,1564 AIRPORT BLVD,02,00574297,30-JUN-2027
HAMILTON WINE COLLECTIVE,HAMILTON WINE COLLECTIVE,HAMILTON WINE COLLECTIVE LLC,NAPA,Napa,CA,94558-1100,4500 SILVERADO TRL,02,00669936,30-JUN-2027
HANDWRITTEN WINES  LLC,,HANDWRITTEN WINES  LLC,NAPA,Napa,CA,94558-7580,25 ENTERPRISE CT,02,00520858,30-JUN-2027
HANDWRITTEN WINES  LLC,,HANDWRITTEN WINES  LLC,NAPA,Napa,CA,94558-7580,25 ENTERPRISE CT,02,00520858,
HARBISON WINES,HARBISON WINES,HARBISON  JOSEPH F III,NAPA,Napa,CA,94558-9745,7601 SILVERADO TRL,20,00475076,31-OCT-2026
HARBISON WINES,HARBISON WINES,HARBISON  JOSEPH F III,NAPA,Napa,CA,94558-9745,7601 SILVERADO TRL,17,00475076,31-OCT-2026
HARPER'S CLUB,HARPER'S CLUB,HARPER'S CLUB  LLC,NAPA,Napa,CA,94559-3155,2310 LAUREL ST,85,00611316,30-JUN-2027
HEITZ WINE CELLARS,HEITZ WINE CELLARS,LAWRENCE FAMILY VINEYARDS  INC.,NAPA,Napa,CA,94558,5445 SOLANO AVE,02,00554391,
HENDRICKSON FAMILY WINERY,HENDRICKSON FAMILY WINERY,HENDRICKSON  MARILYN KAY,NAPA,Napa,CA,94559-3612,1300 4TH AVE,17,00673951,31-MAR-2027
HENDRICKSON FAMILY WINERY,HENDRICKSON FAMILY WINERY,HENDRICKSON  MARILYN KAY,NAPA,Napa,CA,94559-3612,1300 4TH AVE,20,00673951,31-MAR-2027
HENDRY WINERY,HENDRY WINERY,HENDRY  GEORGE ORR,NAPA,Napa,CA,94558-9706,3104 REDWOOD RD,02,00372100,30-JUN-2027
HERENCIA WINE COMPANY,HERENCIA WINE COMPANY,HERENCIA WINE COMPANY  INC.,NAPA,Napa,CA,94559-1823,880 VALLEJO ST,02,00664328,30-JUN-2026
HERSLY WINES,HERSLY WINES,HERSLY WINES LLC,NAPA,Napa,CA,94558-1752,4423 MORSE CT,02,00561305,30-JUN-2026
HERSLY WINES,HERSLY WINES,HERSLY WINES LLC,NAPA,Napa,CA,94558-6230,918 ENTERPRISE WAY,02,00671657,30-JUN-2026
HESPERIAN WINES,HESPERIAN WINES,ICON WINES INC,NAPA,Napa,CA,94558-9667,3189 ATLAS PEAK RD,17,00516939,31-OCT-2026
HESPERIAN WINES,HESPERIAN WINES,ICON WINES INC,NAPA,Napa,CA,94558-9667,3189 ATLAS PEAK RD,20,00516939,31-OCT-2026
HESS COLLECTION WINERY THE,HESS COLLECTION WINERY THE,THE HESS COLLECTION WINERY,NAPA,Napa,CA,94558-9708,4411 REDWOOD RD,02,00180373,
HESS COLLECTION WINERY THE,HESS COLLECTION WINERY THE,THE HESS COLLECTION WINERY,NAPA,Napa,CA,94558-9708,4411 REDWOOD RD,06,00180373,
HESS COLLECTION WINERY THE,HESS COLLECTION WINERY THE,THE HESS COLLECTION WINERY,NAPA,Napa,CA,94558-9708,4411 REDWOOD RD,10,00180373,
HIGHLANDS WINERY,HIGHLANDS WINERY,HIGHLANDS WINERY LLC,NAPA,Napa,CA,94558-1019,5225 SOLANO AVE,02,00511043,30-JUN-2026
HOBEL WINES,HOBEL WINES,HOBEL WINES  LLC,NAPA,Napa,CA,94559-9770,1420 MILTON RD,02,00540299,
HOFFMANN FAMILY WINERY,HOFFMANN FAMILY WINERY,HOFFMANN FAMILY WINERY INC.,NAPA,Napa,CA,94558-9201,2275 SODA CANYON RD,02,00657016,30-JUN-2027
HOPE & GRACE WINES,HOPE & GRACE WINES,HOPE & GRACE WINES  INC,NAPA,Napa,CA,94558-1326,5055 SOLANO AVE,02,00583521,30-JUN-2026
HOSSFELD VINEYARDS WINE CO.,HOSSFELD VINEYARDS WINE CO.,HOSSFELD VINEYARDS WINE CO. LLC,NAPA,Napa,CA,94559-3602,2139 PENNY LANE,02,00631323,30-JUN-2027
HOUNDSTOOTH WINE,HOUNDSTOOTH WINE,HOUNDSTOOTH WINE  LLC,NAPA,Napa,CA,94558-5316,1050 SUNSET RD,17,00616798,31-DEC-2026
HOUNDSTOOTH WINE,HOUNDSTOOTH WINE,HOUNDSTOOTH WINE  LLC,NAPA,Napa,CA,94558-5316,1050 SUNSET RD,20,00616798,31-DEC-2026
HOUSLEY'S RANCH MARKET INC,HOUSLEY'S RANCH MARKET INC,HOUSLEY'S RANCH MARKET  INC.,NAPA,Napa,CA,94558-1611,4215 SOLANO AVE,21,00164204,
HOUSLEY'S RANCH MARKET INC,HOUSLEY'S RANCH MARKET INC,HOUSLEY'S RANCH MARKET  INC.,NAPA,Napa,CA,94558-1611,4215 SOLANO AVE,21,00164204,30-APR-2027
HUB & SPOKE WINE CO,HUB & SPOKE WINE CO,PRIM FAMILY VINEYARD  LLC,NAPA,Napa,CA,94558-1347,4326 BIG RANCH RD,02,00572504,30-JUN-2027
HUDSON WINES,HUDSON WINES,HUDSON WINES  LLC,NAPA,Napa,CA,94559-9710,5398 CARNEROS HWY,02,00595585,30-JUN-2027
HUDSON WINES,HUDSON WINES,HUDSON WINES  LLC,NAPA,Napa,CA,94559-9710,5398 CARNEROS HWY,09,00595585,30-JUN-2027
I NAPA WINE,I NAPA WINE,INGENIOUS SOLUTIONS INCORPORATED,NAPA,Napa,CA,94558-9668,4082 ATLAS PEAK RD,02,00466491,30-JUN-2027
I NAPA WINE,I NAPA WINE,INGENIOUS SOLUTIONS INCORPORATED,NAPA,Napa,CA,94558-9668,4082 ATLAS PEAK RD,17,00466491,30-JUN-2027
I NAPA WINE,I NAPA WINE,INGENIOUS SOLUTIONS INCORPORATED,NAPA,Napa,CA,94558-9668,4082 ATLAS PEAK RD,20,00466491,30-JUN-2027
IMMIX WINES / AMPLEUR CELLARS  LLC,IMMIX WINES / AMPLEUR CELLARS  LLC,MAUREZE FINK WINEGROWERS  LLC,NAPA,Napa,CA,94558-3131,2447 MACLENNAN ST,02,00605205,30-JUN-2026
INNER CIRCLE WINE LLC,,INNER CIRCLE WINE LLC,NAPA,Napa,CA,94559-2113,537 MONTECITO BLVD,20,00616735,30-JUN-2026
INNER CIRCLE WINE LLC,,INNER CIRCLE WINE LLC,NAPA,Napa,CA,94559-2113,537 MONTECITO BLVD,17,00616735,30-JUN-2026
INNER CIRCLE WINE LLC,,INNER CIRCLE WINE LLC,NAPA,Napa,CA,94559-2113,537 MONTECITO BLVD,09,00616735,30-JUN-2026
INNOVATUS  WINEFORNIA,INNOVATUS  WINEFORNIA,WINEFORNIA LLC,NAPA,Napa,CA,94558-9201,2275 SODA CANYON RD,02,00647133,30-JUN-2026
INSPIRATION WINE COMPANY,INSPIRATION WINE COMPANY,H & H WINE BROKERAGE LLC,NAPA,Napa,CA,94559-4583,101 S COOMBS ST,17,00513053,31-JAN-2027
INSPIRATION WINE COMPANY,INSPIRATION WINE COMPANY,H & H WINE BROKERAGE LLC,NAPA,Napa,CA,94559-4583,101 S COOMBS ST,20,00513053,31-JAN-2027
ITALICS WINEGROWERS,ITALICS WINEGROWERS,APPELLATIONS  LP,NAPA,Napa,CA,94558-3853,40 RAPP LN,02,00553354,
J AND J WINERY INC,J AND J WINERY INC,J AND J WINERY INC,NAPA,Napa,CA,94558-7517,576 GATEWAY DR,17,00601701,31-DEC-2026
J AND J WINERY INC,J AND J WINERY INC,J AND J WINERY INC,NAPA,Napa,CA,94558-7517,576 GATEWAY DR,20,00601701,31-DEC-2026
J AND J WINERY INC,,J AND J WINERY INC,NAPA,Napa,CA,94558-7517,576 GATEWAY DR,02,00595653,30-JUN-2027
J AND J WINERY INC,J AND J WINERY INC,J AND J WINERY INC,NAPA,Napa,CA,94558-6216,2731 & 2747 NAPA VALLEY CORPORATE DR,02,00595069,30-JUN-2027
J AND J WINERY INC,J AND J WINERY INC,J AND J WINERY INC,NAPA,Napa,CA,94558-6216,2731 & 2747 NAPA VALLEY CORPORATE DR,09,00595069,30-JUN-2027
J.A.C.K. WINES,J.A.C.K. WINES,K.C.A.J. WINES  LLC,NAPA,Napa,CA,94558-9318,4310 ATLAS PEAK RD,02,00632781,30-JUN-2026
J.A.C.K. WINES,J.A.C.K. WINES,K.C.A.J. WINES  LLC,NAPA,Napa,CA,94558-9318,4310 ATLAS PEAK RD,17,00632781,30-JUN-2026
J.A.C.K. WINES,J.A.C.K. WINES,K.C.A.J. WINES  LLC,NAPA,Napa,CA,94558-9318,4310 ATLAS PEAK RD,20,00632781,30-JUN-2026
J.A.C.K. WINES,J.A.C.K. WINES,K.C.A.J. WINES  LLC,NAPA,Napa,CA,94559-2824,1408 2ND ST,02,00653805,30-JUN-2026
J3 WINE PARTNERS LLC,J3 WINE PARTNERS LLC,J3 WINE PARTNERS LLC,NAPA,Napa,CA,94558-9411,5584 SILVERADO TRL,02,00503888,
JACK WINES,JACK WINES,K.C.A.J. WINES  LLC,NAPA,Napa,CA,94558-6223,190 CAMINO ORUGA,02,00632799,30-JUN-2026
JACKSON FAMILY WINES INC,,JACKSON FAMILY WINES INC,NAPA,Napa,CA,94558,3875 MOUNT VEEDER RD,02,00569772,30-JUN-2027
JACKSON STREET WINE WAREHOUSE LLC,,JACKSON STREET WINE WAREHOUSE LLC,NAPA,Napa,CA,94559-1342,849 JACKSON ST,02,00506076,
JACKSON STREET WINE WAREHOUSE LLC,,JACKSON STREET WINE WAREHOUSE LLC,NAPA,Napa,CA,94559-1342,849 JACKSON ST,14,00469847,
JACKSON STREET WINE WAREHOUSE LLC,,JACKSON STREET WINE WAREHOUSE LLC,NAPA,Napa,CA,94559-1342,849 JACKSON ST,14,00469847,31-AUG-2026
JACKSON STREET WINE WAREHOUSE LLC,,JACKSON STREET WINE WAREHOUSE LLC,NAPA,Napa,CA,94559-1359,849 JACKSON ST,14,00616222,30-APR-2027
JACKSON STREET WINE WAREHOUSE LLC,,JACKSON STREET WINE WAREHOUSE LLC,NAPA,Napa,CA,94559-1342,849 JACKSON ST,02,00506076,30-JUN-2027
JACKSON STREET WINE WAREHOUSE LLC,,JACKSON STREET WINE WAREHOUSE LLC,NAPA,Napa,CA,94559-1359,849 JACKSON ST,17,00616222,30-NOV-2026
JACKSON STREET WINE WAREHOUSE LLC,,JACKSON STREET WINE WAREHOUSE LLC,NAPA,Napa,CA,94559-1359,849 JACKSON ST,20,00616222,30-NOV-2026
JACOB FRANKLIN WINES,JACOB FRANKLIN WINES,JACOB FRANKLIN WINES  LLC,NAPA,Napa,CA,94559-2856,800 SCHOOL ST,02,00608125,30-JUN-2026
JACOB FRANKLIN WINES,JACOB FRANKLIN WINES,JACOB FRANKLIN WINES  LLC,NAPA,Napa,CA,94558-9432,7850 SILVERADO TRL,02,00608094,30-JUN-2026
JAFFE FAMILY WINES,JAFFE FAMILY WINES,METAMORPHOSIS VINEYARDS LLC,NAPA,Napa,CA,94559-2615,1031 MCKINSTRY ST,02,00638981,30-JUN-2027
JAMES COLE WINERY,JAMES COLE WINERY,THE HARDER GROUP,NAPA,Napa,CA,94558-9749,5014 SILVERADO TRL,02,00454492,30-JUN-2027
JAMES COLE WINERY,JAMES COLE WINERY,THE HARDER GROUP,NAPA,Napa,CA,94558-7579,394 & 396 DEVLIN RD,02,00621986,30-JUN-2027
JAMES COLE WINERY,JAMES COLE WINERY,THE HARDER GROUP,NAPA,Napa,CA,94558-9749,5014 SILVERADO TRL,09,00454492,30-JUN-2027
JAVIER RENTERIA & FAMILY WINES,JAVIER RENTERIA & FAMILY WINES,RENTERIA  FRANCISCO JAVIER,NAPA,Napa,CA,94558,63 LUKE DR,17,00419194,31-OCT-2026
JAVIER RENTERIA & FAMILY WINES,JAVIER RENTERIA & FAMILY WINES,RENTERIA  FRANCISCO JAVIER,NAPA,Napa,CA,94558,63 LUKE DR,20,00419194,31-OCT-2026
JEFFERSON CAFE,JEFFERSON CAFE,CEJA  JAVIER,NAPA,Napa,CA,94558-4922,3070 JEFFERSON ST,41,00522210,31-JUL-2027
JEFFERSON MARKET,JEFFERSON MARKET,INFINITY LIQUORS  LLC,NAPA,Napa,CA,94559-1703,1704 JEFFERSON ST,21,00570073,30-JUN-2027
JH WINE CONSULTING,JH WINE CONSULTING,JH WINECONSULTING INC.,NAPA,Napa,CA,94558-6206,962 KAISER RD,02,00659235,30-JUN-2027
JLN WINE COMPANY LLC,,JLN WINE COMPANY LLC,NAPA,Napa,CA,94559-9678,20 BEECHWOOD CT,02,00616386,30-JUN-2027
JW THOMAS WINES,JW THOMAS WINES,J.W. THOMAS  LLC,NAPA,Napa,CA,94559-9715,2750 LAS AMIGAS RD,02,00570138,30-JUN-2027
K.R. III NAPA WINES LLC,K.R. III NAPA WINES LLC,K.R. III NAPA WINES LLC,NAPA,Napa,CA,94558-1019,5225 SOLANO AVE,02,00670664,30-JUN-2026
KALE WINES,KALE WINES,KALE DAVID LLC,NAPA,Napa,CA,94559-1514,78 SPRING ST,02,00476214,
KANPAI WINES,KANPAI WINES,KANPAI WINES  LLC,NAPA,Napa,CA,94558-9722,3175 DRY CREEK RD,02,00668591,30-JUN-2027
KANPAI WINES,KANPAI WINES,KANPAI WINES  LLC,NAPA,Napa,CA,94559-2636,1245 MAIN ST,02,00635738,30-JUN-2027
KANPAI WINES LLC,KANPAI WINES LLC,KANPAI WINES  LLC,NAPA,Napa,CA,94558-9720,4120 DRY CREEK RD,02,00590626,30-JUN-2027
KASTEN FAMILY WINES,KASTEN FAMILY WINES,KASTEN  CYNTHIA BETH,NAPA,Napa,CA,94558-3714,308 ASHLAR DR,02,00474370,30-JUN-2026
KAZUMI WINES,KAZUMI WINES,KAZUMI WINES LLC,NAPA,Napa,CA,94558-7586,45 ENTERPRISE CT,02,00657983,30-JUN-2027
KAZUMI WINES,KAZUMI WINES,KAZUMI WINES LLC,NAPA,Napa,CA,94558-7590,55 ENTERPRISE CT,02,00657997,30-JUN-2027
KEEVER VINEYARDS AND WINERY,KEEVER VINEYARDS AND WINERY,KEEVER VINEYARDS LLC,NAPA,Napa,CA,94558,26 VINEYARD VIEW DR,02,00439051,30-JUN-2027
KEPLINGER WINES,KEPLINGER WINES,KEPLINGER WINES  LLC.,NAPA,Napa,CA,94559-9713,1221 DUHIG RD,02,00592276,30-JUN-2026
KEPLINGER WINES,KEPLINGER WINES,KEPLINGER WINES  LLC.,NAPA,Napa,CA,94558-1019,5215 SOLANO AVE,02,00671148,30-JUN-2026
KERNEL WINE,KERNEL WINE,POND 7  LLC,NAPA,Napa,CA,94558-1324,4130 HOWARD LN,02,00661875,30-JUN-2026
KING OF CLUBS,KING OF CLUBS,KING OF CLUBS WINE  LLC,NAPA,Napa,CA,94558-3083,620 TRANCAS ST,02,00622487,30-JUN-2027
KINGSMARK WINE,KINGSMARK WINE,KINGSMARK WINES  LLC,NAPA,Napa,CA,94558-9745,7633 SILVERADO TRL,02,00668577,30-JUN-2026
KITCHEN DOOR,KITCHEN DOOR,KITCHEN DOOR LLC,NAPA,Napa,CA,94559-2955,1300 1ST ST,47,00633476,28-FEB-2027
KITSON WINES,KITSON WINES,KITSON  BRADFORD SCOTT,NAPA,Napa,CA,94558-9723,2253 DRY CREEK RD,02,00564973,30-JUN-2027
KNA WINES,KNA WINES,ANDERSON  KRISTOFER NELS,NAPA,Napa,CA,94558-4116,68 FOREST DR,20,00615333,28-FEB-2027
KNIGHTS BRIDGE WINERY  LLC,,KNIGHTS BRIDGE WINERY  LLC,NAPA,Napa,CA,94558-1326,5055 SOLANO AVE,02,00485585,
KONGSGAARD WINE,KONGSGAARD WINE,YAR LLC,NAPA,Napa,CA,94558-9318,4375 ATLAS PEAK RD,02,00645883,30-JUN-2027
KRAEMER FAMILY WINES,KRAEMER FAMILY WINES,KRAEMER FAMILY WINES LLC,NAPA,Napa,CA,94559-9713,1221 DUHIG RD,02,00628589,30-JUN-2026
L & C WINE COUNTRY OPERATIONS,L & C WINE COUNTRY OPERATIONS,L & C WINE COUNTRY OPERATIONS LLC,NAPA,Napa,CA,94558,1006 MONTICELLO RD,17,00434665,30-APR-2027
L & C WINE COUNTRY OPERATIONS,L & C WINE COUNTRY OPERATIONS,L & C WINE COUNTRY OPERATIONS LLC,NAPA,Napa,CA,94558,1006 MONTICELLO RD,20,00434665,30-APR-2027
L & C WINE COUNTRY OPERATIONS,L & C WINE COUNTRY OPERATIONS,L & C WINE COUNTRY OPERATIONS LLC,NAPA,Napa,CA,94558,1006 MONTICELLO RD,09,00434665,30-APR-2027
L & C WINE COUNTRY OPERATIONS LLC,,L & C WINE COUNTRY OPERATIONS LLC,NAPA,Napa,CA,94558,1006 MONTICELLO RD,02,00377449,30-JUN-2026
L & C WINE COUNTRY OPERATIONS LLC,L & C WINE COUNTRY OPERATIONS LLC,L & C WINE COUNTRY OPERATIONS LLC,NAPA,Napa,CA,94558-7571,459 TECHNOLOGY WAY,02,00654518,30-JUN-2026
L'ENVOLEE WINES,L'ENVOLEE WINES,LHOMMEAU WINE CO LLC,NAPA,Napa,CA,94558-3542,43 WINDSOR CT,17,00672657,31-JUL-2026
L'ENVOLEE WINES,L'ENVOLEE WINES,LHOMMEAU WINE CO LLC,NAPA,Napa,CA,94558-3542,43 WINDSOR CT,20,00672657,31-JUL-2026
LA CAVE WINES AND SPIRITS,LA CAVE WINES AND SPIRITS,LA CAVE WINE AND SPIRITS LLC,NAPA,Napa,CA,94559-2146,1085 EAST AVE,17,00607742,31-AUG-2026
LA CAVE WINES AND SPIRITS,LA CAVE WINES AND SPIRITS,LA CAVE WINE AND SPIRITS LLC,NAPA,Napa,CA,94559-2146,1085 EAST AVE,18,00607742,31-AUG-2026
LA CAVE WINES AND SPIRITS,LA CAVE WINES AND SPIRITS,LA CAVE WINE AND SPIRITS LLC,NAPA,Napa,CA,94559-2146,1085 EAST AVE,20,00607742,31-AUG-2026
LA CAVE WINES AND SPIRITS,LA CAVE WINES AND SPIRITS,LA CAVE WINE AND SPIRITS LLC,NAPA,Napa,CA,94559-2146,1085 EAST AVE,09,00607742,31-AUG-2026
LA CAVE WINES AND SPIRITS,LA CAVE WINES AND SPIRITS,LA CAVE WINE AND SPIRITS LLC,NAPA,Napa,CA,94559-2146,1085 EAST AVE,12,00607742,31-AUG-2026
LA MORENITA MARKET,LA MORENITA MARKET,LA MORENITA MARKET INC,NAPA,Napa,CA,94558-4932,2434 JEFFERSON ST,20,00511382,31-AUG-2026
LA PELLE WINES,LA PELLE WINES,LA PELLE WINES  LLC,NAPA,Napa,CA,94558-3083,620 TRANCAS ST,02,00590928,30-JUN-2026
LA PELLE WINES,LA PELLE WINES,LA PELLE WINES  LLC,NAPA,Napa,CA,94559-4051,135 GASSER DR #  A,02,00665264,30-JUN-2026
LA TAPATIA MARKET NO 2,LA TAPATIA MARKET NO 2,LA TAPATIA MARKET NAPA INC.,NAPA,Napa,CA,94559-3346,504 BROWN ST,20,00535121,31-OCT-2026
LA TAQUIZA FISH TACOS,LA TAQUIZA FISH TACOS,LA TAQUIZA LLC,NAPA,Napa,CA,94558-3212,2007 REDWOOD RD,41,00660092,28-FEB-2027
LABRY FAMILY WINES,LABRY FAMILY WINES,94573  LLC,NAPA,Napa,CA,94558-9797,1250 BELLA OAKS LN,17,00581031,31-AUG-2026
LABRY FAMILY WINES,LABRY FAMILY WINES,94573  LLC,NAPA,Napa,CA,94558-9797,1250 BELLA OAKS LN,20,00581031,31-AUG-2026
LABRY FAMILY WINES,LABRY FAMILY WINES,94573  LLC,NAPA,Napa,CA,94558-9797,1250 BELLA OAKS LN,02,00581031,30-JUN-2027
LAIRD WINE SERVICES,LAIRD WINE SERVICES,LAIRD FAMILY ESTATE LLC,NAPA,Napa,CA,94558-7525,305 TECHNOLOGY WAY,14,00487358,31-MAR-2027
LAIRD WINE SERVICES,LAIRD WINE SERVICES,LAIRD FAMILY ESTATE LLC,NAPA,Napa,CA,94558-7525,305 TECHNOLOGY WAY,22,00487358,30-JUN-2027
LAIRD WINE STUDIO,LAIRD WINE STUDIO,LAIRD FAMILY ESTATE LLC,NAPA,Napa,CA,94558-1412,3105 SILVERADO TRL,02,00528660,30-JUN-2027
LANTHANIDE WINES,LANTHANIDE WINES,LANTHANIDE WINE GROUP LLC,NAPA,Napa,CA,94558-1709,4408 JEFFERSON CT,17,00606791,30-JUN-2026
LANTHANIDE WINES,LANTHANIDE WINES,LANTHANIDE WINE GROUP LLC,NAPA,Napa,CA,94558-1709,4408 JEFFERSON CT,20,00606791,30-JUN-2026
LAWER FAMILY WINES,LAWER FAMILY WINES,LAWER FAMILY WINERY INC,NAPA,Napa,CA,94558-1326,5055 SOLANO AVE,02,00568942,30-JUN-2027
LAWLERS LIQUORS,LAWLERS LIQUORS,IBRAHIM  NADIA G,NAPA,Napa,CA,94559,2232 JEFFERSON ST,21,00568330,31-MAR-2027
LAWRENCE WINE ESTATES LLC,,LAWRENCE WINE ESTATES LLC,NAPA,Napa,CA,94558,5445 SOLANO AVE,02,00671632,30-JUN-2027
LAWRENCE WINE ESTATES LLC,,LAWRENCE WINE ESTATES LLC,NAPA,Napa,CA,94558-6271,1 EXECUTIVE WAY,02,00669208,30-JUN-2026
LEVENDI WINERY,LEVENDI WINERY,LEVENDI  LLC,NAPA,Napa,CA,94559-2815,1465 1ST STREET,02,00628384,30-JUN-2027
LIBBY WINES,LIBBY WINES,POW POW WINES  LLC,NAPA,Napa,CA,94559-4422,217 S MONTGOMERY ST,17,00654405,31-DEC-2026
LINDSTROM WINES,LINDSTROM WINES,NICALI LLC,NAPA,Napa,CA,94558-9416,5994 SILVERADO TRL,02,00450803,
LINDSTROM WINES,LINDSTROM WINES,NICALI LLC,NAPA,Napa,CA,94558-1326,5055 SOLANO AVE,02,00463823,
LINDSTROM WINES,LINDSTROM WINES,NICALI LLC,NAPA,Napa,CA,94558-1326,5055 SOLANO AVE,02,00463823,30-JUN-2027
LINDSTROM WINES,LINDSTROM WINES,NICALI LLC,NAPA,Napa,CA,94558-9416,5994 SILVERADO TRL,02,00450803,30-JUN-2027
LIONS RUN WINERY,LIONS RUN WINERY,SUNSET ARRANGERS INC,NAPA,Napa,CA,94558-6182,1721 PARTRICK RD,02,00473100,30-JUN-2027
LITTLE INTERNATIONAL WINE SHOP,LITTLE INTERNATIONAL WINE SHOP,LUMINA SERVICES  LLC,NAPA,Napa,CA,94559-3518,1010 OAKMONT CT,85,00671167,31-OCT-2026
LITTLE WINE GUY THE,LITTLE WINE GUY THE,CERESIA  DANIEL MICHAEL RAVI,NAPA,Napa,CA,94559-2251,1247 WALNUT ST,20,00580083,30-APR-2027
LITTLE WINE GUY THE,LITTLE WINE GUY THE,CERESIA  DANIEL MICHAEL RAVI,NAPA,Napa,CA,94559-2251,1247 WALNUT ST,17,00580083,30-APR-2027
LITTLE WINE GUY THE,LITTLE WINE GUY THE,CERESIA  DANIEL MICHAEL RAVI,NAPA,Napa,CA,94559-2251,1247 WALNUT ST,09,00580083,30-APR-2027
LIVEFIRE PIZZA,LIVEFIRE PIZZA,LIVEFIRE PIZZA  LLC,NAPA,Napa,CA,94559-2603,610 1ST ST,41,00581393,31-MAY-2027
LJ CRAFTED WINES,LJ CRAFTED WINES,JOOSTE WINE  LLC,NAPA,Napa,CA,94558-1326,5055 SOLANO AVE,02,00553096,30-JUN-2027
LLAMAS FAMILY WINES,LLAMAS FAMILY WINES,LLAMAS FAMILY WINES  INC.,NAPA,Napa,CA,94558-1905,100 PARADISE DR,17,00606341,31-OCT-2026
LLAMAS FAMILY WINES,LLAMAS FAMILY WINES,LLAMAS FAMILY WINES  INC.,NAPA,Napa,CA,94558-7590,55 ENTERPRISE CT,02,00665272,30-JUN-2026
LLAMAS FAMILY WINES,LLAMAS FAMILY WINES,LLAMAS FAMILY WINES  INC.,NAPA,Napa,CA,94558-1905,100 PARADISE DR,02,00606341,30-JUN-2026
LLAMAS FAMILY WINES,LLAMAS FAMILY WINES,LLAMAS FAMILY WINES  INC.,NAPA,Napa,CA,94558-7586,45 ENTERPRISE CT,02,00665213,30-JUN-2026
LOBBY BAR + LOUNGE,LOBBY BAR + LOUNGE,NAPA LW HOSPITALITY CORPORATION,NAPA,Napa,CA,94559-2930,1230 & 1260 1ST ST,47,00617550,31-OCT-2026
LOBBY BAR + LOUNGE,LOBBY BAR + LOUNGE,NAPA LW HOSPITALITY CORPORATION,NAPA,Napa,CA,94559-2930,1230 & 1260 1ST ST,68,00617550,31-OCT-2026
LOBBY BAR + LOUNGE,LOBBY BAR + LOUNGE,NAPA LW HOSPITALITY CORPORATION,NAPA,Napa,CA,94559-2930,1230 & 1260 1ST ST,58,00617550,31-OCT-2026
LOBBY BAR + LOUNGE,LOBBY BAR + LOUNGE,NAPA LW HOSPITALITY CORPORATION,NAPA,Napa,CA,94559-2930,1230 & 1260 1ST ST,47,00617550,31-OCT-2026
LOCALISM WINE,LOCALISM WINE,ANON WINES LLC,NAPA,Napa,CA,94559-2636,1245 MAIN ST,02,00636084,30-JUN-2026
LOCALISM WINES,LOCALISM WINES,ANON WINES LLC,NAPA,Napa,CA,94558-6280,201 DEVLIN RD,02,00627116,30-JUN-2026
LOCANDA WINES LLC,LOCANDA WINES LLC,LOCANDA WINES LLC,NAPA,Napa,CA,94558-7516,660 AIRPARK RD,17,00662640,30-NOV-2026
LOCANDA WINES LLC,LOCANDA WINES LLC,LOCANDA WINES LLC,NAPA,Napa,CA,94558-7516,660 AIRPARK RD,20,00662640,30-NOV-2026
LOLAS MARKET,LOLAS MARKET,LOLA'S MARKET INC,NAPA,Napa,CA,94558-5916,2750 OLD SONOMA RD,21,00653248,31-MAR-2027
LOLAS MARKET,LOLAS MARKET,LOLA'S MARKET INC,NAPA,Napa,CA,94558-5916,2750 OLD SONOMA RD,41,00653248,31-DEC-2026
LONG-TERM WINE COMPANY,LONG-TERM WINE COMPANY,LONG-TERM WINE COMPANY  LLC,NAPA,Napa,CA,94558-6214,110 CAMINO ORUGA,02,00546066,30-JUN-2026
LONG-TERM WINE COMPANY,LONG-TERM WINE COMPANY,LONG-TERM WINE COMPANY  LLC,NAPA,Napa,CA,94558-6703,73 LUKE DR,02,00525259,30-JUN-2026
LONG-TERM WINE COMPANY,LONG-TERM WINE COMPANY,LONG-TERM WINE COMPANY  LLC,NAPA,Napa,CA,94558-6212,130 CAMINO DORADO,02,00546075,30-JUN-2026
LONGFELLOW WINE COMPANY,LONGFELLOW WINE COMPANY,LONGFELLOW WINE COMPANY LLC,NAPA,Napa,CA,94559-2636,1245 MAIN ST,02,00405703,30-JUN-2026
LONGFELLOW WINE COMPANY,LONGFELLOW WINE COMPANY,LONGFELLOW WINE COMPANY LLC,NAPA,Napa,CA,94558-7586,45 ENTERPRISE CT,02,00583951,30-JUN-2026
LONGFELLOW WINE COMPANY,LONGFELLOW WINE COMPANY,LONGFELLOW WINE COMPANY LLC,NAPA,Napa,CA,94558-7590,55 ENTERPRISE CT,02,00583970,30-JUN-2026
LOOKOUT RIDGE WINERY,LOOKOUT RIDGE WINERY,LLOYD & LOUISE  INC.,NAPA,Napa,CA,94558-6214,110 CAMINO ORUGA ST,02,00592366,30-JUN-2026
LORENZI ESTATE VINEYARDS & WINERY,LORENZI ESTATE VINEYARDS & WINERY,LORENZI ESTATE WINES  INC.,NAPA,Napa,CA,94559-2824,1408 2ND ST,02,00653397,30-JUN-2027
LOS ABUELOS RESTAURANT,LOS ABUELOS RESTAURANT,ISHAQ TRADING CORPORATION,NAPA,Napa,CA,94558-6229,1011 SOSCOL FERRY RD,41,00618439,31-AUG-2026
LOS ABUELOS RESTAURANT,LOS ABUELOS RESTAURANT,ISHAQ TRADING CORPORATION,NAPA,Napa,CA,94558-6229,1011 SOSCOL FERRY RD,58,00618439,31-AUG-2026
LOST VALLEY RANCH WINES  LLC,,LOST VALLEY RANCH WINES  LLC,NAPA,Napa,CA,94558-9311,1500 WOODEN VALLEY RD,02,00650857,30-JUN-2027
LOST VALLEY RANCH WINES  LLC,,LOST VALLEY RANCH WINES  LLC,NAPA,Napa,CA,94558-9311,1500 WOODEN VALLEY RD,93,00650857,30-JUN-2027
LOVESKI DELI,LOVESKI DELI,LOXBOW LLC,NAPA,Napa,CA,94559-2602,610 1ST ST,41,00629305,
LOVESKI DELI,LOVESKI DELI,LOXBOW LLC,NAPA,Napa,CA,94559-2602,610 1ST ST,41,00629305,31-JAN-2027
LUHN  FAMILY WINE,LUHN  FAMILY WINE,LUHN  JOSH ANDREW,NAPA,Napa,CA,94559-3519,2 SAGE WAY,17,00552314,31-JAN-2027
LUHN  FAMILY WINE,LUHN  FAMILY WINE,LUHN  JOSH ANDREW,NAPA,Napa,CA,94559-3519,2 SAGE WAY,20,00552314,31-JAN-2027
M7 WINE SOLUTIONS  INC,,M7 WINE SOLUTIONS  INC,NAPA,Napa,CA,94558-7591,502 DEVLIN RD,14,00637696,30-SEP-2026
M7 WINE SOLUTIONS  INC,,M7 WINE SOLUTIONS  INC,NAPA,Napa,CA,94558-7591,502 DEVLIN RD,22,00637696,30-JUN-2027
MACARIO'S BAKERY & CAFE INC,MACARIO'S BAKERY & CAFE INC,BETANZOS  VERONICA,NAPA,Napa,CA,94558-2289,4082-4084 BYWAY EAST,41,00654109,30-APR-2027
MAIN LINE WINE CO,MAIN LINE WINE CO,MAIN LINE WINE COMPANY,NAPA,Napa,CA,94558-6271,1 EXECUTIVE WAY,02,00651140,30-JUN-2027
MAJUSCULE WINE,MAJUSCULE WINE,MAJUSCULE LLC,NAPA,Napa,CA,94559-9742,1500 LOS CARNEROS AVE,02,00613391,
MAJUSCULE WINE,MAJUSCULE WINE,MAJUSCULE LLC,NAPA,Napa,CA,94559-2615,1031 MCKINSTRY ST,02,00618618,
MAJUSCULE WINE,MAJUSCULE WINE,MAJUSCULE LLC,NAPA,Napa,CA,94559-9742,1500 LOS CARNEROS AVE,02,00613391,30-JUN-2027
MARKET SMALL WORLD THE,MARKET SMALL WORLD THE,ALIMUSA  AHMAD JABER,NAPA,Napa,CA,94559,932 COOMBS ST,41,00350204,31-MAY-2027
MARKETTA VINEYARDS AND WINERY LLC,MARKETTA VINEYARDS AND WINERY LLC,MARKETTA VINEYARDS AND WINERY LLC,NAPA,Napa,CA,94559-2738,411 FIRST ST,02,00517732,30-JUN-2026
MARKETTA VINEYARDS AND WINERY LLC,,MARKETTA VINEYARDS AND WINERY LLC,NAPA,Napa,CA,94559-3340,528 COOMBS ST,02,00469877,30-JUN-2026
MAROON WINES,MAROON WINES,MAROON WINERY  LLC,NAPA,Napa,CA,94558-6216,2731 & 2747 NAPA VALLEY CORPORATE DR,02,00583230,
MAROON WINES,MAROON WINES,MAROON WINERY  LLC,NAPA,Napa,CA,94558-6216,2731 & 2747 NAPA VALLEY CORPORATE DR,02,00583230,30-JUN-2027
MAROON WINES,MAROON WINES,MAROON WINERY  LLC,NAPA,Napa,CA,94558-3849,3565 HAGEN RD,02,00660315,30-JUN-2027
MAROON WINES,MAROON WINES,MAROON WINERY  LLC,NAPA,Napa,CA,94558-6216,2731 & 2747 NAPA VALLEY CORPORATE DR,81,00583230,30-JUN-2027
MAROON WINES,MAROON WINES,MAROON WINERY  LLC,NAPA,Napa,CA,94558-6216,2731 & 2747 NAPA VALLEY CORPORATE DR,93,00583230,30-JUN-2027
MARQUEE PINBALL LOUNGE,MARQUEE PINBALL LOUNGE,PINBALL LOUNGES LLC,NAPA,Napa,CA,94559-2927,1311 1ST ST,40,00668126,30-APR-2026
MARYS PIZZA SHACK NAPA,MARYS PIZZA SHACK NAPA,CJA RESTAURANT INC.,NAPA,Napa,CA,94558-4921,3085 JEFFERSON ST,41,00649985,31-AUG-2026
MATHEW BRUNO WINES  LLC,,MATHEW BRUNO WINES  LLC,NAPA,Napa,CA,94558-6202,2545 NAPA VALLEY CORPORATE DR,02,00590776,30-JUN-2026
MATHEW BRUNO WINES  LLC,,MATHEW BRUNO WINES  LLC,NAPA,Napa,CA,94558-9203,1151 RUTHERFORD RD,02,00637670,30-JUN-2026
MATT TAYLOR WINES,MATT TAYLOR WINES,TAYLOR CELLARS LLC,NAPA,Napa,CA,94558-2016,2921 SILVERADO TRL,02,00637882,30-JUN-2027
MATTHEW DEMPSEY WINES,MATTHEW DEMPSEY WINES,MATT DEMPSEY WINES  LLC,NAPA,Napa,CA,94559-1080,2320 CALIFORNIA BLVD,02,00619308,30-JUN-2026
MATTHEW DEMPSEY WINES,MATTHEW DEMPSEY WINES,MATT DEMPSEY WINES  LLC,NAPA,Napa,CA,94558-5311,3311 DAVID DR,02,00619300,30-JUN-2026
MATTHEW RORICK WINES,MATTHEW RORICK WINES,MATTHEW RORICK WINES INC,NAPA,Napa,CA,94558-5943,2787 INDIANA ST,02,00462652,30-JUN-2027
MAXEM WINES,MAXEM WINES,MAXEM WINES LLC,NAPA,Napa,CA,94558-5945,2713 IOWA ST,02,00572689,30-JUN-2027
MCBRIDE SISTERS WINE COMPANY,MCBRIDE SISTERS WINE COMPANY,MCBRIDE SISTERS COLLECTIONS  INC.,NAPA,Napa,CA,94558-5451,105 MCCORMICK CT,09,00646706,
MCBRIDE SISTERS WINE COMPANY,MCBRIDE SISTERS WINE COMPANY,MCBRIDE SISTERS COLLECTIONS  INC.,NAPA,Napa,CA,94558-5451,105 MCCORMICK CT,17,00646706,
MCBRIDE SISTERS WINE COMPANY,MCBRIDE SISTERS WINE COMPANY,MCBRIDE SISTERS COLLECTIONS  INC.,NAPA,Napa,CA,94558-5451,105 MCCORMICK CT,20,00646706,
MCBRIDE SISTERS WINE COMPANY,MCBRIDE SISTERS WINE COMPANY,MCBRIDE SISTERS COLLECTIONS  INC.,NAPA,Napa,CA,94558-5451,105 MCCORMICK CT,09,00646706,30-JUN-2027
MCBRIDE SISTERS WINE COMPANY,MCBRIDE SISTERS WINE COMPANY,MCBRIDE SISTERS COLLECTIONS  INC.,NAPA,Napa,CA,94558-5451,105 MCCORMICK CT,17,00646706,30-JUN-2027
MCBRIDE SISTERS WINE COMPANY,MCBRIDE SISTERS WINE COMPANY,MCBRIDE SISTERS COLLECTIONS  INC.,NAPA,Napa,CA,94558-5451,105 MCCORMICK CT,20,00646706,30-JUN-2027
MCKAHN WINES,MCKAHN WINES,MCKAHN FAMILY CELLARS  LLC,NAPA,Napa,CA,94558-9201,2275 SODA CANYON RD,02,00658765,30-JUN-2027
MCKENZIE MUELLER VINEYARDS & WINERY,MCKENZIE MUELLER VINEYARDS & WINERY,YELLOW CLAY FARM CO,NAPA,Napa,CA,94559-9715,2530 LAS AMIGAS RD,02,00555223,
MCKENZIE MUELLER VINEYARDS & WINERY,MCKENZIE MUELLER VINEYARDS & WINERY,YELLOW CLAY FARM CO,NAPA,Napa,CA,94559-9715,2530 LAS AMIGAS RD,02,00555223,30-JUN-2027
MEDUSA & SPELLBOUND WINES,MEDUSA & SPELLBOUND WINES,ABERNATHY HOFFMAN LLC,NAPA,Napa,CA,94558,5585 SILVERADO TRL,17,00417218,
MEDUSA & SPELLBOUND WINES,MEDUSA & SPELLBOUND WINES,ABERNATHY HOFFMAN LLC,NAPA,Napa,CA,94558,5585 SILVERADO TRL,20,00417218,
MELKA WINES,MELKA WINES,MELKA ESTATES  LLC,NAPA,Napa,CA,94559-2636,1245 MAIN ST,02,00409263,
METAPHOR WINES  INCORPORATED,METAPHOR WINES  INCORPORATED,METAPHOR WINES INCORPORATED,NAPA,Napa,CA,94558-7586,45 ENTERPRISE CT,02,00588399,30-JUN-2027
METAPHOR WINES  INCORPORATED,METAPHOR WINES  INCORPORATED,METAPHOR WINES INCORPORATED,NAPA,Napa,CA,94558-7590,55 ENTERPRISE CT,02,00588409,30-JUN-2027
METER BY METER WINE COMPANY,METER BY METER WINE COMPANY,TEBB WINES LLC,NAPA,Napa,CA,94558-2126,1087 LA GRANDE AVE,17,00627748,31-JUL-2026
METER BY METER WINE COMPANY,METER BY METER WINE COMPANY,TEBB WINES LLC,NAPA,Napa,CA,94558-2126,1087 LA GRANDE AVE,20,00627748,31-JUL-2026
MHM WINE COMPANY INC,MHM WINE COMPANY INC,M H M WINE COMPANY INC,NAPA,Napa,CA,94558-6041,145 CHERRYVIEW CT,17,00454948,30-JUN-2027
MHM WINE COMPANY INC,MHM WINE COMPANY INC,M H M WINE COMPANY INC,NAPA,Napa,CA,94558-6041,145 CHERRYVIEW CT,20,00454948,30-JUN-2027
MI FAMILIA MARKET INC.,MI FAMILIA MARKET INC.,MI FAMILIA MARKET INC,NAPA,Napa,CA,94558-5618,2565 KILBURN AVE,20,00426876,31-MAY-2027
MI FAMILIA MARKET INC.,MI FAMILIA MARKET INC.,MI FAMILIA MARKET INC,NAPA,Napa,CA,94558-5618,2565 KILBURN AVE,20,00426876,
MI SUENO WINERY,MI SUENO WINERY,MI SUENO WINERY  INC.,NAPA,Napa,CA,94558-6209,910 ENTERPRISE WAY,02,00525261,30-JUN-2027
MI SUENO WINERY,MI SUENO WINERY,MI SUENO WINERY  INC.,NAPA,Napa,CA,94558-6209,908 ENTERPRISE WAY,02,00608262,30-JUN-2027
MICHAEL POZZAN WINERY,MICHAEL POZZAN WINERY,BETTER BRANDS INTERNATIONAL,NAPA,Napa,CA,94559-2516,1205 & 1207 RANDOLPH ST,02,00611422,30-JUN-2027
MICHAEL SCOTT WINES,MICHAEL SCOTT WINES,MICHAEL SCOTT WINES LTD,NAPA,Napa,CA,94558-4304,2993 BROOKWOOD DR,02,00371337,30-JUN-2026
MICHAEL SCOTT WINES,MICHAEL SCOTT WINES,MICHAEL SCOTT WINES LTD,NAPA,Napa,CA,94558-4304,2993 BROOKWOOD DR,17,00371337,31-AUG-2026
MICHI JAPANESE CUISINE,MICHI JAPANESE CUISINE,HM PREMIERE JAPAN  LLC,NAPA,Napa,CA,94558-6288,902 ENTERPRISE WAY,41,00665550,31-JUL-2026
MIGLIAVACCA WINE COMPANY,MIGLIAVACCA WINE COMPANY,MIGLIAVACCA WINE COMPANY  LLC,NAPA,Napa,CA,94559-2838,1475 4TH ST,17,00595325,31-JUL-2026
MIGLIAVACCA WINE COMPANY,MIGLIAVACCA WINE COMPANY,MIGLIAVACCA WINE COMPANY  LLC,NAPA,Napa,CA,94559-2838,1475 4TH ST,20,00595325,31-JUL-2026
MIKE AND MOLLY HENDRY WINE CO,MIKE AND MOLLY HENDRY WINE CO,HENDRY  MICHAEL ALEXANDER,NAPA,Napa,CA,94558-9706,3104 REDWOOD RD,02,00502971,30-JUN-2027
MIKE AND MOLLY HENDRY WINE CO,MIKE AND MOLLY HENDRY WINE CO,HENDRY  MICHAEL ALEXANDER,NAPA,Napa,CA,94558-9706,2810 REDWOOD RD,02,00502981,30-JUN-2027
MILK WINES,MILK WINES,MILK WINE LLC,NAPA,Napa,CA,94558-6182,1721 PARTRICK RD,02,00586545,30-JUN-2026
MINER FAMILY WINERY,MINER FAMILY WINERY,MINER FAMILY WINERY LLC,NAPA,Napa,CA,94558-9432,7850 SILVERADO TRL,02,00354378,30-JUN-2026
MIRA WINERY,MIRA WINERY,MIRA WINERY LLC,NAPA,Napa,CA,94558-6214,110 CAMINO ORUGA,02,00554544,
MIRA WINERY LLC,MIRA WINERY LLC,MIRA WINERY LLC,NAPA,Napa,CA,94558-6212,130 CAMINO DORADO,02,00554549,
MIRROR WINE COMPANY,MIRROR WINE COMPANY,MIRER MANAGEMENT COMPANY  LLC,NAPA,Napa,CA,94558-3083,620 TRANCAS ST,02,00585062,30-JUN-2027
MITHRA WINERY,MITHRA WINERY,MITHRAS WINERY  LLC,NAPA,Napa,CA,94558-3847,15 CHATEAU LN,02,00605757,30-JUN-2026
MIYAKMA WINERY LLC,,MIYAKMA WINERY LLC,NAPA,Napa,CA,94558-7586,45 ENTERPRISE CT,02,00676733,30-JUN-2027
MIYAKMA WINERY LLC,,MIYAKMA WINERY LLC,NAPA,Napa,CA,94558-7590,55 ENTERPRISE CT,02,00676734,30-JUN-2027
MOD PIZZA,MOD PIZZA,MOD SUPER FAST PIZZA (CALIFORNIA)  LLC,NAPA,Napa,CA,94559-4006,304 SOSCOL AVE,41,00566638,30-APR-2027
MOJAVE WINES,MOJAVE WINES,MOJAVE WINES  LLC,NAPA,Napa,CA,94559-9713,1221 DUHIG RD,02,00643672,30-JUN-2026
MONTICELLO DELI & MARKET,MONTICELLO DELI & MARKET,ALI  AASIM,NAPA,Napa,CA,94558-2027,1810 MONTICELLO RD,41,00617303,31-AUG-2026
MORLET WINE CELLARS,MORLET WINE CELLARS,THE MORLET SELECTION INCORPORATED,NAPA,Napa,CA,94558-7582,425 GATEWAY RD W,02,00530596,30-JUN-2026
MOSS CREEK WINERY,MOSS CREEK WINERY,MOSS CREEK WINERY & VINEYARDS INC,NAPA,Napa,CA,94558-9634,6015 STEELE CANYON RD,02,00526775,30-JUN-2027
MOTHERS TACOS,MOTHERS TACOS,MOTHERS TACOS  LLC,NAPA,Napa,CA,94558-4924,3150 JEFFERSON ST,47,00662125,31-JAN-2027
MOUNT GEORGE WINERY,MOUNT GEORGE WINERY,AGU ENTERPRISES LLC,NAPA,Napa,CA,94558-9306,3807 MONTICELLO RD,02,00469031,30-JUN-2027
MOUNTAIN MIKES PIZZA,MOUNTAIN MIKES PIZZA,SANTA ROSA CHANDI BROTHERS  INC,NAPA,Napa,CA,94558,1501 TRANCAS ST,41,00628296,30-SEP-2026
MOUNTAIN PEOPLES WINE DISTRIBUTING INC,MOUNTAIN PEOPLES WINE DISTRIBUTING INC,MOUNTAIN PEOPLES WINE DISTRIBUTING INC,NAPA,Napa,CA,94558-7510,770 SKYWAY CT,17,00512333,
MOUNTAIN PEOPLES WINE DISTRIBUTING INC,MOUNTAIN PEOPLES WINE DISTRIBUTING INC,MOUNTAIN PEOPLES WINE DISTRIBUTING INC,NAPA,Napa,CA,94558-7510,770 SKYWAY CT,20,00512333,
MOUNTAIN PEOPLES WINE DISTRIBUTING INC,MOUNTAIN PEOPLES WINE DISTRIBUTING INC,MOUNTAIN PEOPLES WINE DISTRIBUTING INC,NAPA,Napa,CA,94558-7510,770 SKYWAY CT,09,00512333,
MT GEORGE MARKETERS,MT GEORGE MARKETERS,HALL  SHIRLEEN KAY,NAPA,Napa,CA,94558-2111,3177 VICHY AVE,17,00519657,31-MAR-2027
MT GEORGE MARKETERS,MT GEORGE MARKETERS,HALL  SHIRLEEN KAY,NAPA,Napa,CA,94558-2111,3177 VICHY AVE,20,00519657,31-MAR-2027
MT GEORGE MARKETERS,MT GEORGE MARKETERS,HALL  SHIRLEEN KAY,NAPA,Napa,CA,94558-2111,3177 VICHY AVE,09,00519657,31-MAR-2027
MT VEEDER WINERY,MT VEEDER WINERY,TPWC  INC.,NAPA,Napa,CA,94558,1999 MOUNT VEEDER RD,02,00235317,30-JUN-2027
MUSTARDS GRILL,MUSTARDS GRILL,MUSTARDS  INC.,NAPA,Napa,CA,94558,7399 SAINT HELENA HWY,47,00293495,
MUSTARDS GRILL,MUSTARDS GRILL,MUSTARDS  INC.,NAPA,Napa,CA,94558,7399 SAINT HELENA HWY,47,00293495,28-FEB-2027
MY WINES DIRECT,MY WINES DIRECT,MY WINES DIRECT INC,NAPA,Napa,CA,94558-7511,477 DEVLIN RD,09,00435518,
MY WINES DIRECT,MY WINES DIRECT,MY WINES DIRECT INC,NAPA,Napa,CA,94558-7511,477 DEVLIN RD,17,00435518,
MY WINES DIRECT,MY WINES DIRECT,MY WINES DIRECT INC,NAPA,Napa,CA,94558-7511,477 DEVLIN RD,20,00435518,
MY WINES DIRECT,MY WINES DIRECT,MY WINES DIRECT INC,NAPA,Napa,CA,94558-7511,477 DEVLIN RD,02,00435518,
N I C E WINES LLC,,N I C E WINES LLC,NAPA,Napa,CA,94558-7516,660 AIRPARK RD,17,00482466,31-DEC-2026
N I C E WINES LLC,,N I C E WINES LLC,NAPA,Napa,CA,94558-7516,660 AIRPARK RD,20,00482466,31-DEC-2026
NA WINE COMPANY INC,NA WINE COMPANY INC,NA WINE COMPANY INC.,NAPA,Napa,CA,94559-4582,101 S COOMBS ST,06,00671371,30-NOV-2026
NA WINE COMPANY INC,NA WINE COMPANY INC,NA WINE COMPANY INC.,NAPA,Napa,CA,94559-4582,101 S COOMBS ST,22,00671371,30-JUN-2026
NAPA 94558 WINERY,NAPA 94558 WINERY,TUCKER FAMILY VINEYARDS LLC,NAPA,Napa,CA,94558-6182,1721 PARTRICK RD,02,00647393,30-JUN-2026
NAPA DE ORO WINERY,NAPA DE ORO WINERY,NAPA DE ORO WINERY  LLC,NAPA,Napa,CA,94558-3801,1228 HAGEN RD,17,00615069,31-MAY-2026
NAPA DE ORO WINERY,NAPA DE ORO WINERY,NAPA DE ORO WINERY  LLC,NAPA,Napa,CA,94558-3801,1228 HAGEN RD,20,00615069,31-MAY-2026
NAPA SMITH BREWERY & WINERY,NAPA SMITH BREWERY & WINERY,NAPA SMITH HOLDINGS LLC,NAPA,Napa,CA,94558-6271,1 EXECUTIVE WAY,02,00506311,
NAPA SMITH BREWERY & WINERY,NAPA SMITH BREWERY & WINERY,NAPA SMITH HOLDINGS LLC,NAPA,Napa,CA,94558-6271,1 EXECUTIVE WAY,23,00506311,
NAPA SMITH BREWERY & WINERY,NAPA SMITH BREWERY & WINERY,NAPA SMITH HOLDINGS LLC,NAPA,Napa,CA,94558-6271,1 EXECUTIVE WAY,14,00506311,
NAPA VALLEY COLLEGE TEACHING WINERY,NAPA VALLEY COLLEGE TEACHING WINERY,NAPA VALLEY COLLEGE VITICULTURE AND WINERY TECHNOL,NAPA,Napa,CA,94558-6236,2277 NAPA VALLEJO HWY,02,00583793,30-JUN-2027
NAPA VALLEY COUNTRY CLUB,NAPA VALLEY COUNTRY CLUB,NAPA VALLEY COUNTRY CLUB,NAPA,Napa,CA,94558-3849,3385 HAGEN RD,51,00278244,30-APR-2027
NAPA VALLEY COUNTRY CLUB,NAPA VALLEY COUNTRY CLUB,NAPA VALLEY COUNTRY CLUB,NAPA,Napa,CA,94558-3849,3385 HAGEN RD,58,00278244,30-APR-2027
NAPA VALLEY SOCIAL CLUB LLC,,NAPA VALLEY SOCIAL CLUB LLC,NAPA,Napa,CA,94558-2231,4055 SOLANO AVE,63,00659489,31-AUG-2026
NAPA VALLEY WINE & CIGAR,NAPA VALLEY WINE & CIGAR,BOWMAN  CARRIE ROSE,NAPA,Napa,CA,94559-4017,161 SILVERADO TRL,42,00461707,31-DEC-2026
NAPA VALLEY WINE ACADEMY,NAPA VALLEY WINE ACADEMY,TURICUM LLC,NAPA,Napa,CA,94559-2226,2501 OAK ST,42,00551945,28-FEB-2027
NAPA VALLEY WINE ACADEMY,NAPA VALLEY WINE ACADEMY,TURICUM LLC,NAPA,Napa,CA,94559-2226,2501 OAK ST,58,00551945,28-FEB-2027
NAPA VALLEY WINE TRAIN,NAPA VALLEY WINE TRAIN,NAPA VALLEY WINE TRAIN  LLC,NAPA,Napa,CA,94559-1925,1275 MCKINSTRY ST,20,00604208,31-AUG-2026
NAPA VALLEY WINE TRAIN,NAPA VALLEY WINE TRAIN,NOBLE HOUSE NVWT  LLC,NAPA,Napa,CA,94559-1925,1275 MCKINSTRY ST,47,00663186,31-DEC-2026
NAPA VALLEY WINE TRAIN,NAPA VALLEY WINE TRAIN,NAPA VALLEY WINE TRAIN  LLC,NAPA,Napa,CA,94559-3419,801 8TH ST,41,00604256,31-AUG-2026
NAPA VALLEY WINE TRAIN,NAPA VALLEY WINE TRAIN,NAPA VALLEY WINE TRAIN  LLC,NAPA,Napa,CA,94559-1925,1275 MCKINSTRY ST,53,00604208,31-AUG-2026
NAPA VALLEY WINE TRAIN,NAPA VALLEY WINE TRAIN,NAPA VALLEY WINE TRAIN  LLC,NAPA,Napa,CA,94559-1925,1275 MCKINSTRY ST,53,00604208,31-AUG-2026
NAPA VALLEY YACHT CLUB,NAPA VALLEY YACHT CLUB,NAPA VALLEY YACHT CLUB,NAPA,Napa,CA,94559,100 RIVERSIDE DR,51,00260715,31-MAY-2027
NAPA WINE & SPIRITS,NAPA WINE & SPIRITS,NAPA BEV  INC,NAPA,Napa,CA,94558-5109,719 LINCOLN AVE,21,00567668,30-NOV-2026
NAPA WINE & SPIRITS  LLC,,NAPA WINE & SPIRITS  LLC,NAPA,Napa,CA,94559-3350,498 BROWN ST,17,00518167,30-JUN-2026
NAPA WINE & SPIRITS  LLC,,NAPA WINE & SPIRITS  LLC,NAPA,Napa,CA,94559-3350,498 BROWN ST,20,00518167,30-JUN-2026
NAPKINS BAR AND GRILL,NAPKINS BAR AND GRILL,ZERAY GROUP LLC,NAPA,Napa,CA,94559-3099,1001 2ND ST,47,00532175,30-NOV-2026
NAPKINS BAR AND GRILL,NAPKINS BAR AND GRILL,ZERAY GROUP LLC,NAPA,Napa,CA,94559-3099,1001 2ND ST,47,00532175,
NEIMAN WINES,NEIMAN WINES,NEIMAN CELLARS LLC,NAPA,Napa,CA,94559-3980,68 COOMBS ST,02,00658453,30-JUN-2026
NEIMAN WINES,NEIMAN WINES,NEIMAN CELLARS LLC,NAPA,Napa,CA,94558-9761,5340 WASHINGTON ST,02,00675787,30-JUN-2026
NEOTEMPO WINES,NEOTEMPO WINES,FREEFORM VINES  LLC,NAPA,Napa,CA,94558-1117,4220 SILVERADO TRL,02,00648023,30-JUN-2027
NEW YORK PIZZA KITCHEN,NEW YORK PIZZA KITCHEN,NUNEZ  ALDO MOISES,NAPA,Napa,CA,94558-3084,657 TRANCAS ST,41,00512393,31-AUG-2026
NINE NORTH WINE COMPANY,NINE NORTH WINE COMPANY,THE HALCYON SYNDICATE LTD LLC,NAPA,Napa,CA,94558-7586,45 ENTERPRISE CT,02,00617291,30-JUN-2027
NINE NORTH WINE COMPANY,NINE NORTH WINE COMPANY,THE HALCYON SYNDICATE LTD LLC,NAPA,Napa,CA,94558-7590,55 ENTERPRISE CT,02,00617286,30-JUN-2027
NOLIA WINE COMPANY,NOLIA WINE COMPANY,NOLIA WINE COMPANY INC.,NAPA,Napa,CA,94559-9742,1500 LOS CARNEROS AVE,02,00654716,30-JUN-2027
NOMENCLATURE WINES,NOMENCLATURE WINES,KACHINA CELLARS LLC,NAPA,Napa,CA,94559-1347,1700 SOSCOL AVE,17,00541893,28-FEB-2027
NOMENCLATURE WINES,NOMENCLATURE WINES,KACHINA CELLARS LLC,NAPA,Napa,CA,94559-1347,1700 SOSCOL AVE,20,00541893,28-FEB-2027
NOMENCLATURE WINES,NOMENCLATURE WINES,KACHINA CELLARS LLC,NAPA,Napa,CA,94559-1347,1700 SOSCOL AVE,09,00541893,28-FEB-2027
NORMAN ROSE TAVERN,NORMAN ROSE TAVERN,GARRIS GLOBAL HOSPITALITY LLC,NAPA,Napa,CA,94559-2815,1401 1ST ST,47,00648621,30-JUN-2027
OASIS WINES,OASIS WINES,WARD  STEPHEN  JAMES,NAPA,Napa,CA,94558-9416,5998 SILVERADO TRL,17,00502451,30-JUN-2026
OASIS WINES,OASIS WINES,WARD  STEPHEN  JAMES,NAPA,Napa,CA,94558-9416,5998 SILVERADO TRL,20,00502451,30-JUN-2026
OASIS WINES,OASIS WINES,WARD  STEPHEN  JAMES,NAPA,Napa,CA,94558-9416,5998 SILVERADO TRL,09,00502451,30-JUN-2026
OBVIOUS WINES,OBVIOUS WINES,OBVIOUS WINES LLC,NAPA,Napa,CA,94558-7519,50 TECHNOLOGY CT,17,00657741,31-DEC-2026
OBVIOUS WINES,OBVIOUS WINES,OBVIOUS WINES LLC,NAPA,Napa,CA,94558-7519,50 TECHNOLOGY CT,20,00657741,31-DEC-2026
OBVIOUS WINES,OBVIOUS WINES,OBVIOUS WINES LLC,NAPA,Napa,CA,94558-7519,50 TECHNOLOGY CT,09,00657741,31-DEC-2026
ODETTE WINERY,ODETTE WINERY,VILLA ENCINAL PARTNERS  L.P.,NAPA,Napa,CA,94558-9416,5998 SILVERADO TRL,02,00519492,30-JUN-2027
ODETTE WINERY,ODETTE WINERY,VILLA ENCINAL PARTNERS  L.P.,NAPA,Napa,CA,94558-9416,5998 SILVERADO TRL,02,00519492,
OGDEN WINE CO.  LLC,OGDEN WINE CO.  LLC,OGDEN WINE CO.  LLC,NAPA,Napa,CA,94558-6230,918 ENTERPRISE WAY,02,00668627,30-JUN-2026
OLD SODA SPRINGS WINERY  LLC,,OLD SODA SPRINGS WINERY  LLC,NAPA,Napa,CA,94558-9745,7633 SILVERADO TRL,02,00645293,30-JUN-2027
OLEANDRI WINES,OLEANDRI WINES,OLEANDRI WINES LLC,NAPA,Napa,CA,94558-7590,55 ENTERPRISE CT,02,00651572,30-JUN-2026
OLEANDRI WINES,OLEANDRI WINES,OLEANDRI WINES LLC,NAPA,Napa,CA,94558-7586,45 ENTERPRISE CT,02,00647913,30-JUN-2026
OLEANDRI WINES LLC,,OLEANDRI WINES LLC,NAPA,Napa,CA,94559-1737,1732 JEFFERSON ST,02,00647930,30-JUN-2026
OLET'TE WINE COMPANY,OLET'TE WINE COMPANY,VINFORMANT LLC,NAPA,Napa,CA,94559-2615,1031 MCKINSTRY ST,02,00608231,30-JUN-2026
ORISON WINES,ORISON WINES,ORISON WINES LLC,NAPA,Napa,CA,94559-2532,1229 GRIGSBY CT,17,00614911,30-APR-2026
ORISON WINES,ORISON WINES,ORISON WINES LLC,NAPA,Napa,CA,94559-2532,1229 GRIGSBY CT,20,00614911,30-APR-2026
ORISON WINES,ORISON WINES,ORISON WINES LLC,NAPA,Napa,CA,94559-2532,1229 GRIGSBY CT,09,00614911,30-APR-2026
ORTEGA FAMILY WINES,ORTEGA FAMILY WINES,LATINO VINTNERS UNIDOS WINES LLC,NAPA,Napa,CA,94558-6209,901 ENTERPRISE WAY,02,00627628,30-JUN-2026
OSHA THAI RESTAURANT,OSHA THAI RESTAURANT,OSHA NAPA INC,NAPA,Napa,CA,94559-2639,1142 MAIN ST,41,00632885,31-DEC-2026
OUTER SPACE WINES,OUTER SPACE WINES,GEORGIE BOY LLC,NAPA,Napa,CA,94559-2917,974 FRANKLIN ST,42,00659283,31-AUG-2026
OVER THE MOON WINES,OVER THE MOON WINES,OVER THE MOON WINES  LLC,NAPA,Napa,CA,94559-3808,1011 TERRACE DR,20,00564158,30-NOV-2026
OVER THE MOON WINES,OVER THE MOON WINES,OVER THE MOON WINES  LLC,NAPA,Napa,CA,94559-3808,1011 TERRACE DR,17,00564158,30-NOV-2026
PAGE WINE CELLARS,PAGE WINE CELLARS,EMILIAN L-PSHIP,NAPA,Napa,CA,94559-1869,1721 ACTION AVE,02,00637593,30-JUN-2026
PAPER PLANES WINE,PAPER PLANES WINE,THESE MUST BE THE GRAPES  LLC,NAPA,Napa,CA,94558-4583,101 S COOMBS ST,02,00659090,30-JUN-2026
PAPER PLANES WINE,PAPER PLANES WINE,THESE MUST BE THE GRAPES  LLC,NAPA,Napa,CA,94559-9716,1075 BUCHLI STATION RD,02,00675128,30-JUN-2026
PAPER PLANES WINE,PAPER PLANES WINE,THESE MUST BE THE GRAPES  LLC,NAPA,Napa,CA,94559-9716,1075 BUCHLI STATION RD,81,00675128,30-JUN-2026
PASHA WINES,PASHA WINES,CALIFORNIA WINE COUNTRY LLC,NAPA,Napa,CA,94558-6271,1 EXECUTIVE WAY,02,00658769,30-JUN-2026
PASS WINES,PASS WINES,PASS WINES LLC,NAPA,Napa,CA,94558-3840,2222 N 3RD AVE,02,00617043,30-JUN-2026
PATENT WINES,PATENT WINES,PATENT WINE COMPANY  LLC,NAPA,Napa,CA,94558-2572,2433 FLAGSTONE DR,02,00622690,30-JUN-2027
PEC AND BURL WINES,PEC AND BURL WINES,PEC AND BURL WINES  LLC,NAPA,Napa,CA,94558-6280,201 DEVLIN RD,02,00647491,30-JUN-2026
PEJU FAMILY WINERY,PEJU FAMILY WINERY,PEJU FAMILY OPERATING PARTNERSHIP  LP,NAPA,Napa,CA,94558,200 & 210 CAMINO ORUGA,02,00559004,30-JUN-2027
PERSON WINE COMPANY,PERSON WINE COMPANY,PERSON WINE LLC,NAPA,Napa,CA,94558-5628,3183 LAUREL ST,02,00609179,30-JUN-2027
PETER E HOPKINS WINES,PETER E HOPKINS WINES,PETER E. HOPKINS WINES LLC,NAPA,Napa,CA,94558-4265,3306 BRITTANY CIR,17,00640309,31-OCT-2026
PETER E HOPKINS WINES,PETER E HOPKINS WINES,PETER E. HOPKINS WINES LLC,NAPA,Napa,CA,94558-4265,3306 BRITTANY CIR,20,00640309,31-OCT-2026
PETER FRANUS WINE COMPANY,PETER FRANUS WINE COMPANY,PETER FRANUS WINE COMPANY INC,NAPA,Napa,CA,94558-1326,5055 SOLANO AVE,02,00455899,30-JUN-2027
PETER PAUL WINES,PETER PAUL WINES,PETER PAUL WINES  LLC,NAPA,Napa,CA,94558-1326,5055 SOLANO AVE,02,00500371,
PETER PAUL WINES,PETER PAUL WINES,PETER PAUL WINES  LLC,NAPA,Napa,CA,94558-6271,1 EXECUTIVE WAY,02,00624087,30-JUN-2027
PEZZATO WINE,PEZZATO WINE,AM CELLARS  LLC,NAPA,Napa,CA,94559-2125,230 MONTE VISTA DR,17,00617333,31-JUL-2026
PEZZATO WINE,PEZZATO WINE,AM CELLARS  LLC,NAPA,Napa,CA,94559-2125,230 MONTE VISTA DR,20,00617333,31-JUL-2026
PINE RIDGE WINERY,PINE RIDGE WINERY,PINE RIDGE WINERY  LLC,NAPA,Napa,CA,94558-9417,5901 SILVERADO TRL,17,00345264,28-FEB-2027
PINE RIDGE WINERY,PINE RIDGE WINERY,PINE RIDGE WINERY  LLC,NAPA,Napa,CA,94558-9417,5901 SILVERADO TRL,20,00345264,28-FEB-2027
PINE RIDGE WINERY,PINE RIDGE WINERY,PINE RIDGE WINERY  LLC,NAPA,Napa,CA,94558-9417,5901 SILVERADO TRL,02,00345264,30-JUN-2027
PINE RIDGE WINERY,PINE RIDGE WINERY,PINE RIDGE WINERY  LLC,NAPA,Napa,CA,94558-9417,5901 SILVERADO TRL,06,00345264,30-NOV-2026
PINE RIDGE WINERY,PINE RIDGE WINERY,PINE RIDGE WINERY  LLC,NAPA,Napa,CA,94558-9417,5901 SILVERADO TRL,09,00345264,30-JUN-2027
PLATA WINE PARTNERS,PLATA WINE PARTNERS,PLATA WINE PARTNERS LLC,NAPA,Napa,CA,94558-7565,855 BORDEAUX WAY,09,00430527,
PLATA WINE PARTNERS,PLATA WINE PARTNERS,PLATA WINE PARTNERS LLC,NAPA,Napa,CA,94558-7565,855 BORDEAUX WAY,17,00430527,
PLATA WINE PARTNERS,PLATA WINE PARTNERS,PLATA WINE PARTNERS LLC,NAPA,Napa,CA,94558-7565,855 BORDEAUX WAY,20,00430527,
PLATA WINE PARTNERS,PLATA WINE PARTNERS,PLATA WINE PARTNERS LLC,NAPA,Napa,CA,94558-7565,855 BORDEAUX WAY,02,00430527,
PLATA WINE PARTNERS,PLATA WINE PARTNERS,PLATA WINE PARTNERS LLC,NAPA,Napa,CA,94558-7565,855 BORDEAUX WAY,09,00430527,
PLATA WINE PARTNERS,PLATA WINE PARTNERS,PLATA WINE PARTNERS LLC,NAPA,Napa,CA,94558-7565,855 BORDEAUX WAY,10,00430527,
PLATA WINE PARTNERS,PLATA WINE PARTNERS,PLATA WINE PARTNERS LLC,NAPA,Napa,CA,94558-7565,855 BORDEAUX WAY,17,00430527,
PLATA WINE PARTNERS,PLATA WINE PARTNERS,PLATA WINE PARTNERS LLC,NAPA,Napa,CA,94558-7565,855 BORDEAUX WAY,20,00430527,
PLATA WINE PARTNERS,PLATA WINE PARTNERS,PLATA WINE PARTNERS LLC,NAPA,Napa,CA,94558-7565,855 BORDEAUX WAY,02,00430527,
PLATA WINE PARTNERS,PLATA WINE PARTNERS,PLATA WINE PARTNERS LLC,NAPA,Napa,CA,94558-7565,855 BORDEAUX WAY,17,00430527,31-OCT-2026
PLATA WINE PARTNERS,PLATA WINE PARTNERS,PLATA WINE PARTNERS LLC,NAPA,Napa,CA,94558-7565,855 BORDEAUX WAY,20,00430527,31-OCT-2026
PLATA WINE PARTNERS,PLATA WINE PARTNERS,PLATA WINE PARTNERS LLC,NAPA,Napa,CA,94558-7565,855 BORDEAUX WAY,02,00430527,30-JUN-2027
PLATA WINE PARTNERS,PLATA WINE PARTNERS,PLATA WINE PARTNERS LLC,NAPA,Napa,CA,94558-7565,855 BORDEAUX WAY,09,00430527,31-OCT-2026
PLATA WINE PARTNERS,PLATA WINE PARTNERS,PLATA WINE PARTNERS LLC,NAPA,Napa,CA,94558-7565,855 BORDEAUX WAY,17,00430527,
PLATA WINE PARTNERS,PLATA WINE PARTNERS,PLATA WINE PARTNERS LLC,NAPA,Napa,CA,94558-7565,855 BORDEAUX WAY,20,00430527,
PLATA WINE PARTNERS,PLATA WINE PARTNERS,PLATA WINE PARTNERS LLC,NAPA,Napa,CA,94558-7565,855 BORDEAUX WAY,02,00430527,
PMG RESTAURANT INC,,PMG RESTAURANT INC,NAPA,Napa,CA,94558-5618,2555 KILBURN AVE,41,00654507,31-DEC-2026
POE WINES,POE WINES,SAMANTHA SHEEHAN IMPORTS,NAPA,Napa,CA,94559-9742,1500 LOS CARNEROS AVE,02,00618010,30-JUN-2027
POTT WINE,POTT WINE,POTT WINE,NAPA,Napa,CA,94558-6260,831 LATOUR CT,02,00601412,30-JUN-2027
PRIMITIVE WINE,PRIMITIVE WINE,PRIMITIVE WINE LLC,NAPA,Napa,CA,94559-9742,1500 LOS CARNEROS AVE,02,00670195,30-JUN-2027
PRIORITY WINE PASS,PRIORITY WINE PASS,CEGELSKI  JAMIE MICHELLE,NAPA,Napa,CA,94559-1726,1481 CENTER ST,85,00624606,30-APR-2027
PROGENY WINERY,PROGENY WINERY,PROGENY WINERY  LLC,NAPA,Napa,CA,94558-9712,1032 MOUNT VEEDER RD,02,00569921,30-JUN-2027
PROVIDE COMMERCE WINERY,PROVIDE COMMERCE WINERY,PROVIDE COMMERCE  INC.,NAPA,Napa,CA,94558-6212,130 CAMINO DORADO,02,00541459,
PROVIDE COMMERCE WINERY,PROVIDE COMMERCE WINERY,PROVIDE COMMERCE  INC.,NAPA,Napa,CA,94558-6214,110-122 CAMINO ORUGA,02,00541400,
PUEBLO MARKET,PUEBLO MARKET,MANGAT  JAGMEET BALBIR,NAPA,Napa,CA,94558-4503,2107 W PUEBLO AVE,21,00516660,30-JUN-2027
PURECRU WINES,PURECRU WINES,BART ENTERPRISES INCORPORATED,NAPA,Napa,CA,94558-6202,2545 NAPA VALLEY CORPORATE DR,02,00632629,30-JUN-2027
PURECRU WINES,PURECRU WINES,BART ENTERPRISES INCORPORATED,NAPA,Napa,CA,94558-6202,2545 NAPA VALLEY CORPORATE DR,81,00632629,30-JUN-2027
PURLIEU WINES,PURLIEU WINES,PURLIEU WINES INC,NAPA,Napa,CA,94559-2625,708 1ST ST,02,00570299,30-JUN-2027
PURLIEU WINES,PURLIEU WINES,PURLIEU WINES INC,NAPA,Napa,CA,94558-6262,190 CAMINO ORUGA,02,00623977,30-JUN-2027
PURLIEU WINES,PURLIEU WINES,PURLIEU WINES INC,NAPA,Napa,CA,94559-2824,1408 2ND ST,02,00653383,30-JUN-2027
PURLIEU WINES,PURLIEU WINES,PURLIEU WINES INC,NAPA,Napa,CA,94559-4051,135 GASSER DR,02,00666476,30-JUN-2027
Q RESTAURANT & BAR  THE,Q RESTAURANT & BAR  THE,TARTAGLIA LLC,NAPA,Napa,CA,94559-1947,1313 MAIN ST,47,00636537,30-NOV-2026
QUILL WINES,QUILL WINES,GNG WINES LLC,NAPA,Napa,CA,94558-9544,3340 REDWOOD RD,17,00467666,30-JUN-2026
QUILL WINES,QUILL WINES,GNG WINES LLC,NAPA,Napa,CA,94558-9544,3340 REDWOOD RD,20,00467666,30-JUN-2026
QUILL WINES,QUILL WINES,GNG WINES LLC,NAPA,Napa,CA,94558-9544,3340 REDWOOD RD,17,00467666,
QUILL WINES,QUILL WINES,GNG WINES LLC,NAPA,Napa,CA,94558-9544,3340 REDWOOD RD,20,00467666,
QUINTESSA WINERY,QUINTESSA WINERY,HUNEEUS VINTNERS LLC,NAPA,Napa,CA,94559-2605,1040 MAIN ST,02,00518984,
QUIXOTE WINERY,QUIXOTE WINERY,QUIXOTE WINERY  LLC,NAPA,Napa,CA,94558-9748,6126 SILVERADO TRL,02,00588429,30-JUN-2026
RAEN WINES,RAEN WINES,CADA LLC,NAPA,Napa,CA,94558-3953,45 EL MONTE WAY,17,00545616,
RAEN WINES,RAEN WINES,CADA LLC,NAPA,Napa,CA,94558-3953,45 EL MONTE WAY,20,00545616,
RANCHO PEQUENO OAKVILLE WINES,RANCHO PEQUENO OAKVILLE WINES,RANCHO PEQUENO OAKVILLE  LLC,NAPA,Napa,CA,94558-3083,620 TRANCAS ST,02,00671971,30-JUN-2026
RANCHO PEQUENO OAKVILLE WINES,RANCHO PEQUENO OAKVILLE WINES,RANCHO PEQUENO OAKVILLE  LLC,NAPA,Napa,CA,94558-9738,1751 SKELLENGER LN,02,00672315,30-JUN-2026
RAZIS WINERY,RAZIS WINERY,RAZIS WINERY LLC,NAPA,Napa,CA,94558-1421,3106 SILVERADO TRL,02,00358409,
RAZIS WINERY,RAZIS WINERY,RAZIS WINERY LLC,NAPA,Napa,CA,94558-1421,3106 SILVERADO TRL,02,00358409,30-JUN-2027
RD WINERY,RD WINERY,RANG DONG JOINT STOCK COMPANY,NAPA,Napa,CA,94558-6271,1 EXECUTIVE WAY,02,00518662,30-JUN-2027
RD WINERY,RD WINERY,RANG DONG JOINT STOCK COMPANY,NAPA,Napa,CA,94558-6271,1 EXECUTIVE WAY,14,00518662,30-JUN-2027
RED BRICK WINERY,RED BRICK WINERY,STONEWALL BEVERAGE LLC,NAPA,Napa,CA,94558-6288,902 ENTERPRISE WAY,02,00644837,30-JUN-2026
RED ROCK CAFE BACK DOOR BARBEQUE,RED ROCK CAFE BACK DOOR BARBEQUE,RED ROCK PARTNERS,NAPA,Napa,CA,94558-4914,1010 LINCOLN AVE,41,00488579,
RED ROCK CAFE BACK DOOR BARBEQUE,RED ROCK CAFE BACK DOOR BARBEQUE,RED ROCK PARTNERS,NAPA,Napa,CA,94558-4914,1010 LINCOLN AVE,41,00488579,30-SEP-2026
RED TAIL HAWK WINERY,RED TAIL HAWK WINERY,RED TAIL HAWK WINERY LLC,NAPA,Napa,CA,94558-2807,3553 BECKWORTH DR,02,00525486,30-JUN-2026
REDMON WINES,REDMON WINES,REDMON FAMILY VINEYARDS LLC,NAPA,Napa,CA,94559-9715,2530 LAS AMIGAS RD,02,00648854,30-JUN-2026
REDMON WINES,REDMON WINES,REDMON FAMILY VINEYARDS LLC,NAPA,Napa,CA,94559-9715,2530 LAS AMIGAS RD,93,00648854,30-JUN-2026
REDWOOD LIQUOR,REDWOOD LIQUOR,REDWOOD LIQUOR  INC,NAPA,Napa,CA,94558-3214,2030 REDWOOD RD A,21,00585936,28-FEB-2027
REGUSCI WINERY,REGUSCI WINERY,REGUSCI WINERY INCORPORATED,NAPA,Napa,CA,94558-9411,5584 SILVERADO TRL,02,00400772,
REGUSCI WINERY,REGUSCI WINERY,REGUSCI WINERY INCORPORATED,NAPA,Napa,CA,94558-9411,5584 SILVERADO TRL,02,00400772,30-JUN-2027
REGUSCI WINERY,REGUSCI WINERY,REGUSCI WINERY INCORPORATED,NAPA,Napa,CA,94559-3045,948 MAIN ST,02,00676313,30-JUN-2027
RELIC WINE CELLARS,RELIC WINE CELLARS,RELIC WINE CELLARS  LLC,NAPA,Napa,CA,94558-9463,2400 SODA CANYON RD,02,00548261,30-JUN-2026
RENTERIA WINES LLC,RENTERIA WINES LLC,RENTERIA WINES LLC,NAPA,Napa,CA,94559-1343,625 IMPERIAL WAY,02,00658666,30-JUN-2026
RENTERIA WINES LLC,RENTERIA WINES LLC,RENTERIA WINES LLC,NAPA,Napa,CA,94558-9220,703 OAKVILLE CROSS RD,02,00599150,30-JUN-2027
RENTERIA WINES LLC,RENTERIA WINES LLC,RENTERIA WINES LLC,NAPA,Napa,CA,94558-7538,462 DEVLIN RD,18,00645437,31-AUG-2026
RENTERIA WINES LLC,RENTERIA WINES LLC,RENTERIA WINES LLC,NAPA,Napa,CA,94558-7538,462 DEVLIN RD,02,00645437,30-JUN-2027
RENTERIA WINES LLC,RENTERIA WINES LLC,RENTERIA WINES LLC,NAPA,Napa,CA,94558-7538,462 DEVLIN RD,12,00645437,31-AUG-2026
RENTERIA WINES LLC,RENTERIA WINES LLC,RENTERIA WINES LLC,NAPA,Napa,CA,94559,625 IMPERIAL WY,02,00670478,30-JUN-2027
REVELETTE WINES  LLC,REVELETTE WINES  LLC,REVELETTE WINES  LLC,NAPA,Napa,CA,94558-7590,55 ENTERPRISE CT,02,00636457,30-JUN-2027
REVELETTE WINES  LLC,REVELETTE WINES  LLC,REVELETTE WINES  LLC,NAPA,Napa,CA,94558-7586,45 ENTERPRISE CT,02,00636450,30-JUN-2027
REVIK WINE CO,REVIK WINE CO,LAVERNE FORREST WINE CO.  LLC,NAPA,Napa,CA,94558,3066 VICHY AVE,17,00584466,30-SEP-2026
REVIK WINE CO,REVIK WINE CO,LAVERNE FORREST WINE CO.  LLC,NAPA,Napa,CA,94558,3066 VICHY AVE,20,00584466,30-SEP-2026
RIPE PEAK WINERY,RIPE PEAK WINERY,RIPE PEAK WINERY  LLC,NAPA,Napa,CA,94558-9668,4088 ATLAS PEAK RD,02,00524832,30-JUN-2027
RIVIERA DEI FIORI WINE,RIVIERA DEI FIORI WINE,FECONDO FAMILY LLC,NAPA,Napa,CA,94558-5176,6 VALLEY WEST CIRCLE,17,00668923,31-MAY-2027
ROAD 31 WINE CO,ROAD 31 WINE CO,DRIFTWOOD RACES LLC,NAPA,Napa,CA,94558-9752,1115 LOMA VISTA DR,02,00538275,30-JUN-2027
ROBERT CRAIG WINERY,ROBERT CRAIG WINERY,ROBERT CRAIG WINERY  LP,NAPA,Napa,CA,94559-2820,1553 2ND ST,02,00639729,30-JUN-2026
ROCK AND CLAY WINES LLC,ROCK AND CLAY WINES LLC,ROCK AND CLAY WINES  LLC,NAPA,Napa,CA,94558-7590,55 ENTERPRISE CT,02,00587336,30-JUN-2027
ROCK AND CLAY WINES LLC,ROCK AND CLAY WINES LLC,ROCK AND CLAY WINES  LLC,NAPA,Napa,CA,94558-7586,45 ENTERPRISE CT,02,00587331,30-JUN-2027
RON MCGINNIS WINERY  LLC,RON MCGINNIS WINERY  LLC,RON MCGINNIS WINERY  LLC,NAPA,Napa,CA,94558-7586,45 ENTERPRISE CT,02,00557250,30-JUN-2026
ROUND POND WINES,ROUND POND WINES,ROUND POND ESTATE  LLC,NAPA,Napa,CA,94558-7505,707 TECHNOLOGY WAY,02,00637695,30-JUN-2027
ROUND TABLE PIZZA #143,ROUND TABLE PIZZA #143,J K BAY AREA  INC,NAPA,Napa,CA,94558-3203,3331 SOLANO AVE,41,00569014,30-APR-2026
ROY PIPER WINES,ROY PIPER WINES,PIPER CELLARS  LLC,NAPA,Napa,CA,94558-7576,144 GATEWAY RD E,02,00643766,30-JUN-2027
ROYAL PRINCE WINES,ROYAL PRINCE WINES,DOUBLE R WINE CO LLC,NAPA,Napa,CA,94558-6214,110 CAMINO ORUGA ST,02,00583922,
ROYAL PRINCE WINES,ROYAL PRINCE WINES,DOUBLE R WINE CO LLC,NAPA,Napa,CA,94558-6212,130 CAMINO DORADO,02,00583933,
ROYAL PRINCE WINES,ROYAL PRINCE WINES,DOUBLE R WINE CO LLC,NAPA,Napa,CA,94558-6214,110-122 CAMINO ORUGA,02,00583922,30-JUN-2026
ROYAL PRINCE WINES,ROYAL PRINCE WINES,DOUBLE R WINE CO LLC,NAPA,Napa,CA,94558-6212,130 CAMINO DORADO,02,00583933,30-JUN-2026
ROYAL PRINCE WINES,ROYAL PRINCE WINES,DOUBLE R WINE CO LLC,NAPA,Napa,CA,94559-2607,1040 MAIN ST,17,00624511,30-SEP-2026
ROYAL PRINCE WINES,ROYAL PRINCE WINES,DOUBLE R WINE CO LLC,NAPA,Napa,CA,94559-2607,1040 MAIN ST,20,00624511,30-SEP-2026
ROYAL PRINCE WINES,ROYAL PRINCE WINES,DOUBLE R WINE CO LLC,NAPA,Napa,CA,94559-2607,1040 MAIN ST,02,00624511,30-JUN-2026
RTJ WINES LLC,RTJ WINES LLC,RTJ WINES  LLC,NAPA,Napa,CA,94559-3144,2405 LAUREL ST,20,00637379,31-JUL-2026
RTJ WINES LLC,RTJ WINES LLC,RTJ WINES  LLC,NAPA,Napa,CA,94559-3144,2405 LAUREL ST,17,00637379,31-JUL-2026
RUDD WINES,RUDD WINES,RUDD WINES  INC.,NAPA,Napa,CA,94559-3958,68 COOMBS ST,02,00556622,30-JUN-2026
RUDD WINES,RUDD WINES,RUDD WINES  INC.,NAPA,Napa,CA,94559-3958,68 COOMBS ST,14,00556622,30-JUN-2026
RUTHERFORD FAMILY PIZZA,RUTHERFORD FAMILY PIZZA,RUTHERFORD FAMILY PIZZA,NAPA,Napa,CA,94559-3714,1825 OLD SONOMA RD,41,00645432,30-APR-2027
RUTHERFORD WINE COMPANY,RUTHERFORD WINE COMPANY,ROUND HILL CELLARS,NAPA,Napa,CA,94558-7564,476 TECHNOLOGY WAY,02,00447544,30-JUN-2027
RUVANGO WINERY,RUVANGO WINERY,EGO ONE LLC,NAPA,Napa,CA,94559-9706,1285 DEALY LN,17,00638591,31-OCT-2026
RUVANGO WINERY,RUVANGO WINERY,EGO ONE LLC,NAPA,Napa,CA,94559-9706,1285 DEALY LN,20,00638591,31-OCT-2026
RUVANGO WINERY,RUVANGO WINERY,EGO ONE LLC,NAPA,Napa,CA,94559-9706,1285 DEALY LN,02,00638591,30-JUN-2027
RUVANGO WINERY,RUVANGO WINERY,EGO ONE LLC,NAPA,Napa,CA,94559-9706,1285 DEALY LN,81,00638591,30-JUN-2027
S WINES,S WINES,NAPA WINE PARTNERS LP,NAPA,Napa,CA,94558-1100,4500 SILVERADO TRL,17,00661704,31-JUL-2027
S WINES,S WINES,NAPA WINE PARTNERS LP,NAPA,Napa,CA,94558-1100,4500 SILVERADO TRL,20,00661704,31-JUL-2027
S&P WINES  LLC,S&P WINES  LLC,S&P WINES  LLC,NAPA,Napa,CA,94558-3033,605 TRANCAS ST,17,00665244,31-MAR-2027
SAFE HARBOR WINE STORAGE,SAFE HARBOR WINE STORAGE,SAFE HARBOR PARTNERS LLC,NAPA,Napa,CA,94558-7583,303 GATEWAY RD W,22,00454992,
SAFE HARBOR WINE STORAGE,SAFE HARBOR WINE STORAGE,SAFE HARBOR PARTNERS LLC,NAPA,Napa,CA,94558-7505,707 TECHNOLOGY WAY,06,00536740,31-MAR-2027
SAFE HARBOR WINE STORAGE,SAFE HARBOR WINE STORAGE,SAFE HARBOR PARTNERS LLC,NAPA,Napa,CA,94558-7505,707 TECHNOLOGY WAY,02,00536740,30-JUN-2026
SAFE HARBOR WINE STORAGE,SAFE HARBOR WINE STORAGE,SAFE HARBOR PARTNERS LLC,NAPA,Napa,CA,94558-7583,303 GATEWAY RD W,02,00454992,30-JUN-2026
SAFEWAY STORE #2449,SAFEWAY STORE #2449,SAFEWAY INC,NAPA,Napa,CA,94558,3375 JEFFERSON ST,21,00394078,
SAFEWAY STORE #2449,SAFEWAY STORE #2449,SAFEWAY INC,NAPA,Napa,CA,94558,3375 JEFFERSON ST,86,00394078,
SAFEWAY STORE #2449,SAFEWAY STORE #2449,SAFEWAY INC,NAPA,Napa,CA,94558,3375 JEFFERSON ST,21,00394078,
SAFEWAY STORE #2449,SAFEWAY STORE #2449,SAFEWAY INC,NAPA,Napa,CA,94558,3375 JEFFERSON ST,86,00394078,
SAFEWAY STORE #2449,SAFEWAY STORE #2449,SAFEWAY INC,NAPA,Napa,CA,94558,3375 JEFFERSON ST,21,00394078,30-JUN-2026
SAFEWAY STORE #2449,SAFEWAY STORE #2449,SAFEWAY INC,NAPA,Napa,CA,94558,3375 JEFFERSON ST,86,00394078,30-JUN-2026
SAKE SUSHI,SAKE SUSHI,SAKE NAPA LLC,NAPA,Napa,CA,94559-4721,1631 W IMOLA AVE,41,00673994,31-JAN-2027
SALEXIS WINES,SALEXIS WINES,SALEXIS WINES  L.L.C.,NAPA,Napa,CA,94558-2522,4024 PINOT DR,17,00618018,31-JUL-2026
SALEXIS WINES,SALEXIS WINES,SALEXIS WINES  L.L.C.,NAPA,Napa,CA,94558-2522,4024 PINOT DR,20,00618018,31-JUL-2026
SANS WINE CO.,SANS WINE CO.,SANS WINE CO.  LLC,NAPA,Napa,CA,94559-4657,2127 EVA ST,17,00588944,30-SEP-2026
SANS WINE CO.,SANS WINE CO.,SANS WINE CO.  LLC,NAPA,Napa,CA,94559-4657,2127 EVA ST,02,00588944,30-JUN-2026
SANTA BARBARA WINERY,SANTA BARBARA WINERY,SANTA BARBARA WINE INC.,NAPA,Napa,CA,94559-1737,1732 JEFFERSON ST,02,00671037,30-JUN-2027
SARITA WINE COMPANY,SARITA WINE COMPANY,SARITA ESTATES  LLC,NAPA,Napa,CA,94558-9739,7780 SILVERADO TRL,17,00519442,31-MAY-2027
SARITA WINE COMPANY,SARITA WINE COMPANY,SARITA ESTATES  LLC,NAPA,Napa,CA,94558-9739,7780 SILVERADO TRL,20,00519442,31-MAY-2027
SCALE WINE,SCALE WINE,SCALE WINE GROUP  LLC,NAPA,Napa,CA,94558-6216,2731 & 2747 NAPA VALLEY CORPORATE DR,02,00663429,30-JUN-2027
SCARECROW WINE,SCARECROW WINE,J.J. COHN ESTATE  LLC,NAPA,Napa,CA,94558-1326,5055 SOLANO AVE,02,00477490,
SCARECROW WINE,SCARECROW WINE,J.J. COHN ESTATE  LLC,NAPA,Napa,CA,94558-1326,5055 SOLANO AVE,02,00477490,30-JUN-2027
SCENIC ROOT WINEGROWERS,SCENIC ROOT WINEGROWERS,SCENIC ROOT WINEGROWERS LLC,NAPA,Napa,CA,94558-6214,110 CAMINO ORUGA ST,02,00516329,
SCENIC ROOT WINEGROWERS,SCENIC ROOT WINEGROWERS,SCENIC ROOT WINEGROWERS LLC,NAPA,Napa,CA,94558-6212,130 CAMINO DORADO,02,00516586,
SCENIC ROOT WINEGROWERS,SCENIC ROOT WINEGROWERS,SCENIC ROOT WINEGROWERS LLC,NAPA,Napa,CA,94558-6214,110 CAMINO ORUGA ST,09,00516329,
SCREAMING EAGLE WINERY,SCREAMING EAGLE WINERY,SCREAMING EAGLE  LLC,NAPA,Napa,CA,94558,7557 SILVERADO TRL,02,00437548,30-JUN-2027
SCREAMING EAGLE WINERY,SCREAMING EAGLE WINERY,SCREAMING EAGLE  LLC,NAPA,Napa,CA,94558,7557 SILVERADO TRL,09,00437548,30-JUN-2027
SEAN MINOR WINES,SEAN MINOR WINES,FOUR BEARS WINERY LLC,NAPA,Napa,CA,94558-7535,520 AIRPARK RD,02,00660038,30-JUN-2027
SECOND LINE WINES  LLC,,SECOND LINE WINES  LLC,NAPA,Napa,CA,94558-2045,2332 SILVERADO TRL,02,00672241,30-JUN-2027
SEVEN STONES WINERY,SEVEN STONES WINERY,HSIH NHH INV LLC,NAPA,Napa,CA,94558-6260,831 LATOUR CT,02,00656899,30-JUN-2027
SHADYBROOK ESTATE WINERY,SHADYBROOK ESTATE WINERY,SHADYBROOK ESTATE  LLC,NAPA,Napa,CA,94558-3853,100 RAPP LN,02,00566889,30-JUN-2027
SHADYBROOK ESTATE WINERY,SHADYBROOK ESTATE WINERY,SHADYBROOK ESTATE  LLC,NAPA,Napa,CA,94558-3853,40 RAPP LN,02,00647126,30-JUN-2027
SHED-TEAU WINES  LLC,,SHED-TEAU WINES  LLC,NAPA,Napa,CA,94558-5320,1081 ROUND HILL CIR,02,00380545,30-JUN-2026
SHERWIN WINE SERVICES,SHERWIN WINE SERVICES,SHERWIN WINE SERVICES LLC,NAPA,Napa,CA,94559-3165,2371 PINE ST,22,00645757,30-JUN-2027
SHERWIN WINE SERVICES,SHERWIN WINE SERVICES,SHERWIN WINE SERVICES LLC,NAPA,Napa,CA,94559-3165,2371 PINE ST,14,00645757,30-NOV-2026
SHIFFLET RANCH & VINEYARD WINERY,SHIFFLET RANCH & VINEYARD WINERY,SHIFFLETT RANCH & VINEYARD LLC,NAPA,Napa,CA,94558-1014,1201 DARMS LN,02,00596564,30-JUN-2027
SHORT & SWEET WINES,SHORT & SWEET WINES,BECKER  DAVID WAYNE,NAPA,Napa,CA,94558-1011,1034 DARMS LN,02,00444203,30-JUN-2026
SHORT & SWEET WINES,SHORT & SWEET WINES,BECKER  DAVID WAYNE,NAPA,Napa,CA,94558-1011,1036 DARMS LN,02,00501681,30-JUN-2026
SHORT & SWEET WINES,SHORT & SWEET WINES,BECKER  DAVID WAYNE,NAPA,Napa,CA,94558-5248,3541 TWIN OAKS DR,02,00489234,30-JUN-2026
SHORT & SWEET WINES,SHORT & SWEET WINES,BECKER  DAVID WAYNE,NAPA,Napa,CA,94558-1011,1034 DARMS LN,93,00444203,30-JUN-2026
SHOT CALLER WINE COMPANY,SHOT CALLER WINE COMPANY,VINE AND WINE CONNECT LLC,NAPA,Napa,CA,94559-1823,880 VALLEJO ST,02,00645621,30-JUN-2026
SIAM THAI HOUSE,SIAM THAI HOUSE,SIAM THAI HOUSE LLC,NAPA,Napa,CA,94558-4915,1139 LINCOLN AVE,41,00605674,30-JUN-2027
SILVER TRIDENT WINERY,SILVER TRIDENT WINERY,SILVER TRIDENT WINERY  LLC,NAPA,Napa,CA,94558-1326,5055 SOLANO AVE,02,00531256,30-JUN-2027
SILVERSTAG WINERY,SILVERSTAG WINERY,PARSLEY FAMILY ESTATES INC,NAPA,Napa,CA,94558-4026,5230 COUNTRY LN,20,00385877,30-SEP-2026
SILVERSTAG WINERY,SILVERSTAG WINERY,PARSLEY FAMILY ESTATES INC,NAPA,Napa,CA,94558-4026,5230 COUNTRY LN,17,00385877,30-SEP-2026
SIROTKA WINES,SIROTKA WINES,SIROTKA WINES  LLC,NAPA,Napa,CA,94558-4304,2933 BROOKWOOD DR,20,00580231,31-MAY-2027
SIROTKA WINES,SIROTKA WINES,SIROTKA WINES  LLC,NAPA,Napa,CA,94558-4304,2933 BROOKWOOD DR,17,00580231,31-MAY-2027
SJ WINE,SJ WINE,SJ WINE LLC,NAPA,Napa,CA,94558-7576,144 GATEWAY RD E,02,00666929,30-JUN-2027
SKH WINES,SKH WINES,HERMAN  SHAUNA KELLIE,NAPA,Napa,CA,94559-3909,276 RANDOLPH ST,17,00582977,31-AUG-2026
SKH WINES,SKH WINES,HERMAN  SHAUNA KELLIE,NAPA,Napa,CA,94559-3909,276 RANDOLPH ST,20,00582977,31-AUG-2026
SKURNIK WINES WEST,SKURNIK WINES WEST,SKURNIK WINES WEST  LLC,NAPA,Napa,CA,94558-7519,80 TECHNOLOGY CT,17,00579937,30-APR-2027
SKURNIK WINES WEST,SKURNIK WINES WEST,SKURNIK WINES WEST  LLC,NAPA,Napa,CA,94558-7519,80 TECHNOLOGY CT,18,00579937,30-APR-2027
SKURNIK WINES WEST,SKURNIK WINES WEST,SKURNIK WINES WEST  LLC,NAPA,Napa,CA,94558-7519,80 TECHNOLOGY CT,09,00579937,30-APR-2027
SKURNIK WINES WEST,SKURNIK WINES WEST,SKURNIK WINES WEST  LLC,NAPA,Napa,CA,94558-7519,80 TECHNOLOGY CT,12,00579937,30-APR-2027
SKY DEVIL WINES,SKY DEVIL WINES,SKY DEVIL GROUP  LLC,NAPA,Napa,CA,94558-9220,703 OAKVILLE CROSS RD,02,00612338,30-JUN-2026
SLO DOWN WINES,SLO DOWN WINES,SLO DOWN WINES  LLC,NAPA,Napa,CA,94558-7517,576 GATEWAY DR,02,00600679,30-JUN-2026
SODA CANYON STORE,SODA CANYON STORE,RH SODA CANYON F&B  LLC,NAPA,Napa,CA,94558-1124,4006 SILVERADO TRL,41,00648807,30-JUN-2027
SOLANO MARKET,SOLANO MARKET,SOLANO MARKET NAPA LLC,NAPA,Napa,CA,94558-4633,2877 SOLANO AVE,21,00634637,31-JUL-2026
SOMNIUM WINE COMPANY,SOMNIUM WINE COMPANY,SOMNIUM WINE COMPANY  LLC,NAPA,Napa,CA,94559-2824,1408 2ND ST,02,00654180,30-JUN-2027
SOMNIUM WINE COMPANY,SOMNIUM WINE COMPANY,SOMNIUM WINE COMPANY  LLC,NAPA,Napa,CA,94558-6223,190 CAMINO ORUGA,02,00622623,30-JUN-2027
SOUTHERN ROOTS WINES,SOUTHERN ROOTS WINES,FRANCIS  ROBERT DAVID,NAPA,Napa,CA,94558-7589,551 TECHNOLOGY WAY,17,00629380,28-FEB-2027
SOUTHERN ROOTS WINES,SOUTHERN ROOTS WINES,FRANCIS  ROBERT DAVID,NAPA,Napa,CA,94558-7589,551 TECHNOLOGY WAY,20,00629380,28-FEB-2027
SQUEEZE INN HAMBURGERS,SQUEEZE INN HAMBURGERS,BAKKER  JAY ROBERT,NAPA,Napa,CA,94558-3203,3383 SOLANO AVE,41,00465099,30-APR-2027
SQUIRE WINE,SQUIRE WINE,K2 WINE ADVENTURES  LLC,NAPA,Napa,CA,94558-4230,1043 WESTVIEW DR,17,00621479,30-NOV-2026
SQUIRE WINE,SQUIRE WINE,K2 WINE ADVENTURES  LLC,NAPA,Napa,CA,94558-4230,1043 WESTVIEW DR,20,00621479,30-NOV-2026
ST BARTHELEMY CELLARS,ST BARTHELEMY CELLARS,BART ENTERPRISES INCORPORATED,NAPA,Napa,CA,94558-9634,6015 STEELE CANYON RD,02,00391151,
ST CLAIR & BROWN WINERY,ST CLAIR & BROWN WINERY,ST. CLAIR & BROWN WINERY  LLC,NAPA,Napa,CA,94559-1840,1605 ACTION AVE,17,00523916,30-SEP-2026
ST CLAIR & BROWN WINERY,ST CLAIR & BROWN WINERY,ST. CLAIR & BROWN WINERY  LLC,NAPA,Napa,CA,94559-1840,1605 ACTION AVE,02,00523916,30-JUN-2026
ST. ROMEDIUS WINE,ST. ROMEDIUS WINE,ST. ROMEDIUS LLC,NAPA,Napa,CA,94559-3211,606 SEMINARY ST,02,00599696,30-JUN-2026
STAG'S LEAP WINE CELLARS,STAG'S LEAP WINE CELLARS,STAG'S LEAP WINE CELLARS  LLC,NAPA,Napa,CA,94558-9413,5766 SILVERADO TRL,02,00459819,
STAG'S LEAP WINE CELLARS,STAG'S LEAP WINE CELLARS,STAG'S LEAP WINE CELLARS  LLC,NAPA,Napa,CA,94558-9413,5766 SILVERADO TRL,04,00459819,
STAG'S LEAP WINE CELLARS,STAG'S LEAP WINE CELLARS,STAG'S LEAP WINE CELLARS  LLC,NAPA,Napa,CA,94558-9413,5766 SILVERADO TRL,06,00459819,
STAG'S LEAP WINE CELLARS,STAG'S LEAP WINE CELLARS,STAG'S LEAP WINE CELLARS  LLC,NAPA,Napa,CA,94558-9413,5766 SILVERADO TRL,17,00459819,
STAG'S LEAP WINE CELLARS,STAG'S LEAP WINE CELLARS,STAG'S LEAP WINE CELLARS  LLC,NAPA,Napa,CA,94558-9413,5766 SILVERADO TRL,09,00459819,
STAG'S LEAP WINE CELLARS,STAG'S LEAP WINE CELLARS,STAG'S LEAP WINE CELLARS  LLC,NAPA,Napa,CA,94558-9413,5766 SILVERADO TRL,02,00459819,30-JUN-2027
STAG'S LEAP WINE CELLARS,STAG'S LEAP WINE CELLARS,STAG'S LEAP WINE CELLARS  LLC,NAPA,Napa,CA,94558-9413,5766 SILVERADO TRL,04,00459819,30-JUN-2027
STAG'S LEAP WINE CELLARS,STAG'S LEAP WINE CELLARS,STAG'S LEAP WINE CELLARS  LLC,NAPA,Napa,CA,94558-9413,5766 SILVERADO TRL,06,00459819,30-JUN-2027
STAG'S LEAP WINE CELLARS,STAG'S LEAP WINE CELLARS,STAG'S LEAP WINE CELLARS  LLC,NAPA,Napa,CA,94558-9413,5766 SILVERADO TRL,17,00459819,30-JUN-2027
STAG'S LEAP WINE CELLARS,STAG'S LEAP WINE CELLARS,STAG'S LEAP WINE CELLARS  LLC,NAPA,Napa,CA,94558-9413,5766 SILVERADO TRL,09,00459819,30-JUN-2027
STAGS LEAP WINE CELLARS,STAGS LEAP WINE CELLARS,STAG'S LEAP WINE CELLARS  LLC,NAPA,Napa,CA,94558-6209,904 ENTERPRISE WAY,02,00459837,
STAGS LEAP WINE CELLARS,STAGS LEAP WINE CELLARS,STAG'S LEAP WINE CELLARS  LLC,NAPA,Napa,CA,94558-6209,904 ENTERPRISE WAY,02,00459837,30-JUN-2027
STAGS' LEAP WINERY,STAGS' LEAP WINERY,TREASURY WINE ESTATES AMERICAS COMPANY,NAPA,Napa,CA,94558,6150 SILVERADO TRL,02,00329905,30-JUN-2027
STAGS' LEAP WINERY,STAGS' LEAP WINERY,TREASURY WINE ESTATES AMERICAS COMPANY,NAPA,Napa,CA,94558,6150 SILVERADO TRL,06,00329905,31-MAR-2027
STANLY LANE SMOKEHOUSE & DELI,STANLY LANE SMOKEHOUSE & DELI,WILCOXSON  WILLIAM KEVAN,NAPA,Napa,CA,94558-6191,3100 GOLDEN GATE DR,41,00542641,31-JUL-2026
STATE OF MIND WINES,STATE OF MIND WINES,SOM WINES  LLC,NAPA,Napa,CA,94559-3623,270 KREUZER LN,02,00668684,30-JUN-2027
STEREOPHONIC WINE,STEREOPHONIC WINE,LEFLER  JASON LOUIS,NAPA,Napa,CA,94558-5213,3514 MEADOWBROOK DR,17,00611699,30-NOV-2026
STEREOPHONIC WINE,STEREOPHONIC WINE,LEFLER  JASON LOUIS,NAPA,Napa,CA,94558-5213,3514 MEADOWBROOK DR,20,00611699,30-NOV-2026
STEREOPHONIC WINE,STEREOPHONIC WINE,LEFLER  JASON LOUIS,NAPA,Napa,CA,94558-5213,3514 MEADOWBROOK DR,09,00611699,30-NOV-2026
STONES SPORTS BAR,STONES SPORTS BAR,STONE WHEELER INCORPORATED,NAPA,Napa,CA,94559-4721,1679 W IMOLA AVE,48,00455230,31-JUL-2026
STONES SPORTS BAR,STONES SPORTS BAR,STONE WHEELER INCORPORATED,NAPA,Napa,CA,94559-4721,1679 W IMOLA AVE,77,00455230,31-JUL-2026
STOUT FAMILY WINES,STOUT FAMILY WINES,STOUT FAMILY WINES  LLC,NAPA,Napa,CA,94558-6271,1 EXECUTIVE WAY  BLDGS 1  2 & 3,02,00580455,
STOUT FAMILY WINES,STOUT FAMILY WINES,STOUT FAMILY WINES  LLC,NAPA,Napa,CA,94558-6271,1 EXECUTIVE WAY  BLDGS 1  2 & 3,02,00580455,30-JUN-2027
STUDIO M FINE WINES  LLC,,STUDIO M FINE WINES  LLC,NAPA,Napa,CA,94559-2815,1465 1ST STREET,42,00543746,
SUNCRU WINES LLC,SUNCRU WINES LLC,SUNCRU WINES LLC,NAPA,Napa,CA,94558-6230,918 ENTERPRISE WAY,02,00668253,30-JUN-2026
SUNSHINE CAFE,SUNSHINE CAFE,SUNSHINE PARTNERS  LLC,NAPA,Napa,CA,94558-2916,1540 TRANCAS ST,47,00609695,31-MAY-2027
SUNSHINE CAFE,SUNSHINE CAFE,SUNSHINE PARTNERS  LLC,NAPA,Napa,CA,94558-2916,1540 TRANCAS ST,47,00609695,31-MAY-2027
SURCOS WINES,SURCOS WINES,SURCOS WINES LLC,NAPA,Napa,CA,94558-1326,5055 SOLANO AVE,02,00628268,30-JUN-2026
SURCOS WINES,SURCOS WINES,SURCOS WINES LLC,NAPA,Napa,CA,94558-6910,1025 MATT DR,02,00629208,30-JUN-2026
SUSPIRO WINES,SUSPIRO WINES,MENDOZA WINE COMPANY LLC,NAPA,Napa,CA,94558-2362,3801 LASSEN ST,17,00650487,31-OCT-2026
SUSPIRO WINES,SUSPIRO WINES,MENDOZA WINE COMPANY LLC,NAPA,Napa,CA,94558-2362,3801 LASSEN ST,20,00650487,31-OCT-2026
SUTTER HOME WINERY INC,,SUTTER HOME WINERY INC,NAPA,Napa,CA,94558-6280,35-37 EXECUTIVE WAY,02,00489680,
SUTTER HOME WINERY INC,,SUTTER HOME WINERY INC,NAPA,Napa,CA,94558,560-564 GATEWAY DR,02,00513616,
SUTTER HOME WINERY INC,,SUTTER HOME WINERY INC,NAPA,Napa,CA,94558-9301,2055 HOFFMAN LN,02,00502095,
SUTTER HOME WINERY INC,,SUTTER HOME WINERY INC,NAPA,Napa,CA,94558,560-564 GATEWAY DR,02,00513616,30-JUN-2027
T-VINE WINERY,T-VINE WINERY,OLD VINE WINE PARTNERS  LLC,NAPA,Napa,CA,94558-9411,5584 SILVERADO TRL,02,00676342,30-JUN-2027
TACOS LA PLAYITA,TACOS LA PLAYITA,TACOS LA PLAYITA  INC,NAPA,Napa,CA,94558-4933,2580 JEFFERSON ST,40,00578369,30-APR-2027
TAJ GRILL INDIAN CUISINE,TAJ GRILL INDIAN CUISINE,UDASIN NAPA EMPIRE LLC,NAPA,Napa,CA,94559-5109,701 LINCOLN AVE,41,00647556,31-MAY-2027
TANSY WINES,TANSY WINES,TANSY FIELDS  LLC,NAPA,Napa,CA,94558-3914,1155 3RD AVE,02,00639266,30-JUN-2027
TARGET STORE T1438,TARGET STORE T1438,TARGET CORPORATION,NAPA,Napa,CA,94558,4000 BEL AIRE PLZ,21,00421371,30-JUN-2026
TARLA MEDITERRANEAN GRILL,TARLA MEDITERRANEAN GRILL,TARLA GRILL  INC,NAPA,Napa,CA,94559-2823,1480 1ST ST,47,00620108,30-APR-2027
TAYLORED WINE,TAYLORED WINE,TAYLORED WINE L.L.C,NAPA,Napa,CA,94558-1326,5055 SOLANO AVE,02,00627651,30-JUN-2026
TE MA MA WINES,TE MA MA WINES,SANDS  MATTHEW DOUGLAS,NAPA,Napa,CA,94558-1732,1386 SALVADOR AVE,17,00614668,28-FEB-2027
TE MA MA WINES,TE MA MA WINES,SANDS  MATTHEW DOUGLAS,NAPA,Napa,CA,94558-1732,1386 SALVADOR AVE,20,00614668,28-FEB-2027
TENCH WINERY,TENCH WINERY,TENCH WINERY  LLC,NAPA,Napa,CA,94558-9745,7633 SILVERADO TRL,02,00579042,30-JUN-2027
TERRIEN WINES,TERRIEN WINES,TERRIEN CONSULTING  INC.,NAPA,Napa,CA,94559-2310,2041 3RD ST,17,00512443,31-JUL-2026
TERRIEN WINES,TERRIEN WINES,TERRIEN CONSULTING  INC.,NAPA,Napa,CA,94559-2310,2041 3RD ST,20,00512443,31-JUL-2026
THAI KITCHEN NAPA,THAI KITCHEN NAPA,THITI GROUP INC,NAPA,Napa,CA,94558-2910,1222 TRANCAS ST,41,00560123,31-JAN-2027
THE FOOD MILL KITCHEN,THE FOOD MILL KITCHEN,THE FOOD MILL KITCHEN LLC,NAPA,Napa,CA,94558-3015,704 TRANCAS ST,41,00662358,30-NOV-2026
THE HESS COLLECTION WINERY,THE HESS COLLECTION WINERY,THE HESS COLLECTION WINERY,NAPA,Napa,CA,94558-9708,4411 REDWOOD RD,02,00180373,30-JUN-2027
THE HESS COLLECTION WINERY,THE HESS COLLECTION WINERY,THE HESS COLLECTION WINERY,NAPA,Napa,CA,94558-9708,4411 REDWOOD RD,06,00180373,31-DEC-2026
THE HESS COLLECTION WINERY,THE HESS COLLECTION WINERY,THE HESS COLLECTION WINERY,NAPA,Napa,CA,94558-9708,4411 REDWOOD RD,10,00180373,31-MAY-2027
THE ST BARTS SPIRIT COMPANY,THE ST BARTS SPIRIT COMPANY,THE ST BARTS SPIRIT COMPANY,NAPA,Napa,CA,94558-6280,201 DEVLIN RD,05,00602202,31-AUG-2026
THE ST BARTS SPIRIT COMPANY,THE ST BARTS SPIRIT COMPANY,THE ST BARTS SPIRIT COMPANY,NAPA,Napa,CA,94558-6280,201 DEVLIN RD,12,00602202,31-AUG-2026
THE WATERFRONT SEAFOOD GRILL,THE WATERFRONT SEAFOOD GRILL,THE WATERFRONT SEAFOOD GRILL,NAPA,Napa,CA,94559-3381,720 MAIN ST,47,00627616,31-OCT-2026
THE WATERFRONT SEAFOOD GRILL,THE WATERFRONT SEAFOOD GRILL,THE WATERFRONT SEAFOOD GRILL,NAPA,Napa,CA,94559-3381,720 MAIN ST,47,00627616,31-OCT-2026
THE WINE STASH,THE WINE STASH,THE WINE STASH LLC,NAPA,Napa,CA,94558-3013,590 TRANCAS ST,17,00502580,31-DEC-2026
THE WINE STASH,THE WINE STASH,THE WINE STASH LLC,NAPA,Napa,CA,94558-3013,590 TRANCAS ST,20,00502580,31-DEC-2026
THREE CLICKS WINES,THREE CLICKS WINES,A GIRL A BOY & A GRAPE LLC,NAPA,Napa,CA,94559-3579,968 CAPITOLA DR,17,00461656,30-SEP-2026
THREE CLICKS WINES,THREE CLICKS WINES,A GIRL A BOY & A GRAPE LLC,NAPA,Napa,CA,94559-3579,968 CAPITOLA DR,20,00461656,30-SEP-2026
THREE STARS WINE,THREE STARS WINE,THREE STARS WINE  INC.,NAPA,Napa,CA,94558-7586,45 ENTERPRISE CT,02,00663606,30-JUN-2027
TOGNETTI FAMILY WINERY LLC,TOGNETTI FAMILY WINERY LLC,TOGNETTI FAMILY WINERY LLC,NAPA,Napa,CA,94559-9776,1054 BAYVIEW DR,02,00641222,30-JUN-2027
TOLOSA WINERY,TOLOSA WINERY,PHASE 2 CELLARS  LLC,NAPA,Napa,CA,94559-2929,1239-1245 1ST ST,02,00599656,30-JUN-2026
TOPAZ WINES,TOPAZ WINES,SOWELLS  DAWN ALICE,NAPA,Napa,CA,94558-1620,1755 MONARCH DR,20,00357612,28-FEB-2027
TOPAZ WINES,TOPAZ WINES,SOWELLS  DAWN ALICE,NAPA,Napa,CA,94558-1620,1755 MONARCH DR,17,00357612,31-AUG-2026
TOWER ROAD WINERY CO OP,TOWER ROAD WINERY CO OP,TOWER ROAD WINERY COOP,NAPA,Napa,CA,94558,241 TOWER RD,14,00151303,30-SEP-2026
TOWER ROAD WINERY CO OP,TOWER ROAD WINERY CO OP,TOWER ROAD WINERY COOP,NAPA,Napa,CA,94558,241 TOWER RD,22,00151303,30-JUN-2027
TREASURY WINE ESTATES AMERICAS COMPANY,,TREASURY WINE ESTATES AMERICAS COMPANY,NAPA,Napa,CA,94558,630 AIRPARK RD,02,00441498,30-JUN-2027
TRIM WINES,TRIM WINES,TRIM WINES LLC,NAPA,Napa,CA,94558-1100,4500 SILVERADO TRL,17,00661712,28-FEB-2027
TRIM WINES,TRIM WINES,TRIM WINES LLC,NAPA,Napa,CA,94558-1100,4500 SILVERADO TRL,20,00661712,28-FEB-2027
TROIKA WINES,TROIKA WINES,RIGGS  JEFFERY TROY,NAPA,Napa,CA,94558-2062,103 VALLEY CLUB CIR,17,00569568,30-JUN-2026
TROIKA WINES,TROIKA WINES,RIGGS  JEFFERY TROY,NAPA,Napa,CA,94558-2062,103 VALLEY CLUB CIR,20,00569568,30-JUN-2026
TRUE NORTH WINE MERCHANTS  LLC,,TRUE NORTH WINE MERCHANTS  LLC,NAPA,Napa,CA,94558-6732,95 WINEDALE LN,20,00565823,28-FEB-2027
TRUE NORTH WINE MERCHANTS  LLC,,TRUE NORTH WINE MERCHANTS  LLC,NAPA,Napa,CA,94558-6732,95 WINEDALE LN,17,00565823,28-FEB-2027
TRUE NORTH WINE MERCHANTS  LLC,,TRUE NORTH WINE MERCHANTS  LLC,NAPA,Napa,CA,94558-6732,95 WINEDALE LN,09,00565823,28-FEB-2027
TRUJILLO WINES,TRUJILLO WINES,TRUJILLO WINES  LLC,NAPA,Napa,CA,94558-1347,4326 BIG RANCH RD,02,00557737,30-JUN-2027
TULOCAY WINERY,TULOCAY WINERY,CADMAN  WILLIAM C,NAPA,Napa,CA,94558,1426 COOMBSVILLE RD,02,00183495,30-JUN-2027
TURLEY WINE CELLARS,TURLEY WINE CELLARS,TURLEY WINE CELLARS  INC,NAPA,Napa,CA,94558-6216,2747 NAPA VALLEY CORPORATE DR,02,00596933,30-JUN-2027
TWO SHADOWS WINE LLC,,TWO SHADOWS WINE LLC,NAPA,Napa,CA,94559-9742,1500 LOS CARNEROS AVE,02,00669366,30-JUN-2027
TYPICITE WINES,TYPICITE WINES,C&C WINE COMPANY  LLC,NAPA,Napa,CA,94558-6284,2654 NAPA VALLEY CORPORATE DR,02,00647510,30-JUN-2027
UNWRITTEN WINES,UNWRITTEN WINES,LOST CELLARS  LLC,NAPA,Napa,CA,94559-9713,1221 DUHIG RD,02,00645058,30-JUN-2026
VALENCIA MARKET Y TAQUERIA,VALENCIA MARKET Y TAQUERIA,VALENCIA  NICOLAS,NAPA,Napa,CA,94559-4719,1725 W IMOLA AVE,41,00561130,31-MAY-2026
VALLERGAS MARKETS,VALLERGAS MARKETS,VALLERGAS DRIVE IN MARKETS INC,NAPA,Napa,CA,94558-3203,3385 SOLANO AVE,21,00063130,
VALLEY LEGEND WINES,VALLEY LEGEND WINES,VALLEY LEGEND WINES,NAPA,Napa,CA,94558-2273,4239 MAHER ST,17,00565894,31-JUL-2026
VALLEY LEGEND WINES,VALLEY LEGEND WINES,VALLEY LEGEND WINES,NAPA,Napa,CA,94558-2273,4239 MAHER ST,20,00565894,31-JUL-2026
VALLEY LIQUOR,VALLEY LIQUOR,BHIMANI  SHAFIQUE ALI,NAPA,Napa,CA,94558-2021,2023 MONTICELLO RD,21,00523928,31-AUG-2026
VALS LIQUORS,VALS LIQUORS,BHIMANI  SHAFIQUE ALI,NAPA,Napa,CA,94559-4010,132 SOSCOL AVE,21,00472423,31-DEC-2026
VALS LIQUORS,VALS LIQUORS,VALS SPIRITS INC,NAPA,Napa,CA,94559,1531 3RD ST,21,00548642,30-SEP-2026
VAN DYK FAMILY WINES,VAN DYK FAMILY WINES,VAN DYK FAMILY WINES LLC,NAPA,Napa,CA,94558-2063,109 VALLEY CLUB CIR,17,00527158,30-NOV-2026
VAN DYK FAMILY WINES,VAN DYK FAMILY WINES,VAN DYK FAMILY WINES LLC,NAPA,Napa,CA,94558-2063,109 VALLEY CLUB CIR,20,00527158,30-NOV-2026
VERISMO WINE,VERISMO WINE,VERISMO WINE LLC,NAPA,Napa,CA,94558-1326,5055 SOLANO AVE,02,00567805,
VERMEIL WINE GROUP,VERMEIL WINE GROUP,VERMEIL WINE GROUP LLC,NAPA,Napa,CA,94558-2934,1018 1ST ST,02,00530168,30-JUN-2026
VICE WINES  THE,VICE WINES  THE,THE VICE WINES LLC,NAPA,Napa,CA,94558-6214,110-122 CAMINO ORUGA,02,00636231,30-JUN-2027
VICE WINES THE,VICE WINES THE,THE VICE WINES LLC,NAPA,Napa,CA,94558-6212,130 CAMINO DORADO,02,00636271,30-JUN-2027
VICTORIA COLEMAN WINES LLC,,VICTORIA COLEMAN WINES LLC,NAPA,Napa,CA,94558-9201,2275 SODA CANYON RD,02,00660726,30-JUN-2027
VIDA VALIENTE WINERY,VIDA VALIENTE WINERY,VIDA VALIENTE WINERY  LLC,NAPA,Napa,CA,94558-5945,2713 IOWA ST,02,00624525,30-JUN-2027
VILLA ITALIA GOURMET FOOD & WINE,VILLA ITALIA GOURMET FOOD & WINE,VILLA ITALIA GOURMET FOOD & WINE INC,NAPA,Napa,CA,94558-7519,80 TECHNOLOGY CT,18,00545956,30-JUN-2027
VILLA ITALIA GOURMET FOOD & WINE,VILLA ITALIA GOURMET FOOD & WINE,VILLA ITALIA GOURMET FOOD & WINE INC,NAPA,Napa,CA,94558-7519,80 TECHNOLOGY CT,12,00545956,30-JUN-2027
VINCENT ARROYO WINERY  INC.,VINCENT ARROYO WINERY  INC.,VINCENT ARROYO WINERY INC,NAPA,Napa,CA,94558-6216,2793 NAPA VALLEY CORPORATE DR,02,00446528,
VINCENT ARROYO WINERY  INC.,VINCENT ARROYO WINERY  INC.,VINCENT ARROYO WINERY INC,NAPA,Napa,CA,94558-6216,2793 NAPA VALLEY CORPORATE DR,02,00446528,30-JUN-2027
VINE CLIFF WINERY,VINE CLIFF WINERY,VINE CLIFF WINERY INC,NAPA,Napa,CA,94558-9425,7400 SILVERADO TRL,02,00302773,
VINTAGE WINE MARKETING,VINTAGE WINE MARKETING,VINTAGE WINE MARKETING INC,NAPA,Napa,CA,94558-3952,42 EL MONTE WAY,17,00433953,30-NOV-2026
VINTAGE WINE MARKETING,VINTAGE WINE MARKETING,VINTAGE WINE MARKETING INC,NAPA,Napa,CA,94558-3952,42 EL MONTE WAY,20,00433953,30-NOV-2026
VINTAGE WINE MARKETING,VINTAGE WINE MARKETING,VINTAGE WINE MARKETING INC,NAPA,Napa,CA,94558-3952,42 EL MONTE WAY,02,00433953,30-JUN-2026
VINTAGE WINE MARKETING,VINTAGE WINE MARKETING,VINTAGE WINE MARKETING INC,NAPA,Napa,CA,94558-3952,42 EL MONTE WAY,09,00433953,30-NOV-2026
VITUS WINE GROUP,VITUS WINE GROUP,LAYNE  ELIZABETH MARIE,NAPA,Napa,CA,94559-2615,1031 MCKINSTRY ST,02,00610454,30-JUN-2027
VITUS WINE GROUP,VITUS WINE GROUP,LAYNE  ELIZABETH MARIE,NAPA,Napa,CA,94558-6216,2731 & 2747 NAPA VALLEY CORPORATE DR,02,00608949,30-JUN-2027
VOLKER EISELE FAMILY ESTATE WINERY,VOLKER EISELE FAMILY ESTATE WINERY,VOLKER EISELE FAMILY ESTATE  LLC,NAPA,Napa,CA,94558-1326,5055 SOLANO AVE,02,00636051,30-JUN-2027
W WINERY INC,W WINERY INC,W WINERY INC,NAPA,Napa,CA,94558,3268 VILLA LN,17,00316361,31-MAR-2027
WAH SING CHINESE RESTAURANT,WAH SING CHINESE RESTAURANT,HSU  JASON,NAPA,Napa,CA,94559-4723,1445 W IMOLA AVE,41,00535637,31-OCT-2026
WAL MART STORE 2925,WAL MART STORE 2925,WALMART INC.,NAPA,Napa,CA,94558-3612,681 LINCOLN AVE,21,00372076,30-JUN-2027
WAL MART STORE 2925,WAL MART STORE 2925,WALMART INC.,NAPA,Napa,CA,94558-3612,681 LINCOLN AVE,86,00372076,30-JUN-2027
WALDELE FAMILY WINES LLC,,WALDELE FAMILY WINES LLC,NAPA,Napa,CA,94559-3623,270 KREUZER LN,02,00659643,30-JUN-2027
WALDEN WINE,WALDEN WINE,WALDEN WINE LLC,NAPA,Napa,CA,94559-3744,1594 CINNAMOND ST,17,00667281,30-APR-2027
WALDEN WINE,WALDEN WINE,WALDEN WINE LLC,NAPA,Napa,CA,94559-3744,1594 CINNAMOND ST,20,00667281,30-APR-2027
WARD FOUR WINES,WARD FOUR WINES,WARD FOUR WINES LLC,NAPA,Napa,CA,94558-3621,683 STONEHOUSE DR,17,00648110,30-JUN-2027
WARD FOUR WINES,WARD FOUR WINES,WARD FOUR WINES LLC,NAPA,Napa,CA,94558-3621,683 STONEHOUSE DR,20,00648110,30-JUN-2027
WE THE PEOPLE WINES,WE THE PEOPLE WINES,RPC BRANDS LLC,NAPA,Napa,CA,94558-6214,110-122 CAMINO ORUGA,02,00629222,30-JUN-2027
WENYON WINERY,WENYON WINERY,WENYON VINEYARDS  LLC,NAPA,Napa,CA,94558-1302,4205 BIG RANCH RD,17,00646480,31-MAR-2027
WENYON WINERY,WENYON WINERY,WENYON VINEYARDS  LLC,NAPA,Napa,CA,94558-1302,4205 BIG RANCH RD,20,00646480,31-MAR-2027
WEST COAST WINE GROUP  LLC,WEST COAST WINE GROUP  LLC,WEST COAST WINE GROUP  LLC,NAPA,Napa,CA,94558-9732,8461 ST HELENA HWY,17,00561966,31-JAN-2027
WEST COAST WINE GROUP  LLC,WEST COAST WINE GROUP  LLC,WEST COAST WINE GROUP  LLC,NAPA,Napa,CA,94558-9732,8461 ST HELENA HWY,20,00561966,31-JAN-2027
WESTERN DRIVE WINES,WESTERN DRIVE WINES,WESTERN DRIVE WINES LLC,NAPA,Napa,CA,94558-2403,2060 BIG RANCH RD,17,00595638,31-JUL-2026
WESTERN DRIVE WINES,WESTERN DRIVE WINES,WESTERN DRIVE WINES LLC,NAPA,Napa,CA,94558-2403,2060 BIG RANCH RD,20,00595638,31-JUL-2026
WESTERN DRIVE WINES,WESTERN DRIVE WINES,WESTERN DRIVE WINES LLC,NAPA,Napa,CA,94558-2403,2060 BIG RANCH RD,09,00595638,31-JUL-2026
WESTERN WINE SERVICES  INC.,WESTERN WINE SERVICES  INC.,WESTERN WINE SERVICES INC,NAPA,Napa,CA,94558-6280,37 EXECUTIVE WAY,14,00569842,31-JAN-2027
WESTERN WINE SERVICES  INC.,WESTERN WINE SERVICES  INC.,WESTERN WINE SERVICES INC,NAPA,Napa,CA,94558-6280,37 EXECUTIVE WAY,22,00569842,30-JUN-2027
WHETSTONE WINE CELLARS,WHETSTONE WINE CELLARS,WHETSTONE WINE CELLARS LLC,NAPA,Napa,CA,94558-1326,5055 SOLANO AVE,02,00482474,
WHETSTONE WINE CELLARS,WHETSTONE WINE CELLARS,WHETSTONE WINE CELLARS LLC,NAPA,Napa,CA,94558-1501,1075 ATLAS PEAK RD,02,00526442,
WHETSTONE WINE CELLARS,WHETSTONE WINE CELLARS,WHETSTONE WINE CELLARS LLC,NAPA,Napa,CA,94558-1326,5055 SOLANO AVE,02,00482474,
WHETSTONE WINE CELLARS,WHETSTONE WINE CELLARS,WHETSTONE WINE CELLARS LLC,NAPA,Napa,CA,94558-1501,1075 ATLAS PEAK RD,02,00526442,
WHETSTONE WINE CELLARS,WHETSTONE WINE CELLARS,WHETSTONE WINE CELLARS LLC,NAPA,Napa,CA,94558-1501,1075 ATLAS PEAK RD,02,00526442,30-JUN-2027
WHETSTONE WINE CELLARS,WHETSTONE WINE CELLARS,WHETSTONE WINE CELLARS LLC,NAPA,Napa,CA,94558-1326,5055 SOLANO AVE,02,00482474,30-JUN-2027
WHITMAN FAMILY WINES,WHITMAN FAMILY WINES,GEOFFREY J WHITMAN LLC,NAPA,Napa,CA,94559-3580,254 BUTTERCUP CT,17,00546536,30-JUN-2026
WHITMAN FAMILY WINES,WHITMAN FAMILY WINES,GEOFFREY J WHITMAN LLC,NAPA,Napa,CA,94559-3580,254 BUTTERCUP CT,20,00546536,30-JUN-2026
WHOLE FOODS MARKET,WHOLE FOODS MARKET,WHOLE FOODS MARKET CALIFORNIA INC,NAPA,Napa,CA,94558-2831,3682 BEL AIRE PLZ,21,00446811,30-NOV-2026
WHOLE FOODS MARKET,WHOLE FOODS MARKET,WHOLE FOODS MARKET CALIFORNIA INC,NAPA,Napa,CA,94558-2831,3682 BEL AIRE PLZ,86,00446811,30-NOV-2026
WILFRED'S LOUNGE,WILFRED'S LOUNGE,JN RIVER VIEW  LLC,NAPA,Napa,CA,94559-2620,967 1ST ST,47,00625208,31-JUL-2026
WILFRED'S LOUNGE,WILFRED'S LOUNGE,JN RIVER VIEW  LLC,NAPA,Napa,CA,94559-2620,967 1ST ST,58,00625208,31-JUL-2026
WILLIAM KNUTTEL WINERY,WILLIAM KNUTTEL WINERY,ARCANA LLC,NAPA,Napa,CA,94558,23 BLACKBERRY DR,02,00415833,30-JUN-2027
WINE BLOCKS,WINE BLOCKS,MEADE  MICHAEL ANTHONY,NAPA,Napa,CA,94559-3837,355 FRANKLIN ST,17,00532325,31-JUL-2026
WINE BLOCKS,WINE BLOCKS,MEADE  MICHAEL ANTHONY,NAPA,Napa,CA,94559-3837,355 FRANKLIN ST,20,00532325,31-JUL-2026
WINE BUZZ MARKETING,WINE BUZZ MARKETING,UDOFF  ELLEN B,NAPA,Napa,CA,94559-2214,2250 3RD ST,16,00463149,28-FEB-2027
WINE COUNTRY CONNECTION  LLC,,WINE COUNTRY CONNECTION  LLC,NAPA,Napa,CA,94558-6280,201 DEVLIN RD,02,00594511,30-JUN-2027
WINE FOUNDRY  THE,WINE FOUNDRY  THE,VIGNETTE WINERY  LLC,NAPA,Napa,CA,94558-7590,55 ENTERPRISE CT,02,00558347,30-JUN-2027
WINE FOUNDRY  THE,WINE FOUNDRY  THE,VIGNETTE WINERY  LLC,NAPA,Napa,CA,94558-7586,45 ENTERPRISE CT,02,00548588,30-JUN-2027
WINE FOUNDRY  THE,WINE FOUNDRY  THE,VIGNETTE WINERY  LLC,NAPA,Napa,CA,94558-7586,45 ENTERPRISE CT,17,00548588,31-MAR-2027
WINE FOUNDRY  THE,WINE FOUNDRY  THE,VIGNETTE WINERY  LLC,NAPA,Napa,CA,94558-7586,45 ENTERPRISE CT,09,00548588,31-MAR-2027
WINE FOUNDRY  THE,WINE FOUNDRY  THE,VIGNETTE WINERY  LLC,NAPA,Napa,CA,94558-7586,45 ENTERPRISE CT,81,00548588,30-JUN-2027
WINE FOUNDRY THE,WINE FOUNDRY THE,VIGNETTE WINERY  LLC,NAPA,Napa,CA,94558,850 BORDEAUX WAY,02,00594342,30-JUN-2027
WINE GIRL NAPA VALLEY,WINE GIRL NAPA VALLEY,WINE GIRL LLC,NAPA,Napa,CA,94559-2959,1321 1ST ST,41,00638969,30-SEP-2026
WINE INTEREST LLC,WINE INTEREST LLC,WINE INTEREST  LLC,NAPA,Napa,CA,94558-6241,1566 AIRPORT BLVD,17,00613105,30-SEP-2026
WINE INTEREST LLC,WINE INTEREST LLC,WINE INTEREST  LLC,NAPA,Napa,CA,94558-6241,1566 AIRPORT BLVD,20,00613105,30-SEP-2026
WINE INTEREST LLC,WINE INTEREST LLC,WINE INTEREST  LLC,NAPA,Napa,CA,94558-6241,1566 AIRPORT BLVD,09,00613105,30-SEP-2026
WINE RETRIEVER LLC,WINE RETRIEVER LLC,BALTIC PORTER WORKS LLC,NAPA,Napa,CA,94558-7535,520 AIRPARK RD,02,00648886,30-JUN-2027
WINE RETRIEVER LLC,WINE RETRIEVER LLC,BALTIC PORTER WORKS LLC,NAPA,Napa,CA,94558-7535,520 AIRPARK RD,09,00648886,30-JUN-2027
WINE SERVICE CO OP,WINE SERVICE CO OP,WINE SERVICE COOPERATIVE,NAPA,Napa,CA,94558-7520,60 HARLOW CT,14,00348240,31-DEC-2026
WINE SERVICE CO OP,WINE SERVICE CO OP,WINE SERVICE COOPERATIVE,NAPA,Napa,CA,94558-7520,60 HARLOW CT,22,00348240,30-JUN-2027
WINE SERVICE COOPERATIVE,,WINE SERVICE COOPERATIVE,NAPA,Napa,CA,94558-6356,1325 AIRPORT BLVD,14,00564905,31-JAN-2027
WINE SERVICE COOPERATIVE,,WINE SERVICE COOPERATIVE,NAPA,Napa,CA,94558-6356,1325 AIRPORT BLVD,22,00564905,30-JUN-2027
WINE TRUST  THE,WINE TRUST  THE,HERITAGE ROAD VINTNERS LLC,NAPA,Napa,CA,94558-7516,660 AIRPARK RD,20,00540663,30-JUN-2026
WINE TRUST  THE,WINE TRUST  THE,HERITAGE ROAD VINTNERS LLC,NAPA,Napa,CA,94558-7516,660 AIRPARK RD,17,00540663,30-JUN-2026
WINE TRUST  THE,WINE TRUST  THE,GIRONDE CUSTOMS BROKERAGE LLC,NAPA,Napa,CA,94558-6216,2731 & 2747 NAPA VALLEY CORPORATE DR,02,00604082,30-JUN-2026
WINE TRUST  THE,WINE TRUST  THE,HERITAGE ROAD VINTNERS LLC,NAPA,Napa,CA,94558-7516,660 AIRPARK RD,09,00540663,30-JUN-2026
WINE TRUST THE,WINE TRUST THE,HERITAGE ROAD VINTNERS LLC,NAPA,Napa,CA,94558-7516,660 AIRPARK RD,09,00540663,
WINE TRUST THE,WINE TRUST THE,HERITAGE ROAD VINTNERS LLC,NAPA,Napa,CA,94558-7516,660 AIRPARK RD,20,00540663,
WINE TRUST THE,WINE TRUST THE,HERITAGE ROAD VINTNERS LLC,NAPA,Napa,CA,94558-7516,660 AIRPARK RD,17,00540663,
WINEBEV SERVICES,WINEBEV SERVICES,UNITED CEREBRAL PALSY OF THE NORTH BAY INC,NAPA,Napa,CA,94558-7513,500 TECHNOLOGY WAY,14,00486285,30-SEP-2026
WINEBEV SERVICES,WINEBEV SERVICES,UNITED CEREBRAL PALSY OF THE NORTH BAY INC,NAPA,Napa,CA,94558-7513,500 TECHNOLOGY WAY,22,00486285,30-JUN-2027
WINEBID,WINEBID,NEW WINEBID  INC.,NAPA,Napa,CA,94558-7510,755 SKYWAY CT,17,00637422,31-JUL-2026
WINEBID,WINEBID,NEW WINEBID  INC.,NAPA,Napa,CA,94558-7510,755 SKYWAY CT,20,00637422,31-JUL-2026
WINEBID,WINEBID,NEW WINEBID  INC.,NAPA,Napa,CA,94558-7510,755 SKYWAY CT,09,00637422,31-JUL-2026
WINECARE LOGISTICS,WINECARE LOGISTICS,WINECARE LOGISTICS INC,NAPA,Napa,CA,94558-7589,561 TECHNOLOGY WAY,14,00596499,28-FEB-2027
WINEKEY,WINEKEY,INNER CIRCLE  INC.,NAPA,Napa,CA,94558-5424,3249 BROWNS VALLEY RD,09,00671594,31-OCT-2026
WINEKEY,WINEKEY,INNER CIRCLE  INC.,NAPA,Napa,CA,94558-6216,2731 & 2747 NAPA VALLEY CORPORATE DR,02,00671583,30-JUN-2027
WINEKEY,WINEKEY,INNER CIRCLE  INC.,NAPA,Napa,CA,94558-5424,3249 BROWNS VALLEY RD,17,00671594,31-OCT-2026
WINEKEY,WINEKEY,INNER CIRCLE  INC.,NAPA,Napa,CA,94558-5424,3249 BROWNS VALLEY RD,20,00671594,31-OCT-2026
WINERY EXCHANGE,WINERY EXCHANGE,WINERY EXCHANGE INC,NAPA,Napa,CA,94558-7541,2515 NAPA VALLEY CORPORATE DR,02,00604478,
WINERY EXCHANGE,WINERY EXCHANGE,WINERY EXCHANGE INC,NAPA,Napa,CA,94558-7541,2515 NAPA VALLEY CORPORATE DR,02,00604478,30-JUN-2027
WINES THAT ROCK,WINES THAT ROCK,SPIRITS THAT ROCK  INC.,NAPA,Napa,CA,94558-6255,115 DEVLIN RD,17,00661626,30-SEP-2026
WINES THAT ROCK,WINES THAT ROCK,SPIRITS THAT ROCK  INC.,NAPA,Napa,CA,94558-6255,115 DEVLIN RD,20,00661626,30-SEP-2026
WINESHIPPING,WINESHIPPING,WINESHIPPING.COM LLC,NAPA,Napa,CA,94558-7519,50 TECHNOLOGY CT,14,00520565,30-APR-2027
WINESHIPPING,WINESHIPPING,WINESHIPPING.COM LLC,NAPA,Napa,CA,94558-7519,50 TECHNOLOGY CT,22,00520565,30-JUN-2027
WINESHIPPING.COM  LLC,WINESHIPPING.COM  LLC,WINESHIPPING.COM LLC,NAPA,Napa,CA,94558-7519,50-80 TECHNOLOGY CT,14,00520565,
WINESHOP AT HOME,WINESHOP AT HOME,1 800 WINESHOP COM INC,NAPA,Napa,CA,94558-7514,525 AIRPARK RD,09,00528860,
WINESHOP AT HOME,WINESHOP AT HOME,1 800 WINESHOP COM INC,NAPA,Napa,CA,94558-6216,2747 NAPA VALLEY CORPORATE DR,02,00581684,30-JUN-2026
WINESHOP AT HOME,WINESHOP AT HOME,1 800 WINESHOP COM INC,NAPA,Napa,CA,94558-7514,525 AIRPARK RD,02,00528860,
WINESHOP AT HOME,WINESHOP AT HOME,1 800 WINESHOP COM INC,NAPA,Napa,CA,94558-7514,525 AIRPARK RD,17,00528860,
WINESHOP AT HOME,WINESHOP AT HOME,1 800 WINESHOP COM INC,NAPA,Napa,CA,94558-7514,525 AIRPARK RD,20,00528860,
WINESHOP AT HOME,WINESHOP AT HOME,1 800 WINESHOP COM INC,NAPA,Napa,CA,94558-6216,2747 NAPA VALLEY CORPORATE DR,02,00581684,
WINETECH LLC,,WINETECH LLC,NAPA,Napa,CA,94558-7541,2515 NAPA VALLEY CORPORATE DR,06,00480338,31-JUL-2027
WINSTONS CAFE AND BAKERY,WINSTONS CAFE AND BAKERY,CLEO'S BAKERY LLC,NAPA,Napa,CA,94559-2808,1517 3RD ST,47,00627605,31-JUL-2027
WORLD MARKET,WORLD MARKET,COST PLUS INC,NAPA,Napa,CA,94558-2834,3934 BEL AIRE PLZ,20,00409182,
WORLD MARKET,WORLD MARKET,COST PLUS INC,NAPA,Napa,CA,94558-2834,3934 BEL AIRE PLZ,86,00409182,
WORLD MARKET,WORLD MARKET,WORLD MARKET  LLC,NAPA,Napa,CA,94558-2834,3934 BEL AIRE PLZ,20,00633994,28-FEB-2027
WORLD MARKET,WORLD MARKET,WORLD MARKET  LLC,NAPA,Napa,CA,94558-2834,3934 BEL AIRE PLZ,86,00633994,28-FEB-2027
WORLD OF WINE  LTD.,WORLD OF WINE  LTD.,WORLD OF WINE  LTD.,NAPA,Napa,CA,94558-7590,55 ENTERPRISE CT,02,00607545,30-JUN-2027
WP WINE IMPORTS INC,,WP WINE IMPORTS INC,NAPA,Napa,CA,94558-7510,745 SKYWAY CT,09,00640818,31-DEC-2026
WP WINE IMPORTS INC,,WP WINE IMPORTS INC,NAPA,Napa,CA,94558-7510,745 SKYWAY CT,12,00640818,31-DEC-2026
WP WINE IMPORTS INC,,WP WINE IMPORTS INC,NAPA,Napa,CA,94558-7510,745 SKYWAY CT,17,00640818,31-DEC-2026
WP WINE IMPORTS INC,,WP WINE IMPORTS INC,NAPA,Napa,CA,94558-7510,745 SKYWAY CT,18,00640818,31-DEC-2026
WP WINE IMPORTS INC,,WP WINE IMPORTS INC,NAPA,Napa,CA,94558-7510,745 SKYWAY CT,20,00640818,31-DEC-2026
WRIGHTWOOD WINE,WRIGHTWOOD WINE,WRIGHTWOOD WINE LLC,NAPA,Napa,CA,94559-1206,1129 LEGION AVE,85,00643372,31-DEC-2026
X WINERY,X WINERY,AMICUS CELLARS LLC,NAPA,Napa,CA,94558-6214,110-122 CAMINO ORUGA,02,00510645,
X WINERY,X WINERY,AMICUS CELLARS LLC,NAPA,Napa,CA,94558-6187,1075 GOLDEN GATE DR,02,00510644,
X WINERY,X WINERY,AMICUS CELLARS LLC,NAPA,Napa,CA,94558-6187,1075 GOLDEN GATE DR,17,00510644,
X WINERY,X WINERY,AMICUS CELLARS LLC,NAPA,Napa,CA,94558-6187,1075 GOLDEN GATE DR,20,00510644,
X WINERY,X WINERY,AMICUS CELLARS LLC,NAPA,Napa,CA,94558-6212,130 CAMINO DORADO,02,00510956,
X WINERY,X WINERY,AMICUS CELLARS II  LLC,NAPA,Napa,CA,94558-7517,576 GATEWAY DR,02,00559707,30-JUN-2027
X WINERY,X WINERY,AMICUS CELLARS II  LLC,NAPA,Napa,CA,94558-6216,2731 & 2747 NAPA VALLEY CORPORATE DR,02,00584241,30-JUN-2027
X WINERY,X WINERY,AMICUS CELLARS II  LLC,NAPA,Napa,CA,94558-6216,2731 & 2747 NAPA VALLEY CORPORATE DR,09,00584241,30-JUN-2027
X WINERY,X WINERY,AMICUS CELLARS II  LLC,NAPA,Napa,CA,94558-7517,576 GATEWAY DR,09,00559707,30-JUN-2027
X WINERY,X WINERY,AMICUS CELLARS II  LLC,NAPA,Napa,CA,94558-7517,576 GATEWAY DR,02,00559707,
X WINERY,X WINERY,AMICUS CELLARS II  LLC,NAPA,Napa,CA,94558-7517,576 GATEWAY DR,09,00559707,
X WINERY,X WINERY,AMICUS CELLARS LLC,NAPA,Napa,CA,94558-6187,1075 GOLDEN GATE DR,09,00510644,
X WINERY,X WINERY,AMICUS CELLARS II  LLC,NAPA,Napa,CA,94558-6280,201 DEVLIN RD,02,00558254,
YAK AND YETI RESTAURANT,YAK AND YETI RESTAURANT,HIMALAYAN YAK AND YETI CORPORATION,NAPA,Napa,CA,94558-4924,3150 B JEFFERSON ST,47,00642000,30-NOV-2026
YB WINE VENTURES LLC,,YB WINE VENTURES LLC,NAPA,Napa,CA,94558-9752,1115 LOMA VISTA DR,02,00649458,30-JUN-2026
YORK CREEK WINERY LLC,YORK CREEK WINERY LLC,YORK CREEK WINERY LLC,NAPA,Napa,CA,94558-7590,55 ENTERPRISE CT,02,00600348,30-JUN-2027
YORK CREEK WINERY LLC,YORK CREEK WINERY LLC,YORK CREEK WINERY LLC,NAPA,Napa,CA,94558-7586,45 ENTERPRISE CT,02,00600349,30-JUN-2027
YOUNTVILLE WINE IMPORTS  LLC,,YOUNTVILLE WINE IMPORTS  LLC,NAPA,Napa,CA,94558-6288,902 ENTERPRISE WAY,17,00530197,28-FEB-2027
YOUNTVILLE WINE IMPORTS  LLC,,YOUNTVILLE WINE IMPORTS  LLC,NAPA,Napa,CA,94558-6288,902 ENTERPRISE WAY,09,00530197,28-FEB-2027
YOUR WINE COUNTRY EVENT,YOUR WINE COUNTRY EVENT,RJB STORES LLC,NAPA,Napa,CA,94558-7527,630 AIRPARK RD,41,00597343,31-MAR-2027
ZD WINES,ZD WINES,ZD WINES  LLC,NAPA,Napa,CA,94558,8383 SILVERADO TRL,02,00378433,30-JUN-2027
ZD WINES,ZD WINES,ZD WINES  LLC,NAPA,Napa,CA,94558,8383 SILVERADO TRL,81,00378433,30-JUN-2027
ACRE WINES,ACRE WINES,OLD LODGE  LLC,OAKVILLE,Napa,CA,94562,7830-40 ST HELENA HWY,02,00592837,30-JUN-2027
ATLAS WINE COMPANY,ATLAS WINE COMPANY,ATLAS WINE COMPANY  LLC,OAKVILLE,Napa,CA,94562,8210 ST HELENA HWY,02,00550847,
AWINECO,AWINECO,AWINECO INC.,OAKVILLE,Napa,CA,94562,7830 ST HELENA HWY,02,00635645,30-JUN-2027
CARDINALE WINERY,CARDINALE WINERY,JACKSON FAMILY WINES INC,OAKVILLE,Napa,CA,94562,7600 ST HELENA HWY,02,00468634,30-JUN-2027
CARDINALE WINERY,CARDINALE WINERY,JACKSON FAMILY WINES INC,OAKVILLE,Napa,CA,94562,7600 ST HELENA HWY,93,00468634,30-JUN-2027
FAR NIENTE WINE ESTATES,FAR NIENTE WINE ESTATES,FN CELLARS  LLC,OAKVILLE,Napa,CA,94562,1350 ACACIA DR,02,00542677,30-JUN-2027
FAR NIENTE WINE ESTATES,FAR NIENTE WINE ESTATES,FN CELLARS  LLC,OAKVILLE,Napa,CA,94562,1350 ACACIA DR,06,00542677,31-MAR-2027
FAR NIENTE WINERY,FAR NIENTE WINERY,FAR NIENTE WINERY INC,OAKVILLE,Napa,CA,94562,1350 ACACIA DR,02,00301310,
FAR NIENTE WINERY INC,FAR NIENTE WINERY INC,FAR NIENTE WINERY INC,OAKVILLE,Napa,CA,94562,8164 ST HELENA HWY,02,00402228,
GROTH VINEYARDS AND WINERY  LLC,,GROTH VINEYARDS AND WINERY  LLC,OAKVILLE,Napa,CA,94562,750 OAKVILLE CROSS RD,02,00347198,30-JUN-2027
GROTH VINEYARDS AND WINERY  LLC,,GROTH VINEYARDS AND WINERY  LLC,OAKVILLE,Napa,CA,94562,750 OAKVILLE CROSS RD,02,00347198,
HARLAN ESTATE WINERY,HARLAN ESTATE WINERY,HARLAN ESTATE WINERY INC,OAKVILLE,Napa,CA,94562,1551 OAKVILLE GRADE,02,00340121,30-JUN-2027
HARLAN ESTATE WINERY,HARLAN ESTATE WINERY,HARLAN ESTATE WINERY INC,OAKVILLE,Napa,CA,94562,1601 OAKVILLE GRADE,02,00577641,30-JUN-2027
HARLAN ESTATE WINERY,HARLAN ESTATE WINERY,HARLAN ESTATE WINERY INC,OAKVILLE,Napa,CA,94562,1567 OAKVILLE GRADE,02,00577635,30-JUN-2027
HARLAN ESTATE WINERY,HARLAN ESTATE WINERY,HARLAN ESTATE WINERY INC,OAKVILLE,Napa,CA,94562,1551 OAKVILLE GRADE,02,00340121,
HOOPES VINEYARD AND WINERY,HOOPES VINEYARD AND WINERY,HOOPES VINEYARD LLC,OAKVILLE,Napa,CA,94562,7830-40 ST HELENA HWY,02,00608766,30-JUN-2027
LEVENDI WINERY,LEVENDI WINERY,LEVENDI  LLC,OAKVILLE,Napa,CA,94562,7830-40 ST HELENA HWY,02,00553454,30-JUN-2027
MATHEW BRUNO WINES  LLC,,MATHEW BRUNO WINES  LLC,OAKVILLE,Napa,CA,94562,7830-40 ST HELENA HWY,02,00670234,30-JUN-2026
MICHAEL POZZAN WINERY,MICHAEL POZZAN WINERY,BETTER BRANDS INTERNATIONAL,OAKVILLE,Napa,CA,94562,7830-40 ST HELENA HWY,02,00352279,
MICHAEL POZZAN WINERY,MICHAEL POZZAN WINERY,BETTER BRANDS INTERNATIONAL,OAKVILLE,Napa,CA,94562,7830-40 ST HELENA HWY,02,00352279,30-JUN-2026
MICHAEL POZZAN WINERY,MICHAEL POZZAN WINERY,BETTER BRANDS INTERNATIONAL,OAKVILLE,Napa,CA,94562,7830-40 ST HELENA HWY,93,00352279,30-JUN-2026
MT VEEDER WINERY,MT VEEDER WINERY,TPWC  INC.,OAKVILLE,Napa,CA,94562,7801 ST HELENA HWY,02,00669942,30-JUN-2027
NAPA WINE COMPANY,NAPA WINE COMPANY,OAKVILLE WINERY ACQUISITION GROUP L-PSHIP,OAKVILLE,Napa,CA,94562,7830-40 ST HELENA HWY,02,00280275,
NAPA WINE COMPANY,NAPA WINE COMPANY,NAPA WINE COMPANY LLC,OAKVILLE,Napa,CA,94562,7830-40 ST HELENA HWY,02,00421287,30-JUN-2027
NAPA WINE COMPANY,NAPA WINE COMPANY,OAKVILLE WINERY ACQUISITION GROUP L-PSHIP,OAKVILLE,Napa,CA,94562,7830-40 ST HELENA HWY,02,00280275,30-JUN-2027
NAPA WINE COMPANY,NAPA WINE COMPANY,OAKVILLE WINERY ACQUISITION GROUP L-PSHIP,OAKVILLE,Napa,CA,94562,7830-40 ST HELENA HWY,06,00280275,30-APR-2027
NICKEL & NICKEL WINERY,NICKEL & NICKEL WINERY,FN CELLARS  LLC,OAKVILLE,Napa,CA,94562,8164 ST HELENA HWY,02,00542700,30-JUN-2027
NOVA WINES,NOVA WINES,NOVA WINES INC,OAKVILLE,Napa,CA,94562,7830-40 ST HELENA HWY,02,00311576,
NOVA WINES,NOVA WINES,NOVA WINES INC,OAKVILLE,Napa,CA,94562,7830-40 ST HELENA HWY,02,00311576,30-JUN-2026
NOVA WINES INC,NOVA WINES INC,NOVA WINES INC,OAKVILLE,Napa,CA,94562,7830-40 ST HELENA HWY,02,00311576,
OBSESSION WINE COMPANY,OBSESSION WINE COMPANY,OBSESSION WINE COMPANY,OAKVILLE,Napa,CA,94562,7701 SILVERADO TRAIL,17,00424034,31-JUL-2026
OBSESSION WINE COMPANY,OBSESSION WINE COMPANY,OBSESSION WINE COMPANY,OAKVILLE,Napa,CA,94562,7701 SILVERADO TRAIL,20,00424034,31-JUL-2026
OPUS ONE WINERY,OPUS ONE WINERY,OPUS ONE WINERY LLC,OAKVILLE,Napa,CA,94562,7900 ST HELENA HWY,02,00441076,30-JUN-2027
OPUS ONE WINERY,OPUS ONE WINERY,OPUS ONE WINERY LLC,OAKVILLE,Napa,CA,94562,7900 ST HELENA HWY,09,00441076,30-JUN-2027
PARADIGM WINERY,PARADIGM WINERY,PARADIGM WINERY LLC,OAKVILLE,Napa,CA,94562,1277 DWYER RD,02,00668870,30-JUN-2027
PARADIGM WINERY,PARADIGM WINERY,PARADIGM WINERY LLC,OAKVILLE,Napa,CA,94562,1200 DWYER RD,14,00668871,30-SEP-2026
PARADIGM WINERY,PARADIGM WINERY,PARADIGM WINERY LLC,OAKVILLE,Napa,CA,94562,1200 DWYER RD,02,00668871,30-JUN-2027
PATENT WINES,PATENT WINES,PATENT WINE COMPANY  LLC,OAKVILLE,Napa,CA,94562,7830-40 ST HELENA HWY,02,00659641,30-JUN-2027
PICKETT ROAD WINE COMPANY,PICKETT ROAD WINE COMPANY,PICKETT ROAD WINE COMPANY LLC,OAKVILLE,Napa,CA,94562,7830-40 ST HELENA HWY,02,00661914,30-JUN-2026
PLUMPJACK WINERY,PLUMPJACK WINERY,VILLA ENCINAL PARTNERS  L.P.,OAKVILLE,Napa,CA,94562,620 OAKVILLE CROSS RD,02,00307412,30-JUN-2027
PLUMPJACK WINERY,PLUMPJACK WINERY,VILLA ENCINAL PARTNERS  L.P.,OAKVILLE,Napa,CA,94562,620 OAKVILLE CROSS RD,02,00307412,
ROBERT MONDAVI WINERY,ROBERT MONDAVI WINERY,CONSTELLATION BRANDS U.S. OPERATIONS  INC.,OAKVILLE,Napa,CA,94562,7801 ST HELENA HWY,02,00508303,30-JUN-2027
ROBERT MONDAVI WINERY,ROBERT MONDAVI WINERY,CONSTELLATION BRANDS U.S. OPERATIONS  INC.,OAKVILLE,Napa,CA,94562,7801 ST HELENA HWY,09,00508303,30-JUN-2027
RUDD WINERY,RUDD WINERY,RUDD WINES  INC.,OAKVILLE,Napa,CA,94562,500 OAKVILLE CROSS RD,02,00416933,30-JUN-2026
RUDD WINES INC,RUDD WINES INC,RUDD WINES  INC.,OAKVILLE,Napa,CA,94562,500 OAKVILLE CROSS RD,02,00416933,
SHINME WINES LLC,,SHINME WINES LLC,OAKVILLE,Napa,CA,94562,7776 SILVERADO TRL,02,00668831,30-JUN-2027
SILVER OAK WINE CELLARS,SILVER OAK WINE CELLARS,SILVER OAK WINE CELLARS  LLC,OAKVILLE,Napa,CA,94562,915 OAKVILLE CROSS RD,02,00579431,30-JUN-2027
TURNBULL WINE CELLARS,,TURNBULL WINE CELLARS,OAKVILLE,Napa,CA,94562,8210 ST HELENA HWY,02,00280276,30-JUN-2027
CALLA LILY ESTATE & WINERY,CALLA LILY ESTATE & WINERY,CALLA LILY ESTATE & WINERY LLC,POPE VALLEY,Napa,CA,94567-9408,6307 POPE VALLEY RD,02,00538597,30-JUN-2026
CLEAVAGE CREEK WINERY,CLEAVAGE CREEK WINERY,SILICATEC RENTALS INC,POPE VALLEY,Napa,CA,94567-9408,6307 POPE VALLEY RD,02,00500693,
JAMES CREEK WINES INC,JAMES CREEK WINES INC,JAMES CREEK WINES INC,POPE VALLEY,Napa,CA,94567,2249 JAMES CREEK RD,17,00377564,
JAMES CREEK WINES INC,JAMES CREEK WINES INC,JAMES CREEK WINES INC,POPE VALLEY,Napa,CA,94567,2249 JAMES CREEK RD,20,00377564,
PARADY FAMILY WINES,PARADY FAMILY WINES,PARADY FAMILY WINES L.L.C.,POPE VALLEY,Napa,CA,94567-9408,6307 POPE VALLEY RD,02,00617554,30-JUN-2027
PARADY FAMILY WINES,PARADY FAMILY WINES,PARADY FAMILY WINES L.L.C.,POPE VALLEY,Napa,CA,94567-9418,1199 AETNA SPRINGS RD,02,00521220,30-JUN-2027
POPE VALLEY MARKET,POPE VALLEY MARKET,HB POPE VALLEY  LLC,POPE VALLEY,Napa,CA,94567,5820 POPE VALLEY RD,20,00653910,28-FEB-2027
POPE VALLEY WINERY,POPE VALLEY WINERY,POPE VALLEY WINERY LLC,POPE VALLEY,Napa,CA,94567-9409,6613 POPE VALLEY RD,02,00519251,
POPE VALLEY WINERY,POPE VALLEY WINERY,POPE VALLEY WINERY LLC,POPE VALLEY,Napa,CA,94567-9409,6613 POPE VALLEY RD,02,00519251,30-JUN-2027
POPE VALLEY WINERY,POPE VALLEY WINERY,POPE VALLEY WINERY LLC,POPE VALLEY,Napa,CA,94567-9409,6613 POPE VALLEY RD,81,00519251,30-JUN-2027
RIOS WINE COMPANY LLC,RIOS WINE COMPANY LLC,RIOS WINE COMPANY LLC,POPE VALLEY,Napa,CA,94567-9419,1803 AETNA SPRINGS RD,02,00664063,30-JUN-2027
WHISKY RIVER RANCH WINERY,WHISKY RIVER RANCH WINERY,WHISKY RIVER RANCH WINERY  LLC,POPE VALLEY,Napa,CA,94567-9789,1844 POPE CANYON RD,02,00523414,30-JUN-2026
ALPHA & OMEGA WINERY,ALPHA & OMEGA WINERY,ALPHA OMEGA WINERY  LLC,RUTHERFORD,Napa,CA,94573,1155 MEE LN,02,00437277,
ALPHA OMEGA WINERY,ALPHA OMEGA WINERY,ALPHA OMEGA WINERY  LLC,RUTHERFORD,Napa,CA,94573,1155 MEE LN,02,00437277,
ALPHA OMEGA WINERY,ALPHA OMEGA WINERY,ALPHA OMEGA WINERY  LLC,RUTHERFORD,Napa,CA,94573,1155 MEE LN,02,00437277,30-JUN-2027
CAYMUS-CALIFORNIA WINERY LLC,,CAYMUS-CALIFORNIA WINERY LLC,RUTHERFORD,Napa,CA,94573,8700 CONN CREEK RD,02,00658271,30-JUN-2027
EMMOLO WINERY,EMMOLO WINERY,EMMOLO RIVER RANCH LLC,RUTHERFORD,Napa,CA,94573,8700 CONN CREEK RD,02,00597202,30-JUN-2027
FAVIA WINES,FAVIA WINES,FH WINES LLC,RUTHERFORD,Napa,CA,94573,1601 SILVERADO TRL,02,00650203,30-JUN-2027
FROGS LEAP WINERY,FROGS LEAP WINERY,FROGS LEAP WINERY,RUTHERFORD,Napa,CA,94573,8815 CONN CREEK RD,02,00294257,30-JUN-2026
FROGS LEAP WINERY,FROGS LEAP WINERY,FROGS LEAP WINERY,RUTHERFORD,Napa,CA,94573,8815 CONN CREEK RD,02,00294257,
HONIG VINEYARD AND WINERY,HONIG VINEYARD AND WINERY,HONIG VINEYARD AND WINERY LLC,RUTHERFORD,Napa,CA,94573,850 RUTHERFORD RD,02,00344781,
HONIG VINEYARD AND WINERY,HONIG VINEYARD AND WINERY,HONIG VINEYARD AND WINERY LLC,RUTHERFORD,Napa,CA,94573,850 RUTHERFORD RD,02,00344781,30-JUN-2027
LA LUNA MARKET & TAQUERIA,LA LUNA MARKET & TAQUERIA,LUNA FOODS CORPORATION,RUTHERFORD,Napa,CA,94573,1153 RUTHERFORD RD,20,00101827,31-JUL-2026
PEJU FAMILY WINERY,PEJU FAMILY WINERY,PEJU FAMILY OPERATING PARTNERSHIP  LP,RUTHERFORD,Napa,CA,94573,8466 ST HELENA HWY,02,00530843,30-JUN-2027
PRISONER WINE COMPANY  THE,PRISONER WINE COMPANY  THE,TPWC  INC.,RUTHERFORD,Napa,CA,94573,1178 GALLERON RD,02,00080779,30-JUN-2027
PRISONER WINE COMPANY  THE,PRISONER WINE COMPANY  THE,TPWC  INC.,RUTHERFORD,Napa,CA,94573,1178 GALLERON RD,10,00080779,30-JUN-2027
QUINTESSA WINERY,QUINTESSA WINERY,HUNEEUS WINES LLC,RUTHERFORD,Napa,CA,94573,1601 SILVERADO TRL,09,00611349,31-DEC-2026
QUINTESSA WINERY,QUINTESSA WINERY,HUNEEUS WINES LLC,RUTHERFORD,Napa,CA,94573,1601 SILVERADO TRL,02,00611349,30-JUN-2026
QUINTESSA WINERY,QUINTESSA WINERY,HUNEEUS WINES LLC,RUTHERFORD,Napa,CA,94573,1601 SILVERADO TRL,17,00611349,31-DEC-2026
QUINTESSA WINERY,QUINTESSA WINERY,HUNEEUS WINES LLC,RUTHERFORD,Napa,CA,94573,1601 SILVERADO TRL,20,00611349,31-DEC-2026
QUINTESSA WINERY,QUINTESSA WINERY,HUNEEUS VINTNERS LLC,RUTHERFORD,Napa,CA,94573,1601 SILVERADO TRL,02,00387667,
ROUND POND WINES,ROUND POND WINES,ROUND POND ESTATE  LLC,RUTHERFORD,Napa,CA,94573,877 RUTHERFORD RD,02,00424373,30-JUN-2027
ROUND POND WINES,ROUND POND WINES,ROUND POND ESTATE  LLC,RUTHERFORD,Napa,CA,94573,875 RUTHERFORD RD,02,00454617,30-JUN-2027
RUTHERFORD GRILL,RUTHERFORD GRILL,HILLSTONE RESTAURANT GROUP INC,RUTHERFORD,Napa,CA,94573,1180 RUTHERFORD RD,47,00293645,31-DEC-2026
RUTHERFORD HILL WINERY,RUTHERFORD HILL WINERY,RUTHERFORD HILL WINERY,RUTHERFORD,Napa,CA,94573,200 RUTHERFORD HILL RD,02,00322417,30-JUN-2027
RUTHERFORD HILL WINERY,RUTHERFORD HILL WINERY,RUTHERFORD HILL WINERY,RUTHERFORD,Napa,CA,94573,200 RUTHERFORD HILL RD,09,00322417,30-JUN-2027
RUTHERFORD HILL WINERY,RUTHERFORD HILL WINERY,RUTHERFORD HILL WINERY,RUTHERFORD,Napa,CA,94573,200 RUTHERFORD HILL RD,93,00322417,30-JUN-2027
SCARECROW WINE,SCARECROW WINE,J.J. COHN ESTATE  LLC,RUTHERFORD,Napa,CA,94573,1481 NIEBAUM LN,17,00406119,
SCARECROW WINE,SCARECROW WINE,J.J. COHN ESTATE  LLC,RUTHERFORD,Napa,CA,94573,1481 NIEBAUM LN,20,00406119,
SCARECROW WINE,SCARECROW WINE,J.J. COHN ESTATE  LLC,RUTHERFORD,Napa,CA,94573,1481 NIEBAUM LN,02,00406119,30-JUN-2027
ST SUPERY ESTATE VINEYARDS & WINERY,ST SUPERY ESTATE VINEYARDS & WINERY,ST. SUPERY  INC.,RUTHERFORD,Napa,CA,94573,8440 ST HELENA HWY,02,00216799,
ST SUPERY ESTATE VINEYARDS & WINERY,ST SUPERY ESTATE VINEYARDS & WINERY,ST. SUPERY  INC.,RUTHERFORD,Napa,CA,94573,8440 ST HELENA HWY,02,00216799,30-JUN-2027
ST SUPERY ESTATE VINEYARDS & WINERY,ST SUPERY ESTATE VINEYARDS & WINERY,ST. SUPERY  INC.,RUTHERFORD,Napa,CA,94573,8440 ST HELENA HWY,20,00216799,30-NOV-2026
ST SUPERY ESTATE VINEYARDS & WINERY,ST SUPERY ESTATE VINEYARDS & WINERY,ST. SUPERY  INC.,RUTHERFORD,Napa,CA,94573,8440 ST HELENA HWY,17,00216799,30-NOV-2026
ST SUPERY ESTATE VINEYARDS & WINERY,ST SUPERY ESTATE VINEYARDS & WINERY,ST. SUPERY  INC.,RUTHERFORD,Napa,CA,94573,8440 ST HELENA HWY,09,00216799,30-JUN-2027
ST SUPERY ESTATE VINEYARDS & WINERY,ST SUPERY ESTATE VINEYARDS & WINERY,ST. SUPERY  INC.,RUTHERFORD,Napa,CA,94573,8440 ST HELENA HWY,81,00216799,30-JUN-2027
ST SUPERY ESTATE VINEYARDS & WINERY,ST SUPERY ESTATE VINEYARDS & WINERY,ST. SUPERY  INC.,RUTHERFORD,Napa,CA,94573,8440 ST HELENA HWY,93,00216799,30-JUN-2027
ST SUPERY ESTATE VINEYARDS & WINERY,ST SUPERY ESTATE VINEYARDS & WINERY,ST. SUPERY  INC.,RUTHERFORD,Napa,CA,94573,8440 ST HELENA HWY,09,00216799,
ST SUPERY ESTATE VINEYARDS & WINERY,ST SUPERY ESTATE VINEYARDS & WINERY,ST. SUPERY  INC.,RUTHERFORD,Napa,CA,94573,8440 ST HELENA HWY,81,00216799,
SWANSON VINEYARDS AND WINERY,SWANSON VINEYARDS AND WINERY,VINTAGE WINE ESTATES  INC.,RUTHERFORD,Napa,CA,94573,1271 MANLEY LN,02,00561833,
TOLOSA WINERY,TOLOSA WINERY,PHASE 2 CELLARS  LLC,RUTHERFORD,Napa,CA,94573,1155 MEE LN,02,00633302,30-JUN-2026
WHEELER WINERY INC,,WHEELER WINERY INC,RUTHERFORD,Napa,CA,94573-9203,1165 & 1171 RUTHERFORD RD,02,00652802,30-JUN-2027
8687 FAMILY WINE COMPANY,8687 FAMILY WINE COMPANY,8687 FAMILY WINE COMPANY  LLC,SAINT HELENA,Napa,CA,94574,1701 MADRONA AVE,02,00535472,30-JUN-2026
ABIOUNESS WINES,ABIOUNESS WINES,ABIOUNESS WINES LLC,SAINT HELENA,Napa,CA,94574-9663,3524 SILVERADO TRL N,02,00627270,30-JUN-2027
ABIOUNESS WINES,ABIOUNESS WINES,ABIOUNESS WINES LLC,SAINT HELENA,Napa,CA,94574-2320,2610 PINOT WAY,17,00601676,31-JUL-2026
ABIOUNESS WINES,ABIOUNESS WINES,ABIOUNESS WINES LLC,SAINT HELENA,Napa,CA,94574-2320,2610 PINOT WAY,20,00601676,31-JUL-2026
ACME FINE WINES,ACME FINE WINES,LAUNCH PAD WINES  LLC,SAINT HELENA,Napa,CA,94574-1120,1118 HUNT AVE,20,00648559,
ACME FINE WINES,ACME FINE WINES,LAUNCH PAD WINES  LLC,SAINT HELENA,Napa,CA,94574-1120,1118 HUNT AVE,42,00648559,
ACME FINE WINES,ACME FINE WINES,LAUNCH PAD WINES  LLC,SAINT HELENA,Napa,CA,94574-1120,1118 HUNT AVE,58,00648559,
ACME FINE WINES,ACME FINE WINES,LAUNCH PAD WINES  LLC,SAINT HELENA,Napa,CA,94574-1120,1118 HUNT AVE,20,00648559,31-JAN-2027
ACME FINE WINES,ACME FINE WINES,LAUNCH PAD WINES  LLC,SAINT HELENA,Napa,CA,94574-1120,1118 HUNT AVE,42,00648559,31-JAN-2027
ACME FINE WINES,ACME FINE WINES,LAUNCH PAD WINES  LLC,SAINT HELENA,Napa,CA,94574-1120,1118 HUNT AVE,58,00648559,31-JAN-2027
ALOFT WINES & DARK MATTER WINES,ALOFT WINES & DARK MATTER WINES,MONDAVI SISTERS COLLECTION LLC,SAINT HELENA,Napa,CA,94574-9706,3125 ST HELENA HWY N,02,00577507,30-JUN-2027
AMIZETTA VINEYARDS WINERY,AMIZETTA VINEYARDS WINERY,AMIZETTA VINEYARDS WINERY LLC,SAINT HELENA,Napa,CA,94574,1099 GREENFIELD RD,02,00651247,30-JUN-2026
AMPL WINE INC.,AMPL WINE INC.,AMPL WINE INC,SAINT HELENA,Napa,CA,94574,1880 RIDGEVIEW LN,20,00609076,31-OCT-2026
AMPL WINE INC.,AMPL WINE INC.,AMPL WINE INC,SAINT HELENA,Napa,CA,94574,1880 RIDGEVIEW LN,17,00609076,31-OCT-2026
AMULET ESTATE AND WINES,AMULET ESTATE AND WINES,AMULET ESTATE LLC,SAINT HELENA,Napa,CA,94574-9664,230 N CRYSTAL SPRINGS RD,02,00568624,
AMULET ESTATE AND WINES,AMULET ESTATE AND WINES,AMULET ESTATE LLC,SAINT HELENA,Napa,CA,94574-9664,230 N CRYSTAL SPRINGS RD,02,00568624,30-JUN-2027
ANGELO OWENS WINES,ANGELO OWENS WINES,ANGELO OWENS WINES LLC,SAINT HELENA,Napa,CA,94574-9589,4105 CHILES POPE VALLEY RD,02,00649279,30-JUN-2027
ANTIX WINES,ANTIX WINES,KILLER JUICE  LLC,SAINT HELENA,Napa,CA,94574-9810,3730 SILVERADO TRL N,02,00591742,30-JUN-2027
AONAIR WINE,AONAIR WINE,GLJR WINE LLC,SAINT HELENA,Napa,CA,94574-9651,647 GREENFIELD RD,02,00556270,30-JUN-2027
APOGIA WINES,APOGIA WINES,GEMINI STRATEGIES  INC.,SAINT HELENA,Napa,CA,94574-1737,1860 SPRING MOUNTAIN RD,17,00658886,30-SEP-2026
APOGIA WINES,APOGIA WINES,GEMINI STRATEGIES  INC.,SAINT HELENA,Napa,CA,94574-1737,1860 SPRING MOUNTAIN RD,20,00658886,30-SEP-2026
AUBURN JAMES WINERY LLC,AUBURN JAMES WINERY LLC,THE KNOLLS  LIMITED LIABILITY COMPANY,SAINT HELENA,Napa,CA,94574-9693,1001 SILVERADO TRL S,02,00589526,30-JUN-2026
AUREA ESTATE WINES,AUREA ESTATE WINES,AUREA ESTATE WINES INCORPORATED,SAINT HELENA,Napa,CA,94574-2356,1733 FIR HILL DR,17,00467242,30-JUN-2027
AUREA ESTATE WINES,AUREA ESTATE WINES,AUREA ESTATE WINES INCORPORATED,SAINT HELENA,Napa,CA,94574-2356,1733 FIR HILL DR,20,00467242,30-JUN-2027
AXR WINERY,AXR WINERY,THVS CORPORATION,SAINT HELENA,Napa,CA,94574-9589,4105 CHILES POPE VALLEY RD,02,00623039,30-JUN-2027
AXR WINERY,AXR WINERY,THVS CORPORATION,SAINT HELENA,Napa,CA,94574-9507,3199 SAINT HELENA HWY N,02,00613718,30-JUN-2027
AXR WINERY,AXR WINERY,THVS CORPORATION,SAINT HELENA,Napa,CA,94574-9792,1155 MEE LN,02,00562042,
AZTECA MARKET,AZTECA MARKET,BOGARIN  ERNESTO,SAINT HELENA,Napa,CA,94574-2006,789 MAIN ST,41,00516234,30-NOV-2026
AZUR WINES,AZUR WINES,AZUR WINES LLC,SAINT HELENA,Napa,CA,94574-9589,4105 CHILES POPE VALLEY RD,02,00646692,30-JUN-2027
BARLOW VINEYARDS,BARLOW VINEYARDS,BARLOW VINEYARDS LLC,SAINT HELENA,Napa,CA,94574-9655,2820 SAINT HELENA HWY N,02,00653346,30-JUN-2026
BARNETT VINEYARDS,BARNETT VINEYARDS,BARNETT VINEYARDS  L.P.,SAINT HELENA,Napa,CA,94574-9773,4070 SPRING MOUNTAIN RD,02,00523614,30-JUN-2027
BARNETT VINEYARDS,BARNETT VINEYARDS,BARNETT VINEYARDS  L.P.,SAINT HELENA,Napa,CA,94574-9773,4070 SPRING MOUNTAIN RD,09,00523614,30-JUN-2027
BARNETT VINEYARDS,BARNETT VINEYARDS,BARNETT VINEYARDS  L.P.,SAINT HELENA,Napa,CA,94574-9773,4070 SPRING MOUNTAIN RD,93,00523614,30-JUN-2027
BEHRENS FAMILY WINERY,BEHRENS FAMILY WINERY,BEHRENS  LESLIE ERNEST,SAINT HELENA,Napa,CA,94574-9773,4078 SPRING MOUNTAIN RD,02,00443304,30-JUN-2026
BELLA UNION WINERY,BELLA UNION WINERY,FN CELLARS  LLC,SAINT HELENA,Napa,CA,94574-9777,1695 SAINT HELENA HIGHWAY S,02,00641676,30-JUN-2027
BELLA UNION WINERY,BELLA UNION WINERY,FN CELLARS  LLC,SAINT HELENA,Napa,CA,94574-9777,1695 SAINT HELENA HIGHWAY S,06,00641676,30-APR-2027
BLUE OASIS WINES,BLUE OASIS WINES,SPADAROTTO  KATHLEEN JONES,SAINT HELENA,Napa,CA,94574-2307,2649 CHABLIS CT,17,00550992,30-NOV-2026
BLUE OASIS WINES,BLUE OASIS WINES,SPADAROTTO  KATHLEEN JONES,SAINT HELENA,Napa,CA,94574-2307,2649 CHABLIS CT,20,00550992,30-NOV-2026
BOB BOLAN WINES,BOB BOLAN WINES,BOLAN  ROBERT  EUGENE,SAINT HELENA,Napa,CA,94574-9527,975 DEER PARK RD,02,00555255,30-JUN-2027
BREMER FAMILY WINERY,BREMER FAMILY WINERY,THE BREMER GROUP  LLC,SAINT HELENA,Napa,CA,94574-9527,975 DEER PARK RD,02,00623197,30-JUN-2027
BRETON WINE COMPANY INC,,BRETON WINE COMPANY INC,SAINT HELENA,Napa,CA,94574-1409,995 VINTAGE AVE,22,00654154,30-JUN-2026
BROOKMAN WINE CO,BROOKMAN WINE CO,BROOKMAN  GARY BRIAN,SAINT HELENA,Napa,CA,94574-1714,1334 ANDREA AVE,02,00430601,30-JUN-2026
BURE FAMILY WINES,BURE FAMILY WINES,BURE FAMILY WINES  INC.,SAINT HELENA,Napa,CA,94574,2899 ST HELENA HWY N,02,00550168,30-JUN-2027
BURE FAMILY WINES,BURE FAMILY WINES,BURE FAMILY WINES  INC.,SAINT HELENA,Napa,CA,94574-9608,3111 SAINT HELENA HWY N,02,00664622,30-JUN-2027
BURE FAMILY WINES,BURE FAMILY WINES,BURE FAMILY WINES  INC.,SAINT HELENA,Napa,CA,94574-9706,3125 ST HELENA HWY N,02,00646204,30-JUN-2027
BURLY WINE,BURLY WINE,MCCRORIE FAMILY VINEYARD LLC,SAINT HELENA,Napa,CA,94574-9693,1001 SILVERADO TRL S,02,00646909,30-JUN-2027
C BECK WINERY/TIN MAN WINES,C BECK WINERY/TIN MAN WINES,C BECK LLC,SAINT HELENA,Napa,CA,94574-1209,1136 EDWARDS ST,02,00416616,
CAIN VINEYARD & WINERY,CAIN VINEYARD & WINERY,CAIN CELLARS  INC.,SAINT HELENA,Napa,CA,94574-9772,3800 LANGTRY RD,02,00265010,
CAIN VINEYARD & WINERY,CAIN VINEYARD & WINERY,CAIN CELLARS  INC.,SAINT HELENA,Napa,CA,94574-9772,3800 LANGTRY RD,02,00265010,30-JUN-2026
CAIRDEAN BRASSWOOD CAFE LLC,CAIRDEAN BRASSWOOD CAFE LLC,CAIRDEAN CAFE  LLC,SAINT HELENA,Napa,CA,94574-9608,3111 N SAINT HELENA HWY,21,00557604,
CAIRDEAN BRASSWOOD CAFE LLC,CAIRDEAN BRASSWOOD CAFE LLC,CAIRDEAN CAFE  LLC,SAINT HELENA,Napa,CA,94574-9608,3111 N SAINT HELENA HWY,21,00557604,31-AUG-2026
CALAFIA WINES,CALAFIA WINES,JOHNSON  RANDLE G,SAINT HELENA,Napa,CA,94574-1014,629 FULTON LN,02,00426986,30-JUN-2027
CAMINO WINES,CAMINO WINES,BORCHARDT  TADEO ALBERTO,SAINT HELENA,Napa,CA,94574-9641,2153 SAGE CANYON RD,02,00676355,30-JUN-2026
CATACULA LAKE WINERY,CATACULA LAKE WINERY,CATACULA LAKE WINERY LLC,SAINT HELENA,Napa,CA,94574-9589,4105 CHILES POPE VALLEY RD,02,00465488,
CATERWAUL WINES,CATERWAUL WINES,ROYAL WE LLC,SAINT HELENA,Napa,CA,94574-9810,3730 SILVERADO TRL,02,00633244,30-JUN-2027
CATERWAUL WINES,CATERWAUL WINES,ROYAL WE LLC,SAINT HELENA,Napa,CA,94574-2010,929 MAIN ST,02,00668364,30-JUN-2027
CHAPPELLET WINERY,CHAPPELLET WINERY,CHAPPELLET WINERY  INC.,SAINT HELENA,Napa,CA,94574-9628,1581 SAGE CANYON RD,02,00096565,
CHAPPELLET WINERY,CHAPPELLET WINERY,CHAPPELLET WINERY  INC.,SAINT HELENA,Napa,CA,94574-9628,1581 SAGE CANYON RD,02,00096565,
CHAPPELLET WINERY,CHAPPELLET WINERY,CHAPPELLET WINERY  INC.,SAINT HELENA,Napa,CA,94574-9628,1581 SAGE CANYON RD,02,00096565,30-JUN-2026
CHARLES KRUG WINERY,CHARLES KRUG WINERY,C. MONDAVI & FAMILY,SAINT HELENA,Napa,CA,94574-9502,2800 MAIN ST,02,00010686,
CHARLES KRUG WINERY,CHARLES KRUG WINERY,C. MONDAVI & FAMILY,SAINT HELENA,Napa,CA,94574-9502,2800 MAIN ST,09,00010686,
CHARLES KRUG WINERY,CHARLES KRUG WINERY,C. MONDAVI & FAMILY,SAINT HELENA,Napa,CA,94574-9502,2800 MAIN ST,02,00010686,
CHARLES KRUG WINERY,CHARLES KRUG WINERY,C. MONDAVI & FAMILY,SAINT HELENA,Napa,CA,94574-9502,2800 MAIN ST,02,00010686,30-JUN-2027
CHARLES KRUG WINERY,CHARLES KRUG WINERY,C. MONDAVI & FAMILY,SAINT HELENA,Napa,CA,94574-9502,2800 MAIN ST,09,00010686,30-JUN-2027
CHARLES KRUG WINERY,CHARLES KRUG WINERY,C. MONDAVI & FAMILY,SAINT HELENA,Napa,CA,94574-9502,2800 MAIN ST,09,00010686,
CHARTER OAK RESTAURANT,CHARTER OAK RESTAURANT,CHARTER OAK RESTAURANT  LLC,SAINT HELENA,Napa,CA,94574,1050 CHARTER OAK AVE,47,00568009,30-JUN-2027
CHARTER OAK RESTAURANT,CHARTER OAK RESTAURANT,CHARTER OAK RESTAURANT  LLC,SAINT HELENA,Napa,CA,94574,1050 CHARTER OAK AVE,58,00568009,30-JUN-2027
CHARTER OAK WINERY,CHARTER OAK WINERY,FANUCCI.CHARTER OAK WINERY & VINEYARDS LLC,SAINT HELENA,Napa,CA,94574-1311,831 CHARTER OAK AVE,20,00565507,31-JAN-2027
CHARTER OAK WINERY,CHARTER OAK WINERY,FANUCCI.CHARTER OAK WINERY & VINEYARDS LLC,SAINT HELENA,Napa,CA,94574-1311,831 CHARTER OAK AVE,17,00565507,31-JAN-2027
CHATEAU BOSWELL WINERY,CHATEAU BOSWELL WINERY,RTB MANAGEMENT LLC,SAINT HELENA,Napa,CA,94574-9662,3468 SILVERADO TRL N,02,00500460,30-JUN-2026
CHEFS MARKET INC,CHEFS MARKET INC,CHEFS MARKET INC,SAINT HELENA,Napa,CA,94574-1904,1347 MAIN ST,47,00469054,31-AUG-2026
CHEFS MARKET INC,CHEFS MARKET INC,CHEFS MARKET INC,SAINT HELENA,Napa,CA,94574-1904,1347 MAIN ST,58,00469054,31-AUG-2026
CHPRATT WINE,CHPRATT WINE,CHPRATT WINE  LLC,SAINT HELENA,Napa,CA,94574-9651,647 GREENFIELD RD,02,00584173,30-JUN-2026
CLIF FAMILY WINERY,CLIF FAMILY WINERY,CLIF FAMILY WINERY AND FARM  LLC,SAINT HELENA,Napa,CA,94574-2020,1334 VIDOVICH AVE,02,00617671,30-JUN-2027
CORISON WINERY,CORISON WINERY,CORISON WINERY INC,SAINT HELENA,Napa,CA,94574-2267,987 ST HELENA HWY,02,00356255,30-JUN-2027
CORISON WINERY INC,CORISON WINERY INC,CORISON WINERY INC,SAINT HELENA,Napa,CA,94574-1456,1150 DOWDELL LN,02,00356745,30-JUN-2027
CORISON WINERY INC,CORISON WINERY INC,CORISON WINERY INC,SAINT HELENA,Napa,CA,94574,1427 KEARNEY ST,02,00356258,30-JUN-2027
CORRA WINES,CORRA WINES,CELIA WELCH WINES LLC,SAINT HELENA,Napa,CA,94574-2307,2661 CHABLIS CT,02,00656012,30-JUN-2027
CROCKER & STARR WINERY,CROCKER & STARR WINERY,CROCKER AND STARR WINE COMPANY  INC.,SAINT HELENA,Napa,CA,94574-1417,700 DOWDELL LN,02,00667378,30-JUN-2027
D R STEPHENS ESTATE WINES,D R STEPHENS ESTATE WINES,D R STEPHENS ESTATE WINES LLC,SAINT HELENA,Napa,CA,94574-9663,3524 SILVERADO TRL N,02,00509860,30-JUN-2026
DAKOTA SHY WINERY,DAKOTA SHY WINERY,DAKOTA-SHY WINE CO  LLC,SAINT HELENA,Napa,CA,94574-9797,771 SAGE CANYON RD,02,00571277,
DAKOTA SHY WINERY,DAKOTA SHY WINERY,DAKOTA-SHY WINE CO  LLC,SAINT HELENA,Napa,CA,94574-9797,771 SAGE CANYON RD,02,00571277,30-JUN-2027
DALECIO FAMILY WINES,DALECIO FAMILY WINES,DALECIO FAMILY WINES  LLC,SAINT HELENA,Napa,CA,94574-9706,3125 ST HELENA HWY N,02,00583607,30-JUN-2026
DALECIO FAMILY WINES  LLC,DALECIO FAMILY WINES  LLC,DALECIO FAMILY WINES  LLC,SAINT HELENA,Napa,CA,94574-9608,3111 ST HELENA HWY N,02,00615722,30-JUN-2026
DAVIS & DYKE WINERY,DAVIS & DYKE WINERY,MIRA WINERY LLC,SAINT HELENA,Napa,CA,94574-1631,105 ZINFANDEL LN,02,00485671,
DE LOACH WINERY,DE LOACH WINERY,WHEELER WINERY INC,SAINT HELENA,Napa,CA,94574-1645,849 ZINFANDEL LN,02,00508509,30-JUN-2027
DELECTUS WINERY,DELECTUS WINERY,VINTAGE WINE ESTATES  INC.,SAINT HELENA,Napa,CA,94574-2268,1091 ST HELENA HWY S,02,00576332,
DELECTUS WINERY,DELECTUS WINERY,VINTAGE WINE ESTATES  INC.,SAINT HELENA,Napa,CA,94574-2268,1091 ST HELENA HWY S,02,00576332,
DEPICTION WINES,DEPICTION WINES,ANNADEL WINERY LLC,SAINT HELENA,Napa,CA,94574-1819,1414 HUDSON AVE,17,00509069,31-MAR-2027
DEPICTION WINES,DEPICTION WINES,ANNADEL WINERY LLC,SAINT HELENA,Napa,CA,94574-1819,1414 HUDSON AVE,20,00509069,31-MAR-2027
DEPICTION WINES,DEPICTION WINES,ANNADEL WINERY LLC,SAINT HELENA,Napa,CA,94574-1819,1414 HUDSON AVE,09,00509069,31-MAR-2027
DICKSON FAMILY WINES,DICKSON FAMILY WINES,DICKSON  SANDRA KAYE,SAINT HELENA,Napa,CA,94574-9741,742 SUNNYSIDE RD,02,00516466,30-JUN-2027
EGELHOFF WINES,EGELHOFF WINES,EGELHOFF  ROBERT JAMES,SAINT HELENA,Napa,CA,94574,1397 SYLVANER AVE,20,00377222,31-JUL-2026
EGELHOFF WINES,EGELHOFF WINES,EGELHOFF  ROBERT JAMES,SAINT HELENA,Napa,CA,94574,1397 SYLVANER AVE,17,00377222,31-JUL-2026
EHREN JORDAN WINE CELLARS,EHREN JORDAN WINE CELLARS,EHREN JORDAN WINE CELLARS  LLC,SAINT HELENA,Napa,CA,94574-9660,3358 ST HELENA HWY,02,00514589,
EHREN JORDAN WINE CELLARS,EHREN JORDAN WINE CELLARS,EHREN JORDAN WINE CELLARS  LLC,SAINT HELENA,Napa,CA,94574-9660,3358 ST HELENA HWY,02,00514589,30-JUN-2027
EL MOLINO WINERY,EL MOLINO WINERY,EL MOLINO WINERY LLC,SAINT HELENA,Napa,CA,94574-9660,3315 ST HELENA HWY,02,00451585,30-JUN-2027
ELATION WINES INC.,ELATION WINES INC.,ELATION WINES INC.,SAINT HELENA,Napa,CA,94574-9693,1001 SILVERADO TRL S,02,00672233,30-JUN-2027
EMERSON WINES,EMERSON WINES,EMERSON WINES,SAINT HELENA,Napa,CA,94574-9701,2929 ST HELENA HWY N,02,00522972,30-JUN-2027
EMMOLO WINE COMPANY,EMMOLO WINE COMPANY,EMMOLO RIVER RANCH LLC,SAINT HELENA,Napa,CA,94574,1260 SPRING BROOK CT,17,00386943,
EMMOLO WINE COMPANY,EMMOLO WINE COMPANY,EMMOLO RIVER RANCH LLC,SAINT HELENA,Napa,CA,94574,1260 SPRING BROOK CT,20,00386943,
ENCROACHMENT WINES LLC,ENCROACHMENT WINES LLC,ENCROACHMENT WINES  LLC,SAINT HELENA,Napa,CA,94574-2312,2624 COLOMBARD CT,02,00590584,30-JUN-2027
FAILLA WINES,FAILLA WINES,EHREN JORDAN WINE CELLARS  LLC,SAINT HELENA,Napa,CA,94574-9663,3530 SILVERADO TRL N,02,00514587,
FAILLA WINES,FAILLA WINES,EHREN JORDAN WINE CELLARS  LLC,SAINT HELENA,Napa,CA,94574-9663,3530 SILVERADO TRL N,02,00514587,30-JUN-2027
FARMSTEAD RESTAURANT,FARMSTEAD RESTAURANT,FARMSTEAD LLC,SAINT HELENA,Napa,CA,94574-2005,738 MAIN ST,47,00553809,31-DEC-2026
FARMSTEAD RESTAURANT,FARMSTEAD RESTAURANT,FARMSTEAD LLC,SAINT HELENA,Napa,CA,94574-2005,738 MAIN ST,47,00553809,31-DEC-2026
FE WINES,FE WINES,CV WINE LLC,SAINT HELENA,Napa,CA,94574-9710,3473 ST HELENA HWY N,02,00597116,30-JUN-2027
FEARLESS WINES,FEARLESS WINES,FEARLESS LLC,SAINT HELENA,Napa,CA,94574-1772,1840 QUAIL CT,17,00627985,31-OCT-2026
FEARLESS WINES,FEARLESS WINES,FEARLESS LLC,SAINT HELENA,Napa,CA,94574-1772,1840 QUAIL CT,20,00627985,31-OCT-2026
FIVE VINTNERS WINES,FIVE VINTNERS WINES,FIVE VINTNERS WINES LLC,SAINT HELENA,Napa,CA,94574-1749,1985 VINEYARD AVE,17,00419851,31-DEC-2026
FIVE VINTNERS WINES,FIVE VINTNERS WINES,FIVE VINTNERS WINES LLC,SAINT HELENA,Napa,CA,94574-1749,1985 VINEYARD AVE,20,00419851,31-DEC-2026
FIVE VINTNERS WINES,FIVE VINTNERS WINES,FIVE VINTNERS WINES LLC,SAINT HELENA,Napa,CA,94574-1749,1985 VINEYARD AVE,02,00419851,30-JUN-2026
FLEURY ESTATE WINERY,FLEURY ESTATE WINERY,METROPOLITAN WINES LLC,SAINT HELENA,Napa,CA,94574,950 GALLERON RD,02,00401216,30-JUN-2027
FLORA SPRING WINE CO,FLORA SPRING WINE CO,FLORA SPRINGS WINE COMPANY,SAINT HELENA,Napa,CA,94574-2209,677 S ST HELENA HWY,02,00330461,
FLORA SPRINGS WINE COMPANY,FLORA SPRINGS WINE COMPANY,FLORA SPRINGS WINE COMPANY,SAINT HELENA,Napa,CA,94574-1460,430 LAFATA ST,02,00626646,30-JUN-2026
FLUENT WINE CO,FLUENT WINE CO,FLUENT WINE COMPANY LLC,SAINT HELENA,Napa,CA,94574-1417,700 DOWDELL LN,02,00654652,30-JUN-2026
FLUENT WINE COMPANY LLC,,FLUENT WINE COMPANY LLC,SAINT HELENA,Napa,CA,94574-1205,1153 EDWARDS ST,02,00616081,30-JUN-2026
FOLIO WINE PARTNERS,FOLIO WINE PARTNERS,FOLIO WINE COMPANY  LLC,SAINT HELENA,Napa,CA,94574-9706,3125 ST HELENA HWY N,02,00639813,30-JUN-2027
FOLIO WINE PARTNERS,FOLIO WINE PARTNERS,FOLIO WINE COMPANY  LLC,SAINT HELENA,Napa,CA,94574-9608,3111 ST HELENA HWY N,02,00639814,30-JUN-2027
FORTUNATE SON WINES  LLC,,FORTUNATE SON WINES  LLC,SAINT HELENA,Napa,CA,94574,825 FULTON LN,02,00617682,
FORTUNATE SON WINES  LLC,,FORTUNATE SON WINES  LLC,SAINT HELENA,Napa,CA,94574,825 FULTON LN,02,00617682,30-JUN-2027
FREEMARK ABBEY WINERY,FREEMARK ABBEY WINERY,JACKSON FAMILY WINES INC,SAINT HELENA,Napa,CA,94574-9652,3022 ST HELENA HWY N,02,00456755,30-JUN-2027
G WINE LLC,,G WINE LLC,SAINT HELENA,Napa,CA,94574-1841,1849 PINE ST,17,00632192,31-MAR-2027
G WINE LLC,,G WINE LLC,SAINT HELENA,Napa,CA,94574-1841,1849 PINE ST,20,00632192,31-MAR-2027
GADERIAN WINES,GADERIAN WINES,GADERIAN LLC,SAINT HELENA,Napa,CA,94574-9661,3242 SILVERADO TRL N,02,00649907,30-JUN-2027
GALLICA WINES,GALLICA WINES,GALLICA WINES LLC,SAINT HELENA,Napa,CA,94574-2432,2300 VALLEJO ST,02,00601545,30-JUN-2027
GILLWOODS CAFE,GILLWOODS CAFE,SARAGUZ  LLC,SAINT HELENA,Napa,CA,94574-1904,1313 MAIN ST,41,00655678,28-FEB-2027
GLORIOUS REVOLUTION WINE,GLORIOUS REVOLUTION WINE,GLORIOUS REVOLUTION WINE  INC.,SAINT HELENA,Napa,CA,94574-9810,3730 SILVERADO TRL N,02,00655837,30-JUN-2027
GREER WINE,GREER WINE,ROWG LLC,SAINT HELENA,Napa,CA,94574-1957,1299 MAIN ST,02,00651318,30-JUN-2026
GREER WINE,GREER WINE,ROWG LLC,SAINT HELENA,Napa,CA,94574-1846,1530 STOCKTON ST,02,00547017,30-JUN-2027
GROUNDED WINE PROJECT,GROUNDED WINE PROJECT,GROUNDED WINE PROJECT  LLC,SAINT HELENA,Napa,CA,94574-1837,1400 OAK AVE,02,00623652,30-JUN-2027
HALL WINERY,HALL WINERY,HALL WINES  LLC,SAINT HELENA,Napa,CA,94574-2200,401 ST HELENA HWY S,02,00403595,
HALL WINES,HALL WINES,HALL WINES  LLC,SAINT HELENA,Napa,CA,94574-2200,401 ST HELENA HWY S,81,00403595,
HALL WINES,HALL WINES,HALL WINES  LLC,SAINT HELENA,Napa,CA,94574-2200,401 ST HELENA HWY S,02,00403595,
HALL WINES,HALL WINES,HALL WINES  LLC,SAINT HELENA,Napa,CA,94574-2200,401 ST HELENA HWY S,06,00403595,
HALL WINES,HALL WINES,HALL WINES  LLC,SAINT HELENA,Napa,CA,94574-2200,401 ST HELENA HWY S,02,00403595,30-JUN-2027
HALL WINES,HALL WINES,HALL WINES  LLC,SAINT HELENA,Napa,CA,94574-2200,401 ST HELENA HWY S,06,00403595,31-JUL-2026
HALL WINES,HALL WINES,HALL WINES  LLC,SAINT HELENA,Napa,CA,94574-2200,401 ST HELENA HWY S,17,00403595,31-OCT-2026
HALL WINES,HALL WINES,HALL WINES  LLC,SAINT HELENA,Napa,CA,94574-2200,401 ST HELENA HWY S,20,00403595,31-OCT-2026
HALL WINES,HALL WINES,HALL WINES  LLC,SAINT HELENA,Napa,CA,94574-2200,401 ST HELENA HWY S,09,00403595,31-OCT-2026
HALL WINES,HALL WINES,HALL WINES  LLC,SAINT HELENA,Napa,CA,94574-2200,401 ST HELENA HWY S,81,00403595,30-JUN-2027
HALL WINES LLC,HALL WINES LLC,HALL WINES  LLC,SAINT HELENA,Napa,CA,94574,60 AUBERGE RD,02,00403597,
HALL WINES LLC,HALL WINES LLC,HALL WINES  LLC,SAINT HELENA,Napa,CA,94574,60 AUBERGE RD,02,00403597,30-JUN-2027
HALL WINES LLC,HALL WINES LLC,HALL WINES  LLC,SAINT HELENA,Napa,CA,94574,60 AUBERGE RD,02,00403597,
HARLAN ESTATE WINERY,HARLAN ESTATE WINERY,HARLAN ESTATE WINERY INC,SAINT HELENA,Napa,CA,94574-2011,1022 MAIN ST B,02,00366716,
HARLAN ESTATE WINERY,HARLAN ESTATE WINERY,HARLAN ESTATE WINERY INC,SAINT HELENA,Napa,CA,94574-2011,1022 MAIN ST B,02,00366716,30-JUN-2027
HAYFORK WINE COMPANY LLC,,HAYFORK WINE COMPANY LLC,SAINT HELENA,Napa,CA,94574-9655,2820 SAINT HELENA HWY N,02,00603696,30-JUN-2027
HAYFORK WINES,HAYFORK WINES,HAYFORK WINE COMPANY LLC,SAINT HELENA,Napa,CA,94574-2027,1282 VIDOVICH AVE,02,00624989,30-JUN-2027
HEITZ WINE CELLARS,HEITZ WINE CELLARS,LAWRENCE FAMILY VINEYARDS  INC.,SAINT HELENA,Napa,CA,94574-2206,436 ST HELENA HWY S,02,00233412,
HEITZ WINE CELLARS,HEITZ WINE CELLARS,LAWRENCE FAMILY VINEYARDS  INC.,SAINT HELENA,Napa,CA,94574-9537,500 TAPLIN RD,02,00041313,
HEITZ WINE CELLARS,HEITZ WINE CELLARS,LAWRENCE FAMILY VINEYARDS  INC.,SAINT HELENA,Napa,CA,94574-9795,8649 SILVERADO TRL,02,00589181,
HEITZ WINE CELLARS,HEITZ WINE CELLARS,LAWRENCE FAMILY VINEYARDS  INC.,SAINT HELENA,Napa,CA,94574-2206,436 ST HELENA HWY S,02,00233412,
HEITZ WINE CELLARS,HEITZ WINE CELLARS,LAWRENCE FAMILY VINEYARDS  INC.,SAINT HELENA,Napa,CA,94574-9537,500 TAPLIN RD,02,00041313,
HESPERIAN WINES,HESPERIAN WINES,ICON WINES INC,SAINT HELENA,Napa,CA,94574-9589,4105 CHILES POPE VALLEY RD,02,00607503,30-JUN-2026
HIMALAYAN SHERPA KITCHEN,HIMALAYAN SHERPA KITCHEN,SHERPA SONOMA CORP.,SAINT HELENA,Napa,CA,94574-2013,1148 MAIN ST,41,00612138,28-FEB-2027
HINDSIGHT WINES,HINDSIGHT WINES,ECLIPSE ASSETS  LLC,SAINT HELENA,Napa,CA,94574-9663,3524 SILVERADO TRL N,02,00639136,30-JUN-2027
HOBEL WINES,HOBEL WINES,HOBEL WINES  LLC,SAINT HELENA,Napa,CA,94574-9810,3730 SILVERADO TRL,02,00659781,30-JUN-2027
HOBEL WINES,HOBEL WINES,HOBEL WINES  LLC,SAINT HELENA,Napa,CA,94574-1957,1299 MAIN ST,02,00654462,30-JUN-2027
HOTEL ST HELENA WINE BAR & GARDEN,HOTEL ST HELENA WINE BAR & GARDEN,HANEY  MARY  FRANCES,SAINT HELENA,Napa,CA,94574-1900,1309 MAIN ST,42,00509262,31-MAY-2027
HOURGLASS WINE COMPANY,HOURGLASS WINE COMPANY,HOURGLASS WINE COMPANY INC,SAINT HELENA,Napa,CA,94574-1165,1104 ADAMS ST,02,00470218,30-JUN-2026
HUNEEUS WINES LLC,,HUNEEUS WINES LLC,SAINT HELENA,Napa,CA,94574,1224 ADAMS ST,02,00635866,30-JUN-2027
HUNNICUTT WINE COMPANY,HUNNICUTT WINE COMPANY,HUNNICUTT WINE COMPANY LLC,SAINT HELENA,Napa,CA,94574-9663,3524 SILVERADO TRL N,02,00537444,30-JUN-2026
IAN MCCAFFREY WINES,IAN MCCAFFREY WINES,MCCAFFREY  IAN  ROBERT,SAINT HELENA,Napa,CA,94574-2258,550 STANTON DR,17,00613376,31-DEC-2026
IAN MCCAFFREY WINES,IAN MCCAFFREY WINES,MCCAFFREY  IAN  ROBERT,SAINT HELENA,Napa,CA,94574-2258,550 STANTON DR,20,00613376,31-DEC-2026
J3 WINE PARTNERS,J3 WINE PARTNERS,J3 WINE PARTNERS LLC,SAINT HELENA,Napa,CA,94574-1631,105 ZINFANDEL LN,02,00503890,
JDB WINES,JDB WINES,JDB WINES LLC,SAINT HELENA,Napa,CA,94574-9792,991 MEE LN,17,00627228,31-DEC-2026
JDB WINES,JDB WINES,JDB WINES LLC,SAINT HELENA,Napa,CA,94574-9792,991 MEE LN,20,00627228,31-DEC-2026
JEAN CLAUDE BOISSET WINES USA,JEAN CLAUDE BOISSET WINES USA,JEAN CLAUDE BOISSET WINES USA INC,SAINT HELENA,Napa,CA,94574-1645,849 ZINFANDEL LN,20,00502982,31-OCT-2026
JENNAMARISE WINES,JENNAMARISE WINES,JENNAMARISE WINES LLC,SAINT HELENA,Napa,CA,94574-1957,1299 MAIN ST,02,00661931,30-JUN-2027
JRL WINES LLC,JRL WINES LLC,JRL WINES  LLC,SAINT HELENA,Napa,CA,94574-1536,1250 VINELAND AVE,17,00542971,30-JUN-2027
JRL WINES LLC,JRL WINES LLC,JRL WINES  LLC,SAINT HELENA,Napa,CA,94574-1536,1250 VINELAND AVE,20,00542971,30-JUN-2027
LA PELLE WINES,LA PELLE WINES,LA PELLE WINES  LLC,SAINT HELENA,Napa,CA,94574-1957,1299 MAIN ST,02,00653283,30-JUN-2026
LA PRIMA PIZZA,LA PRIMA PIZZA,NUNEZ  ALDO MOISES,SAINT HELENA,Napa,CA,94574-1108,1010 ADAMS ST,41,00329745,31-MAY-2027
LABRY FAMILY WINES,LABRY FAMILY WINES,94573  LLC,SAINT HELENA,Napa,CA,94574-9701,2929 ST HELENA HWY N,02,00636644,30-JUN-2027
LADERA WINERY,LADERA WINERY,LADERA WINERY LLC,SAINT HELENA,Napa,CA,94574-9706,3125 ST HELENA HWY N,02,00595171,
LADERA WINERY,LADERA WINERY,LADERA WINERY LLC,SAINT HELENA,Napa,CA,94574-9600,1505 MAIN ST,02,00595172,
LADERA WINERY,LADERA WINERY,LADERA WINERY LLC,SAINT HELENA,Napa,CA,94574-9608,3111 ST HELENA HWY N,02,00584511,
LADERA WINERY,LADERA WINERY,LADERA WINERY LLC,SAINT HELENA,Napa,CA,94574-9706,3125 ST HELENA HWY N,02,00595171,30-JUN-2026
LAWRENCE WINE ESTATES LLC,,LAWRENCE WINE ESTATES LLC,SAINT HELENA,Napa,CA,94574-9795,8649 SILVERADO TRL,22,00670080,30-JUN-2026
LEVIATHAN WINE COMPANY,LEVIATHAN WINE COMPANY,LEVIATHAN WINE COMPANY LLC,SAINT HELENA,Napa,CA,94574-1631,105 ZINFANDEL LN,02,00510204,
LEVIATHAN WINE COMPANY,LEVIATHAN WINE COMPANY,LEVIATHAN WINE COMPANY LLC,SAINT HELENA,Napa,CA,94574-1125,1461 RAILROAD AVE,02,00510209,
LEWELLING WINE CO.,LEWELLING WINE CO.,WIGHT  ALAN NELSON,SAINT HELENA,Napa,CA,94574-9655,2820 SAINT HELENA HWY N,02,00613841,30-JUN-2027
LEWELLING WINE CO.,LEWELLING WINE CO.,WIGHT  ALAN NELSON,SAINT HELENA,Napa,CA,94574-2315,1951 OLIVE AVE,02,00613848,30-JUN-2027
LEWELLING WINE CO.,LEWELLING WINE CO.,WIGHT  ALAN NELSON,SAINT HELENA,Napa,CA,94574-2027,1282 VIDOVICH AVE,02,00624998,30-JUN-2027
LOKOYA WINERY,LOKOYA WINERY,JACKSON FAMILY WINES INC,SAINT HELENA,Napa,CA,94574-9580,3787 SPRING MOUNTAIN RD,02,00540873,30-JUN-2027
LOLA WINES,LOLA WINES,LLV WINES LLC,SAINT HELENA,Napa,CA,94574-1417,700 DOWDELL LN,02,00603029,30-JUN-2026
LONG MEADOW RANCH WINERY,LONG MEADOW RANCH WINERY,LMR WINE ESTATES LLC,SAINT HELENA,Napa,CA,94574-9807,1775 WHITEHALL LN,02,00612584,30-JUN-2026
LORENZA WINE CO.  LLC,,LORENZA WINE CO.  LLC,SAINT HELENA,Napa,CA,94574-1165,1104 ADAMS ST,17,00477006,30-APR-2027
LORENZA WINE CO.  LLC,,LORENZA WINE CO.  LLC,SAINT HELENA,Napa,CA,94574-1165,1104 ADAMS ST,20,00477006,30-APR-2027
LOUIS M. MARTINI WINERY,LOUIS M. MARTINI WINERY,E. & J. GALLO WINERY,SAINT HELENA,Napa,CA,94574,254 ST HELENA HWY SOUTH,02,00394166,30-JUN-2027
LOUIS M. MARTINI WINERY,LOUIS M. MARTINI WINERY,E. & J. GALLO WINERY,SAINT HELENA,Napa,CA,94574,254 ST HELENA HWY SOUTH,09,00394166,30-JUN-2027
MACAULEY WINE CORPORATION,MACAULEY WINE CORPORATION,MACAULEY WINE CORPORATION,SAINT HELENA,Napa,CA,94574,1309 MAIN ST,02,00594476,30-JUN-2026
MATTHEW WALLACE WINES,MATTHEW WALLACE WINES,LOCOALLOMI  INC.,SAINT HELENA,Napa,CA,94574-9639,2371 POPE CANYON RD,17,00547077,31-AUG-2026
MATTHEW WALLACE WINES,MATTHEW WALLACE WINES,LOCOALLOMI  INC.,SAINT HELENA,Napa,CA,94574-9810,3730 SILVERADO TRL,02,00633241,30-JUN-2027
MATTHEW WALLACE WINES,MATTHEW WALLACE WINES,LOCOALLOMI  INC.,SAINT HELENA,Napa,CA,94574-2010,929 MAIN ST,02,00668329,30-JUN-2027
MAXVILLE LAKE WINERY,MAXVILLE LAKE WINERY,MAXVILLE LAKE WINERY  INC.,SAINT HELENA,Napa,CA,94574-9589,4105 CHILES POPE VALLEY RD,02,00540643,
MAXVILLE WINERY,MAXVILLE WINERY,MAXVILLE LAKE WINERY  INC.,SAINT HELENA,Napa,CA,94574-9589,4105 CHILES POPE VALLEY RD,02,00540643,30-JUN-2027
MDC WINES,MDC WINES,MDC WINES  LLC,SAINT HELENA,Napa,CA,94574-1460,430 LAFATA ST,02,00638865,30-JUN-2027
MELKA WINES,MELKA WINES,MELKA ESTATES  LLC,SAINT HELENA,Napa,CA,94574,2929 HWY 29 NORTH,02,00423576,
MELKA WINES,MELKA WINES,MELKA ESTATES  LLC,SAINT HELENA,Napa,CA,94574-9716,2900 SILVERADO TRL,17,00518520,30-APR-2027
MELKA WINES,MELKA WINES,MELKA ESTATES  LLC,SAINT HELENA,Napa,CA,94574-9716,2900 SILVERADO TRL,20,00518520,30-APR-2027
MELKA WINES,MELKA WINES,MELKA ESTATES  LLC,SAINT HELENA,Napa,CA,94574-9716,2900 SILVERADO TRL,02,00548354,30-JUN-2027
MELKA WINES,MELKA WINES,MELKA ESTATES  LLC,SAINT HELENA,Napa,CA,94574-9716,2900 SILVERADO TRL,09,00548354,30-JUN-2027
MEXICAN AMERICAN VINTNERS ASSOCIATION (MAVA),MEXICAN AMERICAN VINTNERS ASSOCIATION (MAVA),NAPA SONOMA MEXICAN-AMERICAN VINTNERS ASSOCIATION,SAINT HELENA,Napa,CA,95474-1124,1360 RAILROAD AVE,17,00624006,30-JUN-2027
MEXICAN AMERICAN VINTNERS ASSOCIATION (MAVA),MEXICAN AMERICAN VINTNERS ASSOCIATION (MAVA),NAPA SONOMA MEXICAN-AMERICAN VINTNERS ASSOCIATION,SAINT HELENA,Napa,CA,95474-1124,1360 RAILROAD AVE,20,00624006,30-JUN-2027
MIRA WINERY,MIRA WINERY,MIRA WINERY LLC,SAINT HELENA,Napa,CA,94574-9810,3730 SILVERADO TRL N,02,00665100,30-JUN-2027
MIYAKMA WINERY LLC,MIYAKMA WINERY LLC,MIYAKMA WINERY LLC,SAINT HELENA,Napa,CA,94574-9779,3300 WHITE SULPHUR SPRINGS RD,02,00676407,30-JUN-2027
MOJAVE WINES,MOJAVE WINES,MOJAVE WINES  LLC,SAINT HELENA,Napa,CA,94574-1957,1299 MAIN ST,02,00660693,30-JUN-2026
MONTAGU WINES,MONTAGU WINES,MONTAGU WINES  LLC,SAINT HELENA,Napa,CA,94574-9706,3125 ST HELENA HWY N,02,00583023,30-JUN-2026
MOONE TSAI WINES,MOONE TSAI WINES,MLPC HOLDINGS LLC,SAINT HELENA,Napa,CA,94574-9706,3125 ST HELENA HWY N,02,00571343,30-JUN-2026
MTGA WINES,MTGA WINES,MTGA WINES LLC,SAINT HELENA,Napa,CA,94574,680 ROSSI RD,02,00629363,30-JUN-2027
MTGA WINES,MTGA WINES,MTGA WINES LLC,SAINT HELENA,Napa,CA,94574-2346,1106 VALLEY VIEW ST,17,00632554,31-MAR-2027
MTGA WINES,MTGA WINES,MTGA WINES LLC,SAINT HELENA,Napa,CA,94574-2346,1106 VALLEY VIEW ST,20,00632554,31-MAR-2027
MTGA WINES,MTGA WINES,MTGA WINES LLC,SAINT HELENA,Napa,CA,94574-2346,1106 VALLEY VIEW ST,02,00632554,30-JUN-2027
MURMUR WINE CO,MURMUR WINE CO,MURMUR WINE CO.  LLC,SAINT HELENA,Napa,CA,94574-2323,1918 SPRING ST,17,00592732,30-JUN-2027
MURMUR WINE CO,MURMUR WINE CO,MURMUR WINE CO.  LLC,SAINT HELENA,Napa,CA,94574-2323,1918 SPRING ST,09,00592732,30-JUN-2027
NAPA DE ORO WINERY,NAPA DE ORO WINERY,NAPA DE ORO WINERY  LLC,SAINT HELENA,Napa,CA,94574-9711,1015 BIG TREE RD,02,00629831,30-JUN-2027
NAPA VALLEY COLLEGE TEACHING WINERY,NAPA VALLEY COLLEGE TEACHING WINERY,NAPA VALLEY COLLEGE VITICULTURE AND WINERY TECHNOL,SAINT HELENA,Napa,CA,94574,1088 COLLEGE AVE,02,00579466,30-JUN-2027
NAPA VALLEY WINE WAREHOUSE,NAPA VALLEY WINE WAREHOUSE,DOWDELL INVESTORS LLC,SAINT HELENA,Napa,CA,94574,420 LA FATA ST,14,00399223,30-APR-2027
NAPA VALLEY WINE WAREHOUSE,NAPA VALLEY WINE WAREHOUSE,DOWDELL INVESTORS LLC,SAINT HELENA,Napa,CA,94574,420 LA FATA ST,22,00399223,30-JUN-2027
NAPA VINELAND WINERY LLC,,NAPA VINELAND WINERY LLC,SAINT HELENA,Napa,CA,94574-2411,2233 SULPHUR SPRINGS RD,02,00468384,30-JUN-2027
NAVIGATOR WINE COLLECTION LLC,,NAVIGATOR WINE COLLECTION LLC,SAINT HELENA,Napa,CA,94574-1645,849 ZINFANDEL LN,02,00611961,30-JUN-2027
NAVONE FAMILY WINES,,NAVONE FAMILY WINES,SAINT HELENA,Napa,CA,94574-1016,789 FULTON LN,02,00540794,30-JUN-2027
NEOTEMPO WINES,NEOTEMPO WINES,FREEFORM VINES  LLC,SAINT HELENA,Napa,CA,94574-1125,1461 RAILROAD AVE,02,00671503,30-JUN-2027
NICHELINI WINERY,NICHELINI WINERY,NICHELINI FAMILY WINERY INC,SAINT HELENA,Napa,CA,94574-9641,2950 SAGE CANYON RD,02,00488728,30-JUN-2027
NID TISSE WINES,NID TISSE WINES,VINCRU  LLC,SAINT HELENA,Napa,CA,94574-1957,1299 MAIN ST,02,00664164,30-JUN-2027
NIGHT WINES COLLECTION,NIGHT WINES COLLECTION,NIGHT WINES  LLC,SAINT HELENA,Napa,CA,94574-2057,1548 VOORHEES CIR,20,00627534,28-FEB-2027
NIGHT WINES COLLECTION,NIGHT WINES COLLECTION,NIGHT WINES  LLC,SAINT HELENA,Napa,CA,94574-2057,1548 VOORHEES CIR,17,00627534,28-FEB-2027
NISI WINES,NISI WINES,TREEHOUSE WINE BRANDS LLC,SAINT HELENA,Napa,CA,94574-1842,1832 PINE ST,20,00623778,28-FEB-2027
NISI WINES,NISI WINES,TREEHOUSE WINE BRANDS LLC,SAINT HELENA,Napa,CA,94574-1842,1832 PINE ST,17,00623778,28-FEB-2027
NOVA WINES INC,NOVA WINES INC,NOVA WINES INC,SAINT HELENA,Napa,CA,94574,953 GALLERON RD,02,00392473,
OAKHAM ESTATE WINERY,OAKHAM ESTATE WINERY,OAKHAM LLC,SAINT HELENA,Napa,CA,94574-1636,360 ZINFANDEL LN,02,00670938,30-JUN-2026
OFF ROUTE WINE COMPANY LLC,OFF ROUTE WINE COMPANY LLC,OFF ROUTE WINE COMPANY LLC,SAINT HELENA,Napa,CA,94574-9798,1443 SILVERADO TRL,02,00657277,30-JUN-2027
OLET'TE WINE COMPANY,OLET'TE WINE COMPANY,VINFORMANT LLC,SAINT HELENA,Napa,CA,94574-9598,3450 SAGE CANYON RD,02,00608215,30-JUN-2026
PALLADIAN ESTATE WINERY,PALLADIAN ESTATE WINERY,MEADOWOOD LANE WINERY LLC,SAINT HELENA,Napa,CA,94574,690 MEADOWOOD LN,02,00438408,30-JUN-2027
PARALLEL WINES,PARALLEL WINES,CAB4TEN LLC,SAINT HELENA,Napa,CA,94574-9706,3125 ST HELENA HWY N,02,00572623,30-JUN-2026
PARALLEL WINES,PARALLEL WINES,CAB4TEN LLC,SAINT HELENA,Napa,CA,94574-9608,3111 ST HELENA HWY N,02,00572624,30-JUN-2026
PARALLEL WINES,PARALLEL WINES,CAB4TEN LLC,SAINT HELENA,Napa,CA,94574-1408,410 LA FATA ST,02,00554171,30-JUN-2026
PHIFER PAVITT WINES,PHIFER PAVITT WINES,PAVITT FAMILY VINEYARDS LLC,SAINT HELENA,Napa,CA,94574-1957,1299 MAIN ST,02,00659548,30-JUN-2026
PIER 71 WINES,PIER 71 WINES,PIER71WINES LLC,SAINT HELENA,Napa,CA,94574-2118,1376 MAGNOLIA AVE,09,00618445,30-SEP-2026
PIER 71 WINES,PIER 71 WINES,PIER71WINES LLC,SAINT HELENA,Napa,CA,94574-2118,1376 MAGNOLIA AVE,17,00618445,30-SEP-2026
PIER 71 WINES,PIER 71 WINES,PIER71WINES LLC,SAINT HELENA,Napa,CA,94574-2118,1376 MAGNOLIA AVE,20,00618445,30-SEP-2026
POGGI WINES  LLC,POGGI WINES  LLC,POGGI WINES  LLC,SAINT HELENA,Napa,CA,94574-9711,1010 BIG TREE RD,02,00633671,30-JUN-2027
PORCELINA WINES,PORCELINA WINES,PORCELINA WINES LLC,SAINT HELENA,Napa,CA,94574-1409,995 VINTAGE AVE,02,00676859,30-JUN-2026
POTT WINE,,POTT WINE,SAINT HELENA,Napa,CA,94574-1841,1849 PINE ST,02,00560665,30-JUN-2027
PRAGER WINERY & PORT WORKS INC,PRAGER WINERY & PORT WORKS INC,PRAGER WINERY & PORT WORKS INC,SAINT HELENA,Napa,CA,94574,1281 LEWELLING LN,02,00319559,30-JUN-2026
PRESS RESTAURANT,PRESS RESTAURANT,RESTAURANT 209 LLC,SAINT HELENA,Napa,CA,94574-2208,587 S ST HELENA HWY,77,00473612,
PRESS RESTAURANT,PRESS RESTAURANT,RESTAURANT 209 LLC,SAINT HELENA,Napa,CA,94574-2208,587 S ST HELENA HWY,58,00473612,
PRESS RESTAURANT,PRESS RESTAURANT,RESTAURANT 209 LLC,SAINT HELENA,Napa,CA,94574-2208,587 S ST HELENA HWY,47,00473612,
PRESS RESTAURANT,PRESS RESTAURANT,RESTAURANT 209 LLC,SAINT HELENA,Napa,CA,94574-2208,587 #B & 595 SAINT HELENA HIGHWAY,47,00473612,31-JAN-2027
PRESS RESTAURANT,PRESS RESTAURANT,RESTAURANT 209 LLC,SAINT HELENA,Napa,CA,94574-2208,587 #B & 595 SAINT HELENA HIGHWAY,58,00473612,31-JAN-2027
PRESS RESTAURANT,PRESS RESTAURANT,RESTAURANT 209 LLC,SAINT HELENA,Napa,CA,94574-2208,587 #B & 595 SAINT HELENA HIGHWAY,77,00473612,31-JAN-2027
PROMISE WINE,PROMISE WINE,PROMISE WINE  LLC,SAINT HELENA,Napa,CA,94574-9641,2004 SAGE CANYON RD,02,00566542,30-JUN-2027
PROMISE WINES,PROMISE WINES,PROMISE WINE  LLC,SAINT HELENA,Napa,CA,94574-9663,3524 SILVERADO TRL N,02,00566539,30-JUN-2027
PROMISE WINES,PROMISE WINES,PROMISE WINE  LLC,SAINT HELENA,Napa,CA,94574-9663,3524 SILVERADO TRL N,09,00566539,30-JUN-2027
PROPOSAL WINE,PROPOSAL WINE,CALASIA INTERNATIONAL LLC,SAINT HELENA,Napa,CA,94574-1500,1269 VICTORIA DR,17,00559739,
PROPOSAL WINE,PROPOSAL WINE,CALASIA INTERNATIONAL LLC,SAINT HELENA,Napa,CA,94574-1500,1269 VICTORIA DR,20,00559739,
PROPOSAL WINE,PROPOSAL WINE,CALASIA INTERNATIONAL LLC,SAINT HELENA,Napa,CA,94574-1500,1269 VICTORIA DR,17,00559739,
PROPOSAL WINE,PROPOSAL WINE,CALASIA INTERNATIONAL LLC,SAINT HELENA,Napa,CA,94574-1500,1269 VICTORIA DR,20,00559739,
RANCH WINERY THE,RANCH WINERY THE,E. & J. GALLO WINERY,SAINT HELENA,Napa,CA,94574-1631,105 ZINFANDEL LN,02,00570119,30-JUN-2027
RANCH WINERY THE,RANCH WINERY THE,E. & J. GALLO WINERY,SAINT HELENA,Napa,CA,94574-1631,105 ZINFANDEL LN,09,00570119,30-JUN-2027
RAY RAY'S TACO,RAY RAY'S TACO,TACO POP-UP  LLC,SAINT HELENA,Napa,CA,94574-1905,1304 MAIN ST,41,00637470,31-JAN-2027
RECKLESS WINE COMPANY LLC,RECKLESS WINE COMPANY LLC,RECKLESS WINE COMPANY LLC,SAINT HELENA,Napa,CA,94574-2001,584 MAIN ST,17,00466034,31-MAY-2026
RECKLESS WINE COMPANY LLC,RECKLESS WINE COMPANY LLC,RECKLESS WINE COMPANY LLC,SAINT HELENA,Napa,CA,94574-2001,584 MAIN ST,20,00466034,31-MAY-2026
RED TAIL HAWK WINERY,RED TAIL HAWK WINERY,RED TAIL HAWK WINERY LLC,SAINT HELENA,Napa,CA,94574-9792,1155 MEE LN,02,00525438,30-JUN-2026
RELIC WINE CELLARS,RELIC WINE CELLARS,RELIC WINE CELLARS  LLC,SAINT HELENA,Napa,CA,94574,200 NEMO CT,02,00548274,30-JUN-2026
RELIC WINES,RELIC WINES,HIRBY  MICHAEL KENT,SAINT HELENA,Napa,CA,94574,200 NEMO CT,17,00420955,31-AUG-2026
RELIC WINES,RELIC WINES,HIRBY  MICHAEL KENT,SAINT HELENA,Napa,CA,94574,200 NEMO CT,20,00420955,31-AUG-2026
REVANA WINERY,REVANA WINERY,REVANA FAMILY PARTNERS  L.P.,SAINT HELENA,Napa,CA,94574,2930 ST HELENA HWY NORTH,02,00411074,30-JUN-2027
REVANA WINERY,REVANA WINERY,REVANA FAMILY PARTNERS  L.P.,SAINT HELENA,Napa,CA,94574,2930 ST HELENA HWY NORTH,09,00411074,30-JUN-2027
ROB LAWSON WINES,ROB LAWSON WINES,PAVI WINES LLC,SAINT HELENA,Napa,CA,94574-9401,211 KNOLL PL,17,00647631,30-JUN-2026
ROB LAWSON WINES,ROB LAWSON WINES,PAVI WINES LLC,SAINT HELENA,Napa,CA,94574-9401,211 KNOLL PL,20,00647631,30-JUN-2026
ROB LAWSON WINES,ROB LAWSON WINES,PAVI WINES LLC,SAINT HELENA,Napa,CA,94574-9401,211 KNOLL PL,02,00647631,30-JUN-2026
ROB LAWSON WINES,ROB LAWSON WINES,PAVI WINES LLC,SAINT HELENA,Napa,CA,94574-9401,211 KNOLL PL,09,00647631,30-JUN-2026
ROBERT KEENAN WINERY,ROBERT KEENAN WINERY,R H KEENAN COMPANY,SAINT HELENA,Napa,CA,94574-9677,3660 SPRING MOUNTAIN RD,02,00166972,
ROBERT KEENAN WINERY,ROBERT KEENAN WINERY,R H KEENAN COMPANY,SAINT HELENA,Napa,CA,94574-9677,3660 SPRING MOUNTAIN RD,02,00166972,30-JUN-2027
ROUND POND WINES,ROUND POND WINES,ROUND POND ESTATE  LLC,SAINT HELENA,Napa,CA,94574-9810,3730 SILVERADO TRL N,02,00647002,30-JUN-2027
ROY PIPER WINES,ROY PIPER WINES,PIPER CELLARS  LLC,SAINT HELENA,Napa,CA,94574-1124,1370 RAILROAD AVE,02,00643768,30-JUN-2026
RUSTRIDGE WINERY,RUSTRIDGE WINERY,RUSTRIDGE WINERY INC,SAINT HELENA,Napa,CA,94574,2910 LOWER CHILES VALLEY RD,02,00486198,30-JUN-2026
RUTHERFORD WINE COMPANY,RUTHERFORD WINE COMPANY,ROUND HILL CELLARS,SAINT HELENA,Napa,CA,94574,1680 SILVERADO TRAIL,02,00205744,30-JUN-2027
RUTHERFORD WINE COMPANY,RUTHERFORD WINE COMPANY,ROUND HILL CELLARS,SAINT HELENA,Napa,CA,94574,1680 SILVERADO TRAIL,09,00205744,30-JUN-2027
RUTHERFORD WINE COMPANY,RUTHERFORD WINE COMPANY,ROUND HILL CELLARS,SAINT HELENA,Napa,CA,94574,1680 SILVERADO TRAIL,81,00205744,30-JUN-2027
SALVESTRIN WINE COMPANY,SALVESTRIN WINE COMPANY,SALVESTRIN WINE CO.  LLC,SAINT HELENA,Napa,CA,94574,397 MAIN ST,02,00380560,30-JUN-2027
SAMS GENERAL STORE,SAMS GENERAL STORE,VISION COLLECTIVE  INC.,SAINT HELENA,Napa,CA,94574-1837,1400 OAK AVE,41,00667256,31-MAR-2027
SCALE WINE GROUP,SCALE WINE GROUP,SCALE WINE GROUP  LLC,SAINT HELENA,Napa,CA,94574-1902,1299 MAIN ST,02,00650123,30-JUN-2027
SCALE WINE GROUP,SCALE WINE GROUP,SCALE WINE GROUP  LLC,SAINT HELENA,Napa,CA,94574-1902,1299 MAIN ST,17,00650123,31-DEC-2026
SCALE WINE GROUP,SCALE WINE GROUP,SCALE WINE GROUP  LLC,SAINT HELENA,Napa,CA,94574-1902,1299 MAIN ST,09,00650123,31-DEC-2026
SCRATCH GOLF WINE CO LLC,,SCRATCH GOLF WINE CO LLC,SAINT HELENA,Napa,CA,94574-9797,771 SAGE CANYON RD,02,00669715,30-JUN-2026
SCULATTI WINE,SCULATTI WINE,SCULATTI WINE  LP,SAINT HELENA,Napa,CA,94574-1640,588 ZINFANDEL LN,02,00619024,30-JUN-2026
SEPIA WINES  LLC,,SEPIA WINES  LLC,SAINT HELENA,Napa,CA,94574-9729,505 SANITARIUM RD,02,00578727,30-JUN-2027
SEVEN STONES WINERY,SEVEN STONES WINERY,HSIH NHH INV LLC,SAINT HELENA,Napa,CA,94574-9620,840 MEADOWOOD LN,02,00650411,30-JUN-2027
SILVER TRIDENT WINES,SILVER TRIDENT WINES,SILVER TRIDENT WINERY  LLC,SAINT HELENA,Napa,CA,94574-1517,845 WHITE LN,02,00513944,30-JUN-2027
SJOEBLOM WINERY,,SJOEBLOM WINERY,SAINT HELENA,Napa,CA,94574-9664,264 CRYSTAL SPRINGS RD,02,00444659,30-JUN-2027
SJOEBLOM WINERY,,SJOEBLOM WINERY,SAINT HELENA,Napa,CA,94574-9664,264 CRYSTAL SPRINGS RD,81,00444659,30-JUN-2027
SOMERSTON WINE CO.,SOMERSTON WINE CO.,SOMERSTON WINE COMPANY  LLC,SAINT HELENA,Napa,CA,94574-9598,3450 SAGE CANYON RD,02,00500679,
SOMERSTON WINE COMPANY  LLC,,SOMERSTON WINE COMPANY  LLC,SAINT HELENA,Napa,CA,94574-9598,3450 SAGE CANYON RD,02,00500679,30-JUN-2027
SOMERSTON WINE COMPANY  LLC,SOMERSTON WINE COMPANY  LLC,SOMERSTON WINE COMPANY  LLC,SAINT HELENA,Napa,CA,94574-9634,1784 POPE CANYON RD,02,00655591,30-JUN-2026
SPOTTSWOODE WINERY,SPOTTSWOODE WINERY,SPOTTSWOODE WINERY  INC.,SAINT HELENA,Napa,CA,94574-2354,1902 MADRONA AVE,02,00252585,
SPOTTSWOODE WINERY,SPOTTSWOODE WINERY,SPOTTSWOODE WINERY  INC.,SAINT HELENA,Napa,CA,94574-2354,1902 MADRONA AVE,04,00252585,
SPOTTSWOODE WINERY,SPOTTSWOODE WINERY,SPOTTSWOODE WINERY  INC.,SAINT HELENA,Napa,CA,94574-2354,1902 MADRONA AVE,06,00252585,
SPOTTSWOODE WINERY,SPOTTSWOODE WINERY,SPOTTSWOODE WINERY  INC.,SAINT HELENA,Napa,CA,94574-1456,1150 DOWDELL LN,02,00375991,
SPOTTSWOODE WINERY,SPOTTSWOODE WINERY,SPOTTSWOODE WINERY  INC.,SAINT HELENA,Napa,CA,94574-2354,1902 MADRONA AVE,02,00252585,
SPOTTSWOODE WINERY,SPOTTSWOODE WINERY,SPOTTSWOODE WINERY  INC.,SAINT HELENA,Napa,CA,94574-2354,1902 MADRONA AVE,06,00252585,
SPOTTSWOODE WINERY,SPOTTSWOODE WINERY,SPOTTSWOODE WINERY  INC.,SAINT HELENA,Napa,CA,94574-1456,1150 DOWDELL LN,02,00375991,
SPOTTSWOODE WINERY,SPOTTSWOODE WINERY,SPOTTSWOODE WINERY  INC.,SAINT HELENA,Napa,CA,94574-1456,1150 DOWDELL LN,02,00375991,30-JUN-2027
SPOTTSWOODE WINERY,SPOTTSWOODE WINERY,SPOTTSWOODE WINERY  INC.,SAINT HELENA,Napa,CA,94574-2354,1902 MADRONA AVE,06,00252585,31-JUL-2027
SPOTTSWOODE WINERY,SPOTTSWOODE WINERY,SPOTTSWOODE WINERY  INC.,SAINT HELENA,Napa,CA,94574-2354,1902 MADRONA AVE,02,00252585,30-JUN-2027
ST HELENA WINE CENTER,ST HELENA WINE CENTER,ST HELENA WINE CENTER LLC,SAINT HELENA,Napa,CA,94574,1321 MAIN ST,42,00336362,
ST HELENA WINE CENTER,ST HELENA WINE CENTER,ST HELENA WINE CENTER LLC,SAINT HELENA,Napa,CA,94574,1321 MAIN ST,21,00336362,
ST. HELENA WINERY,ST. HELENA WINERY,ST. HELENA ESTATE LLC,SAINT HELENA,Napa,CA,94574-1029,100 PRATT AVE,02,00485629,30-JUN-2027
ST. ROMEDIUS WINE,ST. ROMEDIUS WINE,ST. ROMEDIUS LLC,SAINT HELENA,Napa,CA,94574-9693,1001 SILVERADO TRL S,02,00669818,30-JUN-2026
ST. ROMEDIUS WINE,ST. ROMEDIUS WINE,ST. ROMEDIUS LLC,SAINT HELENA,Napa,CA,94574-9693,1001 SILVERADO TRL S,81,00669818,30-JUN-2026
STAGS LEAP WINE CELLARS,STAGS LEAP WINE CELLARS,STAG'S LEAP WINE CELLARS  LLC,SAINT HELENA,Napa,CA,94574-9577,8711 SILVERADO TRL,02,00653886,
STAGS LEAP WINE CELLARS,STAGS LEAP WINE CELLARS,STAG'S LEAP WINE CELLARS  LLC,SAINT HELENA,Napa,CA,94574-9577,8711 SILVERADO TRL,06,00653886,
STAGS LEAP WINE CELLARS,STAGS LEAP WINE CELLARS,STAG'S LEAP WINE CELLARS  LLC,SAINT HELENA,Napa,CA,94574-9577,8711 SILVERADO TRL,02,00653886,30-JUN-2027
STAGS LEAP WINE CELLARS,STAGS LEAP WINE CELLARS,STAG'S LEAP WINE CELLARS  LLC,SAINT HELENA,Napa,CA,94574-9577,8711 SILVERADO TRL,06,00653886,31-JAN-2027
STOVER OAKS VINEYARD & WINERY,STOVER OAKS VINEYARD & WINERY,BLACKTHORN ENTERPRISES INC,SAINT HELENA,Napa,CA,94574-2200,401 S ST HELENA HWY,02,00526597,30-JUN-2026
SUMMER DREAMS WINES,SUMMER DREAMS WINES,SUMMER DREAMS WINES LLC,SAINT HELENA,Napa,CA,94574-1123,1345 RAILROAD AVE,02,00645087,
SUMMER DREAMS WINES,SUMMER DREAMS WINES,SUMMER DREAMS WINES LLC,SAINT HELENA,Napa,CA,94574-1123,1345 RAILROAD AVE,02,00645087,30-JUN-2027
SUMMIT LAKE VINEYARDS & WINERY @ SAINT HELENA CFM,SUMMIT LAKE VINEYARDS & WINERY @ SAINT HELENA CFM,SUMMIT LAKE VINEYARDS & WINERY LLC,SAINT HELENA,Napa,CA,94574,360 S CRANE AVE,79,00679740,30-JUN-2027
SUTTER HOME WINERY,SUTTER HOME WINERY,SUTTER HOME WINERY INC,SAINT HELENA,Napa,CA,94574-2204,100 S ST HELENA HWY,17,00298646,
SUTTER HOME WINERY,SUTTER HOME WINERY,SUTTER HOME WINERY INC,SAINT HELENA,Napa,CA,94574-2204,100 S ST HELENA HWY,20,00298646,
SUTTER HOME WINERY,SUTTER HOME WINERY,SUTTER HOME WINERY INC,SAINT HELENA,Napa,CA,94574-2204,100 S ST HELENA HWY,20,00298646,31-MAY-2027
SUTTER HOME WINERY,SUTTER HOME WINERY,SUTTER HOME WINERY INC,SAINT HELENA,Napa,CA,94574-2204,100 S ST HELENA HWY,17,00298646,31-AUG-2026
SUTTER HOME WINERY INC,SUTTER HOME WINERY INC,SUTTER HOME WINERY INC,SAINT HELENA,Napa,CA,94574-1631,105 ZINFANDEL LN,02,00155473,
SUTTER HOME WINERY INC,SUTTER HOME WINERY INC,SUTTER HOME WINERY INC,SAINT HELENA,Napa,CA,94574-1631,105 ZINFANDEL LN,04,00155473,
SUTTER HOME WINERY INC,SUTTER HOME WINERY INC,SUTTER HOME WINERY INC,SAINT HELENA,Napa,CA,94574-1631,105 ZINFANDEL LN,06,00155473,
SUTTER HOME WINERY INC,SUTTER HOME WINERY INC,SUTTER HOME WINERY INC,SAINT HELENA,Napa,CA,94574-2202,277 ST HELENA HWY SOUTH,02,00005087,
SUTTER HOME WINERY INC,SUTTER HOME WINERY INC,SUTTER HOME WINERY INC,SAINT HELENA,Napa,CA,94574-2204,100 S ST HELENA HWY,02,00280010,
SUTTER HOME WINERY INC,SUTTER HOME WINERY INC,SUTTER HOME WINERY INC,SAINT HELENA,Napa,CA,94574-2204,100 S ST HELENA HWY,04,00280010,
SUTTER HOME WINERY INC,SUTTER HOME WINERY INC,SUTTER HOME WINERY INC,SAINT HELENA,Napa,CA,94574-2204,100 S ST HELENA HWY,06,00280010,
SUTTER HOME WINERY INC,SUTTER HOME WINERY INC,SUTTER HOME WINERY INC,SAINT HELENA,Napa,CA,94574-2204,100 S ST HELENA HWY,18,00280010,31-JUL-2027
SUTTER HOME WINERY INC,SUTTER HOME WINERY INC,SUTTER HOME WINERY INC,SAINT HELENA,Napa,CA,94574-2204,100 S ST HELENA HWY,02,00280010,30-JUN-2027
SUTTER HOME WINERY INC,SUTTER HOME WINERY INC,SUTTER HOME WINERY INC,SAINT HELENA,Napa,CA,94574-2204,100 S ST HELENA HWY,06,00280010,31-JAN-2027
SUTTER HOME WINERY INC,SUTTER HOME WINERY INC,SUTTER HOME WINERY INC,SAINT HELENA,Napa,CA,94574-2204,100 S ST HELENA HWY,03,00280010,30-NOV-2026
SUTTER HOME WINERY INC,SUTTER HOME WINERY INC,SUTTER HOME WINERY INC,SAINT HELENA,Napa,CA,94574-2204,100 S ST HELENA HWY,24,00280010,30-NOV-2026
SUTTER HOME WINERY INC,SUTTER HOME WINERY INC,SUTTER HOME WINERY INC,SAINT HELENA,Napa,CA,94574-2202,277 ST HELENA HWY SOUTH,02,00005087,30-JUN-2027
SUTTER HOME WINERY INC,SUTTER HOME WINERY INC,SUTTER HOME WINERY INC,SAINT HELENA,Napa,CA,94574-2204,100 S ST HELENA HWY,09,00280010,30-JUN-2027
SUTTER HOME WINERY INC,SUTTER HOME WINERY INC,SUTTER HOME WINERY INC,SAINT HELENA,Napa,CA,94574-2204,100 S ST HELENA HWY,12,00280010,31-JUL-2027
SUTTER HOME WINERY INC,SUTTER HOME WINERY INC,SUTTER HOME WINERY INC,SAINT HELENA,Napa,CA,94574-2204,100 S ST HELENA HWY,09,00280010,
TATE WINES,TATE WINES,TATE WINES LLC,SAINT HELENA,Napa,CA,94574-2044,1764 B SPRING ST,17,00534226,30-JUN-2026
TATE WINES,TATE WINES,TATE WINES LLC,SAINT HELENA,Napa,CA,94574-2044,1764 B SPRING ST,20,00534226,30-JUN-2026
TERRA VALENTINE WINERY,TERRA VALENTINE WINERY,TERRA SPRINGS LLC,SAINT HELENA,Napa,CA,94574,4007 SPRING MOUNTAIN RD,02,00567629,30-JUN-2026
TERRA VALENTINE WINERY,TERRA VALENTINE WINERY,TERRA SPRINGS LLC,SAINT HELENA,Napa,CA,94574-1636,360 ZINFANDEL LN,02,00619585,30-JUN-2026
TERROIR NAPA VALLEY WINES,TERROIR NAPA VALLEY WINES,TERROIR NAPA VALLEY  LLC,SAINT HELENA,Napa,CA,94574-9668,617 CRYSTAL SPRINGS RD,02,00669755,30-JUN-2027
TESSERACT WINES,TESSERACT WINES,TESSERACT WINES LLC,SAINT HELENA,Napa,CA,94574-9663,3524 SILVERADO TRL N,02,00609836,
THE CLUB YOUNTVILLE,THE CLUB YOUNTVILLE,THE CLUB YOUNTVILLE  LLC,SAINT HELENA,Napa,CA,94574-9810,3730 SILVERADO TRL N,02,00658068,30-JUN-2027
THE ELEVATION WINE FUND,THE ELEVATION WINE FUND,THE ELEVATION WINE FUND L-PSHIP,SAINT HELENA,Napa,CA,94574-9659,3291 ST HELENA HWY N,17,00473195,31-MAR-2027
THE ELEVATION WINE FUND,THE ELEVATION WINE FUND,THE ELEVATION WINE FUND L-PSHIP,SAINT HELENA,Napa,CA,94574-9659,3291 ST HELENA HWY N,20,00473195,31-MAR-2027
THE ELEVATION WINE FUND,THE ELEVATION WINE FUND,THE ELEVATION WINE FUND L-PSHIP,SAINT HELENA,Napa,CA,94574-9659,3291 ST HELENA HWY N,09,00473195,31-MAR-2027
THOMPSON FAMILY WINES  LLC,THOMPSON FAMILY WINES  LLC,THOMPSON FAMILY WINES  LLC,SAINT HELENA,Napa,CA,94574-1957,1299 MAIN ST,02,00662492,30-JUN-2027
TITAN WINE AND SPRIRTS,TITAN WINE AND SPRIRTS,TITAN WINE AND SPIRITS LLC,SAINT HELENA,Napa,CA,94574-1960,1336 OAK AVE,17,00669939,30-JUN-2027
TITAN WINE AND SPRIRTS,TITAN WINE AND SPRIRTS,TITAN WINE AND SPIRITS LLC,SAINT HELENA,Napa,CA,94574-1960,1336 OAK AVE,09,00669939,30-JUN-2027
TOR KENWARD FAMILY WINES,TOR KENWARD FAMILY WINES,KENWARD FAMILY VINEYARDS  LLC,SAINT HELENA,Napa,CA,94574-1640,588 ZINFANDEL LN,02,00580922,30-JUN-2026
TOR KENWARD FAMILY WINES,TOR KENWARD FAMILY WINES,KENWARD FAMILY VINEYARDS  LLC,SAINT HELENA,Napa,CA,94574-9663,3524 SILVERADO TRL N,02,00580408,30-JUN-2026
TOR KENWARD FAMILY WINES,TOR KENWARD FAMILY WINES,KENWARD FAMILY VINEYARDS  LLC,SAINT HELENA,Napa,CA,94574-1860,1407 MAIN ST,02,00651432,30-JUN-2026
TRIFECTA WINES,TRIFECTA WINES,TRIFECTA WINES LLC,SAINT HELENA,Napa,CA,94574-1207,1216 CHURCH ST,17,00448206,31-JAN-2027
TRIFECTA WINES,TRIFECTA WINES,TRIFECTA WINES LLC,SAINT HELENA,Napa,CA,94574-1207,1216 CHURCH ST,20,00448206,31-JAN-2027
TUDAL WINERY,TUDAL WINERY,TUDAL WINERY LLC,SAINT HELENA,Napa,CA,94574-9711,1015 BIG TREE RD,02,00376854,
TUPUNGATO WINE COMPANY LLC,,TUPUNGATO WINE COMPANY LLC,SAINT HELENA,Napa,CA,94574-1640,588 ZINFANDEL LN,02,00653651,30-JUN-2027
TUPUNGATO WINE COMPANY LLC,,TUPUNGATO WINE COMPANY LLC,SAINT HELENA,Napa,CA,94574-1640,588 ZINFANDEL LN,17,00653651,30-APR-2027
TUPUNGATO WINE COMPANY LLC,,TUPUNGATO WINE COMPANY LLC,SAINT HELENA,Napa,CA,94574-1640,588 ZINFANDEL LN,20,00653651,30-APR-2027
TUPUNGATO WINE COMPANY LLC,,TUPUNGATO WINE COMPANY LLC,SAINT HELENA,Napa,CA,94574-1640,588 ZINFANDEL LN,09,00653651,30-JUN-2027
TURLEY WINE CELLARS,TURLEY WINE CELLARS,TURLEY WINE CELLARS  INC,SAINT HELENA,Napa,CA,94574-9660,3358 ST HELENA HWY,02,00295112,
TURLEY WINE CELLARS,TURLEY WINE CELLARS,TURLEY WINE CELLARS  INC,SAINT HELENA,Napa,CA,94574-9660,3358 ST HELENA HWY,02,00295112,30-JUN-2027
UPROOT WINES,UPROOT WINES,SCHEINFELD WINE COMPANY  LLC,SAINT HELENA,Napa,CA,94574-2110,395 S CRANE AVE,02,00587403,
UPROOT WINES,UPROOT WINES,SCHEINFELD WINE COMPANY  LLC,SAINT HELENA,Napa,CA,94574-2110,395 S CRANE AVE,02,00587403,30-JUN-2026
URBAN WINE BROKERS,URBAN WINE BROKERS,SMMOF PARTNERS LLC,SAINT HELENA,Napa,CA,94574-1001,24 CHRISTINE CT,17,00502004,31-AUG-2026
URBAN WINE BROKERS,URBAN WINE BROKERS,SMMOF PARTNERS LLC,SAINT HELENA,Napa,CA,94574-1001,24 CHRISTINE CT,09,00502004,31-AUG-2026
V SATTUI WINERY,,V SATTUI WINERY,SAINT HELENA,Napa,CA,94574-1551,1111 WHITE LN,02,00332452,30-JUN-2027
V SATTUI WINERY,,V SATTUI WINERY,SAINT HELENA,Napa,CA,94574-1551,1111 WHITE LN,09,00332452,30-JUN-2027
VAN DYK FAMILY WINES,VAN DYK FAMILY WINES,VAN DYK FAMILY WINES LLC,SAINT HELENA,Napa,CA,94574-9792,1155 MEE LN,02,00645243,30-JUN-2027
VERMEIL WINE GROUP,VERMEIL WINE GROUP,VERMEIL WINE GROUP LLC,SAINT HELENA,Napa,CA,94574-9810,3730 SILVERADO TRL,02,00647113,30-JUN-2026
VERMILION WINERY,VERMILION WINERY,VERMILION WINERY LLC,SAINT HELENA,Napa,CA,94574-1460,430 LAFATA ST,02,00672104,30-JUN-2026
VICE VERSA WINES,VICE VERSA WINES,BRETON WINE COMPANY INC,SAINT HELENA,Napa,CA,94574-1640,588 ZINFANDEL LN,02,00581583,30-JUN-2026
VICE VERSA WINES,VICE VERSA WINES,BRETON WINE COMPANY INC,SAINT HELENA,Napa,CA,94574-1125,1461 RAILROAD AVE,02,00567963,30-JUN-2026
VILLA HELENA WINERY,VILLA HELENA WINERY,GOLDEN-AMERICA  INC.,SAINT HELENA,Napa,CA,94574-2219,1455 INGLEWOOD AVE,02,00541963,30-JUN-2027
WESTWOOD WINERY,WESTWOOD WINERY,ANNADEL VINEYARD PARTNERS (DE)  LLC,SAINT HELENA,Napa,CA,94574-9706,3125 ST HELENA HWY N,02,00617255,30-JUN-2027
WESTWOOD WINERY,WESTWOOD WINERY,ANNADEL VINEYARD PARTNERS (DE)  LLC,SAINT HELENA,Napa,CA,94574-9608,3111 ST HELENA HWY N #2,02,00617266,30-JUN-2027
WHITEHALL LANE WINERY,WHITEHALL LANE WINERY,LEONARDINI FAMILY WINERY LLC,SAINT HELENA,Napa,CA,94574,1563 ST HELENA HWY,02,00427576,30-JUN-2027
WILLIAM HARRISON VINEYARDS & WINERY LLC,WILLIAM HARRISON VINEYARDS & WINERY LLC,WILLIAM HARRISON VINEYARDS & WINERY LLC,SAINT HELENA,Napa,CA,94574-9798,1443 SILVERADO TRL,02,00379043,30-JUN-2027
WINE & BARREL CO.,WINE & BARREL CO.,WINE & BARREL CO.,SAINT HELENA,Napa,CA,94574-1460,430 LAFATA ST,02,00673650,30-JUN-2027
WINE SERVICE COOPERATIVE,WINE SERVICE COOPERATIVE,WINE SERVICE COOPERATIVE,SAINT HELENA,Napa,CA,94574-1456,1150 DOWDELL LN,14,00000228,30-JUN-2027
WINE SERVICE COOPERATIVE,WINE SERVICE COOPERATIVE,WINE SERVICE COOPERATIVE,SAINT HELENA,Napa,CA,94574-1456,1150 DOWDELL LN,22,00000228,30-JUN-2027
YAO FAMILY WINES,YAO FAMILY WINES,9 DRAGON CELLARS  LLC,SAINT HELENA,Napa,CA,94574-1631,105 ZINFANDEL LN,02,00521305,30-JUN-2026
AMLES WINES  LLC,,AMLES WINES  LLC,YOUNTVILLE,Napa,CA,94559-1388,6582 OAK LEAF CT,17,00592485,30-JUN-2027
AMLES WINES  LLC,,AMLES WINES  LLC,YOUNTVILLE,Napa,CA,94559-1388,6582 OAK LEAF CT,20,00592485,30-JUN-2027
BARDESSONO HOTEL & SPA,BARDESSONO HOTEL & SPA,ASHFORD TRS YOUNTVILLE LLC,YOUNTVILLE,Napa,CA,94559-1270,6526 YOUNT ST,47,00561289,31-MAR-2027
BARDESSONO HOTEL & SPA,BARDESSONO HOTEL & SPA,ASHFORD TRS YOUNTVILLE LLC,YOUNTVILLE,Napa,CA,94559-1270,6526 YOUNT ST,47,00561289,31-MAR-2027
BELL WINE CELLARS,BELL WINE CELLARS,SPANOS BERBERIAN WINERY LLC,YOUNTVILLE,Napa,CA,94599,6200 WASHINGTON ST,02,00389994,30-JUN-2027
BOUCHON RESTAURANT,BOUCHON RESTAURANT,YOUNTVILLE FOOD EMPORIUM LLC,YOUNTVILLE,Napa,CA,94599,6534 & 6528 WASHINGTON ST,47,00344318,31-AUG-2026
BOUCHON RESTAURANT,BOUCHON RESTAURANT,YOUNTVILLE FOOD EMPORIUM LLC,YOUNTVILLE,Napa,CA,94599,6534 & 6528 WASHINGTON ST,77,00344318,31-AUG-2026
BOUCHON RESTAURANT,BOUCHON RESTAURANT,YOUNTVILLE FOOD EMPORIUM LLC,YOUNTVILLE,Napa,CA,94599,6534 & 6528 WASHINGTON ST,58,00344318,31-AUG-2026
BRIX RESTAURANT,BRIX RESTAURANT,KELLEHER FAMILY TRUST DATED 7-14-90,YOUNTVILLE,Napa,CA,94599,7377 ST HELENA HWY,47,00306701,31-MAY-2027
BRIX RESTAURANT,BRIX RESTAURANT,KELLEHER FAMILY TRUST DATED 7-14-90,YOUNTVILLE,Napa,CA,94599,7377 ST HELENA HWY,58,00306701,31-MAY-2027
CHRISTOPHER TYNAN WINES,CHRISTOPHER TYNAN WINES,CHRISTOPHER TYNAN WINES  LLC,YOUNTVILLE,Napa,CA,94599-9471,1473 YOUNTVILLE CROSS RD,02,00544184,30-JUN-2026
COSENTINO WINERY,COSENTINO WINERY,VINTAGE WINE ESTATES  INC.,YOUNTVILLE,Napa,CA,94599,7415 ST HELENA HWY,02,00507484,
COSENTINO WINERY,COSENTINO WINERY,VINTAGE WINE ESTATES  INC.,YOUNTVILLE,Napa,CA,94599,7415 ST HELENA HWY,02,00507484,
DE LOACH WINERY,DE LOACH WINERY,WHEELER WINERY INC,YOUNTVILLE,Napa,CA,94599-1378,6505 WASHINGTON ST BLDG C,02,00557729,30-JUN-2027
FEL WINES,FEL WINES,COME TOGETHER LLC,YOUNTVILLE,Napa,CA,94599-9471,1473 YOUNTVILLE CROSS RD,02,00601588,30-JUN-2026
HANDWRITTEN WINES,HANDWRITTEN WINES,HANDWRITTEN WINES  LLC,YOUNTVILLE,Napa,CA,94599-1295,6494 WASHINGTON ST,02,00612464,30-JUN-2027
HONOR MARKET,HONOR MARKET,HILLSTONE RESTAURANT GROUP INC,YOUNTVILLE,Napa,CA,94599-1353,6795 WASHINGTON ST,20,00510627,30-JUN-2027
HOPE & GRACE WINES,HOPE & GRACE WINES,HOPE & GRACE WINES  INC,YOUNTVILLE,Napa,CA,94599-1353,6795 WASHINGTON ST,02,00664039,30-JUN-2026
INTENTUS FINE WINES LLC,INTENTUS FINE WINES LLC,INTENTUS FINE WINES LLC,YOUNTVILLE,Napa,CA,94599-1447,7 STAGS VIEW LN,02,00617862,30-JUN-2026
K. LAZ WINE COLLECTION,K. LAZ WINE COLLECTION,K. LAZ WINE COLLECTION  LLC,YOUNTVILLE,Napa,CA,94599-1451,6484 WASHINGTON ST STE C,42,00558624,31-AUG-2026
KAPCSANDY FAMILY WINERY,KAPCSANDY FAMILY WINERY,KAPCSANDY FAMILY LLC,YOUNTVILLE,Napa,CA,94599,1001 STATE LN,02,00430554,30-JUN-2027
KOBUS ESTATE WINES,KOBUS ESTATE WINES,KOBUS ESTATE WINES LLC,YOUNTVILLE,Napa,CA,94599-1282,6709 YOUNT ST,20,00632597,
KOBUS ESTATE WINES,KOBUS ESTATE WINES,KOBUS ESTATE WINES LLC,YOUNTVILLE,Napa,CA,94599-1282,6709 YOUNT ST,17,00632597,
KOBUS ESTATE WINES,KOBUS ESTATE WINES,KOBUS ESTATE WINES LLC,YOUNTVILLE,Napa,CA,94599-1282,6709 YOUNT ST,20,00632597,31-DEC-2026
KOBUS ESTATE WINES,KOBUS ESTATE WINES,KOBUS ESTATE WINES LLC,YOUNTVILLE,Napa,CA,94599-1282,6709 YOUNT ST,17,00632597,31-DEC-2026
LARKIN WINES,LARKIN WINES,LARKIN WINES INC,YOUNTVILLE,Napa,CA,94599-1376,4 BURGUNDY WY,17,00502828,30-NOV-2026
LARKIN WINES,LARKIN WINES,LARKIN WINES INC,YOUNTVILLE,Napa,CA,94599-1376,4 BURGUNDY WY,20,00502828,30-NOV-2026
LARKIN WINES,LARKIN WINES,LARKIN WINES INC,YOUNTVILLE,Napa,CA,94599-1376,4 BURGUNDY WY,12,00502828,30-NOV-2026
LARKIN WINES,LARKIN WINES,LARKIN WINES INC,YOUNTVILLE,Napa,CA,94599-1376,4 BURGUNDY WY,18,00502828,30-NOV-2026
LARKIN WINES,LARKIN WINES,LARKIN WINES INC,YOUNTVILLE,Napa,CA,94599-1376,4 BURGUNDY WY,09,00502828,30-NOV-2026
LIBBY WINES,LIBBY WINES,POW POW WINES  LLC,YOUNTVILLE,Napa,CA,94599-9407,1119 STATE LN,02,00630855,30-JUN-2027
OGDEN WINE CO.  LLC,OGDEN WINE CO.  LLC,OGDEN WINE CO.  LLC,YOUNTVILLE,Napa,CA,94599-1280,6641 YOUNT ST,02,00605979,30-JUN-2026
R & D KITCHEN,R & D KITCHEN,HILLSTONE RESTAURANT GROUP INC,YOUNTVILLE,Napa,CA,94599-1353,6795 WASHINGTON ST,47,00488905,31-DEC-2026
RANCH MARKET TOO,RANCH MARKET TOO,RM YOUNTVILLE LLC,YOUNTVILLE,Napa,CA,94599,6498 WASHINGTON ST,21,00592010,30-APR-2027
SILVER TRIDENT WINERY,SILVER TRIDENT WINERY,SILVER TRIDENT WINERY  LLC,YOUNTVILLE,Napa,CA,94599-1451,6484 WASHINGTON ST,02,00655293,30-JUN-2027
SOMERSTON WINE COMPANY  LLC,,SOMERSTON WINE COMPANY  LLC,YOUNTVILLE,Napa,CA,94599-1295,6490 WASHINGTON ST,02,00487309,
SOMERSTON WINE COMPANY  LLC,,SOMERSTON WINE COMPANY  LLC,YOUNTVILLE,Napa,CA,94599-1295,6488 & 6490 WASHINGTON ST,02,00487309,30-JUN-2026
T-VINE WINERY,T-VINE WINERY,OLD VINE WINE PARTNERS  LLC,YOUNTVILLE,Napa,CA,94599-9407,1119 STATE LN,02,00623775,
V WINE CELLARS INC,V WINE CELLARS INC,V WINE CELLARS INC,YOUNTVILLE,Napa,CA,94559-1300,6525 WASHINGTON ST,42,00463316,31-DEC-2026
VINTNERS GOLF CLUB,VINTNERS GOLF CLUB,VINTNERS GOLF CLUB LLC,YOUNTVILLE,Napa,CA,94599,7901 SOLANO AVE,47,00378619,30-NOV-2026
WHEELER WINERY INC,,WHEELER WINERY INC,YOUNTVILLE,Napa,CA,94574-1645,6505 WASHINGTON ST STE 5,02,00652762,30-JUN-2027
WINE COUNTRY CONNECTIONS  LLC,WINE COUNTRY CONNECTIONS  LLC,WINE COUNTRY CONNECTION  LLC,YOUNTVILLE,Napa,CA,94599,6484 WASHINGTON ST,42,00568519,31-MAY-2027
MOGROG CAFE,MOGROG CAFE,MOGGROG LLC,ALPINE MEADOWS,Placer,CA,96146,2680 ALPINE MEADOWS RD,41,00614592,31-JUL-2026
THE CREST CAFE & CATERING,THE CREST CAFE & CATERING,CREST CATERING INC,ALPINE MEADOWS,Placer,CA,96146,150 ALPINE MEADOWS RD,41,00433778,31-DEC-2026
ALTA GENERAL STORE,ALTA GENERAL STORE,ALTA GENERAL STORE LLC,ALTA,Placer,CA,95701,33945 ALTA BONNY NOOK RD,20,00676491,31-MAR-2027
APPLEGATE LIQUOR,APPLEGATE LIQUOR,SANDHER  KARMJIT SINGH,APPLEGATE,Placer,CA,95703,17855 LAKE ARTHUR RD,21,00642326,31-MAY-2027
2 HERMANOS JALISCO GRILL,2 HERMANOS JALISCO GRILL,ARIAS FAMILY INC,AUBURN,Placer,CA,95603,660 AUBURN FOLSOM RD,41,00648310,31-JAN-2027
ATWOOD LIQUOR AND DELI,ATWOOD LIQUOR AND DELI,DAVIS  BRIAN DAVID,AUBURN,Placer,CA,95603,11856 ATWOOD RD,21,00667454,31-MAR-2027
AUBURN FOOD & LIQUOR,AUBURN FOOD & LIQUOR,SHIVA JI LLC,AUBURN,Placer,CA,95603-3225,13326 LINCOLN WAY,21,00628022,31-OCT-2026
AUBURN LIQUOR MART,AUBURN LIQUOR MART,C&S VENTURES,AUBURN,Placer,CA,95603-3214,13415 LINCOLN WY,21,00657321,31-MAY-2027
AUBURN RACQUET & FITNESS CLUB,AUBURN RACQUET & FITNESS CLUB,AUBURN RACQUET CLUB L-PSHIP,AUBURN,Placer,CA,95603,1255 RACQUET CLUB DR,41,00278817,31-JUL-2026
AUBURN THAI GARDEN RESTAURANT,AUBURN THAI GARDEN RESTAURANT,SOULIYONH  ANU BEE,AUBURN,Placer,CA,95603-3711,175 PALM AVE,41,00482699,31-OCT-2026
AUBURN VALLEY GOLF COURSE & EVENT CENTER,AUBURN VALLEY GOLF COURSE & EVENT CENTER,DUONG  VICTOR,AUBURN,Placer,CA,95602-9256,8800 AUBURN VALLEY RD,47,00639255,31-AUG-2026
BEACH HUT DELI AUBURN,BEACH HUT DELI AUBURN,KREEGER  KATHRYN GAIL,AUBURN,Placer,CA,95602-9152,4035 GRASS VALLEY HWY,41,00507973,31-MAR-2027
BEACH HUT DELI AUBURN,BEACH HUT DELI AUBURN,KREEGER  KATHRYN GAIL,AUBURN,Placer,CA,95602-9152,4035 GRASS VALLEY HWY,58,00507973,31-MAR-2027
BEACH HUT DELI AUBURN BOWMAN,BEACH HUT DELI AUBURN BOWMAN,HUT LIFE  LLC,AUBURN,Placer,CA,95603-3149,13471 BOWMAN RD,41,00660142,31-JAN-2027
BLACK OAK GOLF COURES INC,BLACK OAK GOLF COURES INC,BLACK OAK GOLF COURSE INC,AUBURN,Placer,CA,95602,2455 BLACK OAK RD,41,00233121,31-JAN-2027
BONITATA BOUTIQUE WINE,BONITATA BOUTIQUE WINE,BONITATA BOUTIQUE WINE CORPORATION,AUBURN,Placer,CA,95603,291 AUBURN FOLSOM RD,02,00506021,30-JUN-2026
BONITATA BOUTIQUE WINE,BONITATA BOUTIQUE WINE,BONITATA BOUTIQUE WINE CORPORATION,AUBURN,Placer,CA,95603,291 AUBURN FOLSOM RD,81,00506021,30-JUN-2026
CAFE DELICIAS,CAFE DELICIAS,LA FAMILIA RAMIREZ INC,AUBURN,Placer,CA,95603-5021,1591 LINCOLN WY,75,00616746,30-SEP-2026
CALIFORNIA CLUB THE,CALIFORNIA CLUB THE,W G W INVESTMENTS INC,AUBURN,Placer,CA,95603,1580 LINCOLN WY,48,00055432,28-FEB-2027
CHIPOTLE MEXICAN GRILL STORE #:2635,CHIPOTLE MEXICAN GRILL STORE #:2635,CHIPOTLE MEXICAN GRILL INC,AUBURN,Placer,CA,95603,2845 BELL RD,41,00568036,31-MAY-2027
CLUB CAR  THE,CLUB CAR  THE,CHS2 INVESTMENTS,AUBURN,Placer,CA,95603,836 LINCOLN WY,47,00582701,30-SEP-2026
CLUB CAR  THE,CLUB CAR  THE,CHS2 INVESTMENTS,AUBURN,Placer,CA,95603,836 LINCOLN WY,58,00582701,30-SEP-2026
CVS PHARMACY STORE 3947,CVS PHARMACY STORE 3947,GARFIELD BEACH CVS LLC,AUBURN,Placer,CA,95602,10045 COMBIE RD,21,00477932,31-MAY-2027
CVS PHARMACY STORE 9150,CVS PHARMACY STORE 9150,GARFIELD BEACH CVS LLC,AUBURN,Placer,CA,95603-4525,388 ELM AVE,21,00477721,31-MAY-2027
CVS PHARMACY STORE 9914,CVS PHARMACY STORE 9914,GARFIELD BEACH CVS LLC,AUBURN,Placer,CA,95603-2522,2140 GRASS VALLEY HWY,21,00477723,31-MAY-2027
EDEL WEISS RESTAURANT 2,EDEL WEISS RESTAURANT 2,HADDAD  NABIH J,AUBURN,Placer,CA,95603,111 SACRAMENTO ST,41,00243637,31-JUL-2026
EL CHARRO MEXICAN MARKET,EL CHARRO MEXICAN MARKET,SALINAS  ELLEN MARGARET,AUBURN,Placer,CA,95602-2067,3740 GRASS VALLEY HWY,20,00476982,30-APR-2027
EL FORASTERO MEXICAN FOOD,EL FORASTERO MEXICAN FOOD,DAVILA  MARIBEL,AUBURN,Placer,CA,95603,2680 GRASS VALLEY HWY,41,00632557,31-JAN-2027
EL TAPATIO MEXICAN RESTAURANT,EL TAPATIO MEXICAN RESTAURANT,GUITRON ALCAZAR ALCAZAR INC.,AUBURN,Placer,CA,95603-2252,2100 GRASS VALLEY HWY,47,00611991,31-JUL-2026
FLAMES RESTAURANT & TAP HOUSE,FLAMES RESTAURANT & TAP HOUSE,LINKER & LINKER FOOD SERVICE INC,AUBURN,Placer,CA,95603-3215,13434 LINCOLN WAY,41,00639987,30-SEP-2026
FLAMING BURRITO GRILL,FLAMING BURRITO GRILL,FLAMING BURRITO CA  LLC,AUBURN,Placer,CA,95603-2502,2530 BELL RD,41,00590391,30-SEP-2026
FOOD K STORE,FOOD K STORE,KUMAR  PARDEEP,AUBURN,Placer,CA,95603-5626,650 AUBURN FOLSOM RD,20,00670681,30-NOV-2026
FOOTHILL MARKET,FOOTHILL MARKET,FOOTHILL MARKET INC,AUBURN,Placer,CA,95603-4100,13120 LINCOLN WAY,21,00486036,28-FEB-2027
FOOTHILL MARKET,FOOTHILL MARKET,FOOTHILL MARKET INC,AUBURN,Placer,CA,95603-4100,13120 LINCOLN WAY,86,00486036,28-FEB-2027
GRUMPY'S BURGERS & BREW,GRUMPY'S BURGERS & BREW,GRUMPY'S BURGERS & BREW LLC,AUBURN,Placer,CA,95603,13345 LINCOLN WAY,41,00654013,31-MAR-2027
HANAMI SUSHI,HANAMI SUSHI,KHCHA HOLDINGS INC,AUBURN,Placer,CA,95603-5244,944 LINCOLN WAY,41,00600549,30-NOV-2026
HASSAN & SONS INC STORE #1010,HASSAN & SONS INC STORE #1010,HASSAN & SONS  INC,AUBURN,Placer,CA,95602,3960 GRASS VALLEY HWY,20,00633991,31-MAR-2027
IKEDAS TASTY BURGER,IKEDAS TASTY BURGER,SAM IKEDA ENTERPRISES INC,AUBURN,Placer,CA,95603-3216,13500 LINCOLN WAY,20,00422722,30-SEP-2026
IKEDAS TASTY BURGER,IKEDAS TASTY BURGER,SAM IKEDA ENTERPRISES INC,AUBURN,Placer,CA,95603-3216,13500 LINCOLN WAY,41,00422722,28-FEB-2027
JINME RAMEN & SUSHI BAR,JINME RAMEN & SUSHI BAR,JINME RAMEN & SUSHI BAR  INC,AUBURN,Placer,CA,95603-3411,1179 GRASS VALLEY HWY,41,00607443,31-AUG-2026
KARIN THAI,KARIN THAI,VANICHSANAN  SUKANYA,AUBURN,Placer,CA,95603-3226,13338 LINCOLN WY,41,00633661,31-JAN-2027
KATRINAS CAFE,KATRINAS CAFE,KATRINAS CAFE INC,AUBURN,Placer,CA,95603,456 GRASS VALLEY HWY,41,00569976,30-JUN-2027
LIQUOR OUTLET THE,LIQUOR OUTLET THE,AROZ  JOAN MARIE,AUBURN,Placer,CA,95603,180 HARRISON AVE,21,00178216,30-JUN-2027
LIU MANDARIN KITCHEN,LIU MANDARIN KITCHEN,LIU  YAN LING,AUBURN,Placer,CA,95603-5033,167 SACRAMENTO ST,41,00558829,31-JUL-2026
MAIDU MARKET,MAIDU MARKET,SHERALI GAS COMPANY INC.,AUBURN,Placer,CA,95603,631 AUBURN FOLSOM RD,21,00566875,31-MAR-2027
MAIDU MARKET,MAIDU MARKET,FLAT SURFACE INTERNATIONAL INC,AUBURN,Placer,CA,95603,631 AUBURN FOLSOM RD,21,00390507,
MARIAS MEXICAN TACOS,MARIAS MEXICAN TACOS,DEMORENO  MARIA SOCORRO LOZA,AUBURN,Placer,CA,95603,13483 BOWMAN RD,41,00404144,30-JUN-2026
MCGUIRE'S SPORTS BAR & GRILL,MCGUIRE'S SPORTS BAR & GRILL,MCGUIRE'S SPORTS BAR & GRILL LLC,AUBURN,Placer,CA,95603-3216,13570 LINCOLN WAY,47,00651195,31-JUL-2027
MOD PIZZA,MOD PIZZA,EXCEED G3 LLC,AUBURN,Placer,CA,95603-2522,2150 GRASS VALLEY HWY,41,00665113,28-FEB-2027
MOUNTAIN MIKE PIZZA,MOUNTAIN MIKE PIZZA,NARULA  RAJINDER,AUBURN,Placer,CA,95603,2520 BELL RD,41,00411561,30-APR-2027
MT VERNON WINERY,MT VERNON WINERY,MT. VERNON WINERY LLC,AUBURN,Placer,CA,95603-9763,10850 MOUNT VERNON RD,02,00607412,30-JUN-2027
NANCY’S CAFE,NANCY’S CAFE,HUNGRY TURK LLC,AUBURN,Placer,CA,95603-4525,356 ELM AVE,41,00671177,30-SEP-2026
NAPA RANCH WINES  RAPPE FAMILY VINEYARDS,NAPA RANCH WINES  RAPPE FAMILY VINEYARDS,NAPA RANCH WINES  LLC,AUBURN,Placer,CA,95603-9749,6680 MT VERNON RD,02,00626216,30-JUN-2026
NAPA RANCH WINES  RAPPE FAMILY VINEYARDS,NAPA RANCH WINES  RAPPE FAMILY VINEYARDS,NAPA RANCH WINES  LLC,AUBURN,Placer,CA,95603-9749,6680 MT VERNON RD,81,00626216,30-JUN-2026
NECTARCAFE,NECTARCAFE,TABLE FOURFIVE LLC,AUBURN,Placer,CA,95603-5159,948A LINCOLN WAY,41,00639877,31-DEC-2026
NINJA SUSHI,NINJA SUSHI,MUNKHBAT  TSOLMON,AUBURN,Placer,CA,95603,770 LINCOLN WY,41,00554382,30-JUN-2026
NORTH FORK DELI,NORTH FORK DELI,A&A NORTH FORK  INC.,AUBURN,Placer,CA,95603-4807,886 LINCOLN WAY,41,00653854,31-JAN-2027
OLD TOWN PIZZA,OLD TOWN PIZZA,BBC FAMILY EATERIES  INC.,AUBURN,Placer,CA,95603,510 HIGH ST,41,00634524,31-MAR-2027
OLD TOWN PIZZA,OLD TOWN PIZZA,BBC FAMILY EATERIES  INC.,AUBURN,Placer,CA,95603,510 HIGH ST,77,00634524,31-MAR-2027
OUT OF ORDER ARCADE,OUT OF ORDER ARCADE,IRONWHEEL AMUSEMENTS LLC,AUBURN,Placer,CA,95603-3225,13320 LINCOLN WAY,40,00640530,30-JUN-2027
PALM LIQUOR,PALM LIQUOR,YUVI INVESTMENT INC,AUBURN,Placer,CA,95603-3906,220 PALM AVE,21,00617207,31-AUG-2026
PAZA ESTATE WINERY,PAZA ESTATE WINERY,DOBSON  ZANE  RAY,AUBURN,Placer,CA,95602-9747,3357 AYRES HOLMES RD,02,00509770,30-JUN-2027
PAZA ESTATE WINERY,PAZA ESTATE WINERY,DOBSON  ZANE  RAY,AUBURN,Placer,CA,95602-9747,3357 AYRES HOLMES RD,81,00509770,30-JUN-2027
PHO KING GOOD,PHO KING GOOD,QUACH  HIEP SUM,AUBURN,Placer,CA,95603-2806,1501 GRASS VALLEY HWY,41,00548233,30-NOV-2026
PIZZA EXPRESS,PIZZA EXPRESS,ARTCO INCORPORATED,AUBURN,Placer,CA,95603,2705 BELL RD,41,00261553,31-MAR-2027
PIZZA EXPRESS MAIDU,PIZZA EXPRESS MAIDU,SETHIZ LLC,AUBURN,Placer,CA,95603-5626,650 AUBURN FOLSOM RD,41,00638060,31-JUL-2026
PIZZA FACTORY,PIZZA FACTORY,AUBURN FOODS LLC,AUBURN,Placer,CA,95603-3237,13470 LINCOLN WAY,41,00645341,31-JAN-2027
RESTAURANT JOSEPHINE,RESTAURANT JOSEPHINE,RESTAURANT JOSEPHINE LLC,AUBURN,Placer,CA,95603-5005,1226 LINCOLN WAY,47,00610143,31-DEC-2026
RESTAURANT JOSEPHINE,RESTAURANT JOSEPHINE,RESTAURANT JOSEPHINE LLC,AUBURN,Placer,CA,95603-5005,1226 LINCOLN WAY,77,00610143,31-DEC-2026
ROUND TABLE PIZZA,ROUND TABLE PIZZA,SISCO ENTERPRISES  INC.,AUBURN,Placer,CA,95603,370 ELM AVE,41,00371115,
ROUND TABLE PIZZA,ROUND TABLE PIZZA,SISCO ENTERPRISES  INC.,AUBURN,Placer,CA,95603,370 ELM AVE,41,00371115,31-DEC-2026
ROYAL INDIAN CUISINE,ROYAL INDIAN CUISINE,SINGH  GURCHARAN,AUBURN,Placer,CA,95603-4807,844 LINCOLN WY,41,00588665,31-DEC-2026
SAKE SUSHI,SAKE SUSHI,BAT-ERDENE  BAYARTSETSEG,AUBURN,Placer,CA,95603,907 LINCOLN WAY,41,00660917,31-AUG-2026
SIERRA ELM ONE STOP LIQUOR,SIERRA ELM ONE STOP LIQUOR,SINGH  KULWINDER,AUBURN,Placer,CA,95603,447 GRASS VALLEY HWY,21,00618156,31-MAR-2027
SIERRA GRILL OLD TOWN INC,SIERRA GRILL OLD TOWN INC,SIERRA GRILL OLD TOWN INC,AUBURN,Placer,CA,95603-5019,160 SACRAMENTO ST,41,00567321,30-APR-2027
SIERRA GRILL SMOKEHOUSE LLC,SIERRA GRILL SMOKEHOUSE LLC,SIERRA GRILL SMOKEHOUSE LLC,AUBURN,Placer,CA,95603-2519,2505-2515 GRASS VALLEY HWY,75,00486803,31-MAR-2027
SIERRA GRILL SMOKEHOUSE LLC,SIERRA GRILL SMOKEHOUSE LLC,SIERRA GRILL SMOKEHOUSE LLC,AUBURN,Placer,CA,95603-2519,2505-2515 GRASS VALLEY HWY,77,00486803,31-MAR-2027
SIERRA GRILL SMOKEHOUSE LLC,SIERRA GRILL SMOKEHOUSE LLC,SIERRA GRILL SMOKEHOUSE LLC,AUBURN,Placer,CA,95603-2519,2505-2515 GRASS VALLEY HWY,58,00486803,31-MAR-2027
STATION PUBLIC HOUSE THE,STATION PUBLIC HOUSE THE,T SQUARED VENTURES,AUBURN,Placer,CA,95603-4805,750 LINCOLN WAY,41,00596932,31-DEC-2026
STATION PUBLIC HOUSE THE,STATION PUBLIC HOUSE THE,T SQUARED VENTURES,AUBURN,Placer,CA,95603-4805,750 LINCOLN WAY,77,00596932,31-DEC-2026
STATION PUBLIC HOUSE THE,STATION PUBLIC HOUSE THE,T SQUARED VENTURES,AUBURN,Placer,CA,95603-4805,750 LINCOLN WAY,58,00596932,31-DEC-2026
STORE THE,STORE THE,JSSA MARKETS INCORPORATED,AUBURN,Placer,CA,95602,4000 GRASS VALLEY HWY,21,00465091,30-NOV-2026
SUPER K FOOD & LIQUOR,SUPER K FOOD & LIQUOR,SANGHA  JODH SINGH,AUBURN,Placer,CA,95603-9246,3005 BELL RD,21,00454821,31-JAN-2027
SUSHI SAKURA,SUSHI SAKURA,CUI  DAGONG,AUBURN,Placer,CA,95603,13358 LINCOLN WY,41,00592803,31-MAY-2027
SWEETPEAS RESTAURANT,SWEETPEAS RESTAURANT,DEAKINS  RONALD MACK,AUBURN,Placer,CA,95603-3117,13498 LUTHER RD,41,00575102,31-OCT-2026
SZECHUAN RESTAURANT,SZECHUAN RESTAURANT,HAO  SHUAI,AUBURN,Placer,CA,95603-3215,13400 LINCOLN WAY,41,00557123,31-AUG-2026
TAHOE CLUB THE,TAHOE CLUB THE,TAHOE CLUB,AUBURN,Placer,CA,95603,902-1/2 LINCOLN WY,50,00014443,31-MAR-2027
TAHOE CLUB THE,TAHOE CLUB THE,TAHOE CLUB,AUBURN,Placer,CA,95603,902-1/2 LINCOLN WY,58,00014443,31-MAR-2027
TAKE MARU SUSHI,TAKE MARU SUSHI,WANG  XIU YUAN,AUBURN,Placer,CA,95602,4076 GRASS VALLEY HWY,41,00541815,31-MAR-2027
TAVERN AT THE WHITE HOUSE,TAVERN AT THE WHITE HOUSE,WHITEHOUSE RESTAURANT GROUP INC.,AUBURN,Placer,CA,95603-5035,130 MAPLE ST,47,00665010,28-FEB-2027
TAVERN AT THE WHITE HOUSE,TAVERN AT THE WHITE HOUSE,WHITEHOUSE RESTAURANT GROUP INC.,AUBURN,Placer,CA,95603-5035,130 MAPLE ST,47,00665010,28-FEB-2027
TIO PEPE MEXICAN RESTAURANT,TIO PEPE MEXICAN RESTAURANT,CORDERO  MARIA ISABEL,AUBURN,Placer,CA,95603,216 WASHINGTON ST,47,00600226,31-MAR-2027
TRAILBLAZER CRAFT PIZZA & BREWS,TRAILBLAZER CRAFT PIZZA & BREWS,TRAILBLAZER AUBURN LLC,AUBURN,Placer,CA,95603-2502,2500 BELL RD,41,00667069,31-MAR-2027
WINGS GRILL,WINGS GRILL,HORNING  CONNI JEAN,AUBURN,Placer,CA,95602-9535,13595 NEW AIRPORT RD,41,00579100,30-APR-2027
YETI TAVERN  THE,YETI TAVERN  THE,STAR-LORD LLC,AUBURN,Placer,CA,95603-9243,923 LINCOLN WAY,40,00635432,31-MAY-2027
GAR WOODS GRILL & PIER,GAR WOODS GRILL & PIER,LAKE TAHOE  INC.,CARNELIAN BAY,Placer,CA,96140,5000 N LAKE BLVD,47,00219293,31-MAR-2027
GAR WOODS GRILL & PIER,GAR WOODS GRILL & PIER,LAKE TAHOE  INC.,CARNELIAN BAY,Placer,CA,96140,5000 N LAKE BLVD,58,00219293,31-MAR-2027
BEACH HUT DELI,BEACH HUT DELI,MATHE  EMILY ANN,COLFAX,Placer,CA,95713-9798,555 S AUBURN ST,41,00666659,30-JUN-2026
COLFAX MARKET LLC,COLFAX MARKET LLC,COLFAX MARKET LLC,COLFAX,Placer,CA,95713,2 N MAIN ST,21,00511451,30-NOV-2026
COLFAX PIZZA FACTORY,COLFAX PIZZA FACTORY,SAJJ LLC,COLFAX,Placer,CA,95713-9798,555 S AUBURN ST,41,00628037,31-OCT-2026
IL PIZZAIOLO WOOD-FIRED PIZZA,IL PIZZAIOLO WOOD-FIRED PIZZA,LOSTRITTO  PETER JOSEPH JR,COLFAX,Placer,CA,95713,230 S AUBURN ST,41,00654021,30-NOV-2026
MAIN STREET PIZZA,MAIN STREET PIZZA,BASEMENT WINES INC,COLFAX,Placer,CA,95713,46 N MAIN ST,41,00475281,28-FEB-2027
MAR-VAL'S SIERRA MARKET,MAR-VAL'S SIERRA MARKET,MAR-VAL FOOD STORE NO. 4  INC.,COLFAX,Placer,CA,95713,575 S AUBURN ST,21,00545229,31-JUL-2026
ORION MINI MART,ORION MINI MART,ORION PETROLEUM MARKETING INC,COLFAX,Placer,CA,95713,300 N CANYON WAY,20,00444098,28-FEB-2027
ORION PETROLEUM MARKETING INC,ORION PETROLEUM MARKETING INC,ORION PETROLEUM MARKETING INC,COLFAX,Placer,CA,95713,400 S CANYON WAY,20,00443274,31-OCT-2026
WEIMAR COUNTRY STORE & GAS,WEIMAR COUNTRY STORE & GAS,POONIA  ROOPINDER SINGH,COLFAX,Placer,CA,95713-9635,20170 PAOLI LN,21,00628338,31-AUG-2026
RIEGO MARKET & DELI INC,RIEGO MARKET & DELI INC,RIEGO MARKET & DELI  INC.,ELVERTA,Placer,CA,95626-9305,8000 PLEASANT GROVE RD,20,00617881,30-NOV-2026
HADSEL MILL WINES,HADSEL MILL WINES,HADSEL MILL WINES LLC,FORESTHILL,Placer,CA,95631-9264,18399 FORESTHILL RD,02,00653308,30-JUN-2027
MOUNTAIN CLUB,MOUNTAIN CLUB,HUTTO  LAURA LYNETTE,FORESTHILL,Placer,CA,95631,24620 MAIN ST,47,00603299,31-MAR-2027
ASIAN BLOSSOM,ASIAN BLOSSOM,CHI  NGHI A,GRANITE BAY,Placer,CA,95746-5936,4120 DOUGLAS BLVD,41,00599768,30-NOV-2026
AVATAR INDIAN BISTRO,AVATAR INDIAN BISTRO,DHABA & RESTAURANT,GRANITE BAY,Placer,CA,95746,8657 AUBURN FOLSOM RD,41,00632329,31-DEC-2026
CASA DEL LAGO RESTAURANT,CASA DEL LAGO RESTAURANT,EL PALMAR MEXICAN RESTAURANT CORP.,GRANITE BAY,Placer,CA,95746-9367,8570 AUBURN FOLSOM RD,47,00624744,31-AUG-2026
CHIPOTLE MEXICAN GRILL STORE #4186,CHIPOTLE MEXICAN GRILL STORE #4186,CHIPOTLE MEXICAN GRILL INC,GRANITE BAY,Placer,CA,95746,6981 DOUGLAS BLVD,41,00632860,30-JUN-2026
DNA WINE LOUNGE,DNA WINE LOUNGE,DNA WINES LLC,GRANITE BAY,Placer,CA,95746,9719 VILLAGE CENTER DR,42,00648968,31-OCT-2026
DOMINICKS ITALIAN MARKET & DELI,DOMINICKS ITALIAN MARKET & DELI,4G MARKETPLACE LLC,GRANITE BAY,Placer,CA,95746,8617-21 AUBURN FOLSOM RD,47,00636040,31-MAY-2027
DOMINICKS ITALIAN MARKET & DELI,DOMINICKS ITALIAN MARKET & DELI,4G MARKETPLACE LLC,GRANITE BAY,Placer,CA,95746,8621 AUBURN FOLSOM RD,41,00636203,30-APR-2027
GRANITE BAY CHINESE RESTAURANT,GRANITE BAY CHINESE RESTAURANT,RONG 168 INC,GRANITE BAY,Placer,CA,95746,6875 DOUGLAS BLVD,41,00654092,31-DEC-2026
GRANITE BAY GOLF CLUB,GRANITE BAY GOLF CLUB,GRANITE BAY GOLF CLUB INC,GRANITE BAY,Placer,CA,95746-6721,9600 GOLF CLUB DR,57,00299360,31-OCT-2026
GRANITE BAY GOLF CLUB,GRANITE BAY GOLF CLUB,GRANITE BAY GOLF CLUB INC,GRANITE BAY,Placer,CA,95746-6721,9600 GOLF CLUB DR,58,00299360,31-OCT-2026
GRANITE BAY GOLF CLUB SNACK SHACK,GRANITE BAY GOLF CLUB SNACK SHACK,GRANITE BAY GOLF CLUB INC,GRANITE BAY,Placer,CA,95746-6721,9600 GOLF CLUB DR,41,00299354,30-SEP-2026
HAZUMI SUSHI BAR,HAZUMI SUSHI BAR,HUONG GIAN INC,GRANITE BAY,Placer,CA,95746-6202,8685 AUBURN FOLSOM RD,41,00532055,31-MAY-2027
KIKU JAPANESE CUISINE,KIKU JAPANESE CUISINE,KIKUMASU INC.,GRANITE BAY,Placer,CA,95746-6218,5550 DOUGLAS BLVD,41,00666339,30-JUN-2026
MOUNT SAINT JOSEPH WINES,MOUNT SAINT JOSEPH WINES,MOUNT SAINT JOSEPH WINES  LLC,GRANITE BAY,Placer,CA,95746-6202,8629 AUBURN FOLSOM RD,02,00599790,30-JUN-2027
MOUNT SAINT JOSEPH WINES,MOUNT SAINT JOSEPH WINES,MOUNT SAINT JOSEPH WINES  LLC,GRANITE BAY,Placer,CA,95746-7361,6635 CAVITT STALLMAN RD,02,00663790,30-JUN-2027
MOUNT SAINT JOSEPH WINES,MOUNT SAINT JOSEPH WINES,MOUNT SAINT JOSEPH WINES  LLC,GRANITE BAY,Placer,CA,95746-7361,6635 CAVITT STALLMAN RD,81,00663790,30-JUN-2027
MOUNTAIN MIKE'S PIZZA,MOUNTAIN MIKE'S PIZZA,ROBIN 24K INC,GRANITE BAY,Placer,CA,95746-6257,6811 DOUGLAS BLVD,41,00639393,31-AUG-2026
NUGGET MARKET,NUGGET MARKET,NUGGET MARKET INC,GRANITE BAY,Placer,CA,95746-5900,4080 DOUGLAS BLVD,21,00666026,30-JUN-2027
NUGGET MARKET,NUGGET MARKET,NUGGET MARKET INC,GRANITE BAY,Placer,CA,95746-5900,4080 DOUGLAS BLVD,41,00666026,30-JUN-2027
NUGGET MARKET,NUGGET MARKET,NUGGET MARKET INC,GRANITE BAY,Placer,CA,95746-5900,4080 DOUGLAS BLVD,86,00666026,30-JUN-2027
OAK LEAF CAFE,OAK LEAF CAFE,AMIN799 INC,GRANITE BAY,Placer,CA,95746-6293,5540 DOUGLAS BLVD,47,00677028,31-MAR-2027
ROUND TABLE PIZZA,ROUND TABLE PIZZA,EJS PIZZA CO,GRANITE BAY,Placer,CA,95661-5993,8755 SIERRA COLLEGE BLVD,41,00371610,
ROUND TABLE PIZZA,ROUND TABLE PIZZA,CIRCLE PIZZA LLC,GRANITE BAY,Placer,CA,95661-5993,8755 SIERRA COLLEGE BLVD,41,00584202,30-SEP-2026
SEASON KITCHEN,SEASON KITCHEN,BEST DIM SUM LLC,GRANITE BAY,Placer,CA,95746,8675 AUBURN FOLSOM RD,41,00646627,31-MAY-2027
SUSIES COUNTRY OAKS CAFE,SUSIES COUNTRY OAKS CAFE,JH MORIN ENTERPRISES INC,GRANITE BAY,Placer,CA,95746,8595 AUBURN FOLSOM RD,41,00417189,30-SEP-2026
TWIN ROCKS ESTATE VINEYARDS AND WINERY  INC,TWIN ROCKS ESTATE VINEYARDS AND WINERY  INC,TWIN ROCKS ESTATE VINEYARDS AND WINERY INC.,GRANITE BAY,Placer,CA,95746-7361,6635 CAVITT STALLMAN RD,02,00671589,30-JUN-2026
YOSHI RAMEN AND SUSHI,YOSHI RAMEN AND SUSHI,GENJI 91 LLC,GRANITE BAY,Placer,CA,95746-6259,6869 DOUGLAS BLVD,41,00671004,30-SEP-2026
SWISS LAKEWOOD RESTAURANT,SWISS LAKEWOOD RESTAURANT,RB TAHOE  INC.,HOMEWOOD,Placer,CA,96141,5055 W LAKE BLVD,47,00605863,31-JUL-2026
WEST SHORE CAFE,WEST SHORE CAFE,JMA WEST SHORE MANAGER LLC,HOMEWOOD,Placer,CA,96141,5160 W LAKE BLVD,47,00505254,28-FEB-2027
WEST SHORE CAFE,WEST SHORE CAFE,JMA WEST SHORE MANAGER LLC,HOMEWOOD,Placer,CA,96141,5160 W LAKE BLVD,58,00505254,28-FEB-2027
ASIAN VIBES,ASIAN VIBES,THU  AR KAR MYO,KINGS BEACH,Placer,CA,96143,8159 N LAKE BLVD,41,00659458,31-JUL-2026
KINGS BEACH LIQUOR,KINGS BEACH LIQUOR,GONDAL  RAVI,KINGS BEACH,Placer,CA,96143,8645 N LAKE BLVD,21,00510874,30-JUN-2027
LA MEXICANA MARKET,LA MEXICANA MARKET,LA MEXICANA INVESTMENTS INC,KINGS BEACH,Placer,CA,96143,8515 BROOK AVE,20,00446329,31-JAN-2027
LA MEXICANA MARKET,LA MEXICANA MARKET,LA MEXICANA INVESTMENTS INC,KINGS BEACH,Placer,CA,96143,8515 BROOK AVE,41,00446329,30-APR-2027
LANZAS RESTAURANT,LANZAS RESTAURANT,LANZA  JOSEPH SALVATOR,KINGS BEACH,Placer,CA,96143,7739 N LAKE BLVD,47,00201986,30-JUN-2026
TACOS JALISCO,TACOS JALISCO,MARTINEZ  ROSINA C,KINGS BEACH,Placer,CA,96143,8717 N LAKE TAHOE BLVD,41,00403412,30-SEP-2026
TAHOE CENTRAL MARKET INC.,TAHOE CENTRAL MARKET INC.,TAHOE CENTRAL MARKET LLC,KINGS BEACH,Placer,CA,96143,8487 N LAKE BLVD,41,00533647,30-NOV-2026
THE GRID BAR & GRILL,THE GRID BAR & GRILL,MCCOLGANS CORP,KINGS BEACH,Placer,CA,96143,8545 N LAKE BLVD,47,00487156,30-APR-2027
TREE HOUSE CAFE,TREE HOUSE CAFE,ADAMO BRAUN LLC,KINGS BEACH,Placer,CA,96143,8160 N LAKE BLVD,41,00641940,30-NOV-2026
WHITECAPS PIZZA,WHITECAPS PIZZA,WARD CREEK  LLC,KINGS BEACH,Placer,CA,96143,8290 N LAKE BLVD,41,00602019,31-MAY-2027
7 ELEVEN STORE 2364-39471,7 ELEVEN STORE 2364-39471,7 ELEVEN INC,LINCOLN,Placer,CA,95648-1811,320 LINCOLN BLVD,20,00511325,30-JUN-2026
BEACH HUT DELI,BEACH HUT DELI,JAGS947 INC.,LINCOLN,Placer,CA,95648-3306,110 GATEWAY DR,41,00646380,31-MAY-2027
BLACK LAMB WINE,BLACK LAMB WINE,ROBBINS  STETSON THOMAS,LINCOLN,Placer,CA,95648-7969,3445 PASEO MIRA VISTA,17,00605318,30-JUN-2027
BLACK LAMB WINE,BLACK LAMB WINE,ROBBINS  STETSON THOMAS,LINCOLN,Placer,CA,95648-7969,3445 PASEO MIRA VISTA,20,00605318,30-JUN-2027
BLACK LAMB WINE,BLACK LAMB WINE,ROBBINS  STETSON THOMAS,LINCOLN,Placer,CA,95648-7969,3445 PASEO MIRA VISTA,09,00605318,30-JUN-2027
BRICK & BARREL KITCHEN + BAR,BRICK & BARREL KITCHEN + BAR,BRICK & BARREL LLC,LINCOLN,Placer,CA,95648,155 JOINER PKWY,75,00651446,31-JAN-2027
BRICK & BARREL KITCHEN + BAR,BRICK & BARREL KITCHEN + BAR,BRICK & BARREL LLC,LINCOLN,Placer,CA,95648,155 JOINER PKWY,77,00651446,31-JAN-2027
BROTHERS TAPHOUSE,BROTHERS TAPHOUSE,BROTHERS TAPHOUSE LLC,LINCOLN,Placer,CA,95648,2270 NICOLAUS RD,42,00632520,30-APR-2027
CASA RAMOS MEXICAN RESTAURANT,CASA RAMOS MEXICAN RESTAURANT,RAMOS & LECONA VENTURES LLC,LINCOLN,Placer,CA,95648-9333,925 S STATE HIGHWAY 65,77,00484950,
CASA RAMOS MEXICAN RESTAURANT,CASA RAMOS MEXICAN RESTAURANT,RAMOS & LECONA VENTURES LLC,LINCOLN,Placer,CA,95648,920 STERLING PKWY,47,00484950,31-DEC-2026
CASA RAMOS MEXICAN RESTAURANT,CASA RAMOS MEXICAN RESTAURANT,RAMOS & LECONA VENTURES LLC,LINCOLN,Placer,CA,95648,920 STERLING PKWY,77,00484950,31-DEC-2026
CASA RAMOS MEXICAN RESTAURANT,CASA RAMOS MEXICAN RESTAURANT,RAMOS & LECONA VENTURES LLC,LINCOLN,Placer,CA,95648-9333,925 S STATE HIGHWAY 65,47,00484950,
CATTA VERDERA COUNTRY CLUB,CATTA VERDERA COUNTRY CLUB,CRSTB LLC,LINCOLN,Placer,CA,95648,1111 CATTA VERDERA,47,00389650,31-DEC-2026
CVS PHARMACY STORE 9535,CVS PHARMACY STORE 9535,GARFIELD BEACH CVS LLC,LINCOLN,Placer,CA,95648,63 LINCOLN BLVD,21,00477933,31-MAY-2027
DORA DAIN FARMS/DORA DAIN WINES,DORA DAIN FARMS/DORA DAIN WINES,BLACK  WILLIAM JUSTIN III,LINCOLN,Placer,CA,95648-9757,2560 CROSBY HEROLD RD,02,00603319,30-JUN-2026
DORA DAIN FARMS/DORA DAIN WINES,DORA DAIN FARMS/DORA DAIN WINES,BLACK  WILLIAM JUSTIN III,LINCOLN,Placer,CA,95648-9757,2560 CROSBY HEROLD RD,81,00603319,30-JUN-2026
EASY COMPANY CAFE,EASY COMPANY CAFE,EASY COMPANY CAFE LLC,LINCOLN,Placer,CA,95648,542 5TH ST,41,00646686,28-FEB-2027
FULL STOP MARKET INC,FULL STOP MARKET INC,RSP & SINGHS INC,LINCOLN,Placer,CA,95648-1847,561 5TH ST,20,00655872,31-MAR-2027
HOUSE OF PIZZA,HOUSE OF PIZZA,HOUSE OF PIZZA LLC,LINCOLN,Placer,CA,95648,721 STERLING PARKWAY,41,00640932,30-NOV-2026
KILAGA CAFE,KILAGA CAFE,SUN CITY LINCOLN HILLS COMMUNITY ASSOCIATION,LINCOLN,Placer,CA,95648-7804,1167 SUN CITY BLVD,41,00482856,30-SEP-2026
KOBE TEPPANYAKI AND SUSHI,KOBE TEPPANYAKI AND SUSHI,KOBE HIBACHI LINCOLN INC,LINCOLN,Placer,CA,95648-7413,131 FERRARI RANCH RD,41,00663848,31-OCT-2026
LA VILLA COCINA MEXICANA,LA VILLA COCINA MEXICANA,LOPEZ  VICTOR CASTANEDA,LINCOLN,Placer,CA,95648,155 JOINER PKWY,41,00399007,31-AUG-2026
LEGACY SPORTS BAR AND GRILL,LEGACY SPORTS BAR AND GRILL,RACEDAY CYCLE INC.,LINCOLN,Placer,CA,95648-8813,825 TWELVE BRIDGES DR,41,00600271,31-DEC-2026
LINCOLN HILLS GOLF CLUB,LINCOLN HILLS GOLF CLUB,BLACK DOG PROPERTIES LH  LLC,LINCOLN,Placer,CA,95648-8443,1005 SUN CITY LN,40,00638014,30-JUN-2027
LINCOLN PIZZA,LINCOLN PIZZA,SSB FOODS INC,LINCOLN,Placer,CA,95648-9344,2270 NICOLAUS RD,41,00675563,30-APR-2027
LOST SHAKER BAR & GRILL,LOST SHAKER BAR & GRILL,OHMYTACOS  INC.,LINCOLN,Placer,CA,95648-1871,605 LINCOLN BLVD,47,00663586,31-DEC-2026
LOST SHAKER BAR & GRILL,LOST SHAKER BAR & GRILL,OHMYTACOS  INC.,LINCOLN,Placer,CA,95648-1871,605 LINCOLN BLVD,58,00663586,31-DEC-2026
MEXICAN DELI,MEXICAN DELI,ARIAS  JUANITA V,LINCOLN,Placer,CA,95648,761 5TH ST,41,00415312,31-AUG-2026
MOUNTAIN MIKES PIZZA,MOUNTAIN MIKES PIZZA,SUTTER PLACER FOOD INC,LINCOLN,Placer,CA,95648,825 S STATE HIGHWAY 65,41,00425728,30-JUN-2026
OAK CAFE,OAK CAFE,NOUZARI  IRAJ,LINCOLN,Placer,CA,95648-7801,1500 DEL WEBB BLVD,41,00674957,28-FEB-2027
OLD TOWN PIZZA,OLD TOWN PIZZA,BBC FAMILY EATERIES  INC.,LINCOLN,Placer,CA,95648-1814,599 LINCOLN BLVD,41,00603227,31-AUG-2026
ORCHID THAI CUISINE,ORCHID THAI CUISINE,TCHANG  HOA GIA,LINCOLN,Placer,CA,95648-8818,835 TWELVE BRIDGES DR,47,00526560,30-SEP-2026
RANCHO ROBLES WINERY  L.L.C.,RANCHO ROBLES WINERY  L.L.C.,RANCHO ROBLES WINERY  L.L.C.,LINCOLN,Placer,CA,95648,340 FLEMING RD,02,00588674,30-JUN-2027
RANCHO ROBLES WINERY  L.L.C.,RANCHO ROBLES WINERY  L.L.C.,RANCHO ROBLES WINERY  L.L.C.,LINCOLN,Placer,CA,95648,340 FLEMING RD,81,00588674,30-JUN-2027
REBEL HEN CAFE,REBEL HEN CAFE,REBEL HEN ENTERPRISES  INC.,LINCOLN,Placer,CA,95648-1869,436 LINCOLN BLVD,41,00658504,31-JUL-2026
RED ROBIN BURGER & SPIRITS EMPORIUMS,RED ROBIN BURGER & SPIRITS EMPORIUMS,RED ROBIN BURGER & SPIRITS EMPORIUMS,LINCOLN,Placer,CA,95648,751 E JOINER PKWY,47,00466549,30-SEP-2026
ROUND TABLE PIZZA,ROUND TABLE PIZZA,EXCALIBUR PIZZA LLC,LINCOLN,Placer,CA,95648,73 LINCOLN BLVD,41,00376295,31-DEC-2026
RUM THAI BISTRO,RUM THAI BISTRO,SAETERN   SAN LOUANG,LINCOLN,Placer,CA,95648-7337,880 STERLING PARKWAY,41,00563970,30-NOV-2026
SIINO'S PASTA & GRILL,SIINO'S PASTA & GRILL,SPAGHETTI EMPIRE  INC.,LINCOLN,Placer,CA,95648-8812,815 TWELVE BRIDGES DR,41,00564878,28-FEB-2027
SMOKIN' BARREL WINERY,SMOKIN' BARREL WINERY,CORBETT  MITCHELL ALEXANDER,LINCOLN,Placer,CA,95648,3700 WISE RD,02,00624924,30-JUN-2027
SMOKIN' BARREL WINERY,SMOKIN' BARREL WINERY,CORBETT  MITCHELL ALEXANDER,LINCOLN,Placer,CA,95648,3700 WISE RD,81,00624924,30-JUN-2027
SPROUTS FARMERS MARKET,SPROUTS FARMERS MARKET,SF MARKETS LLC,LINCOLN,Placer,CA,95648-7421,115 FERRARI RANCH RD,20,00573654,31-MAR-2027
STERLING CAFE,STERLING CAFE,NOOR A M INC,LINCOLN,Placer,CA,95648,820 STERLING PKWY #10,41,00512171,31-DEC-2026
TOP THAI KITCHEN,TOP THAI KITCHEN,SNOW  RUNGSRI SALASWAT,LINCOLN,Placer,CA,95648,150 LINCOLN BLVD,41,00656831,31-MAR-2027
TURKEY CREEK GOLF CLUB,TURKEY CREEK GOLF CLUB,WILSON GOLF MANAGEMENT  LLC,LINCOLN,Placer,CA,95648-9639,1525 STATE ROUTE 193,47,00618201,30-SEP-2026
URBANOS MEXICAN RESTAURANT,URBANOS MEXICAN RESTAURANT,TOVAR  URBANO CASTILLO SR,LINCOLN,Placer,CA,95648-8816,855 TWELVE BRIDGES DR,41,00524420,31-AUG-2026
WALMART NEIGHBORHOOD MARKET 5979,WALMART NEIGHBORHOOD MARKET 5979,WALMART INC.,LINCOLN,Placer,CA,95648-1880,255 LINCOLN BLVD,21,00523873,30-JUN-2027
WALMART NEIGHBORHOOD MARKET 5979,WALMART NEIGHBORHOOD MARKET 5979,WALMART INC.,LINCOLN,Placer,CA,95648-1880,255 LINCOLN BLVD,86,00523873,30-JUN-2027
WISE VILLA WINERY,WISE VILLA WINERY,WISE VILLA WINERY LLC,LINCOLN,Placer,CA,95648-8528,4100 WISE RD,02,00479243,30-JUN-2027
WISE VILLA WINERY,WISE VILLA WINERY,WISE VILLA WINERY LLC,LINCOLN,Placer,CA,95648-8528,4100 WISE RD,81,00479243,30-JUN-2027
ZAKURO SUSHI,ZAKURO SUSHI,FISH FACTORY INC,LINCOLN,Placer,CA,95648,835 TWELVE BRIDGES DR,41,00446580,
ZAKURO SUSHI,ZAKURO SUSHI,FISH FACTORY INC,LINCOLN,Placer,CA,95648,835 TWELVE BRIDGES DR,41,00446580,31-MAR-2027
ZEBRA TOWN DELI & LIQUOR,ZEBRA TOWN DELI & LIQUOR,M&S GREWALZ INC,LINCOLN,Placer,CA,95648,98 LINCOLN BLVD,21,00667949,30-NOV-2026
CASQUE WINES,CASQUE WINES,CASQUE WINES LLC,LOOMIS,Placer,CA,95650,9280 HORSESHOE BAR RD,02,00527822,30-JUN-2026
CASQUE WINES,CASQUE WINES,CASQUE WINES LLC,LOOMIS,Placer,CA,95650-7607,3273 SWETZER ROAD,02,00513677,30-JUN-2026
CASQUE WINES,CASQUE WINES,CASQUE WINES LLC,LOOMIS,Placer,CA,95650-7607,3273 SWETZER ROAD,81,00513677,30-JUN-2026
FLOWER FARM CAFE,FLOWER FARM CAFE,FLOWERHAUS INC,LOOMIS,Placer,CA,95650-9709,9280 HORSESHOE BAR RD,41,00641329,31-DEC-2026
GANDER TAPHOUSE,GANDER TAPHOUSE,GANDER TAPHOUSE LLC,LOOMIS,Placer,CA,95650,3550 TAYLOR RD,41,00595390,30-NOV-2026
GREEN ELEPHANT RESTAURANT,GREEN ELEPHANT RESTAURANT,GREEN ELEPHANT CORPORATION,LOOMIS,Placer,CA,95650,5911 KING RD,41,00518216,31-JAN-2027
GREEN ELEPHANT RESTAURANT,GREEN ELEPHANT RESTAURANT,GREEN ELEPHANT CORPORATION,LOOMIS,Placer,CA,95650,5911 KING RD,41,00518216,
HIGH HAND CAFE,HIGH HAND CAFE,SCOTT PARIS ENTERPRISES  INC.,LOOMIS,Placer,CA,95650-9226,3790 & 3750 TAYLOR RD,47,00573262,28-FEB-2027
HIGH HAND CAFE,HIGH HAND CAFE,SCOTT PARIS ENTERPRISES  INC.,LOOMIS,Placer,CA,95650-9226,3790 & 3750 TAYLOR RD,58,00573262,28-FEB-2027
HILL TOP OAKS WINERY,HILL TOP OAKS WINERY,HILL TOP OAKS  LLC,LOOMIS,Placer,CA,95650-8517,4150 RIDGE DR,02,00615194,30-JUN-2026
IL PIZZAIOLO,IL PIZZAIOLO,PIZZARIDDU LLC,LOOMIS,Placer,CA,95650,3640 TAYLOR RD,41,00543147,30-JUN-2027
INDIAN CREEK COUNTRY CLUB,INDIAN CREEK COUNTRY CLUB,INDIAN CREEK COUNTRY CLUB,LOOMIS,Placer,CA,95650-9070,4487 BARTON RD,41,00511326,31-AUG-2026
LIBERAL BULL LOUNGE,LIBERAL BULL LOUNGE,BAILEY  PETER SCOTT,LOOMIS,Placer,CA,95650,3593 TAYLOR RD,48,00667477,31-JUL-2027
LOOMIS BASIN BREWING CO GASTRO PUB &SMOKE HOUSE,LOOMIS BASIN BREWING CO GASTRO PUB &SMOKE HOUSE,LOOMIS BASIN BREWING COMPANY  INC.,LOOMIS,Placer,CA,95650,3640 TAYLOR RD,47,00599942,31-MAY-2027
LOOMIS BASIN BREWING CO GASTRO PUB &SMOKE HOUSE,LOOMIS BASIN BREWING CO GASTRO PUB &SMOKE HOUSE,LOOMIS BASIN BREWING COMPANY  INC.,LOOMIS,Placer,CA,95650,3640 TAYLOR RD,58,00599942,31-MAY-2027
LOOMIS BASIN BREWING CO GASTRO PUB &SMOKE HOUSE,LOOMIS BASIN BREWING CO GASTRO PUB &SMOKE HOUSE,LOOMIS BASIN BREWING COMPANY  INC.,LOOMIS,Placer,CA,95650,3640 TAYLOR RD,77,00599942,31-MAY-2027
LOOMIS CHINESE RESTAURANT,LOOMIS CHINESE RESTAURANT,HAPPY Y & A CORPORATION,LOOMIS,Placer,CA,95650,5911 KING RD,41,00614754,28-FEB-2027
LOOMIS PIZZA FACTORY,LOOMIS PIZZA FACTORY,LOMBARDI  ERIC V,LOOMIS,Placer,CA,95650,5831 HORSESHOE BAR RD,41,00386736,31-MAR-2027
ROUND TABLE PIZZA,ROUND TABLE PIZZA,BRENNAN  CHARLES PAUL,LOOMIS,Placer,CA,95650,6111 HORSESHOE BAR RD,41,00334304,30-SEP-2026
STONE TREE LIQUOR & FOOD,STONE TREE LIQUOR & FOOD,P & SB  INC.,LOOMIS,Placer,CA,95650-9260,3853 TAYLOR RD,21,00619259,31-DEC-2026
STONE TREE LIQUOR & FOOD,STONE TREE LIQUOR & FOOD,P & SB  INC.,LOOMIS,Placer,CA,95650-9260,3853 TAYLOR RD,86,00619259,31-DEC-2026
WOODYS MARKET & DELI,WOODYS MARKET & DELI,WOODYS MARKET & DELI INC,LOOMIS,Placer,CA,95650-9074,5911 KING RD,21,00548197,31-AUG-2026
HOLIDAY MARKET #61,HOLIDAY MARKET #61,NORTH STATE GROCERY INC,MEADOW VISTA,Placer,CA,95722,16981 PLACER HILLS RD,21,00366553,30-JUN-2026
HOLIDAY MARKET #61,HOLIDAY MARKET #61,NORTH STATE GROCERY INC,MEADOW VISTA,Placer,CA,95722,16981 PLACER HILLS RD,21,00366553,
MEADOW VISTA MARKET,MEADOW VISTA MARKET,MEADOW VISTA MARKET INC,MEADOW VISTA,Placer,CA,95722-9531,16893-16895 PLACER HILLS RD,21,00630606,30-JUN-2027
MEADOW VISTA MARKET,MEADOW VISTA MARKET,MEADOW VISTA MARKET INC,MEADOW VISTA,Placer,CA,95722-9531,16893-16895 PLACER HILLS RD,86,00630606,30-JUN-2027
MOUNTAIN MIKES PIZZA,MOUNTAIN MIKES PIZZA,SINGH  JAGDEEP,MEADOW VISTA,Placer,CA,95722,16810 PLACER HILLS RD,41,00650980,31-OCT-2026
THE LOCAL CAFE,THE LOCAL CAFE,THE LOCAL CAFE LLC,MEADOW VISTA,Placer,CA,95722-9531,16897 PLACER HILLS RD,41,00638480,31-JUL-2026
THE TIN LANTERN BAR & GRILL,THE TIN LANTERN BAR & GRILL,THE TIN LANTERN LLC,MEADOW VISTA,Placer,CA,95722-9508,17100 PLACER HILLS RD,47,00638786,31-AUG-2026
THE TIN LANTERN BAR & GRILL,THE TIN LANTERN BAR & GRILL,THE TIN LANTERN LLC,MEADOW VISTA,Placer,CA,95722-9508,17100 PLACER HILLS RD,58,00638786,31-AUG-2026
CAROLS MARKET AND DELI INC,CAROLS MARKET AND DELI INC,CAROLS MARKET & DELI INC,NEWCASTLE,Placer,CA,95658,235 TAYLOR RD,20,00489419,31-JUL-2026
COLLIER-BARNETT,COLLIER-BARNETT,COLLIER-BARNETT CONSULTING LLC,NEWCASTLE,Placer,CA,95658-9333,9575 HAPPY HOLLOW LANE,17,00619033,30-APR-2026
COLLIER-BARNETT,COLLIER-BARNETT,COLLIER-BARNETT CONSULTING LLC,NEWCASTLE,Placer,CA,95658-9333,9575 HAPPY HOLLOW LANE,18,00619033,30-APR-2026
COLLIER-BARNETT,COLLIER-BARNETT,COLLIER-BARNETT CONSULTING LLC,NEWCASTLE,Placer,CA,95658-9333,9575 HAPPY HOLLOW LANE,12,00619033,30-APR-2026
NEWCASTLE MINI MART,NEWCASTLE MINI MART,LAIWALA  NOORALLAH NUREDIN,NEWCASTLE,Placer,CA,95658-9490,9300 CHANTRY HILL RD,21,00537214,31-DEC-2026
NEWCASTLE WINE SHOPPE,NEWCASTLE WINE SHOPPE,DAVIS  CLAYTON SCOTT,NEWCASTLE,Placer,CA,95658-9359,455 MAIN ST,42,00601736,31-JAN-2027
QUALITY MARKET,QUALITY MARKET,BHATTARAI  TANK PRASAD,NEWCASTLE,Placer,CA,95658,470 MAIN ST,21,00646337,31-JUL-2026
ALICES MOUNTAIN MARKET,ALICES MOUNTAIN MARKET,CALHOUN  MARK NELSON,OLYMPIC VALLEY,Placer,CA,96146,1850 VILLAGE SOUTH C1-A,21,00463432,31-MAY-2027
AULD DUBLINER IRISH PUB,AULD DUBLINER IRISH PUB,AULD DUBLINER TAHOE INC.,OLYMPIC VALLEY,Placer,CA,96146,1850 VILLAGE SOUTH RD,47,00666456,31-MAY-2027
AULD DUBLINER IRISH PUB,AULD DUBLINER IRISH PUB,AULD DUBLINER TAHOE INC.,OLYMPIC VALLEY,Placer,CA,96146,1850 VILLAGE SOUTH RD,58,00666456,31-MAY-2027
BEARSHINE CAFE,BEARSHINE CAFE,TRAVEL TRADERS HOTEL STORES INC,OLYMPIC VALLEY,Placer,CA,96146,400 SQUAW CREEK RD,20,00627669,31-OCT-2026
COFFEEBAR OLYMPIC VALLEY,COFFEEBAR OLYMPIC VALLEY,G COFFEEBAR TRUCKEE  LLC,OLYMPIC VALLEY,Placer,CA,96146-9779,1750 VILLAGE EAST RD,41,00578020,28-FEB-2027
FIRESIDE PIZZA COMPANY,FIRESIDE PIZZA COMPANY,FIRESIDE PIZZA TRG  LLC,OLYMPIC VALLEY,Placer,CA,96146,1985 SQUAW VALLEY RD,41,00667509,31-MAY-2027
LITTLE BEAR CAFE,LITTLE BEAR CAFE,PALISADES TAHOE FOOD & BEVERAGE  LLC,OLYMPIC VALLEY,Placer,CA,96146,1985 OLYMPIC VALLEY RD,47,00660682,31-MAR-2027
LITTLE BEAR CAFE,LITTLE BEAR CAFE,PALISADES TAHOE FOOD & BEVERAGE  LLC,OLYMPIC VALLEY,Placer,CA,96146,1985 OLYMPIC VALLEY RD,77,00660682,31-MAR-2027
TREMIGO MEXICAN KITCHEN & TEQUILA BAR,TREMIGO MEXICAN KITCHEN & TEQUILA BAR,TREMIGO TAHOE  INC.,OLYMPIC VALLEY,Placer,CA,96146,1850 VILLAGE SOUTH RD,47,00614052,31-JAN-2027
TREMIGO MEXICAN KITCHEN & TEQUILA BAR,TREMIGO MEXICAN KITCHEN & TEQUILA BAR,TREMIGO TAHOE  INC.,OLYMPIC VALLEY,Placer,CA,96146,1850 VILLAGE SOUTH RD,47,00614052,31-JAN-2027
TREMIGO MEXICAN KITCHEN & TEQUILA BAR,TREMIGO MEXICAN KITCHEN & TEQUILA BAR,TREMIGO TAHOE  INC.,OLYMPIC VALLEY,Placer,CA,96146,1850 VILLAGE SOUTH RD,58,00614052,31-JAN-2027
BEACH HUT DELI,BEACH HUT DELI,BEACH HUT ROCKLIN  INC,PENRYN,Placer,CA,95663-9400,2210 TAYLOR RD,41,00567737,31-AUG-2026
FAST PAK MARKET,FAST PAK MARKET,CHHEU  CORP,PENRYN,Placer,CA,95663,2210 TAYLOR RD,21,00555237,30-APR-2027
PENRYN GAS & LIQUOR,PENRYN GAS & LIQUOR,RANDHAWA  GURBIR SINGH,PENRYN,Placer,CA,95663-9603,3145 PENRYN RD,21,00564328,28-FEB-2027
PENRYN GRILL,PENRYN GRILL,PENRYN ENTERPRISES INC,PENRYN,Placer,CA,95663-9607,3142 BOYINGTON RD,41,00659155,30-JUN-2027
VALENCIA CLUB,VALENCIA CLUB,TMD VC GROUP LLC,PENRYN,Placer,CA,95663-9401,2162 TAYLOR RD,47,00644048,31-MAY-2027
VALENCIA CLUB,VALENCIA CLUB,TMD VC GROUP LLC,PENRYN,Placer,CA,95663-9401,2162 TAYLOR RD,47,00644048,31-MAY-2027
7 ELEVEN STORE #2364-35994A,7 ELEVEN STORE #2364-35994A,7 ELEVEN INC,ROCKLIN,Placer,CA,95677-3712,5903 SUNSET BLVD,20,00535869,30-JUN-2027
7 ELEVEN STORE 2364-32636B,7 ELEVEN STORE 2364-32636B,7 ELEVEN INC,ROCKLIN,Placer,CA,95677,4281 SIERRA COLLEGE BLVD,20,00596084,30-JUN-2027
7 ELEVEN STORE 2364-35877B,7 ELEVEN STORE 2364-35877B,7 ELEVEN INC,ROCKLIN,Placer,CA,95765-4408,6681 BLUE OAKS BLVD,20,00552277,30-JUN-2027
7-ELEVEN STORE #2364-34671B,7-ELEVEN STORE #2364-34671B,7 ELEVEN INC,ROCKLIN,Placer,CA,95765-4414,6001 STANFORD RANCH RD,20,00560836,30-JUN-2027
ANATOLIAN TABLE RESTAURANT,ANATOLIAN TABLE RESTAURANT,ANATOLIAN CORPORATION,ROCKLIN,Placer,CA,95765,6688 LONETREE BLVD #400,41,00638990,30-JUN-2026
APPLEBEES NEIGHBORHOOD GRILL & BAR,APPLEBEES NEIGHBORHOOD GRILL & BAR,APPLE NORCAL LLC,ROCKLIN,Placer,CA,95765,6811 LONETREE BLVD,47,00558477,31-DEC-2026
BANGKOK CITY THAI CUISINE,BANGKOK CITY THAI CUISINE,FORD  DHANEERAT C,ROCKLIN,Placer,CA,95677,5050 ROCKLIN RD,41,00611547,31-DEC-2026
BARREL LIQUOR,BARREL LIQUOR,BARREL LIQUOR,ROCKLIN,Placer,CA,95765,2340 SUNSET BLVD,21,00664725,31-MAR-2027
BARREL LIQUOR,BARREL LIQUOR,BARREL LIQUOR,ROCKLIN,Placer,CA,95765,2340 SUNSET BLVD,86,00664725,31-MAR-2027
BEACH HUT DELI,BEACH HUT DELI,DF CROSSINGS LLC,ROCKLIN,Placer,CA,95677,5406 CROSSINGS DR,41,00673626,30-NOV-2026
BEACH HUT DELI ROCKLIN,BEACH HUT DELI ROCKLIN,BEACH HUT ROCKLIN  INC,ROCKLIN,Placer,CA,95677-4796,6761 STANFORD RANCH RD,41,00551850,31-MAR-2027
BENNETTS WESTSIDE GRILL,BENNETTS WESTSIDE GRILL,BENNETT'S CENTRAL MARKET-3  LLC,ROCKLIN,Placer,CA,95765-3738,6604 LONETREE BLVD,47,00631254,31-DEC-2026
BOSPHORUS TURKISH CUISINE,BOSPHORUS TURKISH CUISINE,BOSPHORUS TURKISH CUISINE INC,ROCKLIN,Placer,CA,95677,6835 FIVE STAR BLVD,41,00677795,31-MAY-2027
BUCKHORN BBQ + GRILL,BUCKHORN BBQ + GRILL,BUCKHORN ROCKLIN  LLC,ROCKLIN,Placer,CA,95677,5430 CROSSINGS DR,41,00635112,28-FEB-2027
CAFE DELICIAS,CAFE DELICIAS,LA FAMILIA RAMIREZ INC,ROCKLIN,Placer,CA,95677-2710,5190 PACIFIC ST,41,00112986,30-JUN-2026
CALIFORNIA GRILL,CALIFORNIA GRILL,GILL  AMANDEEP SINGH,ROCKLIN,Placer,CA,95677-2167,2511 WARREN DR,41,00462916,31-JAN-2027
CASQUE WINES,CASQUE WINES,CASQUE WINES LLC,ROCKLIN,Placer,CA,95677,2208 SIERRA MEADOWS DR,02,00658746,30-JUN-2026
CELESTINOS NY PIZZA & PASTA,CELESTINOS NY PIZZA & PASTA,KEVIN CELESTINO  LLC,ROCKLIN,Placer,CA,95765-4403,6160 STANFORD RANCH RD,41,00667428,31-MAR-2027
CHIPOTLE MEXICAN GRILL #5064,CHIPOTLE MEXICAN GRILL #5064,CHIPOTLE MEXICAN GRILL INC,ROCKLIN,Placer,CA,95735,2310 SUNSET BLVD,41,00661870,30-NOV-2026
CHIPOTLE MEXICAN GRILL STORE #2316,CHIPOTLE MEXICAN GRILL STORE #2316,CHIPOTLE MEXICAN GRILL INC,ROCKLIN,Placer,CA,95677,5194 COMMONS DR,41,00544043,31-JUL-2026
CJ'S PIZZA BAR + GRILL,CJ'S PIZZA BAR + GRILL,FREDETTE  GERARD,ROCKLIN,Placer,CA,95765-5575,3221 STANFORD RANCH RD,47,00603489,31-MAR-2027
CJ'S PIZZA BAR + GRILL,CJ'S PIZZA BAR + GRILL,FREDETTE  GERARD,ROCKLIN,Placer,CA,95765-5575,3221 STANFORD RANCH RD,77,00603489,31-MAR-2027
CRACKER BARREL OLD COUNTRY STORE #756,CRACKER BARREL OLD COUNTRY STORE #756,CBOCS WEST  INC.,ROCKLIN,Placer,CA,95677-3801,4630 SIERRA COLLEGE BLVD,41,00624303,31-MAY-2027
CRAZY SUSHI,CRAZY SUSHI,CRAZY SUSHI ROCKLIN  INC.,ROCKLIN,Placer,CA,95765-3759,6696 LONETREE BLVD,41,00578535,31-MAY-2027
CVS PHARMACY STORE 2661,CVS PHARMACY STORE 2661,GARFIELD BEACH CVS LLC,ROCKLIN,Placer,CA,95677-2853,4785 GRANITE DR,21,00477729,31-MAY-2027
DON QUIXOTE'S MEXICAN GRILL,DON QUIXOTE'S MEXICAN GRILL,HYHOPES ENTERPRISES INC,ROCKLIN,Placer,CA,95765-4789,2164 SUNSET BLVD,47,00641584,31-DEC-2026
DON QUIXOTE'S MEXICAN GRILL,DON QUIXOTE'S MEXICAN GRILL,HYHOPES ENTERPRISES INC,ROCKLIN,Placer,CA,95765-4789,2164 SUNSET BLVD,47,00641584,31-DEC-2026
E-Z STOP FOOD & LIQUOR,E-Z STOP FOOD & LIQUOR,DIL BROTHERS INC,ROCKLIN,Placer,CA,95677-2436,3700 MIDAS AVE,21,00628355,31-MAR-2027
FARINHA FAMILY WINERY LLC,,FARINHA FAMILY WINERY LLC,ROCKLIN,Placer,CA,95677-2567,5250 FRONT ST,02,00535528,30-JUN-2027
GRANITE ROCK GRILLE,GRANITE ROCK GRILLE,GR GRILLE INC,ROCKLIN,Placer,CA,95677-2710,5140 PACIFIC ST,41,00665024,31-JAN-2027
HOUSE OF PIZZA,HOUSE OF PIZZA,HOUSE OF PIZZA II  LLC,ROCKLIN,Placer,CA,95677-3708,5514 PACIFIC ST,41,00650718,31-DEC-2026
ICHIBAN JAPANESE RESTAURANT,ICHIBAN JAPANESE RESTAURANT,ICHIBAN SUSHI ROCKLIN  INC,ROCKLIN,Placer,CA,95677-2854,4817 GRANITE DR,41,00590976,31-MAR-2027
IKURA JAPANESE CUISINE,IKURA JAPANESE CUISINE,A&E SNACKS MARKET LLC,ROCKLIN,Placer,CA,95677,3475 SUNSET BLVD,41,00664553,30-NOV-2026
IZUMI SUSHI,IZUMI SUSHI,IZUMI SUSHI  LLC,ROCKLIN,Placer,CA,95677,6840 FIVE STAR BLVD,41,00597191,31-OCT-2026
JIMBOY'S TACOS,JIMBOY'S TACOS,ROPER FOOD SERVICES INC,ROCKLIN,Placer,CA,95677,5401 CROSSINGS DR,41,00560494,30-SEP-2026
KAMARIS WINES  LLC,KAMARIS WINES  LLC,KAMARIS WINES  LLC,ROCKLIN,Placer,CA,95765-5372,2268 WILD PLAINS CT,02,00669787,30-JUN-2026
LIVE OAK TAVERN,LIVE OAK TAVERN,HICE  DENVER R,ROCKLIN,Placer,CA,95677,4195 PACIFIC ST,48,00398378,28-FEB-2027
MA'S PIZZA,MA'S PIZZA,SUN CHOPRA LLC,ROCKLIN,Placer,CA,95765-4416,6011 STANFORD RANCH RD,41,00676281,28-FEB-2027
MAVERIK STORES  INC,MAVERIK STORES  INC,MAVERIK INC. WHICH WILL DO BUSINESS IN CALIFORNIA,ROCKLIN,Placer,CA,95765-3702,1020 SUNSET BLVD,20,00656115,31-JUL-2027
MOD PIZZA,MOD PIZZA,EXCEED G1 LLC,ROCKLIN,Placer,CA,95677-3933,5400 CROSSINGS DR,41,00665058,28-FEB-2027
MOO MOO'S BURGER BARN,MOO MOO'S BURGER BARN,ROCKLIN MOO MOO'S LP,ROCKLIN,Placer,CA,95765-4393,2330 SUNSET BLVD,41,00560069,30-NOV-2026
MOUNTAIN MIKES PIZZA,MOUNTAIN MIKES PIZZA,SAJJAN  SURINDER SINGH,ROCKLIN,Placer,CA,95677-2263,5505 WHITNEY BLVD,41,00474782,31-DEC-2026
NEXUS LOUNGE & VR,NEXUS LOUNGE & VR,GOLDEN CONNECTION LLC,ROCKLIN,Placer,CA,95765-5999,6661 BLUE OAKS BLVD,41,00677767,30-APR-2027
NOMA SUSHI & RAMEN,NOMA SUSHI & RAMEN,NATSAG  GIIMAA,ROCKLIN,Placer,CA,95765,1240 SUNSET BLVD,41,00582559,31-JUL-2026
NUGGET MARKET,NUGGET MARKET,NUGGET MARKET INC,ROCKLIN,Placer,CA,95765,1051 WHITNEY RANCH PKWY,21,00643916,31-JUL-2026
NUGGET MARKET,NUGGET MARKET,NUGGET MARKET INC,ROCKLIN,Placer,CA,95765,1051 WHITNEY RANCH PKWY,41,00643916,31-JUL-2026
NUGGET MARKET,NUGGET MARKET,NUGGET MARKET INC,ROCKLIN,Placer,CA,95765,1051 WHITNEY RANCH PKWY,86,00643916,31-JUL-2026
OKI SUSHI,OKI SUSHI,OKI BATBAYAR INC,ROCKLIN,Placer,CA,95677-3932,5406 CROSSINGS DR,41,00614627,31-JUL-2026
PAINKILLERS PUB INC,,PAINKILLERS PUB INC,ROCKLIN,Placer,CA,95765-4791,2168 SUNSET BLVD,41,00632596,30-JUN-2026
PETES RESTAURANT & BREWHOUSE,PETES RESTAURANT & BREWHOUSE,ROCKLIN PIZZA LLC,ROCKLIN,Placer,CA,95765-4272,2210 SUNSET BLVD,47,00630560,31-OCT-2026
PK SUSHI,PK SUSHI,PK SUSHI  INC.,ROCKLIN,Placer,CA,95765-4791,2168 SUNSET BLVD,41,00519146,30-JUN-2027
POTTERY WORLD CAFE,POTTERY WORLD CAFE,POTTERY WORLD LLC,ROCKLIN,Placer,CA,95677,4419 GRANITE DR,41,00413632,30-JUN-2027
PRIMO PIZZA BURGER BREW,PRIMO PIZZA BURGER BREW,RR & NS ENTERPRISE INC,ROCKLIN,Placer,CA,95677-4247,2600 SUNSET BLVD,41,00481045,31-OCT-2026
QUIK STOP MARKET #4103,QUIK STOP MARKET #4103,QUIK STOP MARKETS INC,ROCKLIN,Placer,CA,95677,2850 SUNSET BLVD,20,00608420,30-JUN-2027
RED'S PIZZERIA & TAPHOUSE,RED'S PIZZERIA & TAPHOUSE,RED'S PIZZERIA & TAPHOUSE INC.,ROCKLIN,Placer,CA,95765-3758,6696 LONETREE BLVD,41,00628026,31-AUG-2026
RED'S PIZZERIA & TAPHOUSE,RED'S PIZZERIA & TAPHOUSE,RED'S PIZZERIA & TAPHOUSE INC.,ROCKLIN,Placer,CA,95765-3758,6696 LONETREE BLVD,58,00628026,31-AUG-2026
ROCKLIN MINI MART,ROCKLIN MINI MART,EA  PETER K,ROCKLIN,Placer,CA,95677-2028,4505 PACIFIC ST,20,00300895,31-OCT-2026
ROUND TABLE PIZZA,ROUND TABLE PIZZA,SISCO ENTERPRISES  INC.,ROCKLIN,Placer,CA,95765-4337,2345 SUNSET BLVD,41,00563816,
ROUND TABLE PIZZA,ROUND TABLE PIZZA,SISCO ENTERPRISES  INC.,ROCKLIN,Placer,CA,95677-2855,4885 GRANITE DR,41,00372565,
ROUND TABLE PIZZA,ROUND TABLE PIZZA,SISCO ENTERPRISES  INC.,ROCKLIN,Placer,CA,95765-4337,2345 SUNSET BLVD,41,00563816,31-DEC-2026
SAVE MART SUPERMARKETS 616,SAVE MART SUPERMARKETS 616,LUCKY STORES (SAVE MART) LLC,ROCKLIN,Placer,CA,95765-5537,3021 STANFORD RANCH RD,21,00642948,30-JUN-2026
SILA THAI CUISINE,SILA THAI CUISINE,SILA THAI CUISINE,ROCKLIN,Placer,CA,95765-5876,6815 LONETREE BLVD,41,00637979,31-JUL-2026
SKIPOLINI'S PIZZA & PASTA,SKIPOLINI'S PIZZA & PASTA,SKIPOLINIS INC,ROCKLIN,Placer,CA,95765-3737,6600 LONE TREE BLVD,75,00563185,31-JAN-2027
SPEAKEZZ WINE & SPIRITS,SPEAKEZZ WINE & SPIRITS,SINGH  GURPREET,ROCKLIN,Placer,CA,95677-3708,5514 PACIFIC ST,21,00642282,28-FEB-2027
STOP & GO LIQUOR,STOP & GO LIQUOR,R & G PETRO INC,ROCKLIN,Placer,CA,95677-2834,4439 ROCKLIN RD,21,00525730,30-NOV-2026
STUDIO MOVIE GRILL,STUDIO MOVIE GRILL,MOVIE GRILL CONCEPTS XX  LLC,ROCKLIN,Placer,CA,95677,5140 COMMONS DR,47,00543638,30-NOV-2026
SULLY'S BAR AND GRILL,SULLY'S BAR AND GRILL,SULLY'S BAR AND GRILL,ROCKLIN,Placer,CA,95677-2026,4451 PACIFIC ST,47,00589458,31-DEC-2026
SUSHI KAKOGAN,SUSHI KAKOGAN,SUSHI KAKOGAN INC,ROCKLIN,Placer,CA,95677-2859,4820 GRANITE DR,41,00575710,31-MAY-2027
TACO EXPRESS #3,TACO EXPRESS #3,CORONADO  CORONADO LLC,ROCKLIN,Placer,CA,95677-2855,4885 GRANITE DR,41,00626173,30-SEP-2026
TAQUERIA ROBERTO MEXICAN FOOD,TAQUERIA ROBERTO MEXICAN FOOD,ORTEGA  ANGELICA RAMONA,ROCKLIN,Placer,CA,95765,3071 STANFORD RANCH RD,40,00594557,30-JUN-2026
TEA BAR & FUSION CAFE,TEA BAR & FUSION CAFE,TEA INNOVATIONS  LLC,ROCKLIN,Placer,CA,95765-4431,6694 LONETREE BLVD,41,00648536,30-JUN-2026
THE BLUE PARROT LOUNGE,THE BLUE PARROT LOUNGE,THE BLUE PARROT LOUNGE LTD. LIABILITY CO.,ROCKLIN,Placer,CA,95677-2750,6848 FIVE STAR BLVD,41,00615616,31-MAY-2026
THUNDER LIQUORS,THUNDER LIQUORS,THUNDER LIQUORS LLC,ROCKLIN,Placer,CA,95677,3101 SUNSET BLVD,21,00520141,31-MAY-2027
URBAN MARKET & MORE,URBAN MARKET & MORE,BAJWA  MANROOP,ROCKLIN,Placer,CA,95765,2161 SUNSET BLVD,21,00652247,30-APR-2027
URBAN MARKET & MORE,URBAN MARKET & MORE,BAJWA  MANROOP,ROCKLIN,Placer,CA,95765,2161 SUNSET BLVD,86,00652247,30-APR-2027
VENITIA RHEAS CAFE,VENITIA RHEAS CAFE,LOOMIS NATURAL FOODS INC,ROCKLIN,Placer,CA,95677-2165,4415 GRANITE DR,41,00469014,31-DEC-2026
WAL MART STORE 3587,WAL MART STORE 3587,WALMART INC.,ROCKLIN,Placer,CA,95677,5454 CROSSING DR,21,00532975,30-JUN-2027
WAL MART STORE 3587,WAL MART STORE 3587,WALMART INC.,ROCKLIN,Placer,CA,95677,5454 CROSSING DR,86,00532975,30-JUN-2027
WALLEY'S CAFE #1,WALLEY'S CAFE #1,WALLY'S CAFE INCORPORATED,ROCKLIN,Placer,CA,95765,2110 SUNSET BLVD,41,00609172,30-SEP-2026
WALMART NEIGHBORHOOD MARKET #3090,WALMART NEIGHBORHOOD MARKET #3090,WALMART INC.,ROCKLIN,Placer,CA,95677-3174,5609 PACIFIC ST,21,00533323,30-JUN-2027
WALMART NEIGHBORHOOD MARKET #3090,WALMART NEIGHBORHOOD MARKET #3090,WALMART INC.,ROCKLIN,Placer,CA,95677-3174,5609 PACIFIC ST,86,00533323,30-JUN-2027
WHITNEY OAKS GOLF CLUB,WHITNEY OAKS GOLF CLUB,COLOMBO 1937 USA  INC,ROCKLIN,Placer,CA,95765-5615,2305 CLUBHOUSE DR,47,00654409,31-MAY-2027
WHITNEY OAKS GOLF CLUB,WHITNEY OAKS GOLF CLUB,COLOMBO 1937 USA  INC,ROCKLIN,Placer,CA,95765-5615,2305 CLUBHOUSE DR,68,00654409,31-MAY-2027
WHITNEY OAKS GOLF CLUB,WHITNEY OAKS GOLF CLUB,COLOMBO 1937 USA  INC,ROCKLIN,Placer,CA,95765-5615,2305 CLUBHOUSE DR,58,00654409,31-MAY-2027
7 ELEVEN STORE 21401C,7 ELEVEN STORE 21401C,7 ELEVEN INC,ROSEVILLE,Placer,CA,95678,500 CIRBY WAY,20,00592590,30-JUN-2027
7' YEN SUSHI,7' YEN SUSHI,DJAJANATA LLC,ROSEVILLE,Placer,CA,95678-2814,201 HARDING BLVD,41,00640080,31-AUG-2026
AKAME SUSHI,AKAME SUSHI,AKAME SUSHI INC,ROSEVILLE,Placer,CA,95661-3008,1902 TAYLOR RD,41,00657102,31-MAR-2027
ALMOND TREE GRILL & LOUNGE,ALMOND TREE GRILL & LOUNGE,PLACER HOLDINGS INC,ROSEVILLE,Placer,CA,95678,214 HARDING BLVD,47,00508821,28-FEB-2027
ARIGATO SUSHI,ARIGATO SUSHI,CO & MK GALLERIA  INC,ROSEVILLE,Placer,CA,95678-3510,1136 GALLERIA BLVD,41,00525202,31-AUG-2026
ASIAN N CAJUN,ASIAN N CAJUN,LIANG  MICHAEL,ROSEVILLE,Placer,CA,95747-7253,1251 BASELINE RD,41,00595181,30-NOV-2026
AZAYAKA JAPANESE,AZAYAKA JAPANESE,SANWA GROUP ROSEVILLE  INC.,ROSEVILLE,Placer,CA,95678-1900,6726 STANFORD RANCH RD,41,00664239,30-NOV-2026
BAR 101,BAR 101,NYKA ENTERPRISES  LLC,ROSEVILLE,Placer,CA,95678-2231,101 MAIN ST,47,00521754,30-JUN-2026
BEACH HUT DELI,BEACH HUT DELI,SURF N SAND INC,ROSEVILLE,Placer,CA,95747,7456 FOOTHILLS BLVD,41,00556817,31-JAN-2027
BEACH HUT DELI,BEACH HUT DELI,FEIST  RONALD,ROSEVILLE,Placer,CA,95746,6823 DOUGLAS BLVD,41,00219173,31-MAR-2027
BEACH HUT DELI - ROSEVILLE,BEACH HUT DELI - ROSEVILLE,SURF N SAND INC,ROSEVILLE,Placer,CA,95661-2826,1490 EUREKA RD,41,00513827,31-AUG-2026
BEL AIR MARKET 512,BEL AIR MARKET 512,BEL AIR MART,ROSEVILLE,Placer,CA,95747,4008 FOOTHILLS BLVD,21,00216084,30-JUN-2027
BENNETT'S KITCHEN. BAR. MARKET.,BENNETT'S KITCHEN. BAR. MARKET.,BENNETT'S CENTRAL MARKET-1  LLC,ROSEVILLE,Placer,CA,95661-3040,1595 EUREKA RD,47,00596163,30-APR-2027
BENNETT'S KITCHEN. BAR. MARKET.,BENNETT'S KITCHEN. BAR. MARKET.,BENNETT'S CENTRAL MARKET-1  LLC,ROSEVILLE,Placer,CA,95661-3040,1595 EUREKA RD,58,00596163,30-APR-2027
BJS RESTAURANT & BREWHOUSE,BJS RESTAURANT & BREWHOUSE,BJS RESTAURANTS INC,ROSEVILLE,Placer,CA,95678-3535,1200 ROSEVILLE PKWY,47,00506557,31-DEC-2026
BLAZE PIZZA,BLAZE PIZZA,BLAZE PIZZA OPERATIONS  LLC,ROSEVILLE,Placer,CA,95678-3563,10325 FAIRWAY DR,41,00548805,30-NOV-2026
BLUE HOUSE RESTAURANT ROSEVILLE  INC.,,BLUE HOUSE RESTAURANT ROSEVILLE  INC.,ROSEVILLE,Placer,CA,95661-3856,2030 DOUGLAS BLVD,41,00589925,28-FEB-2027
BOMBAY CUISINE & INDIAN SWEETS,BOMBAY CUISINE & INDIAN SWEETS,KRISHANA CORPORATION,ROSEVILLE,Placer,CA,95747-6584,7452 FOOTHILLS BLVD,41,00605686,31-JUL-2026
BONSAI JAPANESE CUISINE,BONSAI JAPANESE CUISINE,WYL BLUE OCEAN CORPORATION,ROSEVILLE,Placer,CA,95661-4507,998 SUNRISE AVE,41,00608103,31-AUG-2026
BOUNTY HUNTERS GRIND & GRILL,BOUNTY HUNTERS GRIND & GRILL,USFIU  LLC,ROSEVILLE,Placer,CA,95678-2637,406 VERNON ST,41,00646727,30-JUN-2027
BOURBON WINE & SPIRITS,BOURBON WINE & SPIRITS,KARDOUH  HAFEED M,ROSEVILLE,Placer,CA,95747-6507,5005 FOOTHILLS BLVD,21,00548953,28-FEB-2027
BOURBON WINE & SPIRITS,BOURBON WINE & SPIRITS,KARDOUH  HAFEED M,ROSEVILLE,Placer,CA,95747-6507,5005 FOOTHILLS BLVD,86,00548953,28-FEB-2027
BOURBONS & MORE LIQUORS,BOURBONS & MORE LIQUORS,BADWAL  SATNAM SINGH,ROSEVILLE,Placer,CA,95611-2901,1611 DOUGLAS BLVD,21,00574285,28-FEB-2027
BOURBONS & MORE LIQUORS,BOURBONS & MORE LIQUORS,BADWAL  SATNAM SINGH,ROSEVILLE,Placer,CA,95611-2901,1611 DOUGLAS BLVD,86,00574285,28-FEB-2027
BOXING DONKEY IRISH PUB,BOXING DONKEY IRISH PUB,BD ONE LLC,ROSEVILLE,Placer,CA,95678-2230,300 LINCOLN ST,47,00603101,28-FEB-2027
BOXING DONKEY IRISH PUB,BOXING DONKEY IRISH PUB,BD ONE LLC,ROSEVILLE,Placer,CA,95678-2230,300 LINCOLN ST,77,00603101,28-FEB-2027
BROOKFIELDS RESTAURANT,BROOKFIELDS RESTAURANT,L C 3 S INC,ROSEVILLE,Placer,CA,95661-3008,1817 TAYLOR RD,41,00288854,30-NOV-2026
BUCKHORN GRILL,BUCKHORN GRILL,PICKAPPLE LLC,ROSEVILLE,Placer,CA,95687-1937,1151 GALLERIA BLVD,41,00524017,
BUFFALO WILD WINGS,BUFFALO WILD WINGS,BLAZIN WINGS INC,ROSEVILLE,Placer,CA,95678-1950,1168 GALLERIA BLVD,47,00569084,30-JUN-2027
BURGER LOUNGE,BURGER LOUNGE,BURGER LOUNGE III LLC,ROSEVILLE,Placer,CA,95678-1373,1198 ROSEVILLE PKWY,41,00593881,31-OCT-2026
CAFE DELICIAS,CAFE DELICIAS,LA FAMILIA RAMIREZ INC,ROSEVILLE,Placer,CA,95678-2803,211 HARDING BLVD,41,00575213,31-MAR-2027
CALIFORNIA PIZZA KITCHEN,CALIFORNIA PIZZA KITCHEN,CALIFORNIA PIZZA KITCHEN INC,ROSEVILLE,Placer,CA,95678-6653,1190 ROSEVILLE PKWY,47,00464854,
CALIFORNIA ROLL & GRILL,CALIFORNIA ROLL & GRILL,MOOSA CAFE  INC.,ROSEVILLE,Placer,CA,95661-2939,1725 SANTA CLARA DR,41,00675382,31-JAN-2027
CARMELITAS RESTAURANT,CARMELITAS RESTAURANT,CARMELITA'S ROSEVILLE  INC.,ROSEVILLE,Placer,CA,95678-3146,204 RIVERSIDE AVE,47,00593012,30-JUN-2027
CASA RAMOS MEXICAN RESTAURANT,CASA RAMOS MEXICAN RESTAURANT,RAMOS & LECONA VENTURES LLC,ROSEVILLE,Placer,CA,95661-2873,1563 EUREKA RD,47,00653018,31-DEC-2026
CHICAGO PIZZA WITHA TWIST,CHICAGO PIZZA WITHA TWIST,KANG IMPERIAL LLC,ROSEVILLE,Placer,CA,95678-6275,4191 THRIVE DR  STE 100,41,00623871,31-JAN-2027
CHICAGO'S PIZZA WITH A TWIST,CHICAGO'S PIZZA WITH A TWIST,SS BAINS LLC,ROSEVILLE,Placer,CA,95661-9400,8300 SIERRA COLLEGE BLVD,41,00622662,28-FEB-2027
CHICHA PERUVIAN KITCHEN & CAFE,CHICHA PERUVIAN KITCHEN & CAFE,G & M INVESTMENTS  INC.,ROSEVILLE,Placer,CA,95661-7009,1079 SUNRISE AVE,41,00632416,31-JAN-2027
CHILIS GRILL & BAR,CHILIS GRILL & BAR,BRINKER RESTAURANT CORPORATION,ROSEVILLE,Placer,CA,95678,10585 FAIRWAY DR,47,00453037,31-JUL-2026
CHIPOTLE MEXICAN GRILL,CHIPOTLE MEXICAN GRILL,CHIPOTLE MEXICAN GRILL INC,ROSEVILLE,Placer,CA,95678,1136 GALLERIA BLVD,47,00381397,31-JUL-2026
CHIPOTLE MEXICAN GRILL,CHIPOTLE MEXICAN GRILL,CHIPOTLE MEXICAN GRILL INC,ROSEVILLE,Placer,CA,95661,3988 DOUGLAS BLVD,47,00381373,31-OCT-2026
CHIPOTLE MEXICAN GRILL,CHIPOTLE MEXICAN GRILL,CHIPOTLE MEXICAN GRILL INC,ROSEVILLE,Placer,CA,95678,781 PLEASANT GROVE BLVD,41,00449278,31-MAR-2027
CHIPOTLE MEXICAN GRILL STORE #3437,CHIPOTLE MEXICAN GRILL STORE #3437,CHIPOTLE MEXICAN GRILL INC,ROSEVILLE,Placer,CA,95678,4200 THRIVE DR,41,00619077,31-MAY-2027
CHIPOTLE MEXICAN GRILL STORE #3811,CHIPOTLE MEXICAN GRILL STORE #3811,CHIPOTLE MEXICAN GRILL INC,ROSEVILLE,Placer,CA,95747,1980 BLUE OAKS BLVD,41,00638059,31-OCT-2026
CHOPSTICKS RESTAURANT,CHOPSTICKS RESTAURANT,CHOPSTICKS RESTAURANT INC,ROSEVILLE,Placer,CA,95661,1000 SUNRISE AVE,41,00649366,31-DEC-2026
CLAIM JUMPER RESTAURANT,CLAIM JUMPER RESTAURANT,CLAIM JUMPER ACQUISITION COMPANY LLC,ROSEVILLE,Placer,CA,95678,250 HARDING BLVD,47,00517790,
COST PLUS WORLD MARKET,COST PLUS WORLD MARKET,COST PLUS INC,ROSEVILLE,Placer,CA,95678-4118,1120 GALLERIA BLVD,21,00586873,
COST PLUS WORLD MARKET,COST PLUS WORLD MARKET,COST PLUS INC,ROSEVILLE,Placer,CA,95678-4118,1120 GALLERIA BLVD,86,00586873,
COST PLUS WORLD MARKET,COST PLUS WORLD MARKET,COST PLUS INC,ROSEVILLE,Placer,CA,95678,6748 STANFORD RANCH RD,20,00343505,
COST PLUS WORLD MARKET,COST PLUS WORLD MARKET,COST PLUS INC,ROSEVILLE,Placer,CA,95678,6748 STANFORD RANCH RD,86,00343505,
COUNTRY GABLES CAFE,COUNTRY GABLES CAFE,THAO  DAVID FAI DANG,ROSEVILLE,Placer,CA,95678,699 WASHINGTON BLVD,41,00602750,30-APR-2027
CURRY PIZZA HOUSE,CURRY PIZZA HOUSE,CHEEMA FOOD CO LLC,ROSEVILLE,Placer,CA,95661-4251,3984 DOUGLAS BLVD,41,00618364,31-AUG-2026
CVS PHARMACY STORE 9958,CVS PHARMACY STORE 9958,GARFIELD BEACH CVS LLC,ROSEVILLE,Placer,CA,95747-6517,5090 FOOTHILLS BLVD,21,00477728,31-MAY-2027
CVS PHARMACY STORE 9993,CVS PHARMACY STORE 9993,GARFIELD BEACH CVS LLC,ROSEVILLE,Placer,CA,95661-5919,9280 SIERRA COLLEGE BLVD,21,00477727,31-MAY-2027
DICKEYS BARBECUE PIT,DICKEYS BARBECUE PIT,UDHAY BROS LLC,ROSEVILLE,Placer,CA,95678-6171,701 PLEASANT GROVE BLVD,41,00647203,30-APR-2026
DOS COYOTES BORDER CAFE,DOS COYOTES BORDER CAFE,COLMAX LLC,ROSEVILLE,Placer,CA,95661-3856,2030 DOUGLAS BLVD,47,00417960,
EXHALE HOOKAH LOUNGE,EXHALE HOOKAH LOUNGE,URBAN SMOKE  INC.,ROSEVILLE,Placer,CA,95661-2939,1725 SANTA CLARA DR,41,00575242,30-NOV-2026
FARMS' PIZZA,FARMS' PIZZA,FARMS' PIZZA,ROSEVILLE,Placer,CA,95747,4701 FIDDYMENT RD,41,00666744,31-MAR-2027
FINE WINE & LIQUOR,FINE WINE & LIQUOR,LRC FOOD & LIQUOR INC.,ROSEVILLE,Placer,CA,95747-8077,3031 FOOTHILLS BLVD,21,00555735,31-AUG-2026
FLEMINGS PRIME STEAKHOUSE & WINE BAR,FLEMINGS PRIME STEAKHOUSE & WINE BAR,OS PRIME LLC,ROSEVILLE,Placer,CA,95678-1935,1101 GALLERIA BLVD,47,00667185,30-APR-2027
FLOUR DUST PIZZA COMPANY,FLOUR DUST PIZZA COMPANY,FLOUR DUST PIZZA CO LLC,ROSEVILLE,Placer,CA,95747-6525,5080 FOOTHILLS BLVD,41,00607300,31-AUG-2026
FRANZESE WINE,FRANZESE WINE,FRANZESE WINE LLC,ROSEVILLE,Placer,CA,95747,8825 WENTWORTH WAY,17,00633222,31-JAN-2027
FRANZESE WINE,FRANZESE WINE,FRANZESE WINE LLC,ROSEVILLE,Placer,CA,95747,8825 WENTWORTH WAY,20,00633222,31-JAN-2027
FRANZESE WINE,FRANZESE WINE,FRANZESE WINE LLC,ROSEVILLE,Placer,CA,95747,8825 WENTWORTH WAY,09,00633222,31-JAN-2027
GOOSE PORT PUBLIC HOUSE,GOOSE PORT PUBLIC HOUSE,GOOSE PORT INC,ROSEVILLE,Placer,CA,95678-2653,316 VERNON ST,75,00596470,28-FEB-2027
GRAND INDIAN CUISINE  THE,GRAND INDIAN CUISINE  THE,MARUDAM RESTAURANTS  LLC.,ROSEVILLE,Placer,CA,95678,9600 FAIRWAY DR #100,41,00637791,31-JUL-2026
GRANITE'S SUBS  WINGS & BURGERS,GRANITE'S SUBS  WINGS & BURGERS,GRANITE  JEFFREY BRIAN,ROSEVILLE,Placer,CA,95747-5149,9077 FOOTHILLS BLVD,41,00591586,31-MAR-2027
H&S ENERGY PRODUCTS  LLC STORE #3066,H&S ENERGY PRODUCTS  LLC STORE #3066,H&S ENERGY PRODUCTS  LLC,ROSEVILLE,Placer,CA,95661,1400 E ROSEVILLE PKWY,21,00634964,31-MAR-2027
H&S ENERGY PRODUCTS  LLC STORE #3067,H&S ENERGY PRODUCTS  LLC STORE #3067,H&S ENERGY PRODUCTS  LLC,ROSEVILLE,Placer,CA,95661,3001 FOOTHILLS BLVD,20,00634762,30-APR-2027
HOOCH'S SPORTS BAR & GRILL PIZZERIA,HOOCH'S SPORTS BAR & GRILL PIZZERIA,HOOCH'S SPORTS BAR & GRILL PIZZERIA,ROSEVILLE,Placer,CA,95747-6586,5140 FOOTHILLS BLVD,47,00646583,30-JUN-2026
HOOCH'S SPORTS BAR & GRILL PIZZERIA,HOOCH'S SPORTS BAR & GRILL PIZZERIA,HOOCH'S SPORTS BAR & GRILL PIZZERIA,ROSEVILLE,Placer,CA,95747-6586,5140 FOOTHILLS BLVD,58,00646583,30-JUN-2026
ITS SUSHI,ITS SUSHI,ITSSUSHI LLC,ROSEVILLE,Placer,CA,95747-6500,5030 FOOTHILLS BLVD,41,00644272,
ITS SUSHI,ITS SUSHI,ITSSUSHI LLC,ROSEVILLE,Placer,CA,95747-6500,5030 FOOTHILLS BLVD,41,00644272,28-FEB-2027
JACKS URBAN EATS,JACKS URBAN EATS,URBAN SUNSHINE GRANITE BAY LLC,ROSEVILLE,Placer,CA,95746,8620 SIERRA COLLEGE BLVD,41,00510893,30-JUN-2027
JACKS URBAN EATS #8,JACKS URBAN EATS #8,URBAN SUNSHINE 8 LLC,ROSEVILLE,Placer,CA,95678-1360,1005 GALLERIA BLVD,41,00524396,30-SEP-2026
JALISCO FRESH GRILL,JALISCO FRESH GRILL,JALISCO FRESH GRILL INC,ROSEVILLE,Placer,CA,95747-6599,5180 FOOTHILLS BLVD,41,00470729,30-JUN-2026
JIMBOY'S TACOS,JIMBOY'S TACOS,ROPER FOOD SERVICES INC,ROSEVILLE,Placer,CA,95678-1952,1228 GALLERIA BLVD,41,00584058,31-AUG-2026
JIMBOYS TACOS,JIMBOYS TACOS,ROPER FOOD SERVICES INC,ROSEVILLE,Placer,CA,95661-7005,1000 SUNRISE AVE,41,00560444,30-SEP-2026
JOHNS INCREDIBLE PIZZA CO,JOHNS INCREDIBLE PIZZA CO,INCREDIBLE ENTERTAINMENT INC,ROSEVILLE,Placer,CA,95661-3025,384 N SUNRISE AVE,41,00444227,31-JAN-2027
KAHN MONGOLIAN GRILL,KAHN MONGOLIAN GRILL,LIAO RIVER INTERNATIONAL,ROSEVILLE,Placer,CA,95678,920 PLEASANT GROVE BLVD,41,00640995,30-JUN-2027
KHOBKOON THAI CUISINE,KHOBKOON THAI CUISINE,KHOBKOON THAI CUISINE,ROSEVILLE,Placer,CA,95747-6563,7452 FOOTHILLS BLVD,41,00461151,28-FEB-2027
KITCHEN 747 & MOJOE'S CAFE,KITCHEN 747 & MOJOE'S CAFE,ZEVOR GROUP  LLC,ROSEVILLE,Placer,CA,95747,2320-2330 PLEASANT GROVE BLVD,47,00626063,30-SEP-2026
KITCHEN 747 & MOJOE'S CAFE,KITCHEN 747 & MOJOE'S CAFE,ZEVOR GROUP  LLC,ROSEVILLE,Placer,CA,95747,2320-2330 PLEASANT GROVE BLVD,47,00626063,30-SEP-2026
KITCHEN 747 & MOJOE'S CAFE,KITCHEN 747 & MOJOE'S CAFE,ZEVOR GROUP  LLC,ROSEVILLE,Placer,CA,95747,2320-2330 PLEASANT GROVE BLVD,77,00626063,30-SEP-2026
KRUSH BURGER RESTAURANT,KRUSH BURGER RESTAURANT,SA&S FOODS,ROSEVILLE,Placer,CA,95678,1151 GALLERIA BLVD,41,00593089,31-AUG-2026
KTOWN KOREAN BBQ AND SUSHI,KTOWN KOREAN BBQ AND SUSHI,K-TOWN BBQ AND SUSHI INC,ROSEVILLE,Placer,CA,95678-2810,1137 ROSEVILLE SQ,41,00650110,30-NOV-2026
KURA REVOLVING SUSHI BAR,KURA REVOLVING SUSHI BAR,KURA SUSHI USA  INC.,ROSEVILLE,Placer,CA,95678,250 GIBSON DR,41,00650084,31-MAR-2027
LA LUPITA MEXICAN FOOD,LA LUPITA MEXICAN FOOD,HERNANDEZ  SANDRA L,ROSEVILLE,Placer,CA,95678,100 ATKINSON ST C,40,00606680,31-JUL-2026
LAND OCEAN RESTAURANT,LAND OCEAN RESTAURANT,LAND OCEAN INC,ROSEVILLE,Placer,CA,95678-1944,1151 GALLERIA BLVD,47,00558576,31-JUL-2026
LAZY DOG RESTAURANT & BAR,LAZY DOG RESTAURANT & BAR,LAZY DOG RESTAURANTS LLC,ROSEVILLE,Placer,CA,95678,238 GIBSON DR,47,00574330,31-OCT-2026
LE TESH WINE LOUNGE,LE TESH WINE LOUNGE,DIYAL FAMILY VENTURES LLC,ROSEVILLE,Placer,CA,95678-2632,219 VERNON ST,42,00675929,30-JUN-2027
LEGENDS & HEROS SPORTS BAR & GRILL,LEGENDS & HEROS SPORTS BAR & GRILL,SPORTS RESTAURANT OF ROSEVILLE INC,ROSEVILLE,Placer,CA,95747,5880 WOODCREEK OAKS BLVD,47,00310813,31-JUL-2027
LEGENDS & HEROS SPORTS BAR & GRILL,LEGENDS & HEROS SPORTS BAR & GRILL,SPORTS RESTAURANT OF ROSEVILLE INC,ROSEVILLE,Placer,CA,95747,5880 WOODCREEK OAKS BLVD,58,00310813,31-JUL-2027
LEOS KITCHEN,LEOS KITCHEN,LEO'S KITCHEN  INC.,ROSEVILLE,Placer,CA,95747-6591,7441 FOOTHILLS BLVD,41,00527004,31-DEC-2026
LIQUOR LOCKER,LIQUOR LOCKER,SK SHOOR ENTERPRISE,ROSEVILLE,Placer,CA,95678-4331,115 DARLING WY,21,00618808,30-SEP-2026
LORENZO'S MEXICAN RESTAURANT,LORENZO'S MEXICAN RESTAURANT,LORENZO'S MEXICAN RESTAURANT ROSEVILLE  INC,ROSEVILLE,Placer,CA,95661-3423,135 SUNRISE AVE,47,00638957,30-JUN-2027
LOS CABOS GRILL,LOS CABOS GRILL,MJL FOOD INC,ROSEVILLE,Placer,CA,95747,7451 FOOTHILLS BLVD,47,00628471,31-AUG-2026
LOS ZARAPES MEXICAN RESTAURANT,LOS ZARAPES MEXICAN RESTAURANT,LOS ZARAPES MEXICAN RESTAURANT  INC.,ROSEVILLE,Placer,CA,95746,8779-8781 AUBURN FOLSOM RD,41,00650313,31-DEC-2026
MANDANGOS SPORTS BARS & GRILLS,MANDANGOS SPORTS BARS & GRILLS,MANDANGOS ROSEVILLE LLC,ROSEVILLE,Placer,CA,95661,106 N SUNRISE AVE,47,00427270,31-AUG-2026
MAS MEXICAN RESTAURANT,MAS MEXICAN RESTAURANT,SPARAGARY  INC.  A CALIFORNIA CORPORATION,ROSEVILLE,Placer,CA,95661-2873,1563 EUREKA RD,47,00479252,
MEHFIL INDIAN RESTAURANT,MEHFIL INDIAN RESTAURANT,MEHFIL INDIAN RESTAURANT LLC,ROSEVILLE,Placer,CA,95661-2935,1605 DOUGLAS BLVD,41,00473553,
MEHFIL INDIAN RESTAURANT,MEHFIL INDIAN RESTAURANT,MEHFIL INDIAN RESTAURANT LLC,ROSEVILLE,Placer,CA,95661-2935,1605 DOUGLAS BLVD,41,00473553,30-NOV-2026
MIA RESTAURANT & BAR,MIA RESTAURANT & BAR,1475 MIA RESTAURANT & BAR LLC,ROSEVILLE,Placer,CA,95661-6048,1475 EUREKA RD,47,00663505,31-DEC-2026
MIKUNI JAPANESE RESTAURANT & SUSHI BAR,MIKUNI JAPANESE RESTAURANT & SUSHI BAR,MIKUNI RESTAURANT GROUP INC,ROSEVILLE,Placer,CA,95678,1194 ROSEVILLE PKWY,47,00634278,
MIKUNI JAPANESE RESTAURANT & SUSHI BAR,MIKUNI JAPANESE RESTAURANT & SUSHI BAR,MIKUNI RESTAURANT GROUP INC,ROSEVILLE,Placer,CA,95678,1194 ROSEVILLE PKWY,47,00634278,31-MAR-2027
MIKUNI JAPANESE RESTAURANT AND SUSHI BAR,MIKUNI JAPANESE RESTAURANT AND SUSHI BAR,MIKUNI RESTAURANT GROUP INC,ROSEVILLE,Placer,CA,95661-3045,1565 EUREKA RD,47,00462862,
MIKUNI JAPANESE RESTAURANT AND SUSHI BAR,MIKUNI JAPANESE RESTAURANT AND SUSHI BAR,MIKUNI RESTAURANT GROUP INC,ROSEVILLE,Placer,CA,95661-3045,1565 EUREKA RD,47,00462862,30-NOV-2026
MOD PIZZA,MOD PIZZA,EXCEED G2 LLC,ROSEVILLE,Placer,CA,95747,190 ROSEVILLE PKWY,41,00665090,28-FEB-2027
MOKSA BARREL HOUSE,MOKSA BARREL HOUSE,MOKSA BREWING COMPANY INC,ROSEVILLE,Placer,CA,95677,10007 FOOTHILLS BLVD,23,00638094,31-OCT-2026
MORENITA MARKET & TAQUERIA,MORENITA MARKET & TAQUERIA,CORTES ARREOLA  JOSE MANUEL,ROSEVILLE,Placer,CA,95678-2714,1078 DOUGLAS BLVD,41,00636809,31-OCT-2026
MORGAN CREEK GOLF COURSE,MORGAN CREEK GOLF COURSE,MORGAN CREEK LLC,ROSEVILLE,Placer,CA,95747,8787 MORGAN CREEK LN,47,00479562,30-JUN-2027
MORGAN CREEK GOLF COURSE,MORGAN CREEK GOLF COURSE,MORGAN CREEK LLC,ROSEVILLE,Placer,CA,95747,8787 MORGAN CREEK LN,47,00479562,30-JUN-2027
MOUNTAIN MIKES PIZZA,MOUNTAIN MIKES PIZZA,ATWAL  DEPINDER KAUR,ROSEVILLE,Placer,CA,95747-7256,3989 FOOTHILLS BLVD,41,00448771,28-FEB-2027
MOUNTAIN MIKES PIZZA,MOUNTAIN MIKES PIZZA,NH&V INVESTMENTS INC,ROSEVILLE,Placer,CA,95678-6191,996 PLEASANT GROVE BLVD,41,00580938,30-SEP-2026
MOUNTAIN MIKES PIZZA,MOUNTAIN MIKES PIZZA,S&T VENTURES  INC.,ROSEVILLE,Placer,CA,95661-3670,1850 DOUGLAS BLVD,41,00650691,31-OCT-2026
MOUNTAIN MIKES PIZZA,MOUNTAIN MIKES PIZZA,HM SINGH CORP,ROSEVILLE,Placer,CA,95747,1780 PLEASANT GROVE BLVD,41,00668182,31-MAY-2027
MY THAI KITCHEN,MY THAI KITCHEN,BOONRAWD FOOD COMPANY,ROSEVILLE,Placer,CA,95661-6047,1465 EUREKA RD,41,00557389,30-JUN-2026
NARUTO SHOW ME THE SUSHI,NARUTO SHOW ME THE SUSHI,JUNG  PAN JIN,ROSEVILLE,Placer,CA,95678-6149,963 PLEASANT GROVE BLVD,41,00567258,31-MAR-2027
NIXTACO MEXICAN TAQUERIA,NIXTACO MEXICAN TAQUERIA,NIXTACO,ROSEVILLE,Placer,CA,95661-5533,1805 CIRBY WAY,06,00605028,31-JUL-2027
NIXTACO MEXICAN TAQUERIA,NIXTACO MEXICAN TAQUERIA,NIXTACO,ROSEVILLE,Placer,CA,95661-5533,1805 CIRBY WAY,74,00605028,31-JUL-2027
NUA THAI CUISINE,NUA THAI CUISINE,NUA THAI CUISINE INC,ROSEVILLE,Placer,CA,95661-2908,1825 DOUGLAS BLVD,41,00676612,30-APR-2027
NUGGET MARKET,NUGGET MARKET,NUGGET MARKET INC,ROSEVILLE,Placer,CA,95747,1509 BLUE OAKS BLVD,86,00618149,
NUGGET MARKET,NUGGET MARKET,NUGGET MARKET INC,ROSEVILLE,Placer,CA,95678-6153,771 PLEASANT GROVE BLVD,21,00479893,
NUGGET MARKET,NUGGET MARKET,NUGGET MARKET INC,ROSEVILLE,Placer,CA,95678-6153,771 PLEASANT GROVE BLVD,41,00479893,
NUGGET MARKET,NUGGET MARKET,NUGGET MARKET INC,ROSEVILLE,Placer,CA,95678-6153,771 PLEASANT GROVE BLVD,86,00479893,
NUGGET MARKET,NUGGET MARKET,NUGGET MARKET INC,ROSEVILLE,Placer,CA,95747,1509 BLUE OAKS BLVD,21,00618149,
NUGGET MARKET,NUGGET MARKET,NUGGET MARKET INC,ROSEVILLE,Placer,CA,95678-6153,771 PLEASANT GROVE BLVD,21,00479893,30-JUN-2027
NUGGET MARKET,NUGGET MARKET,NUGGET MARKET INC,ROSEVILLE,Placer,CA,95747,1509 BLUE OAKS BLVD,21,00618149,31-DEC-2026
NUGGET MARKET,NUGGET MARKET,NUGGET MARKET INC,ROSEVILLE,Placer,CA,95678-6153,771 PLEASANT GROVE BLVD,41,00479893,30-JUN-2027
NUGGET MARKET,NUGGET MARKET,NUGGET MARKET INC,ROSEVILLE,Placer,CA,95747,1509 BLUE OAKS BLVD,86,00618149,31-DEC-2026
NUGGET MARKET,NUGGET MARKET,NUGGET MARKET INC,ROSEVILLE,Placer,CA,95678-6153,771 PLEASANT GROVE BLVD,86,00479893,30-JUN-2027
NUGGET MARKET,NUGGET MARKET,NUGGET MARKET INC,ROSEVILLE,Placer,CA,95678-6153,771 PLEASANT GROVE BLVD,21,00479893,
NUGGET MARKET,NUGGET MARKET,NUGGET MARKET INC,ROSEVILLE,Placer,CA,95678-6153,771 PLEASANT GROVE BLVD,41,00479893,
OAKS SUSHI & BOWL,OAKS SUSHI & BOWL,SATA LLC,ROSEVILLE,Placer,CA,95747-8492,2010 BLUE OAKS BLVD,41,00648085,30-JUN-2026
OLD TOWN PIZZA,OLD TOWN PIZZA,BBC FAMILY EATERIES  INC.,ROSEVILLE,Placer,CA,95678-2258,120 CHURCH ST,47,00666546,31-MAR-2027
OLIVE GARDEN ITALIAN RESTAURANT THE 1574,OLIVE GARDEN ITALIAN RESTAURANT THE 1574,N AND D RESTAURANTS LLC,ROSEVILLE,Placer,CA,95678,1160 GALLERIA BLVD,47,00564495,28-FEB-2027
ONYX CLUB,ONYX CLUB,CLOSIN TIME LLC,ROSEVILLE,Placer,CA,95678,116 MAIN ST,48,00604654,
ONYX CLUB,ONYX CLUB,CLOSIN TIME LLC,ROSEVILLE,Placer,CA,95678,116 MAIN ST,48,00604654,30-JUN-2027
ORIGINAL AL'S RESTAURANT & PIZZERIA,ORIGINAL AL'S RESTAURANT & PIZZERIA,ROSENBERG  ALLAN MICHAEL,ROSEVILLE,Placer,CA,95747,5005 FOOTHILLS BLVD,41,00348115,31-DEC-2026
PACIFIC STREET CAFE,PACIFIC STREET CAFE,JOHNSONMELLO  JUSTINA BELLE,ROSEVILLE,Placer,CA,95678-2245,301 LINCOLN ST,41,00432831,31-MAR-2027
PAUL MARTINS AMERICAN GRILL,PAUL MARTINS AMERICAN GRILL,PMAB 1 LLC,ROSEVILLE,Placer,CA,95661-3030,1455 EUREKA RD,47,00451068,30-JUN-2026
PAUL MARTINS AMERICAN GRILL,PAUL MARTINS AMERICAN GRILL,PMAB 1 LLC,ROSEVILLE,Placer,CA,95661-3030,1455 EUREKA RD,58,00451068,30-JUN-2026
PEDAL CAR PIZZA,PEDAL CAR PIZZA,SHINY NICKEL LLC,ROSEVILLE,Placer,CA,95678-2633,222 VERNON ST,41,00660400,30-JUN-2027
PERFECTO LOUNGE,PERFECTO LOUNGE,NATIONAL REGENCY GROUP INC,ROSEVILLE,Placer,CA,95678,973 PLEASANT GROVE BLVD,42,00504787,30-NOV-2026
PHO HANG,PHO HANG,NGUYEN  THIEN,ROSEVILLE,Placer,CA,95678,916 PLEASANT GROVE BLVD,41,00511247,31-JUL-2026
PHO MADAME,PHO MADAME,PHO MADAME LLC,ROSEVILLE,Placer,CA,95747,1780 PLEASANT GROVE BLVD,41,00671363,30-NOV-2026
PINTO THAI BISTRO,PINTO THAI BISTRO,YAI LLC,ROSEVILLE,Placer,CA,95678-3604,9700 FAIRWAY DR,41,00541519,30-APR-2026
Q1227 RESTAURANT,Q1227 RESTAURANT,RESTAURANT TWELVE 27 LLC,ROSEVILLE,Placer,CA,95678-3599,1151 GALLERIA BLVD,47,00672437,30-NOV-2026
QUICKMART LIQUOR,QUICKMART LIQUOR,CHOUHAN  JASVINDER KAUR,ROSEVILLE,Placer,CA,95661-4573,970 SUNRISE AVE,21,00661242,31-DEC-2026
RANCH CAFE  THE,RANCH CAFE  THE,SPARE TIME INC,ROSEVILLE,Placer,CA,95661-6400,2501 EUREKA RD,41,00584891,31-OCT-2026
RANGE KITCHEN AND TAP,RANGE KITCHEN AND TAP,ANZERA LLC,ROSEVILLE,Placer,CA,95661-3080,1420 E ROSEVILLE PKWY,41,00674731,30-NOV-2026
RED ROBIN AMERICAS GOURMENT BURGERS & SPIRITS,RED ROBIN AMERICAS GOURMENT BURGERS & SPIRITS,RED ROBIN BURGER & SPIRITS EMPORIUMS,ROSEVILLE,Placer,CA,95678,1184 GALLERIA BLVD,47,00372157,31-DEC-2026
RESTAURANT DEPOT,RESTAURANT DEPOT,RESTAURANT DEPOT LLC,ROSEVILLE,Placer,CA,95747-6646,7651 FOOTHILLS BLVD,17,00617578,31-AUG-2026
RESTAURANT DEPOT,RESTAURANT DEPOT,RESTAURANT DEPOT LLC,ROSEVILLE,Placer,CA,95747-6646,7651 FOOTHILLS BLVD,18,00617578,31-AUG-2026
RESTAURANT DEPOT,RESTAURANT DEPOT,RESTAURANT DEPOT LLC,ROSEVILLE,Placer,CA,95747-6646,7651 FOOTHILLS BLVD,12,00617578,31-AUG-2026
RESTAURANT DEPOT,RESTAURANT DEPOT,RESTAURANT DEPOT LLC,ROSEVILLE,Placer,CA,95747-6646,7651 FOOTHILLS BLVD,09,00617578,31-AUG-2026
ROKU SUSHI,ROKU SUSHI,ROKU SUSHI LLC,ROSEVILLE,Placer,CA,95678-6318,4200 THRIVE DR,41,00646423,30-JUN-2026
ROSE CAFE' & BAGEL,ROSE CAFE' & BAGEL,ROSE CAFE AND BAGEL,ROSEVILLE,Placer,CA,95747,4070 BASELINE RD,41,00635438,30-APR-2027
ROSE GARDEN CHINESE RESTAURANT,ROSE GARDEN CHINESE RESTAURANT,M T DIEP INC,ROSEVILLE,Placer,CA,95661-7009,1079 SUNRISE AVE,41,00468952,31-OCT-2026
ROSE LIQUOR FOOD & GAS,ROSE LIQUOR FOOD & GAS,MAHARAJ  AJESH SHANKAR,ROSEVILLE,Placer,CA,95678,108 RIVERSIDE AVE,21,00355965,31-OCT-2026
ROSEVILLE MARKET,ROSEVILLE MARKET,KAUR  SARBJIT,ROSEVILLE,Placer,CA,95747,1701 P F E RD,21,00427905,31-MAR-2027
ROUND TABLE PIZZA,ROUND TABLE PIZZA,EJS PIZZA CO,ROSEVILLE,Placer,CA,95747-5154,9055 WOODCREEK OAKS BLVD,41,00414665,
ROUND TABLE PIZZA,ROUND TABLE PIZZA,EJS PIZZA CO,ROSEVILLE,Placer,CA,95747-7241,4011 FOOTHILL BLVD,41,00272358,
ROUND TABLE PIZZA,ROUND TABLE PIZZA,EJS PIZZA CO,ROSEVILLE,Placer,CA,95746-6257,6811 DOUGLAS BLVD,41,00272360,
ROUND TABLE PIZZA,ROUND TABLE PIZZA,CIRCLE PIZZA LLC,ROSEVILLE,Placer,CA,95747-7241,4010 FOOTHILLS BLVD,41,00584438,30-SEP-2026
ROUND TABLE PIZZA,ROUND TABLE PIZZA,CIRCLE PIZZA LLC,ROSEVILLE,Placer,CA,95747-5154,9055 WOODCREEK OAKS BLVD,41,00584197,30-SEP-2026
ROUND1 BOWLING & ARCADE,ROUND1 BOWLING & ARCADE,ROUND ONE ENTERTAINMENT INC,ROSEVILLE,Placer,CA,95678,1191 GALLERIA BLVD,47,00636606,30-JUN-2027
ROUNDHOUSE DELI THE,ROUNDHOUSE DELI THE,ROUND HOUSE DELI INC,ROSEVILLE,Placer,CA,95678,604 CHURCH ST A,41,00653363,30-JUN-2026
RUEN THAI RESTAURANT,RUEN THAI RESTAURANT,THONGPET  JAI MEECHAI,ROSEVILLE,Placer,CA,95661,1470 EUREKA RD,41,00413279,31-MAY-2027
SABORES RESTAURANT,SABORES RESTAURANT,SABORES OF INGRIDWILMIXTOS LLC,ROSEVILLE,Placer,CA,95678-3541,10271 FAIRWAY DR,41,00543260,30-JUN-2027
SAFEWAY STORE #2695 FUEL,SAFEWAY STORE #2695 FUEL,SAFEWAY INC,ROSEVILLE,Placer,CA,95747,1790 PLEASANT GROVE BLVD,20,00661896,30-JUN-2026
SAFEWAY STORE#2695,SAFEWAY STORE#2695,SAFEWAY INC,ROSEVILLE,Placer,CA,95747,1770 PLEASANT GROVE BLVD,21,00661925,30-JUN-2026
SAFEWAY STORE#2695,SAFEWAY STORE#2695,SAFEWAY INC,ROSEVILLE,Placer,CA,95747,1770 PLEASANT GROVE BLVD,86,00661925,30-JUN-2026
SAMS CLUB 6621,SAMS CLUB 6621,SAMS WEST INC,ROSEVILLE,Placer,CA,95678,904 PLEASANT GROVE BLVD,21,00400980,30-JUN-2027
SAMS CLUB 6621,SAMS CLUB 6621,SAMS WEST INC,ROSEVILLE,Placer,CA,95678,904 PLEASANT GROVE BLVD,86,00400980,30-JUN-2027
SARI SARI ORIENTAL MARKET,SARI SARI ORIENTAL MARKET,SARI-SARI ORIENTAL MARKET  INC.,ROSEVILLE,Placer,CA,95678-2803,203 HARDING BLVD,20,00600482,31-DEC-2026
SAVE MART SUPERMARKETS 617,SAVE MART SUPERMARKETS 617,LUCKY STORES (SAVE MART) LLC,ROSEVILLE,Placer,CA,95747-6500,5060 FOOTHILLS BLVD,21,00642945,30-JUN-2026
SCOREBOARDS PIZZA & GRILL,SCOREBOARDS PIZZA & GRILL,RUIZ  GARRETT STEPHAN,ROSEVILLE,Placer,CA,95661,9260 SIERRA COLLEGE BLVD,41,00535221,31-MAR-2027
SIENNA RESTAURANT,SIENNA RESTAURANT,MP RESTAURANTS INC,ROSEVILLE,Placer,CA,95661-3030,1480 EUREKA RD,47,00569461,30-SEP-2026
SIERRA VIEW COUNTRY CLUB,SIERRA VIEW COUNTRY CLUB,SIERRA VIEW LAND COMPANY,ROSEVILLE,Placer,CA,95678,105 ALTA VISTA AVE,57,00559013,30-NOV-2026
SKATETOWN ICE ARENA CAFE,SKATETOWN ICE ARENA CAFE,ROSEVILLE SPORTWORLD,ROSEVILLE,Placer,CA,95661-5230,1009 ORLANDO AVE,41,00641015,31-DEC-2026
SMART STOP LIQUOR,SMART STOP LIQUOR,SMART STOP INVESTMENTS INC,ROSEVILLE,Placer,CA,95747-6586,5140 FOOTHILLS BLVD,21,00507155,31-JAN-2027
SMART STOP LIQUOR,SMART STOP LIQUOR,SMART STOP INVESTMENTS INC,ROSEVILLE,Placer,CA,95747-6586,5140 FOOTHILLS BLVD,86,00507155,31-JAN-2027
SMASHBURGER,SMASHBURGER,SMASHBURGER ACQUISITION-SACRAMENTO  LLC,ROSEVILLE,Placer,CA,95678-3551,1210 ROSEVILLE PARKWAY,41,00512090,
SMASHBURGER,SMASHBURGER,SMASHBURGER ACQUISITION-SAN FRANCISCO LLC,ROSEVILLE,Placer,CA,95747-4368,1541 BLUE OAKS BLVD,41,00630348,30-NOV-2026
SOHO SUSHI AND TEPPANYAKI INC,SOHO SUSHI AND TEPPANYAKI INC,SOHO SUSHI AND TEPPANYAKI INC,ROSEVILLE,Placer,CA,95661-2955,1811 DOUGLAS BLVD,41,00570874,31-JUL-2026
SOUTH CAFE THE,SOUTH CAFE THE,SPARE TIME INC,ROSEVILLE,Placer,CA,95661-6448,2600 EUREKA RD,41,00584880,31-OCT-2026
SPROUTS FARMERS MARKET,SPROUTS FARMERS MARKET,SF MARKETS LLC,ROSEVILLE,Placer,CA,95661-3856,2030 DOUGLAS BLVD,20,00564386,30-APR-2027
SUMO SUSHI ROSEVILLE,SUMO SUSHI ROSEVILLE,JUGDER  GANTSETSEG,ROSEVILLE,Placer,CA,95661-3835,3988 DOUGLAS BLVD,41,00560094,31-AUG-2026
SUSHI HOUSE,SUSHI HOUSE,GURBAZAR RESTAURANT INC,ROSEVILLE,Placer,CA,95661,901 SUNRISE AVE,41,00603260,
SUSHI HOUSE,SUSHI HOUSE,GURBAZAR RESTAURANT INC,ROSEVILLE,Placer,CA,95661,901 SUNRISE AVE,41,00603260,31-DEC-2026
SUSHI MON,SUSHI MON,CLMZ INC,ROSEVILLE,Placer,CA,95747-6562,7456 FOOTHILLS BLVD,41,00602248,31-JAN-2027
SUSHI OMAKASE,SUSHI OMAKASE,SUSHI OMAKASE - ROSEVILLE  INC,ROSEVILLE,Placer,CA,95661-6506,9213 SIERRA COLLEGE BLVD,41,00665325,31-DEC-2026
SUSIE'S COUNTRY OAKS CAFE,SUSIE'S COUNTRY OAKS CAFE,JH MORIN ENTERPRISES INC,ROSEVILLE,Placer,CA,95678-5168,1000 MELODY LN,41,00599818,31-AUG-2026
TANGS SUSHI,TANGS SUSHI,LE  LYNA NGA,ROSEVILLE,Placer,CA,95747-7143,1426 BLUE OAKS BLVD,41,00581013,30-JUN-2027
TELEFERIC BARCELONA,TELEFERIC BARCELONA,TELEFERIC BARCELONA RV LLC,ROSEVILLE,Placer,CA,95678-6653,1190 ROSEVILLE PKWY,47,00667267,31-AUG-2026
TELEFERIC BARCELONA,TELEFERIC BARCELONA,TELEFERIC BARCELONA RV LLC,ROSEVILLE,Placer,CA,95678-6653,1190 ROSEVILLE PKWY,58,00667267,31-AUG-2026
TEQUILA GRILL,TEQUILA GRILL,HERNANDEZ GARCIA FOODS  INC.,ROSEVILLE,Placer,CA,95661-5991,9290 SIERRA COLLEGE BLVD,41,00646422,31-MAY-2027
THAI BASIL RESTAURANT,THAI BASIL RESTAURANT,THONGPET  NIRUN,ROSEVILLE,Placer,CA,95661-2901,1613 DOUGLAS BLVD,41,00637772,31-OCT-2026
THAI PEPPERS,THAI PEPPERS,SAECHAO  SAN LOUANG,ROSEVILLE,Placer,CA,95661-4570,970 SUNRISE AVE,41,00583177,31-AUG-2026
THE AURA KITCHEN & BAR,THE AURA KITCHEN & BAR,DDV CONSULTING  LLC,ROSEVILLE,Placer,CA,95678-2210,117 CHURCH ST,75,00664398,30-JUN-2027
THE OWL CLUB,THE OWL CLUB,POUR GROUP LLC,ROSEVILLE,Placer,CA,95678-2210,109 CHURCH ST,48,00591822,30-JUN-2026
THE OWL CLUB,THE OWL CLUB,POUR GROUP LLC,ROSEVILLE,Placer,CA,95678-2210,109 CHURCH ST,48,00591822,30-JUN-2026
THE TRAX TAPROOM & KITCHEN,THE TRAX TAPROOM & KITCHEN,AMAN AND SONS INC,ROSEVILLE,Placer,CA,95678-2637,400 VERNON ST,47,00661517,30-SEP-2026
THE TRAX TAPROOM & KITCHEN,THE TRAX TAPROOM & KITCHEN,AMAN AND SONS INC,ROSEVILLE,Placer,CA,95678-2637,400 VERNON ST,77,00661517,30-SEP-2026
TIMBERS AT THE LODGE RESTAURANT,TIMBERS AT THE LODGE RESTAURANT,SUN CITY ROSEVILLE COMMUNITY ASSOCIATION INC,ROSEVILLE,Placer,CA,95747,7050 DEL WEBB BLVD,47,00305134,31-DEC-2026
TOPGOLF,TOPGOLF,TOPGOLF USA ROSEVILLE  LLC,ROSEVILLE,Placer,CA,95765,1700 FREEDOM WAY,47,00563991,31-JUL-2026
TOPGOLF,TOPGOLF,TOPGOLF USA ROSEVILLE  LLC,ROSEVILLE,Placer,CA,95765,1700 FREEDOM WAY,68,00563991,31-JUL-2026
TOPGOLF,TOPGOLF,TOPGOLF USA ROSEVILLE  LLC,ROSEVILLE,Placer,CA,95765,1700 FREEDOM WAY,47,00563991,31-JUL-2026
TOTAL WINE & MORE,TOTAL WINE & MORE,CALIFORNIA FINE WINE & SPIRITS LLC,ROSEVILLE,Placer,CA,95678-3533,5791 FIVE STAR DR,21,00458702,30-NOV-2026
TOTAL WINE & MORE,TOTAL WINE & MORE,CALIFORNIA FINE WINE & SPIRITS LLC,ROSEVILLE,Placer,CA,95678-3533,5791 FIVE STAR DR,42,00458702,30-NOV-2026
TOTAL WINE & MORE,TOTAL WINE & MORE,CALIFORNIA FINE WINE & SPIRITS LLC,ROSEVILLE,Placer,CA,95678-3533,5791 FIVE STAR DR,86,00458702,30-NOV-2026
TRADER JOE'S STORE 266,TRADER JOE'S STORE 266,TRADER JOES COMPANY,ROSEVILLE,Placer,CA,95678-1969,10261 FAIRWAY DR,21,00658392,30-JUN-2027
TROCADERO CLUB THE,TROCADERO CLUB THE,LAKE  SANDRA LYNN,ROSEVILLE,Placer,CA,95678-2210,119 CHURCH ST,48,00480007,28-FEB-2027
UMI SUSHI,UMI SUSHI,SUNNYS UMI INC,ROSEVILLE,Placer,CA,95678,107 S HARDING BLVD,41,00591580,28-FEB-2027
VELLY PIZZA,VELLY PIZZA,GILL BROTHERS  INC.,ROSEVILLE,Placer,CA,95747-6594,7441 FOOTHILLS BLVD,41,00665522,31-MAY-2026
VERNON STREET GRILL,VERNON STREET GRILL,NURI NURI CORPORATION,ROSEVILLE,Placer,CA,95678,211 VERNON ST,41,00419241,31-OCT-2026
VILLASPORT ATHLETIC CLUB AND SPA,VILLASPORT ATHLETIC CLUB AND SPA,VILLASPORT LLC,ROSEVILLE,Placer,CA,95678,291 CONFERENCE CENTER DR,47,00603630,30-JUN-2027
VILLASPORT ATHLETIC CLUB AND SPA,VILLASPORT ATHLETIC CLUB AND SPA,VILLASPORT LLC,ROSEVILLE,Placer,CA,95678,291 CONFERENCE CENTER DR,47,00603630,30-JUN-2027
WALMART STORE 1988,WALMART STORE 1988,WALMART INC.,ROSEVILLE,Placer,CA,95678,900 PLEASANT GROVE BLVD,21,00508117,30-JUN-2027
WALMART STORE 1988,WALMART STORE 1988,WALMART INC.,ROSEVILLE,Placer,CA,95678,900 PLEASANT GROVE BLVD,86,00508117,30-JUN-2027
WASHINGTON MINI MART,WASHINGTON MINI MART,LAIWALA  MEENA N,ROSEVILLE,Placer,CA,95678,999 WASHINGTON BLVD,21,00413488,31-MAY-2027
WEST HOUSE BAR & HOTEL INC,WEST HOUSE BAR & HOTEL INC,WEST HOUSE BAR & HOTEL INC,ROSEVILLE,Placer,CA,95678,347 ATLANTIC ST,21,00087515,31-MAY-2027
WEST HOUSE BAR & HOTEL INC,WEST HOUSE BAR & HOTEL INC,WEST HOUSE BAR & HOTEL INC,ROSEVILLE,Placer,CA,95678,347 ATLANTIC ST,48,00087515,31-MAY-2027
WEST HOUSE BAR & HOTEL INC,WEST HOUSE BAR & HOTEL INC,WEST HOUSE BAR & HOTEL INC,ROSEVILLE,Placer,CA,95678,347 ATLANTIC ST,48,00087515,31-MAY-2027
WHOLE FOODS MARKET,WHOLE FOODS MARKET,WHOLE FOODS MARKET CALIFORNIA INC,ROSEVILLE,Placer,CA,95678-1357,1001 GALLERIA BLVD,21,00505833,31-DEC-2026
WHOLE FOODS MARKET,WHOLE FOODS MARKET,WHOLE FOODS MARKET CALIFORNIA INC,ROSEVILLE,Placer,CA,95678-1357,1001 GALLERIA BLVD,86,00505833,31-DEC-2026
WINE WITH TESH,WINE WITH TESH,DIYAL  AMITESH NEERAJ,ROSEVILLE,Placer,CA,95678,507 ARLENE DR,85,00618297,30-SEP-2026
WORLD MARKET,WORLD MARKET,WORLD MARKET  LLC,ROSEVILLE,Placer,CA,95678-4118,1120 GALLERIA BLVD,20,00635128,30-APR-2027
WORLD MARKET,WORLD MARKET,WORLD MARKET  LLC,ROSEVILLE,Placer,CA,95678-4118,1120 GALLERIA BLVD,86,00635128,30-APR-2027
YARD HOUSE RESTAURANT #8331,YARD HOUSE RESTAURANT #8331,YARD HOUSE USA INC,ROSEVILLE,Placer,CA,95678,1166 ROSEVILLE PKWY,47,00580659,30-JUN-2027
YOKO SUSHI,YOKO SUSHI,YI  DONG WON,ROSEVILLE,Placer,CA,95661,1603 DOUGLAS BLVD,41,00413668,31-MAY-2027
SHERIDAN MARKET,SHERIDAN MARKET,SIMON AND KEVIN BROTHERS INC,SHERIDAN,Placer,CA,95681-9701,4912 RIOSA RD,21,00562924,31-MAY-2027
RAINBOW TAVERN & LODGE,RAINBOW TAVERN & LODGE,RAINBOW LODGE  LLC,SODA SPRINGS,Placer,CA,95728,50080 HAMPSHIRE ROCKS RD,47,00570590,30-SEP-2026
7 ELEVEN STORE 2364-14077G,7 ELEVEN STORE 2364-14077G,7 ELEVEN INC,TAHOE CITY,Placer,CA,96145,3210 N LAKE BLVD,21,00528605,30-JUN-2027
CAFE ZENON,CAFE ZENON,CAFE ZENON,TAHOE CITY,Placer,CA,96145,251 N LAKE BLVD,47,00604516,31-JAN-2027
CANIHAN WINES & CANIHAN FAMILY CELLARS,CANIHAN WINES & CANIHAN FAMILY CELLARS,CANIHAN WINES LLC,TAHOE CITY,Placer,CA,96145,3651 N LAKE BLVD,02,00450666,30-JUN-2026
CHRISTY HILL RESTAURANT,CHRISTY HILL RESTAURANT,OLD BIG TREES LLC,TAHOE CITY,Placer,CA,96145,115 GROVE ST,41,00646262,30-JUN-2027
DONNER CREEK BREW HUB @TAHOE CITY FARMERS' MARKET,DONNER CREEK BREW HUB @TAHOE CITY FARMERS' MARKET,DONNER LAKE BREW HUB LLC,TAHOE CITY,Placer,CA,96145,400 N LAKE BLVD,84,00659673,31-MAY-2027
FAT CAT BAR & GRILL,FAT CAT BAR & GRILL,FAT CAT RESTAURANTS INC,TAHOE CITY,Placer,CA,96145,599 N LAKE BLVD,47,00464269,
FAT CAT BAR & GRILL,FAT CAT BAR & GRILL,FAT CAT RESTAURANTS INC,TAHOE CITY,Placer,CA,96145,599 N LAKE BLVD,47,00464269,31-DEC-2026
FAT CAT BAR & GRILL,FAT CAT BAR & GRILL,FAT CAT RESTAURANTS INC,TAHOE CITY,Placer,CA,96145,599 N LAKE BLVD,47,00464269,
FIRE SIGN CAFE,FIRE SIGN CAFE,RB TAHOE  INC.,TAHOE CITY,Placer,CA,96145,1785 W LAKE BLVD,41,00614104,30-JUN-2026
GRANT MARIE WINERY @TAHOE CITY FARMERS MARKET CFM,GRANT MARIE WINERY @TAHOE CITY FARMERS MARKET CFM,RAMEY SCHULTEN LLC,TAHOE CITY,Placer,CA,96145,COMMONS BEACH RD,79,00570152,30-JUN-2026
MOUNTAIN SLICE CAFE & CREAMERY,MOUNTAIN SLICE CAFE & CREAMERY,MOUNTAIN SLICE,TAHOE CITY,Placer,CA,96145,690 N LAKE BLVD,41,00645257,31-MAY-2026
QUEEN V'S SUSHI HIVE,QUEEN V'S SUSHI HIVE,SUGIMOTO  VANESSA SHANNON,TAHOE CITY,Placer,CA,96145,950 N LAKE BLVD,41,00674799,30-NOV-2026
RIVER GRILL THE,RIVER GRILL THE,RIVER GRILL L-PSHIP THE,TAHOE CITY,Placer,CA,96145,55 WEST LAKE BLVD UNIT A,47,00376025,30-APR-2027
RIVER RANCH LODGE & RESTAURANT,RIVER RANCH LODGE & RESTAURANT,JOHANSON  ROBERT  HAROLD,TAHOE CITY,Placer,CA,96145,2285 RIVER RD,47,00604622,30-JUN-2027
RIVER RANCH LODGE & RESTAURANT,RIVER RANCH LODGE & RESTAURANT,JOHANSON  ROBERT  HAROLD,TAHOE CITY,Placer,CA,96145,2285 RIVER RD,47,00604622,30-JUN-2027
ROSIES CAFE,ROSIES CAFE,EVERYTHING IS ROSIE INC,TAHOE CITY,Placer,CA,96145,571 N LAKE BLVD,47,00248732,28-FEB-2027
SAFEWAY STORE #0381,SAFEWAY STORE #0381,SAFEWAY INC,TAHOE CITY,Placer,CA,96145,100 RIVER RD,21,00666599,30-JUN-2026
TAHOE WINE COLLECTIVE,TAHOE WINE COLLECTIVE,LAKE TAHOE WINE COLLECTIVE LLC,TAHOE CITY,Placer,CA,96145,760 N LAKE BLVD,42,00619130,28-FEB-2027
TAHOE YACHT CLUB,TAHOE YACHT CLUB,TAHOE YACHT CLUB,TAHOE CITY,Placer,CA,96145,700 N LAKE BLVD UNIT 17,51,00308712,31-MAY-2027
THAI KITCHEN RESTAURANT,THAI KITCHEN RESTAURANT,KAITAMMA  RASSAMEE,TAHOE CITY,Placer,CA,96145,877 N LAKE BLVD,41,00612970,28-FEB-2027
WEST SHORE MARKET & DELI,WEST SHORE MARKET & DELI,TAHOE MERCANTILE CO. INC.,TAHOE CITY,Placer,CA,96145,1780 W LAKE BLVD,21,00549503,30-APR-2027
WEST SHORE MARKET & DELI,WEST SHORE MARKET & DELI,TAHOE MERCANTILE CO. INC.,TAHOE CITY,Placer,CA,96145,1780/1790 W LAKE BLVD,41,00582431,30-APR-2027
JIFFY'S PIZZA,JIFFY'S PIZZA,RAVEN RIDGE INVESTMENTS  LLC,TAHOE VISTA,Placer,CA,96148,7019 N LAKE BLVD,41,00594672,31-OCT-2026
LAKE CLUB,LAKE CLUB,BHR TRS TAHOE LLC,TAHOE VISTA,Placer,CA,96148,7170 N LAKE BLVD,57,00601645,28-FEB-2027
MARTIS CAMP CLUB,MARTIS CAMP CLUB,MARTIS CAMP CLUB,TAHOE VISTA,Placer,CA,96148,6834 N LAKE BLVD,51,00678271,31-MAY-2027
TAHOMA MARKET,TAHOMA MARKET,HILLERCO TAHOMA LLC,TAHOMA,Placer,CA,96142,6890 W LAKE BLVD,21,00582471,31-DEC-2026
TAHOMA MARKET,TAHOMA MARKET,HILLERCO TAHOMA LLC,TAHOMA,Placer,CA,96142,6890 W LAKE BLVD,41,00582471,30-APR-2027
ALPINE CLUB,ALPINE CLUB,TAHOE CLUB COMPANY LLC,TRUCKEE,Placer,CA,96161,4001 NORTH STAR DR,57,00427789,
ALPINE CLUB,ALPINE CLUB,TAHOE CLUB COMPANY LLC,TRUCKEE,Placer,CA,96161,4001 NORTH STAR DR,57,00427789,31-OCT-2026
CHOCOLATE BAR THE,CHOCOLATE BAR THE,CHOCOLATE BAR III LLC THE,TRUCKEE,Placer,CA,96161-4244,7001 NORTHSTAR DR,47,00472565,
CHOCOLATE BAR THE,CHOCOLATE BAR THE,CHOCOLATE BAR III LLC THE,TRUCKEE,Placer,CA,96161-4244,7001 NORTHSTAR DR,58,00472565,
COPPER LANE CAFE & PROVISIONS,COPPER LANE CAFE & PROVISIONS,COPPER LANE HOSPITALITY GROUP  LLC,TRUCKEE,Placer,CA,96161-4249,3001 NORTHSTAR DR,21,00569756,31-AUG-2026
COPPER LANE CAFE & PROVISIONS,COPPER LANE CAFE & PROVISIONS,COPPER LANE HOSPITALITY GROUP  LLC,TRUCKEE,Placer,CA,96161-4249,3001 NORTHSTAR DR,41,00569756,31-AUG-2026
GRILLE AT SAWTOOTH RIDGE THE,GRILLE AT SAWTOOTH RIDGE THE,SAWTOOTH RIDGE HOSPITALITY GROUP  LLC,TRUCKEE,Placer,CA,96161-4246,5001 NORTHSTAR DR,47,00580716,
GRILLE AT SAWTOOTH RIDGE THE,GRILLE AT SAWTOOTH RIDGE THE,SAWTOOTH RIDGE HOSPITALITY GROUP  LLC,TRUCKEE,Placer,CA,96161-4246,5001 NORTHSTAR DR,58,00580716,
LAHONTAN GOLF CLUB,LAHONTAN GOLF CLUB,LAHONTAN GOLF CLUB,TRUCKEE,Placer,CA,96161,12700 LODGETRAIL DR,57,00353547,31-JUL-2027
LOS ARCOS MEXICAN GRILL,LOS ARCOS MEXICAN GRILL,OROZCO  VICTOR HUGO,TRUCKEE,Placer,CA,96161-4249,3001 NORTHSTAR DR,41,00622297,28-FEB-2027
MARTIS CAMP CLUB,MARTIS CAMP CLUB,MARTIS CAMP CLUB,TRUCKEE,Placer,CA,96161-4261,7951 FLEUR DU LAC DR,57,00511874,31-JUL-2026
MARTIS CAMP CLUB,MARTIS CAMP CLUB,MARTIS CAMP CLUB,TRUCKEE,Placer,CA,96161-4261,7951 FLEUR DU LAC DR,57,00511874,31-JUL-2026
MARTIS CAMP CLUB,MARTIS CAMP CLUB,MARTIS CAMP CLUB,TRUCKEE,Placer,CA,96161-4261,7951 FLEUR DU LAC DR,68,00511874,31-JUL-2026
NORTH STAR POOL CLUB,NORTH STAR POOL CLUB,INCLINED III  LLC,TRUCKEE,Placer,CA,96161-4309,2200 N VILLAGE DR,41,00658384,30-JUN-2026
RUBICON PIZZA COMPANY,RUBICON PIZZA COMPANY,RUBICON PIZZA TRG  LLC,TRUCKEE,Placer,CA,96161-4246,5001 NORTHSTAR DR,47,00667526,30-JUN-2027
SCHAFFER'S MILL CLUB,SCHAFFER'S MILL CLUB,SCHAFFER'S MILL F&B LLC,TRUCKEE,Placer,CA,96161-5193,9045 HEARTWOOD DR,47,00658747,31-JUL-2026
SCHAFFER'S MILL CLUB,SCHAFFER'S MILL CLUB,SCHAFFER'S MILL F&B LLC,TRUCKEE,Placer,CA,96161-5193,9045 HEARTWOOD DR,47,00658747,31-JUL-2026
SCHAFFER'S MILL CLUB,SCHAFFER'S MILL CLUB,SCHAFFER'S MILL F&B LLC,TRUCKEE,Placer,CA,96161-5193,9045 HEARTWOOD DR,58,00658747,31-JUL-2026
WEIMAR FOOD AND LIQUOR,WEIMAR FOOD AND LIQUOR,NORCAL BOTTLE SHOPS  INC.,WEIMAR,Placer,CA,95736,21030 CANYON WAY,21,00650103,28-FEB-2027
ANTELOPE GREENS GOLF COURSE,ANTELOPE GREENS GOLF COURSE,AGGC INVESTMENTS  LLC,ANTELOPE,Sacramento,CA,95843-9700,2721 ELVERTA RD,40,00655146,30-APR-2027
ANTELOPE MARKET,ANTELOPE MARKET,KAUR  BALJEET,ANTELOPE,Sacramento,CA,95843-4721,3535 ELVERTA RD,21,00620181,28-FEB-2027
CAJUN & SUSHI HOUSE,CAJUN & SUSHI HOUSE,CAJUN & SUSHI HOUSE INC,ANTELOPE,Sacramento,CA,95843-9106,2921 ELVERTA RD,41,00661132,30-SEP-2026
CAROLINA'S MEXICAN RESTAURANT 6,,CAROLINA'S MEXICAN RESTAURANT 6,ANTELOPE,Sacramento,CA,95843-4735,4207 ELVERTA RD,41,00666040,30-NOV-2026
FIRE WINGS,FIRE WINGS,ARK AND ARK  INC.,ANTELOPE,Sacramento,CA,95843,4400 ELVERTA RD,41,00588871,31-JAN-2027
H&S ENERGY PRODUCTS LLC STORE #3068,H&S ENERGY PRODUCTS LLC STORE #3068,H&S ENERGY PRODUCTS  LLC,ANTELOPE,Sacramento,CA,95843-5777,7966 WALERGA RD,20,00634692,30-APR-2027
MOUNTAIN MIKES PIZZA,MOUNTAIN MIKES PIZZA,DEOL  JASVIR SINGH,ANTELOPE,Sacramento,CA,95843,4207 ELVERTA RD,41,00602661,28-FEB-2027
ROUND TABLE PIZZA,ROUND TABLE PIZZA,BRENNAN  CHARLES PAUL,ANTELOPE,Sacramento,CA,95843,7909 WALERGA RD,41,00350566,31-DEC-2026
SPIRIT KINGS LIQUOR - ANTELOPE,SPIRIT KINGS LIQUOR - ANTELOPE,SPIRIT KINGS INC,ANTELOPE,Sacramento,CA,95843-9100,8023 WATT AVE,21,00575692,30-NOV-2026
TASTY PALACE CHINESE RESTAURANT,TASTY PALACE CHINESE RESTAURANT,LIN  YAN FENG,ANTELOPE,Sacramento,CA,95843-2000,7943 WATT AVE,41,00568960,31-MAY-2027
WAL MART STORE 1881,WAL MART STORE 1881,WALMART INC.,ANTELOPE,Sacramento,CA,95843-2000,7901 WATT AVE,21,00350609,30-JUN-2027
YUMMY TER!YAKI AND SUSHI,YUMMY TER!YAKI AND SUSHI,YOO  KEONKUK,ANTELOPE,Sacramento,CA,95843-5727,7909 WALERGA RD,41,00636150,30-JUN-2026
5 STAR LIQUOR,5 STAR LIQUOR,ATWAL  AJIT SINGH,CARMICHAEL,Sacramento,CA,95608,5038 MARCONI AVE,21,00274500,30-APR-2027
7 ELEVEN STORE 2365-23010E,7 ELEVEN STORE 2365-23010E,7 ELEVEN INC,CARMICHAEL,Sacramento,CA,95608-4296,5101 MARCONI AVE,20,00521230,30-JUN-2027
99 CENTS ONLY STORE 176,99 CENTS ONLY STORE 176,99¢ ONLY STORES,CARMICHAEL,Sacramento,CA,95608,6431 FAIR OAKS BLVD,20,00396370,
BLUE SKY CHINESE RESTAURANT,BLUE SKY CHINESE RESTAURANT,LTT CHINESE RESTAURANT INC,CARMICHAEL,Sacramento,CA,95608-1713,7323 FAIR OAKS BLVD,41,00515749,30-SEP-2026
BURGERIM,BURGERIM,R&D RESTAURANTS LLC,CARMICHAEL,Sacramento,CA,95608-1797,7423 FAIR OAKS BLVD,41,00595080,31-JAN-2027
CALIFORNIA WINE & LIQUOR,CALIFORNIA WINE & LIQUOR,NILSAB,CARMICHAEL,Sacramento,CA,95608-4650,5008 EL CAMINO AVE,21,00654244,28-FEB-2027
CLUBHOUSE,CLUBHOUSE,BALLARD  KEITH WAYNE,CARMICHAEL,Sacramento,CA,95608-5758,5150 FAIR OAKS BLVD,47,00482516,31-OCT-2026
CLUBHOUSE,CLUBHOUSE,BALLARD  KEITH WAYNE,CARMICHAEL,Sacramento,CA,95608-5758,5150 FAIR OAKS BLVD,58,00482516,31-OCT-2026
CVS PHARMACY STORE 9809,CVS PHARMACY STORE 9809,GARFIELD BEACH CVS LLC,CARMICHAEL,Sacramento,CA,95608,4959 MARCONI AVE,21,00477735,31-MAY-2027
DESI PIZZA & WINGS,DESI PIZZA & WINGS,DESI PIZZA & WINGS,CARMICHAEL,Sacramento,CA,95608-2640,9045 FAIR OAKS BLVD,41,00677548,31-MAY-2027
EL PALMAR MEXICAN RESTAURANT,EL PALMAR MEXICAN RESTAURANT,EL PALMAR MEXICAN RESTAURANT CORP.,CARMICHAEL,Sacramento,CA,95608-4911,2452 MISSION AVE,47,00611550,31-DEC-2026
FAIR OAKS LIQUOR BARN,FAIR OAKS LIQUOR BARN,DM 28 INC,CARMICHAEL,Sacramento,CA,95608-2406,7820 FAIR OAKS BLVD UNIT C,21,00643175,30-NOV-2026
FAIR OAKS MARKET,FAIR OAKS MARKET,SINGH  KAMALPAL,CARMICHAEL,Sacramento,CA,95608,6306 FAIR OAKS BLVD,21,00631737,31-OCT-2026
GAMI BURGER,GAMI BURGER,GAMIBURGER LLC,CARMICHAEL,Sacramento,CA,95608-5806,5050 ARDEN WAY,41,00668154,30-APR-2027
GRANITE'S SUBS & WINGS,GRANITE'S SUBS & WINGS,DAON  INC.,CARMICHAEL,Sacramento,CA,95608,5847 MANZANITA AVE UNIT A,41,00631193,30-NOV-2026
H&S ENERGY PRODUCTS  LLC STORE #3074,H&S ENERGY PRODUCTS  LLC STORE #3074,H&S ENERGY PRODUCTS  LLC,CARMICHAEL,Sacramento,CA,95608-4205,5049 MARCONI AVE,20,00634879,30-APR-2027
IN AND OUT MARKET,IN AND OUT MARKET,MANJIT AND BROS INC,CARMICHAEL,Sacramento,CA,95608-0839,4781 MANZANITA AVE,21,00578022,28-FEB-2027
JACKS URBAN EATS #15,JACKS URBAN EATS #15,JACKS URBAN EATS #15  LLC,CARMICHAEL,Sacramento,CA,95608,4005 MANZANITA AVE,41,00670725,31-JAN-2027
JIMBOY'S TACOS,JIMBOY'S TACOS,ROPER FOOD SERVICES INC,CARMICHAEL,Sacramento,CA,95608-1715,7401 FAIR OAKS BLVD,41,00560508,30-SEP-2026
JOHNS FOOD & LIQUOR,JOHNS FOOD & LIQUOR,SOHAL  KULDIP KAUR,CARMICHAEL,Sacramento,CA,95608,5935 FAIR OAKS BLVD,21,00433790,31-DEC-2026
KAY BEE LIQUOR,KAY BEE LIQUOR,GOPAL HK INC,CARMICHAEL,Sacramento,CA,95608-1713,7313 FAIR OAKS BLVD,21,00639958,31-AUG-2026
LIDO BAR & GRILL,LIDO BAR & GRILL,LIDO BAR & GRILL INC,CARMICHAEL,Sacramento,CA,95608-2497,7907 & 7909  FAIR OAKS BLVD,47,00527211,30-JUN-2026
MADISON LIQUOR,MADISON LIQUOR,SANGHA  SANDEEP KAUR,CARMICHAEL,Sacramento,CA,95608-0520,5926-28 MADISON AVE,21,00478097,31-OCT-2026
MAIN EVENT BAR & GRILL THE,MAIN EVENT BAR & GRILL THE,GOLDEN EMPIRE GOLF INC,CARMICHAEL,Sacramento,CA,95608,6700 TARSHES DR,47,00485570,
MAIN EVENT BAR & GRILL THE,MAIN EVENT BAR & GRILL THE,GOLDEN EMPIRE GOLF INC,CARMICHAEL,Sacramento,CA,95608,6700 TARSHES DR,68,00485570,
MAIN EVENT BAR & GRILL THE,MAIN EVENT BAR & GRILL THE,ANCIL HOFFMAN ABC  LLC,CARMICHAEL,Sacramento,CA,95608,6700 TARSHES DR,47,00641093,30-SEP-2026
MAIN EVENT BAR & GRILL THE,MAIN EVENT BAR & GRILL THE,ANCIL HOFFMAN ABC  LLC,CARMICHAEL,Sacramento,CA,95608,6700 TARSHES DR,68,00641093,30-SEP-2026
MANDS WINE AND LIQUOR,MANDS WINE AND LIQUOR,HAWKSTONE LIQUOR INC.,CARMICHAEL,Sacramento,CA,95608-5758,5150 FAIR OAKS BLVD,21,00578023,31-MAR-2027
MARK & MONICA'S FAMILY PIZZA,MARK & MONICA'S FAMILY PIZZA,SHINDIG  INC.,CARMICHAEL,Sacramento,CA,95608-0839,4751 MANZANITA AVE,47,00584918,31-OCT-2026
MATTEOS PIZZA & BISTRO,MATTEOS PIZZA & BISTRO,MATTEOS PIZZA & BISTRO  INC.,CARMICHAEL,Sacramento,CA,95608-6005,5132 ARDEN WAY,47,00528022,31-JAN-2027
MATTEOS PIZZA & BISTRO,MATTEOS PIZZA & BISTRO,MATTEOS PIZZA & BISTRO  INC.,CARMICHAEL,Sacramento,CA,95608-6005,5132 ARDEN WAY,58,00528022,31-JAN-2027
MOUNTAIN MIKE'S PIZZA,MOUNTAIN MIKE'S PIZZA,DTF BUSINESS INC,CARMICHAEL,Sacramento,CA,95608-1700,4141 MANZANITA AVE,41,00649158,31-DEC-2026
MOUNTAIN MIKES PIZZA,MOUNTAIN MIKES PIZZA,GHUMAN ENTERPRISE,CARMICHAEL,Sacramento,CA,95608,5019 EL CAMINO AVE,41,00434137,30-NOV-2026
MR PICKLES SANDWICH SHOP,MR PICKLES SANDWICH SHOP,ILKHANI  SHAHRZAD,CARMICHAEL,Sacramento,CA,95608-5222,5900 FAIR OAKS BLVD,41,00448205,31-DEC-2026
NOROC RESTAURANT,NOROC RESTAURANT,SIRBU  MAXIM ALEXANDRU,CARMICHAEL,Sacramento,CA,95608-0822,4715 MANZANITA AVE,47,00600955,30-APR-2027
NOROC RESTAURANT,NOROC RESTAURANT,SIRBU  MAXIM ALEXANDRU,CARMICHAEL,Sacramento,CA,95608-0822,4715 MANZANITA AVE,58,00600955,30-APR-2027
PALM ST PUB & GRILL,PALM ST PUB & GRILL,DMS NEIGHBORHOOD BAR LLC,CARMICHAEL,Sacramento,CA,95608,6416 FAIR OAKS BLVD,47,00640787,31-AUG-2026
PALM ST PUB & GRILL,PALM ST PUB & GRILL,DMS NEIGHBORHOOD BAR LLC,CARMICHAEL,Sacramento,CA,95608,6416 FAIR OAKS BLVD,77,00640787,31-AUG-2026
PHO HOUSE,PHO HOUSE,NGUYEN  BINH THANH,CARMICHAEL,Sacramento,CA,95608,6436 FAIR OAKS BLVD,41,00668764,30-JUN-2026
ROCKYAAD JAMAICAN RESTAURANT,ROCKYAAD JAMAICAN RESTAURANT,ROCKYAAD LLC,CARMICHAEL,Sacramento,CA,95608-2767,7609 FAIR OAKS BLVD,41,00639695,31-AUG-2026
ROUND TABLE PIZZA,ROUND TABLE PIZZA,BRENNAN  CHARLES PAUL,CARMICHAEL,Sacramento,CA,95608,4005 MANZANITA AVE,41,00350569,31-DEC-2026
ROUND TABLE PIZZA,ROUND TABLE PIZZA,CIRCLE PIZZA LLC,CARMICHAEL,Sacramento,CA,95608-6820,4949 MARCONI AVE,41,00675879,28-FEB-2027
ROYAL HOUSE OF LIQUOR,ROYAL HOUSE OF LIQUOR,ROYAL HOUSE OF LIQUOR,CARMICHAEL,Sacramento,CA,95608,5839 MANZANITA AVE,21,00602358,28-FEB-2027
SD FOOD STORE,SD FOOD STORE,SD FOODS INC,CARMICHAEL,Sacramento,CA,95608-1327,5740 WINDING WAY,21,00473312,31-JAN-2027
SERRITELLAS RESTAURANT,SERRITELLAS RESTAURANT,SERRITELLA'S INC,CARMICHAEL,Sacramento,CA,95608-4878,6241 FAIR OAKS BLVD,47,00609743,31-MAY-2027
STAR LIQUOR,STAR LIQUOR,SND FOODS INC,CARMICHAEL,Sacramento,CA,95608-2113,5109 GIBBONS DR,21,00451022,30-APR-2027
STRINGS ITALIAN CAFE,STRINGS ITALIAN CAFE,MTR ITALIAN CAFE LLC,CARMICHAEL,Sacramento,CA,95608,4104 MANZANITA AVE,41,00630401,28-FEB-2027
SUNSHINE MARKET,SUNSHINE MARKET,BANDNA  INC,CARMICHAEL,Sacramento,CA,95608-0524,5150 MANZANITA AVE,20,00542833,31-MAY-2027
SUSHI & TERIYAKI EXPRESS,SUSHI & TERIYAKI EXPRESS,SUSHI & TERIYAKI EXPRESS A.S.,CARMICHAEL,Sacramento,CA,95608-0553,6047 MADISON AVE,41,00532044,30-APR-2027
SUSHI & TERIYAKI EXPRESS,SUSHI & TERIYAKI EXPRESS,SUSHI & TERIYAKI EXPRESS A.S.,CARMICHAEL,Sacramento,CA,95608-0553,6047 MADISON AVE,58,00532044,30-APR-2027
TAIKO SUSHI,TAIKO SUSHI,HYC INVESTMENTS INC,CARMICHAEL,Sacramento,CA,95608-4878,6241 FAIR OAKS BLVD,47,00601199,31-JAN-2027
TIME OUT TAVERN,TIME OUT TAVERN,EATON  CHRISTOPHER ROBERT,CARMICHAEL,Sacramento,CA,95608,7630 FAIR OAKS BLVD,48,00627163,30-NOV-2026
TIME OUT TAVERN,TIME OUT TAVERN,EATON  CHRISTOPHER ROBERT,CARMICHAEL,Sacramento,CA,95608,7630 FAIR OAKS BLVD,58,00627163,30-NOV-2026
URBANOS MEXICAN RESTAURANT,URBANOS MEXICAN RESTAURANT,TOVAR  URBANO CASTILLO SR,CARMICHAEL,Sacramento,CA,95608,5825 MANZANITA AVE,47,00232847,31-MAR-2027
WALMART NEIGHBORHOOD MARKET 5981,WALMART NEIGHBORHOOD MARKET 5981,WALMART INC.,CARMICHAEL,Sacramento,CA,95608-0521,6005 MADISON AVE,21,00525623,30-JUN-2027
WILD REJOICE WINE COMPANY @ CARMICHAEL CFM,WILD REJOICE WINE COMPANY @ CARMICHAEL CFM,WILD REJOICE LLC,CARMICHAEL,Sacramento,CA,95608,5750 GRANT AVE,79,00678050,30-JUN-2026
YEREVAN BAR AND RESTAURANT INC,YEREVAN BAR AND RESTAURANT INC,YEREVAN BAR & RESTAURANT  INC.,CARMICHAEL,Sacramento,CA,95608-1704,7600 FAIR OAKS BLVD,47,00644980,31-MAR-2027
YEREVAN BAR AND RESTAURANT INC,YEREVAN BAR AND RESTAURANT INC,YEREVAN BAR & RESTAURANT  INC.,CARMICHAEL,Sacramento,CA,95608-1704,7600 FAIR OAKS BLVD,58,00644980,31-MAR-2027
YIANNI'S BAR AND GRILL,YIANNI'S BAR AND GRILL,OLDE TAVERN HOSPITALITY LLC,CARMICHAEL,Sacramento,CA,95608,6628 FAIR OAKS BLVD,47,00550841,30-NOV-2026
YIANNI'S BAR AND GRILL,YIANNI'S BAR AND GRILL,OLDE TAVERN HOSPITALITY LLC,CARMICHAEL,Sacramento,CA,95608,6628 FAIR OAKS BLVD,58,00550841,30-NOV-2026
AKIRA JAPANESE RESTAURANT,AKIRA JAPANESE RESTAURANT,AKIRA SUSHI LLC,CITRUS HEIGHTS,Sacramento,CA,95621-4796,6191 GREENBACK LN,41,00665224,31-JAN-2027
ANTELOPE 76 MARKET,ANTELOPE 76 MARKET,PUNDHAR INVESTMENTS INC,CITRUS HEIGHTS,Sacramento,CA,95621,7800 LICHEN DR,20,00423794,31-DEC-2026
APPLEBEE'S NEIGHBORHOOD BAR & GRILL,APPLEBEE'S NEIGHBORHOOD BAR & GRILL,APPLE NORCAL LLC,CITRUS HEIGHTS,Sacramento,CA,95621,6900 AUBURN BLVD,47,00548026,30-NOV-2026
BARGAIN SUPERMARKET,BARGAIN SUPERMARKET,PARNAMI  VINEET  SINGH,CITRUS HEIGHTS,Sacramento,CA,95610,7817 GREENBACK LN,21,00662353,28-FEB-2027
BEACH HUT DELI,BEACH HUT DELI,BARD ENTERPRISES LLC,CITRUS HEIGHTS,Sacramento,CA,95610-5992,6406 SUNRISE BLVD,41,00647826,31-DEC-2026
BETO'S TACOS MEXICAN FOOD,BETO'S TACOS MEXICAN FOOD,ESMERALDA M.T.  LLC,CITRUS HEIGHTS,Sacramento,CA,95610-1406,8032 AUBURN BLVD,41,00651301,31-DEC-2026
BUFFALO WILD WINGS,BUFFALO WILD WINGS,BLAZIN WINGS INC,CITRUS HEIGHTS,Sacramento,CA,95610-5912,6301 SUNRISE BLVD,47,00486879,31-JUL-2026
CALIFORNIA FISH GRILL,CALIFORNIA FISH GRILL,CALIFORNIA FISH GRILL INVESTMENTS  LLC,CITRUS HEIGHTS,Sacramento,CA,95610-7805,5406 SUNRISE BLVD,47,00656490,31-MAR-2027
CH CAFE & GRILL,CH CAFE & GRILL,GARCIA CONTRERAS  VICTOR MANUEL,CITRUS HEIGHTS,Sacramento,CA,95610-5911,6215 SUNRISE BLVD,41,00647070,31-MAY-2026
CH CAFE & GRILL,CH CAFE & GRILL,GARCIA CONTRERAS  VICTOR MANUEL,CITRUS HEIGHTS,Sacramento,CA,95610-5911,6215 SUNRISE BLVD,77,00647070,31-MAY-2026
CH CAFE & GRILL,CH CAFE & GRILL,GARCIA CONTRERAS  VICTOR MANUEL,CITRUS HEIGHTS,Sacramento,CA,95610-5911,6215 SUNRISE BLVD,58,00647070,31-MAY-2026
CHIPOTLE MEXICAN GRILL,CHIPOTLE MEXICAN GRILL,CHIPOTLE MEXICAN GRILL INC,CITRUS HEIGHTS,Sacramento,CA,95610,5851 SUNRISE BLVD A6,47,00380631,31-AUG-2026
CIROS GOURMET PIZZA,CIROS GOURMET PIZZA,BOARDWALK RESTAURANT GROUP INC,CITRUS HEIGHTS,Sacramento,CA,95610,7521 OLD AUBURN RD,41,00253633,31-MAR-2027
CITY MARKET,CITY MARKET,CITY MARKET GROUP INC,CITRUS HEIGHTS,Sacramento,CA,95621,6825 GREENBACK LN,20,00619056,28-FEB-2027
CORNER SPOT KARAOKE LECAFE,CORNER SPOT KARAOKE LECAFE,CORNER SPOT KARAOKE LECAFE LLC,CITRUS HEIGHTS,Sacramento,CA,95621,6432 TUPELO DR,47,00631443,30-APR-2027
COST PLUS WORLD MARKET,COST PLUS WORLD MARKET,COST PLUS INC,CITRUS HEIGHTS,Sacramento,CA,95610-6834,6191 SUNRISE BLVD,21,00220539,
COZI WINES,COZI WINES,DUMONT DARNELL  CORY  ROBERT,CITRUS HEIGHTS,Sacramento,CA,95610-3326,8445 JONQUIL WAY,85,00626212,30-JUN-2026
CREPES AND BURGERS,CREPES AND BURGERS,PEREZ ANGELES  MIRYAM,CITRUS HEIGHTS,Sacramento,CA,95610-1406,8000 AUBURN BLVD,41,00576164,31-DEC-2026
DISCOUNT LIQUOR MINI MARKET,DISCOUNT LIQUOR MINI MARKET,KAHLON  RENU B,CITRUS HEIGHTS,Sacramento,CA,95621,7339 GREENBACK LN,21,00438708,31-MAY-2027
DOS COYOTES BORDER CAFE,DOS COYOTES BORDER CAFE,DOS COYOTES SUNRISE  INC.,CITRUS HEIGHTS,Sacramento,CA,95610-7805,5450 SUNRISE BLVD,47,00584059,30-APR-2027
DOUBLE SHOT LIQUOR,DOUBLE SHOT LIQUOR,DOUBLE SHOT LIQUOR,CITRUS HEIGHTS,Sacramento,CA,95621,6073 GREENBACK LN,21,00637906,31-OCT-2026
EMPIRE FOOD AND LIQUOR,EMPIRE FOOD AND LIQUOR,EMPIRE FOOD AND LIQUOR,CITRUS HEIGHTS,Sacramento,CA,95621-5629,7340 GREENBACK LN,21,00669561,30-JUN-2027
ERICAS CAFE,ERICAS CAFE,GARCIA CONTRERAS  VICTOR MANUEL,CITRUS HEIGHTS,Sacramento,CA,95610-5603,7451 GREENBACK LN,41,00608188,31-AUG-2026
EZ MART LIQUOR,EZ MART LIQUOR,EZ SUNRISE INVESTMENTS INC,CITRUS HEIGHTS,Sacramento,CA,95610-1500,7800 SUNRISE BLVD,21,00639960,30-SEP-2026
FARMER COUNTRY MARKET,FARMER COUNTRY MARKET,RAI  JASWINDER SINGH,CITRUS HEIGHTS,Sacramento,CA,95610,7672 GREENBACK LN,21,00433205,31-DEC-2026
FELIPES MEXICAN RESTAURANT,FELIPES MEXICAN RESTAURANT,FELIPE'S ENTERPRISES  INC.,CITRUS HEIGHTS,Sacramento,CA,95610,7959 AUBURN BLVD,41,00676463,31-JAN-2027
HAPPY SUSHI STAR,HAPPY SUSHI STAR,HAPPY SUSHI STAR INC,CITRUS HEIGHTS,Sacramento,CA,95610,7777 SUNRISE BLVD,41,00653395,30-NOV-2026
HAYA SUSHI,HAYA SUSHI,CJJ 21C ENTERPRISES INC,CITRUS HEIGHTS,Sacramento,CA,95621-4343,7086 AUBURN BLVD,41,00532277,31-AUG-2026
HIBACHI SUSHI BUFFET,HIBACHI SUSHI BUFFET,HIBACHI SUSHI BUFFET CORP,CITRUS HEIGHTS,Sacramento,CA,95610-7606,5623 SUNRISE BLVD,41,00648201,30-SEP-2026
IN & GO MARKET,IN & GO MARKET,IN & GO MARKET INC,CITRUS HEIGHTS,Sacramento,CA,95628-2500,12417 FAIR OAKS BLVD,21,00557829,30-APR-2027
INDIA OVEN RESTAURANT & WHITE LOTUS BANQUET HALL,INDIA OVEN RESTAURANT & WHITE LOTUS BANQUET HALL,INDIA OVEN RESTAURANT AND BANQUET LLC,CITRUS HEIGHTS,Sacramento,CA,95610-7000,6105 SUNRISE VISTA DR,47,00532516,31-AUG-2026
J B LIQUOR & GROCERY,J B LIQUOR & GROCERY,SINGH  BALJINDER,CITRUS HEIGHTS,Sacramento,CA,95610,7028 SYLVAN RD,21,00373686,31-MAY-2027
JOES FOOD & LIQUOR,JOES FOOD & LIQUOR,G & S ADVANCEMENT INC,CITRUS HEIGHTS,Sacramento,CA,95610,7666 GREENBACK LN,21,00645329,28-FEB-2027
LASAM PHO  VIETNAMESE NOODLE BAR & MORE,LASAM PHO  VIETNAMESE NOODLE BAR & MORE,LASAMIE LLC,CITRUS HEIGHTS,Sacramento,CA,95610-2396,7777 SUNRISE BLVD,41,00646961,30-APR-2027
M & J MARKET,M & J MARKET,JHATTU  MAKHAN SINGH,CITRUS HEIGHTS,Sacramento,CA,95621,5944 SPERRY DR,21,00370361,31-AUG-2026
MAJESTIC WINES LLC,,MAJESTIC WINES LLC,CITRUS HEIGHTS,Sacramento,CA,95610-2624,7620 WOODDALE WAY,02,00669277,30-JUN-2027
MANNS LIQUOR,MANNS LIQUOR,SINGH  HARJINDER,CITRUS HEIGHTS,Sacramento,CA,95610-1436,8130 AUBURN BLVD,21,00421559,31-JAN-2027
MARIPOSA MARKET,MARIPOSA MARKET,BHULLAR FOOD STORE  INC.,CITRUS HEIGHTS,Sacramento,CA,95610,7754 MARIPOSA AVE,21,00661159,31-DEC-2026
MIZUKI SUSHI,MIZUKI SUSHI,MIZUKI SUSHI INC,CITRUS HEIGHTS,Sacramento,CA,95610-7641,5500 SUNRISE BLVD,41,00569119,31-MAY-2026
MOUNTAIN MIKES PIZZA,MOUNTAIN MIKES PIZZA,BRAR  DALVIR SINGH,CITRUS HEIGHTS,Sacramento,CA,95610,7777 SUNRISE BLVD,41,00365133,31-MAY-2027
MR. LIQUOR,MR. LIQUOR,MISHRI & SARA  INC,CITRUS HEIGHTS,Sacramento,CA,95610-7601,7807 MADISON AVE,21,00594902,31-OCT-2026
N.Y. CITY PIZZA,N.Y. CITY PIZZA,GURJAS INVESTMENTS LLC,CITRUS HEIGHTS,Sacramento,CA,95621-6129,6240 GREENBACK LN,41,00677750,30-APR-2027
NORSE LEGEND MEAD @ SUNRISE MALL FARMERS MARKET,NORSE LEGEND MEAD @ SUNRISE MALL FARMERS MARKET,THE DOOKIE BROTHERS LLC,CITRUS HEIGHTS,Sacramento,CA,95610,6041 SUNRISE BLVD,79,00674901,30-JUN-2027
OLIVE GARDEN ITALIAN RESTAURANT THE 1246,OLIVE GARDEN ITALIAN RESTAURANT THE 1246,N AND D RESTAURANTS LLC,CITRUS HEIGHTS,Sacramento,CA,95610,5445 SUNRISE BLVD,47,00564461,28-FEB-2027
PANCHITO MEXICAN RESTAURANT,PANCHITO MEXICAN RESTAURANT,NICAMEX  LLC,CITRUS HEIGHTS,Sacramento,CA,95610-2224,7683 AUBURN BLVD,41,00596102,30-SEP-2026
PEARL HOUSE RESTAURANT,PEARL HOUSE RESTAURANT,DUONG  BAN QUOC,CITRUS HEIGHTS,Sacramento,CA,95621,6053 GREENBACK LN,41,00595292,30-SEP-2026
PHAT CHADS TAVERN,PHAT CHADS TAVERN,PHATS ENTERTAINMENT INC,CITRUS HEIGHTS,Sacramento,CA,95610-1437,7951 AUBURN BLVD,48,00582503,31-DEC-2026
PHAT CHADS TAVERN,PHAT CHADS TAVERN,PHATS ENTERTAINMENT INC,CITRUS HEIGHTS,Sacramento,CA,95610-1437,7951 AUBURN BLVD,77,00582503,31-DEC-2026
PHO ABC INC,PHO ABC INC,PHO ABC INC.,CITRUS HEIGHTS,Sacramento,CA,95610-5909,7811 GREENBACK LN,41,00567942,30-APR-2027
PHO VIET,PHO VIET,PHO VIET  LLC,CITRUS HEIGHTS,Sacramento,CA,95621-6052,5948 AUBURN BLVD,41,00594738,31-JUL-2027
QUIK STOP MARKET #9167,QUIK STOP MARKET #9167,QUIK STOP MARKETS INC,CITRUS HEIGHTS,Sacramento,CA,95610-7801,7901 MADISON AVE,20,00565969,30-JUN-2027
RED ROBIN AMERICAS GOURMET BURGERS & SPIRITS,RED ROBIN AMERICAS GOURMET BURGERS & SPIRITS,RED ROBIN BURGER & SPIRITS EMPORIUMS,CITRUS HEIGHTS,Sacramento,CA,95610,7990 GREENBACK LN,47,00282417,31-DEC-2026
ROCK HARD BURGERS AND BREW,ROCK HARD BURGERS AND BREW,BEER DOGS  LLC,CITRUS HEIGHTS,Sacramento,CA,95610-3829,7032 SYLVAN RD,47,00599587,30-JUN-2027
ROCKYS 7440 CLUB,ROCKYS 7440 CLUB,ROCK M ENTERPRISES INC,CITRUS HEIGHTS,Sacramento,CA,95610,7440 AUBURN BLVD,48,00435544,31-JAN-2027
ROCKYS 7440 CLUB,ROCKYS 7440 CLUB,ROCK M ENTERPRISES INC,CITRUS HEIGHTS,Sacramento,CA,95610,7440 AUBURN BLVD,48,00435544,31-JAN-2027
ROUND TABLE PIZZA,ROUND TABLE PIZZA,EJS PIZZA CO,CITRUS HEIGHTS,Sacramento,CA,95621-1074,7867 LICHEN DR,41,00272357,
ROUND TABLE PIZZA,ROUND TABLE PIZZA,BRENNAN  CHARLES PAUL,CITRUS HEIGHTS,Sacramento,CA,95610,7700 SUNRISE BLVD,41,00350599,31-DEC-2026
ROUND TABLE PIZZA,ROUND TABLE PIZZA,M & L PIZZA COMPANY INC,CITRUS HEIGHTS,Sacramento,CA,95610-6907,7943 GREENBACK LN,41,00474920,31-MAY-2026
ROUND TABLE PIZZA,ROUND TABLE PIZZA,CIRCLE PIZZA LLC,CITRUS HEIGHTS,Sacramento,CA,95621-1074,7873 LICHEN DR,41,00592354,30-SEP-2026
ROYAL INDIAN,ROYAL INDIAN,ROYAL STAR RSK CORPORATION,CITRUS HEIGHTS,Sacramento,CA,95610-6909,8055 GREENBACK LN,41,00614499,30-APR-2026
SAM'S LIQUOR & FOOD 95776,SAM'S LIQUOR & FOOD 95776,G & J INC,CITRUS HEIGHTS,Sacramento,CA,95610,8516 AUBURN BLVD,21,00611421,31-DEC-2026
SAMMY'S RESTAURANT & BAR,SAMMY'S RESTAURANT & BAR,KINGS CASINO MANAGEMENT CORP,CITRUS HEIGHTS,Sacramento,CA,95621,6508-6510 ANTELOPE ROAD,47,00544211,
SAMMY'S RESTAURANT & BAR,SAMMY'S RESTAURANT & BAR,KINGS CASINO MANAGEMENT CORP,CITRUS HEIGHTS,Sacramento,CA,95621,6508-6510 ANTELOPE ROAD,77,00544211,
SAMMY'S RESTAURANT & BAR,SAMMY'S RESTAURANT & BAR,KINGS CASINO MANAGEMENT CORP,CITRUS HEIGHTS,Sacramento,CA,95621,6508-6510 ANTELOPE ROAD,47,00544211,
SAMMY'S RESTAURANT & BAR,SAMMY'S RESTAURANT & BAR,KINGS CASINO MANAGEMENT CORP,CITRUS HEIGHTS,Sacramento,CA,95621,6508-6510 ANTELOPE ROAD,47,00544211,31-MAY-2027
SAMMY'S RESTAURANT & BAR,SAMMY'S RESTAURANT & BAR,KINGS CASINO MANAGEMENT CORP,CITRUS HEIGHTS,Sacramento,CA,95621,6508-6510 ANTELOPE ROAD,47,00544211,31-MAY-2027
SAMMY'S RESTAURANT & BAR,SAMMY'S RESTAURANT & BAR,KINGS CASINO MANAGEMENT CORP,CITRUS HEIGHTS,Sacramento,CA,95621,6508-6510 ANTELOPE ROAD,77,00544211,31-MAY-2027
SAMS CLUB 4799,SAMS CLUB 4799,SAMS WEST INC,CITRUS HEIGHTS,Sacramento,CA,95621,7147 GREENBACK LN,21,00397835,30-JUN-2027
SAMS CLUB 4799,SAMS CLUB 4799,SAMS WEST INC,CITRUS HEIGHTS,Sacramento,CA,95621,7147 GREENBACK LN,86,00397835,30-JUN-2027
SAVE MART LIQUOR,SAVE MART LIQUOR,KN KINGS CORPORATION,CITRUS HEIGHTS,Sacramento,CA,95610-1597,7823 SUNRISE BLVD,21,00661373,31-JAN-2027
SHAKERS PUB,SHAKERS PUB,BOGGS  JAMIE LEE,CITRUS HEIGHTS,Sacramento,CA,95621,5940 SPERRY DR,48,00353620,30-JUN-2027
SHENANIGANS KITCHEN & BAR,SHENANIGANS KITCHEN & BAR,C & C INVESTMENTS,CITRUS HEIGHTS,Sacramento,CA,95610-7407,7427-7431 MADISON AVE,47,00656653,31-MAR-2027
SMASHBURGER,SMASHBURGER,SMASHBURGER ACQUISITION-SACRAMENTO  LLC,CITRUS HEIGHTS,Sacramento,CA,95610-7635,5500 SUNRISE BLVD,41,00506223,
SMASHBURGER,SMASHBURGER,SMASHBURGER ACQUISITION-SACRAMENTO  LLC,CITRUS HEIGHTS,Sacramento,CA,95610-7635,5500 SUNRISE BLVD,41,00506223,28-FEB-2027
SPROUTS FARMERS MARKET,SPROUTS FARMERS MARKET,SF MARKETS LLC,CITRUS HEIGHTS,Sacramento,CA,95610-6907,7905 GREENBACK LANE,20,00513064,30-NOV-2026
SUMMER HILLS LIQUOR,SUMMER HILLS LIQUOR,AMANRAI INC,CITRUS HEIGHTS,Sacramento,CA,95621-1775,6456 TUPELO DR,21,00483176,30-APR-2027
SUPER STOP LIQUOR & FOOD,SUPER STOP LIQUOR & FOOD,SIMRAN STORES INC,CITRUS HEIGHTS,Sacramento,CA,95621-5202,6234 AUBURN BLVD,21,00462588,31-JUL-2026
SWEET MUSIC STUDIO CAFE,SWEET MUSIC STUDIO CAFE,SWEET MUSIC STUDIO CAFE LLC,CITRUS HEIGHTS,Sacramento,CA,95610-6900,8040 GREENBACK LN,41,00668101,31-MAY-2027
TONYS LIQUOR & DELI,TONYS LIQUOR & DELI,MINHAS  KARAMJIT SINGH,CITRUS HEIGHTS,Sacramento,CA,95610-3144,6968 SUNRISE BLVD,21,00548741,31-DEC-2026
WALMART NEIGHBORHOOD MARKET #4759,WALMART NEIGHBORHOOD MARKET #4759,WALMART INC.,CITRUS HEIGHTS,Sacramento,CA,95610-6897,6197 SUNRISE BLVD,21,00547923,30-JUN-2027
WINE CONSULTANT THE,WINE CONSULTANT THE,STUMPF  ERIC PAUL,CITRUS HEIGHTS,Sacramento,CA,95610,8039 GREENBACK LN,42,00254170,31-JAN-2027
WORLD MARKET,WORLD MARKET,WORLD MARKET  LLC,CITRUS HEIGHTS,Sacramento,CA,95610-6834,6191 SUNRISE BLVD,21,00634285,28-FEB-2027
COURTLAND MARKET,COURTLAND MARKET,HIGHWAY 160 LLC,COURTLAND,Sacramento,CA,95615,11711 RIVER RD,21,00614438,30-JUN-2026
DELTA BREEZE WINERY,DELTA BREEZE WINERY,HARRISON  ARDELL LAMOND,COURTLAND,Sacramento,CA,95615-9725,12749 RIVER RD,02,00617707,30-JUN-2026
DELTA BREEZE WINERY,DELTA BREEZE WINERY,HARRISON  ARDELL LAMOND,COURTLAND,Sacramento,CA,95615-9725,12749 RIVER RD,09,00617707,30-JUN-2026
STEAMBOAT LANDING BAR & GRILL,STEAMBOAT LANDING BAR & GRILL,CHEN  ANDY,COURTLAND,Sacramento,CA,95615,12414 STATE HIGHWAY 160,47,00629289,31-JAN-2027
APPLEBEES NEIGHBORHOOD GRILL & BAR,APPLEBEES NEIGHBORHOOD GRILL & BAR,APPLE NORCAL LLC,ELK GROVE,Sacramento,CA,95624-9456,9105 E STOCKTON BLVD,47,00483601,30-NOV-2026
BABES LOUNGE,BABES LOUNGE,SHILIN  GREGORY EUGENE,ELK GROVE,Sacramento,CA,95624-1944,9021 ELK GROVE BLVD,47,00564696,30-APR-2027
BABES LOUNGE,BABES LOUNGE,SHILIN  GREGORY EUGENE,ELK GROVE,Sacramento,CA,95624-1944,9021 ELK GROVE BLVD,77,00564696,30-APR-2027
BABES LOUNGE,BABES LOUNGE,SHILIN  GREGORY EUGENE,ELK GROVE,Sacramento,CA,95624-1944,9021 ELK GROVE BLVD,47,00564696,30-APR-2027
BEACH HUT DELI,BEACH HUT DELI,MOSS  LEA DUANE,ELK GROVE,Sacramento,CA,95758-9568,7119 ELK GROVE BLVD,41,00614833,30-JUN-2026
BJ'S RESTAURANT & BREWHOUSE,BJ'S RESTAURANT & BREWHOUSE,BJS RESTAURANTS INC,ELK GROVE,Sacramento,CA,95758-7976,9237 LAGUNA SPRINGS DR,47,00431500,30-APR-2027
BOB'S CLUB,BOB'S CLUB,VETO 23  INC.,ELK GROVE,Sacramento,CA,95624,9039 ELK GROVE BLVD,58,00664468,31-DEC-2026
BOB'S CLUB,BOB'S CLUB,VETO 23  INC.,ELK GROVE,Sacramento,CA,95624,9039 ELK GROVE BLVD,48,00664468,31-DEC-2026
BOND MARKET,BOND MARKET,SIDHU  DILBAG S,ELK GROVE,Sacramento,CA,95624-5023,9165 ELK GROVE FLORIN RD,21,00582121,28-FEB-2027
BRADLEY RANCH WINERY AND BREWERY,BRADLEY RANCH WINERY AND BREWERY,PRATT  MATTHEW DANIEL,ELK GROVE,Sacramento,CA,95624-9635,11070 BRADLEY RANCH RD,02,00604061,30-JUN-2027
BRADLEY RANCH WINERY AND BREWERY,BRADLEY RANCH WINERY AND BREWERY,PRATT  MATTHEW DANIEL,ELK GROVE,Sacramento,CA,95624-9635,11070 BRADLEY RANCH RD,23,00604061,30-SEP-2026
BRICK HOUSE RESTAURANT,BRICK HOUSE RESTAURANT,CASSELLABROSINC,ELK GROVE,Sacramento,CA,95624-1965,9027 ELK GROVE BLVD,47,00444682,30-SEP-2026
BRICK HOUSE RESTAURANT,BRICK HOUSE RESTAURANT,CASSELLABROSINC,ELK GROVE,Sacramento,CA,95624-1965,9027 ELK GROVE BLVD,58,00444682,30-SEP-2026
BUFFALO WILD WINGS,BUFFALO WILD WINGS,BLAZIN WINGS INC,ELK GROVE,Sacramento,CA,95624,7490 ELK GROVE BLVD,47,00611000,31-MAY-2027
BULL WINGS GRILL & BAR,BULL WINGS GRILL & BAR,GATHER FAM LLC,ELK GROVE,Sacramento,CA,95624-2563,9625 E STOCKTON BLVD,47,00659932,30-SEP-2026
CENTENIAL RANCH SPORTS BAR AND GRILL,CENTENIAL RANCH SPORTS BAR AND GRILL,CONTRERASMACHUCA  RUBEN,ELK GROVE,Sacramento,CA,95757-9756,10408 FRANKLIN BLVD,47,00469864,28-FEB-2027
CHILIS GRILL & BAR,CHILIS GRILL & BAR,BRINKER RESTAURANT CORPORATION,ELK GROVE,Sacramento,CA,95758,7410 LAGUNA BLVD,47,00378873,30-SEP-2026
CHIPOTLE MEXICAN GRILL,CHIPOTLE MEXICAN GRILL,CHIPOTLE MEXICAN GRILL INC,ELK GROVE,Sacramento,CA,95758,7440 LAGUNA BLVD,47,00368618,30-NOV-2026
CHIPOTLE MEXICAN GRILL STORE #4311,CHIPOTLE MEXICAN GRILL STORE #4311,CHIPOTLE MEXICAN GRILL INC,ELK GROVE,Sacramento,CA,95757-6514,7450 ELK GROVE BLVD,41,00643256,31-DEC-2026
CHIPOTLE MEXICAN GRILL STORE #: 3288,CHIPOTLE MEXICAN GRILL STORE #: 3288,CHIPOTLE MEXICAN GRILL INC,ELK GROVE,Sacramento,CA,95758-4180,4730 ELK GROVE BLVD,41,00596512,30-SEP-2026
COST PLUS WORLD MARKET,COST PLUS WORLD MARKET,COST PLUS INC,ELK GROVE,Sacramento,CA,95757,9680 BRUCEVILLE RD,20,00408028,
CRAZY SUSHI,CRAZY SUSHI,CRAZY SUSHI ELK GROVE INC,ELK GROVE,Sacramento,CA,95758,7419 LAGUNA BLVD,41,00566622,31-MAY-2027
CREASIAN FUSION,CREASIAN FUSION,CREASIAN FUSION LLC,ELK GROVE,Sacramento,CA,95624-9500,9163 E STOCKTON BLVD,41,00626565,30-JUN-2026
CURRY PIZZA HOUSE,CURRY PIZZA HOUSE,SSA MANAGEMENT COMPANY,ELK GROVE,Sacramento,CA,95757-4367,5640 WHITELOCK PKWY,41,00655852,30-SEP-2026
CUTLERS FAMILY LIQUOR,CUTLERS FAMILY LIQUOR,CUTLER  JUSTIN ELLIOT,ELK GROVE,Sacramento,CA,95624,8681 ELK CREEK COURT,18,00542852,31-MAR-2027
CVS PHARMACY STORE 1825,CVS PHARMACY STORE 1825,GARFIELD BEACH CVS LLC,ELK GROVE,Sacramento,CA,95758-4150,5040 LAGUNA BLVD,21,00477739,31-MAY-2027
CVS PHARMACY STORE 9132,CVS PHARMACY STORE 9132,GARFIELD BEACH CVS LLC,ELK GROVE,Sacramento,CA,95642-2101,9285 ELK GROVE BLVD,21,00477741,31-MAY-2027
DOLLAR TREE STORE 1213,DOLLAR TREE STORE 1213,DOLLAR TREE STORES INC,ELK GROVE,Sacramento,CA,95624-3301,8696 ELK GROVE BLVD,20,00405228,31-JAN-2027
DOS COYOTES BORDER CAFE,DOS COYOTES BORDER CAFE,TRUMAX LLC,ELK GROVE,Sacramento,CA,95624,8519 BOND RD,47,00423897,30-NOV-2026
EBISU JAPANESE CUISINE & BAR,EBISU JAPANESE CUISINE & BAR,EBISU SEA STAR LLC,ELK GROVE,Sacramento,CA,95757-8418,2513 W TARON CT,41,00637097,
EBISU JAPANESE CUISINE & BAR,EBISU JAPANESE CUISINE & BAR,EBISU SEA STAR LLC,ELK GROVE,Sacramento,CA,95757-8418,2513 W TARON CT,41,00637097,30-JUN-2027
EIGHTY OAKS WINERY,EIGHTY OAKS WINERY,EIGHTY OAKS WINERY LLC,ELK GROVE,Sacramento,CA,95624-9640,8111 SLOUGHHOUSE RD,02,00660963,30-JUN-2026
ELK GROVE DISCOUNT WINE & LIQUOR,ELK GROVE DISCOUNT WINE & LIQUOR,ELK GROVE DISCOUNT INC,ELK GROVE,Sacramento,CA,95624,9358 ELK GROVE FLORIN RD,21,00654138,31-MAY-2027
ELK GROVE GOLF STUDIO,ELK GROVE GOLF STUDIO,ELK GROVE GOLF STUDIO  LLC,ELK GROVE,Sacramento,CA,95758,9105 LAGUNA MAIN ST,40,00667041,31-MAR-2027
ELK GROVE SPORTS BAR,ELK GROVE SPORTS BAR,ELK GROVE SPORTS GRILLE AND BAR  INC.,ELK GROVE,Sacramento,CA,95624-2272,9661 ELK GROVE FLORIN RD C,47,00558514,
ELK GROVE SPORTS BAR,ELK GROVE SPORTS BAR,ELK GROVE SPORTS GRILLE AND BAR  INC.,ELK GROVE,Sacramento,CA,95624-2272,9661 ELK GROVE FLORIN RD C,47,00558514,31-OCT-2026
EMBER KOREAN BBQ,EMBER KOREAN BBQ,JJC 22C 99 SEOUL FRONTIER  INC.,ELK GROVE,Sacramento,CA,95624-9513,9163 E STOCKTON BLVD,41,00647884,31-DEC-2026
EMERALD LAKES GOLF COURSE,EMERALD LAKES GOLF COURSE,COSUMNES LEGACY FOUNDATION,ELK GROVE,Sacramento,CA,95624,10651 E STOCKTON BLVD,40,00666497,31-MAR-2027
EVER AFTER WINE,EVER AFTER WINE,EVER AFTER WINE COMPANY INC,ELK GROVE,Sacramento,CA,95624,9639 E STOCKTON BLVD,41,00659838,31-AUG-2026
FATBURGER,FATBURGER,KPA FATBURGER  INC,ELK GROVE,Sacramento,CA,95758-4185,4720 ELK GROVE BLVD,41,00655517,30-JUN-2026
FELICITA WINE COMPANY,FELICITA WINE COMPANY,FELICITA WINE COMPANY LLC,ELK GROVE,Sacramento,CA,95758,9504 HUTTON DR,17,00594744,30-JUN-2026
FELICITA WINE COMPANY,FELICITA WINE COMPANY,FELICITA WINE COMPANY LLC,ELK GROVE,Sacramento,CA,95758,9504 HUTTON DR,20,00594744,30-JUN-2026
FISH & THINGS POKE BAR,FISH & THINGS POKE BAR,FISH & THINGS  LLC,ELK GROVE,Sacramento,CA,95758-5076,7423 LAGUNA BLVD,41,00581070,31-JUL-2026
FLATLAND WINE COMPANY,FLATLAND WINE COMPANY,CLAMM  LLC,ELK GROVE,Sacramento,CA,95624-9406,9654 BRADSHAW RD,02,00664333,30-JUN-2026
FUJI SUSHI BUFFET LLC,FUJI SUSHI BUFFET LLC,PHUNG  STANLEY,ELK GROVE,Sacramento,CA,95758-9573,8473 ELK GROVE BLVD,41,00546039,31-MAR-2027
FUJIYA JAPANESE RESTAURANT,FUJIYA JAPANESE RESTAURANT,FUJIYA INC,ELK GROVE,Sacramento,CA,95624-5063,9328 ELK GROVE BLVD,41,00595326,
FUJIYA JAPANESE RESTAURANT,FUJIYA JAPANESE RESTAURANT,FORTUNEST  INC,ELK GROVE,Sacramento,CA,95624-5063,9328 ELK GROVE BLVD,47,00661944,30-SEP-2026
GINZA EG JAPANESE CUISINE,GINZA EG JAPANESE CUISINE,EG GINZA LLC,ELK GROVE,Sacramento,CA,95757-5932,9624 BRUCEVILLE RD,41,00671700,30-SEP-2026
GOGI KOREAN BBQ & HOT POT,GOGI KOREAN BBQ & HOT POT,TONYWUGOGI INC,ELK GROVE,Sacramento,CA,95757,9660 BRUCEVILLE RD,41,00673685,31-DEC-2026
GOLDEN DRAGON RESTAURANT,GOLDEN DRAGON RESTAURANT,HOANG  BILLY,ELK GROVE,Sacramento,CA,95758-5924,8470 ELK GROVE BLVD,47,00454941,31-DEC-2026
H&S ENERGY PRODUCTS  LLC STORE #3079,H&S ENERGY PRODUCTS  LLC STORE #3079,H&S ENERGY PRODUCTS  LLC,ELK GROVE,Sacramento,CA,95624,8501 BOND RD,20,00634880,31-MAR-2027
HANOI PHO,HANOI PHO,TRAN  PHUONG PHAM,ELK GROVE,Sacramento,CA,95758-7989,9341 BIG HORN BLVD,41,00593953,30-NOV-2026
HAPPY GARDEN CHINESE RESTAURANT,HAPPY GARDEN CHINESE RESTAURANT,CHEN  ANDY,ELK GROVE,Sacramento,CA,95624,9081 ELK GROVE BLVD,47,00380669,30-NOV-2026
HASSAN & SONS  INC STORE #1004,HASSAN & SONS  INC STORE #1004,HASSAN & SONS  INC,ELK GROVE,Sacramento,CA,95624-1426,9198 ELK GROVE FLORIN RD,20,00634920,30-APR-2027
HASSAN & SONS  INC. STORE #1003,HASSAN & SONS  INC. STORE #1003,HASSAN & SONS  INC,ELK GROVE,Sacramento,CA,95758,2323 LAGUNA BLVD,20,00635306,30-APR-2027
HELEJE WINE CO,HELEJE WINE CO,HELEJE WINE CO LLC,ELK GROVE,Sacramento,CA,95624-9406,9654 BRADSHAW RD,02,00665408,30-JUN-2027
INTERLUDE KITCHEN & BAR,INTERLUDE KITCHEN & BAR,EG TERROIR  LLC,ELK GROVE,Sacramento,CA,95758,8295 LAGUNA BLVD,47,00670341,30-NOV-2026
ISLAND PACIFIC SUPERMARKET,ISLAND PACIFIC SUPERMARKET,ABACUS BUSINESS CAPITAL  INC.,ELK GROVE,Sacramento,CA,95624-9450,8430 ELK GROVE FLORIN RD,20,00655767,30-JUN-2027
JACKS URBAN EATS #12,JACKS URBAN EATS #12,URBAN SUNSHINE 12 INC,ELK GROVE,Sacramento,CA,95758-5063,7701 LAGUNA BLVD,41,00555820,30-APR-2027
JAMIE'S CAFE,JAMIE'S CAFE,JAMIE'S CAFE  LLC,ELK GROVE,Sacramento,CA,95758-7507,9101 LAGUNA MAIN ST,41,00598546,30-NOV-2026
JANGGOON SUSHI & KOREAN BBQ,JANGGOON SUSHI & KOREAN BBQ,PAK  CHAE HYON,ELK GROVE,Sacramento,CA,95624,9671 E STOCKTON BLVD,41,00588883,28-FEB-2027
JIMBOYS TACOS,JIMBOYS TACOS,ROPER FOOD SERVICES INC,ELK GROVE,Sacramento,CA,95624-1701,8670 ELK GROVE BLVD,41,00467993,31-JUL-2026
JIMBOYS TACOS,JIMBOYS TACOS,ROPER FOOD SERVICES INC,ELK GROVE,Sacramento,CA,95758-5058,7300 LAGUNA BLVD,41,00468000,31-JUL-2026
JOY CITY CHINESE CUISINE,JOY CITY CHINESE CUISINE,JOY CITY CHINESE CUISINE  LLC,ELK GROVE,Sacramento,CA,95758-7158,2745 ELK GROVE BLVD,41,00653083,31-OCT-2026
KAI JAPANESE CUISINE,KAI JAPANESE CUISINE,CHENG  RONG,ELK GROVE,Sacramento,CA,95757-8093,9261 LAGUNA SPRINGS DR,41,00676945,31-MAR-2027
KOBE STEAK & SUSHI,KOBE STEAK & SUSHI,2MSJ CORPORATION,ELK GROVE,Sacramento,CA,95624-9510,9134 E STOCKTON BLVD,47,00658284,31-MAY-2027
LAGUNA CREEK RACQUET CLUB,LAGUNA CREEK RACQUET CLUB,LAGUNA CREEK RACQUET CLUB INVESTORS L-PSHIP,ELK GROVE,Sacramento,CA,95758,9570 RACQUET CT,41,00284561,31-AUG-2026
LAGUNA LIQUOR MART,LAGUNA LIQUOR MART,LBW STORES INC.,ELK GROVE,Sacramento,CA,95624-2258,9632 EMERALD OAK DR,21,00580337,28-FEB-2027
LAMPPOST PIZZA,LAMPPOST PIZZA,JYAK  INC.,ELK GROVE,Sacramento,CA,95758-5261,5109 LAGUNA BLVD,41,00537972,31-MAY-2027
LUCKY LIQUOR,LUCKY LIQUOR,JIND  INC.,ELK GROVE,Sacramento,CA,95624-1742,8723 ELK GROVE BLVD,21,00643234,31-MAR-2027
MACQUES BAR-BE-QUE,MACQUES BAR-BE-QUE,MACQUES INC,ELK GROVE,Sacramento,CA,95624-1777,8517 ELK GROVE BLVD,41,00602243,30-JUN-2026
MAHARANI INDIA RESTAURANT,MAHARANI INDIA RESTAURANT,GIDHA  NARINDER SINGH,ELK GROVE,Sacramento,CA,95624-1803,9583 ELK GROVE FLORIN RD,47,00641520,31-JAN-2027
MAKE FISH POKE & SUSHI BURRITO,MAKE FISH POKE & SUSHI BURRITO,MAKE FISH LLC,ELK GROVE,Sacramento,CA,95758-5958,9015 BRUCEVILLE RD,41,00558201,
MARU RAMEN BAR,MARU RAMEN BAR,MOO MOO LLC,ELK GROVE,Sacramento,CA,95624-3300,8698 ELK GROVE BLVD,41,00593678,30-SEP-2026
MCCONNELL ESTATES WINERY,MCCONNELL ESTATES WINERY,MCCONNELL ESTATES WINERY INC,ELK GROVE,Sacramento,CA,95757,10686 W STOCKTON BLVD,02,00380332,30-JUN-2027
MCCONNELL ESTATES WINERY,MCCONNELL ESTATES WINERY,MCCONNELL ESTATES WINERY INC,ELK GROVE,Sacramento,CA,95757,10686 W STOCKTON BLVD,81,00380332,30-JUN-2027
MENDOCINO FARMS SANDWICH MARKET,MENDOCINO FARMS SANDWICH MARKET,MENDOCINO FARMS LLC,ELK GROVE,Sacramento,CA,95757,8170 ELK GROVE BLVD,41,00676053,30-APR-2027
MIKUNI JAPANESE RESTAURANT AND SUSHI BAR,MIKUNI JAPANESE RESTAURANT AND SUSHI BAR,MIKUNI RESTAURANT GROUP INC,ELK GROVE,Sacramento,CA,95624-9457,8525 BOND RD,47,00462902,
MIKUNI JAPANESE RESTAURANT AND SUSHI BAR,MIKUNI JAPANESE RESTAURANT AND SUSHI BAR,MIKUNI RESTAURANT GROUP INC,ELK GROVE,Sacramento,CA,95624-9457,8525 BOND RD,47,00462902,28-FEB-2027
MIMIS CAFE,MIMIS CAFE,MIMIS NORTH  INC,ELK GROVE,Sacramento,CA,95758-8051,9195 W STOCKTON BLVD,47,00632551,28-FEB-2027
MIZUKI SUSHI,MIZUKI SUSHI,GNAS LLC,ELK GROVE,Sacramento,CA,95758,7440 LAGUNA BLVD,41,00632437,31-JUL-2026
MONTICELLO VICTORY BISTRO AND WINE BAR,MONTICELLO VICTORY BISTRO AND WINE BAR,ELK GROVE INDEPENDENT LIVING F&B  LLC,ELK GROVE,Sacramento,CA,95757,9670 LAGUNA SPRINGS DR,41,00629245,31-JAN-2027
MOUNTAIN MIKE'S PIZZA,MOUNTAIN MIKE'S PIZZA,ARSF INC,ELK GROVE,Sacramento,CA,95624,9320 ELK GROVE BLVD,41,00649987,30-SEP-2026
MOUNTAIN MIKE'S PIZZA,MOUNTAIN MIKE'S PIZZA,ARSF INC,ELK GROVE,Sacramento,CA,95758-5072,7440 LAGUNA BLVD,41,00649932,30-SEP-2026
MOUNTAIN MIKE'S PIZZA,MOUNTAIN MIKE'S PIZZA,RJ FOOD SERVICES INC,ELK GROVE,Sacramento,CA,95758-4189,5010 ELK GROVE BLVD,41,00677054,30-APR-2027
MOUNTAIN MIKES PIZZA,MOUNTAIN MIKES PIZZA,SINGH  INDERJIT,ELK GROVE,Sacramento,CA,95624-9518,8441 ELK GROVE FLORIN RD,41,00454636,31-AUG-2026
MOUNTAIN MIKES PIZZA,MOUNTAIN MIKES PIZZA,MA SAGGI INC,ELK GROVE,Sacramento,CA,95624-1787,8690 ELK GROVE BLVD,41,00619582,30-NOV-2026
N'JOY CHINESE CAFE,N'JOY CHINESE CAFE,CANTON PAPA CAFE LLC,ELK GROVE,Sacramento,CA,95757,7520 ELK GROVE BLVD,41,00630269,30-NOV-2026
NATHAN'S CHINESE CUISINE,NATHAN'S CHINESE CUISINE,LEI  HUIFANG,ELK GROVE,Sacramento,CA,95758,9105 BRUCEVILLE RD,41,00660216,31-JUL-2027
NUGGET MARKET,NUGGET MARKET,NUGGET MARKET INC,ELK GROVE,Sacramento,CA,95758-9535,7101 ELK GROVE BLVD,21,00452453,
NUGGET MARKET,NUGGET MARKET,NUGGET MARKET INC,ELK GROVE,Sacramento,CA,95758-9535,7101 ELK GROVE BLVD,41,00452453,
NUGGET MARKET,NUGGET MARKET,NUGGET MARKET INC,ELK GROVE,Sacramento,CA,95758-9535,7101 ELK GROVE BLVD,86,00452453,
NUGGET MARKET,NUGGET MARKET,NUGGET MARKET INC,ELK GROVE,Sacramento,CA,95758-9535,7101 ELK GROVE BLVD,21,00452453,
NUGGET MARKET,NUGGET MARKET,NUGGET MARKET INC,ELK GROVE,Sacramento,CA,95758-9535,7101 ELK GROVE BLVD,41,00452453,
NUGGET MARKET,NUGGET MARKET,NUGGET MARKET INC,ELK GROVE,Sacramento,CA,95758-9535,7101 ELK GROVE BLVD,21,00452453,30-APR-2027
NUGGET MARKET,NUGGET MARKET,NUGGET MARKET INC,ELK GROVE,Sacramento,CA,95758-9535,7101 ELK GROVE BLVD,41,00452453,30-APR-2027
NUGGET MARKET,NUGGET MARKET,NUGGET MARKET INC,ELK GROVE,Sacramento,CA,95758-9535,7101 ELK GROVE BLVD,86,00452453,30-APR-2027
OLD TOWN LIQUOR,OLD TOWN LIQUOR,BHULLARS FOOD INC,ELK GROVE,Sacramento,CA,95624-2270,9655 ELK GROVE FLORIN RD,21,00553064,28-FEB-2027
OLD TOWN PIZZA & TAP HOUSE,OLD TOWN PIZZA & TAP HOUSE,OLD TOWN PIZZA & TAP HOUSE INC.,ELK GROVE,Sacramento,CA,95624-2225,9677 ELK GROVE FLORIN RD,41,00521985,31-JUL-2027
OLIVE GARDEN ITALIAN RESTAURANT THE,OLIVE GARDEN ITALIAN RESTAURANT THE,OLIVE GARDEN HOLDINGS  LLC,ELK GROVE,Sacramento,CA,95757,7480 ELK GROVE BLVD,47,00597648,31-JAN-2027
ORIGINAL CHICAGO'S PIZZA & CURRY THE,ORIGINAL CHICAGO'S PIZZA & CURRY THE,SAINI BROS INC,ELK GROVE,Sacramento,CA,95624-5065,9308 ELK GROVE BLVD,41,00633256,31-DEC-2026
OZ KOREAN BBQ,OZ KOREAN BBQ,OHGANE  INC.,ELK GROVE,Sacramento,CA,95757-8407,2605 W. TARON CT,47,00532994,31-OCT-2026
PATTY'S PIZZA SHACK,PATTY'S PIZZA SHACK,KHANGURA VENTURES LLC,ELK GROVE,Sacramento,CA,95624,8591 ELK GROVE BLVD,41,00659509,31-JUL-2026
PERLEGOS FAMILY WINE COMPANY,PERLEGOS FAMILY WINE COMPANY,PERLEGOS  FAMILY WINE COMPANY LLC,ELK GROVE,Sacramento,CA,95624-9406,9654 BRADSHAW RD,02,00629915,30-JUN-2027
PHO BASIL,PHO BASIL,NGUYEN BROTHER RESTAURANT INC,ELK GROVE,Sacramento,CA,95624-9564,8457 ELK GROVE FLORIN RD,41,00652975,28-FEB-2027
PHO BISTRO,PHO BISTRO,PHO BISTRO LLC,ELK GROVE,Sacramento,CA,95758-7038,4805 LAGUNA BLVD,47,00651912,31-MAY-2026
PHO BISTRO,PHO BISTRO,PHO BISTRO LLC,ELK GROVE,Sacramento,CA,95758-7038,4805 LAGUNA BLVD,58,00651912,31-MAY-2026
PHOLICIOUS,PHOLICIOUS,PHOLICIOUS  LLC,ELK GROVE,Sacramento,CA,95624,9010 GRANT LINE RD,41,00666172,28-FEB-2027
PIZZA BELL,PIZZA BELL,HANSEN  JASON ERNEST,ELK GROVE,Sacramento,CA,95624-1415,8996 GRANT LINE RD,41,00484637,31-JAN-2027
PIZZA TWIST,PIZZA TWIST,BROS FRIENDSHIP LLC,ELK GROVE,Sacramento,CA,95757,9630 BRUCEVILLE RD,41,00629854,31-JUL-2026
RAO THAI EATERY,RAO THAI EATERY,GBSY  LLC,ELK GROVE,Sacramento,CA,95757-5926,5650 WHITELOCK PKWY,41,00592086,31-MAY-2027
RAW SUSHI LOUNGE,RAW SUSHI LOUNGE,RAW SUSHI INC,ELK GROVE,Sacramento,CA,95758,8280 ELK GROVE BLVD,47,00631961,31-MAY-2027
RED ROBIN BURGER & SPIRITS EMPORIUMS,,RED ROBIN BURGER & SPIRITS EMPORIUMS,ELK GROVE,Sacramento,CA,95758,8245 LAGUNA BLVD,47,00403902,31-DEC-2026
ROGUE WINERY,ROGUE WINERY,AZIZ  JAMSHED JAMES,ELK GROVE,Sacramento,CA,95757-9769,3206 HOOD FRANKLIN RD,47,00673991,30-NOV-2026
ROGUE WINERY,ROGUE WINERY,AZIZ  JAMSHED JAMES,ELK GROVE,Sacramento,CA,95757-9769,3206 HOOD FRANKLIN RD,47,00673991,30-NOV-2026
ROGUE WINERY,ROGUE WINERY,AZIZ  JAMSHED JAMES,ELK GROVE,Sacramento,CA,95757-9769,3206 HOOD FRANKLIN RD,58,00673991,30-NOV-2026
ROUND TABLE PIZZA,ROUND TABLE PIZZA,EXCALIBUR PIZZA LLC,ELK GROVE,Sacramento,CA,95757,10054 BRUCEVILLE RD,41,00429204,31-AUG-2026
ROUND TABLE PIZZA,ROUND TABLE PIZZA,BRENNAN  CHARLES PAUL,ELK GROVE,Sacramento,CA,95758,5110 LAGUNA BLVD,41,00350608,31-DEC-2026
ROUND TABLE PIZZA,ROUND TABLE PIZZA,BRENNAN  CHARLES PAUL,ELK GROVE,Sacramento,CA,95624,8795 ELK GROVE BLVD,41,00350579,31-DEC-2026
SAFEWAY STORE #0094,SAFEWAY STORE #0094,SAFEWAY INC,ELK GROVE,Sacramento,CA,95757-9501,10050 BRUCEVILLE RD,21,00659543,30-JUN-2026
SAFEWAY STORE #0094,SAFEWAY STORE #0094,SAFEWAY INC,ELK GROVE,Sacramento,CA,95757-9501,10050 BRUCEVILLE RD,86,00659543,30-JUN-2026
SATORI JAPANESE RESTAURANT,SATORI JAPANESE RESTAURANT,B T HOLDINGS LLC,ELK GROVE,Sacramento,CA,95758,8451 ELK GROVE BLVD,41,00423671,31-MAR-2027
SAVE MART SUPERMARKETS 605,SAVE MART SUPERMARKETS 605,LUCKY STORES (SAVE MART) LLC,ELK GROVE,Sacramento,CA,95624-1426,9160 ELK GROVE FLORIN RD,21,00642821,30-JUN-2026
SAVE MART SUPERMARKETS 605,SAVE MART SUPERMARKETS 605,LUCKY STORES (SAVE MART) LLC,ELK GROVE,Sacramento,CA,95624-1426,9160 ELK GROVE FLORIN RD,86,00642821,30-JUN-2026
SEASONS ASIAN MARKET,SEASONS ASIAN MARKET,SEASONS ASIAN MARKET INC,ELK GROVE,Sacramento,CA,95758-5070,7440 LAGUNA BLVD,20,00627497,31-JUL-2027
SHELDON CENTRE WINE SHOPPE,SHELDON CENTRE WINE SHOPPE,GIL MOORE OIL COMPANY,ELK GROVE,Sacramento,CA,95624-9452,8361 SHELDON RD,21,00514818,30-SEP-2026
SHELDON CENTRE WINE SHOPPE,SHELDON CENTRE WINE SHOPPE,GIL MOORE OIL COMPANY,ELK GROVE,Sacramento,CA,95624-9452,8361 SHELDON RD,42,00514818,28-FEB-2027
SHELDON CENTRE WINE SHOPPE,SHELDON CENTRE WINE SHOPPE,GIL MOORE OIL COMPANY,ELK GROVE,Sacramento,CA,95624-9452,8361 SHELDON RD,86,00514818,30-SEP-2026
SHELDON FOOD & LIQUOR,SHELDON FOOD & LIQUOR,JAGJIT ENTERPRISES INC,ELK GROVE,Sacramento,CA,95758-5900,8112 SHELDON RD,21,00656639,31-JUL-2026
SHELDON LIQUORS,SHELDON LIQUORS,BINDRA  SURINDER S,ELK GROVE,Sacramento,CA,95624,8990 GRANT LINE RD,21,00326328,30-NOV-2026
SKY PORT RESTAURANT AND BAR,SKY PORT RESTAURANT AND BAR,TGR ONE LLC,ELK GROVE,Sacramento,CA,95757-8413,2619 W TARON CT,47,00672549,31-JAN-2027
SMASH BURGER,SMASH BURGER,SMASHBURGER ACQUISITION-SACRAMENTO  LLC,ELK GROVE,Sacramento,CA,95758-5063,7701 LAGUNA BLVD,41,00515816,
SMASH BURGER,SMASH BURGER,SMASHBURGER ACQUISITION-SACRAMENTO  LLC,ELK GROVE,Sacramento,CA,95758-5063,7701 LAGUNA BLVD,41,00515816,31-JAN-2027
SOUTH SLOPE WINES,SOUTH SLOPE WINES,SOUTH SLOPE WINES,ELK GROVE,Sacramento,CA,95624-9628,10527 SHELDON RD,02,00628515,30-JUN-2027
SPROUTS FARMERS MARKETS,SPROUTS FARMERS MARKETS,HENRYS HOLDINGS LLC,ELK GROVE,Sacramento,CA,95758-7962,8211 LAGUNA BLVD,42,00488340,
SPROUTS FARMERS MARKETS,SPROUTS FARMERS MARKETS,HENRYS HOLDINGS LLC,ELK GROVE,Sacramento,CA,95758-7962,8211 LAGUNA BLVD,21,00488340,
SPROUTS FARMERS MARKETS,SPROUTS FARMERS MARKETS,HENRYS HOLDINGS LLC,ELK GROVE,Sacramento,CA,95758-7962,8211 LAGUNA BLVD,21,00488340,30-NOV-2026
SPROUTS FARMERS MARKETS,SPROUTS FARMERS MARKETS,HENRYS HOLDINGS LLC,ELK GROVE,Sacramento,CA,95758-7962,8211 LAGUNA BLVD,42,00488340,30-NOV-2026
STEVE'S PIZZA WATERMAN,STEVE'S PIZZA WATERMAN,SINGH  SHERU,ELK GROVE,Sacramento,CA,95624-4494,9385 ELK GROVE BLVD,41,00678266,31-MAY-2027
SUES WINE CELLARS,SUES WINE CELLARS,GRAZIANOSHAW  SUSAN,ELK GROVE,Sacramento,CA,95758-4501,4119 SAUL CT,16,00463802,28-FEB-2027
SUPER TACO EXPRESS,SUPER TACO EXPRESS,SUPER TACO SHELDON INC,ELK GROVE,Sacramento,CA,95624-1415,8990 GRANT LINE RD,47,00631101,30-APR-2027
SUPER TACO LAGUNA INC,SUPER TACO LAGUNA INC,SUPER TACO LAGUNA INC,ELK GROVE,Sacramento,CA,95758-7035,4720 LAGUNA BLVD,47,00549055,31-JAN-2027
SUPER TACO MEXICAN RESTAURANT,SUPER TACO MEXICAN RESTAURANT,SUPER TACO SHELDON INC,ELK GROVE,Sacramento,CA,95624-1415,8990 GRANT LINE RD,41,00603579,
TANDOORI PIZZA,TANDOORI PIZZA,JP PROJECT INVESTMENT INC,ELK GROVE,Sacramento,CA,95758-7967,8234 LAGUNA BLVD,41,00665305,31-JUL-2026
THAI CHILI LLC,THAI CHILI LLC,THAI CHILI LLC,ELK GROVE,Sacramento,CA,95624,8696 ELK GROVE BLVD,41,00406068,31-OCT-2026
THAI HOT,THAI HOT,HOT THAI LLC,ELK GROVE,Sacramento,CA,95624,9160 E STOCKTON BLVD,41,00676795,28-FEB-2027
TOPPING & LEGNON WINES,TOPPING & LEGNON WINES,TOPLEG LLC,ELK GROVE,Sacramento,CA,95624-9406,9654 BRADSHAW RD,02,00625748,30-JUN-2026
TOTAL WINE & MORE,TOTAL WINE & MORE,CALIFORNIA FINE WINE & SPIRITS LLC,ELK GROVE,Sacramento,CA,95758-5062,7707 LAGUNA BLVD,21,00549122,31-AUG-2026
TOTAL WINE & MORE,TOTAL WINE & MORE,CALIFORNIA FINE WINE & SPIRITS LLC,ELK GROVE,Sacramento,CA,95758-5062,7707 LAGUNA BLVD,86,00549122,31-AUG-2026
TOTAL WINE & MORE,TOTAL WINE & MORE,CALIFORNIA FINE WINE & SPIRITS LLC,ELK GROVE,Sacramento,CA,95758-5062,7707 LAGUNA BLVD,42,00549122,31-AUG-2026
UMAI BAR & GRILL,UMAI BAR & GRILL,LIANG  YU FENG,ELK GROVE,Sacramento,CA,95624-9569,8973 GRANT LINE RD,47,00575429,31-MAR-2027
VALLEY HI COUNTRY CLUB INC,VALLEY HI COUNTRY CLUB INC,VALLEY HI COUNTRY CLUB,ELK GROVE,Sacramento,CA,95758,9595 FRANKLIN BLVD,51,00018047,31-JUL-2026
WAL MART STORE 1697,WAL MART STORE 1697,WALMART INC.,ELK GROVE,Sacramento,CA,95758-9573,8465 ELK GROVE BLVD,21,00349873,30-JUN-2027
WAL MART STORE 1697,WAL MART STORE 1697,WALMART INC.,ELK GROVE,Sacramento,CA,95758-9573,8465 ELK GROVE BLVD,86,00349873,30-JUN-2027
WALMART NEIGHBORHOOD MARKET 5683,WALMART NEIGHBORHOOD MARKET 5683,WALMART INC.,ELK GROVE,Sacramento,CA,95758-8573,8455 ELK GROVE BLVD,21,00525624,30-JUN-2027
WASABI SUSHI & HABACHI GRILL,WASABI SUSHI & HABACHI GRILL,NGUYEN  HAU PHUC,ELK GROVE,Sacramento,CA,95758-7158,2745 ELK GROVE BLVD,47,00500841,31-JUL-2026
WELL SEASON SEAFOOD RESTAURANT,WELL SEASON SEAFOOD RESTAURANT,WELL SEASON  INC.,ELK GROVE,Sacramento,CA,95758-5902,9089 BRUCEVILLE RD,41,00581387,30-JUN-2027
WEST COAST TACO BAR,WEST COAST TACO BAR,WEST COAST TACO BAR LLC,ELK GROVE,Sacramento,CA,95624,8791 ELK GROVE BLVD,41,00648812,30-JUN-2027
Y-NOT CLUB,Y-NOT CLUB,OLD TOWN PIZZA & TAP HOUSEINC.,ELK GROVE,Sacramento,CA,95624-9414,8945 GRANT LINE RD,48,00644627,28-FEB-2027
Y-NOT CLUB,Y-NOT CLUB,OLD TOWN PIZZA & TAP HOUSEINC.,ELK GROVE,Sacramento,CA,95624-9414,8945 GRANT LINE RD,58,00644627,28-FEB-2027
Z-TOWN ASIAN GASTRO BAR,Z-TOWN ASIAN GASTRO BAR,Z TOWN ENTERTAINMENT LLC,ELK GROVE,Sacramento,CA,95624,8409 ELK GROVE FLORIN RD,47,00650586,30-SEP-2026
CHERRY ISLAND GRILL,CHERRY ISLAND GRILL,GOLDEN EMPIRE GOLF INC,ELVERTA,Sacramento,CA,95626,2360 ELVERTA RD,47,00314295,
CHERRY ISLAND GRILL,CHERRY ISLAND GRILL,CHERRY ISLAND ABC  LLC,ELVERTA,Sacramento,CA,95626,2360 ELVERTA RD,47,00624973,31-MAY-2027
ELVERTA FOOD AND LIQUOR,ELVERTA FOOD AND LIQUOR,ELVERTA FOOD AND LIQUOR  INC,ELVERTA,Sacramento,CA,95626-9750,8008 DUTCH HAVEN BLVD,21,00565520,28-FEB-2027
ELVERTA MARKET,ELVERTA MARKET,BHANDARI  MAHENDRA,ELVERTA,Sacramento,CA,95626-9652,7835 RIO LINDA BLVD,21,00514739,31-JAN-2027
B'S WINE & LIQUOR,B'S WINE & LIQUOR,BHANDAL  ONKAR SINGH,FAIR OAKS,Sacramento,CA,95628-3701,8121 MADISON AVE,21,00594755,31-JUL-2026
B'S WINE & LIQUOR,B'S WINE & LIQUOR,BHANDAL  ONKAR SINGH,FAIR OAKS,Sacramento,CA,95628-3701,8121 MADISON AVE,86,00594755,31-JUL-2026
BENTO REVOLVING SUSHI,BENTO REVOLVING SUSHI,JJ BENTO BOX RESTAURANT  INC,FAIR OAKS,Sacramento,CA,95628-4079,8909 MADISON AVE,41,00607278,28-FEB-2027
BRAHMA BAR AND GRILL,BRAHMA BAR AND GRILL,BRAHMA RESTAURANT GROUP LLC,FAIR OAKS,Sacramento,CA,95628-7142,10239 FAIR OAKS BLVD,47,00610924,31-AUG-2026
BRAHMA BAR AND GRILL,BRAHMA BAR AND GRILL,BRAHMA RESTAURANT GROUP LLC,FAIR OAKS,Sacramento,CA,95628-7142,10239 FAIR OAKS BLVD,58,00610924,31-AUG-2026
CHILIS HAMBURGER GRILL AND BAR,CHILIS HAMBURGER GRILL AND BAR,BRINKER RESTAURANT CORPORATION,FAIR OAKS,Sacramento,CA,95628,5303 SUNRISE BLVD,47,00308787,30-NOV-2026
CHIPOTLE MEXICAN GRILL STORE # 2846,CHIPOTLE MEXICAN GRILL STORE # 2846,CHIPOTLE MEXICAN GRILL INC,FAIR OAKS,Sacramento,CA,95628-3930,5223 HAZEL AVE,41,00571208,31-AUG-2026
CREPES & BURGER,CREPES & BURGER,PEREZ ANGELES  MIRYAM,FAIR OAKS,Sacramento,CA,95628,6720 MADISON AVE,41,00601184,30-APR-2027
CVS PHARMACY STORE 9199,CVS PHARMACY STORE 9199,GARFIELD BEACH CVS LLC,FAIR OAKS,Sacramento,CA,95628-3138,5420 DEWEY DR,21,00477743,31-MAY-2027
DADS KITCHEN,DADS KITCHEN,JESTER AND JESTERS INC,FAIR OAKS,Sacramento,CA,95628-6596,8928 SUNSET AVE,47,00566842,30-APR-2027
DADS KITCHEN,DADS KITCHEN,JESTER AND JESTERS INC,FAIR OAKS,Sacramento,CA,95628-6596,8928 SUNSET AVE,77,00566842,30-APR-2027
DADS KITCHEN,DADS KITCHEN,JESTER AND JESTERS INC,FAIR OAKS,Sacramento,CA,95628-6596,8928 SUNSET AVE,58,00566842,30-APR-2027
DEL'S PIZZA,DEL'S PIZZA,KEITH  SANDRA YVONNE,FAIR OAKS,Sacramento,CA,95628-2816,11711 FAIR OAKS BLVD,41,00590268,28-FEB-2027
DIVIDED SKY TAVERN,DIVIDED SKY TAVERN,BRANNING  IAN MARC,FAIR OAKS,Sacramento,CA,95628-4718,4894 SAN JUAN AVE,47,00619613,31-MAY-2027
DOLLAR TREE STORE 1268,DOLLAR TREE STORE 1268,DOLLAR TREE STORES INC,FAIR OAKS,Sacramento,CA,95628-3908,8852 MADISON AVE,20,00401467,28-FEB-2027
EL BALCON BAR TAQUERIA,EL BALCON BAR TAQUERIA,EL BALCON LLC,FAIR OAKS,Sacramento,CA,95628-2816,11773 FAIR OAKS BLVD,47,00656705,31-MAR-2027
EXPRESS FOOD & LIQUOR,EXPRESS FOOD & LIQUOR,KHAIRA BUSINESS INC,FAIR OAKS,Sacramento,CA,95628,5333 DEWEY DR,21,00624930,31-JUL-2026
FAIR OAKS BREW PUB,FAIR OAKS BREW PUB,FAIR OAKS BREW PUB LLC,FAIR OAKS,Sacramento,CA,95628-7140,7988 CALIFORNIA AVE,23,00579545,31-MAY-2027
FAIR OAKS BREW PUB,FAIR OAKS BREW PUB,FAIR OAKS BREW PUB LLC,FAIR OAKS,Sacramento,CA,95628-7140,7988 CALIFORNIA AVE,47,00573142,28-FEB-2027
FAIR OAKS BREW PUB,FAIR OAKS BREW PUB,FAIR OAKS BREW PUB LLC,FAIR OAKS,Sacramento,CA,95628-7140,7988 CALIFORNIA AVE,58,00573142,28-FEB-2027
FAIR OAKS COFFEE HOUSE & DELI,FAIR OAKS COFFEE HOUSE & DELI,MASSOUD  ANTHONY AMIR,FAIR OAKS,Sacramento,CA,95628-7111,10223 FAIR OAKS BLVD,41,00513352,31-AUG-2026
FIRE WINGS,FIRE WINGS,BATHANGHE LLC,FAIR OAKS,Sacramento,CA,95628,5350 SUNRISE BLVD,41,00580830,30-NOV-2026
G&G FOOD & LIQUOR STORE,G&G FOOD & LIQUOR STORE,KARKI  GANESH,FAIR OAKS,Sacramento,CA,95628-6909,9634 FAIR OAKS BLVD,21,00668210,28-FEB-2027
H&S ENERGY PRODUCTS  LLC STORE #3069,H&S ENERGY PRODUCTS  LLC STORE #3069,H&S ENERGY PRODUCTS  LLC,FAIR OAKS,Sacramento,CA,95628,5361 SUNRISE BLVD,20,00634708,31-MAR-2027
H&S ENERGY PRODUCTS LLC STORE #3070,H&S ENERGY PRODUCTS LLC STORE #3070,H&S ENERGY PRODUCTS  LLC,FAIR OAKS,Sacramento,CA,95628-4010,8900 MADISON AVE,21,00634976,31-MAY-2027
HAZEL RIDGE LIQUOR,HAZEL RIDGE LIQUOR,ADHIKARY  GOVINDA BAHADUR,FAIR OAKS,Sacramento,CA,95628,4313 HAZEL AVE,21,00525316,31-OCT-2026
JUANS LIQUOR AND SMOKE LLC,JUANS LIQUOR AND SMOKE LLC,JUANS LIQUOR AND SMOKE LLC,FAIR OAKS,Sacramento,CA,95628,4727 SAN JUAN AVE,21,00666061,31-JAN-2027
LIQUID NEIGHBORHOOD BAR,LIQUID NEIGHBORHOOD BAR,FUN-TIME ENTERPRISES LLC,FAIR OAKS,Sacramento,CA,95628-3701,8121 MADISON AVE,48,00675653,31-JAN-2027
LOS GORDOS MEXICAN GRILL,LOS GORDOS MEXICAN GRILL,LOPEZVALLE  GABRIELA,FAIR OAKS,Sacramento,CA,95628-5521,4713 SAN JUAN AVE,41,00589473,31-JAN-2027
MIKUNI JAPANESE RESTAURANT & SUSHI BAR,MIKUNI JAPANESE RESTAURANT & SUSHI BAR,MIKUNI RESTAURANT GROUP INC,FAIR OAKS,Sacramento,CA,95628-6669,4315-25 HAZEL AVE,47,00462863,
MIKUNI JAPANESE RESTAURANT & SUSHI BAR,MIKUNI JAPANESE RESTAURANT & SUSHI BAR,MIKUNI RESTAURANT GROUP INC,FAIR OAKS,Sacramento,CA,95628-6669,4315-25 HAZEL AVE,58,00462863,
MIKUNI JAPANESE RESTAURANT & SUSHI BAR,MIKUNI JAPANESE RESTAURANT & SUSHI BAR,MIKUNI RESTAURANT GROUP INC,FAIR OAKS,Sacramento,CA,95628-6669,4315-25 HAZEL AVE,47,00462863,28-FEB-2027
MIKUNI JAPANESE RESTAURANT & SUSHI BAR,MIKUNI JAPANESE RESTAURANT & SUSHI BAR,MIKUNI RESTAURANT GROUP INC,FAIR OAKS,Sacramento,CA,95628-6669,4315-25 HAZEL AVE,58,00462863,28-FEB-2027
MIRABELLE CAFE,MIRABELLE CAFE,MOHAB G 5 LLC,FAIR OAKS,Sacramento,CA,95628-5504,7318 WINDING WAY,41,00532917,
MOUNTAIN MIKES PIZZA,MOUNTAIN MIKES PIZZA,GREWAL  SUKHCHARANJIT KAUR,FAIR OAKS,Sacramento,CA,95628-3538,5267 SUNRISE BLVD,41,00528739,31-AUG-2026
NEW ASIAN N CAJUN 2,NEW ASIAN N CAJUN 2,ASA FORTUNE INC,FAIR OAKS,Sacramento,CA,95628-2502,8121 GREENBACK LN,41,00678134,31-MAY-2027
NORTH RIDGE COUNTRY CLUB,,NORTH RIDGE COUNTRY CLUB,FAIR OAKS,Sacramento,CA,95628,7600 S MARIPOSA RD,51,00040891,31-JAN-2027
NORTH RIDGE COUNTRY CLUB,,NORTH RIDGE COUNTRY CLUB,FAIR OAKS,Sacramento,CA,95628,7600 S MARIPOSA RD,58,00040891,31-JAN-2027
O CAFE,O CAFE,O CAFE LLC,FAIR OAKS,Sacramento,CA,95628-7109,10131 FAIR OAKS BLVD,41,00587232,30-NOV-2026
OAK LIQUOR & CRAFT,OAK LIQUOR & CRAFT,SINGH  GURKIRAT,FAIR OAKS,Sacramento,CA,95628-4404,6725 WINDING WAY,21,00626443,31-MAY-2027
PAYLESS FOOD & LIQUOR,PAYLESS FOOD & LIQUOR,ATHWAL  KHUSHKARN,FAIR OAKS,Sacramento,CA,95628,8102 MADISON AVE,21,00394135,31-OCT-2026
PIZZA TWIST,PIZZA TWIST,A&K INV GROUP,FAIR OAKS,Sacramento,CA,95628,5484 DEWEY DR,41,00629857,30-NOV-2026
PLAYERS PUB,PLAYERS PUB,WELCH  JEFFERY,FAIR OAKS,Sacramento,CA,95628,9729 FAIR OAKS BLVD,48,00209878,31-AUG-2026
PLAYERS PUB,PLAYERS PUB,WELCH  JEFFERY,FAIR OAKS,Sacramento,CA,95628,9729 FAIR OAKS BLVD,58,00209878,31-AUG-2026
PLAYERS SPORTS PUB & GRILL,PLAYERS SPORTS PUB & GRILL,WELCH  JEFFREY A,FAIR OAKS,Sacramento,CA,95628,4060 SUNRISE BLVD,47,00397268,31-AUG-2026
ROUND TABLE PIZZA,ROUND TABLE PIZZA,EJS PIZZA CO,FAIR OAKS,Sacramento,CA,95628-3908,8822 MADISON AVE,41,00483522,
ROUND TABLE PIZZA,ROUND TABLE PIZZA,CIRCLE PIZZA LLC,FAIR OAKS,Sacramento,CA,95628-3908,8822 MADISON AVE,41,00584201,30-SEP-2026
SAN JUAN CLUB,SAN JUAN CLUB,JAMSON'S SAN JUAN CLUB  INC.,FAIR OAKS,Sacramento,CA,95628,7420 SUNSET AVE,48,00544844,28-FEB-2027
SIAM PATIO THAI CUISINE,SIAM PATIO THAI CUISINE,K&K POOSRI LLC,FAIR OAKS,Sacramento,CA,95628,9830 FAIR OAKS BLVD,41,00563107,31-OCT-2026
SMOKEY OAKS TAVERN,SMOKEY OAKS TAVERN,B & N RESTAURANTS LP,FAIR OAKS,Sacramento,CA,95628-6942,9634 FAIR OAKS BLVD,47,00569582,
SMOKEY OAKS TAVERN,SMOKEY OAKS TAVERN,B & N RESTAURANTS LP,FAIR OAKS,Sacramento,CA,95628-6942,9634 FAIR OAKS BLVD,47,00569582,31-MAY-2027
STOCKMAN CLUB,STOCKMAN CLUB,STOCKMAN CLUB LLC,FAIR OAKS,Sacramento,CA,95628,10219 FAIR OAKS BLVD,48,00390254,
STOCKMAN CLUB,STOCKMAN CLUB,STOCKMAN CLUB LLC,FAIR OAKS,Sacramento,CA,95628,10219 FAIR OAKS BLVD,48,00390254,31-MAY-2027
SUNSET MARKET LIQUOR & DELI,SUNSET MARKET LIQUOR & DELI,SNS LIQUOR INC,FAIR OAKS,Sacramento,CA,95628,7426 SUNSET AVE,21,00669069,31-JUL-2026
SUPER QUICK FOOD STORE,SUPER QUICK FOOD STORE,GREWAL  GURSANT S,FAIR OAKS,Sacramento,CA,95628,10542 FAIR OAKS BLVD,21,00504909,31-AUG-2026
SUPERSHOT MARKET,SUPERSHOT MARKET,SUPER SHOT RAJPURA  INC,FAIR OAKS,Sacramento,CA,95628-3870,8505 MADISON AVE,21,00664495,30-NOV-2026
SUSHIMONO,SUSHIMONO,JC SUSHIMONO  INC,FAIR OAKS,Sacramento,CA,95628,5349 SUNRISE BLVD,41,00623403,31-MAY-2026
TAKIENG THAI CUISINE,TAKIENG THAI CUISINE,NUTTARAGRIT INC,FAIR OAKS,Sacramento,CA,95628,4400 SAN JUAN AVE,41,00427704,31-JUL-2026
URBAN MARKET & MORE,URBAN MARKET & MORE,BAJWA  MANROOP,FAIR OAKS,Sacramento,CA,95628,7400 MADISON AVE,21,00652240,31-AUG-2026
VILLAGE MARKET,VILLAGE MARKET,KAUR  MANDEEP,FAIR OAKS,Sacramento,CA,95628-7428,4140 SUNRISE BLVD,21,00591830,31-MAR-2027
99 RANCH MARKET,99 RANCH MARKET,TAWA RETAIL GROUP  INC.,FOLSOM,Sacramento,CA,95630-5724,25000 BLUE RAVINE RD,21,00558932,
99 RANCH MARKET,99 RANCH MARKET,TAWA RETAIL GROUP  INC.,FOLSOM,Sacramento,CA,95630-5724,25000 BLUE RAVINE RD,86,00558932,
99 RANCH MARKET,99 RANCH MARKET,TAWA RETAIL GROUP  INC.,FOLSOM,Sacramento,CA,95630-5724,25000 BLUE RAVINE RD,21,00558932,30-APR-2027
99 RANCH MARKET,99 RANCH MARKET,TAWA RETAIL GROUP  INC.,FOLSOM,Sacramento,CA,95630-5724,25000 BLUE RAVINE RD,86,00558932,30-APR-2027
ALOHA SUSHI,ALOHA SUSHI,JJIC ALOHA SUSHI INC.,FOLSOM,Sacramento,CA,95630,2791 E BIDWELL ST,41,00605297,31-MAY-2027
ANDY'S KITCHEN,ANDY'S KITCHEN,EMPEROR'S GARDEN  LLC,FOLSOM,Sacramento,CA,95630,153 IRON POINT RD,41,00664423,30-NOV-2026
AT THAI KITCHEN,AT THAI KITCHEN,TAN  ARANYAWADEE,FOLSOM,Sacramento,CA,95630-3332,711 E BIDWELL ST,41,00655016,31-JUL-2027
BACCHUS HOUSE WINE BAR & BISTRO,BACCHUS HOUSE WINE BAR & BISTRO,OCTAVIO LEE INC,FOLSOM,Sacramento,CA,95630-5566,1004 E BIDWELL ST,47,00543753,30-APR-2027
BACCHUS HOUSE WINE BAR & BISTRO,BACCHUS HOUSE WINE BAR & BISTRO,OCTAVIO LEE INC,FOLSOM,Sacramento,CA,95630-5566,1004 E BIDWELL ST,58,00543753,30-APR-2027
BARNES & NOBLE CAFE,BARNES & NOBLE CAFE,BARNES & NOBLE CAFÉ  LLC,FOLSOM,Sacramento,CA,95630-8791,280 PALLADIO PKWY,41,00568878,31-OCT-2026
BARNES & NOBLE CAFE,BARNES & NOBLE CAFE,BARNES & NOBLE CAFÉ  LLC,FOLSOM,Sacramento,CA,95630-8791,280 PALLADIO PKWY,58,00568878,31-OCT-2026
BEACH HUT DELI,BEACH HUT DELI,CWC PROJECTS LLC,FOLSOM,Sacramento,CA,95630-3510,411 BLUE RAVINE RD,41,00460815,
BEACH HUT DELI,BEACH HUT DELI,CWC PROJECTS LLC,FOLSOM,Sacramento,CA,95630-3896,241 BLUE RAVINE RD,41,00633372,31-DEC-2026
BJ'S RESTAURANT & BREWHOUSE,BJ'S RESTAURANT & BREWHOUSE,BJS RESTAURANTS INC,FOLSOM,Sacramento,CA,95630,2730 E BIDWELL ST,47,00411213,30-SEP-2026
BLUE RAVINE RESTAURANT,BLUE RAVINE RESTAURANT,MA  LIJIAN,FOLSOM,Sacramento,CA,95630-5711,25085 BLUE RAVINE RD,41,00629277,30-SEP-2026
BUCK EATS LLC,,BUCK EATS LLC,FOLSOM,Sacramento,CA,95630-8788,250 PALLADIO PKWY STE 1339,47,00594606,30-SEP-2026
BUCK EATS LLC,,BUCK EATS LLC,FOLSOM,Sacramento,CA,95630-8788,250 PALLADIO PKWY STE 1339,58,00594606,30-SEP-2026
BUFFALO WILD WINGS #283,BUFFALO WILD WINGS #283,BLAZIN WINGS INC,FOLSOM,Sacramento,CA,95630-6405,2759 E BIDWELL ST,47,00486887,30-SEP-2026
CASA RAMOS MEXICAN RESTAURANT,CASA RAMOS MEXICAN RESTAURANT,M. K. & A.  LLC,FOLSOM,Sacramento,CA,95630-9003,400 IRON POINT RD,47,00489181,
CELLAR WINE BAR THE,CELLAR WINE BAR THE,CELLAR WINE BAR INC THE,FOLSOM,Sacramento,CA,95630-2546,727 SUTTER ST,42,00469831,
CHANGS MONGOLIAN GRILL LLC,CHANGS MONGOLIAN GRILL LLC,CHANGS MONGOLIAN GRILL LLC,FOLSOM,Sacramento,CA,95630-3120,631 & 633 E BIDWELL,41,00666358,28-FEB-2027
CHICAGOS PIZZA WITH A TWIST,CHICAGOS PIZZA WITH A TWIST,SAINATH FOODS LLC,FOLSOM,Sacramento,CA,95630-9598,1750 PRAIRIE CITY RD,41,00563606,30-NOV-2026
CHILIS GRILL & BAR,CHILIS GRILL & BAR,BRINKER RESTAURANT CORPORATION,FOLSOM,Sacramento,CA,95630,161 IRON POINT RD,47,00304025,30-APR-2027
CHIPOTLE MEXICAN GRILL,CHIPOTLE MEXICAN GRILL,CHIPOTLE MEXICAN GRILL INC,FOLSOM,Sacramento,CA,95630-8709,2379 IRON POINT RD,47,00526073,31-JAN-2027
CHIPOTLE MEXICAN GRILL # 191,CHIPOTLE MEXICAN GRILL # 191,CHIPOTLE MEXICAN GRILL INC,FOLSOM,Sacramento,CA,95630,1001 E BIDWELL ST,47,00373092,31-JAN-2027
CHURCHILL ARMS PUB,CHURCHILL ARMS PUB,CHURCHILL ARMS PUB LLC,FOLSOM,Sacramento,CA,95630,649 E BIDWELL ST,47,00524248,
CHURCHILL ARMS PUB,CHURCHILL ARMS PUB,CHURCHILL ARMS PUB LLC,FOLSOM,Sacramento,CA,95630,649 E BIDWELL ST,77,00524248,
CHURCHILL ARMS PUB,CHURCHILL ARMS PUB,CHURCHILL ARMS PUB LLC,FOLSOM,Sacramento,CA,95630,649 E BIDWELL ST,47,00524248,30-SEP-2026
CHURCHILL ARMS PUB,CHURCHILL ARMS PUB,CHURCHILL ARMS PUB LLC,FOLSOM,Sacramento,CA,95630,649 E BIDWELL ST,77,00524248,30-SEP-2026
CIRCLE K FOOD STORE 955,CIRCLE K FOOD STORE 955,TERAKE INC,FOLSOM,Sacramento,CA,95630-2671,95 NATOMA ST,20,00487596,
CIROS PIZZA,CIROS PIZZA,BOARDWALK RESTAURANT GROUP INC,FOLSOM,Sacramento,CA,95630,1300 E BIDWELL #120,41,00639271,28-FEB-2027
COFFEE REPUBLIC,COFFEE REPUBLIC,HEAVENLY VIBE INC.,FOLSOM,Sacramento,CA,95630,6610 FOLSOM AUBURN RD,41,00654679,31-DEC-2026
CORNER TAVERN & GRILL,CORNER TAVERN & GRILL,BELLIZZI MARKETPLACE INC,FOLSOM,Sacramento,CA,95630-3380,700 GLENN DR,47,00573960,30-SEP-2026
COST PLUS WORLD MARKET,COST PLUS WORLD MARKET,COST PLUS INC,FOLSOM,Sacramento,CA,95630,2797 E BIDWELL ST,21,00388235,
COST PLUS WORLD MARKET,COST PLUS WORLD MARKET,COST PLUS INC,FOLSOM,Sacramento,CA,95630,2797 E BIDWELL ST,20,00388235,
CURRY CLUB,CURRY CLUB,PAKA LLC,FOLSOM,Sacramento,CA,95630-4762,196 BLUE RAVINE RD,41,00465340,30-APR-2027
CURRY PIZZA HOUSE,CURRY PIZZA HOUSE,CNG FOODS INC.,FOLSOM,Sacramento,CA,95630-3263,1010 RILEY ST,47,00645265,28-FEB-2027
CVS PHARMACY STORE 3950,CVS PHARMACY STORE 3950,GARFIELD BEACH CVS LLC,FOLSOM,Sacramento,CA,95630-6414,2790 E BIDWELL ST,21,00477738,31-MAY-2027
CVS PHARMACY STORE 9923,CVS PHARMACY STORE 9923,GARFIELD BEACH CVS LLC,FOLSOM,Sacramento,CA,95630-5548,1005 E BIDWELL ST,21,00477732,31-MAY-2027
CVS PHARMACY STORE 9980,CVS PHARMACY STORE 9980,GARFIELD BEACH CVS LLC,FOLSOM,Sacramento,CA,95630-2092,9479 MADISON AVE,21,00477746,31-MAY-2027
DESI PIZZA BITES,DESI PIZZA BITES,GSG FOODS INC,FOLSOM,Sacramento,CA,95630-9008,299 IRON POINT RD,41,00673786,30-NOV-2026
DOS COYOTES BORDER CAFE,DOS COYOTES BORDER CAFE,COLMAX LLC,FOLSOM,Sacramento,CA,95630,13385 FOLSOM BLVD,47,00662849,28-FEB-2027
DOS COYOTES BORDER CAFE,DOS COYOTES BORDER CAFE,DOS COYOTES NNA BROADSTONE  INC,FOLSOM,Sacramento,CA,95630,2776 E BIDWELL ST,47,00665732,30-APR-2027
DOS COYOTOES BORDER CAFE,DOS COYOTOES BORDER CAFE,COLMAX LLC,FOLSOM,Sacramento,CA,95630,13385 FOLSOM BLVD,47,00376250,
EMPIRE RANCH GOLF CLUB,EMPIRE RANCH GOLF CLUB,WILSON GOLF MANAGEMENT  LLC,FOLSOM,Sacramento,CA,95630-5314,1620 E NATOMA ST,47,00618184,30-SEP-2026
ERIK'S DELICAFE OF FOLSOM,ERIK'S DELICAFE OF FOLSOM,BENNETTS  CARLEY MARIN,FOLSOM,Sacramento,CA,95630-3510,411 BLUE RAVINE RD,41,00647553,30-APR-2027
FATS ASIA BISTRO & DIM SUM BAR,FATS ASIA BISTRO & DIM SUM BAR,FAT CITY INCORPORATED,FOLSOM,Sacramento,CA,95630,2585 IRON POINT RD,47,00417964,31-JUL-2026
FD247 MARKET INC,FD247 MARKET INC,FD247 MARKET INC.,FOLSOM,Sacramento,CA,95630-1715,7620 FOLSOM AUBURN RD,21,00668335,28-FEB-2027
FIVE STAR LIQUOR,FIVE STAR LIQUOR,SADHRA  PARMVEER SINGH,FOLSOM,Sacramento,CA,95630-3115,332 E BIDWELL ST,21,00662562,31-MAR-2027
FOLSOM DAM BAR,FOLSOM DAM BAR,POPPY'S BAR & QUE LLC,FOLSOM,Sacramento,CA,95630-2671,97 NATOMA ST A,47,00656335,31-JUL-2026
FOLSOM DAM BAR,FOLSOM DAM BAR,POPPY'S BAR & QUE LLC,FOLSOM,Sacramento,CA,95630-2671,97 NATOMA ST A,77,00656335,31-JUL-2026
FOLSOM SUTTER CLUB,FOLSOM SUTTER CLUB,SMITH  LARRY A,FOLSOM,Sacramento,CA,95630,720 SUTTER ST,48,00232180,31-OCT-2026
FOLSOM TAP HOUSE SPORTS BAR,FOLSOM TAP HOUSE SPORTS BAR,FOLSOM TAP HOUSE INC.,FOLSOM,Sacramento,CA,95630-5706,25005 BLUE RAVINE RD,47,00654070,31-DEC-2026
FOLSOM THAI CUISINE,FOLSOM THAI CUISINE,HATSABODIN CORPORATION,FOLSOM,Sacramento,CA,95630-8709,2371 IRON POINT RD,41,00657048,30-SEP-2026
FOLSOM WINE & SPIRITS,FOLSOM WINE & SPIRITS,SINGH  PARAMJOT,FOLSOM,Sacramento,CA,95630-2148,6606 FOLSOM AUBURN RD,21,00555495,30-APR-2027
FOLSOM WINE & SPIRITS,FOLSOM WINE & SPIRITS,SINGH  PARAMJOT,FOLSOM,Sacramento,CA,95630,900 E BIDWELL ST,21,00641467,31-MAR-2027
FOLSOM WINE & SPIRITS,FOLSOM WINE & SPIRITS,SINGH  PARAMJOT,FOLSOM,Sacramento,CA,95630-2148,6606 FOLSOM AUBURN RD,42,00555495,30-APR-2027
GOLD MINER CAFE,GOLD MINER CAFE,GOLD MINER CAFE OF FOLSOM LLC,FOLSOM,Sacramento,CA,95630-3117,426 E BIDWELL,41,00669750,30-JUN-2027
H&S ENERGY PRODUCTS  LLC STORE #3071,H&S ENERGY PRODUCTS  LLC STORE #3071,H&S ENERGY PRODUCTS  LLC,FOLSOM,Sacramento,CA,95630,9881 GREENBACK LN,20,00634297,31-MAR-2027
H&S ENERGY PRODUCTS  LLC STORE#3072,H&S ENERGY PRODUCTS  LLC STORE#3072,H&S ENERGY PRODUCTS  LLC,FOLSOM,Sacramento,CA,95630,1020 RILEY ST,20,00634874,31-MAR-2027
HASSAN & SONS  INC. STORE #1005,HASSAN & SONS  INC. STORE #1005,HASSAN & SONS  INC,FOLSOM,Sacramento,CA,95630,1024 E BIDWELL ST,20,00634694,30-APR-2027
HASU TERIYAKI & SUSHI,HASU TERIYAKI & SUSHI,ENUBM LLC,FOLSOM,Sacramento,CA,95630-5708,25075 BLUE RAVINE RD,41,00646893,31-MAY-2026
HERINGER ESTATES WINERY @HISTORIC FOLSOM FM,HERINGER ESTATES WINERY @HISTORIC FOLSOM FM,HERINGER ESTATES  LLC,FOLSOM,Sacramento,CA,95630-2400,915 SUTTER ST,79,00659377,30-JUN-2026
HERMANOS JALISCO GRILL,HERMANOS JALISCO GRILL,ARIAS BROTHERS INC.,FOLSOM,Sacramento,CA,95630-9593,1880 PRAIRIE CITY RD,47,00676148,28-FEB-2027
HISUI SUSHI,HISUI SUSHI,TIGER DRAGON FOLSOM INC,FOLSOM,Sacramento,CA,95630-5283,25004 BLUE RAVINE RD,41,00651687,30-NOV-2026
HOKKAIDO SUSHI,HOKKAIDO SUSHI,WU  YUNQIN,FOLSOM,Sacramento,CA,95630-4755,199 BLUE RAVINE RD,41,00664774,28-FEB-2027
IRON HORSE TAVERN,IRON HORSE TAVERN,TAVERN ON THE HILL  LLC,FOLSOM,Sacramento,CA,95630-8776,460 PALLADIO PKWY,47,00597963,31-DEC-2026
JACKS URBAN EATS,JACKS URBAN EATS,JACKS URBAN EATS NO 4 INC,FOLSOM,Sacramento,CA,95630-6414,2756 E BIDWELL ST,41,00442768,
JACKS URBAN EATS,JACKS URBAN EATS,JACKS URBAN EATS NO 4 INC,FOLSOM,Sacramento,CA,95630-6414,2756 E BIDWELL ST,41,00442768,30-NOV-2026
JIMBOYS TACOS,JIMBOYS TACOS,ROPER FOOD SERVICES INC,FOLSOM,Sacramento,CA,95630-3342,708 E BIDWELL ST,41,00601026,31-DEC-2026
KAREN'S BAKERY AND CAFE,KAREN'S BAKERY AND CAFE,KBC TOO LLC,FOLSOM,Sacramento,CA,95630,705 GOLD LAKE DR,41,00634008,28-FEB-2027
KAREN'S BAKERY AND CAFE,KAREN'S BAKERY AND CAFE,KBC TOO LLC,FOLSOM,Sacramento,CA,95630,705 GOLD LAKE DR,77,00634008,28-FEB-2027
LA ESQUINA MEXICAN KITCHEN,LA ESQUINA MEXICAN KITCHEN,LA ESQUINA MEXICAN KITCHEN LLC,FOLSOM,Sacramento,CA,95630-2622,402 NATOMA ST,41,00677582,31-MAY-2027
LAKE BOWL LOUNGE,LAKE BOWL LOUNGE,FOLSOM RECREATION CORP,FOLSOM,Sacramento,CA,95630,511 E BIDWELL ST,47,00049868,31-AUG-2026
LAZY DOG RESTAURANT & BAR,LAZY DOG RESTAURANT & BAR,LAZY DOG RESTAURANTS LLC,FOLSOM,Sacramento,CA,95630-8775,300 PALLADIO PKWY,47,00574352,31-JUL-2026
LEXINGTON WINE & LIQUOR,LEXINGTON WINE & LIQUOR,LEXINGTON WINE & LIQUOR INC,FOLSOM,Sacramento,CA,95630-6801,316 S LEXINGTON DR,21,00658304,31-AUG-2026
LOLITAS AUTHENTIC MEXICAN CUISINE,LOLITAS AUTHENTIC MEXICAN CUISINE,CHAVEZ CRUZ  ALBERTO,FOLSOM,Sacramento,CA,95630-1888,9580 OAK AVE PKWY,47,00662379,31-DEC-2026
LOTUS 8 ASIAN CUISINE,LOTUS 8 ASIAN CUISINE,LM KITCHENS LLC,FOLSOM,Sacramento,CA,95630-4754,199 BLUE RAVINE RD,41,00644778,31-JAN-2027
MAS TACO BARS,MAS TACO BARS,TRES HERMANOS Y AMIGO 3  LLC,FOLSOM,Sacramento,CA,95630-8776,450 PALLADIO PKWY,47,00593274,28-FEB-2027
MASTER SUSHI,MASTER SUSHI,OH  RICHARD KWANGJAE,FOLSOM,Sacramento,CA,95630-4765,194 BLUE RAVINE RD,41,00666670,28-FEB-2027
MEXQUITE COCINA MEXICANA & TEQUILA LOUNGE,MEXQUITE COCINA MEXICANA & TEQUILA LOUNGE,MEXQUITE INC,FOLSOM,Sacramento,CA,95630-5258,25095 BLUE RAVINE RD,47,00444446,31-JAN-2027
MIKUNI JAPANESE RESTAURANT AND SUSHI BAR,MIKUNI JAPANESE RESTAURANT AND SUSHI BAR,MIKUNI RESTAURANT GROUP INC,FOLSOM,Sacramento,CA,95630-6320,185 PLACERVILLE RD,47,00561754,
MIKUNI JAPANESE RESTAURANT AND SUSHI BAR,MIKUNI JAPANESE RESTAURANT AND SUSHI BAR,MIKUNI RESTAURANT GROUP INC,FOLSOM,Sacramento,CA,95630-6320,185 PLACERVILLE RD,47,00561754,30-SEP-2026
MIMI'S CAFE,MIMI'S CAFE,BEYOND LIMITS 1  INC WHICH WILL DO BUSINESS IN CAL,FOLSOM,Sacramento,CA,95630-6405,2719 E BIDWELL ST,47,00649467,31-JUL-2026
MOUNTAIN MIKES PIZZA,MOUNTAIN MIKES PIZZA,BUTTER FOODS INC,FOLSOM,Sacramento,CA,95630-3331,717 E BIDWELL ST,41,00578453,31-JAN-2027
MOUNTAIN MIKES PIZZA,MOUNTAIN MIKES PIZZA,HPS INVESTMENTS  INC.,FOLSOM,Sacramento,CA,95630-5709,25075 BLUE RAVINE RD,41,00648551,31-AUG-2026
MYSTIQUE DINING,MYSTIQUE DINING,HOTT HOLDINGS LLC,FOLSOM,Sacramento,CA,95630-2544,611 SUTTER ST,41,00670759,31-OCT-2026
NARA SUSHI,NARA SUSHI,Y & JUNG INC,FOLSOM,Sacramento,CA,95630,1125 RILEY ST,41,00624734,30-JUN-2027
NIXTACO FOLSOM,NIXTACO FOLSOM,PEDREGAL VENTURES LLC,FOLSOM,Sacramento,CA,95630-6320,185 PLACERVILLE RD,47,00655954,31-AUG-2026
NORSE LEGEND MEAD@ HISTORIC FOLSOM FARMERS MARKET,NORSE LEGEND MEAD@ HISTORIC FOLSOM FARMERS MARKET,THE DOOKIE BROTHERS LLC,FOLSOM,Sacramento,CA,95630-2400,915 SUTTER ST,79,00670626,30-JUN-2027
OAK WINE AND SPIRITS,OAK WINE AND SPIRITS,COLOMA FOOD INC,FOLSOM,Sacramento,CA,95630,9580 OAK AVE PKWY,21,00636378,31-OCT-2026
OAK WINE AND SPIRITS,OAK WINE AND SPIRITS,COLOMA FOOD INC,FOLSOM,Sacramento,CA,95630,9580 OAK AVE PKWY,86,00636378,31-OCT-2026
OLIVE GARDEN ITALIAN RESTAURANT THE 1713,OLIVE GARDEN ITALIAN RESTAURANT THE 1713,N AND D RESTAURANTS LLC,FOLSOM,Sacramento,CA,95630,2485 IRON POINT RD,47,00564459,28-FEB-2027
OUT OF BOUNDS CRAFT KITCHEN AND BIERGARTEN,OUT OF BOUNDS CRAFT KITCHEN AND BIERGARTEN,OUT OF BOUNDS BREWING COMPANY  LLC,FOLSOM,Sacramento,CA,95630,13407 FOLSOM BLVD,47,00638086,31-JUL-2026
OZ KOREAN BBQ,OZ KOREAN BBQ,OHGANE  INC.,FOLSOM,Sacramento,CA,95630-8824,380 PALLADIO PKWY,47,00667771,31-AUG-2026
PHO ABC LLC,PHO ABC LLC,PHO ABC LLC,FOLSOM,Sacramento,CA,95630,602 E BIDWELL ST,41,00520527,30-APR-2027
PHO SOCIETY,PHO SOCIETY,PHO SOCIETY LLC,FOLSOM,Sacramento,CA,95630-5283,25004 BLUE RAVINE RD,41,00677346,30-APR-2027
PLANK CRAFT KITCHEN & BAR,PLANK CRAFT KITCHEN & BAR,FNJ LLC,FOLSOM,Sacramento,CA,95630-2572,608 SUTTER ST,47,00661892,30-SEP-2026
RED ROBIN BURGER & SPIRITS EMPORIUMS,RED ROBIN BURGER & SPIRITS EMPORIUMS,RED ROBIN BURGER & SPIRITS EMPORIUMS,FOLSOM,Sacramento,CA,95630-8822,360 PALLADIO PKWY,47,00528615,31-DEC-2026
ROCO WINE & SPIRIT'S,ROCO WINE & SPIRIT'S,ROCO,FOLSOM,Sacramento,CA,95630,9500 GREENBACK LN,21,00663024,31-OCT-2026
ROCO WINE & SPIRIT'S,ROCO WINE & SPIRIT'S,ROCO,FOLSOM,Sacramento,CA,95630,9500 GREENBACK LN,86,00663024,31-OCT-2026
ROUND TABLE PIZZA,ROUND TABLE PIZZA,EJS PIZZA CO,FOLSOM,Sacramento,CA,95630-2091,9500 GREENBACK LN,41,00305386,
ROUND TABLE PIZZA,ROUND TABLE PIZZA,EJS PIZZA CO,FOLSOM,Sacramento,CA,95630-3508,1151 RILEY ST,41,00327224,
ROUND TABLE PIZZA,ROUND TABLE PIZZA,EJS PIZZA CO,FOLSOM,Sacramento,CA,95630-6484,2793 E BIDWELL ST UT 100,41,00389166,
ROUND TABLE PIZZA,ROUND TABLE PIZZA,CIRCLE PIZZA LLC,FOLSOM,Sacramento,CA,95630-3508,1151 RILEY ST,41,00584194,30-SEP-2026
RUCHI INDIAN CUISINE,RUCHI INDIAN CUISINE,KRISHNA FOODS LLC,FOLSOM,Sacramento,CA,95630-3120,601 E BIDWELL ST,41,00663571,30-NOV-2026
SACRAMENTO PIZZA COMPANY,SACRAMENTO PIZZA COMPANY,KP FOOD GROUP,FOLSOM,Sacramento,CA,95630-6435,2700 E BIDWELL,41,00647178,31-MAY-2027
SAMS CLUB STORE 6620,SAMS CLUB STORE 6620,SAMS WEST INC,FOLSOM,Sacramento,CA,95630,2495 IRON POINT RD,21,00406857,30-JUN-2027
SAMS CLUB STORE 6620,SAMS CLUB STORE 6620,SAMS WEST INC,FOLSOM,Sacramento,CA,95630,2495 IRON POINT RD,86,00406857,30-JUN-2027
SANSKRIT  NEW AGE INDIAN,SANSKRIT  NEW AGE INDIAN,NAMAS V1 LLC,FOLSOM,Sacramento,CA,95630-6421,2776 E BIDWELL ST,41,00594281,30-JUN-2026
SILK BAR,SILK BAR,SYANA LLC,FOLSOM,Sacramento,CA,95630,303 IRON POINT RD,47,00665854,28-FEB-2027
SKIPOLINIS PIZZA,SKIPOLINIS PIZZA,SKIPOLINIS INC,FOLSOM,Sacramento,CA,95630,191 BLUE RAVINE RD,47,00525526,31-OCT-2026
SMASHBURGER,SMASHBURGER,SMASHBURGER ACQUISITION-SACRAMENTO  LLC,FOLSOM,Sacramento,CA,95630-4206,703 E BIDWELL ST STE 3,41,00506151,
SPROUTS FARMERS MARKET 414,SPROUTS FARMERS MARKET 414,SF MARKETS LLC,FOLSOM,Sacramento,CA,95630-3348,905 E BIDWELL ST,20,00575395,28-FEB-2027
STEVE'S PIZZA,STEVE'S PIZZA,RAI ACQUISITION ONE LLC,FOLSOM,Sacramento,CA,95630-4038,1840 PRAIRIE CITY RD,41,00664583,30-NOV-2026
STONEBIRD JAPANESE GRILL & NOODLES,STONEBIRD JAPANESE GRILL & NOODLES,RJ FOOD & BEVERAGE LLC,FOLSOM,Sacramento,CA,95630,2766 E BIDWELL ST,41,00646962,31-AUG-2026
SUPER STAR MARKET,SUPER STAR MARKET,DEWITT  RAVINDER,FOLSOM,Sacramento,CA,95630-3072,703 NATOMA ST,21,00639873,31-DEC-2026
SWEET WILLIAMS TAVERN,SWEET WILLIAMS TAVERN,SWEET WILLIAMS TAVERN LLC,FOLSOM,Sacramento,CA,95630-3115,312 E BIDWELL ST,47,00676931,31-MAR-2027
TAQUERIA TACO LOCO,TAQUERIA TACO LOCO,TAQUERIA TACO LOCO INC,FOLSOM,Sacramento,CA,95630,195 BLUE RAVINE RD,47,00346950,28-FEB-2027
THAI PARADISE,THAI PARADISE,FLEMING  ALEX WILLIAM,FOLSOM,Sacramento,CA,95630-6418,2770 E BIDWELL ST,41,00466483,31-MAY-2027
THAI PARADISE,THAI PARADISE,FLEMING  ALEX WILLIAM,FOLSOM,Sacramento,CA,95630-6418,2770 E BIDWELL ST,77,00466483,31-MAY-2027
THE FOLSOM CAFE,THE FOLSOM CAFE,PIERCE HERITAGE GROUP LLC,FOLSOM,Sacramento,CA,95630-2546,727 SUTTER ST,41,00666754,30-APR-2027
THE OAK T SPORTS BAR & GRILL,THE OAK T SPORTS BAR & GRILL,HOU  TING CUI,FOLSOM,Sacramento,CA,95630-1888,9580 OAK AVENUE PKWY,47,00664707,30-NOV-2026
TOKYO SUSHI,TOKYO SUSHI,LEE  MIN SUCK,FOLSOM,Sacramento,CA,95630,1002 RILEY ST 3,41,00588494,31-JAN-2027
TOTAL WINE & MORE,TOTAL WINE & MORE,CALIFORNIA FINE WINE & SPIRITS LLC,FOLSOM,Sacramento,CA,95630-6405,2765 E BIDWELL ST,21,00521694,30-SEP-2026
TOTAL WINE & MORE,TOTAL WINE & MORE,CALIFORNIA FINE WINE & SPIRITS LLC,FOLSOM,Sacramento,CA,95630-6405,2765 E BIDWELL ST,42,00521694,30-SEP-2026
TOTAL WINE & MORE,TOTAL WINE & MORE,CALIFORNIA FINE WINE & SPIRITS LLC,FOLSOM,Sacramento,CA,95630-6405,2765 E BIDWELL ST,86,00521694,30-SEP-2026
VICS SUPERMARKET,VICS SUPERMARKET,TABRIZI ENTERPRISES INC,FOLSOM,Sacramento,CA,95630,9580 OAK AVENUE PKWY,21,00485006,
WAL MART STORE 1760,WAL MART STORE 1760,WALMART INC.,FOLSOM,Sacramento,CA,95630,1018 RILEY ST,21,00350597,30-JUN-2027
WAL MART STORE 1760,WAL MART STORE 1760,WALMART INC.,FOLSOM,Sacramento,CA,95630,1018 RILEY ST,86,00350597,30-JUN-2027
WHOLE FOODS MARKET,WHOLE FOODS MARKET,WHOLE FOODS MARKET CALIFORNIA INC,FOLSOM,Sacramento,CA,95630-8774,270 PALLADIO PARKWAY,21,00511478,30-SEP-2026
WHOLE FOODS MARKET,WHOLE FOODS MARKET,WHOLE FOODS MARKET CALIFORNIA INC,FOLSOM,Sacramento,CA,95630-8774,270 PALLADIO PARKWAY,86,00511478,30-SEP-2026
WHOLE FOODS MARKET,WHOLE FOODS MARKET,WHOLE FOODS MARKET CALIFORNIA INC,FOLSOM,Sacramento,CA,95630-8774,270 PALLADIO PARKWAY,41,00511478,30-SEP-2026
WILLAMETTE WINEWORKS,WILLAMETTE WINEWORKS,WILLAMETTE VALLEY VINEYARDS INC,FOLSOM,Sacramento,CA,95630,824 SUTTER ST,02,00597328,30-JUN-2027
WILLAMETTE WINEWORKS,WILLAMETTE WINEWORKS,WILLAMETTE VALLEY VINEYARDS INC,FOLSOM,Sacramento,CA,95630,824 SUTTER ST,09,00597328,30-JUN-2027
WORLD MARKET,WORLD MARKET,WORLD MARKET  LLC,FOLSOM,Sacramento,CA,95630,2797 E BIDWELL ST,21,00634274,28-FEB-2027
4TH ST TAVERN,4TH ST TAVERN,SHILIN  GREGORY EUGENE,GALT,Sacramento,CA,95632-1955,229 4TH ST,48,00610031,30-APR-2027
AMIGOS MARKET,AMIGOS MARKET,KASSEM  KASSEM SALEH MUQBEL,GALT,Sacramento,CA,95632,229 S LINCOLN WY,20,00424596,30-APR-2027
BARSETTI VINEYARDS,BARSETTI VINEYARDS,BARSETTI VINEYARDS  INC.,GALT,Sacramento,CA,95632-1984,400 4TH ST,02,00549156,30-JUN-2026
BREWSTERS BAR & GRILL,BREWSTERS BAR & GRILL,BREWSTERS BAR & GRILL,GALT,Sacramento,CA,95632-1955,201 4TH ST,47,00582855,31-JUL-2026
BREWSTERS BAR & GRILL,BREWSTERS BAR & GRILL,BREWSTERS BAR & GRILL,GALT,Sacramento,CA,95632-1955,201 4TH ST,47,00582855,31-JUL-2026
COMPADRES GRILL & BAR,COMPADRES GRILL & BAR,GUTIERREZ  JOSE A,GALT,Sacramento,CA,95632,10400 TWIN CITIES RD,47,00613590,28-FEB-2027
COMPADRES MARKET,COMPADRES MARKET,GUTIERREZ  JOSE A,GALT,Sacramento,CA,95632,502 C ST,20,00351204,30-JUN-2027
CVS PHARMACY STORE 3022,CVS PHARMACY STORE 3022,GARFIELD BEACH CVS LLC,GALT,Sacramento,CA,95632-1700,1063 C ST,21,00477751,31-MAY-2027
DRY CREEK RANCH GOLF CLUB INC,,DRY CREEK RANCH GOLF CLUB INC,GALT,Sacramento,CA,95632,805 CRYSTAL WAY,47,00553969,31-MAY-2027
DRY CREEK U SAVE LIQUOR,DRY CREEK U SAVE LIQUOR,DRY CREEK U SAVE LIQUOR  OF GALT INC,GALT,Sacramento,CA,95632,630 C ST,21,00593774,31-MAY-2027
GALT MINI MART LIQUOR,GALT MINI MART LIQUOR,SINGH  YADVINDER,GALT,Sacramento,CA,95632-8779,640 CAROL DR,21,00622705,31-JAN-2027
HANFORD RANCH WINERY,HANFORD RANCH WINERY,HANFORD RANCH WINERY INC,GALT,Sacramento,CA,95632-8386,13200 LOLL RD,02,00588418,30-JUN-2027
JEFE'S GRILL LLC,JEFE'S GRILL LLC,JEFE'S GRILL LLC,GALT,Sacramento,CA,95632-1711,227 S LINCOLN WAY,41,00676539,28-FEB-2027
MAMAS BBQ GRILL,MAMAS BBQ GRILL,KIM  DOO SANG,GALT,Sacramento,CA,95632,1000 C ST,41,00424753,31-MAY-2027
MATSUYAMA RESTAURANT,MATSUYAMA RESTAURANT,CHANG  CHIN MEI,GALT,Sacramento,CA,95632-9032,10420 TWIN CITIES RD,41,00590503,31-MAR-2027
MIMI'S MINI MART,MIMI'S MINI MART,RR MS OILS INC,GALT,Sacramento,CA,95632-1930,700 C ST,20,00567974,30-APR-2027
MOUNTAIN MIKES PIZZA,MOUNTAIN MIKES PIZZA,SEVEN STAR PIZZA INC,GALT,Sacramento,CA,95632,10400 TWIN CITIES RD,41,00612258,30-NOV-2026
PAPAS & WINGS,PAPAS & WINGS,MOSQUEDA BROTHERS LLC,GALT,Sacramento,CA,95632-1706,803-807 C ST,47,00604320,31-JUL-2026
PAPAS & WINGS,PAPAS & WINGS,MOSQUEDA BROTHERS LLC,GALT,Sacramento,CA,95632-1706,803-807 C ST,77,00604320,31-JUL-2026
PAPAS & WINGS,PAPAS & WINGS,MOSQUEDA BROTHERS LLC,GALT,Sacramento,CA,95632-1706,803-807 C ST,58,00604320,31-JUL-2026
PAPAS & WINGS,PAPAS & WINGS,MOSQUEDA BROTHERS LLC,GALT,Sacramento,CA,95632-1706,803-807 C ST,47,00604320,31-JUL-2026
QUIK STOP MARKET #117,QUIK STOP MARKET #117,QUIK STOP MARKETS INC,GALT,Sacramento,CA,95632-1968,602 4TH ST,21,00559620,30-JUN-2027
ROUND TABLE PIZZA,ROUND TABLE PIZZA,BRENNAN  CHARLES PAUL,GALT,Sacramento,CA,95632,1067 C ST,41,00356562,31-OCT-2026
T2YAN CHINESE CUISINE,T2YAN CHINESE CUISINE,DUONG  FIONA THUONG,GALT,Sacramento,CA,95632-9034,10400 TWIN CITIES RD,47,00544460,31-JAN-2027
TACOS ROMERO,TACOS ROMERO,ANDRADE  ANA ROSA,GALT,Sacramento,CA,95632-1721,114 N LINCOLN WY,41,00615176,30-JUN-2026
VALENSIN VINEYARD & WINERY,VALENSIN VINEYARD & WINERY,VALENSIN VINEYARD & WINERY,GALT,Sacramento,CA,95632-8558,10675 VALENSIN RD,02,00608463,30-JUN-2026
VELVET GRILL & CREAMERY,VELVET GRILL & CREAMERY,VELVET GALT INC,GALT,Sacramento,CA,95632-1984,400 4TH STREET,41,00521137,31-JUL-2026
WALMART STORE #5231,WALMART STORE #5231,WALMART INC.,GALT,Sacramento,CA,95632,10470 TWIN CITIES RD,21,00536135,30-JUN-2027
A & E CAFE,A & E CAFE,PEREZ  ASHLEY MARIE,GOLD RIVER,Sacramento,CA,95670-4466,2201 GOLD RUSH DR,41,00600382,30-NOV-2026
BEACH HUT DELI,BEACH HUT DELI,CWC PROJECTS LLC,GOLD RIVER,Sacramento,CA,95670-4495,2095 GOLDEN CENTRE LANE,41,00570338,31-JUL-2026
BLAZE PIZZA,BLAZE PIZZA,BLAZE PIZZA OPERATIONS  LLC,GOLD RIVER,Sacramento,CA,95670-6501,2137 GOLDEN CENTRE LN,41,00548764,30-NOV-2026
CORDELINA WINE COMPANY,CORDELINA WINE COMPANY,CORDELINA WINE COMPANY  LLC,GOLD RIVER,Sacramento,CA,95670-6300,11344 COLOMA RD,20,00600844,31-JAN-2027
CORDELINA WINE COMPANY,CORDELINA WINE COMPANY,CORDELINA WINE COMPANY  LLC,GOLD RIVER,Sacramento,CA,95670-6300,11344 COLOMA RD,17,00600844,31-JAN-2027
CORDELINA WINE COMPANY,CORDELINA WINE COMPANY,CORDELINA WINE COMPANY  LLC,GOLD RIVER,Sacramento,CA,95670-6300,11344 COLOMA RD,09,00600844,31-JAN-2027
ESTATE WINE AND SPIRITS,ESTATE WINE AND SPIRITS,ESTATE WINE AND SPIRITS LLC,GOLD RIVER,Sacramento,CA,95670-6300,11344 COLOMA RD,17,00634263,28-FEB-2027
ESTATE WINE AND SPIRITS,ESTATE WINE AND SPIRITS,ESTATE WINE AND SPIRITS LLC,GOLD RIVER,Sacramento,CA,95670-6300,11344 COLOMA RD,20,00634263,28-FEB-2027
ESTATE WINE AND SPIRITS,ESTATE WINE AND SPIRITS,ESTATE WINE AND SPIRITS LLC,GOLD RIVER,Sacramento,CA,95670-6300,11344 COLOMA RD,09,00634263,28-FEB-2027
JASPER'S GIANT HAMBURGERS,JASPER'S GIANT HAMBURGERS,SANCHEZ VILLALOBOS  SELENE,GOLD RIVER,Sacramento,CA,95670,2342 SUNRISE BLVD,41,00651004,30-SEP-2026
MARTIN'S FAMOUS STREET TACOS,MARTIN'S FAMOUS STREET TACOS,MARTINS FAMOUS STREET TACOS LLC,GOLD RIVER,Sacramento,CA,95670-4459,11344 COLOMA RD,41,00618907,31-OCT-2026
MARTIN'S FAMOUS STREET TACOS,MARTIN'S FAMOUS STREET TACOS,MARTINS FAMOUS STREET TACOS LLC,GOLD RIVER,Sacramento,CA,95670-4459,11344 COLOMA RD,58,00618907,31-OCT-2026
MOUNTAIN MIKES PIZZA,MOUNTAIN MIKES PIZZA,MURCIA CORPORATION,GOLD RIVER,Sacramento,CA,95670,2220 GOLD SPRINGS CT,41,00589476,28-FEB-2027
ROUND TABLE PIZZA,ROUND TABLE PIZZA,CIRCLE PIZZA LLC,GOLD RIVER,Sacramento,CA,95670-4376,2234 SUNRISE BLVD,41,00622094,31-AUG-2026
SUNRISE FOOD & LIQUOR,SUNRISE FOOD & LIQUOR,AJKP LLC,GOLD RIVER,Sacramento,CA,95670-4359,2271 SUNRISE BLVD,21,00667694,30-APR-2027
HERALD STORE,HERALD STORE,HERALD STORE  INC.,HERALD,Sacramento,CA,95638,12409 HERALD RD,20,00670109,31-JUL-2026
HOOD RANCH KITCHEN,HOOD RANCH KITCHEN,COMUS BACCHUS INC,HOOD,Sacramento,CA,95639,10761 STATE HWY 160,47,00556742,30-SEP-2026
HOOD RANCH KITCHEN,HOOD RANCH KITCHEN,COMUS BACCHUS INC,HOOD,Sacramento,CA,95639,10761 STATE HWY 160,77,00556742,30-SEP-2026
ASIAN BROTHERS BREWING COMPANY,ASIAN BROTHERS BREWING COMPANY,ASIAN BROTHERS BREWING COMPANY,ISLETON,Sacramento,CA,95641,731 W BRANNAN IS RD,17,00636568,31-JUL-2026
DEJACKS COUNTRY STORE,DEJACKS COUNTRY STORE,SB2 CORP,ISLETON,Sacramento,CA,95641,107 2ND ST,21,00640144,28-FEB-2027
DELTA BAY CLUB,DELTA BAY CLUB,DELTA BAY CLUB INC,ISLETON,Sacramento,CA,95641,922 W BRANNAN ISLAND RD,20,00229342,28-FEB-2027
DELTA FARMERS MARKET,DELTA FARMERS MARKET,DISCOVER THE DELTA FOUNDATION,ISLETON,Sacramento,CA,95641-9601,2510 STATE HIGHWAY 12,20,00505347,30-NOV-2026
DELTA FARMERS MARKET,DELTA FARMERS MARKET,DISCOVER THE DELTA FOUNDATION,ISLETON,Sacramento,CA,95641-9601,2510 STATE HIGHWAY 12,42,00505347,31-AUG-2026
EL CAPITAN RESTAURANT,EL CAPITAN RESTAURANT,CASTOR RESTAURANT LLC,ISLETON,Sacramento,CA,95641-9736,15460 STATE HIGHWAY 160,41,00665188,30-JUN-2026
EL RANCHO GRANDE MARKET & VIDEO,EL RANCHO GRANDE MARKET & VIDEO,BECERRA  JUAN MANUEL,ISLETON,Sacramento,CA,95641,24 MAIN ST,21,00352539,28-FEB-2027
KOKET ISLAND BAR & GRILL,KOKET ISLAND BAR & GRILL,KOKET ISLAND BAR & GRILL LLC,ISLETON,Sacramento,CA,95641-9702,14174 ISLETON RD,47,00668086,31-JAN-2027
LIGHTHOUSE MARINA RESTAURANT & RESORT THE,LIGHTHOUSE MARINA RESTAURANT & RESORT THE,151 BRANNAN ISLAND ROAD LLC,ISLETON,Sacramento,CA,95641,151 BRANNAN ISLAND RD,20,00478598,31-MAY-2027
LIGHTHOUSE MARINA RESTAURANT AND RESORT THE,LIGHTHOUSE MARINA RESTAURANT AND RESORT THE,151 BRANNAN ISLAND ROAD LLC,ISLETON,Sacramento,CA,95641-9767,151 BRANNAN ISLAND RD,47,00580942,31-AUG-2026
LIGHTHOUSE MARINA RESTAURANT AND RESORT THE,LIGHTHOUSE MARINA RESTAURANT AND RESORT THE,151 BRANNAN ISLAND ROAD LLC,ISLETON,Sacramento,CA,95641-9767,151 BRANNAN ISLAND RD,58,00580942,31-AUG-2026
MANNY BARZZERIA,MANNY BARZZERIA,BARZZERIA GROUP INC.,ISLETON,Sacramento,CA,95641,212 2ND ST,47,00636810,30-JUN-2027
MARINA WEST YACHT CLUB,MARINA WEST YACHT CLUB,MARINA WEST YACHT CLUB,ISLETON,Sacramento,CA,95641-9706,100 OXBOW MARINA DR,51,00567466,30-APR-2027
PINEAPPLE RESTAURANT,PINEAPPLE RESTAURANT,LOW  BARK HONG,ISLETON,Sacramento,CA,95641,22 MAIN ST,41,00275044,30-APR-2027
PIRATES LAIR CAFE,PIRATES LAIR CAFE,PIRATES LAIR CAFE,ISLETON,Sacramento,CA,95641-9739,169 W BRANNAN ISLAND RD,20,00487544,31-JUL-2026
PIRATES LAIR CAFE,PIRATES LAIR CAFE,PIRATES LAIR CAFE,ISLETON,Sacramento,CA,95641-9739,169 W BRANNAN ISLAND RD,41,00487544,31-JUL-2026
SONOMA COLLECTION WINES,SONOMA COLLECTION WINES,WATER INTO WINE  INC.,ISLETON,Sacramento,CA,95641-9701,15511 ISLETON RD,02,00555740,
SPINDRIFT GENERAL STORE,SPINDRIFT GENERAL STORE,PORT ISLETON MARINA LLC,ISLETON,Sacramento,CA,95641-9755,841 W BRANNAN ISLAND RD,21,00651990,30-SEP-2026
MATHER GOLF COURSE,MATHER GOLF COURSE,MATHER GOLF PARTNERS L-PSHIP,MATHER,Sacramento,CA,95655,4103 ZINFANDEL DR,47,00308092,31-OCT-2026
BEACH HUT DELI,BEACH HUT DELI,DECELLE-TILLERY INVESTMENTS  LLC,MCCLELLAN,Sacramento,CA,95652-2447,5411 LUCE AVE,41,00583056,30-JUN-2026
7 ELEVEN STORE 2235 16081F,7 ELEVEN STORE 2235 16081F,7 ELEVEN INC,NORTH HIGHLANDS,Sacramento,CA,95660-5110,4900 WATT AVE,20,00473246,30-JUN-2027
CHIPOTLE MEXICAN GRILL STORE #04-5473,CHIPOTLE MEXICAN GRILL STORE #04-5473,CHIPOTLE MEXICAN GRILL INC,NORTH HIGHLANDS,Sacramento,CA,95660,4801 WATT AVE,41,00669730,31-JAN-2027
DOLLAR TREE STORE 1201,DOLLAR TREE STORE 1201,DOLLAR TREE STORES INC,NORTH HIGHLANDS,Sacramento,CA,95660-3730,3661 ELKHORN BLVD,20,00405884,30-JUN-2027
HIGHLANDS MARKET,HIGHLANDS MARKET,SIDHU  AMARJEET KAUR,NORTH HIGHLANDS,Sacramento,CA,95660,3667 ELKHORN BLVD,21,00631267,30-JUN-2026
HOUSE OF THAI,HOUSE OF THAI,BUDTANASE LLC,NORTH HIGHLANDS,Sacramento,CA,95660-4773,5738 WATT AVE,41,00599146,31-AUG-2026
JESSES FOOD & LIQUOR,JESSES FOOD & LIQUOR,SINGH  RAGHBIR,NORTH HIGHLANDS,Sacramento,CA,95660,7440 WATT AVE,21,00293772,31-MAR-2027
MOSCOW EURO MARKET,MOSCOW EURO MARKET,VOSKANYAN  ALEXANDR,NORTH HIGHLANDS,Sacramento,CA,95660-3200,7145 WATT AVE UNIT A,20,00447237,30-JUN-2027
MOUNTAIN MIKE'S PIZZA,MOUNTAIN MIKE'S PIZZA,SOOD INVESTMENTS INC.,NORTH HIGHLANDS,Sacramento,CA,95660,6745 WATT AVE,41,00667521,30-APR-2027
PATTAYA CAFE,PATTAYA CAFE,KHOUNNORAJ  LOVANHXAY,NORTH HIGHLANDS,Sacramento,CA,95660,5514 WATT AVE,41,00311083,30-SEP-2026
SANTA FE MARKET,SANTA FE MARKET,SIDHU  SANTA FE MARKET INC,NORTH HIGHLANDS,Sacramento,CA,95660-4864,5840 SANTA FE WAY,21,00612059,28-FEB-2027
SAVER LIQUOR & FOOD,SAVER LIQUOR & FOOD,G.K ALLIANCE GROUP LLC,NORTH HIGHLANDS,Sacramento,CA,95660-5079,3901 MADISON AVE,21,00674655,31-DEC-2026
SR FOOD STORE,SR FOOD STORE,CHOUHAN  JASVINDER KAUR,NORTH HIGHLANDS,Sacramento,CA,95660,7547 WATT AVE,21,00431089,31-JAN-2027
STEVES LIQUOR & FOOD,STEVES LIQUOR & FOOD,SIVIA  HARBANS KAUR,NORTH HIGHLANDS,Sacramento,CA,95660,4340 KIRKBY WY,21,00401559,31-AUG-2026
SUPERB PIZZA,SUPERB PIZZA,GHASEMPOUR  KEYVAN,NORTH HIGHLANDS,Sacramento,CA,95660,5601 WATT AVE 1,20,00260694,30-APR-2027
WONG'S CANTON CHINESE RESTAURANT,WONG'S CANTON CHINESE RESTAURANT,HONG DING 888  INC,NORTH HIGHLANDS,Sacramento,CA,95660,5811 WATT AVE,41,00551046,31-DEC-2026
AMERICAN FOOD STORE,AMERICAN FOOD STORE,ALEKOZAY LLC,ORANGEVALE,Sacramento,CA,95662-5413,5682 MAIN AVE,21,00669651,31-DEC-2026
ASHLEY'S COUNTRY KITCHEN,ASHLEY'S COUNTRY KITCHEN,ASHLEY'S COUNTRY CAFE  INC.,ORANGEVALE,Sacramento,CA,95662-4909,9411 MADISON AVE,41,00655037,31-JUL-2027
BLUE NAMI SUSHI AND SAKE HOUSE,BLUE NAMI SUSHI AND SAKE HOUSE,BLUE NAMI SUSHI AND SAKE HOUSE  INC.,ORANGEVALE,Sacramento,CA,95662-4000,8811 GREENBACK LN,47,00585323,30-JUN-2027
CLAY OVEN INDIAN CUISINE,CLAY OVEN INDIAN CUISINE,RAJ JAS INC,ORANGEVALE,Sacramento,CA,95662,8807 GREENBACK LN,41,00656381,31-AUG-2026
JAN'S LOUNGE LLC,JAN'S LOUNGE LLC,JAN'S LOUNGE LLC,ORANGEVALE,Sacramento,CA,95662-4802,9222 GREENBACK LN,48,00669659,30-JUN-2027
L & M LIQUOR & DELI,L & M LIQUOR & DELI,MALDONADO  LUPE,ORANGEVALE,Sacramento,CA,95662,8836 GREENBACK LN,21,00190215,31-MAY-2027
L & M LIQUOR & DELI,L & M LIQUOR & DELI,MALDONADO  LUPE,ORANGEVALE,Sacramento,CA,95662,8836 GREENBACK LN UNIT 2,41,00251907,31-JUL-2026
LA PLACITA MEXICAN RESTAURANT,LA PLACITA MEXICAN RESTAURANT,HERNANDEZ  JESUS,ORANGEVALE,Sacramento,CA,95662,9272 GREENBACK LN,41,00253281,31-JAN-2027
LOUIS LIQUOR,LOUIS LIQUOR,WELCOME FOOD AND LIQUOR INC,ORANGEVALE,Sacramento,CA,95662-4835,9260 GREENBACK LN,21,00674503,31-DEC-2026
MAIN FOOD MART & LIQUOR,MAIN FOOD MART & LIQUOR,SAK SIM CORPORATION,ORANGEVALE,Sacramento,CA,95662-4305,6229 MAIN AVE,21,00584336,31-OCT-2026
MOUNTAIN MIKES PIZZA,MOUNTAIN MIKES PIZZA,BRAR  DALVIR SINGH,ORANGEVALE,Sacramento,CA,95662,8801 GREENBACK LN,41,00401928,30-NOV-2026
O'CONNOR'S WOODFIRE GRILL & BAR,O'CONNOR'S WOODFIRE GRILL & BAR,BERANKA INC,ORANGEVALE,Sacramento,CA,95662-4864,9267 GREENBACK LN,47,00549090,31-DEC-2026
OHRI'S GAS AND MINI MART,OHRI'S GAS AND MINI MART,OHRI  ARUN KUMAR,ORANGEVALE,Sacramento,CA,95662,9401 MADISON AVE,21,00611509,31-JAN-2027
ONE STOP FOOD AND LIQUOR,ONE STOP FOOD AND LIQUOR,S&S ROYALTY CORP,ORANGEVALE,Sacramento,CA,95662-4004,8700 GREENBACK LN,21,00647095,31-OCT-2026
ORBIT GAS & MINI MART,ORBIT GAS & MINI MART,JOES MARKET LLC,ORANGEVALE,Sacramento,CA,95662-4633,8994 GREENBACK LN,20,00674486,28-FEB-2027
ORNGEVALE FOOD AND LIQUOR,ORNGEVALE FOOD AND LIQUOR,KAUR  PARVINDER,ORANGEVALE,Sacramento,CA,95662,8940 GREENBACK LN,21,00628045,30-NOV-2026
QUICK STOP MARKET #551126,QUICK STOP MARKET #551126,QUIK STOP MARKETS INC,ORANGEVALE,Sacramento,CA,95662,8696 GREENBACK LN,21,00647362,30-JUN-2027
SAVE MORE LIQUOR & FOODS,SAVE MORE LIQUOR & FOODS,H.S.CHHOKER LLC,ORANGEVALE,Sacramento,CA,95662-4911,5920 MAIN AVE,21,00646068,31-MAR-2027
STOP FOOD & LIQUOR,STOP FOOD & LIQUOR,1 STOP FOOD & LIQUOR INC,ORANGEVALE,Sacramento,CA,95662,6326 MAIN AVE,21,00674927,31-DEC-2026
STROBELLI'S PIZZA,STROBELLI'S PIZZA,STROBELLIS PIZZA LLC,ORANGEVALE,Sacramento,CA,95662-4969,9372 MADISON AVE,41,00569866,30-JUN-2026
TONNOS SPORTS BAR & GRILL,TONNOS SPORTS BAR & GRILL,TONARELLI  DONNA KRISTINE,ORANGEVALE,Sacramento,CA,95662-4865,9267 GREENBACK LN,47,00674977,31-MAR-2027
WEI WEI KITCHEN,WEI WEI KITCHEN,WEI WEI KITCHEN,ORANGEVALE,Sacramento,CA,95662-4058,8847 GREENBACK LN,41,00647298,30-APR-2027
7 ELEVEN STORE 2235 14098A,7 ELEVEN STORE 2235 14098A,7 ELEVEN INC,RANCHO CORDOVA,Sacramento,CA,95670,10246 MILLS STATION RD,20,00437601,30-JUN-2027
7-ELEVEN STORE 2365-35347,7-ELEVEN STORE 2365-35347,7 ELEVEN INC,RANCHO CORDOVA,Sacramento,CA,95670-6101,11079 FOLSOM BLVD,20,00516438,30-JUN-2027
99 CENT ONLY STORE 160,99 CENT ONLY STORE 160,99¢ ONLY STORES,RANCHO CORDOVA,Sacramento,CA,95670,2868 ZINFANDEL DR,20,00396376,
99¢ ONLY STORE #160,99¢ ONLY STORE #160,99 CENTS ONLY STORES LLC,RANCHO CORDOVA,Sacramento,CA,95670,2868 ZINFANDEL DR,20,00552783,30-JUN-2026
AIKO SUSHI,AIKO SUSHI,THIRTY FINGERS INC,RANCHO CORDOVA,Sacramento,CA,95670-4342,2252 SUNRISE BLVD,41,00550895,31-JAN-2027
BEIJING CAFE,BEIJING CAFE,BEIJING CAFE INC,RANCHO CORDOVA,Sacramento,CA,95670-6373,3187 ZINFANDEL DR,41,00664892,31-DEC-2026
BROOKFIELDS RESTAURANT,BROOKFIELDS RESTAURANT,L C 3 S INC,RANCHO CORDOVA,Sacramento,CA,95670-6132,11135 FOLSOM BLVD,41,00194808,31-AUG-2026
BURNING BARREL BREWING AND SPIRITS,BURNING BARREL BREWING AND SPIRITS,BURNING BARREL BREWING COMPANY LLC,RANCHO CORDOVA,Sacramento,CA,95670-6159,2933 GOLD PAN CT,06,00646115,31-MAY-2027
BURNING BARREL BREWING AND SPIRITS,BURNING BARREL BREWING AND SPIRITS,BURNING BARREL BREWING COMPANY LLC,RANCHO CORDOVA,Sacramento,CA,95670-6159,2933 GOLD PAN CT,74,00646115,31-MAY-2027
BURNING BARREL BREWING COMPANY,BURNING BARREL BREWING COMPANY,BURNING BARREL BREWING COMPANY LLC,RANCHO CORDOVA,Sacramento,CA,95670,2933 GOLD PAN CT,23,00637632,30-APR-2027
BURNING BARREL BREWING COMPANY,BURNING BARREL BREWING COMPANY,BURNING BARREL BREWING COMPANY LLC,RANCHO CORDOVA,Sacramento,CA,95670-6145,11210  SUN CENTER DR,23,00587205,30-APR-2027
CASA RAMOS MEXICAN RESTAURANT,CASA RAMOS MEXICAN RESTAURANT,RAMOS & LECONA VENTURES LLC,RANCHO CORDOVA,Sacramento,CA,95670-6031,10717 WHITE ROCK RD,47,00513910,30-SEP-2026
CASA RAMOS MEXICAN RESTAURANT,CASA RAMOS MEXICAN RESTAURANT,RAMOS & LECONA VENTURES LLC,RANCHO CORDOVA,Sacramento,CA,95670-6031,10717 WHITE ROCK RD,47,00513910,
CHA THAI,CHA THAI,YANG  KOU,RANCHO CORDOVA,Sacramento,CA,95670-6382,3225 ZINFANDEL DR,41,00628171,31-DEC-2026
CHILIS GRILL & BAR,CHILIS GRILL & BAR,BRINKER RESTAURANT CORPORATION,RANCHO CORDOVA,Sacramento,CA,95670,3199 ZINFANDEL DR,47,00446172,28-FEB-2027
CHIPOTLE MEXICAN GRILL,CHIPOTLE MEXICAN GRILL,CHIPOTLE MEXICAN GRILL INC,RANCHO CORDOVA,Sacramento,CA,95670,2878 ZINFANDEL DR,47,00418227,31-OCT-2026
CHIPOTLE MEXICAN GRILL STORE # 2472,CHIPOTLE MEXICAN GRILL STORE # 2472,CHIPOTLE MEXICAN GRILL INC,RANCHO CORDOVA,Sacramento,CA,95670,2350 SUNRISE BLVD,41,00556849,31-MAY-2027
CHIPOTLE MEXICAN GRILL STORE #4155,CHIPOTLE MEXICAN GRILL STORE #4155,CHIPOTLE MEXICAN GRILL INC,RANCHO CORDOVA,Sacramento,CA,95742,4001 SUNRISE BLVD,41,00658657,31-JUL-2026
COLOMA FOOD & LIQUOR,COLOMA FOOD & LIQUOR,RM DULLAT INC,RANCHO CORDOVA,Sacramento,CA,95670-2875,11082 COLOMA RD,21,00677075,30-APR-2027
CORDOVA FOOD & LIQUOR,CORDOVA FOOD & LIQUOR,KHINDA  MANJIT KAUR,RANCHO CORDOVA,Sacramento,CA,95670,10469 FOLSOM BLVD,21,00361798,31-JAN-2027
DAWES WINE & SPIRITS,DAWES WINE & SPIRITS,MINHAS  MANBINDER SINGH,RANCHO CORDOVA,Sacramento,CA,95670-3506,2724 DAWES ST,21,00479109,31-AUG-2026
EAT A PITA MEDITERRANEAN GRILL,EAT A PITA MEDITERRANEAN GRILL,MATTE  EDDIE,RANCHO CORDOVA,Sacramento,CA,95670-6397,3101 ZINFANDEL DR,41,00573650,31-OCT-2026
ECO LIQUOR & FOOD,ECO LIQUOR & FOOD,SINGH  SUKHJINDER,RANCHO CORDOVA,Sacramento,CA,95670-4708,10599 FOLSOM BLVD,21,00446725,31-OCT-2026
EL PUERTO RESTAURANT,EL PUERTO RESTAURANT,RODRIGUEZ  JUAN MANUEL,RANCHO CORDOVA,Sacramento,CA,95670,10851 FOLSOM BLVD,41,00594403,31-MAR-2027
EXPRESS SUSHI & TERIYAKI,EXPRESS SUSHI & TERIYAKI,EXPRESS SUSHI & TERIYAKI INC,RANCHO CORDOVA,Sacramento,CA,95670-1938,10113 FOLSOM BLVD,41,00655312,31-MAR-2027
FAMOUS BURGERS & BREW,FAMOUS BURGERS & BREW,INTEGRIS MANAGEMENT GROUP  INC.,RANCHO CORDOVA,Sacramento,CA,95670-6397,3101 ZINFANDEL DR,47,00672571,31-JAN-2027
FRANZESE WINE,FRANZESE WINE,FRANZESE WINE LLC,RANCHO CORDOVA,Sacramento,CA,95742-6569,11346 SUNCO DR,18,00660387,30-NOV-2026
FRANZESE WINE,FRANZESE WINE,FRANZESE WINE LLC,RANCHO CORDOVA,Sacramento,CA,95742-6569,11346 SUNCO DR,12,00660387,30-NOV-2026
FULL STOP MARKET,FULL STOP MARKET,SINGH  TAJINDER,RANCHO CORDOVA,Sacramento,CA,95670-1901,10069 FOLSOM BLVD,20,00558940,30-SEP-2026
GO 4 PIZZA,GO 4 PIZZA,GO 4 PIZZA INC,RANCHO CORDOVA,Sacramento,CA,95742,4036 SUNRISE BLVD,41,00651025,31-AUG-2026
H&S ENERGY PRODUSCTS  LLC STORE #3076,H&S ENERGY PRODUSCTS  LLC STORE #3076,H&S ENERGY PRODUCTS  LLC,RANCHO CORDOVA,Sacramento,CA,95827-1701,9680 BUSINESS PARK DR,20,00634878,30-APR-2027
HARRYS LIQUOR & FOOD,HARRYS LIQUOR & FOOD,NAV GAS & FOODS  INC,RANCHO CORDOVA,Sacramento,CA,95670-5003,10847 FOLSOM BLVD,21,00523444,31-JAN-2027
INDIAN SPICE RESTAURANT,INDIAN SPICE RESTAURANT,RAI  AMRIT,RANCHO CORDOVA,Sacramento,CA,95670-4376,2228 SUNRISE BLVD,41,00555870,30-APR-2026
JADE ASIAN RESTAURANT,JADE ASIAN RESTAURANT,MING PALACE LLC,RANCHO CORDOVA,Sacramento,CA,95670,2855 ZINFANDEL DR,41,00670768,31-AUG-2026
JBS LOUNGE AND GRILL,JBS LOUNGE AND GRILL,BROWN  JEROL LANDON JR,RANCHO CORDOVA,Sacramento,CA,95827,9777 LINCOLN VILLAGE DR,48,00539275,31-JAN-2027
JBS LOUNGE AND GRILL,JBS LOUNGE AND GRILL,BROWN  JEROL LANDON JR,RANCHO CORDOVA,Sacramento,CA,95827,9777 LINCOLN VILLAGE DR,58,00539275,31-JAN-2027
JIMBOYS TACOS 15,JIMBOYS TACOS 15,PEREZ  JOEL RAMIREZ,RANCHO CORDOVA,Sacramento,CA,95670,11065 FOLSOM BLVD,41,00371820,28-FEB-2027
JJ FOOD & LIQUOR,JJ FOOD & LIQUOR,KAUR  BHAJAN,RANCHO CORDOVA,Sacramento,CA,95670-4635,10401 FOLSOM BLVD,21,00551028,31-JAN-2027
KINGS LIQUOR AND MARKET,KINGS LIQUOR AND MARKET,ANMOL VIRK  INC,RANCHO CORDOVA,Sacramento,CA,95670-4001,10653 B & 10657 COLOMA RD,21,00558049,30-JUN-2027
KOREANA PLAZA MARKET SACRAMENTO,KOREANA PLAZA MARKET SACRAMENTO,KOREANA PLAZA MARKET SACRAMENTO INC,RANCHO CORDOVA,Sacramento,CA,95670-5658,10971 OLSON DR,21,00551958,31-MAY-2027
KOREANA PLAZA MARKET SACRAMENTO INC,,KOREANA PLAZA MARKET SACRAMENTO INC,RANCHO CORDOVA,Sacramento,CA,95670-5658,10995 OLSON DR,47,00549378,31-DEC-2026
KP BEATS LLC,,KP BEATS LLC,RANCHO CORDOVA,Sacramento,CA,95670-5655,10947 OLSON DR,47,00552224,31-JUL-2027
LOUIE'S COCKTAIL LOUNGE,LOUIE'S COCKTAIL LOUNGE,JAMES AND JAMES INVESTMENTS INC,RANCHO CORDOVA,Sacramento,CA,95670,3030 MATHER FIELD RD,48,00635331,31-MAR-2027
M & B CORDOVA LIQUORS,M & B CORDOVA LIQUORS,SANDHU  BALBIR KAUR,RANCHO CORDOVA,Sacramento,CA,95670,2787 DON JUAN DR,21,00429779,31-MAY-2026
MARTIROSYANS LIQUOR CORP,MARTIROSYANS LIQUOR CORP,MARTIROSYANS LIQUOR CORP,RANCHO CORDOVA,Sacramento,CA,95742,3339 FITZGERALD RD,18,00589974,31-JUL-2026
MARTIROSYANS LIQUOR CORP,MARTIROSYANS LIQUOR CORP,MARTIROSYANS LIQUOR CORP,RANCHO CORDOVA,Sacramento,CA,95742,3339 FITZGERALD RD,12,00589974,31-JUL-2026
MOD PIZZA,MOD PIZZA,EXCEED G3 LLC,RANCHO CORDOVA,Sacramento,CA,95670-5659,10909 OLSON DR,41,00665108,28-FEB-2027
MOUNTAIN MIKES PIZZA,MOUNTAIN MIKES PIZZA,SANDHU PIZZA INC,RANCHO CORDOVA,Sacramento,CA,95670-4611,10419 FOLSOM BLVD,41,00643357,31-MAR-2027
MR. TEQUILA SPORTS BAR AND GRILL,MR. TEQUILA SPORTS BAR AND GRILL,MR. BEERS LLC,RANCHO CORDOVA,Sacramento,CA,95742-6422,12401 FOLSOM BLVD,47,00646904,31-MAY-2027
MR. TEQUILA SPORTS BAR AND GRILL,MR. TEQUILA SPORTS BAR AND GRILL,MR. BEERS LLC,RANCHO CORDOVA,Sacramento,CA,95742-6422,12401 FOLSOM BLVD,77,00646904,31-MAY-2027
MR. TEQUILA SPORTS BAR AND GRILL,MR. TEQUILA SPORTS BAR AND GRILL,MR. BEERS LLC,RANCHO CORDOVA,Sacramento,CA,95742-6422,12401 FOLSOM BLVD,58,00646904,31-MAY-2027
NARUMI SUSHI,NARUMI SUSHI,NARUMI SUSHI INC,RANCHO CORDOVA,Sacramento,CA,95742-6305,12251 FOLSOM BLVD,47,00665492,28-FEB-2027
NEW SEOULZIP KOREAN RESTAURANT,NEW SEOULZIP KOREAN RESTAURANT,HS COMPANY INC,RANCHO CORDOVA,Sacramento,CA,95670-5603,2827-2829 ZINFANDEL DR,41,00639184,31-MAY-2027
OHGANE KOREAN BBQ,OHGANE KOREAN BBQ,OBJJ INC,RANCHO CORDOVA,Sacramento,CA,95670-5603,2839 ZINFANDEL DR,41,00669620,30-SEP-2026
P & A FOOD & LIQUOR,P & A FOOD & LIQUOR,SARTAN  DARSHAN SINGH,RANCHO CORDOVA,Sacramento,CA,95670-4670,10152 COLOMA RD,21,00512720,31-AUG-2026
PHO FRESH,PHO FRESH,PHO FRESH LLC,RANCHO CORDOVA,Sacramento,CA,95670-4001,10673 COLOMA RD,41,00607429,31-AUG-2026
PHO TASTY,PHO TASTY,PHO TASTY NO. 4 LLC,RANCHO CORDOVA,Sacramento,CA,95742-6214,2738 SUNRISE BLVD,41,00677335,30-APR-2027
PRIYA INDIAN CUISINE,PRIYA INDIAN CUISINE,KRISHNA INC,RANCHO CORDOVA,Sacramento,CA,95670-6397,3101 ZINFANDEL DR,41,00597450,30-SEP-2026
ROSIE'S COUNTRY KITCHEN,ROSIE'S COUNTRY KITCHEN,BALDEEP ENTERPRISES CORP,RANCHO CORDOVA,Sacramento,CA,95670-3516,10273 FOLSOM BLVD,41,00650451,31-JAN-2027
ROUND TABLE PIZZA #1317,ROUND TABLE PIZZA #1317,KPA VENTURES INC.,RANCHO CORDOVA,Sacramento,CA,95742,4011 SUNRISE BLVD,41,00666196,30-JUN-2026
SAKE SUSHI BUFFET,SAKE SUSHI BUFFET,SAKE SUSHI BUFFET LLC,RANCHO CORDOVA,Sacramento,CA,95670-5671,10831 OLSON DR,41,00668788,31-JUL-2026
SALA THAI,SALA THAI,SINPRASONG  KITTIKOM,RANCHO CORDOVA,Sacramento,CA,95670-6397,3101 ZINFANDEL DR,41,00478596,30-JUN-2026
SALVADOREAN RESTAURANT,SALVADOREAN RESTAURANT,CUELLARALVARADO  ROBERTO C,RANCHO CORDOVA,Sacramento,CA,95742-6502,3021 SUNRISE BLVD,41,00563428,31-DEC-2026
SF SUPERMARKET,SF SUPERMARKET,SF SUPERMARKET SUNRISE  INC,RANCHO CORDOVA,Sacramento,CA,95742-6214,2738 SUNRISE BLVD,21,00620152,30-SEP-2026
SOHO SUSHI BAR & GRILL,SOHO SUSHI BAR & GRILL,SOHO SUSHI INC,RANCHO CORDOVA,Sacramento,CA,95670-6396,3101 ZINFANDEL DR,41,00519824,31-MAY-2027
SONNY'S MARKET,SONNY'S MARKET,SONNY MARKET INC.,RANCHO CORDOVA,Sacramento,CA,95670-5858,3291 MATHER FIELD RD,21,00595093,31-JAN-2027
SORA SUSHI,SORA SUSHI,DDMOON  INC,RANCHO CORDOVA,Sacramento,CA,95670,3187 ZINFANDEL DR,41,00602083,28-FEB-2027
SPROUTS FARMERS MARKET,SPROUTS FARMERS MARKET,SF MARKETS LLC,RANCHO CORDOVA,Sacramento,CA,95670,10846 BEAR HOLLOW DR,20,00629683,31-AUG-2026
STEVE'S PIZZA,STEVE'S PIZZA,JASTEJ CORPORATION,RANCHO CORDOVA,Sacramento,CA,95670-6375,3191 ZINFANDEL DR,41,00654033,28-FEB-2027
STRAW HAT PIZZA,STRAW HAT PIZZA,SHP MOMA  LLC,RANCHO CORDOVA,Sacramento,CA,95670-5417,2929 MATHER FIELD RD,41,00570238,30-JUN-2027
VIVA SUPERMARKET,VIVA SUPERMARKET,NARI TRADING  INC.,RANCHO CORDOVA,Sacramento,CA,95670-3518,10385 FOLSOM BLVD,21,00570766,31-AUG-2026
WABUNE SUSHI JAPANESE RESTAURANT LLC,WABUNE SUSHI JAPANESE RESTAURANT LLC,WABUNE SUSHI JAPANESE RESTAURANT LLC,RANCHO CORDOVA,Sacramento,CA,95742-6922,4040 SUNRISE BLVD,41,00664413,31-MAR-2027
WAL MART STORE #2457,WAL MART STORE #2457,WALMART INC.,RANCHO CORDOVA,Sacramento,CA,95670-4828,10655 FOLSOM BLVD,21,00504116,30-JUN-2027
EL GALLO RESTAURANT,EL GALLO RESTAURANT,LOPEZDAVALOS  MARIANO,RANCHO MURIETA,Sacramento,CA,95683-9715,7277 LONE PINE DR,47,00441038,30-SEP-2026
EL GALLO RESTAURANT,EL GALLO RESTAURANT,LOPEZDAVALOS  MARIANO,RANCHO MURIETA,Sacramento,CA,95683-9715,7277 LONE PINE DR,58,00441038,30-SEP-2026
GO 4 PIZZA,GO 4 PIZZA,GO 4 PIZZA INC,RANCHO MURIETA,Sacramento,CA,95683,7195 MURIETA DR,41,00651061,30-SEP-2026
GRANLEES BAR & GRILL  THE GATE,GRANLEES BAR & GRILL  THE GATE,GRANLEES STATION  LLC,RANCHO MURIETA,Sacramento,CA,95683,7337 MURIETA DR,47,00537291,30-NOV-2026
GRANLEES BAR & GRILL  THE GATE,GRANLEES BAR & GRILL  THE GATE,GRANLEES STATION  LLC,RANCHO MURIETA,Sacramento,CA,95683,7337 MURIETA DR,77,00537291,30-NOV-2026
GRANLEES BAR & GRILL  THE GATE,GRANLEES BAR & GRILL  THE GATE,GRANLEES STATION  LLC,RANCHO MURIETA,Sacramento,CA,95683,7337 MURIETA DR,58,00537291,30-NOV-2026
GRANLEES BAR & GRILL  THE GATE,GRANLEES BAR & GRILL  THE GATE,GRANLEES STATION  LLC,RANCHO MURIETA,Sacramento,CA,95683,7337 MURIETA DR,47,00537291,30-NOV-2026
GRANLEES BAR & GRILL  THE GATE,GRANLEES BAR & GRILL  THE GATE,GRANLEES STATION  LLC,RANCHO MURIETA,Sacramento,CA,95683,7337 MURIETA DR,68,00537291,30-NOV-2026
MURIETA CAFE,MURIETA CAFE,GRANLEES STATION  LLC,RANCHO MURIETA,Sacramento,CA,95683-9715,7200 LONE PINE DR,47,00642620,31-OCT-2026
PLAZA FOODS SUPERMARKET,PLAZA FOODS SUPERMARKET,MURIETA PLAZA FOODS INC,RANCHO MURIETA,Sacramento,CA,95683,7248 MURIETA DR B1,21,00323998,
PLAZA FOODS SUPERMARKET,PLAZA FOODS SUPERMARKET,MURIETA PLAZA FOODS INC,RANCHO MURIETA,Sacramento,CA,95683,7248 MURIETA DR B1,86,00323998,
RANCHO MURIETA COUNTRY CLUB,RANCHO MURIETA COUNTRY CLUB,RANCHO MURIETA COUNTRY CLUB,RANCHO MURIETA,Sacramento,CA,95683-9148,7000 ALAMEDA DR,47,00051270,31-OCT-2026
RANCHO MURIETA COUNTRY CLUB,RANCHO MURIETA COUNTRY CLUB,RANCHO MURIETA COUNTRY CLUB,RANCHO MURIETA,Sacramento,CA,95683-9148,7000 ALAMEDA DR,58,00051270,31-OCT-2026
RANCHO MURIETA COUNTRY STORE,RANCHO MURIETA COUNTRY STORE,UPPAL  BHUPINDER SINGH,RANCHO MURIETA,Sacramento,CA,95683,7175 MURIETA DR,21,00338560,30-SEP-2026
ARCHWAY MARKET,ARCHWAY MARKET,RIO LINDA MARKET INC,RIO LINDA,Sacramento,CA,95673,416 M ST,21,00625140,30-JUN-2027
BILLS MARKET,BILLS MARKET,KAUR  TEJWANT,RIO LINDA,Sacramento,CA,95673-4616,2349 I ST,21,00673217,30-APR-2027
GINZA SUSHI & GRILLE,GINZA SUSHI & GRILLE,MK GINZA LLC,RIO LINDA,Sacramento,CA,95673,440 ELKHORN BLVD,41,00666418,28-FEB-2027
NU WAY MARKET,NU WAY MARKET,NU WAY MARKET INC,RIO LINDA,Sacramento,CA,95673,6800 FRONT ST,20,00426366,31-MAY-2027
RIO FOOD & LIQUOR,RIO FOOD & LIQUOR,RIO FOOD & LIQUOR LLC,RIO LINDA,Sacramento,CA,95673,6401 RIO LINDA BLVD,21,00360207,
RIO FOOD & LIQUOR,RIO FOOD & LIQUOR,BHANGU PETROLEUM INC,RIO LINDA,Sacramento,CA,95673,6401 RIO LINDA BLVD,21,00673971,31-DEC-2026
RIO LINDA LIQUOR,RIO LINDA LIQUOR,RIO LIQUOR & WINE INC,RIO LINDA,Sacramento,CA,95673-2239,428 M ST,21,00647451,31-OCT-2026
RIO PUB,RIO PUB,JACKSON CHARLES  LLC,RIO LINDA,Sacramento,CA,95673-2334,6750 FRONT ST,47,00650686,30-SEP-2026
RIO PUB,RIO PUB,JACKSON CHARLES  LLC,RIO LINDA,Sacramento,CA,95673-2334,6750 FRONT ST,58,00650686,30-SEP-2026
STOP AND SHOP MARKET,STOP AND SHOP MARKET,BAGGA GRANDSONS INC,RIO LINDA,Sacramento,CA,95673-4408,6007 DRY CREEK RD,21,00622921,31-MAY-2027
21ST AMENDMENT LIQUORS,21ST AMENDMENT LIQUORS,DOAL ENTERPRISE INC,SACRAMENTO,Sacramento,CA,95825-5110,1555 FULTON AVE,21,00568907,30-JUN-2026
5 TACOS AND BEERS,5 TACOS AND BEERS,RODRIGUEZ  LOURDES,SACRAMENTO,Sacramento,CA,95814-6006,1627 16TH ST,47,00651924,31-OCT-2026
500F PIZZA X TAPHOUSE,500F PIZZA X TAPHOUSE,SAINI  SANDEEP,SACRAMENTO,Sacramento,CA,95864-3102,4341 ARDEN WAY,47,00611324,31-MAR-2027
524 RESTAURANT INC,524 RESTAURANT INC,FONSECA  LUISA GUADALUPE,SACRAMENTO,Sacramento,CA,95834-1667,3830 NORTHGATE BLVD,47,00641528,31-JUL-2026
5TH STREET MARKET,5TH STREET MARKET,SAHOTA  CHAMKAUR SINGH,SACRAMENTO,Sacramento,CA,95818-2829,2644 5TH ST,21,00642616,28-FEB-2027
7 ELEVEN STORE #2365-35491A,7 ELEVEN STORE #2365-35491A,7 ELEVEN INC,SACRAMENTO,Sacramento,CA,95821-5504,2160 EL CAMINO AVE,20,00537971,30-JUN-2027
7 ELEVEN STORE #2365-36868A,7 ELEVEN STORE #2365-36868A,7 ELEVEN INC,SACRAMENTO,Sacramento,CA,95819-4614,6500 FOLSOM BLVD,20,00547978,30-JUN-2027
7 ELEVEN STORE 2235 14119F,7 ELEVEN STORE 2235 14119F,7 ELEVEN INC,SACRAMENTO,Sacramento,CA,95823,6591 WYNDHAM DR,20,00434866,30-JUN-2027
7 ELEVEN STORE 2235 16350D,7 ELEVEN STORE 2235 16350D,7 ELEVEN INC,SACRAMENTO,Sacramento,CA,95826,7700 LA RIVIERA DR,20,00426404,30-JUN-2027
7 ELEVEN STORE 2235 23040E,7 ELEVEN STORE 2235 23040E,7 ELEVEN INC,SACRAMENTO,Sacramento,CA,95825,2544 ARDEN WY,20,00528024,30-JUN-2027
7 ELEVEN STORE 2235 23226 B,7 ELEVEN STORE 2235 23226 B,7 ELEVEN INC,SACRAMENTO,Sacramento,CA,95827,3405 BRADSHAW RD,20,00401802,30-JUN-2027
7 ELEVEN STORE 2235 23265D,7 ELEVEN STORE 2235 23265D,7 ELEVEN INC,SACRAMENTO,Sacramento,CA,95833,2450 NORTHGATE BLVD,20,00438936,30-JUN-2027
7 ELEVEN STORE 2365-14107G,7 ELEVEN STORE 2365-14107G,7 ELEVEN INC,SACRAMENTO,Sacramento,CA,95822-3319,1199 43RD AVE,20,00521225,30-JUN-2027
7 ELEVEN STORE 2365-24147D,7 ELEVEN STORE 2365-24147D,7 ELEVEN INC,SACRAMENTO,Sacramento,CA,95841-2649,5080 AUBURN BLVD,20,00528046,30-JUN-2027
7 ELEVEN STORE 37217A,7 ELEVEN STORE 37217A,7 ELEVEN INC,SACRAMENTO,Sacramento,CA,95825-3201,1301 HOWE AVE,20,00583461,30-JUN-2027
7-ELEVEN STORE #2365-23233D,7-ELEVEN STORE #2365-23233D,7 ELEVEN INC,SACRAMENTO,Sacramento,CA,95828-3711,8499 GERBER RD,20,00552486,30-JUN-2027
8-TRACK CLUB,8-TRACK CLUB,8-TRACK CLUB LLC,SACRAMENTO,Sacramento,CA,95811,2030 P ST,48,00637603,31-DEC-2026
99 CENTS ONLY STORE,99 CENTS ONLY STORE,99¢ ONLY STORES,SACRAMENTO,Sacramento,CA,95842-4676,4319 ELKHORN BLVD,20,00396648,
99 CENTS ONLY STORE #352,99 CENTS ONLY STORE #352,99 CENTS ONLY STORES LLC,SACRAMENTO,Sacramento,CA,95823-2512,4440 FLORIN RD,20,00576360,30-JUN-2026
99 RANCH MARKET,99 RANCH MARKET,WELCOME MARKET INC,SACRAMENTO,Sacramento,CA,95823-2508,4220 FLORIN RD,21,00502122,
99 RANCH MARKET,99 RANCH MARKET,WELCOME MARKET INC,SACRAMENTO,Sacramento,CA,95823-2508,4220 FLORIN RD,21,00502122,30-SEP-2026
A & A SUPERMARKET,A & A SUPERMARKET,LUUS BROTHER CORPORATION,SACRAMENTO,Sacramento,CA,95823-1606,6545 STOCKTON BLVD,20,00330225,30-APR-2027
A&P LIQUOR,A&P LIQUOR,DCL FAMILY CORP,SACRAMENTO,Sacramento,CA,95811-4207,1101 21ST ST,21,00678304,31-MAY-2027
A1 MARKET,A1 MARKET,KAUR  RAJVIR,SACRAMENTO,Sacramento,CA,95828-2804,6636 SUNNYSLOPE DR,21,00560471,31-JAN-2027
A1 MARKETPLACE,A1 MARKETPLACE,5ABI 2 INC,SACRAMENTO,Sacramento,CA,95823-2703,7261 STOCKTON BLVD,21,00667533,31-OCT-2026
AA TASTY RESTAURANT,AA TASTY RESTAURANT,BAI JIA LOU 88  LLC.,SACRAMENTO,Sacramento,CA,95828-2808,6601 FLORIN RD,47,00530947,30-APR-2027
AB INDIAN CUISINE,AB INDIAN CUISINE,A.B INDIAN SALES & CATERING LLC,SACRAMENTO,Sacramento,CA,95828,7400 ELSIE AVE,47,00631265,30-JUN-2026
ACE LIQUOR,ACE LIQUOR,CHAND  RADHIKA NALINI,SACRAMENTO,Sacramento,CA,95833,2222 NORTHGATE BLVD,21,00656324,30-APR-2027
ACHESON WINE COMPANY,ACHESON WINE COMPANY,ACHESON WINE COMPANY  LLC,SACRAMENTO,Sacramento,CA,95811,1629 19TH ST,02,00627226,30-JUN-2027
ACHESON WINE COMPANY@ MIDTOWN FARMERS MARKET CFM,ACHESON WINE COMPANY@ MIDTOWN FARMERS MARKET CFM,ACHESON WINE COMPANY  LLC,SACRAMENTO,Sacramento,CA,95811,20TH ST BETWEEN J&K ST,79,00635925,30-JUN-2027
AERY'S MARKET,AERY'S MARKET,AERY VENTURES INC,SACRAMENTO,Sacramento,CA,95841-3802,4710 AUBURN BLVD,21,00616426,31-AUG-2026
AGAVE RESTAURANT,AGAVE RESTAURANT,GONZALEZROMERO  CLEMENTINA,SACRAMENTO,Sacramento,CA,95826-3836,3311 POWER INN RD,41,00589475,31-JAN-2027
AJI SUSHI,AJI SUSHI,AJI SUSHI LLC,SACRAMENTO,Sacramento,CA,95842-2506,5239 ELKHORN BLVD,41,00558954,31-AUG-2026
ALAMAR RESTAURANT & MARINA,ALAMAR RESTAURANT & MARINA,TURNER  HUGH S,SACRAMENTO,Sacramento,CA,95837,5999 GARDEN HWY,47,00143404,30-APR-2027
ALHAMBRA RESTAURANT PARTNERS  LLC,,ALHAMBRA RESTAURANT PARTNERS  LLC,SACRAMENTO,Sacramento,CA,95816,1525 ALHAMBRA BLVD,47,00537233,31-JUL-2027
ALIBI BAR  THE,ALIBI BAR  THE,KZS GROUP  LLC,SACRAMENTO,Sacramento,CA,95825,615  617 & 619 MUNROE ST,48,00608696,30-SEP-2026
ALMA WINE BAR & SHOP,ALMA WINE BAR & SHOP,CATA LLC,SACRAMENTO,Sacramento,CA,95811,1200 S ST,42,00656195,31-OCT-2026
AMERICAN WAY MARKET,AMERICAN WAY MARKET,GOW  GORDON,SACRAMENTO,Sacramento,CA,95833,401 W EL CAMINO AVE,20,00067758,31-AUG-2026
ANTIQUITE MIDTOWN WINERY,ANTIQUITE MIDTOWN WINERY,THE CHATTERTON GROUP LLC,SACRAMENTO,Sacramento,CA,95816-6111,2116 P ST,02,00509910,30-JUN-2026
APPLEBEES NEIGHBORHOOD GRILL & BAR,APPLEBEES NEIGHBORHOOD GRILL & BAR,APPLE NORCAL LLC,SACRAMENTO,Sacramento,CA,95834-3604,3601 TRUXEL RD,47,00483584,30-NOV-2026
APPLEBEES NEIGHBORHOOD GRILL & BAR,APPLEBEES NEIGHBORHOOD GRILL & BAR,APPLE NORCAL LLC,SACRAMENTO,Sacramento,CA,95825-2202,2024 ARDEN WAY,47,00483550,30-NOV-2026
ARIA GAS AND MARKET 2,ARIA GAS AND MARKET 2,ARIA GAS AND MARKET 2,SACRAMENTO,Sacramento,CA,95821,3500 WATT AVE,20,00664605,30-NOV-2026
ARIGATO SUSHI,ARIGATO SUSHI,CO & MK INC,SACRAMENTO,Sacramento,CA,95825-3398,1608 HOWE AVE,41,00507642,
ARIGATO SUSHI,ARIGATO SUSHI,CO & MK INC,SACRAMENTO,Sacramento,CA,95825-3398,1608 HOWE AVE,41,00507642,30-NOV-2026
ARTEAGAS MARKET,ARTEAGAS MARKET,ARTEAGA  JOSE CARMEN,SACRAMENTO,Sacramento,CA,95833,2690 NORTHGATE BLVD,41,00605586,31-JUL-2026
ARTS LIQUOR,ARTS LIQUOR,SANGHA BHANDAL INC.,SACRAMENTO,Sacramento,CA,95841-4816,5800 MADISON AVE,21,00628744,30-SEP-2026
ASIAN FOOD CENTER,ASIAN FOOD CENTER,HING LUNG MARKET INC,SACRAMENTO,Sacramento,CA,95818,1301 BROADWAY,20,00332994,31-JAN-2027
ASIAN N' CAJUN,ASIAN N' CAJUN,DANG  VINCENT NGUYEN,SACRAMENTO,Sacramento,CA,95834-3763,4271 TRUXEL RD,41,00670127,31-OCT-2026
ASIAN PEARL RESTAURANT,ASIAN PEARL RESTAURANT,NEW ASIAN PEARL LLC,SACRAMENTO,Sacramento,CA,95823-2326,6821 STOCKTON BLVD,41,00628162,31-OCT-2026
AVIATORS RESTAURANT,AVIATORS RESTAURANT,CHIK  CHEUNG SANG,SACRAMENTO,Sacramento,CA,95822,6151 FREEPORT BLVD,41,00365396,31-MAY-2027
AZAYAKA JAPANESE FUSION,AZAYAKA JAPANESE FUSION,SANWA GROUP  INC.,SACRAMENTO,Sacramento,CA,95826-1872,8760 LA RIVIERA DR,41,00639341,30-SEP-2026
AZUKAR SUSHI,AZUKAR SUSHI,SHEN  GUO  YING,SACRAMENTO,Sacramento,CA,95833-1921,1516 W EL CAMINO AVE,41,00597644,28-FEB-2027
AZUL MEXICAN FOOD & TEQUILA BAR,AZUL MEXICAN FOOD & TEQUILA BAR,ULLOA BROTHERS INC,SACRAMENTO,Sacramento,CA,95814-3153,1050 20TH ST,47,00458113,31-DEC-2026
AZUL MEXICAN FOOD & TEQUILA BAR,AZUL MEXICAN FOOD & TEQUILA BAR,ULLOA BROTHERS INC,SACRAMENTO,Sacramento,CA,95814-3153,1050 20TH ST,77,00458113,31-DEC-2026
AZUL MEXICAN FOOD & TEQUILA BAR,AZUL MEXICAN FOOD & TEQUILA BAR,ULLOA BROTHERS INC,SACRAMENTO,Sacramento,CA,95814-3153,1050 20TH ST,58,00458113,31-DEC-2026
B & E MARKET,B & E MARKET,BASSI  JARNAIL SINGH,SACRAMENTO,Sacramento,CA,95829,7596 BRADSHAW RD,21,00398169,30-APR-2027
B & W LIQUOR,B & W LIQUOR,MALIK  QAISARA,SACRAMENTO,Sacramento,CA,95815,1810 DEL PASO BLVD,21,00372383,31-OCT-2026
B BROTHERS MINI MART,B BROTHERS MINI MART,KAUR  AJINDER,SACRAMENTO,Sacramento,CA,95841-4603,4847 AMBER LN,21,00621077,31-JAN-2027
B.O.S.S. 5 STAR LOUNGE,B.O.S.S. 5 STAR LOUNGE,B.O.S.S. 5 STAR LOUNGE  LLC,SACRAMENTO,Sacramento,CA,95814-3239,1017 FRONT ST LOWR LEVEL,47,00651889,30-APR-2027
BAMBINAS PIZZA AND PASTA,BAMBINAS PIZZA AND PASTA,PIZZA EMPORIO  LLC,SACRAMENTO,Sacramento,CA,95811-6680,1610 R ST,47,00673237,31-JAN-2027
BAMBINAS PIZZA AND PASTA,BAMBINAS PIZZA AND PASTA,PIZZA EMPORIO  LLC,SACRAMENTO,Sacramento,CA,95811-6680,1610 R ST,58,00673237,31-JAN-2027
BANGKOK @ 12 THAI RESTAURANT,BANGKOK @ 12 THAI RESTAURANT,INTARAKUL  PARNTHIP,SACRAMENTO,Sacramento,CA,95814-2903,900 12TH ST,41,00488536,31-JUL-2026
BANGKOK GARDEN THAI CUISINE,BANGKOK GARDEN THAI CUISINE,DSW CORPORATION,SACRAMENTO,Sacramento,CA,95834-2321,2069 ARENA BLVD,41,00550416,30-NOV-2026
BANZAI SUSHI,BANZAI SUSHI,KAIZEN GROUP 1 INC.,SACRAMENTO,Sacramento,CA,95831-1103,6409 RIVERSIDE BLVD,47,00663053,28-FEB-2027
BAR WEST,BAR WEST,SHULZAN LLC,SACRAMENTO,Sacramento,CA,95816-4314,2724 J ST,47,00510718,31-JUL-2027
BAR WEST,BAR WEST,SHULZAN LLC,SACRAMENTO,Sacramento,CA,95816-4314,2724 J ST,77,00510718,31-JUL-2027
BAR WEST,BAR WEST,SHULZAN LLC,SACRAMENTO,Sacramento,CA,95816-4314,2724 J ST,58,00510718,31-JUL-2027
BARTLEY CAVANAUGH GOLF COMPLEX,BARTLEY CAVANAUGH GOLF COMPLEX,MORTON GOLF LLC,SACRAMENTO,Sacramento,CA,95832,8301 FREEPORT BLVD,47,00411391,30-APR-2027
BBQ & BURGERS SMOKEHOUSE,BBQ & BURGERS SMOKEHOUSE,ANTOJITOS INC,SACRAMENTO,Sacramento,CA,95822-1307,2114 SUTTERVILLE RD,47,00631414,30-APR-2027
BEACH HUT DELI,BEACH HUT DELI,BEACH HUT MIDTOWN LLC,SACRAMENTO,Sacramento,CA,95816-4806,2406 J ST,41,00485339,
BEACH HUT DELI,BEACH HUT DELI,BEACH HUT NATOMAS LLC,SACRAMENTO,Sacramento,CA,95834-2912,3620 N FREEWAY BLVD,41,00550616,
BEACH HUT DELI,BEACH HUT DELI,BEACH HUT MIDTOWN LLC,SACRAMENTO,Sacramento,CA,95816-4806,2406 J ST,41,00485339,28-FEB-2027
BEACH HUT DELI,BEACH HUT DELI,LUCKY ONE-THREE LLC,SACRAMENTO,Sacramento,CA,95826,9425 JACKSON RD,41,00670243,31-AUG-2026
BEACH HUT DELI,BEACH HUT DELI,BHDN LLC,SACRAMENTO,Sacramento,CA,95834-2912,3620 N FREEWAY BLVD,41,00677093,31-MAR-2027
BEACH HUT DELI,BEACH HUT DELI,BHD DINGER LLC,SACRAMENTO,Sacramento,CA,95825-7690,2535 FAIR OAKS BLVD,41,00660310,31-AUG-2026
BEACH HUT DELI,BEACH HUT DELI,BE YOUNG SERVICES INC (401 K PLAN F/B/O BRADLEY WA,SACRAMENTO,Sacramento,CA,95814-3402,711 K ST,41,00654071,31-DEC-2026
BELLA BRU CAFE,BELLA BRU CAFE,BELLA BRU NATOMAS LLC,SACRAMENTO,Sacramento,CA,95835,4680 NATOMAS BLVD,47,00401385,31-OCT-2026
BELLA BRU CAFE,BELLA BRU CAFE,BELLA BRU NATOMAS LLC,SACRAMENTO,Sacramento,CA,95835,4680 NATOMAS BLVD,58,00401385,31-OCT-2026
BENTO BOX SUSHI RESTAURANT,BENTO BOX SUSHI RESTAURANT,LEE  EUN JA,SACRAMENTO,Sacramento,CA,95814-4010,1101 16TH ST,47,00526369,31-JAN-2027
BENTO BOX SUSHI RESTAURANT,BENTO BOX SUSHI RESTAURANT,LEE  EUN JA,SACRAMENTO,Sacramento,CA,95814-4010,1101 16TH ST,58,00526369,31-JAN-2027
BEST KARAOKE KITCHEN & BAR,BEST KARAOKE KITCHEN & BAR,BEST KARAOKE KITCHEN & BAR,SACRAMENTO,Sacramento,CA,95823-2516,7121 GOVERNORS CIR,47,00671784,28-FEB-2027
BETTER TRADE MARKET,BETTER TRADE MARKET,KHINDA  BALJEET SINGH,SACRAMENTO,Sacramento,CA,95817-3708,4000 12TH AVE,20,00636668,31-MAY-2027
BETTY WINE BAR,BETTY WINE BAR,BETTY WINE BAR LP,SACRAMENTO,Sacramento,CA,95811-6503,1103 T ST,41,00664845,31-JAN-2027
BEVERAGE HOUSE LIQUOR #36,BEVERAGE HOUSE LIQUOR #36,SACRAMENTO BHL  INC.,SACRAMENTO,Sacramento,CA,95828,8876 VINTAGE PARK DR #119,20,00677559,30-APR-2027
BILLS LIQUORS & DELI,BILLS LIQUORS & DELI,A & R TRADE INCORPORATED,SACRAMENTO,Sacramento,CA,95815-1422,2905 DEL PASO BLVD,21,00522701,31-AUG-2026
BINGS MARKET,BINGS MARKET,COYLE  VIRGINIA,SACRAMENTO,Sacramento,CA,95838,4775 RIO LINDA BLVD,21,00109171,31-JAN-2027
BJ'S RESTAURANT & BREWHOUSE,BJ'S RESTAURANT & BREWHOUSE,BJS RESTAURANTS INC,SACRAMENTO,Sacramento,CA,95834,3531 N FREEWAY BLVD,47,00432437,31-MAY-2027
BJS RESTAURANT & BREWHOUSE,BJS RESTAURANT & BREWHOUSE,BJS RESTAURANTS INC,SACRAMENTO,Sacramento,CA,95815-4032,1689 ARDEN WAY,47,00504478,31-JAN-2027
BLANCA'S MEAT MARKET,BLANCA'S MEAT MARKET,BARAJAS GARCIA  LUIS ALBERTO,SACRAMENTO,Sacramento,CA,95838-1801,4827 RIO LINDA BLVD,41,00665502,31-MAY-2027
BLOCK CRAFT BEER + KITCHEN,BLOCK CRAFT BEER + KITCHEN,THE FOLSOM RESTAURANT GROUP LLC,SACRAMENTO,Sacramento,CA,95831-5276,7485 RUSH RIVER DR,41,00670764,
BLOCK CRAFT BEER + KITCHEN,BLOCK CRAFT BEER + KITCHEN,THE FOLSOM RESTAURANT GROUP LLC,SACRAMENTO,Sacramento,CA,95831-5276,7485 RUSH RIVER DR,41,00670764,28-FEB-2027
BLUE AGAVE TAQUERIA & BAR,BLUE AGAVE TAQUERIA & BAR,BLUE AGAVE TAQUERIA & BAR INC.,SACRAMENTO,Sacramento,CA,95823-7699,8785 CENTER PKWY,47,00618693,30-SEP-2026
BLUE HOUSE RESTAURANT,BLUE HOUSE RESTAURANT,BLUE HOUSE RESTAURANT  INC.,SACRAMENTO,Sacramento,CA,95825-3907,1030 HOWE AVE,47,00621214,31-MAR-2027
BLUE MOON CAFE,BLUE MOON CAFE,BLUE MOON CAFE & KARAOKE 668 INC,SACRAMENTO,Sacramento,CA,95822-2744,5000 FREEPORT BLVD,41,00605990,31-MAY-2027
BOLLYWOOD PIZZA,BOLLYWOOD PIZZA,BOLLYWOOD PIZZA,SACRAMENTO,Sacramento,CA,95819-4655,6601 FOLSOM BLVD,41,00664300,31-DEC-2026
BOLT BAR,BOLT BAR,THE BOLT LLC,SACRAMENTO,Sacramento,CA,95815,2560 BOXWOOD ST,48,00579389,31-MAR-2027
BOLT BAR,BOLT BAR,THE BOLT LLC,SACRAMENTO,Sacramento,CA,95815,2560 BOXWOOD ST,77,00579389,31-MAR-2027
BOLT BAR,BOLT BAR,THE BOLT LLC,SACRAMENTO,Sacramento,CA,95815,2560 BOXWOOD ST,68,00579389,31-MAR-2027
BOLT BAR,BOLT BAR,THE BOLT LLC,SACRAMENTO,Sacramento,CA,95815,2560 BOXWOOD ST,58,00579389,31-MAR-2027
BOMBAY BAR AND GRILL,BOMBAY BAR AND GRILL,BOMBAY GRILL INC,SACRAMENTO,Sacramento,CA,95811,1313-1315 21ST ST,47,00483421,30-NOV-2026
BOMBAY BAR AND GRILL,BOMBAY BAR AND GRILL,BOMBAY GRILL INC,SACRAMENTO,Sacramento,CA,95811,1313-1315 21ST ST,58,00483421,30-NOV-2026
BON MUA RESTAURANT,BON MUA RESTAURANT,BON MUA  LLC,SACRAMENTO,Sacramento,CA,95823,6835 STOCKTON BLVD,41,00656308,28-FEB-2027
BONFARE MARKET # 33,BONFARE MARKET # 33,BONFARE MARKETS INC,SACRAMENTO,Sacramento,CA,95814-3103,809 20TH ST,21,00489048,
BONFARE MARKET # 34,BONFARE MARKET # 34,BONFARE MARKETS INC,SACRAMENTO,Sacramento,CA,95817-1927,3100 BROADWAY,21,00517525,
BONFARE MARKET # 34,BONFARE MARKET # 34,BONFARE MARKETS INC,SACRAMENTO,Sacramento,CA,95817-1927,3100 BROADWAY,21,00517525,31-JAN-2027
BONFARE MARKET # 40,BONFARE MARKET # 40,BONFARE MARKETS INC,SACRAMENTO,Sacramento,CA,95825-6418,861 FULTON AVE,21,00515677,
BONFARE MARKET #33,BONFARE MARKET #33,BONFARE MARKETS INC,SACRAMENTO,Sacramento,CA,95814-3103,809 20TH ST,21,00575665,31-OCT-2026
BONFARE MARKET 38,BONFARE MARKET 38,BONFARE MARKETS INC,SACRAMENTO,Sacramento,CA,95815-2221,2600 RIO LINDA BLVD,21,00563129,31-JAN-2027
BOTTLE & BARLOW,BOTTLE & BARLOW,BOTTLES & BARLOW  LLC,SACRAMENTO,Sacramento,CA,95811,1120 R ST,77,00550901,
BOTTLE & BARLOW,BOTTLE & BARLOW,BOTTLES & BARLOW  LLC,SACRAMENTO,Sacramento,CA,95811,1120 R ST,58,00550901,
BOTTLE & BARLOW,BOTTLE & BARLOW,BOTTLES & BARLOW  LLC,SACRAMENTO,Sacramento,CA,95811,1120 R ST,48,00550901,
BOTTLE & BARLOW,BOTTLE & BARLOW,BOTTLES & BARLOW  LLC,SACRAMENTO,Sacramento,CA,95811,1120 R ST,48,00550901,
BOTTLE & BARLOW,BOTTLE & BARLOW,BOTTLES & BARLOW  LLC,SACRAMENTO,Sacramento,CA,95811,1120 R ST,48,00550901,31-MAY-2026
BOTTLE & BARLOW,BOTTLE & BARLOW,BOTTLES & BARLOW  LLC,SACRAMENTO,Sacramento,CA,95811,1120 R ST,77,00550901,31-MAY-2026
BOTTLE & BARLOW,BOTTLE & BARLOW,BOTTLES & BARLOW  LLC,SACRAMENTO,Sacramento,CA,95811,1120 R ST,58,00550901,31-MAY-2026
BOWLING DRIVE FOOD & DELI,BOWLING DRIVE FOOD & DELI,BUDWAL  CHARAN,SACRAMENTO,Sacramento,CA,95823-2038,7076 BOWLING DR,20,00487052,28-FEB-2027
BOX BAR,BOX BAR,SHOP BOX BAR LLC,SACRAMENTO,Sacramento,CA,95827-1724,9912 BUSINESS PARK DR,85,00655048,30-NOV-2026
BRADSHAW RANCH GOLF COURSE INC,BRADSHAW RANCH GOLF COURSE INC,BRADSHAW RANCH GOLF COURSE INC,SACRAMENTO,Sacramento,CA,95829,7350 BRADSHAW RD,40,00404184,31-AUG-2026
BRASSERIE DU MONDE  CAFE A COTE,BRASSERIE DU MONDE  CAFE A COTE,REDA BELLARBI AND ASSOCIATES  INC.,SACRAMENTO,Sacramento,CA,95814-3918,1201 K ST,47,00543312,30-NOV-2026
BRIANNAS MEXICAN RESTAURANT,BRIANNAS MEXICAN RESTAURANT,CHAVEZ  JUAN PABLO,SACRAMENTO,Sacramento,CA,95827,9783 LINCOLN VILLAGE DR,41,00414295,31-AUG-2026
BROOKFIELDS RESTAURANT,BROOKFIELDS RESTAURANT,L C 3 S INC,SACRAMENTO,Sacramento,CA,95842-3529,4343 MADISON AVE,41,00152013,31-MAR-2027
BROOKSIDE RESTAURANT & BAR,BROOKSIDE RESTAURANT & BAR,RAMIREZ FAMILY INVESTMENTS LLC,SACRAMENTO,Sacramento,CA,95827-1947,9819 HORN RD,47,00550372,30-NOV-2026
BROOKSIDE RESTAURANT & BAR,BROOKSIDE RESTAURANT & BAR,RAMIREZ FAMILY INVESTMENTS LLC,SACRAMENTO,Sacramento,CA,95827-1947,9819 HORN RD,58,00550372,30-NOV-2026
BROS LIQUOR #2,BROS LIQUOR #2,8 GURNOOR INVESTMENTS  INC.,SACRAMENTO,Sacramento,CA,95821-2067,3510 AUBURN BLVD,21,00644174,31-JUL-2026
BROS LIQUOR & MARKET,BROS LIQUOR & MARKET,BROS LIQUOR & MARKET,SACRAMENTO,Sacramento,CA,95815,1838 AUBURN BLVD,21,00677425,31-MAY-2027
BROWNIES LOUNGE,BROWNIES LOUNGE,BROWNIES INC.,SACRAMENTO,Sacramento,CA,95822-3311,5858 S LAND PARK DR,48,00591956,30-JUN-2026
BUCKHORN BBQ & GRILL,BUCKHORN BBQ & GRILL,FREEPORT EATS LLC,SACRAMENTO,Sacramento,CA,95822,4720 FREEPORT BLVD,47,00635479,30-JUN-2026
BUCKHORN BBQ + GRILL,BUCKHORN BBQ + GRILL,BUCKHORN CATERING I  LLC,SACRAMENTO,Sacramento,CA,95814-2909,801 14TH ST,47,00652664,31-AUG-2026
BUCKHORN GRILL,BUCKHORN GRILL,BUCKHORN ENTERPRISES LLC,SACRAMENTO,Sacramento,CA,95825-5507,400 HOWE AVE,47,00615002,30-JUN-2026
BUDDY'S SUPERMARKET,BUDDY'S SUPERMARKET,BUDDY'S SUPERMARKET INC.,SACRAMENTO,Sacramento,CA,95820-3208,5984 14TH AVE,21,00633040,31-JAN-2027
BUFFALO WILD WINGS,BUFFALO WILD WINGS,BLAZIN WINGS INC,SACRAMENTO,Sacramento,CA,95825,2023 ARDEN WAY,47,00561601,30-SEP-2026
BUFFALO WILD WINGS #420,BUFFALO WILD WINGS #420,BLAZIN WINGS INC,SACRAMENTO,Sacramento,CA,95834-2904,3600 N FREEWAY BLVD,47,00524234,31-OCT-2026
BULL TA BAR & KOREAN BBQ,BULL TA BAR & KOREAN BBQ,BULL TA ENTERPRISE  INC.,SACRAMENTO,Sacramento,CA,95826-3538,8353 FOLSOM BLVD,47,00618087,
BULL TA BAR & KOREAN BBQ,BULL TA BAR & KOREAN BBQ,BULL TA ENTERPRISE  INC.,SACRAMENTO,Sacramento,CA,95826-3538,8353 FOLSOM BLVD,47,00618087,30-SEP-2026
BUMGARNER WINERY @ MIDTOWN CERTIFIED FARMER'S MARK,BUMGARNER WINERY @ MIDTOWN CERTIFIED FARMER'S MARK,BRIAN KENT INC,SACRAMENTO,Sacramento,CA,95811,20TH STREET,79,00647898,30-JUN-2026
BURGER LOUNGE,BURGER LOUNGE,BURGER LOUNGE III LLC,SACRAMENTO,Sacramento,CA,95814,405 K ST,41,00579105,30-JUN-2026
BURGERS & BREW,BURGERS & BREW,CREPEVILLE INC,SACRAMENTO,Sacramento,CA,95811-6615,1409 R ST,41,00474750,31-JAN-2027
BUTCHER AND BARREL,BUTCHER AND BARREL,MCBRIDE GENERATIONS LLC,SACRAMENTO,Sacramento,CA,95814-3402,723 K ST,47,00648552,31-JUL-2026
BUTCHER AND BARREL,BUTCHER AND BARREL,MCBRIDE GENERATIONS LLC,SACRAMENTO,Sacramento,CA,95814-3402,723 K ST,47,00648552,31-JUL-2026
C&B FOOD & LIQUOR,C&B FOOD & LIQUOR,C&B FOOD & LIQUOR,SACRAMENTO,Sacramento,CA,95818-2436,1812 BROADWAY,21,00545762,
C&B FOOD & LIQUOR,C&B FOOD & LIQUOR,C&B FOOD & LIQUOR,SACRAMENTO,Sacramento,CA,95818-2436,1812 BROADWAY,21,00545762,30-SEP-2026
CABALLO BLANCO RESTAURANTE,CABALLO BLANCO RESTAURANTE,CABALLO BLANCO RESTAURANTE INC,SACRAMENTO,Sacramento,CA,95824-1110,5604 FRANKLIN BLVD,47,00321287,31-AUG-2026
CABANA CLUB,CABANA CLUB,BUTTERS UNLIMITED LLC,SACRAMENTO,Sacramento,CA,95814-3338,414 K ST,48,00652308,31-MAR-2027
CABANA WINE CORPORATION,CABANA WINE CORPORATION,CABANA WINE CORPORATION,SACRAMENTO,Sacramento,CA,95825-4741,2386 FAIR OAKS BLVD,17,00510109,
CAFE 33,CAFE 33,TUSANA LLC,SACRAMENTO,Sacramento,CA,95825,1840 FULTON AVE,41,00656182,31-MAR-2027
CAFE BERNARDO,CAFE BERNARDO,KBS INC,SACRAMENTO,Sacramento,CA,95814,1720 15TH ST,47,00516359,30-NOV-2026
CAFE BERNARDO,CAFE BERNARDO,KBS INC,SACRAMENTO,Sacramento,CA,95816,2726 CAPITOL AVE,47,00321932,28-FEB-2027
CAFE BERNARDO,CAFE BERNARDO,PARAFOB INC,SACRAMENTO,Sacramento,CA,95825-4742,515 PAVILIONS LN,47,00531146,31-JUL-2027
CAFE BERNARDO,CAFE BERNARDO,HOST INTERNATIONAL INC,SACRAMENTO,Sacramento,CA,95837,6850 AIRPORT BLVD,47,00513535,31-DEC-2026
CAFE BERNARDO,CAFE BERNARDO,HOST INTERNATIONAL INC,SACRAMENTO,Sacramento,CA,95837,6850 AIRPORT BLVD,47,00513535,31-DEC-2026
CAFE BERNARDO,CAFE BERNARDO,KBS INC,SACRAMENTO,Sacramento,CA,95816,2726 CAPITOL AVE,58,00321932,28-FEB-2027
CAFE COLONIAL,CAFE COLONIAL,CAFE COLONIAL ENTERTAINMENT  LLC,SACRAMENTO,Sacramento,CA,95820-1442,3520 STOCKTON BLVD,90,00656120,31-JUL-2027
CAFE CONNECTION,CAFE CONNECTION,PRASHAD  CHAITRA DEVI,SACRAMENTO,Sacramento,CA,95814-3805,1007 L ST,41,00518762,30-APR-2027
CAFE CONNECTION,CAFE CONNECTION,PRASHAD  CHAITRA DEVI,SACRAMENTO,Sacramento,CA,95814-3805,1007 L ST,77,00518762,30-APR-2027
CAFE DANTORELS,CAFE DANTORELS,CAFE M  INC.,SACRAMENTO,Sacramento,CA,95818-3211,2700 24TH ST,47,00621219,31-MAR-2027
CAFE MACAU,CAFE MACAU,MA  WEN HUI,SACRAMENTO,Sacramento,CA,95822-1126,4406 DEL RIO RD,41,00453585,31-MAY-2027
CALIFORNIA FISH GRILL,CALIFORNIA FISH GRILL,CALIFORNIA FISH GRILL INVESTMENTS  LLC,SACRAMENTO,Sacramento,CA,95825-2200,2100 ARDEN WAY,47,00652576,31-MAR-2027
CALIFORNIA PIZZA KITCHEN,CALIFORNIA PIZZA KITCHEN,CALIFORNIA PIZZA KITCHEN INC,SACRAMENTO,Sacramento,CA,95815,1735 ARDEN WAY,47,00420461,
CALIFORNIA PIZZA KITCHEN,CALIFORNIA PIZZA KITCHEN,CALIFORNIA PIZZA KITCHEN INC,SACRAMENTO,Sacramento,CA,95815,1735 ARDEN WAY,47,00420461,28-FEB-2027
CALIFORNIA STREET TACOS,CALIFORNIA STREET TACOS,CALIFORNIA STREET TACOS  INC,SACRAMENTO,Sacramento,CA,95818-1508,2101 16TH ST,47,00662424,31-JAN-2027
CALVIN'S MARKET,CALVIN'S MARKET,CALVIN'S MARKET,SACRAMENTO,Sacramento,CA,95816,2331 I ST,20,00632605,30-NOV-2026
CAMPUS COMMONS GOLF COURSE,CAMPUS COMMONS GOLF COURSE,CAMPUS COMMONS ABC LLC,SACRAMENTO,Sacramento,CA,95825-5402,2 CADILLAC DR,47,00668332,28-FEB-2027
CANDLE ROCK LOUNGE,CANDLE ROCK LOUNGE,PIN SETTERS INC,SACRAMENTO,Sacramento,CA,95821-6230,2600 WATT AVE,47,00059112,28-FEB-2027
CANDLE ROCK LOUNGE,CANDLE ROCK LOUNGE,PIN SETTERS INC,SACRAMENTO,Sacramento,CA,95821-6230,2600 WATT AVE,47,00059112,28-FEB-2027
CAPITAL FOOD & LIQUOR,CAPITAL FOOD & LIQUOR,CAPITAL G STAR LLC,SACRAMENTO,Sacramento,CA,95827-1409,10009 FOLSOM BLVD,21,00656496,31-AUG-2026
CAPITOL LIQUOR INC,CAPITOL LIQUOR INC,CAPITOL LIQUOR INC,SACRAMENTO,Sacramento,CA,95824-1510,6019 STOCKTON BLVD,21,00536792,
CAPITOL LIQUOR INC,CAPITOL LIQUOR INC,CAPITOL LIQUOR INC,SACRAMENTO,Sacramento,CA,95824-1510,6019 STOCKTON BLVD,21,00536792,30-NOV-2026
CAPS PIZZA AND TAP HOUSE,CAPS PIZZA AND TAP HOUSE,CAPS PIZZA AND TAP HOUSE LLC,SACRAMENTO,Sacramento,CA,95826,8760 LA RIVIERA DR,41,00576166,31-DEC-2026
CARIÑO MEXICAN RESTAURANT,CARIÑO MEXICAN RESTAURANT,HEREDIA  IRMA,SACRAMENTO,Sacramento,CA,95814-2501,729 J ST,41,00665397,31-JAN-2027
CARNICERIA LA RANCHERITA MARKET,CARNICERIA LA RANCHERITA MARKET,ARAIZABRAVO  BERTHA ALICIA,SACRAMENTO,Sacramento,CA,95828-2499,8275 FLORIN RD,41,00622914,31-MAY-2026
CARNICERIA LOPEZ MARKET,CARNICERIA LOPEZ MARKET,LOPEZ  MARIA G,SACRAMENTO,Sacramento,CA,95820,5550 FRANKLIN BLVD,20,00306127,31-MAR-2027
CASA FLORES MEXICAN RESTAURANT,CASA FLORES MEXICAN RESTAURANT,CFDS INC.,SACRAMENTO,Sacramento,CA,95832-9115,8304 DELTA SHORES CIR S,47,00662401,30-NOV-2026
CAVERNA 57 WINE VAULTS,CAVERNA 57 WINE VAULTS,BOUCHER  JEFFREY CHARLES,SACRAMENTO,Sacramento,CA,95819,836 57TH ST  STE 120,14,00542537,31-MAR-2027
CENTRO COCINA MEXICANA,CENTRO COCINA MEXICANA,PARAGARY  RANDY EARL,SACRAMENTO,Sacramento,CA,95816,2730 J ST,47,00317508,31-AUG-2026
CENTRO COCINA MEXICANA,CENTRO COCINA MEXICANA,HOST SCI JNK KPI SMF FB  LLC,SACRAMENTO,Sacramento,CA,95837,6850 AIRPORT BLVD,47,00674432,31-DEC-2026
CENTRO COCINA MEXICANA,CENTRO COCINA MEXICANA,PARAGARY  RANDY EARL,SACRAMENTO,Sacramento,CA,95816,2730 J ST,77,00317508,31-AUG-2026
CF CHENG CHINESE CUISINE,CF CHENG CHINESE CUISINE,GLW & J INC,SACRAMENTO,Sacramento,CA,95834,2063 ARENA BLVD,41,00583246,31-AUG-2026
CHANDOS TACOS,CHANDOS TACOS,MADRIGAL  LISANDRO,SACRAMENTO,Sacramento,CA,95824-2338,5665 POWER INN RD 104,41,00521617,31-MAY-2026
CHANDOS TACOS,CHANDOS TACOS,MADRIGAL  LISANDRO,SACRAMENTO,Sacramento,CA,95824-2338,5665 POWER INN RD 104,77,00521617,31-MAY-2026
CHARLES FOOD MARKET,CHARLES FOOD MARKET,NARESH  LACHMI,SACRAMENTO,Sacramento,CA,95818-2452,2684 18TH ST,20,00621555,31-MAY-2027
CHARM THAI,CHARM THAI,CLOUD FOODS LLC,SACRAMENTO,Sacramento,CA,95819-3306,711 56TH ST,41,00649643,30-SEP-2026
CHASERS SPORTS BAR,CHASERS SPORTS BAR,CHSRS LLC,SACRAMENTO,Sacramento,CA,95841-3196,5412 MADISON AVE,48,00667605,31-MAY-2027
CHASING CAROLINE RESTAURANT,CHASING CAROLINE RESTAURANT,VISTA SACRAMENTO RESTAURANT  LLC,SACRAMENTO,Sacramento,CA,95814-2301,925 3RD ST,41,00616243,31-MAY-2027
CHEEMA FOOD & LIQUOR,CHEEMA FOOD & LIQUOR,CHEEMA LIQUOR STORES INC,SACRAMENTO,Sacramento,CA,95815,1530 AUBURN BLVD,21,00548564,31-JAN-2027
CHEF FRANK JAPANESE CUISINE,CHEF FRANK JAPANESE CUISINE,CHEF FRANK GOOD COMPANY  INC,SACRAMENTO,Sacramento,CA,95835-2504,2281 DEL PASO RD,41,00645143,30-APR-2027
CHEZ LUC'S FRENCH CAFE,CHEZ LUC'S FRENCH CAFE,LUNCH TREY EATS INC.,SACRAMENTO,Sacramento,CA,95825-4886,650 FULTON AVE,41,00666167,28-FEB-2027
CHEZ LUC'S FRENCH CAFE,CHEZ LUC'S FRENCH CAFE,LUNCH TREY EATS INC.,SACRAMENTO,Sacramento,CA,95825-4886,650 FULTON AVE,77,00666167,28-FEB-2027
CHHUN'S SUPERMARKET,CHHUN'S SUPERMARKET,CHHUN LLC,SACRAMENTO,Sacramento,CA,95823-1028,6701 FRANKLIN BLVD,21,00644198,30-APR-2027
CHICAGO'S PIZZA WITH A TWIST,CHICAGO'S PIZZA WITH A TWIST,FORRISE INC,SACRAMENTO,Sacramento,CA,95834-2436,4391 GATEWAY PARK BLVD,41,00640923,31-JAN-2027
CHIDO RESTAURANT BAR,CHIDO RESTAURANT BAR,MONTES  HOLIVIA,SACRAMENTO,Sacramento,CA,95833,610 W EL CAMINO AVE,41,00665607,31-JAN-2027
CHILIS GRILL & BAR 0881,CHILIS GRILL & BAR 0881,BRINKER RESTAURANT CORPORATION,SACRAMENTO,Sacramento,CA,95834,3870 TRUXEL RD,47,00418702,31-MAY-2027
CHIMA LIQUOR STORE,CHIMA LIQUOR STORE,PAL  MOHINDER,SACRAMENTO,Sacramento,CA,95820,5049 FRANKLIN BLVD,21,00412051,31-DEC-2026
CHIPOTLE MEXICAN GRILL,CHIPOTLE MEXICAN GRILL,CHIPOTLE MEXICAN GRILL INC,SACRAMENTO,Sacramento,CA,95814,1831 CAPITOL AVE,47,00371774,30-NOV-2026
CHIPOTLE MEXICAN GRILL,CHIPOTLE MEXICAN GRILL,CHIPOTLE MEXICAN GRILL INC,SACRAMENTO,Sacramento,CA,95833,3830 TRUXEL RD,47,00405332,30-SEP-2026
CHIPOTLE MEXICAN GRILL,CHIPOTLE MEXICAN GRILL,CHIPOTLE MEXICAN GRILL INC,SACRAMENTO,Sacramento,CA,95822-1359,4001 FREEPORT BLVD,47,00489101,31-MAR-2027
CHIPOTLE MEXICAN GRILL,CHIPOTLE MEXICAN GRILL,CHIPOTLE MEXICAN GRILL INC,SACRAMENTO,Sacramento,CA,95841,5040 AUBURN BLVD,47,00458849,31-MAR-2027
CHIPOTLE MEXICAN GRILL # 176,CHIPOTLE MEXICAN GRILL # 176,CHIPOTLE MEXICAN GRILL INC,SACRAMENTO,Sacramento,CA,95825,2517 FAIR OAKS BLVD,47,00370002,31-JAN-2027
CHIPOTLE MEXICAN GRILL # 200,CHIPOTLE MEXICAN GRILL # 200,CHIPOTLE MEXICAN GRILL INC,SACRAMENTO,Sacramento,CA,95825,1729 HOWE AVE,47,00382451,31-JAN-2027
CHIPOTLE MEXICAN GRILL STORE # 2998,CHIPOTLE MEXICAN GRILL STORE # 2998,CHIPOTLE MEXICAN GRILL INC,SACRAMENTO,Sacramento,CA,95832-9100,8124 DELTA SHORES CIR,41,00583564,30-NOV-2026
CHIPOTLE MEXICAN GRILL STORE #1154,CHIPOTLE MEXICAN GRILL STORE #1154,CHIPOTLE MEXICAN GRILL INC,SACRAMENTO,Sacramento,CA,95821-6332,3328 EL CAMINO AVE,47,00561553,31-JAN-2027
CHIPOTLE MEXICAN GRILL STORE #2158,CHIPOTLE MEXICAN GRILL STORE #2158,CHIPOTLE MEXICAN GRILL INC,SACRAMENTO,Sacramento,CA,95819-4608,5738 FOLSOM BLVD,41,00538130,30-NOV-2026
CHIPOTLE MEXICAN GRILL STORE #3162,CHIPOTLE MEXICAN GRILL STORE #3162,CHIPOTLE MEXICAN GRILL INC,SACRAMENTO,Sacramento,CA,95834,2800 DEL PASO RD,41,00592572,31-OCT-2026
CHIPOTLE MEXICAN GRILL STORE #3472,CHIPOTLE MEXICAN GRILL STORE #3472,CHIPOTLE MEXICAN GRILL INC,SACRAMENTO,Sacramento,CA,95814-3332,615 DAVID J STERN WALK,41,00614728,30-JUN-2026
CHIPOTLE MEXICAN GRILL STORE #4277,CHIPOTLE MEXICAN GRILL STORE #4277,CHIPOTLE MEXICAN GRILL INC,SACRAMENTO,Sacramento,CA,95834,2650 ARENA BLVD,41,00648241,30-NOV-2026
CHIPOTLE MEXICAN GRILL STORE #5486,CHIPOTLE MEXICAN GRILL STORE #5486,CHIPOTLE MEXICAN GRILL INC,SACRAMENTO,Sacramento,CA,95821-5101,2795 FULTON AVE,41,00669752,31-AUG-2026
CHIPOTLE MEXICAN GRILL STORE #745,CHIPOTLE MEXICAN GRILL STORE #745,CHIPOTLE MEXICAN GRILL INC,SACRAMENTO,Sacramento,CA,95825,3302 ARDEN WAY,41,00637926,31-DEC-2026
CHIPOTLE MEXICAN GRILL STORE #: 3227,CHIPOTLE MEXICAN GRILL STORE #: 3227,CHIPOTLE MEXICAN GRILL INC,SACRAMENTO,Sacramento,CA,95818-2362,1601 BROADWAY,41,00596515,31-OCT-2026
CHOICE FOOD & LIQUOR,CHOICE FOOD & LIQUOR,2 GIRN CORPORATION,SACRAMENTO,Sacramento,CA,95816,2103 P ST,21,00507617,
CHOICE FOOD & LIQUOR,CHOICE FOOD & LIQUOR,2 GIRN CORPORATION,SACRAMENTO,Sacramento,CA,95816,2103 P ST,21,00507617,31-JAN-2027
CHRONICLE MARKET,CHRONICLE MARKET,SINGH  PUSHPINDER,SACRAMENTO,Sacramento,CA,95820-5419,5399 FRUITRIDGE RD,20,00633858,31-MAY-2026
CILANTROS RESTAURANT,CILANTROS RESTAURANT,RICCI HOLDINGS   L.P.,SACRAMENTO,Sacramento,CA,95814-2501,705 J ST,58,00621187,30-NOV-2026
CILANTROS RESTAURANT,CILANTROS RESTAURANT,RICCI HOLDINGS   L.P.,SACRAMENTO,Sacramento,CA,95814-2501,705 J ST,47,00621187,30-NOV-2026
CINCH BAR THE,CINCH BAR THE,LAM  JOHNNY,SACRAMENTO,Sacramento,CA,95828,8003 FLORIN RD,48,00429262,31-OCT-2026
CIRCLE 6 FOOD STORE,CIRCLE 6 FOOD STORE,CIRCLE 6 FOOD STORE INC,SACRAMENTO,Sacramento,CA,95815,739 ARDEN WY,20,00420251,30-NOV-2026
CIRCLE 6 FOOD STORE,CIRCLE 6 FOOD STORE,SINGH  HARWINDER,SACRAMENTO,Sacramento,CA,95825-0906,1810 ETHAN WAY,20,00447591,30-NOV-2026
CIRCLE 7 FOOD AND LIQUOR,CIRCLE 7 FOOD AND LIQUOR,J S ATWAL INC,SACRAMENTO,Sacramento,CA,95823-3916,7601 STOCKTON BLVD,21,00583043,28-FEB-2027
CITIZEN PUBLIC HOUSE,CITIZEN PUBLIC HOUSE,CITIZEN PUBLIC HOUSE SACTOWN INC.,SACRAMENTO,Sacramento,CA,95814-2948,1201 J ST  STE 100,47,00658573,31-MAY-2027
CITIZEN PUBLIC HOUSE,CITIZEN PUBLIC HOUSE,CITIZEN PUBLIC HOUSE SACTOWN INC.,SACRAMENTO,Sacramento,CA,95814-2948,1201 J ST  STE 100,68,00658573,31-MAY-2027
CITIZEN PUBLIC HOUSE,CITIZEN PUBLIC HOUSE,CITIZEN PUBLIC HOUSE SACTOWN INC.,SACRAMENTO,Sacramento,CA,95814-2948,1201 J ST  STE 100,58,00658573,31-MAY-2027
CITY FOOD & LIQUOR,CITY FOOD & LIQUOR,SINGH FOODS INC,SACRAMENTO,Sacramento,CA,95823-1814,7121 FRANKLIN BLVD,21,00462400,28-FEB-2027
CITY LIQUOR & FOOD,CITY LIQUOR & FOOD,RANDHAWA  DALBAG SINGH,SACRAMENTO,Sacramento,CA,95823,7595 FRANKLIN BLVD,21,00377374,30-JUN-2026
CLUB 2 ME,CLUB 2 ME,FEIL  LINDA MARIE,SACRAMENTO,Sacramento,CA,95819,4738 J ST,48,00676452,30-APR-2027
CLUB 2 ME,CLUB 2 ME,FEIL  LINDA MARIE,SACRAMENTO,Sacramento,CA,95819,4738 J ST,77,00676452,30-APR-2027
CLUB RAVEN,CLUB RAVEN,SHY AM I INC,SACRAMENTO,Sacramento,CA,95816-4405,3246 J ST,48,00483105,30-NOV-2026
CLUBHOUSE 56,CLUBHOUSE 56,TLC LEGACY LLC,SACRAMENTO,Sacramento,CA,95819,723 56TH ST,47,00670170,31-JUL-2026
CLUBHOUSE AT HERITAGE PARK,CLUBHOUSE AT HERITAGE PARK,HERITAGE PARK OWNERS ASSOCIATION,SACRAMENTO,Sacramento,CA,95835,2481 HERITAGE PARK LN,57,00404801,31-DEC-2026
CO DO DELI,CO DO DELI,HUYNH  HUNG BA,SACRAMENTO,Sacramento,CA,95823-1634,6665 STOCKTON BLVD,41,00455837,31-JUL-2026
COCOMILK CAFE,COCOMILK CAFE,KEONORASAK  KEO,SACRAMENTO,Sacramento,CA,95828-1270,6519 SAVINGS PL,41,00639691,31-AUG-2026
COMFORT MARKET,COMFORT MARKET,SINGH  SAHIB,SACRAMENTO,Sacramento,CA,95815-1716,2800 RIO LINDA BLVD,20,00633160,31-MAY-2027
COMPLEX GRILL,COMPLEX GRILL,SESSO  DEANNA M,SACRAMENTO,Sacramento,CA,95821,3450 LONGVIEW DR,41,00676314,28-FEB-2027
COMPTON HOLIDAY MARKET,COMPTON HOLIDAY MARKET,HANS AND SON INC,SACRAMENTO,Sacramento,CA,95819-2045,4065 MCKINLEY BLVD,21,00483902,30-NOV-2026
COMPTON HOLIDAY MARKET,COMPTON HOLIDAY MARKET,HANS AND SON INC,SACRAMENTO,Sacramento,CA,95819-2045,4065 MCKINLEY BLVD,86,00483902,30-NOV-2026
CON AZUCAR CAFE,CON AZUCAR CAFE,NOCHISTLAN INVESTMENTS LLC,SACRAMENTO,Sacramento,CA,95814-3331,630 K ST,41,00674071,30-NOV-2026
CORDOVA KTV CAFE LLC,CORDOVA KTV CAFE LLC,CORDOVA KTV CAFE LLC,SACRAMENTO,Sacramento,CA,95827-1326,9721 FOLSOM BLVD,41,00647811,30-JUN-2027
CORIANDER VIETNAMESE RESTAURANT,CORIANDER VIETNAMESE RESTAURANT,CORIANDER  LLC,SACRAMENTO,Sacramento,CA,95816-7060,1899 ALHAMBRA BLVD,41,00564609,31-DEC-2026
CORNERSTONE REDLIGHT  REDLIGHT LOUNGE,CORNERSTONE REDLIGHT  REDLIGHT LOUNGE,REDLIGHT GROUP INC,SACRAMENTO,Sacramento,CA,95816-4714,2326 J ST,58,00675688,31-DEC-2026
CORNERSTONE REDLIGHT  REDLIGHT LOUNGE,CORNERSTONE REDLIGHT  REDLIGHT LOUNGE,REDLIGHT GROUP INC,SACRAMENTO,Sacramento,CA,95816-4714,2326 J ST,47,00675688,31-DEC-2026
CORTI BROS MARKET,CORTI BROS MARKET,CORTI BROTHERS INC,SACRAMENTO,Sacramento,CA,95819,5810 FOLSOM BLVD,21,00373983,28-FEB-2027
COST PLUS WORLD MARKET,COST PLUS WORLD MARKET,COST PLUS INC,SACRAMENTO,Sacramento,CA,95834,3621 N FREEWAY BLVD,20,00432847,
COUNTRY CLUB CINEMA,COUNTRY CLUB CINEMA,SACRAMENTO COUNTRY CLUB CINEMA  LLC,SACRAMENTO,Sacramento,CA,95825-0605,2405 BUTANO DR,47,00595997,31-OCT-2026
COURT LIQUOR,COURT LIQUOR,KAUR  JASVIR,SACRAMENTO,Sacramento,CA,95824,6225 FRANKLIN BLVD,21,00422479,31-JAN-2027
CRAB CITY RESTAURANT AND DESSERTS,CRAB CITY RESTAURANT AND DESSERTS,PHUONG VO LLC,SACRAMENTO,Sacramento,CA,95823-4342,7837 STOCKTON BLVD,41,00626302,31-JUL-2026
CREOLE SOUL RESTAURANT & BAR OAKLAND,CREOLE SOUL RESTAURANT & BAR OAKLAND,CREOLE SOUL RESTAURANT & BAR OAKLAND LLC,SACRAMENTO,Sacramento,CA,95818,2026 BROADWAY,41,00676972,31-MAY-2027
CREST THEATER EMPRESS TAVERN,CREST THEATER EMPRESS TAVERN,SACRAMENTO CREST THEATER  INC,SACRAMENTO,Sacramento,CA,95814-3803,1013 K ST,68,00669904,31-OCT-2026
CREST THEATER EMPRESS TAVERN,CREST THEATER EMPRESS TAVERN,SACRAMENTO CREST THEATER  INC,SACRAMENTO,Sacramento,CA,95814-3803,1013 K ST,58,00669904,31-OCT-2026
CREST THEATER EMPRESS TAVERN,CREST THEATER EMPRESS TAVERN,SACRAMENTO CREST THEATER  INC,SACRAMENTO,Sacramento,CA,95814-3803,1013 K ST,47,00669904,31-OCT-2026
CUATRO AMIGOS MEXICAN GRILL,CUATRO AMIGOS MEXICAN GRILL,CASTRO CHAVEZ  JOSE LUIS,SACRAMENTO,Sacramento,CA,95833-3941,2610 GATEWAY OAKS DR,58,00662497,31-DEC-2026
CUATRO AMIGOS MEXICAN GRILL,CUATRO AMIGOS MEXICAN GRILL,CASTRO CHAVEZ  JOSE LUIS,SACRAMENTO,Sacramento,CA,95833-3941,2610 GATEWAY OAKS DR,47,00662497,31-DEC-2026
CURRYPIZZAHOUSE,CURRYPIZZAHOUSE,PB26 LLC,SACRAMENTO,Sacramento,CA,95834-3724,4261 TRUXEL RD,41,00639801,31-OCT-2026
CURTIS PARK MARKET,CURTIS PARK MARKET,CURTIS PARK SAC CORPORATION,SACRAMENTO,Sacramento,CA,95818-3210,2703 24TH ST,21,00509547,30-JUN-2027
CVS PHARMACY STORE 2290,CVS PHARMACY STORE 2290,GARFIELD BEACH CVS LLC,SACRAMENTO,Sacramento,CA,95833-1992,1587 W EL CAMINO AVE,21,00477750,31-MAY-2027
CVS PHARMACY STORE 3066,CVS PHARMACY STORE 3066,GARFIELD BEACH CVS LLC,SACRAMENTO,Sacramento,CA,95829-9453,8351 ELK GROVE FLORIN RD,21,00477742,31-MAY-2027
CVS PHARMACY STORE 3943,CVS PHARMACY STORE 3943,GARFIELD BEACH CVS LLC,SACRAMENTO,Sacramento,CA,95819-4440,5039 FOLSOM BLVD,21,00477740,31-MAY-2027
CVS PHARMACY STORE 4151,CVS PHARMACY STORE 4151,GARFIELD BEACH CVS LLC,SACRAMENTO,Sacramento,CA,95835-1324,2050 CLUB CENTER DR,21,00477744,31-MAY-2027
CVS PHARMACY STORE 5225,CVS PHARMACY STORE 5225,GARFIELD BEACH CVS LLC,SACRAMENTO,Sacramento,CA,95815,2636 MARCONI AVE,21,00532797,31-MAY-2027
CVS PHARMACY STORE 9972,CVS PHARMACY STORE 9972,GARFIELD BEACH CVS LLC,SACRAMENTO,Sacramento,CA,95831-5270,7465 RUSH RIVER DR,21,00477747,31-MAY-2027
DADS SANDWICHES,DADS SANDWICHES,MARRIOTT  SHANN DAVID JR,SACRAMENTO,Sacramento,CA,95811-7114,1310 S ST,41,00669145,30-JUN-2026
DAIKON KOREAN BBQ,DAIKON KOREAN BBQ,JADE KOREAN BBQ INC,SACRAMENTO,Sacramento,CA,95834-2922,3636 N FREEWAY BLVD,47,00655438,28-FEB-2027
DANTE CLUB OF SACRAMENTO,DANTE CLUB OF SACRAMENTO,DANTE CLUB OF SACRAMENTO,SACRAMENTO,Sacramento,CA,95825,2330 FAIR OAKS BLVD,47,00031875,31-MAY-2027
DANTE CLUB OF SACRAMENTO,DANTE CLUB OF SACRAMENTO,DANTE CLUB OF SACRAMENTO,SACRAMENTO,Sacramento,CA,95825,2330 FAIR OAKS BLVD,77,00031875,31-MAY-2027
DANTE CLUB OF SACRAMENTO,DANTE CLUB OF SACRAMENTO,DANTE CLUB OF SACRAMENTO,SACRAMENTO,Sacramento,CA,95825,2330 FAIR OAKS BLVD,58,00031875,31-MAY-2027
DAT THANH RESTAURANT,DAT THANH RESTAURANT,TRAN  HUNG THOI,SACRAMENTO,Sacramento,CA,95820-5433,5035 FRUITRIDGE RD,40,00569973,30-SEP-2026
DEL PASO COUNTRY CLUB,DEL PASO COUNTRY CLUB,DEL PASO COUNTRY CLUB,SACRAMENTO,Sacramento,CA,95821-6231,3333 MARCONI AVE,51,00137058,31-AUG-2026
DEL VALLE SUPERMARKET,DEL VALLE SUPERMARKET,SAI SUPERMARKET  INC.,SACRAMENTO,Sacramento,CA,95828,7870 FLORIN RD,21,00625520,31-JAN-2027
DISCOUNT LIQUOR,DISCOUNT LIQUOR,GILL  BALWINDER SINGH,SACRAMENTO,Sacramento,CA,95842,5225 ELKHORN BLVD,21,00377084,30-JUN-2026
DISCOUNT LIQUOR & CIGARETTES,DISCOUNT LIQUOR & CIGARETTES,DISCOUNT LIQUOR & CIGARETTES L-PSHIP,SACRAMENTO,Sacramento,CA,95822-2007,4631 FREEPORT BLVD,21,00488762,31-MAY-2027
DISCOUNT LIQUORS & FOOD,DISCOUNT LIQUORS & FOOD,DHUNCY  BALJIT SINGH,SACRAMENTO,Sacramento,CA,95823,7725 STOCKTON BLVD,21,00295070,31-MAY-2027
DIVE BAR,DIVE BAR,MORH GROUP  LLC,SACRAMENTO,Sacramento,CA,95814-3804,1016 K ST,48,00571275,31-AUG-2026
DIVINA COLOMBIAN CAFE & LATIN AMERICAN RESTAURANT,DIVINA COLOMBIAN CAFE & LATIN AMERICAN RESTAURANT,DIAZ  JOB ISMAEL,SACRAMENTO,Sacramento,CA,95824-3411,6201 FRANKLIN BLVD,41,00610248,30-NOV-2026
DOCO MARKET,DOCO MARKET,PL FOOD SERVICES @ CAL  LLC,SACRAMENTO,Sacramento,CA,95837,6900 AIRPORT BLVD,20,00648509,30-SEP-2026
DOLLAR TREE STORE 1229,DOLLAR TREE STORE 1229,DOLLAR TREE STORES INC,SACRAMENTO,Sacramento,CA,95823-2312,7020 STOCKTON BLVD,20,00468495,30-JUN-2027
DOMA KOREAN RESTAURANT,DOMA KOREAN RESTAURANT,DOMA INC.,SACRAMENTO,Sacramento,CA,95827-1203,9521 FOLSOM BLVD,41,00670647,31-AUG-2026
DON QUIXOTES MEXICAN GRILL,DON QUIXOTES MEXICAN GRILL,HYHOPES ENTERPRISES INC,SACRAMENTO,Sacramento,CA,95821-6244,2648 WATT AVE,41,00479105,30-JUN-2027
DON QUIXOTES MEXICAN GRILL,DON QUIXOTES MEXICAN GRILL,HYHOPES ENTERPRISES INC,SACRAMENTO,Sacramento,CA,95821-6244,2648 WATT AVE,58,00479105,30-JUN-2027
DOS COYOTES BORDER CAFE,DOS COYOTES BORDER CAFE,COLTAM INC,SACRAMENTO,Sacramento,CA,95815-5009,1735 ARDEN WAY,47,00286971,31-DEC-2026
DOS COYOTES BORDER CAFE,DOS COYOTES BORDER CAFE,COYOTE R15  INC,SACRAMENTO,Sacramento,CA,95835,2701 DEL PASO RD,47,00585245,31-OCT-2026
DOS COYOTES BORDER CAFE,DOS COYOTES BORDER CAFE,COYOTE SUNSHINE LLC,SACRAMENTO,Sacramento,CA,95819-4637,6450 FOLSOM BLVD,47,00652151,30-SEP-2026
DUMPLING KING ASIAN CUISINE,DUMPLING KING ASIAN CUISINE,DUMPLING KING ASIAN CUISINE LLC,SACRAMENTO,Sacramento,CA,95814-4027,1118 16TH ST,58,00671826,31-OCT-2026
DUMPLING KING ASIAN CUISINE,DUMPLING KING ASIAN CUISINE,DUMPLING KING ASIAN CUISINE LLC,SACRAMENTO,Sacramento,CA,95814-4027,1118 16TH ST,47,00671826,31-OCT-2026
DYNASTY KTV AND CAFE,DYNASTY KTV AND CAFE,STILL WATERS GROUP LLC,SACRAMENTO,Sacramento,CA,95823-2372,6833 STOCKTON BLVD,41,00656403,31-MAR-2027
EAGLE GAS & LIQUOR,EAGLE GAS & LIQUOR,SANDHU  MANJINDER SINGH,SACRAMENTO,Sacramento,CA,95821-6736,4646 EL CAMINO AVE,21,00484008,31-DEC-2026
EAST PATIO MEXICANO INC,EAST PATIO MEXICANO INC,EAST PATIO MEXICANO INC,SACRAMENTO,Sacramento,CA,95819-4535,5100 FOLSOM BLVD,47,00629450,30-NOV-2026
EAST PATIO MEXICANO INC,EAST PATIO MEXICANO INC,EAST PATIO MEXICANO INC,SACRAMENTO,Sacramento,CA,95819-4535,5100 FOLSOM BLVD,77,00629450,30-NOV-2026
ECONOMY LIQUOR & FOOD,ECONOMY LIQUOR & FOOD,ECONOMY ASSOCIATES INC,SACRAMENTO,Sacramento,CA,95823-1633,6685 STOCKTON BLVD,21,00615118,31-DEC-2026
ED'S MARKET,ED'S MARKET,GIRAN INC.,SACRAMENTO,Sacramento,CA,95816-3115,2600 C ST,20,00669664,30-JUN-2027
EDOKKO JAPANESE RESTAURANT,EDOKKO JAPANESE RESTAURANT,HOANG  PETER,SACRAMENTO,Sacramento,CA,95831,358 FLORIN RD,41,00421265,31-JAN-2027
EL CAMINO MARKET,EL CAMINO MARKET,BOTTLE JUNCTION INC,SACRAMENTO,Sacramento,CA,95815,1010 EL CAMINO AVE,20,00650745,30-JUN-2027
EL FORASTERO MEXICAN FOOD,EL FORASTERO MEXICAN FOOD,DAVILA  JAVIER,SACRAMENTO,Sacramento,CA,95815-2528,850 EL CAMINO AVE,41,00462666,31-JAN-2027
EL FORASTERO MEXICAN FOOD #2,EL FORASTERO MEXICAN FOOD #2,DAVILA  JAVIER,SACRAMENTO,Sacramento,CA,95826-3203,8949 FOLSOM BLVD,41,00535141,31-AUG-2026
EL IZOTE RESTAURANT LLC,,EL IZOTE RESTAURANT LLC,SACRAMENTO,Sacramento,CA,95824,5650 POWER INN RD,41,00675537,30-NOV-2026
EL MESON DEL SOL MEXICAN GRILL,EL MESON DEL SOL MEXICAN GRILL,EL MESON DEL SOL,SACRAMENTO,Sacramento,CA,95829-9453,8325 ELK GROVE FLORIN RD,47,00446128,
EL NOVILLERO RESTAURANT,EL NOVILLERO RESTAURANT,DAVALOS  JOE JR,SACRAMENTO,Sacramento,CA,95820,4216 FRANKLIN BLVD,47,00039553,31-MAR-2027
EL PUESTO COCINA AND LOUNGE,EL PUESTO COCINA AND LOUNGE,EL PUESTO EG  LLC,SACRAMENTO,Sacramento,CA,95823-5433,7521 W STOCKTON BLVD,47,00656176,31-MAY-2026
EL RINCON RESTAURANT,EL RINCON RESTAURANT,FIGUEROA  ORLANDO SANCHEZ,SACRAMENTO,Sacramento,CA,95816-7030,3030 T ST,41,00629476,31-MAY-2027
EL RONCO RESTAURANT INC,EL RONCO RESTAURANT INC,EL RONCO RESTAURANT INC,SACRAMENTO,Sacramento,CA,95823-1608,6666 STOCKTON BLVD,47,00663224,28-FEB-2027
EL SUPER TACO,EL SUPER TACO,JC & V INC,SACRAMENTO,Sacramento,CA,95823-7074,6200 MACK RD,47,00445953,28-FEB-2027
EL TAPATIO MEXICAN RESTAURANT,EL TAPATIO MEXICAN RESTAURANT,LA BONITA RESTAURANT INC,SACRAMENTO,Sacramento,CA,95834,3521 TRUXEL RD,47,00669931,31-AUG-2026
EL TITO KITCHEN,EL TITO KITCHEN,VAZQUEZ  MIRELLA GUADALUPE,SACRAMENTO,Sacramento,CA,95825-4017,2330 ARDEN WAY,58,00664172,31-DEC-2026
EL TITO KITCHEN,EL TITO KITCHEN,VAZQUEZ  MIRELLA GUADALUPE,SACRAMENTO,Sacramento,CA,95825-4017,2330 ARDEN WAY,41,00664172,31-DEC-2026
ELDER CREEK MARKET,ELDER CREEK MARKET,NARAYAN  MAYA WATI,SACRAMENTO,Sacramento,CA,95824-4303,7033 ELDER CREEK RD,21,00620957,31-OCT-2026
ELIXIR BAR & GRILL,ELIXIR BAR & GRILL,NEVADA PNP INC,SACRAMENTO,Sacramento,CA,95811-7014,1815 10TH ST,47,00426845,31-JUL-2026
ELLA DINING ROOM AND BAR,ELLA DINING ROOM AND BAR,ELLAJACK INC,SACRAMENTO,Sacramento,CA,95814-3904,1131 K ST,47,00456029,31-AUG-2026
ERNESTOS MEXICAN FOOD,ERNESTOS MEXICAN FOOD,ERNESTOS INC,SACRAMENTO,Sacramento,CA,95814,1901 16TH ST,47,00311327,31-AUG-2026
ERNESTOS MEXICAN FOOD,ERNESTOS MEXICAN FOOD,ERNESTOS INC,SACRAMENTO,Sacramento,CA,95814,1901 16TH ST,58,00311327,31-AUG-2026
ERNIES LIQUOR,ERNIES LIQUOR,GILL  SALWINDER SINGH,SACRAMENTO,Sacramento,CA,95842,5735 HILLSDALE BLVD,21,00271247,31-JUL-2026
ESCAPE LOUNGE,ESCAPE LOUNGE,CAVU EXPERIENCES (AMER) LLC,SACRAMENTO,Sacramento,CA,95837-1123,6850 AIRPORT BLVD,47,00603301,30-APR-2027
ESCAPE LOUNGE,ESCAPE LOUNGE,CAVU EXPERIENCES (AMER) LLC,SACRAMENTO,Sacramento,CA,95837,6900 AIRPORT BLVD,47,00603314,31-MAY-2027
ESMERALDA'S CAFE,ESMERALDA'S CAFE,SANCHEZ RAMIREZ  GRISELDA ESMERALDA,SACRAMENTO,Sacramento,CA,95841-4800,5825 MADISON AVE,41,00669849,31-AUG-2026
EXOTIC WINE CLUB,EXOTIC WINE CLUB,EXOTIC WINE CLUB LLC,SACRAMENTO,Sacramento,CA,95819,836 57TH ST  STE 120,17,00636030,31-MAY-2026
EXOTIC WINE CLUB,EXOTIC WINE CLUB,EXOTIC WINE CLUB LLC,SACRAMENTO,Sacramento,CA,95819,836 57TH ST  STE 120,20,00636030,31-MAY-2026
EXOTIC WINE CLUB,EXOTIC WINE CLUB,EXOTIC WINE CLUB LLC,SACRAMENTO,Sacramento,CA,95819,836 57TH ST  STE 120,09,00636030,31-MAY-2026
FABULIST PIZZA,FABULIST PIZZA,TESCHER  ANDREW ROBERT,SACRAMENTO,Sacramento,CA,95816-5220,3269 FOLSOM BLVD,41,00677658,31-MAY-2027
FAMILY MARKET,FAMILY MARKET,ALDHABIANY  DHAHABAH M,SACRAMENTO,Sacramento,CA,95820,4310 73RD ST,20,00511410,31-DEC-2026
FAR EAST CAFE,FAR EAST CAFE,TRIUMPH PARTNER HOLDINGS INC,SACRAMENTO,Sacramento,CA,95822-2737,5014 FREEPORT BLVD,41,00593362,30-JUN-2027
FAST STOP FOOD STORE,FAST STOP FOOD STORE,LOVELY FOOD AND LIQUOR INC,SACRAMENTO,Sacramento,CA,95819-3149,750 46TH ST,21,00598904,
FAST STOP FOOD STORE,FAST STOP FOOD STORE,FAST STOP FOOD AND LIQUOR INC,SACRAMENTO,Sacramento,CA,95824,5601 WILKINSON ST,21,00579535,
FAST STOP FOOD STORE,FAST STOP FOOD STORE,LOVELY FOOD AND LIQUOR INC,SACRAMENTO,Sacramento,CA,95819-3149,750 46TH ST,21,00598904,
FAST STOP FOOD STORE,FAST STOP FOOD STORE,FAST STOP FOOD AND LIQUOR INC,SACRAMENTO,Sacramento,CA,95824,5601 WILKINSON ST,21,00579535,31-MAR-2027
FAST STOP FOOD STORE,FAST STOP FOOD STORE,LOVELY FOOD AND LIQUOR INC,SACRAMENTO,Sacramento,CA,95819-3149,750 46TH ST,21,00598904,31-JUL-2026
FAT DUCKS PIZZA,FAT DUCKS PIZZA,KAUR  SUKHVIR,SACRAMENTO,Sacramento,CA,95823,7925 BRUCEVILLE RD,41,00379004,31-AUG-2026
FELICITA WINE COMPANY,FELICITA WINE COMPANY,FELICITA WINE COMPANY LLC,SACRAMENTO,Sacramento,CA,95814-3253,1015 2ND ST,02,00669569,30-JUN-2026
FIELD HOUSE AMERICAN SPORTS PUB  THE,FIELD HOUSE AMERICAN SPORTS PUB  THE,WAGNER  MATTHEW SCOTT,SACRAMENTO,Sacramento,CA,95825,1833 FULTON AVE,47,00661647,30-APR-2027
FINNEGANS PUB,FINNEGANS PUB,FINNEGANS ENTERTAINMENT,SACRAMENTO,Sacramento,CA,95814,1030 2ND ST,47,00604125,30-APR-2027
FINNEGANS PUB,FINNEGANS PUB,FINNEGANS ENTERTAINMENT,SACRAMENTO,Sacramento,CA,95814,1030 2ND ST,77,00604125,30-APR-2027
FIRE WINGS,FIRE WINGS,LP VENTURE PARTNERS LLC,SACRAMENTO,Sacramento,CA,95823-7904,8785 CENTER PKWY,41,00556675,31-OCT-2026
FIRE WINGS,FIRE WINGS,FIRE WINGS NATOMAS LLC,SACRAMENTO,Sacramento,CA,95835-2310,2721 DEL PASO RD,41,00580018,31-MAY-2027
FIRE WINGS,FIRE WINGS,FIRE WINGS OF DELTA SHORES  LLC,SACRAMENTO,Sacramento,CA,95832-9106,8144 DELTA SHORES CIR S,41,00594560,31-AUG-2026
FIRE WINGS,FIRE WINGS,FIRE WINGS FLORIN,SACRAMENTO,Sacramento,CA,95823-2490,6013 FLORIN RD,41,00608496,30-SEP-2026
FIRE WINGS,FIRE WINGS,FIRE WINGS OF MIDTOWN LLC,SACRAMENTO,Sacramento,CA,95811,1700 15TH ST,41,00616979,31-AUG-2026
FIRE WINGS HOWE,FIRE WINGS HOWE,FIRE WINGS HOWE,SACRAMENTO,Sacramento,CA,95825-3401,1229 HOWE AVE,47,00603982,31-JUL-2026
FIREFLY LOUNGE,FIREFLY LOUNGE,CONNIE JEAN'S  INC.,SACRAMENTO,Sacramento,CA,95825,1443 FULTON AVE,48,00580990,30-SEP-2026
FLAME CLUB,FLAME CLUB,BRIGHAM  JOANNE,SACRAMENTO,Sacramento,CA,95818,2130 16TH ST,47,00104567,31-JUL-2026
FLAMING GRILL,FLAMING GRILL,FLAMING GRILL BURGER LLC,SACRAMENTO,Sacramento,CA,95825-0601,2380 WATT AVE,41,00665960,28-FEB-2027
FLATSTICK PUB,FLATSTICK PUB,TIPSY PUTT LLC,SACRAMENTO,Sacramento,CA,95814-3331,630 K ST,47,00603947,30-SEP-2026
FLATSTICK PUB,FLATSTICK PUB,TIPSY PUTT LLC,SACRAMENTO,Sacramento,CA,95814-3331,630 K ST,47,00603947,30-SEP-2026
FLOREZ BAR & GRILL,FLOREZ BAR & GRILL,FLOREZ  ROGER RAUL,SACRAMENTO,Sacramento,CA,95822,5900 S LAND PARK DR,47,00432151,28-FEB-2027
FLOREZ BAR & GRILL,FLOREZ BAR & GRILL,FLOREZ  ROGER RAUL,SACRAMENTO,Sacramento,CA,95822,5900 S LAND PARK DR,77,00432151,28-FEB-2027
FLOREZ BAR & GRILL,FLOREZ BAR & GRILL,FLOREZ  ROGER RAUL,SACRAMENTO,Sacramento,CA,95822,5900 S LAND PARK DR,58,00432151,28-FEB-2027
FORTUNE HOUSE SEAFOOD RESTAURANT,FORTUNE HOUSE SEAFOOD RESTAURANT,FORTUNE HOUSE SEAFOOD RESTAURANT INC,SACRAMENTO,Sacramento,CA,95818-2216,1211 BROADWAY,47,00377751,
FOUR BEARS WINERY,FOUR BEARS WINERY,FOUR BEARS WINERY LLC,SACRAMENTO,Sacramento,CA,95825-5500,2277 FAIR OAKS BLVD,02,00563551,
FOUR BEARS WINERY,FOUR BEARS WINERY,FOUR BEARS WINERY LLC,SACRAMENTO,Sacramento,CA,95825-5500,2277 FAIR OAKS BLVD,17,00563551,
FOUR BEARS WINERY,FOUR BEARS WINERY,FOUR BEARS WINERY LLC,SACRAMENTO,Sacramento,CA,95825-5500,2277 FAIR OAKS BLVD,20,00563551,
FOUR BEARS WINERY,FOUR BEARS WINERY,FOUR BEARS WINERY LLC,SACRAMENTO,Sacramento,CA,95864-5738,3357 SIERRA OAKS DR,02,00434889,
FOUR BEARS WINERY,FOUR BEARS WINERY,FOUR BEARS WINERY LLC,SACRAMENTO,Sacramento,CA,95864-5738,3357 SIERRA OAKS DR,17,00434889,
FOUR BEARS WINERY,FOUR BEARS WINERY,FOUR BEARS WINERY LLC,SACRAMENTO,Sacramento,CA,95864-5738,3357 SIERRA OAKS DR,20,00434889,
FOUR OAKS MARKET,FOUR OAKS MARKET,SINGH  JASWANT,SACRAMENTO,Sacramento,CA,95838-3956,2140 GRAND AVE,20,00476945,30-APR-2027
FOX & GOOSE PUBLIC HOUSE,FOX & GOOSE PUBLIC HOUSE,38 NORTH  LLC,SACRAMENTO,Sacramento,CA,95814-6519,1001 R ST,47,00559503,31-AUG-2026
FRANK FATS RESTAURANT,FRANK FATS RESTAURANT,FRANK S FAT INC,SACRAMENTO,Sacramento,CA,95814,806 L ST,47,00044114,30-APR-2027
FRANKIE'S PIZZA,FRANKIE'S PIZZA,PEPPERONI PIZZA TIME LLC,SACRAMENTO,Sacramento,CA,95814,200 K ST,41,00637988,31-AUG-2026
FREEPORT BAR & GRILL,FREEPORT BAR & GRILL,LANDEROS SPORTS BAR AND GRILL INC,SACRAMENTO,Sacramento,CA,95832,8259 FREEPORT BLVD,47,00325167,30-NOV-2026
FREEPORT MARKET,FREEPORT MARKET,BLUE SPEAR INC,SACRAMENTO,Sacramento,CA,95832-9703,8101 FREEPORT BLVD,21,00602381,30-SEP-2026
FREEPORT WINE COUNTRY INN,FREEPORT WINE COUNTRY INN,CARVALHO FAMILY WINERY LLC,SACRAMENTO,Sacramento,CA,95832-9709,8201 FREEPORT BLVD,41,00575518,30-APR-2027
FREMONT MARKET,FREMONT MARKET,PRABHNOOR INC,SACRAMENTO,Sacramento,CA,95816-5716,2330 N ST,21,00652561,31-JUL-2027
FULTON PHO,FULTON PHO,NGUYEN  HONG HANH,SACRAMENTO,Sacramento,CA,95821,3100 FULTON AVE,41,00653284,31-OCT-2026
GAMIBURGER,GAMIBURGER,GAMIBURGER LLC,SACRAMENTO,Sacramento,CA,95816,2301 K ST,41,00675109,31-DEC-2026
GEN KOREAN BBQ HOUSE,GEN KOREAN BBQ HOUSE,GEN SACRAMENTO LP,SACRAMENTO,Sacramento,CA,95815,1689 ARDEN WAY,47,00592268,31-AUG-2026
GENERAL STORE AND DELI,GENERAL STORE AND DELI,GENERAL STORE AND DELI,SACRAMENTO,Sacramento,CA,95814-4743,500 CAPITOL MALL,21,00566282,30-APR-2027
GENKI KITCHEN,GENKI KITCHEN,GENKI PARTNERS INC,SACRAMENTO,Sacramento,CA,95819,855 57TH ST,41,00671602,
GENKI KITCHEN,GENKI KITCHEN,GENKI PARTNERS INC,SACRAMENTO,Sacramento,CA,95819,855 57TH ST,41,00671602,30-SEP-2026
GILL BRO'S MARKET,GILL BRO'S MARKET,AZA BROTHERS INC.,SACRAMENTO,Sacramento,CA,95842-2506,5219 ELKHORN BLVD,20,00664003,31-JAN-2027
GIOS CAFE & BREW,GIOS CAFE & BREW,GIOS CAFE & BREW INC,SACRAMENTO,Sacramento,CA,95823-4385,7850 STOCKTON BLVD,41,00674178,30-NOV-2026
GIOVANNIS PIZZARIA,GIOVANNIS PIZZARIA,GRIFONE  CARLO GUISEPPE,SACRAMENTO,Sacramento,CA,95822,5924 S LAND PARK DR,41,00376483,30-JUN-2026
GK DISCOUNT LIQUOR,GK DISCOUNT LIQUOR,KALER  MAJOR SINGH,SACRAMENTO,Sacramento,CA,95828-2525,8484 FLORIN RD,21,00632199,31-MAR-2027
GOEMANS BAR,GOEMANS BAR,GOEMANS INC,SACRAMENTO,Sacramento,CA,95823,7123 FRANKLIN BLVD,77,00198118,
GOEMANS BAR,GOEMANS BAR,GOEMANS INC,SACRAMENTO,Sacramento,CA,95823,7123 FRANKLIN BLVD,48,00198118,
GOLD STAR SUPERMARKET,GOLD STAR SUPERMARKET,TRAN  JOHN HOA,SACRAMENTO,Sacramento,CA,95824,5815 STOCKTON BLVD,21,00482208,31-JUL-2027
GOLDEN BOWLS MONGOLIAN BAR B Q,GOLDEN BOWLS MONGOLIAN BAR B Q,LI  FANGLING,SACRAMENTO,Sacramento,CA,95827,9529 FOLSOM BLVD,41,00424234,31-MAY-2027
GOLDEN DRAGON RESTAURANT,GOLDEN DRAGON RESTAURANT,LE  JENNIFER,SACRAMENTO,Sacramento,CA,95817-1112,2800 BROADWAY UT 1,47,00586492,30-JUN-2026
GOLDEN OAKS MARKET,GOLDEN OAKS MARKET,SINGH  HARVINDER,SACRAMENTO,Sacramento,CA,95838-4037,3560 DEL PASO BLVD,21,00662014,31-MAR-2027
GOOD FRIENDS RESTAURANT,GOOD FRIENDS RESTAURANT,NEW GOOD FRIENDS HOUSE INC,SACRAMENTO,Sacramento,CA,95833-3922,2600 GATEWAY OAKS DR,41,00638870,31-JUL-2026
GRAND HOTPOT LOUNGE,GRAND HOTPOT LOUNGE,GRAND HOTPOT LOUNGE INC,SACRAMENTO,Sacramento,CA,95822,2346 FLORIN RD,41,00636126,30-APR-2027
GRINDSTONE WINES @ NATOMAS CFM,GRINDSTONE WINES @ NATOMAS CFM,GRINDSTONE WINES LLC,SACRAMENTO,Sacramento,CA,95835,2501 NEW MARKET DR,79,00648091,30-JUN-2027
GRUB THAI,GRUB THAI,THANAKRON,SACRAMENTO,Sacramento,CA,95814-1419,524 12TH ST,41,00618740,31-OCT-2026
GURU FARMS MARKET,GURU FARMS MARKET,GURU FARMS,SACRAMENTO,Sacramento,CA,95818-2001,523 BROADWAY,21,00652689,30-JUN-2027
H&S ENERGY PRODUCTS  LLC STORE #3075,H&S ENERGY PRODUCTS  LLC STORE #3075,H&S ENERGY PRODUCTS  LLC,SACRAMENTO,Sacramento,CA,95864-3020,4231 ARDEN WAY,21,00634702,31-MAR-2027
H&S ENERGY PRODUCTS  LLC STORE #3077,H&S ENERGY PRODUCTS  LLC STORE #3077,H&S ENERGY PRODUCTS  LLC,SACRAMENTO,Sacramento,CA,95827,3300 BRADSHAW RD,20,00634877,31-MAR-2027
H&SENERGY PRODUCTS  LLC STORE #3078,H&SENERGY PRODUCTS  LLC STORE #3078,H&S ENERGY PRODUCTS  LLC,SACRAMENTO,Sacramento,CA,95827,9700 JACKSON RD,21,00634919,30-APR-2027
HAGGIN OAKS GOLF COMPLEX,HAGGIN OAKS GOLF COMPLEX,MORTON GOLF LLC,SACRAMENTO,Sacramento,CA,95821,3645 FULTON AVE,47,00397478,28-FEB-2027
HAGGIN OAKS GOLF COMPLEX,HAGGIN OAKS GOLF COMPLEX,MORTON GOLF LLC,SACRAMENTO,Sacramento,CA,95821,3645 FULTON AVE,68,00397478,28-FEB-2027
HAGGIN OAKS GOLF COMPLEX,HAGGIN OAKS GOLF COMPLEX,MORTON GOLF LLC,SACRAMENTO,Sacramento,CA,95821,3645 FULTON AVE,58,00397478,28-FEB-2027
HANA TSUBAKI RESTAURANT,HANA TSUBAKI RESTAURANT,NEW HANA TSUBAKI RESTAURANT LLC,SACRAMENTO,Sacramento,CA,95819,5006 J ST,41,00589457,28-FEB-2027
HAPPY BAR,HAPPY BAR,WILCOX  JACK ALLEN,SACRAMENTO,Sacramento,CA,95829-9302,5236 BRADSHAW RD,48,00397618,28-FEB-2027
HARLOW WINES,HARLOW WINES,HARLOW WINE COMPANY LLC,SACRAMENTO,Sacramento,CA,95826-4721,8160 14TH AVE,02,00664501,30-JUN-2027
HARRY'S LOUNGE,HARRY'S LOUNGE,HARRY'S OAKS LOUNGE,SACRAMENTO,Sacramento,CA,95841,4557 AUBURN BLVD,48,00547580,30-JUN-2026
HARUMI SUSHI & HIBACHI,HARUMI SUSHI & HIBACHI,HARUMI SUSHI & HIBACHI INC,SACRAMENTO,Sacramento,CA,95834-3641,3541 TRUXEL RD,41,00674246,30-NOV-2026
HENRYS LOUNGE,HENRYS LOUNGE,HENRY'S LOUNGE  LLC,SACRAMENTO,Sacramento,CA,95811-5211,2019 O ST,48,00616643,
HENRYS LOUNGE,HENRYS LOUNGE,HENRY'S LOUNGE  LLC,SACRAMENTO,Sacramento,CA,95811-5211,2019 O ST,48,00616643,31-JAN-2027
HERINGER ESTATES @ CERTIFIED FARMER'S MARKET OF SA,HERINGER ESTATES @ CERTIFIED FARMER'S MARKET OF SA,HERINGER ESTATES  LLC,SACRAMENTO,Sacramento,CA,95818,8TH & W ST STATE PRK LOT,79,00666152,30-JUN-2026
HERINGER ESTATES WINERY  LLC,HERINGER ESTATES WINERY  LLC,HERINGER ESTATES  LLC,SACRAMENTO,Sacramento,CA,95826-6401,8981 DISTRICT CT,02,00535129,30-JUN-2026
HERINGER ESTATES WINERY  LLC,HERINGER ESTATES WINERY  LLC,HERINGER ESTATES  LLC,SACRAMENTO,Sacramento,CA,95816,20TH & J ST,79,00540867,30-JUN-2026
HERINGER ESTATES WINERY  LLC,HERINGER ESTATES WINERY  LLC,HERINGER ESTATES  LLC,SACRAMENTO,Sacramento,CA,95814,6TH ST AND CAPITOL MALL,79,00533130,30-JUN-2026
HERINGER ESTATES WINERY  LLC,HERINGER ESTATES WINERY  LLC,HERINGER ESTATES  LLC,SACRAMENTO,Sacramento,CA,95826-6401,8981 DISTRICT CT,81,00535129,30-JUN-2026
HHS AM PM MINI MART,HHS AM PM MINI MART,H H GAS FOOD ENTERPRISES INC,SACRAMENTO,Sacramento,CA,95824,3800 47TH AVE,20,00300329,30-NOV-2026
HI & BUY LIQUOR,HI & BUY LIQUOR,STOP AND THINK INC,SACRAMENTO,Sacramento,CA,95820,5301 FRUITRIDGE RD,21,00629933,31-JAN-2027
HI & BUY LIQUOR,HI & BUY LIQUOR,CITY WALK-IN SHOP INC.,SACRAMENTO,Sacramento,CA,95828,8164 FLORIN RD,21,00641223,28-FEB-2027
HI & BUY MARKET,HI & BUY MARKET,TIME AND SKY INC.,SACRAMENTO,Sacramento,CA,95822-5614,7591 24TH ST,20,00660607,
HI & BUY MARKET,HI & BUY MARKET,TIME AND SKY INC.,SACRAMENTO,Sacramento,CA,95822-5614,7591 24TH ST,20,00660607,31-AUG-2026
HIGHLAND CHINESE RESTAURANT,HIGHLAND CHINESE RESTAURANT,HIGHLAND CHINESE RESTAURANT,SACRAMENTO,Sacramento,CA,95842-3776,4347 ELKHORN BLVD,41,00466301,30-JUN-2027
HILLTOP TAVERN THE,HILLTOP TAVERN THE,NOLAN VENTURES LLC,SACRAMENTO,Sacramento,CA,95819,4757 FOLSOM BLVD,48,00431610,30-NOV-2026
HILLTOP TAVERN THE,HILLTOP TAVERN THE,NOLAN VENTURES LLC,SACRAMENTO,Sacramento,CA,95819,4757 FOLSOM BLVD,77,00431610,30-NOV-2026
HOLIDAY VILLA RESTAURANT,HOLIDAY VILLA RESTAURANT,WAN KING INTERNATIONAL LLC,SACRAMENTO,Sacramento,CA,95831-3137,7007 S LAND PARK DR,41,00587254,31-DEC-2026
HOMEROS MEXICAN FOOD,HOMEROS MEXICAN FOOD,VASQUEZ  KARINA,SACRAMENTO,Sacramento,CA,95831-5258,7465 RUSH RIVER DR,41,00628554,31-AUG-2026
HOUSE KITCHEN AND BAR,HOUSE KITCHEN AND BAR,NESTORCO INC,SACRAMENTO,Sacramento,CA,95814-4504,555 CAPITOL MALL,47,00485413,28-FEB-2027
HOUSE KITCHEN AND BAR,HOUSE KITCHEN AND BAR,NESTORCO INC,SACRAMENTO,Sacramento,CA,95814-4504,555 CAPITOL MALL,58,00485413,28-FEB-2027
HOUSE KITCHEN AND BAR,HOUSE KITCHEN AND BAR,NESTORCO INC,SACRAMENTO,Sacramento,CA,95814-4504,555 CAPITOL MALL,77,00485413,28-FEB-2027
IMMORTAL CAFE & SUPPLY,IMMORTAL CAFE & SUPPLY,VICINUS LLC,SACRAMENTO,Sacramento,CA,95814,1111 H ST,41,00641220,28-FEB-2027
INTUITION COFFEE & WINE,INTUITION COFFEE & WINE,INTUITION COFFEE & WINE LLC,SACRAMENTO,Sacramento,CA,95811-6857,1728 21ST ST,41,00659242,31-AUG-2026
IRONHORSE TAVERN,IRONHORSE TAVERN,SUN G WONG ENTERPRISES INC,SACRAMENTO,Sacramento,CA,95811-6614,1800 15TH ST,47,00554290,31-MAR-2027
ITS SUSHI,ITS SUSHI,ITSSUSHI LLC,SACRAMENTO,Sacramento,CA,95832-9104,8132 DELTA SHORES CIR S,41,00664767,28-FEB-2027
J STREET LIQUORS,J STREET LIQUORS,SINGH  SURINDER PAUL,SACRAMENTO,Sacramento,CA,95816,3712 J ST,21,00225407,31-JUL-2026
JACKS URBAN EATS,JACKS URBAN EATS,JACKS URBAN EATS NO 3 INC,SACRAMENTO,Sacramento,CA,95835,4730 NATOMAS BLVD,41,00417452,
JACKS URBAN EATS,JACKS URBAN EATS,BABCOCK  ANTHONY ALAN,SACRAMENTO,Sacramento,CA,95811-4204,1230 20TH ST,41,00341906,30-JUN-2027
JACKS URBAN EATS,JACKS URBAN EATS,JACKS URBAN EATS NO 3 INC,SACRAMENTO,Sacramento,CA,95835,4730 NATOMAS BLVD,41,00417452,31-OCT-2026
JACKS URBAN EATS NO.2,JACKS URBAN EATS NO.2,JACKS URBAN EATS NO 2 INC,SACRAMENTO,Sacramento,CA,95825-6489,545 MUNROE ST,41,00530738,
JACKS URBAN EATS NO.2,JACKS URBAN EATS NO.2,JACKS URBAN EATS NO 2 INC,SACRAMENTO,Sacramento,CA,95825-6489,545 MUNROE ST,41,00530738,31-MAY-2027
JACKS URBAN EATS NO.5,JACKS URBAN EATS NO.5,JACKS URBAN EATS NO 5 INC,SACRAMENTO,Sacramento,CA,95670-4477,2137 GOLDEN CENTRE LN,41,00475210,
JACKS URBAN EATS NO.5,JACKS URBAN EATS NO.5,JACKS URBAN EATS NO 5 INC,SACRAMENTO,Sacramento,CA,95670-4477,2137 GOLDEN CENTRE LN,41,00475210,28-FEB-2027
JADE FOUNTAIN RESTAURANT,JADE FOUNTAIN RESTAURANT,LEE  RANDY KAMWOOD,SACRAMENTO,Sacramento,CA,95822-2736,5021 FREEPORT BLVD,41,00559427,31-AUG-2026
JALISCO RESTAURANT AUTHENTIC MEXICAN FOOD,JALISCO RESTAURANT AUTHENTIC MEXICAN FOOD,JALISCO'S CATERING SERVICES LLC,SACRAMENTO,Sacramento,CA,95841,5207 MADISON AVE,41,00663674,30-NOV-2026
JAMIE'S BROADWAY GRILLE,JAMIE'S BROADWAY GRILLE,LLD FUTURE LLC,SACRAMENTO,Sacramento,CA,95818-2040,427 BROADWAY,47,00619098,31-OCT-2026
JANDO'S MEXICAN FOOD,JANDO'S MEXICAN FOOD,JANDO'S MEXICAN FOOD INC.,SACRAMENTO,Sacramento,CA,95820-5105,4591 FRUITRIDGE RD,41,00651484,
JANDO'S MEXICAN FOOD,JANDO'S MEXICAN FOOD,JANDO'S MEXICAN FOOD INC.,SACRAMENTO,Sacramento,CA,95820-5105,4591 FRUITRIDGE RD,41,00651484,30-SEP-2026
JENSAI SUSHI,JENSAI SUSHI,DANG  SAI C,SACRAMENTO,Sacramento,CA,95818,2210 16TH ST,47,00539254,30-NOV-2026
JIMBOYS TACOS 12,JIMBOYS TACOS 12,AVALOSBIZ INC,SACRAMENTO,Sacramento,CA,95820,5551 FRANKLIN BLVD,41,00551113,30-JUN-2027
JIMMY'S PERUVIAN & MEXICAN RESTAURANT,JIMMY'S PERUVIAN & MEXICAN RESTAURANT,LETICIA@VERDUGO LLC,SACRAMENTO,Sacramento,CA,95821-1807,3032 AUBURN BLVD,41,00617965,28-FEB-2027
JJ KOREAN BBQ,JJ KOREAN BBQ,JIN JIN BBQ INC,SACRAMENTO,Sacramento,CA,95827,9729 FOLSOM BLVD,41,00665642,28-FEB-2027
JK FOOD LIQUOR AND WINE,JK FOOD LIQUOR AND WINE,KAUR  KULDIP,SACRAMENTO,Sacramento,CA,95826-3513,8321 FOLSOM BLVD,21,00479132,31-DEC-2026
JONECK'S WINE LOUNGE,JONECK'S WINE LOUNGE,JONECK'S LLC,SACRAMENTO,Sacramento,CA,95816-4760,2231 J ST,41,00668710,31-OCT-2026
JP THAI KITCHEN,JP THAI KITCHEN,PHIPHATTEANCHAI  PREMIKA,SACRAMENTO,Sacramento,CA,95822-3508,6004 FREEPORT BLVD,41,00571547,31-AUG-2026
JS RAILROAD CAFE,JS RAILROAD CAFE,LAM  JOHNNY,SACRAMENTO,Sacramento,CA,95815-1908,1844 AUBURN BLVD,47,00470469,30-NOV-2026
JUJU KITCHEN & COCKTAILS,JUJU KITCHEN & COCKTAILS,HOTEL BAR  LLC,SACRAMENTO,Sacramento,CA,95814-4004,1501 L ST,47,00637482,31-JUL-2026
JUJU KITCHEN & COCKTAILS,JUJU KITCHEN & COCKTAILS,HOTEL BAR  LLC,SACRAMENTO,Sacramento,CA,95814-4004,1501 L ST,58,00637482,31-JUL-2026
JUNO'S COCKTAILS & KITCHEN,JUNO'S COCKTAILS & KITCHEN,HOTEL BAR  LLC,SACRAMENTO,Sacramento,CA,95814-4004,1501 L ST,47,00637482,
JUNO'S COCKTAILS & KITCHEN,JUNO'S COCKTAILS & KITCHEN,HOTEL BAR  LLC,SACRAMENTO,Sacramento,CA,95814-4004,1501 L ST,58,00637482,
KANSAI RAMEN & SUSHI HOUSE,KANSAI RAMEN & SUSHI HOUSE,KANSAI RAMEN & SUSHI HOUSE INC,SACRAMENTO,Sacramento,CA,95817-2675,2992 65TH ST,41,00638329,31-JUL-2026
KARMA BREW PUB,KARMA BREW PUB,KARMA BREW LLC,SACRAMENTO,Sacramento,CA,95814-6067,1530 16TH ST.,47,00573201,31-MAR-2027
KICOS MEXICAN FOOD,KICOS MEXICAN FOOD,LEYVA  FRANK,SACRAMENTO,Sacramento,CA,95825-4017,2324 ARDEN WY,47,00137252,28-FEB-2027
KIN THAI STREET EATERY,KIN THAI STREET EATERY,SIAM88 LLC,SACRAMENTO,Sacramento,CA,95811-3154,1050 20TH ST,41,00613024,31-OCT-2026
KING PALACE SEAFOOD RESTAURANT,KING PALACE SEAFOOD RESTAURANT,KING PLACE RESTAURANT LLC,SACRAMENTO,Sacramento,CA,95824,5829 STOCKTON BLVD,41,00536414,30-SEP-2026
KING WINE & LIQUOR,KING WINE & LIQUOR,KHAN  ABDUL HAMEED,SACRAMENTO,Sacramento,CA,95825-3604,1328 FULTON AVE,21,00463579,28-FEB-2027
KING WINE & LIQUOR #2,KING WINE & LIQUOR #2,SHAN KHAN  INC.,SACRAMENTO,Sacramento,CA,95822,2346 FRUITRIDGE RD,21,00589433,31-JAN-2027
KING WINE & LIQUOR #6,KING WINE & LIQUOR #6,KING WINE & LIQUOR # 6,SACRAMENTO,Sacramento,CA,95821,3407 EL CAMINO AVE,21,00651420,
KING WINE & LIQUOR #6,KING WINE & LIQUOR #6,KING WINE & LIQUOR # 6,SACRAMENTO,Sacramento,CA,95821,3407 EL CAMINO AVE,21,00651420,31-OCT-2026
KING WINE & LIQUOR 3,KING WINE & LIQUOR 3,III KING ENTERPRISE,SACRAMENTO,Sacramento,CA,95825,1120 FULTON AVE,21,00594291,30-SEP-2026
KINGS SUPERMARKET,KINGS SUPERMARKET,KINGS SUPERMARKET INC,SACRAMENTO,Sacramento,CA,95815-2937,400 EL CAMINO AVE,21,00662151,30-APR-2027
KINJO HAND ROLL BAR,KINJO HAND ROLL BAR,KINJO HAND ROLL BAR INC,SACRAMENTO,Sacramento,CA,95818-1507,2026 16TH ST,41,00646038,30-JUN-2026
KIRCHHOFF FAMILY WINES @ MIDTOWN CERTIFIED FARMER',KIRCHHOFF FAMILY WINES @ MIDTOWN CERTIFIED FARMER',CLASSY PANTS WINES LLC,SACRAMENTO,Sacramento,CA,95811,1050 20TH ST,79,00647879,30-JUN-2026
KITCHEN 15,KITCHEN 15,ED DAVID RESTAURANT GROUP INC,SACRAMENTO,Sacramento,CA,95814-4020,1630 K ST,47,00645245,31-AUG-2026
KITCHEN THE,KITCHEN THE,SELZIM INC,SACRAMENTO,Sacramento,CA,95818-2166,915 BROADWAY,47,00644642,31-OCT-2026
KOBE SUSHI BAR AND GRILL,KOBE SUSHI BAR AND GRILL,TRAN  DAVID  TU,SACRAMENTO,Sacramento,CA,95834-2317,2057 ARENA BLVD,47,00621226,28-FEB-2027
KODAIKO RAMEN & BAR,KODAIKO RAMEN & BAR,KRU RESTAURANT GROUP  LLC,SACRAMENTO,Sacramento,CA,95814-3403,718 K ST,47,00610090,31-OCT-2026
KOJA KITCHEN,KOJA KITCHEN,KOJA SAC TOWN  LLC,SACRAMENTO,Sacramento,CA,95814-3403,732 K ST,47,00618952,31-DEC-2026
KOJA KITCHEN,KOJA KITCHEN,KOJA SAC TOWN  LLC,SACRAMENTO,Sacramento,CA,95814-3403,732 K ST,58,00618952,31-DEC-2026
KOJA KITCHEN,KOJA KITCHEN,KOJA SAC TOWN  LLC,SACRAMENTO,Sacramento,CA,95814-3403,732 K ST,68,00618952,31-DEC-2026
KOSHI RAMEN BAR,KOSHI RAMEN BAR,KOSHI RAMEN NATOMAS LLC,SACRAMENTO,Sacramento,CA,95834-3603,3581 TRUXEL RD,41,00602572,28-FEB-2027
KOSHI RAMEN BAR,KOSHI RAMEN BAR,KIZAMI GROUP INC,SACRAMENTO,Sacramento,CA,95832-9106,8144 DELTA SHORES CIR S,41,00661472,31-AUG-2026
KRU CONTEMPORARY JAPANESE CUISINE,KRU CONTEMPORARY JAPANESE CUISINE,KRU PARTNERS  LLC,SACRAMENTO,Sacramento,CA,95816-5218,3135 FOLSOM BLVD,21,00566415,31-DEC-2026
KRU CONTEMPORARY JAPANESE CUISINE,KRU CONTEMPORARY JAPANESE CUISINE,KRU PARTNERS  LLC,SACRAMENTO,Sacramento,CA,95816-5218,3135 FOLSOM BLVD,47,00566415,30-APR-2027
KRU CONTEMPORARY JAPANESE CUISINE,KRU CONTEMPORARY JAPANESE CUISINE,KRU PARTNERS  LLC,SACRAMENTO,Sacramento,CA,95816-5218,3135 FOLSOM BLVD,47,00566415,30-APR-2027
KRU CONTEMPORARY JAPANESE CUISINE,KRU CONTEMPORARY JAPANESE CUISINE,KRU PARTNERS  LLC,SACRAMENTO,Sacramento,CA,95816-5218,3135 FOLSOM BLVD,58,00566415,30-APR-2027
KRU RESTAURANT,KRU RESTAURANT,KRU INC,SACRAMENTO,Sacramento,CA,95816-4815,2516 J ST,41,00424041,
KURA REVOLVING SUSHI BAR,KURA REVOLVING SUSHI BAR,KURA SUSHI USA  INC.,SACRAMENTO,Sacramento,CA,95825-2230,1600 ETHAN WAY,47,00642413,30-JUN-2027
KWIK SHOP MARKET,KWIK SHOP MARKET,SINGH  MAKHAN,SACRAMENTO,Sacramento,CA,95820-5857,6230 FRUITRIDGE RD,20,00670103,30-APR-2027
KYOTO SUSHI BAR GRILL & RAMEN,KYOTO SUSHI BAR GRILL & RAMEN,SAM & LIU INC,SACRAMENTO,Sacramento,CA,95818-2320,1724 BROADWAY,41,00666071,30-APR-2027
LA BANGIN TACOS,LA BANGIN TACOS,BANGIN' BOWLS LLC,SACRAMENTO,Sacramento,CA,95825-5112,1600 FULTON AVE,41,00675118,31-DEC-2026
LA BARCA BIRRIA & MARISCOS,LA BARCA BIRRIA & MARISCOS,ALVARADOMANJARREZ  SERGIO,SACRAMENTO,Sacramento,CA,95822-4529,2400 FLORIN RD,41,00546699,30-SEP-2026
LA BARCA BIRRIA & MARISCOS,LA BARCA BIRRIA & MARISCOS,ALVARADOMANJARREZ  SERGIO,SACRAMENTO,Sacramento,CA,95822-4529,2400 FLORIN RD,58,00546699,30-SEP-2026
LA COSTA CAFE,LA COSTA CAFE,COMMUNITY TABLE DINING EXPERIENCES LLC,SACRAMENTO,Sacramento,CA,95811-1709,701 19TH ST,41,00667158,31-JAN-2027
LA ESPERANZA SUPERMARKET OF SACRAMENTO,LA ESPERANZA SUPERMARKET OF SACRAMENTO,LA ESPERANZA ENTERPRISES INC,SACRAMENTO,Sacramento,CA,95820-4732,5040 FRANKLIN BLVD,21,00631874,31-OCT-2026
LA FLOR PUPUSAS GRILL,LA FLOR PUPUSAS GRILL,LA FLOR PUPUSAS GRILL INC,SACRAMENTO,Sacramento,CA,95825-0300,2440 FULTON AVE,41,00442581,31-AUG-2026
LA MISION RESTAURANT,LA MISION RESTAURANT,EL BRAMIDO RESTAURANT & BAR III  INC,SACRAMENTO,Sacramento,CA,95823,4439 FLORIN RD,47,00600261,31-DEC-2026
LA PANTERA CLUB,LA PANTERA CLUB,LA PANTERA CLUB INCORPORATED,SACRAMENTO,Sacramento,CA,95820,3121 26TH AVE,47,00327757,30-SEP-2026
LA POPULAR RESTAURANT,LA POPULAR RESTAURANT,LA POPULAR SUPERMARKET  INC.,SACRAMENTO,Sacramento,CA,95826-5154,9180 KIEFER BLVD,41,00653264,31-OCT-2026
LA POPULAR SUPERMARKET INC,LA POPULAR SUPERMARKET INC,LA POPULAR SUPERMARKET  INC.,SACRAMENTO,Sacramento,CA,95826-5106,9180 KIEFER BLVD UNIT A,20,00576184,28-FEB-2027
LA RIVIERA FOOD & LIQUOR,LA RIVIERA FOOD & LIQUOR,LA RIVIERA MARKET INC,SACRAMENTO,Sacramento,CA,95826-2411,9331 LA RIVIERA DR,21,00664102,31-JAN-2027
LA SONSONATECA RESTAURANT,LA SONSONATECA RESTAURANT,AGUIRRE CANAS  REINA M,SACRAMENTO,Sacramento,CA,95842-2506,5243 ELKHORN BLVD,41,00617582,31-JUL-2027
LA TERRAZA MEXICAN RESTAURANT,LA TERRAZA MEXICAN RESTAURANT,LA TERRAZA INC,SACRAMENTO,Sacramento,CA,95814,1027 2ND ST,47,00422142,31-JAN-2027
LA TERRAZA MEXICAN RESTAURANT,LA TERRAZA MEXICAN RESTAURANT,LA TERRAZA INC,SACRAMENTO,Sacramento,CA,95814,1027 2ND ST,58,00422142,31-JAN-2027
LA TERRAZA MEXICAN RESTAURANT,LA TERRAZA MEXICAN RESTAURANT,LA TERRAZA INC,SACRAMENTO,Sacramento,CA,95814,1027 2ND ST,68,00422142,31-JAN-2027
LAKEVIEW ESTATE & WINERY,LAKEVIEW ESTATE & WINERY,LAKEVIEW10 LLC,SACRAMENTO,Sacramento,CA,95832-9715,9005 RIVER RD,02,00657463,30-JUN-2026
LAMPPOST PIZZA,LAMPPOST PIZZA,CORRIE  BRYAN TAKEO,SACRAMENTO,Sacramento,CA,95829,8065 ELK GROVE FLORIN RD,41,00385579,31-MAR-2027
LAMPPOST PIZZA,LAMPPOST PIZZA,SONA ENTERPRISE  INC.,SACRAMENTO,Sacramento,CA,95834-7777,717 DEL PASO RD,41,00661243,30-NOV-2026
LAYALINA RESTAURANT & BAR,LAYALINA RESTAURANT & BAR,KINNG INC,SACRAMENTO,Sacramento,CA,95825-3358,1596 HOWE AVE,47,00479023,
LEGENDS SPORTS LLC,,LEGENDS SPORTS LLC,SACRAMENTO,Sacramento,CA,95814,547 L ST,47,00569043,31-AUG-2026
LEGENDS SPORTS LLC,,LEGENDS SPORTS LLC,SACRAMENTO,Sacramento,CA,95814,547 L ST,77,00569043,31-AUG-2026
LEGENDS SPORTS LLC,,LEGENDS SPORTS LLC,SACRAMENTO,Sacramento,CA,95814,547 L ST,47,00569043,31-AUG-2026
LEGENDS SPORTS LLC,,LEGENDS SPORTS LLC,SACRAMENTO,Sacramento,CA,95814,547 L ST,68,00569043,31-AUG-2026
LEGENDS SPORTS LLC,,LEGENDS SPORTS LLC,SACRAMENTO,Sacramento,CA,95814,547 L ST,58,00569043,31-AUG-2026
LIANG'S KOREAN FOODIE HOUSE,,LIANG'S KOREAN FOODIE HOUSE,SACRAMENTO,Sacramento,CA,95827-3253,3643 BRADSHAW RD,41,00644605,28-FEB-2027
LICHINE'S LIQUOR & DELI,LICHINE'S LIQUOR & DELI,KC FAMILY ENTERPRISES LLC,SACRAMENTO,Sacramento,CA,95831-3139,7107 S LAND PARK DR,21,00645585,31-AUG-2026
LIMELIGHT BAR AND CAFE,LIMELIGHT BAR AND CAFE,LIMELIGHT BAR AND CAFÉ LLC,SACRAMENTO,Sacramento,CA,95816,1014 ALHAMBRA BLVD,47,00551992,31-DEC-2026
LIMELIGHT BAR AND CAFE,LIMELIGHT BAR AND CAFE,LIMELIGHT BAR AND CAFÉ LLC,SACRAMENTO,Sacramento,CA,95816,1014 ALHAMBRA BLVD,58,00551992,31-DEC-2026
LIMELIGHT BAR AND CAFE,LIMELIGHT BAR AND CAFE,LIMELIGHT BAR AND CAFÉ LLC,SACRAMENTO,Sacramento,CA,95816,1014 ALHAMBRA BLVD,77,00551992,31-DEC-2026
LIQUOR KING,LIQUOR KING,KUMAR  MEESHAL MADHWEEKA,SACRAMENTO,Sacramento,CA,95824,5620 FRANKLIN BLVD,21,00669142,30-JUN-2027
LIQUOR LAND,LIQUOR LAND,KHANGURA  KULBIR SINGH,SACRAMENTO,Sacramento,CA,95821,2630 MARCONI AVE,21,00402818,30-SEP-2026
LIQUOR LOCKER,LIQUOR LOCKER,MB JOHAL LLC,SACRAMENTO,Sacramento,CA,95821-3615,3399 WATT AVE,21,00551690,31-DEC-2026
LIQUOR LOFT,LIQUOR LOFT,P S ENTERPRISES INC,SACRAMENTO,Sacramento,CA,95827,9791 LINCOLN VILLAGE DR 1,21,00583091,31-JUL-2026
LIQUOR VIDEO CENTER,LIQUOR VIDEO CENTER,SUPER SHOT RAJPURA INC,SACRAMENTO,Sacramento,CA,95842,7137 WALERGA RD,21,00539351,31-JAN-2027
LOCK & KEY TAPAS + BAR  THE,LOCK & KEY TAPAS + BAR  THE,WALTON HOSPITALITY  INC.,SACRAMENTO,Sacramento,CA,95816-4314,2718 J ST,58,00654212,31-DEC-2026
LOCK & KEY TAPAS + BAR  THE,LOCK & KEY TAPAS + BAR  THE,WALTON HOSPITALITY  INC.,SACRAMENTO,Sacramento,CA,95816-4314,2718 J ST,47,00654212,31-DEC-2026
LOCKED BARREL,LOCKED BARREL,KJ LLC,SACRAMENTO,Sacramento,CA,95814-2845,921 11TH ST,47,00617868,30-SEP-2026
LOCKED BARREL,LOCKED BARREL,KJ LLC,SACRAMENTO,Sacramento,CA,95814-2845,921 11TH ST,58,00617868,30-SEP-2026
LOLA'S LOUNGE,LOLA'S LOUNGE,THE LOLA GROUP INC,SACRAMENTO,Sacramento,CA,95818-2330,2424 16TH ST,47,00609749,30-JUN-2026
LONG SANDWICHES & RESTAURANT,LONG SANDWICHES & RESTAURANT,NGUYEN  HOI VAN,SACRAMENTO,Sacramento,CA,95823-1604,6451 STOCKTON BLVD,41,00548610,30-APR-2027
LOS JARRITOS RESTAURANT,LOS JARRITOS RESTAURANT,LA ESPERANZA ENTERPRISES  INC.,SACRAMENTO,Sacramento,CA,95818,2509 BROADWAY,47,00466387,31-JAN-2027
LOTTERY LIQUOR,LOTTERY LIQUOR,LAM  TONY SI,SACRAMENTO,Sacramento,CA,95826,8655 FOLSOM BLVD,21,00260834,30-APR-2027
LOTUS THAI CUISINE,LOTUS THAI CUISINE,MCARTHUR  LAMDUAN NANTA,SACRAMENTO,Sacramento,CA,95814-2310,425 J ST,41,00604483,30-JUN-2027
LUCCA RESTAURANT,LUCCA RESTAURANT,LUCCA L-PSHIP,SACRAMENTO,Sacramento,CA,95814,1615 J ST,47,00390134,28-FEB-2027
LUCID WINERY@ MIDTOWN  FARMERS MARKET SACRAMENTO C,LUCID WINERY@ MIDTOWN  FARMERS MARKET SACRAMENTO C,AMBROSE VENTURES  LLC,SACRAMENTO,Sacramento,CA,95811,1050 20TH ST,79,00636683,30-JUN-2026
LUCIDITY WINE MERCHANTS,LUCIDITY WINE MERCHANTS,LCDT MERCHANTS  LLC,SACRAMENTO,Sacramento,CA,95831,6590 LONGRIDGE WY,17,00650257,30-SEP-2026
LUCIDITY WINE MERCHANTS,LUCIDITY WINE MERCHANTS,LCDT MERCHANTS  LLC,SACRAMENTO,Sacramento,CA,95831,6590 LONGRIDGE WY,20,00650257,30-SEP-2026
LUCIDITY WINE MERCHANTS,LUCIDITY WINE MERCHANTS,LCDT MERCHANTS  LLC,SACRAMENTO,Sacramento,CA,95831,6590 LONGRIDGE WY,09,00650257,30-SEP-2026
LUIGI'S PIZZA PARLOR,LUIGI'S PIZZA PARLOR,LUIGI'S FAMILY RESTAURANT GROUP,SACRAMENTO,Sacramento,CA,95820-1336,3800 STOCKTON BLVD,58,00642970,30-SEP-2026
LUIGI'S PIZZA PARLOR,LUIGI'S PIZZA PARLOR,LUIGI'S FAMILY RESTAURANT GROUP,SACRAMENTO,Sacramento,CA,95820-1336,3800 STOCKTON BLVD,47,00642970,30-SEP-2026
LUMBERJACKS RESTAURANT,LUMBERJACKS RESTAURANT,JHATTU FOODS INC.,SACRAMENTO,Sacramento,CA,95841-4804,5820 MADISON AVE,41,00621464,31-MAR-2027
M & B DISCOUNT LIQUORS,M & B DISCOUNT LIQUORS,SANDHU  BALBIR KAUR,SACRAMENTO,Sacramento,CA,95821,2230 EL CAMINO AVE,21,00429213,31-JUL-2026
M & M LIQUOR AND FOOD,M & M LIQUOR AND FOOD,SUPREME ELMO INC,SACRAMENTO,Sacramento,CA,95826,8969 FOLSOM BLVD,21,00640141,31-AUG-2026
M & N LIQUOR & DELI,M & N LIQUOR & DELI,CIG MART  INC.,SACRAMENTO,Sacramento,CA,95826-1808,8722 LA RIVIERA DR,21,00560046,30-SEP-2026
MAKISU SUSHI,MAKISU SUSHI,MAKISU  INC.,SACRAMENTO,Sacramento,CA,95825-4709,2338 FAIR OAKS BLVD,41,00611523,
MAKISU SUSHI,MAKISU SUSHI,MAKISU  INC.,SACRAMENTO,Sacramento,CA,95825-4709,2338 FAIR OAKS BLVD,41,00611523,30-NOV-2026
MANGO'S CANTINA & GRILL,MANGO'S CANTINA & GRILL,LEGACY PROMOTIONS LLC,SACRAMENTO,Sacramento,CA,95811,1930 K ST,47,00543498,
MANGO'S CANTINA & GRILL,MANGO'S CANTINA & GRILL,LEGACY PROMOTIONS LLC,SACRAMENTO,Sacramento,CA,95811,1930 K ST,77,00543498,
MANGO'S CANTINA & GRILL,MANGO'S CANTINA & GRILL,LEGACY PROMOTIONS LLC,SACRAMENTO,Sacramento,CA,95811,1930 K ST,68,00543498,
MANGO'S CANTINA & GRILL,MANGO'S CANTINA & GRILL,LEGACY PROMOTIONS LLC,SACRAMENTO,Sacramento,CA,95811,1930 K ST,47,00543498,
MANGO'S CANTINA & GRILL,MANGO'S CANTINA & GRILL,LEGACY PROMOTIONS LLC,SACRAMENTO,Sacramento,CA,95811,1930 K ST,47,00543498,31-AUG-2026
MANGO'S CANTINA & GRILL,MANGO'S CANTINA & GRILL,LEGACY PROMOTIONS LLC,SACRAMENTO,Sacramento,CA,95811,1930 K ST,47,00543498,31-AUG-2026
MANGO'S CANTINA & GRILL,MANGO'S CANTINA & GRILL,LEGACY PROMOTIONS LLC,SACRAMENTO,Sacramento,CA,95811,1930 K ST,77,00543498,31-AUG-2026
MANGO'S CANTINA & GRILL,MANGO'S CANTINA & GRILL,LEGACY PROMOTIONS LLC,SACRAMENTO,Sacramento,CA,95811,1930 K ST,68,00543498,31-AUG-2026
MARINAS RESTAURANT,MARINAS RESTAURANT,BARRAGANBARRAGAN  CARLOS,SACRAMENTO,Sacramento,CA,95833-2538,2267 NORTHGATE BLVD,41,00467085,31-JUL-2026
MARTHA'S TAQUERIA AUTHENTIC MEXICAN FOOD INC,MARTHA'S TAQUERIA AUTHENTIC MEXICAN FOOD INC,MARTHA'S TAQUERIA AUTHENTIC MEXICAN FOOD INC,SACRAMENTO,Sacramento,CA,95842-3908,7753 ROSEVILLE RD,47,00599180,31-JAN-2027
MAS TACO BAR,MAS TACO BAR,TRES HERMANOS Y AMIGO 1  LLC,SACRAMENTO,Sacramento,CA,95864-7219,3535 FAIR OAKS BLVD,47,00595006,31-OCT-2026
MAS TACO BAR,MAS TACO BAR,TRES HERMANOS Y AMIGO 2  LLC,SACRAMENTO,Sacramento,CA,95811-6614,1800 15TH ST,47,00585562,28-FEB-2027
MASLAN WINES,MASLAN WINES,MASLAN WINES LLC,SACRAMENTO,Sacramento,CA,95825-1403,3400 COTTAGE WAY,17,00661133,30-SEP-2026
MASLAN WINES,MASLAN WINES,MASLAN WINES LLC,SACRAMENTO,Sacramento,CA,95825-1403,3400 COTTAGE WAY,20,00661133,30-SEP-2026
MASONS MA FONGS PARK ULTRA LOUNGE,MASONS MA FONGS PARK ULTRA LOUNGE,WONG  MASON KIM,SACRAMENTO,Sacramento,CA,95814,1431 L ST,47,00405337,31-AUG-2026
MASONS MA FONGS PARK ULTRA LOUNGE,MASONS MA FONGS PARK ULTRA LOUNGE,WONG  MASON KIM,SACRAMENTO,Sacramento,CA,95814,1431 L ST,77,00405337,31-AUG-2026
MASONS MA FONGS PARK ULTRA LOUNGE,MASONS MA FONGS PARK ULTRA LOUNGE,WONG  MASON KIM,SACRAMENTO,Sacramento,CA,95814,1431 L ST,47,00405337,31-AUG-2026
MAYA TRADITIONAL MEXICAN CUISINE,MAYA TRADITIONAL MEXICAN CUISINE,MAYA  MIGUEL ANGEL,SACRAMENTO,Sacramento,CA,95814-0103,455 BERCUT DR,47,00592799,31-MAY-2027
ME'S KITCHEN,ME'S KITCHEN,ME'S KITCHEN INC,SACRAMENTO,Sacramento,CA,95864-4933,2610 FAIR OAKS BLVD,41,00677471,30-APR-2027
MENDOCINO FARMS SANDWICH MARKET,MENDOCINO FARMS SANDWICH MARKET,MENDOCINO FARMS LLC,SACRAMENTO,Sacramento,CA,95822,4730 FREEPORT BLVD,41,00641837,31-MAR-2027
MENDOCINO FARMS SANDWICH MARKET,MENDOCINO FARMS SANDWICH MARKET,MENDOCINO FARMS LLC,SACRAMENTO,Sacramento,CA,95825-4708,2339 FAIR OAKS BLVD,41,00644888,30-SEP-2026
METAPHOR WINES  INCORPORATED,METAPHOR WINES  INCORPORATED,METAPHOR WINES INCORPORATED,SACRAMENTO,Sacramento,CA,95864-5619,420 HOPKINS RD,17,00510988,31-MAY-2027
METAPHOR WINES  INCORPORATED,METAPHOR WINES  INCORPORATED,METAPHOR WINES INCORPORATED,SACRAMENTO,Sacramento,CA,95864-5619,420 HOPKINS RD,20,00510988,31-MAY-2027
METAPHOR WINES  INCORPORATED,METAPHOR WINES  INCORPORATED,METAPHOR WINES INCORPORATED,SACRAMENTO,Sacramento,CA,95864-5619,420 HOPKINS RD,02,00510988,30-JUN-2027
METRO FOOD AND LIQUOR,METRO FOOD AND LIQUOR,METRO FOOD AND LIQUOR INC,SACRAMENTO,Sacramento,CA,95819,5380 H ST,21,00650001,31-AUG-2026
MEZCALL GRILL,MEZCALL GRILL,EMEX ENTERPRISES INC,SACRAMENTO,Sacramento,CA,95820-1860,5701 BROADWAY,47,00610849,31-MAR-2027
MEZCALL GRILL,MEZCALL GRILL,EMEX ENTERPRISES INC,SACRAMENTO,Sacramento,CA,95833-3631,1620 W EL CAMINO AVE,47,00597675,31-MAR-2027
MI CANTINA RESTAURANT,MI CANTINA RESTAURANT,MI CANTINA RESTAURANT AND BAR INC,SACRAMENTO,Sacramento,CA,95833-2502,2425 NORTHGATE BLVD,47,00651092,30-NOV-2026
MIDTOWN LIVE SPORTS AND EVENTS,MIDTOWN LIVE SPORTS AND EVENTS,MIDTOWN LIVE SACTOWN INC.,SACRAMENTO,Sacramento,CA,95814,1630 J ST,47,00676636,31-MAR-2027
MIDTOWN LIVE SPORTS AND EVENTS,MIDTOWN LIVE SPORTS AND EVENTS,MIDTOWN LIVE SACTOWN INC.,SACRAMENTO,Sacramento,CA,95814,1630 J ST,47,00676636,31-MAR-2027
MIDTOWN LOUNGE,MIDTOWN LOUNGE,AMIGOS Y BEBIDAS LLC,SACRAMENTO,Sacramento,CA,95816,1111 24TH ST,41,00640415,31-JAN-2027
MIKES LIQUOR,MIKES LIQUOR,KAUR  RAJVIR,SACRAMENTO,Sacramento,CA,95842-3028,5621 HILLSDALE BLVD,21,00556585,30-JUN-2027
MIKES LIQUOR,MIKES LIQUOR,BOPARAI  JAGDISH KAUR,SACRAMENTO,Sacramento,CA,95822-3313,5916 S LAND PARK DR,21,00504979,31-DEC-2026
MIKUNI JAPANESE RESTAURANT & SUSHI BAR,MIKUNI JAPANESE RESTAURANT & SUSHI BAR,MIKUNI RESTAURANT GROUP INC,SACRAMENTO,Sacramento,CA,95814-2052,1530 J ST,47,00462909,
MIKUNI JAPANESE RESTAURANT & SUSHI BAR,MIKUNI JAPANESE RESTAURANT & SUSHI BAR,MIKUNI RESTAURANT GROUP INC,SACRAMENTO,Sacramento,CA,95825,2339 FAIR OAKS BLVD,47,00650362,
MIKUNI JAPANESE RESTAURANT & SUSHI BAR,MIKUNI JAPANESE RESTAURANT & SUSHI BAR,MIKUNI RESTAURANT GROUP INC,SACRAMENTO,Sacramento,CA,95814-2052,1530 J ST,47,00462909,28-FEB-2027
MIKUNI JAPANESE RESTAURANT & SUSHI BAR,MIKUNI JAPANESE RESTAURANT & SUSHI BAR,MIKUNI RESTAURANT GROUP INC,SACRAMENTO,Sacramento,CA,95825,2339 FAIR OAKS BLVD,47,00650362,28-FEB-2027
MILANO PIZZA  INC,MILANO PIZZA  INC,GHALATAK  FRED EBRAHIMI,SACRAMENTO,Sacramento,CA,95820-3222,3900 60TH ST,41,00597451,31-DEC-2026
MING DYNASTY SEAFOOD RESTAURANT,MING DYNASTY SEAFOOD RESTAURANT,M J WOO  INC.,SACRAMENTO,Sacramento,CA,95818-2216,1211 BROADWAY,41,00595728,31-AUG-2026
MISO JAPANESE RESTAURANT,MISO JAPANESE RESTAURANT,G WEALTH 88  INC.,SACRAMENTO,Sacramento,CA,95818-2301,1517 BROADWAY,47,00562521,30-NOV-2026
MISSION LIQUOR & FOOD,MISSION LIQUOR & FOOD,MISSION LIQUOR & FOOD INC,SACRAMENTO,Sacramento,CA,95821,4654 WHITNEY AVE,21,00485238,31-AUG-2026
MIYAGI BAR AND SUSHI,MIYAGI BAR AND SUSHI,KHOV RESTAURANT GROUP INC,SACRAMENTO,Sacramento,CA,95825,2580 FAIR OAKS BLVD,47,00526285,30-NOV-2026
MOD PIZZA,MOD PIZZA,EXCEED G2 LLC,SACRAMENTO,Sacramento,CA,95825-2262,2100 ARDEN WAY,41,00665103,28-FEB-2027
MONSOON BURGER,MONSOON BURGER,MONSOON BURGER INC,SACRAMENTO,Sacramento,CA,95835-2500,4740 NATOMAS BLVD,41,00568068,30-APR-2027
MORALES CARNICERIA & MARKET,MORALES CARNICERIA & MARKET,MORALES CARNICERIA & MARKET LLC,SACRAMENTO,Sacramento,CA,95823-2324,6830 STOCKTON BLVD,20,00588566,31-JAN-2027
MORALES CARNICERIA & MARKET,MORALES CARNICERIA & MARKET,MORALES CARNICERIA & MARKET LLC,SACRAMENTO,Sacramento,CA,95823-2324,6830 STOCKTON BLVD,41,00588566,31-JAN-2027
MORTON GOLF LLC,MORTON GOLF LLC,MORTON GOLF LLC,SACRAMENTO,Sacramento,CA,95822-5908,6801 FREEPORT BLVD,47,00658452,30-JUN-2027
MORTON GOLF LLC,MORTON GOLF LLC,MORTON GOLF LLC,SACRAMENTO,Sacramento,CA,95822-1261,1701 SUTTERVILLE RD,47,00659122,31-JUL-2026
MOTHER LODE BAR & DELI THE,MOTHER LODE BAR & DELI THE,LIRA  LORNA MORENE,SACRAMENTO,Sacramento,CA,95815,1424 SILICA AVE,47,00428983,31-AUG-2026
MOTHER RESTAURANT,MOTHER RESTAURANT,VENTURO INC,SACRAMENTO,Sacramento,CA,95816-5031,2319 K ST,41,00648959,31-JUL-2026
MOUNTAIN MIKE'S PIZZA,MOUNTAIN MIKE'S PIZZA,SBFOODS,SACRAMENTO,Sacramento,CA,95841-2904,5640 AUBURN BLVD,41,00618819,31-OCT-2026
MOUNTAIN MIKE'S PIZZA,MOUNTAIN MIKE'S PIZZA,MANN & MANN FOODS  INC.,SACRAMENTO,Sacramento,CA,95811-6818,1900 S ST,41,00634323,31-JAN-2027
MOUNTAIN MIKE'S PIZZA,MOUNTAIN MIKE'S PIZZA,STAR PLUS PIZZA INC,SACRAMENTO,Sacramento,CA,95823-2309,8211 BRUCEVILLE RD,41,00623220,28-FEB-2027
MOUNTAIN MIKE'S PIZZA,MOUNTAIN MIKE'S PIZZA,PHARWALA ENTERPRISES INC,SACRAMENTO,Sacramento,CA,95823,4623 MACK RD,41,00625859,30-SEP-2026
MOUNTAIN MIKE'S PIZZA,MOUNTAIN MIKE'S PIZZA,NATOMAS FOODS INC,SACRAMENTO,Sacramento,CA,95834-2320,2069 ARENA BLVD,41,00616166,30-SEP-2026
MOUNTAIN MIKE'S PIZZA,MOUNTAIN MIKE'S PIZZA,SKYHIGH PIZZA EATERY INC,SACRAMENTO,Sacramento,CA,95825-3603,1319 FULTON AVE,41,00656942,30-JUN-2027
MOUNTAIN MIKE'S PIZZA,MOUNTAIN MIKE'S PIZZA,BAL TIWANA RETAIL VENTURES LLC,SACRAMENTO,Sacramento,CA,95822,4720 FREEPORT BLVD,41,00627787,30-NOV-2026
MOUNTAIN MIKE'S PIZZA,MOUNTAIN MIKE'S PIZZA,DUS CORPORATION,SACRAMENTO,Sacramento,CA,95827-3275,3609 BRADSHAW RD,41,00664408,31-MAR-2027
MOUNTAIN MIKE'S PIZZA,MOUNTAIN MIKE'S PIZZA,PP PIZZA CORPORATION,SACRAMENTO,Sacramento,CA,95828-4302,7808 GERBER RD,41,00669909,31-OCT-2026
MOUNTAIN MIKES PIZZA,MOUNTAIN MIKES PIZZA,GREEN LINE TRADING INC,SACRAMENTO,Sacramento,CA,95833-3942,2610 GATEWAY OAKS DR,41,00560122,30-SEP-2026
MOUNTAIN MIKES PIZZA,MOUNTAIN MIKES PIZZA,A 1 PIZZA INC,SACRAMENTO,Sacramento,CA,95831-5272,7465 RUSH RIVER DR,41,00631319,28-FEB-2027
MOUNTAIN MIKES PIZZA,MOUNTAIN MIKES PIZZA,J.P. SANGHERA LLC,SACRAMENTO,Sacramento,CA,95826-5704,7660 LA RIVIERA DR,41,00618784,31-OCT-2026
MR B LIQUOR,MR B LIQUOR,J S ATWAL INC,SACRAMENTO,Sacramento,CA,95819-4534,5121 FOLSOM BLVD,21,00583057,31-JAN-2027
MR. CRAB SEAFOOD GRILL & BAR,MR. CRAB SEAFOOD GRILL & BAR,MASTER CRAB INC,SACRAMENTO,Sacramento,CA,95834-3603,3581 TRUXEL RD,47,00631540,30-APR-2027
MUIR WAY MARKET,MUIR WAY MARKET,SINGH  RAJDIP,SACRAMENTO,Sacramento,CA,95818-2127,2736 MUIR WAY,21,00655695,31-OCT-2026
MVP SPORTS GRILL,MVP SPORTS GRILL,CAIMA VENTURES LLC,SACRAMENTO,Sacramento,CA,95816-4925,2110 L ST,47,00505667,
MVP SPORTS GRILL,MVP SPORTS GRILL,CAIMA VENTURES LLC,SACRAMENTO,Sacramento,CA,95816-4925,2110 L ST,58,00505667,
NAGATO JAPANESE RESTAURANT,NAGATO JAPANESE RESTAURANT,KAWANO  FUMIE,SACRAMENTO,Sacramento,CA,95821-5296,2820 MARCONI AVENUE,41,00526781,28-FEB-2027
NATOMAS FAMILY GOLF CENTER,NATOMAS FAMILY GOLF CENTER,CHEEMA  BHUPINDER KAUR,SACRAMENTO,Sacramento,CA,95833,3060 EL CENTRO RD,40,00400274,31-MAY-2027
NATOMAS FOOD & LIQUOR,NATOMAS FOOD & LIQUOR,SUPER SHOT RAJPURA INC,SACRAMENTO,Sacramento,CA,95834,4000 E COMMERCE WAY,21,00539620,28-FEB-2027
NATOMAS LIQUOR & DELI,NATOMAS LIQUOR & DELI,KHABRA  SATINDAR SINGH,SACRAMENTO,Sacramento,CA,95833,3291 TRUXEL RD,21,00537513,28-FEB-2027
NATOMAS WINE AND SPIRITS,NATOMAS WINE AND SPIRITS,NATOMAS WINE AND SPIRITS  INC,SACRAMENTO,Sacramento,CA,95833-1921,1620 W EL CAMINO AVE,21,00577649,
NATOMAS WINE AND SPIRITS,NATOMAS WINE AND SPIRITS,NATOMAS WINE AND SPIRITS  INC,SACRAMENTO,Sacramento,CA,95833-1921,1620 W EL CAMINO AVE,21,00577649,30-APR-2027
NATOMAS WINE AND SPIRITS,NATOMAS WINE AND SPIRITS,NATOMAS WINE AND SPIRITS  INC,SACRAMENTO,Sacramento,CA,95833-1921,1620 W EL CAMINO AVE,21,00577649,
NENAS MEXICAN RESTAURANT INC,NENAS MEXICAN RESTAURANT INC,NENAS MEXICAN RESTAURANT INC,SACRAMENTO,Sacramento,CA,95811-0108,232 JIBBOOM ST,47,00535807,31-DEC-2026
NEW ARCADE MARKET,NEW ARCADE MARKET,KUMAR  SURESH,SACRAMENTO,Sacramento,CA,95815-1408,3173 MARYSVILLE BLVD,21,00620786,31-JUL-2027
NEW ASIA SUPERMARKET,NEW ASIA SUPERMARKET,ROYAL CAPITAL GROUP LLC,SACRAMENTO,Sacramento,CA,95823-1605,6418 STOCKTON BLVD,20,00446904,30-NOV-2026
NEW CHINA RESTAURANT,NEW CHINA RESTAURANT,SJBHK INC,SACRAMENTO,Sacramento,CA,95831-1152,6363 RIVERSIDE BLVD,41,00657452,31-JUL-2026
NEW CHINA STATION RESTAURANT,NEW CHINA STATION RESTAURANT,R2D ENTERPRISES LLC,SACRAMENTO,Sacramento,CA,95828-4402,8136 GERBER RD,41,00475969,
NEW KATHMANDU KITCHEN,NEW KATHMANDU KITCHEN,NEW KATHMANDU KITCHEN INC,SACRAMENTO,Sacramento,CA,95816-5431,3672 J ST,41,00639268,31-DEC-2026
NEW OSAKA JAPANESE CUISINE LLC,NEW OSAKA JAPANESE CUISINE LLC,NEW OSAKA JAPANESE CUISINE  LLC,SACRAMENTO,Sacramento,CA,95823,8785 CENTER PKWY,41,00666536,28-FEB-2027
NEW STATION RESTAURANT,NEW STATION RESTAURANT,NG  JACK L,SACRAMENTO,Sacramento,CA,95818,1800 BROADWAY,41,00633263,31-AUG-2026
NICK'S MARKET,NICK'S MARKET,KAUR  RAVINDER,SACRAMENTO,Sacramento,CA,95818-1613,1700 V ST,21,00652354,31-JUL-2027
NIXTACO / BAWK!,NIXTACO / BAWK!,HIGH FLYING FOODS SMF  LLC,SACRAMENTO,Sacramento,CA,95837,6900 AIRPORT BLVD,47,00675427,30-APR-2027
NOOK BISTRO AND WINE BAR,NOOK BISTRO AND WINE BAR,THE NOOK BISTRO AND WINE BAR LLC,SACRAMENTO,Sacramento,CA,95816-3416,3610 MCKINLEY BLVD,41,00645230,31-MAY-2027
NORTHGATE FOOD & LIQUOR,NORTHGATE FOOD & LIQUOR,INNOVATIONS INC.,SACRAMENTO,Sacramento,CA,95833,3016 NORTHGATE BLVD,21,00630996,30-NOV-2026
NUGGET MARKET,NUGGET MARKET,NUGGET MARKET INC,SACRAMENTO,Sacramento,CA,95831,1040 FLORIN RD,21,00399283,
NUGGET MARKET,NUGGET MARKET,NUGGET MARKET INC,SACRAMENTO,Sacramento,CA,95831,1040 FLORIN RD,41,00399283,
NUGGET MARKET,NUGGET MARKET,NUGGET MARKET INC,SACRAMENTO,Sacramento,CA,95831,1040 FLORIN RD,86,00399283,
NUGGET MARKET,NUGGET MARKET,NUGGET MARKET INC,SACRAMENTO,Sacramento,CA,95831,1040 FLORIN RD,21,00399283,31-AUG-2026
NUGGET MARKET,NUGGET MARKET,NUGGET MARKET INC,SACRAMENTO,Sacramento,CA,95831,1040 FLORIN RD,41,00399283,31-AUG-2026
NUGGET MARKET,NUGGET MARKET,NUGGET MARKET INC,SACRAMENTO,Sacramento,CA,95831,1040 FLORIN RD,86,00399283,31-AUG-2026
NUGGET MARKET,NUGGET MARKET,NUGGET MARKET INC,SACRAMENTO,Sacramento,CA,95831,1040 FLORIN RD,21,00399283,
NUGGET MARKET,NUGGET MARKET,NUGGET MARKET INC,SACRAMENTO,Sacramento,CA,95831,1040 FLORIN RD,41,00399283,
O'MALLY'S PUB,O'MALLY'S PUB,O'MALLY'S PUB LLC,SACRAMENTO,Sacramento,CA,95814,1109 2ND ST,47,00654170,30-NOV-2026
O'MALLY'S PUB,O'MALLY'S PUB,O'MALLY'S PUB LLC,SACRAMENTO,Sacramento,CA,95814,1109 2ND ST,58,00654170,30-NOV-2026
OAK PARK BARDEGA,OAK PARK BARDEGA,BARDEGA BOYS LLC,SACRAMENTO,Sacramento,CA,95817-2840,3326 BROADWAY,41,00675179,31-DEC-2026
OAK PARK MARKET,OAK PARK MARKET,LOUIE  FRANK M,SACRAMENTO,Sacramento,CA,95817,3300 12TH AVE,20,00274742,28-FEB-2027
OCEAN SUSHI,OCEAN SUSHI,OCEAN SUSHI,SACRAMENTO,Sacramento,CA,95831,7485 RUSH RIVER DR,41,00533115,
OISHII SUSHI & HEARTBEAT KTV,OISHII SUSHI & HEARTBEAT KTV,SUSHI INTEREST INC,SACRAMENTO,Sacramento,CA,95814-3831,1000 K ST,47,00576919,31-MAR-2027
OLD TAVERN,OLD TAVERN,RICHARDS  BRUCE DANIEL,SACRAMENTO,Sacramento,CA,95814,1510 20TH ST,58,00624783,30-SEP-2026
OLD TAVERN,OLD TAVERN,RICHARDS  BRUCE DANIEL,SACRAMENTO,Sacramento,CA,95814,1510 20TH ST,47,00624783,30-SEP-2026
OLD TAVERN DISTILLERY LLC,OLD TAVERN DISTILLERY LLC,OLD TAVERN DISTILLERY  LLC,SACRAMENTO,Sacramento,CA,95826-3833,3443 RAMONA AVE,06,00563232,28-FEB-2027
OLD TAVERN DISTILLERY LLC,OLD TAVERN DISTILLERY LLC,OLD TAVERN DISTILLERY  LLC,SACRAMENTO,Sacramento,CA,95826-3833,3443 RAMONA AVE,04,00563232,28-FEB-2027
OLIVE GARDEN ITALIAN RESTAURANT #6466  THE,OLIVE GARDEN ITALIAN RESTAURANT #6466  THE,OLIVE GARDEN HOLDINGS  LLC,SACRAMENTO,Sacramento,CA,95834-2903,3511 N FREEWAY BLVD,47,00632548,30-JUN-2027
OLIVE GARDEN ITALIAN RESTAURANT THE 1241,OLIVE GARDEN ITALIAN RESTAURANT THE 1241,GMRI INC,SACRAMENTO,Sacramento,CA,95815,1780 CHALLENGE WY,47,00261712,31-DEC-2026
ONE SPEED PIZZA,ONE SPEED PIZZA,RYLO MANAGEMENT  LLC,SACRAMENTO,Sacramento,CA,95837,6900 AIRPORT BLVD,47,00677826,31-MAY-2027
ONE STOP MARKET,ONE STOP MARKET,ELITE CAPITAL INVESTMENTS,SACRAMENTO,Sacramento,CA,95822,5960 24TH ST,21,00507800,28-FEB-2027
ORCHID THAI,ORCHID THAI,HD CAPITAL GROUP  INC,SACRAMENTO,Sacramento,CA,95814-6046,1609 16TH ST,47,00542070,30-NOV-2026
ORIGAMI ASIAN GRILL,ORIGAMI ASIAN GRILL,A CHEF'S MENTALITY LLC,SACRAMENTO,Sacramento,CA,95819,4801 FOLSOM BLVD,41,00591006,31-MAY-2026
ORIGINAL CHICAGO PIZZA & CURRY THE,ORIGINAL CHICAGO PIZZA & CURRY THE,GILL PIZZA  INC,SACRAMENTO,Sacramento,CA,95833-1065,3291 TRUXEL RD,41,00623365,28-FEB-2027
OSAKA SUSHI,OSAKA SUSHI,FEATHER PEAK  INC.,SACRAMENTO,Sacramento,CA,95814-3950,1200 K ST,41,00538733,
OSHIMA SUSHI CHINA BISTRO & BAR,OSHIMA SUSHI CHINA BISTRO & BAR,OSHIMA SUSHI INC,SACRAMENTO,Sacramento,CA,95834,2071 NATOMAS CROSSING DR,47,00404451,31-JAN-2027
OSPREY 1 LIQUOR AND FOOD,OSPREY 1 LIQUOR AND FOOD,DOABA 11  INC.,SACRAMENTO,Sacramento,CA,95825-1916,2538 COTTAGE WAY,21,00645361,30-APR-2027
OTORO SUSHI & SHABU,OTORO SUSHI & SHABU,OTORO SHABU CORPORATION,SACRAMENTO,Sacramento,CA,95816-4709,2127-31 J ST,47,00589905,28-FEB-2027
OTOS MARKET PLACE,OTOS MARKET PLACE,OTOS JAPAN FOOD INC,SACRAMENTO,Sacramento,CA,95822-2153,4990 FREEPORT BLVD,20,00453873,30-JUN-2027
OUR MUSHROOM TAVERN,OUR MUSHROOM TAVERN,BRUTON-GREEN  PATRICIA  SIGRID,SACRAMENTO,Sacramento,CA,95826,3637 SOUTHPORT DR,48,00657818,31-MAY-2027
OZ KOREAN BBQ RESTAURANT,OZ KOREAN BBQ RESTAURANT,OHGANE  INC.,SACRAMENTO,Sacramento,CA,95827,3343 BRADSHAW RD,47,00411049,
OZ KOREAN BBQ RESTAURANT,OZ KOREAN BBQ RESTAURANT,OHGANE  INC.,SACRAMENTO,Sacramento,CA,95827,3343 BRADSHAW RD,47,00411049,30-JUN-2027
P & J GROCERY AND LIQUOR,P & J GROCERY AND LIQUOR,P & J GROCERY AND LIQUOR LLC,SACRAMENTO,Sacramento,CA,95824,4800 47TH AVE,21,00634032,30-APR-2027
PACIFIC MARKET,PACIFIC MARKET,HMJ FOOD CORPORATION,SACRAMENTO,Sacramento,CA,95816-6311,2500 P ST,20,00509829,
PACIFIC MARKET,PACIFIC MARKET,HMJ FOOD CORPORATION,SACRAMENTO,Sacramento,CA,95816-6311,2500 P ST,21,00662506,31-JAN-2027
PAL'S WINE & LIQUOR,PAL'S WINE & LIQUOR,DHALIWAL  BALRAJ SINGH,SACRAMENTO,Sacramento,CA,95828-4302,7812 GERBER RD,21,00621826,30-JUN-2027
PANGAEA CAFE,PANGAEA CAFE,ARCHIE  ROBERT LEE,SACRAMENTO,Sacramento,CA,95818-2717,2743 FRANKLIN BLVD,41,00453098,31-MAY-2026
PANGAEA CAFE,PANGAEA CAFE,ARCHIE  ROBERT LEE,SACRAMENTO,Sacramento,CA,95818-2717,2743 FRANKLIN BLVD,77,00453098,31-MAY-2026
PANGAEA CAFE,PANGAEA CAFE,ARCHIE  ROBERT LEE,SACRAMENTO,Sacramento,CA,95818-2717,2743 FRANKLIN BLVD,58,00453098,31-MAY-2026
PARAGARYS BAR & OVEN,PARAGARYS BAR & OVEN,PARAMOOR INC,SACRAMENTO,Sacramento,CA,95816-6404,1401 28TH ST,47,00109310,31-OCT-2026
PARAGARYS BAR & OVEN,PARAGARYS BAR & OVEN,PARAMOOR INC,SACRAMENTO,Sacramento,CA,95816-6404,1401 28TH ST,47,00109310,31-OCT-2026
PARAGARYS BAR & OVEN,PARAGARYS BAR & OVEN,PARAMOOR INC,SACRAMENTO,Sacramento,CA,95816-6404,1401 28TH ST,58,00109310,31-OCT-2026
PARK & SAVE MARKET,PARK & SAVE MARKET,KAUR  JASVIR,SACRAMENTO,Sacramento,CA,95815-1233,3041 RIO LINDA BLVD,21,00443348,31-JUL-2026
PARK TERRACE SWIMMING & TENNIS CLUB,PARK TERRACE SWIMMING & TENNIS CLUB,PARK TERRACE SWIMMING & TENNIS CLUB,SACRAMENTO,Sacramento,CA,95822,5500 PARKFIELD CT,51,00039223,31-MAR-2027
PEACE MARKET,PEACE MARKET,SHIVUM LIMITED LIABILITY COMPANY,SACRAMENTO,Sacramento,CA,95814-6106,1801 O ST,20,00524656,31-MAY-2027
PENNISIS DELI,PENNISIS DELI,MORRIS  BILL JAMES,SACRAMENTO,Sacramento,CA,95814,1237 J ST,41,00355274,31-JUL-2026
PEOPLE SUPERMARKET INC,PEOPLE SUPERMARKET INC,PEOPLE SUPERMARKET INC,SACRAMENTO,Sacramento,CA,95823,7478 STOCKTON BLVD,20,00503759,31-MAR-2027
PETE'S RESTAURANT & BREWHOUSE,PETE'S RESTAURANT & BREWHOUSE,JIB FOODS INC,SACRAMENTO,Sacramento,CA,95825-2216,2100 ARDEN WAY,47,00597674,30-SEP-2026
PETE'S RESTAURANT & BREWHOUSE,PETE'S RESTAURANT & BREWHOUSE,JIB FOODS INC,SACRAMENTO,Sacramento,CA,95825-2216,2100 ARDEN WAY,47,00597674,30-SEP-2026
PETER FRANUS WINE COMPANY,PETER FRANUS WINE COMPANY,PETER FRANUS WINE COMPANY INC,SACRAMENTO,Sacramento,CA,95818,1650 9TH AVE,02,00521890,30-JUN-2027
PHAYA THAI HALAL,PHAYA THAI HALAL,PHAYA THAI HALAL LLC,SACRAMENTO,Sacramento,CA,95821-4310,4310 MARCONI AVE,41,00658524,30-JUN-2026
PHO BAC HOA VIET - BRADSHAW,PHO BAC HOA VIET - BRADSHAW,BH HOSPITALITY GROUP CORPORATION,SACRAMENTO,Sacramento,CA,95827,3110 BRADSHAW RD,47,00634953,31-MAY-2027
PHO BAC HOA VIET RESTAURANT,PHO BAC HOA VIET RESTAURANT,CHAN  JACKY WING,SACRAMENTO,Sacramento,CA,95831,7600 GREENHAVEN DR,41,00423189,30-JUN-2026
PHO BAC HOA VIET RESTAURANT,PHO BAC HOA VIET RESTAURANT,DAO  UT VAN,SACRAMENTO,Sacramento,CA,95823-1697,6645 STOCKTON BLVD,41,00553815,31-MAR-2027
PHO BOLSA,PHO BOLSA,QUACH  LING NGOC,SACRAMENTO,Sacramento,CA,95824,5815 STOCKTON BLVD,41,00583684,31-DEC-2026
PHO CITY VIETNAMESE CUISINE,PHO CITY VIETNAMESE CUISINE,NGUYEN  MARIA THI,SACRAMENTO,Sacramento,CA,95824-4520,6175 STOCKTON BLVD,41,00581573,31-JUL-2026
PHO FRESH 2U,PHO FRESH 2U,PHO FRESH LLC,SACRAMENTO,Sacramento,CA,95829-9524,8325 ELK GROVE FLORIN RD,41,00660394,31-OCT-2026
PHO SAIGON BAY,PHO SAIGON BAY,QUANG THAI FOOD LLC,SACRAMENTO,Sacramento,CA,95825-3360,1537 HOWE AVE,41,00536000,31-OCT-2026
PHO VIET 2,PHO VIET 2,PHO VIET  LLC,SACRAMENTO,Sacramento,CA,95833,1589 W EL CAMINO AVE,41,00603017,28-FEB-2027
PHO VUNG TAU BAY,PHO VUNG TAU BAY,NGUYEN  SON THAI,SACRAMENTO,Sacramento,CA,95842-3904,5880 ANTELOPE RD,41,00614861,30-APR-2027
PIER 50 SUSHI,PIER 50 SUSHI,FUKUMI SUSHI LLC,SACRAMENTO,Sacramento,CA,95815-5009,1735 ARDEN WAY,47,00654487,31-MAR-2027
PINE COVE TAVERN,PINE COVE TAVERN,ANDERSON & RADEMAKER LLC,SACRAMENTO,Sacramento,CA,95816,502 29TH ST,48,00433686,31-JAN-2027
PIZZA CLUB,PIZZA CLUB,CRUST & CRAFT PIZZA INC,SACRAMENTO,Sacramento,CA,95823-4656,6427 MACK RD,41,00667402,30-APR-2027
PIZZA SUPREME BEING,PIZZA SUPREME BEING,PIZZA SUPREME BEING  LLC,SACRAMENTO,Sacramento,CA,95814-5982,1425 14TH ST,41,00605718,30-JUN-2026
PIZZA TWIST,PIZZA TWIST,JDX INVESTMENT INC,SACRAMENTO,Sacramento,CA,95816,2915 K ST,41,00645215,31-MAR-2027
PIZZA TWIST,PIZZA TWIST,FIVE WATERS GROUP LLC,SACRAMENTO,Sacramento,CA,95823-5434,7431 W STOCKTON BLVD,41,00669092,30-JUN-2026
PIZZA WITH SPICE,PIZZA WITH SPICE,PIZZA WITH SPICE LLC,SACRAMENTO,Sacramento,CA,95832,1915 COSUMNES RIVER BLVD,41,00667529,30-APR-2027
PIZZASAURUS REX,PIZZASAURUS REX,OLD TOWN PIZZA & TAP HOUSEINC.,SACRAMENTO,Sacramento,CA,95816-5013,2322 K ST,47,00642646,31-AUG-2026
PLAN B RESTAURANT,PLAN B RESTAURANT,PLAN B RESTAURANTS,SACRAMENTO,Sacramento,CA,95864-7205,555 LA SIERRA DR,47,00588662,31-JAN-2027
POCKET CLUB,POCKET CLUB,MARGARET MCGRAW ENTERPRISES LLC,SACRAMENTO,Sacramento,CA,95822,5043 FREEPORT BLVD,48,00661059,31-MAR-2027
POKE FIX FISH BAR,POKE FIX FISH BAR,POKE FIX  LLC,SACRAMENTO,Sacramento,CA,95834-3614,3880 TRUXEL RD,41,00592613,30-APR-2027
PONDEROSA CIDER CO@ MIDTOWN FARMERS MARKET,PONDEROSA CIDER CO@ MIDTOWN FARMERS MARKET,PONDEROSA CIDER CO. LLC,SACRAMENTO,Sacramento,CA,95811,1050 20TH ST,79,00676134,30-JUN-2027
PORCH RESTAURANT & BAR THE,PORCH RESTAURANT & BAR THE,CAPITOL GARAGE INC,SACRAMENTO,Sacramento,CA,95814,1815 K ST,47,00514157,31-OCT-2026
PRESS CLUB,PRESS CLUB,MIDTOWN BARFLY LLC,SACRAMENTO,Sacramento,CA,95811,1119 21ST ST,47,00523092,31-OCT-2026
PRESTIGE LIQUOR,PRESTIGE LIQUOR,SANDHU  JASWINDER KAUR,SACRAMENTO,Sacramento,CA,95825-3907,1050 HOWE AVE,21,00550488,31-MAY-2027
PRESTO FOOD & LIQUOR,PRESTO FOOD & LIQUOR,SINGH  MANDHIR,SACRAMENTO,Sacramento,CA,95823-4601,6625 VALLEY HI DR,21,00632008,30-APR-2027
PRICE CUTTER MARKET,PRICE CUTTER MARKET,DIV & BHANGU INC.,SACRAMENTO,Sacramento,CA,95864-3702,3033 HURLEY WAY,21,00538318,30-NOV-2026
PRIME MARKET,PRIME MARKET,HMA MARKET CORP,SACRAMENTO,Sacramento,CA,95825-6418,861 FULTON AVE,21,00676581,30-APR-2027
PRIME TYME LOUNGE,PRIME TYME LOUNGE,LOGAN & RAY INC,SACRAMENTO,Sacramento,CA,95828-3140,8011 FLORIN RD,47,00624216,
PRIMETIME ATHLETICS SPORTS ARENA,PRIMETIME ATHLETICS SPORTS ARENA,PRIMETIME ATHLETICS SPORTS ARENA LLC,SACRAMENTO,Sacramento,CA,95815-3514,1960 RAILROAD DR,41,00656686,30-APR-2026
PRIT MARKET,PRIT MARKET,BUDWAL  CHARAN,SACRAMENTO,Sacramento,CA,95820-2723,3946 MARTIN LUTHER KING JR BLVD,21,00661410,30-JUN-2026
PRIYA INDIAN CUISINE,PRIYA INDIAN CUISINE,KRISHNA INC,SACRAMENTO,Sacramento,CA,95825-3232,1310 HOWE AVE,41,00661652,30-SEP-2026
PS WINE BEER & GROCERY,PS WINE BEER & GROCERY,K&K VENTURES LLC,SACRAMENTO,Sacramento,CA,95816,2800 T ST,20,00674325,31-DEC-2026
PUNCHLINE COMEDY CLUB,PUNCHLINE COMEDY CLUB,HOB PUNCH LINE S.F. CORP.,SACRAMENTO,Sacramento,CA,95825-2276,2100 ARDEN WAY,47,00530626,31-MAR-2027
PUNCHLINE COMEDY CLUB,PUNCHLINE COMEDY CLUB,HOB PUNCH LINE S.F. CORP.,SACRAMENTO,Sacramento,CA,95825-2276,2100 ARDEN WAY,47,00530626,31-MAR-2027
Q STREET BAR & GRILL,Q STREET BAR & GRILL,CHEN  ANDREW KEN,SACRAMENTO,Sacramento,CA,95811,2013 Q ST,47,00644459,31-DEC-2026
QUICK SHOP MARKET,QUICK SHOP MARKET,QUICK SHOP MARKET INC,SACRAMENTO,Sacramento,CA,95818-2752,2830 FRANKLIN BLVD,20,00450665,30-JUN-2027
QUICK STOP MARKET #135,QUICK STOP MARKET #135,QUIK STOP MARKETS INC,SACRAMENTO,Sacramento,CA,95842,5764 ANTELOPE RD,20,00614905,30-JUN-2027
QUIK STOP MARKET,QUIK STOP MARKET,QUIK STOP MARKETS INC,SACRAMENTO,Sacramento,CA,95828,8500 FLORIN RD,20,00405856,30-JUN-2027
QUIK STOP MARKET #551096,QUIK STOP MARKET #551096,QUIK STOP MARKETS INC,SACRAMENTO,Sacramento,CA,95815-1411,3296 MARYSVILLE BLVD,20,00636807,30-JUN-2027
QUIK STOP MARKET #551111,QUIK STOP MARKET #551111,QUIK STOP MARKETS INC,SACRAMENTO,Sacramento,CA,95820-6415,3920 FRUITRIDGE RD,20,00664336,30-JUN-2027
QUIK STOP MARKET 2139,QUIK STOP MARKET 2139,QUIK STOP MARKETS INC,SACRAMENTO,Sacramento,CA,95825,1295 FULTON AVE,20,00431185,30-JUN-2027
RAINBOW MARKET,RAINBOW MARKET,GARCHA  HARJINDER KAUR,SACRAMENTO,Sacramento,CA,95838,3810 MARYSVILLE BLVD,21,00442065,31-MAY-2027
REPUBLIC BAR AND GRILL,REPUBLIC BAR AND GRILL,RBG 1 LLC,SACRAMENTO,Sacramento,CA,95814-2010,908 15TH ST,47,00517171,
RESTAURANT DEPOT,RESTAURANT DEPOT,RD AMERICA LLC,SACRAMENTO,Sacramento,CA,95814-0427,1275 VINE ST,18,00480948,31-OCT-2026
RESTAURANT DEPOT,RESTAURANT DEPOT,RD AMERICA LLC,SACRAMENTO,Sacramento,CA,95814-0427,1275 VINE ST,17,00480948,30-NOV-2026
RESTAURANT DEPOT,RESTAURANT DEPOT,RD AMERICA LLC,SACRAMENTO,Sacramento,CA,95814-0427,1275 VINE ST,12,00480948,31-OCT-2026
RESTAURANT DEPOT,RESTAURANT DEPOT,RD AMERICA LLC,SACRAMENTO,Sacramento,CA,95814-0427,1275 VINE ST,09,00480948,30-NOV-2026
REVOLUTION WINES,REVOLUTION WINES,REVOLUTION WINES LLC,SACRAMENTO,Sacramento,CA,95816-7319,2831 S ST,02,00484217,30-JUN-2027
RICE BOWL RESTAURANT,RICE BOWL RESTAURANT,BILLYKHIEM LLC,SACRAMENTO,Sacramento,CA,95822-4403,2378 FLORIN RD,47,00673967,28-FEB-2027
RICE NOODLES RESTAURANT,RICE NOODLES RESTAURANT,DUONG  TU TAN,SACRAMENTO,Sacramento,CA,95825-1372,2836 ARDEN WAY,41,00607489,28-FEB-2027
RIVER PARK MARKET,RIVER PARK MARKET,RIVER PARK MARKET INC,SACRAMENTO,Sacramento,CA,95819-2435,5485 CARLSON DR,21,00661554,28-FEB-2027
RIVERS EDGE CAFE,RIVERS EDGE CAFE,ARNOLD  ASHTON ROBERT,SACRAMENTO,Sacramento,CA,95826-1871,8740 LA RIVIERA DR,41,00675919,28-FEB-2027
RIVERSIDE CLUB HOUSE,RIVERSIDE CLUB HOUSE,CRAWFORD RESTAURANT GROUP,SACRAMENTO,Sacramento,CA,95818-2247,2633 RIVERSIDE BLVD,47,00592291,30-APR-2027
ROBERTAS COCINA MEXICANA,ROBERTAS COCINA MEXICANA,HERRERA  ANA MARIA,SACRAMENTO,Sacramento,CA,95822,5635 FREEPORT BLVD,41,00403766,31-AUG-2026
RODNEY'S CIGAR & LIQUOR INC,RODNEY'S CIGAR & LIQUOR INC,RODNEY'S CIGAR & LIQUOR INC,SACRAMENTO,Sacramento,CA,95814,1000 J ST,21,00658359,31-JUL-2027
ROSCOES BAR & BURGERS,ROSCOES BAR & BURGERS,WESTERN PACIFIC DEPOT,SACRAMENTO,Sacramento,CA,95811,2007 K ST,47,00524307,28-FEB-2027
ROSCOES BAR & BURGERS,ROSCOES BAR & BURGERS,WESTERN PACIFIC DEPOT,SACRAMENTO,Sacramento,CA,95811,2007 K ST,47,00524307,28-FEB-2027
ROSEMONT WINE & LIQUOR,ROSEMONT WINE & LIQUOR,ROSEMONT LIQUOR INC,SACRAMENTO,Sacramento,CA,95826-5106,9106 KIEFER BLVD,21,00678024,31-MAY-2027
ROUND TABLE PIZZA,ROUND TABLE PIZZA,EXCALIBUR PIZZA LLC,SACRAMENTO,Sacramento,CA,95835,4680 NATOMAS BLVD,41,00394540,31-JAN-2027
ROUND TABLE PIZZA,ROUND TABLE PIZZA,VALLEY PIZZA INC,SACRAMENTO,Sacramento,CA,95819,5101 FOLSOM BLVD,41,00132437,31-JUL-2026
ROUND TABLE PIZZA,ROUND TABLE PIZZA,BRENNAN  CHARLES PAUL,SACRAMENTO,Sacramento,CA,95818,3005 FREEPORT BLVD,41,00350604,31-DEC-2026
ROUND TABLE PIZZA,ROUND TABLE PIZZA,VALLEY PIZZA INC,SACRAMENTO,Sacramento,CA,95819,6000 J ST UNIVERSITY UNION,41,00371539,31-DEC-2026
ROUND TABLE PIZZA,ROUND TABLE PIZZA,EXCALIBUR PIZZA LLC,SACRAMENTO,Sacramento,CA,95834,3290 ARENA BLVD,41,00439135,30-JUN-2027
ROUND TABLE PIZZA,ROUND TABLE PIZZA,BRENNAN  CHARLES PAUL,SACRAMENTO,Sacramento,CA,95829,8345 ELK GROVE FLORIN RD,41,00350621,30-JUN-2027
ROUND TABLE PIZZA,ROUND TABLE PIZZA,BRENNAN  CHARLES PAUL,SACRAMENTO,Sacramento,CA,95826,9138 KIEFER BLVD,41,00334302,28-FEB-2027
ROUND TABLE PIZZA,ROUND TABLE PIZZA,CIRCLE PIZZA LLC,SACRAMENTO,Sacramento,CA,95831-3618,1307 FLORIN RD,41,00622026,31-AUG-2026
ROUND TABLE PIZZA,ROUND TABLE PIZZA,CIRCLE PIZZA LLC,SACRAMENTO,Sacramento,CA,95831-1407,398 FLORIN RD,41,00622045,31-JUL-2026
ROUND TABLE PIZZA,ROUND TABLE PIZZA,CIRCLE PIZZA LLC,SACRAMENTO,Sacramento,CA,95838-4933,4215 NORWOOD AVE,41,00622111,31-JUL-2026
ROUND TABLE PIZZA,ROUND TABLE PIZZA,DT PIZZA INC.,SACRAMENTO,Sacramento,CA,95814-3226,127 K ST,41,00639296,30-APR-2027
ROUND TABLE PIZZA,ROUND TABLE PIZZA,DT PIZZA INC.,SACRAMENTO,Sacramento,CA,95821-3615,3327 WATT AVE,41,00639310,30-APR-2027
ROUND TABLE PIZZA,ROUND TABLE PIZZA,CIRCLE PIZZA LLC,SACRAMENTO,Sacramento,CA,95825-3358,1566 HOWE AVE,41,00676018,28-FEB-2027
ROXIE DELI & BARBEQUE,ROXIE DELI & BARBEQUE,ROXIE COMPANY INC,SACRAMENTO,Sacramento,CA,95816-3343,3340 C ST,20,00621905,31-JUL-2026
ROYAL MARKET,ROYAL MARKET,ATWAL  SATWANT KAUR,SACRAMENTO,Sacramento,CA,95811-7213,1701 T ST,20,00618505,31-DEC-2026
RUCHI INDIAN CUISINE,RUCHI INDIAN CUISINE,NATOMAS RUCHI LLC,SACRAMENTO,Sacramento,CA,95833-3922,2600 GATEWAY OAKS DR,41,00655951,
S P LIQUOR,S P LIQUOR,NAGRA  BALJINDER SINGH,SACRAMENTO,Sacramento,CA,95833-2227,2630 NORTHGATE BLVD,21,00457393,31-OCT-2026
S P LIQUORS,S P LIQUORS,S P LIQUORS INC,SACRAMENTO,Sacramento,CA,95841-4297,4556 AUBURN BLVD,21,00621995,31-AUG-2026
SAC BREW BAR,SAC BREW BAR,THE PARTY HOPPER LLC,SACRAMENTO,Sacramento,CA,95811-5202,1517-1519 19TH ST,42,00555574,30-JUN-2026
SAC CITY PIZZA,SAC CITY PIZZA,SAC CITY PIZZA LLC,SACRAMENTO,Sacramento,CA,95822,4400 FREEPORT BLVD,41,00660243,31-JUL-2026
SACRAMENTO LIQUOR,SACRAMENTO LIQUOR,JASSI TRADERS INC,SACRAMENTO,Sacramento,CA,95821-2815,3805 PASADENA AVE,21,00579355,31-MAY-2027
SAI VAREE THAI CUISINE,SAI VAREE THAI CUISINE,SV THAI INC,SACRAMENTO,Sacramento,CA,95831-5274,7485 RUSH RIVER DR,41,00612639,30-JUN-2026
SAIGON ALLEY KITCHEN & BAR,SAIGON ALLEY KITCHEN & BAR,NOODLE BAR 2 INC.,SACRAMENTO,Sacramento,CA,95835-2508,4630 NATOMAS BLVD,47,00646696,30-APR-2027
SAIGON ALLEY KITCHEN & BAR,SAIGON ALLEY KITCHEN & BAR,NOODLE BAR INC.,SACRAMENTO,Sacramento,CA,95814-4170,1801 L ST,47,00608542,30-NOV-2026
SAKURA GRILL BUFFET,SAKURA GRILL BUFFET,SAKURA GRILL BUFFET INC,SACRAMENTO,Sacramento,CA,95825,2344 WATT AVE,41,00656437,30-APR-2027
SAM'S MARKET,SAM'S MARKET,FONG  KENTON DALE,SACRAMENTO,Sacramento,CA,95814,1328-30 O ST,20,00595111,30-SEP-2026
SAMMY'S RESTAURANT LLC,SAMMY'S RESTAURANT LLC,SAMMYS RESTAURANT LLC,SACRAMENTO,Sacramento,CA,95815,2021 DEL PASO BLVD,41,00657246,31-DEC-2026
SAMPINO'S KITCHEN AT JOE MARTY'S,SAMPINO'S KITCHEN AT JOE MARTY'S,SAMPINO'S FREEPORT  LLC,SACRAMENTO,Sacramento,CA,95818-2302,1500 BROADWAY,47,00578245,31-MAR-2027
SAMPINO'S KITCHEN AT JOE MARTY'S,SAMPINO'S KITCHEN AT JOE MARTY'S,SAMPINO'S FREEPORT  LLC,SACRAMENTO,Sacramento,CA,95818-2302,1500 BROADWAY,77,00578245,31-MAR-2027
SAMPINO'S KITCHEN AT JOE MARTY'S,SAMPINO'S KITCHEN AT JOE MARTY'S,SAMPINO'S FREEPORT  LLC,SACRAMENTO,Sacramento,CA,95818-2302,1500 BROADWAY,58,00578245,31-MAR-2027
SAMS CLUB 6622,SAMS CLUB 6622,SAMS WEST INC,SACRAMENTO,Sacramento,CA,95828,8250 POWER INN RD,21,00479232,30-JUN-2027
SAM’S BAKERY RESTAURANT AND CAFÉ,SAM’S BAKERY RESTAURANT AND CAFÉ,KHONG  HIEU  TRAN,SACRAMENTO,Sacramento,CA,95824,6171 STOCKTON BLVD,41,00670565,31-JUL-2026
SANDWICH SPOT THE,SANDWICH SPOT THE,JC SILVA LLC,SACRAMENTO,Sacramento,CA,95818-4359,2108 11TH AVE,41,00554920,
SANDWICH SPOT THE,SANDWICH SPOT THE,JSPECK INC,SACRAMENTO,Sacramento,CA,95811-6702,1630 18TH ST,41,00525135,31-OCT-2026
SANGHERAS HOUSE OF LIQUORS,SANGHERAS HOUSE OF LIQUORS,SANGHERA  BALJINDER K,SACRAMENTO,Sacramento,CA,95823,5516 FLORIN RD,21,00137144,30-APR-2027
SANTINO'S PIZZA & PASTA,SANTINO'S PIZZA & PASTA,CYJLOPEZ LLC,SACRAMENTO,Sacramento,CA,95842,5757 HILLSDALE BLVD,41,00676482,31-MAR-2027
SATORI SUSHI,SATORI SUSHI,BTE CAPITAL LLC,SACRAMENTO,Sacramento,CA,95833-3990,2550 W EL CAMINO AVE,41,00630423,31-OCT-2026
SAVE MART SUPERMARKETS 619,SAVE MART SUPERMARKETS 619,LUCKY STORES (SAVE MART) LLC,SACRAMENTO,Sacramento,CA,95828-4352,7960 GERBER RD,21,00642817,30-JUN-2026
SAVE MART SUPERMARKETS 622,SAVE MART SUPERMARKETS 622,LUCKY STORES (SAVE MART) LLC,SACRAMENTO,Sacramento,CA,95819-4606,5600 FOLSOM BLVD,21,00642813,30-JUN-2026
SAVE MART SUPERMARKETS 623,SAVE MART SUPERMARKETS 623,LUCKY STORES (SAVE MART) LLC,SACRAMENTO,Sacramento,CA,95826-5105,9137 KIEFER BLVD,21,00642810,30-JUN-2026
SAWASDEE THAI CUISINE,SAWASDEE THAI CUISINE,SAWATDEE LLC,SACRAMENTO,Sacramento,CA,95811-3010,1830 J ST,41,00552671,31-MAY-2026
SCORE BAR AND LOUNGE,SCORE BAR AND LOUNGE,GOEMANS INC,SACRAMENTO,Sacramento,CA,95823,7123 FRANKLIN BLVD,48,00198118,31-AUG-2026
SCOTTS SEAFOOD GRILL & BAR,SCOTTS SEAFOOD GRILL & BAR,SCOTTS SACRAMENTO RIVER INC,SACRAMENTO,Sacramento,CA,95822-1739,4350 RIVERSIDE BLVD,47,00452746,30-SEP-2026
SCOTTS SEAFOOD GRILL & BAR,SCOTTS SEAFOOD GRILL & BAR,SCOTTS SACRAMENTO RIVER INC,SACRAMENTO,Sacramento,CA,95822-1739,4350 RIVERSIDE BLVD,68,00452746,30-SEP-2026
SCOTTS SEAFOOD GRILL & BAR,SCOTTS SEAFOOD GRILL & BAR,SCOTTS SACRAMENTO RIVER INC,SACRAMENTO,Sacramento,CA,95822-1739,4350 RIVERSIDE BLVD,58,00452746,30-SEP-2026
SEAFOOD CITY SUPERMARKET,SEAFOOD CITY SUPERMARKET,YOUNGS MARKETPLACE INC,SACRAMENTO,Sacramento,CA,95823,6051 MACK RD,21,00398534,30-JUN-2026
SEAN MINOR WINES,SEAN MINOR WINES,FOUR BEARS WINERY LLC,SACRAMENTO,Sacramento,CA,95825-5500,2277 FAIR OAKS BLVD,02,00563551,30-JUN-2027
SEAN MINOR WINES,SEAN MINOR WINES,FOUR BEARS WINERY LLC,SACRAMENTO,Sacramento,CA,95825-5500,2277 FAIR OAKS BLVD,17,00563551,31-MAY-2027
SEAN MINOR WINES,SEAN MINOR WINES,FOUR BEARS WINERY LLC,SACRAMENTO,Sacramento,CA,95825-5500,2277 FAIR OAKS BLVD,20,00563551,31-MAY-2027
SELECT FINE WINE & LIQUOR ARENA WINE CAFE,SELECT FINE WINE & LIQUOR ARENA WINE CAFE,NCS INC,SACRAMENTO,Sacramento,CA,95834-3763,4271 TRUXEL RD,21,00462928,31-MAY-2027
SELLAND'S MARKET CAFE,SELLAND'S MARKET CAFE,TJSELZIM  INC.,SACRAMENTO,Sacramento,CA,95819,5340 & 5362 H ST,47,00631007,31-MAY-2027
SELLAND'S MARKET-CAFE,SELLAND'S MARKET-CAFE,SELLAND'S BROADWAY  INC.,SACRAMENTO,Sacramento,CA,95818-2166,915 BROADWAY,47,00621230,31-MAR-2027
SELLANDS MARKET CAFE,SELLANDS MARKET CAFE,TJSELZIM  INC.,SACRAMENTO,Sacramento,CA,95819,5340 H ST,41,00505731,
SERV-RITE MARKET,SERV-RITE MARKET,BHANDAL MARKET INC,SACRAMENTO,Sacramento,CA,95817,3994 2ND AVE,20,00545629,31-JUL-2026
SF SUPERMARKET,SF SUPERMARKET,SF SACRAMENTO INC,SACRAMENTO,Sacramento,CA,95823,4562 MACK RD,21,00411967,30-NOV-2026
SF SUPERMARKET,SF SUPERMARKET,SUNRISE 52017  LLC,SACRAMENTO,Sacramento,CA,95822-3311,5820 S LAND PARK DR,21,00589536,31-MAY-2027
SF SUPERMARKET INC,SF SUPERMARKET INC,S F SUPERMARKET INC,SACRAMENTO,Sacramento,CA,95823,6930 65TH ST,21,00354631,30-SEP-2026
SHOP BY RENDEZ-VOUS WINERY  THE,SHOP BY RENDEZ-VOUS WINERY  THE,LA JOYA INVESTMENTS LLC,SACRAMENTO,Sacramento,CA,95818-1506,2025 16TH ST,02,00640332,30-JUN-2027
SHOPPERS MARKET,SHOPPERS MARKET,BHANDAL  JAGJIT SINGH,SACRAMENTO,Sacramento,CA,95814,1400 G ST,20,00415632,30-NOV-2026
SHORT STOP FOOD AND LIQUOR,SHORT STOP FOOD AND LIQUOR,DAYAL INVESTMENTS INC,SACRAMENTO,Sacramento,CA,95827-1209,9545 FOLSOM BLVD,21,00643102,31-DEC-2026
SIAM RESTAURANT,SIAM RESTAURANT,YANG  KHUE,SACRAMENTO,Sacramento,CA,95820-4734,5100 FRANKLIN BLVD,41,00622419,31-JAN-2027
SIZZLER RESTAURANT,SIZZLER RESTAURANT,BMW MANAGEMENT INC,SACRAMENTO,Sacramento,CA,95834,2901 ADVANTAGE WAY,41,00446700,31-JAN-2027
SKY DEVIL WINES,SKY DEVIL WINES,SKY DEVIL GROUP  LLC,SACRAMENTO,Sacramento,CA,95864-5738,3361 SIERRA OAKS DR,02,00603580,30-JUN-2026
SKY PARKWAY MARKET,SKY PARKWAY MARKET,B & R DHUNCY INC,SACRAMENTO,Sacramento,CA,95823-2268,5530 SKY PKWY,20,00414865,31-JUL-2026
SMART & FINAL STORE #: 724,SMART & FINAL STORE #: 724,SMART & FINAL STORES LLC,SACRAMENTO,Sacramento,CA,95834-1638,3315 NORTHGATE BLVD,21,00551342,30-JUN-2026
SMASHBURGER,SMASHBURGER,SMASHBURGER ACQUISITION-SACRAMENTO  LLC,SACRAMENTO,Sacramento,CA,95825-7683,2565 FAIR OAKS BLVD.,41,00572610,
SMASHBURGER,SMASHBURGER,SMASHBURGER ACQUISITION-SACRAMENTO  LLC,SACRAMENTO,Sacramento,CA,95825-7683,2565 FAIR OAKS BLVD.,41,00572610,30-SEP-2026
SMASHBURGER #1755,SMASHBURGER #1755,SMASHBURGER ACQUISITION-SAN FRANCISCO LLC,SACRAMENTO,Sacramento,CA,95825-2250,1600 ETHAN WAY,41,00630550,31-MAR-2027
SMILE MARKET 2,SMILE MARKET 2,SMILE FOOD 2019 INC,SACRAMENTO,Sacramento,CA,95827-1209,9545 FOLSOM BLVD,41,00650978,30-JUN-2027
SOCALS TAVERN,SOCALS TAVERN,FARRELL ENTERPRISES INC,SACRAMENTO,Sacramento,CA,95819,5200 FOLSOM BLVD,48,00033930,31-OCT-2026
SOCIAL NIGHTCLUB,SOCIAL NIGHTCLUB,PARAKAY LLC,SACRAMENTO,Sacramento,CA,95814-3804,1000 K ST,48,00468165,
SOKU RAMEN & JUICE BAR,SOKU RAMEN & JUICE BAR,WANG  GUOXIANG,SACRAMENTO,Sacramento,CA,95816-5237,1221 ALHAMBRA BLVD,41,00640292,31-MAR-2027
SOUTH AREA MARKET,SOUTH AREA MARKET,SOUKASENE  NANCY,SACRAMENTO,Sacramento,CA,95820-5402,5220 FRUITRIDGE RD,20,00517708,31-MAR-2027
SOUTH AREA MARKET,SOUTH AREA MARKET,SOUKASENE  NANCY,SACRAMENTO,Sacramento,CA,95820-5402,5220 FRUITRIDGE RD,41,00517708,30-SEP-2026
SOUTH VILLA RESTAURANT,SOUTH VILLA RESTAURANT,GHUAN YICK CORPORATION,SACRAMENTO,Sacramento,CA,95823,7223 55TH ST,41,00293034,31-MAR-2027
SOUTHERN SOUL RESTAURANT,SOUTHERN SOUL RESTAURANT,DOEUK  SAROM,SACRAMENTO,Sacramento,CA,95815-2817,1901 EL CAMINO AVE,41,00546050,31-JUL-2026
SOUTHSIDE MARKET,SOUTHSIDE MARKET,NORCAL BOTTLE SHOPS  INC.,SACRAMENTO,Sacramento,CA,95811-7026,601 T ST,21,00675256,30-APR-2027
SPECIAL FOOD MARKET,SPECIAL FOOD MARKET,BUDWAL  CHARAN,SACRAMENTO,Sacramento,CA,95820,4614 MARTIN LUTHER KING JR BLVD,20,00338359,28-FEB-2027
SPIRIT KINGS LIQUOR - NORTHGATE,SPIRIT KINGS LIQUOR - NORTHGATE,SPIRIT KINGS 1 INC.,SACRAMENTO,Sacramento,CA,95834,3315 NORTHGATE BLVD,21,00612760,30-NOV-2026
SPIRIT KINGS LIQUOR - W. EL CAMINO,SPIRIT KINGS LIQUOR - W. EL CAMINO,SPIRIT KINGS 4 INC.,SACRAMENTO,Sacramento,CA,95833,1508 W EL CAMINO AVE,21,00633276,28-FEB-2027
SPOTO WINES,SPOTO WINES,SPOTO  CHRISTIANE BENTY,SACRAMENTO,Sacramento,CA,95864,3630 MEADOW LN,02,00432894,30-JUN-2027
SPROUTS FARMERS MARKET #434,SPROUTS FARMERS MARKET #434,SF MARKETS LLC,SACRAMENTO,Sacramento,CA,95821-4913,2735 MARCONI AVE,20,00587934,30-JUN-2027
SPROUTS FARMERS MARKETS #422,SPROUTS FARMERS MARKETS #422,SF MARKETS LLC,SACRAMENTO,Sacramento,CA,95834-9677,2810 DEL PASO RD,21,00652773,31-DEC-2026
STAGECOACH RESTAURANT,STAGECOACH RESTAURANT,STEVENS  DERRICK LEON,SACRAMENTO,Sacramento,CA,95823-2509,4365 FLORIN RD,41,00657155,30-JUN-2026
STANFORD MARKET,STANFORD MARKET,GLOBAL ONE FOODS INC,SACRAMENTO,Sacramento,CA,95817-3637,3404 MARTIN LUTHER KING JR BLVD,21,00654371,30-NOV-2026
STAR KTV LOUNGE,STAR KTV LOUNGE,168 EAT & ENTERTAINMENT ENTERPRISES  LLC,SACRAMENTO,Sacramento,CA,95822-2005,4543 FREEPORT BLVD,47,00610119,30-JUN-2027
STEAMERS BAKERY & CAFE,STEAMERS BAKERY & CAFE,FRATELLI & CO LLC,SACRAMENTO,Sacramento,CA,95814-3212,101 K ST,41,00665364,31-DEC-2026
STEVES PIZZA EAST SAC,STEVES PIZZA EAST SAC,SINGH  SHERU,SACRAMENTO,Sacramento,CA,95816-5519,3700 J ST,41,00600570,31-JUL-2026
STOP 1 LIQUOR,STOP 1 LIQUOR,SUPER SHOT RAJPURA INC,SACRAMENTO,Sacramento,CA,95842-3779,4415 ELKHORN BLVD,21,00539629,31-JAN-2027
STOP N SAVE LIQUOR & FOOD,STOP N SAVE LIQUOR & FOOD,H.G.N INVESTMENTS INC,SACRAMENTO,Sacramento,CA,95823-2534,4709 FLORIN RD,21,00607968,31-OCT-2026
STORE #1011,STORE #1011,H&S ENERGY PRODUCTS  LLC,SACRAMENTO,Sacramento,CA,95828-1807,8908 ELDER CREEK RD,20,00656940,30-JUN-2027
STREETS PUB AND GRUB,STREETS PUB AND GRUB,ROL LLC,SACRAMENTO,Sacramento,CA,95814,1804 J ST,47,00546319,31-AUG-2026
STREETS PUB AND GRUB,STREETS PUB AND GRUB,ROL LLC,SACRAMENTO,Sacramento,CA,95814,1804 J ST,77,00546319,31-AUG-2026
SUKI SUSHI,SUKI SUSHI,CV PARTNER INC,SACRAMENTO,Sacramento,CA,95823-5443,7311 W STOCKTON BLVD,41,00647042,30-JUN-2027
SUN UP MARKET,SUN UP MARKET,ONE3ONE3 INC,SACRAMENTO,Sacramento,CA,95816-7360,2620 T ST,20,00675006,28-FEB-2027
SUNFLOWER FARMERS MARKETS LLC,,SUNFLOWER FARMERS MARKETS LLC,SACRAMENTO,Sacramento,CA,95822-1126,4408 DEL RIO RD,20,00523122,30-SEP-2026
SUNFLOWER FARMERS MARKETS LLC,,SUNFLOWER FARMERS MARKETS LLC,SACRAMENTO,Sacramento,CA,95822-1126,4408 DEL RIO RD,86,00523122,30-SEP-2026
SUNLAND LIQUORS,SUNLAND LIQUORS,SINGH  KULWINDER,SACRAMENTO,Sacramento,CA,95815,2000 DEL PASO BLVD,21,00358699,31-DEC-2026
SUNNYSIDE BREAKFAST & ASIAN FUSION,SUNNYSIDE BREAKFAST & ASIAN FUSION,MEEISARA  SAKRAPEE,SACRAMENTO,Sacramento,CA,95811-4103,1221 19TH ST,41,00637956,31-JUL-2026
SUPER 7 FOOD & LIQUOR,SUPER 7 FOOD & LIQUOR,PREET FOOD AND LIQUOR INC,SACRAMENTO,Sacramento,CA,95827,9689 FOLSOM BLVD UT A,21,00594832,31-JUL-2026
SUPER TACO,SUPER TACO,J & V SERVICES  INC.,SACRAMENTO,Sacramento,CA,95829-9453,8325 ELK GROVE FLORIN RD,47,00558732,30-NOV-2026
SUPER TACO,SUPER TACO,J & V SERVICES  INC.,SACRAMENTO,Sacramento,CA,95823,7131 FRANKLIN BLVD,47,00585758,30-JUN-2026
SUPER X MARKET,SUPER X MARKET,XIONG  KAYENG,SACRAMENTO,Sacramento,CA,95815-1602,2711 FAIRFIELD ST,20,00639414,31-MAY-2027
SUSHI CAFE,SUSHI CAFE,SUSHI CAFE FREEPORT INC,SACRAMENTO,Sacramento,CA,95822-2003,4491 FREEPORT BLVD,41,00639280,31-JUL-2026
SUSHI CAFE,SUSHI CAFE,SUSHI CAFE ALHAMBRA INC,SACRAMENTO,Sacramento,CA,95816-5237,1221 ALHAMBRA BLVD,41,00639264,31-AUG-2026
SUSHI ELITE,SUSHI ELITE,SUSHI ELITE,SACRAMENTO,Sacramento,CA,95835,4740 NATOMAS BLVD,41,00513362,
SUSHI ELITE,SUSHI ELITE,YS SUSHI,SACRAMENTO,Sacramento,CA,95835,4740 NATOMAS BLVD,41,00603092,31-OCT-2026
SUSHI HOOK,SUSHI HOOK,SUSHI HOOK  INC.,SACRAMENTO,Sacramento,CA,95825-3903,813 HOWE AVE,41,00658819,31-MAY-2027
SUSHI KAWA JAPANESE CUISINE,SUSHI KAWA JAPANESE CUISINE,CROSSERA LLC,SACRAMENTO,Sacramento,CA,95864,3535 FAIR OAKS BLVD,41,00665418,31-MAY-2027
SUSHI PARADISE,SUSHI PARADISE,THE SUSHI SAC,SACRAMENTO,Sacramento,CA,95814-3950,1200 K ST,41,00656421,31-MAR-2027
SUSHI Q,SUSHI Q,Q SUSHI LLC,SACRAMENTO,Sacramento,CA,95829-9525,8325 ELK GROVE-FLORIN RD,41,00556511,31-JUL-2026
SUSHI Q,SUSHI Q,QK SUSHI INC,SACRAMENTO,Sacramento,CA,95831-3675,1339 FLORIN RD,41,00615314,30-SEP-2026
SUSHI YO!,SUSHI YO!,PHAM  TANDY THAI,SACRAMENTO,Sacramento,CA,95864-2911,3521 ARDEN WAY,47,00651755,31-MAR-2027
SUTTER CLUB,SUTTER CLUB,SUTTER CLUB INC,SACRAMENTO,Sacramento,CA,95814-3606,1220 9TH ST,51,00209804,30-APR-2027
SUTTER CLUB,SUTTER CLUB,SUTTER CLUB INC,SACRAMENTO,Sacramento,CA,95814-3606,1220 9TH ST,58,00209804,30-APR-2027
SUTTER CLUB WINE SHOP THE,SUTTER CLUB WINE SHOP THE,SUTTER CLUB INC,SACRAMENTO,Sacramento,CA,95814-3606,824 L ST,20,00570111,30-SEP-2026
SUTTER LAWN TENNIS CLUB,SUTTER LAWN TENNIS CLUB,SUTTER LAWN TENNIS CLUB INC,SACRAMENTO,Sacramento,CA,95816,3951 N ST,51,00029690,31-OCT-2026
SUZIE BURGER,SUZIE BURGER,S & A FOOD SERVICES LLC,SACRAMENTO,Sacramento,CA,95816-6413,2820 P ST,41,00667614,30-SEP-2026
SWABBIES RESTAURANT,SWABBIES RESTAURANT,SWABBIES INC,SACRAMENTO,Sacramento,CA,95837,5871 GARDEN HWY,47,00508353,31-JAN-2027
SWABBIES RESTAURANT,SWABBIES RESTAURANT,SWABBIES INC,SACRAMENTO,Sacramento,CA,95837,5871 GARDEN HWY,47,00508353,31-JAN-2027
SWABBIES RESTAURANT,SWABBIES RESTAURANT,SWABBIES INC,SACRAMENTO,Sacramento,CA,95837,5871 GARDEN HWY,58,00508353,31-JAN-2027
T & Z CHINESE RESTAURANT,T & Z CHINESE RESTAURANT,S&Z INVESTMENT 88 CORPORATION,SACRAMENTO,Sacramento,CA,95833-1946,2550 W EL CAMINO AVE,41,00636239,30-JUN-2027
T&Y SUPERMARKET,T&Y SUPERMARKET,T&Y SUPERMARKET,SACRAMENTO,Sacramento,CA,95815,2835 NORWOOD AVE,20,00475913,31-OCT-2026
TACO BELL CANTINA,TACO BELL CANTINA,D. G. SMITH ENTERPRISES  INC,SACRAMENTO,Sacramento,CA,95841-3512,900 K ST,47,00598931,31-DEC-2026
TACO BELL CANTINA,TACO BELL CANTINA,D. G. SMITH ENTERPRISES  INC,SACRAMENTO,Sacramento,CA,95815-4089,1689 ARDEN WAY,47,00673608,30-APR-2027
TACO EXXPRESS #1,TACO EXXPRESS #1,MARCOS MORALES LLC,SACRAMENTO,Sacramento,CA,95824,6368 POWER INN RD,41,00633593,28-FEB-2027
TACOA,TACOA,TACOA LLC,SACRAMENTO,Sacramento,CA,95819-4650,6350 FOLSOM BLVD,47,00606122,31-JUL-2026
TACOS LA NUEVA,TACOS LA NUEVA,BIRRERIA OCHOA'S  INC,SACRAMENTO,Sacramento,CA,95821-4610,2217 & 2219 MARCONI AVE,47,00662726,31-JAN-2027
TACOS Y MARISCOS EL LIMON,TACOS Y MARISCOS EL LIMON,TACOS Y MARISCOS EL LIMON INC,SACRAMENTO,Sacramento,CA,95823-2413,7242 FRANKLIN BLVD,41,00625998,31-DEC-2026
TACOS Y MARISCOS EL LIMON,TACOS Y MARISCOS EL LIMON,TACOS Y MARISCOS EL LIMON INC,SACRAMENTO,Sacramento,CA,95823-2413,7242 FRANKLIN BLVD,58,00625998,31-DEC-2026
TACOS Y MARISCOS EL LIMON,TACOS Y MARISCOS EL LIMON,TACOS Y MARISCOS EL LIMON INC,SACRAMENTO,Sacramento,CA,95823-2413,7242 FRANKLIN BLVD,77,00625998,31-DEC-2026
TAJ SUPERMARKET,TAJ SUPERMARKET,NORCAL BAKERY  INC.,SACRAMENTO,Sacramento,CA,95823,7933 E STOCKTON BLVD,21,00641966,31-MAR-2027
TAKUMI IZAKAYA BAR,TAKUMI IZAKAYA BAR,KAIZEN GROUP 2 INC,SACRAMENTO,Sacramento,CA,95814-2503,826 J ST,47,00607270,30-SEP-2026
TALLAC SPORTS INC,TALLAC SPORTS INC,TALLAC SPORTS INC,SACRAMENTO,Sacramento,CA,95820,3982 60TH ST,48,00379863,30-SEP-2026
TANDEM COFFEE & WINE,TANDEM COFFEE & WINE,BEAN & GRAPE LLC,SACRAMENTO,Sacramento,CA,95816,3100 FOLSOM BLVD,41,00663687,31-MAR-2027
TANDOORI GRILL,TANDOORI GRILL,SOOD  PARMINDER  SINGH,SACRAMENTO,Sacramento,CA,95823-2785,7208 & 7210 FLORIN MALL DR,41,00625458,30-JUN-2027
TANDOORI PIZZA,TANDOORI PIZZA,DBT DOCO INVESTMENT INC,SACRAMENTO,Sacramento,CA,95814,405 K ST,41,00667728,31-OCT-2026
TANK HOUSE BBQ & BAR,TANK HOUSE BBQ & BAR,TANK HOUSE BBQ  LLC,SACRAMENTO,Sacramento,CA,95811-3011,1925 J ST,47,00532772,30-JUN-2027
TANK HOUSE BBQ & BAR,TANK HOUSE BBQ & BAR,TANK HOUSE BBQ  LLC,SACRAMENTO,Sacramento,CA,95811-3011,1925 J ST,47,00532772,
TAPATIO BROTHERS MEXICAN MARKET,TAPATIO BROTHERS MEXICAN MARKET,TAPATIO BROTHERS,SACRAMENTO,Sacramento,CA,95825,2414 HOWE AVE,41,00387868,30-JUN-2026
TAQUERIA JALISCO MEXICAN AND AMERICAN FOOD,TAQUERIA JALISCO MEXICAN AND AMERICAN FOOD,CALLE 16,SACRAMENTO,Sacramento,CA,95814-1001,330 16TH ST,47,00543736,28-FEB-2027
TAQUERIA JALISCO MEXICAN AND AMERICAN FOOD,TAQUERIA JALISCO MEXICAN AND AMERICAN FOOD,CALLE 16,SACRAMENTO,Sacramento,CA,95814-1001,330 16TH ST,58,00543736,28-FEB-2027
TAQUERIA ROBERTO JUNIOR MEXICAN FOOD,TAQUERIA ROBERTO JUNIOR MEXICAN FOOD,SALAS TELLES  ROBERTO,SACRAMENTO,Sacramento,CA,95833,1580 W EL CAMINO AVE,41,00633878,31-MAY-2027
TARGET STORE T1527,TARGET STORE T1527,TARGET CORPORATION,SACRAMENTO,Sacramento,CA,95823-5415,8101 COSUMNES RIVER BLVD,21,00526271,30-JUN-2026
TASTY THAI RESTAURANT LLC,,TASTY THAI RESTAURANT LLC,SACRAMENTO,Sacramento,CA,95825-1938,2598 ALTA ARDEN EXPY,41,00607207,31-JUL-2026
TAYLORS KITCHEN,TAYLORS KITCHEN,TAYLORS MARKET,SACRAMENTO,Sacramento,CA,95818-3566,2924 FREEPORT BLVD,41,00469770,31-OCT-2026
TAYLORS MARKET,TAYLORS MARKET,TAYLORS MARKET,SACRAMENTO,Sacramento,CA,95818-3843,2900 FREEPORT BLVD,21,00447932,31-JUL-2026
TEA CUP CAFE,TEA CUP CAFE,ED & WIN INC,SACRAMENTO,Sacramento,CA,95814-6810,1614 21ST ST,41,00647563,31-MAY-2027
TEAL BEND GOLF CLUB,TEAL BEND GOLF CLUB,WILSON GOLF MANAGEMENT  LLC,SACRAMENTO,Sacramento,CA,95837-9314,7200 GARDEN HWY,47,00618205,30-SEP-2026
THAI BASIL RESTAURANT,THAI BASIL RESTAURANT,BAHN THAI INC,SACRAMENTO,Sacramento,CA,95816,2431 J ST UNIT A,41,00644741,31-MAR-2027
THAI CANTEEN 2,THAI CANTEEN 2,TC DEVA GROUP LLC,SACRAMENTO,Sacramento,CA,95814-6000,1501 16TH ST,41,00557957,31-MAY-2026
THAI FARM HOUSE BBQ & BISTRO,THAI FARM HOUSE BBQ & BISTRO,THAI FARM HOUSE BBQ & BISTRO LLC,SACRAMENTO,Sacramento,CA,95818-2168,1049 BROADWAY,41,00583838,30-SEP-2026
THAI HOUSE RESTAURANT,THAI HOUSE RESTAURANT,BOONSOM  PONG,SACRAMENTO,Sacramento,CA,95825-6488,527 A MUNROE ST,41,00482176,30-SEP-2026
THAI HUT,THAI HUT,SIRISARNSOMBAT  BUBPACHART,SACRAMENTO,Sacramento,CA,95841-4816,5800 MADISON AVE,41,00444859,31-OCT-2026
THAI MANGO,THAI MANGO,KEOVONGSA  RAY,SACRAMENTO,Sacramento,CA,95828-4342,7837 STOCKTON BLVD,41,00664879,31-DEC-2026
THAI PALACE,THAI PALACE,THAI PALACE RESTAURANT LLC,SACRAMENTO,Sacramento,CA,95816,3262 J ST,41,00538437,
THAI PRINCESS,THAI PRINCESS,INTARASAI  CHANTARAWAN,SACRAMENTO,Sacramento,CA,95834,3230 ARENA BLVD,41,00548616,31-JAN-2027
THAI SPOON,THAI SPOON,THAI SPOON INC,SACRAMENTO,Sacramento,CA,95834-3616,3890 TRUXEL RD,41,00576304,30-NOV-2026
THAI STATION,THAI STATION,VNM  INC,SACRAMENTO,Sacramento,CA,95818-6817,1915 S ST,47,00584056,31-DEC-2026
THAI STREET BISTRO,THAI STREET BISTRO,A. BAKERY & THAI FOOD  INC.,SACRAMENTO,Sacramento,CA,95820-2059,6490 BROADWAY #B,41,00605947,30-JUN-2026
THAI TERRACE,THAI TERRACE,THANACOM,SACRAMENTO,Sacramento,CA,95825-3358,1596 HOWE AVE,47,00652210,31-MAR-2027
THAI TIME,THAI TIME,THAI TIME LIMITED LIABILITY COMPANY,SACRAMENTO,Sacramento,CA,95818,2030 10TH ST,41,00651212,30-SEP-2026
THE 1920S BOOKSTORE,THE 1920S BOOKSTORE,NKS LEGACY LLC,SACRAMENTO,Sacramento,CA,95814-2230,900 2ND ST,48,00676508,30-APR-2027
THE BEE'S CAFE ++,THE BEE'S CAFE ++,THE BEE'S CAFE++ LLC,SACRAMENTO,Sacramento,CA,95834-1638,3315 NORTHGATE BLVD,41,00628532,31-OCT-2026
THE BEE'S CAFE ++,THE BEE'S CAFE ++,THE BEE'S CAFE++ LLC,SACRAMENTO,Sacramento,CA,95834-1638,3315 NORTHGATE BLVD,58,00628532,31-OCT-2026
THE CINDERS BAR,THE CINDERS BAR,THE CINDERS INC,SACRAMENTO,Sacramento,CA,95841-2806,5340 AUBURN BLVD,48,00644573,
THE CINDERS BAR,THE CINDERS BAR,THE CINDERS INC,SACRAMENTO,Sacramento,CA,95841-2806,5340 AUBURN BLVD,48,00644573,31-MAR-2027
THE FIREHOUSE RESTAURANT,THE FIREHOUSE RESTAURANT,OLD NO.3 LLC,SACRAMENTO,Sacramento,CA,95814,1112 2ND ST,47,00666117,30-JUN-2026
THE SANDWICH SPOT,THE SANDWICH SPOT,HUDSON & HENDRIX LLC,SACRAMENTO,Sacramento,CA,95818-4359,2108 11TH AVE,41,00605309,30-JUN-2027
THE SANDWICH SPOT,THE SANDWICH SPOT,THE DANG PHAN LLC,SACRAMENTO,Sacramento,CA,95828-5791,7500 ELSIE AVE,47,00666337,31-JUL-2026
THEE UPPER CRUST PIZZA,THEE UPPER CRUST PIZZA,THEE  CHRISTOPHER EDWARD,SACRAMENTO,Sacramento,CA,95814-3950,1200 K ST,41,00567862,30-JUN-2026
THIRTYFOUR MEXICAN CANTINA,THIRTYFOUR MEXICAN CANTINA,1100 OST LLC,SACRAMENTO,Sacramento,CA,95814,1100 O ST,47,00646251,31-AUG-2026
THIRTYFOUR MEXICAN CANTINA,THIRTYFOUR MEXICAN CANTINA,1100 OST LLC,SACRAMENTO,Sacramento,CA,95814,1100 O ST,77,00646251,31-AUG-2026
TINKU'S MARKET,TINKU'S MARKET,BASRA  SATNAM,SACRAMENTO,Sacramento,CA,95822-1416,2300 SUTTERVILLE RD,21,00586879,31-JUL-2026
TIPPS & SHAKES DELI,TIPPS & SHAKES DELI,KING  GINNY LYNN,SACRAMENTO,Sacramento,CA,95820-6750,8109 FRUITRIDGE RD,41,00667427,31-MAY-2027
TOASTED ROOSTER CAFE,TOASTED ROOSTER CAFE,TRCAFE LLC,SACRAMENTO,Sacramento,CA,95825,1650 FULTON AVE,41,00636364,31-DEC-2026
TOM'S WATCH BAR,TOM'S WATCH BAR,TWB SACRAMENTO LLC,SACRAMENTO,Sacramento,CA,95814-3336,414 K ST,47,00639515,31-AUG-2026
TOM'S WATCH BAR,TOM'S WATCH BAR,TWB SACRAMENTO LLC,SACRAMENTO,Sacramento,CA,95814-3336,414 K ST,47,00639515,31-AUG-2026
TONY'S LIQUOR,TONY'S LIQUOR,SADEORA ENTERPRISE,SACRAMENTO,Sacramento,CA,95821-4730,3100 FULTON AVE,21,00644126,30-JUN-2027
TONY'S TACOS,TONY'S TACOS,MARCO 89 LLC,SACRAMENTO,Sacramento,CA,95828,6425 FLORIN PERKINS RD,41,00650990,30-SEP-2026
TONYS DELICATESSEN,TONYS DELICATESSEN,SILHI  ASAD ELIAS,SACRAMENTO,Sacramento,CA,95814,1131 J ST,41,00387751,30-JUN-2026
TONYS MARKET,TONYS MARKET,NEIGHBORHOOD MARKET LLC,SACRAMENTO,Sacramento,CA,95820-2839,4011 W NICHOLS AVE,21,00607329,31-JUL-2026
TORCH CLUB,TORCH CLUB,SACRAMENTO TORCH CLUB INC,SACRAMENTO,Sacramento,CA,95814,904 15TH ST,48,00362227,
TORCH CLUB,TORCH CLUB,SACRAMENTO TORCH CLUB INC,SACRAMENTO,Sacramento,CA,95814,904 15TH ST,48,00362227,31-MAY-2027
TOTAL WINE & MORE,TOTAL WINE & MORE,CALIFORNIA FINE WINE & SPIRITS LLC,SACRAMENTO,Sacramento,CA,95825-2203,2121 ARDEN WAY,21,00511358,30-SEP-2026
TOTAL WINE & MORE,TOTAL WINE & MORE,CALIFORNIA FINE WINE & SPIRITS LLC,SACRAMENTO,Sacramento,CA,95825-2203,2121 ARDEN WAY,42,00511358,30-SEP-2026
TOTAL WINE & MORE,TOTAL WINE & MORE,CALIFORNIA FINE WINE & SPIRITS LLC,SACRAMENTO,Sacramento,CA,95825-2203,2121 ARDEN WAY,86,00511358,30-SEP-2026
TOWER CAFE,TOWER CAFE,Z STREET INC,SACRAMENTO,Sacramento,CA,95818,1518 BROADWAY,47,00241968,31-MAR-2027
TOWER LIQUOR,TOWER LIQUOR,TOWER LIQUOR  INC,SACRAMENTO,Sacramento,CA,95818,1525 BROADWAY,21,00584848,28-FEB-2027
TOWN MART LIQUOR & GAS,TOWN MART LIQUOR & GAS,KHINDA  KARNAIL SINGH,SACRAMENTO,Sacramento,CA,95842,7210 ROSEVILLE RD,21,00527210,31-DEC-2026
TUK TUK THAI STREET FOOD,TUK TUK THAI STREET FOOD,TUK TUK ARDEN LLC,SACRAMENTO,Sacramento,CA,95825-2230,1600 ETHAN WAY,41,00669972,31-MAY-2027
TWIN LOTUS THAI,TWIN LOTUS THAI,TWIN LOTUS LLC,SACRAMENTO,Sacramento,CA,95826-3457,8345 FOLSOM BLVD,41,00636105,30-JUN-2027
UNDERGROUND MINI GOLF,UNDERGROUND MINI GOLF,UNDERGROUND MINI GOLF  LLC,SACRAMENTO,Sacramento,CA,95814,1028 2ND ST,40,00659511,31-AUG-2026
UNION LOUNGE,UNION LOUNGE,ARCADE UNDERGROUND  LLC,SACRAMENTO,Sacramento,CA,95814-3235,1028 2ND ST,47,00610514,30-APR-2027
UNION LOUNGE,UNION LOUNGE,ARCADE UNDERGROUND  LLC,SACRAMENTO,Sacramento,CA,95814-3235,1028 2ND ST,77,00610514,30-APR-2027
UNION LOUNGE,UNION LOUNGE,ARCADE UNDERGROUND  LLC,SACRAMENTO,Sacramento,CA,95814-3235,1028 2ND ST,68,00610514,30-APR-2027
UNION LOUNGE,UNION LOUNGE,ARCADE UNDERGROUND  LLC,SACRAMENTO,Sacramento,CA,95814-3235,1028 2ND ST,58,00610514,30-APR-2027
UNION LOUNGE,UNION LOUNGE,ARCADE UNDERGROUND  LLC,SACRAMENTO,Sacramento,CA,95814-3235,1028 2ND ST,47,00610514,30-APR-2027
URBAN MARKET & MORE,URBAN MARKET & MORE,BROS LIQUOR INC,SACRAMENTO,Sacramento,CA,95831-5261,7485 RUSH RIVER DR,21,00637187,30-JUN-2026
URBAN MARKET & MORE,URBAN MARKET & MORE,BROS LIQUOR INC,SACRAMENTO,Sacramento,CA,95831-5261,7485 RUSH RIVER DR,42,00637187,30-JUN-2026
VALLEJOS RESTAURANT,VALLEJOS RESTAURANT,VALLEJOS RESTAURANTS INC,SACRAMENTO,Sacramento,CA,95811-6902,1900 4TH ST,47,00333001,30-NOV-2026
VALLEJOS RESTAURANT,VALLEJOS RESTAURANT,VALLEJOS RESTAURANTS INC,SACRAMENTO,Sacramento,CA,95811-6902,1900 4TH ST,58,00333001,30-NOV-2026
VEG CAFE & BAR,VEG CAFE & BAR,VEG HEADS INC.,SACRAMENTO,Sacramento,CA,95816-4805,2431 J ST,47,00644724,31-MAR-2027
VIENTOS MEXICANO COCINA,VIENTOS MEXICANO COCINA,ASHKHAN INC,SACRAMENTO,Sacramento,CA,95831-5608,7600 GREENHAVEN DR,41,00516566,31-DEC-2026
VIETNAM BISTRO  PHO & VEGETARIAN,VIETNAM BISTRO  PHO & VEGETARIAN,PHO VIET ANH LLC,SACRAMENTO,Sacramento,CA,95827,9529 FOLSOM BLVD,41,00647414,31-MAY-2027
VINH PHAT SUPERMARKET,VINH PHAT SUPERMARKET,VINH PHAT SUPERMARKET INC,SACRAMENTO,Sacramento,CA,95824,6105 STOCKTON BLVD,21,00342044,
VINH PHAT SUPERMARKET,VINH PHAT SUPERMARKET,VINH PHAT SUPERMARKET INC,SACRAMENTO,Sacramento,CA,95824,6105 STOCKTON BLVD,21,00342044,31-AUG-2026
VINO VOLO / TAYLOR'S MARKET,VINO VOLO / TAYLOR'S MARKET,PL FOOD SERVICES @ CAL  LLC,SACRAMENTO,Sacramento,CA,95837,6850 AIRPORT BLVD,47,00666213,30-JUN-2027
VIP CAFÉ & DELI,VIP CAFÉ & DELI,VIP CAFE & DELI LLC,SACRAMENTO,Sacramento,CA,95815,1328 DEL PASO BLVD,41,00666454,30-APR-2026
VIVA SUPERMARKET,VIVA SUPERMARKET,SL ONE GLOBAL INC,SACRAMENTO,Sacramento,CA,95838-2686,4211 NORWOOD AVE,21,00468675,30-SEP-2026
VIVA SUPERMARKET,VIVA SUPERMARKET,SMF GLOBAL  INC.,SACRAMENTO,Sacramento,CA,95838-3770,3845 MARYSVILLE BLVD,21,00570793,31-JUL-2026
VJ'S BAR & BURGERS,VJ'S BAR & BURGERS,VJS WORLD LLC,SACRAMENTO,Sacramento,CA,95833-3937,2606 GATEWAY OAKS DR,47,00677398,31-MAY-2027
VJ'S KITCHEN,VJ'S KITCHEN,NATOMAS RUCHI LLC,SACRAMENTO,Sacramento,CA,95833-3922,2600 GATEWAY OAKS DR,41,00655951,28-FEB-2027
VOLUPTUARY WINES,VOLUPTUARY WINES,AMBROSE VENTURES  LLC,SACRAMENTO,Sacramento,CA,95811-6519,1015 R ST,02,00625875,30-JUN-2027
VOLUPTUARY WINES,VOLUPTUARY WINES,AMBROSE VENTURES  LLC,SACRAMENTO,Sacramento,CA,95826-4721,8160 14TH AVE,02,00625888,30-JUN-2027
VOLUPTUARY WINES,VOLUPTUARY WINES,AMBROSE VENTURES  LLC,SACRAMENTO,Sacramento,CA,95826-4750,8161 BELVEDERE AVE,02,00611726,30-JUN-2027
VOLUPTUARY WINES,VOLUPTUARY WINES,AMBROSE VENTURES  LLC,SACRAMENTO,Sacramento,CA,95826-4721,8160 14TH AVE,81,00625888,30-JUN-2027
WAL MART STORE 2598,WAL MART STORE 2598,WALMART INC.,SACRAMENTO,Sacramento,CA,95834-3604,3661 TRUXEL RD,21,00350594,30-JUN-2027
WAL MART STORE 2598,WAL MART STORE 2598,WALMART INC.,SACRAMENTO,Sacramento,CA,95834-3604,3661 TRUXEL RD,86,00350594,30-JUN-2027
WAL MART STORE 2735,WAL MART STORE 2735,WALMART INC.,SACRAMENTO,Sacramento,CA,95823-2304,6051 FLORIN RD,21,00478532,30-JUN-2027
WALMART MARKET #5982,WALMART MARKET #5982,WALMART INC.,SACRAMENTO,Sacramento,CA,95821-4919,2700 MARCONI AVE,21,00527280,30-JUN-2027
WALMART STORE #3081,WALMART STORE #3081,WALMART INC.,SACRAMENTO,Sacramento,CA,95829-1155,8915 GERBER RD,21,00537209,30-JUN-2027
WATERBOY RESTAURANT,WATERBOY RESTAURANT,MAHAN  RICHARDS BALLOU,SACRAMENTO,Sacramento,CA,95814,2000 CAPITOL AVE,47,00399108,31-MAR-2027
WATERBOY RESTAURANT,WATERBOY RESTAURANT,MAHAN  RICHARDS BALLOU,SACRAMENTO,Sacramento,CA,95814,2000 CAPITOL AVE,58,00399108,31-MAR-2027
WELCO SUPERMARKET,WELCO SUPERMARKET,WELCO SUPERMARKET,SACRAMENTO,Sacramento,CA,95820,7100 FRUITRIDGE RD,21,00295180,31-JUL-2026
WENELLIS PIZZA,WENELLIS PIZZA,WENELLI'S PIZZA,SACRAMENTO,Sacramento,CA,95864-3020,4215 ARDEN WY,41,00566409,30-SEP-2026
WHOLE FOODS MARKET,WHOLE FOODS MARKET,WHOLE FOODS MARKET CALIFORNIA INC,SACRAMENTO,Sacramento,CA,95864-3102,4315 ARDEN WAY,21,00620429,31-OCT-2026
WHOLE FOODS MARKET,WHOLE FOODS MARKET,WHOLE FOODS MARKET CALIFORNIA INC,SACRAMENTO,Sacramento,CA,95864-3102,4315 ARDEN WAY,86,00620429,31-OCT-2026
WILD REJOICE WINE COMPANY,WILD REJOICE WINE COMPANY,WILD REJOICE LLC,SACRAMENTO,Sacramento,CA,95841,5218 MECKEL WAY,02,00657948,30-JUN-2027
WILDWOOD KITCHEN & BAR,WILDWOOD KITCHEN & BAR,THE GROVE PAVILIONS LIMITED PARTNERSHIP,SACRAMENTO,Sacramento,CA,95825-4743,556 PAVILIONS LANE,47,00564205,31-JUL-2026
WILDWOOD KITCHEN & BAR,WILDWOOD KITCHEN & BAR,THE GROVE PAVILIONS LIMITED PARTNERSHIP,SACRAMENTO,Sacramento,CA,95825-4743,556 PAVILIONS LANE,77,00564205,31-JUL-2026
WILDWOOD KITCHEN & BAR,WILDWOOD KITCHEN & BAR,THE GROVE PAVILIONS LIMITED PARTNERSHIP,SACRAMENTO,Sacramento,CA,95825-4743,556 PAVILIONS LANE,58,00564205,31-JUL-2026
WILLIE J'S BURGERS & MORE,WILLIE J'S BURGERS & MORE,CHAU  CHHING HAV,SACRAMENTO,Sacramento,CA,95835,2010 CLUB CENTER DR,41,00627551,31-AUG-2026
WILLY'S CAFE,WILLY'S CAFE,HANS AND SON INC,SACRAMENTO,Sacramento,CA,95819-2045,4065 MCKINLEY BLVD,47,00574370,28-FEB-2027
WINE KEY MANAGEMENT,WINE KEY MANAGEMENT,WINE KEY MANAGEMENT LLC,SACRAMENTO,Sacramento,CA,95811,815 17TH ST,85,00658421,30-SEP-2026
WING WA SUPERMARKET,WING WA SUPERMARKET,WING WA INC,SACRAMENTO,Sacramento,CA,95824,6021 STOCKTON BLVD,41,00212775,31-MAY-2027
WINGSTOP,WINGSTOP,BERFOODS INC,SACRAMENTO,Sacramento,CA,95823-2370,5950 FLORIN RD,41,00541578,30-JUN-2026
WISMETTAC ASIAN FOODS,WISMETTAC ASIAN FOODS,WISMETTAC ASIAN FOODS  INC.,SACRAMENTO,Sacramento,CA,95834-1190,860 NATIONAL DR,18,00576590,31-JAN-2027
WISMETTAC ASIAN FOODS,WISMETTAC ASIAN FOODS,WISMETTAC ASIAN FOODS  INC.,SACRAMENTO,Sacramento,CA,95834-1190,860 NATIONAL DR,17,00576590,31-JAN-2027
WISMETTAC ASIAN FOODS,WISMETTAC ASIAN FOODS,WISMETTAC ASIAN FOODS  INC.,SACRAMENTO,Sacramento,CA,95834-1190,860 NATIONAL DR,12,00576590,31-JAN-2027
WISMETTAC ASIAN FOODS,WISMETTAC ASIAN FOODS,WISMETTAC ASIAN FOODS  INC.,SACRAMENTO,Sacramento,CA,95834-1190,860 NATIONAL DR,09,00576590,31-JAN-2027
WONDER CAFE & RESTAURANT,WONDER CAFE & RESTAURANT,TRAN  TONY TUAN,SACRAMENTO,Sacramento,CA,95828-1265,6880 65TH ST,47,00599528,31-DEC-2026
WORLD MARKET,WORLD MARKET,WORLD MARKET  LLC,SACRAMENTO,Sacramento,CA,95825,1821 HOWE AVE,20,00634303,28-FEB-2027
WORLD MARKET,WORLD MARKET,WORLD MARKET  LLC,SACRAMENTO,Sacramento,CA,95825,1821 HOWE AVE,86,00634303,28-FEB-2027
XOCHIMILCO MEXICAN RESTAURANT,XOCHIMILCO MEXICAN RESTAURANT,LEYVA  NORMA ANN,SACRAMENTO,Sacramento,CA,95841-2619,4904 AUBURN BLVD,58,00667049,31-AUG-2026
XOCHIMILCO MEXICAN RESTAURANT,XOCHIMILCO MEXICAN RESTAURANT,LEYVA  NORMA ANN,SACRAMENTO,Sacramento,CA,95841-2619,4904 AUBURN BLVD,47,00667049,31-AUG-2026
YARD HOUSE RESTAURANT,YARD HOUSE RESTAURANT,YARD HOUSE USA INC,SACRAMENTO,Sacramento,CA,95814,405 K ST,47,00582138,31-AUG-2026
YEE CHONG CHINESE RESTAURANT,YEE CHONG CHINESE RESTAURANT,ZHANG  PEIPING,SACRAMENTO,Sacramento,CA,95824,5938 STOCKTON BLVD,41,00599685,31-OCT-2026
YOUNG DONG RESTAURANT,YOUNG DONG RESTAURANT,PYUN  HEE BIN,SACRAMENTO,Sacramento,CA,95822-3501,5609 FREEPORT BLVD,41,00564789,31-DEC-2026
YUE HUANG RESTAURANT,YUE HUANG RESTAURANT,YUE HUANG RESTAURANT INC,SACRAMENTO,Sacramento,CA,95834-3609,3860 TRUXEL RD,41,00569233,31-MAY-2027
ZEBRA CLUB,ZEBRA CLUB,FREDETTE  GERARD,SACRAMENTO,Sacramento,CA,95811-6804,1900 P ST,48,00202158,31-AUG-2026
ZEBRA CLUB,ZEBRA CLUB,FREDETTE  GERARD,SACRAMENTO,Sacramento,CA,95811-6804,1900 P ST,58,00202158,31-AUG-2026
ZELDAS PIZZA,ZELDAS PIZZA,ZELDA M BRESLIN INC,SACRAMENTO,Sacramento,CA,95814-5208,1415 21ST ST,47,00467135,31-OCT-2026
ZINFANDEL GRILLE,ZINFANDEL GRILLE,STOMPIN GRAPES INC,SACRAMENTO,Sacramento,CA,95825-4741,2384 FAIR OAKS BLVD,47,00426774,
ZINFANDEL GRILLE,ZINFANDEL GRILLE,HYSTIKE A.W.  LLC,SACRAMENTO,Sacramento,CA,95825-4741,2384 FAIR OAKS BLVD,47,00583846,31-AUG-2026
ZINFANDEL GRILLE,ZINFANDEL GRILLE,HYSTIKE A.W.  LLC,SACRAMENTO,Sacramento,CA,95825-4741,2384 FAIR OAKS BLVD,58,00583846,31-AUG-2026
ZINFANDEL GRILLE,ZINFANDEL GRILLE,STOMPIN GRAPES INC,SACRAMENTO,Sacramento,CA,95825-4741,2384 FAIR OAKS BLVD,58,00426774,
THE SLOUGH HOUSE KITCHEN,THE SLOUGH HOUSE KITCHEN,SMART FUN LLC,SLOUGHHOUSE,Sacramento,CA,95683-9703,12700 MEISS RD,47,00664699,31-JAN-2027
BIG STORE,BIG STORE,CASTELLANOS  GUILLERMO,WALNUT GROVE,Sacramento,CA,95690,14197 RIVER RD,20,00375665,30-APR-2027
BOON DOX LIQUORS,BOON DOX LIQUORS,BECERRA  HECTOR,WALNUT GROVE,Sacramento,CA,95690,14175 RIVER RD,21,00406570,31-JAN-2027
CENTRAL MARKET,CENTRAL MARKET,CHAMBER  SUNIL,WALNUT GROVE,Sacramento,CA,95690-9741,14174 STATE HIGHWAY 160,21,00642567,30-SEP-2026
FAT LOU'S CAFE & TAQUERIA,FAT LOU'S CAFE & TAQUERIA,LOPEZ  LOUIS  JAMES II,WALNUT GROVE,Sacramento,CA,95690,14147 RIVER RD,41,00636432,30-APR-2027
SIX HANDS WINERY,SIX HANDS WINERY,MARKS  PETER NORMAN,WALNUT GROVE,Sacramento,CA,95690,13783 ISLETON RD,02,00334232,30-JUN-2026
SIX HANDS WINERY,SIX HANDS WINERY,MARKS  PETER NORMAN,WALNUT GROVE,Sacramento,CA,95690,13783 ISLETON RD,81,00334232,30-JUN-2026
WALNUT GROVE PIZZA FACTORY,WALNUT GROVE PIZZA FACTORY,DHALIWAL  GURCHETAN SINGH,WALNUT GROVE,Sacramento,CA,95690,14127 RIVER RD,41,00429156,31-AUG-2026
BRAVE HORSE WINERY,BRAVE HORSE WINERY,BRAVE HORSE WINERY INC,WILTON,Sacramento,CA,95693-8528,10437 & 10459 ALTA MESA ROAD,02,00669643,30-JUN-2027
DILLARD STORE,DILLARD STORE,WINSTARR INC,WILTON,Sacramento,CA,95693-9732,9797 DILLARD RD,21,00538330,30-APR-2027
WILTON STORE,WILTON STORE,BINDRA  SURINDER S,WILTON,Sacramento,CA,95693,11030 WILTON RD,21,00358705,28-FEB-2027
7 ELEVEN STORE 2365 26231C,7 ELEVEN STORE 2365 26231C,7 ELEVEN INC,BENICIA,Solano,CA,94510-3518,500 MILITARY E,20,00527508,30-JUN-2026
ALLUVIAL WINES  INC.,ALLUVIAL WINES  INC.,ALLUVIAL WINES  INC.,BENICIA,Solano,CA,94510,5301  5307  5311  5325  5341 & 5365 INDUSTRIAL WAY,09,00649652,
ALLUVIAL WINES  INC.,ALLUVIAL WINES  INC.,ALLUVIAL WINES  INC.,BENICIA,Solano,CA,94510,5301  5307  5311  5325  5341 & 5365 INDUSTRIAL WAY,18,00649652,
ALLUVIAL WINES  INC.,ALLUVIAL WINES  INC.,ALLUVIAL WINES  INC.,BENICIA,Solano,CA,94510,5301  5307  5311  5325  5341 & 5365 INDUSTRIAL WAY,17,00649652,
ALLUVIAL WINES  INC.,ALLUVIAL WINES  INC.,ALLUVIAL WINES  INC.,BENICIA,Solano,CA,94510,5301  5307  5311  5325  5341 & 5365 INDUSTRIAL WAY,20,00649652,
ALLUVIAL WINES  INC.,ALLUVIAL WINES  INC.,ALLUVIAL WINES  INC.,BENICIA,Solano,CA,94510,5301  5307  5311  5325  5341 & 5365 INDUSTRIAL WAY,09,00649652,30-NOV-2026
ALLUVIAL WINES  INC.,ALLUVIAL WINES  INC.,ALLUVIAL WINES  INC.,BENICIA,Solano,CA,94510,5301  5307  5311  5325  5341 & 5365 INDUSTRIAL WAY,18,00649652,31-JUL-2026
ALLUVIAL WINES  INC.,ALLUVIAL WINES  INC.,ALLUVIAL WINES  INC.,BENICIA,Solano,CA,94510,5301  5307  5311  5325  5341 & 5365 INDUSTRIAL WAY,17,00649652,30-NOV-2026
ALLUVIAL WINES  INC.,ALLUVIAL WINES  INC.,ALLUVIAL WINES  INC.,BENICIA,Solano,CA,94510,5301  5307  5311  5325  5341 & 5365 INDUSTRIAL WAY,20,00649652,30-NOV-2026
AROMA INDIAN CUISINE,AROMA INDIAN CUISINE,UDASIN HOLDINGS INC,BENICIA,Solano,CA,94510-3216,818 1ST ST,41,00611615,31-OCT-2026
BAXTERS RESTAURANT & BAR,BAXTERS RESTAURANT & BAR,BARRELS - BOURBONS  WINES AND SPIRITS LLC,BENICIA,Solano,CA,94510-3504,280 1ST ST,47,00650099,31-AUG-2026
BAXTERS RESTAURANT & BAR,BAXTERS RESTAURANT & BAR,BARRELS - BOURBONS  WINES AND SPIRITS LLC,BENICIA,Solano,CA,94510-3504,280 1ST ST,47,00650099,31-AUG-2026
BENICIA GRILL,BENICIA GRILL,ARJI INCORPORATED,BENICIA,Solano,CA,94510-1012,4760 E 2ND ST,41,00476916,30-APR-2027
BENICIA YACHT CLUB INC,BENICIA YACHT CLUB INC,BENICIA YACHT CLUB INC,BENICIA,Solano,CA,94510,400 & 402 E SECOND ST,51,00179566,30-JUN-2027
BENICIA YACHT CLUB INC,BENICIA YACHT CLUB INC,BENICIA YACHT CLUB INC,BENICIA,Solano,CA,94510,400 & 402 E SECOND ST,58,00179566,30-JUN-2027
BOBS LIQUOR & FOOD,BOBS LIQUOR & FOOD,KAUR  BALJIT,BENICIA,Solano,CA,94510-3045,510 W J ST,21,00485327,31-JAN-2027
BORDEAUX WINE LOCATORS,BORDEAUX WINE LOCATORS,BORDEAUX WINE LOCATORS  INC.,BENICIA,Solano,CA,94510-1227,4325 INDUSTRIAL WAY,17,00643369,30-JUN-2026
BORDEAUX WINE LOCATORS,BORDEAUX WINE LOCATORS,BORDEAUX WINE LOCATORS  INC.,BENICIA,Solano,CA,94510-1227,4325 INDUSTRIAL WAY,09,00643369,30-JUN-2026
BUON APPETITO RESTAURANT,BUON APPETITO RESTAURANT,MEGA TRATTORIA INC,BENICIA,Solano,CA,94510-2717,191 MILITARY E,41,00375540,
CHRONICLE WINES,CHRONICLE WINES,CHRONICLE WINES INC,BENICIA,Solano,CA,94510-1114,518 STONE RD,02,00625955,
CHRONICLE WINES,CHRONICLE WINES,CHRONICLE WINES INC,BENICIA,Solano,CA,94510-1114,518 STONE RD,14,00625955,
CHRONICLE WINES,CHRONICLE WINES,CHRONICLE WINES INC,BENICIA,Solano,CA,94510-1114,518 STONE RD,02,00625955,30-JUN-2026
CHRONICLE WINES,CHRONICLE WINES,CHRONICLE WINES INC,BENICIA,Solano,CA,94510-1114,518 STONE RD,14,00625955,30-JUN-2026
CHRONICLE WINES,CHRONICLE WINES,CHRONICLE WINES INC,BENICIA,Solano,CA,94510-1114,518 STONE RD,17,00625955,31-OCT-2026
CHRONICLE WINES,CHRONICLE WINES,CHRONICLE WINES INC,BENICIA,Solano,CA,94510-1114,518 STONE RD,20,00625955,31-OCT-2026
CONCURRENT WINE & SPIRITS,CONCURRENT WINE & SPIRITS,CONCURRENT PARTNERS LLC,BENICIA,Solano,CA,94510-1026,5307 & 5325 INDUSTRIAL WY,12,00648402,30-JUN-2026
CONCURRENT WINE & SPIRITS,CONCURRENT WINE & SPIRITS,CONCURRENT PARTNERS LLC,BENICIA,Solano,CA,94510-1026,5307 & 5325 INDUSTRIAL WY,18,00648402,30-JUN-2026
COPA FINA WINE IMPORTS LLC,COPA FINA WINE IMPORTS LLC,COPA FINA WINE IMPORTS  LLC,BENICIA,Solano,CA,94510-1227,4325 INDUSTRIAL WAY,17,00617295,
COPA FINA WINE IMPORTS LLC,COPA FINA WINE IMPORTS LLC,COPA FINA WINE IMPORTS  LLC,BENICIA,Solano,CA,94510-1227,4325 INDUSTRIAL WAY,20,00617295,
COPA FINA WINE IMPORTS LLC,COPA FINA WINE IMPORTS LLC,COPA FINA WINE IMPORTS  LLC,BENICIA,Solano,CA,94510-1227,4325 INDUSTRIAL WAY,09,00617295,
COPA FINA WINE IMPORTS LLC,COPA FINA WINE IMPORTS LLC,COPA FINA WINE IMPORTS  LLC,BENICIA,Solano,CA,94510-1227,4325 INDUSTRIAL WAY,17,00617295,31-AUG-2026
COPA FINA WINE IMPORTS LLC,COPA FINA WINE IMPORTS LLC,COPA FINA WINE IMPORTS  LLC,BENICIA,Solano,CA,94510-1227,4325 INDUSTRIAL WAY,20,00617295,31-AUG-2026
COPA FINA WINE IMPORTS LLC,COPA FINA WINE IMPORTS LLC,COPA FINA WINE IMPORTS  LLC,BENICIA,Solano,CA,94510-1227,4325 INDUSTRIAL WAY,09,00617295,31-AUG-2026
COSMIC WINE,COSMIC WINE,COSMIC WINE COLLECTION  LLC,BENICIA,Solano,CA,94510-1227,4325 INDUSTRIAL WAY,09,00649735,31-AUG-2026
COSMIC WINE,COSMIC WINE,COSMIC WINE COLLECTION  LLC,BENICIA,Solano,CA,94510-1227,4325 INDUSTRIAL WAY,12,00649735,31-AUG-2026
COSMIC WINE,COSMIC WINE,COSMIC WINE COLLECTION  LLC,BENICIA,Solano,CA,94510-1227,4325 INDUSTRIAL WAY,17,00649735,31-AUG-2026
COSMIC WINE,COSMIC WINE,COSMIC WINE COLLECTION  LLC,BENICIA,Solano,CA,94510-1227,4325 INDUSTRIAL WAY,18,00649735,31-AUG-2026
CULLENS TANNERY PUB,CULLENS TANNERY PUB,CULLEN  DENNIS MARK,BENICIA,Solano,CA,94510-3272,131 FIRST ST,48,00522247,31-MAR-2027
CULTURE WINE COMPANY,CULTURE WINE COMPANY,CULTURE WINE LLC,BENICIA,Solano,CA,94510-1227,4325 INDUSTRIAL WAY,17,00649138,31-JUL-2026
CULTURE WINE COMPANY,CULTURE WINE COMPANY,CULTURE WINE LLC,BENICIA,Solano,CA,94510-1227,4325 INDUSTRIAL WAY,20,00649138,31-JUL-2026
CULTURE WINE COMPANY,CULTURE WINE COMPANY,CULTURE WINE LLC,BENICIA,Solano,CA,94510-1227,4325 INDUSTRIAL WAY,09,00649138,31-JUL-2026
CVS PHARMACY STORE 9761,CVS PHARMACY STORE 9761,GARFIELD BEACH CVS LLC,BENICIA,Solano,CA,94510-5402,2100 COLUMBUS PKWY,21,00477931,31-MAY-2027
GOLDEN STATE WINE & SPIRITS  LLC,,GOLDEN STATE WINE & SPIRITS  LLC,BENICIA,Solano,CA,94510-1026,5307 & 5325 INDUSTRIAL WY,18,00618481,31-OCT-2026
GRAN FONDO WINE LLC,GRAN FONDO WINE LLC,GRAN FONDO WINE  LLC,BENICIA,Solano,CA,94510-1026,5307 & 5325 INDUSTRIAL WY,17,00644332,28-FEB-2027
GRAN FONDO WINE LLC,GRAN FONDO WINE LLC,GRAN FONDO WINE  LLC,BENICIA,Solano,CA,94510-1026,5307 & 5325 INDUSTRIAL WY,20,00644332,28-FEB-2027
GRAN FONDO WINE LLC,GRAN FONDO WINE LLC,GRAN FONDO WINE  LLC,BENICIA,Solano,CA,94510-1026,5307 & 5325 INDUSTRIAL WY,09,00644332,28-FEB-2027
GRAVITAS WINE MARKETING,GRAVITAS WINE MARKETING,GRAVITAS WINE MARKETING LLC,BENICIA,Solano,CA,94510-1026,5307 & 5325 INDUSTRIAL WY,17,00619634,31-OCT-2026
GRAVITAS WINE MARKETING,GRAVITAS WINE MARKETING,GRAVITAS WINE MARKETING LLC,BENICIA,Solano,CA,94510-1026,5307 & 5325 INDUSTRIAL WY,20,00619634,31-OCT-2026
GRAVITAS WINE MARKETING,GRAVITAS WINE MARKETING,GRAVITAS WINE MARKETING LLC,BENICIA,Solano,CA,94510-1026,5307 & 5325 INDUSTRIAL WY,09,00619634,31-OCT-2026
GRAVITAS WINE MARKETING LLC,GRAVITAS WINE MARKETING LLC,GRAVITAS WINE MARKETING LLC,BENICIA,Solano,CA,94510-1026,5307 & 5325 INDUSTRIAL WY,18,00671019,31-AUG-2026
GRAVITAS WINE MARKETING LLC,GRAVITAS WINE MARKETING LLC,GRAVITAS WINE MARKETING LLC,BENICIA,Solano,CA,94510-1026,5307 & 5325 INDUSTRIAL WY,12,00671019,31-AUG-2026
HELFRICH WINERY DISTRIBUTION CA,,HELFRICH WINERY DISTRIBUTION CA,BENICIA,Solano,CA,94510-1026,5307 & 5325 INDUSTRIAL WY,05,00626076,31-MAR-2027
HELFRICH WINERY DISTRIBUTION CA,,HELFRICH WINERY DISTRIBUTION CA,BENICIA,Solano,CA,94510-1026,5307 & 5325 INDUSTRIAL WY,17,00626076,31-MAR-2027
HELFRICH WINERY DISTRIBUTION CA,,HELFRICH WINERY DISTRIBUTION CA,BENICIA,Solano,CA,94510-1026,5307 & 5325 INDUSTRIAL WY,09,00626076,31-MAR-2027
HELFRICH WINERY DISTRIBUTION CA,,HELFRICH WINERY DISTRIBUTION CA,BENICIA,Solano,CA,94510-1026,5307 & 5325 INDUSTRIAL WY,12,00626076,31-MAR-2027
KAIGAN SUSHI RESTAURANT,KAIGAN SUSHI RESTAURANT,LEI  SHARON,BENICIA,Solano,CA,94510,560 1ST ST,41,00348656,31-JAN-2027
LUCCA BAR AND GRILL,LUCCA BAR AND GRILL,LUCCA BAR/GRILL,BENICIA,Solano,CA,94510,439 1ST ST &,47,00575775,31-JAN-2027
LUCCA BAR AND GRILL,LUCCA BAR AND GRILL,LUCCA BAR/GRILL,BENICIA,Solano,CA,94510,439 1ST ST &,47,00575775,31-JAN-2027
MAI THAI CUISINE,MAI THAI CUISINE,IMSUNPANG  PANATTAPORN,BENICIA,Solano,CA,94510-3263,807 1ST ST,41,00488586,31-MAY-2026
MAJESTIC CAFE,MAJESTIC CAFE,MAJESTIC BENICIA LLC,BENICIA,Solano,CA,94510,700 1ST ST,41,00678166,31-MAY-2027
MAMACITA'S COCINA MEXICANA,MAMACITA'S COCINA MEXICANA,CARO'S INVESTMENTS LLC,BENICIA,Solano,CA,94510-3217,907 FIRST ST,47,00624705,31-MAY-2027
MAZATLAN TAQUERIA AND GRILL,MAZATLAN TAQUERIA AND GRILL,CAZAREZ  LIZETTE BEHRAN,BENICIA,Solano,CA,94510-5402,2126 COLUMBUS PARKWAY,41,00656242,28-FEB-2027
MIRCHI INDIAN GRILL,MIRCHI INDIAN GRILL,UDASIN CALIFORNIA  INC.,BENICIA,Solano,CA,94510,2032-34 COLUMBUS PKWY,41,00587304,31-DEC-2026
MISSION WINE MERCHANTS,MISSION WINE MERCHANTS,MISSION WINE MERCHANTS LLC,BENICIA,Solano,CA,94510-1026,5307 & 5325 INDUSTRIAL WY,17,00623480,31-DEC-2026
MISSION WINE MERCHANTS,MISSION WINE MERCHANTS,MISSION WINE MERCHANTS LLC,BENICIA,Solano,CA,94510-1026,5307 & 5325 INDUSTRIAL WY,18,00623480,31-DEC-2026
MISSION WINE MERCHANTS,MISSION WINE MERCHANTS,MISSION WINE MERCHANTS LLC,BENICIA,Solano,CA,94510-1026,5307 & 5325 INDUSTRIAL WY,09,00623480,31-DEC-2026
MISSION WINE MERCHANTS,MISSION WINE MERCHANTS,MISSION WINE MERCHANTS LLC,BENICIA,Solano,CA,94510-1026,5307 & 5325 INDUSTRIAL WY,12,00623480,31-DEC-2026
NZ WINE NAVIGATOR,NZ WINE NAVIGATOR,NZ WINERY DIRECT LLC,BENICIA,Solano,CA,94510-1026,5307 & 5325 INDUSTRIAL WY,17,00615008,31-MAR-2027
NZ WINE NAVIGATOR,NZ WINE NAVIGATOR,NZ WINERY DIRECT LLC,BENICIA,Solano,CA,94510-1026,5307 & 5325 INDUSTRIAL WY,20,00615008,31-MAR-2027
NZ WINE NAVIGATOR,NZ WINE NAVIGATOR,NZ WINERY DIRECT LLC,BENICIA,Solano,CA,94510-1026,5307 & 5325 INDUSTRIAL WY,09,00615008,31-MAR-2027
OLIVER MCCRUM WINES,OLIVER MCCRUM WINES,BLACKBIRD WINES INC,BENICIA,Solano,CA,94510-1026,5307 & 5325 INDUSTRIAL WY,12,00602285,30-SEP-2026
OLIVER MCCRUM WINES,OLIVER MCCRUM WINES,BLACKBIRD WINES INC,BENICIA,Solano,CA,94510-1026,5307 & 5325 INDUSTRIAL WY,17,00602285,31-JAN-2027
OLIVER MCCRUM WINES,OLIVER MCCRUM WINES,BLACKBIRD WINES INC,BENICIA,Solano,CA,94510-1026,5307 & 5325 INDUSTRIAL WY,18,00602285,30-SEP-2026
OLIVER MCCRUM WINES,OLIVER MCCRUM WINES,BLACKBIRD WINES INC,BENICIA,Solano,CA,94510-1026,5307 & 5325 INDUSTRIAL WY,20,00602285,31-JAN-2027
OLIVER MCCRUM WINES,OLIVER MCCRUM WINES,BLACKBIRD WINES INC,BENICIA,Solano,CA,94510-1026,5307 & 5325 INDUSTRIAL WY,09,00602285,31-JAN-2027
ONE STOP LIQUOR AND FOOD 2,ONE STOP LIQUOR AND FOOD 2,VERMA  SUNITA DEEP,BENICIA,Solano,CA,94510-2812,457 MILITARY E,21,00486634,31-JUL-2027
PACIFICA PIZZA INC,PACIFICA PIZZA INC,PACIFICA PIZZA INC,BENICIA,Solano,CA,94510,915 FIRST ST,41,00618081,31-JUL-2027
PALERMO WINE IMPORTS,PALERMO WINE IMPORTS,PALERMO WINE IMPORTS INC,BENICIA,Solano,CA,94510-1227,4325 INDUSTRIAL WAY,17,00668922,31-OCT-2026
PALERMO WINE IMPORTS,PALERMO WINE IMPORTS,PALERMO WINE IMPORTS INC,BENICIA,Solano,CA,94510-1227,4325 INDUSTRIAL WAY,09,00668922,31-OCT-2026
PALERMOS RESTAURANT,PALERMOS RESTAURANT,CORTES  GUILLERMO,BENICIA,Solano,CA,94510,2050 COLUMBUS PKWY,41,00376928,31-JUL-2027
PARIS WINE COMPANY,PARIS WINE COMPANY,PARIS WINE COMPANY LLC,BENICIA,Solano,CA,94510-1026,INDUSTRIAL WAY,17,00616671,30-JUN-2026
PARIS WINE COMPANY,PARIS WINE COMPANY,PARIS WINE COMPANY LLC,BENICIA,Solano,CA,94510-1026,INDUSTRIAL WAY,20,00616671,30-JUN-2026
PARIS WINE COMPANY,PARIS WINE COMPANY,PARIS WINE COMPANY LLC,BENICIA,Solano,CA,94510-1026,INDUSTRIAL WAY,09,00616671,30-JUN-2026
PEARL THAI CUISINE,PEARL THAI CUISINE,PEARL & PLOY ENTERPRISES  LLC.,BENICIA,Solano,CA,94510-1907,870 SOUTHAMPTON RD,41,00550471,
PEARL THAI CUISINE,PEARL THAI CUISINE,PEARL & PLOY ENTERPRISES  LLC.,BENICIA,Solano,CA,94510-1907,870 SOUTHAMPTON RD,47,00673596,31-MAR-2027
PEPITE WINES,PEPITE WINES,PEPITE LLC,BENICIA,Solano,CA,94510-1026,5307 & 5325 INDUSTRIAL WY,17,00613385,31-JAN-2027
PEPITE WINES,PEPITE WINES,PEPITE LLC,BENICIA,Solano,CA,94510-1026,5307 & 5325 INDUSTRIAL WY,20,00613385,31-JAN-2027
PEPITE WINES,PEPITE WINES,PEPITE LLC,BENICIA,Solano,CA,94510-1026,5307 & 5325 INDUSTRIAL WY,09,00613385,31-JAN-2027
PIZZA PIRATE,PIZZA PIRATE,C&B PIZZA PIRATE CORP,BENICIA,Solano,CA,94510,72 SOLANO SQUARE SHOPPING CTR,41,00664914,31-DEC-2026
RELLIK TAVERN THE,RELLIK TAVERN THE,R & R CRAFTAILS  INC.,BENICIA,Solano,CA,94510,726 1ST ST,48,00592099,30-APR-2027
RELLIK TAVERN THE,RELLIK TAVERN THE,R & R CRAFTAILS  INC.,BENICIA,Solano,CA,94510,726 1ST ST,77,00592099,30-APR-2027
ROSE DRIVE MARKET,ROSE DRIVE MARKET,KAUR  BALJIT,BENICIA,Solano,CA,94510,2064 COLUMBUS PKWY,21,00382459,30-NOV-2026
ROUND TABLE PIZZA,ROUND TABLE PIZZA,B & P PIZZA GROUP  INC.,BENICIA,Solano,CA,94510-1907,878 SOUTHAMPTON RD,41,00639010,31-JUL-2026
SIDEKICK DELIVERY,SIDEKICK DELIVERY,TIMOLI GROUP LLC,BENICIA,Solano,CA,94510,5301 5307  5311  5325  5341 & 5365 INDUSTRIAL WAY,14,00670604,31-MAY-2027
SYMPOSIUM WINE CO,SYMPOSIUM WINE CO,CAVA SELECTIONS INC,BENICIA,Solano,CA,94510,4325 INDUSTRIAL WAY,17,00659551,31-OCT-2026
SYMPOSIUM WINE CO,SYMPOSIUM WINE CO,CAVA SELECTIONS INC,BENICIA,Solano,CA,94510,4325 INDUSTRIAL WAY,18,00659551,31-OCT-2026
SYMPOSIUM WINE CO,SYMPOSIUM WINE CO,CAVA SELECTIONS INC,BENICIA,Solano,CA,94510,4325 INDUSTRIAL WAY,09,00659551,31-OCT-2026
SYMPOSIUM WINE CO,SYMPOSIUM WINE CO,CAVA SELECTIONS INC,BENICIA,Solano,CA,94510,4325 INDUSTRIAL WAY,12,00659551,31-OCT-2026
TERLATO WINES INTERNATIONAL,TERLATO WINES INTERNATIONAL,PATERNO IMPORTS LTD,BENICIA,Solano,CA,94510-1119,363 INDUSTRIAL WAY,13,00605308,31-AUG-2026
TERLATO WINES INTERNATIONAL,TERLATO WINES INTERNATIONAL,PATERNO IMPORTS LTD,BENICIA,Solano,CA,94510-1119,363 INDUSTRIAL WAY,17,00605308,31-AUG-2026
TERLATO WINES INTERNATIONAL,TERLATO WINES INTERNATIONAL,PATERNO IMPORTS LTD,BENICIA,Solano,CA,94510-1119,363 INDUSTRIAL WAY,09,00605308,31-AUG-2026
THE CAFE AT THE INN,THE CAFE AT THE INN,THE CAFE AT THE INN LLC,BENICIA,Solano,CA,94510-3222,145 E D ST,47,00609856,
THE CAFE AT THE INN,THE CAFE AT THE INN,THE CAFE AT THE INN LLC,BENICIA,Solano,CA,94510-3222,145 E D ST,47,00609856,31-AUG-2026
THE RARE WINE CO. ELEVAGE,THE RARE WINE CO. ELEVAGE,VIEUX VINS INC,BENICIA,Solano,CA,94510,535 GETTY CT,17,00677268,30-APR-2027
THE RARE WINE CO. ELEVAGE,THE RARE WINE CO. ELEVAGE,VIEUX VINS INC,BENICIA,Solano,CA,94510,535 GETTY CT,09,00677268,30-APR-2027
UNION HOTEL RESTAURANT & BAR,UNION HOTEL RESTAURANT & BAR,G & M CORPORATION,BENICIA,Solano,CA,94510,401 1ST ST,47,00402233,31-AUG-2026
WINE DOGS IMPORTS,WINE DOGS IMPORTS,WINE DOGS LLC,BENICIA,Solano,CA,94510-1026,5307 & 5325 INDUSTRIAL WY,17,00634622,28-FEB-2027
WINE DOGS IMPORTS,WINE DOGS IMPORTS,WINE DOGS LLC,BENICIA,Solano,CA,94510-1026,5307 & 5325 INDUSTRIAL WY,09,00634622,28-FEB-2027
WINE SOLUTIONS WEST  LLC,WINE SOLUTIONS WEST  LLC,WINE SOLUTIONS WEST LLC,BENICIA,Solano,CA,94510-2930,941 GRANT ST,17,00596752,31-AUG-2026
WINEBOW,WINEBOW,CENTRAL COAST WINE COMPANY,BENICIA,Solano,CA,94510-1227,4301 INDUSTRIAL WY,20,00420181,31-AUG-2026
WINEBOW,WINEBOW,CENTRAL COAST WINE COMPANY,BENICIA,Solano,CA,94510-1227,4301 INDUSTRIAL WY,17,00420181,31-AUG-2026
WINEBOW,WINEBOW,CENTRAL COAST WINE COMPANY,BENICIA,Solano,CA,94510-1227,4301 INDUSTRIAL WY,18,00420181,31-AUG-2026
WINEBOW,WINEBOW,CENTRAL COAST WINE COMPANY,BENICIA,Solano,CA,94510-1227,4301 INDUSTRIAL WY,09,00420181,31-AUG-2026
WINEBOW,WINEBOW,CENTRAL COAST WINE COMPANY,BENICIA,Solano,CA,94510-1227,4301 INDUSTRIAL WY,12,00420181,31-AUG-2026
WINESELLERS LTD,WINESELLERS LTD,WINESELLERS LTD,BENICIA,Solano,CA,94510-1227,4325 INDUSTRIAL WAY,10,00671338,31-JUL-2027
WINEWISE,WINEWISE,WINEWISE LLC,BENICIA,Solano,CA,94510-1227,4325 INDUSTRIAL WAY,20,00551143,30-NOV-2026
WINEWISE,WINEWISE,WINEWISE LLC,BENICIA,Solano,CA,94510-1227,4325 INDUSTRIAL WAY,17,00551143,30-NOV-2026
WINEWISE,WINEWISE,WINEWISE LLC,BENICIA,Solano,CA,94510-1227,4325 INDUSTRIAL WAY,09,00551143,30-NOV-2026
BARBA AGUIRRE  ALEJANDRO,,BARBA AGUIRRE  ALEJANDRO,DIXON,Solano,CA,95620,483 N ADAMS ST,41,00641139,30-SEP-2026
BEVERAGE HOUSE & LIQUOR #19,BEVERAGE HOUSE & LIQUOR #19,DIXONS MARKET & DELI  INC,DIXON,Solano,CA,95620-2187,1100 PITT SCHOOL RD,21,00537317,
BEVERAGE HOUSE & LIQUOR #19,BEVERAGE HOUSE & LIQUOR #19,DIXONS MARKET & DELI  INC,DIXON,Solano,CA,95620-2187,1100 PITT SCHOOL RD,86,00537317,
BEVERAGE HOUSE & LIQUOR #19,BEVERAGE HOUSE & LIQUOR #19,DIXONS MARKET & DELI  INC,DIXON,Solano,CA,95620-2187,1100 PITT SCHOOL RD,42,00537317,
BEVERAGE HOUSE & LIQUOR #19,BEVERAGE HOUSE & LIQUOR #19,DIXONS MARKET & DELI  INC,DIXON,Solano,CA,95620-2187,1100 PITT SCHOOL RD,21,00537317,30-SEP-2026
BEVERAGE HOUSE & LIQUOR #19,BEVERAGE HOUSE & LIQUOR #19,DIXONS MARKET & DELI  INC,DIXON,Solano,CA,95620-2187,1100 PITT SCHOOL RD,86,00537317,30-SEP-2026
BEVERAGE HOUSE & LIQUOR #19,BEVERAGE HOUSE & LIQUOR #19,DIXONS MARKET & DELI  INC,DIXON,Solano,CA,95620-2187,1100 PITT SCHOOL RD,42,00537317,30-NOV-2026
BUCKHORN BAR & GRILL,BUCKHORN BAR & GRILL,LAVALLEE  RICHARD ROGER,DIXON,Solano,CA,95620-2407,830 N ADAMS ST,48,00479155,31-MAY-2027
BUCKHORN BBQ & GRILL,BUCKHORN BBQ & GRILL,BUCKHORN DIXON  LLC,DIXON,Solano,CA,95620,1460 ARY LN,47,00653086,30-APR-2027
BUD'S PUB & GRILL,BUD'S PUB & GRILL,BUD'S PUB & GRILL LLC,DIXON,Solano,CA,95620,100 S 1ST ST,47,00611828,31-JAN-2027
BUD'S PUB & GRILL,BUD'S PUB & GRILL,BUD'S PUB & GRILL LLC,DIXON,Solano,CA,95620,100 S 1ST ST,58,00611828,31-JAN-2027
CENARIO'S PIZZA OF DIXON,CENARIO'S PIZZA OF DIXON,KB GUEVARA INC,DIXON,Solano,CA,95620-2100,1160 PITT SCHOOL RD,41,00623909,31-MAR-2027
CHIPOTLE MEXICAN GRILL STORE # 4535,CHIPOTLE MEXICAN GRILL STORE # 4535,CHIPOTLE MEXICAN GRILL INC,DIXON,Solano,CA,95620,2200 N FIRST ST,41,00656725,31-JUL-2026
CVS PHARMACY STORE 9950,CVS PHARMACY STORE 9950,GARFIELD BEACH CVS LLC,DIXON,Solano,CA,95620-2428,1057 N 1ST ST,21,00477712,31-MAY-2027
DHAMI DISCOUNT LIQUOR,DHAMI DISCOUNT LIQUOR,H S DHAMI CORPORATION,DIXON,Solano,CA,95620,1285 STRATFORD AVE,21,00427386,
DIXON BOAT CLUB & FISHING,DIXON BOAT CLUB & FISHING,DIXON BOAT & FISHING CLUB,DIXON,Solano,CA,95620,NORTON RD S/S 300' W OF BUNKER RD,51,00198409,30-SEP-2026
DIXON FOOD & LIQUOR,DIXON FOOD & LIQUOR,DIXON FOOD AND LIQUOR LLC,DIXON,Solano,CA,95620,109 N ADAMS ST,21,00639918,30-NOV-2026
DIXON FRUIT MARKET,DIXON FRUIT MARKET,CHATHA  INCORPORATED,DIXON,Solano,CA,95620,7808 BATAVIA RD & I-80,20,00659449,31-JUL-2027
DIXON LIQUOR & GAS,DIXON LIQUOR & GAS,DIXON BEVERAGES LLC,DIXON,Solano,CA,95620-2925,483 N ADAMS ST,21,00639905,31-AUG-2026
DWELLEY FAMILY WINES  LLC,,DWELLEY FAMILY WINES  LLC,DIXON,Solano,CA,95620,800 BUSINESS PARK DR,02,00654035,30-JUN-2026
DWELLEY FAMILY WINES  LLC,,DWELLEY FAMILY WINES  LLC,DIXON,Solano,CA,95620,800 BUSINESS PARK DR,81,00654035,30-JUN-2026
GREWAL DISCOUNT LIQUOR,GREWAL DISCOUNT LIQUOR,GREWAL DISCOUNT LIQUOR LLC,DIXON,Solano,CA,95620,1285 STRATFORD AVE,21,00607194,31-DEC-2026
JACKYS MEXICAN RESTAURANT & BAR,JACKYS MEXICAN RESTAURANT & BAR,PLASCENCIA  MARIA CASTANEDA,DIXON,Solano,CA,95620,127 NORTH FIRST ST,47,00662591,31-JAN-2027
LA CONCINA MEXICANA RESTAURANTE,LA CONCINA MEXICANA RESTAURANTE,SALCEDO  NAYELY,DIXON,Solano,CA,95620-9242,105 E DORSET DR,47,00652435,31-JAN-2027
LIQUOR MART,LIQUOR MART,TRAVIS DISCOUNT LIQUOR AND DELI INC,DIXON,Solano,CA,95620-9240,2600 PLAZA CT,21,00674117,28-FEB-2027
LUKES LOUNGE,LUKES LOUNGE,LUKE  NATHAN ALEXANDER VIRGIL,DIXON,Solano,CA,95620,221 N 1ST ST,48,00397018,31-MAY-2027
LUPITAS KITCHEN,LUPITAS KITCHEN,LUPITA'S ENTERPRISES  INC.,DIXON,Solano,CA,95620-2926,470 N ADAMS ST,41,00517616,30-JUN-2027
MOUNTAIN MIKES PIZZA,MOUNTAIN MIKES PIZZA,DIXON FOOD VENTURES  LLC,DIXON,Solano,CA,95620,1700 N 1ST ST STE C,41,00663654,30-APR-2027
MR. TACO'S,MR. TACO'S,FARIAS  CRISTOBAL,DIXON,Solano,CA,95620-9240,2600 PLAZA CT,41,00525911,31-OCT-2026
MURILLOS RESTAURANT,MURILLOS RESTAURANT,MURILLO'S RESTAURANT  INC,DIXON,Solano,CA,95620-4200,1435 ARY LN,47,00627714,30-APR-2027
PIP WINE BAR + SHOP  THE,PIP WINE BAR + SHOP  THE,BARBARICYAWP LLC,DIXON,Solano,CA,95620-3026,116 N FIRST ST,48,00651838,31-JUL-2027
PIZZA GUYS,PIZZA GUYS,CASTRAFT  INC.,DIXON,Solano,CA,95620-4227,1455 ARY LN,41,00629811,31-OCT-2026
ROUND TABLE PIZZA,ROUND TABLE PIZZA,SINGH PANDORI INC,DIXON,Solano,CA,95620,825 N ADAMS ST,41,00665746,31-JAN-2027
TACOS EL VERDUZCO,TACOS EL VERDUZCO,MELENDEZ  EVERARDO ANGEL,DIXON,Solano,CA,95620,1005 N ADAMS ST,41,00567563,31-JUL-2026
VANDA ORCHID THAI BISTRO,VANDA ORCHID THAI BISTRO,PANYAWONG LLC,DIXON,Solano,CA,95620-4298,1440 ARY LANE,41,00633779,28-FEB-2027
WAL MART STORE 5139,WAL MART STORE 5139,WALMART INC.,DIXON,Solano,CA,95620,235 E DORSET DR,21,00402059,30-JUN-2027
7 ELEVEN STORE 2235 14149F,7 ELEVEN STORE 2235 14149F,7 ELEVEN INC,FAIRFIELD,Solano,CA,94533,206 E TABOR AVE,20,00399078,30-JUN-2027
7 SEVEN FOOD & LIQUOR,7 SEVEN FOOD & LIQUOR,7 SEVEN INC,FAIRFIELD,Solano,CA,94533,1500 W TEXAS ST,21,00664648,30-NOV-2026
99 CENTS STORE #436,99 CENTS STORE #436,99 CENTS ONLY STORES LLC,FAIRFIELD,Solano,CA,94533-1700,2525 N TEXAS ST,21,00631662,31-MAR-2027
AMAR INDIAN CUISINE & BANQUET,AMAR INDIAN CUISINE & BANQUET,SARDAR ENTERPRISE  INC.,FAIRFIELD,Solano,CA,94533,1121-1123 TEXAS ST,47,00620326,31-MAY-2026
AMIZETTA VINEYARDS WINERY,AMIZETTA VINEYARDS WINERY,AMIZETTA VINEYARDS WINERY LLC,FAIRFIELD,Solano,CA,94534,2650 CORDELIA RD,02,00651369,30-JUN-2026
ANSWER SPORTS BAR THE,ANSWER SPORTS BAR THE,MCCARVER  EDDIE RAY,FAIRFIELD,Solano,CA,94533-6004,4519 WALTERS RD,48,00639426,30-JUN-2026
ANSWER SPORTS BAR THE,ANSWER SPORTS BAR THE,MCCARVER  EDDIE RAY,FAIRFIELD,Solano,CA,94533-6004,4519 WALTERS RD,58,00639426,30-JUN-2026
BASRA ARCO GAS & FOOD MARKET,BASRA ARCO GAS & FOOD MARKET,BASRA ASSOCIATES INCORPORATED,FAIRFIELD,Solano,CA,94533,3555 NELSON RD,20,00383025,31-JAN-2027
BONFARE MARKET # 27,BONFARE MARKET # 27,BONFARE MARKETS INC,FAIRFIELD,Solano,CA,94533,890 E TRAVIS BLVD,21,00313604,30-SEP-2026
BONFARE MARKET # 27,BONFARE MARKET # 27,BONFARE MARKETS INC,FAIRFIELD,Solano,CA,94533,890 E TRAVIS BLVD,21,00313604,
BONFARE MARKET # 31,BONFARE MARKET # 31,BONFARE MARKETS INC,FAIRFIELD,Solano,CA,94533-2745,2301 WALTERS RD,21,00489267,
BONFARE MARKET #31,BONFARE MARKET #31,BONFARE MARKETS INC,FAIRFIELD,Solano,CA,94533-2745,2301 WALTERS RD,21,00623075,28-FEB-2027
BRUC FAMILY WINES  LLC,BRUC FAMILY WINES  LLC,BRUC FAMILY WINES  LLC,FAIRFIELD,Solano,CA,94534,3405 BLACK MOUNTAIN CT,85,00662290,31-OCT-2026
BUFFALO WILD WINGS GRILL & BAR,BUFFALO WILD WINGS GRILL & BAR,FJC MANAGEMENT INC.,FAIRFIELD,Solano,CA,94533-4646,1350 TRAVIS BLVD,47,00578823,30-SEP-2026
CASA AGAVE RESTAURANT,CASA AGAVE RESTAURANT,CASA AGAVE RESTAURANT LLC,FAIRFIELD,Solano,CA,94533-5518,731-733 TEXAS ST,47,00649688,31-DEC-2026
CAYMUS-CALIFORNIA WINERY LLC,,CAYMUS-CALIFORNIA WINERY LLC,FAIRFIELD,Solano,CA,94534-3119,4991 SUISUN VALLEY RD,02,00658110,30-JUN-2027
CAYMUS-CALIFORNIA WINERY LLC,,CAYMUS-CALIFORNIA WINERY LLC,FAIRFIELD,Solano,CA,94534,2650 CORDELIA RD,02,00658118,30-JUN-2027
CAYMUS-SUISUN WINERY,CAYMUS-SUISUN WINERY,CORDELIA WINERY LLC,FAIRFIELD,Solano,CA,94534-3119,4991 SUISUN VALLEY RD,02,00629749,30-JUN-2027
CEDARS CORNER BAR AND KITCHEN,CEDARS CORNER BAR AND KITCHEN,FAIRFIELD CIGAR AND VAPE INC.,FAIRFIELD,Solano,CA,94533-5739,801 TEXAS ST,48,00640070,31-MAY-2027
CHIPOTLE MEXICAN GRILL,CHIPOTLE MEXICAN GRILL,CHIPOTLE MEXICAN GRILL INC,FAIRFIELD,Solano,CA,94533,1586 GATEWAY BLVD,47,00370066,30-APR-2027
CLUBHOUSE AT PARADISE VALLEY THE,CLUBHOUSE AT PARADISE VALLEY THE,TOUCHSTONE GOLF LLC,FAIRFIELD,Solano,CA,94533,3990 PARADISE VALLEY RD,47,00654542,
CLUBHOUSE AT PARADISE VALLEY THE,CLUBHOUSE AT PARADISE VALLEY THE,TOUCHSTONE GOLF LLC,FAIRFIELD,Solano,CA,94533,3990 PARADISE VALLEY RD,58,00654542,
CLUBHOUSE AT PARADISE VALLEY THE,CLUBHOUSE AT PARADISE VALLEY THE,TOUCHSTONE GOLF LLC,FAIRFIELD,Solano,CA,94533,3990 PARADISE VALLEY RD,47,00654542,31-MAY-2027
CLUBHOUSE AT PARADISE VALLEY THE,CLUBHOUSE AT PARADISE VALLEY THE,TOUCHSTONE GOLF LLC,FAIRFIELD,Solano,CA,94533,3990 PARADISE VALLEY RD,58,00654542,31-MAY-2027
CORDELIA WINERY,CORDELIA WINERY,CORDELIA WINERY LLC,FAIRFIELD,Solano,CA,94534,2650 CORDELIA RD,02,00576180,30-JUN-2027
CORDELIA WINERY,CORDELIA WINERY,CORDELIA WINERY LLC,FAIRFIELD,Solano,CA,94534-9793,2875 CORDELIA RD,02,00624601,30-JUN-2027
COST PLUS WORLD MARKET,COST PLUS WORLD MARKET,COST PLUS INC,FAIRFIELD,Solano,CA,94533,1574 GATEWAY BLVD,20,00403700,
COUNTRY CORNER LIQUOR,COUNTRY CORNER LIQUOR,GLOBAL LIQUORS INC,FAIRFIELD,Solano,CA,94533,1332 W TEXAS ST,21,00664987,31-DEC-2026
CVS PHARMACY STORE 3075,CVS PHARMACY STORE 3075,GARFIELD BEACH CVS LLC,FAIRFIELD,Solano,CA,94533-3804,5059 BUSINESS CTR DR,21,00477713,31-MAY-2027
CVS PHARMACY STORE 9371,CVS PHARMACY STORE 9371,GARFIELD BEACH CVS LLC,FAIRFIELD,Solano,CA,94533-3804,300 TRAVIS BLVD,21,00477710,31-MAY-2027
DAVES LIQUOR,DAVES LIQUOR,SINGH HS CORP,FAIRFIELD,Solano,CA,94534-3470,1347 OLIVER RD,21,00484898,
DINGS COCKTAIL LOUNGE,DINGS COCKTAIL LOUNGE,MCKEE  JR EDWARD JOSEPH,FAIRFIELD,Solano,CA,94533,1712 W TEXAS ST,48,00354561,30-JUN-2027
EL AZTECA RESTAURANT,EL AZTECA RESTAURANT,BERUMEN  NICOLAS,FAIRFIELD,Solano,CA,94533,1731 N TEXAS ST,47,00248874,30-APR-2027
EL JALAPENO RESTAURANT,EL JALAPENO RESTAURANT,MEXICAN GRILL EL JALAPENO,FAIRFIELD,Solano,CA,94533-5994,1690 W TEXAS ST,41,00615950,30-APR-2027
EVELYN'S PIZZA,EVELYN'S PIZZA,AVELLINO LUPI  INC,FAIRFIELD,Solano,CA,94533,704 TEXAS ST,41,00677930,30-APR-2027
FAIRFIELD MARKET & LIQUOR,FAIRFIELD MARKET & LIQUOR,FAIRFIELD MARKET AND LIQUOR INC,FAIRFIELD,Solano,CA,94533-5918,1303 TEXAS ST,21,00520122,30-APR-2027
FOOD FAIR MARKET,FOOD FAIR MARKET,FOOD FAIR MARKET  INC,FAIRFIELD,Solano,CA,94533-2128,198 E PACIFIC AVE,21,00521765,
FOOD FAIR MARKET,FOOD FAIR MARKET,FOOD FAIR MARKET  INC,FAIRFIELD,Solano,CA,94533-2128,198 E PACIFIC AVE,21,00521765,31-OCT-2026
FOOD MAXX STORE 467,FOOD MAXX STORE 467,SAVE MART SUPERMARKETS LLC,FAIRFIELD,Solano,CA,94533-4462,1955 W TEXAS ST,21,00642598,30-JUN-2026
FRANK & YUEN'S CHINESE RESTAURANT,FRANK & YUEN'S CHINESE RESTAURANT,WAH SING RESTAURANT  INC.,FAIRFIELD,Solano,CA,94533-4462,1955 W TEXAS ST,41,00660684,30-SEP-2026
GEORGES LIQUOR STORE,GEORGES LIQUOR STORE,DADHWAL ENTERPRISES INC,FAIRFIELD,Solano,CA,94533-3816,1744 N TEXAS ST,21,00475512,
GEORGES LIQUOR STORE,GEORGES LIQUOR STORE,DADHWAL ENTERPRISES INC,FAIRFIELD,Solano,CA,94533-3816,1744 N TEXAS ST,21,00475512,30-JUN-2027
GORDITOS MEXICAN RESTAURANT,GORDITOS MEXICAN RESTAURANT,ROMO  OTILIA BERUMEN,FAIRFIELD,Solano,CA,94534,1025 OLIVER RD,47,00646639,30-JUN-2026
HANA JAPANESE RESTAURANT,HANA JAPANESE RESTAURANT,GAO  YUHUA,FAIRFIELD,Solano,CA,94533-3835,340 TRAVIS BLVD,41,00558931,31-JUL-2026
HAPPY GARDEN RESTAURANT,HAPPY GARDEN RESTAURANT,CHOI  FRED KIN,FAIRFIELD,Solano,CA,94534-1668,5055 BUSINESS CENTER DR,41,00640164,31-OCT-2026
HARRYS SPORTSMANS LOUNGE,HARRYS SPORTSMANS LOUNGE,PETTERSON  HARRY FRANK JR,FAIRFIELD,Solano,CA,94533,833 TEXAS ST,48,00355643,31-JUL-2027
HERNANDEZ PRODUCE & MEAT MARKET,HERNANDEZ PRODUCE & MEAT MARKET,HERNANDEZ CASTILLO  JOAQUIN,FAIRFIELD,Solano,CA,94533-8708,870 E TRAVIS BLVD,20,00638409,31-OCT-2026
HINATA JAPANESE STEAKHOUSE & SUSHI,HINATA JAPANESE STEAKHOUSE & SUSHI,WU'S HINATA INC.,FAIRFIELD,Solano,CA,94534-1624,5113 BUSINESS CTR DR,47,00633786,28-FEB-2027
HOPE FAMILY WINES,HOPE FAMILY WINES,TREANA WINERY LLC,FAIRFIELD,Solano,CA,94534,2650 CORDELIA RD,02,00595466,30-JUN-2027
HOT STONE KOREAN KITCHEN,HOT STONE KOREAN KITCHEN,HAN BIT RESTAURANTS  INC.,FAIRFIELD,Solano,CA,94533-3204,2190 N TEXAS ST,41,00664379,31-DEC-2026
KOREANA BBQ,KOREANA BBQ,MIN OSCAR,FAIRFIELD,Solano,CA,94533-9000,574 PARKER RD,41,00590793,31-AUG-2026
LA CHARRITA MEXICAN MARKET,LA CHARRITA MEXICAN MARKET,MAGALLANES  MARIA DOLORES,FAIRFIELD,Solano,CA,94533,1470 W TEXAS ST,20,00387092,30-NOV-2026
LIQUOR TREE,LIQUOR TREE,FAIRFIELD FOOD & SPIRITS INC,FAIRFIELD,Solano,CA,94533,1972 N TEXAS ST,21,00621384,31-DEC-2026
MAJOR MARKET,MAJOR MARKET,PANDHER  GURMEET KAUR,FAIRFIELD,Solano,CA,94533-4201,1901 GRANDE CIR,21,00315727,31-AUG-2026
MANKAS GRILL,MANKAS GRILL,MANKAS GRILL LLC,FAIRFIELD,Solano,CA,94534-3134,2522 MANKAS CORNER RD,47,00616838,31-JUL-2026
MARY'S PIZZA SHACK,MARY'S PIZZA SHACK,REESE HOSPITALITY GROUP INC.,FAIRFIELD,Solano,CA,94533,1500 OLIVER RD,41,00645854,31-MAR-2027
MEXICO MEAT MARKET INC,MEXICO MEAT MARKET INC,MEXICO MEAT MARKET INC,FAIRFIELD,Solano,CA,94533-3820,1950 N TEXAS ST,20,00422367,
MIMIS CAFE,MIMIS CAFE,MIMIS NORTH  INC,FAIRFIELD,Solano,CA,94533-6907,1650 GATEWAY BLVD,47,00632330,28-FEB-2027
MONSOON BURGERS,MONSOON BURGERS,STONEFIELD ENTERPRISES  INC.,FAIRFIELD,Solano,CA,94533,321 TEXAS ST,41,00616037,30-SEP-2026
MOUNTAIN MIKE PIZZA,MOUNTAIN MIKE PIZZA,FAIRFIELD FOOD VENTURES  INC,FAIRFIELD,Solano,CA,94534,251 PITTMAN RD,41,00650540,31-AUG-2026
MOUNTAIN MIKE'S PIZZA,MOUNTAIN MIKE'S PIZZA,GILL & MANN MOUNTAIN MIKE INC,FAIRFIELD,Solano,CA,94533-3872,1819 N TEXAS ST,41,00521020,30-APR-2027
MOUNTAIN MIKE'S PIZZA,MOUNTAIN MIKE'S PIZZA,KAM & GAV PIZZA  INC.,FAIRFIELD,Solano,CA,94533,3336 N TEXAS ST STE C9,41,00664008,30-NOV-2026
OHKURA RESTAURANT,OHKURA RESTAURANT,LIN  EUNICE,FAIRFIELD,Solano,CA,94535,594 PARKER RD,41,00369117,31-AUG-2026
PALM THAI BISTRO,PALM THAI BISTRO,PALM THAI RESTAURANT INC.,FAIRFIELD,Solano,CA,94534-1906,5089 BUSINESS CENTER DR,41,00550582,31-DEC-2026
PEKING RESTAURANT,PEKING RESTAURANT,WU'S PEKING RESTAURANT INC.,FAIRFIELD,Solano,CA,94533,3073 TRAVIS BLVD,41,00597098,30-SEP-2026
PELAYOS MEXICAN FOOD,PELAYOS MEXICAN FOOD,PELAYOS MEXICAN FOOD INC,FAIRFIELD,Solano,CA,94534,5055 BUSINESS CENTER DR,41,00394419,30-NOV-2026
PETROS WINE COMPANY,PETROS WINE COMPANY,CLOUD & FIRE LLC,FAIRFIELD,Solano,CA,94534-1038,2163 GREENFIELD DR,17,00626846,30-JUN-2026
PETROS WINE COMPANY,PETROS WINE COMPANY,CLOUD & FIRE LLC,FAIRFIELD,Solano,CA,94534-1038,2163 GREENFIELD DR,20,00626846,30-JUN-2026
PIKUL THAI BISTRO,PIKUL THAI BISTRO,NAMSUPA LLC,FAIRFIELD,Solano,CA,94533-6906,1305 GATEWAY BLVD,41,00634954,28-FEB-2027
PIZZA TWIST,PIZZA TWIST,NAANKI ENTERPRISE INC,FAIRFIELD,Solano,CA,94533-5518,735B TEXAS ST,41,00627485,31-JUL-2026
QUIK STOP MARKET #551159,QUIK STOP MARKET #551159,QUIK STOP MARKETS INC,FAIRFIELD,Solano,CA,94533-8984,2985 PEABODY RD,20,00653321,30-JUN-2027
R. BALESTRA WINERY,R. BALESTRA WINERY,BALESTRA  RENEE SUSANNE,FAIRFIELD,Solano,CA,94534-1457,4250 GREEN VALLEY RD,02,00552959,30-JUN-2026
RANCHO FINO COCINA MEXICANA,RANCHO FINO COCINA MEXICANA,SALAZAR  ANTONIO JR,FAIRFIELD,Solano,CA,94534,4163 SUISUN VALLEY RD,47,00629132,31-DEC-2026
RANCHO SOLANO GOLF COURSE,RANCHO SOLANO GOLF COURSE,TOUCHSTONE GOLF LLC,FAIRFIELD,Solano,CA,94534,3250 RANCHO SOLANO PKWY,47,00654543,
RANCHO SOLANO GOLF COURSE,RANCHO SOLANO GOLF COURSE,TOUCHSTONE GOLF LLC,FAIRFIELD,Solano,CA,94534,3250 RANCHO SOLANO PKWY,47,00654543,
RANCHO SOLANO GOLF COURSE,RANCHO SOLANO GOLF COURSE,TOUCHSTONE GOLF LLC,FAIRFIELD,Solano,CA,94534,3250 RANCHO SOLANO PKWY,58,00654543,
RANCHO SOLANO GOLF COURSE,RANCHO SOLANO GOLF COURSE,TOUCHSTONE GOLF LLC,FAIRFIELD,Solano,CA,94534,3250 RANCHO SOLANO PKWY,47,00654543,31-MAY-2027
RANCHO SOLANO GOLF COURSE,RANCHO SOLANO GOLF COURSE,TOUCHSTONE GOLF LLC,FAIRFIELD,Solano,CA,94534,3250 RANCHO SOLANO PKWY,47,00654543,31-MAY-2027
RANCHO SOLANO GOLF COURSE,RANCHO SOLANO GOLF COURSE,TOUCHSTONE GOLF LLC,FAIRFIELD,Solano,CA,94534,3250 RANCHO SOLANO PKWY,58,00654543,31-MAY-2027
ROCK WREN WINERY,ROCK WREN WINERY,ROCK WREN WINERY LLC,FAIRFIELD,Solano,CA,94534-1698,499 EDISON CT,02,00552836,30-JUN-2027
ROD SAP THAI LAO KITCHEN,ROD SAP THAI LAO KITCHEN,BOUNKOUSONH  KET,FAIRFIELD,Solano,CA,94533,1767 N TEXAS ST,41,00591885,31-MAR-2027
ROSALYND WINERY,ROSALYND WINERY,ROSALYND WINERY LLC,FAIRFIELD,Solano,CA,94534,2212 MORRISON LN,02,00606265,30-JUN-2027
ROUND TABLE PIZZA,ROUND TABLE PIZZA,CIRCLE PIZZA LLC,FAIRFIELD,Solano,CA,94534,5085 BUSINESS CENTER DR,41,00627490,31-JUL-2026
ROUND TABLE PIZZA,ROUND TABLE PIZZA,CIRCLE PIZZA LLC,FAIRFIELD,Solano,CA,94534-1800,2401 WATERMAN BLVD,41,00627502,31-JUL-2026
RUST WATER KITCHEN & TAPROOM,RUST WATER KITCHEN & TAPROOM,COSTANZO  DAVID,FAIRFIELD,Solano,CA,94533-5740,800 TEXAS ST,41,00579600,31-OCT-2026
RYAN DARRALL WINE,RYAN DARRALL WINE,RYAN DARRALL WINE LLC,FAIRFIELD,Solano,CA,94534,4994 GORDON VALLEY RD,02,00658408,30-JUN-2027
SAFFRON INDIAN CUISINE & BAR,SAFFRON INDIAN CUISINE & BAR,DARPAN FOODS INC.,FAIRFIELD,Solano,CA,94533-5518,739 TEXAS ST,47,00585338,31-DEC-2026
SAKURA SUSHI,SAKURA SUSHI,LYCK OF FAIRFIELD LLC,FAIRFIELD,Solano,CA,94534-1869,2401 C WATERMAN BLVD,41,00547529,30-SEP-2026
SENTIVO VINEYARDS AND WINERY,SENTIVO VINEYARDS AND WINERY,PIERSON FAMILY VINEYARDS  LLC,FAIRFIELD,Solano,CA,94533,2316 ROCKVILLE RD,02,00669472,30-JUN-2027
SENTIVO VINEYARDS AND WINERY,SENTIVO VINEYARDS AND WINERY,PIERSON FAMILY VINEYARDS  LLC,FAIRFIELD,Solano,CA,94533,2316 ROCKVILLE RD,81,00669472,30-JUN-2027
SLANTED TREE KITCHEN & TAPROOM,SLANTED TREE KITCHEN & TAPROOM,SLANTED TREE KITCHEN & TAPROOM LLC,FAIRFIELD,Solano,CA,94534,251 #E PITTMAN RD,47,00586546,28-FEB-2027
SONOMA HARVEST WINERY,SONOMA HARVEST WINERY,SONOMA HARVEST OLIVE OIL & WINERY  LLC,FAIRFIELD,Solano,CA,94534,770 CHADBOURNE RD,02,00569678,30-JUN-2026
SOUTHERN GLAZER'S WINE AND SPIRITS  LLC,,SOUTHERN GLAZER'S WINE AND SPIRITS  LLC,FAIRFIELD,Solano,CA,94534,2130 CORDELIA RD,18,00671816,31-DEC-2026
STICKY RICE CHINESE BISTRO & BAR,STICKY RICE CHINESE BISTRO & BAR,WU'S D & H INC.,FAIRFIELD,Solano,CA,94534,5030 BUSINESS CENTER DR,47,00584775,31-OCT-2026
STRAW HAT PIZZA,STRAW HAT PIZZA,SGS FOOD INC,FAIRFIELD,Solano,CA,94533-1632,1295 HORIZON DR,41,00633688,31-JUL-2026
SUISUN CREEK WINERY,SUISUN CREEK WINERY,SUISUN CREEK LLC,FAIRFIELD,Solano,CA,94534,2350 MORRISON LANE,02,00614492,30-JUN-2027
SUISUN VALLEY WINES  LLC,SUISUN VALLEY WINES  LLC,SUISUN VALLEY WINES  LLC,FAIRFIELD,Solano,CA,94534-3131,2323 JULIAN LN,47,00598804,30-APR-2027
SUSHI KING,SUSHI KING,S K GREEN VALLEY INC,FAIRFIELD,Solano,CA,94534,5089 BUSINESS CENTER DR,41,00438738,31-MAY-2027
TENBRINK WINERY,TENBRINK WINERY,TENBRINK WINERY LLC,FAIRFIELD,Solano,CA,94534-9747,4185 CHADBOURNE RD,02,00448475,30-JUN-2027
THE MANDARIN RESTAURANT,THE MANDARIN RESTAURANT,MAN DE YUAN ENTERPRISES INC,FAIRFIELD,Solano,CA,94533,219 N TEXAS ST,47,00509554,30-APR-2027
THE MANDARIN RESTAURANT,THE MANDARIN RESTAURANT,MAN DE YUAN ENTERPRISES INC,FAIRFIELD,Solano,CA,94533,219 N TEXAS ST,58,00509554,30-APR-2027
THE NAPA DELI,THE NAPA DELI,THE NAPA DELI  INC.,FAIRFIELD,Solano,CA,94534-1789,5121 BUSINESS CENTER DR,41,00618865,31-AUG-2026
TOTTO RAMEN & SUSHI BAR,TOTTO RAMEN & SUSHI BAR,TOTTO RAMEN & SUSHI BAR INC.,FAIRFIELD,Solano,CA,94533,3334 N. TEXAS ST,41,00624546,30-SEP-2026
TSUNAMI SUSHI,TSUNAMI SUSHI,SYD0502  LLC,FAIRFIELD,Solano,CA,94533-2101,2281 N TEXAS ST,41,00664995,31-DEC-2026
TURLEY WINE CELLARS  INC,TURLEY WINE CELLARS  INC,TURLEY WINE CELLARS  INC,FAIRFIELD,Solano,CA,94533-6737,2300 S WATNEY WAY,02,00606474,30-JUN-2027
TWO60 KITCHEN & BAR,TWO60 KITCHEN & BAR,JANG  JAMES,FAIRFIELD,Solano,CA,94534-4205,260 PITTMAN RD,47,00597841,31-MAR-2027
TWO60 KITCHEN & BAR,TWO60 KITCHEN & BAR,JANG  JAMES,FAIRFIELD,Solano,CA,94534-4205,260 PITTMAN RD,58,00597841,31-MAR-2027
UNION FOOD & LIQUOR,UNION FOOD & LIQUOR,KAUR  BALJIT,FAIRFIELD,Solano,CA,94533-6320,400 UNION AVE,21,00475827,28-FEB-2027
VALENTINA'S MEXICAN RESTAURANT,VALENTINA'S MEXICAN RESTAURANT,VALENTINA'S RESTAURANT LLC,FAIRFIELD,Solano,CA,94533-3203,2155 N TEXAS ST,41,00660396,31-AUG-2026
VALLEY CAFE,VALLEY CAFE,SCUOLA BC LLC,FAIRFIELD,Solano,CA,94534-3153,4171 SUISUN VALLEY RD,41,00627945,31-AUG-2026
WAGNER FAMILY OF WINE,WAGNER FAMILY OF WINE,WAGNER WINE COMPANY LLC,FAIRFIELD,Solano,CA,94534,2650 CORDELIA RD,17,00603502,31-JAN-2027
WAGNER FAMILY OF WINE,WAGNER FAMILY OF WINE,WAGNER WINE COMPANY LLC,FAIRFIELD,Solano,CA,94534,2650 CORDELIA RD,20,00603502,31-JAN-2027
WAGNER FAMILY WINE WAREHOUSE  LLC,WAGNER FAMILY WINE WAREHOUSE  LLC,WAGNER FAMILY WINE WAREHOUSE LLC,FAIRFIELD,Solano,CA,94534,2650 CORDELIA RD,14,00591059,31-MAR-2027
WASABI UDON & KATSU BAR,WASABI UDON & KATSU BAR,CK FRIENDS 7 INC,FAIRFIELD,Solano,CA,94534,1500 OLIVER RD,41,00673609,28-FEB-2027
YO SUSHI,YO SUSHI,YYO SUSHI,FAIRFIELD,Solano,CA,94533-5645,1430 N TEXAS ST,41,00678229,31-JAN-2027
YOUR TOWN'S CAFE,YOUR TOWN'S CAFE,CEJA ENTERPRISES LLC,FAIRFIELD,Solano,CA,94533,1720 N TEXAS ST,41,00649729,31-JUL-2026
BROKEN GLASS WINES LLC,BROKEN GLASS WINES LLC,BROKEN GLASS WINES LLC,RIO VISTA,Solano,CA,94571,190 PINE HILLS DR,20,00666745,31-MAR-2027
BROKEN GLASS WINES LLC,BROKEN GLASS WINES LLC,BROKEN GLASS WINES LLC,RIO VISTA,Solano,CA,94571,190 PINE HILLS DR,17,00666745,31-MAR-2027
DISCOUNT LIQUOR & CIGARETTE,DISCOUNT LIQUOR & CIGARETTE,HIERT  INC.,RIO VISTA,Solano,CA,94571,610 HWY 12,21,00613898,31-MAR-2027
FLAMINGO LOUNGE  THE,FLAMINGO LOUNGE  THE,FRAZIER  SIENNA ROSA ALVERNAZ,RIO VISTA,Solano,CA,94571-1845,110 MAIN ST,48,00640161,31-AUG-2026
HONG KONG SEAFOOD RESTAURANT,HONG KONG SEAFOOD RESTAURANT,HONG KONG SEAFOOD RV LLC,RIO VISTA,Solano,CA,94571,217 MAIN ST,41,00667522,31-DEC-2026
LIRAS SUPERMARKET,,LIRAS SUPERMARKET,RIO VISTA,Solano,CA,94571,609 HWY 12,21,00269523,31-MAR-2027
LUCYS CAFE,LUCYS CAFE,WENCE  LUZ MARIA,RIO VISTA,Solano,CA,94571,95 MAIN ST,47,00418427,30-NOV-2026
LUCYS CAFE,LUCYS CAFE,WENCE  LUZ MARIA,RIO VISTA,Solano,CA,94571,95 MAIN ST,77,00418427,30-NOV-2026
PIZZA FACTORY,PIZZA FACTORY,RIO PF INC,RIO VISTA,Solano,CA,94571,201 MAIN ST,41,00645807,31-OCT-2026
THE GOLF COURSE AT RIO VISTA,THE GOLF COURSE AT RIO VISTA,TRILOGY AT RIO VISTA MASTER ASSOCIATION,RIO VISTA,Solano,CA,94571-9729,1000 SUMMERSET DR,47,00613311,30-SEP-2026
THE GOLF COURSE AT RIO VISTA,THE GOLF COURSE AT RIO VISTA,TRILOGY AT RIO VISTA MASTER ASSOCIATION,RIO VISTA,Solano,CA,94571-9729,1000 SUMMERSET DR,68,00613311,30-SEP-2026
THE GOLF COURSE AT RIO VISTA,THE GOLF COURSE AT RIO VISTA,TRILOGY AT RIO VISTA MASTER ASSOCIATION,RIO VISTA,Solano,CA,94571-9729,1000 SUMMERSET DR,58,00613311,30-SEP-2026
WOODEN VALLEY WINERY,WOODEN VALLEY WINERY,LANZA VINEYARDS INC,SUISUN,Solano,CA,94534,4756 SUISUN VALLEY RD,02,00182450,30-JUN-2027
1933 KITCHEN & BAR,1933 KITCHEN & BAR,WENCE  GENOVEVA,SUISUN CITY,Solano,CA,94585,320-360 LAWLER CENTER,47,00652069,31-MAR-2027
ASHRIA MARKET,ASHRIA MARKET,ASHRIA LLC,SUISUN CITY,Solano,CA,94585,1200 ANDERSON DR,21,00620148,28-FEB-2027
ATHENIAN GRILL,ATHENIAN GRILL,KONTOGIANNIS  ROCHELLE D,SUISUN CITY,Solano,CA,94585,750 KELLOGG ST,41,00614606,30-APR-2027
BONFARE MARKET 37,BONFARE MARKET 37,CHANDI BROTHERS ENTERPRISE INC,SUISUN CITY,Solano,CA,94585,1500 SCANDIA RD,21,00386698,31-MAY-2027
CAFE WARGO,CAFE WARGO,GUAYOYO INC,SUISUN CITY,Solano,CA,94585,401 MARINA CENTER,41,00658402,30-APR-2027
CAST IRON GRILL & BAR,CAST IRON GRILL & BAR,FOSTER BOLTZ RESTAURANTS INC,SUISUN CITY,Solano,CA,94585,700 MAIN ST,47,00471896,31-OCT-2026
CAST IRON GRILL & BAR,CAST IRON GRILL & BAR,FOSTER BOLTZ RESTAURANTS INC,SUISUN CITY,Solano,CA,94585,700 MAIN ST,58,00471896,31-OCT-2026
CENARIOS PIZZA OF CORDELIA INC,CENARIOS PIZZA OF CORDELIA INC,ONE STOP SHOPS LLC,SUISUN CITY,Solano,CA,94585-1659,364 PITTMAN RD,41,00632250,30-NOV-2026
FISH ON FIRE RAMEN & SUSHI BAR,FISH ON FIRE RAMEN & SUSHI BAR,CK FRIENDS 5 INC,SUISUN CITY,Solano,CA,94585,320 LAWLER CENTER DR,41,00668050,31-MAY-2027
GOLDEN PHOENIX RESTAURANT,GOLDEN PHOENIX RESTAURANT,GOLDEN PHOENIX RESTAURANT INC,SUISUN CITY,Solano,CA,94585,254 SUNSET AVE,41,00606324,30-JUN-2027
GREEN VALLEY COUNTRY CLUB,GREEN VALLEY COUNTRY CLUB,GREEN VALLEY COUNTRY CLUB,SUISUN CITY,Solano,CA,94585,GREEN VALLEY RD W/S JONES RANCH 2.5,51,00041584,30-APR-2027
LIQUOR MART,LIQUOR MART,GKC ENTERPRISE LLC,SUISUN CITY,Solano,CA,94585-2710,517 MARINA CENTER,21,00661730,31-MAR-2027
LUCY'S BAR & LOUNGE,LUCY'S BAR & LOUNGE,GAXIOLA  ELIAS VERDIDA,SUISUN CITY,Solano,CA,94585,603 & 605 MAIN ST,47,00666050,31-MAR-2027
MAIN STREET BAR & GRILL,MAIN STREET BAR & GRILL,SONG  MIN YOUNG,SUISUN CITY,Solano,CA,94585-2417,627 MAIN ST,47,00450929,30-APR-2027
MARIA'S TACO & BAR,MARIA'S TACO & BAR,MARIA'S TACO & BAR LLC,SUISUN CITY,Solano,CA,94585,288 SUNSET AVE,47,00647481,30-JUN-2027
MOUNTAIN MIKE'S PIZZA,MOUNTAIN MIKE'S PIZZA,MANN'S PIZZA-III  INC.,SUISUN CITY,Solano,CA,94585,173 SUNSET AVE,41,00565766,31-MAY-2027
NED'S PIZZA &WINGS,NED'S PIZZA &WINGS,NED & WILEYS LLC,SUISUN CITY,Solano,CA,94585,1240 ANDERSON DR,41,00673793,31-DEC-2026
ROUND TABLE PIZZA,ROUND TABLE PIZZA,CIRCLE PIZZA LLC,SUISUN CITY,Solano,CA,94585,288 J SUNSET AVE,41,00627495,31-JUL-2026
SOLANO YACHT CLUB,SOLANO YACHT CLUB,SOLANO YACHT CLUB,SUISUN CITY,Solano,CA,94585-2617,703 CIVIC CENTER BLVD,51,00050128,31-AUG-2026
SOLANO YACHT CLUB,SOLANO YACHT CLUB,SOLANO YACHT CLUB,SUISUN CITY,Solano,CA,94585-2617,703 CIVIC CENTER BLVD,58,00050128,31-AUG-2026
SUISUN FAST FILL MARKET,SUISUN FAST FILL MARKET,GAWFCO ENTERPRISES INCORPORATED,SUISUN CITY,Solano,CA,94585,115 SUNSET AVE,20,00359542,30-NOV-2026
SUISUN WINE & SPIRITS,SUISUN WINE & SPIRITS,FOOD FAIR MARKET  INC,SUISUN CITY,Solano,CA,94585-6347,141 SUNSET BLVD,21,00627991,
SUISUN WINE & SPIRITS,SUISUN WINE & SPIRITS,FOOD FAIR MARKET  INC,SUISUN CITY,Solano,CA,94585-6347,141 SUNSET BLVD,21,00627991,31-MAR-2027
SUKHOTHAI CUISINE,SUKHOTHAI CUISINE,VONGPHRACHANH  KENNETH,SUISUN CITY,Solano,CA,94585-1769,258 SUNSET AVE,41,00460386,31-DEC-2026
TAQUERIA MARIA BAR & GRILL INC,TAQUERIA MARIA BAR & GRILL INC,REYNOSO PEREZ  FROILAN,SUISUN CITY,Solano,CA,94585,301 MAIN ST,47,00671714,30-SEP-2026
THE MAPLE BAR CAFE,THE MAPLE BAR CAFE,PEREZ  GERARDO,SUISUN CITY,Solano,CA,94585-2434,314 SPRING ST,41,00628169,30-SEP-2026
WAHSING RESTAURANT INC,WAHSING RESTAURANT INC,SECREST  HSI TUAN,SUISUN CITY,Solano,CA,94585,121 SUNSET AVE,41,00551792,28-FEB-2027
GORDON VALLEY WINERY,GORDON VALLEY WINERY,VIRATOS  MICHAEL JR,SUISUN VALLEY,Solano,CA,94534-9751,5050 GORDON VALLEY RD,02,00489080,30-JUN-2027
7 ELEVEN STORE 2365 14155G,7 ELEVEN STORE 2365 14155G,7 ELEVEN INC,VACAVILLE,Solano,CA,95687-6537,1450 ALAMO DR,20,00456582,30-JUN-2027
7 ELEVEN STORE 2365 16055G,7 ELEVEN STORE 2365 16055G,7 ELEVEN INC,VACAVILLE,Solano,CA,95687,167 PEABODY RD,20,00505749,30-JUN-2027
ABERNATHY LANE @ VACAVILLE FARMERS MARKET,ABERNATHY LANE @ VACAVILLE FARMERS MARKET,ANDREWS VINEYARDS LLC,VACAVILLE,Solano,CA,95688-3539,614 E MONTE VISTA AVE,79,00679116,30-JUN-2027
ALAMO LIQUORS,ALAMO LIQUORS,MATHARU  RAM SINGH,VACAVILLE,Solano,CA,95687-5601,979 ALAMO DR,21,00604787,30-JUN-2027
AYAME SUSHI,AYAME SUSHI,CHES KITCHEN,VACAVILLE,Solano,CA,95687-7108,2046 NUT TREE RD A,41,00545148,31-AUG-2026
AZTECA RESTAURANT,AZTECA RESTAURANT,PONCE  JOSEFINA,VACAVILLE,Solano,CA,95687,102 PEABODY RD,47,00609508,31-JAN-2027
B2B WINE & SPIRITS,B2B WINE & SPIRITS,ALAMO B2B INC.,VACAVILLE,Solano,CA,95688-5313,808 ALAMO DR,21,00632498,30-JUN-2026
BARREL 2 BOTTLE,BARREL 2 BOTTLE,SIDHU BARREL 2 BOTTLE INC,VACAVILLE,Solano,CA,95687-3504,1020 HELEN POWER DR,21,00623481,30-APR-2027
BARREL 2 BOTTLE,BARREL 2 BOTTLE,SIDHU BARREL 2 BOTTLE INC,VACAVILLE,Solano,CA,95687-3504,1020 HELEN POWER DR,86,00623481,30-APR-2027
BARZAR EATERY,BARZAR EATERY,FOODIE S&Y CORP,VACAVILLE,Solano,CA,95687-4729,136 A PEABODY RD,41,00649445,30-JUN-2027
BEACH HUT DELI,BEACH HUT DELI,LAVS PARTNERSHIP LLC,VACAVILLE,Solano,CA,95687,2091 B-2 HARBISON DR,41,00675876,28-FEB-2027
BJ'S RESTAURANT & BREWHOUSE,BJ'S RESTAURANT & BREWHOUSE,BJS RESTAURANTS INC,VACAVILLE,Solano,CA,95687,190 NUT TREE PKWY,47,00418479,31-DEC-2026
BUCKHORN GRILL,BUCKHORN GRILL,BUCKHORN ENTERPRISES LLC,VACAVILLE,Solano,CA,95688,1650 E MONTE VISTA AVE,47,00615441,31-AUG-2026
BUDDHA THAI BISTRO,BUDDHA THAI BISTRO,3PLUS3 LLC,VACAVILLE,Solano,CA,95687-3907,2060 HARBISON DR,47,00672229,30-NOV-2026
BUFFALO WILD WINGS GRILL & BAR,BUFFALO WILD WINGS GRILL & BAR,FJC MANAGEMENT INC.,VACAVILLE,Solano,CA,95688-3106,1601 E MONTE VISTA AVE,47,00578822,30-SEP-2026
BURGER CITY INC,BURGER CITY INC,BURGER CITY INC,VACAVILLE,Solano,CA,95687,500 ELMIRA RD,47,00387675,31-MAY-2027
BURGER CITY INC,BURGER CITY INC,BURGER CITY INC,VACAVILLE,Solano,CA,95687,500 ELMIRA RD,58,00387675,31-MAY-2027
CHERRY BLOSSOM SUSHI AND RAMEN,CHERRY BLOSSOM SUSHI AND RAMEN,CBSR INC.,VACAVILLE,Solano,CA,95687-4655,609 ELMIRA RD,41,00674884,28-FEB-2027
CHERRY GLEN WINERY  INC.,CHERRY GLEN WINERY  INC.,CHERRY GLEN WINERY  INC.,VACAVILLE,Solano,CA,95688,5956 CHERRY GLEN RD,02,00675054,30-JUN-2027
CHILIS GRILL & BAR,CHILIS GRILL & BAR,BRINKER RESTAURANT CORPORATION,VACAVILLE,Solano,CA,95687,2001 HARBISON DR,47,00268415,31-MAY-2027
CHINA HOUSE RESTAURANT,CHINA HOUSE RESTAURANT,CHINA HOUSE LLC,VACAVILLE,Solano,CA,95688-3911,513 MAIN ST,41,00551033,28-FEB-2027
CHIPOTLE MEXICAN GRIILL STORE #4794,CHIPOTLE MEXICAN GRIILL STORE #4794,CHIPOTLE MEXICAN GRILL INC,VACAVILLE,Solano,CA,95687,851 DAVIS ST,41,00658884,31-JUL-2026
CHIPOTLE MEXICAN GRILL #2186,CHIPOTLE MEXICAN GRILL #2186,CHIPOTLE MEXICAN GRILL INC,VACAVILLE,Solano,CA,95688,1620 E MONTE VISTA AVE,47,00534223,31-JAN-2027
CLAY OVEN GRILL & BAR,CLAY OVEN GRILL & BAR,SUNRISE BAR & GRILL,VACAVILLE,Solano,CA,95687-3238,400 ORANGE DR,47,00575940,31-MAY-2027
COSTCO WHOLESALE STORE 694,COSTCO WHOLESALE STORE 694,COSTCO WHOLESALE CORPORATION,VACAVILLE,Solano,CA,95687,1051 HUME WY,21,00386151,30-JUN-2027
COUNTY SQUARE MARKET,COUNTY SQUARE MARKET,KEAPADA INC,VACAVILLE,Solano,CA,95687-4729,136 PEABODY RD,21,00484527,31-DEC-2026
CVS PHARMACY STORE 9917,CVS PHARMACY STORE 9917,GARFIELD BEACH CVS LLC,VACAVILLE,Solano,CA,95687,625 ELMIRA RD,21,00477706,31-MAY-2027
DEPOT FOOD & LIQUOR,DEPOT FOOD & LIQUOR,BABY  RITA,VACAVILLE,Solano,CA,95688,891 MARKHAM AVE,21,00343929,31-JAN-2027
DESI PIZZA BITES,DESI PIZZA BITES,STAR PIZZA BITES INC,VACAVILLE,Solano,CA,95688,743 E MONTE VISTA AVE,41,00676202,31-MAR-2027
DIGGER'S DELI,DIGGER'S DELI,DIGGERS DELI LLC,VACAVILLE,Solano,CA,95688-5313,876 ALAMO DR,41,00634335,31-MAR-2027
DISCOUNT LIQUOR,DISCOUNT LIQUOR,SIDHU DISCOUNT LIQUOR INC,VACAVILLE,Solano,CA,95687-7108,2046 NUT TREE RD,21,00604809,31-MAY-2027
DIVE BAR THE,DIVE BAR THE,R&B'S HOSPITALITY JCJC LLC,VACAVILLE,Solano,CA,95687,969 ALAMO DR,48,00661967,31-OCT-2026
DIVE BAR THE,DIVE BAR THE,R&B'S HOSPITALITY JCJC LLC,VACAVILLE,Solano,CA,95687,969 ALAMO DR,58,00661967,31-OCT-2026
DONOBY'S BAR,DONOBY'S BAR,ANDYS DONOBYS CORPORATION,VACAVILLE,Solano,CA,95688-3008,1072 E MONTE VISTA AVE,48,00669857,31-DEC-2026
EL PATRON MEXICAN FOOD,EL PATRON MEXICAN FOOD,BARBA VALLE  DANIEL,VACAVILLE,Solano,CA,95688-3922,506 MAIN ST,41,00446110,30-NOV-2026
EL PATRON MEXICAN FOOD,EL PATRON MEXICAN FOOD,BARBA VALLE  DANIEL,VACAVILLE,Solano,CA,95688-3922,506 MAIN ST,58,00446110,30-NOV-2026
ELMIRA LIQUORS,ELMIRA LIQUORS,SIDHU ELMIRA LIQUOR INC,VACAVILLE,Solano,CA,95687,500 ELMIRA RD,21,00604808,31-AUG-2026
ESSENCE INDIAN CUISINE,ESSENCE INDIAN CUISINE,ESSENCE FOODS,VACAVILLE,Solano,CA,95688-9610,780 MERCHANT ST,41,00660005,28-FEB-2027
FAIRMONT LIQUOR,FAIRMONT LIQUOR,SIDHU FAIRMONT LIQUOR INC,VACAVILLE,Solano,CA,95687-5821,521 PEABODY RD,21,00604812,31-AUG-2026
FUJI SUSHI,FUJI SUSHI,LAMLY ENTERPRISE  LLC,VACAVILLE,Solano,CA,94568-3123,1679 E MONTE VISTA AVE,41,00551348,31-DEC-2026
FUSO RESTAURANT,FUSO RESTAURANT,PUG SHAO YU  LLC.,VACAVILLE,Solano,CA,95688-3962,535 MAIN ST,47,00669222,30-APR-2027
GRINDSTONE WINES DOWNTOWN @ VACAVILLE FARMERS MARK,GRINDSTONE WINES DOWNTOWN @ VACAVILLE FARMERS MARK,GRINDSTONE WINES LLC,VACAVILLE,Solano,CA,95688,614 E MONTE VISTA AVE,79,00658736,30-JUN-2027
HARUKI SUSHI HOUSE,HARUKI SUSHI HOUSE,HARUKI SUSHI HOUSE,VACAVILLE,Solano,CA,95687-5603,1041 ALAMO DR,47,00677636,30-APR-2027
HERITAGE HOUSE CAFE,HERITAGE HOUSE CAFE,MACOWEN L.L.C.,VACAVILLE,Solano,CA,95688-4507,303 MERCHANT ST,41,00580174,30-APR-2027
HIDE-A-WAY LOUNGE & GRILL,HIDE-A-WAY LOUNGE & GRILL,RK ENTERPRISES  LLC,VACAVILLE,Solano,CA,95687-3112,1080 ORANGE DR,68,00552805,
HIDE-A-WAY LOUNGE & GRILL,HIDE-A-WAY LOUNGE & GRILL,RK ENTERPRISES  LLC,VACAVILLE,Solano,CA,95687-3112,1080 ORANGE DR,58,00552805,
HIDE-A-WAY LOUNGE & GRILL,HIDE-A-WAY LOUNGE & GRILL,RK ENTERPRISES  LLC,VACAVILLE,Solano,CA,95687-3112,1080 ORANGE DR,47,00552805,
HOSHI JAPAN HIBACHI RESTAURANT,HOSHI JAPAN HIBACHI RESTAURANT,HOSHI JAPAN HIBACHI RESTAURANT INC,VACAVILLE,Solano,CA,95688,1350 E MONTE VISTA AVE,47,00646971,30-APR-2027
JOHN'S LIQUOR,JOHN'S LIQUOR,RAJ KAUR INC,VACAVILLE,Solano,CA,95688-3008,1040 E MONTE VISTA AVE,21,00665241,31-DEC-2026
KAZAN JAPANESE CUISINE,KAZAN JAPANESE CUISINE,PHAN   LY THI,VACAVILLE,Solano,CA,95687-4708,121 PEABODY RD,41,00507082,30-APR-2027
KING WINE AND LIQUOR 7,KING WINE AND LIQUOR 7,KING WINE AND LIQUOR 7,VACAVILLE,Solano,CA,95688-4514,300 PARKER ST,21,00660213,31-JUL-2027
KRH SPECIALTY WINES  LLC,,KRH SPECIALTY WINES  LLC,VACAVILLE,Solano,CA,95688-8707,700 CROCKER DR,17,00632778,31-DEC-2026
KRH SPECIALTY WINES  LLC,,KRH SPECIALTY WINES  LLC,VACAVILLE,Solano,CA,95688-8707,700 CROCKER DR,20,00632778,31-DEC-2026
KRH SPECIALTY WINES  LLC,,KRH SPECIALTY WINES  LLC,VACAVILLE,Solano,CA,95688-8707,700 CROCKER DR,09,00632778,31-DEC-2026
LA BORGATA ITALIAN DELI,LA BORGATA ITALIAN DELI,SCHIAVONE  MARIANNA IULIANO,VACAVILLE,Solano,CA,95688-3907,317 MAIN ST,41,00539612,28-FEB-2027
LIM THAI'S CUISINE,LIM THAI'S CUISINE,LIM'S THAI CUISINE LLC,VACAVILLE,Solano,CA,95688,1663 E MONTE VISTA AVE,41,00649703,31-JUL-2026
LIQUORLAND,LIQUORLAND,MATHARU  RAM SINGH,VACAVILLE,Solano,CA,95688-6911,801-15 MERCHANT ST,21,00664483,31-JAN-2027
LIQUORLAND,LIQUORLAND,MATHARU  RAM SINGH,VACAVILLE,Solano,CA,95688-6911,801-15 MERCHANT ST,86,00664483,31-JAN-2027
LOS REYES RESTAURANTE,LOS REYES RESTAURANTE,LOS LALLIANES INC.,VACAVILLE,Solano,CA,95688,21A TOWN SQUARE PL,47,00604697,30-APR-2027
LOS REYES RESTAURANTE,LOS REYES RESTAURANTE,LOS LALLIANES INC.,VACAVILLE,Solano,CA,95688,21A TOWN SQUARE PL,58,00604697,30-APR-2027
MARYS PIZZA SHACK,MARYS PIZZA SHACK,REESE HOSPITALITY GROUP INC.,VACAVILLE,Solano,CA,95688,505 DAVIS ST,41,00640919,31-OCT-2026
MAYA SUPERMARKET  INC.,,MAYA SUPERMARKET  INC.,VACAVILLE,Solano,CA,95688,120 S ORCHARD AVE,21,00645698,30-APR-2027
MENDOCINO FARMS SANDWICH MARKET,MENDOCINO FARMS SANDWICH MARKET,MENDOCINO FARMS LLC,VACAVILLE,Solano,CA,95699,1640 E MONTE VISTA AVE,41,00657276,31-MAY-2027
MERCHANT & MAIN GRILL & BAR,MERCHANT & MAIN GRILL & BAR,TOOKE  ROBERT BRUCE,VACAVILLE,Solano,CA,95688,349 MERCHANT ST,47,00352544,30-SEP-2026
MERCHANT & MAIN GRILL & BAR,MERCHANT & MAIN GRILL & BAR,TOOKE  ROBERT BRUCE,VACAVILLE,Solano,CA,95688,349 MERCHANT ST,58,00352544,30-SEP-2026
MEXICO MEAT MARKET,MEXICO MEAT MARKET,FAMILIA LOPEZ,VACAVILLE,Solano,CA,95688-3081,1130 E MONTE VISTA AVE,20,00644742,30-APR-2027
MONTE VISTA FOOD & LIQUOR,MONTE VISTA FOOD & LIQUOR,MONTE VISTA FOOD & LIQUOR LLC,VACAVILLE,Solano,CA,95688,390 E MONTE VISTA AVE,21,00674805,31-AUG-2026
MOUNTAIN MIKE'S PIZZA,MOUNTAIN MIKE'S PIZZA,VACAVILLE FOOD VENTURES  INC,VACAVILLE,Solano,CA,95688-2814,401 E MONTE VISTA AVE,41,00579663,
MOUNTAIN MIKE'S PIZZA,MOUNTAIN MIKE'S PIZZA,VACAVILLE FOOD VENTURES  INC,VACAVILLE,Solano,CA,95688-2814,401 E MONTE VISTA AVE,41,00579663,30-APR-2027
MOUNTAIN MIKES PIZZA,MOUNTAIN MIKES PIZZA,MALHI  ANGREJ SINGH,VACAVILLE,Solano,CA,95687-6169,1971 ALAMO DR,41,00480825,31-AUG-2026
MOUNTAIN MIKES PIZZA,MOUNTAIN MIKES PIZZA,MALHI  ANGREJ SINGH,VACAVILLE,Solano,CA,95687,645 ELMIRA RD,41,00416723,31-OCT-2026
MUAY THAI CUISINE,MUAY THAI CUISINE,MUAY THAI CUISINE LLC.,VACAVILLE,Solano,CA,95687-6300,3039 ALAMO DR,41,00560030,31-AUG-2026
MURILLO'S RESTAURANT,MURILLO'S RESTAURANT,MURILLO'S MONTE VISTA RESTAURANT  INC,VACAVILLE,Solano,CA,95688-3072,1591 E MONTE VISTA AVE,47,00544766,30-JUN-2027
NAKEDWINES.COM  INC.,NAKEDWINES.COM  INC.,NAKEDWINES.COM  INC.,VACAVILLE,Solano,CA,95688-8707,700 CROCKER DR,17,00604746,31-JUL-2027
NAKEDWINES.COM  INC.,NAKEDWINES.COM  INC.,NAKEDWINES.COM  INC.,VACAVILLE,Solano,CA,95688-8707,700 CROCKER DR,20,00604746,31-JUL-2027
NAKEDWINES.COM  INC.,NAKEDWINES.COM  INC.,NAKEDWINES.COM  INC.,VACAVILLE,Solano,CA,95688-8707,700 CROCKER DR,09,00604746,31-JUL-2027
NUGGET MARKET,NUGGET MARKET,STILLE CO,VACAVILLE,Solano,CA,95688,130 BROWNS VALLEY PKWY,21,00358375,
NUGGET MARKET,NUGGET MARKET,STILLE CO,VACAVILLE,Solano,CA,95688,130 BROWNS VALLEY PKWY,41,00358375,
NUGGET MARKET,NUGGET MARKET,STILLE CO,VACAVILLE,Solano,CA,95688,130 BROWNS VALLEY PKWY,42,00358375,
NUGGET MARKET,NUGGET MARKET,STILLE CO,VACAVILLE,Solano,CA,95688,130 BROWNS VALLEY PKWY,21,00358375,31-JAN-2027
NUGGET MARKET,NUGGET MARKET,STILLE CO,VACAVILLE,Solano,CA,95688,130 BROWNS VALLEY PKWY,41,00358375,30-NOV-2026
NUGGET MARKET,NUGGET MARKET,STILLE CO,VACAVILLE,Solano,CA,95688,130 BROWNS VALLEY PKWY,42,00358375,30-NOV-2026
NUGGET MARKET,NUGGET MARKET,STILLE CO,VACAVILLE,Solano,CA,95688,130 BROWNS VALLEY PKWY,42,00358375,
NUGGET MARKET,NUGGET MARKET,STILLE CO,VACAVILLE,Solano,CA,95688,130 BROWNS VALLEY PKWY,21,00358375,
NUGGET MARKET,NUGGET MARKET,STILLE CO,VACAVILLE,Solano,CA,95688,130 BROWNS VALLEY PKWY,41,00358375,
OATES COUNTRY STORE,OATES COUNTRY STORE,MIDWAY FOODS INC,VACAVILLE,Solano,CA,95688,4819 MIDWAY RD,21,00048629,30-SEP-2026
OLIVE GARDEN ITALIAN RESTAURANT THE 1722,OLIVE GARDEN ITALIAN RESTAURANT THE 1722,N AND D RESTAURANTS LLC,VACAVILLE,Solano,CA,95687-3251,100 NUT TREE PKWY,47,00564529,28-FEB-2027
OLIVE TREE FARM AND MARKET,OLIVE TREE FARM AND MARKET,KBI TRADING INC,VACAVILLE,Solano,CA,95688-4963,7335 ODAY ROAD,20,00470008,31-DEC-2026
PARKWAY FOOD AND LIQUOR,PARKWAY FOOD AND LIQUOR,DULLAT  RUPINDER SINGH,VACAVILLE,Solano,CA,95688-3062,146 BROWNS VALLEY PKWY,21,00590307,31-MAY-2027
PELAYOS MEXICAN FOOD INC,PELAYOS MEXICAN FOOD INC,PELAYO  CLAUDIA M,VACAVILLE,Solano,CA,95688,1160 E MONTE VISTA AVE,47,00197935,31-MAY-2027
PIZZA TWIST,PIZZA TWIST,SABI'S PIZZA TWIST INC,VACAVILLE,Solano,CA,95687-3277,140 NUT TREE PARKWAY,41,00631862,31-AUG-2026
PS BLUE HOUSE RESTAURANT VACAVILLE,PS BLUE HOUSE RESTAURANT VACAVILLE,PS BLUE HOUSE RESTAURANT VACAVILLE  INC,VACAVILLE,Solano,CA,95687,1030 HELEN POWER DR,47,00652926,31-JAN-2027
PURE GRAIN CAFE,PURE GRAIN CAFE,PURE GRAIN BAKERY LLC,VACAVILLE,Solano,CA,95688-3952,11 TOWN SQ,41,00483553,31-JAN-2027
QUE ONDA TACOBAR,QUE ONDA TACOBAR,VACAMEX LLC,VACAVILLE,Solano,CA,95687-3251,112 NUT TREE PARKWAY,41,00627887,30-SEP-2026
QUICK SAVE MARKET,QUICK SAVE MARKET,SINGH  AVTAR,VACAVILLE,Solano,CA,95687-3716,807 DAVIS ST,21,00572925,31-OCT-2026
QUIK STOP MARKET 166,QUIK STOP MARKET 166,QUIK STOP MARKETS INC,VACAVILLE,Solano,CA,95687,1091 LEISURE TOWN RD,20,00417628,30-JUN-2027
RICE BARN THAI EATERY AND WINE BAR,RICE BARN THAI EATERY AND WINE BAR,WORRANUN LLC,VACAVILLE,Solano,CA,95688-3062,132 BROWNS VALLEY PKWY,41,00575340,
RICE BARN THAI EATERY AND WINE BAR,RICE BARN THAI EATERY AND WINE BAR,WORRANUN LLC,VACAVILLE,Solano,CA,95688-3062,132 BROWNS VALLEY PKWY,41,00575340,30-SEP-2026
ROSE GARDEN THAI RESTAURANT,ROSE GARDEN THAI RESTAURANT,THAI ROSE GARDEN 2024 LLC,VACAVILLE,Solano,CA,95688-5313,898 ALAMO DR,41,00655897,
ROSE GARDEN THAI RESTAURANT,ROSE GARDEN THAI RESTAURANT,THAI ROSE GARDEN 2024 LLC,VACAVILLE,Solano,CA,95688-5313,898 ALAMO DR,41,00655897,31-MAR-2027
ROUND TABLE PIZZA,ROUND TABLE PIZZA,SISCO ENTERPRISES  INC.,VACAVILLE,Solano,CA,95687,3045 ALAMO DR,41,00189046,
ROUND TABLE PIZZA,ROUND TABLE PIZZA,SISCO ENTERPRISES  INC.,VACAVILLE,Solano,CA,95688,140 BROWNS VALLEY PKWY,41,00266289,
ROUND TABLE PIZZA,ROUND TABLE PIZZA,SISCO ENTERPRISES  INC.,VACAVILLE,Solano,CA,95688,888 ALAMO DR,41,00316677,
ROUND TABLE PIZZA,ROUND TABLE PIZZA,SISCO ENTERPRISES  INC.,VACAVILLE,Solano,CA,95688,140 BROWNS VALLEY PKWY,41,00266289,31-DEC-2026
ROUND TABLE PIZZA,ROUND TABLE PIZZA,SISCO ENTERPRISES  INC.,VACAVILLE,Solano,CA,95687,3045 ALAMO DR,41,00189046,31-DEC-2026
ROUND TABLE PIZZA,ROUND TABLE PIZZA,SISCO ENTERPRISES  INC.,VACAVILLE,Solano,CA,95688,888 ALAMO DR,41,00316677,31-DEC-2026
SAMS CLUB 6433,SAMS CLUB 6433,SAMS WEST INC,VACAVILLE,Solano,CA,95687,1500 HELEN POWER DR,21,00544523,30-JUN-2027
SPROUTS FARMERS MARKET 432,SPROUTS FARMERS MARKET 432,SF MARKETS LLC,VACAVILLE,Solano,CA,95687-3507,1041 HELEN POWER DR,20,00588455,31-JUL-2026
TACOS JALISCO,TACOS JALISCO,ANCHU INCORPORATED,VACAVILLE,Solano,CA,95688,312 CERNON ST,41,00651386,30-SEP-2026
THE MORNING BUN CAFE LLC,THE MORNING BUN CAFE LLC,THE MORNING BUN CAFE LLC,VACAVILLE,Solano,CA,95688-6911,829 MERCHANT ST,41,00664993,31-DEC-2026
TJS TAVERN,TJS TAVERN,LOUCO  LLC,VACAVILLE,Solano,CA,95688,554 MAIN ST,48,00587354,30-NOV-2026
TJS TAVERN,TJS TAVERN,LOUCO  LLC,VACAVILLE,Solano,CA,95688,554 MAIN ST,58,00587354,30-NOV-2026
TOTAL WINE & MORE,TOTAL WINE & MORE,CALIFORNIA FINE WINE & SPIRITS LLC,VACAVILLE,Solano,CA,95688-3106,1680 E MONTE VISTA AVE,21,00642443,31-AUG-2026
TOTAL WINE & MORE,TOTAL WINE & MORE,CALIFORNIA FINE WINE & SPIRITS LLC,VACAVILLE,Solano,CA,95688-3106,1680 E MONTE VISTA AVE,42,00642443,31-AUG-2026
TOTAL WINE & MORE,TOTAL WINE & MORE,CALIFORNIA FINE WINE & SPIRITS LLC,VACAVILLE,Solano,CA,95688-3106,1680 E MONTE VISTA AVE,86,00642443,31-AUG-2026
UMI SUSHI,UMI SUSHI,GEME'S UMISUSHI INC.,VACAVILLE,Solano,CA,95688-4601,501 DAVIS ST A,41,00515484,30-NOV-2026
USUAL WINE,USUAL WINE,USUAL WINE  LLC,VACAVILLE,Solano,CA,95688,700 CROCKER DR,17,00650100,31-AUG-2026
USUAL WINE,USUAL WINE,USUAL WINE  LLC,VACAVILLE,Solano,CA,95688,700 CROCKER DR,20,00650100,31-AUG-2026
VASQUEZ MEXICAN FOOD,VASQUEZ MEXICAN FOOD,VASQUEZ MEXICAN FOOD  INC,VACAVILLE,Solano,CA,95688-3964,620 E MAIN ST,41,00577334,31-JAN-2027
VITUS WINE GROUP,VITUS WINE GROUP,LAYNE  ROBERT ALLEN,VACAVILLE,Solano,CA,95688-4504,428 CERNON ST,02,00604641,30-JUN-2027
VITUS WINE GROUP,VITUS WINE GROUP,LAYNE  ROBERT ALLEN,VACAVILLE,Solano,CA,95688-4504,428 CERNON ST,17,00604641,30-NOV-2026
VITUS WINE GROUP,VITUS WINE GROUP,LAYNE  ROBERT ALLEN,VACAVILLE,Solano,CA,95688-4504,428 CERNON ST,20,00604641,30-NOV-2026
WAH SHINE RESTAURANT,WAH SHINE RESTAURANT,CHU  RICKY,VACAVILLE,Solano,CA,95687,145 PEABODY RD,47,00584696,30-SEP-2026
WAH SING MONGOLIAN HOTPOTO & BARBEQUE LLC,WAH SING MONGOLIAN HOTPOTO & BARBEQUE LLC,WAH SING MONGOLIAN HOTPOT & BARBEQUE LLC,VACAVILLE,Solano,CA,95687,2018 NUT TREE RD,41,00628871,31-AUG-2026
WAL MART STORE 1704,WAL MART STORE 1704,WALMART INC.,VACAVILLE,Solano,CA,95687,1501 HELEN POWER DR,21,00349883,30-JUN-2027
WAL MART STORE 1704,WAL MART STORE 1704,WALMART INC.,VACAVILLE,Solano,CA,95687,1501 HELEN POWER DR,86,00349883,30-JUN-2027
WALMART NEIGHBORHOOD MARKET #5007,WALMART NEIGHBORHOOD MARKET #5007,WALMART INC.,VACAVILLE,Solano,CA,95687-7108,2050 NUT TREE RD,21,00533865,30-JUN-2027
WALMART NEIGHBORHOOD MARKET #5007,WALMART NEIGHBORHOOD MARKET #5007,WALMART INC.,VACAVILLE,Solano,CA,95687-7108,2050 NUT TREE RD,86,00533865,30-JUN-2027
WALMART NEIGHBORHOOD MARKET #5608,WALMART NEIGHBORHOOD MARKET #5608,WALMART INC.,VACAVILLE,Solano,CA,95687-5601,941 ALAMO DR,21,00539556,30-JUN-2027
WALMART NEIGHBORHOOD MARKET #5608,WALMART NEIGHBORHOOD MARKET #5608,WALMART INC.,VACAVILLE,Solano,CA,95687-5601,941 ALAMO DR,86,00539556,30-JUN-2027
WINESHIPPING.COM,WINESHIPPING.COM,WINESHIPPING.COM LLC,VACAVILLE,Solano,CA,95688-8707,700 CROCKER DR,14,00626528,30-APR-2027
WINESHIPPING.COM,WINESHIPPING.COM,WINESHIPPING.COM LLC,VACAVILLE,Solano,CA,95688-8707,700 CROCKER DR,22,00626528,30-JUN-2027
WORLD MARKET,WORLD MARKET,COST PLUS INC,VACAVILLE,Solano,CA,95688,1611-B E MONTE VISTA AVE,21,00526270,
WORLD MARKET,WORLD MARKET,COST PLUS INC,VACAVILLE,Solano,CA,95688,1611-B E MONTE VISTA AVE,86,00526270,
WORLD MARKET,WORLD MARKET,WORLD MARKET  LLC,VACAVILLE,Solano,CA,95688,1611-B E MONTE VISTA AVE,21,00633989,28-FEB-2027
WORLD MARKET,WORLD MARKET,WORLD MARKET  LLC,VACAVILLE,Solano,CA,95688,1611-B E MONTE VISTA AVE,86,00633989,28-FEB-2027
YANNIS NEZOS WINEBRANDS & ESTATES  LLC,,YANNIS NEZOS WINEBRANDS & ESTATES  LLC,VACAVILLE,Solano,CA,95687-6562,1643 AMAPOLA ST,20,00596919,31-OCT-2026
YANNIS NEZOS WINEBRANDS & ESTATES  LLC,,YANNIS NEZOS WINEBRANDS & ESTATES  LLC,VACAVILLE,Solano,CA,95687-6562,1643 AMAPOLA ST,17,00596919,31-OCT-2026
YO SUSHI,YO SUSHI,ALBATROSS VENTURES GROUP LLC,VACAVILLE,Solano,CA,95687,2091 HARBISON DR,41,00660165,31-DEC-2026
168 MARKET #705,168 MARKET #705,TAWA RETAIL GROUP  INC.,VALLEJO,Solano,CA,94590,765 SERENO DR,21,00641463,
168 MARKET #705,168 MARKET #705,TAWA RETAIL GROUP  INC.,VALLEJO,Solano,CA,94590,765 SERENO DR,21,00641463,31-JUL-2026
7 ELEVEN STORE #2365-14133F,7 ELEVEN STORE #2365-14133F,7 ELEVEN INC,VALLEJO,Solano,CA,94591,2835 GEORGIA ST,20,00557458,30-JUN-2027
7 ELEVEN STORE #2365-14148A,7 ELEVEN STORE #2365-14148A,7 ELEVEN INC,VALLEJO,Solano,CA,94591,2580 SPRINGS RD,20,00551465,30-JUN-2027
7 ELEVEN STORE #2365-16729F,7 ELEVEN STORE #2365-16729F,7 ELEVEN INC,VALLEJO,Solano,CA,94590,1208 TENNESSEE ST,20,00603992,30-JUN-2027
99 CENTS ONLY STORE #410,99 CENTS ONLY STORE #410,99 CENTS ONLY STORES LLC,VALLEJO,Solano,CA,94590,3684 SONOMA BLVD,21,00643020,30-JUN-2026
99¢ ONLY STORE #232,99¢ ONLY STORE #232,99 CENTS ONLY STORES LLC,VALLEJO,Solano,CA,94591-5566,42 SPRINGSTOWNE CENTER,20,00553432,30-JUN-2026
AFTER HOURS COCKTAIL LOUNGE,AFTER HOURS COCKTAIL LOUNGE,AFTER HOURS COCKTAILS LLC,VALLEJO,Solano,CA,94589,1687 LEWIS BROWN DR,48,00514256,
AFTER HOURS COCKTAIL LOUNGE,AFTER HOURS COCKTAIL LOUNGE,ANDYS AFTER HOURS CORPORATION,VALLEJO,Solano,CA,94589,1687 LEWIS BROWN DR,48,00669861,31-JAN-2027
APPLEBEES NEIGHBORHOOD GRILL & BAR,APPLEBEES NEIGHBORHOOD GRILL & BAR,APPLE NORCAL LLC,VALLEJO,Solano,CA,94591-3681,1041 ADMIRAL CALLAGHAN LN,47,00483448,30-NOV-2026
B & B LIQUOR,B & B LIQUOR,KAUR  BALJIT,VALLEJO,Solano,CA,94591,1813 SPRINGS RD,21,00376585,30-JUN-2027
BANGKOK ISLAND THAI FUSION,BANGKOK ISLAND THAI FUSION,SRI THAI LLC,VALLEJO,Solano,CA,94591,153 PLAZA DR,47,00652346,30-NOV-2026
BARBS BLUE ROCK LOUNGE,BARBS BLUE ROCK LOUNGE,OSHIRO  BARBARA JEAN,VALLEJO,Solano,CA,94591,2015 SPRINGS RD,48,00377909,31-JUL-2026
BLUE ROCK SPRINGS GOLF CLUB,BLUE ROCK SPRINGS GOLF CLUB,TOUCHSTONE GOLF LLC,VALLEJO,Solano,CA,94591,655 COLUMBUS PKWY,47,00591283,
BLUE ROCK SPRINGS GOLF CLUB,BLUE ROCK SPRINGS GOLF CLUB,TOUCHSTONE GOLF LLC,VALLEJO,Solano,CA,94591,655 COLUMBUS PKWY,47,00591283,
BLUE ROCK SPRINGS GOLF CLUB,BLUE ROCK SPRINGS GOLF CLUB,TOUCHSTONE GOLF LLC,VALLEJO,Solano,CA,94591,655 COLUMBUS PKWY,47,00591283,30-APR-2027
BLUE ROCK SPRINGS GOLF CLUB,BLUE ROCK SPRINGS GOLF CLUB,TOUCHSTONE GOLF LLC,VALLEJO,Solano,CA,94591,655 COLUMBUS PKWY,47,00591283,30-APR-2027
BONFARE MARKET # 30,BONFARE MARKET # 30,BONFARE MARKETS INC,VALLEJO,Solano,CA,94590-2925,2240 SACRAMENTO ST,21,00440031,31-AUG-2026
BONFARE MARKET # 30,BONFARE MARKET # 30,BONFARE MARKETS INC,VALLEJO,Solano,CA,94590-2925,2240 SACRAMENTO ST,21,00440031,
BONFARE MARKET # 36,BONFARE MARKET # 36,BONFARE MARKETS INC,VALLEJO,Solano,CA,94591-3634,2817 REDWOOD PKWY,21,00534550,
BONFARE MARKET #36,BONFARE MARKET #36,BONFARE MARKETS INC,VALLEJO,Solano,CA,94591-3634,2817 REDWOOD PKWY,21,00635956,30-JUN-2027
BOSS MARKET,BOSS MARKET,D&S ADVANCEMENT  INC.,VALLEJO,Solano,CA,94589-1733,340 MINI DR,21,00512717,
BOSS MARKET,BOSS MARKET,D&S ADVANCEMENT  INC.,VALLEJO,Solano,CA,94589-1733,340 MINI DR,21,00512717,31-JUL-2026
BUDS LIQUOR,BUDS LIQUOR,SITOT  GENET AZANAW,VALLEJO,Solano,CA,94590,318 BENICIA RD,21,00576336,30-NOV-2026
CASTLEBRIDGE WINE COMPANY,CASTLEBRIDGE WINE COMPANY,CASTLE BRIDGE WINE COMPANY  LLC,VALLEJO,Solano,CA,94590-6017,425 VIRGINIA ST,02,00638552,30-JUN-2027
CHIPOTLE MEXICAN GRILL STORE #2315,CHIPOTLE MEXICAN GRILL STORE #2315,CHIPOTLE MEXICAN GRILL INC,VALLEJO,Solano,CA,94591,1195 ADMIRAL CALLAGHAN LN,47,00549252,30-NOV-2026
CHRIS CLUB,CHRIS CLUB,THE GREAT PLATE  INC,VALLEJO,Solano,CA,94591,656 BENICIA RD,48,00381654,28-FEB-2027
CHRIS CLUB,CHRIS CLUB,THE GREAT PLATE  INC,VALLEJO,Solano,CA,94591,656 BENICIA RD,58,00381654,28-FEB-2027
CORNER MARKET,CORNER MARKET,SANDHU  BALYOG SINGH,VALLEJO,Solano,CA,94590-6334,1247 GEORGIA ST,21,00483667,31-JAN-2027
CVS PHARMACY STORE 9832,CVS PHARMACY STORE 9832,GARFIELD BEACH CVS LLC,VALLEJO,Solano,CA,94590-9246,3678 SONOMA BLVD,21,00477708,31-MAY-2027
CVS PHARMACY STORE 9927,CVS PHARMACY STORE 9927,GARFIELD BEACH CVS LLC,VALLEJO,Solano,CA,94591,1193 ADMIRAL CALLAGHAN LANE,21,00556386,31-MAY-2027
DAIKON KOREAN BBQ,DAIKON KOREAN BBQ,DAIKON VALLEJO INC.,VALLEJO,Solano,CA,94591-3702,124 PLAZA DR,47,00650187,31-OCT-2026
DALIA'S MEXICAN RESTAURANT,DALIA'S MEXICAN RESTAURANT,MENDOZA  EFRAIN,VALLEJO,Solano,CA,94589,1950 BROADWAY ST,41,00661016,31-AUG-2026
DISCOUNT GAS GROCERY & LIQUOR,DISCOUNT GAS GROCERY & LIQUOR,NOVY INVESTMENTS INC,VALLEJO,Solano,CA,94590-7838,605 MAGAZINE ST,21,00676789,30-APR-2027
EL BARBAS RESTAURANT & BAR LLC,EL BARBAS RESTAURANT & BAR LLC,EL BARBAS RESTAURANT & BAR LLC,VALLEJO,Solano,CA,94590-4522,444 BROADWAY ST,48,00645136,31-MAY-2027
ELEPHANT THAI CUISINE,ELEPHANT THAI CUISINE,ELEPHANT THAI CUISINE LLC,VALLEJO,Solano,CA,94520,3636 SONOMA BLVD,41,00663318,31-OCT-2026
FAITHFUL WATCHER WINES LLC  THE,FAITHFUL WATCHER WINES LLC  THE,FAITHFUL WATCHER WINES LLC THE,VALLEJO,Solano,CA,94589,113 WALNUT CT,85,00656463,30-NOV-2026
FIRE WINGS,FIRE WINGS,FIRE WINGS VALLEJO LLC,VALLEJO,Solano,CA,94591-3704,137 PLAZA DR,41,00607467,30-NOV-2026
FIVE POINT LIQUOR,FIVE POINT LIQUOR,KAUR  HARJINDER,VALLEJO,Solano,CA,94590-4335,21 TENNESSEE ST,21,00324208,31-OCT-2026
FLAMINGO RESTAURANT AND BANQUET HALL,FLAMINGO RESTAURANT AND BANQUET HALL,INDIA SWEETS & FOODS INC,VALLEJO,Solano,CA,94591,910 LINCOLN RD E,47,00423806,30-APR-2027
FLAMINGO RESTAURANT AND BANQUET HALL,FLAMINGO RESTAURANT AND BANQUET HALL,INDIA SWEETS & FOODS INC,VALLEJO,Solano,CA,94591,910 LINCOLN RD E,58,00423806,30-APR-2027
GLOBAL WINE BRANDS,GLOBAL WINE BRANDS,GLOBAL WINE BRANDS INC.,VALLEJO,Solano,CA,94951-6360,2300 BENNINGTON DR,09,00625764,31-OCT-2026
GLOBAL WINE BRANDS,GLOBAL WINE BRANDS,GLOBAL WINE BRANDS INC.,VALLEJO,Solano,CA,94951-6360,2300 BENNINGTON DR,17,00625764,31-OCT-2026
GLOBAL WINE BRANDS,GLOBAL WINE BRANDS,GLOBAL WINE BRANDS INC.,VALLEJO,Solano,CA,94951-6360,2300 BENNINGTON DR,20,00625764,31-OCT-2026
GRACIES FAMILY BARBEQUE,GRACIES FAMILY BARBEQUE,INGERSOLL  KELLI DENISE,VALLEJO,Solano,CA,94590-6013,1801 SONOMA BLVD,41,00462272,30-APR-2027
GUANAJUATO MARKET INC.,GUANAJUATO MARKET INC.,GUANAJUATO MARKET  INC,VALLEJO,Solano,CA,94591-7956,18 LAUREL ST,41,00603927,30-APR-2027
ISLAND PACIFIC SUPERMARKET,ISLAND PACIFIC SUPERMARKET,MANILA BAY FOODS INC,VALLEJO,Solano,CA,94591,24 SPRINGSTOWNE CTR,20,00402696,
ISLAND PACIFIC SUPERMARKET,ISLAND PACIFIC SUPERMARKET,ABACUS BUSINESS CAPITAL  INC.,VALLEJO,Solano,CA,94591,24 SPRINGSTOWNE CTR,20,00655510,31-MAR-2027
J & O'S MARKET AND DELI,J & O'S MARKET AND DELI,AKAAL HOLDINGS INC,VALLEJO,Solano,CA,94591-3863,8340 BENNINGTON CT,21,00631958,30-NOV-2026
JACKS FOOD & LIQUOR,JACKS FOOD & LIQUOR,H S DHAMI CORPORATION,VALLEJO,Solano,CA,94589,857 SERENO DR,21,00414498,31-DEC-2026
JALAPENOS MEXICAN FOOD INC.,JALAPENOS MEXICAN FOOD INC.,JALAPENOS MEXICAN FOOD INC.,VALLEJO,Solano,CA,94589,5201 SONOMA BLVD,47,00561216,30-NOV-2026
KAT'S LOUNGE,KAT'S LOUNGE,AWAD  NAIM ABDULRAZAQ,VALLEJO,Solano,CA,94590,125 COUCH ST,48,00643165,30-NOV-2026
KINGS MARKET & LIQUOR,KINGS MARKET & LIQUOR,S & S KINGS ENTERPRISES,VALLEJO,Solano,CA,94589,1624 FAIRGROUNDS DR,21,00560555,30-JUN-2027
KWONGNAN RESTAURANT,KWONGNAN RESTAURANT,WEN J ZHU INC,VALLEJO,Solano,CA,94590-6021,405 YORK ST,41,00596327,30-NOV-2026
LA JOYA RESTAURANT,LA JOYA RESTAURANT,MONTANEZ  CHRIS FORTINO,VALLEJO,Solano,CA,94590,2272 SACRAMENTO ST,47,00421686,28-FEB-2027
LA TAPATIA MARKET,LA TAPATIA MARKET,LA TAPATIA MARKET VALLEJO INC.,VALLEJO,Solano,CA,94590-3322,601 BROADWAY ST,20,00534673,30-NOV-2026
LAWRENCE WINE ESTATES LLC,,LAWRENCE WINE ESTATES LLC,VALLEJO,Solano,CA,94592-1052,975 NIMITZ AVE,22,00637382,30-JUN-2027
LIQUOR LAND,LIQUOR LAND,MATHARU  RAM SINGH,VALLEJO,Solano,CA,94591,686 BENICIA RD,21,00588449,28-FEB-2027
LOLA'S MARKET,LOLA'S MARKET,LOLA'S MARKET  INC.,VALLEJO,Solano,CA,94589,5201 SONOMA BLVD,41,00601518,31-JUL-2026
M&M LIQUOR,M&M LIQUOR,ALGHAITHI  AYMAN MUHAMMED ALI,VALLEJO,Solano,CA,94590-7222,705 SONOMA BLVD,21,00621106,30-APR-2027
MARKET TOWN DELI LIQUOR,MARKET TOWN DELI LIQUOR,SIDHU  GUNINDER S,VALLEJO,Solano,CA,94590,1653 TENNESSEE ST,21,00326028,31-JUL-2027
MATSURI RESTAURANT,MATSURI RESTAURANT,TMA FOOD GROUP,VALLEJO,Solano,CA,94590-2958,480 REDWOOD ST,41,00592832,30-APR-2027
MEADOWS STORE,MEADOWS STORE,MEADOWS STORE,VALLEJO,Solano,CA,94589,5182 SONOMA BLVD,21,00673578,31-JAN-2027
MI JALISCO RESTAURANTE,MI JALISCO RESTAURANTE,R & G COOKING INC,VALLEJO,Solano,CA,94590-4626,1400 TENNESSEE ST,47,00670200,30-JUN-2026
MOD PIZZA,MOD PIZZA,MOD SUPER FAST PIZZA (CALIFORNIA)  LLC,VALLEJO,Solano,CA,94591-3703,163 PLAZA DR,41,00584515,30-NOV-2026
MOSCHETTI CAFE,MOSCHETTI CAFE,THE COFFEE POINT LLC,VALLEJO,Solano,CA,94590-5431,925 MARIN ST,41,00652991,30-NOV-2026
MOUNTAIN MIKE'S PIZZA,MOUNTAIN MIKE'S PIZZA,YASEEN  INC,VALLEJO,Solano,CA,94591-8662,972 ADMIRAL CALLAGHAN LN,41,00636715,30-JUN-2026
MOUNTAIN MIKE'S PIZZA - 2 VALLEJO,MOUNTAIN MIKE'S PIZZA - 2 VALLEJO,PRABAJOG ASSOCIATES  INC.,VALLEJO,Solano,CA,94589-2266,4380 SONOMA BLVD,41,00580746,31-MAY-2027
N & M MINI MARKET,N & M MINI MARKET,SAFAPOUR  IRAJ,VALLEJO,Solano,CA,94590,101 LINCOLN RD W,20,00232580,31-OCT-2026
NEW CHINA BARN,NEW CHINA BARN,SKC NEW CHINA LLC,VALLEJO,Solano,CA,94590-5743,320 TUOLUMNE ST,41,00643532,30-NOV-2026
NEW H LOUNGE THE,NEW H LOUNGE THE,ELLIS  TREVOR JULIUS,VALLEJO,Solano,CA,94590-7131,472 BENICIA RD,48,00653467,30-NOV-2026
NEW H LOUNGE THE,NEW H LOUNGE THE,ELLIS  TREVOR JULIUS,VALLEJO,Solano,CA,94590-7131,472 BENICIA RD,58,00653467,30-NOV-2026
OLIVE GARDEN ITALIAN RESTAURANT THE 1418,OLIVE GARDEN ITALIAN RESTAURANT THE 1418,N AND D RESTAURANTS LLC,VALLEJO,Solano,CA,94591,1176 ADMIRAL CALLAGHAN LN,47,00564528,28-FEB-2027
PARKWAY LIQUORS,PARKWAY LIQUORS,H & R BUSINESS INC,VALLEJO,Solano,CA,94589,4380 SONOMA BLVD,21,00660215,31-JAN-2027
PECOS LEAGUE OF PROFESSIONAL BASEBALL CLUBS  LLC,,PECOS LEAGUE OF PROFESSIONAL BASEBALL CLUBS  LLC,VALLEJO,Solano,CA,94590,1007 SOLANO AVE,41,00645181,31-MAY-2026
PHO #1 NOODLE HOUSE,PHO #1 NOODLE HOUSE,TRAN-NGUYEN  NGA,VALLEJO,Solano,CA,94589-2203,3885 SONOMA BLVD,41,00555095,30-SEP-2026
PHO HOANG RESTAURANT INC,PHO HOANG RESTAURANT INC,PHO HOANG RESTAURANT INC,VALLEJO,Solano,CA,94590,3495 SONOMA BLVD STE H,41,00653435,31-JAN-2027
PHO VALLEJO NOODLE HOUSE,PHO VALLEJO NOODLE HOUSE,QUY PHO LLC,VALLEJO,Solano,CA,94591,908 ADMIRAL CALLAGHAN LN,41,00664064,30-NOV-2026
QUE ONDA TACOBAR,QUE ONDA TACOBAR,VALLEMEX  INC.,VALLEJO,Solano,CA,94591-3708,173 PLAZA DR,41,00640503,31-OCT-2026
RELAY CLUB THE,RELAY CLUB THE,GRIGG  PHYLLIS E,VALLEJO,Solano,CA,94590,1035 MAINE ST,48,00209786,30-JUN-2026
ROAD 31 WINE CO,ROAD 31 WINE CO,DRIFTWOOD RACES LLC,VALLEJO,Solano,CA,94592-1006,1175 AZUAR DR,17,00457055,30-NOV-2026
ROUND TABLE PIZZA,ROUND TABLE PIZZA,BABAK ENTERPRISES INC,VALLEJO,Solano,CA,94591,2633 SPRINGS RD,41,00390125,31-AUG-2026
ROUND TABLE PIZZA #1028,ROUND TABLE PIZZA #1028,J K BAY AREA  INC,VALLEJO,Solano,CA,94591-3650,750 ADMIRAL CALLAGHAN LN,41,00575106,31-OCT-2026
S & S LIQUOR,S & S LIQUOR,SINGH  SUKHJINDER,VALLEJO,Solano,CA,94590,306 TENNESSEE ST,21,00665013,31-JAN-2027
S & S LIQUORS,S & S LIQUORS,SINGH  SUKHJINDER,VALLEJO,Solano,CA,94590-3844,2901 SONOMA BLVD,21,00536128,30-SEP-2026
S&S LIQUOR,S&S LIQUOR,SINGH  SUKHJINDER,VALLEJO,Solano,CA,94590,2314 SONOMA BLVD,21,00616087,30-APR-2027
SHOP N SAVE MARKET,SHOP N SAVE MARKET,SANDHU  BHINDER SINGH,VALLEJO,Solano,CA,94591-7515,1050 BENICIA RD,21,00483665,31-JAN-2027
SIMPLE THAI,SIMPLE THAI,DOUANGPANYA  JESSICA,VALLEJO,Solano,CA,94590-4545,907 TENNESSEE ST,41,00608791,30-SEP-2026
SONOMA MEAT MARKET,SONOMA MEAT MARKET,SONOMA MEAT MARKET INC,VALLEJO,Solano,CA,94590,2723 SONOMA BLVD,20,00659446,30-JUN-2026
SPRING MARKET,SPRING MARKET,PRESTIGE LIQUORS INC,VALLEJO,Solano,CA,94591,2637 SPRINGS RD,21,00664985,31-DEC-2026
SZECHUAN CHINESE CUISINE,SZECHUAN CHINESE CUISINE,SZECHUAN CHINESE CUISINE INC,VALLEJO,Solano,CA,94590-6456,2079 SOLANO AVE,41,00596909,30-SEP-2026
TACOS JALISCO INC,TACOS JALISCO INC,TACOS JALISCO INC,VALLEJO,Solano,CA,94590,3420 SONOMA BLVD,41,00412022,30-JUN-2026
TAJ GRILL,TAJ GRILL,UDASIN STATES LLC,VALLEJO,Solano,CA,94591-3650,758 ADMIRAL CALLAGHAN LN,41,00622326,31-MAR-2027
THE WINE ILLUMINATI LLC,THE WINE ILLUMINATI LLC,THE WINE ILLUMINATI LLC,VALLEJO,Solano,CA,94589,207 HAVITURE WAY,17,00669728,30-NOV-2026
THE WINE ILLUMINATI LLC,THE WINE ILLUMINATI LLC,THE WINE ILLUMINATI LLC,VALLEJO,Solano,CA,94589,207 HAVITURE WAY,20,00669728,30-NOV-2026
TOWNHOUSE COCKTAIL LOUNGE,TOWNHOUSE COCKTAIL LOUNGE,LIONART VENTURES LLC,VALLEJO,Solano,CA,94590,401 GEORGIA ST A,48,00616025,30-JUN-2027
VALLEJO YACHT CLUB,VALLEJO YACHT CLUB,VALLEJO YACHT CLUB,VALLEJO,Solano,CA,94590,485 MARE ISLAND WAY,50,00022516,30-JUN-2027
VALLEJO YACHT CLUB,VALLEJO YACHT CLUB,VALLEJO YACHT CLUB,VALLEJO,Solano,CA,94590,485 MARE ISLAND WAY,58,00022516,30-JUN-2027
VALS LIQUOR,VALS LIQUOR,LAIWALA  MEENA N,VALLEJO,Solano,CA,94590,744 GEORGIA ST,21,00277346,28-FEB-2027
VARGAS MARKET INC.,VARGAS MARKET INC.,VARGAS MARKET  INC.,VALLEJO,Solano,CA,94589,5201 SONOMA BLVD,41,00607889,31-JUL-2027
YO SUSHI,YO SUSHI,CRANES VENTURES GROUP  INC.,VALLEJO,Solano,CA,94591-8039,114 ROBLES WAY,41,00605411,30-JUN-2027
FJORD OAK WINERY,FJORD OAK WINERY,FJORD OAK WINERY LLC,WINTERS,Solano,CA,95694-9611,4405 PUTAH CREEK RD,02,00660207,30-JUN-2027
FJORD OAK WINERY,FJORD OAK WINERY,FJORD OAK WINERY LLC,WINTERS,Solano,CA,95694-9611,4405 PUTAH CREEK RD,81,00660207,30-JUN-2027
ANNAPOLIS WINERY,ANNAPOLIS WINERY,SCALABRINI  ARON JOHN,ANNAPOLIS,Sonoma,CA,95412,26055 SODA SPRINGS RD,02,00411019,30-JUN-2026
BODEGA COUNTRY STORE THE,BODEGA COUNTRY STORE THE,CODDINGTON  ARIEL,BODEGA,Sonoma,CA,94922,17190 BODEGA HWY,20,00600338,30-NOV-2026
CASINO BAR & GRILL,CASINO BAR & GRILL,CASINO BAR & GRILL,BODEGA,Sonoma,CA,94922,17000 BODEGA HWY,47,00667847,30-APR-2027
BIRDS CAFE THE,BIRDS CAFE THE,FREEMAN  MELISSA  MARIANNE,BODEGA BAY,Sonoma,CA,94923,1409 HIGHWAY ONE,41,00501570,31-MAR-2027
DIEKMANN'S BAY STORE,DIEKMANN'S BAY STORE,DIEKMAN SINGH BAY STORE INC.,BODEGA BAY,Sonoma,CA,94923-0940,1275 HIGHWAY 1,21,00522243,31-OCT-2026
FISHETARIAN DELI AND FISH MARKET,FISHETARIAN DELI AND FISH MARKET,FISHETARIAN FISH MARKET  INC.,BODEGA BAY,Sonoma,CA,94923,599 S HIGHWAY 1,41,00637423,31-AUG-2026
GINOCHIO'S KITCHEN,GINOCHIO'S KITCHEN,GINOCHIO'S KITCHEN  LLC,BODEGA BAY,Sonoma,CA,94923-8600,1410 BAY FLAT RD,41,00565975,31-JUL-2027
LUCAS WHARF RESTAURANT & BAR,LUCAS WHARF RESTAURANT & BAR,LUCAS WHARF INC,BODEGA BAY,Sonoma,CA,94923-9783,595 S HIGHWAY 1,47,00160636,
PELICAN PLAZA GROCERY & DELI,PELICAN PLAZA GROCERY & DELI,PELICAN PLAZA GROCERY & DELI  INC.,BODEGA BAY,Sonoma,CA,94923-9779,1400 HIGHWAY 1,21,00631427,31-OCT-2026
SEA FLOWER CAFE AND BODEGA BAY COFFEE AND ESPRESSO,SEA FLOWER CAFE AND BODEGA BAY COFFEE AND ESPRESSO,SEA FLOWER ENTERPRISES LLC,BODEGA BAY,Sonoma,CA,94923,2001 N HWY 1,20,00638128,28-FEB-2027
TERRAPIN CREEK CAFE LLC,,TERRAPIN CREEK CAFE LLC,BODEGA BAY,Sonoma,CA,94923,1580 EASTSHORE RD,47,00599074,31-DEC-2026
7 ELEVEN STORE 2235 14140G,7 ELEVEN STORE 2235 14140G,7 ELEVEN INC,BOYES HOT SPRINGS,Sonoma,CA,95476-4225,18000 RAILROAD AVE,20,00451473,30-JUN-2027
ANDY'S LIQUOR & FINE WINE INC,,ANDY'S LIQUOR & FINE WINE INC,BOYES HOT SPRINGS,Sonoma,CA,95416,18002-04 SONOMA HWY,21,00607400,31-OCT-2026
CREEKSIDE CAFE,CREEKSIDE CAFE,MONAHAN  MICHAEL GERARD,BOYES HOT SPRINGS,Sonoma,CA,95416,239 BOYES BLVD,41,00356510,31-AUG-2026
MARY'S PIZZA SHACK,MARY'S PIZZA SHACK,OLD WINERY RESTAURANT GROUP,BOYES HOT SPRINGS,Sonoma,CA,95416-4418,18636 SONOMA HWY,41,00646624,30-APR-2027
KNIGHTS BRIDGE WINERY,KNIGHTS BRIDGE WINERY,KNIGHTS BRIDGE WINERY  LLC,CALISTOGA,Sonoma,CA,94515,17134 SPENCER LN,02,00627528,30-JUN-2027
KNIGHTS BRIDGE WINERY  LLC,,KNIGHTS BRIDGE WINERY  LLC,CALISTOGA,Sonoma,CA,94515,17134 SPENCER LN,02,00627528,
PETER MICHAEL WINERY,,PETER MICHAEL WINERY,CALISTOGA,Sonoma,CA,94515,12400 IDA CLAYTON RD,02,00221803,30-JUN-2026
TUMULT WINES,TUMULT WINES,TUMULT WINES LLC,CALISTOGA,Sonoma,CA,94515-9554,8300 FRANZ VALLEY SCHOOL RD,02,00640999,30-JUN-2026
TUMULT WINES,TUMULT WINES,TUMULT WINES LLC,CALISTOGA,Sonoma,CA,94515-9554,8300 FRANZ VALLEY SCHOOL RD,20,00640999,31-DEC-2026
TUMULT WINES,TUMULT WINES,TUMULT WINES LLC,CALISTOGA,Sonoma,CA,94515-9554,8300 FRANZ VALLEY SCHOOL RD,17,00640999,31-DEC-2026
CAZADERO GENERAL STORE,CAZADERO GENERAL STORE,GEVAS  OLIVIA GRACE,CAZADERO,Sonoma,CA,95421,6125 CAZADERO HWY,20,00626972,31-JUL-2026
FLOWERS VINEYARD & WINERY,FLOWERS VINEYARD & WINERY,HUNEEUS WINES LLC,CAZADERO,Sonoma,CA,95421-9767,28500 SEAVIEW RD,02,00611380,30-JUN-2027
101 THAI WAY,101 THAI WAY,RAMIREZ  WARANGKHANA PHUNGSUKDAENG,CLOVERDALE,Sonoma,CA,95425-4483,1198 S CLOVERDALE BLVD,41,00654557,31-DEC-2026
7 ELEVEN STORE 2365-35064C,7 ELEVEN STORE 2365-35064C,7 ELEVEN INC,CLOVERDALE,Sonoma,CA,95425-4471,1194 S CLOVERDALE BLVD,20,00588156,30-JUN-2027
AJS WINES,AJS WINES,AJS WINES LLC,CLOVERDALE,Sonoma,CA,95425-3205,215 W 3RD ST,17,00629560,31-OCT-2026
AJS WINES,AJS WINES,AJS WINES LLC,CLOVERDALE,Sonoma,CA,95425-3205,215 W 3RD ST,20,00629560,31-OCT-2026
AM LIQUOR & GROCERY,AM LIQUOR & GROCERY,VRRM INC,CLOVERDALE,Sonoma,CA,95425-3702,138 E 1ST ST,21,00658987,30-NOV-2026
ASTI WINERY,ASTI WINERY,E. & J. GALLO WINERY,CLOVERDALE,Sonoma,CA,95425-7003,26150 ASTI RD,02,00559939,30-JUN-2027
ASTI WINERY,ASTI WINERY,E. & J. GALLO WINERY,CLOVERDALE,Sonoma,CA,95425-7003,26150 ASTI RD,06,00559939,31-AUG-2026
BALI LIQUORS AND FOOD,BALI LIQUORS AND FOOD,PARMAR  JATINDER PAL KAUR,CLOVERDALE,Sonoma,CA,95425-3316,109 N CLOVERDALE BLVD,21,00447172,31-DEC-2026
BOB DOG WINES,BOB DOG WINES,BOBDOG LLC,CLOVERDALE,Sonoma,CA,95425,31969 PINE MOUNTAIN RD,02,00479226,30-JUN-2026
CITRUS SPIRITS AND MARKET,CITRUS SPIRITS AND MARKET,MEMORIAL BEACH MARKET LLC,CLOVERDALE,Sonoma,CA,95425-4041,421 S CLOVERDALE BLVD,21,00623900,31-AUG-2026
COTIJAS MARKET,COTIJAS MARKET,GOS LLC,CLOVERDALE,Sonoma,CA,95425-3712,228 S CLOVERDALE BLVD,20,00674878,31-JAN-2027
CU DONA VINEYARD AND WINERY,CU DONA VINEYARD AND WINERY,CU DONA VINEYARD AND WINERY LLC,CLOVERDALE,Sonoma,CA,95425-9435,35100 HIGHWAY 128,02,00648934,30-JUN-2027
CVS PHARMACY STORE 345,CVS PHARMACY STORE 345,GARFIELD BEACH CVS LLC,CLOVERDALE,Sonoma,CA,95425,1111 S CLOVERDALE BLVD,21,00477887,31-MAY-2027
DAHLIA & SAGE COMMUNITY MARKET,DAHLIA & SAGE COMMUNITY MARKET,REBEL GIRLS  INC.,CLOVERDALE,Sonoma,CA,95425-3301,115 E 2ND ST,41,00609202,31-OCT-2026
DEERING WINE,DEERING WINE,DEERING WINE USA LLC,CLOVERDALE,Sonoma,CA,95425-9782,24505 CHIANTI RD,02,00536749,30-JUN-2027
DEODORA VINEYARDS & WINERY,DEODORA VINEYARDS & WINERY,DEODORA VINEYARDS & WINERY LLC,CLOVERDALE,Sonoma,CA,95425-3808,150 CHERRY CREEK RD,17,00647862,
DEODORA VINEYARDS & WINERY,DEODORA VINEYARDS & WINERY,DEODORA VINEYARDS & WINERY LLC,CLOVERDALE,Sonoma,CA,95425-3808,150 CHERRY CREEK RD,20,00647862,
DEODORA VINEYARDS & WINERY,DEODORA VINEYARDS & WINERY,DEODORA VINEYARDS & WINERY LLC,CLOVERDALE,Sonoma,CA,95425-3808,150 CHERRY CREEK RD,17,00647862,31-AUG-2026
DEODORA VINEYARDS & WINERY,DEODORA VINEYARDS & WINERY,DEODORA VINEYARDS & WINERY LLC,CLOVERDALE,Sonoma,CA,95425-3808,150 CHERRY CREEK RD,20,00647862,31-AUG-2026
FAST GAS MINI MART CLOVERDALE,FAST GAS MINI MART CLOVERDALE,ALI  SAMIR HUSSAIN,CLOVERDALE,Sonoma,CA,95425-4004,418 S CLOVERDALE BLVD,20,00447010,30-NOV-2026
FRITZ WINERY,FRITZ WINERY,FRITZ CELLARS INC,CLOVERDALE,Sonoma,CA,95425-9742,24691 DUTCHER CREEK RD,09,00221092,
FRITZ WINERY,FRITZ WINERY,FRITZ CELLARS INC,CLOVERDALE,Sonoma,CA,95425-9742,24691 DUTCHER CREEK RD,02,00221092,
FRITZ WINERY,FRITZ WINERY,FRITZ CELLARS INC,CLOVERDALE,Sonoma,CA,95425-9742,24691 DUTCHER CREEK RD,17,00221092,
FRITZ WINERY,FRITZ WINERY,FRITZ CELLARS INC,CLOVERDALE,Sonoma,CA,95425-9742,24691 DUTCHER CREEK RD,20,00221092,
GEORGE WINE COMPANY  LLC,GEORGE WINE COMPANY  LLC,GEORGE WINE COMPANY  LLC,CLOVERDALE,Sonoma,CA,95425-3808,150 CHERRY CREEK RD,17,00665189,31-JAN-2027
GEORGE WINE COMPANY  LLC,GEORGE WINE COMPANY  LLC,GEORGE WINE COMPANY  LLC,CLOVERDALE,Sonoma,CA,95425-3808,150 CHERRY CREEK RD,20,00665189,31-JAN-2027
GEORGE WINE COMPANY  LLC,GEORGE WINE COMPANY  LLC,GEORGE WINE COMPANY  LLC,CLOVERDALE,Sonoma,CA,95425-3808,150 CHERRY CREEK RD,09,00665189,31-JAN-2027
HAMBURGER RANCH AND BBQ,HAMBURGER RANCH AND BBQ,CLOVERDALE SHERPA BROTHERS LLC,CLOVERDALE,Sonoma,CA,95425,31195 N REDWOOD HWY,41,00660423,30-SEP-2026
J RICKARDS WINERY,J RICKARDS WINERY,J RICKARDS WINERY LLC,CLOVERDALE,Sonoma,CA,95425-9782,24505 CHIANTI RD,02,00423259,30-JUN-2027
JACKSONS #291-REDWOOD MARKET,JACKSONS #291-REDWOOD MARKET,JACKSONS FOOD STORES INC,CLOVERDALE,Sonoma,CA,95425-4470,1165 S CLOVERDALE BLVD,20,00671209,31-OCT-2026
KELLEY & YOUNG WINES,KELLEY & YOUNG WINES,KELLEY & YOUNG LLC,CLOVERDALE,Sonoma,CA,95425-3709,119 S CLOVERDALE BLVD,02,00583774,30-JUN-2027
LA TEQUILA MEXICAN RESTAURANT,LA TEQUILA MEXICAN RESTAURANT,RODRIGUEZ BAEZ  JORGE ALBERTO,CLOVERDALE,Sonoma,CA,95425-3352,134 N CLOVERDALE BLVD,47,00635238,30-APR-2026
LA TEQUILA MEXICAN RESTAURANT,LA TEQUILA MEXICAN RESTAURANT,RODRIGUEZ BAEZ  JORGE ALBERTO,CLOVERDALE,Sonoma,CA,95425-3352,134 N CLOVERDALE BLVD,47,00635238,30-APR-2026
LILY CASSIUS WINES,LILY CASSIUS WINES,DOT WINES  LLC,CLOVERDALE,Sonoma,CA,95425-9782,24505 CHIANTI RD,02,00616906,30-JUN-2026
LOS PINOS MARKET,LOS PINOS MARKET,BERNAL  ELIGIO,CLOVERDALE,Sonoma,CA,95425,3 TARMAN DR,41,00400130,31-MAY-2027
MATHY WINERY,MATHY WINERY,MATHY WINERY LLC,CLOVERDALE,Sonoma,CA,95425-4300,25510 RIVER RD,02,00570354,30-JUN-2027
MERCURY WINE,MERCURY WINE,MERCURY WINE  LLC,CLOVERDALE,Sonoma,CA,95425-9782,24505 CHIANTI RD,02,00628727,30-JUN-2027
MOE'S EAGLES NEST DELI  LLC,MOE'S EAGLES NEST DELI  LLC,MOE'S EAGLES NEST DELI  LLC,CLOVERDALE,Sonoma,CA,95425-3316,113 N CLOVERDALE BLVD,41,00582658,31-JUL-2026
MONTSE REECE WINES,MONTSE REECE WINES,MONTSE REECE WINES LLC,CLOVERDALE,Sonoma,CA,95425-9782,24505 CHIANTI RD,02,00650714,30-JUN-2027
MOUNTAIN MIKES PIZZA,MOUNTAIN MIKES PIZZA,DREAM CUISINE PIZZA INC,CLOVERDALE,Sonoma,CA,95425-4413,1143 S CLOVERDALE BLVD,41,00648582,31-MAY-2026
NO LIMIT FINE WINES,NO LIMIT FINE WINES,NO LIMIT FINE WINES,CLOVERDALE,Sonoma,CA,95425-4249,595 SANTANA DR,17,00469602,31-JAN-2027
NO LIMIT FINE WINES,NO LIMIT FINE WINES,NO LIMIT FINE WINES,CLOVERDALE,Sonoma,CA,95425-4249,595 SANTANA DR,20,00469602,31-JAN-2027
NO LIMIT FINE WINES,NO LIMIT FINE WINES,NO LIMIT FINE WINES,CLOVERDALE,Sonoma,CA,95425-4249,595 SANTANA DR,09,00469602,31-JAN-2027
PAPAS PIZZA CAFE,PAPAS PIZZA CAFE,NIXON  MICHAEL WILLIAM,CLOVERDALE,Sonoma,CA,95425-3316,105 N. CLOVERDALE BLVD,41,00557546,30-APR-2027
PASTORI WINERY,PASTORI WINERY,PASTORI VINEYARDS LLC,CLOVERDALE,Sonoma,CA,95425-9724,23189 GEYSERVILLE AVE,02,00640892,30-JUN-2026
QUICK PICK LIQUORS,QUICK PICK LIQUORS,KENZ LIQUOR INC.,CLOVERDALE,Sonoma,CA,95425-4471,1198 S CLOVERDALE BLVD,21,00626422,
QUICK PICK LIQUORS,QUICK PICK LIQUORS,KENZ LIQUOR INC.,CLOVERDALE,Sonoma,CA,95425-4471,1198 S CLOVERDALE BLVD,21,00626422,31-JAN-2027
QUIK STOP MARKET #141,QUIK STOP MARKET #141,QUIK STOP MARKETS INC,CLOVERDALE,Sonoma,CA,95425,601 N CLOVERDALE BLVD,21,00540454,30-JUN-2027
RAILROAD STATION BAR AND GRILL,RAILROAD STATION BAR AND GRILL,SUBBA SHERPA FAMILY LLC,CLOVERDALE,Sonoma,CA,95425-3712,236 S CLOVERDALE BLVD,47,00660317,30-SEP-2026
RAMAZZOTTI WINES,RAMAZZOTTI WINES,RAMAZZOTTI WINES LLC,CLOVERDALE,Sonoma,CA,95425-3820,30A INDUSTRIAL DR,02,00449073,
RAMAZZOTTI WINES,RAMAZZOTTI WINES,RAMAZZOTTI WINES LLC,CLOVERDALE,Sonoma,CA,95425-3820,30A INDUSTRIAL DR,02,00449073,30-JUN-2027
RAMAZZOTTI WINES,RAMAZZOTTI WINES,RAMAZZOTTI WINES LLC,CLOVERDALE,Sonoma,CA,95425-3820,30A INDUSTRIAL DR,02,00449073,
SONOMA WINE COMPANY,SONOMA WINE COMPANY,SONOMA WINE COMPANY  LLC,CLOVERDALE,Sonoma,CA,95425-3807,155 CHERRY CREEK RD,02,00522728,
THAI SPICE,THAI SPICE,SIAM THAI HOUSE LLC,CLOVERDALE,Sonoma,CA,95425-4413,1123 S CLOVERDALE BLVD,41,00632757,28-FEB-2027
TIAN YUEN RESTAURANT,TIAN YUEN RESTAURANT,KS TIAN YUEN  INC.,CLOVERDALE,Sonoma,CA,95425-3710,102 S CLOVERDALE BLVD,41,00646193,30-APR-2026
TIRAGE WINE COMPANY  LLC,TIRAGE WINE COMPANY  LLC,TIRAGE WINE COMPANY  LLC,CLOVERDALE,Sonoma,CA,95425-3808,150 CHERRY CREEK RD,17,00673652,30-NOV-2026
TIRAGE WINE COMPANY  LLC,TIRAGE WINE COMPANY  LLC,TIRAGE WINE COMPANY  LLC,CLOVERDALE,Sonoma,CA,95425-3808,150 CHERRY CREEK RD,20,00673652,30-NOV-2026
TRADING POST MARKET & BAKERY,TRADING POST MARKET & BAKERY,TRADING POST RESTAURANT  LLC,CLOVERDALE,Sonoma,CA,95425-3710,102 S CLOVERDALE BLVD,41,00545779,
ULLAGE WINES,ULLAGE WINES,MOLLDOLL LLC,CLOVERDALE,Sonoma,CA,95425-4300,25510 RIVER RD,02,00624769,30-JUN-2026
WILLIAM GORDON WINERY,WILLIAM GORDON WINERY,WILLIAM GREGORY LLC,CLOVERDALE,Sonoma,CA,95425-4116,27800 RIVER RD,02,00446112,
WILLIAM GORDON WINERY,WILLIAM GORDON WINERY,WILLIAM GREGORY LLC,CLOVERDALE,Sonoma,CA,95425-4116,27800 RIVER RD,02,00446112,30-JUN-2027
8 BALL TAVERN,8 BALL TAVERN,TROX'S BOX  LLC,COTATI,Sonoma,CA,94931-4229,8 CHARLES ST,48,00664136,31-JAN-2027
8 BALL TAVERN,8 BALL TAVERN,TROX'S BOX  LLC,COTATI,Sonoma,CA,94931-4229,8 CHARLES ST,58,00664136,31-JAN-2027
ACME BURGER,ACME BURGER,PETIT COCHON KTK  LLC,COTATI,Sonoma,CA,94931-4094,550 E COTATI AVE,41,00600020,30-NOV-2026
ACRE PIZZA,ACRE PIZZA,ACRE GROUP LLC,COTATI,Sonoma,CA,94931-4126,8175 GRAVENSTEIN HWY,41,00643431,31-MAY-2027
AMY'S CHINESE KITCHEN,AMY'S CHINESE KITCHEN,AMY'S CHINESE KITCHEN LLC,COTATI,Sonoma,CA,94931-4151,8577 GRAVENSTEIN HWY,41,00544995,30-JUN-2027
ASIANA MARKET,ASIANA MARKET,ASIANA COTATI INC.,COTATI,Sonoma,CA,94931,7665 OLD REDWOOD HWY B,20,00601229,28-FEB-2027
CAFE SALSA,CAFE SALSA,CAFE SALSA  LLC,COTATI,Sonoma,CA,94931-5208,8230 OLD REDWOOD HWY,41,00601882,31-DEC-2026
CHINA VILLAGE RESTAURANT,CHINA VILLAGE RESTAURANT,MILILITER INVESTMENT  INC.,COTATI,Sonoma,CA,94931-4131,8501 GRAVENSTEIN HWY,41,00551527,31-JAN-2027
COTATI MARKET,COTATI MARKET,COTATI MARKET  INC.,COTATI,Sonoma,CA,94931-5207,8285 OLD REDWOOD HWY,21,00640016,31-AUG-2026
COTIJA'S MEXICAN RESTAURANT & DELI,COTIJA'S MEXICAN RESTAURANT & DELI,LOPEZ DEROBLEDO  MARINA I,COTATI,Sonoma,CA,94931-5100,7981 OLD REDWOOD HWY,41,00559131,31-AUG-2026
COZZY MARKET & DELI,COZZY MARKET & DELI,BADHAN  VIKRAM SINGH,COTATI,Sonoma,CA,94931-5107,7886 OLD REDWOOD HWY,20,00657464,30-SEP-2026
CTS MARKET,CTS MARKET,CT MARKET INC.,COTATI,Sonoma,CA,94931,7155 GRAVENSTEIN HIGHWAY,20,00658928,31-JAN-2027
D&D LIQUOR AND DELI,D&D LIQUOR AND DELI,VISHAL  KALRA,COTATI,Sonoma,CA,94931,8492 GRAVENSTEIN HWY UNIT R,21,00511053,31-MAY-2027
EVEREST RESTAURANT,EVEREST RESTAURANT,SALAKA BROTHERS INC,COTATI,Sonoma,CA,94931-4094,572 E COTATI AVE A,41,00655346,28-FEB-2027
LUIGI'S BBQ & DELI,LUIGI'S BBQ & DELI,CANSECO ARENAS  MIGUEL A,COTATI,Sonoma,CA,94931-4404,101 E COTATI AVE,41,00658231,31-JUL-2026
LUIGI'S BBQ & DELI,LUIGI'S BBQ & DELI,CANSECO ARENAS  MIGUEL A,COTATI,Sonoma,CA,94931-4404,101 E COTATI AVE,58,00658231,31-JUL-2026
LYNNS THAI RESTAURANT,LYNNS THAI RESTAURANT,CHANVALICHOL  KRISANA,COTATI,Sonoma,CA,94931-4106,8492 GRAVENSTEIN HWY,41,00501170,31-JUL-2026
MAI VIETNAMESE CUISINE,MAI VIETNAMESE CUISINE,CHOI  NAM CHUL,COTATI,Sonoma,CA,94931-4106,8492 GRAVENSTEIN HWY,41,00650534,31-OCT-2026
MARTIN'S MARKET AND DELI,MARTIN'S MARKET AND DELI,MARTIN'S MARKET INC,COTATI,Sonoma,CA,94931-9733,7180 GRAVENSTEIN HWY,21,00670060,31-MAR-2027
MOMBO'S PIZZA,MOMBO'S PIZZA,MOMBO'S PIZZA  INC.,COTATI,Sonoma,CA,94931-5208,8252 OLD REDWOOD HIGHWAY,41,00677581,31-MAR-2027
OLIVER'S MARKET,OLIVER'S MARKET,MAASS CORPORATION SPC,COTATI,Sonoma,CA,94931-4090,546 E COTATI AVE,21,00531105,
OLIVER'S MARKET,OLIVER'S MARKET,MAASS CORPORATION SPC,COTATI,Sonoma,CA,94931-4090,546 E COTATI AVE,42,00531105,
OLIVER'S MARKET,OLIVER'S MARKET,MAASS CORPORATION SPC,COTATI,Sonoma,CA,94931-4090,546 E COTATI AVE,21,00531105,31-MAY-2027
OLIVER'S MARKET,OLIVER'S MARKET,MAASS CORPORATION SPC,COTATI,Sonoma,CA,94931-4090,546 E COTATI AVE,42,00531105,31-MAY-2027
OLIVER'S MARKET,OLIVER'S MARKET,MAASS CORPORATION SPC,COTATI,Sonoma,CA,94931-4090,546 E COTATI AVE,21,00531105,
OLIVER'S MARKET,OLIVER'S MARKET,MAASS CORPORATION SPC,COTATI,Sonoma,CA,94931-4090,546 E COTATI AVE,42,00531105,
REDWOOD CAFE,REDWOOD CAFE,8240 REDWOOD  LLC,COTATI,Sonoma,CA,94931,8240 OLD REDWOOD HWY,41,00635290,
REDWOOD CAFE,REDWOOD CAFE,8240 REDWOOD  LLC,COTATI,Sonoma,CA,94931,8240 OLD REDWOOD HWY,41,00635290,31-MAR-2027
SHIGE SUSHI,SHIGE SUSHI,KAMOSEI CORPORATION,COTATI,Sonoma,CA,94931-5206,8235 OLD REDWOOD HWY,41,00518983,30-APR-2027
SLOW CO PIZZA,SLOW CO PIZZA,BIRDS NEST HOSPITALITY INC,COTATI,Sonoma,CA,94931-4244,8197 LA PLAZA ST,41,00660915,30-SEP-2026
SPANCKY'S BAR,SPANCKY'S BAR,CRUKATS  LLC  A CALIFORNIA LIMITED LIABILITY COMPA,COTATI,Sonoma,CA,94931-4211,8201 OLD REDWOOD HWY,48,00670629,30-NOV-2026
SPANCKYS BAR,SPANCKYS BAR,DCS HOSPITALITY LLC,COTATI,Sonoma,CA,94931-4211,8201 OLD REDWOOD HWY,48,00487861,
SUPERBURGER,SUPERBURGER,MEAT  CHEESE  BUN  LLC,COTATI,Sonoma,CA,94931-4212,8204 OLD REDWOOD HWY,41,00659270,30-JUN-2026
TWINS RESTAURANT  THE,TWINS RESTAURANT  THE,BACHO ARELLANES  GERMAN,COTATI,Sonoma,CA,94931-4094,572 E COTATI AVE,41,00608423,30-SEP-2026
ZAINA'S BELLINI CAFE,ZAINA'S BELLINI CAFE,ZAINA'S GROUP LLC,COTATI,Sonoma,CA,94931-5100,7981 OLD REDWOOD HWY,41,00609012,31-JUL-2026
CAPE FEAR CAFE,CAPE FEAR CAFE,RAFTER J C INC.,DUNCANS MILLS,Sonoma,CA,95430,25191 MAIN ST,41,00656949,31-MAY-2026
DUNCANS MILLS GENERAL STORE,DUNCANS MILLS GENERAL STORE,DUNCANS MILLS GENERAL STORE LLC,DUNCANS MILLS,Sonoma,CA,95430,25200 HIGHWAY 116,20,00604172,31-JUL-2026
EL VERANO MARKET 95433,EL VERANO MARKET 95433,BHATTARAI  DINESH C,EL VERANO,Sonoma,CA,95433-8800,19050 BAY ST,21,00528062,28-FEB-2027
EL BRINQUITO MARKET,EL BRINQUITO MARKET,EL BRINQUITO MARKET  INC.,FETTERS HOT SPRINGS,Sonoma,CA,95416,17380 SONOMA HWY,20,00555808,31-DEC-2026
ASHANTA WINES,ASHANTA WINES,ASHANTA WINES LLC,FORESTVILLE,Sonoma,CA,95436-9760,11888 HILLCREST AVE,17,00623459,28-FEB-2027
ASHANTA WINES,ASHANTA WINES,ASHANTA WINES LLC,FORESTVILLE,Sonoma,CA,95436-9760,11888 HILLCREST AVE,20,00623459,28-FEB-2027
BILLS LIQUOR DEPOT,BILLS LIQUOR DEPOT,BILLS LIQUOR DEPOT INC,FORESTVILLE,Sonoma,CA,95436,6679 FRONT ST,21,00626337,31-JUL-2026
BRUCE PATCH WINES,BRUCE PATCH WINES,WEST COUNTY WINE COMPANY  LLC,FORESTVILLE,Sonoma,CA,95436,6482 MIRABEL RD,17,00559658,31-JUL-2026
BRUCE PATCH WINES,BRUCE PATCH WINES,WEST COUNTY WINE COMPANY  LLC,FORESTVILLE,Sonoma,CA,95436,6482 MIRABEL RD,20,00559658,31-JUL-2026
FARMHOUSE INN & RESTAURANT THE,FARMHOUSE INN & RESTAURANT THE,SCARIF ENTERPRISES  LLC,FORESTVILLE,Sonoma,CA,95436-9494,7871 RIVER RD,47,00655850,28-FEB-2027
FARMHOUSE INN & RESTAURANT THE,FARMHOUSE INN & RESTAURANT THE,SCARIF ENTERPRISES  LLC,FORESTVILLE,Sonoma,CA,95436-9494,7871 RIVER RD,66,00655850,28-FEB-2027
FARMHOUSE INN & RESTAURANT THE,FARMHOUSE INN & RESTAURANT THE,SCARIF ENTERPRISES  LLC,FORESTVILLE,Sonoma,CA,95436-9494,7871 RIVER RD,68,00655850,28-FEB-2027
FORESTVILLE CLUB,FORESTVILLE CLUB,SPEER  PHYLLIS L,FORESTVILLE,Sonoma,CA,95436,6250 FRONT ST,48,00334917,30-APR-2027
HARTFORD FAMILY WINES,HARTFORD FAMILY WINES,HARTFORD JACKSON LLC,FORESTVILLE,Sonoma,CA,95436-9255,8075 MARTINELLI RD,02,00509742,
HARTFORD FAMILY WINES,HARTFORD FAMILY WINES,HARTFORD JACKSON LLC,FORESTVILLE,Sonoma,CA,95436-9255,8075 MARTINELLI RD,02,00509742,30-JUN-2027
JOSEPH JEWELL WINES,JOSEPH JEWELL WINES,JOSEPH JEWELL WINES LLC,FORESTVILLE,Sonoma,CA,95436,6542 FRONT ST,02,00556693,30-JUN-2027
KARPE KANEM WINERY,KARPE KANEM WINERY,HASIN  ALVIN STUART,FORESTVILLE,Sonoma,CA,95436-9702,7380 HIDDEN LAKE RD,02,00581548,30-JUN-2027
LA ROSA MARKET,LA ROSA MARKET,R HERNANDEZ INC,FORESTVILLE,Sonoma,CA,95436-9687,6555 FRONT ST,41,00481084,31-JUL-2026
MATT CRUTCHFIELD WINES  LLC,MATT CRUTCHFIELD WINES  LLC,MATT CRUTCHFIELD WINES  LLC,FORESTVILLE,Sonoma,CA,95436-9424,6450 1ST ST UNIT D K L,02,00644029,30-JUN-2027
RUSSIAN RIVER PUB,RUSSIAN RIVER PUB,RUSSIAN RIVER PUB INC,FORESTVILLE,Sonoma,CA,95436-9365,11829 RIVER RD,47,00543530,31-AUG-2026
RYME WINE CELLARS,RYME WINE CELLARS,RYME CELLARS  LLC,FORESTVILLE,Sonoma,CA,95436-9424,6450 1ST,02,00584030,30-JUN-2026
RYME WINE CELLARS,RYME WINE CELLARS,RYME CELLARS  LLC,FORESTVILLE,Sonoma,CA,95436-9424,6450 1ST ST UNIT D K L J,02,00638403,30-JUN-2026
SAM'S MARKET #14,SAM'S MARKET #14,IBRAHIM  MOHAMMAD SALIM,FORESTVILLE,Sonoma,CA,95436-9749,10651 RIVER RD,20,00575920,28-FEB-2027
SONOMA PIZZA CO,SONOMA PIZZA CO,SONOMA STATION LLC,FORESTVILLE,Sonoma,CA,95436-9689,6615 FRONT ST,41,00633101,30-APR-2027
SPEER'S MARKET,SPEER'S MARKET,SAHAJ ENTERPRISES INC,FORESTVILLE,Sonoma,CA,95436-9693,7891 MIRABEL RD,21,00628938,
SPEER'S MARKET,SPEER'S MARKET,SAHAJ ENTERPRISES INC,FORESTVILLE,Sonoma,CA,95436-9693,7891 MIRABEL RD,21,00628938,31-AUG-2026
SRJC WINERY,SRJC WINERY,SANTA ROSA JUNIOR COLLEGE SHONE FARM FOUNDATION,FORESTVILLE,Sonoma,CA,95436-9450,7450 STEVE OLSON LN,02,00469600,30-JUN-2027
SUMMER HOME PARK IMPROVEMENT CLUB,SUMMER HOME PARK IMPROVEMENT CLUB,SUMMER HOME PARK IMPROVEMENT CLUB,FORESTVILLE,Sonoma,CA,95436-9326,9770 SUMMERHOME PARK RD,41,00045334,30-APR-2027
TANSY WINES,TANSY WINES,TANSY FIELDS  LLC,FORESTVILLE,Sonoma,CA,95436-9424,6450 1ST ST UNIT D K L,02,00639931,30-JUN-2027
TINY TOWN CAFE,TINY TOWN CAFE,EA  SREYPOV,FORESTVILLE,Sonoma,CA,95436-9686,6544 FRONT ST,41,00663725,30-JUN-2027
TROMBETTA FAMILY WINES,TROMBETTA FAMILY WINES,TROMBETTA FAMILY WINES LLC,FORESTVILLE,Sonoma,CA,95436-9438,129 NOLAN CT,02,00488720,30-JUN-2027
TROMBETTA FAMILY WINES,TROMBETTA FAMILY WINES,TROMBETTA FAMILY WINES LLC,FORESTVILLE,Sonoma,CA,95436-9438,129 NOLAN CT,17,00488720,31-MAY-2027
TROMBETTA FAMILY WINES,TROMBETTA FAMILY WINES,TROMBETTA FAMILY WINES LLC,FORESTVILLE,Sonoma,CA,95436-9438,129 NOLAN CT,20,00488720,31-MAY-2027
WINE GEMS DISTRIBUTION,WINE GEMS DISTRIBUTION,WINE GEMS DISTRIBUTION LLC,FORESTVILLE,Sonoma,CA,95436-9438,129 NOLAN CT,17,00614554,28-FEB-2027
YARROW WINE CO LLC,YARROW WINE CO LLC,YARROW WINE CO. LLC,FORESTVILLE,Sonoma,CA,95436-9424,6450 1ST ST UNIT D K L,02,00663407,30-JUN-2027
FULTON MARKET,FULTON MARKET,TRIPLE R FAMILY CORP,FULTON,Sonoma,CA,95439,1150 RIVER RD,21,00622357,31-JAN-2027
KENDALL-JACKSON WINE ESTATE & GARDENS,KENDALL-JACKSON WINE ESTATE & GARDENS,JACKSON FAMILY WINES INC,FULTON,Sonoma,CA,95439,5007 FULTON RD,02,00563115,30-JUN-2027
OLD WORLD WINERY,OLD WORLD WINERY,TROWBRIDGE  DAREK ALLEN,FULTON,Sonoma,CA,95439-8819,850 RIVER RD,02,00456002,30-JUN-2027
A. TORANO FAMILY WINES,A. TORANO FAMILY WINES,TORANO FAMILY VINEYARDS  INC,GEYSERVILLE,Sonoma,CA,95441-9335,21060 GEYSERVILLE AVE,02,00645840,30-JUN-2027
AJ'S MINI MART,AJ'S MINI MART,DHALIWAL FOOD & LIQUOR LLC,GEYSERVILLE,Sonoma,CA,95441,21079 GEYSERVILLE AVE UNIT 1,21,00645562,30-SEP-2026
BANNISTER WINES,BANNISTER WINES,BANNISTER WINES LLC,GEYSERVILLE,Sonoma,CA,95441-9334,21035 GEYSERVILLE AVE,02,00635643,
BANNISTER WINES,BANNISTER WINES,BANNISTER WINES LLC,GEYSERVILLE,Sonoma,CA,95441-9334,21035 GEYSERVILLE AVE,02,00635643,30-JUN-2026
CAMERON HUGHES WINE,CAMERON HUGHES WINE,CLARA STREET COMPANY,GEYSERVILLE,Sonoma,CA,95441-9325,300 VIA ARCHIMEDES,02,00468470,
CAROL SHELTON WINES,CAROL SHELTON WINES,SHELTON MACKENZIE WINE COMPANY,GEYSERVILLE,Sonoma,CA,95441-9492,4001 HIGHWAY 128,02,00553244,30-JUN-2026
CASTALIA WINES,CASTALIA WINES,BERING  TERRY LEE,GEYSERVILLE,Sonoma,CA,95441,20955 GEYSERVILLE AVE,20,00403511,31-JUL-2026
CASTALIA WINES,CASTALIA WINES,BERING  TERRY LEE,GEYSERVILLE,Sonoma,CA,95441,20955 GEYSERVILLE AVE,17,00403511,31-JUL-2026
CASTLE ROCK WINERY,CASTLE ROCK WINERY,SOUTH BAY WINE GROUP LLC,GEYSERVILLE,Sonoma,CA,95441-9325,300 VIA ARCHIMEDES,02,00519674,
COPA FINA WINE IMPORTS,COPA FINA WINE IMPORTS,COPA FINA WINE IMPORTS  LLC,GEYSERVILLE,Sonoma,CA,95441-9627,18850 HASSETT LN,02,00665412,30-JUN-2027
CRUX WINERY,CRUX WINERY,MICHAEL PATRICK WINE COMPANY  LLC,GEYSERVILLE,Sonoma,CA,95441-9627,18850 HASSETT LN,02,00547230,30-JUN-2027
CRUX WINERY,CRUX WINERY,MICHAEL PATRICK WINE COMPANY  LLC,GEYSERVILLE,Sonoma,CA,95441-9627,18850 HASSETT LN,93,00547230,30-JUN-2027
DRAXTON WINES,DRAXTON WINES,M. DRAXTON LLC,GEYSERVILLE,Sonoma,CA,95441,22281 CHIANTI RD,02,00670439,30-JUN-2026
DRIVE WINES,DRIVE WINES,DRIVE WINES LLC,GEYSERVILLE,Sonoma,CA,95441-9335,21060 GEYSERVILLE AVE,02,00641988,30-JUN-2026
ERIC ROSS WINERY,ERIC ROSS WINERY,ERIC ROSS WINERY LLC,GEYSERVILLE,Sonoma,CA,95441-9335,21060 GEYSERVILLE AVE,02,00643221,30-JUN-2026
FRANCIS COPPOLA WINERY,FRANCIS COPPOLA WINERY,DELICATO VINEYARDS  LLC,GEYSERVILLE,Sonoma,CA,95441-9325,300 VIA ARCHIMEDES,02,00633492,30-JUN-2027
FRANCIS COPPOLA WINERY,FRANCIS COPPOLA WINERY,DELICATO VINEYARDS  LLC,GEYSERVILLE,Sonoma,CA,95441-9325,300 VIA ARCHIMEDES,06,00633492,31-MAY-2027
FRANCIS COPPOLA WINERY,FRANCIS COPPOLA WINERY,DELICATO VINEYARDS  LLC,GEYSERVILLE,Sonoma,CA,95441-9325,300 VIA ARCHIMEDES,09,00633492,30-JUN-2027
FRANCIS COPPOLA WINERY,FRANCIS COPPOLA WINERY,DELICATO VINEYARDS  LLC,GEYSERVILLE,Sonoma,CA,95441-9325,300 VIA ARCHIMEDES,47,00633492,31-MAY-2027
FRANCIS COPPOLA WINERY,FRANCIS COPPOLA WINERY,DELICATO VINEYARDS  LLC,GEYSERVILLE,Sonoma,CA,95441-9325,300 VIA ARCHIMEDES,47,00633492,31-MAY-2027
FRANCIS COPPOLA WINERY,FRANCIS COPPOLA WINERY,DELICATO VINEYARDS  LLC,GEYSERVILLE,Sonoma,CA,95441-9325,300 VIA ARCHIMEDES,58,00633492,31-MAY-2027
FRICK WINERY,FRICK WINERY,FRICK  WILLIAM ROBERT,GEYSERVILLE,Sonoma,CA,95441,23072 WALLING RD,02,00222360,30-JUN-2027
GEYSERVILLE MARKET,GEYSERVILLE MARKET,GEYSERVILLE MARKET CORPORATION,GEYSERVILLE,Sonoma,CA,95441-9335,21010 GEYSERVILLE AVE,21,00583588,31-AUG-2026
GEYSERVILLE WINERY,GEYSERVILLE WINERY,DUCKHORN WINE COMPANY,GEYSERVILLE,Sonoma,CA,95441-9603,19410 GEYSERVILLE AVE,02,00654602,30-JUN-2027
GEYSERVILLE WINERY,GEYSERVILLE WINERY,DUCKHORN WINE COMPANY,GEYSERVILLE,Sonoma,CA,95441-9603,19410 GEYSERVILLE AVE,06,00654602,31-MAR-2027
GREGORY JAMES WINES,GREGORY JAMES WINES,PINES PARTNERS LLC,GEYSERVILLE,Sonoma,CA,95441-9479,8500 DRY CREEK RD,02,00655380,30-JUN-2026
HARTS DESIRE WINES,HARTS DESIRE WINES,HART  JOHN III,GEYSERVILLE,Sonoma,CA,95441-9627,18850 HASSETT LN,02,00500040,30-JUN-2026
HOFFMAN HOUSE FINE DELI,HOFFMAN HOUSE FINE DELI,BURKES MIRABEL PARK RESORT INC,GEYSERVILLE,Sonoma,CA,95441-9541,21712 GEYSERVILLE AVE,47,00324397,31-DEC-2026
HOFFMAN HOUSE FINE DELI,HOFFMAN HOUSE FINE DELI,BURKES MIRABEL PARK RESORT INC,GEYSERVILLE,Sonoma,CA,95441-9541,21712 GEYSERVILLE AVE,58,00324397,31-DEC-2026
IDLEWILD WINES,IDLEWILD WINES,IDLEWILD WINES INC,GEYSERVILLE,Sonoma,CA,95441-9627,18850 HASSETT LN,02,00546387,30-JUN-2026
IDLEWILD WINES,IDLEWILD WINES,OVERSHINE CELLARS  LLC,GEYSERVILLE,Sonoma,CA,95441-9627,18850 HASSETT LN,02,00657390,30-JUN-2027
JUPITER WINE COMPANY,JUPITER WINE COMPANY,JUPITER WINE COMPANY INC.,GEYSERVILLE,Sonoma,CA,95441-9627,18850 HASSETT LN,02,00635233,30-JUN-2026
KELLEY & YOUNG WINES,KELLEY & YOUNG WINES,KELLEY & YOUNG LLC,GEYSERVILLE,Sonoma,CA,95441-9610,5465 RED WINERY RD,02,00632933,30-JUN-2027
LACOUR WINE ESTATES,LACOUR WINE ESTATES,LACOUR WINE ESTATES LLC,GEYSERVILLE,Sonoma,CA,95441-9598,949 CANYON RD,17,00656227,31-JUL-2027
LACOUR WINE ESTATES,LACOUR WINE ESTATES,LACOUR WINE ESTATES LLC,GEYSERVILLE,Sonoma,CA,95441-9598,949 CANYON RD,20,00656227,31-JUL-2027
LAGO DI MERLO VINEYARDS & WINERY,LAGO DI MERLO VINEYARDS & WINERY,MERLO RANCH L-PSHIP,GEYSERVILLE,Sonoma,CA,95441,3495 SKAGGS SPRINGS RD,02,00437310,30-JUN-2027
LAMPSON FAMILY WINES,LAMPSON FAMILY WINES,LAMPSON FAMILY WINES LLC,GEYSERVILLE,Sonoma,CA,95441-9604,18955 INDEPENDENCE LN,02,00655608,30-JUN-2026
LEO STEEN WINES,LEO STEEN WINES,PRINCE STREET WINE COMPANY  LLC,GEYSERVILLE,Sonoma,CA,95441-9627,18850 HASSETT LN,02,00638702,30-JUN-2027
LIOCO WINE COMPANY,LIOCO WINE COMPANY,LIOCO WINE COMPANY  LLC,GEYSERVILLE,Sonoma,CA,95441,24625 CHIANTI RD,02,00660431,
LIOCO WINE COMPANY,LIOCO WINE COMPANY,LIOCO WINE COMPANY  LLC,GEYSERVILLE,Sonoma,CA,95441,24625 CHIANTI RD,02,00660431,30-JUN-2027
MICHAEL DAVID WINERY,MICHAEL DAVID WINERY,PHILLIPS FARMS  LLC,GEYSERVILLE,Sonoma,CA,95441,24625 CHIANTI RD,02,00585726,30-JUN-2027
MOSAIC WINERY,MOSAIC WINERY,STONECUSHION  INC.,GEYSERVILLE,Sonoma,CA,95441-9489,2001 HIGHWAY 128,02,00474764,30-JUN-2027
NORTH COAST WINE CO.,NORTH COAST WINE CO.,NCWC  LLC,GEYSERVILLE,Sonoma,CA,95441,24625 CHIANTI RD,02,00632314,30-JUN-2027
PALMERI WINES,PALMERI WINES,DAMSKEY FAMILY WINES LLC,GEYSERVILLE,Sonoma,CA,95441,422 WOODRIDGE RD,02,00464759,30-JUN-2027
PEDRONCELLI WINERY,PEDRONCELLI WINERY,J PEDRONCELLI WINERY,GEYSERVILLE,Sonoma,CA,95441-9638,1220 CANYON RD,02,00025074,
PEDRONCELLI WINERY,PEDRONCELLI WINERY,J PEDRONCELLI WINERY,GEYSERVILLE,Sonoma,CA,95441-9638,1220 CANYON RD,02,00025074,30-JUN-2027
PREVAIL WINERY,PREVAIL WINERY,FOLEY FAMILY WINES  INC.,GEYSERVILLE,Sonoma,CA,95441,2450 HIGHWAY 128,06,00618776,31-OCT-2026
PREVAIL WINERY,PREVAIL WINERY,FOLEY FAMILY WINES  INC.,GEYSERVILLE,Sonoma,CA,95441,2450 HIGHWAY 128,02,00618776,30-JUN-2027
RAFT WINES,RAFT WINES,REICHARDT  JENNIFER  JULIE,GEYSERVILLE,Sonoma,CA,95441-9627,18850 HASSETT LN,02,00645417,30-JUN-2026
RAMAZZOTTI WINES,RAMAZZOTTI WINES,RAMAZZOTTI WINES LLC,GEYSERVILLE,Sonoma,CA,95411-9332,100 SCHOOL HOUSE LN,02,00654454,30-JUN-2027
REVELSHINE WINES,REVELSHINE WINES,REVELSHINE OUTDOOR INTRINSICS  LLC,GEYSERVILLE,Sonoma,CA,95441-9627,18850 HASSETT LN,02,00633712,30-JUN-2026
ROBERT YOUNG ESTATE WINERY,ROBERT YOUNG ESTATE WINERY,ROBERT YOUNG ESTATE WINERY LLC,GEYSERVILLE,Sonoma,CA,95441-9573,4960 RED WINERY RD,02,00383131,30-JUN-2027
ROBERT YOUNG ESTATE WINERY,ROBERT YOUNG ESTATE WINERY,ROBERT YOUNG ESTATE WINERY LLC,GEYSERVILLE,Sonoma,CA,95441-9711,5102 RED WINERY RD,02,00597741,30-JUN-2027
ROOT DOWN WINE CELLARS,ROOT DOWN WINE CELLARS,ROOT DOWN WINE CELLARS LLC,GEYSERVILLE,Sonoma,CA,95441-9627,18850 HASSETT LN,02,00628192,30-JUN-2027
RUTH LEWANDOWSKI WINES,RUTH LEWANDOWSKI WINES,RUTH LEWANDOWSKI WINES  INC,GEYSERVILLE,Sonoma,CA,95441-9627,18850 HASSETT LN,02,00603560,30-JUN-2026
SHARE A SPLASH WINE CO,SHARE A SPLASH WINE CO,SHARE A SPLASH WINE CO.  LLC,GEYSERVILLE,Sonoma,CA,95441-9492,4001 HWY 128,02,00546385,
SHARE A SPLASH WINE CO,SHARE A SPLASH WINE CO,SHARE A SPLASH WINE CO.  LLC,GEYSERVILLE,Sonoma,CA,95441-9492,4001 HWY 128,02,00546385,30-JUN-2027
TRATTORE WINE,TRATTORE WINE,TWIN RIDGE ESTATES LLC,GEYSERVILLE,Sonoma,CA,95441-9444,7878 DRY CREEK RD,02,00555216,30-JUN-2027
TRENTADUE WINERY,TRENTADUE WINERY,TRENTADUE WINERY LLC,GEYSERVILLE,Sonoma,CA,95441-9528,19170 GEYSERVILLE AVE,02,00357982,
TRENTADUE WINERY,TRENTADUE WINERY,TRENTADUE WINERY LLC,GEYSERVILLE,Sonoma,CA,95441-9528,19170 GEYSERVILLE AVE,14,00357982,
TRENTADUE WINERY,TRENTADUE WINERY,TRENTADUE WINERY LLC,GEYSERVILLE,Sonoma,CA,95441-9528,19170 GEYSERVILLE AVE,02,00357982,30-JUN-2027
TRENTADUE WINERY,TRENTADUE WINERY,TRENTADUE WINERY LLC,GEYSERVILLE,Sonoma,CA,95441-9528,19170 GEYSERVILLE AVE,14,00357982,31-MAY-2027
TRENTADUE WINERY,TRENTADUE WINERY,TRENTADUE WINERY LLC,GEYSERVILLE,Sonoma,CA,95441-9528,19170 GEYSERVILLE AVE,81,00357982,30-JUN-2027
TRENTADUE WINERY,TRENTADUE WINERY,TRENTADUE WINERY LLC,GEYSERVILLE,Sonoma,CA,95441-9528,19170 GEYSERVILLE AVE,81,00357982,
V2 WINE GROUP,V2 WINE GROUP,V2 WINE GROUP LLC,GEYSERVILLE,Sonoma,CA,95441-9492,4001 HWY 128,02,00545429,
WILLIAMSON WINES,WILLIAMSON WINES,WILLIAMSON WINES  LLC,GEYSERVILLE,Sonoma,CA,95441-9492,4001 HIGHWAY 128,02,00637657,30-JUN-2027
ZIALENA WINES,ZIALENA WINES,ML WINES  LLC,GEYSERVILLE,Sonoma,CA,95441-9678,21112 RIVER RD,02,00577733,30-JUN-2027
ZIALENA WINES,ZIALENA WINES,ML WINES  LLC,GEYSERVILLE,Sonoma,CA,95441-9678,21112 RIVER RD,81,00577733,30-JUN-2027
ABBOTS PASSAGE WINERY & MERCANTILE,ABBOTS PASSAGE WINERY & MERCANTILE,ECHO ECHO  LLC,GLEN ELLEN,Sonoma,CA,95442-9522,777 MADRONE RD,02,00615882,30-JUN-2027
ADAIR FAMILY WINES  LLC,,ADAIR FAMILY WINES  LLC,GLEN ELLEN,Sonoma,CA,95442-9454,15000 HIGHWAY 12,17,00667226,30-APR-2027
ADAIR FAMILY WINES  LLC,,ADAIR FAMILY WINES  LLC,GLEN ELLEN,Sonoma,CA,95442-9454,15000 HIGHWAY 12,20,00667226,30-APR-2027
AHH WINERY,AHH WINERY,RECTOR  BRUCE HAYDEN,GLEN ELLEN,Sonoma,CA,95442,13470 MOUND AVE,02,00426422,30-JUN-2027
AMAND FAMILY WINE,AMAND FAMILY WINE,AMAND  NOEL,GLEN ELLEN,Sonoma,CA,95442-8728,3024 WARM SPRINGS RD,17,00575790,28-FEB-2027
ARROWOOD VINEYARDS AND WINERY,ARROWOOD VINEYARDS AND WINERY,JACKSON FAMILY WINES INC,GLEN ELLEN,Sonoma,CA,95442-9445,14347 SONOMA HWY,02,00456761,30-JUN-2027
AUDELSSA ESTATE WINERY,AUDELSSA ESTATE WINERY,AUDELSSA ESTATE WINERY LLC,GLEN ELLEN,Sonoma,CA,95442,13750 ARNOLD DR,02,00501881,
AUDELSSA ESTATE WINERY,AUDELSSA ESTATE WINERY,AUDELSSA ESTATE WINERY LLC,GLEN ELLEN,Sonoma,CA,95442-9734,3030 CAVEDALE RD,02,00398442,
B.R. COHN WINERY,B.R. COHN WINERY,VINTAGE WINE ESTATES  INC.,GLEN ELLEN,Sonoma,CA,95442-9454,15000 SONOMA HWY,02,00560342,
B.R. COHN WINERY,B.R. COHN WINERY,VINTAGE WINE ESTATES  INC.,GLEN ELLEN,Sonoma,CA,95442-9454,15000 SONOMA HWY,81,00560342,
B.R. COHN WINERY,B.R. COHN WINERY,VINTAGE WINE ESTATES  INC.,GLEN ELLEN,Sonoma,CA,95442-9454,15000 SONOMA HWY,02,00560342,
B.R. COHN WINERY,B.R. COHN WINERY,VINTAGE WINE ESTATES  INC.,GLEN ELLEN,Sonoma,CA,95442-9454,15000 SONOMA HWY,81,00560342,
B.R. COHN WINERY,B.R. COHN WINERY,ADAIR B.R. COHN  LLC,GLEN ELLEN,Sonoma,CA,95442-9454,15000 SONOMA HWY,02,00665038,30-JUN-2027
B.R. COHN WINERY,B.R. COHN WINERY,ADAIR B.R. COHN  LLC,GLEN ELLEN,Sonoma,CA,95442-9454,15000 SONOMA HWY,81,00665038,30-JUN-2027
BENZIGER FAMILY WINERY,BENZIGER FAMILY WINERY,THE WINE GROUP LLC,GLEN ELLEN,Sonoma,CA,95442-9728,1883 LONDON RANCH RD,02,00558236,30-JUN-2027
BENZIGER FAMILY WINERY,BENZIGER FAMILY WINERY,THE WINE GROUP LLC,GLEN ELLEN,Sonoma,CA,95442-9728,1883 LONDON RANCH RD,09,00558236,30-JUN-2027
BENZIGER FAMILY WINERY,BENZIGER FAMILY WINERY,THE WINE GROUP LLC,GLEN ELLEN,Sonoma,CA,95442,14335 SONOMA HWY,02,00629009,30-JUN-2026
BERTHOUD WINERY,BERTHOUD WINERY,BERTHOUD WINERY INC,GLEN ELLEN,Sonoma,CA,95442-9446,13101 ARNOLD DR,02,00470254,30-JUN-2027
DEERFIELD RANCH WINERY,DEERFIELD RANCH WINERY,REX  PAULETTE JANE,GLEN ELLEN,Sonoma,CA,95442,1310 WARM SPRINGS RD,02,00351531,30-JUN-2027
EN GARDE WINERY,EN GARDE WINERY,BELLEG WINE CELLARS INCORPORATED,GLEN ELLEN,Sonoma,CA,95442-9446,13101 ARNOLD DR,02,00545102,30-JUN-2027
ERIC ROSS WINERY,ERIC ROSS WINERY,ERIC ROSS WINERY LLC,GLEN ELLEN,Sonoma,CA,95442-9475,14300 ARNOLD DR,02,00478430,30-JUN-2026
FIG CAFE AND WINE BAR THE,FIG CAFE AND WINE BAR THE,GIRL AND THE FIG LLC THE,GLEN ELLEN,Sonoma,CA,95442,13690 ARNOLD DR,41,00333325,
GARDEN COURT CAFE,GARDEN COURT CAFE,THE GARDEN COURT LIMITED LIABILITY COMPANY,GLEN ELLEN,Sonoma,CA,95442-9318,13647 ARNOLD DR,41,00600580,31-DEC-2026
GLEN ELLEN VILLAGE MARKET #13,GLEN ELLEN VILLAGE MARKET #13,MAR-VAL FOOD STORE NO. 4  INC.,GLEN ELLEN,Sonoma,CA,95442,13751 ARNOLD DR,21,00602236,31-JAN-2027
GLEN ELLEN VILLAGE MARKET #13,GLEN ELLEN VILLAGE MARKET #13,MAR-VAL FOOD STORE NO. 4  INC.,GLEN ELLEN,Sonoma,CA,95442,13751 ARNOLD DR,86,00602236,31-JAN-2027
GLEN ELLEN VILLAGE MARKET INC,,GLEN ELLEN VILLAGE MARKET INC,GLEN ELLEN,Sonoma,CA,95442,13751 ARNOLD DR,21,00296452,
GLENLYON WINERY,GLENLYON WINERY,GLENLYON WINERY LLC,GLEN ELLEN,Sonoma,CA,95442,2750 JOHNS HILL RD,02,00469038,30-JUN-2027
GRAND SCHEME WINES LLC,GRAND SCHEME WINES LLC,GRAND SCHEME WINES  LLC,GLEN ELLEN,Sonoma,CA,95422-9427,14301 ARNOLD DR,02,00661603,30-JUN-2026
HALBY MARKETING INC,HALBY MARKETING INC,HALBY MARKETING INC,GLEN ELLEN,Sonoma,CA,95442,13716 ARNOLD DR,13,00551416,
HALBY MARKETING INC,HALBY MARKETING INC,HALBY MARKETING INC,GLEN ELLEN,Sonoma,CA,95442,13716 ARNOLD DR,17,00551416,
HALBY MARKETING INC,HALBY MARKETING INC,HALBY MARKETING INC,GLEN ELLEN,Sonoma,CA,95442,13716 ARNOLD DR,09,00551416,
HALBY MARKETING INC,HALBY MARKETING INC,HALBY MARKETING INC,GLEN ELLEN,Sonoma,CA,95442,13716 ARNOLD DR,13,00551416,31-OCT-2026
HALBY MARKETING INC,HALBY MARKETING INC,HALBY MARKETING INC,GLEN ELLEN,Sonoma,CA,95442,13716 ARNOLD DR,17,00551416,31-JUL-2026
HALBY MARKETING INC,HALBY MARKETING INC,HALBY MARKETING INC,GLEN ELLEN,Sonoma,CA,95442,13716 ARNOLD DR,20,00551416,31-JUL-2026
HALBY MARKETING INC,HALBY MARKETING INC,HALBY MARKETING INC,GLEN ELLEN,Sonoma,CA,95442,13716 ARNOLD DR,09,00551416,31-JUL-2026
HAMPTON FAMILY WINES,HAMPTON FAMILY WINES,HAMPTON  MARVIN CHARLES,GLEN ELLEN,Sonoma,CA,95442-8405,1697 WARM SPRINGS RD,17,00511707,31-JUL-2026
HAMPTON FAMILY WINES,HAMPTON FAMILY WINES,HAMPTON  MARVIN CHARLES,GLEN ELLEN,Sonoma,CA,95442-8405,1697 WARM SPRINGS RD,20,00511707,31-JUL-2026
IMAGERY ESTATE WINERY,IMAGERY ESTATE WINERY,THE WINE GROUP LLC,GLEN ELLEN,Sonoma,CA,95442,14335 SONOMA HWY,02,00558235,30-JUN-2027
IMAGERY ESTATE WINERY,IMAGERY ESTATE WINERY,THE WINE GROUP LLC,GLEN ELLEN,Sonoma,CA,95442,14335 SONOMA HWY,09,00558235,30-JUN-2027
KISMET WINE INC,KISMET WINE INC,KISMET WINE INC,GLEN ELLEN,Sonoma,CA,95442,776 MADRONE RD,17,00626647,31-MAR-2027
KISMET WINE INC,KISMET WINE INC,KISMET WINE INC,GLEN ELLEN,Sonoma,CA,95442,776 MADRONE RD,20,00626647,31-MAR-2027
KISMET WINE INC,KISMET WINE INC,KISMET WINE INC,GLEN ELLEN,Sonoma,CA,95442,776 MADRONE RD,02,00626647,30-JUN-2027
LA ROCHELLE WINES,LA ROCHELLE WINES,ARTISAN WINES OF CALIFORNIA  LLC,GLEN ELLEN,Sonoma,CA,95442-9667,13439 GIBSON ST,02,00661483,30-JUN-2026
LASSETER FAMILY WINERY,LASSETER FAMILY WINERY,LASSETER FAMILY WINERY LLC,GLEN ELLEN,Sonoma,CA,95442,3875 TRINITY RD,02,00588860,30-JUN-2027
LASSETER FAMILY WINERY,LASSETER FAMILY WINERY,LASSETER FAMILY WINERY LLC,GLEN ELLEN,Sonoma,CA,95442,3875 TRINITY RD,93,00588860,30-JUN-2027
LASSETER FAMILY WINERY LLC,LASSETER FAMILY WINERY LLC,LASSETER FAMILY WINERY LLC,GLEN ELLEN,Sonoma,CA,95442,ONE VINTAGE LN,02,00395613,30-JUN-2027
LITTLE VINEYARDS FAMILY WINERY,LITTLE VINEYARDS FAMILY WINERY,LITTLE VINEYARDS FAMILY WINERY LLC,GLEN ELLEN,Sonoma,CA,95442,15188 SONOMA HWY,02,00408129,30-JUN-2026
MAYO FAMILY WINERY,MAYO FAMILY WINERY,MAYO FAMILY WINERY,GLEN ELLEN,Sonoma,CA,95442-9446,13101 ARNOLD DR,02,00397303,30-JUN-2026
MAYO FAMILY WINERY,MAYO FAMILY WINERY,MAYO FAMILY WINERY,GLEN ELLEN,Sonoma,CA,95452,8811 SUMMERHILL LN,02,00397316,30-JUN-2026
MY WINES DIRECT INC,,MY WINES DIRECT INC,GLEN ELLEN,Sonoma,CA,95442,11600 DUNBAR RD,02,00440899,
PASSAGGIO WINES,PASSAGGIO WINES,PASSAGGIO WINES LLC,GLEN ELLEN,Sonoma,CA,95422-9427,14301 ARNOLD DR,02,00638952,30-JUN-2026
PIC & PAY MARKET,PIC & PAY MARKET,BHATTARAI  DINESH C,GLEN ELLEN,Sonoma,CA,95442-9473,15195 ARNOLD DR,21,00470214,31-MAR-2027
RANCHO MARKET & DELI,RANCHO MARKET & DELI,HASSAN  MOGEEB MOHAMED,GLEN ELLEN,Sonoma,CA,95442,929 MADRONE RD,20,00506141,31-JAN-2027
SCHERMEISTER WINERY,SCHERMEISTER WINERY,SCHERMEISTER  ROBERT WAYNE,GLEN ELLEN,Sonoma,CA,94558-9437,14301 ARNOLD DR,02,00582777,30-JUN-2027
THE JACK LONDON LODGE - RESTAURANT,THE JACK LONDON LODGE - RESTAURANT,JLR RESTAURANT INC,GLEN ELLEN,Sonoma,CA,95442-9321,13740 ARNOLD DR,47,00667968,28-FEB-2027
TWO AMIGOS WINERY,TWO AMIGOS WINERY,TWO AMIGOS WINERY LLC,GLEN ELLEN,Sonoma,CA,95442-9446,13101 ARNOLD DR,02,00535265,30-JUN-2027
VALLEY VIEW WINE SALES,VALLEY VIEW WINE SALES,ROBERTS  DENNIS EARL,GLEN ELLEN,Sonoma,CA,95442,1579 TRINITY RD,20,00421169,31-DEC-2026
VALLEY VIEW WINE SALES,VALLEY VIEW WINE SALES,ROBERTS  DENNIS EARL,GLEN ELLEN,Sonoma,CA,95442,1579 TRINITY RD,17,00421169,31-DEC-2026
VALLEY VIEW WINE SALES,VALLEY VIEW WINE SALES,ROBERTS  DENNIS EARL,GLEN ELLEN,Sonoma,CA,95442,1579 TRINITY RD,18,00421169,30-NOV-2026
VALLEY VIEW WINE SALES,VALLEY VIEW WINE SALES,ROBERTS  DENNIS EARL,GLEN ELLEN,Sonoma,CA,95442,1579 TRINITY RD,09,00421169,31-DEC-2026
VALLEY VIEW WINE SALES,VALLEY VIEW WINE SALES,ROBERTS  DENNIS EARL,GLEN ELLEN,Sonoma,CA,95442,1579 TRINITY RD,12,00421169,30-NOV-2026
VALLEY VIEW WINE SALES,VALLEY VIEW WINE SALES,ROBERTS  DENNIS EARL,GLEN ELLEN,Sonoma,CA,95442,1579 TRINITY RD,09,00421169,
VALLEY VIEW WINE SALES,VALLEY VIEW WINE SALES,ROBERTS  DENNIS EARL,GLEN ELLEN,Sonoma,CA,95442,1579 TRINITY RD,17,00421169,
VALLEY VIEW WINE SALES,VALLEY VIEW WINE SALES,ROBERTS  DENNIS EARL,GLEN ELLEN,Sonoma,CA,95442,1579 TRINITY RD,20,00421169,
WINE SNOB,WINE SNOB,SHIFT WINE LLC,GLEN ELLEN,Sonoma,CA,95442,969 CARQUINEZ AVE,02,00626503,30-JUN-2027
WINESAVAGE,WINESAVAGE,SAVAGE WINE  LLC,GLEN ELLEN,Sonoma,CA,95442-9325,938 HORN AVE,20,00607856,31-AUG-2026
WINESAVAGE,WINESAVAGE,SAVAGE WINE  LLC,GLEN ELLEN,Sonoma,CA,95442-9325,938 HORN AVE,17,00607856,31-AUG-2026
YETI RESTAURANT,YETI RESTAURANT,SOMNAME  NARAYAN B,GLEN ELLEN,Sonoma,CA,95442-9427,14301 ARNOLD DR,41,00463939,28-FEB-2027
DREYER WINE LLC,DREYER WINE LLC,DREYER WINE LLC,GRATON,Sonoma,CA,95444,9119 GRATON RD,02,00352309,
MD LIQUOR & FOOD,MD LIQUOR & FOOD,DHILLON  MANGAL SINGH,GRATON,Sonoma,CA,95444,9050 GRATON RD,21,00665912,31-OCT-2026
PURPLE WINE AND SPIRITS,PURPLE WINE AND SPIRITS,PURPLE WINE COMPANY  LLC,GRATON,Sonoma,CA,95444-9364,9119 GRATON RD,17,00385325,
PURPLE WINE AND SPIRITS,PURPLE WINE AND SPIRITS,PURPLE WINE COMPANY  LLC,GRATON,Sonoma,CA,95444-9373,9119 GRATON RD,02,00536264,
PURPLE WINE AND SPIRITS,PURPLE WINE AND SPIRITS,PURPLE WINE COMPANY  LLC,GRATON,Sonoma,CA,95444-9364,9119 GRATON RD,09,00385325,
SONOMA WINE COMPANY,SONOMA WINE COMPANY,SONOMA WINE COMPANY  LLC,GRATON,Sonoma,CA,95444-9364,9119 GRATON RD,09,00522720,
SONOMA WINE COMPANY,SONOMA WINE COMPANY,SONOMA WINE COMPANY  LLC,GRATON,Sonoma,CA,95444-9364,9119 GRATON RD,12,00522720,
SONOMA WINE COMPANY,SONOMA WINE COMPANY,SONOMA WINE COMPANY  LLC,GRATON,Sonoma,CA,95444-9364,9119 GRATON RD,14,00522720,
SONOMA WINE COMPANY,SONOMA WINE COMPANY,SONOMA WINE COMPANY  LLC,GRATON,Sonoma,CA,95444-9364,9119 GRATON RD,06,00522720,
SONOMA WINE COMPANY,SONOMA WINE COMPANY,SONOMA WINE COMPANY  LLC,GRATON,Sonoma,CA,95444-9364,9119 GRATON RD,05,00522720,
SONOMA WINE COMPANY,SONOMA WINE COMPANY,SONOMA WINE COMPANY  LLC,GRATON,Sonoma,CA,95444-9364,9119 GRATON RD,04,00522720,
SONOMA WINE COMPANY,SONOMA WINE COMPANY,SONOMA WINE COMPANY  LLC,GRATON,Sonoma,CA,95444-9364,9119 GRATON RD,02,00522720,
UNDERWOOD BAR & BISTRO,UNDERWOOD BAR & BISTRO,WILLOW UNDER WOOD INC,GRATON,Sonoma,CA,95444-9373,9113 GRATON RD,47,00368211,31-AUG-2026
WILLOW WOOD MARKET CAFE,WILLOW WOOD MARKET CAFE,WILLOW UNDER WOOD INC,GRATON,Sonoma,CA,95444,9020 GRATON RD,41,00368845,31-JUL-2026
EL BARRIO,EL BARRIO,ALBA FOODS  LLC,GUERNEVILLE,Sonoma,CA,95446-8300,16230 MAIN ST,48,00629830,31-OCT-2026
EL BARRIO,EL BARRIO,ALBA FOODS  LLC,GUERNEVILLE,Sonoma,CA,95446-8300,16230 MAIN ST,58,00629830,31-OCT-2026
EQUALITY WINES LLC,,EQUALITY WINES LLC,GUERNEVILLE,Sonoma,CA,95446-8300,16228 MAIN ST,85,00578185,28-FEB-2027
EQUALITY WINES LLC,,EQUALITY WINES LLC,GUERNEVILLE,Sonoma,CA,95446-8300,16215 MAIN ST,42,00579846,31-MAY-2026
GUERNEVILLE LIQUOR,GUERNEVILLE LIQUOR,MANAKAMANA INC,GUERNEVILLE,Sonoma,CA,95446-8300,16297 MAIN ST,21,00668969,31-JAN-2027
GUERNEVILLE LIQUORS,GUERNEVILLE LIQUORS,GUERNEVILLE LIQUOR CORPORATION,GUERNEVILLE,Sonoma,CA,95446-8300,16297 MAIN ST,21,00085131,
LA BODEGUITA MEXICAN GRILL # 2,LA BODEGUITA MEXICAN GRILL # 2,MENDEZ ESTRADA  JESUS,GUERNEVILLE,Sonoma,CA,95446,16380 MILL ST,41,00655974,31-MAY-2027
MD LIQUOR & FOOD,MD LIQUOR & FOOD,RUSSIAN RIVER INC.,GUERNEVILLE,Sonoma,CA,95446-9677,16316 MAIN ST,21,00626722,31-JAN-2027
OFF FELLOWS RECREATION CLUB,OFF FELLOWS RECREATION CLUB,ODD FELLOWS RECREATION CLUB,GUERNEVILLE,Sonoma,CA,95446-8515,13500 RIVERSIDE DR,51,00676269,30-APR-2027
PIKNIK TOWN MARKET,PIKNIK TOWN MARKET,PIKNIK TOWN MARKET LLC,GUERNEVILLE,Sonoma,CA,95446-8300,16228 MAIN ST,41,00654666,28-FEB-2027
SOUTHERN GLAZER'S WINE AND SPIRITS  LLC,,SOUTHERN GLAZER'S WINE AND SPIRITS  LLC,GUERNEVILLE,Sonoma,CA,95446-9593,13250 RIVER RD,17,00671872,31-OCT-2026
SOUTHERN GLAZER'S WINE AND SPIRITS  LLC,,SOUTHERN GLAZER'S WINE AND SPIRITS  LLC,GUERNEVILLE,Sonoma,CA,95446-9593,13250 RIVER RD,18,00671872,31-OCT-2026
THE WINE VAULT,THE WINE VAULT,GUERNEVILLE WINE COLLECTIVE LLC,GUERNEVILLE,Sonoma,CA,95446-8300,16290 MAIN ST,20,00666348,30-APR-2027
THREE CULTURES KITCHEN,THREE CULTURES KITCHEN,THREE CULTURES RESTAURANT  LLC,GUERNEVILLE,Sonoma,CA,95446-8300,16218 MAIN ST,41,00672185,31-OCT-2026
TRILLIUM WINEBAR AND TAPROOM,TRILLIUM WINEBAR AND TAPROOM,16222 MAIN STREET LLC,GUERNEVILLE,Sonoma,CA,95446-8300,16222 MAIN ST,41,00644927,30-SEP-2026
YOUNGS MARKET COMPANY,YOUNGS MARKET COMPANY,YOUNGS MARKET COMPANY LLC,GUERNEVILLE,Sonoma,CA,95446-9593,13250 RIVER RD,17,00336978,
YOUNGS MARKET COMPANY,YOUNGS MARKET COMPANY,YOUNGS MARKET COMPANY LLC,GUERNEVILLE,Sonoma,CA,95446-9593,13250 RIVER RD,18,00336978,
32 WINDS WINE,32 WINDS WINE,MASCARIN FAMILY ESTATES LLC,HEALDSBURG,Sonoma,CA,95448-9793,1010 DRY CREEK RD,02,00524050,30-JUN-2027
A RAFANELLI VINEYARDS AND WINERY,A RAFANELLI VINEYARDS AND WINERY,A RAFANELLI WINERY AND VINEYARDS L-PSHIP,HEALDSBURG,Sonoma,CA,95448,4685 W DRY CREEK RD,02,00421633,30-JUN-2027
ACRE PIZZA,ACRE PIZZA,ACRE GROUP LLC,HEALDSBURG,Sonoma,CA,95448-4010,44 MILL ST,41,00675480,31-JAN-2027
ACTA WINE,ACTA WINE,ACTA WINE  LLC,HEALDSBURG,Sonoma,CA,95448-8020,7505 HIGHWAY 128,02,00649715,30-JUN-2027
AESTHETE WINES,AESTHETE WINES,AESTHETE WINES LLC,HEALDSBURG,Sonoma,CA,95448-8210,5610 DRY CREEK RD,02,00657725,30-JUN-2027
AESTHETE WINES,AESTHETE WINES,AESTHETE WINES LLC,HEALDSBURG,Sonoma,CA,95448-8210,5610 DRY CREEK RD,09,00657725,30-JUN-2027
AGAVE MEXICAN RESTAURANT & BAR,AGAVE MEXICAN RESTAURANT & BAR,AGAVE MEXICAN RESTAURANT & BAR INC,HEALDSBURG,Sonoma,CA,95448-4829,1063 VINE ST,47,00500689,31-JUL-2026
AGAVE MEXICAN RESTAURANT & BAR,AGAVE MEXICAN RESTAURANT & BAR,AGAVE MEXICAN RESTAURANT & BAR INC,HEALDSBURG,Sonoma,CA,95448-4829,1063 VINE ST,58,00500689,31-JUL-2026
AMPHORA WINERY,AMPHORA WINERY,HUTCHINSON WINES INC,HEALDSBURG,Sonoma,CA,95448-9714,4791 DRY CREEK RD,02,00455180,30-JUN-2026
ANDAWAY WINES LLC,,ANDAWAY WINES LLC,HEALDSBURG,Sonoma,CA,95448-4003,25 HEALDSBURG AVE,02,00659809,30-JUN-2027
ANTHILL FARMS WINERY,ANTHILL FARMS WINERY,ANTHILL FARMS LLC,HEALDSBURG,Sonoma,CA,95448-9714,4791 DRY CREEK RD,02,00429057,30-JUN-2027
ARISTA WINERY,ARISTA WINERY,ARISTA WINES  LLC,HEALDSBURG,Sonoma,CA,95448-8326,7015 WESTSIDE RD,02,00454455,30-JUN-2027
ARISTA WINERY,ARISTA WINERY,ARISTA WINES  LLC,HEALDSBURG,Sonoma,CA,95448-4118,150 MATHESON ST,02,00667991,30-JUN-2027
ARNOT ROBERTS WINES,ARNOT ROBERTS WINES,ARNOT ROBERTS LLC,HEALDSBURG,Sonoma,CA,95448-4003,33 HEALDSBURG AVE,02,00513803,30-JUN-2027
ASAHI SUSHI & KITCHEN,ASAHI SUSHI & KITCHEN,ASIANA COTATI INC.,HEALDSBURG,Sonoma,CA,95448,335 HEALDSBURG AVE,41,00621760,30-NOV-2026
AUTEUR WINES,AUTEUR WINES,AUTEUR WINES LLC,HEALDSBURG,Sonoma,CA,95448-9393,10520 WOHLER RD,02,00664167,30-JUN-2027
AUTEUR WINES,AUTEUR WINES,AUTEUR WINES LLC,HEALDSBURG,Sonoma,CA,95448-9393,10520 WOHLER RD,09,00664167,30-JUN-2027
AZEVEDO RIDGE WINERY,AZEVEDO RIDGE WINERY,AZEVEDO RIDGE WINERY  LLC,HEALDSBURG,Sonoma,CA,95448-9327,5301 WESTSIDE RD,17,00565361,31-JAN-2027
AZEVEDO RIDGE WINERY,AZEVEDO RIDGE WINERY,AZEVEDO RIDGE WINERY  LLC,HEALDSBURG,Sonoma,CA,95448-9327,5301 WESTSIDE RD,20,00565361,31-JAN-2027
BACI CAFE & WINE BAR,BACI CAFE & WINE BAR,HOLMEFJORDSARABI  LISBETH,HEALDSBURG,Sonoma,CA,95448-4106,336 HEALDSBURG AVE,41,00500690,31-JUL-2026
BALDASSARI FAMILY WINES,BALDASSARI FAMILY WINES,BALDASSARI FAMILY WINES INC,HEALDSBURG,Sonoma,CA,95448-1540,1290 DRY CREEK RD,02,00570708,30-JUN-2026
BANNISTER WINES,BANNISTER WINES,BANNISTER WINES LLC,HEALDSBURG,Sonoma,CA,95448-9249,101 GRANT AVE,02,00568229,
BANNISTER WINES,BANNISTER WINES,BANNISTER WINES LLC,HEALDSBURG,Sonoma,CA,95448-9249,101 GRANT AVE,02,00568229,30-JUN-2026
BARNDIVA,BARNDIVA,BARNDIVA LLC,HEALDSBURG,Sonoma,CA,95448-4401,231-237 CENTER ST,47,00536763,30-JUN-2027
BARNDIVA,BARNDIVA,BARNDIVA LLC,HEALDSBURG,Sonoma,CA,95448-4401,231-237 CENTER ST,47,00536763,30-JUN-2027
BARNDIVA,BARNDIVA,BARNDIVA LLC,HEALDSBURG,Sonoma,CA,95448-4401,231-237 CENTER ST,68,00536763,30-JUN-2027
BIG JOHN'S MARKET,BIG JOHN'S MARKET,DRY CREEK VENTURES INC,HEALDSBURG,Sonoma,CA,95448-3246,1345 HEALDSBURG AVE,21,00523244,31-JUL-2026
BIG JOHN'S MARKET,BIG JOHN'S MARKET,DRY CREEK VENTURES INC,HEALDSBURG,Sonoma,CA,95448-3246,1345 HEALDSBURG AVE,42,00523244,31-JUL-2026
BLAGDEN WINES,BLAGDEN WINES,VERSATILE VINES LLC,HEALDSBURG,Sonoma,CA,95448-9330,851 MAGNOLIA DR,02,00535847,30-JUN-2026
BOB CABRAL WINES,BOB CABRAL WINES,BOB CABRAL WINE CONSULTING  LLC,HEALDSBURG,Sonoma,CA,95448-9684,890 CHIQUITA RD,02,00571918,30-JUN-2027
BOLLYWOOD KITCHEN,BOLLYWOOD KITCHEN,JAYA MATA  INC,HEALDSBURG,Sonoma,CA,95448-4829,1047 VINE ST,41,00642520,30-NOV-2026
BRANHAM ESTATE WINES,BRANHAM ESTATE WINES,BRANHAM  GARY RICHARD,HEALDSBURG,Sonoma,CA,95448-9747,1929 W DRY CREEK RD,17,00437731,30-JUN-2026
BRANHAM ESTATE WINES,BRANHAM ESTATE WINES,BRANHAM  GARY RICHARD,HEALDSBURG,Sonoma,CA,95448-9747,1929 W DRY CREEK RD,20,00437731,30-JUN-2026
BRAVAS BAR DE TAPAS,BRAVAS BAR DE TAPAS,TAPAS & TAPS  INC.,HEALDSBURG,Sonoma,CA,95448-3808,420 CENTER ST,47,00519823,30-APR-2027
BREATHLESS WINES,BREATHLESS WINES,BREATHLESS  LLC,HEALDSBURG,Sonoma,CA,95448-4825,499 MOORE LN,02,00614329,30-JUN-2026
BRULIAM WINES,BRULIAM WINES,BRULIAM WINES  LLC,HEALDSBURG,Sonoma,CA,95448-9503,8112 CHALK HILL RD,02,00531118,30-JUN-2027
BUCHER WINES,BUCHER WINES,J AND D BUCHER ENTERPRISES  INC.,HEALDSBURG,Sonoma,CA,95448-9326,5293 WESTSIDE RD,02,00560919,30-JUN-2026
CADLE FAMILY WINES,CADLE FAMILY WINES,CADLE FAMILY WINES  LLC,HEALDSBURG,Sonoma,CA,95448-4003,25 HEALDSBURG AVE,02,00621079,30-JUN-2026
CALAFIA WINES,CALAFIA WINES,JOHNSON  RANDLE G,HEALDSBURG,Sonoma,CA,95448-9330,851 MAGNOLIA DR,02,00617202,30-JUN-2027
CAPO CREEK WINERY,CAPO CREEK WINERY,E STRING CELLARS  LLC,HEALDSBURG,Sonoma,CA,95448-8117,7171 WEST DRY CREEK RD,02,00547315,30-JUN-2027
CAZADERO WINERY,CAZADERO WINERY,CAZADERO WINERY LLC,HEALDSBURG,Sonoma,CA,95448-4003,25 HEALDSBURG AVE,02,00641819,30-JUN-2026
CERITAS WINES,CERITAS WINES,CERITAS WINES LLC,HEALDSBURG,Sonoma,CA,95448,60 W NORTH ST,02,00557009,30-JUN-2027
CHALK HILL ESTATE WINERY,CHALK HILL ESTATE WINERY,FOLEY FAMILY WINES  INC.,HEALDSBURG,Sonoma,CA,95448-9558,10300 CHALK HILL RD,02,00507231,
CHALK HILL ESTATE WINERY,CHALK HILL ESTATE WINERY,FOLEY FAMILY WINES  INC.,HEALDSBURG,Sonoma,CA,95448-9558,10309 CHALK HILL RD,02,00507377,
CHALK HILL ESTATE WINERY,CHALK HILL ESTATE WINERY,FOLEY FAMILY WINES  INC.,HEALDSBURG,Sonoma,CA,95448-9558,10300 CHALK HILL RD,02,00507231,30-JUN-2027
CHARLES KRUG WINERY,CHARLES KRUG WINERY,C. MONDAVI & FAMILY,HEALDSBURG,Sonoma,CA,95448-4825,499 MOORE LN,02,00651497,30-JUN-2026
CHRONICLE WINES,CHRONICLE WINES,CHRONICLE WINES INC,HEALDSBURG,Sonoma,CA,95448-9330,851 MAGNOLIA DR,02,00507192,
CHRONICLE WINES,CHRONICLE WINES,CHRONICLE WINES INC,HEALDSBURG,Sonoma,CA,95448-9330,851 MAGNOLIA DR,02,00507192,30-JUN-2026
COBB WINES,COBB WINES,COBB WINES  LLC,HEALDSBURG,Sonoma,CA,95448-4106,328 HEALDSBURG AVE,02,00668547,30-JUN-2026
COMSTOCK WINES,COMSTOCK WINES,COMSTOCK WINES  LLC,HEALDSBURG,Sonoma,CA,95448-1540,1290 DRY CREEK RD,02,00548600,30-JUN-2027
COMSTOCK WINES,COMSTOCK WINES,COMSTOCK WINES  LLC,HEALDSBURG,Sonoma,CA,95448,14210 BACCHUS LANDING WAY,02,00659796,30-JUN-2026
COMSTOCK WINES,COMSTOCK WINES,COMSTOCK WINES  LLC,HEALDSBURG,Sonoma,CA,95448-1540,1290 DRY CREEK RD,02,00548600,
COPAIN WINE CELLARS,COPAIN WINE CELLARS,JACKSON FAMILY WINES INC,HEALDSBURG,Sonoma,CA,95448-9375,7800 EASTSIDE RD,02,00575757,30-JUN-2027
COPPER BEAR WINES,COPPER BEAR WINES,COPPER BEAR WINES LLC,HEALDSBURG,Sonoma,CA,95448-8082,1702 LATIGO LN,17,00637619,30-JUN-2027
COPPER BEAR WINES,COPPER BEAR WINES,COPPER BEAR WINES LLC,HEALDSBURG,Sonoma,CA,95448-8082,1702 LATIGO LN,20,00637619,30-JUN-2027
COSTEAUX FRENCH BAKERY & CAFE,COSTEAUX FRENCH BAKERY & CAFE,COSTEAUX FRENCH BAKERY INC,HEALDSBURG,Sonoma,CA,95448-3814,417 HEALDSBURG AVE,41,00255142,
COSTEAUX FRENCH BAKERY & CAFE,COSTEAUX FRENCH BAKERY & CAFE,COSTEAUX FRENCH BAKERY INC,HEALDSBURG,Sonoma,CA,95448-3814,417 HEALDSBURG AVE,41,00255142,28-FEB-2027
CROWN WINE SHIPPING,CROWN WINE SHIPPING,HEALDSBURG SHIPPING COMPANY  LLC,HEALDSBURG,Sonoma,CA,95448-9248,101 GRANT AVE,14,00606426,30-APR-2027
CVS PHARMACY STORE 1173,CVS PHARMACY STORE 1173,GARFIELD BEACH CVS LLC,HEALDSBURG,Sonoma,CA,95448,455 CENTER ST,21,00477885,31-MAY-2027
DAVERO FARMS & WINERY,DAVERO FARMS & WINERY,DAVERO SONOMA INC,HEALDSBURG,Sonoma,CA,95448-9334,766 WESTSIDE RD,02,00513277,30-JUN-2027
DE LA MONTANYA WINERY & VINEYARDS,DE LA MONTANYA WINERY & VINEYARDS,DE LA MONTANYA WINERY INC,HEALDSBURG,Sonoma,CA,95448-9464,999 FOREMAN LN,02,00510934,30-JUN-2026
DEL CARLO WINERY,DEL CARLO WINERY,TELDESCHI  LORI ANN,HEALDSBURG,Sonoma,CA,95448-9129,9611 W DRY CREEK RD,02,00457536,30-JUN-2027
DEL CARLO WINERY,DEL CARLO WINERY,TELDESCHI  LORI ANN,HEALDSBURG,Sonoma,CA,95448-9784,4939 DRY CREEK RD,02,00483262,30-JUN-2027
DEUX AMIS WINERY,DEUX AMIS WINERY,JPPZ  INC..,HEALDSBURG,Sonoma,CA,95448-1540,1290 DRY CREEK RD,02,00572007,30-JUN-2027
DK WINE GROUP  LLC,,DK WINE GROUP  LLC,HEALDSBURG,Sonoma,CA,95448-9827,14210 BACCHUS LANDING WAY STE 300,02,00628751,30-JUN-2026
DOLLAR TREE STORE 2262,DOLLAR TREE STORE 2262,DOLLAR TREE STORES INC,HEALDSBURG,Sonoma,CA,95448,1041 VINE ST,20,00403353,30-SEP-2026
DOMAINE ST GEORGE WINERY,DOMAINE ST GEORGE WINERY,DOMAINE ST GEORGE,HEALDSBURG,Sonoma,CA,95448-9570,1141 GRANT AVE,02,00250398,30-JUN-2027
DOMAINE ST GEORGE WINERY,DOMAINE ST GEORGE WINERY,DOMAINE ST GEORGE,HEALDSBURG,Sonoma,CA,95448-9570,1141 GRANT AVE,14,00250398,30-JUN-2027
DOMAINE ST GEORGE WINERY,DOMAINE ST GEORGE WINERY,DOMAINE ST GEORGE,HEALDSBURG,Sonoma,CA,95448-9570,1141 GRANT AVE,09,00250398,30-JUN-2027
DRAXTON WINE STORAGE,DRAXTON WINE STORAGE,DRAXTON WINE STORAGE  LLC,HEALDSBURG,Sonoma,CA,95448-4711,1431 GROVE ST,02,00566642,30-JUN-2026
DRAXTON WINE STORAGE,DRAXTON WINE STORAGE,DRAXTON WINE STORAGE  LLC,HEALDSBURG,Sonoma,CA,95448-4700,1452 GROVE ST,02,00567343,30-JUN-2026
DRAXTON WINES,DRAXTON WINES,M. DRAXTON LLC,HEALDSBURG,Sonoma,CA,95448-4711,1431 GROVE ST,02,00644017,30-JUN-2026
DREWISH DELI,DREWISH DELI,HEALDSBURG BAGEL INC.,HEALDSBURG,Sonoma,CA,95448,11 MITCHELL LN,41,00676168,31-MAR-2027
DRIVE WINES,DRIVE WINES,DRIVE WINES LLC,HEALDSBURG,Sonoma,CA,95448-1540,1290 DRY CREEK RD,02,00641889,30-JUN-2026
DRY CREEK GENERAL STORE,DRY CREEK GENERAL STORE,DCGS LLC,HEALDSBURG,Sonoma,CA,95448-9712,3495 DRY CREEK RD,41,00379497,30-SEP-2026
DRY CREEK GENERAL STORE,DRY CREEK GENERAL STORE,DCGS LLC,HEALDSBURG,Sonoma,CA,95448-9712,3495 DRY CREEK RD,41,00379497,
DUE RUSCELLI WINERY,DUE RUSCELLI WINERY,SLOAN FAMILY WINERY  LLC,HEALDSBURG,Sonoma,CA,95448,994 LIMERICK LN,02,00603232,30-JUN-2027
DUTCHER CROSSING WINERY,DUTCHER CROSSING WINERY,MATHY WINERY LLC,HEALDSBURG,Sonoma,CA,95448,8533 DRY CREEK RD,02,00451443,30-JUN-2026
DUTCHER CROSSING WINERY,DUTCHER CROSSING WINERY,MATHY WINERY LLC,HEALDSBURG,Sonoma,CA,95448,8533 DRY CREEK RD,11,00451443,30-JUN-2026
ECO TERRENO WINES,ECO TERRENO WINES,ECO TERRENO WINES  INC.,HEALDSBURG,Sonoma,CA,95448-8230,2859 DRY CREEK RD,02,00560923,30-JUN-2027
EHRET FAMILY WINERY,EHRET FAMILY WINERY,BAVARIAN LION WINERY LLC,HEALDSBURG,Sonoma,CA,95448-9406,2306 MAGNOLIA DR,02,00653569,30-JUN-2027
EHRET FAMILY WINERY,EHRET FAMILY WINERY,BAVARIAN LION WINERY LLC,HEALDSBURG,Sonoma,CA,95448-3815,422 HEALDSBURG AVE,02,00626697,30-JUN-2027
EL TACO GRANDE,EL TACO GRANDE,FLORES  GUADALUPE,HEALDSBURG,Sonoma,CA,95448,425 CENTER ST,41,00328917,31-MAR-2027
ELEVATION WINE LLC,ELEVATION WINE LLC,ELEVATION CUSTOM CRUSH LLC,HEALDSBURG,Sonoma,CA,95448-4010,20 MILL ST,02,00638432,30-JUN-2027
EMMITT SCORSONE WINES,EMMITT SCORSONE WINES,EMMITT-SCORSONE WINES LLC,HEALDSBURG,Sonoma,CA,95448,50 FRONT ST,02,00671131,30-JUN-2026
EPICUREAN KITCHEN,EPICUREAN KITCHEN,WILLIAMSON WINES  LLC,HEALDSBURG,Sonoma,CA,95448-4132,235 HEALDSBURG AVE STE 105,41,00625021,31-MAY-2027
ESTATE 1856 WINES,ESTATE 1856 WINES,ESTATE 1856 WINES LLC,HEALDSBURG,Sonoma,CA,95448-9198,5796 DRY CREEK RD,02,00443686,30-JUN-2026
ESTATE 1856 WINES,ESTATE 1856 WINES,ESTATE 1856 WINES LLC,HEALDSBURG,Sonoma,CA,95448-8230,2859 DRY CREEK RD,02,00511983,30-JUN-2026
FANTASMA WINE COMPANY LLC,FANTASMA WINE COMPANY LLC,FANTASMA WINE COMPANY LLC,HEALDSBURG,Sonoma,CA,95448-9122,435 W DRY CREEK RD,02,00622287,30-JUN-2026
FATHER & SON WINES,FATHER & SON WINES,OTIS WINES LLC,HEALDSBURG,Sonoma,CA,95448-3734,771 ROSE AVE,17,00578176,28-FEB-2027
FATHER & SON WINES,FATHER & SON WINES,OTIS WINES LLC,HEALDSBURG,Sonoma,CA,95448-3734,771 ROSE AVE,20,00578176,28-FEB-2027
FERRARI-CARANO VINEYARDS & WINERY,FERRARI-CARANO VINEYARDS & WINERY,FOLEY FAMILY WINES  INC.,HEALDSBURG,Sonoma,CA,95448,8761 DRY CREEK RD,02,00618827,30-JUN-2027
FERRARI-CARANO VINEYARDS & WINERY,FERRARI-CARANO VINEYARDS & WINERY,FOLEY FAMILY WINES  INC.,HEALDSBURG,Sonoma,CA,95448,8761 DRY CREEK RD,06,00618827,30-NOV-2026
FIVE S WINES,FIVE S WINES,FIVE S WINES LLC,HEALDSBURG,Sonoma,CA,95448-8018,7398 HIGHWAY 128,02,00568172,30-JUN-2026
FIVE S WINES,FIVE S WINES,FIVE S WINES LLC,HEALDSBURG,Sonoma,CA,95448-9182,2507 DRY CREEK RD,02,00604645,30-JUN-2026
FLAMBEAUX WINE,FLAMBEAUX WINE,FLAMBEAUX WINE  LLC,HEALDSBURG,Sonoma,CA,95448-9121,1333 JACK PINE RD,02,00567960,
FLAMBEAUX WINE,FLAMBEAUX WINE,FLAMBEAUX WINE  LLC,HEALDSBURG,Sonoma,CA,95448-9121,1333 JACK PINE RD,02,00567960,30-JUN-2026
FLOWERS VINEYARD AND WINERY,FLOWERS VINEYARD AND WINERY,HUNEEUS WINES LLC,HEALDSBURG,Sonoma,CA,95448-9456,4035 WESTSIDE RD,02,00611379,30-JUN-2027
FLYTE WINES,FLYTE WINES,FLYTE WINES LLC,HEALDSBURG,Sonoma,CA,95448-3710,621 BROWN ST,16,00665971,30-NOV-2026
FORCHINI VINEYARDS & WINERY,FORCHINI VINEYARDS & WINERY,FORCHINI VINEYARDS  LLC,HEALDSBURG,Sonoma,CA,95448,5141 DRY CREEK RD,02,00650310,30-JUN-2027
FREERUN WINERY SERVICES  LLC,,FREERUN WINERY SERVICES  LLC,HEALDSBURG,Sonoma,CA,95448-4461,431 HUDSON ST,02,00616492,30-JUN-2027
FREERUN WINERY SERVICES LLC,FREERUN WINERY SERVICES LLC,FREERUN WINERY SERVICES  LLC,HEALDSBURG,Sonoma,CA,95448-4825,499 MOORE LN,02,00616489,30-JUN-2027
FURTHERMORE WINES,FURTHERMORE WINES,FURTHERMORE LLC,HEALDSBURG,Sonoma,CA,95448-4106,328 HEALDSBURG AVE,02,00629125,30-JUN-2027
G7 WINE COMPANY LLC,,G7 WINE COMPANY LLC,HEALDSBURG,Sonoma,CA,95448-9148,2305 LYTTON SPRINGS RD,02,00639242,30-JUN-2027
G7 WINE COMPANY LLC,,G7 WINE COMPANY LLC,HEALDSBURG,Sonoma,CA,95448-8230,2859 DRY CREEK RD,02,00664811,30-JUN-2027
GARY FARRELL WINERY,GARY FARRELL WINERY,GF WINES  LLC,HEALDSBURG,Sonoma,CA,95448-8355,10701 WESTSIDE RD,02,00511176,
GARY FARRELL WINERY,GARY FARRELL WINERY,GF WINES  LLC,HEALDSBURG,Sonoma,CA,95448-8355,10701 WESTSIDE RD,02,00511176,30-JUN-2027
GEORGE WINE COMPANY LLC,GEORGE WINE COMPANY LLC,GEORGE WINE COMPANY  LLC,HEALDSBURG,Sonoma,CA,95448-8346,10295 WESTSIDE RD,02,00524373,30-JUN-2026
GIORGIO'S ITALIAN RESTAURANT,GIORGIO'S ITALIAN RESTAURANT,ANASTASIO MARKETING GROUP  LLC,HEALDSBURG,Sonoma,CA,95448-9563,25 GRANT AVE,47,00522140,31-JAN-2027
GIVE BACK WINE GROUP LLC,GIVE BACK WINE GROUP LLC,GIVE BACK WINE GROUP LLC,HEALDSBURG,Sonoma,CA,95448-4010,20 MILL ST,02,00658671,30-JUN-2027
GRACIANNA WINERY,GRACIANNA WINERY,GRACIANNA INC,HEALDSBURG,Sonoma,CA,95448-8354,6914 WESTSIDE RD,02,00519938,30-JUN-2027
GRANJERO WINE CO. LLC,GRANJERO WINE CO. LLC,GRANJERO WINE COMPANY LLC,HEALDSBURG,Sonoma,CA,95448-4836,1635 WINDING CREEK WAY,17,00645391,31-MAR-2027
GRANJERO WINE CO. LLC,GRANJERO WINE CO. LLC,GRANJERO WINE COMPANY LLC,HEALDSBURG,Sonoma,CA,95448-4836,1635 WINDING CREEK WAY,20,00645391,31-MAR-2027
GRAPESEED WINE FUND,GRAPESEED WINE FUND,GRAPESEED WINE FUND LLC,HEALDSBURG,Sonoma,CA,95448-4104,222 HEALDSBURG AVE,02,00583315,30-JUN-2027
GRAPESEED WINE FUND,GRAPESEED WINE FUND,GRAPESEED WINE FUND LLC,HEALDSBURG,Sonoma,CA,95448-4104,222 HEALDSBURG AVE,17,00583315,31-OCT-2026
GRAPESEED WINE FUND,GRAPESEED WINE FUND,GRAPESEED WINE FUND LLC,HEALDSBURG,Sonoma,CA,95448-4104,222 HEALDSBURG AVE,20,00583315,31-OCT-2026
GRAPESEED WINE FUND,GRAPESEED WINE FUND,GRAPESEED WINE FUND LLC,HEALDSBURG,Sonoma,CA,95448-4003,25 HEALDSBURG AVE,02,00608536,30-JUN-2027
GRAPESEED WINE FUND,GRAPESEED WINE FUND,GRAPESEED WINE FUND LLC,HEALDSBURG,Sonoma,CA,95448-4104,222 HEALDSBURG AVE,09,00583315,31-OCT-2026
GREGORY JAMES WINES,GREGORY JAMES WINES,PINES PARTNERS LLC,HEALDSBURG,Sonoma,CA,95448-1540,1290 DRY CREEK RD,02,00592781,30-JUN-2027
GROOM WINES,GROOM WINES,LISA LISA INCORPORATED,HEALDSBURG,Sonoma,CA,95448-8232,2111 MILL CREEK RD,17,00466219,30-NOV-2026
GROOM WINES,GROOM WINES,LISA LISA INCORPORATED,HEALDSBURG,Sonoma,CA,95448-8232,2111 MILL CREEK RD,20,00466219,30-NOV-2026
GROOM WINES,GROOM WINES,LISA LISA INCORPORATED,HEALDSBURG,Sonoma,CA,95448-8232,2111 MILL CREEK RD,09,00466219,30-NOV-2026
GUADAGNI FAMILY WINES,GUADAGNI FAMILY WINES,GUADAGNI FAMILY WINES  LLC,HEALDSBURG,Sonoma,CA,95448-9716,2060 YOAKIM BRIDGE RD,02,00517279,30-JUN-2026
GUADAGNI FAMILY WINES,GUADAGNI FAMILY WINES,GUADAGNI FAMILY WINES  LLC,HEALDSBURG,Sonoma,CA,95448-9406,2306 MAGNOLIA DR,02,00655402,30-JUN-2026
HALL WINES,HALL WINES,HALL WINES  LLC,HEALDSBURG,Sonoma,CA,95448-9333,779 WESTSIDE RD,02,00607434,30-JUN-2027
HANNA WINERY INC,HANNA WINERY INC,HANNA WINERY INC,HEALDSBURG,Sonoma,CA,95448-8028,9280 HIGHWAY 128,02,00299254,30-JUN-2027
HANNA WINERY INC,HANNA WINERY INC,HANNA WINERY INC,HEALDSBURG,Sonoma,CA,95448-8028,9280 HIGHWAY 128,81,00299254,30-JUN-2027
HARTFORD FAMILY WINERY,HARTFORD FAMILY WINERY,HARTFORD JACKSON LLC,HEALDSBURG,Sonoma,CA,95448-4105,331 HEALDSBURG AVE,02,00544623,
HARTFORD FAMILY WINERY,HARTFORD FAMILY WINERY,HARTFORD JACKSON LLC,HEALDSBURG,Sonoma,CA,95448-4105,331 HEALDSBURG AVE,02,00544623,30-JUN-2027
HAWLEY WINERY,HAWLEY WINERY,JOHN HAWLEY WINES INC,HEALDSBURG,Sonoma,CA,95448-3804,36 NORTH ST,02,00484100,30-JUN-2026
HAWLEY WINERY,HAWLEY WINERY,JOHN HAWLEY WINES INC,HEALDSBURG,Sonoma,CA,95448,6387 W DRY CREEK RD,02,00330228,30-JUN-2026
HEALDSBURG BAR & GRILL,HEALDSBURG BAR & GRILL,HBG 2 LLC,HEALDSBURG,Sonoma,CA,95448-4103,245 HEALDSBURG AVE,77,00669963,31-AUG-2026
HEALDSBURG BAR & GRILL,HEALDSBURG BAR & GRILL,HBG 2 LLC,HEALDSBURG,Sonoma,CA,95448-4103,245 HEALDSBURG AVE,58,00669963,31-AUG-2026
HEALDSBURG BAR & GRILL,HEALDSBURG BAR & GRILL,HBG 2 LLC,HEALDSBURG,Sonoma,CA,95448-4103,245 HEALDSBURG AVE,47,00669963,31-AUG-2026
HEALDSBURG BUBBLE BAR,HEALDSBURG BUBBLE BAR,HEALDSBURG BUBBLE CLUB LLC,HEALDSBURG,Sonoma,CA,95448-3822,134 NORTH ST,42,00650965,30-NOV-2026
HEALDSBURG GOLF CLUB,HEALDSBURG GOLF CLUB,TAYMAN PARK GOLF GROUP INC,HEALDSBURG,Sonoma,CA,95448-4609,927 S FITCH MOUNTAIN RD,47,00361341,
HEALDSBURG GOLF CLUB,HEALDSBURG GOLF CLUB,TAYMAN PARK GOLF GROUP INC,HEALDSBURG,Sonoma,CA,95448-4609,927 S FITCH MOUNTAIN RD,47,00361341,31-MAR-2027
HEALDSBURG GOLF CLUB,HEALDSBURG GOLF CLUB,TAYMAN PARK GOLF GROUP INC,HEALDSBURG,Sonoma,CA,95448-4609,927 S FITCH MOUNTAIN RD,47,00361341,31-MAR-2027
HEALDSBURG LIQUOR AND MARKET,HEALDSBURG LIQUOR AND MARKET,RSTP INC,HEALDSBURG,Sonoma,CA,95448-3835,427 CENTER ST,21,00623068,30-APR-2027
HEALDSBURGER LLC,HEALDSBURGER LLC,HEALDSBURGER LLC,HEALDSBURG,Sonoma,CA,95448-4023,48 HEALDSBURG AVE,41,00623161,31-JAN-2027
IDLEWILD WINES,IDLEWILD WINES,OVERSHINE CELLARS  LLC,HEALDSBURG,Sonoma,CA,95448-4114,132 PLAZA ST,02,00657399,30-JUN-2027
IGGYS ORGANIC BURGER,IGGYS ORGANIC BURGER,CDM BRANDS LLC,HEALDSBURG,Sonoma,CA,95448-4113,109 PLAZA ST,41,00651077,30-SEP-2026
INIZI WINES,INIZI WINES,TWO WORLDS WINE COMPANY  LLC,HEALDSBURG,Sonoma,CA,95448-4435,5 FITCH ST,02,00568860,30-JUN-2027
J VINEYARDS & WINERY,J VINEYARDS & WINERY,E. & J. GALLO WINERY,HEALDSBURG,Sonoma,CA,95448-9523,11447 OLD REDWOOD HWY,02,00555933,30-JUN-2027
JACKSON FAMILY WINES INC,,JACKSON FAMILY WINES INC,HEALDSBURG,Sonoma,CA,95448,10075 HIGHWAY 128,02,00577574,30-JUN-2027
JDW AND ASSOCIATES WINE COMPANY,JDW AND ASSOCIATES WINE COMPANY,JDW AND ASSOCIATES WINE COMPANY  LLC,HEALDSBURG,Sonoma,CA,95448-8346,10295 WESTSIDE RD,02,00669289,30-JUN-2027
JORDAN VINEYARD & WINERY,JORDAN VINEYARD & WINERY,JVW CORPORATION,HEALDSBURG,Sonoma,CA,95448-9003,1474 ALEXANDER VALLEY RD,02,00297015,
JORDAN VINEYARD & WINERY,JORDAN VINEYARD & WINERY,JVW CORPORATION,HEALDSBURG,Sonoma,CA,95448-9003,1474 ALEXANDER VALLEY RD,04,00297015,
JORDAN VINEYARD & WINERY,JORDAN VINEYARD & WINERY,JVW CORPORATION,HEALDSBURG,Sonoma,CA,95448-9003,1474 ALEXANDER VALLEY RD,06,00297015,
JORDAN VINEYARD & WINERY,JORDAN VINEYARD & WINERY,JVW CORPORATION,HEALDSBURG,Sonoma,CA,95448-9003,1474 ALEXANDER VALLEY RD,20,00297287,
JORDAN VINEYARD & WINERY,JORDAN VINEYARD & WINERY,JVW CORPORATION,HEALDSBURG,Sonoma,CA,95448-9003,1474 ALEXANDER VALLEY RD,20,00297287,31-JAN-2027
JORDAN VINEYARD & WINERY,JORDAN VINEYARD & WINERY,JVW CORPORATION,HEALDSBURG,Sonoma,CA,95448-9003,1474 ALEXANDER VALLEY RD,04,00297015,30-JUN-2027
JORDAN VINEYARD & WINERY,JORDAN VINEYARD & WINERY,JVW CORPORATION,HEALDSBURG,Sonoma,CA,95448-9003,1474 ALEXANDER VALLEY RD,06,00297015,30-JUN-2027
JORDAN VINEYARD & WINERY,JORDAN VINEYARD & WINERY,JVW CORPORATION,HEALDSBURG,Sonoma,CA,95448-9003,1474 ALEXANDER VALLEY RD,02,00297015,30-JUN-2027
JORDAN VINEYARD & WINERY,JORDAN VINEYARD & WINERY,JVW CORPORATION,HEALDSBURG,Sonoma,CA,95448-9003,1474 ALEXANDER VALLEY RD,09,00297015,30-JUN-2027
JORDAN VINEYARD & WINERY,JORDAN VINEYARD & WINERY,JVW CORPORATION,HEALDSBURG,Sonoma,CA,95448-9003,1474 ALEXANDER VALLEY RD,09,00297015,
JOSEPH JEWELL WINES,JOSEPH JEWELL WINES,JOSEPH JEWELL WINES LLC,HEALDSBURG,Sonoma,CA,95448-8346,10295 WESTSIDE RD,02,00559400,30-JUN-2027
JOSEPH JEWELL WINES,JOSEPH JEWELL WINES,JOSEPH JEWELL WINES LLC,HEALDSBURG,Sonoma,CA,95448-9101,8339 W DRY CREEK RD,02,00625913,30-JUN-2027
JUSTIN VINEYARDS & WINERY LLC,,JUSTIN VINEYARDS & WINERY LLC,HEALDSBURG,Sonoma,CA,95448-8318,6050 WESTSIDE RD,02,00567239,30-JUN-2027
JUSTIN VINEYARDS & WINERY LLC,,JUSTIN VINEYARDS & WINERY LLC,HEALDSBURG,Sonoma,CA,95448-8360,6025 WESTSIDE RD,02,00567275,30-JUN-2027
JUSTIN VINEYARDS & WINERY LLC,,JUSTIN VINEYARDS & WINERY LLC,HEALDSBURG,Sonoma,CA,95448-8360,6025 WESTSIDE RD,14,00567275,31-DEC-2026
KEATLEY WINES,KEATLEY WINES,KEATLEY FAMILY WINES  LLC,HEALDSBURG,Sonoma,CA,95448-4410,202 HAYDON ST,02,00659470,30-JUN-2026
KELSEY PHELPS WINES  LLC,,KELSEY PHELPS WINES  LLC,HEALDSBURG,Sonoma,CA,95448-4825,499 MOORE LN,02,00595372,30-JUN-2027
KOBLER ESTATE WINERY,KOBLER ESTATE WINERY,KOBLER ESTATE LLC,HEALDSBURG,Sonoma,CA,95448-4003,25 HEALDSBURG AVE,02,00546484,30-JUN-2027
KOKOMO WINERY,KOKOMO WINERY,ERIK MILLER WINES INC,HEALDSBURG,Sonoma,CA,95448-9714,4791 DRY CREEK ROAD,02,00449442,30-JUN-2027
LAMBERT BRIDGE WINERY  INC.,,LAMBERT BRIDGE WINERY  INC.,HEALDSBURG,Sonoma,CA,95448-9117,4085 W DRY CREEK RD,02,00287841,30-JUN-2027
LAMBERT BRIDGE WINERY INC,LAMBERT BRIDGE WINERY INC,LAMBERT BRIDGE WINERY  INC.,HEALDSBURG,Sonoma,CA,95448-9117,4085 W DRY CREEK RD,02,00287841,
LAMBERT BRIDGE WINERY INC,LAMBERT BRIDGE WINERY INC,LAMBERT BRIDGE WINERY  INC.,HEALDSBURG,Sonoma,CA,95448-9117,4085 W DRY CREEK RD,81,00287841,
LAMBERT BRIDGE WINERY INC,LAMBERT BRIDGE WINERY INC,LAMBERT BRIDGE WINERY  INC.,HEALDSBURG,Sonoma,CA,95448-9117,4085 W DRY CREEK RD,02,00287841,
LAMBERT BRIDGE WINERY INC,LAMBERT BRIDGE WINERY INC,LAMBERT BRIDGE WINERY  INC.,HEALDSBURG,Sonoma,CA,95448-9117,4085 W DRY CREEK RD,81,00287841,
LANDA FAMILY WINES,LANDA FAMILY WINES,LANDA  JAMES EDWARD,HEALDSBURG,Sonoma,CA,95448-9542,8750 CHALK HILL RD,17,00595863,30-NOV-2026
LANDA FAMILY WINES,LANDA FAMILY WINES,LANDA  JAMES EDWARD,HEALDSBURG,Sonoma,CA,95448-9542,8750 CHALK HILL RD,20,00595863,30-NOV-2026
LANGHART-HILL WINES,LANGHART-HILL WINES,BOUQUET PARTNERS  LLC,HEALDSBURG,Sonoma,CA,95448-9122,435 W DRY CREEK RD,02,00620134,30-JUN-2026
LANGHART-HILL WINES,LANGHART-HILL WINES,BOUQUET PARTNERS  LLC,HEALDSBURG,Sonoma,CA,95448-3750,745 WHITE GATES AVE,02,00604979,30-JUN-2026
LEO STEEN WINES,LEO STEEN WINES,PRINCE STREET WINE COMPANY  LLC,HEALDSBURG,Sonoma,CA,95448-3936,535 PRINCE AVE,17,00638724,31-DEC-2026
LEO STEEN WINES,LEO STEEN WINES,PRINCE STREET WINE COMPANY  LLC,HEALDSBURG,Sonoma,CA,95448-3936,535 PRINCE AVE,20,00638724,31-DEC-2026
LEO STEEN WINES,LEO STEEN WINES,PRINCE STREET WINE COMPANY  LLC,HEALDSBURG,Sonoma,CA,95448-3936,535 PRINCE AVE,02,00638724,30-JUN-2027
LILY CASSIUS WINES,LILY CASSIUS WINES,DOT WINES  LLC,HEALDSBURG,Sonoma,CA,95448-9827,14210 BACCHUS LANDING WAY,02,00628762,30-JUN-2026
LILY CASSIUS WINES,LILY CASSIUS WINES,DOT WINES  LLC,HEALDSBURG,Sonoma,CA,95448-3345,1359 SYLVAN CT,02,00616907,30-JUN-2026
LIOCO WINE COMPANY,LIOCO WINE COMPANY,LIOCO WINE COMPANY  LLC,HEALDSBURG,Sonoma,CA,95448-4461,447 HUDSON ST,02,00650679,
LIOCO WINE COMPANY,LIOCO WINE COMPANY,LIOCO WINE COMPANY  LLC,HEALDSBURG,Sonoma,CA,95448-4461,447 HUDSON ST,17,00650679,
LIOCO WINE COMPANY,LIOCO WINE COMPANY,LIOCO WINE COMPANY  LLC,HEALDSBURG,Sonoma,CA,95448-4461,447 HUDSON ST,20,00650679,
LIOCO WINE COMPANY,LIOCO WINE COMPANY,LIOCO WINE COMPANY  LLC,HEALDSBURG,Sonoma,CA,95448-4111,125 MATHESON ST,02,00590475,
LIOCO WINE COMPANY,LIOCO WINE COMPANY,LIOCO WINE COMPANY  LLC,HEALDSBURG,Sonoma,CA,95448-4111,125 MATHESON ST,02,00590475,
LIOCO WINE COMPANY,LIOCO WINE COMPANY,LIOCO WINE COMPANY  LLC,HEALDSBURG,Sonoma,CA,95448-4111,125 MATHESON ST,20,00590475,
LIOCO WINE COMPANY,LIOCO WINE COMPANY,LIOCO WINE COMPANY  LLC,HEALDSBURG,Sonoma,CA,95448-4111,125 MATHESON ST,20,00590475,30-JUN-2027
LIOCO WINE COMPANY,LIOCO WINE COMPANY,LIOCO WINE COMPANY  LLC,HEALDSBURG,Sonoma,CA,95448-4111,125 MATHESON ST,02,00590475,30-JUN-2027
LIOCO WINE COMPANY,LIOCO WINE COMPANY,LIOCO WINE COMPANY  LLC,HEALDSBURG,Sonoma,CA,95448-4461,447 HUDSON ST,02,00650679,30-JUN-2027
LIOCO WINE COMPANY,LIOCO WINE COMPANY,LIOCO WINE COMPANY  LLC,HEALDSBURG,Sonoma,CA,95448-4461,447 HUDSON ST,17,00650679,30-NOV-2026
LIOCO WINE COMPANY,LIOCO WINE COMPANY,LIOCO WINE COMPANY  LLC,HEALDSBURG,Sonoma,CA,95448-4461,447 HUDSON ST,20,00650679,30-NOV-2026
LOLAS MARKET INC,LOLAS MARKET INC,LOLA'S MARKET INC,HEALDSBURG,Sonoma,CA,95448-4006,102 HEALDSBURG AVE,20,00489379,30-APR-2027
LOST REPUBLIC DISTILLING,LOST REPUBLIC DISTILLING,DC BEVERAGE LLC,HEALDSBURG,Sonoma,CA,95448,101 GRANT AVE,17,00542939,31-AUG-2026
LOST REPUBLIC DISTILLING,LOST REPUBLIC DISTILLING,DC BEVERAGE LLC,HEALDSBURG,Sonoma,CA,95448,101 GRANT AVE,07,00542939,30-NOV-2026
LOST REPUBLIC DISTILLING,LOST REPUBLIC DISTILLING,DC BEVERAGE LLC,HEALDSBURG,Sonoma,CA,95448,101 GRANT AVE,09,00542939,31-AUG-2026
LOST REPUBLIC DISTILLING,LOST REPUBLIC DISTILLING,DC BEVERAGE LLC,HEALDSBURG,Sonoma,CA,95448,101 GRANT AVE,12,00542939,30-NOV-2026
LUCKY ROCK WINE COMPANY,LUCKY ROCK WINE COMPANY,DUSTY RIVERVIEW CELLARS,HEALDSBURG,Sonoma,CA,95448-4825,499 MOORE LN,02,00638465,30-JUN-2026
LUSSIER WINE CO,LUSSIER WINE CO,LUSSIER WINE CO  LLC,HEALDSBURG,Sonoma,CA,95448-8346,10295 WESTSIDE RD,02,00617950,
LUSSIER WINE CO,LUSSIER WINE CO,LUSSIER WINE CO  LLC,HEALDSBURG,Sonoma,CA,95448-8346,10295 WESTSIDE RD,02,00617950,30-JUN-2026
MACROSTIE WINERY,MACROSTIE WINERY,LION NATHAN USA  INC.,HEALDSBURG,Sonoma,CA,95448-9362,4605 WESTSIDE RD,02,00545302,30-JUN-2027
MAISON DU PRIX WINES,MAISON DU PRIX WINES,MAISON DU PRIX WINES LLC,HEALDSBURG,Sonoma,CA,95448-9195,4605 DRY CREEK RD,17,00601270,31-OCT-2026
MAISON DU PRIX WINES,MAISON DU PRIX WINES,MAISON DU PRIX WINES LLC,HEALDSBURG,Sonoma,CA,95448-9195,4605 DRY CREEK RD,20,00601270,31-OCT-2026
MAISON DU PRIX WINES,MAISON DU PRIX WINES,MAISON DU PRIX WINES LLC,HEALDSBURG,Sonoma,CA,95448-9195,4605 DRY CREEK RD,09,00601270,31-OCT-2026
MANTRA WINES,MANTRA WINES,MANTRA WINE CELLARS,HEALDSBURG,Sonoma,CA,95448-9539,101 GRANT AVE,02,00568560,30-JUN-2026
MARCHELLE WINES,MARCHELLE WINES,MARCHELLE WINES LLC,HEALDSBURG,Sonoma,CA,95448-3804,34 NORTH ST,02,00675775,30-JUN-2027
MARINE LAYER WINES,MARINE LAYER WINES,VALKYRIE SELECTIONS  LLC,HEALDSBURG,Sonoma,CA,95448,308 CENTER ST B,02,00644391,30-JUN-2027
MARTHA STOUMEN WINES,MARTHA STOUMEN WINES,OVERSHINE CELLARS  LLC,HEALDSBURG,Sonoma,CA,95448-4101,325 CENTER ST,02,00668805,30-JUN-2027
MARTORANA FAMILY WINERY,MARTORANA FAMILY WINERY,MARTORANA ENTERPRISES LLC,HEALDSBURG,Sonoma,CA,95448-9106,5956 W DRY CREEK RD,02,00455694,30-JUN-2026
MATRIX WINERY,MATRIX WINERY,STONECUSHION  INC.,HEALDSBURG,Sonoma,CA,95448-9349,3291 WESTSIDE RD,02,00464165,30-JUN-2027
MATRIX WINERY,MATRIX WINERY,STONECUSHION  INC.,HEALDSBURG,Sonoma,CA,95448-9349,3291 WESTSIDE RD,14,00464165,31-AUG-2026
MAURITSON FAMILY WINERY,MAURITSON FAMILY WINERY,MAURITSON FAMILY WINERY,HEALDSBURG,Sonoma,CA,95448-8230,2859 DRY CREEK RD,02,00410345,30-JUN-2026
MAURITSON FAMILY WINERY,MAURITSON FAMILY WINERY,MAURITSON FAMILY WINERY,HEALDSBURG,Sonoma,CA,95448-8230,2859 DRY CREEK RD,02,00410345,
MAZZOCCO WINERY,MAZZOCCO WINERY,STONECUSHION  INC.,HEALDSBURG,Sonoma,CA,95448-9695,1400 LYTTON SPRINGS RD,02,00431075,30-JUN-2027
MENGLER FAMILY WINES,MENGLER FAMILY WINES,MENGLER FAMILY WINES  LLC,HEALDSBURG,Sonoma,CA,95448-1540,1290 DRY CREEK RD,02,00571603,30-JUN-2026
MESTRE WINES,MESTRE WINES,BARBIER  DEBRA SUE,HEALDSBURG,Sonoma,CA,95448-9199,5943 DRY CREEK RD,17,00628211,31-AUG-2026
MESTRE WINES,MESTRE WINES,BARBIER  DEBRA SUE,HEALDSBURG,Sonoma,CA,95448-9199,5943 DRY CREEK RD,20,00628211,31-AUG-2026
MEWS WINE,MEWS WINE,WEST DICKENS L.L.C.,HEALDSBURG,Sonoma,CA,95448-4221,215 2ND ST,17,00664403,31-MAR-2027
MEWS WINE,MEWS WINE,WEST DICKENS L.L.C.,HEALDSBURG,Sonoma,CA,95448-4221,215 2ND ST,20,00664403,31-MAR-2027
MICHEL-SCHLUMBERGER WINE ESTATE,MICHEL-SCHLUMBERGER WINE ESTATE,MICHEL VINEYARDS  LP,HEALDSBURG,Sonoma,CA,95448-9112,4155 WINE CREEK RD,02,00644523,30-JUN-2026
MOMBO'S PIZZA,MOMBO'S PIZZA,MOMBO'S PIZZA  INC.,HEALDSBURG,Sonoma,CA,95448-4829,1051 VINE ST,41,00657787,30-APR-2027
MON PREMIER WINES,MON PREMIER WINES,MON PREMIER WINES LLC,HEALDSBURG,Sonoma,CA,95448-8346,10295 WESTSIDE RD,02,00655519,30-JUN-2027
MONTE ALBAN MARKET,MONTE ALBAN MARKET,MONTE ALBAN MARKET INC.,HEALDSBURG,Sonoma,CA,95448-4039,113 HEALDSBURG AVE,20,00649164,31-OCT-2026
MONTSE REECE WINES,MONTSE REECE WINES,MONTSE REECE WINES LLC,HEALDSBURG,Sonoma,CA,95448-9827,14210 BACCHUS LANDING WAY,02,00675334,30-JUN-2027
MORLEY WINERY  LLC,MORLEY WINERY  LLC,MORLEY WINERY LLC,HEALDSBURG,Sonoma,CA,95448-9122,435 W DRY CREEK RD,02,00571426,30-JUN-2027
MORLEY WINERY  LLC,MORLEY WINERY  LLC,MORLEY WINERY LLC,HEALDSBURG,Sonoma,CA,95448-9122,435 W DRY CREEK RD,02,00571426,
MOUNTAIN MIKES PIZZA,MOUNTAIN MIKES PIZZA,CHANDI FAMILY INC,HEALDSBURG,Sonoma,CA,95448-4829,1051 VINE ST,41,00482247,
MOUNTS FAMILY WINES,MOUNTS FAMILY WINES,MOUNTS FAMILY WINES INC,HEALDSBURG,Sonoma,CA,95448-9103,5545 W DRY CREEK RD,02,00434308,30-JUN-2027
MOUNTS FAMILY WINES,MOUNTS FAMILY WINES,MOUNTS FAMILY WINES INC,HEALDSBURG,Sonoma,CA,95448,3901 WINE CREEK RD,02,00434307,30-JUN-2027
MOUNTS FAMILY WINES INC,,MOUNTS FAMILY WINES INC,HEALDSBURG,Sonoma,CA,95448,3655 WINE CREEK RD,02,00479866,30-JUN-2027
MURDER RIDGE WINES,MURDER RIDGE WINES,FISHROCK ROAD PARTNERS  LLC,HEALDSBURG,Sonoma,CA,95448-4550,530 JACHETTA CT.,20,00555491,31-MAY-2027
MURDER RIDGE WINES,MURDER RIDGE WINES,FISHROCK ROAD PARTNERS  LLC,HEALDSBURG,Sonoma,CA,95448-4550,530 JACHETTA CT.,17,00555491,31-MAY-2027
MY WINES DIRECT,MY WINES DIRECT,MY WINES DIRECT INC,HEALDSBURG,Sonoma,CA,95448-4711,1451 GROVE ST,09,00475026,
MY WINES DIRECT,MY WINES DIRECT,MY WINES DIRECT INC,HEALDSBURG,Sonoma,CA,95448-4711,1451 GROVE ST,02,00475026,
NAKEDWINES.COM,NAKEDWINES.COM,NAKEDWINES.COM  INC.,HEALDSBURG,Sonoma,CA,95448-4825,499 MOORE LN,02,00545971,30-JUN-2027
NAKEDWINES.COM,NAKEDWINES.COM,NAKEDWINES.COM  INC.,HEALDSBURG,Sonoma,CA,95448-4825,499 MOORE LN,09,00545971,30-JUN-2027
NALLE WINERY INC,NALLE WINERY INC,NALLE WINERY INC,HEALDSBURG,Sonoma,CA,95448,2385 DRY CREEK RD,02,00250192,30-JUN-2027
NICOLINA WINES,NICOLINA WINES,WINE TIMES LLC,HEALDSBURG,Sonoma,CA,95448-9243,12910 OLD REDWOOD HWY,17,00660144,31-DEC-2026
NICOLINA WINES,NICOLINA WINES,WINE TIMES LLC,HEALDSBURG,Sonoma,CA,95448-9243,12910 OLD REDWOOD HWY,20,00660144,31-DEC-2026
NONE SUCH WINES,NONE SUCH WINES,NONE SUCH WINES LLC,HEALDSBURG,Sonoma,CA,95448-9500,11180 LOS AMIGOS RD,20,00579349,31-MAR-2027
NONE SUCH WINES,NONE SUCH WINES,NONE SUCH WINES LLC,HEALDSBURG,Sonoma,CA,95448-9500,11180 LOS AMIGOS RD,17,00579349,31-MAR-2027
OCEANO WINES,OCEANO WINES,ASTRODYNAMIC WINES  LLC,HEALDSBURG,Sonoma,CA,95448-4410,202 HAYDON ST,02,00659671,30-JUN-2027
OLIVERA WINES,OLIVERA WINES,ROMIE LLC,HEALDSBURG,Sonoma,CA,95448-8346,10295 WESTSIDE RD,02,00576788,30-JUN-2026
OLIVERA WINES,OLIVERA WINES,ROMIE LLC,HEALDSBURG,Sonoma,CA,95448-8345,10151 WESTSIDE RD,02,00576797,30-JUN-2026
OPTIMA WINERY,OPTIMA WINERY,CAL VIN ENTERPRISES CORPORATION,HEALDSBURG,Sonoma,CA,95448-9248,101 GRANT AVE,02,00534326,30-JUN-2026
OPTIMA WINERY,OPTIMA WINERY,CAL VIN ENTERPRISES CORPORATION,HEALDSBURG,Sonoma,CA,95448-9714,4791 DRY CREEK RD,02,00606797,30-JUN-2026
OVERSHINE WINE CO,OVERSHINE WINE CO,OVERSHINE CELLARS  LLC,HEALDSBURG,Sonoma,CA,95448,2201 WESTSIDE RD,02,00654062,30-JUN-2027
OVERSHINE WINE CO,OVERSHINE WINE CO,OVERSHINE CELLARS  LLC,HEALDSBURG,Sonoma,CA,95448-8261,4551 DRY CREEK RD,02,00671691,30-JUN-2027
OVERSHINE WINE CO,OVERSHINE WINE CO,OVERSHINE CELLARS  LLC,HEALDSBURG,Sonoma,CA,95448,2201 WESTSIDE RD,02,00671747,30-JUN-2027
OVERSHINE WINE CO,OVERSHINE WINE CO,OVERSHINE CELLARS  LLC,HEALDSBURG,Sonoma,CA,95448,2201 WESTSIDE RD,93,00671747,30-JUN-2027
PALMERI WINES,PALMERI WINES,DAMSKEY FAMILY WINES LLC,HEALDSBURG,Sonoma,CA,95448-9330,851 MAGNOLIA DR,02,00626676,30-JUN-2027
PANGLOSSIAN WINES,PANGLOSSIAN WINES,TOMAQ WINES,HEALDSBURG,Sonoma,CA,95448-9540,11654 LOS AMIGOS RD,02,00617839,30-JUN-2026
PAPAPIETRO PERRY WINERY,PAPAPIETRO PERRY WINERY,PAPAPIETRO AND PERRY INC,HEALDSBURG,Sonoma,CA,95448,4791 DRY CREEK RD BLDG 7,02,00441325,30-JUN-2027
PARISH CAFE THE,PARISH CAFE THE,BURGUNDY ROAD LLC,HEALDSBURG,Sonoma,CA,95448-4010,60 MILL ST,41,00627147,30-JUN-2026
PARKPOINT HEALTH & SWIM CLUB,PARKPOINT HEALTH & SWIM CLUB,PARKPOINT CLUBS L-PSHIP,HEALDSBURG,Sonoma,CA,95448,195 FOSS CREEK CIR,41,00434528,28-FEB-2027
PARVIN FAMILY WINES,PARVIN FAMILY WINES,DSE VENTURES LLC,HEALDSBURG,Sonoma,CA,95448-9540,11654 LOS AMIGOS RD,02,00663688,30-JUN-2027
PASSALACQUA WINERY,PASSALACQUA WINERY,PASSALACQUA WINE GROUP INC,HEALDSBURG,Sonoma,CA,95448-8115,3805 LAMBERT BRIDGE RD,02,00408902,30-JUN-2026
PASSALACQUA WINERY,PASSALACQUA WINERY,PASSALACQUA WINE GROUP INC,HEALDSBURG,Sonoma,CA,95448,2062 MILL CREEK RD,02,00425662,30-JUN-2026
PEARCE FAMILY WINES,PEARCE FAMILY WINES,PEARCE FAMILY WINES LLC,HEALDSBURG,Sonoma,CA,95448-8223,1830 JAMESON RD,02,00623227,30-JUN-2026
PENROSE HILL WINERY,PENROSE HILL WINERY,PENROSE HILL  LIMITED,HEALDSBURG,Sonoma,CA,95448-4825,499 MOORE LN,20,00556626,
PENROSE HILL WINERY,PENROSE HILL WINERY,PENROSE HILL  LIMITED,HEALDSBURG,Sonoma,CA,95448-4825,499 MOORE LN,17,00556626,
PENROSE HILL WINERY,PENROSE HILL WINERY,PENROSE HILL  LIMITED,HEALDSBURG,Sonoma,CA,95448-4825,499 MOORE LN,02,00556626,
PETERSON WINERY,PETERSON WINERY,PETERSON WINERY LLC,HEALDSBURG,Sonoma,CA,95448-9714,4791 DRY CREEK RD,02,00433150,30-JUN-2027
POZZAN RD ESTATE WINES,POZZAN RD ESTATE WINES,LITLE  GENE LEROY,HEALDSBURG,Sonoma,CA,95448-9779,15760 POZZAN RD,02,00671351,30-JUN-2027
PRESTON FARM & WINERY,PRESTON FARM & WINERY,PRESTON VINEYARDS INC,HEALDSBURG,Sonoma,CA,95448,9206 W DRY CREEK RD,02,00242091,30-JUN-2027
PROGRESSIVE WINE COMPANY,PROGRESSIVE WINE COMPANY,THE PROGRESSIVE WINE COMPANY   INC.,HEALDSBURG,Sonoma,CA,95448-9375,7800 EASTSIDE RD,17,00668090,31-JUL-2026
PUPPIONE FAMILY WINES,PUPPIONE FAMILY WINES,PUPPIONE  CHRISTOPHER RICHARD V,HEALDSBURG,Sonoma,CA,95448-8346,10295 WESTSIDE RD,02,00632998,30-JUN-2026
QUIVRA WINERY @ HEALDSBURG CFM,QUIVRA WINERY @ HEALDSBURG CFM,PJK WINERY LLC,HEALDSBURG,Sonoma,CA,95448,3 NORTH ST,79,00678139,30-JUN-2027
RAMEY WINE CELLARS,RAMEY WINE CELLARS,RAMEY WINE CELLARS INC,HEALDSBURG,Sonoma,CA,95448-4003,25 HEALDSBURG AVE,02,00442276,
RAMEY WINE CELLARS,RAMEY WINE CELLARS,RAMEY WINE CELLARS INC,HEALDSBURG,Sonoma,CA,95448-4003,25 HEALDSBURG AVE,02,00442276,
RAMEY WINE CELLARS,RAMEY WINE CELLARS,RAMEY WINE CELLARS INC,HEALDSBURG,Sonoma,CA,95448-4410,202 HAYDON ST,02,00395938,
RAMEY WINE CELLARS,RAMEY WINE CELLARS,RAMEY WINE CELLARS INC,HEALDSBURG,Sonoma,CA,95448-4003,25 HEALDSBURG AVE,02,00442276,30-JUN-2027
RANCHO COYOTE VINEYARDS & WINERY,RANCHO COYOTE VINEYARDS & WINERY,RICHARD S. GOETZ & COMPANY  INC.,HEALDSBURG,Sonoma,CA,95448-4003,25 HEALDSBURG AVE,02,00589083,30-JUN-2027
REALLY GOOD BOXED WINE  INC.,,REALLY GOOD BOXED WINE  INC.,HEALDSBURG,Sonoma,CA,95448-4003,25 HEALDSBURG AVE,02,00632514,30-JUN-2026
RED BARN WINE PARTNERS  LLC,RED BARN WINE PARTNERS  LLC,RED BARN WINE PARTNERS  LLC,HEALDSBURG,Sonoma,CA,95448-3711,626 BROWN ST,02,00607288,30-JUN-2027
RED BARN WINE PARTNERS  LLC,RED BARN WINE PARTNERS  LLC,RED BARN WINE PARTNERS  LLC,HEALDSBURG,Sonoma,CA,95448-4700,1430 GROVE ST,02,00607277,30-JUN-2027
RESIGN WINE,RESIGN WINE,RESIGN WINE  LLC,HEALDSBURG,Sonoma,CA,95448-9122,435 W DRY CREEK RD,02,00618563,30-JUN-2027
RIGHT TURN WINE CO.  LLC,RIGHT TURN WINE CO.  LLC,RIGHT TURN WINE CO.  LLC,HEALDSBURG,Sonoma,CA,95448-9711,3232 DRY CREEK RD,02,00661876,30-JUN-2027
RIVER WEST WINES,RIVER WEST WINES,RIVER WEST WINES LLC,HEALDSBURG,Sonoma,CA,95448-9359,4353 WESTSIDE RD,02,00501975,
RIVER WEST WINES,RIVER WEST WINES,RIVER WEST WINES LLC,HEALDSBURG,Sonoma,CA,95448-9359,4375 WESTSIDE RD,02,00419264,30-JUN-2026
RIVER WEST WINES,RIVER WEST WINES,RIVER WEST WINES LLC,HEALDSBURG,Sonoma,CA,95448-9359,4353 WESTSIDE RD,02,00501975,30-JUN-2026
RIVER WEST WINES,RIVER WEST WINES,RIVER WEST WINES LLC,HEALDSBURG,Sonoma,CA,95448-9359,4375 WESTSIDE RD,02,00419264,
ROADHOUSE WINES,ROADHOUSE WINES,E3 STRATEGIES LLC,HEALDSBURG,Sonoma,CA,95448-4814,121 W NORTH ST,02,00530404,30-JUN-2027
ROCHIOLI WINERY,ROCHIOLI WINERY,J ROCHIOLI VINEYARD & WINERY LLC,HEALDSBURG,Sonoma,CA,95448,6192 WESTSIDE RD,02,00378769,30-JUN-2027
ROCHIOLI WINERY,ROCHIOLI WINERY,J ROCHIOLI VINEYARD & WINERY LLC,HEALDSBURG,Sonoma,CA,95448,6192 WESTSIDE RD,23,00378769,30-APR-2027
ROTH ESTATE WINERY,ROTH ESTATE WINERY,FOLEY FAMILY WINES  INC.,HEALDSBURG,Sonoma,CA,95448-9558,10309 CHALK HILL RD,02,00507377,30-JUN-2027
ROUND TABLE PIZZA,ROUND TABLE PIZZA,WYVERN RESTAURANTS INC,HEALDSBURG,Sonoma,CA,95448,1351 HEALDSBURG AVE,41,00100297,
ROUND TABLE PIZZA,ROUND TABLE PIZZA,WYVERN RESTAURANTS INC,HEALDSBURG,Sonoma,CA,95448,1351 HEALDSBURG AVE,41,00100297,31-DEC-2026
RUED WINES,RUED WINES,RUED WINERY INC,HEALDSBURG,Sonoma,CA,95448,3850 DRY CREEK RD,02,00434518,30-JUN-2026
RUINS WINE CO  LLC,,RUINS WINE CO  LLC,HEALDSBURG,Sonoma,CA,95448-4700,1430 GROVE ST,02,00646997,30-JUN-2026
RUSSE WINE PARTNERS,RUSSE WINE PARTNERS,RUSSE WINE PARTNERS  LLC,HEALDSBURG,Sonoma,CA,95448-9384,14210 BACCHUS LANDING WAY,02,00625704,30-JUN-2026
RUSSIAN RIVER WINE CO,RUSSIAN RIVER WINE CO,R B V ASSOCIATES,HEALDSBURG,Sonoma,CA,95488-4114,132 PLAZA ST,20,00349378,
RUSSIAN RIVER WINES LLC,RUSSIAN RIVER WINES LLC,RUSSIAN RIVER WINES LLC,HEALDSBURG,Sonoma,CA,95448-9359,4375 WESTSIDE RD,02,00517398,30-JUN-2026
RUSSIAN RIVER WINES LLC,RUSSIAN RIVER WINES LLC,RUSSIAN RIVER WINES LLC,HEALDSBURG,Sonoma,CA,95448-9359,4353 WESTSIDE RD,02,00517404,30-JUN-2026
RUTH LEWANDOWSKI WINES  INC,RUTH LEWANDOWSKI WINES  INC,RUTH LEWANDOWSKI WINES  INC,HEALDSBURG,Sonoma,CA,95448-4114,132 PLAZA ST,02,00605559,30-JUN-2026
S. ANDERSON WINE,S. ANDERSON WINE,ANDERSON  SCOTT HARRISON,HEALDSBURG,Sonoma,CA,95448-3506,935 MAXWELL ST,85,00673844,30-NOV-2026
SAKE'O JAPANESE RESTAURANT,SAKE'O JAPANESE RESTAURANT,SAKE'O JAPANESE RESTAURANT,HEALDSBURG,Sonoma,CA,95448-3816,505 HEALDSBURG AVE,41,00546885,31-JUL-2027
SAM'S MARKET #17,SAM'S MARKET #17,SAM'S HEALDSBURG #17  INC.,HEALDSBURG,Sonoma,CA,95448-4028,28 HEALDSBURG AVE,20,00640407,31-OCT-2026
SAN LORENZO WINERY,SAN LORENZO WINERY,SAN LORENZO WINERY LLC,HEALDSBURG,Sonoma,CA,95448-9070,3220 PASSALACQUA RD,02,00500433,
SAN LORENZO WINERY,SAN LORENZO WINERY,SAN LORENZO WINERY LLC,HEALDSBURG,Sonoma,CA,95448-3808,404 CENTER ST,02,00571913,30-JUN-2027
SAN LORENZO WINERY,SAN LORENZO WINERY,SAN LORENZO WINERY LLC,HEALDSBURG,Sonoma,CA,95448-9070,3220 PASSALACQUA RD,02,00500433,30-JUN-2027
SANGIACOMO FAMILY WINES,SANGIACOMO FAMILY WINES,SONOMA VALLEY VINEYARDS  INC,HEALDSBURG,Sonoma,CA,95448-9330,851 MAGNOLIA DR,02,00618311,30-JUN-2026
SAPPHIRE HILL WINERY,SAPPHIRE HILL WINERY,TWICE CHOICE WINES INC.,HEALDSBURG,Sonoma,CA,95448-4003,25 HEALDSBURG AVE,02,00637977,30-JUN-2027
SEATON WINERY,SEATON WINERY,SEATON  HUGH DEARBORN II,HEALDSBURG,Sonoma,CA,95448-8118,7408 W DRY CREEK RD,02,00668565,30-JUN-2026
SEBASTIEN  WINE WORKS,SEBASTIEN  WINE WORKS,POCHAN  SEBASTIEN FABIEN,HEALDSBURG,Sonoma,CA,95448-3704,831 FITCH ST,17,00578476,31-MAY-2027
SEBASTIEN  WINE WORKS,SEBASTIEN  WINE WORKS,POCHAN  SEBASTIEN FABIEN,HEALDSBURG,Sonoma,CA,95448-3704,831 FITCH ST,20,00578476,31-MAY-2027
SELBY WINERY,SELBY WINERY,SELBY ENTERPRISES  INC.,HEALDSBURG,Sonoma,CA,95448-4401,215 CENTER ST,02,00389834,
SELBY WINERY,SELBY WINERY,SELBY ENTERPRISES  INC.,HEALDSBURG,Sonoma,CA,95448-4435,5 FITCH ST,02,00382435,
SELBY WINERY,SELBY WINERY,SELBY ENTERPRISES  INC.,HEALDSBURG,Sonoma,CA,95448-4435,5 FITCH ST,14,00382435,
SELBY WINERY,SELBY WINERY,SELBY ENTERPRISES  INC.,HEALDSBURG,Sonoma,CA,95448-4834,498 MOORE LN,02,00531835,30-JUN-2026
SELBY WINERY,SELBY WINERY,SELBY ENTERPRISES  INC.,HEALDSBURG,Sonoma,CA,95448-4401,215 CENTER ST,02,00389834,30-JUN-2026
SHARE A SPLASH WINE CO,SHARE A SPLASH WINE CO,SHARE A SPLASH WINE CO.  LLC,HEALDSBURG,Sonoma,CA,95448-4825,499 MOORE LN,02,00544282,
SHARE A SPLASH WINE CO,SHARE A SPLASH WINE CO,SHARE A SPLASH WINE CO.  LLC,HEALDSBURG,Sonoma,CA,95448-3478,1290 HEALDSBURG AVE,02,00505035,
SHARE A SPLASH WINE CO,SHARE A SPLASH WINE CO,SHARE A SPLASH WINE CO.  LLC,HEALDSBURG,Sonoma,CA,95448-3478,1290 HEALDSBURG AVE,17,00505035,
SHARE A SPLASH WINE CO,SHARE A SPLASH WINE CO,SHARE A SPLASH WINE CO.  LLC,HEALDSBURG,Sonoma,CA,95448-3478,1290 HEALDSBURG AVE,09,00505035,
SHARE A SPLASH WINE CO,SHARE A SPLASH WINE CO,SHARE A SPLASH WINE CO.  LLC,HEALDSBURG,Sonoma,CA,95448-4825,499 MOORE LN,02,00544282,30-JUN-2027
SHARE A SPLASH WINE CO,SHARE A SPLASH WINE CO,SHARE A SPLASH WINE CO.  LLC,HEALDSBURG,Sonoma,CA,95448-3608,647 HEALDSBURG AVE,17,00627005,31-OCT-2026
SHARE A SPLASH WINE CO,SHARE A SPLASH WINE CO,SHARE A SPLASH WINE CO.  LLC,HEALDSBURG,Sonoma,CA,95448-3608,647 HEALDSBURG AVE,20,00627005,31-OCT-2026
SHARE A SPLASH WINE CO,SHARE A SPLASH WINE CO,SHARE A SPLASH WINE CO.  LLC,HEALDSBURG,Sonoma,CA,95448-3608,647 HEALDSBURG AVE,02,00627005,30-JUN-2027
SHARE A SPLASH WINE CO,SHARE A SPLASH WINE CO,SHARE A SPLASH WINE CO.  LLC,HEALDSBURG,Sonoma,CA,95448-3608,647 HEALDSBURG AVE,09,00627005,31-OCT-2026
SIDURI TASTING LOUNGE,SIDURI TASTING LOUNGE,JACKSON FAMILY WINES INC,HEALDSBURG,Sonoma,CA,95448-4131,235 HEALDSBURG AVE,02,00465749,30-JUN-2027
SILVER OAK WINE CELLARS,SILVER OAK WINE CELLARS,SILVER OAK WINE CELLARS  LLC,HEALDSBURG,Sonoma,CA,95448-8018,7300 HIGHWAY 128,02,00579429,30-JUN-2027
SILVER OAK WINE CELLARS,SILVER OAK WINE CELLARS,SILVER OAK WINE CELLARS  LLC,HEALDSBURG,Sonoma,CA,95448-9301,3004 WESTSIDE RD,02,00579434,30-JUN-2027
SILVER OAK WINE CELLARS,SILVER OAK WINE CELLARS,SILVER OAK WINE CELLARS  LLC,HEALDSBURG,Sonoma,CA,95448-4284,120 FOSS CREEK CIR,02,00579430,30-JUN-2027
SINGLE THREAD FARMS RESTAURANT AND INN,SINGLE THREAD FARMS RESTAURANT AND INN,ST HOSPITALITY GROUP  LLC,HEALDSBURG,Sonoma,CA,95448-3821,131 NORTH ST,41,00566285,31-AUG-2026
SINGLE THREAD FARMS RESTAURANT AND INN,SINGLE THREAD FARMS RESTAURANT AND INN,ST HOSPITALITY GROUP  LLC,HEALDSBURG,Sonoma,CA,95448-3821,131 NORTH ST,58,00566285,31-AUG-2026
SINGLE THREAD FARMS RESTAURANT AND INN,SINGLE THREAD FARMS RESTAURANT AND INN,ST HOSPITALITY GROUP  LLC,HEALDSBURG,Sonoma,CA,95448-3821,131 NORTH ST,66,00566285,31-AUG-2026
SMITH STORY WINE CELLARS,SMITH STORY WINE CELLARS,SMITH STORY WINE CELLARS  LLC,HEALDSBURG,Sonoma,CA,95448-9827,14210 BACCHUS LANDING WAY,02,00630160,
SMITH STORY WINE CELLARS,SMITH STORY WINE CELLARS,SMITH STORY WINE CELLARS  LLC,HEALDSBURG,Sonoma,CA,95448-9827,14210 BACCHUS LANDING WAY,09,00630160,
SMITH STORY WINE CELLARS,SMITH STORY WINE CELLARS,SMITH STORY WINE CELLARS  LLC,HEALDSBURG,Sonoma,CA,95448-9827,14210 BACCHUS LANDING WAY,02,00630160,30-JUN-2027
SMITH STORY WINE CELLARS,SMITH STORY WINE CELLARS,SMITH STORY WINE CELLARS  LLC,HEALDSBURG,Sonoma,CA,95448-9827,14210 BACCHUS LANDING WAY,09,00630160,30-JUN-2027
SMOKEY ROBINSON WINES,SMOKEY ROBINSON WINES,PROFESSIONS WINE COMPANY  LLC,HEALDSBURG,Sonoma,CA,95448-4003,25 HEALDSBURG AVE,02,00625129,30-JUN-2026
SODA ROCK WINERY,SODA ROCK WINERY,STONECUSHION  INC.,HEALDSBURG,Sonoma,CA,95448,8015 HWY 128,02,00505485,30-JUN-2027
SPOON BAR,SPOON BAR,H2HOTEL LLC,HEALDSBURG,Sonoma,CA,95448-4103,219 HEALDSBURG AVE,47,00488813,31-MAY-2027
SPOON BAR,SPOON BAR,H2HOTEL LLC,HEALDSBURG,Sonoma,CA,95448-4103,219 HEALDSBURG AVE,58,00488813,31-MAY-2027
STARK WINE,STARK WINE,STARK WINE COMPANY LLC,HEALDSBURG,Sonoma,CA,95448-3814,439 HEALDSBURG AVE,02,00507581,
STEPHEN & WALKER WINERY,STEPHEN & WALKER WINERY,TRUST WINERY LTD,HEALDSBURG,Sonoma,CA,95448-4103,243 HEALDSBURG AVE,02,00449285,
STEVE NELSON WINES LLC,STEVE NELSON WINES LLC,STEVE NELSON WINES  LLC,HEALDSBURG,Sonoma,CA,95448-8087,1728 SPUR RIDGE LN,17,00665396,31-MAY-2027
STEVE NELSON WINES LLC,STEVE NELSON WINES LLC,STEVE NELSON WINES  LLC,HEALDSBURG,Sonoma,CA,95448-8087,1728 SPUR RIDGE LN,20,00665396,31-MAY-2027
STONESTREET WINERY,STONESTREET WINERY,JACKSON FAMILY WINES INC,HEALDSBURG,Sonoma,CA,95448-8090,7111 HIGHWAY 128,02,00468828,30-JUN-2027
STONESTREET WINERY,STONESTREET WINERY,JACKSON FAMILY WINES INC,HEALDSBURG,Sonoma,CA,95448-8090,7111 HIGHWAY 128,93,00468828,30-JUN-2027
SUMMER DREAMS WINES,SUMMER DREAMS WINES,SUMMER DREAMS WINES LLC,HEALDSBURG,Sonoma,CA,95448,1434 GROVE ST,02,00648373,
SUMMER DREAMS WINES,SUMMER DREAMS WINES,SUMMER DREAMS WINES LLC,HEALDSBURG,Sonoma,CA,95448,1434 GROVE ST,02,00648373,30-JUN-2027
SUMMER'S MARKET INC.,SUMMER'S MARKET INC.,SUMMER'S MARKET INC.,HEALDSBURG,Sonoma,CA,95448-3510,557 POWELL AVE,20,00535867,30-SEP-2026
TALTY WINERY INC,TALTY WINERY INC,TALTY WINERY  INC,HEALDSBURG,Sonoma,CA,95448-8205,7127 DRY CREEK RD,02,00605187,30-JUN-2027
THAI ORCHID CUISINE,THAI ORCHID CUISINE,KHLOITAMWONG  PHIANGPHEN,HEALDSBURG,Sonoma,CA,95448,1005 VINE ST,41,00411406,30-APR-2027
THE ACORN CAFE,THE ACORN CAFE,THE ACORN CAFE LLC,HEALDSBURG,Sonoma,CA,95448-4118,124 MATHESON ST,41,00654437,31-JUL-2026
THE SETTING WINES,THE SETTING WINES,THE SETTING WINES  LLC,HEALDSBURG,Sonoma,CA,95448-9240,12293 OLD REDWOOD HWY,02,00632703,30-JUN-2026
THOMPSON FAMILY WINES  LLC,,THOMPSON FAMILY WINES  LLC,HEALDSBURG,Sonoma,CA,95448-9452,3150 WESTSIDE RD,02,00543398,30-JUN-2027
TIP TOP LIQUOR WAREHOUSE,TIP TOP LIQUOR WAREHOUSE,AASIM CORPORATION,HEALDSBURG,Sonoma,CA,95448-4701,90 DRY CREEK RD,21,00620295,30-APR-2027
TRINITE WINERY,TRINITE WINERY,GONZAGUE & CLAIRE LURTON VINEYARDS  INC.,HEALDSBURG,Sonoma,CA,95448-3815,422 HEALDSBURG AVE,02,00569015,30-JUN-2026
TRINITE WINERY,TRINITE WINERY,GONZAGUE & CLAIRE LURTON VINEYARDS  INC.,HEALDSBURG,Sonoma,CA,95448-9517,10603 CHALK HILL RD,20,00525073,31-MAR-2027
TRINITE WINERY,TRINITE WINERY,GONZAGUE & CLAIRE LURTON VINEYARDS  INC.,HEALDSBURG,Sonoma,CA,95448-9517,10603 CHALK HILL RD,17,00525073,31-MAR-2027
TRINITE WINERY,TRINITE WINERY,GONZAGUE & CLAIRE LURTON VINEYARDS  INC.,HEALDSBURG,Sonoma,CA,95448-9517,10603 CHALK HILL RD,02,00525073,30-JUN-2026
TRINITE WINERY,TRINITE WINERY,GONZAGUE & CLAIRE LURTON VINEYARDS  INC.,HEALDSBURG,Sonoma,CA,95448-9517,10603 CHALK HILL RD,09,00525073,31-MAR-2027
TRINITE WINERY,TRINITE WINERY,GONZAGUE & CLAIRE LURTON VINEYARDS  INC.,HEALDSBURG,Sonoma,CA,95448-9517,10603 CHALK HILL RD,81,00525073,30-JUN-2026
TRUST WINERY,TRUST WINERY,TRUST WINERY LTD,HEALDSBURG,Sonoma,CA,95448-4707,1500 GROVE ST,02,00517237,
TUCK BECKSTOFFER WINES,TUCK BECKSTOFFER WINES,BPCP WINE CO LLC,HEALDSBURG,Sonoma,CA,95448-8346,10295 WESTSIDE RD,09,00674700,30-JUN-2027
TUCK BECKSTOFFER WINES,TUCK BECKSTOFFER WINES,BPCP WINE CO LLC,HEALDSBURG,Sonoma,CA,95448-8346,10295 WESTSIDE RD,02,00674700,30-JUN-2027
V2 WINE GROUP,V2 WINE GROUP,V2 WINE GROUP LLC,HEALDSBURG,Sonoma,CA,95448-4825,499 MOORE LN,02,00545569,
VALETTE WINES,VALETTE WINES,VALETTE WINES  LLC,HEALDSBURG,Sonoma,CA,95448-9240,12293 OLD REDWOOD HWY,02,00637571,30-JUN-2027
VALETTE WINES,VALETTE WINES,VALETTE WINES  LLC,HEALDSBURG,Sonoma,CA,95448-4251,201 NORTH ST,17,00637537,30-JUN-2027
VALETTE WINES,VALETTE WINES,VALETTE WINES  LLC,HEALDSBURG,Sonoma,CA,95448-4251,201 NORTH ST,02,00637537,30-JUN-2027
VERITE WINERY,VERITE WINERY,JACKSON FAMILY WINES INC,HEALDSBURG,Sonoma,CA,95448-9662,4611 THOMAS RD,02,00468597,30-JUN-2027
VML RUSSIAN RIVER WINERY,VML RUSSIAN RIVER WINERY,H.D.D. LLC,HEALDSBURG,Sonoma,CA,95448-9456,4035 WESTSIDE RD,09,00511216,
VML RUSSIAN RIVER WINERY,VML RUSSIAN RIVER WINERY,H.D.D. LLC,HEALDSBURG,Sonoma,CA,95448-9456,4035 WESTSIDE RD,02,00511216,
VML RUSSIAN RIVER WINERY,VML RUSSIAN RIVER WINERY,H.D.D. LLC,HEALDSBURG,Sonoma,CA,95448-9456,4035 WESTSIDE RD,02,00511216,
VML RUSSIAN RIVER WINERY,VML RUSSIAN RIVER WINERY,H.D.D. LLC,HEALDSBURG,Sonoma,CA,95448-9456,4035 WESTSIDE RD,09,00511216,
VOLTERRE WINE,VOLTERRE WINE,VOLPERT VINEYARDS  LLC,HEALDSBURG,Sonoma,CA,95448-8326,7011 WESTSIDE RD,02,00607356,30-JUN-2026
WAR PAW WINE,WAR PAW WINE,WAR PAW WINE INC.,HEALDSBURG,Sonoma,CA,95448-8346,10295 WESTSIDE RD,02,00626554,30-JUN-2026
WEST WINES,WEST WINES,WEST WINES LLC,HEALDSBURG,Sonoma,CA,95448-1540,1290 DRY CREEK RD,02,00571726,30-JUN-2026
WEST WINES LLC,,WEST WINES LLC,HEALDSBURG,Sonoma,CA,95448-9793,1000 DRY CREEK RD,02,00511937,30-JUN-2026
WEST WINES LLC,,WEST WINES LLC,HEALDSBURG,Sonoma,CA,95448,5875 W DRY CREEK RD,02,00511617,30-JUN-2026
WILLIAMSON WINES,WILLIAMSON WINES,WILLIAMSON WINES  LLC,HEALDSBURG,Sonoma,CA,95448-4121,16  18 & 20 MATHESON ST,09,00637658,31-JAN-2027
WILLIAMSON WINES,WILLIAMSON WINES,WILLIAMSON WINES  LLC,HEALDSBURG,Sonoma,CA,95448-4825,499 MOORE LN,02,00637649,30-JUN-2027
WILLIAMSON WINES,WILLIAMSON WINES,WILLIAMSON WINES  LLC,HEALDSBURG,Sonoma,CA,95448-3613,824 HEALDSBURG AVE,02,00637666,30-JUN-2027
WILLIAMSON WINES,WILLIAMSON WINES,WILLIAMSON WINES  LLC,HEALDSBURG,Sonoma,CA,95448-4121,16  18 & 20 MATHESON ST,02,00637658,30-JUN-2027
WILLIAMSON WINES,WILLIAMSON WINES,WILLIAMSON WINES  LLC,HEALDSBURG,Sonoma,CA,95448-4121,16  18 & 20 MATHESON ST,17,00637658,31-JAN-2027
WILLIAMSON WINES,WILLIAMSON WINES,WILLIAMSON WINES  LLC,HEALDSBURG,Sonoma,CA,95448-4121,16  18 & 20 MATHESON ST,20,00637658,31-JAN-2027
WILLIS SEAFOOD & RAW BAR,WILLIS SEAFOOD & RAW BAR,STARK SEAFOOD & RAW BAR INC,HEALDSBURG,Sonoma,CA,95448,403 HEALDSBURG AVE,47,00401087,31-OCT-2026
WILSON WINERY,WILSON WINERY,STONECUSHION  INC.,HEALDSBURG,Sonoma,CA,95448-9180,1960 DRY CREEK RD,02,00558971,30-JUN-2027
WINE CREEK LLC,,WINE CREEK LLC,HEALDSBURG,Sonoma,CA,95448-9721,4900 W DRY CREEK RD,17,00482181,31-OCT-2026
WINE CREEK LLC,,WINE CREEK LLC,HEALDSBURG,Sonoma,CA,95448-9721,4900 W DRY CREEK RD,20,00482181,31-OCT-2026
WINE CREEK LLC,,WINE CREEK LLC,HEALDSBURG,Sonoma,CA,95448-9721,4900 W DRY CREEK RD,09,00482181,31-OCT-2026
WINESELLERS DIRECT,WINESELLERS DIRECT,WINESELLERS DIRECT  LLC,HEALDSBURG,Sonoma,CA,95448-4825,499 MOORE LN,02,00621540,30-JUN-2027
WINSTON WINERY,WINSTON WINERY,ZERO LINK MARKETS INC,HEALDSBURG,Sonoma,CA,95448-9540,11654 LOS AMIGOS RD,02,00555218,30-JUN-2027
YOAKIM BRIDGE WINERY,YOAKIM BRIDGE WINERY,WILLIAMSON WINES  LLC,HEALDSBURG,Sonoma,CA,95448,7209 DRY CREEK RD,02,00639251,30-JUN-2027
ZICHICHI FAMILY VINEYARD & WINERY,ZICHICHI FAMILY VINEYARD & WINERY,ZICHICHI FAMILY VINEYARD & WINERY INC,HEALDSBURG,Sonoma,CA,95448,8612 W DRY CREEK RD,02,00425703,30-JUN-2027
CAFE AQUATICA,CAFE AQUATICA,KULINSKI  RACHEL ALYN,JENNER,Sonoma,CA,95450,10439 HIGHWAY 1,41,00640673,31-OCT-2026
FORT ROSS STORE,FORT ROSS STORE,FORT ROSS LODGE  LLC,JENNER,Sonoma,CA,95450,20705 COAST HWY 1,41,00616611,30-JUN-2027
FORT ROSS VINEYARD & WINERY,FORT ROSS VINEYARD & WINERY,FORT ROSS VINEYARD & WINERY LLC,JENNER,Sonoma,CA,95450-9757,15725 MEYERS GRADE RD,02,00519052,30-JUN-2027
JENNER SEA STORE,JENNER SEA STORE,SINGH  LAKHBIR,JENNER,Sonoma,CA,95450,10444 STATE HWY 1,20,00441892,30-SEP-2026
OCEAN COVE LODGE BAR & GRILL,OCEAN COVE LODGE BAR & GRILL,OCEAN COVE LLC,JENNER,Sonoma,CA,95450-9735,23255 HIGHWAY 1,47,00668915,31-MAY-2027
OCEAN COVE STORE,OCEAN COVE STORE,MANARO  GARY PHILLIP,JENNER,Sonoma,CA,95450,23125 HIGHWAY 1,21,00413613,30-SEP-2026
RIVERS END RESTAURANT,RIVERS END RESTAURANT,RIVERS END VENTURES,JENNER,Sonoma,CA,95450,HWY 1 WS .5M N,47,00348247,31-MAR-2027
WINE TASTING BY THE SEA,WINE TASTING BY THE SEA,SINGH  LAKHBIR,JENNER,Sonoma,CA,95450,10439 N COAST HWY 1,20,00570082,31-AUG-2026
WINE TASTING BY THE SEA,WINE TASTING BY THE SEA,SINGH  LAKHBIR,JENNER,Sonoma,CA,95450,10439 N COAST HWY 1,42,00570082,31-MAY-2026
BORDES WINES,BORDES WINES,BORDES WINES LLC,KENWOOD,Sonoma,CA,95452,10200 SONOMA HWY,02,00648663,30-JUN-2027
DEERFIELD RANCH WINERY LLC,DEERFIELD RANCH WINERY LLC,DEERFIELD RANCH WINERY LLC,KENWOOD,Sonoma,CA,95452,10200 SONOMA HWY,02,00442362,30-JUN-2027
EN GARDE WINERY,EN GARDE WINERY,BELLEG WINE CELLARS INCORPORATED,KENWOOD,Sonoma,CA,95452-9029,9077 SONOMA HWY,02,00520273,30-JUN-2027
GUTHRIE FAMILY WINES,GUTHRIE FAMILY WINES,GUTHRIE FAMILY WINES LLC,KENWOOD,Sonoma,CA,95452,9825 HWY 12,02,00674668,30-JUN-2027
HAMILTON FAMILY WINES,HAMILTON FAMILY WINES,HAMILTON  GREGORY JOHN,KENWOOD,Sonoma,CA,95452-8013,8205 SONOMA HWY,17,00601105,31-DEC-2026
HAMILTON FAMILY WINES,HAMILTON FAMILY WINES,HAMILTON  GREGORY JOHN,KENWOOD,Sonoma,CA,95452-8013,8205 SONOMA HWY,20,00601105,31-DEC-2026
HAMILTON FAMILY WINES,HAMILTON FAMILY WINES,HAMILTON  GREGORY JOHN,KENWOOD,Sonoma,CA,95452-9024,8860 SONOMA HWY,02,00626560,30-JUN-2026
HEADLEY WINE GROUP,HEADLEY WINE GROUP,HEADLEY WINE GROUP LLC,KENWOOD,Sonoma,CA,95452,10200 SONOMA HWY,02,00485903,
HONEY WINE COMPANY  THE,HONEY WINE COMPANY  THE,THE HONEY WINE COMPANY LLC,KENWOOD,Sonoma,CA,95452,10200 SONOMA HWY,02,00591936,30-JUN-2026
INTERGALACTIC WINE COMPANY  LLC,,INTERGALACTIC WINE COMPANY  LLC,KENWOOD,Sonoma,CA,95452-9091,1440 LAWNDALE RD,17,00654775,31-JAN-2027
INTERGALACTIC WINE COMPANY  LLC,,INTERGALACTIC WINE COMPANY  LLC,KENWOOD,Sonoma,CA,95452-9091,1440 LAWNDALE RD,09,00654775,31-JAN-2027
J.R. STOREY WINERY,J.R. STOREY WINERY,STOREY  JOHN ROSS,KENWOOD,Sonoma,CA,95452,10200 SONOMA HWY,02,00608970,30-JUN-2027
KENWOOD MARKET,KENWOOD MARKET,DHALIWAL FOOD & LIQUOR LLC,KENWOOD,Sonoma,CA,95452-8077,8910 SONOMA HWY,21,00645548,31-MAY-2027
KUNDE FAMILY WINERY,KUNDE FAMILY WINERY,ADAIR KUNDE  LLC,KENWOOD,Sonoma,CA,95452,9825 HWY 12,02,00665050,30-JUN-2027
KUNDE FAMILY WINERY,KUNDE FAMILY WINERY,ADAIR KUNDE  LLC,KENWOOD,Sonoma,CA,95452,9825 HWY 12,06,00665050,30-JUN-2027
MACLAREN WINE,MACLAREN WINE,MACLAREN WINE,KENWOOD,Sonoma,CA,95452-9046,211 ADOBE CANYON RD,02,00637280,30-JUN-2027
MAYO FAMILY WINERY,MAYO FAMILY WINERY,MAYO FAMILY WINERY,KENWOOD,Sonoma,CA,95452,9200 SONOMA HWY,02,00397671,30-JUN-2026
PALOOZA BREWERY AND GASTRO PUB,PALOOZA BREWERY AND GASTRO PUB,PALOOZA CATERING AND EVENTS  INC.,KENWOOD,Sonoma,CA,95452,8910 SONOMA HWY 12,75,00580902,31-AUG-2026
READ FAMILY WINES,READ FAMILY WINES,READ  STEVEN ALAN,KENWOOD,Sonoma,CA,95409-6503,170 HOFF RD,17,00591584,31-JUL-2026
READ FAMILY WINES,READ FAMILY WINES,READ  STEVEN ALAN,KENWOOD,Sonoma,CA,95409-6503,170 HOFF RD,20,00591584,31-JUL-2026
SEAMUS WINES,SEAMUS WINES,SEAMUS WINES  LLC,KENWOOD,Sonoma,CA,95452,8910 SONOMA HWY,02,00595071,30-JUN-2026
THIEF OF WINE,THIEF OF WINE,VINO BIRD LLC,KENWOOD,Sonoma,CA,95452-9046,200 ADOBE CANYON RD,85,00629065,31-JUL-2026
VAUGHN DUFFY WINES,VAUGHN DUFFY WINES,VAUGHN DUFFY WINES  LLC,KENWOOD,Sonoma,CA,95452,8910 SONOMA HWY,02,00633456,30-JUN-2026
WINE SNOB*,WINE SNOB*,SHIFT WINE LLC,KENWOOD,Sonoma,CA,95452,10200 SONOMA HWY,02,00617231,30-JUN-2027
BARTLETTS MARKET,BARTLETTS MARKET,R & J MARKET INC,MONTE RIO,Sonoma,CA,95462,9890 MAIN ST,21,00462284,28-FEB-2027
BOHEMIAN CLUB,BOHEMIAN CLUB,BOHEMIAN CLUB,MONTE RIO,Sonoma,CA,95462,BOHEMIAN GROVE,57,00059395,31-MAY-2027
FOREST HILL MARKET,FOREST HILL MARKET,BASSI LIQUOR & FOODS INC,MONTE RIO,Sonoma,CA,95462,20293 HIGHWAY 116,21,00536470,31-OCT-2026
HIGHLAND DELL LODGE RESTAURANT,HIGHLAND DELL LODGE RESTAURANT,BECKMAN  GARY,MONTE RIO,Sonoma,CA,95462,21050 RIVER BLVD,47,00412131,31-MAY-2027
NORTHWOOD RESTAURANT & BAR,NORTHWOOD RESTAURANT & BAR,SCHILLING  CHRISTINE VERA,MONTE RIO,Sonoma,CA,95462-9716,19400 HIGHWAY 116,47,00606362,30-JUN-2027
NORTHWOOD RESTAURANT & BAR,NORTHWOOD RESTAURANT & BAR,SCHILLING  CHRISTINE VERA,MONTE RIO,Sonoma,CA,95462-9716,19400 HIGHWAY 116,58,00606362,30-JUN-2027
VILLAGE INN & RESTAURANT,VILLAGE INN & RESTAURANT,BOHEMIAN MANOR LLC,MONTE RIO,Sonoma,CA,95462-9758,20822 RIVER BLVD,47,00638215,31-OCT-2026
ALTAMONT GENERAL STORE,ALTAMONT GENERAL STORE,THE ALTAMONT GENERAL STORE LLC,OCCIDENTAL,Sonoma,CA,95465,3703 MAIN ST,41,00606302,28-FEB-2027
BARLEY AND HOPS TAVERN,BARLEY AND HOPS TAVERN,BIT HOUSE LLC,OCCIDENTAL,Sonoma,CA,95465-9154,3688 BOHEMIAN HWY,41,00563980,
BOHEME WINES,BOHEME WINES,K BEITLER LLC,OCCIDENTAL,Sonoma,CA,95465,3625 MAIN ST,02,00567379,30-JUN-2026
BOHEMIAN MARKET,BOHEMIAN MARKET,MEYER  COURTNEY,OCCIDENTAL,Sonoma,CA,95465,3691 MAIN ST,20,00589608,30-SEP-2026
COBB WINES,COBB WINES,COBB WINES  LLC,OCCIDENTAL,Sonoma,CA,95465,18100 FITZPATRICK LN,17,00394087,
COBB WINES,COBB WINES,COBB WINES  LLC,OCCIDENTAL,Sonoma,CA,95465,18100 FITZPATRICK LN,20,00394087,
COBB WINES,COBB WINES,COBB WINES  LLC,OCCIDENTAL,Sonoma,CA,95465,18100 FITZPATRICK LN,17,00394087,31-OCT-2026
COBB WINES,COBB WINES,COBB WINES  LLC,OCCIDENTAL,Sonoma,CA,95465,18100 FITZPATRICK LN,20,00394087,31-OCT-2026
COBB WINES,COBB WINES,COBB WINES  LLC,OCCIDENTAL,Sonoma,CA,95465,18100 FITZPATRICK LN,02,00394087,30-JUN-2026
EL MARIACHI CAFE,EL MARIACHI CAFE,CAZARES  CARLOS TORRES,OCCIDENTAL,Sonoma,CA,95465,3595 BOHEMIAN HWY,41,00523103,31-JUL-2026
HOWARD STATION CAFE,HOWARD STATION CAFE,FILIP ENTERPRISE INC.,OCCIDENTAL,Sonoma,CA,95465-9149,3611 MAIN ST.,41,00641760,31-OCT-2026
SONOMA FINE WINE,SONOMA FINE WINE,GABRIEL  BENJAMYNN,OCCIDENTAL,Sonoma,CA,95465,3625 MAIN ST,20,00568288,31-MAY-2027
AABALAT FINE AND RARE WINES,AABALAT FINE AND RARE WINES,KNB VENTURES LLC,PENNGROVE,Sonoma,CA,94951-8746,100 GOODWIN LN,17,00640242,31-JAN-2027
AABALAT FINE AND RARE WINES,AABALAT FINE AND RARE WINES,KNB VENTURES LLC,PENNGROVE,Sonoma,CA,94951-8746,100 GOODWIN LN,20,00640242,31-JAN-2027
AABALAT FINE AND RARE WINES,AABALAT FINE AND RARE WINES,KNB VENTURES LLC,PENNGROVE,Sonoma,CA,94951-8746,100 GOODWIN LN,09,00640242,31-JAN-2027
MACKS BAR & GRILL,MACKS BAR & GRILL,THE THREE CRACKERS INC,PENNGROVE,Sonoma,CA,94951,10056 MAIN ST,47,00502445,
MACKS BAR & GRILL,MACKS BAR & GRILL,THE THREE CRACKERS INC,PENNGROVE,Sonoma,CA,94951,10056 MAIN ST,77,00502445,
MACKS BAR & GRILL,MACKS BAR & GRILL,THE THREE CRACKERS INC,PENNGROVE,Sonoma,CA,94951,10056 MAIN ST,58,00502445,
PANTHER RIDGE WINES,PANTHER RIDGE WINES,PANTHER RIDGE WINES LLC,PENNGROVE,Sonoma,CA,94951-8726,5252 LICHAU RD,17,00628351,30-SEP-2026
PANTHER RIDGE WINES,PANTHER RIDGE WINES,PANTHER RIDGE WINES LLC,PENNGROVE,Sonoma,CA,94951-8726,5252 LICHAU RD,20,00628351,30-SEP-2026
PENNGROVE MARKET,PENNGROVE MARKET,LOCAL HARVEST  LLC,PENNGROVE,Sonoma,CA,94951,10070 MAIN ST,41,00584293,31-MAR-2027
PENNGROVE PUB,PENNGROVE PUB,LOU'S MOM LLC,PENNGROVE,Sonoma,CA,94951,10005 MAIN ST,48,00639047,30-SEP-2026
TWIN OAKS TAVERN LLC,TWIN OAKS TAVERN LLC,TWIN OAKS TAVERN LLC,PENNGROVE,Sonoma,CA,94951-8676,5745 OLD REDWOOD HWY,58,00538304,
TWIN OAKS TAVERN LLC,TWIN OAKS TAVERN LLC,TWIN OAKS TAVERN LLC,PENNGROVE,Sonoma,CA,94951-8676,5745 OLD REDWOOD HWY,48,00538304,
7 ELEVEN STORE 2231 18019D,7 ELEVEN STORE 2231 18019D,7 ELEVEN INC,PETALUMA,Sonoma,CA,94952,124 PETALUMA BLVD,20,00277064,30-JUN-2027
ACME BURGER,ACME BURGER,PETIT COCHON KTK  LLC,PETALUMA,Sonoma,CA,94954-8519,701 SONOMA MOUNTAIN PKWY,41,00659184,30-JUN-2027
ACME BURGER PETALUMA,ACME BURGER PETALUMA,PETIT COCHON KTK  LLC,PETALUMA,Sonoma,CA,94952-2919,330 WESTERN AVE,41,00639660,30-SEP-2026
ACRE PIZZA,ACRE PIZZA,ACRE GROUP LLC,PETALUMA,Sonoma,CA,94952-1900,1080 PETALUMA BLVD N,41,00629778,31-JAN-2027
ADOBE BEVERAGE & DELI,ADOBE BEVERAGE & DELI,SHUKLA  TILAK RAJ,PETALUMA,Sonoma,CA,94954-5471,1410 S MCDOWELL BLVD,21,00574373,31-MAR-2027
ADOBE ROAD WINERY,ADOBE ROAD WINERY,BUCKLER FAMILY VINEYARDS  LLC,PETALUMA,Sonoma,CA,94954,1995 S MCDOWELL BOULEVARD EXT,02,00420143,
ADOBE ROAD WINERY,ADOBE ROAD WINERY,BUCKLER FAMILY VINEYARDS  LLC,PETALUMA,Sonoma,CA,94954,1995 S MCDOWELL BOULEVARD EXT,02,00420143,30-JUN-2027
ADOBE ROAD WINERY,ADOBE ROAD WINERY,BUCKLER FAMILY VINEYARDS  LLC,PETALUMA,Sonoma,CA,94954-7149,1360 N MCDOWELL BLVD,02,00570289,30-JUN-2027
ADOBE ROAD WINERY,ADOBE ROAD WINERY,BUCKLER FAMILY VINEYARDS  LLC,PETALUMA,Sonoma,CA,94954-3050,6 PETALUMA BLVD N,02,00570274,30-JUN-2027
ADOBE ROAD WINERY,ADOBE ROAD WINERY,BUCKLER FAMILY VINEYARDS  LLC,PETALUMA,Sonoma,CA,94954,1995 S MCDOWELL BOULEVARD EXT,02,00420143,
ADOBE ROAD WINERY,ADOBE ROAD WINERY,BUCKLER FAMILY VINEYARDS  LLC,PETALUMA,Sonoma,CA,94954-6919,1997 S MCDOWELL BLVD,02,00455978,
ANDRESENS TAVERN,ANDRESENS TAVERN,ANDRESEN  KATHY P,PETALUMA,Sonoma,CA,94952,19 WESTERN AVE,21,00295333,30-JUN-2026
ANDRESENS TAVERN,ANDRESENS TAVERN,ANDRESEN  KATHY P,PETALUMA,Sonoma,CA,94952,19 WESTERN AVE,48,00295333,30-JUN-2026
APPLEBEES NEIGHBORHOOD GRILL & BAR,APPLEBEES NEIGHBORHOOD GRILL & BAR,WINECOUNTRY APPLE LLC,PETALUMA,Sonoma,CA,94954,5301 REDWOOD HWY N,47,00421011,31-DEC-2026
AQUS CAFE,AQUS CAFE,FOUNDRY WHARF RESTAURANT GROUP LLC,PETALUMA,Sonoma,CA,94952-5125,189 H ST,41,00508653,31-MAR-2027
AVINAGE - A WINE SHOP,AVINAGE - A WINE SHOP,AVINAGE LLC,PETALUMA,Sonoma,CA,94952-3001,15 PETALUMA BLVD N,20,00628256,31-MAR-2027
AVINAGE - A WINE SHOP,AVINAGE - A WINE SHOP,AVINAGE LLC,PETALUMA,Sonoma,CA,94952-3001,15 PETALUMA BLVD N,86,00628256,31-MAR-2027
AZARI WINERY,AZARI WINERY,AZARI  KAMAL YOUSSEFI,PETALUMA,Sonoma,CA,94952-9695,1399 SPRING HILL RD,02,00458779,30-JUN-2026
BARBER CELLARS,BARBER CELLARS,BARBER  JONATHAN MICHAEL,PETALUMA,Sonoma,CA,94952-2911,112 WASHINGTON ST,02,00560775,30-JUN-2026
BARBER CELLARS,BARBER CELLARS,BARBER  JONATHAN MICHAEL,PETALUMA,Sonoma,CA,94952-6515,1160 INDUSTRIAL AVE,02,00650282,30-JUN-2026
BARBER LEE SPIRITS,BARBER LEE SPIRITS,BARBER LEE SPIRITS  LLC,PETALUMA,Sonoma,CA,94952-2911,120 WASHINGTON ST,06,00596754,30-NOV-2026
BARBER LEE SPIRITS,BARBER LEE SPIRITS,BARBER LEE SPIRITS  LLC,PETALUMA,Sonoma,CA,94952-2911,120 WASHINGTON ST,74,00596754,30-NOV-2026
BATEMON MEATS AGIUS MARKET,BATEMON MEATS AGIUS MARKET,SAINI  ANIL KUMAR,PETALUMA,Sonoma,CA,94952,4701 & 4701A BODEGA AVE,21,00404163,31-MAR-2027
BIJOU RESTAURANT,BIJOU RESTAURANT,ANONYMOUS GROUP LLC,PETALUMA,Sonoma,CA,94952-2995,190 KENTUCKY ST,47,00666025,28-FEB-2027
BOB COOLEY WINE CO.,BOB COOLEY WINE CO.,GRAPE VENTURES WINE COMPANY LLC,PETALUMA,Sonoma,CA,94952-5100,101 H ST,17,00676518,31-AUG-2026
BOB COOLEY WINE CO.,BOB COOLEY WINE CO.,GRAPE VENTURES WINE COMPANY LLC,PETALUMA,Sonoma,CA,94952-5100,101 H ST,20,00676518,31-AUG-2026
BONCHON KOREAN FRIED CHICKEN,BONCHON KOREAN FRIED CHICKEN,GAMBISH INVESTMENT GROUP INC.,PETALUMA,Sonoma,CA,94954-2339,447 N MCDOWELL BLVD,41,00660874,30-SEP-2026
BOULEVARD CAFE AND GRILL,BOULEVARD CAFE AND GRILL,NARIEL INVESTMENTS INC,PETALUMA,Sonoma,CA,94952-1900,1096 PETALUMA BLVD N,41,00428311,31-DEC-2026
BOULEVARD CAFE AND GRILL,BOULEVARD CAFE AND GRILL,NARIEL INVESTMENTS INC,PETALUMA,Sonoma,CA,94952-1900,1096 PETALUMA BLVD N,58,00428311,31-DEC-2026
BROOKS NOTE WINERY,BROOKS NOTE WINERY,BROOKS NOTE WINES  LLC,PETALUMA,Sonoma,CA,94952-2873,426 PETALUMA BLVD N,02,00618773,30-JUN-2026
BUBBLES & DELIGHTS CAFE,BUBBLES & DELIGHTS CAFE,CARGILE  DEBRA LOUISE,PETALUMA,Sonoma,CA,94952-3167,359 E WASHINGTON ST,41,00666710,31-AUG-2026
BUFFALO WILD WINGS,BUFFALO WILD WINGS,WINGMEN V  LLC,PETALUMA,Sonoma,CA,94952-3404,401 KENILWORTH DR,47,00536616,
BUFFALO WILD WINGS,BUFFALO WILD WINGS,WINGMEN V  LLC,PETALUMA,Sonoma,CA,94952-3404,401 KENILWORTH DR,47,00536616,30-NOV-2026
CAFE BELLINI,CAFE BELLINI,CAFÉ BELLINI LLC,PETALUMA,Sonoma,CA,94954-3557,100 S MCDOWELL BLVD,47,00617289,
CAFE BELLINI,CAFE BELLINI,CAFE BELLINI AND BAR LLC,PETALUMA,Sonoma,CA,94954-3557,100 S MCDOWELL BLVD,47,00658287,31-MAY-2027
CAFE MIMOSA,CAFE MIMOSA,CAFE MIMOSA PETALUMA  LLC,PETALUMA,Sonoma,CA,94954-2339,417 N MCDOWELL BLVD,41,00667652,31-AUG-2026
CANTON RESTAURANT,CANTON RESTAURANT,CHEN  YI XIAO,PETALUMA,Sonoma,CA,94952,951 LAKEVILLE ST,41,00435919,31-JAN-2027
CENTRAL MARKET,CENTRAL MARKET,SLOWHOUSE INC,PETALUMA,Sonoma,CA,94952,42 PETALUMA BLVD N,41,00397762,30-APR-2027
CHAN CHAO THAI RESTAURANT,CHAN CHAO THAI RESTAURANT,CHAN CHAO LLC,PETALUMA,Sonoma,CA,94952,610 PETALUMA BLVD N,41,00669810,30-NOV-2026
CHARLEY'S DELI  FINE WINES & LIQUOR,CHARLEY'S DELI  FINE WINES & LIQUOR,SIMOR ENTERPRISES  INC,PETALUMA,Sonoma,CA,94952,601 PETALUMA BLVD S,21,00556643,30-APR-2027
CHARLEY'S DELI  FINE WINES & LIQUOR,CHARLEY'S DELI  FINE WINES & LIQUOR,SIMOR ENTERPRISES  INC,PETALUMA,Sonoma,CA,94952,601 PETALUMA BLVD S,42,00556643,30-APR-2027
CHINATOWN RESTAURANT,CHINATOWN RESTAURANT,TZ FAMILY LLC,PETALUMA,Sonoma,CA,94952-2304,157 KENTUCKY ST,41,00593463,31-MAR-2027
CHIPOTLE MEXICAN GRILL #2062,CHIPOTLE MEXICAN GRILL #2062,CHIPOTLE MEXICAN GRILL INC,PETALUMA,Sonoma,CA,94952-3404,401 KENILWORTH DR,41,00531040,31-JUL-2026
CHUNKYS TAQUERIA AND GRILL,CHUNKYS TAQUERIA AND GRILL,RASHED  ALEXANDER ABDER,PETALUMA,Sonoma,CA,94954-8519,701 SONOMA MT PKWY,41,00376725,30-APR-2027
CRUSE WINE COMPANY LLC,,CRUSE WINE COMPANY LLC,PETALUMA,Sonoma,CA,94954-1151,1003 CLEGG CT,02,00561682,30-JUN-2026
CRUSE WINE COMPANY LLC,,CRUSE WINE COMPANY LLC,PETALUMA,Sonoma,CA,94954-1106,1240 HOLM RD,02,00534161,30-JUN-2026
CVS PHARMACY STORE 9163,CVS PHARMACY STORE 9163,GARFIELD BEACH CVS LLC,PETALUMA,Sonoma,CA,94954,291 N MCDOWELL BLVD,21,00477880,31-MAY-2027
CVS PHARMACY STORE 9480,CVS PHARMACY STORE 9480,GARFIELD BEACH CVS LLC,PETALUMA,Sonoma,CA,94952,365 E WASHINGTON ST,21,00477884,31-MAY-2027
DON PANCHO'S MEXICAN FOOD,DON PANCHO'S MEXICAN FOOD,SAHAGUN  MARIA MAGDALENA,PETALUMA,Sonoma,CA,94954-2306,285 N MCDOWELL BLVD,47,00567391,31-MAR-2027
DON PANCHO'S MEXICAN FOOD,DON PANCHO'S MEXICAN FOOD,SAHAGUN  MARIA MAGDALENA,PETALUMA,Sonoma,CA,94954-2306,285 N MCDOWELL BLVD,58,00567391,31-MAR-2027
DOS PIEDRAS WINES,DOS PIEDRAS WINES,DOS PIEDRAS WINES LLC,PETALUMA,Sonoma,CA,94954-3656,1633 JOAN DR,02,00625951,30-JUN-2027
EL PACIFICO MARKET,EL PACIFICO MARKET,EL PACIFICO MARKET 3 INC.,PETALUMA,Sonoma,CA,94952-3132,451 LAKEVILLE ST,41,00659340,31-JUL-2026
ERNIE'S TIN BAR,ERNIE'S TIN BAR,ERNIE'S TIN BAR  INC,PETALUMA,Sonoma,CA,94954-9519,5100 LAKEVILLE HWY,40,00580742,30-APR-2027
EVEREST RESTAURANT,EVEREST RESTAURANT,SALAKA BROTHERS LLC,PETALUMA,Sonoma,CA,94952-3165,56 E WASHINGTON ST,41,00597544,30-NOV-2026
EXTREME PIZZA,EXTREME PIZZA,SA & RE  INC,PETALUMA,Sonoma,CA,94954-6959,3100 LAKEVILLE HWY,41,00591383,31-MAR-2027
FANTASY RESTAURANT  LLC,,FANTASY RESTAURANT  LLC,PETALUMA,Sonoma,CA,94954-3632,1520 E WASHINGTON ST,41,00578521,28-FEB-2027
FUJI JAPANESE,FUJI JAPANESE,CALHOUN  A MEI,PETALUMA,Sonoma,CA,94954,253 N MCDOWELL BLVD,41,00462103,31-DEC-2026
GALES CENTRAL CLUB,GALES CENTRAL CLUB,GALES CENTRAL CLUB INC,PETALUMA,Sonoma,CA,94952,106 PETALUMA BLVD N,21,00421847,31-JAN-2027
GALES CENTRAL CLUB,GALES CENTRAL CLUB,GALES CENTRAL CLUB INC,PETALUMA,Sonoma,CA,94952,106 PETALUMA BLVD N,48,00421847,31-JAN-2027
GALES CENTRAL CLUB,GALES CENTRAL CLUB,GALES CENTRAL CLUB INC,PETALUMA,Sonoma,CA,94952,106 PETALUMA BLVD N,58,00421847,31-JAN-2027
HAND OF GOD WINES,HAND OF GOD WINES,LIFE IS SHORT! LLC,PETALUMA,Sonoma,CA,94954-1126,1327 CLEGG ST,02,00628595,30-JUN-2026
HECTORS PIZZA,HECTORS PIZZA,GONZALEZ  HECTOR,PETALUMA,Sonoma,CA,94954,1420 S MCDOWELL BLVD,41,00242210,31-OCT-2026
HIMALAYAN GRILL AND DOSA,HIMALAYAN GRILL AND DOSA,MAHARJAN  BISHNU KUMARI,PETALUMA,Sonoma,CA,94954-1204,5306 OLD REDWOOD HWY,41,00678184,30-APR-2027
KARINAS MEXICAN BAKERY,KARINAS MEXICAN BAKERY,CARRENO  ALBINO QUIROZ,PETALUMA,Sonoma,CA,94952-2108,827 PETALUMA BLVD N,41,00540959,31-JAN-2027
KIERAN ROBINSON WINES,KIERAN ROBINSON WINES,ROBINSON  KIERAN WILLIAM,PETALUMA,Sonoma,CA,94952-4016,24 LAUREL AVE,17,00506752,31-JAN-2027
KIERAN ROBINSON WINES,KIERAN ROBINSON WINES,ROBINSON  KIERAN WILLIAM,PETALUMA,Sonoma,CA,94952-4016,24 LAUREL AVE,20,00506752,31-JAN-2027
LA AZTECA RESTAURANT,LA AZTECA RESTAURANT,GUTIERREZ  PABLO,PETALUMA,Sonoma,CA,94954,1420 S MCDOWELL BLVD,41,00444035,30-SEP-2026
LA DOLCE VITA WINE LOUNGE,LA DOLCE VITA WINE LOUNGE,LA DOLCE VITA WINE LOUNGE INC,PETALUMA,Sonoma,CA,94952-3032,151 PETALUMA BLVD S,41,00448539,31-AUG-2026
LEGHORN WINE GROUP  LLC,,LEGHORN WINE GROUP  LLC,PETALUMA,Sonoma,CA,94954-1151,1003 CLEGG CT,02,00639777,30-JUN-2026
LEGHORN WINE GROUP  LLC,,LEGHORN WINE GROUP  LLC,PETALUMA,Sonoma,CA,94954-1151,1003 CLEGG CT,14,00639777,31-AUG-2026
LEMONGRASS THAI CUISINE,LEMONGRASS THAI CUISINE,RERMPRACHATIPATAI  WANWIPA,PETALUMA,Sonoma,CA,94954-2304,109 N MCDOWELL BLVD,41,00471298,31-JAN-2027
LOLAS MARKET,LOLAS MARKET,LOLA'S MARKET INC,PETALUMA,Sonoma,CA,94954-2306,241 N MCDOWELL BLVD,20,00510504,30-JUN-2027
LOLAS MARKET,LOLAS MARKET,LOLA'S MARKET INC,PETALUMA,Sonoma,CA,94954-2306,241 N MCDOWELL BLVD,41,00510504,31-JUL-2026
LOMBARDI WINES  LLC,LOMBARDI WINES  LLC,LOMBARDI WINES LLC,PETALUMA,Sonoma,CA,94954-5869,2 RAFFLES CT,20,00539378,31-DEC-2026
LOMBARDI WINES  LLC,LOMBARDI WINES  LLC,LOMBARDI WINES LLC,PETALUMA,Sonoma,CA,94954-5869,2 RAFFLES CT,17,00539378,31-DEC-2026
LOMBARDIS GOURMET DELI & BBQ,LOMBARDIS GOURMET DELI & BBQ,LOMBARDIS BBQ INC,PETALUMA,Sonoma,CA,94952,3413 PETALUMA BLVD N,41,00409997,30-APR-2027
LOMBARDIS GOURMET DELI & BBQ,LOMBARDIS GOURMET DELI & BBQ,LOMBARDIS BBQ INC,PETALUMA,Sonoma,CA,94952,3413 PETALUMA BLVD N,58,00409997,30-APR-2027
LOOKOUT RIDGE WINERY,LOOKOUT RIDGE WINERY,LLOYD & LOUISE  INC.,PETALUMA,Sonoma,CA,94954-5510,755 BAYWOOD DR,02,00592371,30-JUN-2026
LOOKOUT RIDGE WINERY,LOOKOUT RIDGE WINERY,LLOYD & LOUISE  INC.,PETALUMA,Sonoma,CA,94954-5510,755 BAYWOOD DR,17,00592363,31-MAY-2026
LOOKOUT RIDGE WINERY,LOOKOUT RIDGE WINERY,LLOYD & LOUISE  INC.,PETALUMA,Sonoma,CA,94954-5510,755 BAYWOOD DR,20,00592363,31-MAY-2026
LUCCHESIS DELI INC,LUCCHESIS DELI INC,LUCCHESIS DELI INC,PETALUMA,Sonoma,CA,94954,301 S MCDOWELL BLVD,20,00382504,30-NOV-2026
MARY'S PIZZA SHACK,MARY'S PIZZA SHACK,ALBANO-DITO FAMILY RESTAURANT GROUP,PETALUMA,Sonoma,CA,94954-2339,423 N MCDOWELL BLVD,47,00651553,30-SEP-2026
MCNEARS RESTAURANT AND BAR INC,,MCNEARS RESTAURANT AND BAR INC,PETALUMA,Sonoma,CA,94952-3001,21-23 PETALUMA BLVD NORTH,47,00302094,31-JUL-2026
MCNEARS RESTAURANT AND BAR INC,,MCNEARS RESTAURANT AND BAR INC,PETALUMA,Sonoma,CA,94952-3001,21-23 PETALUMA BLVD NORTH,58,00302094,31-JUL-2026
MCNEARS RESTAURANT AND BAR INC,,MCNEARS RESTAURANT AND BAR INC,PETALUMA,Sonoma,CA,94952-3001,21-23 PETALUMA BLVD NORTH,47,00302094,31-JUL-2026
MOUNTAIN MIKE'S PIZZA,MOUNTAIN MIKE'S PIZZA,SHRESTHA & SONS LLC,PETALUMA,Sonoma,CA,94952-3329,919 LAKEVILLE ST,41,00612327,31-DEC-2026
MOUNTAIN MIKES PIZZA,MOUNTAIN MIKES PIZZA,CHANDI FAMILY INC,PETALUMA,Sonoma,CA,94952-3329,919 LAKEVILLE ST,41,00502485,
MR. MOM'S CAFE,MR. MOM'S CAFE,MR. MOM'S CAFE LLC,PETALUMA,Sonoma,CA,94952-5136,931 PETALUMA BLVD S,41,00666493,28-FEB-2027
NAMASTE LIQUOR & DELI,NAMASTE LIQUOR & DELI,NAMASTE LIQUOR & DELI INC,PETALUMA,Sonoma,CA,94952-1269,3590 PETALUMA BLVD N,21,00619572,30-NOV-2026
NORTH BAY CAFE LLC,NORTH BAY CAFE LLC,NORTH BAY CAFÉ LLC,PETALUMA,Sonoma,CA,94952-3030,25 PETALUMA BLVD S,41,00614346,31-JUL-2026
O! SUSHI,O! SUSHI,KIM  YOUNG H,PETALUMA,Sonoma,CA,94954-7104,1390 N MCDOWELL BLVD,41,00678621,31-MAY-2027
OLD CHICAGO PIZZA,OLD CHICAGO PIZZA,OLD CHICAGO PIZZA,PETALUMA,Sonoma,CA,94952-3001,41 PETALUMA BLVD N,41,00591110,28-FEB-2027
OLD CHICAGO PIZZA,OLD CHICAGO PIZZA,OLD CHICAGO PIZZA L-PSHIP,PETALUMA,Sonoma,CA,94952-3001,41 PETALUMA BLVD N,41,00476876,
ORTEGA'S MARKET #2,ORTEGA'S MARKET #2,ORTEGA'S MARKET  INC.,PETALUMA,Sonoma,CA,94954-3336,946 CAULFIELD LN,20,00541867,28-FEB-2027
OYAMA SUSHI,OYAMA SUSHI,R Q & B  INC.,PETALUMA,Sonoma,CA,94954-2304,175 N MCDOWELL BLVD,41,00583143,31-AUG-2026
PARADISE SUSHI & GRILL,PARADISE SUSHI & GRILL,MTZ PARADISE SUSHI  LLC,PETALUMA,Sonoma,CA,94952-3115,20 E WASHINGTON ST,47,00516251,30-APR-2027
PARUM LEO WINE,PARUM LEO WINE,PARUM LEO WINE  LLC,PETALUMA,Sonoma,CA,94952,4415 KASTANIA DR,02,00615702,30-JUN-2027
PETALUMA GOLF & COUNTRY CLUB,PETALUMA GOLF & COUNTRY CLUB,PETALUMA GOLF & COUNTRY CLUB,PETALUMA,Sonoma,CA,94952-5271,1500 COUNTRY CLUB DR,51,00019118,31-AUG-2026
PETALUMA GOLF & COUNTRY CLUB,PETALUMA GOLF & COUNTRY CLUB,PETALUMA GOLF & COUNTRY CLUB,PETALUMA,Sonoma,CA,94952-5271,1500 COUNTRY CLUB DR,68,00019118,31-AUG-2026
PETALUMA GOLF & COUNTRY CLUB,PETALUMA GOLF & COUNTRY CLUB,PETALUMA GOLF & COUNTRY CLUB,PETALUMA,Sonoma,CA,94952-5271,1500 COUNTRY CLUB DR,58,00019118,31-AUG-2026
PETALUMA GOLF CENTER SONNYS GRILL,PETALUMA GOLF CENTER SONNYS GRILL,PETALUMA GOLF CENTER LLC,PETALUMA,Sonoma,CA,94952-8112,200 STONY POINT RD,41,00487799,31-MAR-2027
PETALUMA MARKET INC,PETALUMA MARKET INC,PETALUMA MARKET INC,PETALUMA,Sonoma,CA,94952,210 WESTERN AVE,21,00204019,30-SEP-2026
PETALUMA RIDING & DRIVING CLUB,PETALUMA RIDING & DRIVING CLUB,PETALUMA RIDING & DRIVING CLUB,PETALUMA,Sonoma,CA,94952,1820 SKILLMAN LN,51,00407733,30-APR-2027
PETALUMA YACHT CLUB,PETALUMA YACHT CLUB,PETALUMA YACHT CLUB INC,PETALUMA,Sonoma,CA,94952-3025,10 C ST,51,00168508,31-AUG-2026
PETER PAUL WINES,PETER PAUL WINES,PETER PAUL WINES  LLC,PETALUMA,Sonoma,CA,94954-5507,765 BAYWOOD DR,17,00575454,31-JUL-2027
PETER PAUL WINES,PETER PAUL WINES,PETER PAUL WINES  LLC,PETALUMA,Sonoma,CA,94954-5507,765 BAYWOOD DR,02,00575454,30-JUN-2027
PETER PAUL WINES,PETER PAUL WINES,PETER PAUL WINES  LLC,PETALUMA,Sonoma,CA,94954-5507,765 BAYWOOD DR,20,00575454,31-OCT-2026
PETER PAUL WINES,PETER PAUL WINES,PETER PAUL WINES  LLC,PETALUMA,Sonoma,CA,94954-5507,765 BAYWOOD DR,09,00575454,30-JUN-2027
PINKYS PIZZA,PINKYS PIZZA,PINKYS PIZZA PARLORS INC,PETALUMA,Sonoma,CA,94952,321 PETALUMA BLVD S,41,00040650,31-OCT-2026
PUB REPUBLIC,PUB REPUBLIC,BURNHAM & LEIGH RESTAURANTS  LLC,PETALUMA,Sonoma,CA,94954-6961,3120 LAKEVILLE HWY,41,00524011,
PUB REPUBLIC,PUB REPUBLIC,BURNHAM & LEIGH RESTAURANTS  LLC,PETALUMA,Sonoma,CA,94954-6961,3120 LAKEVILLE HWY,58,00524011,
PUB REPUBLIC,PUB REPUBLIC,HIGHWAY 116 HOSPITALITY  LLC,PETALUMA,Sonoma,CA,94954-6961,3120 LAKEVILLE HWY,58,00663479,31-OCT-2026
PUB REPUBLIC,PUB REPUBLIC,HIGHWAY 116 HOSPITALITY  LLC,PETALUMA,Sonoma,CA,94954-6961,3120 LAKEVILLE HWY,41,00663479,31-OCT-2026
PURPLE WINES,PURPLE WINES,PURPLE WINE COMPANY  LLC,PETALUMA,Sonoma,CA,94952-5160,617 2ND ST,02,00618130,
QUIK STOP MARKET #551057,QUIK STOP MARKET #551057,QUIK STOP MARKETS INC,PETALUMA,Sonoma,CA,94954-3632,1510 E WASHINGTON ST,21,00640384,30-JUN-2027
RAYS DELI AND TAVERN,RAYS DELI AND TAVERN,RAY'S DELI AND TAVERN INC.,PETALUMA,Sonoma,CA,94952-1737,900 WESTERN AVE,41,00555455,31-DEC-2026
RIVER FRONT CAFE,RIVER FRONT CAFE,RSN  LLC,PETALUMA,Sonoma,CA,94952,224 B ST,41,00580943,31-MAY-2027
ROJAS MARKET,ROJAS MARKET,ROJAS MARKET LLC,PETALUMA,Sonoma,CA,94952-3167,351 E WASHINGTON ST,20,00676980,31-MAR-2027
RON NOBLE WINES,RON NOBLE WINES,NOBLE FAMILY VINEYARDS LLC,PETALUMA,Sonoma,CA,94954-1183,2420 MOUNTAIN RANCH RD,02,00599459,30-JUN-2027
ROOSTER RUN GOLF CLUB LLC,ROOSTER RUN GOLF CLUB LLC,ROOSTER RUN GOLF CLUB LLC,PETALUMA,Sonoma,CA,94954,2301 E WASHINGTON ST,47,00345180,30-SEP-2026
ROUND TABLE PIZZA,ROUND TABLE PIZZA,CALIFORNIA RT PIZZA GROUP INC,PETALUMA,Sonoma,CA,94954-3505,227 S MCDOWELL BLVD,41,00558655,31-OCT-2026
ROUND TABLE PIZZA,ROUND TABLE PIZZA,MAZA  INC.,PETALUMA,Sonoma,CA,94952-2303,131 KENTUCKY ST,41,00634080,31-JAN-2027
RUSSE WINE PARTNERS,RUSSE WINE PARTNERS,RUSSE WINE PARTNERS  LLC,PETALUMA,Sonoma,CA,94952-2873,426 PETALUMA BLVD N,02,00672638,30-JUN-2026
RUSSE WINE PARTNERS,RUSSE WINE PARTNERS,RUSSE WINE PARTNERS  LLC,PETALUMA,Sonoma,CA,94952-2904,155 PETALUMA BLVD N,02,00667770,30-JUN-2026
SCHEMA WINES LLC,SCHEMA WINES LLC,SCHEMA WINES LLC,PETALUMA,Sonoma,CA,94952-5166,201 H ST,20,00649525,31-JUL-2027
SCHEMA WINES LLC,SCHEMA WINES LLC,SCHEMA WINES LLC,PETALUMA,Sonoma,CA,94952-5166,201 H ST,17,00649525,31-JUL-2027
SIMMER VIETNAMESE KITCHEN,SIMMER VIETNAMESE KITCHEN,LE  NHAT XUAN,PETALUMA,Sonoma,CA,94954-2306,299 N MCDOWELL BLVD,41,00532723,30-JUN-2026
SLO DOWN WINES,SLO DOWN WINES,SLO DOWN WINES  LLC,PETALUMA,Sonoma,CA,94952-2649,328 PLEASANT ST,02,00655306,30-JUN-2027
SLO DOWN WINES,SLO DOWN WINES,SLO DOWN WINES  LLC,PETALUMA,Sonoma,CA,94952-2649,328 PLEASANT ST,09,00655306,30-JUN-2027
SMART & FINAL STORE #782,SMART & FINAL STORE #782,SMART & FINAL STORES LLC,PETALUMA,Sonoma,CA,94954-2339,465 N MCDOWELL BLVD,21,00572409,30-JUN-2026
SOL FOOD RESTAURANT,SOL FOOD RESTAURANT,SFP PARTNERS INC.,PETALUMA,Sonoma,CA,94952-3032,151 PETALUMA BLVD S,41,00629890,31-JAN-2027
SOPHIE JAMES WINES,SOPHIE JAMES WINES,SOPHIE JAMES LLC,PETALUMA,Sonoma,CA,94954-9216,3200 SONOMA MOUNTAIN RD,20,00580884,30-JUN-2027
SOPHIE JAMES WINES,SOPHIE JAMES WINES,SOPHIE JAMES LLC,PETALUMA,Sonoma,CA,94954-9216,3200 SONOMA MOUNTAIN RD,17,00580884,30-JUN-2027
SOPHIE JAMES WINES,SOPHIE JAMES WINES,SOPHIE JAMES LLC,PETALUMA,Sonoma,CA,94954-9216,3200 SONOMA MOUNTAIN RD,02,00580884,30-JUN-2027
SOUTH CITY MARKET,SOUTH CITY MARKET,SINGH  RANI KAUR,PETALUMA,Sonoma,CA,94952,301 MOUNTAIN VIEW AVE,21,00406742,31-JAN-2027
SPRINGBOARD WINE COMPANY,SPRINGBOARD WINE COMPANY,SPRINGBOARD WINE COMPANY LLC,PETALUMA,Sonoma,CA,94952-2879,200 KENTUCKY ST,17,00602730,
SPRINGBOARD WINE COMPANY,SPRINGBOARD WINE COMPANY,SPRINGBOARD WINE COMPANY LLC,PETALUMA,Sonoma,CA,94952-2879,200 KENTUCKY ST,20,00602730,
SPRINGBOARD WINE COMPANY,SPRINGBOARD WINE COMPANY,SPRINGBOARD WINE COMPANY LLC,PETALUMA,Sonoma,CA,94952-2879,200 KENTUCKY ST,18,00602730,
SPRINGBOARD WINE COMPANY,SPRINGBOARD WINE COMPANY,SPRINGBOARD WINE COMPANY LLC,PETALUMA,Sonoma,CA,94952-2879,200 KENTUCKY ST,09,00602730,
SPRINGBOARD WINE COMPANY,SPRINGBOARD WINE COMPANY,SPRINGBOARD WINE COMPANY LLC,PETALUMA,Sonoma,CA,94952-2879,200 KENTUCKY ST,17,00602730,31-JUL-2026
SPRINGBOARD WINE COMPANY,SPRINGBOARD WINE COMPANY,SPRINGBOARD WINE COMPANY LLC,PETALUMA,Sonoma,CA,94952-2879,200 KENTUCKY ST,20,00602730,31-JUL-2026
SPRINGBOARD WINE COMPANY,SPRINGBOARD WINE COMPANY,SPRINGBOARD WINE COMPANY LLC,PETALUMA,Sonoma,CA,94952-2879,200 KENTUCKY ST,18,00602730,28-FEB-2027
SPRINGBOARD WINE COMPANY,SPRINGBOARD WINE COMPANY,SPRINGBOARD WINE COMPANY LLC,PETALUMA,Sonoma,CA,94952-2879,200 KENTUCKY ST,09,00602730,31-JUL-2026
SPROUTS FARMERS MARKET,SPROUTS FARMERS MARKET,SF MARKETS LLC,PETALUMA,Sonoma,CA,94952-3401,401 KENILWORTH DR,20,00528004,31-MAR-2027
STARWINE CELLARS,STARWINE CELLARS,STARWINE  LLC,PETALUMA,Sonoma,CA,94954-9510,6513 LAKEVILLE HWY,20,00566648,31-MAR-2027
STARWINE CELLARS,STARWINE CELLARS,STARWINE  LLC,PETALUMA,Sonoma,CA,94954-9510,6513 LAKEVILLE HWY,17,00566648,31-MAR-2027
STEEL BEAR DELI,STEEL BEAR DELI,DUSANJH  KULBIR SINGH,PETALUMA,Sonoma,CA,94954,5155 REDWOOD HWY N,21,00433950,30-JUN-2027
STEFANO'S PIZZA,STEFANO'S PIZZA,STEFANO'S PIZZA INC,PETALUMA,Sonoma,CA,94952-7416,5 PETALUMA BLVD S,41,00603374,28-FEB-2027
SUSHILUMA,SUSHILUMA,SON  ILHYEONG,PETALUMA,Sonoma,CA,94954-5471,1410 S MCDOWELL BLVD,41,00645997,31-MAR-2027
TEA ROOM CAFE,TEA ROOM CAFE,CRUM  KATHERINE TWINING,PETALUMA,Sonoma,CA,94952-2919,316 WESTERN AVE,41,00469743,30-SEP-2026
THAI 35 KITCHEN THE,THAI 35 KITCHEN THE,LEMONGRASS THAI NOODLE LLC,PETALUMA,Sonoma,CA,94952-3162,35 E WASHINGTON ST,41,00658454,31-AUG-2026
THAI BBQ HOUSE,THAI BBQ HOUSE,THAI BBQ HOUSE  INC.,PETALUMA,Sonoma,CA,94954-7104,1390 N MCDOWELL BLVD,41,00643466,31-JAN-2027
ULTRAMARINE WINES,ULTRAMARINE WINES,ULTRAMARINE WINES  LLC,PETALUMA,Sonoma,CA,94954-1106,1240 HOLM RD,02,00541029,30-JUN-2027
VINE AND BARREL LLC,VINE AND BARREL LLC,VINE AND BARREL LLC,PETALUMA,Sonoma,CA,94952-2335,122 KENTUCKY ST,41,00623426,31-DEC-2026
WHOLE FOODS MARKET,WHOLE FOODS MARKET,WHOLE FOODS MARKET CALIFORNIA INC,PETALUMA,Sonoma,CA,94952-3219,621 E WASHINGTON ST,20,00363122,28-FEB-2027
WHOLE FOODS MARKET,WHOLE FOODS MARKET,WHOLE FOODS MARKET CALIFORNIA INC,PETALUMA,Sonoma,CA,94952-3219,621 E WASHINGTON ST,86,00363122,28-FEB-2027
WILLIBEES WINES & SPIRITS,WILLIBEES WINES & SPIRITS,WILIBEES LLC,PETALUMA,Sonoma,CA,94952-3130,309 LAKEVILLE ST,21,00553011,28-FEB-2027
WILLIBEES WINES & SPIRITS,WILLIBEES WINES & SPIRITS,WILIBEES LLC,PETALUMA,Sonoma,CA,94952-3130,309 LAKEVILLE ST,42,00553011,28-FEB-2027
WILLIBEES WINES & SPIRITS,WILLIBEES WINES & SPIRITS,WILIBEES LLC,PETALUMA,Sonoma,CA,94952-3130,309 LAKEVILLE ST,86,00553011,28-FEB-2027
WINE LIBRARY INC,WINE LIBRARY INC,WINE LIBRARY INC,PETALUMA,Sonoma,CA,94954,765 BAYWOOD DR,17,00347754,31-MAY-2027
WINE LIBRARY INC,WINE LIBRARY INC,WINE LIBRARY INC,PETALUMA,Sonoma,CA,94954,765 BAYWOOD DR,20,00347754,31-MAY-2027
WINE LIBRARY INC,WINE LIBRARY INC,WINE LIBRARY INC,PETALUMA,Sonoma,CA,94954,765 BAYWOOD DR,09,00347754,31-MAY-2027
WINE SPIES  THE,WINE SPIES  THE,WINE SPIES LLC THE,PETALUMA,Sonoma,CA,94954-1126,1327 CLEGG ST,17,00632296,30-JUN-2027
WINE SPIES  THE,WINE SPIES  THE,WINE SPIES LLC THE,PETALUMA,Sonoma,CA,94954-1126,1327 CLEGG ST,20,00632296,30-JUN-2027
Y.ROUSSEAU WINES,Y.ROUSSEAU WINES,DARTAGNAN WINES CORPORATION,PETALUMA,Sonoma,CA,94952-2873,426 PETALUMA BLVD N,02,00637373,30-JUN-2026
7 ELEVEN STORE 2231 33389A,7 ELEVEN STORE 2231 33389A,7 ELEVEN INC,ROHNERT PARK,Sonoma,CA,94928,1704 E COTATI AVE,20,00416502,30-JUN-2027
A & L MARKET,A & L MARKET,BADHAN  VIKRAM SINGH,ROHNERT PARK,Sonoma,CA,94928-5441,1435 E COTATI AVE,21,00451364,31-MAR-2027
BOATHOUSE ASIAN EATERY,BOATHOUSE ASIAN EATERY,BOATHOUSE SUSHI INC,ROHNERT PARK,Sonoma,CA,94928-7906,630 PARK CT,47,00572870,30-NOV-2026
BOATHOUSE SUSHI,BOATHOUSE SUSHI,BOATHOUSE SUSHI INC,ROHNERT PARK,Sonoma,CA,94928-2019,6278 REDWOOD DR,47,00409046,
BUCKINGHAM WINES LLC,BUCKINGHAM WINES LLC,BUCKINGHAM WINES LLC,ROHNERT PARK,Sonoma,CA,94928-3112,271 ALISON AVE,02,00655105,30-JUN-2027
CAFE MIMOSA,CAFE MIMOSA,ATALLAH  MASOUD AZIZ,ROHNERT PARK,Sonoma,CA,94928-7907,451 ROHNERT PARK EXPRESSWAY,41,00602395,28-FEB-2027
CAMBRIA SONOMA WINE COUNTRY,CAMBRIA SONOMA WINE COUNTRY,CS SONOMA LIQUOR LICENSEE LLC,ROHNERT PARK,Sonoma,CA,94928-2041,5870 LABATH AVE,47,00654452,28-FEB-2027
CHILA-KILLER CAFE,CHILA-KILLER CAFE,CHAPARRO CHAPARRO  MARTIN,ROHNERT PARK,Sonoma,CA,94928-1650,5979 COMMERCE BLVD,41,00643650,30-JUN-2027
CHILIS GRILL & BAR 319,CHILIS GRILL & BAR 319,BRINKER RESTAURANT CORPORATION,ROHNERT PARK,Sonoma,CA,94928,4851 REDWOOD DR,47,00274028,31-AUG-2026
CHIPOTLE MEXICAN GRILL,CHIPOTLE MEXICAN GRILL,CHIPOTLE MEXICAN GRILL INC,ROHNERT PARK,Sonoma,CA,94928-2403,6325 COMMERCE BLVD,41,00521874,28-FEB-2027
COSTCO WHOLESALE STORE 659,COSTCO WHOLESALE STORE 659,COSTCO WHOLESALE CORPORATION,ROHNERT PARK,Sonoma,CA,94928,5901 REDWOOD DR,21,00385934,30-JUN-2027
COVELLO WINES LLC,,COVELLO WINES LLC,ROHNERT PARK,Sonoma,CA,94928-8107,1405 MARINER PL,17,00618656,31-OCT-2026
COVELLO WINES LLC,,COVELLO WINES LLC,ROHNERT PARK,Sonoma,CA,94928-8107,1405 MARINER PL,20,00618656,31-OCT-2026
CVS PHARMACY STORE 9928,CVS PHARMACY STORE 9928,GARFIELD BEACH CVS LLC,ROHNERT PARK,Sonoma,CA,94928,6378 COMMERCE BLVD,21,00477875,31-MAY-2027
DAILY GRILL,DAILY GRILL,GRILL CONCEPTS  INC.,ROHNERT PARK,Sonoma,CA,94928-7906,630 PARK CT,47,00533282,
DON JULIO'S RINCON LATIN GRILL & PUPUSAS,DON JULIO'S RINCON LATIN GRILL & PUPUSAS,DON JULIO'S LATIN GRILL AND PUPUSAS  INC.,ROHNERT PARK,Sonoma,CA,94928-3722,217 SOUTHWEST BLVD,41,00602286,30-SEP-2026
DOUBLETREE SONOMA WINE COUNTRY,DOUBLETREE SONOMA WINE COUNTRY,SONOMA LESSEE LLC,ROHNERT PARK,Sonoma,CA,94928-1336,1 DOUBLETREE DR,47,00581093,
DOUBLETREE SONOMA WINE COUNTRY,DOUBLETREE SONOMA WINE COUNTRY,SONOMA LESSEE LLC,ROHNERT PARK,Sonoma,CA,94928-1336,1 DOUBLETREE DR,77,00581093,
DOUBLETREE SONOMA WINE COUNTRY,DOUBLETREE SONOMA WINE COUNTRY,SONOMA LESSEE LLC,ROHNERT PARK,Sonoma,CA,94928-1336,1 DOUBLETREE DR,68,00581093,
DOUBLETREE SONOMA WINE COUNTRY,DOUBLETREE SONOMA WINE COUNTRY,SONOMA LESSEE LLC,ROHNERT PARK,Sonoma,CA,94928-1336,1 DOUBLETREE DR,47,00581093,
DOUBLETREE SONOMA WINE COUNTRY,DOUBLETREE SONOMA WINE COUNTRY,SAFEHOLD HOTEL OPCO SONOMA LLC,ROHNERT PARK,Sonoma,CA,94928-1336,1 DOUBLETREE DR,47,00676052,30-APR-2027
DOUBLETREE SONOMA WINE COUNTRY,DOUBLETREE SONOMA WINE COUNTRY,SAFEHOLD HOTEL OPCO SONOMA LLC,ROHNERT PARK,Sonoma,CA,94928-1336,1 DOUBLETREE DR,47,00676052,30-APR-2027
DOUBLETREE SONOMA WINE COUNTRY,DOUBLETREE SONOMA WINE COUNTRY,SAFEHOLD HOTEL OPCO SONOMA LLC,ROHNERT PARK,Sonoma,CA,94928-1336,1 DOUBLETREE DR,77,00676052,30-APR-2027
DOUBLETREE SONOMA WINE COUNTRY,DOUBLETREE SONOMA WINE COUNTRY,SAFEHOLD HOTEL OPCO SONOMA LLC,ROHNERT PARK,Sonoma,CA,94928-1336,1 DOUBLETREE DR,68,00676052,30-APR-2027
DYNASTY RESTAURANT,DYNASTY RESTAURANT,DYNASTY R.P. INC.,ROHNERT PARK,Sonoma,CA,94928,6555 HUNTER DR,41,00602969,30-NOV-2026
EASY STOP MARKET 2,EASY STOP MARKET 2,KHINDA AND SONS INC,ROHNERT PARK,Sonoma,CA,94928-2325,6475 REDWOOD DR,21,00555097,31-MAR-2027
EL PACIFICO MARKET,EL PACIFICO MARKET,EL PACIFICO MARKET INC,ROHNERT PARK,Sonoma,CA,94928-5537,1460 E COTATI AVE,41,00641450,28-FEB-2027
EL REY MARKET,EL REY MARKET,EL REY MARKET INC,ROHNERT PARK,Sonoma,CA,94928-3780,177 SOUTHWEST BLVD,20,00666862,31-MAY-2027
EL TORITO SUPERMARKET,EL TORITO SUPERMARKET,EL TORITO SUPERMARKET II,ROHNERT PARK,Sonoma,CA,94928-3507,1471 SOUTHWEST BLVD,41,00667510,31-OCT-2026
FOXTAIL GOLF CLUB AND FAIRVIEW SONOMA COUNTY,FOXTAIL GOLF CLUB AND FAIRVIEW SONOMA COUNTY,ROHNERT PARK GOLF  L.P.,ROHNERT PARK,Sonoma,CA,94928-1735,100 GOLF COURSE DR,47,00577546,31-JAN-2027
FOXTAIL GOLF CLUB AND FAIRVIEW SONOMA COUNTY,FOXTAIL GOLF CLUB AND FAIRVIEW SONOMA COUNTY,ROHNERT PARK GOLF  L.P.,ROHNERT PARK,Sonoma,CA,94928-1735,100 GOLF COURSE DR,47,00577546,31-JAN-2027
FOXTAIL GOLF CLUB AND FAIRVIEW SONOMA COUNTY,FOXTAIL GOLF CLUB AND FAIRVIEW SONOMA COUNTY,ROHNERT PARK GOLF  L.P.,ROHNERT PARK,Sonoma,CA,94928-1735,100 GOLF COURSE DR,58,00577546,31-JAN-2027
GOLF COURSE 76,GOLF COURSE 76,SAHNI FUELING INC,ROHNERT PARK,Sonoma,CA,94928-7905,5060 REDWOOD DR,20,00568989,30-JUN-2027
GRATON MARKET,GRATON MARKET,GUERNEVILLE LIQUOR CORPORATION,ROHNERT PARK,Sonoma,CA,94928-2110,4 PADRE PKWY STE A,21,00587893,31-AUG-2026
HANA JAPANESE RESTAURANT,HANA JAPANESE RESTAURANT,HAN-EI INTERNATIONAL CORPORATION,ROHNERT PARK,Sonoma,CA,94928-1774,101 GOLF COURSE DR,41,00244555,
JIDAIYA RESTAURANT,JIDAIYA RESTAURANT,JIDAIYA SUSHI  LLC,ROHNERT PARK,Sonoma,CA,94928-3507,1475 SOUTHWEST BLVD,41,00544165,28-FEB-2027
JUANITA MARKET 1,JUANITA MARKET 1,JUANITA MARKET INCORPORATED,ROHNERT PARK,Sonoma,CA,94928-3796,93 SOUTHWEST BLVD,20,00482317,31-JUL-2026
KABAYAN FILIPINO MARKET,KABAYAN FILIPINO MARKET,KABAYAN FILIPINO MARKET LLC,ROHNERT PARK,Sonoma,CA,94928-7809,6590 COMMERCE BLVD,20,00648860,31-JUL-2026
KWICK PICK MARKET,KWICK PICK MARKET,DUSANJH  KULBIR SINGH,ROHNERT PARK,Sonoma,CA,94928,101 GOLF COURSE DR,21,00334086,30-SEP-2026
KYOTO JAPANESE RESTAURANT,KYOTO JAPANESE RESTAURANT,WANG  YEN CHUN CHANG,ROHNERT PARK,Sonoma,CA,94928,5 PADRE PKWY,41,00334839,30-SEP-2026
MARGARITA'S MEXICAN FOOD,MARGARITA'S MEXICAN FOOD,MARGARITA'S MEXICAN FOOD LLC,ROHNERT PARK,Sonoma,CA,94928-7824,6585 COMMERCE BLVD,41,00668189,31-AUG-2026
MARGARITA'S MEXICAN FOOD,MARGARITA'S MEXICAN FOOD,MARGARITA'S MEXICAN FOOD LLC,ROHNERT PARK,Sonoma,CA,94928-7824,6585 COMMERCE BLVD,58,00668189,31-AUG-2026
MARYS PIZZA SHACK,MARYS PIZZA SHACK,C & T'S SHACK INC,ROHNERT PARK,Sonoma,CA,94928-1780,101 GOLF COURSE DR,58,00480586,
MARYS PIZZA SHACK,MARYS PIZZA SHACK,C & T'S SHACK INC,ROHNERT PARK,Sonoma,CA,94928-1780,101 GOLF COURSE DR,47,00480586,
MARYS PIZZA SHACK,MARYS PIZZA SHACK,C & T'S SHACK INC,ROHNERT PARK,Sonoma,CA,94928-1780,101 GOLF COURSE DR,47,00480586,30-SEP-2026
MARYS PIZZA SHACK,MARYS PIZZA SHACK,C & T'S SHACK INC,ROHNERT PARK,Sonoma,CA,94928-1780,101 GOLF COURSE DR,58,00480586,30-SEP-2026
MD LIQUOR & FOOD #9,MD LIQUOR & FOOD #9,DHILLON  MANGAL SINGH,ROHNERT PARK,Sonoma,CA,94928-5546,1451 SOUTHWEST BLVD,21,00649798,31-OCT-2026
MOUNTAIN MIKES PIZZA,MOUNTAIN MIKES PIZZA,CHANDI FAMILY INC,ROHNERT PARK,Sonoma,CA,94928-5546,1451 SOUTHWEST BLVD,41,00460266,
MOUNTAIN MIKES PIZZA,MOUNTAIN MIKES PIZZA,CHANDI FAMILY INC,ROHNERT PARK,Sonoma,CA,94928-2404,6314 COMMERCE BLVD,47,00575700,31-JAN-2027
MTZ PARADISE SUSHI  LLC,,MTZ PARADISE SUSHI  LLC,ROHNERT PARK,Sonoma,CA,94928-7936,370 ROHNERT PARK EXPY,41,00543032,30-APR-2027
NEIGHBORHOOD RESTAURANT  THE,NEIGHBORHOOD RESTAURANT  THE,ARZA RESTAURANT  LLC,ROHNERT PARK,Sonoma,CA,94928-1818,913 GOLF COURSE DR,41,00656069,31-MAR-2027
OLIVE GARDEN ITALIAN RESTAURANT THE 1325,OLIVE GARDEN ITALIAN RESTAURANT THE 1325,GMRI INC,ROHNERT PARK,Sonoma,CA,94928,6430 REDWOOD DR,47,00265185,31-DEC-2026
PECH MERLE WINERY,PECH MERLE WINERY,PECH MERLE INC,ROHNERT PARK,Sonoma,CA,94928-2287,855 SANTA DOROTEA CIR,02,00486098,30-JUN-2026
PECH MERLE WINERY,PECH MERLE WINERY,PECH MERLE INC,ROHNERT PARK,Sonoma,CA,94928-2287,855 SANTA DOROTEA CIR,17,00486098,28-FEB-2027
PECH MERLE WINERY,PECH MERLE WINERY,PECH MERLE INC,ROHNERT PARK,Sonoma,CA,94928-2287,855 SANTA DOROTEA CIR,20,00486098,28-FEB-2027
PRESSED BURGER,PRESSED BURGER,ALKFOF  MAEN  HOSSAM TOIMEH,ROHNERT PARK,Sonoma,CA,94928-5546,1451 SOUTHWEST BLVD,41,00578321,28-FEB-2027
QUICK SUSHI,QUICK SUSHI,CHHENG  LYDA,ROHNERT PARK,Sonoma,CA,94928-7907,449 ROHNERT PARK EXPY,41,00675941,31-JAN-2027
QUINCYS PUB & CAFE,QUINCYS PUB & CAFE,QUINCYS PUB & CAFE INC,ROHNERT PARK,Sonoma,CA,94928,6590 COMMERCE BLVD,48,00395976,31-OCT-2026
RAVE VINES & WINES  LLC,,RAVE VINES & WINES  LLC,ROHNERT PARK,Sonoma,CA,94928-7933,607 MARTIN AVE,02,00568481,30-JUN-2027
RESTAURANT DEPOT,RESTAURANT DEPOT,RD AMERICA LLC,ROHNERT PARK,Sonoma,CA,94928-4187,5000 DOWDELL AVE,17,00660988,31-AUG-2026
RESTAURANT DEPOT,RESTAURANT DEPOT,RD AMERICA LLC,ROHNERT PARK,Sonoma,CA,94928-4187,5000 DOWDELL AVE,18,00660988,31-AUG-2026
RESTAURANT DEPOT,RESTAURANT DEPOT,RD AMERICA LLC,ROHNERT PARK,Sonoma,CA,94928-4187,5000 DOWDELL AVE,12,00660988,31-AUG-2026
RESTAURANT DEPOT,RESTAURANT DEPOT,RD AMERICA LLC,ROHNERT PARK,Sonoma,CA,94928-4187,5000 DOWDELL AVE,09,00660988,31-AUG-2026
ROHNERT MARKET,ROHNERT MARKET,ROHNERT MARKET,ROHNERT PARK,Sonoma,CA,94928-7809,6590 COMMERCE BLVD,20,00520275,
ROUND TABLE PIZZA,ROUND TABLE PIZZA,CALIFORNIA RT PIZZA GROUP INC,ROHNERT PARK,Sonoma,CA,94928-2439,40 RALEYS TOWNE CENTRE,41,00551700,31-MAR-2027
SAMS MEDITERRANEAN DELI & CAFE,SAMS MEDITERRANEAN DELI & CAFE,SAM'S MEDITERRANEAN CATERING LLC,ROHNERT PARK,Sonoma,CA,94928-2000,613 MARTIN AVE,41,00645705,31-OCT-2026
SHANGRILA CAFE & GRILL,SHANGRILA CAFE & GRILL,SHANGRILA WEST INC,ROHNERT PARK,Sonoma,CA,94928,1706 E COTATI AVE,41,00408457,31-MAR-2027
SIMMER CLAW BAR,SIMMER CLAW BAR,LEPHAMS INC,ROHNERT PARK,Sonoma,CA,94928-7939,595 ROHNERT PARK EXPY W,47,00672485,31-DEC-2026
SIMMER CLAW BAR,SIMMER CLAW BAR,LEPHAMS INC,ROHNERT PARK,Sonoma,CA,94928-7939,595 ROHNERT PARK EXPY W,47,00672485,31-DEC-2026
SUSHIKO,SUSHIKO,SK 2023 USA  INC,ROHNERT PARK,Sonoma,CA,94928-6300,6265 COMMERCE BLVD,41,00651283,30-SEP-2026
TORTAS AHOGADAS MI BARRIO,TORTAS AHOGADAS MI BARRIO,TORTAS AHOGADAS MI BARRIO INC.,ROHNERT PARK,Sonoma,CA,94928-1960,5979 COMMERCE BLVD,41,00674025,31-DEC-2026
TUBBYS RESTAURANT,TUBBYS RESTAURANT,TUBBY'S RESTAURANT LLC,ROHNERT PARK,Sonoma,CA,94928-3780,199 SOUTHWEST BLVD,41,00646934,31-JUL-2026
WALMART NEIGHBORHOOD MARKET #2468,WALMART NEIGHBORHOOD MARKET #2468,WALMART INC.,ROHNERT PARK,Sonoma,CA,94928-1800,901 GOLF COURSE DR,21,00541268,30-JUN-2027
WALMART NEIGHBORHOOD MARKET #2468,WALMART NEIGHBORHOOD MARKET #2468,WALMART INC.,ROHNERT PARK,Sonoma,CA,94928-1800,901 GOLF COURSE DR,86,00541268,30-JUN-2027
WALMART STORE 1755,WALMART STORE 1755,WALMART INC.,ROHNERT PARK,Sonoma,CA,94928,4625 REDWOOD DR,21,00503893,30-JUN-2027
WILLS DELI & LIQUOR,WILLS DELI & LIQUOR,HANDELIH  ABEDELNOR,ROHNERT PARK,Sonoma,CA,94928,155 SOUTHWEST BLVD,21,00335312,31-OCT-2026
24 SEVEN FOOD & GRILL,24 SEVEN FOOD & GRILL,POST STREET REALTY GROUP LLC,SANTA ROSA,Sonoma,CA,95403-1913,3230 COFFEY LN,21,00669462,30-APR-2027
32 WINDS WINE,32 WINDS WINE,MASCARIN FAMILY ESTATES LLC,SANTA ROSA,Sonoma,CA,95403-1651,1160 HOPPER AVE,02,00608466,30-JUN-2027
3RD ST MARKET,3RD ST MARKET,DHILLON  MANGAL SINGH,SANTA ROSA,Sonoma,CA,95401,2446 W 3RD ST,21,00359156,31-MAY-2027
440 CLUB,440 CLUB,CARON  DEBORAH ANN,SANTA ROSA,Sonoma,CA,95401,434 COLLEGE AVE,21,00516557,31-MAY-2027
440 CLUB,440 CLUB,CARON  DEBORAH ANN,SANTA ROSA,Sonoma,CA,95401,434 COLLEGE AVE,48,00516557,31-MAY-2027
4TH ST DELI,4TH ST DELI,MOGANNAM  NAEL GEORGE,SANTA ROSA,Sonoma,CA,95401-8516,300 MENDOCINO AVE,20,00607701,30-NOV-2026
7 ELEVEN STORE 2231 33277A,7 ELEVEN STORE 2231 33277A,7 ELEVEN INC,SANTA ROSA,Sonoma,CA,95407,2648 SANTA ROSA AVE,20,00553880,30-JUN-2026
7 ELEVEN STORE 2365 34334A,7 ELEVEN STORE 2365 34334A,7 ELEVEN INC,SANTA ROSA,Sonoma,CA,95403-7401,1760 PINER RD,20,00503928,30-JUN-2027
9TH ST MARKET,9TH ST MARKET,SINGH  NAVJINDER PAL,SANTA ROSA,Sonoma,CA,95401-6249,766 WILSON ST,21,00618539,30-SEP-2026
A. TORANO FAMILY WINES,A. TORANO FAMILY WINES,TORANO FAMILY VINEYARDS  INC,SANTA ROSA,Sonoma,CA,95403-1651,1160 HOPPER AVE,02,00577998,30-JUN-2027
ABYSSINIA ETHIOPIAN RESTAURANT,ABYSSINIA ETHIOPIAN RESTAURANT,MERSO  WODERYELESH ALIGAZ,SANTA ROSA,Sonoma,CA,95404-4506,913 4TH ST,41,00462329,31-DEC-2026
ABYSSINIA ETHIOPIAN RESTAURANT,ABYSSINIA ETHIOPIAN RESTAURANT,MERSO  WODERYELESH ALIGAZ,SANTA ROSA,Sonoma,CA,95404-4506,913 4TH ST,58,00462329,31-DEC-2026
ACAPULCO MEXICAN GRILL,ACAPULCO MEXICAN GRILL,EL PRIMO'S INC.,SANTA ROSA,Sonoma,CA,95403-7586,90 MARK WEST SPRINGS RD,41,00566427,
ACCENTI WINES,ACCENTI WINES,MOONLIT LLC,SANTA ROSA,Sonoma,CA,95401-5783,2477 PLACER DR,17,00668374,30-APR-2027
ACCENTI WINES,ACCENTI WINES,MOONLIT LLC,SANTA ROSA,Sonoma,CA,95401-5783,2477 PLACER DR,20,00668374,30-APR-2027
ACES BALL CLUB,ACES BALL CLUB,AIM HOSPITALITY LLC,SANTA ROSA,Sonoma,CA,95403-1977,917 PINER RD,40,00666106,30-APR-2027
ACME BURGER EAST SANTA ROSA,ACME BURGER EAST SANTA ROSA,PETIT COCHON KTK  LLC,SANTA ROSA,Sonoma,CA,95405-8584,2781 YULUPA AVE,41,00669757,31-AUG-2026
ACME BURGER WEST COLLEGE AVE.,ACME BURGER WEST COLLEGE AVE.,PETIT COCHON KTK  LLC,SANTA ROSA,Sonoma,CA,95401-5046,1007 W COLLEGE AVE,41,00624384,31-JUL-2027
ADW WINE CONSULTING LLC,,ADW WINE CONSULTING LLC,SANTA ROSA,Sonoma,CA,95409-2614,2334 CREEKWOOD CT,17,00650448,31-OCT-2026
ADW WINE CONSULTING LLC,,ADW WINE CONSULTING LLC,SANTA ROSA,Sonoma,CA,95409-2614,2334 CREEKWOOD CT,09,00650448,31-OCT-2026
AESTHETE WINES,AESTHETE WINES,AESTHETE WINES LLC,SANTA ROSA,Sonoma,CA,95404-9592,4100 GRANGE RD,17,00592733,30-APR-2027
AESTHETE WINES,AESTHETE WINES,AESTHETE WINES LLC,SANTA ROSA,Sonoma,CA,95404-9592,4100 GRANGE RD,20,00592733,30-APR-2027
AM MINI MARKET,AM MINI MARKET,STOP N GO LIQUOR LLC,SANTA ROSA,Sonoma,CA,95407-7824,440 HEARN AVE,21,00519963,31-DEC-2026
AMERICAN TAILORED WINES,AMERICAN TAILORED WINES,AMERICAN TAILORED WINES LLC,SANTA ROSA,Sonoma,CA,95403-0991,3558 ROUND BARN BLVD,17,00648740,30-JUN-2027
AMERICAN TAILORED WINES,AMERICAN TAILORED WINES,AMERICAN TAILORED WINES LLC,SANTA ROSA,Sonoma,CA,95403-0991,3558 ROUND BARN BLVD,09,00648740,30-JUN-2027
AMPHORA IMPORTS,AMPHORA IMPORTS,AMPHORA IMPORTS LLC,SANTA ROSA,Sonoma,CA,95404-4340,414 CHINN ST,10,00583529,31-DEC-2026
ANNADEL ESTATE WINERY,ANNADEL ESTATE WINERY,ANNADEL ESTATE WINERY & FLOWERS LLC,SANTA ROSA,Sonoma,CA,95409-6494,6705 CRISTO LN,02,00627709,30-JUN-2027
ANNADEL ESTATE WINERY & FLOWERS LLC,,ANNADEL ESTATE WINERY & FLOWERS LLC,SANTA ROSA,Sonoma,CA,95409-5722,6687 SONOMA HWY,02,00621827,30-JUN-2027
APPLEBEES NEIGHBORHOOD GRILL & BAR,APPLEBEES NEIGHBORHOOD GRILL & BAR,WINECOUNTRY APPLE LLC,SANTA ROSA,Sonoma,CA,95407,2250 SANTA ROSA AVE,47,00421002,31-DEC-2026
ARGOT WINES,ARGOT WINES,ARGOT WINES LLC,SANTA ROSA,Sonoma,CA,95403-7416,3358 COFFEY LN,02,00467458,30-JUN-2026
ARGOT WINES,ARGOT WINES,ARGOT WINES LLC,SANTA ROSA,Sonoma,CA,95405-8540,2727 CANTERBURY DR,02,00632575,30-JUN-2026
AROMA DE CAFE,AROMA DE CAFE,BRAVO ADC  LLC,SANTA ROSA,Sonoma,CA,95404-4411,620 5TH ST,41,00649125,
AROMA DE CAFE,AROMA DE CAFE,BRAVO ADC  LLC,SANTA ROSA,Sonoma,CA,95401-6261,115 4TH ST,47,00668941,31-MAY-2027
ARROWHEAD MOUNTAIN WINERY,ARROWHEAD MOUNTAIN WINERY,ARROWHEAD MOUNTAIN WINERY CORPORATION,SANTA ROSA,Sonoma,CA,95403-2054,3451 AIRWAY DR,02,00624985,30-JUN-2027
ASIAN MARKET,ASIAN MARKET,LACKPRASEUTH  KHAMMOUN,SANTA ROSA,Sonoma,CA,95404-5900,1110 PETALUMA HILL RD,21,00469204,31-DEC-2026
AUGUST BRIGGS WINERY,AUGUST BRIGGS WINERY,AUGUST BRIGGS JR. INC.,SANTA ROSA,Sonoma,CA,95403-7416,3358 COFFEY LN,17,00548335,31-JUL-2026
AUGUST BRIGGS WINERY,AUGUST BRIGGS WINERY,AUGUST BRIGGS JR. INC.,SANTA ROSA,Sonoma,CA,95403-7416,3358 COFFEY LN,02,00548335,30-JUN-2026
AUGUST BRIGGS WINERY,AUGUST BRIGGS WINERY,AUGUST BRIGGS JR. INC.,SANTA ROSA,Sonoma,CA,95403-1995,3360 COFFEY LN,02,00664202,30-JUN-2026
AUSIELLO'S 5TH STREET GRILL,AUSIELLO'S 5TH STREET GRILL,AUSIELLO'S 5TH STREET GRILL  INC.,SANTA ROSA,Sonoma,CA,95404-4410,609 5TH ST,47,00557218,31-MAY-2027
B TRUE WINES,B TRUE WINES,B TRUE WINES  LLC,SANTA ROSA,Sonoma,CA,95409-6494,6705 CRISTO LN,02,00623849,30-JUN-2027
BAAN THAI RESTAURANT,BAAN THAI RESTAURANT,NHOTLUXAY  KHAMSONE,SANTA ROSA,Sonoma,CA,95403-1408,424 LARKFIELD CTR,41,00641028,31-OCT-2026
BANYAN WINES,BANYAN WINES,LIKITPRAKONG  KENNETH SCOTT,SANTA ROSA,Sonoma,CA,95404-3007,2129 GRAHN DR,02,00582892,30-JUN-2026
BANYAN WINES AND HOBO WINE COMPANY THE,BANYAN WINES AND HOBO WINE COMPANY THE,LIKITPRAKONG  KENNETH SCOTT,SANTA ROSA,Sonoma,CA,95401-6154,412 TIMOTHY RD,02,00531890,30-JUN-2026
BANYAN WINES AND HOBO WINE COMPANY THE,BANYAN WINES AND HOBO WINE COMPANY THE,LIKITPRAKONG  KENNETH SCOTT,SANTA ROSA,Sonoma,CA,95401-6154,412 TIMOTHY RD,09,00531890,30-JUN-2026
BARREL PROOF COMEDY  LLC,BARREL PROOF COMEDY  LLC,BARREL PROOF COMEDY  LLC,SANTA ROSA,Sonoma,CA,95401-5212,501 MENDOCINO AVE,42,00644586,28-FEB-2027
BARRIE WINES,BARRIE WINES,BARRIE  LLC,SANTA ROSA,Sonoma,CA,95404-8401,2015 REDWOOD HILL RD,85,00636034,31-OCT-2026
BATTAGLINI WINERY & VINEYARD,BATTAGLINI WINERY & VINEYARD,BATTAGLINI  LUCIA ESTHER,SANTA ROSA,Sonoma,CA,95401,2948 PINER RD,02,00646441,30-JUN-2027
BEER BARON BAR & KITCHEN,BEER BARON BAR & KITCHEN,CHANDI AND JUDGE BROTHERS INC,SANTA ROSA,Sonoma,CA,95404-4406,614 4TH ST,47,00579146,30-JUN-2027
BEER BARON BAR & KITCHEN,BEER BARON BAR & KITCHEN,CHANDI AND JUDGE BROTHERS INC,SANTA ROSA,Sonoma,CA,95404-4406,614 4TH ST,77,00579146,30-JUN-2027
BEER BARON BAR & KITCHEN,BEER BARON BAR & KITCHEN,CHANDI AND JUDGE BROTHERS INC,SANTA ROSA,Sonoma,CA,95404-4406,614 4TH ST,58,00579146,30-JUN-2027
BELDEN BARNS,BELDEN BARNS,BELDEN BARNS SONOMA  LLC,SANTA ROSA,Sonoma,CA,95403-7416,3358-D COFFEY LN,02,00530858,30-JUN-2026
BELDEN BARNS,BELDEN BARNS,BELDEN BARNS SONOMA  LLC,SANTA ROSA,Sonoma,CA,95404-8885,5561 SONOMA MOUNTAIN RD,02,00530872,30-JUN-2026
BELLY LEFT COAST KITCHEN & TAPROOM,BELLY LEFT COAST KITCHEN & TAPROOM,BELLY LEFT COAST KITCHEN AND TAP ROOM LLC,SANTA ROSA,Sonoma,CA,95401-6323,523 4TH ST,47,00593392,31-MAR-2027
BELLY LEFT COAST KITCHEN & TAPROOM,BELLY LEFT COAST KITCHEN & TAPROOM,BELLY LEFT COAST KITCHEN AND TAP ROOM LLC,SANTA ROSA,Sonoma,CA,95401-6323,523 4TH ST,47,00593392,31-MAR-2027
BENNETT VALLEY GOLF COURSE,BENNETT VALLEY GOLF COURSE,TOUCHSTONE GOLF LLC,SANTA ROSA,Sonoma,CA,95405-8647,3328 YULUPA AVE,47,00639291,
BENNETT VALLEY GOLF COURSE,BENNETT VALLEY GOLF COURSE,TOUCHSTONE GOLF LLC,SANTA ROSA,Sonoma,CA,95405-8647,3328 YULUPA AVE,47,00639291,30-NOV-2026
BENOVIA WINERY,BENOVIA WINERY,BENOVIA WINERY LLC,SANTA ROSA,Sonoma,CA,95401-3952,3339 HARTMAN LN,02,00473293,30-JUN-2027
BENOVIA WINERY,BENOVIA WINERY,BENOVIA WINERY LLC,SANTA ROSA,Sonoma,CA,95401-3952,3353 HARTMAN LN,02,00555645,30-JUN-2027
BILLS MARKET,BILLS MARKET,SINGH  IQBAL,SANTA ROSA,Sonoma,CA,95403,817 RUSSELL AVE,21,00428767,31-AUG-2026
BILLS MARKET,BILLS MARKET,BILLSMARKET SOUTH INC.,SANTA ROSA,Sonoma,CA,95404-4710,212 S E ST,21,00658478,30-NOV-2026
BJS RESTAURANT & BREWHOUSE,BJS RESTAURANT & BREWHOUSE,BJS RESTAURANTS INC,SANTA ROSA,Sonoma,CA,95401-3507,334 CODDINGTOWN CTR,47,00518695,31-MAR-2027
BLUE FISH SUSHI & GRILL,BLUE FISH SUSHI & GRILL,ELITE KINZA  INC,SANTA ROSA,Sonoma,CA,95405-8565,2700 YULUPA AVE,41,00659702,31-JUL-2027
BLUE HOUSE WINES LLC,BLUE HOUSE WINES LLC,BLUE HOUSE WINES LLC,SANTA ROSA,Sonoma,CA,95404-2716,667 BRUSH CREEK RD,17,00606334,31-DEC-2026
BLUE HOUSE WINES LLC,BLUE HOUSE WINES LLC,BLUE HOUSE WINES LLC,SANTA ROSA,Sonoma,CA,95404-2716,667 BRUSH CREEK RD,20,00606334,31-DEC-2026
BLUE HOUSE WINES LLC,BLUE HOUSE WINES LLC,BLUE HOUSE WINES LLC,SANTA ROSA,Sonoma,CA,95404-2716,667 BRUSH CREEK RD,09,00606334,31-DEC-2026
BOATHOUSE SUSHI,BOATHOUSE SUSHI,BOATHOUSE SUSHI INC,SANTA ROSA,Sonoma,CA,95403-3154,2360 MENDOCINO AVE,47,00481308,
BOB CABRAL WINES,BOB CABRAL WINES,BOB CABRAL WINE CONSULTING  LLC,SANTA ROSA,Sonoma,CA,95403-0108,4545 THOMAS LAKE HARRIS DR,02,00659564,30-JUN-2026
BONNEAU WINERY,BONNEAU WINERY,BONNEAU WINERY LLC,SANTA ROSA,Sonoma,CA,95401-6211,127 4TH ST,02,00609225,30-JUN-2027
BOTTLE BARN,BOTTLE BARN,BOTTLE BARN LLC,SANTA ROSA,Sonoma,CA,95403,3331 INDUSTRIAL DR,21,00555654,31-MAR-2027
BOTTLE BARN,BOTTLE BARN,BOTTLE BARN LLC,SANTA ROSA,Sonoma,CA,95403,3331 INDUSTRIAL DR,86,00555654,31-MAR-2027
BRONCO WINE,BRONCO WINE,BRONCO WINE COMPANY,SANTA ROSA,Sonoma,CA,95403-2000,980 AIRWAY CT,02,00667624,30-JUN-2026
BRONCO WINE,BRONCO WINE,BRONCO WINE COMPANY,SANTA ROSA,Sonoma,CA,95403-2000,980 AIRWAY CT,17,00667624,31-AUG-2026
BRONCO WINE,BRONCO WINE,BRONCO WINE COMPANY,SANTA ROSA,Sonoma,CA,95403-2000,980 AIRWAY CT,18,00667624,31-AUG-2026
BRONCO WINE,BRONCO WINE,BRONCO WINE COMPANY,SANTA ROSA,Sonoma,CA,95403-2000,980 AIRWAY CT,09,00667624,31-AUG-2026
BROTHER'S CAFE,BROTHER'S CAFE,THE RED KNIFE CAFÉ,SANTA ROSA,Sonoma,CA,95403-2118,3135 CLEVELAND AVE,41,00638304,
BROTHER'S CAFE,BROTHER'S CAFE,THE RED KNIFE CAFÉ,SANTA ROSA,Sonoma,CA,95403-2118,3135 CLEVELAND AVE,41,00638304,29-FEB-2028
BUGAY WINES,BUGAY WINES,BUGAY FAMILY L-PSHIP,SANTA ROSA,Sonoma,CA,95403-1651,1160 HOPPER AVE,02,00445122,
C MARKET 5,C MARKET 5,DESOR  BRIJ M,SANTA ROSA,Sonoma,CA,95404-2431,630 LEWIS RD,20,00486988,31-MAR-2027
CA BIANCA RESTAURANT,CA BIANCA RESTAURANT,CA BIANCA INC,SANTA ROSA,Sonoma,CA,95404-4609,835 2ND ST,47,00322302,
CA BIANCA RESTAURANT,CA BIANCA RESTAURANT,CA BIANCA INC,SANTA ROSA,Sonoma,CA,95404-4609,835 2ND ST,58,00322302,
CA BIANCA RESTAURANT,CA BIANCA RESTAURANT,CA BIANCA INC,SANTA ROSA,Sonoma,CA,95404-4609,835 2ND ST,47,00322302,31-AUG-2026
CA BIANCA RESTAURANT,CA BIANCA RESTAURANT,CA BIANCA INC,SANTA ROSA,Sonoma,CA,95404-4609,835 2ND ST,58,00322302,31-AUG-2026
CAFE MIMOSA 2,CAFE MIMOSA 2,SONOMA GRAPE VINE CORPORATION  INC,SANTA ROSA,Sonoma,CA,95401-5120,456 COLLEGE AVE,41,00552895,
CAFE MIMOSA 2,CAFE MIMOSA 2,SONOMA GRAPE VINE CORPORATION  INC,SANTA ROSA,Sonoma,CA,95401-5120,456 COLLEGE AVE,41,00552895,28-FEB-2027
CAFE PORTOFINO,CAFE PORTOFINO,AVVENTURA IN PORTOFINO INC,SANTA ROSA,Sonoma,CA,95401-6323,535 4TH ST,47,00388504,
CALIFORNIA WINERIES & VINEYARDS,CALIFORNIA WINERIES & VINEYARDS,CALIFORNIA WINERIES & VINEYARDS LLC,SANTA ROSA,Sonoma,CA,95403-1030,5570 SKYLANE BLVD,17,00579923,31-MAY-2027
CALIFORNIA WINERIES & VINEYARDS,CALIFORNIA WINERIES & VINEYARDS,CALIFORNIA WINERIES & VINEYARDS LLC,SANTA ROSA,Sonoma,CA,95403-1030,5570 SKYLANE BLVD,20,00579923,31-MAY-2027
CALIFORNIA WINERIES & VINEYARDS,CALIFORNIA WINERIES & VINEYARDS,CALIFORNIA WINERIES & VINEYARDS LLC,SANTA ROSA,Sonoma,CA,95403-1030,5570 SKYLANE BLVD,02,00579923,30-JUN-2026
CAMPUS MARKET,CAMPUS MARKET,SAV A TON INC.,SANTA ROSA,Sonoma,CA,95401-3673,1880 MENDOCINO AVE,21,00621149,31-DEC-2026
CANCUN MEXICAN RESTAURANT,CANCUN MEXICAN RESTAURANT,RAMIREZ GARCIA  MOISES,SANTA ROSA,Sonoma,CA,95407-5829,443 DUTTON AVE,41,00569964,31-AUG-2026
CARMEN'S BISTRO & BAR,CARMEN'S BISTRO & BAR,MAKTUB BAYRA INCORPORATED,SANTA ROSA,Sonoma,CA,95404-4405,619 4TH ST,75,00605047,31-JUL-2026
CARNIVAL WINE CO,CARNIVAL WINE CO,CARNIVAL WINE COMPANY L.L.C.,SANTA ROSA,Sonoma,CA,95409-4049,3632 ALTA VISTA AVE,17,00662091,31-JUL-2026
CARNIVAL WINE CO,CARNIVAL WINE CO,CARNIVAL WINE COMPANY L.L.C.,SANTA ROSA,Sonoma,CA,95409-4049,3632 ALTA VISTA AVE,20,00662091,31-JUL-2026
CAROL SHELTON WINES,CAROL SHELTON WINES,SHELTON MACKENZIE WINE COMPANY,SANTA ROSA,Sonoma,CA,95403-1917,3354 COFFEY LN,02,00453789,30-JUN-2026
CAROL SHELTON WINES,CAROL SHELTON WINES,SHELTON MACKENZIE WINE COMPANY,SANTA ROSA,Sonoma,CA,95403-7417,3352 COFFEY LN,02,00523371,30-JUN-2026
CARY Q WINES,CARY Q WINES,CARYQ WINES  LLC,SANTA ROSA,Sonoma,CA,95403-1651,1160 HOPPER AVE,02,00617618,30-JUN-2026
CASTLE ROCK WINERY,CASTLE ROCK WINERY,SOUTH BAY WINE GROUP LLC,SANTA ROSA,Sonoma,CA,95401-3705,2191 LAGUNA RD,02,00664632,30-JUN-2027
CATCH AND RELEASE WINES,CATCH AND RELEASE WINES,THE UNFOUNDED COLLECTIVE LLC,SANTA ROSA,Sonoma,CA,95403-1651,1160 HOPPER AVE,02,00648503,30-JUN-2027
CHELINO'S MEXICAN RESTAURANT,CHELINO'S MEXICAN RESTAURANT,CHELINOS MEXICAN RESTAURANT LLC,SANTA ROSA,Sonoma,CA,95404,1079 4TH ST,41,00676430,31-MAR-2027
CHENOWETH WINE GROUP,CHENOWETH WINE GROUP,CHENOWETH WINE GROUP  INC.,SANTA ROSA,Sonoma,CA,95403-1651,1160 HOPPER AVE,02,00611458,30-JUN-2026
CHICAGO PIZZA WITH TWIST,CHICAGO PIZZA WITH TWIST,PIZZA NEPAL  LLC,SANTA ROSA,Sonoma,CA,95407-5056,2780 STONY POINT RD,41,00655618,28-FEB-2027
CHICAGO'S PIZZA WITH A TWIST,CHICAGO'S PIZZA WITH A TWIST,PIZZA AND SANDWICH HOUSE  INC.,SANTA ROSA,Sonoma,CA,95407-5056,2780 STONY POINT RD,41,00635437,
CHINA GARDEN RESTAURANT,CHINA GARDEN RESTAURANT,LIN JI HUA YUAN INC,SANTA ROSA,Sonoma,CA,95401-5900,429 STONY POINT RD,41,00660061,30-NOV-2026
CHINA VILLAGE RESTAURANT INC,CHINA VILLAGE RESTAURANT INC,CHINA VILLAGE RESTAURANT  INC,SANTA ROSA,Sonoma,CA,95409-3702,138-B CALISTOGA RD,41,00626437,30-JUN-2026
CHIPOTLE MEXICAN GRILL,CHIPOTLE MEXICAN GRILL,CHIPOTLE MEXICAN GRILL INC,SANTA ROSA,Sonoma,CA,95401-3507,336 A CODDINGTOWN CTR,41,00532901,31-JUL-2026
CHIPOTLE MEXICAN GRILL STORE #1377,CHIPOTLE MEXICAN GRILL STORE #1377,CHIPOTLE MEXICAN GRILL INC,SANTA ROSA,Sonoma,CA,95407-7691,2182 SANTA ROSA AVE,41,00546943,30-SEP-2026
CIELITO LINDO RESTAURANT,CIELITO LINDO RESTAURANT,GUZMAN TINOCO  CRISTINA,SANTA ROSA,Sonoma,CA,95409-5370,52 MISSION CIR,41,00613106,31-DEC-2026
CLAIRE HILL WINES,CLAIRE HILL WINES,LES AMERICAINES LLC,SANTA ROSA,Sonoma,CA,95403-1651,1160 HOPPER AVE,02,00661535,30-JUN-2026
CLARICE WINE COMPANY,CLARICE WINE COMPANY,VINTAGES  VINES AND WINE  LLC,SANTA ROSA,Sonoma,CA,95403-1917,3354 COFFEY LN,02,00658341,30-JUN-2027
CLUBHOUSE BAR AND GRILL  THE,CLUBHOUSE BAR AND GRILL  THE,PORTERSPLACE  LLC,SANTA ROSA,Sonoma,CA,95403-7951,3082 MARLOW RD,47,00655836,31-JUL-2026
CLUBHOUSE BAR AND GRILL  THE,CLUBHOUSE BAR AND GRILL  THE,PORTERSPLACE  LLC,SANTA ROSA,Sonoma,CA,95403-7951,3082 MARLOW RD,47,00655836,31-JUL-2026
CLUBHOUSE BAR AND GRILL  THE,CLUBHOUSE BAR AND GRILL  THE,PORTERSPLACE  LLC,SANTA ROSA,Sonoma,CA,95403-7951,3082 MARLOW RD,58,00655836,31-JUL-2026
COLIBRI GRILL CAFE,COLIBRI GRILL CAFE,NUNEZ  ALBERTO GOMEZ,SANTA ROSA,Sonoma,CA,95405,4233 MONTGOMERY DR,41,00416283,31-AUG-2026
COST PLUS WORLD MARKET,COST PLUS WORLD MARKET,COST PLUS INC,SANTA ROSA,Sonoma,CA,95407-7683,2685 SANTA ROSA AVE,20,00210337,
CVS PHARMACY STORE 9393,CVS PHARMACY STORE 9393,GARFIELD BEACH CVS LLC,SANTA ROSA,Sonoma,CA,95401,2075 MENDOCINO AVE,21,00477878,31-MAY-2027
CVS PHARMACY STORE 9656,CVS PHARMACY STORE 9656,GARFIELD BEACH CVS LLC,SANTA ROSA,Sonoma,CA,95405,2771 4TH ST,21,00477877,31-MAY-2027
CVS PHARMACY STORE 9946,CVS PHARMACY STORE 9946,GARFIELD BEACH CVS LLC,SANTA ROSA,Sonoma,CA,95401,463 STONY POINT RD,21,00477883,31-MAY-2027
CVS PHARMACY STORE 9948,CVS PHARMACY STORE 9948,GARFIELD BEACH CVS LLC,SANTA ROSA,Sonoma,CA,95405,2700 YULUPA AVE,21,00477882,31-MAY-2027
CYM WINES,CYM WINES,CYM WINES LLC,SANTA ROSA,Sonoma,CA,95401-4154,120 STONY POINT RD,17,00648667,31-JUL-2026
CYM WINES,CYM WINES,CYM WINES LLC,SANTA ROSA,Sonoma,CA,95401-4154,120 STONY POINT RD,20,00648667,31-JUL-2026
DARBAR KITCHEN,DARBAR KITCHEN,JAYA BABA LLC,SANTA ROSA,Sonoma,CA,95404-4405,615 4TH ST,41,00661721,31-DEC-2026
DARBAR KITCHEN,DARBAR KITCHEN,JAYA BABA LLC,SANTA ROSA,Sonoma,CA,95404-4405,615 4TH ST,58,00661721,31-DEC-2026
DARGENZIO WINERY,DARGENZIO WINERY,DARGENZIO WINERY INC,SANTA ROSA,Sonoma,CA,95401,1301 CLEVELAND AVE,02,00415343,30-JUN-2026
DARLING FAMILY WINES,DARLING FAMILY WINES,DARLING FAMILY WINES LLC,SANTA ROSA,Sonoma,CA,95409-6494,6705 CRISTO LN,02,00642517,30-JUN-2027
DAVES MARKETS,DAVES MARKETS,DAVES MARKET LLC,SANTA ROSA,Sonoma,CA,95401,320 W 3RD ST,21,00358808,30-JUN-2026
DEL VALLE MEXICAN RESTAURANT,DEL VALLE MEXICAN RESTAURANT,MARTINEZ  PEDRO,SANTA ROSA,Sonoma,CA,95407-6726,2000 SEBASTOPOL RD,41,00579460,31-MAR-2027
DELOACH WINERY,DELOACH WINERY,WHEELER WINERY INC,SANTA ROSA,Sonoma,CA,95401-3814,1791 OLIVET RD,02,00411100,30-JUN-2027
DELOACH WINERY,DELOACH WINERY,WHEELER WINERY INC,SANTA ROSA,Sonoma,CA,95401-3814,1791 OLIVET RD,81,00411100,30-JUN-2027
DEODORA VINEYARDS & WINERY,DEODORA VINEYARDS & WINERY,DEODORA VINEYARDS & WINERY LLC,SANTA ROSA,Sonoma,CA,95403-1651,1160 HOPPER AVE,02,00647861,
DEODORA VINEYARDS & WINERY,DEODORA VINEYARDS & WINERY,DEODORA VINEYARDS & WINERY LLC,SANTA ROSA,Sonoma,CA,95403-1651,1160 HOPPER AVE,02,00647861,30-JUN-2027
DESMOND WINES,DESMOND WINES,ROBBINS  DANETTE SUSANNE,SANTA ROSA,Sonoma,CA,95403-7416,3358 COFFEY LN,02,00453171,30-JUN-2027
DIERKS PARKSIDE CAFE,DIERKS PARKSIDE CAFE,DIERKHISING  MARK ALY,SANTA ROSA,Sonoma,CA,95404-4912,404 SANTA ROSA AVE,41,00649120,30-SEP-2026
DK WINE GROUP  LLC,,DK WINE GROUP  LLC,SANTA ROSA,Sonoma,CA,95403-7416,3358 COFFEY LN,02,00628738,30-JUN-2026
DONELAN FAMILY WINE CELLAR,DONELAN FAMILY WINE CELLAR,DONELAN FAMILY WINE CELLARS LLC,SANTA ROSA,Sonoma,CA,95403-7417,3352 COFFEY LN,02,00378177,30-JUN-2027
DOWNTOWN BARBECUE,DOWNTOWN BARBECUE,WORKINGMAN'S DEAD LLC,SANTA ROSA,Sonoma,CA,95404-4418,610 3RD ST,47,00650263,30-SEP-2026
EAST WEST RESTAURANT SANTA ROSA,EAST WEST RESTAURANT SANTA ROSA,LAHAM  MAEN,SANTA ROSA,Sonoma,CA,95405-5239,557 SUMMERFIELD RD,41,00448632,31-JUL-2026
EDDIES KITCHEN,EDDIES KITCHEN,ROBLES PALOMINO   EDUARDO,SANTA ROSA,Sonoma,CA,95401-6313,409 MENDOCINO AVE,41,00638565,31-AUG-2026
EDGIE WINE,EDGIE WINE,EDGIE WINE  LLC,SANTA ROSA,Sonoma,CA,95403-3118,2269 MEYERS DR,17,00674902,30-APR-2027
EDGIE WINE,EDGIE WINE,EDGIE WINE  LLC,SANTA ROSA,Sonoma,CA,95403-3118,2269 MEYERS DR,20,00674902,30-APR-2027
EHRET FAMILY WINERY,EHRET FAMILY WINERY,BAVARIAN LION WINERY LLC,SANTA ROSA,Sonoma,CA,95404-5663,2455 BENNETT VALLEY RD,02,00605566,30-JUN-2027
EL BRINQUITO RESTAURANT,EL BRINQUITO RESTAURANT,EL BRINQUITO RESTAURANT  INC,SANTA ROSA,Sonoma,CA,95403-2019,810 PINER RD A,41,00555813,31-JUL-2026
EL CHARRO MEXICAN RESTAURANT,EL CHARRO MEXICAN RESTAURANT,EL CHARRO RESTAURANT  INC,SANTA ROSA,Sonoma,CA,95405-7525,1529 FARMERS LN,47,00639549,30-JUN-2026
EL CHARRO MEXICAN RESTAURANT,EL CHARRO MEXICAN RESTAURANT,EL CHARRO RESTAURANT  INC,SANTA ROSA,Sonoma,CA,95405-7525,1529 FARMERS LN,58,00639549,30-JUN-2026
EL PACIFICO MARKET,EL PACIFICO MARKET,EL PACIFICO MARKET INC,SANTA ROSA,Sonoma,CA,95407-7614,3020 SANTA ROSA AVE,41,00620118,30-NOV-2026
EL PATIO MEXICAN RESTAURANT,EL PATIO MEXICAN RESTAURANT,VALENCIA  INC.,SANTA ROSA,Sonoma,CA,95401-5900,425 STONY POINT RD,40,00636424,30-APR-2027
EL TORITO SUPERMARKET,EL TORITO SUPERMARKET,EL TORITO SUPERMARKET,SANTA ROSA,Sonoma,CA,95409-5351,460 MISSION BLVD,41,00659758,31-JUL-2027
ELAINE WINES,ELAINE WINES,ELAINE WINES LLC,SANTA ROSA,Sonoma,CA,95403-2037,3360 COFFEY LN,02,00647851,30-JUN-2027
ELAINE WINES,ELAINE WINES,ELAINE WINES LLC,SANTA ROSA,Sonoma,CA,95403-2037,3360 COFFEY LN,81,00647851,30-JUN-2027
ENFIELD WINE CO,ENFIELD WINE CO,LOCKWOOD  JOHN ENFIELD,SANTA ROSA,Sonoma,CA,95403-1651,1160 HOPPER AVE,02,00547492,30-JUN-2027
ESSER WINES,ESSER WINES,APPELLATION VENTURES  LLC,SANTA ROSA,Sonoma,CA,95403-1072,5570 SKYLANE BLVD,09,00566817,
ESSER WINES,ESSER WINES,APPELLATION VENTURES  LLC,SANTA ROSA,Sonoma,CA,95403-1072,5570 SKYLANE BLVD,20,00566817,
ESSER WINES,ESSER WINES,APPELLATION VENTURES  LLC,SANTA ROSA,Sonoma,CA,95403-1072,5570 SKYLANE BLVD,17,00566817,
ESSER WINES,ESSER WINES,ESSER WINES  LLC,SANTA ROSA,Sonoma,CA,95403-1030,5570 SKYLANE BLVD,17,00521908,
ESSER WINES,ESSER WINES,ESSER WINES  LLC,SANTA ROSA,Sonoma,CA,95403-1030,5570 SKYLANE BLVD,20,00521908,
ESSER WINES,ESSER WINES,APPELLATION VENTURES  LLC,SANTA ROSA,Sonoma,CA,95403-1072,5570 SKYLANE BLVD,20,00566817,30-APR-2027
ESSER WINES,ESSER WINES,APPELLATION VENTURES  LLC,SANTA ROSA,Sonoma,CA,95403-1072,5570 SKYLANE BLVD,17,00566817,30-APR-2027
ESSER WINES,ESSER WINES,APPELLATION VENTURES  LLC,SANTA ROSA,Sonoma,CA,95403-1072,5570 SKYLANE BLVD,09,00566817,30-APR-2027
ETHERIUM WINES,ETHERIUM WINES,ALLEN ESTATE WINES  INC,SANTA ROSA,Sonoma,CA,95404-4437,350 E ST,20,00549262,30-NOV-2026
ETHERIUM WINES,ETHERIUM WINES,ALLEN ESTATE WINES  INC,SANTA ROSA,Sonoma,CA,95404-4437,350 E ST,17,00549262,30-NOV-2026
EVEREST INDIAN RESTAURANT,EVEREST INDIAN RESTAURANT,DHUKUTI LLC,SANTA ROSA,Sonoma,CA,95409-3702,104 CALISTOGA RD,41,00646523,31-MAR-2027
EXPERIENCE WINES LLC,,EXPERIENCE WINES LLC,SANTA ROSA,Sonoma,CA,95403-2049,981 AIRWAY CT,02,00558180,30-JUN-2027
FAIRGROUNDS GOLF COURSE,FAIRGROUNDS GOLF COURSE,TAYMAN PARK GOLF GROUP INC,SANTA ROSA,Sonoma,CA,95404-5519,1350 BENNETT VALLEY RD,40,00516992,
FAIRGROUNDS GOLF COURSE,FAIRGROUNDS GOLF COURSE,TAYMAN PARK GOLF GROUP INC,SANTA ROSA,Sonoma,CA,95404-5519,1350 BENNETT VALLEY RD,40,00516992,28-FEB-2027
FAST GAS & MARKET,FAST GAS & MARKET,GHOLAMI  AMIR KHOSROW,SANTA ROSA,Sonoma,CA,95404,1410 SANTA ROSA AVE,21,00369838,30-APR-2027
FAST GAS & MINI MART,FAST GAS & MINI MART,MAHIZAR  INC.,SANTA ROSA,Sonoma,CA,95403-1228,5321 OLD REDWOOD HWY,21,00529050,31-OCT-2026
FIRE WINGS,FIRE WINGS,FWSR LLC,SANTA ROSA,Sonoma,CA,95401-3507,342 CODDINGTOWN CTR,41,00654298,31-DEC-2026
FIRST SIPS WINE CLUB,FIRST SIPS WINE CLUB,JORDAN  SCOTT PAUL,SANTA ROSA,Sonoma,CA,95405-7827,4233 BROOKSHIRE CIR,17,00656297,28-FEB-2027
FIRST SIPS WINE CLUB,FIRST SIPS WINE CLUB,JORDAN  SCOTT PAUL,SANTA ROSA,Sonoma,CA,95405-7827,4233 BROOKSHIRE CIR,20,00656297,28-FEB-2027
FOLEY FAMILY WINES,FOLEY FAMILY WINES,FOLEY FAMILY WINES  INC.,SANTA ROSA,Sonoma,CA,95403-8210,200 CONCOURSE BLVD,17,00569344,28-FEB-2027
FOLEY FAMILY WINES,FOLEY FAMILY WINES,FOLEY FAMILY WINES  INC.,SANTA ROSA,Sonoma,CA,95403-8210,200 CONCOURSE BLVD,02,00623996,30-JUN-2027
FOLEY FAMILY WINES,FOLEY FAMILY WINES,LANCASTER ESTATE VINEYARD & WINERY  LLC,SANTA ROSA,Sonoma,CA,95403-8210,200 CONCOURSE BLVD,02,00624833,30-JUN-2027
FOLEY FAMILY WINES,FOLEY FAMILY WINES,FOLEY FAMILY WINES  INC.,SANTA ROSA,Sonoma,CA,95403-8210,200 CONCOURSE BLVD,05,00569344,31-JAN-2027
FOLEY FAMILY WINES,FOLEY FAMILY WINES,FOLEY FAMILY WINES  INC.,SANTA ROSA,Sonoma,CA,95403-8210,200 CONCOURSE BLVD,09,00569344,28-FEB-2027
FOLEY FAMILY WINES,FOLEY FAMILY WINES,FOLEY FAMILY WINES  INC.,SANTA ROSA,Sonoma,CA,95403-8210,200 CONCOURSE BLVD,12,00569344,31-JAN-2027
FORRESTER WINES LLC,,FORRESTER WINES LLC,SANTA ROSA,Sonoma,CA,95403-1072,5570 SKYLANE BLVD,17,00582942,31-JUL-2026
FORRESTER WINES LLC,,FORRESTER WINES LLC,SANTA ROSA,Sonoma,CA,95403-1072,5570 SKYLANE BLVD,20,00582942,31-JUL-2026
FORT ROSS VINEYARD & WINERY,FORT ROSS VINEYARD & WINERY,FORT ROSS VINEYARD & WINERY LLC,SANTA ROSA,Sonoma,CA,95403-1917,3354 COFFEY LN,02,00482355,30-JUN-2027
FOUNTAINGROVE GOLF & ATHLETIC CLUB,FOUNTAINGROVE GOLF & ATHLETIC CLUB,FOUNTAINGROVE GOLF & ATHLETIC CLUB,SANTA ROSA,Sonoma,CA,95403-1778,1525 FOUNTAIN GROVE PKWY,47,00474839,30-APR-2027
FRENCHIE'S WINE BAR,FRENCHIE'S WINE BAR,FRENCHIE'S WINE LLC,SANTA ROSA,Sonoma,CA,95404-4411,642 5TH ST,42,00676388,31-MAR-2027
FRENCHIE'S WINE BAR,FRENCHIE'S WINE BAR,FRENCHIE'S WINE LLC,SANTA ROSA,Sonoma,CA,95404-4411,642 5TH ST,58,00676388,31-MAR-2027
FROSTWATCH VINEYARD & WINERY,FROSTWATCH VINEYARD & WINERY,FROSTWATCH VINEYARD & WINERY LLC,SANTA ROSA,Sonoma,CA,95404-9573,5560 BENNETT VALLEY RD,02,00412451,30-JUN-2027
FROSTWATCH VINEYARD & WINERY,FROSTWATCH VINEYARD & WINERY,FROSTWATCH VINEYARD & WINERY LLC,SANTA ROSA,Sonoma,CA,95403-7416,3358 COFFEY LN,02,00478964,30-JUN-2027
FULCRUM WINES,FULCRUM WINES,FULCRUM WINES LLC,SANTA ROSA,Sonoma,CA,95409-6494,6705 CRISTO LN,02,00668745,30-JUN-2027
GABLES WINE COUNTRY INN THE,GABLES WINE COUNTRY INN THE,WILLIS  PAM MARIE,SANTA ROSA,Sonoma,CA,95404-9796,4257 PETALUMA HILL RD,67,00520961,31-DEC-2026
GANESHA RESTAURANT,GANESHA RESTAURANT,JAYA GURU MAHARAJ  LLC,SANTA ROSA,Sonoma,CA,95401-6315,535 ROSS ST,41,00543178,
GEORGE ALEXANDER WINES,GEORGE ALEXANDER WINES,GEORGE ALEXANDER  LLC,SANTA ROSA,Sonoma,CA,95403-1917,3354 COFFEY LN,02,00671310,30-JUN-2027
GIO'S PIZZA,GIO'S PIZZA,S&B RESTAURANTS,SANTA ROSA,Sonoma,CA,95405-8564,2700 YULUPA AVE,41,00617136,30-JUN-2026
GIOS PIZZA,GIOS PIZZA,S & B PIZZERIA INC,SANTA ROSA,Sonoma,CA,95403-2012,3579 INDUSTRIAL DR,41,00664905,31-DEC-2026
GOJI KITCHEN,GOJI KITCHEN,GOJI KITCHEN,SANTA ROSA,Sonoma,CA,95401-3630,1965 MENDOCINO AVE,41,00666901,31-MAY-2027
GRACIANNA WINERY,GRACIANNA WINERY,GRACIANNA INC,SANTA ROSA,Sonoma,CA,95403-7416,3358 COFFEY LN,02,00519882,30-JUN-2027
GRACIANNA WINERY,GRACIANNA WINERY,GRACIANNA INC,SANTA ROSA,Sonoma,CA,95403-1995,3360 COFFEY LN,02,00661257,30-JUN-2027
GREAT BEAR REPUBLIC WINE CO,GREAT BEAR REPUBLIC WINE CO,NOTARIUS  EDWARD MARK,SANTA ROSA,Sonoma,CA,95409-6391,454 STARRY KNOLL CT,17,00676238,30-APR-2027
GREAT BEAR REPUBLIC WINE CO,GREAT BEAR REPUBLIC WINE CO,NOTARIUS  EDWARD MARK,SANTA ROSA,Sonoma,CA,95409-6391,454 STARRY KNOLL CT,20,00676238,30-APR-2027
GREYSTACK WINERY PARTNERS  LLC,GREYSTACK WINERY PARTNERS  LLC,GREYSTACK WINERY PARTNERS  LLC,SANTA ROSA,Sonoma,CA,95403-1651,1160 HOPPER AVE,02,00568135,
GREYSTACK WINERY PARTNERS  LLC,GREYSTACK WINERY PARTNERS  LLC,GREYSTACK WINERY PARTNERS  LLC,SANTA ROSA,Sonoma,CA,95405-7849,4465 BROOKSHIRE CIRCLE,02,00568148,
GREYSTACK WINERY PARTNERS  LLC,GREYSTACK WINERY PARTNERS  LLC,GREYSTACK WINERY PARTNERS  LLC,SANTA ROSA,Sonoma,CA,95405-7849,4465 BROOKSHIRE CIRCLE,02,00568148,30-JUN-2027
GREYSTACK WINERY PARTNERS  LLC,GREYSTACK WINERY PARTNERS  LLC,GREYSTACK WINERY PARTNERS  LLC,SANTA ROSA,Sonoma,CA,95403-1651,1160 HOPPER AVE,02,00568135,30-JUN-2027
GROG SHOP LIQUOR & DELI,GROG SHOP LIQUOR & DELI,GROG SHOP INCORPORATED,SANTA ROSA,Sonoma,CA,95407-7623,2296 SANTA ROSA AVE,21,00447219,30-NOV-2026
HAKU SUSHI,HAKU SUSHI,SOH  JIN PYUNG JR,SANTA ROSA,Sonoma,CA,95401-5204,518 7TH ST,41,00529766,28-FEB-2027
HANNA WINERY INC,HANNA WINERY INC,HANNA WINERY INC,SANTA ROSA,Sonoma,CA,95401-5528,5353 OCCIDENTAL RD,02,00300289,30-JUN-2027
HANNA WINERY INC,HANNA WINERY INC,HANNA WINERY INC,SANTA ROSA,Sonoma,CA,95401-5528,5345 OCCIDENTAL RD,02,00244261,30-JUN-2027
HARRY'S MARKET & DELI,HARRY'S MARKET & DELI,GAUR GILL CORP.,SANTA ROSA,Sonoma,CA,95401-5470,501 W 9TH ST,21,00567625,
HARRYS MARKET,HARRYS MARKET,NOORKIRAN  INC.,SANTA ROSA,Sonoma,CA,95401-5470,501 W 9TH ST,21,00580095,31-MAY-2027
HARTFORD FAMILY WINES,HARTFORD FAMILY WINES,HARTFORD JACKSON LLC,SANTA ROSA,Sonoma,CA,95403-1069,421 AVIATION BLVD,02,00547959,
HARTFORD FAMILY WINES,HARTFORD FAMILY WINES,HARTFORD JACKSON LLC,SANTA ROSA,Sonoma,CA,95403-1069,421 AVIATION BLVD,02,00547959,30-JUN-2027
HARTS DESIRE WINES,HARTS DESIRE WINES,HART  JOHN III,SANTA ROSA,Sonoma,CA,95403-1812,1530 FULTON RD,02,00501410,30-JUN-2026
HARVEST MOON WINERY,HARVEST MOON WINERY,HARVEST MOON VINEYARDS AND INVESTMENTS LLC,SANTA ROSA,Sonoma,CA,95401-3819,2192 & 2196 OLIVET RD,02,00397539,30-JUN-2026
HARVEST MOON WINERY,HARVEST MOON WINERY,HARVEST MOON VINEYARDS AND INVESTMENTS LLC,SANTA ROSA,Sonoma,CA,95401-3819,2192 & 2196 OLIVET RD,02,00397539,
HATTON DANIELS WINE CELLARS,HATTON DANIELS WINE CELLARS,HATTON DANIELS WINE CELLARS LLC,SANTA ROSA,Sonoma,CA,95405-8686,3082 YULUPA AVE,17,00507742,31-MAR-2027
HATTON DANIELS WINE CELLARS,HATTON DANIELS WINE CELLARS,HATTON DANIELS WINE CELLARS LLC,SANTA ROSA,Sonoma,CA,95405-8686,3082 YULUPA AVE,20,00507742,31-MAR-2027
HERON WINES,HERON WINES,HERON WINES INC,SANTA ROSA,Sonoma,CA,95403-1030,5570 SKYLANE BLVD,17,00523897,31-MAR-2027
HERON WINES,HERON WINES,HERON WINES INC,SANTA ROSA,Sonoma,CA,95403-1030,5570 SKYLANE BLVD,20,00523897,31-MAR-2027
HERON WINES,HERON WINES,HERON WINES INC,SANTA ROSA,Sonoma,CA,95403-1030,5570 SKYLANE BLVD,09,00523897,31-MAR-2027
HOLTERMANN FAMILY WINES,HOLTERMANN FAMILY WINES,HOLTERMANN FAMILY WINES  LLC,SANTA ROSA,Sonoma,CA,95403-1030,5570 SKYLANE BLVD,02,00570017,
HOME RUN PIZZA & SPORTS BAR,HOME RUN PIZZA & SPORTS BAR,HOMERUN PIZZA  INC.,SANTA ROSA,Sonoma,CA,95403-1408,484 LARKFIELD CTR,41,00593184,31-MAY-2027
HOOK AND LADDER WINERY,HOOK AND LADDER WINERY,C AND C WINE SERVICES INC,SANTA ROSA,Sonoma,CA,95401-3819,2134 OLIVET RD,02,00434894,30-JUN-2027
HOPPER MARKET,HOPPER MARKET,SHARMA  VIJAY,SANTA ROSA,Sonoma,CA,95403-1613,1020 HOPPER AVE,21,00575899,31-MAR-2027
HUMBOLDT MARKET & LIQUOR,HUMBOLDT MARKET & LIQUOR,RAM  SUNITA,SANTA ROSA,Sonoma,CA,95404-2846,1500 HUMBOLDT ST,21,00651285,31-AUG-2026
HYATT REGENCY SONOMA WINE COUNTRY,HYATT REGENCY SONOMA WINE COUNTRY,MERRITT BEVERAGE LLC,SANTA ROSA,Sonoma,CA,95401-6266,170 RAILROAD ST,66,00666689,30-APR-2027
HYATT REGENCY SONOMA WINE COUNTRY,HYATT REGENCY SONOMA WINE COUNTRY,MERRITT BEVERAGE LLC,SANTA ROSA,Sonoma,CA,95401-6266,170 RAILROAD ST,68,00666689,30-APR-2027
HYATT REGENCY SONOMA WINE COUNTRY,HYATT REGENCY SONOMA WINE COUNTRY,MERRITT BEVERAGE LLC,SANTA ROSA,Sonoma,CA,95401-6266,170 RAILROAD ST,47,00666689,30-APR-2027
INCREDIBLE BULK WINE COMPANY,INCREDIBLE BULK WINE COMPANY,BULK WINE ACCESS LLC,SANTA ROSA,Sonoma,CA,95404-4340,414 CHINN ST,16,00622134,31-MAR-2027
INMAN FAMILY WINES,INMAN FAMILY WINES,INMAN FAMILY WINES LLC,SANTA ROSA,Sonoma,CA,95401-3846,3900 PINER RD,02,00484860,30-JUN-2027
INMAN FAMILY WINES,INMAN FAMILY WINES,INMAN FAMILY WINES LLC,SANTA ROSA,Sonoma,CA,95401-5533,5700 OCCIDENTAL RD,02,00617162,30-JUN-2026
INSPIRATION VINEYARDS AND WINERY,INSPIRATION VINEYARDS AND WINERY,PHILLIPS  JON BRIAN,SANTA ROSA,Sonoma,CA,95403-2037,3360 COFFEY LN,02,00596888,30-JUN-2026
INTENT WINES,INTENT WINES,INTENT WINES  LLC,SANTA ROSA,Sonoma,CA,95403-2037,3360 COFFEY LN,02,00635720,30-JUN-2026
INTENT WINES,INTENT WINES,INTENT WINES  LLC,SANTA ROSA,Sonoma,CA,95403-2037,3360 COFFEY LN,81,00635720,30-JUN-2026
INTERGALACTIC WINE COMPANY,INTERGALACTIC WINE COMPANY,INTERGALACTIC WINE COMPANY  LLC,SANTA ROSA,Sonoma,CA,95403-1917,3354 COFFEY LN,02,00669540,30-JUN-2026
IRELAND FAMILY WINES,IRELAND FAMILY WINES,IRELAND FAMILY WINES LLC,SANTA ROSA,Sonoma,CA,95401-5533,5700 OCCIDENTAL RD,02,00637467,30-JUN-2026
J & M'S MIDTOWN CAFE,J & M'S MIDTOWN CAFE,BLUE DELHEZI SHOPS LLC,SANTA ROSA,Sonoma,CA,95404-4059,1422 4TH ST,41,00649494,31-JUL-2026
J IMBIMBO FAMILY WINERY INC,J IMBIMBO FAMILY WINERY INC,J IMBIMBO FAMILY WINERY INC,SANTA ROSA,Sonoma,CA,95403,3134 COFFEY LN,02,00465458,30-JUN-2027
J&A LOUNGE,J&A LOUNGE,JA&T LLC,SANTA ROSA,Sonoma,CA,95404-4405,643 4TH ST,47,00664665,31-MAR-2027
JACKSON FAMILY FINE WINES,JACKSON FAMILY FINE WINES,JACKSON FAMILY ENTERPRISES INC,SANTA ROSA,Sonoma,CA,95403-1069,421 AVIATION BLVD,17,00451651,
JACKSON FAMILY FINE WINES,JACKSON FAMILY FINE WINES,JACKSON FAMILY ENTERPRISES INC,SANTA ROSA,Sonoma,CA,95403-1069,421 AVIATION BLVD,10,00451651,
JACKSON FAMILY FINE WINES,JACKSON FAMILY FINE WINES,JACKSON FAMILY ENTERPRISES INC,SANTA ROSA,Sonoma,CA,95403-1069,421 AVIATION BLVD,17,00451651,31-MAR-2027
JACKSON FAMILY WINES INC,,JACKSON FAMILY WINES INC,SANTA ROSA,Sonoma,CA,95403-1069,421 AVIATION BLVD,02,00283433,30-JUN-2027
JACKSON FAMILY WINES INC,,JACKSON FAMILY WINES INC,SANTA ROSA,Sonoma,CA,95403-1019,501 AVIATION BLVD,02,00579495,30-JUN-2027
JACKSON FAMILY WINES INC,,JACKSON FAMILY WINES INC,SANTA ROSA,Sonoma,CA,95403-1069,421 AVIATION BLVD,09,00283433,30-JUN-2027
JACKSONS #293-REDWOOD MARKET,JACKSONS #293-REDWOOD MARKET,JACKSONS FOOD STORES INC,SANTA ROSA,Sonoma,CA,95409-4240,4925 HWY 12,20,00671180,31-OCT-2026
JACKSONS #294-REDWOOD MARKET,JACKSONS #294-REDWOOD MARKET,JACKSONS FOOD STORES INC,SANTA ROSA,Sonoma,CA,95403-4113,1855 GUERNEVILLE RD,20,00671200,31-OCT-2026
JACKSONS #295-REDWOOD MARKET,JACKSONS #295-REDWOOD MARKET,JACKSONS FOOD STORES INC,SANTA ROSA,Sonoma,CA,95404-5518,1100 BENNETT VALLEY RD,20,00671193,31-OCT-2026
JACKSONS BAR & OVEN,JACKSONS BAR & OVEN,SYRAH RESTAURANTS,SANTA ROSA,Sonoma,CA,95401-6211,135 4TH ST,47,00577885,31-OCT-2026
JEAN CLAUDE BOISSET WINES USA INC,,JEAN CLAUDE BOISSET WINES USA INC,SANTA ROSA,Sonoma,CA,95401-3814,1791 OLIVET RD,02,00602385,30-JUN-2026
JEFFREYS HILLSIDE CAFE,JEFFREYS HILLSIDE CAFE,JEFFREYS CAFE INC,SANTA ROSA,Sonoma,CA,95409-4020,2901 4TH ST,41,00480284,31-JUL-2026
JJ CUSTOM WINES,JJ CUSTOM WINES,JJ CUSTOM WINES LLC,SANTA ROSA,Sonoma,CA,95403-1722,4076 OLD REDWOOD HWY,02,00529993,30-JUN-2026
JUANITA'S MEXICAN RESTAURANT,JUANITA'S MEXICAN RESTAURANT,ROMERO DE FONSECA  JUANA,SANTA ROSA,Sonoma,CA,95403-2805,2227 MENDOCINO AVE,41,00583733,31-MAR-2027
KAFAL RESTAURANT,KAFAL RESTAURANT,JAYA GURU MAHARAJ  LLC,SANTA ROSA,Sonoma,CA,95401-6315,535 ROSS ST,41,00543178,
KAFAL RESTAURANT,KAFAL RESTAURANT,JAYA GURU MAHARAJ  LLC,SANTA ROSA,Sonoma,CA,95401-6315,535 ROSS ST,41,00543178,30-APR-2027
KAFFE MOCHA AND GRILL,KAFFE MOCHA AND GRILL,FRAIHAT  MOHAMMAD MUSTAFA,SANTA ROSA,Sonoma,CA,95403-1058,397 AVIATION BLVD,41,00503212,30-NOV-2026
KALIMERA BAR AND GRILL,KALIMERA BAR AND GRILL,KARA  ILYAS,SANTA ROSA,Sonoma,CA,95401-6355,458 B ST,41,00670413,30-JUN-2026
KAMURA SUSHI,KAMURA SUSHI,U & I RESTAURANT GROUP INC,SANTA ROSA,Sonoma,CA,95407-6629,3800 SEBASTOPOL RD,41,00606970,31-JUL-2026
KASUARI WINES,KASUARI WINES,KASUARI LLC,SANTA ROSA,Sonoma,CA,95403,2311 GIFFORD CT,17,00412927,
KASUARI WINES,KASUARI WINES,KASUARI LLC,SANTA ROSA,Sonoma,CA,95403,2311 GIFFORD CT,20,00412927,
KETTLES VIETNAMESE BISTRO,KETTLES VIETNAMESE BISTRO,KETTLES VIETNAMESE BISTRO,SANTA ROSA,Sonoma,CA,95403-2971,1202 W STEELE LN,41,00521867,30-JUN-2026
KHAOSOI THAI,KHAOSOI THAI,KHAOSOI THAI LLC,SANTA ROSA,Sonoma,CA,95405-7217,1169 YULUPA AVE,41,00661180,30-SEP-2026
KIRAKU SUSHI & RAMEN,KIRAKU SUSHI & RAMEN,KIRAKU LLC,SANTA ROSA,Sonoma,CA,95401-3630,1985 MENDOCINO AVE,41,00628217,31-AUG-2026
KIRIN CHINESE RESTAURANT CORPORATION,KIRIN CHINESE RESTAURANT CORPORATION,KIRIN CHINESE RESTAURANT CORPORATION,SANTA ROSA,Sonoma,CA,95405-8564,2700 YULUPA AVE,41,00604026,31-MAR-2027
LA CANTERA RACQUET & SWIM CLUB,LA CANTERA RACQUET & SWIM CLUB,HINKLE ENTERPRISES INC,SANTA ROSA,Sonoma,CA,95405,3737 MONTGOMERY DR,41,00155171,31-JAN-2027
LA CHERTOSA WINE,LA CHERTOSA WINE,VINO FAVOLOSO IMPORTING AND DISTRIBUTING LLC,SANTA ROSA,Sonoma,CA,95409-6494,6705 CRISTO LN,02,00636889,30-JUN-2026
LA GARE FRENCH RESTAURANT,LA GARE FRENCH RESTAURANT,BAZELEY  JACQUELINE M,SANTA ROSA,Sonoma,CA,95401,208 WILSON ST,41,00306419,31-MAR-2027
LA ROSA TEQUILERIA & GRILL,LA ROSA TEQUILERIA & GRILL,CALYCO INC,SANTA ROSA,Sonoma,CA,95401-4504,500 4TH ST,47,00507177,31-JAN-2027
LA ROSA TEQUILERIA & GRILL,LA ROSA TEQUILERIA & GRILL,CALYCO INC,SANTA ROSA,Sonoma,CA,95401-4504,500 4TH ST,47,00507177,31-JAN-2027
LA ROSA TEQUILERIA & GRILL,LA ROSA TEQUILERIA & GRILL,CALYCO INC,SANTA ROSA,Sonoma,CA,95401-4504,500 4TH ST,58,00507177,31-JAN-2027
LA TEXANITA RESTAURANT,LA TEXANITA RESTAURANT,LA TEXANITA RESTAURANT INC,SANTA ROSA,Sonoma,CA,95407-6814,1667 SEBASTOPOL RD,41,00485930,31-JUL-2026
LARKFIELD LIQUOR & DELI,LARKFIELD LIQUOR & DELI,MOGANNAM  NIDAL GEORGE,SANTA ROSA,Sonoma,CA,95403,4777 OLD REDWOOD HWY,21,00609321,30-JUN-2026
LAS CAZUELAS MEXICAN RESTAURANT,LAS CAZUELAS MEXICAN RESTAURANT,ARRIAGA RODRIGUEZ  ISMAEL,SANTA ROSA,Sonoma,CA,95403-2012,3577 INDUSTRIAL DR,41,00637274,31-MAY-2027
LAZZINI'S MARKET & DELI,LAZZINI'S MARKET & DELI,SAATEJ INC.,SANTA ROSA,Sonoma,CA,95404-5722,3449 BENNETT VALLEY RD,21,00627487,30-JUN-2027
LEDSON VINEYARD & WINERY,LEDSON VINEYARD & WINERY,LEDSON  STEVE NOBLE,SANTA ROSA,Sonoma,CA,95409-6269,7335 SONOMA HWY,02,00326411,30-JUN-2027
LILA'S MEXICAN RESTAURANT,LILA'S MEXICAN RESTAURANT,MEDINA  RODOLFO SOLORIO,SANTA ROSA,Sonoma,CA,95405-7258,1199 YULUPA AVE,41,00662628,31-DEC-2026
LIOCO WINE COMPANY,LIOCO WINE COMPANY,LIOCO WINE COMPANY  LLC,SANTA ROSA,Sonoma,CA,95403-1651,1160 HOPPER AVE,02,00516172,
LIOCO WINE COMPANY,LIOCO WINE COMPANY,LIOCO WINE COMPANY  LLC,SANTA ROSA,Sonoma,CA,95403-1651,1160 HOPPER AVE,02,00516172,
LIOCO WINE COMPANY,LIOCO WINE COMPANY,LIOCO WINE COMPANY  LLC,SANTA ROSA,Sonoma,CA,95403-1651,1160 HOPPER AVE,02,00516172,30-JUN-2027
LIQUOR MART,LIQUOR MART,GHIMIRE  MANOJ,SANTA ROSA,Sonoma,CA,95403-2512,3096 COFFEY LN,21,00524743,30-SEP-2026
LITA'S CAFE,LITA'S CAFE,VALADEZ HERRERA  DIANA,SANTA ROSA,Sonoma,CA,95401-3630,1973 MENDOCINO AVE,41,00667215,31-AUG-2026
LITTLE THAI AND SUSHI,LITTLE THAI AND SUSHI,LITTLE THAI AND SUSHI LLC,SANTA ROSA,Sonoma,CA,95401,1791 MARLOW RD,41,00637981,31-MAY-2027
LOLAS MARKET,LOLAS MARKET,LOLA'S MARKET INC,SANTA ROSA,Sonoma,CA,95407-5811,440 DUTTON AVE,21,00468690,30-APR-2027
LOLAS MARKET,LOLAS MARKET,LOLA'S MARKET INC,SANTA ROSA,Sonoma,CA,95404-5925,1680 PETALUMA HILL RD,20,00409783,30-APR-2027
LOLAS MARKET,LOLAS MARKET,LOLA'S MARKET INC,SANTA ROSA,Sonoma,CA,95407-5833,440 DUTTON AVE,41,00468687,30-JUN-2027
LOLAS MARKET,LOLAS MARKET,LOLA'S MARKET INC,SANTA ROSA,Sonoma,CA,95404-5925,1680 PETALUMA HILL RD,41,00409783,30-APR-2027
LOS ARCOS RESTAURANT,LOS ARCOS RESTAURANT,BARAJAS  CRISTOBAL OCHOA,SANTA ROSA,Sonoma,CA,95401-4112,1791 MARLOW RD,41,00505743,31-DEC-2026
LOS MOLCAJETES BAR & GRILL,LOS MOLCAJETES BAR & GRILL,MARTIN MENDOZA  JUAN  DIEGO,SANTA ROSA,Sonoma,CA,95403-2268,1950 PINER RD,47,00621934,31-DEC-2026
LOS MOLCAJETES BAR & GRILL,LOS MOLCAJETES BAR & GRILL,MARTIN MENDOZA  JUAN  DIEGO,SANTA ROSA,Sonoma,CA,95409-2928,6599 MONTECITO BLVD,47,00614085,28-FEB-2027
LOST SIERRA WINE COMPANY,LOST SIERRA WINE COMPANY,SEVEN PEAKS VENTURES LLC,SANTA ROSA,Sonoma,CA,95405-7400,4832 KIERAN CT,17,00653480,30-NOV-2026
LOST SIERRA WINE COMPANY,LOST SIERRA WINE COMPANY,SEVEN PEAKS VENTURES LLC,SANTA ROSA,Sonoma,CA,95405-7400,4832 KIERAN CT,20,00653480,30-NOV-2026
LOTIS WINES,LOTIS WINES,LOTIS WINES LLC,SANTA ROSA,Sonoma,CA,95405-7712,4017 TUOLUMNE CT,17,00668762,30-JUN-2027
LOTIS WINES,LOTIS WINES,LOTIS WINES LLC,SANTA ROSA,Sonoma,CA,95405-7712,4017 TUOLUMNE CT,20,00668762,30-JUN-2027
LOUIES FINE FOOD RESTAURANT,LOUIES FINE FOOD RESTAURANT,OROZCO  LUIS HUMBERTO,SANTA ROSA,Sonoma,CA,95401,2496 W 3RD ST,41,00429708,31-AUG-2026
LUCKY ROCK WINE COMPANY,LUCKY ROCK WINE COMPANY,DUSTY RIVERVIEW CELLARS,SANTA ROSA,Sonoma,CA,95403-1917,3354 COFFEY LN,02,00606257,30-JUN-2026
LUIGIS RESTAURANT,LUIGIS RESTAURANT,OROZCO  LUIS HUMBERTO,SANTA ROSA,Sonoma,CA,95403,1000 HOPPER AVE,41,00364611,30-APR-2027
LULI WINES,LULI WINES,FLOYD PISONI WINE COMPANY,SANTA ROSA,Sonoma,CA,95403-1917,3354 COFFEY LN,02,00643787,30-JUN-2027
MACS DELI,MACS DELI,SOLTANS INC,SANTA ROSA,Sonoma,CA,95404,630 4TH ST,41,00065387,31-JUL-2026
MANDARIN KITCHEN,MANDARIN KITCHEN,TONY'S FISH CO.  INC.,SANTA ROSA,Sonoma,CA,95405-6711,722 VILLAGE CT,41,00621761,28-FEB-2027
MANDET WINES,MANDET WINES,MANDET WINES  LLC,SANTA ROSA,Sonoma,CA,95409-7308,5890 SAILING HAWK AVE,02,00655262,
MANDET WINES,MANDET WINES,MANDET WINES  LLC,SANTA ROSA,Sonoma,CA,95409-7308,5890 SAILING HAWK AVE,02,00655262,30-JUN-2027
MANZANITA CREEK WINERY,MANZANITA CREEK WINERY,QUOVIUS,SANTA ROSA,Sonoma,CA,95403-1651,1160 HOPPER AVE,02,00658593,30-JUN-2026
MARK WEST MARKET,MARK WEST MARKET,CAMPUS MARKET LLC,SANTA ROSA,Sonoma,CA,95403-1232,5501 OLD REDWOOD HWY,21,00666569,28-FEB-2027
MARTIN RAY WINERY,MARTIN RAY WINERY,MARTIN RAY WINERY  INC.,SANTA ROSA,Sonoma,CA,95401-3705,2191 LAGUNA RD,02,00406575,30-JUN-2027
MARY'S PIZZA SHACK,MARY'S PIZZA SHACK,WILLIAMSON RESTAURANT GROUP  INC.,SANTA ROSA,Sonoma,CA,95405-5202,535 SUMMERFIELD RD,41,00648497,30-JUN-2027
MARY'S PIZZA SHACK,MARY'S PIZZA SHACK,WILLIAMSON RESTAURANT GROUP  INC.,SANTA ROSA,Sonoma,CA,95403-2427,3084 MARLOW RD C,41,00648519,30-JUN-2027
MATANZAS CREEK WINERY,MATANZAS CREEK WINERY,JACKSON FAMILY WINES INC,SANTA ROSA,Sonoma,CA,95404-8570,6097 BENNETT VALLEY RD,02,00468584,30-JUN-2027
MAYACAMA GOLF CLUB,MAYACAMA GOLF CLUB,MAYACAMA FOOD AND BEVERAGE LLC,SANTA ROSA,Sonoma,CA,95403-8251,1240 MAYACAMA CLUB DR,57,00377174,31-AUG-2026
MAYACAMA GOLF CLUB,MAYACAMA GOLF CLUB,MAYACAMA FOOD AND BEVERAGE LLC,SANTA ROSA,Sonoma,CA,95403-8251,1240 MAYACAMA CLUB DR,57,00377174,31-AUG-2026
MAYACAMA GOLF CLUB,MAYACAMA GOLF CLUB,MAYACAMA FOOD AND BEVERAGE LLC,SANTA ROSA,Sonoma,CA,95403-8251,1240 MAYACAMA CLUB DR,66,00377174,31-AUG-2026
MD LIQUOR & FOOD,MD LIQUOR & FOOD,MISSION INC.,SANTA ROSA,Sonoma,CA,95409-5373,500 MISSION BLVD,21,00639668,31-OCT-2026
MD LIQUOR & FOOD 2,MD LIQUOR & FOOD 2,DHILLON  MANGAL SINGH,SANTA ROSA,Sonoma,CA,95407,1930 SEBASTOPOL RD,21,00395074,31-JAN-2027
MD LIQUOR & FOOD 4,MD LIQUOR & FOOD 4,DHILLON  MANGAL SINGH,SANTA ROSA,Sonoma,CA,95405-8534,2743 YULUPA AVE,21,00406206,30-JUN-2027
MENDOCINO FARMS SANDWICH MARKET,MENDOCINO FARMS SANDWICH MARKET,MENDOCINO FARMS LLC,SANTA ROSA,Sonoma,CA,95405-5036,2400 SONOMA AVE,41,00664673,31-MAR-2027
MI BURRITO RESTAURANT  INC.,MI BURRITO RESTAURANT  INC.,MI BURRITO RESTAURANT  INC.,SANTA ROSA,Sonoma,CA,95403-1060,385 AVIATION BLVD,41,00585081,
MI RANCHITO MEXICAN CUISINE,MI RANCHITO MEXICAN CUISINE,MI RANCHITO MEXICAN CUISINE  INC,SANTA ROSA,Sonoma,CA,95403-7586,90 MARK WEST SPRINGS RD,47,00579818,28-FEB-2027
MI TIERRA RESTAURANT,MI TIERRA RESTAURANT,MAGANA-CARDENAS  CUAHUTEMOC,SANTA ROSA,Sonoma,CA,95403-2004,3262 AIRWAY DR,41,00572822,31-DEC-2026
MI WINES,MI WINES,PREMIUM WINE DISTRIBUTORS  INC.,SANTA ROSA,Sonoma,CA,95401-4154,120 STONY POINT RD,17,00645412,30-APR-2027
MI WINES,MI WINES,PREMIUM WINE DISTRIBUTORS  INC.,SANTA ROSA,Sonoma,CA,95401-4154,120 STONY POINT RD,20,00645412,30-APR-2027
MILLER FAMILY WINE COMPANY,MILLER FAMILY WINE COMPANY,MILLER FAMILY WINE COMPANY  LLC,SANTA ROSA,Sonoma,CA,95403-2000,980 AIRWAY CT,02,00659977,30-JUN-2027
MOD PIZZA,MOD PIZZA,MOD SUPER FAST PIZZA (CALIFORNIA)  LLC,SANTA ROSA,Sonoma,CA,95407,2695 SANTA ROSA AVE,41,00590605,30-APR-2027
MOLSBERRYS MARKET,MOLSBERRYS MARKET,MOLSBERRY MARKETS INC,SANTA ROSA,Sonoma,CA,95403,522 LARKFIELD CTR,21,00037407,31-JUL-2026
MOMBOS PIZZA,MOMBOS PIZZA,MOMBO'S PIZZA  INC.,SANTA ROSA,Sonoma,CA,95401-3673,1880 MENDOCINO AVE,41,00658054,31-MAY-2027
MONTI ROTISSERIE & BAR,MONTI ROTISSERIE & BAR,TM SQUARED,SANTA ROSA,Sonoma,CA,95405,714 VILLAGE CT,47,00409483,31-MAY-2027
MONTI ROTISSERIE & BAR,MONTI ROTISSERIE & BAR,TM SQUARED,SANTA ROSA,Sonoma,CA,95405,714 VILLAGE CT,77,00409483,31-MAY-2027
MOUNTAIN MIKES PIZZA,MOUNTAIN MIKES PIZZA,CHANDI FAMILY INC,SANTA ROSA,Sonoma,CA,95407-7623,2280 SANTA ROSA AVE,41,00475706,
MOUNTAIN MIKES PIZZA,MOUNTAIN MIKES PIZZA,S R CHANDI PIZZA EQUITIES INC,SANTA ROSA,Sonoma,CA,95409-5336,4501 MONTGOMERY DR,75,00575031,31-MAY-2027
MOUNTAIN MIKES PIZZA,MOUNTAIN MIKES PIZZA,SANTA ROSA CHANDI PIZZA INC,SANTA ROSA,Sonoma,CA,95403-2118,3125 CLEVELAND AVE,75,00604763,31-MAY-2027
MOUNTAIN MIKES PIZZA,MOUNTAIN MIKES PIZZA,CHANDI FAMILY INC,SANTA ROSA,Sonoma,CA,95404-5421,1150 SANTA ROSA AVE,41,00668292,31-MAY-2027
MOUNTAIN MIKES PIZZA,MOUNTAIN MIKES PIZZA,S R CHANDI PIZZA EQUITIES INC,SANTA ROSA,Sonoma,CA,95409-5336,4501 MONTGOMERY DR,75,00575031,31-MAY-2027
MTZ PARADISE SUSHI & HIBACHI,MTZ PARADISE SUSHI & HIBACHI,MTZ PARADISE SUSHI & HIBACHI  LLC,SANTA ROSA,Sonoma,CA,95405-5283,4100 MONTGOMERY DR,75,00597702,31-MAY-2027
MUTT LYNCH WINERY INC,MUTT LYNCH WINERY INC,MUTT LYNCH WINERY INC,SANTA ROSA,Sonoma,CA,95403-2054,3451 AIRWAY DR,02,00548659,30-JUN-2027
NAIDU WINES,NAIDU WINES,NAIDU BEVERAGES LLC,SANTA ROSA,Sonoma,CA,95403,3358 COFFEY LN,02,00634718,30-JUN-2027
O! SUSHI,O! SUSHI,YANG  JEONG YON,SANTA ROSA,Sonoma,CA,95407-5829,443 DUTTON AVE,41,00594783,30-JUN-2027
OAK TREE WINERY,OAK TREE WINERY,OAK TREE WINERY LLC,SANTA ROSA,Sonoma,CA,95403-2037,3360 COFFEY LN,02,00659414,30-JUN-2027
OAKMONT VILLAGE MARKET,OAKMONT VILLAGE MARKET,ARCADO  DAVID MICHAEL SR,SANTA ROSA,Sonoma,CA,95409,6550 OAKMONT DR,21,00369349,31-OCT-2026
OCHOAS MEXICAN RESTAURANT,OCHOAS MEXICAN RESTAURANT,OCHOA  CARMEN,SANTA ROSA,Sonoma,CA,95403-7950,3080 MARLOW RD,40,00468223,31-MAY-2027
ODD WINE COMPANY,ODD WINE COMPANY,VIN D'AS FINE WINE TRADERS LLC,SANTA ROSA,Sonoma,CA,95404-4340,414 CHINN ST,20,00660616,30-SEP-2026
ODD WINE COMPANY,ODD WINE COMPANY,VIN D'AS FINE WINE TRADERS LLC,SANTA ROSA,Sonoma,CA,95404-4340,414 CHINN ST,17,00660616,30-SEP-2026
ODD WINE COMPANY,ODD WINE COMPANY,VIN D'AS FINE WINE TRADERS LLC,SANTA ROSA,Sonoma,CA,95404-4340,414 CHINN ST,09,00660616,30-SEP-2026
ODISEA WINE COMPANY,ODISEA WINE COMPANY,ODISEA WINE COMPANY LLC,SANTA ROSA,Sonoma,CA,95409-6494,6705 CRISTO LN,02,00600228,30-JUN-2027
OISHII BAR LLC,,OISHII BAR LLC,SANTA ROSA,Sonoma,CA,95403-7587,90 MARK WEST SPRINGS RD,41,00675571,28-FEB-2027
OISHII SUSHII BAR & GRILL,OISHII SUSHII BAR & GRILL,OISHII SUSHI BAR & GRILL LLC,SANTA ROSA,Sonoma,CA,95403-2268,1950 PINER RD,41,00610293,31-DEC-2026
OLIVERS MARKET,OLIVERS MARKET,MAASS CORPORATION SPC,SANTA ROSA,Sonoma,CA,95401-5900,461 STONY POINT RD,21,00454479,
OLIVERS MARKET,OLIVERS MARKET,MAASS CORPORATION SPC,SANTA ROSA,Sonoma,CA,95409,560 MONTECITO CTR,21,00357722,
OLIVERS MARKET,OLIVERS MARKET,MAASS CORPORATION SPC,SANTA ROSA,Sonoma,CA,95409,560 MONTECITO CTR,21,00357722,
OLIVERS MARKET,OLIVERS MARKET,MAASS CORPORATION SPC,SANTA ROSA,Sonoma,CA,95401-5900,461 STONY POINT RD,21,00454479,
OLIVERS MARKET,OLIVERS MARKET,MAASS CORPORATION SPC,SANTA ROSA,Sonoma,CA,95401-5900,461 STONY POINT RD,21,00454479,30-JUN-2027
OLIVERS MARKET,OLIVERS MARKET,MAASS CORPORATION SPC,SANTA ROSA,Sonoma,CA,95409,560 MONTECITO CTR,21,00357722,28-FEB-2027
OLIVERS MARKET,OLIVERS MARKET,MAASS CORPORATION SPC,SANTA ROSA,Sonoma,CA,95409,560 MONTECITO CTR,21,00357722,
OLIVERS MARKET,OLIVERS MARKET,MAASS CORPORATION SPC,SANTA ROSA,Sonoma,CA,95401-5900,461 STONY POINT RD,21,00454479,
OPAL MOON WINERY,OPAL MOON WINERY,OPAL MOON WINERY  LLC,SANTA ROSA,Sonoma,CA,95401-6211,127 4TH ST,02,00584357,30-JUN-2027
ORTEGA'S MARKET INC,ORTEGA'S MARKET INC,ORTEGA'S MARKET  INC.,SANTA ROSA,Sonoma,CA,95403-4162,1331 GUERNEVILLE RD,20,00523470,31-AUG-2026
OTTAVINO WINES LLC,OTTAVINO WINES LLC,OTTAVINO WINES LLC,SANTA ROSA,Sonoma,CA,95403-1651,1160 HOPPER AVE,02,00660803,30-JUN-2027
OXLEY GRAHAM WINES,OXLEY GRAHAM WINES,OXLEY GRAHAM WINES  LLC,SANTA ROSA,Sonoma,CA,95403-0952,2081 STONEFIELD LN,02,00637418,30-JUN-2027
OXLEY GRAHAM WINES,OXLEY GRAHAM WINES,OXLEY GRAHAM WINES  LLC,SANTA ROSA,Sonoma,CA,95403-2037,3360 COFFEY LN STE E,02,00659639,30-JUN-2027
PACIFIC MARKETS  #15,PACIFIC MARKETS  #15,CALNORTHMARKETS  LLC,SANTA ROSA,Sonoma,CA,95404,1465 TOWN AND COUNTRY DR,21,00639682,31-AUG-2026
PALMERI WINES,PALMERI WINES,DAMSKEY FAMILY WINES LLC,SANTA ROSA,Sonoma,CA,95403-1917,3354 COFFEY LN,02,00626669,30-JUN-2027
PARADISE RIDGE WINERY,PARADISE RIDGE WINERY,PARADISE RIDGE WINERY,SANTA ROSA,Sonoma,CA,95403-0108,4545 THOMAS LAKE HARRIS DR,02,00300178,30-JUN-2027
PARADISE RIDGE WINERY,,PARADISE RIDGE WINERY,SANTA ROSA,Sonoma,CA,95403,4555 THOMAS LAKE HARRIS DR,02,00668622,30-JUN-2027
PARADISE SUSHI AND GRILL,PARADISE SUSHI AND GRILL,MTZ PARADISE SUSHI  LLC,SANTA ROSA,Sonoma,CA,95401-6211,119 4TH ST,41,00567158,31-MAR-2027
PARKPOINT CLUB,PARKPOINT CLUB,PARKPOINT CLUBS L-PSHIP,SANTA ROSA,Sonoma,CA,95401,1200 N DUTTON AVE,41,00226060,31-OCT-2026
PARKSIDE EATS,PARKSIDE EATS,PARKSIDE EATS LLC,SANTA ROSA,Sonoma,CA,95405-5307,4323 MONTGOMERY DR,41,00675955,31-MAR-2027
PARVINO WINE CO,PARVINO WINE CO,PARVINO LLC,SANTA ROSA,Sonoma,CA,95403-0100,4444 LAHINCH LN,17,00480317,31-JUL-2026
PARVINO WINE CO,PARVINO WINE CO,PARVINO LLC,SANTA ROSA,Sonoma,CA,95403-0100,4444 LAHINCH LN,20,00480317,31-JUL-2026
PARVINO WINE CO,PARVINO WINE CO,PARVINO LLC,SANTA ROSA,Sonoma,CA,95403-0100,4444 LAHINCH LN,09,00480317,31-JUL-2026
PETER PAUL WINES,PETER PAUL WINES,PETER PAUL WINES  LLC,SANTA ROSA,Sonoma,CA,95401-5533,5700 OCCIDENTAL RD,02,00502037,
PHAMUS WINERY,PHAMUS WINERY,PHAMUS WINERY INC,SANTA ROSA,Sonoma,CA,95405-7320,4020 FRANKS CT,17,00614674,30-JUN-2027
PHAMUS WINERY,PHAMUS WINERY,PHAMUS WINERY INC,SANTA ROSA,Sonoma,CA,95405-7320,4020 FRANKS CT,20,00614674,30-JUN-2027
PHO VIETNAM,PHO VIETNAM,PHO VIETNAM INC.,SANTA ROSA,Sonoma,CA,95407-6848,711 STONY POINT RD,41,00589419,31-DEC-2026
PINER CAFE,PINER CAFE,SCHILLING  CHRISTINE VERA,SANTA ROSA,Sonoma,CA,95403-1949,975 PINER RD,41,00606349,31-OCT-2026
PISONI VINEYARDS & WINERY,PISONI VINEYARDS & WINERY,SONS OF BACCHUS LLC,SANTA ROSA,Sonoma,CA,95403-7417,3352 COFFEY LN,02,00633551,30-JUN-2027
POLEMONIUM WINES,POLEMONIUM WINES,RTWINEMAKING LLC,SANTA ROSA,Sonoma,CA,95404-6389,537 4TH ST,17,00664709,31-JAN-2027
POLEMONIUM WINES,POLEMONIUM WINES,RTWINEMAKING LLC,SANTA ROSA,Sonoma,CA,95404-6389,537 4TH ST,20,00664709,31-JAN-2027
PREMIUM WINE STORAGE,PREMIUM WINE STORAGE,PREMIUM WINE STORAGE LLC,SANTA ROSA,Sonoma,CA,95403-9029,1450 AIRPORT BLVD,02,00406583,30-JUN-2027
PREMIUM WINE STORAGE,PREMIUM WINE STORAGE,PREMIUM WINE STORAGE LLC,SANTA ROSA,Sonoma,CA,95403-9029,1450 AIRPORT BLVD,14,00387871,30-SEP-2026
PRESTIGE WORLDWIDE WINE COMPANY LLC,PRESTIGE WORLDWIDE WINE COMPANY LLC,PRESTIGE WORLDWIDE WINE COMPANY LLC,SANTA ROSA,Sonoma,CA,95404-4606,100 E STREET,17,00634118,31-MAY-2027
PRESTIGE WORLDWIDE WINE COMPANY LLC,PRESTIGE WORLDWIDE WINE COMPANY LLC,PRESTIGE WORLDWIDE WINE COMPANY LLC,SANTA ROSA,Sonoma,CA,95404-4606,100 E STREET,02,00634118,30-JUN-2026
PRESTIGE WORLDWIDE WINE COMPANY LLC,PRESTIGE WORLDWIDE WINE COMPANY LLC,PRESTIGE WORLDWIDE WINE COMPANY LLC,SANTA ROSA,Sonoma,CA,95404-4606,100 E STREET,09,00634118,31-MAY-2027
PROHIBIDO WINES,PROHIBIDO WINES,PROHIBIDO WINES,SANTA ROSA,Sonoma,CA,95404-6144,847 SANTA BARBARA DR,17,00593795,31-MAY-2027
PROHIBIDO WINES,PROHIBIDO WINES,PROHIBIDO WINES,SANTA ROSA,Sonoma,CA,95404-6144,847 SANTA BARBARA DR,20,00593795,31-MAY-2027
PROMETHEUS WINE EXPORTS,PROMETHEUS WINE EXPORTS,PROMETHEUS WINE EXPORTS LLC,SANTA ROSA,Sonoma,CA,95404-6187,2283 NECTARINE DR,20,00645954,31-MAR-2027
PROMETHEUS WINE EXPORTS,PROMETHEUS WINE EXPORTS,PROMETHEUS WINE EXPORTS LLC,SANTA ROSA,Sonoma,CA,95404-6187,2283 NECTARINE DR,17,00645954,31-MAR-2027
PROMETHEUS WINE EXPORTS,PROMETHEUS WINE EXPORTS,PROMETHEUS WINE EXPORTS LLC,SANTA ROSA,Sonoma,CA,95404-6187,2283 NECTARINE DR,09,00645954,31-MAR-2027
PUCCIONI WINES,PUCCIONI WINES,THREE DOG WINES LLC,SANTA ROSA,Sonoma,CA,95404,3449 VERDI VISTA DR,17,00419731,30-NOV-2026
PUCCIONI WINES,PUCCIONI WINES,THREE DOG WINES LLC,SANTA ROSA,Sonoma,CA,95404,3449 VERDI VISTA DR,20,00419731,30-NOV-2026
PURPLE WINE COMPANY,PURPLE WINE COMPANY,PURPLE WINE COMPANY  LLC,SANTA ROSA,Sonoma,CA,95401-3819,2120 OLIVET RD,02,00556778,
QUICK PICK MARKET,QUICK PICK MARKET,SAVE ON MARKET  INC,SANTA ROSA,Sonoma,CA,95401-6108,201 W 7TH ST,20,00575839,31-DEC-2026
QUICK PICK MARKET & DELI,QUICK PICK MARKET & DELI,QUICK PICK MARKET AND DELI  INC,SANTA ROSA,Sonoma,CA,95407,925 CORPORATE CENTER PKWY,20,00556684,31-MAR-2027
QUICK SUSHI,QUICK SUSHI,COCOHANA  INC.,SANTA ROSA,Sonoma,CA,95403-4802,2500 MENDOCINO AVE,41,00645657,31-MAR-2027
QUIK STOP MARKET #35,QUIK STOP MARKET #35,QUIK STOP MARKETS INC,SANTA ROSA,Sonoma,CA,95407-7201,816 MCMINN AVE,21,00670669,30-JUN-2027
RAFT WINES,RAFT WINES,REICHARDT  JENNIFER  JULIE,SANTA ROSA,Sonoma,CA,95407-7351,940 LUDWIG AVE,02,00645955,30-JUN-2026
RED POST WINES,RED POST WINES,RED POST ENTERPRISES  LLC,SANTA ROSA,Sonoma,CA,95401-3932,3857 GUERNEVILLE RD,85,00675047,31-JAN-2027
RED SLED WINERY,RED SLED WINERY,VERA JO WINERY LLC,SANTA ROSA,Sonoma,CA,95403-1917,3354 COFFEY LN,02,00644097,30-JUN-2026
REDWOOD EMPIRE WINE STORAGE,REDWOOD EMPIRE WINE STORAGE,SC WAREHOUSES  LLC,SANTA ROSA,Sonoma,CA,95407-8278,4325 SANTA ROSA AVE,14,00656023,30-JUN-2026
REDWOOD EMPIRE WINE STORAGE,REDWOOD EMPIRE WINE STORAGE,SC WAREHOUSES  LLC,SANTA ROSA,Sonoma,CA,95407-8278,4325 SANTA ROSA AVE,22,00656023,30-JUN-2026
REDWOOD EMPIRE WINE STORAGE,REDWOOD EMPIRE WINE STORAGE,SC WAREHOUSES  LLC,SANTA ROSA,Sonoma,CA,95407-8268,4320 SANTA ROSA AVE,14,00655904,30-JUN-2026
REDWOOD EMPIRE WINE STORAGE,REDWOOD EMPIRE WINE STORAGE,SC WAREHOUSES  LLC,SANTA ROSA,Sonoma,CA,95407-8268,4320 SANTA ROSA AVE,22,00655904,30-JUN-2026
REDWOOD EMPIRE WINE STORAGE INC,,REDWOOD EMPIRE WINE STORAGE INC,SANTA ROSA,Sonoma,CA,95407-8278,4325 SANTA ROSA AVE,14,00375095,
REDWOOD EMPIRE WINE STORAGE INC,,REDWOOD EMPIRE WINE STORAGE INC,SANTA ROSA,Sonoma,CA,95407-8278,4325 SANTA ROSA AVE,22,00375095,
REDWOOD EMPIRE WINE STORAGE INC,,REDWOOD EMPIRE WINE STORAGE INC,SANTA ROSA,Sonoma,CA,95407-8268,4320 SANTA ROSA AVE,14,00375126,
REDWOOD EMPIRE WINE STORAGE INC,,REDWOOD EMPIRE WINE STORAGE INC,SANTA ROSA,Sonoma,CA,95407-8268,4320 SANTA ROSA AVE,22,00375126,
REFUGE WINES INC,,REFUGE WINES INC,SANTA ROSA,Sonoma,CA,95403-2049,981 AIRWAY CT,02,00545749,30-JUN-2027
REFUGE WINES INC,REFUGE WINES INC,REFUGE WINES INC,SANTA ROSA,Sonoma,CA,95401-3819,2110 & 2120 OLIVET RD,02,00634071,30-JUN-2027
REGAL WINE COMPANY,REGAL WINE COMPANY,REGAL III LLC,SANTA ROSA,Sonoma,CA,95403-8279,133 AVIATION BLVD,17,00623286,30-APR-2027
REGAL WINE COMPANY,REGAL WINE COMPANY,REGAL III LLC,SANTA ROSA,Sonoma,CA,95403-8279,133 AVIATION BLVD,20,00623286,30-APR-2027
REGAL WINE COMPANY,REGAL WINE COMPANY,REGAL III LLC,SANTA ROSA,Sonoma,CA,95403-8279,133 AVIATION BLVD,18,00623286,31-DEC-2026
REGAL WINE COMPANY,REGAL WINE COMPANY,REGAL III LLC,SANTA ROSA,Sonoma,CA,95403-8279,133 AVIATION BLVD,09,00623286,30-APR-2027
REGAL WINE COMPANY,REGAL WINE COMPANY,REGAL III LLC,SANTA ROSA,Sonoma,CA,95403-8279,133 AVIATION BLVD,12,00623286,31-DEC-2026
REPUBLIC NATIONAL DISTRIBUTING COMPANY OF CALIFORN,REPUBLIC NATIONAL DISTRIBUTING COMPANY OF CALIFORN,YOUNGS MARKET COMPANY LLC,SANTA ROSA,Sonoma,CA,95407-8123,256 SUTTON PL,17,00466940,31-MAY-2027
REPUBLIC NATIONAL DISTRIBUTING COMPANY OF CALIFORN,REPUBLIC NATIONAL DISTRIBUTING COMPANY OF CALIFORN,YOUNGS MARKET COMPANY LLC,SANTA ROSA,Sonoma,CA,95407-8123,256 SUTTON PL,18,00466940,31-MAY-2027
REPUBLIC NATIONAL DISTRIBUTING COMPANY OF CALIFORN,REPUBLIC NATIONAL DISTRIBUTING COMPANY OF CALIFORN,YOUNGS MARKET COMPANY LLC,SANTA ROSA,Sonoma,CA,95407-8123,256 SUTTON PL,09,00466940,31-MAY-2027
REPUBLIC NATIONAL DISTRIBUTING COMPANY OF CALIFORN,REPUBLIC NATIONAL DISTRIBUTING COMPANY OF CALIFORN,YOUNGS MARKET COMPANY LLC,SANTA ROSA,Sonoma,CA,95407-8123,256 SUTTON PL,12,00466940,31-MAY-2027
RICARDOS BAR & GRILL,RICARDOS BAR & GRILL,IDES OF MARCH  LLC,SANTA ROSA,Sonoma,CA,95405-8564,2700 YULUPA AVE,58,00530968,
RICARDOS BAR & GRILL,RICARDOS BAR & GRILL,IDES OF MARCH  LLC,SANTA ROSA,Sonoma,CA,95405-8564,2700 YULUPA AVE,47,00530968,
RICARDOS BAR & GRILL,RICARDOS BAR & GRILL,IDES OF MARCH  LLC,SANTA ROSA,Sonoma,CA,95405-8564,2700 YULUPA AVE,47,00530968,30-SEP-2026
RICARDOS BAR & GRILL,RICARDOS BAR & GRILL,IDES OF MARCH  LLC,SANTA ROSA,Sonoma,CA,95405-8564,2700 YULUPA AVE,58,00530968,30-SEP-2026
ROJAS VINEYARDS AND WINERY LLC,,ROJAS VINEYARDS AND WINERY LLC,SANTA ROSA,Sonoma,CA,95403-2037,3360 COFFEY LN,02,00601108,30-JUN-2027
ROJAS WINES,ROJAS WINES,ROJAS VINEYARDS AND WINERY LLC,SANTA ROSA,Sonoma,CA,95401-5559,5721 BRAVO TORO LN,20,00601114,31-OCT-2026
ROJAS WINES,ROJAS WINES,ROJAS VINEYARDS AND WINERY LLC,SANTA ROSA,Sonoma,CA,95401-5559,5721 BRAVO TORO LN,17,00601114,31-OCT-2026
ROJAS WINES,ROJAS WINES,ROJAS VINEYARDS AND WINERY LLC,SANTA ROSA,Sonoma,CA,95401-5559,5721 BRAVO TORO LN,02,00601114,30-JUN-2027
ROJAS WINES,ROJAS WINES,ROJAS VINEYARDS AND WINERY LLC,SANTA ROSA,Sonoma,CA,95401-5559,5721 BRAVO TORO LN,81,00601114,30-JUN-2027
ROMILILLY WINES,ROMILILLY WINES,DUSTY RIVERVIEW CELLARS,SANTA ROSA,Sonoma,CA,95401-6227,10 4TH ST,02,00553775,
RON NOBLE WINES,RON NOBLE WINES,NOBLE FAMILY VINEYARDS LLC,SANTA ROSA,Sonoma,CA,95401-5533,5700 OCCIDENTAL RD,02,00606495,30-JUN-2027
ROSSO PIZZERIA & WINE BAR,ROSSO PIZZERIA & WINE BAR,SANDY'S PIZZA  INC.,SANTA ROSA,Sonoma,CA,95404-6616,53 MONTGOMERY DR,41,00669724,31-JUL-2027
ROUND TABLE PIZZA,ROUND TABLE PIZZA,WYVERN RESTAURANTS INC,SANTA ROSA,Sonoma,CA,95405-5006,2424 MAGOWAN DR,41,00023674,
ROUND TABLE PIZZA,ROUND TABLE PIZZA,WYVERN RESTAURANTS INC,SANTA ROSA,Sonoma,CA,95401,2065 OCCIDENTAL RD,41,00341968,
ROUND TABLE PIZZA,ROUND TABLE PIZZA,WYVERN RESTAURANTS INC,SANTA ROSA,Sonoma,CA,95401,1791 MARLOW RD,41,00215637,
ROUND TABLE PIZZA,ROUND TABLE PIZZA,WYVERN RESTAURANTS INC,SANTA ROSA,Sonoma,CA,95409,550 MONTECITO CTR,41,00035257,
ROUND TABLE PIZZA,ROUND TABLE PIZZA,WYVERN RESTAURANTS INC,SANTA ROSA,Sonoma,CA,95409,550 MONTECITO CTR,41,00035257,31-DEC-2026
ROUND TABLE PIZZA,ROUND TABLE PIZZA,WYVERN RESTAURANTS INC,SANTA ROSA,Sonoma,CA,95401,2065 OCCIDENTAL RD,41,00341968,31-DEC-2026
ROUND TABLE PIZZA,ROUND TABLE PIZZA,WYVERN RESTAURANTS INC,SANTA ROSA,Sonoma,CA,95401,1791 MARLOW RD,41,00215637,31-DEC-2026
ROUND TABLE PIZZA,ROUND TABLE PIZZA,CALIFORNIA RT PIZZA GROUP INC,SANTA ROSA,Sonoma,CA,95403,1003 STEELE LN,41,00542051,31-MAY-2027
ROUND TABLE PIZZA,ROUND TABLE PIZZA,WYVERN RESTAURANTS INC,SANTA ROSA,Sonoma,CA,95405-7538,1440 TOWNVIEW LN,41,00640676,31-DEC-2026
SAM'S MARKET #11,SAM'S MARKET #11,IBRAHIM  MOHAMMAD SALIM,SANTA ROSA,Sonoma,CA,95407-5056,2780 STONY POINT RD,21,00573532,31-DEC-2026
SAM'S MARKET #16,SAM'S MARKET #16,SAM'S MARKET #16 INC.,SANTA ROSA,Sonoma,CA,95407-8108,3690 MOORLAND AVE,20,00625083,31-JUL-2026
SAMS FOR PLAY CAFE,SAMS FOR PLAY CAFE,ANKER  DARLEEN SAM,SANTA ROSA,Sonoma,CA,95407,1024 SEBASTOPOL RD,41,00170401,31-JAN-2027
SAMS FOR PLAY CAFE & CATERING,SAMS FOR PLAY CAFE & CATERING,ANKER  DARLEEN SAM,SANTA ROSA,Sonoma,CA,95403-2747,2630 CLEVELAND AVE,41,00367865,31-JUL-2026
SAMS FOR PLAY CAFE & CATERING,SAMS FOR PLAY CAFE & CATERING,ANKER  DARLEEN SAM,SANTA ROSA,Sonoma,CA,95403-2747,2630 CLEVELAND AVE,58,00367865,31-JUL-2026
SAMS MARKET #18,SAMS MARKET #18,SAM'S #18 AERO INC.,SANTA ROSA,Sonoma,CA,95403-8075,5290 AERO DR,21,00644676,28-FEB-2027
SANDY'S TAKE & BAKE PIZZA,SANDY'S TAKE & BAKE PIZZA,THE BRINGHURST COMPANY,SANTA ROSA,Sonoma,CA,95404-3044,2013 & 2015 ELIZABETH WAY,41,00648597,30-JUN-2027
SANS MARKET,SANS MARKET,SANJU TRADERS INC,SANTA ROSA,Sonoma,CA,95407-6242,2790 SANTA ROSA AVE,21,00608997,31-MAR-2027
SANTA ROSA COUNTRY CLUB,SANTA ROSA COUNTRY CLUB,SANTA ROSA CC  LLC,SANTA ROSA,Sonoma,CA,95401-5501,333 COUNTRY CLUB DR,47,00567512,30-APR-2027
SANTA ROSA COUNTRY CLUB,SANTA ROSA COUNTRY CLUB,SANTA ROSA CC  LLC,SANTA ROSA,Sonoma,CA,95401-5501,333 COUNTRY CLUB DR,47,00567512,30-APR-2027
SANTA ROSA FINE WINE,SANTA ROSA FINE WINE,WITTMAN  NICHOLAS JOHN,SANTA ROSA,Sonoma,CA,95404,1820 SLATER ST,17,00408430,31-JAN-2027
SANTA ROSA FINE WINE,SANTA ROSA FINE WINE,WITTMAN  NICHOLAS JOHN,SANTA ROSA,Sonoma,CA,95404,1820 SLATER ST,20,00408430,31-JAN-2027
SANTA ROSA FOOD & LIQUOR,SANTA ROSA FOOD & LIQUOR,SINGH  KALWINDER,SANTA ROSA,Sonoma,CA,95404-5430,1750 SANTA ROSA AVE,21,00520547,30-APR-2027
SAUSALITO LIQUOR COMPANY  LLC,,SAUSALITO LIQUOR COMPANY  LLC,SANTA ROSA,Sonoma,CA,95407-8094,3000 DUTTON AVE,18,00668744,31-AUG-2026
SAVOR VIETNAMESE CUISINE,SAVOR VIETNAMESE CUISINE,YO PANDA LLC,SANTA ROSA,Sonoma,CA,95405-5306,4275 MONTGOMERY DR,41,00636578,31-JUL-2026
SCHERMEISTER WINERY,SCHERMEISTER WINERY,SCHERMEISTER  ROBERT WAYNE,SANTA ROSA,Sonoma,CA,95409-6494,6705 CRISTO LN,02,00636786,30-JUN-2027
SEA NOODLE BAR,SEA NOODLE BAR,SEA NOODLE BAR  INC.,SANTA ROSA,Sonoma,CA,95401-3506,286 CODDINGTOWN CTR,47,00602322,28-FEB-2027
SEA THAI BISTRO,SEA THAI BISTRO,SEA THAI BISTRO  INC,SANTA ROSA,Sonoma,CA,95405-5017,2350 MIDWAY DR,47,00602338,31-MAR-2027
SEOUL TO TOKYO KITCHEN,SEOUL TO TOKYO KITCHEN,SEOUL TO TOKYO GROUP INC,SANTA ROSA,Sonoma,CA,95403-7951,3082 MARLOW RD,41,00675135,31-DEC-2026
SERRES RANCH WINE,SERRES RANCH WINE,GEN V LLC,SANTA ROSA,Sonoma,CA,95409-6494,6705 CRISTO LN,02,00637793,30-JUN-2027
SHADY OAK BARREL HOUSE,SHADY OAK BARREL HOUSE,SHADY OAK BARREL HOUSE LLC,SANTA ROSA,Sonoma,CA,95401-6339,420 1ST ST,23,00577558,28-FEB-2027
SHELDON WINES,SHELDON WINES,SHELDON  DYLAN DAVID,SANTA ROSA,Sonoma,CA,95403-2037,3360 COFFEY LN STE E,02,00569879,30-JUN-2026
SHOGUN JAPANESE RESTAURANT,SHOGUN JAPANESE RESTAURANT,GAO  MING,SANTA ROSA,Sonoma,CA,95405-7525,1531 FARMERS LN,41,00587503,31-OCT-2026
SICHEL FAMILY WINERY,SICHEL FAMILY WINERY,SICHEL  HOLLY MICHELLE,SANTA ROSA,Sonoma,CA,95403-2037,3360 COFFEY LN,02,00572505,30-JUN-2027
SIMPATICO WINE COMPANY,SIMPATICO WINE COMPANY,BENNETT VALLEY VINEYARD & WINERY INC,SANTA ROSA,Sonoma,CA,95404-9736,5765 BENNETT VALLEY RD,02,00577834,30-JUN-2026
SIMPATICO WINE COMPANY,SIMPATICO WINE COMPANY,BENNETT VALLEY VINEYARD & WINERY INC,SANTA ROSA,Sonoma,CA,95404-9736,5765 BENNETT VALLEY RD,17,00577834,31-MAY-2027
SIMPATICO WINE COMPANY,SIMPATICO WINE COMPANY,BENNETT VALLEY VINEYARD & WINERY INC,SANTA ROSA,Sonoma,CA,95404-9736,5765 BENNETT VALLEY RD,20,00577834,31-MAY-2027
SINGER WINE,SINGER WINE,ROADSEND FARM LLC,SANTA ROSA,Sonoma,CA,95403-7416,3358 COFFEY LN,02,00454339,30-JUN-2026
SOLLEVATO WINES,SOLLEVATO WINES,TINDERED SPIRITS LLC,SANTA ROSA,Sonoma,CA,95403-8642,1670 SCARLET PL,17,00624763,31-MAY-2027
SOLLEVATO WINES,SOLLEVATO WINES,TINDERED SPIRITS LLC,SANTA ROSA,Sonoma,CA,95403-8642,1670 SCARLET PL,20,00624763,31-MAY-2027
SONOMA WINE COMPANY,SONOMA WINE COMPANY,SONOMA WINE COMPANY  LLC,SANTA ROSA,Sonoma,CA,95401-3819,2120 OLIVET RD,02,00522694,
SONOMA WINE FLIGHTS,SONOMA WINE FLIGHTS,SONOMA WINE FLIGHTS LLC,SANTA ROSA,Sonoma,CA,95403-1047,6000 FLIGHTLINE DR,20,00606813,30-NOV-2026
SOSIE WINES,SOSIE WINES,WEST EDGE WINES  LLC,SANTA ROSA,Sonoma,CA,95409-6494,6705 CRISTO LN,02,00589384,30-JUN-2026
SQUAM ROCK WINES,SQUAM ROCK WINES,SQUAM ROCK WINES  INC.,SANTA ROSA,Sonoma,CA,95404-4340,414 CHINN ST,17,00644533,30-SEP-2026
SQUAM ROCK WINES,SQUAM ROCK WINES,SQUAM ROCK WINES  INC.,SANTA ROSA,Sonoma,CA,95404-4340,414 CHINN ST,20,00644533,30-SEP-2026
SR FOOD STORE,SR FOOD STORE,SUPRA ENTERPRISES INC,SANTA ROSA,Sonoma,CA,95407,451 SEBASTOPOL RD,21,00394037,30-NOV-2026
ST FRANCIS WINERY AND VINEYARDS,ST FRANCIS WINERY AND VINEYARDS,ST. FRANCIS WINERY AND VINEYARDS  L.P.,SANTA ROSA,Sonoma,CA,95409,100 PYTHIAN RD,02,00376226,30-JUN-2027
ST ROSE WINERY,ST ROSE WINERY,NUNES  FREDERIC JOHN,SANTA ROSA,Sonoma,CA,95403-1117,5775 OLD REDWOOD HWY,02,00440425,30-JUN-2026
ST. FRANCIS WINERY AND VINEYARDS,ST. FRANCIS WINERY AND VINEYARDS,ST. FRANCIS WINERY & VINEYARDS  L.P.,SANTA ROSA,Sonoma,CA,95409,500 PYTHIAN RD,02,00353129,30-JUN-2027
STAR ZONE LIQUOR,STAR ZONE LIQUOR,NEPA RETAIL LLC,SANTA ROSA,Sonoma,CA,95403-2012,3575 INDUSTRIAL DR,21,00650279,31-OCT-2026
STONY POINT MARKET,STONY POINT MARKET,HUSSAIN  DILSHAD,SANTA ROSA,Sonoma,CA,95407,3207 STONY POINT RD A,21,00243034,30-APR-2027
SU CASA MEXICAN RESTAURANT,SU CASA MEXICAN RESTAURANT,CAMPOS NAVARRO  VICENTE,SANTA ROSA,Sonoma,CA,95409-3702,108 CALISTOGA RD,41,00653921,31-DEC-2026
SUNCE WINERY,SUNCE WINERY,FRANICEVICH  FRANE,SANTA ROSA,Sonoma,CA,95401-3816,1839 OLIVET RD,02,00361431,30-JUN-2026
SUPER CHAVEZ MARKET,SUPER CHAVEZ MARKET,SCM  INC.,SANTA ROSA,Sonoma,CA,95403-4144,1480 GUERNEVILLE RD,41,00582535,31-DEC-2026
SUPER LATINO MARKET,SUPER LATINO MARKET,SUPER LATINO MARKET INC,SANTA ROSA,Sonoma,CA,95407-6816,1701 SEBASTOPOL RD,20,00378902,31-JUL-2026
SUPER SONOMAN WINE,SUPER SONOMAN WINE,SUPER SONOMAN WINE LLC,SANTA ROSA,Sonoma,CA,95409-4387,1404 SNOWY EGRET DR,17,00437081,31-MAR-2027
SUPER SONOMAN WINE,SUPER SONOMAN WINE,SUPER SONOMAN WINE LLC,SANTA ROSA,Sonoma,CA,95409-4387,1404 SNOWY EGRET DR,20,00437081,31-MAR-2027
SUPER SONOMAN WINE,SUPER SONOMAN WINE,SUPER SONOMAN WINE LLC,SANTA ROSA,Sonoma,CA,95409-4387,1404 SNOWY EGRET DR,02,00437081,30-JUN-2027
SUSHI ROSA,SUSHI ROSA,CHONG  MEEHYUN,SANTA ROSA,Sonoma,CA,95401-6323,515 4TH ST,41,00624779,31-MAR-2027
TACOS AL CARBON,TACOS AL CARBON,RAMIREZ GARCIA  MOISES,SANTA ROSA,Sonoma,CA,95407,500 SEBASTOPOL RD,41,00590127,30-JUN-2026
TAJ CAFE,TAJ CAFE,MY TAJ  LLC,SANTA ROSA,Sonoma,CA,95403-2269,1940 PINER RD,41,00659580,31-JUL-2026
TARA BELLA WINERY,TARA BELLA WINERY,TARA BELLA WINERY LLC,SANTA ROSA,Sonoma,CA,95401-3840,3701 VIKING RD,02,00502504,30-JUN-2027
TARA BELLA WINERY,TARA BELLA WINERY,TARA BELLA WINERY LLC,SANTA ROSA,Sonoma,CA,95401-3840,3701 VIKING RD,14,00502504,31-OCT-2026
TARA BELLA WINERY,TARA BELLA WINERY,TARA BELLA WINERY LLC,SANTA ROSA,Sonoma,CA,95401-3840,3701 VIKING RD,81,00502504,30-JUN-2027
TERRA ALMA WINES LLC,,TERRA ALMA WINES LLC,SANTA ROSA,Sonoma,CA,95401-4154,120 STONY POINT RD,09,00668863,31-AUG-2026
TERRA ALMA WINES LLC,,TERRA ALMA WINES LLC,SANTA ROSA,Sonoma,CA,95401-4154,120 STONY POINT RD,17,00668863,31-AUG-2026
TERRA ALMA WINES LLC,,TERRA ALMA WINES LLC,SANTA ROSA,Sonoma,CA,95401-4154,120 STONY POINT RD,20,00668863,31-AUG-2026
THAI HOUSE NOODLES SOUP,THAI HOUSE NOODLES SOUP,THAI HOUSE NOODLES LLC,SANTA ROSA,Sonoma,CA,95401-3628,1899 MENDOCINO AVE,41,00660125,31-JUL-2026
THAI POT RESTAURANT,THAI POT RESTAURANT,YANG  HSIU HWA,SANTA ROSA,Sonoma,CA,95401,2478 W 3RD ST,41,00436514,28-FEB-2027
THE FLYING ACE KITCHEN & TAP ROOM,THE FLYING ACE KITCHEN & TAP ROOM,SSP AMERICA STS  LLC,SANTA ROSA,Sonoma,CA,95403-8277,2200 AIRPORT BLVD,47,00645032,30-APR-2027
THE FLYING ACE KITCHEN & TAP ROOM,THE FLYING ACE KITCHEN & TAP ROOM,SSP AMERICA STS  LLC,SANTA ROSA,Sonoma,CA,95403-8277,2200 AIRPORT BLVD,47,00645032,30-APR-2027
THEWINESPIES.COM,THEWINESPIES.COM,WINE SPIES LLC THE,SANTA ROSA,Sonoma,CA,95407-5432,1377 CORPORATE CNTR PKWY,17,00451095,
THEWINESPIES.COM,THEWINESPIES.COM,WINE SPIES LLC THE,SANTA ROSA,Sonoma,CA,95407-5432,1377 CORPORATE CNTR PKWY,20,00451095,
THIRTY-SEVEN WINERY,THIRTY-SEVEN WINERY,THIRTY SEVEN  LLC,SANTA ROSA,Sonoma,CA,95403,3358 COFFEY LN,02,00572535,30-JUN-2027
THIRTY-SEVEN WINERY,THIRTY-SEVEN WINERY,THIRTY SEVEN  LLC,SANTA ROSA,Sonoma,CA,95403-1995,3360 COFFEY LN,02,00661489,30-JUN-2027
THOMPSON FAMILY WINES  LLC,THOMPSON FAMILY WINES  LLC,THOMPSON FAMILY WINES  LLC,SANTA ROSA,Sonoma,CA,95403-1651,1160 HOPPER AVE,02,00656737,30-JUN-2027
TING HAU RESTAURANT,TING HAU RESTAURANT,FANG  AIHE,SANTA ROSA,Sonoma,CA,95404,717 4TH ST,41,00353552,31-MAY-2027
TIPP THAI CUISINE,TIPP THAI CUISINE,METTA GROUP CORP,SANTA ROSA,Sonoma,CA,95403,1778 PINER RD,41,00434470,31-MAR-2027
TLAHCO MEXICAN GRILL,TLAHCO MEXICAN GRILL,TLAHCO  LLC,SANTA ROSA,Sonoma,CA,95401-3629,1800 MENDOCINO AVE,41,00659274,31-JUL-2026
TOKYO KITCHEN,TOKYO KITCHEN,COCOHANA  INC.,SANTA ROSA,Sonoma,CA,95403-4802,2500 MENDOCINO AVE,41,00645657,
TOTAL WINE & MORE,TOTAL WINE & MORE,CALIFORNIA FINE WINE & SPIRITS LLC,SANTA ROSA,Sonoma,CA,95407-6232,2705 SANTA ROSA AVE,21,00637936,30-APR-2027
TOTAL WINE & MORE,TOTAL WINE & MORE,CALIFORNIA FINE WINE & SPIRITS LLC,SANTA ROSA,Sonoma,CA,95407-6232,2705 SANTA ROSA AVE,42,00637936,30-APR-2027
TOTAL WINE & MORE,TOTAL WINE & MORE,CALIFORNIA FINE WINE & SPIRITS LLC,SANTA ROSA,Sonoma,CA,95407-6232,2705 SANTA ROSA AVE,86,00637936,30-APR-2027
TROMBETTA FAMILY WINES,TROMBETTA FAMILY WINES,TROMBETTA FAMILY WINES LLC,SANTA ROSA,Sonoma,CA,95403-1651,1160 HOPPER AVE,02,00568929,30-JUN-2027
TROTTER 1/16 WINERY LLC,TROTTER 1/16 WINERY LLC,TROTTER 1/16 WINERY LLC,SANTA ROSA,Sonoma,CA,95409-2526,1208 RINCON MEADOWS CT,02,00669325,30-JUN-2027
TUSQUE WINES,TUSQUE WINES,TUSQUE WINES  LLC,SANTA ROSA,Sonoma,CA,95403-1651,1160 HOPPER AVE,02,00644696,30-JUN-2027
TWO AMIGOS WINERY,TWO AMIGOS WINERY,TWO AMIGOS WINERY LLC,SANTA ROSA,Sonoma,CA,95409-6129,630 MADRONE CT,02,00570298,30-JUN-2027
UNION HOTEL RESTAURANT,UNION HOTEL RESTAURANT,UNION HOTEL,SANTA ROSA,Sonoma,CA,95409,280 MISSION BLVD,47,00440413,31-JUL-2026
VALIANCE WINES,VALIANCE WINES,BRAVERY BRANDS  LLC,SANTA ROSA,Sonoma,CA,95403-2037,3360 COFFEY LN,02,00571877,30-JUN-2026
VALLEY OF THE MOON CLUB RESTAURANT,VALLEY OF THE MOON CLUB RESTAURANT,VALLEY OF THE MOON GOLF  LLC,SANTA ROSA,Sonoma,CA,95409-6301,7025 OAKMONT DR,47,00626045,30-JUN-2027
VALLEY OF THE MOON CLUB RESTAURANT,VALLEY OF THE MOON CLUB RESTAURANT,VALLEY OF THE MOON GOLF  LLC,SANTA ROSA,Sonoma,CA,95409-6301,7025 OAKMONT DR,58,00626045,30-JUN-2027
VALLEY OF THE MOON FAST FILL MARKET,VALLEY OF THE MOON FAST FILL MARKET,GAWFCO ENTERPRISES INCORPORATED,SANTA ROSA,Sonoma,CA,95409-5622,5855 SONOMA HWY,20,00659008,30-JUN-2026
VAUGHN DUFFY WINES,VAUGHN DUFFY WINES,VAUGHN DUFFY WINES  LLC,SANTA ROSA,Sonoma,CA,95403-7416,3358 COFFEY LN,02,00595311,30-JUN-2026
VIETHAI CUISINE,VIETHAI CUISINE,WISE  SANSANEE,SANTA ROSA,Sonoma,CA,95401-7627,320 W 3RD ST,41,00666009,31-MAR-2027
VILLAGE CAFE,VILLAGE CAFE,OROZCO  LUIS HUMBERTO,SANTA ROSA,Sonoma,CA,95401,2575 GUERNEVILLE RD,41,00349816,31-JAN-2027
VINEYARD CREEK MARKET,VINEYARD CREEK MARKET,VINEYARD CREEK GAS & MARKET LLC,SANTA ROSA,Sonoma,CA,95403-9017,275 AVIATION BLVD,20,00455653,31-AUG-2026
VINIFY WINE SERVICES,VINIFY WINE SERVICES,VINIFY LLC,SANTA ROSA,Sonoma,CA,95403,3358 COFFEY LN,02,00451309,30-JUN-2026
VINIFY WINE SERVICES,VINIFY WINE SERVICES,VINIFY LLC,SANTA ROSA,Sonoma,CA,95403-1995,3360 COFFEY LN,02,00538070,30-JUN-2026
VINTAGE WINE ESTATES,VINTAGE WINE ESTATES,VINTAGE WINE ESTATES  INC.,SANTA ROSA,Sonoma,CA,95403-8258,205 CONCOURSE BLVD,17,00577655,
VINTAGE WINE ESTATES,VINTAGE WINE ESTATES,VINTAGE WINE ESTATES  INC.,SANTA ROSA,Sonoma,CA,95403-8258,205 CONCOURSE BLVD,02,00577655,
VINTAGE WINE ESTATES,VINTAGE WINE ESTATES,VINTAGE WINE ESTATES  INC.,SANTA ROSA,Sonoma,CA,95403-8258,205 CONCOURSE BLVD,18,00577655,
VINTAGE WINE ESTATES,VINTAGE WINE ESTATES,VINTAGE WINE ESTATES  INC.,SANTA ROSA,Sonoma,CA,95403-8258,205 CONCOURSE BLVD,09,00577655,
VINTAGE WINE ESTATES,VINTAGE WINE ESTATES,VINTAGE WINE ESTATES  INC.,SANTA ROSA,Sonoma,CA,95403-8258,205 CONCOURSE BLVD,12,00577655,
VINTAGE WINE ESTATES,VINTAGE WINE ESTATES,VINTAGE WINE ESTATES  INC.,SANTA ROSA,Sonoma,CA,95403-8258,205 CONCOURSE BLVD,14,00578062,
VINTAGE WINE ESTATES,VINTAGE WINE ESTATES,VINTAGE WINE ESTATES  INC.,SANTA ROSA,Sonoma,CA,95403-8258,205 CONCOURSE BLVD,22,00578062,
VINTAGE WINE ESTATES,VINTAGE WINE ESTATES,VINTAGE WINE ESTATES  INC.,SANTA ROSA,Sonoma,CA,95403-8258,205 CONCOURSE BLVD,17,00577655,
VINTAGE WINE ESTATES,VINTAGE WINE ESTATES,VINTAGE WINE ESTATES  INC.,SANTA ROSA,Sonoma,CA,95403-8258,205 CONCOURSE BLVD,02,00577655,
VINTAGE WINE ESTATES,VINTAGE WINE ESTATES,VINTAGE WINE ESTATES  INC.,SANTA ROSA,Sonoma,CA,95403-8258,205 CONCOURSE BLVD,18,00577655,
VINTAGE WINE ESTATES,VINTAGE WINE ESTATES,VINTAGE WINE ESTATES  INC.,SANTA ROSA,Sonoma,CA,95403-8258,205 CONCOURSE BLVD,14,00578062,
VINTAGE WINE ESTATES,VINTAGE WINE ESTATES,VINTAGE WINE ESTATES  INC.,SANTA ROSA,Sonoma,CA,95403-8258,205 CONCOURSE BLVD,22,00578062,
VINTAGE WINE ESTATES,VINTAGE WINE ESTATES,VINTAGE WINE ESTATES  INC.,SANTA ROSA,Sonoma,CA,95403-8258,205 CONCOURSE BLVD,09,00577655,
VINTAGE WINE ESTATES,VINTAGE WINE ESTATES,VINTAGE WINE ESTATES  INC.,SANTA ROSA,Sonoma,CA,95403-8258,205 CONCOURSE BLVD,12,00577655,
WAGON WHEEL LIQUORS,WAGON WHEEL LIQUORS,WAGON WHEEL INC,SANTA ROSA,Sonoma,CA,95401,960 W COLLEGE AVE,21,00607110,31-JAN-2027
WAGS & WINE,WAGS & WINE,WAGS & WINE  LLC,SANTA ROSA,Sonoma,CA,95403-8281,5468 SKYLANE BLVD,02,00622273,30-JUN-2026
WAGS & WINE,WAGS & WINE,WAGS & WINE  LLC,SANTA ROSA,Sonoma,CA,95403-8281,5468 SKYLANE BLVD,17,00622273,30-JUN-2026
WAGS & WINE,WAGS & WINE,WAGS & WINE  LLC,SANTA ROSA,Sonoma,CA,95403-8281,5468 SKYLANE BLVD,20,00622273,30-JUN-2026
WALLYS LIQUOR & DELI,WALLYS LIQUOR & DELI,3088 MARLOW ROAD INC,SANTA ROSA,Sonoma,CA,95403-2427,3088 MARLOW RD,21,00651276,31-DEC-2026
WALTER HANSEL WINE BISTRO  LLC,,WALTER HANSEL WINE BISTRO  LLC,SANTA ROSA,Sonoma,CA,95401-3927,3535 GUERNEVILLE RD,41,00535244,31-AUG-2026
WALTER HANSEL WINERY,WALTER HANSEL WINERY,WALTER HANSEL WINERY & VINEYARDS  LLC,SANTA ROSA,Sonoma,CA,95401,5465 HALL RD,02,00419399,30-JUN-2027
WATKINS FAMILY WINERY,WATKINS FAMILY WINERY,WATKINS FAMILY WINERY LLC,SANTA ROSA,Sonoma,CA,95403-1651,1160 HOPPER AVE,02,00433196,30-JUN-2027
WATKINS FAMILY WINERY  LLC,WATKINS FAMILY WINERY  LLC,WATKINS FAMILY WINERY LLC,SANTA ROSA,Sonoma,CA,95404,3741 BEAUFORD PL,02,00433245,30-JUN-2027
WHAT'S THE PHO,WHAT'S THE PHO,WHAT'S THE PHO,SANTA ROSA,Sonoma,CA,95403-1408,462 LARKFIELD CENTER,41,00633443,30-APR-2027
WHIPSMART WINE COMPANY,WHIPSMART WINE COMPANY,DUBE  PHILLIP EMERY,SANTA ROSA,Sonoma,CA,95403-1651,1160 HOPPER AVE,02,00559599,30-JUN-2026
WHOLE FOODS MARKET,WHOLE FOODS MARKET,WHOLE FOODS MARKET CALIFORNIA INC,SANTA ROSA,Sonoma,CA,95401-3507,390 CODDINGTOWN CTR,20,00489126,31-AUG-2026
WHOLE FOODS MARKET,WHOLE FOODS MARKET,WHOLE FOODS MARKET CALIFORNIA INC,SANTA ROSA,Sonoma,CA,95405,1181 YULUPA AVE,20,00363126,28-FEB-2027
WHOLE FOODS MARKET,WHOLE FOODS MARKET,WHOLE FOODS MARKET CALIFORNIA INC,SANTA ROSA,Sonoma,CA,95401-3507,390 CODDINGTOWN CTR,86,00489126,31-AUG-2026
WHOLE FOODS MARKET,WHOLE FOODS MARKET,WHOLE FOODS MARKET CALIFORNIA INC,SANTA ROSA,Sonoma,CA,95401-3507,390 CODDINGTOWN CTR,41,00489126,31-MAR-2027
WHOLE FOODS MARKET,WHOLE FOODS MARKET,WHOLE FOODS MARKET CALIFORNIA INC,SANTA ROSA,Sonoma,CA,95405,1181 YULUPA AVE,86,00363126,28-FEB-2027
WIKIUP RACQUET & SWIM CLUB INC,,WIKIUP RACQUET & SWIM CLUB INC,SANTA ROSA,Sonoma,CA,95403-1342,500 WIKIUP DR,41,00582236,30-SEP-2026
WILD OAK SADDLE CLUB,WILD OAK SADDLE CLUB,WILD OAK SADDLE CLUB,SANTA ROSA,Sonoma,CA,95409,550 WHITE OAK DR,51,00020707,31-JUL-2026
WILD OAK SADDLE CLUB,WILD OAK SADDLE CLUB,WILD OAK SADDLE CLUB,SANTA ROSA,Sonoma,CA,95409,550 WHITE OAK DR,58,00020707,31-JUL-2026
WILLI'S WINE BAR,WILLI'S WINE BAR,WILLI'S WINE BAR  LLC,SANTA ROSA,Sonoma,CA,95404-3036,1415 TOWN AND COUNTRY DR,47,00604292,30-NOV-2026
WILLIBEES WINES & SPIRITS,WILLIBEES WINES & SPIRITS,WILIBEES LLC,SANTA ROSA,Sonoma,CA,95404-4401,700 THIRD ST,21,00546970,30-SEP-2026
WILLIBEES WINES & SPIRITS,WILLIBEES WINES & SPIRITS,WILIBEES LLC,SANTA ROSA,Sonoma,CA,95404-4401,700 THIRD ST,86,00546970,30-SEP-2026
WILLIBEES WINES & SPIRITS,WILLIBEES WINES & SPIRITS,WILIBEES LLC,SANTA ROSA,Sonoma,CA,95404-4401,700 THIRD ST,41,00546970,30-SEP-2026
WILLOWSIDE FARM & WINERY,WILLOWSIDE FARM & WINERY,HARVEST MOON VINEYARDS AND INVESTMENTS LLC,SANTA ROSA,Sonoma,CA,95401-3922,1792 WILLOWSIDE RD,02,00622941,30-JUN-2026
WINE COUNTRY CONNECTION  LLC,,WINE COUNTRY CONNECTION  LLC,SANTA ROSA,Sonoma,CA,95403-9016,3633 REGIONAL PKWY,42,00600247,31-OCT-2026
WINE COUNTRY CONNECTIONS  LLC,WINE COUNTRY CONNECTIONS  LLC,WINE COUNTRY CONNECTION  LLC,SANTA ROSA,Sonoma,CA,95403-9016,3633 REGIONAL PKWY,02,00566324,30-JUN-2027
WINE COUNTRY CONNECTIONS  LLC,WINE COUNTRY CONNECTIONS  LLC,WINE COUNTRY CONNECTION  LLC,SANTA ROSA,Sonoma,CA,95403-9016,3633 REGIONAL PKWY,11,00566324,30-JUN-2027
WINE HEIST,WINE HEIST,HAYES & COMPANY LLC,SANTA ROSA,Sonoma,CA,95404-6505,703 2ND ST,17,00476132,31-MAR-2027
WINE HEIST,WINE HEIST,HAYES & COMPANY LLC,SANTA ROSA,Sonoma,CA,95404-6505,703 2ND ST,20,00476132,31-MAR-2027
WINE HOOLIGANS,WINE HOOLIGANS,WINE HOOLIGANS LLC,SANTA ROSA,Sonoma,CA,95403-2000,980 AIRWAY CT,09,00584598,
WINE HOOLIGANS,WINE HOOLIGANS,WINE HOOLIGANS LLC,SANTA ROSA,Sonoma,CA,95403-2000,980 AIRWAY CT,02,00584598,
WINE HOOLIGANS,WINE HOOLIGANS,WINE HOOLIGANS LLC,SANTA ROSA,Sonoma,CA,95403-2000,980 AIRWAY CT,02,00584598,
WINE HOOLIGANS,WINE HOOLIGANS,WINE HOOLIGANS LLC,SANTA ROSA,Sonoma,CA,95403-2000,980 AIRWAY CT,17,00584598,
WINE HOOLIGANS,WINE HOOLIGANS,WINE HOOLIGANS LLC,SANTA ROSA,Sonoma,CA,95403-2000,980 AIRWAY CT,18,00584598,
WINE HOOLIGANS,WINE HOOLIGANS,WINE HOOLIGANS LLC,SANTA ROSA,Sonoma,CA,95403-1983,981 AIRWAY CT,02,00635848,
WINE LANGUAGE LLC,,WINE LANGUAGE LLC,SANTA ROSA,Sonoma,CA,95403-1072,5570 SKYLANE BLVD,17,00648612,31-JUL-2026
WINE LANGUAGE LLC,,WINE LANGUAGE LLC,SANTA ROSA,Sonoma,CA,95403-1072,5570 SKYLANE BLVD,20,00648612,31-JUL-2026
WINE SPECTRUM INC THE,WINE SPECTRUM INC THE,WINE SPECTRUM INC THE,SANTA ROSA,Sonoma,CA,95403,3510 UNOCAL PL,20,00271529,
WINE SPECTRUM INC. THE,WINE SPECTRUM INC. THE,BENCHMARK WINE GROUP  INC,SANTA ROSA,Sonoma,CA,95403-2049,981 AIRWAY CT,20,00660378,30-SEP-2026
WINE SPECTRUM THE,WINE SPECTRUM THE,WINE SPECTRUM INC THE,SANTA ROSA,Sonoma,CA,95403-2049,981 AIRWAY CT,20,00368215,
WINESPIES  THE,WINESPIES  THE,WINE SPIES LLC THE,SANTA ROSA,Sonoma,CA,95407,1375 CORPORATE CENTER PKWY,17,00556746,
WINESPIES  THE,WINESPIES  THE,WINE SPIES LLC THE,SANTA ROSA,Sonoma,CA,95407,1375 CORPORATE CENTER PKWY,20,00556746,
WINGSTOP SANTA 543,WINGSTOP SANTA 543,WINGSINGH-SANTA ROSA  INC.,SANTA ROSA,Sonoma,CA,95407-6864,760 STONY POINT RD,41,00580048,31-AUG-2026
WORLD MARKET,WORLD MARKET,COST PLUS INC,SANTA ROSA,Sonoma,CA,95407-7683,2685 SANTA ROSA AVE,20,00210337,
WORLD MARKET,WORLD MARKET,WORLD MARKET  LLC,SANTA ROSA,Sonoma,CA,95407-7683,2685 SANTA ROSA AVE,20,00633984,28-FEB-2027
XANDER SOREN WINES,XANDER SOREN WINES,BUSHIDO PINOT  INC.,SANTA ROSA,Sonoma,CA,95403-1651,1160 HOPPER AVE,02,00674187,30-JUN-2026
YETI RESTAURANT,YETI RESTAURANT,SOMNAME  LLC,SANTA ROSA,Sonoma,CA,95405-4703,190 FARMERS LN,47,00550154,31-MAR-2027
YETI RESTAURANT,YETI RESTAURANT,SOMNAME  LLC,SANTA ROSA,Sonoma,CA,95405-4703,190 FARMERS LN,58,00550154,31-MAR-2027
YOUNGS MARKET COMPANY,YOUNGS MARKET COMPANY,YOUNGS MARKET COMPANY LLC,SANTA ROSA,Sonoma,CA,95407-8123,256 SUTTON PL,17,00466940,
YOUNGS MARKET COMPANY,YOUNGS MARKET COMPANY,YOUNGS MARKET COMPANY LLC,SANTA ROSA,Sonoma,CA,95407-8123,256 SUTTON PL,18,00466940,
YOUNGS MARKET COMPANY,YOUNGS MARKET COMPANY,YOUNGS MARKET COMPANY LLC,SANTA ROSA,Sonoma,CA,95407-8123,256 SUTTON PL,09,00466940,
YOUNGS MARKET COMPANY,YOUNGS MARKET COMPANY,YOUNGS MARKET COMPANY LLC,SANTA ROSA,Sonoma,CA,95407-8123,256 SUTTON PL,12,00466940,
YOUNGS MARKET COMPANY,YOUNGS MARKET COMPANY,YOUNGS MARKET COMPANY LLC,SANTA ROSA,Sonoma,CA,95407-8123,256 SUTTON PL,09,00466940,
YOUNGS MARKET COMPANY,YOUNGS MARKET COMPANY,YOUNGS MARKET COMPANY LLC,SANTA ROSA,Sonoma,CA,95407-8123,256 SUTTON PL,12,00466940,
YOUNGS MARKET COMPANY,YOUNGS MARKET COMPANY,YOUNGS MARKET COMPANY LLC,SANTA ROSA,Sonoma,CA,95407-8123,256 SUTTON PL,17,00466940,
YOUNGS MARKET COMPANY,YOUNGS MARKET COMPANY,YOUNGS MARKET COMPANY LLC,SANTA ROSA,Sonoma,CA,95407-8123,256 SUTTON PL,18,00466940,
ZEPALTAS WINES,ZEPALTAS WINES,ZEPALTAS WINES LLC,SANTA ROSA,Sonoma,CA,95405-9006,2738 CANTERBURY DR,17,00480472,
ZEPALTAS WINES,ZEPALTAS WINES,ZEPALTAS WINES LLC,SANTA ROSA,Sonoma,CA,95405-9006,2738 CANTERBURY DR,20,00480472,
ZICKEFOOSE WINES,ZICKEFOOSE WINES,TAYLOR  JAMES WILLIAM JR,SANTA ROSA,Sonoma,CA,95401,2416 W COLLEGE AVE,17,00442580,31-JUL-2026
ZICKEFOOSE WINES,ZICKEFOOSE WINES,TAYLOR  JAMES WILLIAM JR,SANTA ROSA,Sonoma,CA,95401,2416 W COLLEGE AVE,20,00442580,31-JUL-2026
HALF WIT WINES,HALF WIT WINES,HALF WIT WINES  LLC,SEA RANCH,Sonoma,CA,95497,41025 ANNAPOLIS RD,42,00580111,31-MAY-2027
SEA RANCH GOLF LINKS,SEA RANCH GOLF LINKS,NORTH COAST LINKS  LLC,SEA RANCH,Sonoma,CA,95497,49300 HIGHWAY 1,41,00674684,31-DEC-2026
5 WELLS WINES LLC,5 WELLS WINES LLC,5 WELLS WINES  LLC,SEBASTOPOL,Sonoma,CA,95472,3905 FREI RD,02,00664642,30-JUN-2026
ANDYS PRODUCE MARKET INC,ANDYS PRODUCE MARKET INC,ANDYS PRODUCE MARKET INC,SEBASTOPOL,Sonoma,CA,95472,1691 GRAVENSTEIN HWY N,20,00332786,30-APR-2027
BILLS MARKET & DELI 2,BILLS MARKET & DELI 2,SINGH  IQBAL,SEBASTOPOL,Sonoma,CA,95472,3195 GRAVENSTEIN HWY N,21,00450170,28-FEB-2027
BOHEME WINES,BOHEME WINES,K BEITLER LLC,SEBASTOPOL,Sonoma,CA,95472-2662,2064 GRAVENSTEIN HWY N,02,00560058,30-JUN-2026
BOX WINE COMPANY,BOX WINE COMPANY,BOX  WESLEY DAVIS,SEBASTOPOL,Sonoma,CA,95472-2117,4950 ROSS RD,02,00621516,30-JUN-2026
CALEB LEISURE WINES,CALEB LEISURE WINES,CALEB LEISURE WINES LLC,SEBASTOPOL,Sonoma,CA,95472,7613 WASHINGTON AVE,02,00614430,30-JUN-2026
CALEB LEISURE WINES,CALEB LEISURE WINES,CALEB LEISURE WINES LLC,SEBASTOPOL,Sonoma,CA,95472-2117,4950 ROSS RD,02,00670538,30-JUN-2026
CASTELLI WINERY,CASTELLI WINERY,CASTELLI WINERY LLC,SEBASTOPOL,Sonoma,CA,95472-9705,9760 GREEN VALLEY RD,02,00482707,30-JUN-2026
CIRQ WINERY,CIRQ WINERY,DOMAINE M.B.  LLC,SEBASTOPOL,Sonoma,CA,95472-3445,6751 LAGUNA PARK WY,02,00531720,
CMZ WINES,CMZ WINES,CMZ HOLDINGS LLC,SEBASTOPOL,Sonoma,CA,95472-8228,3599 CELESTA CT,02,00645941,30-JUN-2026
COMMUNITY MARKET,COMMUNITY MARKET,RED CLOVER WORKERS BRIGADE INC,SEBASTOPOL,Sonoma,CA,95472-3877,6762 SEBASTOPOL AVE,41,00537042,31-OCT-2026
COMMUNITY MARKET,COMMUNITY MARKET,RED CLOVER WORKERS BRIGADE INC,SEBASTOPOL,Sonoma,CA,95472-3877,6762 SEBASTOPOL AVE,77,00537042,31-OCT-2026
COUNTRY WINE & LIQUOR,COUNTRY WINE & LIQUOR,N M LIQUOR CORP,SEBASTOPOL,Sonoma,CA,95472-2809,865 GRAVENSTEIN HWY N,21,00602464,31-MAR-2027
DARGENZIO WINERY @ SEBASTOPOL CFM,DARGENZIO WINERY @ SEBASTOPOL CFM,DARGENZIO WINERY INC,SEBASTOPOL,Sonoma,CA,95472,6901 MCKINLEY ST,79,00677426,30-JUN-2026
DEHLINGER WINERY,DEHLINGER WINERY,DEHLINGER WINERY  LLC,SEBASTOPOL,Sonoma,CA,95472-2274,4101 VINE HILL RD,02,00568134,30-JUN-2027
DUTCH BILL CREEK WINERY,DUTCH BILL CREEK WINERY,HEINTZ  CHARLES EDWARD,SEBASTOPOL,Sonoma,CA,95472-9761,3280 HARRISON GRADE RD,02,00421081,30-JUN-2027
DUTTON ESTATE WINERY,DUTTON ESTATE WINERY,SEBASTOPOL VINEYARDS & WINERY CORP,SEBASTOPOL,Sonoma,CA,95472-2259,8757 GREEN VALLEY RD,02,00374211,30-JUN-2027
DUTTON ESTATE WINERY,DUTTON ESTATE WINERY,SEBASTOPOL VINEYARDS & WINERY CORP,SEBASTOPOL,Sonoma,CA,95472-2259,8757 GREEN VALLEY RD,81,00374211,30-JUN-2027
ECO TERRENO WINES @ SEBASTOPOL CERTIFIED FARMER'S,ECO TERRENO WINES @ SEBASTOPOL CERTIFIED FARMER'S,ECO TERRENO WINES  INC.,SEBASTOPOL,Sonoma,CA,95472,6908 WEEKS WAY,79,00645879,30-JUN-2027
EL CORONEL MEXICAN RESTAURANT,EL CORONEL MEXICAN RESTAURANT,EL CORONEL MEXICAN RESTAURANT  L.L.C.,SEBASTOPOL,Sonoma,CA,95472,1015 GRAVENSTEIN HWY SOUTH,47,00634978,31-OCT-2026
EL CORONEL MEXICAN RESTAURANT,EL CORONEL MEXICAN RESTAURANT,EL CORONEL MEXICAN RESTAURANT  L.L.C.,SEBASTOPOL,Sonoma,CA,95472,1015 GRAVENSTEIN HWY SOUTH,47,00634978,31-OCT-2026
EL CORONEL MEXICAN RESTAURANT,EL CORONEL MEXICAN RESTAURANT,EL CORONEL MEXICAN RESTAURANT  L.L.C.,SEBASTOPOL,Sonoma,CA,95472,1015 GRAVENSTEIN HWY SOUTH,58,00634978,31-OCT-2026
EMME WINES,EMME WINES,ROSALIND REYNOLDS WINES LLC,SEBASTOPOL,Sonoma,CA,95472-3495,6780 MCKINLEY ST,02,00616232,30-JUN-2026
FALLON PLACE WINES,FALLON PLACE WINES,CJM WINE GROUP LLC,SEBASTOPOL,Sonoma,CA,95472-9131,950 WEST SEXTON RD,02,00611791,30-JUN-2026
FANDEE'S RESTAURANT,FANDEE'S RESTAURANT,NEUPANE INC,SEBASTOPOL,Sonoma,CA,95472-2754,7824 COVERT LN,41,00651993,31-OCT-2026
FATHER JOHN WINES,FATHER JOHN WINES,FATHER JOHN WINERY LLC,SEBASTOPOL,Sonoma,CA,95472-2676,7411 E HURLBUT AVE,17,00526652,30-NOV-2026
FATHER JOHN WINES,FATHER JOHN WINES,FATHER JOHN WINERY LLC,SEBASTOPOL,Sonoma,CA,95472-2676,7411 E HURLBUT AVE,20,00526652,30-NOV-2026
FERN BAR,FERN BAR,WESOCO LLC,SEBASTOPOL,Sonoma,CA,95472-3461,6780 DEPOT ST,75,00593206,31-OCT-2026
FIRCREST MARKET,FIRCREST MARKET,NORTH BAY GROCERS,SEBASTOPOL,Sonoma,CA,95472-4544,998 GRAVENSTEIN HWY,20,00656792,31-JUL-2026
FITZ WINE CO.,FITZ WINE CO.,FITZGERALD WINE COMPANY  INC.,SEBASTOPOL,Sonoma,CA,95472,2064 HWY 116 N,02,00613479,30-JUN-2027
FLOWERS VINEYARD & WINERY,FLOWERS VINEYARD & WINERY,HUNEEUS WINES LLC,SEBASTOPOL,Sonoma,CA,95472-2631,2064 GRAVENSTEIN HWY N,02,00611388,30-JUN-2027
FLOWERS VINEYARD & WINERY,FLOWERS VINEYARD & WINERY,HUNEEUS WINES LLC,SEBASTOPOL,Sonoma,CA,95472-2662,2064 GRAVENSTEIN HWY BLDG 5,02,00643397,30-JUN-2027
FREEMAN VINEYARD & WINERY,FREEMAN VINEYARD & WINERY,FREEMAN FAMILY WINERY LLC,SEBASTOPOL,Sonoma,CA,95472-3031,1300 MONTGOMERY RD,02,00388375,30-JUN-2027
FURTHERMORE WINES,FURTHERMORE WINES,FURTHERMORE LLC,SEBASTOPOL,Sonoma,CA,95472-2330,3541 GRAVENSTEIN HWY N,02,00565409,30-JUN-2027
GENERO'S DELI,GENERO'S DELI,GINGERBREAD HOUSE  LLC,SEBASTOPOL,Sonoma,CA,95472-3473,6760 MCKINLEY ST,41,00674070,31-DEC-2026
GHOST OF AUTUMN WINE,GHOST OF AUTUMN WINE,THE GHOST OF AUTUMN WINE COMPANY LLC,SEBASTOPOL,Sonoma,CA,95472-2117,4950 ROSS RD,02,00649199,30-JUN-2027
GRAPECRAFT WINE MARKETING,GRAPECRAFT WINE MARKETING,GRAPECRAFT WINE MARKETING LLC,SEBASTOPOL,Sonoma,CA,95472-2818,1365 GRAVENSTEIN HWY S,02,00453031,
HESS COLLECTION WINERY THE,HESS COLLECTION WINERY THE,THE HESS COLLECTION WINERY,SEBASTOPOL,Sonoma,CA,95472-3449,6761 MCKINLEY ST,02,00542681,
HILL OF TARA WINERY,HILL OF TARA WINERY,HILL OF TARA WINERY  LLC,SEBASTOPOL,Sonoma,CA,95472-2662,2064 GRAVENSTEIN HWY N,02,00605850,30-JUN-2026
HOPMONK TAVERN,HOPMONK TAVERN,HOPMONK TAVERN-SEBASTOPOL  LLC,SEBASTOPOL,Sonoma,CA,95472-4222,230 PETALUMA AVE,47,00505628,
HOPMONK TAVERN,HOPMONK TAVERN,HOPMONK TAVERN-SEBASTOPOL  LLC,SEBASTOPOL,Sonoma,CA,95472-4222,230 PETALUMA AVE,47,00505628,31-DEC-2026
HOPMONK TAVERN,HOPMONK TAVERN,HOPMONK TAVERN-SEBASTOPOL  LLC,SEBASTOPOL,Sonoma,CA,95472-4222,230 PETALUMA AVE,47,00505628,31-DEC-2026
HOPMONK TAVERN,HOPMONK TAVERN,HOPMONK TAVERN-SEBASTOPOL  LLC,SEBASTOPOL,Sonoma,CA,95472-4222,230 PETALUMA AVE,47,00505628,
JAIMEE MOTLEY WINES,JAIMEE MOTLEY WINES,JAIMEE MOTLEY WINES  LLC,SEBASTOPOL,Sonoma,CA,95472-3495,6780 MCKINLEY ST,02,00590399,30-JUN-2027
JJ CUSTOM WINES,JJ CUSTOM WINES,JJ CUSTOM WINES LLC,SEBASTOPOL,Sonoma,CA,95472-2628,2064 GRAVENSTEIN HWY N,02,00516300,30-JUN-2026
KATHMANDU CAFE AND GRILL,KATHMANDU CAFE AND GRILL,RAI  DHEERAJ,SEBASTOPOL,Sonoma,CA,95472-3837,6761 SEBASTOPOL AVE,41,00627931,31-JAN-2027
KELTOM ROOTS WINES,KELTOM ROOTS WINES,HILL  BRYCEN THOMAS,SEBASTOPOL,Sonoma,CA,95472-9416,1609B FURLONG RD,20,00615374,28-FEB-2027
KELTOM ROOTS WINES,KELTOM ROOTS WINES,HILL  BRYCEN THOMAS,SEBASTOPOL,Sonoma,CA,95472-9416,1609B FURLONG RD,17,00615374,28-FEB-2027
KOSHO JAPANESE RESTAURANT,KOSHO JAPANESE RESTAURANT,RAND CONCEPTS  LLC,SEBASTOPOL,Sonoma,CA,95472-6750,6750 MCKINLEY ST,47,00594551,31-AUG-2026
KOSTA BROWNE WINES,KOSTA BROWNE WINES,KB WINES LLC,SEBASTOPOL,Sonoma,CA,95472-2631,2064 GRAVENSTEIN HWY N,02,00483675,
KOSTA BROWNE WINES,KOSTA BROWNE WINES,KB WINES LLC,SEBASTOPOL,Sonoma,CA,95472-3445,6751 LAGUNA PARK WY,02,00524806,
KUKERI WINES,KUKERI WINES,VINOENOLOGY LLC,SEBASTOPOL,Sonoma,CA,95472-4848,1446 INDUSTRIAL AVE,02,00578699,30-JUN-2027
LA ROCHELLE WINES,LA ROCHELLE WINES,ARTISAN WINES OF CALIFORNIA  LLC,SEBASTOPOL,Sonoma,CA,95472-2117,4950 ROSS RD,02,00661477,30-JUN-2026
LINEAGE WINERY LLC,LINEAGE WINERY LLC,LINEAGE WINERY LLC,SEBASTOPOL,Sonoma,CA,95472-2311,3637 FREI RD,02,00659459,30-JUN-2026
LYNMAR ESTATE WINERY,LYNMAR ESTATE WINERY,LYNMAR WINERY  LLC,SEBASTOPOL,Sonoma,CA,95472,3905 FREI RD,02,00545553,30-JUN-2027
LYNMAR ESTATE WINERY,LYNMAR ESTATE WINERY,LYNMAR WINERY  LLC,SEBASTOPOL,Sonoma,CA,95472-2317,3909 FREI RD,02,00543355,30-JUN-2027
MARCHELLE WINES,MARCHELLE WINES,MARCHELLE WINES LLC,SEBASTOPOL,Sonoma,CA,95472,2064 HWY 116 N,02,00665366,30-JUN-2027
MARIMAR ESTATE VINEYARDS & WINERY,MARIMAR ESTATE VINEYARDS & WINERY,MARIMAR TORRES ESTATE CORPORATION,SEBASTOPOL,Sonoma,CA,95472,6780 MCKINLEY ST,02,00530078,
MARTHA'S OLD MEXICO RESTAURANT,MARTHA'S OLD MEXICO RESTAURANT,MILAN   MARIA  GEORGINA,SEBASTOPOL,Sonoma,CA,95472,305 N MAIN ST,41,00577072,31-JAN-2027
MAYLENA WINES,MAYLENA WINES,MAYLENA WINES LLC,SEBASTOPOL,Sonoma,CA,95472-2219,4115 ROSS RD,17,00663802,31-DEC-2026
MAYLENA WINES,MAYLENA WINES,MAYLENA WINES LLC,SEBASTOPOL,Sonoma,CA,95472-2219,4115 ROSS RD,20,00663802,31-DEC-2026
MCILROY WINES,MCILROY WINES,MCILROY  MERRY DIANE,SEBASTOPOL,Sonoma,CA,95472-2117,4950 ROSS RD,02,00560173,30-JUN-2027
MCILROY WINES,MCILROY WINES,MCILROY  MERRY DIANE,SEBASTOPOL,Sonoma,CA,95472-4607,8340 BLACKNEY RD,02,00590672,30-JUN-2027
MEADOWCROFT WINES,MEADOWCROFT WINES,MAGITO & COMPANY LLC,SEBASTOPOL,Sonoma,CA,95472-4848,1446 INDUSTRIAL AVE,02,00444043,30-JUN-2027
MEADOWCROFT WINES,MEADOWCROFT WINES,MAGITO & COMPANY LLC,SEBASTOPOL,Sonoma,CA,95472-4848,1446 INDUSTRIAL AVE,09,00444043,30-JUN-2027
MEADOWCROFT WINES,MEADOWCROFT WINES,MAGITO & COMPANY LLC,SEBASTOPOL,Sonoma,CA,95472-4848,1446 INDUSTRIAL AVE,11,00444043,30-JUN-2027
MERRY EDWARDS WINERY,MERRY EDWARDS WINERY,SONOMA VINEYARD COMPANY  INC.,SEBASTOPOL,Sonoma,CA,95472-6401,2959 HIGHWAY 116 N,02,00603706,30-JUN-2027
MI PUEBLO MEXICAN RESTAURANT,MI PUEBLO MEXICAN RESTAURANT,VALLADAREZALVAREZ LLC,SEBASTOPOL,Sonoma,CA,95472-3103,173 PLEASANT HILL AVE N,41,00666872,28-FEB-2027
MOMBOS PIZZA,MOMBOS PIZZA,MOMBO'S PIZZA  INC.,SEBASTOPOL,Sonoma,CA,95472-2804,560 GRAVENSTEIN HWY N,41,00658053,31-MAY-2027
NAIDU WINES,NAIDU WINES,NAIDU BEVERAGES LLC,SEBASTOPOL,Sonoma,CA,95472-5820,2567 BLUCHER VALLEY RD,02,00615001,30-JUN-2027
NAMASTE KITCHEN,NAMASTE KITCHEN,NAMASTE KITCHEN  INC,SEBASTOPOL,Sonoma,CA,95472-3319,7225 HEALDSBURG AVE,41,00624637,30-JUN-2027
OCHOAS MEXICAN RESTAURANT,OCHOAS MEXICAN RESTAURANT,OCHOA  CARMEN,SEBASTOPOL,Sonoma,CA,95472,777 GRAVENSTEIN HWY N,41,00468226,28-FEB-2027
OWL RIDGE WINES,OWL RIDGE WINES,OWL RIDGE INC,SEBASTOPOL,Sonoma,CA,95472-2628,2064 GRAVENSTEIN HWY N,02,00422558,30-JUN-2026
PACIFIC MARKETS  #14,PACIFIC MARKETS  #14,CALNORTHMARKETS  LLC,SEBASTOPOL,Sonoma,CA,95472-2804,550 GRAVENSTEIN HWY N,21,00639659,31-AUG-2026
PACIFIC MARKETS  #14,PACIFIC MARKETS  #14,CALNORTHMARKETS  LLC,SEBASTOPOL,Sonoma,CA,95472-2804,550 GRAVENSTEIN HWY N,86,00639659,31-AUG-2026
PAUL HOBBS WINERY,PAUL HOBBS WINERY,PAUL HOBBS WINERY L-PSHIP,SEBASTOPOL,Sonoma,CA,95472-2662,2064 GRAVENSTEIN HWY N,02,00465372,30-JUN-2027
PAUL HOBBS WINERY LP,PAUL HOBBS WINERY LP,PAUL HOBBS WINERY L-PSHIP,SEBASTOPOL,Sonoma,CA,95472-2327,3355 GRAVENSTEIN HWY N,02,00402580,30-JUN-2027
PAX MAHLE WINES,PAX MAHLE WINES,PAX MAHLE WINES  LLC,SEBASTOPOL,Sonoma,CA,95472-3495,6780 MCKINLEY ST,02,00584467,30-JUN-2026
PLEIADES WINE COMPANY,PLEIADES WINE COMPANY,PLEIADES WINE COMPANY  INC.,SEBASTOPOL,Sonoma,CA,95472-2117,4950 ROSS RD,02,00624494,30-JUN-2026
R&B MARKET AND LIQUOR,R&B MARKET AND LIQUOR,WALIA & SONS  INC.,SEBASTOPOL,Sonoma,CA,95472-4852,1130 GRAVENSTEIN HWY S,21,00576647,31-MAY-2027
RADIO-COTEAU WINE CELLARS,RADIO-COTEAU WINE CELLARS,RADIO-COTEAU WINE CELLARS  LLC,SEBASTOPOL,Sonoma,CA,95472,2040 BARLOW LN,02,00438385,30-JUN-2027
RAEN WINES,RAEN WINES,CADA LLC,SEBASTOPOL,Sonoma,CA,95472-3495,6780 MCKINLEY ST,02,00584724,30-JUN-2026
RAEN WINES,RAEN WINES,CADA LLC,SEBASTOPOL,Sonoma,CA,95472-3495,6780 MCKINLEY ST,09,00584724,30-JUN-2026
RAEN WINES,RAEN WINES,CADA LLC,SEBASTOPOL,Sonoma,CA,95472-3495,6780 MCKINLEY ST,93,00584724,30-JUN-2026
RED CAR WINE COMPANY,RED CAR WINE COMPANY,RED CAR WINE COMPANY  LLC,SEBASTOPOL,Sonoma,CA,95472-2401,8400 GRATON RD,02,00502910,30-JUN-2027
RED CAR WINE COMPANY,RED CAR WINE COMPANY,RED CAR WINE COMPANY  LLC,SEBASTOPOL,Sonoma,CA,95472,2064 HIGHWAY 116 N,02,00654380,30-JUN-2027
REICHWAGE WINERY,REICHWAGE WINERY,REICHWAGE WINERY  INC,SEBASTOPOL,Sonoma,CA,95472-4916,1689 PLEASANT HILL RD,02,00604395,
REICHWAGE WINERY,REICHWAGE WINERY,REICHWAGE WINERY  INC,SEBASTOPOL,Sonoma,CA,95472-4916,1689 PLEASANT HILL RD,02,00604395,30-JUN-2027
RIVER ROAD WINES,RIVER ROAD WINES,RUBIN WINES LLC,SEBASTOPOL,Sonoma,CA,95472-2158,5220 ROSS RD,06,00517077,30-JUN-2026
RIVER ROAD WINES,RIVER ROAD WINES,RUBIN WINES LLC,SEBASTOPOL,Sonoma,CA,95472-2158,5220 ROSS RD,02,00517077,30-JUN-2026
RIVER ROAD WINES,RIVER ROAD WINES,RUBIN WINES LLC,SEBASTOPOL,Sonoma,CA,95472-2158,5220 ROSS RD,09,00517077,30-JUN-2026
ROUND TABLE PIZZA,ROUND TABLE PIZZA,CALIFORNIA RT PIZZA GROUP INC,SEBASTOPOL,Sonoma,CA,95472-4500,775 GRAVENSTEIN HWY SOUTH,41,00565309,31-JAN-2027
RUBIO FAMILY WINES  LLC,RUBIO FAMILY WINES  LLC,RUBIO FAMILY WINES  LLC,SEBASTOPOL,Sonoma,CA,95472-2117,4950 ROSS RD,02,00677329,30-JUN-2027
SCHERRER WINERY,SCHERRER WINERY,SCHERRER  FRED CECIL,SEBASTOPOL,Sonoma,CA,95472-2117,4940 ROSS RD,02,00337989,30-JUN-2027
SCHERRER WINERY,SCHERRER WINERY,SCHERRER  FRED CECIL,SEBASTOPOL,Sonoma,CA,95472-5520,966 TILLER LN,02,00337997,30-JUN-2027
SEBASTOPOL GOLF COURSE,SEBASTOPOL GOLF COURSE,FARRIS  LEE,SEBASTOPOL,Sonoma,CA,95472,2881 SCOTT RD,40,00025276,30-JUN-2027
SEBASTOPOL LIQUOR & DELI,SEBASTOPOL LIQUOR & DELI,SEBASTOPOL LIQUOR & DELI INC,SEBASTOPOL,Sonoma,CA,95472-3413,6800 SEBASTOPOL AVE,21,00349837,30-JUN-2026
SEBASTOPOL LIQUOR & DELI,SEBASTOPOL LIQUOR & DELI,SEBASTOPOL LIQUOR & DELI INC,SEBASTOPOL,Sonoma,CA,95472-3413,6800 SEBASTOPOL AVE,41,00349837,30-JUN-2026
SEBASTOPOL SUNSHINE CAFE,SEBASTOPOL SUNSHINE CAFE,SEBASTOPOL SUNSHINE CAFÉ LLC,SEBASTOPOL,Sonoma,CA,95472-4257,124 S MAIN ST,41,00629796,31-OCT-2026
SEQUOIA MINI MART,SEQUOIA MINI MART,KUMAR  CHETAN,SEBASTOPOL,Sonoma,CA,95472,1382 GRAVENSTEIN HWY S,21,00654189,31-OCT-2026
SHANE WINES,SHANE WINES,SHANE WINE CELLARS LLC,SEBASTOPOL,Sonoma,CA,95472-3228,7931 VIOLA CT,20,00592792,30-APR-2027
SHANE WINES,SHANE WINES,SHANE WINE CELLARS LLC,SEBASTOPOL,Sonoma,CA,95472-3228,7931 VIOLA CT,17,00592792,30-APR-2027
SIMPATICO WINE COMPANY,SIMPATICO WINE COMPANY,BENNETT VALLEY VINEYARD & WINERY INC,SEBASTOPOL,Sonoma,CA,95472-2555,2030 BARLOW LN,02,00664305,30-JUN-2026
SINGER WINE,SINGER WINE,ROADSEND FARM LLC,SEBASTOPOL,Sonoma,CA,95472,7361 BAKER LN,02,00432663,30-JUN-2026
SIX CLOVES WINES,SIX CLOVES WINES,SIX CLOVES WINES LLC,SEBASTOPOL,Sonoma,CA,95472-3327,7620 HEALDSBURG AVE,17,00596636,30-SEP-2026
SIX CLOVES WINES,SIX CLOVES WINES,SIX CLOVES WINES LLC,SEBASTOPOL,Sonoma,CA,95472-3327,7620 HEALDSBURG AVE,20,00596636,30-SEP-2026
SMALL VINES WINES,SMALL VINES WINES,SMALL VINES WINES  INC.,SEBASTOPOL,Sonoma,CA,95472-9306,2160 GREEN HILL RD,20,00450481,31-MAR-2027
SMALL VINES WINES,SMALL VINES WINES,SMALL VINES WINES  INC.,SEBASTOPOL,Sonoma,CA,95472-9306,2160 GREEN HILL RD,02,00450481,30-JUN-2026
SMALL VINES WINES,SMALL VINES WINES,SMALL VINES WINES  INC.,SEBASTOPOL,Sonoma,CA,95472-2511,1600 BARLOW LN,02,00582175,30-JUN-2027
SMALL VINES WINES,SMALL VINES WINES,SMALL VINES WINES  INC.,SEBASTOPOL,Sonoma,CA,95472-9306,2160 GREEN HILL RD,17,00450481,31-MAR-2027
SONOMA WINE SHOP,SONOMA WINE SHOP,SONOMA WINE SHOP  A CALIFORNIA CORPORATION,SEBASTOPOL,Sonoma,CA,95472-4855,2295 GRAVENSTEIN HWY S,41,00486306,31-MAR-2027
SONOMA WINE SHOP,SONOMA WINE SHOP,SONOMA WINE SHOP  A CALIFORNIA CORPORATION,SEBASTOPOL,Sonoma,CA,95472-4855,2295 GRAVENSTEIN HWY S,58,00486306,31-MAR-2027
SUSHI HANA,SUSHI HANA,SUSHI HANA COFFEE  INC.,SEBASTOPOL,Sonoma,CA,95472-4252,6930 BURNETT ST,41,00659654,31-MAR-2027
SUSHI TOZAI,SUSHI TOZAI,SW ZHAO  INC.,SEBASTOPOL,Sonoma,CA,95472-3324,7531 HEALDSBURG AVE,41,00522429,28-FEB-2027
TAFT STREET WINERY,TAFT STREET WINERY,TAFT STREET INC,SEBASTOPOL,Sonoma,CA,95472-2555,2030 BARLOW LN,02,00464539,
TAFT STREET WINERY,TAFT STREET WINERY,TAFT STREET INC,SEBASTOPOL,Sonoma,CA,95472-2555,2030 BARLOW LN,02,00464539,30-JUN-2027
THAI POT,THAI POT,YANG  HSIU HWA,SEBASTOPOL,Sonoma,CA,95472,6961 SEBASTOPOL AVE,41,00298679,31-AUG-2026
THE LITTORAI WINES,THE LITTORAI WINES,THE LITTORAI WINES,SEBASTOPOL,Sonoma,CA,95472-3934,788 GOLD RIDGE RD,17,00465103,31-DEC-2026
THE LITTORAI WINES,THE LITTORAI WINES,THE LITTORAI WINES,SEBASTOPOL,Sonoma,CA,95472-3934,788 GOLD RIDGE RD,20,00465103,31-DEC-2026
THE LITTORAI WINES,THE LITTORAI WINES,THE LITTORAI WINES,SEBASTOPOL,Sonoma,CA,95472-3934,788 GOLD RIDGE RD,02,00465103,30-JUN-2026
THE LITTORAI WINES,THE LITTORAI WINES,THE LITTORAI WINES,SEBASTOPOL,Sonoma,CA,95472-3934,788 GOLD RIDGE RD,09,00465103,31-DEC-2026
VIVA MEXICANA,VIVA MEXICANA,VIVA MEX CORP,SEBASTOPOL,Sonoma,CA,95472-4522,841 GRAVENSTEIN HWY S,41,00509147,
VIVA MEXICANA,VIVA MEXICANA,VIVA MEX CORP,SEBASTOPOL,Sonoma,CA,95472-4522,841 GRAVENSTEIN HWY S,41,00509147,30-APR-2027
WHOLE FOODS MARKET,WHOLE FOODS MARKET,WHOLE FOODS MARKET CALIFORNIA INC,SEBASTOPOL,Sonoma,CA,95472,6910 MCKINLEY AVE,20,00363133,28-FEB-2027
WINE SELECTION THE,WINE SELECTION THE,BURNES  DEBORAH R,SEBASTOPOL,Sonoma,CA,95472-4274,6871 ABBOTT AVE,20,00639309,30-SEP-2026
WINESECRETS,WINESECRETS,AMERICAN WINESECRETS LLC,SEBASTOPOL,Sonoma,CA,95472-2818,1365 GRAVENSTEIN HWY S,06,00487500,
WINESECRETS,WINESECRETS,AMERICAN WINESECRETS LLC,SEBASTOPOL,Sonoma,CA,95472-2818,1365 GRAVENSTEIN HWY S,04,00487500,
WINESECRETS,WINESECRETS,AMERICAN WINESECRETS LLC,SEBASTOPOL,Sonoma,CA,95472-2818,1365 GRAVENSTEIN HWY S,02,00487500,
WINESECRETS,WINESECRETS,AMERICAN WINESECRETS LLC,SEBASTOPOL,Sonoma,CA,95472-4848,1446 INDUSTRIAL AVE,06,00487500,31-JUL-2026
WINESECRETS,WINESECRETS,AMERICAN WINESECRETS LLC,SEBASTOPOL,Sonoma,CA,95472-4848,1446 INDUSTRIAL AVE,04,00487500,31-JUL-2026
WINESECRETS,WINESECRETS,AMERICAN WINESECRETS LLC,SEBASTOPOL,Sonoma,CA,95472-4848,1446 INDUSTRIAL AVE,02,00487500,30-JUN-2026
WINEWORKS SEBASTOPOL,WINEWORKS SEBASTOPOL,WILLIAM HENRY WINEWORKS LLC,SEBASTOPOL,Sonoma,CA,95472-2810,870 GRAVENSTEIN HWY N,02,00618359,30-JUN-2026
WINNER'S CIRCLE WINERY,WINNER'S CIRCLE WINERY,WINNER'S CIRCLE WINERY  LLC,SEBASTOPOL,Sonoma,CA,95472-2117,4940 ROSS RD,02,00545533,30-JUN-2026
7 ELEVEN STORE 2232 16268G,7 ELEVEN STORE 2232 16268G,7 ELEVEN INC,SONOMA,Sonoma,CA,95476-6625,194 W NAPA ST,20,00448303,30-JUN-2027
ACTA WINE,ACTA WINE,ACTA WINE  LLC,SONOMA,Sonoma,CA,95476,28700 ARNOLD DR,02,00649663,30-JUN-2027
ADELANTE WINE,ADELANTE WINE,S&R WINES LLC,SONOMA,Sonoma,CA,95476-4006,17854 CARRIGER RD,20,00544924,30-NOV-2026
ADELANTE WINE,ADELANTE WINE,S&R WINES LLC,SONOMA,Sonoma,CA,95476-4006,17854 CARRIGER RD,17,00544924,31-MAY-2027
ADELANTE WINE,ADELANTE WINE,S&R WINES LLC,SONOMA,Sonoma,CA,95476-4006,17854 CARRIGER RD,09,00544924,31-MAY-2027
ADOBE ROAD WINERY,ADOBE ROAD WINERY,BUCKLER FAMILY VINEYARDS  LLC,SONOMA,Sonoma,CA,95476-6608,481 1ST ST W,02,00501106,
ANABA WINES,ANABA WINES,SWEAZEY WINERY INVESTMENT LLC,SONOMA,Sonoma,CA,95476-9295,60 BONNEAU RD,02,00476209,30-JUN-2027
ANABA WINES,ANABA WINES,SWEAZEY WINERY INVESTMENT LLC,SONOMA,Sonoma,CA,95476-9295,64 BONNEAU RD,02,00601149,30-JUN-2027
AUSTRAL WINES LLC,,AUSTRAL WINES LLC,SONOMA,Sonoma,CA,95476-9590,20580 8TH ST E,10,00576169,31-DEC-2026
AUTEUR WINES,AUTEUR WINES,AUTEUR WINES LLC,SONOMA,Sonoma,CA,95476-5630,373 1ST ST W,02,00519279,
AUTEUR WINES,AUTEUR WINES,AUTEUR WINES LLC,SONOMA,Sonoma,CA,95476-5630,373 1ST ST W,02,00519279,30-JUN-2027
AUTEUR WINES,AUTEUR WINES,AUTEUR WINES LLC,SONOMA,Sonoma,CA,95476-2826,22020 CARNEROS VINEYARD WAY,02,00612172,30-JUN-2027
BARNARD GRIFFIN INC,BARNARD GRIFFIN INC,BARNARD GRIFFIN INC,SONOMA,Sonoma,CA,95476-9590,20580 8TH ST E,10,00514184,31-DEC-2026
BARTHOLOMEW ESTATE WINERY,BARTHOLOMEW ESTATE WINERY,REGENERATIVE GIFT  LLC,SONOMA,Sonoma,CA,95476-4845,1000 VINEYARD LN,02,00605540,30-JUN-2027
BARTHOLOMEW ESTATE WINERY,BARTHOLOMEW ESTATE WINERY,REGENERATIVE GIFT  LLC,SONOMA,Sonoma,CA,95476-2816,21684 8TH ST E,02,00651098,30-JUN-2027
BASQUE BOULANGERIE CAFE,BASQUE BOULANGERIE CAFE,BASQUE OF SONOMA  INC.,SONOMA,Sonoma,CA,95476-6702,460 1ST ST E,41,00523413,31-JUL-2026
BEDROCK WINE COMPANY,BEDROCK WINE COMPANY,BEDROCK WINE COMPANY  LP,SONOMA,Sonoma,CA,95476-2801,21481 8TH ST E,02,00545966,30-JUN-2027
BEDROCK WINE COMPANY,BEDROCK WINE COMPANY,BEDROCK WINE COMPANY  LP,SONOMA,Sonoma,CA,95476-9292,21481 8TH ST E,02,00618089,30-JUN-2027
BEDROCK WINE COMPANY,BEDROCK WINE COMPANY,BEDROCK WINE COMPANY  LP,SONOMA,Sonoma,CA,95476-6756,414 1ST ST E,02,00589618,30-JUN-2027
BERKELEY & STUART WINE COMPANY,BERKELEY & STUART WINE COMPANY,BERKELEY & STUART WINE COMPANY  LLC,SONOMA,Sonoma,CA,95476-4278,18361 RIVERSIDE DR,20,00608948,
BERKELEY & STUART WINE COMPANY,BERKELEY & STUART WINE COMPANY,BERKELEY & STUART WINE COMPANY  LLC,SONOMA,Sonoma,CA,95476-4278,18361 RIVERSIDE DR,17,00608948,
BERKELEY & STUART WINE COMPANY,BERKELEY & STUART WINE COMPANY,BERKELEY & STUART WINE COMPANY  LLC,SONOMA,Sonoma,CA,95476-4278,18361 RIVERSIDE DR,09,00608948,
BERKELEY & STUART WINE COMPANY,BERKELEY & STUART WINE COMPANY,BERKELEY & STUART WINE COMPANY  LLC,SONOMA,Sonoma,CA,95476-9797,21889 8TH ST E,17,00624665,30-SEP-2026
BERKELEY & STUART WINE COMPANY,BERKELEY & STUART WINE COMPANY,BERKELEY & STUART WINE COMPANY  LLC,SONOMA,Sonoma,CA,95476-9797,21889 8TH ST E,20,00624665,30-SEP-2026
BERKELEY & STUART WINE COMPANY,BERKELEY & STUART WINE COMPANY,BERKELEY & STUART WINE COMPANY  LLC,SONOMA,Sonoma,CA,95476-9797,21889 8TH ST E,09,00624665,30-SEP-2026
BERTHOUD WINERY,BERTHOUD WINERY,BERTHOUD WINERY INC,SONOMA,Sonoma,CA,95476-4037,1265 CRAIG AVE,02,00470247,30-JUN-2026
BIG VILLAGE WINE COMPANY,BIG VILLAGE WINE COMPANY,BIG VILLAGE WINE COMPANY  LP.,SONOMA,Sonoma,CA,95476-2805,21692 8TH ST E,17,00519579,30-APR-2026
BIG VILLAGE WINE COMPANY,BIG VILLAGE WINE COMPANY,BIG VILLAGE WINE COMPANY  LP.,SONOMA,Sonoma,CA,95476-2805,21692 8TH ST E,20,00519579,30-APR-2026
BIRDHORSE WINES,BIRDHORSE WINES,BIRDHORSE WINES LLC,SONOMA,Sonoma,CA,95476-2801,21481 8TH ST E,02,00627288,30-JUN-2027
BLACKPOOLMATT'S WINE CLUB,BLACKPOOLMATT'S WINE CLUB,MATTHEW'S WORLD OF WINE AND DRINK  LLC,SONOMA,Sonoma,CA,95476-6609,445 2ND ST W,85,00616350,30-JUN-2027
BONNEAU WINERY,BONNEAU WINERY,BONNEAU WINERY LLC,SONOMA,Sonoma,CA,95476-2828,21660 8TH ST E,02,00609215,30-JUN-2027
BORDES WINES,BORDES WINES,BORDES WINES LLC,SONOMA,Sonoma,CA,95476,21783 CHAMPLIN CREEK LN,02,00648844,30-JUN-2027
BROADWAY MARKET,BROADWAY MARKET,LOCAL SONOMA INVESTORS INC,SONOMA,Sonoma,CA,95476-7509,20511 BROADWAY,21,00626002,31-JUL-2027
BRONCO WINE COMPANY,BRONCO WINE COMPANY,BRONCO WINE COMPANY,SONOMA,Sonoma,CA,95476-9590,20580 8TH ST E,02,00282554,
BUENA VISTA WINERY,BUENA VISTA WINERY,WHEELER WINERY INC,SONOMA,Sonoma,CA,95476-4840,18000 OLD WINERY RD,02,00511975,30-JUN-2027
BUMP CITY WINE CO.,BUMP CITY WINE CO.,SMOLICH  MICHAEL FRANCIS,SONOMA,Sonoma,CA,95476-9282,23355 MILLERICK RD,02,00602504,30-JUN-2026
BURGERS & VINE BBQ JOINT,BURGERS & VINE BBQ JOINT,C2 HOSPITALITY PARTNERS  LLC,SONOMA,Sonoma,CA,95476-6702,400 1ST ST E,75,00531665,31-DEC-2026
BYDAND WINES,BYDAND WINES,BYDAND WINES  LLC,SONOMA,Sonoma,CA,95476-2835,1690 CARNEROS MEADOWS LN,02,00673472,30-JUN-2027
CAFE LA HAYE  LLC,CAFE LA HAYE  LLC,CAFE LA HAYE  LLC,SONOMA,Sonoma,CA,95476-6710,140 E NAPA ST,41,00665949,28-FEB-2027
CALEB LEISURE WINES,CALEB LEISURE WINES,CALEB LEISURE WINES LLC,SONOMA,Sonoma,CA,95476-6601,521 BROADWAY,02,00657617,30-JUN-2026
CALIFORNIA WINE SALES,CALIFORNIA WINE SALES,MARINO  MICHAEL D,SONOMA,Sonoma,CA,95476,22455 BROADWAY,20,00327874,30-NOV-2026
CALIFORNIA WINERIES & VINEYARDS,CALIFORNIA WINERIES & VINEYARDS,CALIFORNIA WINERIES & VINEYARDS LLC,SONOMA,Sonoma,CA,95476-2828,21660 8TH ST E,02,00606185,30-JUN-2026
CAMINO WINES,CAMINO WINES,BORCHARDT  TADEO ALBERTO,SONOMA,Sonoma,CA,95476-4877,1450 NUT TREE LN,20,00544838,30-JUN-2026
CAMINO WINES,CAMINO WINES,BORCHARDT  TADEO ALBERTO,SONOMA,Sonoma,CA,95476-4877,1450 NUT TREE LN,17,00544838,30-JUN-2026
CARNEROS DELI,CARNEROS DELI,BAMBURY INCORPORATED,SONOMA,Sonoma,CA,95476-9204,23001 ARNOLD DR,41,00252953,
CARNEROS DELI,CARNEROS DELI,BAMBURY INCORPORATED,SONOMA,Sonoma,CA,95476-9204,23001 ARNOLD DR,41,00252953,
CARNEROS DELI,CARNEROS DELI,BAMBURY INCORPORATED,SONOMA,Sonoma,CA,95476-9204,23001 ARNOLD DR,41,00252953,31-MAR-2027
CARNEROS HILLS WINERY,CARNEROS HILLS WINERY,JACKSON FAMILY WINES INC,SONOMA,Sonoma,CA,95476-9791,27000 RAMAL RD,02,00529875,30-JUN-2027
CARNEROS WINE COMPANY INC,CARNEROS WINE COMPANY INC,CARNEROS WINE COMPANY INC,SONOMA,Sonoma,CA,95476-9292,21481 8TH ST E,02,00485484,30-JUN-2027
COBB WINES,COBB WINES,COBB WINES  LLC,SONOMA,Sonoma,CA,95476-9295,64 BONNEAU RD,02,00620147,30-JUN-2026
COBDEN WINI WINES,COBDEN WINI WINES,COBDEN WINI WINE CO. LLC,SONOMA,Sonoma,CA,95476-2805,21692 8TH ST E,02,00658975,30-JUN-2026
COMMUNITY CAFE,COMMUNITY CAFE,MEADOWBROOKE FOOD & BEVERAGE LLC,SONOMA,Sonoma,CA,95476-6414,875 W NAPA ST,41,00507577,
COMMUNITY CAFE,COMMUNITY CAFE,MEADOWBROOKE FOOD & BEVERAGE LLC,SONOMA,Sonoma,CA,95476-6414,875 W NAPA ST,58,00507577,
CR GRAYBEHL WINE COMPANY,CR GRAYBEHL WINE COMPANY,CRGRAYBEHL WINE COMPANY LLC,SONOMA,Sonoma,CA,95476-4404,281 SIESTA WAY,20,00576348,28-FEB-2027
CR GRAYBEHL WINE COMPANY,CR GRAYBEHL WINE COMPANY,CRGRAYBEHL WINE COMPANY LLC,SONOMA,Sonoma,CA,95476-4404,281 SIESTA WAY,17,00576348,28-FEB-2027
CVS PHARMACY STORE 9152,CVS PHARMACY STORE 9152,GARFIELD BEACH CVS LLC,SONOMA,Sonoma,CA,95476,201 W NAPA ST,21,00477879,31-MAY-2027
DARLING FAMILY WINES,DARLING FAMILY WINES,DARLING FAMILY WINES LLC,SONOMA,Sonoma,CA,95476-6738,27 E NAPA ST,02,00635715,30-JUN-2027
DAYLIGHT WINE COMPANY,DAYLIGHT WINE COMPANY,DAYLIGHT WINE COMPANY  LLC,SONOMA,Sonoma,CA,95476-6452,780 W NAPA ST,17,00535726,
DAYLIGHT WINE COMPANY,DAYLIGHT WINE COMPANY,DAYLIGHT WINE COMPANY  LLC,SONOMA,Sonoma,CA,95476-6452,780 W NAPA ST,20,00535726,
DELHI BELLY INDIAN BISTRO,DELHI BELLY INDIAN BISTRO,DELHI BELLY LLC,SONOMA,Sonoma,CA,95476-6602,522 BROADWAY,58,00559951,
DELHI BELLY INDIAN BISTRO,DELHI BELLY INDIAN BISTRO,DELHI BELLY LLC,SONOMA,Sonoma,CA,95476-6602,522 BROADWAY,41,00559951,
DELHI BELLY INDIAN BISTROS,DELHI BELLY INDIAN BISTROS,NMN INC,SONOMA,Sonoma,CA,95476-6602,522 BROADWAY,41,00667167,31-AUG-2026
DELILLE CELLARS,DELILLE CELLARS,DELILLE CELLARS LLC,SONOMA,Sonoma,CA,95476-6602,564 BROADWAY,10,00588258,30-SEP-2026
DESIRE LINES WINE CO.,DESIRE LINES WINE CO.,RASMUSSEN FAMILY WINES  LLC,SONOMA,Sonoma,CA,95476-2801,21481 8TH ST E   STE 15B,02,00588839,
DIOSA WINES LLC,DIOSA WINES LLC,DIOSA WINES LLC,SONOMA,Sonoma,CA,95476-2816,21684 8TH ST E,02,00670040,30-JUN-2026
DOS PIEDRAS WINES LLC,,DOS PIEDRAS WINES LLC,SONOMA,Sonoma,CA,95476-9292,21481 8TH ST E,02,00625011,30-JUN-2026
DUNSTAN WINES,DUNSTAN WINES,SAND HILL WINES LLC,SONOMA,Sonoma,CA,95476,1951 FELDER RD,02,00585312,30-JUN-2027
DUNSTAN WINES,DUNSTAN WINES,SAND HILL WINES LLC,SONOMA,Sonoma,CA,95476-2826,22020 CARNEROS VINEYARD WAY,02,00627276,30-JUN-2027
DYSFUNCTIONAL FAMILY WINERY,DYSFUNCTIONAL FAMILY WINERY,HYDEOUT SONOMA LLC,SONOMA,Sonoma,CA,95476-9589,20680 HYDE RD,02,00644698,30-JUN-2026
E SAAN THAI HOUSE,E SAAN THAI HOUSE,E SAAN THAI HOUSE INC,SONOMA,Sonoma,CA,95476,18629 SONOMA HWY 88,41,00392385,31-JUL-2026
EASY STOP MARKET,EASY STOP MARKET,KALOYA  BARJINDER S,SONOMA,Sonoma,CA,95476-7403,925 BROADWAY,20,00544895,30-JUN-2027
ECO TERRENO WINES,ECO TERRENO WINES,ECO TERRENO WINES  INC.,SONOMA,Sonoma,CA,95476,19327 SONOMA HWY,02,00667517,30-JUN-2027
EL COYOTE MARKET & DELI,EL COYOTE MARKET & DELI,VASQUEZ QUIROZ   JAMEY,SONOMA,Sonoma,CA,95476,18615 SONOMA HWY,20,00627740,31-JUL-2026
EL GRAN TACO,EL GRAN TACO,TAQUERIA EL GRAN TACO  INC.,SONOMA,Sonoma,CA,95476-3978,40 CALLE DEL MONTE,41,00587974,28-FEB-2027
ENKIDU WINE,ENKIDU WINE,ENKIDU WINE LLC,SONOMA,Sonoma,CA,95476-9807,22985 BURNDALE RD,02,00625008,
ENKIDU WINE,ENKIDU WINE,ENKIDU WINE LLC,SONOMA,Sonoma,CA,95476-9807,22985 BURNDALE RD,02,00625008,30-JUN-2027
EPICUREAN WINES,EPICUREAN WINES,EPICUREAN WINES LLC,SONOMA,Sonoma,CA,95476-9590,20580 8TH ST E,09,00532257,
EPICUREAN WINES,EPICUREAN WINES,EPICUREAN WINES LLC,SONOMA,Sonoma,CA,95476-9590,20580 8TH ST E,12,00532257,
EPICUREAN WINES,EPICUREAN WINES,EPICUREAN WINES LLC,SONOMA,Sonoma,CA,95476-9590,20580 8TH ST E,17,00532257,
EPICUREAN WINES,EPICUREAN WINES,EPICUREAN WINES LLC,SONOMA,Sonoma,CA,95476-9590,20580 8TH ST E,18,00532257,
EPICUREAN WINES,EPICUREAN WINES,EPICUREAN WINES LLC,SONOMA,Sonoma,CA,95476-9590,20580 8TH ST E,17,00532257,30-JUN-2027
EPICUREAN WINES,EPICUREAN WINES,EPICUREAN WINES LLC,SONOMA,Sonoma,CA,95476-9590,20580 8TH ST E,18,00532257,31-AUG-2026
EPICUREAN WINES,EPICUREAN WINES,EPICUREAN WINES LLC,SONOMA,Sonoma,CA,95476-9590,20580 8TH ST E,12,00532257,31-AUG-2026
EPICUREAN WINES,EPICUREAN WINES,EPICUREAN WINES LLC,SONOMA,Sonoma,CA,95476-9590,20580 8TH ST E,09,00532257,30-JUN-2027
ETRE WINES,ETRE WINES,WALKER  TRACEY BROWN,SONOMA,Sonoma,CA,95476-4047,1073 LARK AVE,17,00480494,31-JUL-2026
ETRE WINES,ETRE WINES,WALKER  TRACEY BROWN,SONOMA,Sonoma,CA,95476-4047,1073 LARK AVE,20,00480494,31-JUL-2026
FAYE WINE CELLARS LLC,,FAYE WINE CELLARS LLC,SONOMA,Sonoma,CA,95476,17041 SUMMER MEADOW LN,17,00665368,31-JAN-2027
FAYE WINE CELLARS LLC,,FAYE WINE CELLARS LLC,SONOMA,Sonoma,CA,95476,17041 SUMMER MEADOW LN,20,00665368,31-JAN-2027
FILAMENTS WINE,FILAMENTS WINE,THE KRATER GOOD  LLC,SONOMA,Sonoma,CA,95476,569 BARRACHI WY,17,00616928,30-SEP-2026
FILAMENTS WINE,FILAMENTS WINE,THE KRATER GOOD  LLC,SONOMA,Sonoma,CA,95476,569 BARRACHI WY,20,00616928,30-SEP-2026
FILOMENA WINE COMPANY,FILOMENA WINE COMPANY,NIO FAMILY WINES  LLC,SONOMA,Sonoma,CA,95476-9292,21481 8TH ST E,02,00654193,30-JUN-2026
FLAMBEAUX WINE,FLAMBEAUX WINE,FLAMBEAUX WINE  LLC,SONOMA,Sonoma,CA,95476,21692 8TH ST E,02,00672314,30-JUN-2026
FLAMBEAUX WINE,FLAMBEAUX WINE,FLAMBEAUX WINE  LLC,SONOMA,Sonoma,CA,95476-2804,21692 8TH ST E,02,00665390,30-JUN-2026
FOLEY FAMILY WINES,FOLEY FAMILY WINES,FOLEY FAMILY WINES  INC.,SONOMA,Sonoma,CA,95476-5717,389 E 4TH ST,17,00485233,
FOLEY FAMILY WINES,FOLEY FAMILY WINES,FOLEY FAMILY WINES  INC.,SONOMA,Sonoma,CA,95476-5717,389 E 4TH ST,13,00485233,
FOLEY FAMILY WINES,FOLEY FAMILY WINES,FOLEY FAMILY WINES  INC.,SONOMA,Sonoma,CA,95476-5717,389 E 4TH ST,20,00485233,
FOLEY FAMILY WINES,FOLEY FAMILY WINES,FOLEY FAMILY WINES  INC.,SONOMA,Sonoma,CA,95476-5717,389 E 4TH ST,09,00485233,
FOUR BEARS WINERY,FOUR BEARS WINERY,FOUR BEARS WINERY LLC,SONOMA,Sonoma,CA,95476-9292,21481 8TH ST E,02,00558397,
FREE FLOW WINES,FREE FLOW WINES,FREE FLOW WINES LLC,SONOMA,Sonoma,CA,95476-2842,21945 CARNEROS LAKE LN,02,00601150,30-JUN-2026
FREE FLOW WINES,FREE FLOW WINES,FREE FLOW WINES LLC,SONOMA,Sonoma,CA,95476-2842,21945 CARNEROS LAKE LN,14,00601150,31-DEC-2026
FRESH WINES,FRESH WINES,FRESH WINES LLC,SONOMA,Sonoma,CA,95476-9292,21481 8TH ST E,02,00617911,30-JUN-2027
FRESH WINES,FRESH WINES,FRESH WINES LLC,SONOMA,Sonoma,CA,95476-6601,521 BROADWAY,02,00657541,30-JUN-2026
FULCRUM WINES,FULCRUM WINES,FULCRUM WINES LLC,SONOMA,Sonoma,CA,95476-6762,25 E NAPA ST,02,00568562,30-JUN-2027
GAIL WINES,GAIL WINES,D.O.B WINE COMPANY LLC,SONOMA,Sonoma,CA,95476-4278,18361 RIVERSIDE DR,17,00607708,
GAIL WINES,GAIL WINES,D.O.B WINE COMPANY LLC,SONOMA,Sonoma,CA,95476-4278,18361 RIVERSIDE DR,20,00607708,
GAIL WINES,GAIL WINES,D.O.B WINE COMPANY LLC,SONOMA,Sonoma,CA,95476-4278,18361 RIVERSIDE DR,09,00607708,
GAIL WINES,GAIL WINES,D.O.B WINE COMPANY LLC,SONOMA,Sonoma,CA,95476-9797,21889 8TH ST E,17,00624682,31-AUG-2026
GAIL WINES,GAIL WINES,D.O.B WINE COMPANY LLC,SONOMA,Sonoma,CA,95476-9797,21889 8TH ST E,20,00624682,31-AUG-2026
GAIL WINES,GAIL WINES,D.O.B WINE COMPANY LLC,SONOMA,Sonoma,CA,95476-9797,21889 8TH ST E,02,00624682,30-JUN-2027
GAIL WINES,GAIL WINES,D.O.B WINE COMPANY LLC,SONOMA,Sonoma,CA,95476-3022,1700 MOON MOUNTAIN RD,02,00621273,30-JUN-2027
GAIL WINES,GAIL WINES,D.O.B WINE COMPANY LLC,SONOMA,Sonoma,CA,95476-9797,21889 8TH ST E,09,00624682,31-AUG-2026
GENERATIONS OF SONOMA WINERY,GENERATIONS OF SONOMA WINERY,GENERATIONS OF SONOMA  LLC,SONOMA,Sonoma,CA,95476-9292,21481 8TH ST E,02,00521473,30-JUN-2027
GENERATIONS OF SONOMA WINERY,GENERATIONS OF SONOMA WINERY,GENERATIONS OF SONOMA  LLC,SONOMA,Sonoma,CA,95476-9292,21481 8TH ST E,14,00521473,31-JAN-2027
GENERATIONS OF SONOMA WINERY,GENERATIONS OF SONOMA WINERY,GENERATIONS OF SONOMA  LLC,SONOMA,Sonoma,CA,95476-9292,21481 8TH ST E,02,00590519,30-JUN-2027
GENERATIONS OF SONOMA WINERY,GENERATIONS OF SONOMA WINERY,GENERATIONS OF SONOMA  LLC,SONOMA,Sonoma,CA,95476-6738,27 E NAPA ST,02,00624068,30-JUN-2027
GLORIA FERRER WINERY,GLORIA FERRER WINERY,FREIXENET SONOMA CAVES INC,SONOMA,Sonoma,CA,95476-9285,23555 ARNOLD DR,02,00184686,30-JUN-2027
GLORIA FERRER WINERY,GLORIA FERRER WINERY,FREIXENET SONOMA CAVES INC,SONOMA,Sonoma,CA,95476-9285,23555 ARNOLD DR,04,00184686,31-MAY-2027
GLORIA FERRER WINERY,GLORIA FERRER WINERY,FREIXENET SONOMA CAVES INC,SONOMA,Sonoma,CA,95476-9285,23555 ARNOLD DR,06,00184686,31-MAY-2027
GLORIA FERRER WINERY,GLORIA FERRER WINERY,FREIXENET SONOMA CAVES INC,SONOMA,Sonoma,CA,95476-9285,23555 ARNOLD DR,09,00184686,30-JUN-2027
GLORIA FERRER WINERY,GLORIA FERRER WINERY,FREIXENET SONOMA CAVES INC,SONOMA,Sonoma,CA,95476-9285,23555 ARNOLD DR,81,00184686,30-JUN-2027
GOURMET TACO SHOP,GOURMET TACO SHOP,BOTELLO ZARCO  BLANCA ESTELA,SONOMA,Sonoma,CA,95476-5413,19235 SONOMA HWY,41,00521141,31-MAY-2027
GRAND NAPA WINE COMPANY,GRAND NAPA WINE COMPANY,GRAND NAPA WINE COMPANY  LLC,SONOMA,Sonoma,CA,95476-2828,21660 8TH ST E,02,00612007,30-JUN-2026
GRAND SCHEME WINES,GRAND SCHEME WINES,GRAND SCHEME WINES  LLC,SONOMA,Sonoma,CA,95476-2816,21684 8TH ST E,02,00669790,30-JUN-2027
GRAND SCHEME WINES,GRAND SCHEME WINES,GRAND SCHEME WINES  LLC,SONOMA,Sonoma,CA,95476-9717,2902 DALE AVE,02,00652574,30-JUN-2027
GRIEVE FAMILY WINES,GRIEVE FAMILY WINES,LOVALL VALLEY WINERY  LLC,SONOMA,Sonoma,CA,95476-6600,465 1ST ST W,02,00505496,30-JUN-2027
GRIEVE FAMILY WINES,GRIEVE FAMILY WINES,LOVALL VALLEY WINERY  LLC,SONOMA,Sonoma,CA,95476-6600,465 1ST ST W,17,00505496,30-NOV-2026
GRIEVE FAMILY WINES,GRIEVE FAMILY WINES,LOVALL VALLEY WINERY  LLC,SONOMA,Sonoma,CA,95476-6600,465 1ST ST W,20,00505496,30-NOV-2026
GUNDLACH BUNDSCHU WINERY,GUNDLACH BUNDSCHU WINERY,VINEBURG LLC,SONOMA,Sonoma,CA,95476,2000 DENMARK ST,02,00374705,30-JUN-2027
HAMEL FAMILY WINES,HAMEL FAMILY WINES,HAMEL FAMILY WINES LLC,SONOMA,Sonoma,CA,95476,15401 AND 15409 SONOMA HIGHWAY,02,00543231,30-JUN-2026
HAMILTON FAMILY WINES,HAMILTON FAMILY WINES,HAMILTON  GREGORY JOHN,SONOMA,Sonoma,CA,95476-2816,21684 8TH ST E,02,00625379,30-JUN-2026
HARVEST WINES INC,HARVEST WINES INC,HARVEST WINES INC,SONOMA,Sonoma,CA,95476-9743,22033 BONNESS RD,17,00425319,31-MAR-2027
HARVEST WINES INC,HARVEST WINES INC,HARVEST WINES INC,SONOMA,Sonoma,CA,95476-9743,22033 BONNESS RD,20,00425319,31-MAR-2027
HARVEST WINES INC,HARVEST WINES INC,HARVEST WINES INC,SONOMA,Sonoma,CA,95476-9743,22033 BONNESS RD,02,00425319,30-JUN-2027
HARVEST WINES INC,HARVEST WINES INC,HARVEST WINES INC,SONOMA,Sonoma,CA,95476-9743,22033 BONNESS RD,09,00425319,31-MAR-2027
HEADLEY WINE GROUP LLC,,HEADLEY WINE GROUP LLC,SONOMA,Sonoma,CA,95476-4766,16600 GEHRICKE RD,02,00485909,
HEARTH WINES LLC,HEARTH WINES LLC,HEARTH WINES LLC,SONOMA,Sonoma,CA,95476-5231,18970 OLIVE AVE,02,00595564,30-JUN-2027
HEIRS OF MY DREAM WINERY,HEIRS OF MY DREAM WINERY,HEIRS OF MY DREAM WINERY INC.,SONOMA,Sonoma,CA,95476-9807,22985 BURNDALE RD,02,00511689,30-JUN-2026
HENWOOD WINE,HENWOOD WINE,HENWOOD WINE LLC,SONOMA,Sonoma,CA,95476-4864,1541 N CASTLE RD,17,00674898,28-FEB-2027
HENWOOD WINE,HENWOOD WINE,HENWOOD WINE LLC,SONOMA,Sonoma,CA,95476-4864,1541 N CASTLE RD,20,00674898,28-FEB-2027
HOMEWOOD WINERY,HOMEWOOD WINERY,M M H INCORPORATED,SONOMA,Sonoma,CA,95476,23120 BURNDALE RD,02,00219635,30-JUN-2026
HOPMONK TAVERN,HOPMONK TAVERN,HOPMONK TAVERN-SONOMA LLC,SONOMA,Sonoma,CA,95476-7015,691 BROADWAY,47,00500695,31-OCT-2026
IL FOUCO PIZZA,IL FOUCO PIZZA,STEEL PIG  INC.,SONOMA,Sonoma,CA,95476-4328,18350 SONOMA HWY,41,00563111,30-NOV-2026
INDIAN LEAP LLC,INDIAN LEAP LLC,INDIAN LEAP  LLC,SONOMA,Sonoma,CA,95476-4913,2320 LOVALL VALLEY RD,17,00528376,31-JAN-2027
INDIAN LEAP LLC,INDIAN LEAP LLC,INDIAN LEAP  LLC,SONOMA,Sonoma,CA,95476-4913,2320 LOVALL VALLEY RD,20,00528376,31-JAN-2027
INDIAN LEAP LLC,INDIAN LEAP LLC,INDIAN LEAP  LLC,SONOMA,Sonoma,CA,95476,22097 BONNESS RD,02,00654592,30-JUN-2026
INDIAN LEAP LLC,INDIAN LEAP LLC,INDIAN LEAP  LLC,SONOMA,Sonoma,CA,95476-4913,2320 LOVALL VALLEY RD,02,00528376,30-JUN-2026
INTERGALACTIC WINE COMPANY,INTERGALACTIC WINE COMPANY,INTERGALACTIC WINE COMPANY  LLC,SONOMA,Sonoma,CA,95476-2828,21660 8TH ST E,02,00664630,30-JUN-2026
ISA WINES,ISA WINES,ISABELLA MORANO WINES  LLC,SONOMA,Sonoma,CA,95476-9292,21481 8TH ST E,02,00660276,30-JUN-2027
ISA WINES,ISA WINES,ISABELLA MORANO WINES  LLC,SONOMA,Sonoma,CA,95476-6601,521 BROADWAY,02,00660281,30-JUN-2027
JACOB'S RESTAURANT,JACOB'S RESTAURANT,CHOCMOL LLC,SONOMA,Sonoma,CA,95476-7504,1266 BROADWAY,41,00627355,31-AUG-2026
JACOB'S RESTAURANT,JACOB'S RESTAURANT,CHOCMOL LLC,SONOMA,Sonoma,CA,95476-7504,1266 BROADWAY,58,00627355,31-AUG-2026
JOLIE LAIDE WINES,JOLIE LAIDE WINES,COLLECTIVE PERIL LLC,SONOMA,Sonoma,CA,95476-2816,21684 8TH ST E,02,00647067,30-JUN-2027
JOSEPH-JIBRIL WINES,JOSEPH-JIBRIL WINES,JOSEPH JIBRIL WINES LLC,SONOMA,Sonoma,CA,95476-2816,21684 8TH ST E,02,00671682,30-JUN-2026
JUMBO TIME WINES,JUMBO TIME WINES,JYOK BEV INC,SONOMA,Sonoma,CA,95476-2828,21660 8TH ST E,02,00638948,30-JUN-2026
KAMARIS WINES LLC,KAMARIS WINES LLC,KAMARIS WINES  LLC,SONOMA,Sonoma,CA,95476-9743,22097 BONNESS RD,02,00664889,30-JUN-2026
KAMEN ESTATE WINES,KAMEN ESTATE WINES,KAMEN WINES LLC,SONOMA,Sonoma,CA,95476-6709,111 E NAPA ST,02,00519837,30-JUN-2027
KASHUBA WINE  LLC,,KASHUBA WINE  LLC,SONOMA,Sonoma,CA,95476-3216,16490 ARNOLD DR,85,00645728,31-MAR-2027
KEEFE FAMILY WINES,KEEFE FAMILY WINES,KEEFE FAMILY WINES LLC,SONOMA,Sonoma,CA,95476-9292,21481 8TH ST E STE 1,02,00652294,30-JUN-2027
KIONA VINEYARDS WINERY,KIONA VINEYARDS WINERY,KIONA VINEYARDS LLC,SONOMA,Sonoma,CA,95476-9590,20580 8TH ST E,10,00552436,31-MAY-2027
KISMET WINE,KISMET WINE,KISMET WINE INC,SONOMA,Sonoma,CA,95476-9292,21481 8TH ST E,02,00588172,30-JUN-2027
KUTCH WINES,KUTCH WINES,KUTCH WINES,SONOMA,Sonoma,CA,95476-2826,22020 CARNEROS VINEYARD WAY,02,00623974,30-JUN-2026
KUTCH WINES,KUTCH WINES,KUTCH WINES,SONOMA,Sonoma,CA,95476-2826,22020 CARNEROS VINEYARD WAY,17,00623974,31-OCT-2026
KUTCH WINES,KUTCH WINES,KUTCH WINES,SONOMA,Sonoma,CA,95476-2826,22020 CARNEROS VINEYARD WAY,20,00623974,31-OCT-2026
KUTCH WINES,KUTCH WINES,KUTCH WINES,SONOMA,Sonoma,CA,95476-2826,22020 CARNEROS VINEYARD WAY,93,00623974,30-JUN-2026
LA HACIENDA GRILL,LA HACIENDA GRILL,EL METATE GRILL,SONOMA,Sonoma,CA,95476,561 5TH ST W,41,00600928,31-AUG-2026
LA LUKE WINES,LA LUKE WINES,LA LUKE WINES LLC,SONOMA,Sonoma,CA,95476-9205,23277 ARNOLD DR,20,00539876,30-NOV-2026
LA LUKE WINES,LA LUKE WINES,LA LUKE WINES LLC,SONOMA,Sonoma,CA,95476-9205,23277 ARNOLD DR,17,00539876,30-NOV-2026
LA PRENDA WINES,LA PRENDA WINES,WATER INTO WINE  INC.,SONOMA,Sonoma,CA,95476-8228,22380 BROADWAY,02,00555741,30-JUN-2027
LA PRENDA WINES,LA PRENDA WINES,WATER INTO WINE  INC.,SONOMA,Sonoma,CA,95476-6606,535 1ST ST W,02,00627504,30-JUN-2026
LA PRENDA WINES,LA PRENDA WINES,WATER INTO WINE  INC.,SONOMA,Sonoma,CA,95476,21945 CARNEROS LAKE LN,02,00619698,30-JUN-2027
LACUNA WINES,LACUNA WINES,BRICOLAGE BRANDS,SONOMA,Sonoma,CA,95476-2801,21481 8TH ST E,02,00618091,30-JUN-2027
LARSON FAMILY WINERY INC,,LARSON FAMILY WINERY INC,SONOMA,Sonoma,CA,95476-9282,23355 MILLERICK RD,02,00353485,30-JUN-2027
LARUE WINES,LARUE WINES,LARUE WINES  INC.,SONOMA,Sonoma,CA,95476-9295,64 BONNEAU RD,02,00604355,30-JUN-2027
LAS JARAS WINES,LAS JARAS WINES,LAS JARAS WINES  LLC,SONOMA,Sonoma,CA,95476-2835,1690 CARNEROS MEADOWS LN,02,00660190,30-JUN-2027
LAS JARAS WINES  LLC,,LAS JARAS WINES  LLC,SONOMA,Sonoma,CA,95476-7143,363 FRANCE ST,02,00592756,30-JUN-2027
LASALETTE RESTAURANT,LASALETTE RESTAURANT,AZEVEDO  KIMBERLEY CAYE,SONOMA,Sonoma,CA,95476,452 1ST ST E,41,00407290,28-FEB-2027
LEAP OF GRAPES WINES,LEAP OF GRAPES WINES,L'ETRANGER WINES  LLC,SONOMA,Sonoma,CA,95476-2816,21684 8TH ST E,02,00663226,30-JUN-2026
LEDSON VINEYARD & WINERY,LEDSON VINEYARD & WINERY,LEDSON  STEVE NOBLE,SONOMA,Sonoma,CA,95476-2802,21692 8TH ST E BLDG B,02,00569613,30-JUN-2027
LEDSON VINEYARD AND WINERY,LEDSON VINEYARD AND WINERY,LEDSON  STEVE NOBLE,SONOMA,Sonoma,CA,95476-2802,21692 8TH ST E,02,00423946,30-JUN-2027
LEVY RESTAURANTS AT INFINEON RACEWAY,LEVY RESTAURANTS AT INFINEON RACEWAY,LEVY PREMIUM FOODSERVICE L-PSHIP,SONOMA,Sonoma,CA,95476,29355 ARNOLD DR,47,00385138,31-MAY-2027
LEVY RESTAURANTS AT INFINEON RACEWAY,LEVY RESTAURANTS AT INFINEON RACEWAY,LEVY PREMIUM FOODSERVICE L-PSHIP,SONOMA,Sonoma,CA,95476,29355 ARNOLD DR,68,00385138,31-MAY-2027
LEVY RESTAURANTS AT INFINEON RACEWAY,LEVY RESTAURANTS AT INFINEON RACEWAY,LEVY PREMIUM FOODSERVICE L-PSHIP,SONOMA,Sonoma,CA,95476,29355 ARNOLD DR,47,00385138,31-MAY-2027
LLANDU ESTATE WINERY,LLANDU ESTATE WINERY,LLANDU ESTATE WINERY  LLC,SONOMA,Sonoma,CA,95476-9292,21481 8TH ST E,02,00547329,30-JUN-2027
LMAO WINES,LMAO WINES,SAVAGE WINE  LLC,SONOMA,Sonoma,CA,95476-9291,21481 8TH ST,02,00636183,30-JUN-2027
LMAO WINES,LMAO WINES,SAVAGE WINE  LLC,SONOMA,Sonoma,CA,95476-2816,21684 8TH ST E,02,00644327,30-JUN-2027
LOS MOLCAJETES BAR & GRILL,LOS MOLCAJETES BAR & GRILL,LOS MOLCAJETES BAR AND GRILL SONOMA,SONOMA,Sonoma,CA,95476-5449,19101 SONOMA HWY,47,00658398,30-NOV-2026
LOS MOLCAJETES BAR & GRILL,LOS MOLCAJETES BAR & GRILL,LOS MOLCAJETES BAR AND GRILL SONOMA,SONOMA,Sonoma,CA,95476-5449,19101 SONOMA HWY,58,00658398,30-NOV-2026
MACLAREN WINE,MACLAREN WINE,MACLAREN WINE,SONOMA,Sonoma,CA,95476-2826,22020 CARNEROS VINEYARD WAY,02,00637265,30-JUN-2027
MACROSTIE WINERY,MACROSTIE WINERY,LION NATHAN USA  INC.,SONOMA,Sonoma,CA,95476-9292,21481 8TH ST E,02,00511142,30-JUN-2026
MAGNOLIA WINE SERVICES,MAGNOLIA WINE SERVICES,MAGNOLIA WINE SERVICES LLC,SONOMA,Sonoma,CA,95476-9292,21481 8TH ST E,02,00617904,30-JUN-2026
MARIONI WINES,MARIONI WINES,EL GRANDOLERO COMPANY LLC,SONOMA,Sonoma,CA,95476-9292,21481 8TH ST E,02,00624071,30-JUN-2027
MARIONI WINES,MARIONI WINES,EL GRANDOLERO COMPANY LLC,SONOMA,Sonoma,CA,95476-6601,521 BROADWAY,02,00656788,30-JUN-2027
MARY'S PIZZA SHACK,MARY'S PIZZA SHACK,ALBANO-DITO FAMILY RESTAURANT GROUP,SONOMA,Sonoma,CA,95472-5601,8 & 14 W SPAIN ST,47,00651559,30-SEP-2026
MATHIS WINE,MATHIS WINE,MATHIS  PETER ANDREW,SONOMA,Sonoma,CA,95476-9795,21684 8TH ST E,02,00463050,30-JUN-2027
MAYA RESTAURANT,MAYA RESTAURANT,A L COMPANEROS INC,SONOMA,Sonoma,CA,95476-6709,101 E NAPA ST,47,00427292,31-OCT-2026
MAYA RESTAURANT,MAYA RESTAURANT,A L COMPANEROS INC,SONOMA,Sonoma,CA,95476-6709,101 E NAPA ST,58,00427292,31-OCT-2026
MEADOWCROFT WINES,MEADOWCROFT WINES,MAGITO & COMPANY LLC,SONOMA,Sonoma,CA,95476-9211,23570 ARNOLD DR,02,00483175,30-JUN-2027
MIGNANELLI WINERY,MIGNANELLI WINERY,MIGNANELLI WINERY  LLC,SONOMA,Sonoma,CA,95476-2828,21660 8TH ST E,02,00549566,30-JUN-2026
MOON HOLLOW WINERY,MOON HOLLOW WINERY,MXB MOON HOLLOW  LP,SONOMA,Sonoma,CA,95476-6608,481 1ST ST W,02,00658515,30-JUN-2027
MURPHYS IRISH PUB,MURPHYS IRISH PUB,ROIS PARTNERS  LLC,SONOMA,Sonoma,CA,95476-6747,464 1ST ST E,47,00591244,28-FEB-2027
MURPHYS IRISH PUB,MURPHYS IRISH PUB,ROIS PARTNERS  LLC,SONOMA,Sonoma,CA,95476-6747,464 1ST ST E,77,00591244,28-FEB-2027
NAKEDWINES.COM,NAKEDWINES.COM,NAKEDWINES.COM  INC.,SONOMA,Sonoma,CA,95476-5717,389 E 4TH ST,02,00666513,30-JUN-2027
NAKEDWINES.COM,NAKEDWINES.COM,NAKEDWINES.COM  INC.,SONOMA,Sonoma,CA,95476-5717,335-355 4TH ST,02,00666505,30-JUN-2027
NAKEDWINES.COM,NAKEDWINES.COM,NAKEDWINES.COM  INC.,SONOMA,Sonoma,CA,95476-5717,335-355 4TH ST,09,00666505,30-JUN-2027
NAKEDWINES.COM,NAKEDWINES.COM,NAKEDWINES.COM  INC.,SONOMA,Sonoma,CA,95476-5717,389 E 4TH ST,09,00666513,30-JUN-2027
NO FINE PRINT WINE CO,NO FINE PRINT WINE CO,NO FINE PRINT LLC,SONOMA,Sonoma,CA,95476-2805,21692 8TH ST E,02,00635917,30-JUN-2026
NUGGET MARKET,NUGGET MARKET,NUGGET MARKET INC,SONOMA,Sonoma,CA,95476-6541,500 W NAPA ST,21,00567592,
NUGGET MARKET,NUGGET MARKET,NUGGET MARKET INC,SONOMA,Sonoma,CA,95476-6541,500 W NAPA ST,86,00567592,
NUGGET MARKET,NUGGET MARKET,NUGGET MARKET INC,SONOMA,Sonoma,CA,95476-6541,500 W NAPA ST,21,00567592,30-JUN-2027
NUGGET MARKET,NUGGET MARKET,NUGGET MARKET INC,SONOMA,Sonoma,CA,95476-6541,500 W NAPA ST,86,00567592,30-APR-2027
OBSIDIAN RIDGE WINE COMPANY,OBSIDIAN RIDGE WINE COMPANY,OBSIDIAN RIDGE WINE COMPANY  LLC,SONOMA,Sonoma,CA,95476-6612,134 CHURCH ST,02,00658079,30-JUN-2027
OBSIDIAN WINE CO,OBSIDIAN WINE CO,OBSIDIAN RIDGE WINE COMPANY  LLC,SONOMA,Sonoma,CA,95476-2816,21684 8TH ST E,02,00512074,
OBSIDIAN WINE CO,OBSIDIAN WINE CO,OBSIDIAN RIDGE WINE COMPANY  LLC,SONOMA,Sonoma,CA,95476-2816,21684 8TH ST E,02,00512074,30-JUN-2027
ODISEA WINE COMPANY,ODISEA WINE COMPANY,ODISEA WINE COMPANY LLC,SONOMA,Sonoma,CA,95476-6703,531 1ST ST E,02,00570483,30-JUN-2027
OLDE SONOMA PUBLIC HOUSE,OLDE SONOMA PUBLIC HOUSE,OSPH  LLC,SONOMA,Sonoma,CA,95476-4400,18615 SONOMA HWY,42,00629917,31-DEC-2026
OPAL MOON WINERY,OPAL MOON WINERY,OPAL MOON WINERY  LLC,SONOMA,Sonoma,CA,95476-2828,21660 8TH ST E,02,00523812,30-JUN-2027
ORDAZ FAMILY WINES  LLC,ORDAZ FAMILY WINES  LLC,ORDAZ  BEVERLY JEANNE,SONOMA,Sonoma,CA,95476-5536,708 MARIANO DR,20,00488324,30-JUN-2026
ORDAZ FAMILY WINES  LLC,ORDAZ FAMILY WINES  LLC,ORDAZ  BEVERLY JEANNE,SONOMA,Sonoma,CA,95476-5536,708 MARIANO DR,17,00488324,30-JUN-2026
OVERSHINE WINE CO,OVERSHINE WINE CO,OVERSHINE CELLARS  LLC,SONOMA,Sonoma,CA,95476-9295,64 BONNEAU RD,02,00671753,30-JUN-2027
PAINT HORSE WINERY,PAINT HORSE WINERY,GREEN FAMILY WINERY LLC,SONOMA,Sonoma,CA,95476,16510 ARNOLD DR,85,00668535,30-APR-2027
PARKPOINT CLUB,PARKPOINT CLUB,PARKPOINT CLUBS L-PSHIP,SONOMA,Sonoma,CA,95476,19111 SONOMA HWY,41,00235466,30-JUN-2027
PARKSIDE WINE BAR,PARKSIDE WINE BAR,OSO RESTAURANT GROUP  LLC,SONOMA,Sonoma,CA,95476-6708,5 E NAPA ST,42,00648558,31-AUG-2026
PASHA WINES,PASHA WINES,CALIFORNIA WINE COUNTRY LLC,SONOMA,Sonoma,CA,95476-6249,19368 ORANGE AVE,02,00660763,30-JUN-2026
PEDUNCLE WINE COMPANY,,PEDUNCLE WINE COMPANY,SONOMA,Sonoma,CA,95476-9292,21481 8TH ST E,02,00656980,30-JUN-2026
PERSON WINE COMPANY,PERSON WINE COMPANY,PERSON WINE LLC,SONOMA,Sonoma,CA,95476-2817,21684 8TH ST E,02,00637880,30-JUN-2027
PICAZO CAFE & DELI,PICAZO CAFE & DELI,CHAVEZ  KRISTIN PICAZO,SONOMA,Sonoma,CA,95476-6102,19100 ARNOLD DR,41,00551260,31-JUL-2026
PIED A TERRE WINES,PIED A TERRE WINES,PAT WINES  LLC,SONOMA,Sonoma,CA,95476-2828,21660 8TH ST E,02,00640048,30-JUN-2027
PONO WINES,PONO WINES,RENAISSANCE CONSULTING GROUP LLC,SONOMA,Sonoma,CA,95476-7417,956 1ST ST W,17,00556230,30-APR-2027
PONO WINES,PONO WINES,RENAISSANCE CONSULTING GROUP LLC,SONOMA,Sonoma,CA,95476-7417,956 1ST ST W,20,00556230,30-APR-2027
PROXY WINES LLC,PROXY WINES LLC,PROXY WINES LLC,SONOMA,Sonoma,CA,95476-7160,760 4TH ST E,02,00618661,30-JUN-2027
QUAIL RUN WINES,QUAIL RUN WINES,QUAIL RUN WINES LLC,SONOMA,Sonoma,CA,95476-3857,855 QUAIL RUN WAY,85,00647670,30-JUN-2027
QUARRY LAKE WINERY  SONOMA,QUARRY LAKE WINERY  SONOMA,TPWC  INC.,SONOMA,Sonoma,CA,95476,26200 ARNOLD DR,06,00394477,31-DEC-2026
QUARRY LAKE WINERY  SONOMA,QUARRY LAKE WINERY  SONOMA,TPWC  INC.,SONOMA,Sonoma,CA,95476,26200 ARNOLD DR,02,00394477,30-JUN-2027
R2 WINE COMPANY,R2 WINE COMPANY,ROESSLER WINE CELLAR LLC,SONOMA,Sonoma,CA,95476-7002,654 BROADWAY,02,00506183,
R2 WINE COMPANY,R2 WINE COMPANY,ROESSLER WINE CELLAR LLC,SONOMA,Sonoma,CA,95476-9292,21481 8TH ST E,02,00560878,30-JUN-2026
RAM'S GATE WINERY,RAM'S GATE WINERY,RAM'S GATE WINERY  LLC,SONOMA,Sonoma,CA,95476,28700 ARNOLD DR,02,00511023,30-JUN-2027
RAMS GATE WINERY,RAMS GATE WINERY,RAM'S GATE WINERY  LLC,SONOMA,Sonoma,CA,95476,28700 ARNOLD DR,02,00511023,
RED STITCH WINE GROUP,RED STITCH WINE GROUP,THE RED STITCH WINE GROUP LLC,SONOMA,Sonoma,CA,95476-3022,1700 MOON MOUNTAIN RD,02,00667151,30-JUN-2027
REPRIS WINES/TEXTURE,REPRIS WINES/TEXTURE,RIGHT SIDE  LLC,SONOMA,Sonoma,CA,95476-6708,35 E NAPA ST,02,00556185,30-JUN-2027
REPRIS WINES/TEXTURE/PANGLOSS CELLARS,REPRIS WINES/TEXTURE/PANGLOSS CELLARS,RIGHT SIDE  LLC,SONOMA,Sonoma,CA,95476-9797,21889 8TH ST E,02,00671464,30-JUN-2027
RIPPEY WINE COMPANY  LLC,,RIPPEY WINE COMPANY  LLC,SONOMA,Sonoma,CA,95476-9739,4202 STAGE GULCH RD,17,00537018,30-NOV-2026
RIPPEY WINE COMPANY  LLC,,RIPPEY WINE COMPANY  LLC,SONOMA,Sonoma,CA,95476-9739,4202 STAGE GULCH RD,20,00537018,30-NOV-2026
RMK WINES,RMK WINES,KAMEN WINES LLC,SONOMA,Sonoma,CA,95476-2805,21692 8TH ST E,02,00429762,30-JUN-2027
ROBLEDO FAMILY WINERY,ROBLEDO FAMILY WINERY,ROBLEDO FAMILY WINERY  INC.,SONOMA,Sonoma,CA,95476-2816,21684 8TH ST E,02,00485448,
ROBLEDO FAMILY WINERY,ROBLEDO FAMILY WINERY,ROBLEDO FAMILY WINERY  INC.,SONOMA,Sonoma,CA,95476-2816,21684 8TH ST E,02,00485448,30-JUN-2026
ROBLEDO FAMILY WINERY,ROBLEDO FAMILY WINERY,ROBLEDO FAMILY WINERY  INC.,SONOMA,Sonoma,CA,95476-9234,21901-03 BONNESS RD,02,00485412,30-JUN-2026
ROBLEDO FAMILY WINERY,ROBLEDO FAMILY WINERY,ROBLEDO FAMILY WINERY  INC.,SONOMA,Sonoma,CA,95476-9234,21901-03 BONNESS RD,02,00485412,
ROCHE WINERY  LLC,ROCHE WINERY  LLC,ROCHE WINERY LLC,SONOMA,Sonoma,CA,95476,22097 BONNESS RD,02,00546421,30-JUN-2027
ROCK AND CLAY WINES LLC,ROCK AND CLAY WINES LLC,ROCK AND CLAY WINES  LLC,SONOMA,Sonoma,CA,95476-7646,455 EASTIN DR,02,00587350,30-JUN-2027
ROGER ROESSLER WINES,ROGER ROESSLER WINES,ROESSLER WINE CELLAR LLC,SONOMA,Sonoma,CA,95476-7002,654 BROADWAY,02,00506183,30-JUN-2026
ROMILILLY WINES,ROMILILLY WINES,DUSTY RIVERVIEW CELLARS,SONOMA,Sonoma,CA,95476-2816,21684 8TH ST E,02,00542692,
ROUND TABLE PIZZA,ROUND TABLE PIZZA,WYVERN RESTAURANTS INC,SONOMA,Sonoma,CA,95476,201 W NAPA ST,41,00113650,
ROUND TABLE PIZZA,ROUND TABLE PIZZA,WYVERN RESTAURANTS INC,SONOMA,Sonoma,CA,95476,201 W NAPA ST,41,00113650,31-DEC-2026
SAMANDLA WINE IMPORTS,SAMANDLA WINE IMPORTS,SAMANDLA WINE IMPORTS LLC,SONOMA,Sonoma,CA,95476-9590,20580 8TH ST E,10,00604941,28-FEB-2027
SANGIACOMO FAMILY WINES,SANGIACOMO FAMILY WINES,SONOMA VALLEY VINEYARDS  INC,SONOMA,Sonoma,CA,95476-8205,21545 BROADWAY ST,02,00599829,30-JUN-2026
SCHUG WINERY,SCHUG WINERY,SCHUG WINERY LLC,SONOMA,Sonoma,CA,95476-9749,602 BONNEAU RD,02,00448773,
SCHUG WINERY,SCHUG WINERY,SCHUG WINERY LLC,SONOMA,Sonoma,CA,95476-9749,602 BONNEAU RD,02,00448773,30-JUN-2027
SCRIBE WINERY,SCRIBE WINERY,AKA WINES  LLC,SONOMA,Sonoma,CA,95476-9673,2100 DENMARK ST,02,00573831,30-JUN-2026
SCRIBE WINERY,SCRIBE WINERY,AKA WINES  LLC,SONOMA,Sonoma,CA,95476-2835,1690 CARNEROS MEADOWS LN,02,00649605,30-JUN-2026
SEAN MINOR WINES,SEAN MINOR WINES,FOUR BEARS WINERY LLC,SONOMA,Sonoma,CA,95476,21007 BROADWAY,02,00558397,30-JUN-2027
SEAN MINOR WINES,SEAN MINOR WINES,FOUR BEARS WINERY LLC,SONOMA,Sonoma,CA,95476-9292,21481 8TH ST E,02,00636674,30-JUN-2027
SEAN MINOR WINES,SEAN MINOR WINES,FOUR BEARS WINERY LLC,SONOMA,Sonoma,CA,95476,21007 BROADWAY,93,00558397,30-JUN-2027
SERRES RANCH WINE,SERRES RANCH WINE,GEN V LLC,SONOMA,Sonoma,CA,95476-3029,16060 HWY 12,02,00616395,30-JUN-2027
SERRES RANCH WINE @ SONOMAS TUESDAY NIGHT CFM,SERRES RANCH WINE @ SONOMAS TUESDAY NIGHT CFM,GEN V LLC,SONOMA,Sonoma,CA,95476,1 THE PLAZA,79,00628547,30-JUN-2027
SHIGE SUSHI,SHIGE SUSHI,KAMOSEI CORPORATION,SONOMA,Sonoma,CA,95476-5449,19161 HIGHWAY 12,41,00600541,31-DEC-2026
SIMPATICO WINE COMPANY,SIMPATICO WINE COMPANY,BENNETT VALLEY VINEYARD & WINERY INC,SONOMA,Sonoma,CA,95476-6709,127 E NAPA ST,02,00540979,30-JUN-2026
SKYLARK WINE COMPANY,SKYLARK WINE COMPANY,SKYLARK WINE COMPANY INC,SONOMA,Sonoma,CA,95476-2817,21684 8TH ST E,02,00527717,30-JUN-2027
SMITH STORY WINE CELLARS,SMITH STORY WINE CELLARS,SMITH STORY WINE CELLARS  LLC,SONOMA,Sonoma,CA,95476-2816,21684 8TH ST E,02,00622667,30-JUN-2026
SOL REI WINE,SOL REI WINE,SOL RAINHA LLC,SONOMA,Sonoma,CA,95476-6762,25 E NAPA ST,02,00669850,30-JUN-2026
SONOMA COLLECTION WINES,SONOMA COLLECTION WINES,WATER INTO WINE  INC.,SONOMA,Sonoma,CA,95476-8228,22380 BROADWAY,02,00555741,
SONOMA EATS,SONOMA EATS,SONOMA EATS LLC,SONOMA,Sonoma,CA,95476-3639,18133 HIGHWAY 12,41,00636344,31-JUL-2026
SONOMA GOLF CLUB,SONOMA GOLF CLUB,ESCALANTE-SONOMA  LLC,SONOMA,Sonoma,CA,95476,17700 ARNOLD DR,47,00548098,30-NOV-2026
SONOMA GOLF CLUB,SONOMA GOLF CLUB,ESCALANTE-SONOMA  LLC,SONOMA,Sonoma,CA,95476,17700 ARNOLD DR,47,00548098,30-NOV-2026
SONOMA GRILLE,SONOMA GRILLE,SHERPA HOSPITALITY  LLC,SONOMA,Sonoma,CA,95476-6626,165 W NAPA ST,47,00553121,30-APR-2027
SONOMA GRILLE,SONOMA GRILLE,SHERPA HOSPITALITY  LLC,SONOMA,Sonoma,CA,95476-6626,165 W NAPA ST,58,00553121,30-APR-2027
SONOMA HARVEST WINERY,SONOMA HARVEST WINERY,SONOMA HARVEST OLIVE OIL & WINERY  LLC,SONOMA,Sonoma,CA,95476-9292,21481 8TH ST E,02,00579235,30-JUN-2027
SONOMA MARKET INC,SONOMA MARKET INC,SONOMA MARKET INC,SONOMA,Sonoma,CA,95476-6541,500 W NAPA ST,21,00198860,
SONOMA VALLEY CUSTOM WINE,SONOMA VALLEY CUSTOM WINE,SONOMA VALLEY CUSTOM WINE  LLC,SONOMA,Sonoma,CA,95476-9292,21481 8TH ST E,14,00543216,31-OCT-2026
SONOMA VALLEY CUSTOM WINE,SONOMA VALLEY CUSTOM WINE,SONOMA VALLEY CUSTOM WINE  LLC,SONOMA,Sonoma,CA,95476-9292,21481 8TH ST E,02,00543216,30-JUN-2027
SONOMA VALLEY CUSTOM WINE,SONOMA VALLEY CUSTOM WINE,SONOMA VALLEY CUSTOM WINE  LLC,SONOMA,Sonoma,CA,95476-9292,21481 8TH ST E,09,00543216,30-JUN-2027
SONOMA VALLEY MARKET,SONOMA VALLEY MARKET,SANDHU  MANDEEP KAUR,SONOMA,Sonoma,CA,95476-5305,990 GROVE ST,21,00657693,30-JUN-2026
SOPHIE JAMES WINES,SOPHIE JAMES WINES,SOPHIE JAMES LLC,SONOMA,Sonoma,CA,95476-2816,21684 8TH ST E,02,00648486,30-JUN-2027
SOSIE WINES,SOSIE WINES,WEST EDGE WINES  LLC,SONOMA,Sonoma,CA,95476-6758,25 E NAPA ST,02,00623361,30-JUN-2026
SPREAD KITCHEN,SPREAD KITCHEN,SPREAD KITCHEN  LLC,SONOMA,Sonoma,CA,95476-4361,18375 SONOMA HWY,41,00637291,31-AUG-2026
STARWINE,STARWINE,STARWINE  LLC,SONOMA,Sonoma,CA,95476-6708,11 E NAPA ST  UNIT B,02,00652548,30-JUN-2027
STEINERS TAVERN,STEINERS TAVERN,SPADOS INC,SONOMA,Sonoma,CA,95476,465 1ST ST W,48,00420278,30-NOV-2026
STONE EDGE FARM ESTATE VINEYARDS & WINERY,STONE EDGE FARM ESTATE VINEYARDS & WINERY,STONE EDGE WINERY LLC,SONOMA,Sonoma,CA,95476-2819,21200 8TH ST E,02,00676377,30-JUN-2027
STONE EDGE WINERY,STONE EDGE WINERY,STONE EDGE WINERY LLC,SONOMA,Sonoma,CA,95476-2803,21692 8TH ST E,02,00432675,
STONE EDGE WINERY,STONE EDGE WINERY,STONE EDGE WINERY LLC,SONOMA,Sonoma,CA,95476-2803,21692 8TH ST E,02,00432675,
STONE EDGE WINERY LLC,,STONE EDGE WINERY LLC,SONOMA,Sonoma,CA,95476-2803,21692 8TH ST E,02,00432675,30-JUN-2027
TALISMAN WINES LLC,,TALISMAN WINES LLC,SONOMA,Sonoma,CA,95476-2816,21684 8TH ST E,02,00451142,30-JUN-2027
THIRTY-SEVEN WINES,THIRTY-SEVEN WINES,THIRTY SEVEN  LLC,SONOMA,Sonoma,CA,95476-9766,3000 SEARS POINT RD,02,00561112,30-JUN-2027
THREE FAT GUYS WINES,THREE FAT GUYS WINES,THREE FAT GUYS WINE  L.L.C.,SONOMA,Sonoma,CA,95476-7944,20816 BROADWAY,17,00606321,31-JUL-2027
THREE FAT GUYS WINES,THREE FAT GUYS WINES,THREE FAT GUYS WINE  L.L.C.,SONOMA,Sonoma,CA,95476-7944,20816 BROADWAY,20,00606321,31-JUL-2027
THREE FAT GUYS WINES,THREE FAT GUYS WINES,THREE FAT GUYS WINE  L.L.C.,SONOMA,Sonoma,CA,95476-7944,20816 BROADWAY,02,00606321,30-JUN-2027
THREE FAT GUYS WINES,THREE FAT GUYS WINES,THREE FAT GUYS WINE  L.L.C.,SONOMA,Sonoma,CA,95476-3849,19700 8TH ST E,02,00629173,30-JUN-2027
THREE FAT GUYS WINES,THREE FAT GUYS WINES,THREE FAT GUYS WINE  L.L.C.,SONOMA,Sonoma,CA,95476-3849,19700 8TH ST E,14,00629173,31-MAY-2027
THREE WINE COMPANY,THREE WINE COMPANY,MAC WINES LLC,SONOMA,Sonoma,CA,95476-7925,115 SPECHT RD,02,00453786,30-JUN-2027
TIN BARN VINEYARDS,TIN BARN VINEYARDS,TIN BARN VINEYARDS LLC,SONOMA,Sonoma,CA,95476-2805,21692 8TH ST E,02,00427935,30-JUN-2026
TINY VINEYARDS WINE COMPANY LLC,,TINY VINEYARDS WINE COMPANY LLC,SONOMA,Sonoma,CA,95476-9292,21481 8TH ST E,02,00642609,30-JUN-2027
TOGNETTI FAMILY WINERY LLC,TOGNETTI FAMILY WINERY LLC,TOGNETTI FAMILY WINERY LLC,SONOMA,Sonoma,CA,95476-2817,21684 8TH ST E,02,00640921,30-JUN-2027
TOGNETTI FAMILY WINERY LLC,TOGNETTI FAMILY WINERY LLC,TOGNETTI FAMILY WINERY LLC,SONOMA,Sonoma,CA,95476-2817,21684 8TH ST E,93,00640921,30-JUN-2027
TOPOPHILIA WINE CO,TOPOPHILIA WINE CO,TOPOPHILIA WINE CO. LLC,SONOMA,Sonoma,CA,95476,660 W VERANO AVE,17,00603449,31-MAY-2026
TOPOPHILIA WINE CO,TOPOPHILIA WINE CO,TOPOPHILIA WINE CO. LLC,SONOMA,Sonoma,CA,95476,660 W VERANO AVE,20,00603449,31-MAY-2026
TROIKA WINES,TROIKA WINES,RIGGS  NOEL CURRIE,SONOMA,Sonoma,CA,95476-9807,22985 BURNDALE RD,02,00583832,30-JUN-2026
TWO SHADOWS WINE LLC,,TWO SHADOWS WINE LLC,SONOMA,Sonoma,CA,95476,2120 ARROWHEAD MOUNTAIN RD,02,00669374,30-JUN-2027
URBAN PRESS WINERY,URBAN PRESS WINERY,URBAN PRESS ATWATER PARTNERS LLC,SONOMA,Sonoma,CA,95476-9292,21481 8TH ST E,02,00585007,30-JUN-2026
V2 WINE GROUP,V2 WINE GROUP,V2 WINE GROUP LLC,SONOMA,Sonoma,CA,95476-6753,584 1ST ST E,09,00530386,
V2 WINE GROUP,V2 WINE GROUP,V2 WINE GROUP LLC,SONOMA,Sonoma,CA,95476-6753,584 1ST ST E,02,00530386,
V2 WINE GROUP,V2 WINE GROUP,V2 WINE GROUP LLC,SONOMA,Sonoma,CA,95476-6753,584 1ST ST E,17,00530386,
VALLEY OF THE MOON GUN CLUB INC,VALLEY OF THE MOON GUN CLUB INC,VALLEY OF THE MOON GUN CLUB INC,SONOMA,Sonoma,CA,95476,27000 BURNDALE RD,40,00050635,31-MAY-2027
VALLEY SWIM CLUB,VALLEY SWIM CLUB,GOOD BOYES LLC,SONOMA,Sonoma,CA,95476-5201,18709 ARNOLD DR,41,00650089,31-JUL-2026
VIANSA WINERY,VIANSA WINERY,VINTAGE WINE ESTATES  INC.,SONOMA,Sonoma,CA,95476-9222,25200 ARNOLD DR,02,00539418,
VIANSA WINERY,VIANSA WINERY,VINTAGE WINE ESTATES  INC.,SONOMA,Sonoma,CA,95476-9222,25200 ARNOLD DR,02,00539418,
VIANSA WINERY,VIANSA WINERY,ADAIR VIANSA  LLC,SONOMA,Sonoma,CA,95476-9222,25200 ARNOLD DR,02,00665044,30-JUN-2027
VIGIL FAMILY WINES LLC,,VIGIL FAMILY WINES LLC,SONOMA,Sonoma,CA,95476-9807,22985 BURNDALE RD,02,00667471,30-JUN-2026
VIGIL FAMILY WINES LLC,,VIGIL FAMILY WINES LLC,SONOMA,Sonoma,CA,95476-9807,22985 BURNDALE RD,93,00667471,30-JUN-2026
VIGIL FAMILY WINES LLC,,VIGIL FAMILY WINES LLC,SONOMA,Sonoma,CA,95476-9807,22985 BURNDALE RD,81,00667471,30-JUN-2026
VINCA MINOR - WINE,VINCA MINOR - WINE,JASON EDWARD CHARLES LLC,SONOMA,Sonoma,CA,95476-9292,21481 8TH ST. E,02,00668456,30-JUN-2026
VINEBURG GROCERY & DELI,VINEBURG GROCERY & DELI,KHOURY  MICHAEL NABIL,SONOMA,Sonoma,CA,95476-7742,997 NAPA RD,41,00539440,30-NOV-2026
VINEYARD MARKET LLC,VINEYARD MARKET LLC,VINEYARD MARKET LLC,SONOMA,Sonoma,CA,95476-5400,18971 SONOMA HWY,21,00623855,31-MAR-2027
VIVIER WINES,VIVIER WINES,ACCOMPLICE WINES LLC,SONOMA,Sonoma,CA,95476-2828,21660 8TH ST E,02,00596279,30-JUN-2027
VIVIER WINES,VIVIER WINES,ACCOMPLICE WINES LLC,SONOMA,Sonoma,CA,95476-6734,456 PATTEN ST,02,00596289,30-JUN-2027
WALDELE FAMILY WINES,WALDELE FAMILY WINES,WALDELE FAMILY WINES LLC,SONOMA,Sonoma,CA,95476-6812,330 ANDRIEUX ST,02,00634038,30-JUN-2027
WALT WINES,WALT WINES,HALL WINES  LLC,SONOMA,Sonoma,CA,95476-5631,380 1ST ST W,02,00504786,
WALT WINES,WALT WINES,HALL WINES  LLC,SONOMA,Sonoma,CA,95476-5631,380 1ST ST W,02,00504786,30-JUN-2027
WHOLE FOODS MARKET,WHOLE FOODS MARKET,WHOLE FOODS MARKET CALIFORNIA INC,SONOMA,Sonoma,CA,95476-6640,201 W NAPA ST,21,00446808,31-DEC-2026
WHOLE FOODS MARKET,WHOLE FOODS MARKET,WHOLE FOODS MARKET CALIFORNIA INC,SONOMA,Sonoma,CA,95476-6640,201 W NAPA ST,86,00446808,31-DEC-2026
WILLIAM KNUTTEL WINERY  ROBIN K WINERY AND OTTIMIN,WILLIAM KNUTTEL WINERY  ROBIN K WINERY AND OTTIMIN,ARCANA LLC,SONOMA,Sonoma,CA,95476-2817,21684 8TH ST E,02,00527432,30-JUN-2027
WILLIAM KNUTTEL WINERY  ROBIN K WINERY AND OTTIMIN,WILLIAM KNUTTEL WINERY  ROBIN K WINERY AND OTTIMIN,ARCANA LLC,SONOMA,Sonoma,CA,95476-2817,21684 8TH ST E,09,00527432,30-JUN-2027
WINE COUNTRY CONNECT,WINE COUNTRY CONNECT,WINE COUNTRY CONNECT LLC,SONOMA,Sonoma,CA,95476-9781,21775 8TH ST E,17,00623523,31-OCT-2026
WINE COUNTRY CONNECT,WINE COUNTRY CONNECT,WINE COUNTRY CONNECT LLC,SONOMA,Sonoma,CA,95476-9781,21775 8TH ST E,20,00623523,31-OCT-2026
WINE COUNTRY CONNECT,WINE COUNTRY CONNECT,WINE COUNTRY CONNECT LLC,SONOMA,Sonoma,CA,95476-9781,21775 8TH ST E,14,00623523,30-JUN-2027
WINE COUNTRY CONNECT,WINE COUNTRY CONNECT,WINE COUNTRY CONNECT LLC,SONOMA,Sonoma,CA,95476-2828,21660 8TH ST E,14,00667846,30-JUN-2027
WINE COUNTRY CONNECT,WINE COUNTRY CONNECT,WINE COUNTRY CONNECT LLC,SONOMA,Sonoma,CA,95476-9781,21775 8TH ST E,09,00623523,31-OCT-2026
WINECRAFT,WINECRAFT,WINECRAFT INC,SONOMA,Sonoma,CA,95476-2817,21684 8TH ST E,02,00591585,30-JUN-2027
WINERY 16600,WINERY 16600,16600 CELLARS LLC,SONOMA,Sonoma,CA,95476-3022,1700 MOON MOUNTAIN RD,02,00556088,30-JUN-2027
WINERY 16600,WINERY 16600,16600 CELLARS LLC,SONOMA,Sonoma,CA,95476-6638,589 FIRST ST. W,02,00556127,30-JUN-2027
WINERY 16600,WINERY 16600,16600 CELLARS LLC,SONOMA,Sonoma,CA,95476-9292,21481 8TH ST E,02,00654824,30-JUN-2027
WINERY 16600,WINERY 16600,16600 CELLARS LLC,SONOMA,Sonoma,CA,95476-6638,567 1ST ST W,02,00651041,30-JUN-2027
WINERY 16600,WINERY 16600,16600 CELLARS LLC,SONOMA,Sonoma,CA,95476-6638,583 1ST ST W,02,00651037,30-JUN-2027
WINERY DIRECT LLC,WINERY DIRECT LLC,WINERY DIRECT LLC,SONOMA,Sonoma,CA,95476-9590,20580 8TH ST E,17,00509728,31-JUL-2026
WINERY DIRECT LLC,WINERY DIRECT LLC,WINERY DIRECT LLC,SONOMA,Sonoma,CA,95476-9590,20580 8TH ST E,09,00509728,31-JUL-2026
WINERY EXCHANGE,WINERY EXCHANGE,WINERY EXCHANGE INC,SONOMA,Sonoma,CA,95476-9739,4202 STAGE GULCH RD,02,00544597,
WINERY EXCHANGE,WINERY EXCHANGE,WINERY EXCHANGE INC,SONOMA,Sonoma,CA,95476-9739,4202 STAGE GULCH RD,02,00544597,30-JUN-2027
WINEXYZ  LLC,WINEXYZ  LLC,WINEXYZ  LLC,SONOMA,Sonoma,CA,95476-2828,21660 8TH ST E,02,00626264,30-JUN-2026
WING & BARREL RANCH,WING & BARREL RANCH,KENWOOD-BPSC HUNT CLUB  LLC,SONOMA,Sonoma,CA,95476-7834,6600 NOBLE RD,57,00613083,31-AUG-2026
WING & BARREL RANCH,WING & BARREL RANCH,KENWOOD-BPSC HUNT CLUB  LLC,SONOMA,Sonoma,CA,95476-7834,6600 NOBLE RD,57,00613083,31-AUG-2026
WINGS WINE COMPANY LLC,,WINGS WINE COMPANY LLC,SONOMA,Sonoma,CA,95476-9590,20580 8TH ST E,17,00665503,31-MAR-2027
WINGS WINE COMPANY LLC,,WINGS WINE COMPANY LLC,SONOMA,Sonoma,CA,95476-9590,20580 8TH ST E,20,00665503,31-MAR-2027
STEWARTS POINT STORE,STEWARTS POINT STORE,RICHARDSON  CHARLES MATTHEW,STEWARTS POINT,Sonoma,CA,95480,32000 COAST HIGHWAY 1,21,00484523,28-FEB-2027
STEWARTS POINT STORE,STEWARTS POINT STORE,RICHARDSON  CHARLES MATTHEW,STEWARTS POINT,Sonoma,CA,95480,32000 COAST HIGHWAY 1,47,00481138,31-OCT-2026
ESTERO CAFE,ESTERO CAFE,HANAN  SAMANTHA ROSE,VALLEY FORD,Sonoma,CA,94972,14450 HWY 1,41,00552377,28-FEB-2027
VALLEY FORD MARKET,VALLEY FORD MARKET,VALLEY FORD MARKET INC,VALLEY FORD,Sonoma,CA,94972,14400 COAST HWY 1,21,00646675,31-MAR-2027
ALLEN WINE COMPANY,ALLEN WINE COMPANY,ALLEN WINE CO LLC,WINDSOR,Sonoma,CA,95492-8519,7763 BELL RD,02,00568938,30-JUN-2026
BALDASSARI WINES,BALDASSARI WINES,BALDASSARI FAMILY WINES INC,WINDSOR,Sonoma,CA,95492-9701,9058 WINDSOR RD,02,00596823,30-JUN-2026
BARLEY & BINE BEER CAFE,BARLEY & BINE BEER CAFE,BARLEY & BINE LLC,WINDSOR,Sonoma,CA,95492,7765 BELL RD,41,00578467,31-MAR-2027
BARREL BROTHERS BREWING COMPANY LLC,BARREL BROTHERS BREWING COMPANY LLC,BARREL BROTHERS BREWING COMPANY  LLC,WINDSOR,Sonoma,CA,95492-6652,399 BUSINESS PARK CT,23,00564704,28-FEB-2027
BARREL BROTHERS BREWING COMPANY LLC,BARREL BROTHERS BREWING COMPANY LLC,BARREL BROTHERS BREWING COMPANY  LLC,WINDSOR,Sonoma,CA,95492-6652,399 BUSINESS PARK CT,02,00564704,30-JUN-2026
BARREL BROTHERS BREWING COMPANY LLC,BARREL BROTHERS BREWING COMPANY LLC,BARREL BROTHERS BREWING COMPANY  LLC,WINDSOR,Sonoma,CA,95492-9347,9238 OLD REDWOOD HIGHWAY,06,00645704,31-MAY-2027
BARREL BROTHERS BREWING COMPANY LLC,BARREL BROTHERS BREWING COMPANY LLC,BARREL BROTHERS BREWING COMPANY  LLC,WINDSOR,Sonoma,CA,95492-9347,9238 OLD REDWOOD HIGHWAY,74,00645704,31-MAY-2027
BISHOP FORBES WINES,BISHOP FORBES WINES,BISHOP FORBES WINES  LLC,WINDSOR,Sonoma,CA,95492-8143,563 SHAGBARK ST,20,00650116,30-SEP-2026
BISHOP FORBES WINES,BISHOP FORBES WINES,BISHOP FORBES WINES  LLC,WINDSOR,Sonoma,CA,95492-8143,563 SHAGBARK ST,17,00650116,30-SEP-2026
BROWNE FAMILY WINES  LLC,,BROWNE FAMILY WINES  LLC,WINDSOR,Sonoma,CA,95492-7602,4525 SLUSSER RD,02,00590965,30-JUN-2027
BRULIAM WINES,BRULIAM WINES,BRULIAM WINES  LLC,WINDSOR,Sonoma,CA,95492-7861,1200 AMERICAN WAY,02,00610301,30-JUN-2027
CAMPANA RANCH WINERY,CAMPANA RANCH WINERY,CAMPANA RANCH WINERY LLC,WINDSOR,Sonoma,CA,95492-9687,3631 MARK WEST STATION RD,02,00508967,30-JUN-2027
CARLISLE WINERY & VINEYARDS LLC,,CARLISLE WINERY & VINEYARDS LLC,WINDSOR,Sonoma,CA,95492-9653,6301 STARR RD,02,00533521,
CARLISLE WINERY & VINEYARDS LLC,,CARLISLE WINERY & VINEYARDS LLC,WINDSOR,Sonoma,CA,95492-9653,6301 STARR RD,02,00533521,30-JUN-2027
CLARICE WINE COMPANY,CLARICE WINE COMPANY,VINTAGES  VINES AND WINE  LLC,WINDSOR,Sonoma,CA,95492-7927,1058 ELSBREE LN,02,00579447,30-JUN-2027
CLARICE WINE COMPANY,CLARICE WINE COMPANY,VINTAGES  VINES AND WINE  LLC,WINDSOR,Sonoma,CA,95492-7927,1058 ELSBREE LN,17,00579447,31-MAY-2027
CLARICE WINE COMPANY,CLARICE WINE COMPANY,VINTAGES  VINES AND WINE  LLC,WINDSOR,Sonoma,CA,95492-7927,1058 ELSBREE LN,20,00579447,31-MAY-2027
CLARICE WINE COMPANY,CLARICE WINE COMPANY,VINTAGES  VINES AND WINE  LLC,WINDSOR,Sonoma,CA,95492-7861,1200 AMERICAN WAY,09,00647947,30-JUN-2027
CLARICE WINE COMPANY,CLARICE WINE COMPANY,VINTAGES  VINES AND WINE  LLC,WINDSOR,Sonoma,CA,95492-7861,1200 AMERICAN WAY,02,00647947,30-JUN-2027
CLARICE WINE COMPANY,CLARICE WINE COMPANY,VINTAGES  VINES AND WINE  LLC,WINDSOR,Sonoma,CA,95492-7927,1058 ELSBREE LN,09,00579447,31-MAY-2027
COLAGROSSI WINES,COLAGROSSI WINES,GLI AMICI WINE CO LLC,WINDSOR,Sonoma,CA,95492-8519,7755 BELL RD,02,00547129,30-JUN-2027
COLLECTIBLE FINE WINE,COLLECTIBLE FINE WINE,VINTAGE COLLECTIBLES  LLC,WINDSOR,Sonoma,CA,95492-8998,7680 BELL RD,17,00597016,31-JUL-2026
COLLECTIBLE FINE WINE,COLLECTIBLE FINE WINE,VINTAGE COLLECTIBLES  LLC,WINDSOR,Sonoma,CA,95492-8998,7680 BELL RD,20,00597016,31-JUL-2026
COLLECTIBLE FINE WINE,COLLECTIBLE FINE WINE,VINTAGE COLLECTIBLES  LLC,WINDSOR,Sonoma,CA,95492-8998,7680 BELL RD,14,00597016,31-MAR-2027
COLLECTIBLE FINE WINE,COLLECTIBLE FINE WINE,VINTAGE COLLECTIBLES  LLC,WINDSOR,Sonoma,CA,95492-8998,7680 BELL RD,02,00597016,30-JUN-2026
COLLECTIBLE FINE WINE,COLLECTIBLE FINE WINE,VINTAGE COLLECTIBLES  LLC,WINDSOR,Sonoma,CA,95492-8998,7680 BELL RD,09,00597016,31-JUL-2026
CROATIAN PREMIUM WINE IMPORTS,CROATIAN PREMIUM WINE IMPORTS,CROATIAN PREMIUM WINE IMPORTS  INC,WINDSOR,Sonoma,CA,95492-6896,830 DEN BESTE CT,17,00616364,31-MAY-2026
CROATIAN PREMIUM WINE IMPORTS,CROATIAN PREMIUM WINE IMPORTS,CROATIAN PREMIUM WINE IMPORTS  INC,WINDSOR,Sonoma,CA,95492-6896,830 DEN BESTE CT,20,00616364,31-MAY-2026
CROATIAN PREMIUM WINE IMPORTS,CROATIAN PREMIUM WINE IMPORTS,CROATIAN PREMIUM WINE IMPORTS  INC,WINDSOR,Sonoma,CA,95492-6896,830 DEN BESTE CT,09,00616364,31-MAY-2026
CVS PHARMACY STORE 9931,CVS PHARMACY STORE 9931,GARFIELD BEACH CVS LLC,WINDSOR,Sonoma,CA,95492,9030 BROOKS RD S,21,00477876,31-MAY-2027
DEERING WINE,DEERING WINE,DEERING WINE USA LLC,WINDSOR,Sonoma,CA,95492-7226,800 EDGEWOOD PL,02,00670116,30-JUN-2027
DESMOND WINES,DESMOND WINES,ROBBINS  DANETTE SUSANNE,WINDSOR,Sonoma,CA,95492-9601,6820 STARR RD,02,00453177,30-JUN-2027
DIANA'S MEXICAN RESTAURANT,DIANA'S MEXICAN RESTAURANT,PALACIOS  VERONICA,WINDSOR,Sonoma,CA,95492-9262,8430 OLD REDWOOD HWY,41,00607860,31-OCT-2026
EL TORO MARKET,EL TORO MARKET,CASTANEDA  FEDELINA MENDOZA,WINDSOR,Sonoma,CA,95492-7218,8465 OLD REDWOOD HWY,41,00450589,31-MAR-2027
EMERSON BROWN WINES,EMERSON BROWN WINES,EMERSON BROWN LLC,WINDSOR,Sonoma,CA,95492-7226,800 EDGEWOOD PL,02,00670222,30-JUN-2027
EMERSON WINES,EMERSON WINES,EMERSON WINES,WINDSOR,Sonoma,CA,95492-7226,800 EDGEWOOD PL,02,00670228,30-JUN-2027
ESTRELLA'A MARKET & TAQUERIA,ESTRELLA'A MARKET & TAQUERIA,KAUR  HURBAX,WINDSOR,Sonoma,CA,95492,10351 OLD REDWOOD HWY,41,00618371,31-JAN-2027
EXPRESS WINE DELIVERY,EXPRESS WINE DELIVERY,EXPRESS WINE DELIVERY LLC,WINDSOR,Sonoma,CA,95492-8594,7970 CAMERON DR,22,00533086,30-JUN-2026
EXPRESS WINE DELIVERY,EXPRESS WINE DELIVERY,EXPRESS WINE DELIVERY LLC,WINDSOR,Sonoma,CA,95492-8594,7970 CAMERON DR,14,00533086,30-SEP-2026
EXPRESS WINE DELIVERY,EXPRESS WINE DELIVERY,EXPRESS WINE DELIVERY LLC,WINDSOR,Sonoma,CA,95492,7930 CAMERON DR,22,00575172,30-JUN-2026
EXPRESS WINE DELIVERY,EXPRESS WINE DELIVERY,COLLUSION WINES LLC,WINDSOR,Sonoma,CA,95492-8594,7970 CAMERON DR,17,00667486,28-FEB-2027
EXPRESS WINE DELIVERY,EXPRESS WINE DELIVERY,COLLUSION WINES LLC,WINDSOR,Sonoma,CA,95492-8594,7970 CAMERON DR,20,00667486,28-FEB-2027
FIVE S WINES,FIVE S WINES,FIVE S WINES LLC,WINDSOR,Sonoma,CA,95492-7861,1200 AMERICAN WAY,02,00593835,30-JUN-2026
FLAVOR BURGER CAFE,FLAVOR BURGER CAFE,GUTIERREZ MEDINA  DIANA KARINA,WINDSOR,Sonoma,CA,95492-7757,6560 HEMBREE LN,41,00613617,31-JAN-2027
FORIS VINEYARDS WINERY,FORIS VINEYARDS WINERY,GERBER  EDWARD LEE,WINDSOR,Sonoma,CA,95492-6895,825 DEN BESTE CT,10,00534270,31-AUG-2026
GENUS WINES,GENUS WINES,SHAEFFER  JEFFREY SCOTT,WINDSOR,Sonoma,CA,95492-8867,9442 JESSICA DR,17,00634446,31-MAR-2027
GENUS WINES,GENUS WINES,SHAEFFER  JEFFREY SCOTT,WINDSOR,Sonoma,CA,95492-8867,9442 JESSICA DR,20,00634446,31-MAR-2027
GENUS WINES,GENUS WINES,SHAEFFER  JEFFREY SCOTT,WINDSOR,Sonoma,CA,95492-8867,9442 JESSICA DR,09,00634446,31-MAR-2027
GIGINO WINE IMPORTS,GIGINO WINE IMPORTS,GIGINO WINE IMPORTS  LLC,WINDSOR,Sonoma,CA,95492-8594,7970 CAMERON DR,17,00668826,31-AUG-2026
GIGINO WINE IMPORTS,GIGINO WINE IMPORTS,GIGINO WINE IMPORTS  LLC,WINDSOR,Sonoma,CA,95492-8594,7970 CAMERON DR,09,00668826,31-AUG-2026
GUERRERO FERNANDEZ WINERY,GUERRERO FERNANDEZ WINERY,FERNANDEZ  OLGA E,WINDSOR,Sonoma,CA,95492-8518,7724 BELL RD,02,00570940,30-JUN-2026
GUERRERO FERNANDEZ WINERY,GUERRERO FERNANDEZ WINERY,FERNANDEZ  OLGA E,WINDSOR,Sonoma,CA,95492-9191,209 LA QUINTA DR,02,00516128,30-JUN-2026
HIMALAYAN RESTAURANT,HIMALAYAN RESTAURANT,BAKHSHI  BAHRAM B,WINDSOR,Sonoma,CA,95492-9572,810 MCCLELLAND DR,41,00626188,30-SEP-2026
JACKSONS #292-REDWOOD MARKET,JACKSONS #292-REDWOOD MARKET,JACKSONS FOOD STORES INC,WINDSOR,Sonoma,CA,95492-9216,9120 OLD REDWOOD HWY,20,00671207,30-NOV-2026
JIMMYS LAKESIDE GRILL,JIMMYS LAKESIDE GRILL,JIMMY'S LAKESIDE GRILL  INC,WINDSOR,Sonoma,CA,95492-6803,1320 19TH HOLE DR,47,00672478,31-MAR-2027
KC'S AMERICAN KITCHEN,KC'S AMERICAN KITCHEN,DAVIS & FARMER MANAGEMENT INC.,WINDSOR,Sonoma,CA,95492-7201,9501 DUVANDER LN,41,00636594,30-JUN-2027
LA CREMA WINERY,LA CREMA WINERY,JACKSON FAMILY WINES INC,WINDSOR,Sonoma,CA,95492-1069,3680/3690 LAUGHLIN RD,02,00465768,30-JUN-2027
LANDO WINES,LANDO WINES,LF WINES LLC,WINDSOR,Sonoma,CA,95492-7706,8508 TRIONE CIR,20,00540639,31-DEC-2026
LANDO WINES,LANDO WINES,LF WINES LLC,WINDSOR,Sonoma,CA,95492-7706,8508 TRIONE CIR,17,00540639,31-DEC-2026
LANDO WINES,LANDO WINES,LF WINES LLC,WINDSOR,Sonoma,CA,95492-7861,1200 AMERICAN WAY,02,00603967,30-JUN-2027
LANDO WINES,LANDO WINES,LF WINES LLC,WINDSOR,Sonoma,CA,95492-7706,8508 TRIONE CIR,02,00540639,30-JUN-2027
LEMUS FAMILY WINES LLC,LEMUS FAMILY WINES LLC,LEMUS FAMILY WINES LLC,WINDSOR,Sonoma,CA,95492-6666,8563 ZINFANDEL DR,17,00633378,31-MAR-2027
LEMUS FAMILY WINES LLC,LEMUS FAMILY WINES LLC,LEMUS FAMILY WINES LLC,WINDSOR,Sonoma,CA,95492-6666,8563 ZINFANDEL DR,20,00633378,31-MAR-2027
LUCUNDA WINES,LUCUNDA WINES,LUCUNDA WINES LLC,WINDSOR,Sonoma,CA,95492-9691,6201 STARR RD,17,00600806,30-NOV-2026
LUCUNDA WINES,LUCUNDA WINES,LUCUNDA WINES LLC,WINDSOR,Sonoma,CA,95492-9691,6201 STARR RD,20,00600806,30-NOV-2026
LUPES MEXICAN DINER,LUPES MEXICAN DINER,LUPES DINER INC,WINDSOR,Sonoma,CA,95492-9570,710 MCCLELLAND DR,47,00469391,31-MAY-2027
MAKER WINE,MAKER WINE,MAKER WINE COMPANY,WINDSOR,Sonoma,CA,95492-7861,1200 AMERICAN WAY,02,00626342,30-JUN-2027
MARCASSIN WINE COMPANY,MARCASSIN WINE COMPANY,MARCASSIN WINE COMPANY LLC,WINDSOR,Sonoma,CA,95492,7331 CONDE LN,02,00507621,30-JUN-2027
MARTIN'S MARKET,MARTIN'S MARKET,MARTIN'S MARKET INC,WINDSOR,Sonoma,CA,95492,10333 OLD REDWOOD HWY,20,00670062,30-NOV-2026
MARTINELLI WINERY,MARTINELLI WINERY,MARTINELLI WINERY INC,WINDSOR,Sonoma,CA,95492,3360 RIVER RD,02,00340023,30-JUN-2027
MARTINELLI WINERY,MARTINELLI WINERY,MARTINELLI WINERY INC,WINDSOR,Sonoma,CA,95492,3360 RIVER RD,06,00340023,31-AUG-2026
MARY'S PIZZA SHACK,MARY'S PIZZA SHACK,OLD WINERY RESTAURANT GROUP,WINDSOR,Sonoma,CA,95492-7811,9010 BROOKS RD S,41,00646640,30-APR-2027
MD LIQUOR & FOOD,MD LIQUOR & FOOD,WINDSOR LIQUOR INC.,WINDSOR,Sonoma,CA,95492-8057,8499 OLD REDWOOD HWY,21,00644308,31-MAY-2027
MONROY WINES,MONROY WINES,MAGALLANES MONROY LLC,WINDSOR,Sonoma,CA,95492-9477,948 ROBBIE WAY,17,00617524,31-JUL-2026
MONROY WINES,MONROY WINES,MAGALLANES MONROY LLC,WINDSOR,Sonoma,CA,95492-9477,948 ROBBIE WAY,20,00617524,31-JUL-2026
MOUNTAIN MIKES PIZZA,MOUNTAIN MIKES PIZZA,WINDSOR PIZZA RESTAURANT LLC,WINDSOR,Sonoma,CA,95492-6884,6580 HEMBREE LN,75,00566696,30-APR-2027
MOUNTAIN MIKES PIZZA,MOUNTAIN MIKES PIZZA,WINDSOR PIZZA RESTAURANT LLC,WINDSOR,Sonoma,CA,95492-6884,6580 HEMBREE LN,75,00566696,
MUTT LYNCH WINERY INC,MUTT LYNCH WINERY INC,MUTT LYNCH WINERY INC,WINDSOR,Sonoma,CA,95492-9701,9050 WINDSOR RD,02,00540646,30-JUN-2027
NOTRE VUE ESTATE WINE GROUP  INC.,,NOTRE VUE ESTATE WINE GROUP  INC.,WINDSOR,Sonoma,CA,95492-7519,10810 HILLVIEW RD,02,00332193,30-JUN-2027
OAK TREE WINERY,OAK TREE WINERY,OAK TREE WINERY LLC,WINDSOR,Sonoma,CA,95492-9701,9086 WINDSOR RD,02,00659419,30-JUN-2027
OLIVERS MARKET,OLIVERS MARKET,MAASS CORPORATION SPC,WINDSOR,Sonoma,CA,95492,9230 OLD REDWOOD HIGHWAY,21,00544952,
OLIVERS MARKET,OLIVERS MARKET,MAASS CORPORATION SPC,WINDSOR,Sonoma,CA,95492,9230 OLD REDWOOD HIGHWAY,41,00544952,
OLIVERS MARKET,OLIVERS MARKET,MAASS CORPORATION SPC,WINDSOR,Sonoma,CA,95492,9230 OLD REDWOOD HIGHWAY,41,00544952,
OLIVERS MARKET,OLIVERS MARKET,MAASS CORPORATION SPC,WINDSOR,Sonoma,CA,95492,9230 OLD REDWOOD HIGHWAY,21,00544952,30-APR-2027
OLIVERS MARKET,OLIVERS MARKET,MAASS CORPORATION SPC,WINDSOR,Sonoma,CA,95492,9230 OLD REDWOOD HIGHWAY,41,00544952,31-MAR-2027
OLIVERS MARKET,OLIVERS MARKET,MAASS CORPORATION SPC,WINDSOR,Sonoma,CA,95492,9230 OLD REDWOOD HIGHWAY,21,00544952,
OUTPOST WINES,OUTPOST WINES,TOURELLE  LLC,WINDSOR,Sonoma,CA,95492-7861,1200 AMERICAN WAY,02,00661468,30-JUN-2027
PARADISE BURGER AND KITCHEN,PARADISE BURGER AND KITCHEN,RIVERA CAMPOS  RICARDO,WINDSOR,Sonoma,CA,95492-9244,8465 OLD REDWOOD HWY,41,00625457,30-NOV-2026
PEDRONCELLI WINERY,PEDRONCELLI WINERY,J PEDRONCELLI WINERY,WINDSOR,Sonoma,CA,95492-6895,825 DEN BESTE CT,02,00111681,
PEDRONCELLI WINERY,PEDRONCELLI WINERY,J PEDRONCELLI WINERY,WINDSOR,Sonoma,CA,95492-6895,825 DEN BESTE CT,02,00111681,30-JUN-2027
PEZCOW RESTAURANT,PEZCOW RESTAURANT,REYNAGA-ZUNIGA  MARIA DEL CARMEN,WINDSOR,Sonoma,CA,95492-8073,8465 OLD REDWOOD HWY,41,00643093,31-OCT-2026
PIZZALEAH,PIZZALEAH,PIZZALEAH LLC,WINDSOR,Sonoma,CA,95492-9349,9240 OLD REDWOOD HWY,41,00613744,31-JAN-2027
POHLEY'S MARKET,POHLEY'S MARKET,PANDEY  PRADIP,WINDSOR,Sonoma,CA,95492-9528,341 WINDSOR RIVER RD,21,00569926,31-MAY-2027
PREMIER WINE BROKERS,PREMIER WINE BROKERS,PREMIER WINE BROKERS LTD,WINDSOR,Sonoma,CA,95492-7226,800 EDGEWOOD PL,17,00670237,30-JUN-2026
PUBLICAN THE,PUBLICAN THE,ADBAR MANAGEMENT LLC,WINDSOR,Sonoma,CA,95492,400 EMILY ROSE CIR,47,00573420,31-DEC-2026
PUBLICAN THE,PUBLICAN THE,ADBAR MANAGEMENT LLC,WINDSOR,Sonoma,CA,95492,400 EMILY ROSE CIR,77,00573420,31-DEC-2026
QUICK SHOP & DELI,QUICK SHOP & DELI,SINGH  RAJDEEP,WINDSOR,Sonoma,CA,95492-9255,8197 OLD REDWOOD HWY,21,00501689,31-AUG-2026
RANCHO COYOTE VINEYARDS & WINERY,RANCHO COYOTE VINEYARDS & WINERY,RICHARD S. GOETZ & COMPANY  INC.,WINDSOR,Sonoma,CA,95492-9418,11420 BROOKS RD,02,00589087,30-JUN-2026
RANCHO SAN MIGUEL WINERY,RANCHO SAN MIGUEL WINERY,ADAIR  MICHAEL SCOTT,WINDSOR,Sonoma,CA,95492-9647,2912 WOOLSEY RD,17,00503474,31-OCT-2026
RANCHO SAN MIGUEL WINERY,RANCHO SAN MIGUEL WINERY,ADAIR  MICHAEL SCOTT,WINDSOR,Sonoma,CA,95492-9647,2912 WOOLSEY RD,20,00503474,31-OCT-2026
REGAL WINE COMPANY & ROYAL WINE COMPANY,REGAL WINE COMPANY & ROYAL WINE COMPANY,REGAL III LLC,WINDSOR,Sonoma,CA,95492,1190 KITTYHAWK BLVD,10,00507206,30-APR-2026
RIVER WEST WINES,RIVER WEST WINES,RIVER WEST WINES LLC,WINDSOR,Sonoma,CA,95492-7861,1200 AMERICAN WAY,02,00626660,30-JUN-2026
ROUND TABLE PIZZA,ROUND TABLE PIZZA,WYVERN RESTAURANTS INC,WINDSOR,Sonoma,CA,95492,8499 OLD REDWOOD HWY,41,00246169,
ROUND TABLE PIZZA,ROUND TABLE PIZZA,WYVERN RESTAURANTS INC,WINDSOR,Sonoma,CA,95492,8499 OLD REDWOOD HWY,41,00246169,31-DEC-2026
RUSSIAN HILL ESTATE WINERY,RUSSIAN HILL ESTATE WINERY,RHEW INC,WINDSOR,Sonoma,CA,95492-7602,4525 SLUSSER RD,02,00339027,
RUSSIAN RIVER WINES,RUSSIAN RIVER WINES,RUSSIAN RIVER WINES LLC,WINDSOR,Sonoma,CA,95492-7861,1200 AMERICAN WAY,02,00596074,30-JUN-2026
SAVOR VIETNAMESE CUISINE,SAVOR VIETNAMESE CUISINE,YO PANDA LLC,WINDSOR,Sonoma,CA,95492-7810,8970 BROOKS RD S,41,00653545,31-DEC-2026
SUPER SONOMAN WINE,SUPER SONOMAN WINE,SUPER SONOMAN WINE LLC,WINDSOR,Sonoma,CA,95492,7730 BELL RD,02,00602094,30-JUN-2027
SWEET T'S RESTAURANT + BAR,SWEET T'S RESTAURANT + BAR,SWEET T'S RESTAURANT + BAR  LP,WINDSOR,Sonoma,CA,95492-7811,9098 BROOKS RD S,47,00594001,31-AUG-2026
SWEET T'S RESTAURANT + BAR,SWEET T'S RESTAURANT + BAR,SWEET T'S RESTAURANT + BAR  LP,WINDSOR,Sonoma,CA,95492-7811,9098 BROOKS RD S,58,00594001,31-AUG-2026
THE SETTING WINES,THE SETTING WINES,THE SETTING WINES  LLC,WINDSOR,Sonoma,CA,95492-7226,800 EDGEWOOD PL,02,00674530,30-JUN-2026
TOMI THAI RESTAURANT,TOMI THAI RESTAURANT,TOMI THAI RESTAURANT,WINDSOR,Sonoma,CA,95492-7732,426 EMILY ROSE CIR,41,00544867,30-JUN-2026
UME JAPANESE BISTRO,UME JAPANESE BISTRO,UME JAPANESE BISTRO  INC.,WINDSOR,Sonoma,CA,95492-9226,8710 OLD REDWOOD HWY,41,00639758,31-DEC-2026
VINO VALPREDO WINE COMPANY,VINO VALPREDO WINE COMPANY,FRITZ CELLARS INC,WINDSOR,Sonoma,CA,95492-9701,9006 WINDSOR RD,02,00521902,
WAGS & WINE  LLC,WAGS & WINE  LLC,WAGS & WINE  LLC,WINDSOR,Sonoma,CA,95492-8519,7755 BELL RD,02,00643651,30-JUN-2026
WINDSOR BAR & GRILL,WINDSOR BAR & GRILL,TOWN GREEN GROUP  LLC.,WINDSOR,Sonoma,CA,95492-9233,8757 OLD REDWOOD HWY,75,00571608,
WINDSOR BAR & GRILL,WINDSOR BAR & GRILL,SPRINGFIELD HOSPITALITY GROUP  LLC,WINDSOR,Sonoma,CA,95492-9233,8757 OLD REDWOOD HWY,47,00648754,30-JUN-2026
WINDSOR GOLF CLUB,WINDSOR GOLF CLUB,WINDSOR GOLF CLUB INC,WINDSOR,Sonoma,CA,95492,1340 19TH HOLE DRIVE,41,00239204,30-APR-2027
WINDSOR MARKET 7,WINDSOR MARKET 7,GHIMIRE  MANOJ,WINDSOR,Sonoma,CA,95492-8881,9025 OLD REDWOOD HWY,21,00454512,31-JUL-2027
WINDSOR PALMS MARKET,WINDSOR PALMS MARKET,SINGH  PARAM PAVITTAR,WINDSOR,Sonoma,CA,95492-7219,8465 OLD REDWOOD HWY,21,00554569,28-FEB-2027
WINE GUY & WINE GAL,WINE GUY & WINE GAL,WINE GUY & WINE GAL LLC,WINDSOR,Sonoma,CA,95492-7226,800 EDGEWOOD PL,17,00669864,30-SEP-2026
WINE GUY & WINE GAL,WINE GUY & WINE GAL,WINE GUY & WINE GAL LLC,WINDSOR,Sonoma,CA,95492-7226,800 EDGEWOOD PL,20,00669864,30-SEP-2026
WINESHIPPING.COM,WINESHIPPING.COM,WINESHIPPING.COM LLC,WINDSOR,Sonoma,CA,95492-6896,830 DEN BESTE CT,14,00626353,30-APR-2027
WINGSTOP,WINGSTOP,KINGWING INC.,WINDSOR,Sonoma,CA,95492-6883,6500 HEMBREE LN  STE 205,41,00576894,28-FEB-2027
YINKENG RESTAURANT,YINKENG RESTAURANT,MOON PALACE INC,WINDSOR,Sonoma,CA,95492,8840 LAKEWOOD DR,41,00606191,31-JUL-2026
YUNMEN WINE AMERICA,YUNMEN WINE AMERICA,YUNMEN WINE AMERICA CORP,WINDSOR,Sonoma,CA,95492-8594,7970 CAMERON DR,18,00651923,31-MAY-2027
YUNMEN WINE AMERICA,YUNMEN WINE AMERICA,YUNMEN WINE AMERICA CORP,WINDSOR,Sonoma,CA,95492-8594,7970 CAMERON DR,17,00651923,30-APR-2027
YUNMEN WINE AMERICA,YUNMEN WINE AMERICA,YUNMEN WINE AMERICA CORP,WINDSOR,Sonoma,CA,95492-8594,7970 CAMERON DR,12,00651923,31-MAY-2027
YUNMEN WINE AMERICA,YUNMEN WINE AMERICA,YUNMEN WINE AMERICA CORP,WINDSOR,Sonoma,CA,95492-8594,7970 CAMERON DR,09,00651923,30-APR-2027
ZOUZOUNIS WINERY,ZOUZOUNIS WINERY,JPPZ  INC..,WINDSOR,Sonoma,CA,95492,7680 BELL RD,02,00592736,30-JUN-2027
CACHE CREEK MINI MART,CACHE CREEK MINI MART,POHO MEM,BROOKS,Yolo,CA,95606,14150 WINNERS WAY,20,00603454,30-APR-2027
YOCHA DEHE GOLF CLUB,YOCHA DEHE GOLF CLUB,POHO MEM,BROOKS,Yolo,CA,95606,100 GOLF COURSE DR,47,00603484,30-APR-2027
ROAD TRIP BAR & GRILL,ROAD TRIP BAR & GRILL,ROAD TRIP BAR & GRILL LLC,CAPAY,Yolo,CA,95607,24989 STATE HIGHWAY 16,21,00478198,30-JUN-2027
ROAD TRIP BAR & GRILL,ROAD TRIP BAR & GRILL,ROAD TRIP BAR & GRILL LLC,CAPAY,Yolo,CA,95607,24989 STATE HIGHWAY 16,47,00478198,30-JUN-2027
ROAD TRIP BAR & GRILL,ROAD TRIP BAR & GRILL,ROAD TRIP BAR & GRILL LLC,CAPAY,Yolo,CA,95607,24989 STATE HIGHWAY 16,77,00478198,30-JUN-2027
BOGLE WINERY,BOGLE WINERY,BOGLE VINEYARDS INC,CLARKSBURG,Yolo,CA,95612-5022,49762 HAMILTON RD,02,00520605,
BOGLE WINERY,BOGLE WINERY,BOGLE VINEYARDS INC,CLARKSBURG,Yolo,CA,95612,37783 COUNTY RD 144,02,00537464,30-JUN-2027
BOGLE WINERY,BOGLE WINERY,BOGLE VINEYARDS INC,CLARKSBURG,Yolo,CA,95612,38045 NETHERLANDS RD,02,00537530,30-JUN-2027
BOGLE WINERY,BOGLE WINERY,BOGLE VINEYARDS INC,CLARKSBURG,Yolo,CA,95612-5022,49762 HAMILTON RD,02,00520605,30-JUN-2027
BOGLE WINERY,BOGLE WINERY,BOGLE VINEYARDS INC,CLARKSBURG,Yolo,CA,95612-5022,49762 HAMILTON RD,09,00520605,30-JUN-2027
BONITATA BOUTIQUE WINE,BONITATA BOUTIQUE WINE,BONITATA BOUTIQUE WINE CORPORATION,CLARKSBURG,Yolo,CA,95612,35265 WILLOW AVE,02,00582641,30-JUN-2026
BUMP CITY WINE CO.,BUMP CITY WINE CO.,SMITH  ROGER RAY,CLARKSBURG,Yolo,CA,95612,35265 WILLOW AVE,02,00602999,30-JUN-2026
CARVALHO FAMILY WINERY,CARVALHO FAMILY WINERY,CARVALHO FAMILY WINERY LLC,CLARKSBURG,Yolo,CA,95612,35265 WILLOW AVE,02,00593896,30-JUN-2026
CLARKSBURG WINE COMPANY,CLARKSBURG WINE COMPANY,CLARKSBURG WINE COMPANY LLC,CLARKSBURG,Yolo,CA,95612,35265 WILLOW AVE.,02,00422028,30-JUN-2026
COUNTRY ROADS WINE CELLARS,COUNTRY ROADS WINE CELLARS,COUNTRY ROADS WINE CELLARS  LLC,CLARKSBURG,Yolo,CA,95612,35265 WILLOW AVE,02,00673744,30-JUN-2027
FLEET STREET WINE MERCHANTS,FLEET STREET WINE MERCHANTS,DREADNOUGHT CELLARS LLC,CLARKSBURG,Yolo,CA,95612,35265 WILLOW AVE,02,00599767,30-JUN-2026
FLEET STREET WINE MERCHANTS,FLEET STREET WINE MERCHANTS,DREADNOUGHT CELLARS LLC,CLARKSBURG,Yolo,CA,95612,35265 WILLOW AVE,17,00599767,28-FEB-2027
FLEET STREET WINE MERCHANTS,FLEET STREET WINE MERCHANTS,DREADNOUGHT CELLARS LLC,CLARKSBURG,Yolo,CA,95612,35265 WILLOW AVE,20,00599767,28-FEB-2027
FLEET STREET WINE MERCHANTS,FLEET STREET WINE MERCHANTS,DREADNOUGHT CELLARS LLC,CLARKSBURG,Yolo,CA,95612,35265 WILLOW AVE,09,00599767,30-JUN-2026
HERINGER ESTATES WINERY  LLC,HERINGER ESTATES WINERY  LLC,HERINGER ESTATES  LLC,CLARKSBURG,Yolo,CA,95612-5003,37375 NETHERLANDS RD,02,00603640,30-JUN-2026
HOLLAND MARKET,HOLLAND MARKET,BINDRA  SURINDER S,CLARKSBURG,Yolo,CA,95612,52945 NETHERLANDS AVE,21,00407824,31-JAN-2027
JULIETTA WINERY,JULIETTA WINERY,JULIETTA WINERY INC,CLARKSBURG,Yolo,CA,95612,51221 CLARKSBURG ROAD,02,00539532,30-JUN-2026
KIRCHHOFF FAMILY WINES,KIRCHHOFF FAMILY WINES,CLASSY PANTS WINES LLC,CLARKSBURG,Yolo,CA,95612-5014,40770 WAUKEENA RD,02,00581566,30-JUN-2026
KIRCHHOFF FAMILY WINES,KIRCHHOFF FAMILY WINES,CLASSY PANTS WINES LLC,CLARKSBURG,Yolo,CA,95612,35265 WILLOW AVE,02,00583038,30-JUN-2026
MINERS LEAP WINERY,MINERS LEAP WINERY,SACRAMENTO WINE WORKS LLC,CLARKSBURG,Yolo,CA,95612-5034,54250 S RIVER RD,02,00510557,30-JUN-2027
MINERS LEAP WINERY,MINERS LEAP WINERY,SACRAMENTO WINE WORKS LLC,CLARKSBURG,Yolo,CA,95612-5034,54250 S RIVER RD,81,00510557,30-JUN-2027
NAVIGATOR WINE COLLECTION LLC,,NAVIGATOR WINE COLLECTION LLC,CLARKSBURG,Yolo,CA,95612,35265 WILLOW AVE.,02,00611824,30-JUN-2027
RENDEZ VOUS WINERY,RENDEZ VOUS WINERY,LA JOYA INVESTMENTS LLC,CLARKSBURG,Yolo,CA,95612,35265 WILLOW AVE.,02,00544813,30-JUN-2027
RENDEZ VOUS WINERY,RENDEZ VOUS WINERY,LA JOYA INVESTMENTS LLC,CLARKSBURG,Yolo,CA,95612,35265 WILLOW AVE.,81,00544813,30-JUN-2027
RENDEZ-VOUS WINERY,RENDEZ-VOUS WINERY,LA JOYA INVESTMENTS LLC,CLARKSBURG,Yolo,CA,95612,PO BOX 458,02,00514573,30-JUN-2027
S.N.G. WINE WORKS,S.N.G. WINE WORKS,NATSIS  GEORGE,CLARKSBURG,Yolo,CA,95612-5034,54250 S RIVER RD,02,00588975,30-JUN-2026
SILT WINE COMPANY,SILT WINE COMPANY,OGILVIE MERWIN VENTURES  LLC,CLARKSBURG,Yolo,CA,95612,35265 WILLOW AVE.,02,00584600,30-JUN-2027
SILT WINE COMPANY,SILT WINE COMPANY,OGILVIE MERWIN VENTURES  LLC,CLARKSBURG,Yolo,CA,95612-5021,50870 BABEL SLOUGH RD,02,00590618,30-JUN-2027
SILT WINE COMPANY,SILT WINE COMPANY,OGILVIE MERWIN VENTURES  LLC,CLARKSBURG,Yolo,CA,95612-5021,50870 BABEL SLOUGH RD,17,00590618,30-SEP-2026
SILT WINE COMPANY,SILT WINE COMPANY,OGILVIE MERWIN VENTURES  LLC,CLARKSBURG,Yolo,CA,95612-5021,50870 BABEL SLOUGH RD,20,00590618,30-SEP-2026
SILT WINE COMPANY,SILT WINE COMPANY,OGILVIE MERWIN VENTURES  LLC,CLARKSBURG,Yolo,CA,95612,35265 WILLOW AVE.,81,00584600,30-JUN-2027
THREE WINE COMPANY,THREE WINE COMPANY,MAC WINES LLC,CLARKSBURG,Yolo,CA,95612,35265 WILLOW AVE,02,00502964,30-JUN-2027
TODD TAYLOR WINES,TODD TAYLOR WINES,TODD TAYLOR WINE GROUP INC,CLARKSBURG,Yolo,CA,95612,35265 WILLOW AVE,02,00446204,30-JUN-2026
VINO DE ORO VINEYARD AND WINERY,VINO DE ORO VINEYARD AND WINERY,VINO DE ORO VINEYARD AND WINERY LLC,CLARKSBURG,Yolo,CA,95612,35265 WILLOW AVE,02,00633323,30-JUN-2026
AGGIE LIQUOR & DELI,AGGIE LIQUOR & DELI,A & I INC,DAVIS,Yolo,CA,95616,507 & 509 L ST,21,00665402,31-MAR-2027
ANDERSON GAS & MINI MART,ANDERSON GAS & MINI MART,SAMS ENTERPRISES INC,DAVIS,Yolo,CA,95616-0919,1935 ANDERSON RD,20,00443725,31-MAR-2027
BEACH HUT DELI,BEACH HUT DELI,BENNETT  SIERRA NICOLE,DAVIS,Yolo,CA,95618,4515 FERMI PL,41,00634642,31-MAR-2027
BERRYESSA GAP VINEYARDS@DAVIS FARMERS MARKET,BERRYESSA GAP VINEYARDS@DAVIS FARMERS MARKET,WINTERS WINERY,DAVIS,Yolo,CA,95616,301 C ST,79,00677086,30-JUN-2026
BROS LIQUOR,BROS LIQUOR,BROTHERS LIQUOR INC.,DAVIS,Yolo,CA,95616-4582,1046 OLIVE DR,21,00615152,31-MAR-2027
BROS LIQUOR 1,BROS LIQUOR 1,KAHLON  HARPREET  SINGH,DAVIS,Yolo,CA,95616,1964 E 8TH ST,21,00622902,28-FEB-2027
BURGERS AND BREW,BURGERS AND BREW,CREPEVILLE INC,DAVIS,Yolo,CA,95616-4518,403 3RD ST,41,00455348,30-JUN-2026
CAFE BERNARDO,CAFE BERNARDO,KBS INC,DAVIS,Yolo,CA,95616,234 D ST UT A,47,00330664,30-SEP-2026
CAPITAL LIQUORS PROJECT,CAPITAL LIQUORS PROJECT,MILLER  GREGORY HALE,DAVIS,Yolo,CA,95616-9407,34255 CORCORAN HILL LN,06,00551783,28-FEB-2027
CAPITAL LIQUORS PROJECT,CAPITAL LIQUORS PROJECT,MILLER  GREGORY HALE,DAVIS,Yolo,CA,95616-9407,34255 CORCORAN HILL LN,04,00551783,28-FEB-2027
CHEERS LOUNGE,CHEERS LOUNGE,BADWAL  SATNAM  SINGH,DAVIS,Yolo,CA,95618-7788,2880 5TH ST,47,00662806,31-DEC-2026
CHIPOTLE MEXICAN GRILL,CHIPOTLE MEXICAN GRILL,CHIPOTLE MEXICAN GRILL INC,DAVIS,Yolo,CA,95616,227 E ST,47,00368088,30-NOV-2026
COST PLUS WORLD MARKET,COST PLUS WORLD MARKET,COST PLUS INC,DAVIS,Yolo,CA,95616,871 RUSSELL BLVD,20,00400903,
CVS PHARMACY STORE 9142,CVS PHARMACY STORE 9142,GARFIELD BEACH CVS LLC,DAVIS,Yolo,CA,95616-1352,1550 E COVELL BLVD,21,00477754,31-MAY-2027
CVS PHARMACY STORE 9282,CVS PHARMACY STORE 9282,GARFIELD BEACH CVS LLC,DAVIS,Yolo,CA,95616-1352,1471 W COVELL BLVD,21,00477926,31-MAY-2027
DAVIS GOLF COURSE INC,,DAVIS GOLF COURSE INC,DAVIS,Yolo,CA,95616,HWY 113 & CO RD 29,41,00198767,31-JUL-2026
DING HOW RESTAURANT,DING HOW RESTAURANT,HOANG  CHI,DAVIS,Yolo,CA,95616,640 W COVELL BLVD,41,00320330,31-JUL-2026
DOS COYOTES BORDER CAFE,DOS COYOTES BORDER CAFE,COLTAM INC,DAVIS,Yolo,CA,95616,1411 W COVELL BLVD,47,00303888,31-JAN-2027
DOS COYOTES BORDER CAFE,DOS COYOTES BORDER CAFE,COLTAM INC,DAVIS,Yolo,CA,95616,1411 W COVELL BLVD,58,00303888,31-JAN-2027
EL PATIO FRESH MEXICAN GRILL,EL PATIO FRESH MEXICAN GRILL,EL PATIO ENTERPRISE DAVIS,DAVIS,Yolo,CA,95616-4522,200 E ST,47,00621183,31-JUL-2026
FROGGYS BAR & GRILL,FROGGYS BAR & GRILL,UNIVERSITY SCOTT INC,DAVIS,Yolo,CA,95616-4623,726 2ND ST,47,00192132,
FROGGYS BAR & GRILL,FROGGYS BAR & GRILL,UNIVERSITY SCOTT INC,DAVIS,Yolo,CA,95616-4623,726 2ND ST,47,00192132,28-FEB-2027
FROGGYS BAR & GRILL,FROGGYS BAR & GRILL,UNIVERSITY SCOTT INC,DAVIS,Yolo,CA,95616-4623,726 2ND ST,58,00192132,28-FEB-2027
GUAD'S TACOS & BEER,GUAD'S TACOS & BEER,GUADS INC,DAVIS,Yolo,CA,95616-4524,231 3RD ST,41,00620301,
GUAD'S TACOS & BEER,GUAD'S TACOS & BEER,GUADS INC,DAVIS,Yolo,CA,95616-4524,231 3RD ST,41,00620301,31-MAY-2027
GUNROCK PUB,GUNROCK PUB,EAT WERK PLAY LLC,DAVIS,Yolo,CA,95616,482 HUTCHINSON DR,41,00633536,28-FEB-2027
GUNROCK PUB,GUNROCK PUB,EAT WERK PLAY LLC,DAVIS,Yolo,CA,95616,482 HUTCHINSON DR,77,00633536,28-FEB-2027
HERINGER ESTATES WINERY  LLC,HERINGER ESTATES WINERY  LLC,HERINGER ESTATES  LLC,DAVIS,Yolo,CA,95616,4TH & C ST,79,00456803,30-JUN-2026
HIKARI SUSHI,HIKARI SUSHI,HIKARI SUSHI LLC,DAVIS,Yolo,CA,95616-4628,110 F ST,41,00640823,31-OCT-2026
HO HO MARKET,HO HO MARKET,ANNAPURNA CORPORATION,DAVIS,Yolo,CA,95616-4650,132 E ST,21,00661681,31-DEC-2026
HUKU JAPANESE BISTRO,HUKU JAPANESE BISTRO,HUKU JAPANESE BISTRO INC,DAVIS,Yolo,CA,95618-6053,417 MACE BLVD,41,00646766,28-FEB-2027
HUNAN BAR & RESTAURANT,HUNAN BAR & RESTAURANT,IMPERIAL PHOENIX GROUP  INC.,DAVIS,Yolo,CA,95616-4512,207 D ST,41,00661066,31-AUG-2026
I LOVE SUSHI,I LOVE SUSHI,I LOVE SUSHI JIANG INC,DAVIS,Yolo,CA,95616-1081,620 W COVELL BLVD,41,00600281,31-DEC-2026
JACKS URBAN EATS,JACKS URBAN EATS,JACKS URBAN EATS NO. 9 INC.,DAVIS,Yolo,CA,95616-5947,1321 W COVELL BLVD,41,00530356,30-APR-2027
KATHMANDU KITCHEN,KATHMANDU KITCHEN,BHANDAL  NAVINDERJIT SINGH,DAVIS,Yolo,CA,95616-4517,234 G ST,47,00452318,31-MAR-2027
LAMPOST PIZZA,LAMPOST PIZZA,THEWS INC,DAVIS,Yolo,CA,95616,1260 LAKE BLVD,41,00291463,
LAMPOST PIZZA,LAMPOST PIZZA,THEWS INC,DAVIS,Yolo,CA,95616,1260 LAKE BLVD,41,00291463,31-JAN-2027
MANNA RESTAURANT,MANNA RESTAURANT,LEE  EUN CHU,DAVIS,Yolo,CA,95616,622 3RD ST,41,00646241,30-APR-2027
MAYAS AUTHENTIC MEXICAN FOOD,MAYAS AUTHENTIC MEXICAN FOOD,MAYA INDUSTRIES INC,DAVIS,Yolo,CA,95616-4512,237 D ST,47,00658855,30-JUN-2027
MIKUNI JAPANESE RESTAURANT AND SUSHI BAR,MIKUNI JAPANESE RESTAURANT AND SUSHI BAR,MIKUNI RESTAURANT GROUP INC,DAVIS,Yolo,CA,95616-4654,500 1ST ST,47,00607301,
MIKUNI JAPANESE RESTAURANT AND SUSHI BAR,MIKUNI JAPANESE RESTAURANT AND SUSHI BAR,MIKUNI RESTAURANT GROUP INC,DAVIS,Yolo,CA,95616-4654,500 1ST ST,47,00607301,31-MAR-2027
NAMI SUSHI,NAMI SUSHI,G & W SUSHI INC,DAVIS,Yolo,CA,95618,2880 5TH ST,41,00659254,31-JUL-2027
NUGGET MARKET,NUGGET MARKET,STILLE CO,DAVIS,Yolo,CA,95616,1414 E COVELL BLVD A,21,00358462,
NUGGET MARKET,NUGGET MARKET,STILLE CO,DAVIS,Yolo,CA,95616,1414 E COVELL BLVD A,86,00358462,
NUGGET MARKET,NUGGET MARKET,NUGGET MARKET INC,DAVIS,Yolo,CA,95616,409 MACE BLVD,21,00103468,
NUGGET MARKET,NUGGET MARKET,NUGGET MARKET INC,DAVIS,Yolo,CA,95616,409 MACE BLVD,86,00103468,
NUGGET MARKET,NUGGET MARKET,STILLE CO,DAVIS,Yolo,CA,95616,1414 E COVELL BLVD B,41,00363584,
NUGGET MARKET,NUGGET MARKET,STILLE CO,DAVIS,Yolo,CA,95616,1414 E COVELL BLVD A,21,00358462,30-APR-2027
NUGGET MARKET,NUGGET MARKET,NUGGET MARKET INC,DAVIS,Yolo,CA,95616,409 MACE BLVD,21,00103468,30-JUN-2027
NUGGET MARKET,NUGGET MARKET,STILLE CO,DAVIS,Yolo,CA,95616,1414 E COVELL BLVD B,41,00363584,30-APR-2027
NUGGET MARKET,NUGGET MARKET,NUGGET MARKET INC,DAVIS,Yolo,CA,95616,409 MACE BLVD,86,00103468,31-AUG-2026
NUGGET MARKET,NUGGET MARKET,STILLE CO,DAVIS,Yolo,CA,95616,1414 E COVELL BLVD A,86,00358462,30-APR-2027
NUGGET MARKET,NUGGET MARKET,STILLE CO,DAVIS,Yolo,CA,95616,1414 E COVELL BLVD A,21,00358462,
NUGGET MARKET,NUGGET MARKET,NUGGET MARKET INC,DAVIS,Yolo,CA,95616,409 MACE BLVD,21,00103468,
PASTE THAI,PASTE THAI,PASTE LLC,DAVIS,Yolo,CA,95618-6010,417 MACE BLVD,41,00638097,30-JUN-2027
PHO KING 4,PHO KING 4,TRUONG  THANG THANH,DAVIS,Yolo,CA,95616-4502,226 3RD ST,41,00653676,31-JAN-2027
PHO TASTY LLC,PHO TASTY LLC,PHO TASTY LLC,DAVIS,Yolo,CA,95616-4119,301 G ST,41,00637807,31-AUG-2026
PREETHINDIAN CUISINE,PREETHINDIAN CUISINE,IMMAREDDY  KRISHNA KUMARI,DAVIS,Yolo,CA,95616-4622,715 2ND ST,41,00520843,30-APR-2027
SAVE MART SUPERMARKETS 604,SAVE MART SUPERMARKETS 604,LUCKY STORES (SAVE MART) LLC,DAVIS,Yolo,CA,95616-0920,1900 ANDERSON RD,21,00642806,30-JUN-2026
SEOULMATE KOREAN KITCHEN,SEOULMATE KOREAN KITCHEN,KGJH  INC.,DAVIS,Yolo,CA,95616,1260 LAKE BLVD,41,00676674,30-APR-2027
SHIPWRECKED TIKI BAR,SHIPWRECKED TIKI BAR,UNIVERSITY OF BEER LLC,DAVIS,Yolo,CA,95616,217 G ST,48,00641920,30-JUN-2026
SOPHIAS THAI KITCHEN,SOPHIAS THAI KITCHEN,LANGSTAFF INC,DAVIS,Yolo,CA,95616,129 E ST,47,00375452,31-AUG-2026
STEVE'S PIZZA,STEVE'S PIZZA,SINGH  SHERU,DAVIS,Yolo,CA,95616-4118,314 F ST,47,00600489,28-FEB-2027
SYMPOSIUM RESTAURANT & PIZZA,SYMPOSIUM RESTAURANT & PIZZA,PANDELEON  KONTILO,DAVIS,Yolo,CA,95616,1620 E 8TH ST,47,00266742,28-FEB-2027
TAFFACH ETHIOPIAN RESTAURANT,TAFFACH ETHIOPIAN RESTAURANT,TAFFACH ETHIOPIAN RESTAURANT INC,DAVIS,Yolo,CA,95616-4625,113 D ST,41,00659586,28-FEB-2027
TAQUERIA GUADALAJARA GRILL,TAQUERIA GUADALAJARA GRILL,MRN INC,DAVIS,Yolo,CA,95616,417 MACE BLVD,41,00553093,28-FEB-2027
TASTY KITCHEN CHINESE CUISINE,TASTY KITCHEN CHINESE CUISINE,J&D 168 INC,DAVIS,Yolo,CA,95616-4117,335 F ST,41,00667245,31-MAY-2027
THAI CANTEEN,THAI CANTEEN,THAI I AM LLC,DAVIS,Yolo,CA,95616,117 E ST,41,00500940,30-NOV-2026
TRES HERMANAS COCINA MEXICANA,TRES HERMANAS COCINA MEXICANA,S.Y.R. DAVIS  LLC,DAVIS,Yolo,CA,95616-4624,805 2ND ST,47,00571922,31-AUG-2026
TRES HERMANAS COCINA MEXICANA,TRES HERMANAS COCINA MEXICANA,S.Y.R. DAVIS  LLC,DAVIS,Yolo,CA,95616-4624,805 2ND ST,58,00571922,31-AUG-2026
VILLAGE PIZZA & PINTS,VILLAGE PIZZA & PINTS,VILLAGE BAKERY OF DAVIS  INC,DAVIS,Yolo,CA,95616-4505,236 B ST,41,00603170,30-JUN-2027
WILDHORSE GOLF CLUB,WILDHORSE GOLF CLUB,ROUTINE GOLF INC.,DAVIS,Yolo,CA,95616-7635,2323 ROCKWELL DR,47,00655950,28-FEB-2027
WINE BRIDGE IMPORTS INC,WINE BRIDGE IMPORTS INC,WINE BRIDGE IMPORTS INC,DAVIS,Yolo,CA,95616,2050 LYNDELL TERRACE,17,00568222,30-APR-2027
WINE BRIDGE IMPORTS INC,WINE BRIDGE IMPORTS INC,WINE BRIDGE IMPORTS INC,DAVIS,Yolo,CA,95616,2050 LYNDELL TERRACE,20,00568222,31-MAY-2027
WINE BRIDGE IMPORTS INC,WINE BRIDGE IMPORTS INC,WINE BRIDGE IMPORTS INC,DAVIS,Yolo,CA,95616,2050 LYNDELL TERRACE,09,00568222,30-APR-2027
WINGSTOP,WINGSTOP,S AND B RANDHAWA INC,DAVIS,Yolo,CA,95616,408 G ST,41,00528715,
WOODSTOCKS PIZZA,WOODSTOCKS PIZZA,WOODSTOCKS PIZZA INC,DAVIS,Yolo,CA,95616-4517,238 G ST,47,00641039,28-FEB-2027
WOODSTOCKS PIZZA,WOODSTOCKS PIZZA,WOODSTOCKS PIZZA INC,DAVIS,Yolo,CA,95616-4517,238 G ST,58,00641039,28-FEB-2027
WUNDERBAR,WUNDERBAR,WUNDERBAR INDUSTRIES LLC,DAVIS,Yolo,CA,95616-4517,228 G ST,47,00510795,31-JUL-2027
WUNDERBAR,WUNDERBAR,WUNDERBAR INDUSTRIES LLC,DAVIS,Yolo,CA,95616-4517,228 G ST,47,00510795,31-JUL-2027
YETI NEPALI RESTAURANT INC.,YETI NEPALI RESTAURANT INC.,YETI NEPALI RESTAURANT INC,DAVIS,Yolo,CA,95616-4522,234 E ST,41,00647492,30-APR-2027
DUNNIGAN MARKET,DUNNIGAN MARKET,NEIGHBORHOOD FOOD MARKET LLC,DUNNIGAN,Yolo,CA,95937,3660 COUNTY ROAD 99 W,41,00611539,30-SEP-2026
DUNNIGAN MARKET INC,,DUNNIGAN MARKET INC,DUNNIGAN,Yolo,CA,95937,29020 COUNTY ROAD 6,20,00647652,31-MAY-2027
H&S ENERGY PRODUCTS  LLC STORE#3088,H&S ENERGY PRODUCTS  LLC STORE#3088,H&S ENERGY PRODUCTS  LLC,DUNNIGAN,Yolo,CA,95937,29770 COUNTY ROAD 8,21,00641111,31-JAN-2027
EL MACERO COUNTRY CLUB,EL MACERO COUNTRY CLUB,EL MACERO COUNTRY CLUB,EL MACERO,Yolo,CA,95618-1073,44571 CLUBHOUSE DR,51,00023608,31-AUG-2026
SENDERS WINES,SENDERS WINES,SENDERS WINES LLC,EL MACERO,Yolo,CA,95618,26891 CADDY CT,02,00439959,30-JUN-2026
GRINDSTONE WINES,GRINDSTONE WINES,GRINDSTONE WINES LLC,ESPARTO,Yolo,CA,95627,12700 COUNTY RD 89,02,00605289,30-JUN-2027
THE RAVINE SPORTS BAR,THE RAVINE SPORTS BAR,THE RAVINE SPORTS BAR  L.L.C.,ESPARTO,Yolo,CA,95627,16867 YOLO AVE,47,00592395,31-MAY-2027
THE RAVINE SPORTS BAR,THE RAVINE SPORTS BAR,THE RAVINE SPORTS BAR  L.L.C.,ESPARTO,Yolo,CA,95627,16867 YOLO AVE,77,00592395,31-MAY-2027
VALLEY FOOD MARKET,VALLEY FOOD MARKET,ALI  YASSEN Y,ESPARTO,Yolo,CA,95627,17343 FREMONT ST,21,00617328,30-SEP-2026
GUINDA CORNER STORE LLC,GUINDA CORNER STORE LLC,GUINDA CORNER STORE  LLC,GUINDA,Yolo,CA,95637,7530 STATE HIGHWAY 16,20,00572135,31-DEC-2026
THE RUSTIC BAR-B-Q,THE RUSTIC BAR-B-Q,FEALY ENTERPRISES  LLC,GUINDA,Yolo,CA,95637,7624 STATE HIGHWAY 16,41,00675915,28-FEB-2027
PLUG AND JUG MARKET,PLUG AND JUG MARKET,ZAILDAAR ENTERPRISES CORP,KNIGHTS LANDING,Yolo,CA,95645,9425 LOCUST ST,21,00550266,31-OCT-2026
WAYSIDE MARKET,WAYSIDE MARKET,MUHARRAM  ZAFARAN A,KNIGHTS LANDING,Yolo,CA,95645,9696 LOCUST STREET,20,00482968,31-DEC-2026
7 ELEVEN STORE 2365-33646 B,7 ELEVEN STORE 2365-33646 B,7 ELEVEN INC,WEST SACRAMENTO,Yolo,CA,95691-3418,4010 LAKE CT,20,00528014,30-JUN-2027
A & B LIQUOR,A & B LIQUOR,WEST SACRAMENTO LIQUOR 2 LLC,WEST SACRAMENTO,Yolo,CA,95691,2328 W CAPITOL AVE,21,00640184,30-SEP-2026
BAKER FAMILY WINES,BAKER FAMILY WINES,B AND B WINE COMPANY  LLC.,WEST SACRAMENTO,Yolo,CA,95691-6517,2568 INDUSTRIAL BLVD,02,00607565,30-JUN-2027
BEACH HUT DELI,BEACH HUT DELI,WSACBHD LLC,WEST SACRAMENTO,Yolo,CA,95605-1621,767 IKEA CT,41,00633179,31-MAR-2027
BIRDIES - SOCIAL CLUB,BIRDIES - SOCIAL CLUB,WEST SAC ENTERTAINMENT LLC,WEST SACRAMENTO,Yolo,CA,95691-3780,805 RIVERFRONT ST,47,00662812,31-JUL-2026
BROS LIQUOR,BROS LIQUOR,BROTHERS LIQUOR INC.,WEST SACRAMENTO,Yolo,CA,95691,1091 JEFFERSON BLVD,21,00647188,31-MAY-2027
BUFFALO'S PIZZA,BUFFALO'S PIZZA,ESQUIVEL  MARTHA  GEMA,WEST SACRAMENTO,Yolo,CA,95605-1800,1600 SACRAMENTO AVE,41,00531898,30-APR-2027
BURGERS AND BREW STATION 1,BURGERS AND BREW STATION 1,BURGERS AND BREW STATION 1 LLC,WEST SACRAMENTO,Yolo,CA,95605,317 3RD ST,47,00571685,30-SEP-2026
BURGERS AND BREW STATION 1,BURGERS AND BREW STATION 1,BURGERS AND BREW STATION 1 LLC,WEST SACRAMENTO,Yolo,CA,95605,317 3RD ST,47,00571685,30-SEP-2026
CAROLS RESTAURANT,CAROLS RESTAURANT,BAKER  CAROL MAE,WEST SACRAMENTO,Yolo,CA,95691,1201 W CAPITOL AVE,41,00474916,30-SEP-2026
CHIPOTLE MEXICAN GRILL STORE #1405,CHIPOTLE MEXICAN GRILL STORE #1405,CHIPOTLE MEXICAN GRILL INC,WEST SACRAMENTO,Yolo,CA,95605-1663,775 IKEA CT,47,00486144,31-DEC-2026
CHIPOTLE MEXICAN GRILL STORE #3648,CHIPOTLE MEXICAN GRILL STORE #3648,CHIPOTLE MEXICAN GRILL INC,WEST SACRAMENTO,Yolo,CA,95691-6104,2155 TOWNE CENTER PLAZA,41,00618450,31-OCT-2026
CIRCLE A FOOD STORE,CIRCLE A FOOD STORE,CIRCLE A FOOD STORE INC,WEST SACRAMENTO,Yolo,CA,95605,1506 SACRAMENTO AVE,20,00436119,31-MAR-2027
CLUB PHEASANT,CLUB PHEASANT,PALAMIDESSI  JOYCE M,WEST SACRAMENTO,Yolo,CA,95691,2525 JEFFERSON BLVD,47,00325709,31-DEC-2026
CORNERSTONE CAFE & BAR,CORNERSTONE CAFE & BAR,JANG  KWANG CHUNG,WEST SACRAMENTO,Yolo,CA,95605-1835,1617 SACRAMENTO AVE,47,00558006,31-JAN-2027
COUNTRY WEST LIQUOR,COUNTRY WEST LIQUOR,WEST SACRAMENTO LIQUOR INC,WEST SACRAMENTO,Yolo,CA,95691,3071 W CAPITOL AVE,21,00618860,31-JAN-2027
CURLEW WINES INC,CURLEW WINES INC,CURLEW WINES INC,WEST SACRAMENTO,Yolo,CA,95691,3974 PROSSER ST,17,00666405,28-FEB-2027
DIAMOND GAS AND MARKET,DIAMOND GAS AND MARKET,DIAMOND GAS AND MARKET # 14,WEST SACRAMENTO,Yolo,CA,95691-3251,1401 W CAPITOL AVE,20,00665484,30-APR-2027
DOLLAR TREE STORE 1215,DOLLAR TREE STORE 1215,DOLLAR TREE STORES INC,WEST SACRAMENTO,Yolo,CA,95691-2912,3015 W CAPITOL AVE,20,00398587,30-JUN-2027
EASTSIDE CHEF RESTAURANT,EASTSIDE CHEF RESTAURANT,ESC BROTHERS INC,WEST SACRAMENTO,Yolo,CA,95691,2105 JEFFERSON BLVD,41,00657670,30-JUN-2027
EMILE'S CAFE,EMILE'S CAFE,JEFFERSON VENTURES LLC,WEST SACRAMENTO,Yolo,CA,95691,1300 LAKE WASHINGTON BLVD,58,00671765,31-OCT-2026
EMILE'S CAFE,EMILE'S CAFE,JEFFERSON VENTURES LLC,WEST SACRAMENTO,Yolo,CA,95691,1300 LAKE WASHINGTON BLVD,41,00671765,31-OCT-2026
HAARMEYER WINE CELLARS,HAARMEYER WINE CELLARS,HAARMEYER WINE CELLARS LLC,WEST SACRAMENTO,Yolo,CA,95691-2229,610 HARBOR BLVD,02,00569231,30-JUN-2026
HINGS CHINESE CUISINE,HINGS CHINESE CUISINE,CUONG  JOHN A,WEST SACRAMENTO,Yolo,CA,95691,2933 W CAPITOL AVE,41,00450107,28-FEB-2027
KICK'N MULE RESTAURANT,KICK'N MULE RESTAURANT,CAPITAL CITY MULES LLC,WEST SACRAMENTO,Yolo,CA,95691,2901 W CAPITOL AVE,58,00671183,28-FEB-2027
KICK'N MULE RESTAURANT,KICK'N MULE RESTAURANT,CAPITAL CITY MULES LLC,WEST SACRAMENTO,Yolo,CA,95691,2901 W CAPITOL AVE,47,00671183,28-FEB-2027
LA ESTRELLITA MEAT MARKET,LA ESTRELLITA MEAT MARKET,LOS VELAZQUEZ MEAT MARKET & DELI LLC,WEST SACRAMENTO,Yolo,CA,95605-1834,1520 SACRAMENTO AVE,20,00514978,30-JUN-2026
LENISES CAFE LLC,LENISES CAFE LLC,MOWRY  LENISE JANELLE,WEST SACRAMENTO,Yolo,CA,95691-5432,3150 JEFFERSON BLVD,41,00553267,28-FEB-2027
LIGHT HOUSE MARKET DELI,LIGHT HOUSE MARKET DELI,BRIGHTSITE INC,WEST SACRAMENTO,Yolo,CA,95605-2740,500 C ST,20,00635036,30-APR-2027
LIGHTHOUSE BAR & GRILL,LIGHTHOUSE BAR & GRILL,GARKEV CORP.,WEST SACRAMENTO,Yolo,CA,95691-2479,2125 W CAPITOL AVE,47,00563066,30-APR-2027
LOW COST LIQUORS,LOW COST LIQUORS,DHALAI  WASEEM FADEL,WEST SACRAMENTO,Yolo,CA,95605,960 SACRAMENTO AVE,21,00534586,31-JUL-2026
MANAAO THAI CUISINE,MANAAO THAI CUISINE,ROONG RUENG  LLC,WEST SACRAMENTO,Yolo,CA,95605-1629,715 HARBOR POINTE PL,41,00653144,30-NOV-2026
MANCHURIAN INDIAN AND NEPALESE CUISINE,MANCHURIAN INDIAN AND NEPALESE CUISINE,SAC BROS INC,WEST SACRAMENTO,Yolo,CA,95605,767 IKEA CT,41,00655028,28-FEB-2027
MARCOS PIZZA,MARCOS PIZZA,GADRA PIZZA LLC,WEST SACRAMENTO,Yolo,CA,95691-6422,2230 LAKE WASHINGTON BLVD,41,00647669,31-MAY-2026
MAVERIK STORES INC,MAVERIK STORES INC,MAVERIK INC. WHICH WILL DO BUSINESS IN CALIFORNIA,WEST SACRAMENTO,Yolo,CA,95691,3975 LAKE RD,20,00626165,31-MAR-2027
MECCA CLUB,MECCA CLUB,PIXLEY  CORINNE ANN,WEST SACRAMENTO,Yolo,CA,95605-1613,701 SUNSET AVE,48,00538002,31-OCT-2026
MOD PIZZA,MOD PIZZA,EXCEED G2 LLC,WEST SACRAMENTO,Yolo,CA,95605,771 IKEA CT,41,00665102,28-FEB-2027
MOUNTAIN MIKES PIZZA,MOUNTAIN MIKES PIZZA,BALJOT CORPORATION,WEST SACRAMENTO,Yolo,CA,95691-2910,2919 W CAPITOL AVE,41,00505545,30-APR-2027
MOUNTAIN WEST WINES,MOUNTAIN WEST WINES,MOUNTAIN WEST WINES LLC,WEST SACRAMENTO,Yolo,CA,95691-3490,1675 OVERLAND CT,09,00655782,28-FEB-2027
MOUNTAIN WEST WINES,MOUNTAIN WEST WINES,MOUNTAIN WEST WINES LLC,WEST SACRAMENTO,Yolo,CA,95691-3490,1675 OVERLAND CT,17,00655782,28-FEB-2027
MOUNTAIN WEST WINES,MOUNTAIN WEST WINES,MOUNTAIN WEST WINES LLC,WEST SACRAMENTO,Yolo,CA,95691-3490,1675 OVERLAND CT,20,00655782,30-APR-2027
NICKYS MARKET,NICKYS MARKET,KHANA  NAGAN LALA,WEST SACRAMENTO,Yolo,CA,95691,3225 W CAPITOL AVE,20,00350127,28-FEB-2027
NUGGET MARKET,NUGGET MARKET,NUGGET MARKET INC,WEST SACRAMENTO,Yolo,CA,95691,2000 TOWN CENTER PLZ,21,00404795,
NUGGET MARKET,NUGGET MARKET,NUGGET MARKET INC,WEST SACRAMENTO,Yolo,CA,95691,2000 TOWN CENTER PLZ,41,00404795,
NUGGET MARKET,NUGGET MARKET,NUGGET MARKET INC,WEST SACRAMENTO,Yolo,CA,95691,2000 TOWN CENTER PLZ,86,00404795,
NUGGET MARKET,NUGGET MARKET,NUGGET MARKET INC,WEST SACRAMENTO,Yolo,CA,95691,2000 TOWN CENTER PLZ,21,00404795,
NUGGET MARKET,NUGGET MARKET,NUGGET MARKET INC,WEST SACRAMENTO,Yolo,CA,95691,2000 TOWN CENTER PLZ,41,00404795,
NUGGET MARKET,NUGGET MARKET,NUGGET MARKET INC,WEST SACRAMENTO,Yolo,CA,95691,2000 TOWN CENTER PLZ,21,00404795,31-JUL-2026
NUGGET MARKET,NUGGET MARKET,NUGGET MARKET INC,WEST SACRAMENTO,Yolo,CA,95691,2000 TOWN CENTER PLZ,41,00404795,31-JUL-2026
NUGGET MARKET,NUGGET MARKET,NUGGET MARKET INC,WEST SACRAMENTO,Yolo,CA,95691,2000 TOWN CENTER PLZ,86,00404795,31-JUL-2026
OSCAR'S VERY MEXICAN FOOD,OSCAR'S VERY MEXICAN FOOD,SALAS  NORADINO PINAL,WEST SACRAMENTO,Yolo,CA,95691-3477,1350 HARBOR BLVD,41,00571245,30-SEP-2026
POOJA INDIAN GRILL,POOJA INDIAN GRILL,POOJA FOOD EXPRESS INC.,WEST SACRAMENTO,Yolo,CA,95691-2709,1223-25 & 1229-31 MERKLEY AVE,47,00648688,31-AUG-2026
POPLAR FOOD & LIQUOR,POPLAR FOOD & LIQUOR,SINGH  JASWANT,WEST SACRAMENTO,Yolo,CA,95691,731 POPLAR AVE,21,00622767,31-MAY-2027
RAKU SUSHI,RAKU SUSHI,CHU  WEN HAO,WEST SACRAMENTO,Yolo,CA,95691-2201,805 HARBOR BLVD,41,00566795,31-MAR-2027
REPUBLIC NATIONAL DISTRIBUTING COMPANY OF CALIFORN,REPUBLIC NATIONAL DISTRIBUTING COMPANY OF CALIFORN,YOUNGS MARKET COMPANY LLC,WEST SACRAMENTO,Yolo,CA,95691-6518,3620 INDUSTRIAL BLVD,17,00540193,28-FEB-2027
REPUBLIC NATIONAL DISTRIBUTING COMPANY OF CALIFORN,REPUBLIC NATIONAL DISTRIBUTING COMPANY OF CALIFORN,YOUNGS MARKET COMPANY LLC,WEST SACRAMENTO,Yolo,CA,95691-6518,3620 INDUSTRIAL BLVD,18,00540193,28-FEB-2027
REPUBLIC NATIONAL DISTRIBUTING COMPANY OF CALIFORN,REPUBLIC NATIONAL DISTRIBUTING COMPANY OF CALIFORN,YOUNGS MARKET COMPANY LLC,WEST SACRAMENTO,Yolo,CA,95691-6518,3620 INDUSTRIAL BLVD,09,00540193,28-FEB-2027
REPUBLIC NATIONAL DISTRIBUTING COMPANY OF CALIFORN,REPUBLIC NATIONAL DISTRIBUTING COMPANY OF CALIFORN,YOUNGS MARKET COMPANY LLC,WEST SACRAMENTO,Yolo,CA,95691-6518,3620 INDUSTRIAL BLVD,12,00540193,28-FEB-2027
ROCO WINE & SPIRITS,ROCO WINE & SPIRITS,ROCO,WEST SACRAMENTO,Yolo,CA,95691-6417,2220 LAKE WASHINGTON BLVD,21,00603864,31-JUL-2026
ROCO WINE & SPIRITS,ROCO WINE & SPIRITS,ROCO,WEST SACRAMENTO,Yolo,CA,95691-6417,2220 LAKE WASHINGTON BLVD,42,00603970,30-JUN-2026
ROCO WINE & SPIRITS,ROCO WINE & SPIRITS,ROCO,WEST SACRAMENTO,Yolo,CA,95691-6417,2220 LAKE WASHINGTON BLVD,86,00603864,31-JUL-2026
ROUND TABLE PIZZA,ROUND TABLE PIZZA,KPA SOUTHPORT  INC.,WEST SACRAMENTO,Yolo,CA,95691-4998,2105 TOWN CENTER PLZ,41,00666086,30-APR-2027
ROUND TABLE PIZZA WEST SACRAMENTO,ROUND TABLE PIZZA WEST SACRAMENTO,MYCY-13 INC,WEST SACRAMENTO,Yolo,CA,95691-4998,2105 TOWN CENTER PLZ,41,00599747,
SACRAMENTO YACHT CLUB,SACRAMENTO YACHT CLUB,SACRAMENTO YACHT CLUB INC,WEST SACRAMENTO,Yolo,CA,95691,3365 CHICORY LP,51,00058228,31-AUG-2026
SACRAMENTO YACHT CLUB,SACRAMENTO YACHT CLUB,SACRAMENTO YACHT CLUB INC,WEST SACRAMENTO,Yolo,CA,95691,3365 CHICORY LP,58,00058228,31-AUG-2026
SAHEJ INDIA GRILL,SAHEJ INDIA GRILL,SAHEJ INDIA GRILL INC,WEST SACRAMENTO,Yolo,CA,95691-2912,3025 W CAPITOL AVE,41,00567694,
SAHEJ INDIA GRILL,SAHEJ INDIA GRILL,SAHEJ INDIA GRILL INC,WEST SACRAMENTO,Yolo,CA,95691-2912,3025 W CAPITOL AVE,41,00567694,
SAL'S TACOS,SAL'S TACOS,SAL'S TACOS WEST SAC INC,WEST SACRAMENTO,Yolo,CA,95605,400 C ST,47,00611081,31-JAN-2027
SOUTH PORT LIQUOR MART,SOUTH PORT LIQUOR MART,KAUR  LAKHVIR,WEST SACRAMENTO,Yolo,CA,95691-5420,3360 JEFFERSON BLVD,21,00426455,28-FEB-2027
STATE FOOD SUPERMARKET,STATE FOOD SUPERMARKET,WESTFOODS SUPERMARKETS CORP.,WEST SACRAMENTO,Yolo,CA,95605,940 SACRAMENTO AVE,20,00638617,31-AUG-2026
STREETS OF LONDON PUB,STREETS OF LONDON PUB,BAXTER  IAN PARK,WEST SACRAMENTO,Yolo,CA,95691,2200 LAKE WASHINGTON BLVD,47,00518417,31-JUL-2026
TACO TUESDAYS,TACO TUESDAYS,AGUAYO RESTAURANT GROUP INC,WEST SACRAMENTO,Yolo,CA,95605-1629,715 HARBOR POINTE PL,41,00606012,31-JUL-2026
TREEHOUSE CAFE,TREEHOUSE CAFE,TREEHOUSE CAFE LLC,WEST SACRAMENTO,Yolo,CA,95605-2810,630 3RD ST,47,00642952,31-JUL-2026
TSUKI SUSHI,TSUKI SUSHI,DUONG  MICHAEL SAP,WEST SACRAMENTO,Yolo,CA,95691,2210 LAKE WASHINGTON BLVD,41,00470807,30-SEP-2026
VIENTIANE RESTAURANT,VIENTIANE RESTAURANT,SISOMMOUT  DARIPHONE,WEST SACRAMENTO,Yolo,CA,95691,1001 JEFFERSON BLVD,41,00455352,31-OCT-2026
WEST SAC SPORTS BAR & GRILL,WEST SAC SPORTS BAR & GRILL,MORRIS  BARBARA ANN,WEST SACRAMENTO,Yolo,CA,95691,3340 JEFFERSON BLVD,47,00667887,30-APR-2027
YOUNGS MARKET COMPANY LLC,,YOUNGS MARKET COMPANY LLC,WEST SACRAMENTO,Yolo,CA,95691-6518,3620 INDUSTRIAL BLVD,17,00540193,
YOUNGS MARKET COMPANY LLC,,YOUNGS MARKET COMPANY LLC,WEST SACRAMENTO,Yolo,CA,95691-6518,3620 INDUSTRIAL BLVD,18,00540193,
YOUNGS MARKET COMPANY LLC,,YOUNGS MARKET COMPANY LLC,WEST SACRAMENTO,Yolo,CA,95691-6518,3620 INDUSTRIAL BLVD,09,00540193,
YOUNGS MARKET COMPANY LLC,,YOUNGS MARKET COMPANY LLC,WEST SACRAMENTO,Yolo,CA,95691-6518,3620 INDUSTRIAL BLVD,12,00540193,
YOUNGS MARKET COMPANY LLC,,YOUNGS MARKET COMPANY LLC,WEST SACRAMENTO,Yolo,CA,95691-6518,3620 INDUSTRIAL BLVD,17,00540193,
YOUNGS MARKET COMPANY LLC,,YOUNGS MARKET COMPANY LLC,WEST SACRAMENTO,Yolo,CA,95691-6518,3620 INDUSTRIAL BLVD,18,00540193,
YOUNGS MARKET COMPANY LLC,,YOUNGS MARKET COMPANY LLC,WEST SACRAMENTO,Yolo,CA,95691-6518,3620 INDUSTRIAL BLVD,09,00540193,
YOUNGS MARKET COMPANY LLC,,YOUNGS MARKET COMPANY LLC,WEST SACRAMENTO,Yolo,CA,95691-6518,3620 INDUSTRIAL BLVD,12,00540193,
BURGER BROS,BURGER BROS,BURGER BROS LLC,WINTERS,Yolo,CA,95694-1722,43 MAIN ST,41,00668841,30-JUN-2026
LA MEXICANA,LA MEXICANA,ARCE  BALDOMERO,WINTERS,Yolo,CA,95694,106 MAIN ST,20,00304257,31-MAY-2027
OPHIOLITE CELLARS/ OPHIOLITE WINE CELLARS,OPHIOLITE CELLARS/ OPHIOLITE WINE CELLARS,SALENGO LEE  NICOLE LEIGH,WINTERS,Yolo,CA,95694-9089,29065 COUNTY ROAD 87,20,00661991,31-OCT-2026
OPHIOLITE CELLARS/ OPHIOLITE WINE CELLARS,OPHIOLITE CELLARS/ OPHIOLITE WINE CELLARS,SALENGO LEE  NICOLE LEIGH,WINTERS,Yolo,CA,95694-9089,29065 COUNTY ROAD 87,17,00661991,31-OCT-2026
PEEKABOO HILLS WINERY,PEEKABOO HILLS WINERY,TURKOVICH FAMILY WINES LLC,WINTERS,Yolo,CA,95694-1725,304 RAILROAD AVE,02,00482452,30-JUN-2027
PEEKABOO HILLS WINERY,PEEKABOO HILLS WINERY,TURKOVICH FAMILY WINES LLC,WINTERS,Yolo,CA,95694,30471 BUCKEYE RD,02,00525191,30-JUN-2027
PIZZA FACTORY,PIZZA FACTORY,WINPF INC,WINTERS,Yolo,CA,95694-1931,108 MAIN ST,41,00640039,31-AUG-2026
PUTAH CREEK CAFE,PUTAH CREEK CAFE,BUCKHORN CAFE INC,WINTERS,Yolo,CA,95694-1722,1 MAIN ST,47,00226932,30-JUN-2026
ROUND TABLE PIZZA WINTERS,ROUND TABLE PIZZA WINTERS,MELLO-YOUNT INC,WINTERS,Yolo,CA,95694-1780,196 E GRANT AVE,41,00519057,28-FEB-2027
TIENDA LIQUOR,TIENDA LIQUOR,GHOTRAS RETAIL CORP.,WINTERS,Yolo,CA,95694,44 MAIN ST,21,00671617,31-OCT-2026
TOWN & COUNTRY MARKET,TOWN & COUNTRY MARKET,L. AND S. ENTERPRISES  INC.,WINTERS,Yolo,CA,95694,121 E GRANT AVE,21,00175243,31-MAR-2027
WINTERS WINE & LIQUOR,WINTERS WINE & LIQUOR,WINTERS WINE & LIQUOR  LLC,WINTERS,Yolo,CA,95694-1780,192 E GRANT AVE,21,00656475,30-APR-2027
WINTERS WINE CO,WINTERS WINE CO,WINTERS WINERY,WINTERS,Yolo,CA,95694-1723,22 MAIN ST,02,00505176,30-JUN-2026
ALGER VINEYARDS & WINERY,ALGER VINEYARDS & WINERY,ALGER  JOHN HOUSTON,WOODLAND,Yolo,CA,95776,2070 E MAIN ST,02,00432670,30-JUN-2027
APPLEBEES NEIGHBORHOOD GRILL & BAR,APPLEBEES NEIGHBORHOOD GRILL & BAR,APPLE NORCAL LLC,WOODLAND,Yolo,CA,95776-6223,1790 E MAIN ST,47,00483566,30-NOV-2026
BARAJA'S DELI AND GRILL,BARAJA'S DELI AND GRILL,NAVARRO BARAJAS  GUADALUPE,WOODLAND,Yolo,CA,95776-4980,825 E ST,41,00676490,28-FEB-2027
BOBS LIQUORS WOODLAND,BOBS LIQUORS WOODLAND,AASIM CORPORATION,WOODLAND,Yolo,CA,95695-3615,632 COTTONWOOD ST,21,00538017,30-NOV-2026
BROWNS CORNER BAR & GRILL,BROWNS CORNER BAR & GRILL,BROWNS CORNER BAR & GRILL LLC,WOODLAND,Yolo,CA,95695-3690,392 W MAIN ST,47,00459910,
BURGER SALOON THE,BURGER SALOON THE,WOODLAND EATS PARTNERS LLC,WOODLAND,Yolo,CA,95695-3971,601 MAIN ST,47,00517879,
BURGER SALOON THE,BURGER SALOON THE,WOODLAND EATS PARTNERS LLC,WOODLAND,Yolo,CA,95695-3971,601 MAIN ST,47,00517879,28-FEB-2027
BURGER SALOON THE,BURGER SALOON THE,WOODLAND EATS PARTNERS LLC,WOODLAND,Yolo,CA,95695-3971,601 MAIN ST,58,00517879,28-FEB-2027
BURGER SALOON THE,BURGER SALOON THE,WOODLAND EATS PARTNERS LLC,WOODLAND,Yolo,CA,95695-3971,601 MAIN ST,58,00517879,
CAFE COURT AT NUGGET MARKET,CAFE COURT AT NUGGET MARKET,NUGGET MARKET INC,WOODLAND,Yolo,CA,95695,157 MAIN ST A,41,00386550,
CANTINAS LOS PRIMOS TACOS Y CERVEZA,CANTINAS LOS PRIMOS TACOS Y CERVEZA,LIRA  ROSARIO,WOODLAND,Yolo,CA,95695-3690,392 W MAIN ST,47,00632851,31-JAN-2027
CANTINAS LOS PRIMOS TACOS Y CERVEZA,CANTINAS LOS PRIMOS TACOS Y CERVEZA,LIRA  ROSARIO,WOODLAND,Yolo,CA,95695-3690,392 W MAIN ST,77,00632851,31-JAN-2027
CHAMOS KITCHEN,CHAMOS KITCHEN,CHAMOS KITCHEN LLC,WOODLAND,Yolo,CA,95776,1810 E MAIN ST,41,00676405,30-APR-2027
CHIPOTLE MEXICAN GRILL STORE #4882,CHIPOTLE MEXICAN GRILL STORE #4882,CHIPOTLE MEXICAN GRILL INC,WOODLAND,Yolo,CA,95776-6201,1460 E MAIN ST,41,00661827,31-DEC-2026
CORKWOOD RESTAURANT,CORKWOOD RESTAURANT,NAGASOKO LLC,WOODLAND,Yolo,CA,95695-2913,117 W COURT ST,41,00678651,31-MAY-2027
CRACCHIOLOS MARKET,CRACCHIOLOS MARKET,CRACCHIOLO  BETTY L,WOODLAND,Yolo,CA,95776,1320 E MAIN ST,21,00037388,31-AUG-2026
CVS PHARMACY STORE 9180,CVS PHARMACY STORE 9180,GARFIELD BEACH CVS LLC,WOODLAND,Yolo,CA,95695-3015,SEVEN W MAIN ST,21,00477753,31-MAY-2027
EL CHARRO MEXICAN RESTAURANT INC,EL CHARRO MEXICAN RESTAURANT INC,EL CHARRO MEXICAN RESTAURANT INC,WOODLAND,Yolo,CA,95695-3431,415 & 417 MAIN ST,47,00672259,31-JAN-2027
EL PAISANO TAQUERIA & RESTAURANT,EL PAISANO TAQUERIA & RESTAURANT,AFRIDI  MOHAMMAD ARIF,WOODLAND,Yolo,CA,95776-6201,1490 E MAIN ST,41,00667839,31-JUL-2026
EL TORITO MEAT MARKET,EL TORITO MEAT MARKET,CARRILLO  ALFONSO LOMELI,WOODLAND,Yolo,CA,95776,725 EAST ST,20,00345256,31-OCT-2026
FATHER PADDY'S LOCAL IRISH PUBLIC HOUSE,FATHER PADDY'S LOCAL IRISH PUBLIC HOUSE,FATHER PADDYS LOCAL IRISH PUB INC,WOODLAND,Yolo,CA,95695-3431,435 MAIN ST,47,00563935,31-DEC-2026
FATHER PADDY'S LOCAL IRISH PUBLIC HOUSE,FATHER PADDY'S LOCAL IRISH PUBLIC HOUSE,FATHER PADDYS LOCAL IRISH PUB INC,WOODLAND,Yolo,CA,95695-3431,435 MAIN ST,58,00563935,31-DEC-2026
FATHER PADDY'S LOCAL IRISH PUBLIC HOUSE,FATHER PADDY'S LOCAL IRISH PUBLIC HOUSE,FATHER PADDYS LOCAL IRISH PUB INC,WOODLAND,Yolo,CA,95695-3431,435 MAIN ST,77,00563935,31-DEC-2026
FRENCHYS LIQUOR,FRENCHYS LIQUOR,FRENCHYS LIQUOR,WOODLAND,Yolo,CA,95776,1435 EAST ST UNIT A,21,00424154,30-APR-2027
GOLDEN DRAGON RESTAURANT,GOLDEN DRAGON RESTAURANT,CHIAO FAMILY  INC,WOODLAND,Yolo,CA,95695,353 W MAIN ST,41,00551305,30-NOV-2026
GOODNIGHT CLUB  THE,GOODNIGHT CLUB  THE,NIGHTCAP ENTERPRISES LLC,WOODLAND,Yolo,CA,95695-3452,524 MAIN ST,57,00655937,30-JUN-2026
HOLLYWOOD MARKET,HOLLYWOOD MARKET,KAUR  JASVEER,WOODLAND,Yolo,CA,95695,1321 COLLEGE ST,21,00432998,30-NOV-2026
IGUANAS MEXICAN GRILL,IGUANAS MEXICAN GRILL,AFRIDI  JAHID A,WOODLAND,Yolo,CA,95776-5169,1849 E GIBSON RD,41,00455785,31-DEC-2026
JINJU SUSHI,JINJU SUSHI,JINJU SUSHI  INC.,WOODLAND,Yolo,CA,95776-4905,467 PIONEER AVE,41,00596792,30-SEP-2026
JUDYS HAMBURGER & GRINDER,JUDYS HAMBURGER & GRINDER,SEO  DONG BOK,WOODLAND,Yolo,CA,95695,286 W MAIN ST,41,00406788,31-DEC-2026
KENNYS BAR & GRILL,KENNYS BAR & GRILL,KINSER  CHRISTINE MARGARET,WOODLAND,Yolo,CA,95776-4144,721 EAST ST,48,00676216,31-MAR-2027
KENNYS BAR & GRILL,KENNYS BAR & GRILL,KINSER  CHRISTINE MARGARET,WOODLAND,Yolo,CA,95776-4144,721 EAST ST,77,00676216,31-MAR-2027
KENNYS BAR & GRILL,KENNYS BAR & GRILL,KINSER  CHRISTINE MARGARET,WOODLAND,Yolo,CA,95776-4144,721 EAST ST,58,00676216,31-MAR-2027
MAIN STREET MARKET,MAIN STREET MARKET,MG TRADERS,WOODLAND,Yolo,CA,95776-9575,2000 E MAIN ST,21,00542990,
MAIN STREET MARKET,MAIN STREET MARKET,SHERALI GROCERY COMPANY INC.,WOODLAND,Yolo,CA,95776-9575,2000 E MAIN ST,21,00579353,30-APR-2027
MOD PIZZA,MOD PIZZA,EXCEED G1 LLC,WOODLAND,Yolo,CA,95776-5443,2051 BRONZE STAR DR,41,00665082,28-FEB-2027
MOJOS KITCHEN 428,MOJOS KITCHEN 428,MOJOS-KITCHEN428 L-PSHIP,WOODLAND,Yolo,CA,95695-4024,428-1/2-430 FIRST ST,47,00515800,31-AUG-2026
MOJOS KITCHEN 428,MOJOS KITCHEN 428,MOJOS-KITCHEN428 L-PSHIP,WOODLAND,Yolo,CA,95695-4024,428-1/2-430 FIRST ST,47,00515800,31-AUG-2026
MOJOS KITCHEN 428,MOJOS KITCHEN 428,MOJOS-KITCHEN428 L-PSHIP,WOODLAND,Yolo,CA,95695-4024,428-1/2-430 FIRST ST,58,00515800,31-AUG-2026
MOUNTAIN MIKE'S PIZZA,MOUNTAIN MIKE'S PIZZA,MANN & BENIPAL PIZZA  INC.,WOODLAND,Yolo,CA,95695-2945,171 W MAIN ST,41,00632503,28-FEB-2027
NEW YORK PIZZA PIE,NEW YORK PIZZA PIE,KULARZ INC,WOODLAND,Yolo,CA,95776-6369,1495 EAST ST,41,00592400,30-APR-2027
NUGGET MARKET,NUGGET MARKET,NUGGET MARKET INC,WOODLAND,Yolo,CA,95695,157 MAIN ST,21,00029881,
NUGGET MARKET,NUGGET MARKET,NUGGET MARKET INC,WOODLAND,Yolo,CA,95695,157 MAIN ST,86,00029881,
NUGGET MARKET,NUGGET MARKET,NUGGET MARKET INC,WOODLAND,Yolo,CA,95695,157 MAIN ST,21,00029881,
NUGGET MARKET,NUGGET MARKET,NUGGET MARKET INC,WOODLAND,Yolo,CA,95695,157 MAIN ST,21,00029881,28-FEB-2027
NUGGET MARKET,NUGGET MARKET,NUGGET MARKET INC,WOODLAND,Yolo,CA,95695,157 MAIN ST A,41,00386550,30-APR-2027
NUGGET MARKET,NUGGET MARKET,NUGGET MARKET INC,WOODLAND,Yolo,CA,95695,157 MAIN ST,86,00029881,28-FEB-2027
OSAKA SUSHI JAPANESE RESTAURANT,OSAKA SUSHI JAPANESE RESTAURANT,JASON HOANG HOLDINGS  INC.,WOODLAND,Yolo,CA,95695-3405,608 MAIN ST,47,00630266,31-DEC-2026
PIZZA FACTORY,PIZZA FACTORY,GREEN ELEPHANT VENTURES LLC,WOODLAND,Yolo,CA,95695-6828,353 W MAIN ST,41,00673384,30-NOV-2026
PIZZA TWIST,PIZZA TWIST,EK NIRANKAR LLC,WOODLAND,Yolo,CA,95776-5618,2115 BRONZE STAR DR,41,00659257,31-JUL-2026
QUIK STOP MARKET 147,QUIK STOP MARKET 147,QUIK STOP MARKETS INC,WOODLAND,Yolo,CA,95776,1400 E MAIN ST,21,00582048,30-JUN-2027
QUIK STOP MARKET 4143,QUIK STOP MARKET 4143,QUIK STOP MARKETS INC,WOODLAND,Yolo,CA,95695,10 KENTUCKY AVE,21,00407571,30-JUN-2027
RED ROBIN BURGER & SPIRITS EMPORIUMS,RED ROBIN BURGER & SPIRITS EMPORIUMS,RED ROBIN BURGER & SPIRITS EMPORIUMS,WOODLAND,Yolo,CA,95776,2031 BRONZE STAR DR,47,00504639,28-FEB-2027
ROMEY'S LIQUOR,ROMEY'S LIQUOR,SAHOTA  DEVINDER SINGH,WOODLAND,Yolo,CA,95695-3177,9 MAIN ST,21,00526228,31-JAN-2027
ROUND TABLE PIZZA,ROUND TABLE PIZZA,EXCALIBUR PIZZA LLC,WOODLAND,Yolo,CA,95776,421 PIONEER AVE,41,00372023,31-DEC-2026
SAKURA JAPANESE STEAKHOUSE AND SUSHI,SAKURA JAPANESE STEAKHOUSE AND SUSHI,SAKURA JAPANESE STEAKHOUSE AND SUSHI INC,WOODLAND,Yolo,CA,95695-2900,201 W COURT ST,47,00585769,31-JAN-2027
SAVORY CAFE,SAVORY CAFE,BARAJAS  JUAN C,WOODLAND,Yolo,CA,95695-6507,722 MAIN ST,41,00623244,31-AUG-2026
SOL MEXICAN CUISINE,SOL MEXICAN CUISINE,OCHOA VENTURES CORP,WOODLAND,Yolo,CA,95695-9419,375 W MAIN ST,47,00537748,31-JAN-2027
SPROUTS FARMERS MARKET #453,SPROUTS FARMERS MARKET #453,SF MARKETS LLC,WOODLAND,Yolo,CA,95776,1430 E MAIN ST,20,00633381,30-SEP-2026
STEVES PIZZA,STEVES PIZZA,RC PIZZA INC,WOODLAND,Yolo,CA,95695-3407,714 MAIN ST,41,00473637,30-NOV-2026
TACO JOE CAFE,TACO JOE CAFE,TAQUERIA LOS MEJORES LLC,WOODLAND,Yolo,CA,95695-2996,374 CALIFORNIA ST,41,00668892,31-AUG-2026
TACOS EL JALISCIENCE INC,TACOS EL JALISCIENCE INC,TACOS EL JALISCIENCE INC.,WOODLAND,Yolo,CA,95776-3534,1231 E MAIN ST,41,00603439,30-APR-2027
THAI PEPPER,THAI PEPPER,THAI PEPPER LLC,WOODLAND,Yolo,CA,95695-3527,808 MAIN ST,41,00653211,31-DEC-2026
TREASURE DRAGON RESTAURANT,TREASURE DRAGON RESTAURANT,WILSON CHINESE RESTAURANT INC,WOODLAND,Yolo,CA,95776-6233,1780 E MAIN ST,41,00626333,31-MAY-2027
WAL MART STORE 2190,WAL MART STORE 2190,WALMART INC.,WOODLAND,Yolo,CA,95776-6223,1720 E MAIN ST,21,00504090,30-JUN-2027
WALMART NEIGHBORHOOD MARKET #4127,WALMART NEIGHBORHOOD MARKET #4127,WALMART INC.,WOODLAND,Yolo,CA,95695-2910,215 CALIFORNIA ST,21,00541493,30-JUN-2027
WALMART NEIGHBORHOOD MARKET 5606,WALMART NEIGHBORHOOD MARKET 5606,WALMART INC.,WOODLAND,Yolo,CA,95776-6315,1250 E GIBSON RD,21,00532662,30-JUN-2027
WALMART NEIGHBORHOOD MARKET 5606,WALMART NEIGHBORHOOD MARKET 5606,WALMART INC.,WOODLAND,Yolo,CA,95776-6315,1250 E GIBSON RD,86,00532662,30-JUN-2027
YOLO FLIERS CLUB,,YOLO FLIERS CLUB,WOODLAND,Yolo,CA,95695,MADISON HWY 5 MI W OF,57,00018597,31-JUL-2027
ZITIO BAR & GRILL,ZITIO BAR & GRILL,TAMAYO  JULIO,WOODLAND,Yolo,CA,95776-3309,11 EAST ST,47,00449478,30-APR-2027
ZITIO BAR & GRILL,ZITIO BAR & GRILL,TAMAYO  JULIO,WOODLAND,Yolo,CA,95776-3309,11 EAST ST,58,00449478,30-APR-2027
YOLO MINI MART,YOLO MINI MART,DK MARKET AND DELI INC,YOLO,Yolo,CA,95697,14212 1ST ST,21,00607167,31-JUL-2027
BARIANI OLIVE OIL,BARIANI OLIVE OIL,BARIANI OLIVE OIL  LLC,ZAMORA,Yolo,CA,95698,30400 COUNTY ROAD 16,12,00632921,30-SEP-2026
BARIANI OLIVE OIL,BARIANI OLIVE OIL,BARIANI OLIVE OIL  LLC,ZAMORA,Yolo,CA,95698,30400 COUNTY ROAD 16,07,00632921,30-SEP-2026
CREW WINE COMPANY,CREW WINE COMPANY,CREW WINE COMPANY LLC,ZAMORA,Yolo,CA,95698,12300 COUNTY RD,02,00471455,30-JUN-2027
CREW WINE COMPANY,CREW WINE COMPANY,CREW WINE COMPANY LLC,ZAMORA,Yolo,CA,95698,12300 COUNTY RD,09,00471455,30-JUN-2027
CREW WINE COMPANY,CREW WINE COMPANY,CREW WINE COMPANY LLC,ZAMORA,Yolo,CA,95698,12300 COUNTY RD,81,00471455,30-JUN-2027
ZAMORA MINI MARKET  INC,ZAMORA MINI MARKET  INC,ZAMORA MINI MARKET  INC.,ZAMORA,Yolo,CA,95698,9920 COUNTY RD 99W,20,00587484,31-AUG-2026
