solid OpenSCAD_Model
  facet normal 0 0 1
    outer loop
      vertex 17.2987 23.9909 3
      vertex 18.0566 11.3645 3
      vertex 21.1624 22.9556 3
    endloop
  endfacet
  facet normal 0 0 1
    outer loop
      vertex 18.0566 11.3645 3
      vertex 17.2987 23.9909 3
      vertex 14.1929 12.3998 3
    endloop
  endfacet
  facet normal -0.258865 -0.965914 0
    outer loop
      vertex 14.5 12.3175 2
      vertex 15.5 12.0495 2.25
      vertex 14.5 12.3175 2.25
    endloop
  endfacet
  facet normal -0.258865 -0.965914 -0
    outer loop
      vertex 15.5 12.0495 2.25
      vertex 14.5 12.3175 2
      vertex 15.5 12.0495 2
    endloop
  endfacet
  facet normal -0.258857 -0.965916 0
    outer loop
      vertex 14.5 12.3175 2.25
      vertex 14.1929 12.3998 3
      vertex 14.1929 12.3998 2.25
    endloop
  endfacet
  facet normal -0.258865 -0.965914 -3.60608e-06
    outer loop
      vertex 15.5 12.0495 2.25
      vertex 14.1929 12.3998 3
      vertex 14.5 12.3175 2.25
    endloop
  endfacet
  facet normal -0.258825 -0.965924 7.11599e-05
    outer loop
      vertex 14.1929 12.3998 3
      vertex 15.5 12.0495 2.25
      vertex 18.0566 11.3645 3
    endloop
  endfacet
  facet normal -0.258805 -0.96593 -0
    outer loop
      vertex 18.0566 11.3645 3
      vertex 15.5 12.0495 2.25
      vertex 18.0566 11.3645 2.25
    endloop
  endfacet
  facet normal -0.258825 -0.965924 0
    outer loop
      vertex 14.1929 12.3998 -3
      vertex 18.0566 11.3645 -2
      vertex 14.1929 12.3998 -2
    endloop
  endfacet
  facet normal -0.258825 -0.965924 -0
    outer loop
      vertex 18.0566 11.3645 -2
      vertex 14.1929 12.3998 -3
      vertex 18.0566 11.3645 -3
    endloop
  endfacet
  facet normal -0.965925 0.258822 0
    outer loop
      vertex 15.5 17.2779 2
      vertex 14.5 13.5459 2
      vertex 15.5 17.2779 2.25
    endloop
  endfacet
  facet normal -0.965929 0.258806 0
    outer loop
      vertex 17.2987 23.9909 -3
      vertex 16.2294 20 -2
      vertex 17.2987 23.9909 3
    endloop
  endfacet
  facet normal -0.965926 0.258817 4.78326e-05
    outer loop
      vertex 14.1929 12.3998 -3
      vertex 16.2294 20 -2
      vertex 17.2987 23.9909 -3
    endloop
  endfacet
  facet normal -0.965925 0.258823 0
    outer loop
      vertex 16.2294 20 -2
      vertex 14.1929 12.3998 -3
      vertex 14.1929 12.3998 -2
    endloop
  endfacet
  facet normal -0.965929 0.258806 0
    outer loop
      vertex 16.2294 20 2
      vertex 17.2987 23.9909 3
      vertex 16.2294 20 -2
    endloop
  endfacet
  facet normal -0.965914 0.258865 0
    outer loop
      vertex 16.0954 19.5 2.25
      vertex 16.2294 20 2
      vertex 16.0954 19.5 2
    endloop
  endfacet
  facet normal -0.965924 0.258826 -8.42275e-05
    outer loop
      vertex 16.2294 20 2
      vertex 16.0954 19.5 2.25
      vertex 17.2987 23.9909 3
    endloop
  endfacet
  facet normal -0.965927 0.258815 -1.67675e-05
    outer loop
      vertex 15.5 17.2779 2.25
      vertex 17.2987 23.9909 3
      vertex 16.0954 19.5 2.25
    endloop
  endfacet
  facet normal -0.965925 0.258822 0
    outer loop
      vertex 14.5 13.5459 2.25
      vertex 15.5 17.2779 2.25
      vertex 14.5 13.5459 2
    endloop
  endfacet
  facet normal -0.965925 0.258822 9.6627e-07
    outer loop
      vertex 14.1929 12.3998 3
      vertex 15.5 17.2779 2.25
      vertex 14.5 13.5459 2.25
    endloop
  endfacet
  facet normal -0.965925 0.258822 0
    outer loop
      vertex 14.1929 12.3998 3
      vertex 14.5 13.5459 2.25
      vertex 14.1929 12.3998 2.25
    endloop
  endfacet
  facet normal -0.965926 0.258817 -3.59812e-05
    outer loop
      vertex 15.5 17.2779 2.25
      vertex 14.1929 12.3998 3
      vertex 17.2987 23.9909 3
    endloop
  endfacet
  facet normal 0 0 -1
    outer loop
      vertex 18.0566 11.3645 -3
      vertex 17.2987 23.9909 -3
      vertex 21.1624 22.9556 -3
    endloop
  endfacet
  facet normal 0 -0 -1
    outer loop
      vertex 17.2987 23.9909 -3
      vertex 18.0566 11.3645 -3
      vertex 14.1929 12.3998 -3
    endloop
  endfacet
  facet normal 0.96593 -0.258804 0
    outer loop
      vertex 21.1624 22.9556 3
      vertex 20.3705 20 2
      vertex 21.1624 22.9556 -3
    endloop
  endfacet
  facet normal 0.965923 -0.258828 7.82781e-05
    outer loop
      vertex 21.1624 22.9556 3
      vertex 20.2365 19.5 2.25
      vertex 20.3705 20 2
    endloop
  endfacet
  facet normal 0.965926 -0.258817 2.25545e-05
    outer loop
      vertex 18.0566 11.3645 3
      vertex 20.2365 19.5 2.25
      vertex 21.1624 22.9556 3
    endloop
  endfacet
  facet normal 0.965926 -0.258819 0
    outer loop
      vertex 20.2365 19.5 2.25
      vertex 18.0566 11.3645 3
      vertex 18.0566 11.3645 2.25
    endloop
  endfacet
  facet normal 0.96593 -0.258804 0
    outer loop
      vertex 20.3705 20 -2
      vertex 21.1624 22.9556 -3
      vertex 20.3705 20 2
    endloop
  endfacet
  facet normal 0.965925 -0.258822 0
    outer loop
      vertex 18.0566 11.3645 -3
      vertex 20.3705 20 -2
      vertex 18.0566 11.3645 -2
    endloop
  endfacet
  facet normal 0.965926 -0.258817 -4.25326e-05
    outer loop
      vertex 20.3705 20 -2
      vertex 18.0566 11.3645 -3
      vertex 21.1624 22.9556 -3
    endloop
  endfacet
  facet normal 0.965914 -0.258865 0
    outer loop
      vertex 20.3705 20 2
      vertex 20.2365 19.5 2.25
      vertex 20.2365 19.5 2
    endloop
  endfacet
  facet normal 0.258825 0.965924 -0
    outer loop
      vertex 21.1624 22.9556 -3
      vertex 17.2987 23.9909 3
      vertex 21.1624 22.9556 3
    endloop
  endfacet
  facet normal 0.258825 0.965924 0
    outer loop
      vertex 17.2987 23.9909 3
      vertex 21.1624 22.9556 -3
      vertex 17.2987 23.9909 -3
    endloop
  endfacet
  facet normal 0 0 1
    outer loop
      vertex -22.9556 21.1624 3
      vertex -12.3998 14.1929 3
      vertex -11.3645 18.0566 3
    endloop
  endfacet
  facet normal 0 0 1
    outer loop
      vertex -12.3998 14.1929 3
      vertex -22.9556 21.1624 3
      vertex -23.9909 17.2987 3
    endloop
  endfacet
  facet normal 0.965924 -0.258825 0
    outer loop
      vertex -12.3998 14.1929 3
      vertex -11.3645 18.0566 2.25
      vertex -11.3645 18.0566 3
    endloop
  endfacet
  facet normal 0.965924 -0.258825 0
    outer loop
      vertex -11.3645 18.0566 2.25
      vertex -12.3998 14.1929 3
      vertex -12.3998 14.1929 2.25
    endloop
  endfacet
  facet normal 0.965924 -0.258825 0
    outer loop
      vertex -12.3998 14.1929 -2
      vertex -11.3645 18.0566 -3
      vertex -11.3645 18.0566 -2
    endloop
  endfacet
  facet normal 0.965924 -0.258825 0
    outer loop
      vertex -11.3645 18.0566 -3
      vertex -12.3998 14.1929 -2
      vertex -12.3998 14.1929 -3
    endloop
  endfacet
  facet normal 0 0 -1
    outer loop
      vertex -12.3998 14.1929 -3
      vertex -22.9556 21.1624 -3
      vertex -11.3645 18.0566 -3
    endloop
  endfacet
  facet normal 0 -0 -1
    outer loop
      vertex -22.9556 21.1624 -3
      vertex -12.3998 14.1929 -3
      vertex -23.9909 17.2987 -3
    endloop
  endfacet
  facet normal 0.258821 0.965925 0
    outer loop
      vertex -11.3645 18.0566 -2
      vertex -11.3645 18.0566 -3
      vertex -18.6173 20 -2
    endloop
  endfacet
  facet normal 0.258775 0.965938 -0
    outer loop
      vertex -14.5 18.8968 2
      vertex -15.5 19.1647 2.25
      vertex -14.5 18.8968 2.25
    endloop
  endfacet
  facet normal 0.258775 0.965938 0
    outer loop
      vertex -15.5 19.1647 2.25
      vertex -14.5 18.8968 2
      vertex -15.5 19.1647 2
    endloop
  endfacet
  facet normal 0.258832 0.965922 0
    outer loop
      vertex -14.5 18.8968 2.25
      vertex -11.3645 18.0566 3
      vertex -11.3645 18.0566 2.25
    endloop
  endfacet
  facet normal 0.258775 0.965938 0.000257004
    outer loop
      vertex -15.5 19.1647 2.25
      vertex -11.3645 18.0566 3
      vertex -14.5 18.8968 2.25
    endloop
  endfacet
  facet normal 0.25883 0.965923 -6.95977e-05
    outer loop
      vertex -16.7513 19.5 2.25
      vertex -11.3645 18.0566 3
      vertex -15.5 19.1647 2.25
    endloop
  endfacet
  facet normal 0.258817 0.965926 3.00334e-05
    outer loop
      vertex -11.3645 18.0566 3
      vertex -16.7513 19.5 2.25
      vertex -22.9556 21.1624 3
    endloop
  endfacet
  facet normal 0.258822 0.965925 0
    outer loop
      vertex -18.6173 20 2
      vertex -16.7513 19.5 2.25
      vertex -16.7513 19.5 2
    endloop
  endfacet
  facet normal 0.258818 0.965926 3.65344e-05
    outer loop
      vertex -16.7513 19.5 2.25
      vertex -18.6173 20 2
      vertex -22.9556 21.1624 3
    endloop
  endfacet
  facet normal 0.25881 0.965928 -0
    outer loop
      vertex -18.6173 20 -2
      vertex -22.9556 21.1624 3
      vertex -18.6173 20 2
    endloop
  endfacet
  facet normal 0.25881 0.965928 0
    outer loop
      vertex -18.6173 20 -2
      vertex -22.9556 21.1624 -3
      vertex -22.9556 21.1624 3
    endloop
  endfacet
  facet normal 0.258817 0.965926 -3.3125e-05
    outer loop
      vertex -22.9556 21.1624 -3
      vertex -18.6173 20 -2
      vertex -11.3645 18.0566 -3
    endloop
  endfacet
  facet normal -0.258775 -0.965938 0
    outer loop
      vertex -15.5 15.0236 2
      vertex -14.5 14.7557 2.25
      vertex -15.5 15.0236 2.25
    endloop
  endfacet
  facet normal -0.258775 -0.965938 -0
    outer loop
      vertex -14.5 14.7557 2.25
      vertex -15.5 15.0236 2
      vertex -14.5 14.7557 2
    endloop
  endfacet
  facet normal -0.258816 -0.965927 0
    outer loop
      vertex -15.5 15.0236 2.25
      vertex -23.9909 17.2987 3
      vertex -23.9909 17.2987 2.25
    endloop
  endfacet
  facet normal -0.258817 -0.965926 -1.39567e-05
    outer loop
      vertex -23.9909 17.2987 3
      vertex -15.5 15.0236 2.25
      vertex -12.3998 14.1929 3
    endloop
  endfacet
  facet normal -0.258775 -0.965938 -0.000201456
    outer loop
      vertex -14.5 14.7557 2.25
      vertex -12.3998 14.1929 3
      vertex -15.5 15.0236 2.25
    endloop
  endfacet
  facet normal -0.258842 -0.96592 -0
    outer loop
      vertex -12.3998 14.1929 3
      vertex -14.5 14.7557 2.25
      vertex -12.3998 14.1929 2.25
    endloop
  endfacet
  facet normal -0.258817 -0.965926 0
    outer loop
      vertex -23.9909 17.2987 -3
      vertex -12.3998 14.1929 -2
      vertex -23.9909 17.2987 -2
    endloop
  endfacet
  facet normal -0.258817 -0.965926 -0
    outer loop
      vertex -12.3998 14.1929 -2
      vertex -23.9909 17.2987 -3
      vertex -12.3998 14.1929 -3
    endloop
  endfacet
  facet normal -0.965918 0.258847 0
    outer loop
      vertex -22.9556 21.1624 -3
      vertex -23.2671 20 -2
      vertex -22.9556 21.1624 3
    endloop
  endfacet
  facet normal -0.965924 0.258825 -2.74575e-05
    outer loop
      vertex -23.9909 17.2987 -3
      vertex -23.2671 20 -2
      vertex -22.9556 21.1624 -3
    endloop
  endfacet
  facet normal -0.965927 0.258815 0
    outer loop
      vertex -23.2671 20 -2
      vertex -23.9909 17.2987 -3
      vertex -23.9909 17.2987 -2
    endloop
  endfacet
  facet normal -0.965918 0.258847 0
    outer loop
      vertex -23.2671 20 2
      vertex -22.9556 21.1624 3
      vertex -23.2671 20 -2
    endloop
  endfacet
  facet normal -0.965962 0.258685 0
    outer loop
      vertex -23.401 19.5 2.25
      vertex -23.2671 20 2
      vertex -23.401 19.5 2
    endloop
  endfacet
  facet normal -0.965946 0.258744 0.000127848
    outer loop
      vertex -23.2671 20 2
      vertex -23.401 19.5 2.25
      vertex -22.9556 21.1624 3
    endloop
  endfacet
  facet normal -0.965919 0.258845 0
    outer loop
      vertex -23.9909 17.2987 3
      vertex -23.401 19.5 2.25
      vertex -23.9909 17.2987 2.25
    endloop
  endfacet
  facet normal -0.965924 0.258825 -6.358e-05
    outer loop
      vertex -23.401 19.5 2.25
      vertex -23.9909 17.2987 3
      vertex -22.9556 21.1624 3
    endloop
  endfacet
  facet normal -0.258825 -0.965924 0
    outer loop
      vertex -21.1624 -22.9556 -3
      vertex -17.2987 -23.9909 3
      vertex -21.1624 -22.9556 3
    endloop
  endfacet
  facet normal -0.258825 -0.965924 -0
    outer loop
      vertex -17.2987 -23.9909 3
      vertex -21.1624 -22.9556 -3
      vertex -17.2987 -23.9909 -3
    endloop
  endfacet
  facet normal 0 0 1
    outer loop
      vertex -18.0566 -11.3645 3
      vertex -17.2987 -23.9909 3
      vertex -14.1929 -12.3998 3
    endloop
  endfacet
  facet normal 0 0 1
    outer loop
      vertex -17.2987 -23.9909 3
      vertex -18.0566 -11.3645 3
      vertex -21.1624 -22.9556 3
    endloop
  endfacet
  facet normal 0 0 -1
    outer loop
      vertex -17.2987 -23.9909 -3
      vertex -18.0566 -11.3645 -3
      vertex -14.1929 -12.3998 -3
    endloop
  endfacet
  facet normal 0 -0 -1
    outer loop
      vertex -18.0566 -11.3645 -3
      vertex -17.2987 -23.9909 -3
      vertex -21.1624 -22.9556 -3
    endloop
  endfacet
  facet normal 0.258865 0.965914 -0
    outer loop
      vertex -14.5 -12.3175 2
      vertex -15.5 -12.0495 2.25
      vertex -14.5 -12.3175 2.25
    endloop
  endfacet
  facet normal 0.258865 0.965914 0
    outer loop
      vertex -15.5 -12.0495 2.25
      vertex -14.5 -12.3175 2
      vertex -15.5 -12.0495 2
    endloop
  endfacet
  facet normal 0.258857 0.965916 0
    outer loop
      vertex -14.5 -12.3175 2.25
      vertex -14.1929 -12.3998 3
      vertex -14.1929 -12.3998 2.25
    endloop
  endfacet
  facet normal 0.258865 0.965914 -3.60608e-06
    outer loop
      vertex -15.5 -12.0495 2.25
      vertex -14.1929 -12.3998 3
      vertex -14.5 -12.3175 2.25
    endloop
  endfacet
  facet normal 0.258825 0.965924 7.11599e-05
    outer loop
      vertex -14.1929 -12.3998 3
      vertex -15.5 -12.0495 2.25
      vertex -18.0566 -11.3645 3
    endloop
  endfacet
  facet normal 0.258805 0.96593 0
    outer loop
      vertex -18.0566 -11.3645 3
      vertex -15.5 -12.0495 2.25
      vertex -18.0566 -11.3645 2.25
    endloop
  endfacet
  facet normal 0.258825 0.965924 -0
    outer loop
      vertex -14.1929 -12.3998 -3
      vertex -18.0566 -11.3645 -2
      vertex -14.1929 -12.3998 -2
    endloop
  endfacet
  facet normal 0.258825 0.965924 0
    outer loop
      vertex -18.0566 -11.3645 -2
      vertex -14.1929 -12.3998 -3
      vertex -18.0566 -11.3645 -3
    endloop
  endfacet
  facet normal 0.965925 -0.258822 0
    outer loop
      vertex -14.1929 -12.3998 3
      vertex -14.5 -13.5459 2.25
      vertex -14.1929 -12.3998 2.25
    endloop
  endfacet
  facet normal 0.965925 -0.258822 0
    outer loop
      vertex -14.5 -13.5459 2.25
      vertex -15.5 -17.2779 2.25
      vertex -14.5 -13.5459 2
    endloop
  endfacet
  facet normal 0.965925 -0.258822 9.6627e-07
    outer loop
      vertex -14.1929 -12.3998 3
      vertex -15.5 -17.2779 2.25
      vertex -14.5 -13.5459 2.25
    endloop
  endfacet
  facet normal 0.965926 -0.258817 -3.59812e-05
    outer loop
      vertex -17.2987 -23.9909 3
      vertex -15.5 -17.2779 2.25
      vertex -14.1929 -12.3998 3
    endloop
  endfacet
  facet normal 0.965914 -0.258865 0
    outer loop
      vertex -16.0954 -19.5 2.25
      vertex -16.2294 -20 2
      vertex -16.0954 -19.5 2
    endloop
  endfacet
  facet normal 0.965929 -0.258806 0
    outer loop
      vertex -16.2294 -20 2
      vertex -17.2987 -23.9909 3
      vertex -16.2294 -20 -2
    endloop
  endfacet
  facet normal 0.965924 -0.258826 -8.42275e-05
    outer loop
      vertex -16.0954 -19.5 2.25
      vertex -17.2987 -23.9909 3
      vertex -16.2294 -20 2
    endloop
  endfacet
  facet normal 0.965927 -0.258815 -1.67675e-05
    outer loop
      vertex -15.5 -17.2779 2.25
      vertex -17.2987 -23.9909 3
      vertex -16.0954 -19.5 2.25
    endloop
  endfacet
  facet normal 0.965925 -0.258822 0
    outer loop
      vertex -14.5 -13.5459 2
      vertex -15.5 -17.2779 2.25
      vertex -15.5 -17.2779 2
    endloop
  endfacet
  facet normal 0.965925 -0.258823 0
    outer loop
      vertex -16.2294 -20 -2
      vertex -14.1929 -12.3998 -3
      vertex -14.1929 -12.3998 -2
    endloop
  endfacet
  facet normal 0.965926 -0.258817 4.78326e-05
    outer loop
      vertex -16.2294 -20 -2
      vertex -17.2987 -23.9909 -3
      vertex -14.1929 -12.3998 -3
    endloop
  endfacet
  facet normal 0.965929 -0.258806 0
    outer loop
      vertex -17.2987 -23.9909 -3
      vertex -16.2294 -20 -2
      vertex -17.2987 -23.9909 3
    endloop
  endfacet
  facet normal -0.965925 0.258822 0
    outer loop
      vertex -18.0566 -11.3645 -3
      vertex -20.3705 -20 -2
      vertex -18.0566 -11.3645 -2
    endloop
  endfacet
  facet normal -0.96593 0.258804 0
    outer loop
      vertex -20.3705 -20 -2
      vertex -21.1624 -22.9556 -3
      vertex -20.3705 -20 2
    endloop
  endfacet
  facet normal -0.965926 0.258817 -4.25326e-05
    outer loop
      vertex -21.1624 -22.9556 -3
      vertex -20.3705 -20 -2
      vertex -18.0566 -11.3645 -3
    endloop
  endfacet
  facet normal -0.965914 0.258865 0
    outer loop
      vertex -20.2365 -19.5 2
      vertex -20.3705 -20 2
      vertex -20.2365 -19.5 2.25
    endloop
  endfacet
  facet normal -0.965926 0.258819 0
    outer loop
      vertex -20.2365 -19.5 2.25
      vertex -18.0566 -11.3645 3
      vertex -18.0566 -11.3645 2.25
    endloop
  endfacet
  facet normal -0.965926 0.258817 2.25545e-05
    outer loop
      vertex -20.2365 -19.5 2.25
      vertex -21.1624 -22.9556 3
      vertex -18.0566 -11.3645 3
    endloop
  endfacet
  facet normal -0.965923 0.258828 7.82781e-05
    outer loop
      vertex -20.3705 -20 2
      vertex -21.1624 -22.9556 3
      vertex -20.2365 -19.5 2.25
    endloop
  endfacet
  facet normal -0.96593 0.258804 0
    outer loop
      vertex -21.1624 -22.9556 3
      vertex -20.3705 -20 2
      vertex -21.1624 -22.9556 -3
    endloop
  endfacet
  facet normal 0.965919 -0.258845 0
    outer loop
      vertex 23.9909 -17.2987 3
      vertex 23.401 -19.5 2.25
      vertex 23.9909 -17.2987 2.25
    endloop
  endfacet
  facet normal 0.965962 -0.258685 0
    outer loop
      vertex 23.401 -19.5 2.25
      vertex 23.2671 -20 2
      vertex 23.401 -19.5 2
    endloop
  endfacet
  facet normal 0.965918 -0.258847 0
    outer loop
      vertex 23.2671 -20 2
      vertex 22.9556 -21.1624 3
      vertex 23.2671 -20 -2
    endloop
  endfacet
  facet normal 0.965946 -0.258744 0.000127848
    outer loop
      vertex 23.401 -19.5 2.25
      vertex 22.9556 -21.1624 3
      vertex 23.2671 -20 2
    endloop
  endfacet
  facet normal 0.965924 -0.258825 -6.358e-05
    outer loop
      vertex 22.9556 -21.1624 3
      vertex 23.401 -19.5 2.25
      vertex 23.9909 -17.2987 3
    endloop
  endfacet
  facet normal 0.965927 -0.258815 0
    outer loop
      vertex 23.2671 -20 -2
      vertex 23.9909 -17.2987 -3
      vertex 23.9909 -17.2987 -2
    endloop
  endfacet
  facet normal 0.965924 -0.258825 -2.74575e-05
    outer loop
      vertex 23.2671 -20 -2
      vertex 22.9556 -21.1624 -3
      vertex 23.9909 -17.2987 -3
    endloop
  endfacet
  facet normal 0.965918 -0.258847 0
    outer loop
      vertex 22.9556 -21.1624 -3
      vertex 23.2671 -20 -2
      vertex 22.9556 -21.1624 3
    endloop
  endfacet
  facet normal 0 0 1
    outer loop
      vertex 12.3998 -14.1929 3
      vertex 22.9556 -21.1624 3
      vertex 23.9909 -17.2987 3
    endloop
  endfacet
  facet normal 0 0 1
    outer loop
      vertex 22.9556 -21.1624 3
      vertex 12.3998 -14.1929 3
      vertex 11.3645 -18.0566 3
    endloop
  endfacet
  facet normal 0 0 -1
    outer loop
      vertex 22.9556 -21.1624 -3
      vertex 12.3998 -14.1929 -3
      vertex 23.9909 -17.2987 -3
    endloop
  endfacet
  facet normal 0 -0 -1
    outer loop
      vertex 12.3998 -14.1929 -3
      vertex 22.9556 -21.1624 -3
      vertex 11.3645 -18.0566 -3
    endloop
  endfacet
  facet normal -0.965924 0.258825 0
    outer loop
      vertex 11.3645 -18.0566 2.25
      vertex 12.3998 -14.1929 3
      vertex 12.3998 -14.1929 2.25
    endloop
  endfacet
  facet normal -0.965924 0.258825 0
    outer loop
      vertex 12.3998 -14.1929 3
      vertex 11.3645 -18.0566 2.25
      vertex 11.3645 -18.0566 3
    endloop
  endfacet
  facet normal -0.965924 0.258825 0
    outer loop
      vertex 11.3645 -18.0566 -3
      vertex 12.3998 -14.1929 -2
      vertex 12.3998 -14.1929 -3
    endloop
  endfacet
  facet normal -0.965924 0.258825 0
    outer loop
      vertex 12.3998 -14.1929 -2
      vertex 11.3645 -18.0566 -3
      vertex 11.3645 -18.0566 -2
    endloop
  endfacet
  facet normal 0.258775 0.965938 -0
    outer loop
      vertex 15.5 -15.0236 2
      vertex 14.5 -14.7557 2.25
      vertex 15.5 -15.0236 2.25
    endloop
  endfacet
  facet normal 0.258775 0.965938 0
    outer loop
      vertex 14.5 -14.7557 2.25
      vertex 15.5 -15.0236 2
      vertex 14.5 -14.7557 2
    endloop
  endfacet
  facet normal 0.258816 0.965927 0
    outer loop
      vertex 15.5 -15.0236 2.25
      vertex 23.9909 -17.2987 3
      vertex 23.9909 -17.2987 2.25
    endloop
  endfacet
  facet normal 0.258817 0.965926 -1.39567e-05
    outer loop
      vertex 23.9909 -17.2987 3
      vertex 15.5 -15.0236 2.25
      vertex 12.3998 -14.1929 3
    endloop
  endfacet
  facet normal 0.258775 0.965938 -0.000201456
    outer loop
      vertex 14.5 -14.7557 2.25
      vertex 12.3998 -14.1929 3
      vertex 15.5 -15.0236 2.25
    endloop
  endfacet
  facet normal 0.258842 0.96592 0
    outer loop
      vertex 12.3998 -14.1929 3
      vertex 14.5 -14.7557 2.25
      vertex 12.3998 -14.1929 2.25
    endloop
  endfacet
  facet normal 0.258817 0.965926 -0
    outer loop
      vertex 23.9909 -17.2987 -3
      vertex 12.3998 -14.1929 -2
      vertex 23.9909 -17.2987 -2
    endloop
  endfacet
  facet normal 0.258817 0.965926 0
    outer loop
      vertex 12.3998 -14.1929 -2
      vertex 23.9909 -17.2987 -3
      vertex 12.3998 -14.1929 -3
    endloop
  endfacet
  facet normal -0.258821 -0.965925 -0
    outer loop
      vertex 11.3645 -18.0566 -2
      vertex 11.3645 -18.0566 -3
      vertex 18.6173 -20 -2
    endloop
  endfacet
  facet normal -0.258775 -0.965938 0
    outer loop
      vertex 14.5 -18.8968 2
      vertex 15.5 -19.1647 2.25
      vertex 14.5 -18.8968 2.25
    endloop
  endfacet
  facet normal -0.258775 -0.965938 -0
    outer loop
      vertex 15.5 -19.1647 2.25
      vertex 14.5 -18.8968 2
      vertex 15.5 -19.1647 2
    endloop
  endfacet
  facet normal -0.258832 -0.965922 0
    outer loop
      vertex 14.5 -18.8968 2.25
      vertex 11.3645 -18.0566 3
      vertex 11.3645 -18.0566 2.25
    endloop
  endfacet
  facet normal -0.258775 -0.965938 0.000257004
    outer loop
      vertex 15.5 -19.1647 2.25
      vertex 11.3645 -18.0566 3
      vertex 14.5 -18.8968 2.25
    endloop
  endfacet
  facet normal -0.25883 -0.965923 -6.95977e-05
    outer loop
      vertex 16.7513 -19.5 2.25
      vertex 11.3645 -18.0566 3
      vertex 15.5 -19.1647 2.25
    endloop
  endfacet
  facet normal -0.258817 -0.965926 3.00334e-05
    outer loop
      vertex 11.3645 -18.0566 3
      vertex 16.7513 -19.5 2.25
      vertex 22.9556 -21.1624 3
    endloop
  endfacet
  facet normal -0.258822 -0.965925 0
    outer loop
      vertex 18.6173 -20 2
      vertex 16.7513 -19.5 2.25
      vertex 16.7513 -19.5 2
    endloop
  endfacet
  facet normal -0.258818 -0.965926 3.65344e-05
    outer loop
      vertex 16.7513 -19.5 2.25
      vertex 18.6173 -20 2
      vertex 22.9556 -21.1624 3
    endloop
  endfacet
  facet normal -0.25881 -0.965928 0
    outer loop
      vertex 18.6173 -20 -2
      vertex 22.9556 -21.1624 3
      vertex 18.6173 -20 2
    endloop
  endfacet
  facet normal -0.25881 -0.965928 0
    outer loop
      vertex 18.6173 -20 -2
      vertex 22.9556 -21.1624 -3
      vertex 22.9556 -21.1624 3
    endloop
  endfacet
  facet normal -0.258817 -0.965926 -3.3125e-05
    outer loop
      vertex 22.9556 -21.1624 -3
      vertex 18.6173 -20 -2
      vertex 11.3645 -18.0566 -3
    endloop
  endfacet
  facet normal 0.290221 0.95696 -0
    outer loop
      vertex 20.5358 1.29343 2.25
      vertex 20.2731 1.3731 6
      vertex 20.5358 1.29343 6
    endloop
  endfacet
  facet normal 0.290221 0.95696 0
    outer loop
      vertex 20.2731 1.3731 6
      vertex 20.5358 1.29343 2.25
      vertex 20.2731 1.3731 2.25
    endloop
  endfacet
  facet normal -0.995185 0.0980151 0
    outer loop
      vertex 18.6 0 2
      vertex 18.6269 0.273126 6
      vertex 18.6269 0.273126 2
    endloop
  endfacet
  facet normal -0.995185 0.0980151 0
    outer loop
      vertex 18.6269 0.273126 6
      vertex 18.6 0 2
      vertex 18.6 0 6
    endloop
  endfacet
  facet normal 0.290221 -0.95696 0
    outer loop
      vertex 20.2731 -1.3731 2.25
      vertex 20.5358 -1.29343 6
      vertex 20.2731 -1.3731 6
    endloop
  endfacet
  facet normal 0.290221 -0.95696 0
    outer loop
      vertex 20.5358 -1.29343 6
      vertex 20.2731 -1.3731 2.25
      vertex 20.5358 -1.29343 2.25
    endloop
  endfacet
  facet normal -0.471449 -0.881894 0
    outer loop
      vertex 19.2222 -1.16406 2.25
      vertex 19.4642 -1.29343 6
      vertex 19.2222 -1.16406 6
    endloop
  endfacet
  facet normal -0.471449 -0.881894 -0
    outer loop
      vertex 19.4642 -1.29343 6
      vertex 19.2222 -1.16406 2.25
      vertex 19.4642 -1.29343 2.25
    endloop
  endfacet
  facet normal -0.634313 0.773077 0
    outer loop
      vertex 19.2222 1.16406 2.25
      vertex 19.01 0.989949 6
      vertex 19.2222 1.16406 6
    endloop
  endfacet
  facet normal -0.634313 0.773077 0
    outer loop
      vertex 19.01 0.989949 6
      vertex 19.2222 1.16406 2.25
      vertex 19.01 0.989949 2.25
    endloop
  endfacet
  facet normal 0.995185 -0.0980151 0
    outer loop
      vertex 21.3731 -0.273126 6
      vertex 21.4 0 2
      vertex 21.4 0 6
    endloop
  endfacet
  facet normal 0.995185 -0.0980151 0
    outer loop
      vertex 21.4 0 2
      vertex 21.3731 -0.273126 6
      vertex 21.3731 -0.273126 2
    endloop
  endfacet
  facet normal 0.882034 0.471187 0
    outer loop
      vertex 21.2934 0.535756 6
      vertex 21.1641 0.777798 2.25
      vertex 21.1641 0.777798 6
    endloop
  endfacet
  facet normal 0.882034 0.471187 0
    outer loop
      vertex 21.1641 0.777798 2.25
      vertex 21.2934 0.535756 6
      vertex 21.2934 0.535756 2.25
    endloop
  endfacet
  facet normal 0 0 1
    outer loop
      vertex -23.2671 20 2
      vertex -24.5 19.5 2
      vertex -23.401 19.5 2
    endloop
  endfacet
  facet normal 0 0 1
    outer loop
      vertex -30 20 2
      vertex -24.5 10.5 2
      vertex -24.5 19.5 2
    endloop
  endfacet
  facet normal 0 0 1
    outer loop
      vertex -24.5 10.5 2
      vertex -30 20 2
      vertex -24.5 9.5 2
    endloop
  endfacet
  facet normal 0 0 1
    outer loop
      vertex -24.5 9.5 2
      vertex -30 20 2
      vertex -24.5 0.5 2
    endloop
  endfacet
  facet normal 0 0 1
    outer loop
      vertex -24.5 0.5 2
      vertex -30 20 2
      vertex -24.5 -0.5 2
    endloop
  endfacet
  facet normal 0 0 1
    outer loop
      vertex -30 -20 2
      vertex -24.5 -0.5 2
      vertex -30 20 2
    endloop
  endfacet
  facet normal 0 0 1
    outer loop
      vertex -24.5 -0.5 2
      vertex -30 -20 2
      vertex -24.5 -9.5 2
    endloop
  endfacet
  facet normal 0 0 1
    outer loop
      vertex -24.5 -9.5 2
      vertex -30 -20 2
      vertex -24.5 -10.5 2
    endloop
  endfacet
  facet normal -0 0 1
    outer loop
      vertex -30 20 2
      vertex -24.5 19.5 2
      vertex -23.2671 20 2
    endloop
  endfacet
  facet normal 0 0 1
    outer loop
      vertex -14.5 -13.5459 2
      vertex -15.5 -17.2779 2
      vertex -14.5 -19.5 2
    endloop
  endfacet
  facet normal 0 0 1
    outer loop
      vertex -15.5 10.5 2
      vertex -14.5 10.5 2
      vertex -14.5 14.7557 2
    endloop
  endfacet
  facet normal 0 0 1
    outer loop
      vertex -14.5 10.5 2
      vertex -15.5 10.5 2
      vertex -14.5 9.5 2
    endloop
  endfacet
  facet normal 0 0 1
    outer loop
      vertex -14.5 9.5 2
      vertex -15.5 9.5 2
      vertex -14.5 0.5 2
    endloop
  endfacet
  facet normal 0 0 1
    outer loop
      vertex -15.5 0.5 2
      vertex -14.5 0.5 2
      vertex -15.5 9.5 2
    endloop
  endfacet
  facet normal 0 0 1
    outer loop
      vertex -15.5 -0.5 2
      vertex -14.5 -0.5 2
      vertex -15.5 0.5 2
    endloop
  endfacet
  facet normal 0 0 1
    outer loop
      vertex -14.5 -0.5 2
      vertex -15.5 -0.5 2
      vertex -14.5 -9.5 2
    endloop
  endfacet
  facet normal 0 0 1
    outer loop
      vertex -15.5 10.5 2
      vertex -14.5 14.7557 2
      vertex -15.5 15.0236 2
    endloop
  endfacet
  facet normal 0 0 1
    outer loop
      vertex -14.5 9.5 2
      vertex -15.5 10.5 2
      vertex -15.5 9.5 2
    endloop
  endfacet
  facet normal 0 0 1
    outer loop
      vertex -14.5 0.5 2
      vertex -15.5 0.5 2
      vertex -14.5 -0.5 2
    endloop
  endfacet
  facet normal 0 0 1
    outer loop
      vertex -15.5 -9.5 2
      vertex -14.5 -9.5 2
      vertex -15.5 -0.5 2
    endloop
  endfacet
  facet normal 0 0 1
    outer loop
      vertex -14.5 -9.5 2
      vertex -15.5 -9.5 2
      vertex -14.5 -10.5 2
    endloop
  endfacet
  facet normal 0 0 1
    outer loop
      vertex -15.5 -10.5 2
      vertex -14.5 -10.5 2
      vertex -15.5 -9.5 2
    endloop
  endfacet
  facet normal 0 0 1
    outer loop
      vertex -15.5 -12.0495 2
      vertex -14.5 -10.5 2
      vertex -15.5 -10.5 2
    endloop
  endfacet
  facet normal 0 0 1
    outer loop
      vertex -14.5 -10.5 2
      vertex -15.5 -12.0495 2
      vertex -14.5 -12.3175 2
    endloop
  endfacet
  facet normal -0 0 1
    outer loop
      vertex -14.5 -9.5 2
      vertex -5.5 -10.5 2
      vertex -5.5 -9.5 2
    endloop
  endfacet
  facet normal 0 0 1
    outer loop
      vertex -5.5 -10.5 2
      vertex -14.5 -9.5 2
      vertex -14.5 -10.5 2
    endloop
  endfacet
  facet normal -0 0 1
    outer loop
      vertex -14.5 0.5 2
      vertex -5.5 -0.5 2
      vertex -5.5 0.5 2
    endloop
  endfacet
  facet normal 0 0 1
    outer loop
      vertex -5.5 -0.5 2
      vertex -14.5 0.5 2
      vertex -14.5 -0.5 2
    endloop
  endfacet
  facet normal -0 0 1
    outer loop
      vertex -14.5 10.5 2
      vertex -5.5 9.5 2
      vertex -5.5 10.5 2
    endloop
  endfacet
  facet normal 0 0 1
    outer loop
      vertex -5.5 9.5 2
      vertex -14.5 10.5 2
      vertex -14.5 9.5 2
    endloop
  endfacet
  facet normal 0 0 1
    outer loop
      vertex -1.3731 19.7269 2
      vertex -4.5 19.5 2
      vertex -1.30428 19.5 2
    endloop
  endfacet
  facet normal 0 0 1
    outer loop
      vertex -1.4 20 2
      vertex -4.5 19.5 2
      vertex -1.3731 19.7269 2
    endloop
  endfacet
  facet normal 0 0 1
    outer loop
      vertex -5.5 10.5 2
      vertex -4.5 10.5 2
      vertex -4.5 19.5 2
    endloop
  endfacet
  facet normal 0 0 1
    outer loop
      vertex -4.5 10.5 2
      vertex -5.5 10.5 2
      vertex -4.5 9.5 2
    endloop
  endfacet
  facet normal 0 0 1
    outer loop
      vertex -4.5 9.5 2
      vertex -5.5 9.5 2
      vertex -4.5 0.5 2
    endloop
  endfacet
  facet normal 0 0 1
    outer loop
      vertex -5.5 0.5 2
      vertex -4.5 0.5 2
      vertex -5.5 9.5 2
    endloop
  endfacet
  facet normal 0 0 1
    outer loop
      vertex -5.5 -0.5 2
      vertex -4.5 -0.5 2
      vertex -5.5 0.5 2
    endloop
  endfacet
  facet normal 0 0 1
    outer loop
      vertex -4.5 -0.5 2
      vertex -5.5 -0.5 2
      vertex -4.5 -9.5 2
    endloop
  endfacet
  facet normal 0 0 1
    outer loop
      vertex -5.5 10.5 2
      vertex -4.5 19.5 2
      vertex -5.5 19.5 2
    endloop
  endfacet
  facet normal 0 0 1
    outer loop
      vertex -1.4 20 2
      vertex -5.5 19.5 2
      vertex -4.5 19.5 2
    endloop
  endfacet
  facet normal 0 0 1
    outer loop
      vertex -1.4 20 2
      vertex -14.5 19.5 2
      vertex -5.5 19.5 2
    endloop
  endfacet
  facet normal 0 0 1
    outer loop
      vertex -15.5 19.1647 2
      vertex -14.5 19.5 2
      vertex -15.5 19.5 2
    endloop
  endfacet
  facet normal -0 0 1
    outer loop
      vertex -18.6173 20 2
      vertex -14.5 19.5 2
      vertex -1.4 20 2
    endloop
  endfacet
  facet normal 0 0 1
    outer loop
      vertex -14.5 19.5 2
      vertex -18.6173 20 2
      vertex -15.5 19.5 2
    endloop
  endfacet
  facet normal 0 0 1
    outer loop
      vertex -15.5 19.5 2
      vertex -18.6173 20 2
      vertex -16.7513 19.5 2
    endloop
  endfacet
  facet normal -0 0 1
    outer loop
      vertex -4.5 -9.5 2
      vertex 4.5 -10.5 2
      vertex 4.5 -9.5 2
    endloop
  endfacet
  facet normal 0 0 1
    outer loop
      vertex 4.5 -10.5 2
      vertex -4.5 -9.5 2
      vertex -4.5 -10.5 2
    endloop
  endfacet
  facet normal -0 0 1
    outer loop
      vertex -4.5 0.5 2
      vertex 4.5 -0.5 2
      vertex 4.5 0.5 2
    endloop
  endfacet
  facet normal 0 0 1
    outer loop
      vertex 4.5 -0.5 2
      vertex -4.5 0.5 2
      vertex -4.5 -0.5 2
    endloop
  endfacet
  facet normal -0 0 1
    outer loop
      vertex -4.5 10.5 2
      vertex 4.5 9.5 2
      vertex 4.5 10.5 2
    endloop
  endfacet
  facet normal 0 0 1
    outer loop
      vertex 4.5 9.5 2
      vertex -4.5 10.5 2
      vertex -4.5 9.5 2
    endloop
  endfacet
  facet normal 0 0 1
    outer loop
      vertex 16.2294 20 2
      vertex 15.5 19.5 2
      vertex 16.0954 19.5 2
    endloop
  endfacet
  facet normal 0 0 1
    outer loop
      vertex 15.5 19.5 2
      vertex 14.5 19.5 2
      vertex 15.5 17.2779 2
    endloop
  endfacet
  facet normal 0 0 1
    outer loop
      vertex 16.2294 20 2
      vertex 14.5 19.5 2
      vertex 15.5 19.5 2
    endloop
  endfacet
  facet normal 0 0 1
    outer loop
      vertex 16.2294 20 2
      vertex 5.5 19.5 2
      vertex 14.5 19.5 2
    endloop
  endfacet
  facet normal 0 0 1
    outer loop
      vertex 4.5 10.5 2
      vertex 5.5 10.5 2
      vertex 5.5 19.5 2
    endloop
  endfacet
  facet normal 0 0 1
    outer loop
      vertex 5.5 10.5 2
      vertex 4.5 10.5 2
      vertex 5.5 9.5 2
    endloop
  endfacet
  facet normal 0 0 1
    outer loop
      vertex 5.5 9.5 2
      vertex 4.5 9.5 2
      vertex 5.5 0.5 2
    endloop
  endfacet
  facet normal 0 0 1
    outer loop
      vertex 4.5 0.5 2
      vertex 5.5 0.5 2
      vertex 4.5 9.5 2
    endloop
  endfacet
  facet normal 0 0 1
    outer loop
      vertex 4.5 -0.5 2
      vertex 5.5 -0.5 2
      vertex 4.5 0.5 2
    endloop
  endfacet
  facet normal 0 0 1
    outer loop
      vertex 5.5 -0.5 2
      vertex 4.5 -0.5 2
      vertex 5.5 -9.5 2
    endloop
  endfacet
  facet normal 0 0 1
    outer loop
      vertex 4.5 10.5 2
      vertex 5.5 19.5 2
      vertex 4.5 19.5 2
    endloop
  endfacet
  facet normal -0 0 1
    outer loop
      vertex 1.4 20 2
      vertex 5.5 19.5 2
      vertex 16.2294 20 2
    endloop
  endfacet
  facet normal 0 0 1
    outer loop
      vertex 5.5 19.5 2
      vertex 1.4 20 2
      vertex 4.5 19.5 2
    endloop
  endfacet
  facet normal -0 0 1
    outer loop
      vertex 1.3731 19.7269 2
      vertex 4.5 19.5 2
      vertex 1.4 20 2
    endloop
  endfacet
  facet normal 0 0 1
    outer loop
      vertex 4.5 19.5 2
      vertex 1.3731 19.7269 2
      vertex 1.30428 19.5 2
    endloop
  endfacet
  facet normal 0 0 1
    outer loop
      vertex 15.5 17.2779 2
      vertex 14.5 19.5 2
      vertex 14.5 13.5459 2
    endloop
  endfacet
  facet normal -0 0 1
    outer loop
      vertex 5.5 -9.5 2
      vertex 14.5 -10.5 2
      vertex 14.5 -9.5 2
    endloop
  endfacet
  facet normal 0 0 1
    outer loop
      vertex 14.5 -10.5 2
      vertex 5.5 -9.5 2
      vertex 5.5 -10.5 2
    endloop
  endfacet
  facet normal -0 0 1
    outer loop
      vertex 5.5 0.5 2
      vertex 14.5 -0.5 2
      vertex 14.5 0.5 2
    endloop
  endfacet
  facet normal 0 0 1
    outer loop
      vertex 14.5 -0.5 2
      vertex 5.5 0.5 2
      vertex 5.5 -0.5 2
    endloop
  endfacet
  facet normal -0 0 1
    outer loop
      vertex 5.5 10.5 2
      vertex 14.5 9.5 2
      vertex 14.5 10.5 2
    endloop
  endfacet
  facet normal 0 0 1
    outer loop
      vertex 14.5 9.5 2
      vertex 5.5 10.5 2
      vertex 5.5 9.5 2
    endloop
  endfacet
  facet normal 0 0 1
    outer loop
      vertex 14.5 10.5 2
      vertex 15.5 10.5 2
      vertex 15.5 12.0495 2
    endloop
  endfacet
  facet normal 0 0 1
    outer loop
      vertex 15.5 10.5 2
      vertex 14.5 10.5 2
      vertex 15.5 9.5 2
    endloop
  endfacet
  facet normal 0 0 1
    outer loop
      vertex 15.5 9.5 2
      vertex 14.5 9.5 2
      vertex 15.5 0.5 2
    endloop
  endfacet
  facet normal 0 0 1
    outer loop
      vertex 14.5 0.5 2
      vertex 15.5 0.5 2
      vertex 14.5 9.5 2
    endloop
  endfacet
  facet normal 0 0 1
    outer loop
      vertex 14.5 -0.5 2
      vertex 15.5 -0.5 2
      vertex 14.5 0.5 2
    endloop
  endfacet
  facet normal 0 0 1
    outer loop
      vertex 15.5 -0.5 2
      vertex 14.5 -0.5 2
      vertex 15.5 -9.5 2
    endloop
  endfacet
  facet normal 0 0 1
    outer loop
      vertex 14.5 10.5 2
      vertex 15.5 12.0495 2
      vertex 14.5 12.3175 2
    endloop
  endfacet
  facet normal 0 0 1
    outer loop
      vertex 15.5 9.5 2
      vertex 14.5 10.5 2
      vertex 14.5 9.5 2
    endloop
  endfacet
  facet normal 0 0 1
    outer loop
      vertex 15.5 0.5 2
      vertex 14.5 0.5 2
      vertex 15.5 -0.5 2
    endloop
  endfacet
  facet normal 0 0 1
    outer loop
      vertex 14.5 -9.5 2
      vertex 15.5 -9.5 2
      vertex 14.5 -0.5 2
    endloop
  endfacet
  facet normal 0 0 1
    outer loop
      vertex 15.5 -9.5 2
      vertex 14.5 -9.5 2
      vertex 15.5 -10.5 2
    endloop
  endfacet
  facet normal 0 0 1
    outer loop
      vertex 14.5 -10.5 2
      vertex 15.5 -10.5 2
      vertex 14.5 -9.5 2
    endloop
  endfacet
  facet normal 0 0 1
    outer loop
      vertex 14.5 -14.7557 2
      vertex 15.5 -10.5 2
      vertex 14.5 -10.5 2
    endloop
  endfacet
  facet normal 0 0 1
    outer loop
      vertex 15.5 -10.5 2
      vertex 14.5 -14.7557 2
      vertex 15.5 -15.0236 2
    endloop
  endfacet
  facet normal 0 0 1
    outer loop
      vertex 14.5 -19.5 2
      vertex 15.5 -19.1647 2
      vertex 14.5 -18.8968 2
    endloop
  endfacet
  facet normal -0 0 1
    outer loop
      vertex 15.5 -19.5 2
      vertex 18.6173 -20 2
      vertex 16.7513 -19.5 2
    endloop
  endfacet
  facet normal 0 0 1
    outer loop
      vertex 15.5 -19.1647 2
      vertex 14.5 -19.5 2
      vertex 15.5 -19.5 2
    endloop
  endfacet
  facet normal -0 0 1
    outer loop
      vertex 14.5 -19.5 2
      vertex 18.6173 -20 2
      vertex 15.5 -19.5 2
    endloop
  endfacet
  facet normal -0 0 1
    outer loop
      vertex 5.5 -19.5 2
      vertex 18.6173 -20 2
      vertex 14.5 -19.5 2
    endloop
  endfacet
  facet normal 0 0 1
    outer loop
      vertex 5.5 9.5 2
      vertex 4.5 10.5 2
      vertex 4.5 9.5 2
    endloop
  endfacet
  facet normal 0 0 1
    outer loop
      vertex 5.5 0.5 2
      vertex 4.5 0.5 2
      vertex 5.5 -0.5 2
    endloop
  endfacet
  facet normal 0 0 1
    outer loop
      vertex 4.5 -9.5 2
      vertex 5.5 -9.5 2
      vertex 4.5 -0.5 2
    endloop
  endfacet
  facet normal 0 0 1
    outer loop
      vertex 5.5 -9.5 2
      vertex 4.5 -9.5 2
      vertex 5.5 -10.5 2
    endloop
  endfacet
  facet normal 0 0 1
    outer loop
      vertex 4.5 -10.5 2
      vertex 5.5 -10.5 2
      vertex 4.5 -9.5 2
    endloop
  endfacet
  facet normal 0 0 1
    outer loop
      vertex 5.5 -10.5 2
      vertex 4.5 -10.5 2
      vertex 5.5 -19.5 2
    endloop
  endfacet
  facet normal 0 0 1
    outer loop
      vertex 4.5 -19.5 2
      vertex 5.5 -19.5 2
      vertex 4.5 -10.5 2
    endloop
  endfacet
  facet normal 0 0 1
    outer loop
      vertex 1.4 -20 2
      vertex 5.5 -19.5 2
      vertex 4.5 -19.5 2
    endloop
  endfacet
  facet normal 0 0 1
    outer loop
      vertex 5.5 -19.5 2
      vertex 1.4 -20 2
      vertex 18.6173 -20 2
    endloop
  endfacet
  facet normal 0 0 1
    outer loop
      vertex 4.5 -19.5 2
      vertex 1.3731 -19.7269 2
      vertex 1.4 -20 2
    endloop
  endfacet
  facet normal 0 -0 1
    outer loop
      vertex 1.3731 -19.7269 2
      vertex 4.5 -19.5 2
      vertex 1.30428 -19.5 2
    endloop
  endfacet
  facet normal -0 0 1
    outer loop
      vertex -4.5 -19.5 2
      vertex -1.3731 -19.7269 2
      vertex -1.30428 -19.5 2
    endloop
  endfacet
  facet normal 0 0 1
    outer loop
      vertex -4.5 -19.5 2
      vertex -1.4 -20 2
      vertex -1.3731 -19.7269 2
    endloop
  endfacet
  facet normal 0 0 1
    outer loop
      vertex -4.5 9.5 2
      vertex -5.5 10.5 2
      vertex -5.5 9.5 2
    endloop
  endfacet
  facet normal 0 0 1
    outer loop
      vertex -4.5 0.5 2
      vertex -5.5 0.5 2
      vertex -4.5 -0.5 2
    endloop
  endfacet
  facet normal 0 0 1
    outer loop
      vertex -5.5 -9.5 2
      vertex -4.5 -9.5 2
      vertex -5.5 -0.5 2
    endloop
  endfacet
  facet normal 0 0 1
    outer loop
      vertex -4.5 -9.5 2
      vertex -5.5 -9.5 2
      vertex -4.5 -10.5 2
    endloop
  endfacet
  facet normal 0 0 1
    outer loop
      vertex -5.5 -10.5 2
      vertex -4.5 -10.5 2
      vertex -5.5 -9.5 2
    endloop
  endfacet
  facet normal 0 0 1
    outer loop
      vertex -4.5 -10.5 2
      vertex -5.5 -10.5 2
      vertex -4.5 -19.5 2
    endloop
  endfacet
  facet normal 0 0 1
    outer loop
      vertex -5.5 -19.5 2
      vertex -4.5 -19.5 2
      vertex -5.5 -10.5 2
    endloop
  endfacet
  facet normal -0 0 1
    outer loop
      vertex -5.5 -19.5 2
      vertex -1.4 -20 2
      vertex -4.5 -19.5 2
    endloop
  endfacet
  facet normal 0 0 1
    outer loop
      vertex -16.2294 -20 2
      vertex -5.5 -19.5 2
      vertex -14.5 -19.5 2
    endloop
  endfacet
  facet normal 0 0 1
    outer loop
      vertex -15.5 -19.5 2
      vertex -14.5 -19.5 2
      vertex -15.5 -17.2779 2
    endloop
  endfacet
  facet normal 0 0 1
    outer loop
      vertex -16.2294 -20 2
      vertex -14.5 -19.5 2
      vertex -15.5 -19.5 2
    endloop
  endfacet
  facet normal 0 0 1
    outer loop
      vertex -16.2294 -20 2
      vertex -15.5 -19.5 2
      vertex -16.0954 -19.5 2
    endloop
  endfacet
  facet normal 0 0 1
    outer loop
      vertex -5.5 -19.5 2
      vertex -16.2294 -20 2
      vertex -1.4 -20 2
    endloop
  endfacet
  facet normal -0 0 1
    outer loop
      vertex -24.5 -9.5 2
      vertex -15.5 -10.5 2
      vertex -15.5 -9.5 2
    endloop
  endfacet
  facet normal 0 0 1
    outer loop
      vertex -15.5 -10.5 2
      vertex -24.5 -9.5 2
      vertex -24.5 -10.5 2
    endloop
  endfacet
  facet normal 0 0 1
    outer loop
      vertex -15.5 0.5 2
      vertex -18.6 0 2
      vertex -15.5 -0.5 2
    endloop
  endfacet
  facet normal 0 0 1
    outer loop
      vertex -15.5 0.5 2
      vertex -18.6269 0.273126 2
      vertex -18.6 0 2
    endloop
  endfacet
  facet normal 0 -0 1
    outer loop
      vertex -18.6269 0.273126 2
      vertex -15.5 0.5 2
      vertex -18.6957 0.5 2
    endloop
  endfacet
  facet normal -0 0 1
    outer loop
      vertex -24.5 10.5 2
      vertex -15.5 9.5 2
      vertex -15.5 10.5 2
    endloop
  endfacet
  facet normal 0 0 1
    outer loop
      vertex -15.5 9.5 2
      vertex -24.5 10.5 2
      vertex -24.5 9.5 2
    endloop
  endfacet
  facet normal 0 0 1
    outer loop
      vertex -14.5 19.5 2
      vertex -15.5 19.1647 2
      vertex -14.5 18.8968 2
    endloop
  endfacet
  facet normal -0 0 1
    outer loop
      vertex -18.6269 -0.273126 2
      vertex -15.5 -0.5 2
      vertex -18.6 0 2
    endloop
  endfacet
  facet normal 0 0 1
    outer loop
      vertex -15.5 -0.5 2
      vertex -18.6269 -0.273126 2
      vertex -18.6957 -0.5 2
    endloop
  endfacet
  facet normal -0 0 1
    outer loop
      vertex -24.5 -19.5 2
      vertex -20.3705 -20 2
      vertex -20.2365 -19.5 2
    endloop
  endfacet
  facet normal 0 0 1
    outer loop
      vertex -24.5 -19.5 2
      vertex -30 -20 2
      vertex -20.3705 -20 2
    endloop
  endfacet
  facet normal 0 0 1
    outer loop
      vertex -24.5 -10.5 2
      vertex -30 -20 2
      vertex -24.5 -19.5 2
    endloop
  endfacet
  facet normal 0 0 1
    outer loop
      vertex -21.3731 0.273126 2
      vertex -24.5 0.5 2
      vertex -21.4 0 2
    endloop
  endfacet
  facet normal -0 0 1
    outer loop
      vertex -24.5 0.5 2
      vertex -21.3731 0.273126 2
      vertex -21.3043 0.5 2
    endloop
  endfacet
  facet normal 0 0 1
    outer loop
      vertex -24.5 -0.5 2
      vertex -21.4 0 2
      vertex -24.5 0.5 2
    endloop
  endfacet
  facet normal 0 0 1
    outer loop
      vertex -21.4 0 2
      vertex -24.5 -0.5 2
      vertex -21.3731 -0.273126 2
    endloop
  endfacet
  facet normal 0 0 1
    outer loop
      vertex -21.3731 -0.273126 2
      vertex -24.5 -0.5 2
      vertex -21.3043 -0.5 2
    endloop
  endfacet
  facet normal 0 0 1
    outer loop
      vertex 18.6269 0.273126 2
      vertex 15.5 0.5 2
      vertex 18.6 0 2
    endloop
  endfacet
  facet normal -0 0 1
    outer loop
      vertex 15.5 0.5 2
      vertex 18.6269 0.273126 2
      vertex 18.6957 0.5 2
    endloop
  endfacet
  facet normal -0 0 1
    outer loop
      vertex 15.5 -9.5 2
      vertex 24.5 -10.5 2
      vertex 24.5 -9.5 2
    endloop
  endfacet
  facet normal 0 0 1
    outer loop
      vertex 24.5 -10.5 2
      vertex 15.5 -9.5 2
      vertex 15.5 -10.5 2
    endloop
  endfacet
  facet normal 0 0 1
    outer loop
      vertex 24.5 0.5 2
      vertex 21.4 0 2
      vertex 24.5 -0.5 2
    endloop
  endfacet
  facet normal 0 0 1
    outer loop
      vertex 24.5 0.5 2
      vertex 21.3731 0.273126 2
      vertex 21.4 0 2
    endloop
  endfacet
  facet normal 0 -0 1
    outer loop
      vertex 21.3731 0.273126 2
      vertex 24.5 0.5 2
      vertex 21.3043 0.5 2
    endloop
  endfacet
  facet normal -0 0 1
    outer loop
      vertex 15.5 10.5 2
      vertex 24.5 9.5 2
      vertex 24.5 10.5 2
    endloop
  endfacet
  facet normal 0 0 1
    outer loop
      vertex 24.5 9.5 2
      vertex 15.5 10.5 2
      vertex 15.5 9.5 2
    endloop
  endfacet
  facet normal 0 0 1
    outer loop
      vertex 24.5 10.5 2
      vertex 30 20 2
      vertex 24.5 19.5 2
    endloop
  endfacet
  facet normal -0 0 1
    outer loop
      vertex 20.3705 20 2
      vertex 24.5 19.5 2
      vertex 30 20 2
    endloop
  endfacet
  facet normal 0 0 1
    outer loop
      vertex 24.5 19.5 2
      vertex 20.3705 20 2
      vertex 20.2365 19.5 2
    endloop
  endfacet
  facet normal 0 0 1
    outer loop
      vertex 24.5 9.5 2
      vertex 30 20 2
      vertex 24.5 10.5 2
    endloop
  endfacet
  facet normal 0 0 1
    outer loop
      vertex 24.5 0.5 2
      vertex 30 20 2
      vertex 24.5 9.5 2
    endloop
  endfacet
  facet normal 0 0 1
    outer loop
      vertex 30 20 2
      vertex 24.5 0.5 2
      vertex 30 -20 2
    endloop
  endfacet
  facet normal -0 0 1
    outer loop
      vertex 24.5 -0.5 2
      vertex 30 -20 2
      vertex 24.5 0.5 2
    endloop
  endfacet
  facet normal -0 0 1
    outer loop
      vertex 24.5 -9.5 2
      vertex 30 -20 2
      vertex 24.5 -0.5 2
    endloop
  endfacet
  facet normal -0 0 1
    outer loop
      vertex 24.5 -10.5 2
      vertex 30 -20 2
      vertex 24.5 -9.5 2
    endloop
  endfacet
  facet normal -0 0 1
    outer loop
      vertex 24.5 -19.5 2
      vertex 30 -20 2
      vertex 24.5 -10.5 2
    endloop
  endfacet
  facet normal 0 0 1
    outer loop
      vertex 23.2671 -20 2
      vertex 24.5 -19.5 2
      vertex 23.401 -19.5 2
    endloop
  endfacet
  facet normal 0 0 1
    outer loop
      vertex 24.5 -19.5 2
      vertex 23.2671 -20 2
      vertex 30 -20 2
    endloop
  endfacet
  facet normal -0 0 1
    outer loop
      vertex 21.3731 -0.273126 2
      vertex 24.5 -0.5 2
      vertex 21.4 0 2
    endloop
  endfacet
  facet normal 0 0 1
    outer loop
      vertex 24.5 -0.5 2
      vertex 21.3731 -0.273126 2
      vertex 21.3043 -0.5 2
    endloop
  endfacet
  facet normal 0 0 1
    outer loop
      vertex 15.5 -0.5 2
      vertex 18.6 0 2
      vertex 15.5 0.5 2
    endloop
  endfacet
  facet normal 0 0 1
    outer loop
      vertex 18.6 0 2
      vertex 15.5 -0.5 2
      vertex 18.6269 -0.273126 2
    endloop
  endfacet
  facet normal 0 0 1
    outer loop
      vertex 18.6269 -0.273126 2
      vertex 15.5 -0.5 2
      vertex 18.6957 -0.5 2
    endloop
  endfacet
  facet normal 0 0 -1
    outer loop
      vertex 1.4 20 2
      vertex 1.29343 20.5358 2
      vertex 1.3731 20.2731 2
    endloop
  endfacet
  facet normal 0 0 -1
    outer loop
      vertex 1.4 20 2
      vertex 1.16406 20.7778 2
      vertex 1.29343 20.5358 2
    endloop
  endfacet
  facet normal 0 0 -1
    outer loop
      vertex 1.4 20 2
      vertex 0.989949 20.9899 2
      vertex 1.16406 20.7778 2
    endloop
  endfacet
  facet normal 0 0 -1
    outer loop
      vertex 1.4 20 2
      vertex 0.777798 21.1641 2
      vertex 0.989949 20.9899 2
    endloop
  endfacet
  facet normal 0 0 -1
    outer loop
      vertex 1.4 20 2
      vertex 0.535756 21.2934 2
      vertex 0.777798 21.1641 2
    endloop
  endfacet
  facet normal 0 0 -1
    outer loop
      vertex 1.4 20 2
      vertex 0.273126 21.3731 2
      vertex 0.535756 21.2934 2
    endloop
  endfacet
  facet normal 0 0 -1
    outer loop
      vertex 1.4 20 2
      vertex 0 21.4 2
      vertex 0.273126 21.3731 2
    endloop
  endfacet
  facet normal 0 0 -1
    outer loop
      vertex 1.4 20 2
      vertex -0.273126 21.3731 2
      vertex 0 21.4 2
    endloop
  endfacet
  facet normal 0 0 -1
    outer loop
      vertex 1.4 20 2
      vertex -0.535756 21.2934 2
      vertex -0.273126 21.3731 2
    endloop
  endfacet
  facet normal 0 0 -1
    outer loop
      vertex 1.4 20 2
      vertex -0.777798 21.1641 2
      vertex -0.535756 21.2934 2
    endloop
  endfacet
  facet normal 0 0 -1
    outer loop
      vertex 1.4 20 2
      vertex -0.989949 20.9899 2
      vertex -0.777798 21.1641 2
    endloop
  endfacet
  facet normal 0 0 -1
    outer loop
      vertex 1.4 20 2
      vertex -1.16406 20.7778 2
      vertex -0.989949 20.9899 2
    endloop
  endfacet
  facet normal 0 0 -1
    outer loop
      vertex 1.4 20 2
      vertex -1.29343 20.5358 2
      vertex -1.16406 20.7778 2
    endloop
  endfacet
  facet normal 0 0 -1
    outer loop
      vertex 1.4 20 2
      vertex -1.3731 20.2731 2
      vertex -1.29343 20.5358 2
    endloop
  endfacet
  facet normal 0 -0 -1
    outer loop
      vertex -1.3731 20.2731 2
      vertex 1.4 20 2
      vertex -1.4 20 2
    endloop
  endfacet
  facet normal 0 0 -1
    outer loop
      vertex 1.29343 -20.5358 2
      vertex 1.4 -20 2
      vertex 1.3731 -20.2731 2
    endloop
  endfacet
  facet normal 0 0 -1
    outer loop
      vertex 1.16406 -20.7778 2
      vertex 1.4 -20 2
      vertex 1.29343 -20.5358 2
    endloop
  endfacet
  facet normal 0 0 -1
    outer loop
      vertex 0.989949 -20.9899 2
      vertex 1.4 -20 2
      vertex 1.16406 -20.7778 2
    endloop
  endfacet
  facet normal 0 0 -1
    outer loop
      vertex 0.777798 -21.1641 2
      vertex 1.4 -20 2
      vertex 0.989949 -20.9899 2
    endloop
  endfacet
  facet normal 0 0 -1
    outer loop
      vertex 0.535756 -21.2934 2
      vertex 1.4 -20 2
      vertex 0.777798 -21.1641 2
    endloop
  endfacet
  facet normal 0 0 -1
    outer loop
      vertex 0.273126 -21.3731 2
      vertex 1.4 -20 2
      vertex 0.535756 -21.2934 2
    endloop
  endfacet
  facet normal 0 0 -1
    outer loop
      vertex 0 -21.4 2
      vertex 1.4 -20 2
      vertex 0.273126 -21.3731 2
    endloop
  endfacet
  facet normal 0 0 -1
    outer loop
      vertex -0.273126 -21.3731 2
      vertex 1.4 -20 2
      vertex 0 -21.4 2
    endloop
  endfacet
  facet normal 0 0 -1
    outer loop
      vertex -0.535756 -21.2934 2
      vertex 1.4 -20 2
      vertex -0.273126 -21.3731 2
    endloop
  endfacet
  facet normal 0 0 -1
    outer loop
      vertex -0.777798 -21.1641 2
      vertex 1.4 -20 2
      vertex -0.535756 -21.2934 2
    endloop
  endfacet
  facet normal 0 0 -1
    outer loop
      vertex -0.989949 -20.9899 2
      vertex 1.4 -20 2
      vertex -0.777798 -21.1641 2
    endloop
  endfacet
  facet normal 0 0 -1
    outer loop
      vertex -1.16406 -20.7778 2
      vertex 1.4 -20 2
      vertex -0.989949 -20.9899 2
    endloop
  endfacet
  facet normal 0 0 -1
    outer loop
      vertex -1.29343 -20.5358 2
      vertex 1.4 -20 2
      vertex -1.16406 -20.7778 2
    endloop
  endfacet
  facet normal 0 0 -1
    outer loop
      vertex -1.3731 -20.2731 2
      vertex 1.4 -20 2
      vertex -1.29343 -20.5358 2
    endloop
  endfacet
  facet normal -0 0 -1
    outer loop
      vertex 1.4 -20 2
      vertex -1.3731 -20.2731 2
      vertex -1.4 -20 2
    endloop
  endfacet
  facet normal 0.995185 0.0980151 0
    outer loop
      vertex 21.4 0 6
      vertex 21.3731 0.273126 2
      vertex 21.3731 0.273126 6
    endloop
  endfacet
  facet normal 0.995185 0.0980151 0
    outer loop
      vertex 21.3731 0.273126 2
      vertex 21.4 0 6
      vertex 21.4 0 2
    endloop
  endfacet
  facet normal 0.772846 -0.634594 0
    outer loop
      vertex 20.9899 -0.989949 6
      vertex 21.1641 -0.777798 2.25
      vertex 21.1641 -0.777798 6
    endloop
  endfacet
  facet normal 0.772846 -0.634594 0
    outer loop
      vertex 21.1641 -0.777798 2.25
      vertex 20.9899 -0.989949 6
      vertex 20.9899 -0.989949 2.25
    endloop
  endfacet
  facet normal 0.956542 0.291596 0
    outer loop
      vertex 21.2934 0.535756 6
      vertex 21.3043 0.5 2.25
      vertex 21.2934 0.535756 2.25
    endloop
  endfacet
  facet normal 0.956908 0.290392 1.25473e-05
    outer loop
      vertex 21.3731 0.273126 6
      vertex 21.3043 0.5 2.25
      vertex 21.2934 0.535756 6
    endloop
  endfacet
  facet normal 0.956965 0.290202 -0
    outer loop
      vertex 21.3731 0.273126 2
      vertex 21.3043 0.5 2.25
      vertex 21.3731 0.273126 6
    endloop
  endfacet
  facet normal 0.956965 0.290202 0
    outer loop
      vertex 21.3043 0.5 2.25
      vertex 21.3731 0.273126 2
      vertex 21.3043 0.5 2
    endloop
  endfacet
  facet normal 0.634491 -0.77293 0
    outer loop
      vertex 20.7778 -1.16406 2.25
      vertex 20.9899 -0.989949 6
      vertex 20.7778 -1.16406 6
    endloop
  endfacet
  facet normal 0.634491 -0.77293 0
    outer loop
      vertex 20.9899 -0.989949 6
      vertex 20.7778 -1.16406 2.25
      vertex 20.9899 -0.989949 2.25
    endloop
  endfacet
  facet normal -0.956965 0.290202 0
    outer loop
      vertex 18.6957 0.5 2
      vertex 18.6269 0.273126 2
      vertex 18.6957 0.5 2.25
    endloop
  endfacet
  facet normal -0.956542 0.291596 0
    outer loop
      vertex 18.6957 0.5 2.25
      vertex 18.7066 0.535756 6
      vertex 18.7066 0.535756 2.25
    endloop
  endfacet
  facet normal -0.956965 0.290202 0
    outer loop
      vertex 18.6269 0.273126 6
      vertex 18.6957 0.5 2.25
      vertex 18.6269 0.273126 2
    endloop
  endfacet
  facet normal -0.956908 0.290392 1.25473e-05
    outer loop
      vertex 18.6957 0.5 2.25
      vertex 18.6269 0.273126 6
      vertex 18.7066 0.535756 6
    endloop
  endfacet
  facet normal -0.290221 -0.95696 0
    outer loop
      vertex 19.4642 -1.29343 2.25
      vertex 19.7269 -1.3731 6
      vertex 19.4642 -1.29343 6
    endloop
  endfacet
  facet normal -0.290221 -0.95696 -0
    outer loop
      vertex 19.7269 -1.3731 6
      vertex 19.4642 -1.29343 2.25
      vertex 19.7269 -1.3731 2.25
    endloop
  endfacet
  facet normal 0.0980244 -0.995184 0
    outer loop
      vertex 20 -1.4 2.25
      vertex 20.2731 -1.3731 6
      vertex 20 -1.4 6
    endloop
  endfacet
  facet normal 0.0980244 -0.995184 0
    outer loop
      vertex 20.2731 -1.3731 6
      vertex 20 -1.4 2.25
      vertex 20.2731 -1.3731 2.25
    endloop
  endfacet
  facet normal -0.634313 -0.773077 0
    outer loop
      vertex 19.01 -0.989949 2.25
      vertex 19.2222 -1.16406 6
      vertex 19.01 -0.989949 6
    endloop
  endfacet
  facet normal -0.634313 -0.773077 -0
    outer loop
      vertex 19.2222 -1.16406 6
      vertex 19.01 -0.989949 2.25
      vertex 19.2222 -1.16406 2.25
    endloop
  endfacet
  facet normal 0.471449 -0.881894 0
    outer loop
      vertex 20.5358 -1.29343 2.25
      vertex 20.7778 -1.16406 6
      vertex 20.5358 -1.29343 6
    endloop
  endfacet
  facet normal 0.471449 -0.881894 0
    outer loop
      vertex 20.7778 -1.16406 6
      vertex 20.5358 -1.29343 2.25
      vertex 20.7778 -1.16406 2.25
    endloop
  endfacet
  facet normal -0.290221 0.95696 0
    outer loop
      vertex 19.7269 1.3731 2.25
      vertex 19.4642 1.29343 6
      vertex 19.7269 1.3731 6
    endloop
  endfacet
  facet normal -0.290221 0.95696 0
    outer loop
      vertex 19.4642 1.29343 6
      vertex 19.7269 1.3731 2.25
      vertex 19.4642 1.29343 2.25
    endloop
  endfacet
  facet normal 0.882034 -0.471187 0
    outer loop
      vertex 21.1641 -0.777798 6
      vertex 21.2934 -0.535756 2.25
      vertex 21.2934 -0.535756 6
    endloop
  endfacet
  facet normal 0.882034 -0.471187 0
    outer loop
      vertex 21.2934 -0.535756 2.25
      vertex 21.1641 -0.777798 6
      vertex 21.1641 -0.777798 2.25
    endloop
  endfacet
  facet normal 0.634491 0.77293 -0
    outer loop
      vertex 20.9899 0.989949 2.25
      vertex 20.7778 1.16406 6
      vertex 20.9899 0.989949 6
    endloop
  endfacet
  facet normal 0.634491 0.77293 0
    outer loop
      vertex 20.7778 1.16406 6
      vertex 20.9899 0.989949 2.25
      vertex 20.7778 1.16406 2.25
    endloop
  endfacet
  facet normal 0.956965 -0.290202 0
    outer loop
      vertex 21.3731 -0.273126 6
      vertex 21.3043 -0.5 2.25
      vertex 21.3731 -0.273126 2
    endloop
  endfacet
  facet normal 0.956908 -0.290392 1.25473e-05
    outer loop
      vertex 21.2934 -0.535756 6
      vertex 21.3043 -0.5 2.25
      vertex 21.3731 -0.273126 6
    endloop
  endfacet
  facet normal 0.956542 -0.291596 0
    outer loop
      vertex 21.3043 -0.5 2.25
      vertex 21.2934 -0.535756 6
      vertex 21.2934 -0.535756 2.25
    endloop
  endfacet
  facet normal 0.956965 -0.290202 0
    outer loop
      vertex 21.3731 -0.273126 2
      vertex 21.3043 -0.5 2.25
      vertex 21.3043 -0.5 2
    endloop
  endfacet
  facet normal -0.773024 -0.634376 0
    outer loop
      vertex 19.01 -0.989949 2.25
      vertex 18.8359 -0.777798 6
      vertex 18.8359 -0.777798 2.25
    endloop
  endfacet
  facet normal -0.773024 -0.634376 0
    outer loop
      vertex 18.8359 -0.777798 6
      vertex 19.01 -0.989949 2.25
      vertex 19.01 -0.989949 6
    endloop
  endfacet
  facet normal 0.772846 0.634594 0
    outer loop
      vertex 21.1641 0.777798 6
      vertex 20.9899 0.989949 2.25
      vertex 20.9899 0.989949 6
    endloop
  endfacet
  facet normal 0.772846 0.634594 0
    outer loop
      vertex 20.9899 0.989949 2.25
      vertex 21.1641 0.777798 6
      vertex 21.1641 0.777798 2.25
    endloop
  endfacet
  facet normal 0.471449 0.881894 -0
    outer loop
      vertex 20.7778 1.16406 2.25
      vertex 20.5358 1.29343 6
      vertex 20.7778 1.16406 6
    endloop
  endfacet
  facet normal 0.471449 0.881894 0
    outer loop
      vertex 20.5358 1.29343 6
      vertex 20.7778 1.16406 2.25
      vertex 20.5358 1.29343 2.25
    endloop
  endfacet
  facet normal -0.882034 -0.471187 0
    outer loop
      vertex 18.8359 -0.777798 2.25
      vertex 18.7066 -0.535756 6
      vertex 18.7066 -0.535756 2.25
    endloop
  endfacet
  facet normal -0.882034 -0.471187 0
    outer loop
      vertex 18.7066 -0.535756 6
      vertex 18.8359 -0.777798 2.25
      vertex 18.8359 -0.777798 6
    endloop
  endfacet
  facet normal -0.471449 0.881894 0
    outer loop
      vertex 19.4642 1.29343 2.25
      vertex 19.2222 1.16406 6
      vertex 19.4642 1.29343 6
    endloop
  endfacet
  facet normal -0.471449 0.881894 0
    outer loop
      vertex 19.2222 1.16406 6
      vertex 19.4642 1.29343 2.25
      vertex 19.2222 1.16406 2.25
    endloop
  endfacet
  facet normal 0 0 1
    outer loop
      vertex 21.3731 0.273126 6
      vertex 21.3731 -0.273126 6
      vertex 21.4 0 6
    endloop
  endfacet
  facet normal 0 0 1
    outer loop
      vertex 21.2934 0.535756 6
      vertex 21.3731 -0.273126 6
      vertex 21.3731 0.273126 6
    endloop
  endfacet
  facet normal 0 0 1
    outer loop
      vertex 21.2934 0.535756 6
      vertex 21.2934 -0.535756 6
      vertex 21.3731 -0.273126 6
    endloop
  endfacet
  facet normal 0 0 1
    outer loop
      vertex 21.1641 0.777798 6
      vertex 21.2934 -0.535756 6
      vertex 21.2934 0.535756 6
    endloop
  endfacet
  facet normal 0 0 1
    outer loop
      vertex 21.1641 0.777798 6
      vertex 21.1641 -0.777798 6
      vertex 21.2934 -0.535756 6
    endloop
  endfacet
  facet normal 0 0 1
    outer loop
      vertex 20.9899 0.989949 6
      vertex 21.1641 -0.777798 6
      vertex 21.1641 0.777798 6
    endloop
  endfacet
  facet normal 0 0 1
    outer loop
      vertex 20.9899 0.989949 6
      vertex 20.9899 -0.989949 6
      vertex 21.1641 -0.777798 6
    endloop
  endfacet
  facet normal 0 0 1
    outer loop
      vertex 20.7778 1.16406 6
      vertex 20.9899 -0.989949 6
      vertex 20.9899 0.989949 6
    endloop
  endfacet
  facet normal 0 0 1
    outer loop
      vertex 20.7778 1.16406 6
      vertex 20.7778 -1.16406 6
      vertex 20.9899 -0.989949 6
    endloop
  endfacet
  facet normal 0 0 1
    outer loop
      vertex 20.5358 1.29343 6
      vertex 20.7778 -1.16406 6
      vertex 20.7778 1.16406 6
    endloop
  endfacet
  facet normal 0 0 1
    outer loop
      vertex 20.5358 1.29343 6
      vertex 20.5358 -1.29343 6
      vertex 20.7778 -1.16406 6
    endloop
  endfacet
  facet normal 0 0 1
    outer loop
      vertex 20.2731 1.3731 6
      vertex 20.5358 -1.29343 6
      vertex 20.5358 1.29343 6
    endloop
  endfacet
  facet normal 0 0 1
    outer loop
      vertex 20.2731 1.3731 6
      vertex 20.2731 -1.3731 6
      vertex 20.5358 -1.29343 6
    endloop
  endfacet
  facet normal 0 0 1
    outer loop
      vertex 20 1.4 6
      vertex 20.2731 -1.3731 6
      vertex 20.2731 1.3731 6
    endloop
  endfacet
  facet normal 0 0 1
    outer loop
      vertex 20 1.4 6
      vertex 20 -1.4 6
      vertex 20.2731 -1.3731 6
    endloop
  endfacet
  facet normal -0 0 1
    outer loop
      vertex 19.7269 1.3731 6
      vertex 20 -1.4 6
      vertex 20 1.4 6
    endloop
  endfacet
  facet normal 0 0 1
    outer loop
      vertex 19.7269 1.3731 6
      vertex 19.7269 -1.3731 6
      vertex 20 -1.4 6
    endloop
  endfacet
  facet normal -0 0 1
    outer loop
      vertex 19.4642 1.29343 6
      vertex 19.7269 -1.3731 6
      vertex 19.7269 1.3731 6
    endloop
  endfacet
  facet normal 0 0 1
    outer loop
      vertex 19.4642 1.29343 6
      vertex 19.4642 -1.29343 6
      vertex 19.7269 -1.3731 6
    endloop
  endfacet
  facet normal -0 0 1
    outer loop
      vertex 19.2222 1.16406 6
      vertex 19.4642 -1.29343 6
      vertex 19.4642 1.29343 6
    endloop
  endfacet
  facet normal 0 0 1
    outer loop
      vertex 19.2222 1.16406 6
      vertex 19.2222 -1.16406 6
      vertex 19.4642 -1.29343 6
    endloop
  endfacet
  facet normal -0 0 1
    outer loop
      vertex 19.01 0.989949 6
      vertex 19.2222 -1.16406 6
      vertex 19.2222 1.16406 6
    endloop
  endfacet
  facet normal 0 0 1
    outer loop
      vertex 19.01 0.989949 6
      vertex 19.01 -0.989949 6
      vertex 19.2222 -1.16406 6
    endloop
  endfacet
  facet normal -0 0 1
    outer loop
      vertex 18.8359 0.777798 6
      vertex 19.01 -0.989949 6
      vertex 19.01 0.989949 6
    endloop
  endfacet
  facet normal 0 0 1
    outer loop
      vertex 18.8359 0.777798 6
      vertex 18.8359 -0.777798 6
      vertex 19.01 -0.989949 6
    endloop
  endfacet
  facet normal -0 0 1
    outer loop
      vertex 18.7066 0.535756 6
      vertex 18.8359 -0.777798 6
      vertex 18.8359 0.777798 6
    endloop
  endfacet
  facet normal 0 0 1
    outer loop
      vertex 18.7066 0.535756 6
      vertex 18.7066 -0.535756 6
      vertex 18.8359 -0.777798 6
    endloop
  endfacet
  facet normal -0 0 1
    outer loop
      vertex 18.6269 0.273126 6
      vertex 18.7066 -0.535756 6
      vertex 18.7066 0.535756 6
    endloop
  endfacet
  facet normal 0 0 1
    outer loop
      vertex 18.6269 0.273126 6
      vertex 18.6269 -0.273126 6
      vertex 18.7066 -0.535756 6
    endloop
  endfacet
  facet normal 0 -0 1
    outer loop
      vertex 18.6269 -0.273126 6
      vertex 18.6269 0.273126 6
      vertex 18.6 0 6
    endloop
  endfacet
  facet normal -0.995185 -0.0980151 0
    outer loop
      vertex 18.6269 -0.273126 2
      vertex 18.6 0 6
      vertex 18.6 0 2
    endloop
  endfacet
  facet normal -0.995185 -0.0980151 0
    outer loop
      vertex 18.6 0 6
      vertex 18.6269 -0.273126 2
      vertex 18.6269 -0.273126 6
    endloop
  endfacet
  facet normal -0.773024 0.634376 0
    outer loop
      vertex 18.8359 0.777798 2.25
      vertex 19.01 0.989949 6
      vertex 19.01 0.989949 2.25
    endloop
  endfacet
  facet normal -0.773024 0.634376 0
    outer loop
      vertex 19.01 0.989949 6
      vertex 18.8359 0.777798 2.25
      vertex 18.8359 0.777798 6
    endloop
  endfacet
  facet normal -0.956965 -0.290202 -0
    outer loop
      vertex 18.6957 -0.5 2.25
      vertex 18.6269 -0.273126 2
      vertex 18.6957 -0.5 2
    endloop
  endfacet
  facet normal -0.956965 -0.290202 0
    outer loop
      vertex 18.6269 -0.273126 2
      vertex 18.6957 -0.5 2.25
      vertex 18.6269 -0.273126 6
    endloop
  endfacet
  facet normal -0.956542 -0.291596 -0
    outer loop
      vertex 18.7066 -0.535756 6
      vertex 18.6957 -0.5 2.25
      vertex 18.7066 -0.535756 2.25
    endloop
  endfacet
  facet normal -0.956908 -0.290392 1.25473e-05
    outer loop
      vertex 18.6957 -0.5 2.25
      vertex 18.7066 -0.535756 6
      vertex 18.6269 -0.273126 6
    endloop
  endfacet
  facet normal 0.0980244 0.995184 -0
    outer loop
      vertex 20.2731 1.3731 2.25
      vertex 20 1.4 6
      vertex 20.2731 1.3731 6
    endloop
  endfacet
  facet normal 0.0980244 0.995184 0
    outer loop
      vertex 20 1.4 6
      vertex 20.2731 1.3731 2.25
      vertex 20 1.4 2.25
    endloop
  endfacet
  facet normal -0.0980244 0.995184 0
    outer loop
      vertex 20 1.4 2.25
      vertex 19.7269 1.3731 6
      vertex 20 1.4 6
    endloop
  endfacet
  facet normal -0.0980244 0.995184 0
    outer loop
      vertex 19.7269 1.3731 6
      vertex 20 1.4 2.25
      vertex 19.7269 1.3731 2.25
    endloop
  endfacet
  facet normal -0.882034 0.471187 0
    outer loop
      vertex 18.7066 0.535756 2.25
      vertex 18.8359 0.777798 6
      vertex 18.8359 0.777798 2.25
    endloop
  endfacet
  facet normal -0.882034 0.471187 0
    outer loop
      vertex 18.8359 0.777798 6
      vertex 18.7066 0.535756 2.25
      vertex 18.7066 0.535756 6
    endloop
  endfacet
  facet normal -0.0980244 -0.995184 0
    outer loop
      vertex 19.7269 -1.3731 2.25
      vertex 20 -1.4 6
      vertex 19.7269 -1.3731 6
    endloop
  endfacet
  facet normal -0.0980244 -0.995184 -0
    outer loop
      vertex 20 -1.4 6
      vertex 19.7269 -1.3731 2.25
      vertex 20 -1.4 2.25
    endloop
  endfacet
  facet normal 0.634594 0.772846 -0
    outer loop
      vertex 0.989949 20.9899 2
      vertex 0.777798 21.1641 6
      vertex 0.989949 20.9899 6
    endloop
  endfacet
  facet normal 0.634594 0.772846 0
    outer loop
      vertex 0.777798 21.1641 6
      vertex 0.989949 20.9899 2
      vertex 0.777798 21.1641 2
    endloop
  endfacet
  facet normal -0.290392 0.956908 0
    outer loop
      vertex -0.273126 21.3731 2
      vertex -0.535756 21.2934 6
      vertex -0.273126 21.3731 6
    endloop
  endfacet
  facet normal -0.290392 0.956908 0
    outer loop
      vertex -0.535756 21.2934 6
      vertex -0.273126 21.3731 2
      vertex -0.535756 21.2934 2
    endloop
  endfacet
  facet normal -0.0980151 0.995185 0
    outer loop
      vertex 0 21.4 2
      vertex -0.273126 21.3731 6
      vertex 0 21.4 6
    endloop
  endfacet
  facet normal -0.0980151 0.995185 0
    outer loop
      vertex -0.273126 21.3731 6
      vertex 0 21.4 2
      vertex -0.273126 21.3731 2
    endloop
  endfacet
  facet normal -0.471187 0.882034 0
    outer loop
      vertex -0.535756 21.2934 2
      vertex -0.777798 21.1641 6
      vertex -0.535756 21.2934 6
    endloop
  endfacet
  facet normal -0.471187 0.882034 0
    outer loop
      vertex -0.777798 21.1641 6
      vertex -0.535756 21.2934 2
      vertex -0.777798 21.1641 2
    endloop
  endfacet
  facet normal -0.995184 -0.0980244 0
    outer loop
      vertex -1.3731 19.7269 2
      vertex -1.4 20 6
      vertex -1.4 20 2
    endloop
  endfacet
  facet normal -0.995184 -0.0980244 0
    outer loop
      vertex -1.4 20 6
      vertex -1.3731 19.7269 2
      vertex -1.3731 19.7269 6
    endloop
  endfacet
  facet normal 0.0980151 0.995185 -0
    outer loop
      vertex 0.273126 21.3731 2
      vertex 0 21.4 6
      vertex 0.273126 21.3731 6
    endloop
  endfacet
  facet normal 0.0980151 0.995185 0
    outer loop
      vertex 0 21.4 6
      vertex 0.273126 21.3731 2
      vertex 0 21.4 2
    endloop
  endfacet
  facet normal 0.881894 -0.471449 0
    outer loop
      vertex 1.16406 19.2222 6
      vertex 1.29343 19.4642 2.25
      vertex 1.29343 19.4642 6
    endloop
  endfacet
  facet normal 0.881894 -0.471449 0
    outer loop
      vertex 1.29343 19.4642 2.25
      vertex 1.16406 19.2222 6
      vertex 1.16406 19.2222 2.25
    endloop
  endfacet
  facet normal 0.77293 0.634491 0
    outer loop
      vertex 1.16406 20.7778 6
      vertex 0.989949 20.9899 2
      vertex 0.989949 20.9899 6
    endloop
  endfacet
  facet normal 0.77293 0.634491 0
    outer loop
      vertex 0.989949 20.9899 2
      vertex 1.16406 20.7778 6
      vertex 1.16406 20.7778 2
    endloop
  endfacet
  facet normal -0.634594 0.772846 0
    outer loop
      vertex -0.777798 21.1641 2
      vertex -0.989949 20.9899 6
      vertex -0.777798 21.1641 6
    endloop
  endfacet
  facet normal -0.634594 0.772846 0
    outer loop
      vertex -0.989949 20.9899 6
      vertex -0.777798 21.1641 2
      vertex -0.989949 20.9899 2
    endloop
  endfacet
  facet normal -0.471187 -0.882034 0
    outer loop
      vertex -0.777798 18.8359 2.25
      vertex -0.535756 18.7066 6
      vertex -0.777798 18.8359 6
    endloop
  endfacet
  facet normal -0.471187 -0.882034 -0
    outer loop
      vertex -0.535756 18.7066 6
      vertex -0.777798 18.8359 2.25
      vertex -0.535756 18.7066 2.25
    endloop
  endfacet
  facet normal 0 0 1
    outer loop
      vertex 1.3731 20.2731 6
      vertex 1.3731 19.7269 6
      vertex 1.4 20 6
    endloop
  endfacet
  facet normal 0 0 1
    outer loop
      vertex 1.29343 20.5358 6
      vertex 1.3731 19.7269 6
      vertex 1.3731 20.2731 6
    endloop
  endfacet
  facet normal 0 0 1
    outer loop
      vertex 1.29343 20.5358 6
      vertex 1.29343 19.4642 6
      vertex 1.3731 19.7269 6
    endloop
  endfacet
  facet normal 0 0 1
    outer loop
      vertex 1.16406 20.7778 6
      vertex 1.29343 19.4642 6
      vertex 1.29343 20.5358 6
    endloop
  endfacet
  facet normal 0 0 1
    outer loop
      vertex 1.16406 20.7778 6
      vertex 1.16406 19.2222 6
      vertex 1.29343 19.4642 6
    endloop
  endfacet
  facet normal 0 0 1
    outer loop
      vertex 0.989949 20.9899 6
      vertex 1.16406 19.2222 6
      vertex 1.16406 20.7778 6
    endloop
  endfacet
  facet normal 0 0 1
    outer loop
      vertex 0.989949 20.9899 6
      vertex 0.989949 19.01 6
      vertex 1.16406 19.2222 6
    endloop
  endfacet
  facet normal 0 0 1
    outer loop
      vertex 0.777798 21.1641 6
      vertex 0.989949 19.01 6
      vertex 0.989949 20.9899 6
    endloop
  endfacet
  facet normal 0 0 1
    outer loop
      vertex 0.777798 21.1641 6
      vertex 0.777798 18.8359 6
      vertex 0.989949 19.01 6
    endloop
  endfacet
  facet normal 0 0 1
    outer loop
      vertex 0.535756 21.2934 6
      vertex 0.777798 18.8359 6
      vertex 0.777798 21.1641 6
    endloop
  endfacet
  facet normal 0 0 1
    outer loop
      vertex 0.535756 21.2934 6
      vertex 0.535756 18.7066 6
      vertex 0.777798 18.8359 6
    endloop
  endfacet
  facet normal 0 0 1
    outer loop
      vertex 0.273126 21.3731 6
      vertex 0.535756 18.7066 6
      vertex 0.535756 21.2934 6
    endloop
  endfacet
  facet normal 0 0 1
    outer loop
      vertex 0.273126 21.3731 6
      vertex 0.273126 18.6269 6
      vertex 0.535756 18.7066 6
    endloop
  endfacet
  facet normal 0 0 1
    outer loop
      vertex 0 21.4 6
      vertex 0.273126 18.6269 6
      vertex 0.273126 21.3731 6
    endloop
  endfacet
  facet normal 0 0 1
    outer loop
      vertex 0 21.4 6
      vertex 0 18.6 6
      vertex 0.273126 18.6269 6
    endloop
  endfacet
  facet normal -0 0 1
    outer loop
      vertex -0.273126 21.3731 6
      vertex 0 18.6 6
      vertex 0 21.4 6
    endloop
  endfacet
  facet normal 0 0 1
    outer loop
      vertex -0.273126 21.3731 6
      vertex -0.273126 18.6269 6
      vertex 0 18.6 6
    endloop
  endfacet
  facet normal -0 0 1
    outer loop
      vertex -0.535756 21.2934 6
      vertex -0.273126 18.6269 6
      vertex -0.273126 21.3731 6
    endloop
  endfacet
  facet normal 0 0 1
    outer loop
      vertex -0.535756 21.2934 6
      vertex -0.535756 18.7066 6
      vertex -0.273126 18.6269 6
    endloop
  endfacet
  facet normal -0 0 1
    outer loop
      vertex -0.777798 21.1641 6
      vertex -0.535756 18.7066 6
      vertex -0.535756 21.2934 6
    endloop
  endfacet
  facet normal 0 0 1
    outer loop
      vertex -0.777798 21.1641 6
      vertex -0.777798 18.8359 6
      vertex -0.535756 18.7066 6
    endloop
  endfacet
  facet normal -0 0 1
    outer loop
      vertex -0.989949 20.9899 6
      vertex -0.777798 18.8359 6
      vertex -0.777798 21.1641 6
    endloop
  endfacet
  facet normal 0 0 1
    outer loop
      vertex -0.989949 20.9899 6
      vertex -0.989949 19.01 6
      vertex -0.777798 18.8359 6
    endloop
  endfacet
  facet normal -0 0 1
    outer loop
      vertex -1.16406 20.7778 6
      vertex -0.989949 19.01 6
      vertex -0.989949 20.9899 6
    endloop
  endfacet
  facet normal 0 0 1
    outer loop
      vertex -1.16406 20.7778 6
      vertex -1.16406 19.2222 6
      vertex -0.989949 19.01 6
    endloop
  endfacet
  facet normal -0 0 1
    outer loop
      vertex -1.29343 20.5358 6
      vertex -1.16406 19.2222 6
      vertex -1.16406 20.7778 6
    endloop
  endfacet
  facet normal 0 0 1
    outer loop
      vertex -1.29343 20.5358 6
      vertex -1.29343 19.4642 6
      vertex -1.16406 19.2222 6
    endloop
  endfacet
  facet normal -0 0 1
    outer loop
      vertex -1.3731 20.2731 6
      vertex -1.29343 19.4642 6
      vertex -1.29343 20.5358 6
    endloop
  endfacet
  facet normal 0 0 1
    outer loop
      vertex -1.3731 20.2731 6
      vertex -1.3731 19.7269 6
      vertex -1.29343 19.4642 6
    endloop
  endfacet
  facet normal 0 -0 1
    outer loop
      vertex -1.3731 19.7269 6
      vertex -1.3731 20.2731 6
      vertex -1.4 20 6
    endloop
  endfacet
  facet normal 0.290392 0.956908 -0
    outer loop
      vertex 0.535756 21.2934 2
      vertex 0.273126 21.3731 6
      vertex 0.535756 21.2934 6
    endloop
  endfacet
  facet normal 0.290392 0.956908 0
    outer loop
      vertex 0.273126 21.3731 6
      vertex 0.535756 21.2934 2
      vertex 0.273126 21.3731 2
    endloop
  endfacet
  facet normal -0.881894 -0.471449 0
    outer loop
      vertex -1.16406 19.2222 2.25
      vertex -1.29343 19.4642 6
      vertex -1.29343 19.4642 2.25
    endloop
  endfacet
  facet normal -0.881894 -0.471449 0
    outer loop
      vertex -1.29343 19.4642 6
      vertex -1.16406 19.2222 2.25
      vertex -1.16406 19.2222 6
    endloop
  endfacet
  facet normal -0.773077 -0.634313 0
    outer loop
      vertex -0.989949 19.01 2.25
      vertex -1.16406 19.2222 6
      vertex -1.16406 19.2222 2.25
    endloop
  endfacet
  facet normal -0.773077 -0.634313 0
    outer loop
      vertex -1.16406 19.2222 6
      vertex -0.989949 19.01 2.25
      vertex -0.989949 19.01 6
    endloop
  endfacet
  facet normal -0.956951 -0.290249 -0
    outer loop
      vertex -1.30428 19.5 2.25
      vertex -1.3731 19.7269 2
      vertex -1.30428 19.5 2
    endloop
  endfacet
  facet normal -0.956951 -0.290249 0
    outer loop
      vertex -1.3731 19.7269 2
      vertex -1.30428 19.5 2.25
      vertex -1.3731 19.7269 6
    endloop
  endfacet
  facet normal -0.957013 -0.290044 -0
    outer loop
      vertex -1.29343 19.4642 6
      vertex -1.30428 19.5 2.25
      vertex -1.29343 19.4642 2.25
    endloop
  endfacet
  facet normal -0.95696 -0.290221 -1.83694e-06
    outer loop
      vertex -1.30428 19.5 2.25
      vertex -1.29343 19.4642 6
      vertex -1.3731 19.7269 6
    endloop
  endfacet
  facet normal 0.471187 -0.882034 0
    outer loop
      vertex 0.535756 18.7066 2.25
      vertex 0.777798 18.8359 6
      vertex 0.535756 18.7066 6
    endloop
  endfacet
  facet normal 0.471187 -0.882034 0
    outer loop
      vertex 0.777798 18.8359 6
      vertex 0.535756 18.7066 2.25
      vertex 0.777798 18.8359 2.25
    endloop
  endfacet
  facet normal 0.773077 -0.634313 0
    outer loop
      vertex 0.989949 19.01 6
      vertex 1.16406 19.2222 2.25
      vertex 1.16406 19.2222 6
    endloop
  endfacet
  facet normal 0.773077 -0.634313 0
    outer loop
      vertex 1.16406 19.2222 2.25
      vertex 0.989949 19.01 6
      vertex 0.989949 19.01 2.25
    endloop
  endfacet
  facet normal -0.95696 0.290221 0
    outer loop
      vertex -1.3731 20.2731 2
      vertex -1.29343 20.5358 6
      vertex -1.29343 20.5358 2
    endloop
  endfacet
  facet normal -0.95696 0.290221 0
    outer loop
      vertex -1.29343 20.5358 6
      vertex -1.3731 20.2731 2
      vertex -1.3731 20.2731 6
    endloop
  endfacet
  facet normal 0.881894 0.471449 0
    outer loop
      vertex 1.29343 20.5358 6
      vertex 1.16406 20.7778 2
      vertex 1.16406 20.7778 6
    endloop
  endfacet
  facet normal 0.881894 0.471449 0
    outer loop
      vertex 1.16406 20.7778 2
      vertex 1.29343 20.5358 6
      vertex 1.29343 20.5358 2
    endloop
  endfacet
  facet normal -0.995184 0.0980244 0
    outer loop
      vertex -1.4 20 2
      vertex -1.3731 20.2731 6
      vertex -1.3731 20.2731 2
    endloop
  endfacet
  facet normal -0.995184 0.0980244 0
    outer loop
      vertex -1.3731 20.2731 6
      vertex -1.4 20 2
      vertex -1.4 20 6
    endloop
  endfacet
  facet normal 0.95696 0.290221 0
    outer loop
      vertex 1.3731 20.2731 6
      vertex 1.29343 20.5358 2
      vertex 1.29343 20.5358 6
    endloop
  endfacet
  facet normal 0.95696 0.290221 0
    outer loop
      vertex 1.29343 20.5358 2
      vertex 1.3731 20.2731 6
      vertex 1.3731 20.2731 2
    endloop
  endfacet
  facet normal -0.290392 -0.956908 0
    outer loop
      vertex -0.535756 18.7066 2.25
      vertex -0.273126 18.6269 6
      vertex -0.535756 18.7066 6
    endloop
  endfacet
  facet normal -0.290392 -0.956908 -0
    outer loop
      vertex -0.273126 18.6269 6
      vertex -0.535756 18.7066 2.25
      vertex -0.273126 18.6269 2.25
    endloop
  endfacet
  facet normal 0.471187 0.882034 -0
    outer loop
      vertex 0.777798 21.1641 2
      vertex 0.535756 21.2934 6
      vertex 0.777798 21.1641 6
    endloop
  endfacet
  facet normal 0.471187 0.882034 0
    outer loop
      vertex 0.535756 21.2934 6
      vertex 0.777798 21.1641 2
      vertex 0.535756 21.2934 2
    endloop
  endfacet
  facet normal -0.77293 0.634491 0
    outer loop
      vertex -1.16406 20.7778 2
      vertex -0.989949 20.9899 6
      vertex -0.989949 20.9899 2
    endloop
  endfacet
  facet normal -0.77293 0.634491 0
    outer loop
      vertex -0.989949 20.9899 6
      vertex -1.16406 20.7778 2
      vertex -1.16406 20.7778 6
    endloop
  endfacet
  facet normal -0.881894 0.471449 0
    outer loop
      vertex -1.29343 20.5358 2
      vertex -1.16406 20.7778 6
      vertex -1.16406 20.7778 2
    endloop
  endfacet
  facet normal -0.881894 0.471449 0
    outer loop
      vertex -1.16406 20.7778 6
      vertex -1.29343 20.5358 2
      vertex -1.29343 20.5358 6
    endloop
  endfacet
  facet normal -0.0980151 -0.995185 0
    outer loop
      vertex -0.273126 18.6269 2.25
      vertex 0 18.6 6
      vertex -0.273126 18.6269 6
    endloop
  endfacet
  facet normal -0.0980151 -0.995185 -0
    outer loop
      vertex 0 18.6 6
      vertex -0.273126 18.6269 2.25
      vertex 0 18.6 2.25
    endloop
  endfacet
  facet normal 0.995184 0.0980244 0
    outer loop
      vertex 1.4 20 6
      vertex 1.3731 20.2731 2
      vertex 1.3731 20.2731 6
    endloop
  endfacet
  facet normal 0.995184 0.0980244 0
    outer loop
      vertex 1.3731 20.2731 2
      vertex 1.4 20 6
      vertex 1.4 20 2
    endloop
  endfacet
  facet normal 0.290392 -0.956908 0
    outer loop
      vertex 0.273126 18.6269 2.25
      vertex 0.535756 18.7066 6
      vertex 0.273126 18.6269 6
    endloop
  endfacet
  facet normal 0.290392 -0.956908 0
    outer loop
      vertex 0.535756 18.7066 6
      vertex 0.273126 18.6269 2.25
      vertex 0.535756 18.7066 2.25
    endloop
  endfacet
  facet normal 0.634376 -0.773024 0
    outer loop
      vertex 0.777798 18.8359 2.25
      vertex 0.989949 19.01 6
      vertex 0.777798 18.8359 6
    endloop
  endfacet
  facet normal 0.634376 -0.773024 0
    outer loop
      vertex 0.989949 19.01 6
      vertex 0.777798 18.8359 2.25
      vertex 0.989949 19.01 2.25
    endloop
  endfacet
  facet normal 0.0980151 -0.995185 0
    outer loop
      vertex 0 18.6 2.25
      vertex 0.273126 18.6269 6
      vertex 0 18.6 6
    endloop
  endfacet
  facet normal 0.0980151 -0.995185 0
    outer loop
      vertex 0.273126 18.6269 6
      vertex 0 18.6 2.25
      vertex 0.273126 18.6269 2.25
    endloop
  endfacet
  facet normal 0.995184 -0.0980244 0
    outer loop
      vertex 1.3731 19.7269 6
      vertex 1.4 20 2
      vertex 1.4 20 6
    endloop
  endfacet
  facet normal 0.995184 -0.0980244 0
    outer loop
      vertex 1.4 20 2
      vertex 1.3731 19.7269 6
      vertex 1.3731 19.7269 2
    endloop
  endfacet
  facet normal 0.956951 -0.290249 0
    outer loop
      vertex 1.3731 19.7269 6
      vertex 1.30428 19.5 2.25
      vertex 1.3731 19.7269 2
    endloop
  endfacet
  facet normal 0.95696 -0.290221 -1.83694e-06
    outer loop
      vertex 1.29343 19.4642 6
      vertex 1.30428 19.5 2.25
      vertex 1.3731 19.7269 6
    endloop
  endfacet
  facet normal 0.957013 -0.290044 0
    outer loop
      vertex 1.30428 19.5 2.25
      vertex 1.29343 19.4642 6
      vertex 1.29343 19.4642 2.25
    endloop
  endfacet
  facet normal 0.956951 -0.290249 0
    outer loop
      vertex 1.3731 19.7269 2
      vertex 1.30428 19.5 2.25
      vertex 1.30428 19.5 2
    endloop
  endfacet
  facet normal -0.634376 -0.773024 0
    outer loop
      vertex -0.989949 19.01 2.25
      vertex -0.777798 18.8359 6
      vertex -0.989949 19.01 6
    endloop
  endfacet
  facet normal -0.634376 -0.773024 -0
    outer loop
      vertex -0.777798 18.8359 6
      vertex -0.989949 19.01 2.25
      vertex -0.777798 18.8359 2.25
    endloop
  endfacet
  facet normal -0.772846 0.634594 0
    outer loop
      vertex -21.1641 0.777798 2.25
      vertex -20.9899 0.989949 6
      vertex -20.9899 0.989949 2.25
    endloop
  endfacet
  facet normal -0.772846 0.634594 0
    outer loop
      vertex -20.9899 0.989949 6
      vertex -21.1641 0.777798 2.25
      vertex -21.1641 0.777798 6
    endloop
  endfacet
  facet normal 0.956542 0.291596 0
    outer loop
      vertex -18.7066 0.535756 6
      vertex -18.6957 0.5 2.25
      vertex -18.7066 0.535756 2.25
    endloop
  endfacet
  facet normal 0.956908 0.290392 1.25473e-05
    outer loop
      vertex -18.6269 0.273126 6
      vertex -18.6957 0.5 2.25
      vertex -18.7066 0.535756 6
    endloop
  endfacet
  facet normal 0.956965 0.290202 -0
    outer loop
      vertex -18.6269 0.273126 2
      vertex -18.6957 0.5 2.25
      vertex -18.6269 0.273126 6
    endloop
  endfacet
  facet normal 0.956965 0.290202 0
    outer loop
      vertex -18.6957 0.5 2.25
      vertex -18.6269 0.273126 2
      vertex -18.6957 0.5 2
    endloop
  endfacet
  facet normal -0.882034 -0.471187 0
    outer loop
      vertex -21.1641 -0.777798 2.25
      vertex -21.2934 -0.535756 6
      vertex -21.2934 -0.535756 2.25
    endloop
  endfacet
  facet normal -0.882034 -0.471187 0
    outer loop
      vertex -21.2934 -0.535756 6
      vertex -21.1641 -0.777798 2.25
      vertex -21.1641 -0.777798 6
    endloop
  endfacet
  facet normal 0.0980244 -0.995184 0
    outer loop
      vertex -20 -1.4 2.25
      vertex -19.7269 -1.3731 6
      vertex -20 -1.4 6
    endloop
  endfacet
  facet normal 0.0980244 -0.995184 0
    outer loop
      vertex -19.7269 -1.3731 6
      vertex -20 -1.4 2.25
      vertex -19.7269 -1.3731 2.25
    endloop
  endfacet
  facet normal -0.995185 0.0980151 0
    outer loop
      vertex -21.4 0 2
      vertex -21.3731 0.273126 6
      vertex -21.3731 0.273126 2
    endloop
  endfacet
  facet normal -0.995185 0.0980151 0
    outer loop
      vertex -21.3731 0.273126 6
      vertex -21.4 0 2
      vertex -21.4 0 6
    endloop
  endfacet
  facet normal -0.290221 -0.95696 0
    outer loop
      vertex -20.5358 -1.29343 2.25
      vertex -20.2731 -1.3731 6
      vertex -20.5358 -1.29343 6
    endloop
  endfacet
  facet normal -0.290221 -0.95696 -0
    outer loop
      vertex -20.2731 -1.3731 6
      vertex -20.5358 -1.29343 2.25
      vertex -20.2731 -1.3731 2.25
    endloop
  endfacet
  facet normal -0.995185 -0.0980151 0
    outer loop
      vertex -21.3731 -0.273126 2
      vertex -21.4 0 6
      vertex -21.4 0 2
    endloop
  endfacet
  facet normal -0.995185 -0.0980151 0
    outer loop
      vertex -21.4 0 6
      vertex -21.3731 -0.273126 2
      vertex -21.3731 -0.273126 6
    endloop
  endfacet
  facet normal -0.634491 0.77293 0
    outer loop
      vertex -20.7778 1.16406 2.25
      vertex -20.9899 0.989949 6
      vertex -20.7778 1.16406 6
    endloop
  endfacet
  facet normal -0.634491 0.77293 0
    outer loop
      vertex -20.9899 0.989949 6
      vertex -20.7778 1.16406 2.25
      vertex -20.9899 0.989949 2.25
    endloop
  endfacet
  facet normal -0.772846 -0.634594 0
    outer loop
      vertex -20.9899 -0.989949 2.25
      vertex -21.1641 -0.777798 6
      vertex -21.1641 -0.777798 2.25
    endloop
  endfacet
  facet normal -0.772846 -0.634594 0
    outer loop
      vertex -21.1641 -0.777798 6
      vertex -20.9899 -0.989949 2.25
      vertex -20.9899 -0.989949 6
    endloop
  endfacet
  facet normal 0.471449 0.881894 -0
    outer loop
      vertex -19.2222 1.16406 2.25
      vertex -19.4642 1.29343 6
      vertex -19.2222 1.16406 6
    endloop
  endfacet
  facet normal 0.471449 0.881894 0
    outer loop
      vertex -19.4642 1.29343 6
      vertex -19.2222 1.16406 2.25
      vertex -19.4642 1.29343 2.25
    endloop
  endfacet
  facet normal 0.773024 0.634376 0
    outer loop
      vertex -18.8359 0.777798 6
      vertex -19.01 0.989949 2.25
      vertex -19.01 0.989949 6
    endloop
  endfacet
  facet normal 0.773024 0.634376 0
    outer loop
      vertex -19.01 0.989949 2.25
      vertex -18.8359 0.777798 6
      vertex -18.8359 0.777798 2.25
    endloop
  endfacet
  facet normal 0.882034 -0.471187 0
    outer loop
      vertex -18.8359 -0.777798 6
      vertex -18.7066 -0.535756 2.25
      vertex -18.7066 -0.535756 6
    endloop
  endfacet
  facet normal 0.882034 -0.471187 0
    outer loop
      vertex -18.7066 -0.535756 2.25
      vertex -18.8359 -0.777798 6
      vertex -18.8359 -0.777798 2.25
    endloop
  endfacet
  facet normal -0.956965 0.290202 0
    outer loop
      vertex -21.3043 0.5 2
      vertex -21.3731 0.273126 2
      vertex -21.3043 0.5 2.25
    endloop
  endfacet
  facet normal -0.956542 0.291596 0
    outer loop
      vertex -21.3043 0.5 2.25
      vertex -21.2934 0.535756 6
      vertex -21.2934 0.535756 2.25
    endloop
  endfacet
  facet normal -0.956965 0.290202 0
    outer loop
      vertex -21.3731 0.273126 6
      vertex -21.3043 0.5 2.25
      vertex -21.3731 0.273126 2
    endloop
  endfacet
  facet normal -0.956908 0.290392 1.25473e-05
    outer loop
      vertex -21.3043 0.5 2.25
      vertex -21.3731 0.273126 6
      vertex -21.2934 0.535756 6
    endloop
  endfacet
  facet normal 0.471449 -0.881894 0
    outer loop
      vertex -19.4642 -1.29343 2.25
      vertex -19.2222 -1.16406 6
      vertex -19.4642 -1.29343 6
    endloop
  endfacet
  facet normal 0.471449 -0.881894 0
    outer loop
      vertex -19.2222 -1.16406 6
      vertex -19.4642 -1.29343 2.25
      vertex -19.2222 -1.16406 2.25
    endloop
  endfacet
  facet normal 0.290221 0.95696 -0
    outer loop
      vertex -19.4642 1.29343 2.25
      vertex -19.7269 1.3731 6
      vertex -19.4642 1.29343 6
    endloop
  endfacet
  facet normal 0.290221 0.95696 0
    outer loop
      vertex -19.7269 1.3731 6
      vertex -19.4642 1.29343 2.25
      vertex -19.7269 1.3731 2.25
    endloop
  endfacet
  facet normal -0.0980244 -0.995184 0
    outer loop
      vertex -20.2731 -1.3731 2.25
      vertex -20 -1.4 6
      vertex -20.2731 -1.3731 6
    endloop
  endfacet
  facet normal -0.0980244 -0.995184 -0
    outer loop
      vertex -20 -1.4 6
      vertex -20.2731 -1.3731 2.25
      vertex -20 -1.4 2.25
    endloop
  endfacet
  facet normal 0.634313 -0.773077 0
    outer loop
      vertex -19.2222 -1.16406 2.25
      vertex -19.01 -0.989949 6
      vertex -19.2222 -1.16406 6
    endloop
  endfacet
  facet normal 0.634313 -0.773077 0
    outer loop
      vertex -19.01 -0.989949 6
      vertex -19.2222 -1.16406 2.25
      vertex -19.01 -0.989949 2.25
    endloop
  endfacet
  facet normal 0.290221 -0.95696 0
    outer loop
      vertex -19.7269 -1.3731 2.25
      vertex -19.4642 -1.29343 6
      vertex -19.7269 -1.3731 6
    endloop
  endfacet
  facet normal 0.290221 -0.95696 0
    outer loop
      vertex -19.4642 -1.29343 6
      vertex -19.7269 -1.3731 2.25
      vertex -19.4642 -1.29343 2.25
    endloop
  endfacet
  facet normal -0.956965 -0.290202 -0
    outer loop
      vertex -21.3043 -0.5 2.25
      vertex -21.3731 -0.273126 2
      vertex -21.3043 -0.5 2
    endloop
  endfacet
  facet normal -0.956965 -0.290202 0
    outer loop
      vertex -21.3731 -0.273126 2
      vertex -21.3043 -0.5 2.25
      vertex -21.3731 -0.273126 6
    endloop
  endfacet
  facet normal -0.956542 -0.291596 -0
    outer loop
      vertex -21.2934 -0.535756 6
      vertex -21.3043 -0.5 2.25
      vertex -21.2934 -0.535756 2.25
    endloop
  endfacet
  facet normal -0.956908 -0.290392 1.25473e-05
    outer loop
      vertex -21.3043 -0.5 2.25
      vertex -21.2934 -0.535756 6
      vertex -21.3731 -0.273126 6
    endloop
  endfacet
  facet normal 0.634313 0.773077 -0
    outer loop
      vertex -19.01 0.989949 2.25
      vertex -19.2222 1.16406 6
      vertex -19.01 0.989949 6
    endloop
  endfacet
  facet normal 0.634313 0.773077 0
    outer loop
      vertex -19.2222 1.16406 6
      vertex -19.01 0.989949 2.25
      vertex -19.2222 1.16406 2.25
    endloop
  endfacet
  facet normal -0.471449 0.881894 0
    outer loop
      vertex -20.5358 1.29343 2.25
      vertex -20.7778 1.16406 6
      vertex -20.5358 1.29343 6
    endloop
  endfacet
  facet normal -0.471449 0.881894 0
    outer loop
      vertex -20.7778 1.16406 6
      vertex -20.5358 1.29343 2.25
      vertex -20.7778 1.16406 2.25
    endloop
  endfacet
  facet normal -0.290221 0.95696 0
    outer loop
      vertex -20.2731 1.3731 2.25
      vertex -20.5358 1.29343 6
      vertex -20.2731 1.3731 6
    endloop
  endfacet
  facet normal -0.290221 0.95696 0
    outer loop
      vertex -20.5358 1.29343 6
      vertex -20.2731 1.3731 2.25
      vertex -20.5358 1.29343 2.25
    endloop
  endfacet
  facet normal 0.956965 -0.290202 0
    outer loop
      vertex -18.6269 -0.273126 6
      vertex -18.6957 -0.5 2.25
      vertex -18.6269 -0.273126 2
    endloop
  endfacet
  facet normal 0.956908 -0.290392 1.25473e-05
    outer loop
      vertex -18.7066 -0.535756 6
      vertex -18.6957 -0.5 2.25
      vertex -18.6269 -0.273126 6
    endloop
  endfacet
  facet normal 0.956542 -0.291596 0
    outer loop
      vertex -18.6957 -0.5 2.25
      vertex -18.7066 -0.535756 6
      vertex -18.7066 -0.535756 2.25
    endloop
  endfacet
  facet normal 0.956965 -0.290202 0
    outer loop
      vertex -18.6269 -0.273126 2
      vertex -18.6957 -0.5 2.25
      vertex -18.6957 -0.5 2
    endloop
  endfacet
  facet normal -0.882034 0.471187 0
    outer loop
      vertex -21.2934 0.535756 2.25
      vertex -21.1641 0.777798 6
      vertex -21.1641 0.777798 2.25
    endloop
  endfacet
  facet normal -0.882034 0.471187 0
    outer loop
      vertex -21.1641 0.777798 6
      vertex -21.2934 0.535756 2.25
      vertex -21.2934 0.535756 6
    endloop
  endfacet
  facet normal -0.634491 -0.77293 0
    outer loop
      vertex -20.9899 -0.989949 2.25
      vertex -20.7778 -1.16406 6
      vertex -20.9899 -0.989949 6
    endloop
  endfacet
  facet normal -0.634491 -0.77293 -0
    outer loop
      vertex -20.7778 -1.16406 6
      vertex -20.9899 -0.989949 2.25
      vertex -20.7778 -1.16406 2.25
    endloop
  endfacet
  facet normal 0.995185 0.0980151 0
    outer loop
      vertex -18.6 0 6
      vertex -18.6269 0.273126 2
      vertex -18.6269 0.273126 6
    endloop
  endfacet
  facet normal 0.995185 0.0980151 0
    outer loop
      vertex -18.6269 0.273126 2
      vertex -18.6 0 6
      vertex -18.6 0 2
    endloop
  endfacet
  facet normal -0.471449 -0.881894 0
    outer loop
      vertex -20.7778 -1.16406 2.25
      vertex -20.5358 -1.29343 6
      vertex -20.7778 -1.16406 6
    endloop
  endfacet
  facet normal -0.471449 -0.881894 -0
    outer loop
      vertex -20.5358 -1.29343 6
      vertex -20.7778 -1.16406 2.25
      vertex -20.5358 -1.29343 2.25
    endloop
  endfacet
  facet normal 0.995185 -0.0980151 0
    outer loop
      vertex -18.6269 -0.273126 6
      vertex -18.6 0 2
      vertex -18.6 0 6
    endloop
  endfacet
  facet normal 0.995185 -0.0980151 0
    outer loop
      vertex -18.6 0 2
      vertex -18.6269 -0.273126 6
      vertex -18.6269 -0.273126 2
    endloop
  endfacet
  facet normal -0.0980244 0.995184 0
    outer loop
      vertex -20 1.4 2.25
      vertex -20.2731 1.3731 6
      vertex -20 1.4 6
    endloop
  endfacet
  facet normal -0.0980244 0.995184 0
    outer loop
      vertex -20.2731 1.3731 6
      vertex -20 1.4 2.25
      vertex -20.2731 1.3731 2.25
    endloop
  endfacet
  facet normal 0.882034 0.471187 0
    outer loop
      vertex -18.7066 0.535756 6
      vertex -18.8359 0.777798 2.25
      vertex -18.8359 0.777798 6
    endloop
  endfacet
  facet normal 0.882034 0.471187 0
    outer loop
      vertex -18.8359 0.777798 2.25
      vertex -18.7066 0.535756 6
      vertex -18.7066 0.535756 2.25
    endloop
  endfacet
  facet normal 0.0980244 0.995184 -0
    outer loop
      vertex -19.7269 1.3731 2.25
      vertex -20 1.4 6
      vertex -19.7269 1.3731 6
    endloop
  endfacet
  facet normal 0.0980244 0.995184 0
    outer loop
      vertex -20 1.4 6
      vertex -19.7269 1.3731 2.25
      vertex -20 1.4 2.25
    endloop
  endfacet
  facet normal 0.773024 -0.634376 0
    outer loop
      vertex -19.01 -0.989949 6
      vertex -18.8359 -0.777798 2.25
      vertex -18.8359 -0.777798 6
    endloop
  endfacet
  facet normal 0.773024 -0.634376 0
    outer loop
      vertex -18.8359 -0.777798 2.25
      vertex -19.01 -0.989949 6
      vertex -19.01 -0.989949 2.25
    endloop
  endfacet
  facet normal 0 0 1
    outer loop
      vertex -18.6269 0.273126 6
      vertex -18.6269 -0.273126 6
      vertex -18.6 0 6
    endloop
  endfacet
  facet normal 0 0 1
    outer loop
      vertex -18.7066 0.535756 6
      vertex -18.6269 -0.273126 6
      vertex -18.6269 0.273126 6
    endloop
  endfacet
  facet normal 0 0 1
    outer loop
      vertex -18.7066 0.535756 6
      vertex -18.7066 -0.535756 6
      vertex -18.6269 -0.273126 6
    endloop
  endfacet
  facet normal 0 0 1
    outer loop
      vertex -18.8359 0.777798 6
      vertex -18.7066 -0.535756 6
      vertex -18.7066 0.535756 6
    endloop
  endfacet
  facet normal 0 0 1
    outer loop
      vertex -18.8359 0.777798 6
      vertex -18.8359 -0.777798 6
      vertex -18.7066 -0.535756 6
    endloop
  endfacet
  facet normal 0 0 1
    outer loop
      vertex -19.01 0.989949 6
      vertex -18.8359 -0.777798 6
      vertex -18.8359 0.777798 6
    endloop
  endfacet
  facet normal 0 0 1
    outer loop
      vertex -19.01 0.989949 6
      vertex -19.01 -0.989949 6
      vertex -18.8359 -0.777798 6
    endloop
  endfacet
  facet normal 0 0 1
    outer loop
      vertex -19.2222 1.16406 6
      vertex -19.01 -0.989949 6
      vertex -19.01 0.989949 6
    endloop
  endfacet
  facet normal 0 0 1
    outer loop
      vertex -19.2222 1.16406 6
      vertex -19.2222 -1.16406 6
      vertex -19.01 -0.989949 6
    endloop
  endfacet
  facet normal 0 0 1
    outer loop
      vertex -19.4642 1.29343 6
      vertex -19.2222 -1.16406 6
      vertex -19.2222 1.16406 6
    endloop
  endfacet
  facet normal 0 0 1
    outer loop
      vertex -19.4642 1.29343 6
      vertex -19.4642 -1.29343 6
      vertex -19.2222 -1.16406 6
    endloop
  endfacet
  facet normal 0 0 1
    outer loop
      vertex -19.7269 1.3731 6
      vertex -19.4642 -1.29343 6
      vertex -19.4642 1.29343 6
    endloop
  endfacet
  facet normal 0 0 1
    outer loop
      vertex -19.7269 1.3731 6
      vertex -19.7269 -1.3731 6
      vertex -19.4642 -1.29343 6
    endloop
  endfacet
  facet normal 0 0 1
    outer loop
      vertex -20 1.4 6
      vertex -19.7269 -1.3731 6
      vertex -19.7269 1.3731 6
    endloop
  endfacet
  facet normal 0 0 1
    outer loop
      vertex -20 1.4 6
      vertex -20 -1.4 6
      vertex -19.7269 -1.3731 6
    endloop
  endfacet
  facet normal -0 0 1
    outer loop
      vertex -20.2731 1.3731 6
      vertex -20 -1.4 6
      vertex -20 1.4 6
    endloop
  endfacet
  facet normal 0 0 1
    outer loop
      vertex -20.2731 1.3731 6
      vertex -20.2731 -1.3731 6
      vertex -20 -1.4 6
    endloop
  endfacet
  facet normal -0 0 1
    outer loop
      vertex -20.5358 1.29343 6
      vertex -20.2731 -1.3731 6
      vertex -20.2731 1.3731 6
    endloop
  endfacet
  facet normal 0 0 1
    outer loop
      vertex -20.5358 1.29343 6
      vertex -20.5358 -1.29343 6
      vertex -20.2731 -1.3731 6
    endloop
  endfacet
  facet normal -0 0 1
    outer loop
      vertex -20.7778 1.16406 6
      vertex -20.5358 -1.29343 6
      vertex -20.5358 1.29343 6
    endloop
  endfacet
  facet normal 0 0 1
    outer loop
      vertex -20.7778 1.16406 6
      vertex -20.7778 -1.16406 6
      vertex -20.5358 -1.29343 6
    endloop
  endfacet
  facet normal -0 0 1
    outer loop
      vertex -20.9899 0.989949 6
      vertex -20.7778 -1.16406 6
      vertex -20.7778 1.16406 6
    endloop
  endfacet
  facet normal 0 0 1
    outer loop
      vertex -20.9899 0.989949 6
      vertex -20.9899 -0.989949 6
      vertex -20.7778 -1.16406 6
    endloop
  endfacet
  facet normal -0 0 1
    outer loop
      vertex -21.1641 0.777798 6
      vertex -20.9899 -0.989949 6
      vertex -20.9899 0.989949 6
    endloop
  endfacet
  facet normal 0 0 1
    outer loop
      vertex -21.1641 0.777798 6
      vertex -21.1641 -0.777798 6
      vertex -20.9899 -0.989949 6
    endloop
  endfacet
  facet normal -0 0 1
    outer loop
      vertex -21.2934 0.535756 6
      vertex -21.1641 -0.777798 6
      vertex -21.1641 0.777798 6
    endloop
  endfacet
  facet normal 0 0 1
    outer loop
      vertex -21.2934 0.535756 6
      vertex -21.2934 -0.535756 6
      vertex -21.1641 -0.777798 6
    endloop
  endfacet
  facet normal -0 0 1
    outer loop
      vertex -21.3731 0.273126 6
      vertex -21.2934 -0.535756 6
      vertex -21.2934 0.535756 6
    endloop
  endfacet
  facet normal 0 0 1
    outer loop
      vertex -21.3731 0.273126 6
      vertex -21.3731 -0.273126 6
      vertex -21.2934 -0.535756 6
    endloop
  endfacet
  facet normal 0 -0 1
    outer loop
      vertex -21.3731 -0.273126 6
      vertex -21.3731 0.273126 6
      vertex -21.4 0 6
    endloop
  endfacet
  facet normal -0.290392 0.956908 0
    outer loop
      vertex -0.273126 -18.6269 2.25
      vertex -0.535756 -18.7066 6
      vertex -0.273126 -18.6269 6
    endloop
  endfacet
  facet normal -0.290392 0.956908 0
    outer loop
      vertex -0.535756 -18.7066 6
      vertex -0.273126 -18.6269 2.25
      vertex -0.535756 -18.7066 2.25
    endloop
  endfacet
  facet normal 0.471187 -0.882034 0
    outer loop
      vertex 0.535756 -21.2934 2
      vertex 0.777798 -21.1641 6
      vertex 0.535756 -21.2934 6
    endloop
  endfacet
  facet normal 0.471187 -0.882034 0
    outer loop
      vertex 0.777798 -21.1641 6
      vertex 0.535756 -21.2934 2
      vertex 0.777798 -21.1641 2
    endloop
  endfacet
  facet normal 0.995184 0.0980244 0
    outer loop
      vertex 1.4 -20 6
      vertex 1.3731 -19.7269 2
      vertex 1.3731 -19.7269 6
    endloop
  endfacet
  facet normal 0.995184 0.0980244 0
    outer loop
      vertex 1.3731 -19.7269 2
      vertex 1.4 -20 6
      vertex 1.4 -20 2
    endloop
  endfacet
  facet normal -0.0980151 -0.995185 0
    outer loop
      vertex -0.273126 -21.3731 2
      vertex 0 -21.4 6
      vertex -0.273126 -21.3731 6
    endloop
  endfacet
  facet normal -0.0980151 -0.995185 -0
    outer loop
      vertex 0 -21.4 6
      vertex -0.273126 -21.3731 2
      vertex 0 -21.4 2
    endloop
  endfacet
  facet normal 0.95696 -0.290221 0
    outer loop
      vertex 1.29343 -20.5358 6
      vertex 1.3731 -20.2731 2
      vertex 1.3731 -20.2731 6
    endloop
  endfacet
  facet normal 0.95696 -0.290221 0
    outer loop
      vertex 1.3731 -20.2731 2
      vertex 1.29343 -20.5358 6
      vertex 1.29343 -20.5358 2
    endloop
  endfacet
  facet normal 0 0 1
    outer loop
      vertex 1.3731 -19.7269 6
      vertex 1.3731 -20.2731 6
      vertex 1.4 -20 6
    endloop
  endfacet
  facet normal 0 0 1
    outer loop
      vertex 1.29343 -19.4642 6
      vertex 1.3731 -20.2731 6
      vertex 1.3731 -19.7269 6
    endloop
  endfacet
  facet normal 0 0 1
    outer loop
      vertex 1.29343 -19.4642 6
      vertex 1.29343 -20.5358 6
      vertex 1.3731 -20.2731 6
    endloop
  endfacet
  facet normal 0 0 1
    outer loop
      vertex 1.16406 -19.2222 6
      vertex 1.29343 -20.5358 6
      vertex 1.29343 -19.4642 6
    endloop
  endfacet
  facet normal 0 0 1
    outer loop
      vertex 1.16406 -19.2222 6
      vertex 1.16406 -20.7778 6
      vertex 1.29343 -20.5358 6
    endloop
  endfacet
  facet normal 0 0 1
    outer loop
      vertex 0.989949 -19.01 6
      vertex 1.16406 -20.7778 6
      vertex 1.16406 -19.2222 6
    endloop
  endfacet
  facet normal 0 0 1
    outer loop
      vertex 0.989949 -19.01 6
      vertex 0.989949 -20.9899 6
      vertex 1.16406 -20.7778 6
    endloop
  endfacet
  facet normal 0 0 1
    outer loop
      vertex 0.777798 -18.8359 6
      vertex 0.989949 -20.9899 6
      vertex 0.989949 -19.01 6
    endloop
  endfacet
  facet normal 0 0 1
    outer loop
      vertex 0.777798 -18.8359 6
      vertex 0.777798 -21.1641 6
      vertex 0.989949 -20.9899 6
    endloop
  endfacet
  facet normal 0 0 1
    outer loop
      vertex 0.535756 -18.7066 6
      vertex 0.777798 -21.1641 6
      vertex 0.777798 -18.8359 6
    endloop
  endfacet
  facet normal 0 0 1
    outer loop
      vertex 0.535756 -18.7066 6
      vertex 0.535756 -21.2934 6
      vertex 0.777798 -21.1641 6
    endloop
  endfacet
  facet normal 0 0 1
    outer loop
      vertex 0.273126 -18.6269 6
      vertex 0.535756 -21.2934 6
      vertex 0.535756 -18.7066 6
    endloop
  endfacet
  facet normal 0 0 1
    outer loop
      vertex 0.273126 -18.6269 6
      vertex 0.273126 -21.3731 6
      vertex 0.535756 -21.2934 6
    endloop
  endfacet
  facet normal 0 0 1
    outer loop
      vertex 0 -18.6 6
      vertex 0.273126 -21.3731 6
      vertex 0.273126 -18.6269 6
    endloop
  endfacet
  facet normal 0 0 1
    outer loop
      vertex 0 -18.6 6
      vertex 0 -21.4 6
      vertex 0.273126 -21.3731 6
    endloop
  endfacet
  facet normal -0 0 1
    outer loop
      vertex -0.273126 -18.6269 6
      vertex 0 -21.4 6
      vertex 0 -18.6 6
    endloop
  endfacet
  facet normal 0 0 1
    outer loop
      vertex -0.273126 -18.6269 6
      vertex -0.273126 -21.3731 6
      vertex 0 -21.4 6
    endloop
  endfacet
  facet normal -0 0 1
    outer loop
      vertex -0.535756 -18.7066 6
      vertex -0.273126 -21.3731 6
      vertex -0.273126 -18.6269 6
    endloop
  endfacet
  facet normal 0 0 1
    outer loop
      vertex -0.535756 -18.7066 6
      vertex -0.535756 -21.2934 6
      vertex -0.273126 -21.3731 6
    endloop
  endfacet
  facet normal -0 0 1
    outer loop
      vertex -0.777798 -18.8359 6
      vertex -0.535756 -21.2934 6
      vertex -0.535756 -18.7066 6
    endloop
  endfacet
  facet normal 0 0 1
    outer loop
      vertex -0.777798 -18.8359 6
      vertex -0.777798 -21.1641 6
      vertex -0.535756 -21.2934 6
    endloop
  endfacet
  facet normal -0 0 1
    outer loop
      vertex -0.989949 -19.01 6
      vertex -0.777798 -21.1641 6
      vertex -0.777798 -18.8359 6
    endloop
  endfacet
  facet normal 0 0 1
    outer loop
      vertex -0.989949 -19.01 6
      vertex -0.989949 -20.9899 6
      vertex -0.777798 -21.1641 6
    endloop
  endfacet
  facet normal -0 0 1
    outer loop
      vertex -1.16406 -19.2222 6
      vertex -0.989949 -20.9899 6
      vertex -0.989949 -19.01 6
    endloop
  endfacet
  facet normal 0 0 1
    outer loop
      vertex -1.16406 -19.2222 6
      vertex -1.16406 -20.7778 6
      vertex -0.989949 -20.9899 6
    endloop
  endfacet
  facet normal -0 0 1
    outer loop
      vertex -1.29343 -19.4642 6
      vertex -1.16406 -20.7778 6
      vertex -1.16406 -19.2222 6
    endloop
  endfacet
  facet normal 0 0 1
    outer loop
      vertex -1.29343 -19.4642 6
      vertex -1.29343 -20.5358 6
      vertex -1.16406 -20.7778 6
    endloop
  endfacet
  facet normal -0 0 1
    outer loop
      vertex -1.3731 -19.7269 6
      vertex -1.29343 -20.5358 6
      vertex -1.29343 -19.4642 6
    endloop
  endfacet
  facet normal 0 0 1
    outer loop
      vertex -1.3731 -19.7269 6
      vertex -1.3731 -20.2731 6
      vertex -1.29343 -20.5358 6
    endloop
  endfacet
  facet normal 0 -0 1
    outer loop
      vertex -1.3731 -20.2731 6
      vertex -1.3731 -19.7269 6
      vertex -1.4 -20 6
    endloop
  endfacet
  facet normal 0.0980151 -0.995185 0
    outer loop
      vertex 0 -21.4 2
      vertex 0.273126 -21.3731 6
      vertex 0 -21.4 6
    endloop
  endfacet
  facet normal 0.0980151 -0.995185 0
    outer loop
      vertex 0.273126 -21.3731 6
      vertex 0 -21.4 2
      vertex 0.273126 -21.3731 2
    endloop
  endfacet
  facet normal -0.77293 -0.634491 0
    outer loop
      vertex -0.989949 -20.9899 2
      vertex -1.16406 -20.7778 6
      vertex -1.16406 -20.7778 2
    endloop
  endfacet
  facet normal -0.77293 -0.634491 0
    outer loop
      vertex -1.16406 -20.7778 6
      vertex -0.989949 -20.9899 2
      vertex -0.989949 -20.9899 6
    endloop
  endfacet
  facet normal 0.634594 -0.772846 0
    outer loop
      vertex 0.777798 -21.1641 2
      vertex 0.989949 -20.9899 6
      vertex 0.777798 -21.1641 6
    endloop
  endfacet
  facet normal 0.634594 -0.772846 0
    outer loop
      vertex 0.989949 -20.9899 6
      vertex 0.777798 -21.1641 2
      vertex 0.989949 -20.9899 2
    endloop
  endfacet
  facet normal -0.881894 0.471449 0
    outer loop
      vertex -1.29343 -19.4642 2.25
      vertex -1.16406 -19.2222 6
      vertex -1.16406 -19.2222 2.25
    endloop
  endfacet
  facet normal -0.881894 0.471449 0
    outer loop
      vertex -1.16406 -19.2222 6
      vertex -1.29343 -19.4642 2.25
      vertex -1.29343 -19.4642 6
    endloop
  endfacet
  facet normal -0.290392 -0.956908 0
    outer loop
      vertex -0.535756 -21.2934 2
      vertex -0.273126 -21.3731 6
      vertex -0.535756 -21.2934 6
    endloop
  endfacet
  facet normal -0.290392 -0.956908 -0
    outer loop
      vertex -0.273126 -21.3731 6
      vertex -0.535756 -21.2934 2
      vertex -0.273126 -21.3731 2
    endloop
  endfacet
  facet normal -0.634376 0.773024 0
    outer loop
      vertex -0.777798 -18.8359 2.25
      vertex -0.989949 -19.01 6
      vertex -0.777798 -18.8359 6
    endloop
  endfacet
  facet normal -0.634376 0.773024 0
    outer loop
      vertex -0.989949 -19.01 6
      vertex -0.777798 -18.8359 2.25
      vertex -0.989949 -19.01 2.25
    endloop
  endfacet
  facet normal 0.773077 0.634313 0
    outer loop
      vertex 1.16406 -19.2222 6
      vertex 0.989949 -19.01 2.25
      vertex 0.989949 -19.01 6
    endloop
  endfacet
  facet normal 0.773077 0.634313 0
    outer loop
      vertex 0.989949 -19.01 2.25
      vertex 1.16406 -19.2222 6
      vertex 1.16406 -19.2222 2.25
    endloop
  endfacet
  facet normal 0.881894 0.471449 0
    outer loop
      vertex 1.29343 -19.4642 6
      vertex 1.16406 -19.2222 2.25
      vertex 1.16406 -19.2222 6
    endloop
  endfacet
  facet normal 0.881894 0.471449 0
    outer loop
      vertex 1.16406 -19.2222 2.25
      vertex 1.29343 -19.4642 6
      vertex 1.29343 -19.4642 2.25
    endloop
  endfacet
  facet normal -0.956951 0.290249 0
    outer loop
      vertex -1.30428 -19.5 2
      vertex -1.3731 -19.7269 2
      vertex -1.30428 -19.5 2.25
    endloop
  endfacet
  facet normal -0.957013 0.290044 0
    outer loop
      vertex -1.30428 -19.5 2.25
      vertex -1.29343 -19.4642 6
      vertex -1.29343 -19.4642 2.25
    endloop
  endfacet
  facet normal -0.956951 0.290249 0
    outer loop
      vertex -1.3731 -19.7269 6
      vertex -1.30428 -19.5 2.25
      vertex -1.3731 -19.7269 2
    endloop
  endfacet
  facet normal -0.95696 0.290221 -1.83694e-06
    outer loop
      vertex -1.30428 -19.5 2.25
      vertex -1.3731 -19.7269 6
      vertex -1.29343 -19.4642 6
    endloop
  endfacet
  facet normal 0.995184 -0.0980244 0
    outer loop
      vertex 1.3731 -20.2731 6
      vertex 1.4 -20 2
      vertex 1.4 -20 6
    endloop
  endfacet
  facet normal 0.995184 -0.0980244 0
    outer loop
      vertex 1.4 -20 2
      vertex 1.3731 -20.2731 6
      vertex 1.3731 -20.2731 2
    endloop
  endfacet
  facet normal 0.957013 0.290044 0
    outer loop
      vertex 1.29343 -19.4642 6
      vertex 1.30428 -19.5 2.25
      vertex 1.29343 -19.4642 2.25
    endloop
  endfacet
  facet normal 0.95696 0.290221 -1.83694e-06
    outer loop
      vertex 1.3731 -19.7269 6
      vertex 1.30428 -19.5 2.25
      vertex 1.29343 -19.4642 6
    endloop
  endfacet
  facet normal 0.956951 0.290249 -0
    outer loop
      vertex 1.3731 -19.7269 2
      vertex 1.30428 -19.5 2.25
      vertex 1.3731 -19.7269 6
    endloop
  endfacet
  facet normal 0.956951 0.290249 0
    outer loop
      vertex 1.30428 -19.5 2.25
      vertex 1.3731 -19.7269 2
      vertex 1.30428 -19.5 2
    endloop
  endfacet
  facet normal 0.290392 -0.956908 0
    outer loop
      vertex 0.273126 -21.3731 2
      vertex 0.535756 -21.2934 6
      vertex 0.273126 -21.3731 6
    endloop
  endfacet
  facet normal 0.290392 -0.956908 0
    outer loop
      vertex 0.535756 -21.2934 6
      vertex 0.273126 -21.3731 2
      vertex 0.535756 -21.2934 2
    endloop
  endfacet
  facet normal -0.773077 0.634313 0
    outer loop
      vertex -1.16406 -19.2222 2.25
      vertex -0.989949 -19.01 6
      vertex -0.989949 -19.01 2.25
    endloop
  endfacet
  facet normal -0.773077 0.634313 0
    outer loop
      vertex -0.989949 -19.01 6
      vertex -1.16406 -19.2222 2.25
      vertex -1.16406 -19.2222 6
    endloop
  endfacet
  facet normal -0.634594 -0.772846 0
    outer loop
      vertex -0.989949 -20.9899 2
      vertex -0.777798 -21.1641 6
      vertex -0.989949 -20.9899 6
    endloop
  endfacet
  facet normal -0.634594 -0.772846 -0
    outer loop
      vertex -0.777798 -21.1641 6
      vertex -0.989949 -20.9899 2
      vertex -0.777798 -21.1641 2
    endloop
  endfacet
  facet normal -0.95696 -0.290221 0
    outer loop
      vertex -1.29343 -20.5358 2
      vertex -1.3731 -20.2731 6
      vertex -1.3731 -20.2731 2
    endloop
  endfacet
  facet normal -0.95696 -0.290221 0
    outer loop
      vertex -1.3731 -20.2731 6
      vertex -1.29343 -20.5358 2
      vertex -1.29343 -20.5358 6
    endloop
  endfacet
  facet normal 0.290392 0.956908 -0
    outer loop
      vertex 0.535756 -18.7066 2.25
      vertex 0.273126 -18.6269 6
      vertex 0.535756 -18.7066 6
    endloop
  endfacet
  facet normal 0.290392 0.956908 0
    outer loop
      vertex 0.273126 -18.6269 6
      vertex 0.535756 -18.7066 2.25
      vertex 0.273126 -18.6269 2.25
    endloop
  endfacet
  facet normal -0.881894 -0.471449 0
    outer loop
      vertex -1.16406 -20.7778 2
      vertex -1.29343 -20.5358 6
      vertex -1.29343 -20.5358 2
    endloop
  endfacet
  facet normal -0.881894 -0.471449 0
    outer loop
      vertex -1.29343 -20.5358 6
      vertex -1.16406 -20.7778 2
      vertex -1.16406 -20.7778 6
    endloop
  endfacet
  facet normal 0.471187 0.882034 -0
    outer loop
      vertex 0.777798 -18.8359 2.25
      vertex 0.535756 -18.7066 6
      vertex 0.777798 -18.8359 6
    endloop
  endfacet
  facet normal 0.471187 0.882034 0
    outer loop
      vertex 0.535756 -18.7066 6
      vertex 0.777798 -18.8359 2.25
      vertex 0.535756 -18.7066 2.25
    endloop
  endfacet
  facet normal -0.471187 -0.882034 0
    outer loop
      vertex -0.777798 -21.1641 2
      vertex -0.535756 -21.2934 6
      vertex -0.777798 -21.1641 6
    endloop
  endfacet
  facet normal -0.471187 -0.882034 -0
    outer loop
      vertex -0.535756 -21.2934 6
      vertex -0.777798 -21.1641 2
      vertex -0.535756 -21.2934 2
    endloop
  endfacet
  facet normal 0.77293 -0.634491 0
    outer loop
      vertex 0.989949 -20.9899 6
      vertex 1.16406 -20.7778 2
      vertex 1.16406 -20.7778 6
    endloop
  endfacet
  facet normal 0.77293 -0.634491 0
    outer loop
      vertex 1.16406 -20.7778 2
      vertex 0.989949 -20.9899 6
      vertex 0.989949 -20.9899 2
    endloop
  endfacet
  facet normal -0.0980151 0.995185 0
    outer loop
      vertex 0 -18.6 2.25
      vertex -0.273126 -18.6269 6
      vertex 0 -18.6 6
    endloop
  endfacet
  facet normal -0.0980151 0.995185 0
    outer loop
      vertex -0.273126 -18.6269 6
      vertex 0 -18.6 2.25
      vertex -0.273126 -18.6269 2.25
    endloop
  endfacet
  facet normal 0.881894 -0.471449 0
    outer loop
      vertex 1.16406 -20.7778 6
      vertex 1.29343 -20.5358 2
      vertex 1.29343 -20.5358 6
    endloop
  endfacet
  facet normal 0.881894 -0.471449 0
    outer loop
      vertex 1.29343 -20.5358 2
      vertex 1.16406 -20.7778 6
      vertex 1.16406 -20.7778 2
    endloop
  endfacet
  facet normal 0.0980151 0.995185 -0
    outer loop
      vertex 0.273126 -18.6269 2.25
      vertex 0 -18.6 6
      vertex 0.273126 -18.6269 6
    endloop
  endfacet
  facet normal 0.0980151 0.995185 0
    outer loop
      vertex 0 -18.6 6
      vertex 0.273126 -18.6269 2.25
      vertex 0 -18.6 2.25
    endloop
  endfacet
  facet normal -0.995184 -0.0980244 0
    outer loop
      vertex -1.3731 -20.2731 2
      vertex -1.4 -20 6
      vertex -1.4 -20 2
    endloop
  endfacet
  facet normal -0.995184 -0.0980244 0
    outer loop
      vertex -1.4 -20 6
      vertex -1.3731 -20.2731 2
      vertex -1.3731 -20.2731 6
    endloop
  endfacet
  facet normal -0.471187 0.882034 0
    outer loop
      vertex -0.535756 -18.7066 2.25
      vertex -0.777798 -18.8359 6
      vertex -0.535756 -18.7066 6
    endloop
  endfacet
  facet normal -0.471187 0.882034 0
    outer loop
      vertex -0.777798 -18.8359 6
      vertex -0.535756 -18.7066 2.25
      vertex -0.777798 -18.8359 2.25
    endloop
  endfacet
  facet normal -0.995184 0.0980244 0
    outer loop
      vertex -1.4 -20 2
      vertex -1.3731 -19.7269 6
      vertex -1.3731 -19.7269 2
    endloop
  endfacet
  facet normal -0.995184 0.0980244 0
    outer loop
      vertex -1.3731 -19.7269 6
      vertex -1.4 -20 2
      vertex -1.4 -20 6
    endloop
  endfacet
  facet normal 0.634376 0.773024 -0
    outer loop
      vertex 0.989949 -19.01 2.25
      vertex 0.777798 -18.8359 6
      vertex 0.989949 -19.01 6
    endloop
  endfacet
  facet normal 0.634376 0.773024 0
    outer loop
      vertex 0.777798 -18.8359 6
      vertex 0.989949 -19.01 2.25
      vertex 0.777798 -18.8359 2.25
    endloop
  endfacet
  facet normal 1 -0 0
    outer loop
      vertex 30 -20 2
      vertex 30 20 -2
      vertex 30 20 2
    endloop
  endfacet
  facet normal 1 0 0
    outer loop
      vertex 30 20 -2
      vertex 30 -20 2
      vertex 30 -20 -2
    endloop
  endfacet
  facet normal 0 0 -1
    outer loop
      vertex -16.2294 -20 -2
      vertex 11.3645 -18.0566 -2
      vertex 18.6173 -20 -2
    endloop
  endfacet
  facet normal -0 0 -1
    outer loop
      vertex 11.3645 -18.0566 -2
      vertex -16.2294 -20 -2
      vertex -14.1929 -12.3998 -2
    endloop
  endfacet
  facet normal 0 0 -1
    outer loop
      vertex 30 -20 -2
      vertex 25 -1.5 -2
      vertex 30 20 -2
    endloop
  endfacet
  facet normal 0 0 -1
    outer loop
      vertex 30 -20 -2
      vertex 23.9909 -17.2987 -2
      vertex 25 -1.5 -2
    endloop
  endfacet
  facet normal 0 -0 -1
    outer loop
      vertex 23.9909 -17.2987 -2
      vertex 30 -20 -2
      vertex 23.2671 -20 -2
    endloop
  endfacet
  facet normal 0 0 -1
    outer loop
      vertex 25 1.5 -2
      vertex 30 20 -2
      vertex 25 -1.5 -2
    endloop
  endfacet
  facet normal 0 0 -1
    outer loop
      vertex 18.0566 11.3645 -2
      vertex 30 20 -2
      vertex 25 1.5 -2
    endloop
  endfacet
  facet normal -0 0 -1
    outer loop
      vertex 30 20 -2
      vertex 18.0566 11.3645 -2
      vertex 20.3705 20 -2
    endloop
  endfacet
  facet normal 0 0 -1
    outer loop
      vertex 25 1.5 -2
      vertex 14.1929 12.3998 -2
      vertex 18.0566 11.3645 -2
    endloop
  endfacet
  facet normal 0 0 -1
    outer loop
      vertex -25 1.5 -2
      vertex 14.1929 12.3998 -2
      vertex 25 1.5 -2
    endloop
  endfacet
  facet normal 0 0 -1
    outer loop
      vertex 14.1929 12.3998 -2
      vertex -12.3998 14.1929 -2
      vertex -11.3645 18.0566 -2
    endloop
  endfacet
  facet normal -0 0 -1
    outer loop
      vertex 14.1929 12.3998 -2
      vertex -25 1.5 -2
      vertex -12.3998 14.1929 -2
    endloop
  endfacet
  facet normal -0 0 -1
    outer loop
      vertex -12.3998 14.1929 -2
      vertex -25 1.5 -2
      vertex -23.9909 17.2987 -2
    endloop
  endfacet
  facet normal 0 0 -1
    outer loop
      vertex 12.3998 -14.1929 -2
      vertex 25 -1.5 -2
      vertex 23.9909 -17.2987 -2
    endloop
  endfacet
  facet normal 0 0 -1
    outer loop
      vertex -14.1929 -12.3998 -2
      vertex 12.3998 -14.1929 -2
      vertex 11.3645 -18.0566 -2
    endloop
  endfacet
  facet normal 0 0 -1
    outer loop
      vertex -14.1929 -12.3998 -2
      vertex 25 -1.5 -2
      vertex 12.3998 -14.1929 -2
    endloop
  endfacet
  facet normal 0 0 -1
    outer loop
      vertex -25 -1.5 -2
      vertex -14.1929 -12.3998 -2
      vertex -18.0566 -11.3645 -2
    endloop
  endfacet
  facet normal 0 0 -1
    outer loop
      vertex -14.1929 -12.3998 -2
      vertex -25 -1.5 -2
      vertex 25 -1.5 -2
    endloop
  endfacet
  facet normal 0 0 -1
    outer loop
      vertex -30 -20 -2
      vertex -18.0566 -11.3645 -2
      vertex -20.3705 -20 -2
    endloop
  endfacet
  facet normal -0 0 -1
    outer loop
      vertex -25 -1.5 -2
      vertex -30 -20 -2
      vertex -25 1.5 -2
    endloop
  endfacet
  facet normal -0 0 -1
    outer loop
      vertex -18.0566 -11.3645 -2
      vertex -30 -20 -2
      vertex -25 -1.5 -2
    endloop
  endfacet
  facet normal 0 0 -1
    outer loop
      vertex -11.3645 18.0566 -2
      vertex 16.2294 20 -2
      vertex 14.1929 12.3998 -2
    endloop
  endfacet
  facet normal -0 0 -1
    outer loop
      vertex 16.2294 20 -2
      vertex -11.3645 18.0566 -2
      vertex -18.6173 20 -2
    endloop
  endfacet
  facet normal 0 0 -1
    outer loop
      vertex -30 20 -2
      vertex -25 1.5 -2
      vertex -30 -20 -2
    endloop
  endfacet
  facet normal 0 0 -1
    outer loop
      vertex -23.9909 17.2987 -2
      vertex -30 20 -2
      vertex -23.2671 20 -2
    endloop
  endfacet
  facet normal 0 0 -1
    outer loop
      vertex -25 1.5 -2
      vertex -30 20 -2
      vertex -23.9909 17.2987 -2
    endloop
  endfacet
  facet normal -1 0 0
    outer loop
      vertex -30 -20 -2
      vertex -30 20 2
      vertex -30 20 -2
    endloop
  endfacet
  facet normal -1 -0 0
    outer loop
      vertex -30 20 2
      vertex -30 -20 -2
      vertex -30 -20 2
    endloop
  endfacet
  facet normal 0 1 -0
    outer loop
      vertex -23.2671 20 -2
      vertex -30 20 2
      vertex -23.2671 20 2
    endloop
  endfacet
  facet normal 0 1 0
    outer loop
      vertex -30 20 2
      vertex -23.2671 20 -2
      vertex -30 20 -2
    endloop
  endfacet
  facet normal 0 1 -0
    outer loop
      vertex 30 20 -2
      vertex 20.3705 20 2
      vertex 30 20 2
    endloop
  endfacet
  facet normal 0 1 0
    outer loop
      vertex 20.3705 20 2
      vertex 30 20 -2
      vertex 20.3705 20 -2
    endloop
  endfacet
  facet normal 0 1 -0
    outer loop
      vertex 16.2294 20 -2
      vertex 1.4 20 2
      vertex 16.2294 20 2
    endloop
  endfacet
  facet normal 0 1 0
    outer loop
      vertex 1.4 20 2
      vertex 16.2294 20 -2
      vertex -1.4 20 2
    endloop
  endfacet
  facet normal 0 1 0
    outer loop
      vertex -18.6173 20 -2
      vertex -1.4 20 2
      vertex 16.2294 20 -2
    endloop
  endfacet
  facet normal 0 1 0
    outer loop
      vertex -1.4 20 2
      vertex -18.6173 20 -2
      vertex -18.6173 20 2
    endloop
  endfacet
  facet normal 0 -1 0
    outer loop
      vertex -30 -20 -2
      vertex -20.3705 -20 2
      vertex -30 -20 2
    endloop
  endfacet
  facet normal 0 -1 -0
    outer loop
      vertex -20.3705 -20 2
      vertex -30 -20 -2
      vertex -20.3705 -20 -2
    endloop
  endfacet
  facet normal 0 -1 0
    outer loop
      vertex 23.2671 -20 -2
      vertex 30 -20 2
      vertex 23.2671 -20 2
    endloop
  endfacet
  facet normal 0 -1 -0
    outer loop
      vertex 30 -20 2
      vertex 23.2671 -20 -2
      vertex 30 -20 -2
    endloop
  endfacet
  facet normal 0 -1 0
    outer loop
      vertex -16.2294 -20 -2
      vertex -1.4 -20 2
      vertex -16.2294 -20 2
    endloop
  endfacet
  facet normal 0 -1 -0
    outer loop
      vertex -1.4 -20 2
      vertex -16.2294 -20 -2
      vertex 1.4 -20 2
    endloop
  endfacet
  facet normal 0 -1 0
    outer loop
      vertex 18.6173 -20 -2
      vertex 1.4 -20 2
      vertex -16.2294 -20 -2
    endloop
  endfacet
  facet normal 0 -1 0
    outer loop
      vertex 1.4 -20 2
      vertex 18.6173 -20 -2
      vertex 18.6173 -20 2
    endloop
  endfacet
  facet normal -1 0 0
    outer loop
      vertex 25 -1.5 -2
      vertex 25 1.5 -1
      vertex 25 1.5 -2
    endloop
  endfacet
  facet normal -1 -0 0
    outer loop
      vertex 25 1.5 -1
      vertex 25 -1.5 -2
      vertex 25 -1.5 -1
    endloop
  endfacet
  facet normal 0 0 -1
    outer loop
      vertex -25 -1.5 -1
      vertex 25 1.5 -1
      vertex 25 -1.5 -1
    endloop
  endfacet
  facet normal -0 0 -1
    outer loop
      vertex 25 1.5 -1
      vertex -25 -1.5 -1
      vertex -25 1.5 -1
    endloop
  endfacet
  facet normal 1 -0 0
    outer loop
      vertex -25 -1.5 -1
      vertex -25 1.5 -2
      vertex -25 1.5 -1
    endloop
  endfacet
  facet normal 1 0 0
    outer loop
      vertex -25 1.5 -2
      vertex -25 -1.5 -1
      vertex -25 -1.5 -2
    endloop
  endfacet
  facet normal 0 -1 0
    outer loop
      vertex -25 1.5 -2
      vertex 25 1.5 -1
      vertex -25 1.5 -1
    endloop
  endfacet
  facet normal 0 -1 -0
    outer loop
      vertex 25 1.5 -1
      vertex -25 1.5 -2
      vertex 25 1.5 -2
    endloop
  endfacet
  facet normal 0 1 -0
    outer loop
      vertex 25 -1.5 -2
      vertex -25 -1.5 -1
      vertex 25 -1.5 -1
    endloop
  endfacet
  facet normal 0 1 0
    outer loop
      vertex -25 -1.5 -1
      vertex 25 -1.5 -2
      vertex -25 -1.5 -2
    endloop
  endfacet
  facet normal 1 -0 0
    outer loop
      vertex -15.5 -12.0495 2.25
      vertex -15.5 -10.5 2
      vertex -15.5 -10.5 2.25
    endloop
  endfacet
  facet normal 1 0 0
    outer loop
      vertex -15.5 -10.5 2
      vertex -15.5 -12.0495 2.25
      vertex -15.5 -12.0495 2
    endloop
  endfacet
  facet normal 1 -0 0
    outer loop
      vertex -15.5 -19.5 2.25
      vertex -15.5 -17.2779 2
      vertex -15.5 -17.2779 2.25
    endloop
  endfacet
  facet normal 1 0 0
    outer loop
      vertex -15.5 -17.2779 2
      vertex -15.5 -19.5 2.25
      vertex -15.5 -19.5 2
    endloop
  endfacet
  facet normal 0 0 1
    outer loop
      vertex -15.5 -10.5 2.25
      vertex -18.0566 -11.3645 2.25
      vertex -15.5 -12.0495 2.25
    endloop
  endfacet
  facet normal -0 0 1
    outer loop
      vertex -24.5 -10.5 2.25
      vertex -18.0566 -11.3645 2.25
      vertex -15.5 -10.5 2.25
    endloop
  endfacet
  facet normal 0 0 1
    outer loop
      vertex -24.5 -10.5 2.25
      vertex -20.2365 -19.5 2.25
      vertex -18.0566 -11.3645 2.25
    endloop
  endfacet
  facet normal 0 0 1
    outer loop
      vertex -20.2365 -19.5 2.25
      vertex -24.5 -10.5 2.25
      vertex -24.5 -19.5 2.25
    endloop
  endfacet
  facet normal 0 0 1
    outer loop
      vertex -15.5 -17.2779 2.25
      vertex -16.0954 -19.5 2.25
      vertex -15.5 -19.5 2.25
    endloop
  endfacet
  facet normal -1 0 0
    outer loop
      vertex -24.5 -19.5 2
      vertex -24.5 -10.5 2.25
      vertex -24.5 -10.5 2
    endloop
  endfacet
  facet normal -1 -0 0
    outer loop
      vertex -24.5 -10.5 2.25
      vertex -24.5 -19.5 2
      vertex -24.5 -19.5 2.25
    endloop
  endfacet
  facet normal 0 1 -0
    outer loop
      vertex -15.5 -10.5 2
      vertex -24.5 -10.5 2.25
      vertex -15.5 -10.5 2.25
    endloop
  endfacet
  facet normal 0 1 0
    outer loop
      vertex -24.5 -10.5 2.25
      vertex -15.5 -10.5 2
      vertex -24.5 -10.5 2
    endloop
  endfacet
  facet normal 0 -1 0
    outer loop
      vertex -24.5 -19.5 2
      vertex -20.2365 -19.5 2.25
      vertex -24.5 -19.5 2.25
    endloop
  endfacet
  facet normal 0 -1 -0
    outer loop
      vertex -20.2365 -19.5 2.25
      vertex -24.5 -19.5 2
      vertex -20.2365 -19.5 2
    endloop
  endfacet
  facet normal 0 -1 0
    outer loop
      vertex -16.0954 -19.5 2
      vertex -15.5 -19.5 2.25
      vertex -16.0954 -19.5 2.25
    endloop
  endfacet
  facet normal 0 -1 -0
    outer loop
      vertex -15.5 -19.5 2.25
      vertex -16.0954 -19.5 2
      vertex -15.5 -19.5 2
    endloop
  endfacet
  facet normal 1 -0 0
    outer loop
      vertex -15.5 -9.5 2.25
      vertex -15.5 -0.5 2
      vertex -15.5 -0.5 2.25
    endloop
  endfacet
  facet normal 1 0 0
    outer loop
      vertex -15.5 -0.5 2
      vertex -15.5 -9.5 2.25
      vertex -15.5 -9.5 2
    endloop
  endfacet
  facet normal 0 0 1
    outer loop
      vertex -18.7066 -0.535756 2.25
      vertex -15.5 -0.5 2.25
      vertex -18.6957 -0.5 2.25
    endloop
  endfacet
  facet normal 0 0 1
    outer loop
      vertex -18.8359 -0.777798 2.25
      vertex -15.5 -0.5 2.25
      vertex -18.7066 -0.535756 2.25
    endloop
  endfacet
  facet normal 0 0 1
    outer loop
      vertex -19.01 -0.989949 2.25
      vertex -15.5 -0.5 2.25
      vertex -18.8359 -0.777798 2.25
    endloop
  endfacet
  facet normal 0 0 1
    outer loop
      vertex -19.2222 -1.16406 2.25
      vertex -15.5 -0.5 2.25
      vertex -19.01 -0.989949 2.25
    endloop
  endfacet
  facet normal 0 0 1
    outer loop
      vertex -15.5 -0.5 2.25
      vertex -19.2222 -1.16406 2.25
      vertex -15.5 -9.5 2.25
    endloop
  endfacet
  facet normal -0 0 1
    outer loop
      vertex -19.4642 -1.29343 2.25
      vertex -15.5 -9.5 2.25
      vertex -19.2222 -1.16406 2.25
    endloop
  endfacet
  facet normal -0 0 1
    outer loop
      vertex -19.7269 -1.3731 2.25
      vertex -15.5 -9.5 2.25
      vertex -19.4642 -1.29343 2.25
    endloop
  endfacet
  facet normal -0 0 1
    outer loop
      vertex -20 -1.4 2.25
      vertex -15.5 -9.5 2.25
      vertex -19.7269 -1.3731 2.25
    endloop
  endfacet
  facet normal 0 0 1
    outer loop
      vertex -24.5 -9.5 2.25
      vertex -20 -1.4 2.25
      vertex -20.2731 -1.3731 2.25
    endloop
  endfacet
  facet normal 0 0 1
    outer loop
      vertex -24.5 -9.5 2.25
      vertex -20.2731 -1.3731 2.25
      vertex -20.5358 -1.29343 2.25
    endloop
  endfacet
  facet normal 0 0 1
    outer loop
      vertex -24.5 -9.5 2.25
      vertex -20.5358 -1.29343 2.25
      vertex -20.7778 -1.16406 2.25
    endloop
  endfacet
  facet normal 0 0 1
    outer loop
      vertex -24.5 -0.5 2.25
      vertex -20.7778 -1.16406 2.25
      vertex -20.9899 -0.989949 2.25
    endloop
  endfacet
  facet normal 0 0 1
    outer loop
      vertex -24.5 -0.5 2.25
      vertex -20.9899 -0.989949 2.25
      vertex -21.1641 -0.777798 2.25
    endloop
  endfacet
  facet normal -0 0 1
    outer loop
      vertex -24.5 -0.5 2.25
      vertex -21.2934 -0.535756 2.25
      vertex -21.3043 -0.5 2.25
    endloop
  endfacet
  facet normal 0 0 1
    outer loop
      vertex -24.5 -0.5 2.25
      vertex -21.1641 -0.777798 2.25
      vertex -21.2934 -0.535756 2.25
    endloop
  endfacet
  facet normal 0 0 1
    outer loop
      vertex -20.7778 -1.16406 2.25
      vertex -24.5 -0.5 2.25
      vertex -24.5 -9.5 2.25
    endloop
  endfacet
  facet normal 0 0 1
    outer loop
      vertex -20 -1.4 2.25
      vertex -24.5 -9.5 2.25
      vertex -15.5 -9.5 2.25
    endloop
  endfacet
  facet normal -1 0 0
    outer loop
      vertex -24.5 -9.5 2
      vertex -24.5 -0.5 2.25
      vertex -24.5 -0.5 2
    endloop
  endfacet
  facet normal -1 -0 0
    outer loop
      vertex -24.5 -0.5 2.25
      vertex -24.5 -9.5 2
      vertex -24.5 -9.5 2.25
    endloop
  endfacet
  facet normal 0 1 -0
    outer loop
      vertex -21.3043 -0.5 2
      vertex -24.5 -0.5 2.25
      vertex -21.3043 -0.5 2.25
    endloop
  endfacet
  facet normal 0 1 0
    outer loop
      vertex -24.5 -0.5 2.25
      vertex -21.3043 -0.5 2
      vertex -24.5 -0.5 2
    endloop
  endfacet
  facet normal 0 1 -0
    outer loop
      vertex -15.5 -0.5 2
      vertex -18.6957 -0.5 2.25
      vertex -15.5 -0.5 2.25
    endloop
  endfacet
  facet normal 0 1 0
    outer loop
      vertex -18.6957 -0.5 2.25
      vertex -15.5 -0.5 2
      vertex -18.6957 -0.5 2
    endloop
  endfacet
  facet normal 0 -1 0
    outer loop
      vertex -24.5 -9.5 2
      vertex -15.5 -9.5 2.25
      vertex -24.5 -9.5 2.25
    endloop
  endfacet
  facet normal 0 -1 -0
    outer loop
      vertex -15.5 -9.5 2.25
      vertex -24.5 -9.5 2
      vertex -15.5 -9.5 2
    endloop
  endfacet
  facet normal 1 -0 0
    outer loop
      vertex -15.5 0.5 2.25
      vertex -15.5 9.5 2
      vertex -15.5 9.5 2.25
    endloop
  endfacet
  facet normal 1 0 0
    outer loop
      vertex -15.5 9.5 2
      vertex -15.5 0.5 2.25
      vertex -15.5 0.5 2
    endloop
  endfacet
  facet normal -0 0 1
    outer loop
      vertex -19.2222 1.16406 2.25
      vertex -15.5 0.5 2.25
      vertex -15.5 9.5 2.25
    endloop
  endfacet
  facet normal 0 0 1
    outer loop
      vertex -15.5 0.5 2.25
      vertex -18.7066 0.535756 2.25
      vertex -18.6957 0.5 2.25
    endloop
  endfacet
  facet normal 0 0 1
    outer loop
      vertex -15.5 0.5 2.25
      vertex -18.8359 0.777798 2.25
      vertex -18.7066 0.535756 2.25
    endloop
  endfacet
  facet normal 0 0 1
    outer loop
      vertex -15.5 0.5 2.25
      vertex -19.01 0.989949 2.25
      vertex -18.8359 0.777798 2.25
    endloop
  endfacet
  facet normal 0 0 1
    outer loop
      vertex -15.5 0.5 2.25
      vertex -19.2222 1.16406 2.25
      vertex -19.01 0.989949 2.25
    endloop
  endfacet
  facet normal 0 0 1
    outer loop
      vertex -15.5 9.5 2.25
      vertex -19.4642 1.29343 2.25
      vertex -19.2222 1.16406 2.25
    endloop
  endfacet
  facet normal 0 0 1
    outer loop
      vertex -15.5 9.5 2.25
      vertex -19.7269 1.3731 2.25
      vertex -19.4642 1.29343 2.25
    endloop
  endfacet
  facet normal 0 0 1
    outer loop
      vertex -15.5 9.5 2.25
      vertex -20 1.4 2.25
      vertex -19.7269 1.3731 2.25
    endloop
  endfacet
  facet normal -0 0 1
    outer loop
      vertex -24.5 9.5 2.25
      vertex -20 1.4 2.25
      vertex -15.5 9.5 2.25
    endloop
  endfacet
  facet normal 0 0 1
    outer loop
      vertex -20 1.4 2.25
      vertex -24.5 9.5 2.25
      vertex -20.2731 1.3731 2.25
    endloop
  endfacet
  facet normal 0 0 1
    outer loop
      vertex -20.2731 1.3731 2.25
      vertex -24.5 9.5 2.25
      vertex -20.5358 1.29343 2.25
    endloop
  endfacet
  facet normal 0 0 1
    outer loop
      vertex -20.5358 1.29343 2.25
      vertex -24.5 9.5 2.25
      vertex -20.7778 1.16406 2.25
    endloop
  endfacet
  facet normal 0 0 1
    outer loop
      vertex -24.5 0.5 2.25
      vertex -20.7778 1.16406 2.25
      vertex -24.5 9.5 2.25
    endloop
  endfacet
  facet normal 0 0 1
    outer loop
      vertex -20.7778 1.16406 2.25
      vertex -24.5 0.5 2.25
      vertex -20.9899 0.989949 2.25
    endloop
  endfacet
  facet normal 0 0 1
    outer loop
      vertex -20.9899 0.989949 2.25
      vertex -24.5 0.5 2.25
      vertex -21.1641 0.777798 2.25
    endloop
  endfacet
  facet normal 0 0 1
    outer loop
      vertex -21.1641 0.777798 2.25
      vertex -24.5 0.5 2.25
      vertex -21.2934 0.535756 2.25
    endloop
  endfacet
  facet normal 0 0 1
    outer loop
      vertex -21.2934 0.535756 2.25
      vertex -24.5 0.5 2.25
      vertex -21.3043 0.5 2.25
    endloop
  endfacet
  facet normal -1 0 0
    outer loop
      vertex -24.5 0.5 2
      vertex -24.5 9.5 2.25
      vertex -24.5 9.5 2
    endloop
  endfacet
  facet normal -1 -0 0
    outer loop
      vertex -24.5 9.5 2.25
      vertex -24.5 0.5 2
      vertex -24.5 0.5 2.25
    endloop
  endfacet
  facet normal 0 1 -0
    outer loop
      vertex -15.5 9.5 2
      vertex -24.5 9.5 2.25
      vertex -15.5 9.5 2.25
    endloop
  endfacet
  facet normal 0 1 0
    outer loop
      vertex -24.5 9.5 2.25
      vertex -15.5 9.5 2
      vertex -24.5 9.5 2
    endloop
  endfacet
  facet normal 0 -1 0
    outer loop
      vertex -24.5 0.5 2
      vertex -21.3043 0.5 2.25
      vertex -24.5 0.5 2.25
    endloop
  endfacet
  facet normal 0 -1 -0
    outer loop
      vertex -21.3043 0.5 2.25
      vertex -24.5 0.5 2
      vertex -21.3043 0.5 2
    endloop
  endfacet
  facet normal 0 -1 0
    outer loop
      vertex -18.6957 0.5 2
      vertex -15.5 0.5 2.25
      vertex -18.6957 0.5 2.25
    endloop
  endfacet
  facet normal 0 -1 -0
    outer loop
      vertex -15.5 0.5 2.25
      vertex -18.6957 0.5 2
      vertex -15.5 0.5 2
    endloop
  endfacet
  facet normal 1 -0 0
    outer loop
      vertex -15.5 19.1647 2.25
      vertex -15.5 19.5 2
      vertex -15.5 19.5 2.25
    endloop
  endfacet
  facet normal 1 0 0
    outer loop
      vertex -15.5 19.5 2
      vertex -15.5 19.1647 2.25
      vertex -15.5 19.1647 2
    endloop
  endfacet
  facet normal 1 -0 0
    outer loop
      vertex -15.5 10.5 2.25
      vertex -15.5 15.0236 2
      vertex -15.5 15.0236 2.25
    endloop
  endfacet
  facet normal 1 0 0
    outer loop
      vertex -15.5 15.0236 2
      vertex -15.5 10.5 2.25
      vertex -15.5 10.5 2
    endloop
  endfacet
  facet normal 0 0 1
    outer loop
      vertex -23.401 19.5 2.25
      vertex -24.5 19.5 2.25
      vertex -23.9909 17.2987 2.25
    endloop
  endfacet
  facet normal 0 0 1
    outer loop
      vertex -24.5 10.5 2.25
      vertex -15.5 15.0236 2.25
      vertex -23.9909 17.2987 2.25
    endloop
  endfacet
  facet normal 0 0 1
    outer loop
      vertex -15.5 15.0236 2.25
      vertex -24.5 10.5 2.25
      vertex -15.5 10.5 2.25
    endloop
  endfacet
  facet normal 0 0 1
    outer loop
      vertex -24.5 10.5 2.25
      vertex -23.9909 17.2987 2.25
      vertex -24.5 19.5 2.25
    endloop
  endfacet
  facet normal 0 0 1
    outer loop
      vertex -15.5 19.5 2.25
      vertex -16.7513 19.5 2.25
      vertex -15.5 19.1647 2.25
    endloop
  endfacet
  facet normal -1 0 0
    outer loop
      vertex -24.5 10.5 2
      vertex -24.5 19.5 2.25
      vertex -24.5 19.5 2
    endloop
  endfacet
  facet normal -1 -0 0
    outer loop
      vertex -24.5 19.5 2.25
      vertex -24.5 10.5 2
      vertex -24.5 10.5 2.25
    endloop
  endfacet
  facet normal 0 1 -0
    outer loop
      vertex -23.401 19.5 2
      vertex -24.5 19.5 2.25
      vertex -23.401 19.5 2.25
    endloop
  endfacet
  facet normal 0 1 0
    outer loop
      vertex -24.5 19.5 2.25
      vertex -23.401 19.5 2
      vertex -24.5 19.5 2
    endloop
  endfacet
  facet normal 0 1 -0
    outer loop
      vertex -15.5 19.5 2
      vertex -16.7513 19.5 2.25
      vertex -15.5 19.5 2.25
    endloop
  endfacet
  facet normal 0 1 0
    outer loop
      vertex -16.7513 19.5 2.25
      vertex -15.5 19.5 2
      vertex -16.7513 19.5 2
    endloop
  endfacet
  facet normal 0 -1 0
    outer loop
      vertex -24.5 10.5 2
      vertex -15.5 10.5 2.25
      vertex -24.5 10.5 2.25
    endloop
  endfacet
  facet normal 0 -1 -0
    outer loop
      vertex -15.5 10.5 2.25
      vertex -24.5 10.5 2
      vertex -15.5 10.5 2
    endloop
  endfacet
  facet normal 1 -0 0
    outer loop
      vertex -5.5 -19.5 2.25
      vertex -5.5 -10.5 2
      vertex -5.5 -10.5 2.25
    endloop
  endfacet
  facet normal 1 0 0
    outer loop
      vertex -5.5 -10.5 2
      vertex -5.5 -19.5 2.25
      vertex -5.5 -19.5 2
    endloop
  endfacet
  facet normal 0 0 1
    outer loop
      vertex -14.5 -13.5459 2.25
      vertex -5.5 -10.5 2.25
      vertex -14.1929 -12.3998 2.25
    endloop
  endfacet
  facet normal -0 0 1
    outer loop
      vertex -14.5 -10.5 2.25
      vertex -14.1929 -12.3998 2.25
      vertex -5.5 -10.5 2.25
    endloop
  endfacet
  facet normal 0 0 1
    outer loop
      vertex -14.1929 -12.3998 2.25
      vertex -14.5 -10.5 2.25
      vertex -14.5 -12.3175 2.25
    endloop
  endfacet
  facet normal 0 0 1
    outer loop
      vertex -5.5 -10.5 2.25
      vertex -14.5 -13.5459 2.25
      vertex -5.5 -19.5 2.25
    endloop
  endfacet
  facet normal 0 0 1
    outer loop
      vertex -5.5 -19.5 2.25
      vertex -14.5 -13.5459 2.25
      vertex -14.5 -19.5 2.25
    endloop
  endfacet
  facet normal -1 0 0
    outer loop
      vertex -14.5 -12.3175 2
      vertex -14.5 -10.5 2.25
      vertex -14.5 -10.5 2
    endloop
  endfacet
  facet normal -1 -0 0
    outer loop
      vertex -14.5 -10.5 2.25
      vertex -14.5 -12.3175 2
      vertex -14.5 -12.3175 2.25
    endloop
  endfacet
  facet normal -1 0 0
    outer loop
      vertex -14.5 -19.5 2
      vertex -14.5 -13.5459 2.25
      vertex -14.5 -13.5459 2
    endloop
  endfacet
  facet normal -1 -0 0
    outer loop
      vertex -14.5 -13.5459 2.25
      vertex -14.5 -19.5 2
      vertex -14.5 -19.5 2.25
    endloop
  endfacet
  facet normal 0 1 -0
    outer loop
      vertex -5.5 -10.5 2
      vertex -14.5 -10.5 2.25
      vertex -5.5 -10.5 2.25
    endloop
  endfacet
  facet normal 0 1 0
    outer loop
      vertex -14.5 -10.5 2.25
      vertex -5.5 -10.5 2
      vertex -14.5 -10.5 2
    endloop
  endfacet
  facet normal 0 -1 0
    outer loop
      vertex -14.5 -19.5 2
      vertex -5.5 -19.5 2.25
      vertex -14.5 -19.5 2.25
    endloop
  endfacet
  facet normal 0 -1 -0
    outer loop
      vertex -5.5 -19.5 2.25
      vertex -14.5 -19.5 2
      vertex -5.5 -19.5 2
    endloop
  endfacet
  facet normal 1 -0 0
    outer loop
      vertex -5.5 -9.5 2.25
      vertex -5.5 -0.5 2
      vertex -5.5 -0.5 2.25
    endloop
  endfacet
  facet normal 1 0 0
    outer loop
      vertex -5.5 -0.5 2
      vertex -5.5 -9.5 2.25
      vertex -5.5 -9.5 2
    endloop
  endfacet
  facet normal -0 0 1
    outer loop
      vertex -14.5 -0.5 2.25
      vertex -5.5 -9.5 2.25
      vertex -5.5 -0.5 2.25
    endloop
  endfacet
  facet normal 0 0 1
    outer loop
      vertex -5.5 -9.5 2.25
      vertex -14.5 -0.5 2.25
      vertex -14.5 -9.5 2.25
    endloop
  endfacet
  facet normal -1 0 0
    outer loop
      vertex -14.5 -9.5 2
      vertex -14.5 -0.5 2.25
      vertex -14.5 -0.5 2
    endloop
  endfacet
  facet normal -1 -0 0
    outer loop
      vertex -14.5 -0.5 2.25
      vertex -14.5 -9.5 2
      vertex -14.5 -9.5 2.25
    endloop
  endfacet
  facet normal 0 1 -0
    outer loop
      vertex -5.5 -0.5 2
      vertex -14.5 -0.5 2.25
      vertex -5.5 -0.5 2.25
    endloop
  endfacet
  facet normal 0 1 0
    outer loop
      vertex -14.5 -0.5 2.25
      vertex -5.5 -0.5 2
      vertex -14.5 -0.5 2
    endloop
  endfacet
  facet normal 0 -1 0
    outer loop
      vertex -14.5 -9.5 2
      vertex -5.5 -9.5 2.25
      vertex -14.5 -9.5 2.25
    endloop
  endfacet
  facet normal 0 -1 -0
    outer loop
      vertex -5.5 -9.5 2.25
      vertex -14.5 -9.5 2
      vertex -5.5 -9.5 2
    endloop
  endfacet
  facet normal 1 -0 0
    outer loop
      vertex -5.5 0.5 2.25
      vertex -5.5 9.5 2
      vertex -5.5 9.5 2.25
    endloop
  endfacet
  facet normal 1 0 0
    outer loop
      vertex -5.5 9.5 2
      vertex -5.5 0.5 2.25
      vertex -5.5 0.5 2
    endloop
  endfacet
  facet normal -0 0 1
    outer loop
      vertex -14.5 9.5 2.25
      vertex -5.5 0.5 2.25
      vertex -5.5 9.5 2.25
    endloop
  endfacet
  facet normal 0 0 1
    outer loop
      vertex -5.5 0.5 2.25
      vertex -14.5 9.5 2.25
      vertex -14.5 0.5 2.25
    endloop
  endfacet
  facet normal -1 0 0
    outer loop
      vertex -14.5 0.5 2
      vertex -14.5 9.5 2.25
      vertex -14.5 9.5 2
    endloop
  endfacet
  facet normal -1 -0 0
    outer loop
      vertex -14.5 9.5 2.25
      vertex -14.5 0.5 2
      vertex -14.5 0.5 2.25
    endloop
  endfacet
  facet normal 0 1 -0
    outer loop
      vertex -5.5 9.5 2
      vertex -14.5 9.5 2.25
      vertex -5.5 9.5 2.25
    endloop
  endfacet
  facet normal 0 1 0
    outer loop
      vertex -14.5 9.5 2.25
      vertex -5.5 9.5 2
      vertex -14.5 9.5 2
    endloop
  endfacet
  facet normal 0 -1 0
    outer loop
      vertex -14.5 0.5 2
      vertex -5.5 0.5 2.25
      vertex -14.5 0.5 2.25
    endloop
  endfacet
  facet normal 0 -1 -0
    outer loop
      vertex -5.5 0.5 2.25
      vertex -14.5 0.5 2
      vertex -5.5 0.5 2
    endloop
  endfacet
  facet normal 1 -0 0
    outer loop
      vertex -5.5 10.5 2.25
      vertex -5.5 19.5 2
      vertex -5.5 19.5 2.25
    endloop
  endfacet
  facet normal 1 0 0
    outer loop
      vertex -5.5 19.5 2
      vertex -5.5 10.5 2.25
      vertex -5.5 10.5 2
    endloop
  endfacet
  facet normal 0 0 1
    outer loop
      vertex -5.5 19.5 2.25
      vertex -11.3645 18.0566 2.25
      vertex -5.5 10.5 2.25
    endloop
  endfacet
  facet normal -0 0 1
    outer loop
      vertex -14.5 19.5 2.25
      vertex -11.3645 18.0566 2.25
      vertex -5.5 19.5 2.25
    endloop
  endfacet
  facet normal 0 0 1
    outer loop
      vertex -11.3645 18.0566 2.25
      vertex -14.5 19.5 2.25
      vertex -14.5 18.8968 2.25
    endloop
  endfacet
  facet normal -0 0 1
    outer loop
      vertex -12.3998 14.1929 2.25
      vertex -5.5 10.5 2.25
      vertex -11.3645 18.0566 2.25
    endloop
  endfacet
  facet normal 0 0 1
    outer loop
      vertex -14.5 10.5 2.25
      vertex -12.3998 14.1929 2.25
      vertex -14.5 14.7557 2.25
    endloop
  endfacet
  facet normal 0 0 1
    outer loop
      vertex -12.3998 14.1929 2.25
      vertex -14.5 10.5 2.25
      vertex -5.5 10.5 2.25
    endloop
  endfacet
  facet normal -1 0 0
    outer loop
      vertex -14.5 18.8968 2
      vertex -14.5 19.5 2.25
      vertex -14.5 19.5 2
    endloop
  endfacet
  facet normal -1 -0 0
    outer loop
      vertex -14.5 19.5 2.25
      vertex -14.5 18.8968 2
      vertex -14.5 18.8968 2.25
    endloop
  endfacet
  facet normal -1 0 0
    outer loop
      vertex -14.5 10.5 2
      vertex -14.5 14.7557 2.25
      vertex -14.5 14.7557 2
    endloop
  endfacet
  facet normal -1 -0 0
    outer loop
      vertex -14.5 14.7557 2.25
      vertex -14.5 10.5 2
      vertex -14.5 10.5 2.25
    endloop
  endfacet
  facet normal 0 1 -0
    outer loop
      vertex -5.5 19.5 2
      vertex -14.5 19.5 2.25
      vertex -5.5 19.5 2.25
    endloop
  endfacet
  facet normal 0 1 0
    outer loop
      vertex -14.5 19.5 2.25
      vertex -5.5 19.5 2
      vertex -14.5 19.5 2
    endloop
  endfacet
  facet normal 0 -1 0
    outer loop
      vertex -14.5 10.5 2
      vertex -5.5 10.5 2.25
      vertex -14.5 10.5 2.25
    endloop
  endfacet
  facet normal 0 -1 -0
    outer loop
      vertex -5.5 10.5 2.25
      vertex -14.5 10.5 2
      vertex -5.5 10.5 2
    endloop
  endfacet
  facet normal 1 -0 0
    outer loop
      vertex 4.5 -19.5 2.25
      vertex 4.5 -10.5 2
      vertex 4.5 -10.5 2.25
    endloop
  endfacet
  facet normal 1 0 0
    outer loop
      vertex 4.5 -10.5 2
      vertex 4.5 -19.5 2.25
      vertex 4.5 -19.5 2
    endloop
  endfacet
  facet normal -0 0 1
    outer loop
      vertex 0.777798 -18.8359 2.25
      vertex 4.5 -19.5 2.25
      vertex 4.5 -10.5 2.25
    endloop
  endfacet
  facet normal 0 0 1
    outer loop
      vertex 4.5 -19.5 2.25
      vertex 1.29343 -19.4642 2.25
      vertex 1.30428 -19.5 2.25
    endloop
  endfacet
  facet normal 0 0 1
    outer loop
      vertex 4.5 -19.5 2.25
      vertex 1.16406 -19.2222 2.25
      vertex 1.29343 -19.4642 2.25
    endloop
  endfacet
  facet normal 0 0 1
    outer loop
      vertex 4.5 -19.5 2.25
      vertex 0.989949 -19.01 2.25
      vertex 1.16406 -19.2222 2.25
    endloop
  endfacet
  facet normal 0 0 1
    outer loop
      vertex 4.5 -19.5 2.25
      vertex 0.777798 -18.8359 2.25
      vertex 0.989949 -19.01 2.25
    endloop
  endfacet
  facet normal 0 0 1
    outer loop
      vertex 4.5 -10.5 2.25
      vertex 0.535756 -18.7066 2.25
      vertex 0.777798 -18.8359 2.25
    endloop
  endfacet
  facet normal 0 0 1
    outer loop
      vertex 4.5 -10.5 2.25
      vertex 0.273126 -18.6269 2.25
      vertex 0.535756 -18.7066 2.25
    endloop
  endfacet
  facet normal 0 0 1
    outer loop
      vertex 4.5 -10.5 2.25
      vertex 0 -18.6 2.25
      vertex 0.273126 -18.6269 2.25
    endloop
  endfacet
  facet normal -0 0 1
    outer loop
      vertex -4.5 -10.5 2.25
      vertex 0 -18.6 2.25
      vertex 4.5 -10.5 2.25
    endloop
  endfacet
  facet normal 0 0 1
    outer loop
      vertex 0 -18.6 2.25
      vertex -4.5 -10.5 2.25
      vertex -0.273126 -18.6269 2.25
    endloop
  endfacet
  facet normal 0 0 1
    outer loop
      vertex -0.273126 -18.6269 2.25
      vertex -4.5 -10.5 2.25
      vertex -0.535756 -18.7066 2.25
    endloop
  endfacet
  facet normal 0 0 1
    outer loop
      vertex -0.535756 -18.7066 2.25
      vertex -4.5 -10.5 2.25
      vertex -0.777798 -18.8359 2.25
    endloop
  endfacet
  facet normal 0 0 1
    outer loop
      vertex -4.5 -19.5 2.25
      vertex -0.777798 -18.8359 2.25
      vertex -4.5 -10.5 2.25
    endloop
  endfacet
  facet normal 0 0 1
    outer loop
      vertex -0.777798 -18.8359 2.25
      vertex -4.5 -19.5 2.25
      vertex -0.989949 -19.01 2.25
    endloop
  endfacet
  facet normal 0 0 1
    outer loop
      vertex -0.989949 -19.01 2.25
      vertex -4.5 -19.5 2.25
      vertex -1.16406 -19.2222 2.25
    endloop
  endfacet
  facet normal 0 0 1
    outer loop
      vertex -1.16406 -19.2222 2.25
      vertex -4.5 -19.5 2.25
      vertex -1.29343 -19.4642 2.25
    endloop
  endfacet
  facet normal 0 0 1
    outer loop
      vertex -1.29343 -19.4642 2.25
      vertex -4.5 -19.5 2.25
      vertex -1.30428 -19.5 2.25
    endloop
  endfacet
  facet normal -1 0 0
    outer loop
      vertex -4.5 -19.5 2
      vertex -4.5 -10.5 2.25
      vertex -4.5 -10.5 2
    endloop
  endfacet
  facet normal -1 -0 0
    outer loop
      vertex -4.5 -10.5 2.25
      vertex -4.5 -19.5 2
      vertex -4.5 -19.5 2.25
    endloop
  endfacet
  facet normal 0 1 -0
    outer loop
      vertex 4.5 -10.5 2
      vertex -4.5 -10.5 2.25
      vertex 4.5 -10.5 2.25
    endloop
  endfacet
  facet normal 0 1 0
    outer loop
      vertex -4.5 -10.5 2.25
      vertex 4.5 -10.5 2
      vertex -4.5 -10.5 2
    endloop
  endfacet
  facet normal 0 -1 0
    outer loop
      vertex -4.5 -19.5 2
      vertex -1.30428 -19.5 2.25
      vertex -4.5 -19.5 2.25
    endloop
  endfacet
  facet normal 0 -1 -0
    outer loop
      vertex -1.30428 -19.5 2.25
      vertex -4.5 -19.5 2
      vertex -1.30428 -19.5 2
    endloop
  endfacet
  facet normal 0 -1 0
    outer loop
      vertex 1.30428 -19.5 2
      vertex 4.5 -19.5 2.25
      vertex 1.30428 -19.5 2.25
    endloop
  endfacet
  facet normal 0 -1 -0
    outer loop
      vertex 4.5 -19.5 2.25
      vertex 1.30428 -19.5 2
      vertex 4.5 -19.5 2
    endloop
  endfacet
  facet normal 1 -0 0
    outer loop
      vertex 4.5 -9.5 2.25
      vertex 4.5 -0.5 2
      vertex 4.5 -0.5 2.25
    endloop
  endfacet
  facet normal 1 0 0
    outer loop
      vertex 4.5 -0.5 2
      vertex 4.5 -9.5 2.25
      vertex 4.5 -9.5 2
    endloop
  endfacet
  facet normal -0 0 1
    outer loop
      vertex -4.5 -0.5 2.25
      vertex 4.5 -9.5 2.25
      vertex 4.5 -0.5 2.25
    endloop
  endfacet
  facet normal 0 0 1
    outer loop
      vertex 4.5 -9.5 2.25
      vertex -4.5 -0.5 2.25
      vertex -4.5 -9.5 2.25
    endloop
  endfacet
  facet normal -1 0 0
    outer loop
      vertex -4.5 -9.5 2
      vertex -4.5 -0.5 2.25
      vertex -4.5 -0.5 2
    endloop
  endfacet
  facet normal -1 -0 0
    outer loop
      vertex -4.5 -0.5 2.25
      vertex -4.5 -9.5 2
      vertex -4.5 -9.5 2.25
    endloop
  endfacet
  facet normal 0 1 -0
    outer loop
      vertex 4.5 -0.5 2
      vertex -4.5 -0.5 2.25
      vertex 4.5 -0.5 2.25
    endloop
  endfacet
  facet normal 0 1 0
    outer loop
      vertex -4.5 -0.5 2.25
      vertex 4.5 -0.5 2
      vertex -4.5 -0.5 2
    endloop
  endfacet
  facet normal 0 -1 0
    outer loop
      vertex -4.5 -9.5 2
      vertex 4.5 -9.5 2.25
      vertex -4.5 -9.5 2.25
    endloop
  endfacet
  facet normal 0 -1 -0
    outer loop
      vertex 4.5 -9.5 2.25
      vertex -4.5 -9.5 2
      vertex 4.5 -9.5 2
    endloop
  endfacet
  facet normal 1 -0 0
    outer loop
      vertex 4.5 0.5 2.25
      vertex 4.5 9.5 2
      vertex 4.5 9.5 2.25
    endloop
  endfacet
  facet normal 1 0 0
    outer loop
      vertex 4.5 9.5 2
      vertex 4.5 0.5 2.25
      vertex 4.5 0.5 2
    endloop
  endfacet
  facet normal -0 0 1
    outer loop
      vertex -4.5 9.5 2.25
      vertex 4.5 0.5 2.25
      vertex 4.5 9.5 2.25
    endloop
  endfacet
  facet normal 0 0 1
    outer loop
      vertex 4.5 0.5 2.25
      vertex -4.5 9.5 2.25
      vertex -4.5 0.5 2.25
    endloop
  endfacet
  facet normal -1 0 0
    outer loop
      vertex -4.5 0.5 2
      vertex -4.5 9.5 2.25
      vertex -4.5 9.5 2
    endloop
  endfacet
  facet normal -1 -0 0
    outer loop
      vertex -4.5 9.5 2.25
      vertex -4.5 0.5 2
      vertex -4.5 0.5 2.25
    endloop
  endfacet
  facet normal 0 1 -0
    outer loop
      vertex 4.5 9.5 2
      vertex -4.5 9.5 2.25
      vertex 4.5 9.5 2.25
    endloop
  endfacet
  facet normal 0 1 0
    outer loop
      vertex -4.5 9.5 2.25
      vertex 4.5 9.5 2
      vertex -4.5 9.5 2
    endloop
  endfacet
  facet normal 0 -1 0
    outer loop
      vertex -4.5 0.5 2
      vertex 4.5 0.5 2.25
      vertex -4.5 0.5 2.25
    endloop
  endfacet
  facet normal 0 -1 -0
    outer loop
      vertex 4.5 0.5 2.25
      vertex -4.5 0.5 2
      vertex 4.5 0.5 2
    endloop
  endfacet
  facet normal 1 -0 0
    outer loop
      vertex 4.5 10.5 2.25
      vertex 4.5 19.5 2
      vertex 4.5 19.5 2.25
    endloop
  endfacet
  facet normal 1 0 0
    outer loop
      vertex 4.5 19.5 2
      vertex 4.5 10.5 2.25
      vertex 4.5 10.5 2
    endloop
  endfacet
  facet normal 0 0 1
    outer loop
      vertex 1.29343 19.4642 2.25
      vertex 4.5 19.5 2.25
      vertex 1.30428 19.5 2.25
    endloop
  endfacet
  facet normal 0 0 1
    outer loop
      vertex 1.16406 19.2222 2.25
      vertex 4.5 19.5 2.25
      vertex 1.29343 19.4642 2.25
    endloop
  endfacet
  facet normal 0 0 1
    outer loop
      vertex 0.989949 19.01 2.25
      vertex 4.5 19.5 2.25
      vertex 1.16406 19.2222 2.25
    endloop
  endfacet
  facet normal 0 0 1
    outer loop
      vertex 0.777798 18.8359 2.25
      vertex 4.5 19.5 2.25
      vertex 0.989949 19.01 2.25
    endloop
  endfacet
  facet normal 0 0 1
    outer loop
      vertex 4.5 19.5 2.25
      vertex 0.777798 18.8359 2.25
      vertex 4.5 10.5 2.25
    endloop
  endfacet
  facet normal -0 0 1
    outer loop
      vertex 0.535756 18.7066 2.25
      vertex 4.5 10.5 2.25
      vertex 0.777798 18.8359 2.25
    endloop
  endfacet
  facet normal -0 0 1
    outer loop
      vertex 0.273126 18.6269 2.25
      vertex 4.5 10.5 2.25
      vertex 0.535756 18.7066 2.25
    endloop
  endfacet
  facet normal -0 0 1
    outer loop
      vertex 0 18.6 2.25
      vertex 4.5 10.5 2.25
      vertex 0.273126 18.6269 2.25
    endloop
  endfacet
  facet normal 0 0 1
    outer loop
      vertex -4.5 10.5 2.25
      vertex 0 18.6 2.25
      vertex -0.273126 18.6269 2.25
    endloop
  endfacet
  facet normal 0 0 1
    outer loop
      vertex -4.5 10.5 2.25
      vertex -0.273126 18.6269 2.25
      vertex -0.535756 18.7066 2.25
    endloop
  endfacet
  facet normal 0 0 1
    outer loop
      vertex -4.5 10.5 2.25
      vertex -0.535756 18.7066 2.25
      vertex -0.777798 18.8359 2.25
    endloop
  endfacet
  facet normal 0 0 1
    outer loop
      vertex -4.5 19.5 2.25
      vertex -0.777798 18.8359 2.25
      vertex -0.989949 19.01 2.25
    endloop
  endfacet
  facet normal 0 0 1
    outer loop
      vertex -4.5 19.5 2.25
      vertex -0.989949 19.01 2.25
      vertex -1.16406 19.2222 2.25
    endloop
  endfacet
  facet normal -0 0 1
    outer loop
      vertex -4.5 19.5 2.25
      vertex -1.29343 19.4642 2.25
      vertex -1.30428 19.5 2.25
    endloop
  endfacet
  facet normal 0 0 1
    outer loop
      vertex -4.5 19.5 2.25
      vertex -1.16406 19.2222 2.25
      vertex -1.29343 19.4642 2.25
    endloop
  endfacet
  facet normal 0 0 1
    outer loop
      vertex -0.777798 18.8359 2.25
      vertex -4.5 19.5 2.25
      vertex -4.5 10.5 2.25
    endloop
  endfacet
  facet normal 0 0 1
    outer loop
      vertex 0 18.6 2.25
      vertex -4.5 10.5 2.25
      vertex 4.5 10.5 2.25
    endloop
  endfacet
  facet normal -1 0 0
    outer loop
      vertex -4.5 10.5 2
      vertex -4.5 19.5 2.25
      vertex -4.5 19.5 2
    endloop
  endfacet
  facet normal -1 -0 0
    outer loop
      vertex -4.5 19.5 2.25
      vertex -4.5 10.5 2
      vertex -4.5 10.5 2.25
    endloop
  endfacet
  facet normal 0 1 -0
    outer loop
      vertex -1.30428 19.5 2
      vertex -4.5 19.5 2.25
      vertex -1.30428 19.5 2.25
    endloop
  endfacet
  facet normal 0 1 0
    outer loop
      vertex -4.5 19.5 2.25
      vertex -1.30428 19.5 2
      vertex -4.5 19.5 2
    endloop
  endfacet
  facet normal 0 1 -0
    outer loop
      vertex 4.5 19.5 2
      vertex 1.30428 19.5 2.25
      vertex 4.5 19.5 2.25
    endloop
  endfacet
  facet normal 0 1 0
    outer loop
      vertex 1.30428 19.5 2.25
      vertex 4.5 19.5 2
      vertex 1.30428 19.5 2
    endloop
  endfacet
  facet normal 0 -1 0
    outer loop
      vertex -4.5 10.5 2
      vertex 4.5 10.5 2.25
      vertex -4.5 10.5 2.25
    endloop
  endfacet
  facet normal 0 -1 -0
    outer loop
      vertex 4.5 10.5 2.25
      vertex -4.5 10.5 2
      vertex 4.5 10.5 2
    endloop
  endfacet
  facet normal 1 -0 0
    outer loop
      vertex 14.5 -14.7557 2.25
      vertex 14.5 -10.5 2
      vertex 14.5 -10.5 2.25
    endloop
  endfacet
  facet normal 1 0 0
    outer loop
      vertex 14.5 -10.5 2
      vertex 14.5 -14.7557 2.25
      vertex 14.5 -14.7557 2
    endloop
  endfacet
  facet normal 1 -0 0
    outer loop
      vertex 14.5 -19.5 2.25
      vertex 14.5 -18.8968 2
      vertex 14.5 -18.8968 2.25
    endloop
  endfacet
  facet normal 1 0 0
    outer loop
      vertex 14.5 -18.8968 2
      vertex 14.5 -19.5 2.25
      vertex 14.5 -19.5 2
    endloop
  endfacet
  facet normal 0 0 1
    outer loop
      vertex 14.5 -10.5 2.25
      vertex 12.3998 -14.1929 2.25
      vertex 14.5 -14.7557 2.25
    endloop
  endfacet
  facet normal 0 0 1
    outer loop
      vertex 12.3998 -14.1929 2.25
      vertex 5.5 -10.5 2.25
      vertex 11.3645 -18.0566 2.25
    endloop
  endfacet
  facet normal -0 0 1
    outer loop
      vertex 5.5 -10.5 2.25
      vertex 12.3998 -14.1929 2.25
      vertex 14.5 -10.5 2.25
    endloop
  endfacet
  facet normal 0 0 1
    outer loop
      vertex 11.3645 -18.0566 2.25
      vertex 14.5 -19.5 2.25
      vertex 14.5 -18.8968 2.25
    endloop
  endfacet
  facet normal 0 0 1
    outer loop
      vertex 11.3645 -18.0566 2.25
      vertex 5.5 -19.5 2.25
      vertex 14.5 -19.5 2.25
    endloop
  endfacet
  facet normal 0 0 1
    outer loop
      vertex 5.5 -19.5 2.25
      vertex 11.3645 -18.0566 2.25
      vertex 5.5 -10.5 2.25
    endloop
  endfacet
  facet normal -1 0 0
    outer loop
      vertex 5.5 -19.5 2
      vertex 5.5 -10.5 2.25
      vertex 5.5 -10.5 2
    endloop
  endfacet
  facet normal -1 -0 0
    outer loop
      vertex 5.5 -10.5 2.25
      vertex 5.5 -19.5 2
      vertex 5.5 -19.5 2.25
    endloop
  endfacet
  facet normal 0 1 -0
    outer loop
      vertex 14.5 -10.5 2
      vertex 5.5 -10.5 2.25
      vertex 14.5 -10.5 2.25
    endloop
  endfacet
  facet normal 0 1 0
    outer loop
      vertex 5.5 -10.5 2.25
      vertex 14.5 -10.5 2
      vertex 5.5 -10.5 2
    endloop
  endfacet
  facet normal 0 -1 0
    outer loop
      vertex 5.5 -19.5 2
      vertex 14.5 -19.5 2.25
      vertex 5.5 -19.5 2.25
    endloop
  endfacet
  facet normal 0 -1 -0
    outer loop
      vertex 14.5 -19.5 2.25
      vertex 5.5 -19.5 2
      vertex 14.5 -19.5 2
    endloop
  endfacet
  facet normal 1 -0 0
    outer loop
      vertex 14.5 -9.5 2.25
      vertex 14.5 -0.5 2
      vertex 14.5 -0.5 2.25
    endloop
  endfacet
  facet normal 1 0 0
    outer loop
      vertex 14.5 -0.5 2
      vertex 14.5 -9.5 2.25
      vertex 14.5 -9.5 2
    endloop
  endfacet
  facet normal -0 0 1
    outer loop
      vertex 5.5 -0.5 2.25
      vertex 14.5 -9.5 2.25
      vertex 14.5 -0.5 2.25
    endloop
  endfacet
  facet normal 0 0 1
    outer loop
      vertex 14.5 -9.5 2.25
      vertex 5.5 -0.5 2.25
      vertex 5.5 -9.5 2.25
    endloop
  endfacet
  facet normal -1 0 0
    outer loop
      vertex 5.5 -9.5 2
      vertex 5.5 -0.5 2.25
      vertex 5.5 -0.5 2
    endloop
  endfacet
  facet normal -1 -0 0
    outer loop
      vertex 5.5 -0.5 2.25
      vertex 5.5 -9.5 2
      vertex 5.5 -9.5 2.25
    endloop
  endfacet
  facet normal 0 1 -0
    outer loop
      vertex 14.5 -0.5 2
      vertex 5.5 -0.5 2.25
      vertex 14.5 -0.5 2.25
    endloop
  endfacet
  facet normal 0 1 0
    outer loop
      vertex 5.5 -0.5 2.25
      vertex 14.5 -0.5 2
      vertex 5.5 -0.5 2
    endloop
  endfacet
  facet normal 0 -1 0
    outer loop
      vertex 5.5 -9.5 2
      vertex 14.5 -9.5 2.25
      vertex 5.5 -9.5 2.25
    endloop
  endfacet
  facet normal 0 -1 -0
    outer loop
      vertex 14.5 -9.5 2.25
      vertex 5.5 -9.5 2
      vertex 14.5 -9.5 2
    endloop
  endfacet
  facet normal 1 -0 0
    outer loop
      vertex 14.5 0.5 2.25
      vertex 14.5 9.5 2
      vertex 14.5 9.5 2.25
    endloop
  endfacet
  facet normal 1 0 0
    outer loop
      vertex 14.5 9.5 2
      vertex 14.5 0.5 2.25
      vertex 14.5 0.5 2
    endloop
  endfacet
  facet normal -0 0 1
    outer loop
      vertex 5.5 9.5 2.25
      vertex 14.5 0.5 2.25
      vertex 14.5 9.5 2.25
    endloop
  endfacet
  facet normal 0 0 1
    outer loop
      vertex 14.5 0.5 2.25
      vertex 5.5 9.5 2.25
      vertex 5.5 0.5 2.25
    endloop
  endfacet
  facet normal -1 0 0
    outer loop
      vertex 5.5 0.5 2
      vertex 5.5 9.5 2.25
      vertex 5.5 9.5 2
    endloop
  endfacet
  facet normal -1 -0 0
    outer loop
      vertex 5.5 9.5 2.25
      vertex 5.5 0.5 2
      vertex 5.5 0.5 2.25
    endloop
  endfacet
  facet normal 0 1 -0
    outer loop
      vertex 14.5 9.5 2
      vertex 5.5 9.5 2.25
      vertex 14.5 9.5 2.25
    endloop
  endfacet
  facet normal 0 1 0
    outer loop
      vertex 5.5 9.5 2.25
      vertex 14.5 9.5 2
      vertex 5.5 9.5 2
    endloop
  endfacet
  facet normal 0 -1 0
    outer loop
      vertex 5.5 0.5 2
      vertex 14.5 0.5 2.25
      vertex 5.5 0.5 2.25
    endloop
  endfacet
  facet normal 0 -1 -0
    outer loop
      vertex 14.5 0.5 2.25
      vertex 5.5 0.5 2
      vertex 14.5 0.5 2
    endloop
  endfacet
  facet normal 1 -0 0
    outer loop
      vertex 14.5 13.5459 2.25
      vertex 14.5 19.5 2
      vertex 14.5 19.5 2.25
    endloop
  endfacet
  facet normal 1 0 0
    outer loop
      vertex 14.5 19.5 2
      vertex 14.5 13.5459 2.25
      vertex 14.5 13.5459 2
    endloop
  endfacet
  facet normal 1 -0 0
    outer loop
      vertex 14.5 10.5 2.25
      vertex 14.5 12.3175 2
      vertex 14.5 12.3175 2.25
    endloop
  endfacet
  facet normal 1 0 0
    outer loop
      vertex 14.5 12.3175 2
      vertex 14.5 10.5 2.25
      vertex 14.5 10.5 2
    endloop
  endfacet
  facet normal -0 0 1
    outer loop
      vertex 5.5 19.5 2.25
      vertex 14.5 13.5459 2.25
      vertex 14.5 19.5 2.25
    endloop
  endfacet
  facet normal 0 0 1
    outer loop
      vertex 5.5 10.5 2.25
      vertex 14.5 13.5459 2.25
      vertex 5.5 19.5 2.25
    endloop
  endfacet
  facet normal 0 0 1
    outer loop
      vertex 14.1929 12.3998 2.25
      vertex 14.5 10.5 2.25
      vertex 14.5 12.3175 2.25
    endloop
  endfacet
  facet normal 0 0 1
    outer loop
      vertex 14.5 13.5459 2.25
      vertex 5.5 10.5 2.25
      vertex 14.1929 12.3998 2.25
    endloop
  endfacet
  facet normal 0 0 1
    outer loop
      vertex 14.1929 12.3998 2.25
      vertex 5.5 10.5 2.25
      vertex 14.5 10.5 2.25
    endloop
  endfacet
  facet normal -1 0 0
    outer loop
      vertex 5.5 10.5 2
      vertex 5.5 19.5 2.25
      vertex 5.5 19.5 2
    endloop
  endfacet
  facet normal -1 -0 0
    outer loop
      vertex 5.5 19.5 2.25
      vertex 5.5 10.5 2
      vertex 5.5 10.5 2.25
    endloop
  endfacet
  facet normal 0 1 -0
    outer loop
      vertex 14.5 19.5 2
      vertex 5.5 19.5 2.25
      vertex 14.5 19.5 2.25
    endloop
  endfacet
  facet normal 0 1 0
    outer loop
      vertex 5.5 19.5 2.25
      vertex 14.5 19.5 2
      vertex 5.5 19.5 2
    endloop
  endfacet
  facet normal 0 -1 0
    outer loop
      vertex 5.5 10.5 2
      vertex 14.5 10.5 2.25
      vertex 5.5 10.5 2.25
    endloop
  endfacet
  facet normal 0 -1 -0
    outer loop
      vertex 14.5 10.5 2.25
      vertex 5.5 10.5 2
      vertex 14.5 10.5 2
    endloop
  endfacet
  facet normal 1 -0 0
    outer loop
      vertex 24.5 -19.5 2.25
      vertex 24.5 -10.5 2
      vertex 24.5 -10.5 2.25
    endloop
  endfacet
  facet normal 1 0 0
    outer loop
      vertex 24.5 -10.5 2
      vertex 24.5 -19.5 2.25
      vertex 24.5 -19.5 2
    endloop
  endfacet
  facet normal 0 0 1
    outer loop
      vertex 24.5 -10.5 2.25
      vertex 23.9909 -17.2987 2.25
      vertex 24.5 -19.5 2.25
    endloop
  endfacet
  facet normal 0 0 1
    outer loop
      vertex 15.5 -15.0236 2.25
      vertex 24.5 -10.5 2.25
      vertex 15.5 -10.5 2.25
    endloop
  endfacet
  facet normal 0 0 1
    outer loop
      vertex 24.5 -10.5 2.25
      vertex 15.5 -15.0236 2.25
      vertex 23.9909 -17.2987 2.25
    endloop
  endfacet
  facet normal 0 0 1
    outer loop
      vertex 24.5 -19.5 2.25
      vertex 23.9909 -17.2987 2.25
      vertex 23.401 -19.5 2.25
    endloop
  endfacet
  facet normal 0 0 1
    outer loop
      vertex 15.5 -19.1647 2.25
      vertex 15.5 -19.5 2.25
      vertex 16.7513 -19.5 2.25
    endloop
  endfacet
  facet normal -1 0 0
    outer loop
      vertex 15.5 -15.0236 2
      vertex 15.5 -10.5 2.25
      vertex 15.5 -10.5 2
    endloop
  endfacet
  facet normal -1 -0 0
    outer loop
      vertex 15.5 -10.5 2.25
      vertex 15.5 -15.0236 2
      vertex 15.5 -15.0236 2.25
    endloop
  endfacet
  facet normal -1 0 0
    outer loop
      vertex 15.5 -19.5 2
      vertex 15.5 -19.1647 2.25
      vertex 15.5 -19.1647 2
    endloop
  endfacet
  facet normal -1 -0 0
    outer loop
      vertex 15.5 -19.1647 2.25
      vertex 15.5 -19.5 2
      vertex 15.5 -19.5 2.25
    endloop
  endfacet
  facet normal 0 1 -0
    outer loop
      vertex 24.5 -10.5 2
      vertex 15.5 -10.5 2.25
      vertex 24.5 -10.5 2.25
    endloop
  endfacet
  facet normal 0 1 0
    outer loop
      vertex 15.5 -10.5 2.25
      vertex 24.5 -10.5 2
      vertex 15.5 -10.5 2
    endloop
  endfacet
  facet normal 0 -1 0
    outer loop
      vertex 15.5 -19.5 2
      vertex 16.7513 -19.5 2.25
      vertex 15.5 -19.5 2.25
    endloop
  endfacet
  facet normal 0 -1 -0
    outer loop
      vertex 16.7513 -19.5 2.25
      vertex 15.5 -19.5 2
      vertex 16.7513 -19.5 2
    endloop
  endfacet
  facet normal 0 -1 0
    outer loop
      vertex 23.401 -19.5 2
      vertex 24.5 -19.5 2.25
      vertex 23.401 -19.5 2.25
    endloop
  endfacet
  facet normal 0 -1 -0
    outer loop
      vertex 24.5 -19.5 2.25
      vertex 23.401 -19.5 2
      vertex 24.5 -19.5 2
    endloop
  endfacet
  facet normal 1 -0 0
    outer loop
      vertex 24.5 -9.5 2.25
      vertex 24.5 -0.5 2
      vertex 24.5 -0.5 2.25
    endloop
  endfacet
  facet normal 1 0 0
    outer loop
      vertex 24.5 -0.5 2
      vertex 24.5 -9.5 2.25
      vertex 24.5 -9.5 2
    endloop
  endfacet
  facet normal 0 0 1
    outer loop
      vertex 21.2934 -0.535756 2.25
      vertex 24.5 -0.5 2.25
      vertex 21.3043 -0.5 2.25
    endloop
  endfacet
  facet normal 0 0 1
    outer loop
      vertex 21.1641 -0.777798 2.25
      vertex 24.5 -0.5 2.25
      vertex 21.2934 -0.535756 2.25
    endloop
  endfacet
  facet normal 0 0 1
    outer loop
      vertex 20.9899 -0.989949 2.25
      vertex 24.5 -0.5 2.25
      vertex 21.1641 -0.777798 2.25
    endloop
  endfacet
  facet normal 0 0 1
    outer loop
      vertex 20.7778 -1.16406 2.25
      vertex 24.5 -0.5 2.25
      vertex 20.9899 -0.989949 2.25
    endloop
  endfacet
  facet normal 0 0 1
    outer loop
      vertex 24.5 -0.5 2.25
      vertex 20.7778 -1.16406 2.25
      vertex 24.5 -9.5 2.25
    endloop
  endfacet
  facet normal -0 0 1
    outer loop
      vertex 20.5358 -1.29343 2.25
      vertex 24.5 -9.5 2.25
      vertex 20.7778 -1.16406 2.25
    endloop
  endfacet
  facet normal -0 0 1
    outer loop
      vertex 20.2731 -1.3731 2.25
      vertex 24.5 -9.5 2.25
      vertex 20.5358 -1.29343 2.25
    endloop
  endfacet
  facet normal -0 0 1
    outer loop
      vertex 20 -1.4 2.25
      vertex 24.5 -9.5 2.25
      vertex 20.2731 -1.3731 2.25
    endloop
  endfacet
  facet normal 0 0 1
    outer loop
      vertex 15.5 -9.5 2.25
      vertex 20 -1.4 2.25
      vertex 19.7269 -1.3731 2.25
    endloop
  endfacet
  facet normal 0 0 1
    outer loop
      vertex 15.5 -9.5 2.25
      vertex 19.7269 -1.3731 2.25
      vertex 19.4642 -1.29343 2.25
    endloop
  endfacet
  facet normal 0 0 1
    outer loop
      vertex 15.5 -9.5 2.25
      vertex 19.4642 -1.29343 2.25
      vertex 19.2222 -1.16406 2.25
    endloop
  endfacet
  facet normal 0 0 1
    outer loop
      vertex 15.5 -0.5 2.25
      vertex 19.2222 -1.16406 2.25
      vertex 19.01 -0.989949 2.25
    endloop
  endfacet
  facet normal 0 0 1
    outer loop
      vertex 15.5 -0.5 2.25
      vertex 19.01 -0.989949 2.25
      vertex 18.8359 -0.777798 2.25
    endloop
  endfacet
  facet normal -0 0 1
    outer loop
      vertex 15.5 -0.5 2.25
      vertex 18.7066 -0.535756 2.25
      vertex 18.6957 -0.5 2.25
    endloop
  endfacet
  facet normal 0 0 1
    outer loop
      vertex 15.5 -0.5 2.25
      vertex 18.8359 -0.777798 2.25
      vertex 18.7066 -0.535756 2.25
    endloop
  endfacet
  facet normal 0 0 1
    outer loop
      vertex 19.2222 -1.16406 2.25
      vertex 15.5 -0.5 2.25
      vertex 15.5 -9.5 2.25
    endloop
  endfacet
  facet normal 0 0 1
    outer loop
      vertex 20 -1.4 2.25
      vertex 15.5 -9.5 2.25
      vertex 24.5 -9.5 2.25
    endloop
  endfacet
  facet normal -1 0 0
    outer loop
      vertex 15.5 -9.5 2
      vertex 15.5 -0.5 2.25
      vertex 15.5 -0.5 2
    endloop
  endfacet
  facet normal -1 -0 0
    outer loop
      vertex 15.5 -0.5 2.25
      vertex 15.5 -9.5 2
      vertex 15.5 -9.5 2.25
    endloop
  endfacet
  facet normal 0 1 -0
    outer loop
      vertex 18.6957 -0.5 2
      vertex 15.5 -0.5 2.25
      vertex 18.6957 -0.5 2.25
    endloop
  endfacet
  facet normal 0 1 0
    outer loop
      vertex 15.5 -0.5 2.25
      vertex 18.6957 -0.5 2
      vertex 15.5 -0.5 2
    endloop
  endfacet
  facet normal 0 1 -0
    outer loop
      vertex 24.5 -0.5 2
      vertex 21.3043 -0.5 2.25
      vertex 24.5 -0.5 2.25
    endloop
  endfacet
  facet normal 0 1 0
    outer loop
      vertex 21.3043 -0.5 2.25
      vertex 24.5 -0.5 2
      vertex 21.3043 -0.5 2
    endloop
  endfacet
  facet normal 0 -1 0
    outer loop
      vertex 15.5 -9.5 2
      vertex 24.5 -9.5 2.25
      vertex 15.5 -9.5 2.25
    endloop
  endfacet
  facet normal 0 -1 -0
    outer loop
      vertex 24.5 -9.5 2.25
      vertex 15.5 -9.5 2
      vertex 24.5 -9.5 2
    endloop
  endfacet
  facet normal 1 -0 0
    outer loop
      vertex 24.5 0.5 2.25
      vertex 24.5 9.5 2
      vertex 24.5 9.5 2.25
    endloop
  endfacet
  facet normal 1 0 0
    outer loop
      vertex 24.5 9.5 2
      vertex 24.5 0.5 2.25
      vertex 24.5 0.5 2
    endloop
  endfacet
  facet normal -0 0 1
    outer loop
      vertex 20.7778 1.16406 2.25
      vertex 24.5 0.5 2.25
      vertex 24.5 9.5 2.25
    endloop
  endfacet
  facet normal 0 0 1
    outer loop
      vertex 24.5 0.5 2.25
      vertex 21.2934 0.535756 2.25
      vertex 21.3043 0.5 2.25
    endloop
  endfacet
  facet normal 0 0 1
    outer loop
      vertex 24.5 0.5 2.25
      vertex 21.1641 0.777798 2.25
      vertex 21.2934 0.535756 2.25
    endloop
  endfacet
  facet normal 0 0 1
    outer loop
      vertex 24.5 0.5 2.25
      vertex 20.9899 0.989949 2.25
      vertex 21.1641 0.777798 2.25
    endloop
  endfacet
  facet normal 0 0 1
    outer loop
      vertex 24.5 0.5 2.25
      vertex 20.7778 1.16406 2.25
      vertex 20.9899 0.989949 2.25
    endloop
  endfacet
  facet normal 0 0 1
    outer loop
      vertex 24.5 9.5 2.25
      vertex 20.5358 1.29343 2.25
      vertex 20.7778 1.16406 2.25
    endloop
  endfacet
  facet normal 0 0 1
    outer loop
      vertex 24.5 9.5 2.25
      vertex 20.2731 1.3731 2.25
      vertex 20.5358 1.29343 2.25
    endloop
  endfacet
  facet normal 0 0 1
    outer loop
      vertex 24.5 9.5 2.25
      vertex 20 1.4 2.25
      vertex 20.2731 1.3731 2.25
    endloop
  endfacet
  facet normal -0 0 1
    outer loop
      vertex 15.5 9.5 2.25
      vertex 20 1.4 2.25
      vertex 24.5 9.5 2.25
    endloop
  endfacet
  facet normal 0 0 1
    outer loop
      vertex 20 1.4 2.25
      vertex 15.5 9.5 2.25
      vertex 19.7269 1.3731 2.25
    endloop
  endfacet
  facet normal 0 0 1
    outer loop
      vertex 19.7269 1.3731 2.25
      vertex 15.5 9.5 2.25
      vertex 19.4642 1.29343 2.25
    endloop
  endfacet
  facet normal 0 0 1
    outer loop
      vertex 19.4642 1.29343 2.25
      vertex 15.5 9.5 2.25
      vertex 19.2222 1.16406 2.25
    endloop
  endfacet
  facet normal 0 0 1
    outer loop
      vertex 15.5 0.5 2.25
      vertex 19.2222 1.16406 2.25
      vertex 15.5 9.5 2.25
    endloop
  endfacet
  facet normal 0 0 1
    outer loop
      vertex 19.2222 1.16406 2.25
      vertex 15.5 0.5 2.25
      vertex 19.01 0.989949 2.25
    endloop
  endfacet
  facet normal 0 0 1
    outer loop
      vertex 19.01 0.989949 2.25
      vertex 15.5 0.5 2.25
      vertex 18.8359 0.777798 2.25
    endloop
  endfacet
  facet normal 0 0 1
    outer loop
      vertex 18.8359 0.777798 2.25
      vertex 15.5 0.5 2.25
      vertex 18.7066 0.535756 2.25
    endloop
  endfacet
  facet normal 0 0 1
    outer loop
      vertex 18.7066 0.535756 2.25
      vertex 15.5 0.5 2.25
      vertex 18.6957 0.5 2.25
    endloop
  endfacet
  facet normal -1 0 0
    outer loop
      vertex 15.5 0.5 2
      vertex 15.5 9.5 2.25
      vertex 15.5 9.5 2
    endloop
  endfacet
  facet normal -1 -0 0
    outer loop
      vertex 15.5 9.5 2.25
      vertex 15.5 0.5 2
      vertex 15.5 0.5 2.25
    endloop
  endfacet
  facet normal 0 1 -0
    outer loop
      vertex 24.5 9.5 2
      vertex 15.5 9.5 2.25
      vertex 24.5 9.5 2.25
    endloop
  endfacet
  facet normal 0 1 0
    outer loop
      vertex 15.5 9.5 2.25
      vertex 24.5 9.5 2
      vertex 15.5 9.5 2
    endloop
  endfacet
  facet normal 0 -1 0
    outer loop
      vertex 15.5 0.5 2
      vertex 18.6957 0.5 2.25
      vertex 15.5 0.5 2.25
    endloop
  endfacet
  facet normal 0 -1 -0
    outer loop
      vertex 18.6957 0.5 2.25
      vertex 15.5 0.5 2
      vertex 18.6957 0.5 2
    endloop
  endfacet
  facet normal 0 -1 0
    outer loop
      vertex 21.3043 0.5 2
      vertex 24.5 0.5 2.25
      vertex 21.3043 0.5 2.25
    endloop
  endfacet
  facet normal 0 -1 -0
    outer loop
      vertex 24.5 0.5 2.25
      vertex 21.3043 0.5 2
      vertex 24.5 0.5 2
    endloop
  endfacet
  facet normal 1 -0 0
    outer loop
      vertex 24.5 10.5 2.25
      vertex 24.5 19.5 2
      vertex 24.5 19.5 2.25
    endloop
  endfacet
  facet normal 1 0 0
    outer loop
      vertex 24.5 19.5 2
      vertex 24.5 10.5 2.25
      vertex 24.5 10.5 2
    endloop
  endfacet
  facet normal -0 0 1
    outer loop
      vertex 15.5 19.5 2.25
      vertex 15.5 17.2779 2.25
      vertex 16.0954 19.5 2.25
    endloop
  endfacet
  facet normal -0 0 1
    outer loop
      vertex 20.2365 19.5 2.25
      vertex 24.5 10.5 2.25
      vertex 24.5 19.5 2.25
    endloop
  endfacet
  facet normal -0 0 1
    outer loop
      vertex 18.0566 11.3645 2.25
      vertex 24.5 10.5 2.25
      vertex 20.2365 19.5 2.25
    endloop
  endfacet
  facet normal 0 0 1
    outer loop
      vertex 18.0566 11.3645 2.25
      vertex 15.5 10.5 2.25
      vertex 24.5 10.5 2.25
    endloop
  endfacet
  facet normal 0 0 1
    outer loop
      vertex 15.5 10.5 2.25
      vertex 18.0566 11.3645 2.25
      vertex 15.5 12.0495 2.25
    endloop
  endfacet
  facet normal -1 0 0
    outer loop
      vertex 15.5 17.2779 2
      vertex 15.5 19.5 2.25
      vertex 15.5 19.5 2
    endloop
  endfacet
  facet normal -1 -0 0
    outer loop
      vertex 15.5 19.5 2.25
      vertex 15.5 17.2779 2
      vertex 15.5 17.2779 2.25
    endloop
  endfacet
  facet normal -1 0 0
    outer loop
      vertex 15.5 10.5 2
      vertex 15.5 12.0495 2.25
      vertex 15.5 12.0495 2
    endloop
  endfacet
  facet normal -1 -0 0
    outer loop
      vertex 15.5 12.0495 2.25
      vertex 15.5 10.5 2
      vertex 15.5 10.5 2.25
    endloop
  endfacet
  facet normal 0 1 -0
    outer loop
      vertex 16.0954 19.5 2
      vertex 15.5 19.5 2.25
      vertex 16.0954 19.5 2.25
    endloop
  endfacet
  facet normal 0 1 0
    outer loop
      vertex 15.5 19.5 2.25
      vertex 16.0954 19.5 2
      vertex 15.5 19.5 2
    endloop
  endfacet
  facet normal 0 1 -0
    outer loop
      vertex 24.5 19.5 2
      vertex 20.2365 19.5 2.25
      vertex 24.5 19.5 2.25
    endloop
  endfacet
  facet normal 0 1 0
    outer loop
      vertex 20.2365 19.5 2.25
      vertex 24.5 19.5 2
      vertex 20.2365 19.5 2
    endloop
  endfacet
  facet normal 0 -1 0
    outer loop
      vertex 15.5 10.5 2
      vertex 24.5 10.5 2.25
      vertex 15.5 10.5 2.25
    endloop
  endfacet
  facet normal 0 -1 -0
    outer loop
      vertex 24.5 10.5 2.25
      vertex 15.5 10.5 2
      vertex 24.5 10.5 2
    endloop
  endfacet
endsolid OpenSCAD_Model
