First Name,Last Name,Email,Phone,Company,Address,City,County,State,Zip,Business Type,Website,Source,Priority,Tags,Notes,Scrape Date,Yelp URL,Google Maps,Yelp Rating,Yelp Reviews,Est. Revenue,Employees,POS Urgency,Region
Roberto,Garcia,,(657) 695-1187,Perez's Burritos,3400 Third St,Anaheim,Orange County,CA,91801,Burritos,,CA_Restaurant_Scraper,C,"Restaurant, Burritos, POS_Prospect, Anaheim",Auto-generated lead for PSDepot outreach. Type: Burritos,2026-04-28,https://www.yelp.com/biz/perezs-burritos-anaheim,"https://maps.google.com/?q=3400+Third+St,Anaheim,CA",,,Under $500K,26-50,Low,Orange County
Richard,Jones,,(657) 978-9930,Ramirez's Bar & Grill,4610 Second St,Anaheim,Orange County,CA,96292,Bar & Grill,,CA_Restaurant_Scraper,B,"Restaurant, Bar & Grill, POS_Prospect, Anaheim",Auto-generated lead for PSDepot outreach. Type: Bar & Grill,2026-04-28,https://www.yelp.com/biz/ramirezs-bar-&-grill-anaheim,"https://maps.google.com/?q=4610+Second+St,Anaheim,CA",3.1,135,$1M-$2.5M,100+,Medium,Orange County
Ana,Brown,,(714) 591-4506,Corner Diner,9761 Third St,Anaheim,Orange County,CA,92725,Diner,https://www.cornerdiner.com,CA_Restaurant_Scraper,C,"Restaurant, Diner, POS_Prospect, Anaheim",Auto-generated lead for PSDepot outreach. Type: Diner,2026-04-28,https://www.yelp.com/biz/corner-diner-anaheim,"https://maps.google.com/?q=9761+Third+St,Anaheim,CA",3.1,294,$5M+,100+,High,Orange County
Anthony,Davis,info@bigdelbakery.com,(714) 662-7688,Big DelBakery,2262 Pine St,Anaheim,Orange County,CA,95432,Bakery,,CA_Restaurant_Scraper,C,"Restaurant, Bakery, POS_Prospect, Anaheim",Auto-generated lead for PSDepot outreach. Type: Bakery,2026-04-28,https://www.yelp.com/biz/big-delbakery-anaheim,"https://maps.google.com/?q=2262+Pine+St,Anaheim,CA",4.3,436,Under $500K,100+,Low,Orange County
Juan,Rodriguez,,(714) 973-3233,Santa DelBar & Grill,435 Jefferson St,Anaheim,Orange County,CA,96403,Bar & Grill,,CA_Restaurant_Scraper,C,"Restaurant, Bar & Grill, POS_Prospect, Anaheim",Auto-generated lead for PSDepot outreach. Type: Bar & Grill,2026-04-28,https://www.yelp.com/biz/santa-delbar-&-grill-anaheim,"https://maps.google.com/?q=435+Jefferson+St,Anaheim,CA",4.9,97,$5M+,100+,High,Orange County
Christopher,Davis,info@lasdeeatery.com,(714) 917-9012,Las DeEatery,8992 Sunset Blvd,Anaheim,Orange County,CA,93856,Eatery,https://www.lasdeeatery.com,CA_Restaurant_Scraper,B,"Restaurant, Eatery, POS_Prospect, Anaheim",Auto-generated lead for PSDepot outreach. Type: Eatery,2026-04-28,https://www.yelp.com/biz/las-deeatery-anaheim,"https://maps.google.com/?q=8992+Sunset+Blvd,Anaheim,CA",3.1,38,Under $500K,26-50,Low,Orange County
Maria,Gonzalez,info@casadekitchen.com,(657) 774-6913,Casa DeKitchen,6227 Wilshire Blvd,Anaheim,Orange County,CA,90170,Kitchen,,CA_Restaurant_Scraper,C,"Restaurant, Kitchen, POS_Prospect, Anaheim",Auto-generated lead for PSDepot outreach. Type: Kitchen,2026-04-28,https://www.yelp.com/biz/casa-dekitchen-anaheim,"https://maps.google.com/?q=6227+Wilshire+Blvd,Anaheim,CA",3.1,104,$2.5M-$5M,1-10,High,Orange County
Matthew,Johnson,info@grilldeltaqueria.com,(714) 789-1800,Grill DelTaqueria,1723 Wilshire Blvd,Anaheim,Orange County,CA,92698,Taqueria,,CA_Restaurant_Scraper,C,"Restaurant, Taqueria, POS_Prospect, Anaheim",Auto-generated lead for PSDepot outreach. Type: Taqueria,2026-04-28,https://www.yelp.com/biz/grill-deltaqueria-anaheim,"https://maps.google.com/?q=1723+Wilshire+Blvd,Anaheim,CA",3.6,272,Under $500K,11-25,Low,Orange County
Barbara,Rodriguez,info@grilldelcoffee.com,(657) 490-3756,Grill DelCoffee,5223 Washington Blvd,Anaheim,Orange County,CA,95581,Grill,https://www.grilldelcoffee.com,CA_Restaurant_Scraper,C,"Restaurant, Grill, POS_Prospect, Anaheim",Auto-generated lead for PSDepot outreach. Type: Grill,2026-04-28,,"https://maps.google.com/?q=5223+Washington+Blvd,Anaheim,CA",,,$2.5M-$5M,100+,High,Orange County
Richard,Rodriguez,,(657) 394-4516,Silver DeSeafood,850 Oak St,Anaheim,Orange County,CA,90958,Seafood,https://www.silverdeseafood.com,CA_Restaurant_Scraper,A,"Restaurant, Seafood, POS_Prospect, Anaheim",Auto-generated lead for PSDepot outreach. Type: Seafood,2026-04-28,https://www.yelp.com/biz/silver-deseafood-anaheim,"https://maps.google.com/?q=850+Oak+St,Anaheim,CA",3.5,482,$2.5M-$5M,11-25,High,Orange County
Michael,Lopez,info@sandiner.com,(657) 610-9894,San Diner,2235 Ocean Ave,Anaheim,Orange County,CA,91742,Diner,,CA_Restaurant_Scraper,A,"Restaurant, Diner, POS_Prospect, Anaheim",Auto-generated lead for PSDepot outreach. Type: Diner,2026-04-28,https://www.yelp.com/biz/san-diner-anaheim,"https://maps.google.com/?q=2235+Ocean+Ave,Anaheim,CA",,,$1M-$2.5M,100+,Medium,Orange County
John,Gonzalez,info@bigtacos.com,(714) 301-4696,Big Tacos,7937 Main St,Anaheim,Orange County,CA,95294,Tacos,https://www.bigtacos.com,CA_Restaurant_Scraper,C,"Restaurant, Tacos, POS_Prospect, Anaheim",Auto-generated lead for PSDepot outreach. Type: Tacos,2026-04-28,,"https://maps.google.com/?q=7937+Main+St,Anaheim,CA",4.4,336,$1M-$2.5M,100+,Medium,Orange County
Juan,Torres,info@perezsbistro.com,(714) 961-6132,Perez's Bistro,3045 Market St,Anaheim,Orange County,CA,95465,Bistro,https://www.perezsbistro.com,CA_Restaurant_Scraper,C,"Restaurant, Bistro, POS_Prospect, Anaheim",Auto-generated lead for PSDepot outreach. Type: Bistro,2026-04-28,https://www.yelp.com/biz/perezs-bistro-anaheim,"https://maps.google.com/?q=3045+Market+St,Anaheim,CA",4.4,369,$5M+,1-10,High,Orange County
Jose,Johnson,,(714) 672-7390,Ramirez's Burritos,5468 Elm St,Anaheim,Orange County,CA,90407,Burritos,,CA_Restaurant_Scraper,B,"Restaurant, Burritos, POS_Prospect, Anaheim",Auto-generated lead for PSDepot outreach. Type: Burritos,2026-04-28,,"https://maps.google.com/?q=5468+Elm+St,Anaheim,CA",,,$1M-$2.5M,100+,Medium,Orange County
Pedro,Davis,info@lopezssushi.com,(657) 430-3249,Lopez's Sushi,7400 First St,Anaheim,Orange County,CA,92043,Sushi,https://www.lopezssushi.com,CA_Restaurant_Scraper,A,"Restaurant, Sushi, POS_Prospect, Anaheim",Auto-generated lead for PSDepot outreach. Type: Sushi,2026-04-28,,"https://maps.google.com/?q=7400+First+St,Anaheim,CA",4.3,333,Under $500K,1-10,Low,Orange County
Mark,Lopez,info@bluedepizza.com,(657) 642-4793,Blue DePizza,2069 Maple Ave,Anaheim,Orange County,CA,92126,Pizza,,CA_Restaurant_Scraper,A,"Restaurant, Pizza, POS_Prospect, Anaheim",Auto-generated lead for PSDepot outreach. Type: Pizza,2026-04-28,,"https://maps.google.com/?q=2069+Maple+Ave,Anaheim,CA",4.0,495,$500K-$1M,51-100,Low,Orange County
Elizabeth,Torres,,(657) 253-7093,Rivera's BBQ,8122 Maple Ave,Anaheim,Orange County,CA,95493,BBQ,,CA_Restaurant_Scraper,B,"Restaurant, BBQ, POS_Prospect, Anaheim",Auto-generated lead for PSDepot outreach. Type: BBQ,2026-04-28,https://www.yelp.com/biz/riveras-bbq-anaheim,"https://maps.google.com/?q=8122+Maple+Ave,Anaheim,CA",4.2,251,$500K-$1M,100+,Low,Orange County
Michael,Garcia,info@spotcafe.com,(657) 307-4350,Spot Cafe,3895 Elm St,Anaheim,Orange County,CA,96871,Cafe,,CA_Restaurant_Scraper,B,"Restaurant, Cafe, POS_Prospect, Anaheim",Auto-generated lead for PSDepot outreach. Type: Cafe,2026-04-28,,"https://maps.google.com/?q=3895+Elm+St,Anaheim,CA",3.2,269,$2.5M-$5M,11-25,High,Orange County
Betty,Ramirez,,(714) 248-4098,Big DelSeafood,1489 Elm St,Anaheim,Orange County,CA,94807,Seafood,,CA_Restaurant_Scraper,C,"Restaurant, Seafood, POS_Prospect, Anaheim",Auto-generated lead for PSDepot outreach. Type: Seafood,2026-04-28,,"https://maps.google.com/?q=1489+Elm+St,Anaheim,CA",3.6,147,$2.5M-$5M,11-25,High,Orange County
Carlos,Lopez,info@housedecafe.com,(714) 721-6500,House DeCafe,7307 Second St,Anaheim,Orange County,CA,92840,Cafe,,CA_Restaurant_Scraper,B,"Restaurant, Cafe, POS_Prospect, Anaheim",Auto-generated lead for PSDepot outreach. Type: Cafe,2026-04-28,https://www.yelp.com/biz/house-decafe-anaheim,"https://maps.google.com/?q=7307+Second+St,Anaheim,CA",,,$500K-$1M,100+,Low,Orange County
Elizabeth,Sanchez,info@garciasburger.com,(714) 729-7877,Garcia's Burger,8365 Pine St,Anaheim,Orange County,CA,93615,Burger,,CA_Restaurant_Scraper,B,"Restaurant, Burger, POS_Prospect, Anaheim",Auto-generated lead for PSDepot outreach. Type: Burger,2026-04-28,,"https://maps.google.com/?q=8365+Pine+St,Anaheim,CA",,,Under $500K,100+,Low,Orange County
Patricia,Garcia,info@grillcoffee.com,(657) 318-3618,Grill Coffee,5351 Ocean Ave,Anaheim,Orange County,CA,92719,Grill,,CA_Restaurant_Scraper,C,"Restaurant, Grill, POS_Prospect, Anaheim",Auto-generated lead for PSDepot outreach. Type: Grill,2026-04-28,https://www.yelp.com/biz/grill-coffee-anaheim,"https://maps.google.com/?q=5351+Ocean+Ave,Anaheim,CA",3.6,191,Under $500K,1-10,Low,Orange County
Jessica,Williams,,(714) 258-5226,Sanchez's Diner,1531 Pine St,Anaheim,Orange County,CA,94559,Diner,,CA_Restaurant_Scraper,C,"Restaurant, Diner, POS_Prospect, Anaheim",Auto-generated lead for PSDepot outreach. Type: Diner,2026-04-28,https://www.yelp.com/biz/sanchezs-diner-anaheim,"https://maps.google.com/?q=1531+Pine+St,Anaheim,CA",,,Under $500K,26-50,Low,Orange County
Jose,Flores,,(657) 285-6973,Golden Bistro,2530 Oak St,Anaheim,Orange County,CA,94086,Bistro,,CA_Restaurant_Scraper,B,"Restaurant, Bistro, POS_Prospect, Anaheim",Auto-generated lead for PSDepot outreach. Type: Bistro,2026-04-28,https://www.yelp.com/biz/golden-bistro-anaheim,"https://maps.google.com/?q=2530+Oak+St,Anaheim,CA",,,$1M-$2.5M,11-25,Medium,Orange County
Steven,Martinez,,(657) 725-5008,Garcia's Eatery,9590 Jefferson St,Anaheim,Orange County,CA,94869,Eatery,,CA_Restaurant_Scraper,C,"Restaurant, Eatery, POS_Prospect, Anaheim",Auto-generated lead for PSDepot outreach. Type: Eatery,2026-04-28,https://www.yelp.com/biz/garcias-eatery-anaheim,"https://maps.google.com/?q=9590+Jefferson+St,Anaheim,CA",3.4,300,$5M+,100+,High,Orange County
Susan,Gonzalez,info@greenburritos.com,(714) 555-2701,Green Burritos,7999 Jefferson St,Anaheim,Orange County,CA,92999,Burritos,,CA_Restaurant_Scraper,B,"Restaurant, Burritos, POS_Prospect, Anaheim",Auto-generated lead for PSDepot outreach. Type: Burritos,2026-04-28,,"https://maps.google.com/?q=7999+Jefferson+St,Anaheim,CA",4.4,240,$5M+,11-25,High,Orange County
Sarah,Miller,info@cafedelcoffee.com,(657) 499-2786,Cafe DelCoffee,8537 Washington Blvd,Anaheim,Orange County,CA,90471,Cafe,https://www.cafedelcoffee.com,CA_Restaurant_Scraper,B,"Restaurant, Cafe, POS_Prospect, Anaheim",Auto-generated lead for PSDepot outreach. Type: Cafe,2026-04-28,https://www.yelp.com/biz/cafe-delcoffee-anaheim,"https://maps.google.com/?q=8537+Washington+Blvd,Anaheim,CA",4.1,152,$1M-$2.5M,26-50,Medium,Orange County
Daniel,Garcia,,(657) 863-7396,Los Pizza,8942 Pico Blvd,Anaheim,Orange County,CA,90842,Pizza,,CA_Restaurant_Scraper,A,"Restaurant, Pizza, POS_Prospect, Anaheim",Auto-generated lead for PSDepot outreach. Type: Pizza,2026-04-28,,"https://maps.google.com/?q=8942+Pico+Blvd,Anaheim,CA",3.9,349,Under $500K,11-25,Low,Orange County
Jennifer,Garcia,info@martinezskitchen.com,(714) 848-9477,Martinez's Kitchen,4276 Cedar Ave,Anaheim,Orange County,CA,91279,Kitchen,https://www.martinezskitchen.com,CA_Restaurant_Scraper,C,"Restaurant, Kitchen, POS_Prospect, Anaheim",Auto-generated lead for PSDepot outreach. Type: Kitchen,2026-04-28,https://www.yelp.com/biz/martinezs-kitchen-anaheim,"https://maps.google.com/?q=4276+Cedar+Ave,Anaheim,CA",,,$1M-$2.5M,51-100,Medium,Orange County
Robert,Brown,info@lasbargrill.com,(714) 633-6354,Las Bar & Grill,9434 Main St,Anaheim,Orange County,CA,91709,Bar & Grill,,CA_Restaurant_Scraper,B,"Restaurant, Bar & Grill, POS_Prospect, Anaheim",Auto-generated lead for PSDepot outreach. Type: Bar & Grill,2026-04-28,,"https://maps.google.com/?q=9434+Main+St,Anaheim,CA",4.4,374,$500K-$1M,26-50,Low,Orange County
Jennifer,Williams,,(714) 639-7280,Garcia's Diner,3944 Wilshire Blvd,Anaheim,Orange County,CA,93870,Diner,,CA_Restaurant_Scraper,B,"Restaurant, Diner, POS_Prospect, Anaheim",Auto-generated lead for PSDepot outreach. Type: Diner,2026-04-28,https://www.yelp.com/biz/garcias-diner-anaheim,"https://maps.google.com/?q=3944+Wilshire+Blvd,Anaheim,CA",3.7,325,$2.5M-$5M,100+,High,Orange County
Sarah,Jones,,(657) 756-3340,Kitchen DeBistro,9487 Second St,Anaheim,Orange County,CA,90756,Kitchen,,CA_Restaurant_Scraper,B,"Restaurant, Kitchen, POS_Prospect, Anaheim",Auto-generated lead for PSDepot outreach. Type: Kitchen,2026-04-28,https://www.yelp.com/biz/kitchen-debistro-anaheim,"https://maps.google.com/?q=9487+Second+St,Anaheim,CA",3.9,15,$5M+,11-25,High,Orange County
Jose,Johnson,info@gomezsbbq.com,(657) 820-8582,Gomez's BBQ,2442 Pine St,Anaheim,Orange County,CA,92781,BBQ,https://www.gomezsbbq.com,CA_Restaurant_Scraper,C,"Restaurant, BBQ, POS_Prospect, Anaheim",Auto-generated lead for PSDepot outreach. Type: BBQ,2026-04-28,https://www.yelp.com/biz/gomezs-bbq-anaheim,"https://maps.google.com/?q=2442+Pine+St,Anaheim,CA",4.3,461,$2.5M-$5M,26-50,High,Orange County
John,Lopez,info@cornerdebargrill.com,(714) 505-2945,Corner DeBar & Grill,3312 Washington Blvd,Anaheim,Orange County,CA,91987,Bar & Grill,,CA_Restaurant_Scraper,A,"Restaurant, Bar & Grill, POS_Prospect, Anaheim",Auto-generated lead for PSDepot outreach. Type: Bar & Grill,2026-04-28,,"https://maps.google.com/?q=3312+Washington+Blvd,Anaheim,CA",3.6,143,$500K-$1M,1-10,Low,Orange County
James,Perez,info@lopezsdiner.com,(714) 809-4401,Lopez's Diner,4871 Mission St,Anaheim,Orange County,CA,95449,Diner,,CA_Restaurant_Scraper,C,"Restaurant, Diner, POS_Prospect, Anaheim",Auto-generated lead for PSDepot outreach. Type: Diner,2026-04-28,https://www.yelp.com/biz/lopezs-diner-anaheim,"https://maps.google.com/?q=4871+Mission+St,Anaheim,CA",3.1,366,Under $500K,51-100,Low,Orange County
Jessica,Torres,,(714) 611-2607,Pueblo DelKitchen,9991 Pico Blvd,Anaheim,Orange County,CA,92509,Kitchen,,CA_Restaurant_Scraper,A,"Restaurant, Kitchen, POS_Prospect, Anaheim",Auto-generated lead for PSDepot outreach. Type: Kitchen,2026-04-28,,"https://maps.google.com/?q=9991+Pico+Blvd,Anaheim,CA",,,$500K-$1M,1-10,Low,Orange County
Maria,Hernandez,info@torresstaqueria.com,(714) 705-3182,Torres's Taqueria,6970 Elm St,Anaheim,Orange County,CA,95590,Taqueria,,CA_Restaurant_Scraper,C,"Restaurant, Taqueria, POS_Prospect, Anaheim",Auto-generated lead for PSDepot outreach. Type: Taqueria,2026-04-28,https://www.yelp.com/biz/torress-taqueria-anaheim,"https://maps.google.com/?q=6970+Elm+St,Anaheim,CA",3.3,22,$2.5M-$5M,26-50,High,Orange County
William,Rodriguez,info@spotdeseafood.com,(657) 594-7584,Spot DeSeafood,3016 Hollywood Blvd,Anaheim,Orange County,CA,92575,Seafood,,CA_Restaurant_Scraper,C,"Restaurant, Seafood, POS_Prospect, Anaheim",Auto-generated lead for PSDepot outreach. Type: Seafood,2026-04-28,,"https://maps.google.com/?q=3016+Hollywood+Blvd,Anaheim,CA",,,$5M+,26-50,High,Orange County
Luis,Perez,,(714) 723-3303,Spot Bar & Grill,7006 Second St,Anaheim,Orange County,CA,93287,Bar & Grill,,CA_Restaurant_Scraper,C,"Restaurant, Bar & Grill, POS_Prospect, Anaheim",Auto-generated lead for PSDepot outreach. Type: Bar & Grill,2026-04-28,,"https://maps.google.com/?q=7006+Second+St,Anaheim,CA",3.2,136,Under $500K,11-25,Low,Orange County
Karen,Smith,,(657) 579-8548,Flores's BBQ,8759 Third St,Anaheim,Orange County,CA,95205,BBQ,https://www.floressbbq.com,CA_Restaurant_Scraper,C,"Restaurant, BBQ, POS_Prospect, Anaheim",Auto-generated lead for PSDepot outreach. Type: BBQ,2026-04-28,,"https://maps.google.com/?q=8759+Third+St,Anaheim,CA",4.1,433,$500K-$1M,11-25,Low,Orange County
Steven,Johnson,,(657) 604-3657,Rivera's Bistro,2448 Wilshire Blvd,Anaheim,Orange County,CA,94923,Bistro,,CA_Restaurant_Scraper,B,"Restaurant, Bistro, POS_Prospect, Anaheim",Auto-generated lead for PSDepot outreach. Type: Bistro,2026-04-28,,"https://maps.google.com/?q=2448+Wilshire+Blvd,Anaheim,CA",4.6,347,$5M+,100+,High,Orange County
Jennifer,Lopez,,(714) 680-3011,El DelBakery,2278 Ocean Ave,Anaheim,Orange County,CA,95660,Bakery,https://www.eldelbakery.com,CA_Restaurant_Scraper,C,"Restaurant, Bakery, POS_Prospect, Anaheim",Auto-generated lead for PSDepot outreach. Type: Bakery,2026-04-28,https://www.yelp.com/biz/el-delbakery-anaheim,"https://maps.google.com/?q=2278+Ocean+Ave,Anaheim,CA",4.5,63,$1M-$2.5M,51-100,Medium,Orange County
Susan,Garcia,info@hernandezsbbq.com,(714) 314-3915,Hernandez's BBQ,928 Oak St,Anaheim,Orange County,CA,93627,BBQ,,CA_Restaurant_Scraper,A,"Restaurant, BBQ, POS_Prospect, Anaheim",Auto-generated lead for PSDepot outreach. Type: BBQ,2026-04-28,,"https://maps.google.com/?q=928+Oak+St,Anaheim,CA",,,$2.5M-$5M,26-50,High,Orange County
Margaret,Johnson,,(714) 234-9377,Los Coffee,7943 Jefferson St,Anaheim,Orange County,CA,91262,Coffee,,CA_Restaurant_Scraper,C,"Restaurant, Coffee, POS_Prospect, Anaheim",Auto-generated lead for PSDepot outreach. Type: Coffee,2026-04-28,https://www.yelp.com/biz/los-coffee-anaheim,"https://maps.google.com/?q=7943+Jefferson+St,Anaheim,CA",,,$1M-$2.5M,100+,Medium,Orange County
James,Martinez,,(714) 244-4106,Green DelGrill,4173 Maple Ave,Anaheim,Orange County,CA,92744,Grill,,CA_Restaurant_Scraper,C,"Restaurant, Grill, POS_Prospect, Anaheim",Auto-generated lead for PSDepot outreach. Type: Grill,2026-04-28,https://www.yelp.com/biz/green-delgrill-anaheim,"https://maps.google.com/?q=4173+Maple+Ave,Anaheim,CA",,,$1M-$2.5M,51-100,Medium,Orange County
Jose,Hernandez,,(714) 315-8332,El DeEatery,5433 Hollywood Blvd,Anaheim,Orange County,CA,92001,Eatery,https://www.eldeeatery.com,CA_Restaurant_Scraper,A,"Restaurant, Eatery, POS_Prospect, Anaheim",Auto-generated lead for PSDepot outreach. Type: Eatery,2026-04-28,,"https://maps.google.com/?q=5433+Hollywood+Blvd,Anaheim,CA",4.8,144,$2.5M-$5M,11-25,High,Orange County
Carlos,Flores,info@millerspizza.com,(657) 741-4461,Miller's Pizza,6324 Mission St,Anaheim,Orange County,CA,93770,Pizza,,CA_Restaurant_Scraper,C,"Restaurant, Pizza, POS_Prospect, Anaheim",Auto-generated lead for PSDepot outreach. Type: Pizza,2026-04-28,https://www.yelp.com/biz/millers-pizza-anaheim,"https://maps.google.com/?q=6324+Mission+St,Anaheim,CA",4.1,235,$1M-$2.5M,11-25,Medium,Orange County
Nancy,Brown,,(714) 825-3124,Big DelTacos,6120 Mission St,Anaheim,Orange County,CA,90088,Tacos,,CA_Restaurant_Scraper,A,"Restaurant, Tacos, POS_Prospect, Anaheim",Auto-generated lead for PSDepot outreach. Type: Tacos,2026-04-28,https://www.yelp.com/biz/big-deltacos-anaheim,"https://maps.google.com/?q=6120+Mission+St,Anaheim,CA",4.1,369,$1M-$2.5M,51-100,Medium,Orange County
Juan,Hernandez,,(714) 747-8795,Red DeSeafood,4146 Market St,Anaheim,Orange County,CA,96331,Seafood,,CA_Restaurant_Scraper,A,"Restaurant, Seafood, POS_Prospect, Anaheim",Auto-generated lead for PSDepot outreach. Type: Seafood,2026-04-28,https://www.yelp.com/biz/red-deseafood-anaheim,"https://maps.google.com/?q=4146+Market+St,Anaheim,CA",3.2,393,$2.5M-$5M,11-25,High,Orange County
Margaret,Rivera,info@torresspizza.com,(657) 848-9247,Torres's Pizza,1229 Market St,Anaheim,Orange County,CA,90785,Pizza,,CA_Restaurant_Scraper,A,"Restaurant, Pizza, POS_Prospect, Anaheim",Auto-generated lead for PSDepot outreach. Type: Pizza,2026-04-28,https://www.yelp.com/biz/torress-pizza-anaheim,"https://maps.google.com/?q=1229+Market+St,Anaheim,CA",4.6,347,Under $500K,26-50,Low,Orange County
Carlos,Gonzalez,,(714) 936-6346,Corner DelPizza,4960 Mission St,Anaheim,Orange County,CA,91834,Pizza,https://www.cornerdelpizza.com,CA_Restaurant_Scraper,B,"Restaurant, Pizza, POS_Prospect, Anaheim",Auto-generated lead for PSDepot outreach. Type: Pizza,2026-04-28,,"https://maps.google.com/?q=4960+Mission+St,Anaheim,CA",4.0,363,$2.5M-$5M,11-25,High,Orange County
Margaret,Williams,info@spotdetaqueria.com,(657) 336-5027,Spot DeTaqueria,2283 Pico Blvd,Anaheim,Orange County,CA,91134,Taqueria,,CA_Restaurant_Scraper,B,"Restaurant, Taqueria, POS_Prospect, Anaheim",Auto-generated lead for PSDepot outreach. Type: Taqueria,2026-04-28,,"https://maps.google.com/?q=2283+Pico+Blvd,Anaheim,CA",4.8,461,$5M+,51-100,High,Orange County
Jennifer,Miller,,(714) 631-8459,Smith's Bar & Grill,799 First St,Anaheim,Orange County,CA,93333,Bar & Grill,,CA_Restaurant_Scraper,C,"Restaurant, Bar & Grill, POS_Prospect, Anaheim",Auto-generated lead for PSDepot outreach. Type: Bar & Grill,2026-04-28,https://www.yelp.com/biz/smiths-bar-&-grill-anaheim,"https://maps.google.com/?q=799+First+St,Anaheim,CA",,,$500K-$1M,51-100,Low,Orange County
Patricia,Rodriguez,info@johnsonsrestaurant.com,(714) 824-8133,Johnson's Restaurant,7984 Market St,Anaheim,Orange County,CA,90596,Restaurant,https://www.johnsonsrestaurant.com,CA_Restaurant_Scraper,A,"Restaurant, Restaurant, POS_Prospect, Anaheim",Auto-generated lead for PSDepot outreach. Type: Restaurant,2026-04-28,https://www.yelp.com/biz/johnsons-restaurant-anaheim,"https://maps.google.com/?q=7984+Market+St,Anaheim,CA",,,$2.5M-$5M,100+,High,Orange County
David,Gonzalez,,(657) 899-6839,La DeKitchen,2764 Market St,Anaheim,Orange County,CA,90276,Kitchen,,CA_Restaurant_Scraper,A,"Restaurant, Kitchen, POS_Prospect, Anaheim",Auto-generated lead for PSDepot outreach. Type: Kitchen,2026-04-28,https://www.yelp.com/biz/la-dekitchen-anaheim,"https://maps.google.com/?q=2764+Market+St,Anaheim,CA",3.8,414,$2.5M-$5M,11-25,High,Orange County
Barbara,Garcia,,(714) 289-8507,Red DelSteakhouse,5047 Cedar Ave,Anaheim,Orange County,CA,90895,Steakhouse,,CA_Restaurant_Scraper,A,"Restaurant, Steakhouse, POS_Prospect, Anaheim",Auto-generated lead for PSDepot outreach. Type: Steakhouse,2026-04-28,https://www.yelp.com/biz/red-delsteakhouse-anaheim,"https://maps.google.com/?q=5047+Cedar+Ave,Anaheim,CA",3.6,379,$500K-$1M,100+,Low,Orange County
Mark,Miller,,(657) 868-7055,Spot DeBurger,1122 Washington Blvd,Anaheim,Orange County,CA,90914,Burger,,CA_Restaurant_Scraper,C,"Restaurant, Burger, POS_Prospect, Anaheim",Auto-generated lead for PSDepot outreach. Type: Burger,2026-04-28,https://www.yelp.com/biz/spot-deburger-anaheim,"https://maps.google.com/?q=1122+Washington+Blvd,Anaheim,CA",3.9,136,$2.5M-$5M,51-100,High,Orange County
Steven,Flores,,(714) 728-1146,House Taqueria,6635 Hollywood Blvd,Anaheim,Orange County,CA,93131,Taqueria,https://www.housetaqueria.com,CA_Restaurant_Scraper,B,"Restaurant, Taqueria, POS_Prospect, Anaheim",Auto-generated lead for PSDepot outreach. Type: Taqueria,2026-04-28,https://www.yelp.com/biz/house-taqueria-anaheim,"https://maps.google.com/?q=6635+Hollywood+Blvd,Anaheim,CA",3.9,198,Under $500K,51-100,Low,Orange County
Linda,Davis,info@bluedelburger.com,(657) 429-5015,Blue DelBurger,837 Oak St,Anaheim,Orange County,CA,95265,Burger,https://www.bluedelburger.com,CA_Restaurant_Scraper,C,"Restaurant, Burger, POS_Prospect, Anaheim",Auto-generated lead for PSDepot outreach. Type: Burger,2026-04-28,https://www.yelp.com/biz/blue-delburger-anaheim,"https://maps.google.com/?q=837+Oak+St,Anaheim,CA",,,Under $500K,26-50,Low,Orange County
Susan,Martinez,,(657) 481-2973,Cafe DelCafe,1201 Pico Blvd,Anaheim,Orange County,CA,91222,Cafe,,CA_Restaurant_Scraper,A,"Restaurant, Cafe, POS_Prospect, Anaheim",Auto-generated lead for PSDepot outreach. Type: Cafe,2026-04-28,https://www.yelp.com/biz/cafe-delcafe-anaheim,"https://maps.google.com/?q=1201+Pico+Blvd,Anaheim,CA",4.2,404,$500K-$1M,1-10,Low,Orange County
Matthew,Gomez,,(657) 734-7228,Las Bakery,8127 First St,Anaheim,Orange County,CA,93451,Bakery,https://www.lasbakery.com,CA_Restaurant_Scraper,B,"Restaurant, Bakery, POS_Prospect, Anaheim",Auto-generated lead for PSDepot outreach. Type: Bakery,2026-04-28,,"https://maps.google.com/?q=8127+First+St,Anaheim,CA",,,$500K-$1M,1-10,Low,Orange County
Daniel,Garcia,,(714) 709-1926,El DelSeafood,1987 Wilshire Blvd,Anaheim,Orange County,CA,96406,Seafood,,CA_Restaurant_Scraper,B,"Restaurant, Seafood, POS_Prospect, Anaheim",Auto-generated lead for PSDepot outreach. Type: Seafood,2026-04-28,,"https://maps.google.com/?q=1987+Wilshire+Blvd,Anaheim,CA",3.9,415,Under $500K,51-100,Low,Orange County
David,Rodriguez,,(714) 538-3954,House DelBurger,1132 Cedar Ave,Anaheim,Orange County,CA,96296,Burger,,CA_Restaurant_Scraper,C,"Restaurant, Burger, POS_Prospect, Anaheim",Auto-generated lead for PSDepot outreach. Type: Burger,2026-04-28,,"https://maps.google.com/?q=1132+Cedar+Ave,Anaheim,CA",3.2,115,$500K-$1M,100+,Low,Orange County
John,Miller,info@kitchenrestaurant.com,(714) 603-4977,Kitchen Restaurant,9470 Maple Ave,Anaheim,Orange County,CA,95574,Restaurant,,CA_Restaurant_Scraper,A,"Restaurant, Restaurant, POS_Prospect, Anaheim",Auto-generated lead for PSDepot outreach. Type: Restaurant,2026-04-28,https://www.yelp.com/biz/kitchen-restaurant-anaheim,"https://maps.google.com/?q=9470+Maple+Ave,Anaheim,CA",3.7,320,$5M+,100+,High,Orange County
John,Garcia,info@littledelbistro.com,(657) 524-4659,Little DelBistro,7242 Sunset Blvd,Anaheim,Orange County,CA,94881,Bistro,https://www.littledelbistro.com,CA_Restaurant_Scraper,B,"Restaurant, Bistro, POS_Prospect, Anaheim",Auto-generated lead for PSDepot outreach. Type: Bistro,2026-04-28,,"https://maps.google.com/?q=7242+Sunset+Blvd,Anaheim,CA",3.1,243,$2.5M-$5M,1-10,High,Orange County
Matthew,Rodriguez,info@pueblodebarandgrill.com,(714) 323-6618,Pueblo DeBar & Grill,5102 Cedar Ave,Anaheim,Orange County,CA,91393,Bar & Grill,,CA_Restaurant_Scraper,B,"Restaurant, Bar & Grill, POS_Prospect, Anaheim",Auto-generated lead for PSDepot outreach. Type: Bar & Grill,2026-04-28,https://www.yelp.com/biz/pueblo-debar-&-grill-anaheim,"https://maps.google.com/?q=5102+Cedar+Ave,Anaheim,CA",,,$5M+,26-50,High,Orange County
Jennifer,Garcia,,(657) 543-9660,Blue DelBurritos,4724 First St,Anaheim,Orange County,CA,95165,Burritos,,CA_Restaurant_Scraper,B,"Restaurant, Burritos, POS_Prospect, Anaheim",Auto-generated lead for PSDepot outreach. Type: Burritos,2026-04-28,,"https://maps.google.com/?q=4724+First+St,Anaheim,CA",3.1,340,Under $500K,51-100,Low,Orange County
Sarah,Lopez,,(714) 567-6672,Golden Burger,4158 Main St,Anaheim,Orange County,CA,94523,Burger,https://www.goldenburger.com,CA_Restaurant_Scraper,C,"Restaurant, Burger, POS_Prospect, Anaheim",Auto-generated lead for PSDepot outreach. Type: Burger,2026-04-28,https://www.yelp.com/biz/golden-burger-anaheim,"https://maps.google.com/?q=4158+Main+St,Anaheim,CA",,,Under $500K,26-50,Low,Orange County
Lisa,Lopez,info@pueblodelburritos.com,(714) 282-5274,Pueblo DelBurritos,957 Cedar Ave,Anaheim,Orange County,CA,93370,Burritos,https://www.pueblodelburritos.com,CA_Restaurant_Scraper,C,"Restaurant, Burritos, POS_Prospect, Anaheim",Auto-generated lead for PSDepot outreach. Type: Burritos,2026-04-28,,"https://maps.google.com/?q=957+Cedar+Ave,Anaheim,CA",,,Under $500K,26-50,Low,Orange County
Susan,Hernandez,,(657) 774-9141,Casa DelRestaurant,4801 First St,Anaheim,Orange County,CA,91156,Restaurant,,CA_Restaurant_Scraper,A,"Restaurant, Restaurant, POS_Prospect, Anaheim",Auto-generated lead for PSDepot outreach. Type: Restaurant,2026-04-28,,"https://maps.google.com/?q=4801+First+St,Anaheim,CA",3.4,443,$500K-$1M,11-25,Low,Orange County
Linda,Brown,,(714) 673-1330,Casa DePizza,1579 Hollywood Blvd,Anaheim,Orange County,CA,91846,Pizza,,CA_Restaurant_Scraper,C,"Restaurant, Pizza, POS_Prospect, Anaheim",Auto-generated lead for PSDepot outreach. Type: Pizza,2026-04-28,https://www.yelp.com/biz/casa-depizza-anaheim,"https://maps.google.com/?q=1579+Hollywood+Blvd,Anaheim,CA",3.7,55,$2.5M-$5M,51-100,High,Orange County
Jose,Miller,info@pueblodegrill.com,(714) 487-1807,Pueblo DeGrill,9886 Pico Blvd,Anaheim,Orange County,CA,96744,Grill,https://www.pueblodegrill.com,CA_Restaurant_Scraper,A,"Restaurant, Grill, POS_Prospect, Anaheim",Auto-generated lead for PSDepot outreach. Type: Grill,2026-04-28,,"https://maps.google.com/?q=9886+Pico+Blvd,Anaheim,CA",4.7,196,$5M+,1-10,High,Orange County
Barbara,Hernandez,info@gonzalezsseafood.com,(657) 704-6829,Gonzalez's Seafood,971 Hollywood Blvd,Anaheim,Orange County,CA,94021,Seafood,,CA_Restaurant_Scraper,A,"Restaurant, Seafood, POS_Prospect, Anaheim",Auto-generated lead for PSDepot outreach. Type: Seafood,2026-04-28,,"https://maps.google.com/?q=971+Hollywood+Blvd,Anaheim,CA",3.1,166,Under $500K,51-100,Low,Orange County
Patricia,Williams,info@cornerdetaqueria.com,(714) 284-9429,Corner DeTaqueria,8294 Sunset Blvd,Anaheim,Orange County,CA,96862,Taqueria,,CA_Restaurant_Scraper,C,"Restaurant, Taqueria, POS_Prospect, Anaheim",Auto-generated lead for PSDepot outreach. Type: Taqueria,2026-04-28,https://www.yelp.com/biz/corner-detaqueria-anaheim,"https://maps.google.com/?q=8294+Sunset+Blvd,Anaheim,CA",3.2,434,Under $500K,100+,Low,Orange County
Robert,Hernandez,,(657) 567-3632,Silver Seafood,7284 Cedar Ave,Anaheim,Orange County,CA,90785,Seafood,https://www.silverseafood.com,CA_Restaurant_Scraper,A,"Restaurant, Seafood, POS_Prospect, Anaheim",Auto-generated lead for PSDepot outreach. Type: Seafood,2026-04-28,https://www.yelp.com/biz/silver-seafood-anaheim,"https://maps.google.com/?q=7284+Cedar+Ave,Anaheim,CA",3.7,460,$2.5M-$5M,11-25,High,Orange County
Elizabeth,Garcia,info@kitchendelburritos.com,(714) 697-8009,Kitchen DelBurritos,7721 Sunset Blvd,Anaheim,Orange County,CA,90859,Kitchen,https://www.kitchendelburritos.com,CA_Restaurant_Scraper,C,"Restaurant, Kitchen, POS_Prospect, Anaheim",Auto-generated lead for PSDepot outreach. Type: Kitchen,2026-04-28,https://www.yelp.com/biz/kitchen-delburritos-anaheim,"https://maps.google.com/?q=7721+Sunset+Blvd,Anaheim,CA",4.2,32,$5M+,51-100,High,Orange County
Christopher,Jones,,(714) 924-3865,Casa BBQ,9215 Ocean Ave,Anaheim,Orange County,CA,94398,BBQ,https://www.casabbq.com,CA_Restaurant_Scraper,B,"Restaurant, BBQ, POS_Prospect, Anaheim",Auto-generated lead for PSDepot outreach. Type: BBQ,2026-04-28,,"https://maps.google.com/?q=9215+Ocean+Ave,Anaheim,CA",4.2,350,$500K-$1M,26-50,Low,Orange County
John,Lopez,info@spotdebakery.com,(657) 372-9978,Spot DeBakery,1535 Market St,Anaheim,Orange County,CA,94479,Bakery,,CA_Restaurant_Scraper,C,"Restaurant, Bakery, POS_Prospect, Anaheim",Auto-generated lead for PSDepot outreach. Type: Bakery,2026-04-28,https://www.yelp.com/biz/spot-debakery-anaheim,"https://maps.google.com/?q=1535+Market+St,Anaheim,CA",3.2,166,Under $500K,11-25,Low,Orange County
Carlos,Sanchez,,(657) 706-6004,Pueblo Sushi,7220 Jefferson St,Anaheim,Orange County,CA,95683,Sushi,https://www.pueblosushi.com,CA_Restaurant_Scraper,B,"Restaurant, Sushi, POS_Prospect, Anaheim",Auto-generated lead for PSDepot outreach. Type: Sushi,2026-04-28,https://www.yelp.com/biz/pueblo-sushi-anaheim,"https://maps.google.com/?q=7220+Jefferson+St,Anaheim,CA",3.3,387,Under $500K,26-50,Low,Orange County
Linda,Rivera,,(714) 287-7607,El Bistro,6634 Pine St,Anaheim,Orange County,CA,93580,Bistro,,CA_Restaurant_Scraper,B,"Restaurant, Bistro, POS_Prospect, Anaheim",Auto-generated lead for PSDepot outreach. Type: Bistro,2026-04-28,https://www.yelp.com/biz/el-bistro-anaheim,"https://maps.google.com/?q=6634+Pine+St,Anaheim,CA",,,Under $500K,1-10,Low,Orange County
Betty,Lopez,,(657) 910-3087,Corner DelSushi,7448 Mission St,Anaheim,Orange County,CA,92266,Sushi,https://www.cornerdelsushi.com,CA_Restaurant_Scraper,A,"Restaurant, Sushi, POS_Prospect, Anaheim",Auto-generated lead for PSDepot outreach. Type: Sushi,2026-04-28,,"https://maps.google.com/?q=7448+Mission+St,Anaheim,CA",3.5,473,$5M+,11-25,High,Orange County
William,Rodriguez,info@goldendelsteakhouse.com,(714) 328-3034,Golden DelSteakhouse,2885 Oak St,Anaheim,Orange County,CA,92341,Steakhouse,https://www.goldendelsteakhouse.com,CA_Restaurant_Scraper,A,"Restaurant, Steakhouse, POS_Prospect, Anaheim",Auto-generated lead for PSDepot outreach. Type: Steakhouse,2026-04-28,https://www.yelp.com/biz/golden-delsteakhouse-anaheim,"https://maps.google.com/?q=2885+Oak+St,Anaheim,CA",4.2,57,$5M+,11-25,High,Orange County
Patricia,Jones,info@cornerdegrill.com,(657) 218-5895,Corner DeGrill,5547 Oak St,Anaheim,Orange County,CA,92873,Grill,https://www.cornerdegrill.com,CA_Restaurant_Scraper,C,"Restaurant, Grill, POS_Prospect, Anaheim",Auto-generated lead for PSDepot outreach. Type: Grill,2026-04-28,https://www.yelp.com/biz/corner-degrill-anaheim,"https://maps.google.com/?q=5547+Oak+St,Anaheim,CA",4.6,163,$1M-$2.5M,11-25,Medium,Orange County
Susan,Davis,info@houserestaurant.com,(714) 866-8119,House Restaurant,8539 Pico Blvd,Anaheim,Orange County,CA,93635,Restaurant,,CA_Restaurant_Scraper,C,"Restaurant, Restaurant, POS_Prospect, Anaheim",Auto-generated lead for PSDepot outreach. Type: Restaurant,2026-04-28,https://www.yelp.com/biz/house-restaurant-anaheim,"https://maps.google.com/?q=8539+Pico+Blvd,Anaheim,CA",3.1,334,$2.5M-$5M,11-25,High,Orange County
Juan,Gonzalez,info@hernandezscafe.com,(714) 765-1083,Hernandez's Cafe,8840 Washington Blvd,Anaheim,Orange County,CA,94169,Cafe,,CA_Restaurant_Scraper,C,"Restaurant, Cafe, POS_Prospect, Anaheim",Auto-generated lead for PSDepot outreach. Type: Cafe,2026-04-28,,"https://maps.google.com/?q=8840+Washington+Blvd,Anaheim,CA",3.3,24,$5M+,26-50,High,Orange County
James,Martinez,,(714) 706-3790,Miller's Kitchen,4522 Main St,Anaheim,Orange County,CA,92178,Kitchen,https://www.millerskitchen.com,CA_Restaurant_Scraper,A,"Restaurant, Kitchen, POS_Prospect, Anaheim",Auto-generated lead for PSDepot outreach. Type: Kitchen,2026-04-28,https://www.yelp.com/biz/millers-kitchen-anaheim,"https://maps.google.com/?q=4522+Main+St,Anaheim,CA",4.0,367,Under $500K,26-50,Low,Orange County
Jennifer,Sanchez,info@elbarandgrill.com,(714) 329-2029,El Bar & Grill,2975 Washington Blvd,Anaheim,Orange County,CA,95963,Bar & Grill,,CA_Restaurant_Scraper,B,"Restaurant, Bar & Grill, POS_Prospect, Anaheim",Auto-generated lead for PSDepot outreach. Type: Bar & Grill,2026-04-28,https://www.yelp.com/biz/el-bar-&-grill-anaheim,"https://maps.google.com/?q=2975+Washington+Blvd,Anaheim,CA",,,$1M-$2.5M,26-50,Medium,Orange County
Carlos,Davis,info@cornerdelgrill.com,(714) 316-5776,Corner DelGrill,2033 Oak St,Anaheim,Orange County,CA,91386,Grill,,CA_Restaurant_Scraper,C,"Restaurant, Grill, POS_Prospect, Anaheim",Auto-generated lead for PSDepot outreach. Type: Grill,2026-04-28,https://www.yelp.com/biz/corner-delgrill-anaheim,"https://maps.google.com/?q=2033+Oak+St,Anaheim,CA",3.1,161,Under $500K,51-100,Low,Orange County
Lisa,Gomez,,(714) 360-3760,Smith's Kitchen,5149 Maple Ave,Anaheim,Orange County,CA,93188,Kitchen,,CA_Restaurant_Scraper,C,"Restaurant, Kitchen, POS_Prospect, Anaheim",Auto-generated lead for PSDepot outreach. Type: Kitchen,2026-04-28,https://www.yelp.com/biz/smiths-kitchen-anaheim,"https://maps.google.com/?q=5149+Maple+Ave,Anaheim,CA",,,Under $500K,1-10,Low,Orange County
Christopher,Williams,info@losrestaurant.com,(657) 585-7358,Los Restaurant,8487 Pico Blvd,Anaheim,Orange County,CA,96032,Restaurant,,CA_Restaurant_Scraper,B,"Restaurant, Restaurant, POS_Prospect, Anaheim",Auto-generated lead for PSDepot outreach. Type: Restaurant,2026-04-28,,"https://maps.google.com/?q=8487+Pico+Blvd,Anaheim,CA",3.7,134,$5M+,100+,High,Orange County
David,Martinez,,(714) 672-6836,Blue Tacos,5122 Cedar Ave,Anaheim,Orange County,CA,90294,Tacos,,CA_Restaurant_Scraper,C,"Restaurant, Tacos, POS_Prospect, Anaheim",Auto-generated lead for PSDepot outreach. Type: Tacos,2026-04-28,https://www.yelp.com/biz/blue-tacos-anaheim,"https://maps.google.com/?q=5122+Cedar+Ave,Anaheim,CA",3.6,391,$500K-$1M,26-50,Low,Orange County
Karen,Flores,,(714) 370-8753,Green Sushi,1204 Maple Ave,Anaheim,Orange County,CA,95954,Sushi,,CA_Restaurant_Scraper,C,"Restaurant, Sushi, POS_Prospect, Anaheim",Auto-generated lead for PSDepot outreach. Type: Sushi,2026-04-28,https://www.yelp.com/biz/green-sushi-anaheim,"https://maps.google.com/?q=1204+Maple+Ave,Anaheim,CA",,,Under $500K,51-100,Low,Orange County
Barbara,Jones,info@lascoffee.com,(657) 971-7316,Las Coffee,8620 Main St,Anaheim,Orange County,CA,91548,Coffee,,CA_Restaurant_Scraper,B,"Restaurant, Coffee, POS_Prospect, Anaheim",Auto-generated lead for PSDepot outreach. Type: Coffee,2026-04-28,https://www.yelp.com/biz/las-coffee-anaheim,"https://maps.google.com/?q=8620+Main+St,Anaheim,CA",4.7,100,$500K-$1M,100+,Low,Orange County
Pedro,Smith,info@lasdelbistro.com,(657) 945-9576,Las DelBistro,4920 Wilshire Blvd,Anaheim,Orange County,CA,95841,Bistro,,CA_Restaurant_Scraper,C,"Restaurant, Bistro, POS_Prospect, Anaheim",Auto-generated lead for PSDepot outreach. Type: Bistro,2026-04-28,https://www.yelp.com/biz/las-delbistro-anaheim,"https://maps.google.com/?q=4920+Wilshire+Blvd,Anaheim,CA",3.1,218,$500K-$1M,26-50,Low,Orange County
Barbara,Ramirez,,(714) 984-6103,San DeBurger,5223 Ocean Ave,Anaheim,Orange County,CA,92736,Burger,,CA_Restaurant_Scraper,B,"Restaurant, Burger, POS_Prospect, Anaheim",Auto-generated lead for PSDepot outreach. Type: Burger,2026-04-28,https://www.yelp.com/biz/san-deburger-anaheim,"https://maps.google.com/?q=5223+Ocean+Ave,Anaheim,CA",4.0,441,Under $500K,51-100,Low,Orange County
Betty,Davis,,(657) 720-8883,Rodriguez's Bistro,5220 Pico Blvd,Anaheim,Orange County,CA,96102,Bistro,,CA_Restaurant_Scraper,C,"Restaurant, Bistro, POS_Prospect, Anaheim",Auto-generated lead for PSDepot outreach. Type: Bistro,2026-04-28,https://www.yelp.com/biz/rodriguezs-bistro-anaheim,"https://maps.google.com/?q=5220+Pico+Blvd,Anaheim,CA",4.3,397,$2.5M-$5M,11-25,High,Orange County
Maria,Rivera,,(657) 359-5682,Silver DelDiner,7775 Sunset Blvd,Anaheim,Orange County,CA,96301,Diner,,CA_Restaurant_Scraper,C,"Restaurant, Diner, POS_Prospect, Anaheim",Auto-generated lead for PSDepot outreach. Type: Diner,2026-04-28,https://www.yelp.com/biz/silver-deldiner-anaheim,"https://maps.google.com/?q=7775+Sunset+Blvd,Anaheim,CA",,,Under $500K,1-10,Low,Orange County
Richard,Miller,info@hernandezsseafood.com,(714) 692-6622,Hernandez's Seafood,6328 Wilshire Blvd,Anaheim,Orange County,CA,96851,Seafood,https://www.hernandezsseafood.com,CA_Restaurant_Scraper,B,"Restaurant, Seafood, POS_Prospect, Anaheim",Auto-generated lead for PSDepot outreach. Type: Seafood,2026-04-28,https://www.yelp.com/biz/hernandezs-seafood-anaheim,"https://maps.google.com/?q=6328+Wilshire+Blvd,Anaheim,CA",,,Under $500K,26-50,Low,Orange County
David,Garcia,info@bistropizza.com,(657) 686-9840,Bistro Pizza,1178 Hollywood Blvd,Anaheim,Orange County,CA,91539,Bistro,,CA_Restaurant_Scraper,C,"Restaurant, Bistro, POS_Prospect, Anaheim",Auto-generated lead for PSDepot outreach. Type: Bistro,2026-04-28,,"https://maps.google.com/?q=1178+Hollywood+Blvd,Anaheim,CA",4.5,424,$1M-$2.5M,11-25,Medium,Orange County
Jose,Miller,info@grilldelsteakhouse.com,(657) 292-9298,Grill DelSteakhouse,2101 Elm St,Anaheim,Orange County,CA,95004,Grill,,CA_Restaurant_Scraper,C,"Restaurant, Grill, POS_Prospect, Anaheim",Auto-generated lead for PSDepot outreach. Type: Grill,2026-04-28,,"https://maps.google.com/?q=2101+Elm+St,Anaheim,CA",3.2,499,$5M+,11-25,High,Orange County
Lisa,Perez,info@gomezsbakery.com,(714) 330-9976,Gomez's Bakery,5552 Sunset Blvd,Anaheim,Orange County,CA,93000,Bakery,,CA_Restaurant_Scraper,B,"Restaurant, Bakery, POS_Prospect, Anaheim",Auto-generated lead for PSDepot outreach. Type: Bakery,2026-04-28,,"https://maps.google.com/?q=5552+Sunset+Blvd,Anaheim,CA",4.0,419,$500K-$1M,51-100,Low,Orange County
James,Smith,info@silverdebakery.com,(657) 889-6015,Silver DeBakery,5242 Wilshire Blvd,Anaheim,Orange County,CA,90025,Bakery,,CA_Restaurant_Scraper,B,"Restaurant, Bakery, POS_Prospect, Anaheim",Auto-generated lead for PSDepot outreach. Type: Bakery,2026-04-28,https://www.yelp.com/biz/silver-debakery-anaheim,"https://maps.google.com/?q=5242+Wilshire+Blvd,Anaheim,CA",3.3,81,$1M-$2.5M,51-100,Medium,Orange County
Karen,Brown,info@garciasgrill.com,(714) 358-9818,Garcia's Grill,5982 Pico Blvd,Anaheim,Orange County,CA,96587,Grill,,CA_Restaurant_Scraper,A,"Restaurant, Grill, POS_Prospect, Anaheim",Auto-generated lead for PSDepot outreach. Type: Grill,2026-04-28,,"https://maps.google.com/?q=5982+Pico+Blvd,Anaheim,CA",4.2,473,$1M-$2.5M,100+,Medium,Orange County
Margaret,Hernandez,,(657) 977-1746,Gonzalez's Diner,4236 Mission St,Anaheim,Orange County,CA,93416,Diner,,CA_Restaurant_Scraper,C,"Restaurant, Diner, POS_Prospect, Anaheim",Auto-generated lead for PSDepot outreach. Type: Diner,2026-04-28,https://www.yelp.com/biz/gonzalezs-diner-anaheim,"https://maps.google.com/?q=4236+Mission+St,Anaheim,CA",,,$2.5M-$5M,11-25,High,Orange County
Luis,Gomez,info@kitchendeburritos.com,(714) 295-1442,Kitchen DeBurritos,3800 Sunset Blvd,Anaheim,Orange County,CA,92380,Kitchen,,CA_Restaurant_Scraper,B,"Restaurant, Kitchen, POS_Prospect, Anaheim",Auto-generated lead for PSDepot outreach. Type: Kitchen,2026-04-28,,"https://maps.google.com/?q=3800+Sunset+Blvd,Anaheim,CA",3.5,141,$2.5M-$5M,1-10,High,Orange County
Roberto,Garcia,info@gonzalezsbakery.com,(657) 350-6262,Gonzalez's Bakery,9989 Sunset Blvd,Anaheim,Orange County,CA,94799,Bakery,,CA_Restaurant_Scraper,B,"Restaurant, Bakery, POS_Prospect, Anaheim",Auto-generated lead for PSDepot outreach. Type: Bakery,2026-04-28,https://www.yelp.com/biz/gonzalezs-bakery-anaheim,"https://maps.google.com/?q=9989+Sunset+Blvd,Anaheim,CA",,,$5M+,51-100,High,Orange County
Elizabeth,Smith,info@bigdelkitchen.com,(657) 962-6834,Big DelKitchen,1291 Ocean Ave,Anaheim,Orange County,CA,96829,Kitchen,,CA_Restaurant_Scraper,C,"Restaurant, Kitchen, POS_Prospect, Anaheim",Auto-generated lead for PSDepot outreach. Type: Kitchen,2026-04-28,,"https://maps.google.com/?q=1291+Ocean+Ave,Anaheim,CA",3.4,215,$5M+,100+,High,Orange County
Sarah,Williams,info@bistrodetacos.com,(657) 668-1107,Bistro DeTacos,6027 First St,Anaheim,Orange County,CA,95337,Bistro,https://www.bistrodetacos.com,CA_Restaurant_Scraper,A,"Restaurant, Bistro, POS_Prospect, Anaheim",Auto-generated lead for PSDepot outreach. Type: Bistro,2026-04-28,https://www.yelp.com/biz/bistro-detacos-anaheim,"https://maps.google.com/?q=6027+First+St,Anaheim,CA",,,$5M+,11-25,High,Orange County
Patricia,Rodriguez,info@sansteakhouse.com,(657) 661-5725,San Steakhouse,5838 First St,Anaheim,Orange County,CA,96697,Steakhouse,https://www.sansteakhouse.com,CA_Restaurant_Scraper,B,"Restaurant, Steakhouse, POS_Prospect, Anaheim",Auto-generated lead for PSDepot outreach. Type: Steakhouse,2026-04-28,,"https://maps.google.com/?q=5838+First+St,Anaheim,CA",4.2,206,$1M-$2.5M,100+,Medium,Orange County
Nancy,Williams,,(657) 722-6649,Martinez's Cafe,1858 Pico Blvd,Anaheim,Orange County,CA,91541,Cafe,,CA_Restaurant_Scraper,C,"Restaurant, Cafe, POS_Prospect, Anaheim",Auto-generated lead for PSDepot outreach. Type: Cafe,2026-04-28,,"https://maps.google.com/?q=1858+Pico+Blvd,Anaheim,CA",4.3,97,$1M-$2.5M,11-25,Medium,Orange County
Susan,Rodriguez,info@eldelcoffee.com,(714) 788-9511,El DelCoffee,7326 Elm St,Anaheim,Orange County,CA,95058,Coffee,,CA_Restaurant_Scraper,B,"Restaurant, Coffee, POS_Prospect, Anaheim",Auto-generated lead for PSDepot outreach. Type: Coffee,2026-04-28,,"https://maps.google.com/?q=7326+Elm+St,Anaheim,CA",4.5,214,$5M+,11-25,High,Orange County
Patricia,Rodriguez,,(657) 964-6823,Grill Pizza,4405 Pine St,Anaheim,Orange County,CA,94231,Grill,https://www.grillpizza.com,CA_Restaurant_Scraper,B,"Restaurant, Grill, POS_Prospect, Anaheim",Auto-generated lead for PSDepot outreach. Type: Grill,2026-04-28,,"https://maps.google.com/?q=4405+Pine+St,Anaheim,CA",,,$1M-$2.5M,100+,Medium,Orange County
Richard,Martinez,info@bigdeburritos.com,(657) 330-2980,Big DeBurritos,3423 First St,Anaheim,Orange County,CA,94000,Burritos,,CA_Restaurant_Scraper,B,"Restaurant, Burritos, POS_Prospect, Anaheim",Auto-generated lead for PSDepot outreach. Type: Burritos,2026-04-28,https://www.yelp.com/biz/big-deburritos-anaheim,"https://maps.google.com/?q=3423+First+St,Anaheim,CA",4.7,135,$500K-$1M,100+,Low,Orange County
Betty,Martinez,,(714) 418-3478,Flores's Sushi,9497 Washington Blvd,Anaheim,Orange County,CA,95268,Sushi,https://www.floresssushi.com,CA_Restaurant_Scraper,B,"Restaurant, Sushi, POS_Prospect, Anaheim",Auto-generated lead for PSDepot outreach. Type: Sushi,2026-04-28,https://www.yelp.com/biz/floress-sushi-anaheim,"https://maps.google.com/?q=9497+Washington+Blvd,Anaheim,CA",4.1,213,$5M+,1-10,High,Orange County
David,Johnson,,(657) 878-8679,Bistro DelBar & Grill,4673 Ocean Ave,Anaheim,Orange County,CA,91602,Bar & Grill,,CA_Restaurant_Scraper,C,"Restaurant, Bar & Grill, POS_Prospect, Anaheim",Auto-generated lead for PSDepot outreach. Type: Bar & Grill,2026-04-28,,"https://maps.google.com/?q=4673+Ocean+Ave,Anaheim,CA",4.0,70,$500K-$1M,51-100,Low,Orange County
Lisa,Garcia,info@thedelbbq.com,(714) 858-5817,The DelBBQ,4203 Third St,Anaheim,Orange County,CA,94908,BBQ,,CA_Restaurant_Scraper,A,"Restaurant, BBQ, POS_Prospect, Anaheim",Auto-generated lead for PSDepot outreach. Type: BBQ,2026-04-28,https://www.yelp.com/biz/the-delbbq-anaheim,"https://maps.google.com/?q=4203+Third+St,Anaheim,CA",3.4,443,$500K-$1M,11-25,Low,Orange County
Mark,Hernandez,info@grilldeeatery.com,(714) 625-7206,Grill DeEatery,2021 Washington Blvd,Anaheim,Orange County,CA,94352,Eatery,,CA_Restaurant_Scraper,C,"Restaurant, Eatery, POS_Prospect, Anaheim",Auto-generated lead for PSDepot outreach. Type: Eatery,2026-04-28,,"https://maps.google.com/?q=2021+Washington+Blvd,Anaheim,CA",,,$5M+,11-25,High,Orange County
Margaret,Jones,info@bigsushi.com,(657) 911-7608,Big Sushi,7186 Hollywood Blvd,Anaheim,Orange County,CA,96255,Sushi,,CA_Restaurant_Scraper,B,"Restaurant, Sushi, POS_Prospect, Anaheim",Auto-generated lead for PSDepot outreach. Type: Sushi,2026-04-28,https://www.yelp.com/biz/big-sushi-anaheim,"https://maps.google.com/?q=7186+Hollywood+Blvd,Anaheim,CA",3.7,153,$500K-$1M,1-10,Low,Orange County
David,Martinez,info@thedegrill.com,(657) 677-8199,The DeGrill,5742 Maple Ave,Anaheim,Orange County,CA,90559,Grill,,CA_Restaurant_Scraper,C,"Restaurant, Grill, POS_Prospect, Anaheim",Auto-generated lead for PSDepot outreach. Type: Grill,2026-04-28,,"https://maps.google.com/?q=5742+Maple+Ave,Anaheim,CA",3.7,327,$5M+,26-50,High,Orange County
Maria,Gonzalez,,(714) 201-7635,Brown's Tacos,6675 Ocean Ave,Anaheim,Orange County,CA,92332,Tacos,,CA_Restaurant_Scraper,A,"Restaurant, Tacos, POS_Prospect, Anaheim",Auto-generated lead for PSDepot outreach. Type: Tacos,2026-04-28,https://www.yelp.com/biz/browns-tacos-anaheim,"https://maps.google.com/?q=6675+Ocean+Ave,Anaheim,CA",,,$500K-$1M,26-50,Low,Orange County
Christopher,Garcia,,(657) 250-3203,Garcia's Bakery,8028 Third St,Anaheim,Orange County,CA,96677,Bakery,,CA_Restaurant_Scraper,A,"Restaurant, Bakery, POS_Prospect, Anaheim",Auto-generated lead for PSDepot outreach. Type: Bakery,2026-04-28,,"https://maps.google.com/?q=8028+Third+St,Anaheim,CA",5.0,427,Under $500K,26-50,Low,Orange County
Luis,Martinez,info@perezstacos.com,(714) 857-9926,Perez's Tacos,9313 Pico Blvd,Anaheim,Orange County,CA,96980,Tacos,,CA_Restaurant_Scraper,A,"Restaurant, Tacos, POS_Prospect, Anaheim",Auto-generated lead for PSDepot outreach. Type: Tacos,2026-04-28,,"https://maps.google.com/?q=9313+Pico+Blvd,Anaheim,CA",4.7,12,$2.5M-$5M,51-100,High,Orange County
Mark,Hernandez,info@casabakery.com,(657) 284-4704,Casa Bakery,4400 Sunset Blvd,Anaheim,Orange County,CA,91346,Bakery,,CA_Restaurant_Scraper,C,"Restaurant, Bakery, POS_Prospect, Anaheim",Auto-generated lead for PSDepot outreach. Type: Bakery,2026-04-28,https://www.yelp.com/biz/casa-bakery-anaheim,"https://maps.google.com/?q=4400+Sunset+Blvd,Anaheim,CA",3.9,443,$2.5M-$5M,26-50,High,Orange County
Roberto,Garcia,info@bigdeltaqueria.com,(657) 302-1321,Big DelTaqueria,7027 Market St,Anaheim,Orange County,CA,91161,Taqueria,https://www.bigdeltaqueria.com,CA_Restaurant_Scraper,C,"Restaurant, Taqueria, POS_Prospect, Anaheim",Auto-generated lead for PSDepot outreach. Type: Taqueria,2026-04-28,,"https://maps.google.com/?q=7027+Market+St,Anaheim,CA",4.2,474,Under $500K,26-50,Low,Orange County
Susan,Martinez,info@riverascoffee.com,(657) 955-9644,Rivera's Coffee,904 Broadway,Anaheim,Orange County,CA,92041,Coffee,,CA_Restaurant_Scraper,B,"Restaurant, Coffee, POS_Prospect, Anaheim",Auto-generated lead for PSDepot outreach. Type: Coffee,2026-04-28,https://www.yelp.com/biz/riveras-coffee-anaheim,"https://maps.google.com/?q=904+Broadway,Anaheim,CA",,,$5M+,11-25,High,Orange County
Richard,Williams,,(714) 665-8042,Corner Kitchen,2850 Broadway,Anaheim,Orange County,CA,90052,Kitchen,,CA_Restaurant_Scraper,A,"Restaurant, Kitchen, POS_Prospect, Anaheim",Auto-generated lead for PSDepot outreach. Type: Kitchen,2026-04-28,https://www.yelp.com/biz/corner-kitchen-anaheim,"https://maps.google.com/?q=2850+Broadway,Anaheim,CA",4.7,109,Under $500K,26-50,Low,Orange County
Carlos,Rodriguez,info@ramirezssushi.com,(714) 998-3081,Ramirez's Sushi,8487 Pico Blvd,Anaheim,Orange County,CA,93872,Sushi,,CA_Restaurant_Scraper,C,"Restaurant, Sushi, POS_Prospect, Anaheim",Auto-generated lead for PSDepot outreach. Type: Sushi,2026-04-28,https://www.yelp.com/biz/ramirezs-sushi-anaheim,"https://maps.google.com/?q=8487+Pico+Blvd,Anaheim,CA",3.2,93,$500K-$1M,26-50,Low,Orange County
Paul,Gomez,info@reddelcoffee.com,(714) 599-2636,Red DelCoffee,9212 First St,Anaheim,Orange County,CA,92085,Coffee,,CA_Restaurant_Scraper,C,"Restaurant, Coffee, POS_Prospect, Anaheim",Auto-generated lead for PSDepot outreach. Type: Coffee,2026-04-28,https://www.yelp.com/biz/red-delcoffee-anaheim,"https://maps.google.com/?q=9212+First+St,Anaheim,CA",4.7,397,$2.5M-$5M,51-100,High,Orange County
Elizabeth,Jones,info@kitchendeleatery.com,(657) 345-6320,Kitchen DelEatery,4581 Ocean Ave,Anaheim,Orange County,CA,93855,Kitchen,https://www.kitchendeleatery.com,CA_Restaurant_Scraper,C,"Restaurant, Kitchen, POS_Prospect, Anaheim",Auto-generated lead for PSDepot outreach. Type: Kitchen,2026-04-28,https://www.yelp.com/biz/kitchen-deleatery-anaheim,"https://maps.google.com/?q=4581+Ocean+Ave,Anaheim,CA",4.6,364,$500K-$1M,11-25,Low,Orange County
Karen,Flores,info@martinezsbarandgrill.com,(714) 228-8123,Martinez's Bar & Grill,9168 Elm St,Anaheim,Orange County,CA,90707,Bar & Grill,,CA_Restaurant_Scraper,C,"Restaurant, Bar & Grill, POS_Prospect, Anaheim",Auto-generated lead for PSDepot outreach. Type: Bar & Grill,2026-04-28,https://www.yelp.com/biz/martinezs-bar-&-grill-anaheim,"https://maps.google.com/?q=9168+Elm+St,Anaheim,CA",4.0,13,$500K-$1M,26-50,Low,Orange County
Matthew,Rodriguez,info@silverdeeatery.com,(657) 603-6823,Silver DeEatery,3975 Mission St,Anaheim,Orange County,CA,96861,Eatery,,CA_Restaurant_Scraper,B,"Restaurant, Eatery, POS_Prospect, Anaheim",Auto-generated lead for PSDepot outreach. Type: Eatery,2026-04-28,,"https://maps.google.com/?q=3975+Mission+St,Anaheim,CA",,,$5M+,1-10,High,Orange County
Mark,Garcia,info@greencoffee.com,(657) 504-8384,Green Coffee,1269 Washington Blvd,Anaheim,Orange County,CA,95951,Coffee,,CA_Restaurant_Scraper,B,"Restaurant, Coffee, POS_Prospect, Anaheim",Auto-generated lead for PSDepot outreach. Type: Coffee,2026-04-28,https://www.yelp.com/biz/green-coffee-anaheim,"https://maps.google.com/?q=1269+Washington+Blvd,Anaheim,CA",3.3,301,Under $500K,100+,Low,Orange County
William,Flores,,(714) 787-3545,Jones's BBQ,2144 Wilshire Blvd,Anaheim,Orange County,CA,91359,BBQ,,CA_Restaurant_Scraper,C,"Restaurant, BBQ, POS_Prospect, Anaheim",Auto-generated lead for PSDepot outreach. Type: BBQ,2026-04-28,,"https://maps.google.com/?q=2144+Wilshire+Blvd,Anaheim,CA",,,Under $500K,1-10,Low,Orange County
Jose,Rivera,,(657) 695-5727,Grill DeSteakhouse,3599 Ocean Ave,Anaheim,Orange County,CA,92250,Grill,,CA_Restaurant_Scraper,C,"Restaurant, Grill, POS_Prospect, Anaheim",Auto-generated lead for PSDepot outreach. Type: Grill,2026-04-28,,"https://maps.google.com/?q=3599+Ocean+Ave,Anaheim,CA",3.2,395,$1M-$2.5M,11-25,Medium,Orange County
David,Ramirez,info@spotgrill.com,(714) 896-1581,Spot Grill,1237 Third St,Anaheim,Orange County,CA,93129,Grill,https://www.spotgrill.com,CA_Restaurant_Scraper,A,"Restaurant, Grill, POS_Prospect, Anaheim",Auto-generated lead for PSDepot outreach. Type: Grill,2026-04-28,https://www.yelp.com/biz/spot-grill-anaheim,"https://maps.google.com/?q=1237+Third+St,Anaheim,CA",4.2,166,$500K-$1M,26-50,Low,Orange County
Robert,Garcia,,(657) 660-4515,Brown's BBQ,7832 First St,Anaheim,Orange County,CA,94845,BBQ,,CA_Restaurant_Scraper,A,"Restaurant, BBQ, POS_Prospect, Anaheim",Auto-generated lead for PSDepot outreach. Type: BBQ,2026-04-28,https://www.yelp.com/biz/browns-bbq-anaheim,"https://maps.google.com/?q=7832+First+St,Anaheim,CA",4.1,63,$1M-$2.5M,11-25,Medium,Orange County
Carlos,Hernandez,info@ramirezsbakery.com,(714) 860-1212,Ramirez's Bakery,8648 Market St,Anaheim,Orange County,CA,93749,Bakery,https://www.ramirezsbakery.com,CA_Restaurant_Scraper,C,"Restaurant, Bakery, POS_Prospect, Anaheim",Auto-generated lead for PSDepot outreach. Type: Bakery,2026-04-28,https://www.yelp.com/biz/ramirezs-bakery-anaheim,"https://maps.google.com/?q=8648+Market+St,Anaheim,CA",4.8,467,$5M+,26-50,High,Orange County
Barbara,Gonzalez,info@littlecoffee.com,(657) 897-7171,Little Coffee,4000 Pine St,Anaheim,Orange County,CA,94750,Coffee,,CA_Restaurant_Scraper,A,"Restaurant, Coffee, POS_Prospect, Anaheim",Auto-generated lead for PSDepot outreach. Type: Coffee,2026-04-28,,"https://maps.google.com/?q=4000+Pine+St,Anaheim,CA",3.7,355,$1M-$2.5M,1-10,Medium,Orange County
Mark,Gomez,info@johnsonssteakhouse.com,(714) 579-7235,Johnson's Steakhouse,1067 Washington Blvd,Anaheim,Orange County,CA,95283,Steakhouse,,CA_Restaurant_Scraper,B,"Restaurant, Steakhouse, POS_Prospect, Anaheim",Auto-generated lead for PSDepot outreach. Type: Steakhouse,2026-04-28,https://www.yelp.com/biz/johnsons-steakhouse-anaheim,"https://maps.google.com/?q=1067+Washington+Blvd,Anaheim,CA",3.3,422,$5M+,1-10,High,Orange County
Mark,Martinez,,(657) 704-9366,Rodriguez's Kitchen,5106 Third St,Anaheim,Orange County,CA,92725,Kitchen,,CA_Restaurant_Scraper,C,"Restaurant, Kitchen, POS_Prospect, Anaheim",Auto-generated lead for PSDepot outreach. Type: Kitchen,2026-04-28,,"https://maps.google.com/?q=5106+Third+St,Anaheim,CA",3.7,436,$5M+,11-25,High,Orange County
Michael,Johnson,info@cornerdekitchen.com,(657) 605-1433,Corner DeKitchen,7488 Oak St,Anaheim,Orange County,CA,95530,Kitchen,https://www.cornerdekitchen.com,CA_Restaurant_Scraper,C,"Restaurant, Kitchen, POS_Prospect, Anaheim",Auto-generated lead for PSDepot outreach. Type: Kitchen,2026-04-28,https://www.yelp.com/biz/corner-dekitchen-anaheim,"https://maps.google.com/?q=7488+Oak+St,Anaheim,CA",3.5,499,$5M+,26-50,High,Orange County
Maria,Martinez,info@goldendelgrill.com,(657) 532-3283,Golden DelGrill,7271 Washington Blvd,Anaheim,Orange County,CA,94595,Grill,,CA_Restaurant_Scraper,B,"Restaurant, Grill, POS_Prospect, Anaheim",Auto-generated lead for PSDepot outreach. Type: Grill,2026-04-28,https://www.yelp.com/biz/golden-delgrill-anaheim,"https://maps.google.com/?q=7271+Washington+Blvd,Anaheim,CA",,,$5M+,100+,High,Orange County
Mary,Brown,info@spotdeleatery.com,(657) 591-5004,Spot DelEatery,2292 Maple Ave,Anaheim,Orange County,CA,96284,Eatery,,CA_Restaurant_Scraper,C,"Restaurant, Eatery, POS_Prospect, Anaheim",Auto-generated lead for PSDepot outreach. Type: Eatery,2026-04-28,https://www.yelp.com/biz/spot-deleatery-anaheim,"https://maps.google.com/?q=2292+Maple+Ave,Anaheim,CA",,,Under $500K,1-10,Low,Orange County
Lisa,Garcia,,(714) 612-4334,Golden DelBakery,1425 Cedar Ave,Anaheim,Orange County,CA,90991,Bakery,,CA_Restaurant_Scraper,C,"Restaurant, Bakery, POS_Prospect, Anaheim",Auto-generated lead for PSDepot outreach. Type: Bakery,2026-04-28,https://www.yelp.com/biz/golden-delbakery-anaheim,"https://maps.google.com/?q=1425+Cedar+Ave,Anaheim,CA",,,$2.5M-$5M,100+,High,Orange County
Carlos,Flores,,(657) 932-4766,Torres's Grill,5186 Second St,Anaheim,Orange County,CA,94807,Grill,,CA_Restaurant_Scraper,A,"Restaurant, Grill, POS_Prospect, Anaheim",Auto-generated lead for PSDepot outreach. Type: Grill,2026-04-28,https://www.yelp.com/biz/torress-grill-anaheim,"https://maps.google.com/?q=5186+Second+St,Anaheim,CA",4.3,260,$5M+,100+,High,Orange County
Mary,Sanchez,info@garciasbargrill.com,(714) 789-5880,Garcia's Bar & Grill,1252 Jefferson St,Anaheim,Orange County,CA,94914,Bar & Grill,,CA_Restaurant_Scraper,C,"Restaurant, Bar & Grill, POS_Prospect, Anaheim",Auto-generated lead for PSDepot outreach. Type: Bar & Grill,2026-04-28,,"https://maps.google.com/?q=1252+Jefferson+St,Anaheim,CA",3.1,101,$500K-$1M,100+,Low,Orange County
Roberto,Garcia,,(714) 601-1131,House DelCoffee,304 Cedar Ave,Anaheim,Orange County,CA,96155,Coffee,,CA_Restaurant_Scraper,B,"Restaurant, Coffee, POS_Prospect, Anaheim",Auto-generated lead for PSDepot outreach. Type: Coffee,2026-04-28,https://www.yelp.com/biz/house-delcoffee-anaheim,"https://maps.google.com/?q=304+Cedar+Ave,Anaheim,CA",4.1,225,$5M+,100+,High,Orange County
Susan,Ramirez,,(714) 511-4542,Grill DelRestaurant,4946 Mission St,Anaheim,Orange County,CA,92117,Restaurant,,CA_Restaurant_Scraper,C,"Restaurant, Restaurant, POS_Prospect, Anaheim",Auto-generated lead for PSDepot outreach. Type: Restaurant,2026-04-28,https://www.yelp.com/biz/grill-delrestaurant-anaheim,"https://maps.google.com/?q=4946+Mission+St,Anaheim,CA",4.6,92,$1M-$2.5M,1-10,Medium,Orange County
Nancy,Sanchez,info@reddebakery.com,(714) 435-4424,Red DeBakery,6165 First St,Anaheim,Orange County,CA,93567,Bakery,,CA_Restaurant_Scraper,A,"Restaurant, Bakery, POS_Prospect, Anaheim",Auto-generated lead for PSDepot outreach. Type: Bakery,2026-04-28,,"https://maps.google.com/?q=6165+First+St,Anaheim,CA",,,$1M-$2.5M,1-10,Medium,Orange County
William,Flores,info@goldendelseafood.com,(657) 737-6479,Golden DelSeafood,8090 Ocean Ave,Anaheim,Orange County,CA,96797,Seafood,,CA_Restaurant_Scraper,C,"Restaurant, Seafood, POS_Prospect, Anaheim",Auto-generated lead for PSDepot outreach. Type: Seafood,2026-04-28,https://www.yelp.com/biz/golden-delseafood-anaheim,"https://maps.google.com/?q=8090+Ocean+Ave,Anaheim,CA",,,$1M-$2.5M,51-100,Medium,Orange County
Patricia,Flores,info@littledelcoffee.com,(714) 682-3252,Little DelCoffee,2358 Broadway,Anaheim,Orange County,CA,90308,Coffee,,CA_Restaurant_Scraper,A,"Restaurant, Coffee, POS_Prospect, Anaheim",Auto-generated lead for PSDepot outreach. Type: Coffee,2026-04-28,https://www.yelp.com/biz/little-delcoffee-anaheim,"https://maps.google.com/?q=2358+Broadway,Anaheim,CA",3.0,495,Under $500K,11-25,Low,Orange County
Sarah,Brown,,(657) 616-6570,House DelCafe,2774 Second St,Anaheim,Orange County,CA,92646,Cafe,,CA_Restaurant_Scraper,C,"Restaurant, Cafe, POS_Prospect, Anaheim",Auto-generated lead for PSDepot outreach. Type: Cafe,2026-04-28,https://www.yelp.com/biz/house-delcafe-anaheim,"https://maps.google.com/?q=2774+Second+St,Anaheim,CA",3.4,374,$1M-$2.5M,11-25,Medium,Orange County
Nancy,Hernandez,info@redtaqueria.com,(657) 613-2424,Red Taqueria,4230 Pine St,Anaheim,Orange County,CA,94090,Taqueria,,CA_Restaurant_Scraper,C,"Restaurant, Taqueria, POS_Prospect, Anaheim",Auto-generated lead for PSDepot outreach. Type: Taqueria,2026-04-28,https://www.yelp.com/biz/red-taqueria-anaheim,"https://maps.google.com/?q=4230+Pine+St,Anaheim,CA",3.2,433,$1M-$2.5M,11-25,Medium,Orange County
Lisa,Garcia,info@floressbistro.com,(714) 571-7529,Flores's Bistro,1674 Cedar Ave,Anaheim,Orange County,CA,95061,Bistro,,CA_Restaurant_Scraper,C,"Restaurant, Bistro, POS_Prospect, Anaheim",Auto-generated lead for PSDepot outreach. Type: Bistro,2026-04-28,https://www.yelp.com/biz/floress-bistro-anaheim,"https://maps.google.com/?q=1674+Cedar+Ave,Anaheim,CA",,,$2.5M-$5M,11-25,High,Orange County
Betty,Gonzalez,info@rodriguezsgrill.com,(714) 996-4340,Rodriguez's Grill,1880 First St,Anaheim,Orange County,CA,94096,Grill,,CA_Restaurant_Scraper,C,"Restaurant, Grill, POS_Prospect, Anaheim",Auto-generated lead for PSDepot outreach. Type: Grill,2026-04-28,https://www.yelp.com/biz/rodriguezs-grill-anaheim,"https://maps.google.com/?q=1880+First+St,Anaheim,CA",5.0,468,$5M+,11-25,High,Orange County
Mary,Miller,info@reddecafe.com,(714) 934-2249,Red DeCafe,5355 First St,Anaheim,Orange County,CA,95914,Cafe,,CA_Restaurant_Scraper,C,"Restaurant, Cafe, POS_Prospect, Anaheim",Auto-generated lead for PSDepot outreach. Type: Cafe,2026-04-28,https://www.yelp.com/biz/red-decafe-anaheim,"https://maps.google.com/?q=5355+First+St,Anaheim,CA",3.6,76,$1M-$2.5M,100+,Medium,Orange County
Margaret,Garcia,,(714) 420-4381,San DelBBQ,1028 Mission St,Anaheim,Orange County,CA,93468,BBQ,https://www.sandelbbq.com,CA_Restaurant_Scraper,B,"Restaurant, BBQ, POS_Prospect, Anaheim",Auto-generated lead for PSDepot outreach. Type: BBQ,2026-04-28,,"https://maps.google.com/?q=1028+Mission+St,Anaheim,CA",3.6,476,Under $500K,11-25,Low,Orange County
Anthony,Perez,,(657) 755-4678,Big Steakhouse,923 Wilshire Blvd,Anaheim,Orange County,CA,96877,Steakhouse,,CA_Restaurant_Scraper,B,"Restaurant, Steakhouse, POS_Prospect, Anaheim",Auto-generated lead for PSDepot outreach. Type: Steakhouse,2026-04-28,https://www.yelp.com/biz/big-steakhouse-anaheim,"https://maps.google.com/?q=923+Wilshire+Blvd,Anaheim,CA",,,$1M-$2.5M,51-100,Medium,Orange County
Linda,Flores,info@housedediner.com,(657) 720-6603,House DeDiner,9211 Washington Blvd,Anaheim,Orange County,CA,96099,Diner,https://www.housedediner.com,CA_Restaurant_Scraper,A,"Restaurant, Diner, POS_Prospect, Anaheim",Auto-generated lead for PSDepot outreach. Type: Diner,2026-04-28,,"https://maps.google.com/?q=9211+Washington+Blvd,Anaheim,CA",3.7,394,$5M+,11-25,High,Orange County
Mary,Hernandez,info@bistrodeburritos.com,(714) 945-2984,Bistro DeBurritos,8608 Broadway,Anaheim,Orange County,CA,91681,Bistro,,CA_Restaurant_Scraper,B,"Restaurant, Bistro, POS_Prospect, Anaheim",Auto-generated lead for PSDepot outreach. Type: Bistro,2026-04-28,,"https://maps.google.com/?q=8608+Broadway,Anaheim,CA",3.5,182,$2.5M-$5M,51-100,High,Orange County
Anthony,Johnson,info@millersbargrill.com,(714) 374-5587,Miller's Bar & Grill,7441 Cedar Ave,Anaheim,Orange County,CA,90971,Bar & Grill,https://www.millersbarandgrill.com,CA_Restaurant_Scraper,A,"Restaurant, Bar & Grill, POS_Prospect, Anaheim",Auto-generated lead for PSDepot outreach. Type: Bar & Grill,2026-04-28,,"https://maps.google.com/?q=7441+Cedar+Ave,Anaheim,CA",3.7,253,$2.5M-$5M,100+,High,Orange County
Linda,Ramirez,info@bistrodediner.com,(714) 512-9145,Bistro DeDiner,1735 Cedar Ave,Anaheim,Orange County,CA,91428,Diner,,CA_Restaurant_Scraper,B,"Restaurant, Diner, POS_Prospect, Anaheim",Auto-generated lead for PSDepot outreach. Type: Diner,2026-04-28,https://www.yelp.com/biz/bistro-dediner-anaheim,"https://maps.google.com/?q=1735+Cedar+Ave,Anaheim,CA",4.6,20,$5M+,26-50,High,Orange County
Betty,Flores,,(657) 738-3343,Los Grill,1596 Cedar Ave,Anaheim,Orange County,CA,91485,Grill,https://www.losgrill.com,CA_Restaurant_Scraper,B,"Restaurant, Grill, POS_Prospect, Anaheim",Auto-generated lead for PSDepot outreach. Type: Grill,2026-04-28,https://www.yelp.com/biz/los-grill-anaheim,"https://maps.google.com/?q=1596+Cedar+Ave,Anaheim,CA",4.6,347,$500K-$1M,100+,Low,Orange County
Pedro,Lopez,info@bluedeltaqueria.com,(714) 960-2910,Blue DelTaqueria,3200 Hollywood Blvd,Anaheim,Orange County,CA,96112,Taqueria,,CA_Restaurant_Scraper,C,"Restaurant, Taqueria, POS_Prospect, Anaheim",Auto-generated lead for PSDepot outreach. Type: Taqueria,2026-04-28,https://www.yelp.com/biz/blue-deltaqueria-anaheim,"https://maps.google.com/?q=3200+Hollywood+Blvd,Anaheim,CA",4.9,403,$1M-$2.5M,51-100,Medium,Orange County
Mark,Rivera,,(657) 572-7998,Johnson's Cafe,937 Washington Blvd,Anaheim,Orange County,CA,90771,Cafe,,CA_Restaurant_Scraper,B,"Restaurant, Cafe, POS_Prospect, Anaheim",Auto-generated lead for PSDepot outreach. Type: Cafe,2026-04-28,https://www.yelp.com/biz/johnsons-cafe-anaheim,"https://maps.google.com/?q=937+Washington+Blvd,Anaheim,CA",4.4,212,$2.5M-$5M,51-100,High,Orange County
Pedro,Rodriguez,,(657) 220-2506,Williams's Bar & Grill,2237 Main St,Anaheim,Orange County,CA,90056,Bar & Grill,,CA_Restaurant_Scraper,B,"Restaurant, Bar & Grill, POS_Prospect, Anaheim",Auto-generated lead for PSDepot outreach. Type: Bar & Grill,2026-04-28,https://www.yelp.com/biz/williamss-bar-&-grill-anaheim,"https://maps.google.com/?q=2237+Main+St,Anaheim,CA",,,$1M-$2.5M,11-25,Medium,Orange County
Mary,Flores,,(714) 271-7971,Torres's Burritos,6304 Wilshire Blvd,Anaheim,Orange County,CA,94730,Burritos,,CA_Restaurant_Scraper,C,"Restaurant, Burritos, POS_Prospect, Anaheim",Auto-generated lead for PSDepot outreach. Type: Burritos,2026-04-28,https://www.yelp.com/biz/torress-burritos-anaheim,"https://maps.google.com/?q=6304+Wilshire+Blvd,Anaheim,CA",3.6,396,$500K-$1M,100+,Low,Orange County
Carlos,Rodriguez,,(714) 349-3154,Garcia's Tacos,968 Hollywood Blvd,Anaheim,Orange County,CA,90736,Tacos,https://www.garciastacos.com,CA_Restaurant_Scraper,A,"Restaurant, Tacos, POS_Prospect, Anaheim",Auto-generated lead for PSDepot outreach. Type: Tacos,2026-04-28,https://www.yelp.com/biz/garcias-tacos-anaheim,"https://maps.google.com/?q=968+Hollywood+Blvd,Anaheim,CA",4.2,357,$1M-$2.5M,51-100,Medium,Orange County
Anthony,Garcia,,(657) 314-6053,Casa Grill,8888 Jefferson St,Anaheim,Orange County,CA,96246,Grill,,CA_Restaurant_Scraper,C,"Restaurant, Grill, POS_Prospect, Anaheim",Auto-generated lead for PSDepot outreach. Type: Grill,2026-04-28,https://www.yelp.com/biz/casa-grill-anaheim,"https://maps.google.com/?q=8888+Jefferson+St,Anaheim,CA",3.9,393,$5M+,51-100,High,Orange County
Anthony,Sanchez,,(714) 686-2283,Big DelBar & Grill,5686 Pico Blvd,Anaheim,Orange County,CA,96833,Bar & Grill,,CA_Restaurant_Scraper,B,"Restaurant, Bar & Grill, POS_Prospect, Anaheim",Auto-generated lead for PSDepot outreach. Type: Bar & Grill,2026-04-28,https://www.yelp.com/biz/big-delbar-&-grill-anaheim,"https://maps.google.com/?q=5686+Pico+Blvd,Anaheim,CA",4.8,279,$2.5M-$5M,26-50,High,Orange County
Elizabeth,Williams,info@davissbakery.com,(657) 605-9219,Davis's Bakery,2280 Second St,Anaheim,Orange County,CA,95112,Bakery,,CA_Restaurant_Scraper,C,"Restaurant, Bakery, POS_Prospect, Anaheim",Auto-generated lead for PSDepot outreach. Type: Bakery,2026-04-28,https://www.yelp.com/biz/daviss-bakery-anaheim,"https://maps.google.com/?q=2280+Second+St,Anaheim,CA",3.0,195,Under $500K,1-10,Low,Orange County
Betty,Gomez,,(657) 377-5450,Martinez's BBQ,786 Mission St,Anaheim,Orange County,CA,94797,BBQ,,CA_Restaurant_Scraper,B,"Restaurant, BBQ, POS_Prospect, Anaheim",Auto-generated lead for PSDepot outreach. Type: BBQ,2026-04-28,https://www.yelp.com/biz/martinezs-bbq-anaheim,"https://maps.google.com/?q=786+Mission+St,Anaheim,CA",3.2,290,$1M-$2.5M,100+,Medium,Orange County
Mark,Gomez,info@pueblokitchen.com,(657) 730-9681,Pueblo Kitchen,109 Main St,Anaheim,Orange County,CA,91940,Kitchen,https://www.pueblokitchen.com,CA_Restaurant_Scraper,B,"Restaurant, Kitchen, POS_Prospect, Anaheim",Auto-generated lead for PSDepot outreach. Type: Kitchen,2026-04-28,https://www.yelp.com/biz/pueblo-kitchen-anaheim,"https://maps.google.com/?q=109+Main+St,Anaheim,CA",3.9,99,$500K-$1M,26-50,Low,Orange County
Sarah,Jones,,(657) 253-7849,Brown's Burritos,5725 Wilshire Blvd,Anaheim,Orange County,CA,93323,Burritos,https://www.brownsburritos.com,CA_Restaurant_Scraper,B,"Restaurant, Burritos, POS_Prospect, Anaheim",Auto-generated lead for PSDepot outreach. Type: Burritos,2026-04-28,,"https://maps.google.com/?q=5725+Wilshire+Blvd,Anaheim,CA",,,$500K-$1M,100+,Low,Orange County
Linda,Hernandez,info@littledeseafood.com,(714) 958-3347,Little DeSeafood,5046 Elm St,Anaheim,Orange County,CA,91441,Seafood,,CA_Restaurant_Scraper,C,"Restaurant, Seafood, POS_Prospect, Anaheim",Auto-generated lead for PSDepot outreach. Type: Seafood,2026-04-28,https://www.yelp.com/biz/little-deseafood-anaheim,"https://maps.google.com/?q=5046+Elm+St,Anaheim,CA",3.2,423,$1M-$2.5M,26-50,Medium,Orange County
Patricia,Brown,info@gonzalezsrestaurant.com,(714) 823-1677,Gonzalez's Restaurant,4626 Main St,Anaheim,Orange County,CA,90750,Restaurant,,CA_Restaurant_Scraper,C,"Restaurant, Restaurant, POS_Prospect, Anaheim",Auto-generated lead for PSDepot outreach. Type: Restaurant,2026-04-28,https://www.yelp.com/biz/gonzalezs-restaurant-anaheim,"https://maps.google.com/?q=4626+Main+St,Anaheim,CA",3.1,125,$1M-$2.5M,1-10,Medium,Orange County
Matthew,Garcia,,(714) 629-8786,Kitchen DelBurger,3406 Broadway,Anaheim,Orange County,CA,92688,Burger,,CA_Restaurant_Scraper,A,"Restaurant, Burger, POS_Prospect, Anaheim",Auto-generated lead for PSDepot outreach. Type: Burger,2026-04-28,,"https://maps.google.com/?q=3406+Broadway,Anaheim,CA",3.6,40,Under $500K,51-100,Low,Orange County
Linda,Flores,info@redburger.com,(657) 286-6175,Red Burger,2041 Main St,Anaheim,Orange County,CA,92808,Burger,,CA_Restaurant_Scraper,C,"Restaurant, Burger, POS_Prospect, Anaheim",Auto-generated lead for PSDepot outreach. Type: Burger,2026-04-28,https://www.yelp.com/biz/red-burger-anaheim,"https://maps.google.com/?q=2041+Main+St,Anaheim,CA",4.7,139,Under $500K,51-100,Low,Orange County
Barbara,Hernandez,,(714) 549-2125,Brown's Eatery,1295 Maple Ave,Anaheim,Orange County,CA,94339,Eatery,,CA_Restaurant_Scraper,B,"Restaurant, Eatery, POS_Prospect, Anaheim",Auto-generated lead for PSDepot outreach. Type: Eatery,2026-04-28,,"https://maps.google.com/?q=1295+Maple+Ave,Anaheim,CA",4.7,148,Under $500K,1-10,Low,Orange County
Barbara,Williams,info@littledelpizza.com,(657) 335-4768,Little DelPizza,2432 Pico Blvd,Anaheim,Orange County,CA,91038,Pizza,https://www.littledelpizza.com,CA_Restaurant_Scraper,A,"Restaurant, Pizza, POS_Prospect, Anaheim",Auto-generated lead for PSDepot outreach. Type: Pizza,2026-04-28,https://www.yelp.com/biz/little-delpizza-anaheim,"https://maps.google.com/?q=2432+Pico+Blvd,Anaheim,CA",4.1,55,Under $500K,11-25,Low,Orange County
Michael,Sanchez,info@sandelsteakhouse.com,(714) 333-7016,San DelSteakhouse,8248 Washington Blvd,Anaheim,Orange County,CA,93772,Steakhouse,,CA_Restaurant_Scraper,B,"Restaurant, Steakhouse, POS_Prospect, Anaheim",Auto-generated lead for PSDepot outreach. Type: Steakhouse,2026-04-28,,"https://maps.google.com/?q=8248+Washington+Blvd,Anaheim,CA",4.1,312,$500K-$1M,11-25,Low,Orange County
Lisa,Williams,info@thedetaqueria.com,(657) 318-7488,The DeTaqueria,368 Oak St,Anaheim,Orange County,CA,90924,Taqueria,,CA_Restaurant_Scraper,B,"Restaurant, Taqueria, POS_Prospect, Anaheim",Auto-generated lead for PSDepot outreach. Type: Taqueria,2026-04-28,https://www.yelp.com/biz/the-detaqueria-anaheim,"https://maps.google.com/?q=368+Oak+St,Anaheim,CA",3.2,450,$1M-$2.5M,1-10,Medium,Orange County
Barbara,Hernandez,,(657) 975-5202,Gonzalez's Tacos,8433 First St,Anaheim,Orange County,CA,93965,Tacos,,CA_Restaurant_Scraper,C,"Restaurant, Tacos, POS_Prospect, Anaheim",Auto-generated lead for PSDepot outreach. Type: Tacos,2026-04-28,https://www.yelp.com/biz/gonzalezs-tacos-anaheim,"https://maps.google.com/?q=8433+First+St,Anaheim,CA",3.1,125,Under $500K,100+,Low,Orange County
Barbara,Ramirez,info@ladeseafood.com,(714) 627-1541,La DeSeafood,494 Pico Blvd,Anaheim,Orange County,CA,94909,Seafood,https://www.ladeseafood.com,CA_Restaurant_Scraper,A,"Restaurant, Seafood, POS_Prospect, Anaheim",Auto-generated lead for PSDepot outreach. Type: Seafood,2026-04-28,,"https://maps.google.com/?q=494+Pico+Blvd,Anaheim,CA",3.2,31,$5M+,51-100,High,Orange County
Michael,Garcia,,(714) 504-8050,Las DelBurger,4524 Wilshire Blvd,Anaheim,Orange County,CA,95398,Burger,,CA_Restaurant_Scraper,B,"Restaurant, Burger, POS_Prospect, Anaheim",Auto-generated lead for PSDepot outreach. Type: Burger,2026-04-28,https://www.yelp.com/biz/las-delburger-anaheim,"https://maps.google.com/?q=4524+Wilshire+Blvd,Anaheim,CA",4.6,483,$1M-$2.5M,51-100,Medium,Orange County
David,Gonzalez,,(657) 245-2632,Rivera's Burger,3241 Jefferson St,Anaheim,Orange County,CA,92278,Burger,,CA_Restaurant_Scraper,C,"Restaurant, Burger, POS_Prospect, Anaheim",Auto-generated lead for PSDepot outreach. Type: Burger,2026-04-28,https://www.yelp.com/biz/riveras-burger-anaheim,"https://maps.google.com/?q=3241+Jefferson+St,Anaheim,CA",,,$2.5M-$5M,1-10,High,Orange County
Jennifer,Smith,info@goldenbbq.com,(714) 688-6164,Golden BBQ,3899 First St,Anaheim,Orange County,CA,92158,BBQ,,CA_Restaurant_Scraper,C,"Restaurant, BBQ, POS_Prospect, Anaheim",Auto-generated lead for PSDepot outreach. Type: BBQ,2026-04-28,,"https://maps.google.com/?q=3899+First+St,Anaheim,CA",3.7,275,$2.5M-$5M,51-100,High,Orange County
William,Miller,info@gomezsgrill.com,(657) 341-5693,Gomez's Grill,2645 Cedar Ave,Anaheim,Orange County,CA,92385,Grill,https://www.gomezsgrill.com,CA_Restaurant_Scraper,A,"Restaurant, Grill, POS_Prospect, Anaheim",Auto-generated lead for PSDepot outreach. Type: Grill,2026-04-28,https://www.yelp.com/biz/gomezs-grill-anaheim,"https://maps.google.com/?q=2645+Cedar+Ave,Anaheim,CA",4.7,135,Under $500K,100+,Low,Orange County
Robert,Jones,info@gomezssushi.com,(657) 927-7184,Gomez's Sushi,7718 Main St,Anaheim,Orange County,CA,90603,Sushi,,CA_Restaurant_Scraper,A,"Restaurant, Sushi, POS_Prospect, Anaheim",Auto-generated lead for PSDepot outreach. Type: Sushi,2026-04-28,https://www.yelp.com/biz/gomezs-sushi-anaheim,"https://maps.google.com/?q=7718+Main+St,Anaheim,CA",,,$500K-$1M,100+,Low,Orange County
William,Ramirez,,(714) 454-7607,Big DeRestaurant,1196 Second St,Anaheim,Orange County,CA,93234,Restaurant,,CA_Restaurant_Scraper,A,"Restaurant, Restaurant, POS_Prospect, Anaheim",Auto-generated lead for PSDepot outreach. Type: Restaurant,2026-04-28,,"https://maps.google.com/?q=1196+Second+St,Anaheim,CA",4.3,288,$2.5M-$5M,1-10,High,Orange County
Linda,Flores,,(657) 882-9452,Pueblo DelBistro,4978 Second St,Anaheim,Orange County,CA,94539,Bistro,,CA_Restaurant_Scraper,C,"Restaurant, Bistro, POS_Prospect, Anaheim",Auto-generated lead for PSDepot outreach. Type: Bistro,2026-04-28,https://www.yelp.com/biz/pueblo-delbistro-anaheim,"https://maps.google.com/?q=4978+Second+St,Anaheim,CA",3.9,268,$500K-$1M,1-10,Low,Orange County
David,Jones,,(657) 972-6863,Golden Diner,4446 Oak St,Anaheim,Orange County,CA,91588,Diner,https://www.goldendiner.com,CA_Restaurant_Scraper,C,"Restaurant, Diner, POS_Prospect, Anaheim",Auto-generated lead for PSDepot outreach. Type: Diner,2026-04-28,,"https://maps.google.com/?q=4446+Oak+St,Anaheim,CA",3.3,455,$500K-$1M,100+,Low,Orange County
Anthony,Rodriguez,,(714) 868-4438,Los Burger,833 Sunset Blvd,Anaheim,Orange County,CA,93658,Burger,https://www.losburger.com,CA_Restaurant_Scraper,A,"Restaurant, Burger, POS_Prospect, Anaheim",Auto-generated lead for PSDepot outreach. Type: Burger,2026-04-28,https://www.yelp.com/biz/los-burger-anaheim,"https://maps.google.com/?q=833+Sunset+Blvd,Anaheim,CA",3.9,215,Under $500K,26-50,Low,Orange County
Mary,Johnson,info@lasseafood.com,(714) 246-8839,Las Seafood,7785 First St,Anaheim,Orange County,CA,93999,Seafood,,CA_Restaurant_Scraper,B,"Restaurant, Seafood, POS_Prospect, Anaheim",Auto-generated lead for PSDepot outreach. Type: Seafood,2026-04-28,https://www.yelp.com/biz/las-seafood-anaheim,"https://maps.google.com/?q=7785+First+St,Anaheim,CA",4.5,28,Under $500K,26-50,Low,Orange County
Christopher,Perez,,(714) 669-1450,Gonzalez's Sushi,3672 Cedar Ave,Anaheim,Orange County,CA,96049,Sushi,,CA_Restaurant_Scraper,A,"Restaurant, Sushi, POS_Prospect, Anaheim",Auto-generated lead for PSDepot outreach. Type: Sushi,2026-04-28,https://www.yelp.com/biz/gonzalezs-sushi-anaheim,"https://maps.google.com/?q=3672+Cedar+Ave,Anaheim,CA",,,Under $500K,26-50,Low,Orange County
Christopher,Smith,info@hernandezsrestaurant.com,(714) 493-6736,Hernandez's Restaurant,9983 Cedar Ave,Anaheim,Orange County,CA,91762,Restaurant,,CA_Restaurant_Scraper,A,"Restaurant, Restaurant, POS_Prospect, Anaheim",Auto-generated lead for PSDepot outreach. Type: Restaurant,2026-04-28,,"https://maps.google.com/?q=9983+Cedar+Ave,Anaheim,CA",4.2,187,$1M-$2.5M,51-100,Medium,Orange County
Margaret,Brown,,(657) 778-9315,Kitchen DeTaqueria,1162 Pine St,Anaheim,Orange County,CA,91764,Taqueria,,CA_Restaurant_Scraper,C,"Restaurant, Taqueria, POS_Prospect, Anaheim",Auto-generated lead for PSDepot outreach. Type: Taqueria,2026-04-28,https://www.yelp.com/biz/kitchen-detaqueria-anaheim,"https://maps.google.com/?q=1162+Pine+St,Anaheim,CA",3.6,269,$1M-$2.5M,51-100,Medium,Orange County
Paul,Gomez,info@perezsgrill.com,(714) 630-6491,Perez's Grill,8008 Main St,Anaheim,Orange County,CA,95712,Grill,https://www.perezsgrill.com,CA_Restaurant_Scraper,B,"Restaurant, Grill, POS_Prospect, Anaheim",Auto-generated lead for PSDepot outreach. Type: Grill,2026-04-28,https://www.yelp.com/biz/perezs-grill-anaheim,"https://maps.google.com/?q=8008+Main+St,Anaheim,CA",4.3,365,$500K-$1M,1-10,Low,Orange County
Mark,Gomez,,(714) 620-1979,Green DelKitchen,4370 Ocean Ave,Anaheim,Orange County,CA,90845,Kitchen,,CA_Restaurant_Scraper,B,"Restaurant, Kitchen, POS_Prospect, Anaheim",Auto-generated lead for PSDepot outreach. Type: Kitchen,2026-04-28,,"https://maps.google.com/?q=4370+Ocean+Ave,Anaheim,CA",4.5,373,$500K-$1M,26-50,Low,Orange County
Patricia,Rodriguez,info@eleatery.com,(714) 616-7298,El Eatery,8348 Pine St,Anaheim,Orange County,CA,96551,Eatery,,CA_Restaurant_Scraper,A,"Restaurant, Eatery, POS_Prospect, Anaheim",Auto-generated lead for PSDepot outreach. Type: Eatery,2026-04-28,,"https://maps.google.com/?q=8348+Pine+St,Anaheim,CA",,,$500K-$1M,1-10,Low,Orange County
Richard,Brown,info@riveraspizza.com,(657) 798-9483,Rivera's Pizza,3970 Sunset Blvd,Anaheim,Orange County,CA,95422,Pizza,https://www.riveraspizza.com,CA_Restaurant_Scraper,A,"Restaurant, Pizza, POS_Prospect, Anaheim",Auto-generated lead for PSDepot outreach. Type: Pizza,2026-04-28,https://www.yelp.com/biz/riveras-pizza-anaheim,"https://maps.google.com/?q=3970+Sunset+Blvd,Anaheim,CA",3.8,92,$5M+,100+,High,Orange County
Roberto,Lopez,,(714) 687-9175,Cafe Tacos,6600 Main St,Anaheim,Orange County,CA,92271,Cafe,https://www.cafetacos.com,CA_Restaurant_Scraper,A,"Restaurant, Cafe, POS_Prospect, Anaheim",Auto-generated lead for PSDepot outreach. Type: Cafe,2026-04-28,https://www.yelp.com/biz/cafe-tacos-anaheim,"https://maps.google.com/?q=6600+Main+St,Anaheim,CA",3.5,102,$500K-$1M,26-50,Low,Orange County
Juan,Gonzalez,,(714) 430-8792,Big DeBar & Grill,3924 First St,Anaheim,Orange County,CA,91333,Bar & Grill,,CA_Restaurant_Scraper,B,"Restaurant, Bar & Grill, POS_Prospect, Anaheim",Auto-generated lead for PSDepot outreach. Type: Bar & Grill,2026-04-28,,"https://maps.google.com/?q=3924+First+St,Anaheim,CA",4.7,125,$1M-$2.5M,26-50,Medium,Orange County
Richard,Flores,info@reddeburritos.com,(714) 989-5189,Red DeBurritos,5389 Wilshire Blvd,Anaheim,Orange County,CA,92596,Burritos,,CA_Restaurant_Scraper,B,"Restaurant, Burritos, POS_Prospect, Anaheim",Auto-generated lead for PSDepot outreach. Type: Burritos,2026-04-28,,"https://maps.google.com/?q=5389+Wilshire+Blvd,Anaheim,CA",3.5,115,$1M-$2.5M,11-25,Medium,Orange County
Elizabeth,Hernandez,,(657) 404-9056,Blue Diner,9430 Pine St,Anaheim,Orange County,CA,90554,Diner,,CA_Restaurant_Scraper,A,"Restaurant, Diner, POS_Prospect, Anaheim",Auto-generated lead for PSDepot outreach. Type: Diner,2026-04-28,https://www.yelp.com/biz/blue-diner-anaheim,"https://maps.google.com/?q=9430+Pine+St,Anaheim,CA",4.0,42,$5M+,26-50,High,Orange County
Ana,Brown,,(714) 707-6049,Blue Coffee,6315 Cedar Ave,Anaheim,Orange County,CA,93827,Coffee,,CA_Restaurant_Scraper,B,"Restaurant, Coffee, POS_Prospect, Anaheim",Auto-generated lead for PSDepot outreach. Type: Coffee,2026-04-28,https://www.yelp.com/biz/blue-coffee-anaheim,"https://maps.google.com/?q=6315+Cedar+Ave,Anaheim,CA",4.5,468,$1M-$2.5M,1-10,Medium,Orange County
Ana,Sanchez,info@torressbistro.com,(657) 628-8297,Torres's Bistro,769 Wilshire Blvd,Anaheim,Orange County,CA,95823,Bistro,,CA_Restaurant_Scraper,B,"Restaurant, Bistro, POS_Prospect, Anaheim",Auto-generated lead for PSDepot outreach. Type: Bistro,2026-04-28,https://www.yelp.com/biz/torress-bistro-anaheim,"https://maps.google.com/?q=769+Wilshire+Blvd,Anaheim,CA",3.2,163,$2.5M-$5M,26-50,High,Orange County
Linda,Rodriguez,info@spotdelsteakhouse.com,(714) 816-4523,Spot DelSteakhouse,3295 Pico Blvd,Anaheim,Orange County,CA,94881,Steakhouse,,CA_Restaurant_Scraper,C,"Restaurant, Steakhouse, POS_Prospect, Anaheim",Auto-generated lead for PSDepot outreach. Type: Steakhouse,2026-04-28,https://www.yelp.com/biz/spot-delsteakhouse-anaheim,"https://maps.google.com/?q=3295+Pico+Blvd,Anaheim,CA",4.9,9,$2.5M-$5M,1-10,High,Orange County
Jennifer,Martinez,,(657) 552-5936,Hernandez's Grill,1314 Market St,Anaheim,Orange County,CA,95149,Grill,,CA_Restaurant_Scraper,C,"Restaurant, Grill, POS_Prospect, Anaheim",Auto-generated lead for PSDepot outreach. Type: Grill,2026-04-28,https://www.yelp.com/biz/hernandezs-grill-anaheim,"https://maps.google.com/?q=1314+Market+St,Anaheim,CA",3.2,433,Under $500K,51-100,Low,Orange County
Luis,Rivera,info@kitchenseafood.com,(714) 454-4242,Kitchen Seafood,6374 Maple Ave,Anaheim,Orange County,CA,95258,Kitchen,,CA_Restaurant_Scraper,C,"Restaurant, Kitchen, POS_Prospect, Anaheim",Auto-generated lead for PSDepot outreach. Type: Kitchen,2026-04-28,https://www.yelp.com/biz/kitchen-seafood-anaheim,"https://maps.google.com/?q=6374+Maple+Ave,Anaheim,CA",4.4,65,$1M-$2.5M,100+,Medium,Orange County
Robert,Sanchez,info@thedeburritos.com,(714) 646-1387,The DeBurritos,6415 Broadway,Anaheim,Orange County,CA,92144,Burritos,https://www.thedeburritos.com,CA_Restaurant_Scraper,B,"Restaurant, Burritos, POS_Prospect, Anaheim",Auto-generated lead for PSDepot outreach. Type: Burritos,2026-04-28,,"https://maps.google.com/?q=6415+Broadway,Anaheim,CA",4.3,388,Under $500K,1-10,Low,Orange County
Ana,Flores,,(714) 749-9862,Corner DelBBQ,8269 Jefferson St,Anaheim,Orange County,CA,92253,BBQ,https://www.cornerdelbbq.com,CA_Restaurant_Scraper,C,"Restaurant, BBQ, POS_Prospect, Anaheim",Auto-generated lead for PSDepot outreach. Type: BBQ,2026-04-28,,"https://maps.google.com/?q=8269+Jefferson+St,Anaheim,CA",4.8,82,$1M-$2.5M,1-10,Medium,Orange County
Susan,Rivera,,(657) 637-1881,The DeBistro,6558 Sunset Blvd,Anaheim,Orange County,CA,93417,Bistro,,CA_Restaurant_Scraper,B,"Restaurant, Bistro, POS_Prospect, Anaheim",Auto-generated lead for PSDepot outreach. Type: Bistro,2026-04-28,,"https://maps.google.com/?q=6558+Sunset+Blvd,Anaheim,CA",,,$1M-$2.5M,26-50,Medium,Orange County
Steven,Torres,,(657) 730-3234,San DeGrill,5778 Sunset Blvd,Anaheim,Orange County,CA,95343,Grill,,CA_Restaurant_Scraper,B,"Restaurant, Grill, POS_Prospect, Anaheim",Auto-generated lead for PSDepot outreach. Type: Grill,2026-04-28,https://www.yelp.com/biz/san-degrill-anaheim,"https://maps.google.com/?q=5778+Sunset+Blvd,Anaheim,CA",,,Under $500K,51-100,Low,Orange County
William,Hernandez,info@santasushi.com,(714) 759-6221,Santa Sushi,5212 Broadway,Anaheim,Orange County,CA,96203,Sushi,,CA_Restaurant_Scraper,B,"Restaurant, Sushi, POS_Prospect, Anaheim",Auto-generated lead for PSDepot outreach. Type: Sushi,2026-04-28,https://www.yelp.com/biz/santa-sushi-anaheim,"https://maps.google.com/?q=5212+Broadway,Anaheim,CA",4.9,396,$5M+,100+,High,Orange County
Maria,Rodriguez,info@pueblocafe.com,(714) 597-1393,Pueblo Cafe,4876 Oak St,Anaheim,Orange County,CA,93644,Cafe,,CA_Restaurant_Scraper,C,"Restaurant, Cafe, POS_Prospect, Anaheim",Auto-generated lead for PSDepot outreach. Type: Cafe,2026-04-28,https://www.yelp.com/biz/pueblo-cafe-anaheim,"https://maps.google.com/?q=4876+Oak+St,Anaheim,CA",,,$1M-$2.5M,100+,Medium,Orange County
Susan,Ramirez,info@eldelburger.com,(657) 243-2965,El DelBurger,9591 Wilshire Blvd,Anaheim,Orange County,CA,96554,Burger,,CA_Restaurant_Scraper,A,"Restaurant, Burger, POS_Prospect, Anaheim",Auto-generated lead for PSDepot outreach. Type: Burger,2026-04-28,https://www.yelp.com/biz/el-delburger-anaheim,"https://maps.google.com/?q=9591+Wilshire+Blvd,Anaheim,CA",3.1,61,$1M-$2.5M,100+,Medium,Orange County
Jennifer,Flores,info@housedeeatery.com,(714) 230-6567,House DeEatery,7860 Maple Ave,Anaheim,Orange County,CA,94114,Eatery,https://www.housedeeatery.com,CA_Restaurant_Scraper,A,"Restaurant, Eatery, POS_Prospect, Anaheim",Auto-generated lead for PSDepot outreach. Type: Eatery,2026-04-28,https://www.yelp.com/biz/house-deeatery-anaheim,"https://maps.google.com/?q=7860+Maple+Ave,Anaheim,CA",3.8,111,Under $500K,11-25,Low,Orange County
Richard,Miller,,(657) 642-2839,Silver DeDiner,2759 Pico Blvd,Anaheim,Orange County,CA,91810,Diner,https://www.silverdediner.com,CA_Restaurant_Scraper,C,"Restaurant, Diner, POS_Prospect, Anaheim",Auto-generated lead for PSDepot outreach. Type: Diner,2026-04-28,https://www.yelp.com/biz/silver-dediner-anaheim,"https://maps.google.com/?q=2759+Pico+Blvd,Anaheim,CA",4.8,460,$5M+,26-50,High,Orange County
Pedro,Martinez,,(657) 725-7314,La DeBurritos,5463 Oak St,Anaheim,Orange County,CA,94472,Burritos,,CA_Restaurant_Scraper,C,"Restaurant, Burritos, POS_Prospect, Anaheim",Auto-generated lead for PSDepot outreach. Type: Burritos,2026-04-28,https://www.yelp.com/biz/la-deburritos-anaheim,"https://maps.google.com/?q=5463+Oak+St,Anaheim,CA",3.5,302,$500K-$1M,51-100,Low,Orange County
Ana,Williams,,(657) 347-8578,Jones's Pizza,9678 Ocean Ave,Anaheim,Orange County,CA,90041,Pizza,,CA_Restaurant_Scraper,C,"Restaurant, Pizza, POS_Prospect, Anaheim",Auto-generated lead for PSDepot outreach. Type: Pizza,2026-04-28,https://www.yelp.com/biz/joness-pizza-anaheim,"https://maps.google.com/?q=9678+Ocean+Ave,Anaheim,CA",,,$1M-$2.5M,51-100,Medium,Orange County
Lisa,Hernandez,info@greendelburger.com,(714) 640-7385,Green DelBurger,9819 Second St,Anaheim,Orange County,CA,91320,Burger,,CA_Restaurant_Scraper,A,"Restaurant, Burger, POS_Prospect, Anaheim",Auto-generated lead for PSDepot outreach. Type: Burger,2026-04-28,https://www.yelp.com/biz/green-delburger-anaheim,"https://maps.google.com/?q=9819+Second+St,Anaheim,CA",3.2,306,Under $500K,51-100,Low,Orange County
Linda,Gonzalez,,(657) 939-9752,Grill Restaurant,6912 Maple Ave,Anaheim,Orange County,CA,92315,Restaurant,https://www.grillrestaurant.com,CA_Restaurant_Scraper,B,"Restaurant, Restaurant, POS_Prospect, Anaheim",Auto-generated lead for PSDepot outreach. Type: Restaurant,2026-04-28,https://www.yelp.com/biz/grill-restaurant-anaheim,"https://maps.google.com/?q=6912+Maple+Ave,Anaheim,CA",4.8,441,Under $500K,11-25,Low,Orange County
Ana,Lopez,,(657) 267-8125,Green DeRestaurant,9668 Pico Blvd,Anaheim,Orange County,CA,93636,Restaurant,,CA_Restaurant_Scraper,B,"Restaurant, Restaurant, POS_Prospect, Anaheim",Auto-generated lead for PSDepot outreach. Type: Restaurant,2026-04-28,https://www.yelp.com/biz/green-derestaurant-anaheim,"https://maps.google.com/?q=9668+Pico+Blvd,Anaheim,CA",3.7,420,Under $500K,26-50,Low,Orange County
Betty,Sanchez,info@bigcoffee.com,(714) 387-3950,Big Coffee,240 Washington Blvd,Anaheim,Orange County,CA,92103,Coffee,,CA_Restaurant_Scraper,A,"Restaurant, Coffee, POS_Prospect, Anaheim",Auto-generated lead for PSDepot outreach. Type: Coffee,2026-04-28,https://www.yelp.com/biz/big-coffee-anaheim,"https://maps.google.com/?q=240+Washington+Blvd,Anaheim,CA",3.9,357,$500K-$1M,26-50,Low,Orange County
Ana,Miller,,(714) 238-4670,Kitchen Steakhouse,8530 Market St,Anaheim,Orange County,CA,92777,Kitchen,https://www.kitchensteakhouse.com,CA_Restaurant_Scraper,B,"Restaurant, Kitchen, POS_Prospect, Anaheim",Auto-generated lead for PSDepot outreach. Type: Kitchen,2026-04-28,,"https://maps.google.com/?q=8530+Market+St,Anaheim,CA",3.9,289,$2.5M-$5M,26-50,High,Orange County
Jennifer,Williams,info@jonesssushi.com,(657) 936-3429,Jones's Sushi,6286 Pine St,Anaheim,Orange County,CA,94981,Sushi,,CA_Restaurant_Scraper,A,"Restaurant, Sushi, POS_Prospect, Anaheim",Auto-generated lead for PSDepot outreach. Type: Sushi,2026-04-28,https://www.yelp.com/biz/joness-sushi-anaheim,"https://maps.google.com/?q=6286+Pine+St,Anaheim,CA",3.5,62,$500K-$1M,1-10,Low,Orange County
David,Sanchez,,(714) 558-6817,Smith's Cafe,7525 Washington Blvd,Anaheim,Orange County,CA,93009,Cafe,,CA_Restaurant_Scraper,A,"Restaurant, Cafe, POS_Prospect, Anaheim",Auto-generated lead for PSDepot outreach. Type: Cafe,2026-04-28,,"https://maps.google.com/?q=7525+Washington+Blvd,Anaheim,CA",4.0,159,$2.5M-$5M,51-100,High,Orange County
Karen,Perez,info@gomezsburritos.com,(714) 228-1431,Gomez's Burritos,9945 Hollywood Blvd,Anaheim,Orange County,CA,90293,Burritos,,CA_Restaurant_Scraper,A,"Restaurant, Burritos, POS_Prospect, Anaheim",Auto-generated lead for PSDepot outreach. Type: Burritos,2026-04-28,https://www.yelp.com/biz/gomezs-burritos-anaheim,"https://maps.google.com/?q=9945+Hollywood+Blvd,Anaheim,CA",3.4,162,$5M+,1-10,High,Orange County
Anthony,Rodriguez,,(657) 250-6901,Santa DeBurger,9641 Pine St,Anaheim,Orange County,CA,94196,Burger,,CA_Restaurant_Scraper,A,"Restaurant, Burger, POS_Prospect, Anaheim",Auto-generated lead for PSDepot outreach. Type: Burger,2026-04-28,https://www.yelp.com/biz/santa-deburger-anaheim,"https://maps.google.com/?q=9641+Pine+St,Anaheim,CA",,,$5M+,26-50,High,Orange County
William,Martinez,,(657) 258-3897,Bistro Eatery,8278 Cedar Ave,Anaheim,Orange County,CA,93873,Bistro,,CA_Restaurant_Scraper,B,"Restaurant, Bistro, POS_Prospect, Anaheim",Auto-generated lead for PSDepot outreach. Type: Bistro,2026-04-28,,"https://maps.google.com/?q=8278+Cedar+Ave,Anaheim,CA",4.1,166,$1M-$2.5M,11-25,Medium,Orange County
Steven,Flores,,(657) 764-6785,Little BBQ,9306 Pico Blvd,Anaheim,Orange County,CA,93988,BBQ,,CA_Restaurant_Scraper,C,"Restaurant, BBQ, POS_Prospect, Anaheim",Auto-generated lead for PSDepot outreach. Type: BBQ,2026-04-28,https://www.yelp.com/biz/little-bbq-anaheim,"https://maps.google.com/?q=9306+Pico+Blvd,Anaheim,CA",4.8,28,Under $500K,51-100,Low,Orange County
Anthony,Martinez,,(714) 681-3235,Santa DelBurger,381 Hollywood Blvd,Anaheim,Orange County,CA,92763,Burger,,CA_Restaurant_Scraper,A,"Restaurant, Burger, POS_Prospect, Anaheim",Auto-generated lead for PSDepot outreach. Type: Burger,2026-04-28,https://www.yelp.com/biz/santa-delburger-anaheim,"https://maps.google.com/?q=381+Hollywood+Blvd,Anaheim,CA",4.8,443,Under $500K,11-25,Low,Orange County
Margaret,Garcia,,(657) 751-5396,Brown's Sushi,6856 Broadway,Anaheim,Orange County,CA,93841,Sushi,,CA_Restaurant_Scraper,A,"Restaurant, Sushi, POS_Prospect, Anaheim",Auto-generated lead for PSDepot outreach. Type: Sushi,2026-04-28,https://www.yelp.com/biz/browns-sushi-anaheim,"https://maps.google.com/?q=6856+Broadway,Anaheim,CA",4.7,158,$5M+,51-100,High,Orange County
Margaret,Hernandez,,(657) 654-2514,Silver BBQ,483 Pico Blvd,Anaheim,Orange County,CA,96620,BBQ,,CA_Restaurant_Scraper,A,"Restaurant, BBQ, POS_Prospect, Anaheim",Auto-generated lead for PSDepot outreach. Type: BBQ,2026-04-28,https://www.yelp.com/biz/silver-bbq-anaheim,"https://maps.google.com/?q=483+Pico+Blvd,Anaheim,CA",3.8,246,$2.5M-$5M,1-10,High,Orange County
Robert,Gonzalez,,(657) 594-8777,San Kitchen,6543 Ocean Ave,Anaheim,Orange County,CA,94951,Kitchen,,CA_Restaurant_Scraper,B,"Restaurant, Kitchen, POS_Prospect, Anaheim",Auto-generated lead for PSDepot outreach. Type: Kitchen,2026-04-28,https://www.yelp.com/biz/san-kitchen-anaheim,"https://maps.google.com/?q=6543+Ocean+Ave,Anaheim,CA",3.6,460,$5M+,51-100,High,Orange County
Betty,Gomez,,(714) 380-9995,Kitchen DeDiner,8785 Mission St,Anaheim,Orange County,CA,93851,Diner,https://www.kitchendediner.com,CA_Restaurant_Scraper,C,"Restaurant, Diner, POS_Prospect, Anaheim",Auto-generated lead for PSDepot outreach. Type: Diner,2026-04-28,https://www.yelp.com/biz/kitchen-dediner-anaheim,"https://maps.google.com/?q=8785+Mission+St,Anaheim,CA",3.9,238,$2.5M-$5M,1-10,High,Orange County
Ana,Perez,info@santadelcafe.com,(714) 497-8907,Santa DelCafe,3519 Broadway,Anaheim,Orange County,CA,95193,Cafe,,CA_Restaurant_Scraper,C,"Restaurant, Cafe, POS_Prospect, Anaheim",Auto-generated lead for PSDepot outreach. Type: Cafe,2026-04-28,,"https://maps.google.com/?q=3519+Broadway,Anaheim,CA",,,$500K-$1M,11-25,Low,Orange County
Richard,Martinez,info@santadebbq.com,(657) 545-2505,Santa DeBBQ,7419 Pine St,Anaheim,Orange County,CA,94004,BBQ,,CA_Restaurant_Scraper,B,"Restaurant, BBQ, POS_Prospect, Anaheim",Auto-generated lead for PSDepot outreach. Type: BBQ,2026-04-28,https://www.yelp.com/biz/santa-debbq-anaheim,"https://maps.google.com/?q=7419+Pine+St,Anaheim,CA",3.6,305,Under $500K,11-25,Low,Orange County
Luis,Torres,,(657) 561-8749,Flores's Eatery,4263 First St,Anaheim,Orange County,CA,94575,Eatery,,CA_Restaurant_Scraper,B,"Restaurant, Eatery, POS_Prospect, Anaheim",Auto-generated lead for PSDepot outreach. Type: Eatery,2026-04-28,,"https://maps.google.com/?q=4263+First+St,Anaheim,CA",4.3,453,$5M+,1-10,High,Orange County
Jose,Rodriguez,info@greentacos.com,(714) 241-7306,Green Tacos,9845 Pico Blvd,Anaheim,Orange County,CA,96943,Tacos,,CA_Restaurant_Scraper,C,"Restaurant, Tacos, POS_Prospect, Anaheim",Auto-generated lead for PSDepot outreach. Type: Tacos,2026-04-28,https://www.yelp.com/biz/green-tacos-anaheim,"https://maps.google.com/?q=9845+Pico+Blvd,Anaheim,CA",3.5,108,$5M+,100+,High,Orange County
Ana,Hernandez,info@losdebargrill.com,(657) 621-7470,Los DeBar & Grill,8964 Jefferson St,Anaheim,Orange County,CA,96637,Bar & Grill,,CA_Restaurant_Scraper,C,"Restaurant, Bar & Grill, POS_Prospect, Anaheim",Auto-generated lead for PSDepot outreach. Type: Bar & Grill,2026-04-28,https://www.yelp.com/biz/los-debar-&-grill-anaheim,"https://maps.google.com/?q=8964+Jefferson+St,Anaheim,CA",3.5,485,Under $500K,100+,Low,Orange County
Elizabeth,Rivera,,(657) 823-3553,Johnson's Bakery,6404 Third St,Anaheim,Orange County,CA,91185,Bakery,,CA_Restaurant_Scraper,C,"Restaurant, Bakery, POS_Prospect, Anaheim",Auto-generated lead for PSDepot outreach. Type: Bakery,2026-04-28,https://www.yelp.com/biz/johnsons-bakery-anaheim,"https://maps.google.com/?q=6404+Third+St,Anaheim,CA",,,$5M+,26-50,High,Orange County
Lisa,Miller,info@housekitchen.com,(657) 386-1457,House Kitchen,8298 Ocean Ave,Anaheim,Orange County,CA,96683,Kitchen,,CA_Restaurant_Scraper,B,"Restaurant, Kitchen, POS_Prospect, Anaheim",Auto-generated lead for PSDepot outreach. Type: Kitchen,2026-04-28,https://www.yelp.com/biz/house-kitchen-anaheim,"https://maps.google.com/?q=8298+Ocean+Ave,Anaheim,CA",,,$2.5M-$5M,11-25,High,Orange County
David,Sanchez,,(714) 945-1719,Red DeBurger,5890 Main St,Anaheim,Orange County,CA,91474,Burger,,CA_Restaurant_Scraper,C,"Restaurant, Burger, POS_Prospect, Anaheim",Auto-generated lead for PSDepot outreach. Type: Burger,2026-04-28,,"https://maps.google.com/?q=5890+Main+St,Anaheim,CA",3.3,159,$2.5M-$5M,11-25,High,Orange County
Maria,Martinez,info@silverbargrill.com,(657) 602-1241,Silver Bar & Grill,5132 Main St,Anaheim,Orange County,CA,95934,Bar & Grill,,CA_Restaurant_Scraper,A,"Restaurant, Bar & Grill, POS_Prospect, Anaheim",Auto-generated lead for PSDepot outreach. Type: Bar & Grill,2026-04-28,https://www.yelp.com/biz/silver-bar-&-grill-anaheim,"https://maps.google.com/?q=5132+Main+St,Anaheim,CA",3.4,251,Under $500K,100+,Low,Orange County
Carlos,Sanchez,info@smithsbistro.com,(714) 277-9700,Smith's Bistro,2530 Broadway,Anaheim,Orange County,CA,94578,Bistro,,CA_Restaurant_Scraper,A,"Restaurant, Bistro, POS_Prospect, Anaheim",Auto-generated lead for PSDepot outreach. Type: Bistro,2026-04-28,,"https://maps.google.com/?q=2530+Broadway,Anaheim,CA",4.5,253,$500K-$1M,100+,Low,Orange County
Steven,Johnson,,(714) 805-9914,Cafe DeSeafood,2049 Jefferson St,Anaheim,Orange County,CA,90713,Cafe,,CA_Restaurant_Scraper,B,"Restaurant, Cafe, POS_Prospect, Anaheim",Auto-generated lead for PSDepot outreach. Type: Cafe,2026-04-28,https://www.yelp.com/biz/cafe-deseafood-anaheim,"https://maps.google.com/?q=2049+Jefferson+St,Anaheim,CA",4.2,52,$2.5M-$5M,1-10,High,Orange County
Paul,Hernandez,info@lasdelcafe.com,(657) 379-7221,Las DelCafe,4298 Broadway,Anaheim,Orange County,CA,93885,Cafe,,CA_Restaurant_Scraper,C,"Restaurant, Cafe, POS_Prospect, Anaheim",Auto-generated lead for PSDepot outreach. Type: Cafe,2026-04-28,,"https://maps.google.com/?q=4298+Broadway,Anaheim,CA",3.7,338,$1M-$2.5M,1-10,Medium,Orange County
Richard,Gomez,info@ladetacos.com,(657) 342-2100,La DeTacos,4008 Wilshire Blvd,Anaheim,Orange County,CA,91747,Tacos,,CA_Restaurant_Scraper,C,"Restaurant, Tacos, POS_Prospect, Anaheim",Auto-generated lead for PSDepot outreach. Type: Tacos,2026-04-28,https://www.yelp.com/biz/la-detacos-anaheim,"https://maps.google.com/?q=4008+Wilshire+Blvd,Anaheim,CA",3.6,407,Under $500K,26-50,Low,Orange County
Anthony,Garcia,,(657) 214-7909,Martinez's Tacos,6117 Washington Blvd,Anaheim,Orange County,CA,90688,Tacos,https://www.martinezstacos.com,CA_Restaurant_Scraper,A,"Restaurant, Tacos, POS_Prospect, Anaheim",Auto-generated lead for PSDepot outreach. Type: Tacos,2026-04-28,,"https://maps.google.com/?q=6117+Washington+Blvd,Anaheim,CA",3.6,292,$2.5M-$5M,26-50,High,Orange County
Linda,Lopez,,(714) 759-2608,Corner DelEatery,3920 Washington Blvd,Anaheim,Orange County,CA,90547,Eatery,,CA_Restaurant_Scraper,B,"Restaurant, Eatery, POS_Prospect, Anaheim",Auto-generated lead for PSDepot outreach. Type: Eatery,2026-04-28,https://www.yelp.com/biz/corner-deleatery-anaheim,"https://maps.google.com/?q=3920+Washington+Blvd,Anaheim,CA",,,$2.5M-$5M,51-100,High,Orange County
Richard,Gomez,,(714) 267-7340,Las DeCafe,213 Second St,Anaheim,Orange County,CA,91894,Cafe,https://www.lasdecafe.com,CA_Restaurant_Scraper,A,"Restaurant, Cafe, POS_Prospect, Anaheim",Auto-generated lead for PSDepot outreach. Type: Cafe,2026-04-28,,"https://maps.google.com/?q=213+Second+St,Anaheim,CA",3.3,34,Under $500K,1-10,Low,Orange County
Pedro,Perez,,(657) 956-9663,Las DeCoffee,5216 First St,Anaheim,Orange County,CA,94568,Coffee,,CA_Restaurant_Scraper,B,"Restaurant, Coffee, POS_Prospect, Anaheim",Auto-generated lead for PSDepot outreach. Type: Coffee,2026-04-28,https://www.yelp.com/biz/las-decoffee-anaheim,"https://maps.google.com/?q=5216+First+St,Anaheim,CA",4.1,153,$2.5M-$5M,51-100,High,Orange County
Mary,Gonzalez,info@torressbbq.com,(714) 965-1943,Torres's BBQ,961 Mission St,Anaheim,Orange County,CA,92384,BBQ,,CA_Restaurant_Scraper,C,"Restaurant, BBQ, POS_Prospect, Anaheim",Auto-generated lead for PSDepot outreach. Type: BBQ,2026-04-28,,"https://maps.google.com/?q=961+Mission+St,Anaheim,CA",,,Under $500K,11-25,Low,Orange County
Juan,Rodriguez,,(714) 368-9949,Big Pizza,8864 Market St,Anaheim,Orange County,CA,95495,Pizza,,CA_Restaurant_Scraper,B,"Restaurant, Pizza, POS_Prospect, Anaheim",Auto-generated lead for PSDepot outreach. Type: Pizza,2026-04-28,https://www.yelp.com/biz/big-pizza-anaheim,"https://maps.google.com/?q=8864+Market+St,Anaheim,CA",4.4,243,$5M+,11-25,High,Orange County
Juan,Hernandez,info@kitchendebbq.com,(657) 617-5449,Kitchen DeBBQ,5429 Second St,Anaheim,Orange County,CA,92967,Kitchen,https://www.kitchendebbq.com,CA_Restaurant_Scraper,C,"Restaurant, Kitchen, POS_Prospect, Anaheim",Auto-generated lead for PSDepot outreach. Type: Kitchen,2026-04-28,https://www.yelp.com/biz/kitchen-debbq-anaheim,"https://maps.google.com/?q=5429+Second+St,Anaheim,CA",,,$5M+,51-100,High,Orange County
David,Johnson,info@goldencoffee.com,(657) 721-8569,Golden Coffee,2906 Pine St,Anaheim,Orange County,CA,92666,Coffee,https://www.goldencoffee.com,CA_Restaurant_Scraper,B,"Restaurant, Coffee, POS_Prospect, Anaheim",Auto-generated lead for PSDepot outreach. Type: Coffee,2026-04-28,https://www.yelp.com/biz/golden-coffee-anaheim,"https://maps.google.com/?q=2906+Pine+St,Anaheim,CA",4.3,106,$2.5M-$5M,51-100,High,Orange County
Jessica,Brown,info@houseburritos.com,(657) 717-5384,House Burritos,8009 Sunset Blvd,Anaheim,Orange County,CA,91747,Burritos,,CA_Restaurant_Scraper,B,"Restaurant, Burritos, POS_Prospect, Anaheim",Auto-generated lead for PSDepot outreach. Type: Burritos,2026-04-28,https://www.yelp.com/biz/house-burritos-anaheim,"https://maps.google.com/?q=8009+Sunset+Blvd,Anaheim,CA",4.2,187,$2.5M-$5M,100+,High,Orange County
Robert,Smith,info@littledelburritos.com,(714) 363-6114,Little DelBurritos,897 Wilshire Blvd,Anaheim,Orange County,CA,91903,Burritos,https://www.littledelburritos.com,CA_Restaurant_Scraper,B,"Restaurant, Burritos, POS_Prospect, Anaheim",Auto-generated lead for PSDepot outreach. Type: Burritos,2026-04-28,https://www.yelp.com/biz/little-delburritos-anaheim,"https://maps.google.com/?q=897+Wilshire+Blvd,Anaheim,CA",,,Under $500K,1-10,Low,Orange County
Patricia,Lopez,info@goldendecafe.com,(714) 256-9897,Golden DeCafe,8154 Third St,Anaheim,Orange County,CA,93714,Cafe,,CA_Restaurant_Scraper,B,"Restaurant, Cafe, POS_Prospect, Anaheim",Auto-generated lead for PSDepot outreach. Type: Cafe,2026-04-28,https://www.yelp.com/biz/golden-decafe-anaheim,"https://maps.google.com/?q=8154+Third+St,Anaheim,CA",4.2,305,$500K-$1M,26-50,Low,Orange County
Ana,Garcia,,(657) 292-1899,House DeBistro,6942 Cedar Ave,Anaheim,Orange County,CA,90537,Bistro,,CA_Restaurant_Scraper,B,"Restaurant, Bistro, POS_Prospect, Anaheim",Auto-generated lead for PSDepot outreach. Type: Bistro,2026-04-28,https://www.yelp.com/biz/house-debistro-anaheim,"https://maps.google.com/?q=6942+Cedar+Ave,Anaheim,CA",3.5,62,$1M-$2.5M,1-10,Medium,Orange County
Maria,Brown,,(657) 492-9723,Los DelBakery,3667 Ocean Ave,Anaheim,Orange County,CA,96119,Bakery,,CA_Restaurant_Scraper,C,"Restaurant, Bakery, POS_Prospect, Anaheim",Auto-generated lead for PSDepot outreach. Type: Bakery,2026-04-28,https://www.yelp.com/biz/los-delbakery-anaheim,"https://maps.google.com/?q=3667+Ocean+Ave,Anaheim,CA",,,Under $500K,26-50,Low,Orange County
Christopher,Hernandez,info@silverdelcafe.com,(657) 415-7829,Silver DelCafe,7949 Ocean Ave,Anaheim,Orange County,CA,96520,Cafe,https://www.silverdelcafe.com,CA_Restaurant_Scraper,B,"Restaurant, Cafe, POS_Prospect, Anaheim",Auto-generated lead for PSDepot outreach. Type: Cafe,2026-04-28,https://www.yelp.com/biz/silver-delcafe-anaheim,"https://maps.google.com/?q=7949+Ocean+Ave,Anaheim,CA",,,$2.5M-$5M,51-100,High,Orange County
Karen,Gomez,info@bigbarandgrill.com,(714) 533-2850,Big Bar & Grill,4974 Main St,Anaheim,Orange County,CA,96484,Bar & Grill,,CA_Restaurant_Scraper,C,"Restaurant, Bar & Grill, POS_Prospect, Anaheim",Auto-generated lead for PSDepot outreach. Type: Bar & Grill,2026-04-28,,"https://maps.google.com/?q=4974+Main+St,Anaheim,CA",4.4,449,Under $500K,26-50,Low,Orange County
James,Rodriguez,,(714) 870-6601,House DelBurritos,7547 Broadway,Anaheim,Orange County,CA,93789,Burritos,,CA_Restaurant_Scraper,A,"Restaurant, Burritos, POS_Prospect, Anaheim",Auto-generated lead for PSDepot outreach. Type: Burritos,2026-04-28,,"https://maps.google.com/?q=7547+Broadway,Anaheim,CA",3.7,364,$5M+,1-10,High,Orange County
John,Miller,info@floresskitchen.com,(714) 388-3923,Flores's Kitchen,8060 Oak St,Anaheim,Orange County,CA,93164,Kitchen,,CA_Restaurant_Scraper,A,"Restaurant, Kitchen, POS_Prospect, Anaheim",Auto-generated lead for PSDepot outreach. Type: Kitchen,2026-04-28,,"https://maps.google.com/?q=8060+Oak+St,Anaheim,CA",4.0,457,Under $500K,100+,Low,Orange County
Karen,Garcia,info@johnsonsdiner.com,(657) 362-5262,Johnson's Diner,3563 Washington Blvd,Anaheim,Orange County,CA,92988,Diner,,CA_Restaurant_Scraper,B,"Restaurant, Diner, POS_Prospect, Anaheim",Auto-generated lead for PSDepot outreach. Type: Diner,2026-04-28,https://www.yelp.com/biz/johnsons-diner-anaheim,"https://maps.google.com/?q=3563+Washington+Blvd,Anaheim,CA",3.3,193,Under $500K,1-10,Low,Orange County
Nancy,Flores,info@grilldebarandgrill.com,(657) 639-5762,Grill DeBar & Grill,1104 Pico Blvd,Anaheim,Orange County,CA,94739,Bar & Grill,https://www.grilldebarandgrill.com,CA_Restaurant_Scraper,A,"Restaurant, Bar & Grill, POS_Prospect, Anaheim",Auto-generated lead for PSDepot outreach. Type: Bar & Grill,2026-04-28,,"https://maps.google.com/?q=1104+Pico+Blvd,Anaheim,CA",,,Under $500K,51-100,Low,Orange County
Mary,Jones,info@gomezseatery.com,(657) 755-4850,Gomez's Eatery,7364 Wilshire Blvd,Anaheim,Orange County,CA,95469,Eatery,,CA_Restaurant_Scraper,A,"Restaurant, Eatery, POS_Prospect, Anaheim",Auto-generated lead for PSDepot outreach. Type: Eatery,2026-04-28,,"https://maps.google.com/?q=7364+Wilshire+Blvd,Anaheim,CA",3.8,466,$500K-$1M,1-10,Low,Orange County
Betty,Perez,info@cornersushi.com,(657) 671-1021,Corner Sushi,890 Pico Blvd,Anaheim,Orange County,CA,94537,Sushi,,CA_Restaurant_Scraper,A,"Restaurant, Sushi, POS_Prospect, Anaheim",Auto-generated lead for PSDepot outreach. Type: Sushi,2026-04-28,https://www.yelp.com/biz/corner-sushi-anaheim,"https://maps.google.com/?q=890+Pico+Blvd,Anaheim,CA",4.7,337,$5M+,26-50,High,Orange County
Mary,Torres,info@bigdeleatery.com,(714) 426-9753,Big DelEatery,7032 Oak St,Anaheim,Orange County,CA,96527,Eatery,,CA_Restaurant_Scraper,A,"Restaurant, Eatery, POS_Prospect, Anaheim",Auto-generated lead for PSDepot outreach. Type: Eatery,2026-04-28,https://www.yelp.com/biz/big-deleatery-anaheim,"https://maps.google.com/?q=7032+Oak+St,Anaheim,CA",4.0,256,Under $500K,51-100,Low,Orange County
Elizabeth,Hernandez,,(714) 499-2559,Perez's Seafood,5709 Market St,Anaheim,Orange County,CA,96143,Seafood,,CA_Restaurant_Scraper,B,"Restaurant, Seafood, POS_Prospect, Anaheim",Auto-generated lead for PSDepot outreach. Type: Seafood,2026-04-28,,"https://maps.google.com/?q=5709+Market+St,Anaheim,CA",,,Under $500K,100+,Low,Orange County
Matthew,Rodriguez,info@housedelkitchen.com,(714) 610-6802,House DelKitchen,1274 Mission St,Anaheim,Orange County,CA,93923,Kitchen,,CA_Restaurant_Scraper,B,"Restaurant, Kitchen, POS_Prospect, Anaheim",Auto-generated lead for PSDepot outreach. Type: Kitchen,2026-04-28,https://www.yelp.com/biz/house-delkitchen-anaheim,"https://maps.google.com/?q=1274+Mission+St,Anaheim,CA",,,$2.5M-$5M,1-10,High,Orange County
Pedro,Miller,,(657) 421-7590,San DeRestaurant,7980 Pine St,Anaheim,Orange County,CA,95451,Restaurant,https://www.sanderestaurant.com,CA_Restaurant_Scraper,B,"Restaurant, Restaurant, POS_Prospect, Anaheim",Auto-generated lead for PSDepot outreach. Type: Restaurant,2026-04-28,https://www.yelp.com/biz/san-derestaurant-anaheim,"https://maps.google.com/?q=7980+Pine+St,Anaheim,CA",4.1,45,$500K-$1M,1-10,Low,Orange County
Lisa,Flores,info@greendeleatery.com,(657) 971-7425,Green DelEatery,8995 Second St,Anaheim,Orange County,CA,90775,Eatery,,CA_Restaurant_Scraper,A,"Restaurant, Eatery, POS_Prospect, Anaheim",Auto-generated lead for PSDepot outreach. Type: Eatery,2026-04-28,https://www.yelp.com/biz/green-deleatery-anaheim,"https://maps.google.com/?q=8995+Second+St,Anaheim,CA",4.9,248,$2.5M-$5M,26-50,High,Orange County
John,Flores,,(714) 451-7665,The DeSteakhouse,2846 Cedar Ave,Anaheim,Orange County,CA,96641,Steakhouse,,CA_Restaurant_Scraper,C,"Restaurant, Steakhouse, POS_Prospect, Anaheim",Auto-generated lead for PSDepot outreach. Type: Steakhouse,2026-04-28,https://www.yelp.com/biz/the-desteakhouse-anaheim,"https://maps.google.com/?q=2846+Cedar+Ave,Anaheim,CA",4.7,473,Under $500K,100+,Low,Orange County
Anthony,Jones,,(714) 498-2458,Bistro DeGrill,5796 Washington Blvd,Anaheim,Orange County,CA,95678,Bistro,,CA_Restaurant_Scraper,C,"Restaurant, Bistro, POS_Prospect, Anaheim",Auto-generated lead for PSDepot outreach. Type: Bistro,2026-04-28,https://www.yelp.com/biz/bistro-degrill-anaheim,"https://maps.google.com/?q=5796+Washington+Blvd,Anaheim,CA",,,$1M-$2.5M,1-10,Medium,Orange County
John,Jones,info@reddelcafe.com,(714) 428-9599,Red DelCafe,2139 Main St,Anaheim,Orange County,CA,95743,Cafe,https://www.reddelcafe.com,CA_Restaurant_Scraper,C,"Restaurant, Cafe, POS_Prospect, Anaheim",Auto-generated lead for PSDepot outreach. Type: Cafe,2026-04-28,https://www.yelp.com/biz/red-delcafe-anaheim,"https://maps.google.com/?q=2139+Main+St,Anaheim,CA",3.1,49,$5M+,100+,High,Orange County
Pedro,Gomez,info@bistrodelpizza.com,(714) 654-8101,Bistro DelPizza,3021 Third St,Anaheim,Orange County,CA,90079,Bistro,https://www.bistrodelpizza.com,CA_Restaurant_Scraper,B,"Restaurant, Bistro, POS_Prospect, Anaheim",Auto-generated lead for PSDepot outreach. Type: Bistro,2026-04-28,https://www.yelp.com/biz/bistro-delpizza-anaheim,"https://maps.google.com/?q=3021+Third+St,Anaheim,CA",4.2,172,Under $500K,100+,Low,Orange County
Carlos,Miller,info@bluedelkitchen.com,(657) 967-7520,Blue DelKitchen,5344 Pine St,Anaheim,Orange County,CA,92333,Kitchen,,CA_Restaurant_Scraper,C,"Restaurant, Kitchen, POS_Prospect, Anaheim",Auto-generated lead for PSDepot outreach. Type: Kitchen,2026-04-28,https://www.yelp.com/biz/blue-delkitchen-anaheim,"https://maps.google.com/?q=5344+Pine+St,Anaheim,CA",3.8,96,$2.5M-$5M,11-25,High,Orange County
Mary,Rodriguez,,(657) 315-6450,Lopez's Burritos,9122 Market St,Anaheim,Orange County,CA,91243,Burritos,,CA_Restaurant_Scraper,B,"Restaurant, Burritos, POS_Prospect, Anaheim",Auto-generated lead for PSDepot outreach. Type: Burritos,2026-04-28,https://www.yelp.com/biz/lopezs-burritos-anaheim,"https://maps.google.com/?q=9122+Market+St,Anaheim,CA",3.7,459,$1M-$2.5M,26-50,Medium,Orange County
Christopher,Davis,,(714) 701-6681,Bistro DelDiner,7693 Market St,Anaheim,Orange County,CA,92367,Diner,,CA_Restaurant_Scraper,A,"Restaurant, Diner, POS_Prospect, Anaheim",Auto-generated lead for PSDepot outreach. Type: Diner,2026-04-28,https://www.yelp.com/biz/bistro-deldiner-anaheim,"https://maps.google.com/?q=7693+Market+St,Anaheim,CA",,,$500K-$1M,1-10,Low,Orange County
Barbara,Brown,,(714) 712-1346,Cafe Eatery,7484 Jefferson St,Anaheim,Orange County,CA,92421,Cafe,https://www.cafeeatery.com,CA_Restaurant_Scraper,C,"Restaurant, Cafe, POS_Prospect, Anaheim",Auto-generated lead for PSDepot outreach. Type: Cafe,2026-04-28,,"https://maps.google.com/?q=7484+Jefferson+St,Anaheim,CA",4.1,151,$5M+,100+,High,Orange County
Margaret,Martinez,,(657) 275-3014,Silver DeSteakhouse,3133 Pine St,Anaheim,Orange County,CA,91424,Steakhouse,,CA_Restaurant_Scraper,B,"Restaurant, Steakhouse, POS_Prospect, Anaheim",Auto-generated lead for PSDepot outreach. Type: Steakhouse,2026-04-28,https://www.yelp.com/biz/silver-desteakhouse-anaheim,"https://maps.google.com/?q=3133+Pine+St,Anaheim,CA",3.7,241,$5M+,11-25,High,Orange County
Jennifer,Jones,info@gomezsbistro.com,(714) 544-1605,Gomez's Bistro,6810 Market St,Anaheim,Orange County,CA,91368,Bistro,https://www.gomezsbistro.com,CA_Restaurant_Scraper,A,"Restaurant, Bistro, POS_Prospect, Anaheim",Auto-generated lead for PSDepot outreach. Type: Bistro,2026-04-28,https://www.yelp.com/biz/gomezs-bistro-anaheim,"https://maps.google.com/?q=6810+Market+St,Anaheim,CA",3.5,335,$5M+,26-50,High,Orange County
Jennifer,Johnson,info@cornerbbq.com,(714) 425-6927,Corner BBQ,7507 First St,Anaheim,Orange County,CA,95252,BBQ,,CA_Restaurant_Scraper,C,"Restaurant, BBQ, POS_Prospect, Anaheim",Auto-generated lead for PSDepot outreach. Type: BBQ,2026-04-28,https://www.yelp.com/biz/corner-bbq-anaheim,"https://maps.google.com/?q=7507+First+St,Anaheim,CA",3.3,382,$1M-$2.5M,26-50,Medium,Orange County
Susan,Rodriguez,info@silverdiner.com,(657) 484-6232,Silver Diner,4470 First St,Anaheim,Orange County,CA,95822,Diner,https://www.silverdiner.com,CA_Restaurant_Scraper,A,"Restaurant, Diner, POS_Prospect, Anaheim",Auto-generated lead for PSDepot outreach. Type: Diner,2026-04-28,https://www.yelp.com/biz/silver-diner-anaheim,"https://maps.google.com/?q=4470+First+St,Anaheim,CA",3.8,318,Under $500K,1-10,Low,Orange County
Pedro,Lopez,,(657) 281-2571,Little DelDiner,1875 Hollywood Blvd,Anaheim,Orange County,CA,91365,Diner,,CA_Restaurant_Scraper,A,"Restaurant, Diner, POS_Prospect, Anaheim",Auto-generated lead for PSDepot outreach. Type: Diner,2026-04-28,,"https://maps.google.com/?q=1875+Hollywood+Blvd,Anaheim,CA",3.4,341,Under $500K,51-100,Low,Orange County
Michael,Lopez,,(657) 680-7241,Grill DeBistro,9290 First St,Anaheim,Orange County,CA,95961,Bistro,,CA_Restaurant_Scraper,C,"Restaurant, Bistro, POS_Prospect, Anaheim",Auto-generated lead for PSDepot outreach. Type: Bistro,2026-04-28,https://www.yelp.com/biz/grill-debistro-anaheim,"https://maps.google.com/?q=9290+First+St,Anaheim,CA",3.5,242,$5M+,1-10,High,Orange County
Christopher,Ramirez,info@brownsseafood.com,(714) 761-1793,Brown's Seafood,784 Jefferson St,Anaheim,Orange County,CA,95320,Seafood,,CA_Restaurant_Scraper,B,"Restaurant, Seafood, POS_Prospect, Anaheim",Auto-generated lead for PSDepot outreach. Type: Seafood,2026-04-28,https://www.yelp.com/biz/browns-seafood-anaheim,"https://maps.google.com/?q=784+Jefferson+St,Anaheim,CA",3.4,29,Under $500K,26-50,Low,Orange County
Nancy,Gonzalez,,(657) 956-7998,Davis's Seafood,6978 Market St,Anaheim,Orange County,CA,91146,Seafood,,CA_Restaurant_Scraper,B,"Restaurant, Seafood, POS_Prospect, Anaheim",Auto-generated lead for PSDepot outreach. Type: Seafood,2026-04-28,https://www.yelp.com/biz/daviss-seafood-anaheim,"https://maps.google.com/?q=6978+Market+St,Anaheim,CA",4.5,447,$5M+,11-25,High,Orange County
Betty,Hernandez,,(714) 815-3547,Gonzalez's Bistro,2023 Jefferson St,Anaheim,Orange County,CA,95106,Bistro,,CA_Restaurant_Scraper,C,"Restaurant, Bistro, POS_Prospect, Anaheim",Auto-generated lead for PSDepot outreach. Type: Bistro,2026-04-28,https://www.yelp.com/biz/gonzalezs-bistro-anaheim,"https://maps.google.com/?q=2023+Jefferson+St,Anaheim,CA",4.4,464,$1M-$2.5M,51-100,Medium,Orange County
Jose,Rivera,,(714) 841-3841,Santa DePizza,9065 Market St,Anaheim,Orange County,CA,94242,Pizza,,CA_Restaurant_Scraper,C,"Restaurant, Pizza, POS_Prospect, Anaheim",Auto-generated lead for PSDepot outreach. Type: Pizza,2026-04-28,,"https://maps.google.com/?q=9065+Market+St,Anaheim,CA",,,$500K-$1M,26-50,Low,Orange County
Karen,Lopez,,(714) 216-5268,Red DeKitchen,1720 Mission St,Anaheim,Orange County,CA,94000,Kitchen,https://www.reddekitchen.com,CA_Restaurant_Scraper,A,"Restaurant, Kitchen, POS_Prospect, Anaheim",Auto-generated lead for PSDepot outreach. Type: Kitchen,2026-04-28,,"https://maps.google.com/?q=1720+Mission+St,Anaheim,CA",4.2,177,$5M+,51-100,High,Orange County
Linda,Flores,info@pueblodebakery.com,(714) 206-7844,Pueblo DeBakery,2426 Jefferson St,Anaheim,Orange County,CA,91427,Bakery,,CA_Restaurant_Scraper,B,"Restaurant, Bakery, POS_Prospect, Anaheim",Auto-generated lead for PSDepot outreach. Type: Bakery,2026-04-28,https://www.yelp.com/biz/pueblo-debakery-anaheim,"https://maps.google.com/?q=2426+Jefferson+St,Anaheim,CA",4.7,79,$500K-$1M,1-10,Low,Orange County
Robert,Perez,info@littledeburritos.com,(714) 997-4813,Little DeBurritos,8620 Market St,Anaheim,Orange County,CA,91787,Burritos,,CA_Restaurant_Scraper,A,"Restaurant, Burritos, POS_Prospect, Anaheim",Auto-generated lead for PSDepot outreach. Type: Burritos,2026-04-28,,"https://maps.google.com/?q=8620+Market+St,Anaheim,CA",3.6,31,$2.5M-$5M,1-10,High,Orange County
Sarah,Gonzalez,info@spotdelrestaurant.com,(657) 229-1438,Spot DelRestaurant,7349 Jefferson St,Anaheim,Orange County,CA,90576,Restaurant,,CA_Restaurant_Scraper,A,"Restaurant, Restaurant, POS_Prospect, Anaheim",Auto-generated lead for PSDepot outreach. Type: Restaurant,2026-04-28,https://www.yelp.com/biz/spot-delrestaurant-anaheim,"https://maps.google.com/?q=7349+Jefferson+St,Anaheim,CA",4.0,180,$500K-$1M,11-25,Low,Orange County
Betty,Garcia,info@sandediner.com,(714) 804-8991,San DeDiner,5648 Oak St,Anaheim,Orange County,CA,96969,Diner,,CA_Restaurant_Scraper,C,"Restaurant, Diner, POS_Prospect, Anaheim",Auto-generated lead for PSDepot outreach. Type: Diner,2026-04-28,https://www.yelp.com/biz/san-dediner-anaheim,"https://maps.google.com/?q=5648+Oak+St,Anaheim,CA",4.0,341,$500K-$1M,1-10,Low,Orange County
Steven,Gomez,info@cornerdecafe.com,(714) 858-7102,Corner DeCafe,5671 Broadway,Anaheim,Orange County,CA,91210,Cafe,,CA_Restaurant_Scraper,C,"Restaurant, Cafe, POS_Prospect, Anaheim",Auto-generated lead for PSDepot outreach. Type: Cafe,2026-04-28,https://www.yelp.com/biz/corner-decafe-anaheim,"https://maps.google.com/?q=5671+Broadway,Anaheim,CA",,,$5M+,51-100,High,Orange County
Jessica,Torres,info@silverdeburger.com,(714) 830-7014,Silver DeBurger,1987 First St,Anaheim,Orange County,CA,94602,Burger,https://www.silverdeburger.com,CA_Restaurant_Scraper,A,"Restaurant, Burger, POS_Prospect, Anaheim",Auto-generated lead for PSDepot outreach. Type: Burger,2026-04-28,https://www.yelp.com/biz/silver-deburger-anaheim,"https://maps.google.com/?q=1987+First+St,Anaheim,CA",4.0,494,$500K-$1M,51-100,Low,Orange County
Betty,Gonzalez,,(657) 685-9942,Grill DelBakery,5949 Second St,Anaheim,Orange County,CA,90631,Grill,https://www.grilldelbakery.com,CA_Restaurant_Scraper,B,"Restaurant, Grill, POS_Prospect, Anaheim",Auto-generated lead for PSDepot outreach. Type: Grill,2026-04-28,https://www.yelp.com/biz/grill-delbakery-anaheim,"https://maps.google.com/?q=5949+Second+St,Anaheim,CA",4.9,249,$5M+,11-25,High,Orange County
Robert,Martinez,info@sandeltaqueria.com,(657) 407-1524,San DelTaqueria,9589 Jefferson St,Anaheim,Orange County,CA,96775,Taqueria,https://www.sandeltaqueria.com,CA_Restaurant_Scraper,B,"Restaurant, Taqueria, POS_Prospect, Anaheim",Auto-generated lead for PSDepot outreach. Type: Taqueria,2026-04-28,https://www.yelp.com/biz/san-deltaqueria-anaheim,"https://maps.google.com/?q=9589+Jefferson+St,Anaheim,CA",4.0,297,$500K-$1M,11-25,Low,Orange County
Lisa,Jones,,(714) 675-2338,Smith's Grill,6291 Ocean Ave,Anaheim,Orange County,CA,90123,Grill,https://www.smithsgrill.com,CA_Restaurant_Scraper,B,"Restaurant, Grill, POS_Prospect, Anaheim",Auto-generated lead for PSDepot outreach. Type: Grill,2026-04-28,https://www.yelp.com/biz/smiths-grill-anaheim,"https://maps.google.com/?q=6291+Ocean+Ave,Anaheim,CA",,,$5M+,1-10,High,Orange County
Steven,Hernandez,,(657) 358-3162,House DelPizza,2971 Jefferson St,Anaheim,Orange County,CA,94298,Pizza,,CA_Restaurant_Scraper,B,"Restaurant, Pizza, POS_Prospect, Anaheim",Auto-generated lead for PSDepot outreach. Type: Pizza,2026-04-28,,"https://maps.google.com/?q=2971+Jefferson+St,Anaheim,CA",3.3,388,$500K-$1M,51-100,Low,Orange County
Juan,Martinez,info@bluedelbakery.com,(714) 992-9165,Blue DelBakery,6521 Elm St,Anaheim,Orange County,CA,92781,Bakery,,CA_Restaurant_Scraper,A,"Restaurant, Bakery, POS_Prospect, Anaheim",Auto-generated lead for PSDepot outreach. Type: Bakery,2026-04-28,,"https://maps.google.com/?q=6521+Elm+St,Anaheim,CA",3.2,236,$500K-$1M,51-100,Low,Orange County
John,Smith,,(714) 848-6369,El DelTaqueria,2411 Sunset Blvd,Anaheim,Orange County,CA,95058,Taqueria,,CA_Restaurant_Scraper,B,"Restaurant, Taqueria, POS_Prospect, Anaheim",Auto-generated lead for PSDepot outreach. Type: Taqueria,2026-04-28,,"https://maps.google.com/?q=2411+Sunset+Blvd,Anaheim,CA",,,Under $500K,11-25,Low,Orange County
Matthew,Gomez,,(714) 497-3197,House DelRestaurant,4268 Jefferson St,Anaheim,Orange County,CA,92177,Restaurant,,CA_Restaurant_Scraper,B,"Restaurant, Restaurant, POS_Prospect, Anaheim",Auto-generated lead for PSDepot outreach. Type: Restaurant,2026-04-28,https://www.yelp.com/biz/house-delrestaurant-anaheim,"https://maps.google.com/?q=4268+Jefferson+St,Anaheim,CA",5.0,453,$2.5M-$5M,11-25,High,Orange County
William,Sanchez,,(657) 591-6771,El DeBurger,2672 Third St,Santa Ana,Orange County,CA,95612,Burger,,CA_Restaurant_Scraper,C,"Restaurant, Burger, POS_Prospect, Santa Ana",Auto-generated lead for PSDepot outreach. Type: Burger,2026-04-28,https://www.yelp.com/biz/el-deburger-santa-ana,"https://maps.google.com/?q=2672+Third+St,Santa+Ana,CA",3.1,283,$2.5M-$5M,1-10,High,Orange County
William,Gomez,info@silverdesteakhouse.com,(657) 851-4894,Silver DeSteakhouse,672 Washington Blvd,Santa Ana,Orange County,CA,94474,Steakhouse,https://www.silverdesteakhouse.com,CA_Restaurant_Scraper,A,"Restaurant, Steakhouse, POS_Prospect, Santa Ana",Auto-generated lead for PSDepot outreach. Type: Steakhouse,2026-04-28,https://www.yelp.com/biz/silver-desteakhouse-santa-ana,"https://maps.google.com/?q=672+Washington+Blvd,Santa+Ana,CA",4.5,442,$2.5M-$5M,51-100,High,Orange County
Lisa,Johnson,info@bluederestaurant.com,(714) 806-6060,Blue DeRestaurant,4237 Main St,Santa Ana,Orange County,CA,93691,Restaurant,,CA_Restaurant_Scraper,A,"Restaurant, Restaurant, POS_Prospect, Santa Ana",Auto-generated lead for PSDepot outreach. Type: Restaurant,2026-04-28,https://www.yelp.com/biz/blue-derestaurant-santa-ana,"https://maps.google.com/?q=4237+Main+St,Santa+Ana,CA",4.8,456,$2.5M-$5M,51-100,High,Orange County
Nancy,Martinez,info@perezsdiner.com,(714) 707-2838,Perez's Diner,653 Jefferson St,Santa Ana,Orange County,CA,94987,Diner,,CA_Restaurant_Scraper,B,"Restaurant, Diner, POS_Prospect, Santa Ana",Auto-generated lead for PSDepot outreach. Type: Diner,2026-04-28,https://www.yelp.com/biz/perezs-diner-santa-ana,"https://maps.google.com/?q=653+Jefferson+St,Santa+Ana,CA",,,Under $500K,26-50,Low,Orange County
David,Hernandez,,(714) 838-4882,Bistro DelSeafood,8435 First St,Santa Ana,Orange County,CA,94442,Bistro,https://www.bistrodelseafood.com,CA_Restaurant_Scraper,B,"Restaurant, Bistro, POS_Prospect, Santa Ana",Auto-generated lead for PSDepot outreach. Type: Bistro,2026-04-28,https://www.yelp.com/biz/bistro-delseafood-santa-ana,"https://maps.google.com/?q=8435+First+St,Santa+Ana,CA",3.1,145,$5M+,1-10,High,Orange County
Lisa,Martinez,,(714) 480-2821,Red DelSeafood,8192 Cedar Ave,Santa Ana,Orange County,CA,96240,Seafood,,CA_Restaurant_Scraper,B,"Restaurant, Seafood, POS_Prospect, Santa Ana",Auto-generated lead for PSDepot outreach. Type: Seafood,2026-04-28,https://www.yelp.com/biz/red-delseafood-santa-ana,"https://maps.google.com/?q=8192+Cedar+Ave,Santa+Ana,CA",4.7,38,$1M-$2.5M,100+,Medium,Orange County
Pedro,Ramirez,,(657) 676-6905,El Sushi,124 Jefferson St,Santa Ana,Orange County,CA,94110,Sushi,https://www.elsushi.com,CA_Restaurant_Scraper,C,"Restaurant, Sushi, POS_Prospect, Santa Ana",Auto-generated lead for PSDepot outreach. Type: Sushi,2026-04-28,https://www.yelp.com/biz/el-sushi-santa-ana,"https://maps.google.com/?q=124+Jefferson+St,Santa+Ana,CA",4.1,37,$5M+,100+,High,Orange County
Mark,Gonzalez,info@greencafe.com,(714) 458-6835,Green Cafe,9319 Main St,Santa Ana,Orange County,CA,96776,Cafe,https://www.greencafe.com,CA_Restaurant_Scraper,C,"Restaurant, Cafe, POS_Prospect, Santa Ana",Auto-generated lead for PSDepot outreach. Type: Cafe,2026-04-28,https://www.yelp.com/biz/green-cafe-santa-ana,"https://maps.google.com/?q=9319+Main+St,Santa+Ana,CA",4.7,66,$2.5M-$5M,100+,High,Orange County
Carlos,Perez,info@littledelbistro.com,(714) 648-7983,Little DelBistro,9233 Third St,Santa Ana,Orange County,CA,90858,Bistro,,CA_Restaurant_Scraper,C,"Restaurant, Bistro, POS_Prospect, Santa Ana",Auto-generated lead for PSDepot outreach. Type: Bistro,2026-04-28,https://www.yelp.com/biz/little-delbistro-santa-ana,"https://maps.google.com/?q=9233+Third+St,Santa+Ana,CA",4.4,464,$5M+,26-50,High,Orange County
James,Sanchez,info@martinezscafe.com,(714) 744-7949,Martinez's Cafe,5987 Wilshire Blvd,Santa Ana,Orange County,CA,95591,Cafe,https://www.martinezscafe.com,CA_Restaurant_Scraper,A,"Restaurant, Cafe, POS_Prospect, Santa Ana",Auto-generated lead for PSDepot outreach. Type: Cafe,2026-04-28,,"https://maps.google.com/?q=5987+Wilshire+Blvd,Santa+Ana,CA",,,$1M-$2.5M,1-10,Medium,Orange County
Steven,Miller,info@martinezsgrill.com,(714) 401-2518,Martinez's Grill,3020 Main St,Santa Ana,Orange County,CA,93339,Grill,,CA_Restaurant_Scraper,A,"Restaurant, Grill, POS_Prospect, Santa Ana",Auto-generated lead for PSDepot outreach. Type: Grill,2026-04-28,https://www.yelp.com/biz/martinezs-grill-santa-ana,"https://maps.google.com/?q=3020+Main+St,Santa+Ana,CA",4.0,394,$5M+,26-50,High,Orange County
Maria,Perez,,(657) 319-3994,Lopez's Steakhouse,9436 Second St,Santa Ana,Orange County,CA,90464,Steakhouse,,CA_Restaurant_Scraper,C,"Restaurant, Steakhouse, POS_Prospect, Santa Ana",Auto-generated lead for PSDepot outreach. Type: Steakhouse,2026-04-28,,"https://maps.google.com/?q=9436+Second+St,Santa+Ana,CA",4.2,407,$500K-$1M,1-10,Low,Orange County
Matthew,Lopez,,(714) 381-2940,The DeEatery,6844 Pine St,Santa Ana,Orange County,CA,93588,Eatery,,CA_Restaurant_Scraper,A,"Restaurant, Eatery, POS_Prospect, Santa Ana",Auto-generated lead for PSDepot outreach. Type: Eatery,2026-04-28,https://www.yelp.com/biz/the-deeatery-santa-ana,"https://maps.google.com/?q=6844+Pine+St,Santa+Ana,CA",3.3,417,$500K-$1M,51-100,Low,Orange County
Paul,Gonzalez,,(657) 783-5697,Little DelRestaurant,4993 Jefferson St,Santa Ana,Orange County,CA,91814,Restaurant,,CA_Restaurant_Scraper,B,"Restaurant, Restaurant, POS_Prospect, Santa Ana",Auto-generated lead for PSDepot outreach. Type: Restaurant,2026-04-28,https://www.yelp.com/biz/little-delrestaurant-santa-ana,"https://maps.google.com/?q=4993+Jefferson+St,Santa+Ana,CA",,,$1M-$2.5M,26-50,Medium,Orange County
James,Perez,,(657) 799-3985,Rivera's Cafe,4189 Washington Blvd,Santa Ana,Orange County,CA,96084,Cafe,,CA_Restaurant_Scraper,C,"Restaurant, Cafe, POS_Prospect, Santa Ana",Auto-generated lead for PSDepot outreach. Type: Cafe,2026-04-28,https://www.yelp.com/biz/riveras-cafe-santa-ana,"https://maps.google.com/?q=4189+Washington+Blvd,Santa+Ana,CA",,,Under $500K,11-25,Low,Orange County
Linda,Hernandez,info@rodriguezstaqueria.com,(714) 539-5223,Rodriguez's Taqueria,3603 Mission St,Santa Ana,Orange County,CA,93998,Taqueria,,CA_Restaurant_Scraper,C,"Restaurant, Taqueria, POS_Prospect, Santa Ana",Auto-generated lead for PSDepot outreach. Type: Taqueria,2026-04-28,https://www.yelp.com/biz/rodriguezs-taqueria-santa-ana,"https://maps.google.com/?q=3603+Mission+St,Santa+Ana,CA",3.4,7,$5M+,11-25,High,Orange County
Pedro,Gomez,,(657) 712-3384,Grill Burritos,7541 Washington Blvd,Santa Ana,Orange County,CA,91059,Grill,,CA_Restaurant_Scraper,C,"Restaurant, Grill, POS_Prospect, Santa Ana",Auto-generated lead for PSDepot outreach. Type: Grill,2026-04-28,https://www.yelp.com/biz/grill-burritos-santa-ana,"https://maps.google.com/?q=7541+Washington+Blvd,Santa+Ana,CA",,,$2.5M-$5M,26-50,High,Orange County
James,Gomez,info@pueblodelkitchen.com,(657) 667-4965,Pueblo DelKitchen,6849 Washington Blvd,Santa Ana,Orange County,CA,93649,Kitchen,https://www.pueblodelkitchen.com,CA_Restaurant_Scraper,A,"Restaurant, Kitchen, POS_Prospect, Santa Ana",Auto-generated lead for PSDepot outreach. Type: Kitchen,2026-04-28,https://www.yelp.com/biz/pueblo-delkitchen-santa-ana,"https://maps.google.com/?q=6849+Washington+Blvd,Santa+Ana,CA",,,$1M-$2.5M,1-10,Medium,Orange County
David,Miller,,(714) 276-2371,Cafe DeCafe,2379 Pine St,Santa Ana,Orange County,CA,90941,Cafe,,CA_Restaurant_Scraper,B,"Restaurant, Cafe, POS_Prospect, Santa Ana",Auto-generated lead for PSDepot outreach. Type: Cafe,2026-04-28,,"https://maps.google.com/?q=2379+Pine+St,Santa+Ana,CA",3.8,349,$1M-$2.5M,26-50,Medium,Orange County
Karen,Lopez,,(657) 886-5231,Kitchen Taqueria,7098 Main St,Santa Ana,Orange County,CA,91709,Taqueria,,CA_Restaurant_Scraper,A,"Restaurant, Taqueria, POS_Prospect, Santa Ana",Auto-generated lead for PSDepot outreach. Type: Taqueria,2026-04-28,https://www.yelp.com/biz/kitchen-taqueria-santa-ana,"https://maps.google.com/?q=7098+Main+St,Santa+Ana,CA",3.7,288,Under $500K,51-100,Low,Orange County
Christopher,Sanchez,info@spotpizza.com,(657) 779-1574,Spot Pizza,334 Sunset Blvd,Santa Ana,Orange County,CA,94784,Pizza,https://www.spotpizza.com,CA_Restaurant_Scraper,B,"Restaurant, Pizza, POS_Prospect, Santa Ana",Auto-generated lead for PSDepot outreach. Type: Pizza,2026-04-28,https://www.yelp.com/biz/spot-pizza-santa-ana,"https://maps.google.com/?q=334+Sunset+Blvd,Santa+Ana,CA",,,$1M-$2.5M,26-50,Medium,Orange County
Jennifer,Gonzalez,info@sandelseafood.com,(714) 211-3281,San DelSeafood,5898 First St,Santa Ana,Orange County,CA,93164,Seafood,,CA_Restaurant_Scraper,A,"Restaurant, Seafood, POS_Prospect, Santa Ana",Auto-generated lead for PSDepot outreach. Type: Seafood,2026-04-28,,"https://maps.google.com/?q=5898+First+St,Santa+Ana,CA",3.3,441,Under $500K,26-50,Low,Orange County
Juan,Rodriguez,info@gonzalezssteakhouse.com,(714) 697-8693,Gonzalez's Steakhouse,6315 Pico Blvd,Santa Ana,Orange County,CA,94590,Steakhouse,https://www.gonzalezssteakhouse.com,CA_Restaurant_Scraper,B,"Restaurant, Steakhouse, POS_Prospect, Santa Ana",Auto-generated lead for PSDepot outreach. Type: Steakhouse,2026-04-28,,"https://maps.google.com/?q=6315+Pico+Blvd,Santa+Ana,CA",,,$1M-$2.5M,100+,Medium,Orange County
Matthew,Rivera,info@santaderestaurant.com,(714) 798-8621,Santa DeRestaurant,4806 Pine St,Santa Ana,Orange County,CA,94357,Restaurant,,CA_Restaurant_Scraper,B,"Restaurant, Restaurant, POS_Prospect, Santa Ana",Auto-generated lead for PSDepot outreach. Type: Restaurant,2026-04-28,https://www.yelp.com/biz/santa-derestaurant-santa-ana,"https://maps.google.com/?q=4806+Pine+St,Santa+Ana,CA",,,$5M+,51-100,High,Orange County
Christopher,Williams,info@floresseatery.com,(714) 473-7132,Flores's Eatery,1904 Jefferson St,Santa Ana,Orange County,CA,96619,Eatery,https://www.floresseatery.com,CA_Restaurant_Scraper,B,"Restaurant, Eatery, POS_Prospect, Santa Ana",Auto-generated lead for PSDepot outreach. Type: Eatery,2026-04-28,https://www.yelp.com/biz/floress-eatery-santa-ana,"https://maps.google.com/?q=1904+Jefferson+St,Santa+Ana,CA",,,Under $500K,1-10,Low,Orange County
Margaret,Hernandez,,(714) 825-1219,Los Diner,320 Market St,Santa Ana,Orange County,CA,95732,Diner,,CA_Restaurant_Scraper,A,"Restaurant, Diner, POS_Prospect, Santa Ana",Auto-generated lead for PSDepot outreach. Type: Diner,2026-04-28,https://www.yelp.com/biz/los-diner-santa-ana,"https://maps.google.com/?q=320+Market+St,Santa+Ana,CA",4.5,269,$500K-$1M,1-10,Low,Orange County
Linda,Perez,info@spotdeburger.com,(714) 444-2055,Spot DeBurger,3557 Cedar Ave,Santa Ana,Orange County,CA,95251,Burger,,CA_Restaurant_Scraper,B,"Restaurant, Burger, POS_Prospect, Santa Ana",Auto-generated lead for PSDepot outreach. Type: Burger,2026-04-28,https://www.yelp.com/biz/spot-deburger-santa-ana,"https://maps.google.com/?q=3557+Cedar+Ave,Santa+Ana,CA",4.2,473,$500K-$1M,11-25,Low,Orange County
Luis,Hernandez,,(657) 627-4959,Spot Burger,5165 Ocean Ave,Santa Ana,Orange County,CA,96632,Burger,,CA_Restaurant_Scraper,B,"Restaurant, Burger, POS_Prospect, Santa Ana",Auto-generated lead for PSDepot outreach. Type: Burger,2026-04-28,https://www.yelp.com/biz/spot-burger-santa-ana,"https://maps.google.com/?q=5165+Ocean+Ave,Santa+Ana,CA",3.4,43,$500K-$1M,51-100,Low,Orange County
Steven,Flores,,(657) 369-8629,Big Kitchen,5672 Jefferson St,Santa Ana,Orange County,CA,90999,Kitchen,,CA_Restaurant_Scraper,B,"Restaurant, Kitchen, POS_Prospect, Santa Ana",Auto-generated lead for PSDepot outreach. Type: Kitchen,2026-04-28,https://www.yelp.com/biz/big-kitchen-santa-ana,"https://maps.google.com/?q=5672+Jefferson+St,Santa+Ana,CA",3.2,495,$500K-$1M,11-25,Low,Orange County
Barbara,Martinez,,(714) 850-8078,Spot DeBBQ,4275 Market St,Santa Ana,Orange County,CA,94751,BBQ,,CA_Restaurant_Scraper,C,"Restaurant, BBQ, POS_Prospect, Santa Ana",Auto-generated lead for PSDepot outreach. Type: BBQ,2026-04-28,https://www.yelp.com/biz/spot-debbq-santa-ana,"https://maps.google.com/?q=4275+Market+St,Santa+Ana,CA",4.7,189,$500K-$1M,51-100,Low,Orange County
Anthony,Brown,info@riverasbargrill.com,(657) 493-9114,Rivera's Bar & Grill,3440 Elm St,Santa Ana,Orange County,CA,93268,Bar & Grill,,CA_Restaurant_Scraper,A,"Restaurant, Bar & Grill, POS_Prospect, Santa Ana",Auto-generated lead for PSDepot outreach. Type: Bar & Grill,2026-04-28,https://www.yelp.com/biz/riveras-bar-&-grill-santa-ana,"https://maps.google.com/?q=3440+Elm+St,Santa+Ana,CA",3.4,222,$500K-$1M,100+,Low,Orange County
Jose,Gonzalez,,(714) 692-9353,Santa Tacos,8258 Second St,Santa Ana,Orange County,CA,94134,Tacos,,CA_Restaurant_Scraper,A,"Restaurant, Tacos, POS_Prospect, Santa Ana",Auto-generated lead for PSDepot outreach. Type: Tacos,2026-04-28,,"https://maps.google.com/?q=8258+Second+St,Santa+Ana,CA",4.3,32,$1M-$2.5M,100+,Medium,Orange County
Daniel,Garcia,info@garciascoffee.com,(657) 490-7452,Garcia's Coffee,267 Pine St,Santa Ana,Orange County,CA,96554,Coffee,,CA_Restaurant_Scraper,C,"Restaurant, Coffee, POS_Prospect, Santa Ana",Auto-generated lead for PSDepot outreach. Type: Coffee,2026-04-28,https://www.yelp.com/biz/garcias-coffee-santa-ana,"https://maps.google.com/?q=267+Pine+St,Santa+Ana,CA",4.5,283,$1M-$2.5M,11-25,Medium,Orange County
Steven,Ramirez,,(657) 593-4421,Bistro Restaurant,4024 Elm St,Santa Ana,Orange County,CA,96345,Restaurant,https://www.bistrorestaurant.com,CA_Restaurant_Scraper,A,"Restaurant, Restaurant, POS_Prospect, Santa Ana",Auto-generated lead for PSDepot outreach. Type: Restaurant,2026-04-28,https://www.yelp.com/biz/bistro-restaurant-santa-ana,"https://maps.google.com/?q=4024+Elm+St,Santa+Ana,CA",4.0,21,$500K-$1M,11-25,Low,Orange County
Sarah,Hernandez,info@perezsgrill.com,(657) 915-4645,Perez's Grill,3564 Oak St,Santa Ana,Orange County,CA,96162,Grill,https://www.perezsgrill.com,CA_Restaurant_Scraper,C,"Restaurant, Grill, POS_Prospect, Santa Ana",Auto-generated lead for PSDepot outreach. Type: Grill,2026-04-28,https://www.yelp.com/biz/perezs-grill-santa-ana,"https://maps.google.com/?q=3564+Oak+St,Santa+Ana,CA",4.1,148,$2.5M-$5M,26-50,High,Orange County
Elizabeth,Hernandez,,(657) 624-2722,Big DeBar & Grill,776 Cedar Ave,Santa Ana,Orange County,CA,94960,Bar & Grill,,CA_Restaurant_Scraper,C,"Restaurant, Bar & Grill, POS_Prospect, Santa Ana",Auto-generated lead for PSDepot outreach. Type: Bar & Grill,2026-04-28,https://www.yelp.com/biz/big-debar-&-grill-santa-ana,"https://maps.google.com/?q=776+Cedar+Ave,Santa+Ana,CA",3.6,75,$5M+,1-10,High,Orange County
Barbara,Martinez,,(714) 568-2151,Corner DeGrill,6509 Second St,Santa Ana,Orange County,CA,94377,Grill,,CA_Restaurant_Scraper,C,"Restaurant, Grill, POS_Prospect, Santa Ana",Auto-generated lead for PSDepot outreach. Type: Grill,2026-04-28,,"https://maps.google.com/?q=6509+Second+St,Santa+Ana,CA",,,$500K-$1M,51-100,Low,Orange County
Paul,Garcia,,(714) 668-7101,Green DeSushi,4644 Sunset Blvd,Santa Ana,Orange County,CA,92762,Sushi,,CA_Restaurant_Scraper,B,"Restaurant, Sushi, POS_Prospect, Santa Ana",Auto-generated lead for PSDepot outreach. Type: Sushi,2026-04-28,https://www.yelp.com/biz/green-desushi-santa-ana,"https://maps.google.com/?q=4644+Sunset+Blvd,Santa+Ana,CA",3.8,431,$1M-$2.5M,51-100,Medium,Orange County
Maria,Rodriguez,,(657) 606-8501,Smith's Pizza,7805 Second St,Santa Ana,Orange County,CA,91115,Pizza,https://www.smithspizza.com,CA_Restaurant_Scraper,C,"Restaurant, Pizza, POS_Prospect, Santa Ana",Auto-generated lead for PSDepot outreach. Type: Pizza,2026-04-28,https://www.yelp.com/biz/smiths-pizza-santa-ana,"https://maps.google.com/?q=7805+Second+St,Santa+Ana,CA",3.6,383,Under $500K,11-25,Low,Orange County
Jessica,Smith,info@ramirezsbakery.com,(714) 447-6694,Ramirez's Bakery,310 Main St,Santa Ana,Orange County,CA,96326,Bakery,,CA_Restaurant_Scraper,A,"Restaurant, Bakery, POS_Prospect, Santa Ana",Auto-generated lead for PSDepot outreach. Type: Bakery,2026-04-28,,"https://maps.google.com/?q=310+Main+St,Santa+Ana,CA",3.4,410,Under $500K,11-25,Low,Orange County
Luis,Rivera,,(714) 695-5194,Martinez's Burger,3784 Pico Blvd,Santa Ana,Orange County,CA,96576,Burger,https://www.martinezsburger.com,CA_Restaurant_Scraper,B,"Restaurant, Burger, POS_Prospect, Santa Ana",Auto-generated lead for PSDepot outreach. Type: Burger,2026-04-28,,"https://maps.google.com/?q=3784+Pico+Blvd,Santa+Ana,CA",3.4,6,$1M-$2.5M,51-100,Medium,Orange County
Elizabeth,Johnson,info@pueblodebargrill.com,(657) 782-1172,Pueblo DeBar & Grill,8140 First St,Santa Ana,Orange County,CA,94251,Bar & Grill,,CA_Restaurant_Scraper,C,"Restaurant, Bar & Grill, POS_Prospect, Santa Ana",Auto-generated lead for PSDepot outreach. Type: Bar & Grill,2026-04-28,https://www.yelp.com/biz/pueblo-debar-&-grill-santa-ana,"https://maps.google.com/?q=8140+First+St,Santa+Ana,CA",3.5,484,$500K-$1M,11-25,Low,Orange County
Daniel,Torres,,(657) 759-5951,Gonzalez's Sushi,9093 Wilshire Blvd,Santa Ana,Orange County,CA,96071,Sushi,,CA_Restaurant_Scraper,B,"Restaurant, Sushi, POS_Prospect, Santa Ana",Auto-generated lead for PSDepot outreach. Type: Sushi,2026-04-28,https://www.yelp.com/biz/gonzalezs-sushi-santa-ana,"https://maps.google.com/?q=9093+Wilshire+Blvd,Santa+Ana,CA",4.1,412,$500K-$1M,100+,Low,Orange County
Matthew,Martinez,,(657) 623-6994,Kitchen DelSteakhouse,1428 Main St,Santa Ana,Orange County,CA,90672,Kitchen,,CA_Restaurant_Scraper,C,"Restaurant, Kitchen, POS_Prospect, Santa Ana",Auto-generated lead for PSDepot outreach. Type: Kitchen,2026-04-28,https://www.yelp.com/biz/kitchen-delsteakhouse-santa-ana,"https://maps.google.com/?q=1428+Main+St,Santa+Ana,CA",3.3,85,$1M-$2.5M,1-10,Medium,Orange County
Linda,Johnson,,(657) 516-6482,Las DelKitchen,7705 Pico Blvd,Santa Ana,Orange County,CA,95939,Kitchen,,CA_Restaurant_Scraper,A,"Restaurant, Kitchen, POS_Prospect, Santa Ana",Auto-generated lead for PSDepot outreach. Type: Kitchen,2026-04-28,https://www.yelp.com/biz/las-delkitchen-santa-ana,"https://maps.google.com/?q=7705+Pico+Blvd,Santa+Ana,CA",4.6,217,$1M-$2.5M,1-10,Medium,Orange County
Roberto,Garcia,,(714) 775-4166,El Seafood,3536 Maple Ave,Santa Ana,Orange County,CA,96994,Seafood,https://www.elseafood.com,CA_Restaurant_Scraper,C,"Restaurant, Seafood, POS_Prospect, Santa Ana",Auto-generated lead for PSDepot outreach. Type: Seafood,2026-04-28,,"https://maps.google.com/?q=3536+Maple+Ave,Santa+Ana,CA",4.6,191,$5M+,11-25,High,Orange County
Karen,Martinez,info@housedelkitchen.com,(714) 994-8048,House DelKitchen,9475 Wilshire Blvd,Santa Ana,Orange County,CA,94468,Kitchen,,CA_Restaurant_Scraper,C,"Restaurant, Kitchen, POS_Prospect, Santa Ana",Auto-generated lead for PSDepot outreach. Type: Kitchen,2026-04-28,https://www.yelp.com/biz/house-delkitchen-santa-ana,"https://maps.google.com/?q=9475+Wilshire+Blvd,Santa+Ana,CA",,,$500K-$1M,11-25,Low,Orange County
Susan,Williams,info@cafedesteakhouse.com,(714) 845-1565,Cafe DeSteakhouse,2759 First St,Santa Ana,Orange County,CA,96487,Cafe,https://www.cafedesteakhouse.com,CA_Restaurant_Scraper,B,"Restaurant, Cafe, POS_Prospect, Santa Ana",Auto-generated lead for PSDepot outreach. Type: Cafe,2026-04-28,,"https://maps.google.com/?q=2759+First+St,Santa+Ana,CA",3.0,181,$5M+,11-25,High,Orange County
David,Hernandez,info@spotdesteakhouse.com,(657) 525-8417,Spot DeSteakhouse,9722 Wilshire Blvd,Santa Ana,Orange County,CA,92329,Steakhouse,,CA_Restaurant_Scraper,A,"Restaurant, Steakhouse, POS_Prospect, Santa Ana",Auto-generated lead for PSDepot outreach. Type: Steakhouse,2026-04-28,https://www.yelp.com/biz/spot-desteakhouse-santa-ana,"https://maps.google.com/?q=9722+Wilshire+Blvd,Santa+Ana,CA",4.6,397,$500K-$1M,100+,Low,Orange County
Margaret,Davis,info@losdebistro.com,(657) 384-8737,Los DeBistro,5678 Oak St,Santa Ana,Orange County,CA,96755,Bistro,,CA_Restaurant_Scraper,A,"Restaurant, Bistro, POS_Prospect, Santa Ana",Auto-generated lead for PSDepot outreach. Type: Bistro,2026-04-28,https://www.yelp.com/biz/los-debistro-santa-ana,"https://maps.google.com/?q=5678+Oak+St,Santa+Ana,CA",3.3,470,$1M-$2.5M,1-10,Medium,Orange County
Margaret,Lopez,info@cafeburger.com,(714) 904-6084,Cafe Burger,3638 Wilshire Blvd,Santa Ana,Orange County,CA,94303,Cafe,,CA_Restaurant_Scraper,C,"Restaurant, Cafe, POS_Prospect, Santa Ana",Auto-generated lead for PSDepot outreach. Type: Cafe,2026-04-28,https://www.yelp.com/biz/cafe-burger-santa-ana,"https://maps.google.com/?q=3638+Wilshire+Blvd,Santa+Ana,CA",3.0,57,$5M+,100+,High,Orange County
Elizabeth,Sanchez,info@gonzalezsbargrill.com,(657) 916-7456,Gonzalez's Bar & Grill,5049 Mission St,Santa Ana,Orange County,CA,96767,Bar & Grill,,CA_Restaurant_Scraper,A,"Restaurant, Bar & Grill, POS_Prospect, Santa Ana",Auto-generated lead for PSDepot outreach. Type: Bar & Grill,2026-04-28,,"https://maps.google.com/?q=5049+Mission+St,Santa+Ana,CA",3.4,146,$1M-$2.5M,26-50,Medium,Orange County
Paul,Gonzalez,,(714) 817-2002,Hernandez's Burger,3520 Pico Blvd,Santa Ana,Orange County,CA,92862,Burger,,CA_Restaurant_Scraper,B,"Restaurant, Burger, POS_Prospect, Santa Ana",Auto-generated lead for PSDepot outreach. Type: Burger,2026-04-28,https://www.yelp.com/biz/hernandezs-burger-santa-ana,"https://maps.google.com/?q=3520+Pico+Blvd,Santa+Ana,CA",3.6,308,$1M-$2.5M,26-50,Medium,Orange County
Jennifer,Martinez,info@ladeltaqueria.com,(657) 644-9038,La DelTaqueria,1776 Ocean Ave,Santa Ana,Orange County,CA,94582,Taqueria,https://www.ladeltaqueria.com,CA_Restaurant_Scraper,A,"Restaurant, Taqueria, POS_Prospect, Santa Ana",Auto-generated lead for PSDepot outreach. Type: Taqueria,2026-04-28,,"https://maps.google.com/?q=1776+Ocean+Ave,Santa+Ana,CA",,,$500K-$1M,51-100,Low,Orange County
Jennifer,Hernandez,info@martinezsbargrill.com,(657) 801-7790,Martinez's Bar & Grill,3031 Second St,Santa Ana,Orange County,CA,92681,Bar & Grill,,CA_Restaurant_Scraper,A,"Restaurant, Bar & Grill, POS_Prospect, Santa Ana",Auto-generated lead for PSDepot outreach. Type: Bar & Grill,2026-04-28,,"https://maps.google.com/?q=3031+Second+St,Santa+Ana,CA",4.2,278,$1M-$2.5M,100+,Medium,Orange County
Robert,Martinez,info@lostacos.com,(657) 898-1985,Los Tacos,3017 Second St,Santa Ana,Orange County,CA,91792,Tacos,,CA_Restaurant_Scraper,A,"Restaurant, Tacos, POS_Prospect, Santa Ana",Auto-generated lead for PSDepot outreach. Type: Tacos,2026-04-28,,"https://maps.google.com/?q=3017+Second+St,Santa+Ana,CA",4.9,11,$2.5M-$5M,100+,High,Orange County
Robert,Rodriguez,,(657) 685-7611,House DelBBQ,2148 Maple Ave,Santa Ana,Orange County,CA,92639,BBQ,,CA_Restaurant_Scraper,B,"Restaurant, BBQ, POS_Prospect, Santa Ana",Auto-generated lead for PSDepot outreach. Type: BBQ,2026-04-28,https://www.yelp.com/biz/house-delbbq-santa-ana,"https://maps.google.com/?q=2148+Maple+Ave,Santa+Ana,CA",3.0,206,$500K-$1M,51-100,Low,Orange County
Carlos,Gonzalez,info@grilltaqueria.com,(714) 854-8024,Grill Taqueria,9925 Main St,Santa Ana,Orange County,CA,96334,Taqueria,,CA_Restaurant_Scraper,A,"Restaurant, Taqueria, POS_Prospect, Santa Ana",Auto-generated lead for PSDepot outreach. Type: Taqueria,2026-04-28,,"https://maps.google.com/?q=9925+Main+St,Santa+Ana,CA",4.2,167,Under $500K,51-100,Low,Orange County
Mary,Rodriguez,info@kitchendelseafood.com,(657) 755-5864,Kitchen DelSeafood,7402 Pine St,Santa Ana,Orange County,CA,91354,Kitchen,,CA_Restaurant_Scraper,B,"Restaurant, Kitchen, POS_Prospect, Santa Ana",Auto-generated lead for PSDepot outreach. Type: Kitchen,2026-04-28,https://www.yelp.com/biz/kitchen-delseafood-santa-ana,"https://maps.google.com/?q=7402+Pine+St,Santa+Ana,CA",3.4,214,Under $500K,51-100,Low,Orange County
Michael,Gonzalez,info@thesteakhouse.com,(714) 815-1017,The Steakhouse,3754 Pico Blvd,Santa Ana,Orange County,CA,92425,Steakhouse,,CA_Restaurant_Scraper,B,"Restaurant, Steakhouse, POS_Prospect, Santa Ana",Auto-generated lead for PSDepot outreach. Type: Steakhouse,2026-04-28,https://www.yelp.com/biz/the-steakhouse-santa-ana,"https://maps.google.com/?q=3754+Pico+Blvd,Santa+Ana,CA",,,$5M+,11-25,High,Orange County
Richard,Torres,info@bigeatery.com,(657) 895-3623,Big Eatery,6901 Pine St,Santa Ana,Orange County,CA,94258,Eatery,,CA_Restaurant_Scraper,C,"Restaurant, Eatery, POS_Prospect, Santa Ana",Auto-generated lead for PSDepot outreach. Type: Eatery,2026-04-28,,"https://maps.google.com/?q=6901+Pine+St,Santa+Ana,CA",3.5,224,$1M-$2.5M,11-25,Medium,Orange County
Lisa,Davis,info@gonzalezsbistro.com,(657) 953-3572,Gonzalez's Bistro,9827 Third St,Santa Ana,Orange County,CA,91813,Bistro,,CA_Restaurant_Scraper,C,"Restaurant, Bistro, POS_Prospect, Santa Ana",Auto-generated lead for PSDepot outreach. Type: Bistro,2026-04-28,https://www.yelp.com/biz/gonzalezs-bistro-santa-ana,"https://maps.google.com/?q=9827+Third+St,Santa+Ana,CA",3.7,305,$1M-$2.5M,100+,Medium,Orange County
Paul,Perez,,(714) 922-6472,Red BBQ,7299 Elm St,Santa Ana,Orange County,CA,95209,BBQ,,CA_Restaurant_Scraper,B,"Restaurant, BBQ, POS_Prospect, Santa Ana",Auto-generated lead for PSDepot outreach. Type: BBQ,2026-04-28,https://www.yelp.com/biz/red-bbq-santa-ana,"https://maps.google.com/?q=7299+Elm+St,Santa+Ana,CA",,,$5M+,26-50,High,Orange County
Patricia,Gonzalez,info@silverderestaurant.com,(714) 511-4149,Silver DeRestaurant,8694 Cedar Ave,Santa Ana,Orange County,CA,91747,Restaurant,,CA_Restaurant_Scraper,B,"Restaurant, Restaurant, POS_Prospect, Santa Ana",Auto-generated lead for PSDepot outreach. Type: Restaurant,2026-04-28,https://www.yelp.com/biz/silver-derestaurant-santa-ana,"https://maps.google.com/?q=8694+Cedar+Ave,Santa+Ana,CA",,,$1M-$2.5M,26-50,Medium,Orange County
Richard,Sanchez,info@santasteakhouse.com,(657) 844-8108,Santa Steakhouse,6527 Second St,Santa Ana,Orange County,CA,92621,Steakhouse,https://www.santasteakhouse.com,CA_Restaurant_Scraper,C,"Restaurant, Steakhouse, POS_Prospect, Santa Ana",Auto-generated lead for PSDepot outreach. Type: Steakhouse,2026-04-28,https://www.yelp.com/biz/santa-steakhouse-santa-ana,"https://maps.google.com/?q=6527+Second+St,Santa+Ana,CA",4.0,150,$2.5M-$5M,11-25,High,Orange County
Lisa,Gonzalez,info@laspizza.com,(657) 235-9136,Las Pizza,3827 First St,Santa Ana,Orange County,CA,94882,Pizza,,CA_Restaurant_Scraper,A,"Restaurant, Pizza, POS_Prospect, Santa Ana",Auto-generated lead for PSDepot outreach. Type: Pizza,2026-04-28,https://www.yelp.com/biz/las-pizza-santa-ana,"https://maps.google.com/?q=3827+First+St,Santa+Ana,CA",3.4,315,$500K-$1M,1-10,Low,Orange County
Betty,Martinez,info@littleeatery.com,(657) 766-3558,Little Eatery,3024 Oak St,Santa Ana,Orange County,CA,90499,Eatery,,CA_Restaurant_Scraper,C,"Restaurant, Eatery, POS_Prospect, Santa Ana",Auto-generated lead for PSDepot outreach. Type: Eatery,2026-04-28,https://www.yelp.com/biz/little-eatery-santa-ana,"https://maps.google.com/?q=3024+Oak+St,Santa+Ana,CA",4.1,136,Under $500K,11-25,Low,Orange County
Paul,Hernandez,,(657) 535-4611,Little Restaurant,4106 Hollywood Blvd,Santa Ana,Orange County,CA,94480,Restaurant,,CA_Restaurant_Scraper,A,"Restaurant, Restaurant, POS_Prospect, Santa Ana",Auto-generated lead for PSDepot outreach. Type: Restaurant,2026-04-28,https://www.yelp.com/biz/little-restaurant-santa-ana,"https://maps.google.com/?q=4106+Hollywood+Blvd,Santa+Ana,CA",3.3,496,$5M+,1-10,High,Orange County
Anthony,Brown,,(657) 674-6668,Lopez's Bar & Grill,2590 Oak St,Santa Ana,Orange County,CA,95161,Bar & Grill,,CA_Restaurant_Scraper,A,"Restaurant, Bar & Grill, POS_Prospect, Santa Ana",Auto-generated lead for PSDepot outreach. Type: Bar & Grill,2026-04-28,https://www.yelp.com/biz/lopezs-bar-&-grill-santa-ana,"https://maps.google.com/?q=2590+Oak+St,Santa+Ana,CA",3.4,294,$5M+,100+,High,Orange County
Matthew,Ramirez,info@goldenpizza.com,(657) 287-8020,Golden Pizza,8938 Second St,Santa Ana,Orange County,CA,94189,Pizza,,CA_Restaurant_Scraper,B,"Restaurant, Pizza, POS_Prospect, Santa Ana",Auto-generated lead for PSDepot outreach. Type: Pizza,2026-04-28,,"https://maps.google.com/?q=8938+Second+St,Santa+Ana,CA",,,Under $500K,11-25,Low,Orange County
Carlos,Brown,info@bigdetacos.com,(657) 614-5947,Big DeTacos,3825 Mission St,Santa Ana,Orange County,CA,95083,Tacos,https://www.bigdetacos.com,CA_Restaurant_Scraper,B,"Restaurant, Tacos, POS_Prospect, Santa Ana",Auto-generated lead for PSDepot outreach. Type: Tacos,2026-04-28,https://www.yelp.com/biz/big-detacos-santa-ana,"https://maps.google.com/?q=3825+Mission+St,Santa+Ana,CA",4.0,324,$1M-$2.5M,1-10,Medium,Orange County
William,Garcia,info@losdediner.com,(657) 612-4267,Los DeDiner,8986 Jefferson St,Santa Ana,Orange County,CA,95550,Diner,https://www.losdediner.com,CA_Restaurant_Scraper,B,"Restaurant, Diner, POS_Prospect, Santa Ana",Auto-generated lead for PSDepot outreach. Type: Diner,2026-04-28,https://www.yelp.com/biz/los-dediner-santa-ana,"https://maps.google.com/?q=8986+Jefferson+St,Santa+Ana,CA",5.0,283,$5M+,51-100,High,Orange County
Maria,Williams,info@kitchenpizza.com,(657) 981-7760,Kitchen Pizza,3720 Washington Blvd,Santa Ana,Orange County,CA,92177,Kitchen,,CA_Restaurant_Scraper,C,"Restaurant, Kitchen, POS_Prospect, Santa Ana",Auto-generated lead for PSDepot outreach. Type: Kitchen,2026-04-28,https://www.yelp.com/biz/kitchen-pizza-santa-ana,"https://maps.google.com/?q=3720+Washington+Blvd,Santa+Ana,CA",4.5,63,$5M+,100+,High,Orange County
Patricia,Gomez,info@perezskitchen.com,(714) 772-1347,Perez's Kitchen,2361 Wilshire Blvd,Santa Ana,Orange County,CA,92061,Kitchen,,CA_Restaurant_Scraper,C,"Restaurant, Kitchen, POS_Prospect, Santa Ana",Auto-generated lead for PSDepot outreach. Type: Kitchen,2026-04-28,https://www.yelp.com/biz/perezs-kitchen-santa-ana,"https://maps.google.com/?q=2361+Wilshire+Blvd,Santa+Ana,CA",3.6,175,$5M+,100+,High,Orange County
Susan,Smith,info@garciasbbq.com,(657) 880-5749,Garcia's BBQ,1211 Elm St,Santa Ana,Orange County,CA,95220,BBQ,https://www.garciasbbq.com,CA_Restaurant_Scraper,C,"Restaurant, BBQ, POS_Prospect, Santa Ana",Auto-generated lead for PSDepot outreach. Type: BBQ,2026-04-28,,"https://maps.google.com/?q=1211+Elm+St,Santa+Ana,CA",3.6,387,$2.5M-$5M,100+,High,Orange County
Maria,Perez,,(657) 290-4730,El Bakery,8824 Market St,Santa Ana,Orange County,CA,93053,Bakery,,CA_Restaurant_Scraper,A,"Restaurant, Bakery, POS_Prospect, Santa Ana",Auto-generated lead for PSDepot outreach. Type: Bakery,2026-04-28,,"https://maps.google.com/?q=8824+Market+St,Santa+Ana,CA",,,Under $500K,11-25,Low,Orange County
Paul,Torres,,(657) 779-7427,Rodriguez's Seafood,5032 Market St,Santa Ana,Orange County,CA,94863,Seafood,,CA_Restaurant_Scraper,A,"Restaurant, Seafood, POS_Prospect, Santa Ana",Auto-generated lead for PSDepot outreach. Type: Seafood,2026-04-28,,"https://maps.google.com/?q=5032+Market+St,Santa+Ana,CA",4.6,326,$5M+,11-25,High,Orange County
Robert,Williams,info@lasdelsushi.com,(714) 870-4834,Las DelSushi,9283 Hollywood Blvd,Santa Ana,Orange County,CA,96259,Sushi,https://www.lasdelsushi.com,CA_Restaurant_Scraper,C,"Restaurant, Sushi, POS_Prospect, Santa Ana",Auto-generated lead for PSDepot outreach. Type: Sushi,2026-04-28,,"https://maps.google.com/?q=9283+Hollywood+Blvd,Santa+Ana,CA",4.6,492,Under $500K,51-100,Low,Orange County
Christopher,Miller,info@lopezsgrill.com,(714) 277-2029,Lopez's Grill,1439 Hollywood Blvd,Santa Ana,Orange County,CA,91309,Grill,https://www.lopezsgrill.com,CA_Restaurant_Scraper,A,"Restaurant, Grill, POS_Prospect, Santa Ana",Auto-generated lead for PSDepot outreach. Type: Grill,2026-04-28,https://www.yelp.com/biz/lopezs-grill-santa-ana,"https://maps.google.com/?q=1439+Hollywood+Blvd,Santa+Ana,CA",4.4,14,$1M-$2.5M,1-10,Medium,Orange County
Nancy,Sanchez,info@littlediner.com,(657) 723-7404,Little Diner,2130 Pico Blvd,Santa Ana,Orange County,CA,90743,Diner,,CA_Restaurant_Scraper,C,"Restaurant, Diner, POS_Prospect, Santa Ana",Auto-generated lead for PSDepot outreach. Type: Diner,2026-04-28,https://www.yelp.com/biz/little-diner-santa-ana,"https://maps.google.com/?q=2130+Pico+Blvd,Santa+Ana,CA",3.5,384,$500K-$1M,26-50,Low,Orange County
Steven,Johnson,info@hernandezsbbq.com,(714) 225-6127,Hernandez's BBQ,6358 Wilshire Blvd,Santa Ana,Orange County,CA,96939,BBQ,https://www.hernandezsbbq.com,CA_Restaurant_Scraper,B,"Restaurant, BBQ, POS_Prospect, Santa Ana",Auto-generated lead for PSDepot outreach. Type: BBQ,2026-04-28,https://www.yelp.com/biz/hernandezs-bbq-santa-ana,"https://maps.google.com/?q=6358+Wilshire+Blvd,Santa+Ana,CA",4.8,388,$5M+,26-50,High,Orange County
Christopher,Gonzalez,,(657) 498-4309,Silver DelBar & Grill,6856 Pico Blvd,Santa Ana,Orange County,CA,95684,Bar & Grill,,CA_Restaurant_Scraper,B,"Restaurant, Bar & Grill, POS_Prospect, Santa Ana",Auto-generated lead for PSDepot outreach. Type: Bar & Grill,2026-04-28,https://www.yelp.com/biz/silver-delbar-&-grill-santa-ana,"https://maps.google.com/?q=6856+Pico+Blvd,Santa+Ana,CA",3.6,189,$1M-$2.5M,100+,Medium,Orange County
Pedro,Brown,info@cornerbakery.com,(714) 389-2056,Corner Bakery,7356 Second St,Santa Ana,Orange County,CA,92881,Bakery,,CA_Restaurant_Scraper,A,"Restaurant, Bakery, POS_Prospect, Santa Ana",Auto-generated lead for PSDepot outreach. Type: Bakery,2026-04-28,https://www.yelp.com/biz/corner-bakery-santa-ana,"https://maps.google.com/?q=7356+Second+St,Santa+Ana,CA",,,$5M+,1-10,High,Orange County
Linda,Torres,info@floresstaqueria.com,(657) 948-6840,Flores's Taqueria,3799 Cedar Ave,Santa Ana,Orange County,CA,93896,Taqueria,,CA_Restaurant_Scraper,A,"Restaurant, Taqueria, POS_Prospect, Santa Ana",Auto-generated lead for PSDepot outreach. Type: Taqueria,2026-04-28,,"https://maps.google.com/?q=3799+Cedar+Ave,Santa+Ana,CA",3.5,320,$5M+,51-100,High,Orange County
Robert,Hernandez,info@bigbargrill.com,(657) 223-5878,Big Bar & Grill,9663 Oak St,Santa Ana,Orange County,CA,95259,Bar & Grill,https://www.bigbarandgrill.com,CA_Restaurant_Scraper,B,"Restaurant, Bar & Grill, POS_Prospect, Santa Ana",Auto-generated lead for PSDepot outreach. Type: Bar & Grill,2026-04-28,https://www.yelp.com/biz/big-bar-&-grill-santa-ana,"https://maps.google.com/?q=9663+Oak+St,Santa+Ana,CA",3.8,455,Under $500K,51-100,Low,Orange County
William,Lopez,info@riveraskitchen.com,(657) 719-3644,Rivera's Kitchen,2449 Washington Blvd,Santa Ana,Orange County,CA,90842,Kitchen,,CA_Restaurant_Scraper,B,"Restaurant, Kitchen, POS_Prospect, Santa Ana",Auto-generated lead for PSDepot outreach. Type: Kitchen,2026-04-28,https://www.yelp.com/biz/riveras-kitchen-santa-ana,"https://maps.google.com/?q=2449+Washington+Blvd,Santa+Ana,CA",3.3,297,$5M+,26-50,High,Orange County
Jose,Lopez,,(714) 581-9054,Casa DeBurritos,4503 Elm St,Santa Ana,Orange County,CA,96314,Burritos,https://www.casadeburritos.com,CA_Restaurant_Scraper,A,"Restaurant, Burritos, POS_Prospect, Santa Ana",Auto-generated lead for PSDepot outreach. Type: Burritos,2026-04-28,,"https://maps.google.com/?q=4503+Elm+St,Santa+Ana,CA",3.1,399,Under $500K,100+,Low,Orange County
John,Williams,info@bistrosteakhouse.com,(714) 515-9799,Bistro Steakhouse,2950 Washington Blvd,Santa Ana,Orange County,CA,96083,Bistro,https://www.bistrosteakhouse.com,CA_Restaurant_Scraper,A,"Restaurant, Bistro, POS_Prospect, Santa Ana",Auto-generated lead for PSDepot outreach. Type: Bistro,2026-04-28,https://www.yelp.com/biz/bistro-steakhouse-santa-ana,"https://maps.google.com/?q=2950+Washington+Blvd,Santa+Ana,CA",4.7,359,$5M+,100+,High,Orange County
Juan,Gonzalez,,(657) 913-4179,Brown's BBQ,6522 Sunset Blvd,Santa Ana,Orange County,CA,94543,BBQ,,CA_Restaurant_Scraper,A,"Restaurant, BBQ, POS_Prospect, Santa Ana",Auto-generated lead for PSDepot outreach. Type: BBQ,2026-04-28,https://www.yelp.com/biz/browns-bbq-santa-ana,"https://maps.google.com/?q=6522+Sunset+Blvd,Santa+Ana,CA",4.0,300,Under $500K,100+,Low,Orange County
Luis,Flores,info@laburritos.com,(657) 227-3824,La Burritos,3903 First St,Santa Ana,Orange County,CA,91449,Burritos,,CA_Restaurant_Scraper,B,"Restaurant, Burritos, POS_Prospect, Santa Ana",Auto-generated lead for PSDepot outreach. Type: Burritos,2026-04-28,,"https://maps.google.com/?q=3903+First+St,Santa+Ana,CA",4.3,185,$1M-$2.5M,1-10,Medium,Orange County
Steven,Williams,,(657) 626-2987,Green Bar & Grill,7886 Pine St,Santa Ana,Orange County,CA,90671,Bar & Grill,,CA_Restaurant_Scraper,A,"Restaurant, Bar & Grill, POS_Prospect, Santa Ana",Auto-generated lead for PSDepot outreach. Type: Bar & Grill,2026-04-28,https://www.yelp.com/biz/green-bar-&-grill-santa-ana,"https://maps.google.com/?q=7886+Pine+St,Santa+Ana,CA",3.3,108,$5M+,1-10,High,Orange County
John,Williams,info@cornerdelburritos.com,(657) 924-7565,Corner DelBurritos,3606 Broadway,Santa Ana,Orange County,CA,95590,Burritos,,CA_Restaurant_Scraper,B,"Restaurant, Burritos, POS_Prospect, Santa Ana",Auto-generated lead for PSDepot outreach. Type: Burritos,2026-04-28,https://www.yelp.com/biz/corner-delburritos-santa-ana,"https://maps.google.com/?q=3606+Broadway,Santa+Ana,CA",4.3,224,$2.5M-$5M,51-100,High,Orange County
Lisa,Smith,info@ladelrestaurant.com,(657) 545-7657,La DelRestaurant,9366 Main St,Santa Ana,Orange County,CA,91561,Restaurant,,CA_Restaurant_Scraper,B,"Restaurant, Restaurant, POS_Prospect, Santa Ana",Auto-generated lead for PSDepot outreach. Type: Restaurant,2026-04-28,https://www.yelp.com/biz/la-delrestaurant-santa-ana,"https://maps.google.com/?q=9366+Main+St,Santa+Ana,CA",,,$500K-$1M,100+,Low,Orange County
Carlos,Martinez,info@silvertaqueria.com,(714) 332-9652,Silver Taqueria,2166 Maple Ave,Santa Ana,Orange County,CA,95168,Taqueria,,CA_Restaurant_Scraper,B,"Restaurant, Taqueria, POS_Prospect, Santa Ana",Auto-generated lead for PSDepot outreach. Type: Taqueria,2026-04-28,,"https://maps.google.com/?q=2166+Maple+Ave,Santa+Ana,CA",,,$5M+,11-25,High,Orange County
Mark,Rodriguez,info@santaburger.com,(657) 409-3633,Santa Burger,9499 Oak St,Santa Ana,Orange County,CA,95806,Burger,,CA_Restaurant_Scraper,A,"Restaurant, Burger, POS_Prospect, Santa Ana",Auto-generated lead for PSDepot outreach. Type: Burger,2026-04-28,https://www.yelp.com/biz/santa-burger-santa-ana,"https://maps.google.com/?q=9499+Oak+St,Santa+Ana,CA",3.2,221,$500K-$1M,1-10,Low,Orange County
David,Williams,info@losdelsushi.com,(714) 841-5899,Los DelSushi,6543 Elm St,Santa Ana,Orange County,CA,92113,Sushi,https://www.losdelsushi.com,CA_Restaurant_Scraper,C,"Restaurant, Sushi, POS_Prospect, Santa Ana",Auto-generated lead for PSDepot outreach. Type: Sushi,2026-04-28,https://www.yelp.com/biz/los-delsushi-santa-ana,"https://maps.google.com/?q=6543+Elm+St,Santa+Ana,CA",3.0,294,$2.5M-$5M,1-10,High,Orange County
James,Martinez,info@bistrocoffee.com,(714) 767-8579,Bistro Coffee,5558 Pine St,Santa Ana,Orange County,CA,94534,Bistro,https://www.bistrocoffee.com,CA_Restaurant_Scraper,A,"Restaurant, Bistro, POS_Prospect, Santa Ana",Auto-generated lead for PSDepot outreach. Type: Bistro,2026-04-28,,"https://maps.google.com/?q=5558+Pine+St,Santa+Ana,CA",3.2,250,$5M+,100+,High,Orange County
William,Smith,info@kitchendebargrill.com,(657) 336-1645,Kitchen DeBar & Grill,3309 Second St,Santa Ana,Orange County,CA,94353,Bar & Grill,https://www.kitchendebarandgrill.com,CA_Restaurant_Scraper,B,"Restaurant, Bar & Grill, POS_Prospect, Santa Ana",Auto-generated lead for PSDepot outreach. Type: Bar & Grill,2026-04-28,https://www.yelp.com/biz/kitchen-debar-&-grill-santa-ana,"https://maps.google.com/?q=3309+Second+St,Santa+Ana,CA",4.2,174,Under $500K,26-50,Low,Orange County
Jessica,Garcia,,(714) 474-3938,Big Sushi,8006 Second St,Santa Ana,Orange County,CA,90429,Sushi,,CA_Restaurant_Scraper,C,"Restaurant, Sushi, POS_Prospect, Santa Ana",Auto-generated lead for PSDepot outreach. Type: Sushi,2026-04-28,https://www.yelp.com/biz/big-sushi-santa-ana,"https://maps.google.com/?q=8006+Second+St,Santa+Ana,CA",,,Under $500K,100+,Low,Orange County
Ana,Rivera,,(714) 240-7161,Sanchez's Kitchen,7496 Pico Blvd,Santa Ana,Orange County,CA,95297,Kitchen,https://www.sanchezskitchen.com,CA_Restaurant_Scraper,C,"Restaurant, Kitchen, POS_Prospect, Santa Ana",Auto-generated lead for PSDepot outreach. Type: Kitchen,2026-04-28,,"https://maps.google.com/?q=7496+Pico+Blvd,Santa+Ana,CA",4.4,130,Under $500K,51-100,Low,Orange County
Nancy,Rivera,,(657) 517-3722,Little DePizza,7660 Wilshire Blvd,Santa Ana,Orange County,CA,93520,Pizza,,CA_Restaurant_Scraper,C,"Restaurant, Pizza, POS_Prospect, Santa Ana",Auto-generated lead for PSDepot outreach. Type: Pizza,2026-04-28,https://www.yelp.com/biz/little-depizza-santa-ana,"https://maps.google.com/?q=7660+Wilshire+Blvd,Santa+Ana,CA",4.5,482,Under $500K,100+,Low,Orange County
Maria,Sanchez,,(657) 890-7339,Santa DeDiner,9682 Hollywood Blvd,Santa Ana,Orange County,CA,91469,Diner,https://www.santadediner.com,CA_Restaurant_Scraper,B,"Restaurant, Diner, POS_Prospect, Santa Ana",Auto-generated lead for PSDepot outreach. Type: Diner,2026-04-28,,"https://maps.google.com/?q=9682+Hollywood+Blvd,Santa+Ana,CA",3.0,400,$1M-$2.5M,100+,Medium,Orange County
Elizabeth,Flores,,(714) 712-1846,Pueblo DeDiner,2705 Ocean Ave,Santa Ana,Orange County,CA,93114,Diner,,CA_Restaurant_Scraper,B,"Restaurant, Diner, POS_Prospect, Santa Ana",Auto-generated lead for PSDepot outreach. Type: Diner,2026-04-28,,"https://maps.google.com/?q=2705+Ocean+Ave,Santa+Ana,CA",,,$1M-$2.5M,51-100,Medium,Orange County
Jennifer,Garcia,info@lopezssushi.com,(714) 918-5419,Lopez's Sushi,7211 Cedar Ave,Santa Ana,Orange County,CA,96043,Sushi,,CA_Restaurant_Scraper,C,"Restaurant, Sushi, POS_Prospect, Santa Ana",Auto-generated lead for PSDepot outreach. Type: Sushi,2026-04-28,https://www.yelp.com/biz/lopezs-sushi-santa-ana,"https://maps.google.com/?q=7211+Cedar+Ave,Santa+Ana,CA",,,$2.5M-$5M,51-100,High,Orange County
Mary,Martinez,,(657) 398-2149,Gonzalez's Burritos,5818 Maple Ave,Santa Ana,Orange County,CA,94864,Burritos,,CA_Restaurant_Scraper,B,"Restaurant, Burritos, POS_Prospect, Santa Ana",Auto-generated lead for PSDepot outreach. Type: Burritos,2026-04-28,https://www.yelp.com/biz/gonzalezs-burritos-santa-ana,"https://maps.google.com/?q=5818+Maple+Ave,Santa+Ana,CA",,,$1M-$2.5M,26-50,Medium,Orange County
Betty,Hernandez,,(714) 779-2636,Pueblo DelBar & Grill,2247 Pico Blvd,Santa Ana,Orange County,CA,91593,Bar & Grill,,CA_Restaurant_Scraper,A,"Restaurant, Bar & Grill, POS_Prospect, Santa Ana",Auto-generated lead for PSDepot outreach. Type: Bar & Grill,2026-04-28,https://www.yelp.com/biz/pueblo-delbar-&-grill-santa-ana,"https://maps.google.com/?q=2247+Pico+Blvd,Santa+Ana,CA",3.2,249,$1M-$2.5M,100+,Medium,Orange County
Matthew,Garcia,,(714) 977-3252,Santa DeBBQ,8390 Second St,Santa Ana,Orange County,CA,96249,BBQ,https://www.santadebbq.com,CA_Restaurant_Scraper,B,"Restaurant, BBQ, POS_Prospect, Santa Ana",Auto-generated lead for PSDepot outreach. Type: BBQ,2026-04-28,,"https://maps.google.com/?q=8390+Second+St,Santa+Ana,CA",4.0,266,$500K-$1M,51-100,Low,Orange County
William,Perez,info@losbistro.com,(714) 572-6955,Los Bistro,8621 First St,Santa Ana,Orange County,CA,94423,Bistro,,CA_Restaurant_Scraper,B,"Restaurant, Bistro, POS_Prospect, Santa Ana",Auto-generated lead for PSDepot outreach. Type: Bistro,2026-04-28,,"https://maps.google.com/?q=8621+First+St,Santa+Ana,CA",3.5,189,$500K-$1M,26-50,Low,Orange County
Robert,Garcia,info@grilldelburger.com,(657) 868-5356,Grill DelBurger,4958 First St,Santa Ana,Orange County,CA,94529,Burger,,CA_Restaurant_Scraper,B,"Restaurant, Burger, POS_Prospect, Santa Ana",Auto-generated lead for PSDepot outreach. Type: Burger,2026-04-28,https://www.yelp.com/biz/grill-delburger-santa-ana,"https://maps.google.com/?q=4958+First+St,Santa+Ana,CA",4.2,461,$2.5M-$5M,100+,High,Orange County
Margaret,Williams,,(657) 484-7020,Brown's Restaurant,5439 Sunset Blvd,Santa Ana,Orange County,CA,93352,Restaurant,,CA_Restaurant_Scraper,A,"Restaurant, Restaurant, POS_Prospect, Santa Ana",Auto-generated lead for PSDepot outreach. Type: Restaurant,2026-04-28,https://www.yelp.com/biz/browns-restaurant-santa-ana,"https://maps.google.com/?q=5439+Sunset+Blvd,Santa+Ana,CA",,,$5M+,100+,High,Orange County
Matthew,Hernandez,info@martinezsdiner.com,(714) 984-3142,Martinez's Diner,3332 Wilshire Blvd,Santa Ana,Orange County,CA,93396,Diner,,CA_Restaurant_Scraper,A,"Restaurant, Diner, POS_Prospect, Santa Ana",Auto-generated lead for PSDepot outreach. Type: Diner,2026-04-28,https://www.yelp.com/biz/martinezs-diner-santa-ana,"https://maps.google.com/?q=3332+Wilshire+Blvd,Santa+Ana,CA",4.9,491,$500K-$1M,51-100,Low,Orange County
Michael,Davis,,(714) 750-4012,Silver DePizza,3526 Broadway,Santa Ana,Orange County,CA,91838,Pizza,,CA_Restaurant_Scraper,A,"Restaurant, Pizza, POS_Prospect, Santa Ana",Auto-generated lead for PSDepot outreach. Type: Pizza,2026-04-28,https://www.yelp.com/biz/silver-depizza-santa-ana,"https://maps.google.com/?q=3526+Broadway,Santa+Ana,CA",4.2,407,Under $500K,100+,Low,Orange County
Juan,Garcia,info@gonzalezspizza.com,(657) 917-5457,Gonzalez's Pizza,6238 Jefferson St,Santa Ana,Orange County,CA,95159,Pizza,,CA_Restaurant_Scraper,C,"Restaurant, Pizza, POS_Prospect, Santa Ana",Auto-generated lead for PSDepot outreach. Type: Pizza,2026-04-28,https://www.yelp.com/biz/gonzalezs-pizza-santa-ana,"https://maps.google.com/?q=6238+Jefferson+St,Santa+Ana,CA",3.8,40,$2.5M-$5M,100+,High,Orange County
Jessica,Lopez,info@williamssgrill.com,(657) 813-2486,Williams's Grill,1758 Hollywood Blvd,Santa Ana,Orange County,CA,90880,Grill,,CA_Restaurant_Scraper,A,"Restaurant, Grill, POS_Prospect, Santa Ana",Auto-generated lead for PSDepot outreach. Type: Grill,2026-04-28,https://www.yelp.com/biz/williamss-grill-santa-ana,"https://maps.google.com/?q=1758+Hollywood+Blvd,Santa+Ana,CA",3.5,359,$2.5M-$5M,11-25,High,Orange County
Karen,Hernandez,info@lasdeeatery.com,(714) 993-8565,Las DeEatery,3370 Cedar Ave,Santa Ana,Orange County,CA,94098,Eatery,,CA_Restaurant_Scraper,A,"Restaurant, Eatery, POS_Prospect, Santa Ana",Auto-generated lead for PSDepot outreach. Type: Eatery,2026-04-28,,"https://maps.google.com/?q=3370+Cedar+Ave,Santa+Ana,CA",4.8,442,Under $500K,100+,Low,Orange County
Jessica,Flores,,(657) 430-3316,El DelCafe,9538 Jefferson St,Santa Ana,Orange County,CA,90328,Cafe,,CA_Restaurant_Scraper,B,"Restaurant, Cafe, POS_Prospect, Santa Ana",Auto-generated lead for PSDepot outreach. Type: Cafe,2026-04-28,https://www.yelp.com/biz/el-delcafe-santa-ana,"https://maps.google.com/?q=9538+Jefferson+St,Santa+Ana,CA",4.6,349,$2.5M-$5M,51-100,High,Orange County
Jose,Lopez,,(714) 364-3640,Las DeTaqueria,4928 Pico Blvd,Santa Ana,Orange County,CA,95954,Taqueria,https://www.lasdetaqueria.com,CA_Restaurant_Scraper,A,"Restaurant, Taqueria, POS_Prospect, Santa Ana",Auto-generated lead for PSDepot outreach. Type: Taqueria,2026-04-28,https://www.yelp.com/biz/las-detaqueria-santa-ana,"https://maps.google.com/?q=4928+Pico+Blvd,Santa+Ana,CA",4.3,211,$5M+,11-25,High,Orange County
Elizabeth,Garcia,info@bluedebarandgrill.com,(714) 640-1482,Blue DeBar & Grill,8542 Sunset Blvd,Santa Ana,Orange County,CA,95886,Bar & Grill,https://www.bluedebarandgrill.com,CA_Restaurant_Scraper,C,"Restaurant, Bar & Grill, POS_Prospect, Santa Ana",Auto-generated lead for PSDepot outreach. Type: Bar & Grill,2026-04-28,https://www.yelp.com/biz/blue-debar-&-grill-santa-ana,"https://maps.google.com/?q=8542+Sunset+Blvd,Santa+Ana,CA",3.3,141,$500K-$1M,26-50,Low,Orange County
Patricia,Johnson,info@santadelburger.com,(714) 444-3436,Santa DelBurger,161 Jefferson St,Santa Ana,Orange County,CA,94931,Burger,https://www.santadelburger.com,CA_Restaurant_Scraper,B,"Restaurant, Burger, POS_Prospect, Santa Ana",Auto-generated lead for PSDepot outreach. Type: Burger,2026-04-28,https://www.yelp.com/biz/santa-delburger-santa-ana,"https://maps.google.com/?q=161+Jefferson+St,Santa+Ana,CA",3.5,91,$2.5M-$5M,11-25,High,Orange County
John,Smith,,(657) 694-4626,Blue Taqueria,5092 Jefferson St,Santa Ana,Orange County,CA,93158,Taqueria,https://www.bluetaqueria.com,CA_Restaurant_Scraper,C,"Restaurant, Taqueria, POS_Prospect, Santa Ana",Auto-generated lead for PSDepot outreach. Type: Taqueria,2026-04-28,https://www.yelp.com/biz/blue-taqueria-santa-ana,"https://maps.google.com/?q=5092+Jefferson+St,Santa+Ana,CA",4.4,335,$5M+,51-100,High,Orange County
Carlos,Smith,,(657) 780-7747,House DelBar & Grill,7188 Oak St,Santa Ana,Orange County,CA,93703,Bar & Grill,,CA_Restaurant_Scraper,C,"Restaurant, Bar & Grill, POS_Prospect, Santa Ana",Auto-generated lead for PSDepot outreach. Type: Bar & Grill,2026-04-28,,"https://maps.google.com/?q=7188+Oak+St,Santa+Ana,CA",4.3,486,$5M+,51-100,High,Orange County
Daniel,Sanchez,info@greencoffee.com,(714) 209-8572,Green Coffee,375 Market St,Santa Ana,Orange County,CA,92185,Coffee,,CA_Restaurant_Scraper,C,"Restaurant, Coffee, POS_Prospect, Santa Ana",Auto-generated lead for PSDepot outreach. Type: Coffee,2026-04-28,https://www.yelp.com/biz/green-coffee-santa-ana,"https://maps.google.com/?q=375+Market+St,Santa+Ana,CA",,,$1M-$2.5M,100+,Medium,Orange County
Linda,Gomez,,(714) 367-3655,Casa DelCafe,1520 Washington Blvd,Santa Ana,Orange County,CA,92514,Cafe,https://www.casadelcafe.com,CA_Restaurant_Scraper,B,"Restaurant, Cafe, POS_Prospect, Santa Ana",Auto-generated lead for PSDepot outreach. Type: Cafe,2026-04-28,https://www.yelp.com/biz/casa-delcafe-santa-ana,"https://maps.google.com/?q=1520+Washington+Blvd,Santa+Ana,CA",,,$5M+,11-25,High,Orange County
Mary,Garcia,,(714) 620-2532,Rodriguez's Sushi,1435 Second St,Santa Ana,Orange County,CA,93418,Sushi,,CA_Restaurant_Scraper,B,"Restaurant, Sushi, POS_Prospect, Santa Ana",Auto-generated lead for PSDepot outreach. Type: Sushi,2026-04-28,https://www.yelp.com/biz/rodriguezs-sushi-santa-ana,"https://maps.google.com/?q=1435+Second+St,Santa+Ana,CA",,,$1M-$2.5M,1-10,Medium,Orange County
James,Ramirez,info@lataqueria.com,(657) 549-5668,La Taqueria,2202 Broadway,Santa Ana,Orange County,CA,94773,Taqueria,,CA_Restaurant_Scraper,C,"Restaurant, Taqueria, POS_Prospect, Santa Ana",Auto-generated lead for PSDepot outreach. Type: Taqueria,2026-04-28,https://www.yelp.com/biz/la-taqueria-santa-ana,"https://maps.google.com/?q=2202+Broadway,Santa+Ana,CA",3.9,33,$5M+,26-50,High,Orange County
James,Lopez,,(657) 359-3751,Golden DelEatery,6250 Maple Ave,Santa Ana,Orange County,CA,93892,Eatery,https://www.goldendeleatery.com,CA_Restaurant_Scraper,B,"Restaurant, Eatery, POS_Prospect, Santa Ana",Auto-generated lead for PSDepot outreach. Type: Eatery,2026-04-28,https://www.yelp.com/biz/golden-deleatery-santa-ana,"https://maps.google.com/?q=6250+Maple+Ave,Santa+Ana,CA",,,$500K-$1M,100+,Low,Orange County
Mark,Garcia,,(657) 577-6171,Santa Seafood,8281 Hollywood Blvd,Santa Ana,Orange County,CA,95932,Seafood,,CA_Restaurant_Scraper,A,"Restaurant, Seafood, POS_Prospect, Santa Ana",Auto-generated lead for PSDepot outreach. Type: Seafood,2026-04-28,https://www.yelp.com/biz/santa-seafood-santa-ana,"https://maps.google.com/?q=8281+Hollywood+Blvd,Santa+Ana,CA",,,$500K-$1M,1-10,Low,Orange County
Richard,Hernandez,,(657) 812-7914,Miller's Taqueria,5879 Second St,Santa Ana,Orange County,CA,90576,Taqueria,https://www.millerstaqueria.com,CA_Restaurant_Scraper,A,"Restaurant, Taqueria, POS_Prospect, Santa Ana",Auto-generated lead for PSDepot outreach. Type: Taqueria,2026-04-28,,"https://maps.google.com/?q=5879+Second+St,Santa+Ana,CA",3.7,10,$500K-$1M,1-10,Low,Orange County
Paul,Hernandez,,(714) 836-4808,San DelBBQ,3037 Market St,Santa Ana,Orange County,CA,94096,BBQ,,CA_Restaurant_Scraper,A,"Restaurant, BBQ, POS_Prospect, Santa Ana",Auto-generated lead for PSDepot outreach. Type: BBQ,2026-04-28,,"https://maps.google.com/?q=3037+Market+St,Santa+Ana,CA",4.4,105,$1M-$2.5M,11-25,Medium,Orange County
Patricia,Smith,,(714) 347-4016,Martinez's Seafood,8820 Market St,Santa Ana,Orange County,CA,90902,Seafood,,CA_Restaurant_Scraper,C,"Restaurant, Seafood, POS_Prospect, Santa Ana",Auto-generated lead for PSDepot outreach. Type: Seafood,2026-04-28,https://www.yelp.com/biz/martinezs-seafood-santa-ana,"https://maps.google.com/?q=8820+Market+St,Santa+Ana,CA",4.2,436,$1M-$2.5M,51-100,Medium,Orange County
Linda,Lopez,,(657) 884-9581,Red DeBurger,8812 Main St,Santa Ana,Orange County,CA,96946,Burger,,CA_Restaurant_Scraper,A,"Restaurant, Burger, POS_Prospect, Santa Ana",Auto-generated lead for PSDepot outreach. Type: Burger,2026-04-28,https://www.yelp.com/biz/red-deburger-santa-ana,"https://maps.google.com/?q=8812+Main+St,Santa+Ana,CA",,,$5M+,51-100,High,Orange County
Richard,Ramirez,info@silvereatery.com,(657) 310-5351,Silver Eatery,872 Mission St,Santa Ana,Orange County,CA,94864,Eatery,,CA_Restaurant_Scraper,B,"Restaurant, Eatery, POS_Prospect, Santa Ana",Auto-generated lead for PSDepot outreach. Type: Eatery,2026-04-28,,"https://maps.google.com/?q=872+Mission+St,Santa+Ana,CA",3.0,280,$5M+,11-25,High,Orange County
Mark,Rivera,,(657) 424-8400,Los Burritos,1867 Oak St,Santa Ana,Orange County,CA,92168,Burritos,,CA_Restaurant_Scraper,C,"Restaurant, Burritos, POS_Prospect, Santa Ana",Auto-generated lead for PSDepot outreach. Type: Burritos,2026-04-28,,"https://maps.google.com/?q=1867+Oak+St,Santa+Ana,CA",,,$5M+,100+,High,Orange County
Elizabeth,Ramirez,info@hernandezssushi.com,(657) 996-6544,Hernandez's Sushi,5317 Third St,Santa Ana,Orange County,CA,90947,Sushi,https://www.hernandezssushi.com,CA_Restaurant_Scraper,B,"Restaurant, Sushi, POS_Prospect, Santa Ana",Auto-generated lead for PSDepot outreach. Type: Sushi,2026-04-28,https://www.yelp.com/biz/hernandezs-sushi-santa-ana,"https://maps.google.com/?q=5317+Third+St,Santa+Ana,CA",4.3,18,$2.5M-$5M,1-10,High,Orange County
Daniel,Gomez,,(714) 449-3549,Flores's Restaurant,4633 Jefferson St,Santa Ana,Orange County,CA,93880,Restaurant,,CA_Restaurant_Scraper,C,"Restaurant, Restaurant, POS_Prospect, Santa Ana",Auto-generated lead for PSDepot outreach. Type: Restaurant,2026-04-28,https://www.yelp.com/biz/floress-restaurant-santa-ana,"https://maps.google.com/?q=4633+Jefferson+St,Santa+Ana,CA",4.3,22,$5M+,26-50,High,Orange County
Jessica,Lopez,,(657) 723-5512,Rodriguez's Pizza,1954 Sunset Blvd,Santa Ana,Orange County,CA,90210,Pizza,,CA_Restaurant_Scraper,C,"Restaurant, Pizza, POS_Prospect, Santa Ana",Auto-generated lead for PSDepot outreach. Type: Pizza,2026-04-28,https://www.yelp.com/biz/rodriguezs-pizza-santa-ana,"https://maps.google.com/?q=1954+Sunset+Blvd,Santa+Ana,CA",3.9,50,$500K-$1M,1-10,Low,Orange County
Jose,Johnson,info@bluedelseafood.com,(657) 807-2063,Blue DelSeafood,2964 Pico Blvd,Santa Ana,Orange County,CA,91029,Seafood,,CA_Restaurant_Scraper,C,"Restaurant, Seafood, POS_Prospect, Santa Ana",Auto-generated lead for PSDepot outreach. Type: Seafood,2026-04-28,https://www.yelp.com/biz/blue-delseafood-santa-ana,"https://maps.google.com/?q=2964+Pico+Blvd,Santa+Ana,CA",,,Under $500K,100+,Low,Orange County
Margaret,Smith,info@losseafood.com,(714) 276-6982,Los Seafood,2378 Main St,Santa Ana,Orange County,CA,93847,Seafood,,CA_Restaurant_Scraper,A,"Restaurant, Seafood, POS_Prospect, Santa Ana",Auto-generated lead for PSDepot outreach. Type: Seafood,2026-04-28,,"https://maps.google.com/?q=2378+Main+St,Santa+Ana,CA",,,$500K-$1M,100+,Low,Orange County
Ana,Garcia,,(657) 790-6830,La Eatery,2130 Maple Ave,Santa Ana,Orange County,CA,93491,Eatery,https://www.laeatery.com,CA_Restaurant_Scraper,A,"Restaurant, Eatery, POS_Prospect, Santa Ana",Auto-generated lead for PSDepot outreach. Type: Eatery,2026-04-28,https://www.yelp.com/biz/la-eatery-santa-ana,"https://maps.google.com/?q=2130+Maple+Ave,Santa+Ana,CA",3.9,7,$500K-$1M,26-50,Low,Orange County
Susan,Gomez,,(714) 585-1347,Casa DeCafe,1371 Wilshire Blvd,Santa Ana,Orange County,CA,96296,Cafe,https://www.casadecafe.com,CA_Restaurant_Scraper,B,"Restaurant, Cafe, POS_Prospect, Santa Ana",Auto-generated lead for PSDepot outreach. Type: Cafe,2026-04-28,,"https://maps.google.com/?q=1371+Wilshire+Blvd,Santa+Ana,CA",,,$2.5M-$5M,11-25,High,Orange County
Pedro,Gonzalez,info@laseafood.com,(657) 581-1044,La Seafood,9195 Sunset Blvd,Santa Ana,Orange County,CA,96651,Seafood,https://www.laseafood.com,CA_Restaurant_Scraper,A,"Restaurant, Seafood, POS_Prospect, Santa Ana",Auto-generated lead for PSDepot outreach. Type: Seafood,2026-04-28,https://www.yelp.com/biz/la-seafood-santa-ana,"https://maps.google.com/?q=9195+Sunset+Blvd,Santa+Ana,CA",3.3,483,$2.5M-$5M,11-25,High,Orange County
Jessica,Garcia,info@santadelbbq.com,(657) 224-5693,Santa DelBBQ,7324 Wilshire Blvd,Santa Ana,Orange County,CA,90932,BBQ,,CA_Restaurant_Scraper,C,"Restaurant, BBQ, POS_Prospect, Santa Ana",Auto-generated lead for PSDepot outreach. Type: BBQ,2026-04-28,https://www.yelp.com/biz/santa-delbbq-santa-ana,"https://maps.google.com/?q=7324+Wilshire+Blvd,Santa+Ana,CA",4.2,417,$5M+,26-50,High,Orange County
Robert,Brown,info@reddelcafe.com,(657) 458-4154,Red DelCafe,1142 Third St,Santa Ana,Orange County,CA,90957,Cafe,https://www.reddelcafe.com,CA_Restaurant_Scraper,B,"Restaurant, Cafe, POS_Prospect, Santa Ana",Auto-generated lead for PSDepot outreach. Type: Cafe,2026-04-28,https://www.yelp.com/biz/red-delcafe-santa-ana,"https://maps.google.com/?q=1142+Third+St,Santa+Ana,CA",3.1,476,$500K-$1M,26-50,Low,Orange County
Betty,Gonzalez,,(714) 429-4639,Gonzalez's BBQ,8566 Third St,Santa Ana,Orange County,CA,90807,BBQ,https://www.gonzalezsbbq.com,CA_Restaurant_Scraper,C,"Restaurant, BBQ, POS_Prospect, Santa Ana",Auto-generated lead for PSDepot outreach. Type: BBQ,2026-04-28,,"https://maps.google.com/?q=8566+Third+St,Santa+Ana,CA",,,$500K-$1M,26-50,Low,Orange County
Robert,Perez,info@kitchenbbq.com,(657) 688-1292,Kitchen BBQ,9849 Jefferson St,Santa Ana,Orange County,CA,95951,Kitchen,,CA_Restaurant_Scraper,C,"Restaurant, Kitchen, POS_Prospect, Santa Ana",Auto-generated lead for PSDepot outreach. Type: Kitchen,2026-04-28,https://www.yelp.com/biz/kitchen-bbq-santa-ana,"https://maps.google.com/?q=9849+Jefferson+St,Santa+Ana,CA",4.1,182,$2.5M-$5M,26-50,High,Orange County
Roberto,Miller,,(714) 496-8400,Jones's Bakery,766 Elm St,Santa Ana,Orange County,CA,95192,Bakery,https://www.jonessbakery.com,CA_Restaurant_Scraper,B,"Restaurant, Bakery, POS_Prospect, Santa Ana",Auto-generated lead for PSDepot outreach. Type: Bakery,2026-04-28,https://www.yelp.com/biz/joness-bakery-santa-ana,"https://maps.google.com/?q=766+Elm+St,Santa+Ana,CA",4.7,131,$2.5M-$5M,26-50,High,Orange County
Mary,Garcia,info@santacos.com,(714) 843-1936,San Tacos,9225 Third St,Santa Ana,Orange County,CA,94194,Tacos,https://www.santacos.com,CA_Restaurant_Scraper,B,"Restaurant, Tacos, POS_Prospect, Santa Ana",Auto-generated lead for PSDepot outreach. Type: Tacos,2026-04-28,https://www.yelp.com/biz/san-tacos-santa-ana,"https://maps.google.com/?q=9225+Third+St,Santa+Ana,CA",3.5,76,Under $500K,100+,Low,Orange County
Roberto,Miller,,(657) 549-3480,Red DelBBQ,7037 Mission St,Santa Ana,Orange County,CA,93339,BBQ,https://www.reddelbbq.com,CA_Restaurant_Scraper,A,"Restaurant, BBQ, POS_Prospect, Santa Ana",Auto-generated lead for PSDepot outreach. Type: BBQ,2026-04-28,https://www.yelp.com/biz/red-delbbq-santa-ana,"https://maps.google.com/?q=7037+Mission+St,Santa+Ana,CA",3.6,455,Under $500K,11-25,Low,Orange County
Karen,Smith,,(714) 420-8864,Johnson's Kitchen,4677 Ocean Ave,Santa Ana,Orange County,CA,94309,Kitchen,https://www.johnsonskitchen.com,CA_Restaurant_Scraper,B,"Restaurant, Kitchen, POS_Prospect, Santa Ana",Auto-generated lead for PSDepot outreach. Type: Kitchen,2026-04-28,https://www.yelp.com/biz/johnsons-kitchen-santa-ana,"https://maps.google.com/?q=4677+Ocean+Ave,Santa+Ana,CA",3.6,492,$2.5M-$5M,26-50,High,Orange County
Roberto,Hernandez,info@grillbakery.com,(714) 725-7442,Grill Bakery,9741 Ocean Ave,Santa Ana,Orange County,CA,93503,Grill,,CA_Restaurant_Scraper,B,"Restaurant, Grill, POS_Prospect, Santa Ana",Auto-generated lead for PSDepot outreach. Type: Grill,2026-04-28,,"https://maps.google.com/?q=9741+Ocean+Ave,Santa+Ana,CA",3.2,32,Under $500K,100+,Low,Orange County
Anthony,Martinez,,(714) 528-5008,El Bistro,3514 Oak St,Santa Ana,Orange County,CA,95770,Bistro,,CA_Restaurant_Scraper,C,"Restaurant, Bistro, POS_Prospect, Santa Ana",Auto-generated lead for PSDepot outreach. Type: Bistro,2026-04-28,,"https://maps.google.com/?q=3514+Oak+St,Santa+Ana,CA",3.2,344,$500K-$1M,11-25,Low,Orange County
Karen,Garcia,info@williamssburritos.com,(714) 306-2741,Williams's Burritos,6648 Jefferson St,Santa Ana,Orange County,CA,93908,Burritos,,CA_Restaurant_Scraper,C,"Restaurant, Burritos, POS_Prospect, Santa Ana",Auto-generated lead for PSDepot outreach. Type: Burritos,2026-04-28,https://www.yelp.com/biz/williamss-burritos-santa-ana,"https://maps.google.com/?q=6648+Jefferson+St,Santa+Ana,CA",3.8,26,Under $500K,100+,Low,Orange County
Susan,Hernandez,,(714) 229-2763,San DeBakery,3271 Cedar Ave,Santa Ana,Orange County,CA,94351,Bakery,https://www.sandebakery.com,CA_Restaurant_Scraper,B,"Restaurant, Bakery, POS_Prospect, Santa Ana",Auto-generated lead for PSDepot outreach. Type: Bakery,2026-04-28,,"https://maps.google.com/?q=3271+Cedar+Ave,Santa+Ana,CA",3.2,350,$2.5M-$5M,100+,High,Orange County
Luis,Davis,info@sanbbq.com,(657) 362-5198,San BBQ,6417 Maple Ave,Santa Ana,Orange County,CA,94641,BBQ,,CA_Restaurant_Scraper,C,"Restaurant, BBQ, POS_Prospect, Santa Ana",Auto-generated lead for PSDepot outreach. Type: BBQ,2026-04-28,https://www.yelp.com/biz/san-bbq-santa-ana,"https://maps.google.com/?q=6417+Maple+Ave,Santa+Ana,CA",3.9,353,Under $500K,11-25,Low,Orange County
Matthew,Jones,,(657) 881-2082,Ramirez's Bistro,2605 Market St,Santa Ana,Orange County,CA,93888,Bistro,,CA_Restaurant_Scraper,A,"Restaurant, Bistro, POS_Prospect, Santa Ana",Auto-generated lead for PSDepot outreach. Type: Bistro,2026-04-28,https://www.yelp.com/biz/ramirezs-bistro-santa-ana,"https://maps.google.com/?q=2605+Market+St,Santa+Ana,CA",3.5,447,$5M+,100+,High,Orange County
Jennifer,Gomez,,(657) 561-9507,Golden DelSeafood,9572 Oak St,Santa Ana,Orange County,CA,95919,Seafood,https://www.goldendelseafood.com,CA_Restaurant_Scraper,A,"Restaurant, Seafood, POS_Prospect, Santa Ana",Auto-generated lead for PSDepot outreach. Type: Seafood,2026-04-28,https://www.yelp.com/biz/golden-delseafood-santa-ana,"https://maps.google.com/?q=9572+Oak+St,Santa+Ana,CA",4.5,433,$5M+,51-100,High,Orange County
Matthew,Miller,,(714) 259-8842,Gonzalez's Kitchen,3823 Jefferson St,Santa Ana,Orange County,CA,95923,Kitchen,,CA_Restaurant_Scraper,B,"Restaurant, Kitchen, POS_Prospect, Santa Ana",Auto-generated lead for PSDepot outreach. Type: Kitchen,2026-04-28,https://www.yelp.com/biz/gonzalezs-kitchen-santa-ana,"https://maps.google.com/?q=3823+Jefferson+St,Santa+Ana,CA",,,$2.5M-$5M,11-25,High,Orange County
Richard,Flores,,(657) 598-7182,Red DelSteakhouse,9861 Market St,Santa Ana,Orange County,CA,93901,Steakhouse,,CA_Restaurant_Scraper,B,"Restaurant, Steakhouse, POS_Prospect, Santa Ana",Auto-generated lead for PSDepot outreach. Type: Steakhouse,2026-04-28,https://www.yelp.com/biz/red-delsteakhouse-santa-ana,"https://maps.google.com/?q=9861+Market+St,Santa+Ana,CA",,,$1M-$2.5M,100+,Medium,Orange County
Carlos,Johnson,,(714) 779-7242,Flores's Burritos,3727 Sunset Blvd,Santa Ana,Orange County,CA,93414,Burritos,,CA_Restaurant_Scraper,B,"Restaurant, Burritos, POS_Prospect, Santa Ana",Auto-generated lead for PSDepot outreach. Type: Burritos,2026-04-28,https://www.yelp.com/biz/floress-burritos-santa-ana,"https://maps.google.com/?q=3727+Sunset+Blvd,Santa+Ana,CA",4.9,277,Under $500K,51-100,Low,Orange County
Mary,Lopez,info@santagrill.com,(714) 389-6538,Santa Grill,3591 First St,Santa Ana,Orange County,CA,92798,Grill,,CA_Restaurant_Scraper,C,"Restaurant, Grill, POS_Prospect, Santa Ana",Auto-generated lead for PSDepot outreach. Type: Grill,2026-04-28,https://www.yelp.com/biz/santa-grill-santa-ana,"https://maps.google.com/?q=3591+First+St,Santa+Ana,CA",4.9,393,$1M-$2.5M,1-10,Medium,Orange County
Juan,Torres,info@lasdelcoffee.com,(714) 772-7118,Las DelCoffee,4393 Oak St,Santa Ana,Orange County,CA,92067,Coffee,,CA_Restaurant_Scraper,B,"Restaurant, Coffee, POS_Prospect, Santa Ana",Auto-generated lead for PSDepot outreach. Type: Coffee,2026-04-28,https://www.yelp.com/biz/las-delcoffee-santa-ana,"https://maps.google.com/?q=4393+Oak+St,Santa+Ana,CA",4.8,317,$1M-$2.5M,51-100,Medium,Orange County
Margaret,Rivera,,(657) 650-9462,Martinez's Pizza,2846 Market St,Santa Ana,Orange County,CA,95981,Pizza,https://www.martinezspizza.com,CA_Restaurant_Scraper,A,"Restaurant, Pizza, POS_Prospect, Santa Ana",Auto-generated lead for PSDepot outreach. Type: Pizza,2026-04-28,https://www.yelp.com/biz/martinezs-pizza-santa-ana,"https://maps.google.com/?q=2846+Market+St,Santa+Ana,CA",3.5,309,$1M-$2.5M,51-100,Medium,Orange County
Patricia,Torres,,(657) 741-8042,Little DeSushi,3723 Maple Ave,Santa Ana,Orange County,CA,90107,Sushi,,CA_Restaurant_Scraper,C,"Restaurant, Sushi, POS_Prospect, Santa Ana",Auto-generated lead for PSDepot outreach. Type: Sushi,2026-04-28,https://www.yelp.com/biz/little-desushi-santa-ana,"https://maps.google.com/?q=3723+Maple+Ave,Santa+Ana,CA",4.7,132,Under $500K,100+,Low,Orange County
Christopher,Gomez,info@davisssushi.com,(657) 825-1976,Davis's Sushi,7213 Washington Blvd,Santa Ana,Orange County,CA,90234,Sushi,,CA_Restaurant_Scraper,B,"Restaurant, Sushi, POS_Prospect, Santa Ana",Auto-generated lead for PSDepot outreach. Type: Sushi,2026-04-28,https://www.yelp.com/biz/daviss-sushi-santa-ana,"https://maps.google.com/?q=7213+Washington+Blvd,Santa+Ana,CA",3.8,268,Under $500K,26-50,Low,Orange County
Nancy,Ramirez,info@goldendeltacos.com,(714) 241-3857,Golden DelTacos,6042 Jefferson St,Santa Ana,Orange County,CA,93370,Tacos,,CA_Restaurant_Scraper,B,"Restaurant, Tacos, POS_Prospect, Santa Ana",Auto-generated lead for PSDepot outreach. Type: Tacos,2026-04-28,,"https://maps.google.com/?q=6042+Jefferson+St,Santa+Ana,CA",4.4,62,$5M+,1-10,High,Orange County
David,Martinez,,(657) 411-9659,Corner DelBistro,1917 Mission St,Santa Ana,Orange County,CA,96762,Bistro,https://www.cornerdelbistro.com,CA_Restaurant_Scraper,C,"Restaurant, Bistro, POS_Prospect, Santa Ana",Auto-generated lead for PSDepot outreach. Type: Bistro,2026-04-28,https://www.yelp.com/biz/corner-delbistro-santa-ana,"https://maps.google.com/?q=1917+Mission+St,Santa+Ana,CA",3.7,176,$2.5M-$5M,26-50,High,Orange County
Richard,Sanchez,,(657) 663-8146,Red DelTacos,458 Cedar Ave,Santa Ana,Orange County,CA,95921,Tacos,https://www.reddeltacos.com,CA_Restaurant_Scraper,B,"Restaurant, Tacos, POS_Prospect, Santa Ana",Auto-generated lead for PSDepot outreach. Type: Tacos,2026-04-28,https://www.yelp.com/biz/red-deltacos-santa-ana,"https://maps.google.com/?q=458+Cedar+Ave,Santa+Ana,CA",3.5,113,$5M+,51-100,High,Orange County
Jennifer,Lopez,,(714) 207-6805,Gonzalez's Restaurant,8259 Broadway,Santa Ana,Orange County,CA,94687,Restaurant,https://www.gonzalezsrestaurant.com,CA_Restaurant_Scraper,C,"Restaurant, Restaurant, POS_Prospect, Santa Ana",Auto-generated lead for PSDepot outreach. Type: Restaurant,2026-04-28,https://www.yelp.com/biz/gonzalezs-restaurant-santa-ana,"https://maps.google.com/?q=8259+Broadway,Santa+Ana,CA",4.2,243,Under $500K,1-10,Low,Orange County
Robert,Torres,info@gonzalezsbakery.com,(657) 899-7423,Gonzalez's Bakery,2953 Wilshire Blvd,Santa Ana,Orange County,CA,93423,Bakery,,CA_Restaurant_Scraper,A,"Restaurant, Bakery, POS_Prospect, Santa Ana",Auto-generated lead for PSDepot outreach. Type: Bakery,2026-04-28,https://www.yelp.com/biz/gonzalezs-bakery-santa-ana,"https://maps.google.com/?q=2953+Wilshire+Blvd,Santa+Ana,CA",4.1,483,Under $500K,100+,Low,Orange County
Karen,Garcia,,(657) 717-2453,Gomez's Bar & Grill,4609 Third St,Santa Ana,Orange County,CA,91301,Bar & Grill,,CA_Restaurant_Scraper,B,"Restaurant, Bar & Grill, POS_Prospect, Santa Ana",Auto-generated lead for PSDepot outreach. Type: Bar & Grill,2026-04-28,https://www.yelp.com/biz/gomezs-bar-&-grill-santa-ana,"https://maps.google.com/?q=4609+Third+St,Santa+Ana,CA",3.5,391,$500K-$1M,26-50,Low,Orange County
Sarah,Martinez,info@garciascafe.com,(714) 453-6892,Garcia's Cafe,8708 Maple Ave,Santa Ana,Orange County,CA,90144,Cafe,,CA_Restaurant_Scraper,A,"Restaurant, Cafe, POS_Prospect, Santa Ana",Auto-generated lead for PSDepot outreach. Type: Cafe,2026-04-28,https://www.yelp.com/biz/garcias-cafe-santa-ana,"https://maps.google.com/?q=8708+Maple+Ave,Santa+Ana,CA",3.8,40,$5M+,26-50,High,Orange County
Maria,Smith,info@littlecafe.com,(714) 803-9196,Little Cafe,2833 Third St,Santa Ana,Orange County,CA,90461,Cafe,,CA_Restaurant_Scraper,C,"Restaurant, Cafe, POS_Prospect, Santa Ana",Auto-generated lead for PSDepot outreach. Type: Cafe,2026-04-28,https://www.yelp.com/biz/little-cafe-santa-ana,"https://maps.google.com/?q=2833+Third+St,Santa+Ana,CA",3.1,281,$1M-$2.5M,1-10,Medium,Orange County
Jose,Davis,,(714) 482-4615,Miller's Steakhouse,8485 Oak St,Santa Ana,Orange County,CA,92605,Steakhouse,,CA_Restaurant_Scraper,A,"Restaurant, Steakhouse, POS_Prospect, Santa Ana",Auto-generated lead for PSDepot outreach. Type: Steakhouse,2026-04-28,https://www.yelp.com/biz/millers-steakhouse-santa-ana,"https://maps.google.com/?q=8485+Oak+St,Santa+Ana,CA",4.4,115,$2.5M-$5M,51-100,High,Orange County
Barbara,Smith,info@spotdeeatery.com,(657) 917-2701,Spot DeEatery,447 Hollywood Blvd,Santa Ana,Orange County,CA,92143,Eatery,,CA_Restaurant_Scraper,B,"Restaurant, Eatery, POS_Prospect, Santa Ana",Auto-generated lead for PSDepot outreach. Type: Eatery,2026-04-28,https://www.yelp.com/biz/spot-deeatery-santa-ana,"https://maps.google.com/?q=447+Hollywood+Blvd,Santa+Ana,CA",,,Under $500K,26-50,Low,Orange County
Richard,Lopez,,(657) 822-8899,Corner DelTaqueria,6423 Maple Ave,Santa Ana,Orange County,CA,93268,Taqueria,,CA_Restaurant_Scraper,B,"Restaurant, Taqueria, POS_Prospect, Santa Ana",Auto-generated lead for PSDepot outreach. Type: Taqueria,2026-04-28,https://www.yelp.com/biz/corner-deltaqueria-santa-ana,"https://maps.google.com/?q=6423+Maple+Ave,Santa+Ana,CA",3.7,188,Under $500K,11-25,Low,Orange County
Nancy,Lopez,,(714) 482-1316,Blue DeSushi,7010 Oak St,Santa Ana,Orange County,CA,94620,Sushi,https://www.bluedesushi.com,CA_Restaurant_Scraper,A,"Restaurant, Sushi, POS_Prospect, Santa Ana",Auto-generated lead for PSDepot outreach. Type: Sushi,2026-04-28,https://www.yelp.com/biz/blue-desushi-santa-ana,"https://maps.google.com/?q=7010+Oak+St,Santa+Ana,CA",3.6,454,$500K-$1M,51-100,Low,Orange County
David,Lopez,info@casadelgrill.com,(714) 702-2315,Casa DelGrill,6251 Broadway,Santa Ana,Orange County,CA,95311,Grill,,CA_Restaurant_Scraper,C,"Restaurant, Grill, POS_Prospect, Santa Ana",Auto-generated lead for PSDepot outreach. Type: Grill,2026-04-28,https://www.yelp.com/biz/casa-delgrill-santa-ana,"https://maps.google.com/?q=6251+Broadway,Santa+Ana,CA",,,$500K-$1M,26-50,Low,Orange County
Jose,Rodriguez,,(714) 705-6396,Red Kitchen,6172 Jefferson St,Santa Ana,Orange County,CA,95608,Kitchen,,CA_Restaurant_Scraper,C,"Restaurant, Kitchen, POS_Prospect, Santa Ana",Auto-generated lead for PSDepot outreach. Type: Kitchen,2026-04-28,,"https://maps.google.com/?q=6172+Jefferson+St,Santa+Ana,CA",3.5,22,$500K-$1M,26-50,Low,Orange County
Elizabeth,Sanchez,,(657) 267-3616,Golden Restaurant,3937 Washington Blvd,Santa Ana,Orange County,CA,96023,Restaurant,,CA_Restaurant_Scraper,A,"Restaurant, Restaurant, POS_Prospect, Santa Ana",Auto-generated lead for PSDepot outreach. Type: Restaurant,2026-04-28,https://www.yelp.com/biz/golden-restaurant-santa-ana,"https://maps.google.com/?q=3937+Washington+Blvd,Santa+Ana,CA",4.9,307,Under $500K,100+,Low,Orange County
James,Jones,info@martinezsrestaurant.com,(714) 251-3347,Martinez's Restaurant,1265 Sunset Blvd,Santa Ana,Orange County,CA,94734,Restaurant,,CA_Restaurant_Scraper,C,"Restaurant, Restaurant, POS_Prospect, Santa Ana",Auto-generated lead for PSDepot outreach. Type: Restaurant,2026-04-28,https://www.yelp.com/biz/martinezs-restaurant-santa-ana,"https://maps.google.com/?q=1265+Sunset+Blvd,Santa+Ana,CA",,,$5M+,1-10,High,Orange County
Christopher,Hernandez,info@smithscoffee.com,(657) 379-8792,Smith's Coffee,6112 Maple Ave,Santa Ana,Orange County,CA,96123,Coffee,,CA_Restaurant_Scraper,C,"Restaurant, Coffee, POS_Prospect, Santa Ana",Auto-generated lead for PSDepot outreach. Type: Coffee,2026-04-28,,"https://maps.google.com/?q=6112+Maple+Ave,Santa+Ana,CA",4.3,23,$5M+,100+,High,Orange County
Jennifer,Jones,,(714) 583-6352,Bistro DeBurger,6220 Third St,Santa Ana,Orange County,CA,91995,Burger,https://www.bistrodeburger.com,CA_Restaurant_Scraper,B,"Restaurant, Burger, POS_Prospect, Santa Ana",Auto-generated lead for PSDepot outreach. Type: Burger,2026-04-28,https://www.yelp.com/biz/bistro-deburger-santa-ana,"https://maps.google.com/?q=6220+Third+St,Santa+Ana,CA",3.9,329,Under $500K,26-50,Low,Orange County
Michael,Brown,info@spotdeltacos.com,(714) 959-9792,Spot DelTacos,6163 Oak St,Santa Ana,Orange County,CA,91758,Tacos,,CA_Restaurant_Scraper,C,"Restaurant, Tacos, POS_Prospect, Santa Ana",Auto-generated lead for PSDepot outreach. Type: Tacos,2026-04-28,https://www.yelp.com/biz/spot-deltacos-santa-ana,"https://maps.google.com/?q=6163+Oak+St,Santa+Ana,CA",4.4,377,$2.5M-$5M,11-25,High,Orange County
Carlos,Gonzalez,info@gonzalezsgrill.com,(657) 501-3484,Gonzalez's Grill,6189 Elm St,Santa Ana,Orange County,CA,95981,Grill,https://www.gonzalezsgrill.com,CA_Restaurant_Scraper,C,"Restaurant, Grill, POS_Prospect, Santa Ana",Auto-generated lead for PSDepot outreach. Type: Grill,2026-04-28,,"https://maps.google.com/?q=6189+Elm+St,Santa+Ana,CA",4.1,120,$1M-$2.5M,100+,Medium,Orange County
Jose,Gomez,info@gomezsbistro.com,(714) 348-3323,Gomez's Bistro,5258 Elm St,Santa Ana,Orange County,CA,95485,Bistro,,CA_Restaurant_Scraper,A,"Restaurant, Bistro, POS_Prospect, Santa Ana",Auto-generated lead for PSDepot outreach. Type: Bistro,2026-04-28,https://www.yelp.com/biz/gomezs-bistro-santa-ana,"https://maps.google.com/?q=5258+Elm+St,Santa+Ana,CA",4.7,153,Under $500K,1-10,Low,Orange County
Luis,Davis,info@grilldeseafood.com,(714) 746-4918,Grill DeSeafood,8481 Washington Blvd,Santa Ana,Orange County,CA,90986,Grill,,CA_Restaurant_Scraper,A,"Restaurant, Grill, POS_Prospect, Santa Ana",Auto-generated lead for PSDepot outreach. Type: Grill,2026-04-28,https://www.yelp.com/biz/grill-deseafood-santa-ana,"https://maps.google.com/?q=8481+Washington+Blvd,Santa+Ana,CA",3.5,368,Under $500K,1-10,Low,Orange County
Mary,Williams,info@hernandezsburritos.com,(657) 442-3538,Hernandez's Burritos,2618 Oak St,Santa Ana,Orange County,CA,94013,Burritos,,CA_Restaurant_Scraper,B,"Restaurant, Burritos, POS_Prospect, Santa Ana",Auto-generated lead for PSDepot outreach. Type: Burritos,2026-04-28,https://www.yelp.com/biz/hernandezs-burritos-santa-ana,"https://maps.google.com/?q=2618+Oak+St,Santa+Ana,CA",3.3,95,Under $500K,26-50,Low,Orange County
Elizabeth,Garcia,info@santadelburritos.com,(714) 948-2070,Santa DelBurritos,2399 Third St,Santa Ana,Orange County,CA,90422,Burritos,,CA_Restaurant_Scraper,C,"Restaurant, Burritos, POS_Prospect, Santa Ana",Auto-generated lead for PSDepot outreach. Type: Burritos,2026-04-28,https://www.yelp.com/biz/santa-delburritos-santa-ana,"https://maps.google.com/?q=2399+Third+St,Santa+Ana,CA",5.0,377,$2.5M-$5M,11-25,High,Orange County
Barbara,Hernandez,,(657) 599-7613,Silver DelSushi,7354 Wilshire Blvd,Santa Ana,Orange County,CA,91022,Sushi,,CA_Restaurant_Scraper,B,"Restaurant, Sushi, POS_Prospect, Santa Ana",Auto-generated lead for PSDepot outreach. Type: Sushi,2026-04-28,https://www.yelp.com/biz/silver-delsushi-santa-ana,"https://maps.google.com/?q=7354+Wilshire+Blvd,Santa+Ana,CA",4.1,404,$5M+,100+,High,Orange County
Linda,Davis,info@casasteakhouse.com,(657) 414-8953,Casa Steakhouse,5694 Ocean Ave,Santa Ana,Orange County,CA,96652,Steakhouse,https://www.casasteakhouse.com,CA_Restaurant_Scraper,A,"Restaurant, Steakhouse, POS_Prospect, Santa Ana",Auto-generated lead for PSDepot outreach. Type: Steakhouse,2026-04-28,,"https://maps.google.com/?q=5694+Ocean+Ave,Santa+Ana,CA",4.9,101,$500K-$1M,100+,Low,Orange County
Mark,Gonzalez,info@bistrocafe.com,(657) 918-1326,Bistro Cafe,8263 Jefferson St,Santa Ana,Orange County,CA,90518,Cafe,,CA_Restaurant_Scraper,B,"Restaurant, Cafe, POS_Prospect, Santa Ana",Auto-generated lead for PSDepot outreach. Type: Cafe,2026-04-28,,"https://maps.google.com/?q=8263+Jefferson+St,Santa+Ana,CA",3.2,242,$2.5M-$5M,11-25,High,Orange County
Maria,Johnson,info@puebloseafood.com,(657) 460-8113,Pueblo Seafood,4810 Broadway,Santa Ana,Orange County,CA,94443,Seafood,,CA_Restaurant_Scraper,C,"Restaurant, Seafood, POS_Prospect, Santa Ana",Auto-generated lead for PSDepot outreach. Type: Seafood,2026-04-28,,"https://maps.google.com/?q=4810+Broadway,Santa+Ana,CA",4.1,168,$5M+,51-100,High,Orange County
Elizabeth,Torres,info@losderestaurant.com,(657) 742-7995,Los DeRestaurant,9252 Market St,Santa Ana,Orange County,CA,93821,Restaurant,https://www.losderestaurant.com,CA_Restaurant_Scraper,C,"Restaurant, Restaurant, POS_Prospect, Santa Ana",Auto-generated lead for PSDepot outreach. Type: Restaurant,2026-04-28,,"https://maps.google.com/?q=9252+Market+St,Santa+Ana,CA",,,$5M+,1-10,High,Orange County
Jennifer,Ramirez,,(714) 770-4307,Grill DelSushi,8423 Hollywood Blvd,Santa Ana,Orange County,CA,95650,Grill,,CA_Restaurant_Scraper,C,"Restaurant, Grill, POS_Prospect, Santa Ana",Auto-generated lead for PSDepot outreach. Type: Grill,2026-04-28,,"https://maps.google.com/?q=8423+Hollywood+Blvd,Santa+Ana,CA",3.1,404,$500K-$1M,26-50,Low,Orange County
Paul,Hernandez,,(657) 740-9233,Las DeSeafood,1504 Mission St,Santa Ana,Orange County,CA,96163,Seafood,,CA_Restaurant_Scraper,C,"Restaurant, Seafood, POS_Prospect, Santa Ana",Auto-generated lead for PSDepot outreach. Type: Seafood,2026-04-28,https://www.yelp.com/biz/las-deseafood-santa-ana,"https://maps.google.com/?q=1504+Mission+St,Santa+Ana,CA",4.0,379,$5M+,1-10,High,Orange County
Barbara,Lopez,info@rodriguezsrestaurant.com,(714) 372-6536,Rodriguez's Restaurant,9164 Second St,Santa Ana,Orange County,CA,90484,Restaurant,,CA_Restaurant_Scraper,B,"Restaurant, Restaurant, POS_Prospect, Santa Ana",Auto-generated lead for PSDepot outreach. Type: Restaurant,2026-04-28,https://www.yelp.com/biz/rodriguezs-restaurant-santa-ana,"https://maps.google.com/?q=9164+Second+St,Santa+Ana,CA",3.9,447,$1M-$2.5M,1-10,Medium,Orange County
Pedro,Brown,info@brownsbistro.com,(714) 995-5517,Brown's Bistro,3828 Pine St,Santa Ana,Orange County,CA,92703,Bistro,,CA_Restaurant_Scraper,A,"Restaurant, Bistro, POS_Prospect, Santa Ana",Auto-generated lead for PSDepot outreach. Type: Bistro,2026-04-28,https://www.yelp.com/biz/browns-bistro-santa-ana,"https://maps.google.com/?q=3828+Pine+St,Santa+Ana,CA",4.7,56,$2.5M-$5M,1-10,High,Orange County
Jennifer,Torres,info@cafedelkitchen.com,(714) 234-6000,Cafe DelKitchen,3010 Broadway,Santa Ana,Orange County,CA,91056,Cafe,https://www.cafedelkitchen.com,CA_Restaurant_Scraper,A,"Restaurant, Cafe, POS_Prospect, Santa Ana",Auto-generated lead for PSDepot outreach. Type: Cafe,2026-04-28,https://www.yelp.com/biz/cafe-delkitchen-santa-ana,"https://maps.google.com/?q=3010+Broadway,Santa+Ana,CA",4.2,231,$5M+,51-100,High,Orange County
Mark,Garcia,info@riverasbistro.com,(714) 694-9831,Rivera's Bistro,4588 Mission St,Santa Ana,Orange County,CA,95017,Bistro,,CA_Restaurant_Scraper,A,"Restaurant, Bistro, POS_Prospect, Santa Ana",Auto-generated lead for PSDepot outreach. Type: Bistro,2026-04-28,https://www.yelp.com/biz/riveras-bistro-santa-ana,"https://maps.google.com/?q=4588+Mission+St,Santa+Ana,CA",3.4,414,$2.5M-$5M,51-100,High,Orange County
Anthony,Johnson,info@riverasgrill.com,(657) 225-4527,Rivera's Grill,3210 Market St,Santa Ana,Orange County,CA,90831,Grill,,CA_Restaurant_Scraper,C,"Restaurant, Grill, POS_Prospect, Santa Ana",Auto-generated lead for PSDepot outreach. Type: Grill,2026-04-28,https://www.yelp.com/biz/riveras-grill-santa-ana,"https://maps.google.com/?q=3210+Market+St,Santa+Ana,CA",,,$1M-$2.5M,26-50,Medium,Orange County
Patricia,Gonzalez,info@santacoffee.com,(657) 842-3942,Santa Coffee,4169 Mission St,Santa Ana,Orange County,CA,90031,Coffee,,CA_Restaurant_Scraper,C,"Restaurant, Coffee, POS_Prospect, Santa Ana",Auto-generated lead for PSDepot outreach. Type: Coffee,2026-04-28,,"https://maps.google.com/?q=4169+Mission+St,Santa+Ana,CA",3.9,217,$1M-$2.5M,1-10,Medium,Orange County
Lisa,Gomez,,(714) 238-8381,Casa DelCoffee,5119 Sunset Blvd,Santa Ana,Orange County,CA,95970,Coffee,,CA_Restaurant_Scraper,C,"Restaurant, Coffee, POS_Prospect, Santa Ana",Auto-generated lead for PSDepot outreach. Type: Coffee,2026-04-28,https://www.yelp.com/biz/casa-delcoffee-santa-ana,"https://maps.google.com/?q=5119+Sunset+Blvd,Santa+Ana,CA",3.1,203,$1M-$2.5M,26-50,Medium,Orange County
Nancy,Hernandez,info@spotdeldiner.com,(714) 963-5900,Spot DelDiner,9407 Maple Ave,Santa Ana,Orange County,CA,94896,Diner,,CA_Restaurant_Scraper,B,"Restaurant, Diner, POS_Prospect, Santa Ana",Auto-generated lead for PSDepot outreach. Type: Diner,2026-04-28,https://www.yelp.com/biz/spot-deldiner-santa-ana,"https://maps.google.com/?q=9407+Maple+Ave,Santa+Ana,CA",,,$5M+,100+,High,Orange County
Steven,Flores,info@cornerdeldiner.com,(714) 782-1460,Corner DelDiner,4624 Maple Ave,Santa Ana,Orange County,CA,92403,Diner,,CA_Restaurant_Scraper,A,"Restaurant, Diner, POS_Prospect, Santa Ana",Auto-generated lead for PSDepot outreach. Type: Diner,2026-04-28,https://www.yelp.com/biz/corner-deldiner-santa-ana,"https://maps.google.com/?q=4624+Maple+Ave,Santa+Ana,CA",4.5,118,$5M+,100+,High,Orange County
Roberto,Brown,info@hernandezsrestaurant.com,(714) 769-4293,Hernandez's Restaurant,6349 Wilshire Blvd,Santa Ana,Orange County,CA,90229,Restaurant,,CA_Restaurant_Scraper,A,"Restaurant, Restaurant, POS_Prospect, Santa Ana",Auto-generated lead for PSDepot outreach. Type: Restaurant,2026-04-28,,"https://maps.google.com/?q=6349+Wilshire+Blvd,Santa+Ana,CA",3.3,124,$1M-$2.5M,26-50,Medium,Orange County
Jennifer,Gonzalez,,(657) 336-2624,Smith's Taqueria,1509 Broadway,Santa Ana,Orange County,CA,95781,Taqueria,https://www.smithstaqueria.com,CA_Restaurant_Scraper,C,"Restaurant, Taqueria, POS_Prospect, Santa Ana",Auto-generated lead for PSDepot outreach. Type: Taqueria,2026-04-28,,"https://maps.google.com/?q=1509+Broadway,Santa+Ana,CA",4.6,212,$5M+,100+,High,Orange County
Paul,Gonzalez,,(657) 879-6179,La Pizza,4507 Second St,Santa Ana,Orange County,CA,90819,Pizza,,CA_Restaurant_Scraper,B,"Restaurant, Pizza, POS_Prospect, Santa Ana",Auto-generated lead for PSDepot outreach. Type: Pizza,2026-04-28,https://www.yelp.com/biz/la-pizza-santa-ana,"https://maps.google.com/?q=4507+Second+St,Santa+Ana,CA",3.3,133,$1M-$2.5M,11-25,Medium,Orange County
William,Garcia,,(714) 673-2601,Rivera's Steakhouse,4163 Mission St,Santa Ana,Orange County,CA,93767,Steakhouse,,CA_Restaurant_Scraper,B,"Restaurant, Steakhouse, POS_Prospect, Santa Ana",Auto-generated lead for PSDepot outreach. Type: Steakhouse,2026-04-28,,"https://maps.google.com/?q=4163+Mission+St,Santa+Ana,CA",,,$1M-$2.5M,1-10,Medium,Orange County
Robert,Martinez,,(714) 965-1069,Red DeCoffee,3804 Sunset Blvd,Santa Ana,Orange County,CA,91776,Coffee,https://www.reddecoffee.com,CA_Restaurant_Scraper,B,"Restaurant, Coffee, POS_Prospect, Santa Ana",Auto-generated lead for PSDepot outreach. Type: Coffee,2026-04-28,https://www.yelp.com/biz/red-decoffee-santa-ana,"https://maps.google.com/?q=3804+Sunset+Blvd,Santa+Ana,CA",4.9,12,$2.5M-$5M,1-10,High,Orange County
Karen,Martinez,info@bigdelbargrill.com,(657) 577-4354,Big DelBar & Grill,2766 Ocean Ave,Santa Ana,Orange County,CA,95637,Bar & Grill,https://www.bigdelbarandgrill.com,CA_Restaurant_Scraper,C,"Restaurant, Bar & Grill, POS_Prospect, Santa Ana",Auto-generated lead for PSDepot outreach. Type: Bar & Grill,2026-04-28,,"https://maps.google.com/?q=2766+Ocean+Ave,Santa+Ana,CA",3.8,444,$5M+,11-25,High,Orange County
Jessica,Gonzalez,info@labarandgrill.com,(657) 779-8327,La Bar & Grill,6561 Pine St,Santa Ana,Orange County,CA,95049,Bar & Grill,,CA_Restaurant_Scraper,B,"Restaurant, Bar & Grill, POS_Prospect, Santa Ana",Auto-generated lead for PSDepot outreach. Type: Bar & Grill,2026-04-28,https://www.yelp.com/biz/la-bar-&-grill-santa-ana,"https://maps.google.com/?q=6561+Pine+St,Santa+Ana,CA",4.8,356,$5M+,11-25,High,Orange County
Betty,Martinez,,(714) 472-4570,Johnson's Bar & Grill,5257 Second St,Santa Ana,Orange County,CA,94769,Bar & Grill,,CA_Restaurant_Scraper,B,"Restaurant, Bar & Grill, POS_Prospect, Santa Ana",Auto-generated lead for PSDepot outreach. Type: Bar & Grill,2026-04-28,https://www.yelp.com/biz/johnsons-bar-&-grill-santa-ana,"https://maps.google.com/?q=5257+Second+St,Santa+Ana,CA",4.2,164,$500K-$1M,100+,Low,Orange County
Lisa,Miller,,(657) 772-2782,Kitchen DeBurger,5951 Elm St,Santa Ana,Orange County,CA,90213,Burger,,CA_Restaurant_Scraper,B,"Restaurant, Burger, POS_Prospect, Santa Ana",Auto-generated lead for PSDepot outreach. Type: Burger,2026-04-28,https://www.yelp.com/biz/kitchen-deburger-santa-ana,"https://maps.google.com/?q=5951+Elm+St,Santa+Ana,CA",4.6,426,$2.5M-$5M,26-50,High,Orange County
Christopher,Rodriguez,info@brownssteakhouse.com,(657) 440-3462,Brown's Steakhouse,2304 Pine St,Santa Ana,Orange County,CA,91488,Steakhouse,https://www.brownssteakhouse.com,CA_Restaurant_Scraper,A,"Restaurant, Steakhouse, POS_Prospect, Santa Ana",Auto-generated lead for PSDepot outreach. Type: Steakhouse,2026-04-28,https://www.yelp.com/biz/browns-steakhouse-santa-ana,"https://maps.google.com/?q=2304+Pine+St,Santa+Ana,CA",3.2,263,$2.5M-$5M,100+,High,Orange County
Daniel,Perez,info@silverdesushi.com,(714) 541-7712,Silver DeSushi,8427 Main St,Santa Ana,Orange County,CA,91019,Sushi,https://www.silverdesushi.com,CA_Restaurant_Scraper,A,"Restaurant, Sushi, POS_Prospect, Santa Ana",Auto-generated lead for PSDepot outreach. Type: Sushi,2026-04-28,https://www.yelp.com/biz/silver-desushi-santa-ana,"https://maps.google.com/?q=8427+Main+St,Santa+Ana,CA",4.9,181,$500K-$1M,1-10,Low,Orange County
Christopher,Davis,info@grilldeltacos.com,(657) 842-2652,Grill DelTacos,3633 Wilshire Blvd,Santa Ana,Orange County,CA,92904,Grill,,CA_Restaurant_Scraper,B,"Restaurant, Grill, POS_Prospect, Santa Ana",Auto-generated lead for PSDepot outreach. Type: Grill,2026-04-28,,"https://maps.google.com/?q=3633+Wilshire+Blvd,Santa+Ana,CA",3.5,34,$2.5M-$5M,26-50,High,Orange County
Carlos,Martinez,,(714) 610-9961,Santa DeBar & Grill,8108 Elm St,Santa Ana,Orange County,CA,95472,Bar & Grill,,CA_Restaurant_Scraper,C,"Restaurant, Bar & Grill, POS_Prospect, Santa Ana",Auto-generated lead for PSDepot outreach. Type: Bar & Grill,2026-04-28,,"https://maps.google.com/?q=8108+Elm+St,Santa+Ana,CA",3.6,478,$500K-$1M,100+,Low,Orange County
Mary,Miller,,(657) 633-6782,Bistro Taqueria,485 Cedar Ave,Santa Ana,Orange County,CA,95614,Taqueria,https://www.bistrotaqueria.com,CA_Restaurant_Scraper,A,"Restaurant, Taqueria, POS_Prospect, Santa Ana",Auto-generated lead for PSDepot outreach. Type: Taqueria,2026-04-28,,"https://maps.google.com/?q=485+Cedar+Ave,Santa+Ana,CA",3.4,188,$2.5M-$5M,51-100,High,Orange County
Lisa,Martinez,info@silverdecafe.com,(714) 644-2976,Silver DeCafe,5422 Market St,Santa Ana,Orange County,CA,93001,Cafe,,CA_Restaurant_Scraper,B,"Restaurant, Cafe, POS_Prospect, Santa Ana",Auto-generated lead for PSDepot outreach. Type: Cafe,2026-04-28,https://www.yelp.com/biz/silver-decafe-santa-ana,"https://maps.google.com/?q=5422+Market+St,Santa+Ana,CA",3.4,311,$5M+,100+,High,Orange County
Elizabeth,Garcia,info@goldenbakery.com,(657) 945-3794,Golden Bakery,7847 Pico Blvd,Santa Ana,Orange County,CA,95282,Bakery,https://www.goldenbakery.com,CA_Restaurant_Scraper,A,"Restaurant, Bakery, POS_Prospect, Santa Ana",Auto-generated lead for PSDepot outreach. Type: Bakery,2026-04-28,https://www.yelp.com/biz/golden-bakery-santa-ana,"https://maps.google.com/?q=7847+Pico+Blvd,Santa+Ana,CA",4.7,204,$5M+,51-100,High,Orange County
Juan,Rodriguez,info@jonesssushi.com,(714) 574-4598,Jones's Sushi,156 Washington Blvd,Santa Ana,Orange County,CA,91150,Sushi,https://www.jonesssushi.com,CA_Restaurant_Scraper,C,"Restaurant, Sushi, POS_Prospect, Santa Ana",Auto-generated lead for PSDepot outreach. Type: Sushi,2026-04-28,https://www.yelp.com/biz/joness-sushi-santa-ana,"https://maps.google.com/?q=156+Washington+Blvd,Santa+Ana,CA",4.3,274,$2.5M-$5M,11-25,High,Orange County
Robert,Gonzalez,info@greendelsushi.com,(657) 799-8654,Green DelSushi,8837 Pine St,Santa Ana,Orange County,CA,91662,Sushi,,CA_Restaurant_Scraper,C,"Restaurant, Sushi, POS_Prospect, Santa Ana",Auto-generated lead for PSDepot outreach. Type: Sushi,2026-04-28,https://www.yelp.com/biz/green-delsushi-santa-ana,"https://maps.google.com/?q=8837+Pine+St,Santa+Ana,CA",4.3,156,$1M-$2.5M,100+,Medium,Orange County
Maria,Flores,info@floressdiner.com,(714) 632-5877,Flores's Diner,6722 Broadway,Santa Ana,Orange County,CA,90249,Diner,,CA_Restaurant_Scraper,A,"Restaurant, Diner, POS_Prospect, Santa Ana",Auto-generated lead for PSDepot outreach. Type: Diner,2026-04-28,https://www.yelp.com/biz/floress-diner-santa-ana,"https://maps.google.com/?q=6722+Broadway,Santa+Ana,CA",5.0,113,$5M+,11-25,High,Orange County
Juan,Rivera,info@goldendecafe.com,(657) 856-7811,Golden DeCafe,8308 Jefferson St,Santa Ana,Orange County,CA,94839,Cafe,https://www.goldendecafe.com,CA_Restaurant_Scraper,A,"Restaurant, Cafe, POS_Prospect, Santa Ana",Auto-generated lead for PSDepot outreach. Type: Cafe,2026-04-28,https://www.yelp.com/biz/golden-decafe-santa-ana,"https://maps.google.com/?q=8308+Jefferson+St,Santa+Ana,CA",4.6,323,$500K-$1M,1-10,Low,Orange County
John,Gonzalez,info@kitchensteakhouse.com,(657) 477-9561,Kitchen Steakhouse,2575 Cedar Ave,Santa Ana,Orange County,CA,95309,Kitchen,,CA_Restaurant_Scraper,C,"Restaurant, Kitchen, POS_Prospect, Santa Ana",Auto-generated lead for PSDepot outreach. Type: Kitchen,2026-04-28,https://www.yelp.com/biz/kitchen-steakhouse-santa-ana,"https://maps.google.com/?q=2575+Cedar+Ave,Santa+Ana,CA",,,$1M-$2.5M,100+,Medium,Orange County
Roberto,Martinez,info@hernandezsdiner.com,(714) 332-8390,Hernandez's Diner,5895 Maple Ave,Santa Ana,Orange County,CA,92853,Diner,https://www.hernandezsdiner.com,CA_Restaurant_Scraper,A,"Restaurant, Diner, POS_Prospect, Santa Ana",Auto-generated lead for PSDepot outreach. Type: Diner,2026-04-28,https://www.yelp.com/biz/hernandezs-diner-santa-ana,"https://maps.google.com/?q=5895+Maple+Ave,Santa+Ana,CA",3.5,42,$2.5M-$5M,100+,High,Orange County
Patricia,Sanchez,info@bistrobakery.com,(657) 221-3867,Bistro Bakery,7625 Maple Ave,Santa Ana,Orange County,CA,95566,Bistro,https://www.bistrobakery.com,CA_Restaurant_Scraper,A,"Restaurant, Bistro, POS_Prospect, Santa Ana",Auto-generated lead for PSDepot outreach. Type: Bistro,2026-04-28,,"https://maps.google.com/?q=7625+Maple+Ave,Santa+Ana,CA",4.0,433,$5M+,51-100,High,Orange County
Barbara,Smith,,(657) 501-6624,Big DelCoffee,4609 Mission St,Santa Ana,Orange County,CA,94855,Coffee,,CA_Restaurant_Scraper,B,"Restaurant, Coffee, POS_Prospect, Santa Ana",Auto-generated lead for PSDepot outreach. Type: Coffee,2026-04-28,https://www.yelp.com/biz/big-delcoffee-santa-ana,"https://maps.google.com/?q=4609+Mission+St,Santa+Ana,CA",4.9,377,$5M+,100+,High,Orange County
Patricia,Rodriguez,info@johnsonscafe.com,(714) 761-8576,Johnson's Cafe,2720 Mission St,Santa Ana,Orange County,CA,94843,Cafe,,CA_Restaurant_Scraper,C,"Restaurant, Cafe, POS_Prospect, Santa Ana",Auto-generated lead for PSDepot outreach. Type: Cafe,2026-04-28,,"https://maps.google.com/?q=2720+Mission+St,Santa+Ana,CA",4.6,52,Under $500K,26-50,Low,Orange County
William,Torres,,(657) 851-3680,Little DelSteakhouse,8220 Mission St,Santa Ana,Orange County,CA,96783,Steakhouse,,CA_Restaurant_Scraper,A,"Restaurant, Steakhouse, POS_Prospect, Santa Ana",Auto-generated lead for PSDepot outreach. Type: Steakhouse,2026-04-28,https://www.yelp.com/biz/little-delsteakhouse-santa-ana,"https://maps.google.com/?q=8220+Mission+St,Santa+Ana,CA",4.8,11,$5M+,100+,High,Orange County
Susan,Johnson,,(657) 554-7274,Corner Tacos,6120 Cedar Ave,Santa Ana,Orange County,CA,90597,Tacos,,CA_Restaurant_Scraper,A,"Restaurant, Tacos, POS_Prospect, Santa Ana",Auto-generated lead for PSDepot outreach. Type: Tacos,2026-04-28,https://www.yelp.com/biz/corner-tacos-santa-ana,"https://maps.google.com/?q=6120+Cedar+Ave,Santa+Ana,CA",3.0,336,$500K-$1M,100+,Low,Orange County
Juan,Gonzalez,,(657) 640-2616,Rodriguez's Eatery,986 Jefferson St,Santa Ana,Orange County,CA,91835,Eatery,,CA_Restaurant_Scraper,B,"Restaurant, Eatery, POS_Prospect, Santa Ana",Auto-generated lead for PSDepot outreach. Type: Eatery,2026-04-28,https://www.yelp.com/biz/rodriguezs-eatery-santa-ana,"https://maps.google.com/?q=986+Jefferson+St,Santa+Ana,CA",5.0,203,$1M-$2.5M,11-25,Medium,Orange County
Sarah,Rodriguez,info@littlederestaurant.com,(714) 552-4370,Little DeRestaurant,2783 First St,Santa Ana,Orange County,CA,95154,Restaurant,,CA_Restaurant_Scraper,C,"Restaurant, Restaurant, POS_Prospect, Santa Ana",Auto-generated lead for PSDepot outreach. Type: Restaurant,2026-04-28,https://www.yelp.com/biz/little-derestaurant-santa-ana,"https://maps.google.com/?q=2783+First+St,Santa+Ana,CA",4.2,108,$2.5M-$5M,51-100,High,Orange County
Mary,Hernandez,info@housedelburritos.com,(657) 348-5852,House DelBurritos,8085 Wilshire Blvd,Santa Ana,Orange County,CA,91979,Burritos,,CA_Restaurant_Scraper,C,"Restaurant, Burritos, POS_Prospect, Santa Ana",Auto-generated lead for PSDepot outreach. Type: Burritos,2026-04-28,https://www.yelp.com/biz/house-delburritos-santa-ana,"https://maps.google.com/?q=8085+Wilshire+Blvd,Santa+Ana,CA",3.5,446,$5M+,26-50,High,Orange County
Robert,Jones,,(657) 685-9856,Santa DeBistro,3572 Mission St,Santa Ana,Orange County,CA,93134,Bistro,,CA_Restaurant_Scraper,C,"Restaurant, Bistro, POS_Prospect, Santa Ana",Auto-generated lead for PSDepot outreach. Type: Bistro,2026-04-28,https://www.yelp.com/biz/santa-debistro-santa-ana,"https://maps.google.com/?q=3572+Mission+St,Santa+Ana,CA",4.1,141,$500K-$1M,1-10,Low,Orange County
Ana,Garcia,info@grilldeleatery.com,(657) 227-6469,Grill DelEatery,2963 Washington Blvd,Santa Ana,Orange County,CA,95867,Eatery,,CA_Restaurant_Scraper,B,"Restaurant, Eatery, POS_Prospect, Santa Ana",Auto-generated lead for PSDepot outreach. Type: Eatery,2026-04-28,https://www.yelp.com/biz/grill-deleatery-santa-ana,"https://maps.google.com/?q=2963+Washington+Blvd,Santa+Ana,CA",4.8,355,$5M+,11-25,High,Orange County
Margaret,Perez,info@grilldebakery.com,(657) 542-5525,Grill DeBakery,9785 Pine St,Santa Ana,Orange County,CA,91928,Grill,,CA_Restaurant_Scraper,B,"Restaurant, Grill, POS_Prospect, Santa Ana",Auto-generated lead for PSDepot outreach. Type: Grill,2026-04-28,https://www.yelp.com/biz/grill-debakery-santa-ana,"https://maps.google.com/?q=9785+Pine+St,Santa+Ana,CA",4.3,410,$2.5M-$5M,11-25,High,Orange County
Lisa,Smith,info@torressbbq.com,(714) 319-4088,Torres's BBQ,7253 Broadway,Santa Ana,Orange County,CA,95551,BBQ,,CA_Restaurant_Scraper,C,"Restaurant, BBQ, POS_Prospect, Santa Ana",Auto-generated lead for PSDepot outreach. Type: BBQ,2026-04-28,,"https://maps.google.com/?q=7253+Broadway,Santa+Ana,CA",4.3,234,$2.5M-$5M,11-25,High,Orange County
Patricia,Rodriguez,info@thedeleatery.com,(714) 979-2022,The DelEatery,531 Oak St,Santa Ana,Orange County,CA,92484,Eatery,,CA_Restaurant_Scraper,B,"Restaurant, Eatery, POS_Prospect, Santa Ana",Auto-generated lead for PSDepot outreach. Type: Eatery,2026-04-28,,"https://maps.google.com/?q=531+Oak+St,Santa+Ana,CA",3.4,183,Under $500K,26-50,Low,Orange County
Mark,Sanchez,info@casadelsushi.com,(657) 407-3009,Casa DelSushi,5147 Elm St,Santa Ana,Orange County,CA,94895,Sushi,https://www.casadelsushi.com,CA_Restaurant_Scraper,B,"Restaurant, Sushi, POS_Prospect, Santa Ana",Auto-generated lead for PSDepot outreach. Type: Sushi,2026-04-28,https://www.yelp.com/biz/casa-delsushi-santa-ana,"https://maps.google.com/?q=5147+Elm+St,Santa+Ana,CA",3.7,372,$5M+,26-50,High,Orange County
Elizabeth,Gomez,,(657) 225-2251,Rivera's Taqueria,9687 Maple Ave,Santa Ana,Orange County,CA,95888,Taqueria,,CA_Restaurant_Scraper,C,"Restaurant, Taqueria, POS_Prospect, Santa Ana",Auto-generated lead for PSDepot outreach. Type: Taqueria,2026-04-28,https://www.yelp.com/biz/riveras-taqueria-santa-ana,"https://maps.google.com/?q=9687+Maple+Ave,Santa+Ana,CA",,,$500K-$1M,26-50,Low,Orange County
Nancy,Hernandez,,(714) 397-9374,Silver DelBistro,1606 Mission St,Santa Ana,Orange County,CA,94113,Bistro,https://www.silverdelbistro.com,CA_Restaurant_Scraper,A,"Restaurant, Bistro, POS_Prospect, Santa Ana",Auto-generated lead for PSDepot outreach. Type: Bistro,2026-04-28,https://www.yelp.com/biz/silver-delbistro-santa-ana,"https://maps.google.com/?q=1606+Mission+St,Santa+Ana,CA",3.7,23,Under $500K,51-100,Low,Orange County
Margaret,Rivera,info@ramirezstacos.com,(714) 929-8419,Ramirez's Tacos,4363 Jefferson St,Santa Ana,Orange County,CA,92423,Tacos,https://www.ramirezstacos.com,CA_Restaurant_Scraper,B,"Restaurant, Tacos, POS_Prospect, Santa Ana",Auto-generated lead for PSDepot outreach. Type: Tacos,2026-04-28,https://www.yelp.com/biz/ramirezs-tacos-santa-ana,"https://maps.google.com/?q=4363+Jefferson+St,Santa+Ana,CA",3.2,147,Under $500K,26-50,Low,Orange County
Carlos,Rodriguez,,(657) 975-8850,Silver DelEatery,5573 Hollywood Blvd,Santa Ana,Orange County,CA,91176,Eatery,https://www.silverdeleatery.com,CA_Restaurant_Scraper,B,"Restaurant, Eatery, POS_Prospect, Santa Ana",Auto-generated lead for PSDepot outreach. Type: Eatery,2026-04-28,https://www.yelp.com/biz/silver-deleatery-santa-ana,"https://maps.google.com/?q=5573+Hollywood+Blvd,Santa+Ana,CA",3.6,267,$5M+,1-10,High,Orange County
Richard,Smith,,(714) 310-3817,Golden DelKitchen,9135 Oak St,Santa Ana,Orange County,CA,94268,Kitchen,,CA_Restaurant_Scraper,C,"Restaurant, Kitchen, POS_Prospect, Santa Ana",Auto-generated lead for PSDepot outreach. Type: Kitchen,2026-04-28,https://www.yelp.com/biz/golden-delkitchen-santa-ana,"https://maps.google.com/?q=9135+Oak+St,Santa+Ana,CA",4.4,461,$2.5M-$5M,26-50,High,Orange County
Richard,Ramirez,info@housederestaurant.com,(714) 950-9279,House DeRestaurant,8769 Cedar Ave,Santa Ana,Orange County,CA,96190,Restaurant,,CA_Restaurant_Scraper,B,"Restaurant, Restaurant, POS_Prospect, Santa Ana",Auto-generated lead for PSDepot outreach. Type: Restaurant,2026-04-28,https://www.yelp.com/biz/house-derestaurant-santa-ana,"https://maps.google.com/?q=8769+Cedar+Ave,Santa+Ana,CA",3.4,494,$500K-$1M,51-100,Low,Orange County
Sarah,Garcia,info@bluedeburger.com,(714) 924-1272,Blue DeBurger,6047 Second St,Santa Ana,Orange County,CA,94540,Burger,,CA_Restaurant_Scraper,B,"Restaurant, Burger, POS_Prospect, Santa Ana",Auto-generated lead for PSDepot outreach. Type: Burger,2026-04-28,,"https://maps.google.com/?q=6047+Second+St,Santa+Ana,CA",4.3,411,$2.5M-$5M,100+,High,Orange County
Pedro,Johnson,info@bigdelburger.com,(657) 216-1882,Big DelBurger,2594 Jefferson St,Santa Ana,Orange County,CA,94327,Burger,,CA_Restaurant_Scraper,A,"Restaurant, Burger, POS_Prospect, Santa Ana",Auto-generated lead for PSDepot outreach. Type: Burger,2026-04-28,,"https://maps.google.com/?q=2594+Jefferson+St,Santa+Ana,CA",,,Under $500K,11-25,Low,Orange County
Elizabeth,Martinez,,(657) 783-8374,La DeDiner,1464 Washington Blvd,Santa Ana,Orange County,CA,96848,Diner,https://www.ladediner.com,CA_Restaurant_Scraper,A,"Restaurant, Diner, POS_Prospect, Santa Ana",Auto-generated lead for PSDepot outreach. Type: Diner,2026-04-28,,"https://maps.google.com/?q=1464+Washington+Blvd,Santa+Ana,CA",3.9,416,$1M-$2.5M,51-100,Medium,Orange County
Steven,Rivera,info@bigdeeatery.com,(714) 481-9818,Big DeEatery,4969 Washington Blvd,Santa Ana,Orange County,CA,94123,Eatery,https://www.bigdeeatery.com,CA_Restaurant_Scraper,B,"Restaurant, Eatery, POS_Prospect, Santa Ana",Auto-generated lead for PSDepot outreach. Type: Eatery,2026-04-28,,"https://maps.google.com/?q=4969+Washington+Blvd,Santa+Ana,CA",,,Under $500K,100+,Low,Orange County
Mark,Miller,,(714) 297-8639,Pueblo Pizza,4668 Maple Ave,Santa Ana,Orange County,CA,94218,Pizza,,CA_Restaurant_Scraper,B,"Restaurant, Pizza, POS_Prospect, Santa Ana",Auto-generated lead for PSDepot outreach. Type: Pizza,2026-04-28,https://www.yelp.com/biz/pueblo-pizza-santa-ana,"https://maps.google.com/?q=4668+Maple+Ave,Santa+Ana,CA",4.1,10,$2.5M-$5M,51-100,High,Orange County
Nancy,Hernandez,,(657) 430-2193,Brown's Taqueria,1226 Hollywood Blvd,Santa Ana,Orange County,CA,93089,Taqueria,,CA_Restaurant_Scraper,B,"Restaurant, Taqueria, POS_Prospect, Santa Ana",Auto-generated lead for PSDepot outreach. Type: Taqueria,2026-04-28,https://www.yelp.com/biz/browns-taqueria-santa-ana,"https://maps.google.com/?q=1226+Hollywood+Blvd,Santa+Ana,CA",,,$500K-$1M,11-25,Low,Orange County
Richard,Hernandez,info@cornerdelbakery.com,(714) 913-4121,Corner DelBakery,9444 Second St,Santa Ana,Orange County,CA,90136,Bakery,,CA_Restaurant_Scraper,A,"Restaurant, Bakery, POS_Prospect, Santa Ana",Auto-generated lead for PSDepot outreach. Type: Bakery,2026-04-28,,"https://maps.google.com/?q=9444+Second+St,Santa+Ana,CA",4.5,97,$500K-$1M,51-100,Low,Orange County
Susan,Torres,,(657) 949-9885,Las DeBakery,2632 Sunset Blvd,Santa Ana,Orange County,CA,91728,Bakery,https://www.lasdebakery.com,CA_Restaurant_Scraper,B,"Restaurant, Bakery, POS_Prospect, Santa Ana",Auto-generated lead for PSDepot outreach. Type: Bakery,2026-04-28,https://www.yelp.com/biz/las-debakery-santa-ana,"https://maps.google.com/?q=2632+Sunset+Blvd,Santa+Ana,CA",4.7,16,$500K-$1M,100+,Low,Orange County
Nancy,Lopez,info@goldendeburritos.com,(657) 521-7713,Golden DeBurritos,2254 Mission St,Santa Ana,Orange County,CA,96873,Burritos,https://www.goldendeburritos.com,CA_Restaurant_Scraper,A,"Restaurant, Burritos, POS_Prospect, Santa Ana",Auto-generated lead for PSDepot outreach. Type: Burritos,2026-04-28,https://www.yelp.com/biz/golden-deburritos-santa-ana,"https://maps.google.com/?q=2254+Mission+St,Santa+Ana,CA",,,$5M+,1-10,High,Orange County
Pedro,Garcia,info@bluedelpizza.com,(657) 661-7467,Blue DelPizza,7037 Pine St,Santa Ana,Orange County,CA,95442,Pizza,https://www.bluedelpizza.com,CA_Restaurant_Scraper,B,"Restaurant, Pizza, POS_Prospect, Santa Ana",Auto-generated lead for PSDepot outreach. Type: Pizza,2026-04-28,https://www.yelp.com/biz/blue-delpizza-santa-ana,"https://maps.google.com/?q=7037+Pine+St,Santa+Ana,CA",3.9,489,$500K-$1M,11-25,Low,Orange County
James,Brown,info@silverdebargrill.com,(714) 210-9206,Silver DeBar & Grill,1076 Washington Blvd,Santa Ana,Orange County,CA,92769,Bar & Grill,,CA_Restaurant_Scraper,C,"Restaurant, Bar & Grill, POS_Prospect, Santa Ana",Auto-generated lead for PSDepot outreach. Type: Bar & Grill,2026-04-28,https://www.yelp.com/biz/silver-debar-&-grill-santa-ana,"https://maps.google.com/?q=1076+Washington+Blvd,Santa+Ana,CA",3.4,453,$2.5M-$5M,51-100,High,Orange County
Elizabeth,Rodriguez,info@davissdiner.com,(714) 842-7383,Davis's Diner,2133 Mission St,Santa Ana,Orange County,CA,96999,Diner,,CA_Restaurant_Scraper,C,"Restaurant, Diner, POS_Prospect, Santa Ana",Auto-generated lead for PSDepot outreach. Type: Diner,2026-04-28,,"https://maps.google.com/?q=2133+Mission+St,Santa+Ana,CA",4.5,117,$1M-$2.5M,51-100,Medium,Orange County
Carlos,Ramirez,info@lopezsseafood.com,(657) 748-9814,Lopez's Seafood,7377 Main St,Santa Ana,Orange County,CA,95083,Seafood,https://www.lopezsseafood.com,CA_Restaurant_Scraper,A,"Restaurant, Seafood, POS_Prospect, Santa Ana",Auto-generated lead for PSDepot outreach. Type: Seafood,2026-04-28,https://www.yelp.com/biz/lopezs-seafood-santa-ana,"https://maps.google.com/?q=7377+Main+St,Santa+Ana,CA",3.2,148,Under $500K,1-10,Low,Orange County
Pedro,Gonzalez,,(714) 798-2081,Red DeSteakhouse,2408 Oak St,Santa Ana,Orange County,CA,96170,Steakhouse,,CA_Restaurant_Scraper,A,"Restaurant, Steakhouse, POS_Prospect, Santa Ana",Auto-generated lead for PSDepot outreach. Type: Steakhouse,2026-04-28,https://www.yelp.com/biz/red-desteakhouse-santa-ana,"https://maps.google.com/?q=2408+Oak+St,Santa+Ana,CA",,,Under $500K,1-10,Low,Orange County
Linda,Lopez,info@cornerseafood.com,(657) 547-7217,Corner Seafood,6343 Third St,Santa Ana,Orange County,CA,90810,Seafood,,CA_Restaurant_Scraper,B,"Restaurant, Seafood, POS_Prospect, Santa Ana",Auto-generated lead for PSDepot outreach. Type: Seafood,2026-04-28,https://www.yelp.com/biz/corner-seafood-santa-ana,"https://maps.google.com/?q=6343+Third+St,Santa+Ana,CA",4.1,468,$5M+,11-25,High,Orange County
Margaret,Hernandez,info@kitchendeltacos.com,(714) 547-1730,Kitchen DelTacos,1361 Broadway,Santa Ana,Orange County,CA,93575,Kitchen,,CA_Restaurant_Scraper,B,"Restaurant, Kitchen, POS_Prospect, Santa Ana",Auto-generated lead for PSDepot outreach. Type: Kitchen,2026-04-28,,"https://maps.google.com/?q=1361+Broadway,Santa+Ana,CA",4.2,83,$500K-$1M,1-10,Low,Orange County
Maria,Miller,,(714) 430-1913,Golden Seafood,6984 Ocean Ave,Santa Ana,Orange County,CA,92660,Seafood,https://www.goldenseafood.com,CA_Restaurant_Scraper,A,"Restaurant, Seafood, POS_Prospect, Santa Ana",Auto-generated lead for PSDepot outreach. Type: Seafood,2026-04-28,https://www.yelp.com/biz/golden-seafood-santa-ana,"https://maps.google.com/?q=6984+Ocean+Ave,Santa+Ana,CA",3.1,164,$5M+,11-25,High,Orange County
Matthew,Hernandez,info@lopezsbbq.com,(714) 333-7679,Lopez's BBQ,1846 Pine St,Santa Ana,Orange County,CA,93552,BBQ,https://www.lopezsbbq.com,CA_Restaurant_Scraper,B,"Restaurant, BBQ, POS_Prospect, Santa Ana",Auto-generated lead for PSDepot outreach. Type: BBQ,2026-04-28,https://www.yelp.com/biz/lopezs-bbq-santa-ana,"https://maps.google.com/?q=1846+Pine+St,Santa+Ana,CA",4.7,365,$5M+,11-25,High,Orange County
Pedro,Perez,,(714) 325-2526,Kitchen DelRestaurant,9634 Ocean Ave,Santa Ana,Orange County,CA,90603,Restaurant,,CA_Restaurant_Scraper,B,"Restaurant, Restaurant, POS_Prospect, Santa Ana",Auto-generated lead for PSDepot outreach. Type: Restaurant,2026-04-28,https://www.yelp.com/biz/kitchen-delrestaurant-santa-ana,"https://maps.google.com/?q=9634+Ocean+Ave,Santa+Ana,CA",4.0,392,$1M-$2.5M,100+,Medium,Orange County
Elizabeth,Miller,,(657) 239-8371,San Coffee,3083 Elm St,Santa Ana,Orange County,CA,96286,Coffee,https://www.sancoffee.com,CA_Restaurant_Scraper,A,"Restaurant, Coffee, POS_Prospect, Santa Ana",Auto-generated lead for PSDepot outreach. Type: Coffee,2026-04-28,https://www.yelp.com/biz/san-coffee-santa-ana,"https://maps.google.com/?q=3083+Elm+St,Santa+Ana,CA",3.5,498,$2.5M-$5M,1-10,High,Orange County
Jessica,Gonzalez,info@bigdiner.com,(714) 362-4713,Big Diner,4073 Second St,Santa Ana,Orange County,CA,92070,Diner,,CA_Restaurant_Scraper,B,"Restaurant, Diner, POS_Prospect, Santa Ana",Auto-generated lead for PSDepot outreach. Type: Diner,2026-04-28,https://www.yelp.com/biz/big-diner-santa-ana,"https://maps.google.com/?q=4073+Second+St,Santa+Ana,CA",,,Under $500K,1-10,Low,Orange County
Pedro,Miller,info@riverasdiner.com,(714) 754-1743,Rivera's Diner,8712 Broadway,Santa Ana,Orange County,CA,90961,Diner,https://www.riverasdiner.com,CA_Restaurant_Scraper,A,"Restaurant, Diner, POS_Prospect, Santa Ana",Auto-generated lead for PSDepot outreach. Type: Diner,2026-04-28,https://www.yelp.com/biz/riveras-diner-santa-ana,"https://maps.google.com/?q=8712+Broadway,Santa+Ana,CA",4.4,146,$500K-$1M,100+,Low,Orange County
Margaret,Torres,,(714) 791-9423,The Diner,1973 Ocean Ave,Santa Ana,Orange County,CA,90904,Diner,,CA_Restaurant_Scraper,B,"Restaurant, Diner, POS_Prospect, Santa Ana",Auto-generated lead for PSDepot outreach. Type: Diner,2026-04-28,,"https://maps.google.com/?q=1973+Ocean+Ave,Santa+Ana,CA",4.6,182,$5M+,11-25,High,Orange County
Anthony,Hernandez,info@gonzalezstacos.com,(714) 736-7777,Gonzalez's Tacos,8802 Cedar Ave,Santa Ana,Orange County,CA,90813,Tacos,,CA_Restaurant_Scraper,B,"Restaurant, Tacos, POS_Prospect, Santa Ana",Auto-generated lead for PSDepot outreach. Type: Tacos,2026-04-28,https://www.yelp.com/biz/gonzalezs-tacos-santa-ana,"https://maps.google.com/?q=8802+Cedar+Ave,Santa+Ana,CA",4.0,408,Under $500K,100+,Low,Orange County
Mark,Brown,,(714) 239-9439,Brown's Burritos,7732 Main St,Santa Ana,Orange County,CA,90212,Burritos,https://www.brownsburritos.com,CA_Restaurant_Scraper,C,"Restaurant, Burritos, POS_Prospect, Santa Ana",Auto-generated lead for PSDepot outreach. Type: Burritos,2026-04-28,,"https://maps.google.com/?q=7732+Main+St,Santa+Ana,CA",3.9,125,Under $500K,51-100,Low,Orange County
Pedro,Martinez,,(714) 861-3945,Garcia's Burritos,3147 Mission St,Santa Ana,Orange County,CA,96337,Burritos,,CA_Restaurant_Scraper,B,"Restaurant, Burritos, POS_Prospect, Santa Ana",Auto-generated lead for PSDepot outreach. Type: Burritos,2026-04-28,,"https://maps.google.com/?q=3147+Mission+St,Santa+Ana,CA",,,Under $500K,51-100,Low,Orange County
Carlos,Torres,,(714) 571-8201,Rivera's Pizza,2134 Wilshire Blvd,Santa Ana,Orange County,CA,95791,Pizza,,CA_Restaurant_Scraper,C,"Restaurant, Pizza, POS_Prospect, Santa Ana",Auto-generated lead for PSDepot outreach. Type: Pizza,2026-04-28,https://www.yelp.com/biz/riveras-pizza-santa-ana,"https://maps.google.com/?q=2134+Wilshire+Blvd,Santa+Ana,CA",,,$2.5M-$5M,1-10,High,Orange County
Betty,Gomez,,(657) 473-7118,Corner Eatery,7996 Maple Ave,Santa Ana,Orange County,CA,92991,Eatery,https://www.cornereatery.com,CA_Restaurant_Scraper,A,"Restaurant, Eatery, POS_Prospect, Santa Ana",Auto-generated lead for PSDepot outreach. Type: Eatery,2026-04-28,https://www.yelp.com/biz/corner-eatery-santa-ana,"https://maps.google.com/?q=7996+Maple+Ave,Santa+Ana,CA",3.5,153,$5M+,100+,High,Orange County
Jessica,Ramirez,info@torresskitchen.com,(657) 980-9758,Torres's Kitchen,3351 Broadway,Santa Ana,Orange County,CA,92225,Kitchen,,CA_Restaurant_Scraper,A,"Restaurant, Kitchen, POS_Prospect, Santa Ana",Auto-generated lead for PSDepot outreach. Type: Kitchen,2026-04-28,https://www.yelp.com/biz/torress-kitchen-santa-ana,"https://maps.google.com/?q=3351+Broadway,Santa+Ana,CA",,,$500K-$1M,26-50,Low,Orange County
Daniel,Gomez,info@bistroburritos.com,(657) 701-7570,Bistro Burritos,9382 Jefferson St,Santa Ana,Orange County,CA,90219,Bistro,,CA_Restaurant_Scraper,A,"Restaurant, Bistro, POS_Prospect, Santa Ana",Auto-generated lead for PSDepot outreach. Type: Bistro,2026-04-28,https://www.yelp.com/biz/bistro-burritos-santa-ana,"https://maps.google.com/?q=9382+Jefferson+St,Santa+Ana,CA",,,$2.5M-$5M,26-50,High,Orange County
Robert,Gomez,info@greendeltaqueria.com,(657) 402-9599,Green DelTaqueria,3976 Main St,Santa Ana,Orange County,CA,95949,Taqueria,https://www.greendeltaqueria.com,CA_Restaurant_Scraper,C,"Restaurant, Taqueria, POS_Prospect, Santa Ana",Auto-generated lead for PSDepot outreach. Type: Taqueria,2026-04-28,,"https://maps.google.com/?q=3976+Main+St,Santa+Ana,CA",3.9,151,Under $500K,51-100,Low,Orange County
Pedro,Martinez,info@littledeseafood.com,(657) 693-1585,Little DeSeafood,2033 Washington Blvd,Santa Ana,Orange County,CA,92926,Seafood,,CA_Restaurant_Scraper,B,"Restaurant, Seafood, POS_Prospect, Santa Ana",Auto-generated lead for PSDepot outreach. Type: Seafood,2026-04-28,,"https://maps.google.com/?q=2033+Washington+Blvd,Santa+Ana,CA",3.2,334,$2.5M-$5M,1-10,High,Orange County
Juan,Davis,info@sansteakhouse.com,(714) 355-3168,San Steakhouse,642 Main St,Santa Ana,Orange County,CA,92587,Steakhouse,,CA_Restaurant_Scraper,B,"Restaurant, Steakhouse, POS_Prospect, Santa Ana",Auto-generated lead for PSDepot outreach. Type: Steakhouse,2026-04-28,https://www.yelp.com/biz/san-steakhouse-santa-ana,"https://maps.google.com/?q=642+Main+St,Santa+Ana,CA",4.5,12,Under $500K,51-100,Low,Orange County
Daniel,Williams,,(714) 922-1503,Los DeGrill,1190 Hollywood Blvd,Santa Ana,Orange County,CA,91162,Grill,https://www.losdegrill.com,CA_Restaurant_Scraper,A,"Restaurant, Grill, POS_Prospect, Santa Ana",Auto-generated lead for PSDepot outreach. Type: Grill,2026-04-28,https://www.yelp.com/biz/los-degrill-santa-ana,"https://maps.google.com/?q=1190+Hollywood+Blvd,Santa+Ana,CA",4.2,350,$5M+,26-50,High,Orange County
Susan,Martinez,info@cafedesushi.com,(714) 821-1672,Cafe DeSushi,1684 Wilshire Blvd,Santa Ana,Orange County,CA,93004,Cafe,,CA_Restaurant_Scraper,C,"Restaurant, Cafe, POS_Prospect, Santa Ana",Auto-generated lead for PSDepot outreach. Type: Cafe,2026-04-28,,"https://maps.google.com/?q=1684+Wilshire+Blvd,Santa+Ana,CA",5.0,438,$5M+,11-25,High,Orange County
Margaret,Hernandez,info@sanderestaurant.com,(714) 284-1508,San DeRestaurant,4931 Broadway,Santa Ana,Orange County,CA,95535,Restaurant,,CA_Restaurant_Scraper,B,"Restaurant, Restaurant, POS_Prospect, Santa Ana",Auto-generated lead for PSDepot outreach. Type: Restaurant,2026-04-28,,"https://maps.google.com/?q=4931+Broadway,Santa+Ana,CA",4.8,381,$2.5M-$5M,100+,High,Orange County
William,Torres,info@greendebakery.com,(714) 500-7191,Green DeBakery,9506 Main St,Santa Ana,Orange County,CA,96912,Bakery,,CA_Restaurant_Scraper,A,"Restaurant, Bakery, POS_Prospect, Santa Ana",Auto-generated lead for PSDepot outreach. Type: Bakery,2026-04-28,,"https://maps.google.com/?q=9506+Main+St,Santa+Ana,CA",4.6,177,Under $500K,26-50,Low,Orange County
Elizabeth,Hernandez,,(714) 603-7928,Lopez's Cafe,8288 Second St,Santa Ana,Orange County,CA,92351,Cafe,,CA_Restaurant_Scraper,A,"Restaurant, Cafe, POS_Prospect, Santa Ana",Auto-generated lead for PSDepot outreach. Type: Cafe,2026-04-28,https://www.yelp.com/biz/lopezs-cafe-santa-ana,"https://maps.google.com/?q=8288+Second+St,Santa+Ana,CA",3.7,494,Under $500K,51-100,Low,Orange County
Anthony,Hernandez,,(714) 615-4651,Casa DeBakery,8994 Ocean Ave,Santa Ana,Orange County,CA,93215,Bakery,,CA_Restaurant_Scraper,B,"Restaurant, Bakery, POS_Prospect, Santa Ana",Auto-generated lead for PSDepot outreach. Type: Bakery,2026-04-28,https://www.yelp.com/biz/casa-debakery-santa-ana,"https://maps.google.com/?q=8994+Ocean+Ave,Santa+Ana,CA",3.5,183,Under $500K,100+,Low,Orange County
Carlos,Torres,info@lassteakhouse.com,(714) 842-3202,Las Steakhouse,330 Hollywood Blvd,Santa Ana,Orange County,CA,91772,Steakhouse,https://www.lassteakhouse.com,CA_Restaurant_Scraper,B,"Restaurant, Steakhouse, POS_Prospect, Santa Ana",Auto-generated lead for PSDepot outreach. Type: Steakhouse,2026-04-28,,"https://maps.google.com/?q=330+Hollywood+Blvd,Santa+Ana,CA",,,$500K-$1M,1-10,Low,Orange County
Roberto,Torres,info@sandeltaqueria.com,(657) 319-2972,San DelTaqueria,2966 Jefferson St,Santa Ana,Orange County,CA,95230,Taqueria,,CA_Restaurant_Scraper,B,"Restaurant, Taqueria, POS_Prospect, Santa Ana",Auto-generated lead for PSDepot outreach. Type: Taqueria,2026-04-28,,"https://maps.google.com/?q=2966+Jefferson+St,Santa+Ana,CA",4.9,288,$5M+,26-50,High,Orange County
Anthony,Sanchez,,(657) 410-1848,Blue DeGrill,5062 First St,Santa Ana,Orange County,CA,96537,Grill,,CA_Restaurant_Scraper,B,"Restaurant, Grill, POS_Prospect, Santa Ana",Auto-generated lead for PSDepot outreach. Type: Grill,2026-04-28,,"https://maps.google.com/?q=5062+First+St,Santa+Ana,CA",4.7,326,$5M+,1-10,High,Orange County
Anthony,Lopez,info@goldendebargrill.com,(657) 789-4197,Golden DeBar & Grill,2642 Hollywood Blvd,Santa Ana,Orange County,CA,93598,Bar & Grill,,CA_Restaurant_Scraper,B,"Restaurant, Bar & Grill, POS_Prospect, Santa Ana",Auto-generated lead for PSDepot outreach. Type: Bar & Grill,2026-04-28,https://www.yelp.com/biz/golden-debar-&-grill-santa-ana,"https://maps.google.com/?q=2642+Hollywood+Blvd,Santa+Ana,CA",3.5,437,$500K-$1M,11-25,Low,Orange County
Steven,Johnson,info@spotdeltaqueria.com,(714) 245-4227,Spot DelTaqueria,821 Washington Blvd,Santa Ana,Orange County,CA,95265,Taqueria,,CA_Restaurant_Scraper,B,"Restaurant, Taqueria, POS_Prospect, Santa Ana",Auto-generated lead for PSDepot outreach. Type: Taqueria,2026-04-28,,"https://maps.google.com/?q=821+Washington+Blvd,Santa+Ana,CA",4.6,233,Under $500K,1-10,Low,Orange County
Robert,Torres,info@millerssushi.com,(657) 496-2990,Miller's Sushi,2926 Cedar Ave,Santa Ana,Orange County,CA,96045,Sushi,https://www.millerssushi.com,CA_Restaurant_Scraper,C,"Restaurant, Sushi, POS_Prospect, Santa Ana",Auto-generated lead for PSDepot outreach. Type: Sushi,2026-04-28,,"https://maps.google.com/?q=2926+Cedar+Ave,Santa+Ana,CA",3.8,255,Under $500K,1-10,Low,Orange County
Elizabeth,Martinez,,(714) 902-9346,Johnson's Taqueria,3591 Cedar Ave,Santa Ana,Orange County,CA,91111,Taqueria,,CA_Restaurant_Scraper,C,"Restaurant, Taqueria, POS_Prospect, Santa Ana",Auto-generated lead for PSDepot outreach. Type: Taqueria,2026-04-28,https://www.yelp.com/biz/johnsons-taqueria-santa-ana,"https://maps.google.com/?q=3591+Cedar+Ave,Santa+Ana,CA",3.2,135,$5M+,51-100,High,Orange County
William,Gonzalez,,(714) 778-4912,Los DelPizza,7733 Hollywood Blvd,Santa Ana,Orange County,CA,91328,Pizza,https://www.losdelpizza.com,CA_Restaurant_Scraper,B,"Restaurant, Pizza, POS_Prospect, Santa Ana",Auto-generated lead for PSDepot outreach. Type: Pizza,2026-04-28,,"https://maps.google.com/?q=7733+Hollywood+Blvd,Santa+Ana,CA",4.8,62,$5M+,1-10,High,Orange County
Sarah,Hernandez,info@reddelbakery.com,(657) 531-8900,Red DelBakery,1274 Market St,Santa Ana,Orange County,CA,92544,Bakery,,CA_Restaurant_Scraper,B,"Restaurant, Bakery, POS_Prospect, Santa Ana",Auto-generated lead for PSDepot outreach. Type: Bakery,2026-04-28,https://www.yelp.com/biz/red-delbakery-santa-ana,"https://maps.google.com/?q=1274+Market+St,Santa+Ana,CA",4.7,67,$2.5M-$5M,100+,High,Orange County
Susan,Martinez,,(714) 645-7080,Green Taqueria,3178 Market St,Santa Ana,Orange County,CA,91522,Taqueria,,CA_Restaurant_Scraper,A,"Restaurant, Taqueria, POS_Prospect, Santa Ana",Auto-generated lead for PSDepot outreach. Type: Taqueria,2026-04-28,https://www.yelp.com/biz/green-taqueria-santa-ana,"https://maps.google.com/?q=3178+Market+St,Santa+Ana,CA",3.5,346,$1M-$2.5M,100+,Medium,Orange County
Roberto,Davis,info@pueblodebistro.com,(714) 794-6363,Pueblo DeBistro,4969 Cedar Ave,Santa Ana,Orange County,CA,91263,Bistro,,CA_Restaurant_Scraper,C,"Restaurant, Bistro, POS_Prospect, Santa Ana",Auto-generated lead for PSDepot outreach. Type: Bistro,2026-04-28,https://www.yelp.com/biz/pueblo-debistro-santa-ana,"https://maps.google.com/?q=4969+Cedar+Ave,Santa+Ana,CA",3.9,315,$2.5M-$5M,51-100,High,Orange County
Matthew,Miller,,(714) 920-2398,Blue DelBistro,473 Jefferson St,Santa Ana,Orange County,CA,90151,Bistro,https://www.bluedelbistro.com,CA_Restaurant_Scraper,C,"Restaurant, Bistro, POS_Prospect, Santa Ana",Auto-generated lead for PSDepot outreach. Type: Bistro,2026-04-28,,"https://maps.google.com/?q=473+Jefferson+St,Santa+Ana,CA",4.7,234,$1M-$2.5M,100+,Medium,Orange County
Paul,Gomez,info@spotbakery.com,(657) 938-2074,Spot Bakery,9274 Pine St,Santa Ana,Orange County,CA,94721,Bakery,,CA_Restaurant_Scraper,A,"Restaurant, Bakery, POS_Prospect, Santa Ana",Auto-generated lead for PSDepot outreach. Type: Bakery,2026-04-28,https://www.yelp.com/biz/spot-bakery-santa-ana,"https://maps.google.com/?q=9274+Pine+St,Santa+Ana,CA",,,$500K-$1M,1-10,Low,Orange County
Mark,Gonzalez,info@bistrodetaqueria.com,(657) 957-7444,Bistro DeTaqueria,9897 Jefferson St,Santa Ana,Orange County,CA,95422,Taqueria,,CA_Restaurant_Scraper,A,"Restaurant, Taqueria, POS_Prospect, Santa Ana",Auto-generated lead for PSDepot outreach. Type: Taqueria,2026-04-28,https://www.yelp.com/biz/bistro-detaqueria-santa-ana,"https://maps.google.com/?q=9897+Jefferson+St,Santa+Ana,CA",4.7,100,$2.5M-$5M,100+,High,Orange County
Daniel,Brown,,(714) 989-8010,Bistro DeBBQ,8996 Wilshire Blvd,Santa Ana,Orange County,CA,94385,Bistro,,CA_Restaurant_Scraper,B,"Restaurant, Bistro, POS_Prospect, Santa Ana",Auto-generated lead for PSDepot outreach. Type: Bistro,2026-04-28,https://www.yelp.com/biz/bistro-debbq-santa-ana,"https://maps.google.com/?q=8996+Wilshire+Blvd,Santa+Ana,CA",3.9,332,$5M+,26-50,High,Orange County
Christopher,Davis,info@bistrodediner.com,(657) 941-8299,Bistro DeDiner,3307 Jefferson St,Santa Ana,Orange County,CA,92076,Diner,,CA_Restaurant_Scraper,C,"Restaurant, Diner, POS_Prospect, Santa Ana",Auto-generated lead for PSDepot outreach. Type: Diner,2026-04-28,,"https://maps.google.com/?q=3307+Jefferson+St,Santa+Ana,CA",3.6,80,$500K-$1M,26-50,Low,Orange County
Christopher,Miller,info@jonesskitchen.com,(714) 650-3862,Jones's Kitchen,9400 First St,Santa Ana,Orange County,CA,91809,Kitchen,https://www.jonesskitchen.com,CA_Restaurant_Scraper,B,"Restaurant, Kitchen, POS_Prospect, Santa Ana",Auto-generated lead for PSDepot outreach. Type: Kitchen,2026-04-28,,"https://maps.google.com/?q=9400+First+St,Santa+Ana,CA",4.3,132,$1M-$2.5M,1-10,Medium,Orange County
Pedro,Gomez,info@brownsbakery.com,(657) 370-4724,Brown's Bakery,7904 Oak St,Santa Ana,Orange County,CA,90529,Bakery,,CA_Restaurant_Scraper,C,"Restaurant, Bakery, POS_Prospect, Santa Ana",Auto-generated lead for PSDepot outreach. Type: Bakery,2026-04-28,,"https://maps.google.com/?q=7904+Oak+St,Santa+Ana,CA",3.0,217,$5M+,100+,High,Orange County
Anthony,Davis,,(714) 446-7870,Garcia's Pizza,1724 Market St,Santa Ana,Orange County,CA,96229,Pizza,https://www.garciaspizza.com,CA_Restaurant_Scraper,C,"Restaurant, Pizza, POS_Prospect, Santa Ana",Auto-generated lead for PSDepot outreach. Type: Pizza,2026-04-28,,"https://maps.google.com/?q=1724+Market+St,Santa+Ana,CA",3.1,227,$1M-$2.5M,26-50,Medium,Orange County
Maria,Garcia,info@riveraseatery.com,(714) 567-6602,Rivera's Eatery,1455 Jefferson St,Santa Ana,Orange County,CA,94193,Eatery,https://www.riveraseatery.com,CA_Restaurant_Scraper,A,"Restaurant, Eatery, POS_Prospect, Santa Ana",Auto-generated lead for PSDepot outreach. Type: Eatery,2026-04-28,,"https://maps.google.com/?q=1455+Jefferson+St,Santa+Ana,CA",3.5,51,Under $500K,100+,Low,Orange County
Jennifer,Hernandez,info@bistrokitchen.com,(714) 719-9430,Bistro Kitchen,2300 Broadway,Santa Ana,Orange County,CA,94708,Kitchen,,CA_Restaurant_Scraper,B,"Restaurant, Kitchen, POS_Prospect, Santa Ana",Auto-generated lead for PSDepot outreach. Type: Kitchen,2026-04-28,,"https://maps.google.com/?q=2300+Broadway,Santa+Ana,CA",4.5,104,$1M-$2.5M,26-50,Medium,Orange County
Paul,Hernandez,,(714) 761-3318,The Burger,5576 Sunset Blvd,Santa Ana,Orange County,CA,92685,Burger,,CA_Restaurant_Scraper,C,"Restaurant, Burger, POS_Prospect, Santa Ana",Auto-generated lead for PSDepot outreach. Type: Burger,2026-04-28,https://www.yelp.com/biz/the-burger-santa-ana,"https://maps.google.com/?q=5576+Sunset+Blvd,Santa+Ana,CA",3.1,178,$1M-$2.5M,11-25,Medium,Orange County
David,Miller,info@kitchendediner.com,(714) 435-1257,Kitchen DeDiner,1400 Sunset Blvd,Santa Ana,Orange County,CA,90418,Diner,,CA_Restaurant_Scraper,C,"Restaurant, Diner, POS_Prospect, Santa Ana",Auto-generated lead for PSDepot outreach. Type: Diner,2026-04-28,https://www.yelp.com/biz/kitchen-dediner-santa-ana,"https://maps.google.com/?q=1400+Sunset+Blvd,Santa+Ana,CA",4.6,172,$2.5M-$5M,1-10,High,Orange County
Juan,Ramirez,info@jonessseafood.com,(949) 441-2168,Jones's Seafood,4522 Broadway,Irvine,Orange County,CA,93304,Seafood,https://www.jonessseafood.com,CA_Restaurant_Scraper,B,"Restaurant, Seafood, POS_Prospect, Irvine",Auto-generated lead for PSDepot outreach. Type: Seafood,2026-04-28,https://www.yelp.com/biz/joness-seafood-irvine,"https://maps.google.com/?q=4522+Broadway,Irvine,CA",3.8,468,$500K-$1M,100+,Low,Orange County
Anthony,Lopez,info@greenbarandgrill.com,(949) 555-1314,Green Bar & Grill,9498 Broadway,Irvine,Orange County,CA,90513,Bar & Grill,https://www.greenbarandgrill.com,CA_Restaurant_Scraper,A,"Restaurant, Bar & Grill, POS_Prospect, Irvine",Auto-generated lead for PSDepot outreach. Type: Bar & Grill,2026-04-28,https://www.yelp.com/biz/green-bar-&-grill-irvine,"https://maps.google.com/?q=9498+Broadway,Irvine,CA",4.0,409,$2.5M-$5M,100+,High,Orange County
Patricia,Smith,info@littledeburritos.com,(949) 466-1783,Little DeBurritos,3337 Elm St,Irvine,Orange County,CA,92131,Burritos,,CA_Restaurant_Scraper,C,"Restaurant, Burritos, POS_Prospect, Irvine",Auto-generated lead for PSDepot outreach. Type: Burritos,2026-04-28,https://www.yelp.com/biz/little-deburritos-irvine,"https://maps.google.com/?q=3337+Elm+St,Irvine,CA",3.4,302,$2.5M-$5M,11-25,High,Orange County
Linda,Brown,,(949) 646-7869,Little DelSeafood,5235 Third St,Irvine,Orange County,CA,91494,Seafood,https://www.littledelseafood.com,CA_Restaurant_Scraper,C,"Restaurant, Seafood, POS_Prospect, Irvine",Auto-generated lead for PSDepot outreach. Type: Seafood,2026-04-28,https://www.yelp.com/biz/little-delseafood-irvine,"https://maps.google.com/?q=5235+Third+St,Irvine,CA",3.6,296,Under $500K,11-25,Low,Orange County
Michael,Davis,,(949) 846-1217,Green Restaurant,5257 Second St,Irvine,Orange County,CA,95322,Restaurant,,CA_Restaurant_Scraper,A,"Restaurant, Restaurant, POS_Prospect, Irvine",Auto-generated lead for PSDepot outreach. Type: Restaurant,2026-04-28,,"https://maps.google.com/?q=5257+Second+St,Irvine,CA",4.4,347,$2.5M-$5M,11-25,High,Orange County
Luis,Hernandez,info@sandepizza.com,(949) 220-3105,San DePizza,8409 Jefferson St,Irvine,Orange County,CA,94474,Pizza,https://www.sandepizza.com,CA_Restaurant_Scraper,C,"Restaurant, Pizza, POS_Prospect, Irvine",Auto-generated lead for PSDepot outreach. Type: Pizza,2026-04-28,https://www.yelp.com/biz/san-depizza-irvine,"https://maps.google.com/?q=8409+Jefferson+St,Irvine,CA",3.6,293,$1M-$2.5M,100+,Medium,Orange County
Carlos,Smith,,(949) 397-4690,Blue DelBistro,1970 Wilshire Blvd,Irvine,Orange County,CA,93412,Bistro,https://www.bluedelbistro.com,CA_Restaurant_Scraper,C,"Restaurant, Bistro, POS_Prospect, Irvine",Auto-generated lead for PSDepot outreach. Type: Bistro,2026-04-28,https://www.yelp.com/biz/blue-delbistro-irvine,"https://maps.google.com/?q=1970+Wilshire+Blvd,Irvine,CA",,,$1M-$2.5M,1-10,Medium,Orange County
Matthew,Hernandez,,(949) 390-8427,Kitchen Burritos,7632 Ocean Ave,Irvine,Orange County,CA,92356,Kitchen,,CA_Restaurant_Scraper,C,"Restaurant, Kitchen, POS_Prospect, Irvine",Auto-generated lead for PSDepot outreach. Type: Kitchen,2026-04-28,,"https://maps.google.com/?q=7632+Ocean+Ave,Irvine,CA",3.4,432,$500K-$1M,26-50,Low,Orange County
Mary,Hernandez,info@santadesushi.com,(949) 542-6796,Santa DeSushi,3173 Mission St,Irvine,Orange County,CA,94883,Sushi,,CA_Restaurant_Scraper,B,"Restaurant, Sushi, POS_Prospect, Irvine",Auto-generated lead for PSDepot outreach. Type: Sushi,2026-04-28,https://www.yelp.com/biz/santa-desushi-irvine,"https://maps.google.com/?q=3173+Mission+St,Irvine,CA",,,$5M+,26-50,High,Orange County
Linda,Perez,info@hernandezspizza.com,(949) 360-7014,Hernandez's Pizza,6464 Broadway,Irvine,Orange County,CA,92254,Pizza,,CA_Restaurant_Scraper,B,"Restaurant, Pizza, POS_Prospect, Irvine",Auto-generated lead for PSDepot outreach. Type: Pizza,2026-04-28,https://www.yelp.com/biz/hernandezs-pizza-irvine,"https://maps.google.com/?q=6464+Broadway,Irvine,CA",3.1,134,Under $500K,26-50,Low,Orange County
Nancy,Martinez,info@goldendeltaqueria.com,(949) 566-4808,Golden DelTaqueria,8859 Second St,Irvine,Orange County,CA,90198,Taqueria,,CA_Restaurant_Scraper,A,"Restaurant, Taqueria, POS_Prospect, Irvine",Auto-generated lead for PSDepot outreach. Type: Taqueria,2026-04-28,https://www.yelp.com/biz/golden-deltaqueria-irvine,"https://maps.google.com/?q=8859+Second+St,Irvine,CA",4.7,69,$2.5M-$5M,26-50,High,Orange County
Maria,Lopez,info@gonzalezskitchen.com,(949) 869-4756,Gonzalez's Kitchen,6177 Maple Ave,Irvine,Orange County,CA,92618,Kitchen,,CA_Restaurant_Scraper,C,"Restaurant, Kitchen, POS_Prospect, Irvine",Auto-generated lead for PSDepot outreach. Type: Kitchen,2026-04-28,https://www.yelp.com/biz/gonzalezs-kitchen-irvine,"https://maps.google.com/?q=6177+Maple+Ave,Irvine,CA",3.0,390,$2.5M-$5M,100+,High,Orange County
Daniel,Perez,info@smithskitchen.com,(949) 869-6486,Smith's Kitchen,2406 First St,Irvine,Orange County,CA,90695,Kitchen,,CA_Restaurant_Scraper,B,"Restaurant, Kitchen, POS_Prospect, Irvine",Auto-generated lead for PSDepot outreach. Type: Kitchen,2026-04-28,https://www.yelp.com/biz/smiths-kitchen-irvine,"https://maps.google.com/?q=2406+First+St,Irvine,CA",4.1,270,Under $500K,26-50,Low,Orange County
Paul,Williams,info@cafedelgrill.com,(949) 390-2508,Cafe DelGrill,1345 Pico Blvd,Irvine,Orange County,CA,92303,Cafe,,CA_Restaurant_Scraper,B,"Restaurant, Cafe, POS_Prospect, Irvine",Auto-generated lead for PSDepot outreach. Type: Cafe,2026-04-28,,"https://maps.google.com/?q=1345+Pico+Blvd,Irvine,CA",4.2,286,$5M+,1-10,High,Orange County
Daniel,Gonzalez,info@jonessbakery.com,(949) 902-8878,Jones's Bakery,4655 Pine St,Irvine,Orange County,CA,94213,Bakery,https://www.jonessbakery.com,CA_Restaurant_Scraper,B,"Restaurant, Bakery, POS_Prospect, Irvine",Auto-generated lead for PSDepot outreach. Type: Bakery,2026-04-28,https://www.yelp.com/biz/joness-bakery-irvine,"https://maps.google.com/?q=4655+Pine+St,Irvine,CA",,,$2.5M-$5M,100+,High,Orange County
Sarah,Ramirez,info@bistrodebbq.com,(949) 444-6106,Bistro DeBBQ,1025 Cedar Ave,Irvine,Orange County,CA,90474,Bistro,,CA_Restaurant_Scraper,C,"Restaurant, Bistro, POS_Prospect, Irvine",Auto-generated lead for PSDepot outreach. Type: Bistro,2026-04-28,,"https://maps.google.com/?q=1025+Cedar+Ave,Irvine,CA",3.2,308,$500K-$1M,51-100,Low,Orange County
Anthony,Gomez,info@bluedetaqueria.com,(949) 261-5409,Blue DeTaqueria,1394 Market St,Irvine,Orange County,CA,92443,Taqueria,https://www.bluedetaqueria.com,CA_Restaurant_Scraper,A,"Restaurant, Taqueria, POS_Prospect, Irvine",Auto-generated lead for PSDepot outreach. Type: Taqueria,2026-04-28,https://www.yelp.com/biz/blue-detaqueria-irvine,"https://maps.google.com/?q=1394+Market+St,Irvine,CA",5.0,385,$2.5M-$5M,1-10,High,Orange County
Steven,Garcia,,(949) 365-1863,Johnson's Diner,2916 Elm St,Irvine,Orange County,CA,96635,Diner,https://www.johnsonsdiner.com,CA_Restaurant_Scraper,A,"Restaurant, Diner, POS_Prospect, Irvine",Auto-generated lead for PSDepot outreach. Type: Diner,2026-04-28,https://www.yelp.com/biz/johnsons-diner-irvine,"https://maps.google.com/?q=2916+Elm+St,Irvine,CA",3.2,475,$1M-$2.5M,100+,Medium,Orange County
Margaret,Gonzalez,info@grillcafe.com,(949) 412-9965,Grill Cafe,1225 Third St,Irvine,Orange County,CA,95954,Cafe,,CA_Restaurant_Scraper,B,"Restaurant, Cafe, POS_Prospect, Irvine",Auto-generated lead for PSDepot outreach. Type: Cafe,2026-04-28,https://www.yelp.com/biz/grill-cafe-irvine,"https://maps.google.com/?q=1225+Third+St,Irvine,CA",3.5,296,$500K-$1M,1-10,Low,Orange County
Barbara,Sanchez,info@bistrodelcafe.com,(949) 508-5937,Bistro DelCafe,4180 Second St,Irvine,Orange County,CA,95595,Cafe,,CA_Restaurant_Scraper,C,"Restaurant, Cafe, POS_Prospect, Irvine",Auto-generated lead for PSDepot outreach. Type: Cafe,2026-04-28,https://www.yelp.com/biz/bistro-delcafe-irvine,"https://maps.google.com/?q=4180+Second+St,Irvine,CA",4.5,430,$500K-$1M,26-50,Low,Orange County
Steven,Rivera,info@grilldelcoffee.com,(949) 521-1550,Grill DelCoffee,8345 Elm St,Irvine,Orange County,CA,90369,Grill,,CA_Restaurant_Scraper,C,"Restaurant, Grill, POS_Prospect, Irvine",Auto-generated lead for PSDepot outreach. Type: Grill,2026-04-28,https://www.yelp.com/biz/grill-delcoffee-irvine,"https://maps.google.com/?q=8345+Elm+St,Irvine,CA",3.4,459,$2.5M-$5M,51-100,High,Orange County
Anthony,Sanchez,,(949) 672-1340,Spot DeBBQ,534 Hollywood Blvd,Irvine,Orange County,CA,95083,BBQ,https://www.spotdebbq.com,CA_Restaurant_Scraper,B,"Restaurant, BBQ, POS_Prospect, Irvine",Auto-generated lead for PSDepot outreach. Type: BBQ,2026-04-28,https://www.yelp.com/biz/spot-debbq-irvine,"https://maps.google.com/?q=534+Hollywood+Blvd,Irvine,CA",3.4,108,$1M-$2.5M,100+,Medium,Orange County
Jessica,Brown,,(949) 572-1523,Sanchez's Burger,6034 Sunset Blvd,Irvine,Orange County,CA,96460,Burger,https://www.sanchezsburger.com,CA_Restaurant_Scraper,A,"Restaurant, Burger, POS_Prospect, Irvine",Auto-generated lead for PSDepot outreach. Type: Burger,2026-04-28,https://www.yelp.com/biz/sanchezs-burger-irvine,"https://maps.google.com/?q=6034+Sunset+Blvd,Irvine,CA",3.8,344,$2.5M-$5M,1-10,High,Orange County
Mark,Sanchez,info@littledelbistro.com,(949) 454-8156,Little DelBistro,2965 Main St,Irvine,Orange County,CA,95022,Bistro,https://www.littledelbistro.com,CA_Restaurant_Scraper,C,"Restaurant, Bistro, POS_Prospect, Irvine",Auto-generated lead for PSDepot outreach. Type: Bistro,2026-04-28,,"https://maps.google.com/?q=2965+Main+St,Irvine,CA",3.2,234,$500K-$1M,100+,Low,Orange County
Linda,Brown,,(949) 200-8513,Red DeRestaurant,1375 Pico Blvd,Irvine,Orange County,CA,93284,Restaurant,,CA_Restaurant_Scraper,C,"Restaurant, Restaurant, POS_Prospect, Irvine",Auto-generated lead for PSDepot outreach. Type: Restaurant,2026-04-28,,"https://maps.google.com/?q=1375+Pico+Blvd,Irvine,CA",,,$500K-$1M,26-50,Low,Orange County
Jennifer,Sanchez,,(949) 380-3302,Jones's Kitchen,6863 Washington Blvd,Irvine,Orange County,CA,90849,Kitchen,,CA_Restaurant_Scraper,C,"Restaurant, Kitchen, POS_Prospect, Irvine",Auto-generated lead for PSDepot outreach. Type: Kitchen,2026-04-28,https://www.yelp.com/biz/joness-kitchen-irvine,"https://maps.google.com/?q=6863+Washington+Blvd,Irvine,CA",4.2,413,$5M+,51-100,High,Orange County
Karen,Williams,info@greentaqueria.com,(949) 362-9113,Green Taqueria,5714 Sunset Blvd,Irvine,Orange County,CA,94015,Taqueria,,CA_Restaurant_Scraper,C,"Restaurant, Taqueria, POS_Prospect, Irvine",Auto-generated lead for PSDepot outreach. Type: Taqueria,2026-04-28,https://www.yelp.com/biz/green-taqueria-irvine,"https://maps.google.com/?q=5714+Sunset+Blvd,Irvine,CA",4.1,478,Under $500K,1-10,Low,Orange County
Michael,Lopez,info@williamssgrill.com,(949) 547-8009,Williams's Grill,6715 Sunset Blvd,Irvine,Orange County,CA,90168,Grill,,CA_Restaurant_Scraper,A,"Restaurant, Grill, POS_Prospect, Irvine",Auto-generated lead for PSDepot outreach. Type: Grill,2026-04-28,https://www.yelp.com/biz/williamss-grill-irvine,"https://maps.google.com/?q=6715+Sunset+Blvd,Irvine,CA",4.4,264,$2.5M-$5M,11-25,High,Orange County
Michael,Martinez,info@santaeatery.com,(949) 200-6395,Santa Eatery,234 Sunset Blvd,Irvine,Orange County,CA,91400,Eatery,https://www.santaeatery.com,CA_Restaurant_Scraper,C,"Restaurant, Eatery, POS_Prospect, Irvine",Auto-generated lead for PSDepot outreach. Type: Eatery,2026-04-28,https://www.yelp.com/biz/santa-eatery-irvine,"https://maps.google.com/?q=234+Sunset+Blvd,Irvine,CA",,,$500K-$1M,11-25,Low,Orange County
Mark,Hernandez,info@bistrodelkitchen.com,(949) 360-1989,Bistro DelKitchen,2786 Broadway,Irvine,Orange County,CA,94828,Kitchen,,CA_Restaurant_Scraper,C,"Restaurant, Kitchen, POS_Prospect, Irvine",Auto-generated lead for PSDepot outreach. Type: Kitchen,2026-04-28,,"https://maps.google.com/?q=2786+Broadway,Irvine,CA",3.6,101,$5M+,11-25,High,Orange County
Matthew,Rivera,info@goldendegrill.com,(949) 940-8163,Golden DeGrill,8878 Broadway,Irvine,Orange County,CA,93757,Grill,,CA_Restaurant_Scraper,B,"Restaurant, Grill, POS_Prospect, Irvine",Auto-generated lead for PSDepot outreach. Type: Grill,2026-04-28,https://www.yelp.com/biz/golden-degrill-irvine,"https://maps.google.com/?q=8878+Broadway,Irvine,CA",4.4,378,$5M+,11-25,High,Orange County
Richard,Perez,info@bluedekitchen.com,(949) 440-8970,Blue DeKitchen,314 Pine St,Irvine,Orange County,CA,91842,Kitchen,,CA_Restaurant_Scraper,B,"Restaurant, Kitchen, POS_Prospect, Irvine",Auto-generated lead for PSDepot outreach. Type: Kitchen,2026-04-28,https://www.yelp.com/biz/blue-dekitchen-irvine,"https://maps.google.com/?q=314+Pine+St,Irvine,CA",3.3,491,$2.5M-$5M,26-50,High,Orange County
Mary,Johnson,info@floresscoffee.com,(949) 639-8995,Flores's Coffee,5201 Hollywood Blvd,Irvine,Orange County,CA,94990,Coffee,,CA_Restaurant_Scraper,C,"Restaurant, Coffee, POS_Prospect, Irvine",Auto-generated lead for PSDepot outreach. Type: Coffee,2026-04-28,,"https://maps.google.com/?q=5201+Hollywood+Blvd,Irvine,CA",3.8,149,$2.5M-$5M,11-25,High,Orange County
Susan,Gomez,info@martinezsbistro.com,(949) 812-4076,Martinez's Bistro,3322 Main St,Irvine,Orange County,CA,95738,Bistro,,CA_Restaurant_Scraper,C,"Restaurant, Bistro, POS_Prospect, Irvine",Auto-generated lead for PSDepot outreach. Type: Bistro,2026-04-28,https://www.yelp.com/biz/martinezs-bistro-irvine,"https://maps.google.com/?q=3322+Main+St,Irvine,CA",,,$1M-$2.5M,51-100,Medium,Orange County
Roberto,Rodriguez,info@sandetaqueria.com,(949) 571-5755,San DeTaqueria,1156 Oak St,Irvine,Orange County,CA,96156,Taqueria,https://www.sandetaqueria.com,CA_Restaurant_Scraper,A,"Restaurant, Taqueria, POS_Prospect, Irvine",Auto-generated lead for PSDepot outreach. Type: Taqueria,2026-04-28,,"https://maps.google.com/?q=1156+Oak+St,Irvine,CA",,,Under $500K,11-25,Low,Orange County
James,Williams,info@housecafe.com,(949) 305-5044,House Cafe,1815 Elm St,Irvine,Orange County,CA,91482,Cafe,https://www.housecafe.com,CA_Restaurant_Scraper,A,"Restaurant, Cafe, POS_Prospect, Irvine",Auto-generated lead for PSDepot outreach. Type: Cafe,2026-04-28,https://www.yelp.com/biz/house-cafe-irvine,"https://maps.google.com/?q=1815+Elm+St,Irvine,CA",3.2,362,Under $500K,51-100,Low,Orange County
Betty,Perez,,(949) 475-9999,Green DelBar & Grill,5447 Maple Ave,Irvine,Orange County,CA,91760,Bar & Grill,,CA_Restaurant_Scraper,C,"Restaurant, Bar & Grill, POS_Prospect, Irvine",Auto-generated lead for PSDepot outreach. Type: Bar & Grill,2026-04-28,,"https://maps.google.com/?q=5447+Maple+Ave,Irvine,CA",3.3,452,$5M+,1-10,High,Orange County
Margaret,Miller,info@casadeleatery.com,(949) 325-3037,Casa DelEatery,3524 Main St,Irvine,Orange County,CA,96080,Eatery,,CA_Restaurant_Scraper,A,"Restaurant, Eatery, POS_Prospect, Irvine",Auto-generated lead for PSDepot outreach. Type: Eatery,2026-04-28,,"https://maps.google.com/?q=3524+Main+St,Irvine,CA",4.9,371,Under $500K,11-25,Low,Orange County
Juan,Garcia,,(949) 703-6841,Flores's Taqueria,1417 Wilshire Blvd,Irvine,Orange County,CA,96249,Taqueria,,CA_Restaurant_Scraper,A,"Restaurant, Taqueria, POS_Prospect, Irvine",Auto-generated lead for PSDepot outreach. Type: Taqueria,2026-04-28,https://www.yelp.com/biz/floress-taqueria-irvine,"https://maps.google.com/?q=1417+Wilshire+Blvd,Irvine,CA",4.5,228,Under $500K,26-50,Low,Orange County
Luis,Lopez,,(949) 962-3046,Brown's Bistro,7496 Second St,Irvine,Orange County,CA,95152,Bistro,,CA_Restaurant_Scraper,B,"Restaurant, Bistro, POS_Prospect, Irvine",Auto-generated lead for PSDepot outreach. Type: Bistro,2026-04-28,,"https://maps.google.com/?q=7496+Second+St,Irvine,CA",4.9,199,$500K-$1M,100+,Low,Orange County
Christopher,Martinez,,(949) 395-7622,House Eatery,4550 Second St,Irvine,Orange County,CA,90200,Eatery,,CA_Restaurant_Scraper,A,"Restaurant, Eatery, POS_Prospect, Irvine",Auto-generated lead for PSDepot outreach. Type: Eatery,2026-04-28,,"https://maps.google.com/?q=4550+Second+St,Irvine,CA",4.6,231,$5M+,100+,High,Orange County
Patricia,Brown,,(949) 975-1535,Casa DeDiner,590 Wilshire Blvd,Irvine,Orange County,CA,92179,Diner,,CA_Restaurant_Scraper,C,"Restaurant, Diner, POS_Prospect, Irvine",Auto-generated lead for PSDepot outreach. Type: Diner,2026-04-28,https://www.yelp.com/biz/casa-dediner-irvine,"https://maps.google.com/?q=590+Wilshire+Blvd,Irvine,CA",4.4,369,$1M-$2.5M,51-100,Medium,Orange County
Jose,Hernandez,info@losdeltaqueria.com,(949) 566-8991,Los DelTaqueria,1040 Pico Blvd,Irvine,Orange County,CA,95454,Taqueria,,CA_Restaurant_Scraper,B,"Restaurant, Taqueria, POS_Prospect, Irvine",Auto-generated lead for PSDepot outreach. Type: Taqueria,2026-04-28,https://www.yelp.com/biz/los-deltaqueria-irvine,"https://maps.google.com/?q=1040+Pico+Blvd,Irvine,CA",4.7,31,$1M-$2.5M,100+,Medium,Orange County
Mark,Lopez,info@goldendelrestaurant.com,(949) 454-9437,Golden DelRestaurant,1990 First St,Irvine,Orange County,CA,92612,Restaurant,,CA_Restaurant_Scraper,C,"Restaurant, Restaurant, POS_Prospect, Irvine",Auto-generated lead for PSDepot outreach. Type: Restaurant,2026-04-28,,"https://maps.google.com/?q=1990+First+St,Irvine,CA",3.5,171,$5M+,100+,High,Orange County
Steven,Miller,info@casadelseafood.com,(949) 829-5013,Casa DelSeafood,7064 First St,Irvine,Orange County,CA,93848,Seafood,,CA_Restaurant_Scraper,A,"Restaurant, Seafood, POS_Prospect, Irvine",Auto-generated lead for PSDepot outreach. Type: Seafood,2026-04-28,https://www.yelp.com/biz/casa-delseafood-irvine,"https://maps.google.com/?q=7064+First+St,Irvine,CA",3.3,264,$2.5M-$5M,11-25,High,Orange County
Roberto,Williams,,(949) 975-8045,Smith's Coffee,1962 Ocean Ave,Irvine,Orange County,CA,93571,Coffee,,CA_Restaurant_Scraper,C,"Restaurant, Coffee, POS_Prospect, Irvine",Auto-generated lead for PSDepot outreach. Type: Coffee,2026-04-28,https://www.yelp.com/biz/smiths-coffee-irvine,"https://maps.google.com/?q=1962+Ocean+Ave,Irvine,CA",,,$2.5M-$5M,51-100,High,Orange County
Jessica,Rivera,,(949) 758-8460,Bistro DeDiner,3307 Third St,Irvine,Orange County,CA,95503,Diner,https://www.bistrodediner.com,CA_Restaurant_Scraper,B,"Restaurant, Diner, POS_Prospect, Irvine",Auto-generated lead for PSDepot outreach. Type: Diner,2026-04-28,,"https://maps.google.com/?q=3307+Third+St,Irvine,CA",3.0,380,$1M-$2.5M,100+,Medium,Orange County
Daniel,Johnson,,(949) 840-9624,Grill DeBBQ,8580 First St,Irvine,Orange County,CA,93684,Grill,,CA_Restaurant_Scraper,A,"Restaurant, Grill, POS_Prospect, Irvine",Auto-generated lead for PSDepot outreach. Type: Grill,2026-04-28,https://www.yelp.com/biz/grill-debbq-irvine,"https://maps.google.com/?q=8580+First+St,Irvine,CA",4.8,152,$2.5M-$5M,1-10,High,Orange County
Matthew,Davis,,(949) 542-9578,House DelTaqueria,9239 Wilshire Blvd,Irvine,Orange County,CA,92773,Taqueria,,CA_Restaurant_Scraper,A,"Restaurant, Taqueria, POS_Prospect, Irvine",Auto-generated lead for PSDepot outreach. Type: Taqueria,2026-04-28,https://www.yelp.com/biz/house-deltaqueria-irvine,"https://maps.google.com/?q=9239+Wilshire+Blvd,Irvine,CA",4.6,319,$2.5M-$5M,51-100,High,Orange County
Barbara,Rodriguez,,(949) 954-5558,Silver DelSeafood,6825 Jefferson St,Irvine,Orange County,CA,90614,Seafood,,CA_Restaurant_Scraper,C,"Restaurant, Seafood, POS_Prospect, Irvine",Auto-generated lead for PSDepot outreach. Type: Seafood,2026-04-28,,"https://maps.google.com/?q=6825+Jefferson+St,Irvine,CA",,,$500K-$1M,1-10,Low,Orange County
Mary,Garcia,info@lasdeburger.com,(949) 448-9047,Las DeBurger,8700 Pico Blvd,Irvine,Orange County,CA,93932,Burger,,CA_Restaurant_Scraper,C,"Restaurant, Burger, POS_Prospect, Irvine",Auto-generated lead for PSDepot outreach. Type: Burger,2026-04-28,https://www.yelp.com/biz/las-deburger-irvine,"https://maps.google.com/?q=8700+Pico+Blvd,Irvine,CA",4.3,420,Under $500K,11-25,Low,Orange County
Sarah,Garcia,info@losdesushi.com,(949) 924-7209,Los DeSushi,3353 Washington Blvd,Irvine,Orange County,CA,95574,Sushi,https://www.losdesushi.com,CA_Restaurant_Scraper,C,"Restaurant, Sushi, POS_Prospect, Irvine",Auto-generated lead for PSDepot outreach. Type: Sushi,2026-04-28,,"https://maps.google.com/?q=3353+Washington+Blvd,Irvine,CA",,,$5M+,1-10,High,Orange County
David,Martinez,,(949) 544-4134,Grill DeBistro,8193 Broadway,Irvine,Orange County,CA,95173,Bistro,,CA_Restaurant_Scraper,B,"Restaurant, Bistro, POS_Prospect, Irvine",Auto-generated lead for PSDepot outreach. Type: Bistro,2026-04-28,,"https://maps.google.com/?q=8193+Broadway,Irvine,CA",3.5,262,$5M+,26-50,High,Orange County
James,Smith,info@pueblodecafe.com,(949) 921-6642,Pueblo DeCafe,1716 Oak St,Irvine,Orange County,CA,92618,Cafe,,CA_Restaurant_Scraper,C,"Restaurant, Cafe, POS_Prospect, Irvine",Auto-generated lead for PSDepot outreach. Type: Cafe,2026-04-28,https://www.yelp.com/biz/pueblo-decafe-irvine,"https://maps.google.com/?q=1716+Oak+St,Irvine,CA",,,$5M+,11-25,High,Orange County
Lisa,Rodriguez,,(949) 431-4136,Silver DeDiner,7353 Main St,Irvine,Orange County,CA,95720,Diner,https://www.silverdediner.com,CA_Restaurant_Scraper,B,"Restaurant, Diner, POS_Prospect, Irvine",Auto-generated lead for PSDepot outreach. Type: Diner,2026-04-28,https://www.yelp.com/biz/silver-dediner-irvine,"https://maps.google.com/?q=7353+Main+St,Irvine,CA",3.1,41,Under $500K,26-50,Low,Orange County
Paul,Rodriguez,info@martinezskitchen.com,(949) 542-8967,Martinez's Kitchen,1157 Pico Blvd,Irvine,Orange County,CA,93961,Kitchen,,CA_Restaurant_Scraper,B,"Restaurant, Kitchen, POS_Prospect, Irvine",Auto-generated lead for PSDepot outreach. Type: Kitchen,2026-04-28,https://www.yelp.com/biz/martinezs-kitchen-irvine,"https://maps.google.com/?q=1157+Pico+Blvd,Irvine,CA",3.8,438,$2.5M-$5M,100+,High,Orange County
Jennifer,Torres,info@kitchendebistro.com,(949) 852-4916,Kitchen DeBistro,3000 Broadway,Irvine,Orange County,CA,92580,Kitchen,https://www.kitchendebistro.com,CA_Restaurant_Scraper,B,"Restaurant, Kitchen, POS_Prospect, Irvine",Auto-generated lead for PSDepot outreach. Type: Kitchen,2026-04-28,https://www.yelp.com/biz/kitchen-debistro-irvine,"https://maps.google.com/?q=3000+Broadway,Irvine,CA",,,Under $500K,11-25,Low,Orange County
Nancy,Flores,,(949) 709-7835,Lopez's Eatery,606 Maple Ave,Irvine,Orange County,CA,91401,Eatery,,CA_Restaurant_Scraper,C,"Restaurant, Eatery, POS_Prospect, Irvine",Auto-generated lead for PSDepot outreach. Type: Eatery,2026-04-28,https://www.yelp.com/biz/lopezs-eatery-irvine,"https://maps.google.com/?q=606+Maple+Ave,Irvine,CA",,,$500K-$1M,1-10,Low,Orange County
William,Ramirez,info@housesteakhouse.com,(949) 455-1932,House Steakhouse,9219 Mission St,Irvine,Orange County,CA,94239,Steakhouse,,CA_Restaurant_Scraper,B,"Restaurant, Steakhouse, POS_Prospect, Irvine",Auto-generated lead for PSDepot outreach. Type: Steakhouse,2026-04-28,,"https://maps.google.com/?q=9219+Mission+St,Irvine,CA",4.1,7,$1M-$2.5M,26-50,Medium,Orange County
Pedro,Smith,info@housedebistro.com,(949) 423-4545,House DeBistro,9071 Ocean Ave,Irvine,Orange County,CA,91172,Bistro,,CA_Restaurant_Scraper,A,"Restaurant, Bistro, POS_Prospect, Irvine",Auto-generated lead for PSDepot outreach. Type: Bistro,2026-04-28,,"https://maps.google.com/?q=9071+Ocean+Ave,Irvine,CA",4.5,35,$2.5M-$5M,11-25,High,Orange County
Jessica,Hernandez,info@millersgrill.com,(949) 697-1882,Miller's Grill,2897 Wilshire Blvd,Irvine,Orange County,CA,94175,Grill,https://www.millersgrill.com,CA_Restaurant_Scraper,B,"Restaurant, Grill, POS_Prospect, Irvine",Auto-generated lead for PSDepot outreach. Type: Grill,2026-04-28,https://www.yelp.com/biz/millers-grill-irvine,"https://maps.google.com/?q=2897+Wilshire+Blvd,Irvine,CA",3.6,367,$5M+,26-50,High,Orange County
Susan,Rivera,info@lasrestaurant.com,(949) 882-2977,Las Restaurant,2976 Jefferson St,Irvine,Orange County,CA,91388,Restaurant,,CA_Restaurant_Scraper,A,"Restaurant, Restaurant, POS_Prospect, Irvine",Auto-generated lead for PSDepot outreach. Type: Restaurant,2026-04-28,https://www.yelp.com/biz/las-restaurant-irvine,"https://maps.google.com/?q=2976+Jefferson+St,Irvine,CA",4.3,66,$500K-$1M,1-10,Low,Orange County
Betty,Gonzalez,,(949) 867-3419,House DeSeafood,6419 Third St,Irvine,Orange County,CA,92872,Seafood,https://www.housedeseafood.com,CA_Restaurant_Scraper,B,"Restaurant, Seafood, POS_Prospect, Irvine",Auto-generated lead for PSDepot outreach. Type: Seafood,2026-04-28,,"https://maps.google.com/?q=6419+Third+St,Irvine,CA",,,Under $500K,26-50,Low,Orange County
Matthew,Gomez,info@grilldelburger.com,(949) 954-5009,Grill DelBurger,3807 Elm St,Irvine,Orange County,CA,96793,Burger,,CA_Restaurant_Scraper,C,"Restaurant, Burger, POS_Prospect, Irvine",Auto-generated lead for PSDepot outreach. Type: Burger,2026-04-28,https://www.yelp.com/biz/grill-delburger-irvine,"https://maps.google.com/?q=3807+Elm+St,Irvine,CA",,,$500K-$1M,1-10,Low,Orange County
Linda,Lopez,info@pueblodiner.com,(949) 374-6711,Pueblo Diner,8438 Mission St,Irvine,Orange County,CA,96083,Diner,,CA_Restaurant_Scraper,A,"Restaurant, Diner, POS_Prospect, Irvine",Auto-generated lead for PSDepot outreach. Type: Diner,2026-04-28,https://www.yelp.com/biz/pueblo-diner-irvine,"https://maps.google.com/?q=8438+Mission+St,Irvine,CA",,,$1M-$2.5M,26-50,Medium,Orange County
Betty,Hernandez,info@martinezsdiner.com,(949) 668-4220,Martinez's Diner,4323 Mission St,Irvine,Orange County,CA,91550,Diner,,CA_Restaurant_Scraper,A,"Restaurant, Diner, POS_Prospect, Irvine",Auto-generated lead for PSDepot outreach. Type: Diner,2026-04-28,https://www.yelp.com/biz/martinezs-diner-irvine,"https://maps.google.com/?q=4323+Mission+St,Irvine,CA",3.7,236,$500K-$1M,26-50,Low,Orange County
David,Sanchez,info@cornerdeburger.com,(949) 680-1744,Corner DeBurger,3867 Oak St,Irvine,Orange County,CA,96202,Burger,,CA_Restaurant_Scraper,A,"Restaurant, Burger, POS_Prospect, Irvine",Auto-generated lead for PSDepot outreach. Type: Burger,2026-04-28,https://www.yelp.com/biz/corner-deburger-irvine,"https://maps.google.com/?q=3867+Oak+St,Irvine,CA",,,$1M-$2.5M,11-25,Medium,Orange County
Richard,Gomez,info@bigdelrestaurant.com,(949) 264-6558,Big DelRestaurant,3561 Cedar Ave,Irvine,Orange County,CA,93676,Restaurant,,CA_Restaurant_Scraper,A,"Restaurant, Restaurant, POS_Prospect, Irvine",Auto-generated lead for PSDepot outreach. Type: Restaurant,2026-04-28,https://www.yelp.com/biz/big-delrestaurant-irvine,"https://maps.google.com/?q=3561+Cedar+Ave,Irvine,CA",3.9,133,$5M+,11-25,High,Orange County
Margaret,Garcia,info@sandebakery.com,(949) 868-5480,San DeBakery,9523 Sunset Blvd,Irvine,Orange County,CA,96047,Bakery,https://www.sandebakery.com,CA_Restaurant_Scraper,A,"Restaurant, Bakery, POS_Prospect, Irvine",Auto-generated lead for PSDepot outreach. Type: Bakery,2026-04-28,,"https://maps.google.com/?q=9523+Sunset+Blvd,Irvine,CA",3.0,365,$500K-$1M,100+,Low,Orange County
Nancy,Gonzalez,,(949) 590-5735,La Diner,102 Elm St,Irvine,Orange County,CA,93496,Diner,,CA_Restaurant_Scraper,A,"Restaurant, Diner, POS_Prospect, Irvine",Auto-generated lead for PSDepot outreach. Type: Diner,2026-04-28,https://www.yelp.com/biz/la-diner-irvine,"https://maps.google.com/?q=102+Elm+St,Irvine,CA",,,Under $500K,1-10,Low,Orange County
Elizabeth,Garcia,info@thedelbbq.com,(949) 206-6192,The DelBBQ,8534 Second St,Irvine,Orange County,CA,92827,BBQ,,CA_Restaurant_Scraper,A,"Restaurant, BBQ, POS_Prospect, Irvine",Auto-generated lead for PSDepot outreach. Type: BBQ,2026-04-28,https://www.yelp.com/biz/the-delbbq-irvine,"https://maps.google.com/?q=8534+Second+St,Irvine,CA",3.2,108,Under $500K,26-50,Low,Orange County
Michael,Garcia,info@bigdelseafood.com,(949) 607-1505,Big DelSeafood,4168 Pico Blvd,Irvine,Orange County,CA,94412,Seafood,https://www.bigdelseafood.com,CA_Restaurant_Scraper,B,"Restaurant, Seafood, POS_Prospect, Irvine",Auto-generated lead for PSDepot outreach. Type: Seafood,2026-04-28,https://www.yelp.com/biz/big-delseafood-irvine,"https://maps.google.com/?q=4168+Pico+Blvd,Irvine,CA",3.8,210,$1M-$2.5M,100+,Medium,Orange County
Jessica,Gonzalez,,(949) 999-9974,Spot DeCafe,8485 Elm St,Irvine,Orange County,CA,94416,Cafe,https://www.spotdecafe.com,CA_Restaurant_Scraper,B,"Restaurant, Cafe, POS_Prospect, Irvine",Auto-generated lead for PSDepot outreach. Type: Cafe,2026-04-28,,"https://maps.google.com/?q=8485+Elm+St,Irvine,CA",,,Under $500K,100+,Low,Orange County
Margaret,Ramirez,,(949) 337-5539,Cafe DeDiner,305 Third St,Irvine,Orange County,CA,94866,Cafe,,CA_Restaurant_Scraper,B,"Restaurant, Cafe, POS_Prospect, Irvine",Auto-generated lead for PSDepot outreach. Type: Cafe,2026-04-28,,"https://maps.google.com/?q=305+Third+St,Irvine,CA",4.4,321,Under $500K,11-25,Low,Orange County
Sarah,Miller,info@garciastaqueria.com,(949) 479-6023,Garcia's Taqueria,1103 Market St,Irvine,Orange County,CA,96454,Taqueria,,CA_Restaurant_Scraper,B,"Restaurant, Taqueria, POS_Prospect, Irvine",Auto-generated lead for PSDepot outreach. Type: Taqueria,2026-04-28,https://www.yelp.com/biz/garcias-taqueria-irvine,"https://maps.google.com/?q=1103+Market+St,Irvine,CA",,,$2.5M-$5M,1-10,High,Orange County
Betty,Sanchez,,(949) 657-7272,Grill Steakhouse,1411 Pico Blvd,Irvine,Orange County,CA,90798,Grill,,CA_Restaurant_Scraper,C,"Restaurant, Grill, POS_Prospect, Irvine",Auto-generated lead for PSDepot outreach. Type: Grill,2026-04-28,,"https://maps.google.com/?q=1411+Pico+Blvd,Irvine,CA",4.9,387,$500K-$1M,26-50,Low,Orange County
Margaret,Jones,,(949) 683-5462,Kitchen DelBBQ,3093 Mission St,Irvine,Orange County,CA,96344,Kitchen,https://www.kitchendelbbq.com,CA_Restaurant_Scraper,C,"Restaurant, Kitchen, POS_Prospect, Irvine",Auto-generated lead for PSDepot outreach. Type: Kitchen,2026-04-28,https://www.yelp.com/biz/kitchen-delbbq-irvine,"https://maps.google.com/?q=3093+Mission+St,Irvine,CA",3.4,366,$500K-$1M,1-10,Low,Orange County
Pedro,Lopez,,(949) 312-2895,Spot DelBBQ,8166 Sunset Blvd,Irvine,Orange County,CA,93202,BBQ,,CA_Restaurant_Scraper,C,"Restaurant, BBQ, POS_Prospect, Irvine",Auto-generated lead for PSDepot outreach. Type: BBQ,2026-04-28,https://www.yelp.com/biz/spot-delbbq-irvine,"https://maps.google.com/?q=8166+Sunset+Blvd,Irvine,CA",4.1,461,$5M+,11-25,High,Orange County
Lisa,Martinez,info@cafecafe.com,(949) 438-1274,Cafe Cafe,6013 Wilshire Blvd,Irvine,Orange County,CA,95892,Cafe,,CA_Restaurant_Scraper,A,"Restaurant, Cafe, POS_Prospect, Irvine",Auto-generated lead for PSDepot outreach. Type: Cafe,2026-04-28,,"https://maps.google.com/?q=6013+Wilshire+Blvd,Irvine,CA",,,Under $500K,11-25,Low,Orange County
Daniel,Gonzalez,info@pueblodelgrill.com,(949) 751-8258,Pueblo DelGrill,2231 Oak St,Irvine,Orange County,CA,91645,Grill,,CA_Restaurant_Scraper,C,"Restaurant, Grill, POS_Prospect, Irvine",Auto-generated lead for PSDepot outreach. Type: Grill,2026-04-28,https://www.yelp.com/biz/pueblo-delgrill-irvine,"https://maps.google.com/?q=2231+Oak+St,Irvine,CA",3.8,391,$2.5M-$5M,100+,High,Orange County
Mary,Martinez,,(949) 683-6263,Blue Seafood,2601 Market St,Irvine,Orange County,CA,93575,Seafood,,CA_Restaurant_Scraper,B,"Restaurant, Seafood, POS_Prospect, Irvine",Auto-generated lead for PSDepot outreach. Type: Seafood,2026-04-28,https://www.yelp.com/biz/blue-seafood-irvine,"https://maps.google.com/?q=2601+Market+St,Irvine,CA",3.8,97,$2.5M-$5M,51-100,High,Orange County
Linda,Miller,info@pueblodebbq.com,(949) 282-9018,Pueblo DeBBQ,1609 Main St,Irvine,Orange County,CA,96958,BBQ,https://www.pueblodebbq.com,CA_Restaurant_Scraper,C,"Restaurant, BBQ, POS_Prospect, Irvine",Auto-generated lead for PSDepot outreach. Type: BBQ,2026-04-28,,"https://maps.google.com/?q=1609+Main+St,Irvine,CA",3.5,64,Under $500K,26-50,Low,Orange County
Jose,Lopez,,(949) 708-5622,Casa Taqueria,2553 Ocean Ave,Irvine,Orange County,CA,91096,Taqueria,,CA_Restaurant_Scraper,C,"Restaurant, Taqueria, POS_Prospect, Irvine",Auto-generated lead for PSDepot outreach. Type: Taqueria,2026-04-28,https://www.yelp.com/biz/casa-taqueria-irvine,"https://maps.google.com/?q=2553+Ocean+Ave,Irvine,CA",3.9,396,$500K-$1M,11-25,Low,Orange County
Lisa,Hernandez,,(949) 798-2653,Williams's Seafood,2234 Maple Ave,Irvine,Orange County,CA,93082,Seafood,,CA_Restaurant_Scraper,B,"Restaurant, Seafood, POS_Prospect, Irvine",Auto-generated lead for PSDepot outreach. Type: Seafood,2026-04-28,,"https://maps.google.com/?q=2234+Maple+Ave,Irvine,CA",,,$500K-$1M,11-25,Low,Orange County
Paul,Ramirez,info@elbakery.com,(949) 273-2990,El Bakery,3939 Pine St,Irvine,Orange County,CA,90937,Bakery,,CA_Restaurant_Scraper,C,"Restaurant, Bakery, POS_Prospect, Irvine",Auto-generated lead for PSDepot outreach. Type: Bakery,2026-04-28,https://www.yelp.com/biz/el-bakery-irvine,"https://maps.google.com/?q=3939+Pine+St,Irvine,CA",3.6,215,Under $500K,11-25,Low,Orange County
Christopher,Flores,,(949) 653-2596,Gomez's Eatery,2479 Hollywood Blvd,Irvine,Orange County,CA,96588,Eatery,,CA_Restaurant_Scraper,A,"Restaurant, Eatery, POS_Prospect, Irvine",Auto-generated lead for PSDepot outreach. Type: Eatery,2026-04-28,,"https://maps.google.com/?q=2479+Hollywood+Blvd,Irvine,CA",5.0,448,$2.5M-$5M,26-50,High,Orange County
Christopher,Rodriguez,,(949) 714-7443,Rivera's Restaurant,9424 Market St,Irvine,Orange County,CA,90953,Restaurant,,CA_Restaurant_Scraper,B,"Restaurant, Restaurant, POS_Prospect, Irvine",Auto-generated lead for PSDepot outreach. Type: Restaurant,2026-04-28,https://www.yelp.com/biz/riveras-restaurant-irvine,"https://maps.google.com/?q=9424+Market+St,Irvine,CA",3.6,160,$2.5M-$5M,1-10,High,Orange County
Richard,Jones,,(949) 382-2573,Garcia's BBQ,548 Third St,Irvine,Orange County,CA,95444,BBQ,,CA_Restaurant_Scraper,C,"Restaurant, BBQ, POS_Prospect, Irvine",Auto-generated lead for PSDepot outreach. Type: BBQ,2026-04-28,,"https://maps.google.com/?q=548+Third+St,Irvine,CA",3.8,366,$2.5M-$5M,1-10,High,Orange County
Richard,Ramirez,,(949) 389-8276,Garcia's Coffee,6496 Pine St,Irvine,Orange County,CA,90445,Coffee,https://www.garciascoffee.com,CA_Restaurant_Scraper,A,"Restaurant, Coffee, POS_Prospect, Irvine",Auto-generated lead for PSDepot outreach. Type: Coffee,2026-04-28,https://www.yelp.com/biz/garcias-coffee-irvine,"https://maps.google.com/?q=6496+Pine+St,Irvine,CA",4.8,88,Under $500K,11-25,Low,Orange County
Matthew,Rivera,info@bigtaqueria.com,(949) 835-7031,Big Taqueria,8705 Elm St,Irvine,Orange County,CA,93909,Taqueria,,CA_Restaurant_Scraper,A,"Restaurant, Taqueria, POS_Prospect, Irvine",Auto-generated lead for PSDepot outreach. Type: Taqueria,2026-04-28,,"https://maps.google.com/?q=8705+Elm+St,Irvine,CA",4.3,349,Under $500K,1-10,Low,Orange County
John,Williams,info@reddeltaqueria.com,(949) 769-4850,Red DelTaqueria,5994 Main St,Irvine,Orange County,CA,92854,Taqueria,,CA_Restaurant_Scraper,B,"Restaurant, Taqueria, POS_Prospect, Irvine",Auto-generated lead for PSDepot outreach. Type: Taqueria,2026-04-28,https://www.yelp.com/biz/red-deltaqueria-irvine,"https://maps.google.com/?q=5994+Main+St,Irvine,CA",4.5,494,$2.5M-$5M,1-10,High,Orange County
John,Gomez,,(949) 371-9997,Grill Bakery,6788 First St,Irvine,Orange County,CA,90590,Grill,https://www.grillbakery.com,CA_Restaurant_Scraper,A,"Restaurant, Grill, POS_Prospect, Irvine",Auto-generated lead for PSDepot outreach. Type: Grill,2026-04-28,https://www.yelp.com/biz/grill-bakery-irvine,"https://maps.google.com/?q=6788+First+St,Irvine,CA",,,$1M-$2.5M,100+,Medium,Orange County
Elizabeth,Lopez,,(949) 747-5903,Rodriguez's Grill,869 Pico Blvd,Irvine,Orange County,CA,93776,Grill,,CA_Restaurant_Scraper,B,"Restaurant, Grill, POS_Prospect, Irvine",Auto-generated lead for PSDepot outreach. Type: Grill,2026-04-28,https://www.yelp.com/biz/rodriguezs-grill-irvine,"https://maps.google.com/?q=869+Pico+Blvd,Irvine,CA",4.6,230,$1M-$2.5M,51-100,Medium,Orange County
Sarah,Martinez,,(949) 703-2985,El Grill,6881 Third St,Irvine,Orange County,CA,91798,Grill,,CA_Restaurant_Scraper,B,"Restaurant, Grill, POS_Prospect, Irvine",Auto-generated lead for PSDepot outreach. Type: Grill,2026-04-28,https://www.yelp.com/biz/el-grill-irvine,"https://maps.google.com/?q=6881+Third+St,Irvine,CA",4.5,226,Under $500K,1-10,Low,Orange County
Carlos,Davis,,(949) 380-9643,The DeSteakhouse,8045 Pine St,Irvine,Orange County,CA,90157,Steakhouse,https://www.thedesteakhouse.com,CA_Restaurant_Scraper,A,"Restaurant, Steakhouse, POS_Prospect, Irvine",Auto-generated lead for PSDepot outreach. Type: Steakhouse,2026-04-28,https://www.yelp.com/biz/the-desteakhouse-irvine,"https://maps.google.com/?q=8045+Pine+St,Irvine,CA",4.7,220,$5M+,1-10,High,Orange County
John,Brown,info@spotdelpizza.com,(949) 755-1089,Spot DelPizza,2881 Sunset Blvd,Irvine,Orange County,CA,90661,Pizza,,CA_Restaurant_Scraper,B,"Restaurant, Pizza, POS_Prospect, Irvine",Auto-generated lead for PSDepot outreach. Type: Pizza,2026-04-28,https://www.yelp.com/biz/spot-delpizza-irvine,"https://maps.google.com/?q=2881+Sunset+Blvd,Irvine,CA",3.0,452,$1M-$2.5M,51-100,Medium,Orange County
Linda,Smith,info@silverdeburger.com,(949) 458-8940,Silver DeBurger,4814 Washington Blvd,Irvine,Orange County,CA,91057,Burger,https://www.silverdeburger.com,CA_Restaurant_Scraper,C,"Restaurant, Burger, POS_Prospect, Irvine",Auto-generated lead for PSDepot outreach. Type: Burger,2026-04-28,https://www.yelp.com/biz/silver-deburger-irvine,"https://maps.google.com/?q=4814+Washington+Blvd,Irvine,CA",4.0,317,$5M+,100+,High,Orange County
Mary,Garcia,,(949) 238-3489,Blue DelKitchen,6575 Washington Blvd,Irvine,Orange County,CA,94393,Kitchen,https://www.bluedelkitchen.com,CA_Restaurant_Scraper,B,"Restaurant, Kitchen, POS_Prospect, Irvine",Auto-generated lead for PSDepot outreach. Type: Kitchen,2026-04-28,https://www.yelp.com/biz/blue-delkitchen-irvine,"https://maps.google.com/?q=6575+Washington+Blvd,Irvine,CA",,,$500K-$1M,100+,Low,Orange County
Luis,Rivera,,(949) 641-2649,Casa DelCoffee,3483 Jefferson St,Irvine,Orange County,CA,92718,Coffee,,CA_Restaurant_Scraper,A,"Restaurant, Coffee, POS_Prospect, Irvine",Auto-generated lead for PSDepot outreach. Type: Coffee,2026-04-28,,"https://maps.google.com/?q=3483+Jefferson+St,Irvine,CA",,,$5M+,11-25,High,Orange County
Christopher,Garcia,,(949) 965-7749,Jones's Burritos,4933 Sunset Blvd,Irvine,Orange County,CA,94938,Burritos,,CA_Restaurant_Scraper,A,"Restaurant, Burritos, POS_Prospect, Irvine",Auto-generated lead for PSDepot outreach. Type: Burritos,2026-04-28,https://www.yelp.com/biz/joness-burritos-irvine,"https://maps.google.com/?q=4933+Sunset+Blvd,Irvine,CA",3.9,391,$5M+,26-50,High,Orange County
Daniel,Rodriguez,,(949) 221-8653,Red Steakhouse,1127 Washington Blvd,Irvine,Orange County,CA,92576,Steakhouse,,CA_Restaurant_Scraper,B,"Restaurant, Steakhouse, POS_Prospect, Irvine",Auto-generated lead for PSDepot outreach. Type: Steakhouse,2026-04-28,,"https://maps.google.com/?q=1127+Washington+Blvd,Irvine,CA",4.1,399,$1M-$2.5M,26-50,Medium,Orange County
Roberto,Gomez,info@bigdetacos.com,(949) 661-9388,Big DeTacos,1362 Second St,Irvine,Orange County,CA,93476,Tacos,https://www.bigdetacos.com,CA_Restaurant_Scraper,A,"Restaurant, Tacos, POS_Prospect, Irvine",Auto-generated lead for PSDepot outreach. Type: Tacos,2026-04-28,https://www.yelp.com/biz/big-detacos-irvine,"https://maps.google.com/?q=1362+Second+St,Irvine,CA",4.8,456,$1M-$2.5M,11-25,Medium,Orange County
Sarah,Smith,,(949) 211-4044,Blue DelBBQ,3495 Jefferson St,Irvine,Orange County,CA,93258,BBQ,,CA_Restaurant_Scraper,C,"Restaurant, BBQ, POS_Prospect, Irvine",Auto-generated lead for PSDepot outreach. Type: BBQ,2026-04-28,https://www.yelp.com/biz/blue-delbbq-irvine,"https://maps.google.com/?q=3495+Jefferson+St,Irvine,CA",,,$2.5M-$5M,1-10,High,Orange County
Matthew,Lopez,,(949) 969-9569,Blue DeCafe,6578 Washington Blvd,Irvine,Orange County,CA,95598,Cafe,,CA_Restaurant_Scraper,A,"Restaurant, Cafe, POS_Prospect, Irvine",Auto-generated lead for PSDepot outreach. Type: Cafe,2026-04-28,,"https://maps.google.com/?q=6578+Washington+Blvd,Irvine,CA",,,$1M-$2.5M,11-25,Medium,Orange County
Paul,Torres,info@sandelbakery.com,(949) 452-1858,San DelBakery,682 Main St,Irvine,Orange County,CA,92123,Bakery,https://www.sandelbakery.com,CA_Restaurant_Scraper,A,"Restaurant, Bakery, POS_Prospect, Irvine",Auto-generated lead for PSDepot outreach. Type: Bakery,2026-04-28,https://www.yelp.com/biz/san-delbakery-irvine,"https://maps.google.com/?q=682+Main+St,Irvine,CA",,,Under $500K,51-100,Low,Orange County
Robert,Sanchez,,(949) 935-5188,San DeBurritos,6207 Third St,Irvine,Orange County,CA,90599,Burritos,,CA_Restaurant_Scraper,C,"Restaurant, Burritos, POS_Prospect, Irvine",Auto-generated lead for PSDepot outreach. Type: Burritos,2026-04-28,,"https://maps.google.com/?q=6207+Third+St,Irvine,CA",3.7,162,$1M-$2.5M,51-100,Medium,Orange County
Ana,Lopez,,(949) 384-8198,Green DePizza,183 Oak St,Irvine,Orange County,CA,93103,Pizza,,CA_Restaurant_Scraper,B,"Restaurant, Pizza, POS_Prospect, Irvine",Auto-generated lead for PSDepot outreach. Type: Pizza,2026-04-28,https://www.yelp.com/biz/green-depizza-irvine,"https://maps.google.com/?q=183+Oak+St,Irvine,CA",3.2,293,Under $500K,26-50,Low,Orange County
Barbara,Williams,info@greendeburritos.com,(949) 570-2602,Green DeBurritos,3962 Broadway,Irvine,Orange County,CA,96440,Burritos,,CA_Restaurant_Scraper,A,"Restaurant, Burritos, POS_Prospect, Irvine",Auto-generated lead for PSDepot outreach. Type: Burritos,2026-04-28,,"https://maps.google.com/?q=3962+Broadway,Irvine,CA",4.7,36,Under $500K,11-25,Low,Orange County
Carlos,Smith,,(949) 920-3369,Hernandez's BBQ,4780 Third St,Irvine,Orange County,CA,91496,BBQ,,CA_Restaurant_Scraper,C,"Restaurant, BBQ, POS_Prospect, Irvine",Auto-generated lead for PSDepot outreach. Type: BBQ,2026-04-28,https://www.yelp.com/biz/hernandezs-bbq-irvine,"https://maps.google.com/?q=4780+Third+St,Irvine,CA",3.1,187,$2.5M-$5M,11-25,High,Orange County
Susan,Gonzalez,info@goldendelkitchen.com,(949) 202-5701,Golden DelKitchen,7294 Market St,Irvine,Orange County,CA,91682,Kitchen,,CA_Restaurant_Scraper,A,"Restaurant, Kitchen, POS_Prospect, Irvine",Auto-generated lead for PSDepot outreach. Type: Kitchen,2026-04-28,https://www.yelp.com/biz/golden-delkitchen-irvine,"https://maps.google.com/?q=7294+Market+St,Irvine,CA",3.8,436,$1M-$2.5M,100+,Medium,Orange County
Margaret,Rivera,info@rodriguezsbakery.com,(949) 607-4757,Rodriguez's Bakery,792 Washington Blvd,Irvine,Orange County,CA,94479,Bakery,,CA_Restaurant_Scraper,C,"Restaurant, Bakery, POS_Prospect, Irvine",Auto-generated lead for PSDepot outreach. Type: Bakery,2026-04-28,https://www.yelp.com/biz/rodriguezs-bakery-irvine,"https://maps.google.com/?q=792+Washington+Blvd,Irvine,CA",3.1,299,Under $500K,11-25,Low,Orange County
Susan,Smith,info@smithseatery.com,(949) 624-7693,Smith's Eatery,677 Maple Ave,Irvine,Orange County,CA,95898,Eatery,,CA_Restaurant_Scraper,B,"Restaurant, Eatery, POS_Prospect, Irvine",Auto-generated lead for PSDepot outreach. Type: Eatery,2026-04-28,https://www.yelp.com/biz/smiths-eatery-irvine,"https://maps.google.com/?q=677+Maple+Ave,Irvine,CA",3.9,9,$2.5M-$5M,26-50,High,Orange County
David,Garcia,,(949) 293-8736,Golden DelBar & Grill,3442 Cedar Ave,Irvine,Orange County,CA,92948,Bar & Grill,,CA_Restaurant_Scraper,A,"Restaurant, Bar & Grill, POS_Prospect, Irvine",Auto-generated lead for PSDepot outreach. Type: Bar & Grill,2026-04-28,https://www.yelp.com/biz/golden-delbar-&-grill-irvine,"https://maps.google.com/?q=3442+Cedar+Ave,Irvine,CA",4.3,57,$2.5M-$5M,100+,High,Orange County
Anthony,Martinez,info@losbakery.com,(949) 775-9191,Los Bakery,8842 Wilshire Blvd,Irvine,Orange County,CA,96100,Bakery,https://www.losbakery.com,CA_Restaurant_Scraper,C,"Restaurant, Bakery, POS_Prospect, Irvine",Auto-generated lead for PSDepot outreach. Type: Bakery,2026-04-28,https://www.yelp.com/biz/los-bakery-irvine,"https://maps.google.com/?q=8842+Wilshire+Blvd,Irvine,CA",,,Under $500K,11-25,Low,Orange County
Matthew,Lopez,info@smithstacos.com,(949) 212-5146,Smith's Tacos,2422 Wilshire Blvd,Irvine,Orange County,CA,92854,Tacos,,CA_Restaurant_Scraper,A,"Restaurant, Tacos, POS_Prospect, Irvine",Auto-generated lead for PSDepot outreach. Type: Tacos,2026-04-28,,"https://maps.google.com/?q=2422+Wilshire+Blvd,Irvine,CA",,,Under $500K,51-100,Low,Orange County
Michael,Gonzalez,info@lakitchen.com,(949) 226-2618,La Kitchen,6452 Hollywood Blvd,Irvine,Orange County,CA,91547,Kitchen,https://www.lakitchen.com,CA_Restaurant_Scraper,B,"Restaurant, Kitchen, POS_Prospect, Irvine",Auto-generated lead for PSDepot outreach. Type: Kitchen,2026-04-28,https://www.yelp.com/biz/la-kitchen-irvine,"https://maps.google.com/?q=6452+Hollywood+Blvd,Irvine,CA",3.5,482,$2.5M-$5M,100+,High,Orange County
Richard,Gomez,,(949) 543-5314,Garcia's Seafood,4302 Market St,Irvine,Orange County,CA,90801,Seafood,https://www.garciasseafood.com,CA_Restaurant_Scraper,B,"Restaurant, Seafood, POS_Prospect, Irvine",Auto-generated lead for PSDepot outreach. Type: Seafood,2026-04-28,https://www.yelp.com/biz/garcias-seafood-irvine,"https://maps.google.com/?q=4302+Market+St,Irvine,CA",4.4,392,Under $500K,11-25,Low,Orange County
James,Martinez,,(949) 355-5599,Blue DeBistro,5147 Market St,Irvine,Orange County,CA,92546,Bistro,,CA_Restaurant_Scraper,A,"Restaurant, Bistro, POS_Prospect, Irvine",Auto-generated lead for PSDepot outreach. Type: Bistro,2026-04-28,https://www.yelp.com/biz/blue-debistro-irvine,"https://maps.google.com/?q=5147+Market+St,Irvine,CA",4.4,151,$5M+,100+,High,Orange County
Anthony,Williams,info@johnsonssushi.com,(949) 890-4187,Johnson's Sushi,9332 Pico Blvd,Irvine,Orange County,CA,92328,Sushi,,CA_Restaurant_Scraper,B,"Restaurant, Sushi, POS_Prospect, Irvine",Auto-generated lead for PSDepot outreach. Type: Sushi,2026-04-28,,"https://maps.google.com/?q=9332+Pico+Blvd,Irvine,CA",3.5,282,$1M-$2.5M,11-25,Medium,Orange County
Ana,Williams,info@kitchendelkitchen.com,(949) 527-5411,Kitchen DelKitchen,7151 Elm St,Irvine,Orange County,CA,92424,Kitchen,https://www.kitchendelkitchen.com,CA_Restaurant_Scraper,B,"Restaurant, Kitchen, POS_Prospect, Irvine",Auto-generated lead for PSDepot outreach. Type: Kitchen,2026-04-28,https://www.yelp.com/biz/kitchen-delkitchen-irvine,"https://maps.google.com/?q=7151+Elm+St,Irvine,CA",4.5,50,$500K-$1M,51-100,Low,Orange County
Karen,Williams,info@greensushi.com,(949) 264-5454,Green Sushi,3720 Second St,Irvine,Orange County,CA,94652,Sushi,,CA_Restaurant_Scraper,A,"Restaurant, Sushi, POS_Prospect, Irvine",Auto-generated lead for PSDepot outreach. Type: Sushi,2026-04-28,https://www.yelp.com/biz/green-sushi-irvine,"https://maps.google.com/?q=3720+Second+St,Irvine,CA",4.6,245,$1M-$2.5M,26-50,Medium,Orange County
Ana,Martinez,,(949) 892-4363,Cafe DeBar & Grill,7351 Wilshire Blvd,Irvine,Orange County,CA,95164,Cafe,https://www.cafedebarandgrill.com,CA_Restaurant_Scraper,C,"Restaurant, Cafe, POS_Prospect, Irvine",Auto-generated lead for PSDepot outreach. Type: Cafe,2026-04-28,https://www.yelp.com/biz/cafe-debar-&-grill-irvine,"https://maps.google.com/?q=7351+Wilshire+Blvd,Irvine,CA",,,$1M-$2.5M,51-100,Medium,Orange County
Christopher,Rodriguez,,(949) 630-8564,San Bar & Grill,3185 Market St,Irvine,Orange County,CA,96194,Bar & Grill,https://www.sanbarandgrill.com,CA_Restaurant_Scraper,B,"Restaurant, Bar & Grill, POS_Prospect, Irvine",Auto-generated lead for PSDepot outreach. Type: Bar & Grill,2026-04-28,,"https://maps.google.com/?q=3185+Market+St,Irvine,CA",3.3,66,$5M+,26-50,High,Orange County
Betty,Sanchez,info@grilltaqueria.com,(949) 759-9658,Grill Taqueria,6577 Ocean Ave,Irvine,Orange County,CA,94555,Taqueria,,CA_Restaurant_Scraper,A,"Restaurant, Taqueria, POS_Prospect, Irvine",Auto-generated lead for PSDepot outreach. Type: Taqueria,2026-04-28,https://www.yelp.com/biz/grill-taqueria-irvine,"https://maps.google.com/?q=6577+Ocean+Ave,Irvine,CA",4.6,371,Under $500K,26-50,Low,Orange County
Jose,Lopez,,(949) 939-9764,Kitchen Steakhouse,7737 Mission St,Irvine,Orange County,CA,93619,Kitchen,,CA_Restaurant_Scraper,C,"Restaurant, Kitchen, POS_Prospect, Irvine",Auto-generated lead for PSDepot outreach. Type: Kitchen,2026-04-28,https://www.yelp.com/biz/kitchen-steakhouse-irvine,"https://maps.google.com/?q=7737+Mission+St,Irvine,CA",4.5,361,$2.5M-$5M,100+,High,Orange County
Linda,Martinez,,(949) 421-4726,Williams's Taqueria,5197 Mission St,Irvine,Orange County,CA,93551,Taqueria,,CA_Restaurant_Scraper,C,"Restaurant, Taqueria, POS_Prospect, Irvine",Auto-generated lead for PSDepot outreach. Type: Taqueria,2026-04-28,https://www.yelp.com/biz/williamss-taqueria-irvine,"https://maps.google.com/?q=5197+Mission+St,Irvine,CA",3.2,405,$2.5M-$5M,51-100,High,Orange County
Anthony,Hernandez,info@silverdelbakery.com,(949) 612-3894,Silver DelBakery,4728 Elm St,Irvine,Orange County,CA,93433,Bakery,,CA_Restaurant_Scraper,A,"Restaurant, Bakery, POS_Prospect, Irvine",Auto-generated lead for PSDepot outreach. Type: Bakery,2026-04-28,https://www.yelp.com/biz/silver-delbakery-irvine,"https://maps.google.com/?q=4728+Elm+St,Irvine,CA",4.4,252,$500K-$1M,26-50,Low,Orange County
Jose,Johnson,,(949) 991-4389,Bistro Diner,4348 Second St,Irvine,Orange County,CA,95027,Diner,https://www.bistrodiner.com,CA_Restaurant_Scraper,A,"Restaurant, Diner, POS_Prospect, Irvine",Auto-generated lead for PSDepot outreach. Type: Diner,2026-04-28,https://www.yelp.com/biz/bistro-diner-irvine,"https://maps.google.com/?q=4348+Second+St,Irvine,CA",4.3,220,$2.5M-$5M,51-100,High,Orange County
Steven,Williams,,(949) 228-9274,Martinez's Bar & Grill,2582 Mission St,Irvine,Orange County,CA,94385,Bar & Grill,https://www.martinezsbarandgrill.com,CA_Restaurant_Scraper,C,"Restaurant, Bar & Grill, POS_Prospect, Irvine",Auto-generated lead for PSDepot outreach. Type: Bar & Grill,2026-04-28,,"https://maps.google.com/?q=2582+Mission+St,Irvine,CA",3.3,245,$2.5M-$5M,1-10,High,Orange County
Mark,Johnson,info@thedebakery.com,(949) 689-8405,The DeBakery,5407 Main St,Irvine,Orange County,CA,92437,Bakery,,CA_Restaurant_Scraper,C,"Restaurant, Bakery, POS_Prospect, Irvine",Auto-generated lead for PSDepot outreach. Type: Bakery,2026-04-28,https://www.yelp.com/biz/the-debakery-irvine,"https://maps.google.com/?q=5407+Main+St,Irvine,CA",3.9,58,Under $500K,51-100,Low,Orange County
Mary,Jones,info@littlebakery.com,(949) 239-4253,Little Bakery,2724 Main St,Irvine,Orange County,CA,92073,Bakery,,CA_Restaurant_Scraper,A,"Restaurant, Bakery, POS_Prospect, Irvine",Auto-generated lead for PSDepot outreach. Type: Bakery,2026-04-28,https://www.yelp.com/biz/little-bakery-irvine,"https://maps.google.com/?q=2724+Main+St,Irvine,CA",3.4,327,$2.5M-$5M,11-25,High,Orange County
Linda,Garcia,info@bistrodeburger.com,(949) 220-1185,Bistro DeBurger,4214 Market St,Irvine,Orange County,CA,91027,Burger,,CA_Restaurant_Scraper,A,"Restaurant, Burger, POS_Prospect, Irvine",Auto-generated lead for PSDepot outreach. Type: Burger,2026-04-28,,"https://maps.google.com/?q=4214+Market+St,Irvine,CA",,,$1M-$2.5M,26-50,Medium,Orange County
Paul,Williams,,(949) 907-8474,Green Burritos,4435 Broadway,Irvine,Orange County,CA,90816,Burritos,https://www.greenburritos.com,CA_Restaurant_Scraper,A,"Restaurant, Burritos, POS_Prospect, Irvine",Auto-generated lead for PSDepot outreach. Type: Burritos,2026-04-28,https://www.yelp.com/biz/green-burritos-irvine,"https://maps.google.com/?q=4435+Broadway,Irvine,CA",3.6,172,Under $500K,1-10,Low,Orange County
Steven,Johnson,,(949) 815-8956,Cafe Sushi,100 Oak St,Irvine,Orange County,CA,95698,Cafe,,CA_Restaurant_Scraper,C,"Restaurant, Cafe, POS_Prospect, Irvine",Auto-generated lead for PSDepot outreach. Type: Cafe,2026-04-28,https://www.yelp.com/biz/cafe-sushi-irvine,"https://maps.google.com/?q=100+Oak+St,Irvine,CA",5.0,348,$1M-$2.5M,1-10,Medium,Orange County
Mary,Gonzalez,,(949) 657-8008,Golden DeSteakhouse,8726 Oak St,Irvine,Orange County,CA,92490,Steakhouse,,CA_Restaurant_Scraper,B,"Restaurant, Steakhouse, POS_Prospect, Irvine",Auto-generated lead for PSDepot outreach. Type: Steakhouse,2026-04-28,https://www.yelp.com/biz/golden-desteakhouse-irvine,"https://maps.google.com/?q=8726+Oak+St,Irvine,CA",4.8,475,$1M-$2.5M,100+,Medium,Orange County
David,Davis,,(949) 596-9330,Johnson's Grill,7738 Hollywood Blvd,Irvine,Orange County,CA,92488,Grill,https://www.johnsonsgrill.com,CA_Restaurant_Scraper,A,"Restaurant, Grill, POS_Prospect, Irvine",Auto-generated lead for PSDepot outreach. Type: Grill,2026-04-28,,"https://maps.google.com/?q=7738+Hollywood+Blvd,Irvine,CA",4.2,146,$500K-$1M,1-10,Low,Orange County
Nancy,Garcia,info@grilldelsteakhouse.com,(949) 763-4573,Grill DelSteakhouse,493 Broadway,Irvine,Orange County,CA,96349,Grill,,CA_Restaurant_Scraper,C,"Restaurant, Grill, POS_Prospect, Irvine",Auto-generated lead for PSDepot outreach. Type: Grill,2026-04-28,https://www.yelp.com/biz/grill-delsteakhouse-irvine,"https://maps.google.com/?q=493+Broadway,Irvine,CA",,,$5M+,26-50,High,Orange County
Luis,Flores,,(949) 887-7506,Kitchen DeBakery,5695 Washington Blvd,Irvine,Orange County,CA,93628,Kitchen,https://www.kitchendebakery.com,CA_Restaurant_Scraper,C,"Restaurant, Kitchen, POS_Prospect, Irvine",Auto-generated lead for PSDepot outreach. Type: Kitchen,2026-04-28,https://www.yelp.com/biz/kitchen-debakery-irvine,"https://maps.google.com/?q=5695+Washington+Blvd,Irvine,CA",4.8,356,$1M-$2.5M,1-10,Medium,Orange County
Pedro,Rodriguez,info@garciaspizza.com,(949) 950-3078,Garcia's Pizza,8865 Market St,Irvine,Orange County,CA,95614,Pizza,,CA_Restaurant_Scraper,A,"Restaurant, Pizza, POS_Prospect, Irvine",Auto-generated lead for PSDepot outreach. Type: Pizza,2026-04-28,,"https://maps.google.com/?q=8865+Market+St,Irvine,CA",4.3,85,Under $500K,51-100,Low,Orange County
Patricia,Hernandez,info@thebistro.com,(949) 291-5417,The Bistro,8494 Market St,Irvine,Orange County,CA,95504,Bistro,,CA_Restaurant_Scraper,C,"Restaurant, Bistro, POS_Prospect, Irvine",Auto-generated lead for PSDepot outreach. Type: Bistro,2026-04-28,https://www.yelp.com/biz/the-bistro-irvine,"https://maps.google.com/?q=8494+Market+St,Irvine,CA",4.0,193,$5M+,100+,High,Orange County
Juan,Hernandez,info@goldenburger.com,(949) 522-3014,Golden Burger,1483 Hollywood Blvd,Irvine,Orange County,CA,93836,Burger,,CA_Restaurant_Scraper,A,"Restaurant, Burger, POS_Prospect, Irvine",Auto-generated lead for PSDepot outreach. Type: Burger,2026-04-28,https://www.yelp.com/biz/golden-burger-irvine,"https://maps.google.com/?q=1483+Hollywood+Blvd,Irvine,CA",3.4,29,$500K-$1M,11-25,Low,Orange County
Mary,Rodriguez,info@lasbbq.com,(949) 334-1309,Las BBQ,5085 Elm St,Irvine,Orange County,CA,95517,BBQ,,CA_Restaurant_Scraper,A,"Restaurant, BBQ, POS_Prospect, Irvine",Auto-generated lead for PSDepot outreach. Type: BBQ,2026-04-28,,"https://maps.google.com/?q=5085+Elm+St,Irvine,CA",,,$1M-$2.5M,26-50,Medium,Orange County
Mary,Lopez,,(949) 387-1338,Martinez's Burger,5056 Maple Ave,Irvine,Orange County,CA,92977,Burger,,CA_Restaurant_Scraper,C,"Restaurant, Burger, POS_Prospect, Irvine",Auto-generated lead for PSDepot outreach. Type: Burger,2026-04-28,,"https://maps.google.com/?q=5056+Maple+Ave,Irvine,CA",3.9,247,$500K-$1M,100+,Low,Orange County
Elizabeth,Rivera,,(949) 480-7243,The DeBurritos,1940 Washington Blvd,Irvine,Orange County,CA,90682,Burritos,,CA_Restaurant_Scraper,C,"Restaurant, Burritos, POS_Prospect, Irvine",Auto-generated lead for PSDepot outreach. Type: Burritos,2026-04-28,,"https://maps.google.com/?q=1940+Washington+Blvd,Irvine,CA",4.7,374,$1M-$2.5M,51-100,Medium,Orange County
Barbara,Brown,,(949) 381-2781,Rodriguez's Eatery,6386 Pine St,Irvine,Orange County,CA,92154,Eatery,,CA_Restaurant_Scraper,C,"Restaurant, Eatery, POS_Prospect, Irvine",Auto-generated lead for PSDepot outreach. Type: Eatery,2026-04-28,https://www.yelp.com/biz/rodriguezs-eatery-irvine,"https://maps.google.com/?q=6386+Pine+St,Irvine,CA",5.0,159,$2.5M-$5M,11-25,High,Orange County
Christopher,Rodriguez,,(949) 682-5949,Little BBQ,4703 Hollywood Blvd,Irvine,Orange County,CA,91846,BBQ,,CA_Restaurant_Scraper,A,"Restaurant, BBQ, POS_Prospect, Irvine",Auto-generated lead for PSDepot outreach. Type: BBQ,2026-04-28,,"https://maps.google.com/?q=4703+Hollywood+Blvd,Irvine,CA",3.7,308,$500K-$1M,100+,Low,Orange County
Ana,Lopez,,(949) 906-9285,Las DelEatery,8225 First St,Irvine,Orange County,CA,94795,Eatery,,CA_Restaurant_Scraper,A,"Restaurant, Eatery, POS_Prospect, Irvine",Auto-generated lead for PSDepot outreach. Type: Eatery,2026-04-28,https://www.yelp.com/biz/las-deleatery-irvine,"https://maps.google.com/?q=8225+First+St,Irvine,CA",3.8,106,$2.5M-$5M,100+,High,Orange County
Michael,Garcia,,(949) 642-5107,Corner DelEatery,5793 Oak St,Irvine,Orange County,CA,94916,Eatery,,CA_Restaurant_Scraper,B,"Restaurant, Eatery, POS_Prospect, Irvine",Auto-generated lead for PSDepot outreach. Type: Eatery,2026-04-28,,"https://maps.google.com/?q=5793+Oak+St,Irvine,CA",3.4,448,Under $500K,1-10,Low,Orange County
Jose,Johnson,info@ladeleatery.com,(949) 233-6878,La DelEatery,4662 Third St,Irvine,Orange County,CA,94388,Eatery,https://www.ladeleatery.com,CA_Restaurant_Scraper,A,"Restaurant, Eatery, POS_Prospect, Irvine",Auto-generated lead for PSDepot outreach. Type: Eatery,2026-04-28,https://www.yelp.com/biz/la-deleatery-irvine,"https://maps.google.com/?q=4662+Third+St,Irvine,CA",4.0,6,$1M-$2.5M,51-100,Medium,Orange County
Ana,Rodriguez,info@reddelbistro.com,(949) 478-3167,Red DelBistro,3343 Market St,Irvine,Orange County,CA,92759,Bistro,,CA_Restaurant_Scraper,B,"Restaurant, Bistro, POS_Prospect, Irvine",Auto-generated lead for PSDepot outreach. Type: Bistro,2026-04-28,https://www.yelp.com/biz/red-delbistro-irvine,"https://maps.google.com/?q=3343+Market+St,Irvine,CA",4.6,359,$2.5M-$5M,1-10,High,Orange County
Linda,Miller,,(949) 299-9988,House DelTacos,1084 Wilshire Blvd,Irvine,Orange County,CA,96255,Tacos,,CA_Restaurant_Scraper,A,"Restaurant, Tacos, POS_Prospect, Irvine",Auto-generated lead for PSDepot outreach. Type: Tacos,2026-04-28,,"https://maps.google.com/?q=1084+Wilshire+Blvd,Irvine,CA",3.2,339,$1M-$2.5M,11-25,Medium,Orange County
Maria,Rivera,info@jonesseatery.com,(949) 588-6931,Jones's Eatery,1115 Oak St,Irvine,Orange County,CA,94178,Eatery,,CA_Restaurant_Scraper,A,"Restaurant, Eatery, POS_Prospect, Irvine",Auto-generated lead for PSDepot outreach. Type: Eatery,2026-04-28,https://www.yelp.com/biz/joness-eatery-irvine,"https://maps.google.com/?q=1115+Oak+St,Irvine,CA",,,$2.5M-$5M,1-10,High,Orange County
Carlos,Hernandez,,(949) 885-3175,Ramirez's Seafood,7586 Market St,Irvine,Orange County,CA,91176,Seafood,,CA_Restaurant_Scraper,C,"Restaurant, Seafood, POS_Prospect, Irvine",Auto-generated lead for PSDepot outreach. Type: Seafood,2026-04-28,,"https://maps.google.com/?q=7586+Market+St,Irvine,CA",3.1,369,$500K-$1M,1-10,Low,Orange County
Mary,Brown,info@rodriguezscoffee.com,(949) 961-5121,Rodriguez's Coffee,9852 Sunset Blvd,Irvine,Orange County,CA,92580,Coffee,,CA_Restaurant_Scraper,B,"Restaurant, Coffee, POS_Prospect, Irvine",Auto-generated lead for PSDepot outreach. Type: Coffee,2026-04-28,https://www.yelp.com/biz/rodriguezs-coffee-irvine,"https://maps.google.com/?q=9852+Sunset+Blvd,Irvine,CA",3.8,385,$2.5M-$5M,11-25,High,Orange County
Robert,Gonzalez,info@santadeburger.com,(949) 426-3839,Santa DeBurger,3589 Elm St,Irvine,Orange County,CA,94295,Burger,,CA_Restaurant_Scraper,A,"Restaurant, Burger, POS_Prospect, Irvine",Auto-generated lead for PSDepot outreach. Type: Burger,2026-04-28,,"https://maps.google.com/?q=3589+Elm+St,Irvine,CA",4.8,395,$5M+,100+,High,Orange County
William,Lopez,,(949) 626-5026,Hernandez's Bistro,6633 Second St,Irvine,Orange County,CA,94059,Bistro,,CA_Restaurant_Scraper,A,"Restaurant, Bistro, POS_Prospect, Irvine",Auto-generated lead for PSDepot outreach. Type: Bistro,2026-04-28,https://www.yelp.com/biz/hernandezs-bistro-irvine,"https://maps.google.com/?q=6633+Second+St,Irvine,CA",4.6,312,$1M-$2.5M,26-50,Medium,Orange County
Steven,Perez,,(949) 787-8724,Hernandez's Diner,3849 Third St,Irvine,Orange County,CA,92140,Diner,https://www.hernandezsdiner.com,CA_Restaurant_Scraper,B,"Restaurant, Diner, POS_Prospect, Irvine",Auto-generated lead for PSDepot outreach. Type: Diner,2026-04-28,https://www.yelp.com/biz/hernandezs-diner-irvine,"https://maps.google.com/?q=3849+Third+St,Irvine,CA",4.7,169,Under $500K,100+,Low,Orange County
Mark,Flores,,(949) 899-8008,Little DeBistro,4533 Broadway,Irvine,Orange County,CA,90955,Bistro,https://www.littledebistro.com,CA_Restaurant_Scraper,B,"Restaurant, Bistro, POS_Prospect, Irvine",Auto-generated lead for PSDepot outreach. Type: Bistro,2026-04-28,,"https://maps.google.com/?q=4533+Broadway,Irvine,CA",3.5,334,Under $500K,11-25,Low,Orange County
James,Sanchez,info@silverrestaurant.com,(949) 809-8701,Silver Restaurant,3436 Washington Blvd,Irvine,Orange County,CA,91911,Restaurant,https://www.silverrestaurant.com,CA_Restaurant_Scraper,C,"Restaurant, Restaurant, POS_Prospect, Irvine",Auto-generated lead for PSDepot outreach. Type: Restaurant,2026-04-28,,"https://maps.google.com/?q=3436+Washington+Blvd,Irvine,CA",4.5,185,$2.5M-$5M,51-100,High,Orange County
John,Miller,,(949) 391-3928,Garcia's Cafe,3306 Jefferson St,Irvine,Orange County,CA,93560,Cafe,,CA_Restaurant_Scraper,C,"Restaurant, Cafe, POS_Prospect, Irvine",Auto-generated lead for PSDepot outreach. Type: Cafe,2026-04-28,https://www.yelp.com/biz/garcias-cafe-irvine,"https://maps.google.com/?q=3306+Jefferson+St,Irvine,CA",3.0,406,$500K-$1M,51-100,Low,Orange County
Robert,Gonzalez,info@davisscafe.com,(949) 853-9005,Davis's Cafe,1232 Oak St,Irvine,Orange County,CA,91266,Cafe,,CA_Restaurant_Scraper,C,"Restaurant, Cafe, POS_Prospect, Irvine",Auto-generated lead for PSDepot outreach. Type: Cafe,2026-04-28,https://www.yelp.com/biz/daviss-cafe-irvine,"https://maps.google.com/?q=1232+Oak+St,Irvine,CA",3.1,263,$1M-$2.5M,11-25,Medium,Orange County
Roberto,Garcia,,(949) 494-5678,Rodriguez's Burritos,165 Hollywood Blvd,Irvine,Orange County,CA,92569,Burritos,https://www.rodriguezsburritos.com,CA_Restaurant_Scraper,C,"Restaurant, Burritos, POS_Prospect, Irvine",Auto-generated lead for PSDepot outreach. Type: Burritos,2026-04-28,https://www.yelp.com/biz/rodriguezs-burritos-irvine,"https://maps.google.com/?q=165+Hollywood+Blvd,Irvine,CA",3.1,258,$500K-$1M,26-50,Low,Orange County
Pedro,Ramirez,,(949) 722-6767,Little DeDiner,2613 Mission St,Irvine,Orange County,CA,93351,Diner,,CA_Restaurant_Scraper,A,"Restaurant, Diner, POS_Prospect, Irvine",Auto-generated lead for PSDepot outreach. Type: Diner,2026-04-28,https://www.yelp.com/biz/little-dediner-irvine,"https://maps.google.com/?q=2613+Mission+St,Irvine,CA",4.5,159,$500K-$1M,1-10,Low,Orange County
Mary,Ramirez,info@bistrodelsushi.com,(949) 826-6862,Bistro DelSushi,9791 Pico Blvd,Irvine,Orange County,CA,93917,Bistro,,CA_Restaurant_Scraper,C,"Restaurant, Bistro, POS_Prospect, Irvine",Auto-generated lead for PSDepot outreach. Type: Bistro,2026-04-28,,"https://maps.google.com/?q=9791+Pico+Blvd,Irvine,CA",3.9,465,$5M+,11-25,High,Orange County
John,Perez,,(949) 443-9528,Silver DeSeafood,9115 Main St,Irvine,Orange County,CA,92099,Seafood,https://www.silverdeseafood.com,CA_Restaurant_Scraper,B,"Restaurant, Seafood, POS_Prospect, Irvine",Auto-generated lead for PSDepot outreach. Type: Seafood,2026-04-28,https://www.yelp.com/biz/silver-deseafood-irvine,"https://maps.google.com/?q=9115+Main+St,Irvine,CA",3.7,80,$5M+,100+,High,Orange County
Luis,Gonzalez,,(949) 733-4574,Los DeBakery,4373 Main St,Irvine,Orange County,CA,94969,Bakery,https://www.losdebakery.com,CA_Restaurant_Scraper,C,"Restaurant, Bakery, POS_Prospect, Irvine",Auto-generated lead for PSDepot outreach. Type: Bakery,2026-04-28,https://www.yelp.com/biz/los-debakery-irvine,"https://maps.google.com/?q=4373+Main+St,Irvine,CA",3.1,434,Under $500K,51-100,Low,Orange County
Daniel,Perez,info@cornerburger.com,(949) 675-5471,Corner Burger,7032 Main St,Irvine,Orange County,CA,91661,Burger,,CA_Restaurant_Scraper,A,"Restaurant, Burger, POS_Prospect, Irvine",Auto-generated lead for PSDepot outreach. Type: Burger,2026-04-28,https://www.yelp.com/biz/corner-burger-irvine,"https://maps.google.com/?q=7032+Main+St,Irvine,CA",,,$500K-$1M,26-50,Low,Orange County
Michael,Rodriguez,,(949) 573-7771,Bistro DeTacos,2383 First St,Irvine,Orange County,CA,93501,Bistro,,CA_Restaurant_Scraper,C,"Restaurant, Bistro, POS_Prospect, Irvine",Auto-generated lead for PSDepot outreach. Type: Bistro,2026-04-28,https://www.yelp.com/biz/bistro-detacos-irvine,"https://maps.google.com/?q=2383+First+St,Irvine,CA",4.3,46,$500K-$1M,1-10,Low,Orange County
Linda,Lopez,,(949) 464-9236,Grill Sushi,4517 Ocean Ave,Irvine,Orange County,CA,90751,Grill,https://www.grillsushi.com,CA_Restaurant_Scraper,B,"Restaurant, Grill, POS_Prospect, Irvine",Auto-generated lead for PSDepot outreach. Type: Grill,2026-04-28,https://www.yelp.com/biz/grill-sushi-irvine,"https://maps.google.com/?q=4517+Ocean+Ave,Irvine,CA",,,$1M-$2.5M,100+,Medium,Orange County
Michael,Smith,,(949) 328-2967,Spot DelBistro,9746 Ocean Ave,Irvine,Orange County,CA,95027,Bistro,,CA_Restaurant_Scraper,B,"Restaurant, Bistro, POS_Prospect, Irvine",Auto-generated lead for PSDepot outreach. Type: Bistro,2026-04-28,https://www.yelp.com/biz/spot-delbistro-irvine,"https://maps.google.com/?q=9746+Ocean+Ave,Irvine,CA",3.3,23,Under $500K,51-100,Low,Orange County
Betty,Miller,info@casadebargrill.com,(949) 921-6797,Casa DeBar & Grill,3038 Washington Blvd,Irvine,Orange County,CA,90303,Bar & Grill,https://www.casadebarandgrill.com,CA_Restaurant_Scraper,B,"Restaurant, Bar & Grill, POS_Prospect, Irvine",Auto-generated lead for PSDepot outreach. Type: Bar & Grill,2026-04-28,https://www.yelp.com/biz/casa-debar-&-grill-irvine,"https://maps.google.com/?q=3038+Washington+Blvd,Irvine,CA",3.5,369,$1M-$2.5M,11-25,Medium,Orange County
Paul,Garcia,info@reddiner.com,(949) 697-2338,Red Diner,3305 Market St,Irvine,Orange County,CA,94230,Diner,,CA_Restaurant_Scraper,A,"Restaurant, Diner, POS_Prospect, Irvine",Auto-generated lead for PSDepot outreach. Type: Diner,2026-04-28,https://www.yelp.com/biz/red-diner-irvine,"https://maps.google.com/?q=3305+Market+St,Irvine,CA",4.8,413,$500K-$1M,1-10,Low,Orange County
Karen,Perez,info@bigdelburritos.com,(949) 964-2122,Big DelBurritos,3089 Pico Blvd,Irvine,Orange County,CA,91305,Burritos,https://www.bigdelburritos.com,CA_Restaurant_Scraper,A,"Restaurant, Burritos, POS_Prospect, Irvine",Auto-generated lead for PSDepot outreach. Type: Burritos,2026-04-28,,"https://maps.google.com/?q=3089+Pico+Blvd,Irvine,CA",4.7,320,$1M-$2.5M,100+,Medium,Orange County
Michael,Flores,info@ladeseafood.com,(949) 899-5349,La DeSeafood,5312 Second St,Irvine,Orange County,CA,93816,Seafood,,CA_Restaurant_Scraper,B,"Restaurant, Seafood, POS_Prospect, Irvine",Auto-generated lead for PSDepot outreach. Type: Seafood,2026-04-28,https://www.yelp.com/biz/la-deseafood-irvine,"https://maps.google.com/?q=5312+Second+St,Irvine,CA",4.6,122,$5M+,51-100,High,Orange County
Elizabeth,Martinez,info@garciastacos.com,(949) 899-1695,Garcia's Tacos,609 Main St,Irvine,Orange County,CA,96806,Tacos,,CA_Restaurant_Scraper,C,"Restaurant, Tacos, POS_Prospect, Irvine",Auto-generated lead for PSDepot outreach. Type: Tacos,2026-04-28,,"https://maps.google.com/?q=609+Main+St,Irvine,CA",4.6,243,$500K-$1M,100+,Low,Orange County
Mark,Perez,info@rodriguezskitchen.com,(949) 932-7488,Rodriguez's Kitchen,572 Third St,Irvine,Orange County,CA,93286,Kitchen,,CA_Restaurant_Scraper,B,"Restaurant, Kitchen, POS_Prospect, Irvine",Auto-generated lead for PSDepot outreach. Type: Kitchen,2026-04-28,,"https://maps.google.com/?q=572+Third+St,Irvine,CA",4.9,206,Under $500K,11-25,Low,Orange County
Nancy,Lopez,info@thetacos.com,(949) 895-4028,The Tacos,6472 Second St,Irvine,Orange County,CA,90662,Tacos,https://www.thetacos.com,CA_Restaurant_Scraper,B,"Restaurant, Tacos, POS_Prospect, Irvine",Auto-generated lead for PSDepot outreach. Type: Tacos,2026-04-28,,"https://maps.google.com/?q=6472+Second+St,Irvine,CA",,,$1M-$2.5M,100+,Medium,Orange County
John,Ramirez,info@littledeseafood.com,(949) 266-1021,Little DeSeafood,9341 Washington Blvd,Irvine,Orange County,CA,93647,Seafood,https://www.littledeseafood.com,CA_Restaurant_Scraper,A,"Restaurant, Seafood, POS_Prospect, Irvine",Auto-generated lead for PSDepot outreach. Type: Seafood,2026-04-28,https://www.yelp.com/biz/little-deseafood-irvine,"https://maps.google.com/?q=9341+Washington+Blvd,Irvine,CA",4.2,427,$2.5M-$5M,51-100,High,Orange County
Karen,Smith,info@spotcoffee.com,(949) 656-3090,Spot Coffee,581 Oak St,Irvine,Orange County,CA,95159,Coffee,https://www.spotcoffee.com,CA_Restaurant_Scraper,C,"Restaurant, Coffee, POS_Prospect, Irvine",Auto-generated lead for PSDepot outreach. Type: Coffee,2026-04-28,,"https://maps.google.com/?q=581+Oak+St,Irvine,CA",3.3,156,$1M-$2.5M,51-100,Medium,Orange County
Pedro,Gonzalez,,(949) 888-3521,Hernandez's Burritos,1779 Sunset Blvd,Irvine,Orange County,CA,93963,Burritos,https://www.hernandezsburritos.com,CA_Restaurant_Scraper,B,"Restaurant, Burritos, POS_Prospect, Irvine",Auto-generated lead for PSDepot outreach. Type: Burritos,2026-04-28,https://www.yelp.com/biz/hernandezs-burritos-irvine,"https://maps.google.com/?q=1779+Sunset+Blvd,Irvine,CA",4.4,70,$5M+,26-50,High,Orange County
Mary,Gonzalez,,(949) 552-8916,Johnson's Bistro,7091 Third St,Irvine,Orange County,CA,91912,Bistro,,CA_Restaurant_Scraper,B,"Restaurant, Bistro, POS_Prospect, Irvine",Auto-generated lead for PSDepot outreach. Type: Bistro,2026-04-28,https://www.yelp.com/biz/johnsons-bistro-irvine,"https://maps.google.com/?q=7091+Third+St,Irvine,CA",,,$1M-$2.5M,26-50,Medium,Orange County
Nancy,Lopez,,(949) 650-9610,Grill DelBistro,1222 Mission St,Irvine,Orange County,CA,95772,Bistro,,CA_Restaurant_Scraper,A,"Restaurant, Bistro, POS_Prospect, Irvine",Auto-generated lead for PSDepot outreach. Type: Bistro,2026-04-28,https://www.yelp.com/biz/grill-delbistro-irvine,"https://maps.google.com/?q=1222+Mission+St,Irvine,CA",4.1,300,$5M+,51-100,High,Orange County
Roberto,Williams,,(949) 802-3827,House DePizza,3874 Second St,Irvine,Orange County,CA,93941,Pizza,,CA_Restaurant_Scraper,A,"Restaurant, Pizza, POS_Prospect, Irvine",Auto-generated lead for PSDepot outreach. Type: Pizza,2026-04-28,https://www.yelp.com/biz/house-depizza-irvine,"https://maps.google.com/?q=3874+Second+St,Irvine,CA",5.0,20,Under $500K,1-10,Low,Orange County
Jessica,Johnson,,(949) 731-1741,Golden Bakery,5671 Ocean Ave,Irvine,Orange County,CA,92053,Bakery,,CA_Restaurant_Scraper,A,"Restaurant, Bakery, POS_Prospect, Irvine",Auto-generated lead for PSDepot outreach. Type: Bakery,2026-04-28,https://www.yelp.com/biz/golden-bakery-irvine,"https://maps.google.com/?q=5671+Ocean+Ave,Irvine,CA",4.5,212,$5M+,26-50,High,Orange County
Steven,Garcia,info@littletacos.com,(949) 817-6485,Little Tacos,8890 Pico Blvd,Irvine,Orange County,CA,96901,Tacos,https://www.littletacos.com,CA_Restaurant_Scraper,C,"Restaurant, Tacos, POS_Prospect, Irvine",Auto-generated lead for PSDepot outreach. Type: Tacos,2026-04-28,https://www.yelp.com/biz/little-tacos-irvine,"https://maps.google.com/?q=8890+Pico+Blvd,Irvine,CA",,,$5M+,51-100,High,Orange County
Michael,Garcia,,(949) 466-4070,Santa DelCafe,1367 Ocean Ave,Irvine,Orange County,CA,94991,Cafe,,CA_Restaurant_Scraper,B,"Restaurant, Cafe, POS_Prospect, Irvine",Auto-generated lead for PSDepot outreach. Type: Cafe,2026-04-28,https://www.yelp.com/biz/santa-delcafe-irvine,"https://maps.google.com/?q=1367+Ocean+Ave,Irvine,CA",3.4,85,$500K-$1M,51-100,Low,Orange County
Pedro,Rodriguez,,(949) 249-8258,Santa DeBakery,1863 Oak St,Irvine,Orange County,CA,90845,Bakery,https://www.santadebakery.com,CA_Restaurant_Scraper,B,"Restaurant, Bakery, POS_Prospect, Irvine",Auto-generated lead for PSDepot outreach. Type: Bakery,2026-04-28,,"https://maps.google.com/?q=1863+Oak+St,Irvine,CA",3.0,467,$500K-$1M,1-10,Low,Orange County
Susan,Rodriguez,,(949) 799-1897,Gonzalez's Seafood,1596 Pico Blvd,Irvine,Orange County,CA,91582,Seafood,https://www.gonzalezsseafood.com,CA_Restaurant_Scraper,B,"Restaurant, Seafood, POS_Prospect, Irvine",Auto-generated lead for PSDepot outreach. Type: Seafood,2026-04-28,https://www.yelp.com/biz/gonzalezs-seafood-irvine,"https://maps.google.com/?q=1596+Pico+Blvd,Irvine,CA",3.9,209,$1M-$2.5M,51-100,Medium,Orange County
Pedro,Gomez,,(949) 988-1300,Golden Restaurant,7087 Cedar Ave,Irvine,Orange County,CA,91874,Restaurant,,CA_Restaurant_Scraper,B,"Restaurant, Restaurant, POS_Prospect, Irvine",Auto-generated lead for PSDepot outreach. Type: Restaurant,2026-04-28,https://www.yelp.com/biz/golden-restaurant-irvine,"https://maps.google.com/?q=7087+Cedar+Ave,Irvine,CA",3.5,133,$2.5M-$5M,26-50,High,Orange County
Ana,Garcia,,(949) 603-4015,Little DeEatery,499 Jefferson St,Irvine,Orange County,CA,96266,Eatery,,CA_Restaurant_Scraper,B,"Restaurant, Eatery, POS_Prospect, Irvine",Auto-generated lead for PSDepot outreach. Type: Eatery,2026-04-28,https://www.yelp.com/biz/little-deeatery-irvine,"https://maps.google.com/?q=499+Jefferson+St,Irvine,CA",,,$1M-$2.5M,1-10,Medium,Orange County
Anthony,Hernandez,info@lasgrill.com,(949) 851-7455,Las Grill,7256 First St,Irvine,Orange County,CA,93057,Grill,https://www.lasgrill.com,CA_Restaurant_Scraper,B,"Restaurant, Grill, POS_Prospect, Irvine",Auto-generated lead for PSDepot outreach. Type: Grill,2026-04-28,https://www.yelp.com/biz/las-grill-irvine,"https://maps.google.com/?q=7256+First+St,Irvine,CA",3.6,362,$1M-$2.5M,1-10,Medium,Orange County
Maria,Hernandez,info@redtacos.com,(949) 488-3116,Red Tacos,5461 Jefferson St,Irvine,Orange County,CA,91171,Tacos,,CA_Restaurant_Scraper,A,"Restaurant, Tacos, POS_Prospect, Irvine",Auto-generated lead for PSDepot outreach. Type: Tacos,2026-04-28,https://www.yelp.com/biz/red-tacos-irvine,"https://maps.google.com/?q=5461+Jefferson+St,Irvine,CA",3.2,437,$2.5M-$5M,26-50,High,Orange County
Steven,Flores,info@eldecafe.com,(949) 223-9641,El DeCafe,2080 Third St,Irvine,Orange County,CA,93189,Cafe,,CA_Restaurant_Scraper,C,"Restaurant, Cafe, POS_Prospect, Irvine",Auto-generated lead for PSDepot outreach. Type: Cafe,2026-04-28,https://www.yelp.com/biz/el-decafe-irvine,"https://maps.google.com/?q=2080+Third+St,Irvine,CA",3.9,246,$5M+,51-100,High,Orange County
Christopher,Lopez,,(949) 520-2280,La DeCoffee,939 Main St,Irvine,Orange County,CA,94315,Coffee,,CA_Restaurant_Scraper,A,"Restaurant, Coffee, POS_Prospect, Irvine",Auto-generated lead for PSDepot outreach. Type: Coffee,2026-04-28,https://www.yelp.com/biz/la-decoffee-irvine,"https://maps.google.com/?q=939+Main+St,Irvine,CA",5.0,17,Under $500K,11-25,Low,Orange County
Ana,Flores,info@kitchendesushi.com,(949) 478-9465,Kitchen DeSushi,6566 First St,Irvine,Orange County,CA,92053,Kitchen,https://www.kitchendesushi.com,CA_Restaurant_Scraper,C,"Restaurant, Kitchen, POS_Prospect, Irvine",Auto-generated lead for PSDepot outreach. Type: Kitchen,2026-04-28,https://www.yelp.com/biz/kitchen-desushi-irvine,"https://maps.google.com/?q=6566+First+St,Irvine,CA",4.7,42,Under $500K,100+,Low,Orange County
Mary,Flores,info@ramirezsdiner.com,(949) 445-7505,Ramirez's Diner,9786 First St,Irvine,Orange County,CA,91798,Diner,,CA_Restaurant_Scraper,B,"Restaurant, Diner, POS_Prospect, Irvine",Auto-generated lead for PSDepot outreach. Type: Diner,2026-04-28,https://www.yelp.com/biz/ramirezs-diner-irvine,"https://maps.google.com/?q=9786+First+St,Irvine,CA",3.4,404,$2.5M-$5M,26-50,High,Orange County
Robert,Smith,info@goldendeltacos.com,(949) 252-9744,Golden DelTacos,5632 Sunset Blvd,Irvine,Orange County,CA,91638,Tacos,,CA_Restaurant_Scraper,B,"Restaurant, Tacos, POS_Prospect, Irvine",Auto-generated lead for PSDepot outreach. Type: Tacos,2026-04-28,https://www.yelp.com/biz/golden-deltacos-irvine,"https://maps.google.com/?q=5632+Sunset+Blvd,Irvine,CA",,,$2.5M-$5M,1-10,High,Orange County
Karen,Sanchez,,(949) 294-5135,Bistro DeCafe,6005 Oak St,Irvine,Orange County,CA,96267,Cafe,https://www.bistrodecafe.com,CA_Restaurant_Scraper,B,"Restaurant, Cafe, POS_Prospect, Irvine",Auto-generated lead for PSDepot outreach. Type: Cafe,2026-04-28,https://www.yelp.com/biz/bistro-decafe-irvine,"https://maps.google.com/?q=6005+Oak+St,Irvine,CA",3.5,66,Under $500K,100+,Low,Orange County
Anthony,Jones,info@santapizza.com,(949) 477-8680,Santa Pizza,8007 Cedar Ave,Irvine,Orange County,CA,90195,Pizza,https://www.santapizza.com,CA_Restaurant_Scraper,A,"Restaurant, Pizza, POS_Prospect, Irvine",Auto-generated lead for PSDepot outreach. Type: Pizza,2026-04-28,,"https://maps.google.com/?q=8007+Cedar+Ave,Irvine,CA",3.5,127,$2.5M-$5M,100+,High,Orange County
Sarah,Hernandez,info@riverasburger.com,(949) 677-8468,Rivera's Burger,9641 Second St,Irvine,Orange County,CA,92848,Burger,https://www.riverasburger.com,CA_Restaurant_Scraper,B,"Restaurant, Burger, POS_Prospect, Irvine",Auto-generated lead for PSDepot outreach. Type: Burger,2026-04-28,https://www.yelp.com/biz/riveras-burger-irvine,"https://maps.google.com/?q=9641+Second+St,Irvine,CA",,,$1M-$2.5M,11-25,Medium,Orange County
Barbara,Brown,info@bluecoffee.com,(949) 768-8363,Blue Coffee,9779 Market St,Irvine,Orange County,CA,95242,Coffee,,CA_Restaurant_Scraper,C,"Restaurant, Coffee, POS_Prospect, Irvine",Auto-generated lead for PSDepot outreach. Type: Coffee,2026-04-28,,"https://maps.google.com/?q=9779+Market+St,Irvine,CA",,,$1M-$2.5M,1-10,Medium,Orange County
Susan,Martinez,,(949) 514-8806,Los DeBar & Grill,1779 Elm St,Irvine,Orange County,CA,96525,Bar & Grill,https://www.losdebarandgrill.com,CA_Restaurant_Scraper,C,"Restaurant, Bar & Grill, POS_Prospect, Irvine",Auto-generated lead for PSDepot outreach. Type: Bar & Grill,2026-04-28,,"https://maps.google.com/?q=1779+Elm+St,Irvine,CA",3.6,237,Under $500K,11-25,Low,Orange County
Jose,Gonzalez,,(949) 936-6052,Golden Taqueria,5328 Jefferson St,Irvine,Orange County,CA,90781,Taqueria,,CA_Restaurant_Scraper,C,"Restaurant, Taqueria, POS_Prospect, Irvine",Auto-generated lead for PSDepot outreach. Type: Taqueria,2026-04-28,https://www.yelp.com/biz/golden-taqueria-irvine,"https://maps.google.com/?q=5328+Jefferson+St,Irvine,CA",3.5,440,$1M-$2.5M,1-10,Medium,Orange County
Margaret,Ramirez,,(949) 963-7286,Garcia's Burritos,849 Sunset Blvd,Irvine,Orange County,CA,90381,Burritos,https://www.garciasburritos.com,CA_Restaurant_Scraper,A,"Restaurant, Burritos, POS_Prospect, Irvine",Auto-generated lead for PSDepot outreach. Type: Burritos,2026-04-28,https://www.yelp.com/biz/garcias-burritos-irvine,"https://maps.google.com/?q=849+Sunset+Blvd,Irvine,CA",,,Under $500K,26-50,Low,Orange County
Jose,Martinez,info@gonzalezssushi.com,(949) 944-1936,Gonzalez's Sushi,4334 Sunset Blvd,Irvine,Orange County,CA,93625,Sushi,,CA_Restaurant_Scraper,A,"Restaurant, Sushi, POS_Prospect, Irvine",Auto-generated lead for PSDepot outreach. Type: Sushi,2026-04-28,https://www.yelp.com/biz/gonzalezs-sushi-irvine,"https://maps.google.com/?q=4334+Sunset+Blvd,Irvine,CA",4.2,77,Under $500K,51-100,Low,Orange County
Elizabeth,Garcia,,(949) 849-5647,Corner DeDiner,4981 Second St,Irvine,Orange County,CA,93288,Diner,,CA_Restaurant_Scraper,C,"Restaurant, Diner, POS_Prospect, Irvine",Auto-generated lead for PSDepot outreach. Type: Diner,2026-04-28,https://www.yelp.com/biz/corner-dediner-irvine,"https://maps.google.com/?q=4981+Second+St,Irvine,CA",3.0,214,$1M-$2.5M,51-100,Medium,Orange County
Daniel,Perez,,(949) 426-7760,Spot DelBurger,5076 Jefferson St,Irvine,Orange County,CA,91007,Burger,,CA_Restaurant_Scraper,A,"Restaurant, Burger, POS_Prospect, Irvine",Auto-generated lead for PSDepot outreach. Type: Burger,2026-04-28,https://www.yelp.com/biz/spot-delburger-irvine,"https://maps.google.com/?q=5076+Jefferson+St,Irvine,CA",3.3,281,Under $500K,11-25,Low,Orange County
Jessica,Flores,,(949) 573-5703,Grill DeTacos,7872 Maple Ave,Irvine,Orange County,CA,94840,Grill,,CA_Restaurant_Scraper,C,"Restaurant, Grill, POS_Prospect, Irvine",Auto-generated lead for PSDepot outreach. Type: Grill,2026-04-28,https://www.yelp.com/biz/grill-detacos-irvine,"https://maps.google.com/?q=7872+Maple+Ave,Irvine,CA",,,$5M+,100+,High,Orange County
Daniel,Davis,,(949) 670-4950,Green DeTaqueria,7189 Oak St,Irvine,Orange County,CA,94920,Taqueria,,CA_Restaurant_Scraper,A,"Restaurant, Taqueria, POS_Prospect, Irvine",Auto-generated lead for PSDepot outreach. Type: Taqueria,2026-04-28,https://www.yelp.com/biz/green-detaqueria-irvine,"https://maps.google.com/?q=7189+Oak+St,Irvine,CA",4.2,326,Under $500K,11-25,Low,Orange County
Roberto,Torres,,(949) 924-5748,Grill DeSushi,2116 First St,Irvine,Orange County,CA,91794,Grill,https://www.grilldesushi.com,CA_Restaurant_Scraper,C,"Restaurant, Grill, POS_Prospect, Irvine",Auto-generated lead for PSDepot outreach. Type: Grill,2026-04-28,https://www.yelp.com/biz/grill-desushi-irvine,"https://maps.google.com/?q=2116+First+St,Irvine,CA",,,$500K-$1M,51-100,Low,Orange County
Patricia,Torres,info@spotdediner.com,(949) 375-3968,Spot DeDiner,2395 Third St,Irvine,Orange County,CA,94860,Diner,https://www.spotdediner.com,CA_Restaurant_Scraper,C,"Restaurant, Diner, POS_Prospect, Irvine",Auto-generated lead for PSDepot outreach. Type: Diner,2026-04-28,https://www.yelp.com/biz/spot-dediner-irvine,"https://maps.google.com/?q=2395+Third+St,Irvine,CA",,,Under $500K,1-10,Low,Orange County
Christopher,Davis,info@greencafe.com,(949) 829-7218,Green Cafe,1404 Main St,Irvine,Orange County,CA,92446,Cafe,,CA_Restaurant_Scraper,A,"Restaurant, Cafe, POS_Prospect, Irvine",Auto-generated lead for PSDepot outreach. Type: Cafe,2026-04-28,,"https://maps.google.com/?q=1404+Main+St,Irvine,CA",4.4,94,$1M-$2.5M,26-50,Medium,Orange County
Mary,Lopez,info@lasburger.com,(949) 883-9065,Las Burger,2421 Mission St,Irvine,Orange County,CA,94528,Burger,,CA_Restaurant_Scraper,A,"Restaurant, Burger, POS_Prospect, Irvine",Auto-generated lead for PSDepot outreach. Type: Burger,2026-04-28,https://www.yelp.com/biz/las-burger-irvine,"https://maps.google.com/?q=2421+Mission+St,Irvine,CA",3.8,490,Under $500K,1-10,Low,Orange County
Karen,Lopez,info@reddesushi.com,(949) 476-8595,Red DeSushi,8511 Oak St,Irvine,Orange County,CA,94352,Sushi,,CA_Restaurant_Scraper,B,"Restaurant, Sushi, POS_Prospect, Irvine",Auto-generated lead for PSDepot outreach. Type: Sushi,2026-04-28,https://www.yelp.com/biz/red-desushi-irvine,"https://maps.google.com/?q=8511+Oak+St,Irvine,CA",3.3,74,Under $500K,11-25,Low,Orange County
Steven,Johnson,info@santadebarandgrill.com,(949) 393-9075,Santa DeBar & Grill,4237 Pico Blvd,Irvine,Orange County,CA,94275,Bar & Grill,,CA_Restaurant_Scraper,C,"Restaurant, Bar & Grill, POS_Prospect, Irvine",Auto-generated lead for PSDepot outreach. Type: Bar & Grill,2026-04-28,https://www.yelp.com/biz/santa-debar-&-grill-irvine,"https://maps.google.com/?q=4237+Pico+Blvd,Irvine,CA",3.7,222,$1M-$2.5M,11-25,Medium,Orange County
Sarah,Garcia,info@brownsrestaurant.com,(949) 339-2428,Brown's Restaurant,8025 Second St,Irvine,Orange County,CA,94006,Restaurant,,CA_Restaurant_Scraper,C,"Restaurant, Restaurant, POS_Prospect, Irvine",Auto-generated lead for PSDepot outreach. Type: Restaurant,2026-04-28,,"https://maps.google.com/?q=8025+Second+St,Irvine,CA",3.4,243,$500K-$1M,11-25,Low,Orange County
Karen,Williams,,(949) 908-7558,Casa DelBurger,2412 Broadway,Irvine,Orange County,CA,96334,Burger,https://www.casadelburger.com,CA_Restaurant_Scraper,C,"Restaurant, Burger, POS_Prospect, Irvine",Auto-generated lead for PSDepot outreach. Type: Burger,2026-04-28,,"https://maps.google.com/?q=2412+Broadway,Irvine,CA",4.3,482,$2.5M-$5M,100+,High,Orange County
Patricia,Davis,,(949) 258-2999,Lopez's Diner,7436 Washington Blvd,Irvine,Orange County,CA,94700,Diner,,CA_Restaurant_Scraper,B,"Restaurant, Diner, POS_Prospect, Irvine",Auto-generated lead for PSDepot outreach. Type: Diner,2026-04-28,https://www.yelp.com/biz/lopezs-diner-irvine,"https://maps.google.com/?q=7436+Washington+Blvd,Irvine,CA",,,$500K-$1M,100+,Low,Orange County
Linda,Garcia,info@losdediner.com,(949) 218-8772,Los DeDiner,5789 Ocean Ave,Irvine,Orange County,CA,90314,Diner,https://www.losdediner.com,CA_Restaurant_Scraper,A,"Restaurant, Diner, POS_Prospect, Irvine",Auto-generated lead for PSDepot outreach. Type: Diner,2026-04-28,https://www.yelp.com/biz/los-dediner-irvine,"https://maps.google.com/?q=5789+Ocean+Ave,Irvine,CA",4.6,300,$1M-$2.5M,11-25,Medium,Orange County
Pedro,Gomez,,(949) 610-9754,Bistro Cafe,7797 Market St,Irvine,Orange County,CA,90223,Cafe,https://www.bistrocafe.com,CA_Restaurant_Scraper,B,"Restaurant, Cafe, POS_Prospect, Irvine",Auto-generated lead for PSDepot outreach. Type: Cafe,2026-04-28,https://www.yelp.com/biz/bistro-cafe-irvine,"https://maps.google.com/?q=7797+Market+St,Irvine,CA",3.3,43,$500K-$1M,11-25,Low,Orange County
Luis,Gonzalez,info@williamssbakery.com,(949) 409-2070,Williams's Bakery,773 Cedar Ave,Irvine,Orange County,CA,95925,Bakery,,CA_Restaurant_Scraper,C,"Restaurant, Bakery, POS_Prospect, Irvine",Auto-generated lead for PSDepot outreach. Type: Bakery,2026-04-28,https://www.yelp.com/biz/williamss-bakery-irvine,"https://maps.google.com/?q=773+Cedar+Ave,Irvine,CA",3.3,310,$5M+,26-50,High,Orange County
Sarah,Ramirez,,(949) 996-4011,Lopez's Taqueria,5784 Sunset Blvd,Irvine,Orange County,CA,90243,Taqueria,,CA_Restaurant_Scraper,B,"Restaurant, Taqueria, POS_Prospect, Irvine",Auto-generated lead for PSDepot outreach. Type: Taqueria,2026-04-28,,"https://maps.google.com/?q=5784+Sunset+Blvd,Irvine,CA",4.3,204,Under $500K,1-10,Low,Orange County
Anthony,Ramirez,info@grilldekitchen.com,(949) 376-5117,Grill DeKitchen,6798 Maple Ave,Irvine,Orange County,CA,90873,Kitchen,,CA_Restaurant_Scraper,B,"Restaurant, Kitchen, POS_Prospect, Irvine",Auto-generated lead for PSDepot outreach. Type: Kitchen,2026-04-28,https://www.yelp.com/biz/grill-dekitchen-irvine,"https://maps.google.com/?q=6798+Maple+Ave,Irvine,CA",4.3,354,$1M-$2.5M,51-100,Medium,Orange County
Linda,Rivera,,(949) 796-4608,Los DelBistro,2780 First St,Irvine,Orange County,CA,96510,Bistro,,CA_Restaurant_Scraper,C,"Restaurant, Bistro, POS_Prospect, Irvine",Auto-generated lead for PSDepot outreach. Type: Bistro,2026-04-28,https://www.yelp.com/biz/los-delbistro-irvine,"https://maps.google.com/?q=2780+First+St,Irvine,CA",3.4,171,Under $500K,11-25,Low,Orange County
Lisa,Hernandez,,(949) 442-3599,Brown's Burger,5248 Oak St,Irvine,Orange County,CA,94402,Burger,,CA_Restaurant_Scraper,C,"Restaurant, Burger, POS_Prospect, Irvine",Auto-generated lead for PSDepot outreach. Type: Burger,2026-04-28,,"https://maps.google.com/?q=5248+Oak+St,Irvine,CA",3.4,122,$5M+,26-50,High,Orange County
Linda,Johnson,info@lasdelbbq.com,(949) 888-5622,Las DelBBQ,224 Ocean Ave,Irvine,Orange County,CA,95459,BBQ,,CA_Restaurant_Scraper,B,"Restaurant, BBQ, POS_Prospect, Irvine",Auto-generated lead for PSDepot outreach. Type: BBQ,2026-04-28,https://www.yelp.com/biz/las-delbbq-irvine,"https://maps.google.com/?q=224+Ocean+Ave,Irvine,CA",4.9,156,$500K-$1M,26-50,Low,Orange County
Ana,Rodriguez,info@laseatery.com,(949) 716-8553,Las Eatery,2749 Hollywood Blvd,Irvine,Orange County,CA,90958,Eatery,https://www.laseatery.com,CA_Restaurant_Scraper,B,"Restaurant, Eatery, POS_Prospect, Irvine",Auto-generated lead for PSDepot outreach. Type: Eatery,2026-04-28,,"https://maps.google.com/?q=2749+Hollywood+Blvd,Irvine,CA",3.9,92,$1M-$2.5M,11-25,Medium,Orange County
Paul,Perez,,(949) 577-7328,Cafe Pizza,4973 Maple Ave,Irvine,Orange County,CA,95375,Cafe,,CA_Restaurant_Scraper,B,"Restaurant, Cafe, POS_Prospect, Irvine",Auto-generated lead for PSDepot outreach. Type: Cafe,2026-04-28,https://www.yelp.com/biz/cafe-pizza-irvine,"https://maps.google.com/?q=4973+Maple+Ave,Irvine,CA",4.8,162,Under $500K,11-25,Low,Orange County
Nancy,Ramirez,,(949) 967-1850,Las DelCoffee,4953 Third St,Irvine,Orange County,CA,90589,Coffee,,CA_Restaurant_Scraper,C,"Restaurant, Coffee, POS_Prospect, Irvine",Auto-generated lead for PSDepot outreach. Type: Coffee,2026-04-28,https://www.yelp.com/biz/las-delcoffee-irvine,"https://maps.google.com/?q=4953+Third+St,Irvine,CA",4.1,223,Under $500K,1-10,Low,Orange County
Paul,Torres,info@thedeldiner.com,(949) 708-7914,The DelDiner,1431 Third St,Irvine,Orange County,CA,96290,Diner,,CA_Restaurant_Scraper,C,"Restaurant, Diner, POS_Prospect, Irvine",Auto-generated lead for PSDepot outreach. Type: Diner,2026-04-28,https://www.yelp.com/biz/the-deldiner-irvine,"https://maps.google.com/?q=1431+Third+St,Irvine,CA",3.9,168,$1M-$2.5M,26-50,Medium,Orange County
Betty,Miller,,(949) 746-6914,Sanchez's Diner,4614 Wilshire Blvd,Irvine,Orange County,CA,90015,Diner,,CA_Restaurant_Scraper,C,"Restaurant, Diner, POS_Prospect, Irvine",Auto-generated lead for PSDepot outreach. Type: Diner,2026-04-28,,"https://maps.google.com/?q=4614+Wilshire+Blvd,Irvine,CA",4.8,450,$5M+,51-100,High,Orange County
Elizabeth,Davis,,(949) 411-1202,Kitchen DelPizza,7526 Washington Blvd,Irvine,Orange County,CA,95582,Kitchen,,CA_Restaurant_Scraper,A,"Restaurant, Kitchen, POS_Prospect, Irvine",Auto-generated lead for PSDepot outreach. Type: Kitchen,2026-04-28,,"https://maps.google.com/?q=7526+Washington+Blvd,Irvine,CA",5.0,306,$5M+,51-100,High,Orange County
Christopher,Garcia,,(949) 365-1550,San DelPizza,812 Third St,Irvine,Orange County,CA,91713,Pizza,https://www.sandelpizza.com,CA_Restaurant_Scraper,A,"Restaurant, Pizza, POS_Prospect, Irvine",Auto-generated lead for PSDepot outreach. Type: Pizza,2026-04-28,https://www.yelp.com/biz/san-delpizza-irvine,"https://maps.google.com/?q=812+Third+St,Irvine,CA",3.5,123,$1M-$2.5M,1-10,Medium,Orange County
Steven,Perez,info@bluedebakery.com,(949) 872-2131,Blue DeBakery,8630 Maple Ave,Irvine,Orange County,CA,90902,Bakery,https://www.bluedebakery.com,CA_Restaurant_Scraper,B,"Restaurant, Bakery, POS_Prospect, Irvine",Auto-generated lead for PSDepot outreach. Type: Bakery,2026-04-28,https://www.yelp.com/biz/blue-debakery-irvine,"https://maps.google.com/?q=8630+Maple+Ave,Irvine,CA",,,$2.5M-$5M,26-50,High,Orange County
Jennifer,Gomez,info@cornerdelkitchen.com,(949) 554-5836,Corner DelKitchen,6625 Pico Blvd,Irvine,Orange County,CA,95091,Kitchen,,CA_Restaurant_Scraper,C,"Restaurant, Kitchen, POS_Prospect, Irvine",Auto-generated lead for PSDepot outreach. Type: Kitchen,2026-04-28,https://www.yelp.com/biz/corner-delkitchen-irvine,"https://maps.google.com/?q=6625+Pico+Blvd,Irvine,CA",3.2,216,$5M+,100+,High,Orange County
Anthony,Flores,,(949) 981-4695,The DeGrill,5636 Broadway,Irvine,Orange County,CA,95515,Grill,https://www.thedegrill.com,CA_Restaurant_Scraper,A,"Restaurant, Grill, POS_Prospect, Irvine",Auto-generated lead for PSDepot outreach. Type: Grill,2026-04-28,https://www.yelp.com/biz/the-degrill-irvine,"https://maps.google.com/?q=5636+Broadway,Irvine,CA",3.4,49,$5M+,51-100,High,Orange County
Linda,Martinez,info@housedesushi.com,(949) 567-8123,House DeSushi,8863 Ocean Ave,Irvine,Orange County,CA,92678,Sushi,,CA_Restaurant_Scraper,C,"Restaurant, Sushi, POS_Prospect, Irvine",Auto-generated lead for PSDepot outreach. Type: Sushi,2026-04-28,,"https://maps.google.com/?q=8863+Ocean+Ave,Irvine,CA",4.4,468,$1M-$2.5M,1-10,Medium,Orange County
Richard,Lopez,info@bigdecoffee.com,(949) 420-5746,Big DeCoffee,548 Washington Blvd,Irvine,Orange County,CA,91633,Coffee,https://www.bigdecoffee.com,CA_Restaurant_Scraper,B,"Restaurant, Coffee, POS_Prospect, Irvine",Auto-generated lead for PSDepot outreach. Type: Coffee,2026-04-28,,"https://maps.google.com/?q=548+Washington+Blvd,Irvine,CA",4.2,247,$1M-$2.5M,100+,Medium,Orange County
Betty,Miller,info@torresseatery.com,(949) 731-4841,Torres's Eatery,9640 Oak St,Irvine,Orange County,CA,92096,Eatery,https://www.torresseatery.com,CA_Restaurant_Scraper,B,"Restaurant, Eatery, POS_Prospect, Irvine",Auto-generated lead for PSDepot outreach. Type: Eatery,2026-04-28,,"https://maps.google.com/?q=9640+Oak+St,Irvine,CA",3.9,42,$1M-$2.5M,1-10,Medium,Orange County
Christopher,Lopez,info@sandelsushi.com,(949) 216-7307,San DelSushi,9992 Broadway,Irvine,Orange County,CA,92435,Sushi,,CA_Restaurant_Scraper,C,"Restaurant, Sushi, POS_Prospect, Irvine",Auto-generated lead for PSDepot outreach. Type: Sushi,2026-04-28,,"https://maps.google.com/?q=9992+Broadway,Irvine,CA",4.2,176,Under $500K,11-25,Low,Orange County
Paul,Gomez,info@smithsbakery.com,(949) 383-6500,Smith's Bakery,3039 Oak St,Irvine,Orange County,CA,91474,Bakery,https://www.smithsbakery.com,CA_Restaurant_Scraper,C,"Restaurant, Bakery, POS_Prospect, Irvine",Auto-generated lead for PSDepot outreach. Type: Bakery,2026-04-28,https://www.yelp.com/biz/smiths-bakery-irvine,"https://maps.google.com/?q=3039+Oak+St,Irvine,CA",3.9,468,$5M+,51-100,High,Orange County
Luis,Garcia,info@spotdegrill.com,(949) 809-2925,Spot DeGrill,5893 Sunset Blvd,Irvine,Orange County,CA,92114,Grill,,CA_Restaurant_Scraper,B,"Restaurant, Grill, POS_Prospect, Irvine",Auto-generated lead for PSDepot outreach. Type: Grill,2026-04-28,,"https://maps.google.com/?q=5893+Sunset+Blvd,Irvine,CA",3.3,366,Under $500K,26-50,Low,Orange County
Luis,Hernandez,info@silverburritos.com,(949) 421-3180,Silver Burritos,2608 First St,Irvine,Orange County,CA,90133,Burritos,,CA_Restaurant_Scraper,C,"Restaurant, Burritos, POS_Prospect, Irvine",Auto-generated lead for PSDepot outreach. Type: Burritos,2026-04-28,https://www.yelp.com/biz/silver-burritos-irvine,"https://maps.google.com/?q=2608+First+St,Irvine,CA",3.7,485,$1M-$2.5M,51-100,Medium,Orange County
Paul,Lopez,,(949) 806-3302,Silver DelBBQ,5839 Pico Blvd,Irvine,Orange County,CA,93792,BBQ,,CA_Restaurant_Scraper,B,"Restaurant, BBQ, POS_Prospect, Irvine",Auto-generated lead for PSDepot outreach. Type: BBQ,2026-04-28,https://www.yelp.com/biz/silver-delbbq-irvine,"https://maps.google.com/?q=5839+Pico+Blvd,Irvine,CA",,,$500K-$1M,51-100,Low,Orange County
Carlos,Gonzalez,,(949) 600-4529,Little Pizza,5658 Second St,Irvine,Orange County,CA,94209,Pizza,,CA_Restaurant_Scraper,A,"Restaurant, Pizza, POS_Prospect, Irvine",Auto-generated lead for PSDepot outreach. Type: Pizza,2026-04-28,https://www.yelp.com/biz/little-pizza-irvine,"https://maps.google.com/?q=5658+Second+St,Irvine,CA",3.2,132,Under $500K,1-10,Low,Orange County
Matthew,Martinez,info@cafedelbakery.com,(949) 470-9890,Cafe DelBakery,9321 Market St,Irvine,Orange County,CA,96659,Cafe,,CA_Restaurant_Scraper,C,"Restaurant, Cafe, POS_Prospect, Irvine",Auto-generated lead for PSDepot outreach. Type: Cafe,2026-04-28,https://www.yelp.com/biz/cafe-delbakery-irvine,"https://maps.google.com/?q=9321+Market+St,Irvine,CA",3.0,363,Under $500K,26-50,Low,Orange County
Margaret,Ramirez,,(949) 475-3313,Torres's Cafe,9498 Market St,Irvine,Orange County,CA,95556,Cafe,,CA_Restaurant_Scraper,C,"Restaurant, Cafe, POS_Prospect, Irvine",Auto-generated lead for PSDepot outreach. Type: Cafe,2026-04-28,,"https://maps.google.com/?q=9498+Market+St,Irvine,CA",3.9,428,$500K-$1M,26-50,Low,Orange County
Susan,Gonzalez,,(949) 365-6887,El DeSeafood,8169 Hollywood Blvd,Irvine,Orange County,CA,96173,Seafood,https://www.eldeseafood.com,CA_Restaurant_Scraper,A,"Restaurant, Seafood, POS_Prospect, Irvine",Auto-generated lead for PSDepot outreach. Type: Seafood,2026-04-28,https://www.yelp.com/biz/el-deseafood-irvine,"https://maps.google.com/?q=8169+Hollywood+Blvd,Irvine,CA",3.6,17,Under $500K,11-25,Low,Orange County
Elizabeth,Lopez,,(949) 228-8743,Garcia's Grill,911 Second St,Irvine,Orange County,CA,90411,Grill,,CA_Restaurant_Scraper,A,"Restaurant, Grill, POS_Prospect, Irvine",Auto-generated lead for PSDepot outreach. Type: Grill,2026-04-28,,"https://maps.google.com/?q=911+Second+St,Irvine,CA",4.9,453,$5M+,1-10,High,Orange County
Maria,Rivera,,(949) 716-6810,Green Pizza,3889 Jefferson St,Irvine,Orange County,CA,94229,Pizza,https://www.greenpizza.com,CA_Restaurant_Scraper,B,"Restaurant, Pizza, POS_Prospect, Irvine",Auto-generated lead for PSDepot outreach. Type: Pizza,2026-04-28,https://www.yelp.com/biz/green-pizza-irvine,"https://maps.google.com/?q=3889+Jefferson+St,Irvine,CA",3.6,336,$500K-$1M,100+,Low,Orange County
Jose,Brown,info@greendekitchen.com,(949) 244-2246,Green DeKitchen,9144 Cedar Ave,Irvine,Orange County,CA,90137,Kitchen,,CA_Restaurant_Scraper,A,"Restaurant, Kitchen, POS_Prospect, Irvine",Auto-generated lead for PSDepot outreach. Type: Kitchen,2026-04-28,https://www.yelp.com/biz/green-dekitchen-irvine,"https://maps.google.com/?q=9144+Cedar+Ave,Irvine,CA",3.8,263,$2.5M-$5M,51-100,High,Orange County
Patricia,Hernandez,info@lasdeldiner.com,(949) 289-2116,Las DelDiner,1783 Maple Ave,Irvine,Orange County,CA,94832,Diner,,CA_Restaurant_Scraper,B,"Restaurant, Diner, POS_Prospect, Irvine",Auto-generated lead for PSDepot outreach. Type: Diner,2026-04-28,https://www.yelp.com/biz/las-deldiner-irvine,"https://maps.google.com/?q=1783+Maple+Ave,Irvine,CA",4.8,200,$2.5M-$5M,100+,High,Orange County
Jennifer,Rodriguez,,(949) 394-6818,Kitchen DelDiner,4845 Market St,Irvine,Orange County,CA,92385,Diner,,CA_Restaurant_Scraper,B,"Restaurant, Diner, POS_Prospect, Irvine",Auto-generated lead for PSDepot outreach. Type: Diner,2026-04-28,https://www.yelp.com/biz/kitchen-deldiner-irvine,"https://maps.google.com/?q=4845+Market+St,Irvine,CA",3.5,266,Under $500K,100+,Low,Orange County
Luis,Torres,info@bigdeldiner.com,(949) 351-4705,Big DelDiner,6182 First St,Irvine,Orange County,CA,90249,Diner,https://www.bigdeldiner.com,CA_Restaurant_Scraper,C,"Restaurant, Diner, POS_Prospect, Irvine",Auto-generated lead for PSDepot outreach. Type: Diner,2026-04-28,https://www.yelp.com/biz/big-deldiner-irvine,"https://maps.google.com/?q=6182+First+St,Irvine,CA",4.9,392,$500K-$1M,11-25,Low,Orange County
Margaret,Gonzalez,info@greenbakery.com,(949) 355-1511,Green Bakery,6176 Pico Blvd,Irvine,Orange County,CA,96975,Bakery,https://www.greenbakery.com,CA_Restaurant_Scraper,A,"Restaurant, Bakery, POS_Prospect, Irvine",Auto-generated lead for PSDepot outreach. Type: Bakery,2026-04-28,https://www.yelp.com/biz/green-bakery-irvine,"https://maps.google.com/?q=6176+Pico+Blvd,Irvine,CA",4.9,238,$1M-$2.5M,51-100,Medium,Orange County
Michael,Sanchez,info@gomezscafe.com,(949) 990-3043,Gomez's Cafe,7093 Jefferson St,Irvine,Orange County,CA,93971,Cafe,,CA_Restaurant_Scraper,B,"Restaurant, Cafe, POS_Prospect, Irvine",Auto-generated lead for PSDepot outreach. Type: Cafe,2026-04-28,https://www.yelp.com/biz/gomezs-cafe-irvine,"https://maps.google.com/?q=7093+Jefferson+St,Irvine,CA",3.5,290,$5M+,26-50,High,Orange County
Roberto,Garcia,info@sandecafe.com,(949) 782-8026,San DeCafe,4552 Sunset Blvd,Irvine,Orange County,CA,94874,Cafe,,CA_Restaurant_Scraper,B,"Restaurant, Cafe, POS_Prospect, Irvine",Auto-generated lead for PSDepot outreach. Type: Cafe,2026-04-28,https://www.yelp.com/biz/san-decafe-irvine,"https://maps.google.com/?q=4552+Sunset+Blvd,Irvine,CA",3.8,90,$1M-$2.5M,1-10,Medium,Orange County
Maria,Gonzalez,,(949) 539-2999,Williams's Bar & Grill,3094 Market St,Irvine,Orange County,CA,91319,Bar & Grill,,CA_Restaurant_Scraper,B,"Restaurant, Bar & Grill, POS_Prospect, Irvine",Auto-generated lead for PSDepot outreach. Type: Bar & Grill,2026-04-28,,"https://maps.google.com/?q=3094+Market+St,Irvine,CA",3.2,261,Under $500K,100+,Low,Orange County
John,Martinez,,(949) 741-5130,Casa DeSeafood,7967 Sunset Blvd,Irvine,Orange County,CA,91415,Seafood,,CA_Restaurant_Scraper,B,"Restaurant, Seafood, POS_Prospect, Irvine",Auto-generated lead for PSDepot outreach. Type: Seafood,2026-04-28,,"https://maps.google.com/?q=7967+Sunset+Blvd,Irvine,CA",4.8,404,$5M+,51-100,High,Orange County
William,Smith,,(949) 709-5828,El Restaurant,5789 Market St,Irvine,Orange County,CA,96241,Restaurant,https://www.elrestaurant.com,CA_Restaurant_Scraper,A,"Restaurant, Restaurant, POS_Prospect, Irvine",Auto-generated lead for PSDepot outreach. Type: Restaurant,2026-04-28,https://www.yelp.com/biz/el-restaurant-irvine,"https://maps.google.com/?q=5789+Market+St,Irvine,CA",4.9,116,$5M+,11-25,High,Orange County
Matthew,Torres,,(949) 303-8201,Las DelTacos,1842 Washington Blvd,Irvine,Orange County,CA,91822,Tacos,,CA_Restaurant_Scraper,A,"Restaurant, Tacos, POS_Prospect, Irvine",Auto-generated lead for PSDepot outreach. Type: Tacos,2026-04-28,,"https://maps.google.com/?q=1842+Washington+Blvd,Irvine,CA",,,$500K-$1M,51-100,Low,Orange County
Robert,Sanchez,,(949) 735-2387,Hernandez's Restaurant,3685 Washington Blvd,Irvine,Orange County,CA,93912,Restaurant,,CA_Restaurant_Scraper,C,"Restaurant, Restaurant, POS_Prospect, Irvine",Auto-generated lead for PSDepot outreach. Type: Restaurant,2026-04-28,https://www.yelp.com/biz/hernandezs-restaurant-irvine,"https://maps.google.com/?q=3685+Washington+Blvd,Irvine,CA",4.0,219,$2.5M-$5M,1-10,High,Orange County
Linda,Davis,,(949) 772-1862,Big Grill,1711 Third St,Irvine,Orange County,CA,90140,Grill,,CA_Restaurant_Scraper,C,"Restaurant, Grill, POS_Prospect, Irvine",Auto-generated lead for PSDepot outreach. Type: Grill,2026-04-28,,"https://maps.google.com/?q=1711+Third+St,Irvine,CA",,,$500K-$1M,11-25,Low,Orange County
Michael,Williams,,(949) 924-5397,Red Bistro,7919 Elm St,Irvine,Orange County,CA,93421,Bistro,,CA_Restaurant_Scraper,B,"Restaurant, Bistro, POS_Prospect, Irvine",Auto-generated lead for PSDepot outreach. Type: Bistro,2026-04-28,https://www.yelp.com/biz/red-bistro-irvine,"https://maps.google.com/?q=7919+Elm+St,Irvine,CA",4.8,270,$5M+,26-50,High,Orange County
Jessica,Sanchez,info@thedelcoffee.com,(949) 487-3199,The DelCoffee,2966 Third St,Irvine,Orange County,CA,91160,Coffee,,CA_Restaurant_Scraper,C,"Restaurant, Coffee, POS_Prospect, Irvine",Auto-generated lead for PSDepot outreach. Type: Coffee,2026-04-28,,"https://maps.google.com/?q=2966+Third+St,Irvine,CA",3.5,422,$1M-$2.5M,26-50,Medium,Orange County
Jennifer,Gomez,,(949) 768-5687,Hernandez's Taqueria,5789 First St,Irvine,Orange County,CA,93255,Taqueria,,CA_Restaurant_Scraper,C,"Restaurant, Taqueria, POS_Prospect, Irvine",Auto-generated lead for PSDepot outreach. Type: Taqueria,2026-04-28,https://www.yelp.com/biz/hernandezs-taqueria-irvine,"https://maps.google.com/?q=5789+First+St,Irvine,CA",3.1,439,$500K-$1M,26-50,Low,Orange County
Jose,Jones,,(949) 746-3134,Little Cafe,4019 Broadway,Irvine,Orange County,CA,96641,Cafe,,CA_Restaurant_Scraper,B,"Restaurant, Cafe, POS_Prospect, Irvine",Auto-generated lead for PSDepot outreach. Type: Cafe,2026-04-28,https://www.yelp.com/biz/little-cafe-irvine,"https://maps.google.com/?q=4019+Broadway,Irvine,CA",,,$500K-$1M,1-10,Low,Orange County
Paul,Hernandez,info@rodriguezsdiner.com,(949) 718-7160,Rodriguez's Diner,7096 Main St,Irvine,Orange County,CA,90951,Diner,,CA_Restaurant_Scraper,C,"Restaurant, Diner, POS_Prospect, Irvine",Auto-generated lead for PSDepot outreach. Type: Diner,2026-04-28,https://www.yelp.com/biz/rodriguezs-diner-irvine,"https://maps.google.com/?q=7096+Main+St,Irvine,CA",,,Under $500K,100+,Low,Orange County
Robert,Johnson,,(949) 526-2473,Los DelRestaurant,4408 Broadway,Irvine,Orange County,CA,91924,Restaurant,,CA_Restaurant_Scraper,B,"Restaurant, Restaurant, POS_Prospect, Irvine",Auto-generated lead for PSDepot outreach. Type: Restaurant,2026-04-28,https://www.yelp.com/biz/los-delrestaurant-irvine,"https://maps.google.com/?q=4408+Broadway,Irvine,CA",3.1,46,$2.5M-$5M,11-25,High,Orange County
Anthony,Davis,,(949) 356-5393,La DelGrill,9014 Elm St,Irvine,Orange County,CA,92998,Grill,,CA_Restaurant_Scraper,A,"Restaurant, Grill, POS_Prospect, Irvine",Auto-generated lead for PSDepot outreach. Type: Grill,2026-04-28,https://www.yelp.com/biz/la-delgrill-irvine,"https://maps.google.com/?q=9014+Elm+St,Irvine,CA",4.1,499,$500K-$1M,51-100,Low,Orange County
James,Lopez,info@laseafood.com,(949) 535-8369,La Seafood,5669 Ocean Ave,Irvine,Orange County,CA,94347,Seafood,https://www.laseafood.com,CA_Restaurant_Scraper,B,"Restaurant, Seafood, POS_Prospect, Irvine",Auto-generated lead for PSDepot outreach. Type: Seafood,2026-04-28,https://www.yelp.com/biz/la-seafood-irvine,"https://maps.google.com/?q=5669+Ocean+Ave,Irvine,CA",4.1,294,Under $500K,51-100,Low,Orange County
Barbara,Williams,info@housedelrestaurant.com,(949) 752-5462,House DelRestaurant,6741 Broadway,Irvine,Orange County,CA,93768,Restaurant,https://www.housedelrestaurant.com,CA_Restaurant_Scraper,C,"Restaurant, Restaurant, POS_Prospect, Irvine",Auto-generated lead for PSDepot outreach. Type: Restaurant,2026-04-28,https://www.yelp.com/biz/house-delrestaurant-irvine,"https://maps.google.com/?q=6741+Broadway,Irvine,CA",3.4,297,$500K-$1M,11-25,Low,Orange County
Michael,Garcia,info@millerssushi.com,(949) 314-5614,Miller's Sushi,2061 Pico Blvd,Irvine,Orange County,CA,94855,Sushi,,CA_Restaurant_Scraper,B,"Restaurant, Sushi, POS_Prospect, Irvine",Auto-generated lead for PSDepot outreach. Type: Sushi,2026-04-28,https://www.yelp.com/biz/millers-sushi-irvine,"https://maps.google.com/?q=2061+Pico+Blvd,Irvine,CA",4.7,176,$2.5M-$5M,100+,High,Orange County
Ana,Davis,,(949) 809-9648,Corner DelDiner,3097 Hollywood Blvd,Irvine,Orange County,CA,95363,Diner,,CA_Restaurant_Scraper,B,"Restaurant, Diner, POS_Prospect, Irvine",Auto-generated lead for PSDepot outreach. Type: Diner,2026-04-28,,"https://maps.google.com/?q=3097+Hollywood+Blvd,Irvine,CA",,,$500K-$1M,11-25,Low,Orange County
Roberto,Garcia,,(949) 385-2864,Red DeGrill,3654 Elm St,Irvine,Orange County,CA,91298,Grill,https://www.reddegrill.com,CA_Restaurant_Scraper,A,"Restaurant, Grill, POS_Prospect, Irvine",Auto-generated lead for PSDepot outreach. Type: Grill,2026-04-28,https://www.yelp.com/biz/red-degrill-irvine,"https://maps.google.com/?q=3654+Elm+St,Irvine,CA",,,Under $500K,26-50,Low,Orange County
Jessica,Perez,,(949) 238-7721,Los DelTacos,2771 Broadway,Irvine,Orange County,CA,90332,Tacos,https://www.losdeltacos.com,CA_Restaurant_Scraper,B,"Restaurant, Tacos, POS_Prospect, Irvine",Auto-generated lead for PSDepot outreach. Type: Tacos,2026-04-28,https://www.yelp.com/biz/los-deltacos-irvine,"https://maps.google.com/?q=2771+Broadway,Irvine,CA",4.9,421,Under $500K,51-100,Low,Orange County
Mary,Martinez,,(949) 820-9641,House DeKitchen,1205 Second St,Irvine,Orange County,CA,94596,Kitchen,,CA_Restaurant_Scraper,A,"Restaurant, Kitchen, POS_Prospect, Irvine",Auto-generated lead for PSDepot outreach. Type: Kitchen,2026-04-28,https://www.yelp.com/biz/house-dekitchen-irvine,"https://maps.google.com/?q=1205+Second+St,Irvine,CA",,,$5M+,100+,High,Orange County
Steven,Miller,,(949) 926-5131,Little Kitchen,1904 Jefferson St,Irvine,Orange County,CA,95914,Kitchen,,CA_Restaurant_Scraper,C,"Restaurant, Kitchen, POS_Prospect, Irvine",Auto-generated lead for PSDepot outreach. Type: Kitchen,2026-04-28,https://www.yelp.com/biz/little-kitchen-irvine,"https://maps.google.com/?q=1904+Jefferson+St,Irvine,CA",4.0,284,$2.5M-$5M,11-25,High,Orange County
Nancy,Johnson,info@gonzalezsbakery.com,(949) 802-5792,Gonzalez's Bakery,612 Washington Blvd,Irvine,Orange County,CA,96165,Bakery,,CA_Restaurant_Scraper,B,"Restaurant, Bakery, POS_Prospect, Irvine",Auto-generated lead for PSDepot outreach. Type: Bakery,2026-04-28,https://www.yelp.com/biz/gonzalezs-bakery-irvine,"https://maps.google.com/?q=612+Washington+Blvd,Irvine,CA",,,Under $500K,11-25,Low,Orange County
James,Rivera,,(949) 262-2234,Kitchen DeTaqueria,6390 Wilshire Blvd,Irvine,Orange County,CA,96345,Taqueria,,CA_Restaurant_Scraper,B,"Restaurant, Taqueria, POS_Prospect, Irvine",Auto-generated lead for PSDepot outreach. Type: Taqueria,2026-04-28,https://www.yelp.com/biz/kitchen-detaqueria-irvine,"https://maps.google.com/?q=6390+Wilshire+Blvd,Irvine,CA",4.8,92,$2.5M-$5M,1-10,High,Orange County
John,Hernandez,info@reddelcafe.com,(949) 440-8229,Red DelCafe,9133 Ocean Ave,Irvine,Orange County,CA,96122,Cafe,,CA_Restaurant_Scraper,B,"Restaurant, Cafe, POS_Prospect, Irvine",Auto-generated lead for PSDepot outreach. Type: Cafe,2026-04-28,https://www.yelp.com/biz/red-delcafe-irvine,"https://maps.google.com/?q=9133+Ocean+Ave,Irvine,CA",4.0,408,Under $500K,100+,Low,Orange County
Mary,Gonzalez,,(949) 822-1621,El DelTaqueria,384 Market St,Irvine,Orange County,CA,90797,Taqueria,,CA_Restaurant_Scraper,A,"Restaurant, Taqueria, POS_Prospect, Irvine",Auto-generated lead for PSDepot outreach. Type: Taqueria,2026-04-28,https://www.yelp.com/biz/el-deltaqueria-irvine,"https://maps.google.com/?q=384+Market+St,Irvine,CA",,,$5M+,11-25,High,Orange County
Ana,Gomez,,(949) 286-5135,Blue Pizza,1343 Pico Blvd,Irvine,Orange County,CA,93230,Pizza,,CA_Restaurant_Scraper,C,"Restaurant, Pizza, POS_Prospect, Irvine",Auto-generated lead for PSDepot outreach. Type: Pizza,2026-04-28,https://www.yelp.com/biz/blue-pizza-irvine,"https://maps.google.com/?q=1343+Pico+Blvd,Irvine,CA",4.7,400,$5M+,11-25,High,Orange County
Elizabeth,Gonzalez,,(949) 432-9000,Big DelBakery,1967 Pine St,Irvine,Orange County,CA,95755,Bakery,,CA_Restaurant_Scraper,A,"Restaurant, Bakery, POS_Prospect, Irvine",Auto-generated lead for PSDepot outreach. Type: Bakery,2026-04-28,,"https://maps.google.com/?q=1967+Pine+St,Irvine,CA",3.7,209,$500K-$1M,11-25,Low,Orange County
Matthew,Brown,info@gomezsrestaurant.com,(949) 499-4684,Gomez's Restaurant,3366 Main St,Irvine,Orange County,CA,93807,Restaurant,,CA_Restaurant_Scraper,A,"Restaurant, Restaurant, POS_Prospect, Irvine",Auto-generated lead for PSDepot outreach. Type: Restaurant,2026-04-28,https://www.yelp.com/biz/gomezs-restaurant-irvine,"https://maps.google.com/?q=3366+Main+St,Irvine,CA",4.5,224,$500K-$1M,100+,Low,Orange County
Matthew,Gonzalez,info@gonzalezsburritos.com,(949) 805-9861,Gonzalez's Burritos,7666 Pine St,Irvine,Orange County,CA,91012,Burritos,,CA_Restaurant_Scraper,A,"Restaurant, Burritos, POS_Prospect, Irvine",Auto-generated lead for PSDepot outreach. Type: Burritos,2026-04-28,https://www.yelp.com/biz/gonzalezs-burritos-irvine,"https://maps.google.com/?q=7666+Pine+St,Irvine,CA",3.0,171,$1M-$2.5M,100+,Medium,Orange County
Juan,Garcia,info@rodriguezsbistro.com,(949) 656-2325,Rodriguez's Bistro,7022 Maple Ave,Irvine,Orange County,CA,94283,Bistro,,CA_Restaurant_Scraper,A,"Restaurant, Bistro, POS_Prospect, Irvine",Auto-generated lead for PSDepot outreach. Type: Bistro,2026-04-28,https://www.yelp.com/biz/rodriguezs-bistro-irvine,"https://maps.google.com/?q=7022+Maple+Ave,Irvine,CA",3.6,147,$1M-$2.5M,11-25,Medium,Orange County
Michael,Lopez,info@cornerrestaurant.com,(949) 397-6786,Corner Restaurant,4135 Ocean Ave,Irvine,Orange County,CA,91883,Restaurant,,CA_Restaurant_Scraper,A,"Restaurant, Restaurant, POS_Prospect, Irvine",Auto-generated lead for PSDepot outreach. Type: Restaurant,2026-04-28,https://www.yelp.com/biz/corner-restaurant-irvine,"https://maps.google.com/?q=4135+Ocean+Ave,Irvine,CA",4.2,186,$5M+,100+,High,Orange County
Ana,Williams,,(949) 970-9987,Grill DelBakery,7617 Sunset Blvd,Irvine,Orange County,CA,95339,Grill,,CA_Restaurant_Scraper,B,"Restaurant, Grill, POS_Prospect, Irvine",Auto-generated lead for PSDepot outreach. Type: Grill,2026-04-28,,"https://maps.google.com/?q=7617+Sunset+Blvd,Irvine,CA",3.0,239,$1M-$2.5M,100+,Medium,Orange County
William,Miller,info@elseafood.com,(949) 956-8736,El Seafood,9904 Mission St,Irvine,Orange County,CA,96509,Seafood,https://www.elseafood.com,CA_Restaurant_Scraper,C,"Restaurant, Seafood, POS_Prospect, Irvine",Auto-generated lead for PSDepot outreach. Type: Seafood,2026-04-28,https://www.yelp.com/biz/el-seafood-irvine,"https://maps.google.com/?q=9904+Mission+St,Irvine,CA",4.0,404,$5M+,100+,High,Orange County
Richard,Garcia,info@gomezstaqueria.com,(949) 952-1964,Gomez's Taqueria,8147 Third St,Irvine,Orange County,CA,95905,Taqueria,,CA_Restaurant_Scraper,B,"Restaurant, Taqueria, POS_Prospect, Irvine",Auto-generated lead for PSDepot outreach. Type: Taqueria,2026-04-28,,"https://maps.google.com/?q=8147+Third+St,Irvine,CA",4.6,47,$500K-$1M,11-25,Low,Orange County
Patricia,Gonzalez,info@housecoffee.com,(949) 983-8632,House Coffee,1937 Cedar Ave,Irvine,Orange County,CA,95124,Coffee,,CA_Restaurant_Scraper,C,"Restaurant, Coffee, POS_Prospect, Irvine",Auto-generated lead for PSDepot outreach. Type: Coffee,2026-04-28,https://www.yelp.com/biz/house-coffee-irvine,"https://maps.google.com/?q=1937+Cedar+Ave,Irvine,CA",4.4,333,$5M+,1-10,High,Orange County
Nancy,Martinez,info@eldelsteakhouse.com,(949) 618-2070,El DelSteakhouse,4691 Pine St,Irvine,Orange County,CA,94938,Steakhouse,https://www.eldelsteakhouse.com,CA_Restaurant_Scraper,B,"Restaurant, Steakhouse, POS_Prospect, Irvine",Auto-generated lead for PSDepot outreach. Type: Steakhouse,2026-04-28,https://www.yelp.com/biz/el-delsteakhouse-irvine,"https://maps.google.com/?q=4691+Pine+St,Irvine,CA",,,$1M-$2.5M,1-10,Medium,Orange County
Robert,Hernandez,,(949) 335-5981,Rodriguez's Restaurant,7412 Pine St,Irvine,Orange County,CA,90057,Restaurant,,CA_Restaurant_Scraper,A,"Restaurant, Restaurant, POS_Prospect, Irvine",Auto-generated lead for PSDepot outreach. Type: Restaurant,2026-04-28,https://www.yelp.com/biz/rodriguezs-restaurant-irvine,"https://maps.google.com/?q=7412+Pine+St,Irvine,CA",3.8,9,$5M+,11-25,High,Orange County
Daniel,Hernandez,info@littledegrill.com,(949) 811-9894,Little DeGrill,1143 Sunset Blvd,Irvine,Orange County,CA,95179,Grill,,CA_Restaurant_Scraper,A,"Restaurant, Grill, POS_Prospect, Irvine",Auto-generated lead for PSDepot outreach. Type: Grill,2026-04-28,https://www.yelp.com/biz/little-degrill-irvine,"https://maps.google.com/?q=1143+Sunset+Blvd,Irvine,CA",3.5,275,$5M+,26-50,High,Orange County
Carlos,Lopez,,(949) 247-5890,Flores's Pizza,311 Washington Blvd,Irvine,Orange County,CA,95196,Pizza,https://www.floresspizza.com,CA_Restaurant_Scraper,B,"Restaurant, Pizza, POS_Prospect, Irvine",Auto-generated lead for PSDepot outreach. Type: Pizza,2026-04-28,https://www.yelp.com/biz/floress-pizza-irvine,"https://maps.google.com/?q=311+Washington+Blvd,Irvine,CA",4.0,377,$2.5M-$5M,1-10,High,Orange County
Michael,Jones,,(949) 948-5695,San DelDiner,8491 Washington Blvd,Irvine,Orange County,CA,94884,Diner,https://www.sandeldiner.com,CA_Restaurant_Scraper,B,"Restaurant, Diner, POS_Prospect, Irvine",Auto-generated lead for PSDepot outreach. Type: Diner,2026-04-28,https://www.yelp.com/biz/san-deldiner-irvine,"https://maps.google.com/?q=8491+Washington+Blvd,Irvine,CA",,,$500K-$1M,26-50,Low,Orange County
Barbara,Smith,,(949) 861-4387,Bistro BBQ,4175 Cedar Ave,Irvine,Orange County,CA,90178,Bistro,https://www.bistrobbq.com,CA_Restaurant_Scraper,B,"Restaurant, Bistro, POS_Prospect, Irvine",Auto-generated lead for PSDepot outreach. Type: Bistro,2026-04-28,,"https://maps.google.com/?q=4175+Cedar+Ave,Irvine,CA",3.1,353,$1M-$2.5M,11-25,Medium,Orange County
William,Lopez,,(949) 573-1790,Lopez's Steakhouse,3293 Jefferson St,Irvine,Orange County,CA,91398,Steakhouse,,CA_Restaurant_Scraper,A,"Restaurant, Steakhouse, POS_Prospect, Irvine",Auto-generated lead for PSDepot outreach. Type: Steakhouse,2026-04-28,https://www.yelp.com/biz/lopezs-steakhouse-irvine,"https://maps.google.com/?q=3293+Jefferson+St,Irvine,CA",3.1,422,$5M+,51-100,High,Orange County
Daniel,Lopez,info@caferestaurant.com,(949) 944-7858,Cafe Restaurant,8012 Market St,Irvine,Orange County,CA,95564,Restaurant,,CA_Restaurant_Scraper,C,"Restaurant, Restaurant, POS_Prospect, Irvine",Auto-generated lead for PSDepot outreach. Type: Restaurant,2026-04-28,,"https://maps.google.com/?q=8012+Market+St,Irvine,CA",4.9,391,$2.5M-$5M,51-100,High,Orange County
James,Torres,,(949) 200-3141,Silver Steakhouse,1831 Elm St,Irvine,Orange County,CA,92252,Steakhouse,,CA_Restaurant_Scraper,C,"Restaurant, Steakhouse, POS_Prospect, Irvine",Auto-generated lead for PSDepot outreach. Type: Steakhouse,2026-04-28,https://www.yelp.com/biz/silver-steakhouse-irvine,"https://maps.google.com/?q=1831+Elm+St,Irvine,CA",,,$1M-$2.5M,51-100,Medium,Orange County
Anthony,Martinez,,(949) 661-3645,Casa Steakhouse,5936 Washington Blvd,Irvine,Orange County,CA,94324,Steakhouse,,CA_Restaurant_Scraper,C,"Restaurant, Steakhouse, POS_Prospect, Irvine",Auto-generated lead for PSDepot outreach. Type: Steakhouse,2026-04-28,https://www.yelp.com/biz/casa-steakhouse-irvine,"https://maps.google.com/?q=5936+Washington+Blvd,Irvine,CA",4.2,484,Under $500K,11-25,Low,Orange County
Roberto,Martinez,,(949) 867-9327,Gomez's Kitchen,2963 Second St,Irvine,Orange County,CA,92794,Kitchen,,CA_Restaurant_Scraper,B,"Restaurant, Kitchen, POS_Prospect, Irvine",Auto-generated lead for PSDepot outreach. Type: Kitchen,2026-04-28,https://www.yelp.com/biz/gomezs-kitchen-irvine,"https://maps.google.com/?q=2963+Second+St,Irvine,CA",4.8,241,$1M-$2.5M,100+,Medium,Orange County
Christopher,Hernandez,info@pueblodelkitchen.com,(949) 701-2737,Pueblo DelKitchen,1659 Second St,Irvine,Orange County,CA,92153,Kitchen,https://www.pueblodelkitchen.com,CA_Restaurant_Scraper,A,"Restaurant, Kitchen, POS_Prospect, Irvine",Auto-generated lead for PSDepot outreach. Type: Kitchen,2026-04-28,https://www.yelp.com/biz/pueblo-delkitchen-irvine,"https://maps.google.com/?q=1659+Second+St,Irvine,CA",3.6,429,$500K-$1M,1-10,Low,Orange County
Matthew,Gonzalez,info@kitchendecafe.com,(949) 525-7099,Kitchen DeCafe,8278 Mission St,Irvine,Orange County,CA,93675,Cafe,https://www.kitchendecafe.com,CA_Restaurant_Scraper,A,"Restaurant, Cafe, POS_Prospect, Irvine",Auto-generated lead for PSDepot outreach. Type: Cafe,2026-04-28,https://www.yelp.com/biz/kitchen-decafe-irvine,"https://maps.google.com/?q=8278+Mission+St,Irvine,CA",3.0,460,$2.5M-$5M,1-10,High,Orange County
Jennifer,Williams,,(949) 967-4363,Silver DeSushi,4275 Washington Blvd,Irvine,Orange County,CA,90577,Sushi,https://www.silverdesushi.com,CA_Restaurant_Scraper,A,"Restaurant, Sushi, POS_Prospect, Irvine",Auto-generated lead for PSDepot outreach. Type: Sushi,2026-04-28,,"https://maps.google.com/?q=4275+Washington+Blvd,Irvine,CA",3.9,379,Under $500K,26-50,Low,Orange County
John,Lopez,,(949) 565-4337,Blue Burritos,8818 Jefferson St,Irvine,Orange County,CA,90145,Burritos,,CA_Restaurant_Scraper,C,"Restaurant, Burritos, POS_Prospect, Irvine",Auto-generated lead for PSDepot outreach. Type: Burritos,2026-04-28,https://www.yelp.com/biz/blue-burritos-irvine,"https://maps.google.com/?q=8818+Jefferson+St,Irvine,CA",,,Under $500K,1-10,Low,Orange County
David,Rodriguez,info@sandebargrill.com,(949) 988-9348,San DeBar & Grill,9345 Pine St,Irvine,Orange County,CA,96381,Bar & Grill,,CA_Restaurant_Scraper,A,"Restaurant, Bar & Grill, POS_Prospect, Irvine",Auto-generated lead for PSDepot outreach. Type: Bar & Grill,2026-04-28,,"https://maps.google.com/?q=9345+Pine+St,Irvine,CA",3.5,24,$5M+,11-25,High,Orange County
Matthew,Rodriguez,info@lopezspizza.com,(949) 636-6472,Lopez's Pizza,1982 Wilshire Blvd,Irvine,Orange County,CA,92012,Pizza,https://www.lopezspizza.com,CA_Restaurant_Scraper,A,"Restaurant, Pizza, POS_Prospect, Irvine",Auto-generated lead for PSDepot outreach. Type: Pizza,2026-04-28,https://www.yelp.com/biz/lopezs-pizza-irvine,"https://maps.google.com/?q=1982+Wilshire+Blvd,Irvine,CA",3.2,238,$2.5M-$5M,26-50,High,Orange County
Carlos,Smith,,(949) 548-9075,Los DelBar & Grill,8785 First St,Irvine,Orange County,CA,95791,Bar & Grill,,CA_Restaurant_Scraper,C,"Restaurant, Bar & Grill, POS_Prospect, Irvine",Auto-generated lead for PSDepot outreach. Type: Bar & Grill,2026-04-28,https://www.yelp.com/biz/los-delbar-&-grill-irvine,"https://maps.google.com/?q=8785+First+St,Irvine,CA",,,$2.5M-$5M,51-100,High,Orange County
Maria,Gomez,info@thedelbakery.com,(949) 764-6783,The DelBakery,6349 Oak St,Irvine,Orange County,CA,90934,Bakery,https://www.thedelbakery.com,CA_Restaurant_Scraper,C,"Restaurant, Bakery, POS_Prospect, Irvine",Auto-generated lead for PSDepot outreach. Type: Bakery,2026-04-28,https://www.yelp.com/biz/the-delbakery-irvine,"https://maps.google.com/?q=6349+Oak+St,Irvine,CA",,,$2.5M-$5M,100+,High,Orange County
Jessica,Gonzalez,,(949) 269-2042,Torres's Grill,1166 Pico Blvd,Irvine,Orange County,CA,96294,Grill,,CA_Restaurant_Scraper,C,"Restaurant, Grill, POS_Prospect, Irvine",Auto-generated lead for PSDepot outreach. Type: Grill,2026-04-28,https://www.yelp.com/biz/torress-grill-irvine,"https://maps.google.com/?q=1166+Pico+Blvd,Irvine,CA",3.2,63,$1M-$2.5M,1-10,Medium,Orange County
Barbara,Smith,info@eldeeatery.com,(949) 807-1967,El DeEatery,8876 Ocean Ave,Irvine,Orange County,CA,95588,Eatery,,CA_Restaurant_Scraper,B,"Restaurant, Eatery, POS_Prospect, Irvine",Auto-generated lead for PSDepot outreach. Type: Eatery,2026-04-28,https://www.yelp.com/biz/el-deeatery-irvine,"https://maps.google.com/?q=8876+Ocean+Ave,Irvine,CA",4.9,115,$1M-$2.5M,26-50,Medium,Orange County
Michael,Miller,,(949) 233-7253,Hernandez's Grill,8803 Oak St,Irvine,Orange County,CA,92975,Grill,https://www.hernandezsgrill.com,CA_Restaurant_Scraper,C,"Restaurant, Grill, POS_Prospect, Irvine",Auto-generated lead for PSDepot outreach. Type: Grill,2026-04-28,https://www.yelp.com/biz/hernandezs-grill-irvine,"https://maps.google.com/?q=8803+Oak+St,Irvine,CA",3.9,239,$500K-$1M,1-10,Low,Orange County
