First Name,Last Name,Email,Phone,Company,Address,City,County,State,Zip,Business Type,Website,Source,Priority,Tags,Notes,Scrape Date,Yelp URL,Google Maps,Yelp Rating,Yelp Reviews,Est. Revenue,Employees,POS Urgency,Region
Barbara,Jones,info@ladeleatery.com,(858) 983-2728,La DelEatery,3575 Pine St,San Diego,San Diego County,CA,96359,Eatery,,CA_Restaurant_Scraper,C,"Restaurant, Eatery, POS_Prospect, San Diego",Auto-generated lead for PSDepot outreach. Type: Eatery,2026-04-28,https://www.yelp.com/biz/la-deleatery-san-diego,"https://maps.google.com/?q=3575+Pine+St,San+Diego,CA",3.7,309,$1M-$2.5M,100+,Medium,San Diego County
Matthew,Rodriguez,info@ramirezsburritos.com,(619) 925-3227,Ramirez's Burritos,8288 Market St,San Diego,San Diego County,CA,95420,Burritos,https://www.ramirezsburritos.com,CA_Restaurant_Scraper,B,"Restaurant, Burritos, POS_Prospect, San Diego",Auto-generated lead for PSDepot outreach. Type: Burritos,2026-04-28,,"https://maps.google.com/?q=8288+Market+St,San+Diego,CA",4.3,322,$500K-$1M,100+,Low,San Diego County
John,Flores,info@lopezsdiner.com,(619) 777-4977,Lopez's Diner,9088 Market St,San Diego,San Diego County,CA,90036,Diner,,CA_Restaurant_Scraper,C,"Restaurant, Diner, POS_Prospect, San Diego",Auto-generated lead for PSDepot outreach. Type: Diner,2026-04-28,https://www.yelp.com/biz/lopezs-diner-san-diego,"https://maps.google.com/?q=9088+Market+St,San+Diego,CA",4.5,440,$5M+,11-25,High,San Diego County
Betty,Smith,,(858) 399-4234,Silver DeCafe,2943 Hollywood Blvd,San Diego,San Diego County,CA,92723,Cafe,https://www.silverdecafe.com,CA_Restaurant_Scraper,B,"Restaurant, Cafe, POS_Prospect, San Diego",Auto-generated lead for PSDepot outreach. Type: Cafe,2026-04-28,,"https://maps.google.com/?q=2943+Hollywood+Blvd,San+Diego,CA",4.3,249,$2.5M-$5M,11-25,High,San Diego County
Jennifer,Sanchez,,(619) 403-1090,Kitchen DePizza,1435 Main St,San Diego,San Diego County,CA,90838,Kitchen,https://www.kitchendepizza.com,CA_Restaurant_Scraper,C,"Restaurant, Kitchen, POS_Prospect, San Diego",Auto-generated lead for PSDepot outreach. Type: Kitchen,2026-04-28,https://www.yelp.com/biz/kitchen-depizza-san-diego,"https://maps.google.com/?q=1435+Main+St,San+Diego,CA",3.0,330,$2.5M-$5M,51-100,High,San Diego County
Luis,Garcia,info@goldendelcoffee.com,(858) 860-9039,Golden DelCoffee,8705 Mission St,San Diego,San Diego County,CA,92848,Coffee,https://www.goldendelcoffee.com,CA_Restaurant_Scraper,A,"Restaurant, Coffee, POS_Prospect, San Diego",Auto-generated lead for PSDepot outreach. Type: Coffee,2026-04-28,https://www.yelp.com/biz/golden-delcoffee-san-diego,"https://maps.google.com/?q=8705+Mission+St,San+Diego,CA",4.6,232,$1M-$2.5M,51-100,Medium,San Diego County
Sarah,Flores,,(619) 212-1048,Blue DelBar & Grill,8393 Wilshire Blvd,San Diego,San Diego County,CA,90343,Bar & Grill,https://www.bluedelbarandgrill.com,CA_Restaurant_Scraper,B,"Restaurant, Bar & Grill, POS_Prospect, San Diego",Auto-generated lead for PSDepot outreach. Type: Bar & Grill,2026-04-28,https://www.yelp.com/biz/blue-delbar-&-grill-san-diego,"https://maps.google.com/?q=8393+Wilshire+Blvd,San+Diego,CA",4.0,54,$1M-$2.5M,100+,Medium,San Diego County
Luis,Torres,info@grilldeltaqueria.com,(619) 535-9186,Grill DelTaqueria,3883 Elm St,San Diego,San Diego County,CA,90779,Taqueria,https://www.grilldeltaqueria.com,CA_Restaurant_Scraper,B,"Restaurant, Taqueria, POS_Prospect, San Diego",Auto-generated lead for PSDepot outreach. Type: Taqueria,2026-04-28,https://www.yelp.com/biz/grill-deltaqueria-san-diego,"https://maps.google.com/?q=3883+Elm+St,San+Diego,CA",3.1,215,$500K-$1M,100+,Low,San Diego County
Juan,Garcia,info@williamssbakery.com,(858) 482-4680,Williams's Bakery,9414 Cedar Ave,San Diego,San Diego County,CA,95806,Bakery,,CA_Restaurant_Scraper,A,"Restaurant, Bakery, POS_Prospect, San Diego",Auto-generated lead for PSDepot outreach. Type: Bakery,2026-04-28,,"https://maps.google.com/?q=9414+Cedar+Ave,San+Diego,CA",4.4,420,$5M+,1-10,High,San Diego County
Nancy,Brown,info@sanchezsbakery.com,(858) 989-8849,Sanchez's Bakery,3043 Broadway,San Diego,San Diego County,CA,92725,Bakery,https://www.sanchezsbakery.com,CA_Restaurant_Scraper,C,"Restaurant, Bakery, POS_Prospect, San Diego",Auto-generated lead for PSDepot outreach. Type: Bakery,2026-04-28,https://www.yelp.com/biz/sanchezs-bakery-san-diego,"https://maps.google.com/?q=3043+Broadway,San+Diego,CA",3.9,380,$1M-$2.5M,51-100,Medium,San Diego County
Roberto,Lopez,,(619) 439-7014,Corner Diner,8888 Hollywood Blvd,San Diego,San Diego County,CA,90073,Diner,,CA_Restaurant_Scraper,B,"Restaurant, Diner, POS_Prospect, San Diego",Auto-generated lead for PSDepot outreach. Type: Diner,2026-04-28,https://www.yelp.com/biz/corner-diner-san-diego,"https://maps.google.com/?q=8888+Hollywood+Blvd,San+Diego,CA",3.2,442,$5M+,51-100,High,San Diego County
Paul,Ramirez,info@housesteakhouse.com,(619) 232-4080,House Steakhouse,3786 Mission St,San Diego,San Diego County,CA,94010,Steakhouse,,CA_Restaurant_Scraper,C,"Restaurant, Steakhouse, POS_Prospect, San Diego",Auto-generated lead for PSDepot outreach. Type: Steakhouse,2026-04-28,,"https://maps.google.com/?q=3786+Mission+St,San+Diego,CA",,,$1M-$2.5M,11-25,Medium,San Diego County
Christopher,Ramirez,info@cornerdebakery.com,(619) 359-5633,Corner DeBakery,1345 Sunset Blvd,San Diego,San Diego County,CA,93604,Bakery,https://www.cornerdebakery.com,CA_Restaurant_Scraper,C,"Restaurant, Bakery, POS_Prospect, San Diego",Auto-generated lead for PSDepot outreach. Type: Bakery,2026-04-28,https://www.yelp.com/biz/corner-debakery-san-diego,"https://maps.google.com/?q=1345+Sunset+Blvd,San+Diego,CA",3.3,380,Under $500K,1-10,Low,San Diego County
Jose,Davis,info@kitchendecoffee.com,(858) 653-9209,Kitchen DeCoffee,7481 Broadway,San Diego,San Diego County,CA,93274,Kitchen,,CA_Restaurant_Scraper,A,"Restaurant, Kitchen, POS_Prospect, San Diego",Auto-generated lead for PSDepot outreach. Type: Kitchen,2026-04-28,,"https://maps.google.com/?q=7481+Broadway,San+Diego,CA",3.1,161,$5M+,26-50,High,San Diego County
Matthew,Williams,,(619) 917-7630,Santa Kitchen,1379 Broadway,San Diego,San Diego County,CA,94260,Kitchen,https://www.santakitchen.com,CA_Restaurant_Scraper,B,"Restaurant, Kitchen, POS_Prospect, San Diego",Auto-generated lead for PSDepot outreach. Type: Kitchen,2026-04-28,https://www.yelp.com/biz/santa-kitchen-san-diego,"https://maps.google.com/?q=1379+Broadway,San+Diego,CA",,,$1M-$2.5M,1-10,Medium,San Diego County
Jessica,Jones,info@littledelburger.com,(858) 820-2870,Little DelBurger,4205 Pico Blvd,San Diego,San Diego County,CA,96301,Burger,,CA_Restaurant_Scraper,C,"Restaurant, Burger, POS_Prospect, San Diego",Auto-generated lead for PSDepot outreach. Type: Burger,2026-04-28,https://www.yelp.com/biz/little-delburger-san-diego,"https://maps.google.com/?q=4205+Pico+Blvd,San+Diego,CA",4.7,491,$2.5M-$5M,1-10,High,San Diego County
Patricia,Rivera,info@losbakery.com,(619) 279-9834,Los Bakery,9532 Washington Blvd,San Diego,San Diego County,CA,94073,Bakery,https://www.losbakery.com,CA_Restaurant_Scraper,A,"Restaurant, Bakery, POS_Prospect, San Diego",Auto-generated lead for PSDepot outreach. Type: Bakery,2026-04-28,,"https://maps.google.com/?q=9532+Washington+Blvd,San+Diego,CA",4.3,176,$5M+,26-50,High,San Diego County
Anthony,Smith,info@bistrodelsushi.com,(858) 616-4059,Bistro DelSushi,8807 First St,San Diego,San Diego County,CA,93569,Bistro,,CA_Restaurant_Scraper,A,"Restaurant, Bistro, POS_Prospect, San Diego",Auto-generated lead for PSDepot outreach. Type: Bistro,2026-04-28,https://www.yelp.com/biz/bistro-delsushi-san-diego,"https://maps.google.com/?q=8807+First+St,San+Diego,CA",,,$1M-$2.5M,1-10,Medium,San Diego County
Pedro,Torres,,(858) 490-7284,House DelBBQ,9587 Mission St,San Diego,San Diego County,CA,95169,BBQ,,CA_Restaurant_Scraper,C,"Restaurant, BBQ, POS_Prospect, San Diego",Auto-generated lead for PSDepot outreach. Type: BBQ,2026-04-28,https://www.yelp.com/biz/house-delbbq-san-diego,"https://maps.google.com/?q=9587+Mission+St,San+Diego,CA",3.9,120,$1M-$2.5M,11-25,Medium,San Diego County
Susan,Garcia,info@riverasburger.com,(619) 814-1756,Rivera's Burger,8762 Oak St,San Diego,San Diego County,CA,96550,Burger,https://www.riverasburger.com,CA_Restaurant_Scraper,C,"Restaurant, Burger, POS_Prospect, San Diego",Auto-generated lead for PSDepot outreach. Type: Burger,2026-04-28,https://www.yelp.com/biz/riveras-burger-san-diego,"https://maps.google.com/?q=8762+Oak+St,San+Diego,CA",4.5,449,$5M+,1-10,High,San Diego County
Steven,Rivera,info@martinezsseafood.com,(858) 435-2717,Martinez's Seafood,6210 Mission St,San Diego,San Diego County,CA,93330,Seafood,,CA_Restaurant_Scraper,C,"Restaurant, Seafood, POS_Prospect, San Diego",Auto-generated lead for PSDepot outreach. Type: Seafood,2026-04-28,https://www.yelp.com/biz/martinezs-seafood-san-diego,"https://maps.google.com/?q=6210+Mission+St,San+Diego,CA",,,Under $500K,26-50,Low,San Diego County
Roberto,Miller,info@martinezseatery.com,(619) 323-6516,Martinez's Eatery,531 Oak St,San Diego,San Diego County,CA,94601,Eatery,https://www.martinezseatery.com,CA_Restaurant_Scraper,C,"Restaurant, Eatery, POS_Prospect, San Diego",Auto-generated lead for PSDepot outreach. Type: Eatery,2026-04-28,https://www.yelp.com/biz/martinezs-eatery-san-diego,"https://maps.google.com/?q=531+Oak+St,San+Diego,CA",3.3,398,$2.5M-$5M,26-50,High,San Diego County
Sarah,Perez,info@bigdelseafood.com,(858) 862-2343,Big DelSeafood,5744 Elm St,San Diego,San Diego County,CA,91206,Seafood,,CA_Restaurant_Scraper,C,"Restaurant, Seafood, POS_Prospect, San Diego",Auto-generated lead for PSDepot outreach. Type: Seafood,2026-04-28,https://www.yelp.com/biz/big-delseafood-san-diego,"https://maps.google.com/?q=5744+Elm+St,San+Diego,CA",3.0,361,$2.5M-$5M,51-100,High,San Diego County
Barbara,Martinez,,(858) 701-4859,Johnson's Bistro,337 Jefferson St,San Diego,San Diego County,CA,91106,Bistro,https://www.johnsonsbistro.com,CA_Restaurant_Scraper,C,"Restaurant, Bistro, POS_Prospect, San Diego",Auto-generated lead for PSDepot outreach. Type: Bistro,2026-04-28,,"https://maps.google.com/?q=337+Jefferson+St,San+Diego,CA",3.9,350,Under $500K,26-50,Low,San Diego County
Barbara,Perez,info@elburritos.com,(858) 565-1187,El Burritos,9070 Cedar Ave,San Diego,San Diego County,CA,93098,Burritos,,CA_Restaurant_Scraper,C,"Restaurant, Burritos, POS_Prospect, San Diego",Auto-generated lead for PSDepot outreach. Type: Burritos,2026-04-28,https://www.yelp.com/biz/el-burritos-san-diego,"https://maps.google.com/?q=9070+Cedar+Ave,San+Diego,CA",3.4,8,$5M+,1-10,High,San Diego County
Jennifer,Miller,info@gomezsbakery.com,(619) 561-9683,Gomez's Bakery,2693 Jefferson St,San Diego,San Diego County,CA,93183,Bakery,,CA_Restaurant_Scraper,C,"Restaurant, Bakery, POS_Prospect, San Diego",Auto-generated lead for PSDepot outreach. Type: Bakery,2026-04-28,https://www.yelp.com/biz/gomezs-bakery-san-diego,"https://maps.google.com/?q=2693+Jefferson+St,San+Diego,CA",5.0,80,$1M-$2.5M,11-25,Medium,San Diego County
Maria,Jones,info@bigeatery.com,(858) 343-4438,Big Eatery,3089 Main St,San Diego,San Diego County,CA,90014,Eatery,https://www.bigeatery.com,CA_Restaurant_Scraper,B,"Restaurant, Eatery, POS_Prospect, San Diego",Auto-generated lead for PSDepot outreach. Type: Eatery,2026-04-28,,"https://maps.google.com/?q=3089+Main+St,San+Diego,CA",,,$1M-$2.5M,26-50,Medium,San Diego County
Elizabeth,Hernandez,info@losdebbq.com,(858) 883-5235,Los DeBBQ,2769 First St,San Diego,San Diego County,CA,90140,BBQ,https://www.losdebbq.com,CA_Restaurant_Scraper,B,"Restaurant, BBQ, POS_Prospect, San Diego",Auto-generated lead for PSDepot outreach. Type: BBQ,2026-04-28,https://www.yelp.com/biz/los-debbq-san-diego,"https://maps.google.com/?q=2769+First+St,San+Diego,CA",4.5,237,$2.5M-$5M,100+,High,San Diego County
Susan,Martinez,info@casadelrestaurant.com,(858) 384-4405,Casa DelRestaurant,740 Broadway,San Diego,San Diego County,CA,90158,Restaurant,,CA_Restaurant_Scraper,A,"Restaurant, Restaurant, POS_Prospect, San Diego",Auto-generated lead for PSDepot outreach. Type: Restaurant,2026-04-28,,"https://maps.google.com/?q=740+Broadway,San+Diego,CA",4.6,107,$500K-$1M,51-100,Low,San Diego County
Susan,Rivera,,(619) 667-5281,Casa Diner,2081 Jefferson St,San Diego,San Diego County,CA,96465,Diner,,CA_Restaurant_Scraper,B,"Restaurant, Diner, POS_Prospect, San Diego",Auto-generated lead for PSDepot outreach. Type: Diner,2026-04-28,https://www.yelp.com/biz/casa-diner-san-diego,"https://maps.google.com/?q=2081+Jefferson+St,San+Diego,CA",4.5,376,$2.5M-$5M,26-50,High,San Diego County
Lisa,Flores,info@grilldeburger.com,(619) 544-1724,Grill DeBurger,9498 Elm St,San Diego,San Diego County,CA,94791,Burger,,CA_Restaurant_Scraper,C,"Restaurant, Burger, POS_Prospect, San Diego",Auto-generated lead for PSDepot outreach. Type: Burger,2026-04-28,https://www.yelp.com/biz/grill-deburger-san-diego,"https://maps.google.com/?q=9498+Elm+St,San+Diego,CA",4.7,44,$2.5M-$5M,1-10,High,San Diego County
Jennifer,Martinez,,(858) 330-9534,Gonzalez's Coffee,1198 Third St,San Diego,San Diego County,CA,95314,Coffee,,CA_Restaurant_Scraper,A,"Restaurant, Coffee, POS_Prospect, San Diego",Auto-generated lead for PSDepot outreach. Type: Coffee,2026-04-28,https://www.yelp.com/biz/gonzalezs-coffee-san-diego,"https://maps.google.com/?q=1198+Third+St,San+Diego,CA",4.0,389,$500K-$1M,26-50,Low,San Diego County
Barbara,Martinez,info@lasbbq.com,(619) 378-5730,Las BBQ,4626 Broadway,San Diego,San Diego County,CA,91406,BBQ,,CA_Restaurant_Scraper,A,"Restaurant, BBQ, POS_Prospect, San Diego",Auto-generated lead for PSDepot outreach. Type: BBQ,2026-04-28,https://www.yelp.com/biz/las-bbq-san-diego,"https://maps.google.com/?q=4626+Broadway,San+Diego,CA",3.3,438,$2.5M-$5M,100+,High,San Diego County
Mary,Smith,info@greendesteakhouse.com,(858) 303-1795,Green DeSteakhouse,5165 Third St,San Diego,San Diego County,CA,93520,Steakhouse,,CA_Restaurant_Scraper,C,"Restaurant, Steakhouse, POS_Prospect, San Diego",Auto-generated lead for PSDepot outreach. Type: Steakhouse,2026-04-28,https://www.yelp.com/biz/green-desteakhouse-san-diego,"https://maps.google.com/?q=5165+Third+St,San+Diego,CA",,,$1M-$2.5M,51-100,Medium,San Diego County
Jennifer,Gonzalez,,(619) 314-1969,Rodriguez's Grill,5910 Market St,San Diego,San Diego County,CA,95057,Grill,,CA_Restaurant_Scraper,B,"Restaurant, Grill, POS_Prospect, San Diego",Auto-generated lead for PSDepot outreach. Type: Grill,2026-04-28,https://www.yelp.com/biz/rodriguezs-grill-san-diego,"https://maps.google.com/?q=5910+Market+St,San+Diego,CA",,,$5M+,26-50,High,San Diego County
Elizabeth,Perez,info@sandelkitchen.com,(858) 418-4247,San DelKitchen,3767 Broadway,San Diego,San Diego County,CA,95858,Kitchen,,CA_Restaurant_Scraper,C,"Restaurant, Kitchen, POS_Prospect, San Diego",Auto-generated lead for PSDepot outreach. Type: Kitchen,2026-04-28,https://www.yelp.com/biz/san-delkitchen-san-diego,"https://maps.google.com/?q=3767+Broadway,San+Diego,CA",3.4,393,$500K-$1M,26-50,Low,San Diego County
Richard,Brown,info@bluecoffee.com,(858) 408-4591,Blue Coffee,4843 Sunset Blvd,San Diego,San Diego County,CA,94258,Coffee,https://www.bluecoffee.com,CA_Restaurant_Scraper,A,"Restaurant, Coffee, POS_Prospect, San Diego",Auto-generated lead for PSDepot outreach. Type: Coffee,2026-04-28,https://www.yelp.com/biz/blue-coffee-san-diego,"https://maps.google.com/?q=4843+Sunset+Blvd,San+Diego,CA",3.1,191,$1M-$2.5M,11-25,Medium,San Diego County
Karen,Ramirez,,(858) 576-1867,Johnson's Seafood,9238 Mission St,San Diego,San Diego County,CA,91465,Seafood,https://www.johnsonsseafood.com,CA_Restaurant_Scraper,A,"Restaurant, Seafood, POS_Prospect, San Diego",Auto-generated lead for PSDepot outreach. Type: Seafood,2026-04-28,https://www.yelp.com/biz/johnsons-seafood-san-diego,"https://maps.google.com/?q=9238+Mission+St,San+Diego,CA",3.7,109,Under $500K,11-25,Low,San Diego County
Pedro,Martinez,info@bigdecafe.com,(858) 750-7677,Big DeCafe,9973 Second St,San Diego,San Diego County,CA,96339,Cafe,,CA_Restaurant_Scraper,A,"Restaurant, Cafe, POS_Prospect, San Diego",Auto-generated lead for PSDepot outreach. Type: Cafe,2026-04-28,https://www.yelp.com/biz/big-decafe-san-diego,"https://maps.google.com/?q=9973+Second+St,San+Diego,CA",,,$2.5M-$5M,51-100,High,San Diego County
Margaret,Williams,info@rodriguezstaqueria.com,(858) 422-6460,Rodriguez's Taqueria,2307 Maple Ave,San Diego,San Diego County,CA,96032,Taqueria,,CA_Restaurant_Scraper,B,"Restaurant, Taqueria, POS_Prospect, San Diego",Auto-generated lead for PSDepot outreach. Type: Taqueria,2026-04-28,,"https://maps.google.com/?q=2307+Maple+Ave,San+Diego,CA",3.3,364,Under $500K,11-25,Low,San Diego County
Jessica,Sanchez,info@bluedegrill.com,(858) 889-5490,Blue DeGrill,1981 Sunset Blvd,San Diego,San Diego County,CA,90823,Grill,https://www.bluedegrill.com,CA_Restaurant_Scraper,B,"Restaurant, Grill, POS_Prospect, San Diego",Auto-generated lead for PSDepot outreach. Type: Grill,2026-04-28,https://www.yelp.com/biz/blue-degrill-san-diego,"https://maps.google.com/?q=1981+Sunset+Blvd,San+Diego,CA",,,$2.5M-$5M,1-10,High,San Diego County
Daniel,Gomez,,(858) 803-1856,Spot DelBar & Grill,7323 Wilshire Blvd,San Diego,San Diego County,CA,92393,Bar & Grill,,CA_Restaurant_Scraper,A,"Restaurant, Bar & Grill, POS_Prospect, San Diego",Auto-generated lead for PSDepot outreach. Type: Bar & Grill,2026-04-28,https://www.yelp.com/biz/spot-delbar-&-grill-san-diego,"https://maps.google.com/?q=7323+Wilshire+Blvd,San+Diego,CA",3.4,143,$1M-$2.5M,51-100,Medium,San Diego County
Jennifer,Martinez,info@garciasrestaurant.com,(619) 661-4380,Garcia's Restaurant,3909 Third St,San Diego,San Diego County,CA,90003,Restaurant,https://www.garciasrestaurant.com,CA_Restaurant_Scraper,C,"Restaurant, Restaurant, POS_Prospect, San Diego",Auto-generated lead for PSDepot outreach. Type: Restaurant,2026-04-28,https://www.yelp.com/biz/garcias-restaurant-san-diego,"https://maps.google.com/?q=3909+Third+St,San+Diego,CA",3.1,8,$2.5M-$5M,51-100,High,San Diego County
Matthew,Rivera,info@kitchendelpizza.com,(619) 360-2900,Kitchen DelPizza,4225 Pico Blvd,San Diego,San Diego County,CA,92290,Kitchen,https://www.kitchendelpizza.com,CA_Restaurant_Scraper,C,"Restaurant, Kitchen, POS_Prospect, San Diego",Auto-generated lead for PSDepot outreach. Type: Kitchen,2026-04-28,https://www.yelp.com/biz/kitchen-delpizza-san-diego,"https://maps.google.com/?q=4225+Pico+Blvd,San+Diego,CA",,,$5M+,11-25,High,San Diego County
Jessica,Perez,info@grilltacos.com,(619) 202-4109,Grill Tacos,1291 Mission St,San Diego,San Diego County,CA,94745,Grill,,CA_Restaurant_Scraper,B,"Restaurant, Grill, POS_Prospect, San Diego",Auto-generated lead for PSDepot outreach. Type: Grill,2026-04-28,,"https://maps.google.com/?q=1291+Mission+St,San+Diego,CA",,,Under $500K,11-25,Low,San Diego County
Maria,Hernandez,info@spotdebargrill.com,(619) 791-1092,Spot DeBar & Grill,9211 Sunset Blvd,San Diego,San Diego County,CA,91904,Bar & Grill,,CA_Restaurant_Scraper,C,"Restaurant, Bar & Grill, POS_Prospect, San Diego",Auto-generated lead for PSDepot outreach. Type: Bar & Grill,2026-04-28,,"https://maps.google.com/?q=9211+Sunset+Blvd,San+Diego,CA",4.6,151,$500K-$1M,11-25,Low,San Diego County
Mary,Brown,,(619) 560-3256,Las DeGrill,3674 Pico Blvd,San Diego,San Diego County,CA,92013,Grill,https://www.lasdegrill.com,CA_Restaurant_Scraper,C,"Restaurant, Grill, POS_Prospect, San Diego",Auto-generated lead for PSDepot outreach. Type: Grill,2026-04-28,https://www.yelp.com/biz/las-degrill-san-diego,"https://maps.google.com/?q=3674+Pico+Blvd,San+Diego,CA",3.5,123,$1M-$2.5M,100+,Medium,San Diego County
Pedro,Perez,info@goldendeltaqueria.com,(858) 563-2474,Golden DelTaqueria,4774 Mission St,San Diego,San Diego County,CA,94333,Taqueria,https://www.goldendeltaqueria.com,CA_Restaurant_Scraper,B,"Restaurant, Taqueria, POS_Prospect, San Diego",Auto-generated lead for PSDepot outreach. Type: Taqueria,2026-04-28,https://www.yelp.com/biz/golden-deltaqueria-san-diego,"https://maps.google.com/?q=4774+Mission+St,San+Diego,CA",3.7,151,Under $500K,11-25,Low,San Diego County
Jose,Hernandez,,(619) 595-1865,Cafe Kitchen,9234 Elm St,San Diego,San Diego County,CA,90058,Cafe,https://www.cafekitchen.com,CA_Restaurant_Scraper,A,"Restaurant, Cafe, POS_Prospect, San Diego",Auto-generated lead for PSDepot outreach. Type: Cafe,2026-04-28,https://www.yelp.com/biz/cafe-kitchen-san-diego,"https://maps.google.com/?q=9234+Elm+St,San+Diego,CA",4.7,284,$2.5M-$5M,1-10,High,San Diego County
Lisa,Perez,info@cafedelrestaurant.com,(858) 850-4439,Cafe DelRestaurant,9577 Market St,San Diego,San Diego County,CA,92249,Restaurant,,CA_Restaurant_Scraper,A,"Restaurant, Restaurant, POS_Prospect, San Diego",Auto-generated lead for PSDepot outreach. Type: Restaurant,2026-04-28,,"https://maps.google.com/?q=9577+Market+St,San+Diego,CA",3.8,150,Under $500K,100+,Low,San Diego County
Ana,Gonzalez,info@laspizza.com,(858) 696-8954,Las Pizza,9490 Oak St,San Diego,San Diego County,CA,90100,Pizza,https://www.laspizza.com,CA_Restaurant_Scraper,B,"Restaurant, Pizza, POS_Prospect, San Diego",Auto-generated lead for PSDepot outreach. Type: Pizza,2026-04-28,https://www.yelp.com/biz/las-pizza-san-diego,"https://maps.google.com/?q=9490+Oak+St,San+Diego,CA",4.7,106,$500K-$1M,1-10,Low,San Diego County
Juan,Garcia,info@littlebakery.com,(619) 654-8776,Little Bakery,8664 Market St,San Diego,San Diego County,CA,90510,Bakery,,CA_Restaurant_Scraper,C,"Restaurant, Bakery, POS_Prospect, San Diego",Auto-generated lead for PSDepot outreach. Type: Bakery,2026-04-28,https://www.yelp.com/biz/little-bakery-san-diego,"https://maps.google.com/?q=8664+Market+St,San+Diego,CA",3.6,449,$5M+,11-25,High,San Diego County
Patricia,Flores,info@brownsdiner.com,(858) 600-7034,Brown's Diner,7915 Hollywood Blvd,San Diego,San Diego County,CA,92394,Diner,,CA_Restaurant_Scraper,C,"Restaurant, Diner, POS_Prospect, San Diego",Auto-generated lead for PSDepot outreach. Type: Diner,2026-04-28,https://www.yelp.com/biz/browns-diner-san-diego,"https://maps.google.com/?q=7915+Hollywood+Blvd,San+Diego,CA",3.1,34,Under $500K,100+,Low,San Diego County
William,Flores,info@cafedegrill.com,(619) 898-3903,Cafe DeGrill,7544 Third St,San Diego,San Diego County,CA,96701,Cafe,,CA_Restaurant_Scraper,A,"Restaurant, Cafe, POS_Prospect, San Diego",Auto-generated lead for PSDepot outreach. Type: Cafe,2026-04-28,,"https://maps.google.com/?q=7544+Third+St,San+Diego,CA",3.9,83,$500K-$1M,100+,Low,San Diego County
John,Gonzalez,info@hernandezscoffee.com,(619) 524-9747,Hernandez's Coffee,3539 Pine St,San Diego,San Diego County,CA,94806,Coffee,https://www.hernandezscoffee.com,CA_Restaurant_Scraper,A,"Restaurant, Coffee, POS_Prospect, San Diego",Auto-generated lead for PSDepot outreach. Type: Coffee,2026-04-28,https://www.yelp.com/biz/hernandezs-coffee-san-diego,"https://maps.google.com/?q=3539+Pine+St,San+Diego,CA",3.2,402,Under $500K,1-10,Low,San Diego County
Steven,Sanchez,info@greendelseafood.com,(858) 489-4871,Green DelSeafood,7611 Wilshire Blvd,San Diego,San Diego County,CA,96643,Seafood,,CA_Restaurant_Scraper,C,"Restaurant, Seafood, POS_Prospect, San Diego",Auto-generated lead for PSDepot outreach. Type: Seafood,2026-04-28,,"https://maps.google.com/?q=7611+Wilshire+Blvd,San+Diego,CA",,,Under $500K,11-25,Low,San Diego County
Steven,Hernandez,info@riverasbargrill.com,(858) 820-7815,Rivera's Bar & Grill,6917 Third St,San Diego,San Diego County,CA,93579,Bar & Grill,,CA_Restaurant_Scraper,C,"Restaurant, Bar & Grill, POS_Prospect, San Diego",Auto-generated lead for PSDepot outreach. Type: Bar & Grill,2026-04-28,,"https://maps.google.com/?q=6917+Third+St,San+Diego,CA",3.3,104,$5M+,1-10,High,San Diego County
Sarah,Davis,info@gonzalezseatery.com,(619) 767-7883,Gonzalez's Eatery,7576 Mission St,San Diego,San Diego County,CA,91602,Eatery,,CA_Restaurant_Scraper,C,"Restaurant, Eatery, POS_Prospect, San Diego",Auto-generated lead for PSDepot outreach. Type: Eatery,2026-04-28,,"https://maps.google.com/?q=7576+Mission+St,San+Diego,CA",4.6,182,$2.5M-$5M,51-100,High,San Diego County
Karen,Johnson,,(858) 981-3785,The DelSteakhouse,2228 Sunset Blvd,San Diego,San Diego County,CA,92847,Steakhouse,,CA_Restaurant_Scraper,A,"Restaurant, Steakhouse, POS_Prospect, San Diego",Auto-generated lead for PSDepot outreach. Type: Steakhouse,2026-04-28,https://www.yelp.com/biz/the-delsteakhouse-san-diego,"https://maps.google.com/?q=2228+Sunset+Blvd,San+Diego,CA",3.8,133,$2.5M-$5M,51-100,High,San Diego County
Nancy,Rodriguez,info@martinezssushi.com,(858) 846-6244,Martinez's Sushi,619 Jefferson St,San Diego,San Diego County,CA,95832,Sushi,https://www.martinezssushi.com,CA_Restaurant_Scraper,C,"Restaurant, Sushi, POS_Prospect, San Diego",Auto-generated lead for PSDepot outreach. Type: Sushi,2026-04-28,https://www.yelp.com/biz/martinezs-sushi-san-diego,"https://maps.google.com/?q=619+Jefferson+St,San+Diego,CA",4.7,108,Under $500K,1-10,Low,San Diego County
Jessica,Lopez,,(619) 717-4311,Las Eatery,5612 Pine St,San Diego,San Diego County,CA,91486,Eatery,https://www.laseatery.com,CA_Restaurant_Scraper,C,"Restaurant, Eatery, POS_Prospect, San Diego",Auto-generated lead for PSDepot outreach. Type: Eatery,2026-04-28,https://www.yelp.com/biz/las-eatery-san-diego,"https://maps.google.com/?q=5612+Pine+St,San+Diego,CA",3.3,137,$1M-$2.5M,26-50,Medium,San Diego County
Ana,Gonzalez,info@bistrocoffee.com,(619) 965-4969,Bistro Coffee,4517 Hollywood Blvd,San Diego,San Diego County,CA,93857,Bistro,https://www.bistrocoffee.com,CA_Restaurant_Scraper,A,"Restaurant, Bistro, POS_Prospect, San Diego",Auto-generated lead for PSDepot outreach. Type: Bistro,2026-04-28,,"https://maps.google.com/?q=4517+Hollywood+Blvd,San+Diego,CA",,,Under $500K,1-10,Low,San Diego County
John,Miller,info@puebloburger.com,(619) 548-6672,Pueblo Burger,3975 Hollywood Blvd,San Diego,San Diego County,CA,94133,Burger,https://www.puebloburger.com,CA_Restaurant_Scraper,A,"Restaurant, Burger, POS_Prospect, San Diego",Auto-generated lead for PSDepot outreach. Type: Burger,2026-04-28,https://www.yelp.com/biz/pueblo-burger-san-diego,"https://maps.google.com/?q=3975+Hollywood+Blvd,San+Diego,CA",3.4,300,$1M-$2.5M,51-100,Medium,San Diego County
Luis,Hernandez,info@bigdetaqueria.com,(858) 973-2360,Big DeTaqueria,4404 Broadway,San Diego,San Diego County,CA,92446,Taqueria,https://www.bigdetaqueria.com,CA_Restaurant_Scraper,A,"Restaurant, Taqueria, POS_Prospect, San Diego",Auto-generated lead for PSDepot outreach. Type: Taqueria,2026-04-28,,"https://maps.google.com/?q=4404+Broadway,San+Diego,CA",3.4,325,Under $500K,26-50,Low,San Diego County
John,Rodriguez,,(619) 269-5593,Grill DeTacos,6466 Market St,San Diego,San Diego County,CA,91144,Grill,https://www.grilldetacos.com,CA_Restaurant_Scraper,A,"Restaurant, Grill, POS_Prospect, San Diego",Auto-generated lead for PSDepot outreach. Type: Grill,2026-04-28,https://www.yelp.com/biz/grill-detacos-san-diego,"https://maps.google.com/?q=6466+Market+St,San+Diego,CA",4.0,89,$5M+,26-50,High,San Diego County
Maria,Hernandez,info@lasdeltaqueria.com,(858) 438-1938,Las DelTaqueria,2286 Third St,San Diego,San Diego County,CA,92090,Taqueria,,CA_Restaurant_Scraper,B,"Restaurant, Taqueria, POS_Prospect, San Diego",Auto-generated lead for PSDepot outreach. Type: Taqueria,2026-04-28,https://www.yelp.com/biz/las-deltaqueria-san-diego,"https://maps.google.com/?q=2286+Third+St,San+Diego,CA",4.6,333,$2.5M-$5M,11-25,High,San Diego County
Matthew,Gonzalez,info@bluedeleatery.com,(858) 477-8578,Blue DelEatery,7888 First St,San Diego,San Diego County,CA,91952,Eatery,,CA_Restaurant_Scraper,C,"Restaurant, Eatery, POS_Prospect, San Diego",Auto-generated lead for PSDepot outreach. Type: Eatery,2026-04-28,https://www.yelp.com/biz/blue-deleatery-san-diego,"https://maps.google.com/?q=7888+First+St,San+Diego,CA",3.4,321,$2.5M-$5M,11-25,High,San Diego County
Linda,Davis,info@gomezsgrill.com,(858) 416-9052,Gomez's Grill,2182 Cedar Ave,San Diego,San Diego County,CA,90977,Grill,https://www.gomezsgrill.com,CA_Restaurant_Scraper,B,"Restaurant, Grill, POS_Prospect, San Diego",Auto-generated lead for PSDepot outreach. Type: Grill,2026-04-28,https://www.yelp.com/biz/gomezs-grill-san-diego,"https://maps.google.com/?q=2182+Cedar+Ave,San+Diego,CA",3.3,310,$500K-$1M,51-100,Low,San Diego County
Anthony,Garcia,info@lopezssteakhouse.com,(858) 851-3665,Lopez's Steakhouse,5371 Wilshire Blvd,San Diego,San Diego County,CA,90287,Steakhouse,,CA_Restaurant_Scraper,A,"Restaurant, Steakhouse, POS_Prospect, San Diego",Auto-generated lead for PSDepot outreach. Type: Steakhouse,2026-04-28,https://www.yelp.com/biz/lopezs-steakhouse-san-diego,"https://maps.google.com/?q=5371+Wilshire+Blvd,San+Diego,CA",4.5,426,Under $500K,1-10,Low,San Diego County
Sarah,Sanchez,info@brownsbbq.com,(619) 965-3720,Brown's BBQ,4952 Third St,San Diego,San Diego County,CA,90779,BBQ,https://www.brownsbbq.com,CA_Restaurant_Scraper,C,"Restaurant, BBQ, POS_Prospect, San Diego",Auto-generated lead for PSDepot outreach. Type: BBQ,2026-04-28,https://www.yelp.com/biz/browns-bbq-san-diego,"https://maps.google.com/?q=4952+Third+St,San+Diego,CA",4.7,208,$1M-$2.5M,51-100,Medium,San Diego County
Steven,Hernandez,info@lasdecafe.com,(619) 490-9914,Las DeCafe,3548 Cedar Ave,San Diego,San Diego County,CA,94907,Cafe,,CA_Restaurant_Scraper,A,"Restaurant, Cafe, POS_Prospect, San Diego",Auto-generated lead for PSDepot outreach. Type: Cafe,2026-04-28,https://www.yelp.com/biz/las-decafe-san-diego,"https://maps.google.com/?q=3548+Cedar+Ave,San+Diego,CA",4.0,367,$500K-$1M,100+,Low,San Diego County
Maria,Sanchez,info@garciasburger.com,(619) 300-8657,Garcia's Burger,9701 Pine St,San Diego,San Diego County,CA,93345,Burger,,CA_Restaurant_Scraper,B,"Restaurant, Burger, POS_Prospect, San Diego",Auto-generated lead for PSDepot outreach. Type: Burger,2026-04-28,,"https://maps.google.com/?q=9701+Pine+St,San+Diego,CA",3.9,378,$500K-$1M,100+,Low,San Diego County
Nancy,Garcia,info@littledeeatery.com,(619) 914-3956,Little DeEatery,933 Cedar Ave,San Diego,San Diego County,CA,96385,Eatery,https://www.littledeeatery.com,CA_Restaurant_Scraper,A,"Restaurant, Eatery, POS_Prospect, San Diego",Auto-generated lead for PSDepot outreach. Type: Eatery,2026-04-28,https://www.yelp.com/biz/little-deeatery-san-diego,"https://maps.google.com/?q=933+Cedar+Ave,San+Diego,CA",,,$1M-$2.5M,11-25,Medium,San Diego County
Jose,Flores,info@goldendelburritos.com,(619) 472-5701,Golden DelBurritos,2004 Second St,San Diego,San Diego County,CA,90073,Burritos,https://www.goldendelburritos.com,CA_Restaurant_Scraper,C,"Restaurant, Burritos, POS_Prospect, San Diego",Auto-generated lead for PSDepot outreach. Type: Burritos,2026-04-28,,"https://maps.google.com/?q=2004+Second+St,San+Diego,CA",3.8,438,$5M+,26-50,High,San Diego County
Matthew,Hernandez,,(858) 219-9237,Spot DelPizza,5559 Jefferson St,San Diego,San Diego County,CA,96309,Pizza,,CA_Restaurant_Scraper,B,"Restaurant, Pizza, POS_Prospect, San Diego",Auto-generated lead for PSDepot outreach. Type: Pizza,2026-04-28,https://www.yelp.com/biz/spot-delpizza-san-diego,"https://maps.google.com/?q=5559+Jefferson+St,San+Diego,CA",,,$1M-$2.5M,26-50,Medium,San Diego County
John,Brown,info@torressburritos.com,(858) 919-2962,Torres's Burritos,1474 Hollywood Blvd,San Diego,San Diego County,CA,91806,Burritos,,CA_Restaurant_Scraper,C,"Restaurant, Burritos, POS_Prospect, San Diego",Auto-generated lead for PSDepot outreach. Type: Burritos,2026-04-28,,"https://maps.google.com/?q=1474+Hollywood+Blvd,San+Diego,CA",,,$1M-$2.5M,100+,Medium,San Diego County
Paul,Garcia,info@sandecoffee.com,(619) 557-3620,San DeCoffee,7858 Mission St,San Diego,San Diego County,CA,92784,Coffee,,CA_Restaurant_Scraper,C,"Restaurant, Coffee, POS_Prospect, San Diego",Auto-generated lead for PSDepot outreach. Type: Coffee,2026-04-28,https://www.yelp.com/biz/san-decoffee-san-diego,"https://maps.google.com/?q=7858+Mission+St,San+Diego,CA",4.5,426,$1M-$2.5M,100+,Medium,San Diego County
Jennifer,Williams,info@santacoffee.com,(619) 642-2572,Santa Coffee,2630 Mission St,San Diego,San Diego County,CA,91215,Coffee,https://www.santacoffee.com,CA_Restaurant_Scraper,B,"Restaurant, Coffee, POS_Prospect, San Diego",Auto-generated lead for PSDepot outreach. Type: Coffee,2026-04-28,https://www.yelp.com/biz/santa-coffee-san-diego,"https://maps.google.com/?q=2630+Mission+St,San+Diego,CA",4.3,305,$500K-$1M,100+,Low,San Diego County
Pedro,Garcia,info@garciasbargrill.com,(858) 551-3791,Garcia's Bar & Grill,4717 Second St,San Diego,San Diego County,CA,91876,Bar & Grill,,CA_Restaurant_Scraper,C,"Restaurant, Bar & Grill, POS_Prospect, San Diego",Auto-generated lead for PSDepot outreach. Type: Bar & Grill,2026-04-28,https://www.yelp.com/biz/garcias-bar-&-grill-san-diego,"https://maps.google.com/?q=4717+Second+St,San+Diego,CA",4.1,22,$5M+,26-50,High,San Diego County
John,Williams,info@losderestaurant.com,(858) 611-6791,Los DeRestaurant,1769 Pine St,San Diego,San Diego County,CA,90711,Restaurant,,CA_Restaurant_Scraper,B,"Restaurant, Restaurant, POS_Prospect, San Diego",Auto-generated lead for PSDepot outreach. Type: Restaurant,2026-04-28,https://www.yelp.com/biz/los-derestaurant-san-diego,"https://maps.google.com/?q=1769+Pine+St,San+Diego,CA",3.8,328,$2.5M-$5M,26-50,High,San Diego County
Maria,Martinez,info@greendelcoffee.com,(619) 693-8436,Green DelCoffee,2737 Cedar Ave,San Diego,San Diego County,CA,90209,Coffee,,CA_Restaurant_Scraper,C,"Restaurant, Coffee, POS_Prospect, San Diego",Auto-generated lead for PSDepot outreach. Type: Coffee,2026-04-28,https://www.yelp.com/biz/green-delcoffee-san-diego,"https://maps.google.com/?q=2737+Cedar+Ave,San+Diego,CA",3.6,463,$1M-$2.5M,1-10,Medium,San Diego County
James,Jones,info@housedesushi.com,(619) 254-3484,House DeSushi,1002 Elm St,San Diego,San Diego County,CA,94232,Sushi,,CA_Restaurant_Scraper,C,"Restaurant, Sushi, POS_Prospect, San Diego",Auto-generated lead for PSDepot outreach. Type: Sushi,2026-04-28,,"https://maps.google.com/?q=1002+Elm+St,San+Diego,CA",4.1,122,$500K-$1M,100+,Low,San Diego County
Luis,Garcia,,(858) 876-1729,Miller's Burritos,5999 Jefferson St,San Diego,San Diego County,CA,94439,Burritos,,CA_Restaurant_Scraper,B,"Restaurant, Burritos, POS_Prospect, San Diego",Auto-generated lead for PSDepot outreach. Type: Burritos,2026-04-28,,"https://maps.google.com/?q=5999+Jefferson+St,San+Diego,CA",4.6,434,$1M-$2.5M,26-50,Medium,San Diego County
Betty,Smith,,(619) 630-2311,Corner DeSeafood,1205 Market St,San Diego,San Diego County,CA,90239,Seafood,,CA_Restaurant_Scraper,C,"Restaurant, Seafood, POS_Prospect, San Diego",Auto-generated lead for PSDepot outreach. Type: Seafood,2026-04-28,,"https://maps.google.com/?q=1205+Market+St,San+Diego,CA",4.2,15,$5M+,1-10,High,San Diego County
Maria,Brown,,(619) 987-3888,Kitchen DeKitchen,9795 Maple Ave,San Diego,San Diego County,CA,95459,Kitchen,,CA_Restaurant_Scraper,B,"Restaurant, Kitchen, POS_Prospect, San Diego",Auto-generated lead for PSDepot outreach. Type: Kitchen,2026-04-28,https://www.yelp.com/biz/kitchen-dekitchen-san-diego,"https://maps.google.com/?q=9795+Maple+Ave,San+Diego,CA",3.9,118,$5M+,1-10,High,San Diego County
Elizabeth,Rivera,info@kitchendeburritos.com,(619) 602-7450,Kitchen DeBurritos,8198 Washington Blvd,San Diego,San Diego County,CA,92326,Kitchen,,CA_Restaurant_Scraper,A,"Restaurant, Kitchen, POS_Prospect, San Diego",Auto-generated lead for PSDepot outreach. Type: Kitchen,2026-04-28,https://www.yelp.com/biz/kitchen-deburritos-san-diego,"https://maps.google.com/?q=8198+Washington+Blvd,San+Diego,CA",4.0,89,$500K-$1M,26-50,Low,San Diego County
Paul,Ramirez,,(858) 837-5924,Johnson's Diner,7283 Pico Blvd,San Diego,San Diego County,CA,90384,Diner,https://www.johnsonsdiner.com,CA_Restaurant_Scraper,C,"Restaurant, Diner, POS_Prospect, San Diego",Auto-generated lead for PSDepot outreach. Type: Diner,2026-04-28,,"https://maps.google.com/?q=7283+Pico+Blvd,San+Diego,CA",,,$1M-$2.5M,51-100,Medium,San Diego County
Patricia,Lopez,,(858) 387-2354,Lopez's Bakery,7254 Cedar Ave,San Diego,San Diego County,CA,90499,Bakery,,CA_Restaurant_Scraper,C,"Restaurant, Bakery, POS_Prospect, San Diego",Auto-generated lead for PSDepot outreach. Type: Bakery,2026-04-28,https://www.yelp.com/biz/lopezs-bakery-san-diego,"https://maps.google.com/?q=7254+Cedar+Ave,San+Diego,CA",4.9,384,Under $500K,51-100,Low,San Diego County
Patricia,Lopez,info@redcafe.com,(858) 971-1625,Red Cafe,5065 Second St,San Diego,San Diego County,CA,92894,Cafe,,CA_Restaurant_Scraper,A,"Restaurant, Cafe, POS_Prospect, San Diego",Auto-generated lead for PSDepot outreach. Type: Cafe,2026-04-28,https://www.yelp.com/biz/red-cafe-san-diego,"https://maps.google.com/?q=5065+Second+St,San+Diego,CA",3.5,31,$2.5M-$5M,11-25,High,San Diego County
Betty,Gonzalez,info@kitchendegrill.com,(858) 361-2489,Kitchen DeGrill,8590 Mission St,San Diego,San Diego County,CA,91149,Kitchen,,CA_Restaurant_Scraper,A,"Restaurant, Kitchen, POS_Prospect, San Diego",Auto-generated lead for PSDepot outreach. Type: Kitchen,2026-04-28,https://www.yelp.com/biz/kitchen-degrill-san-diego,"https://maps.google.com/?q=8590+Mission+St,San+Diego,CA",4.3,29,$5M+,51-100,High,San Diego County
Maria,Garcia,info@bigdediner.com,(619) 500-6339,Big DeDiner,741 Ocean Ave,San Diego,San Diego County,CA,94575,Diner,,CA_Restaurant_Scraper,B,"Restaurant, Diner, POS_Prospect, San Diego",Auto-generated lead for PSDepot outreach. Type: Diner,2026-04-28,https://www.yelp.com/biz/big-dediner-san-diego,"https://maps.google.com/?q=741+Ocean+Ave,San+Diego,CA",3.5,110,$500K-$1M,26-50,Low,San Diego County
Ana,Garcia,info@rodriguezscafe.com,(858) 759-7726,Rodriguez's Cafe,5296 Pine St,San Diego,San Diego County,CA,93208,Cafe,,CA_Restaurant_Scraper,B,"Restaurant, Cafe, POS_Prospect, San Diego",Auto-generated lead for PSDepot outreach. Type: Cafe,2026-04-28,https://www.yelp.com/biz/rodriguezs-cafe-san-diego,"https://maps.google.com/?q=5296+Pine+St,San+Diego,CA",3.6,451,$5M+,26-50,High,San Diego County
Susan,Ramirez,info@lopezsburritos.com,(619) 439-8960,Lopez's Burritos,8944 Washington Blvd,San Diego,San Diego County,CA,91331,Burritos,https://www.lopezsburritos.com,CA_Restaurant_Scraper,B,"Restaurant, Burritos, POS_Prospect, San Diego",Auto-generated lead for PSDepot outreach. Type: Burritos,2026-04-28,,"https://maps.google.com/?q=8944+Washington+Blvd,San+Diego,CA",4.7,385,Under $500K,11-25,Low,San Diego County
Nancy,Gonzalez,info@rodriguezskitchen.com,(858) 432-6875,Rodriguez's Kitchen,3867 Ocean Ave,San Diego,San Diego County,CA,91357,Kitchen,https://www.rodriguezskitchen.com,CA_Restaurant_Scraper,B,"Restaurant, Kitchen, POS_Prospect, San Diego",Auto-generated lead for PSDepot outreach. Type: Kitchen,2026-04-28,https://www.yelp.com/biz/rodriguezs-kitchen-san-diego,"https://maps.google.com/?q=3867+Ocean+Ave,San+Diego,CA",3.3,368,Under $500K,100+,Low,San Diego County
Paul,Garcia,info@lasdelsushi.com,(619) 871-8492,Las DelSushi,3096 Hollywood Blvd,San Diego,San Diego County,CA,91302,Sushi,https://www.lasdelsushi.com,CA_Restaurant_Scraper,B,"Restaurant, Sushi, POS_Prospect, San Diego",Auto-generated lead for PSDepot outreach. Type: Sushi,2026-04-28,,"https://maps.google.com/?q=3096+Hollywood+Blvd,San+Diego,CA",4.0,293,Under $500K,100+,Low,San Diego County
Pedro,Smith,info@williamssrestaurant.com,(619) 921-2326,Williams's Restaurant,3752 Washington Blvd,San Diego,San Diego County,CA,90235,Restaurant,,CA_Restaurant_Scraper,A,"Restaurant, Restaurant, POS_Prospect, San Diego",Auto-generated lead for PSDepot outreach. Type: Restaurant,2026-04-28,,"https://maps.google.com/?q=3752+Washington+Blvd,San+Diego,CA",4.7,494,$1M-$2.5M,1-10,Medium,San Diego County
Luis,Jones,,(858) 432-1391,Pueblo DeEatery,7153 Mission St,San Diego,San Diego County,CA,92125,Eatery,,CA_Restaurant_Scraper,C,"Restaurant, Eatery, POS_Prospect, San Diego",Auto-generated lead for PSDepot outreach. Type: Eatery,2026-04-28,https://www.yelp.com/biz/pueblo-deeatery-san-diego,"https://maps.google.com/?q=7153+Mission+St,San+Diego,CA",4.9,440,Under $500K,51-100,Low,San Diego County
Daniel,Williams,info@eldeltacos.com,(619) 337-6901,El DelTacos,7140 Washington Blvd,San Diego,San Diego County,CA,90999,Tacos,,CA_Restaurant_Scraper,B,"Restaurant, Tacos, POS_Prospect, San Diego",Auto-generated lead for PSDepot outreach. Type: Tacos,2026-04-28,https://www.yelp.com/biz/el-deltacos-san-diego,"https://maps.google.com/?q=7140+Washington+Blvd,San+Diego,CA",3.6,454,Under $500K,26-50,Low,San Diego County
Barbara,Lopez,info@kitchendeeatery.com,(619) 467-3513,Kitchen DeEatery,602 Third St,San Diego,San Diego County,CA,94961,Kitchen,,CA_Restaurant_Scraper,B,"Restaurant, Kitchen, POS_Prospect, San Diego",Auto-generated lead for PSDepot outreach. Type: Kitchen,2026-04-28,https://www.yelp.com/biz/kitchen-deeatery-san-diego,"https://maps.google.com/?q=602+Third+St,San+Diego,CA",4.6,401,$2.5M-$5M,100+,High,San Diego County
Karen,Gonzalez,info@garciassushi.com,(858) 210-4305,Garcia's Sushi,625 Oak St,San Diego,San Diego County,CA,91073,Sushi,https://www.garciassushi.com,CA_Restaurant_Scraper,A,"Restaurant, Sushi, POS_Prospect, San Diego",Auto-generated lead for PSDepot outreach. Type: Sushi,2026-04-28,https://www.yelp.com/biz/garcias-sushi-san-diego,"https://maps.google.com/?q=625+Oak+St,San+Diego,CA",,,Under $500K,51-100,Low,San Diego County
Ana,Jones,,(858) 322-7003,The DelBBQ,2153 Market St,San Diego,San Diego County,CA,90865,BBQ,https://www.thedelbbq.com,CA_Restaurant_Scraper,B,"Restaurant, BBQ, POS_Prospect, San Diego",Auto-generated lead for PSDepot outreach. Type: BBQ,2026-04-28,https://www.yelp.com/biz/the-delbbq-san-diego,"https://maps.google.com/?q=2153+Market+St,San+Diego,CA",3.8,447,$1M-$2.5M,11-25,Medium,San Diego County
John,Martinez,info@lasdeeatery.com,(619) 587-6770,Las DeEatery,9139 Wilshire Blvd,San Diego,San Diego County,CA,92218,Eatery,,CA_Restaurant_Scraper,A,"Restaurant, Eatery, POS_Prospect, San Diego",Auto-generated lead for PSDepot outreach. Type: Eatery,2026-04-28,,"https://maps.google.com/?q=9139+Wilshire+Blvd,San+Diego,CA",,,$5M+,26-50,High,San Diego County
Betty,Martinez,info@gonzalezstacos.com,(858) 213-2873,Gonzalez's Tacos,4541 Main St,San Diego,San Diego County,CA,91619,Tacos,,CA_Restaurant_Scraper,A,"Restaurant, Tacos, POS_Prospect, San Diego",Auto-generated lead for PSDepot outreach. Type: Tacos,2026-04-28,,"https://maps.google.com/?q=4541+Main+St,San+Diego,CA",3.7,69,$5M+,1-10,High,San Diego County
Steven,Perez,,(619) 888-5755,Jones's Kitchen,1899 Oak St,San Diego,San Diego County,CA,94267,Kitchen,,CA_Restaurant_Scraper,C,"Restaurant, Kitchen, POS_Prospect, San Diego",Auto-generated lead for PSDepot outreach. Type: Kitchen,2026-04-28,https://www.yelp.com/biz/joness-kitchen-san-diego,"https://maps.google.com/?q=1899+Oak+St,San+Diego,CA",4.2,32,$1M-$2.5M,11-25,Medium,San Diego County
David,Torres,,(858) 965-2991,Corner Bar & Grill,8933 Ocean Ave,San Diego,San Diego County,CA,91351,Bar & Grill,,CA_Restaurant_Scraper,B,"Restaurant, Bar & Grill, POS_Prospect, San Diego",Auto-generated lead for PSDepot outreach. Type: Bar & Grill,2026-04-28,https://www.yelp.com/biz/corner-bar-&-grill-san-diego,"https://maps.google.com/?q=8933+Ocean+Ave,San+Diego,CA",4.1,325,Under $500K,100+,Low,San Diego County
Christopher,Rodriguez,,(619) 953-2174,Hernandez's Tacos,8300 Second St,San Diego,San Diego County,CA,93695,Tacos,https://www.hernandezstacos.com,CA_Restaurant_Scraper,A,"Restaurant, Tacos, POS_Prospect, San Diego",Auto-generated lead for PSDepot outreach. Type: Tacos,2026-04-28,https://www.yelp.com/biz/hernandezs-tacos-san-diego,"https://maps.google.com/?q=8300+Second+St,San+Diego,CA",3.0,461,$2.5M-$5M,51-100,High,San Diego County
Mark,Martinez,info@rodriguezsrestaurant.com,(619) 484-9472,Rodriguez's Restaurant,7781 Cedar Ave,San Diego,San Diego County,CA,92459,Restaurant,,CA_Restaurant_Scraper,A,"Restaurant, Restaurant, POS_Prospect, San Diego",Auto-generated lead for PSDepot outreach. Type: Restaurant,2026-04-28,https://www.yelp.com/biz/rodriguezs-restaurant-san-diego,"https://maps.google.com/?q=7781+Cedar+Ave,San+Diego,CA",3.7,384,$1M-$2.5M,100+,Medium,San Diego County
Robert,Garcia,,(619) 427-2514,Johnson's Grill,5034 Hollywood Blvd,San Diego,San Diego County,CA,94350,Grill,,CA_Restaurant_Scraper,B,"Restaurant, Grill, POS_Prospect, San Diego",Auto-generated lead for PSDepot outreach. Type: Grill,2026-04-28,https://www.yelp.com/biz/johnsons-grill-san-diego,"https://maps.google.com/?q=5034+Hollywood+Blvd,San+Diego,CA",3.4,79,Under $500K,51-100,Low,San Diego County
James,Ramirez,info@sanchezsbargrill.com,(858) 575-6495,Sanchez's Bar & Grill,2534 First St,San Diego,San Diego County,CA,90007,Bar & Grill,https://www.sanchezsbarandgrill.com,CA_Restaurant_Scraper,B,"Restaurant, Bar & Grill, POS_Prospect, San Diego",Auto-generated lead for PSDepot outreach. Type: Bar & Grill,2026-04-28,https://www.yelp.com/biz/sanchezs-bar-&-grill-san-diego,"https://maps.google.com/?q=2534+First+St,San+Diego,CA",3.3,296,$2.5M-$5M,100+,High,San Diego County
Anthony,Miller,info@housecoffee.com,(858) 595-2286,House Coffee,1056 Second St,San Diego,San Diego County,CA,90881,Coffee,https://www.housecoffee.com,CA_Restaurant_Scraper,A,"Restaurant, Coffee, POS_Prospect, San Diego",Auto-generated lead for PSDepot outreach. Type: Coffee,2026-04-28,https://www.yelp.com/biz/house-coffee-san-diego,"https://maps.google.com/?q=1056+Second+St,San+Diego,CA",3.7,177,$5M+,100+,High,San Diego County
James,Hernandez,info@pueblodecafe.com,(858) 270-7650,Pueblo DeCafe,8451 Sunset Blvd,San Diego,San Diego County,CA,92473,Cafe,,CA_Restaurant_Scraper,B,"Restaurant, Cafe, POS_Prospect, San Diego",Auto-generated lead for PSDepot outreach. Type: Cafe,2026-04-28,,"https://maps.google.com/?q=8451+Sunset+Blvd,San+Diego,CA",4.7,207,$5M+,51-100,High,San Diego County
Lisa,Jones,info@thedegrill.com,(858) 442-8713,The DeGrill,5443 Third St,San Diego,San Diego County,CA,91655,Grill,,CA_Restaurant_Scraper,B,"Restaurant, Grill, POS_Prospect, San Diego",Auto-generated lead for PSDepot outreach. Type: Grill,2026-04-28,,"https://maps.google.com/?q=5443+Third+St,San+Diego,CA",5.0,354,Under $500K,1-10,Low,San Diego County
Patricia,Miller,info@casadeburger.com,(858) 239-2863,Casa DeBurger,6535 First St,San Diego,San Diego County,CA,92790,Burger,,CA_Restaurant_Scraper,B,"Restaurant, Burger, POS_Prospect, San Diego",Auto-generated lead for PSDepot outreach. Type: Burger,2026-04-28,https://www.yelp.com/biz/casa-deburger-san-diego,"https://maps.google.com/?q=6535+First+St,San+Diego,CA",3.0,224,$2.5M-$5M,100+,High,San Diego County
Ana,Lopez,,(858) 355-7018,Casa DeCoffee,7711 Pico Blvd,San Diego,San Diego County,CA,93256,Coffee,https://www.casadecoffee.com,CA_Restaurant_Scraper,B,"Restaurant, Coffee, POS_Prospect, San Diego",Auto-generated lead for PSDepot outreach. Type: Coffee,2026-04-28,https://www.yelp.com/biz/casa-decoffee-san-diego,"https://maps.google.com/?q=7711+Pico+Blvd,San+Diego,CA",4.0,99,$500K-$1M,100+,Low,San Diego County
Susan,Gonzalez,,(619) 816-7607,House DeBBQ,3469 Pine St,San Diego,San Diego County,CA,95354,BBQ,,CA_Restaurant_Scraper,B,"Restaurant, BBQ, POS_Prospect, San Diego",Auto-generated lead for PSDepot outreach. Type: BBQ,2026-04-28,,"https://maps.google.com/?q=3469+Pine+St,San+Diego,CA",4.8,21,$2.5M-$5M,51-100,High,San Diego County
Christopher,Lopez,,(858) 569-6108,San Burritos,1418 Second St,San Diego,San Diego County,CA,92471,Burritos,,CA_Restaurant_Scraper,A,"Restaurant, Burritos, POS_Prospect, San Diego",Auto-generated lead for PSDepot outreach. Type: Burritos,2026-04-28,https://www.yelp.com/biz/san-burritos-san-diego,"https://maps.google.com/?q=1418+Second+St,San+Diego,CA",4.4,441,$2.5M-$5M,1-10,High,San Diego County
Linda,Flores,,(858) 808-7613,Pueblo DelTaqueria,5216 Broadway,San Diego,San Diego County,CA,93954,Taqueria,,CA_Restaurant_Scraper,A,"Restaurant, Taqueria, POS_Prospect, San Diego",Auto-generated lead for PSDepot outreach. Type: Taqueria,2026-04-28,https://www.yelp.com/biz/pueblo-deltaqueria-san-diego,"https://maps.google.com/?q=5216+Broadway,San+Diego,CA",4.3,246,$2.5M-$5M,1-10,High,San Diego County
Nancy,Hernandez,info@eldelburritos.com,(619) 667-5890,El DelBurritos,4905 Wilshire Blvd,San Diego,San Diego County,CA,90026,Burritos,,CA_Restaurant_Scraper,B,"Restaurant, Burritos, POS_Prospect, San Diego",Auto-generated lead for PSDepot outreach. Type: Burritos,2026-04-28,,"https://maps.google.com/?q=4905+Wilshire+Blvd,San+Diego,CA",3.8,354,$5M+,11-25,High,San Diego County
Jessica,Garcia,,(619) 549-4280,Golden DelEatery,9986 Main St,San Diego,San Diego County,CA,94249,Eatery,https://www.goldendeleatery.com,CA_Restaurant_Scraper,A,"Restaurant, Eatery, POS_Prospect, San Diego",Auto-generated lead for PSDepot outreach. Type: Eatery,2026-04-28,,"https://maps.google.com/?q=9986+Main+St,San+Diego,CA",3.1,115,$5M+,1-10,High,San Diego County
Betty,Sanchez,,(858) 625-2449,Kitchen DeSushi,2870 Market St,San Diego,San Diego County,CA,95737,Kitchen,,CA_Restaurant_Scraper,C,"Restaurant, Kitchen, POS_Prospect, San Diego",Auto-generated lead for PSDepot outreach. Type: Kitchen,2026-04-28,,"https://maps.google.com/?q=2870+Market+St,San+Diego,CA",4.8,87,$1M-$2.5M,26-50,Medium,San Diego County
Susan,Martinez,info@davisssteakhouse.com,(619) 256-7858,Davis's Steakhouse,5821 Maple Ave,San Diego,San Diego County,CA,96418,Steakhouse,,CA_Restaurant_Scraper,B,"Restaurant, Steakhouse, POS_Prospect, San Diego",Auto-generated lead for PSDepot outreach. Type: Steakhouse,2026-04-28,https://www.yelp.com/biz/daviss-steakhouse-san-diego,"https://maps.google.com/?q=5821+Maple+Ave,San+Diego,CA",3.4,100,Under $500K,26-50,Low,San Diego County
Roberto,Martinez,info@ramirezsbbq.com,(619) 647-5255,Ramirez's BBQ,1551 Maple Ave,San Diego,San Diego County,CA,95119,BBQ,,CA_Restaurant_Scraper,B,"Restaurant, BBQ, POS_Prospect, San Diego",Auto-generated lead for PSDepot outreach. Type: BBQ,2026-04-28,,"https://maps.google.com/?q=1551+Maple+Ave,San+Diego,CA",,,$500K-$1M,1-10,Low,San Diego County
Sarah,Flores,info@spotdeldiner.com,(858) 498-5455,Spot DelDiner,3936 Wilshire Blvd,San Diego,San Diego County,CA,93677,Diner,,CA_Restaurant_Scraper,B,"Restaurant, Diner, POS_Prospect, San Diego",Auto-generated lead for PSDepot outreach. Type: Diner,2026-04-28,https://www.yelp.com/biz/spot-deldiner-san-diego,"https://maps.google.com/?q=3936+Wilshire+Blvd,San+Diego,CA",4.4,301,$2.5M-$5M,11-25,High,San Diego County
Luis,Smith,info@ladelgrill.com,(858) 927-4440,La DelGrill,5542 Elm St,San Diego,San Diego County,CA,92554,Grill,https://www.ladelgrill.com,CA_Restaurant_Scraper,A,"Restaurant, Grill, POS_Prospect, San Diego",Auto-generated lead for PSDepot outreach. Type: Grill,2026-04-28,https://www.yelp.com/biz/la-delgrill-san-diego,"https://maps.google.com/?q=5542+Elm+St,San+Diego,CA",4.1,415,$2.5M-$5M,100+,High,San Diego County
Carlos,Garcia,info@casasteakhouse.com,(619) 795-8849,Casa Steakhouse,2584 Broadway,San Diego,San Diego County,CA,90665,Steakhouse,,CA_Restaurant_Scraper,C,"Restaurant, Steakhouse, POS_Prospect, San Diego",Auto-generated lead for PSDepot outreach. Type: Steakhouse,2026-04-28,,"https://maps.google.com/?q=2584+Broadway,San+Diego,CA",4.7,188,$1M-$2.5M,11-25,Medium,San Diego County
Nancy,Sanchez,info@rodriguezsbakery.com,(619) 515-5004,Rodriguez's Bakery,9822 Broadway,San Diego,San Diego County,CA,95607,Bakery,,CA_Restaurant_Scraper,B,"Restaurant, Bakery, POS_Prospect, San Diego",Auto-generated lead for PSDepot outreach. Type: Bakery,2026-04-28,https://www.yelp.com/biz/rodriguezs-bakery-san-diego,"https://maps.google.com/?q=9822+Broadway,San+Diego,CA",3.9,113,$1M-$2.5M,26-50,Medium,San Diego County
Daniel,Torres,,(858) 362-2776,Silver Eatery,3781 Maple Ave,San Diego,San Diego County,CA,94575,Eatery,,CA_Restaurant_Scraper,B,"Restaurant, Eatery, POS_Prospect, San Diego",Auto-generated lead for PSDepot outreach. Type: Eatery,2026-04-28,,"https://maps.google.com/?q=3781+Maple+Ave,San+Diego,CA",,,$1M-$2.5M,51-100,Medium,San Diego County
Nancy,Flores,info@grilldeleatery.com,(619) 474-8474,Grill DelEatery,5154 Oak St,San Diego,San Diego County,CA,96475,Eatery,,CA_Restaurant_Scraper,B,"Restaurant, Eatery, POS_Prospect, San Diego",Auto-generated lead for PSDepot outreach. Type: Eatery,2026-04-28,https://www.yelp.com/biz/grill-deleatery-san-diego,"https://maps.google.com/?q=5154+Oak+St,San+Diego,CA",4.9,248,$2.5M-$5M,26-50,High,San Diego County
Lisa,Rivera,,(619) 925-2960,Spot DelKitchen,2082 Oak St,San Diego,San Diego County,CA,95315,Kitchen,https://www.spotdelkitchen.com,CA_Restaurant_Scraper,A,"Restaurant, Kitchen, POS_Prospect, San Diego",Auto-generated lead for PSDepot outreach. Type: Kitchen,2026-04-28,https://www.yelp.com/biz/spot-delkitchen-san-diego,"https://maps.google.com/?q=2082+Oak+St,San+Diego,CA",,,$500K-$1M,11-25,Low,San Diego County
Robert,Martinez,info@bigbistro.com,(619) 658-8358,Big Bistro,3019 Washington Blvd,San Diego,San Diego County,CA,91997,Bistro,,CA_Restaurant_Scraper,B,"Restaurant, Bistro, POS_Prospect, San Diego",Auto-generated lead for PSDepot outreach. Type: Bistro,2026-04-28,https://www.yelp.com/biz/big-bistro-san-diego,"https://maps.google.com/?q=3019+Washington+Blvd,San+Diego,CA",3.9,249,$5M+,100+,High,San Diego County
Linda,Hernandez,info@housedegrill.com,(858) 259-4645,House DeGrill,8604 Ocean Ave,San Diego,San Diego County,CA,91317,Grill,,CA_Restaurant_Scraper,B,"Restaurant, Grill, POS_Prospect, San Diego",Auto-generated lead for PSDepot outreach. Type: Grill,2026-04-28,https://www.yelp.com/biz/house-degrill-san-diego,"https://maps.google.com/?q=8604+Ocean+Ave,San+Diego,CA",3.4,84,$1M-$2.5M,1-10,Medium,San Diego County
Jessica,Smith,info@bigdelpizza.com,(858) 787-4041,Big DelPizza,8009 Pico Blvd,San Diego,San Diego County,CA,93448,Pizza,,CA_Restaurant_Scraper,A,"Restaurant, Pizza, POS_Prospect, San Diego",Auto-generated lead for PSDepot outreach. Type: Pizza,2026-04-28,https://www.yelp.com/biz/big-delpizza-san-diego,"https://maps.google.com/?q=8009+Pico+Blvd,San+Diego,CA",3.4,316,$1M-$2.5M,26-50,Medium,San Diego County
Susan,Davis,,(858) 843-7416,Perez's Tacos,2891 Second St,San Diego,San Diego County,CA,95448,Tacos,,CA_Restaurant_Scraper,B,"Restaurant, Tacos, POS_Prospect, San Diego",Auto-generated lead for PSDepot outreach. Type: Tacos,2026-04-28,https://www.yelp.com/biz/perezs-tacos-san-diego,"https://maps.google.com/?q=2891+Second+St,San+Diego,CA",3.0,429,Under $500K,51-100,Low,San Diego County
Michael,Gomez,,(858) 711-4932,Las DelGrill,6414 Second St,San Diego,San Diego County,CA,91235,Grill,,CA_Restaurant_Scraper,C,"Restaurant, Grill, POS_Prospect, San Diego",Auto-generated lead for PSDepot outreach. Type: Grill,2026-04-28,,"https://maps.google.com/?q=6414+Second+St,San+Diego,CA",,,$2.5M-$5M,100+,High,San Diego County
Betty,Brown,info@hernandezspizza.com,(858) 528-4654,Hernandez's Pizza,509 Mission St,San Diego,San Diego County,CA,92198,Pizza,,CA_Restaurant_Scraper,B,"Restaurant, Pizza, POS_Prospect, San Diego",Auto-generated lead for PSDepot outreach. Type: Pizza,2026-04-28,https://www.yelp.com/biz/hernandezs-pizza-san-diego,"https://maps.google.com/?q=509+Mission+St,San+Diego,CA",3.5,189,$5M+,100+,High,San Diego County
Susan,Garcia,info@rodriguezssushi.com,(619) 978-7452,Rodriguez's Sushi,4040 Hollywood Blvd,San Diego,San Diego County,CA,95424,Sushi,https://www.rodriguezssushi.com,CA_Restaurant_Scraper,B,"Restaurant, Sushi, POS_Prospect, San Diego",Auto-generated lead for PSDepot outreach. Type: Sushi,2026-04-28,https://www.yelp.com/biz/rodriguezs-sushi-san-diego,"https://maps.google.com/?q=4040+Hollywood+Blvd,San+Diego,CA",3.0,300,$1M-$2.5M,1-10,Medium,San Diego County
Mark,Rivera,info@riveraspizza.com,(619) 744-6783,Rivera's Pizza,8322 Cedar Ave,San Diego,San Diego County,CA,90983,Pizza,,CA_Restaurant_Scraper,C,"Restaurant, Pizza, POS_Prospect, San Diego",Auto-generated lead for PSDepot outreach. Type: Pizza,2026-04-28,,"https://maps.google.com/?q=8322+Cedar+Ave,San+Diego,CA",4.3,287,Under $500K,100+,Low,San Diego County
Christopher,Martinez,,(619) 574-8754,Las DeRestaurant,7978 Ocean Ave,San Diego,San Diego County,CA,91851,Restaurant,,CA_Restaurant_Scraper,C,"Restaurant, Restaurant, POS_Prospect, San Diego",Auto-generated lead for PSDepot outreach. Type: Restaurant,2026-04-28,https://www.yelp.com/biz/las-derestaurant-san-diego,"https://maps.google.com/?q=7978+Ocean+Ave,San+Diego,CA",4.8,232,$2.5M-$5M,51-100,High,San Diego County
Nancy,Lopez,info@lacoffee.com,(619) 696-9611,La Coffee,3876 Elm St,San Diego,San Diego County,CA,90410,Coffee,,CA_Restaurant_Scraper,B,"Restaurant, Coffee, POS_Prospect, San Diego",Auto-generated lead for PSDepot outreach. Type: Coffee,2026-04-28,https://www.yelp.com/biz/la-coffee-san-diego,"https://maps.google.com/?q=3876+Elm+St,San+Diego,CA",3.6,182,$5M+,26-50,High,San Diego County
Nancy,Davis,,(619) 744-3955,Red DelBakery,3057 Cedar Ave,San Diego,San Diego County,CA,96318,Bakery,https://www.reddelbakery.com,CA_Restaurant_Scraper,A,"Restaurant, Bakery, POS_Prospect, San Diego",Auto-generated lead for PSDepot outreach. Type: Bakery,2026-04-28,,"https://maps.google.com/?q=3057+Cedar+Ave,San+Diego,CA",4.1,444,$2.5M-$5M,51-100,High,San Diego County
Richard,Rodriguez,info@spotrestaurant.com,(619) 453-6788,Spot Restaurant,2571 Washington Blvd,San Diego,San Diego County,CA,91105,Restaurant,https://www.spotrestaurant.com,CA_Restaurant_Scraper,C,"Restaurant, Restaurant, POS_Prospect, San Diego",Auto-generated lead for PSDepot outreach. Type: Restaurant,2026-04-28,https://www.yelp.com/biz/spot-restaurant-san-diego,"https://maps.google.com/?q=2571+Washington+Blvd,San+Diego,CA",3.0,384,$500K-$1M,51-100,Low,San Diego County
Nancy,Johnson,,(619) 269-4691,El DelKitchen,5542 Pico Blvd,San Diego,San Diego County,CA,92943,Kitchen,https://www.eldelkitchen.com,CA_Restaurant_Scraper,A,"Restaurant, Kitchen, POS_Prospect, San Diego",Auto-generated lead for PSDepot outreach. Type: Kitchen,2026-04-28,,"https://maps.google.com/?q=5542+Pico+Blvd,San+Diego,CA",3.4,257,Under $500K,100+,Low,San Diego County
Mary,Lopez,,(619) 926-7234,Flores's Sushi,9062 Third St,San Diego,San Diego County,CA,93623,Sushi,https://www.floresssushi.com,CA_Restaurant_Scraper,A,"Restaurant, Sushi, POS_Prospect, San Diego",Auto-generated lead for PSDepot outreach. Type: Sushi,2026-04-28,,"https://maps.google.com/?q=9062+Third+St,San+Diego,CA",,,$500K-$1M,51-100,Low,San Diego County
Linda,Garcia,info@grilldediner.com,(858) 471-7296,Grill DeDiner,3729 Third St,San Diego,San Diego County,CA,90176,Diner,,CA_Restaurant_Scraper,A,"Restaurant, Diner, POS_Prospect, San Diego",Auto-generated lead for PSDepot outreach. Type: Diner,2026-04-28,https://www.yelp.com/biz/grill-dediner-san-diego,"https://maps.google.com/?q=3729+Third+St,San+Diego,CA",,,Under $500K,100+,Low,San Diego County
Carlos,Gomez,info@gomezseatery.com,(619) 644-3346,Gomez's Eatery,1705 Hollywood Blvd,San Diego,San Diego County,CA,96215,Eatery,,CA_Restaurant_Scraper,C,"Restaurant, Eatery, POS_Prospect, San Diego",Auto-generated lead for PSDepot outreach. Type: Eatery,2026-04-28,,"https://maps.google.com/?q=1705+Hollywood+Blvd,San+Diego,CA",4.4,183,$1M-$2.5M,100+,Medium,San Diego County
Mark,Martinez,,(619) 742-6380,Grill DelCafe,6417 Mission St,San Diego,San Diego County,CA,95546,Cafe,,CA_Restaurant_Scraper,B,"Restaurant, Cafe, POS_Prospect, San Diego",Auto-generated lead for PSDepot outreach. Type: Cafe,2026-04-28,https://www.yelp.com/biz/grill-delcafe-san-diego,"https://maps.google.com/?q=6417+Mission+St,San+Diego,CA",4.0,194,Under $500K,11-25,Low,San Diego County
David,Rodriguez,info@thebbq.com,(858) 672-1098,The BBQ,1150 Hollywood Blvd,San Diego,San Diego County,CA,95146,BBQ,,CA_Restaurant_Scraper,B,"Restaurant, BBQ, POS_Prospect, San Diego",Auto-generated lead for PSDepot outreach. Type: BBQ,2026-04-28,https://www.yelp.com/biz/the-bbq-san-diego,"https://maps.google.com/?q=1150+Hollywood+Blvd,San+Diego,CA",3.9,427,$1M-$2.5M,100+,Medium,San Diego County
Barbara,Torres,,(619) 498-4717,Perez's Burritos,3798 Wilshire Blvd,San Diego,San Diego County,CA,90386,Burritos,https://www.perezsburritos.com,CA_Restaurant_Scraper,C,"Restaurant, Burritos, POS_Prospect, San Diego",Auto-generated lead for PSDepot outreach. Type: Burritos,2026-04-28,https://www.yelp.com/biz/perezs-burritos-san-diego,"https://maps.google.com/?q=3798+Wilshire+Blvd,San+Diego,CA",4.9,78,Under $500K,51-100,Low,San Diego County
Maria,Martinez,,(619) 558-5673,House DeEatery,3755 Cedar Ave,San Diego,San Diego County,CA,91368,Eatery,,CA_Restaurant_Scraper,C,"Restaurant, Eatery, POS_Prospect, San Diego",Auto-generated lead for PSDepot outreach. Type: Eatery,2026-04-28,https://www.yelp.com/biz/house-deeatery-san-diego,"https://maps.google.com/?q=3755+Cedar+Ave,San+Diego,CA",,,$5M+,51-100,High,San Diego County
Daniel,Rodriguez,info@ladecoffee.com,(858) 901-9585,La DeCoffee,5906 Washington Blvd,San Diego,San Diego County,CA,91736,Coffee,https://www.ladecoffee.com,CA_Restaurant_Scraper,B,"Restaurant, Coffee, POS_Prospect, San Diego",Auto-generated lead for PSDepot outreach. Type: Coffee,2026-04-28,https://www.yelp.com/biz/la-decoffee-san-diego,"https://maps.google.com/?q=5906+Washington+Blvd,San+Diego,CA",3.9,236,Under $500K,1-10,Low,San Diego County
Jessica,Smith,info@puebloeatery.com,(858) 364-6696,Pueblo Eatery,2167 Mission St,San Diego,San Diego County,CA,93311,Eatery,,CA_Restaurant_Scraper,A,"Restaurant, Eatery, POS_Prospect, San Diego",Auto-generated lead for PSDepot outreach. Type: Eatery,2026-04-28,,"https://maps.google.com/?q=2167+Mission+St,San+Diego,CA",3.5,486,$2.5M-$5M,1-10,High,San Diego County
Pedro,Jones,,(619) 355-2328,Big Cafe,8247 First St,San Diego,San Diego County,CA,90590,Cafe,,CA_Restaurant_Scraper,A,"Restaurant, Cafe, POS_Prospect, San Diego",Auto-generated lead for PSDepot outreach. Type: Cafe,2026-04-28,,"https://maps.google.com/?q=8247+First+St,San+Diego,CA",3.7,88,$1M-$2.5M,100+,Medium,San Diego County
Steven,Flores,,(619) 477-4389,Big Diner,5919 Elm St,San Diego,San Diego County,CA,92964,Diner,,CA_Restaurant_Scraper,A,"Restaurant, Diner, POS_Prospect, San Diego",Auto-generated lead for PSDepot outreach. Type: Diner,2026-04-28,,"https://maps.google.com/?q=5919+Elm+St,San+Diego,CA",4.3,369,$1M-$2.5M,1-10,Medium,San Diego County
Barbara,Miller,info@reddelseafood.com,(858) 672-7717,Red DelSeafood,3692 Cedar Ave,San Diego,San Diego County,CA,94771,Seafood,,CA_Restaurant_Scraper,C,"Restaurant, Seafood, POS_Prospect, San Diego",Auto-generated lead for PSDepot outreach. Type: Seafood,2026-04-28,https://www.yelp.com/biz/red-delseafood-san-diego,"https://maps.google.com/?q=3692+Cedar+Ave,San+Diego,CA",,,$1M-$2.5M,26-50,Medium,San Diego County
Mark,Garcia,,(619) 479-7988,Pueblo DeDiner,8491 Pico Blvd,San Diego,San Diego County,CA,95266,Diner,,CA_Restaurant_Scraper,C,"Restaurant, Diner, POS_Prospect, San Diego",Auto-generated lead for PSDepot outreach. Type: Diner,2026-04-28,https://www.yelp.com/biz/pueblo-dediner-san-diego,"https://maps.google.com/?q=8491+Pico+Blvd,San+Diego,CA",,,Under $500K,100+,Low,San Diego County
Richard,Miller,info@williamsstaqueria.com,(858) 554-3146,Williams's Taqueria,2213 Elm St,San Diego,San Diego County,CA,94858,Taqueria,,CA_Restaurant_Scraper,B,"Restaurant, Taqueria, POS_Prospect, San Diego",Auto-generated lead for PSDepot outreach. Type: Taqueria,2026-04-28,,"https://maps.google.com/?q=2213+Elm+St,San+Diego,CA",3.5,311,$2.5M-$5M,1-10,High,San Diego County
Juan,Smith,,(858) 837-9176,Santa Tacos,2956 Jefferson St,San Diego,San Diego County,CA,95150,Tacos,,CA_Restaurant_Scraper,B,"Restaurant, Tacos, POS_Prospect, San Diego",Auto-generated lead for PSDepot outreach. Type: Tacos,2026-04-28,https://www.yelp.com/biz/santa-tacos-san-diego,"https://maps.google.com/?q=2956+Jefferson+St,San+Diego,CA",4.7,391,Under $500K,51-100,Low,San Diego County
Matthew,Williams,,(858) 799-2453,Spot Grill,168 Washington Blvd,San Diego,San Diego County,CA,91307,Grill,,CA_Restaurant_Scraper,C,"Restaurant, Grill, POS_Prospect, San Diego",Auto-generated lead for PSDepot outreach. Type: Grill,2026-04-28,,"https://maps.google.com/?q=168+Washington+Blvd,San+Diego,CA",4.0,352,$5M+,11-25,High,San Diego County
Pedro,Rivera,info@ladelkitchen.com,(619) 989-4277,La DelKitchen,6223 Hollywood Blvd,San Diego,San Diego County,CA,91796,Kitchen,,CA_Restaurant_Scraper,C,"Restaurant, Kitchen, POS_Prospect, San Diego",Auto-generated lead for PSDepot outreach. Type: Kitchen,2026-04-28,https://www.yelp.com/biz/la-delkitchen-san-diego,"https://maps.google.com/?q=6223+Hollywood+Blvd,San+Diego,CA",3.2,175,$500K-$1M,11-25,Low,San Diego County
William,Lopez,info@ladecafe.com,(619) 780-6541,La DeCafe,469 Hollywood Blvd,San Diego,San Diego County,CA,93495,Cafe,,CA_Restaurant_Scraper,C,"Restaurant, Cafe, POS_Prospect, San Diego",Auto-generated lead for PSDepot outreach. Type: Cafe,2026-04-28,https://www.yelp.com/biz/la-decafe-san-diego,"https://maps.google.com/?q=469+Hollywood+Blvd,San+Diego,CA",4.9,331,$500K-$1M,100+,Low,San Diego County
Barbara,Rodriguez,info@casaeatery.com,(858) 802-8890,Casa Eatery,5290 Washington Blvd,San Diego,San Diego County,CA,95442,Eatery,,CA_Restaurant_Scraper,C,"Restaurant, Eatery, POS_Prospect, San Diego",Auto-generated lead for PSDepot outreach. Type: Eatery,2026-04-28,https://www.yelp.com/biz/casa-eatery-san-diego,"https://maps.google.com/?q=5290+Washington+Blvd,San+Diego,CA",,,$5M+,1-10,High,San Diego County
Elizabeth,Martinez,,(858) 393-7274,Ramirez's Burger,7300 Sunset Blvd,San Diego,San Diego County,CA,93046,Burger,,CA_Restaurant_Scraper,C,"Restaurant, Burger, POS_Prospect, San Diego",Auto-generated lead for PSDepot outreach. Type: Burger,2026-04-28,https://www.yelp.com/biz/ramirezs-burger-san-diego,"https://maps.google.com/?q=7300+Sunset+Blvd,San+Diego,CA",4.1,149,$1M-$2.5M,100+,Medium,San Diego County
Carlos,Gonzalez,,(619) 800-5420,Jones's Grill,7246 First St,San Diego,San Diego County,CA,94329,Grill,,CA_Restaurant_Scraper,B,"Restaurant, Grill, POS_Prospect, San Diego",Auto-generated lead for PSDepot outreach. Type: Grill,2026-04-28,https://www.yelp.com/biz/joness-grill-san-diego,"https://maps.google.com/?q=7246+First+St,San+Diego,CA",,,$5M+,100+,High,San Diego County
Jose,Lopez,info@silverbistro.com,(619) 861-4295,Silver Bistro,7279 Elm St,San Diego,San Diego County,CA,96109,Bistro,https://www.silverbistro.com,CA_Restaurant_Scraper,B,"Restaurant, Bistro, POS_Prospect, San Diego",Auto-generated lead for PSDepot outreach. Type: Bistro,2026-04-28,,"https://maps.google.com/?q=7279+Elm+St,San+Diego,CA",3.7,229,$2.5M-$5M,100+,High,San Diego County
James,Jones,info@rodriguezsdiner.com,(858) 714-9274,Rodriguez's Diner,8616 Broadway,San Diego,San Diego County,CA,95407,Diner,,CA_Restaurant_Scraper,C,"Restaurant, Diner, POS_Prospect, San Diego",Auto-generated lead for PSDepot outreach. Type: Diner,2026-04-28,https://www.yelp.com/biz/rodriguezs-diner-san-diego,"https://maps.google.com/?q=8616+Broadway,San+Diego,CA",4.8,244,$2.5M-$5M,1-10,High,San Diego County
Patricia,Rivera,,(619) 823-8816,Casa DelBurritos,4128 Maple Ave,San Diego,San Diego County,CA,96437,Burritos,https://www.casadelburritos.com,CA_Restaurant_Scraper,C,"Restaurant, Burritos, POS_Prospect, San Diego",Auto-generated lead for PSDepot outreach. Type: Burritos,2026-04-28,,"https://maps.google.com/?q=4128+Maple+Ave,San+Diego,CA",,,$2.5M-$5M,26-50,High,San Diego County
Luis,Ramirez,info@silverdeeatery.com,(619) 720-2811,Silver DeEatery,2598 Second St,San Diego,San Diego County,CA,94013,Eatery,https://www.silverdeeatery.com,CA_Restaurant_Scraper,C,"Restaurant, Eatery, POS_Prospect, San Diego",Auto-generated lead for PSDepot outreach. Type: Eatery,2026-04-28,https://www.yelp.com/biz/silver-deeatery-san-diego,"https://maps.google.com/?q=2598+Second+St,San+Diego,CA",,,$5M+,51-100,High,San Diego County
Jose,Perez,info@bigtaqueria.com,(619) 507-6926,Big Taqueria,8716 Oak St,San Diego,San Diego County,CA,94692,Taqueria,,CA_Restaurant_Scraper,C,"Restaurant, Taqueria, POS_Prospect, San Diego",Auto-generated lead for PSDepot outreach. Type: Taqueria,2026-04-28,https://www.yelp.com/biz/big-taqueria-san-diego,"https://maps.google.com/?q=8716+Oak+St,San+Diego,CA",3.2,463,$1M-$2.5M,100+,Medium,San Diego County
Juan,Rodriguez,,(619) 851-2003,Pueblo DeBurger,2573 Washington Blvd,San Diego,San Diego County,CA,93177,Burger,,CA_Restaurant_Scraper,C,"Restaurant, Burger, POS_Prospect, San Diego",Auto-generated lead for PSDepot outreach. Type: Burger,2026-04-28,https://www.yelp.com/biz/pueblo-deburger-san-diego,"https://maps.google.com/?q=2573+Washington+Blvd,San+Diego,CA",4.7,94,$2.5M-$5M,26-50,High,San Diego County
Sarah,Lopez,info@davissgrill.com,(619) 329-8805,Davis's Grill,489 Jefferson St,San Diego,San Diego County,CA,90907,Grill,,CA_Restaurant_Scraper,C,"Restaurant, Grill, POS_Prospect, San Diego",Auto-generated lead for PSDepot outreach. Type: Grill,2026-04-28,https://www.yelp.com/biz/daviss-grill-san-diego,"https://maps.google.com/?q=489+Jefferson+St,San+Diego,CA",4.8,167,$500K-$1M,1-10,Low,San Diego County
Anthony,Rivera,info@sanrestaurant.com,(619) 984-8543,San Restaurant,3572 Wilshire Blvd,San Diego,San Diego County,CA,96664,Restaurant,,CA_Restaurant_Scraper,C,"Restaurant, Restaurant, POS_Prospect, San Diego",Auto-generated lead for PSDepot outreach. Type: Restaurant,2026-04-28,https://www.yelp.com/biz/san-restaurant-san-diego,"https://maps.google.com/?q=3572+Wilshire+Blvd,San+Diego,CA",,,$2.5M-$5M,100+,High,San Diego County
Richard,Brown,,(858) 832-7050,Cafe DeSushi,1208 Pine St,San Diego,San Diego County,CA,94707,Cafe,,CA_Restaurant_Scraper,A,"Restaurant, Cafe, POS_Prospect, San Diego",Auto-generated lead for PSDepot outreach. Type: Cafe,2026-04-28,https://www.yelp.com/biz/cafe-desushi-san-diego,"https://maps.google.com/?q=1208+Pine+St,San+Diego,CA",4.9,333,$1M-$2.5M,11-25,Medium,San Diego County
Robert,Garcia,info@davissrestaurant.com,(858) 871-7343,Davis's Restaurant,5481 Elm St,San Diego,San Diego County,CA,92499,Restaurant,,CA_Restaurant_Scraper,A,"Restaurant, Restaurant, POS_Prospect, San Diego",Auto-generated lead for PSDepot outreach. Type: Restaurant,2026-04-28,https://www.yelp.com/biz/daviss-restaurant-san-diego,"https://maps.google.com/?q=5481+Elm+St,San+Diego,CA",3.7,151,$2.5M-$5M,11-25,High,San Diego County
Luis,Hernandez,info@littlepizza.com,(858) 565-3552,Little Pizza,8664 Ocean Ave,San Diego,San Diego County,CA,93583,Pizza,,CA_Restaurant_Scraper,C,"Restaurant, Pizza, POS_Prospect, San Diego",Auto-generated lead for PSDepot outreach. Type: Pizza,2026-04-28,https://www.yelp.com/biz/little-pizza-san-diego,"https://maps.google.com/?q=8664+Ocean+Ave,San+Diego,CA",3.4,286,$500K-$1M,26-50,Low,San Diego County
Richard,Garcia,,(858) 524-8912,Davis's Tacos,9300 Sunset Blvd,San Diego,San Diego County,CA,92280,Tacos,,CA_Restaurant_Scraper,C,"Restaurant, Tacos, POS_Prospect, San Diego",Auto-generated lead for PSDepot outreach. Type: Tacos,2026-04-28,https://www.yelp.com/biz/daviss-tacos-san-diego,"https://maps.google.com/?q=9300+Sunset+Blvd,San+Diego,CA",4.8,345,$1M-$2.5M,100+,Medium,San Diego County
Luis,Torres,,(619) 797-4062,Red Eatery,1888 Broadway,San Diego,San Diego County,CA,91604,Eatery,,CA_Restaurant_Scraper,B,"Restaurant, Eatery, POS_Prospect, San Diego",Auto-generated lead for PSDepot outreach. Type: Eatery,2026-04-28,https://www.yelp.com/biz/red-eatery-san-diego,"https://maps.google.com/?q=1888+Broadway,San+Diego,CA",4.6,269,Under $500K,1-10,Low,San Diego County
Jennifer,Brown,info@sankitchen.com,(619) 276-5245,San Kitchen,5258 Hollywood Blvd,San Diego,San Diego County,CA,92990,Kitchen,,CA_Restaurant_Scraper,A,"Restaurant, Kitchen, POS_Prospect, San Diego",Auto-generated lead for PSDepot outreach. Type: Kitchen,2026-04-28,,"https://maps.google.com/?q=5258+Hollywood+Blvd,San+Diego,CA",3.9,328,Under $500K,51-100,Low,San Diego County
Daniel,Gonzalez,info@santadebistro.com,(619) 726-7266,Santa DeBistro,1332 First St,San Diego,San Diego County,CA,93510,Bistro,,CA_Restaurant_Scraper,B,"Restaurant, Bistro, POS_Prospect, San Diego",Auto-generated lead for PSDepot outreach. Type: Bistro,2026-04-28,https://www.yelp.com/biz/santa-debistro-san-diego,"https://maps.google.com/?q=1332+First+St,San+Diego,CA",,,Under $500K,51-100,Low,San Diego County
Roberto,Smith,,(619) 551-4321,Las Diner,3756 First St,San Diego,San Diego County,CA,93567,Diner,,CA_Restaurant_Scraper,C,"Restaurant, Diner, POS_Prospect, San Diego",Auto-generated lead for PSDepot outreach. Type: Diner,2026-04-28,,"https://maps.google.com/?q=3756+First+St,San+Diego,CA",4.8,25,$1M-$2.5M,100+,Medium,San Diego County
Carlos,Flores,info@reddelcoffee.com,(858) 419-1683,Red DelCoffee,4916 Sunset Blvd,San Diego,San Diego County,CA,95005,Coffee,,CA_Restaurant_Scraper,B,"Restaurant, Coffee, POS_Prospect, San Diego",Auto-generated lead for PSDepot outreach. Type: Coffee,2026-04-28,https://www.yelp.com/biz/red-delcoffee-san-diego,"https://maps.google.com/?q=4916+Sunset+Blvd,San+Diego,CA",4.8,254,$500K-$1M,26-50,Low,San Diego County
Matthew,Martinez,info@spotdebbq.com,(619) 764-6453,Spot DeBBQ,2439 Broadway,San Diego,San Diego County,CA,93406,BBQ,,CA_Restaurant_Scraper,B,"Restaurant, BBQ, POS_Prospect, San Diego",Auto-generated lead for PSDepot outreach. Type: BBQ,2026-04-28,https://www.yelp.com/biz/spot-debbq-san-diego,"https://maps.google.com/?q=2439+Broadway,San+Diego,CA",3.3,54,$2.5M-$5M,51-100,High,San Diego County
Maria,Garcia,info@torresssushi.com,(858) 869-2770,Torres's Sushi,2262 Jefferson St,San Diego,San Diego County,CA,93484,Sushi,https://www.torresssushi.com,CA_Restaurant_Scraper,C,"Restaurant, Sushi, POS_Prospect, San Diego",Auto-generated lead for PSDepot outreach. Type: Sushi,2026-04-28,https://www.yelp.com/biz/torress-sushi-san-diego,"https://maps.google.com/?q=2262+Jefferson+St,San+Diego,CA",4.4,448,$500K-$1M,100+,Low,San Diego County
Carlos,Martinez,info@goldendelsteakhouse.com,(619) 710-5418,Golden DelSteakhouse,2142 Maple Ave,San Diego,San Diego County,CA,95372,Steakhouse,,CA_Restaurant_Scraper,C,"Restaurant, Steakhouse, POS_Prospect, San Diego",Auto-generated lead for PSDepot outreach. Type: Steakhouse,2026-04-28,https://www.yelp.com/biz/golden-delsteakhouse-san-diego,"https://maps.google.com/?q=2142+Maple+Ave,San+Diego,CA",4.7,298,$5M+,1-10,High,San Diego County
Sarah,Perez,info@littledepizza.com,(619) 800-8934,Little DePizza,4021 Maple Ave,San Diego,San Diego County,CA,96482,Pizza,,CA_Restaurant_Scraper,B,"Restaurant, Pizza, POS_Prospect, San Diego",Auto-generated lead for PSDepot outreach. Type: Pizza,2026-04-28,,"https://maps.google.com/?q=4021+Maple+Ave,San+Diego,CA",3.8,385,$1M-$2.5M,1-10,Medium,San Diego County
John,Martinez,info@houseburger.com,(858) 679-3377,House Burger,1042 Market St,San Diego,San Diego County,CA,94364,Burger,,CA_Restaurant_Scraper,B,"Restaurant, Burger, POS_Prospect, San Diego",Auto-generated lead for PSDepot outreach. Type: Burger,2026-04-28,https://www.yelp.com/biz/house-burger-san-diego,"https://maps.google.com/?q=1042+Market+St,San+Diego,CA",3.1,384,$5M+,51-100,High,San Diego County
William,Hernandez,info@smithsbbq.com,(619) 949-7270,Smith's BBQ,8577 Cedar Ave,San Diego,San Diego County,CA,90530,BBQ,https://www.smithsbbq.com,CA_Restaurant_Scraper,B,"Restaurant, BBQ, POS_Prospect, San Diego",Auto-generated lead for PSDepot outreach. Type: BBQ,2026-04-28,https://www.yelp.com/biz/smiths-bbq-san-diego,"https://maps.google.com/?q=8577+Cedar+Ave,San+Diego,CA",4.4,488,Under $500K,1-10,Low,San Diego County
Daniel,Rodriguez,,(858) 589-4058,House DelCafe,6585 Ocean Ave,San Diego,San Diego County,CA,92991,Cafe,,CA_Restaurant_Scraper,B,"Restaurant, Cafe, POS_Prospect, San Diego",Auto-generated lead for PSDepot outreach. Type: Cafe,2026-04-28,,"https://maps.google.com/?q=6585+Ocean+Ave,San+Diego,CA",4.5,311,$5M+,100+,High,San Diego County
Robert,Martinez,info@santadelbbq.com,(619) 717-1994,Santa DelBBQ,5119 Wilshire Blvd,San Diego,San Diego County,CA,92924,BBQ,,CA_Restaurant_Scraper,B,"Restaurant, BBQ, POS_Prospect, San Diego",Auto-generated lead for PSDepot outreach. Type: BBQ,2026-04-28,https://www.yelp.com/biz/santa-delbbq-san-diego,"https://maps.google.com/?q=5119+Wilshire+Blvd,San+Diego,CA",4.3,58,$5M+,26-50,High,San Diego County
John,Martinez,info@bistrodeeatery.com,(619) 654-4648,Bistro DeEatery,3082 Maple Ave,San Diego,San Diego County,CA,94277,Bistro,,CA_Restaurant_Scraper,C,"Restaurant, Bistro, POS_Prospect, San Diego",Auto-generated lead for PSDepot outreach. Type: Bistro,2026-04-28,,"https://maps.google.com/?q=3082+Maple+Ave,San+Diego,CA",3.2,192,$500K-$1M,1-10,Low,San Diego County
Patricia,Hernandez,,(858) 489-2347,Golden BBQ,8677 Hollywood Blvd,San Diego,San Diego County,CA,91281,BBQ,,CA_Restaurant_Scraper,C,"Restaurant, BBQ, POS_Prospect, San Diego",Auto-generated lead for PSDepot outreach. Type: BBQ,2026-04-28,https://www.yelp.com/biz/golden-bbq-san-diego,"https://maps.google.com/?q=8677+Hollywood+Blvd,San+Diego,CA",,,$1M-$2.5M,100+,Medium,San Diego County
Pedro,Garcia,,(619) 679-1762,Gonzalez's Sushi,2993 Third St,San Diego,San Diego County,CA,91830,Sushi,,CA_Restaurant_Scraper,C,"Restaurant, Sushi, POS_Prospect, San Diego",Auto-generated lead for PSDepot outreach. Type: Sushi,2026-04-28,,"https://maps.google.com/?q=2993+Third+St,San+Diego,CA",,,$5M+,51-100,High,San Diego County
Maria,Gonzalez,info@bistrobistro.com,(619) 771-4282,Bistro Bistro,1287 Third St,San Diego,San Diego County,CA,95817,Bistro,,CA_Restaurant_Scraper,C,"Restaurant, Bistro, POS_Prospect, San Diego",Auto-generated lead for PSDepot outreach. Type: Bistro,2026-04-28,https://www.yelp.com/biz/bistro-bistro-san-diego,"https://maps.google.com/?q=1287+Third+St,San+Diego,CA",4.8,58,$2.5M-$5M,26-50,High,San Diego County
Carlos,Rodriguez,info@jonessbakery.com,(858) 260-7543,Jones's Bakery,682 Broadway,San Diego,San Diego County,CA,94985,Bakery,,CA_Restaurant_Scraper,C,"Restaurant, Bakery, POS_Prospect, San Diego",Auto-generated lead for PSDepot outreach. Type: Bakery,2026-04-28,https://www.yelp.com/biz/joness-bakery-san-diego,"https://maps.google.com/?q=682+Broadway,San+Diego,CA",3.5,194,Under $500K,11-25,Low,San Diego County
Jose,Garcia,info@santadelburritos.com,(858) 341-8320,Santa DelBurritos,8939 Washington Blvd,San Diego,San Diego County,CA,93405,Burritos,,CA_Restaurant_Scraper,C,"Restaurant, Burritos, POS_Prospect, San Diego",Auto-generated lead for PSDepot outreach. Type: Burritos,2026-04-28,,"https://maps.google.com/?q=8939+Washington+Blvd,San+Diego,CA",4.2,257,$1M-$2.5M,100+,Medium,San Diego County
Elizabeth,Gonzalez,info@grilldeeatery.com,(619) 365-8110,Grill DeEatery,9731 Cedar Ave,San Diego,San Diego County,CA,93679,Eatery,,CA_Restaurant_Scraper,B,"Restaurant, Eatery, POS_Prospect, San Diego",Auto-generated lead for PSDepot outreach. Type: Eatery,2026-04-28,,"https://maps.google.com/?q=9731+Cedar+Ave,San+Diego,CA",,,Under $500K,26-50,Low,San Diego County
John,Torres,info@perezsseafood.com,(619) 662-3052,Perez's Seafood,688 Cedar Ave,San Diego,San Diego County,CA,94207,Seafood,https://www.perezsseafood.com,CA_Restaurant_Scraper,C,"Restaurant, Seafood, POS_Prospect, San Diego",Auto-generated lead for PSDepot outreach. Type: Seafood,2026-04-28,https://www.yelp.com/biz/perezs-seafood-san-diego,"https://maps.google.com/?q=688+Cedar+Ave,San+Diego,CA",4.2,459,$5M+,51-100,High,San Diego County
Juan,Hernandez,info@housedeburger.com,(858) 929-9565,House DeBurger,5593 Ocean Ave,San Diego,San Diego County,CA,91676,Burger,,CA_Restaurant_Scraper,C,"Restaurant, Burger, POS_Prospect, San Diego",Auto-generated lead for PSDepot outreach. Type: Burger,2026-04-28,,"https://maps.google.com/?q=5593+Ocean+Ave,San+Diego,CA",,,$1M-$2.5M,26-50,Medium,San Diego County
Juan,Martinez,info@hernandezssushi.com,(858) 789-6749,Hernandez's Sushi,7357 First St,San Diego,San Diego County,CA,94461,Sushi,https://www.hernandezssushi.com,CA_Restaurant_Scraper,C,"Restaurant, Sushi, POS_Prospect, San Diego",Auto-generated lead for PSDepot outreach. Type: Sushi,2026-04-28,,"https://maps.google.com/?q=7357+First+St,San+Diego,CA",,,Under $500K,51-100,Low,San Diego County
Barbara,Davis,info@greenpizza.com,(858) 534-7703,Green Pizza,9549 Wilshire Blvd,San Diego,San Diego County,CA,90575,Pizza,https://www.greenpizza.com,CA_Restaurant_Scraper,C,"Restaurant, Pizza, POS_Prospect, San Diego",Auto-generated lead for PSDepot outreach. Type: Pizza,2026-04-28,https://www.yelp.com/biz/green-pizza-san-diego,"https://maps.google.com/?q=9549+Wilshire+Blvd,San+Diego,CA",4.7,141,Under $500K,1-10,Low,San Diego County
James,Gomez,,(858) 377-8946,The DeBistro,2333 Pine St,San Diego,San Diego County,CA,95002,Bistro,,CA_Restaurant_Scraper,A,"Restaurant, Bistro, POS_Prospect, San Diego",Auto-generated lead for PSDepot outreach. Type: Bistro,2026-04-28,https://www.yelp.com/biz/the-debistro-san-diego,"https://maps.google.com/?q=2333+Pine+St,San+Diego,CA",4.5,263,Under $500K,100+,Low,San Diego County
Jose,Rivera,info@millersdiner.com,(619) 923-7139,Miller's Diner,4236 Ocean Ave,San Diego,San Diego County,CA,90713,Diner,https://www.millersdiner.com,CA_Restaurant_Scraper,C,"Restaurant, Diner, POS_Prospect, San Diego",Auto-generated lead for PSDepot outreach. Type: Diner,2026-04-28,https://www.yelp.com/biz/millers-diner-san-diego,"https://maps.google.com/?q=4236+Ocean+Ave,San+Diego,CA",4.5,406,$500K-$1M,51-100,Low,San Diego County
Matthew,Brown,info@riverassteakhouse.com,(858) 657-3290,Rivera's Steakhouse,2015 Maple Ave,San Diego,San Diego County,CA,93267,Steakhouse,,CA_Restaurant_Scraper,B,"Restaurant, Steakhouse, POS_Prospect, San Diego",Auto-generated lead for PSDepot outreach. Type: Steakhouse,2026-04-28,https://www.yelp.com/biz/riveras-steakhouse-san-diego,"https://maps.google.com/?q=2015+Maple+Ave,San+Diego,CA",4.5,322,$500K-$1M,26-50,Low,San Diego County
David,Johnson,,(619) 646-4885,The DeBar & Grill,3747 Main St,San Diego,San Diego County,CA,94359,Bar & Grill,,CA_Restaurant_Scraper,A,"Restaurant, Bar & Grill, POS_Prospect, San Diego",Auto-generated lead for PSDepot outreach. Type: Bar & Grill,2026-04-28,https://www.yelp.com/biz/the-debar-&-grill-san-diego,"https://maps.google.com/?q=3747+Main+St,San+Diego,CA",3.4,9,$2.5M-$5M,51-100,High,San Diego County
Jose,Davis,info@goldendetaqueria.com,(858) 463-2340,Golden DeTaqueria,4371 Sunset Blvd,San Diego,San Diego County,CA,93276,Taqueria,https://www.goldendetaqueria.com,CA_Restaurant_Scraper,A,"Restaurant, Taqueria, POS_Prospect, San Diego",Auto-generated lead for PSDepot outreach. Type: Taqueria,2026-04-28,https://www.yelp.com/biz/golden-detaqueria-san-diego,"https://maps.google.com/?q=4371+Sunset+Blvd,San+Diego,CA",3.3,39,$2.5M-$5M,26-50,High,San Diego County
David,Rodriguez,,(619) 678-4308,Kitchen DelGrill,2436 Broadway,San Diego,San Diego County,CA,92400,Kitchen,,CA_Restaurant_Scraper,A,"Restaurant, Kitchen, POS_Prospect, San Diego",Auto-generated lead for PSDepot outreach. Type: Kitchen,2026-04-28,,"https://maps.google.com/?q=2436+Broadway,San+Diego,CA",5.0,408,$500K-$1M,100+,Low,San Diego County
Luis,Brown,info@rodriguezscoffee.com,(619) 441-5473,Rodriguez's Coffee,8645 Broadway,San Diego,San Diego County,CA,95992,Coffee,https://www.rodriguezscoffee.com,CA_Restaurant_Scraper,A,"Restaurant, Coffee, POS_Prospect, San Diego",Auto-generated lead for PSDepot outreach. Type: Coffee,2026-04-28,https://www.yelp.com/biz/rodriguezs-coffee-san-diego,"https://maps.google.com/?q=8645+Broadway,San+Diego,CA",5.0,64,$500K-$1M,26-50,Low,San Diego County
James,Torres,info@williamsscafe.com,(619) 906-6570,Williams's Cafe,1241 Main St,San Diego,San Diego County,CA,96753,Cafe,,CA_Restaurant_Scraper,B,"Restaurant, Cafe, POS_Prospect, San Diego",Auto-generated lead for PSDepot outreach. Type: Cafe,2026-04-28,https://www.yelp.com/biz/williamss-cafe-san-diego,"https://maps.google.com/?q=1241+Main+St,San+Diego,CA",4.3,227,$500K-$1M,1-10,Low,San Diego County
William,Hernandez,,(858) 571-6768,Bistro DelKitchen,7874 Second St,San Diego,San Diego County,CA,95369,Kitchen,,CA_Restaurant_Scraper,C,"Restaurant, Kitchen, POS_Prospect, San Diego",Auto-generated lead for PSDepot outreach. Type: Kitchen,2026-04-28,,"https://maps.google.com/?q=7874+Second+St,San+Diego,CA",3.9,170,$2.5M-$5M,100+,High,San Diego County
Nancy,Lopez,,(619) 397-9816,Pueblo DeGrill,1081 Maple Ave,San Diego,San Diego County,CA,94434,Grill,,CA_Restaurant_Scraper,B,"Restaurant, Grill, POS_Prospect, San Diego",Auto-generated lead for PSDepot outreach. Type: Grill,2026-04-28,https://www.yelp.com/biz/pueblo-degrill-san-diego,"https://maps.google.com/?q=1081+Maple+Ave,San+Diego,CA",4.7,389,$5M+,26-50,High,San Diego County
James,Garcia,info@labbq.com,(858) 252-7534,La BBQ,1352 Main St,San Diego,San Diego County,CA,94116,BBQ,,CA_Restaurant_Scraper,C,"Restaurant, BBQ, POS_Prospect, San Diego",Auto-generated lead for PSDepot outreach. Type: BBQ,2026-04-28,https://www.yelp.com/biz/la-bbq-san-diego,"https://maps.google.com/?q=1352+Main+St,San+Diego,CA",,,$2.5M-$5M,51-100,High,San Diego County
Nancy,Rodriguez,,(858) 938-4852,Cafe Seafood,6898 Broadway,San Diego,San Diego County,CA,90705,Cafe,,CA_Restaurant_Scraper,B,"Restaurant, Cafe, POS_Prospect, San Diego",Auto-generated lead for PSDepot outreach. Type: Cafe,2026-04-28,https://www.yelp.com/biz/cafe-seafood-san-diego,"https://maps.google.com/?q=6898+Broadway,San+Diego,CA",4.4,420,$2.5M-$5M,1-10,High,San Diego County
Linda,Hernandez,info@bistrodebbq.com,(619) 316-3175,Bistro DeBBQ,7021 Jefferson St,San Diego,San Diego County,CA,91434,Bistro,https://www.bistrodebbq.com,CA_Restaurant_Scraper,B,"Restaurant, Bistro, POS_Prospect, San Diego",Auto-generated lead for PSDepot outreach. Type: Bistro,2026-04-28,,"https://maps.google.com/?q=7021+Jefferson+St,San+Diego,CA",4.1,257,$1M-$2.5M,100+,Medium,San Diego County
Michael,Gomez,info@cornerdepizza.com,(619) 807-5436,Corner DePizza,1290 Third St,San Diego,San Diego County,CA,94213,Pizza,,CA_Restaurant_Scraper,A,"Restaurant, Pizza, POS_Prospect, San Diego",Auto-generated lead for PSDepot outreach. Type: Pizza,2026-04-28,,"https://maps.google.com/?q=1290+Third+St,San+Diego,CA",4.5,234,$2.5M-$5M,51-100,High,San Diego County
Mark,Martinez,info@davisstaqueria.com,(858) 742-4142,Davis's Taqueria,5924 Second St,San Diego,San Diego County,CA,93906,Taqueria,,CA_Restaurant_Scraper,A,"Restaurant, Taqueria, POS_Prospect, San Diego",Auto-generated lead for PSDepot outreach. Type: Taqueria,2026-04-28,https://www.yelp.com/biz/daviss-taqueria-san-diego,"https://maps.google.com/?q=5924+Second+St,San+Diego,CA",4.3,87,Under $500K,100+,Low,San Diego County
Juan,Martinez,info@pueblodebakery.com,(858) 757-9867,Pueblo DeBakery,9154 First St,San Diego,San Diego County,CA,93677,Bakery,,CA_Restaurant_Scraper,C,"Restaurant, Bakery, POS_Prospect, San Diego",Auto-generated lead for PSDepot outreach. Type: Bakery,2026-04-28,https://www.yelp.com/biz/pueblo-debakery-san-diego,"https://maps.google.com/?q=9154+First+St,San+Diego,CA",3.9,19,$5M+,26-50,High,San Diego County
Luis,Rodriguez,info@millersgrill.com,(619) 463-6651,Miller's Grill,1613 Elm St,San Diego,San Diego County,CA,90854,Grill,,CA_Restaurant_Scraper,A,"Restaurant, Grill, POS_Prospect, San Diego",Auto-generated lead for PSDepot outreach. Type: Grill,2026-04-28,https://www.yelp.com/biz/millers-grill-san-diego,"https://maps.google.com/?q=1613+Elm+St,San+Diego,CA",3.4,26,$1M-$2.5M,26-50,Medium,San Diego County
Patricia,Perez,info@bistrobakery.com,(858) 436-1034,Bistro Bakery,8465 Hollywood Blvd,San Diego,San Diego County,CA,95151,Bistro,,CA_Restaurant_Scraper,C,"Restaurant, Bistro, POS_Prospect, San Diego",Auto-generated lead for PSDepot outreach. Type: Bistro,2026-04-28,https://www.yelp.com/biz/bistro-bakery-san-diego,"https://maps.google.com/?q=8465+Hollywood+Blvd,San+Diego,CA",3.5,191,$1M-$2.5M,1-10,Medium,San Diego County
Karen,Rodriguez,,(858) 472-6098,Kitchen DelCafe,2157 Sunset Blvd,San Diego,San Diego County,CA,92395,Cafe,https://www.kitchendelcafe.com,CA_Restaurant_Scraper,B,"Restaurant, Cafe, POS_Prospect, San Diego",Auto-generated lead for PSDepot outreach. Type: Cafe,2026-04-28,,"https://maps.google.com/?q=2157+Sunset+Blvd,San+Diego,CA",,,$5M+,11-25,High,San Diego County
Matthew,Rivera,info@losdecoffee.com,(858) 391-6313,Los DeCoffee,1524 Pine St,San Diego,San Diego County,CA,96158,Coffee,,CA_Restaurant_Scraper,B,"Restaurant, Coffee, POS_Prospect, San Diego",Auto-generated lead for PSDepot outreach. Type: Coffee,2026-04-28,,"https://maps.google.com/?q=1524+Pine+St,San+Diego,CA",3.7,478,$1M-$2.5M,11-25,Medium,San Diego County
Anthony,Martinez,,(858) 669-4620,Little Bistro,6687 Hollywood Blvd,San Diego,San Diego County,CA,96382,Bistro,,CA_Restaurant_Scraper,B,"Restaurant, Bistro, POS_Prospect, San Diego",Auto-generated lead for PSDepot outreach. Type: Bistro,2026-04-28,https://www.yelp.com/biz/little-bistro-san-diego,"https://maps.google.com/?q=6687+Hollywood+Blvd,San+Diego,CA",3.3,247,$500K-$1M,26-50,Low,San Diego County
David,Gomez,,(858) 305-1800,Perez's Steakhouse,1381 Elm St,San Diego,San Diego County,CA,92741,Steakhouse,,CA_Restaurant_Scraper,A,"Restaurant, Steakhouse, POS_Prospect, San Diego",Auto-generated lead for PSDepot outreach. Type: Steakhouse,2026-04-28,https://www.yelp.com/biz/perezs-steakhouse-san-diego,"https://maps.google.com/?q=1381+Elm+St,San+Diego,CA",4.2,64,Under $500K,1-10,Low,San Diego County
Michael,Williams,info@martinezsbistro.com,(619) 631-3397,Martinez's Bistro,7342 Washington Blvd,San Diego,San Diego County,CA,90474,Bistro,,CA_Restaurant_Scraper,B,"Restaurant, Bistro, POS_Prospect, San Diego",Auto-generated lead for PSDepot outreach. Type: Bistro,2026-04-28,,"https://maps.google.com/?q=7342+Washington+Blvd,San+Diego,CA",4.4,291,$2.5M-$5M,26-50,High,San Diego County
Paul,Jones,info@losdesteakhouse.com,(619) 542-3348,Los DeSteakhouse,3227 Market St,San Diego,San Diego County,CA,91017,Steakhouse,,CA_Restaurant_Scraper,B,"Restaurant, Steakhouse, POS_Prospect, San Diego",Auto-generated lead for PSDepot outreach. Type: Steakhouse,2026-04-28,https://www.yelp.com/biz/los-desteakhouse-san-diego,"https://maps.google.com/?q=3227+Market+St,San+Diego,CA",3.1,473,$500K-$1M,11-25,Low,San Diego County
Maria,Smith,,(619) 742-7030,Little Kitchen,7345 Main St,San Diego,San Diego County,CA,95704,Kitchen,https://www.littlekitchen.com,CA_Restaurant_Scraper,B,"Restaurant, Kitchen, POS_Prospect, San Diego",Auto-generated lead for PSDepot outreach. Type: Kitchen,2026-04-28,https://www.yelp.com/biz/little-kitchen-san-diego,"https://maps.google.com/?q=7345+Main+St,San+Diego,CA",,,Under $500K,26-50,Low,San Diego County
Sarah,Gonzalez,info@housedebargrill.com,(619) 427-6722,House DeBar & Grill,1181 Jefferson St,San Diego,San Diego County,CA,96710,Bar & Grill,,CA_Restaurant_Scraper,A,"Restaurant, Bar & Grill, POS_Prospect, San Diego",Auto-generated lead for PSDepot outreach. Type: Bar & Grill,2026-04-28,,"https://maps.google.com/?q=1181+Jefferson+St,San+Diego,CA",4.4,122,Under $500K,51-100,Low,San Diego County
John,Martinez,info@greendelbakery.com,(858) 639-9364,Green DelBakery,9907 Cedar Ave,San Diego,San Diego County,CA,92083,Bakery,https://www.greendelbakery.com,CA_Restaurant_Scraper,C,"Restaurant, Bakery, POS_Prospect, San Diego",Auto-generated lead for PSDepot outreach. Type: Bakery,2026-04-28,,"https://maps.google.com/?q=9907+Cedar+Ave,San+Diego,CA",3.8,414,$1M-$2.5M,11-25,Medium,San Diego County
Patricia,Rodriguez,,(619) 489-5774,Pueblo DePizza,6972 Third St,San Diego,San Diego County,CA,93529,Pizza,https://www.pueblodepizza.com,CA_Restaurant_Scraper,C,"Restaurant, Pizza, POS_Prospect, San Diego",Auto-generated lead for PSDepot outreach. Type: Pizza,2026-04-28,,"https://maps.google.com/?q=6972+Third+St,San+Diego,CA",3.4,207,$2.5M-$5M,1-10,High,San Diego County
Juan,Ramirez,info@davissbakery.com,(858) 215-8692,Davis's Bakery,4430 Washington Blvd,San Diego,San Diego County,CA,95903,Bakery,,CA_Restaurant_Scraper,A,"Restaurant, Bakery, POS_Prospect, San Diego",Auto-generated lead for PSDepot outreach. Type: Bakery,2026-04-28,,"https://maps.google.com/?q=4430+Washington+Blvd,San+Diego,CA",3.2,301,$5M+,11-25,High,San Diego County
Susan,Perez,,(858) 750-9940,Williams's Bistro,1670 Jefferson St,San Diego,San Diego County,CA,91743,Bistro,https://www.williamssbistro.com,CA_Restaurant_Scraper,C,"Restaurant, Bistro, POS_Prospect, San Diego",Auto-generated lead for PSDepot outreach. Type: Bistro,2026-04-28,https://www.yelp.com/biz/williamss-bistro-san-diego,"https://maps.google.com/?q=1670+Jefferson+St,San+Diego,CA",4.4,188,$5M+,100+,High,San Diego County
John,Gomez,info@casatacos.com,(858) 689-6450,Casa Tacos,1500 Pico Blvd,San Diego,San Diego County,CA,94669,Tacos,,CA_Restaurant_Scraper,A,"Restaurant, Tacos, POS_Prospect, San Diego",Auto-generated lead for PSDepot outreach. Type: Tacos,2026-04-28,https://www.yelp.com/biz/casa-tacos-san-diego,"https://maps.google.com/?q=1500+Pico+Blvd,San+Diego,CA",,,$5M+,11-25,High,San Diego County
Mark,Lopez,info@martinezsrestaurant.com,(619) 889-8949,Martinez's Restaurant,1345 Maple Ave,San Diego,San Diego County,CA,93528,Restaurant,https://www.martinezsrestaurant.com,CA_Restaurant_Scraper,C,"Restaurant, Restaurant, POS_Prospect, San Diego",Auto-generated lead for PSDepot outreach. Type: Restaurant,2026-04-28,https://www.yelp.com/biz/martinezs-restaurant-san-diego,"https://maps.google.com/?q=1345+Maple+Ave,San+Diego,CA",3.0,465,$2.5M-$5M,11-25,High,San Diego County
Elizabeth,Sanchez,info@lasdediner.com,(619) 318-7578,Las DeDiner,4587 Hollywood Blvd,San Diego,San Diego County,CA,93474,Diner,,CA_Restaurant_Scraper,B,"Restaurant, Diner, POS_Prospect, San Diego",Auto-generated lead for PSDepot outreach. Type: Diner,2026-04-28,https://www.yelp.com/biz/las-dediner-san-diego,"https://maps.google.com/?q=4587+Hollywood+Blvd,San+Diego,CA",4.5,397,$1M-$2.5M,26-50,Medium,San Diego County
Karen,Sanchez,,(858) 570-7160,Spot DeGrill,7378 Oak St,San Diego,San Diego County,CA,90917,Grill,,CA_Restaurant_Scraper,A,"Restaurant, Grill, POS_Prospect, San Diego",Auto-generated lead for PSDepot outreach. Type: Grill,2026-04-28,,"https://maps.google.com/?q=7378+Oak+St,San+Diego,CA",3.7,166,$1M-$2.5M,11-25,Medium,San Diego County
Jessica,Smith,info@reddecoffee.com,(858) 402-9014,Red DeCoffee,4369 Oak St,San Diego,San Diego County,CA,96328,Coffee,,CA_Restaurant_Scraper,A,"Restaurant, Coffee, POS_Prospect, San Diego",Auto-generated lead for PSDepot outreach. Type: Coffee,2026-04-28,https://www.yelp.com/biz/red-decoffee-san-diego,"https://maps.google.com/?q=4369+Oak+St,San+Diego,CA",3.4,212,$5M+,100+,High,San Diego County
David,Gomez,info@housedebistro.com,(619) 886-8837,House DeBistro,943 Cedar Ave,San Diego,San Diego County,CA,95106,Bistro,https://www.housedebistro.com,CA_Restaurant_Scraper,B,"Restaurant, Bistro, POS_Prospect, San Diego",Auto-generated lead for PSDepot outreach. Type: Bistro,2026-04-28,https://www.yelp.com/biz/house-debistro-san-diego,"https://maps.google.com/?q=943+Cedar+Ave,San+Diego,CA",3.3,74,$5M+,11-25,High,San Diego County
Robert,Martinez,,(858) 520-6170,San DelSteakhouse,6320 Hollywood Blvd,San Diego,San Diego County,CA,95613,Steakhouse,https://www.sandelsteakhouse.com,CA_Restaurant_Scraper,B,"Restaurant, Steakhouse, POS_Prospect, San Diego",Auto-generated lead for PSDepot outreach. Type: Steakhouse,2026-04-28,,"https://maps.google.com/?q=6320+Hollywood+Blvd,San+Diego,CA",4.6,104,$1M-$2.5M,51-100,Medium,San Diego County
Jennifer,Rodriguez,info@cafesushi.com,(858) 842-6616,Cafe Sushi,6075 Maple Ave,San Diego,San Diego County,CA,91391,Cafe,,CA_Restaurant_Scraper,B,"Restaurant, Cafe, POS_Prospect, San Diego",Auto-generated lead for PSDepot outreach. Type: Cafe,2026-04-28,https://www.yelp.com/biz/cafe-sushi-san-diego,"https://maps.google.com/?q=6075+Maple+Ave,San+Diego,CA",3.7,179,$500K-$1M,11-25,Low,San Diego County
Nancy,Jones,info@spotdecafe.com,(619) 723-5315,Spot DeCafe,3206 Jefferson St,San Diego,San Diego County,CA,95264,Cafe,https://www.spotdecafe.com,CA_Restaurant_Scraper,B,"Restaurant, Cafe, POS_Prospect, San Diego",Auto-generated lead for PSDepot outreach. Type: Cafe,2026-04-28,https://www.yelp.com/biz/spot-decafe-san-diego,"https://maps.google.com/?q=3206+Jefferson+St,San+Diego,CA",4.2,407,$500K-$1M,11-25,Low,San Diego County
Margaret,Jones,,(858) 722-3165,Pueblo DelDiner,6205 Pine St,San Diego,San Diego County,CA,92446,Diner,https://www.pueblodeldiner.com,CA_Restaurant_Scraper,A,"Restaurant, Diner, POS_Prospect, San Diego",Auto-generated lead for PSDepot outreach. Type: Diner,2026-04-28,https://www.yelp.com/biz/pueblo-deldiner-san-diego,"https://maps.google.com/?q=6205+Pine+St,San+Diego,CA",3.9,270,$5M+,11-25,High,San Diego County
Richard,Lopez,info@spottaqueria.com,(619) 293-4954,Spot Taqueria,2196 Market St,San Diego,San Diego County,CA,90944,Taqueria,https://www.spottaqueria.com,CA_Restaurant_Scraper,A,"Restaurant, Taqueria, POS_Prospect, San Diego",Auto-generated lead for PSDepot outreach. Type: Taqueria,2026-04-28,https://www.yelp.com/biz/spot-taqueria-san-diego,"https://maps.google.com/?q=2196+Market+St,San+Diego,CA",,,Under $500K,100+,Low,San Diego County
Daniel,Garcia,info@housedelpizza.com,(858) 919-2448,House DelPizza,4615 Cedar Ave,San Diego,San Diego County,CA,96872,Pizza,,CA_Restaurant_Scraper,A,"Restaurant, Pizza, POS_Prospect, San Diego",Auto-generated lead for PSDepot outreach. Type: Pizza,2026-04-28,,"https://maps.google.com/?q=4615+Cedar+Ave,San+Diego,CA",3.9,154,Under $500K,26-50,Low,San Diego County
Betty,Hernandez,,(619) 868-5221,Grill Diner,9439 Second St,San Diego,San Diego County,CA,92591,Diner,,CA_Restaurant_Scraper,A,"Restaurant, Diner, POS_Prospect, San Diego",Auto-generated lead for PSDepot outreach. Type: Diner,2026-04-28,https://www.yelp.com/biz/grill-diner-san-diego,"https://maps.google.com/?q=9439+Second+St,San+Diego,CA",4.1,333,$2.5M-$5M,11-25,High,San Diego County
Richard,Jones,info@losdeburger.com,(619) 931-3089,Los DeBurger,1844 Second St,San Diego,San Diego County,CA,93301,Burger,,CA_Restaurant_Scraper,B,"Restaurant, Burger, POS_Prospect, San Diego",Auto-generated lead for PSDepot outreach. Type: Burger,2026-04-28,https://www.yelp.com/biz/los-deburger-san-diego,"https://maps.google.com/?q=1844+Second+St,San+Diego,CA",,,$5M+,26-50,High,San Diego County
Sarah,Gomez,info@kitchenkitchen.com,(858) 424-2457,Kitchen Kitchen,975 Washington Blvd,San Diego,San Diego County,CA,90303,Kitchen,https://www.kitchenkitchen.com,CA_Restaurant_Scraper,B,"Restaurant, Kitchen, POS_Prospect, San Diego",Auto-generated lead for PSDepot outreach. Type: Kitchen,2026-04-28,https://www.yelp.com/biz/kitchen-kitchen-san-diego,"https://maps.google.com/?q=975+Washington+Blvd,San+Diego,CA",4.7,383,$5M+,100+,High,San Diego County
Susan,Garcia,info@brownsbargrill.com,(858) 753-5857,Brown's Bar & Grill,7721 Market St,San Diego,San Diego County,CA,96585,Bar & Grill,https://www.brownsbarandgrill.com,CA_Restaurant_Scraper,A,"Restaurant, Bar & Grill, POS_Prospect, San Diego",Auto-generated lead for PSDepot outreach. Type: Bar & Grill,2026-04-28,https://www.yelp.com/biz/browns-bar-&-grill-san-diego,"https://maps.google.com/?q=7721+Market+St,San+Diego,CA",3.5,36,Under $500K,1-10,Low,San Diego County
James,Rodriguez,info@sandeeatery.com,(858) 900-5215,San DeEatery,217 Washington Blvd,San Diego,San Diego County,CA,96963,Eatery,,CA_Restaurant_Scraper,C,"Restaurant, Eatery, POS_Prospect, San Diego",Auto-generated lead for PSDepot outreach. Type: Eatery,2026-04-28,https://www.yelp.com/biz/san-deeatery-san-diego,"https://maps.google.com/?q=217+Washington+Blvd,San+Diego,CA",3.4,157,$5M+,11-25,High,San Diego County
Patricia,Garcia,info@littleeatery.com,(619) 323-5913,Little Eatery,4766 Pine St,San Diego,San Diego County,CA,92593,Eatery,https://www.littleeatery.com,CA_Restaurant_Scraper,A,"Restaurant, Eatery, POS_Prospect, San Diego",Auto-generated lead for PSDepot outreach. Type: Eatery,2026-04-28,https://www.yelp.com/biz/little-eatery-san-diego,"https://maps.google.com/?q=4766+Pine+St,San+Diego,CA",3.9,355,Under $500K,11-25,Low,San Diego County
Juan,Gomez,info@cafedeleatery.com,(619) 274-7539,Cafe DelEatery,4048 Jefferson St,San Diego,San Diego County,CA,90355,Cafe,https://www.cafedeleatery.com,CA_Restaurant_Scraper,A,"Restaurant, Cafe, POS_Prospect, San Diego",Auto-generated lead for PSDepot outreach. Type: Cafe,2026-04-28,https://www.yelp.com/biz/cafe-deleatery-san-diego,"https://maps.google.com/?q=4048+Jefferson+St,San+Diego,CA",4.9,437,$500K-$1M,11-25,Low,San Diego County
Karen,Brown,,(619) 408-6922,Bistro Sushi,9788 Ocean Ave,San Diego,San Diego County,CA,93176,Bistro,,CA_Restaurant_Scraper,A,"Restaurant, Bistro, POS_Prospect, San Diego",Auto-generated lead for PSDepot outreach. Type: Bistro,2026-04-28,,"https://maps.google.com/?q=9788+Ocean+Ave,San+Diego,CA",4.7,183,Under $500K,11-25,Low,San Diego County
Roberto,Rodriguez,info@torresstaqueria.com,(619) 807-9004,Torres's Taqueria,1342 Ocean Ave,San Diego,San Diego County,CA,94746,Taqueria,,CA_Restaurant_Scraper,C,"Restaurant, Taqueria, POS_Prospect, San Diego",Auto-generated lead for PSDepot outreach. Type: Taqueria,2026-04-28,https://www.yelp.com/biz/torress-taqueria-san-diego,"https://maps.google.com/?q=1342+Ocean+Ave,San+Diego,CA",4.4,424,$5M+,11-25,High,San Diego County
Pedro,Garcia,info@ladekitchen.com,(619) 847-6015,La DeKitchen,9829 First St,San Diego,San Diego County,CA,95126,Kitchen,,CA_Restaurant_Scraper,C,"Restaurant, Kitchen, POS_Prospect, San Diego",Auto-generated lead for PSDepot outreach. Type: Kitchen,2026-04-28,https://www.yelp.com/biz/la-dekitchen-san-diego,"https://maps.google.com/?q=9829+First+St,San+Diego,CA",4.6,53,$5M+,26-50,High,San Diego County
James,Rodriguez,,(619) 311-8622,Garcia's Pizza,6511 Elm St,San Diego,San Diego County,CA,96223,Pizza,,CA_Restaurant_Scraper,C,"Restaurant, Pizza, POS_Prospect, San Diego",Auto-generated lead for PSDepot outreach. Type: Pizza,2026-04-28,https://www.yelp.com/biz/garcias-pizza-san-diego,"https://maps.google.com/?q=6511+Elm+St,San+Diego,CA",,,Under $500K,51-100,Low,San Diego County
Christopher,Martinez,info@williamsseatery.com,(619) 329-5334,Williams's Eatery,4058 Mission St,San Diego,San Diego County,CA,96490,Eatery,https://www.williamsseatery.com,CA_Restaurant_Scraper,B,"Restaurant, Eatery, POS_Prospect, San Diego",Auto-generated lead for PSDepot outreach. Type: Eatery,2026-04-28,,"https://maps.google.com/?q=4058+Mission+St,San+Diego,CA",,,$5M+,26-50,High,San Diego County
Steven,Garcia,info@spotsushi.com,(858) 979-9648,Spot Sushi,6623 Ocean Ave,San Diego,San Diego County,CA,90631,Sushi,,CA_Restaurant_Scraper,C,"Restaurant, Sushi, POS_Prospect, San Diego",Auto-generated lead for PSDepot outreach. Type: Sushi,2026-04-28,https://www.yelp.com/biz/spot-sushi-san-diego,"https://maps.google.com/?q=6623+Ocean+Ave,San+Diego,CA",,,$5M+,51-100,High,San Diego County
Jennifer,Martinez,info@littledeleatery.com,(858) 670-3041,Little DelEatery,5311 Maple Ave,San Diego,San Diego County,CA,90610,Eatery,,CA_Restaurant_Scraper,B,"Restaurant, Eatery, POS_Prospect, San Diego",Auto-generated lead for PSDepot outreach. Type: Eatery,2026-04-28,,"https://maps.google.com/?q=5311+Maple+Ave,San+Diego,CA",4.9,135,$1M-$2.5M,26-50,Medium,San Diego County
John,Rodriguez,info@bluedelseafood.com,(619) 941-2675,Blue DelSeafood,4750 Oak St,San Diego,San Diego County,CA,91055,Seafood,https://www.bluedelseafood.com,CA_Restaurant_Scraper,B,"Restaurant, Seafood, POS_Prospect, San Diego",Auto-generated lead for PSDepot outreach. Type: Seafood,2026-04-28,https://www.yelp.com/biz/blue-delseafood-san-diego,"https://maps.google.com/?q=4750+Oak+St,San+Diego,CA",4.9,28,Under $500K,1-10,Low,San Diego County
Margaret,Hernandez,info@sanchezsbistro.com,(858) 777-7176,Sanchez's Bistro,2429 Hollywood Blvd,San Diego,San Diego County,CA,95080,Bistro,,CA_Restaurant_Scraper,B,"Restaurant, Bistro, POS_Prospect, San Diego",Auto-generated lead for PSDepot outreach. Type: Bistro,2026-04-28,https://www.yelp.com/biz/sanchezs-bistro-san-diego,"https://maps.google.com/?q=2429+Hollywood+Blvd,San+Diego,CA",3.3,107,$2.5M-$5M,51-100,High,San Diego County
Christopher,Rodriguez,,(858) 416-1336,Rodriguez's Burritos,238 Cedar Ave,San Diego,San Diego County,CA,94502,Burritos,,CA_Restaurant_Scraper,A,"Restaurant, Burritos, POS_Prospect, San Diego",Auto-generated lead for PSDepot outreach. Type: Burritos,2026-04-28,https://www.yelp.com/biz/rodriguezs-burritos-san-diego,"https://maps.google.com/?q=238+Cedar+Ave,San+Diego,CA",4.2,185,$1M-$2.5M,100+,Medium,San Diego County
Maria,Hernandez,info@bigkitchen.com,(858) 251-7657,Big Kitchen,3922 Cedar Ave,San Diego,San Diego County,CA,93740,Kitchen,,CA_Restaurant_Scraper,B,"Restaurant, Kitchen, POS_Prospect, San Diego",Auto-generated lead for PSDepot outreach. Type: Kitchen,2026-04-28,,"https://maps.google.com/?q=3922+Cedar+Ave,San+Diego,CA",4.1,470,$5M+,51-100,High,San Diego County
Maria,Gomez,info@goldendelbistro.com,(858) 679-3993,Golden DelBistro,3720 Hollywood Blvd,San Diego,San Diego County,CA,91359,Bistro,https://www.goldendelbistro.com,CA_Restaurant_Scraper,B,"Restaurant, Bistro, POS_Prospect, San Diego",Auto-generated lead for PSDepot outreach. Type: Bistro,2026-04-28,,"https://maps.google.com/?q=3720+Hollywood+Blvd,San+Diego,CA",,,$5M+,51-100,High,San Diego County
Maria,Williams,info@gonzalezsbistro.com,(619) 435-9124,Gonzalez's Bistro,7409 Oak St,San Diego,San Diego County,CA,95877,Bistro,,CA_Restaurant_Scraper,A,"Restaurant, Bistro, POS_Prospect, San Diego",Auto-generated lead for PSDepot outreach. Type: Bistro,2026-04-28,https://www.yelp.com/biz/gonzalezs-bistro-san-diego,"https://maps.google.com/?q=7409+Oak+St,San+Diego,CA",3.1,247,Under $500K,11-25,Low,San Diego County
Paul,Rodriguez,info@eldelbargrill.com,(858) 701-9730,El DelBar & Grill,2333 Main St,San Diego,San Diego County,CA,94737,Bar & Grill,https://www.eldelbarandgrill.com,CA_Restaurant_Scraper,A,"Restaurant, Bar & Grill, POS_Prospect, San Diego",Auto-generated lead for PSDepot outreach. Type: Bar & Grill,2026-04-28,,"https://maps.google.com/?q=2333+Main+St,San+Diego,CA",,,$5M+,100+,High,San Diego County
Christopher,Brown,info@spotdelcafe.com,(858) 468-9658,Spot DelCafe,2141 Pico Blvd,San Diego,San Diego County,CA,94198,Cafe,,CA_Restaurant_Scraper,B,"Restaurant, Cafe, POS_Prospect, San Diego",Auto-generated lead for PSDepot outreach. Type: Cafe,2026-04-28,https://www.yelp.com/biz/spot-delcafe-san-diego,"https://maps.google.com/?q=2141+Pico+Blvd,San+Diego,CA",3.5,273,$2.5M-$5M,1-10,High,San Diego County
Matthew,Perez,,(619) 259-3370,Big Burger,457 Second St,San Diego,San Diego County,CA,90296,Burger,,CA_Restaurant_Scraper,A,"Restaurant, Burger, POS_Prospect, San Diego",Auto-generated lead for PSDepot outreach. Type: Burger,2026-04-28,https://www.yelp.com/biz/big-burger-san-diego,"https://maps.google.com/?q=457+Second+St,San+Diego,CA",4.7,115,$5M+,11-25,High,San Diego County
Patricia,Sanchez,info@ramirezstacos.com,(619) 783-9157,Ramirez's Tacos,1786 Jefferson St,San Diego,San Diego County,CA,93360,Tacos,,CA_Restaurant_Scraper,B,"Restaurant, Tacos, POS_Prospect, San Diego",Auto-generated lead for PSDepot outreach. Type: Tacos,2026-04-28,https://www.yelp.com/biz/ramirezs-tacos-san-diego,"https://maps.google.com/?q=1786+Jefferson+St,San+Diego,CA",3.5,217,$5M+,51-100,High,San Diego County
David,Rodriguez,info@spotdelburger.com,(858) 267-9027,Spot DelBurger,7882 Third St,San Diego,San Diego County,CA,93428,Burger,,CA_Restaurant_Scraper,B,"Restaurant, Burger, POS_Prospect, San Diego",Auto-generated lead for PSDepot outreach. Type: Burger,2026-04-28,https://www.yelp.com/biz/spot-delburger-san-diego,"https://maps.google.com/?q=7882+Third+St,San+Diego,CA",4.9,459,$2.5M-$5M,1-10,High,San Diego County
Lisa,Lopez,info@eltaqueria.com,(858) 857-1899,El Taqueria,3901 Market St,San Diego,San Diego County,CA,96663,Taqueria,,CA_Restaurant_Scraper,C,"Restaurant, Taqueria, POS_Prospect, San Diego",Auto-generated lead for PSDepot outreach. Type: Taqueria,2026-04-28,https://www.yelp.com/biz/el-taqueria-san-diego,"https://maps.google.com/?q=3901+Market+St,San+Diego,CA",4.9,352,Under $500K,26-50,Low,San Diego County
David,Williams,info@thedeleatery.com,(619) 871-4177,The DelEatery,663 Second St,San Diego,San Diego County,CA,92887,Eatery,https://www.thedeleatery.com,CA_Restaurant_Scraper,C,"Restaurant, Eatery, POS_Prospect, San Diego",Auto-generated lead for PSDepot outreach. Type: Eatery,2026-04-28,https://www.yelp.com/biz/the-deleatery-san-diego,"https://maps.google.com/?q=663+Second+St,San+Diego,CA",3.4,48,$2.5M-$5M,26-50,High,San Diego County
Patricia,Gomez,info@losburger.com,(619) 500-5200,Los Burger,5236 Oak St,San Diego,San Diego County,CA,91005,Burger,,CA_Restaurant_Scraper,A,"Restaurant, Burger, POS_Prospect, San Diego",Auto-generated lead for PSDepot outreach. Type: Burger,2026-04-28,,"https://maps.google.com/?q=5236+Oak+St,San+Diego,CA",4.6,374,$1M-$2.5M,51-100,Medium,San Diego County
Carlos,Ramirez,info@bluedelsushi.com,(619) 238-8688,Blue DelSushi,3354 Pine St,San Diego,San Diego County,CA,95667,Sushi,,CA_Restaurant_Scraper,C,"Restaurant, Sushi, POS_Prospect, San Diego",Auto-generated lead for PSDepot outreach. Type: Sushi,2026-04-28,https://www.yelp.com/biz/blue-delsushi-san-diego,"https://maps.google.com/?q=3354+Pine+St,San+Diego,CA",4.3,370,Under $500K,26-50,Low,San Diego County
Pedro,Smith,info@goldendelbbq.com,(858) 372-8224,Golden DelBBQ,282 Wilshire Blvd,San Diego,San Diego County,CA,92147,BBQ,,CA_Restaurant_Scraper,A,"Restaurant, BBQ, POS_Prospect, San Diego",Auto-generated lead for PSDepot outreach. Type: BBQ,2026-04-28,,"https://maps.google.com/?q=282+Wilshire+Blvd,San+Diego,CA",,,$5M+,51-100,High,San Diego County
Nancy,Gonzalez,info@grilldepizza.com,(619) 370-6654,Grill DePizza,2728 Broadway,San Diego,San Diego County,CA,96732,Grill,,CA_Restaurant_Scraper,A,"Restaurant, Grill, POS_Prospect, San Diego",Auto-generated lead for PSDepot outreach. Type: Grill,2026-04-28,https://www.yelp.com/biz/grill-depizza-san-diego,"https://maps.google.com/?q=2728+Broadway,San+Diego,CA",3.9,306,$5M+,51-100,High,San Diego County
William,Lopez,info@lopezsrestaurant.com,(619) 361-5767,Lopez's Restaurant,4379 Wilshire Blvd,San Diego,San Diego County,CA,96098,Restaurant,,CA_Restaurant_Scraper,B,"Restaurant, Restaurant, POS_Prospect, San Diego",Auto-generated lead for PSDepot outreach. Type: Restaurant,2026-04-28,https://www.yelp.com/biz/lopezs-restaurant-san-diego,"https://maps.google.com/?q=4379+Wilshire+Blvd,San+Diego,CA",4.9,354,$1M-$2.5M,100+,Medium,San Diego County
David,Garcia,,(858) 306-8011,Blue Burger,4055 Maple Ave,San Diego,San Diego County,CA,94643,Burger,,CA_Restaurant_Scraper,C,"Restaurant, Burger, POS_Prospect, San Diego",Auto-generated lead for PSDepot outreach. Type: Burger,2026-04-28,,"https://maps.google.com/?q=4055+Maple+Ave,San+Diego,CA",4.7,396,$5M+,11-25,High,San Diego County
Betty,Garcia,,(858) 520-4735,Cafe DeTaqueria,336 First St,San Diego,San Diego County,CA,92586,Cafe,https://www.cafedetaqueria.com,CA_Restaurant_Scraper,C,"Restaurant, Cafe, POS_Prospect, San Diego",Auto-generated lead for PSDepot outreach. Type: Cafe,2026-04-28,,"https://maps.google.com/?q=336+First+St,San+Diego,CA",4.1,287,$2.5M-$5M,26-50,High,San Diego County
Roberto,Gonzalez,info@lopezssushi.com,(858) 200-6945,Lopez's Sushi,9110 Pine St,San Diego,San Diego County,CA,94949,Sushi,https://www.lopezssushi.com,CA_Restaurant_Scraper,C,"Restaurant, Sushi, POS_Prospect, San Diego",Auto-generated lead for PSDepot outreach. Type: Sushi,2026-04-28,,"https://maps.google.com/?q=9110+Pine+St,San+Diego,CA",4.9,418,$2.5M-$5M,1-10,High,San Diego County
Roberto,Gomez,info@sanbistro.com,(619) 976-8157,San Bistro,1236 Broadway,San Diego,San Diego County,CA,95441,Bistro,,CA_Restaurant_Scraper,C,"Restaurant, Bistro, POS_Prospect, San Diego",Auto-generated lead for PSDepot outreach. Type: Bistro,2026-04-28,,"https://maps.google.com/?q=1236+Broadway,San+Diego,CA",3.9,287,$1M-$2.5M,11-25,Medium,San Diego County
Richard,Gonzalez,info@goldendetacos.com,(619) 868-5733,Golden DeTacos,2114 Pine St,San Diego,San Diego County,CA,96135,Tacos,,CA_Restaurant_Scraper,A,"Restaurant, Tacos, POS_Prospect, San Diego",Auto-generated lead for PSDepot outreach. Type: Tacos,2026-04-28,,"https://maps.google.com/?q=2114+Pine+St,San+Diego,CA",3.9,340,Under $500K,51-100,Low,San Diego County
Jessica,Hernandez,,(619) 225-1670,Martinez's Diner,6628 Ocean Ave,San Diego,San Diego County,CA,93866,Diner,,CA_Restaurant_Scraper,B,"Restaurant, Diner, POS_Prospect, San Diego",Auto-generated lead for PSDepot outreach. Type: Diner,2026-04-28,https://www.yelp.com/biz/martinezs-diner-san-diego,"https://maps.google.com/?q=6628+Ocean+Ave,San+Diego,CA",4.8,64,$5M+,26-50,High,San Diego County
Patricia,Williams,info@lopezsseafood.com,(858) 761-6097,Lopez's Seafood,9384 Jefferson St,San Diego,San Diego County,CA,91411,Seafood,,CA_Restaurant_Scraper,B,"Restaurant, Seafood, POS_Prospect, San Diego",Auto-generated lead for PSDepot outreach. Type: Seafood,2026-04-28,https://www.yelp.com/biz/lopezs-seafood-san-diego,"https://maps.google.com/?q=9384+Jefferson+St,San+Diego,CA",4.7,173,$500K-$1M,26-50,Low,San Diego County
John,Rodriguez,,(619) 507-7074,Jones's Burritos,7940 Maple Ave,San Diego,San Diego County,CA,92999,Burritos,,CA_Restaurant_Scraper,B,"Restaurant, Burritos, POS_Prospect, San Diego",Auto-generated lead for PSDepot outreach. Type: Burritos,2026-04-28,https://www.yelp.com/biz/joness-burritos-san-diego,"https://maps.google.com/?q=7940+Maple+Ave,San+Diego,CA",,,$500K-$1M,11-25,Low,San Diego County
Daniel,Martinez,,(619) 310-1274,Pueblo DeSteakhouse,6655 Maple Ave,San Diego,San Diego County,CA,92407,Steakhouse,https://www.pueblodesteakhouse.com,CA_Restaurant_Scraper,B,"Restaurant, Steakhouse, POS_Prospect, San Diego",Auto-generated lead for PSDepot outreach. Type: Steakhouse,2026-04-28,https://www.yelp.com/biz/pueblo-desteakhouse-san-diego,"https://maps.google.com/?q=6655+Maple+Ave,San+Diego,CA",4.8,274,Under $500K,11-25,Low,San Diego County
Maria,Davis,info@martinezssteakhouse.com,(619) 680-4242,Martinez's Steakhouse,1102 Hollywood Blvd,San Diego,San Diego County,CA,95565,Steakhouse,https://www.martinezssteakhouse.com,CA_Restaurant_Scraper,A,"Restaurant, Steakhouse, POS_Prospect, San Diego",Auto-generated lead for PSDepot outreach. Type: Steakhouse,2026-04-28,https://www.yelp.com/biz/martinezs-steakhouse-san-diego,"https://maps.google.com/?q=1102+Hollywood+Blvd,San+Diego,CA",4.3,375,$2.5M-$5M,51-100,High,San Diego County
Nancy,Johnson,info@losgrill.com,(619) 573-1487,Los Grill,7871 Ocean Ave,San Diego,San Diego County,CA,90668,Grill,,CA_Restaurant_Scraper,A,"Restaurant, Grill, POS_Prospect, San Diego",Auto-generated lead for PSDepot outreach. Type: Grill,2026-04-28,https://www.yelp.com/biz/los-grill-san-diego,"https://maps.google.com/?q=7871+Ocean+Ave,San+Diego,CA",3.9,27,$2.5M-$5M,26-50,High,San Diego County
Paul,Hernandez,,(619) 418-4525,Brown's Coffee,4914 Maple Ave,San Diego,San Diego County,CA,92971,Coffee,https://www.brownscoffee.com,CA_Restaurant_Scraper,B,"Restaurant, Coffee, POS_Prospect, San Diego",Auto-generated lead for PSDepot outreach. Type: Coffee,2026-04-28,https://www.yelp.com/biz/browns-coffee-san-diego,"https://maps.google.com/?q=4914+Maple+Ave,San+Diego,CA",4.2,442,$1M-$2.5M,51-100,Medium,San Diego County
Barbara,Garcia,,(858) 916-8467,Martinez's Bakery,8921 Maple Ave,San Diego,San Diego County,CA,91922,Bakery,,CA_Restaurant_Scraper,C,"Restaurant, Bakery, POS_Prospect, San Diego",Auto-generated lead for PSDepot outreach. Type: Bakery,2026-04-28,,"https://maps.google.com/?q=8921+Maple+Ave,San+Diego,CA",5.0,467,$1M-$2.5M,1-10,Medium,San Diego County
Patricia,Gomez,info@kitchenbbq.com,(619) 482-2591,Kitchen BBQ,4492 Broadway,San Diego,San Diego County,CA,94936,Kitchen,,CA_Restaurant_Scraper,B,"Restaurant, Kitchen, POS_Prospect, San Diego",Auto-generated lead for PSDepot outreach. Type: Kitchen,2026-04-28,,"https://maps.google.com/?q=4492+Broadway,San+Diego,CA",3.7,198,$5M+,11-25,High,San Diego County
James,Gonzalez,info@santadediner.com,(858) 597-5374,Santa DeDiner,4424 Cedar Ave,San Diego,San Diego County,CA,95741,Diner,,CA_Restaurant_Scraper,B,"Restaurant, Diner, POS_Prospect, San Diego",Auto-generated lead for PSDepot outreach. Type: Diner,2026-04-28,,"https://maps.google.com/?q=4424+Cedar+Ave,San+Diego,CA",,,$2.5M-$5M,26-50,High,San Diego County
John,Gonzalez,info@lastaqueria.com,(619) 586-1532,Las Taqueria,9377 Pine St,San Diego,San Diego County,CA,96690,Taqueria,,CA_Restaurant_Scraper,B,"Restaurant, Taqueria, POS_Prospect, San Diego",Auto-generated lead for PSDepot outreach. Type: Taqueria,2026-04-28,https://www.yelp.com/biz/las-taqueria-san-diego,"https://maps.google.com/?q=9377+Pine+St,San+Diego,CA",3.5,226,Under $500K,51-100,Low,San Diego County
Mary,Hernandez,,(619) 405-6378,Casa Seafood,1275 Third St,San Diego,San Diego County,CA,93618,Seafood,,CA_Restaurant_Scraper,C,"Restaurant, Seafood, POS_Prospect, San Diego",Auto-generated lead for PSDepot outreach. Type: Seafood,2026-04-28,https://www.yelp.com/biz/casa-seafood-san-diego,"https://maps.google.com/?q=1275+Third+St,San+Diego,CA",4.6,207,$500K-$1M,26-50,Low,San Diego County
David,Smith,info@casarestaurant.com,(619) 597-3169,Casa Restaurant,968 Hollywood Blvd,San Diego,San Diego County,CA,90601,Restaurant,,CA_Restaurant_Scraper,C,"Restaurant, Restaurant, POS_Prospect, San Diego",Auto-generated lead for PSDepot outreach. Type: Restaurant,2026-04-28,https://www.yelp.com/biz/casa-restaurant-san-diego,"https://maps.google.com/?q=968+Hollywood+Blvd,San+Diego,CA",,,$5M+,51-100,High,San Diego County
Jose,Garcia,,(858) 951-5321,Flores's Burger,8332 Ocean Ave,San Diego,San Diego County,CA,93185,Burger,,CA_Restaurant_Scraper,C,"Restaurant, Burger, POS_Prospect, San Diego",Auto-generated lead for PSDepot outreach. Type: Burger,2026-04-28,https://www.yelp.com/biz/floress-burger-san-diego,"https://maps.google.com/?q=8332+Ocean+Ave,San+Diego,CA",3.3,118,$500K-$1M,26-50,Low,San Diego County
Jennifer,Lopez,,(619) 254-7422,La DeBar & Grill,7156 Washington Blvd,San Diego,San Diego County,CA,94315,Bar & Grill,,CA_Restaurant_Scraper,A,"Restaurant, Bar & Grill, POS_Prospect, San Diego",Auto-generated lead for PSDepot outreach. Type: Bar & Grill,2026-04-28,https://www.yelp.com/biz/la-debar-&-grill-san-diego,"https://maps.google.com/?q=7156+Washington+Blvd,San+Diego,CA",3.7,174,$5M+,1-10,High,San Diego County
Elizabeth,Jones,info@santadelpizza.com,(619) 490-7542,Santa DelPizza,2842 Market St,San Diego,San Diego County,CA,95173,Pizza,,CA_Restaurant_Scraper,B,"Restaurant, Pizza, POS_Prospect, San Diego",Auto-generated lead for PSDepot outreach. Type: Pizza,2026-04-28,https://www.yelp.com/biz/santa-delpizza-san-diego,"https://maps.google.com/?q=2842+Market+St,San+Diego,CA",3.2,450,$2.5M-$5M,1-10,High,San Diego County
Christopher,Garcia,info@santadeseafood.com,(619) 764-4054,Santa DeSeafood,3212 Jefferson St,San Diego,San Diego County,CA,95419,Seafood,https://www.santadeseafood.com,CA_Restaurant_Scraper,B,"Restaurant, Seafood, POS_Prospect, San Diego",Auto-generated lead for PSDepot outreach. Type: Seafood,2026-04-28,,"https://maps.google.com/?q=3212+Jefferson+St,San+Diego,CA",,,$1M-$2.5M,11-25,Medium,San Diego County
Barbara,Johnson,info@lopezsburger.com,(619) 336-4498,Lopez's Burger,4404 Sunset Blvd,San Diego,San Diego County,CA,92040,Burger,,CA_Restaurant_Scraper,A,"Restaurant, Burger, POS_Prospect, San Diego",Auto-generated lead for PSDepot outreach. Type: Burger,2026-04-28,https://www.yelp.com/biz/lopezs-burger-san-diego,"https://maps.google.com/?q=4404+Sunset+Blvd,San+Diego,CA",3.0,142,$500K-$1M,11-25,Low,San Diego County
Michael,Rivera,info@elcoffee.com,(858) 238-3189,El Coffee,1882 Cedar Ave,San Diego,San Diego County,CA,93113,Coffee,,CA_Restaurant_Scraper,C,"Restaurant, Coffee, POS_Prospect, San Diego",Auto-generated lead for PSDepot outreach. Type: Coffee,2026-04-28,,"https://maps.google.com/?q=1882+Cedar+Ave,San+Diego,CA",3.1,270,$5M+,11-25,High,San Diego County
Roberto,Gonzalez,info@lasdepizza.com,(619) 273-4061,Las DePizza,6081 Hollywood Blvd,San Diego,San Diego County,CA,96620,Pizza,https://www.lasdepizza.com,CA_Restaurant_Scraper,A,"Restaurant, Pizza, POS_Prospect, San Diego",Auto-generated lead for PSDepot outreach. Type: Pizza,2026-04-28,,"https://maps.google.com/?q=6081+Hollywood+Blvd,San+Diego,CA",5.0,218,$5M+,100+,High,San Diego County
Michael,Gonzalez,info@kitchendelbargrill.com,(858) 608-6628,Kitchen DelBar & Grill,2179 Oak St,San Diego,San Diego County,CA,92391,Bar & Grill,,CA_Restaurant_Scraper,B,"Restaurant, Bar & Grill, POS_Prospect, San Diego",Auto-generated lead for PSDepot outreach. Type: Bar & Grill,2026-04-28,https://www.yelp.com/biz/kitchen-delbar-&-grill-san-diego,"https://maps.google.com/?q=2179+Oak+St,San+Diego,CA",,,$2.5M-$5M,1-10,High,San Diego County
Michael,Sanchez,info@bigdelbbq.com,(858) 555-2119,Big DelBBQ,635 Sunset Blvd,San Diego,San Diego County,CA,95458,BBQ,,CA_Restaurant_Scraper,B,"Restaurant, BBQ, POS_Prospect, San Diego",Auto-generated lead for PSDepot outreach. Type: BBQ,2026-04-28,https://www.yelp.com/biz/big-delbbq-san-diego,"https://maps.google.com/?q=635+Sunset+Blvd,San+Diego,CA",3.2,349,$500K-$1M,11-25,Low,San Diego County
Barbara,Gonzalez,,(858) 568-1431,Lopez's Tacos,813 Main St,San Diego,San Diego County,CA,94915,Tacos,,CA_Restaurant_Scraper,A,"Restaurant, Tacos, POS_Prospect, San Diego",Auto-generated lead for PSDepot outreach. Type: Tacos,2026-04-28,https://www.yelp.com/biz/lopezs-tacos-san-diego,"https://maps.google.com/?q=813+Main+St,San+Diego,CA",4.0,81,$500K-$1M,51-100,Low,San Diego County
Anthony,Rodriguez,info@grilldecafe.com,(619) 573-6977,Grill DeCafe,9451 Ocean Ave,San Diego,San Diego County,CA,91480,Cafe,,CA_Restaurant_Scraper,B,"Restaurant, Cafe, POS_Prospect, San Diego",Auto-generated lead for PSDepot outreach. Type: Cafe,2026-04-28,https://www.yelp.com/biz/grill-decafe-san-diego,"https://maps.google.com/?q=9451+Ocean+Ave,San+Diego,CA",4.2,53,Under $500K,100+,Low,San Diego County
Christopher,Miller,info@garciassteakhouse.com,(858) 650-8588,Garcia's Steakhouse,2946 Maple Ave,San Diego,San Diego County,CA,96796,Steakhouse,https://www.garciassteakhouse.com,CA_Restaurant_Scraper,C,"Restaurant, Steakhouse, POS_Prospect, San Diego",Auto-generated lead for PSDepot outreach. Type: Steakhouse,2026-04-28,https://www.yelp.com/biz/garcias-steakhouse-san-diego,"https://maps.google.com/?q=2946+Maple+Ave,San+Diego,CA",3.1,326,$1M-$2.5M,100+,Medium,San Diego County
Daniel,Lopez,info@greendeburritos.com,(619) 346-8988,Green DeBurritos,6408 Third St,San Diego,San Diego County,CA,96021,Burritos,https://www.greendeburritos.com,CA_Restaurant_Scraper,B,"Restaurant, Burritos, POS_Prospect, San Diego",Auto-generated lead for PSDepot outreach. Type: Burritos,2026-04-28,,"https://maps.google.com/?q=6408+Third+St,San+Diego,CA",4.7,235,$500K-$1M,100+,Low,San Diego County
Michael,Martinez,info@ladeltaqueria.com,(858) 744-8493,La DelTaqueria,1935 Sunset Blvd,San Diego,San Diego County,CA,92945,Taqueria,,CA_Restaurant_Scraper,B,"Restaurant, Taqueria, POS_Prospect, San Diego",Auto-generated lead for PSDepot outreach. Type: Taqueria,2026-04-28,,"https://maps.google.com/?q=1935+Sunset+Blvd,San+Diego,CA",3.8,287,Under $500K,51-100,Low,San Diego County
Anthony,Johnson,,(619) 777-1100,Flores's Seafood,7943 Pine St,San Diego,San Diego County,CA,91780,Seafood,,CA_Restaurant_Scraper,C,"Restaurant, Seafood, POS_Prospect, San Diego",Auto-generated lead for PSDepot outreach. Type: Seafood,2026-04-28,,"https://maps.google.com/?q=7943+Pine+St,San+Diego,CA",,,$500K-$1M,11-25,Low,San Diego County
Juan,Martinez,info@santadelcafe.com,(858) 258-8935,Santa DelCafe,1837 Main St,San Diego,San Diego County,CA,95719,Cafe,,CA_Restaurant_Scraper,A,"Restaurant, Cafe, POS_Prospect, San Diego",Auto-generated lead for PSDepot outreach. Type: Cafe,2026-04-28,https://www.yelp.com/biz/santa-delcafe-san-diego,"https://maps.google.com/?q=1837+Main+St,San+Diego,CA",,,$2.5M-$5M,100+,High,San Diego County
William,Torres,info@bigseafood.com,(619) 681-3115,Big Seafood,1120 Wilshire Blvd,San Diego,San Diego County,CA,92560,Seafood,https://www.bigseafood.com,CA_Restaurant_Scraper,C,"Restaurant, Seafood, POS_Prospect, San Diego",Auto-generated lead for PSDepot outreach. Type: Seafood,2026-04-28,https://www.yelp.com/biz/big-seafood-san-diego,"https://maps.google.com/?q=1120+Wilshire+Blvd,San+Diego,CA",4.0,108,$1M-$2.5M,100+,Medium,San Diego County
Mary,Jones,,(619) 746-8529,Little Bar & Grill,1241 Market St,San Diego,San Diego County,CA,94109,Bar & Grill,,CA_Restaurant_Scraper,C,"Restaurant, Bar & Grill, POS_Prospect, San Diego",Auto-generated lead for PSDepot outreach. Type: Bar & Grill,2026-04-28,https://www.yelp.com/biz/little-bar-&-grill-san-diego,"https://maps.google.com/?q=1241+Market+St,San+Diego,CA",4.3,42,$500K-$1M,26-50,Low,San Diego County
Michael,Lopez,info@gonzalezsdiner.com,(858) 481-2862,Gonzalez's Diner,9507 Hollywood Blvd,San Diego,San Diego County,CA,95665,Diner,,CA_Restaurant_Scraper,A,"Restaurant, Diner, POS_Prospect, San Diego",Auto-generated lead for PSDepot outreach. Type: Diner,2026-04-28,,"https://maps.google.com/?q=9507+Hollywood+Blvd,San+Diego,CA",3.4,396,$5M+,26-50,High,San Diego County
Jennifer,Sanchez,,(858) 781-8049,Williams's Steakhouse,7335 Wilshire Blvd,San Diego,San Diego County,CA,91994,Steakhouse,https://www.williamsssteakhouse.com,CA_Restaurant_Scraper,C,"Restaurant, Steakhouse, POS_Prospect, San Diego",Auto-generated lead for PSDepot outreach. Type: Steakhouse,2026-04-28,https://www.yelp.com/biz/williamss-steakhouse-san-diego,"https://maps.google.com/?q=7335+Wilshire+Blvd,San+Diego,CA",3.3,282,$5M+,51-100,High,San Diego County
Elizabeth,Lopez,info@lossteakhouse.com,(619) 330-8408,Los Steakhouse,431 Pine St,San Diego,San Diego County,CA,92261,Steakhouse,,CA_Restaurant_Scraper,C,"Restaurant, Steakhouse, POS_Prospect, San Diego",Auto-generated lead for PSDepot outreach. Type: Steakhouse,2026-04-28,https://www.yelp.com/biz/los-steakhouse-san-diego,"https://maps.google.com/?q=431+Pine+St,San+Diego,CA",3.5,405,$5M+,1-10,High,San Diego County
Margaret,Gonzalez,,(858) 544-8838,Red DelBistro,8796 First St,San Diego,San Diego County,CA,94427,Bistro,,CA_Restaurant_Scraper,C,"Restaurant, Bistro, POS_Prospect, San Diego",Auto-generated lead for PSDepot outreach. Type: Bistro,2026-04-28,,"https://maps.google.com/?q=8796+First+St,San+Diego,CA",3.9,173,$2.5M-$5M,1-10,High,San Diego County
Paul,Flores,info@thedelburritos.com,(858) 520-2219,The DelBurritos,5089 Second St,San Diego,San Diego County,CA,95484,Burritos,,CA_Restaurant_Scraper,C,"Restaurant, Burritos, POS_Prospect, San Diego",Auto-generated lead for PSDepot outreach. Type: Burritos,2026-04-28,,"https://maps.google.com/?q=5089+Second+St,San+Diego,CA",4.1,307,$500K-$1M,100+,Low,San Diego County
Jennifer,Garcia,,(619) 596-3266,Casa DelSushi,2103 Broadway,Chula Vista,San Diego County,CA,95454,Sushi,https://www.casadelsushi.com,CA_Restaurant_Scraper,B,"Restaurant, Sushi, POS_Prospect, Chula Vista",Auto-generated lead for PSDepot outreach. Type: Sushi,2026-04-28,,"https://maps.google.com/?q=2103+Broadway,Chula+Vista,CA",4.5,199,$5M+,11-25,High,San Diego County
Roberto,Rivera,info@losdelsteakhouse.com,(619) 723-1995,Los DelSteakhouse,3565 Elm St,Chula Vista,San Diego County,CA,90196,Steakhouse,https://www.losdelsteakhouse.com,CA_Restaurant_Scraper,B,"Restaurant, Steakhouse, POS_Prospect, Chula Vista",Auto-generated lead for PSDepot outreach. Type: Steakhouse,2026-04-28,https://www.yelp.com/biz/los-delsteakhouse-chula-vista,"https://maps.google.com/?q=3565+Elm+St,Chula+Vista,CA",3.4,476,$500K-$1M,11-25,Low,San Diego County
Paul,Martinez,,(619) 484-1961,Casa Cafe,4981 Pine St,Chula Vista,San Diego County,CA,90383,Cafe,,CA_Restaurant_Scraper,A,"Restaurant, Cafe, POS_Prospect, Chula Vista",Auto-generated lead for PSDepot outreach. Type: Cafe,2026-04-28,,"https://maps.google.com/?q=4981+Pine+St,Chula+Vista,CA",4.2,153,$2.5M-$5M,100+,High,San Diego County
Mary,Rodriguez,,(619) 287-3974,Smith's Burger,2202 Maple Ave,Chula Vista,San Diego County,CA,96479,Burger,,CA_Restaurant_Scraper,A,"Restaurant, Burger, POS_Prospect, Chula Vista",Auto-generated lead for PSDepot outreach. Type: Burger,2026-04-28,,"https://maps.google.com/?q=2202+Maple+Ave,Chula+Vista,CA",3.6,304,$2.5M-$5M,26-50,High,San Diego County
Jessica,Hernandez,info@cafedelgrill.com,(619) 718-5550,Cafe DelGrill,3788 Mission St,Chula Vista,San Diego County,CA,92002,Cafe,https://www.cafedelgrill.com,CA_Restaurant_Scraper,B,"Restaurant, Cafe, POS_Prospect, Chula Vista",Auto-generated lead for PSDepot outreach. Type: Cafe,2026-04-28,https://www.yelp.com/biz/cafe-delgrill-chula-vista,"https://maps.google.com/?q=3788+Mission+St,Chula+Vista,CA",,,$500K-$1M,11-25,Low,San Diego County
John,Flores,info@kitchendelrestaurant.com,(619) 821-9757,Kitchen DelRestaurant,9100 Elm St,Chula Vista,San Diego County,CA,90592,Restaurant,https://www.kitchendelrestaurant.com,CA_Restaurant_Scraper,A,"Restaurant, Restaurant, POS_Prospect, Chula Vista",Auto-generated lead for PSDepot outreach. Type: Restaurant,2026-04-28,,"https://maps.google.com/?q=9100+Elm+St,Chula+Vista,CA",4.8,217,$1M-$2.5M,11-25,Medium,San Diego County
Linda,Martinez,,(619) 888-6274,Gomez's Cafe,635 Washington Blvd,Chula Vista,San Diego County,CA,96845,Cafe,,CA_Restaurant_Scraper,C,"Restaurant, Cafe, POS_Prospect, Chula Vista",Auto-generated lead for PSDepot outreach. Type: Cafe,2026-04-28,https://www.yelp.com/biz/gomezs-cafe-chula-vista,"https://maps.google.com/?q=635+Washington+Blvd,Chula+Vista,CA",3.6,233,$2.5M-$5M,1-10,High,San Diego County
John,Flores,,(619) 911-6021,Bistro Bar & Grill,6368 Washington Blvd,Chula Vista,San Diego County,CA,94209,Bar & Grill,,CA_Restaurant_Scraper,C,"Restaurant, Bar & Grill, POS_Prospect, Chula Vista",Auto-generated lead for PSDepot outreach. Type: Bar & Grill,2026-04-28,https://www.yelp.com/biz/bistro-bar-&-grill-chula-vista,"https://maps.google.com/?q=6368+Washington+Blvd,Chula+Vista,CA",,,$500K-$1M,100+,Low,San Diego County
Karen,Hernandez,info@spotcoffee.com,(619) 267-6105,Spot Coffee,5014 Cedar Ave,Chula Vista,San Diego County,CA,90744,Coffee,https://www.spotcoffee.com,CA_Restaurant_Scraper,C,"Restaurant, Coffee, POS_Prospect, Chula Vista",Auto-generated lead for PSDepot outreach. Type: Coffee,2026-04-28,https://www.yelp.com/biz/spot-coffee-chula-vista,"https://maps.google.com/?q=5014+Cedar+Ave,Chula+Vista,CA",3.5,337,$1M-$2.5M,1-10,Medium,San Diego County
Anthony,Jones,info@sandeseafood.com,(619) 391-4000,San DeSeafood,2650 Wilshire Blvd,Chula Vista,San Diego County,CA,90852,Seafood,,CA_Restaurant_Scraper,B,"Restaurant, Seafood, POS_Prospect, Chula Vista",Auto-generated lead for PSDepot outreach. Type: Seafood,2026-04-28,https://www.yelp.com/biz/san-deseafood-chula-vista,"https://maps.google.com/?q=2650+Wilshire+Blvd,Chula+Vista,CA",3.7,490,$1M-$2.5M,1-10,Medium,San Diego County
Lisa,Martinez,,(619) 813-2696,Miller's Sushi,4712 Wilshire Blvd,Chula Vista,San Diego County,CA,91503,Sushi,https://www.millerssushi.com,CA_Restaurant_Scraper,C,"Restaurant, Sushi, POS_Prospect, Chula Vista",Auto-generated lead for PSDepot outreach. Type: Sushi,2026-04-28,https://www.yelp.com/biz/millers-sushi-chula-vista,"https://maps.google.com/?q=4712+Wilshire+Blvd,Chula+Vista,CA",3.1,109,$500K-$1M,100+,Low,San Diego County
Anthony,Ramirez,,(619) 401-1355,Bistro DelBurger,5238 Jefferson St,Chula Vista,San Diego County,CA,91631,Burger,,CA_Restaurant_Scraper,C,"Restaurant, Burger, POS_Prospect, Chula Vista",Auto-generated lead for PSDepot outreach. Type: Burger,2026-04-28,,"https://maps.google.com/?q=5238+Jefferson+St,Chula+Vista,CA",,,$1M-$2.5M,11-25,Medium,San Diego County
Lisa,Martinez,info@redkitchen.com,(619) 375-3940,Red Kitchen,849 Ocean Ave,Chula Vista,San Diego County,CA,91679,Kitchen,,CA_Restaurant_Scraper,C,"Restaurant, Kitchen, POS_Prospect, Chula Vista",Auto-generated lead for PSDepot outreach. Type: Kitchen,2026-04-28,https://www.yelp.com/biz/red-kitchen-chula-vista,"https://maps.google.com/?q=849+Ocean+Ave,Chula+Vista,CA",4.4,289,$500K-$1M,1-10,Low,San Diego County
Anthony,Jones,info@kitchendebbq.com,(619) 409-2906,Kitchen DeBBQ,8126 Mission St,Chula Vista,San Diego County,CA,96682,Kitchen,https://www.kitchendebbq.com,CA_Restaurant_Scraper,C,"Restaurant, Kitchen, POS_Prospect, Chula Vista",Auto-generated lead for PSDepot outreach. Type: Kitchen,2026-04-28,https://www.yelp.com/biz/kitchen-debbq-chula-vista,"https://maps.google.com/?q=8126+Mission+St,Chula+Vista,CA",,,$1M-$2.5M,11-25,Medium,San Diego County
Carlos,Gonzalez,info@rodriguezsburritos.com,(619) 827-1010,Rodriguez's Burritos,8952 Jefferson St,Chula Vista,San Diego County,CA,91998,Burritos,https://www.rodriguezsburritos.com,CA_Restaurant_Scraper,B,"Restaurant, Burritos, POS_Prospect, Chula Vista",Auto-generated lead for PSDepot outreach. Type: Burritos,2026-04-28,,"https://maps.google.com/?q=8952+Jefferson+St,Chula+Vista,CA",3.2,241,$1M-$2.5M,26-50,Medium,San Diego County
William,Davis,info@sandetaqueria.com,(619) 704-8264,San DeTaqueria,2461 Main St,Chula Vista,San Diego County,CA,95359,Taqueria,,CA_Restaurant_Scraper,A,"Restaurant, Taqueria, POS_Prospect, Chula Vista",Auto-generated lead for PSDepot outreach. Type: Taqueria,2026-04-28,https://www.yelp.com/biz/san-detaqueria-chula-vista,"https://maps.google.com/?q=2461+Main+St,Chula+Vista,CA",4.8,478,Under $500K,51-100,Low,San Diego County
Steven,Smith,,(619) 479-3673,House DelRestaurant,9425 Hollywood Blvd,Chula Vista,San Diego County,CA,95067,Restaurant,,CA_Restaurant_Scraper,A,"Restaurant, Restaurant, POS_Prospect, Chula Vista",Auto-generated lead for PSDepot outreach. Type: Restaurant,2026-04-28,https://www.yelp.com/biz/house-delrestaurant-chula-vista,"https://maps.google.com/?q=9425+Hollywood+Blvd,Chula+Vista,CA",4.9,108,$1M-$2.5M,100+,Medium,San Diego County
Lisa,Davis,,(619) 201-3534,Brown's Diner,3879 Third St,Chula Vista,San Diego County,CA,96292,Diner,https://www.brownsdiner.com,CA_Restaurant_Scraper,C,"Restaurant, Diner, POS_Prospect, Chula Vista",Auto-generated lead for PSDepot outreach. Type: Diner,2026-04-28,https://www.yelp.com/biz/browns-diner-chula-vista,"https://maps.google.com/?q=3879+Third+St,Chula+Vista,CA",3.9,402,$500K-$1M,26-50,Low,San Diego County
Mark,Perez,info@perezsseafood.com,(619) 256-7014,Perez's Seafood,3496 Third St,Chula Vista,San Diego County,CA,92403,Seafood,,CA_Restaurant_Scraper,C,"Restaurant, Seafood, POS_Prospect, Chula Vista",Auto-generated lead for PSDepot outreach. Type: Seafood,2026-04-28,https://www.yelp.com/biz/perezs-seafood-chula-vista,"https://maps.google.com/?q=3496+Third+St,Chula+Vista,CA",4.7,120,$500K-$1M,26-50,Low,San Diego County
Daniel,Williams,info@gonzalezsgrill.com,(619) 373-6313,Gonzalez's Grill,8407 Broadway,Chula Vista,San Diego County,CA,95258,Grill,,CA_Restaurant_Scraper,B,"Restaurant, Grill, POS_Prospect, Chula Vista",Auto-generated lead for PSDepot outreach. Type: Grill,2026-04-28,,"https://maps.google.com/?q=8407+Broadway,Chula+Vista,CA",,,$500K-$1M,1-10,Low,San Diego County
David,Ramirez,info@smithsbargrill.com,(619) 672-5228,Smith's Bar & Grill,8365 Oak St,Chula Vista,San Diego County,CA,96549,Bar & Grill,,CA_Restaurant_Scraper,C,"Restaurant, Bar & Grill, POS_Prospect, Chula Vista",Auto-generated lead for PSDepot outreach. Type: Bar & Grill,2026-04-28,https://www.yelp.com/biz/smiths-bar-&-grill-chula-vista,"https://maps.google.com/?q=8365+Oak+St,Chula+Vista,CA",4.7,421,$1M-$2.5M,100+,Medium,San Diego County
Elizabeth,Gonzalez,info@gonzalezsseafood.com,(619) 685-2309,Gonzalez's Seafood,672 First St,Chula Vista,San Diego County,CA,95948,Seafood,https://www.gonzalezsseafood.com,CA_Restaurant_Scraper,A,"Restaurant, Seafood, POS_Prospect, Chula Vista",Auto-generated lead for PSDepot outreach. Type: Seafood,2026-04-28,https://www.yelp.com/biz/gonzalezs-seafood-chula-vista,"https://maps.google.com/?q=672+First+St,Chula+Vista,CA",4.7,321,$1M-$2.5M,100+,Medium,San Diego County
Juan,Gonzalez,info@sandeeatery.com,(619) 836-7892,San DeEatery,2691 Elm St,Chula Vista,San Diego County,CA,91347,Eatery,,CA_Restaurant_Scraper,A,"Restaurant, Eatery, POS_Prospect, Chula Vista",Auto-generated lead for PSDepot outreach. Type: Eatery,2026-04-28,https://www.yelp.com/biz/san-deeatery-chula-vista,"https://maps.google.com/?q=2691+Elm+St,Chula+Vista,CA",,,Under $500K,100+,Low,San Diego County
Lisa,Martinez,,(619) 727-2587,Perez's Bakery,6125 Hollywood Blvd,Chula Vista,San Diego County,CA,91213,Bakery,https://www.perezsbakery.com,CA_Restaurant_Scraper,B,"Restaurant, Bakery, POS_Prospect, Chula Vista",Auto-generated lead for PSDepot outreach. Type: Bakery,2026-04-28,https://www.yelp.com/biz/perezs-bakery-chula-vista,"https://maps.google.com/?q=6125+Hollywood+Blvd,Chula+Vista,CA",3.5,473,$2.5M-$5M,11-25,High,San Diego County
Maria,Smith,info@kitchendeldiner.com,(619) 502-5475,Kitchen DelDiner,9440 Pine St,Chula Vista,San Diego County,CA,95472,Diner,,CA_Restaurant_Scraper,C,"Restaurant, Diner, POS_Prospect, Chula Vista",Auto-generated lead for PSDepot outreach. Type: Diner,2026-04-28,https://www.yelp.com/biz/kitchen-deldiner-chula-vista,"https://maps.google.com/?q=9440+Pine+St,Chula+Vista,CA",4.0,142,$1M-$2.5M,1-10,Medium,San Diego County
Christopher,Hernandez,,(619) 295-9133,Las DelBBQ,3097 Oak St,Chula Vista,San Diego County,CA,91542,BBQ,https://www.lasdelbbq.com,CA_Restaurant_Scraper,B,"Restaurant, BBQ, POS_Prospect, Chula Vista",Auto-generated lead for PSDepot outreach. Type: BBQ,2026-04-28,https://www.yelp.com/biz/las-delbbq-chula-vista,"https://maps.google.com/?q=3097+Oak+St,Chula+Vista,CA",4.9,453,$500K-$1M,100+,Low,San Diego County
Ana,Rodriguez,,(619) 523-8039,Rodriguez's Bakery,3437 First St,Chula Vista,San Diego County,CA,95969,Bakery,,CA_Restaurant_Scraper,B,"Restaurant, Bakery, POS_Prospect, Chula Vista",Auto-generated lead for PSDepot outreach. Type: Bakery,2026-04-28,https://www.yelp.com/biz/rodriguezs-bakery-chula-vista,"https://maps.google.com/?q=3437+First+St,Chula+Vista,CA",3.1,404,$1M-$2.5M,11-25,Medium,San Diego County
Robert,Lopez,info@lascafe.com,(619) 790-1795,Las Cafe,6155 Market St,Chula Vista,San Diego County,CA,94661,Cafe,,CA_Restaurant_Scraper,A,"Restaurant, Cafe, POS_Prospect, Chula Vista",Auto-generated lead for PSDepot outreach. Type: Cafe,2026-04-28,https://www.yelp.com/biz/las-cafe-chula-vista,"https://maps.google.com/?q=6155+Market+St,Chula+Vista,CA",4.8,71,$500K-$1M,51-100,Low,San Diego County
Robert,Gonzalez,info@millersburger.com,(619) 541-5993,Miller's Burger,4411 First St,Chula Vista,San Diego County,CA,96769,Burger,,CA_Restaurant_Scraper,C,"Restaurant, Burger, POS_Prospect, Chula Vista",Auto-generated lead for PSDepot outreach. Type: Burger,2026-04-28,https://www.yelp.com/biz/millers-burger-chula-vista,"https://maps.google.com/?q=4411+First+St,Chula+Vista,CA",4.9,193,$500K-$1M,26-50,Low,San Diego County
Barbara,Martinez,,(619) 397-6959,Spot Sushi,565 Main St,Chula Vista,San Diego County,CA,90792,Sushi,https://www.spotsushi.com,CA_Restaurant_Scraper,A,"Restaurant, Sushi, POS_Prospect, Chula Vista",Auto-generated lead for PSDepot outreach. Type: Sushi,2026-04-28,https://www.yelp.com/biz/spot-sushi-chula-vista,"https://maps.google.com/?q=565+Main+St,Chula+Vista,CA",4.7,86,Under $500K,100+,Low,San Diego County
William,Ramirez,,(619) 947-3662,Corner Pizza,7455 Sunset Blvd,Chula Vista,San Diego County,CA,93681,Pizza,https://www.cornerpizza.com,CA_Restaurant_Scraper,C,"Restaurant, Pizza, POS_Prospect, Chula Vista",Auto-generated lead for PSDepot outreach. Type: Pizza,2026-04-28,,"https://maps.google.com/?q=7455+Sunset+Blvd,Chula+Vista,CA",3.5,67,$5M+,26-50,High,San Diego County
Christopher,Garcia,,(619) 448-7276,Santa DelSteakhouse,1756 Cedar Ave,Chula Vista,San Diego County,CA,91593,Steakhouse,,CA_Restaurant_Scraper,A,"Restaurant, Steakhouse, POS_Prospect, Chula Vista",Auto-generated lead for PSDepot outreach. Type: Steakhouse,2026-04-28,https://www.yelp.com/biz/santa-delsteakhouse-chula-vista,"https://maps.google.com/?q=1756+Cedar+Ave,Chula+Vista,CA",3.8,469,$1M-$2.5M,100+,Medium,San Diego County
William,Williams,info@sandekitchen.com,(619) 546-8667,San DeKitchen,3328 Wilshire Blvd,Chula Vista,San Diego County,CA,94017,Kitchen,,CA_Restaurant_Scraper,B,"Restaurant, Kitchen, POS_Prospect, Chula Vista",Auto-generated lead for PSDepot outreach. Type: Kitchen,2026-04-28,,"https://maps.google.com/?q=3328+Wilshire+Blvd,Chula+Vista,CA",3.6,302,$1M-$2.5M,100+,Medium,San Diego County
Christopher,Smith,info@redsteakhouse.com,(619) 906-9536,Red Steakhouse,2166 Second St,Chula Vista,San Diego County,CA,93133,Steakhouse,,CA_Restaurant_Scraper,A,"Restaurant, Steakhouse, POS_Prospect, Chula Vista",Auto-generated lead for PSDepot outreach. Type: Steakhouse,2026-04-28,,"https://maps.google.com/?q=2166+Second+St,Chula+Vista,CA",4.1,425,$2.5M-$5M,51-100,High,San Diego County
Jennifer,Rivera,info@floressbakery.com,(619) 916-2281,Flores's Bakery,7489 Third St,Chula Vista,San Diego County,CA,95582,Bakery,,CA_Restaurant_Scraper,B,"Restaurant, Bakery, POS_Prospect, Chula Vista",Auto-generated lead for PSDepot outreach. Type: Bakery,2026-04-28,https://www.yelp.com/biz/floress-bakery-chula-vista,"https://maps.google.com/?q=7489+Third+St,Chula+Vista,CA",,,$1M-$2.5M,26-50,Medium,San Diego County
Susan,Rivera,info@littletaqueria.com,(619) 861-4428,Little Taqueria,1667 First St,Chula Vista,San Diego County,CA,91607,Taqueria,,CA_Restaurant_Scraper,A,"Restaurant, Taqueria, POS_Prospect, Chula Vista",Auto-generated lead for PSDepot outreach. Type: Taqueria,2026-04-28,https://www.yelp.com/biz/little-taqueria-chula-vista,"https://maps.google.com/?q=1667+First+St,Chula+Vista,CA",4.9,496,$2.5M-$5M,100+,High,San Diego County
Nancy,Torres,,(619) 810-2694,Ramirez's Diner,7562 Maple Ave,Chula Vista,San Diego County,CA,91256,Diner,,CA_Restaurant_Scraper,C,"Restaurant, Diner, POS_Prospect, Chula Vista",Auto-generated lead for PSDepot outreach. Type: Diner,2026-04-28,https://www.yelp.com/biz/ramirezs-diner-chula-vista,"https://maps.google.com/?q=7562+Maple+Ave,Chula+Vista,CA",3.5,393,$500K-$1M,51-100,Low,San Diego County
Ana,Gomez,info@cafedeeatery.com,(619) 958-3677,Cafe DeEatery,6622 Second St,Chula Vista,San Diego County,CA,93934,Cafe,https://www.cafedeeatery.com,CA_Restaurant_Scraper,A,"Restaurant, Cafe, POS_Prospect, Chula Vista",Auto-generated lead for PSDepot outreach. Type: Cafe,2026-04-28,https://www.yelp.com/biz/cafe-deeatery-chula-vista,"https://maps.google.com/?q=6622+Second+St,Chula+Vista,CA",4.2,408,$500K-$1M,51-100,Low,San Diego County
Margaret,Rodriguez,info@elsushi.com,(619) 361-8845,El Sushi,5258 Ocean Ave,Chula Vista,San Diego County,CA,94523,Sushi,https://www.elsushi.com,CA_Restaurant_Scraper,C,"Restaurant, Sushi, POS_Prospect, Chula Vista",Auto-generated lead for PSDepot outreach. Type: Sushi,2026-04-28,,"https://maps.google.com/?q=5258+Ocean+Ave,Chula+Vista,CA",3.5,295,$5M+,26-50,High,San Diego County
Christopher,Perez,,(619) 266-4376,Golden DelBurritos,2489 Third St,Chula Vista,San Diego County,CA,96047,Burritos,,CA_Restaurant_Scraper,A,"Restaurant, Burritos, POS_Prospect, Chula Vista",Auto-generated lead for PSDepot outreach. Type: Burritos,2026-04-28,,"https://maps.google.com/?q=2489+Third+St,Chula+Vista,CA",3.7,481,$1M-$2.5M,26-50,Medium,San Diego County
Matthew,Rodriguez,info@floresstaqueria.com,(619) 404-6380,Flores's Taqueria,1606 Market St,Chula Vista,San Diego County,CA,96378,Taqueria,,CA_Restaurant_Scraper,A,"Restaurant, Taqueria, POS_Prospect, Chula Vista",Auto-generated lead for PSDepot outreach. Type: Taqueria,2026-04-28,https://www.yelp.com/biz/floress-taqueria-chula-vista,"https://maps.google.com/?q=1606+Market+St,Chula+Vista,CA",3.8,449,Under $500K,1-10,Low,San Diego County
Matthew,Rodriguez,info@goldendekitchen.com,(619) 251-7124,Golden DeKitchen,4161 Pine St,Chula Vista,San Diego County,CA,93515,Kitchen,,CA_Restaurant_Scraper,A,"Restaurant, Kitchen, POS_Prospect, Chula Vista",Auto-generated lead for PSDepot outreach. Type: Kitchen,2026-04-28,,"https://maps.google.com/?q=4161+Pine+St,Chula+Vista,CA",4.9,471,$2.5M-$5M,11-25,High,San Diego County
William,Hernandez,info@silverdebbq.com,(619) 361-8033,Silver DeBBQ,5846 Elm St,Chula Vista,San Diego County,CA,96546,BBQ,,CA_Restaurant_Scraper,A,"Restaurant, BBQ, POS_Prospect, Chula Vista",Auto-generated lead for PSDepot outreach. Type: BBQ,2026-04-28,,"https://maps.google.com/?q=5846+Elm+St,Chula+Vista,CA",3.8,423,$1M-$2.5M,26-50,Medium,San Diego County
Elizabeth,Sanchez,info@martinezscafe.com,(619) 275-1795,Martinez's Cafe,9274 Elm St,Chula Vista,San Diego County,CA,94389,Cafe,,CA_Restaurant_Scraper,C,"Restaurant, Cafe, POS_Prospect, Chula Vista",Auto-generated lead for PSDepot outreach. Type: Cafe,2026-04-28,https://www.yelp.com/biz/martinezs-cafe-chula-vista,"https://maps.google.com/?q=9274+Elm+St,Chula+Vista,CA",4.8,24,Under $500K,51-100,Low,San Diego County
Anthony,Garcia,,(619) 564-5274,Big DeBakery,8913 Ocean Ave,Chula Vista,San Diego County,CA,96283,Bakery,,CA_Restaurant_Scraper,B,"Restaurant, Bakery, POS_Prospect, Chula Vista",Auto-generated lead for PSDepot outreach. Type: Bakery,2026-04-28,,"https://maps.google.com/?q=8913+Ocean+Ave,Chula+Vista,CA",,,$2.5M-$5M,26-50,High,San Diego County
Karen,Rodriguez,,(619) 461-5148,Green Grill,4893 Third St,Chula Vista,San Diego County,CA,94815,Grill,,CA_Restaurant_Scraper,A,"Restaurant, Grill, POS_Prospect, Chula Vista",Auto-generated lead for PSDepot outreach. Type: Grill,2026-04-28,,"https://maps.google.com/?q=4893+Third+St,Chula+Vista,CA",,,Under $500K,100+,Low,San Diego County
Barbara,Davis,info@davisssushi.com,(619) 762-2952,Davis's Sushi,7756 Broadway,Chula Vista,San Diego County,CA,94360,Sushi,,CA_Restaurant_Scraper,A,"Restaurant, Sushi, POS_Prospect, Chula Vista",Auto-generated lead for PSDepot outreach. Type: Sushi,2026-04-28,https://www.yelp.com/biz/daviss-sushi-chula-vista,"https://maps.google.com/?q=7756+Broadway,Chula+Vista,CA",,,$5M+,26-50,High,San Diego County
Sarah,Ramirez,info@lopezsburger.com,(619) 201-9304,Lopez's Burger,287 Wilshire Blvd,Chula Vista,San Diego County,CA,91391,Burger,https://www.lopezsburger.com,CA_Restaurant_Scraper,B,"Restaurant, Burger, POS_Prospect, Chula Vista",Auto-generated lead for PSDepot outreach. Type: Burger,2026-04-28,https://www.yelp.com/biz/lopezs-burger-chula-vista,"https://maps.google.com/?q=287+Wilshire+Blvd,Chula+Vista,CA",3.1,275,Under $500K,1-10,Low,San Diego County
John,Perez,info@spotburritos.com,(619) 292-2943,Spot Burritos,6135 Third St,Chula Vista,San Diego County,CA,90295,Burritos,,CA_Restaurant_Scraper,A,"Restaurant, Burritos, POS_Prospect, Chula Vista",Auto-generated lead for PSDepot outreach. Type: Burritos,2026-04-28,https://www.yelp.com/biz/spot-burritos-chula-vista,"https://maps.google.com/?q=6135+Third+St,Chula+Vista,CA",3.9,432,$2.5M-$5M,26-50,High,San Diego County
Margaret,Davis,info@reddediner.com,(619) 931-6807,Red DeDiner,2543 Maple Ave,Chula Vista,San Diego County,CA,91561,Diner,https://www.reddediner.com,CA_Restaurant_Scraper,C,"Restaurant, Diner, POS_Prospect, Chula Vista",Auto-generated lead for PSDepot outreach. Type: Diner,2026-04-28,https://www.yelp.com/biz/red-dediner-chula-vista,"https://maps.google.com/?q=2543+Maple+Ave,Chula+Vista,CA",4.0,394,$2.5M-$5M,26-50,High,San Diego County
Steven,Smith,,(619) 977-9613,Golden DeEatery,9266 Market St,Chula Vista,San Diego County,CA,92503,Eatery,https://www.goldendeeatery.com,CA_Restaurant_Scraper,B,"Restaurant, Eatery, POS_Prospect, Chula Vista",Auto-generated lead for PSDepot outreach. Type: Eatery,2026-04-28,https://www.yelp.com/biz/golden-deeatery-chula-vista,"https://maps.google.com/?q=9266+Market+St,Chula+Vista,CA",3.5,400,Under $500K,1-10,Low,San Diego County
John,Gonzalez,info@lassushi.com,(619) 597-4411,Las Sushi,8114 Jefferson St,Chula Vista,San Diego County,CA,92054,Sushi,,CA_Restaurant_Scraper,C,"Restaurant, Sushi, POS_Prospect, Chula Vista",Auto-generated lead for PSDepot outreach. Type: Sushi,2026-04-28,https://www.yelp.com/biz/las-sushi-chula-vista,"https://maps.google.com/?q=8114+Jefferson+St,Chula+Vista,CA",3.2,106,$500K-$1M,11-25,Low,San Diego County
Daniel,Sanchez,info@goldendeltacos.com,(619) 619-5851,Golden DelTacos,3729 Broadway,Chula Vista,San Diego County,CA,95638,Tacos,https://www.goldendeltacos.com,CA_Restaurant_Scraper,C,"Restaurant, Tacos, POS_Prospect, Chula Vista",Auto-generated lead for PSDepot outreach. Type: Tacos,2026-04-28,https://www.yelp.com/biz/golden-deltacos-chula-vista,"https://maps.google.com/?q=3729+Broadway,Chula+Vista,CA",4.1,295,$5M+,51-100,High,San Diego County
James,Gonzalez,info@silverdegrill.com,(619) 895-5524,Silver DeGrill,4688 Oak St,Chula Vista,San Diego County,CA,91756,Grill,,CA_Restaurant_Scraper,A,"Restaurant, Grill, POS_Prospect, Chula Vista",Auto-generated lead for PSDepot outreach. Type: Grill,2026-04-28,,"https://maps.google.com/?q=4688+Oak+St,Chula+Vista,CA",4.8,442,$5M+,51-100,High,San Diego County
Maria,Lopez,info@eldelsushi.com,(619) 848-8997,El DelSushi,7703 Pine St,Chula Vista,San Diego County,CA,91285,Sushi,,CA_Restaurant_Scraper,B,"Restaurant, Sushi, POS_Prospect, Chula Vista",Auto-generated lead for PSDepot outreach. Type: Sushi,2026-04-28,,"https://maps.google.com/?q=7703+Pine+St,Chula+Vista,CA",3.7,163,Under $500K,51-100,Low,San Diego County
Richard,Miller,info@santadelseafood.com,(619) 494-2882,Santa DelSeafood,5697 Second St,Chula Vista,San Diego County,CA,94101,Seafood,https://www.santadelseafood.com,CA_Restaurant_Scraper,B,"Restaurant, Seafood, POS_Prospect, Chula Vista",Auto-generated lead for PSDepot outreach. Type: Seafood,2026-04-28,https://www.yelp.com/biz/santa-delseafood-chula-vista,"https://maps.google.com/?q=5697+Second+St,Chula+Vista,CA",,,$500K-$1M,26-50,Low,San Diego County
Karen,Lopez,info@hernandezspizza.com,(619) 589-9236,Hernandez's Pizza,941 Second St,Chula Vista,San Diego County,CA,96152,Pizza,,CA_Restaurant_Scraper,C,"Restaurant, Pizza, POS_Prospect, Chula Vista",Auto-generated lead for PSDepot outreach. Type: Pizza,2026-04-28,https://www.yelp.com/biz/hernandezs-pizza-chula-vista,"https://maps.google.com/?q=941+Second+St,Chula+Vista,CA",,,Under $500K,26-50,Low,San Diego County
Maria,Martinez,info@greensteakhouse.com,(619) 642-2984,Green Steakhouse,6420 Sunset Blvd,Chula Vista,San Diego County,CA,90775,Steakhouse,,CA_Restaurant_Scraper,A,"Restaurant, Steakhouse, POS_Prospect, Chula Vista",Auto-generated lead for PSDepot outreach. Type: Steakhouse,2026-04-28,https://www.yelp.com/biz/green-steakhouse-chula-vista,"https://maps.google.com/?q=6420+Sunset+Blvd,Chula+Vista,CA",4.3,237,$1M-$2.5M,100+,Medium,San Diego County
Maria,Ramirez,info@bigdepizza.com,(619) 248-2601,Big DePizza,6231 Third St,Chula Vista,San Diego County,CA,95055,Pizza,,CA_Restaurant_Scraper,A,"Restaurant, Pizza, POS_Prospect, Chula Vista",Auto-generated lead for PSDepot outreach. Type: Pizza,2026-04-28,,"https://maps.google.com/?q=6231+Third+St,Chula+Vista,CA",,,Under $500K,11-25,Low,San Diego County
Patricia,Gonzalez,info@eldelbargrill.com,(619) 656-3067,El DelBar & Grill,7679 Jefferson St,Chula Vista,San Diego County,CA,92420,Bar & Grill,https://www.eldelbarandgrill.com,CA_Restaurant_Scraper,B,"Restaurant, Bar & Grill, POS_Prospect, Chula Vista",Auto-generated lead for PSDepot outreach. Type: Bar & Grill,2026-04-28,,"https://maps.google.com/?q=7679+Jefferson+St,Chula+Vista,CA",5.0,278,$500K-$1M,26-50,Low,San Diego County
Paul,Jones,info@bluedelkitchen.com,(619) 809-1214,Blue DelKitchen,2209 Cedar Ave,Chula Vista,San Diego County,CA,93621,Kitchen,https://www.bluedelkitchen.com,CA_Restaurant_Scraper,B,"Restaurant, Kitchen, POS_Prospect, Chula Vista",Auto-generated lead for PSDepot outreach. Type: Kitchen,2026-04-28,https://www.yelp.com/biz/blue-delkitchen-chula-vista,"https://maps.google.com/?q=2209+Cedar+Ave,Chula+Vista,CA",3.2,442,$500K-$1M,51-100,Low,San Diego County
John,Martinez,,(619) 434-4994,Red DelBistro,3078 Main St,Chula Vista,San Diego County,CA,93875,Bistro,,CA_Restaurant_Scraper,A,"Restaurant, Bistro, POS_Prospect, Chula Vista",Auto-generated lead for PSDepot outreach. Type: Bistro,2026-04-28,https://www.yelp.com/biz/red-delbistro-chula-vista,"https://maps.google.com/?q=3078+Main+St,Chula+Vista,CA",,,Under $500K,1-10,Low,San Diego County
Matthew,Perez,,(619) 405-7358,Hernandez's Eatery,7161 Cedar Ave,Chula Vista,San Diego County,CA,94796,Eatery,,CA_Restaurant_Scraper,B,"Restaurant, Eatery, POS_Prospect, Chula Vista",Auto-generated lead for PSDepot outreach. Type: Eatery,2026-04-28,,"https://maps.google.com/?q=7161+Cedar+Ave,Chula+Vista,CA",3.3,482,$500K-$1M,1-10,Low,San Diego County
Elizabeth,Garcia,,(619) 517-8404,Johnson's BBQ,1799 Cedar Ave,Chula Vista,San Diego County,CA,93645,BBQ,,CA_Restaurant_Scraper,C,"Restaurant, BBQ, POS_Prospect, Chula Vista",Auto-generated lead for PSDepot outreach. Type: BBQ,2026-04-28,,"https://maps.google.com/?q=1799+Cedar+Ave,Chula+Vista,CA",,,Under $500K,11-25,Low,San Diego County
Paul,Gonzalez,,(619) 967-2024,Big Steakhouse,3152 Main St,Chula Vista,San Diego County,CA,91781,Steakhouse,https://www.bigsteakhouse.com,CA_Restaurant_Scraper,C,"Restaurant, Steakhouse, POS_Prospect, Chula Vista",Auto-generated lead for PSDepot outreach. Type: Steakhouse,2026-04-28,,"https://maps.google.com/?q=3152+Main+St,Chula+Vista,CA",4.3,320,$5M+,100+,High,San Diego County
Anthony,Torres,info@littledeldiner.com,(619) 580-3522,Little DelDiner,7260 Maple Ave,Chula Vista,San Diego County,CA,90999,Diner,https://www.littledeldiner.com,CA_Restaurant_Scraper,A,"Restaurant, Diner, POS_Prospect, Chula Vista",Auto-generated lead for PSDepot outreach. Type: Diner,2026-04-28,https://www.yelp.com/biz/little-deldiner-chula-vista,"https://maps.google.com/?q=7260+Maple+Ave,Chula+Vista,CA",4.1,87,$2.5M-$5M,26-50,High,San Diego County
Patricia,Brown,info@williamssbarandgrill.com,(619) 638-8505,Williams's Bar & Grill,4875 Washington Blvd,Chula Vista,San Diego County,CA,90670,Bar & Grill,,CA_Restaurant_Scraper,B,"Restaurant, Bar & Grill, POS_Prospect, Chula Vista",Auto-generated lead for PSDepot outreach. Type: Bar & Grill,2026-04-28,,"https://maps.google.com/?q=4875+Washington+Blvd,Chula+Vista,CA",4.4,177,$5M+,100+,High,San Diego County
Matthew,Davis,info@grilldebakery.com,(619) 342-7902,Grill DeBakery,9465 Second St,Chula Vista,San Diego County,CA,90696,Grill,https://www.grilldebakery.com,CA_Restaurant_Scraper,B,"Restaurant, Grill, POS_Prospect, Chula Vista",Auto-generated lead for PSDepot outreach. Type: Grill,2026-04-28,,"https://maps.google.com/?q=9465+Second+St,Chula+Vista,CA",3.8,32,$500K-$1M,26-50,Low,San Diego County
Nancy,Garcia,info@goldendebargrill.com,(619) 750-6041,Golden DeBar & Grill,3848 Jefferson St,Chula Vista,San Diego County,CA,93158,Bar & Grill,,CA_Restaurant_Scraper,C,"Restaurant, Bar & Grill, POS_Prospect, Chula Vista",Auto-generated lead for PSDepot outreach. Type: Bar & Grill,2026-04-28,https://www.yelp.com/biz/golden-debar-&-grill-chula-vista,"https://maps.google.com/?q=3848+Jefferson+St,Chula+Vista,CA",3.4,88,$500K-$1M,11-25,Low,San Diego County
Carlos,Martinez,,(619) 915-8504,Rivera's Kitchen,7569 Ocean Ave,Chula Vista,San Diego County,CA,90013,Kitchen,https://www.riveraskitchen.com,CA_Restaurant_Scraper,C,"Restaurant, Kitchen, POS_Prospect, Chula Vista",Auto-generated lead for PSDepot outreach. Type: Kitchen,2026-04-28,,"https://maps.google.com/?q=7569+Ocean+Ave,Chula+Vista,CA",,,$2.5M-$5M,100+,High,San Diego County
Elizabeth,Martinez,,(619) 671-8653,Flores's Grill,2382 Hollywood Blvd,Chula Vista,San Diego County,CA,95184,Grill,,CA_Restaurant_Scraper,A,"Restaurant, Grill, POS_Prospect, Chula Vista",Auto-generated lead for PSDepot outreach. Type: Grill,2026-04-28,,"https://maps.google.com/?q=2382+Hollywood+Blvd,Chula+Vista,CA",,,$1M-$2.5M,1-10,Medium,San Diego County
Betty,Johnson,info@losbistro.com,(619) 292-4837,Los Bistro,9567 Oak St,Chula Vista,San Diego County,CA,96387,Bistro,,CA_Restaurant_Scraper,B,"Restaurant, Bistro, POS_Prospect, Chula Vista",Auto-generated lead for PSDepot outreach. Type: Bistro,2026-04-28,https://www.yelp.com/biz/los-bistro-chula-vista,"https://maps.google.com/?q=9567+Oak+St,Chula+Vista,CA",4.7,107,Under $500K,51-100,Low,San Diego County
John,Lopez,info@smithssteakhouse.com,(619) 594-4647,Smith's Steakhouse,4812 Hollywood Blvd,Chula Vista,San Diego County,CA,93507,Steakhouse,https://www.smithssteakhouse.com,CA_Restaurant_Scraper,B,"Restaurant, Steakhouse, POS_Prospect, Chula Vista",Auto-generated lead for PSDepot outreach. Type: Steakhouse,2026-04-28,https://www.yelp.com/biz/smiths-steakhouse-chula-vista,"https://maps.google.com/?q=4812+Hollywood+Blvd,Chula+Vista,CA",,,$500K-$1M,26-50,Low,San Diego County
Christopher,Sanchez,info@lasdecoffee.com,(619) 595-4313,Las DeCoffee,8232 Maple Ave,Chula Vista,San Diego County,CA,90856,Coffee,,CA_Restaurant_Scraper,A,"Restaurant, Coffee, POS_Prospect, Chula Vista",Auto-generated lead for PSDepot outreach. Type: Coffee,2026-04-28,https://www.yelp.com/biz/las-decoffee-chula-vista,"https://maps.google.com/?q=8232+Maple+Ave,Chula+Vista,CA",3.5,30,$1M-$2.5M,1-10,Medium,San Diego County
Lisa,Jones,info@kitchendiner.com,(619) 581-9150,Kitchen Diner,4758 Mission St,Chula Vista,San Diego County,CA,91921,Diner,,CA_Restaurant_Scraper,B,"Restaurant, Diner, POS_Prospect, Chula Vista",Auto-generated lead for PSDepot outreach. Type: Diner,2026-04-28,,"https://maps.google.com/?q=4758+Mission+St,Chula+Vista,CA",3.3,438,$1M-$2.5M,26-50,Medium,San Diego County
Karen,Rivera,info@floresscafe.com,(619) 734-9371,Flores's Cafe,9214 Third St,Chula Vista,San Diego County,CA,96326,Cafe,,CA_Restaurant_Scraper,B,"Restaurant, Cafe, POS_Prospect, Chula Vista",Auto-generated lead for PSDepot outreach. Type: Cafe,2026-04-28,https://www.yelp.com/biz/floress-cafe-chula-vista,"https://maps.google.com/?q=9214+Third+St,Chula+Vista,CA",,,$500K-$1M,26-50,Low,San Diego County
Paul,Garcia,,(619) 545-4000,The DeTacos,3550 First St,Chula Vista,San Diego County,CA,95686,Tacos,,CA_Restaurant_Scraper,C,"Restaurant, Tacos, POS_Prospect, Chula Vista",Auto-generated lead for PSDepot outreach. Type: Tacos,2026-04-28,https://www.yelp.com/biz/the-detacos-chula-vista,"https://maps.google.com/?q=3550+First+St,Chula+Vista,CA",4.1,411,$1M-$2.5M,100+,Medium,San Diego County
Margaret,Flores,info@littleeatery.com,(619) 945-6874,Little Eatery,1870 Washington Blvd,Chula Vista,San Diego County,CA,94962,Eatery,,CA_Restaurant_Scraper,C,"Restaurant, Eatery, POS_Prospect, Chula Vista",Auto-generated lead for PSDepot outreach. Type: Eatery,2026-04-28,https://www.yelp.com/biz/little-eatery-chula-vista,"https://maps.google.com/?q=1870+Washington+Blvd,Chula+Vista,CA",4.3,408,$2.5M-$5M,100+,High,San Diego County
Jennifer,Torres,,(619) 567-8077,Flores's Diner,1591 Pico Blvd,Chula Vista,San Diego County,CA,91572,Diner,,CA_Restaurant_Scraper,A,"Restaurant, Diner, POS_Prospect, Chula Vista",Auto-generated lead for PSDepot outreach. Type: Diner,2026-04-28,https://www.yelp.com/biz/floress-diner-chula-vista,"https://maps.google.com/?q=1591+Pico+Blvd,Chula+Vista,CA",3.2,327,$5M+,100+,High,San Diego County
Betty,Hernandez,info@lasdepizza.com,(619) 710-2275,Las DePizza,8187 Maple Ave,Chula Vista,San Diego County,CA,95328,Pizza,,CA_Restaurant_Scraper,C,"Restaurant, Pizza, POS_Prospect, Chula Vista",Auto-generated lead for PSDepot outreach. Type: Pizza,2026-04-28,,"https://maps.google.com/?q=8187+Maple+Ave,Chula+Vista,CA",3.8,119,$2.5M-$5M,51-100,High,San Diego County
Elizabeth,Gonzalez,info@martinezsrestaurant.com,(619) 801-9755,Martinez's Restaurant,3105 Maple Ave,Chula Vista,San Diego County,CA,95674,Restaurant,,CA_Restaurant_Scraper,A,"Restaurant, Restaurant, POS_Prospect, Chula Vista",Auto-generated lead for PSDepot outreach. Type: Restaurant,2026-04-28,https://www.yelp.com/biz/martinezs-restaurant-chula-vista,"https://maps.google.com/?q=3105+Maple+Ave,Chula+Vista,CA",3.6,181,$2.5M-$5M,1-10,High,San Diego County
Michael,Gonzalez,,(619) 358-2798,Williams's Grill,2084 Third St,Chula Vista,San Diego County,CA,94609,Grill,,CA_Restaurant_Scraper,A,"Restaurant, Grill, POS_Prospect, Chula Vista",Auto-generated lead for PSDepot outreach. Type: Grill,2026-04-28,https://www.yelp.com/biz/williamss-grill-chula-vista,"https://maps.google.com/?q=2084+Third+St,Chula+Vista,CA",4.9,66,$2.5M-$5M,51-100,High,San Diego County
James,Hernandez,,(619) 312-7895,Garcia's Burritos,5967 Broadway,Chula Vista,San Diego County,CA,92312,Burritos,https://www.garciasburritos.com,CA_Restaurant_Scraper,A,"Restaurant, Burritos, POS_Prospect, Chula Vista",Auto-generated lead for PSDepot outreach. Type: Burritos,2026-04-28,,"https://maps.google.com/?q=5967+Broadway,Chula+Vista,CA",4.1,213,$2.5M-$5M,26-50,High,San Diego County
Linda,Lopez,,(619) 535-7636,Flores's Burger,3559 Hollywood Blvd,Chula Vista,San Diego County,CA,94793,Burger,https://www.floressburger.com,CA_Restaurant_Scraper,B,"Restaurant, Burger, POS_Prospect, Chula Vista",Auto-generated lead for PSDepot outreach. Type: Burger,2026-04-28,https://www.yelp.com/biz/floress-burger-chula-vista,"https://maps.google.com/?q=3559+Hollywood+Blvd,Chula+Vista,CA",4.6,111,$500K-$1M,1-10,Low,San Diego County
Maria,Jones,info@ramirezsbbq.com,(619) 889-5968,Ramirez's BBQ,1158 Hollywood Blvd,Chula Vista,San Diego County,CA,96706,BBQ,,CA_Restaurant_Scraper,C,"Restaurant, BBQ, POS_Prospect, Chula Vista",Auto-generated lead for PSDepot outreach. Type: BBQ,2026-04-28,https://www.yelp.com/biz/ramirezs-bbq-chula-vista,"https://maps.google.com/?q=1158+Hollywood+Blvd,Chula+Vista,CA",4.9,251,$1M-$2.5M,1-10,Medium,San Diego County
Matthew,Brown,,(619) 380-7181,Miller's Tacos,6953 Mission St,Chula Vista,San Diego County,CA,96103,Tacos,,CA_Restaurant_Scraper,A,"Restaurant, Tacos, POS_Prospect, Chula Vista",Auto-generated lead for PSDepot outreach. Type: Tacos,2026-04-28,https://www.yelp.com/biz/millers-tacos-chula-vista,"https://maps.google.com/?q=6953+Mission+St,Chula+Vista,CA",4.4,295,$500K-$1M,100+,Low,San Diego County
Elizabeth,Jones,,(619) 971-1556,Little DelBakery,9295 Elm St,Chula Vista,San Diego County,CA,90373,Bakery,,CA_Restaurant_Scraper,B,"Restaurant, Bakery, POS_Prospect, Chula Vista",Auto-generated lead for PSDepot outreach. Type: Bakery,2026-04-28,https://www.yelp.com/biz/little-delbakery-chula-vista,"https://maps.google.com/?q=9295+Elm+St,Chula+Vista,CA",3.0,97,$2.5M-$5M,11-25,High,San Diego County
Paul,Ramirez,info@cornerdelsushi.com,(619) 668-2385,Corner DelSushi,2139 First St,Chula Vista,San Diego County,CA,91175,Sushi,https://www.cornerdelsushi.com,CA_Restaurant_Scraper,A,"Restaurant, Sushi, POS_Prospect, Chula Vista",Auto-generated lead for PSDepot outreach. Type: Sushi,2026-04-28,https://www.yelp.com/biz/corner-delsushi-chula-vista,"https://maps.google.com/?q=2139+First+St,Chula+Vista,CA",3.1,164,$2.5M-$5M,11-25,High,San Diego County
Matthew,Lopez,info@lopezscoffee.com,(619) 885-7941,Lopez's Coffee,8372 Jefferson St,Chula Vista,San Diego County,CA,95703,Coffee,https://www.lopezscoffee.com,CA_Restaurant_Scraper,B,"Restaurant, Coffee, POS_Prospect, Chula Vista",Auto-generated lead for PSDepot outreach. Type: Coffee,2026-04-28,https://www.yelp.com/biz/lopezs-coffee-chula-vista,"https://maps.google.com/?q=8372+Jefferson+St,Chula+Vista,CA",4.0,394,$5M+,1-10,High,San Diego County
David,Gomez,info@goldendeldiner.com,(619) 508-7466,Golden DelDiner,5466 Pine St,Chula Vista,San Diego County,CA,92648,Diner,,CA_Restaurant_Scraper,B,"Restaurant, Diner, POS_Prospect, Chula Vista",Auto-generated lead for PSDepot outreach. Type: Diner,2026-04-28,,"https://maps.google.com/?q=5466+Pine+St,Chula+Vista,CA",,,$5M+,11-25,High,San Diego County
David,Martinez,info@silverbistro.com,(619) 448-2315,Silver Bistro,4300 Jefferson St,Chula Vista,San Diego County,CA,94789,Bistro,,CA_Restaurant_Scraper,A,"Restaurant, Bistro, POS_Prospect, Chula Vista",Auto-generated lead for PSDepot outreach. Type: Bistro,2026-04-28,,"https://maps.google.com/?q=4300+Jefferson+St,Chula+Vista,CA",3.9,196,$5M+,11-25,High,San Diego County
Nancy,Hernandez,info@sanburger.com,(619) 577-4115,San Burger,2576 Third St,Chula Vista,San Diego County,CA,93855,Burger,,CA_Restaurant_Scraper,B,"Restaurant, Burger, POS_Prospect, Chula Vista",Auto-generated lead for PSDepot outreach. Type: Burger,2026-04-28,https://www.yelp.com/biz/san-burger-chula-vista,"https://maps.google.com/?q=2576+Third+St,Chula+Vista,CA",3.8,61,$2.5M-$5M,26-50,High,San Diego County
Susan,Sanchez,info@smithstacos.com,(619) 947-5270,Smith's Tacos,9829 Pine St,Chula Vista,San Diego County,CA,96247,Tacos,,CA_Restaurant_Scraper,C,"Restaurant, Tacos, POS_Prospect, Chula Vista",Auto-generated lead for PSDepot outreach. Type: Tacos,2026-04-28,,"https://maps.google.com/?q=9829+Pine+St,Chula+Vista,CA",4.5,323,$1M-$2.5M,51-100,Medium,San Diego County
Anthony,Rodriguez,info@goldendelbistro.com,(619) 893-2416,Golden DelBistro,8097 Second St,Chula Vista,San Diego County,CA,91843,Bistro,https://www.goldendelbistro.com,CA_Restaurant_Scraper,B,"Restaurant, Bistro, POS_Prospect, Chula Vista",Auto-generated lead for PSDepot outreach. Type: Bistro,2026-04-28,,"https://maps.google.com/?q=8097+Second+St,Chula+Vista,CA",3.6,90,$5M+,51-100,High,San Diego County
Ana,Martinez,,(619) 210-8368,Los Burger,3095 Pine St,Chula Vista,San Diego County,CA,95313,Burger,https://www.losburger.com,CA_Restaurant_Scraper,A,"Restaurant, Burger, POS_Prospect, Chula Vista",Auto-generated lead for PSDepot outreach. Type: Burger,2026-04-28,,"https://maps.google.com/?q=3095+Pine+St,Chula+Vista,CA",3.9,157,$500K-$1M,51-100,Low,San Diego County
Paul,Torres,,(619) 630-1316,Perez's Restaurant,8419 Sunset Blvd,Chula Vista,San Diego County,CA,90733,Restaurant,,CA_Restaurant_Scraper,B,"Restaurant, Restaurant, POS_Prospect, Chula Vista",Auto-generated lead for PSDepot outreach. Type: Restaurant,2026-04-28,https://www.yelp.com/biz/perezs-restaurant-chula-vista,"https://maps.google.com/?q=8419+Sunset+Blvd,Chula+Vista,CA",3.2,344,$1M-$2.5M,26-50,Medium,San Diego County
Daniel,Sanchez,,(619) 617-6114,Green Restaurant,3368 Jefferson St,Chula Vista,San Diego County,CA,90592,Restaurant,,CA_Restaurant_Scraper,B,"Restaurant, Restaurant, POS_Prospect, Chula Vista",Auto-generated lead for PSDepot outreach. Type: Restaurant,2026-04-28,,"https://maps.google.com/?q=3368+Jefferson+St,Chula+Vista,CA",3.6,33,$5M+,100+,High,San Diego County
Lisa,Flores,,(619) 851-3822,Blue Sushi,8159 Third St,Chula Vista,San Diego County,CA,93112,Sushi,https://www.bluesushi.com,CA_Restaurant_Scraper,A,"Restaurant, Sushi, POS_Prospect, Chula Vista",Auto-generated lead for PSDepot outreach. Type: Sushi,2026-04-28,https://www.yelp.com/biz/blue-sushi-chula-vista,"https://maps.google.com/?q=8159+Third+St,Chula+Vista,CA",3.3,217,Under $500K,100+,Low,San Diego County
Paul,Davis,info@ramirezsseafood.com,(619) 372-5033,Ramirez's Seafood,9492 Cedar Ave,Chula Vista,San Diego County,CA,95480,Seafood,,CA_Restaurant_Scraper,A,"Restaurant, Seafood, POS_Prospect, Chula Vista",Auto-generated lead for PSDepot outreach. Type: Seafood,2026-04-28,https://www.yelp.com/biz/ramirezs-seafood-chula-vista,"https://maps.google.com/?q=9492+Cedar+Ave,Chula+Vista,CA",4.5,211,Under $500K,1-10,Low,San Diego County
Robert,Williams,,(619) 424-4648,Blue DelTacos,7543 Oak St,Chula Vista,San Diego County,CA,95074,Tacos,https://www.bluedeltacos.com,CA_Restaurant_Scraper,C,"Restaurant, Tacos, POS_Prospect, Chula Vista",Auto-generated lead for PSDepot outreach. Type: Tacos,2026-04-28,https://www.yelp.com/biz/blue-deltacos-chula-vista,"https://maps.google.com/?q=7543+Oak+St,Chula+Vista,CA",3.7,482,$1M-$2.5M,51-100,Medium,San Diego County
Susan,Smith,,(619) 600-2485,La DelSeafood,6396 Mission St,Chula Vista,San Diego County,CA,95934,Seafood,,CA_Restaurant_Scraper,B,"Restaurant, Seafood, POS_Prospect, Chula Vista",Auto-generated lead for PSDepot outreach. Type: Seafood,2026-04-28,https://www.yelp.com/biz/la-delseafood-chula-vista,"https://maps.google.com/?q=6396+Mission+St,Chula+Vista,CA",3.4,491,$2.5M-$5M,11-25,High,San Diego County
Mary,Martinez,,(619) 748-9923,Kitchen DelBakery,5543 Sunset Blvd,Chula Vista,San Diego County,CA,94897,Kitchen,https://www.kitchendelbakery.com,CA_Restaurant_Scraper,A,"Restaurant, Kitchen, POS_Prospect, Chula Vista",Auto-generated lead for PSDepot outreach. Type: Kitchen,2026-04-28,,"https://maps.google.com/?q=5543+Sunset+Blvd,Chula+Vista,CA",3.8,36,Under $500K,100+,Low,San Diego County
Linda,Martinez,,(619) 385-2311,Corner DeBar & Grill,5035 Pine St,Chula Vista,San Diego County,CA,95412,Bar & Grill,,CA_Restaurant_Scraper,A,"Restaurant, Bar & Grill, POS_Prospect, Chula Vista",Auto-generated lead for PSDepot outreach. Type: Bar & Grill,2026-04-28,https://www.yelp.com/biz/corner-debar-&-grill-chula-vista,"https://maps.google.com/?q=5035+Pine+St,Chula+Vista,CA",3.5,31,$500K-$1M,1-10,Low,San Diego County
John,Williams,info@lopezsbargrill.com,(619) 826-2383,Lopez's Bar & Grill,3074 Mission St,Chula Vista,San Diego County,CA,94030,Bar & Grill,,CA_Restaurant_Scraper,C,"Restaurant, Bar & Grill, POS_Prospect, Chula Vista",Auto-generated lead for PSDepot outreach. Type: Bar & Grill,2026-04-28,https://www.yelp.com/biz/lopezs-bar-&-grill-chula-vista,"https://maps.google.com/?q=3074+Mission+St,Chula+Vista,CA",3.2,495,Under $500K,100+,Low,San Diego County
Elizabeth,Rodriguez,info@santadelgrill.com,(619) 858-6918,Santa DelGrill,7162 First St,Chula Vista,San Diego County,CA,91888,Grill,https://www.santadelgrill.com,CA_Restaurant_Scraper,A,"Restaurant, Grill, POS_Prospect, Chula Vista",Auto-generated lead for PSDepot outreach. Type: Grill,2026-04-28,https://www.yelp.com/biz/santa-delgrill-chula-vista,"https://maps.google.com/?q=7162+First+St,Chula+Vista,CA",4.5,238,$1M-$2.5M,100+,Medium,San Diego County
Michael,Gomez,info@lopezspizza.com,(619) 723-8828,Lopez's Pizza,9972 First St,Chula Vista,San Diego County,CA,93047,Pizza,,CA_Restaurant_Scraper,B,"Restaurant, Pizza, POS_Prospect, Chula Vista",Auto-generated lead for PSDepot outreach. Type: Pizza,2026-04-28,https://www.yelp.com/biz/lopezs-pizza-chula-vista,"https://maps.google.com/?q=9972+First+St,Chula+Vista,CA",3.2,438,$5M+,11-25,High,San Diego County
Barbara,Lopez,info@cornerderestaurant.com,(619) 568-3362,Corner DeRestaurant,2867 Pine St,Chula Vista,San Diego County,CA,96646,Restaurant,,CA_Restaurant_Scraper,B,"Restaurant, Restaurant, POS_Prospect, Chula Vista",Auto-generated lead for PSDepot outreach. Type: Restaurant,2026-04-28,https://www.yelp.com/biz/corner-derestaurant-chula-vista,"https://maps.google.com/?q=2867+Pine+St,Chula+Vista,CA",4.4,92,Under $500K,51-100,Low,San Diego County
Jose,Lopez,info@goldendecoffee.com,(619) 206-7219,Golden DeCoffee,5234 Pico Blvd,Chula Vista,San Diego County,CA,96650,Coffee,https://www.goldendecoffee.com,CA_Restaurant_Scraper,B,"Restaurant, Coffee, POS_Prospect, Chula Vista",Auto-generated lead for PSDepot outreach. Type: Coffee,2026-04-28,,"https://maps.google.com/?q=5234+Pico+Blvd,Chula+Vista,CA",3.2,320,$2.5M-$5M,51-100,High,San Diego County
Robert,Garcia,,(619) 299-9076,Little DelCoffee,439 Jefferson St,Chula Vista,San Diego County,CA,96142,Coffee,,CA_Restaurant_Scraper,B,"Restaurant, Coffee, POS_Prospect, Chula Vista",Auto-generated lead for PSDepot outreach. Type: Coffee,2026-04-28,https://www.yelp.com/biz/little-delcoffee-chula-vista,"https://maps.google.com/?q=439+Jefferson+St,Chula+Vista,CA",3.3,309,Under $500K,1-10,Low,San Diego County
Robert,Johnson,info@millerscoffee.com,(619) 775-3787,Miller's Coffee,5299 Pico Blvd,Chula Vista,San Diego County,CA,91637,Coffee,https://www.millerscoffee.com,CA_Restaurant_Scraper,B,"Restaurant, Coffee, POS_Prospect, Chula Vista",Auto-generated lead for PSDepot outreach. Type: Coffee,2026-04-28,https://www.yelp.com/biz/millers-coffee-chula-vista,"https://maps.google.com/?q=5299+Pico+Blvd,Chula+Vista,CA",5.0,309,$500K-$1M,26-50,Low,San Diego County
Betty,Rodriguez,,(619) 774-6752,Williams's Seafood,2182 Washington Blvd,Chula Vista,San Diego County,CA,94184,Seafood,https://www.williamssseafood.com,CA_Restaurant_Scraper,B,"Restaurant, Seafood, POS_Prospect, Chula Vista",Auto-generated lead for PSDepot outreach. Type: Seafood,2026-04-28,https://www.yelp.com/biz/williamss-seafood-chula-vista,"https://maps.google.com/?q=2182+Washington+Blvd,Chula+Vista,CA",4.5,298,$1M-$2.5M,11-25,Medium,San Diego County
Anthony,Rodriguez,info@eldecoffee.com,(619) 492-3740,El DeCoffee,9101 Sunset Blvd,Chula Vista,San Diego County,CA,94332,Coffee,,CA_Restaurant_Scraper,A,"Restaurant, Coffee, POS_Prospect, Chula Vista",Auto-generated lead for PSDepot outreach. Type: Coffee,2026-04-28,https://www.yelp.com/biz/el-decoffee-chula-vista,"https://maps.google.com/?q=9101+Sunset+Blvd,Chula+Vista,CA",4.1,191,$1M-$2.5M,26-50,Medium,San Diego County
Nancy,Hernandez,,(619) 982-6699,Green DeBBQ,9541 Wilshire Blvd,Chula Vista,San Diego County,CA,93061,BBQ,,CA_Restaurant_Scraper,C,"Restaurant, BBQ, POS_Prospect, Chula Vista",Auto-generated lead for PSDepot outreach. Type: BBQ,2026-04-28,https://www.yelp.com/biz/green-debbq-chula-vista,"https://maps.google.com/?q=9541+Wilshire+Blvd,Chula+Vista,CA",3.5,499,$500K-$1M,11-25,Low,San Diego County
Susan,Lopez,info@goldendeleatery.com,(619) 806-7297,Golden DelEatery,3873 Main St,Chula Vista,San Diego County,CA,95813,Eatery,,CA_Restaurant_Scraper,C,"Restaurant, Eatery, POS_Prospect, Chula Vista",Auto-generated lead for PSDepot outreach. Type: Eatery,2026-04-28,https://www.yelp.com/biz/golden-deleatery-chula-vista,"https://maps.google.com/?q=3873+Main+St,Chula+Vista,CA",3.3,487,$500K-$1M,11-25,Low,San Diego County
Susan,Rivera,info@sanchezsseafood.com,(619) 342-4150,Sanchez's Seafood,2998 Hollywood Blvd,Chula Vista,San Diego County,CA,95107,Seafood,,CA_Restaurant_Scraper,A,"Restaurant, Seafood, POS_Prospect, Chula Vista",Auto-generated lead for PSDepot outreach. Type: Seafood,2026-04-28,https://www.yelp.com/biz/sanchezs-seafood-chula-vista,"https://maps.google.com/?q=2998+Hollywood+Blvd,Chula+Vista,CA",4.1,57,$500K-$1M,11-25,Low,San Diego County
Carlos,Sanchez,,(619) 297-1723,Bistro DelPizza,4963 Mission St,Chula Vista,San Diego County,CA,93886,Bistro,,CA_Restaurant_Scraper,B,"Restaurant, Bistro, POS_Prospect, Chula Vista",Auto-generated lead for PSDepot outreach. Type: Bistro,2026-04-28,https://www.yelp.com/biz/bistro-delpizza-chula-vista,"https://maps.google.com/?q=4963+Mission+St,Chula+Vista,CA",3.7,73,$2.5M-$5M,51-100,High,San Diego County
Paul,Gonzalez,info@thebbq.com,(619) 473-1949,The BBQ,3546 Oak St,Chula Vista,San Diego County,CA,93469,BBQ,https://www.thebbq.com,CA_Restaurant_Scraper,A,"Restaurant, BBQ, POS_Prospect, Chula Vista",Auto-generated lead for PSDepot outreach. Type: BBQ,2026-04-28,,"https://maps.google.com/?q=3546+Oak+St,Chula+Vista,CA",3.9,134,$5M+,26-50,High,San Diego County
Karen,Rivera,info@losdelsushi.com,(619) 758-5562,Los DelSushi,8059 Washington Blvd,Chula Vista,San Diego County,CA,95685,Sushi,https://www.losdelsushi.com,CA_Restaurant_Scraper,C,"Restaurant, Sushi, POS_Prospect, Chula Vista",Auto-generated lead for PSDepot outreach. Type: Sushi,2026-04-28,,"https://maps.google.com/?q=8059+Washington+Blvd,Chula+Vista,CA",3.1,425,$500K-$1M,1-10,Low,San Diego County
Paul,Garcia,info@santadebakery.com,(619) 813-1223,Santa DeBakery,559 Jefferson St,Chula Vista,San Diego County,CA,96555,Bakery,,CA_Restaurant_Scraper,C,"Restaurant, Bakery, POS_Prospect, Chula Vista",Auto-generated lead for PSDepot outreach. Type: Bakery,2026-04-28,,"https://maps.google.com/?q=559+Jefferson+St,Chula+Vista,CA",,,$1M-$2.5M,11-25,Medium,San Diego County
Mary,Miller,info@losdebistro.com,(619) 655-5306,Los DeBistro,8892 Jefferson St,Chula Vista,San Diego County,CA,95398,Bistro,https://www.losdebistro.com,CA_Restaurant_Scraper,C,"Restaurant, Bistro, POS_Prospect, Chula Vista",Auto-generated lead for PSDepot outreach. Type: Bistro,2026-04-28,https://www.yelp.com/biz/los-debistro-chula-vista,"https://maps.google.com/?q=8892+Jefferson+St,Chula+Vista,CA",4.6,48,$500K-$1M,100+,Low,San Diego County
Richard,Gomez,info@grilldelbbq.com,(619) 292-2133,Grill DelBBQ,4307 Maple Ave,Chula Vista,San Diego County,CA,93458,Grill,,CA_Restaurant_Scraper,C,"Restaurant, Grill, POS_Prospect, Chula Vista",Auto-generated lead for PSDepot outreach. Type: Grill,2026-04-28,https://www.yelp.com/biz/grill-delbbq-chula-vista,"https://maps.google.com/?q=4307+Maple+Ave,Chula+Vista,CA",,,Under $500K,51-100,Low,San Diego County
Anthony,Garcia,info@greenburger.com,(619) 632-4805,Green Burger,763 Washington Blvd,Chula Vista,San Diego County,CA,90847,Burger,https://www.greenburger.com,CA_Restaurant_Scraper,C,"Restaurant, Burger, POS_Prospect, Chula Vista",Auto-generated lead for PSDepot outreach. Type: Burger,2026-04-28,https://www.yelp.com/biz/green-burger-chula-vista,"https://maps.google.com/?q=763+Washington+Blvd,Chula+Vista,CA",4.9,154,$5M+,11-25,High,San Diego County
David,Gonzalez,info@cafedetacos.com,(619) 879-5847,Cafe DeTacos,6463 Washington Blvd,Chula Vista,San Diego County,CA,92990,Cafe,,CA_Restaurant_Scraper,B,"Restaurant, Cafe, POS_Prospect, Chula Vista",Auto-generated lead for PSDepot outreach. Type: Cafe,2026-04-28,,"https://maps.google.com/?q=6463+Washington+Blvd,Chula+Vista,CA",3.7,421,$5M+,26-50,High,San Diego County
Patricia,Sanchez,,(619) 879-8589,Spot DeBurger,8914 Wilshire Blvd,Chula Vista,San Diego County,CA,96235,Burger,,CA_Restaurant_Scraper,A,"Restaurant, Burger, POS_Prospect, Chula Vista",Auto-generated lead for PSDepot outreach. Type: Burger,2026-04-28,https://www.yelp.com/biz/spot-deburger-chula-vista,"https://maps.google.com/?q=8914+Wilshire+Blvd,Chula+Vista,CA",4.5,124,$500K-$1M,51-100,Low,San Diego County
Daniel,Gomez,,(619) 954-3964,Little Bakery,2290 Market St,Chula Vista,San Diego County,CA,91071,Bakery,,CA_Restaurant_Scraper,C,"Restaurant, Bakery, POS_Prospect, Chula Vista",Auto-generated lead for PSDepot outreach. Type: Bakery,2026-04-28,https://www.yelp.com/biz/little-bakery-chula-vista,"https://maps.google.com/?q=2290+Market+St,Chula+Vista,CA",,,$2.5M-$5M,26-50,High,San Diego County
Jennifer,Flores,,(619) 507-8119,Corner Taqueria,4495 Hollywood Blvd,Chula Vista,San Diego County,CA,91716,Taqueria,,CA_Restaurant_Scraper,B,"Restaurant, Taqueria, POS_Prospect, Chula Vista",Auto-generated lead for PSDepot outreach. Type: Taqueria,2026-04-28,https://www.yelp.com/biz/corner-taqueria-chula-vista,"https://maps.google.com/?q=4495+Hollywood+Blvd,Chula+Vista,CA",,,Under $500K,26-50,Low,San Diego County
Christopher,Sanchez,info@bistrodegrill.com,(619) 923-3619,Bistro DeGrill,2374 Market St,Chula Vista,San Diego County,CA,96617,Bistro,,CA_Restaurant_Scraper,A,"Restaurant, Bistro, POS_Prospect, Chula Vista",Auto-generated lead for PSDepot outreach. Type: Bistro,2026-04-28,https://www.yelp.com/biz/bistro-degrill-chula-vista,"https://maps.google.com/?q=2374+Market+St,Chula+Vista,CA",4.1,82,$2.5M-$5M,51-100,High,San Diego County
Christopher,Martinez,,(619) 556-1627,Silver DePizza,3299 Elm St,Chula Vista,San Diego County,CA,94346,Pizza,https://www.silverdepizza.com,CA_Restaurant_Scraper,A,"Restaurant, Pizza, POS_Prospect, Chula Vista",Auto-generated lead for PSDepot outreach. Type: Pizza,2026-04-28,https://www.yelp.com/biz/silver-depizza-chula-vista,"https://maps.google.com/?q=3299+Elm+St,Chula+Vista,CA",3.1,82,$5M+,51-100,High,San Diego County
Jose,Martinez,,(619) 254-3671,Red DelCoffee,4619 Market St,Chula Vista,San Diego County,CA,92665,Coffee,,CA_Restaurant_Scraper,C,"Restaurant, Coffee, POS_Prospect, Chula Vista",Auto-generated lead for PSDepot outreach. Type: Coffee,2026-04-28,https://www.yelp.com/biz/red-delcoffee-chula-vista,"https://maps.google.com/?q=4619+Market+St,Chula+Vista,CA",4.0,381,$500K-$1M,51-100,Low,San Diego County
Betty,Rivera,info@eldeeatery.com,(619) 291-3373,El DeEatery,7894 Maple Ave,Chula Vista,San Diego County,CA,93981,Eatery,,CA_Restaurant_Scraper,C,"Restaurant, Eatery, POS_Prospect, Chula Vista",Auto-generated lead for PSDepot outreach. Type: Eatery,2026-04-28,,"https://maps.google.com/?q=7894+Maple+Ave,Chula+Vista,CA",4.0,119,$5M+,26-50,High,San Diego County
Mark,Lopez,,(619) 732-8997,Los Bakery,4971 Oak St,Chula Vista,San Diego County,CA,93411,Bakery,,CA_Restaurant_Scraper,A,"Restaurant, Bakery, POS_Prospect, Chula Vista",Auto-generated lead for PSDepot outreach. Type: Bakery,2026-04-28,https://www.yelp.com/biz/los-bakery-chula-vista,"https://maps.google.com/?q=4971+Oak+St,Chula+Vista,CA",3.0,197,Under $500K,1-10,Low,San Diego County
John,Rivera,,(619) 323-7345,Garcia's Cafe,6986 Cedar Ave,Chula Vista,San Diego County,CA,95210,Cafe,https://www.garciascafe.com,CA_Restaurant_Scraper,B,"Restaurant, Cafe, POS_Prospect, Chula Vista",Auto-generated lead for PSDepot outreach. Type: Cafe,2026-04-28,,"https://maps.google.com/?q=6986+Cedar+Ave,Chula+Vista,CA",5.0,365,$2.5M-$5M,100+,High,San Diego County
Ana,Martinez,info@redpizza.com,(619) 339-8038,Red Pizza,2751 Second St,Chula Vista,San Diego County,CA,91505,Pizza,,CA_Restaurant_Scraper,A,"Restaurant, Pizza, POS_Prospect, Chula Vista",Auto-generated lead for PSDepot outreach. Type: Pizza,2026-04-28,https://www.yelp.com/biz/red-pizza-chula-vista,"https://maps.google.com/?q=2751+Second+St,Chula+Vista,CA",3.3,247,$500K-$1M,51-100,Low,San Diego County
Anthony,Williams,info@spotdelkitchen.com,(619) 644-2459,Spot DelKitchen,5900 Pine St,Chula Vista,San Diego County,CA,94868,Kitchen,https://www.spotdelkitchen.com,CA_Restaurant_Scraper,C,"Restaurant, Kitchen, POS_Prospect, Chula Vista",Auto-generated lead for PSDepot outreach. Type: Kitchen,2026-04-28,https://www.yelp.com/biz/spot-delkitchen-chula-vista,"https://maps.google.com/?q=5900+Pine+St,Chula+Vista,CA",,,Under $500K,11-25,Low,San Diego County
Patricia,Rodriguez,info@kitchenseafood.com,(619) 517-9933,Kitchen Seafood,1807 Maple Ave,Chula Vista,San Diego County,CA,94125,Kitchen,https://www.kitchenseafood.com,CA_Restaurant_Scraper,B,"Restaurant, Kitchen, POS_Prospect, Chula Vista",Auto-generated lead for PSDepot outreach. Type: Kitchen,2026-04-28,,"https://maps.google.com/?q=1807+Maple+Ave,Chula+Vista,CA",3.1,81,Under $500K,26-50,Low,San Diego County
William,Rodriguez,info@sandelburritos.com,(619) 979-7254,San DelBurritos,5980 Oak St,Chula Vista,San Diego County,CA,94654,Burritos,https://www.sandelburritos.com,CA_Restaurant_Scraper,A,"Restaurant, Burritos, POS_Prospect, Chula Vista",Auto-generated lead for PSDepot outreach. Type: Burritos,2026-04-28,,"https://maps.google.com/?q=5980+Oak+St,Chula+Vista,CA",3.8,497,$5M+,26-50,High,San Diego County
Linda,Perez,info@lospizza.com,(619) 329-4207,Los Pizza,5126 Oak St,Chula Vista,San Diego County,CA,94767,Pizza,,CA_Restaurant_Scraper,A,"Restaurant, Pizza, POS_Prospect, Chula Vista",Auto-generated lead for PSDepot outreach. Type: Pizza,2026-04-28,https://www.yelp.com/biz/los-pizza-chula-vista,"https://maps.google.com/?q=5126+Oak+St,Chula+Vista,CA",,,$2.5M-$5M,100+,High,San Diego County
Karen,Martinez,info@lasdelpizza.com,(619) 965-1508,Las DelPizza,993 Third St,Chula Vista,San Diego County,CA,94661,Pizza,,CA_Restaurant_Scraper,C,"Restaurant, Pizza, POS_Prospect, Chula Vista",Auto-generated lead for PSDepot outreach. Type: Pizza,2026-04-28,,"https://maps.google.com/?q=993+Third+St,Chula+Vista,CA",4.6,225,$1M-$2.5M,1-10,Medium,San Diego County
Mark,Hernandez,info@pueblodelbakery.com,(619) 325-5326,Pueblo DelBakery,757 Maple Ave,Chula Vista,San Diego County,CA,91789,Bakery,,CA_Restaurant_Scraper,C,"Restaurant, Bakery, POS_Prospect, Chula Vista",Auto-generated lead for PSDepot outreach. Type: Bakery,2026-04-28,https://www.yelp.com/biz/pueblo-delbakery-chula-vista,"https://maps.google.com/?q=757+Maple+Ave,Chula+Vista,CA",,,$500K-$1M,51-100,Low,San Diego County
Nancy,Williams,info@lasburger.com,(619) 286-3873,Las Burger,7019 Cedar Ave,Chula Vista,San Diego County,CA,93395,Burger,,CA_Restaurant_Scraper,B,"Restaurant, Burger, POS_Prospect, Chula Vista",Auto-generated lead for PSDepot outreach. Type: Burger,2026-04-28,https://www.yelp.com/biz/las-burger-chula-vista,"https://maps.google.com/?q=7019+Cedar+Ave,Chula+Vista,CA",,,$500K-$1M,26-50,Low,San Diego County
Michael,Lopez,info@cafedelbargrill.com,(619) 302-8687,Cafe DelBar & Grill,9695 Market St,Chula Vista,San Diego County,CA,94380,Cafe,,CA_Restaurant_Scraper,C,"Restaurant, Cafe, POS_Prospect, Chula Vista",Auto-generated lead for PSDepot outreach. Type: Cafe,2026-04-28,https://www.yelp.com/biz/cafe-delbar-&-grill-chula-vista,"https://maps.google.com/?q=9695+Market+St,Chula+Vista,CA",3.5,84,$2.5M-$5M,11-25,High,San Diego County
Betty,Perez,,(619) 465-6554,Hernandez's Burritos,5517 Wilshire Blvd,Chula Vista,San Diego County,CA,92236,Burritos,,CA_Restaurant_Scraper,C,"Restaurant, Burritos, POS_Prospect, Chula Vista",Auto-generated lead for PSDepot outreach. Type: Burritos,2026-04-28,https://www.yelp.com/biz/hernandezs-burritos-chula-vista,"https://maps.google.com/?q=5517+Wilshire+Blvd,Chula+Vista,CA",4.6,169,$500K-$1M,26-50,Low,San Diego County
David,Davis,,(619) 349-9984,Johnson's Steakhouse,998 Elm St,Chula Vista,San Diego County,CA,94400,Steakhouse,,CA_Restaurant_Scraper,B,"Restaurant, Steakhouse, POS_Prospect, Chula Vista",Auto-generated lead for PSDepot outreach. Type: Steakhouse,2026-04-28,https://www.yelp.com/biz/johnsons-steakhouse-chula-vista,"https://maps.google.com/?q=998+Elm+St,Chula+Vista,CA",4.7,108,$500K-$1M,51-100,Low,San Diego County
Michael,Lopez,info@goldenburger.com,(619) 902-3451,Golden Burger,6934 Washington Blvd,Chula Vista,San Diego County,CA,94189,Burger,,CA_Restaurant_Scraper,C,"Restaurant, Burger, POS_Prospect, Chula Vista",Auto-generated lead for PSDepot outreach. Type: Burger,2026-04-28,https://www.yelp.com/biz/golden-burger-chula-vista,"https://maps.google.com/?q=6934+Washington+Blvd,Chula+Vista,CA",3.5,382,$1M-$2.5M,51-100,Medium,San Diego County
Elizabeth,Brown,info@cornerdeleatery.com,(619) 353-5087,Corner DelEatery,1019 Sunset Blvd,Chula Vista,San Diego County,CA,90006,Eatery,https://www.cornerdeleatery.com,CA_Restaurant_Scraper,C,"Restaurant, Eatery, POS_Prospect, Chula Vista",Auto-generated lead for PSDepot outreach. Type: Eatery,2026-04-28,,"https://maps.google.com/?q=1019+Sunset+Blvd,Chula+Vista,CA",,,$5M+,26-50,High,San Diego County
Matthew,Jones,info@riverasburritos.com,(619) 701-3816,Rivera's Burritos,8476 Ocean Ave,Chula Vista,San Diego County,CA,93050,Burritos,https://www.riverasburritos.com,CA_Restaurant_Scraper,B,"Restaurant, Burritos, POS_Prospect, Chula Vista",Auto-generated lead for PSDepot outreach. Type: Burritos,2026-04-28,https://www.yelp.com/biz/riveras-burritos-chula-vista,"https://maps.google.com/?q=8476+Ocean+Ave,Chula+Vista,CA",3.9,168,$500K-$1M,26-50,Low,San Diego County
Luis,Hernandez,info@littledeseafood.com,(619) 408-8470,Little DeSeafood,3525 Ocean Ave,Chula Vista,San Diego County,CA,91575,Seafood,,CA_Restaurant_Scraper,B,"Restaurant, Seafood, POS_Prospect, Chula Vista",Auto-generated lead for PSDepot outreach. Type: Seafood,2026-04-28,https://www.yelp.com/biz/little-deseafood-chula-vista,"https://maps.google.com/?q=3525+Ocean+Ave,Chula+Vista,CA",4.6,115,$500K-$1M,1-10,Low,San Diego County
Anthony,Gomez,,(619) 680-1611,Gonzalez's Sushi,251 First St,Chula Vista,San Diego County,CA,92280,Sushi,,CA_Restaurant_Scraper,A,"Restaurant, Sushi, POS_Prospect, Chula Vista",Auto-generated lead for PSDepot outreach. Type: Sushi,2026-04-28,https://www.yelp.com/biz/gonzalezs-sushi-chula-vista,"https://maps.google.com/?q=251+First+St,Chula+Vista,CA",,,Under $500K,1-10,Low,San Diego County
Margaret,Lopez,info@pueblokitchen.com,(619) 583-9420,Pueblo Kitchen,9291 First St,Chula Vista,San Diego County,CA,93282,Kitchen,https://www.pueblokitchen.com,CA_Restaurant_Scraper,C,"Restaurant, Kitchen, POS_Prospect, Chula Vista",Auto-generated lead for PSDepot outreach. Type: Kitchen,2026-04-28,https://www.yelp.com/biz/pueblo-kitchen-chula-vista,"https://maps.google.com/?q=9291+First+St,Chula+Vista,CA",4.8,251,$500K-$1M,100+,Low,San Diego County
Nancy,Rodriguez,info@sanchezsburritos.com,(619) 694-5869,Sanchez's Burritos,945 Oak St,Chula Vista,San Diego County,CA,93247,Burritos,,CA_Restaurant_Scraper,B,"Restaurant, Burritos, POS_Prospect, Chula Vista",Auto-generated lead for PSDepot outreach. Type: Burritos,2026-04-28,,"https://maps.google.com/?q=945+Oak+St,Chula+Vista,CA",4.1,324,$2.5M-$5M,100+,High,San Diego County
Jennifer,Williams,info@silverdelbakery.com,(619) 247-7105,Silver DelBakery,2719 Pico Blvd,Chula Vista,San Diego County,CA,90067,Bakery,,CA_Restaurant_Scraper,A,"Restaurant, Bakery, POS_Prospect, Chula Vista",Auto-generated lead for PSDepot outreach. Type: Bakery,2026-04-28,https://www.yelp.com/biz/silver-delbakery-chula-vista,"https://maps.google.com/?q=2719+Pico+Blvd,Chula+Vista,CA",3.7,374,$2.5M-$5M,26-50,High,San Diego County
William,Hernandez,info@martinezsdiner.com,(619) 964-6136,Martinez's Diner,5871 Wilshire Blvd,Chula Vista,San Diego County,CA,90816,Diner,,CA_Restaurant_Scraper,B,"Restaurant, Diner, POS_Prospect, Chula Vista",Auto-generated lead for PSDepot outreach. Type: Diner,2026-04-28,https://www.yelp.com/biz/martinezs-diner-chula-vista,"https://maps.google.com/?q=5871+Wilshire+Blvd,Chula+Vista,CA",4.8,337,$1M-$2.5M,51-100,Medium,San Diego County
Jennifer,Miller,info@gonzalezstacos.com,(619) 228-4552,Gonzalez's Tacos,759 Market St,Chula Vista,San Diego County,CA,96070,Tacos,,CA_Restaurant_Scraper,A,"Restaurant, Tacos, POS_Prospect, Chula Vista",Auto-generated lead for PSDepot outreach. Type: Tacos,2026-04-28,https://www.yelp.com/biz/gonzalezs-tacos-chula-vista,"https://maps.google.com/?q=759+Market+St,Chula+Vista,CA",,,$1M-$2.5M,1-10,Medium,San Diego County
William,Hernandez,info@kitchencafe.com,(619) 458-3600,Kitchen Cafe,9242 Second St,Chula Vista,San Diego County,CA,94123,Cafe,,CA_Restaurant_Scraper,A,"Restaurant, Cafe, POS_Prospect, Chula Vista",Auto-generated lead for PSDepot outreach. Type: Cafe,2026-04-28,https://www.yelp.com/biz/kitchen-cafe-chula-vista,"https://maps.google.com/?q=9242+Second+St,Chula+Vista,CA",,,$5M+,11-25,High,San Diego County
Luis,Garcia,info@johnsonsseafood.com,(619) 767-3297,Johnson's Seafood,7688 Pine St,Chula Vista,San Diego County,CA,93255,Seafood,,CA_Restaurant_Scraper,C,"Restaurant, Seafood, POS_Prospect, Chula Vista",Auto-generated lead for PSDepot outreach. Type: Seafood,2026-04-28,,"https://maps.google.com/?q=7688+Pine+St,Chula+Vista,CA",,,Under $500K,1-10,Low,San Diego County
James,Williams,info@pueblodiner.com,(619) 405-2803,Pueblo Diner,6932 Wilshire Blvd,Chula Vista,San Diego County,CA,93240,Diner,https://www.pueblodiner.com,CA_Restaurant_Scraper,A,"Restaurant, Diner, POS_Prospect, Chula Vista",Auto-generated lead for PSDepot outreach. Type: Diner,2026-04-28,https://www.yelp.com/biz/pueblo-diner-chula-vista,"https://maps.google.com/?q=6932+Wilshire+Blvd,Chula+Vista,CA",3.4,305,Under $500K,26-50,Low,San Diego County
Michael,Rodriguez,info@perezseatery.com,(619) 449-2666,Perez's Eatery,3237 Hollywood Blvd,Chula Vista,San Diego County,CA,93045,Eatery,,CA_Restaurant_Scraper,B,"Restaurant, Eatery, POS_Prospect, Chula Vista",Auto-generated lead for PSDepot outreach. Type: Eatery,2026-04-28,,"https://maps.google.com/?q=3237+Hollywood+Blvd,Chula+Vista,CA",3.1,251,$500K-$1M,11-25,Low,San Diego County
Pedro,Rodriguez,,(619) 495-1633,Santa DelTacos,5020 Pine St,Chula Vista,San Diego County,CA,94430,Tacos,https://www.santadeltacos.com,CA_Restaurant_Scraper,A,"Restaurant, Tacos, POS_Prospect, Chula Vista",Auto-generated lead for PSDepot outreach. Type: Tacos,2026-04-28,,"https://maps.google.com/?q=5020+Pine+St,Chula+Vista,CA",4.5,164,$500K-$1M,11-25,Low,San Diego County
Linda,Hernandez,,(619) 560-1425,Blue DeBBQ,2427 Pine St,Chula Vista,San Diego County,CA,96874,BBQ,,CA_Restaurant_Scraper,B,"Restaurant, BBQ, POS_Prospect, Chula Vista",Auto-generated lead for PSDepot outreach. Type: BBQ,2026-04-28,,"https://maps.google.com/?q=2427+Pine+St,Chula+Vista,CA",4.0,366,$1M-$2.5M,11-25,Medium,San Diego County
David,Gonzalez,,(619) 213-2386,Cafe Burritos,1315 Main St,Chula Vista,San Diego County,CA,95428,Cafe,,CA_Restaurant_Scraper,A,"Restaurant, Cafe, POS_Prospect, Chula Vista",Auto-generated lead for PSDepot outreach. Type: Cafe,2026-04-28,https://www.yelp.com/biz/cafe-burritos-chula-vista,"https://maps.google.com/?q=1315+Main+St,Chula+Vista,CA",4.3,449,$5M+,100+,High,San Diego County
Linda,Garcia,,(619) 996-7304,Cafe DelRestaurant,1923 Hollywood Blvd,Chula Vista,San Diego County,CA,90001,Restaurant,,CA_Restaurant_Scraper,A,"Restaurant, Restaurant, POS_Prospect, Chula Vista",Auto-generated lead for PSDepot outreach. Type: Restaurant,2026-04-28,https://www.yelp.com/biz/cafe-delrestaurant-chula-vista,"https://maps.google.com/?q=1923+Hollywood+Blvd,Chula+Vista,CA",3.2,427,Under $500K,1-10,Low,San Diego County
Maria,Flores,info@greendelburger.com,(619) 991-3492,Green DelBurger,4205 Oak St,Chula Vista,San Diego County,CA,95351,Burger,https://www.greendelburger.com,CA_Restaurant_Scraper,B,"Restaurant, Burger, POS_Prospect, Chula Vista",Auto-generated lead for PSDepot outreach. Type: Burger,2026-04-28,https://www.yelp.com/biz/green-delburger-chula-vista,"https://maps.google.com/?q=4205+Oak+St,Chula+Vista,CA",,,$1M-$2.5M,51-100,Medium,San Diego County
Ana,Rivera,,(619) 751-6221,La DeTaqueria,9194 Wilshire Blvd,Chula Vista,San Diego County,CA,93849,Taqueria,,CA_Restaurant_Scraper,B,"Restaurant, Taqueria, POS_Prospect, Chula Vista",Auto-generated lead for PSDepot outreach. Type: Taqueria,2026-04-28,https://www.yelp.com/biz/la-detaqueria-chula-vista,"https://maps.google.com/?q=9194+Wilshire+Blvd,Chula+Vista,CA",4.6,305,$2.5M-$5M,100+,High,San Diego County
John,Williams,,(619) 272-4429,Hernandez's Grill,8724 Pine St,Chula Vista,San Diego County,CA,94508,Grill,https://www.hernandezsgrill.com,CA_Restaurant_Scraper,A,"Restaurant, Grill, POS_Prospect, Chula Vista",Auto-generated lead for PSDepot outreach. Type: Grill,2026-04-28,https://www.yelp.com/biz/hernandezs-grill-chula-vista,"https://maps.google.com/?q=8724+Pine+St,Chula+Vista,CA",4.5,10,$500K-$1M,100+,Low,San Diego County
Juan,Garcia,info@ramirezscoffee.com,(619) 577-7523,Ramirez's Coffee,2158 Main St,Chula Vista,San Diego County,CA,93106,Coffee,,CA_Restaurant_Scraper,A,"Restaurant, Coffee, POS_Prospect, Chula Vista",Auto-generated lead for PSDepot outreach. Type: Coffee,2026-04-28,,"https://maps.google.com/?q=2158+Main+St,Chula+Vista,CA",3.6,167,$1M-$2.5M,100+,Medium,San Diego County
Pedro,Garcia,info@grilldetacos.com,(619) 262-4029,Grill DeTacos,3882 Oak St,Chula Vista,San Diego County,CA,90679,Grill,https://www.grilldetacos.com,CA_Restaurant_Scraper,B,"Restaurant, Grill, POS_Prospect, Chula Vista",Auto-generated lead for PSDepot outreach. Type: Grill,2026-04-28,https://www.yelp.com/biz/grill-detacos-chula-vista,"https://maps.google.com/?q=3882+Oak+St,Chula+Vista,CA",3.7,288,$500K-$1M,11-25,Low,San Diego County
Barbara,Rivera,,(619) 793-2084,Los DelKitchen,7679 Second St,Chula Vista,San Diego County,CA,93969,Kitchen,,CA_Restaurant_Scraper,C,"Restaurant, Kitchen, POS_Prospect, Chula Vista",Auto-generated lead for PSDepot outreach. Type: Kitchen,2026-04-28,https://www.yelp.com/biz/los-delkitchen-chula-vista,"https://maps.google.com/?q=7679+Second+St,Chula+Vista,CA",3.7,21,$500K-$1M,11-25,Low,San Diego County
Jose,Lopez,info@reddeltaqueria.com,(619) 324-7317,Red DelTaqueria,7399 Broadway,Chula Vista,San Diego County,CA,92789,Taqueria,,CA_Restaurant_Scraper,B,"Restaurant, Taqueria, POS_Prospect, Chula Vista",Auto-generated lead for PSDepot outreach. Type: Taqueria,2026-04-28,https://www.yelp.com/biz/red-deltaqueria-chula-vista,"https://maps.google.com/?q=7399+Broadway,Chula+Vista,CA",3.5,260,$5M+,51-100,High,San Diego County
Betty,Miller,info@housedesushi.com,(619) 835-3026,House DeSushi,6645 Washington Blvd,Chula Vista,San Diego County,CA,93553,Sushi,,CA_Restaurant_Scraper,C,"Restaurant, Sushi, POS_Prospect, Chula Vista",Auto-generated lead for PSDepot outreach. Type: Sushi,2026-04-28,https://www.yelp.com/biz/house-desushi-chula-vista,"https://maps.google.com/?q=6645+Washington+Blvd,Chula+Vista,CA",4.7,138,$500K-$1M,26-50,Low,San Diego County
Jose,Garcia,info@bigdebargrill.com,(619) 614-5923,Big DeBar & Grill,3939 Second St,Chula Vista,San Diego County,CA,90429,Bar & Grill,,CA_Restaurant_Scraper,A,"Restaurant, Bar & Grill, POS_Prospect, Chula Vista",Auto-generated lead for PSDepot outreach. Type: Bar & Grill,2026-04-28,https://www.yelp.com/biz/big-debar-&-grill-chula-vista,"https://maps.google.com/?q=3939+Second+St,Chula+Vista,CA",,,$2.5M-$5M,26-50,High,San Diego County
Paul,Martinez,info@cafedegrill.com,(619) 982-4120,Cafe DeGrill,4961 Pico Blvd,Chula Vista,San Diego County,CA,96872,Cafe,,CA_Restaurant_Scraper,B,"Restaurant, Cafe, POS_Prospect, Chula Vista",Auto-generated lead for PSDepot outreach. Type: Cafe,2026-04-28,https://www.yelp.com/biz/cafe-degrill-chula-vista,"https://maps.google.com/?q=4961+Pico+Blvd,Chula+Vista,CA",3.9,323,$5M+,100+,High,San Diego County
Richard,Hernandez,info@martinezsbakery.com,(619) 398-3582,Martinez's Bakery,9265 First St,Chula Vista,San Diego County,CA,96159,Bakery,,CA_Restaurant_Scraper,A,"Restaurant, Bakery, POS_Prospect, Chula Vista",Auto-generated lead for PSDepot outreach. Type: Bakery,2026-04-28,https://www.yelp.com/biz/martinezs-bakery-chula-vista,"https://maps.google.com/?q=9265+First+St,Chula+Vista,CA",,,$1M-$2.5M,100+,Medium,San Diego County
Elizabeth,Lopez,,(619) 476-1964,Bistro DelDiner,8651 Broadway,Chula Vista,San Diego County,CA,94202,Diner,https://www.bistrodeldiner.com,CA_Restaurant_Scraper,B,"Restaurant, Diner, POS_Prospect, Chula Vista",Auto-generated lead for PSDepot outreach. Type: Diner,2026-04-28,,"https://maps.google.com/?q=8651+Broadway,Chula+Vista,CA",3.1,409,Under $500K,51-100,Low,San Diego County
Anthony,Ramirez,info@torresscafe.com,(619) 419-5117,Torres's Cafe,1411 Pico Blvd,Chula Vista,San Diego County,CA,94266,Cafe,,CA_Restaurant_Scraper,A,"Restaurant, Cafe, POS_Prospect, Chula Vista",Auto-generated lead for PSDepot outreach. Type: Cafe,2026-04-28,https://www.yelp.com/biz/torress-cafe-chula-vista,"https://maps.google.com/?q=1411+Pico+Blvd,Chula+Vista,CA",4.8,419,$500K-$1M,11-25,Low,San Diego County
Susan,Rivera,info@lasdeltacos.com,(619) 704-5344,Las DelTacos,5879 Elm St,Chula Vista,San Diego County,CA,92208,Tacos,https://www.lasdeltacos.com,CA_Restaurant_Scraper,B,"Restaurant, Tacos, POS_Prospect, Chula Vista",Auto-generated lead for PSDepot outreach. Type: Tacos,2026-04-28,,"https://maps.google.com/?q=5879+Elm+St,Chula+Vista,CA",4.8,182,$1M-$2.5M,100+,Medium,San Diego County
Maria,Jones,info@perezsbbq.com,(619) 218-9356,Perez's BBQ,598 Sunset Blvd,Chula Vista,San Diego County,CA,94320,BBQ,,CA_Restaurant_Scraper,B,"Restaurant, BBQ, POS_Prospect, Chula Vista",Auto-generated lead for PSDepot outreach. Type: BBQ,2026-04-28,,"https://maps.google.com/?q=598+Sunset+Blvd,Chula+Vista,CA",,,Under $500K,100+,Low,San Diego County
Patricia,Miller,,(619) 224-4078,Red DeTaqueria,9528 First St,Chula Vista,San Diego County,CA,94839,Taqueria,https://www.reddetaqueria.com,CA_Restaurant_Scraper,A,"Restaurant, Taqueria, POS_Prospect, Chula Vista",Auto-generated lead for PSDepot outreach. Type: Taqueria,2026-04-28,,"https://maps.google.com/?q=9528+First+St,Chula+Vista,CA",3.4,174,$1M-$2.5M,51-100,Medium,San Diego County
John,Rodriguez,,(619) 441-1465,Gonzalez's Bakery,5263 First St,Chula Vista,San Diego County,CA,91106,Bakery,,CA_Restaurant_Scraper,B,"Restaurant, Bakery, POS_Prospect, Chula Vista",Auto-generated lead for PSDepot outreach. Type: Bakery,2026-04-28,,"https://maps.google.com/?q=5263+First+St,Chula+Vista,CA",3.3,133,Under $500K,11-25,Low,San Diego County
Sarah,Hernandez,info@littledediner.com,(619) 773-1998,Little DeDiner,971 Maple Ave,Chula Vista,San Diego County,CA,93669,Diner,,CA_Restaurant_Scraper,C,"Restaurant, Diner, POS_Prospect, Chula Vista",Auto-generated lead for PSDepot outreach. Type: Diner,2026-04-28,https://www.yelp.com/biz/little-dediner-chula-vista,"https://maps.google.com/?q=971+Maple+Ave,Chula+Vista,CA",,,Under $500K,11-25,Low,San Diego County
Sarah,Rodriguez,info@perezssteakhouse.com,(619) 550-7767,Perez's Steakhouse,2383 Pico Blvd,Chula Vista,San Diego County,CA,96298,Steakhouse,,CA_Restaurant_Scraper,B,"Restaurant, Steakhouse, POS_Prospect, Chula Vista",Auto-generated lead for PSDepot outreach. Type: Steakhouse,2026-04-28,https://www.yelp.com/biz/perezs-steakhouse-chula-vista,"https://maps.google.com/?q=2383+Pico+Blvd,Chula+Vista,CA",3.1,303,$1M-$2.5M,51-100,Medium,San Diego County
Susan,Jones,info@lasdelcoffee.com,(619) 595-3702,Las DelCoffee,7918 Third St,Chula Vista,San Diego County,CA,93412,Coffee,,CA_Restaurant_Scraper,B,"Restaurant, Coffee, POS_Prospect, Chula Vista",Auto-generated lead for PSDepot outreach. Type: Coffee,2026-04-28,https://www.yelp.com/biz/las-delcoffee-chula-vista,"https://maps.google.com/?q=7918+Third+St,Chula+Vista,CA",4.0,40,$2.5M-$5M,26-50,High,San Diego County
Luis,Ramirez,,(619) 758-9784,Spot Taqueria,101 Mission St,Chula Vista,San Diego County,CA,91235,Taqueria,,CA_Restaurant_Scraper,B,"Restaurant, Taqueria, POS_Prospect, Chula Vista",Auto-generated lead for PSDepot outreach. Type: Taqueria,2026-04-28,https://www.yelp.com/biz/spot-taqueria-chula-vista,"https://maps.google.com/?q=101+Mission+St,Chula+Vista,CA",3.6,46,$500K-$1M,100+,Low,San Diego County
Margaret,Hernandez,info@johnsonssushi.com,(619) 581-1385,Johnson's Sushi,973 Washington Blvd,Chula Vista,San Diego County,CA,94046,Sushi,,CA_Restaurant_Scraper,A,"Restaurant, Sushi, POS_Prospect, Chula Vista",Auto-generated lead for PSDepot outreach. Type: Sushi,2026-04-28,https://www.yelp.com/biz/johnsons-sushi-chula-vista,"https://maps.google.com/?q=973+Washington+Blvd,Chula+Vista,CA",3.4,217,Under $500K,1-10,Low,San Diego County
Anthony,Davis,info@smithsrestaurant.com,(619) 845-7846,Smith's Restaurant,8726 Jefferson St,Chula Vista,San Diego County,CA,94792,Restaurant,,CA_Restaurant_Scraper,A,"Restaurant, Restaurant, POS_Prospect, Chula Vista",Auto-generated lead for PSDepot outreach. Type: Restaurant,2026-04-28,https://www.yelp.com/biz/smiths-restaurant-chula-vista,"https://maps.google.com/?q=8726+Jefferson+St,Chula+Vista,CA",,,$500K-$1M,1-10,Low,San Diego County
Juan,Perez,info@lassteakhouse.com,(619) 919-3950,Las Steakhouse,3031 Main St,Chula Vista,San Diego County,CA,96433,Steakhouse,https://www.lassteakhouse.com,CA_Restaurant_Scraper,A,"Restaurant, Steakhouse, POS_Prospect, Chula Vista",Auto-generated lead for PSDepot outreach. Type: Steakhouse,2026-04-28,,"https://maps.google.com/?q=3031+Main+St,Chula+Vista,CA",4.2,253,$500K-$1M,51-100,Low,San Diego County
Linda,Gonzalez,info@labistro.com,(619) 359-4903,La Bistro,5042 Mission St,Chula Vista,San Diego County,CA,93875,Bistro,,CA_Restaurant_Scraper,C,"Restaurant, Bistro, POS_Prospect, Chula Vista",Auto-generated lead for PSDepot outreach. Type: Bistro,2026-04-28,https://www.yelp.com/biz/la-bistro-chula-vista,"https://maps.google.com/?q=5042+Mission+St,Chula+Vista,CA",3.3,495,$500K-$1M,1-10,Low,San Diego County
William,Lopez,info@gonzalezsburger.com,(619) 666-8122,Gonzalez's Burger,6979 Sunset Blvd,Chula Vista,San Diego County,CA,92435,Burger,https://www.gonzalezsburger.com,CA_Restaurant_Scraper,B,"Restaurant, Burger, POS_Prospect, Chula Vista",Auto-generated lead for PSDepot outreach. Type: Burger,2026-04-28,https://www.yelp.com/biz/gonzalezs-burger-chula-vista,"https://maps.google.com/?q=6979+Sunset+Blvd,Chula+Vista,CA",4.7,493,$5M+,51-100,High,San Diego County
Christopher,Miller,,(619) 515-3793,Los DeCoffee,9236 Cedar Ave,Chula Vista,San Diego County,CA,93686,Coffee,,CA_Restaurant_Scraper,A,"Restaurant, Coffee, POS_Prospect, Chula Vista",Auto-generated lead for PSDepot outreach. Type: Coffee,2026-04-28,https://www.yelp.com/biz/los-decoffee-chula-vista,"https://maps.google.com/?q=9236+Cedar+Ave,Chula+Vista,CA",4.1,309,Under $500K,26-50,Low,San Diego County
Jessica,Garcia,,(619) 725-9298,Golden Seafood,5551 Jefferson St,Chula Vista,San Diego County,CA,90439,Seafood,,CA_Restaurant_Scraper,B,"Restaurant, Seafood, POS_Prospect, Chula Vista",Auto-generated lead for PSDepot outreach. Type: Seafood,2026-04-28,https://www.yelp.com/biz/golden-seafood-chula-vista,"https://maps.google.com/?q=5551+Jefferson+St,Chula+Vista,CA",3.6,180,$2.5M-$5M,11-25,High,San Diego County
Susan,Brown,info@brownspizza.com,(619) 400-7330,Brown's Pizza,1567 Main St,Chula Vista,San Diego County,CA,90251,Pizza,,CA_Restaurant_Scraper,B,"Restaurant, Pizza, POS_Prospect, Chula Vista",Auto-generated lead for PSDepot outreach. Type: Pizza,2026-04-28,https://www.yelp.com/biz/browns-pizza-chula-vista,"https://maps.google.com/?q=1567+Main+St,Chula+Vista,CA",3.1,55,$1M-$2.5M,51-100,Medium,San Diego County
Karen,Smith,,(619) 910-3660,Blue DeBurritos,5200 Washington Blvd,Chula Vista,San Diego County,CA,91177,Burritos,,CA_Restaurant_Scraper,C,"Restaurant, Burritos, POS_Prospect, Chula Vista",Auto-generated lead for PSDepot outreach. Type: Burritos,2026-04-28,https://www.yelp.com/biz/blue-deburritos-chula-vista,"https://maps.google.com/?q=5200+Washington+Blvd,Chula+Vista,CA",,,$500K-$1M,1-10,Low,San Diego County
Mary,Brown,,(619) 997-6332,Bistro Grill,8236 Maple Ave,Chula Vista,San Diego County,CA,90116,Bistro,https://www.bistrogrill.com,CA_Restaurant_Scraper,B,"Restaurant, Bistro, POS_Prospect, Chula Vista",Auto-generated lead for PSDepot outreach. Type: Bistro,2026-04-28,,"https://maps.google.com/?q=8236+Maple+Ave,Chula+Vista,CA",,,$2.5M-$5M,26-50,High,San Diego County
John,Johnson,info@kitchensteakhouse.com,(619) 856-5020,Kitchen Steakhouse,2161 Main St,Chula Vista,San Diego County,CA,94492,Kitchen,,CA_Restaurant_Scraper,C,"Restaurant, Kitchen, POS_Prospect, Chula Vista",Auto-generated lead for PSDepot outreach. Type: Kitchen,2026-04-28,https://www.yelp.com/biz/kitchen-steakhouse-chula-vista,"https://maps.google.com/?q=2161+Main+St,Chula+Vista,CA",4.7,408,$5M+,51-100,High,San Diego County
Juan,Sanchez,,(619) 683-9556,Brown's Steakhouse,9708 Second St,Chula Vista,San Diego County,CA,93401,Steakhouse,,CA_Restaurant_Scraper,A,"Restaurant, Steakhouse, POS_Prospect, Chula Vista",Auto-generated lead for PSDepot outreach. Type: Steakhouse,2026-04-28,https://www.yelp.com/biz/browns-steakhouse-chula-vista,"https://maps.google.com/?q=9708+Second+St,Chula+Vista,CA",3.4,263,$2.5M-$5M,51-100,High,San Diego County
Jose,Miller,info@bigdeburger.com,(619) 591-6799,Big DeBurger,2850 Second St,Chula Vista,San Diego County,CA,92328,Burger,,CA_Restaurant_Scraper,C,"Restaurant, Burger, POS_Prospect, Chula Vista",Auto-generated lead for PSDepot outreach. Type: Burger,2026-04-28,https://www.yelp.com/biz/big-deburger-chula-vista,"https://maps.google.com/?q=2850+Second+St,Chula+Vista,CA",,,$2.5M-$5M,26-50,High,San Diego County
Mary,Gonzalez,info@casabistro.com,(619) 642-1165,Casa Bistro,918 Oak St,Chula Vista,San Diego County,CA,90229,Bistro,,CA_Restaurant_Scraper,A,"Restaurant, Bistro, POS_Prospect, Chula Vista",Auto-generated lead for PSDepot outreach. Type: Bistro,2026-04-28,https://www.yelp.com/biz/casa-bistro-chula-vista,"https://maps.google.com/?q=918+Oak+St,Chula+Vista,CA",4.6,167,$1M-$2.5M,1-10,Medium,San Diego County
David,Davis,,(619) 806-5124,San BBQ,6408 Sunset Blvd,Chula Vista,San Diego County,CA,91588,BBQ,https://www.sanbbq.com,CA_Restaurant_Scraper,A,"Restaurant, BBQ, POS_Prospect, Chula Vista",Auto-generated lead for PSDepot outreach. Type: BBQ,2026-04-28,https://www.yelp.com/biz/san-bbq-chula-vista,"https://maps.google.com/?q=6408+Sunset+Blvd,Chula+Vista,CA",4.1,97,$1M-$2.5M,11-25,Medium,San Diego County
Pedro,Rivera,,(619) 803-9314,Las Taqueria,1773 Sunset Blvd,Chula Vista,San Diego County,CA,93517,Taqueria,https://www.lastaqueria.com,CA_Restaurant_Scraper,A,"Restaurant, Taqueria, POS_Prospect, Chula Vista",Auto-generated lead for PSDepot outreach. Type: Taqueria,2026-04-28,https://www.yelp.com/biz/las-taqueria-chula-vista,"https://maps.google.com/?q=1773+Sunset+Blvd,Chula+Vista,CA",,,$5M+,100+,High,San Diego County
Lisa,Torres,info@ladetacos.com,(619) 975-4243,La DeTacos,2999 Elm St,Chula Vista,San Diego County,CA,90023,Tacos,,CA_Restaurant_Scraper,A,"Restaurant, Tacos, POS_Prospect, Chula Vista",Auto-generated lead for PSDepot outreach. Type: Tacos,2026-04-28,https://www.yelp.com/biz/la-detacos-chula-vista,"https://maps.google.com/?q=2999+Elm+St,Chula+Vista,CA",3.6,406,Under $500K,51-100,Low,San Diego County
Michael,Torres,info@casadediner.com,(619) 355-2514,Casa DeDiner,9450 Broadway,Chula Vista,San Diego County,CA,95519,Diner,,CA_Restaurant_Scraper,C,"Restaurant, Diner, POS_Prospect, Chula Vista",Auto-generated lead for PSDepot outreach. Type: Diner,2026-04-28,,"https://maps.google.com/?q=9450+Broadway,Chula+Vista,CA",3.9,288,$1M-$2.5M,26-50,Medium,San Diego County
Juan,Garcia,info@bigcoffee.com,(619) 274-9693,Big Coffee,913 Ocean Ave,Chula Vista,San Diego County,CA,94297,Coffee,https://www.bigcoffee.com,CA_Restaurant_Scraper,B,"Restaurant, Coffee, POS_Prospect, Chula Vista",Auto-generated lead for PSDepot outreach. Type: Coffee,2026-04-28,https://www.yelp.com/biz/big-coffee-chula-vista,"https://maps.google.com/?q=913+Ocean+Ave,Chula+Vista,CA",4.3,348,$2.5M-$5M,51-100,High,San Diego County
Daniel,Rodriguez,,(619) 432-9055,El DeSushi,3134 First St,Chula Vista,San Diego County,CA,96224,Sushi,,CA_Restaurant_Scraper,B,"Restaurant, Sushi, POS_Prospect, Chula Vista",Auto-generated lead for PSDepot outreach. Type: Sushi,2026-04-28,https://www.yelp.com/biz/el-desushi-chula-vista,"https://maps.google.com/?q=3134+First+St,Chula+Vista,CA",3.4,496,Under $500K,51-100,Low,San Diego County
Betty,Rodriguez,info@gonzalezskitchen.com,(619) 853-5132,Gonzalez's Kitchen,528 Washington Blvd,Chula Vista,San Diego County,CA,93386,Kitchen,https://www.gonzalezskitchen.com,CA_Restaurant_Scraper,C,"Restaurant, Kitchen, POS_Prospect, Chula Vista",Auto-generated lead for PSDepot outreach. Type: Kitchen,2026-04-28,https://www.yelp.com/biz/gonzalezs-kitchen-chula-vista,"https://maps.google.com/?q=528+Washington+Blvd,Chula+Vista,CA",4.7,313,$5M+,100+,High,San Diego County
Sarah,Rodriguez,info@martinezspizza.com,(619) 571-4665,Martinez's Pizza,422 Oak St,Chula Vista,San Diego County,CA,93535,Pizza,,CA_Restaurant_Scraper,A,"Restaurant, Pizza, POS_Prospect, Chula Vista",Auto-generated lead for PSDepot outreach. Type: Pizza,2026-04-28,https://www.yelp.com/biz/martinezs-pizza-chula-vista,"https://maps.google.com/?q=422+Oak+St,Chula+Vista,CA",4.5,154,$2.5M-$5M,100+,High,San Diego County
Sarah,Smith,info@cornergrill.com,(619) 872-4769,Corner Grill,8814 Market St,Chula Vista,San Diego County,CA,96865,Grill,,CA_Restaurant_Scraper,B,"Restaurant, Grill, POS_Prospect, Chula Vista",Auto-generated lead for PSDepot outreach. Type: Grill,2026-04-28,https://www.yelp.com/biz/corner-grill-chula-vista,"https://maps.google.com/?q=8814+Market+St,Chula+Vista,CA",5.0,247,Under $500K,51-100,Low,San Diego County
Juan,Martinez,,(619) 606-4481,San Grill,7768 Maple Ave,Chula Vista,San Diego County,CA,92451,Grill,,CA_Restaurant_Scraper,C,"Restaurant, Grill, POS_Prospect, Chula Vista",Auto-generated lead for PSDepot outreach. Type: Grill,2026-04-28,,"https://maps.google.com/?q=7768+Maple+Ave,Chula+Vista,CA",4.8,498,$5M+,1-10,High,San Diego County
Mary,Lopez,info@housecafe.com,(619) 461-2717,House Cafe,4619 Market St,Chula Vista,San Diego County,CA,90778,Cafe,https://www.housecafe.com,CA_Restaurant_Scraper,B,"Restaurant, Cafe, POS_Prospect, Chula Vista",Auto-generated lead for PSDepot outreach. Type: Cafe,2026-04-28,,"https://maps.google.com/?q=4619+Market+St,Chula+Vista,CA",3.1,326,$2.5M-$5M,11-25,High,San Diego County
Juan,Miller,info@sankitchen.com,(619) 518-7661,San Kitchen,8804 Second St,Chula Vista,San Diego County,CA,96539,Kitchen,,CA_Restaurant_Scraper,C,"Restaurant, Kitchen, POS_Prospect, Chula Vista",Auto-generated lead for PSDepot outreach. Type: Kitchen,2026-04-28,https://www.yelp.com/biz/san-kitchen-chula-vista,"https://maps.google.com/?q=8804+Second+St,Chula+Vista,CA",5.0,230,$1M-$2.5M,100+,Medium,San Diego County
John,Jones,,(619) 778-8957,Santa DeTacos,173 Maple Ave,Chula Vista,San Diego County,CA,94002,Tacos,,CA_Restaurant_Scraper,B,"Restaurant, Tacos, POS_Prospect, Chula Vista",Auto-generated lead for PSDepot outreach. Type: Tacos,2026-04-28,https://www.yelp.com/biz/santa-detacos-chula-vista,"https://maps.google.com/?q=173+Maple+Ave,Chula+Vista,CA",3.3,74,Under $500K,51-100,Low,San Diego County
Patricia,Lopez,info@spotdeltaqueria.com,(619) 244-2153,Spot DelTaqueria,8145 Cedar Ave,Chula Vista,San Diego County,CA,94097,Taqueria,,CA_Restaurant_Scraper,C,"Restaurant, Taqueria, POS_Prospect, Chula Vista",Auto-generated lead for PSDepot outreach. Type: Taqueria,2026-04-28,https://www.yelp.com/biz/spot-deltaqueria-chula-vista,"https://maps.google.com/?q=8145+Cedar+Ave,Chula+Vista,CA",4.2,465,$500K-$1M,100+,Low,San Diego County
Anthony,Martinez,info@williamsscoffee.com,(619) 594-9749,Williams's Coffee,8141 Maple Ave,Chula Vista,San Diego County,CA,96529,Coffee,https://www.williamsscoffee.com,CA_Restaurant_Scraper,C,"Restaurant, Coffee, POS_Prospect, Chula Vista",Auto-generated lead for PSDepot outreach. Type: Coffee,2026-04-28,https://www.yelp.com/biz/williamss-coffee-chula-vista,"https://maps.google.com/?q=8141+Maple+Ave,Chula+Vista,CA",4.5,470,$1M-$2.5M,100+,Medium,San Diego County
Elizabeth,Ramirez,info@davisskitchen.com,(619) 487-7066,Davis's Kitchen,9789 Sunset Blvd,Chula Vista,San Diego County,CA,96502,Kitchen,,CA_Restaurant_Scraper,C,"Restaurant, Kitchen, POS_Prospect, Chula Vista",Auto-generated lead for PSDepot outreach. Type: Kitchen,2026-04-28,https://www.yelp.com/biz/daviss-kitchen-chula-vista,"https://maps.google.com/?q=9789+Sunset+Blvd,Chula+Vista,CA",3.7,191,$1M-$2.5M,11-25,Medium,San Diego County
Michael,Jones,info@cornerseafood.com,(619) 539-8276,Corner Seafood,9754 Oak St,Chula Vista,San Diego County,CA,96727,Seafood,,CA_Restaurant_Scraper,C,"Restaurant, Seafood, POS_Prospect, Chula Vista",Auto-generated lead for PSDepot outreach. Type: Seafood,2026-04-28,https://www.yelp.com/biz/corner-seafood-chula-vista,"https://maps.google.com/?q=9754+Oak+St,Chula+Vista,CA",4.8,177,$2.5M-$5M,1-10,High,San Diego County
Juan,Jones,,(619) 217-2435,Torres's Coffee,6030 Washington Blvd,Chula Vista,San Diego County,CA,96881,Coffee,,CA_Restaurant_Scraper,A,"Restaurant, Coffee, POS_Prospect, Chula Vista",Auto-generated lead for PSDepot outreach. Type: Coffee,2026-04-28,https://www.yelp.com/biz/torress-coffee-chula-vista,"https://maps.google.com/?q=6030+Washington+Blvd,Chula+Vista,CA",4.8,466,$1M-$2.5M,51-100,Medium,San Diego County
Paul,Martinez,info@goldenburritos.com,(619) 309-2513,Golden Burritos,9282 Maple Ave,Chula Vista,San Diego County,CA,91099,Burritos,https://www.goldenburritos.com,CA_Restaurant_Scraper,C,"Restaurant, Burritos, POS_Prospect, Chula Vista",Auto-generated lead for PSDepot outreach. Type: Burritos,2026-04-28,https://www.yelp.com/biz/golden-burritos-chula-vista,"https://maps.google.com/?q=9282+Maple+Ave,Chula+Vista,CA",4.1,452,Under $500K,26-50,Low,San Diego County
Elizabeth,Miller,info@williamsspizza.com,(619) 826-6142,Williams's Pizza,5621 Pine St,Chula Vista,San Diego County,CA,90436,Pizza,,CA_Restaurant_Scraper,C,"Restaurant, Pizza, POS_Prospect, Chula Vista",Auto-generated lead for PSDepot outreach. Type: Pizza,2026-04-28,https://www.yelp.com/biz/williamss-pizza-chula-vista,"https://maps.google.com/?q=5621+Pine+St,Chula+Vista,CA",4.4,162,$1M-$2.5M,26-50,Medium,San Diego County
Barbara,Brown,info@ladelcafe.com,(619) 200-4500,La DelCafe,1741 Cedar Ave,Chula Vista,San Diego County,CA,96542,Cafe,https://www.ladelcafe.com,CA_Restaurant_Scraper,C,"Restaurant, Cafe, POS_Prospect, Chula Vista",Auto-generated lead for PSDepot outreach. Type: Cafe,2026-04-28,https://www.yelp.com/biz/la-delcafe-chula-vista,"https://maps.google.com/?q=1741+Cedar+Ave,Chula+Vista,CA",3.0,292,$2.5M-$5M,100+,High,San Diego County
Richard,Gonzalez,info@saneatery.com,(619) 625-8845,San Eatery,6569 Jefferson St,Chula Vista,San Diego County,CA,93217,Eatery,https://www.saneatery.com,CA_Restaurant_Scraper,A,"Restaurant, Eatery, POS_Prospect, Chula Vista",Auto-generated lead for PSDepot outreach. Type: Eatery,2026-04-28,,"https://maps.google.com/?q=6569+Jefferson+St,Chula+Vista,CA",3.5,111,$2.5M-$5M,26-50,High,San Diego County
Margaret,Hernandez,info@bistrodecoffee.com,(619) 614-8400,Bistro DeCoffee,610 Market St,Chula Vista,San Diego County,CA,96662,Bistro,,CA_Restaurant_Scraper,C,"Restaurant, Bistro, POS_Prospect, Chula Vista",Auto-generated lead for PSDepot outreach. Type: Bistro,2026-04-28,https://www.yelp.com/biz/bistro-decoffee-chula-vista,"https://maps.google.com/?q=610+Market+St,Chula+Vista,CA",,,$5M+,11-25,High,San Diego County
Elizabeth,Martinez,info@lopezskitchen.com,(619) 218-3341,Lopez's Kitchen,7286 Third St,Chula Vista,San Diego County,CA,94602,Kitchen,,CA_Restaurant_Scraper,A,"Restaurant, Kitchen, POS_Prospect, Chula Vista",Auto-generated lead for PSDepot outreach. Type: Kitchen,2026-04-28,https://www.yelp.com/biz/lopezs-kitchen-chula-vista,"https://maps.google.com/?q=7286+Third+St,Chula+Vista,CA",4.6,476,$1M-$2.5M,11-25,Medium,San Diego County
Margaret,Davis,,(619) 696-7707,Lopez's Tacos,7127 Broadway,Chula Vista,San Diego County,CA,95572,Tacos,https://www.lopezstacos.com,CA_Restaurant_Scraper,C,"Restaurant, Tacos, POS_Prospect, Chula Vista",Auto-generated lead for PSDepot outreach. Type: Tacos,2026-04-28,https://www.yelp.com/biz/lopezs-tacos-chula-vista,"https://maps.google.com/?q=7127+Broadway,Chula+Vista,CA",3.9,42,Under $500K,11-25,Low,San Diego County
Roberto,Hernandez,info@bigdediner.com,(619) 480-7719,Big DeDiner,9747 Sunset Blvd,Chula Vista,San Diego County,CA,90147,Diner,https://www.bigdediner.com,CA_Restaurant_Scraper,B,"Restaurant, Diner, POS_Prospect, Chula Vista",Auto-generated lead for PSDepot outreach. Type: Diner,2026-04-28,https://www.yelp.com/biz/big-dediner-chula-vista,"https://maps.google.com/?q=9747+Sunset+Blvd,Chula+Vista,CA",4.1,85,$5M+,100+,High,San Diego County
James,Brown,info@gonzalezsbargrill.com,(619) 827-9111,Gonzalez's Bar & Grill,9860 Wilshire Blvd,Chula Vista,San Diego County,CA,91857,Bar & Grill,,CA_Restaurant_Scraper,A,"Restaurant, Bar & Grill, POS_Prospect, Chula Vista",Auto-generated lead for PSDepot outreach. Type: Bar & Grill,2026-04-28,https://www.yelp.com/biz/gonzalezs-bar-&-grill-chula-vista,"https://maps.google.com/?q=9860+Wilshire+Blvd,Chula+Vista,CA",,,$5M+,26-50,High,San Diego County
Luis,Garcia,info@sanbakery.com,(619) 774-7812,San Bakery,4925 Third St,Chula Vista,San Diego County,CA,90860,Bakery,,CA_Restaurant_Scraper,A,"Restaurant, Bakery, POS_Prospect, Chula Vista",Auto-generated lead for PSDepot outreach. Type: Bakery,2026-04-28,https://www.yelp.com/biz/san-bakery-chula-vista,"https://maps.google.com/?q=4925+Third+St,Chula+Vista,CA",3.5,390,$500K-$1M,11-25,Low,San Diego County
Pedro,Perez,info@davissbbq.com,(619) 617-5855,Davis's BBQ,5667 Cedar Ave,Chula Vista,San Diego County,CA,95013,BBQ,,CA_Restaurant_Scraper,C,"Restaurant, BBQ, POS_Prospect, Chula Vista",Auto-generated lead for PSDepot outreach. Type: BBQ,2026-04-28,https://www.yelp.com/biz/daviss-bbq-chula-vista,"https://maps.google.com/?q=5667+Cedar+Ave,Chula+Vista,CA",3.3,202,$5M+,100+,High,San Diego County
Matthew,Hernandez,info@cornerdebistro.com,(619) 659-4135,Corner DeBistro,7784 Third St,Chula Vista,San Diego County,CA,96734,Bistro,,CA_Restaurant_Scraper,B,"Restaurant, Bistro, POS_Prospect, Chula Vista",Auto-generated lead for PSDepot outreach. Type: Bistro,2026-04-28,https://www.yelp.com/biz/corner-debistro-chula-vista,"https://maps.google.com/?q=7784+Third+St,Chula+Vista,CA",3.9,7,Under $500K,100+,Low,San Diego County
Linda,Lopez,info@torresssushi.com,(619) 410-3366,Torres's Sushi,2581 Cedar Ave,Chula Vista,San Diego County,CA,93946,Sushi,https://www.torresssushi.com,CA_Restaurant_Scraper,B,"Restaurant, Sushi, POS_Prospect, Chula Vista",Auto-generated lead for PSDepot outreach. Type: Sushi,2026-04-28,https://www.yelp.com/biz/torress-sushi-chula-vista,"https://maps.google.com/?q=2581+Cedar+Ave,Chula+Vista,CA",4.6,91,$5M+,11-25,High,San Diego County
Daniel,Flores,,(619) 583-1104,Sanchez's Steakhouse,3700 Jefferson St,Chula Vista,San Diego County,CA,92589,Steakhouse,,CA_Restaurant_Scraper,C,"Restaurant, Steakhouse, POS_Prospect, Chula Vista",Auto-generated lead for PSDepot outreach. Type: Steakhouse,2026-04-28,https://www.yelp.com/biz/sanchezs-steakhouse-chula-vista,"https://maps.google.com/?q=3700+Jefferson+St,Chula+Vista,CA",,,$2.5M-$5M,51-100,High,San Diego County
Daniel,Ramirez,,(619) 827-6382,Casa DeSushi,3685 First St,Chula Vista,San Diego County,CA,96972,Sushi,https://www.casadesushi.com,CA_Restaurant_Scraper,A,"Restaurant, Sushi, POS_Prospect, Chula Vista",Auto-generated lead for PSDepot outreach. Type: Sushi,2026-04-28,https://www.yelp.com/biz/casa-desushi-chula-vista,"https://maps.google.com/?q=3685+First+St,Chula+Vista,CA",,,$5M+,26-50,High,San Diego County
Jessica,Martinez,info@johnsonscoffee.com,(619) 386-2538,Johnson's Coffee,7914 First St,Chula Vista,San Diego County,CA,91289,Coffee,https://www.johnsonscoffee.com,CA_Restaurant_Scraper,B,"Restaurant, Coffee, POS_Prospect, Chula Vista",Auto-generated lead for PSDepot outreach. Type: Coffee,2026-04-28,https://www.yelp.com/biz/johnsons-coffee-chula-vista,"https://maps.google.com/?q=7914+First+St,Chula+Vista,CA",,,$5M+,11-25,High,San Diego County
Paul,Gonzalez,info@santadekitchen.com,(619) 730-1610,Santa DeKitchen,6326 Maple Ave,Chula Vista,San Diego County,CA,96927,Kitchen,,CA_Restaurant_Scraper,B,"Restaurant, Kitchen, POS_Prospect, Chula Vista",Auto-generated lead for PSDepot outreach. Type: Kitchen,2026-04-28,https://www.yelp.com/biz/santa-dekitchen-chula-vista,"https://maps.google.com/?q=6326+Maple+Ave,Chula+Vista,CA",3.6,456,$1M-$2.5M,11-25,Medium,San Diego County
William,Jones,info@hernandezskitchen.com,(619) 554-1782,Hernandez's Kitchen,1414 Ocean Ave,Chula Vista,San Diego County,CA,93608,Kitchen,https://www.hernandezskitchen.com,CA_Restaurant_Scraper,A,"Restaurant, Kitchen, POS_Prospect, Chula Vista",Auto-generated lead for PSDepot outreach. Type: Kitchen,2026-04-28,,"https://maps.google.com/?q=1414+Ocean+Ave,Chula+Vista,CA",3.4,96,$5M+,51-100,High,San Diego County
Christopher,Ramirez,,(619) 776-5548,Spot DeTaqueria,5750 Broadway,Chula Vista,San Diego County,CA,95686,Taqueria,,CA_Restaurant_Scraper,B,"Restaurant, Taqueria, POS_Prospect, Chula Vista",Auto-generated lead for PSDepot outreach. Type: Taqueria,2026-04-28,https://www.yelp.com/biz/spot-detaqueria-chula-vista,"https://maps.google.com/?q=5750+Broadway,Chula+Vista,CA",,,$2.5M-$5M,11-25,High,San Diego County
Robert,Flores,info@gomezsbargrill.com,(619) 446-5683,Gomez's Bar & Grill,5113 Broadway,Chula Vista,San Diego County,CA,92836,Bar & Grill,,CA_Restaurant_Scraper,C,"Restaurant, Bar & Grill, POS_Prospect, Chula Vista",Auto-generated lead for PSDepot outreach. Type: Bar & Grill,2026-04-28,https://www.yelp.com/biz/gomezs-bar-&-grill-chula-vista,"https://maps.google.com/?q=5113+Broadway,Chula+Vista,CA",4.9,144,$1M-$2.5M,100+,Medium,San Diego County
Ana,Williams,,(619) 213-5794,Silver Burritos,4077 Hollywood Blvd,Chula Vista,San Diego County,CA,93925,Burritos,,CA_Restaurant_Scraper,B,"Restaurant, Burritos, POS_Prospect, Chula Vista",Auto-generated lead for PSDepot outreach. Type: Burritos,2026-04-28,,"https://maps.google.com/?q=4077+Hollywood+Blvd,Chula+Vista,CA",3.3,289,Under $500K,51-100,Low,San Diego County
Elizabeth,Martinez,info@bluecafe.com,(619) 506-1292,Blue Cafe,7334 Mission St,Chula Vista,San Diego County,CA,93060,Cafe,,CA_Restaurant_Scraper,B,"Restaurant, Cafe, POS_Prospect, Chula Vista",Auto-generated lead for PSDepot outreach. Type: Cafe,2026-04-28,,"https://maps.google.com/?q=7334+Mission+St,Chula+Vista,CA",,,$1M-$2.5M,26-50,Medium,San Diego County
Nancy,Rivera,,(619) 958-5972,Pueblo DelKitchen,2909 Market St,Chula Vista,San Diego County,CA,96646,Kitchen,https://www.pueblodelkitchen.com,CA_Restaurant_Scraper,A,"Restaurant, Kitchen, POS_Prospect, Chula Vista",Auto-generated lead for PSDepot outreach. Type: Kitchen,2026-04-28,https://www.yelp.com/biz/pueblo-delkitchen-chula-vista,"https://maps.google.com/?q=2909+Market+St,Chula+Vista,CA",3.8,90,Under $500K,1-10,Low,San Diego County
Steven,Lopez,info@pueblodelpizza.com,(619) 621-7350,Pueblo DelPizza,429 Third St,Chula Vista,San Diego County,CA,93308,Pizza,,CA_Restaurant_Scraper,A,"Restaurant, Pizza, POS_Prospect, Chula Vista",Auto-generated lead for PSDepot outreach. Type: Pizza,2026-04-28,,"https://maps.google.com/?q=429+Third+St,Chula+Vista,CA",4.8,488,Under $500K,51-100,Low,San Diego County
Paul,Davis,,(619) 739-3533,Grill Cafe,4707 Main St,Chula Vista,San Diego County,CA,91218,Cafe,https://www.grillcafe.com,CA_Restaurant_Scraper,C,"Restaurant, Cafe, POS_Prospect, Chula Vista",Auto-generated lead for PSDepot outreach. Type: Cafe,2026-04-28,https://www.yelp.com/biz/grill-cafe-chula-vista,"https://maps.google.com/?q=4707+Main+St,Chula+Vista,CA",3.7,393,$1M-$2.5M,51-100,Medium,San Diego County
Juan,Gomez,,(619) 314-1384,La DeCafe,6881 First St,Chula Vista,San Diego County,CA,93261,Cafe,,CA_Restaurant_Scraper,A,"Restaurant, Cafe, POS_Prospect, Chula Vista",Auto-generated lead for PSDepot outreach. Type: Cafe,2026-04-28,https://www.yelp.com/biz/la-decafe-chula-vista,"https://maps.google.com/?q=6881+First+St,Chula+Vista,CA",3.6,435,$1M-$2.5M,1-10,Medium,San Diego County
Matthew,Miller,,(619) 357-3829,La DelTaqueria,5421 Ocean Ave,Chula Vista,San Diego County,CA,94079,Taqueria,https://www.ladeltaqueria.com,CA_Restaurant_Scraper,B,"Restaurant, Taqueria, POS_Prospect, Chula Vista",Auto-generated lead for PSDepot outreach. Type: Taqueria,2026-04-28,,"https://maps.google.com/?q=5421+Ocean+Ave,Chula+Vista,CA",3.7,170,Under $500K,11-25,Low,San Diego County
William,Flores,info@davisstacos.com,(619) 601-7949,Davis's Tacos,7622 Maple Ave,Chula Vista,San Diego County,CA,93827,Tacos,,CA_Restaurant_Scraper,C,"Restaurant, Tacos, POS_Prospect, Chula Vista",Auto-generated lead for PSDepot outreach. Type: Tacos,2026-04-28,,"https://maps.google.com/?q=7622+Maple+Ave,Chula+Vista,CA",3.3,484,$2.5M-$5M,100+,High,San Diego County
James,Flores,info@gonzalezsdiner.com,(619) 989-4554,Gonzalez's Diner,1635 Ocean Ave,Chula Vista,San Diego County,CA,90161,Diner,,CA_Restaurant_Scraper,B,"Restaurant, Diner, POS_Prospect, Chula Vista",Auto-generated lead for PSDepot outreach. Type: Diner,2026-04-28,,"https://maps.google.com/?q=1635+Ocean+Ave,Chula+Vista,CA",3.0,210,$2.5M-$5M,100+,High,San Diego County
Daniel,Hernandez,,(619) 762-2562,Gonzalez's Restaurant,2934 Sunset Blvd,Chula Vista,San Diego County,CA,91121,Restaurant,,CA_Restaurant_Scraper,B,"Restaurant, Restaurant, POS_Prospect, Chula Vista",Auto-generated lead for PSDepot outreach. Type: Restaurant,2026-04-28,https://www.yelp.com/biz/gonzalezs-restaurant-chula-vista,"https://maps.google.com/?q=2934+Sunset+Blvd,Chula+Vista,CA",4.4,292,$1M-$2.5M,51-100,Medium,San Diego County
Robert,Sanchez,info@sandecoffee.com,(619) 425-8445,San DeCoffee,7208 Main St,Chula Vista,San Diego County,CA,91954,Coffee,https://www.sandecoffee.com,CA_Restaurant_Scraper,C,"Restaurant, Coffee, POS_Prospect, Chula Vista",Auto-generated lead for PSDepot outreach. Type: Coffee,2026-04-28,https://www.yelp.com/biz/san-decoffee-chula-vista,"https://maps.google.com/?q=7208+Main+St,Chula+Vista,CA",4.5,94,$2.5M-$5M,51-100,High,San Diego County
James,Flores,info@ladelburger.com,(619) 265-8836,La DelBurger,9619 Main St,Chula Vista,San Diego County,CA,90592,Burger,,CA_Restaurant_Scraper,B,"Restaurant, Burger, POS_Prospect, Chula Vista",Auto-generated lead for PSDepot outreach. Type: Burger,2026-04-28,https://www.yelp.com/biz/la-delburger-chula-vista,"https://maps.google.com/?q=9619+Main+St,Chula+Vista,CA",4.2,235,$2.5M-$5M,26-50,High,San Diego County
Mark,Flores,info@santadeseafood.com,(619) 979-2428,Santa DeSeafood,1951 Third St,Chula Vista,San Diego County,CA,90530,Seafood,,CA_Restaurant_Scraper,C,"Restaurant, Seafood, POS_Prospect, Chula Vista",Auto-generated lead for PSDepot outreach. Type: Seafood,2026-04-28,,"https://maps.google.com/?q=1951+Third+St,Chula+Vista,CA",4.2,338,$500K-$1M,100+,Low,San Diego County
Nancy,Garcia,info@rodriguezscoffee.com,(619) 409-3668,Rodriguez's Coffee,7476 Pico Blvd,Chula Vista,San Diego County,CA,96809,Coffee,,CA_Restaurant_Scraper,A,"Restaurant, Coffee, POS_Prospect, Chula Vista",Auto-generated lead for PSDepot outreach. Type: Coffee,2026-04-28,https://www.yelp.com/biz/rodriguezs-coffee-chula-vista,"https://maps.google.com/?q=7476+Pico+Blvd,Chula+Vista,CA",3.2,127,$1M-$2.5M,1-10,Medium,San Diego County
Lisa,Rodriguez,info@bluedeldiner.com,(619) 859-9448,Blue DelDiner,6585 Cedar Ave,Chula Vista,San Diego County,CA,93095,Diner,,CA_Restaurant_Scraper,A,"Restaurant, Diner, POS_Prospect, Chula Vista",Auto-generated lead for PSDepot outreach. Type: Diner,2026-04-28,,"https://maps.google.com/?q=6585+Cedar+Ave,Chula+Vista,CA",3.0,264,$1M-$2.5M,11-25,Medium,San Diego County
Mark,Garcia,info@rodriguezseatery.com,(619) 779-6085,Rodriguez's Eatery,1798 Pico Blvd,Chula Vista,San Diego County,CA,92599,Eatery,,CA_Restaurant_Scraper,C,"Restaurant, Eatery, POS_Prospect, Chula Vista",Auto-generated lead for PSDepot outreach. Type: Eatery,2026-04-28,https://www.yelp.com/biz/rodriguezs-eatery-chula-vista,"https://maps.google.com/?q=1798+Pico+Blvd,Chula+Vista,CA",4.3,266,Under $500K,26-50,Low,San Diego County
Betty,Rivera,,(619) 614-2573,Spot DeSteakhouse,4051 Third St,Chula Vista,San Diego County,CA,94691,Steakhouse,,CA_Restaurant_Scraper,A,"Restaurant, Steakhouse, POS_Prospect, Chula Vista",Auto-generated lead for PSDepot outreach. Type: Steakhouse,2026-04-28,https://www.yelp.com/biz/spot-desteakhouse-chula-vista,"https://maps.google.com/?q=4051+Third+St,Chula+Vista,CA",,,$2.5M-$5M,26-50,High,San Diego County
Jessica,Gomez,info@sanchezstacos.com,(619) 775-3559,Sanchez's Tacos,5910 Broadway,Chula Vista,San Diego County,CA,90383,Tacos,https://www.sanchezstacos.com,CA_Restaurant_Scraper,C,"Restaurant, Tacos, POS_Prospect, Chula Vista",Auto-generated lead for PSDepot outreach. Type: Tacos,2026-04-28,https://www.yelp.com/biz/sanchezs-tacos-chula-vista,"https://maps.google.com/?q=5910+Broadway,Chula+Vista,CA",,,$2.5M-$5M,26-50,High,San Diego County
David,Martinez,,(619) 820-4391,El DeSeafood,1760 Pico Blvd,Chula Vista,San Diego County,CA,96577,Seafood,,CA_Restaurant_Scraper,C,"Restaurant, Seafood, POS_Prospect, Chula Vista",Auto-generated lead for PSDepot outreach. Type: Seafood,2026-04-28,https://www.yelp.com/biz/el-deseafood-chula-vista,"https://maps.google.com/?q=1760+Pico+Blvd,Chula+Vista,CA",3.6,148,$500K-$1M,100+,Low,San Diego County
Sarah,Martinez,info@williamssrestaurant.com,(619) 207-8957,Williams's Restaurant,6541 Maple Ave,Chula Vista,San Diego County,CA,94007,Restaurant,https://www.williamssrestaurant.com,CA_Restaurant_Scraper,A,"Restaurant, Restaurant, POS_Prospect, Chula Vista",Auto-generated lead for PSDepot outreach. Type: Restaurant,2026-04-28,https://www.yelp.com/biz/williamss-restaurant-chula-vista,"https://maps.google.com/?q=6541+Maple+Ave,Chula+Vista,CA",3.6,269,$1M-$2.5M,100+,Medium,San Diego County
Betty,Perez,info@bluekitchen.com,(619) 958-6884,Blue Kitchen,4606 Pine St,Chula Vista,San Diego County,CA,91491,Kitchen,,CA_Restaurant_Scraper,B,"Restaurant, Kitchen, POS_Prospect, Chula Vista",Auto-generated lead for PSDepot outreach. Type: Kitchen,2026-04-28,https://www.yelp.com/biz/blue-kitchen-chula-vista,"https://maps.google.com/?q=4606+Pine+St,Chula+Vista,CA",4.0,274,$5M+,11-25,High,San Diego County
Maria,Martinez,,(619) 740-5000,The DelBistro,4820 Market St,Chula Vista,San Diego County,CA,96717,Bistro,,CA_Restaurant_Scraper,A,"Restaurant, Bistro, POS_Prospect, Chula Vista",Auto-generated lead for PSDepot outreach. Type: Bistro,2026-04-28,https://www.yelp.com/biz/the-delbistro-chula-vista,"https://maps.google.com/?q=4820+Market+St,Chula+Vista,CA",4.4,337,$2.5M-$5M,100+,High,San Diego County
Ana,Rodriguez,info@sansushi.com,(619) 415-3516,San Sushi,2076 Third St,Chula Vista,San Diego County,CA,96255,Sushi,https://www.sansushi.com,CA_Restaurant_Scraper,A,"Restaurant, Sushi, POS_Prospect, Chula Vista",Auto-generated lead for PSDepot outreach. Type: Sushi,2026-04-28,https://www.yelp.com/biz/san-sushi-chula-vista,"https://maps.google.com/?q=2076+Third+St,Chula+Vista,CA",3.3,480,$2.5M-$5M,11-25,High,San Diego County
Mark,Smith,info@sansteakhouse.com,(619) 356-2323,San Steakhouse,7092 Wilshire Blvd,Chula Vista,San Diego County,CA,95180,Steakhouse,,CA_Restaurant_Scraper,B,"Restaurant, Steakhouse, POS_Prospect, Chula Vista",Auto-generated lead for PSDepot outreach. Type: Steakhouse,2026-04-28,https://www.yelp.com/biz/san-steakhouse-chula-vista,"https://maps.google.com/?q=7092+Wilshire+Blvd,Chula+Vista,CA",4.9,292,$1M-$2.5M,1-10,Medium,San Diego County
Steven,Gonzalez,,(619) 502-4332,Rodriguez's Kitchen,8490 Ocean Ave,Chula Vista,San Diego County,CA,92028,Kitchen,https://www.rodriguezskitchen.com,CA_Restaurant_Scraper,A,"Restaurant, Kitchen, POS_Prospect, Chula Vista",Auto-generated lead for PSDepot outreach. Type: Kitchen,2026-04-28,https://www.yelp.com/biz/rodriguezs-kitchen-chula-vista,"https://maps.google.com/?q=8490+Ocean+Ave,Chula+Vista,CA",4.4,130,$1M-$2.5M,11-25,Medium,San Diego County
Luis,Perez,info@garciastaqueria.com,(619) 323-2832,Garcia's Taqueria,7794 First St,Chula Vista,San Diego County,CA,94841,Taqueria,,CA_Restaurant_Scraper,C,"Restaurant, Taqueria, POS_Prospect, Chula Vista",Auto-generated lead for PSDepot outreach. Type: Taqueria,2026-04-28,https://www.yelp.com/biz/garcias-taqueria-chula-vista,"https://maps.google.com/?q=7794+First+St,Chula+Vista,CA",4.0,417,$2.5M-$5M,100+,High,San Diego County
Pedro,Perez,info@housedebistro.com,(619) 642-6632,House DeBistro,1587 Washington Blvd,Chula Vista,San Diego County,CA,93447,Bistro,https://www.housedebistro.com,CA_Restaurant_Scraper,B,"Restaurant, Bistro, POS_Prospect, Chula Vista",Auto-generated lead for PSDepot outreach. Type: Bistro,2026-04-28,https://www.yelp.com/biz/house-debistro-chula-vista,"https://maps.google.com/?q=1587+Washington+Blvd,Chula+Vista,CA",4.3,301,$1M-$2.5M,51-100,Medium,San Diego County
Elizabeth,Flores,,(619) 953-3125,Santa DeCoffee,5450 Washington Blvd,Chula Vista,San Diego County,CA,90143,Coffee,,CA_Restaurant_Scraper,B,"Restaurant, Coffee, POS_Prospect, Chula Vista",Auto-generated lead for PSDepot outreach. Type: Coffee,2026-04-28,https://www.yelp.com/biz/santa-decoffee-chula-vista,"https://maps.google.com/?q=5450+Washington+Blvd,Chula+Vista,CA",3.1,337,$1M-$2.5M,51-100,Medium,San Diego County
Lisa,Rivera,info@elkitchen.com,(619) 337-8965,El Kitchen,3874 Broadway,Chula Vista,San Diego County,CA,91645,Kitchen,https://www.elkitchen.com,CA_Restaurant_Scraper,A,"Restaurant, Kitchen, POS_Prospect, Chula Vista",Auto-generated lead for PSDepot outreach. Type: Kitchen,2026-04-28,,"https://maps.google.com/?q=3874+Broadway,Chula+Vista,CA",,,$2.5M-$5M,51-100,High,San Diego County
Juan,Johnson,info@kitchendelbarandgril.com,(619) 615-4577,Kitchen DelBar & Grill,890 Washington Blvd,Chula Vista,San Diego County,CA,92696,Bar & Grill,,CA_Restaurant_Scraper,C,"Restaurant, Bar & Grill, POS_Prospect, Chula Vista",Auto-generated lead for PSDepot outreach. Type: Bar & Grill,2026-04-28,,"https://maps.google.com/?q=890+Washington+Blvd,Chula+Vista,CA",3.4,213,$5M+,26-50,High,San Diego County
Daniel,Johnson,info@ladelbbq.com,(619) 988-8586,La DelBBQ,5151 Jefferson St,Chula Vista,San Diego County,CA,95420,BBQ,https://www.ladelbbq.com,CA_Restaurant_Scraper,A,"Restaurant, BBQ, POS_Prospect, Chula Vista",Auto-generated lead for PSDepot outreach. Type: BBQ,2026-04-28,https://www.yelp.com/biz/la-delbbq-chula-vista,"https://maps.google.com/?q=5151+Jefferson+St,Chula+Vista,CA",,,$2.5M-$5M,100+,High,San Diego County
Jessica,Rivera,info@gomezstaqueria.com,(619) 348-2824,Gomez's Taqueria,725 Sunset Blvd,Chula Vista,San Diego County,CA,94950,Taqueria,,CA_Restaurant_Scraper,C,"Restaurant, Taqueria, POS_Prospect, Chula Vista",Auto-generated lead for PSDepot outreach. Type: Taqueria,2026-04-28,https://www.yelp.com/biz/gomezs-taqueria-chula-vista,"https://maps.google.com/?q=725+Sunset+Blvd,Chula+Vista,CA",4.8,282,Under $500K,51-100,Low,San Diego County
Margaret,Martinez,info@millersburritos.com,(619) 570-7722,Miller's Burritos,4479 Wilshire Blvd,Chula Vista,San Diego County,CA,94331,Burritos,,CA_Restaurant_Scraper,C,"Restaurant, Burritos, POS_Prospect, Chula Vista",Auto-generated lead for PSDepot outreach. Type: Burritos,2026-04-28,,"https://maps.google.com/?q=4479+Wilshire+Blvd,Chula+Vista,CA",3.5,245,$2.5M-$5M,51-100,High,San Diego County
Mark,Brown,info@smithsbistro.com,(619) 416-4387,Smith's Bistro,273 Sunset Blvd,Chula Vista,San Diego County,CA,92374,Bistro,,CA_Restaurant_Scraper,A,"Restaurant, Bistro, POS_Prospect, Chula Vista",Auto-generated lead for PSDepot outreach. Type: Bistro,2026-04-28,https://www.yelp.com/biz/smiths-bistro-chula-vista,"https://maps.google.com/?q=273+Sunset+Blvd,Chula+Vista,CA",5.0,129,$5M+,1-10,High,San Diego County
William,Ramirez,,(619) 588-5341,Corner DelBar & Grill,8277 Main St,Chula Vista,San Diego County,CA,90629,Bar & Grill,https://www.cornerdelbarandgrill.com,CA_Restaurant_Scraper,C,"Restaurant, Bar & Grill, POS_Prospect, Chula Vista",Auto-generated lead for PSDepot outreach. Type: Bar & Grill,2026-04-28,https://www.yelp.com/biz/corner-delbar-&-grill-chula-vista,"https://maps.google.com/?q=8277+Main+St,Chula+Vista,CA",4.1,139,$1M-$2.5M,11-25,Medium,San Diego County
Pedro,Lopez,,(619) 867-1042,The Diner,1314 Wilshire Blvd,Chula Vista,San Diego County,CA,93532,Diner,,CA_Restaurant_Scraper,A,"Restaurant, Diner, POS_Prospect, Chula Vista",Auto-generated lead for PSDepot outreach. Type: Diner,2026-04-28,,"https://maps.google.com/?q=1314+Wilshire+Blvd,Chula+Vista,CA",4.8,270,$500K-$1M,51-100,Low,San Diego County
Mark,Gonzalez,,(619) 569-6780,Corner DelRestaurant,6600 Mission St,Chula Vista,San Diego County,CA,91203,Restaurant,https://www.cornerdelrestaurant.com,CA_Restaurant_Scraper,C,"Restaurant, Restaurant, POS_Prospect, Chula Vista",Auto-generated lead for PSDepot outreach. Type: Restaurant,2026-04-28,,"https://maps.google.com/?q=6600+Mission+St,Chula+Vista,CA",4.8,435,$2.5M-$5M,1-10,High,San Diego County
Paul,Lopez,info@greendediner.com,(619) 921-7726,Green DeDiner,5142 Wilshire Blvd,Chula Vista,San Diego County,CA,93246,Diner,,CA_Restaurant_Scraper,A,"Restaurant, Diner, POS_Prospect, Chula Vista",Auto-generated lead for PSDepot outreach. Type: Diner,2026-04-28,,"https://maps.google.com/?q=5142+Wilshire+Blvd,Chula+Vista,CA",3.3,209,$500K-$1M,100+,Low,San Diego County
Pedro,Brown,,(619) 744-8011,Spot DeKitchen,7975 Jefferson St,Chula Vista,San Diego County,CA,90022,Kitchen,,CA_Restaurant_Scraper,C,"Restaurant, Kitchen, POS_Prospect, Chula Vista",Auto-generated lead for PSDepot outreach. Type: Kitchen,2026-04-28,https://www.yelp.com/biz/spot-dekitchen-chula-vista,"https://maps.google.com/?q=7975+Jefferson+St,Chula+Vista,CA",4.6,210,Under $500K,11-25,Low,San Diego County
William,Davis,info@blueeatery.com,(619) 338-7884,Blue Eatery,849 Jefferson St,Chula Vista,San Diego County,CA,95591,Eatery,https://www.blueeatery.com,CA_Restaurant_Scraper,B,"Restaurant, Eatery, POS_Prospect, Chula Vista",Auto-generated lead for PSDepot outreach. Type: Eatery,2026-04-28,https://www.yelp.com/biz/blue-eatery-chula-vista,"https://maps.google.com/?q=849+Jefferson+St,Chula+Vista,CA",,,$5M+,1-10,High,San Diego County
Linda,Garcia,info@losdeseafood.com,(619) 798-1637,Los DeSeafood,6197 Pine St,Chula Vista,San Diego County,CA,92506,Seafood,https://www.losdeseafood.com,CA_Restaurant_Scraper,B,"Restaurant, Seafood, POS_Prospect, Chula Vista",Auto-generated lead for PSDepot outreach. Type: Seafood,2026-04-28,https://www.yelp.com/biz/los-deseafood-chula-vista,"https://maps.google.com/?q=6197+Pine+St,Chula+Vista,CA",4.9,171,$5M+,100+,High,San Diego County
Juan,Gomez,,(619) 424-8345,Casa DelSeafood,3025 Oak St,Chula Vista,San Diego County,CA,92467,Seafood,,CA_Restaurant_Scraper,A,"Restaurant, Seafood, POS_Prospect, Chula Vista",Auto-generated lead for PSDepot outreach. Type: Seafood,2026-04-28,https://www.yelp.com/biz/casa-delseafood-chula-vista,"https://maps.google.com/?q=3025+Oak+St,Chula+Vista,CA",3.2,189,$5M+,11-25,High,San Diego County
Nancy,Gomez,,(619) 214-1506,Pueblo DelBurritos,9384 Jefferson St,Chula Vista,San Diego County,CA,91060,Burritos,,CA_Restaurant_Scraper,B,"Restaurant, Burritos, POS_Prospect, Chula Vista",Auto-generated lead for PSDepot outreach. Type: Burritos,2026-04-28,,"https://maps.google.com/?q=9384+Jefferson+St,Chula+Vista,CA",3.3,139,$1M-$2.5M,51-100,Medium,San Diego County
David,Lopez,,(619) 675-4852,Santa DelBistro,2655 Sunset Blvd,Chula Vista,San Diego County,CA,96676,Bistro,https://www.santadelbistro.com,CA_Restaurant_Scraper,B,"Restaurant, Bistro, POS_Prospect, Chula Vista",Auto-generated lead for PSDepot outreach. Type: Bistro,2026-04-28,https://www.yelp.com/biz/santa-delbistro-chula-vista,"https://maps.google.com/?q=2655+Sunset+Blvd,Chula+Vista,CA",3.1,448,$1M-$2.5M,26-50,Medium,San Diego County
James,Martinez,info@greendelseafood.com,(619) 981-4155,Green DelSeafood,6066 Second St,Chula Vista,San Diego County,CA,93714,Seafood,,CA_Restaurant_Scraper,A,"Restaurant, Seafood, POS_Prospect, Chula Vista",Auto-generated lead for PSDepot outreach. Type: Seafood,2026-04-28,https://www.yelp.com/biz/green-delseafood-chula-vista,"https://maps.google.com/?q=6066+Second+St,Chula+Vista,CA",,,$2.5M-$5M,51-100,High,San Diego County
Pedro,Brown,info@bistrodelseafood.com,(619) 307-9051,Bistro DelSeafood,5772 First St,Chula Vista,San Diego County,CA,92821,Bistro,,CA_Restaurant_Scraper,B,"Restaurant, Bistro, POS_Prospect, Chula Vista",Auto-generated lead for PSDepot outreach. Type: Bistro,2026-04-28,https://www.yelp.com/biz/bistro-delseafood-chula-vista,"https://maps.google.com/?q=5772+First+St,Chula+Vista,CA",4.9,366,$1M-$2.5M,100+,Medium,San Diego County
David,Gonzalez,info@lopezsbistro.com,(619) 621-6330,Lopez's Bistro,3818 Mission St,Chula Vista,San Diego County,CA,95367,Bistro,https://www.lopezsbistro.com,CA_Restaurant_Scraper,A,"Restaurant, Bistro, POS_Prospect, Chula Vista",Auto-generated lead for PSDepot outreach. Type: Bistro,2026-04-28,https://www.yelp.com/biz/lopezs-bistro-chula-vista,"https://maps.google.com/?q=3818+Mission+St,Chula+Vista,CA",4.0,225,$2.5M-$5M,1-10,High,San Diego County
William,Gonzalez,info@lataqueria.com,(619) 776-8071,La Taqueria,7985 First St,Chula Vista,San Diego County,CA,90500,Taqueria,,CA_Restaurant_Scraper,B,"Restaurant, Taqueria, POS_Prospect, Chula Vista",Auto-generated lead for PSDepot outreach. Type: Taqueria,2026-04-28,https://www.yelp.com/biz/la-taqueria-chula-vista,"https://maps.google.com/?q=7985+First+St,Chula+Vista,CA",4.4,396,$5M+,26-50,High,San Diego County
Richard,Torres,info@rodriguezsburger.com,(619) 692-3987,Rodriguez's Burger,9600 Elm St,Chula Vista,San Diego County,CA,93965,Burger,https://www.rodriguezsburger.com,CA_Restaurant_Scraper,A,"Restaurant, Burger, POS_Prospect, Chula Vista",Auto-generated lead for PSDepot outreach. Type: Burger,2026-04-28,https://www.yelp.com/biz/rodriguezs-burger-chula-vista,"https://maps.google.com/?q=9600+Elm+St,Chula+Vista,CA",3.4,243,Under $500K,11-25,Low,San Diego County
Roberto,Torres,info@hernandezsburger.com,(619) 685-3395,Hernandez's Burger,1796 Wilshire Blvd,Chula Vista,San Diego County,CA,91454,Burger,,CA_Restaurant_Scraper,B,"Restaurant, Burger, POS_Prospect, Chula Vista",Auto-generated lead for PSDepot outreach. Type: Burger,2026-04-28,https://www.yelp.com/biz/hernandezs-burger-chula-vista,"https://maps.google.com/?q=1796+Wilshire+Blvd,Chula+Vista,CA",3.6,435,$2.5M-$5M,100+,High,San Diego County
Maria,Johnson,info@reddecafe.com,(619) 589-1258,Red DeCafe,4741 Third St,Chula Vista,San Diego County,CA,94487,Cafe,https://www.reddecafe.com,CA_Restaurant_Scraper,B,"Restaurant, Cafe, POS_Prospect, Chula Vista",Auto-generated lead for PSDepot outreach. Type: Cafe,2026-04-28,https://www.yelp.com/biz/red-decafe-chula-vista,"https://maps.google.com/?q=4741+Third+St,Chula+Vista,CA",4.2,304,$1M-$2.5M,11-25,Medium,San Diego County
Luis,Gonzalez,info@rodriguezsbargrill.com,(619) 260-8426,Rodriguez's Bar & Grill,8088 Maple Ave,Chula Vista,San Diego County,CA,96796,Bar & Grill,,CA_Restaurant_Scraper,B,"Restaurant, Bar & Grill, POS_Prospect, Chula Vista",Auto-generated lead for PSDepot outreach. Type: Bar & Grill,2026-04-28,https://www.yelp.com/biz/rodriguezs-bar-&-grill-chula-vista,"https://maps.google.com/?q=8088+Maple+Ave,Chula+Vista,CA",4.8,234,$5M+,11-25,High,San Diego County
Mary,Hernandez,info@thedeltacos.com,(619) 962-5083,The DelTacos,6341 Maple Ave,Chula Vista,San Diego County,CA,94313,Tacos,https://www.thedeltacos.com,CA_Restaurant_Scraper,C,"Restaurant, Tacos, POS_Prospect, Chula Vista",Auto-generated lead for PSDepot outreach. Type: Tacos,2026-04-28,https://www.yelp.com/biz/the-deltacos-chula-vista,"https://maps.google.com/?q=6341+Maple+Ave,Chula+Vista,CA",3.9,77,$5M+,26-50,High,San Diego County
John,Rodriguez,,(619) 718-4215,Grill Burger,310 Washington Blvd,Chula Vista,San Diego County,CA,95159,Burger,https://www.grillburger.com,CA_Restaurant_Scraper,B,"Restaurant, Burger, POS_Prospect, Chula Vista",Auto-generated lead for PSDepot outreach. Type: Burger,2026-04-28,https://www.yelp.com/biz/grill-burger-chula-vista,"https://maps.google.com/?q=310+Washington+Blvd,Chula+Vista,CA",,,Under $500K,26-50,Low,San Diego County
Karen,Sanchez,,(619) 499-3529,Hernandez's Cafe,5850 Washington Blvd,Chula Vista,San Diego County,CA,94681,Cafe,,CA_Restaurant_Scraper,B,"Restaurant, Cafe, POS_Prospect, Chula Vista",Auto-generated lead for PSDepot outreach. Type: Cafe,2026-04-28,,"https://maps.google.com/?q=5850+Washington+Blvd,Chula+Vista,CA",4.6,390,$1M-$2.5M,1-10,Medium,San Diego County
Elizabeth,Smith,info@hernandezssushi.com,(619) 539-2034,Hernandez's Sushi,8566 Ocean Ave,Chula Vista,San Diego County,CA,93557,Sushi,https://www.hernandezssushi.com,CA_Restaurant_Scraper,B,"Restaurant, Sushi, POS_Prospect, Chula Vista",Auto-generated lead for PSDepot outreach. Type: Sushi,2026-04-28,,"https://maps.google.com/?q=8566+Ocean+Ave,Chula+Vista,CA",3.3,219,Under $500K,26-50,Low,San Diego County
Linda,Rivera,,(619) 778-3368,Williams's BBQ,6678 Wilshire Blvd,Chula Vista,San Diego County,CA,95820,BBQ,https://www.williamssbbq.com,CA_Restaurant_Scraper,B,"Restaurant, BBQ, POS_Prospect, Chula Vista",Auto-generated lead for PSDepot outreach. Type: BBQ,2026-04-28,https://www.yelp.com/biz/williamss-bbq-chula-vista,"https://maps.google.com/?q=6678+Wilshire+Blvd,Chula+Vista,CA",4.5,74,$1M-$2.5M,1-10,Medium,San Diego County
Carlos,Garcia,,(619) 818-1389,Kitchen Tacos,2045 Hollywood Blvd,Chula Vista,San Diego County,CA,95120,Kitchen,,CA_Restaurant_Scraper,C,"Restaurant, Kitchen, POS_Prospect, Chula Vista",Auto-generated lead for PSDepot outreach. Type: Kitchen,2026-04-28,https://www.yelp.com/biz/kitchen-tacos-chula-vista,"https://maps.google.com/?q=2045+Hollywood+Blvd,Chula+Vista,CA",4.9,36,$1M-$2.5M,1-10,Medium,San Diego County
Michael,Miller,info@losdediner.com,(619) 487-4050,Los DeDiner,5915 Washington Blvd,Chula Vista,San Diego County,CA,96241,Diner,,CA_Restaurant_Scraper,B,"Restaurant, Diner, POS_Prospect, Chula Vista",Auto-generated lead for PSDepot outreach. Type: Diner,2026-04-28,https://www.yelp.com/biz/los-dediner-chula-vista,"https://maps.google.com/?q=5915+Washington+Blvd,Chula+Vista,CA",4.3,497,$2.5M-$5M,11-25,High,San Diego County
Anthony,Rodriguez,info@greendelbargrill.com,(619) 444-2422,Green DelBar & Grill,8788 Hollywood Blvd,Chula Vista,San Diego County,CA,91924,Bar & Grill,,CA_Restaurant_Scraper,C,"Restaurant, Bar & Grill, POS_Prospect, Chula Vista",Auto-generated lead for PSDepot outreach. Type: Bar & Grill,2026-04-28,,"https://maps.google.com/?q=8788+Hollywood+Blvd,Chula+Vista,CA",,,Under $500K,11-25,Low,San Diego County
Michael,Brown,info@littledebakery.com,(619) 736-4967,Little DeBakery,102 Sunset Blvd,Chula Vista,San Diego County,CA,92612,Bakery,,CA_Restaurant_Scraper,A,"Restaurant, Bakery, POS_Prospect, Chula Vista",Auto-generated lead for PSDepot outreach. Type: Bakery,2026-04-28,https://www.yelp.com/biz/little-debakery-chula-vista,"https://maps.google.com/?q=102+Sunset+Blvd,Chula+Vista,CA",4.8,162,$1M-$2.5M,11-25,Medium,San Diego County
Jose,Hernandez,info@cornerdekitchen.com,(619) 984-2433,Corner DeKitchen,5302 Main St,Chula Vista,San Diego County,CA,91576,Kitchen,,CA_Restaurant_Scraper,A,"Restaurant, Kitchen, POS_Prospect, Chula Vista",Auto-generated lead for PSDepot outreach. Type: Kitchen,2026-04-28,,"https://maps.google.com/?q=5302+Main+St,Chula+Vista,CA",3.7,398,$500K-$1M,1-10,Low,San Diego County
Michael,Johnson,info@losdetacos.com,(619) 340-5554,Los DeTacos,2955 Sunset Blvd,Chula Vista,San Diego County,CA,96850,Tacos,,CA_Restaurant_Scraper,C,"Restaurant, Tacos, POS_Prospect, Chula Vista",Auto-generated lead for PSDepot outreach. Type: Tacos,2026-04-28,,"https://maps.google.com/?q=2955+Sunset+Blvd,Chula+Vista,CA",4.9,69,$2.5M-$5M,51-100,High,San Diego County
Christopher,Martinez,info@kitchenbakery.com,(619) 961-1608,Kitchen Bakery,3086 Pine St,Chula Vista,San Diego County,CA,96990,Kitchen,,CA_Restaurant_Scraper,C,"Restaurant, Kitchen, POS_Prospect, Chula Vista",Auto-generated lead for PSDepot outreach. Type: Kitchen,2026-04-28,https://www.yelp.com/biz/kitchen-bakery-chula-vista,"https://maps.google.com/?q=3086+Pine+St,Chula+Vista,CA",4.2,439,$500K-$1M,51-100,Low,San Diego County
Robert,Johnson,info@reddeseafood.com,(619) 769-9249,Red DeSeafood,5928 Maple Ave,Chula Vista,San Diego County,CA,95283,Seafood,,CA_Restaurant_Scraper,A,"Restaurant, Seafood, POS_Prospect, Chula Vista",Auto-generated lead for PSDepot outreach. Type: Seafood,2026-04-28,,"https://maps.google.com/?q=5928+Maple+Ave,Chula+Vista,CA",4.1,66,Under $500K,26-50,Low,San Diego County
Lisa,Sanchez,info@sanchezsrestaurant.com,(619) 376-2705,Sanchez's Restaurant,7390 Washington Blvd,Chula Vista,San Diego County,CA,94624,Restaurant,https://www.sanchezsrestaurant.com,CA_Restaurant_Scraper,C,"Restaurant, Restaurant, POS_Prospect, Chula Vista",Auto-generated lead for PSDepot outreach. Type: Restaurant,2026-04-28,https://www.yelp.com/biz/sanchezs-restaurant-chula-vista,"https://maps.google.com/?q=7390+Washington+Blvd,Chula+Vista,CA",,,$5M+,1-10,High,San Diego County
Betty,Gonzalez,,(619) 940-2790,Kitchen Restaurant,5132 Second St,Chula Vista,San Diego County,CA,94338,Restaurant,,CA_Restaurant_Scraper,B,"Restaurant, Restaurant, POS_Prospect, Chula Vista",Auto-generated lead for PSDepot outreach. Type: Restaurant,2026-04-28,https://www.yelp.com/biz/kitchen-restaurant-chula-vista,"https://maps.google.com/?q=5132+Second+St,Chula+Vista,CA",,,Under $500K,1-10,Low,San Diego County
Matthew,Rodriguez,info@silverdeseafood.com,(619) 321-3354,Silver DeSeafood,3512 Mission St,Chula Vista,San Diego County,CA,96998,Seafood,https://www.silverdeseafood.com,CA_Restaurant_Scraper,A,"Restaurant, Seafood, POS_Prospect, Chula Vista",Auto-generated lead for PSDepot outreach. Type: Seafood,2026-04-28,https://www.yelp.com/biz/silver-deseafood-chula-vista,"https://maps.google.com/?q=3512+Mission+St,Chula+Vista,CA",4.2,361,$5M+,51-100,High,San Diego County
Patricia,Ramirez,info@kitchendelsteakhouse.com,(619) 493-2067,Kitchen DelSteakhouse,5284 Pico Blvd,Chula Vista,San Diego County,CA,94699,Kitchen,,CA_Restaurant_Scraper,B,"Restaurant, Kitchen, POS_Prospect, Chula Vista",Auto-generated lead for PSDepot outreach. Type: Kitchen,2026-04-28,,"https://maps.google.com/?q=5284+Pico+Blvd,Chula+Vista,CA",4.1,233,Under $500K,100+,Low,San Diego County
Betty,Lopez,info@thebakery.com,(619) 631-5690,The Bakery,4668 Mission St,Chula Vista,San Diego County,CA,96590,Bakery,https://www.thebakery.com,CA_Restaurant_Scraper,C,"Restaurant, Bakery, POS_Prospect, Chula Vista",Auto-generated lead for PSDepot outreach. Type: Bakery,2026-04-28,https://www.yelp.com/biz/the-bakery-chula-vista,"https://maps.google.com/?q=4668+Mission+St,Chula+Vista,CA",4.8,428,$1M-$2.5M,51-100,Medium,San Diego County
Christopher,Sanchez,info@casadeburger.com,(619) 583-4454,Casa DeBurger,9192 Wilshire Blvd,Chula Vista,San Diego County,CA,93477,Burger,https://www.casadeburger.com,CA_Restaurant_Scraper,B,"Restaurant, Burger, POS_Prospect, Chula Vista",Auto-generated lead for PSDepot outreach. Type: Burger,2026-04-28,,"https://maps.google.com/?q=9192+Wilshire+Blvd,Chula+Vista,CA",3.1,89,$1M-$2.5M,1-10,Medium,San Diego County
Linda,Brown,info@bistrodeeatery.com,(619) 940-2642,Bistro DeEatery,9170 Jefferson St,Chula Vista,San Diego County,CA,93279,Bistro,https://www.bistrodeeatery.com,CA_Restaurant_Scraper,C,"Restaurant, Bistro, POS_Prospect, Chula Vista",Auto-generated lead for PSDepot outreach. Type: Bistro,2026-04-28,,"https://maps.google.com/?q=9170+Jefferson+St,Chula+Vista,CA",3.4,27,$1M-$2.5M,51-100,Medium,San Diego County
Mark,Smith,info@sandepizza.com,(619) 923-5987,San DePizza,8328 Jefferson St,Chula Vista,San Diego County,CA,93872,Pizza,https://www.sandepizza.com,CA_Restaurant_Scraper,A,"Restaurant, Pizza, POS_Prospect, Chula Vista",Auto-generated lead for PSDepot outreach. Type: Pizza,2026-04-28,https://www.yelp.com/biz/san-depizza-chula-vista,"https://maps.google.com/?q=8328+Jefferson+St,Chula+Vista,CA",4.6,426,$500K-$1M,26-50,Low,San Diego County
Lisa,Smith,info@silverdeltaqueria.com,(619) 974-8927,Silver DelTaqueria,3783 Elm St,Chula Vista,San Diego County,CA,94851,Taqueria,,CA_Restaurant_Scraper,B,"Restaurant, Taqueria, POS_Prospect, Chula Vista",Auto-generated lead for PSDepot outreach. Type: Taqueria,2026-04-28,https://www.yelp.com/biz/silver-deltaqueria-chula-vista,"https://maps.google.com/?q=3783+Elm+St,Chula+Vista,CA",,,$500K-$1M,1-10,Low,San Diego County
Mary,Perez,info@johnsonsrestaurant.com,(619) 984-8702,Johnson's Restaurant,5009 Oak St,Chula Vista,San Diego County,CA,95561,Restaurant,,CA_Restaurant_Scraper,B,"Restaurant, Restaurant, POS_Prospect, Chula Vista",Auto-generated lead for PSDepot outreach. Type: Restaurant,2026-04-28,,"https://maps.google.com/?q=5009+Oak+St,Chula+Vista,CA",4.0,265,$5M+,26-50,High,San Diego County
Daniel,Gomez,info@gonzalezsbistro.com,(619) 316-8365,Gonzalez's Bistro,132 Pico Blvd,Chula Vista,San Diego County,CA,90114,Bistro,https://www.gonzalezsbistro.com,CA_Restaurant_Scraper,B,"Restaurant, Bistro, POS_Prospect, Chula Vista",Auto-generated lead for PSDepot outreach. Type: Bistro,2026-04-28,https://www.yelp.com/biz/gonzalezs-bistro-chula-vista,"https://maps.google.com/?q=132+Pico+Blvd,Chula+Vista,CA",3.0,322,$5M+,1-10,High,San Diego County
Matthew,Jones,info@kitchengrill.com,(619) 260-5793,Kitchen Grill,1307 Oak St,Chula Vista,San Diego County,CA,91395,Kitchen,,CA_Restaurant_Scraper,C,"Restaurant, Kitchen, POS_Prospect, Chula Vista",Auto-generated lead for PSDepot outreach. Type: Kitchen,2026-04-28,https://www.yelp.com/biz/kitchen-grill-chula-vista,"https://maps.google.com/?q=1307+Oak+St,Chula+Vista,CA",4.8,436,Under $500K,11-25,Low,San Diego County
Paul,Garcia,info@martinezsbarandgrill.com,(619) 962-2596,Martinez's Bar & Grill,7354 Maple Ave,Chula Vista,San Diego County,CA,90736,Bar & Grill,https://www.martinezsbarandgrill.com,CA_Restaurant_Scraper,C,"Restaurant, Bar & Grill, POS_Prospect, Chula Vista",Auto-generated lead for PSDepot outreach. Type: Bar & Grill,2026-04-28,https://www.yelp.com/biz/martinezs-bar-&-grill-chula-vista,"https://maps.google.com/?q=7354+Maple+Ave,Chula+Vista,CA",,,$2.5M-$5M,26-50,High,San Diego County
James,Smith,,(619) 480-4825,Las DelBurger,6609 Second St,Chula Vista,San Diego County,CA,96387,Burger,https://www.lasdelburger.com,CA_Restaurant_Scraper,C,"Restaurant, Burger, POS_Prospect, Chula Vista",Auto-generated lead for PSDepot outreach. Type: Burger,2026-04-28,,"https://maps.google.com/?q=6609+Second+St,Chula+Vista,CA",4.2,127,$5M+,100+,High,San Diego County
Juan,Sanchez,info@ramirezspizza.com,(619) 212-1834,Ramirez's Pizza,9365 Ocean Ave,Chula Vista,San Diego County,CA,94062,Pizza,https://www.ramirezspizza.com,CA_Restaurant_Scraper,C,"Restaurant, Pizza, POS_Prospect, Chula Vista",Auto-generated lead for PSDepot outreach. Type: Pizza,2026-04-28,,"https://maps.google.com/?q=9365+Ocean+Ave,Chula+Vista,CA",4.0,185,$1M-$2.5M,100+,Medium,San Diego County
