[chelios2] Starting autonomous agent...
[chelios2] Waiting for spawn...
AggregateError [ECONNREFUSED]: 
    at internalConnectMultiple (node:net:1134:18)
    at afterConnectMultiple (node:net:1715:7) {
  code: 'ECONNREFUSED',
  [errors]: [
    Error: connect ECONNREFUSED ::1:25566
        at createConnectionError (node:net:1678:14)
        at afterConnectMultiple (node:net:1708:16) {
      errno: -111,
      code: 'ECONNREFUSED',
      syscall: 'connect',
      address: '::1',
      port: 25566
    },
    Error: connect ECONNREFUSED 127.0.0.1:25566
        at createConnectionError (node:net:1678:14)
        at afterConnectMultiple (node:net:1708:16) {
      errno: -111,
      code: 'ECONNREFUSED',
      syscall: 'connect',
      address: '127.0.0.1',
      port: 25566
    }
  ]
}
[chelios2] Error: 
[chelios2] Disconnected
[chelios2] Starting autonomous agent...
[chelios2] Waiting for spawn...
AggregateError [ECONNREFUSED]: 
    at internalConnectMultiple (node:net:1134:18)
    at afterConnectMultiple (node:net:1715:7) {
  code: 'ECONNREFUSED',
  [errors]: [
    Error: connect ECONNREFUSED ::1:25566
        at createConnectionError (node:net:1678:14)
        at afterConnectMultiple (node:net:1708:16) {
      errno: -111,
      code: 'ECONNREFUSED',
      syscall: 'connect',
      address: '::1',
      port: 25566
    },
    Error: connect ECONNREFUSED 127.0.0.1:25566
        at createConnectionError (node:net:1678:14)
        at afterConnectMultiple (node:net:1708:16) {
      errno: -111,
      code: 'ECONNREFUSED',
      syscall: 'connect',
      address: '127.0.0.1',
      port: 25566
    }
  ]
}
[chelios2] Error: 
[chelios2] Disconnected
[chelios2] Starting autonomous agent...
[chelios2] Waiting for spawn...
AggregateError [ETIMEDOUT]: 
    at internalConnectMultiple (node:net:1134:18)
    at afterConnectMultiple (node:net:1715:7) {
  code: 'ETIMEDOUT',
  [errors]: [
    Error: connect ETIMEDOUT ::1:25566
        at createConnectionError (node:net:1678:14)
        at Timeout.internalConnectMultipleTimeout (node:net:1737:38)
        at listOnTimeout (node:internal/timers:587:11)
        at process.processTimers (node:internal/timers:521:7) {
      errno: -110,
      code: 'ETIMEDOUT',
      syscall: 'connect',
      address: '::1',
      port: 25566
    },
    Error: connect ECONNREFUSED 127.0.0.1:25566
        at createConnectionError (node:net:1678:14)
        at afterConnectMultiple (node:net:1708:16) {
      errno: -111,
      code: 'ECONNREFUSED',
      syscall: 'connect',
      address: '127.0.0.1',
      port: 25566
    }
  ]
}
[chelios2] Error: 
[chelios2] Disconnected
[chelios2] Starting autonomous agent...
[chelios2] Waiting for spawn...
AggregateError [ECONNREFUSED]: 
    at internalConnectMultiple (node:net:1134:18)
    at afterConnectMultiple (node:net:1715:7) {
  code: 'ECONNREFUSED',
  [errors]: [
    Error: connect ECONNREFUSED ::1:25566
        at createConnectionError (node:net:1678:14)
        at afterConnectMultiple (node:net:1708:16) {
      errno: -111,
      code: 'ECONNREFUSED',
      syscall: 'connect',
      address: '::1',
      port: 25566
    },
    Error: connect ECONNREFUSED 127.0.0.1:25566
        at createConnectionError (node:net:1678:14)
        at afterConnectMultiple (node:net:1708:16) {
      errno: -111,
      code: 'ECONNREFUSED',
      syscall: 'connect',
      address: '127.0.0.1',
      port: 25566
    }
  ]
}
[chelios2] Error: 
[chelios2] Disconnected
[chelios2] Starting autonomous agent...
[chelios2] Waiting for spawn...
AggregateError [ECONNREFUSED]: 
    at internalConnectMultiple (node:net:1134:18)
    at afterConnectMultiple (node:net:1715:7) {
  code: 'ECONNREFUSED',
  [errors]: [
    Error: connect ECONNREFUSED ::1:25566
        at createConnectionError (node:net:1678:14)
        at afterConnectMultiple (node:net:1708:16) {
      errno: -111,
      code: 'ECONNREFUSED',
      syscall: 'connect',
      address: '::1',
      port: 25566
    },
    Error: connect ECONNREFUSED 127.0.0.1:25566
        at createConnectionError (node:net:1678:14)
        at afterConnectMultiple (node:net:1708:16) {
      errno: -111,
      code: 'ECONNREFUSED',
      syscall: 'connect',
      address: '127.0.0.1',
      port: 25566
    }
  ]
}
[chelios2] Error: 
[chelios2] Disconnected
[chelios2] Starting autonomous agent...
[chelios2] Waiting for spawn...
AggregateError [ECONNREFUSED]: 
    at internalConnectMultiple (node:net:1134:18)
    at afterConnectMultiple (node:net:1715:7) {
  code: 'ECONNREFUSED',
  [errors]: [
    Error: connect ECONNREFUSED ::1:25566
        at createConnectionError (node:net:1678:14)
        at afterConnectMultiple (node:net:1708:16) {
      errno: -111,
      code: 'ECONNREFUSED',
      syscall: 'connect',
      address: '::1',
      port: 25566
    },
    Error: connect ECONNREFUSED 127.0.0.1:25566
        at createConnectionError (node:net:1678:14)
        at afterConnectMultiple (node:net:1708:16) {
      errno: -111,
      code: 'ECONNREFUSED',
      syscall: 'connect',
      address: '127.0.0.1',
      port: 25566
    }
  ]
}
[chelios2] Error: 
[chelios2] Disconnected
[chelios2] Starting autonomous agent...
[chelios2] Waiting for spawn...
AggregateError [ETIMEDOUT]: 
    at internalConnectMultiple (node:net:1134:18)
    at afterConnectMultiple (node:net:1715:7) {
  code: 'ETIMEDOUT',
  [errors]: [
    Error: connect ETIMEDOUT ::1:25566
        at createConnectionError (node:net:1678:14)
        at Timeout.internalConnectMultipleTimeout (node:net:1737:38)
        at listOnTimeout (node:internal/timers:587:11)
        at process.processTimers (node:internal/timers:521:7) {
      errno: -110,
      code: 'ETIMEDOUT',
      syscall: 'connect',
      address: '::1',
      port: 25566
    },
    Error: connect ECONNREFUSED 127.0.0.1:25566
        at createConnectionError (node:net:1678:14)
        at afterConnectMultiple (node:net:1708:16) {
      errno: -111,
      code: 'ECONNREFUSED',
      syscall: 'connect',
      address: '127.0.0.1',
      port: 25566
    }
  ]
}
[chelios2] Error: 
[chelios2] Disconnected
[chelios2] Starting autonomous agent...
[chelios2] Waiting for spawn...
AggregateError [ETIMEDOUT]: 
    at internalConnectMultiple (node:net:1134:18)
    at afterConnectMultiple (node:net:1715:7) {
  code: 'ETIMEDOUT',
  [errors]: [
    Error: connect ETIMEDOUT ::1:25566
        at createConnectionError (node:net:1678:14)
        at Timeout.internalConnectMultipleTimeout (node:net:1737:38)
        at listOnTimeout (node:internal/timers:587:11)
        at process.processTimers (node:internal/timers:521:7) {
      errno: -110,
      code: 'ETIMEDOUT',
      syscall: 'connect',
      address: '::1',
      port: 25566
    },
    Error: connect ECONNREFUSED 127.0.0.1:25566
        at createConnectionError (node:net:1678:14)
        at afterConnectMultiple (node:net:1708:16) {
      errno: -111,
      code: 'ECONNREFUSED',
      syscall: 'connect',
      address: '127.0.0.1',
      port: 25566
    }
  ]
}
[chelios2] Error: 
[chelios2] Disconnected
[chelios2] Starting autonomous agent...
[chelios2] Waiting for spawn...
AggregateError [ECONNREFUSED]: 
    at internalConnectMultiple (node:net:1134:18)
    at afterConnectMultiple (node:net:1715:7) {
  code: 'ECONNREFUSED',
  [errors]: [
    Error: connect ECONNREFUSED ::1:25566
        at createConnectionError (node:net:1678:14)
        at afterConnectMultiple (node:net:1708:16) {
      errno: -111,
      code: 'ECONNREFUSED',
      syscall: 'connect',
      address: '::1',
      port: 25566
    },
    Error: connect ECONNREFUSED 127.0.0.1:25566
        at createConnectionError (node:net:1678:14)
        at afterConnectMultiple (node:net:1708:16) {
      errno: -111,
      code: 'ECONNREFUSED',
      syscall: 'connect',
      address: '127.0.0.1',
      port: 25566
    }
  ]
}
[chelios2] Error: 
[chelios2] Disconnected
[chelios2] Starting autonomous agent...
[chelios2] Starting autonomous agent...
[chelios2] Starting autonomous agent...
[chelios2] Waiting for spawn...
[chelios2] Waiting for spawn...
[chelios2] Waiting for spawn...
AggregateError [ECONNREFUSED]: 
    at internalConnectMultiple (node:net:1134:18)
    at afterConnectMultiple (node:net:1715:7) {
  code: 'ECONNREFUSED',
  [errors]: [
    Error: connect ECONNREFUSED ::1:25566
        at createConnectionError (node:net:1678:14)
        at afterConnectMultiple (node:net:1708:16) {
      errno: -111,
      code: 'ECONNREFUSED',
      syscall: 'connect',
      address: '::1',
      port: 25566
    },
    Error: connect ECONNREFUSED 127.0.0.1:25566
        at createConnectionError (node:net:1678:14)
        at afterConnectMultiple (node:net:1708:16) {
      errno: -111,
      code: 'ECONNREFUSED',
      syscall: 'connect',
      address: '127.0.0.1',
      port: 25566
    }
  ]
}
[chelios2] Error: 
[chelios2] Disconnected
AggregateError [ECONNREFUSED]: 
    at internalConnectMultiple (node:net:1134:18)
    at afterConnectMultiple (node:net:1715:7) {
  code: 'ECONNREFUSED',
  [errors]: [
    Error: connect ECONNREFUSED ::1:25566
        at createConnectionError (node:net:1678:14)
        at afterConnectMultiple (node:net:1708:16) {
      errno: -111,
      code: 'ECONNREFUSED',
      syscall: 'connect',
      address: '::1',
      port: 25566
    },
    Error: connect ECONNREFUSED 127.0.0.1:25566
        at createConnectionError (node:net:1678:14)
        at afterConnectMultiple (node:net:1708:16) {
      errno: -111,
      code: 'ECONNREFUSED',
      syscall: 'connect',
      address: '127.0.0.1',
      port: 25566
    }
  ]
}
[chelios2] Error: 
[chelios2] Disconnected
AggregateError [ECONNREFUSED]: 
    at internalConnectMultiple (node:net:1134:18)
    at afterConnectMultiple (node:net:1715:7) {
  code: 'ECONNREFUSED',
  [errors]: [
    Error: connect ECONNREFUSED ::1:25566
        at createConnectionError (node:net:1678:14)
        at afterConnectMultiple (node:net:1708:16) {
      errno: -111,
      code: 'ECONNREFUSED',
      syscall: 'connect',
      address: '::1',
      port: 25566
    },
    Error: connect ECONNREFUSED 127.0.0.1:25566
        at createConnectionError (node:net:1678:14)
        at afterConnectMultiple (node:net:1708:16) {
      errno: -111,
      code: 'ECONNREFUSED',
      syscall: 'connect',
      address: '127.0.0.1',
      port: 25566
    }
  ]
}
[chelios2] Error: 
[chelios2] Disconnected
[chelios2] Starting autonomous agent...
[chelios2] Starting autonomous agent...
[chelios2] Waiting for spawn...
AggregateError [ECONNREFUSED]: 
    at internalConnectMultiple (node:net:1134:18)
    at afterConnectMultiple (node:net:1715:7) {
  code: 'ECONNREFUSED',
  [errors]: [
    Error: connect ECONNREFUSED ::1:25566
        at createConnectionError (node:net:1678:14)
        at afterConnectMultiple (node:net:1708:16) {
      errno: -111,
      code: 'ECONNREFUSED',
      syscall: 'connect',
      address: '::1',
      port: 25566
    },
    Error: connect ECONNREFUSED 127.0.0.1:25566
        at createConnectionError (node:net:1678:14)
        at afterConnectMultiple (node:net:1708:16) {
      errno: -111,
      code: 'ECONNREFUSED',
      syscall: 'connect',
      address: '127.0.0.1',
      port: 25566
    }
  ]
}
[chelios2] Error: 
[chelios2] Disconnected
[chelios2] Waiting for spawn...
AggregateError [ECONNREFUSED]: 
    at internalConnectMultiple (node:net:1134:18)
    at afterConnectMultiple (node:net:1715:7) {
  code: 'ECONNREFUSED',
  [errors]: [
    Error: connect ECONNREFUSED ::1:25566
        at createConnectionError (node:net:1678:14)
        at afterConnectMultiple (node:net:1708:16) {
      errno: -111,
      code: 'ECONNREFUSED',
      syscall: 'connect',
      address: '::1',
      port: 25566
    },
    Error: connect ECONNREFUSED 127.0.0.1:25566
        at createConnectionError (node:net:1678:14)
        at afterConnectMultiple (node:net:1708:16) {
      errno: -111,
      code: 'ECONNREFUSED',
      syscall: 'connect',
      address: '127.0.0.1',
      port: 25566
    }
  ]
}
[chelios2] Error: 
[chelios2] Disconnected
[chelios2] Starting autonomous agent...
[chelios2] Waiting for spawn...
AggregateError [ECONNREFUSED]: 
    at internalConnectMultiple (node:net:1134:18)
    at afterConnectMultiple (node:net:1715:7) {
  code: 'ECONNREFUSED',
  [errors]: [
    Error: connect ECONNREFUSED ::1:25566
        at createConnectionError (node:net:1678:14)
        at afterConnectMultiple (node:net:1708:16) {
      errno: -111,
      code: 'ECONNREFUSED',
      syscall: 'connect',
      address: '::1',
      port: 25566
    },
    Error: connect ECONNREFUSED 127.0.0.1:25566
        at createConnectionError (node:net:1678:14)
        at afterConnectMultiple (node:net:1708:16) {
      errno: -111,
      code: 'ECONNREFUSED',
      syscall: 'connect',
      address: '127.0.0.1',
      port: 25566
    }
  ]
}
[chelios2] Error: 
[chelios2] Disconnected
[chelios2] Starting autonomous agent...
[chelios2] Starting autonomous agent...
[chelios2] Waiting for spawn...
AggregateError [ECONNREFUSED]: 
    at internalConnectMultiple (node:net:1134:18)
    at afterConnectMultiple (node:net:1715:7) {
  code: 'ECONNREFUSED',
  [errors]: [
    Error: connect ECONNREFUSED ::1:25566
        at createConnectionError (node:net:1678:14)
        at afterConnectMultiple (node:net:1708:16) {
      errno: -111,
      code: 'ECONNREFUSED',
      syscall: 'connect',
      address: '::1',
      port: 25566
    },
    Error: connect ECONNREFUSED 127.0.0.1:25566
        at createConnectionError (node:net:1678:14)
        at afterConnectMultiple (node:net:1708:16) {
      errno: -111,
      code: 'ECONNREFUSED',
      syscall: 'connect',
      address: '127.0.0.1',
      port: 25566
    }
  ]
}
[chelios2] Error: 
[chelios2] Disconnected
[chelios2] Waiting for spawn...
AggregateError [ECONNREFUSED]: 
    at internalConnectMultiple (node:net:1134:18)
    at afterConnectMultiple (node:net:1715:7) {
  code: 'ECONNREFUSED',
  [errors]: [
    Error: connect ECONNREFUSED ::1:25566
        at createConnectionError (node:net:1678:14)
        at afterConnectMultiple (node:net:1708:16) {
      errno: -111,
      code: 'ECONNREFUSED',
      syscall: 'connect',
      address: '::1',
      port: 25566
    },
    Error: connect ECONNREFUSED 127.0.0.1:25566
        at createConnectionError (node:net:1678:14)
        at afterConnectMultiple (node:net:1708:16) {
      errno: -111,
      code: 'ECONNREFUSED',
      syscall: 'connect',
      address: '127.0.0.1',
      port: 25566
    }
  ]
}
[chelios2] Error: 
[chelios2] Disconnected
[chelios2] Starting autonomous agent...
[chelios2] Waiting for spawn...
AggregateError [ECONNREFUSED]: 
    at internalConnectMultiple (node:net:1134:18)
    at afterConnectMultiple (node:net:1715:7) {
  code: 'ECONNREFUSED',
  [errors]: [
    Error: connect ECONNREFUSED ::1:25566
        at createConnectionError (node:net:1678:14)
        at afterConnectMultiple (node:net:1708:16) {
      errno: -111,
      code: 'ECONNREFUSED',
      syscall: 'connect',
      address: '::1',
      port: 25566
    },
    Error: connect ECONNREFUSED 127.0.0.1:25566
        at createConnectionError (node:net:1678:14)
        at afterConnectMultiple (node:net:1708:16) {
      errno: -111,
      code: 'ECONNREFUSED',
      syscall: 'connect',
      address: '127.0.0.1',
      port: 25566
    }
  ]
}
[chelios2] Error: 
[chelios2] Disconnected
[chelios2] Starting autonomous agent...
[chelios2] Waiting for spawn...
AggregateError [ECONNREFUSED]: 
    at internalConnectMultiple (node:net:1134:18)
    at afterConnectMultiple (node:net:1715:7) {
  code: 'ECONNREFUSED',
  [errors]: [
    Error: connect ECONNREFUSED ::1:25566
        at createConnectionError (node:net:1678:14)
        at afterConnectMultiple (node:net:1708:16) {
      errno: -111,
      code: 'ECONNREFUSED',
      syscall: 'connect',
      address: '::1',
      port: 25566
    },
    Error: connect ECONNREFUSED 127.0.0.1:25566
        at createConnectionError (node:net:1678:14)
        at afterConnectMultiple (node:net:1708:16) {
      errno: -111,
      code: 'ECONNREFUSED',
      syscall: 'connect',
      address: '127.0.0.1',
      port: 25566
    }
  ]
}
[chelios2] Error: 
[chelios2] Disconnected
[chelios2] Starting autonomous agent...
[chelios2] Waiting for spawn...
AggregateError [ECONNREFUSED]: 
    at internalConnectMultiple (node:net:1134:18)
    at afterConnectMultiple (node:net:1715:7) {
  code: 'ECONNREFUSED',
  [errors]: [
    Error: connect ECONNREFUSED ::1:25566
        at createConnectionError (node:net:1678:14)
        at afterConnectMultiple (node:net:1708:16) {
      errno: -111,
      code: 'ECONNREFUSED',
      syscall: 'connect',
      address: '::1',
      port: 25566
    },
    Error: connect ECONNREFUSED 127.0.0.1:25566
        at createConnectionError (node:net:1678:14)
        at afterConnectMultiple (node:net:1708:16) {
      errno: -111,
      code: 'ECONNREFUSED',
      syscall: 'connect',
      address: '127.0.0.1',
      port: 25566
    }
  ]
}
[chelios2] Error: 
[chelios2] Disconnected
[chelios2] Starting autonomous agent...
[chelios2] Waiting for spawn...
AggregateError [ECONNREFUSED]: 
    at internalConnectMultiple (node:net:1134:18)
    at afterConnectMultiple (node:net:1715:7) {
  code: 'ECONNREFUSED',
  [errors]: [
    Error: connect ECONNREFUSED ::1:25566
        at createConnectionError (node:net:1678:14)
        at afterConnectMultiple (node:net:1708:16) {
      errno: -111,
      code: 'ECONNREFUSED',
      syscall: 'connect',
      address: '::1',
      port: 25566
    },
    Error: connect ECONNREFUSED 127.0.0.1:25566
        at createConnectionError (node:net:1678:14)
        at afterConnectMultiple (node:net:1708:16) {
      errno: -111,
      code: 'ECONNREFUSED',
      syscall: 'connect',
      address: '127.0.0.1',
      port: 25566
    }
  ]
}
[chelios2] Error: 
[chelios2] Disconnected
[chelios2] Starting autonomous agent...
[chelios2] Waiting for spawn...
AggregateError [ECONNREFUSED]: 
    at internalConnectMultiple (node:net:1134:18)
    at afterConnectMultiple (node:net:1715:7) {
  code: 'ECONNREFUSED',
  [errors]: [
    Error: connect ECONNREFUSED ::1:25566
        at createConnectionError (node:net:1678:14)
        at afterConnectMultiple (node:net:1708:16) {
      errno: -111,
      code: 'ECONNREFUSED',
      syscall: 'connect',
      address: '::1',
      port: 25566
    },
    Error: connect ECONNREFUSED 127.0.0.1:25566
        at createConnectionError (node:net:1678:14)
        at afterConnectMultiple (node:net:1708:16) {
      errno: -111,
      code: 'ECONNREFUSED',
      syscall: 'connect',
      address: '127.0.0.1',
      port: 25566
    }
  ]
}
[chelios2] Error: 
[chelios2] Disconnected
[chelios2] Starting autonomous agent...
[chelios2] Waiting for spawn...
AggregateError [ECONNREFUSED]: 
    at internalConnectMultiple (node:net:1134:18)
    at afterConnectMultiple (node:net:1715:7) {
  code: 'ECONNREFUSED',
  [errors]: [
    Error: connect ECONNREFUSED ::1:25566
        at createConnectionError (node:net:1678:14)
        at afterConnectMultiple (node:net:1708:16) {
      errno: -111,
      code: 'ECONNREFUSED',
      syscall: 'connect',
      address: '::1',
      port: 25566
    },
    Error: connect ECONNREFUSED 127.0.0.1:25566
        at createConnectionError (node:net:1678:14)
        at afterConnectMultiple (node:net:1708:16) {
      errno: -111,
      code: 'ECONNREFUSED',
      syscall: 'connect',
      address: '127.0.0.1',
      port: 25566
    }
  ]
}
[chelios2] Error: 
[chelios2] Disconnected
[chelios2] Starting autonomous agent...
[chelios2] Waiting for spawn...
AggregateError [ECONNREFUSED]: 
    at internalConnectMultiple (node:net:1134:18)
    at afterConnectMultiple (node:net:1715:7) {
  code: 'ECONNREFUSED',
  [errors]: [
    Error: connect ECONNREFUSED ::1:25566
        at createConnectionError (node:net:1678:14)
        at afterConnectMultiple (node:net:1708:16) {
      errno: -111,
      code: 'ECONNREFUSED',
      syscall: 'connect',
      address: '::1',
      port: 25566
    },
    Error: connect ECONNREFUSED 127.0.0.1:25566
        at createConnectionError (node:net:1678:14)
        at afterConnectMultiple (node:net:1708:16) {
      errno: -111,
      code: 'ECONNREFUSED',
      syscall: 'connect',
      address: '127.0.0.1',
      port: 25566
    }
  ]
}
[chelios2] Error: 
[chelios2] Disconnected
[chelios2] Starting autonomous agent...
[chelios2] Waiting for spawn...
AggregateError [ETIMEDOUT]: 
    at internalConnectMultiple (node:net:1134:18)
    at afterConnectMultiple (node:net:1715:7) {
  code: 'ETIMEDOUT',
  [errors]: [
    Error: connect ETIMEDOUT ::1:25566
        at createConnectionError (node:net:1678:14)
        at Timeout.internalConnectMultipleTimeout (node:net:1737:38)
        at listOnTimeout (node:internal/timers:587:11)
        at process.processTimers (node:internal/timers:521:7) {
      errno: -110,
      code: 'ETIMEDOUT',
      syscall: 'connect',
      address: '::1',
      port: 25566
    },
    Error: connect ECONNREFUSED 127.0.0.1:25566
        at createConnectionError (node:net:1678:14)
        at afterConnectMultiple (node:net:1708:16) {
      errno: -111,
      code: 'ECONNREFUSED',
      syscall: 'connect',
      address: '127.0.0.1',
      port: 25566
    }
  ]
}
[chelios2] Error: 
[chelios2] Disconnected
[chelios2] Starting autonomous agent...
[chelios2] Waiting for spawn...
AggregateError [ECONNREFUSED]: 
    at internalConnectMultiple (node:net:1134:18)
    at afterConnectMultiple (node:net:1715:7) {
  code: 'ECONNREFUSED',
  [errors]: [
    Error: connect ECONNREFUSED ::1:25566
        at createConnectionError (node:net:1678:14)
        at afterConnectMultiple (node:net:1708:16) {
      errno: -111,
      code: 'ECONNREFUSED',
      syscall: 'connect',
      address: '::1',
      port: 25566
    },
    Error: connect ECONNREFUSED 127.0.0.1:25566
        at createConnectionError (node:net:1678:14)
        at afterConnectMultiple (node:net:1708:16) {
      errno: -111,
      code: 'ECONNREFUSED',
      syscall: 'connect',
      address: '127.0.0.1',
      port: 25566
    }
  ]
}
[chelios2] Error: 
[chelios2] Disconnected
[chelios2] Starting autonomous agent...
[chelios2] Waiting for spawn...
AggregateError [ECONNREFUSED]: 
    at internalConnectMultiple (node:net:1134:18)
    at afterConnectMultiple (node:net:1715:7) {
  code: 'ECONNREFUSED',
  [errors]: [
    Error: connect ECONNREFUSED ::1:25566
        at createConnectionError (node:net:1678:14)
        at afterConnectMultiple (node:net:1708:16) {
      errno: -111,
      code: 'ECONNREFUSED',
      syscall: 'connect',
      address: '::1',
      port: 25566
    },
    Error: connect ECONNREFUSED 127.0.0.1:25566
        at createConnectionError (node:net:1678:14)
        at afterConnectMultiple (node:net:1708:16) {
      errno: -111,
      code: 'ECONNREFUSED',
      syscall: 'connect',
      address: '127.0.0.1',
      port: 25566
    }
  ]
}
[chelios2] Error: 
[chelios2] Disconnected
[chelios2] Starting autonomous agent...
[chelios2] Waiting for spawn...
AggregateError [ECONNREFUSED]: 
    at internalConnectMultiple (node:net:1134:18)
    at afterConnectMultiple (node:net:1715:7) {
  code: 'ECONNREFUSED',
  [errors]: [
    Error: connect ECONNREFUSED ::1:25566
        at createConnectionError (node:net:1678:14)
        at afterConnectMultiple (node:net:1708:16) {
      errno: -111,
      code: 'ECONNREFUSED',
      syscall: 'connect',
      address: '::1',
      port: 25566
    },
    Error: connect ECONNREFUSED 127.0.0.1:25566
        at createConnectionError (node:net:1678:14)
        at afterConnectMultiple (node:net:1708:16) {
      errno: -111,
      code: 'ECONNREFUSED',
      syscall: 'connect',
      address: '127.0.0.1',
      port: 25566
    }
  ]
}
[chelios2] Error: 
[chelios2] Disconnected
[chelios2] Starting autonomous agent...
[chelios2] Waiting for spawn...
AggregateError [ECONNREFUSED]: 
    at internalConnectMultiple (node:net:1134:18)
    at afterConnectMultiple (node:net:1715:7) {
  code: 'ECONNREFUSED',
  [errors]: [
    Error: connect ECONNREFUSED ::1:25566
        at createConnectionError (node:net:1678:14)
        at afterConnectMultiple (node:net:1708:16) {
      errno: -111,
      code: 'ECONNREFUSED',
      syscall: 'connect',
      address: '::1',
      port: 25566
    },
    Error: connect ECONNREFUSED 127.0.0.1:25566
        at createConnectionError (node:net:1678:14)
        at afterConnectMultiple (node:net:1708:16) {
      errno: -111,
      code: 'ECONNREFUSED',
      syscall: 'connect',
      address: '127.0.0.1',
      port: 25566
    }
  ]
}
[chelios2] Error: 
[chelios2] Disconnected
[chelios2] Starting autonomous agent...
[chelios2] Waiting for spawn...
AggregateError [ECONNREFUSED]: 
    at internalConnectMultiple (node:net:1134:18)
    at afterConnectMultiple (node:net:1715:7) {
  code: 'ECONNREFUSED',
  [errors]: [
    Error: connect ECONNREFUSED ::1:25566
        at createConnectionError (node:net:1678:14)
        at afterConnectMultiple (node:net:1708:16) {
      errno: -111,
      code: 'ECONNREFUSED',
      syscall: 'connect',
      address: '::1',
      port: 25566
    },
    Error: connect ECONNREFUSED 127.0.0.1:25566
        at createConnectionError (node:net:1678:14)
        at afterConnectMultiple (node:net:1708:16) {
      errno: -111,
      code: 'ECONNREFUSED',
      syscall: 'connect',
      address: '127.0.0.1',
      port: 25566
    }
  ]
}
[chelios2] Error: 
[chelios2] Disconnected
[chelios2] Starting autonomous agent...
[chelios2] Waiting for spawn...
AggregateError [ECONNREFUSED]: 
    at internalConnectMultiple (node:net:1134:18)
    at afterConnectMultiple (node:net:1715:7) {
  code: 'ECONNREFUSED',
  [errors]: [
    Error: connect ECONNREFUSED ::1:25566
        at createConnectionError (node:net:1678:14)
        at afterConnectMultiple (node:net:1708:16) {
      errno: -111,
      code: 'ECONNREFUSED',
      syscall: 'connect',
      address: '::1',
      port: 25566
    },
    Error: connect ECONNREFUSED 127.0.0.1:25566
        at createConnectionError (node:net:1678:14)
        at afterConnectMultiple (node:net:1708:16) {
      errno: -111,
      code: 'ECONNREFUSED',
      syscall: 'connect',
      address: '127.0.0.1',
      port: 25566
    }
  ]
}
[chelios2] Error: 
[chelios2] Disconnected
[chelios2] Starting autonomous agent...
[chelios2] Waiting for spawn...
AggregateError [ECONNREFUSED]: 
    at internalConnectMultiple (node:net:1134:18)
    at afterConnectMultiple (node:net:1715:7) {
  code: 'ECONNREFUSED',
  [errors]: [
    Error: connect ECONNREFUSED ::1:25566
        at createConnectionError (node:net:1678:14)
        at afterConnectMultiple (node:net:1708:16) {
      errno: -111,
      code: 'ECONNREFUSED',
      syscall: 'connect',
      address: '::1',
      port: 25566
    },
    Error: connect ECONNREFUSED 127.0.0.1:25566
        at createConnectionError (node:net:1678:14)
        at afterConnectMultiple (node:net:1708:16) {
      errno: -111,
      code: 'ECONNREFUSED',
      syscall: 'connect',
      address: '127.0.0.1',
      port: 25566
    }
  ]
}
[chelios2] Error: 
[chelios2] Disconnected
[chelios2] Starting autonomous agent...
[chelios2] Waiting for spawn...
AggregateError [ECONNREFUSED]: 
    at internalConnectMultiple (node:net:1134:18)
    at afterConnectMultiple (node:net:1715:7) {
  code: 'ECONNREFUSED',
  [errors]: [
    Error: connect ECONNREFUSED ::1:25566
        at createConnectionError (node:net:1678:14)
        at afterConnectMultiple (node:net:1708:16) {
      errno: -111,
      code: 'ECONNREFUSED',
      syscall: 'connect',
      address: '::1',
      port: 25566
    },
    Error: connect ECONNREFUSED 127.0.0.1:25566
        at createConnectionError (node:net:1678:14)
        at afterConnectMultiple (node:net:1708:16) {
      errno: -111,
      code: 'ECONNREFUSED',
      syscall: 'connect',
      address: '127.0.0.1',
      port: 25566
    }
  ]
}
[chelios2] Error: 
[chelios2] Disconnected
[chelios2] Starting autonomous agent...
[chelios2] Waiting for spawn...
AggregateError [ECONNREFUSED]: 
    at internalConnectMultiple (node:net:1134:18)
    at afterConnectMultiple (node:net:1715:7) {
  code: 'ECONNREFUSED',
  [errors]: [
    Error: connect ECONNREFUSED ::1:25566
        at createConnectionError (node:net:1678:14)
        at afterConnectMultiple (node:net:1708:16) {
      errno: -111,
      code: 'ECONNREFUSED',
      syscall: 'connect',
      address: '::1',
      port: 25566
    },
    Error: connect ECONNREFUSED 127.0.0.1:25566
        at createConnectionError (node:net:1678:14)
        at afterConnectMultiple (node:net:1708:16) {
      errno: -111,
      code: 'ECONNREFUSED',
      syscall: 'connect',
      address: '127.0.0.1',
      port: 25566
    }
  ]
}
[chelios2] Error: 
[chelios2] Disconnected
[chelios2] Starting autonomous agent...
[chelios2] Waiting for spawn...
AggregateError [ECONNREFUSED]: 
    at internalConnectMultiple (node:net:1134:18)
    at afterConnectMultiple (node:net:1715:7) {
  code: 'ECONNREFUSED',
  [errors]: [
    Error: connect ECONNREFUSED ::1:25566
        at createConnectionError (node:net:1678:14)
        at afterConnectMultiple (node:net:1708:16) {
      errno: -111,
      code: 'ECONNREFUSED',
      syscall: 'connect',
      address: '::1',
      port: 25566
    },
    Error: connect ECONNREFUSED 127.0.0.1:25566
        at createConnectionError (node:net:1678:14)
        at afterConnectMultiple (node:net:1708:16) {
      errno: -111,
      code: 'ECONNREFUSED',
      syscall: 'connect',
      address: '127.0.0.1',
      port: 25566
    }
  ]
}
[chelios2] Error: 
[chelios2] Disconnected
[chelios2] Starting autonomous agent...
[chelios2] Waiting for spawn...
AggregateError [ECONNREFUSED]: 
    at internalConnectMultiple (node:net:1134:18)
    at afterConnectMultiple (node:net:1715:7) {
  code: 'ECONNREFUSED',
  [errors]: [
    Error: connect ECONNREFUSED ::1:25566
        at createConnectionError (node:net:1678:14)
        at afterConnectMultiple (node:net:1708:16) {
      errno: -111,
      code: 'ECONNREFUSED',
      syscall: 'connect',
      address: '::1',
      port: 25566
    },
    Error: connect ECONNREFUSED 127.0.0.1:25566
        at createConnectionError (node:net:1678:14)
        at afterConnectMultiple (node:net:1708:16) {
      errno: -111,
      code: 'ECONNREFUSED',
      syscall: 'connect',
      address: '127.0.0.1',
      port: 25566
    }
  ]
}
[chelios2] Error: 
[chelios2] Disconnected
[chelios2] Starting autonomous agent...
[chelios2] Waiting for spawn...
AggregateError [ECONNREFUSED]: 
    at internalConnectMultiple (node:net:1134:18)
    at afterConnectMultiple (node:net:1715:7) {
  code: 'ECONNREFUSED',
  [errors]: [
    Error: connect ECONNREFUSED ::1:25566
        at createConnectionError (node:net:1678:14)
        at afterConnectMultiple (node:net:1708:16) {
      errno: -111,
      code: 'ECONNREFUSED',
      syscall: 'connect',
      address: '::1',
      port: 25566
    },
    Error: connect ECONNREFUSED 127.0.0.1:25566
        at createConnectionError (node:net:1678:14)
        at afterConnectMultiple (node:net:1708:16) {
      errno: -111,
      code: 'ECONNREFUSED',
      syscall: 'connect',
      address: '127.0.0.1',
      port: 25566
    }
  ]
}
[chelios2] Error: 
[chelios2] Disconnected
[chelios2] Starting autonomous agent...
[chelios2] Waiting for spawn...
AggregateError [ECONNREFUSED]: 
    at internalConnectMultiple (node:net:1134:18)
    at afterConnectMultiple (node:net:1715:7) {
  code: 'ECONNREFUSED',
  [errors]: [
    Error: connect ECONNREFUSED ::1:25566
        at createConnectionError (node:net:1678:14)
        at afterConnectMultiple (node:net:1708:16) {
      errno: -111,
      code: 'ECONNREFUSED',
      syscall: 'connect',
      address: '::1',
      port: 25566
    },
    Error: connect ECONNREFUSED 127.0.0.1:25566
        at createConnectionError (node:net:1678:14)
        at afterConnectMultiple (node:net:1708:16) {
      errno: -111,
      code: 'ECONNREFUSED',
      syscall: 'connect',
      address: '127.0.0.1',
      port: 25566
    }
  ]
}
[chelios2] Error: 
[chelios2] Disconnected
[chelios2] Starting autonomous agent...
[chelios2] Waiting for spawn...
AggregateError [ECONNREFUSED]: 
    at internalConnectMultiple (node:net:1134:18)
    at afterConnectMultiple (node:net:1715:7) {
  code: 'ECONNREFUSED',
  [errors]: [
    Error: connect ECONNREFUSED ::1:25566
        at createConnectionError (node:net:1678:14)
        at afterConnectMultiple (node:net:1708:16) {
      errno: -111,
      code: 'ECONNREFUSED',
      syscall: 'connect',
      address: '::1',
      port: 25566
    },
    Error: connect ECONNREFUSED 127.0.0.1:25566
        at createConnectionError (node:net:1678:14)
        at afterConnectMultiple (node:net:1708:16) {
      errno: -111,
      code: 'ECONNREFUSED',
      syscall: 'connect',
      address: '127.0.0.1',
      port: 25566
    }
  ]
}
[chelios2] Error: 
[chelios2] Disconnected
[chelios2] Starting autonomous agent...
[chelios2] Waiting for spawn...
AggregateError [ECONNREFUSED]: 
    at internalConnectMultiple (node:net:1134:18)
    at afterConnectMultiple (node:net:1715:7) {
  code: 'ECONNREFUSED',
  [errors]: [
    Error: connect ECONNREFUSED ::1:25566
        at createConnectionError (node:net:1678:14)
        at afterConnectMultiple (node:net:1708:16) {
      errno: -111,
      code: 'ECONNREFUSED',
      syscall: 'connect',
      address: '::1',
      port: 25566
    },
    Error: connect ECONNREFUSED 127.0.0.1:25566
        at createConnectionError (node:net:1678:14)
        at afterConnectMultiple (node:net:1708:16) {
      errno: -111,
      code: 'ECONNREFUSED',
      syscall: 'connect',
      address: '127.0.0.1',
      port: 25566
    }
  ]
}
[chelios2] Error: 
[chelios2] Disconnected
[chelios2] Starting autonomous agent...
[chelios2] Waiting for spawn...
AggregateError [ETIMEDOUT]: 
    at internalConnectMultiple (node:net:1134:18)
    at afterConnectMultiple (node:net:1715:7) {
  code: 'ETIMEDOUT',
  [errors]: [
    Error: connect ETIMEDOUT ::1:25566
        at createConnectionError (node:net:1678:14)
        at Timeout.internalConnectMultipleTimeout (node:net:1737:38)
        at listOnTimeout (node:internal/timers:587:11)
        at process.processTimers (node:internal/timers:521:7) {
      errno: -110,
      code: 'ETIMEDOUT',
      syscall: 'connect',
      address: '::1',
      port: 25566
    },
    Error: connect ECONNREFUSED 127.0.0.1:25566
        at createConnectionError (node:net:1678:14)
        at afterConnectMultiple (node:net:1708:16) {
      errno: -111,
      code: 'ECONNREFUSED',
      syscall: 'connect',
      address: '127.0.0.1',
      port: 25566
    }
  ]
}
[chelios2] Error: 
[chelios2] Disconnected
[chelios2] Starting autonomous agent...
[chelios2] Waiting for spawn...
AggregateError [ETIMEDOUT]: 
    at internalConnectMultiple (node:net:1134:18)
    at afterConnectMultiple (node:net:1715:7) {
  code: 'ETIMEDOUT',
  [errors]: [
    Error: connect ETIMEDOUT ::1:25566
        at createConnectionError (node:net:1678:14)
        at Timeout.internalConnectMultipleTimeout (node:net:1737:38)
        at listOnTimeout (node:internal/timers:587:11)
        at process.processTimers (node:internal/timers:521:7) {
      errno: -110,
      code: 'ETIMEDOUT',
      syscall: 'connect',
      address: '::1',
      port: 25566
    },
    Error: connect ECONNREFUSED 127.0.0.1:25566
        at createConnectionError (node:net:1678:14)
        at afterConnectMultiple (node:net:1708:16) {
      errno: -111,
      code: 'ECONNREFUSED',
      syscall: 'connect',
      address: '127.0.0.1',
      port: 25566
    }
  ]
}
[chelios2] Error: 
[chelios2] Disconnected
[chelios2] Starting autonomous agent...
[chelios2] Waiting for spawn...
AggregateError [ECONNREFUSED]: 
    at internalConnectMultiple (node:net:1134:18)
    at afterConnectMultiple (node:net:1715:7) {
  code: 'ECONNREFUSED',
  [errors]: [
    Error: connect ECONNREFUSED ::1:25566
        at createConnectionError (node:net:1678:14)
        at afterConnectMultiple (node:net:1708:16) {
      errno: -111,
      code: 'ECONNREFUSED',
      syscall: 'connect',
      address: '::1',
      port: 25566
    },
    Error: connect ECONNREFUSED 127.0.0.1:25566
        at createConnectionError (node:net:1678:14)
        at afterConnectMultiple (node:net:1708:16) {
      errno: -111,
      code: 'ECONNREFUSED',
      syscall: 'connect',
      address: '127.0.0.1',
      port: 25566
    }
  ]
}
[chelios2] Error: 
[chelios2] Disconnected
[chelios2] Starting autonomous agent...
[chelios2] Waiting for spawn...
AggregateError [ECONNREFUSED]: 
    at internalConnectMultiple (node:net:1134:18)
    at afterConnectMultiple (node:net:1715:7) {
  code: 'ECONNREFUSED',
  [errors]: [
    Error: connect ECONNREFUSED ::1:25566
        at createConnectionError (node:net:1678:14)
        at afterConnectMultiple (node:net:1708:16) {
      errno: -111,
      code: 'ECONNREFUSED',
      syscall: 'connect',
      address: '::1',
      port: 25566
    },
    Error: connect ECONNREFUSED 127.0.0.1:25566
        at createConnectionError (node:net:1678:14)
        at afterConnectMultiple (node:net:1708:16) {
      errno: -111,
      code: 'ECONNREFUSED',
      syscall: 'connect',
      address: '127.0.0.1',
      port: 25566
    }
  ]
}
[chelios2] Error: 
[chelios2] Disconnected
[chelios2] Starting autonomous agent...
[chelios2] Waiting for spawn...
AggregateError [ETIMEDOUT]: 
    at internalConnectMultiple (node:net:1134:18)
    at afterConnectMultiple (node:net:1715:7) {
  code: 'ETIMEDOUT',
  [errors]: [
    Error: connect ETIMEDOUT ::1:25566
        at createConnectionError (node:net:1678:14)
        at Timeout.internalConnectMultipleTimeout (node:net:1737:38)
        at listOnTimeout (node:internal/timers:587:11)
        at process.processTimers (node:internal/timers:521:7) {
      errno: -110,
      code: 'ETIMEDOUT',
      syscall: 'connect',
      address: '::1',
      port: 25566
    },
    Error: connect ECONNREFUSED 127.0.0.1:25566
        at createConnectionError (node:net:1678:14)
        at afterConnectMultiple (node:net:1708:16) {
      errno: -111,
      code: 'ECONNREFUSED',
      syscall: 'connect',
      address: '127.0.0.1',
      port: 25566
    }
  ]
}
[chelios2] Error: 
[chelios2] Disconnected
[chelios2] Starting autonomous agent...
[chelios2] Waiting for spawn...
AggregateError [ECONNREFUSED]: 
    at internalConnectMultiple (node:net:1134:18)
    at afterConnectMultiple (node:net:1715:7) {
  code: 'ECONNREFUSED',
  [errors]: [
    Error: connect ECONNREFUSED ::1:25566
        at createConnectionError (node:net:1678:14)
        at afterConnectMultiple (node:net:1708:16) {
      errno: -111,
      code: 'ECONNREFUSED',
      syscall: 'connect',
      address: '::1',
      port: 25566
    },
    Error: connect ECONNREFUSED 127.0.0.1:25566
        at createConnectionError (node:net:1678:14)
        at afterConnectMultiple (node:net:1708:16) {
      errno: -111,
      code: 'ECONNREFUSED',
      syscall: 'connect',
      address: '127.0.0.1',
      port: 25566
    }
  ]
}
[chelios2] Error: 
[chelios2] Disconnected
[chelios2] Starting autonomous agent...
[chelios2] Waiting for spawn...
AggregateError [ETIMEDOUT]: 
    at internalConnectMultiple (node:net:1134:18)
    at afterConnectMultiple (node:net:1715:7) {
  code: 'ETIMEDOUT',
  [errors]: [
    Error: connect ETIMEDOUT ::1:25566
        at createConnectionError (node:net:1678:14)
        at Timeout.internalConnectMultipleTimeout (node:net:1737:38)
        at listOnTimeout (node:internal/timers:587:11)
        at process.processTimers (node:internal/timers:521:7) {
      errno: -110,
      code: 'ETIMEDOUT',
      syscall: 'connect',
      address: '::1',
      port: 25566
    },
    Error: connect ECONNREFUSED 127.0.0.1:25566
        at createConnectionError (node:net:1678:14)
        at afterConnectMultiple (node:net:1708:16) {
      errno: -111,
      code: 'ECONNREFUSED',
      syscall: 'connect',
      address: '127.0.0.1',
      port: 25566
    }
  ]
}
[chelios2] Error: 
[chelios2] Disconnected
[chelios2] Starting autonomous agent...
[chelios2] Waiting for spawn...
AggregateError [ECONNREFUSED]: 
    at internalConnectMultiple (node:net:1134:18)
    at afterConnectMultiple (node:net:1715:7) {
  code: 'ECONNREFUSED',
  [errors]: [
    Error: connect ECONNREFUSED ::1:25566
        at createConnectionError (node:net:1678:14)
        at afterConnectMultiple (node:net:1708:16) {
      errno: -111,
      code: 'ECONNREFUSED',
      syscall: 'connect',
      address: '::1',
      port: 25566
    },
    Error: connect ECONNREFUSED 127.0.0.1:25566
        at createConnectionError (node:net:1678:14)
        at afterConnectMultiple (node:net:1708:16) {
      errno: -111,
      code: 'ECONNREFUSED',
      syscall: 'connect',
      address: '127.0.0.1',
      port: 25566
    }
  ]
}
[chelios2] Error: 
[chelios2] Disconnected
[chelios2] Starting autonomous agent...
[chelios2] Waiting for spawn...
AggregateError [ETIMEDOUT]: 
    at internalConnectMultiple (node:net:1134:18)
    at afterConnectMultiple (node:net:1715:7) {
  code: 'ETIMEDOUT',
  [errors]: [
    Error: connect ETIMEDOUT ::1:25566
        at createConnectionError (node:net:1678:14)
        at Timeout.internalConnectMultipleTimeout (node:net:1737:38)
        at listOnTimeout (node:internal/timers:587:11)
        at process.processTimers (node:internal/timers:521:7) {
      errno: -110,
      code: 'ETIMEDOUT',
      syscall: 'connect',
      address: '::1',
      port: 25566
    },
    Error: connect ECONNREFUSED 127.0.0.1:25566
        at createConnectionError (node:net:1678:14)
        at afterConnectMultiple (node:net:1708:16) {
      errno: -111,
      code: 'ECONNREFUSED',
      syscall: 'connect',
      address: '127.0.0.1',
      port: 25566
    }
  ]
}
[chelios2] Error: 
[chelios2] Disconnected
[chelios2] Starting autonomous agent...
[chelios2] Waiting for spawn...
AggregateError [ECONNREFUSED]: 
    at internalConnectMultiple (node:net:1134:18)
    at afterConnectMultiple (node:net:1715:7) {
  code: 'ECONNREFUSED',
  [errors]: [
    Error: connect ECONNREFUSED ::1:25566
        at createConnectionError (node:net:1678:14)
        at afterConnectMultiple (node:net:1708:16) {
      errno: -111,
      code: 'ECONNREFUSED',
      syscall: 'connect',
      address: '::1',
      port: 25566
    },
    Error: connect ECONNREFUSED 127.0.0.1:25566
        at createConnectionError (node:net:1678:14)
        at afterConnectMultiple (node:net:1708:16) {
      errno: -111,
      code: 'ECONNREFUSED',
      syscall: 'connect',
      address: '127.0.0.1',
      port: 25566
    }
  ]
}
[chelios2] Error: 
[chelios2] Disconnected
[chelios2] Starting autonomous agent...
[chelios2] Waiting for spawn...
AggregateError [ETIMEDOUT]: 
    at internalConnectMultiple (node:net:1134:18)
    at afterConnectMultiple (node:net:1715:7) {
  code: 'ETIMEDOUT',
  [errors]: [
    Error: connect ETIMEDOUT ::1:25566
        at createConnectionError (node:net:1678:14)
        at Timeout.internalConnectMultipleTimeout (node:net:1737:38)
        at listOnTimeout (node:internal/timers:587:11)
        at process.processTimers (node:internal/timers:521:7) {
      errno: -110,
      code: 'ETIMEDOUT',
      syscall: 'connect',
      address: '::1',
      port: 25566
    },
    Error: connect ECONNREFUSED 127.0.0.1:25566
        at createConnectionError (node:net:1678:14)
        at afterConnectMultiple (node:net:1708:16) {
      errno: -111,
      code: 'ECONNREFUSED',
      syscall: 'connect',
      address: '127.0.0.1',
      port: 25566
    }
  ]
}
[chelios2] Error: 
[chelios2] Disconnected
[chelios2] Starting autonomous agent...
[chelios2] Waiting for spawn...
AggregateError [ECONNREFUSED]: 
    at internalConnectMultiple (node:net:1134:18)
    at afterConnectMultiple (node:net:1715:7) {
  code: 'ECONNREFUSED',
  [errors]: [
    Error: connect ECONNREFUSED ::1:25566
        at createConnectionError (node:net:1678:14)
        at afterConnectMultiple (node:net:1708:16) {
      errno: -111,
      code: 'ECONNREFUSED',
      syscall: 'connect',
      address: '::1',
      port: 25566
    },
    Error: connect ECONNREFUSED 127.0.0.1:25566
        at createConnectionError (node:net:1678:14)
        at afterConnectMultiple (node:net:1708:16) {
      errno: -111,
      code: 'ECONNREFUSED',
      syscall: 'connect',
      address: '127.0.0.1',
      port: 25566
    }
  ]
}
[chelios2] Error: 
[chelios2] Disconnected
[chelios2] Starting autonomous agent...
[chelios2] Waiting for spawn...
AggregateError [ECONNREFUSED]: 
    at internalConnectMultiple (node:net:1134:18)
    at afterConnectMultiple (node:net:1715:7) {
  code: 'ECONNREFUSED',
  [errors]: [
    Error: connect ECONNREFUSED ::1:25566
        at createConnectionError (node:net:1678:14)
        at afterConnectMultiple (node:net:1708:16) {
      errno: -111,
      code: 'ECONNREFUSED',
      syscall: 'connect',
      address: '::1',
      port: 25566
    },
    Error: connect ECONNREFUSED 127.0.0.1:25566
        at createConnectionError (node:net:1678:14)
        at afterConnectMultiple (node:net:1708:16) {
      errno: -111,
      code: 'ECONNREFUSED',
      syscall: 'connect',
      address: '127.0.0.1',
      port: 25566
    }
  ]
}
[chelios2] Error: 
[chelios2] Disconnected
[chelios2] Starting autonomous agent...
[chelios2] Waiting for spawn...
AggregateError [ECONNREFUSED]: 
    at internalConnectMultiple (node:net:1134:18)
    at afterConnectMultiple (node:net:1715:7) {
  code: 'ECONNREFUSED',
  [errors]: [
    Error: connect ECONNREFUSED ::1:25566
        at createConnectionError (node:net:1678:14)
        at afterConnectMultiple (node:net:1708:16) {
      errno: -111,
      code: 'ECONNREFUSED',
      syscall: 'connect',
      address: '::1',
      port: 25566
    },
    Error: connect ECONNREFUSED 127.0.0.1:25566
        at createConnectionError (node:net:1678:14)
        at afterConnectMultiple (node:net:1708:16) {
      errno: -111,
      code: 'ECONNREFUSED',
      syscall: 'connect',
      address: '127.0.0.1',
      port: 25566
    }
  ]
}
[chelios2] Error: 
[chelios2] Disconnected
[chelios2] Starting autonomous agent...
[chelios2] Waiting for spawn...
AggregateError [ECONNREFUSED]: 
    at internalConnectMultiple (node:net:1134:18)
    at afterConnectMultiple (node:net:1715:7) {
  code: 'ECONNREFUSED',
  [errors]: [
    Error: connect ECONNREFUSED ::1:25566
        at createConnectionError (node:net:1678:14)
        at afterConnectMultiple (node:net:1708:16) {
      errno: -111,
      code: 'ECONNREFUSED',
      syscall: 'connect',
      address: '::1',
      port: 25566
    },
    Error: connect ECONNREFUSED 127.0.0.1:25566
        at createConnectionError (node:net:1678:14)
        at afterConnectMultiple (node:net:1708:16) {
      errno: -111,
      code: 'ECONNREFUSED',
      syscall: 'connect',
      address: '127.0.0.1',
      port: 25566
    }
  ]
}
[chelios2] Error: 
[chelios2] Disconnected
[chelios2] Starting autonomous agent...
[chelios2] Waiting for spawn...
AggregateError [ECONNREFUSED]: 
    at internalConnectMultiple (node:net:1134:18)
    at afterConnectMultiple (node:net:1715:7) {
  code: 'ECONNREFUSED',
  [errors]: [
    Error: connect ECONNREFUSED ::1:25566
        at createConnectionError (node:net:1678:14)
        at afterConnectMultiple (node:net:1708:16) {
      errno: -111,
      code: 'ECONNREFUSED',
      syscall: 'connect',
      address: '::1',
      port: 25566
    },
    Error: connect ECONNREFUSED 127.0.0.1:25566
        at createConnectionError (node:net:1678:14)
        at afterConnectMultiple (node:net:1708:16) {
      errno: -111,
      code: 'ECONNREFUSED',
      syscall: 'connect',
      address: '127.0.0.1',
      port: 25566
    }
  ]
}
[chelios2] Error: 
[chelios2] Disconnected
[chelios2] Starting autonomous agent...
[chelios2] Waiting for spawn...
AggregateError [ECONNREFUSED]: 
    at internalConnectMultiple (node:net:1134:18)
    at afterConnectMultiple (node:net:1715:7) {
  code: 'ECONNREFUSED',
  [errors]: [
    Error: connect ECONNREFUSED ::1:25566
        at createConnectionError (node:net:1678:14)
        at afterConnectMultiple (node:net:1708:16) {
      errno: -111,
      code: 'ECONNREFUSED',
      syscall: 'connect',
      address: '::1',
      port: 25566
    },
    Error: connect ECONNREFUSED 127.0.0.1:25566
        at createConnectionError (node:net:1678:14)
        at afterConnectMultiple (node:net:1708:16) {
      errno: -111,
      code: 'ECONNREFUSED',
      syscall: 'connect',
      address: '127.0.0.1',
      port: 25566
    }
  ]
}
[chelios2] Error: 
[chelios2] Disconnected
[chelios2] Starting autonomous agent...
[chelios2] Waiting for spawn...
AggregateError [ECONNREFUSED]: 
    at internalConnectMultiple (node:net:1134:18)
    at afterConnectMultiple (node:net:1715:7) {
  code: 'ECONNREFUSED',
  [errors]: [
    Error: connect ECONNREFUSED ::1:25566
        at createConnectionError (node:net:1678:14)
        at afterConnectMultiple (node:net:1708:16) {
      errno: -111,
      code: 'ECONNREFUSED',
      syscall: 'connect',
      address: '::1',
      port: 25566
    },
    Error: connect ECONNREFUSED 127.0.0.1:25566
        at createConnectionError (node:net:1678:14)
        at afterConnectMultiple (node:net:1708:16) {
      errno: -111,
      code: 'ECONNREFUSED',
      syscall: 'connect',
      address: '127.0.0.1',
      port: 25566
    }
  ]
}
[chelios2] Error: 
[chelios2] Disconnected
[chelios2] Starting autonomous agent...
[chelios2] Waiting for spawn...
AggregateError [ECONNREFUSED]: 
    at internalConnectMultiple (node:net:1134:18)
    at afterConnectMultiple (node:net:1715:7) {
  code: 'ECONNREFUSED',
  [errors]: [
    Error: connect ECONNREFUSED ::1:25566
        at createConnectionError (node:net:1678:14)
        at afterConnectMultiple (node:net:1708:16) {
      errno: -111,
      code: 'ECONNREFUSED',
      syscall: 'connect',
      address: '::1',
      port: 25566
    },
    Error: connect ECONNREFUSED 127.0.0.1:25566
        at createConnectionError (node:net:1678:14)
        at afterConnectMultiple (node:net:1708:16) {
      errno: -111,
      code: 'ECONNREFUSED',
      syscall: 'connect',
      address: '127.0.0.1',
      port: 25566
    }
  ]
}
[chelios2] Error: 
[chelios2] Disconnected
[chelios2] Starting autonomous agent...
[chelios2] Waiting for spawn...
AggregateError [ECONNREFUSED]: 
    at internalConnectMultiple (node:net:1134:18)
    at afterConnectMultiple (node:net:1715:7) {
  code: 'ECONNREFUSED',
  [errors]: [
    Error: connect ECONNREFUSED ::1:25566
        at createConnectionError (node:net:1678:14)
        at afterConnectMultiple (node:net:1708:16) {
      errno: -111,
      code: 'ECONNREFUSED',
      syscall: 'connect',
      address: '::1',
      port: 25566
    },
    Error: connect ECONNREFUSED 127.0.0.1:25566
        at createConnectionError (node:net:1678:14)
        at afterConnectMultiple (node:net:1708:16) {
      errno: -111,
      code: 'ECONNREFUSED',
      syscall: 'connect',
      address: '127.0.0.1',
      port: 25566
    }
  ]
}
[chelios2] Error: 
[chelios2] Disconnected
[chelios2] Starting autonomous agent...
[chelios2] Waiting for spawn...
AggregateError [ETIMEDOUT]: 
    at internalConnectMultiple (node:net:1134:18)
    at afterConnectMultiple (node:net:1715:7) {
  code: 'ETIMEDOUT',
  [errors]: [
    Error: connect ETIMEDOUT ::1:25566
        at createConnectionError (node:net:1678:14)
        at Timeout.internalConnectMultipleTimeout (node:net:1737:38)
        at listOnTimeout (node:internal/timers:587:11)
        at process.processTimers (node:internal/timers:521:7) {
      errno: -110,
      code: 'ETIMEDOUT',
      syscall: 'connect',
      address: '::1',
      port: 25566
    },
    Error: connect ECONNREFUSED 127.0.0.1:25566
        at createConnectionError (node:net:1678:14)
        at afterConnectMultiple (node:net:1708:16) {
      errno: -111,
      code: 'ECONNREFUSED',
      syscall: 'connect',
      address: '127.0.0.1',
      port: 25566
    }
  ]
}
[chelios2] Error: 
[chelios2] Disconnected
[chelios2] Starting autonomous agent...
[chelios2] Waiting for spawn...
AggregateError [ECONNREFUSED]: 
    at internalConnectMultiple (node:net:1134:18)
    at afterConnectMultiple (node:net:1715:7) {
  code: 'ECONNREFUSED',
  [errors]: [
    Error: connect ECONNREFUSED ::1:25566
        at createConnectionError (node:net:1678:14)
        at afterConnectMultiple (node:net:1708:16) {
      errno: -111,
      code: 'ECONNREFUSED',
      syscall: 'connect',
      address: '::1',
      port: 25566
    },
    Error: connect ECONNREFUSED 127.0.0.1:25566
        at createConnectionError (node:net:1678:14)
        at afterConnectMultiple (node:net:1708:16) {
      errno: -111,
      code: 'ECONNREFUSED',
      syscall: 'connect',
      address: '127.0.0.1',
      port: 25566
    }
  ]
}
[chelios2] Error: 
[chelios2] Disconnected
[chelios2] Starting autonomous agent...
[chelios2] Waiting for spawn...
AggregateError [ECONNREFUSED]: 
    at internalConnectMultiple (node:net:1134:18)
    at afterConnectMultiple (node:net:1715:7) {
  code: 'ECONNREFUSED',
  [errors]: [
    Error: connect ECONNREFUSED ::1:25566
        at createConnectionError (node:net:1678:14)
        at afterConnectMultiple (node:net:1708:16) {
      errno: -111,
      code: 'ECONNREFUSED',
      syscall: 'connect',
      address: '::1',
      port: 25566
    },
    Error: connect ECONNREFUSED 127.0.0.1:25566
        at createConnectionError (node:net:1678:14)
        at afterConnectMultiple (node:net:1708:16) {
      errno: -111,
      code: 'ECONNREFUSED',
      syscall: 'connect',
      address: '127.0.0.1',
      port: 25566
    }
  ]
}
[chelios2] Error: 
[chelios2] Disconnected
[chelios2] Starting autonomous agent...
[chelios2] Waiting for spawn...
AggregateError [ECONNREFUSED]: 
    at internalConnectMultiple (node:net:1134:18)
    at afterConnectMultiple (node:net:1715:7) {
  code: 'ECONNREFUSED',
  [errors]: [
    Error: connect ECONNREFUSED ::1:25566
        at createConnectionError (node:net:1678:14)
        at afterConnectMultiple (node:net:1708:16) {
      errno: -111,
      code: 'ECONNREFUSED',
      syscall: 'connect',
      address: '::1',
      port: 25566
    },
    Error: connect ECONNREFUSED 127.0.0.1:25566
        at createConnectionError (node:net:1678:14)
        at afterConnectMultiple (node:net:1708:16) {
      errno: -111,
      code: 'ECONNREFUSED',
      syscall: 'connect',
      address: '127.0.0.1',
      port: 25566
    }
  ]
}
[chelios2] Error: 
[chelios2] Disconnected
[chelios2] Starting autonomous agent...
[chelios2] Waiting for spawn...
AggregateError [ECONNREFUSED]: 
    at internalConnectMultiple (node:net:1134:18)
    at afterConnectMultiple (node:net:1715:7) {
  code: 'ECONNREFUSED',
  [errors]: [
    Error: connect ECONNREFUSED ::1:25566
        at createConnectionError (node:net:1678:14)
        at afterConnectMultiple (node:net:1708:16) {
      errno: -111,
      code: 'ECONNREFUSED',
      syscall: 'connect',
      address: '::1',
      port: 25566
    },
    Error: connect ECONNREFUSED 127.0.0.1:25566
        at createConnectionError (node:net:1678:14)
        at afterConnectMultiple (node:net:1708:16) {
      errno: -111,
      code: 'ECONNREFUSED',
      syscall: 'connect',
      address: '127.0.0.1',
      port: 25566
    }
  ]
}
[chelios2] Error: 
[chelios2] Disconnected
[chelios2] Starting autonomous agent...
[chelios2] Waiting for spawn...
AggregateError [ECONNREFUSED]: 
    at internalConnectMultiple (node:net:1134:18)
    at afterConnectMultiple (node:net:1715:7) {
  code: 'ECONNREFUSED',
  [errors]: [
    Error: connect ECONNREFUSED ::1:25566
        at createConnectionError (node:net:1678:14)
        at afterConnectMultiple (node:net:1708:16) {
      errno: -111,
      code: 'ECONNREFUSED',
      syscall: 'connect',
      address: '::1',
      port: 25566
    },
    Error: connect ECONNREFUSED 127.0.0.1:25566
        at createConnectionError (node:net:1678:14)
        at afterConnectMultiple (node:net:1708:16) {
      errno: -111,
      code: 'ECONNREFUSED',
      syscall: 'connect',
      address: '127.0.0.1',
      port: 25566
    }
  ]
}
[chelios2] Error: 
[chelios2] Disconnected
[chelios2] Starting autonomous agent...
[chelios2] Waiting for spawn...
AggregateError [ECONNREFUSED]: 
    at internalConnectMultiple (node:net:1134:18)
    at afterConnectMultiple (node:net:1715:7) {
  code: 'ECONNREFUSED',
  [errors]: [
    Error: connect ECONNREFUSED ::1:25566
        at createConnectionError (node:net:1678:14)
        at afterConnectMultiple (node:net:1708:16) {
      errno: -111,
      code: 'ECONNREFUSED',
      syscall: 'connect',
      address: '::1',
      port: 25566
    },
    Error: connect ECONNREFUSED 127.0.0.1:25566
        at createConnectionError (node:net:1678:14)
        at afterConnectMultiple (node:net:1708:16) {
      errno: -111,
      code: 'ECONNREFUSED',
      syscall: 'connect',
      address: '127.0.0.1',
      port: 25566
    }
  ]
}
[chelios2] Error: 
[chelios2] Disconnected
[chelios2] Starting autonomous agent...
[chelios2] Waiting for spawn...
AggregateError [ECONNREFUSED]: 
    at internalConnectMultiple (node:net:1134:18)
    at afterConnectMultiple (node:net:1715:7) {
  code: 'ECONNREFUSED',
  [errors]: [
    Error: connect ECONNREFUSED ::1:25566
        at createConnectionError (node:net:1678:14)
        at afterConnectMultiple (node:net:1708:16) {
      errno: -111,
      code: 'ECONNREFUSED',
      syscall: 'connect',
      address: '::1',
      port: 25566
    },
    Error: connect ECONNREFUSED 127.0.0.1:25566
        at createConnectionError (node:net:1678:14)
        at afterConnectMultiple (node:net:1708:16) {
      errno: -111,
      code: 'ECONNREFUSED',
      syscall: 'connect',
      address: '127.0.0.1',
      port: 25566
    }
  ]
}
[chelios2] Error: 
[chelios2] Disconnected
[chelios2] Starting autonomous agent...
[chelios2] Waiting for spawn...
AggregateError [ECONNREFUSED]: 
    at internalConnectMultiple (node:net:1134:18)
    at afterConnectMultiple (node:net:1715:7) {
  code: 'ECONNREFUSED',
  [errors]: [
    Error: connect ECONNREFUSED ::1:25566
        at createConnectionError (node:net:1678:14)
        at afterConnectMultiple (node:net:1708:16) {
      errno: -111,
      code: 'ECONNREFUSED',
      syscall: 'connect',
      address: '::1',
      port: 25566
    },
    Error: connect ECONNREFUSED 127.0.0.1:25566
        at createConnectionError (node:net:1678:14)
        at afterConnectMultiple (node:net:1708:16) {
      errno: -111,
      code: 'ECONNREFUSED',
      syscall: 'connect',
      address: '127.0.0.1',
      port: 25566
    }
  ]
}
[chelios2] Error: 
[chelios2] Disconnected
[chelios2] Starting autonomous agent...
[chelios2] Waiting for spawn...
AggregateError [ECONNREFUSED]: 
    at internalConnectMultiple (node:net:1134:18)
    at afterConnectMultiple (node:net:1715:7) {
  code: 'ECONNREFUSED',
  [errors]: [
    Error: connect ECONNREFUSED ::1:25566
        at createConnectionError (node:net:1678:14)
        at afterConnectMultiple (node:net:1708:16) {
      errno: -111,
      code: 'ECONNREFUSED',
      syscall: 'connect',
      address: '::1',
      port: 25566
    },
    Error: connect ECONNREFUSED 127.0.0.1:25566
        at createConnectionError (node:net:1678:14)
        at afterConnectMultiple (node:net:1708:16) {
      errno: -111,
      code: 'ECONNREFUSED',
      syscall: 'connect',
      address: '127.0.0.1',
      port: 25566
    }
  ]
}
[chelios2] Error: 
[chelios2] Disconnected
[chelios2] Starting autonomous agent...
[chelios2] Waiting for spawn...
AggregateError [ECONNREFUSED]: 
    at internalConnectMultiple (node:net:1134:18)
    at afterConnectMultiple (node:net:1715:7) {
  code: 'ECONNREFUSED',
  [errors]: [
    Error: connect ECONNREFUSED ::1:25566
        at createConnectionError (node:net:1678:14)
        at afterConnectMultiple (node:net:1708:16) {
      errno: -111,
      code: 'ECONNREFUSED',
      syscall: 'connect',
      address: '::1',
      port: 25566
    },
    Error: connect ECONNREFUSED 127.0.0.1:25566
        at createConnectionError (node:net:1678:14)
        at afterConnectMultiple (node:net:1708:16) {
      errno: -111,
      code: 'ECONNREFUSED',
      syscall: 'connect',
      address: '127.0.0.1',
      port: 25566
    }
  ]
}
[chelios2] Error: 
[chelios2] Disconnected
[chelios2] Starting autonomous agent...
[chelios2] Waiting for spawn...
AggregateError [ECONNREFUSED]: 
    at internalConnectMultiple (node:net:1134:18)
    at afterConnectMultiple (node:net:1715:7) {
  code: 'ECONNREFUSED',
  [errors]: [
    Error: connect ECONNREFUSED ::1:25566
        at createConnectionError (node:net:1678:14)
        at afterConnectMultiple (node:net:1708:16) {
      errno: -111,
      code: 'ECONNREFUSED',
      syscall: 'connect',
      address: '::1',
      port: 25566
    },
    Error: connect ECONNREFUSED 127.0.0.1:25566
        at createConnectionError (node:net:1678:14)
        at afterConnectMultiple (node:net:1708:16) {
      errno: -111,
      code: 'ECONNREFUSED',
      syscall: 'connect',
      address: '127.0.0.1',
      port: 25566
    }
  ]
}
[chelios2] Error: 
[chelios2] Disconnected
[chelios2] Starting autonomous agent...
[chelios2] Waiting for spawn...
AggregateError [ECONNREFUSED]: 
    at internalConnectMultiple (node:net:1134:18)
    at afterConnectMultiple (node:net:1715:7) {
  code: 'ECONNREFUSED',
  [errors]: [
    Error: connect ECONNREFUSED ::1:25566
        at createConnectionError (node:net:1678:14)
        at afterConnectMultiple (node:net:1708:16) {
      errno: -111,
      code: 'ECONNREFUSED',
      syscall: 'connect',
      address: '::1',
      port: 25566
    },
    Error: connect ECONNREFUSED 127.0.0.1:25566
        at createConnectionError (node:net:1678:14)
        at afterConnectMultiple (node:net:1708:16) {
      errno: -111,
      code: 'ECONNREFUSED',
      syscall: 'connect',
      address: '127.0.0.1',
      port: 25566
    }
  ]
}
[chelios2] Error: 
[chelios2] Disconnected
[chelios2] Starting autonomous agent...
[chelios2] Waiting for spawn...
AggregateError [ECONNREFUSED]: 
    at internalConnectMultiple (node:net:1134:18)
    at afterConnectMultiple (node:net:1715:7) {
  code: 'ECONNREFUSED',
  [errors]: [
    Error: connect ECONNREFUSED ::1:25566
        at createConnectionError (node:net:1678:14)
        at afterConnectMultiple (node:net:1708:16) {
      errno: -111,
      code: 'ECONNREFUSED',
      syscall: 'connect',
      address: '::1',
      port: 25566
    },
    Error: connect ECONNREFUSED 127.0.0.1:25566
        at createConnectionError (node:net:1678:14)
        at afterConnectMultiple (node:net:1708:16) {
      errno: -111,
      code: 'ECONNREFUSED',
      syscall: 'connect',
      address: '127.0.0.1',
      port: 25566
    }
  ]
}
[chelios2] Error: 
[chelios2] Disconnected
[chelios2] Starting autonomous agent...
[chelios2] Waiting for spawn...
AggregateError [ECONNREFUSED]: 
    at internalConnectMultiple (node:net:1134:18)
    at afterConnectMultiple (node:net:1715:7) {
  code: 'ECONNREFUSED',
  [errors]: [
    Error: connect ECONNREFUSED ::1:25566
        at createConnectionError (node:net:1678:14)
        at afterConnectMultiple (node:net:1708:16) {
      errno: -111,
      code: 'ECONNREFUSED',
      syscall: 'connect',
      address: '::1',
      port: 25566
    },
    Error: connect ECONNREFUSED 127.0.0.1:25566
        at createConnectionError (node:net:1678:14)
        at afterConnectMultiple (node:net:1708:16) {
      errno: -111,
      code: 'ECONNREFUSED',
      syscall: 'connect',
      address: '127.0.0.1',
      port: 25566
    }
  ]
}
[chelios2] Error: 
[chelios2] Disconnected
[chelios2] Starting autonomous agent...
[chelios2] Waiting for spawn...
AggregateError [ECONNREFUSED]: 
    at internalConnectMultiple (node:net:1134:18)
    at afterConnectMultiple (node:net:1715:7) {
  code: 'ECONNREFUSED',
  [errors]: [
    Error: connect ECONNREFUSED ::1:25566
        at createConnectionError (node:net:1678:14)
        at afterConnectMultiple (node:net:1708:16) {
      errno: -111,
      code: 'ECONNREFUSED',
      syscall: 'connect',
      address: '::1',
      port: 25566
    },
    Error: connect ECONNREFUSED 127.0.0.1:25566
        at createConnectionError (node:net:1678:14)
        at afterConnectMultiple (node:net:1708:16) {
      errno: -111,
      code: 'ECONNREFUSED',
      syscall: 'connect',
      address: '127.0.0.1',
      port: 25566
    }
  ]
}
[chelios2] Error: 
[chelios2] Disconnected
[chelios2] Starting autonomous agent...
[chelios2] Waiting for spawn...
AggregateError [ECONNREFUSED]: 
    at internalConnectMultiple (node:net:1134:18)
    at afterConnectMultiple (node:net:1715:7) {
  code: 'ECONNREFUSED',
  [errors]: [
    Error: connect ECONNREFUSED ::1:25566
        at createConnectionError (node:net:1678:14)
        at afterConnectMultiple (node:net:1708:16) {
      errno: -111,
      code: 'ECONNREFUSED',
      syscall: 'connect',
      address: '::1',
      port: 25566
    },
    Error: connect ECONNREFUSED 127.0.0.1:25566
        at createConnectionError (node:net:1678:14)
        at afterConnectMultiple (node:net:1708:16) {
      errno: -111,
      code: 'ECONNREFUSED',
      syscall: 'connect',
      address: '127.0.0.1',
      port: 25566
    }
  ]
}
[chelios2] Error: 
[chelios2] Disconnected
[chelios2] Starting autonomous agent...
[chelios2] Waiting for spawn...
AggregateError [ECONNREFUSED]: 
    at internalConnectMultiple (node:net:1134:18)
    at afterConnectMultiple (node:net:1715:7) {
  code: 'ECONNREFUSED',
  [errors]: [
    Error: connect ECONNREFUSED ::1:25566
        at createConnectionError (node:net:1678:14)
        at afterConnectMultiple (node:net:1708:16) {
      errno: -111,
      code: 'ECONNREFUSED',
      syscall: 'connect',
      address: '::1',
      port: 25566
    },
    Error: connect ECONNREFUSED 127.0.0.1:25566
        at createConnectionError (node:net:1678:14)
        at afterConnectMultiple (node:net:1708:16) {
      errno: -111,
      code: 'ECONNREFUSED',
      syscall: 'connect',
      address: '127.0.0.1',
      port: 25566
    }
  ]
}
[chelios2] Error: 
[chelios2] Disconnected
[chelios2] Starting autonomous agent...
[chelios2] Waiting for spawn...
AggregateError [ETIMEDOUT]: 
    at internalConnectMultiple (node:net:1134:18)
    at afterConnectMultiple (node:net:1715:7) {
  code: 'ETIMEDOUT',
  [errors]: [
    Error: connect ETIMEDOUT ::1:25566
        at createConnectionError (node:net:1678:14)
        at Timeout.internalConnectMultipleTimeout (node:net:1737:38)
        at listOnTimeout (node:internal/timers:587:11)
        at process.processTimers (node:internal/timers:521:7) {
      errno: -110,
      code: 'ETIMEDOUT',
      syscall: 'connect',
      address: '::1',
      port: 25566
    },
    Error: connect ECONNREFUSED 127.0.0.1:25566
        at createConnectionError (node:net:1678:14)
        at afterConnectMultiple (node:net:1708:16) {
      errno: -111,
      code: 'ECONNREFUSED',
      syscall: 'connect',
      address: '127.0.0.1',
      port: 25566
    }
  ]
}
[chelios2] Error: 
[chelios2] Disconnected
[chelios2] Starting autonomous agent...
[chelios2] Waiting for spawn...
AggregateError [ECONNREFUSED]: 
    at internalConnectMultiple (node:net:1134:18)
    at afterConnectMultiple (node:net:1715:7) {
  code: 'ECONNREFUSED',
  [errors]: [
    Error: connect ECONNREFUSED ::1:25566
        at createConnectionError (node:net:1678:14)
        at afterConnectMultiple (node:net:1708:16) {
      errno: -111,
      code: 'ECONNREFUSED',
      syscall: 'connect',
      address: '::1',
      port: 25566
    },
    Error: connect ECONNREFUSED 127.0.0.1:25566
        at createConnectionError (node:net:1678:14)
        at afterConnectMultiple (node:net:1708:16) {
      errno: -111,
      code: 'ECONNREFUSED',
      syscall: 'connect',
      address: '127.0.0.1',
      port: 25566
    }
  ]
}
[chelios2] Error: 
[chelios2] Disconnected
[chelios2] Starting autonomous agent...
[chelios2] Waiting for spawn...
AggregateError [ECONNREFUSED]: 
    at internalConnectMultiple (node:net:1134:18)
    at afterConnectMultiple (node:net:1715:7) {
  code: 'ECONNREFUSED',
  [errors]: [
    Error: connect ECONNREFUSED ::1:25566
        at createConnectionError (node:net:1678:14)
        at afterConnectMultiple (node:net:1708:16) {
      errno: -111,
      code: 'ECONNREFUSED',
      syscall: 'connect',
      address: '::1',
      port: 25566
    },
    Error: connect ECONNREFUSED 127.0.0.1:25566
        at createConnectionError (node:net:1678:14)
        at afterConnectMultiple (node:net:1708:16) {
      errno: -111,
      code: 'ECONNREFUSED',
      syscall: 'connect',
      address: '127.0.0.1',
      port: 25566
    }
  ]
}
[chelios2] Error: 
[chelios2] Disconnected
[chelios2] Starting autonomous agent...
[chelios2] Waiting for spawn...
[chelios2] Starting autonomous agent...
AggregateError [ECONNREFUSED]: 
    at internalConnectMultiple (node:net:1134:18)
    at afterConnectMultiple (node:net:1715:7) {
  code: 'ECONNREFUSED',
  [errors]: [
    Error: connect ECONNREFUSED ::1:25566
        at createConnectionError (node:net:1678:14)
        at afterConnectMultiple (node:net:1708:16) {
      errno: -111,
      code: 'ECONNREFUSED',
      syscall: 'connect',
      address: '::1',
      port: 25566
    },
    Error: connect ECONNREFUSED 127.0.0.1:25566
        at createConnectionError (node:net:1678:14)
        at afterConnectMultiple (node:net:1708:16) {
      errno: -111,
      code: 'ECONNREFUSED',
      syscall: 'connect',
      address: '127.0.0.1',
      port: 25566
    }
  ]
}
[chelios2] Error: 
[chelios2] Disconnected
[chelios2] Waiting for spawn...
AggregateError [ECONNREFUSED]: 
    at internalConnectMultiple (node:net:1134:18)
    at afterConnectMultiple (node:net:1715:7) {
  code: 'ECONNREFUSED',
  [errors]: [
    Error: connect ECONNREFUSED ::1:25566
        at createConnectionError (node:net:1678:14)
        at afterConnectMultiple (node:net:1708:16) {
      errno: -111,
      code: 'ECONNREFUSED',
      syscall: 'connect',
      address: '::1',
      port: 25566
    },
    Error: connect ECONNREFUSED 127.0.0.1:25566
        at createConnectionError (node:net:1678:14)
        at afterConnectMultiple (node:net:1708:16) {
      errno: -111,
      code: 'ECONNREFUSED',
      syscall: 'connect',
      address: '127.0.0.1',
      port: 25566
    }
  ]
}
[chelios2] Error: 
[chelios2] Disconnected
[chelios2] Starting autonomous agent...
[chelios2] Waiting for spawn...
AggregateError [ECONNREFUSED]: 
    at internalConnectMultiple (node:net:1134:18)
    at afterConnectMultiple (node:net:1715:7) {
  code: 'ECONNREFUSED',
  [errors]: [
    Error: connect ECONNREFUSED ::1:25566
        at createConnectionError (node:net:1678:14)
        at afterConnectMultiple (node:net:1708:16) {
      errno: -111,
      code: 'ECONNREFUSED',
      syscall: 'connect',
      address: '::1',
      port: 25566
    },
    Error: connect ECONNREFUSED 127.0.0.1:25566
        at createConnectionError (node:net:1678:14)
        at afterConnectMultiple (node:net:1708:16) {
      errno: -111,
      code: 'ECONNREFUSED',
      syscall: 'connect',
      address: '127.0.0.1',
      port: 25566
    }
  ]
}
[chelios2] Error: 
[chelios2] Disconnected
[chelios2] Starting autonomous agent...
[chelios2] Waiting for spawn...
AggregateError [ECONNREFUSED]: 
    at internalConnectMultiple (node:net:1134:18)
    at afterConnectMultiple (node:net:1715:7) {
  code: 'ECONNREFUSED',
  [errors]: [
    Error: connect ECONNREFUSED ::1:25566
        at createConnectionError (node:net:1678:14)
        at afterConnectMultiple (node:net:1708:16) {
      errno: -111,
      code: 'ECONNREFUSED',
      syscall: 'connect',
      address: '::1',
      port: 25566
    },
    Error: connect ECONNREFUSED 127.0.0.1:25566
        at createConnectionError (node:net:1678:14)
        at afterConnectMultiple (node:net:1708:16) {
      errno: -111,
      code: 'ECONNREFUSED',
      syscall: 'connect',
      address: '127.0.0.1',
      port: 25566
    }
  ]
}
[chelios2] Error: 
[chelios2] Disconnected
[chelios2] Starting autonomous agent...
[chelios2] Waiting for spawn...
AggregateError [ECONNREFUSED]: 
    at internalConnectMultiple (node:net:1134:18)
    at afterConnectMultiple (node:net:1715:7) {
  code: 'ECONNREFUSED',
  [errors]: [
    Error: connect ECONNREFUSED ::1:25566
        at createConnectionError (node:net:1678:14)
        at afterConnectMultiple (node:net:1708:16) {
      errno: -111,
      code: 'ECONNREFUSED',
      syscall: 'connect',
      address: '::1',
      port: 25566
    },
    Error: connect ECONNREFUSED 127.0.0.1:25566
        at createConnectionError (node:net:1678:14)
        at afterConnectMultiple (node:net:1708:16) {
      errno: -111,
      code: 'ECONNREFUSED',
      syscall: 'connect',
      address: '127.0.0.1',
      port: 25566
    }
  ]
}
[chelios2] Error: 
[chelios2] Disconnected
[chelios2] Starting autonomous agent...
[chelios2] Waiting for spawn...
AggregateError [ECONNREFUSED]: 
    at internalConnectMultiple (node:net:1134:18)
    at afterConnectMultiple (node:net:1715:7) {
  code: 'ECONNREFUSED',
  [errors]: [
    Error: connect ECONNREFUSED ::1:25566
        at createConnectionError (node:net:1678:14)
        at afterConnectMultiple (node:net:1708:16) {
      errno: -111,
      code: 'ECONNREFUSED',
      syscall: 'connect',
      address: '::1',
      port: 25566
    },
    Error: connect ECONNREFUSED 127.0.0.1:25566
        at createConnectionError (node:net:1678:14)
        at afterConnectMultiple (node:net:1708:16) {
      errno: -111,
      code: 'ECONNREFUSED',
      syscall: 'connect',
      address: '127.0.0.1',
      port: 25566
    }
  ]
}
[chelios2] Error: 
[chelios2] Disconnected
[chelios2] Starting autonomous agent...
[chelios2] Waiting for spawn...
AggregateError [ECONNREFUSED]: 
    at internalConnectMultiple (node:net:1134:18)
    at afterConnectMultiple (node:net:1715:7) {
  code: 'ECONNREFUSED',
  [errors]: [
    Error: connect ECONNREFUSED ::1:25566
        at createConnectionError (node:net:1678:14)
        at afterConnectMultiple (node:net:1708:16) {
      errno: -111,
      code: 'ECONNREFUSED',
      syscall: 'connect',
      address: '::1',
      port: 25566
    },
    Error: connect ECONNREFUSED 127.0.0.1:25566
        at createConnectionError (node:net:1678:14)
        at afterConnectMultiple (node:net:1708:16) {
      errno: -111,
      code: 'ECONNREFUSED',
      syscall: 'connect',
      address: '127.0.0.1',
      port: 25566
    }
  ]
}
[chelios2] Error: 
[chelios2] Disconnected
[chelios2] Starting autonomous agent...
[chelios2] Waiting for spawn...
AggregateError [ECONNREFUSED]: 
    at internalConnectMultiple (node:net:1134:18)
    at afterConnectMultiple (node:net:1715:7) {
  code: 'ECONNREFUSED',
  [errors]: [
    Error: connect ECONNREFUSED ::1:25566
        at createConnectionError (node:net:1678:14)
        at afterConnectMultiple (node:net:1708:16) {
      errno: -111,
      code: 'ECONNREFUSED',
      syscall: 'connect',
      address: '::1',
      port: 25566
    },
    Error: connect ECONNREFUSED 127.0.0.1:25566
        at createConnectionError (node:net:1678:14)
        at afterConnectMultiple (node:net:1708:16) {
      errno: -111,
      code: 'ECONNREFUSED',
      syscall: 'connect',
      address: '127.0.0.1',
      port: 25566
    }
  ]
}
[chelios2] Error: 
[chelios2] Disconnected
[chelios2] Starting autonomous agent...
[chelios2] Waiting for spawn...
AggregateError [ETIMEDOUT]: 
    at internalConnectMultiple (node:net:1134:18)
    at afterConnectMultiple (node:net:1715:7) {
  code: 'ETIMEDOUT',
  [errors]: [
    Error: connect ETIMEDOUT ::1:25566
        at createConnectionError (node:net:1678:14)
        at Timeout.internalConnectMultipleTimeout (node:net:1737:38)
        at listOnTimeout (node:internal/timers:587:11)
        at process.processTimers (node:internal/timers:521:7) {
      errno: -110,
      code: 'ETIMEDOUT',
      syscall: 'connect',
      address: '::1',
      port: 25566
    },
    Error: connect ECONNREFUSED 127.0.0.1:25566
        at createConnectionError (node:net:1678:14)
        at afterConnectMultiple (node:net:1708:16) {
      errno: -111,
      code: 'ECONNREFUSED',
      syscall: 'connect',
      address: '127.0.0.1',
      port: 25566
    }
  ]
}
[chelios2] Error: 
[chelios2] Disconnected
[chelios2] Starting autonomous agent...
[chelios2] Waiting for spawn...
AggregateError [ETIMEDOUT]: 
    at internalConnectMultiple (node:net:1134:18)
    at afterConnectMultiple (node:net:1715:7) {
  code: 'ETIMEDOUT',
  [errors]: [
    Error: connect ETIMEDOUT ::1:25566
        at createConnectionError (node:net:1678:14)
        at Timeout.internalConnectMultipleTimeout (node:net:1737:38)
        at listOnTimeout (node:internal/timers:587:11)
        at process.processTimers (node:internal/timers:521:7) {
      errno: -110,
      code: 'ETIMEDOUT',
      syscall: 'connect',
      address: '::1',
      port: 25566
    },
    Error: connect ECONNREFUSED 127.0.0.1:25566
        at createConnectionError (node:net:1678:14)
        at afterConnectMultiple (node:net:1708:16) {
      errno: -111,
      code: 'ECONNREFUSED',
      syscall: 'connect',
      address: '127.0.0.1',
      port: 25566
    }
  ]
}
[chelios2] Error: 
[chelios2] Disconnected
[chelios2] Starting autonomous agent...
[chelios2] Waiting for spawn...
AggregateError [ETIMEDOUT]: 
    at internalConnectMultiple (node:net:1134:18)
    at afterConnectMultiple (node:net:1715:7) {
  code: 'ETIMEDOUT',
  [errors]: [
    Error: connect ETIMEDOUT ::1:25566
        at createConnectionError (node:net:1678:14)
        at Timeout.internalConnectMultipleTimeout (node:net:1737:38)
        at listOnTimeout (node:internal/timers:587:11)
        at process.processTimers (node:internal/timers:521:7) {
      errno: -110,
      code: 'ETIMEDOUT',
      syscall: 'connect',
      address: '::1',
      port: 25566
    },
    Error: connect ECONNREFUSED 127.0.0.1:25566
        at createConnectionError (node:net:1678:14)
        at afterConnectMultiple (node:net:1708:16) {
      errno: -111,
      code: 'ECONNREFUSED',
      syscall: 'connect',
      address: '127.0.0.1',
      port: 25566
    }
  ]
}
[chelios2] Error: 
[chelios2] Disconnected
[chelios2] Starting autonomous agent...
[chelios2] Waiting for spawn...
[chelios2] Disconnected
[chelios2] Starting autonomous agent...
[chelios2] Waiting for spawn...
[chelios2] Disconnected
[chelios2] Starting autonomous agent...
[chelios2] Waiting for spawn...
AggregateError [ECONNREFUSED]: 
    at internalConnectMultiple (node:net:1134:18)
    at afterConnectMultiple (node:net:1715:7) {
  code: 'ECONNREFUSED',
  [errors]: [
    Error: connect ECONNREFUSED ::1:25565
        at createConnectionError (node:net:1678:14)
        at afterConnectMultiple (node:net:1708:16) {
      errno: -111,
      code: 'ECONNREFUSED',
      syscall: 'connect',
      address: '::1',
      port: 25565
    },
    Error: connect ECONNREFUSED 127.0.0.1:25565
        at createConnectionError (node:net:1678:14)
        at afterConnectMultiple (node:net:1708:16) {
      errno: -111,
      code: 'ECONNREFUSED',
      syscall: 'connect',
      address: '127.0.0.1',
      port: 25565
    }
  ]
}
[chelios2] Error: 
[chelios2] Disconnected
[chelios2] Starting autonomous agent...
[chelios2] Waiting for spawn...
[chelios2] ✅ Spawned in world at (-216.5, 63, -156.5)
[chelios2] Connecting to Brain at ws://localhost:8767
Error: client timed out after 30000 milliseconds
    at Timeout._onTimeout (/root/.openclaw/workspace/node_modules/minecraft-protocol/src/client/keepalive.js:18:28)
    at listOnTimeout (node:internal/timers:585:17)
    at process.processTimers (node:internal/timers:521:7)
[chelios2] Error: client timed out after 30000 milliseconds
[chelios2] Disconnected
[chelios2] Starting autonomous agent...
[chelios2] Waiting for spawn...
[chelios2] Disconnected
[chelios2] Starting autonomous agent...
[chelios2] Waiting for spawn...
Error: read ECONNRESET
    at TCP.onStreamRead (node:internal/stream_base_commons:216:20) {
  errno: -104,
  code: 'ECONNRESET',
  syscall: 'read'
}
[chelios2] Error: read ECONNRESET
[chelios2] Disconnected
[chelios2] Starting autonomous agent...
[chelios2] Waiting for spawn...
[chelios2] Disconnected
[chelios2] Starting autonomous agent...
[chelios2] Waiting for spawn...
[chelios2] Starting autonomous agent...
[chelios2] Waiting for spawn...
[chelios2] Disconnected
[chelios2] Chat: aurora: Agent aurora online!
[chelios2] ✅ Spawned in world at (-216.5, 63, -156.5)
[chelios2] Connecting to Brain at ws://localhost:8767
[chelios2] ✅ Brain connected
[chelios2] Brain command: registered
[chelios2] Chat: forge: Agent forge online!
Error: write ECONNRESET
    at afterWriteDispatched (node:internal/stream_base_commons:159:15)
    at writeGeneric (node:internal/stream_base_commons:150:3)
    at Socket._writeGeneric (node:net:966:11)
    at Socket._write (node:net:978:8)
    at writeOrBuffer (node:internal/streams/writable:572:12)
    at _write (node:internal/streams/writable:501:10)
    at Writable.write (node:internal/streams/writable:510:10)
    at Framer.ondata (/root/.openclaw/workspace/node_modules/readable-stream/lib/internal/streams/readable.js:707:22)
    at Framer.emit (node:events:519:28)
    at addChunk (/root/.openclaw/workspace/node_modules/readable-stream/lib/internal/streams/readable.js:323:12) {
  errno: -104,
  code: 'ECONNRESET',
  syscall: 'write'
}
[chelios2] Error: write ECONNRESET
[chelios2] Disconnected
[chelios2] Starting autonomous agent...
[chelios2] Waiting for spawn...
[chelios2] Disconnected
[chelios2] Starting autonomous agent...
[chelios2] Waiting for spawn...
[chelios2] ✅ Spawned in world at (-216.5, 63, -156.5)
[chelios2] Connecting to Brain at ws://localhost:8767
[chelios2] ✅ Brain connected
[chelios2] Chat: aurora: Agent aurora online!
[chelios2] Brain command: registered
Error: write EPIPE
    at afterWriteDispatched (node:internal/stream_base_commons:159:15)
    at writeGeneric (node:internal/stream_base_commons:150:3)
    at Socket._writeGeneric (node:net:966:11)
    at Socket._write (node:net:978:8)
    at writeOrBuffer (node:internal/streams/writable:572:12)
    at _write (node:internal/streams/writable:501:10)
    at Writable.write (node:internal/streams/writable:510:10)
    at Framer.ondata (/root/.openclaw/workspace/node_modules/readable-stream/lib/internal/streams/readable.js:707:22)
    at Framer.emit (node:events:519:28)
    at addChunk (/root/.openclaw/workspace/node_modules/readable-stream/lib/internal/streams/readable.js:323:12) {
  errno: -32,
  code: 'EPIPE',
  syscall: 'write'
}
[chelios2] Error: write EPIPE
[chelios2] Disconnected
[chelios2] Starting autonomous agent...
[chelios2] Waiting for spawn...
[chelios2] Disconnected
[chelios2] Starting autonomous agent...
[chelios2] Waiting for spawn...
[chelios2] ✅ Spawned in world at (-214.94069900168876, 63, -155.50000000000009)
[chelios2] Connecting to Brain at ws://localhost:8767
[chelios2] ✅ Brain connected
[chelios2] Brain command: registered
[chelios2] Chat: aurora: Agent aurora online!
[chelios2] Chat: chelios: Agent chelios online!
Error: write ECONNRESET
    at afterWriteDispatched (node:internal/stream_base_commons:159:15)
    at writeGeneric (node:internal/stream_base_commons:150:3)
    at Socket._writeGeneric (node:net:966:11)
    at Socket._write (node:net:978:8)
    at writeOrBuffer (node:internal/streams/writable:572:12)
    at _write (node:internal/streams/writable:501:10)
    at Writable.write (node:internal/streams/writable:510:10)
    at Framer.ondata (/root/.openclaw/workspace/node_modules/readable-stream/lib/internal/streams/readable.js:707:22)
    at Framer.emit (node:events:519:28)
    at addChunk (/root/.openclaw/workspace/node_modules/readable-stream/lib/internal/streams/readable.js:323:12) {
  errno: -104,
  code: 'ECONNRESET',
  syscall: 'write'
}
[chelios2] Error: write ECONNRESET
[chelios2] Disconnected
[chelios2] Starting autonomous agent...
[chelios2] Waiting for spawn...
[chelios2] ✅ Spawned in world at (-217.25410527084705, 64.16610926093821, -161.3973676863797)
[chelios2] Connecting to Brain at ws://localhost:8767
[chelios2] ✅ Brain connected
[chelios2] Brain command: registered
[chelios2] Chat: aurora: Agent aurora online!
Error: write EPIPE
    at afterWriteDispatched (node:internal/stream_base_commons:159:15)
    at writeGeneric (node:internal/stream_base_commons:150:3)
    at Socket._writeGeneric (node:net:966:11)
    at Socket._write (node:net:978:8)
    at writeOrBuffer (node:internal/streams/writable:572:12)
    at _write (node:internal/streams/writable:501:10)
    at Writable.write (node:internal/streams/writable:510:10)
    at Framer.ondata (/root/.openclaw/workspace/node_modules/readable-stream/lib/internal/streams/readable.js:707:22)
    at Framer.emit (node:events:519:28)
    at addChunk (/root/.openclaw/workspace/node_modules/readable-stream/lib/internal/streams/readable.js:323:12) {
  errno: -32,
  code: 'EPIPE',
  syscall: 'write'
}
[chelios2] Error: write EPIPE
[chelios2] Disconnected
[chelios2] Starting autonomous agent...
[chelios2] Waiting for spawn...
[chelios2] Disconnected
[chelios2] Starting autonomous agent...
[chelios2] Waiting for spawn...
[chelios2] ✅ Spawned in world at (-215.49993890801105, 64, -159.62740003544468)
[chelios2] Connecting to Brain at ws://localhost:8767
[chelios2] ✅ Brain connected
[chelios2] Brain command: registered
[chelios2] Chat: patricia2: Agent patricia2 online!
Error: write EPIPE
    at afterWriteDispatched (node:internal/stream_base_commons:159:15)
    at writeGeneric (node:internal/stream_base_commons:150:3)
    at Socket._writeGeneric (node:net:966:11)
    at Socket._write (node:net:978:8)
    at writeOrBuffer (node:internal/streams/writable:572:12)
    at _write (node:internal/streams/writable:501:10)
    at Writable.write (node:internal/streams/writable:510:10)
    at Framer.ondata (/root/.openclaw/workspace/node_modules/readable-stream/lib/internal/streams/readable.js:707:22)
    at Framer.emit (node:events:519:28)
    at addChunk (/root/.openclaw/workspace/node_modules/readable-stream/lib/internal/streams/readable.js:323:12) {
  errno: -32,
  code: 'EPIPE',
  syscall: 'write'
}
[chelios2] Error: write EPIPE
[chelios2] Disconnected
[chelios2] Starting autonomous agent...
[chelios2] Waiting for spawn...
[chelios2] ✅ Spawned in world at (-226.5, 60.89741512179204, -154.42104106466667)
[chelios2] Connecting to Brain at ws://localhost:8767
[chelios2] ✅ Brain connected
[chelios2] Brain command: registered
Error: write ECONNRESET
    at afterWriteDispatched (node:internal/stream_base_commons:159:15)
    at writeGeneric (node:internal/stream_base_commons:150:3)
    at Socket._writeGeneric (node:net:966:11)
    at Socket._write (node:net:978:8)
    at writeOrBuffer (node:internal/streams/writable:572:12)
    at _write (node:internal/streams/writable:501:10)
    at Writable.write (node:internal/streams/writable:510:10)
    at Framer.ondata (/root/.openclaw/workspace/node_modules/readable-stream/lib/internal/streams/readable.js:707:22)
    at Framer.emit (node:events:519:28)
    at addChunk (/root/.openclaw/workspace/node_modules/readable-stream/lib/internal/streams/readable.js:323:12) {
  errno: -104,
  code: 'ECONNRESET',
  syscall: 'write'
}
[chelios2] Error: write ECONNRESET
[chelios2] Disconnected
[chelios2] Starting autonomous agent...
[chelios2] Waiting for spawn...
[chelios2] ✅ Spawned in world at (-231.57052217063958, 62.443445132437844, -156.56056870099346)
[chelios2] Connecting to Brain at ws://localhost:8767
[chelios2] ✅ Brain connected
[chelios2] Brain command: registered
[chelios2] Chat: chelios: Agent chelios online!
Error: write EPIPE
    at afterWriteDispatched (node:internal/stream_base_commons:159:15)
    at writeGeneric (node:internal/stream_base_commons:150:3)
    at Socket._writeGeneric (node:net:966:11)
    at Socket._write (node:net:978:8)
    at writeOrBuffer (node:internal/streams/writable:572:12)
    at _write (node:internal/streams/writable:501:10)
    at Writable.write (node:internal/streams/writable:510:10)
    at Framer.ondata (/root/.openclaw/workspace/node_modules/readable-stream/lib/internal/streams/readable.js:707:22)
    at Framer.emit (node:events:519:28)
    at addChunk (/root/.openclaw/workspace/node_modules/readable-stream/lib/internal/streams/readable.js:323:12) {
  errno: -32,
  code: 'EPIPE',
  syscall: 'write'
}
[chelios2] Error: write EPIPE
[chelios2] Disconnected
[chelios2] Starting autonomous agent...
[chelios2] Waiting for spawn...
[chelios2] ✅ Spawned in world at (-225.3826899098929, 60.89470637335124, -157.52241027071884)
[chelios2] Connecting to Brain at ws://localhost:8767
[chelios2] ✅ Brain connected
[chelios2] Brain command: registered
Error: write EPIPE
    at afterWriteDispatched (node:internal/stream_base_commons:159:15)
    at writeGeneric (node:internal/stream_base_commons:150:3)
    at Socket._writeGeneric (node:net:966:11)
    at Socket._write (node:net:978:8)
    at writeOrBuffer (node:internal/streams/writable:572:12)
    at _write (node:internal/streams/writable:501:10)
    at Writable.write (node:internal/streams/writable:510:10)
    at Framer.ondata (/root/.openclaw/workspace/node_modules/readable-stream/lib/internal/streams/readable.js:707:22)
    at Framer.emit (node:events:519:28)
    at addChunk (/root/.openclaw/workspace/node_modules/readable-stream/lib/internal/streams/readable.js:323:12) {
  errno: -32,
  code: 'EPIPE',
  syscall: 'write'
}
[chelios2] Error: write EPIPE
[chelios2] Disconnected
[chelios2] Starting autonomous agent...
[chelios2] Waiting for spawn...
[chelios2] Disconnected
[chelios2] Starting autonomous agent...
[chelios2] Waiting for spawn...
[chelios2] ✅ Spawned in world at (-219.97388588668645, 62.69304454838929, -151.73739760400346)
[chelios2] Connecting to Brain at ws://localhost:8767
[chelios2] Chat: forge2: Agent forge2 online!
[chelios2] ✅ Brain connected
[chelios2] Brain command: registered
Error: write EPIPE
    at afterWriteDispatched (node:internal/stream_base_commons:159:15)
    at writeGeneric (node:internal/stream_base_commons:150:3)
    at Socket._writeGeneric (node:net:966:11)
    at Socket._write (node:net:978:8)
    at writeOrBuffer (node:internal/streams/writable:572:12)
    at _write (node:internal/streams/writable:501:10)
    at Writable.write (node:internal/streams/writable:510:10)
    at Framer.ondata (/root/.openclaw/workspace/node_modules/readable-stream/lib/internal/streams/readable.js:707:22)
    at Framer.emit (node:events:519:28)
    at addChunk (/root/.openclaw/workspace/node_modules/readable-stream/lib/internal/streams/readable.js:323:12) {
  errno: -32,
  code: 'EPIPE',
  syscall: 'write'
}
[chelios2] Error: write EPIPE
[chelios2] Disconnected
[chelios2] Starting autonomous agent...
[chelios2] Waiting for spawn...
[chelios2] Disconnected
[chelios2] Starting autonomous agent...
[chelios2] Waiting for spawn...
[chelios2] Disconnected
[chelios2] Starting autonomous agent...
[chelios2] Waiting for spawn...
[chelios2] Disconnected
[chelios2] Starting autonomous agent...
[chelios2] Waiting for spawn...
[chelios2] ✅ Spawned in world at (-212.48679002344065, 65, -146.5828696190171)
[chelios2] Connecting to Brain at ws://localhost:8767
[chelios2] ✅ Brain connected
[chelios2] Brain command: registered
Error: write EPIPE
    at afterWriteDispatched (node:internal/stream_base_commons:159:15)
    at writeGeneric (node:internal/stream_base_commons:150:3)
    at Socket._writeGeneric (node:net:966:11)
    at Socket._write (node:net:978:8)
    at writeOrBuffer (node:internal/streams/writable:572:12)
    at _write (node:internal/streams/writable:501:10)
    at Writable.write (node:internal/streams/writable:510:10)
    at Framer.ondata (/root/.openclaw/workspace/node_modules/readable-stream/lib/internal/streams/readable.js:707:22)
    at Framer.emit (node:events:519:28)
    at addChunk (/root/.openclaw/workspace/node_modules/readable-stream/lib/internal/streams/readable.js:323:12) {
  errno: -32,
  code: 'EPIPE',
  syscall: 'write'
}
[chelios2] Error: write EPIPE
[chelios2] Disconnected
[chelios2] Starting autonomous agent...
[chelios2] Waiting for spawn...
[chelios2] ✅ Spawned in world at (-212.48679002344065, 65, -146.5828696190171)
[chelios2] Connecting to Brain at ws://localhost:8767
[chelios2] ✅ Brain connected
[chelios2] Brain command: registered
[chelios2] Chat: forge2: Agent forge2 online!
[chelios2] Starting autonomous agent...
[chelios2] Waiting for spawn...
Error: write EPIPE
    at afterWriteDispatched (node:internal/stream_base_commons:159:15)
    at writeGeneric (node:internal/stream_base_commons:150:3)
    at Socket._writeGeneric (node:net:966:11)
    at Socket._write (node:net:978:8)
    at writeOrBuffer (node:internal/streams/writable:572:12)
    at _write (node:internal/streams/writable:501:10)
    at Writable.write (node:internal/streams/writable:510:10)
    at Framer.ondata (/root/.openclaw/workspace/node_modules/readable-stream/lib/internal/streams/readable.js:707:22)
    at Framer.emit (node:events:519:28)
    at addChunk (/root/.openclaw/workspace/node_modules/readable-stream/lib/internal/streams/readable.js:323:12) {
  errno: -32,
  code: 'EPIPE',
  syscall: 'write'
}
[chelios2] Error: write EPIPE
[chelios2] Disconnected
[chelios2] ✅ Spawned in world at (-230.00880763871461, 62.34978648790015, -143.62788658816885)
[chelios2] Connecting to Brain at ws://localhost:8767
[chelios2] ✅ Brain connected
[chelios2] Brain command: registered
Error: write ECONNRESET
    at afterWriteDispatched (node:internal/stream_base_commons:159:15)
    at writeGeneric (node:internal/stream_base_commons:150:3)
    at Socket._writeGeneric (node:net:966:11)
    at Socket._write (node:net:978:8)
    at writeOrBuffer (node:internal/streams/writable:572:12)
    at _write (node:internal/streams/writable:501:10)
    at Writable.write (node:internal/streams/writable:510:10)
    at Framer.ondata (/root/.openclaw/workspace/node_modules/readable-stream/lib/internal/streams/readable.js:707:22)
    at Framer.emit (node:events:519:28)
    at addChunk (/root/.openclaw/workspace/node_modules/readable-stream/lib/internal/streams/readable.js:323:12) {
  errno: -104,
  code: 'ECONNRESET',
  syscall: 'write'
}
[chelios2] Error: write ECONNRESET
[chelios2] Disconnected
[chelios2] Starting autonomous agent...
[chelios2] Waiting for spawn...
[chelios2] Disconnected
[chelios2] Starting autonomous agent...
[chelios2] Waiting for spawn...
[chelios2] ✅ Spawned in world at (-230.00880763871461, 58.94978648641002, -143.62788658816885)
[chelios2] Connecting to Brain at ws://localhost:8767
[chelios2] ✅ Brain connected
[chelios2] Brain command: registered
Error: write ECONNRESET
    at afterWriteDispatched (node:internal/stream_base_commons:159:15)
    at writeGeneric (node:internal/stream_base_commons:150:3)
    at Socket._writeGeneric (node:net:966:11)
    at Socket._write (node:net:978:8)
    at writeOrBuffer (node:internal/streams/writable:572:12)
    at _write (node:internal/streams/writable:501:10)
    at Writable.write (node:internal/streams/writable:510:10)
    at Framer.ondata (/root/.openclaw/workspace/node_modules/readable-stream/lib/internal/streams/readable.js:707:22)
    at Framer.emit (node:events:519:28)
    at addChunk (/root/.openclaw/workspace/node_modules/readable-stream/lib/internal/streams/readable.js:323:12) {
  errno: -104,
  code: 'ECONNRESET',
  syscall: 'write'
}
[chelios2] Error: write ECONNRESET
[chelios2] Disconnected
[chelios2] Starting autonomous agent...
[chelios2] Waiting for spawn...
[chelios2] ✅ Spawned in world at (-226.5, 61.86385377246234, -144.53994150950132)
[chelios2] Connecting to Brain at ws://localhost:8767
[chelios2] ✅ Brain connected
[chelios2] Brain command: registered
Error: write EPIPE
    at afterWriteDispatched (node:internal/stream_base_commons:159:15)
    at writeGeneric (node:internal/stream_base_commons:150:3)
    at Socket._writeGeneric (node:net:966:11)
    at Socket._write (node:net:978:8)
    at writeOrBuffer (node:internal/streams/writable:572:12)
    at _write (node:internal/streams/writable:501:10)
    at Writable.write (node:internal/streams/writable:510:10)
    at Framer.ondata (/root/.openclaw/workspace/node_modules/readable-stream/lib/internal/streams/readable.js:707:22)
    at Framer.emit (node:events:519:28)
    at addChunk (/root/.openclaw/workspace/node_modules/readable-stream/lib/internal/streams/readable.js:323:12) {
  errno: -32,
  code: 'EPIPE',
  syscall: 'write'
}
[chelios2] Error: write EPIPE
[chelios2] Disconnected
[chelios2] Starting autonomous agent...
[chelios2] Waiting for spawn...
[chelios2] ✅ Spawned in world at (-219.55440880567193, 59, -146.5)
[chelios2] Connecting to Brain at ws://localhost:8767
[chelios2] Chat: chelios: Agent chelios online!
[chelios2] ✅ Brain connected
[chelios2] Brain command: registered
Error: write EPIPE
    at afterWriteDispatched (node:internal/stream_base_commons:159:15)
    at writeGeneric (node:internal/stream_base_commons:150:3)
    at Socket._writeGeneric (node:net:966:11)
    at Socket._write (node:net:978:8)
    at writeOrBuffer (node:internal/streams/writable:572:12)
    at _write (node:internal/streams/writable:501:10)
    at Writable.write (node:internal/streams/writable:510:10)
    at Framer.ondata (/root/.openclaw/workspace/node_modules/readable-stream/lib/internal/streams/readable.js:707:22)
    at Framer.emit (node:events:519:28)
    at addChunk (/root/.openclaw/workspace/node_modules/readable-stream/lib/internal/streams/readable.js:323:12) {
  errno: -32,
  code: 'EPIPE',
  syscall: 'write'
}
[chelios2] Error: write EPIPE
[chelios2] Disconnected
[chelios2] Starting autonomous agent...
[chelios2] Waiting for spawn...
[chelios2] ✅ Spawned in world at (-217.4543156312981, 59, -145.49696692746485)
[chelios2] Connecting to Brain at ws://localhost:8767
[chelios2] Chat: chelios: Agent chelios online!
[chelios2] ✅ Brain connected
[chelios2] Brain command: registered
Error: write EPIPE
    at afterWriteDispatched (node:internal/stream_base_commons:159:15)
    at writeGeneric (node:internal/stream_base_commons:150:3)
    at Socket._writeGeneric (node:net:966:11)
    at Socket._write (node:net:978:8)
    at writeOrBuffer (node:internal/streams/writable:572:12)
    at _write (node:internal/streams/writable:501:10)
    at Writable.write (node:internal/streams/writable:510:10)
    at Framer.ondata (/root/.openclaw/workspace/node_modules/readable-stream/lib/internal/streams/readable.js:707:22)
    at Framer.emit (node:events:519:28)
    at addChunk (/root/.openclaw/workspace/node_modules/readable-stream/lib/internal/streams/readable.js:323:12) {
  errno: -32,
  code: 'EPIPE',
  syscall: 'write'
}
[chelios2] Error: write EPIPE
[chelios2] Disconnected
[chelios2] Starting autonomous agent...
[chelios2] Waiting for spawn...
[chelios2] Chat: patricia: Agent patricia online!
[chelios2] ✅ Spawned in world at (-219.56139793536582, 59, -146.7944110884593)
[chelios2] Connecting to Brain at ws://localhost:8767
[chelios2] ✅ Brain connected
[chelios2] Brain command: registered
Error: write EPIPE
    at afterWriteDispatched (node:internal/stream_base_commons:159:15)
    at writeGeneric (node:internal/stream_base_commons:150:3)
    at Socket._writeGeneric (node:net:966:11)
    at Socket._write (node:net:978:8)
    at writeOrBuffer (node:internal/streams/writable:572:12)
    at _write (node:internal/streams/writable:501:10)
    at Writable.write (node:internal/streams/writable:510:10)
    at Framer.ondata (/root/.openclaw/workspace/node_modules/readable-stream/lib/internal/streams/readable.js:707:22)
    at Framer.emit (node:events:519:28)
    at addChunk (/root/.openclaw/workspace/node_modules/readable-stream/lib/internal/streams/readable.js:323:12) {
  errno: -32,
  code: 'EPIPE',
  syscall: 'write'
}
[chelios2] Error: write EPIPE
[chelios2] Disconnected
[chelios2] Starting autonomous agent...
[chelios2] Waiting for spawn...
[chelios2] ✅ Spawned in world at (-220.5, 59, -144.4648677632122)
[chelios2] Connecting to Brain at ws://localhost:8767
[chelios2] ✅ Brain connected
[chelios2] Brain command: registered
Error: write EPIPE
    at afterWriteDispatched (node:internal/stream_base_commons:159:15)
    at writeGeneric (node:internal/stream_base_commons:150:3)
    at Socket._writeGeneric (node:net:966:11)
    at Socket._write (node:net:978:8)
    at writeOrBuffer (node:internal/streams/writable:572:12)
    at _write (node:internal/streams/writable:501:10)
    at Writable.write (node:internal/streams/writable:510:10)
    at Framer.ondata (/root/.openclaw/workspace/node_modules/readable-stream/lib/internal/streams/readable.js:707:22)
    at Framer.emit (node:events:519:28)
    at addChunk (/root/.openclaw/workspace/node_modules/readable-stream/lib/internal/streams/readable.js:323:12) {
  errno: -32,
  code: 'EPIPE',
  syscall: 'write'
}
[chelios2] Error: write EPIPE
[chelios2] Disconnected
[chelios2] Starting autonomous agent...
[chelios2] Waiting for spawn...
[chelios2] Disconnected
[chelios2] Starting autonomous agent...
[chelios2] Waiting for spawn...
[chelios2] ✅ Spawned in world at (-217.48046101644024, 59.8447679954834, -152.41446858856696)
[chelios2] Connecting to Brain at ws://localhost:8767
[chelios2] ✅ Brain connected
[chelios2] Brain command: registered
[chelios2] Starting autonomous agent...
Error: write ECONNRESET
    at afterWriteDispatched (node:internal/stream_base_commons:159:15)
    at writeGeneric (node:internal/stream_base_commons:150:3)
    at Socket._writeGeneric (node:net:966:11)
    at Socket._write (node:net:978:8)
    at writeOrBuffer (node:internal/streams/writable:572:12)
    at _write (node:internal/streams/writable:501:10)
    at Writable.write (node:internal/streams/writable:510:10)
    at Framer.ondata (/root/.openclaw/workspace/node_modules/readable-stream/lib/internal/streams/readable.js:707:22)
    at Framer.emit (node:events:519:28)
    at addChunk (/root/.openclaw/workspace/node_modules/readable-stream/lib/internal/streams/readable.js:323:12) {
  errno: -104,
  code: 'ECONNRESET',
  syscall: 'write'
}
[chelios2] Error: write ECONNRESET
[chelios2] Disconnected
[chelios2] Waiting for spawn...
[chelios2] ✅ Spawned in world at (-217.48046101644024, 59, -152.41446858856696)
[chelios2] Connecting to Brain at ws://localhost:8767
[chelios2] ✅ Brain connected
[chelios2] Brain command: registered
Error: write EPIPE
    at afterWriteDispatched (node:internal/stream_base_commons:159:15)
    at writeGeneric (node:internal/stream_base_commons:150:3)
    at Socket._writeGeneric (node:net:966:11)
    at Socket._write (node:net:978:8)
    at writeOrBuffer (node:internal/streams/writable:572:12)
    at _write (node:internal/streams/writable:501:10)
    at Writable.write (node:internal/streams/writable:510:10)
    at Framer.ondata (/root/.openclaw/workspace/node_modules/readable-stream/lib/internal/streams/readable.js:707:22)
    at Framer.emit (node:events:519:28)
    at addChunk (/root/.openclaw/workspace/node_modules/readable-stream/lib/internal/streams/readable.js:323:12) {
  errno: -32,
  code: 'EPIPE',
  syscall: 'write'
}
[chelios2] Error: write EPIPE
[chelios2] Disconnected
[chelios2] Starting autonomous agent...
[chelios2] Waiting for spawn...
[chelios2] Disconnected
[chelios2] Starting autonomous agent...
[chelios2] Waiting for spawn...
[chelios2] Disconnected
[chelios2] Starting autonomous agent...
[chelios2] Waiting for spawn...
[chelios2] Disconnected
[chelios2] Starting autonomous agent...
[chelios2] Waiting for spawn...
[chelios2] Disconnected
[chelios2] Starting autonomous agent...
[chelios2] Waiting for spawn...
[chelios2] ✅ Spawned in world at (-216.7, 59, -152.854298322817)
[chelios2] Connecting to Brain at ws://localhost:8767
[chelios2] ✅ Brain connected
[chelios2] Brain command: registered
Error: write EPIPE
    at afterWriteDispatched (node:internal/stream_base_commons:159:15)
    at writeGeneric (node:internal/stream_base_commons:150:3)
    at Socket._writeGeneric (node:net:966:11)
    at Socket._write (node:net:978:8)
    at writeOrBuffer (node:internal/streams/writable:572:12)
    at _write (node:internal/streams/writable:501:10)
    at Writable.write (node:internal/streams/writable:510:10)
    at Framer.ondata (/root/.openclaw/workspace/node_modules/readable-stream/lib/internal/streams/readable.js:707:22)
    at Framer.emit (node:events:519:28)
    at addChunk (/root/.openclaw/workspace/node_modules/readable-stream/lib/internal/streams/readable.js:323:12) {
  errno: -32,
  code: 'EPIPE',
  syscall: 'write'
}
[chelios2] Error: write EPIPE
[chelios2] Disconnected
[chelios2] Starting autonomous agent...
[chelios2] Waiting for spawn...
[chelios2] Disconnected
[chelios2] Starting autonomous agent...
[chelios2] Waiting for spawn...
[chelios2] Disconnected
[chelios2] Starting autonomous agent...
[chelios2] Waiting for spawn...
[chelios2] ✅ Spawned in world at (-215.5, 60, -150.7)
[chelios2] Connecting to Brain at ws://localhost:8767
[chelios2] ✅ Brain connected
[chelios2] Brain command: registered
Error: write EPIPE
    at afterWriteDispatched (node:internal/stream_base_commons:159:15)
    at writeGeneric (node:internal/stream_base_commons:150:3)
    at Socket._writeGeneric (node:net:966:11)
    at Socket._write (node:net:978:8)
    at writeOrBuffer (node:internal/streams/writable:572:12)
    at _write (node:internal/streams/writable:501:10)
    at Writable.write (node:internal/streams/writable:510:10)
    at Framer.ondata (/root/.openclaw/workspace/node_modules/readable-stream/lib/internal/streams/readable.js:707:22)
    at Framer.emit (node:events:519:28)
    at addChunk (/root/.openclaw/workspace/node_modules/readable-stream/lib/internal/streams/readable.js:323:12) {
  errno: -32,
  code: 'EPIPE',
  syscall: 'write'
}
[chelios2] Error: write EPIPE
[chelios2] Disconnected
[chelios2] Starting autonomous agent...
[chelios2] Waiting for spawn...
[chelios2] ✅ Spawned in world at (-213.50000045313814, 61, -151.5)
[chelios2] Connecting to Brain at ws://localhost:8767
[chelios2] ✅ Brain connected
[chelios2] Brain command: registered
[chelios2] Chat: aurora: Agent aurora online!
Error: write EPIPE
    at afterWriteDispatched (node:internal/stream_base_commons:159:15)
    at writeGeneric (node:internal/stream_base_commons:150:3)
    at Socket._writeGeneric (node:net:966:11)
    at Socket._write (node:net:978:8)
    at writeOrBuffer (node:internal/streams/writable:572:12)
    at _write (node:internal/streams/writable:501:10)
    at Writable.write (node:internal/streams/writable:510:10)
    at Framer.ondata (/root/.openclaw/workspace/node_modules/readable-stream/lib/internal/streams/readable.js:707:22)
    at Framer.emit (node:events:519:28)
    at addChunk (/root/.openclaw/workspace/node_modules/readable-stream/lib/internal/streams/readable.js:323:12) {
  errno: -32,
  code: 'EPIPE',
  syscall: 'write'
}
[chelios2] Error: write EPIPE
[chelios2] Disconnected
[chelios2] Starting autonomous agent...
[chelios2] Waiting for spawn...
[chelios2] ✅ Spawned in world at (-217.93554986414082, 60, -150.5282496536036)
[chelios2] Connecting to Brain at ws://localhost:8767
[chelios2] ✅ Brain connected
[chelios2] Brain command: registered
Error: write EPIPE
    at afterWriteDispatched (node:internal/stream_base_commons:159:15)
    at writeGeneric (node:internal/stream_base_commons:150:3)
    at Socket._writeGeneric (node:net:966:11)
    at Socket._write (node:net:978:8)
    at writeOrBuffer (node:internal/streams/writable:572:12)
    at _write (node:internal/streams/writable:501:10)
    at Writable.write (node:internal/streams/writable:510:10)
    at Framer.ondata (/root/.openclaw/workspace/node_modules/readable-stream/lib/internal/streams/readable.js:707:22)
    at Framer.emit (node:events:519:28)
    at addChunk (/root/.openclaw/workspace/node_modules/readable-stream/lib/internal/streams/readable.js:323:12) {
  errno: -32,
  code: 'EPIPE',
  syscall: 'write'
}
[chelios2] Error: write EPIPE
[chelios2] Disconnected
[chelios2] Starting autonomous agent...
[chelios2] Waiting for spawn...
[chelios2] Disconnected
[chelios2] Starting autonomous agent...
[chelios2] Waiting for spawn...
[chelios2] ✅ Spawned in world at (-217.54582423027114, 60.53319999363423, -151.54168992914379)
[chelios2] Connecting to Brain at ws://localhost:8767
[chelios2] ✅ Brain connected
[chelios2] Brain command: registered
Error: write EPIPE
    at afterWriteDispatched (node:internal/stream_base_commons:159:15)
    at writeGeneric (node:internal/stream_base_commons:150:3)
    at Socket._writeGeneric (node:net:966:11)
    at Socket._write (node:net:978:8)
    at writeOrBuffer (node:internal/streams/writable:572:12)
    at _write (node:internal/streams/writable:501:10)
    at Writable.write (node:internal/streams/writable:510:10)
    at Framer.ondata (/root/.openclaw/workspace/node_modules/readable-stream/lib/internal/streams/readable.js:707:22)
    at Framer.emit (node:events:519:28)
    at addChunk (/root/.openclaw/workspace/node_modules/readable-stream/lib/internal/streams/readable.js:323:12) {
  errno: -32,
  code: 'EPIPE',
  syscall: 'write'
}
[chelios2] Error: write EPIPE
[chelios2] Disconnected
[chelios2] Starting autonomous agent...
[chelios2] Waiting for spawn...
[chelios2] Chat: forge2: Agent forge2 online!
[chelios2] ✅ Spawned in world at (-213.87433354518078, 61, -151.7)
[chelios2] Connecting to Brain at ws://localhost:8767
[chelios2] ✅ Brain connected
[chelios2] Brain command: registered
[chelios2] Chat: patricia: Agent patricia online!
Error: write EPIPE
    at afterWriteDispatched (node:internal/stream_base_commons:159:15)
    at writeGeneric (node:internal/stream_base_commons:150:3)
    at Socket._writeGeneric (node:net:966:11)
    at Socket._write (node:net:978:8)
    at writeOrBuffer (node:internal/streams/writable:572:12)
    at _write (node:internal/streams/writable:501:10)
    at Writable.write (node:internal/streams/writable:510:10)
    at Framer.ondata (/root/.openclaw/workspace/node_modules/readable-stream/lib/internal/streams/readable.js:707:22)
    at Framer.emit (node:events:519:28)
    at addChunk (/root/.openclaw/workspace/node_modules/readable-stream/lib/internal/streams/readable.js:323:12) {
  errno: -32,
  code: 'EPIPE',
  syscall: 'write'
}
[chelios2] Error: write EPIPE
[chelios2] Disconnected
[chelios2] Starting autonomous agent...
[chelios2] Waiting for spawn...
[chelios2] Disconnected
[chelios2] Starting autonomous agent...
[chelios2] Waiting for spawn...
[chelios2] Chat: aurora: Agent aurora online!
[chelios2] ✅ Spawned in world at (-213.87433354518078, 61, -151.7)
[chelios2] Connecting to Brain at ws://localhost:8767
[chelios2] Chat: chelios: Agent chelios online!
[chelios2] Chat: patricia2: Agent patricia2 online!
[chelios2] ✅ Brain connected
[chelios2] Brain command: registered
Error: write ECONNRESET
    at afterWriteDispatched (node:internal/stream_base_commons:159:15)
    at writeGeneric (node:internal/stream_base_commons:150:3)
    at Socket._writeGeneric (node:net:966:11)
    at Socket._write (node:net:978:8)
    at writeOrBuffer (node:internal/streams/writable:572:12)
    at _write (node:internal/streams/writable:501:10)
    at Writable.write (node:internal/streams/writable:510:10)
    at Framer.ondata (/root/.openclaw/workspace/node_modules/readable-stream/lib/internal/streams/readable.js:707:22)
    at Framer.emit (node:events:519:28)
    at addChunk (/root/.openclaw/workspace/node_modules/readable-stream/lib/internal/streams/readable.js:323:12) {
  errno: -104,
  code: 'ECONNRESET',
  syscall: 'write'
}
[chelios2] Error: write ECONNRESET
[chelios2] Disconnected
[chelios2] Starting autonomous agent...
[chelios2] Waiting for spawn...
[chelios2] ✅ Spawned in world at (-219.50033331708565, 59, -146.5835018457081)
[chelios2] Connecting to Brain at ws://localhost:8767
[chelios2] ✅ Brain connected
[chelios2] Brain command: registered
[chelios2] Disconnected
[chelios2] Starting autonomous agent...
[chelios2] Waiting for spawn...
[chelios2] Disconnected
[chelios2] Starting autonomous agent...
[chelios2] Waiting for spawn...
[chelios2] Disconnected
[chelios2] Starting autonomous agent...
[chelios2] Waiting for spawn...
[chelios2] Chat: aurora: Agent aurora online!
[chelios2] Chat: chelios: Agent chelios online!
[chelios2] ✅ Spawned in world at (-212.4804334255673, 61, -153.5)
[chelios2] Connecting to Brain at ws://localhost:8767
[chelios2] ✅ Brain connected
[chelios2] Brain command: registered
Error: write EPIPE
    at afterWriteDispatched (node:internal/stream_base_commons:159:15)
    at writeGeneric (node:internal/stream_base_commons:150:3)
    at Socket._writeGeneric (node:net:966:11)
    at Socket._write (node:net:978:8)
    at writeOrBuffer (node:internal/streams/writable:572:12)
    at _write (node:internal/streams/writable:501:10)
    at Writable.write (node:internal/streams/writable:510:10)
    at Framer.ondata (/root/.openclaw/workspace/node_modules/readable-stream/lib/internal/streams/readable.js:707:22)
    at Framer.emit (node:events:519:28)
    at addChunk (/root/.openclaw/workspace/node_modules/readable-stream/lib/internal/streams/readable.js:323:12) {
  errno: -32,
  code: 'EPIPE',
  syscall: 'write'
}
[chelios2] Error: write EPIPE
[chelios2] Disconnected
[chelios2] Starting autonomous agent...
[chelios2] Waiting for spawn...
[chelios2] ✅ Spawned in world at (-214.49175868482618, 60, -150.4881715048289)
[chelios2] Connecting to Brain at ws://localhost:8767
[chelios2] ✅ Brain connected
[chelios2] Brain command: registered
[chelios2] Chat: patricia2: Agent patricia2 online!
Error: write EPIPE
    at afterWriteDispatched (node:internal/stream_base_commons:159:15)
    at writeGeneric (node:internal/stream_base_commons:150:3)
    at Socket._writeGeneric (node:net:966:11)
    at Socket._write (node:net:978:8)
    at writeOrBuffer (node:internal/streams/writable:572:12)
    at _write (node:internal/streams/writable:501:10)
    at Writable.write (node:internal/streams/writable:510:10)
    at Framer.ondata (/root/.openclaw/workspace/node_modules/readable-stream/lib/internal/streams/readable.js:707:22)
    at Framer.emit (node:events:519:28)
    at addChunk (/root/.openclaw/workspace/node_modules/readable-stream/lib/internal/streams/readable.js:323:12) {
  errno: -32,
  code: 'EPIPE',
  syscall: 'write'
}
[chelios2] Error: write EPIPE
[chelios2] Disconnected
[chelios2] Starting autonomous agent...
[chelios2] Waiting for spawn...
[chelios2] ✅ Spawned in world at (-218.51307701874876, 60, -148.86227517238822)
[chelios2] Connecting to Brain at ws://localhost:8767
[chelios2] ✅ Brain connected
[chelios2] Brain command: registered
[chelios2] Chat: aurora: Agent aurora online!
[chelios2] Chat: patricia2: Agent patricia2 online!
[chelios2] Chat: forge2: Agent forge2 online!
[chelios2] Starting autonomous agent...
[chelios2] Waiting for spawn...
[chelios2] Chat: patricia: Agent patricia online!
[chelios2] Disconnected
[chelios2] Chat: forge: Agent forge online!
[chelios2] Chat: aurora: Agent aurora online!
[chelios2] Chat: chelios: Agent chelios online!
[chelios2] Chat: forge2: Agent forge2 online!
[chelios2] Chat: patricia2: Agent patricia2 online!
[chelios2] Starting autonomous agent...
[chelios2] Chat: forge: Agent forge online!
[chelios2] Chat: patricia: Agent patricia online!
[chelios2] Waiting for spawn...
[chelios2] Chat: aurora: Agent aurora online!
[chelios2] Chat: chelios: Agent chelios online!
[chelios2] Disconnected
[chelios2] ✅ Spawned in world at (-153.5, 72, -177.5)
[chelios2] Connecting to Brain at ws://localhost:8767
[chelios2] ✅ Brain connected
[chelios2] Brain command: registered
[chelios2] Chat: forge2: Agent forge2 online!
[chelios2] Starting autonomous agent...
[chelios2] Waiting for spawn...
[chelios2] Disconnected
[chelios2] Chat: chelios: Agent chelios online!
[chelios2] Chat: forge2: Agent forge2 online!
[chelios2] Chat: patricia: Agent patricia online!
[chelios2] Chat: forge: Agent forge online!
Error: client timed out after 30000 milliseconds
    at Timeout._onTimeout (/root/.openclaw/workspace/node_modules/minecraft-protocol/src/client/keepalive.js:18:28)
    at listOnTimeout (node:internal/timers:585:17)
    at process.processTimers (node:internal/timers:521:7)
[chelios2] Error: client timed out after 30000 milliseconds
[chelios2] Disconnected
[chelios2] Starting autonomous agent...
[chelios2] Waiting for spawn...
[chelios2] ✅ Spawned in world at (-126.5, 61.8800043316937, -218.34447057252638)
[chelios2] Connecting to Brain at ws://localhost:8767
[chelios2] ✅ Brain connected
[chelios2] Brain command: registered
Error: write EPIPE
    at afterWriteDispatched (node:internal/stream_base_commons:159:15)
    at writeGeneric (node:internal/stream_base_commons:150:3)
    at Socket._writeGeneric (node:net:966:11)
    at Socket._write (node:net:978:8)
    at writeOrBuffer (node:internal/streams/writable:572:12)
    at _write (node:internal/streams/writable:501:10)
    at Writable.write (node:internal/streams/writable:510:10)
    at Framer.ondata (/root/.openclaw/workspace/node_modules/readable-stream/lib/internal/streams/readable.js:707:22)
    at Framer.emit (node:events:519:28)
    at addChunk (/root/.openclaw/workspace/node_modules/readable-stream/lib/internal/streams/readable.js:323:12) {
  errno: -32,
  code: 'EPIPE',
  syscall: 'write'
}
[chelios2] Error: write EPIPE
[chelios2] Disconnected
[chelios2] Starting autonomous agent...
[chelios2] Waiting for spawn...
[chelios2] Disconnected
[chelios2] Starting autonomous agent...
[chelios2] Waiting for spawn...
[chelios2] Disconnected
[chelios2] Starting autonomous agent...
[chelios2] Waiting for spawn...
[chelios2] ✅ Spawned in world at (-121.5, 58.664035037822245, -226.45530097073157)
[chelios2] Connecting to Brain at ws://localhost:8767
[chelios2] Chat: aurora: Agent aurora online!
[chelios2] ✅ Brain connected
[chelios2] Brain command: registered
Error: write EPIPE
    at afterWriteDispatched (node:internal/stream_base_commons:159:15)
    at writeGeneric (node:internal/stream_base_commons:150:3)
    at Socket._writeGeneric (node:net:966:11)
    at Socket._write (node:net:978:8)
    at writeOrBuffer (node:internal/streams/writable:572:12)
    at _write (node:internal/streams/writable:501:10)
    at Writable.write (node:internal/streams/writable:510:10)
    at Framer.ondata (/root/.openclaw/workspace/node_modules/readable-stream/lib/internal/streams/readable.js:707:22)
    at Framer.emit (node:events:519:28)
    at addChunk (/root/.openclaw/workspace/node_modules/readable-stream/lib/internal/streams/readable.js:323:12) {
  errno: -32,
  code: 'EPIPE',
  syscall: 'write'
}
[chelios2] Error: write EPIPE
[chelios2] Disconnected
[chelios2] Starting autonomous agent...
[chelios2] Waiting for spawn...
[chelios2] ✅ Spawned in world at (-124.39556025526075, 61.75015869742712, -226.44857444885167)
[chelios2] Connecting to Brain at ws://localhost:8767
[chelios2] ✅ Brain connected
[chelios2] Brain command: registered
Error: write EPIPE
    at afterWriteDispatched (node:internal/stream_base_commons:159:15)
    at writeGeneric (node:internal/stream_base_commons:150:3)
    at Socket._writeGeneric (node:net:966:11)
    at Socket._write (node:net:978:8)
    at writeOrBuffer (node:internal/streams/writable:572:12)
    at _write (node:internal/streams/writable:501:10)
    at Writable.write (node:internal/streams/writable:510:10)
    at Framer.ondata (/root/.openclaw/workspace/node_modules/readable-stream/lib/internal/streams/readable.js:707:22)
    at Framer.emit (node:events:519:28)
    at addChunk (/root/.openclaw/workspace/node_modules/readable-stream/lib/internal/streams/readable.js:323:12) {
  errno: -32,
  code: 'EPIPE',
  syscall: 'write'
}
[chelios2] Error: write EPIPE
[chelios2] Disconnected
[chelios2] Starting autonomous agent...
[chelios2] Waiting for spawn...
[chelios2] ✅ Spawned in world at (-121.26418927659157, 62.26683865567413, -229.6407906211375)
[chelios2] Connecting to Brain at ws://localhost:8767
[chelios2] ✅ Brain connected
[chelios2] Brain command: registered
Error: write ECONNRESET
    at afterWriteDispatched (node:internal/stream_base_commons:159:15)
    at writeGeneric (node:internal/stream_base_commons:150:3)
    at Socket._writeGeneric (node:net:966:11)
    at Socket._write (node:net:978:8)
    at writeOrBuffer (node:internal/streams/writable:572:12)
    at _write (node:internal/streams/writable:501:10)
    at Writable.write (node:internal/streams/writable:510:10)
    at Framer.ondata (/root/.openclaw/workspace/node_modules/readable-stream/lib/internal/streams/readable.js:707:22)
    at Framer.emit (node:events:519:28)
    at addChunk (/root/.openclaw/workspace/node_modules/readable-stream/lib/internal/streams/readable.js:323:12) {
  errno: -104,
  code: 'ECONNRESET',
  syscall: 'write'
}
[chelios2] Error: write ECONNRESET
[chelios2] Disconnected
[chelios2] Starting autonomous agent...
[chelios2] Waiting for spawn...
[chelios2] Chat: patricia2: Agent patricia2 online!
[chelios2] ✅ Spawned in world at (-122.50145310890674, 61.866839281895295, -228.49832860095327)
[chelios2] Connecting to Brain at ws://localhost:8767
[chelios2] ✅ Brain connected
[chelios2] Brain command: registered
Error: write ECONNRESET
    at afterWriteDispatched (node:internal/stream_base_commons:159:15)
    at writeGeneric (node:internal/stream_base_commons:150:3)
    at Socket._writeGeneric (node:net:966:11)
    at Socket._write (node:net:978:8)
    at writeOrBuffer (node:internal/streams/writable:572:12)
    at _write (node:internal/streams/writable:501:10)
    at Writable.write (node:internal/streams/writable:510:10)
    at Framer.ondata (/root/.openclaw/workspace/node_modules/readable-stream/lib/internal/streams/readable.js:707:22)
    at Framer.emit (node:events:519:28)
    at addChunk (/root/.openclaw/workspace/node_modules/readable-stream/lib/internal/streams/readable.js:323:12) {
  errno: -104,
  code: 'ECONNRESET',
  syscall: 'write'
}
[chelios2] Error: write ECONNRESET
[chelios2] Disconnected
[chelios2] Starting autonomous agent...
[chelios2] Waiting for spawn...
[chelios2] ✅ Spawned in world at (-120.41197892025195, 62.19824211506669, -235.5)
[chelios2] Connecting to Brain at ws://localhost:8767
[chelios2] Chat: patricia2: Agent patricia2 online!
[chelios2] ✅ Brain connected
[chelios2] Brain command: registered
[chelios2] Chat: forge2: Agent forge2 online!
Error: write EPIPE
    at afterWriteDispatched (node:internal/stream_base_commons:159:15)
    at writeGeneric (node:internal/stream_base_commons:150:3)
    at Socket._writeGeneric (node:net:966:11)
    at Socket._write (node:net:978:8)
    at writeOrBuffer (node:internal/streams/writable:572:12)
    at _write (node:internal/streams/writable:501:10)
    at Writable.write (node:internal/streams/writable:510:10)
    at Framer.ondata (/root/.openclaw/workspace/node_modules/readable-stream/lib/internal/streams/readable.js:707:22)
    at Framer.emit (node:events:519:28)
    at addChunk (/root/.openclaw/workspace/node_modules/readable-stream/lib/internal/streams/readable.js:323:12) {
  errno: -32,
  code: 'EPIPE',
  syscall: 'write'
}
[chelios2] Error: write EPIPE
[chelios2] Disconnected
[chelios2] Starting autonomous agent...
[chelios2] Waiting for spawn...
[chelios2] ✅ Spawned in world at (-120.41197892025195, 62.181434114675206, -235.5)
[chelios2] Connecting to Brain at ws://localhost:8767
[chelios2] ✅ Brain connected
[chelios2] Brain command: registered
[chelios2] Chat: patricia2: Agent patricia2 online!
Error: write EPIPE
    at afterWriteDispatched (node:internal/stream_base_commons:159:15)
    at writeGeneric (node:internal/stream_base_commons:150:3)
    at Socket._writeGeneric (node:net:966:11)
    at Socket._write (node:net:978:8)
    at writeOrBuffer (node:internal/streams/writable:572:12)
    at _write (node:internal/streams/writable:501:10)
    at Writable.write (node:internal/streams/writable:510:10)
    at Framer.ondata (/root/.openclaw/workspace/node_modules/readable-stream/lib/internal/streams/readable.js:707:22)
    at Framer.emit (node:events:519:28)
    at addChunk (/root/.openclaw/workspace/node_modules/readable-stream/lib/internal/streams/readable.js:323:12) {
  errno: -32,
  code: 'EPIPE',
  syscall: 'write'
}
[chelios2] Error: write EPIPE
[chelios2] Disconnected
[chelios2] Starting autonomous agent...
[chelios2] Waiting for spawn...
[chelios2] Chat: aurora: Agent aurora online!
[chelios2] ✅ Spawned in world at (-117.39658353721066, 61.82144403999709, -242.5)
[chelios2] Connecting to Brain at ws://localhost:8767
[chelios2] ✅ Brain connected
[chelios2] Brain command: registered
Error: write EPIPE
    at afterWriteDispatched (node:internal/stream_base_commons:159:15)
    at writeGeneric (node:internal/stream_base_commons:150:3)
    at Socket._writeGeneric (node:net:966:11)
    at Socket._write (node:net:978:8)
    at writeOrBuffer (node:internal/streams/writable:572:12)
    at _write (node:internal/streams/writable:501:10)
    at Writable.write (node:internal/streams/writable:510:10)
    at Framer.ondata (/root/.openclaw/workspace/node_modules/readable-stream/lib/internal/streams/readable.js:707:22)
    at Framer.emit (node:events:519:28)
    at addChunk (/root/.openclaw/workspace/node_modules/readable-stream/lib/internal/streams/readable.js:323:12) {
  errno: -32,
  code: 'EPIPE',
  syscall: 'write'
}
[chelios2] Error: write EPIPE
[chelios2] Disconnected
[chelios2] Starting autonomous agent...
[chelios2] Waiting for spawn...
[chelios2] ✅ Spawned in world at (-113.5, 61.93017321868646, -245.59456674342448)
[chelios2] Connecting to Brain at ws://localhost:8767
[chelios2] ✅ Brain connected
[chelios2] Brain command: registered
Error: write EPIPE
    at afterWriteDispatched (node:internal/stream_base_commons:159:15)
    at writeGeneric (node:internal/stream_base_commons:150:3)
    at Socket._writeGeneric (node:net:966:11)
    at Socket._write (node:net:978:8)
    at writeOrBuffer (node:internal/streams/writable:572:12)
    at _write (node:internal/streams/writable:501:10)
    at Writable.write (node:internal/streams/writable:510:10)
    at Framer.ondata (/root/.openclaw/workspace/node_modules/readable-stream/lib/internal/streams/readable.js:707:22)
    at Framer.emit (node:events:519:28)
    at addChunk (/root/.openclaw/workspace/node_modules/readable-stream/lib/internal/streams/readable.js:323:12) {
  errno: -32,
  code: 'EPIPE',
  syscall: 'write'
}
[chelios2] Error: write EPIPE
[chelios2] Disconnected
[chelios2] Starting autonomous agent...
[chelios2] Waiting for spawn...
[chelios2] ✅ Spawned in world at (-118.83761829962343, 61.804735077283645, -248.575236054663)
[chelios2] Connecting to Brain at ws://localhost:8767
[chelios2] ✅ Brain connected
[chelios2] Brain command: registered
Error: write EPIPE
    at afterWriteDispatched (node:internal/stream_base_commons:159:15)
    at writeGeneric (node:internal/stream_base_commons:150:3)
    at Socket._writeGeneric (node:net:966:11)
    at Socket._write (node:net:978:8)
    at writeOrBuffer (node:internal/streams/writable:572:12)
    at _write (node:internal/streams/writable:501:10)
    at Writable.write (node:internal/streams/writable:510:10)
    at Framer.ondata (/root/.openclaw/workspace/node_modules/readable-stream/lib/internal/streams/readable.js:707:22)
    at Framer.emit (node:events:519:28)
    at addChunk (/root/.openclaw/workspace/node_modules/readable-stream/lib/internal/streams/readable.js:323:12) {
  errno: -32,
  code: 'EPIPE',
  syscall: 'write'
}
[chelios2] Error: write EPIPE
[chelios2] Disconnected
[chelios2] Starting autonomous agent...
[chelios2] Waiting for spawn...
[chelios2] ✅ Spawned in world at (-118.57971825334023, 62.229230524804024, -249.67250820371373)
[chelios2] Connecting to Brain at ws://localhost:8767
[chelios2] ✅ Brain connected
[chelios2] Brain command: registered
Error: write EPIPE
    at afterWriteDispatched (node:internal/stream_base_commons:159:15)
    at writeGeneric (node:internal/stream_base_commons:150:3)
    at Socket._writeGeneric (node:net:966:11)
    at Socket._write (node:net:978:8)
    at writeOrBuffer (node:internal/streams/writable:572:12)
    at _write (node:internal/streams/writable:501:10)
    at Writable.write (node:internal/streams/writable:510:10)
    at Framer.ondata (/root/.openclaw/workspace/node_modules/readable-stream/lib/internal/streams/readable.js:707:22)
    at Framer.emit (node:events:519:28)
    at addChunk (/root/.openclaw/workspace/node_modules/readable-stream/lib/internal/streams/readable.js:323:12) {
  errno: -32,
  code: 'EPIPE',
  syscall: 'write'
}
[chelios2] Error: write EPIPE
[chelios2] Disconnected
[chelios2] Starting autonomous agent...
[chelios2] Waiting for spawn...
[chelios2] ✅ Spawned in world at (-112.5604467752642, 62.223662174131434, -249.5019675236896)
[chelios2] Connecting to Brain at ws://localhost:8767
[chelios2] Chat: chelios: Agent chelios online!
[chelios2] ✅ Brain connected
[chelios2] Brain command: registered
Error: write EPIPE
    at afterWriteDispatched (node:internal/stream_base_commons:159:15)
    at writeGeneric (node:internal/stream_base_commons:150:3)
    at Socket._writeGeneric (node:net:966:11)
    at Socket._write (node:net:978:8)
    at writeOrBuffer (node:internal/streams/writable:572:12)
    at _write (node:internal/streams/writable:501:10)
    at Writable.write (node:internal/streams/writable:510:10)
    at Framer.ondata (/root/.openclaw/workspace/node_modules/readable-stream/lib/internal/streams/readable.js:707:22)
    at Framer.emit (node:events:519:28)
    at addChunk (/root/.openclaw/workspace/node_modules/readable-stream/lib/internal/streams/readable.js:323:12) {
  errno: -32,
  code: 'EPIPE',
  syscall: 'write'
}
[chelios2] Error: write EPIPE
[chelios2] Disconnected
[chelios2] Starting autonomous agent...
[chelios2] Waiting for spawn...
[chelios2] ✅ Spawned in world at (-107.45615461101464, 62.26242775951654, -254.78062680858827)
[chelios2] Connecting to Brain at ws://localhost:8767
[chelios2] ✅ Brain connected
[chelios2] Brain command: registered
Error: write EPIPE
    at afterWriteDispatched (node:internal/stream_base_commons:159:15)
    at writeGeneric (node:internal/stream_base_commons:150:3)
    at Socket._writeGeneric (node:net:966:11)
    at Socket._write (node:net:978:8)
    at writeOrBuffer (node:internal/streams/writable:572:12)
    at _write (node:internal/streams/writable:501:10)
    at Writable.write (node:internal/streams/writable:510:10)
    at Framer.ondata (/root/.openclaw/workspace/node_modules/readable-stream/lib/internal/streams/readable.js:707:22)
    at Framer.emit (node:events:519:28)
    at addChunk (/root/.openclaw/workspace/node_modules/readable-stream/lib/internal/streams/readable.js:323:12) {
  errno: -32,
  code: 'EPIPE',
  syscall: 'write'
}
[chelios2] Error: write EPIPE
[chelios2] Disconnected
[chelios2] Starting autonomous agent...
[chelios2] Waiting for spawn...
[chelios2] Disconnected
[chelios2] Starting autonomous agent...
[chelios2] Waiting for spawn...
[chelios2] Disconnected
[chelios2] Starting autonomous agent...
[chelios2] Waiting for spawn...
[chelios2] ✅ Spawned in world at (-106.43192318535836, 62.19973464241446, -253.43728210840578)
[chelios2] Connecting to Brain at ws://localhost:8767
[chelios2] ✅ Brain connected
[chelios2] Brain command: registered
Error: write EPIPE
    at afterWriteDispatched (node:internal/stream_base_commons:159:15)
    at writeGeneric (node:internal/stream_base_commons:150:3)
    at Socket._writeGeneric (node:net:966:11)
    at Socket._write (node:net:978:8)
    at writeOrBuffer (node:internal/streams/writable:572:12)
    at _write (node:internal/streams/writable:501:10)
    at Writable.write (node:internal/streams/writable:510:10)
    at Framer.ondata (/root/.openclaw/workspace/node_modules/readable-stream/lib/internal/streams/readable.js:707:22)
    at Framer.emit (node:events:519:28)
    at addChunk (/root/.openclaw/workspace/node_modules/readable-stream/lib/internal/streams/readable.js:323:12) {
  errno: -32,
  code: 'EPIPE',
  syscall: 'write'
}
[chelios2] Error: write EPIPE
[chelios2] Disconnected
[chelios2] Starting autonomous agent...
[chelios2] Waiting for spawn...
[chelios2] Chat: forge2: Agent forge2 online!
[chelios2] ✅ Spawned in world at (-108.5598011020144, 61.089528404316376, -249.5)
[chelios2] Connecting to Brain at ws://localhost:8767
[chelios2] ✅ Brain connected
[chelios2] Brain command: registered
Error: client timed out after 30000 milliseconds
    at Timeout._onTimeout (/root/.openclaw/workspace/node_modules/minecraft-protocol/src/client/keepalive.js:18:28)
    at listOnTimeout (node:internal/timers:585:17)
    at process.processTimers (node:internal/timers:521:7)
[chelios2] Error: client timed out after 30000 milliseconds
[chelios2] Disconnected
[chelios2] Starting autonomous agent...
[chelios2] Waiting for spawn...
[chelios2] ✅ Spawned in world at (-116.43430360024881, 62.14230853561874, -246.57564143606618)
[chelios2] Connecting to Brain at ws://localhost:8767
[chelios2] ✅ Brain connected
[chelios2] Brain command: registered
[chelios2] Chat: aurora: Agent aurora online!
Error: write EPIPE
    at afterWriteDispatched (node:internal/stream_base_commons:159:15)
    at writeGeneric (node:internal/stream_base_commons:150:3)
    at Socket._writeGeneric (node:net:966:11)
    at Socket._write (node:net:978:8)
    at writeOrBuffer (node:internal/streams/writable:572:12)
    at _write (node:internal/streams/writable:501:10)
    at Writable.write (node:internal/streams/writable:510:10)
    at Framer.ondata (/root/.openclaw/workspace/node_modules/readable-stream/lib/internal/streams/readable.js:707:22)
    at Framer.emit (node:events:519:28)
    at addChunk (/root/.openclaw/workspace/node_modules/readable-stream/lib/internal/streams/readable.js:323:12) {
  errno: -32,
  code: 'EPIPE',
  syscall: 'write'
}
[chelios2] Error: write EPIPE
[chelios2] Disconnected
[chelios2] Starting autonomous agent...
[chelios2] Waiting for spawn...
[chelios2] Disconnected
[chelios2] Starting autonomous agent...
[chelios2] Waiting for spawn...
[chelios2] Disconnected
[chelios2] Starting autonomous agent...
[chelios2] Waiting for spawn...
[chelios2] Disconnected
[chelios2] Starting autonomous agent...
[chelios2] Waiting for spawn...
[chelios2] ✅ Spawned in world at (-111.22905176897429, 62.16336578056584, -246.48950749338388)
[chelios2] Connecting to Brain at ws://localhost:8767
[chelios2] ✅ Brain connected
[chelios2] Brain command: registered
Error: write EPIPE
    at afterWriteDispatched (node:internal/stream_base_commons:159:15)
    at writeGeneric (node:internal/stream_base_commons:150:3)
    at Socket._writeGeneric (node:net:966:11)
    at Socket._write (node:net:978:8)
    at writeOrBuffer (node:internal/streams/writable:572:12)
    at _write (node:internal/streams/writable:501:10)
    at Writable.write (node:internal/streams/writable:510:10)
    at Framer.ondata (/root/.openclaw/workspace/node_modules/readable-stream/lib/internal/streams/readable.js:707:22)
    at Framer.emit (node:events:519:28)
    at addChunk (/root/.openclaw/workspace/node_modules/readable-stream/lib/internal/streams/readable.js:323:12) {
  errno: -32,
  code: 'EPIPE',
  syscall: 'write'
}
[chelios2] Error: write EPIPE
[chelios2] Disconnected
[chelios2] Starting autonomous agent...
[chelios2] Waiting for spawn...
[chelios2] Disconnected
[chelios2] Starting autonomous agent...
[chelios2] Waiting for spawn...
[chelios2] Disconnected
[chelios2] Starting autonomous agent...
[chelios2] Waiting for spawn...
[chelios2] ✅ Spawned in world at (-106.10550940517699, 62.61816142444925, -242.40962701243186)
[chelios2] Connecting to Brain at ws://localhost:8767
[chelios2] Chat: patricia2: Agent patricia2 online!
[chelios2] ✅ Brain connected
[chelios2] Brain command: registered
[chelios2] Chat: forge2: Agent forge2 online!
Error: client timed out after 30000 milliseconds
    at Timeout._onTimeout (/root/.openclaw/workspace/node_modules/minecraft-protocol/src/client/keepalive.js:18:28)
    at listOnTimeout (node:internal/timers:585:17)
    at process.processTimers (node:internal/timers:521:7)
[chelios2] Error: client timed out after 30000 milliseconds
[chelios2] Disconnected
[chelios2] Starting autonomous agent...
[chelios2] Waiting for spawn...
[chelios2] ✅ Spawned in world at (-114.49428759045546, 61.89603786491601, -243.49469310044825)
[chelios2] Connecting to Brain at ws://localhost:8767
[chelios2] ✅ Brain connected
[chelios2] Brain command: registered
Error: write EPIPE
    at afterWriteDispatched (node:internal/stream_base_commons:159:15)
    at writeGeneric (node:internal/stream_base_commons:150:3)
    at Socket._writeGeneric (node:net:966:11)
    at Socket._write (node:net:978:8)
    at writeOrBuffer (node:internal/streams/writable:572:12)
    at _write (node:internal/streams/writable:501:10)
    at Writable.write (node:internal/streams/writable:510:10)
    at Framer.ondata (/root/.openclaw/workspace/node_modules/readable-stream/lib/internal/streams/readable.js:707:22)
    at Framer.emit (node:events:519:28)
    at addChunk (/root/.openclaw/workspace/node_modules/readable-stream/lib/internal/streams/readable.js:323:12) {
  errno: -32,
  code: 'EPIPE',
  syscall: 'write'
}
[chelios2] Error: write EPIPE
[chelios2] Disconnected
[chelios2] Starting autonomous agent...
[chelios2] Waiting for spawn...
[chelios2] Disconnected
[chelios2] Starting autonomous agent...
[chelios2] Waiting for spawn...
[chelios2] Chat: aurora: Agent aurora online!
[chelios2] ✅ Spawned in world at (-108.8156742015005, 62.00995196423182, -244.48538195735725)
[chelios2] Connecting to Brain at ws://localhost:8767
[chelios2] ✅ Brain connected
[chelios2] Brain command: registered
[chelios2] Chat: patricia2: Agent patricia2 online!
Error: write EPIPE
    at afterWriteDispatched (node:internal/stream_base_commons:159:15)
    at writeGeneric (node:internal/stream_base_commons:150:3)
    at Socket._writeGeneric (node:net:966:11)
    at Socket._write (node:net:978:8)
    at writeOrBuffer (node:internal/streams/writable:572:12)
    at _write (node:internal/streams/writable:501:10)
    at Writable.write (node:internal/streams/writable:510:10)
    at Framer.ondata (/root/.openclaw/workspace/node_modules/readable-stream/lib/internal/streams/readable.js:707:22)
    at Framer.emit (node:events:519:28)
    at addChunk (/root/.openclaw/workspace/node_modules/readable-stream/lib/internal/streams/readable.js:323:12) {
  errno: -32,
  code: 'EPIPE',
  syscall: 'write'
}
[chelios2] Error: write EPIPE
[chelios2] Disconnected
[chelios2] Starting autonomous agent...
[chelios2] Waiting for spawn...
[chelios2] ✅ Spawned in world at (-108.8156742015005, 61.99314396384033, -244.48538195735725)
[chelios2] Connecting to Brain at ws://localhost:8767
[chelios2] ✅ Brain connected
[chelios2] Brain command: registered
Error: write EPIPE
    at afterWriteDispatched (node:internal/stream_base_commons:159:15)
    at writeGeneric (node:internal/stream_base_commons:150:3)
    at Socket._writeGeneric (node:net:966:11)
    at Socket._write (node:net:978:8)
    at writeOrBuffer (node:internal/streams/writable:572:12)
    at _write (node:internal/streams/writable:501:10)
    at Writable.write (node:internal/streams/writable:510:10)
    at Framer.ondata (/root/.openclaw/workspace/node_modules/readable-stream/lib/internal/streams/readable.js:707:22)
    at Framer.emit (node:events:519:28)
    at addChunk (/root/.openclaw/workspace/node_modules/readable-stream/lib/internal/streams/readable.js:323:12) {
  errno: -32,
  code: 'EPIPE',
  syscall: 'write'
}
[chelios2] Error: write EPIPE
[chelios2] Disconnected
[chelios2] Starting autonomous agent...
[chelios2] Waiting for spawn...
[chelios2] ✅ Spawned in world at (-109.59839976776051, 61.20601677141334, -252.5)
[chelios2] Connecting to Brain at ws://localhost:8767
[chelios2] ✅ Brain connected
[chelios2] Brain command: registered
Error: write EPIPE
    at afterWriteDispatched (node:internal/stream_base_commons:159:15)
    at writeGeneric (node:internal/stream_base_commons:150:3)
    at Socket._writeGeneric (node:net:966:11)
    at Socket._write (node:net:978:8)
    at writeOrBuffer (node:internal/streams/writable:572:12)
    at _write (node:internal/streams/writable:501:10)
    at Writable.write (node:internal/streams/writable:510:10)
    at Framer.ondata (/root/.openclaw/workspace/node_modules/readable-stream/lib/internal/streams/readable.js:707:22)
    at Framer.emit (node:events:519:28)
    at addChunk (/root/.openclaw/workspace/node_modules/readable-stream/lib/internal/streams/readable.js:323:12) {
  errno: -32,
  code: 'EPIPE',
  syscall: 'write'
}
[chelios2] Error: write EPIPE
[chelios2] Disconnected
[chelios2] Starting autonomous agent...
[chelios2] Waiting for spawn...
[chelios2] ✅ Spawned in world at (-110.45250058356952, 54.20795105123503, -251.55307589628808)
[chelios2] Connecting to Brain at ws://localhost:8767
[chelios2] ✅ Brain connected
[chelios2] Brain command: registered
Error: write EPIPE
    at afterWriteDispatched (node:internal/stream_base_commons:159:15)
    at writeGeneric (node:internal/stream_base_commons:150:3)
    at Socket._writeGeneric (node:net:966:11)
    at Socket._write (node:net:978:8)
    at writeOrBuffer (node:internal/streams/writable:572:12)
    at _write (node:internal/streams/writable:501:10)
    at Writable.write (node:internal/streams/writable:510:10)
    at Framer.ondata (/root/.openclaw/workspace/node_modules/readable-stream/lib/internal/streams/readable.js:707:22)
    at Framer.emit (node:events:519:28)
    at addChunk (/root/.openclaw/workspace/node_modules/readable-stream/lib/internal/streams/readable.js:323:12) {
  errno: -32,
  code: 'EPIPE',
  syscall: 'write'
}
[chelios2] Error: write EPIPE
[chelios2] Disconnected
[chelios2] Starting autonomous agent...
[chelios2] Waiting for spawn...
[chelios2] ✅ Spawned in world at (-105.5, 61.54495457187334, -254.5)
[chelios2] Connecting to Brain at ws://localhost:8767
[chelios2] ✅ Brain connected
[chelios2] Brain command: registered
Error: write EPIPE
    at afterWriteDispatched (node:internal/stream_base_commons:159:15)
    at writeGeneric (node:internal/stream_base_commons:150:3)
    at Socket._writeGeneric (node:net:966:11)
    at Socket._write (node:net:978:8)
    at writeOrBuffer (node:internal/streams/writable:572:12)
    at _write (node:internal/streams/writable:501:10)
    at Writable.write (node:internal/streams/writable:510:10)
    at Framer.ondata (/root/.openclaw/workspace/node_modules/readable-stream/lib/internal/streams/readable.js:707:22)
    at Framer.emit (node:events:519:28)
    at addChunk (/root/.openclaw/workspace/node_modules/readable-stream/lib/internal/streams/readable.js:323:12) {
  errno: -32,
  code: 'EPIPE',
  syscall: 'write'
}
[chelios2] Error: write EPIPE
[chelios2] Disconnected
[chelios2] Starting autonomous agent...
[chelios2] Waiting for spawn...
[chelios2] ✅ Spawned in world at (-108.04654566970797, 61.79737325574478, -254.50002406719662)
[chelios2] Connecting to Brain at ws://localhost:8767
[chelios2] ✅ Brain connected
[chelios2] Brain command: registered
Error: write EPIPE
    at afterWriteDispatched (node:internal/stream_base_commons:159:15)
    at writeGeneric (node:internal/stream_base_commons:150:3)
    at Socket._writeGeneric (node:net:966:11)
    at Socket._write (node:net:978:8)
    at writeOrBuffer (node:internal/streams/writable:572:12)
    at _write (node:internal/streams/writable:501:10)
    at Writable.write (node:internal/streams/writable:510:10)
    at Framer.ondata (/root/.openclaw/workspace/node_modules/readable-stream/lib/internal/streams/readable.js:707:22)
    at Framer.emit (node:events:519:28)
    at addChunk (/root/.openclaw/workspace/node_modules/readable-stream/lib/internal/streams/readable.js:323:12) {
  errno: -32,
  code: 'EPIPE',
  syscall: 'write'
}
[chelios2] Error: write EPIPE
[chelios2] Disconnected
[chelios2] Starting autonomous agent...
[chelios2] Waiting for spawn...
[chelios2] ✅ Spawned in world at (-107.38074468135183, 62.4625828436532, -253.42221596844988)
[chelios2] Connecting to Brain at ws://localhost:8767
[chelios2] ✅ Brain connected
[chelios2] Brain command: registered
Error: write EPIPE
    at afterWriteDispatched (node:internal/stream_base_commons:159:15)
    at writeGeneric (node:internal/stream_base_commons:150:3)
    at Socket._writeGeneric (node:net:966:11)
    at Socket._write (node:net:978:8)
    at writeOrBuffer (node:internal/streams/writable:572:12)
    at _write (node:internal/streams/writable:501:10)
    at Writable.write (node:internal/streams/writable:510:10)
    at Framer.ondata (/root/.openclaw/workspace/node_modules/readable-stream/lib/internal/streams/readable.js:707:22)
    at Framer.emit (node:events:519:28)
    at addChunk (/root/.openclaw/workspace/node_modules/readable-stream/lib/internal/streams/readable.js:323:12) {
  errno: -32,
  code: 'EPIPE',
  syscall: 'write'
}
[chelios2] Error: write EPIPE
[chelios2] Disconnected
[chelios2] Starting autonomous agent...
[chelios2] Waiting for spawn...
[chelios2] ✅ Spawned in world at (-107.38074468135183, 53.78758291699232, -253.42221596844988)
[chelios2] Connecting to Brain at ws://localhost:8767
[chelios2] Starting autonomous agent...
[chelios2] ✅ Brain connected
[chelios2] Brain command: registered
[chelios2] Waiting for spawn...
Error: write ECONNRESET
    at afterWriteDispatched (node:internal/stream_base_commons:159:15)
    at writeGeneric (node:internal/stream_base_commons:150:3)
    at Socket._writeGeneric (node:net:966:11)
    at Socket._write (node:net:978:8)
    at writeOrBuffer (node:internal/streams/writable:572:12)
    at _write (node:internal/streams/writable:501:10)
    at Writable.write (node:internal/streams/writable:510:10)
    at Framer.ondata (/root/.openclaw/workspace/node_modules/readable-stream/lib/internal/streams/readable.js:707:22)
    at Framer.emit (node:events:519:28)
    at addChunk (/root/.openclaw/workspace/node_modules/readable-stream/lib/internal/streams/readable.js:323:12) {
  errno: -104,
  code: 'ECONNRESET',
  syscall: 'write'
}
[chelios2] Error: write ECONNRESET
[chelios2] Disconnected
[chelios2] Disconnected
[chelios2] Starting autonomous agent...
[chelios2] Waiting for spawn...
[chelios2] Disconnected
[chelios2] Starting autonomous agent...
[chelios2] Waiting for spawn...
[chelios2] Disconnected
[chelios2] Starting autonomous agent...
[chelios2] Waiting for spawn...
[chelios2] ✅ Spawned in world at (-107.38074468135183, 51.08758291718544, -253.42221596844988)
[chelios2] Connecting to Brain at ws://localhost:8767
[chelios2] ✅ Brain connected
[chelios2] Brain command: registered
Error: write ECONNRESET
    at afterWriteDispatched (node:internal/stream_base_commons:159:15)
    at writeGeneric (node:internal/stream_base_commons:150:3)
    at Socket._writeGeneric (node:net:966:11)
    at Socket._write (node:net:978:8)
    at writeOrBuffer (node:internal/streams/writable:572:12)
    at _write (node:internal/streams/writable:501:10)
    at Writable.write (node:internal/streams/writable:510:10)
    at Framer.ondata (/root/.openclaw/workspace/node_modules/readable-stream/lib/internal/streams/readable.js:707:22)
    at Framer.emit (node:events:519:28)
    at addChunk (/root/.openclaw/workspace/node_modules/readable-stream/lib/internal/streams/readable.js:323:12) {
  errno: -104,
  code: 'ECONNRESET',
  syscall: 'write'
}
[chelios2] Error: write ECONNRESET
[chelios2] Disconnected
[chelios2] Starting autonomous agent...
[chelios2] Waiting for spawn...
[chelios2] ✅ Spawned in world at (-110.55483816492169, 61.760542404852096, -257.5526035779825)
[chelios2] Connecting to Brain at ws://localhost:8767
[chelios2] ✅ Brain connected
[chelios2] Brain command: registered
Error: write EPIPE
    at afterWriteDispatched (node:internal/stream_base_commons:159:15)
    at writeGeneric (node:internal/stream_base_commons:150:3)
    at Socket._writeGeneric (node:net:966:11)
    at Socket._write (node:net:978:8)
    at writeOrBuffer (node:internal/streams/writable:572:12)
    at _write (node:internal/streams/writable:501:10)
    at Writable.write (node:internal/streams/writable:510:10)
    at Framer.ondata (/root/.openclaw/workspace/node_modules/readable-stream/lib/internal/streams/readable.js:707:22)
    at Framer.emit (node:events:519:28)
    at addChunk (/root/.openclaw/workspace/node_modules/readable-stream/lib/internal/streams/readable.js:323:12) {
  errno: -32,
  code: 'EPIPE',
  syscall: 'write'
}
[chelios2] Error: write EPIPE
[chelios2] Disconnected
[chelios2] Starting autonomous agent...
[chelios2] Waiting for spawn...
[chelios2] ✅ Spawned in world at (-115.99747302320533, 62.115368515630614, -258.527842060609)
[chelios2] Connecting to Brain at ws://localhost:8767
Error: client timed out after 30000 milliseconds
    at Timeout._onTimeout (/root/.openclaw/workspace/node_modules/minecraft-protocol/src/client/keepalive.js:18:28)
    at listOnTimeout (node:internal/timers:585:17)
    at process.processTimers (node:internal/timers:521:7)
[chelios2] Error: client timed out after 30000 milliseconds
[chelios2] Disconnected
[chelios2] Starting autonomous agent...
[chelios2] Waiting for spawn...
[chelios2] Chat: aurora: Agent aurora online!
[chelios2] ✅ Spawned in world at (-115.99747302320533, 62.11036851563061, -258.527842060609)
[chelios2] Connecting to Brain at ws://localhost:8767
[chelios2] ✅ Brain connected
[chelios2] Brain command: registered
Error: write EPIPE
    at afterWriteDispatched (node:internal/stream_base_commons:159:15)
    at writeGeneric (node:internal/stream_base_commons:150:3)
    at Socket._writeGeneric (node:net:966:11)
    at Socket._write (node:net:978:8)
    at writeOrBuffer (node:internal/streams/writable:572:12)
    at _write (node:internal/streams/writable:501:10)
    at Writable.write (node:internal/streams/writable:510:10)
    at Framer.ondata (/root/.openclaw/workspace/node_modules/readable-stream/lib/internal/streams/readable.js:707:22)
    at Framer.emit (node:events:519:28)
    at addChunk (/root/.openclaw/workspace/node_modules/readable-stream/lib/internal/streams/readable.js:323:12) {
  errno: -32,
  code: 'EPIPE',
  syscall: 'write'
}
[chelios2] Error: write EPIPE
[chelios2] Disconnected
[chelios2] Starting autonomous agent...
[chelios2] Waiting for spawn...
[chelios2] Disconnected
[chelios2] Starting autonomous agent...
[chelios2] Waiting for spawn...
[chelios2] ✅ Spawned in world at (-122.5627372271848, 60.34432570692383, -256.41773880826787)
[chelios2] Connecting to Brain at ws://localhost:8767
[chelios2] ✅ Brain connected
[chelios2] Brain command: registered
Error: write EPIPE
    at afterWriteDispatched (node:internal/stream_base_commons:159:15)
    at writeGeneric (node:internal/stream_base_commons:150:3)
    at Socket._writeGeneric (node:net:966:11)
    at Socket._write (node:net:978:8)
    at writeOrBuffer (node:internal/streams/writable:572:12)
    at _write (node:internal/streams/writable:501:10)
    at Writable.write (node:internal/streams/writable:510:10)
    at Framer.ondata (/root/.openclaw/workspace/node_modules/readable-stream/lib/internal/streams/readable.js:707:22)
    at Framer.emit (node:events:519:28)
    at addChunk (/root/.openclaw/workspace/node_modules/readable-stream/lib/internal/streams/readable.js:323:12) {
  errno: -32,
  code: 'EPIPE',
  syscall: 'write'
}
[chelios2] Error: write EPIPE
[chelios2] Disconnected
[chelios2] Starting autonomous agent...
[chelios2] Waiting for spawn...
[chelios2] ✅ Spawned in world at (-113.5, 62.101349549669656, -256.49513280969893)
[chelios2] Connecting to Brain at ws://localhost:8767
[chelios2] ✅ Brain connected
[chelios2] Brain command: registered
Error: write EPIPE
    at afterWriteDispatched (node:internal/stream_base_commons:159:15)
    at writeGeneric (node:internal/stream_base_commons:150:3)
    at Socket._writeGeneric (node:net:966:11)
    at Socket._write (node:net:978:8)
    at writeOrBuffer (node:internal/streams/writable:572:12)
    at _write (node:internal/streams/writable:501:10)
    at Writable.write (node:internal/streams/writable:510:10)
    at Framer.ondata (/root/.openclaw/workspace/node_modules/readable-stream/lib/internal/streams/readable.js:707:22)
    at Framer.emit (node:events:519:28)
    at addChunk (/root/.openclaw/workspace/node_modules/readable-stream/lib/internal/streams/readable.js:323:12) {
  errno: -32,
  code: 'EPIPE',
  syscall: 'write'
}
[chelios2] Error: write EPIPE
[chelios2] Disconnected
[chelios2] Starting autonomous agent...
[chelios2] Waiting for spawn...
[chelios2] Disconnected
[chelios2] Starting autonomous agent...
[chelios2] Waiting for spawn...
[chelios2] ✅ Spawned in world at (-115.25586386059386, 61.86661626165362, -255.45953383908386)
[chelios2] Connecting to Brain at ws://localhost:8767
[chelios2] ✅ Brain connected
[chelios2] Brain command: registered
[chelios2] Chat: patricia: Agent patricia online!
Error: write EPIPE
    at afterWriteDispatched (node:internal/stream_base_commons:159:15)
    at writeGeneric (node:internal/stream_base_commons:150:3)
    at Socket._writeGeneric (node:net:966:11)
    at Socket._write (node:net:978:8)
    at writeOrBuffer (node:internal/streams/writable:572:12)
    at _write (node:internal/streams/writable:501:10)
    at Writable.write (node:internal/streams/writable:510:10)
    at Framer.ondata (/root/.openclaw/workspace/node_modules/readable-stream/lib/internal/streams/readable.js:707:22)
    at Framer.emit (node:events:519:28)
    at addChunk (/root/.openclaw/workspace/node_modules/readable-stream/lib/internal/streams/readable.js:323:12) {
  errno: -32,
  code: 'EPIPE',
  syscall: 'write'
}
[chelios2] Error: write EPIPE
[chelios2] Disconnected
[chelios2] Starting autonomous agent...
[chelios2] Waiting for spawn...
[chelios2] ✅ Spawned in world at (-121.32069278007637, 62.099043773899396, -259.10581823063006)
[chelios2] Connecting to Brain at ws://localhost:8767
[chelios2] ✅ Brain connected
[chelios2] Brain command: registered
Error: write ECONNRESET
    at afterWriteDispatched (node:internal/stream_base_commons:159:15)
    at writeGeneric (node:internal/stream_base_commons:150:3)
    at Socket._writeGeneric (node:net:966:11)
    at Socket._write (node:net:978:8)
    at writeOrBuffer (node:internal/streams/writable:572:12)
    at _write (node:internal/streams/writable:501:10)
    at Writable.write (node:internal/streams/writable:510:10)
    at Framer.ondata (/root/.openclaw/workspace/node_modules/readable-stream/lib/internal/streams/readable.js:707:22)
    at Framer.emit (node:events:519:28)
    at addChunk (/root/.openclaw/workspace/node_modules/readable-stream/lib/internal/streams/readable.js:323:12) {
  errno: -104,
  code: 'ECONNRESET',
  syscall: 'write'
}
[chelios2] Error: write ECONNRESET
[chelios2] Disconnected
[chelios2] Starting autonomous agent...
[chelios2] Waiting for spawn...
[chelios2] ✅ Spawned in world at (-124.54616131403087, 60.47490808240583, -265.5)
[chelios2] Connecting to Brain at ws://localhost:8767
[chelios2] Chat: aurora: Agent aurora online!
[chelios2] ✅ Brain connected
[chelios2] Brain command: registered
Error: write EPIPE
    at afterWriteDispatched (node:internal/stream_base_commons:159:15)
    at writeGeneric (node:internal/stream_base_commons:150:3)
    at Socket._writeGeneric (node:net:966:11)
    at Socket._write (node:net:978:8)
    at writeOrBuffer (node:internal/streams/writable:572:12)
    at _write (node:internal/streams/writable:501:10)
    at Writable.write (node:internal/streams/writable:510:10)
    at Framer.ondata (/root/.openclaw/workspace/node_modules/readable-stream/lib/internal/streams/readable.js:707:22)
    at Framer.emit (node:events:519:28)
    at addChunk (/root/.openclaw/workspace/node_modules/readable-stream/lib/internal/streams/readable.js:323:12) {
  errno: -32,
  code: 'EPIPE',
  syscall: 'write'
}
[chelios2] Error: write EPIPE
[chelios2] Disconnected
[chelios2] Starting autonomous agent...
[chelios2] Waiting for spawn...
[chelios2] ✅ Spawned in world at (-130.5, 62.12081760556555, -262.5)
[chelios2] Connecting to Brain at ws://localhost:8767
[chelios2] ✅ Brain connected
[chelios2] Brain command: registered
Error: write ECONNRESET
    at afterWriteDispatched (node:internal/stream_base_commons:159:15)
    at writeGeneric (node:internal/stream_base_commons:150:3)
    at Socket._writeGeneric (node:net:966:11)
    at Socket._write (node:net:978:8)
    at writeOrBuffer (node:internal/streams/writable:572:12)
    at _write (node:internal/streams/writable:501:10)
    at Writable.write (node:internal/streams/writable:510:10)
    at Framer.ondata (/root/.openclaw/workspace/node_modules/readable-stream/lib/internal/streams/readable.js:707:22)
    at Framer.emit (node:events:519:28)
    at addChunk (/root/.openclaw/workspace/node_modules/readable-stream/lib/internal/streams/readable.js:323:12) {
  errno: -104,
  code: 'ECONNRESET',
  syscall: 'write'
}
[chelios2] Error: write ECONNRESET
[chelios2] Disconnected
[chelios2] Starting autonomous agent...
[chelios2] Waiting for spawn...
[chelios2] ✅ Spawned in world at (-125.5, 59, -257.5)
[chelios2] Connecting to Brain at ws://localhost:8767
[chelios2] ✅ Brain connected
[chelios2] Brain command: registered
Error: write EPIPE
    at afterWriteDispatched (node:internal/stream_base_commons:159:15)
    at writeGeneric (node:internal/stream_base_commons:150:3)
    at Socket._writeGeneric (node:net:966:11)
    at Socket._write (node:net:978:8)
    at writeOrBuffer (node:internal/streams/writable:572:12)
    at _write (node:internal/streams/writable:501:10)
    at Writable.write (node:internal/streams/writable:510:10)
    at Framer.ondata (/root/.openclaw/workspace/node_modules/readable-stream/lib/internal/streams/readable.js:707:22)
    at Framer.emit (node:events:519:28)
    at addChunk (/root/.openclaw/workspace/node_modules/readable-stream/lib/internal/streams/readable.js:323:12) {
  errno: -32,
  code: 'EPIPE',
  syscall: 'write'
}
[chelios2] Error: write EPIPE
[chelios2] Disconnected
[chelios2] Starting autonomous agent...
[chelios2] Waiting for spawn...
[chelios2] ✅ Spawned in world at (-127.5306977919849, 61, -265.40817639267766)
[chelios2] Connecting to Brain at ws://localhost:8767
[chelios2] ✅ Brain connected
[chelios2] Brain command: registered
Error: write EPIPE
    at afterWriteDispatched (node:internal/stream_base_commons:159:15)
    at writeGeneric (node:internal/stream_base_commons:150:3)
    at Socket._writeGeneric (node:net:966:11)
    at Socket._write (node:net:978:8)
    at writeOrBuffer (node:internal/streams/writable:572:12)
    at _write (node:internal/streams/writable:501:10)
    at Writable.write (node:internal/streams/writable:510:10)
    at Framer.ondata (/root/.openclaw/workspace/node_modules/readable-stream/lib/internal/streams/readable.js:707:22)
    at Framer.emit (node:events:519:28)
    at addChunk (/root/.openclaw/workspace/node_modules/readable-stream/lib/internal/streams/readable.js:323:12) {
  errno: -32,
  code: 'EPIPE',
  syscall: 'write'
}
[chelios2] Error: write EPIPE
[chelios2] Disconnected
[chelios2] Starting autonomous agent...
[chelios2] Waiting for spawn...
[chelios2] Disconnected
[chelios2] Starting autonomous agent...
[chelios2] Waiting for spawn...
[chelios2] ✅ Spawned in world at (-118.48135357881684, 62.475197335391925, -259.52073041921767)
[chelios2] Connecting to Brain at ws://localhost:8767
[chelios2] ✅ Brain connected
[chelios2] Brain command: registered
[chelios2] Chat: patricia2: Agent patricia2 online!
[chelios2] Chat: aurora: Agent aurora online!
Error: write EPIPE
    at afterWriteDispatched (node:internal/stream_base_commons:159:15)
    at writeGeneric (node:internal/stream_base_commons:150:3)
    at Socket._writeGeneric (node:net:966:11)
    at Socket._write (node:net:978:8)
    at writeOrBuffer (node:internal/streams/writable:572:12)
    at _write (node:internal/streams/writable:501:10)
    at Writable.write (node:internal/streams/writable:510:10)
    at Framer.ondata (/root/.openclaw/workspace/node_modules/readable-stream/lib/internal/streams/readable.js:707:22)
    at Framer.emit (node:events:519:28)
    at addChunk (/root/.openclaw/workspace/node_modules/readable-stream/lib/internal/streams/readable.js:323:12) {
  errno: -32,
  code: 'EPIPE',
  syscall: 'write'
}
[chelios2] Error: write EPIPE
[chelios2] Disconnected
[chelios2] Starting autonomous agent...
[chelios2] Waiting for spawn...
[chelios2] ✅ Spawned in world at (-123.68823067771868, 62.71655515993015, -254.25820884038734)
[chelios2] Connecting to Brain at ws://localhost:8767
[chelios2] Chat: patricia2: Agent patricia2 online!
[chelios2] ✅ Brain connected
[chelios2] Brain command: registered
[chelios2] Chat: forge2: Agent forge2 online!
Error: write EPIPE
    at afterWriteDispatched (node:internal/stream_base_commons:159:15)
    at writeGeneric (node:internal/stream_base_commons:150:3)
    at Socket._writeGeneric (node:net:966:11)
    at Socket._write (node:net:978:8)
    at writeOrBuffer (node:internal/streams/writable:572:12)
    at _write (node:internal/streams/writable:501:10)
    at Writable.write (node:internal/streams/writable:510:10)
    at Framer.ondata (/root/.openclaw/workspace/node_modules/readable-stream/lib/internal/streams/readable.js:707:22)
    at Framer.emit (node:events:519:28)
    at addChunk (/root/.openclaw/workspace/node_modules/readable-stream/lib/internal/streams/readable.js:323:12) {
  errno: -32,
  code: 'EPIPE',
  syscall: 'write'
}
[chelios2] Error: write EPIPE
[chelios2] Disconnected
[chelios2] Starting autonomous agent...
[chelios2] Waiting for spawn...
[chelios2] Disconnected
[chelios2] Starting autonomous agent...
[chelios2] Waiting for spawn...
[chelios2] ✅ Spawned in world at (-120.17614553003125, 62.10313163191946, -257.82491549305524)
[chelios2] Connecting to Brain at ws://localhost:8767
[chelios2] ✅ Brain connected
[chelios2] Brain command: registered
[chelios2] Chat: forge2: Agent forge2 online!
Error: write EPIPE
    at afterWriteDispatched (node:internal/stream_base_commons:159:15)
    at writeGeneric (node:internal/stream_base_commons:150:3)
    at Socket._writeGeneric (node:net:966:11)
    at Socket._write (node:net:978:8)
    at writeOrBuffer (node:internal/streams/writable:572:12)
    at _write (node:internal/streams/writable:501:10)
    at Writable.write (node:internal/streams/writable:510:10)
    at Framer.ondata (/root/.openclaw/workspace/node_modules/readable-stream/lib/internal/streams/readable.js:707:22)
    at Framer.emit (node:events:519:28)
    at addChunk (/root/.openclaw/workspace/node_modules/readable-stream/lib/internal/streams/readable.js:323:12) {
  errno: -32,
  code: 'EPIPE',
  syscall: 'write'
}
[chelios2] Error: write EPIPE
[chelios2] Disconnected
[chelios2] Starting autonomous agent...
[chelios2] Waiting for spawn...
[chelios2] Disconnected
[chelios2] Starting autonomous agent...
[chelios2] Waiting for spawn...
[chelios2] ✅ Spawned in world at (-118.37063261451841, 60.05318087736964, -262.5)
[chelios2] Connecting to Brain at ws://localhost:8767
[chelios2] Chat: patricia2: Agent patricia2 online!
[chelios2] ✅ Brain connected
[chelios2] Brain command: registered
Error: write EPIPE
    at afterWriteDispatched (node:internal/stream_base_commons:159:15)
    at writeGeneric (node:internal/stream_base_commons:150:3)
    at Socket._writeGeneric (node:net:966:11)
    at Socket._write (node:net:978:8)
    at writeOrBuffer (node:internal/streams/writable:572:12)
    at _write (node:internal/streams/writable:501:10)
    at Writable.write (node:internal/streams/writable:510:10)
    at Framer.ondata (/root/.openclaw/workspace/node_modules/readable-stream/lib/internal/streams/readable.js:707:22)
    at Framer.emit (node:events:519:28)
    at addChunk (/root/.openclaw/workspace/node_modules/readable-stream/lib/internal/streams/readable.js:323:12) {
  errno: -32,
  code: 'EPIPE',
  syscall: 'write'
}
[chelios2] Error: write EPIPE
[chelios2] Disconnected
[chelios2] Starting autonomous agent...
[chelios2] Waiting for spawn...
[chelios2] ✅ Spawned in world at (-121.6059216362436, 61.835140284452486, -267.5)
[chelios2] Connecting to Brain at ws://localhost:8767
[chelios2] ✅ Brain connected
[chelios2] Brain command: registered
Error: write EPIPE
    at afterWriteDispatched (node:internal/stream_base_commons:159:15)
    at writeGeneric (node:internal/stream_base_commons:150:3)
    at Socket._writeGeneric (node:net:966:11)
    at Socket._write (node:net:978:8)
    at writeOrBuffer (node:internal/streams/writable:572:12)
    at _write (node:internal/streams/writable:501:10)
    at Writable.write (node:internal/streams/writable:510:10)
    at Framer.ondata (/root/.openclaw/workspace/node_modules/readable-stream/lib/internal/streams/readable.js:707:22)
    at Framer.emit (node:events:519:28)
    at addChunk (/root/.openclaw/workspace/node_modules/readable-stream/lib/internal/streams/readable.js:323:12) {
  errno: -32,
  code: 'EPIPE',
  syscall: 'write'
}
[chelios2] Error: write EPIPE
[chelios2] Disconnected
[chelios2] Starting autonomous agent...
[chelios2] Waiting for spawn...
[chelios2] ✅ Spawned in world at (-129.45022484813632, 60.59769082054529, -270.77823027455685)
[chelios2] Connecting to Brain at ws://localhost:8767
[chelios2] Chat: aurora: Agent aurora online!
[chelios2] ✅ Brain connected
[chelios2] Brain command: registered
[chelios2] Starting autonomous agent...
[chelios2] Chat: forge: Agent forge online!
[chelios2] Waiting for spawn...
Error: client timed out after 30000 milliseconds
    at Timeout._onTimeout (/root/.openclaw/workspace/node_modules/minecraft-protocol/src/client/keepalive.js:18:28)
    at listOnTimeout (node:internal/timers:585:17)
    at process.processTimers (node:internal/timers:521:7)
[chelios2] Error: client timed out after 30000 milliseconds
[chelios2] Disconnected
[chelios2] ✅ Spawned in world at (-154.5369421214635, 67, -204.11532223087173)
[chelios2] Connecting to Brain at ws://localhost:8767
[chelios2] ✅ Brain connected
[chelios2] Brain command: registered
Error: write EPIPE
    at afterWriteDispatched (node:internal/stream_base_commons:159:15)
    at writeGeneric (node:internal/stream_base_commons:150:3)
    at Socket._writeGeneric (node:net:966:11)
    at Socket._write (node:net:978:8)
    at writeOrBuffer (node:internal/streams/writable:572:12)
    at _write (node:internal/streams/writable:501:10)
    at Writable.write (node:internal/streams/writable:510:10)
    at Framer.ondata (/root/.openclaw/workspace/node_modules/readable-stream/lib/internal/streams/readable.js:707:22)
    at Framer.emit (node:events:519:28)
    at addChunk (/root/.openclaw/workspace/node_modules/readable-stream/lib/internal/streams/readable.js:323:12) {
  errno: -32,
  code: 'EPIPE',
  syscall: 'write'
}
[chelios2] Error: write EPIPE
[chelios2] Disconnected
[chelios2] Starting autonomous agent...
[chelios2] Waiting for spawn...
[chelios2] Disconnected
[chelios2] Starting autonomous agent...
[chelios2] Waiting for spawn...
[chelios2] Disconnected
[chelios2] Starting autonomous agent...
[chelios2] Waiting for spawn...
[chelios2] Disconnected
[chelios2] Starting autonomous agent...
[chelios2] Waiting for spawn...
[chelios2] ✅ Spawned in world at (-150.4463825158595, 69.00954127730947, -194.56384306484935)
[chelios2] Connecting to Brain at ws://localhost:8767
[chelios2] ✅ Brain connected
[chelios2] Brain command: registered
[chelios2] Chat: chelios: Agent chelios online!
[chelios2] Starting autonomous agent...
[chelios2] Chat: forge: Agent forge online!
[chelios2] Chat: patricia: Agent patricia online!
[chelios2] Waiting for spawn...
[chelios2] Chat: aurora: Agent aurora online!
[chelios2] Chat: chelios: Agent chelios online!
[chelios2] Disconnected
[chelios2] ✅ Spawned in world at (-202.5, 67, -213.5466934397912)
[chelios2] Connecting to Brain at ws://localhost:8767
[chelios2] ✅ Brain connected
[chelios2] Brain command: registered
Error: write EPIPE
    at afterWriteDispatched (node:internal/stream_base_commons:159:15)
    at writeGeneric (node:internal/stream_base_commons:150:3)
    at Socket._writeGeneric (node:net:966:11)
    at Socket._write (node:net:978:8)
    at writeOrBuffer (node:internal/streams/writable:572:12)
    at _write (node:internal/streams/writable:501:10)
    at Writable.write (node:internal/streams/writable:510:10)
    at Framer.ondata (/root/.openclaw/workspace/node_modules/readable-stream/lib/internal/streams/readable.js:707:22)
    at Framer.emit (node:events:519:28)
    at addChunk (/root/.openclaw/workspace/node_modules/readable-stream/lib/internal/streams/readable.js:323:12) {
  errno: -32,
  code: 'EPIPE',
  syscall: 'write'
}
[chelios2] Error: write EPIPE
[chelios2] Disconnected
[chelios2] Starting autonomous agent...
[chelios2] Waiting for spawn...
[chelios2] ✅ Spawned in world at (-209.59673089553607, 60.80502128456474, -206.5)
[chelios2] Connecting to Brain at ws://localhost:8767
[chelios2] ✅ Brain connected
[chelios2] Brain command: registered
[chelios2] Chat: aurora: Agent aurora online!
[chelios2] Chat: patricia2: Agent patricia2 online!
Error: write EPIPE
    at afterWriteDispatched (node:internal/stream_base_commons:159:15)
    at writeGeneric (node:internal/stream_base_commons:150:3)
    at Socket._writeGeneric (node:net:966:11)
    at Socket._write (node:net:978:8)
    at writeOrBuffer (node:internal/streams/writable:572:12)
    at _write (node:internal/streams/writable:501:10)
    at Writable.write (node:internal/streams/writable:510:10)
    at Framer.ondata (/root/.openclaw/workspace/node_modules/readable-stream/lib/internal/streams/readable.js:707:22)
    at Framer.emit (node:events:519:28)
    at addChunk (/root/.openclaw/workspace/node_modules/readable-stream/lib/internal/streams/readable.js:323:12) {
  errno: -32,
  code: 'EPIPE',
  syscall: 'write'
}
[chelios2] Error: write EPIPE
[chelios2] Disconnected
[chelios2] Starting autonomous agent...
[chelios2] Waiting for spawn...
[chelios2] Disconnected
[chelios2] Starting autonomous agent...
[chelios2] Waiting for spawn...
[chelios2] ✅ Spawned in world at (-210.25124455139252, 60.276129542084384, -206.95472252341068)
[chelios2] Connecting to Brain at ws://localhost:8767
[chelios2] Chat: aurora: Agent aurora online!
[chelios2] ✅ Brain connected
[chelios2] Brain command: registered
[chelios2] Chat: patricia2: Agent patricia2 online!
Error: write EPIPE
    at afterWriteDispatched (node:internal/stream_base_commons:159:15)
    at writeGeneric (node:internal/stream_base_commons:150:3)
    at Socket._writeGeneric (node:net:966:11)
    at Socket._write (node:net:978:8)
    at writeOrBuffer (node:internal/streams/writable:572:12)
    at _write (node:internal/streams/writable:501:10)
    at Writable.write (node:internal/streams/writable:510:10)
    at Framer.ondata (/root/.openclaw/workspace/node_modules/readable-stream/lib/internal/streams/readable.js:707:22)
    at Framer.emit (node:events:519:28)
    at addChunk (/root/.openclaw/workspace/node_modules/readable-stream/lib/internal/streams/readable.js:323:12) {
  errno: -32,
  code: 'EPIPE',
  syscall: 'write'
}
[chelios2] Error: write EPIPE
[chelios2] Disconnected
[chelios2] Starting autonomous agent...
[chelios2] Waiting for spawn...
[chelios2] Disconnected
[chelios2] Starting autonomous agent...
[chelios2] Waiting for spawn...
[chelios2] ✅ Spawned in world at (-214.70723823327214, 58.39937599999999, -206.4855173423178)
[chelios2] Connecting to Brain at ws://localhost:8767
[chelios2] ✅ Brain connected
[chelios2] Brain command: registered
[chelios2] Chat: patricia2: Agent patricia2 online!
Error: write EPIPE
    at afterWriteDispatched (node:internal/stream_base_commons:159:15)
    at writeGeneric (node:internal/stream_base_commons:150:3)
    at Socket._writeGeneric (node:net:966:11)
    at Socket._write (node:net:978:8)
    at writeOrBuffer (node:internal/streams/writable:572:12)
    at _write (node:internal/streams/writable:501:10)
    at Writable.write (node:internal/streams/writable:510:10)
    at Framer.ondata (/root/.openclaw/workspace/node_modules/readable-stream/lib/internal/streams/readable.js:707:22)
    at Framer.emit (node:events:519:28)
    at addChunk (/root/.openclaw/workspace/node_modules/readable-stream/lib/internal/streams/readable.js:323:12) {
  errno: -32,
  code: 'EPIPE',
  syscall: 'write'
}
[chelios2] Error: write EPIPE
[chelios2] Disconnected
[chelios2] Starting autonomous agent...
[chelios2] Waiting for spawn...
[chelios2] ✅ Spawned in world at (-219.12452727802108, 58.82907264461339, -205.5503276595941)
[chelios2] Connecting to Brain at ws://localhost:8767
[chelios2] ✅ Brain connected
[chelios2] Brain command: registered
Error: write EPIPE
    at afterWriteDispatched (node:internal/stream_base_commons:159:15)
    at writeGeneric (node:internal/stream_base_commons:150:3)
    at Socket._writeGeneric (node:net:966:11)
    at Socket._write (node:net:978:8)
    at writeOrBuffer (node:internal/streams/writable:572:12)
    at _write (node:internal/streams/writable:501:10)
    at Writable.write (node:internal/streams/writable:510:10)
    at Framer.ondata (/root/.openclaw/workspace/node_modules/readable-stream/lib/internal/streams/readable.js:707:22)
    at Framer.emit (node:events:519:28)
    at addChunk (/root/.openclaw/workspace/node_modules/readable-stream/lib/internal/streams/readable.js:323:12) {
  errno: -32,
  code: 'EPIPE',
  syscall: 'write'
}
[chelios2] Error: write EPIPE
[chelios2] Disconnected
[chelios2] Starting autonomous agent...
[chelios2] Waiting for spawn...
[chelios2] ✅ Spawned in world at (-218.46688440282583, 61.761850323594246, -208.21778686405514)
[chelios2] Connecting to Brain at ws://localhost:8767
[chelios2] ✅ Brain connected
[chelios2] Brain command: registered
[chelios2] Chat: patricia2: Agent patricia2 online!
Error: write EPIPE
    at afterWriteDispatched (node:internal/stream_base_commons:159:15)
    at writeGeneric (node:internal/stream_base_commons:150:3)
    at Socket._writeGeneric (node:net:966:11)
    at Socket._write (node:net:978:8)
    at writeOrBuffer (node:internal/streams/writable:572:12)
    at _write (node:internal/streams/writable:501:10)
    at Writable.write (node:internal/streams/writable:510:10)
    at Framer.ondata (/root/.openclaw/workspace/node_modules/readable-stream/lib/internal/streams/readable.js:707:22)
    at Framer.emit (node:events:519:28)
    at addChunk (/root/.openclaw/workspace/node_modules/readable-stream/lib/internal/streams/readable.js:323:12) {
  errno: -32,
  code: 'EPIPE',
  syscall: 'write'
}
[chelios2] Error: write EPIPE
[chelios2] Disconnected
[chelios2] Starting autonomous agent...
[chelios2] Waiting for spawn...
[chelios2] Disconnected
[chelios2] Starting autonomous agent...
[chelios2] Waiting for spawn...
[chelios2] ✅ Spawned in world at (-224.25333719634042, 64, -213.53748537950932)
[chelios2] Connecting to Brain at ws://localhost:8767
[chelios2] ✅ Brain connected
[chelios2] Brain command: registered
[chelios2] Disconnected
[chelios2] Starting autonomous agent...
[chelios2] Waiting for spawn...
[chelios2] ✅ Spawned in world at (-231.5, 64, -213.5)
[chelios2] Connecting to Brain at ws://localhost:8767
[chelios2] ✅ Brain connected
[chelios2] Brain command: registered
Error: write EPIPE
    at afterWriteDispatched (node:internal/stream_base_commons:159:15)
    at writeGeneric (node:internal/stream_base_commons:150:3)
    at Socket._writeGeneric (node:net:966:11)
    at Socket._write (node:net:978:8)
    at writeOrBuffer (node:internal/streams/writable:572:12)
    at _write (node:internal/streams/writable:501:10)
    at Writable.write (node:internal/streams/writable:510:10)
    at Framer.ondata (/root/.openclaw/workspace/node_modules/readable-stream/lib/internal/streams/readable.js:707:22)
    at Framer.emit (node:events:519:28)
    at addChunk (/root/.openclaw/workspace/node_modules/readable-stream/lib/internal/streams/readable.js:323:12) {
  errno: -32,
  code: 'EPIPE',
  syscall: 'write'
}
[chelios2] Error: write EPIPE
[chelios2] Disconnected
[chelios2] Starting autonomous agent...
[chelios2] Waiting for spawn...
[chelios2] Disconnected
[chelios2] Starting autonomous agent...
[chelios2] Waiting for spawn...
[chelios2] Disconnected
[chelios2] Starting autonomous agent...
[chelios2] Waiting for spawn...
[chelios2] Disconnected
[chelios2] Starting autonomous agent...
[chelios2] Waiting for spawn...
[chelios2] ✅ Spawned in world at (-235.0209977645009, 64, -216.51181732493657)
[chelios2] Connecting to Brain at ws://localhost:8767
[chelios2] ✅ Brain connected
[chelios2] Brain command: registered
[chelios2] Chat: chelios: Agent chelios online!
[chelios2] Chat: patricia2: Agent patricia2 online!
[chelios2] Chat: forge2: Agent forge2 online!
[chelios2] Starting autonomous agent...
[chelios2] Chat: forge: Agent forge online!
[chelios2] Waiting for spawn...
[chelios2] Chat: patricia: Agent patricia online!
[chelios2] Disconnected
[chelios2] ✅ Spawned in world at (-222.5, 58, -208.39459191786133)
[chelios2] Connecting to Brain at ws://localhost:8767
[chelios2] ✅ Brain connected
[chelios2] Brain command: registered
Error: write EPIPE
    at afterWriteDispatched (node:internal/stream_base_commons:159:15)
    at writeGeneric (node:internal/stream_base_commons:150:3)
    at Socket._writeGeneric (node:net:966:11)
    at Socket._write (node:net:978:8)
    at writeOrBuffer (node:internal/streams/writable:572:12)
    at _write (node:internal/streams/writable:501:10)
    at Writable.write (node:internal/streams/writable:510:10)
    at Framer.ondata (/root/.openclaw/workspace/node_modules/readable-stream/lib/internal/streams/readable.js:707:22)
    at Framer.emit (node:events:519:28)
    at addChunk (/root/.openclaw/workspace/node_modules/readable-stream/lib/internal/streams/readable.js:323:12) {
  errno: -32,
  code: 'EPIPE',
  syscall: 'write'
}
[chelios2] Error: write EPIPE
[chelios2] Disconnected
[chelios2] Starting autonomous agent...
[chelios2] Waiting for spawn...
[chelios2] Chat: aurora: Agent aurora online!
[chelios2] Chat: chelios: Agent chelios online!
[chelios2] ✅ Spawned in world at (-217.5, 58, -210.4966851713691)
[chelios2] Connecting to Brain at ws://localhost:8767
[chelios2] ✅ Brain connected
[chelios2] Brain command: registered
Error: write EPIPE
    at afterWriteDispatched (node:internal/stream_base_commons:159:15)
    at writeGeneric (node:internal/stream_base_commons:150:3)
    at Socket._writeGeneric (node:net:966:11)
    at Socket._write (node:net:978:8)
    at writeOrBuffer (node:internal/streams/writable:572:12)
    at _write (node:internal/streams/writable:501:10)
    at Writable.write (node:internal/streams/writable:510:10)
    at Framer.ondata (/root/.openclaw/workspace/node_modules/readable-stream/lib/internal/streams/readable.js:707:22)
    at Framer.emit (node:events:519:28)
    at addChunk (/root/.openclaw/workspace/node_modules/readable-stream/lib/internal/streams/readable.js:323:12) {
  errno: -32,
  code: 'EPIPE',
  syscall: 'write'
}
[chelios2] Error: write EPIPE
[chelios2] Disconnected
[chelios2] Starting autonomous agent...
[chelios2] Waiting for spawn...
[chelios2] Disconnected
[chelios2] Starting autonomous agent...
[chelios2] Starting autonomous agent...
[chelios2] Waiting for spawn...
[chelios2] Waiting for spawn...
[chelios2] Disconnected
[chelios2] Disconnected
[chelios2] Starting autonomous agent...
[chelios2] Waiting for spawn...
[chelios2] ✅ Spawned in world at (-217.69664443750105, 58, -211.06705325856316)
[chelios2] Connecting to Brain at ws://localhost:8767
[chelios2] ✅ Brain connected
[chelios2] Brain command: registered
Error: write EPIPE
    at afterWriteDispatched (node:internal/stream_base_commons:159:15)
    at writeGeneric (node:internal/stream_base_commons:150:3)
    at Socket._writeGeneric (node:net:966:11)
    at Socket._write (node:net:978:8)
    at writeOrBuffer (node:internal/streams/writable:572:12)
    at _write (node:internal/streams/writable:501:10)
    at Writable.write (node:internal/streams/writable:510:10)
    at Framer.ondata (/root/.openclaw/workspace/node_modules/readable-stream/lib/internal/streams/readable.js:707:22)
    at Framer.emit (node:events:519:28)
    at addChunk (/root/.openclaw/workspace/node_modules/readable-stream/lib/internal/streams/readable.js:323:12) {
  errno: -32,
  code: 'EPIPE',
  syscall: 'write'
}
[chelios2] Error: write EPIPE
[chelios2] Disconnected
[chelios2] Starting autonomous agent...
[chelios2] Waiting for spawn...
Error: write ECONNRESET
    at afterWriteDispatched (node:internal/stream_base_commons:159:15)
    at writeGeneric (node:internal/stream_base_commons:150:3)
    at Socket._writeGeneric (node:net:966:11)
    at Socket._write (node:net:978:8)
    at writeOrBuffer (node:internal/streams/writable:572:12)
    at _write (node:internal/streams/writable:501:10)
    at Writable.write (node:internal/streams/writable:510:10)
    at Framer.ondata (/root/.openclaw/workspace/node_modules/readable-stream/lib/internal/streams/readable.js:707:22)
    at Framer.emit (node:events:519:28)
    at addChunk (/root/.openclaw/workspace/node_modules/readable-stream/lib/internal/streams/readable.js:323:12) {
  errno: -104,
  code: 'ECONNRESET',
  syscall: 'write'
}
[chelios2] Error: write ECONNRESET
[chelios2] Disconnected
[chelios2] Starting autonomous agent...
[chelios2] Waiting for spawn...
[chelios2] ✅ Spawned in world at (-217.69664443750105, 58, -211.5)
[chelios2] Connecting to Brain at ws://localhost:8767
[chelios2] ✅ Brain connected
[chelios2] Brain command: registered
Error: client timed out after 30000 milliseconds
    at Timeout._onTimeout (/root/.openclaw/workspace/node_modules/minecraft-protocol/src/client/keepalive.js:18:28)
    at listOnTimeout (node:internal/timers:585:17)
    at process.processTimers (node:internal/timers:521:7)
[chelios2] Error: client timed out after 30000 milliseconds
[chelios2] Disconnected
[chelios2] Starting autonomous agent...
[chelios2] Waiting for spawn...
Error: write ECONNRESET
    at afterWriteDispatched (node:internal/stream_base_commons:159:15)
    at writeGeneric (node:internal/stream_base_commons:150:3)
    at Socket._writeGeneric (node:net:966:11)
    at Socket._write (node:net:978:8)
    at writeOrBuffer (node:internal/streams/writable:572:12)
    at _write (node:internal/streams/writable:501:10)
    at Writable.write (node:internal/streams/writable:510:10)
    at Framer.ondata (/root/.openclaw/workspace/node_modules/readable-stream/lib/internal/streams/readable.js:707:22)
    at Framer.emit (node:events:519:28)
    at addChunk (/root/.openclaw/workspace/node_modules/readable-stream/lib/internal/streams/readable.js:323:12) {
  errno: -104,
  code: 'ECONNRESET',
  syscall: 'write'
}
[chelios2] Error: write ECONNRESET
[chelios2] Disconnected
[chelios2] Starting autonomous agent...
[chelios2] Waiting for spawn...
[chelios2] Disconnected
[chelios2] Starting autonomous agent...
[chelios2] Waiting for spawn...
[chelios2] Disconnected
[chelios2] Starting autonomous agent...
[chelios2] Waiting for spawn...
[chelios2] Disconnected
[chelios2] Starting autonomous agent...
[chelios2] Waiting for spawn...
[chelios2] ✅ Spawned in world at (-243.5, 55, -202.49573106156456)
[chelios2] Connecting to Brain at ws://localhost:8767
[chelios2] Chat: patricia2: Agent patricia2 online!
[chelios2] ✅ Brain connected
[chelios2] Brain command: registered
Error: write EPIPE
    at afterWriteDispatched (node:internal/stream_base_commons:159:15)
    at writeGeneric (node:internal/stream_base_commons:150:3)
    at Socket._writeGeneric (node:net:966:11)
    at Socket._write (node:net:978:8)
    at writeOrBuffer (node:internal/streams/writable:572:12)
    at _write (node:internal/streams/writable:501:10)
    at Writable.write (node:internal/streams/writable:510:10)
    at Framer.ondata (/root/.openclaw/workspace/node_modules/readable-stream/lib/internal/streams/readable.js:707:22)
    at Framer.emit (node:events:519:28)
    at addChunk (/root/.openclaw/workspace/node_modules/readable-stream/lib/internal/streams/readable.js:323:12) {
  errno: -32,
  code: 'EPIPE',
  syscall: 'write'
}
[chelios2] Error: write EPIPE
[chelios2] Disconnected
[chelios2] Starting autonomous agent...
[chelios2] Waiting for spawn...
[chelios2] ✅ Spawned in world at (-243.7652569164415, 55.010877256421615, -202.7)
[chelios2] Connecting to Brain at ws://localhost:8767
[chelios2] ✅ Brain connected
[chelios2] Brain command: registered
Error: write EPIPE
    at afterWriteDispatched (node:internal/stream_base_commons:159:15)
    at writeGeneric (node:internal/stream_base_commons:150:3)
    at Socket._writeGeneric (node:net:966:11)
    at Socket._write (node:net:978:8)
    at writeOrBuffer (node:internal/streams/writable:572:12)
    at _write (node:internal/streams/writable:501:10)
    at Writable.write (node:internal/streams/writable:510:10)
    at Framer.ondata (/root/.openclaw/workspace/node_modules/readable-stream/lib/internal/streams/readable.js:707:22)
    at Framer.emit (node:events:519:28)
    at addChunk (/root/.openclaw/workspace/node_modules/readable-stream/lib/internal/streams/readable.js:323:12) {
  errno: -32,
  code: 'EPIPE',
  syscall: 'write'
}
[chelios2] Error: write EPIPE
[chelios2] Disconnected
[chelios2] Starting autonomous agent...
[chelios2] Waiting for spawn...
[chelios2] Disconnected
[chelios2] Starting autonomous agent...
[chelios2] Waiting for spawn...
[chelios2] ✅ Spawned in world at (-244.71802505273325, 55, -203.7)
[chelios2] Connecting to Brain at ws://localhost:8767
[chelios2] ✅ Brain connected
[chelios2] Brain command: registered
Error: write ECONNRESET
    at afterWriteDispatched (node:internal/stream_base_commons:159:15)
    at writeGeneric (node:internal/stream_base_commons:150:3)
    at Socket._writeGeneric (node:net:966:11)
    at Socket._write (node:net:978:8)
    at writeOrBuffer (node:internal/streams/writable:572:12)
    at _write (node:internal/streams/writable:501:10)
    at Writable.write (node:internal/streams/writable:510:10)
    at Framer.ondata (/root/.openclaw/workspace/node_modules/readable-stream/lib/internal/streams/readable.js:707:22)
    at Framer.emit (node:events:519:28)
    at addChunk (/root/.openclaw/workspace/node_modules/readable-stream/lib/internal/streams/readable.js:323:12) {
  errno: -104,
  code: 'ECONNRESET',
  syscall: 'write'
}
[chelios2] Error: write ECONNRESET
[chelios2] Disconnected
[chelios2] Starting autonomous agent...
[chelios2] Waiting for spawn...
[chelios2] ✅ Spawned in world at (-241.5037149626082, 54.687967992431645, -200.5)
[chelios2] Connecting to Brain at ws://localhost:8767
[chelios2] ✅ Brain connected
[chelios2] Brain command: registered
Error: write EPIPE
    at afterWriteDispatched (node:internal/stream_base_commons:159:15)
    at writeGeneric (node:internal/stream_base_commons:150:3)
    at Socket._writeGeneric (node:net:966:11)
    at Socket._write (node:net:978:8)
    at writeOrBuffer (node:internal/streams/writable:572:12)
    at _write (node:internal/streams/writable:501:10)
    at Writable.write (node:internal/streams/writable:510:10)
    at Framer.ondata (/root/.openclaw/workspace/node_modules/readable-stream/lib/internal/streams/readable.js:707:22)
    at Framer.emit (node:events:519:28)
    at addChunk (/root/.openclaw/workspace/node_modules/readable-stream/lib/internal/streams/readable.js:323:12) {
  errno: -32,
  code: 'EPIPE',
  syscall: 'write'
}
[chelios2] Error: write EPIPE
[chelios2] Disconnected
[chelios2] Starting autonomous agent...
[chelios2] Waiting for spawn...
[chelios2] Disconnected
[chelios2] Starting autonomous agent...
[chelios2] Waiting for spawn...
[chelios2] Disconnected
[chelios2] Starting autonomous agent...
[chelios2] Waiting for spawn...
[chelios2] ✅ Spawned in world at (-241.5037149626082, 53, -200.5)
[chelios2] Connecting to Brain at ws://localhost:8767
[chelios2] Chat: forge: Agent forge online!
[chelios2] ✅ Brain connected
[chelios2] Brain command: registered
Error: write ECONNRESET
    at afterWriteDispatched (node:internal/stream_base_commons:159:15)
    at writeGeneric (node:internal/stream_base_commons:150:3)
    at Socket._writeGeneric (node:net:966:11)
    at Socket._write (node:net:978:8)
    at writeOrBuffer (node:internal/streams/writable:572:12)
    at _write (node:internal/streams/writable:501:10)
    at Writable.write (node:internal/streams/writable:510:10)
    at Framer.ondata (/root/.openclaw/workspace/node_modules/readable-stream/lib/internal/streams/readable.js:707:22)
    at Framer.emit (node:events:519:28)
    at addChunk (/root/.openclaw/workspace/node_modules/readable-stream/lib/internal/streams/readable.js:323:12) {
  errno: -104,
  code: 'ECONNRESET',
  syscall: 'write'
}
[chelios2] Error: write ECONNRESET
[chelios2] Disconnected
[chelios2] Starting autonomous agent...
[chelios2] Waiting for spawn...
[chelios2] ✅ Spawned in world at (-241.5037149626082, 53, -200.5)
[chelios2] Connecting to Brain at ws://localhost:8767
[chelios2] ✅ Brain connected
[chelios2] Brain command: registered
[chelios2] Chat: chelios: Agent chelios online!
[chelios2] Chat: forge2: Agent forge2 online!
Error: write EPIPE
    at afterWriteDispatched (node:internal/stream_base_commons:159:15)
    at writeGeneric (node:internal/stream_base_commons:150:3)
    at Socket._writeGeneric (node:net:966:11)
    at Socket._write (node:net:978:8)
    at writeOrBuffer (node:internal/streams/writable:572:12)
    at _write (node:internal/streams/writable:501:10)
    at Writable.write (node:internal/streams/writable:510:10)
    at Framer.ondata (/root/.openclaw/workspace/node_modules/readable-stream/lib/internal/streams/readable.js:707:22)
    at Framer.emit (node:events:519:28)
    at addChunk (/root/.openclaw/workspace/node_modules/readable-stream/lib/internal/streams/readable.js:323:12) {
  errno: -32,
  code: 'EPIPE',
  syscall: 'write'
}
[chelios2] Error: write EPIPE
[chelios2] Disconnected
[chelios2] Starting autonomous agent...
[chelios2] Waiting for spawn...
[chelios2] Disconnected
[chelios2] Starting autonomous agent...
[chelios2] Waiting for spawn...
[chelios2] ✅ Spawned in world at (-240.5, 52, -200.5003383571995)
[chelios2] Connecting to Brain at ws://localhost:8767
[chelios2] ✅ Brain connected
[chelios2] Brain command: registered
Error: write EPIPE
    at afterWriteDispatched (node:internal/stream_base_commons:159:15)
    at writeGeneric (node:internal/stream_base_commons:150:3)
    at Socket._writeGeneric (node:net:966:11)
    at Socket._write (node:net:978:8)
    at writeOrBuffer (node:internal/streams/writable:572:12)
    at _write (node:internal/streams/writable:501:10)
    at Writable.write (node:internal/streams/writable:510:10)
    at Framer.ondata (/root/.openclaw/workspace/node_modules/readable-stream/lib/internal/streams/readable.js:707:22)
    at Framer.emit (node:events:519:28)
    at addChunk (/root/.openclaw/workspace/node_modules/readable-stream/lib/internal/streams/readable.js:323:12) {
  errno: -32,
  code: 'EPIPE',
  syscall: 'write'
}
[chelios2] Error: write EPIPE
[chelios2] Disconnected
[chelios2] Starting autonomous agent...
[chelios2] Waiting for spawn...
[chelios2] ✅ Spawned in world at (-238.75607768656045, 52, -200.3)
[chelios2] Connecting to Brain at ws://localhost:8767
[chelios2] ✅ Brain connected
[chelios2] Brain command: registered
Error: write EPIPE
    at afterWriteDispatched (node:internal/stream_base_commons:159:15)
    at writeGeneric (node:internal/stream_base_commons:150:3)
    at Socket._writeGeneric (node:net:966:11)
    at Socket._write (node:net:978:8)
    at writeOrBuffer (node:internal/streams/writable:572:12)
    at _write (node:internal/streams/writable:501:10)
    at Writable.write (node:internal/streams/writable:510:10)
    at Framer.ondata (/root/.openclaw/workspace/node_modules/readable-stream/lib/internal/streams/readable.js:707:22)
    at Framer.emit (node:events:519:28)
    at addChunk (/root/.openclaw/workspace/node_modules/readable-stream/lib/internal/streams/readable.js:323:12) {
  errno: -32,
  code: 'EPIPE',
  syscall: 'write'
}
[chelios2] Error: write EPIPE
[chelios2] Disconnected
[chelios2] Starting autonomous agent...
[chelios2] Waiting for spawn...
[chelios2] ✅ Spawned in world at (-237.5, 51, -199.4964929576688)
[chelios2] Connecting to Brain at ws://localhost:8767
[chelios2] ✅ Brain connected
[chelios2] Brain command: registered
[chelios2] Chat: patricia2: Agent patricia2 online!
Error: write EPIPE
    at afterWriteDispatched (node:internal/stream_base_commons:159:15)
    at writeGeneric (node:internal/stream_base_commons:150:3)
    at Socket._writeGeneric (node:net:966:11)
    at Socket._write (node:net:978:8)
    at writeOrBuffer (node:internal/streams/writable:572:12)
    at _write (node:internal/streams/writable:501:10)
    at Writable.write (node:internal/streams/writable:510:10)
    at Framer.ondata (/root/.openclaw/workspace/node_modules/readable-stream/lib/internal/streams/readable.js:707:22)
    at Framer.emit (node:events:519:28)
    at addChunk (/root/.openclaw/workspace/node_modules/readable-stream/lib/internal/streams/readable.js:323:12) {
  errno: -32,
  code: 'EPIPE',
  syscall: 'write'
}
[chelios2] Error: write EPIPE
[chelios2] Disconnected
[chelios2] Starting autonomous agent...
[chelios2] Waiting for spawn...
[chelios2] ✅ Spawned in world at (-238.7, 52, -200.2185833232131)
[chelios2] Connecting to Brain at ws://localhost:8767
[chelios2] ✅ Brain connected
[chelios2] Brain command: registered
Error: write EPIPE
    at afterWriteDispatched (node:internal/stream_base_commons:159:15)
    at writeGeneric (node:internal/stream_base_commons:150:3)
    at Socket._writeGeneric (node:net:966:11)
    at Socket._write (node:net:978:8)
    at writeOrBuffer (node:internal/streams/writable:572:12)
    at _write (node:internal/streams/writable:501:10)
    at Writable.write (node:internal/streams/writable:510:10)
    at Framer.ondata (/root/.openclaw/workspace/node_modules/readable-stream/lib/internal/streams/readable.js:707:22)
    at Framer.emit (node:events:519:28)
    at addChunk (/root/.openclaw/workspace/node_modules/readable-stream/lib/internal/streams/readable.js:323:12) {
  errno: -32,
  code: 'EPIPE',
  syscall: 'write'
}
[chelios2] Error: write EPIPE
[chelios2] Disconnected
[chelios2] Starting autonomous agent...
[chelios2] Waiting for spawn...
[chelios2] ✅ Spawned in world at (-238.7, 52, -200.5)
[chelios2] Connecting to Brain at ws://localhost:8767
[chelios2] ✅ Brain connected
[chelios2] Brain command: registered
Error: client timed out after 30000 milliseconds
    at Timeout._onTimeout (/root/.openclaw/workspace/node_modules/minecraft-protocol/src/client/keepalive.js:18:28)
    at listOnTimeout (node:internal/timers:585:17)
    at process.processTimers (node:internal/timers:521:7)
[chelios2] Error: client timed out after 30000 milliseconds
[chelios2] Disconnected
[chelios2] Starting autonomous agent...
[chelios2] Waiting for spawn...
[chelios2] Chat: patricia2: Agent patricia2 online!
[chelios2] ✅ Spawned in world at (-223.0590722008112, 51, -201.5175240320103)
[chelios2] Connecting to Brain at ws://localhost:8767
[chelios2] ✅ Brain connected
[chelios2] Brain command: registered
Error: write EPIPE
    at afterWriteDispatched (node:internal/stream_base_commons:159:15)
    at writeGeneric (node:internal/stream_base_commons:150:3)
    at Socket._writeGeneric (node:net:966:11)
    at Socket._write (node:net:978:8)
    at writeOrBuffer (node:internal/streams/writable:572:12)
    at _write (node:internal/streams/writable:501:10)
    at Writable.write (node:internal/streams/writable:510:10)
    at Framer.ondata (/root/.openclaw/workspace/node_modules/readable-stream/lib/internal/streams/readable.js:707:22)
    at Framer.emit (node:events:519:28)
    at addChunk (/root/.openclaw/workspace/node_modules/readable-stream/lib/internal/streams/readable.js:323:12) {
  errno: -32,
  code: 'EPIPE',
  syscall: 'write'
}
[chelios2] Error: write EPIPE
[chelios2] Disconnected
[chelios2] Starting autonomous agent...
[chelios2] Waiting for spawn...
[chelios2] ✅ Spawned in world at (-221.54554876148202, 52, -198.4820927492725)
[chelios2] Connecting to Brain at ws://localhost:8767
[chelios2] ✅ Brain connected
[chelios2] Brain command: registered
[chelios2] Chat: forge2: Agent forge2 online!
[chelios2] Starting autonomous agent...
[chelios2] Chat: forge: Agent forge online!
[chelios2] Waiting for spawn...
[chelios2] Disconnected
[chelios2] Chat: aurora: Agent aurora online!
[chelios2] Chat: forge2: Agent forge2 online!
Error: client timed out after 30000 milliseconds
    at Timeout._onTimeout (/root/.openclaw/workspace/node_modules/minecraft-protocol/src/client/keepalive.js:18:28)
    at listOnTimeout (node:internal/timers:585:17)
    at process.processTimers (node:internal/timers:521:7)
[chelios2] Error: client timed out after 30000 milliseconds
[chelios2] Disconnected
[chelios2] Starting autonomous agent...
[chelios2] Waiting for spawn...
[chelios2] Disconnected
[chelios2] Starting autonomous agent...
[chelios2] Waiting for spawn...
[chelios2] Disconnected
[chelios2] Starting autonomous agent...
[chelios2] Waiting for spawn...
[chelios2] ✅ Spawned in world at (-231.7, 52, -198.50319178044185)
[chelios2] Connecting to Brain at ws://localhost:8767
[chelios2] ✅ Brain connected
[chelios2] Brain command: registered
Error: write EPIPE
    at afterWriteDispatched (node:internal/stream_base_commons:159:15)
    at writeGeneric (node:internal/stream_base_commons:150:3)
    at Socket._writeGeneric (node:net:966:11)
    at Socket._write (node:net:978:8)
    at writeOrBuffer (node:internal/streams/writable:572:12)
    at _write (node:internal/streams/writable:501:10)
    at Writable.write (node:internal/streams/writable:510:10)
    at Framer.ondata (/root/.openclaw/workspace/node_modules/readable-stream/lib/internal/streams/readable.js:707:22)
    at Framer.emit (node:events:519:28)
    at addChunk (/root/.openclaw/workspace/node_modules/readable-stream/lib/internal/streams/readable.js:323:12) {
  errno: -32,
  code: 'EPIPE',
  syscall: 'write'
}
[chelios2] Error: write EPIPE
[chelios2] Disconnected
[chelios2] Starting autonomous agent...
[chelios2] Waiting for spawn...
[chelios2] ✅ Spawned in world at (-226.5040493920443, 53, -194.1840936420515)
[chelios2] Connecting to Brain at ws://localhost:8767
[chelios2] ✅ Brain connected
[chelios2] Brain command: registered
Error: write EPIPE
    at afterWriteDispatched (node:internal/stream_base_commons:159:15)
    at writeGeneric (node:internal/stream_base_commons:150:3)
    at Socket._writeGeneric (node:net:966:11)
    at Socket._write (node:net:978:8)
    at writeOrBuffer (node:internal/streams/writable:572:12)
    at _write (node:internal/streams/writable:501:10)
    at Writable.write (node:internal/streams/writable:510:10)
    at Framer.ondata (/root/.openclaw/workspace/node_modules/readable-stream/lib/internal/streams/readable.js:707:22)
    at Framer.emit (node:events:519:28)
    at addChunk (/root/.openclaw/workspace/node_modules/readable-stream/lib/internal/streams/readable.js:323:12) {
  errno: -32,
  code: 'EPIPE',
  syscall: 'write'
}
[chelios2] Error: write EPIPE
[chelios2] Disconnected
[chelios2] Starting autonomous agent...
[chelios2] Waiting for spawn...
[chelios2] Chat: patricia2: Agent patricia2 online!
[chelios2] ✅ Spawned in world at (-227.5011525587477, 52.691072629561155, -189.37428489656816)
[chelios2] Connecting to Brain at ws://localhost:8767
[chelios2] ✅ Brain connected
[chelios2] Brain command: registered
Error: write EPIPE
    at afterWriteDispatched (node:internal/stream_base_commons:159:15)
    at writeGeneric (node:internal/stream_base_commons:150:3)
    at Socket._writeGeneric (node:net:966:11)
    at Socket._write (node:net:978:8)
    at writeOrBuffer (node:internal/streams/writable:572:12)
    at _write (node:internal/streams/writable:501:10)
    at Writable.write (node:internal/streams/writable:510:10)
    at Framer.ondata (/root/.openclaw/workspace/node_modules/readable-stream/lib/internal/streams/readable.js:707:22)
    at Framer.emit (node:events:519:28)
    at addChunk (/root/.openclaw/workspace/node_modules/readable-stream/lib/internal/streams/readable.js:323:12) {
  errno: -32,
  code: 'EPIPE',
  syscall: 'write'
}
[chelios2] Error: write EPIPE
[chelios2] Disconnected
[chelios2] Starting autonomous agent...
[chelios2] Waiting for spawn...
[chelios2] ✅ Spawned in world at (-227.5011525587477, 52, -189.37428489656816)
[chelios2] Connecting to Brain at ws://localhost:8767
[chelios2] ✅ Brain connected
[chelios2] Brain command: registered
[chelios2] Chat: forge2: Agent forge2 online!
Error: write EPIPE
    at afterWriteDispatched (node:internal/stream_base_commons:159:15)
    at writeGeneric (node:internal/stream_base_commons:150:3)
    at Socket._writeGeneric (node:net:966:11)
    at Socket._write (node:net:978:8)
    at writeOrBuffer (node:internal/streams/writable:572:12)
    at _write (node:internal/streams/writable:501:10)
    at Writable.write (node:internal/streams/writable:510:10)
    at Framer.ondata (/root/.openclaw/workspace/node_modules/readable-stream/lib/internal/streams/readable.js:707:22)
    at Framer.emit (node:events:519:28)
    at addChunk (/root/.openclaw/workspace/node_modules/readable-stream/lib/internal/streams/readable.js:323:12) {
  errno: -32,
  code: 'EPIPE',
  syscall: 'write'
}
[chelios2] Error: write EPIPE
[chelios2] Disconnected
[chelios2] Starting autonomous agent...
[chelios2] Waiting for spawn...
[chelios2] ✅ Spawned in world at (-233.5, 53, -188.5010312794193)
[chelios2] Connecting to Brain at ws://localhost:8767
[chelios2] ✅ Brain connected
[chelios2] Brain command: registered
Error: write EPIPE
    at afterWriteDispatched (node:internal/stream_base_commons:159:15)
    at writeGeneric (node:internal/stream_base_commons:150:3)
    at Socket._writeGeneric (node:net:966:11)
    at Socket._write (node:net:978:8)
    at writeOrBuffer (node:internal/streams/writable:572:12)
    at _write (node:internal/streams/writable:501:10)
    at Writable.write (node:internal/streams/writable:510:10)
    at Framer.ondata (/root/.openclaw/workspace/node_modules/readable-stream/lib/internal/streams/readable.js:707:22)
    at Framer.emit (node:events:519:28)
    at addChunk (/root/.openclaw/workspace/node_modules/readable-stream/lib/internal/streams/readable.js:323:12) {
  errno: -32,
  code: 'EPIPE',
  syscall: 'write'
}
[chelios2] Error: write EPIPE
[chelios2] Disconnected
[chelios2] Starting autonomous agent...
[chelios2] Waiting for spawn...
[chelios2] Chat: forge2: Agent forge2 online!
[chelios2] ✅ Spawned in world at (-233.5, 53, -188.5010312794193)
[chelios2] Connecting to Brain at ws://localhost:8767
[chelios2] ✅ Brain connected
[chelios2] Brain command: registered
Error: client timed out after 30000 milliseconds
    at Timeout._onTimeout (/root/.openclaw/workspace/node_modules/minecraft-protocol/src/client/keepalive.js:18:28)
    at listOnTimeout (node:internal/timers:585:17)
    at process.processTimers (node:internal/timers:521:7)
[chelios2] Error: client timed out after 30000 milliseconds
[chelios2] Disconnected
[chelios2] Starting autonomous agent...
[chelios2] Waiting for spawn...
[chelios2] ✅ Spawned in world at (-242.82420044718089, 55, -187.49999535855977)
[chelios2] Connecting to Brain at ws://localhost:8767
[chelios2] ✅ Brain connected
[chelios2] Brain command: registered
[chelios2] Chat: chelios: Agent chelios online!
Error: write EPIPE
    at afterWriteDispatched (node:internal/stream_base_commons:159:15)
    at writeGeneric (node:internal/stream_base_commons:150:3)
    at Socket._writeGeneric (node:net:966:11)
    at Socket._write (node:net:978:8)
    at writeOrBuffer (node:internal/streams/writable:572:12)
    at _write (node:internal/streams/writable:501:10)
    at Writable.write (node:internal/streams/writable:510:10)
    at Framer.ondata (/root/.openclaw/workspace/node_modules/readable-stream/lib/internal/streams/readable.js:707:22)
    at Framer.emit (node:events:519:28)
    at addChunk (/root/.openclaw/workspace/node_modules/readable-stream/lib/internal/streams/readable.js:323:12) {
  errno: -32,
  code: 'EPIPE',
  syscall: 'write'
}
[chelios2] Error: write EPIPE
[chelios2] Disconnected
[chelios2] Starting autonomous agent...
[chelios2] Waiting for spawn...
[chelios2] Disconnected
[chelios2] Starting autonomous agent...
[chelios2] Waiting for spawn...
[chelios2] Disconnected
[chelios2] Starting autonomous agent...
[chelios2] Waiting for spawn...
[chelios2] ✅ Spawned in world at (-242.7, 55, -186.00134981109025)
[chelios2] Connecting to Brain at ws://localhost:8767
[chelios2] ✅ Brain connected
[chelios2] Brain command: registered
[chelios2] Chat: patricia2: Agent patricia2 online!
Error: write ECONNRESET
    at afterWriteDispatched (node:internal/stream_base_commons:159:15)
    at writeGeneric (node:internal/stream_base_commons:150:3)
    at Socket._writeGeneric (node:net:966:11)
    at Socket._write (node:net:978:8)
    at writeOrBuffer (node:internal/streams/writable:572:12)
    at _write (node:internal/streams/writable:501:10)
    at Writable.write (node:internal/streams/writable:510:10)
    at Framer.ondata (/root/.openclaw/workspace/node_modules/readable-stream/lib/internal/streams/readable.js:707:22)
    at Framer.emit (node:events:519:28)
    at addChunk (/root/.openclaw/workspace/node_modules/readable-stream/lib/internal/streams/readable.js:323:12) {
  errno: -104,
  code: 'ECONNRESET',
  syscall: 'write'
}
[chelios2] Error: write ECONNRESET
[chelios2] Disconnected
[chelios2] Starting autonomous agent...
[chelios2] Waiting for spawn...
[chelios2] Chat: chelios: Agent chelios online!
[chelios2] ✅ Spawned in world at (-241.86750032387621, 55, -184.3)
[chelios2] Connecting to Brain at ws://localhost:8767
[chelios2] ✅ Brain connected
[chelios2] Brain command: registered
Error: write EPIPE
    at afterWriteDispatched (node:internal/stream_base_commons:159:15)
    at writeGeneric (node:internal/stream_base_commons:150:3)
    at Socket._writeGeneric (node:net:966:11)
    at Socket._write (node:net:978:8)
    at writeOrBuffer (node:internal/streams/writable:572:12)
    at _write (node:internal/streams/writable:501:10)
    at Writable.write (node:internal/streams/writable:510:10)
    at Framer.ondata (/root/.openclaw/workspace/node_modules/readable-stream/lib/internal/streams/readable.js:707:22)
    at Framer.emit (node:events:519:28)
    at addChunk (/root/.openclaw/workspace/node_modules/readable-stream/lib/internal/streams/readable.js:323:12) {
  errno: -32,
  code: 'EPIPE',
  syscall: 'write'
}
[chelios2] Error: write EPIPE
[chelios2] Disconnected
[chelios2] Starting autonomous agent...
[chelios2] Waiting for spawn...
[chelios2] ✅ Spawned in world at (-237.3, 54, -186.7)
[chelios2] Connecting to Brain at ws://localhost:8767
[chelios2] ✅ Brain connected
[chelios2] Brain command: registered
[chelios2] Starting autonomous agent...
[chelios2] Waiting for spawn...
[chelios2] Chat: patricia: Agent patricia online!
[chelios2] Chat: forge: Agent forge online!
[chelios2] Disconnected
Error: client timed out after 30000 milliseconds
    at Timeout._onTimeout (/root/.openclaw/workspace/node_modules/minecraft-protocol/src/client/keepalive.js:18:28)
    at listOnTimeout (node:internal/timers:585:17)
    at process.processTimers (node:internal/timers:521:7)
[chelios2] Error: client timed out after 30000 milliseconds
[chelios2] Disconnected
[chelios2] Starting autonomous agent...
[chelios2] Waiting for spawn...
[chelios2] ✅ Spawned in world at (-241.54968871487043, 52, -183.5)
[chelios2] Connecting to Brain at ws://localhost:8767
[chelios2] ✅ Brain connected
[chelios2] Brain command: registered
Error: write EPIPE
    at afterWriteDispatched (node:internal/stream_base_commons:159:15)
    at writeGeneric (node:internal/stream_base_commons:150:3)
    at Socket._writeGeneric (node:net:966:11)
    at Socket._write (node:net:978:8)
    at writeOrBuffer (node:internal/streams/writable:572:12)
    at _write (node:internal/streams/writable:501:10)
    at Writable.write (node:internal/streams/writable:510:10)
    at Framer.ondata (/root/.openclaw/workspace/node_modules/readable-stream/lib/internal/streams/readable.js:707:22)
    at Framer.emit (node:events:519:28)
    at addChunk (/root/.openclaw/workspace/node_modules/readable-stream/lib/internal/streams/readable.js:323:12) {
  errno: -32,
  code: 'EPIPE',
  syscall: 'write'
}
[chelios2] Error: write EPIPE
[chelios2] Disconnected
[chelios2] Starting autonomous agent...
[chelios2] Waiting for spawn...
[chelios2] ✅ Spawned in world at (-244.314978544893, 52, -183.50005638947562)
[chelios2] Connecting to Brain at ws://localhost:8767
[chelios2] ✅ Brain connected
[chelios2] Brain command: registered
Error: write EPIPE
    at afterWriteDispatched (node:internal/stream_base_commons:159:15)
    at writeGeneric (node:internal/stream_base_commons:150:3)
    at Socket._writeGeneric (node:net:966:11)
    at Socket._write (node:net:978:8)
    at writeOrBuffer (node:internal/streams/writable:572:12)
    at _write (node:internal/streams/writable:501:10)
    at Writable.write (node:internal/streams/writable:510:10)
    at Framer.ondata (/root/.openclaw/workspace/node_modules/readable-stream/lib/internal/streams/readable.js:707:22)
    at Framer.emit (node:events:519:28)
    at addChunk (/root/.openclaw/workspace/node_modules/readable-stream/lib/internal/streams/readable.js:323:12) {
  errno: -32,
  code: 'EPIPE',
  syscall: 'write'
}
[chelios2] Error: write EPIPE
[chelios2] Disconnected
[chelios2] Starting autonomous agent...
[chelios2] Waiting for spawn...
[chelios2] ✅ Spawned in world at (-240.0627574749302, 52, -182.3)
[chelios2] Connecting to Brain at ws://localhost:8767
[chelios2] ✅ Brain connected
[chelios2] Brain command: registered
Error: write EPIPE
    at afterWriteDispatched (node:internal/stream_base_commons:159:15)
    at writeGeneric (node:internal/stream_base_commons:150:3)
    at Socket._writeGeneric (node:net:966:11)
    at Socket._write (node:net:978:8)
    at writeOrBuffer (node:internal/streams/writable:572:12)
    at _write (node:internal/streams/writable:501:10)
    at Writable.write (node:internal/streams/writable:510:10)
    at Framer.ondata (/root/.openclaw/workspace/node_modules/readable-stream/lib/internal/streams/readable.js:707:22)
    at Framer.emit (node:events:519:28)
    at addChunk (/root/.openclaw/workspace/node_modules/readable-stream/lib/internal/streams/readable.js:323:12) {
  errno: -32,
  code: 'EPIPE',
  syscall: 'write'
}
[chelios2] Error: write EPIPE
[chelios2] Disconnected
[chelios2] Starting autonomous agent...
[chelios2] Waiting for spawn...
[chelios2] Disconnected
[chelios2] Starting autonomous agent...
[chelios2] Waiting for spawn...
[chelios2] Chat: aurora: Agent aurora online!
[chelios2] ✅ Spawned in world at (-245.5, 52, -183.50366703567946)
[chelios2] Connecting to Brain at ws://localhost:8767
[chelios2] ✅ Brain connected
[chelios2] Brain command: registered
[chelios2] Chat: patricia2: Agent patricia2 online!
Error: write EPIPE
    at afterWriteDispatched (node:internal/stream_base_commons:159:15)
    at writeGeneric (node:internal/stream_base_commons:150:3)
    at Socket._writeGeneric (node:net:966:11)
    at Socket._write (node:net:978:8)
    at writeOrBuffer (node:internal/streams/writable:572:12)
    at _write (node:internal/streams/writable:501:10)
    at Writable.write (node:internal/streams/writable:510:10)
    at Framer.ondata (/root/.openclaw/workspace/node_modules/readable-stream/lib/internal/streams/readable.js:707:22)
    at Framer.emit (node:events:519:28)
    at addChunk (/root/.openclaw/workspace/node_modules/readable-stream/lib/internal/streams/readable.js:323:12) {
  errno: -32,
  code: 'EPIPE',
  syscall: 'write'
}
[chelios2] Error: write EPIPE
[chelios2] Disconnected
[chelios2] Starting autonomous agent...
[chelios2] Waiting for spawn...
[chelios2] Disconnected
[chelios2] Starting autonomous agent...
[chelios2] Waiting for spawn...
[chelios2] ✅ Spawned in world at (-245.47545743005287, 52, -182.69470758686214)
[chelios2] Connecting to Brain at ws://localhost:8767
[chelios2] ✅ Brain connected
[chelios2] Brain command: registered
Error: write EPIPE
    at afterWriteDispatched (node:internal/stream_base_commons:159:15)
    at writeGeneric (node:internal/stream_base_commons:150:3)
    at Socket._writeGeneric (node:net:966:11)
    at Socket._write (node:net:978:8)
    at writeOrBuffer (node:internal/streams/writable:572:12)
    at _write (node:internal/streams/writable:501:10)
    at Writable.write (node:internal/streams/writable:510:10)
    at Framer.ondata (/root/.openclaw/workspace/node_modules/readable-stream/lib/internal/streams/readable.js:707:22)
    at Framer.emit (node:events:519:28)
    at addChunk (/root/.openclaw/workspace/node_modules/readable-stream/lib/internal/streams/readable.js:323:12) {
  errno: -32,
  code: 'EPIPE',
  syscall: 'write'
}
[chelios2] Error: write EPIPE
[chelios2] Disconnected
[chelios2] Starting autonomous agent...
[chelios2] Waiting for spawn...
[chelios2] Chat: aurora: Agent aurora online!
[chelios2] ✅ Spawned in world at (-245.49281338218637, 51.3188700969741, -184.31483772647758)
[chelios2] Connecting to Brain at ws://localhost:8767
[chelios2] ✅ Brain connected
[chelios2] Brain command: registered
Error: write EPIPE
    at afterWriteDispatched (node:internal/stream_base_commons:159:15)
    at writeGeneric (node:internal/stream_base_commons:150:3)
    at Socket._writeGeneric (node:net:966:11)
    at Socket._write (node:net:978:8)
    at writeOrBuffer (node:internal/streams/writable:572:12)
    at _write (node:internal/streams/writable:501:10)
    at Writable.write (node:internal/streams/writable:510:10)
    at Framer.ondata (/root/.openclaw/workspace/node_modules/readable-stream/lib/internal/streams/readable.js:707:22)
    at Framer.emit (node:events:519:28)
    at addChunk (/root/.openclaw/workspace/node_modules/readable-stream/lib/internal/streams/readable.js:323:12) {
  errno: -32,
  code: 'EPIPE',
  syscall: 'write'
}
[chelios2] Error: write EPIPE
[chelios2] Disconnected
[chelios2] Starting autonomous agent...
[chelios2] Waiting for spawn...
[chelios2] Disconnected
[chelios2] Starting autonomous agent...
[chelios2] Waiting for spawn...
[chelios2] ✅ Spawned in world at (-245.50000143216266, 51.69568317254246, -181.5)
[chelios2] Connecting to Brain at ws://localhost:8767
[chelios2] ✅ Brain connected
[chelios2] Chat: forge2: Agent forge2 online!
[chelios2] Brain command: registered
Error: client timed out after 30000 milliseconds
    at Timeout._onTimeout (/root/.openclaw/workspace/node_modules/minecraft-protocol/src/client/keepalive.js:18:28)
    at listOnTimeout (node:internal/timers:585:17)
    at process.processTimers (node:internal/timers:521:7)
[chelios2] Error: client timed out after 30000 milliseconds
[chelios2] Disconnected
[chelios2] Starting autonomous agent...
[chelios2] Waiting for spawn...
[chelios2] ✅ Spawned in world at (-229.4673552242754, 50, -174.30379511945628)
[chelios2] Connecting to Brain at ws://localhost:8767
[chelios2] ✅ Brain connected
[chelios2] Brain command: registered
[chelios2] Chat: patricia2: Agent patricia2 online!
Error: write EPIPE
    at afterWriteDispatched (node:internal/stream_base_commons:159:15)
    at writeGeneric (node:internal/stream_base_commons:150:3)
    at Socket._writeGeneric (node:net:966:11)
    at Socket._write (node:net:978:8)
    at writeOrBuffer (node:internal/streams/writable:572:12)
    at _write (node:internal/streams/writable:501:10)
    at Writable.write (node:internal/streams/writable:510:10)
    at Framer.ondata (/root/.openclaw/workspace/node_modules/readable-stream/lib/internal/streams/readable.js:707:22)
    at Framer.emit (node:events:519:28)
    at addChunk (/root/.openclaw/workspace/node_modules/readable-stream/lib/internal/streams/readable.js:323:12) {
  errno: -32,
  code: 'EPIPE',
  syscall: 'write'
}
[chelios2] Error: write EPIPE
[chelios2] Disconnected
[chelios2] Starting autonomous agent...
[chelios2] Waiting for spawn...
[chelios2] Chat: chelios: Agent chelios online!
[chelios2] ✅ Spawned in world at (-234.4977579668015, 50, -181.5)
[chelios2] Connecting to Brain at ws://localhost:8767
[chelios2] ✅ Brain connected
[chelios2] Brain command: registered
[chelios2] Chat: aurora: Agent aurora online!
Error: write EPIPE
    at afterWriteDispatched (node:internal/stream_base_commons:159:15)
    at writeGeneric (node:internal/stream_base_commons:150:3)
    at Socket._writeGeneric (node:net:966:11)
    at Socket._write (node:net:978:8)
    at writeOrBuffer (node:internal/streams/writable:572:12)
    at _write (node:internal/streams/writable:501:10)
    at Writable.write (node:internal/streams/writable:510:10)
    at Framer.ondata (/root/.openclaw/workspace/node_modules/readable-stream/lib/internal/streams/readable.js:707:22)
    at Framer.emit (node:events:519:28)
    at addChunk (/root/.openclaw/workspace/node_modules/readable-stream/lib/internal/streams/readable.js:323:12) {
  errno: -32,
  code: 'EPIPE',
  syscall: 'write'
}
[chelios2] Error: write EPIPE
[chelios2] Disconnected
[chelios2] Starting autonomous agent...
[chelios2] Waiting for spawn...
[chelios2] ✅ Spawned in world at (-233.48074285729862, 49, -176.5)
[chelios2] Connecting to Brain at ws://localhost:8767
[chelios2] ✅ Brain connected
[chelios2] Brain command: registered
Error: write EPIPE
    at afterWriteDispatched (node:internal/stream_base_commons:159:15)
    at writeGeneric (node:internal/stream_base_commons:150:3)
    at Socket._writeGeneric (node:net:966:11)
    at Socket._write (node:net:978:8)
    at writeOrBuffer (node:internal/streams/writable:572:12)
    at _write (node:internal/streams/writable:501:10)
    at Writable.write (node:internal/streams/writable:510:10)
    at Framer.ondata (/root/.openclaw/workspace/node_modules/readable-stream/lib/internal/streams/readable.js:707:22)
    at Framer.emit (node:events:519:28)
    at addChunk (/root/.openclaw/workspace/node_modules/readable-stream/lib/internal/streams/readable.js:323:12) {
  errno: -32,
  code: 'EPIPE',
  syscall: 'write'
}
[chelios2] Error: write EPIPE
[chelios2] Disconnected
[chelios2] Starting autonomous agent...
[chelios2] Waiting for spawn...
[chelios2] Disconnected
[chelios2] Starting autonomous agent...
[chelios2] Waiting for spawn...
[chelios2] ✅ Spawned in world at (-234.4896430682142, 49, -179.25735754935369)
[chelios2] Connecting to Brain at ws://localhost:8767
[chelios2] ✅ Brain connected
[chelios2] Brain command: registered
Error: write EPIPE
    at afterWriteDispatched (node:internal/stream_base_commons:159:15)
    at writeGeneric (node:internal/stream_base_commons:150:3)
    at Socket._writeGeneric (node:net:966:11)
    at Socket._write (node:net:978:8)
    at writeOrBuffer (node:internal/streams/writable:572:12)
    at _write (node:internal/streams/writable:501:10)
    at Writable.write (node:internal/streams/writable:510:10)
    at Framer.ondata (/root/.openclaw/workspace/node_modules/readable-stream/lib/internal/streams/readable.js:707:22)
    at Framer.emit (node:events:519:28)
    at addChunk (/root/.openclaw/workspace/node_modules/readable-stream/lib/internal/streams/readable.js:323:12) {
  errno: -32,
  code: 'EPIPE',
  syscall: 'write'
}
[chelios2] Error: write EPIPE
[chelios2] Disconnected
[chelios2] Starting autonomous agent...
[chelios2] Waiting for spawn...
[chelios2] ✅ Spawned in world at (-231.57407239089358, 49, -177.40197612344778)
[chelios2] Connecting to Brain at ws://localhost:8767
[chelios2] ✅ Brain connected
[chelios2] Brain command: registered
Error: client timed out after 30000 milliseconds
    at Timeout._onTimeout (/root/.openclaw/workspace/node_modules/minecraft-protocol/src/client/keepalive.js:18:28)
    at listOnTimeout (node:internal/timers:585:17)
    at process.processTimers (node:internal/timers:521:7)
[chelios2] Error: client timed out after 30000 milliseconds
[chelios2] Disconnected
[chelios2] Starting autonomous agent...
[chelios2] Waiting for spawn...
[chelios2] ✅ Spawned in world at (-244.5, 53, -196.69580093132384)
[chelios2] Connecting to Brain at ws://localhost:8767
[chelios2] ✅ Brain connected
[chelios2] Brain command: registered
Error: write EPIPE
    at afterWriteDispatched (node:internal/stream_base_commons:159:15)
    at writeGeneric (node:internal/stream_base_commons:150:3)
    at Socket._writeGeneric (node:net:966:11)
    at Socket._write (node:net:978:8)
    at writeOrBuffer (node:internal/streams/writable:572:12)
    at _write (node:internal/streams/writable:501:10)
    at Writable.write (node:internal/streams/writable:510:10)
    at Framer.ondata (/root/.openclaw/workspace/node_modules/readable-stream/lib/internal/streams/readable.js:707:22)
    at Framer.emit (node:events:519:28)
    at addChunk (/root/.openclaw/workspace/node_modules/readable-stream/lib/internal/streams/readable.js:323:12) {
  errno: -32,
  code: 'EPIPE',
  syscall: 'write'
}
[chelios2] Error: write EPIPE
[chelios2] Disconnected
[chelios2] Starting autonomous agent...
[chelios2] Waiting for spawn...
[chelios2] ✅ Spawned in world at (-242.55968267434451, 52, -198.01731582290586)
[chelios2] Connecting to Brain at ws://localhost:8767
[chelios2] ✅ Brain connected
[chelios2] Brain command: registered
Error: write EPIPE
    at afterWriteDispatched (node:internal/stream_base_commons:159:15)
    at writeGeneric (node:internal/stream_base_commons:150:3)
    at Socket._writeGeneric (node:net:966:11)
    at Socket._write (node:net:978:8)
    at writeOrBuffer (node:internal/streams/writable:572:12)
    at _write (node:internal/streams/writable:501:10)
    at Writable.write (node:internal/streams/writable:510:10)
    at Framer.ondata (/root/.openclaw/workspace/node_modules/readable-stream/lib/internal/streams/readable.js:707:22)
    at Framer.emit (node:events:519:28)
    at addChunk (/root/.openclaw/workspace/node_modules/readable-stream/lib/internal/streams/readable.js:323:12) {
  errno: -32,
  code: 'EPIPE',
  syscall: 'write'
}
[chelios2] Error: write EPIPE
[chelios2] Disconnected
[chelios2] Starting autonomous agent...
[chelios2] Waiting for spawn...
[chelios2] Disconnected
[chelios2] Starting autonomous agent...
[chelios2] Waiting for spawn...
AggregateError [ETIMEDOUT]: 
    at internalConnectMultiple (node:net:1134:18)
    at afterConnectMultiple (node:net:1715:7) {
  code: 'ETIMEDOUT',
  [errors]: [
    Error: connect ETIMEDOUT ::1:25565
        at createConnectionError (node:net:1678:14)
        at Timeout.internalConnectMultipleTimeout (node:net:1737:38)
        at listOnTimeout (node:internal/timers:587:11)
        at process.processTimers (node:internal/timers:521:7) {
      errno: -110,
      code: 'ETIMEDOUT',
      syscall: 'connect',
      address: '::1',
      port: 25565
    },
    Error: connect ECONNREFUSED 127.0.0.1:25565
        at createConnectionError (node:net:1678:14)
        at afterConnectMultiple (node:net:1708:16) {
      errno: -111,
      code: 'ECONNREFUSED',
      syscall: 'connect',
      address: '127.0.0.1',
      port: 25565
    }
  ]
}
[chelios2] Error: 
[chelios2] Disconnected
[chelios2] Starting autonomous agent...
[chelios2] Waiting for spawn...
[chelios2] Disconnected
[chelios2] Starting autonomous agent...
[chelios2] Waiting for spawn...
[chelios2] Disconnected
[chelios2] Starting autonomous agent...
[chelios2] Waiting for spawn...
[chelios2] Chat: patricia2: Agent patricia2 online!
[chelios2] ✅ Spawned in world at (-242.5, 52, -193.45385573366497)
[chelios2] Connecting to Brain at ws://localhost:8767
[chelios2] ✅ Brain connected
[chelios2] Brain command: registered
Error: write EPIPE
    at afterWriteDispatched (node:internal/stream_base_commons:159:15)
    at writeGeneric (node:internal/stream_base_commons:150:3)
    at Socket._writeGeneric (node:net:966:11)
    at Socket._write (node:net:978:8)
    at writeOrBuffer (node:internal/streams/writable:572:12)
    at _write (node:internal/streams/writable:501:10)
    at Writable.write (node:internal/streams/writable:510:10)
    at Framer.ondata (/root/.openclaw/workspace/node_modules/readable-stream/lib/internal/streams/readable.js:707:22)
    at Framer.emit (node:events:519:28)
    at addChunk (/root/.openclaw/workspace/node_modules/readable-stream/lib/internal/streams/readable.js:323:12) {
  errno: -32,
  code: 'EPIPE',
  syscall: 'write'
}
[chelios2] Error: write EPIPE
[chelios2] Disconnected
[chelios2] Starting autonomous agent...
[chelios2] Waiting for spawn...
[chelios2] Disconnected
[chelios2] Starting autonomous agent...
[chelios2] Waiting for spawn...
AggregateError [ECONNREFUSED]: 
    at internalConnectMultiple (node:net:1134:18)
    at afterConnectMultiple (node:net:1715:7) {
  code: 'ECONNREFUSED',
  [errors]: [
    Error: connect ECONNREFUSED ::1:25565
        at createConnectionError (node:net:1678:14)
        at afterConnectMultiple (node:net:1708:16) {
      errno: -111,
      code: 'ECONNREFUSED',
      syscall: 'connect',
      address: '::1',
      port: 25565
    },
    Error: connect ECONNREFUSED 127.0.0.1:25565
        at createConnectionError (node:net:1678:14)
        at afterConnectMultiple (node:net:1708:16) {
      errno: -111,
      code: 'ECONNREFUSED',
      syscall: 'connect',
      address: '127.0.0.1',
      port: 25565
    }
  ]
}
[chelios2] Error: 
[chelios2] Disconnected
[chelios2] Starting autonomous agent...
[chelios2] Waiting for spawn...
AggregateError [ETIMEDOUT]: 
    at internalConnectMultiple (node:net:1134:18)
    at afterConnectMultiple (node:net:1715:7) {
  code: 'ETIMEDOUT',
  [errors]: [
    Error: connect ETIMEDOUT ::1:25565
        at createConnectionError (node:net:1678:14)
        at Timeout.internalConnectMultipleTimeout (node:net:1737:38)
        at listOnTimeout (node:internal/timers:587:11)
        at process.processTimers (node:internal/timers:521:7) {
      errno: -110,
      code: 'ETIMEDOUT',
      syscall: 'connect',
      address: '::1',
      port: 25565
    },
    Error: connect ECONNREFUSED 127.0.0.1:25565
        at createConnectionError (node:net:1678:14)
        at afterConnectMultiple (node:net:1708:16) {
      errno: -111,
      code: 'ECONNREFUSED',
      syscall: 'connect',
      address: '127.0.0.1',
      port: 25565
    }
  ]
}
[chelios2] Error: 
[chelios2] Disconnected
[chelios2] Starting autonomous agent...
[chelios2] Waiting for spawn...
[chelios2] Starting autonomous agent...
[chelios2] Waiting for spawn...
[chelios2] Disconnected
[chelios2] Disconnected
[chelios2] Starting autonomous agent...
[chelios2] Waiting for spawn...
[chelios2] Disconnected
[chelios2] Starting autonomous agent...
[chelios2] Waiting for spawn...
Error: client timed out after 30000 milliseconds
    at Timeout._onTimeout (/root/.openclaw/workspace/node_modules/minecraft-protocol/src/client/keepalive.js:18:28)
    at listOnTimeout (node:internal/timers:585:17)
    at process.processTimers (node:internal/timers:521:7)
[chelios2] Error: client timed out after 30000 milliseconds
[chelios2] ✅ Spawned in world at (-242.5, 52, -193.45385573366497)
[chelios2] Connecting to Brain at ws://localhost:8767
[chelios2] ✅ Brain connected
[chelios2] Brain command: registered
[chelios2] Chat: forge2: Agent forge2 online!
[chelios2] Disconnected
[chelios2] Starting autonomous agent...
[chelios2] Waiting for spawn...
[chelios2] Chat: chelios: Agent chelios online!
[chelios2] ✅ Spawned in world at (-242.5, 52, -193.45385573366497)
[chelios2] Connecting to Brain at ws://localhost:8767
[chelios2] ✅ Brain connected
[chelios2] Brain command: registered
Error: client timed out after 30000 milliseconds
    at Timeout._onTimeout (/root/.openclaw/workspace/node_modules/minecraft-protocol/src/client/keepalive.js:18:28)
    at listOnTimeout (node:internal/timers:585:17)
    at process.processTimers (node:internal/timers:521:7)
[chelios2] Error: client timed out after 30000 milliseconds
[chelios2] Disconnected
[chelios2] Starting autonomous agent...
[chelios2] Waiting for spawn...
[chelios2] ✅ Spawned in world at (-237.56602356357783, 50, -193.52430128503866)
[chelios2] Connecting to Brain at ws://localhost:8767
[chelios2] ✅ Brain connected
[chelios2] Brain command: registered
[chelios2] Chat: chelios: Agent chelios online!
[chelios2] Chat: patricia2: Agent patricia2 online!
Error: write EPIPE
    at afterWriteDispatched (node:internal/stream_base_commons:159:15)
    at writeGeneric (node:internal/stream_base_commons:150:3)
    at Socket._writeGeneric (node:net:966:11)
    at Socket._write (node:net:978:8)
    at writeOrBuffer (node:internal/streams/writable:572:12)
    at _write (node:internal/streams/writable:501:10)
    at Writable.write (node:internal/streams/writable:510:10)
    at Framer.ondata (/root/.openclaw/workspace/node_modules/readable-stream/lib/internal/streams/readable.js:707:22)
    at Framer.emit (node:events:519:28)
    at addChunk (/root/.openclaw/workspace/node_modules/readable-stream/lib/internal/streams/readable.js:323:12) {
  errno: -32,
  code: 'EPIPE',
  syscall: 'write'
}
[chelios2] Error: write EPIPE
[chelios2] Disconnected
[chelios2] Starting autonomous agent...
[chelios2] Waiting for spawn...
[chelios2] ✅ Spawned in world at (-237.56602356357783, 50, -193.52430128503866)
[chelios2] Connecting to Brain at ws://localhost:8767
[chelios2] ✅ Brain connected
[chelios2] Brain command: registered
[chelios2] Chat: forge2: Agent forge2 online!
Error: write EPIPE
    at afterWriteDispatched (node:internal/stream_base_commons:159:15)
    at writeGeneric (node:internal/stream_base_commons:150:3)
    at Socket._writeGeneric (node:net:966:11)
    at Socket._write (node:net:978:8)
    at writeOrBuffer (node:internal/streams/writable:572:12)
    at _write (node:internal/streams/writable:501:10)
    at Writable.write (node:internal/streams/writable:510:10)
    at Framer.ondata (/root/.openclaw/workspace/node_modules/readable-stream/lib/internal/streams/readable.js:707:22)
    at Framer.emit (node:events:519:28)
    at addChunk (/root/.openclaw/workspace/node_modules/readable-stream/lib/internal/streams/readable.js:323:12) {
  errno: -32,
  code: 'EPIPE',
  syscall: 'write'
}
[chelios2] Error: write EPIPE
[chelios2] Disconnected
[chelios2] Starting autonomous agent...
[chelios2] Waiting for spawn...
[chelios2] ✅ Spawned in world at (-237.56602356357783, 50, -193.52430128503866)
[chelios2] Connecting to Brain at ws://localhost:8767
[chelios2] ✅ Brain connected
[chelios2] Brain command: registered
Error: write EPIPE
    at afterWriteDispatched (node:internal/stream_base_commons:159:15)
    at writeGeneric (node:internal/stream_base_commons:150:3)
    at Socket._writeGeneric (node:net:966:11)
    at Socket._write (node:net:978:8)
    at writeOrBuffer (node:internal/streams/writable:572:12)
    at _write (node:internal/streams/writable:501:10)
    at Writable.write (node:internal/streams/writable:510:10)
    at Framer.ondata (/root/.openclaw/workspace/node_modules/readable-stream/lib/internal/streams/readable.js:707:22)
    at Framer.emit (node:events:519:28)
    at addChunk (/root/.openclaw/workspace/node_modules/readable-stream/lib/internal/streams/readable.js:323:12) {
  errno: -32,
  code: 'EPIPE',
  syscall: 'write'
}
[chelios2] Error: write EPIPE
[chelios2] Disconnected
[chelios2] Starting autonomous agent...
[chelios2] Waiting for spawn...
[chelios2] Disconnected
[chelios2] Starting autonomous agent...
[chelios2] Waiting for spawn...
[chelios2] ✅ Spawned in world at (-237.68096853595569, 52.010877256421615, -193.62104783109945)
[chelios2] Connecting to Brain at ws://localhost:8767
[chelios2] ✅ Brain connected
[chelios2] Brain command: registered
Error: write EPIPE
    at afterWriteDispatched (node:internal/stream_base_commons:159:15)
    at writeGeneric (node:internal/stream_base_commons:150:3)
    at Socket._writeGeneric (node:net:966:11)
    at Socket._write (node:net:978:8)
    at writeOrBuffer (node:internal/streams/writable:572:12)
    at _write (node:internal/streams/writable:501:10)
    at Writable.write (node:internal/streams/writable:510:10)
    at Framer.ondata (/root/.openclaw/workspace/node_modules/readable-stream/lib/internal/streams/readable.js:707:22)
    at Framer.emit (node:events:519:28)
    at addChunk (/root/.openclaw/workspace/node_modules/readable-stream/lib/internal/streams/readable.js:323:12) {
  errno: -32,
  code: 'EPIPE',
  syscall: 'write'
}
[chelios2] Error: write EPIPE
[chelios2] Disconnected
[chelios2] Starting autonomous agent...
[chelios2] Waiting for spawn...
[chelios2] Disconnected
[chelios2] Starting autonomous agent...
[chelios2] Waiting for spawn...
[chelios2] ✅ Spawned in world at (-239.83940727865192, 52.15312379606114, -200.50091339616407)
[chelios2] Connecting to Brain at ws://localhost:8767
[chelios2] ✅ Brain connected
[chelios2] Brain command: registered
[chelios2] Starting autonomous agent...
[chelios2] Waiting for spawn...
Error: write ECONNRESET
    at afterWriteDispatched (node:internal/stream_base_commons:159:15)
    at writeGeneric (node:internal/stream_base_commons:150:3)
    at Socket._writeGeneric (node:net:966:11)
    at Socket._write (node:net:978:8)
    at writeOrBuffer (node:internal/streams/writable:572:12)
    at _write (node:internal/streams/writable:501:10)
    at Writable.write (node:internal/streams/writable:510:10)
    at Framer.ondata (/root/.openclaw/workspace/node_modules/readable-stream/lib/internal/streams/readable.js:707:22)
    at Framer.emit (node:events:519:28)
    at addChunk (/root/.openclaw/workspace/node_modules/readable-stream/lib/internal/streams/readable.js:323:12) {
  errno: -104,
  code: 'ECONNRESET',
  syscall: 'write'
}
[chelios2] Error: write ECONNRESET
[chelios2] Disconnected
[chelios2] ✅ Spawned in world at (-239.83940727865192, 52, -200.50091339616407)
[chelios2] Connecting to Brain at ws://localhost:8767
[chelios2] ✅ Brain connected
[chelios2] Brain command: registered
Error: write EPIPE
    at afterWriteDispatched (node:internal/stream_base_commons:159:15)
    at writeGeneric (node:internal/stream_base_commons:150:3)
    at Socket._writeGeneric (node:net:966:11)
    at Socket._write (node:net:978:8)
    at writeOrBuffer (node:internal/streams/writable:572:12)
    at _write (node:internal/streams/writable:501:10)
    at Writable.write (node:internal/streams/writable:510:10)
    at Framer.ondata (/root/.openclaw/workspace/node_modules/readable-stream/lib/internal/streams/readable.js:707:22)
    at Framer.emit (node:events:519:28)
    at addChunk (/root/.openclaw/workspace/node_modules/readable-stream/lib/internal/streams/readable.js:323:12) {
  errno: -32,
  code: 'EPIPE',
  syscall: 'write'
}
[chelios2] Error: write EPIPE
[chelios2] Disconnected
[chelios2] Starting autonomous agent...
[chelios2] Waiting for spawn...
[chelios2] ✅ Spawned in world at (-239.83940727865192, 52, -200.50091339616407)
[chelios2] Connecting to Brain at ws://localhost:8767
[chelios2] ✅ Brain connected
[chelios2] Brain command: registered
[chelios2] Chat: patricia: Agent patricia online!
Error: write EPIPE
    at afterWriteDispatched (node:internal/stream_base_commons:159:15)
    at writeGeneric (node:internal/stream_base_commons:150:3)
    at Socket._writeGeneric (node:net:966:11)
    at Socket._write (node:net:978:8)
    at writeOrBuffer (node:internal/streams/writable:572:12)
    at _write (node:internal/streams/writable:501:10)
    at Writable.write (node:internal/streams/writable:510:10)
    at Framer.ondata (/root/.openclaw/workspace/node_modules/readable-stream/lib/internal/streams/readable.js:707:22)
    at Framer.emit (node:events:519:28)
    at addChunk (/root/.openclaw/workspace/node_modules/readable-stream/lib/internal/streams/readable.js:323:12) {
  errno: -32,
  code: 'EPIPE',
  syscall: 'write'
}
[chelios2] Error: write EPIPE
[chelios2] Disconnected
[chelios2] Starting autonomous agent...
[chelios2] Waiting for spawn...
[chelios2] ✅ Spawned in world at (-239.83940727865192, 52, -200.50091339616407)
[chelios2] Connecting to Brain at ws://localhost:8767
[chelios2] ✅ Brain connected
[chelios2] Chat: patricia2: Agent patricia2 online!
[chelios2] Brain command: registered
[chelios2] Starting autonomous agent...
[chelios2] Chat: forge: Agent forge online!
[chelios2] Chat: patricia: Agent patricia online!
[chelios2] Waiting for spawn...
[chelios2] Disconnected
[chelios2] ✅ Spawned in world at (-217.49712746909069, 58, -195.5)
[chelios2] Connecting to Brain at ws://localhost:8767
[chelios2] ✅ Brain connected
[chelios2] Brain command: registered
Error: write EPIPE
    at afterWriteDispatched (node:internal/stream_base_commons:159:15)
    at writeGeneric (node:internal/stream_base_commons:150:3)
    at Socket._writeGeneric (node:net:966:11)
    at Socket._write (node:net:978:8)
    at writeOrBuffer (node:internal/streams/writable:572:12)
    at _write (node:internal/streams/writable:501:10)
    at Writable.write (node:internal/streams/writable:510:10)
    at Framer.ondata (/root/.openclaw/workspace/node_modules/readable-stream/lib/internal/streams/readable.js:707:22)
    at Framer.emit (node:events:519:28)
    at addChunk (/root/.openclaw/workspace/node_modules/readable-stream/lib/internal/streams/readable.js:323:12) {
  errno: -32,
  code: 'EPIPE',
  syscall: 'write'
}
[chelios2] Error: write EPIPE
[chelios2] Disconnected
[chelios2] Starting autonomous agent...
[chelios2] Waiting for spawn...
[chelios2] ✅ Spawned in world at (-216.33060872897016, 58, -200.39475086867373)
[chelios2] Connecting to Brain at ws://localhost:8767
[chelios2] ✅ Brain connected
[chelios2] Brain command: registered
[chelios2] Chat: forge2: Agent forge2 online!
[chelios2] Chat: patricia2: Agent patricia2 online!
Error: write EPIPE
    at afterWriteDispatched (node:internal/stream_base_commons:159:15)
    at writeGeneric (node:internal/stream_base_commons:150:3)
    at Socket._writeGeneric (node:net:966:11)
    at Socket._write (node:net:978:8)
    at writeOrBuffer (node:internal/streams/writable:572:12)
    at _write (node:internal/streams/writable:501:10)
    at Writable.write (node:internal/streams/writable:510:10)
    at Framer.ondata (/root/.openclaw/workspace/node_modules/readable-stream/lib/internal/streams/readable.js:707:22)
    at Framer.emit (node:events:519:28)
    at addChunk (/root/.openclaw/workspace/node_modules/readable-stream/lib/internal/streams/readable.js:323:12) {
  errno: -32,
  code: 'EPIPE',
  syscall: 'write'
}
[chelios2] Error: write EPIPE
[chelios2] Disconnected
[chelios2] Starting autonomous agent...
[chelios2] Waiting for spawn...
[chelios2] Disconnected
[chelios2] Starting autonomous agent...
[chelios2] Waiting for spawn...
[chelios2] Disconnected
[chelios2] Starting autonomous agent...
[chelios2] Waiting for spawn...
[chelios2] Chat: forge: Agent forge online!
[chelios2] ✅ Spawned in world at (-212.5, 58, -201.7)
[chelios2] Connecting to Brain at ws://localhost:8767
[chelios2] ✅ Brain connected
[chelios2] Brain command: registered
Error: write EPIPE
    at afterWriteDispatched (node:internal/stream_base_commons:159:15)
    at writeGeneric (node:internal/stream_base_commons:150:3)
    at Socket._writeGeneric (node:net:966:11)
    at Socket._write (node:net:978:8)
    at writeOrBuffer (node:internal/streams/writable:572:12)
    at _write (node:internal/streams/writable:501:10)
    at Writable.write (node:internal/streams/writable:510:10)
    at Framer.ondata (/root/.openclaw/workspace/node_modules/readable-stream/lib/internal/streams/readable.js:707:22)
    at Framer.emit (node:events:519:28)
    at addChunk (/root/.openclaw/workspace/node_modules/readable-stream/lib/internal/streams/readable.js:323:12) {
  errno: -32,
  code: 'EPIPE',
  syscall: 'write'
}
[chelios2] Error: write EPIPE
[chelios2] Disconnected
[chelios2] Starting autonomous agent...
[chelios2] Waiting for spawn...
[chelios2] Disconnected
[chelios2] Starting autonomous agent...
[chelios2] Waiting for spawn...
[chelios2] Disconnected
[chelios2] Starting autonomous agent...
[chelios2] Waiting for spawn...
[chelios2] Disconnected
[chelios2] Starting autonomous agent...
[chelios2] Waiting for spawn...
[chelios2] Disconnected
[chelios2] Starting autonomous agent...
[chelios2] Waiting for spawn...
[chelios2] Chat: forge2: Agent forge2 online!
[chelios2] ✅ Spawned in world at (-212.5, 58, -201.7)
[chelios2] Connecting to Brain at ws://localhost:8767
[chelios2] ✅ Brain connected
[chelios2] Brain command: registered
Error: client timed out after 30000 milliseconds
    at Timeout._onTimeout (/root/.openclaw/workspace/node_modules/minecraft-protocol/src/client/keepalive.js:18:28)
    at listOnTimeout (node:internal/timers:585:17)
    at process.processTimers (node:internal/timers:521:7)
[chelios2] Error: client timed out after 30000 milliseconds
[chelios2] Disconnected
[chelios2] Starting autonomous agent...
[chelios2] Waiting for spawn...
[chelios2] Disconnected
[chelios2] Starting autonomous agent...
[chelios2] Waiting for spawn...
[chelios2] Disconnected
[chelios2] Starting autonomous agent...
[chelios2] Waiting for spawn...
[chelios2] ✅ Spawned in world at (-212.5, 58, -201.7)
[chelios2] Connecting to Brain at ws://localhost:8767
[chelios2] ✅ Brain connected
[chelios2] Brain command: registered
[chelios2] Chat: forge2: Agent forge2 online!
Error: write EPIPE
    at afterWriteDispatched (node:internal/stream_base_commons:159:15)
    at writeGeneric (node:internal/stream_base_commons:150:3)
    at Socket._writeGeneric (node:net:966:11)
    at Socket._write (node:net:978:8)
    at writeOrBuffer (node:internal/streams/writable:572:12)
    at _write (node:internal/streams/writable:501:10)
    at Writable.write (node:internal/streams/writable:510:10)
    at Framer.ondata (/root/.openclaw/workspace/node_modules/readable-stream/lib/internal/streams/readable.js:707:22)
    at Framer.emit (node:events:519:28)
    at addChunk (/root/.openclaw/workspace/node_modules/readable-stream/lib/internal/streams/readable.js:323:12) {
  errno: -32,
  code: 'EPIPE',
  syscall: 'write'
}
[chelios2] Error: write EPIPE
[chelios2] Disconnected
[chelios2] Starting autonomous agent...
[chelios2] Waiting for spawn...
[chelios2] ✅ Spawned in world at (-210.49185878081525, 58, -203.31481590784665)
[chelios2] Connecting to Brain at ws://localhost:8767
[chelios2] ✅ Brain connected
[chelios2] Brain command: registered
Error: write EPIPE
    at afterWriteDispatched (node:internal/stream_base_commons:159:15)
    at writeGeneric (node:internal/stream_base_commons:150:3)
    at Socket._writeGeneric (node:net:966:11)
    at Socket._write (node:net:978:8)
    at writeOrBuffer (node:internal/streams/writable:572:12)
    at _write (node:internal/streams/writable:501:10)
    at Writable.write (node:internal/streams/writable:510:10)
    at Framer.ondata (/root/.openclaw/workspace/node_modules/readable-stream/lib/internal/streams/readable.js:707:22)
    at Framer.emit (node:events:519:28)
    at addChunk (/root/.openclaw/workspace/node_modules/readable-stream/lib/internal/streams/readable.js:323:12) {
  errno: -32,
  code: 'EPIPE',
  syscall: 'write'
}
[chelios2] Error: write EPIPE
[chelios2] Disconnected
[chelios2] Starting autonomous agent...
[chelios2] Waiting for spawn...
[chelios2] ✅ Spawned in world at (-210.50277261978042, 58, -202.8831513043821)
[chelios2] Connecting to Brain at ws://localhost:8767
[chelios2] ✅ Brain connected
[chelios2] Brain command: registered
[chelios2] Starting autonomous agent...
Error: write ECONNRESET
    at afterWriteDispatched (node:internal/stream_base_commons:159:15)
    at writeGeneric (node:internal/stream_base_commons:150:3)
    at Socket._writeGeneric (node:net:966:11)
    at Socket._write (node:net:978:8)
    at writeOrBuffer (node:internal/streams/writable:572:12)
    at _write (node:internal/streams/writable:501:10)
    at Writable.write (node:internal/streams/writable:510:10)
    at Framer.ondata (/root/.openclaw/workspace/node_modules/readable-stream/lib/internal/streams/readable.js:707:22)
    at Framer.emit (node:events:519:28)
    at addChunk (/root/.openclaw/workspace/node_modules/readable-stream/lib/internal/streams/readable.js:323:12) {
  errno: -104,
  code: 'ECONNRESET',
  syscall: 'write'
}
[chelios2] Error: write ECONNRESET
[chelios2] Disconnected
[chelios2] Waiting for spawn...
[chelios2] ✅ Spawned in world at (-210.7, 58, -202.10554242490562)
[chelios2] Connecting to Brain at ws://localhost:8767
[chelios2] ✅ Brain connected
[chelios2] Brain command: registered
Error: write EPIPE
    at afterWriteDispatched (node:internal/stream_base_commons:159:15)
    at writeGeneric (node:internal/stream_base_commons:150:3)
    at Socket._writeGeneric (node:net:966:11)
    at Socket._write (node:net:978:8)
    at writeOrBuffer (node:internal/streams/writable:572:12)
    at _write (node:internal/streams/writable:501:10)
    at Writable.write (node:internal/streams/writable:510:10)
    at Framer.ondata (/root/.openclaw/workspace/node_modules/readable-stream/lib/internal/streams/readable.js:707:22)
    at Framer.emit (node:events:519:28)
    at addChunk (/root/.openclaw/workspace/node_modules/readable-stream/lib/internal/streams/readable.js:323:12) {
  errno: -32,
  code: 'EPIPE',
  syscall: 'write'
}
[chelios2] Error: write EPIPE
[chelios2] Disconnected
[chelios2] Starting autonomous agent...
[chelios2] Waiting for spawn...
[chelios2] Disconnected
[chelios2] Starting autonomous agent...
[chelios2] Waiting for spawn...
[chelios2] Starting autonomous agent...
[chelios2] Waiting for spawn...
Error: write ECONNRESET
    at afterWriteDispatched (node:internal/stream_base_commons:159:15)
    at writeGeneric (node:internal/stream_base_commons:150:3)
    at Socket._writeGeneric (node:net:966:11)
    at Socket._write (node:net:978:8)
    at writeOrBuffer (node:internal/streams/writable:572:12)
    at _write (node:internal/streams/writable:501:10)
    at Writable.write (node:internal/streams/writable:510:10)
    at Framer.ondata (/root/.openclaw/workspace/node_modules/readable-stream/lib/internal/streams/readable.js:707:22)
    at Framer.emit (node:events:519:28)
    at addChunk (/root/.openclaw/workspace/node_modules/readable-stream/lib/internal/streams/readable.js:323:12) {
  errno: -104,
  code: 'ECONNRESET',
  syscall: 'write'
}
[chelios2] Error: write ECONNRESET
[chelios2] Disconnected
[chelios2] ✅ Spawned in world at (-214.6500574013377, 58, -201.5)
[chelios2] Connecting to Brain at ws://localhost:8767
[chelios2] ✅ Brain connected
[chelios2] Brain command: registered
[chelios2] Chat: aurora: Agent aurora online!
[chelios2] Chat: patricia2: Agent patricia2 online!
Error: client timed out after 30000 milliseconds
    at Timeout._onTimeout (/root/.openclaw/workspace/node_modules/minecraft-protocol/src/client/keepalive.js:18:28)
    at listOnTimeout (node:internal/timers:585:17)
    at process.processTimers (node:internal/timers:521:7)
[chelios2] Error: client timed out after 30000 milliseconds
[chelios2] Disconnected
[chelios2] Starting autonomous agent...
[chelios2] Waiting for spawn...
[chelios2] ✅ Spawned in world at (-225.3, 54, -190.48880312783217)
[chelios2] Connecting to Brain at ws://localhost:8767
[chelios2] ✅ Brain connected
[chelios2] Brain command: registered
[chelios2] Chat: patricia2: Agent patricia2 online!
Error: write EPIPE
    at afterWriteDispatched (node:internal/stream_base_commons:159:15)
    at writeGeneric (node:internal/stream_base_commons:150:3)
    at Socket._writeGeneric (node:net:966:11)
    at Socket._write (node:net:978:8)
    at writeOrBuffer (node:internal/streams/writable:572:12)
    at _write (node:internal/streams/writable:501:10)
    at Writable.write (node:internal/streams/writable:510:10)
    at Framer.ondata (/root/.openclaw/workspace/node_modules/readable-stream/lib/internal/streams/readable.js:707:22)
    at Framer.emit (node:events:519:28)
    at addChunk (/root/.openclaw/workspace/node_modules/readable-stream/lib/internal/streams/readable.js:323:12) {
  errno: -32,
  code: 'EPIPE',
  syscall: 'write'
}
[chelios2] Error: write EPIPE
[chelios2] Disconnected
[chelios2] Starting autonomous agent...
[chelios2] Waiting for spawn...
[chelios2] ✅ Spawned in world at (-226.7, 52.7531999805212, -198.05092888387657)
[chelios2] Connecting to Brain at ws://localhost:8767
[chelios2] ✅ Brain connected
[chelios2] Brain command: registered
Error: write EPIPE
    at afterWriteDispatched (node:internal/stream_base_commons:159:15)
    at writeGeneric (node:internal/stream_base_commons:150:3)
    at Socket._writeGeneric (node:net:966:11)
    at Socket._write (node:net:978:8)
    at writeOrBuffer (node:internal/streams/writable:572:12)
    at _write (node:internal/streams/writable:501:10)
    at Writable.write (node:internal/streams/writable:510:10)
    at Framer.ondata (/root/.openclaw/workspace/node_modules/readable-stream/lib/internal/streams/readable.js:707:22)
    at Framer.emit (node:events:519:28)
    at addChunk (/root/.openclaw/workspace/node_modules/readable-stream/lib/internal/streams/readable.js:323:12) {
  errno: -32,
  code: 'EPIPE',
  syscall: 'write'
}
[chelios2] Error: write EPIPE
[chelios2] Disconnected
[chelios2] Starting autonomous agent...
[chelios2] Waiting for spawn...
[chelios2] ✅ Spawned in world at (-222.67257601397898, 52, -197.52240232495154)
[chelios2] Connecting to Brain at ws://localhost:8767
[chelios2] ✅ Brain connected
[chelios2] Brain command: registered
Error: client timed out after 30000 milliseconds
    at Timeout._onTimeout (/root/.openclaw/workspace/node_modules/minecraft-protocol/src/client/keepalive.js:18:28)
    at listOnTimeout (node:internal/timers:585:17)
    at process.processTimers (node:internal/timers:521:7)
[chelios2] Error: client timed out after 30000 milliseconds
[chelios2] Disconnected
[chelios2] Starting autonomous agent...
[chelios2] Waiting for spawn...
[chelios2] Chat: patricia: Agent patricia online!
[chelios2] ✅ Spawned in world at (-226.48856456330725, 50, -210.5)
[chelios2] Connecting to Brain at ws://localhost:8767
[chelios2] ✅ Brain connected
[chelios2] Brain command: registered
Error: client timed out after 30000 milliseconds
    at Timeout._onTimeout (/root/.openclaw/workspace/node_modules/minecraft-protocol/src/client/keepalive.js:18:28)
    at listOnTimeout (node:internal/timers:585:17)
    at process.processTimers (node:internal/timers:521:7)
[chelios2] Error: client timed out after 30000 milliseconds
[chelios2] Disconnected
[chelios2] Starting autonomous agent...
[chelios2] Waiting for spawn...
[chelios2] ✅ Spawned in world at (-226.48856456330725, 50, -210.5)
[chelios2] Connecting to Brain at ws://localhost:8767
[chelios2] Chat: chelios: Agent chelios online!
[chelios2] ✅ Brain connected
[chelios2] Brain command: registered
Error: write EPIPE
    at afterWriteDispatched (node:internal/stream_base_commons:159:15)
    at writeGeneric (node:internal/stream_base_commons:150:3)
    at Socket._writeGeneric (node:net:966:11)
    at Socket._write (node:net:978:8)
    at writeOrBuffer (node:internal/streams/writable:572:12)
    at _write (node:internal/streams/writable:501:10)
    at Writable.write (node:internal/streams/writable:510:10)
    at Framer.ondata (/root/.openclaw/workspace/node_modules/readable-stream/lib/internal/streams/readable.js:707:22)
    at Framer.emit (node:events:519:28)
    at addChunk (/root/.openclaw/workspace/node_modules/readable-stream/lib/internal/streams/readable.js:323:12) {
  errno: -32,
  code: 'EPIPE',
  syscall: 'write'
}
[chelios2] Error: write EPIPE
[chelios2] Disconnected
[chelios2] Starting autonomous agent...
[chelios2] Waiting for spawn...
[chelios2] Starting autonomous agent...
[chelios2] Waiting for spawn...
[chelios2] Disconnected
[chelios2] Starting autonomous agent...
[chelios2] Waiting for spawn...
[chelios2] Disconnected
[chelios2] Starting autonomous agent...
[chelios2] Waiting for spawn...
[chelios2] Disconnected
[chelios2] Starting autonomous agent...
[chelios2] Waiting for spawn...
[chelios2] Disconnected
[chelios2] Starting autonomous agent...
[chelios2] Waiting for spawn...
[chelios2] Disconnected
[chelios2] Starting autonomous agent...
[chelios2] Waiting for spawn...
[chelios2] Disconnected
[chelios2] Starting autonomous agent...
[chelios2] Waiting for spawn...
[chelios2] Disconnected
[chelios2] Starting autonomous agent...
[chelios2] Waiting for spawn...
[chelios2] Disconnected
[chelios2] Starting autonomous agent...
[chelios2] Waiting for spawn...
[chelios2] Disconnected
[chelios2] Starting autonomous agent...
[chelios2] Waiting for spawn...
[chelios2] Disconnected
[chelios2] Starting autonomous agent...
[chelios2] Waiting for spawn...
[chelios2] Disconnected
[chelios2] Starting autonomous agent...
[chelios2] Waiting for spawn...
[chelios2] Disconnected
[chelios2] Starting autonomous agent...
[chelios2] Waiting for spawn...
[chelios2] Disconnected
[chelios2] Starting autonomous agent...
[chelios2] Waiting for spawn...
[chelios2] Disconnected
[chelios2] Starting autonomous agent...
[chelios2] Waiting for spawn...
[chelios2] Disconnected
[chelios2] Starting autonomous agent...
[chelios2] Waiting for spawn...
[chelios2] Disconnected
[chelios2] Starting autonomous agent...
[chelios2] Waiting for spawn...
[chelios2] Disconnected
[chelios2] Starting autonomous agent...
[chelios2] Waiting for spawn...
[chelios2] Disconnected
