[chelios] Starting autonomous agent...
[chelios] Waiting for spawn...
AggregateError [ECONNREFUSED]: 
    at internalConnectMultiple (node:net:1134:18)
    at afterConnectMultiple (node:net:1715:7) {
  code: 'ECONNREFUSED',
  [errors]: [
    Error: connect ECONNREFUSED ::1:25566
        at createConnectionError (node:net:1678:14)
        at afterConnectMultiple (node:net:1708:16) {
      errno: -111,
      code: 'ECONNREFUSED',
      syscall: 'connect',
      address: '::1',
      port: 25566
    },
    Error: connect ECONNREFUSED 127.0.0.1:25566
        at createConnectionError (node:net:1678:14)
        at afterConnectMultiple (node:net:1708:16) {
      errno: -111,
      code: 'ECONNREFUSED',
      syscall: 'connect',
      address: '127.0.0.1',
      port: 25566
    }
  ]
}
[chelios] Error: 
[chelios] Disconnected
[chelios] Starting autonomous agent...
[chelios] Waiting for spawn...
AggregateError [ECONNREFUSED]: 
    at internalConnectMultiple (node:net:1134:18)
    at afterConnectMultiple (node:net:1715:7) {
  code: 'ECONNREFUSED',
  [errors]: [
    Error: connect ECONNREFUSED ::1:25566
        at createConnectionError (node:net:1678:14)
        at afterConnectMultiple (node:net:1708:16) {
      errno: -111,
      code: 'ECONNREFUSED',
      syscall: 'connect',
      address: '::1',
      port: 25566
    },
    Error: connect ECONNREFUSED 127.0.0.1:25566
        at createConnectionError (node:net:1678:14)
        at afterConnectMultiple (node:net:1708:16) {
      errno: -111,
      code: 'ECONNREFUSED',
      syscall: 'connect',
      address: '127.0.0.1',
      port: 25566
    }
  ]
}
[chelios] Error: 
[chelios] Disconnected
[chelios] Starting autonomous agent...
[chelios] Waiting for spawn...
AggregateError [ECONNREFUSED]: 
    at internalConnectMultiple (node:net:1134:18)
    at afterConnectMultiple (node:net:1715:7) {
  code: 'ECONNREFUSED',
  [errors]: [
    Error: connect ECONNREFUSED ::1:25566
        at createConnectionError (node:net:1678:14)
        at afterConnectMultiple (node:net:1708:16) {
      errno: -111,
      code: 'ECONNREFUSED',
      syscall: 'connect',
      address: '::1',
      port: 25566
    },
    Error: connect ECONNREFUSED 127.0.0.1:25566
        at createConnectionError (node:net:1678:14)
        at afterConnectMultiple (node:net:1708:16) {
      errno: -111,
      code: 'ECONNREFUSED',
      syscall: 'connect',
      address: '127.0.0.1',
      port: 25566
    }
  ]
}
[chelios] Error: 
[chelios] Disconnected
[chelios] Starting autonomous agent...
[chelios] Waiting for spawn...
AggregateError [ECONNREFUSED]: 
    at internalConnectMultiple (node:net:1134:18)
    at afterConnectMultiple (node:net:1715:7) {
  code: 'ECONNREFUSED',
  [errors]: [
    Error: connect ECONNREFUSED ::1:25566
        at createConnectionError (node:net:1678:14)
        at afterConnectMultiple (node:net:1708:16) {
      errno: -111,
      code: 'ECONNREFUSED',
      syscall: 'connect',
      address: '::1',
      port: 25566
    },
    Error: connect ECONNREFUSED 127.0.0.1:25566
        at createConnectionError (node:net:1678:14)
        at afterConnectMultiple (node:net:1708:16) {
      errno: -111,
      code: 'ECONNREFUSED',
      syscall: 'connect',
      address: '127.0.0.1',
      port: 25566
    }
  ]
}
[chelios] Error: 
[chelios] Disconnected
[chelios] Starting autonomous agent...
[chelios] Waiting for spawn...
AggregateError [ECONNREFUSED]: 
    at internalConnectMultiple (node:net:1134:18)
    at afterConnectMultiple (node:net:1715:7) {
  code: 'ECONNREFUSED',
  [errors]: [
    Error: connect ECONNREFUSED ::1:25566
        at createConnectionError (node:net:1678:14)
        at afterConnectMultiple (node:net:1708:16) {
      errno: -111,
      code: 'ECONNREFUSED',
      syscall: 'connect',
      address: '::1',
      port: 25566
    },
    Error: connect ECONNREFUSED 127.0.0.1:25566
        at createConnectionError (node:net:1678:14)
        at afterConnectMultiple (node:net:1708:16) {
      errno: -111,
      code: 'ECONNREFUSED',
      syscall: 'connect',
      address: '127.0.0.1',
      port: 25566
    }
  ]
}
[chelios] Error: 
[chelios] Disconnected
[chelios] Starting autonomous agent...
[chelios] Waiting for spawn...
AggregateError [ECONNREFUSED]: 
    at internalConnectMultiple (node:net:1134:18)
    at afterConnectMultiple (node:net:1715:7) {
  code: 'ECONNREFUSED',
  [errors]: [
    Error: connect ECONNREFUSED ::1:25566
        at createConnectionError (node:net:1678:14)
        at afterConnectMultiple (node:net:1708:16) {
      errno: -111,
      code: 'ECONNREFUSED',
      syscall: 'connect',
      address: '::1',
      port: 25566
    },
    Error: connect ECONNREFUSED 127.0.0.1:25566
        at createConnectionError (node:net:1678:14)
        at afterConnectMultiple (node:net:1708:16) {
      errno: -111,
      code: 'ECONNREFUSED',
      syscall: 'connect',
      address: '127.0.0.1',
      port: 25566
    }
  ]
}
[chelios] Error: 
[chelios] Disconnected
[chelios] Starting autonomous agent...
[chelios] Waiting for spawn...
AggregateError [ECONNREFUSED]: 
    at internalConnectMultiple (node:net:1134:18)
    at afterConnectMultiple (node:net:1715:7) {
  code: 'ECONNREFUSED',
  [errors]: [
    Error: connect ECONNREFUSED ::1:25566
        at createConnectionError (node:net:1678:14)
        at afterConnectMultiple (node:net:1708:16) {
      errno: -111,
      code: 'ECONNREFUSED',
      syscall: 'connect',
      address: '::1',
      port: 25566
    },
    Error: connect ECONNREFUSED 127.0.0.1:25566
        at createConnectionError (node:net:1678:14)
        at afterConnectMultiple (node:net:1708:16) {
      errno: -111,
      code: 'ECONNREFUSED',
      syscall: 'connect',
      address: '127.0.0.1',
      port: 25566
    }
  ]
}
[chelios] Error: 
[chelios] Disconnected
[chelios] Starting autonomous agent...
[chelios] Waiting for spawn...
AggregateError [ECONNREFUSED]: 
    at internalConnectMultiple (node:net:1134:18)
    at afterConnectMultiple (node:net:1715:7) {
  code: 'ECONNREFUSED',
  [errors]: [
    Error: connect ECONNREFUSED ::1:25566
        at createConnectionError (node:net:1678:14)
        at afterConnectMultiple (node:net:1708:16) {
      errno: -111,
      code: 'ECONNREFUSED',
      syscall: 'connect',
      address: '::1',
      port: 25566
    },
    Error: connect ECONNREFUSED 127.0.0.1:25566
        at createConnectionError (node:net:1678:14)
        at afterConnectMultiple (node:net:1708:16) {
      errno: -111,
      code: 'ECONNREFUSED',
      syscall: 'connect',
      address: '127.0.0.1',
      port: 25566
    }
  ]
}
[chelios] Error: 
[chelios] Disconnected
[chelios] Starting autonomous agent...
[chelios] Waiting for spawn...
AggregateError [ECONNREFUSED]: 
    at internalConnectMultiple (node:net:1134:18)
    at afterConnectMultiple (node:net:1715:7) {
  code: 'ECONNREFUSED',
  [errors]: [
    Error: connect ECONNREFUSED ::1:25566
        at createConnectionError (node:net:1678:14)
        at afterConnectMultiple (node:net:1708:16) {
      errno: -111,
      code: 'ECONNREFUSED',
      syscall: 'connect',
      address: '::1',
      port: 25566
    },
    Error: connect ECONNREFUSED 127.0.0.1:25566
        at createConnectionError (node:net:1678:14)
        at afterConnectMultiple (node:net:1708:16) {
      errno: -111,
      code: 'ECONNREFUSED',
      syscall: 'connect',
      address: '127.0.0.1',
      port: 25566
    }
  ]
}
[chelios] Error: 
[chelios] Disconnected
[chelios] Starting autonomous agent...
[chelios] Waiting for spawn...
AggregateError [ECONNREFUSED]: 
    at internalConnectMultiple (node:net:1134:18)
    at afterConnectMultiple (node:net:1715:7) {
  code: 'ECONNREFUSED',
  [errors]: [
    Error: connect ECONNREFUSED ::1:25566
        at createConnectionError (node:net:1678:14)
        at afterConnectMultiple (node:net:1708:16) {
      errno: -111,
      code: 'ECONNREFUSED',
      syscall: 'connect',
      address: '::1',
      port: 25566
    },
    Error: connect ECONNREFUSED 127.0.0.1:25566
        at createConnectionError (node:net:1678:14)
        at afterConnectMultiple (node:net:1708:16) {
      errno: -111,
      code: 'ECONNREFUSED',
      syscall: 'connect',
      address: '127.0.0.1',
      port: 25566
    }
  ]
}
[chelios] Error: 
[chelios] Disconnected
[chelios] Starting autonomous agent...
[chelios] Starting autonomous agent...
[chelios] Waiting for spawn...
[chelios] Waiting for spawn...
AggregateError [ECONNREFUSED]: 
    at internalConnectMultiple (node:net:1134:18)
    at afterConnectMultiple (node:net:1715:7) {
  code: 'ECONNREFUSED',
  [errors]: [
    Error: connect ECONNREFUSED ::1:25566
        at createConnectionError (node:net:1678:14)
        at afterConnectMultiple (node:net:1708:16) {
      errno: -111,
      code: 'ECONNREFUSED',
      syscall: 'connect',
      address: '::1',
      port: 25566
    },
    Error: connect ECONNREFUSED 127.0.0.1:25566
        at createConnectionError (node:net:1678:14)
        at afterConnectMultiple (node:net:1708:16) {
      errno: -111,
      code: 'ECONNREFUSED',
      syscall: 'connect',
      address: '127.0.0.1',
      port: 25566
    }
  ]
}
[chelios] Error: 
[chelios] Disconnected
AggregateError [ECONNREFUSED]: 
    at internalConnectMultiple (node:net:1134:18)
    at afterConnectMultiple (node:net:1715:7) {
  code: 'ECONNREFUSED',
  [errors]: [
    Error: connect ECONNREFUSED ::1:25566
        at createConnectionError (node:net:1678:14)
        at afterConnectMultiple (node:net:1708:16) {
      errno: -111,
      code: 'ECONNREFUSED',
      syscall: 'connect',
      address: '::1',
      port: 25566
    },
    Error: connect ECONNREFUSED 127.0.0.1:25566
        at createConnectionError (node:net:1678:14)
        at afterConnectMultiple (node:net:1708:16) {
      errno: -111,
      code: 'ECONNREFUSED',
      syscall: 'connect',
      address: '127.0.0.1',
      port: 25566
    }
  ]
}
[chelios] Error: 
[chelios] Disconnected
[chelios] Starting autonomous agent...
[chelios] Waiting for spawn...
[chelios] Starting autonomous agent...
AggregateError [ECONNREFUSED]: 
    at internalConnectMultiple (node:net:1134:18)
    at afterConnectMultiple (node:net:1715:7) {
  code: 'ECONNREFUSED',
  [errors]: [
    Error: connect ECONNREFUSED ::1:25566
        at createConnectionError (node:net:1678:14)
        at afterConnectMultiple (node:net:1708:16) {
      errno: -111,
      code: 'ECONNREFUSED',
      syscall: 'connect',
      address: '::1',
      port: 25566
    },
    Error: connect ECONNREFUSED 127.0.0.1:25566
        at createConnectionError (node:net:1678:14)
        at afterConnectMultiple (node:net:1708:16) {
      errno: -111,
      code: 'ECONNREFUSED',
      syscall: 'connect',
      address: '127.0.0.1',
      port: 25566
    }
  ]
}
[chelios] Error: 
[chelios] Disconnected
[chelios] Waiting for spawn...
AggregateError [ECONNREFUSED]: 
    at internalConnectMultiple (node:net:1134:18)
    at afterConnectMultiple (node:net:1715:7) {
  code: 'ECONNREFUSED',
  [errors]: [
    Error: connect ECONNREFUSED ::1:25566
        at createConnectionError (node:net:1678:14)
        at afterConnectMultiple (node:net:1708:16) {
      errno: -111,
      code: 'ECONNREFUSED',
      syscall: 'connect',
      address: '::1',
      port: 25566
    },
    Error: connect ECONNREFUSED 127.0.0.1:25566
        at createConnectionError (node:net:1678:14)
        at afterConnectMultiple (node:net:1708:16) {
      errno: -111,
      code: 'ECONNREFUSED',
      syscall: 'connect',
      address: '127.0.0.1',
      port: 25566
    }
  ]
}
[chelios] Error: 
[chelios] Disconnected
[chelios] Starting autonomous agent...
[chelios] Waiting for spawn...
AggregateError [ECONNREFUSED]: 
    at internalConnectMultiple (node:net:1134:18)
    at afterConnectMultiple (node:net:1715:7) {
  code: 'ECONNREFUSED',
  [errors]: [
    Error: connect ECONNREFUSED ::1:25566
        at createConnectionError (node:net:1678:14)
        at afterConnectMultiple (node:net:1708:16) {
      errno: -111,
      code: 'ECONNREFUSED',
      syscall: 'connect',
      address: '::1',
      port: 25566
    },
    Error: connect ECONNREFUSED 127.0.0.1:25566
        at createConnectionError (node:net:1678:14)
        at afterConnectMultiple (node:net:1708:16) {
      errno: -111,
      code: 'ECONNREFUSED',
      syscall: 'connect',
      address: '127.0.0.1',
      port: 25566
    }
  ]
}
[chelios] Error: 
[chelios] Disconnected
[chelios] Starting autonomous agent...
[chelios] Waiting for spawn...
AggregateError [ECONNREFUSED]: 
    at internalConnectMultiple (node:net:1134:18)
    at afterConnectMultiple (node:net:1715:7) {
  code: 'ECONNREFUSED',
  [errors]: [
    Error: connect ECONNREFUSED ::1:25566
        at createConnectionError (node:net:1678:14)
        at afterConnectMultiple (node:net:1708:16) {
      errno: -111,
      code: 'ECONNREFUSED',
      syscall: 'connect',
      address: '::1',
      port: 25566
    },
    Error: connect ECONNREFUSED 127.0.0.1:25566
        at createConnectionError (node:net:1678:14)
        at afterConnectMultiple (node:net:1708:16) {
      errno: -111,
      code: 'ECONNREFUSED',
      syscall: 'connect',
      address: '127.0.0.1',
      port: 25566
    }
  ]
}
[chelios] Error: 
[chelios] Disconnected
[chelios] Starting autonomous agent...
[chelios] Waiting for spawn...
AggregateError [ECONNREFUSED]: 
    at internalConnectMultiple (node:net:1134:18)
    at afterConnectMultiple (node:net:1715:7) {
  code: 'ECONNREFUSED',
  [errors]: [
    Error: connect ECONNREFUSED ::1:25566
        at createConnectionError (node:net:1678:14)
        at afterConnectMultiple (node:net:1708:16) {
      errno: -111,
      code: 'ECONNREFUSED',
      syscall: 'connect',
      address: '::1',
      port: 25566
    },
    Error: connect ECONNREFUSED 127.0.0.1:25566
        at createConnectionError (node:net:1678:14)
        at afterConnectMultiple (node:net:1708:16) {
      errno: -111,
      code: 'ECONNREFUSED',
      syscall: 'connect',
      address: '127.0.0.1',
      port: 25566
    }
  ]
}
[chelios] Error: 
[chelios] Disconnected
[chelios] Starting autonomous agent...
[chelios] Waiting for spawn...
AggregateError [ECONNREFUSED]: 
    at internalConnectMultiple (node:net:1134:18)
    at afterConnectMultiple (node:net:1715:7) {
  code: 'ECONNREFUSED',
  [errors]: [
    Error: connect ECONNREFUSED ::1:25566
        at createConnectionError (node:net:1678:14)
        at afterConnectMultiple (node:net:1708:16) {
      errno: -111,
      code: 'ECONNREFUSED',
      syscall: 'connect',
      address: '::1',
      port: 25566
    },
    Error: connect ECONNREFUSED 127.0.0.1:25566
        at createConnectionError (node:net:1678:14)
        at afterConnectMultiple (node:net:1708:16) {
      errno: -111,
      code: 'ECONNREFUSED',
      syscall: 'connect',
      address: '127.0.0.1',
      port: 25566
    }
  ]
}
[chelios] Error: 
[chelios] Disconnected
[chelios] Starting autonomous agent...
[chelios] Waiting for spawn...
AggregateError [ECONNREFUSED]: 
    at internalConnectMultiple (node:net:1134:18)
    at afterConnectMultiple (node:net:1715:7) {
  code: 'ECONNREFUSED',
  [errors]: [
    Error: connect ECONNREFUSED ::1:25566
        at createConnectionError (node:net:1678:14)
        at afterConnectMultiple (node:net:1708:16) {
      errno: -111,
      code: 'ECONNREFUSED',
      syscall: 'connect',
      address: '::1',
      port: 25566
    },
    Error: connect ECONNREFUSED 127.0.0.1:25566
        at createConnectionError (node:net:1678:14)
        at afterConnectMultiple (node:net:1708:16) {
      errno: -111,
      code: 'ECONNREFUSED',
      syscall: 'connect',
      address: '127.0.0.1',
      port: 25566
    }
  ]
}
[chelios] Error: 
[chelios] Disconnected
[chelios] Starting autonomous agent...
[chelios] Waiting for spawn...
AggregateError [ECONNREFUSED]: 
    at internalConnectMultiple (node:net:1134:18)
    at afterConnectMultiple (node:net:1715:7) {
  code: 'ECONNREFUSED',
  [errors]: [
    Error: connect ECONNREFUSED ::1:25566
        at createConnectionError (node:net:1678:14)
        at afterConnectMultiple (node:net:1708:16) {
      errno: -111,
      code: 'ECONNREFUSED',
      syscall: 'connect',
      address: '::1',
      port: 25566
    },
    Error: connect ECONNREFUSED 127.0.0.1:25566
        at createConnectionError (node:net:1678:14)
        at afterConnectMultiple (node:net:1708:16) {
      errno: -111,
      code: 'ECONNREFUSED',
      syscall: 'connect',
      address: '127.0.0.1',
      port: 25566
    }
  ]
}
[chelios] Error: 
[chelios] Disconnected
[chelios] Starting autonomous agent...
[chelios] Waiting for spawn...
AggregateError [ECONNREFUSED]: 
    at internalConnectMultiple (node:net:1134:18)
    at afterConnectMultiple (node:net:1715:7) {
  code: 'ECONNREFUSED',
  [errors]: [
    Error: connect ECONNREFUSED ::1:25566
        at createConnectionError (node:net:1678:14)
        at afterConnectMultiple (node:net:1708:16) {
      errno: -111,
      code: 'ECONNREFUSED',
      syscall: 'connect',
      address: '::1',
      port: 25566
    },
    Error: connect ECONNREFUSED 127.0.0.1:25566
        at createConnectionError (node:net:1678:14)
        at afterConnectMultiple (node:net:1708:16) {
      errno: -111,
      code: 'ECONNREFUSED',
      syscall: 'connect',
      address: '127.0.0.1',
      port: 25566
    }
  ]
}
[chelios] Error: 
[chelios] Disconnected
[chelios] Starting autonomous agent...
[chelios] Waiting for spawn...
AggregateError [ECONNREFUSED]: 
    at internalConnectMultiple (node:net:1134:18)
    at afterConnectMultiple (node:net:1715:7) {
  code: 'ECONNREFUSED',
  [errors]: [
    Error: connect ECONNREFUSED ::1:25566
        at createConnectionError (node:net:1678:14)
        at afterConnectMultiple (node:net:1708:16) {
      errno: -111,
      code: 'ECONNREFUSED',
      syscall: 'connect',
      address: '::1',
      port: 25566
    },
    Error: connect ECONNREFUSED 127.0.0.1:25566
        at createConnectionError (node:net:1678:14)
        at afterConnectMultiple (node:net:1708:16) {
      errno: -111,
      code: 'ECONNREFUSED',
      syscall: 'connect',
      address: '127.0.0.1',
      port: 25566
    }
  ]
}
[chelios] Error: 
[chelios] Disconnected
[chelios] Starting autonomous agent...
[chelios] Waiting for spawn...
AggregateError [ECONNREFUSED]: 
    at internalConnectMultiple (node:net:1134:18)
    at afterConnectMultiple (node:net:1715:7) {
  code: 'ECONNREFUSED',
  [errors]: [
    Error: connect ECONNREFUSED ::1:25566
        at createConnectionError (node:net:1678:14)
        at afterConnectMultiple (node:net:1708:16) {
      errno: -111,
      code: 'ECONNREFUSED',
      syscall: 'connect',
      address: '::1',
      port: 25566
    },
    Error: connect ECONNREFUSED 127.0.0.1:25566
        at createConnectionError (node:net:1678:14)
        at afterConnectMultiple (node:net:1708:16) {
      errno: -111,
      code: 'ECONNREFUSED',
      syscall: 'connect',
      address: '127.0.0.1',
      port: 25566
    }
  ]
}
[chelios] Error: 
[chelios] Disconnected
[chelios] Starting autonomous agent...
[chelios] Waiting for spawn...
AggregateError [ECONNREFUSED]: 
    at internalConnectMultiple (node:net:1134:18)
    at afterConnectMultiple (node:net:1715:7) {
  code: 'ECONNREFUSED',
  [errors]: [
    Error: connect ECONNREFUSED ::1:25566
        at createConnectionError (node:net:1678:14)
        at afterConnectMultiple (node:net:1708:16) {
      errno: -111,
      code: 'ECONNREFUSED',
      syscall: 'connect',
      address: '::1',
      port: 25566
    },
    Error: connect ECONNREFUSED 127.0.0.1:25566
        at createConnectionError (node:net:1678:14)
        at afterConnectMultiple (node:net:1708:16) {
      errno: -111,
      code: 'ECONNREFUSED',
      syscall: 'connect',
      address: '127.0.0.1',
      port: 25566
    }
  ]
}
[chelios] Error: 
[chelios] Disconnected
[chelios] Starting autonomous agent...
[chelios] Waiting for spawn...
AggregateError [ECONNREFUSED]: 
    at internalConnectMultiple (node:net:1134:18)
    at afterConnectMultiple (node:net:1715:7) {
  code: 'ECONNREFUSED',
  [errors]: [
    Error: connect ECONNREFUSED ::1:25566
        at createConnectionError (node:net:1678:14)
        at afterConnectMultiple (node:net:1708:16) {
      errno: -111,
      code: 'ECONNREFUSED',
      syscall: 'connect',
      address: '::1',
      port: 25566
    },
    Error: connect ECONNREFUSED 127.0.0.1:25566
        at createConnectionError (node:net:1678:14)
        at afterConnectMultiple (node:net:1708:16) {
      errno: -111,
      code: 'ECONNREFUSED',
      syscall: 'connect',
      address: '127.0.0.1',
      port: 25566
    }
  ]
}
[chelios] Error: 
[chelios] Disconnected
[chelios] Starting autonomous agent...
[chelios] Waiting for spawn...
AggregateError [ECONNREFUSED]: 
    at internalConnectMultiple (node:net:1134:18)
    at afterConnectMultiple (node:net:1715:7) {
  code: 'ECONNREFUSED',
  [errors]: [
    Error: connect ECONNREFUSED ::1:25566
        at createConnectionError (node:net:1678:14)
        at afterConnectMultiple (node:net:1708:16) {
      errno: -111,
      code: 'ECONNREFUSED',
      syscall: 'connect',
      address: '::1',
      port: 25566
    },
    Error: connect ECONNREFUSED 127.0.0.1:25566
        at createConnectionError (node:net:1678:14)
        at afterConnectMultiple (node:net:1708:16) {
      errno: -111,
      code: 'ECONNREFUSED',
      syscall: 'connect',
      address: '127.0.0.1',
      port: 25566
    }
  ]
}
[chelios] Error: 
[chelios] Disconnected
[chelios] Starting autonomous agent...
[chelios] Waiting for spawn...
AggregateError [ECONNREFUSED]: 
    at internalConnectMultiple (node:net:1134:18)
    at afterConnectMultiple (node:net:1715:7) {
  code: 'ECONNREFUSED',
  [errors]: [
    Error: connect ECONNREFUSED ::1:25566
        at createConnectionError (node:net:1678:14)
        at afterConnectMultiple (node:net:1708:16) {
      errno: -111,
      code: 'ECONNREFUSED',
      syscall: 'connect',
      address: '::1',
      port: 25566
    },
    Error: connect ECONNREFUSED 127.0.0.1:25566
        at createConnectionError (node:net:1678:14)
        at afterConnectMultiple (node:net:1708:16) {
      errno: -111,
      code: 'ECONNREFUSED',
      syscall: 'connect',
      address: '127.0.0.1',
      port: 25566
    }
  ]
}
[chelios] Error: 
[chelios] Disconnected
[chelios] Starting autonomous agent...
[chelios] Waiting for spawn...
AggregateError [ECONNREFUSED]: 
    at internalConnectMultiple (node:net:1134:18)
    at afterConnectMultiple (node:net:1715:7) {
  code: 'ECONNREFUSED',
  [errors]: [
    Error: connect ECONNREFUSED ::1:25566
        at createConnectionError (node:net:1678:14)
        at afterConnectMultiple (node:net:1708:16) {
      errno: -111,
      code: 'ECONNREFUSED',
      syscall: 'connect',
      address: '::1',
      port: 25566
    },
    Error: connect ECONNREFUSED 127.0.0.1:25566
        at createConnectionError (node:net:1678:14)
        at afterConnectMultiple (node:net:1708:16) {
      errno: -111,
      code: 'ECONNREFUSED',
      syscall: 'connect',
      address: '127.0.0.1',
      port: 25566
    }
  ]
}
[chelios] Error: 
[chelios] Disconnected
[chelios] Starting autonomous agent...
[chelios] Waiting for spawn...
AggregateError [ECONNREFUSED]: 
    at internalConnectMultiple (node:net:1134:18)
    at afterConnectMultiple (node:net:1715:7) {
  code: 'ECONNREFUSED',
  [errors]: [
    Error: connect ECONNREFUSED ::1:25566
        at createConnectionError (node:net:1678:14)
        at afterConnectMultiple (node:net:1708:16) {
      errno: -111,
      code: 'ECONNREFUSED',
      syscall: 'connect',
      address: '::1',
      port: 25566
    },
    Error: connect ECONNREFUSED 127.0.0.1:25566
        at createConnectionError (node:net:1678:14)
        at afterConnectMultiple (node:net:1708:16) {
      errno: -111,
      code: 'ECONNREFUSED',
      syscall: 'connect',
      address: '127.0.0.1',
      port: 25566
    }
  ]
}
[chelios] Error: 
[chelios] Disconnected
[chelios] Starting autonomous agent...
[chelios] Waiting for spawn...
AggregateError [ECONNREFUSED]: 
    at internalConnectMultiple (node:net:1134:18)
    at afterConnectMultiple (node:net:1715:7) {
  code: 'ECONNREFUSED',
  [errors]: [
    Error: connect ECONNREFUSED ::1:25566
        at createConnectionError (node:net:1678:14)
        at afterConnectMultiple (node:net:1708:16) {
      errno: -111,
      code: 'ECONNREFUSED',
      syscall: 'connect',
      address: '::1',
      port: 25566
    },
    Error: connect ECONNREFUSED 127.0.0.1:25566
        at createConnectionError (node:net:1678:14)
        at afterConnectMultiple (node:net:1708:16) {
      errno: -111,
      code: 'ECONNREFUSED',
      syscall: 'connect',
      address: '127.0.0.1',
      port: 25566
    }
  ]
}
[chelios] Error: 
[chelios] Disconnected
[chelios] Starting autonomous agent...
[chelios] Waiting for spawn...
AggregateError [ECONNREFUSED]: 
    at internalConnectMultiple (node:net:1134:18)
    at afterConnectMultiple (node:net:1715:7) {
  code: 'ECONNREFUSED',
  [errors]: [
    Error: connect ECONNREFUSED ::1:25566
        at createConnectionError (node:net:1678:14)
        at afterConnectMultiple (node:net:1708:16) {
      errno: -111,
      code: 'ECONNREFUSED',
      syscall: 'connect',
      address: '::1',
      port: 25566
    },
    Error: connect ECONNREFUSED 127.0.0.1:25566
        at createConnectionError (node:net:1678:14)
        at afterConnectMultiple (node:net:1708:16) {
      errno: -111,
      code: 'ECONNREFUSED',
      syscall: 'connect',
      address: '127.0.0.1',
      port: 25566
    }
  ]
}
[chelios] Error: 
[chelios] Disconnected
[chelios] Starting autonomous agent...
[chelios] Waiting for spawn...
AggregateError [ETIMEDOUT]: 
    at internalConnectMultiple (node:net:1134:18)
    at afterConnectMultiple (node:net:1715:7) {
  code: 'ETIMEDOUT',
  [errors]: [
    Error: connect ETIMEDOUT ::1:25566
        at createConnectionError (node:net:1678:14)
        at Timeout.internalConnectMultipleTimeout (node:net:1737:38)
        at listOnTimeout (node:internal/timers:587:11)
        at process.processTimers (node:internal/timers:521:7) {
      errno: -110,
      code: 'ETIMEDOUT',
      syscall: 'connect',
      address: '::1',
      port: 25566
    },
    Error: connect ECONNREFUSED 127.0.0.1:25566
        at createConnectionError (node:net:1678:14)
        at afterConnectMultiple (node:net:1708:16) {
      errno: -111,
      code: 'ECONNREFUSED',
      syscall: 'connect',
      address: '127.0.0.1',
      port: 25566
    }
  ]
}
[chelios] Error: 
[chelios] Disconnected
[chelios] Starting autonomous agent...
[chelios] Waiting for spawn...
AggregateError [ECONNREFUSED]: 
    at internalConnectMultiple (node:net:1134:18)
    at afterConnectMultiple (node:net:1715:7) {
  code: 'ECONNREFUSED',
  [errors]: [
    Error: connect ECONNREFUSED ::1:25566
        at createConnectionError (node:net:1678:14)
        at afterConnectMultiple (node:net:1708:16) {
      errno: -111,
      code: 'ECONNREFUSED',
      syscall: 'connect',
      address: '::1',
      port: 25566
    },
    Error: connect ECONNREFUSED 127.0.0.1:25566
        at createConnectionError (node:net:1678:14)
        at afterConnectMultiple (node:net:1708:16) {
      errno: -111,
      code: 'ECONNREFUSED',
      syscall: 'connect',
      address: '127.0.0.1',
      port: 25566
    }
  ]
}
[chelios] Error: 
[chelios] Disconnected
[chelios] Starting autonomous agent...
[chelios] Waiting for spawn...
AggregateError [ECONNREFUSED]: 
    at internalConnectMultiple (node:net:1134:18)
    at afterConnectMultiple (node:net:1715:7) {
  code: 'ECONNREFUSED',
  [errors]: [
    Error: connect ECONNREFUSED ::1:25566
        at createConnectionError (node:net:1678:14)
        at afterConnectMultiple (node:net:1708:16) {
      errno: -111,
      code: 'ECONNREFUSED',
      syscall: 'connect',
      address: '::1',
      port: 25566
    },
    Error: connect ECONNREFUSED 127.0.0.1:25566
        at createConnectionError (node:net:1678:14)
        at afterConnectMultiple (node:net:1708:16) {
      errno: -111,
      code: 'ECONNREFUSED',
      syscall: 'connect',
      address: '127.0.0.1',
      port: 25566
    }
  ]
}
[chelios] Error: 
[chelios] Disconnected
[chelios] Starting autonomous agent...
[chelios] Waiting for spawn...
AggregateError [ECONNREFUSED]: 
    at internalConnectMultiple (node:net:1134:18)
    at afterConnectMultiple (node:net:1715:7) {
  code: 'ECONNREFUSED',
  [errors]: [
    Error: connect ECONNREFUSED ::1:25566
        at createConnectionError (node:net:1678:14)
        at afterConnectMultiple (node:net:1708:16) {
      errno: -111,
      code: 'ECONNREFUSED',
      syscall: 'connect',
      address: '::1',
      port: 25566
    },
    Error: connect ECONNREFUSED 127.0.0.1:25566
        at createConnectionError (node:net:1678:14)
        at afterConnectMultiple (node:net:1708:16) {
      errno: -111,
      code: 'ECONNREFUSED',
      syscall: 'connect',
      address: '127.0.0.1',
      port: 25566
    }
  ]
}
[chelios] Error: 
[chelios] Disconnected
[chelios] Starting autonomous agent...
[chelios] Waiting for spawn...
AggregateError [ECONNREFUSED]: 
    at internalConnectMultiple (node:net:1134:18)
    at afterConnectMultiple (node:net:1715:7) {
  code: 'ECONNREFUSED',
  [errors]: [
    Error: connect ECONNREFUSED ::1:25566
        at createConnectionError (node:net:1678:14)
        at afterConnectMultiple (node:net:1708:16) {
      errno: -111,
      code: 'ECONNREFUSED',
      syscall: 'connect',
      address: '::1',
      port: 25566
    },
    Error: connect ECONNREFUSED 127.0.0.1:25566
        at createConnectionError (node:net:1678:14)
        at afterConnectMultiple (node:net:1708:16) {
      errno: -111,
      code: 'ECONNREFUSED',
      syscall: 'connect',
      address: '127.0.0.1',
      port: 25566
    }
  ]
}
[chelios] Error: 
[chelios] Disconnected
[chelios] Starting autonomous agent...
[chelios] Waiting for spawn...
AggregateError [ECONNREFUSED]: 
    at internalConnectMultiple (node:net:1134:18)
    at afterConnectMultiple (node:net:1715:7) {
  code: 'ECONNREFUSED',
  [errors]: [
    Error: connect ECONNREFUSED ::1:25566
        at createConnectionError (node:net:1678:14)
        at afterConnectMultiple (node:net:1708:16) {
      errno: -111,
      code: 'ECONNREFUSED',
      syscall: 'connect',
      address: '::1',
      port: 25566
    },
    Error: connect ECONNREFUSED 127.0.0.1:25566
        at createConnectionError (node:net:1678:14)
        at afterConnectMultiple (node:net:1708:16) {
      errno: -111,
      code: 'ECONNREFUSED',
      syscall: 'connect',
      address: '127.0.0.1',
      port: 25566
    }
  ]
}
[chelios] Error: 
[chelios] Disconnected
[chelios] Starting autonomous agent...
[chelios] Waiting for spawn...
AggregateError [ECONNREFUSED]: 
    at internalConnectMultiple (node:net:1134:18)
    at afterConnectMultiple (node:net:1715:7) {
  code: 'ECONNREFUSED',
  [errors]: [
    Error: connect ECONNREFUSED ::1:25566
        at createConnectionError (node:net:1678:14)
        at afterConnectMultiple (node:net:1708:16) {
      errno: -111,
      code: 'ECONNREFUSED',
      syscall: 'connect',
      address: '::1',
      port: 25566
    },
    Error: connect ECONNREFUSED 127.0.0.1:25566
        at createConnectionError (node:net:1678:14)
        at afterConnectMultiple (node:net:1708:16) {
      errno: -111,
      code: 'ECONNREFUSED',
      syscall: 'connect',
      address: '127.0.0.1',
      port: 25566
    }
  ]
}
[chelios] Error: 
[chelios] Disconnected
[chelios] Starting autonomous agent...
[chelios] Waiting for spawn...
AggregateError [ECONNREFUSED]: 
    at internalConnectMultiple (node:net:1134:18)
    at afterConnectMultiple (node:net:1715:7) {
  code: 'ECONNREFUSED',
  [errors]: [
    Error: connect ECONNREFUSED ::1:25566
        at createConnectionError (node:net:1678:14)
        at afterConnectMultiple (node:net:1708:16) {
      errno: -111,
      code: 'ECONNREFUSED',
      syscall: 'connect',
      address: '::1',
      port: 25566
    },
    Error: connect ECONNREFUSED 127.0.0.1:25566
        at createConnectionError (node:net:1678:14)
        at afterConnectMultiple (node:net:1708:16) {
      errno: -111,
      code: 'ECONNREFUSED',
      syscall: 'connect',
      address: '127.0.0.1',
      port: 25566
    }
  ]
}
[chelios] Error: 
[chelios] Disconnected
[chelios] Starting autonomous agent...
[chelios] Waiting for spawn...
AggregateError [ECONNREFUSED]: 
    at internalConnectMultiple (node:net:1134:18)
    at afterConnectMultiple (node:net:1715:7) {
  code: 'ECONNREFUSED',
  [errors]: [
    Error: connect ECONNREFUSED ::1:25566
        at createConnectionError (node:net:1678:14)
        at afterConnectMultiple (node:net:1708:16) {
      errno: -111,
      code: 'ECONNREFUSED',
      syscall: 'connect',
      address: '::1',
      port: 25566
    },
    Error: connect ECONNREFUSED 127.0.0.1:25566
        at createConnectionError (node:net:1678:14)
        at afterConnectMultiple (node:net:1708:16) {
      errno: -111,
      code: 'ECONNREFUSED',
      syscall: 'connect',
      address: '127.0.0.1',
      port: 25566
    }
  ]
}
[chelios] Error: 
[chelios] Disconnected
[chelios] Starting autonomous agent...
[chelios] Waiting for spawn...
AggregateError [ETIMEDOUT]: 
    at internalConnectMultiple (node:net:1134:18)
    at afterConnectMultiple (node:net:1715:7) {
  code: 'ETIMEDOUT',
  [errors]: [
    Error: connect ETIMEDOUT ::1:25566
        at createConnectionError (node:net:1678:14)
        at Timeout.internalConnectMultipleTimeout (node:net:1737:38)
        at listOnTimeout (node:internal/timers:587:11)
        at process.processTimers (node:internal/timers:521:7) {
      errno: -110,
      code: 'ETIMEDOUT',
      syscall: 'connect',
      address: '::1',
      port: 25566
    },
    Error: connect ECONNREFUSED 127.0.0.1:25566
        at createConnectionError (node:net:1678:14)
        at afterConnectMultiple (node:net:1708:16) {
      errno: -111,
      code: 'ECONNREFUSED',
      syscall: 'connect',
      address: '127.0.0.1',
      port: 25566
    }
  ]
}
[chelios] Error: 
[chelios] Disconnected
[chelios] Starting autonomous agent...
[chelios] Waiting for spawn...
AggregateError [ECONNREFUSED]: 
    at internalConnectMultiple (node:net:1134:18)
    at afterConnectMultiple (node:net:1715:7) {
  code: 'ECONNREFUSED',
  [errors]: [
    Error: connect ECONNREFUSED ::1:25566
        at createConnectionError (node:net:1678:14)
        at afterConnectMultiple (node:net:1708:16) {
      errno: -111,
      code: 'ECONNREFUSED',
      syscall: 'connect',
      address: '::1',
      port: 25566
    },
    Error: connect ECONNREFUSED 127.0.0.1:25566
        at createConnectionError (node:net:1678:14)
        at afterConnectMultiple (node:net:1708:16) {
      errno: -111,
      code: 'ECONNREFUSED',
      syscall: 'connect',
      address: '127.0.0.1',
      port: 25566
    }
  ]
}
[chelios] Error: 
[chelios] Disconnected
[chelios] Starting autonomous agent...
[chelios] Waiting for spawn...
AggregateError [ECONNREFUSED]: 
    at internalConnectMultiple (node:net:1134:18)
    at afterConnectMultiple (node:net:1715:7) {
  code: 'ECONNREFUSED',
  [errors]: [
    Error: connect ECONNREFUSED ::1:25566
        at createConnectionError (node:net:1678:14)
        at afterConnectMultiple (node:net:1708:16) {
      errno: -111,
      code: 'ECONNREFUSED',
      syscall: 'connect',
      address: '::1',
      port: 25566
    },
    Error: connect ECONNREFUSED 127.0.0.1:25566
        at createConnectionError (node:net:1678:14)
        at afterConnectMultiple (node:net:1708:16) {
      errno: -111,
      code: 'ECONNREFUSED',
      syscall: 'connect',
      address: '127.0.0.1',
      port: 25566
    }
  ]
}
[chelios] Error: 
[chelios] Disconnected
[chelios] Starting autonomous agent...
[chelios] Waiting for spawn...
AggregateError [ECONNREFUSED]: 
    at internalConnectMultiple (node:net:1134:18)
    at afterConnectMultiple (node:net:1715:7) {
  code: 'ECONNREFUSED',
  [errors]: [
    Error: connect ECONNREFUSED ::1:25566
        at createConnectionError (node:net:1678:14)
        at afterConnectMultiple (node:net:1708:16) {
      errno: -111,
      code: 'ECONNREFUSED',
      syscall: 'connect',
      address: '::1',
      port: 25566
    },
    Error: connect ECONNREFUSED 127.0.0.1:25566
        at createConnectionError (node:net:1678:14)
        at afterConnectMultiple (node:net:1708:16) {
      errno: -111,
      code: 'ECONNREFUSED',
      syscall: 'connect',
      address: '127.0.0.1',
      port: 25566
    }
  ]
}
[chelios] Error: 
[chelios] Disconnected
[chelios] Starting autonomous agent...
[chelios] Waiting for spawn...
AggregateError [ECONNREFUSED]: 
    at internalConnectMultiple (node:net:1134:18)
    at afterConnectMultiple (node:net:1715:7) {
  code: 'ECONNREFUSED',
  [errors]: [
    Error: connect ECONNREFUSED ::1:25566
        at createConnectionError (node:net:1678:14)
        at afterConnectMultiple (node:net:1708:16) {
      errno: -111,
      code: 'ECONNREFUSED',
      syscall: 'connect',
      address: '::1',
      port: 25566
    },
    Error: connect ECONNREFUSED 127.0.0.1:25566
        at createConnectionError (node:net:1678:14)
        at afterConnectMultiple (node:net:1708:16) {
      errno: -111,
      code: 'ECONNREFUSED',
      syscall: 'connect',
      address: '127.0.0.1',
      port: 25566
    }
  ]
}
[chelios] Error: 
[chelios] Disconnected
[chelios] Starting autonomous agent...
[chelios] Waiting for spawn...
AggregateError [ECONNREFUSED]: 
    at internalConnectMultiple (node:net:1134:18)
    at afterConnectMultiple (node:net:1715:7) {
  code: 'ECONNREFUSED',
  [errors]: [
    Error: connect ECONNREFUSED ::1:25566
        at createConnectionError (node:net:1678:14)
        at afterConnectMultiple (node:net:1708:16) {
      errno: -111,
      code: 'ECONNREFUSED',
      syscall: 'connect',
      address: '::1',
      port: 25566
    },
    Error: connect ECONNREFUSED 127.0.0.1:25566
        at createConnectionError (node:net:1678:14)
        at afterConnectMultiple (node:net:1708:16) {
      errno: -111,
      code: 'ECONNREFUSED',
      syscall: 'connect',
      address: '127.0.0.1',
      port: 25566
    }
  ]
}
[chelios] Error: 
[chelios] Disconnected
[chelios] Starting autonomous agent...
[chelios] Waiting for spawn...
AggregateError [ECONNREFUSED]: 
    at internalConnectMultiple (node:net:1134:18)
    at afterConnectMultiple (node:net:1715:7) {
  code: 'ECONNREFUSED',
  [errors]: [
    Error: connect ECONNREFUSED ::1:25566
        at createConnectionError (node:net:1678:14)
        at afterConnectMultiple (node:net:1708:16) {
      errno: -111,
      code: 'ECONNREFUSED',
      syscall: 'connect',
      address: '::1',
      port: 25566
    },
    Error: connect ECONNREFUSED 127.0.0.1:25566
        at createConnectionError (node:net:1678:14)
        at afterConnectMultiple (node:net:1708:16) {
      errno: -111,
      code: 'ECONNREFUSED',
      syscall: 'connect',
      address: '127.0.0.1',
      port: 25566
    }
  ]
}
[chelios] Error: 
[chelios] Disconnected
[chelios] Starting autonomous agent...
[chelios] Waiting for spawn...
AggregateError [ECONNREFUSED]: 
    at internalConnectMultiple (node:net:1134:18)
    at afterConnectMultiple (node:net:1715:7) {
  code: 'ECONNREFUSED',
  [errors]: [
    Error: connect ECONNREFUSED ::1:25566
        at createConnectionError (node:net:1678:14)
        at afterConnectMultiple (node:net:1708:16) {
      errno: -111,
      code: 'ECONNREFUSED',
      syscall: 'connect',
      address: '::1',
      port: 25566
    },
    Error: connect ECONNREFUSED 127.0.0.1:25566
        at createConnectionError (node:net:1678:14)
        at afterConnectMultiple (node:net:1708:16) {
      errno: -111,
      code: 'ECONNREFUSED',
      syscall: 'connect',
      address: '127.0.0.1',
      port: 25566
    }
  ]
}
[chelios] Error: 
[chelios] Disconnected
[chelios] Starting autonomous agent...
[chelios] Waiting for spawn...
AggregateError [ECONNREFUSED]: 
    at internalConnectMultiple (node:net:1134:18)
    at afterConnectMultiple (node:net:1715:7) {
  code: 'ECONNREFUSED',
  [errors]: [
    Error: connect ECONNREFUSED ::1:25566
        at createConnectionError (node:net:1678:14)
        at afterConnectMultiple (node:net:1708:16) {
      errno: -111,
      code: 'ECONNREFUSED',
      syscall: 'connect',
      address: '::1',
      port: 25566
    },
    Error: connect ECONNREFUSED 127.0.0.1:25566
        at createConnectionError (node:net:1678:14)
        at afterConnectMultiple (node:net:1708:16) {
      errno: -111,
      code: 'ECONNREFUSED',
      syscall: 'connect',
      address: '127.0.0.1',
      port: 25566
    }
  ]
}
[chelios] Error: 
[chelios] Disconnected
[chelios] Starting autonomous agent...
[chelios] Waiting for spawn...
AggregateError [ECONNREFUSED]: 
    at internalConnectMultiple (node:net:1134:18)
    at afterConnectMultiple (node:net:1715:7) {
  code: 'ECONNREFUSED',
  [errors]: [
    Error: connect ECONNREFUSED ::1:25566
        at createConnectionError (node:net:1678:14)
        at afterConnectMultiple (node:net:1708:16) {
      errno: -111,
      code: 'ECONNREFUSED',
      syscall: 'connect',
      address: '::1',
      port: 25566
    },
    Error: connect ECONNREFUSED 127.0.0.1:25566
        at createConnectionError (node:net:1678:14)
        at afterConnectMultiple (node:net:1708:16) {
      errno: -111,
      code: 'ECONNREFUSED',
      syscall: 'connect',
      address: '127.0.0.1',
      port: 25566
    }
  ]
}
[chelios] Error: 
[chelios] Disconnected
[chelios] Starting autonomous agent...
[chelios] Waiting for spawn...
AggregateError [ECONNREFUSED]: 
    at internalConnectMultiple (node:net:1134:18)
    at afterConnectMultiple (node:net:1715:7) {
  code: 'ECONNREFUSED',
  [errors]: [
    Error: connect ECONNREFUSED ::1:25566
        at createConnectionError (node:net:1678:14)
        at afterConnectMultiple (node:net:1708:16) {
      errno: -111,
      code: 'ECONNREFUSED',
      syscall: 'connect',
      address: '::1',
      port: 25566
    },
    Error: connect ECONNREFUSED 127.0.0.1:25566
        at createConnectionError (node:net:1678:14)
        at afterConnectMultiple (node:net:1708:16) {
      errno: -111,
      code: 'ECONNREFUSED',
      syscall: 'connect',
      address: '127.0.0.1',
      port: 25566
    }
  ]
}
[chelios] Error: 
[chelios] Disconnected
[chelios] Starting autonomous agent...
[chelios] Waiting for spawn...
AggregateError [ECONNREFUSED]: 
    at internalConnectMultiple (node:net:1134:18)
    at afterConnectMultiple (node:net:1715:7) {
  code: 'ECONNREFUSED',
  [errors]: [
    Error: connect ECONNREFUSED ::1:25566
        at createConnectionError (node:net:1678:14)
        at afterConnectMultiple (node:net:1708:16) {
      errno: -111,
      code: 'ECONNREFUSED',
      syscall: 'connect',
      address: '::1',
      port: 25566
    },
    Error: connect ECONNREFUSED 127.0.0.1:25566
        at createConnectionError (node:net:1678:14)
        at afterConnectMultiple (node:net:1708:16) {
      errno: -111,
      code: 'ECONNREFUSED',
      syscall: 'connect',
      address: '127.0.0.1',
      port: 25566
    }
  ]
}
[chelios] Error: 
[chelios] Disconnected
[chelios] Starting autonomous agent...
[chelios] Waiting for spawn...
AggregateError [ECONNREFUSED]: 
    at internalConnectMultiple (node:net:1134:18)
    at afterConnectMultiple (node:net:1715:7) {
  code: 'ECONNREFUSED',
  [errors]: [
    Error: connect ECONNREFUSED ::1:25566
        at createConnectionError (node:net:1678:14)
        at afterConnectMultiple (node:net:1708:16) {
      errno: -111,
      code: 'ECONNREFUSED',
      syscall: 'connect',
      address: '::1',
      port: 25566
    },
    Error: connect ECONNREFUSED 127.0.0.1:25566
        at createConnectionError (node:net:1678:14)
        at afterConnectMultiple (node:net:1708:16) {
      errno: -111,
      code: 'ECONNREFUSED',
      syscall: 'connect',
      address: '127.0.0.1',
      port: 25566
    }
  ]
}
[chelios] Error: 
[chelios] Disconnected
[chelios] Starting autonomous agent...
[chelios] Waiting for spawn...
AggregateError [ECONNREFUSED]: 
    at internalConnectMultiple (node:net:1134:18)
    at afterConnectMultiple (node:net:1715:7) {
  code: 'ECONNREFUSED',
  [errors]: [
    Error: connect ECONNREFUSED ::1:25566
        at createConnectionError (node:net:1678:14)
        at afterConnectMultiple (node:net:1708:16) {
      errno: -111,
      code: 'ECONNREFUSED',
      syscall: 'connect',
      address: '::1',
      port: 25566
    },
    Error: connect ECONNREFUSED 127.0.0.1:25566
        at createConnectionError (node:net:1678:14)
        at afterConnectMultiple (node:net:1708:16) {
      errno: -111,
      code: 'ECONNREFUSED',
      syscall: 'connect',
      address: '127.0.0.1',
      port: 25566
    }
  ]
}
[chelios] Error: 
[chelios] Disconnected
[chelios] Starting autonomous agent...
[chelios] Waiting for spawn...
AggregateError [ECONNREFUSED]: 
    at internalConnectMultiple (node:net:1134:18)
    at afterConnectMultiple (node:net:1715:7) {
  code: 'ECONNREFUSED',
  [errors]: [
    Error: connect ECONNREFUSED ::1:25566
        at createConnectionError (node:net:1678:14)
        at afterConnectMultiple (node:net:1708:16) {
      errno: -111,
      code: 'ECONNREFUSED',
      syscall: 'connect',
      address: '::1',
      port: 25566
    },
    Error: connect ECONNREFUSED 127.0.0.1:25566
        at createConnectionError (node:net:1678:14)
        at afterConnectMultiple (node:net:1708:16) {
      errno: -111,
      code: 'ECONNREFUSED',
      syscall: 'connect',
      address: '127.0.0.1',
      port: 25566
    }
  ]
}
[chelios] Error: 
[chelios] Disconnected
[chelios] Starting autonomous agent...
[chelios] Waiting for spawn...
AggregateError [ECONNREFUSED]: 
    at internalConnectMultiple (node:net:1134:18)
    at afterConnectMultiple (node:net:1715:7) {
  code: 'ECONNREFUSED',
  [errors]: [
    Error: connect ECONNREFUSED ::1:25566
        at createConnectionError (node:net:1678:14)
        at afterConnectMultiple (node:net:1708:16) {
      errno: -111,
      code: 'ECONNREFUSED',
      syscall: 'connect',
      address: '::1',
      port: 25566
    },
    Error: connect ECONNREFUSED 127.0.0.1:25566
        at createConnectionError (node:net:1678:14)
        at afterConnectMultiple (node:net:1708:16) {
      errno: -111,
      code: 'ECONNREFUSED',
      syscall: 'connect',
      address: '127.0.0.1',
      port: 25566
    }
  ]
}
[chelios] Error: 
[chelios] Disconnected
[chelios] Starting autonomous agent...
[chelios] Waiting for spawn...
AggregateError [ECONNREFUSED]: 
    at internalConnectMultiple (node:net:1134:18)
    at afterConnectMultiple (node:net:1715:7) {
  code: 'ECONNREFUSED',
  [errors]: [
    Error: connect ECONNREFUSED ::1:25566
        at createConnectionError (node:net:1678:14)
        at afterConnectMultiple (node:net:1708:16) {
      errno: -111,
      code: 'ECONNREFUSED',
      syscall: 'connect',
      address: '::1',
      port: 25566
    },
    Error: connect ECONNREFUSED 127.0.0.1:25566
        at createConnectionError (node:net:1678:14)
        at afterConnectMultiple (node:net:1708:16) {
      errno: -111,
      code: 'ECONNREFUSED',
      syscall: 'connect',
      address: '127.0.0.1',
      port: 25566
    }
  ]
}
[chelios] Error: 
[chelios] Disconnected
[chelios] Starting autonomous agent...
[chelios] Waiting for spawn...
AggregateError [ECONNREFUSED]: 
    at internalConnectMultiple (node:net:1134:18)
    at afterConnectMultiple (node:net:1715:7) {
  code: 'ECONNREFUSED',
  [errors]: [
    Error: connect ECONNREFUSED ::1:25566
        at createConnectionError (node:net:1678:14)
        at afterConnectMultiple (node:net:1708:16) {
      errno: -111,
      code: 'ECONNREFUSED',
      syscall: 'connect',
      address: '::1',
      port: 25566
    },
    Error: connect ECONNREFUSED 127.0.0.1:25566
        at createConnectionError (node:net:1678:14)
        at afterConnectMultiple (node:net:1708:16) {
      errno: -111,
      code: 'ECONNREFUSED',
      syscall: 'connect',
      address: '127.0.0.1',
      port: 25566
    }
  ]
}
[chelios] Error: 
[chelios] Disconnected
[chelios] Starting autonomous agent...
[chelios] Waiting for spawn...
AggregateError [ECONNREFUSED]: 
    at internalConnectMultiple (node:net:1134:18)
    at afterConnectMultiple (node:net:1715:7) {
  code: 'ECONNREFUSED',
  [errors]: [
    Error: connect ECONNREFUSED ::1:25566
        at createConnectionError (node:net:1678:14)
        at afterConnectMultiple (node:net:1708:16) {
      errno: -111,
      code: 'ECONNREFUSED',
      syscall: 'connect',
      address: '::1',
      port: 25566
    },
    Error: connect ECONNREFUSED 127.0.0.1:25566
        at createConnectionError (node:net:1678:14)
        at afterConnectMultiple (node:net:1708:16) {
      errno: -111,
      code: 'ECONNREFUSED',
      syscall: 'connect',
      address: '127.0.0.1',
      port: 25566
    }
  ]
}
[chelios] Error: 
[chelios] Disconnected
[chelios] Starting autonomous agent...
[chelios] Waiting for spawn...
AggregateError [ECONNREFUSED]: 
    at internalConnectMultiple (node:net:1134:18)
    at afterConnectMultiple (node:net:1715:7) {
  code: 'ECONNREFUSED',
  [errors]: [
    Error: connect ECONNREFUSED ::1:25566
        at createConnectionError (node:net:1678:14)
        at afterConnectMultiple (node:net:1708:16) {
      errno: -111,
      code: 'ECONNREFUSED',
      syscall: 'connect',
      address: '::1',
      port: 25566
    },
    Error: connect ECONNREFUSED 127.0.0.1:25566
        at createConnectionError (node:net:1678:14)
        at afterConnectMultiple (node:net:1708:16) {
      errno: -111,
      code: 'ECONNREFUSED',
      syscall: 'connect',
      address: '127.0.0.1',
      port: 25566
    }
  ]
}
[chelios] Error: 
[chelios] Disconnected
[chelios] Starting autonomous agent...
[chelios] Waiting for spawn...
AggregateError [ECONNREFUSED]: 
    at internalConnectMultiple (node:net:1134:18)
    at afterConnectMultiple (node:net:1715:7) {
  code: 'ECONNREFUSED',
  [errors]: [
    Error: connect ECONNREFUSED ::1:25566
        at createConnectionError (node:net:1678:14)
        at afterConnectMultiple (node:net:1708:16) {
      errno: -111,
      code: 'ECONNREFUSED',
      syscall: 'connect',
      address: '::1',
      port: 25566
    },
    Error: connect ECONNREFUSED 127.0.0.1:25566
        at createConnectionError (node:net:1678:14)
        at afterConnectMultiple (node:net:1708:16) {
      errno: -111,
      code: 'ECONNREFUSED',
      syscall: 'connect',
      address: '127.0.0.1',
      port: 25566
    }
  ]
}
[chelios] Error: 
[chelios] Disconnected
[chelios] Starting autonomous agent...
[chelios] Waiting for spawn...
AggregateError [ECONNREFUSED]: 
    at internalConnectMultiple (node:net:1134:18)
    at afterConnectMultiple (node:net:1715:7) {
  code: 'ECONNREFUSED',
  [errors]: [
    Error: connect ECONNREFUSED ::1:25566
        at createConnectionError (node:net:1678:14)
        at afterConnectMultiple (node:net:1708:16) {
      errno: -111,
      code: 'ECONNREFUSED',
      syscall: 'connect',
      address: '::1',
      port: 25566
    },
    Error: connect ECONNREFUSED 127.0.0.1:25566
        at createConnectionError (node:net:1678:14)
        at afterConnectMultiple (node:net:1708:16) {
      errno: -111,
      code: 'ECONNREFUSED',
      syscall: 'connect',
      address: '127.0.0.1',
      port: 25566
    }
  ]
}
[chelios] Error: 
[chelios] Disconnected
[chelios] Starting autonomous agent...
[chelios] Waiting for spawn...
AggregateError [ECONNREFUSED]: 
    at internalConnectMultiple (node:net:1134:18)
    at afterConnectMultiple (node:net:1715:7) {
  code: 'ECONNREFUSED',
  [errors]: [
    Error: connect ECONNREFUSED ::1:25566
        at createConnectionError (node:net:1678:14)
        at afterConnectMultiple (node:net:1708:16) {
      errno: -111,
      code: 'ECONNREFUSED',
      syscall: 'connect',
      address: '::1',
      port: 25566
    },
    Error: connect ECONNREFUSED 127.0.0.1:25566
        at createConnectionError (node:net:1678:14)
        at afterConnectMultiple (node:net:1708:16) {
      errno: -111,
      code: 'ECONNREFUSED',
      syscall: 'connect',
      address: '127.0.0.1',
      port: 25566
    }
  ]
}
[chelios] Error: 
[chelios] Disconnected
[chelios] Starting autonomous agent...
[chelios] Waiting for spawn...
AggregateError [ECONNREFUSED]: 
    at internalConnectMultiple (node:net:1134:18)
    at afterConnectMultiple (node:net:1715:7) {
  code: 'ECONNREFUSED',
  [errors]: [
    Error: connect ECONNREFUSED ::1:25566
        at createConnectionError (node:net:1678:14)
        at afterConnectMultiple (node:net:1708:16) {
      errno: -111,
      code: 'ECONNREFUSED',
      syscall: 'connect',
      address: '::1',
      port: 25566
    },
    Error: connect ECONNREFUSED 127.0.0.1:25566
        at createConnectionError (node:net:1678:14)
        at afterConnectMultiple (node:net:1708:16) {
      errno: -111,
      code: 'ECONNREFUSED',
      syscall: 'connect',
      address: '127.0.0.1',
      port: 25566
    }
  ]
}
[chelios] Error: 
[chelios] Disconnected
[chelios] Starting autonomous agent...
[chelios] Waiting for spawn...
AggregateError [ECONNREFUSED]: 
    at internalConnectMultiple (node:net:1134:18)
    at afterConnectMultiple (node:net:1715:7) {
  code: 'ECONNREFUSED',
  [errors]: [
    Error: connect ECONNREFUSED ::1:25566
        at createConnectionError (node:net:1678:14)
        at afterConnectMultiple (node:net:1708:16) {
      errno: -111,
      code: 'ECONNREFUSED',
      syscall: 'connect',
      address: '::1',
      port: 25566
    },
    Error: connect ECONNREFUSED 127.0.0.1:25566
        at createConnectionError (node:net:1678:14)
        at afterConnectMultiple (node:net:1708:16) {
      errno: -111,
      code: 'ECONNREFUSED',
      syscall: 'connect',
      address: '127.0.0.1',
      port: 25566
    }
  ]
}
[chelios] Error: 
[chelios] Disconnected
[chelios] Starting autonomous agent...
[chelios] Waiting for spawn...
AggregateError [ETIMEDOUT]: 
    at internalConnectMultiple (node:net:1134:18)
    at afterConnectMultiple (node:net:1715:7) {
  code: 'ETIMEDOUT',
  [errors]: [
    Error: connect ETIMEDOUT ::1:25566
        at createConnectionError (node:net:1678:14)
        at Timeout.internalConnectMultipleTimeout (node:net:1737:38)
        at listOnTimeout (node:internal/timers:587:11)
        at process.processTimers (node:internal/timers:521:7) {
      errno: -110,
      code: 'ETIMEDOUT',
      syscall: 'connect',
      address: '::1',
      port: 25566
    },
    Error: connect ECONNREFUSED 127.0.0.1:25566
        at createConnectionError (node:net:1678:14)
        at afterConnectMultiple (node:net:1708:16) {
      errno: -111,
      code: 'ECONNREFUSED',
      syscall: 'connect',
      address: '127.0.0.1',
      port: 25566
    }
  ]
}
[chelios] Error: 
[chelios] Disconnected
[chelios] Starting autonomous agent...
[chelios] Waiting for spawn...
AggregateError [ECONNREFUSED]: 
    at internalConnectMultiple (node:net:1134:18)
    at afterConnectMultiple (node:net:1715:7) {
  code: 'ECONNREFUSED',
  [errors]: [
    Error: connect ECONNREFUSED ::1:25566
        at createConnectionError (node:net:1678:14)
        at afterConnectMultiple (node:net:1708:16) {
      errno: -111,
      code: 'ECONNREFUSED',
      syscall: 'connect',
      address: '::1',
      port: 25566
    },
    Error: connect ECONNREFUSED 127.0.0.1:25566
        at createConnectionError (node:net:1678:14)
        at afterConnectMultiple (node:net:1708:16) {
      errno: -111,
      code: 'ECONNREFUSED',
      syscall: 'connect',
      address: '127.0.0.1',
      port: 25566
    }
  ]
}
[chelios] Error: 
[chelios] Disconnected
[chelios] Starting autonomous agent...
[chelios] Waiting for spawn...
AggregateError [ECONNREFUSED]: 
    at internalConnectMultiple (node:net:1134:18)
    at afterConnectMultiple (node:net:1715:7) {
  code: 'ECONNREFUSED',
  [errors]: [
    Error: connect ECONNREFUSED ::1:25566
        at createConnectionError (node:net:1678:14)
        at afterConnectMultiple (node:net:1708:16) {
      errno: -111,
      code: 'ECONNREFUSED',
      syscall: 'connect',
      address: '::1',
      port: 25566
    },
    Error: connect ECONNREFUSED 127.0.0.1:25566
        at createConnectionError (node:net:1678:14)
        at afterConnectMultiple (node:net:1708:16) {
      errno: -111,
      code: 'ECONNREFUSED',
      syscall: 'connect',
      address: '127.0.0.1',
      port: 25566
    }
  ]
}
[chelios] Error: 
[chelios] Disconnected
[chelios] Starting autonomous agent...
[chelios] Waiting for spawn...
AggregateError [ECONNREFUSED]: 
    at internalConnectMultiple (node:net:1134:18)
    at afterConnectMultiple (node:net:1715:7) {
  code: 'ECONNREFUSED',
  [errors]: [
    Error: connect ECONNREFUSED ::1:25566
        at createConnectionError (node:net:1678:14)
        at afterConnectMultiple (node:net:1708:16) {
      errno: -111,
      code: 'ECONNREFUSED',
      syscall: 'connect',
      address: '::1',
      port: 25566
    },
    Error: connect ECONNREFUSED 127.0.0.1:25566
        at createConnectionError (node:net:1678:14)
        at afterConnectMultiple (node:net:1708:16) {
      errno: -111,
      code: 'ECONNREFUSED',
      syscall: 'connect',
      address: '127.0.0.1',
      port: 25566
    }
  ]
}
[chelios] Error: 
[chelios] Disconnected
[chelios] Starting autonomous agent...
[chelios] Waiting for spawn...
AggregateError [ECONNREFUSED]: 
    at internalConnectMultiple (node:net:1134:18)
    at afterConnectMultiple (node:net:1715:7) {
  code: 'ECONNREFUSED',
  [errors]: [
    Error: connect ECONNREFUSED ::1:25566
        at createConnectionError (node:net:1678:14)
        at afterConnectMultiple (node:net:1708:16) {
      errno: -111,
      code: 'ECONNREFUSED',
      syscall: 'connect',
      address: '::1',
      port: 25566
    },
    Error: connect ECONNREFUSED 127.0.0.1:25566
        at createConnectionError (node:net:1678:14)
        at afterConnectMultiple (node:net:1708:16) {
      errno: -111,
      code: 'ECONNREFUSED',
      syscall: 'connect',
      address: '127.0.0.1',
      port: 25566
    }
  ]
}
[chelios] Error: 
[chelios] Disconnected
[chelios] Starting autonomous agent...
[chelios] Waiting for spawn...
AggregateError [ECONNREFUSED]: 
    at internalConnectMultiple (node:net:1134:18)
    at afterConnectMultiple (node:net:1715:7) {
  code: 'ECONNREFUSED',
  [errors]: [
    Error: connect ECONNREFUSED ::1:25566
        at createConnectionError (node:net:1678:14)
        at afterConnectMultiple (node:net:1708:16) {
      errno: -111,
      code: 'ECONNREFUSED',
      syscall: 'connect',
      address: '::1',
      port: 25566
    },
    Error: connect ECONNREFUSED 127.0.0.1:25566
        at createConnectionError (node:net:1678:14)
        at afterConnectMultiple (node:net:1708:16) {
      errno: -111,
      code: 'ECONNREFUSED',
      syscall: 'connect',
      address: '127.0.0.1',
      port: 25566
    }
  ]
}
[chelios] Error: 
[chelios] Disconnected
[chelios] Starting autonomous agent...
[chelios] Waiting for spawn...
AggregateError [ECONNREFUSED]: 
    at internalConnectMultiple (node:net:1134:18)
    at afterConnectMultiple (node:net:1715:7) {
  code: 'ECONNREFUSED',
  [errors]: [
    Error: connect ECONNREFUSED ::1:25566
        at createConnectionError (node:net:1678:14)
        at afterConnectMultiple (node:net:1708:16) {
      errno: -111,
      code: 'ECONNREFUSED',
      syscall: 'connect',
      address: '::1',
      port: 25566
    },
    Error: connect ECONNREFUSED 127.0.0.1:25566
        at createConnectionError (node:net:1678:14)
        at afterConnectMultiple (node:net:1708:16) {
      errno: -111,
      code: 'ECONNREFUSED',
      syscall: 'connect',
      address: '127.0.0.1',
      port: 25566
    }
  ]
}
[chelios] Error: 
[chelios] Disconnected
[chelios] Starting autonomous agent...
[chelios] Waiting for spawn...
AggregateError [ECONNREFUSED]: 
    at internalConnectMultiple (node:net:1134:18)
    at afterConnectMultiple (node:net:1715:7) {
  code: 'ECONNREFUSED',
  [errors]: [
    Error: connect ECONNREFUSED ::1:25566
        at createConnectionError (node:net:1678:14)
        at afterConnectMultiple (node:net:1708:16) {
      errno: -111,
      code: 'ECONNREFUSED',
      syscall: 'connect',
      address: '::1',
      port: 25566
    },
    Error: connect ECONNREFUSED 127.0.0.1:25566
        at createConnectionError (node:net:1678:14)
        at afterConnectMultiple (node:net:1708:16) {
      errno: -111,
      code: 'ECONNREFUSED',
      syscall: 'connect',
      address: '127.0.0.1',
      port: 25566
    }
  ]
}
[chelios] Error: 
[chelios] Disconnected
[chelios] Starting autonomous agent...
[chelios] Waiting for spawn...
AggregateError [ECONNREFUSED]: 
    at internalConnectMultiple (node:net:1134:18)
    at afterConnectMultiple (node:net:1715:7) {
  code: 'ECONNREFUSED',
  [errors]: [
    Error: connect ECONNREFUSED ::1:25566
        at createConnectionError (node:net:1678:14)
        at afterConnectMultiple (node:net:1708:16) {
      errno: -111,
      code: 'ECONNREFUSED',
      syscall: 'connect',
      address: '::1',
      port: 25566
    },
    Error: connect ECONNREFUSED 127.0.0.1:25566
        at createConnectionError (node:net:1678:14)
        at afterConnectMultiple (node:net:1708:16) {
      errno: -111,
      code: 'ECONNREFUSED',
      syscall: 'connect',
      address: '127.0.0.1',
      port: 25566
    }
  ]
}
[chelios] Error: 
[chelios] Disconnected
[chelios] Starting autonomous agent...
[chelios] Waiting for spawn...
AggregateError [ECONNREFUSED]: 
    at internalConnectMultiple (node:net:1134:18)
    at afterConnectMultiple (node:net:1715:7) {
  code: 'ECONNREFUSED',
  [errors]: [
    Error: connect ECONNREFUSED ::1:25566
        at createConnectionError (node:net:1678:14)
        at afterConnectMultiple (node:net:1708:16) {
      errno: -111,
      code: 'ECONNREFUSED',
      syscall: 'connect',
      address: '::1',
      port: 25566
    },
    Error: connect ECONNREFUSED 127.0.0.1:25566
        at createConnectionError (node:net:1678:14)
        at afterConnectMultiple (node:net:1708:16) {
      errno: -111,
      code: 'ECONNREFUSED',
      syscall: 'connect',
      address: '127.0.0.1',
      port: 25566
    }
  ]
}
[chelios] Error: 
[chelios] Disconnected
[chelios] Starting autonomous agent...
[chelios] Waiting for spawn...
AggregateError [ECONNREFUSED]: 
    at internalConnectMultiple (node:net:1134:18)
    at afterConnectMultiple (node:net:1715:7) {
  code: 'ECONNREFUSED',
  [errors]: [
    Error: connect ECONNREFUSED ::1:25566
        at createConnectionError (node:net:1678:14)
        at afterConnectMultiple (node:net:1708:16) {
      errno: -111,
      code: 'ECONNREFUSED',
      syscall: 'connect',
      address: '::1',
      port: 25566
    },
    Error: connect ECONNREFUSED 127.0.0.1:25566
        at createConnectionError (node:net:1678:14)
        at afterConnectMultiple (node:net:1708:16) {
      errno: -111,
      code: 'ECONNREFUSED',
      syscall: 'connect',
      address: '127.0.0.1',
      port: 25566
    }
  ]
}
[chelios] Error: 
[chelios] Disconnected
[chelios] Starting autonomous agent...
[chelios] Waiting for spawn...
AggregateError [ECONNREFUSED]: 
    at internalConnectMultiple (node:net:1134:18)
    at afterConnectMultiple (node:net:1715:7) {
  code: 'ECONNREFUSED',
  [errors]: [
    Error: connect ECONNREFUSED ::1:25566
        at createConnectionError (node:net:1678:14)
        at afterConnectMultiple (node:net:1708:16) {
      errno: -111,
      code: 'ECONNREFUSED',
      syscall: 'connect',
      address: '::1',
      port: 25566
    },
    Error: connect ECONNREFUSED 127.0.0.1:25566
        at createConnectionError (node:net:1678:14)
        at afterConnectMultiple (node:net:1708:16) {
      errno: -111,
      code: 'ECONNREFUSED',
      syscall: 'connect',
      address: '127.0.0.1',
      port: 25566
    }
  ]
}
[chelios] Error: 
[chelios] Disconnected
[chelios] Starting autonomous agent...
[chelios] Waiting for spawn...
AggregateError [ECONNREFUSED]: 
    at internalConnectMultiple (node:net:1134:18)
    at afterConnectMultiple (node:net:1715:7) {
  code: 'ECONNREFUSED',
  [errors]: [
    Error: connect ECONNREFUSED ::1:25566
        at createConnectionError (node:net:1678:14)
        at afterConnectMultiple (node:net:1708:16) {
      errno: -111,
      code: 'ECONNREFUSED',
      syscall: 'connect',
      address: '::1',
      port: 25566
    },
    Error: connect ECONNREFUSED 127.0.0.1:25566
        at createConnectionError (node:net:1678:14)
        at afterConnectMultiple (node:net:1708:16) {
      errno: -111,
      code: 'ECONNREFUSED',
      syscall: 'connect',
      address: '127.0.0.1',
      port: 25566
    }
  ]
}
[chelios] Error: 
[chelios] Disconnected
[chelios] Starting autonomous agent...
[chelios] Waiting for spawn...
AggregateError [ECONNREFUSED]: 
    at internalConnectMultiple (node:net:1134:18)
    at afterConnectMultiple (node:net:1715:7) {
  code: 'ECONNREFUSED',
  [errors]: [
    Error: connect ECONNREFUSED ::1:25566
        at createConnectionError (node:net:1678:14)
        at afterConnectMultiple (node:net:1708:16) {
      errno: -111,
      code: 'ECONNREFUSED',
      syscall: 'connect',
      address: '::1',
      port: 25566
    },
    Error: connect ECONNREFUSED 127.0.0.1:25566
        at createConnectionError (node:net:1678:14)
        at afterConnectMultiple (node:net:1708:16) {
      errno: -111,
      code: 'ECONNREFUSED',
      syscall: 'connect',
      address: '127.0.0.1',
      port: 25566
    }
  ]
}
[chelios] Error: 
[chelios] Disconnected
[chelios] Starting autonomous agent...
[chelios] Waiting for spawn...
AggregateError [ECONNREFUSED]: 
    at internalConnectMultiple (node:net:1134:18)
    at afterConnectMultiple (node:net:1715:7) {
  code: 'ECONNREFUSED',
  [errors]: [
    Error: connect ECONNREFUSED ::1:25566
        at createConnectionError (node:net:1678:14)
        at afterConnectMultiple (node:net:1708:16) {
      errno: -111,
      code: 'ECONNREFUSED',
      syscall: 'connect',
      address: '::1',
      port: 25566
    },
    Error: connect ECONNREFUSED 127.0.0.1:25566
        at createConnectionError (node:net:1678:14)
        at afterConnectMultiple (node:net:1708:16) {
      errno: -111,
      code: 'ECONNREFUSED',
      syscall: 'connect',
      address: '127.0.0.1',
      port: 25566
    }
  ]
}
[chelios] Error: 
[chelios] Disconnected
[chelios] Starting autonomous agent...
[chelios] Waiting for spawn...
AggregateError [ETIMEDOUT]: 
    at internalConnectMultiple (node:net:1134:18)
    at afterConnectMultiple (node:net:1715:7) {
  code: 'ETIMEDOUT',
  [errors]: [
    Error: connect ETIMEDOUT ::1:25566
        at createConnectionError (node:net:1678:14)
        at Timeout.internalConnectMultipleTimeout (node:net:1737:38)
        at listOnTimeout (node:internal/timers:587:11)
        at process.processTimers (node:internal/timers:521:7) {
      errno: -110,
      code: 'ETIMEDOUT',
      syscall: 'connect',
      address: '::1',
      port: 25566
    },
    Error: connect ECONNREFUSED 127.0.0.1:25566
        at createConnectionError (node:net:1678:14)
        at afterConnectMultiple (node:net:1708:16) {
      errno: -111,
      code: 'ECONNREFUSED',
      syscall: 'connect',
      address: '127.0.0.1',
      port: 25566
    }
  ]
}
[chelios] Error: 
[chelios] Disconnected
[chelios] Starting autonomous agent...
[chelios] Waiting for spawn...
AggregateError [ETIMEDOUT]: 
    at internalConnectMultiple (node:net:1134:18)
    at afterConnectMultiple (node:net:1715:7) {
  code: 'ETIMEDOUT',
  [errors]: [
    Error: connect ETIMEDOUT ::1:25566
        at createConnectionError (node:net:1678:14)
        at Timeout.internalConnectMultipleTimeout (node:net:1737:38)
        at listOnTimeout (node:internal/timers:587:11)
        at process.processTimers (node:internal/timers:521:7) {
      errno: -110,
      code: 'ETIMEDOUT',
      syscall: 'connect',
      address: '::1',
      port: 25566
    },
    Error: connect ECONNREFUSED 127.0.0.1:25566
        at createConnectionError (node:net:1678:14)
        at afterConnectMultiple (node:net:1708:16) {
      errno: -111,
      code: 'ECONNREFUSED',
      syscall: 'connect',
      address: '127.0.0.1',
      port: 25566
    }
  ]
}
[chelios] Error: 
[chelios] Disconnected
[chelios] Starting autonomous agent...
[chelios] Waiting for spawn...
AggregateError [ECONNREFUSED]: 
    at internalConnectMultiple (node:net:1134:18)
    at afterConnectMultiple (node:net:1715:7) {
  code: 'ECONNREFUSED',
  [errors]: [
    Error: connect ECONNREFUSED ::1:25566
        at createConnectionError (node:net:1678:14)
        at afterConnectMultiple (node:net:1708:16) {
      errno: -111,
      code: 'ECONNREFUSED',
      syscall: 'connect',
      address: '::1',
      port: 25566
    },
    Error: connect ECONNREFUSED 127.0.0.1:25566
        at createConnectionError (node:net:1678:14)
        at afterConnectMultiple (node:net:1708:16) {
      errno: -111,
      code: 'ECONNREFUSED',
      syscall: 'connect',
      address: '127.0.0.1',
      port: 25566
    }
  ]
}
[chelios] Error: 
[chelios] Disconnected
[chelios] Starting autonomous agent...
[chelios] Waiting for spawn...
AggregateError [ECONNREFUSED]: 
    at internalConnectMultiple (node:net:1134:18)
    at afterConnectMultiple (node:net:1715:7) {
  code: 'ECONNREFUSED',
  [errors]: [
    Error: connect ECONNREFUSED ::1:25566
        at createConnectionError (node:net:1678:14)
        at afterConnectMultiple (node:net:1708:16) {
      errno: -111,
      code: 'ECONNREFUSED',
      syscall: 'connect',
      address: '::1',
      port: 25566
    },
    Error: connect ECONNREFUSED 127.0.0.1:25566
        at createConnectionError (node:net:1678:14)
        at afterConnectMultiple (node:net:1708:16) {
      errno: -111,
      code: 'ECONNREFUSED',
      syscall: 'connect',
      address: '127.0.0.1',
      port: 25566
    }
  ]
}
[chelios] Error: 
[chelios] Disconnected
[chelios] Starting autonomous agent...
[chelios] Waiting for spawn...
AggregateError [ECONNREFUSED]: 
    at internalConnectMultiple (node:net:1134:18)
    at afterConnectMultiple (node:net:1715:7) {
  code: 'ECONNREFUSED',
  [errors]: [
    Error: connect ECONNREFUSED ::1:25566
        at createConnectionError (node:net:1678:14)
        at afterConnectMultiple (node:net:1708:16) {
      errno: -111,
      code: 'ECONNREFUSED',
      syscall: 'connect',
      address: '::1',
      port: 25566
    },
    Error: connect ECONNREFUSED 127.0.0.1:25566
        at createConnectionError (node:net:1678:14)
        at afterConnectMultiple (node:net:1708:16) {
      errno: -111,
      code: 'ECONNREFUSED',
      syscall: 'connect',
      address: '127.0.0.1',
      port: 25566
    }
  ]
}
[chelios] Error: 
[chelios] Disconnected
[chelios] Starting autonomous agent...
[chelios] Waiting for spawn...
AggregateError [ECONNREFUSED]: 
    at internalConnectMultiple (node:net:1134:18)
    at afterConnectMultiple (node:net:1715:7) {
  code: 'ECONNREFUSED',
  [errors]: [
    Error: connect ECONNREFUSED ::1:25566
        at createConnectionError (node:net:1678:14)
        at afterConnectMultiple (node:net:1708:16) {
      errno: -111,
      code: 'ECONNREFUSED',
      syscall: 'connect',
      address: '::1',
      port: 25566
    },
    Error: connect ECONNREFUSED 127.0.0.1:25566
        at createConnectionError (node:net:1678:14)
        at afterConnectMultiple (node:net:1708:16) {
      errno: -111,
      code: 'ECONNREFUSED',
      syscall: 'connect',
      address: '127.0.0.1',
      port: 25566
    }
  ]
}
[chelios] Error: 
[chelios] Disconnected
[chelios] Starting autonomous agent...
[chelios] Waiting for spawn...
AggregateError [ECONNREFUSED]: 
    at internalConnectMultiple (node:net:1134:18)
    at afterConnectMultiple (node:net:1715:7) {
  code: 'ECONNREFUSED',
  [errors]: [
    Error: connect ECONNREFUSED ::1:25566
        at createConnectionError (node:net:1678:14)
        at afterConnectMultiple (node:net:1708:16) {
      errno: -111,
      code: 'ECONNREFUSED',
      syscall: 'connect',
      address: '::1',
      port: 25566
    },
    Error: connect ECONNREFUSED 127.0.0.1:25566
        at createConnectionError (node:net:1678:14)
        at afterConnectMultiple (node:net:1708:16) {
      errno: -111,
      code: 'ECONNREFUSED',
      syscall: 'connect',
      address: '127.0.0.1',
      port: 25566
    }
  ]
}
[chelios] Error: 
[chelios] Disconnected
[chelios] Starting autonomous agent...
[chelios] Waiting for spawn...
AggregateError [ECONNREFUSED]: 
    at internalConnectMultiple (node:net:1134:18)
    at afterConnectMultiple (node:net:1715:7) {
  code: 'ECONNREFUSED',
  [errors]: [
    Error: connect ECONNREFUSED ::1:25566
        at createConnectionError (node:net:1678:14)
        at afterConnectMultiple (node:net:1708:16) {
      errno: -111,
      code: 'ECONNREFUSED',
      syscall: 'connect',
      address: '::1',
      port: 25566
    },
    Error: connect ECONNREFUSED 127.0.0.1:25566
        at createConnectionError (node:net:1678:14)
        at afterConnectMultiple (node:net:1708:16) {
      errno: -111,
      code: 'ECONNREFUSED',
      syscall: 'connect',
      address: '127.0.0.1',
      port: 25566
    }
  ]
}
[chelios] Error: 
[chelios] Disconnected
[chelios] Starting autonomous agent...
[chelios] Waiting for spawn...
AggregateError [ECONNREFUSED]: 
    at internalConnectMultiple (node:net:1134:18)
    at afterConnectMultiple (node:net:1715:7) {
  code: 'ECONNREFUSED',
  [errors]: [
    Error: connect ECONNREFUSED ::1:25566
        at createConnectionError (node:net:1678:14)
        at afterConnectMultiple (node:net:1708:16) {
      errno: -111,
      code: 'ECONNREFUSED',
      syscall: 'connect',
      address: '::1',
      port: 25566
    },
    Error: connect ECONNREFUSED 127.0.0.1:25566
        at createConnectionError (node:net:1678:14)
        at afterConnectMultiple (node:net:1708:16) {
      errno: -111,
      code: 'ECONNREFUSED',
      syscall: 'connect',
      address: '127.0.0.1',
      port: 25566
    }
  ]
}
[chelios] Error: 
[chelios] Disconnected
[chelios] Starting autonomous agent...
[chelios] Waiting for spawn...
AggregateError [ETIMEDOUT]: 
    at internalConnectMultiple (node:net:1134:18)
    at afterConnectMultiple (node:net:1715:7) {
  code: 'ETIMEDOUT',
  [errors]: [
    Error: connect ETIMEDOUT ::1:25566
        at createConnectionError (node:net:1678:14)
        at Timeout.internalConnectMultipleTimeout (node:net:1737:38)
        at listOnTimeout (node:internal/timers:587:11)
        at process.processTimers (node:internal/timers:521:7) {
      errno: -110,
      code: 'ETIMEDOUT',
      syscall: 'connect',
      address: '::1',
      port: 25566
    },
    Error: connect ECONNREFUSED 127.0.0.1:25566
        at createConnectionError (node:net:1678:14)
        at afterConnectMultiple (node:net:1708:16) {
      errno: -111,
      code: 'ECONNREFUSED',
      syscall: 'connect',
      address: '127.0.0.1',
      port: 25566
    }
  ]
}
[chelios] Error: 
[chelios] Disconnected
[chelios] Starting autonomous agent...
[chelios] Waiting for spawn...
AggregateError [ECONNREFUSED]: 
    at internalConnectMultiple (node:net:1134:18)
    at afterConnectMultiple (node:net:1715:7) {
  code: 'ECONNREFUSED',
  [errors]: [
    Error: connect ECONNREFUSED ::1:25566
        at createConnectionError (node:net:1678:14)
        at afterConnectMultiple (node:net:1708:16) {
      errno: -111,
      code: 'ECONNREFUSED',
      syscall: 'connect',
      address: '::1',
      port: 25566
    },
    Error: connect ECONNREFUSED 127.0.0.1:25566
        at createConnectionError (node:net:1678:14)
        at afterConnectMultiple (node:net:1708:16) {
      errno: -111,
      code: 'ECONNREFUSED',
      syscall: 'connect',
      address: '127.0.0.1',
      port: 25566
    }
  ]
}
[chelios] Error: 
[chelios] Disconnected
[chelios] Starting autonomous agent...
[chelios] Waiting for spawn...
AggregateError [ECONNREFUSED]: 
    at internalConnectMultiple (node:net:1134:18)
    at afterConnectMultiple (node:net:1715:7) {
  code: 'ECONNREFUSED',
  [errors]: [
    Error: connect ECONNREFUSED ::1:25566
        at createConnectionError (node:net:1678:14)
        at afterConnectMultiple (node:net:1708:16) {
      errno: -111,
      code: 'ECONNREFUSED',
      syscall: 'connect',
      address: '::1',
      port: 25566
    },
    Error: connect ECONNREFUSED 127.0.0.1:25566
        at createConnectionError (node:net:1678:14)
        at afterConnectMultiple (node:net:1708:16) {
      errno: -111,
      code: 'ECONNREFUSED',
      syscall: 'connect',
      address: '127.0.0.1',
      port: 25566
    }
  ]
}
[chelios] Error: 
[chelios] Disconnected
[chelios] Starting autonomous agent...
[chelios] Waiting for spawn...
[chelios] Disconnected
[chelios] Starting autonomous agent...
[chelios] Waiting for spawn...
[chelios] Disconnected
[chelios] Starting autonomous agent...
[chelios] Waiting for spawn...
AggregateError [ECONNREFUSED]: 
    at internalConnectMultiple (node:net:1134:18)
    at afterConnectMultiple (node:net:1715:7) {
  code: 'ECONNREFUSED',
  [errors]: [
    Error: connect ECONNREFUSED ::1:25565
        at createConnectionError (node:net:1678:14)
        at afterConnectMultiple (node:net:1708:16) {
      errno: -111,
      code: 'ECONNREFUSED',
      syscall: 'connect',
      address: '::1',
      port: 25565
    },
    Error: connect ECONNREFUSED 127.0.0.1:25565
        at createConnectionError (node:net:1678:14)
        at afterConnectMultiple (node:net:1708:16) {
      errno: -111,
      code: 'ECONNREFUSED',
      syscall: 'connect',
      address: '127.0.0.1',
      port: 25565
    }
  ]
}
[chelios] Error: 
[chelios] Disconnected
[chelios] Starting autonomous agent...
[chelios] Waiting for spawn...
[chelios] Disconnected
[chelios] Starting autonomous agent...
[chelios] Waiting for spawn...
[chelios] Disconnected
[chelios] Starting autonomous agent...
[chelios] Waiting for spawn...
Error: read ECONNRESET
    at TCP.onStreamRead (node:internal/stream_base_commons:216:20) {
  errno: -104,
  code: 'ECONNRESET',
  syscall: 'read'
}
[chelios] Error: read ECONNRESET
[chelios] Disconnected
[chelios] Starting autonomous agent...
[chelios] Waiting for spawn...
[chelios] Disconnected
[chelios] Starting autonomous agent...
[chelios] Waiting for spawn...
[chelios] Starting autonomous agent...
[chelios] Waiting for spawn...
[chelios] Disconnected
Error: read ECONNRESET
    at TCP.onStreamRead (node:internal/stream_base_commons:216:20) {
  errno: -104,
  code: 'ECONNRESET',
  syscall: 'read'
}
[chelios] Error: read ECONNRESET
[chelios] Disconnected
[chelios] Starting autonomous agent...
[chelios] Waiting for spawn...
[chelios] Chat: patricia: Agent patricia online!
[chelios] ✅ Spawned in world at (-211.5, 65, -158.5)
[chelios] Connecting to Brain at ws://localhost:8767
[chelios] ✅ Brain connected
[chelios] Brain command: registered
[chelios] Chat: patricia2: Agent patricia2 online!
Error: client timed out after 30000 milliseconds
    at Timeout._onTimeout (/root/.openclaw/workspace/node_modules/minecraft-protocol/src/client/keepalive.js:18:28)
    at listOnTimeout (node:internal/timers:585:17)
    at process.processTimers (node:internal/timers:521:7)
[chelios] Error: client timed out after 30000 milliseconds
[chelios] Disconnected
[chelios] Starting autonomous agent...
[chelios] Waiting for spawn...
[chelios] ✅ Spawned in world at (-216.49991160424605, 64, -146.67814730187274)
[chelios] Connecting to Brain at ws://localhost:8767
[chelios] ✅ Brain connected
[chelios] Brain command: registered
Error: write ECONNRESET
    at afterWriteDispatched (node:internal/stream_base_commons:159:15)
    at writeGeneric (node:internal/stream_base_commons:150:3)
    at Socket._writeGeneric (node:net:966:11)
    at Socket._write (node:net:978:8)
    at writeOrBuffer (node:internal/streams/writable:572:12)
    at _write (node:internal/streams/writable:501:10)
    at Writable.write (node:internal/streams/writable:510:10)
    at Framer.ondata (/root/.openclaw/workspace/node_modules/readable-stream/lib/internal/streams/readable.js:707:22)
    at Framer.emit (node:events:519:28)
    at addChunk (/root/.openclaw/workspace/node_modules/readable-stream/lib/internal/streams/readable.js:323:12) {
  errno: -104,
  code: 'ECONNRESET',
  syscall: 'write'
}
[chelios] Error: write ECONNRESET
[chelios] Disconnected
[chelios] Starting autonomous agent...
[chelios] Waiting for spawn...
[chelios] Disconnected
[chelios] Starting autonomous agent...
[chelios] Waiting for spawn...
[chelios] ✅ Spawned in world at (-216.49991160424605, 64, -146.67814730187274)
[chelios] Connecting to Brain at ws://localhost:8767
[chelios] ✅ Brain connected
[chelios] Brain command: registered
Error: write EPIPE
    at afterWriteDispatched (node:internal/stream_base_commons:159:15)
    at writeGeneric (node:internal/stream_base_commons:150:3)
    at Socket._writeGeneric (node:net:966:11)
    at Socket._write (node:net:978:8)
    at writeOrBuffer (node:internal/streams/writable:572:12)
    at _write (node:internal/streams/writable:501:10)
    at Writable.write (node:internal/streams/writable:510:10)
    at Framer.ondata (/root/.openclaw/workspace/node_modules/readable-stream/lib/internal/streams/readable.js:707:22)
    at Framer.emit (node:events:519:28)
    at addChunk (/root/.openclaw/workspace/node_modules/readable-stream/lib/internal/streams/readable.js:323:12) {
  errno: -32,
  code: 'EPIPE',
  syscall: 'write'
}
[chelios] Error: write EPIPE
[chelios] Disconnected
[chelios] Starting autonomous agent...
[chelios] Waiting for spawn...
[chelios] ✅ Spawned in world at (-208.43905599678783, 64, -151.54606297201295)
[chelios] Connecting to Brain at ws://localhost:8767
[chelios] ✅ Brain connected
[chelios] Brain command: registered
Error: write ECONNRESET
    at afterWriteDispatched (node:internal/stream_base_commons:159:15)
    at writeGeneric (node:internal/stream_base_commons:150:3)
    at Socket._writeGeneric (node:net:966:11)
    at Socket._write (node:net:978:8)
    at writeOrBuffer (node:internal/streams/writable:572:12)
    at _write (node:internal/streams/writable:501:10)
    at Writable.write (node:internal/streams/writable:510:10)
    at Framer.ondata (/root/.openclaw/workspace/node_modules/readable-stream/lib/internal/streams/readable.js:707:22)
    at Framer.emit (node:events:519:28)
    at addChunk (/root/.openclaw/workspace/node_modules/readable-stream/lib/internal/streams/readable.js:323:12) {
  errno: -104,
  code: 'ECONNRESET',
  syscall: 'write'
}
[chelios] Error: write ECONNRESET
[chelios] Disconnected
[chelios] Starting autonomous agent...
[chelios] Waiting for spawn...
[chelios] ✅ Spawned in world at (-211.503531225806, 65, -158.5)
[chelios] Connecting to Brain at ws://localhost:8767
[chelios] ✅ Brain connected
[chelios] Brain command: registered
Error: write EPIPE
    at afterWriteDispatched (node:internal/stream_base_commons:159:15)
    at writeGeneric (node:internal/stream_base_commons:150:3)
    at Socket._writeGeneric (node:net:966:11)
    at Socket._write (node:net:978:8)
    at writeOrBuffer (node:internal/streams/writable:572:12)
    at _write (node:internal/streams/writable:501:10)
    at Writable.write (node:internal/streams/writable:510:10)
    at Framer.ondata (/root/.openclaw/workspace/node_modules/readable-stream/lib/internal/streams/readable.js:707:22)
    at Framer.emit (node:events:519:28)
    at addChunk (/root/.openclaw/workspace/node_modules/readable-stream/lib/internal/streams/readable.js:323:12) {
  errno: -32,
  code: 'EPIPE',
  syscall: 'write'
}
[chelios] Error: write EPIPE
[chelios] Disconnected
[chelios] Starting autonomous agent...
[chelios] Waiting for spawn...
[chelios] Disconnected
[chelios] Starting autonomous agent...
[chelios] Waiting for spawn...
[chelios] ✅ Spawned in world at (-207.5, 65, -156.50039799678802)
[chelios] Connecting to Brain at ws://localhost:8767
[chelios] ✅ Brain connected
[chelios] Brain command: registered
Error: write EPIPE
    at afterWriteDispatched (node:internal/stream_base_commons:159:15)
    at writeGeneric (node:internal/stream_base_commons:150:3)
    at Socket._writeGeneric (node:net:966:11)
    at Socket._write (node:net:978:8)
    at writeOrBuffer (node:internal/streams/writable:572:12)
    at _write (node:internal/streams/writable:501:10)
    at Writable.write (node:internal/streams/writable:510:10)
    at Framer.ondata (/root/.openclaw/workspace/node_modules/readable-stream/lib/internal/streams/readable.js:707:22)
    at Framer.emit (node:events:519:28)
    at addChunk (/root/.openclaw/workspace/node_modules/readable-stream/lib/internal/streams/readable.js:323:12) {
  errno: -32,
  code: 'EPIPE',
  syscall: 'write'
}
[chelios] Error: write EPIPE
[chelios] Disconnected
[chelios] Starting autonomous agent...
[chelios] Waiting for spawn...
[chelios] ✅ Spawned in world at (-208.52129771095466, 65, -153.6086727594504)
[chelios] Connecting to Brain at ws://localhost:8767
[chelios] ✅ Brain connected
[chelios] Brain command: registered
[chelios] Chat: chelios2: Agent chelios2 online!
[chelios] Disconnected
[chelios] Starting autonomous agent...
[chelios] Waiting for spawn...
[chelios] ✅ Spawned in world at (-215.49999958967476, 64, -149.62885840263604)
[chelios] Connecting to Brain at ws://localhost:8767
[chelios] ✅ Brain connected
[chelios] Brain command: registered
[chelios] Chat: patricia: Agent patricia online!
[chelios] Chat: forge2: Agent forge2 online!
[chelios] Chat: chelios2: Agent chelios2 online!
Error: write EPIPE
    at afterWriteDispatched (node:internal/stream_base_commons:159:15)
    at writeGeneric (node:internal/stream_base_commons:150:3)
    at Socket._writeGeneric (node:net:966:11)
    at Socket._write (node:net:978:8)
    at writeOrBuffer (node:internal/streams/writable:572:12)
    at _write (node:internal/streams/writable:501:10)
    at Writable.write (node:internal/streams/writable:510:10)
    at Framer.ondata (/root/.openclaw/workspace/node_modules/readable-stream/lib/internal/streams/readable.js:707:22)
    at Framer.emit (node:events:519:28)
    at addChunk (/root/.openclaw/workspace/node_modules/readable-stream/lib/internal/streams/readable.js:323:12) {
  errno: -32,
  code: 'EPIPE',
  syscall: 'write'
}
[chelios] Error: write EPIPE
[chelios] Disconnected
[chelios] Starting autonomous agent...
[chelios] Waiting for spawn...
[chelios] ✅ Spawned in world at (-217.58627210575864, 64, -138.5)
[chelios] Connecting to Brain at ws://localhost:8767
[chelios] ✅ Brain connected
[chelios] Brain command: registered
[chelios] Chat: patricia2: Agent patricia2 online!
[chelios] Chat: forge2: Agent forge2 online!
[chelios] Starting autonomous agent...
[chelios] Waiting for spawn...
Error: write ECONNRESET
    at afterWriteDispatched (node:internal/stream_base_commons:159:15)
    at writeGeneric (node:internal/stream_base_commons:150:3)
    at Socket._writeGeneric (node:net:966:11)
    at Socket._write (node:net:978:8)
    at writeOrBuffer (node:internal/streams/writable:572:12)
    at _write (node:internal/streams/writable:501:10)
    at Writable.write (node:internal/streams/writable:510:10)
    at Framer.ondata (/root/.openclaw/workspace/node_modules/readable-stream/lib/internal/streams/readable.js:707:22)
    at Framer.emit (node:events:519:28)
    at addChunk (/root/.openclaw/workspace/node_modules/readable-stream/lib/internal/streams/readable.js:323:12) {
  errno: -104,
  code: 'ECONNRESET',
  syscall: 'write'
}
[chelios] Error: write ECONNRESET
[chelios] Disconnected
[chelios] ✅ Spawned in world at (-229.5, 59.58053466913358, -136.5)
[chelios] Connecting to Brain at ws://localhost:8767
[chelios] Chat: forge: Agent forge online!
[chelios] ✅ Brain connected
[chelios] Brain command: registered
Error: write ECONNRESET
    at afterWriteDispatched (node:internal/stream_base_commons:159:15)
    at writeGeneric (node:internal/stream_base_commons:150:3)
    at Socket._writeGeneric (node:net:966:11)
    at Socket._write (node:net:978:8)
    at writeOrBuffer (node:internal/streams/writable:572:12)
    at _write (node:internal/streams/writable:501:10)
    at Writable.write (node:internal/streams/writable:510:10)
    at Framer.ondata (/root/.openclaw/workspace/node_modules/readable-stream/lib/internal/streams/readable.js:707:22)
    at Framer.emit (node:events:519:28)
    at addChunk (/root/.openclaw/workspace/node_modules/readable-stream/lib/internal/streams/readable.js:323:12) {
  errno: -104,
  code: 'ECONNRESET',
  syscall: 'write'
}
[chelios] Error: write ECONNRESET
[chelios] Disconnected
[chelios] Starting autonomous agent...
[chelios] Waiting for spawn...
[chelios] Chat: forge: Agent forge online!
[chelios] ✅ Spawned in world at (-227.06152424012274, 62.06093077521902, -137.66170551594695)
[chelios] Connecting to Brain at ws://localhost:8767
[chelios] ✅ Brain connected
[chelios] Brain command: registered
Error: write ECONNRESET
    at afterWriteDispatched (node:internal/stream_base_commons:159:15)
    at writeGeneric (node:internal/stream_base_commons:150:3)
    at Socket._writeGeneric (node:net:966:11)
    at Socket._write (node:net:978:8)
    at writeOrBuffer (node:internal/streams/writable:572:12)
    at _write (node:internal/streams/writable:501:10)
    at Writable.write (node:internal/streams/writable:510:10)
    at Framer.ondata (/root/.openclaw/workspace/node_modules/readable-stream/lib/internal/streams/readable.js:707:22)
    at Framer.emit (node:events:519:28)
    at addChunk (/root/.openclaw/workspace/node_modules/readable-stream/lib/internal/streams/readable.js:323:12) {
  errno: -104,
  code: 'ECONNRESET',
  syscall: 'write'
}
[chelios] Error: write ECONNRESET
[chelios] Disconnected
[chelios] Starting autonomous agent...
[chelios] Waiting for spawn...
[chelios] ✅ Spawned in world at (-228.8885206714707, 62.70004709135193, -140.3629091823983)
[chelios] Connecting to Brain at ws://localhost:8767
[chelios] ✅ Brain connected
[chelios] Brain command: registered
[chelios] Chat: forge: Agent forge online!
Error: write EPIPE
    at afterWriteDispatched (node:internal/stream_base_commons:159:15)
    at writeGeneric (node:internal/stream_base_commons:150:3)
    at Socket._writeGeneric (node:net:966:11)
    at Socket._write (node:net:978:8)
    at writeOrBuffer (node:internal/streams/writable:572:12)
    at _write (node:internal/streams/writable:501:10)
    at Writable.write (node:internal/streams/writable:510:10)
    at Framer.ondata (/root/.openclaw/workspace/node_modules/readable-stream/lib/internal/streams/readable.js:707:22)
    at Framer.emit (node:events:519:28)
    at addChunk (/root/.openclaw/workspace/node_modules/readable-stream/lib/internal/streams/readable.js:323:12) {
  errno: -32,
  code: 'EPIPE',
  syscall: 'write'
}
[chelios] Error: write EPIPE
[chelios] Disconnected
[chelios] Starting autonomous agent...
[chelios] Waiting for spawn...
[chelios] ✅ Spawned in world at (-221.3, 62.17158560930964, -135.73864929843867)
[chelios] Connecting to Brain at ws://localhost:8767
[chelios] ✅ Brain connected
[chelios] Brain command: registered
Error: write EPIPE
    at afterWriteDispatched (node:internal/stream_base_commons:159:15)
    at writeGeneric (node:internal/stream_base_commons:150:3)
    at Socket._writeGeneric (node:net:966:11)
    at Socket._write (node:net:978:8)
    at writeOrBuffer (node:internal/streams/writable:572:12)
    at _write (node:internal/streams/writable:501:10)
    at Writable.write (node:internal/streams/writable:510:10)
    at Framer.ondata (/root/.openclaw/workspace/node_modules/readable-stream/lib/internal/streams/readable.js:707:22)
    at Framer.emit (node:events:519:28)
    at addChunk (/root/.openclaw/workspace/node_modules/readable-stream/lib/internal/streams/readable.js:323:12) {
  errno: -32,
  code: 'EPIPE',
  syscall: 'write'
}
[chelios] Error: write EPIPE
[chelios] Disconnected
[chelios] Starting autonomous agent...
[chelios] Waiting for spawn...
[chelios] Chat: forge: Agent forge online!
[chelios] ✅ Spawned in world at (-223.5, 61, -135.55659642953808)
[chelios] Connecting to Brain at ws://localhost:8767
[chelios] ✅ Brain connected
[chelios] Brain command: registered
[chelios] Chat: patricia2: Agent patricia2 online!
[chelios] Chat: chelios2: Agent chelios2 online!
[chelios] Starting autonomous agent...
[chelios] Waiting for spawn...
[chelios] Disconnected
[chelios] ✅ Spawned in world at (-179.67640456708352, 66, -112.32321541015946)
[chelios] Connecting to Brain at ws://localhost:8767
[chelios] ✅ Brain connected
[chelios] Brain command: registered
Error: write EPIPE
    at afterWriteDispatched (node:internal/stream_base_commons:159:15)
    at writeGeneric (node:internal/stream_base_commons:150:3)
    at Socket._writeGeneric (node:net:966:11)
    at Socket._write (node:net:978:8)
    at writeOrBuffer (node:internal/streams/writable:572:12)
    at _write (node:internal/streams/writable:501:10)
    at Writable.write (node:internal/streams/writable:510:10)
    at Framer.ondata (/root/.openclaw/workspace/node_modules/readable-stream/lib/internal/streams/readable.js:707:22)
    at Framer.emit (node:events:519:28)
    at addChunk (/root/.openclaw/workspace/node_modules/readable-stream/lib/internal/streams/readable.js:323:12) {
  errno: -32,
  code: 'EPIPE',
  syscall: 'write'
}
[chelios] Error: write EPIPE
[chelios] Disconnected
[chelios] Starting autonomous agent...
[chelios] Waiting for spawn...
[chelios] ✅ Spawned in world at (-177.5, 66, -112.52129383674395)
[chelios] Connecting to Brain at ws://localhost:8767
[chelios] ✅ Brain connected
[chelios] Brain command: registered
Error: write ECONNRESET
    at afterWriteDispatched (node:internal/stream_base_commons:159:15)
    at writeGeneric (node:internal/stream_base_commons:150:3)
    at Socket._writeGeneric (node:net:966:11)
    at Socket._write (node:net:978:8)
    at writeOrBuffer (node:internal/streams/writable:572:12)
    at _write (node:internal/streams/writable:501:10)
    at Writable.write (node:internal/streams/writable:510:10)
    at Framer.ondata (/root/.openclaw/workspace/node_modules/readable-stream/lib/internal/streams/readable.js:707:22)
    at Framer.emit (node:events:519:28)
    at addChunk (/root/.openclaw/workspace/node_modules/readable-stream/lib/internal/streams/readable.js:323:12) {
  errno: -104,
  code: 'ECONNRESET',
  syscall: 'write'
}
[chelios] Error: write ECONNRESET
[chelios] Disconnected
[chelios] Starting autonomous agent...
[chelios] Waiting for spawn...
[chelios] ✅ Spawned in world at (-177.5, 66, -112.52129383674395)
[chelios] Connecting to Brain at ws://localhost:8767
[chelios] ✅ Brain connected
[chelios] Brain command: registered
[chelios] Chat: aurora: Agent aurora online!
Error: write EPIPE
    at afterWriteDispatched (node:internal/stream_base_commons:159:15)
    at writeGeneric (node:internal/stream_base_commons:150:3)
    at Socket._writeGeneric (node:net:966:11)
    at Socket._write (node:net:978:8)
    at writeOrBuffer (node:internal/streams/writable:572:12)
    at _write (node:internal/streams/writable:501:10)
    at Writable.write (node:internal/streams/writable:510:10)
    at Framer.ondata (/root/.openclaw/workspace/node_modules/readable-stream/lib/internal/streams/readable.js:707:22)
    at Framer.emit (node:events:519:28)
    at addChunk (/root/.openclaw/workspace/node_modules/readable-stream/lib/internal/streams/readable.js:323:12) {
  errno: -32,
  code: 'EPIPE',
  syscall: 'write'
}
[chelios] Error: write EPIPE
[chelios] Disconnected
[chelios] Starting autonomous agent...
[chelios] Waiting for spawn...
[chelios] ✅ Spawned in world at (-174.66388894715672, 65.25216339784834, -107.50026310336675)
[chelios] Connecting to Brain at ws://localhost:8767
[chelios] ✅ Brain connected
[chelios] Brain command: registered
Error: write EPIPE
    at afterWriteDispatched (node:internal/stream_base_commons:159:15)
    at writeGeneric (node:internal/stream_base_commons:150:3)
    at Socket._writeGeneric (node:net:966:11)
    at Socket._write (node:net:978:8)
    at writeOrBuffer (node:internal/streams/writable:572:12)
    at _write (node:internal/streams/writable:501:10)
    at Writable.write (node:internal/streams/writable:510:10)
    at Framer.ondata (/root/.openclaw/workspace/node_modules/readable-stream/lib/internal/streams/readable.js:707:22)
    at Framer.emit (node:events:519:28)
    at addChunk (/root/.openclaw/workspace/node_modules/readable-stream/lib/internal/streams/readable.js:323:12) {
  errno: -32,
  code: 'EPIPE',
  syscall: 'write'
}
[chelios] Error: write EPIPE
[chelios] Disconnected
[chelios] Starting autonomous agent...
[chelios] Waiting for spawn...
[chelios] ✅ Spawned in world at (-174.66388894715672, 65, -107.50026310336675)
[chelios] Connecting to Brain at ws://localhost:8767
[chelios] ✅ Brain connected
[chelios] Brain command: registered
[chelios] Chat: patricia: Agent patricia online!
Error: write EPIPE
    at afterWriteDispatched (node:internal/stream_base_commons:159:15)
    at writeGeneric (node:internal/stream_base_commons:150:3)
    at Socket._writeGeneric (node:net:966:11)
    at Socket._write (node:net:978:8)
    at writeOrBuffer (node:internal/streams/writable:572:12)
    at _write (node:internal/streams/writable:501:10)
    at Writable.write (node:internal/streams/writable:510:10)
    at Framer.ondata (/root/.openclaw/workspace/node_modules/readable-stream/lib/internal/streams/readable.js:707:22)
    at Framer.emit (node:events:519:28)
    at addChunk (/root/.openclaw/workspace/node_modules/readable-stream/lib/internal/streams/readable.js:323:12) {
  errno: -32,
  code: 'EPIPE',
  syscall: 'write'
}
[chelios] Error: write EPIPE
[chelios] Disconnected
[chelios] Starting autonomous agent...
[chelios] Waiting for spawn...
[chelios] ✅ Spawned in world at (-173.46331349435405, 65, -109.31413757370704)
[chelios] Connecting to Brain at ws://localhost:8767
[chelios] ✅ Brain connected
[chelios] Brain command: registered
Error: write EPIPE
    at afterWriteDispatched (node:internal/stream_base_commons:159:15)
    at writeGeneric (node:internal/stream_base_commons:150:3)
    at Socket._writeGeneric (node:net:966:11)
    at Socket._write (node:net:978:8)
    at writeOrBuffer (node:internal/streams/writable:572:12)
    at _write (node:internal/streams/writable:501:10)
    at Writable.write (node:internal/streams/writable:510:10)
    at Framer.ondata (/root/.openclaw/workspace/node_modules/readable-stream/lib/internal/streams/readable.js:707:22)
    at Framer.emit (node:events:519:28)
    at addChunk (/root/.openclaw/workspace/node_modules/readable-stream/lib/internal/streams/readable.js:323:12) {
  errno: -32,
  code: 'EPIPE',
  syscall: 'write'
}
[chelios] Error: write EPIPE
[chelios] Disconnected
[chelios] Starting autonomous agent...
[chelios] Waiting for spawn...
[chelios] ✅ Spawned in world at (-180.5, 66, -104.49532553869253)
[chelios] Connecting to Brain at ws://localhost:8767
[chelios] ✅ Brain connected
[chelios] Brain command: registered
Error: write EPIPE
    at afterWriteDispatched (node:internal/stream_base_commons:159:15)
    at writeGeneric (node:internal/stream_base_commons:150:3)
    at Socket._writeGeneric (node:net:966:11)
    at Socket._write (node:net:978:8)
    at writeOrBuffer (node:internal/streams/writable:572:12)
    at _write (node:internal/streams/writable:501:10)
    at Writable.write (node:internal/streams/writable:510:10)
    at Framer.ondata (/root/.openclaw/workspace/node_modules/readable-stream/lib/internal/streams/readable.js:707:22)
    at Framer.emit (node:events:519:28)
    at addChunk (/root/.openclaw/workspace/node_modules/readable-stream/lib/internal/streams/readable.js:323:12) {
  errno: -32,
  code: 'EPIPE',
  syscall: 'write'
}
[chelios] Error: write EPIPE
[chelios] Disconnected
[chelios] Starting autonomous agent...
[chelios] Waiting for spawn...
[chelios] ✅ Spawned in world at (-186.5, 66, -106.49971579688516)
[chelios] Connecting to Brain at ws://localhost:8767
[chelios] ✅ Brain connected
[chelios] Brain command: registered
[chelios] Chat: forge: Agent forge online!
Error: write EPIPE
    at afterWriteDispatched (node:internal/stream_base_commons:159:15)
    at writeGeneric (node:internal/stream_base_commons:150:3)
    at Socket._writeGeneric (node:net:966:11)
    at Socket._write (node:net:978:8)
    at writeOrBuffer (node:internal/streams/writable:572:12)
    at _write (node:internal/streams/writable:501:10)
    at Writable.write (node:internal/streams/writable:510:10)
    at Framer.ondata (/root/.openclaw/workspace/node_modules/readable-stream/lib/internal/streams/readable.js:707:22)
    at Framer.emit (node:events:519:28)
    at addChunk (/root/.openclaw/workspace/node_modules/readable-stream/lib/internal/streams/readable.js:323:12) {
  errno: -32,
  code: 'EPIPE',
  syscall: 'write'
}
[chelios] Error: write EPIPE
[chelios] Disconnected
[chelios] Starting autonomous agent...
[chelios] Waiting for spawn...
[chelios] Disconnected
[chelios] Starting autonomous agent...
[chelios] Waiting for spawn...
[chelios] ✅ Spawned in world at (-192.37243240274188, 66, -105.5)
[chelios] Connecting to Brain at ws://localhost:8767
[chelios] ✅ Brain connected
[chelios] Brain command: registered
Error: write EPIPE
    at afterWriteDispatched (node:internal/stream_base_commons:159:15)
    at writeGeneric (node:internal/stream_base_commons:150:3)
    at Socket._writeGeneric (node:net:966:11)
    at Socket._write (node:net:978:8)
    at writeOrBuffer (node:internal/streams/writable:572:12)
    at _write (node:internal/streams/writable:501:10)
    at Writable.write (node:internal/streams/writable:510:10)
    at Framer.ondata (/root/.openclaw/workspace/node_modules/readable-stream/lib/internal/streams/readable.js:707:22)
    at Framer.emit (node:events:519:28)
    at addChunk (/root/.openclaw/workspace/node_modules/readable-stream/lib/internal/streams/readable.js:323:12) {
  errno: -32,
  code: 'EPIPE',
  syscall: 'write'
}
[chelios] Error: write EPIPE
[chelios] Disconnected
[chelios] Starting autonomous agent...
[chelios] Waiting for spawn...
[chelios] ✅ Spawned in world at (-192.5018909822559, 66, -99.62806128307795)
[chelios] Connecting to Brain at ws://localhost:8767
[chelios] ✅ Brain connected
[chelios] Brain command: registered
Error: write ECONNRESET
    at afterWriteDispatched (node:internal/stream_base_commons:159:15)
    at writeGeneric (node:internal/stream_base_commons:150:3)
    at Socket._writeGeneric (node:net:966:11)
    at Socket._write (node:net:978:8)
    at writeOrBuffer (node:internal/streams/writable:572:12)
    at _write (node:internal/streams/writable:501:10)
    at Writable.write (node:internal/streams/writable:510:10)
    at Framer.ondata (/root/.openclaw/workspace/node_modules/readable-stream/lib/internal/streams/readable.js:707:22)
    at Framer.emit (node:events:519:28)
    at addChunk (/root/.openclaw/workspace/node_modules/readable-stream/lib/internal/streams/readable.js:323:12) {
  errno: -104,
  code: 'ECONNRESET',
  syscall: 'write'
}
[chelios] Error: write ECONNRESET
[chelios] Disconnected
[chelios] Starting autonomous agent...
[chelios] Waiting for spawn...
[chelios] ✅ Spawned in world at (-192.5018909822559, 66, -99.62806128307795)
[chelios] Connecting to Brain at ws://localhost:8767
[chelios] ✅ Brain connected
[chelios] Brain command: registered
Error: write ECONNRESET
    at afterWriteDispatched (node:internal/stream_base_commons:159:15)
    at writeGeneric (node:internal/stream_base_commons:150:3)
    at Socket._writeGeneric (node:net:966:11)
    at Socket._write (node:net:978:8)
    at writeOrBuffer (node:internal/streams/writable:572:12)
    at _write (node:internal/streams/writable:501:10)
    at Writable.write (node:internal/streams/writable:510:10)
    at Framer.ondata (/root/.openclaw/workspace/node_modules/readable-stream/lib/internal/streams/readable.js:707:22)
    at Framer.emit (node:events:519:28)
    at addChunk (/root/.openclaw/workspace/node_modules/readable-stream/lib/internal/streams/readable.js:323:12) {
  errno: -104,
  code: 'ECONNRESET',
  syscall: 'write'
}
[chelios] Error: write ECONNRESET
[chelios] Disconnected
[chelios] Starting autonomous agent...
[chelios] Waiting for spawn...
[chelios] ✅ Spawned in world at (-189.5, 66, -104.49906447783557)
[chelios] Connecting to Brain at ws://localhost:8767
[chelios] ✅ Brain connected
[chelios] Brain command: registered
Error: write EPIPE
    at afterWriteDispatched (node:internal/stream_base_commons:159:15)
    at writeGeneric (node:internal/stream_base_commons:150:3)
    at Socket._writeGeneric (node:net:966:11)
    at Socket._write (node:net:978:8)
    at writeOrBuffer (node:internal/streams/writable:572:12)
    at _write (node:internal/streams/writable:501:10)
    at Writable.write (node:internal/streams/writable:510:10)
    at Framer.ondata (/root/.openclaw/workspace/node_modules/readable-stream/lib/internal/streams/readable.js:707:22)
    at Framer.emit (node:events:519:28)
    at addChunk (/root/.openclaw/workspace/node_modules/readable-stream/lib/internal/streams/readable.js:323:12) {
  errno: -32,
  code: 'EPIPE',
  syscall: 'write'
}
[chelios] Error: write EPIPE
[chelios] Disconnected
[chelios] Starting autonomous agent...
[chelios] Waiting for spawn...
[chelios] Disconnected
[chelios] Starting autonomous agent...
[chelios] Waiting for spawn...
[chelios] Disconnected
[chelios] Starting autonomous agent...
[chelios] Waiting for spawn...
[chelios] ✅ Spawned in world at (-182.50156249856545, 66, -101.62654433050382)
[chelios] Connecting to Brain at ws://localhost:8767
[chelios] ✅ Brain connected
[chelios] Brain command: registered
Error: write EPIPE
    at afterWriteDispatched (node:internal/stream_base_commons:159:15)
    at writeGeneric (node:internal/stream_base_commons:150:3)
    at Socket._writeGeneric (node:net:966:11)
    at Socket._write (node:net:978:8)
    at writeOrBuffer (node:internal/streams/writable:572:12)
    at _write (node:internal/streams/writable:501:10)
    at Writable.write (node:internal/streams/writable:510:10)
    at Framer.ondata (/root/.openclaw/workspace/node_modules/readable-stream/lib/internal/streams/readable.js:707:22)
    at Framer.emit (node:events:519:28)
    at addChunk (/root/.openclaw/workspace/node_modules/readable-stream/lib/internal/streams/readable.js:323:12) {
  errno: -32,
  code: 'EPIPE',
  syscall: 'write'
}
[chelios] Error: write EPIPE
[chelios] Disconnected
[chelios] Starting autonomous agent...
[chelios] Waiting for spawn...
[chelios] ✅ Spawned in world at (-178.38849861859754, 65, -100.5)
[chelios] Connecting to Brain at ws://localhost:8767
[chelios] ✅ Brain connected
[chelios] Brain command: registered
Error: write EPIPE
    at afterWriteDispatched (node:internal/stream_base_commons:159:15)
    at writeGeneric (node:internal/stream_base_commons:150:3)
    at Socket._writeGeneric (node:net:966:11)
    at Socket._write (node:net:978:8)
    at writeOrBuffer (node:internal/streams/writable:572:12)
    at _write (node:internal/streams/writable:501:10)
    at Writable.write (node:internal/streams/writable:510:10)
    at Framer.ondata (/root/.openclaw/workspace/node_modules/readable-stream/lib/internal/streams/readable.js:707:22)
    at Framer.emit (node:events:519:28)
    at addChunk (/root/.openclaw/workspace/node_modules/readable-stream/lib/internal/streams/readable.js:323:12) {
  errno: -32,
  code: 'EPIPE',
  syscall: 'write'
}
[chelios] Error: write EPIPE
[chelios] Disconnected
[chelios] Starting autonomous agent...
[chelios] Waiting for spawn...
[chelios] Disconnected
[chelios] Starting autonomous agent...
[chelios] Waiting for spawn...
[chelios] ✅ Spawned in world at (-176.65878969565122, 65, -103.35541988910117)
[chelios] Connecting to Brain at ws://localhost:8767
[chelios] ✅ Brain connected
[chelios] Brain command: registered
Error: write EPIPE
    at afterWriteDispatched (node:internal/stream_base_commons:159:15)
    at writeGeneric (node:internal/stream_base_commons:150:3)
    at Socket._writeGeneric (node:net:966:11)
    at Socket._write (node:net:978:8)
    at writeOrBuffer (node:internal/streams/writable:572:12)
    at _write (node:internal/streams/writable:501:10)
    at Writable.write (node:internal/streams/writable:510:10)
    at Framer.ondata (/root/.openclaw/workspace/node_modules/readable-stream/lib/internal/streams/readable.js:707:22)
    at Framer.emit (node:events:519:28)
    at addChunk (/root/.openclaw/workspace/node_modules/readable-stream/lib/internal/streams/readable.js:323:12) {
  errno: -32,
  code: 'EPIPE',
  syscall: 'write'
}
[chelios] Error: write EPIPE
[chelios] Disconnected
[chelios] Starting autonomous agent...
[chelios] Waiting for spawn...
[chelios] ✅ Spawned in world at (-182.50047525334392, 66, -95.5)
[chelios] Connecting to Brain at ws://localhost:8767
[chelios] ✅ Brain connected
[chelios] Brain command: registered
Error: write EPIPE
    at afterWriteDispatched (node:internal/stream_base_commons:159:15)
    at writeGeneric (node:internal/stream_base_commons:150:3)
    at Socket._writeGeneric (node:net:966:11)
    at Socket._write (node:net:978:8)
    at writeOrBuffer (node:internal/streams/writable:572:12)
    at _write (node:internal/streams/writable:501:10)
    at Writable.write (node:internal/streams/writable:510:10)
    at Framer.ondata (/root/.openclaw/workspace/node_modules/readable-stream/lib/internal/streams/readable.js:707:22)
    at Framer.emit (node:events:519:28)
    at addChunk (/root/.openclaw/workspace/node_modules/readable-stream/lib/internal/streams/readable.js:323:12) {
  errno: -32,
  code: 'EPIPE',
  syscall: 'write'
}
[chelios] Error: write EPIPE
[chelios] Disconnected
[chelios] Starting autonomous agent...
[chelios] Waiting for spawn...
[chelios] ✅ Spawned in world at (-187.52574335980677, 66, -96.5)
[chelios] Connecting to Brain at ws://localhost:8767
[chelios] ✅ Brain connected
[chelios] Brain command: registered
Error: write EPIPE
    at afterWriteDispatched (node:internal/stream_base_commons:159:15)
    at writeGeneric (node:internal/stream_base_commons:150:3)
    at Socket._writeGeneric (node:net:966:11)
    at Socket._write (node:net:978:8)
    at writeOrBuffer (node:internal/streams/writable:572:12)
    at _write (node:internal/streams/writable:501:10)
    at Writable.write (node:internal/streams/writable:510:10)
    at Framer.ondata (/root/.openclaw/workspace/node_modules/readable-stream/lib/internal/streams/readable.js:707:22)
    at Framer.emit (node:events:519:28)
    at addChunk (/root/.openclaw/workspace/node_modules/readable-stream/lib/internal/streams/readable.js:323:12) {
  errno: -32,
  code: 'EPIPE',
  syscall: 'write'
}
[chelios] Error: write EPIPE
[chelios] Disconnected
[chelios] Starting autonomous agent...
[chelios] Waiting for spawn...
[chelios] ✅ Spawned in world at (-188.57301439997684, 66, -90.62448257707659)
[chelios] Connecting to Brain at ws://localhost:8767
[chelios] ✅ Brain connected
[chelios] Brain command: registered
Error: write EPIPE
    at afterWriteDispatched (node:internal/stream_base_commons:159:15)
    at writeGeneric (node:internal/stream_base_commons:150:3)
    at Socket._writeGeneric (node:net:966:11)
    at Socket._write (node:net:978:8)
    at writeOrBuffer (node:internal/streams/writable:572:12)
    at _write (node:internal/streams/writable:501:10)
    at Writable.write (node:internal/streams/writable:510:10)
    at Framer.ondata (/root/.openclaw/workspace/node_modules/readable-stream/lib/internal/streams/readable.js:707:22)
    at Framer.emit (node:events:519:28)
    at addChunk (/root/.openclaw/workspace/node_modules/readable-stream/lib/internal/streams/readable.js:323:12) {
  errno: -32,
  code: 'EPIPE',
  syscall: 'write'
}
[chelios] Error: write EPIPE
[chelios] Disconnected
[chelios] Starting autonomous agent...
[chelios] Waiting for spawn...
[chelios] Disconnected
[chelios] Starting autonomous agent...
[chelios] Waiting for spawn...
[chelios] ✅ Spawned in world at (-183.9675003062791, 66, -86.96626102161244)
[chelios] Connecting to Brain at ws://localhost:8767
[chelios] ✅ Brain connected
[chelios] Brain command: registered
Error: write EPIPE
    at afterWriteDispatched (node:internal/stream_base_commons:159:15)
    at writeGeneric (node:internal/stream_base_commons:150:3)
    at Socket._writeGeneric (node:net:966:11)
    at Socket._write (node:net:978:8)
    at writeOrBuffer (node:internal/streams/writable:572:12)
    at _write (node:internal/streams/writable:501:10)
    at Writable.write (node:internal/streams/writable:510:10)
    at Framer.ondata (/root/.openclaw/workspace/node_modules/readable-stream/lib/internal/streams/readable.js:707:22)
    at Framer.emit (node:events:519:28)
    at addChunk (/root/.openclaw/workspace/node_modules/readable-stream/lib/internal/streams/readable.js:323:12) {
  errno: -32,
  code: 'EPIPE',
  syscall: 'write'
}
[chelios] Error: write EPIPE
[chelios] Disconnected
[chelios] Starting autonomous agent...
[chelios] Waiting for spawn...
[chelios] Chat: patricia: Agent patricia online!
[chelios] ✅ Spawned in world at (-182.65676524407593, 66, -85.62497088901969)
[chelios] Connecting to Brain at ws://localhost:8767
[chelios] ✅ Brain connected
[chelios] Brain command: registered
Error: write EPIPE
    at afterWriteDispatched (node:internal/stream_base_commons:159:15)
    at writeGeneric (node:internal/stream_base_commons:150:3)
    at Socket._writeGeneric (node:net:966:11)
    at Socket._write (node:net:978:8)
    at writeOrBuffer (node:internal/streams/writable:572:12)
    at _write (node:internal/streams/writable:501:10)
    at Writable.write (node:internal/streams/writable:510:10)
    at Framer.ondata (/root/.openclaw/workspace/node_modules/readable-stream/lib/internal/streams/readable.js:707:22)
    at Framer.emit (node:events:519:28)
    at addChunk (/root/.openclaw/workspace/node_modules/readable-stream/lib/internal/streams/readable.js:323:12) {
  errno: -32,
  code: 'EPIPE',
  syscall: 'write'
}
[chelios] Error: write EPIPE
[chelios] Disconnected
[chelios] Starting autonomous agent...
[chelios] Waiting for spawn...
[chelios] ✅ Spawned in world at (-182.65676524407593, 66, -85.62497088901969)
[chelios] Connecting to Brain at ws://localhost:8767
[chelios] ✅ Brain connected
[chelios] Brain command: registered
Error: write EPIPE
    at afterWriteDispatched (node:internal/stream_base_commons:159:15)
    at writeGeneric (node:internal/stream_base_commons:150:3)
    at Socket._writeGeneric (node:net:966:11)
    at Socket._write (node:net:978:8)
    at writeOrBuffer (node:internal/streams/writable:572:12)
    at _write (node:internal/streams/writable:501:10)
    at Writable.write (node:internal/streams/writable:510:10)
    at Framer.ondata (/root/.openclaw/workspace/node_modules/readable-stream/lib/internal/streams/readable.js:707:22)
    at Framer.emit (node:events:519:28)
    at addChunk (/root/.openclaw/workspace/node_modules/readable-stream/lib/internal/streams/readable.js:323:12) {
  errno: -32,
  code: 'EPIPE',
  syscall: 'write'
}
[chelios] Error: write EPIPE
[chelios] Disconnected
[chelios] Starting autonomous agent...
[chelios] Waiting for spawn...
[chelios] ✅ Spawned in world at (-176.46091439970724, 66, -93.31086005847244)
[chelios] Connecting to Brain at ws://localhost:8767
[chelios] ✅ Brain connected
[chelios] Brain command: registered
Error: write EPIPE
    at afterWriteDispatched (node:internal/stream_base_commons:159:15)
    at writeGeneric (node:internal/stream_base_commons:150:3)
    at Socket._writeGeneric (node:net:966:11)
    at Socket._write (node:net:978:8)
    at writeOrBuffer (node:internal/streams/writable:572:12)
    at _write (node:internal/streams/writable:501:10)
    at Writable.write (node:internal/streams/writable:510:10)
    at Framer.ondata (/root/.openclaw/workspace/node_modules/readable-stream/lib/internal/streams/readable.js:707:22)
    at Framer.emit (node:events:519:28)
    at addChunk (/root/.openclaw/workspace/node_modules/readable-stream/lib/internal/streams/readable.js:323:12) {
  errno: -32,
  code: 'EPIPE',
  syscall: 'write'
}
[chelios] Error: write EPIPE
[chelios] Disconnected
[chelios] Starting autonomous agent...
[chelios] Waiting for spawn...
[chelios] ✅ Spawned in world at (-175.26400481529035, 62.56164800461339, -92.3540410093896)
[chelios] Connecting to Brain at ws://localhost:8767
[chelios] ✅ Brain connected
[chelios] Brain command: registered
Error: write EPIPE
    at afterWriteDispatched (node:internal/stream_base_commons:159:15)
    at writeGeneric (node:internal/stream_base_commons:150:3)
    at Socket._writeGeneric (node:net:966:11)
    at Socket._write (node:net:978:8)
    at writeOrBuffer (node:internal/streams/writable:572:12)
    at _write (node:internal/streams/writable:501:10)
    at Writable.write (node:internal/streams/writable:510:10)
    at Framer.ondata (/root/.openclaw/workspace/node_modules/readable-stream/lib/internal/streams/readable.js:707:22)
    at Framer.emit (node:events:519:28)
    at addChunk (/root/.openclaw/workspace/node_modules/readable-stream/lib/internal/streams/readable.js:323:12) {
  errno: -32,
  code: 'EPIPE',
  syscall: 'write'
}
[chelios] Error: write EPIPE
[chelios] Disconnected
[chelios] Starting autonomous agent...
[chelios] Waiting for spawn...
Error: write ECONNRESET
    at afterWriteDispatched (node:internal/stream_base_commons:159:15)
    at writeGeneric (node:internal/stream_base_commons:150:3)
    at Socket._writeGeneric (node:net:966:11)
    at Socket._write (node:net:978:8)
    at writeOrBuffer (node:internal/streams/writable:572:12)
    at _write (node:internal/streams/writable:501:10)
    at Writable.write (node:internal/streams/writable:510:10)
    at Framer.ondata (/root/.openclaw/workspace/node_modules/readable-stream/lib/internal/streams/readable.js:707:22)
    at Framer.emit (node:events:519:28)
    at addChunk (/root/.openclaw/workspace/node_modules/readable-stream/lib/internal/streams/readable.js:323:12) {
  errno: -104,
  code: 'ECONNRESET',
  syscall: 'write'
}
[chelios] Error: write ECONNRESET
[chelios] Disconnected
[chelios] Starting autonomous agent...
[chelios] Waiting for spawn...
[chelios] Disconnected
[chelios] Starting autonomous agent...
[chelios] Waiting for spawn...
[chelios] ✅ Spawned in world at (-172.59879603558403, 62.06710444451296, -93.5)
[chelios] Connecting to Brain at ws://localhost:8767
[chelios] ✅ Brain connected
[chelios] Brain command: registered
Error: write EPIPE
    at afterWriteDispatched (node:internal/stream_base_commons:159:15)
    at writeGeneric (node:internal/stream_base_commons:150:3)
    at Socket._writeGeneric (node:net:966:11)
    at Socket._write (node:net:978:8)
    at writeOrBuffer (node:internal/streams/writable:572:12)
    at _write (node:internal/streams/writable:501:10)
    at Writable.write (node:internal/streams/writable:510:10)
    at Framer.ondata (/root/.openclaw/workspace/node_modules/readable-stream/lib/internal/streams/readable.js:707:22)
    at Framer.emit (node:events:519:28)
    at addChunk (/root/.openclaw/workspace/node_modules/readable-stream/lib/internal/streams/readable.js:323:12) {
  errno: -32,
  code: 'EPIPE',
  syscall: 'write'
}
[chelios] Error: write EPIPE
[chelios] Disconnected
[chelios] Starting autonomous agent...
[chelios] Waiting for spawn...
[chelios] Disconnected
[chelios] Starting autonomous agent...
[chelios] Waiting for spawn...
[chelios] ✅ Spawned in world at (-172.67280878007043, 63.404411549141024, -93.09504150648947)
[chelios] Connecting to Brain at ws://localhost:8767
[chelios] ✅ Brain connected
[chelios] Brain command: registered
Error: write EPIPE
    at afterWriteDispatched (node:internal/stream_base_commons:159:15)
    at writeGeneric (node:internal/stream_base_commons:150:3)
    at Socket._writeGeneric (node:net:966:11)
    at Socket._write (node:net:978:8)
    at writeOrBuffer (node:internal/streams/writable:572:12)
    at _write (node:internal/streams/writable:501:10)
    at Writable.write (node:internal/streams/writable:510:10)
    at Framer.ondata (/root/.openclaw/workspace/node_modules/readable-stream/lib/internal/streams/readable.js:707:22)
    at Framer.emit (node:events:519:28)
    at addChunk (/root/.openclaw/workspace/node_modules/readable-stream/lib/internal/streams/readable.js:323:12) {
  errno: -32,
  code: 'EPIPE',
  syscall: 'write'
}
[chelios] Error: write EPIPE
[chelios] Disconnected
[chelios] Starting autonomous agent...
[chelios] Waiting for spawn...
[chelios] ✅ Spawned in world at (-169.60662327608983, 62.26379999961853, -96.37382155656674)
[chelios] Connecting to Brain at ws://localhost:8767
[chelios] ✅ Brain connected
[chelios] Brain command: registered
Error: write EPIPE
    at afterWriteDispatched (node:internal/stream_base_commons:159:15)
    at writeGeneric (node:internal/stream_base_commons:150:3)
    at Socket._writeGeneric (node:net:966:11)
    at Socket._write (node:net:978:8)
    at writeOrBuffer (node:internal/streams/writable:572:12)
    at _write (node:internal/streams/writable:501:10)
    at Writable.write (node:internal/streams/writable:510:10)
    at Framer.ondata (/root/.openclaw/workspace/node_modules/readable-stream/lib/internal/streams/readable.js:707:22)
    at Framer.emit (node:events:519:28)
    at addChunk (/root/.openclaw/workspace/node_modules/readable-stream/lib/internal/streams/readable.js:323:12) {
  errno: -32,
  code: 'EPIPE',
  syscall: 'write'
}
[chelios] Error: write EPIPE
[chelios] Disconnected
[chelios] Starting autonomous agent...
[chelios] Waiting for spawn...
[chelios] ✅ Spawned in world at (-169.17002504232633, 62.61769215885033, -97.41152733282802)
[chelios] Connecting to Brain at ws://localhost:8767
[chelios] ✅ Brain connected
[chelios] Brain command: registered
Error: write EPIPE
    at afterWriteDispatched (node:internal/stream_base_commons:159:15)
    at writeGeneric (node:internal/stream_base_commons:150:3)
    at Socket._writeGeneric (node:net:966:11)
    at Socket._write (node:net:978:8)
    at writeOrBuffer (node:internal/streams/writable:572:12)
    at _write (node:internal/streams/writable:501:10)
    at Writable.write (node:internal/streams/writable:510:10)
    at Framer.ondata (/root/.openclaw/workspace/node_modules/readable-stream/lib/internal/streams/readable.js:707:22)
    at Framer.emit (node:events:519:28)
    at addChunk (/root/.openclaw/workspace/node_modules/readable-stream/lib/internal/streams/readable.js:323:12) {
  errno: -32,
  code: 'EPIPE',
  syscall: 'write'
}
[chelios] Error: write EPIPE
[chelios] Disconnected
[chelios] Starting autonomous agent...
[chelios] Waiting for spawn...
[chelios] ✅ Spawned in world at (-169.27770207951102, 62.52519360556554, -97.5678045412288)
[chelios] Connecting to Brain at ws://localhost:8767
[chelios] ✅ Brain connected
[chelios] Brain command: registered
Error: write EPIPE
    at afterWriteDispatched (node:internal/stream_base_commons:159:15)
    at writeGeneric (node:internal/stream_base_commons:150:3)
    at Socket._writeGeneric (node:net:966:11)
    at Socket._write (node:net:978:8)
    at writeOrBuffer (node:internal/streams/writable:572:12)
    at _write (node:internal/streams/writable:501:10)
    at Writable.write (node:internal/streams/writable:510:10)
    at Framer.ondata (/root/.openclaw/workspace/node_modules/readable-stream/lib/internal/streams/readable.js:707:22)
    at Framer.emit (node:events:519:28)
    at addChunk (/root/.openclaw/workspace/node_modules/readable-stream/lib/internal/streams/readable.js:323:12) {
  errno: -32,
  code: 'EPIPE',
  syscall: 'write'
}
[chelios] Error: write EPIPE
[chelios] Disconnected
[chelios] Starting autonomous agent...
[chelios] Waiting for spawn...
[chelios] Disconnected
[chelios] Starting autonomous agent...
[chelios] Waiting for spawn...
[chelios] ✅ Spawned in world at (-169.33575665584914, 62, -90.37278692908444)
[chelios] Connecting to Brain at ws://localhost:8767
[chelios] ✅ Brain connected
[chelios] Brain command: registered
[chelios] Chat: forge: Agent forge online!
Error: write ECONNRESET
    at afterWriteDispatched (node:internal/stream_base_commons:159:15)
    at writeGeneric (node:internal/stream_base_commons:150:3)
    at Socket._writeGeneric (node:net:966:11)
    at Socket._write (node:net:978:8)
    at writeOrBuffer (node:internal/streams/writable:572:12)
    at _write (node:internal/streams/writable:501:10)
    at Writable.write (node:internal/streams/writable:510:10)
    at Framer.ondata (/root/.openclaw/workspace/node_modules/readable-stream/lib/internal/streams/readable.js:707:22)
    at Framer.emit (node:events:519:28)
    at addChunk (/root/.openclaw/workspace/node_modules/readable-stream/lib/internal/streams/readable.js:323:12) {
  errno: -104,
  code: 'ECONNRESET',
  syscall: 'write'
}
[chelios] Error: write ECONNRESET
[chelios] Disconnected
[chelios] Starting autonomous agent...
[chelios] Waiting for spawn...
[chelios] ✅ Spawned in world at (-166.34818155305885, 62.009266570570986, -89.71891028057352)
[chelios] Connecting to Brain at ws://localhost:8767
[chelios] ✅ Brain connected
[chelios] Brain command: registered
Error: write EPIPE
    at afterWriteDispatched (node:internal/stream_base_commons:159:15)
    at writeGeneric (node:internal/stream_base_commons:150:3)
    at Socket._writeGeneric (node:net:966:11)
    at Socket._write (node:net:978:8)
    at writeOrBuffer (node:internal/streams/writable:572:12)
    at _write (node:internal/streams/writable:501:10)
    at Writable.write (node:internal/streams/writable:510:10)
    at Framer.ondata (/root/.openclaw/workspace/node_modules/readable-stream/lib/internal/streams/readable.js:707:22)
    at Framer.emit (node:events:519:28)
    at addChunk (/root/.openclaw/workspace/node_modules/readable-stream/lib/internal/streams/readable.js:323:12) {
  errno: -32,
  code: 'EPIPE',
  syscall: 'write'
}
[chelios] Error: write EPIPE
[chelios] Disconnected
[chelios] Starting autonomous agent...
[chelios] Waiting for spawn...
[chelios] Disconnected
[chelios] Starting autonomous agent...
[chelios] Waiting for spawn...
[chelios] Disconnected
[chelios] Starting autonomous agent...
[chelios] Waiting for spawn...
[chelios] ✅ Spawned in world at (-163.5, 62, -87.5)
[chelios] Connecting to Brain at ws://localhost:8767
[chelios] ✅ Brain connected
[chelios] Brain command: registered
Error: write EPIPE
    at afterWriteDispatched (node:internal/stream_base_commons:159:15)
    at writeGeneric (node:internal/stream_base_commons:150:3)
    at Socket._writeGeneric (node:net:966:11)
    at Socket._write (node:net:978:8)
    at writeOrBuffer (node:internal/streams/writable:572:12)
    at _write (node:internal/streams/writable:501:10)
    at Writable.write (node:internal/streams/writable:510:10)
    at Framer.ondata (/root/.openclaw/workspace/node_modules/readable-stream/lib/internal/streams/readable.js:707:22)
    at Framer.emit (node:events:519:28)
    at addChunk (/root/.openclaw/workspace/node_modules/readable-stream/lib/internal/streams/readable.js:323:12) {
  errno: -32,
  code: 'EPIPE',
  syscall: 'write'
}
[chelios] Error: write EPIPE
[chelios] Disconnected
[chelios] Starting autonomous agent...
[chelios] Waiting for spawn...
[chelios] ✅ Spawned in world at (-163.40743610284187, 62.44399200461339, -83.39156888568124)
[chelios] Connecting to Brain at ws://localhost:8767
[chelios] ✅ Brain connected
[chelios] Brain command: registered
Error: write EPIPE
    at afterWriteDispatched (node:internal/stream_base_commons:159:15)
    at writeGeneric (node:internal/stream_base_commons:150:3)
    at Socket._writeGeneric (node:net:966:11)
    at Socket._write (node:net:978:8)
    at writeOrBuffer (node:internal/streams/writable:572:12)
    at _write (node:internal/streams/writable:501:10)
    at Writable.write (node:internal/streams/writable:510:10)
    at Framer.ondata (/root/.openclaw/workspace/node_modules/readable-stream/lib/internal/streams/readable.js:707:22)
    at Framer.emit (node:events:519:28)
    at addChunk (/root/.openclaw/workspace/node_modules/readable-stream/lib/internal/streams/readable.js:323:12) {
  errno: -32,
  code: 'EPIPE',
  syscall: 'write'
}
[chelios] Error: write EPIPE
[chelios] Disconnected
[chelios] Starting autonomous agent...
[chelios] Waiting for spawn...
[chelios] Chat: patricia: Agent patricia online!
[chelios] ✅ Spawned in world at (-155.50673131535808, 64, -82.6238761164179)
[chelios] Connecting to Brain at ws://localhost:8767
[chelios] ✅ Brain connected
[chelios] Brain command: registered
Error: write EPIPE
    at afterWriteDispatched (node:internal/stream_base_commons:159:15)
    at writeGeneric (node:internal/stream_base_commons:150:3)
    at Socket._writeGeneric (node:net:966:11)
    at Socket._write (node:net:978:8)
    at writeOrBuffer (node:internal/streams/writable:572:12)
    at _write (node:internal/streams/writable:501:10)
    at Writable.write (node:internal/streams/writable:510:10)
    at Framer.ondata (/root/.openclaw/workspace/node_modules/readable-stream/lib/internal/streams/readable.js:707:22)
    at Framer.emit (node:events:519:28)
    at addChunk (/root/.openclaw/workspace/node_modules/readable-stream/lib/internal/streams/readable.js:323:12) {
  errno: -32,
  code: 'EPIPE',
  syscall: 'write'
}
[chelios] Error: write EPIPE
[chelios] Disconnected
[chelios] Starting autonomous agent...
[chelios] Waiting for spawn...
[chelios] Disconnected
[chelios] Starting autonomous agent...
[chelios] Waiting for spawn...
[chelios] ✅ Spawned in world at (-155.50673131535808, 64, -82.6238761164179)
[chelios] Connecting to Brain at ws://localhost:8767
[chelios] ✅ Brain connected
[chelios] Brain command: registered
[chelios] Chat: forge: Agent forge online!
Error: write EPIPE
    at afterWriteDispatched (node:internal/stream_base_commons:159:15)
    at writeGeneric (node:internal/stream_base_commons:150:3)
    at Socket._writeGeneric (node:net:966:11)
    at Socket._write (node:net:978:8)
    at writeOrBuffer (node:internal/streams/writable:572:12)
    at _write (node:internal/streams/writable:501:10)
    at Writable.write (node:internal/streams/writable:510:10)
    at Framer.ondata (/root/.openclaw/workspace/node_modules/readable-stream/lib/internal/streams/readable.js:707:22)
    at Framer.emit (node:events:519:28)
    at addChunk (/root/.openclaw/workspace/node_modules/readable-stream/lib/internal/streams/readable.js:323:12) {
  errno: -32,
  code: 'EPIPE',
  syscall: 'write'
}
[chelios] Error: write EPIPE
[chelios] Disconnected
[chelios] Starting autonomous agent...
[chelios] Waiting for spawn...
[chelios] ✅ Spawned in world at (-152.67432239498925, 63, -83.5)
[chelios] Connecting to Brain at ws://localhost:8767
[chelios] ✅ Brain connected
[chelios] Brain command: registered
Error: write EPIPE
    at afterWriteDispatched (node:internal/stream_base_commons:159:15)
    at writeGeneric (node:internal/stream_base_commons:150:3)
    at Socket._writeGeneric (node:net:966:11)
    at Socket._write (node:net:978:8)
    at writeOrBuffer (node:internal/streams/writable:572:12)
    at _write (node:internal/streams/writable:501:10)
    at Writable.write (node:internal/streams/writable:510:10)
    at Framer.ondata (/root/.openclaw/workspace/node_modules/readable-stream/lib/internal/streams/readable.js:707:22)
    at Framer.emit (node:events:519:28)
    at addChunk (/root/.openclaw/workspace/node_modules/readable-stream/lib/internal/streams/readable.js:323:12) {
  errno: -32,
  code: 'EPIPE',
  syscall: 'write'
}
[chelios] Error: write EPIPE
[chelios] Disconnected
[chelios] Starting autonomous agent...
[chelios] Waiting for spawn...
[chelios] ✅ Spawned in world at (-151.64247867272226, 63, -84.3784962625164)
[chelios] Connecting to Brain at ws://localhost:8767
[chelios] ✅ Brain connected
[chelios] Brain command: registered
Error: write ECONNRESET
    at afterWriteDispatched (node:internal/stream_base_commons:159:15)
    at writeGeneric (node:internal/stream_base_commons:150:3)
    at Socket._writeGeneric (node:net:966:11)
    at Socket._write (node:net:978:8)
    at writeOrBuffer (node:internal/streams/writable:572:12)
    at _write (node:internal/streams/writable:501:10)
    at Writable.write (node:internal/streams/writable:510:10)
    at Framer.ondata (/root/.openclaw/workspace/node_modules/readable-stream/lib/internal/streams/readable.js:707:22)
    at Framer.emit (node:events:519:28)
    at addChunk (/root/.openclaw/workspace/node_modules/readable-stream/lib/internal/streams/readable.js:323:12) {
  errno: -104,
  code: 'ECONNRESET',
  syscall: 'write'
}
[chelios] Error: write ECONNRESET
[chelios] Disconnected
[chelios] Starting autonomous agent...
[chelios] Waiting for spawn...
[chelios] ✅ Spawned in world at (-151.64247867272226, 63, -84.3784962625164)
[chelios] Connecting to Brain at ws://localhost:8767
[chelios] ✅ Brain connected
[chelios] Brain command: registered
Error: write EPIPE
    at afterWriteDispatched (node:internal/stream_base_commons:159:15)
    at writeGeneric (node:internal/stream_base_commons:150:3)
    at Socket._writeGeneric (node:net:966:11)
    at Socket._write (node:net:978:8)
    at writeOrBuffer (node:internal/streams/writable:572:12)
    at _write (node:internal/streams/writable:501:10)
    at Writable.write (node:internal/streams/writable:510:10)
    at Framer.ondata (/root/.openclaw/workspace/node_modules/readable-stream/lib/internal/streams/readable.js:707:22)
    at Framer.emit (node:events:519:28)
    at addChunk (/root/.openclaw/workspace/node_modules/readable-stream/lib/internal/streams/readable.js:323:12) {
  errno: -32,
  code: 'EPIPE',
  syscall: 'write'
}
[chelios] Error: write EPIPE
[chelios] Disconnected
[chelios] Starting autonomous agent...
[chelios] Waiting for spawn...
[chelios] ✅ Spawned in world at (-144.5, 59, -87.43366395998427)
[chelios] Connecting to Brain at ws://localhost:8767
[chelios] ✅ Brain connected
[chelios] Chat: patricia: Agent patricia online!
[chelios] Brain command: registered
Error: write EPIPE
    at afterWriteDispatched (node:internal/stream_base_commons:159:15)
    at writeGeneric (node:internal/stream_base_commons:150:3)
    at Socket._writeGeneric (node:net:966:11)
    at Socket._write (node:net:978:8)
    at writeOrBuffer (node:internal/streams/writable:572:12)
    at _write (node:internal/streams/writable:501:10)
    at Writable.write (node:internal/streams/writable:510:10)
    at Framer.ondata (/root/.openclaw/workspace/node_modules/readable-stream/lib/internal/streams/readable.js:707:22)
    at Framer.emit (node:events:519:28)
    at addChunk (/root/.openclaw/workspace/node_modules/readable-stream/lib/internal/streams/readable.js:323:12) {
  errno: -32,
  code: 'EPIPE',
  syscall: 'write'
}
[chelios] Error: write EPIPE
[chelios] Disconnected
[chelios] Starting autonomous agent...
[chelios] Waiting for spawn...
[chelios] ✅ Spawned in world at (-145.0274316395118, 62.73537599451637, -88.01897361299514)
[chelios] Connecting to Brain at ws://localhost:8767
[chelios] ✅ Brain connected
[chelios] Brain command: registered
Error: write EPIPE
    at afterWriteDispatched (node:internal/stream_base_commons:159:15)
    at writeGeneric (node:internal/stream_base_commons:150:3)
    at Socket._writeGeneric (node:net:966:11)
    at Socket._write (node:net:978:8)
    at writeOrBuffer (node:internal/streams/writable:572:12)
    at _write (node:internal/streams/writable:501:10)
    at Writable.write (node:internal/streams/writable:510:10)
    at Framer.ondata (/root/.openclaw/workspace/node_modules/readable-stream/lib/internal/streams/readable.js:707:22)
    at Framer.emit (node:events:519:28)
    at addChunk (/root/.openclaw/workspace/node_modules/readable-stream/lib/internal/streams/readable.js:323:12) {
  errno: -32,
  code: 'EPIPE',
  syscall: 'write'
}
[chelios] Error: write EPIPE
[chelios] Disconnected
[chelios] Starting autonomous agent...
[chelios] Waiting for spawn...
[chelios] ✅ Spawned in world at (-145.5, 62, -88.5)
[chelios] Connecting to Brain at ws://localhost:8767
[chelios] ✅ Brain connected
[chelios] Brain command: registered
[chelios] Chat: aurora: Agent aurora online!
Error: client timed out after 30000 milliseconds
    at Timeout._onTimeout (/root/.openclaw/workspace/node_modules/minecraft-protocol/src/client/keepalive.js:18:28)
    at listOnTimeout (node:internal/timers:585:17)
    at process.processTimers (node:internal/timers:521:7)
[chelios] Error: client timed out after 30000 milliseconds
[chelios] Disconnected
[chelios] Starting autonomous agent...
[chelios] Waiting for spawn...
[chelios] ✅ Spawned in world at (-148.40983367957398, 62.504591784905905, -101.38834316891587)
[chelios] Connecting to Brain at ws://localhost:8767
[chelios] ✅ Brain connected
[chelios] Brain command: registered
Error: write EPIPE
    at afterWriteDispatched (node:internal/stream_base_commons:159:15)
    at writeGeneric (node:internal/stream_base_commons:150:3)
    at Socket._writeGeneric (node:net:966:11)
    at Socket._write (node:net:978:8)
    at writeOrBuffer (node:internal/streams/writable:572:12)
    at _write (node:internal/streams/writable:501:10)
    at Writable.write (node:internal/streams/writable:510:10)
    at Framer.ondata (/root/.openclaw/workspace/node_modules/readable-stream/lib/internal/streams/readable.js:707:22)
    at Framer.emit (node:events:519:28)
    at addChunk (/root/.openclaw/workspace/node_modules/readable-stream/lib/internal/streams/readable.js:323:12) {
  errno: -32,
  code: 'EPIPE',
  syscall: 'write'
}
[chelios] Error: write EPIPE
[chelios] Disconnected
[chelios] Starting autonomous agent...
[chelios] Waiting for spawn...
[chelios] ✅ Spawned in world at (-149.6856087365744, 61.17499999843553, -100.40529298998187)
[chelios] Connecting to Brain at ws://localhost:8767
[chelios] ✅ Brain connected
[chelios] Brain command: registered
Error: write EPIPE
    at afterWriteDispatched (node:internal/stream_base_commons:159:15)
    at writeGeneric (node:internal/stream_base_commons:150:3)
    at Socket._writeGeneric (node:net:966:11)
    at Socket._write (node:net:978:8)
    at writeOrBuffer (node:internal/streams/writable:572:12)
    at _write (node:internal/streams/writable:501:10)
    at Writable.write (node:internal/streams/writable:510:10)
    at Framer.ondata (/root/.openclaw/workspace/node_modules/readable-stream/lib/internal/streams/readable.js:707:22)
    at Framer.emit (node:events:519:28)
    at addChunk (/root/.openclaw/workspace/node_modules/readable-stream/lib/internal/streams/readable.js:323:12) {
  errno: -32,
  code: 'EPIPE',
  syscall: 'write'
}
[chelios] Error: write EPIPE
[chelios] Disconnected
[chelios] Starting autonomous agent...
[chelios] Waiting for spawn...
[chelios] ✅ Spawned in world at (-151.53801655934618, 58.14879999856917, -98.5)
[chelios] Connecting to Brain at ws://localhost:8767
[chelios] ✅ Brain connected
[chelios] Brain command: registered
Error: write EPIPE
    at afterWriteDispatched (node:internal/stream_base_commons:159:15)
    at writeGeneric (node:internal/stream_base_commons:150:3)
    at Socket._writeGeneric (node:net:966:11)
    at Socket._write (node:net:978:8)
    at writeOrBuffer (node:internal/streams/writable:572:12)
    at _write (node:internal/streams/writable:501:10)
    at Writable.write (node:internal/streams/writable:510:10)
    at Framer.ondata (/root/.openclaw/workspace/node_modules/readable-stream/lib/internal/streams/readable.js:707:22)
    at Framer.emit (node:events:519:28)
    at addChunk (/root/.openclaw/workspace/node_modules/readable-stream/lib/internal/streams/readable.js:323:12) {
  errno: -32,
  code: 'EPIPE',
  syscall: 'write'
}
[chelios] Error: write EPIPE
[chelios] Disconnected
[chelios] Starting autonomous agent...
[chelios] Waiting for spawn...
[chelios] ✅ Spawned in world at (-150.42392101432463, 58.179194303259884, -99.46667403909109)
[chelios] Connecting to Brain at ws://localhost:8767
[chelios] ✅ Brain connected
[chelios] Brain command: registered
Error: write EPIPE
    at afterWriteDispatched (node:internal/stream_base_commons:159:15)
    at writeGeneric (node:internal/stream_base_commons:150:3)
    at Socket._writeGeneric (node:net:966:11)
    at Socket._write (node:net:978:8)
    at writeOrBuffer (node:internal/streams/writable:572:12)
    at _write (node:internal/streams/writable:501:10)
    at Writable.write (node:internal/streams/writable:510:10)
    at Framer.ondata (/root/.openclaw/workspace/node_modules/readable-stream/lib/internal/streams/readable.js:707:22)
    at Framer.emit (node:events:519:28)
    at addChunk (/root/.openclaw/workspace/node_modules/readable-stream/lib/internal/streams/readable.js:323:12) {
  errno: -32,
  code: 'EPIPE',
  syscall: 'write'
}
[chelios] Error: write EPIPE
[chelios] Disconnected
[chelios] Starting autonomous agent...
[chelios] Waiting for spawn...
[chelios] ✅ Spawned in world at (-148.140754475659, 63.02819748324092, -102.4076123235272)
[chelios] Connecting to Brain at ws://localhost:8767
[chelios] ✅ Brain connected
[chelios] Brain command: registered
Error: write EPIPE
    at afterWriteDispatched (node:internal/stream_base_commons:159:15)
    at writeGeneric (node:internal/stream_base_commons:150:3)
    at Socket._writeGeneric (node:net:966:11)
    at Socket._write (node:net:978:8)
    at writeOrBuffer (node:internal/streams/writable:572:12)
    at _write (node:internal/streams/writable:501:10)
    at Writable.write (node:internal/streams/writable:510:10)
    at Framer.ondata (/root/.openclaw/workspace/node_modules/readable-stream/lib/internal/streams/readable.js:707:22)
    at Framer.emit (node:events:519:28)
    at addChunk (/root/.openclaw/workspace/node_modules/readable-stream/lib/internal/streams/readable.js:323:12) {
  errno: -32,
  code: 'EPIPE',
  syscall: 'write'
}
[chelios] Error: write EPIPE
[chelios] Disconnected
[chelios] Starting autonomous agent...
[chelios] Waiting for spawn...
[chelios] ✅ Spawned in world at (-145.72065447226026, 63, -101.90937083776586)
[chelios] Connecting to Brain at ws://localhost:8767
[chelios] ✅ Brain connected
[chelios] Brain command: registered
Error: write EPIPE
    at afterWriteDispatched (node:internal/stream_base_commons:159:15)
    at writeGeneric (node:internal/stream_base_commons:150:3)
    at Socket._writeGeneric (node:net:966:11)
    at Socket._write (node:net:978:8)
    at writeOrBuffer (node:internal/streams/writable:572:12)
    at _write (node:internal/streams/writable:501:10)
    at Writable.write (node:internal/streams/writable:510:10)
    at Framer.ondata (/root/.openclaw/workspace/node_modules/readable-stream/lib/internal/streams/readable.js:707:22)
    at Framer.emit (node:events:519:28)
    at addChunk (/root/.openclaw/workspace/node_modules/readable-stream/lib/internal/streams/readable.js:323:12) {
  errno: -32,
  code: 'EPIPE',
  syscall: 'write'
}
[chelios] Error: write EPIPE
[chelios] Disconnected
[chelios] Starting autonomous agent...
[chelios] Waiting for spawn...
[chelios] ✅ Spawned in world at (-143.47351526840492, 61.199757456674206, -106.52466063216954)
[chelios] Connecting to Brain at ws://localhost:8767
[chelios] ✅ Brain connected
[chelios] Brain command: registered
Error: write EPIPE
    at afterWriteDispatched (node:internal/stream_base_commons:159:15)
    at writeGeneric (node:internal/stream_base_commons:150:3)
    at Socket._writeGeneric (node:net:966:11)
    at Socket._write (node:net:978:8)
    at writeOrBuffer (node:internal/streams/writable:572:12)
    at _write (node:internal/streams/writable:501:10)
    at Writable.write (node:internal/streams/writable:510:10)
    at Framer.ondata (/root/.openclaw/workspace/node_modules/readable-stream/lib/internal/streams/readable.js:707:22)
    at Framer.emit (node:events:519:28)
    at addChunk (/root/.openclaw/workspace/node_modules/readable-stream/lib/internal/streams/readable.js:323:12) {
  errno: -32,
  code: 'EPIPE',
  syscall: 'write'
}
[chelios] Error: write EPIPE
[chelios] Disconnected
[chelios] Starting autonomous agent...
[chelios] Waiting for spawn...
[chelios] ✅ Spawned in world at (-143.47351526840492, 50.299757455184526, -106.52466063216954)
[chelios] Connecting to Brain at ws://localhost:8767
[chelios] ✅ Brain connected
[chelios] Brain command: registered
Error: write ECONNRESET
    at afterWriteDispatched (node:internal/stream_base_commons:159:15)
    at writeGeneric (node:internal/stream_base_commons:150:3)
    at Socket._writeGeneric (node:net:966:11)
    at Socket._write (node:net:978:8)
    at writeOrBuffer (node:internal/streams/writable:572:12)
    at _write (node:internal/streams/writable:501:10)
    at Writable.write (node:internal/streams/writable:510:10)
    at Framer.ondata (/root/.openclaw/workspace/node_modules/readable-stream/lib/internal/streams/readable.js:707:22)
    at Framer.emit (node:events:519:28)
    at addChunk (/root/.openclaw/workspace/node_modules/readable-stream/lib/internal/streams/readable.js:323:12) {
  errno: -104,
  code: 'ECONNRESET',
  syscall: 'write'
}
[chelios] Error: write ECONNRESET
[chelios] Disconnected
[chelios] Starting autonomous agent...
[chelios] Waiting for spawn...
[chelios] ✅ Spawned in world at (-145.04734747289046, 55.599758986190864, -103.86654840841344)
[chelios] Connecting to Brain at ws://localhost:8767
[chelios] ✅ Brain connected
[chelios] Brain command: registered
Error: write ECONNRESET
    at afterWriteDispatched (node:internal/stream_base_commons:159:15)
    at writeGeneric (node:internal/stream_base_commons:150:3)
    at Socket._writeGeneric (node:net:966:11)
    at Socket._write (node:net:978:8)
    at writeOrBuffer (node:internal/streams/writable:572:12)
    at _write (node:internal/streams/writable:501:10)
    at Writable.write (node:internal/streams/writable:510:10)
    at Framer.ondata (/root/.openclaw/workspace/node_modules/readable-stream/lib/internal/streams/readable.js:707:22)
    at Framer.emit (node:events:519:28)
    at addChunk (/root/.openclaw/workspace/node_modules/readable-stream/lib/internal/streams/readable.js:323:12) {
  errno: -104,
  code: 'ECONNRESET',
  syscall: 'write'
}
[chelios] Error: write ECONNRESET
[chelios] Disconnected
[chelios] Starting autonomous agent...
[chelios] Waiting for spawn...
[chelios] ✅ Spawned in world at (-146.1685911855391, 58.92478686063228, -104.81066623657682)
[chelios] Connecting to Brain at ws://localhost:8767
[chelios] ✅ Brain connected
[chelios] Brain command: registered
Error: write EPIPE
    at afterWriteDispatched (node:internal/stream_base_commons:159:15)
    at writeGeneric (node:internal/stream_base_commons:150:3)
    at Socket._writeGeneric (node:net:966:11)
    at Socket._write (node:net:978:8)
    at writeOrBuffer (node:internal/streams/writable:572:12)
    at _write (node:internal/streams/writable:501:10)
    at Writable.write (node:internal/streams/writable:510:10)
    at Framer.ondata (/root/.openclaw/workspace/node_modules/readable-stream/lib/internal/streams/readable.js:707:22)
    at Framer.emit (node:events:519:28)
    at addChunk (/root/.openclaw/workspace/node_modules/readable-stream/lib/internal/streams/readable.js:323:12) {
  errno: -32,
  code: 'EPIPE',
  syscall: 'write'
}
[chelios] Error: write EPIPE
[chelios] Disconnected
[chelios] Starting autonomous agent...
[chelios] Waiting for spawn...
[chelios] ✅ Spawned in world at (-146.4205425777962, 60.60042068444228, -106.95421503973316)
[chelios] Connecting to Brain at ws://localhost:8767
[chelios] ✅ Brain connected
[chelios] Brain command: registered
Error: write EPIPE
    at afterWriteDispatched (node:internal/stream_base_commons:159:15)
    at writeGeneric (node:internal/stream_base_commons:150:3)
    at Socket._writeGeneric (node:net:966:11)
    at Socket._write (node:net:978:8)
    at writeOrBuffer (node:internal/streams/writable:572:12)
    at _write (node:internal/streams/writable:501:10)
    at Writable.write (node:internal/streams/writable:510:10)
    at Framer.ondata (/root/.openclaw/workspace/node_modules/readable-stream/lib/internal/streams/readable.js:707:22)
    at Framer.emit (node:events:519:28)
    at addChunk (/root/.openclaw/workspace/node_modules/readable-stream/lib/internal/streams/readable.js:323:12) {
  errno: -32,
  code: 'EPIPE',
  syscall: 'write'
}
[chelios] Error: write EPIPE
[chelios] Disconnected
[chelios] Starting autonomous agent...
[chelios] Waiting for spawn...
[chelios] ✅ Spawned in world at (-146.456317708378, 59.484644093301455, -108.34644065685598)
[chelios] Connecting to Brain at ws://localhost:8767
[chelios] ✅ Brain connected
[chelios] Brain command: registered
Error: write EPIPE
    at afterWriteDispatched (node:internal/stream_base_commons:159:15)
    at writeGeneric (node:internal/stream_base_commons:150:3)
    at Socket._writeGeneric (node:net:966:11)
    at Socket._write (node:net:978:8)
    at writeOrBuffer (node:internal/streams/writable:572:12)
    at _write (node:internal/streams/writable:501:10)
    at Writable.write (node:internal/streams/writable:510:10)
    at Framer.ondata (/root/.openclaw/workspace/node_modules/readable-stream/lib/internal/streams/readable.js:707:22)
    at Framer.emit (node:events:519:28)
    at addChunk (/root/.openclaw/workspace/node_modules/readable-stream/lib/internal/streams/readable.js:323:12) {
  errno: -32,
  code: 'EPIPE',
  syscall: 'write'
}
[chelios] Error: write EPIPE
[chelios] Disconnected
[chelios] Starting autonomous agent...
[chelios] Waiting for spawn...
[chelios] Disconnected
[chelios] Starting autonomous agent...
[chelios] Waiting for spawn...
[chelios] ✅ Spawned in world at (-147.39956924415185, 61.925148705894074, -111.050160188774)
[chelios] Connecting to Brain at ws://localhost:8767
[chelios] Chat: patricia: Agent patricia online!
[chelios] ✅ Brain connected
[chelios] Brain command: registered
Error: write EPIPE
    at afterWriteDispatched (node:internal/stream_base_commons:159:15)
    at writeGeneric (node:internal/stream_base_commons:150:3)
    at Socket._writeGeneric (node:net:966:11)
    at Socket._write (node:net:978:8)
    at writeOrBuffer (node:internal/streams/writable:572:12)
    at _write (node:internal/streams/writable:501:10)
    at Writable.write (node:internal/streams/writable:510:10)
    at Framer.ondata (/root/.openclaw/workspace/node_modules/readable-stream/lib/internal/streams/readable.js:707:22)
    at Framer.emit (node:events:519:28)
    at addChunk (/root/.openclaw/workspace/node_modules/readable-stream/lib/internal/streams/readable.js:323:12) {
  errno: -32,
  code: 'EPIPE',
  syscall: 'write'
}
[chelios] Error: write EPIPE
[chelios] Disconnected
[chelios] Starting autonomous agent...
[chelios] Waiting for spawn...
[chelios] ✅ Spawned in world at (-151.76263916759567, 63.20934380132248, -112.42900565262536)
[chelios] Connecting to Brain at ws://localhost:8767
[chelios] ✅ Brain connected
[chelios] Brain command: registered
Error: write EPIPE
    at afterWriteDispatched (node:internal/stream_base_commons:159:15)
    at writeGeneric (node:internal/stream_base_commons:150:3)
    at Socket._writeGeneric (node:net:966:11)
    at Socket._write (node:net:978:8)
    at writeOrBuffer (node:internal/streams/writable:572:12)
    at _write (node:internal/streams/writable:501:10)
    at Writable.write (node:internal/streams/writable:510:10)
    at Framer.ondata (/root/.openclaw/workspace/node_modules/readable-stream/lib/internal/streams/readable.js:707:22)
    at Framer.emit (node:events:519:28)
    at addChunk (/root/.openclaw/workspace/node_modules/readable-stream/lib/internal/streams/readable.js:323:12) {
  errno: -32,
  code: 'EPIPE',
  syscall: 'write'
}
[chelios] Error: write EPIPE
[chelios] Disconnected
[chelios] Starting autonomous agent...
[chelios] Waiting for spawn...
[chelios] ✅ Spawned in world at (-148.5, 58.7875387128807, -115.5)
[chelios] Connecting to Brain at ws://localhost:8767
[chelios] ✅ Brain connected
[chelios] Brain command: registered
Error: write EPIPE
    at afterWriteDispatched (node:internal/stream_base_commons:159:15)
    at writeGeneric (node:internal/stream_base_commons:150:3)
    at Socket._writeGeneric (node:net:966:11)
    at Socket._write (node:net:978:8)
    at writeOrBuffer (node:internal/streams/writable:572:12)
    at _write (node:internal/streams/writable:501:10)
    at Writable.write (node:internal/streams/writable:510:10)
    at Framer.ondata (/root/.openclaw/workspace/node_modules/readable-stream/lib/internal/streams/readable.js:707:22)
    at Framer.emit (node:events:519:28)
    at addChunk (/root/.openclaw/workspace/node_modules/readable-stream/lib/internal/streams/readable.js:323:12) {
  errno: -32,
  code: 'EPIPE',
  syscall: 'write'
}
[chelios] Error: write EPIPE
[chelios] Disconnected
[chelios] Starting autonomous agent...
[chelios] Waiting for spawn...
[chelios] Disconnected
[chelios] Starting autonomous agent...
[chelios] Waiting for spawn...
[chelios] Disconnected
[chelios] Starting autonomous agent...
[chelios] Waiting for spawn...
[chelios] ✅ Spawned in world at (-148.90039531186125, 60.225917890807516, -114.04732211775973)
[chelios] Connecting to Brain at ws://localhost:8767
[chelios] ✅ Brain connected
[chelios] Brain command: registered
Error: write EPIPE
    at afterWriteDispatched (node:internal/stream_base_commons:159:15)
    at writeGeneric (node:internal/stream_base_commons:150:3)
    at Socket._writeGeneric (node:net:966:11)
    at Socket._write (node:net:978:8)
    at writeOrBuffer (node:internal/streams/writable:572:12)
    at _write (node:internal/streams/writable:501:10)
    at Writable.write (node:internal/streams/writable:510:10)
    at Framer.ondata (/root/.openclaw/workspace/node_modules/readable-stream/lib/internal/streams/readable.js:707:22)
    at Framer.emit (node:events:519:28)
    at addChunk (/root/.openclaw/workspace/node_modules/readable-stream/lib/internal/streams/readable.js:323:12) {
  errno: -32,
  code: 'EPIPE',
  syscall: 'write'
}
[chelios] Error: write EPIPE
[chelios] Disconnected
[chelios] Starting autonomous agent...
[chelios] Waiting for spawn...
[chelios] ✅ Spawned in world at (-148.90039531186125, 58, -114.04732211775973)
[chelios] Connecting to Brain at ws://localhost:8767
[chelios] Chat: patricia: Agent patricia online!
[chelios] ✅ Brain connected
[chelios] Brain command: registered
Error: write EPIPE
    at afterWriteDispatched (node:internal/stream_base_commons:159:15)
    at writeGeneric (node:internal/stream_base_commons:150:3)
    at Socket._writeGeneric (node:net:966:11)
    at Socket._write (node:net:978:8)
    at writeOrBuffer (node:internal/streams/writable:572:12)
    at _write (node:internal/streams/writable:501:10)
    at Writable.write (node:internal/streams/writable:510:10)
    at Framer.ondata (/root/.openclaw/workspace/node_modules/readable-stream/lib/internal/streams/readable.js:707:22)
    at Framer.emit (node:events:519:28)
    at addChunk (/root/.openclaw/workspace/node_modules/readable-stream/lib/internal/streams/readable.js:323:12) {
  errno: -32,
  code: 'EPIPE',
  syscall: 'write'
}
[chelios] Error: write EPIPE
[chelios] Disconnected
[chelios] Starting autonomous agent...
[chelios] Waiting for spawn...
[chelios] ✅ Spawned in world at (-149.88087155804348, 60.4428529583259, -114.8842707149833)
[chelios] Connecting to Brain at ws://localhost:8767
[chelios] ✅ Brain connected
[chelios] Brain command: registered
Error: write EPIPE
    at afterWriteDispatched (node:internal/stream_base_commons:159:15)
    at writeGeneric (node:internal/stream_base_commons:150:3)
    at Socket._writeGeneric (node:net:966:11)
    at Socket._write (node:net:978:8)
    at writeOrBuffer (node:internal/streams/writable:572:12)
    at _write (node:internal/streams/writable:501:10)
    at Writable.write (node:internal/streams/writable:510:10)
    at Framer.ondata (/root/.openclaw/workspace/node_modules/readable-stream/lib/internal/streams/readable.js:707:22)
    at Framer.emit (node:events:519:28)
    at addChunk (/root/.openclaw/workspace/node_modules/readable-stream/lib/internal/streams/readable.js:323:12) {
  errno: -32,
  code: 'EPIPE',
  syscall: 'write'
}
[chelios] Error: write EPIPE
[chelios] Disconnected
[chelios] Starting autonomous agent...
[chelios] Waiting for spawn...
[chelios] Disconnected
[chelios] Starting autonomous agent...
[chelios] Waiting for spawn...
[chelios] ✅ Spawned in world at (-149.88087155804348, 59, -114.8842707149833)
[chelios] Connecting to Brain at ws://localhost:8767
[chelios] ✅ Brain connected
[chelios] Brain command: registered
Error: write EPIPE
    at afterWriteDispatched (node:internal/stream_base_commons:159:15)
    at writeGeneric (node:internal/stream_base_commons:150:3)
    at Socket._writeGeneric (node:net:966:11)
    at Socket._write (node:net:978:8)
    at writeOrBuffer (node:internal/streams/writable:572:12)
    at _write (node:internal/streams/writable:501:10)
    at Writable.write (node:internal/streams/writable:510:10)
    at Framer.ondata (/root/.openclaw/workspace/node_modules/readable-stream/lib/internal/streams/readable.js:707:22)
    at Framer.emit (node:events:519:28)
    at addChunk (/root/.openclaw/workspace/node_modules/readable-stream/lib/internal/streams/readable.js:323:12) {
  errno: -32,
  code: 'EPIPE',
  syscall: 'write'
}
[chelios] Error: write EPIPE
[chelios] Disconnected
[chelios] Starting autonomous agent...
[chelios] Waiting for spawn...
[chelios] ✅ Spawned in world at (-151.64861943384923, 62.80479909504365, -119.7)
[chelios] Connecting to Brain at ws://localhost:8767
[chelios] Chat: patricia: Agent patricia online!
[chelios] ✅ Brain connected
[chelios] Brain command: registered
Error: write EPIPE
    at afterWriteDispatched (node:internal/stream_base_commons:159:15)
    at writeGeneric (node:internal/stream_base_commons:150:3)
    at Socket._writeGeneric (node:net:966:11)
    at Socket._write (node:net:978:8)
    at writeOrBuffer (node:internal/streams/writable:572:12)
    at _write (node:internal/streams/writable:501:10)
    at Writable.write (node:internal/streams/writable:510:10)
    at Framer.ondata (/root/.openclaw/workspace/node_modules/readable-stream/lib/internal/streams/readable.js:707:22)
    at Framer.emit (node:events:519:28)
    at addChunk (/root/.openclaw/workspace/node_modules/readable-stream/lib/internal/streams/readable.js:323:12) {
  errno: -32,
  code: 'EPIPE',
  syscall: 'write'
}
[chelios] Error: write EPIPE
[chelios] Disconnected
[chelios] Starting autonomous agent...
[chelios] Waiting for spawn...
[chelios] ✅ Spawned in world at (-151.62810467755597, 62.69458215554988, -119.06394143185923)
[chelios] Connecting to Brain at ws://localhost:8767
[chelios] ✅ Brain connected
[chelios] Brain command: registered
Error: write EPIPE
    at afterWriteDispatched (node:internal/stream_base_commons:159:15)
    at writeGeneric (node:internal/stream_base_commons:150:3)
    at Socket._writeGeneric (node:net:966:11)
    at Socket._write (node:net:978:8)
    at writeOrBuffer (node:internal/streams/writable:572:12)
    at _write (node:internal/streams/writable:501:10)
    at Writable.write (node:internal/streams/writable:510:10)
    at Framer.ondata (/root/.openclaw/workspace/node_modules/readable-stream/lib/internal/streams/readable.js:707:22)
    at Framer.emit (node:events:519:28)
    at addChunk (/root/.openclaw/workspace/node_modules/readable-stream/lib/internal/streams/readable.js:323:12) {
  errno: -32,
  code: 'EPIPE',
  syscall: 'write'
}
[chelios] Error: write EPIPE
[chelios] Disconnected
[chelios] Starting autonomous agent...
[chelios] Waiting for spawn...
[chelios] Disconnected
[chelios] Starting autonomous agent...
[chelios] Waiting for spawn...
[chelios] ✅ Spawned in world at (-147.5, 60.02987133139819, -125.6141233705888)
[chelios] Connecting to Brain at ws://localhost:8767
[chelios] ✅ Brain connected
[chelios] Brain command: registered
Error: write EPIPE
    at afterWriteDispatched (node:internal/stream_base_commons:159:15)
    at writeGeneric (node:internal/stream_base_commons:150:3)
    at Socket._writeGeneric (node:net:966:11)
    at Socket._write (node:net:978:8)
    at writeOrBuffer (node:internal/streams/writable:572:12)
    at _write (node:internal/streams/writable:501:10)
    at Writable.write (node:internal/streams/writable:510:10)
    at Framer.ondata (/root/.openclaw/workspace/node_modules/readable-stream/lib/internal/streams/readable.js:707:22)
    at Framer.emit (node:events:519:28)
    at addChunk (/root/.openclaw/workspace/node_modules/readable-stream/lib/internal/streams/readable.js:323:12) {
  errno: -32,
  code: 'EPIPE',
  syscall: 'write'
}
[chelios] Error: write EPIPE
[chelios] Disconnected
[chelios] Starting autonomous agent...
[chelios] Waiting for spawn...
[chelios] ✅ Spawned in world at (-147.5, 60.02087133133858, -125.6141233705888)
[chelios] Connecting to Brain at ws://localhost:8767
[chelios] ✅ Brain connected
[chelios] Brain command: registered
Error: write EPIPE
    at afterWriteDispatched (node:internal/stream_base_commons:159:15)
    at writeGeneric (node:internal/stream_base_commons:150:3)
    at Socket._writeGeneric (node:net:966:11)
    at Socket._write (node:net:978:8)
    at writeOrBuffer (node:internal/streams/writable:572:12)
    at _write (node:internal/streams/writable:501:10)
    at Writable.write (node:internal/streams/writable:510:10)
    at Framer.ondata (/root/.openclaw/workspace/node_modules/readable-stream/lib/internal/streams/readable.js:707:22)
    at Framer.emit (node:events:519:28)
    at addChunk (/root/.openclaw/workspace/node_modules/readable-stream/lib/internal/streams/readable.js:323:12) {
  errno: -32,
  code: 'EPIPE',
  syscall: 'write'
}
[chelios] Error: write EPIPE
[chelios] Disconnected
[chelios] Starting autonomous agent...
[chelios] Waiting for spawn...
[chelios] ✅ Spawned in world at (-145.0294329465849, 62.143079446795994, -127.77148372724561)
[chelios] Connecting to Brain at ws://localhost:8767
[chelios] ✅ Brain connected
[chelios] Brain command: registered
Error: write EPIPE
    at afterWriteDispatched (node:internal/stream_base_commons:159:15)
    at writeGeneric (node:internal/stream_base_commons:150:3)
    at Socket._writeGeneric (node:net:966:11)
    at Socket._write (node:net:978:8)
    at writeOrBuffer (node:internal/streams/writable:572:12)
    at _write (node:internal/streams/writable:501:10)
    at Writable.write (node:internal/streams/writable:510:10)
    at Framer.ondata (/root/.openclaw/workspace/node_modules/readable-stream/lib/internal/streams/readable.js:707:22)
    at Framer.emit (node:events:519:28)
    at addChunk (/root/.openclaw/workspace/node_modules/readable-stream/lib/internal/streams/readable.js:323:12) {
  errno: -32,
  code: 'EPIPE',
  syscall: 'write'
}
[chelios] Error: write EPIPE
[chelios] Disconnected
[chelios] Starting autonomous agent...
[chelios] Waiting for spawn...
[chelios] ✅ Spawned in world at (-143.35471564587715, 62.86316366167934, -128.48004844550223)
[chelios] Connecting to Brain at ws://localhost:8767
[chelios] ✅ Brain connected
[chelios] Brain command: registered
[chelios] Chat: patricia: Agent patricia online!
Error: write EPIPE
    at afterWriteDispatched (node:internal/stream_base_commons:159:15)
    at writeGeneric (node:internal/stream_base_commons:150:3)
    at Socket._writeGeneric (node:net:966:11)
    at Socket._write (node:net:978:8)
    at writeOrBuffer (node:internal/streams/writable:572:12)
    at _write (node:internal/streams/writable:501:10)
    at Writable.write (node:internal/streams/writable:510:10)
    at Framer.ondata (/root/.openclaw/workspace/node_modules/readable-stream/lib/internal/streams/readable.js:707:22)
    at Framer.emit (node:events:519:28)
    at addChunk (/root/.openclaw/workspace/node_modules/readable-stream/lib/internal/streams/readable.js:323:12) {
  errno: -32,
  code: 'EPIPE',
  syscall: 'write'
}
[chelios] Error: write EPIPE
[chelios] Disconnected
[chelios] Starting autonomous agent...
[chelios] Waiting for spawn...
[chelios] ✅ Spawned in world at (-143.35471564587715, 51, -128.48004844550223)
[chelios] Connecting to Brain at ws://localhost:8767
[chelios] ✅ Brain connected
[chelios] Brain command: registered
Error: write EPIPE
    at afterWriteDispatched (node:internal/stream_base_commons:159:15)
    at writeGeneric (node:internal/stream_base_commons:150:3)
    at Socket._writeGeneric (node:net:966:11)
    at Socket._write (node:net:978:8)
    at writeOrBuffer (node:internal/streams/writable:572:12)
    at _write (node:internal/streams/writable:501:10)
    at Writable.write (node:internal/streams/writable:510:10)
    at Framer.ondata (/root/.openclaw/workspace/node_modules/readable-stream/lib/internal/streams/readable.js:707:22)
    at Framer.emit (node:events:519:28)
    at addChunk (/root/.openclaw/workspace/node_modules/readable-stream/lib/internal/streams/readable.js:323:12) {
  errno: -32,
  code: 'EPIPE',
  syscall: 'write'
}
[chelios] Error: write EPIPE
[chelios] Disconnected
[chelios] Starting autonomous agent...
[chelios] Waiting for spawn...
[chelios] ✅ Spawned in world at (-143.35471564587715, 51, -128.48004844550223)
[chelios] Connecting to Brain at ws://localhost:8767
[chelios] ✅ Brain connected
[chelios] Brain command: registered
Error: write EPIPE
    at afterWriteDispatched (node:internal/stream_base_commons:159:15)
    at writeGeneric (node:internal/stream_base_commons:150:3)
    at Socket._writeGeneric (node:net:966:11)
    at Socket._write (node:net:978:8)
    at writeOrBuffer (node:internal/streams/writable:572:12)
    at _write (node:internal/streams/writable:501:10)
    at Writable.write (node:internal/streams/writable:510:10)
    at Framer.ondata (/root/.openclaw/workspace/node_modules/readable-stream/lib/internal/streams/readable.js:707:22)
    at Framer.emit (node:events:519:28)
    at addChunk (/root/.openclaw/workspace/node_modules/readable-stream/lib/internal/streams/readable.js:323:12) {
  errno: -32,
  code: 'EPIPE',
  syscall: 'write'
}
[chelios] Error: write EPIPE
[chelios] Disconnected
[chelios] Starting autonomous agent...
[chelios] Waiting for spawn...
[chelios] ✅ Spawned in world at (-143.35471564587715, 51, -128.48004844550223)
[chelios] Connecting to Brain at ws://localhost:8767
[chelios] ✅ Brain connected
[chelios] Brain command: registered
Error: write EPIPE
    at afterWriteDispatched (node:internal/stream_base_commons:159:15)
    at writeGeneric (node:internal/stream_base_commons:150:3)
    at Socket._writeGeneric (node:net:966:11)
    at Socket._write (node:net:978:8)
    at writeOrBuffer (node:internal/streams/writable:572:12)
    at _write (node:internal/streams/writable:501:10)
    at Writable.write (node:internal/streams/writable:510:10)
    at Framer.ondata (/root/.openclaw/workspace/node_modules/readable-stream/lib/internal/streams/readable.js:707:22)
    at Framer.emit (node:events:519:28)
    at addChunk (/root/.openclaw/workspace/node_modules/readable-stream/lib/internal/streams/readable.js:323:12) {
  errno: -32,
  code: 'EPIPE',
  syscall: 'write'
}
[chelios] Error: write EPIPE
[chelios] Disconnected
[chelios] Starting autonomous agent...
[chelios] Waiting for spawn...
[chelios] ✅ Spawned in world at (-144.51159469892661, 61.30002035480753, -125.08284899718176)
[chelios] Connecting to Brain at ws://localhost:8767
[chelios] ✅ Brain connected
[chelios] Brain command: registered
Error: write EPIPE
    at afterWriteDispatched (node:internal/stream_base_commons:159:15)
    at writeGeneric (node:internal/stream_base_commons:150:3)
    at Socket._writeGeneric (node:net:966:11)
    at Socket._write (node:net:978:8)
    at writeOrBuffer (node:internal/streams/writable:572:12)
    at _write (node:internal/streams/writable:501:10)
    at Writable.write (node:internal/streams/writable:510:10)
    at Framer.ondata (/root/.openclaw/workspace/node_modules/readable-stream/lib/internal/streams/readable.js:707:22)
    at Framer.emit (node:events:519:28)
    at addChunk (/root/.openclaw/workspace/node_modules/readable-stream/lib/internal/streams/readable.js:323:12) {
  errno: -32,
  code: 'EPIPE',
  syscall: 'write'
}
[chelios] Error: write EPIPE
[chelios] Disconnected
[chelios] Starting autonomous agent...
[chelios] Waiting for spawn...
[chelios] ✅ Spawned in world at (-140.97918942867898, 62.421732072261236, -121.97708611970867)
[chelios] Connecting to Brain at ws://localhost:8767
[chelios] ✅ Brain connected
[chelios] Brain command: registered
[chelios] Chat: patricia: Agent patricia online!
Error: write EPIPE
    at afterWriteDispatched (node:internal/stream_base_commons:159:15)
    at writeGeneric (node:internal/stream_base_commons:150:3)
    at Socket._writeGeneric (node:net:966:11)
    at Socket._write (node:net:978:8)
    at writeOrBuffer (node:internal/streams/writable:572:12)
    at _write (node:internal/streams/writable:501:10)
    at Writable.write (node:internal/streams/writable:510:10)
    at Framer.ondata (/root/.openclaw/workspace/node_modules/readable-stream/lib/internal/streams/readable.js:707:22)
    at Framer.emit (node:events:519:28)
    at addChunk (/root/.openclaw/workspace/node_modules/readable-stream/lib/internal/streams/readable.js:323:12) {
  errno: -32,
  code: 'EPIPE',
  syscall: 'write'
}
[chelios] Error: write EPIPE
[chelios] Disconnected
[chelios] Starting autonomous agent...
[chelios] Waiting for spawn...
[chelios] ✅ Spawned in world at (-143.08068794939302, 62.56171038480283, -120.851561056936)
[chelios] Connecting to Brain at ws://localhost:8767
[chelios] ✅ Brain connected
[chelios] Brain command: registered
Error: write EPIPE
    at afterWriteDispatched (node:internal/stream_base_commons:159:15)
    at writeGeneric (node:internal/stream_base_commons:150:3)
    at Socket._writeGeneric (node:net:966:11)
    at Socket._write (node:net:978:8)
    at writeOrBuffer (node:internal/streams/writable:572:12)
    at _write (node:internal/streams/writable:501:10)
    at Writable.write (node:internal/streams/writable:510:10)
    at Framer.ondata (/root/.openclaw/workspace/node_modules/readable-stream/lib/internal/streams/readable.js:707:22)
    at Framer.emit (node:events:519:28)
    at addChunk (/root/.openclaw/workspace/node_modules/readable-stream/lib/internal/streams/readable.js:323:12) {
  errno: -32,
  code: 'EPIPE',
  syscall: 'write'
}
[chelios] Error: write EPIPE
[chelios] Disconnected
[chelios] Starting autonomous agent...
[chelios] Waiting for spawn...
[chelios] ✅ Spawned in world at (-141.56974958136095, 61.979747991320686, -122.48799831678946)
[chelios] Connecting to Brain at ws://localhost:8767
[chelios] Chat: patricia: Agent patricia online!
[chelios] ✅ Brain connected
[chelios] Brain command: registered
Error: write EPIPE
    at afterWriteDispatched (node:internal/stream_base_commons:159:15)
    at writeGeneric (node:internal/stream_base_commons:150:3)
    at Socket._writeGeneric (node:net:966:11)
    at Socket._write (node:net:978:8)
    at writeOrBuffer (node:internal/streams/writable:572:12)
    at _write (node:internal/streams/writable:501:10)
    at Writable.write (node:internal/streams/writable:510:10)
    at Framer.ondata (/root/.openclaw/workspace/node_modules/readable-stream/lib/internal/streams/readable.js:707:22)
    at Framer.emit (node:events:519:28)
    at addChunk (/root/.openclaw/workspace/node_modules/readable-stream/lib/internal/streams/readable.js:323:12) {
  errno: -32,
  code: 'EPIPE',
  syscall: 'write'
}
[chelios] Error: write EPIPE
[chelios] Disconnected
[chelios] Starting autonomous agent...
[chelios] Waiting for spawn...
[chelios] ✅ Spawned in world at (-140.2347684485564, 62.65763175635776, -127.02024181742904)
[chelios] Connecting to Brain at ws://localhost:8767
[chelios] ✅ Brain connected
[chelios] Brain command: registered
[chelios] Chat: patricia: Agent patricia online!
[chelios] Chat: forge: Agent forge online!
Error: write EPIPE
    at afterWriteDispatched (node:internal/stream_base_commons:159:15)
    at writeGeneric (node:internal/stream_base_commons:150:3)
    at Socket._writeGeneric (node:net:966:11)
    at Socket._write (node:net:978:8)
    at writeOrBuffer (node:internal/streams/writable:572:12)
    at _write (node:internal/streams/writable:501:10)
    at Writable.write (node:internal/streams/writable:510:10)
    at Framer.ondata (/root/.openclaw/workspace/node_modules/readable-stream/lib/internal/streams/readable.js:707:22)
    at Framer.emit (node:events:519:28)
    at addChunk (/root/.openclaw/workspace/node_modules/readable-stream/lib/internal/streams/readable.js:323:12) {
  errno: -32,
  code: 'EPIPE',
  syscall: 'write'
}
[chelios] Error: write EPIPE
[chelios] Disconnected
[chelios] Starting autonomous agent...
[chelios] Waiting for spawn...
[chelios] Disconnected
[chelios] Starting autonomous agent...
[chelios] Waiting for spawn...
[chelios] ✅ Spawned in world at (-142.00653146363922, 61.875101099045324, -123.53800390576858)
[chelios] Connecting to Brain at ws://localhost:8767
[chelios] ✅ Brain connected
[chelios] Brain command: registered
Error: write EPIPE
    at afterWriteDispatched (node:internal/stream_base_commons:159:15)
    at writeGeneric (node:internal/stream_base_commons:150:3)
    at Socket._writeGeneric (node:net:966:11)
    at Socket._write (node:net:978:8)
    at writeOrBuffer (node:internal/streams/writable:572:12)
    at _write (node:internal/streams/writable:501:10)
    at Writable.write (node:internal/streams/writable:510:10)
    at Framer.ondata (/root/.openclaw/workspace/node_modules/readable-stream/lib/internal/streams/readable.js:707:22)
    at Framer.emit (node:events:519:28)
    at addChunk (/root/.openclaw/workspace/node_modules/readable-stream/lib/internal/streams/readable.js:323:12) {
  errno: -32,
  code: 'EPIPE',
  syscall: 'write'
}
[chelios] Error: write EPIPE
[chelios] Disconnected
[chelios] Starting autonomous agent...
[chelios] Waiting for spawn...
[chelios] Disconnected
[chelios] Starting autonomous agent...
[chelios] Waiting for spawn...
[chelios] ✅ Spawned in world at (-140.15965242284275, 62.20134245827993, -121.42362553610675)
[chelios] Connecting to Brain at ws://localhost:8767
[chelios] ✅ Brain connected
[chelios] Brain command: registered
Error: write EPIPE
    at afterWriteDispatched (node:internal/stream_base_commons:159:15)
    at writeGeneric (node:internal/stream_base_commons:150:3)
    at Socket._writeGeneric (node:net:966:11)
    at Socket._write (node:net:978:8)
    at writeOrBuffer (node:internal/streams/writable:572:12)
    at _write (node:internal/streams/writable:501:10)
    at Writable.write (node:internal/streams/writable:510:10)
    at Framer.ondata (/root/.openclaw/workspace/node_modules/readable-stream/lib/internal/streams/readable.js:707:22)
    at Framer.emit (node:events:519:28)
    at addChunk (/root/.openclaw/workspace/node_modules/readable-stream/lib/internal/streams/readable.js:323:12) {
  errno: -32,
  code: 'EPIPE',
  syscall: 'write'
}
[chelios] Error: write EPIPE
[chelios] Disconnected
[chelios] Starting autonomous agent...
[chelios] Waiting for spawn...
[chelios] ✅ Spawned in world at (-140.50000878900852, 62.07573080919666, -126.11665232268662)
[chelios] Connecting to Brain at ws://localhost:8767
[chelios] ✅ Brain connected
[chelios] Brain command: registered
Error: write EPIPE
    at afterWriteDispatched (node:internal/stream_base_commons:159:15)
    at writeGeneric (node:internal/stream_base_commons:150:3)
    at Socket._writeGeneric (node:net:966:11)
    at Socket._write (node:net:978:8)
    at writeOrBuffer (node:internal/streams/writable:572:12)
    at _write (node:internal/streams/writable:501:10)
    at Writable.write (node:internal/streams/writable:510:10)
    at Framer.ondata (/root/.openclaw/workspace/node_modules/readable-stream/lib/internal/streams/readable.js:707:22)
    at Framer.emit (node:events:519:28)
    at addChunk (/root/.openclaw/workspace/node_modules/readable-stream/lib/internal/streams/readable.js:323:12) {
  errno: -32,
  code: 'EPIPE',
  syscall: 'write'
}
[chelios] Error: write EPIPE
[chelios] Disconnected
[chelios] Starting autonomous agent...
[chelios] Waiting for spawn...
[chelios] ✅ Spawned in world at (-139.0138552775299, 61.62313633614824, -128.21332115974124)
[chelios] Connecting to Brain at ws://localhost:8767
[chelios] ✅ Brain connected
[chelios] Brain command: registered
Error: write EPIPE
    at afterWriteDispatched (node:internal/stream_base_commons:159:15)
    at writeGeneric (node:internal/stream_base_commons:150:3)
    at Socket._writeGeneric (node:net:966:11)
    at Socket._write (node:net:978:8)
    at writeOrBuffer (node:internal/streams/writable:572:12)
    at _write (node:internal/streams/writable:501:10)
    at Writable.write (node:internal/streams/writable:510:10)
    at Framer.ondata (/root/.openclaw/workspace/node_modules/readable-stream/lib/internal/streams/readable.js:707:22)
    at Framer.emit (node:events:519:28)
    at addChunk (/root/.openclaw/workspace/node_modules/readable-stream/lib/internal/streams/readable.js:323:12) {
  errno: -32,
  code: 'EPIPE',
  syscall: 'write'
}
[chelios] Error: write EPIPE
[chelios] Disconnected
[chelios] Starting autonomous agent...
[chelios] Waiting for spawn...
[chelios] Disconnected
[chelios] Starting autonomous agent...
[chelios] Waiting for spawn...
[chelios] ✅ Spawned in world at (-143.65101596057386, 62.26698750294518, -133.65035752296177)
[chelios] Connecting to Brain at ws://localhost:8767
[chelios] ✅ Brain connected
[chelios] Brain command: registered
Error: write EPIPE
    at afterWriteDispatched (node:internal/stream_base_commons:159:15)
    at writeGeneric (node:internal/stream_base_commons:150:3)
    at Socket._writeGeneric (node:net:966:11)
    at Socket._write (node:net:978:8)
    at writeOrBuffer (node:internal/streams/writable:572:12)
    at _write (node:internal/streams/writable:501:10)
    at Writable.write (node:internal/streams/writable:510:10)
    at Framer.ondata (/root/.openclaw/workspace/node_modules/readable-stream/lib/internal/streams/readable.js:707:22)
    at Framer.emit (node:events:519:28)
    at addChunk (/root/.openclaw/workspace/node_modules/readable-stream/lib/internal/streams/readable.js:323:12) {
  errno: -32,
  code: 'EPIPE',
  syscall: 'write'
}
[chelios] Error: write EPIPE
[chelios] Disconnected
[chelios] Starting autonomous agent...
[chelios] Waiting for spawn...
[chelios] ✅ Spawned in world at (-147.5073992251638, 62.04566432909714, -137.4297098635391)
[chelios] Connecting to Brain at ws://localhost:8767
[chelios] ✅ Brain connected
[chelios] Brain command: registered
Error: write EPIPE
    at afterWriteDispatched (node:internal/stream_base_commons:159:15)
    at writeGeneric (node:internal/stream_base_commons:150:3)
    at Socket._writeGeneric (node:net:966:11)
    at Socket._write (node:net:978:8)
    at writeOrBuffer (node:internal/streams/writable:572:12)
    at _write (node:internal/streams/writable:501:10)
    at Writable.write (node:internal/streams/writable:510:10)
    at Framer.ondata (/root/.openclaw/workspace/node_modules/readable-stream/lib/internal/streams/readable.js:707:22)
    at Framer.emit (node:events:519:28)
    at addChunk (/root/.openclaw/workspace/node_modules/readable-stream/lib/internal/streams/readable.js:323:12) {
  errno: -32,
  code: 'EPIPE',
  syscall: 'write'
}
[chelios] Error: write EPIPE
[chelios] Disconnected
[chelios] Starting autonomous agent...
[chelios] Waiting for spawn...
[chelios] ✅ Spawned in world at (-144.67977337483057, 62.37533821447928, -136.65585802619717)
[chelios] Connecting to Brain at ws://localhost:8767
[chelios] ✅ Brain connected
[chelios] Brain command: registered
Error: write ECONNRESET
    at afterWriteDispatched (node:internal/stream_base_commons:159:15)
    at writeGeneric (node:internal/stream_base_commons:150:3)
    at Socket._writeGeneric (node:net:966:11)
    at Socket._write (node:net:978:8)
    at writeOrBuffer (node:internal/streams/writable:572:12)
    at _write (node:internal/streams/writable:501:10)
    at Writable.write (node:internal/streams/writable:510:10)
    at Framer.ondata (/root/.openclaw/workspace/node_modules/readable-stream/lib/internal/streams/readable.js:707:22)
    at Framer.emit (node:events:519:28)
    at addChunk (/root/.openclaw/workspace/node_modules/readable-stream/lib/internal/streams/readable.js:323:12) {
  errno: -104,
  code: 'ECONNRESET',
  syscall: 'write'
}
[chelios] Error: write ECONNRESET
[chelios] Disconnected
[chelios] Starting autonomous agent...
[chelios] Waiting for spawn...
[chelios] Disconnected
[chelios] Starting autonomous agent...
[chelios] Waiting for spawn...
[chelios] ✅ Spawned in world at (-145.5480686556396, 62.24608370140017, -134.52905846695552)
[chelios] Connecting to Brain at ws://localhost:8767
[chelios] ✅ Brain connected
[chelios] Brain command: registered
Error: write EPIPE
    at afterWriteDispatched (node:internal/stream_base_commons:159:15)
    at writeGeneric (node:internal/stream_base_commons:150:3)
    at Socket._writeGeneric (node:net:966:11)
    at Socket._write (node:net:978:8)
    at writeOrBuffer (node:internal/streams/writable:572:12)
    at _write (node:internal/streams/writable:501:10)
    at Writable.write (node:internal/streams/writable:510:10)
    at Framer.ondata (/root/.openclaw/workspace/node_modules/readable-stream/lib/internal/streams/readable.js:707:22)
    at Framer.emit (node:events:519:28)
    at addChunk (/root/.openclaw/workspace/node_modules/readable-stream/lib/internal/streams/readable.js:323:12) {
  errno: -32,
  code: 'EPIPE',
  syscall: 'write'
}
[chelios] Error: write EPIPE
[chelios] Disconnected
[chelios] Starting autonomous agent...
[chelios] Waiting for spawn...
[chelios] ✅ Spawned in world at (-147.19069598795684, 61.79856973112052, -131.61407814553974)
[chelios] Connecting to Brain at ws://localhost:8767
[chelios] ✅ Brain connected
[chelios] Brain command: registered
Error: write EPIPE
    at afterWriteDispatched (node:internal/stream_base_commons:159:15)
    at writeGeneric (node:internal/stream_base_commons:150:3)
    at Socket._writeGeneric (node:net:966:11)
    at Socket._write (node:net:978:8)
    at writeOrBuffer (node:internal/streams/writable:572:12)
    at _write (node:internal/streams/writable:501:10)
    at Writable.write (node:internal/streams/writable:510:10)
    at Framer.ondata (/root/.openclaw/workspace/node_modules/readable-stream/lib/internal/streams/readable.js:707:22)
    at Framer.emit (node:events:519:28)
    at addChunk (/root/.openclaw/workspace/node_modules/readable-stream/lib/internal/streams/readable.js:323:12) {
  errno: -32,
  code: 'EPIPE',
  syscall: 'write'
}
[chelios] Error: write EPIPE
[chelios] Disconnected
[chelios] Starting autonomous agent...
[chelios] Waiting for spawn...
[chelios] ✅ Spawned in world at (-143.62296291779214, 62.06301655098278, -127.46842566491519)
[chelios] Connecting to Brain at ws://localhost:8767
[chelios] ✅ Brain connected
[chelios] Brain command: registered
Error: write EPIPE
    at afterWriteDispatched (node:internal/stream_base_commons:159:15)
    at writeGeneric (node:internal/stream_base_commons:150:3)
    at Socket._writeGeneric (node:net:966:11)
    at Socket._write (node:net:978:8)
    at writeOrBuffer (node:internal/streams/writable:572:12)
    at _write (node:internal/streams/writable:501:10)
    at Writable.write (node:internal/streams/writable:510:10)
    at Framer.ondata (/root/.openclaw/workspace/node_modules/readable-stream/lib/internal/streams/readable.js:707:22)
    at Framer.emit (node:events:519:28)
    at addChunk (/root/.openclaw/workspace/node_modules/readable-stream/lib/internal/streams/readable.js:323:12) {
  errno: -32,
  code: 'EPIPE',
  syscall: 'write'
}
[chelios] Error: write EPIPE
[chelios] Disconnected
[chelios] Starting autonomous agent...
[chelios] Waiting for spawn...
[chelios] ✅ Spawned in world at (-142.495137201889, 61.85996290953773, -121.5)
[chelios] Connecting to Brain at ws://localhost:8767
[chelios] ✅ Brain connected
[chelios] Brain command: registered
Error: write EPIPE
    at afterWriteDispatched (node:internal/stream_base_commons:159:15)
    at writeGeneric (node:internal/stream_base_commons:150:3)
    at Socket._writeGeneric (node:net:966:11)
    at Socket._write (node:net:978:8)
    at writeOrBuffer (node:internal/streams/writable:572:12)
    at _write (node:internal/streams/writable:501:10)
    at Writable.write (node:internal/streams/writable:510:10)
    at Framer.ondata (/root/.openclaw/workspace/node_modules/readable-stream/lib/internal/streams/readable.js:707:22)
    at Framer.emit (node:events:519:28)
    at addChunk (/root/.openclaw/workspace/node_modules/readable-stream/lib/internal/streams/readable.js:323:12) {
  errno: -32,
  code: 'EPIPE',
  syscall: 'write'
}
[chelios] Error: write EPIPE
[chelios] Disconnected
[chelios] Starting autonomous agent...
[chelios] Waiting for spawn...
[chelios] Chat: forge: Agent forge online!
[chelios] ✅ Spawned in world at (-142.495137201889, 57.259962913189874, -121.5)
[chelios] Connecting to Brain at ws://localhost:8767
[chelios] ✅ Brain connected
[chelios] Brain command: registered
Error: write EPIPE
    at afterWriteDispatched (node:internal/stream_base_commons:159:15)
    at writeGeneric (node:internal/stream_base_commons:150:3)
    at Socket._writeGeneric (node:net:966:11)
    at Socket._write (node:net:978:8)
    at writeOrBuffer (node:internal/streams/writable:572:12)
    at _write (node:internal/streams/writable:501:10)
    at Writable.write (node:internal/streams/writable:510:10)
    at Framer.ondata (/root/.openclaw/workspace/node_modules/readable-stream/lib/internal/streams/readable.js:707:22)
    at Framer.emit (node:events:519:28)
    at addChunk (/root/.openclaw/workspace/node_modules/readable-stream/lib/internal/streams/readable.js:323:12) {
  errno: -32,
  code: 'EPIPE',
  syscall: 'write'
}
[chelios] Error: write EPIPE
[chelios] Disconnected
[chelios] Starting autonomous agent...
[chelios] Waiting for spawn...
[chelios] ✅ Spawned in world at (-140.40555761999713, 58.46028744029683, -122.46763410396778)
[chelios] Connecting to Brain at ws://localhost:8767
[chelios] ✅ Brain connected
[chelios] Brain command: registered
Error: write EPIPE
    at afterWriteDispatched (node:internal/stream_base_commons:159:15)
    at writeGeneric (node:internal/stream_base_commons:150:3)
    at Socket._writeGeneric (node:net:966:11)
    at Socket._write (node:net:978:8)
    at writeOrBuffer (node:internal/streams/writable:572:12)
    at _write (node:internal/streams/writable:501:10)
    at Writable.write (node:internal/streams/writable:510:10)
    at Framer.ondata (/root/.openclaw/workspace/node_modules/readable-stream/lib/internal/streams/readable.js:707:22)
    at Framer.emit (node:events:519:28)
    at addChunk (/root/.openclaw/workspace/node_modules/readable-stream/lib/internal/streams/readable.js:323:12) {
  errno: -32,
  code: 'EPIPE',
  syscall: 'write'
}
[chelios] Error: write EPIPE
[chelios] Disconnected
[chelios] Starting autonomous agent...
[chelios] Waiting for spawn...
[chelios] ✅ Spawned in world at (-137.87194084753344, 62.38027211304574, -123.54848592849616)
[chelios] Connecting to Brain at ws://localhost:8767
[chelios] ✅ Brain connected
[chelios] Brain command: registered
[chelios] Chat: patricia: Agent patricia online!
Error: write EPIPE
    at afterWriteDispatched (node:internal/stream_base_commons:159:15)
    at writeGeneric (node:internal/stream_base_commons:150:3)
    at Socket._writeGeneric (node:net:966:11)
    at Socket._write (node:net:978:8)
    at writeOrBuffer (node:internal/streams/writable:572:12)
    at _write (node:internal/streams/writable:501:10)
    at Writable.write (node:internal/streams/writable:510:10)
    at Framer.ondata (/root/.openclaw/workspace/node_modules/readable-stream/lib/internal/streams/readable.js:707:22)
    at Framer.emit (node:events:519:28)
    at addChunk (/root/.openclaw/workspace/node_modules/readable-stream/lib/internal/streams/readable.js:323:12) {
  errno: -32,
  code: 'EPIPE',
  syscall: 'write'
}
[chelios] Error: write EPIPE
[chelios] Disconnected
[chelios] Starting autonomous agent...
[chelios] Waiting for spawn...
[chelios] Chat: patricia: Agent patricia online!
[chelios] ✅ Spawned in world at (-137.88325711392667, 58.88987233991544, -123.47439023833257)
[chelios] Connecting to Brain at ws://localhost:8767
[chelios] ✅ Brain connected
[chelios] Brain command: registered
Error: write EPIPE
    at afterWriteDispatched (node:internal/stream_base_commons:159:15)
    at writeGeneric (node:internal/stream_base_commons:150:3)
    at Socket._writeGeneric (node:net:966:11)
    at Socket._write (node:net:978:8)
    at writeOrBuffer (node:internal/streams/writable:572:12)
    at _write (node:internal/streams/writable:501:10)
    at Writable.write (node:internal/streams/writable:510:10)
    at Framer.ondata (/root/.openclaw/workspace/node_modules/readable-stream/lib/internal/streams/readable.js:707:22)
    at Framer.emit (node:events:519:28)
    at addChunk (/root/.openclaw/workspace/node_modules/readable-stream/lib/internal/streams/readable.js:323:12) {
  errno: -32,
  code: 'EPIPE',
  syscall: 'write'
}
[chelios] Error: write EPIPE
[chelios] Disconnected
[chelios] Starting autonomous agent...
[chelios] Waiting for spawn...
[chelios] ✅ Spawned in world at (-140.93155452074706, 62.712160095647384, -131.25829413978275)
[chelios] Connecting to Brain at ws://localhost:8767
[chelios] ✅ Brain connected
[chelios] Brain command: registered
Error: write EPIPE
    at afterWriteDispatched (node:internal/stream_base_commons:159:15)
    at writeGeneric (node:internal/stream_base_commons:150:3)
    at Socket._writeGeneric (node:net:966:11)
    at Socket._write (node:net:978:8)
    at writeOrBuffer (node:internal/streams/writable:572:12)
    at _write (node:internal/streams/writable:501:10)
    at Writable.write (node:internal/streams/writable:510:10)
    at Framer.ondata (/root/.openclaw/workspace/node_modules/readable-stream/lib/internal/streams/readable.js:707:22)
    at Framer.emit (node:events:519:28)
    at addChunk (/root/.openclaw/workspace/node_modules/readable-stream/lib/internal/streams/readable.js:323:12) {
  errno: -32,
  code: 'EPIPE',
  syscall: 'write'
}
[chelios] Error: write EPIPE
[chelios] Disconnected
[chelios] Starting autonomous agent...
[chelios] Waiting for spawn...
[chelios] ✅ Spawned in world at (-136.87102984092397, 62.12634498684682, -135.21852188949228)
[chelios] Connecting to Brain at ws://localhost:8767
[chelios] ✅ Brain connected
[chelios] Brain command: registered
Error: write EPIPE
    at afterWriteDispatched (node:internal/stream_base_commons:159:15)
    at writeGeneric (node:internal/stream_base_commons:150:3)
    at Socket._writeGeneric (node:net:966:11)
    at Socket._write (node:net:978:8)
    at writeOrBuffer (node:internal/streams/writable:572:12)
    at _write (node:internal/streams/writable:501:10)
    at Writable.write (node:internal/streams/writable:510:10)
    at Framer.ondata (/root/.openclaw/workspace/node_modules/readable-stream/lib/internal/streams/readable.js:707:22)
    at Framer.emit (node:events:519:28)
    at addChunk (/root/.openclaw/workspace/node_modules/readable-stream/lib/internal/streams/readable.js:323:12) {
  errno: -32,
  code: 'EPIPE',
  syscall: 'write'
}
[chelios] Error: write EPIPE
[chelios] Disconnected
[chelios] Starting autonomous agent...
[chelios] Waiting for spawn...
[chelios] ✅ Spawned in world at (-131.52194821498662, 62.471678189043985, -137.49948768091303)
[chelios] Connecting to Brain at ws://localhost:8767
[chelios] ✅ Brain connected
[chelios] Brain command: registered
Error: write EPIPE
    at afterWriteDispatched (node:internal/stream_base_commons:159:15)
    at writeGeneric (node:internal/stream_base_commons:150:3)
    at Socket._writeGeneric (node:net:966:11)
    at Socket._write (node:net:978:8)
    at writeOrBuffer (node:internal/streams/writable:572:12)
    at _write (node:internal/streams/writable:501:10)
    at Writable.write (node:internal/streams/writable:510:10)
    at Framer.ondata (/root/.openclaw/workspace/node_modules/readable-stream/lib/internal/streams/readable.js:707:22)
    at Framer.emit (node:events:519:28)
    at addChunk (/root/.openclaw/workspace/node_modules/readable-stream/lib/internal/streams/readable.js:323:12) {
  errno: -32,
  code: 'EPIPE',
  syscall: 'write'
}
[chelios] Error: write EPIPE
[chelios] Disconnected
[chelios] Starting autonomous agent...
[chelios] Waiting for spawn...
[chelios] ✅ Spawned in world at (-133.49255138343295, 62.36585558689791, -140.46326351828284)
[chelios] Connecting to Brain at ws://localhost:8767
[chelios] ✅ Brain connected
[chelios] Brain command: registered
Error: write EPIPE
    at afterWriteDispatched (node:internal/stream_base_commons:159:15)
    at writeGeneric (node:internal/stream_base_commons:150:3)
    at Socket._writeGeneric (node:net:966:11)
    at Socket._write (node:net:978:8)
    at writeOrBuffer (node:internal/streams/writable:572:12)
    at _write (node:internal/streams/writable:501:10)
    at Writable.write (node:internal/streams/writable:510:10)
    at Framer.ondata (/root/.openclaw/workspace/node_modules/readable-stream/lib/internal/streams/readable.js:707:22)
    at Framer.emit (node:events:519:28)
    at addChunk (/root/.openclaw/workspace/node_modules/readable-stream/lib/internal/streams/readable.js:323:12) {
  errno: -32,
  code: 'EPIPE',
  syscall: 'write'
}
[chelios] Error: write EPIPE
[chelios] Disconnected
[chelios] Starting autonomous agent...
[chelios] Waiting for spawn...
[chelios] ✅ Spawned in world at (-130.5, 61.104834379686345, -142.55426577273317)
[chelios] Connecting to Brain at ws://localhost:8767
[chelios] ✅ Brain connected
[chelios] Brain command: registered
Error: write EPIPE
    at afterWriteDispatched (node:internal/stream_base_commons:159:15)
    at writeGeneric (node:internal/stream_base_commons:150:3)
    at Socket._writeGeneric (node:net:966:11)
    at Socket._write (node:net:978:8)
    at writeOrBuffer (node:internal/streams/writable:572:12)
    at _write (node:internal/streams/writable:501:10)
    at Writable.write (node:internal/streams/writable:510:10)
    at Framer.ondata (/root/.openclaw/workspace/node_modules/readable-stream/lib/internal/streams/readable.js:707:22)
    at Framer.emit (node:events:519:28)
    at addChunk (/root/.openclaw/workspace/node_modules/readable-stream/lib/internal/streams/readable.js:323:12) {
  errno: -32,
  code: 'EPIPE',
  syscall: 'write'
}
[chelios] Error: write EPIPE
[chelios] Disconnected
[chelios] Starting autonomous agent...
[chelios] Waiting for spawn...
[chelios] ✅ Spawned in world at (-134.27958911008687, 61.901165990502854, -143.5684558629728)
[chelios] Connecting to Brain at ws://localhost:8767
[chelios] ✅ Brain connected
[chelios] Brain command: registered
Error: write EPIPE
    at afterWriteDispatched (node:internal/stream_base_commons:159:15)
    at writeGeneric (node:internal/stream_base_commons:150:3)
    at Socket._writeGeneric (node:net:966:11)
    at Socket._write (node:net:978:8)
    at writeOrBuffer (node:internal/streams/writable:572:12)
    at _write (node:internal/streams/writable:501:10)
    at Writable.write (node:internal/streams/writable:510:10)
    at Framer.ondata (/root/.openclaw/workspace/node_modules/readable-stream/lib/internal/streams/readable.js:707:22)
    at Framer.emit (node:events:519:28)
    at addChunk (/root/.openclaw/workspace/node_modules/readable-stream/lib/internal/streams/readable.js:323:12) {
  errno: -32,
  code: 'EPIPE',
  syscall: 'write'
}
[chelios] Error: write EPIPE
[chelios] Disconnected
[chelios] Starting autonomous agent...
[chelios] Waiting for spawn...
[chelios] ✅ Spawned in world at (-134.88702138654654, 62.77682166971704, -145.1428473619259)
[chelios] Connecting to Brain at ws://localhost:8767
[chelios] ✅ Brain connected
[chelios] Brain command: registered
Error: write EPIPE
    at afterWriteDispatched (node:internal/stream_base_commons:159:15)
    at writeGeneric (node:internal/stream_base_commons:150:3)
    at Socket._writeGeneric (node:net:966:11)
    at Socket._write (node:net:978:8)
    at writeOrBuffer (node:internal/streams/writable:572:12)
    at _write (node:internal/streams/writable:501:10)
    at Writable.write (node:internal/streams/writable:510:10)
    at Framer.ondata (/root/.openclaw/workspace/node_modules/readable-stream/lib/internal/streams/readable.js:707:22)
    at Framer.emit (node:events:519:28)
    at addChunk (/root/.openclaw/workspace/node_modules/readable-stream/lib/internal/streams/readable.js:323:12) {
  errno: -32,
  code: 'EPIPE',
  syscall: 'write'
}
[chelios] Error: write EPIPE
[chelios] Disconnected
[chelios] Starting autonomous agent...
[chelios] Waiting for spawn...
[chelios] Disconnected
[chelios] Starting autonomous agent...
[chelios] Waiting for spawn...
[chelios] Disconnected
[chelios] Starting autonomous agent...
[chelios] Waiting for spawn...
[chelios] ✅ Spawned in world at (-135.5, 53.05796502970858, -145.33231993096445)
[chelios] Connecting to Brain at ws://localhost:8767
[chelios] ✅ Brain connected
[chelios] Brain command: registered
Error: write EPIPE
    at afterWriteDispatched (node:internal/stream_base_commons:159:15)
    at writeGeneric (node:internal/stream_base_commons:150:3)
    at Socket._writeGeneric (node:net:966:11)
    at Socket._write (node:net:978:8)
    at writeOrBuffer (node:internal/streams/writable:572:12)
    at _write (node:internal/streams/writable:501:10)
    at Writable.write (node:internal/streams/writable:510:10)
    at Framer.ondata (/root/.openclaw/workspace/node_modules/readable-stream/lib/internal/streams/readable.js:707:22)
    at Framer.emit (node:events:519:28)
    at addChunk (/root/.openclaw/workspace/node_modules/readable-stream/lib/internal/streams/readable.js:323:12) {
  errno: -32,
  code: 'EPIPE',
  syscall: 'write'
}
[chelios] Error: write EPIPE
[chelios] Disconnected
[chelios] Starting autonomous agent...
[chelios] Waiting for spawn...
[chelios] ✅ Spawned in world at (-134.12903482663788, 61.35000429633168, -147.77792470055792)
[chelios] Connecting to Brain at ws://localhost:8767
[chelios] ✅ Brain connected
[chelios] Brain command: registered
Error: write EPIPE
    at afterWriteDispatched (node:internal/stream_base_commons:159:15)
    at writeGeneric (node:internal/stream_base_commons:150:3)
    at Socket._writeGeneric (node:net:966:11)
    at Socket._write (node:net:978:8)
    at writeOrBuffer (node:internal/streams/writable:572:12)
    at _write (node:internal/streams/writable:501:10)
    at Writable.write (node:internal/streams/writable:510:10)
    at Framer.ondata (/root/.openclaw/workspace/node_modules/readable-stream/lib/internal/streams/readable.js:707:22)
    at Framer.emit (node:events:519:28)
    at addChunk (/root/.openclaw/workspace/node_modules/readable-stream/lib/internal/streams/readable.js:323:12) {
  errno: -32,
  code: 'EPIPE',
  syscall: 'write'
}
[chelios] Error: write EPIPE
[chelios] Disconnected
[chelios] Starting autonomous agent...
[chelios] Waiting for spawn...
[chelios] Chat: patricia: Agent patricia online!
[chelios] ✅ Spawned in world at (-132.51672647455214, 62.365006641384255, -150.12610721959203)
[chelios] Connecting to Brain at ws://localhost:8767
[chelios] ✅ Brain connected
[chelios] Brain command: registered
Error: write EPIPE
    at afterWriteDispatched (node:internal/stream_base_commons:159:15)
    at writeGeneric (node:internal/stream_base_commons:150:3)
    at Socket._writeGeneric (node:net:966:11)
    at Socket._write (node:net:978:8)
    at writeOrBuffer (node:internal/streams/writable:572:12)
    at _write (node:internal/streams/writable:501:10)
    at Writable.write (node:internal/streams/writable:510:10)
    at Framer.ondata (/root/.openclaw/workspace/node_modules/readable-stream/lib/internal/streams/readable.js:707:22)
    at Framer.emit (node:events:519:28)
    at addChunk (/root/.openclaw/workspace/node_modules/readable-stream/lib/internal/streams/readable.js:323:12) {
  errno: -32,
  code: 'EPIPE',
  syscall: 'write'
}
[chelios] Error: write EPIPE
[chelios] Disconnected
[chelios] Starting autonomous agent...
[chelios] Waiting for spawn...
[chelios] ✅ Spawned in world at (-132.51672647455214, 55.665006639909855, -150.5)
[chelios] Connecting to Brain at ws://localhost:8767
[chelios] ✅ Brain connected
[chelios] Brain command: registered
Error: write EPIPE
    at afterWriteDispatched (node:internal/stream_base_commons:159:15)
    at writeGeneric (node:internal/stream_base_commons:150:3)
    at Socket._writeGeneric (node:net:966:11)
    at Socket._write (node:net:978:8)
    at writeOrBuffer (node:internal/streams/writable:572:12)
    at _write (node:internal/streams/writable:501:10)
    at Writable.write (node:internal/streams/writable:510:10)
    at Framer.ondata (/root/.openclaw/workspace/node_modules/readable-stream/lib/internal/streams/readable.js:707:22)
    at Framer.emit (node:events:519:28)
    at addChunk (/root/.openclaw/workspace/node_modules/readable-stream/lib/internal/streams/readable.js:323:12) {
  errno: -32,
  code: 'EPIPE',
  syscall: 'write'
}
[chelios] Error: write EPIPE
[chelios] Disconnected
[chelios] Starting autonomous agent...
[chelios] Waiting for spawn...
[chelios] Starting autonomous agent...
[chelios] Waiting for spawn...
Error: write ECONNRESET
    at afterWriteDispatched (node:internal/stream_base_commons:159:15)
    at writeGeneric (node:internal/stream_base_commons:150:3)
    at Socket._writeGeneric (node:net:966:11)
    at Socket._write (node:net:978:8)
    at writeOrBuffer (node:internal/streams/writable:572:12)
    at _write (node:internal/streams/writable:501:10)
    at Writable.write (node:internal/streams/writable:510:10)
    at Framer.ondata (/root/.openclaw/workspace/node_modules/readable-stream/lib/internal/streams/readable.js:707:22)
    at Framer.emit (node:events:519:28)
    at addChunk (/root/.openclaw/workspace/node_modules/readable-stream/lib/internal/streams/readable.js:323:12) {
  errno: -104,
  code: 'ECONNRESET',
  syscall: 'write'
}
[chelios] Error: write ECONNRESET
[chelios] Disconnected
[chelios] ✅ Spawned in world at (-128.5, 61.20029246316003, -157.5978250116111)
[chelios] Connecting to Brain at ws://localhost:8767
[chelios] ✅ Brain connected
[chelios] Brain command: registered
[chelios] Chat: patricia2: Agent patricia2 online!
Error: write EPIPE
    at afterWriteDispatched (node:internal/stream_base_commons:159:15)
    at writeGeneric (node:internal/stream_base_commons:150:3)
    at Socket._writeGeneric (node:net:966:11)
    at Socket._write (node:net:978:8)
    at writeOrBuffer (node:internal/streams/writable:572:12)
    at _write (node:internal/streams/writable:501:10)
    at Writable.write (node:internal/streams/writable:510:10)
    at Framer.ondata (/root/.openclaw/workspace/node_modules/readable-stream/lib/internal/streams/readable.js:707:22)
    at Framer.emit (node:events:519:28)
    at addChunk (/root/.openclaw/workspace/node_modules/readable-stream/lib/internal/streams/readable.js:323:12) {
  errno: -32,
  code: 'EPIPE',
  syscall: 'write'
}
[chelios] Error: write EPIPE
[chelios] Disconnected
[chelios] Starting autonomous agent...
[chelios] Waiting for spawn...
[chelios] ✅ Spawned in world at (-127.52222117547251, 62.83499448681187, -163.51411358468422)
[chelios] Connecting to Brain at ws://localhost:8767
[chelios] ✅ Brain connected
[chelios] Brain command: registered
Error: write EPIPE
    at afterWriteDispatched (node:internal/stream_base_commons:159:15)
    at writeGeneric (node:internal/stream_base_commons:150:3)
    at Socket._writeGeneric (node:net:966:11)
    at Socket._write (node:net:978:8)
    at writeOrBuffer (node:internal/streams/writable:572:12)
    at _write (node:internal/streams/writable:501:10)
    at Writable.write (node:internal/streams/writable:510:10)
    at Framer.ondata (/root/.openclaw/workspace/node_modules/readable-stream/lib/internal/streams/readable.js:707:22)
    at Framer.emit (node:events:519:28)
    at addChunk (/root/.openclaw/workspace/node_modules/readable-stream/lib/internal/streams/readable.js:323:12) {
  errno: -32,
  code: 'EPIPE',
  syscall: 'write'
}
[chelios] Error: write EPIPE
[chelios] Disconnected
[chelios] Starting autonomous agent...
[chelios] Waiting for spawn...
[chelios] ✅ Spawned in world at (-127.36134276491646, 57.36139497476364, -163.3547461063793)
[chelios] Connecting to Brain at ws://localhost:8767
[chelios] ✅ Brain connected
[chelios] Brain command: registered
Error: write ECONNRESET
    at afterWriteDispatched (node:internal/stream_base_commons:159:15)
    at writeGeneric (node:internal/stream_base_commons:150:3)
    at Socket._writeGeneric (node:net:966:11)
    at Socket._write (node:net:978:8)
    at writeOrBuffer (node:internal/streams/writable:572:12)
    at _write (node:internal/streams/writable:501:10)
    at Writable.write (node:internal/streams/writable:510:10)
    at Framer.ondata (/root/.openclaw/workspace/node_modules/readable-stream/lib/internal/streams/readable.js:707:22)
    at Framer.emit (node:events:519:28)
    at addChunk (/root/.openclaw/workspace/node_modules/readable-stream/lib/internal/streams/readable.js:323:12) {
  errno: -104,
  code: 'ECONNRESET',
  syscall: 'write'
}
[chelios] Error: write ECONNRESET
[chelios] Disconnected
[chelios] Starting autonomous agent...
[chelios] Waiting for spawn...
[chelios] Disconnected
[chelios] Starting autonomous agent...
[chelios] Waiting for spawn...
[chelios] ✅ Spawned in world at (-127.36134276491646, 55.761397067901, -163.3547461063793)
[chelios] Connecting to Brain at ws://localhost:8767
[chelios] ✅ Brain connected
[chelios] Brain command: registered
Error: write EPIPE
    at afterWriteDispatched (node:internal/stream_base_commons:159:15)
    at writeGeneric (node:internal/stream_base_commons:150:3)
    at Socket._writeGeneric (node:net:966:11)
    at Socket._write (node:net:978:8)
    at writeOrBuffer (node:internal/streams/writable:572:12)
    at _write (node:internal/streams/writable:501:10)
    at Writable.write (node:internal/streams/writable:510:10)
    at Framer.ondata (/root/.openclaw/workspace/node_modules/readable-stream/lib/internal/streams/readable.js:707:22)
    at Framer.emit (node:events:519:28)
    at addChunk (/root/.openclaw/workspace/node_modules/readable-stream/lib/internal/streams/readable.js:323:12) {
  errno: -32,
  code: 'EPIPE',
  syscall: 'write'
}
[chelios] Error: write EPIPE
[chelios] Disconnected
[chelios] Starting autonomous agent...
[chelios] Waiting for spawn...
[chelios] Chat: forge: Agent forge online!
[chelios] ✅ Spawned in world at (-127.36134276491646, 52.561397066637014, -163.3547461063793)
[chelios] Connecting to Brain at ws://localhost:8767
[chelios] ✅ Brain connected
[chelios] Brain command: registered
[chelios] Chat: aurora: Agent aurora online!
Error: client timed out after 30000 milliseconds
    at Timeout._onTimeout (/root/.openclaw/workspace/node_modules/minecraft-protocol/src/client/keepalive.js:18:28)
    at listOnTimeout (node:internal/timers:585:17)
    at process.processTimers (node:internal/timers:521:7)
[chelios] Error: client timed out after 30000 milliseconds
[chelios] Disconnected
[chelios] Starting autonomous agent...
[chelios] Waiting for spawn...
[chelios] Disconnected
[chelios] Starting autonomous agent...
[chelios] Waiting for spawn...
[chelios] Disconnected
[chelios] Starting autonomous agent...
[chelios] Waiting for spawn...
[chelios] ✅ Spawned in world at (-127.42677041986214, 62.30118219361184, -164.5689119270288)
[chelios] Connecting to Brain at ws://localhost:8767
[chelios] ✅ Brain connected
[chelios] Brain command: registered
Error: write EPIPE
    at afterWriteDispatched (node:internal/stream_base_commons:159:15)
    at writeGeneric (node:internal/stream_base_commons:150:3)
    at Socket._writeGeneric (node:net:966:11)
    at Socket._write (node:net:978:8)
    at writeOrBuffer (node:internal/streams/writable:572:12)
    at _write (node:internal/streams/writable:501:10)
    at Writable.write (node:internal/streams/writable:510:10)
    at Framer.ondata (/root/.openclaw/workspace/node_modules/readable-stream/lib/internal/streams/readable.js:707:22)
    at Framer.emit (node:events:519:28)
    at addChunk (/root/.openclaw/workspace/node_modules/readable-stream/lib/internal/streams/readable.js:323:12) {
  errno: -32,
  code: 'EPIPE',
  syscall: 'write'
}
[chelios] Error: write EPIPE
[chelios] Disconnected
[chelios] Starting autonomous agent...
[chelios] Waiting for spawn...
[chelios] ✅ Spawned in world at (-128.75161197348967, 62.74734795963643, -163.5941803510302)
[chelios] Connecting to Brain at ws://localhost:8767
[chelios] ✅ Brain connected
[chelios] Brain command: registered
Error: write EPIPE
    at afterWriteDispatched (node:internal/stream_base_commons:159:15)
    at writeGeneric (node:internal/stream_base_commons:150:3)
    at Socket._writeGeneric (node:net:966:11)
    at Socket._write (node:net:978:8)
    at writeOrBuffer (node:internal/streams/writable:572:12)
    at _write (node:internal/streams/writable:501:10)
    at Writable.write (node:internal/streams/writable:510:10)
    at Framer.ondata (/root/.openclaw/workspace/node_modules/readable-stream/lib/internal/streams/readable.js:707:22)
    at Framer.emit (node:events:519:28)
    at addChunk (/root/.openclaw/workspace/node_modules/readable-stream/lib/internal/streams/readable.js:323:12) {
  errno: -32,
  code: 'EPIPE',
  syscall: 'write'
}
[chelios] Error: write EPIPE
[chelios] Disconnected
[chelios] Starting autonomous agent...
[chelios] Waiting for spawn...
[chelios] ✅ Spawned in world at (-130.87432055398781, 62.182069484091336, -164.95388859223056)
[chelios] Connecting to Brain at ws://localhost:8767
[chelios] ✅ Brain connected
[chelios] Brain command: registered
[chelios] Chat: patricia: Agent patricia online!
Error: write EPIPE
    at afterWriteDispatched (node:internal/stream_base_commons:159:15)
    at writeGeneric (node:internal/stream_base_commons:150:3)
    at Socket._writeGeneric (node:net:966:11)
    at Socket._write (node:net:978:8)
    at writeOrBuffer (node:internal/streams/writable:572:12)
    at _write (node:internal/streams/writable:501:10)
    at Writable.write (node:internal/streams/writable:510:10)
    at Framer.ondata (/root/.openclaw/workspace/node_modules/readable-stream/lib/internal/streams/readable.js:707:22)
    at Framer.emit (node:events:519:28)
    at addChunk (/root/.openclaw/workspace/node_modules/readable-stream/lib/internal/streams/readable.js:323:12) {
  errno: -32,
  code: 'EPIPE',
  syscall: 'write'
}
[chelios] Error: write EPIPE
[chelios] Disconnected
[chelios] Starting autonomous agent...
[chelios] Waiting for spawn...
[chelios] ✅ Spawned in world at (-127.39523967132168, 62.38351472658792, -161.39536577039743)
[chelios] Connecting to Brain at ws://localhost:8767
[chelios] ✅ Brain connected
[chelios] Brain command: registered
Error: write EPIPE
    at afterWriteDispatched (node:internal/stream_base_commons:159:15)
    at writeGeneric (node:internal/stream_base_commons:150:3)
    at Socket._writeGeneric (node:net:966:11)
    at Socket._write (node:net:978:8)
    at writeOrBuffer (node:internal/streams/writable:572:12)
    at _write (node:internal/streams/writable:501:10)
    at Writable.write (node:internal/streams/writable:510:10)
    at Framer.ondata (/root/.openclaw/workspace/node_modules/readable-stream/lib/internal/streams/readable.js:707:22)
    at Framer.emit (node:events:519:28)
    at addChunk (/root/.openclaw/workspace/node_modules/readable-stream/lib/internal/streams/readable.js:323:12) {
  errno: -32,
  code: 'EPIPE',
  syscall: 'write'
}
[chelios] Error: write EPIPE
[chelios] Disconnected
[chelios] Starting autonomous agent...
[chelios] Waiting for spawn...
[chelios] ✅ Spawned in world at (-122.35899144841511, 61.855851361886465, -167.12382049492)
[chelios] Connecting to Brain at ws://localhost:8767
[chelios] ✅ Brain connected
[chelios] Brain command: registered
Error: write EPIPE
    at afterWriteDispatched (node:internal/stream_base_commons:159:15)
    at writeGeneric (node:internal/stream_base_commons:150:3)
    at Socket._writeGeneric (node:net:966:11)
    at Socket._write (node:net:978:8)
    at writeOrBuffer (node:internal/streams/writable:572:12)
    at _write (node:internal/streams/writable:501:10)
    at Writable.write (node:internal/streams/writable:510:10)
    at Framer.ondata (/root/.openclaw/workspace/node_modules/readable-stream/lib/internal/streams/readable.js:707:22)
    at Framer.emit (node:events:519:28)
    at addChunk (/root/.openclaw/workspace/node_modules/readable-stream/lib/internal/streams/readable.js:323:12) {
  errno: -32,
  code: 'EPIPE',
  syscall: 'write'
}
[chelios] Error: write EPIPE
[chelios] Disconnected
[chelios] Starting autonomous agent...
[chelios] Waiting for spawn...
[chelios] Disconnected
[chelios] Starting autonomous agent...
[chelios] Waiting for spawn...
[chelios] Chat: patricia: Agent patricia online!
[chelios] Chat: aurora: Agent aurora online!
[chelios] ✅ Spawned in world at (-122.35899144841511, 55.05585136054127, -167.5)
[chelios] Connecting to Brain at ws://localhost:8767
[chelios] ✅ Brain connected
[chelios] Brain command: registered
Error: write ECONNRESET
    at afterWriteDispatched (node:internal/stream_base_commons:159:15)
    at writeGeneric (node:internal/stream_base_commons:150:3)
    at Socket._writeGeneric (node:net:966:11)
    at Socket._write (node:net:978:8)
    at writeOrBuffer (node:internal/streams/writable:572:12)
    at _write (node:internal/streams/writable:501:10)
    at Writable.write (node:internal/streams/writable:510:10)
    at Framer.ondata (/root/.openclaw/workspace/node_modules/readable-stream/lib/internal/streams/readable.js:707:22)
    at Framer.emit (node:events:519:28)
    at addChunk (/root/.openclaw/workspace/node_modules/readable-stream/lib/internal/streams/readable.js:323:12) {
  errno: -104,
  code: 'ECONNRESET',
  syscall: 'write'
}
[chelios] Error: write ECONNRESET
[chelios] Disconnected
[chelios] Starting autonomous agent...
[chelios] Waiting for spawn...
[chelios] Disconnected
[chelios] Starting autonomous agent...
[chelios] Waiting for spawn...
[chelios] ✅ Spawned in world at (-126.95907757670777, 62.309181437804675, -174.0353204856899)
[chelios] Connecting to Brain at ws://localhost:8767
[chelios] Chat: patricia: Agent patricia online!
[chelios] ✅ Brain connected
[chelios] Brain command: registered
[chelios] Chat: patricia2: Agent patricia2 online!
[chelios] Chat: aurora: Agent aurora online!
Error: write EPIPE
    at afterWriteDispatched (node:internal/stream_base_commons:159:15)
    at writeGeneric (node:internal/stream_base_commons:150:3)
    at Socket._writeGeneric (node:net:966:11)
    at Socket._write (node:net:978:8)
    at writeOrBuffer (node:internal/streams/writable:572:12)
    at _write (node:internal/streams/writable:501:10)
    at Writable.write (node:internal/streams/writable:510:10)
    at Framer.ondata (/root/.openclaw/workspace/node_modules/readable-stream/lib/internal/streams/readable.js:707:22)
    at Framer.emit (node:events:519:28)
    at addChunk (/root/.openclaw/workspace/node_modules/readable-stream/lib/internal/streams/readable.js:323:12) {
  errno: -32,
  code: 'EPIPE',
  syscall: 'write'
}
[chelios] Error: write EPIPE
[chelios] Disconnected
[chelios] Starting autonomous agent...
[chelios] Waiting for spawn...
[chelios] ✅ Spawned in world at (-124.5808195404433, 62.72996430552378, -169.87505622397276)
[chelios] Connecting to Brain at ws://localhost:8767
[chelios] Chat: patricia: Agent patricia online!
[chelios] ✅ Brain connected
[chelios] Brain command: registered
[chelios] Chat: aurora: Agent aurora online!
Error: client timed out after 30000 milliseconds
    at Timeout._onTimeout (/root/.openclaw/workspace/node_modules/minecraft-protocol/src/client/keepalive.js:18:28)
    at listOnTimeout (node:internal/timers:585:17)
    at process.processTimers (node:internal/timers:521:7)
[chelios] Error: client timed out after 30000 milliseconds
[chelios] Disconnected
[chelios] Starting autonomous agent...
[chelios] Waiting for spawn...
[chelios] ✅ Spawned in world at (-124.556067554957, 62.7941577039885, -168.77317122300926)
[chelios] Connecting to Brain at ws://localhost:8767
[chelios] ✅ Brain connected
[chelios] Brain command: registered
Error: write EPIPE
    at afterWriteDispatched (node:internal/stream_base_commons:159:15)
    at writeGeneric (node:internal/stream_base_commons:150:3)
    at Socket._writeGeneric (node:net:966:11)
    at Socket._write (node:net:978:8)
    at writeOrBuffer (node:internal/streams/writable:572:12)
    at _write (node:internal/streams/writable:501:10)
    at Writable.write (node:internal/streams/writable:510:10)
    at Framer.ondata (/root/.openclaw/workspace/node_modules/readable-stream/lib/internal/streams/readable.js:707:22)
    at Framer.emit (node:events:519:28)
    at addChunk (/root/.openclaw/workspace/node_modules/readable-stream/lib/internal/streams/readable.js:323:12) {
  errno: -32,
  code: 'EPIPE',
  syscall: 'write'
}
[chelios] Error: write EPIPE
[chelios] Disconnected
[chelios] Starting autonomous agent...
[chelios] Waiting for spawn...
[chelios] ✅ Spawned in world at (-124.556067554957, 53.38288887641129, -168.5)
[chelios] Connecting to Brain at ws://localhost:8767
[chelios] ✅ Brain connected
[chelios] Brain command: registered
Error: write EPIPE
    at afterWriteDispatched (node:internal/stream_base_commons:159:15)
    at writeGeneric (node:internal/stream_base_commons:150:3)
    at Socket._writeGeneric (node:net:966:11)
    at Socket._write (node:net:978:8)
    at writeOrBuffer (node:internal/streams/writable:572:12)
    at _write (node:internal/streams/writable:501:10)
    at Writable.write (node:internal/streams/writable:510:10)
    at Framer.ondata (/root/.openclaw/workspace/node_modules/readable-stream/lib/internal/streams/readable.js:707:22)
    at Framer.emit (node:events:519:28)
    at addChunk (/root/.openclaw/workspace/node_modules/readable-stream/lib/internal/streams/readable.js:323:12) {
  errno: -32,
  code: 'EPIPE',
  syscall: 'write'
}
[chelios] Error: write EPIPE
[chelios] Disconnected
[chelios] Starting autonomous agent...
[chelios] Waiting for spawn...
[chelios] ✅ Spawned in world at (-123.51929564104117, 54.78368115677247, -167.51813863155695)
[chelios] Connecting to Brain at ws://localhost:8767
[chelios] ✅ Brain connected
[chelios] Brain command: registered
Error: write EPIPE
    at afterWriteDispatched (node:internal/stream_base_commons:159:15)
    at writeGeneric (node:internal/stream_base_commons:150:3)
    at Socket._writeGeneric (node:net:966:11)
    at Socket._write (node:net:978:8)
    at writeOrBuffer (node:internal/streams/writable:572:12)
    at _write (node:internal/streams/writable:501:10)
    at Writable.write (node:internal/streams/writable:510:10)
    at Framer.ondata (/root/.openclaw/workspace/node_modules/readable-stream/lib/internal/streams/readable.js:707:22)
    at Framer.emit (node:events:519:28)
    at addChunk (/root/.openclaw/workspace/node_modules/readable-stream/lib/internal/streams/readable.js:323:12) {
  errno: -32,
  code: 'EPIPE',
  syscall: 'write'
}
[chelios] Error: write EPIPE
[chelios] Disconnected
[chelios] Starting autonomous agent...
[chelios] Waiting for spawn...
[chelios] ✅ Spawned in world at (-123.51929564104117, 48, -167.51813863155695)
[chelios] Connecting to Brain at ws://localhost:8767
[chelios] ✅ Brain connected
[chelios] Brain command: registered
[chelios] Chat: patricia: Agent patricia online!
Error: write EPIPE
    at afterWriteDispatched (node:internal/stream_base_commons:159:15)
    at writeGeneric (node:internal/stream_base_commons:150:3)
    at Socket._writeGeneric (node:net:966:11)
    at Socket._write (node:net:978:8)
    at writeOrBuffer (node:internal/streams/writable:572:12)
    at _write (node:internal/streams/writable:501:10)
    at Writable.write (node:internal/streams/writable:510:10)
    at Framer.ondata (/root/.openclaw/workspace/node_modules/readable-stream/lib/internal/streams/readable.js:707:22)
    at Framer.emit (node:events:519:28)
    at addChunk (/root/.openclaw/workspace/node_modules/readable-stream/lib/internal/streams/readable.js:323:12) {
  errno: -32,
  code: 'EPIPE',
  syscall: 'write'
}
[chelios] Error: write EPIPE
[chelios] Disconnected
[chelios] Starting autonomous agent...
[chelios] Waiting for spawn...
[chelios] Disconnected
[chelios] Starting autonomous agent...
[chelios] Waiting for spawn...
[chelios] ✅ Spawned in world at (-126.71846591332722, 60.05001590312601, -166.33978629038506)
[chelios] Connecting to Brain at ws://localhost:8767
[chelios] ✅ Brain connected
[chelios] Brain command: registered
Error: write EPIPE
    at afterWriteDispatched (node:internal/stream_base_commons:159:15)
    at writeGeneric (node:internal/stream_base_commons:150:3)
    at Socket._writeGeneric (node:net:966:11)
    at Socket._write (node:net:978:8)
    at writeOrBuffer (node:internal/streams/writable:572:12)
    at _write (node:internal/streams/writable:501:10)
    at Writable.write (node:internal/streams/writable:510:10)
    at Framer.ondata (/root/.openclaw/workspace/node_modules/readable-stream/lib/internal/streams/readable.js:707:22)
    at Framer.emit (node:events:519:28)
    at addChunk (/root/.openclaw/workspace/node_modules/readable-stream/lib/internal/streams/readable.js:323:12) {
  errno: -32,
  code: 'EPIPE',
  syscall: 'write'
}
[chelios] Error: write EPIPE
[chelios] Disconnected
[chelios] Starting autonomous agent...
[chelios] Waiting for spawn...
[chelios] ✅ Spawned in world at (-129.58869690828814, 61.81001099459374, -166.68982780417267)
[chelios] Connecting to Brain at ws://localhost:8767
[chelios] ✅ Brain connected
[chelios] Brain command: registered
Error: write EPIPE
    at afterWriteDispatched (node:internal/stream_base_commons:159:15)
    at writeGeneric (node:internal/stream_base_commons:150:3)
    at Socket._writeGeneric (node:net:966:11)
    at Socket._write (node:net:978:8)
    at writeOrBuffer (node:internal/streams/writable:572:12)
    at _write (node:internal/streams/writable:501:10)
    at Writable.write (node:internal/streams/writable:510:10)
    at Framer.ondata (/root/.openclaw/workspace/node_modules/readable-stream/lib/internal/streams/readable.js:707:22)
    at Framer.emit (node:events:519:28)
    at addChunk (/root/.openclaw/workspace/node_modules/readable-stream/lib/internal/streams/readable.js:323:12) {
  errno: -32,
  code: 'EPIPE',
  syscall: 'write'
}
[chelios] Error: write EPIPE
[chelios] Disconnected
[chelios] Starting autonomous agent...
[chelios] Waiting for spawn...
[chelios] Disconnected
[chelios] Starting autonomous agent...
[chelios] Waiting for spawn...
[chelios] ✅ Spawned in world at (-133.948309801065, 61.83278505688055, -170.71251002988652)
[chelios] Connecting to Brain at ws://localhost:8767
[chelios] ✅ Brain connected
[chelios] Brain command: registered
Error: write EPIPE
    at afterWriteDispatched (node:internal/stream_base_commons:159:15)
    at writeGeneric (node:internal/stream_base_commons:150:3)
    at Socket._writeGeneric (node:net:966:11)
    at Socket._write (node:net:978:8)
    at writeOrBuffer (node:internal/streams/writable:572:12)
    at _write (node:internal/streams/writable:501:10)
    at Writable.write (node:internal/streams/writable:510:10)
    at Framer.ondata (/root/.openclaw/workspace/node_modules/readable-stream/lib/internal/streams/readable.js:707:22)
    at Framer.emit (node:events:519:28)
    at addChunk (/root/.openclaw/workspace/node_modules/readable-stream/lib/internal/streams/readable.js:323:12) {
  errno: -32,
  code: 'EPIPE',
  syscall: 'write'
}
[chelios] Error: write EPIPE
[chelios] Disconnected
[chelios] Starting autonomous agent...
[chelios] Waiting for spawn...
[chelios] Disconnected
[chelios] Starting autonomous agent...
[chelios] Waiting for spawn...
[chelios] ✅ Spawned in world at (-136.56656405163068, 61.638012562290115, -174.6161986775383)
[chelios] Connecting to Brain at ws://localhost:8767
[chelios] ✅ Brain connected
[chelios] Brain command: registered
Error: write EPIPE
    at afterWriteDispatched (node:internal/stream_base_commons:159:15)
    at writeGeneric (node:internal/stream_base_commons:150:3)
    at Socket._writeGeneric (node:net:966:11)
    at Socket._write (node:net:978:8)
    at writeOrBuffer (node:internal/streams/writable:572:12)
    at _write (node:internal/streams/writable:501:10)
    at Writable.write (node:internal/streams/writable:510:10)
    at Framer.ondata (/root/.openclaw/workspace/node_modules/readable-stream/lib/internal/streams/readable.js:707:22)
    at Framer.emit (node:events:519:28)
    at addChunk (/root/.openclaw/workspace/node_modules/readable-stream/lib/internal/streams/readable.js:323:12) {
  errno: -32,
  code: 'EPIPE',
  syscall: 'write'
}
[chelios] Error: write EPIPE
[chelios] Disconnected
[chelios] Starting autonomous agent...
[chelios] Waiting for spawn...
[chelios] ✅ Spawned in world at (-135.3639685478256, 62.61065101180478, -174.6405362064487)
[chelios] Connecting to Brain at ws://localhost:8767
[chelios] ✅ Brain connected
[chelios] Brain command: registered
Error: write EPIPE
    at afterWriteDispatched (node:internal/stream_base_commons:159:15)
    at writeGeneric (node:internal/stream_base_commons:150:3)
    at Socket._writeGeneric (node:net:966:11)
    at Socket._write (node:net:978:8)
    at writeOrBuffer (node:internal/streams/writable:572:12)
    at _write (node:internal/streams/writable:501:10)
    at Writable.write (node:internal/streams/writable:510:10)
    at Framer.ondata (/root/.openclaw/workspace/node_modules/readable-stream/lib/internal/streams/readable.js:707:22)
    at Framer.emit (node:events:519:28)
    at addChunk (/root/.openclaw/workspace/node_modules/readable-stream/lib/internal/streams/readable.js:323:12) {
  errno: -32,
  code: 'EPIPE',
  syscall: 'write'
}
[chelios] Error: write EPIPE
[chelios] Disconnected
[chelios] Starting autonomous agent...
[chelios] Waiting for spawn...
[chelios] ✅ Spawned in world at (-135.38808623181595, 58.31699039198904, -174.08756986300608)
[chelios] Connecting to Brain at ws://localhost:8767
[chelios] ✅ Brain connected
[chelios] Brain command: registered
Error: write EPIPE
    at afterWriteDispatched (node:internal/stream_base_commons:159:15)
    at writeGeneric (node:internal/stream_base_commons:150:3)
    at Socket._writeGeneric (node:net:966:11)
    at Socket._write (node:net:978:8)
    at writeOrBuffer (node:internal/streams/writable:572:12)
    at _write (node:internal/streams/writable:501:10)
    at Writable.write (node:internal/streams/writable:510:10)
    at Framer.ondata (/root/.openclaw/workspace/node_modules/readable-stream/lib/internal/streams/readable.js:707:22)
    at Framer.emit (node:events:519:28)
    at addChunk (/root/.openclaw/workspace/node_modules/readable-stream/lib/internal/streams/readable.js:323:12) {
  errno: -32,
  code: 'EPIPE',
  syscall: 'write'
}
[chelios] Error: write EPIPE
[chelios] Disconnected
[chelios] Starting autonomous agent...
[chelios] Waiting for spawn...
[chelios] Chat: forge: Agent forge online!
[chelios] ✅ Spawned in world at (-135.39173408884633, 57.36599999451637, -174.06831231541855)
[chelios] Connecting to Brain at ws://localhost:8767
[chelios] ✅ Brain connected
[chelios] Brain command: registered
Error: write EPIPE
    at afterWriteDispatched (node:internal/stream_base_commons:159:15)
    at writeGeneric (node:internal/stream_base_commons:150:3)
    at Socket._writeGeneric (node:net:966:11)
    at Socket._write (node:net:978:8)
    at writeOrBuffer (node:internal/streams/writable:572:12)
    at _write (node:internal/streams/writable:501:10)
    at Writable.write (node:internal/streams/writable:510:10)
    at Framer.ondata (/root/.openclaw/workspace/node_modules/readable-stream/lib/internal/streams/readable.js:707:22)
    at Framer.emit (node:events:519:28)
    at addChunk (/root/.openclaw/workspace/node_modules/readable-stream/lib/internal/streams/readable.js:323:12) {
  errno: -32,
  code: 'EPIPE',
  syscall: 'write'
}
[chelios] Error: write EPIPE
[chelios] Disconnected
[chelios] Starting autonomous agent...
[chelios] Waiting for spawn...
[chelios] ✅ Spawned in world at (-135.48169723878578, 62.756754537560504, -172.56587879739362)
[chelios] Connecting to Brain at ws://localhost:8767
[chelios] ✅ Brain connected
[chelios] Brain command: registered
Error: write EPIPE
    at afterWriteDispatched (node:internal/stream_base_commons:159:15)
    at writeGeneric (node:internal/stream_base_commons:150:3)
    at Socket._writeGeneric (node:net:966:11)
    at Socket._write (node:net:978:8)
    at writeOrBuffer (node:internal/streams/writable:572:12)
    at _write (node:internal/streams/writable:501:10)
    at Writable.write (node:internal/streams/writable:510:10)
    at Framer.ondata (/root/.openclaw/workspace/node_modules/readable-stream/lib/internal/streams/readable.js:707:22)
    at Framer.emit (node:events:519:28)
    at addChunk (/root/.openclaw/workspace/node_modules/readable-stream/lib/internal/streams/readable.js:323:12) {
  errno: -32,
  code: 'EPIPE',
  syscall: 'write'
}
[chelios] Error: write EPIPE
[chelios] Disconnected
[chelios] Starting autonomous agent...
[chelios] Waiting for spawn...
[chelios] ✅ Spawned in world at (-134.45928185748411, 62.76366603833216, -168.95713486389033)
[chelios] Connecting to Brain at ws://localhost:8767
[chelios] ✅ Brain connected
[chelios] Brain command: registered
Error: write EPIPE
    at afterWriteDispatched (node:internal/stream_base_commons:159:15)
    at writeGeneric (node:internal/stream_base_commons:150:3)
    at Socket._writeGeneric (node:net:966:11)
    at Socket._write (node:net:978:8)
    at writeOrBuffer (node:internal/streams/writable:572:12)
    at _write (node:internal/streams/writable:501:10)
    at Writable.write (node:internal/streams/writable:510:10)
    at Framer.ondata (/root/.openclaw/workspace/node_modules/readable-stream/lib/internal/streams/readable.js:707:22)
    at Framer.emit (node:events:519:28)
    at addChunk (/root/.openclaw/workspace/node_modules/readable-stream/lib/internal/streams/readable.js:323:12) {
  errno: -32,
  code: 'EPIPE',
  syscall: 'write'
}
[chelios] Error: write EPIPE
[chelios] Disconnected
[chelios] Starting autonomous agent...
[chelios] Waiting for spawn...
[chelios] ✅ Spawned in world at (-127.70255977247344, 62.46686559440251, -169.39971108219257)
[chelios] Connecting to Brain at ws://localhost:8767
[chelios] ✅ Brain connected
[chelios] Brain command: registered
Error: write EPIPE
    at afterWriteDispatched (node:internal/stream_base_commons:159:15)
    at writeGeneric (node:internal/stream_base_commons:150:3)
    at Socket._writeGeneric (node:net:966:11)
    at Socket._write (node:net:978:8)
    at writeOrBuffer (node:internal/streams/writable:572:12)
    at _write (node:internal/streams/writable:501:10)
    at Writable.write (node:internal/streams/writable:510:10)
    at Framer.ondata (/root/.openclaw/workspace/node_modules/readable-stream/lib/internal/streams/readable.js:707:22)
    at Framer.emit (node:events:519:28)
    at addChunk (/root/.openclaw/workspace/node_modules/readable-stream/lib/internal/streams/readable.js:323:12) {
  errno: -32,
  code: 'EPIPE',
  syscall: 'write'
}
[chelios] Error: write EPIPE
[chelios] Disconnected
[chelios] Starting autonomous agent...
[chelios] Waiting for spawn...
[chelios] ✅ Spawned in world at (-121.5, 60.39716821388692, -175.5)
[chelios] Connecting to Brain at ws://localhost:8767
[chelios] Chat: patricia: Agent patricia online!
[chelios] ✅ Brain connected
[chelios] Brain command: registered
Error: write EPIPE
    at afterWriteDispatched (node:internal/stream_base_commons:159:15)
    at writeGeneric (node:internal/stream_base_commons:150:3)
    at Socket._writeGeneric (node:net:966:11)
    at Socket._write (node:net:978:8)
    at writeOrBuffer (node:internal/streams/writable:572:12)
    at _write (node:internal/streams/writable:501:10)
    at Writable.write (node:internal/streams/writable:510:10)
    at Framer.ondata (/root/.openclaw/workspace/node_modules/readable-stream/lib/internal/streams/readable.js:707:22)
    at Framer.emit (node:events:519:28)
    at addChunk (/root/.openclaw/workspace/node_modules/readable-stream/lib/internal/streams/readable.js:323:12) {
  errno: -32,
  code: 'EPIPE',
  syscall: 'write'
}
[chelios] Error: write EPIPE
[chelios] Disconnected
[chelios] Starting autonomous agent...
[chelios] Waiting for spawn...
[chelios] Disconnected
[chelios] Starting autonomous agent...
[chelios] Waiting for spawn...
[chelios] Disconnected
[chelios] Starting autonomous agent...
[chelios] Waiting for spawn...
[chelios] Chat: patricia: Agent patricia online!
[chelios] ✅ Spawned in world at (-124.6852493824077, 61.093445091584854, -174.3989665192991)
[chelios] Connecting to Brain at ws://localhost:8767
[chelios] ✅ Brain connected
[chelios] Brain command: registered
Error: write EPIPE
    at afterWriteDispatched (node:internal/stream_base_commons:159:15)
    at writeGeneric (node:internal/stream_base_commons:150:3)
    at Socket._writeGeneric (node:net:966:11)
    at Socket._write (node:net:978:8)
    at writeOrBuffer (node:internal/streams/writable:572:12)
    at _write (node:internal/streams/writable:501:10)
    at Writable.write (node:internal/streams/writable:510:10)
    at Framer.ondata (/root/.openclaw/workspace/node_modules/readable-stream/lib/internal/streams/readable.js:707:22)
    at Framer.emit (node:events:519:28)
    at addChunk (/root/.openclaw/workspace/node_modules/readable-stream/lib/internal/streams/readable.js:323:12) {
  errno: -32,
  code: 'EPIPE',
  syscall: 'write'
}
[chelios] Error: write EPIPE
[chelios] Disconnected
[chelios] Starting autonomous agent...
[chelios] Waiting for spawn...
[chelios] Chat: patricia: Agent patricia online!
[chelios] ✅ Spawned in world at (-125.28947995464728, 62.23845174166403, -176.22900721470637)
[chelios] Connecting to Brain at ws://localhost:8767
[chelios] ✅ Brain connected
[chelios] Brain command: registered
Error: write EPIPE
    at afterWriteDispatched (node:internal/stream_base_commons:159:15)
    at writeGeneric (node:internal/stream_base_commons:150:3)
    at Socket._writeGeneric (node:net:966:11)
    at Socket._write (node:net:978:8)
    at writeOrBuffer (node:internal/streams/writable:572:12)
    at _write (node:internal/streams/writable:501:10)
    at Writable.write (node:internal/streams/writable:510:10)
    at Framer.ondata (/root/.openclaw/workspace/node_modules/readable-stream/lib/internal/streams/readable.js:707:22)
    at Framer.emit (node:events:519:28)
    at addChunk (/root/.openclaw/workspace/node_modules/readable-stream/lib/internal/streams/readable.js:323:12) {
  errno: -32,
  code: 'EPIPE',
  syscall: 'write'
}
[chelios] Error: write EPIPE
[chelios] Disconnected
[chelios] Starting autonomous agent...
[chelios] Waiting for spawn...
[chelios] ✅ Spawned in world at (-127.50807537788369, 62.36892635829386, -174.48470597646494)
[chelios] Connecting to Brain at ws://localhost:8767
[chelios] ✅ Brain connected
[chelios] Brain command: registered
Error: write EPIPE
    at afterWriteDispatched (node:internal/stream_base_commons:159:15)
    at writeGeneric (node:internal/stream_base_commons:150:3)
    at Socket._writeGeneric (node:net:966:11)
    at Socket._write (node:net:978:8)
    at writeOrBuffer (node:internal/streams/writable:572:12)
    at _write (node:internal/streams/writable:501:10)
    at Writable.write (node:internal/streams/writable:510:10)
    at Framer.ondata (/root/.openclaw/workspace/node_modules/readable-stream/lib/internal/streams/readable.js:707:22)
    at Framer.emit (node:events:519:28)
    at addChunk (/root/.openclaw/workspace/node_modules/readable-stream/lib/internal/streams/readable.js:323:12) {
  errno: -32,
  code: 'EPIPE',
  syscall: 'write'
}
[chelios] Error: write EPIPE
[chelios] Disconnected
[chelios] Starting autonomous agent...
[chelios] Waiting for spawn...
[chelios] Disconnected
[chelios] Starting autonomous agent...
[chelios] Waiting for spawn...
[chelios] ✅ Spawned in world at (-127.77519173208303, 51.83669851680426, -174.2197879094154)
[chelios] Connecting to Brain at ws://localhost:8767
[chelios] ✅ Brain connected
[chelios] Brain command: registered
Error: write ECONNRESET
    at afterWriteDispatched (node:internal/stream_base_commons:159:15)
    at writeGeneric (node:internal/stream_base_commons:150:3)
    at Socket._writeGeneric (node:net:966:11)
    at Socket._write (node:net:978:8)
    at writeOrBuffer (node:internal/streams/writable:572:12)
    at _write (node:internal/streams/writable:501:10)
    at Writable.write (node:internal/streams/writable:510:10)
    at Framer.ondata (/root/.openclaw/workspace/node_modules/readable-stream/lib/internal/streams/readable.js:707:22)
    at Framer.emit (node:events:519:28)
    at addChunk (/root/.openclaw/workspace/node_modules/readable-stream/lib/internal/streams/readable.js:323:12) {
  errno: -104,
  code: 'ECONNRESET',
  syscall: 'write'
}
[chelios] Error: write ECONNRESET
[chelios] Disconnected
[chelios] Starting autonomous agent...
[chelios] Waiting for spawn...
[chelios] Disconnected
[chelios] Starting autonomous agent...
[chelios] Waiting for spawn...
[chelios] ✅ Spawned in world at (-127.78483229418823, 50.36599999451637, -174.23685306579605)
[chelios] Connecting to Brain at ws://localhost:8767
[chelios] ✅ Brain connected
[chelios] Brain command: registered
Error: write EPIPE
    at afterWriteDispatched (node:internal/stream_base_commons:159:15)
    at writeGeneric (node:internal/stream_base_commons:150:3)
    at Socket._writeGeneric (node:net:966:11)
    at Socket._write (node:net:978:8)
    at writeOrBuffer (node:internal/streams/writable:572:12)
    at _write (node:internal/streams/writable:501:10)
    at Writable.write (node:internal/streams/writable:510:10)
    at Framer.ondata (/root/.openclaw/workspace/node_modules/readable-stream/lib/internal/streams/readable.js:707:22)
    at Framer.emit (node:events:519:28)
    at addChunk (/root/.openclaw/workspace/node_modules/readable-stream/lib/internal/streams/readable.js:323:12) {
  errno: -32,
  code: 'EPIPE',
  syscall: 'write'
}
[chelios] Error: write EPIPE
[chelios] Disconnected
[chelios] Starting autonomous agent...
[chelios] Waiting for spawn...
[chelios] Disconnected
[chelios] Starting autonomous agent...
[chelios] Waiting for spawn...
[chelios] Disconnected
[chelios] Starting autonomous agent...
[chelios] Waiting for spawn...
[chelios] ✅ Spawned in world at (-127.78483229418823, 50.00199855451044, -174.23685306579605)
[chelios] Connecting to Brain at ws://localhost:8767
[chelios] ✅ Brain connected
[chelios] Brain command: registered
Error: write EPIPE
    at afterWriteDispatched (node:internal/stream_base_commons:159:15)
    at writeGeneric (node:internal/stream_base_commons:150:3)
    at Socket._writeGeneric (node:net:966:11)
    at Socket._write (node:net:978:8)
    at writeOrBuffer (node:internal/streams/writable:572:12)
    at _write (node:internal/streams/writable:501:10)
    at Writable.write (node:internal/streams/writable:510:10)
    at Framer.ondata (/root/.openclaw/workspace/node_modules/readable-stream/lib/internal/streams/readable.js:707:22)
    at Framer.emit (node:events:519:28)
    at addChunk (/root/.openclaw/workspace/node_modules/readable-stream/lib/internal/streams/readable.js:323:12) {
  errno: -32,
  code: 'EPIPE',
  syscall: 'write'
}
[chelios] Error: write EPIPE
[chelios] Disconnected
[chelios] Starting autonomous agent...
[chelios] Waiting for spawn...
[chelios] ✅ Spawned in world at (-127.78483229418823, 50, -174.23685306579605)
[chelios] Connecting to Brain at ws://localhost:8767
[chelios] ✅ Brain connected
[chelios] Brain command: registered
Error: write EPIPE
    at afterWriteDispatched (node:internal/stream_base_commons:159:15)
    at writeGeneric (node:internal/stream_base_commons:150:3)
    at Socket._writeGeneric (node:net:966:11)
    at Socket._write (node:net:978:8)
    at writeOrBuffer (node:internal/streams/writable:572:12)
    at _write (node:internal/streams/writable:501:10)
    at Writable.write (node:internal/streams/writable:510:10)
    at Framer.ondata (/root/.openclaw/workspace/node_modules/readable-stream/lib/internal/streams/readable.js:707:22)
    at Framer.emit (node:events:519:28)
    at addChunk (/root/.openclaw/workspace/node_modules/readable-stream/lib/internal/streams/readable.js:323:12) {
  errno: -32,
  code: 'EPIPE',
  syscall: 'write'
}
[chelios] Error: write EPIPE
[chelios] Disconnected
[chelios] Starting autonomous agent...
[chelios] Waiting for spawn...
[chelios] ✅ Spawned in world at (-127.78483229418823, 50, -174.23685306579605)
[chelios] Connecting to Brain at ws://localhost:8767
[chelios] ✅ Brain connected
[chelios] Brain command: registered
Error: write ECONNRESET
    at afterWriteDispatched (node:internal/stream_base_commons:159:15)
    at writeGeneric (node:internal/stream_base_commons:150:3)
    at Socket._writeGeneric (node:net:966:11)
    at Socket._write (node:net:978:8)
    at writeOrBuffer (node:internal/streams/writable:572:12)
    at _write (node:internal/streams/writable:501:10)
    at Writable.write (node:internal/streams/writable:510:10)
    at Framer.ondata (/root/.openclaw/workspace/node_modules/readable-stream/lib/internal/streams/readable.js:707:22)
    at Framer.emit (node:events:519:28)
    at addChunk (/root/.openclaw/workspace/node_modules/readable-stream/lib/internal/streams/readable.js:323:12) {
  errno: -104,
  code: 'ECONNRESET',
  syscall: 'write'
}
[chelios] Error: write ECONNRESET
[chelios] Disconnected
[chelios] Starting autonomous agent...
[chelios] Waiting for spawn...
[chelios] ✅ Spawned in world at (-127.78483229418823, 50, -174.23685306579605)
[chelios] Connecting to Brain at ws://localhost:8767
[chelios] ✅ Brain connected
[chelios] Brain command: registered
Error: write EPIPE
    at afterWriteDispatched (node:internal/stream_base_commons:159:15)
    at writeGeneric (node:internal/stream_base_commons:150:3)
    at Socket._writeGeneric (node:net:966:11)
    at Socket._write (node:net:978:8)
    at writeOrBuffer (node:internal/streams/writable:572:12)
    at _write (node:internal/streams/writable:501:10)
    at Writable.write (node:internal/streams/writable:510:10)
    at Framer.ondata (/root/.openclaw/workspace/node_modules/readable-stream/lib/internal/streams/readable.js:707:22)
    at Framer.emit (node:events:519:28)
    at addChunk (/root/.openclaw/workspace/node_modules/readable-stream/lib/internal/streams/readable.js:323:12) {
  errno: -32,
  code: 'EPIPE',
  syscall: 'write'
}
[chelios] Error: write EPIPE
[chelios] Disconnected
[chelios] Starting autonomous agent...
[chelios] Waiting for spawn...
[chelios] ✅ Spawned in world at (-127.78483229418823, 50, -174.23685306579605)
[chelios] Connecting to Brain at ws://localhost:8767
[chelios] ✅ Brain connected
[chelios] Brain command: registered
Error: write EPIPE
    at afterWriteDispatched (node:internal/stream_base_commons:159:15)
    at writeGeneric (node:internal/stream_base_commons:150:3)
    at Socket._writeGeneric (node:net:966:11)
    at Socket._write (node:net:978:8)
    at writeOrBuffer (node:internal/streams/writable:572:12)
    at _write (node:internal/streams/writable:501:10)
    at Writable.write (node:internal/streams/writable:510:10)
    at Framer.ondata (/root/.openclaw/workspace/node_modules/readable-stream/lib/internal/streams/readable.js:707:22)
    at Framer.emit (node:events:519:28)
    at addChunk (/root/.openclaw/workspace/node_modules/readable-stream/lib/internal/streams/readable.js:323:12) {
  errno: -32,
  code: 'EPIPE',
  syscall: 'write'
}
[chelios] Error: write EPIPE
[chelios] Disconnected
[chelios] Starting autonomous agent...
[chelios] Waiting for spawn...
[chelios] ✅ Spawned in world at (-127.78483229418823, 50, -174.23685306579605)
[chelios] Connecting to Brain at ws://localhost:8767
[chelios] ✅ Brain connected
[chelios] Brain command: registered
Error: write EPIPE
    at afterWriteDispatched (node:internal/stream_base_commons:159:15)
    at writeGeneric (node:internal/stream_base_commons:150:3)
    at Socket._writeGeneric (node:net:966:11)
    at Socket._write (node:net:978:8)
    at writeOrBuffer (node:internal/streams/writable:572:12)
    at _write (node:internal/streams/writable:501:10)
    at Writable.write (node:internal/streams/writable:510:10)
    at Framer.ondata (/root/.openclaw/workspace/node_modules/readable-stream/lib/internal/streams/readable.js:707:22)
    at Framer.emit (node:events:519:28)
    at addChunk (/root/.openclaw/workspace/node_modules/readable-stream/lib/internal/streams/readable.js:323:12) {
  errno: -32,
  code: 'EPIPE',
  syscall: 'write'
}
[chelios] Error: write EPIPE
[chelios] Disconnected
[chelios] Starting autonomous agent...
[chelios] Waiting for spawn...
[chelios] ✅ Spawned in world at (-127.78483229418823, 50, -174.23685306579605)
[chelios] Connecting to Brain at ws://localhost:8767
[chelios] ✅ Brain connected
[chelios] Brain command: registered
Error: write EPIPE
    at afterWriteDispatched (node:internal/stream_base_commons:159:15)
    at writeGeneric (node:internal/stream_base_commons:150:3)
    at Socket._writeGeneric (node:net:966:11)
    at Socket._write (node:net:978:8)
    at writeOrBuffer (node:internal/streams/writable:572:12)
    at _write (node:internal/streams/writable:501:10)
    at Writable.write (node:internal/streams/writable:510:10)
    at Framer.ondata (/root/.openclaw/workspace/node_modules/readable-stream/lib/internal/streams/readable.js:707:22)
    at Framer.emit (node:events:519:28)
    at addChunk (/root/.openclaw/workspace/node_modules/readable-stream/lib/internal/streams/readable.js:323:12) {
  errno: -32,
  code: 'EPIPE',
  syscall: 'write'
}
[chelios] Error: write EPIPE
[chelios] Disconnected
[chelios] Starting autonomous agent...
[chelios] Waiting for spawn...
[chelios] ✅ Spawned in world at (-127.78483229418823, 50, -174.23685306579605)
[chelios] Connecting to Brain at ws://localhost:8767
[chelios] ✅ Brain connected
[chelios] Brain command: registered
Error: write EPIPE
    at afterWriteDispatched (node:internal/stream_base_commons:159:15)
    at writeGeneric (node:internal/stream_base_commons:150:3)
    at Socket._writeGeneric (node:net:966:11)
    at Socket._write (node:net:978:8)
    at writeOrBuffer (node:internal/streams/writable:572:12)
    at _write (node:internal/streams/writable:501:10)
    at Writable.write (node:internal/streams/writable:510:10)
    at Framer.ondata (/root/.openclaw/workspace/node_modules/readable-stream/lib/internal/streams/readable.js:707:22)
    at Framer.emit (node:events:519:28)
    at addChunk (/root/.openclaw/workspace/node_modules/readable-stream/lib/internal/streams/readable.js:323:12) {
  errno: -32,
  code: 'EPIPE',
  syscall: 'write'
}
[chelios] Error: write EPIPE
[chelios] Disconnected
[chelios] Starting autonomous agent...
[chelios] Waiting for spawn...
[chelios] ✅ Spawned in world at (-127.78483229418823, 50, -174.23685306579605)
[chelios] Connecting to Brain at ws://localhost:8767
[chelios] ✅ Brain connected
[chelios] Brain command: registered
Error: write EPIPE
    at afterWriteDispatched (node:internal/stream_base_commons:159:15)
    at writeGeneric (node:internal/stream_base_commons:150:3)
    at Socket._writeGeneric (node:net:966:11)
    at Socket._write (node:net:978:8)
    at writeOrBuffer (node:internal/streams/writable:572:12)
    at _write (node:internal/streams/writable:501:10)
    at Writable.write (node:internal/streams/writable:510:10)
    at Framer.ondata (/root/.openclaw/workspace/node_modules/readable-stream/lib/internal/streams/readable.js:707:22)
    at Framer.emit (node:events:519:28)
    at addChunk (/root/.openclaw/workspace/node_modules/readable-stream/lib/internal/streams/readable.js:323:12) {
  errno: -32,
  code: 'EPIPE',
  syscall: 'write'
}
[chelios] Error: write EPIPE
[chelios] Disconnected
[chelios] Starting autonomous agent...
[chelios] Waiting for spawn...
[chelios] ✅ Spawned in world at (-127.78483229418823, 50, -174.23685306579605)
[chelios] Connecting to Brain at ws://localhost:8767
[chelios] ✅ Brain connected
[chelios] Brain command: registered
Error: write EPIPE
    at afterWriteDispatched (node:internal/stream_base_commons:159:15)
    at writeGeneric (node:internal/stream_base_commons:150:3)
    at Socket._writeGeneric (node:net:966:11)
    at Socket._write (node:net:978:8)
    at writeOrBuffer (node:internal/streams/writable:572:12)
    at _write (node:internal/streams/writable:501:10)
    at Writable.write (node:internal/streams/writable:510:10)
    at Framer.ondata (/root/.openclaw/workspace/node_modules/readable-stream/lib/internal/streams/readable.js:707:22)
    at Framer.emit (node:events:519:28)
    at addChunk (/root/.openclaw/workspace/node_modules/readable-stream/lib/internal/streams/readable.js:323:12) {
  errno: -32,
  code: 'EPIPE',
  syscall: 'write'
}
[chelios] Error: write EPIPE
[chelios] Disconnected
[chelios] Starting autonomous agent...
[chelios] Waiting for spawn...
[chelios] ✅ Spawned in world at (-127.78483229418823, 50, -174.23685306579605)
[chelios] Connecting to Brain at ws://localhost:8767
[chelios] ✅ Brain connected
[chelios] Brain command: registered
Error: write EPIPE
    at afterWriteDispatched (node:internal/stream_base_commons:159:15)
    at writeGeneric (node:internal/stream_base_commons:150:3)
    at Socket._writeGeneric (node:net:966:11)
    at Socket._write (node:net:978:8)
    at writeOrBuffer (node:internal/streams/writable:572:12)
    at _write (node:internal/streams/writable:501:10)
    at Writable.write (node:internal/streams/writable:510:10)
    at Framer.ondata (/root/.openclaw/workspace/node_modules/readable-stream/lib/internal/streams/readable.js:707:22)
    at Framer.emit (node:events:519:28)
    at addChunk (/root/.openclaw/workspace/node_modules/readable-stream/lib/internal/streams/readable.js:323:12) {
  errno: -32,
  code: 'EPIPE',
  syscall: 'write'
}
[chelios] Error: write EPIPE
[chelios] Disconnected
[chelios] Starting autonomous agent...
[chelios] Waiting for spawn...
[chelios] ✅ Spawned in world at (-127.78483229418823, 50, -174.23685306579605)
[chelios] Connecting to Brain at ws://localhost:8767
[chelios] ✅ Brain connected
[chelios] Brain command: registered
Error: write EPIPE
    at afterWriteDispatched (node:internal/stream_base_commons:159:15)
    at writeGeneric (node:internal/stream_base_commons:150:3)
    at Socket._writeGeneric (node:net:966:11)
    at Socket._write (node:net:978:8)
    at writeOrBuffer (node:internal/streams/writable:572:12)
    at _write (node:internal/streams/writable:501:10)
    at Writable.write (node:internal/streams/writable:510:10)
    at Framer.ondata (/root/.openclaw/workspace/node_modules/readable-stream/lib/internal/streams/readable.js:707:22)
    at Framer.emit (node:events:519:28)
    at addChunk (/root/.openclaw/workspace/node_modules/readable-stream/lib/internal/streams/readable.js:323:12) {
  errno: -32,
  code: 'EPIPE',
  syscall: 'write'
}
[chelios] Error: write EPIPE
[chelios] Disconnected
[chelios] Starting autonomous agent...
[chelios] Waiting for spawn...
[chelios] ✅ Spawned in world at (-127.78483229418823, 50, -174.23685306579605)
[chelios] Connecting to Brain at ws://localhost:8767
[chelios] ✅ Brain connected
[chelios] Brain command: registered
Error: write EPIPE
    at afterWriteDispatched (node:internal/stream_base_commons:159:15)
    at writeGeneric (node:internal/stream_base_commons:150:3)
    at Socket._writeGeneric (node:net:966:11)
    at Socket._write (node:net:978:8)
    at writeOrBuffer (node:internal/streams/writable:572:12)
    at _write (node:internal/streams/writable:501:10)
    at Writable.write (node:internal/streams/writable:510:10)
    at Framer.ondata (/root/.openclaw/workspace/node_modules/readable-stream/lib/internal/streams/readable.js:707:22)
    at Framer.emit (node:events:519:28)
    at addChunk (/root/.openclaw/workspace/node_modules/readable-stream/lib/internal/streams/readable.js:323:12) {
  errno: -32,
  code: 'EPIPE',
  syscall: 'write'
}
[chelios] Error: write EPIPE
[chelios] Disconnected
[chelios] Starting autonomous agent...
[chelios] Waiting for spawn...
AggregateError [ECONNREFUSED]: 
    at internalConnectMultiple (node:net:1134:18)
    at afterConnectMultiple (node:net:1715:7) {
  code: 'ECONNREFUSED',
  [errors]: [
    Error: connect ECONNREFUSED ::1:25565
        at createConnectionError (node:net:1678:14)
        at afterConnectMultiple (node:net:1708:16) {
      errno: -111,
      code: 'ECONNREFUSED',
      syscall: 'connect',
      address: '::1',
      port: 25565
    },
    Error: connect ECONNREFUSED 127.0.0.1:25565
        at createConnectionError (node:net:1678:14)
        at afterConnectMultiple (node:net:1708:16) {
      errno: -111,
      code: 'ECONNREFUSED',
      syscall: 'connect',
      address: '127.0.0.1',
      port: 25565
    }
  ]
}
[chelios] Error: 
[chelios] Disconnected
[chelios] Starting autonomous agent...
[chelios] Waiting for spawn...
Error: read ECONNRESET
    at TCP.onStreamRead (node:internal/stream_base_commons:216:20) {
  errno: -104,
  code: 'ECONNRESET',
  syscall: 'read'
}
[chelios] Error: read ECONNRESET
[chelios] Disconnected
[chelios] Starting autonomous agent...
[chelios] Waiting for spawn...
Error: client timed out after 30000 milliseconds
    at Timeout._onTimeout (/root/.openclaw/workspace/node_modules/minecraft-protocol/src/client/keepalive.js:18:28)
    at listOnTimeout (node:internal/timers:585:17)
    at process.processTimers (node:internal/timers:521:7)
[chelios] Error: client timed out after 30000 milliseconds
[chelios] Disconnected
[chelios] Starting autonomous agent...
[chelios] Waiting for spawn...
[chelios] Disconnected
[chelios] Starting autonomous agent...
[chelios] Waiting for spawn...
[chelios] ✅ Spawned in world at (-127.78483229418823, 50, -174.23685306579605)
[chelios] Connecting to Brain at ws://localhost:8767
[chelios] ✅ Brain connected
[chelios] Brain command: registered
Error: client timed out after 30000 milliseconds
    at Timeout._onTimeout (/root/.openclaw/workspace/node_modules/minecraft-protocol/src/client/keepalive.js:18:28)
    at listOnTimeout (node:internal/timers:585:17)
    at process.processTimers (node:internal/timers:521:7)
[chelios] Error: client timed out after 30000 milliseconds
[chelios] Disconnected
[chelios] Starting autonomous agent...
[chelios] Waiting for spawn...
AggregateError [ECONNREFUSED]: 
    at internalConnectMultiple (node:net:1134:18)
    at afterConnectMultiple (node:net:1715:7) {
  code: 'ECONNREFUSED',
  [errors]: [
    Error: connect ECONNREFUSED ::1:25565
        at createConnectionError (node:net:1678:14)
        at afterConnectMultiple (node:net:1708:16) {
      errno: -111,
      code: 'ECONNREFUSED',
      syscall: 'connect',
      address: '::1',
      port: 25565
    },
    Error: connect ECONNREFUSED 127.0.0.1:25565
        at createConnectionError (node:net:1678:14)
        at afterConnectMultiple (node:net:1708:16) {
      errno: -111,
      code: 'ECONNREFUSED',
      syscall: 'connect',
      address: '127.0.0.1',
      port: 25565
    }
  ]
}
[chelios] Error: 
[chelios] Disconnected
[chelios] Starting autonomous agent...
[chelios] Waiting for spawn...
AggregateError [ECONNREFUSED]: 
    at internalConnectMultiple (node:net:1134:18)
    at afterConnectMultiple (node:net:1715:7) {
  code: 'ECONNREFUSED',
  [errors]: [
    Error: connect ECONNREFUSED ::1:25565
        at createConnectionError (node:net:1678:14)
        at afterConnectMultiple (node:net:1708:16) {
      errno: -111,
      code: 'ECONNREFUSED',
      syscall: 'connect',
      address: '::1',
      port: 25565
    },
    Error: connect ECONNREFUSED 127.0.0.1:25565
        at createConnectionError (node:net:1678:14)
        at afterConnectMultiple (node:net:1708:16) {
      errno: -111,
      code: 'ECONNREFUSED',
      syscall: 'connect',
      address: '127.0.0.1',
      port: 25565
    }
  ]
}
[chelios] Error: 
[chelios] Disconnected
[chelios] Starting autonomous agent...
[chelios] Waiting for spawn...
[chelios] Starting autonomous agent...
[chelios] Waiting for spawn...
[chelios] Disconnected
[chelios] Disconnected
[chelios] Starting autonomous agent...
[chelios] Waiting for spawn...
[chelios] Disconnected
[chelios] Starting autonomous agent...
[chelios] Waiting for spawn...
[chelios] ✅ Spawned in world at (-127.78483229418823, 50, -174.23685306579605)
[chelios] Connecting to Brain at ws://localhost:8767
[chelios] ✅ Brain connected
[chelios] Brain command: registered
Error: client timed out after 30000 milliseconds
    at Timeout._onTimeout (/root/.openclaw/workspace/node_modules/minecraft-protocol/src/client/keepalive.js:18:28)
    at listOnTimeout (node:internal/timers:585:17)
    at process.processTimers (node:internal/timers:521:7)
[chelios] Error: client timed out after 30000 milliseconds
[chelios] Disconnected
[chelios] Starting autonomous agent...
[chelios] Waiting for spawn...
[chelios] ✅ Spawned in world at (-127.78483229418823, 50, -174.23685306579605)
[chelios] Connecting to Brain at ws://localhost:8767
[chelios] ✅ Brain connected
[chelios] Brain command: registered
Error: client timed out after 30000 milliseconds
    at Timeout._onTimeout (/root/.openclaw/workspace/node_modules/minecraft-protocol/src/client/keepalive.js:18:28)
    at listOnTimeout (node:internal/timers:585:17)
    at process.processTimers (node:internal/timers:521:7)
[chelios] Error: client timed out after 30000 milliseconds
[chelios] Chat: chelios2: Agent chelios2 online!
[chelios] Disconnected
[chelios] Starting autonomous agent...
[chelios] Waiting for spawn...
[chelios] ✅ Spawned in world at (-127.78483229418823, 50, -174.23685306579605)
[chelios] Connecting to Brain at ws://localhost:8767
[chelios] ✅ Brain connected
[chelios] Brain command: registered
[chelios] Chat: patricia2: Agent patricia2 online!
Error: write ECONNRESET
    at afterWriteDispatched (node:internal/stream_base_commons:159:15)
    at writeGeneric (node:internal/stream_base_commons:150:3)
    at Socket._writeGeneric (node:net:966:11)
    at Socket._write (node:net:978:8)
    at writeOrBuffer (node:internal/streams/writable:572:12)
    at _write (node:internal/streams/writable:501:10)
    at Writable.write (node:internal/streams/writable:510:10)
    at Framer.ondata (/root/.openclaw/workspace/node_modules/readable-stream/lib/internal/streams/readable.js:707:22)
    at Framer.emit (node:events:519:28)
    at addChunk (/root/.openclaw/workspace/node_modules/readable-stream/lib/internal/streams/readable.js:323:12) {
  errno: -104,
  code: 'ECONNRESET',
  syscall: 'write'
}
[chelios] Error: write ECONNRESET
[chelios] Disconnected
[chelios] Starting autonomous agent...
[chelios] Waiting for spawn...
[chelios] ✅ Spawned in world at (-127.78483229418823, 50, -174.23685306579605)
[chelios] Connecting to Brain at ws://localhost:8767
[chelios] ✅ Brain connected
[chelios] Brain command: registered
[chelios] Chat: patricia2: Agent patricia2 online!
Error: client timed out after 30000 milliseconds
    at Timeout._onTimeout (/root/.openclaw/workspace/node_modules/minecraft-protocol/src/client/keepalive.js:18:28)
    at listOnTimeout (node:internal/timers:585:17)
    at process.processTimers (node:internal/timers:521:7)
[chelios] Error: client timed out after 30000 milliseconds
[chelios] Chat: chelios2: Agent chelios2 online!
[chelios] Disconnected
[chelios] Starting autonomous agent...
[chelios] Waiting for spawn...
[chelios] Disconnected
[chelios] Starting autonomous agent...
[chelios] Waiting for spawn...
[chelios] ✅ Spawned in world at (-127.78483229418823, 50, -174.23685306579605)
[chelios] Connecting to Brain at ws://localhost:8767
[chelios] ✅ Brain connected
[chelios] Brain command: registered
Error: write EPIPE
    at afterWriteDispatched (node:internal/stream_base_commons:159:15)
    at writeGeneric (node:internal/stream_base_commons:150:3)
    at Socket._writeGeneric (node:net:966:11)
    at Socket._write (node:net:978:8)
    at writeOrBuffer (node:internal/streams/writable:572:12)
    at _write (node:internal/streams/writable:501:10)
    at Writable.write (node:internal/streams/writable:510:10)
    at Framer.ondata (/root/.openclaw/workspace/node_modules/readable-stream/lib/internal/streams/readable.js:707:22)
    at Framer.emit (node:events:519:28)
    at addChunk (/root/.openclaw/workspace/node_modules/readable-stream/lib/internal/streams/readable.js:323:12) {
  errno: -32,
  code: 'EPIPE',
  syscall: 'write'
}
[chelios] Error: write EPIPE
[chelios] Disconnected
[chelios] Starting autonomous agent...
[chelios] Waiting for spawn...
[chelios] ✅ Spawned in world at (-127.78483229418823, 50, -174.23685306579605)
[chelios] Connecting to Brain at ws://localhost:8767
[chelios] ✅ Brain connected
[chelios] Brain command: registered
[chelios] Chat: forge: Agent forge online!
Error: write EPIPE
    at afterWriteDispatched (node:internal/stream_base_commons:159:15)
    at writeGeneric (node:internal/stream_base_commons:150:3)
    at Socket._writeGeneric (node:net:966:11)
    at Socket._write (node:net:978:8)
    at writeOrBuffer (node:internal/streams/writable:572:12)
    at _write (node:internal/streams/writable:501:10)
    at Writable.write (node:internal/streams/writable:510:10)
    at Framer.ondata (/root/.openclaw/workspace/node_modules/readable-stream/lib/internal/streams/readable.js:707:22)
    at Framer.emit (node:events:519:28)
    at addChunk (/root/.openclaw/workspace/node_modules/readable-stream/lib/internal/streams/readable.js:323:12) {
  errno: -32,
  code: 'EPIPE',
  syscall: 'write'
}
[chelios] Error: write EPIPE
[chelios] Disconnected
[chelios] Starting autonomous agent...
[chelios] Waiting for spawn...
[chelios] Disconnected
[chelios] Starting autonomous agent...
[chelios] Waiting for spawn...
[chelios] ✅ Spawned in world at (-127.78483229418823, 50, -174.23685306579605)
[chelios] Connecting to Brain at ws://localhost:8767
[chelios] ✅ Brain connected
[chelios] Brain command: registered
[chelios] Starting autonomous agent...
Error: write ECONNRESET
    at afterWriteDispatched (node:internal/stream_base_commons:159:15)
    at writeGeneric (node:internal/stream_base_commons:150:3)
    at Socket._writeGeneric (node:net:966:11)
    at Socket._write (node:net:978:8)
    at writeOrBuffer (node:internal/streams/writable:572:12)
    at _write (node:internal/streams/writable:501:10)
    at Writable.write (node:internal/streams/writable:510:10)
    at Framer.ondata (/root/.openclaw/workspace/node_modules/readable-stream/lib/internal/streams/readable.js:707:22)
    at Framer.emit (node:events:519:28)
    at addChunk (/root/.openclaw/workspace/node_modules/readable-stream/lib/internal/streams/readable.js:323:12) {
  errno: -104,
  code: 'ECONNRESET',
  syscall: 'write'
}
[chelios] Error: write ECONNRESET
[chelios] Disconnected
[chelios] Waiting for spawn...
[chelios] ✅ Spawned in world at (-127.78483229418823, 50, -174.23685306579605)
[chelios] Connecting to Brain at ws://localhost:8767
[chelios] ✅ Brain connected
[chelios] Brain command: registered
Error: write EPIPE
    at afterWriteDispatched (node:internal/stream_base_commons:159:15)
    at writeGeneric (node:internal/stream_base_commons:150:3)
    at Socket._writeGeneric (node:net:966:11)
    at Socket._write (node:net:978:8)
    at writeOrBuffer (node:internal/streams/writable:572:12)
    at _write (node:internal/streams/writable:501:10)
    at Writable.write (node:internal/streams/writable:510:10)
    at Framer.ondata (/root/.openclaw/workspace/node_modules/readable-stream/lib/internal/streams/readable.js:707:22)
    at Framer.emit (node:events:519:28)
    at addChunk (/root/.openclaw/workspace/node_modules/readable-stream/lib/internal/streams/readable.js:323:12) {
  errno: -32,
  code: 'EPIPE',
  syscall: 'write'
}
[chelios] Error: write EPIPE
[chelios] Disconnected
[chelios] Starting autonomous agent...
[chelios] Waiting for spawn...
[chelios] Disconnected
[chelios] Starting autonomous agent...
[chelios] Waiting for spawn...
[chelios] Disconnected
[chelios] Starting autonomous agent...
[chelios] Waiting for spawn...
[chelios] ✅ Spawned in world at (-127.78483229418823, 50, -174.23685306579605)
[chelios] Connecting to Brain at ws://localhost:8767
[chelios] ✅ Brain connected
[chelios] Brain command: registered
Error: write ECONNRESET
    at afterWriteDispatched (node:internal/stream_base_commons:159:15)
    at writeGeneric (node:internal/stream_base_commons:150:3)
    at Socket._writeGeneric (node:net:966:11)
    at Socket._write (node:net:978:8)
    at writeOrBuffer (node:internal/streams/writable:572:12)
    at _write (node:internal/streams/writable:501:10)
    at Writable.write (node:internal/streams/writable:510:10)
    at Framer.ondata (/root/.openclaw/workspace/node_modules/readable-stream/lib/internal/streams/readable.js:707:22)
    at Framer.emit (node:events:519:28)
    at addChunk (/root/.openclaw/workspace/node_modules/readable-stream/lib/internal/streams/readable.js:323:12) {
  errno: -104,
  code: 'ECONNRESET',
  syscall: 'write'
}
[chelios] Error: write ECONNRESET
[chelios] Disconnected
[chelios] Starting autonomous agent...
[chelios] Waiting for spawn...
[chelios] ✅ Spawned in world at (-127.78483229418823, 50, -174.23685306579605)
[chelios] Connecting to Brain at ws://localhost:8767
[chelios] ✅ Brain connected
[chelios] Brain command: registered
Error: write EPIPE
    at afterWriteDispatched (node:internal/stream_base_commons:159:15)
    at writeGeneric (node:internal/stream_base_commons:150:3)
    at Socket._writeGeneric (node:net:966:11)
    at Socket._write (node:net:978:8)
    at writeOrBuffer (node:internal/streams/writable:572:12)
    at _write (node:internal/streams/writable:501:10)
    at Writable.write (node:internal/streams/writable:510:10)
    at Framer.ondata (/root/.openclaw/workspace/node_modules/readable-stream/lib/internal/streams/readable.js:707:22)
    at Framer.emit (node:events:519:28)
    at addChunk (/root/.openclaw/workspace/node_modules/readable-stream/lib/internal/streams/readable.js:323:12) {
  errno: -32,
  code: 'EPIPE',
  syscall: 'write'
}
[chelios] Error: write EPIPE
[chelios] Disconnected
[chelios] Starting autonomous agent...
[chelios] Waiting for spawn...
[chelios] Disconnected
[chelios] Starting autonomous agent...
[chelios] Waiting for spawn...
[chelios] ✅ Spawned in world at (-127.78483229418823, 50, -174.23685306579605)
[chelios] Connecting to Brain at ws://localhost:8767
[chelios] ✅ Brain connected
[chelios] Brain command: registered
Error: write EPIPE
    at afterWriteDispatched (node:internal/stream_base_commons:159:15)
    at writeGeneric (node:internal/stream_base_commons:150:3)
    at Socket._writeGeneric (node:net:966:11)
    at Socket._write (node:net:978:8)
    at writeOrBuffer (node:internal/streams/writable:572:12)
    at _write (node:internal/streams/writable:501:10)
    at Writable.write (node:internal/streams/writable:510:10)
    at Framer.ondata (/root/.openclaw/workspace/node_modules/readable-stream/lib/internal/streams/readable.js:707:22)
    at Framer.emit (node:events:519:28)
    at addChunk (/root/.openclaw/workspace/node_modules/readable-stream/lib/internal/streams/readable.js:323:12) {
  errno: -32,
  code: 'EPIPE',
  syscall: 'write'
}
[chelios] Error: write EPIPE
[chelios] Disconnected
[chelios] Starting autonomous agent...
[chelios] Waiting for spawn...
[chelios] Chat: forge2: Agent forge2 online!
[chelios] ✅ Spawned in world at (-127.78483229418823, 50, -174.23685306579605)
[chelios] Connecting to Brain at ws://localhost:8767
[chelios] ✅ Brain connected
[chelios] Brain command: registered
[chelios] Chat: forge: Agent forge online!
Error: write EPIPE
    at afterWriteDispatched (node:internal/stream_base_commons:159:15)
    at writeGeneric (node:internal/stream_base_commons:150:3)
    at Socket._writeGeneric (node:net:966:11)
    at Socket._write (node:net:978:8)
    at writeOrBuffer (node:internal/streams/writable:572:12)
    at _write (node:internal/streams/writable:501:10)
    at Writable.write (node:internal/streams/writable:510:10)
    at Framer.ondata (/root/.openclaw/workspace/node_modules/readable-stream/lib/internal/streams/readable.js:707:22)
    at Framer.emit (node:events:519:28)
    at addChunk (/root/.openclaw/workspace/node_modules/readable-stream/lib/internal/streams/readable.js:323:12) {
  errno: -32,
  code: 'EPIPE',
  syscall: 'write'
}
[chelios] Error: write EPIPE
[chelios] Disconnected
[chelios] Starting autonomous agent...
[chelios] Waiting for spawn...
[chelios] Disconnected
[chelios] Starting autonomous agent...
[chelios] Waiting for spawn...
[chelios] Chat: patricia2: Agent patricia2 online!
[chelios] ✅ Spawned in world at (-127.78483229418823, 50, -174.23685306579605)
[chelios] Connecting to Brain at ws://localhost:8767
[chelios] ✅ Brain connected
[chelios] Brain command: registered
[chelios] Chat: forge2: Agent forge2 online!
Error: client timed out after 30000 milliseconds
    at Timeout._onTimeout (/root/.openclaw/workspace/node_modules/minecraft-protocol/src/client/keepalive.js:18:28)
    at listOnTimeout (node:internal/timers:585:17)
    at process.processTimers (node:internal/timers:521:7)
[chelios] Error: client timed out after 30000 milliseconds
[chelios] Disconnected
[chelios] Starting autonomous agent...
[chelios] Waiting for spawn...
[chelios] ✅ Spawned in world at (-127.78483229418823, 50, -174.23685306579605)
[chelios] Connecting to Brain at ws://localhost:8767
[chelios] Chat: aurora: Agent aurora online!
Error: write EPIPE
    at afterWriteDispatched (node:internal/stream_base_commons:159:15)
    at writeGeneric (node:internal/stream_base_commons:150:3)
    at Socket._writeGeneric (node:net:966:11)
    at Socket._write (node:net:978:8)
    at writeOrBuffer (node:internal/streams/writable:572:12)
    at _write (node:internal/streams/writable:501:10)
    at Writable.write (node:internal/streams/writable:510:10)
    at Framer.ondata (/root/.openclaw/workspace/node_modules/readable-stream/lib/internal/streams/readable.js:707:22)
    at Framer.emit (node:events:519:28)
    at addChunk (/root/.openclaw/workspace/node_modules/readable-stream/lib/internal/streams/readable.js:323:12) {
  errno: -32,
  code: 'EPIPE',
  syscall: 'write'
}
[chelios] Error: write EPIPE
[chelios] Disconnected
[chelios] Starting autonomous agent...
[chelios] Waiting for spawn...
[chelios] Disconnected
[chelios] Starting autonomous agent...
[chelios] Waiting for spawn...
[chelios] ✅ Spawned in world at (-127.78483229418823, 50, -174.23685306579605)
[chelios] Connecting to Brain at ws://localhost:8767
[chelios] ✅ Brain connected
[chelios] Chat: forge: Agent forge online!
[chelios] Brain command: registered
[chelios] Chat: aurora: Agent aurora online!
[chelios] Chat: patricia2: Agent patricia2 online!
Error: client timed out after 30000 milliseconds
    at Timeout._onTimeout (/root/.openclaw/workspace/node_modules/minecraft-protocol/src/client/keepalive.js:18:28)
    at listOnTimeout (node:internal/timers:585:17)
    at process.processTimers (node:internal/timers:521:7)
[chelios] Error: client timed out after 30000 milliseconds
[chelios] Chat: forge2: Agent forge2 online!
[chelios] Chat: chelios2: Agent chelios2 online!
[chelios] Disconnected
[chelios] Starting autonomous agent...
[chelios] Waiting for spawn...
[chelios] Disconnected
[chelios] Starting autonomous agent...
[chelios] Waiting for spawn...
Error: client timed out after 30000 milliseconds
    at Timeout._onTimeout (/root/.openclaw/workspace/node_modules/minecraft-protocol/src/client/keepalive.js:18:28)
    at listOnTimeout (node:internal/timers:585:17)
    at process.processTimers (node:internal/timers:521:7)
[chelios] Error: client timed out after 30000 milliseconds
[chelios] Disconnected
[chelios] Starting autonomous agent...
[chelios] Waiting for spawn...
[chelios] ✅ Spawned in world at (-127.78483229418823, 50, -174.23685306579605)
[chelios] Connecting to Brain at ws://localhost:8767
[chelios] ✅ Brain connected
[chelios] Brain command: registered
Error: write EPIPE
    at afterWriteDispatched (node:internal/stream_base_commons:159:15)
    at writeGeneric (node:internal/stream_base_commons:150:3)
    at Socket._writeGeneric (node:net:966:11)
    at Socket._write (node:net:978:8)
    at writeOrBuffer (node:internal/streams/writable:572:12)
    at _write (node:internal/streams/writable:501:10)
    at Writable.write (node:internal/streams/writable:510:10)
    at Framer.ondata (/root/.openclaw/workspace/node_modules/readable-stream/lib/internal/streams/readable.js:707:22)
    at Framer.emit (node:events:519:28)
    at addChunk (/root/.openclaw/workspace/node_modules/readable-stream/lib/internal/streams/readable.js:323:12) {
  errno: -32,
  code: 'EPIPE',
  syscall: 'write'
}
[chelios] Error: write EPIPE
[chelios] Disconnected
[chelios] Starting autonomous agent...
[chelios] Waiting for spawn...
[chelios] ✅ Spawned in world at (-127.78483229418823, 50, -174.23685306579605)
[chelios] Connecting to Brain at ws://localhost:8767
[chelios] ✅ Brain connected
[chelios] Brain command: registered
Error: write EPIPE
    at afterWriteDispatched (node:internal/stream_base_commons:159:15)
    at writeGeneric (node:internal/stream_base_commons:150:3)
    at Socket._writeGeneric (node:net:966:11)
    at Socket._write (node:net:978:8)
    at writeOrBuffer (node:internal/streams/writable:572:12)
    at _write (node:internal/streams/writable:501:10)
    at Writable.write (node:internal/streams/writable:510:10)
    at Framer.ondata (/root/.openclaw/workspace/node_modules/readable-stream/lib/internal/streams/readable.js:707:22)
    at Framer.emit (node:events:519:28)
    at addChunk (/root/.openclaw/workspace/node_modules/readable-stream/lib/internal/streams/readable.js:323:12) {
  errno: -32,
  code: 'EPIPE',
  syscall: 'write'
}
[chelios] Error: write EPIPE
[chelios] Disconnected
[chelios] Starting autonomous agent...
[chelios] Waiting for spawn...
[chelios] ✅ Spawned in world at (-127.78483229418823, 50, -174.23685306579605)
[chelios] Connecting to Brain at ws://localhost:8767
[chelios] ✅ Brain connected
[chelios] Brain command: registered
Error: write ECONNRESET
    at afterWriteDispatched (node:internal/stream_base_commons:159:15)
    at writeGeneric (node:internal/stream_base_commons:150:3)
    at Socket._writeGeneric (node:net:966:11)
    at Socket._write (node:net:978:8)
    at writeOrBuffer (node:internal/streams/writable:572:12)
    at _write (node:internal/streams/writable:501:10)
    at Writable.write (node:internal/streams/writable:510:10)
    at Framer.ondata (/root/.openclaw/workspace/node_modules/readable-stream/lib/internal/streams/readable.js:707:22)
    at Framer.emit (node:events:519:28)
    at addChunk (/root/.openclaw/workspace/node_modules/readable-stream/lib/internal/streams/readable.js:323:12) {
  errno: -104,
  code: 'ECONNRESET',
  syscall: 'write'
}
[chelios] Error: write ECONNRESET
[chelios] Disconnected
[chelios] Starting autonomous agent...
[chelios] Waiting for spawn...
[chelios] Disconnected
[chelios] Starting autonomous agent...
[chelios] Waiting for spawn...
[chelios] Disconnected
[chelios] Starting autonomous agent...
[chelios] Starting autonomous agent...
[chelios] Waiting for spawn...
[chelios] Waiting for spawn...
[chelios] Disconnected
[chelios] ✅ Spawned in world at (-127.78483229418823, 50, -174.23685306579605)
[chelios] Connecting to Brain at ws://localhost:8767
[chelios] ✅ Brain connected
[chelios] Brain command: registered
Error: write EPIPE
    at afterWriteDispatched (node:internal/stream_base_commons:159:15)
    at writeGeneric (node:internal/stream_base_commons:150:3)
    at Socket._writeGeneric (node:net:966:11)
    at Socket._write (node:net:978:8)
    at writeOrBuffer (node:internal/streams/writable:572:12)
    at _write (node:internal/streams/writable:501:10)
    at Writable.write (node:internal/streams/writable:510:10)
    at Framer.ondata (/root/.openclaw/workspace/node_modules/readable-stream/lib/internal/streams/readable.js:707:22)
    at Framer.emit (node:events:519:28)
    at addChunk (/root/.openclaw/workspace/node_modules/readable-stream/lib/internal/streams/readable.js:323:12) {
  errno: -32,
  code: 'EPIPE',
  syscall: 'write'
}
[chelios] Error: write EPIPE
[chelios] Disconnected
[chelios] Starting autonomous agent...
[chelios] Waiting for spawn...
[chelios] Disconnected
[chelios] Starting autonomous agent...
[chelios] Waiting for spawn...
[chelios] Disconnected
[chelios] Starting autonomous agent...
[chelios] Waiting for spawn...
[chelios] Disconnected
[chelios] Starting autonomous agent...
[chelios] Waiting for spawn...
[chelios] ✅ Spawned in world at (-127.78483229418823, 50, -174.23685306579605)
[chelios] Connecting to Brain at ws://localhost:8767
[chelios] ✅ Brain connected
[chelios] Brain command: registered
[chelios] Chat: patricia: Agent patricia online!
Error: client timed out after 30000 milliseconds
    at Timeout._onTimeout (/root/.openclaw/workspace/node_modules/minecraft-protocol/src/client/keepalive.js:18:28)
    at listOnTimeout (node:internal/timers:585:17)
    at process.processTimers (node:internal/timers:521:7)
[chelios] Error: client timed out after 30000 milliseconds
[chelios] Disconnected
[chelios] Starting autonomous agent...
[chelios] Waiting for spawn...
[chelios] Chat: forge: Agent forge online!
[chelios] ✅ Spawned in world at (-127.78483229418823, 50, -174.23685306579605)
[chelios] Connecting to Brain at ws://localhost:8767
[chelios] ✅ Brain connected
[chelios] Brain command: registered
Error: write EPIPE
    at afterWriteDispatched (node:internal/stream_base_commons:159:15)
    at writeGeneric (node:internal/stream_base_commons:150:3)
    at Socket._writeGeneric (node:net:966:11)
    at Socket._write (node:net:978:8)
    at writeOrBuffer (node:internal/streams/writable:572:12)
    at _write (node:internal/streams/writable:501:10)
    at Writable.write (node:internal/streams/writable:510:10)
    at Framer.ondata (/root/.openclaw/workspace/node_modules/readable-stream/lib/internal/streams/readable.js:707:22)
    at Framer.emit (node:events:519:28)
    at addChunk (/root/.openclaw/workspace/node_modules/readable-stream/lib/internal/streams/readable.js:323:12) {
  errno: -32,
  code: 'EPIPE',
  syscall: 'write'
}
[chelios] Error: write EPIPE
[chelios] Disconnected
[chelios] Starting autonomous agent...
[chelios] Waiting for spawn...
Error: read ECONNRESET
    at TCP.onStreamRead (node:internal/stream_base_commons:216:20) {
  errno: -104,
  code: 'ECONNRESET',
  syscall: 'read'
}
[chelios] Error: read ECONNRESET
[chelios] Disconnected
[chelios] Starting autonomous agent...
[chelios] Waiting for spawn...
[chelios] Disconnected
[chelios] Starting autonomous agent...
[chelios] Waiting for spawn...
[chelios] Disconnected
[chelios] Starting autonomous agent...
[chelios] Waiting for spawn...
[chelios] Disconnected
[chelios] Starting autonomous agent...
[chelios] Waiting for spawn...
[chelios] Disconnected
[chelios] Starting autonomous agent...
[chelios] Waiting for spawn...
[chelios] Disconnected
[chelios] Starting autonomous agent...
[chelios] Waiting for spawn...
[chelios] Disconnected
[chelios] Starting autonomous agent...
[chelios] Waiting for spawn...
[chelios] Disconnected
[chelios] Starting autonomous agent...
[chelios] Waiting for spawn...
[chelios] Disconnected
[chelios] Starting autonomous agent...
[chelios] Waiting for spawn...
[chelios] Disconnected
[chelios] Starting autonomous agent...
[chelios] Waiting for spawn...
[chelios] Disconnected
[chelios] Starting autonomous agent...
[chelios] Waiting for spawn...
[chelios] Disconnected
[chelios] Starting autonomous agent...
[chelios] Waiting for spawn...
[chelios] Disconnected
[chelios] Starting autonomous agent...
[chelios] Waiting for spawn...
[chelios] Disconnected
[chelios] Starting autonomous agent...
[chelios] Waiting for spawn...
[chelios] Disconnected
[chelios] Starting autonomous agent...
[chelios] Waiting for spawn...
[chelios] Disconnected
[chelios] Starting autonomous agent...
[chelios] Waiting for spawn...
[chelios] Disconnected
[chelios] Starting autonomous agent...
[chelios] Waiting for spawn...
[chelios] Disconnected
[chelios] Starting autonomous agent...
[chelios] Waiting for spawn...
[chelios] Disconnected
[chelios] Starting autonomous agent...
[chelios] Waiting for spawn...
[chelios] Disconnected
[chelios] Starting autonomous agent...
[chelios] Waiting for spawn...
[chelios] Disconnected
[chelios] Starting autonomous agent...
[chelios] Waiting for spawn...
[chelios] Disconnected
[chelios] Starting autonomous agent...
[chelios] Waiting for spawn...
[chelios] Disconnected
[chelios] Starting autonomous agent...
[chelios] Waiting for spawn...
[chelios] Disconnected
