[forge2] Starting autonomous agent...
[forge2] Waiting for spawn...
AggregateError [ECONNREFUSED]: 
    at internalConnectMultiple (node:net:1134:18)
    at afterConnectMultiple (node:net:1715:7) {
  code: 'ECONNREFUSED',
  [errors]: [
    Error: connect ECONNREFUSED ::1:25566
        at createConnectionError (node:net:1678:14)
        at afterConnectMultiple (node:net:1708:16) {
      errno: -111,
      code: 'ECONNREFUSED',
      syscall: 'connect',
      address: '::1',
      port: 25566
    },
    Error: connect ECONNREFUSED 127.0.0.1:25566
        at createConnectionError (node:net:1678:14)
        at afterConnectMultiple (node:net:1708:16) {
      errno: -111,
      code: 'ECONNREFUSED',
      syscall: 'connect',
      address: '127.0.0.1',
      port: 25566
    }
  ]
}
[forge2] Error: 
[forge2] Disconnected
[forge2] Starting autonomous agent...
[forge2] Waiting for spawn...
AggregateError [ETIMEDOUT]: 
    at internalConnectMultiple (node:net:1134:18)
    at afterConnectMultiple (node:net:1715:7) {
  code: 'ETIMEDOUT',
  [errors]: [
    Error: connect ETIMEDOUT ::1:25566
        at createConnectionError (node:net:1678:14)
        at Timeout.internalConnectMultipleTimeout (node:net:1737:38)
        at listOnTimeout (node:internal/timers:587:11)
        at process.processTimers (node:internal/timers:521:7) {
      errno: -110,
      code: 'ETIMEDOUT',
      syscall: 'connect',
      address: '::1',
      port: 25566
    },
    Error: connect ECONNREFUSED 127.0.0.1:25566
        at createConnectionError (node:net:1678:14)
        at afterConnectMultiple (node:net:1708:16) {
      errno: -111,
      code: 'ECONNREFUSED',
      syscall: 'connect',
      address: '127.0.0.1',
      port: 25566
    }
  ]
}
[forge2] Error: 
[forge2] Disconnected
[forge2] Starting autonomous agent...
[forge2] Waiting for spawn...
AggregateError [ECONNREFUSED]: 
    at internalConnectMultiple (node:net:1134:18)
    at afterConnectMultiple (node:net:1715:7) {
  code: 'ECONNREFUSED',
  [errors]: [
    Error: connect ECONNREFUSED ::1:25566
        at createConnectionError (node:net:1678:14)
        at afterConnectMultiple (node:net:1708:16) {
      errno: -111,
      code: 'ECONNREFUSED',
      syscall: 'connect',
      address: '::1',
      port: 25566
    },
    Error: connect ECONNREFUSED 127.0.0.1:25566
        at createConnectionError (node:net:1678:14)
        at afterConnectMultiple (node:net:1708:16) {
      errno: -111,
      code: 'ECONNREFUSED',
      syscall: 'connect',
      address: '127.0.0.1',
      port: 25566
    }
  ]
}
[forge2] Error: 
[forge2] Disconnected
[forge2] Starting autonomous agent...
[forge2] Waiting for spawn...
AggregateError [ECONNREFUSED]: 
    at internalConnectMultiple (node:net:1134:18)
    at afterConnectMultiple (node:net:1715:7) {
  code: 'ECONNREFUSED',
  [errors]: [
    Error: connect ECONNREFUSED ::1:25566
        at createConnectionError (node:net:1678:14)
        at afterConnectMultiple (node:net:1708:16) {
      errno: -111,
      code: 'ECONNREFUSED',
      syscall: 'connect',
      address: '::1',
      port: 25566
    },
    Error: connect ECONNREFUSED 127.0.0.1:25566
        at createConnectionError (node:net:1678:14)
        at afterConnectMultiple (node:net:1708:16) {
      errno: -111,
      code: 'ECONNREFUSED',
      syscall: 'connect',
      address: '127.0.0.1',
      port: 25566
    }
  ]
}
[forge2] Error: 
[forge2] Disconnected
[forge2] Starting autonomous agent...
[forge2] Waiting for spawn...
AggregateError [ETIMEDOUT]: 
    at internalConnectMultiple (node:net:1134:18)
    at afterConnectMultiple (node:net:1715:7) {
  code: 'ETIMEDOUT',
  [errors]: [
    Error: connect ETIMEDOUT ::1:25566
        at createConnectionError (node:net:1678:14)
        at Timeout.internalConnectMultipleTimeout (node:net:1737:38)
        at listOnTimeout (node:internal/timers:587:11)
        at process.processTimers (node:internal/timers:521:7) {
      errno: -110,
      code: 'ETIMEDOUT',
      syscall: 'connect',
      address: '::1',
      port: 25566
    },
    Error: connect ECONNREFUSED 127.0.0.1:25566
        at createConnectionError (node:net:1678:14)
        at afterConnectMultiple (node:net:1708:16) {
      errno: -111,
      code: 'ECONNREFUSED',
      syscall: 'connect',
      address: '127.0.0.1',
      port: 25566
    }
  ]
}
[forge2] Error: 
[forge2] Disconnected
[forge2] Starting autonomous agent...
[forge2] Waiting for spawn...
AggregateError [ECONNREFUSED]: 
    at internalConnectMultiple (node:net:1134:18)
    at afterConnectMultiple (node:net:1715:7) {
  code: 'ECONNREFUSED',
  [errors]: [
    Error: connect ECONNREFUSED ::1:25566
        at createConnectionError (node:net:1678:14)
        at afterConnectMultiple (node:net:1708:16) {
      errno: -111,
      code: 'ECONNREFUSED',
      syscall: 'connect',
      address: '::1',
      port: 25566
    },
    Error: connect ECONNREFUSED 127.0.0.1:25566
        at createConnectionError (node:net:1678:14)
        at afterConnectMultiple (node:net:1708:16) {
      errno: -111,
      code: 'ECONNREFUSED',
      syscall: 'connect',
      address: '127.0.0.1',
      port: 25566
    }
  ]
}
[forge2] Error: 
[forge2] Disconnected
[forge2] Starting autonomous agent...
[forge2] Waiting for spawn...
AggregateError [ECONNREFUSED]: 
    at internalConnectMultiple (node:net:1134:18)
    at afterConnectMultiple (node:net:1715:7) {
  code: 'ECONNREFUSED',
  [errors]: [
    Error: connect ECONNREFUSED ::1:25566
        at createConnectionError (node:net:1678:14)
        at afterConnectMultiple (node:net:1708:16) {
      errno: -111,
      code: 'ECONNREFUSED',
      syscall: 'connect',
      address: '::1',
      port: 25566
    },
    Error: connect ECONNREFUSED 127.0.0.1:25566
        at createConnectionError (node:net:1678:14)
        at afterConnectMultiple (node:net:1708:16) {
      errno: -111,
      code: 'ECONNREFUSED',
      syscall: 'connect',
      address: '127.0.0.1',
      port: 25566
    }
  ]
}
[forge2] Error: 
[forge2] Disconnected
[forge2] Starting autonomous agent...
[forge2] Waiting for spawn...
AggregateError [ETIMEDOUT]: 
    at internalConnectMultiple (node:net:1134:18)
    at afterConnectMultiple (node:net:1715:7) {
  code: 'ETIMEDOUT',
  [errors]: [
    Error: connect ETIMEDOUT ::1:25566
        at createConnectionError (node:net:1678:14)
        at Timeout.internalConnectMultipleTimeout (node:net:1737:38)
        at listOnTimeout (node:internal/timers:587:11)
        at process.processTimers (node:internal/timers:521:7) {
      errno: -110,
      code: 'ETIMEDOUT',
      syscall: 'connect',
      address: '::1',
      port: 25566
    },
    Error: connect ECONNREFUSED 127.0.0.1:25566
        at createConnectionError (node:net:1678:14)
        at afterConnectMultiple (node:net:1708:16) {
      errno: -111,
      code: 'ECONNREFUSED',
      syscall: 'connect',
      address: '127.0.0.1',
      port: 25566
    }
  ]
}
[forge2] Error: 
[forge2] Disconnected
[forge2] Starting autonomous agent...
[forge2] Waiting for spawn...
AggregateError [ECONNREFUSED]: 
    at internalConnectMultiple (node:net:1134:18)
    at afterConnectMultiple (node:net:1715:7) {
  code: 'ECONNREFUSED',
  [errors]: [
    Error: connect ECONNREFUSED ::1:25566
        at createConnectionError (node:net:1678:14)
        at afterConnectMultiple (node:net:1708:16) {
      errno: -111,
      code: 'ECONNREFUSED',
      syscall: 'connect',
      address: '::1',
      port: 25566
    },
    Error: connect ECONNREFUSED 127.0.0.1:25566
        at createConnectionError (node:net:1678:14)
        at afterConnectMultiple (node:net:1708:16) {
      errno: -111,
      code: 'ECONNREFUSED',
      syscall: 'connect',
      address: '127.0.0.1',
      port: 25566
    }
  ]
}
[forge2] Error: 
[forge2] Disconnected
[forge2] Starting autonomous agent...
[forge2] Starting autonomous agent...
[forge2] Starting autonomous agent...
[forge2] Waiting for spawn...
AggregateError [ECONNREFUSED]: 
    at internalConnectMultiple (node:net:1134:18)
    at afterConnectMultiple (node:net:1715:7) {
  code: 'ECONNREFUSED',
  [errors]: [
    Error: connect ECONNREFUSED ::1:25566
        at createConnectionError (node:net:1678:14)
        at afterConnectMultiple (node:net:1708:16) {
      errno: -111,
      code: 'ECONNREFUSED',
      syscall: 'connect',
      address: '::1',
      port: 25566
    },
    Error: connect ECONNREFUSED 127.0.0.1:25566
        at createConnectionError (node:net:1678:14)
        at afterConnectMultiple (node:net:1708:16) {
      errno: -111,
      code: 'ECONNREFUSED',
      syscall: 'connect',
      address: '127.0.0.1',
      port: 25566
    }
  ]
}
[forge2] Error: 
[forge2] Disconnected
[forge2] Waiting for spawn...
[forge2] Waiting for spawn...
AggregateError [ECONNREFUSED]: 
    at internalConnectMultiple (node:net:1134:18)
    at afterConnectMultiple (node:net:1715:7) {
  code: 'ECONNREFUSED',
  [errors]: [
    Error: connect ECONNREFUSED ::1:25566
        at createConnectionError (node:net:1678:14)
        at afterConnectMultiple (node:net:1708:16) {
      errno: -111,
      code: 'ECONNREFUSED',
      syscall: 'connect',
      address: '::1',
      port: 25566
    },
    Error: connect ECONNREFUSED 127.0.0.1:25566
        at createConnectionError (node:net:1678:14)
        at afterConnectMultiple (node:net:1708:16) {
      errno: -111,
      code: 'ECONNREFUSED',
      syscall: 'connect',
      address: '127.0.0.1',
      port: 25566
    }
  ]
}
[forge2] Error: 
[forge2] Disconnected
AggregateError [ECONNREFUSED]: 
    at internalConnectMultiple (node:net:1134:18)
    at afterConnectMultiple (node:net:1715:7) {
  code: 'ECONNREFUSED',
  [errors]: [
    Error: connect ECONNREFUSED ::1:25566
        at createConnectionError (node:net:1678:14)
        at afterConnectMultiple (node:net:1708:16) {
      errno: -111,
      code: 'ECONNREFUSED',
      syscall: 'connect',
      address: '::1',
      port: 25566
    },
    Error: connect ECONNREFUSED 127.0.0.1:25566
        at createConnectionError (node:net:1678:14)
        at afterConnectMultiple (node:net:1708:16) {
      errno: -111,
      code: 'ECONNREFUSED',
      syscall: 'connect',
      address: '127.0.0.1',
      port: 25566
    }
  ]
}
[forge2] Error: 
[forge2] Disconnected
[forge2] Starting autonomous agent...
[forge2] Starting autonomous agent...
[forge2] Waiting for spawn...
[forge2] Waiting for spawn...
AggregateError [ECONNREFUSED]: 
    at internalConnectMultiple (node:net:1134:18)
    at afterConnectMultiple (node:net:1715:7) {
  code: 'ECONNREFUSED',
  [errors]: [
    Error: connect ECONNREFUSED ::1:25566
        at createConnectionError (node:net:1678:14)
        at afterConnectMultiple (node:net:1708:16) {
      errno: -111,
      code: 'ECONNREFUSED',
      syscall: 'connect',
      address: '::1',
      port: 25566
    },
    Error: connect ECONNREFUSED 127.0.0.1:25566
        at createConnectionError (node:net:1678:14)
        at afterConnectMultiple (node:net:1708:16) {
      errno: -111,
      code: 'ECONNREFUSED',
      syscall: 'connect',
      address: '127.0.0.1',
      port: 25566
    }
  ]
}
[forge2] Error: 
[forge2] Disconnected
AggregateError [ECONNREFUSED]: 
    at internalConnectMultiple (node:net:1134:18)
    at afterConnectMultiple (node:net:1715:7) {
  code: 'ECONNREFUSED',
  [errors]: [
    Error: connect ECONNREFUSED ::1:25566
        at createConnectionError (node:net:1678:14)
        at afterConnectMultiple (node:net:1708:16) {
      errno: -111,
      code: 'ECONNREFUSED',
      syscall: 'connect',
      address: '::1',
      port: 25566
    },
    Error: connect ECONNREFUSED 127.0.0.1:25566
        at createConnectionError (node:net:1678:14)
        at afterConnectMultiple (node:net:1708:16) {
      errno: -111,
      code: 'ECONNREFUSED',
      syscall: 'connect',
      address: '127.0.0.1',
      port: 25566
    }
  ]
}
[forge2] Error: 
[forge2] Disconnected
[forge2] Starting autonomous agent...
[forge2] Waiting for spawn...
AggregateError [ECONNREFUSED]: 
    at internalConnectMultiple (node:net:1134:18)
    at afterConnectMultiple (node:net:1715:7) {
  code: 'ECONNREFUSED',
  [errors]: [
    Error: connect ECONNREFUSED ::1:25566
        at createConnectionError (node:net:1678:14)
        at afterConnectMultiple (node:net:1708:16) {
      errno: -111,
      code: 'ECONNREFUSED',
      syscall: 'connect',
      address: '::1',
      port: 25566
    },
    Error: connect ECONNREFUSED 127.0.0.1:25566
        at createConnectionError (node:net:1678:14)
        at afterConnectMultiple (node:net:1708:16) {
      errno: -111,
      code: 'ECONNREFUSED',
      syscall: 'connect',
      address: '127.0.0.1',
      port: 25566
    }
  ]
}
[forge2] Error: 
[forge2] Disconnected
[forge2] Starting autonomous agent...
[forge2] Waiting for spawn...
[forge2] Starting autonomous agent...
AggregateError [ECONNREFUSED]: 
    at internalConnectMultiple (node:net:1134:18)
    at afterConnectMultiple (node:net:1715:7) {
  code: 'ECONNREFUSED',
  [errors]: [
    Error: connect ECONNREFUSED ::1:25566
        at createConnectionError (node:net:1678:14)
        at afterConnectMultiple (node:net:1708:16) {
      errno: -111,
      code: 'ECONNREFUSED',
      syscall: 'connect',
      address: '::1',
      port: 25566
    },
    Error: connect ECONNREFUSED 127.0.0.1:25566
        at createConnectionError (node:net:1678:14)
        at afterConnectMultiple (node:net:1708:16) {
      errno: -111,
      code: 'ECONNREFUSED',
      syscall: 'connect',
      address: '127.0.0.1',
      port: 25566
    }
  ]
}
[forge2] Error: 
[forge2] Disconnected
[forge2] Waiting for spawn...
AggregateError [ECONNREFUSED]: 
    at internalConnectMultiple (node:net:1134:18)
    at afterConnectMultiple (node:net:1715:7) {
  code: 'ECONNREFUSED',
  [errors]: [
    Error: connect ECONNREFUSED ::1:25566
        at createConnectionError (node:net:1678:14)
        at afterConnectMultiple (node:net:1708:16) {
      errno: -111,
      code: 'ECONNREFUSED',
      syscall: 'connect',
      address: '::1',
      port: 25566
    },
    Error: connect ECONNREFUSED 127.0.0.1:25566
        at createConnectionError (node:net:1678:14)
        at afterConnectMultiple (node:net:1708:16) {
      errno: -111,
      code: 'ECONNREFUSED',
      syscall: 'connect',
      address: '127.0.0.1',
      port: 25566
    }
  ]
}
[forge2] Error: 
[forge2] Disconnected
[forge2] Starting autonomous agent...
[forge2] Waiting for spawn...
AggregateError [ECONNREFUSED]: 
    at internalConnectMultiple (node:net:1134:18)
    at afterConnectMultiple (node:net:1715:7) {
  code: 'ECONNREFUSED',
  [errors]: [
    Error: connect ECONNREFUSED ::1:25566
        at createConnectionError (node:net:1678:14)
        at afterConnectMultiple (node:net:1708:16) {
      errno: -111,
      code: 'ECONNREFUSED',
      syscall: 'connect',
      address: '::1',
      port: 25566
    },
    Error: connect ECONNREFUSED 127.0.0.1:25566
        at createConnectionError (node:net:1678:14)
        at afterConnectMultiple (node:net:1708:16) {
      errno: -111,
      code: 'ECONNREFUSED',
      syscall: 'connect',
      address: '127.0.0.1',
      port: 25566
    }
  ]
}
[forge2] Error: 
[forge2] Disconnected
[forge2] Starting autonomous agent...
[forge2] Waiting for spawn...
AggregateError [ECONNREFUSED]: 
    at internalConnectMultiple (node:net:1134:18)
    at afterConnectMultiple (node:net:1715:7) {
  code: 'ECONNREFUSED',
  [errors]: [
    Error: connect ECONNREFUSED ::1:25566
        at createConnectionError (node:net:1678:14)
        at afterConnectMultiple (node:net:1708:16) {
      errno: -111,
      code: 'ECONNREFUSED',
      syscall: 'connect',
      address: '::1',
      port: 25566
    },
    Error: connect ECONNREFUSED 127.0.0.1:25566
        at createConnectionError (node:net:1678:14)
        at afterConnectMultiple (node:net:1708:16) {
      errno: -111,
      code: 'ECONNREFUSED',
      syscall: 'connect',
      address: '127.0.0.1',
      port: 25566
    }
  ]
}
[forge2] Error: 
[forge2] Disconnected
[forge2] Starting autonomous agent...
[forge2] Waiting for spawn...
AggregateError [ECONNREFUSED]: 
    at internalConnectMultiple (node:net:1134:18)
    at afterConnectMultiple (node:net:1715:7) {
  code: 'ECONNREFUSED',
  [errors]: [
    Error: connect ECONNREFUSED ::1:25566
        at createConnectionError (node:net:1678:14)
        at afterConnectMultiple (node:net:1708:16) {
      errno: -111,
      code: 'ECONNREFUSED',
      syscall: 'connect',
      address: '::1',
      port: 25566
    },
    Error: connect ECONNREFUSED 127.0.0.1:25566
        at createConnectionError (node:net:1678:14)
        at afterConnectMultiple (node:net:1708:16) {
      errno: -111,
      code: 'ECONNREFUSED',
      syscall: 'connect',
      address: '127.0.0.1',
      port: 25566
    }
  ]
}
[forge2] Error: 
[forge2] Disconnected
[forge2] Starting autonomous agent...
[forge2] Waiting for spawn...
AggregateError [ECONNREFUSED]: 
    at internalConnectMultiple (node:net:1134:18)
    at afterConnectMultiple (node:net:1715:7) {
  code: 'ECONNREFUSED',
  [errors]: [
    Error: connect ECONNREFUSED ::1:25566
        at createConnectionError (node:net:1678:14)
        at afterConnectMultiple (node:net:1708:16) {
      errno: -111,
      code: 'ECONNREFUSED',
      syscall: 'connect',
      address: '::1',
      port: 25566
    },
    Error: connect ECONNREFUSED 127.0.0.1:25566
        at createConnectionError (node:net:1678:14)
        at afterConnectMultiple (node:net:1708:16) {
      errno: -111,
      code: 'ECONNREFUSED',
      syscall: 'connect',
      address: '127.0.0.1',
      port: 25566
    }
  ]
}
[forge2] Error: 
[forge2] Disconnected
[forge2] Starting autonomous agent...
[forge2] Waiting for spawn...
AggregateError [ECONNREFUSED]: 
    at internalConnectMultiple (node:net:1134:18)
    at afterConnectMultiple (node:net:1715:7) {
  code: 'ECONNREFUSED',
  [errors]: [
    Error: connect ECONNREFUSED ::1:25566
        at createConnectionError (node:net:1678:14)
        at afterConnectMultiple (node:net:1708:16) {
      errno: -111,
      code: 'ECONNREFUSED',
      syscall: 'connect',
      address: '::1',
      port: 25566
    },
    Error: connect ECONNREFUSED 127.0.0.1:25566
        at createConnectionError (node:net:1678:14)
        at afterConnectMultiple (node:net:1708:16) {
      errno: -111,
      code: 'ECONNREFUSED',
      syscall: 'connect',
      address: '127.0.0.1',
      port: 25566
    }
  ]
}
[forge2] Error: 
[forge2] Disconnected
[forge2] Starting autonomous agent...
[forge2] Waiting for spawn...
AggregateError [ECONNREFUSED]: 
    at internalConnectMultiple (node:net:1134:18)
    at afterConnectMultiple (node:net:1715:7) {
  code: 'ECONNREFUSED',
  [errors]: [
    Error: connect ECONNREFUSED ::1:25566
        at createConnectionError (node:net:1678:14)
        at afterConnectMultiple (node:net:1708:16) {
      errno: -111,
      code: 'ECONNREFUSED',
      syscall: 'connect',
      address: '::1',
      port: 25566
    },
    Error: connect ECONNREFUSED 127.0.0.1:25566
        at createConnectionError (node:net:1678:14)
        at afterConnectMultiple (node:net:1708:16) {
      errno: -111,
      code: 'ECONNREFUSED',
      syscall: 'connect',
      address: '127.0.0.1',
      port: 25566
    }
  ]
}
[forge2] Error: 
[forge2] Disconnected
[forge2] Starting autonomous agent...
[forge2] Waiting for spawn...
AggregateError [ETIMEDOUT]: 
    at internalConnectMultiple (node:net:1134:18)
    at afterConnectMultiple (node:net:1715:7) {
  code: 'ETIMEDOUT',
  [errors]: [
    Error: connect ETIMEDOUT ::1:25566
        at createConnectionError (node:net:1678:14)
        at Timeout.internalConnectMultipleTimeout (node:net:1737:38)
        at listOnTimeout (node:internal/timers:587:11)
        at process.processTimers (node:internal/timers:521:7) {
      errno: -110,
      code: 'ETIMEDOUT',
      syscall: 'connect',
      address: '::1',
      port: 25566
    },
    Error: connect ECONNREFUSED 127.0.0.1:25566
        at createConnectionError (node:net:1678:14)
        at afterConnectMultiple (node:net:1708:16) {
      errno: -111,
      code: 'ECONNREFUSED',
      syscall: 'connect',
      address: '127.0.0.1',
      port: 25566
    }
  ]
}
[forge2] Error: 
[forge2] Disconnected
[forge2] Starting autonomous agent...
[forge2] Waiting for spawn...
AggregateError [ECONNREFUSED]: 
    at internalConnectMultiple (node:net:1134:18)
    at afterConnectMultiple (node:net:1715:7) {
  code: 'ECONNREFUSED',
  [errors]: [
    Error: connect ECONNREFUSED ::1:25566
        at createConnectionError (node:net:1678:14)
        at afterConnectMultiple (node:net:1708:16) {
      errno: -111,
      code: 'ECONNREFUSED',
      syscall: 'connect',
      address: '::1',
      port: 25566
    },
    Error: connect ECONNREFUSED 127.0.0.1:25566
        at createConnectionError (node:net:1678:14)
        at afterConnectMultiple (node:net:1708:16) {
      errno: -111,
      code: 'ECONNREFUSED',
      syscall: 'connect',
      address: '127.0.0.1',
      port: 25566
    }
  ]
}
[forge2] Error: 
[forge2] Disconnected
[forge2] Starting autonomous agent...
[forge2] Waiting for spawn...
AggregateError [ETIMEDOUT]: 
    at internalConnectMultiple (node:net:1134:18)
    at afterConnectMultiple (node:net:1715:7) {
  code: 'ETIMEDOUT',
  [errors]: [
    Error: connect ETIMEDOUT ::1:25566
        at createConnectionError (node:net:1678:14)
        at Timeout.internalConnectMultipleTimeout (node:net:1737:38)
        at listOnTimeout (node:internal/timers:587:11)
        at process.processTimers (node:internal/timers:521:7) {
      errno: -110,
      code: 'ETIMEDOUT',
      syscall: 'connect',
      address: '::1',
      port: 25566
    },
    Error: connect ECONNREFUSED 127.0.0.1:25566
        at createConnectionError (node:net:1678:14)
        at afterConnectMultiple (node:net:1708:16) {
      errno: -111,
      code: 'ECONNREFUSED',
      syscall: 'connect',
      address: '127.0.0.1',
      port: 25566
    }
  ]
}
[forge2] Error: 
[forge2] Disconnected
[forge2] Starting autonomous agent...
[forge2] Waiting for spawn...
AggregateError [ECONNREFUSED]: 
    at internalConnectMultiple (node:net:1134:18)
    at afterConnectMultiple (node:net:1715:7) {
  code: 'ECONNREFUSED',
  [errors]: [
    Error: connect ECONNREFUSED ::1:25566
        at createConnectionError (node:net:1678:14)
        at afterConnectMultiple (node:net:1708:16) {
      errno: -111,
      code: 'ECONNREFUSED',
      syscall: 'connect',
      address: '::1',
      port: 25566
    },
    Error: connect ECONNREFUSED 127.0.0.1:25566
        at createConnectionError (node:net:1678:14)
        at afterConnectMultiple (node:net:1708:16) {
      errno: -111,
      code: 'ECONNREFUSED',
      syscall: 'connect',
      address: '127.0.0.1',
      port: 25566
    }
  ]
}
[forge2] Error: 
[forge2] Disconnected
[forge2] Starting autonomous agent...
[forge2] Waiting for spawn...
AggregateError [ECONNREFUSED]: 
    at internalConnectMultiple (node:net:1134:18)
    at afterConnectMultiple (node:net:1715:7) {
  code: 'ECONNREFUSED',
  [errors]: [
    Error: connect ECONNREFUSED ::1:25566
        at createConnectionError (node:net:1678:14)
        at afterConnectMultiple (node:net:1708:16) {
      errno: -111,
      code: 'ECONNREFUSED',
      syscall: 'connect',
      address: '::1',
      port: 25566
    },
    Error: connect ECONNREFUSED 127.0.0.1:25566
        at createConnectionError (node:net:1678:14)
        at afterConnectMultiple (node:net:1708:16) {
      errno: -111,
      code: 'ECONNREFUSED',
      syscall: 'connect',
      address: '127.0.0.1',
      port: 25566
    }
  ]
}
[forge2] Error: 
[forge2] Disconnected
[forge2] Starting autonomous agent...
[forge2] Waiting for spawn...
AggregateError [ECONNREFUSED]: 
    at internalConnectMultiple (node:net:1134:18)
    at afterConnectMultiple (node:net:1715:7) {
  code: 'ECONNREFUSED',
  [errors]: [
    Error: connect ECONNREFUSED ::1:25566
        at createConnectionError (node:net:1678:14)
        at afterConnectMultiple (node:net:1708:16) {
      errno: -111,
      code: 'ECONNREFUSED',
      syscall: 'connect',
      address: '::1',
      port: 25566
    },
    Error: connect ECONNREFUSED 127.0.0.1:25566
        at createConnectionError (node:net:1678:14)
        at afterConnectMultiple (node:net:1708:16) {
      errno: -111,
      code: 'ECONNREFUSED',
      syscall: 'connect',
      address: '127.0.0.1',
      port: 25566
    }
  ]
}
[forge2] Error: 
[forge2] Disconnected
[forge2] Starting autonomous agent...
[forge2] Waiting for spawn...
AggregateError [ECONNREFUSED]: 
    at internalConnectMultiple (node:net:1134:18)
    at afterConnectMultiple (node:net:1715:7) {
  code: 'ECONNREFUSED',
  [errors]: [
    Error: connect ECONNREFUSED ::1:25566
        at createConnectionError (node:net:1678:14)
        at afterConnectMultiple (node:net:1708:16) {
      errno: -111,
      code: 'ECONNREFUSED',
      syscall: 'connect',
      address: '::1',
      port: 25566
    },
    Error: connect ECONNREFUSED 127.0.0.1:25566
        at createConnectionError (node:net:1678:14)
        at afterConnectMultiple (node:net:1708:16) {
      errno: -111,
      code: 'ECONNREFUSED',
      syscall: 'connect',
      address: '127.0.0.1',
      port: 25566
    }
  ]
}
[forge2] Error: 
[forge2] Disconnected
[forge2] Starting autonomous agent...
[forge2] Waiting for spawn...
AggregateError [ECONNREFUSED]: 
    at internalConnectMultiple (node:net:1134:18)
    at afterConnectMultiple (node:net:1715:7) {
  code: 'ECONNREFUSED',
  [errors]: [
    Error: connect ECONNREFUSED ::1:25566
        at createConnectionError (node:net:1678:14)
        at afterConnectMultiple (node:net:1708:16) {
      errno: -111,
      code: 'ECONNREFUSED',
      syscall: 'connect',
      address: '::1',
      port: 25566
    },
    Error: connect ECONNREFUSED 127.0.0.1:25566
        at createConnectionError (node:net:1678:14)
        at afterConnectMultiple (node:net:1708:16) {
      errno: -111,
      code: 'ECONNREFUSED',
      syscall: 'connect',
      address: '127.0.0.1',
      port: 25566
    }
  ]
}
[forge2] Error: 
[forge2] Disconnected
[forge2] Starting autonomous agent...
[forge2] Waiting for spawn...
AggregateError [ECONNREFUSED]: 
    at internalConnectMultiple (node:net:1134:18)
    at afterConnectMultiple (node:net:1715:7) {
  code: 'ECONNREFUSED',
  [errors]: [
    Error: connect ECONNREFUSED ::1:25566
        at createConnectionError (node:net:1678:14)
        at afterConnectMultiple (node:net:1708:16) {
      errno: -111,
      code: 'ECONNREFUSED',
      syscall: 'connect',
      address: '::1',
      port: 25566
    },
    Error: connect ECONNREFUSED 127.0.0.1:25566
        at createConnectionError (node:net:1678:14)
        at afterConnectMultiple (node:net:1708:16) {
      errno: -111,
      code: 'ECONNREFUSED',
      syscall: 'connect',
      address: '127.0.0.1',
      port: 25566
    }
  ]
}
[forge2] Error: 
[forge2] Disconnected
[forge2] Starting autonomous agent...
[forge2] Waiting for spawn...
AggregateError [ETIMEDOUT]: 
    at internalConnectMultiple (node:net:1134:18)
    at afterConnectMultiple (node:net:1715:7) {
  code: 'ETIMEDOUT',
  [errors]: [
    Error: connect ETIMEDOUT ::1:25566
        at createConnectionError (node:net:1678:14)
        at Timeout.internalConnectMultipleTimeout (node:net:1737:38)
        at listOnTimeout (node:internal/timers:587:11)
        at process.processTimers (node:internal/timers:521:7) {
      errno: -110,
      code: 'ETIMEDOUT',
      syscall: 'connect',
      address: '::1',
      port: 25566
    },
    Error: connect ECONNREFUSED 127.0.0.1:25566
        at createConnectionError (node:net:1678:14)
        at afterConnectMultiple (node:net:1708:16) {
      errno: -111,
      code: 'ECONNREFUSED',
      syscall: 'connect',
      address: '127.0.0.1',
      port: 25566
    }
  ]
}
[forge2] Error: 
[forge2] Disconnected
[forge2] Starting autonomous agent...
[forge2] Waiting for spawn...
AggregateError [ECONNREFUSED]: 
    at internalConnectMultiple (node:net:1134:18)
    at afterConnectMultiple (node:net:1715:7) {
  code: 'ECONNREFUSED',
  [errors]: [
    Error: connect ECONNREFUSED ::1:25566
        at createConnectionError (node:net:1678:14)
        at afterConnectMultiple (node:net:1708:16) {
      errno: -111,
      code: 'ECONNREFUSED',
      syscall: 'connect',
      address: '::1',
      port: 25566
    },
    Error: connect ECONNREFUSED 127.0.0.1:25566
        at createConnectionError (node:net:1678:14)
        at afterConnectMultiple (node:net:1708:16) {
      errno: -111,
      code: 'ECONNREFUSED',
      syscall: 'connect',
      address: '127.0.0.1',
      port: 25566
    }
  ]
}
[forge2] Error: 
[forge2] Disconnected
[forge2] Starting autonomous agent...
[forge2] Waiting for spawn...
AggregateError [ECONNREFUSED]: 
    at internalConnectMultiple (node:net:1134:18)
    at afterConnectMultiple (node:net:1715:7) {
  code: 'ECONNREFUSED',
  [errors]: [
    Error: connect ECONNREFUSED ::1:25566
        at createConnectionError (node:net:1678:14)
        at afterConnectMultiple (node:net:1708:16) {
      errno: -111,
      code: 'ECONNREFUSED',
      syscall: 'connect',
      address: '::1',
      port: 25566
    },
    Error: connect ECONNREFUSED 127.0.0.1:25566
        at createConnectionError (node:net:1678:14)
        at afterConnectMultiple (node:net:1708:16) {
      errno: -111,
      code: 'ECONNREFUSED',
      syscall: 'connect',
      address: '127.0.0.1',
      port: 25566
    }
  ]
}
[forge2] Error: 
[forge2] Disconnected
[forge2] Starting autonomous agent...
[forge2] Waiting for spawn...
AggregateError [ECONNREFUSED]: 
    at internalConnectMultiple (node:net:1134:18)
    at afterConnectMultiple (node:net:1715:7) {
  code: 'ECONNREFUSED',
  [errors]: [
    Error: connect ECONNREFUSED ::1:25566
        at createConnectionError (node:net:1678:14)
        at afterConnectMultiple (node:net:1708:16) {
      errno: -111,
      code: 'ECONNREFUSED',
      syscall: 'connect',
      address: '::1',
      port: 25566
    },
    Error: connect ECONNREFUSED 127.0.0.1:25566
        at createConnectionError (node:net:1678:14)
        at afterConnectMultiple (node:net:1708:16) {
      errno: -111,
      code: 'ECONNREFUSED',
      syscall: 'connect',
      address: '127.0.0.1',
      port: 25566
    }
  ]
}
[forge2] Error: 
[forge2] Disconnected
[forge2] Starting autonomous agent...
[forge2] Waiting for spawn...
AggregateError [ECONNREFUSED]: 
    at internalConnectMultiple (node:net:1134:18)
    at afterConnectMultiple (node:net:1715:7) {
  code: 'ECONNREFUSED',
  [errors]: [
    Error: connect ECONNREFUSED ::1:25566
        at createConnectionError (node:net:1678:14)
        at afterConnectMultiple (node:net:1708:16) {
      errno: -111,
      code: 'ECONNREFUSED',
      syscall: 'connect',
      address: '::1',
      port: 25566
    },
    Error: connect ECONNREFUSED 127.0.0.1:25566
        at createConnectionError (node:net:1678:14)
        at afterConnectMultiple (node:net:1708:16) {
      errno: -111,
      code: 'ECONNREFUSED',
      syscall: 'connect',
      address: '127.0.0.1',
      port: 25566
    }
  ]
}
[forge2] Error: 
[forge2] Disconnected
[forge2] Starting autonomous agent...
[forge2] Waiting for spawn...
AggregateError [ECONNREFUSED]: 
    at internalConnectMultiple (node:net:1134:18)
    at afterConnectMultiple (node:net:1715:7) {
  code: 'ECONNREFUSED',
  [errors]: [
    Error: connect ECONNREFUSED ::1:25566
        at createConnectionError (node:net:1678:14)
        at afterConnectMultiple (node:net:1708:16) {
      errno: -111,
      code: 'ECONNREFUSED',
      syscall: 'connect',
      address: '::1',
      port: 25566
    },
    Error: connect ECONNREFUSED 127.0.0.1:25566
        at createConnectionError (node:net:1678:14)
        at afterConnectMultiple (node:net:1708:16) {
      errno: -111,
      code: 'ECONNREFUSED',
      syscall: 'connect',
      address: '127.0.0.1',
      port: 25566
    }
  ]
}
[forge2] Error: 
[forge2] Disconnected
[forge2] Starting autonomous agent...
[forge2] Waiting for spawn...
AggregateError [ECONNREFUSED]: 
    at internalConnectMultiple (node:net:1134:18)
    at afterConnectMultiple (node:net:1715:7) {
  code: 'ECONNREFUSED',
  [errors]: [
    Error: connect ECONNREFUSED ::1:25566
        at createConnectionError (node:net:1678:14)
        at afterConnectMultiple (node:net:1708:16) {
      errno: -111,
      code: 'ECONNREFUSED',
      syscall: 'connect',
      address: '::1',
      port: 25566
    },
    Error: connect ECONNREFUSED 127.0.0.1:25566
        at createConnectionError (node:net:1678:14)
        at afterConnectMultiple (node:net:1708:16) {
      errno: -111,
      code: 'ECONNREFUSED',
      syscall: 'connect',
      address: '127.0.0.1',
      port: 25566
    }
  ]
}
[forge2] Error: 
[forge2] Disconnected
[forge2] Starting autonomous agent...
[forge2] Waiting for spawn...
AggregateError [ECONNREFUSED]: 
    at internalConnectMultiple (node:net:1134:18)
    at afterConnectMultiple (node:net:1715:7) {
  code: 'ECONNREFUSED',
  [errors]: [
    Error: connect ECONNREFUSED ::1:25566
        at createConnectionError (node:net:1678:14)
        at afterConnectMultiple (node:net:1708:16) {
      errno: -111,
      code: 'ECONNREFUSED',
      syscall: 'connect',
      address: '::1',
      port: 25566
    },
    Error: connect ECONNREFUSED 127.0.0.1:25566
        at createConnectionError (node:net:1678:14)
        at afterConnectMultiple (node:net:1708:16) {
      errno: -111,
      code: 'ECONNREFUSED',
      syscall: 'connect',
      address: '127.0.0.1',
      port: 25566
    }
  ]
}
[forge2] Error: 
[forge2] Disconnected
[forge2] Starting autonomous agent...
[forge2] Waiting for spawn...
AggregateError [ECONNREFUSED]: 
    at internalConnectMultiple (node:net:1134:18)
    at afterConnectMultiple (node:net:1715:7) {
  code: 'ECONNREFUSED',
  [errors]: [
    Error: connect ECONNREFUSED ::1:25566
        at createConnectionError (node:net:1678:14)
        at afterConnectMultiple (node:net:1708:16) {
      errno: -111,
      code: 'ECONNREFUSED',
      syscall: 'connect',
      address: '::1',
      port: 25566
    },
    Error: connect ECONNREFUSED 127.0.0.1:25566
        at createConnectionError (node:net:1678:14)
        at afterConnectMultiple (node:net:1708:16) {
      errno: -111,
      code: 'ECONNREFUSED',
      syscall: 'connect',
      address: '127.0.0.1',
      port: 25566
    }
  ]
}
[forge2] Error: 
[forge2] Disconnected
[forge2] Starting autonomous agent...
[forge2] Waiting for spawn...
AggregateError [ETIMEDOUT]: 
    at internalConnectMultiple (node:net:1134:18)
    at afterConnectMultiple (node:net:1715:7) {
  code: 'ETIMEDOUT',
  [errors]: [
    Error: connect ETIMEDOUT ::1:25566
        at createConnectionError (node:net:1678:14)
        at Timeout.internalConnectMultipleTimeout (node:net:1737:38)
        at listOnTimeout (node:internal/timers:587:11)
        at process.processTimers (node:internal/timers:521:7) {
      errno: -110,
      code: 'ETIMEDOUT',
      syscall: 'connect',
      address: '::1',
      port: 25566
    },
    Error: connect ECONNREFUSED 127.0.0.1:25566
        at createConnectionError (node:net:1678:14)
        at afterConnectMultiple (node:net:1708:16) {
      errno: -111,
      code: 'ECONNREFUSED',
      syscall: 'connect',
      address: '127.0.0.1',
      port: 25566
    }
  ]
}
[forge2] Error: 
[forge2] Disconnected
[forge2] Starting autonomous agent...
[forge2] Waiting for spawn...
AggregateError [ETIMEDOUT]: 
    at internalConnectMultiple (node:net:1134:18)
    at afterConnectMultiple (node:net:1715:7) {
  code: 'ETIMEDOUT',
  [errors]: [
    Error: connect ETIMEDOUT ::1:25566
        at createConnectionError (node:net:1678:14)
        at Timeout.internalConnectMultipleTimeout (node:net:1737:38)
        at listOnTimeout (node:internal/timers:587:11)
        at process.processTimers (node:internal/timers:521:7) {
      errno: -110,
      code: 'ETIMEDOUT',
      syscall: 'connect',
      address: '::1',
      port: 25566
    },
    Error: connect ECONNREFUSED 127.0.0.1:25566
        at createConnectionError (node:net:1678:14)
        at afterConnectMultiple (node:net:1708:16) {
      errno: -111,
      code: 'ECONNREFUSED',
      syscall: 'connect',
      address: '127.0.0.1',
      port: 25566
    }
  ]
}
[forge2] Error: 
[forge2] Disconnected
[forge2] Starting autonomous agent...
[forge2] Waiting for spawn...
AggregateError [ECONNREFUSED]: 
    at internalConnectMultiple (node:net:1134:18)
    at afterConnectMultiple (node:net:1715:7) {
  code: 'ECONNREFUSED',
  [errors]: [
    Error: connect ECONNREFUSED ::1:25566
        at createConnectionError (node:net:1678:14)
        at afterConnectMultiple (node:net:1708:16) {
      errno: -111,
      code: 'ECONNREFUSED',
      syscall: 'connect',
      address: '::1',
      port: 25566
    },
    Error: connect ECONNREFUSED 127.0.0.1:25566
        at createConnectionError (node:net:1678:14)
        at afterConnectMultiple (node:net:1708:16) {
      errno: -111,
      code: 'ECONNREFUSED',
      syscall: 'connect',
      address: '127.0.0.1',
      port: 25566
    }
  ]
}
[forge2] Error: 
[forge2] Disconnected
[forge2] Starting autonomous agent...
[forge2] Waiting for spawn...
AggregateError [ECONNREFUSED]: 
    at internalConnectMultiple (node:net:1134:18)
    at afterConnectMultiple (node:net:1715:7) {
  code: 'ECONNREFUSED',
  [errors]: [
    Error: connect ECONNREFUSED ::1:25566
        at createConnectionError (node:net:1678:14)
        at afterConnectMultiple (node:net:1708:16) {
      errno: -111,
      code: 'ECONNREFUSED',
      syscall: 'connect',
      address: '::1',
      port: 25566
    },
    Error: connect ECONNREFUSED 127.0.0.1:25566
        at createConnectionError (node:net:1678:14)
        at afterConnectMultiple (node:net:1708:16) {
      errno: -111,
      code: 'ECONNREFUSED',
      syscall: 'connect',
      address: '127.0.0.1',
      port: 25566
    }
  ]
}
[forge2] Error: 
[forge2] Disconnected
[forge2] Starting autonomous agent...
[forge2] Waiting for spawn...
AggregateError [ECONNREFUSED]: 
    at internalConnectMultiple (node:net:1134:18)
    at afterConnectMultiple (node:net:1715:7) {
  code: 'ECONNREFUSED',
  [errors]: [
    Error: connect ECONNREFUSED ::1:25566
        at createConnectionError (node:net:1678:14)
        at afterConnectMultiple (node:net:1708:16) {
      errno: -111,
      code: 'ECONNREFUSED',
      syscall: 'connect',
      address: '::1',
      port: 25566
    },
    Error: connect ECONNREFUSED 127.0.0.1:25566
        at createConnectionError (node:net:1678:14)
        at afterConnectMultiple (node:net:1708:16) {
      errno: -111,
      code: 'ECONNREFUSED',
      syscall: 'connect',
      address: '127.0.0.1',
      port: 25566
    }
  ]
}
[forge2] Error: 
[forge2] Disconnected
[forge2] Starting autonomous agent...
[forge2] Waiting for spawn...
AggregateError [ECONNREFUSED]: 
    at internalConnectMultiple (node:net:1134:18)
    at afterConnectMultiple (node:net:1715:7) {
  code: 'ECONNREFUSED',
  [errors]: [
    Error: connect ECONNREFUSED ::1:25566
        at createConnectionError (node:net:1678:14)
        at afterConnectMultiple (node:net:1708:16) {
      errno: -111,
      code: 'ECONNREFUSED',
      syscall: 'connect',
      address: '::1',
      port: 25566
    },
    Error: connect ECONNREFUSED 127.0.0.1:25566
        at createConnectionError (node:net:1678:14)
        at afterConnectMultiple (node:net:1708:16) {
      errno: -111,
      code: 'ECONNREFUSED',
      syscall: 'connect',
      address: '127.0.0.1',
      port: 25566
    }
  ]
}
[forge2] Error: 
[forge2] Disconnected
[forge2] Starting autonomous agent...
[forge2] Waiting for spawn...
AggregateError [ECONNREFUSED]: 
    at internalConnectMultiple (node:net:1134:18)
    at afterConnectMultiple (node:net:1715:7) {
  code: 'ECONNREFUSED',
  [errors]: [
    Error: connect ECONNREFUSED ::1:25566
        at createConnectionError (node:net:1678:14)
        at afterConnectMultiple (node:net:1708:16) {
      errno: -111,
      code: 'ECONNREFUSED',
      syscall: 'connect',
      address: '::1',
      port: 25566
    },
    Error: connect ECONNREFUSED 127.0.0.1:25566
        at createConnectionError (node:net:1678:14)
        at afterConnectMultiple (node:net:1708:16) {
      errno: -111,
      code: 'ECONNREFUSED',
      syscall: 'connect',
      address: '127.0.0.1',
      port: 25566
    }
  ]
}
[forge2] Error: 
[forge2] Disconnected
[forge2] Starting autonomous agent...
[forge2] Waiting for spawn...
AggregateError [ECONNREFUSED]: 
    at internalConnectMultiple (node:net:1134:18)
    at afterConnectMultiple (node:net:1715:7) {
  code: 'ECONNREFUSED',
  [errors]: [
    Error: connect ECONNREFUSED ::1:25566
        at createConnectionError (node:net:1678:14)
        at afterConnectMultiple (node:net:1708:16) {
      errno: -111,
      code: 'ECONNREFUSED',
      syscall: 'connect',
      address: '::1',
      port: 25566
    },
    Error: connect ECONNREFUSED 127.0.0.1:25566
        at createConnectionError (node:net:1678:14)
        at afterConnectMultiple (node:net:1708:16) {
      errno: -111,
      code: 'ECONNREFUSED',
      syscall: 'connect',
      address: '127.0.0.1',
      port: 25566
    }
  ]
}
[forge2] Error: 
[forge2] Disconnected
[forge2] Starting autonomous agent...
[forge2] Waiting for spawn...
AggregateError [ECONNREFUSED]: 
    at internalConnectMultiple (node:net:1134:18)
    at afterConnectMultiple (node:net:1715:7) {
  code: 'ECONNREFUSED',
  [errors]: [
    Error: connect ECONNREFUSED ::1:25566
        at createConnectionError (node:net:1678:14)
        at afterConnectMultiple (node:net:1708:16) {
      errno: -111,
      code: 'ECONNREFUSED',
      syscall: 'connect',
      address: '::1',
      port: 25566
    },
    Error: connect ECONNREFUSED 127.0.0.1:25566
        at createConnectionError (node:net:1678:14)
        at afterConnectMultiple (node:net:1708:16) {
      errno: -111,
      code: 'ECONNREFUSED',
      syscall: 'connect',
      address: '127.0.0.1',
      port: 25566
    }
  ]
}
[forge2] Error: 
[forge2] Disconnected
[forge2] Starting autonomous agent...
[forge2] Waiting for spawn...
AggregateError [ETIMEDOUT]: 
    at internalConnectMultiple (node:net:1134:18)
    at afterConnectMultiple (node:net:1715:7) {
  code: 'ETIMEDOUT',
  [errors]: [
    Error: connect ETIMEDOUT ::1:25566
        at createConnectionError (node:net:1678:14)
        at Timeout.internalConnectMultipleTimeout (node:net:1737:38)
        at listOnTimeout (node:internal/timers:587:11)
        at process.processTimers (node:internal/timers:521:7) {
      errno: -110,
      code: 'ETIMEDOUT',
      syscall: 'connect',
      address: '::1',
      port: 25566
    },
    Error: connect ECONNREFUSED 127.0.0.1:25566
        at createConnectionError (node:net:1678:14)
        at afterConnectMultiple (node:net:1708:16) {
      errno: -111,
      code: 'ECONNREFUSED',
      syscall: 'connect',
      address: '127.0.0.1',
      port: 25566
    }
  ]
}
[forge2] Error: 
[forge2] Disconnected
[forge2] Starting autonomous agent...
[forge2] Waiting for spawn...
AggregateError [ECONNREFUSED]: 
    at internalConnectMultiple (node:net:1134:18)
    at afterConnectMultiple (node:net:1715:7) {
  code: 'ECONNREFUSED',
  [errors]: [
    Error: connect ECONNREFUSED ::1:25566
        at createConnectionError (node:net:1678:14)
        at afterConnectMultiple (node:net:1708:16) {
      errno: -111,
      code: 'ECONNREFUSED',
      syscall: 'connect',
      address: '::1',
      port: 25566
    },
    Error: connect ECONNREFUSED 127.0.0.1:25566
        at createConnectionError (node:net:1678:14)
        at afterConnectMultiple (node:net:1708:16) {
      errno: -111,
      code: 'ECONNREFUSED',
      syscall: 'connect',
      address: '127.0.0.1',
      port: 25566
    }
  ]
}
[forge2] Error: 
[forge2] Disconnected
[forge2] Starting autonomous agent...
[forge2] Waiting for spawn...
AggregateError [ECONNREFUSED]: 
    at internalConnectMultiple (node:net:1134:18)
    at afterConnectMultiple (node:net:1715:7) {
  code: 'ECONNREFUSED',
  [errors]: [
    Error: connect ECONNREFUSED ::1:25566
        at createConnectionError (node:net:1678:14)
        at afterConnectMultiple (node:net:1708:16) {
      errno: -111,
      code: 'ECONNREFUSED',
      syscall: 'connect',
      address: '::1',
      port: 25566
    },
    Error: connect ECONNREFUSED 127.0.0.1:25566
        at createConnectionError (node:net:1678:14)
        at afterConnectMultiple (node:net:1708:16) {
      errno: -111,
      code: 'ECONNREFUSED',
      syscall: 'connect',
      address: '127.0.0.1',
      port: 25566
    }
  ]
}
[forge2] Error: 
[forge2] Disconnected
[forge2] Starting autonomous agent...
[forge2] Waiting for spawn...
AggregateError [ECONNREFUSED]: 
    at internalConnectMultiple (node:net:1134:18)
    at afterConnectMultiple (node:net:1715:7) {
  code: 'ECONNREFUSED',
  [errors]: [
    Error: connect ECONNREFUSED ::1:25566
        at createConnectionError (node:net:1678:14)
        at afterConnectMultiple (node:net:1708:16) {
      errno: -111,
      code: 'ECONNREFUSED',
      syscall: 'connect',
      address: '::1',
      port: 25566
    },
    Error: connect ECONNREFUSED 127.0.0.1:25566
        at createConnectionError (node:net:1678:14)
        at afterConnectMultiple (node:net:1708:16) {
      errno: -111,
      code: 'ECONNREFUSED',
      syscall: 'connect',
      address: '127.0.0.1',
      port: 25566
    }
  ]
}
[forge2] Error: 
[forge2] Disconnected
[forge2] Starting autonomous agent...
[forge2] Waiting for spawn...
AggregateError [ECONNREFUSED]: 
    at internalConnectMultiple (node:net:1134:18)
    at afterConnectMultiple (node:net:1715:7) {
  code: 'ECONNREFUSED',
  [errors]: [
    Error: connect ECONNREFUSED ::1:25566
        at createConnectionError (node:net:1678:14)
        at afterConnectMultiple (node:net:1708:16) {
      errno: -111,
      code: 'ECONNREFUSED',
      syscall: 'connect',
      address: '::1',
      port: 25566
    },
    Error: connect ECONNREFUSED 127.0.0.1:25566
        at createConnectionError (node:net:1678:14)
        at afterConnectMultiple (node:net:1708:16) {
      errno: -111,
      code: 'ECONNREFUSED',
      syscall: 'connect',
      address: '127.0.0.1',
      port: 25566
    }
  ]
}
[forge2] Error: 
[forge2] Disconnected
[forge2] Starting autonomous agent...
[forge2] Waiting for spawn...
AggregateError [ECONNREFUSED]: 
    at internalConnectMultiple (node:net:1134:18)
    at afterConnectMultiple (node:net:1715:7) {
  code: 'ECONNREFUSED',
  [errors]: [
    Error: connect ECONNREFUSED ::1:25566
        at createConnectionError (node:net:1678:14)
        at afterConnectMultiple (node:net:1708:16) {
      errno: -111,
      code: 'ECONNREFUSED',
      syscall: 'connect',
      address: '::1',
      port: 25566
    },
    Error: connect ECONNREFUSED 127.0.0.1:25566
        at createConnectionError (node:net:1678:14)
        at afterConnectMultiple (node:net:1708:16) {
      errno: -111,
      code: 'ECONNREFUSED',
      syscall: 'connect',
      address: '127.0.0.1',
      port: 25566
    }
  ]
}
[forge2] Error: 
[forge2] Disconnected
[forge2] Starting autonomous agent...
[forge2] Waiting for spawn...
AggregateError [ECONNREFUSED]: 
    at internalConnectMultiple (node:net:1134:18)
    at afterConnectMultiple (node:net:1715:7) {
  code: 'ECONNREFUSED',
  [errors]: [
    Error: connect ECONNREFUSED ::1:25566
        at createConnectionError (node:net:1678:14)
        at afterConnectMultiple (node:net:1708:16) {
      errno: -111,
      code: 'ECONNREFUSED',
      syscall: 'connect',
      address: '::1',
      port: 25566
    },
    Error: connect ECONNREFUSED 127.0.0.1:25566
        at createConnectionError (node:net:1678:14)
        at afterConnectMultiple (node:net:1708:16) {
      errno: -111,
      code: 'ECONNREFUSED',
      syscall: 'connect',
      address: '127.0.0.1',
      port: 25566
    }
  ]
}
[forge2] Error: 
[forge2] Disconnected
[forge2] Starting autonomous agent...
[forge2] Waiting for spawn...
AggregateError [ECONNREFUSED]: 
    at internalConnectMultiple (node:net:1134:18)
    at afterConnectMultiple (node:net:1715:7) {
  code: 'ECONNREFUSED',
  [errors]: [
    Error: connect ECONNREFUSED ::1:25566
        at createConnectionError (node:net:1678:14)
        at afterConnectMultiple (node:net:1708:16) {
      errno: -111,
      code: 'ECONNREFUSED',
      syscall: 'connect',
      address: '::1',
      port: 25566
    },
    Error: connect ECONNREFUSED 127.0.0.1:25566
        at createConnectionError (node:net:1678:14)
        at afterConnectMultiple (node:net:1708:16) {
      errno: -111,
      code: 'ECONNREFUSED',
      syscall: 'connect',
      address: '127.0.0.1',
      port: 25566
    }
  ]
}
[forge2] Error: 
[forge2] Disconnected
[forge2] Starting autonomous agent...
[forge2] Waiting for spawn...
AggregateError [ECONNREFUSED]: 
    at internalConnectMultiple (node:net:1134:18)
    at afterConnectMultiple (node:net:1715:7) {
  code: 'ECONNREFUSED',
  [errors]: [
    Error: connect ECONNREFUSED ::1:25566
        at createConnectionError (node:net:1678:14)
        at afterConnectMultiple (node:net:1708:16) {
      errno: -111,
      code: 'ECONNREFUSED',
      syscall: 'connect',
      address: '::1',
      port: 25566
    },
    Error: connect ECONNREFUSED 127.0.0.1:25566
        at createConnectionError (node:net:1678:14)
        at afterConnectMultiple (node:net:1708:16) {
      errno: -111,
      code: 'ECONNREFUSED',
      syscall: 'connect',
      address: '127.0.0.1',
      port: 25566
    }
  ]
}
[forge2] Error: 
[forge2] Disconnected
[forge2] Starting autonomous agent...
[forge2] Waiting for spawn...
AggregateError [ECONNREFUSED]: 
    at internalConnectMultiple (node:net:1134:18)
    at afterConnectMultiple (node:net:1715:7) {
  code: 'ECONNREFUSED',
  [errors]: [
    Error: connect ECONNREFUSED ::1:25566
        at createConnectionError (node:net:1678:14)
        at afterConnectMultiple (node:net:1708:16) {
      errno: -111,
      code: 'ECONNREFUSED',
      syscall: 'connect',
      address: '::1',
      port: 25566
    },
    Error: connect ECONNREFUSED 127.0.0.1:25566
        at createConnectionError (node:net:1678:14)
        at afterConnectMultiple (node:net:1708:16) {
      errno: -111,
      code: 'ECONNREFUSED',
      syscall: 'connect',
      address: '127.0.0.1',
      port: 25566
    }
  ]
}
[forge2] Error: 
[forge2] Disconnected
[forge2] Starting autonomous agent...
[forge2] Waiting for spawn...
AggregateError [ECONNREFUSED]: 
    at internalConnectMultiple (node:net:1134:18)
    at afterConnectMultiple (node:net:1715:7) {
  code: 'ECONNREFUSED',
  [errors]: [
    Error: connect ECONNREFUSED ::1:25566
        at createConnectionError (node:net:1678:14)
        at afterConnectMultiple (node:net:1708:16) {
      errno: -111,
      code: 'ECONNREFUSED',
      syscall: 'connect',
      address: '::1',
      port: 25566
    },
    Error: connect ECONNREFUSED 127.0.0.1:25566
        at createConnectionError (node:net:1678:14)
        at afterConnectMultiple (node:net:1708:16) {
      errno: -111,
      code: 'ECONNREFUSED',
      syscall: 'connect',
      address: '127.0.0.1',
      port: 25566
    }
  ]
}
[forge2] Error: 
[forge2] Disconnected
[forge2] Starting autonomous agent...
[forge2] Waiting for spawn...
AggregateError [ECONNREFUSED]: 
    at internalConnectMultiple (node:net:1134:18)
    at afterConnectMultiple (node:net:1715:7) {
  code: 'ECONNREFUSED',
  [errors]: [
    Error: connect ECONNREFUSED ::1:25566
        at createConnectionError (node:net:1678:14)
        at afterConnectMultiple (node:net:1708:16) {
      errno: -111,
      code: 'ECONNREFUSED',
      syscall: 'connect',
      address: '::1',
      port: 25566
    },
    Error: connect ECONNREFUSED 127.0.0.1:25566
        at createConnectionError (node:net:1678:14)
        at afterConnectMultiple (node:net:1708:16) {
      errno: -111,
      code: 'ECONNREFUSED',
      syscall: 'connect',
      address: '127.0.0.1',
      port: 25566
    }
  ]
}
[forge2] Error: 
[forge2] Disconnected
[forge2] Starting autonomous agent...
[forge2] Waiting for spawn...
AggregateError [ETIMEDOUT]: 
    at internalConnectMultiple (node:net:1134:18)
    at afterConnectMultiple (node:net:1715:7) {
  code: 'ETIMEDOUT',
  [errors]: [
    Error: connect ETIMEDOUT ::1:25566
        at createConnectionError (node:net:1678:14)
        at Timeout.internalConnectMultipleTimeout (node:net:1737:38)
        at listOnTimeout (node:internal/timers:587:11)
        at process.processTimers (node:internal/timers:521:7) {
      errno: -110,
      code: 'ETIMEDOUT',
      syscall: 'connect',
      address: '::1',
      port: 25566
    },
    Error: connect ECONNREFUSED 127.0.0.1:25566
        at createConnectionError (node:net:1678:14)
        at afterConnectMultiple (node:net:1708:16) {
      errno: -111,
      code: 'ECONNREFUSED',
      syscall: 'connect',
      address: '127.0.0.1',
      port: 25566
    }
  ]
}
[forge2] Error: 
[forge2] Disconnected
[forge2] Starting autonomous agent...
[forge2] Waiting for spawn...
AggregateError [ETIMEDOUT]: 
    at internalConnectMultiple (node:net:1134:18)
    at afterConnectMultiple (node:net:1715:7) {
  code: 'ETIMEDOUT',
  [errors]: [
    Error: connect ETIMEDOUT ::1:25566
        at createConnectionError (node:net:1678:14)
        at Timeout.internalConnectMultipleTimeout (node:net:1737:38)
        at listOnTimeout (node:internal/timers:587:11)
        at process.processTimers (node:internal/timers:521:7) {
      errno: -110,
      code: 'ETIMEDOUT',
      syscall: 'connect',
      address: '::1',
      port: 25566
    },
    Error: connect ECONNREFUSED 127.0.0.1:25566
        at createConnectionError (node:net:1678:14)
        at afterConnectMultiple (node:net:1708:16) {
      errno: -111,
      code: 'ECONNREFUSED',
      syscall: 'connect',
      address: '127.0.0.1',
      port: 25566
    }
  ]
}
[forge2] Error: 
[forge2] Disconnected
[forge2] Starting autonomous agent...
[forge2] Waiting for spawn...
AggregateError [ECONNREFUSED]: 
    at internalConnectMultiple (node:net:1134:18)
    at afterConnectMultiple (node:net:1715:7) {
  code: 'ECONNREFUSED',
  [errors]: [
    Error: connect ECONNREFUSED ::1:25566
        at createConnectionError (node:net:1678:14)
        at afterConnectMultiple (node:net:1708:16) {
      errno: -111,
      code: 'ECONNREFUSED',
      syscall: 'connect',
      address: '::1',
      port: 25566
    },
    Error: connect ECONNREFUSED 127.0.0.1:25566
        at createConnectionError (node:net:1678:14)
        at afterConnectMultiple (node:net:1708:16) {
      errno: -111,
      code: 'ECONNREFUSED',
      syscall: 'connect',
      address: '127.0.0.1',
      port: 25566
    }
  ]
}
[forge2] Error: 
[forge2] Disconnected
[forge2] Starting autonomous agent...
[forge2] Waiting for spawn...
AggregateError [ETIMEDOUT]: 
    at internalConnectMultiple (node:net:1134:18)
    at afterConnectMultiple (node:net:1715:7) {
  code: 'ETIMEDOUT',
  [errors]: [
    Error: connect ETIMEDOUT ::1:25566
        at createConnectionError (node:net:1678:14)
        at Timeout.internalConnectMultipleTimeout (node:net:1737:38)
        at listOnTimeout (node:internal/timers:587:11)
        at process.processTimers (node:internal/timers:521:7) {
      errno: -110,
      code: 'ETIMEDOUT',
      syscall: 'connect',
      address: '::1',
      port: 25566
    },
    Error: connect ECONNREFUSED 127.0.0.1:25566
        at createConnectionError (node:net:1678:14)
        at afterConnectMultiple (node:net:1708:16) {
      errno: -111,
      code: 'ECONNREFUSED',
      syscall: 'connect',
      address: '127.0.0.1',
      port: 25566
    }
  ]
}
[forge2] Error: 
[forge2] Disconnected
[forge2] Starting autonomous agent...
[forge2] Waiting for spawn...
AggregateError [ECONNREFUSED]: 
    at internalConnectMultiple (node:net:1134:18)
    at afterConnectMultiple (node:net:1715:7) {
  code: 'ECONNREFUSED',
  [errors]: [
    Error: connect ECONNREFUSED ::1:25566
        at createConnectionError (node:net:1678:14)
        at afterConnectMultiple (node:net:1708:16) {
      errno: -111,
      code: 'ECONNREFUSED',
      syscall: 'connect',
      address: '::1',
      port: 25566
    },
    Error: connect ECONNREFUSED 127.0.0.1:25566
        at createConnectionError (node:net:1678:14)
        at afterConnectMultiple (node:net:1708:16) {
      errno: -111,
      code: 'ECONNREFUSED',
      syscall: 'connect',
      address: '127.0.0.1',
      port: 25566
    }
  ]
}
[forge2] Error: 
[forge2] Disconnected
[forge2] Starting autonomous agent...
[forge2] Waiting for spawn...
AggregateError [ETIMEDOUT]: 
    at internalConnectMultiple (node:net:1134:18)
    at afterConnectMultiple (node:net:1715:7) {
  code: 'ETIMEDOUT',
  [errors]: [
    Error: connect ETIMEDOUT ::1:25566
        at createConnectionError (node:net:1678:14)
        at Timeout.internalConnectMultipleTimeout (node:net:1737:38)
        at listOnTimeout (node:internal/timers:587:11)
        at process.processTimers (node:internal/timers:521:7) {
      errno: -110,
      code: 'ETIMEDOUT',
      syscall: 'connect',
      address: '::1',
      port: 25566
    },
    Error: connect ECONNREFUSED 127.0.0.1:25566
        at createConnectionError (node:net:1678:14)
        at afterConnectMultiple (node:net:1708:16) {
      errno: -111,
      code: 'ECONNREFUSED',
      syscall: 'connect',
      address: '127.0.0.1',
      port: 25566
    }
  ]
}
[forge2] Error: 
[forge2] Disconnected
[forge2] Starting autonomous agent...
[forge2] Waiting for spawn...
AggregateError [ECONNREFUSED]: 
    at internalConnectMultiple (node:net:1134:18)
    at afterConnectMultiple (node:net:1715:7) {
  code: 'ECONNREFUSED',
  [errors]: [
    Error: connect ECONNREFUSED ::1:25566
        at createConnectionError (node:net:1678:14)
        at afterConnectMultiple (node:net:1708:16) {
      errno: -111,
      code: 'ECONNREFUSED',
      syscall: 'connect',
      address: '::1',
      port: 25566
    },
    Error: connect ECONNREFUSED 127.0.0.1:25566
        at createConnectionError (node:net:1678:14)
        at afterConnectMultiple (node:net:1708:16) {
      errno: -111,
      code: 'ECONNREFUSED',
      syscall: 'connect',
      address: '127.0.0.1',
      port: 25566
    }
  ]
}
[forge2] Error: 
[forge2] Disconnected
[forge2] Starting autonomous agent...
[forge2] Waiting for spawn...
AggregateError [ECONNREFUSED]: 
    at internalConnectMultiple (node:net:1134:18)
    at afterConnectMultiple (node:net:1715:7) {
  code: 'ECONNREFUSED',
  [errors]: [
    Error: connect ECONNREFUSED ::1:25566
        at createConnectionError (node:net:1678:14)
        at afterConnectMultiple (node:net:1708:16) {
      errno: -111,
      code: 'ECONNREFUSED',
      syscall: 'connect',
      address: '::1',
      port: 25566
    },
    Error: connect ECONNREFUSED 127.0.0.1:25566
        at createConnectionError (node:net:1678:14)
        at afterConnectMultiple (node:net:1708:16) {
      errno: -111,
      code: 'ECONNREFUSED',
      syscall: 'connect',
      address: '127.0.0.1',
      port: 25566
    }
  ]
}
[forge2] Error: 
[forge2] Disconnected
[forge2] Starting autonomous agent...
[forge2] Waiting for spawn...
AggregateError [ECONNREFUSED]: 
    at internalConnectMultiple (node:net:1134:18)
    at afterConnectMultiple (node:net:1715:7) {
  code: 'ECONNREFUSED',
  [errors]: [
    Error: connect ECONNREFUSED ::1:25566
        at createConnectionError (node:net:1678:14)
        at afterConnectMultiple (node:net:1708:16) {
      errno: -111,
      code: 'ECONNREFUSED',
      syscall: 'connect',
      address: '::1',
      port: 25566
    },
    Error: connect ECONNREFUSED 127.0.0.1:25566
        at createConnectionError (node:net:1678:14)
        at afterConnectMultiple (node:net:1708:16) {
      errno: -111,
      code: 'ECONNREFUSED',
      syscall: 'connect',
      address: '127.0.0.1',
      port: 25566
    }
  ]
}
[forge2] Error: 
[forge2] Disconnected
[forge2] Starting autonomous agent...
[forge2] Waiting for spawn...
AggregateError [ECONNREFUSED]: 
    at internalConnectMultiple (node:net:1134:18)
    at afterConnectMultiple (node:net:1715:7) {
  code: 'ECONNREFUSED',
  [errors]: [
    Error: connect ECONNREFUSED ::1:25566
        at createConnectionError (node:net:1678:14)
        at afterConnectMultiple (node:net:1708:16) {
      errno: -111,
      code: 'ECONNREFUSED',
      syscall: 'connect',
      address: '::1',
      port: 25566
    },
    Error: connect ECONNREFUSED 127.0.0.1:25566
        at createConnectionError (node:net:1678:14)
        at afterConnectMultiple (node:net:1708:16) {
      errno: -111,
      code: 'ECONNREFUSED',
      syscall: 'connect',
      address: '127.0.0.1',
      port: 25566
    }
  ]
}
[forge2] Error: 
[forge2] Disconnected
[forge2] Starting autonomous agent...
[forge2] Waiting for spawn...
AggregateError [ECONNREFUSED]: 
    at internalConnectMultiple (node:net:1134:18)
    at afterConnectMultiple (node:net:1715:7) {
  code: 'ECONNREFUSED',
  [errors]: [
    Error: connect ECONNREFUSED ::1:25566
        at createConnectionError (node:net:1678:14)
        at afterConnectMultiple (node:net:1708:16) {
      errno: -111,
      code: 'ECONNREFUSED',
      syscall: 'connect',
      address: '::1',
      port: 25566
    },
    Error: connect ECONNREFUSED 127.0.0.1:25566
        at createConnectionError (node:net:1678:14)
        at afterConnectMultiple (node:net:1708:16) {
      errno: -111,
      code: 'ECONNREFUSED',
      syscall: 'connect',
      address: '127.0.0.1',
      port: 25566
    }
  ]
}
[forge2] Error: 
[forge2] Disconnected
[forge2] Starting autonomous agent...
[forge2] Waiting for spawn...
AggregateError [ECONNREFUSED]: 
    at internalConnectMultiple (node:net:1134:18)
    at afterConnectMultiple (node:net:1715:7) {
  code: 'ECONNREFUSED',
  [errors]: [
    Error: connect ECONNREFUSED ::1:25566
        at createConnectionError (node:net:1678:14)
        at afterConnectMultiple (node:net:1708:16) {
      errno: -111,
      code: 'ECONNREFUSED',
      syscall: 'connect',
      address: '::1',
      port: 25566
    },
    Error: connect ECONNREFUSED 127.0.0.1:25566
        at createConnectionError (node:net:1678:14)
        at afterConnectMultiple (node:net:1708:16) {
      errno: -111,
      code: 'ECONNREFUSED',
      syscall: 'connect',
      address: '127.0.0.1',
      port: 25566
    }
  ]
}
[forge2] Error: 
[forge2] Disconnected
[forge2] Starting autonomous agent...
[forge2] Waiting for spawn...
AggregateError [ECONNREFUSED]: 
    at internalConnectMultiple (node:net:1134:18)
    at afterConnectMultiple (node:net:1715:7) {
  code: 'ECONNREFUSED',
  [errors]: [
    Error: connect ECONNREFUSED ::1:25566
        at createConnectionError (node:net:1678:14)
        at afterConnectMultiple (node:net:1708:16) {
      errno: -111,
      code: 'ECONNREFUSED',
      syscall: 'connect',
      address: '::1',
      port: 25566
    },
    Error: connect ECONNREFUSED 127.0.0.1:25566
        at createConnectionError (node:net:1678:14)
        at afterConnectMultiple (node:net:1708:16) {
      errno: -111,
      code: 'ECONNREFUSED',
      syscall: 'connect',
      address: '127.0.0.1',
      port: 25566
    }
  ]
}
[forge2] Error: 
[forge2] Disconnected
[forge2] Starting autonomous agent...
[forge2] Waiting for spawn...
AggregateError [ECONNREFUSED]: 
    at internalConnectMultiple (node:net:1134:18)
    at afterConnectMultiple (node:net:1715:7) {
  code: 'ECONNREFUSED',
  [errors]: [
    Error: connect ECONNREFUSED ::1:25566
        at createConnectionError (node:net:1678:14)
        at afterConnectMultiple (node:net:1708:16) {
      errno: -111,
      code: 'ECONNREFUSED',
      syscall: 'connect',
      address: '::1',
      port: 25566
    },
    Error: connect ECONNREFUSED 127.0.0.1:25566
        at createConnectionError (node:net:1678:14)
        at afterConnectMultiple (node:net:1708:16) {
      errno: -111,
      code: 'ECONNREFUSED',
      syscall: 'connect',
      address: '127.0.0.1',
      port: 25566
    }
  ]
}
[forge2] Error: 
[forge2] Disconnected
[forge2] Starting autonomous agent...
[forge2] Waiting for spawn...
AggregateError [ECONNREFUSED]: 
    at internalConnectMultiple (node:net:1134:18)
    at afterConnectMultiple (node:net:1715:7) {
  code: 'ECONNREFUSED',
  [errors]: [
    Error: connect ECONNREFUSED ::1:25566
        at createConnectionError (node:net:1678:14)
        at afterConnectMultiple (node:net:1708:16) {
      errno: -111,
      code: 'ECONNREFUSED',
      syscall: 'connect',
      address: '::1',
      port: 25566
    },
    Error: connect ECONNREFUSED 127.0.0.1:25566
        at createConnectionError (node:net:1678:14)
        at afterConnectMultiple (node:net:1708:16) {
      errno: -111,
      code: 'ECONNREFUSED',
      syscall: 'connect',
      address: '127.0.0.1',
      port: 25566
    }
  ]
}
[forge2] Error: 
[forge2] Disconnected
[forge2] Starting autonomous agent...
[forge2] Waiting for spawn...
AggregateError [ETIMEDOUT]: 
    at internalConnectMultiple (node:net:1134:18)
    at afterConnectMultiple (node:net:1715:7) {
  code: 'ETIMEDOUT',
  [errors]: [
    Error: connect ETIMEDOUT ::1:25566
        at createConnectionError (node:net:1678:14)
        at Timeout.internalConnectMultipleTimeout (node:net:1737:38)
        at listOnTimeout (node:internal/timers:587:11)
        at process.processTimers (node:internal/timers:521:7) {
      errno: -110,
      code: 'ETIMEDOUT',
      syscall: 'connect',
      address: '::1',
      port: 25566
    },
    Error: connect ECONNREFUSED 127.0.0.1:25566
        at createConnectionError (node:net:1678:14)
        at afterConnectMultiple (node:net:1708:16) {
      errno: -111,
      code: 'ECONNREFUSED',
      syscall: 'connect',
      address: '127.0.0.1',
      port: 25566
    }
  ]
}
[forge2] Error: 
[forge2] Disconnected
[forge2] Starting autonomous agent...
[forge2] Waiting for spawn...
AggregateError [ECONNREFUSED]: 
    at internalConnectMultiple (node:net:1134:18)
    at afterConnectMultiple (node:net:1715:7) {
  code: 'ECONNREFUSED',
  [errors]: [
    Error: connect ECONNREFUSED ::1:25566
        at createConnectionError (node:net:1678:14)
        at afterConnectMultiple (node:net:1708:16) {
      errno: -111,
      code: 'ECONNREFUSED',
      syscall: 'connect',
      address: '::1',
      port: 25566
    },
    Error: connect ECONNREFUSED 127.0.0.1:25566
        at createConnectionError (node:net:1678:14)
        at afterConnectMultiple (node:net:1708:16) {
      errno: -111,
      code: 'ECONNREFUSED',
      syscall: 'connect',
      address: '127.0.0.1',
      port: 25566
    }
  ]
}
[forge2] Error: 
[forge2] Disconnected
[forge2] Starting autonomous agent...
[forge2] Waiting for spawn...
AggregateError [ECONNREFUSED]: 
    at internalConnectMultiple (node:net:1134:18)
    at afterConnectMultiple (node:net:1715:7) {
  code: 'ECONNREFUSED',
  [errors]: [
    Error: connect ECONNREFUSED ::1:25566
        at createConnectionError (node:net:1678:14)
        at afterConnectMultiple (node:net:1708:16) {
      errno: -111,
      code: 'ECONNREFUSED',
      syscall: 'connect',
      address: '::1',
      port: 25566
    },
    Error: connect ECONNREFUSED 127.0.0.1:25566
        at createConnectionError (node:net:1678:14)
        at afterConnectMultiple (node:net:1708:16) {
      errno: -111,
      code: 'ECONNREFUSED',
      syscall: 'connect',
      address: '127.0.0.1',
      port: 25566
    }
  ]
}
[forge2] Error: 
[forge2] Disconnected
[forge2] Starting autonomous agent...
[forge2] Waiting for spawn...
AggregateError [ECONNREFUSED]: 
    at internalConnectMultiple (node:net:1134:18)
    at afterConnectMultiple (node:net:1715:7) {
  code: 'ECONNREFUSED',
  [errors]: [
    Error: connect ECONNREFUSED ::1:25566
        at createConnectionError (node:net:1678:14)
        at afterConnectMultiple (node:net:1708:16) {
      errno: -111,
      code: 'ECONNREFUSED',
      syscall: 'connect',
      address: '::1',
      port: 25566
    },
    Error: connect ECONNREFUSED 127.0.0.1:25566
        at createConnectionError (node:net:1678:14)
        at afterConnectMultiple (node:net:1708:16) {
      errno: -111,
      code: 'ECONNREFUSED',
      syscall: 'connect',
      address: '127.0.0.1',
      port: 25566
    }
  ]
}
[forge2] Error: 
[forge2] Disconnected
[forge2] Starting autonomous agent...
[forge2] Starting autonomous agent...
[forge2] Waiting for spawn...
[forge2] Waiting for spawn...
AggregateError [ECONNREFUSED]: 
    at internalConnectMultiple (node:net:1134:18)
    at afterConnectMultiple (node:net:1715:7) {
  code: 'ECONNREFUSED',
  [errors]: [
    Error: connect ECONNREFUSED ::1:25566
        at createConnectionError (node:net:1678:14)
        at afterConnectMultiple (node:net:1708:16) {
      errno: -111,
      code: 'ECONNREFUSED',
      syscall: 'connect',
      address: '::1',
      port: 25566
    },
    Error: connect ECONNREFUSED 127.0.0.1:25566
        at createConnectionError (node:net:1678:14)
        at afterConnectMultiple (node:net:1708:16) {
      errno: -111,
      code: 'ECONNREFUSED',
      syscall: 'connect',
      address: '127.0.0.1',
      port: 25566
    }
  ]
}
[forge2] Error: 
[forge2] Disconnected
AggregateError [ECONNREFUSED]: 
    at internalConnectMultiple (node:net:1134:18)
    at afterConnectMultiple (node:net:1715:7) {
  code: 'ECONNREFUSED',
  [errors]: [
    Error: connect ECONNREFUSED ::1:25566
        at createConnectionError (node:net:1678:14)
        at afterConnectMultiple (node:net:1708:16) {
      errno: -111,
      code: 'ECONNREFUSED',
      syscall: 'connect',
      address: '::1',
      port: 25566
    },
    Error: connect ECONNREFUSED 127.0.0.1:25566
        at createConnectionError (node:net:1678:14)
        at afterConnectMultiple (node:net:1708:16) {
      errno: -111,
      code: 'ECONNREFUSED',
      syscall: 'connect',
      address: '127.0.0.1',
      port: 25566
    }
  ]
}
[forge2] Error: 
[forge2] Disconnected
[forge2] Starting autonomous agent...
[forge2] Waiting for spawn...
AggregateError [ECONNREFUSED]: 
    at internalConnectMultiple (node:net:1134:18)
    at afterConnectMultiple (node:net:1715:7) {
  code: 'ECONNREFUSED',
  [errors]: [
    Error: connect ECONNREFUSED ::1:25566
        at createConnectionError (node:net:1678:14)
        at afterConnectMultiple (node:net:1708:16) {
      errno: -111,
      code: 'ECONNREFUSED',
      syscall: 'connect',
      address: '::1',
      port: 25566
    },
    Error: connect ECONNREFUSED 127.0.0.1:25566
        at createConnectionError (node:net:1678:14)
        at afterConnectMultiple (node:net:1708:16) {
      errno: -111,
      code: 'ECONNREFUSED',
      syscall: 'connect',
      address: '127.0.0.1',
      port: 25566
    }
  ]
}
[forge2] Error: 
[forge2] Disconnected
[forge2] Starting autonomous agent...
[forge2] Waiting for spawn...
AggregateError [ETIMEDOUT]: 
    at internalConnectMultiple (node:net:1134:18)
    at afterConnectMultiple (node:net:1715:7) {
  code: 'ETIMEDOUT',
  [errors]: [
    Error: connect ETIMEDOUT ::1:25566
        at createConnectionError (node:net:1678:14)
        at Timeout.internalConnectMultipleTimeout (node:net:1737:38)
        at listOnTimeout (node:internal/timers:587:11)
        at process.processTimers (node:internal/timers:521:7) {
      errno: -110,
      code: 'ETIMEDOUT',
      syscall: 'connect',
      address: '::1',
      port: 25566
    },
    Error: connect ECONNREFUSED 127.0.0.1:25566
        at createConnectionError (node:net:1678:14)
        at afterConnectMultiple (node:net:1708:16) {
      errno: -111,
      code: 'ECONNREFUSED',
      syscall: 'connect',
      address: '127.0.0.1',
      port: 25566
    }
  ]
}
[forge2] Error: 
[forge2] Disconnected
[forge2] Starting autonomous agent...
[forge2] Waiting for spawn...
AggregateError [ECONNREFUSED]: 
    at internalConnectMultiple (node:net:1134:18)
    at afterConnectMultiple (node:net:1715:7) {
  code: 'ECONNREFUSED',
  [errors]: [
    Error: connect ECONNREFUSED ::1:25566
        at createConnectionError (node:net:1678:14)
        at afterConnectMultiple (node:net:1708:16) {
      errno: -111,
      code: 'ECONNREFUSED',
      syscall: 'connect',
      address: '::1',
      port: 25566
    },
    Error: connect ECONNREFUSED 127.0.0.1:25566
        at createConnectionError (node:net:1678:14)
        at afterConnectMultiple (node:net:1708:16) {
      errno: -111,
      code: 'ECONNREFUSED',
      syscall: 'connect',
      address: '127.0.0.1',
      port: 25566
    }
  ]
}
[forge2] Error: 
[forge2] Disconnected
[forge2] Starting autonomous agent...
[forge2] Waiting for spawn...
AggregateError [ECONNREFUSED]: 
    at internalConnectMultiple (node:net:1134:18)
    at afterConnectMultiple (node:net:1715:7) {
  code: 'ECONNREFUSED',
  [errors]: [
    Error: connect ECONNREFUSED ::1:25566
        at createConnectionError (node:net:1678:14)
        at afterConnectMultiple (node:net:1708:16) {
      errno: -111,
      code: 'ECONNREFUSED',
      syscall: 'connect',
      address: '::1',
      port: 25566
    },
    Error: connect ECONNREFUSED 127.0.0.1:25566
        at createConnectionError (node:net:1678:14)
        at afterConnectMultiple (node:net:1708:16) {
      errno: -111,
      code: 'ECONNREFUSED',
      syscall: 'connect',
      address: '127.0.0.1',
      port: 25566
    }
  ]
}
[forge2] Error: 
[forge2] Disconnected
[forge2] Starting autonomous agent...
[forge2] Waiting for spawn...
AggregateError [ECONNREFUSED]: 
    at internalConnectMultiple (node:net:1134:18)
    at afterConnectMultiple (node:net:1715:7) {
  code: 'ECONNREFUSED',
  [errors]: [
    Error: connect ECONNREFUSED ::1:25566
        at createConnectionError (node:net:1678:14)
        at afterConnectMultiple (node:net:1708:16) {
      errno: -111,
      code: 'ECONNREFUSED',
      syscall: 'connect',
      address: '::1',
      port: 25566
    },
    Error: connect ECONNREFUSED 127.0.0.1:25566
        at createConnectionError (node:net:1678:14)
        at afterConnectMultiple (node:net:1708:16) {
      errno: -111,
      code: 'ECONNREFUSED',
      syscall: 'connect',
      address: '127.0.0.1',
      port: 25566
    }
  ]
}
[forge2] Error: 
[forge2] Disconnected
[forge2] Starting autonomous agent...
[forge2] Waiting for spawn...
AggregateError [ECONNREFUSED]: 
    at internalConnectMultiple (node:net:1134:18)
    at afterConnectMultiple (node:net:1715:7) {
  code: 'ECONNREFUSED',
  [errors]: [
    Error: connect ECONNREFUSED ::1:25566
        at createConnectionError (node:net:1678:14)
        at afterConnectMultiple (node:net:1708:16) {
      errno: -111,
      code: 'ECONNREFUSED',
      syscall: 'connect',
      address: '::1',
      port: 25566
    },
    Error: connect ECONNREFUSED 127.0.0.1:25566
        at createConnectionError (node:net:1678:14)
        at afterConnectMultiple (node:net:1708:16) {
      errno: -111,
      code: 'ECONNREFUSED',
      syscall: 'connect',
      address: '127.0.0.1',
      port: 25566
    }
  ]
}
[forge2] Error: 
[forge2] Disconnected
[forge2] Starting autonomous agent...
[forge2] Waiting for spawn...
AggregateError [ECONNREFUSED]: 
    at internalConnectMultiple (node:net:1134:18)
    at afterConnectMultiple (node:net:1715:7) {
  code: 'ECONNREFUSED',
  [errors]: [
    Error: connect ECONNREFUSED ::1:25566
        at createConnectionError (node:net:1678:14)
        at afterConnectMultiple (node:net:1708:16) {
      errno: -111,
      code: 'ECONNREFUSED',
      syscall: 'connect',
      address: '::1',
      port: 25566
    },
    Error: connect ECONNREFUSED 127.0.0.1:25566
        at createConnectionError (node:net:1678:14)
        at afterConnectMultiple (node:net:1708:16) {
      errno: -111,
      code: 'ECONNREFUSED',
      syscall: 'connect',
      address: '127.0.0.1',
      port: 25566
    }
  ]
}
[forge2] Error: 
[forge2] Disconnected
[forge2] Starting autonomous agent...
[forge2] Waiting for spawn...
AggregateError [ECONNREFUSED]: 
    at internalConnectMultiple (node:net:1134:18)
    at afterConnectMultiple (node:net:1715:7) {
  code: 'ECONNREFUSED',
  [errors]: [
    Error: connect ECONNREFUSED ::1:25566
        at createConnectionError (node:net:1678:14)
        at afterConnectMultiple (node:net:1708:16) {
      errno: -111,
      code: 'ECONNREFUSED',
      syscall: 'connect',
      address: '::1',
      port: 25566
    },
    Error: connect ECONNREFUSED 127.0.0.1:25566
        at createConnectionError (node:net:1678:14)
        at afterConnectMultiple (node:net:1708:16) {
      errno: -111,
      code: 'ECONNREFUSED',
      syscall: 'connect',
      address: '127.0.0.1',
      port: 25566
    }
  ]
}
[forge2] Error: 
[forge2] Disconnected
[forge2] Starting autonomous agent...
[forge2] Waiting for spawn...
AggregateError [ECONNREFUSED]: 
    at internalConnectMultiple (node:net:1134:18)
    at afterConnectMultiple (node:net:1715:7) {
  code: 'ECONNREFUSED',
  [errors]: [
    Error: connect ECONNREFUSED ::1:25566
        at createConnectionError (node:net:1678:14)
        at afterConnectMultiple (node:net:1708:16) {
      errno: -111,
      code: 'ECONNREFUSED',
      syscall: 'connect',
      address: '::1',
      port: 25566
    },
    Error: connect ECONNREFUSED 127.0.0.1:25566
        at createConnectionError (node:net:1678:14)
        at afterConnectMultiple (node:net:1708:16) {
      errno: -111,
      code: 'ECONNREFUSED',
      syscall: 'connect',
      address: '127.0.0.1',
      port: 25566
    }
  ]
}
[forge2] Error: 
[forge2] Disconnected
[forge2] Starting autonomous agent...
[forge2] Waiting for spawn...
[forge2] Disconnected
[forge2] Starting autonomous agent...
[forge2] Waiting for spawn...
[forge2] Disconnected
[forge2] Starting autonomous agent...
[forge2] Waiting for spawn...
AggregateError [ECONNREFUSED]: 
    at internalConnectMultiple (node:net:1134:18)
    at afterConnectMultiple (node:net:1715:7) {
  code: 'ECONNREFUSED',
  [errors]: [
    Error: connect ECONNREFUSED ::1:25565
        at createConnectionError (node:net:1678:14)
        at afterConnectMultiple (node:net:1708:16) {
      errno: -111,
      code: 'ECONNREFUSED',
      syscall: 'connect',
      address: '::1',
      port: 25565
    },
    Error: connect ECONNREFUSED 127.0.0.1:25565
        at createConnectionError (node:net:1678:14)
        at afterConnectMultiple (node:net:1708:16) {
      errno: -111,
      code: 'ECONNREFUSED',
      syscall: 'connect',
      address: '127.0.0.1',
      port: 25565
    }
  ]
}
[forge2] Error: 
[forge2] Disconnected
[forge2] Starting autonomous agent...
[forge2] Waiting for spawn...
[forge2] Disconnected
[forge2] Starting autonomous agent...
[forge2] Waiting for spawn...
[forge2] Starting autonomous agent...
[forge2] Chat: aurora: Agent aurora online!
[forge2] Waiting for spawn...
[forge2] ✅ Spawned in world at (-216.5, 64, -151.5)
[forge2] Connecting to Brain at ws://localhost:8767
[forge2] Chat: patricia2: Agent patricia2 online!
[forge2] ✅ Brain connected
[forge2] Brain command: registered
Error: client timed out after 30000 milliseconds
    at Timeout._onTimeout (/root/.openclaw/workspace/node_modules/minecraft-protocol/src/client/keepalive.js:18:28)
    at listOnTimeout (node:internal/timers:585:17)
    at process.processTimers (node:internal/timers:521:7)
[forge2] Error: client timed out after 30000 milliseconds
[forge2] Disconnected
Error: write EPIPE
    at afterWriteDispatched (node:internal/stream_base_commons:159:15)
    at writeGeneric (node:internal/stream_base_commons:150:3)
    at Socket._writeGeneric (node:net:966:11)
    at Socket._write (node:net:978:8)
    at writeOrBuffer (node:internal/streams/writable:572:12)
    at _write (node:internal/streams/writable:501:10)
    at Writable.write (node:internal/streams/writable:510:10)
    at Framer.ondata (/root/.openclaw/workspace/node_modules/readable-stream/lib/internal/streams/readable.js:707:22)
    at Framer.emit (node:events:519:28)
    at addChunk (/root/.openclaw/workspace/node_modules/readable-stream/lib/internal/streams/readable.js:323:12) {
  errno: -32,
  code: 'EPIPE',
  syscall: 'write'
}
[forge2] Error: write EPIPE
[forge2] Disconnected
[forge2] Starting autonomous agent...
[forge2] Waiting for spawn...
[forge2] Chat: patricia: Agent patricia online!
[forge2] ✅ Spawned in world at (-216.5, 64, -151.5)
[forge2] Connecting to Brain at ws://localhost:8767
[forge2] ✅ Brain connected
[forge2] Brain command: registered
Error: write EPIPE
    at afterWriteDispatched (node:internal/stream_base_commons:159:15)
    at writeGeneric (node:internal/stream_base_commons:150:3)
    at Socket._writeGeneric (node:net:966:11)
    at Socket._write (node:net:978:8)
    at writeOrBuffer (node:internal/streams/writable:572:12)
    at _write (node:internal/streams/writable:501:10)
    at Writable.write (node:internal/streams/writable:510:10)
    at Framer.ondata (/root/.openclaw/workspace/node_modules/readable-stream/lib/internal/streams/readable.js:707:22)
    at Framer.emit (node:events:519:28)
    at addChunk (/root/.openclaw/workspace/node_modules/readable-stream/lib/internal/streams/readable.js:323:12) {
  errno: -32,
  code: 'EPIPE',
  syscall: 'write'
}
[forge2] Error: write EPIPE
[forge2] Disconnected
[forge2] Starting autonomous agent...
[forge2] Waiting for spawn...
[forge2] Starting autonomous agent...
[forge2] Waiting for spawn...
[forge2] Disconnected
[forge2] Disconnected
[forge2] Starting autonomous agent...
[forge2] Waiting for spawn...
[forge2] Disconnected
[forge2] Starting autonomous agent...
[forge2] Waiting for spawn...
[forge2] ✅ Spawned in world at (-216.5, 64, -151.5)
[forge2] Connecting to Brain at ws://localhost:8767
[forge2] Chat: chelios2: Agent chelios2 online!
[forge2] ✅ Brain connected
[forge2] Brain command: registered
Error: write ECONNRESET
    at afterWriteDispatched (node:internal/stream_base_commons:159:15)
    at writeGeneric (node:internal/stream_base_commons:150:3)
    at Socket._writeGeneric (node:net:966:11)
    at Socket._write (node:net:978:8)
    at writeOrBuffer (node:internal/streams/writable:572:12)
    at _write (node:internal/streams/writable:501:10)
    at Writable.write (node:internal/streams/writable:510:10)
    at Framer.ondata (/root/.openclaw/workspace/node_modules/readable-stream/lib/internal/streams/readable.js:707:22)
    at Framer.emit (node:events:519:28)
    at addChunk (/root/.openclaw/workspace/node_modules/readable-stream/lib/internal/streams/readable.js:323:12) {
  errno: -104,
  code: 'ECONNRESET',
  syscall: 'write'
}
[forge2] Error: write ECONNRESET
[forge2] Disconnected
[forge2] Starting autonomous agent...
[forge2] Waiting for spawn...
[forge2] Disconnected
[forge2] Starting autonomous agent...
[forge2] Waiting for spawn...
[forge2] ✅ Spawned in world at (-216.5, 64, -151.5)
[forge2] Connecting to Brain at ws://localhost:8767
[forge2] ✅ Brain connected
[forge2] Brain command: registered
[forge2] Chat: patricia2: Agent patricia2 online!
Error: write EPIPE
    at afterWriteDispatched (node:internal/stream_base_commons:159:15)
    at writeGeneric (node:internal/stream_base_commons:150:3)
    at Socket._writeGeneric (node:net:966:11)
    at Socket._write (node:net:978:8)
    at writeOrBuffer (node:internal/streams/writable:572:12)
    at _write (node:internal/streams/writable:501:10)
    at Writable.write (node:internal/streams/writable:510:10)
    at Framer.ondata (/root/.openclaw/workspace/node_modules/readable-stream/lib/internal/streams/readable.js:707:22)
    at Framer.emit (node:events:519:28)
    at addChunk (/root/.openclaw/workspace/node_modules/readable-stream/lib/internal/streams/readable.js:323:12) {
  errno: -32,
  code: 'EPIPE',
  syscall: 'write'
}
[forge2] Error: write EPIPE
[forge2] Disconnected
[forge2] Starting autonomous agent...
[forge2] Waiting for spawn...
[forge2] ✅ Spawned in world at (-224.5, 61.47968352732894, -143.5916735104357)
[forge2] Connecting to Brain at ws://localhost:8767
[forge2] ✅ Brain connected
[forge2] Brain command: registered
[forge2] Chat: patricia2: Agent patricia2 online!
Error: write EPIPE
    at afterWriteDispatched (node:internal/stream_base_commons:159:15)
    at writeGeneric (node:internal/stream_base_commons:150:3)
    at Socket._writeGeneric (node:net:966:11)
    at Socket._write (node:net:978:8)
    at writeOrBuffer (node:internal/streams/writable:572:12)
    at _write (node:internal/streams/writable:501:10)
    at Writable.write (node:internal/streams/writable:510:10)
    at Framer.ondata (/root/.openclaw/workspace/node_modules/readable-stream/lib/internal/streams/readable.js:707:22)
    at Framer.emit (node:events:519:28)
    at addChunk (/root/.openclaw/workspace/node_modules/readable-stream/lib/internal/streams/readable.js:323:12) {
  errno: -32,
  code: 'EPIPE',
  syscall: 'write'
}
[forge2] Error: write EPIPE
[forge2] Disconnected
[forge2] Starting autonomous agent...
[forge2] Waiting for spawn...
[forge2] ✅ Spawned in world at (-226.5, 59.090111869143286, -147.49495810244295)
[forge2] Connecting to Brain at ws://localhost:8767
[forge2] ✅ Brain connected
[forge2] Brain command: registered
Error: write EPIPE
    at afterWriteDispatched (node:internal/stream_base_commons:159:15)
    at writeGeneric (node:internal/stream_base_commons:150:3)
    at Socket._writeGeneric (node:net:966:11)
    at Socket._write (node:net:978:8)
    at writeOrBuffer (node:internal/streams/writable:572:12)
    at _write (node:internal/streams/writable:501:10)
    at Writable.write (node:internal/streams/writable:510:10)
    at Framer.ondata (/root/.openclaw/workspace/node_modules/readable-stream/lib/internal/streams/readable.js:707:22)
    at Framer.emit (node:events:519:28)
    at addChunk (/root/.openclaw/workspace/node_modules/readable-stream/lib/internal/streams/readable.js:323:12) {
  errno: -32,
  code: 'EPIPE',
  syscall: 'write'
}
[forge2] Error: write EPIPE
[forge2] Disconnected
[forge2] Starting autonomous agent...
[forge2] Waiting for spawn...
[forge2] Disconnected
[forge2] Starting autonomous agent...
[forge2] Waiting for spawn...
[forge2] Chat: chelios2: Agent chelios2 online!
[forge2] ✅ Spawned in world at (-224.22722026987464, 61.9834541460264, -148.70309646781504)
[forge2] Connecting to Brain at ws://localhost:8767
[forge2] ✅ Brain connected
[forge2] Brain command: registered
Error: write EPIPE
    at afterWriteDispatched (node:internal/stream_base_commons:159:15)
    at writeGeneric (node:internal/stream_base_commons:150:3)
    at Socket._writeGeneric (node:net:966:11)
    at Socket._write (node:net:978:8)
    at writeOrBuffer (node:internal/streams/writable:572:12)
    at _write (node:internal/streams/writable:501:10)
    at Writable.write (node:internal/streams/writable:510:10)
    at Framer.ondata (/root/.openclaw/workspace/node_modules/readable-stream/lib/internal/streams/readable.js:707:22)
    at Framer.emit (node:events:519:28)
    at addChunk (/root/.openclaw/workspace/node_modules/readable-stream/lib/internal/streams/readable.js:323:12) {
  errno: -32,
  code: 'EPIPE',
  syscall: 'write'
}
[forge2] Error: write EPIPE
[forge2] Disconnected
[forge2] Starting autonomous agent...
[forge2] Waiting for spawn...
[forge2] ✅ Spawned in world at (-220.86656961375624, 63.125886799998334, -143.4997799021151)
[forge2] Connecting to Brain at ws://localhost:8767
[forge2] ✅ Brain connected
[forge2] Brain command: registered
Error: client timed out after 30000 milliseconds
    at Timeout._onTimeout (/root/.openclaw/workspace/node_modules/minecraft-protocol/src/client/keepalive.js:18:28)
    at listOnTimeout (node:internal/timers:585:17)
    at process.processTimers (node:internal/timers:521:7)
[forge2] Error: client timed out after 30000 milliseconds
[forge2] Disconnected
[forge2] Starting autonomous agent...
[forge2] Waiting for spawn...
[forge2] ✅ Spawned in world at (-220.59822251597686, 63, -134.5590953331152)
[forge2] Connecting to Brain at ws://localhost:8767
[forge2] ✅ Brain connected
[forge2] Brain command: registered
[forge2] Chat: chelios2: Agent chelios2 online!
[forge2] Starting autonomous agent...
[forge2] Chat: forge: Agent forge online!
[forge2] Waiting for spawn...
[forge2] Chat: patricia: Agent patricia online!
[forge2] Disconnected
[forge2] ✅ Spawned in world at (-247.69692007490096, 62, -181.5)
[forge2] Connecting to Brain at ws://localhost:8767
[forge2] ✅ Brain connected
[forge2] Brain command: registered
[forge2] Chat: patricia2: Agent patricia2 online!
[forge2] Starting autonomous agent...
Error: client timed out after 30000 milliseconds
    at Timeout._onTimeout (/root/.openclaw/workspace/node_modules/minecraft-protocol/src/client/keepalive.js:18:28)
    at listOnTimeout (node:internal/timers:585:17)
    at process.processTimers (node:internal/timers:521:7)
[forge2] Error: client timed out after 30000 milliseconds
[forge2] Disconnected
[forge2] Waiting for spawn...
[forge2] ✅ Spawned in world at (-240.97847162403627, 62.4810985071482, -141.42644486789607)
[forge2] Connecting to Brain at ws://localhost:8767
[forge2] Chat: aurora: Agent aurora online!
[forge2] ✅ Brain connected
[forge2] Brain command: registered
[forge2] Chat: chelios: Agent chelios online!
Error: write ECONNRESET
    at afterWriteDispatched (node:internal/stream_base_commons:159:15)
    at writeGeneric (node:internal/stream_base_commons:150:3)
    at Socket._writeGeneric (node:net:966:11)
    at Socket._write (node:net:978:8)
    at writeOrBuffer (node:internal/streams/writable:572:12)
    at _write (node:internal/streams/writable:501:10)
    at Writable.write (node:internal/streams/writable:510:10)
    at Framer.ondata (/root/.openclaw/workspace/node_modules/readable-stream/lib/internal/streams/readable.js:707:22)
    at Framer.emit (node:events:519:28)
    at addChunk (/root/.openclaw/workspace/node_modules/readable-stream/lib/internal/streams/readable.js:323:12) {
  errno: -104,
  code: 'ECONNRESET',
  syscall: 'write'
}
[forge2] Error: write ECONNRESET
[forge2] Disconnected
[forge2] Starting autonomous agent...
[forge2] Waiting for spawn...
[forge2] Disconnected
[forge2] Starting autonomous agent...
[forge2] Waiting for spawn...
[forge2] Disconnected
[forge2] Starting autonomous agent...
[forge2] Waiting for spawn...
[forge2] ✅ Spawned in world at (-236.30146114485018, 61.8965690589338, -145.70235538631462)
[forge2] Connecting to Brain at ws://localhost:8767
[forge2] ✅ Brain connected
[forge2] Brain command: registered
Error: write EPIPE
    at afterWriteDispatched (node:internal/stream_base_commons:159:15)
    at writeGeneric (node:internal/stream_base_commons:150:3)
    at Socket._writeGeneric (node:net:966:11)
    at Socket._write (node:net:978:8)
    at writeOrBuffer (node:internal/streams/writable:572:12)
    at _write (node:internal/streams/writable:501:10)
    at Writable.write (node:internal/streams/writable:510:10)
    at Framer.ondata (/root/.openclaw/workspace/node_modules/readable-stream/lib/internal/streams/readable.js:707:22)
    at Framer.emit (node:events:519:28)
    at addChunk (/root/.openclaw/workspace/node_modules/readable-stream/lib/internal/streams/readable.js:323:12) {
  errno: -32,
  code: 'EPIPE',
  syscall: 'write'
}
[forge2] Error: write EPIPE
[forge2] Disconnected
[forge2] Starting autonomous agent...
[forge2] Waiting for spawn...
[forge2] Disconnected
[forge2] Starting autonomous agent...
[forge2] Waiting for spawn...
[forge2] ✅ Spawned in world at (-233.18168806236838, 62.199445205790084, -141.17705845557455)
[forge2] Connecting to Brain at ws://localhost:8767
[forge2] ✅ Brain connected
[forge2] Brain command: registered
[forge2] Chat: chelios2: Agent chelios2 online!
[forge2] Starting autonomous agent...
[forge2] Waiting for spawn...
[forge2] Chat: forge: Agent forge online!
[forge2] Chat: patricia: Agent patricia online!
[forge2] Chat: chelios: Agent chelios online!
Error: read ECONNRESET
    at TCP.onStreamRead (node:internal/stream_base_commons:216:20) {
  errno: -104,
  code: 'ECONNRESET',
  syscall: 'read'
}
[forge2] Error: read ECONNRESET
[forge2] Disconnected
Error: write ECONNRESET
    at afterWriteDispatched (node:internal/stream_base_commons:159:15)
    at writeGeneric (node:internal/stream_base_commons:150:3)
    at Socket._writeGeneric (node:net:966:11)
    at Socket._write (node:net:978:8)
    at writeOrBuffer (node:internal/streams/writable:572:12)
    at _write (node:internal/streams/writable:501:10)
    at Writable.write (node:internal/streams/writable:510:10)
    at Framer.ondata (/root/.openclaw/workspace/node_modules/readable-stream/lib/internal/streams/readable.js:707:22)
    at Framer.emit (node:events:519:28)
    at addChunk (/root/.openclaw/workspace/node_modules/readable-stream/lib/internal/streams/readable.js:323:12) {
  errno: -104,
  code: 'ECONNRESET',
  syscall: 'write'
}
[forge2] Error: write ECONNRESET
[forge2] Disconnected
[forge2] Starting autonomous agent...
[forge2] Waiting for spawn...
[forge2] Disconnected
[forge2] Starting autonomous agent...
[forge2] Waiting for spawn...
[forge2] Disconnected
[forge2] Starting autonomous agent...
[forge2] Waiting for spawn...
[forge2] ✅ Spawned in world at (-171.5, 67, -101.5010547822955)
[forge2] Connecting to Brain at ws://localhost:8767
[forge2] ✅ Brain connected
[forge2] Brain command: registered
[forge2] Chat: patricia2: Agent patricia2 online!
[forge2] Chat: chelios2: Agent chelios2 online!
[forge2] Starting autonomous agent...
[forge2] Waiting for spawn...
[forge2] Chat: forge: Agent forge online!
[forge2] Chat: patricia: Agent patricia online!
[forge2] Disconnected
[forge2] Chat: chelios: Agent chelios online!
[forge2] Chat: aurora: Agent aurora online!
[forge2] Chat: chelios2: Agent chelios2 online!
[forge2] Chat: patricia2: Agent patricia2 online!
[forge2] Starting autonomous agent...
[forge2] Waiting for spawn...
[forge2] Chat: forge: Agent forge online!
[forge2] Chat: patricia: Agent patricia online!
[forge2] Chat: chelios: Agent chelios online!
[forge2] Disconnected
[forge2] ✅ Spawned in world at (-192.49985538194593, 65, -145.6281931171762)
[forge2] Connecting to Brain at ws://localhost:8767
[forge2] ✅ Brain connected
[forge2] Brain command: registered
Error: write ECONNRESET
    at afterWriteDispatched (node:internal/stream_base_commons:159:15)
    at writeGeneric (node:internal/stream_base_commons:150:3)
    at Socket._writeGeneric (node:net:966:11)
    at Socket._write (node:net:978:8)
    at writeOrBuffer (node:internal/streams/writable:572:12)
    at _write (node:internal/streams/writable:501:10)
    at Writable.write (node:internal/streams/writable:510:10)
    at Framer.ondata (/root/.openclaw/workspace/node_modules/readable-stream/lib/internal/streams/readable.js:707:22)
    at Framer.emit (node:events:519:28)
    at addChunk (/root/.openclaw/workspace/node_modules/readable-stream/lib/internal/streams/readable.js:323:12) {
  errno: -104,
  code: 'ECONNRESET',
  syscall: 'write'
}
[forge2] Error: write ECONNRESET
[forge2] Disconnected
[forge2] Starting autonomous agent...
[forge2] Waiting for spawn...
[forge2] Disconnected
[forge2] Starting autonomous agent...
[forge2] Waiting for spawn...
[forge2] ✅ Spawned in world at (-186.4794696163154, 65, -139.45440374791139)
[forge2] Connecting to Brain at ws://localhost:8767
[forge2] ✅ Brain connected
[forge2] Brain command: registered
Error: client timed out after 30000 milliseconds
    at Timeout._onTimeout (/root/.openclaw/workspace/node_modules/minecraft-protocol/src/client/keepalive.js:18:28)
    at listOnTimeout (node:internal/timers:585:17)
    at process.processTimers (node:internal/timers:521:7)
[forge2] Error: client timed out after 30000 milliseconds
[forge2] Disconnected
[forge2] Starting autonomous agent...
[forge2] Waiting for spawn...
[forge2] ✅ Spawned in world at (-145.19880594410552, 61.99097360067373, -165.0582969540563)
[forge2] Connecting to Brain at ws://localhost:8767
[forge2] ✅ Brain connected
[forge2] Brain command: registered
Error: write EPIPE
    at afterWriteDispatched (node:internal/stream_base_commons:159:15)
    at writeGeneric (node:internal/stream_base_commons:150:3)
    at Socket._writeGeneric (node:net:966:11)
    at Socket._write (node:net:978:8)
    at writeOrBuffer (node:internal/streams/writable:572:12)
    at _write (node:internal/streams/writable:501:10)
    at Writable.write (node:internal/streams/writable:510:10)
    at Framer.ondata (/root/.openclaw/workspace/node_modules/readable-stream/lib/internal/streams/readable.js:707:22)
    at Framer.emit (node:events:519:28)
    at addChunk (/root/.openclaw/workspace/node_modules/readable-stream/lib/internal/streams/readable.js:323:12) {
  errno: -32,
  code: 'EPIPE',
  syscall: 'write'
}
[forge2] Error: write EPIPE
[forge2] Disconnected
[forge2] Starting autonomous agent...
[forge2] Waiting for spawn...
[forge2] Disconnected
[forge2] Starting autonomous agent...
[forge2] Waiting for spawn...
[forge2] ✅ Spawned in world at (-141.5175786783451, 58.47360887244738, -159.56760487729073)
[forge2] Connecting to Brain at ws://localhost:8767
[forge2] ✅ Brain connected
[forge2] Brain command: registered
Error: write ECONNRESET
    at afterWriteDispatched (node:internal/stream_base_commons:159:15)
    at writeGeneric (node:internal/stream_base_commons:150:3)
    at Socket._writeGeneric (node:net:966:11)
    at Socket._write (node:net:978:8)
    at writeOrBuffer (node:internal/streams/writable:572:12)
    at _write (node:internal/streams/writable:501:10)
    at Writable.write (node:internal/streams/writable:510:10)
    at Framer.ondata (/root/.openclaw/workspace/node_modules/readable-stream/lib/internal/streams/readable.js:707:22)
    at Framer.emit (node:events:519:28)
    at addChunk (/root/.openclaw/workspace/node_modules/readable-stream/lib/internal/streams/readable.js:323:12) {
  errno: -104,
  code: 'ECONNRESET',
  syscall: 'write'
}
[forge2] Error: write ECONNRESET
[forge2] Disconnected
[forge2] Starting autonomous agent...
[forge2] Waiting for spawn...
[forge2] ✅ Spawned in world at (-144.41756150234602, 62.341902240965155, -162.4176196314907)
[forge2] Connecting to Brain at ws://localhost:8767
[forge2] ✅ Brain connected
[forge2] Brain command: registered
Error: write EPIPE
    at afterWriteDispatched (node:internal/stream_base_commons:159:15)
    at writeGeneric (node:internal/stream_base_commons:150:3)
    at Socket._writeGeneric (node:net:966:11)
    at Socket._write (node:net:978:8)
    at writeOrBuffer (node:internal/streams/writable:572:12)
    at _write (node:internal/streams/writable:501:10)
    at Writable.write (node:internal/streams/writable:510:10)
    at Framer.ondata (/root/.openclaw/workspace/node_modules/readable-stream/lib/internal/streams/readable.js:707:22)
    at Framer.emit (node:events:519:28)
    at addChunk (/root/.openclaw/workspace/node_modules/readable-stream/lib/internal/streams/readable.js:323:12) {
  errno: -32,
  code: 'EPIPE',
  syscall: 'write'
}
[forge2] Error: write EPIPE
[forge2] Disconnected
[forge2] Starting autonomous agent...
[forge2] Waiting for spawn...
[forge2] Chat: patricia2: Agent patricia2 online!
[forge2] ✅ Spawned in world at (-142.3, 63, -169.13447195636564)
[forge2] Connecting to Brain at ws://localhost:8767
[forge2] ✅ Brain connected
[forge2] Brain command: registered
Error: write EPIPE
    at afterWriteDispatched (node:internal/stream_base_commons:159:15)
    at writeGeneric (node:internal/stream_base_commons:150:3)
    at Socket._writeGeneric (node:net:966:11)
    at Socket._write (node:net:978:8)
    at writeOrBuffer (node:internal/streams/writable:572:12)
    at _write (node:internal/streams/writable:501:10)
    at Writable.write (node:internal/streams/writable:510:10)
    at Framer.ondata (/root/.openclaw/workspace/node_modules/readable-stream/lib/internal/streams/readable.js:707:22)
    at Framer.emit (node:events:519:28)
    at addChunk (/root/.openclaw/workspace/node_modules/readable-stream/lib/internal/streams/readable.js:323:12) {
  errno: -32,
  code: 'EPIPE',
  syscall: 'write'
}
[forge2] Error: write EPIPE
[forge2] Disconnected
[forge2] Starting autonomous agent...
[forge2] Waiting for spawn...
[forge2] Disconnected
[forge2] Starting autonomous agent...
[forge2] Waiting for spawn...
[forge2] ✅ Spawned in world at (-146.5300010587083, 61.84108391093779, -167.616064568316)
[forge2] Connecting to Brain at ws://localhost:8767
[forge2] ✅ Brain connected
[forge2] Brain command: registered
Error: write EPIPE
    at afterWriteDispatched (node:internal/stream_base_commons:159:15)
    at writeGeneric (node:internal/stream_base_commons:150:3)
    at Socket._writeGeneric (node:net:966:11)
    at Socket._write (node:net:978:8)
    at writeOrBuffer (node:internal/streams/writable:572:12)
    at _write (node:internal/streams/writable:501:10)
    at Writable.write (node:internal/streams/writable:510:10)
    at Framer.ondata (/root/.openclaw/workspace/node_modules/readable-stream/lib/internal/streams/readable.js:707:22)
    at Framer.emit (node:events:519:28)
    at addChunk (/root/.openclaw/workspace/node_modules/readable-stream/lib/internal/streams/readable.js:323:12) {
  errno: -32,
  code: 'EPIPE',
  syscall: 'write'
}
[forge2] Error: write EPIPE
[forge2] Disconnected
[forge2] Starting autonomous agent...
[forge2] Waiting for spawn...
[forge2] ✅ Spawned in world at (-143.34172865984132, 62.725159475133715, -168.35296847082103)
[forge2] Connecting to Brain at ws://localhost:8767
[forge2] ✅ Brain connected
[forge2] Brain command: registered
Error: write EPIPE
    at afterWriteDispatched (node:internal/stream_base_commons:159:15)
    at writeGeneric (node:internal/stream_base_commons:150:3)
    at Socket._writeGeneric (node:net:966:11)
    at Socket._write (node:net:978:8)
    at writeOrBuffer (node:internal/streams/writable:572:12)
    at _write (node:internal/streams/writable:501:10)
    at Writable.write (node:internal/streams/writable:510:10)
    at Framer.ondata (/root/.openclaw/workspace/node_modules/readable-stream/lib/internal/streams/readable.js:707:22)
    at Framer.emit (node:events:519:28)
    at addChunk (/root/.openclaw/workspace/node_modules/readable-stream/lib/internal/streams/readable.js:323:12) {
  errno: -32,
  code: 'EPIPE',
  syscall: 'write'
}
[forge2] Error: write EPIPE
[forge2] Disconnected
[forge2] Starting autonomous agent...
[forge2] Waiting for spawn...
[forge2] ✅ Spawned in world at (-139.85400730319847, 62.27062700049378, -169.7)
[forge2] Connecting to Brain at ws://localhost:8767
[forge2] ✅ Brain connected
[forge2] Brain command: registered
Error: write EPIPE
    at afterWriteDispatched (node:internal/stream_base_commons:159:15)
    at writeGeneric (node:internal/stream_base_commons:150:3)
    at Socket._writeGeneric (node:net:966:11)
    at Socket._write (node:net:978:8)
    at writeOrBuffer (node:internal/streams/writable:572:12)
    at _write (node:internal/streams/writable:501:10)
    at Writable.write (node:internal/streams/writable:510:10)
    at Framer.ondata (/root/.openclaw/workspace/node_modules/readable-stream/lib/internal/streams/readable.js:707:22)
    at Framer.emit (node:events:519:28)
    at addChunk (/root/.openclaw/workspace/node_modules/readable-stream/lib/internal/streams/readable.js:323:12) {
  errno: -32,
  code: 'EPIPE',
  syscall: 'write'
}
[forge2] Error: write EPIPE
[forge2] Disconnected
[forge2] Starting autonomous agent...
[forge2] Waiting for spawn...
[forge2] ✅ Spawned in world at (-140.48400818491146, 62.08465861665988, -168.71859860028746)
[forge2] Connecting to Brain at ws://localhost:8767
[forge2] ✅ Brain connected
[forge2] Brain command: registered
Error: write EPIPE
    at afterWriteDispatched (node:internal/stream_base_commons:159:15)
    at writeGeneric (node:internal/stream_base_commons:150:3)
    at Socket._writeGeneric (node:net:966:11)
    at Socket._write (node:net:978:8)
    at writeOrBuffer (node:internal/streams/writable:572:12)
    at _write (node:internal/streams/writable:501:10)
    at Writable.write (node:internal/streams/writable:510:10)
    at Framer.ondata (/root/.openclaw/workspace/node_modules/readable-stream/lib/internal/streams/readable.js:707:22)
    at Framer.emit (node:events:519:28)
    at addChunk (/root/.openclaw/workspace/node_modules/readable-stream/lib/internal/streams/readable.js:323:12) {
  errno: -32,
  code: 'EPIPE',
  syscall: 'write'
}
[forge2] Error: write EPIPE
[forge2] Disconnected
[forge2] Starting autonomous agent...
[forge2] Waiting for spawn...
[forge2] Disconnected
[forge2] Starting autonomous agent...
[forge2] Waiting for spawn...
[forge2] ✅ Spawned in world at (-142.54459574004287, 63, -169.11596332378306)
[forge2] Connecting to Brain at ws://localhost:8767
[forge2] ✅ Brain connected
[forge2] Brain command: registered
Error: client timed out after 30000 milliseconds
    at Timeout._onTimeout (/root/.openclaw/workspace/node_modules/minecraft-protocol/src/client/keepalive.js:18:28)
    at listOnTimeout (node:internal/timers:585:17)
    at process.processTimers (node:internal/timers:521:7)
[forge2] Error: client timed out after 30000 milliseconds
[forge2] Disconnected
[forge2] Starting autonomous agent...
[forge2] Waiting for spawn...
[forge2] Disconnected
[forge2] Starting autonomous agent...
[forge2] Waiting for spawn...
[forge2] Chat: patricia2: Agent patricia2 online!
[forge2] ✅ Spawned in world at (-144.47947005194902, 58, -179.31024802201628)
[forge2] Connecting to Brain at ws://localhost:8767
[forge2] ✅ Brain connected
[forge2] Brain command: registered
Error: write EPIPE
    at afterWriteDispatched (node:internal/stream_base_commons:159:15)
    at writeGeneric (node:internal/stream_base_commons:150:3)
    at Socket._writeGeneric (node:net:966:11)
    at Socket._write (node:net:978:8)
    at writeOrBuffer (node:internal/streams/writable:572:12)
    at _write (node:internal/streams/writable:501:10)
    at Writable.write (node:internal/streams/writable:510:10)
    at Framer.ondata (/root/.openclaw/workspace/node_modules/readable-stream/lib/internal/streams/readable.js:707:22)
    at Framer.emit (node:events:519:28)
    at addChunk (/root/.openclaw/workspace/node_modules/readable-stream/lib/internal/streams/readable.js:323:12) {
  errno: -32,
  code: 'EPIPE',
  syscall: 'write'
}
[forge2] Error: write EPIPE
[forge2] Disconnected
[forge2] Starting autonomous agent...
[forge2] Waiting for spawn...
[forge2] Disconnected
[forge2] Starting autonomous agent...
[forge2] Waiting for spawn...
[forge2] ✅ Spawned in world at (-144.7, 58, -179.50262230543615)
[forge2] Connecting to Brain at ws://localhost:8767
[forge2] Chat: chelios2: Agent chelios2 online!
[forge2] ✅ Brain connected
[forge2] Brain command: registered
[forge2] Chat: patricia: Agent patricia online!
[forge2] Chat: chelios: Agent chelios online!
Error: write EPIPE
    at afterWriteDispatched (node:internal/stream_base_commons:159:15)
    at writeGeneric (node:internal/stream_base_commons:150:3)
    at Socket._writeGeneric (node:net:966:11)
    at Socket._write (node:net:978:8)
    at writeOrBuffer (node:internal/streams/writable:572:12)
    at _write (node:internal/streams/writable:501:10)
    at Writable.write (node:internal/streams/writable:510:10)
    at Framer.ondata (/root/.openclaw/workspace/node_modules/readable-stream/lib/internal/streams/readable.js:707:22)
    at Framer.emit (node:events:519:28)
    at addChunk (/root/.openclaw/workspace/node_modules/readable-stream/lib/internal/streams/readable.js:323:12) {
  errno: -32,
  code: 'EPIPE',
  syscall: 'write'
}
[forge2] Error: write EPIPE
[forge2] Disconnected
[forge2] Starting autonomous agent...
[forge2] Waiting for spawn...
[forge2] ✅ Spawned in world at (-145.50018785634256, 58, -180.31489052306287)
[forge2] Connecting to Brain at ws://localhost:8767
[forge2] ✅ Brain connected
[forge2] Brain command: registered
[forge2] Chat: patricia2: Agent patricia2 online!
Error: write EPIPE
    at afterWriteDispatched (node:internal/stream_base_commons:159:15)
    at writeGeneric (node:internal/stream_base_commons:150:3)
    at Socket._writeGeneric (node:net:966:11)
    at Socket._write (node:net:978:8)
    at writeOrBuffer (node:internal/streams/writable:572:12)
    at _write (node:internal/streams/writable:501:10)
    at Writable.write (node:internal/streams/writable:510:10)
    at Framer.ondata (/root/.openclaw/workspace/node_modules/readable-stream/lib/internal/streams/readable.js:707:22)
    at Framer.emit (node:events:519:28)
    at addChunk (/root/.openclaw/workspace/node_modules/readable-stream/lib/internal/streams/readable.js:323:12) {
  errno: -32,
  code: 'EPIPE',
  syscall: 'write'
}
[forge2] Error: write EPIPE
[forge2] Disconnected
[forge2] Starting autonomous agent...
[forge2] Waiting for spawn...
[forge2] ✅ Spawned in world at (-144.1619489235133, 58.08639997415543, -181.7)
[forge2] Connecting to Brain at ws://localhost:8767
[forge2] ✅ Brain connected
[forge2] Brain command: registered
Error: write EPIPE
    at afterWriteDispatched (node:internal/stream_base_commons:159:15)
    at writeGeneric (node:internal/stream_base_commons:150:3)
    at Socket._writeGeneric (node:net:966:11)
    at Socket._write (node:net:978:8)
    at writeOrBuffer (node:internal/streams/writable:572:12)
    at _write (node:internal/streams/writable:501:10)
    at Writable.write (node:internal/streams/writable:510:10)
    at Framer.ondata (/root/.openclaw/workspace/node_modules/readable-stream/lib/internal/streams/readable.js:707:22)
    at Framer.emit (node:events:519:28)
    at addChunk (/root/.openclaw/workspace/node_modules/readable-stream/lib/internal/streams/readable.js:323:12) {
  errno: -32,
  code: 'EPIPE',
  syscall: 'write'
}
[forge2] Error: write EPIPE
[forge2] Disconnected
[forge2] Starting autonomous agent...
[forge2] Waiting for spawn...
[forge2] ✅ Spawned in world at (-144.1619489235133, 58, -181.7)
[forge2] Connecting to Brain at ws://localhost:8767
[forge2] ✅ Brain connected
[forge2] Brain command: registered
Error: write EPIPE
    at afterWriteDispatched (node:internal/stream_base_commons:159:15)
    at writeGeneric (node:internal/stream_base_commons:150:3)
    at Socket._writeGeneric (node:net:966:11)
    at Socket._write (node:net:978:8)
    at writeOrBuffer (node:internal/streams/writable:572:12)
    at _write (node:internal/streams/writable:501:10)
    at Writable.write (node:internal/streams/writable:510:10)
    at Framer.ondata (/root/.openclaw/workspace/node_modules/readable-stream/lib/internal/streams/readable.js:707:22)
    at Framer.emit (node:events:519:28)
    at addChunk (/root/.openclaw/workspace/node_modules/readable-stream/lib/internal/streams/readable.js:323:12) {
  errno: -32,
  code: 'EPIPE',
  syscall: 'write'
}
[forge2] Error: write EPIPE
[forge2] Disconnected
[forge2] Starting autonomous agent...
[forge2] Waiting for spawn...
[forge2] Disconnected
[forge2] Starting autonomous agent...
[forge2] Waiting for spawn...
[forge2] ✅ Spawned in world at (-144.1619489235133, 58, -181.7)
[forge2] Connecting to Brain at ws://localhost:8767
[forge2] ✅ Brain connected
[forge2] Brain command: registered
[forge2] Chat: aurora: Agent aurora online!
Error: write EPIPE
    at afterWriteDispatched (node:internal/stream_base_commons:159:15)
    at writeGeneric (node:internal/stream_base_commons:150:3)
    at Socket._writeGeneric (node:net:966:11)
    at Socket._write (node:net:978:8)
    at writeOrBuffer (node:internal/streams/writable:572:12)
    at _write (node:internal/streams/writable:501:10)
    at Writable.write (node:internal/streams/writable:510:10)
    at Framer.ondata (/root/.openclaw/workspace/node_modules/readable-stream/lib/internal/streams/readable.js:707:22)
    at Framer.emit (node:events:519:28)
    at addChunk (/root/.openclaw/workspace/node_modules/readable-stream/lib/internal/streams/readable.js:323:12) {
  errno: -32,
  code: 'EPIPE',
  syscall: 'write'
}
[forge2] Error: write EPIPE
[forge2] Disconnected
[forge2] Starting autonomous agent...
[forge2] Waiting for spawn...
[forge2] ✅ Spawned in world at (-144.1619489235133, 58, -181.7)
[forge2] Connecting to Brain at ws://localhost:8767
[forge2] ✅ Brain connected
[forge2] Brain command: registered
[forge2] Chat: chelios2: Agent chelios2 online!
[forge2] Chat: patricia2: Agent patricia2 online!
Error: client timed out after 30000 milliseconds
    at Timeout._onTimeout (/root/.openclaw/workspace/node_modules/minecraft-protocol/src/client/keepalive.js:18:28)
    at listOnTimeout (node:internal/timers:585:17)
    at process.processTimers (node:internal/timers:521:7)
[forge2] Error: client timed out after 30000 milliseconds
[forge2] Disconnected
[forge2] Starting autonomous agent...
[forge2] Waiting for spawn...
[forge2] ✅ Spawned in world at (-144.5, 58, -171.5730217104997)
[forge2] Connecting to Brain at ws://localhost:8767
[forge2] ✅ Brain connected
[forge2] Brain command: registered
Error: write EPIPE
    at afterWriteDispatched (node:internal/stream_base_commons:159:15)
    at writeGeneric (node:internal/stream_base_commons:150:3)
    at Socket._writeGeneric (node:net:966:11)
    at Socket._write (node:net:978:8)
    at writeOrBuffer (node:internal/streams/writable:572:12)
    at _write (node:internal/streams/writable:501:10)
    at Writable.write (node:internal/streams/writable:510:10)
    at Framer.ondata (/root/.openclaw/workspace/node_modules/readable-stream/lib/internal/streams/readable.js:707:22)
    at Framer.emit (node:events:519:28)
    at addChunk (/root/.openclaw/workspace/node_modules/readable-stream/lib/internal/streams/readable.js:323:12) {
  errno: -32,
  code: 'EPIPE',
  syscall: 'write'
}
[forge2] Error: write EPIPE
[forge2] Disconnected
[forge2] Starting autonomous agent...
[forge2] Waiting for spawn...
[forge2] Chat: chelios2: Agent chelios2 online!
[forge2] ✅ Spawned in world at (-140.4955862584214, 58, -175.5058363376887)
[forge2] Connecting to Brain at ws://localhost:8767
[forge2] ✅ Brain connected
[forge2] Chat: patricia2: Agent patricia2 online!
[forge2] Brain command: registered
Error: client timed out after 30000 milliseconds
    at Timeout._onTimeout (/root/.openclaw/workspace/node_modules/minecraft-protocol/src/client/keepalive.js:18:28)
    at listOnTimeout (node:internal/timers:585:17)
    at process.processTimers (node:internal/timers:521:7)
[forge2] Error: client timed out after 30000 milliseconds
[forge2] Disconnected
[forge2] Starting autonomous agent...
[forge2] Waiting for spawn...
[forge2] ✅ Spawned in world at (-147.20188251892608, 58.200000047683716, -169.33512191542476)
[forge2] Connecting to Brain at ws://localhost:8767
[forge2] ✅ Brain connected
[forge2] Brain command: registered
Error: write EPIPE
    at afterWriteDispatched (node:internal/stream_base_commons:159:15)
    at writeGeneric (node:internal/stream_base_commons:150:3)
    at Socket._writeGeneric (node:net:966:11)
    at Socket._write (node:net:978:8)
    at writeOrBuffer (node:internal/streams/writable:572:12)
    at _write (node:internal/streams/writable:501:10)
    at Writable.write (node:internal/streams/writable:510:10)
    at Framer.ondata (/root/.openclaw/workspace/node_modules/readable-stream/lib/internal/streams/readable.js:707:22)
    at Framer.emit (node:events:519:28)
    at addChunk (/root/.openclaw/workspace/node_modules/readable-stream/lib/internal/streams/readable.js:323:12) {
  errno: -32,
  code: 'EPIPE',
  syscall: 'write'
}
[forge2] Error: write EPIPE
[forge2] Disconnected
[forge2] Starting autonomous agent...
[forge2] Waiting for spawn...
[forge2] ✅ Spawned in world at (-142.98232703640898, 59, -170.52462409010155)
[forge2] Connecting to Brain at ws://localhost:8767
[forge2] ✅ Brain connected
[forge2] Brain command: registered
Error: write EPIPE
    at afterWriteDispatched (node:internal/stream_base_commons:159:15)
    at writeGeneric (node:internal/stream_base_commons:150:3)
    at Socket._writeGeneric (node:net:966:11)
    at Socket._write (node:net:978:8)
    at writeOrBuffer (node:internal/streams/writable:572:12)
    at _write (node:internal/streams/writable:501:10)
    at Writable.write (node:internal/streams/writable:510:10)
    at Framer.ondata (/root/.openclaw/workspace/node_modules/readable-stream/lib/internal/streams/readable.js:707:22)
    at Framer.emit (node:events:519:28)
    at addChunk (/root/.openclaw/workspace/node_modules/readable-stream/lib/internal/streams/readable.js:323:12) {
  errno: -32,
  code: 'EPIPE',
  syscall: 'write'
}
[forge2] Error: write EPIPE
[forge2] Disconnected
[forge2] Starting autonomous agent...
[forge2] Waiting for spawn...
[forge2] ✅ Spawned in world at (-146.87181721443994, 58, -179.49740960011326)
[forge2] Connecting to Brain at ws://localhost:8767
[forge2] ✅ Brain connected
[forge2] Brain command: registered
Error: write EPIPE
    at afterWriteDispatched (node:internal/stream_base_commons:159:15)
    at writeGeneric (node:internal/stream_base_commons:150:3)
    at Socket._writeGeneric (node:net:966:11)
    at Socket._write (node:net:978:8)
    at writeOrBuffer (node:internal/streams/writable:572:12)
    at _write (node:internal/streams/writable:501:10)
    at Writable.write (node:internal/streams/writable:510:10)
    at Framer.ondata (/root/.openclaw/workspace/node_modules/readable-stream/lib/internal/streams/readable.js:707:22)
    at Framer.emit (node:events:519:28)
    at addChunk (/root/.openclaw/workspace/node_modules/readable-stream/lib/internal/streams/readable.js:323:12) {
  errno: -32,
  code: 'EPIPE',
  syscall: 'write'
}
[forge2] Error: write EPIPE
[forge2] Disconnected
[forge2] Starting autonomous agent...
[forge2] Waiting for spawn...
[forge2] ✅ Spawned in world at (-149.51059734957556, 57, -184.62866120088816)
[forge2] Connecting to Brain at ws://localhost:8767
[forge2] ✅ Brain connected
[forge2] Brain command: registered
[forge2] Chat: patricia2: Agent patricia2 online!
[forge2] Chat: chelios2: Agent chelios2 online!
[forge2] Disconnected
[forge2] Starting autonomous agent...
[forge2] Waiting for spawn...
[forge2] Disconnected
[forge2] Starting autonomous agent...
[forge2] Waiting for spawn...
[forge2] Disconnected
[forge2] Starting autonomous agent...
[forge2] Waiting for spawn...
[forge2] Disconnected
[forge2] Starting autonomous agent...
[forge2] Waiting for spawn...
[forge2] ✅ Spawned in world at (-150.7, 57, -179.50211961925658)
[forge2] Connecting to Brain at ws://localhost:8767
[forge2] ✅ Brain connected
[forge2] Brain command: registered
[forge2] Chat: chelios2: Agent chelios2 online!
[forge2] Starting autonomous agent...
[forge2] Chat: forge: Agent forge online!
[forge2] Waiting for spawn...
[forge2] Chat: chelios: Agent chelios online!
[forge2] Disconnected
[forge2] Chat: chelios2: Agent chelios2 online!
[forge2] Chat: aurora: Agent aurora online!
[forge2] Chat: patricia2: Agent patricia2 online!
[forge2] Starting autonomous agent...
[forge2] Chat: forge: Agent forge online!
[forge2] Chat: patricia: Agent patricia online!
[forge2] Waiting for spawn...
Error: write EPIPE
    at afterWriteDispatched (node:internal/stream_base_commons:159:15)
    at writeGeneric (node:internal/stream_base_commons:150:3)
    at Socket._writeGeneric (node:net:966:11)
    at Socket._write (node:net:978:8)
    at writeOrBuffer (node:internal/streams/writable:572:12)
    at _write (node:internal/streams/writable:501:10)
    at Writable.write (node:internal/streams/writable:510:10)
    at Framer.ondata (/root/.openclaw/workspace/node_modules/readable-stream/lib/internal/streams/readable.js:707:22)
    at Framer.emit (node:events:519:28)
    at addChunk (/root/.openclaw/workspace/node_modules/readable-stream/lib/internal/streams/readable.js:323:12) {
  errno: -32,
  code: 'EPIPE',
  syscall: 'write'
}
[forge2] Error: write EPIPE
[forge2] Disconnected
[forge2] ✅ Spawned in world at (-158.50059067775143, 54, -140.6210139559616)
[forge2] Connecting to Brain at ws://localhost:8767
[forge2] ✅ Brain connected
[forge2] Brain command: registered
[forge2] Chat: chelios2: Agent chelios2 online!
Error: client timed out after 30000 milliseconds
    at Timeout._onTimeout (/root/.openclaw/workspace/node_modules/minecraft-protocol/src/client/keepalive.js:18:28)
    at listOnTimeout (node:internal/timers:585:17)
    at process.processTimers (node:internal/timers:521:7)
[forge2] Error: client timed out after 30000 milliseconds
[forge2] Disconnected
[forge2] Starting autonomous agent...
[forge2] Waiting for spawn...
[forge2] ✅ Spawned in world at (-166.25242030115606, 54.3188700969741, -139.51852080551723)
[forge2] Connecting to Brain at ws://localhost:8767
[forge2] ✅ Brain connected
[forge2] Brain command: registered
Error: client timed out after 30000 milliseconds
    at Timeout._onTimeout (/root/.openclaw/workspace/node_modules/minecraft-protocol/src/client/keepalive.js:18:28)
    at listOnTimeout (node:internal/timers:585:17)
    at process.processTimers (node:internal/timers:521:7)
[forge2] Error: client timed out after 30000 milliseconds
[forge2] Disconnected
[forge2] Starting autonomous agent...
[forge2] Waiting for spawn...
[forge2] Disconnected
[forge2] Starting autonomous agent...
[forge2] Waiting for spawn...
[forge2] ✅ Spawned in world at (-166.25242030115606, 54.163638092457504, -139.51852080551723)
[forge2] Connecting to Brain at ws://localhost:8767
[forge2] ✅ Brain connected
[forge2] Brain command: registered
[forge2] Chat: chelios2: Agent chelios2 online!
Error: write EPIPE
    at afterWriteDispatched (node:internal/stream_base_commons:159:15)
    at writeGeneric (node:internal/stream_base_commons:150:3)
    at Socket._writeGeneric (node:net:966:11)
    at Socket._write (node:net:978:8)
    at writeOrBuffer (node:internal/streams/writable:572:12)
    at _write (node:internal/streams/writable:501:10)
    at Writable.write (node:internal/streams/writable:510:10)
    at Framer.ondata (/root/.openclaw/workspace/node_modules/readable-stream/lib/internal/streams/readable.js:707:22)
    at Framer.emit (node:events:519:28)
    at addChunk (/root/.openclaw/workspace/node_modules/readable-stream/lib/internal/streams/readable.js:323:12) {
  errno: -32,
  code: 'EPIPE',
  syscall: 'write'
}
[forge2] Error: write EPIPE
[forge2] Disconnected
[forge2] Starting autonomous agent...
[forge2] Waiting for spawn...
[forge2] ✅ Spawned in world at (-164.4387257647613, 55, -146.3001198391487)
[forge2] Connecting to Brain at ws://localhost:8767
[forge2] ✅ Brain connected
[forge2] Brain command: registered
[forge2] Chat: patricia2: Agent patricia2 online!
Error: write EPIPE
    at afterWriteDispatched (node:internal/stream_base_commons:159:15)
    at writeGeneric (node:internal/stream_base_commons:150:3)
    at Socket._writeGeneric (node:net:966:11)
    at Socket._write (node:net:978:8)
    at writeOrBuffer (node:internal/streams/writable:572:12)
    at _write (node:internal/streams/writable:501:10)
    at Writable.write (node:internal/streams/writable:510:10)
    at Framer.ondata (/root/.openclaw/workspace/node_modules/readable-stream/lib/internal/streams/readable.js:707:22)
    at Framer.emit (node:events:519:28)
    at addChunk (/root/.openclaw/workspace/node_modules/readable-stream/lib/internal/streams/readable.js:323:12) {
  errno: -32,
  code: 'EPIPE',
  syscall: 'write'
}
[forge2] Error: write EPIPE
[forge2] Disconnected
[forge2] Starting autonomous agent...
[forge2] Waiting for spawn...
[forge2] ✅ Spawned in world at (-159.97408640413968, 56.121599998474125, -145.49975193146773)
[forge2] Connecting to Brain at ws://localhost:8767
[forge2] ✅ Brain connected
[forge2] Brain command: registered
Error: write EPIPE
    at afterWriteDispatched (node:internal/stream_base_commons:159:15)
    at writeGeneric (node:internal/stream_base_commons:150:3)
    at Socket._writeGeneric (node:net:966:11)
    at Socket._write (node:net:978:8)
    at writeOrBuffer (node:internal/streams/writable:572:12)
    at _write (node:internal/streams/writable:501:10)
    at Writable.write (node:internal/streams/writable:510:10)
    at Framer.ondata (/root/.openclaw/workspace/node_modules/readable-stream/lib/internal/streams/readable.js:707:22)
    at Framer.emit (node:events:519:28)
    at addChunk (/root/.openclaw/workspace/node_modules/readable-stream/lib/internal/streams/readable.js:323:12) {
  errno: -32,
  code: 'EPIPE',
  syscall: 'write'
}
[forge2] Error: write EPIPE
[forge2] Disconnected
[forge2] Starting autonomous agent...
[forge2] Waiting for spawn...
[forge2] Disconnected
[forge2] Starting autonomous agent...
[forge2] Waiting for spawn...
[forge2] Chat: aurora: Agent aurora online!
[forge2] ✅ Spawned in world at (-154.82585327412835, 55, -146.7)
[forge2] Connecting to Brain at ws://localhost:8767
[forge2] ✅ Brain connected
[forge2] Brain command: registered
[forge2] Chat: chelios2: Agent chelios2 online!
Error: write EPIPE
    at afterWriteDispatched (node:internal/stream_base_commons:159:15)
    at writeGeneric (node:internal/stream_base_commons:150:3)
    at Socket._writeGeneric (node:net:966:11)
    at Socket._write (node:net:978:8)
    at writeOrBuffer (node:internal/streams/writable:572:12)
    at _write (node:internal/streams/writable:501:10)
    at Writable.write (node:internal/streams/writable:510:10)
    at Framer.ondata (/root/.openclaw/workspace/node_modules/readable-stream/lib/internal/streams/readable.js:707:22)
    at Framer.emit (node:events:519:28)
    at addChunk (/root/.openclaw/workspace/node_modules/readable-stream/lib/internal/streams/readable.js:323:12) {
  errno: -32,
  code: 'EPIPE',
  syscall: 'write'
}
[forge2] Error: write EPIPE
[forge2] Disconnected
[forge2] Starting autonomous agent...
[forge2] Waiting for spawn...
[forge2] ✅ Spawned in world at (-158.48618568069708, 54, -141.37947247034253)
[forge2] Connecting to Brain at ws://localhost:8767
[forge2] ✅ Brain connected
[forge2] Brain command: registered
Error: write EPIPE
    at afterWriteDispatched (node:internal/stream_base_commons:159:15)
    at writeGeneric (node:internal/stream_base_commons:150:3)
    at Socket._writeGeneric (node:net:966:11)
    at Socket._write (node:net:978:8)
    at writeOrBuffer (node:internal/streams/writable:572:12)
    at _write (node:internal/streams/writable:501:10)
    at Writable.write (node:internal/streams/writable:510:10)
    at Framer.ondata (/root/.openclaw/workspace/node_modules/readable-stream/lib/internal/streams/readable.js:707:22)
    at Framer.emit (node:events:519:28)
    at addChunk (/root/.openclaw/workspace/node_modules/readable-stream/lib/internal/streams/readable.js:323:12) {
  errno: -32,
  code: 'EPIPE',
  syscall: 'write'
}
[forge2] Error: write EPIPE
[forge2] Disconnected
[forge2] Starting autonomous agent...
[forge2] Waiting for spawn...
[forge2] Disconnected
[forge2] Starting autonomous agent...
[forge2] Waiting for spawn...
[forge2] ✅ Spawned in world at (-158.6248223757361, 54, -142.05907694469857)
[forge2] Connecting to Brain at ws://localhost:8767
[forge2] ✅ Brain connected
[forge2] Brain command: registered
Error: write EPIPE
    at afterWriteDispatched (node:internal/stream_base_commons:159:15)
    at writeGeneric (node:internal/stream_base_commons:150:3)
    at Socket._writeGeneric (node:net:966:11)
    at Socket._write (node:net:978:8)
    at writeOrBuffer (node:internal/streams/writable:572:12)
    at _write (node:internal/streams/writable:501:10)
    at Writable.write (node:internal/streams/writable:510:10)
    at Framer.ondata (/root/.openclaw/workspace/node_modules/readable-stream/lib/internal/streams/readable.js:707:22)
    at Framer.emit (node:events:519:28)
    at addChunk (/root/.openclaw/workspace/node_modules/readable-stream/lib/internal/streams/readable.js:323:12) {
  errno: -32,
  code: 'EPIPE',
  syscall: 'write'
}
[forge2] Error: write EPIPE
[forge2] Disconnected
[forge2] Starting autonomous agent...
[forge2] Waiting for spawn...
[forge2] ✅ Spawned in world at (-158.8480964475058, 54, -142.7)
[forge2] Connecting to Brain at ws://localhost:8767
[forge2] ✅ Brain connected
[forge2] Brain command: registered
[forge2] Chat: chelios2: Agent chelios2 online!
Error: write EPIPE
    at afterWriteDispatched (node:internal/stream_base_commons:159:15)
    at writeGeneric (node:internal/stream_base_commons:150:3)
    at Socket._writeGeneric (node:net:966:11)
    at Socket._write (node:net:978:8)
    at writeOrBuffer (node:internal/streams/writable:572:12)
    at _write (node:internal/streams/writable:501:10)
    at Writable.write (node:internal/streams/writable:510:10)
    at Framer.ondata (/root/.openclaw/workspace/node_modules/readable-stream/lib/internal/streams/readable.js:707:22)
    at Framer.emit (node:events:519:28)
    at addChunk (/root/.openclaw/workspace/node_modules/readable-stream/lib/internal/streams/readable.js:323:12) {
  errno: -32,
  code: 'EPIPE',
  syscall: 'write'
}
[forge2] Error: write EPIPE
[forge2] Disconnected
[forge2] Starting autonomous agent...
[forge2] Waiting for spawn...
[forge2] Chat: patricia2: Agent patricia2 online!
[forge2] ✅ Spawned in world at (-164.50331441363804, 54, -149.5)
[forge2] Connecting to Brain at ws://localhost:8767
[forge2] ✅ Brain connected
[forge2] Brain command: registered
[forge2] Chat: chelios2: Agent chelios2 online!
Error: write EPIPE
    at afterWriteDispatched (node:internal/stream_base_commons:159:15)
    at writeGeneric (node:internal/stream_base_commons:150:3)
    at Socket._writeGeneric (node:net:966:11)
    at Socket._write (node:net:978:8)
    at writeOrBuffer (node:internal/streams/writable:572:12)
    at _write (node:internal/streams/writable:501:10)
    at Writable.write (node:internal/streams/writable:510:10)
    at Framer.ondata (/root/.openclaw/workspace/node_modules/readable-stream/lib/internal/streams/readable.js:707:22)
    at Framer.emit (node:events:519:28)
    at addChunk (/root/.openclaw/workspace/node_modules/readable-stream/lib/internal/streams/readable.js:323:12) {
  errno: -32,
  code: 'EPIPE',
  syscall: 'write'
}
[forge2] Error: write EPIPE
[forge2] Disconnected
[forge2] Starting autonomous agent...
[forge2] Waiting for spawn...
[forge2] ✅ Spawned in world at (-161.5, 53, -151.446706938377)
[forge2] Connecting to Brain at ws://localhost:8767
[forge2] ✅ Brain connected
[forge2] Brain command: registered
Error: write EPIPE
    at afterWriteDispatched (node:internal/stream_base_commons:159:15)
    at writeGeneric (node:internal/stream_base_commons:150:3)
    at Socket._writeGeneric (node:net:966:11)
    at Socket._write (node:net:978:8)
    at writeOrBuffer (node:internal/streams/writable:572:12)
    at _write (node:internal/streams/writable:501:10)
    at Writable.write (node:internal/streams/writable:510:10)
    at Framer.ondata (/root/.openclaw/workspace/node_modules/readable-stream/lib/internal/streams/readable.js:707:22)
    at Framer.emit (node:events:519:28)
    at addChunk (/root/.openclaw/workspace/node_modules/readable-stream/lib/internal/streams/readable.js:323:12) {
  errno: -32,
  code: 'EPIPE',
  syscall: 'write'
}
[forge2] Error: write EPIPE
[forge2] Disconnected
[forge2] Starting autonomous agent...
[forge2] Waiting for spawn...
[forge2] Chat: patricia2: Agent patricia2 online!
[forge2] ✅ Spawned in world at (-160.53755980110543, 52, -153.7)
[forge2] Connecting to Brain at ws://localhost:8767
[forge2] ✅ Brain connected
[forge2] Brain command: registered
Error: write EPIPE
    at afterWriteDispatched (node:internal/stream_base_commons:159:15)
    at writeGeneric (node:internal/stream_base_commons:150:3)
    at Socket._writeGeneric (node:net:966:11)
    at Socket._write (node:net:978:8)
    at writeOrBuffer (node:internal/streams/writable:572:12)
    at _write (node:internal/streams/writable:501:10)
    at Writable.write (node:internal/streams/writable:510:10)
    at Framer.ondata (/root/.openclaw/workspace/node_modules/readable-stream/lib/internal/streams/readable.js:707:22)
    at Framer.emit (node:events:519:28)
    at addChunk (/root/.openclaw/workspace/node_modules/readable-stream/lib/internal/streams/readable.js:323:12) {
  errno: -32,
  code: 'EPIPE',
  syscall: 'write'
}
[forge2] Error: write EPIPE
[forge2] Disconnected
[forge2] Starting autonomous agent...
[forge2] Waiting for spawn...
[forge2] ✅ Spawned in world at (-160.50499696915261, 52, -155.31491181351655)
[forge2] Connecting to Brain at ws://localhost:8767
[forge2] ✅ Brain connected
[forge2] Brain command: registered
[forge2] Chat: patricia2: Agent patricia2 online!
Error: write EPIPE
    at afterWriteDispatched (node:internal/stream_base_commons:159:15)
    at writeGeneric (node:internal/stream_base_commons:150:3)
    at Socket._writeGeneric (node:net:966:11)
    at Socket._write (node:net:978:8)
    at writeOrBuffer (node:internal/streams/writable:572:12)
    at _write (node:internal/streams/writable:501:10)
    at Writable.write (node:internal/streams/writable:510:10)
    at Framer.ondata (/root/.openclaw/workspace/node_modules/readable-stream/lib/internal/streams/readable.js:707:22)
    at Framer.emit (node:events:519:28)
    at addChunk (/root/.openclaw/workspace/node_modules/readable-stream/lib/internal/streams/readable.js:323:12) {
  errno: -32,
  code: 'EPIPE',
  syscall: 'write'
}
[forge2] Error: write EPIPE
[forge2] Disconnected
[forge2] Starting autonomous agent...
[forge2] Waiting for spawn...
[forge2] ✅ Spawned in world at (-160.4883290022938, 51.4741021014907, -153.37033484971226)
[forge2] Connecting to Brain at ws://localhost:8767
[forge2] ✅ Brain connected
[forge2] Brain command: registered
Error: write EPIPE
    at afterWriteDispatched (node:internal/stream_base_commons:159:15)
    at writeGeneric (node:internal/stream_base_commons:150:3)
    at Socket._writeGeneric (node:net:966:11)
    at Socket._write (node:net:978:8)
    at writeOrBuffer (node:internal/streams/writable:572:12)
    at _write (node:internal/streams/writable:501:10)
    at Writable.write (node:internal/streams/writable:510:10)
    at Framer.ondata (/root/.openclaw/workspace/node_modules/readable-stream/lib/internal/streams/readable.js:707:22)
    at Framer.emit (node:events:519:28)
    at addChunk (/root/.openclaw/workspace/node_modules/readable-stream/lib/internal/streams/readable.js:323:12) {
  errno: -32,
  code: 'EPIPE',
  syscall: 'write'
}
[forge2] Error: write EPIPE
[forge2] Disconnected
[forge2] Starting autonomous agent...
[forge2] Waiting for spawn...
[forge2] ✅ Spawned in world at (-160.49878125781018, 50, -150.5)
[forge2] Connecting to Brain at ws://localhost:8767
[forge2] ✅ Brain connected
[forge2] Brain command: registered
Error: write EPIPE
    at afterWriteDispatched (node:internal/stream_base_commons:159:15)
    at writeGeneric (node:internal/stream_base_commons:150:3)
    at Socket._writeGeneric (node:net:966:11)
    at Socket._write (node:net:978:8)
    at writeOrBuffer (node:internal/streams/writable:572:12)
    at _write (node:internal/streams/writable:501:10)
    at Writable.write (node:internal/streams/writable:510:10)
    at Framer.ondata (/root/.openclaw/workspace/node_modules/readable-stream/lib/internal/streams/readable.js:707:22)
    at Framer.emit (node:events:519:28)
    at addChunk (/root/.openclaw/workspace/node_modules/readable-stream/lib/internal/streams/readable.js:323:12) {
  errno: -32,
  code: 'EPIPE',
  syscall: 'write'
}
[forge2] Error: write EPIPE
[forge2] Disconnected
[forge2] Starting autonomous agent...
[forge2] Waiting for spawn...
[forge2] ✅ Spawned in world at (-159.28196964258677, 50, -150.3)
[forge2] Connecting to Brain at ws://localhost:8767
[forge2] ✅ Brain connected
[forge2] Brain command: registered
Error: write EPIPE
    at afterWriteDispatched (node:internal/stream_base_commons:159:15)
    at writeGeneric (node:internal/stream_base_commons:150:3)
    at Socket._writeGeneric (node:net:966:11)
    at Socket._write (node:net:978:8)
    at writeOrBuffer (node:internal/streams/writable:572:12)
    at _write (node:internal/streams/writable:501:10)
    at Writable.write (node:internal/streams/writable:510:10)
    at Framer.ondata (/root/.openclaw/workspace/node_modules/readable-stream/lib/internal/streams/readable.js:707:22)
    at Framer.emit (node:events:519:28)
    at addChunk (/root/.openclaw/workspace/node_modules/readable-stream/lib/internal/streams/readable.js:323:12) {
  errno: -32,
  code: 'EPIPE',
  syscall: 'write'
}
[forge2] Error: write EPIPE
[forge2] Disconnected
[forge2] Starting autonomous agent...
[forge2] Waiting for spawn...
[forge2] ✅ Spawned in world at (-160.500042125972, 50, -151.3423780041232)
[forge2] Connecting to Brain at ws://localhost:8767
[forge2] ✅ Brain connected
[forge2] Brain command: registered
Error: write EPIPE
    at afterWriteDispatched (node:internal/stream_base_commons:159:15)
    at writeGeneric (node:internal/stream_base_commons:150:3)
    at Socket._writeGeneric (node:net:966:11)
    at Socket._write (node:net:978:8)
    at writeOrBuffer (node:internal/streams/writable:572:12)
    at _write (node:internal/streams/writable:501:10)
    at Writable.write (node:internal/streams/writable:510:10)
    at Framer.ondata (/root/.openclaw/workspace/node_modules/readable-stream/lib/internal/streams/readable.js:707:22)
    at Framer.emit (node:events:519:28)
    at addChunk (/root/.openclaw/workspace/node_modules/readable-stream/lib/internal/streams/readable.js:323:12) {
  errno: -32,
  code: 'EPIPE',
  syscall: 'write'
}
[forge2] Error: write EPIPE
[forge2] Disconnected
[forge2] Starting autonomous agent...
[forge2] Waiting for spawn...
[forge2] ✅ Spawned in world at (-158.4967959057066, 50, -147.60332993812116)
[forge2] Connecting to Brain at ws://localhost:8767
[forge2] ✅ Brain connected
[forge2] Brain command: registered
Error: write EPIPE
    at afterWriteDispatched (node:internal/stream_base_commons:159:15)
    at writeGeneric (node:internal/stream_base_commons:150:3)
    at Socket._writeGeneric (node:net:966:11)
    at Socket._write (node:net:978:8)
    at writeOrBuffer (node:internal/streams/writable:572:12)
    at _write (node:internal/streams/writable:501:10)
    at Writable.write (node:internal/streams/writable:510:10)
    at Framer.ondata (/root/.openclaw/workspace/node_modules/readable-stream/lib/internal/streams/readable.js:707:22)
    at Framer.emit (node:events:519:28)
    at addChunk (/root/.openclaw/workspace/node_modules/readable-stream/lib/internal/streams/readable.js:323:12) {
  errno: -32,
  code: 'EPIPE',
  syscall: 'write'
}
[forge2] Error: write EPIPE
[forge2] Disconnected
[forge2] Starting autonomous agent...
[forge2] Waiting for spawn...
[forge2] ✅ Spawned in world at (-158.4967959057066, 50, -147.60332993812116)
[forge2] Connecting to Brain at ws://localhost:8767
[forge2] ✅ Brain connected
[forge2] Brain command: registered
Error: write EPIPE
    at afterWriteDispatched (node:internal/stream_base_commons:159:15)
    at writeGeneric (node:internal/stream_base_commons:150:3)
    at Socket._writeGeneric (node:net:966:11)
    at Socket._write (node:net:978:8)
    at writeOrBuffer (node:internal/streams/writable:572:12)
    at _write (node:internal/streams/writable:501:10)
    at Writable.write (node:internal/streams/writable:510:10)
    at Framer.ondata (/root/.openclaw/workspace/node_modules/readable-stream/lib/internal/streams/readable.js:707:22)
    at Framer.emit (node:events:519:28)
    at addChunk (/root/.openclaw/workspace/node_modules/readable-stream/lib/internal/streams/readable.js:323:12) {
  errno: -32,
  code: 'EPIPE',
  syscall: 'write'
}
[forge2] Error: write EPIPE
[forge2] Disconnected
[forge2] Starting autonomous agent...
[forge2] Waiting for spawn...
[forge2] Disconnected
[forge2] Starting autonomous agent...
[forge2] Waiting for spawn...
[forge2] Disconnected
[forge2] Starting autonomous agent...
[forge2] Waiting for spawn...
[forge2] ✅ Spawned in world at (-160.49966388582686, 51, -153.7)
[forge2] Connecting to Brain at ws://localhost:8767
[forge2] ✅ Brain connected
[forge2] Brain command: registered
Error: write EPIPE
    at afterWriteDispatched (node:internal/stream_base_commons:159:15)
    at writeGeneric (node:internal/stream_base_commons:150:3)
    at Socket._writeGeneric (node:net:966:11)
    at Socket._write (node:net:978:8)
    at writeOrBuffer (node:internal/streams/writable:572:12)
    at _write (node:internal/streams/writable:501:10)
    at Writable.write (node:internal/streams/writable:510:10)
    at Framer.ondata (/root/.openclaw/workspace/node_modules/readable-stream/lib/internal/streams/readable.js:707:22)
    at Framer.emit (node:events:519:28)
    at addChunk (/root/.openclaw/workspace/node_modules/readable-stream/lib/internal/streams/readable.js:323:12) {
  errno: -32,
  code: 'EPIPE',
  syscall: 'write'
}
[forge2] Error: write EPIPE
[forge2] Disconnected
[forge2] Starting autonomous agent...
[forge2] Waiting for spawn...
[forge2] Disconnected
[forge2] Starting autonomous agent...
[forge2] Waiting for spawn...
[forge2] Chat: aurora: Agent aurora online!
[forge2] ✅ Spawned in world at (-163.3814802968722, 51, -150.48609260687775)
[forge2] Connecting to Brain at ws://localhost:8767
[forge2] ✅ Brain connected
[forge2] Brain command: registered
Error: write EPIPE
    at afterWriteDispatched (node:internal/stream_base_commons:159:15)
    at writeGeneric (node:internal/stream_base_commons:150:3)
    at Socket._writeGeneric (node:net:966:11)
    at Socket._write (node:net:978:8)
    at writeOrBuffer (node:internal/streams/writable:572:12)
    at _write (node:internal/streams/writable:501:10)
    at Writable.write (node:internal/streams/writable:510:10)
    at Framer.ondata (/root/.openclaw/workspace/node_modules/readable-stream/lib/internal/streams/readable.js:707:22)
    at Framer.emit (node:events:519:28)
    at addChunk (/root/.openclaw/workspace/node_modules/readable-stream/lib/internal/streams/readable.js:323:12) {
  errno: -32,
  code: 'EPIPE',
  syscall: 'write'
}
[forge2] Error: write EPIPE
[forge2] Disconnected
[forge2] Starting autonomous agent...
[forge2] Waiting for spawn...
[forge2] ✅ Spawned in world at (-160.50143044682804, 51, -153.7)
[forge2] Connecting to Brain at ws://localhost:8767
[forge2] ✅ Brain connected
[forge2] Brain command: registered
Error: write EPIPE
    at afterWriteDispatched (node:internal/stream_base_commons:159:15)
    at writeGeneric (node:internal/stream_base_commons:150:3)
    at Socket._writeGeneric (node:net:966:11)
    at Socket._write (node:net:978:8)
    at writeOrBuffer (node:internal/streams/writable:572:12)
    at _write (node:internal/streams/writable:501:10)
    at Writable.write (node:internal/streams/writable:510:10)
    at Framer.ondata (/root/.openclaw/workspace/node_modules/readable-stream/lib/internal/streams/readable.js:707:22)
    at Framer.emit (node:events:519:28)
    at addChunk (/root/.openclaw/workspace/node_modules/readable-stream/lib/internal/streams/readable.js:323:12) {
  errno: -32,
  code: 'EPIPE',
  syscall: 'write'
}
[forge2] Error: write EPIPE
[forge2] Disconnected
[forge2] Starting autonomous agent...
[forge2] Waiting for spawn...
[forge2] ✅ Spawned in world at (-160.5355995643175, 51.1592101268059, -154.0126471670016)
[forge2] Connecting to Brain at ws://localhost:8767
[forge2] ✅ Brain connected
[forge2] Brain command: registered
Error: write EPIPE
    at afterWriteDispatched (node:internal/stream_base_commons:159:15)
    at writeGeneric (node:internal/stream_base_commons:150:3)
    at Socket._writeGeneric (node:net:966:11)
    at Socket._write (node:net:978:8)
    at writeOrBuffer (node:internal/streams/writable:572:12)
    at _write (node:internal/streams/writable:501:10)
    at Writable.write (node:internal/streams/writable:510:10)
    at Framer.ondata (/root/.openclaw/workspace/node_modules/readable-stream/lib/internal/streams/readable.js:707:22)
    at Framer.emit (node:events:519:28)
    at addChunk (/root/.openclaw/workspace/node_modules/readable-stream/lib/internal/streams/readable.js:323:12) {
  errno: -32,
  code: 'EPIPE',
  syscall: 'write'
}
[forge2] Error: write EPIPE
[forge2] Disconnected
[forge2] Starting autonomous agent...
[forge2] Waiting for spawn...
[forge2] Chat: chelios: Agent chelios online!
[forge2] ✅ Spawned in world at (-159.381080587019, 49, -150.59252864426912)
[forge2] Connecting to Brain at ws://localhost:8767
[forge2] ✅ Brain connected
[forge2] Brain command: registered
Error: write EPIPE
    at afterWriteDispatched (node:internal/stream_base_commons:159:15)
    at writeGeneric (node:internal/stream_base_commons:150:3)
    at Socket._writeGeneric (node:net:966:11)
    at Socket._write (node:net:978:8)
    at writeOrBuffer (node:internal/streams/writable:572:12)
    at _write (node:internal/streams/writable:501:10)
    at Writable.write (node:internal/streams/writable:510:10)
    at Framer.ondata (/root/.openclaw/workspace/node_modules/readable-stream/lib/internal/streams/readable.js:707:22)
    at Framer.emit (node:events:519:28)
    at addChunk (/root/.openclaw/workspace/node_modules/readable-stream/lib/internal/streams/readable.js:323:12) {
  errno: -32,
  code: 'EPIPE',
  syscall: 'write'
}
[forge2] Error: write EPIPE
[forge2] Disconnected
[forge2] Starting autonomous agent...
[forge2] Waiting for spawn...
[forge2] ✅ Spawned in world at (-160.55316922047288, 49, -150.7)
[forge2] Connecting to Brain at ws://localhost:8767
[forge2] ✅ Brain connected
[forge2] Brain command: registered
[forge2] Starting autonomous agent...
Error: write EPIPE
    at afterWriteDispatched (node:internal/stream_base_commons:159:15)
    at writeGeneric (node:internal/stream_base_commons:150:3)
    at Socket._writeGeneric (node:net:966:11)
    at Socket._write (node:net:978:8)
    at writeOrBuffer (node:internal/streams/writable:572:12)
    at _write (node:internal/streams/writable:501:10)
    at Writable.write (node:internal/streams/writable:510:10)
    at Framer.ondata (/root/.openclaw/workspace/node_modules/readable-stream/lib/internal/streams/readable.js:707:22)
    at Framer.emit (node:events:519:28)
    at addChunk (/root/.openclaw/workspace/node_modules/readable-stream/lib/internal/streams/readable.js:323:12) {
  errno: -32,
  code: 'EPIPE',
  syscall: 'write'
}
[forge2] Error: write EPIPE
[forge2] Disconnected
[forge2] Waiting for spawn...
[forge2] ✅ Spawned in world at (-160.53144184266745, 49, -151.02363200224417)
[forge2] Connecting to Brain at ws://localhost:8767
[forge2] ✅ Brain connected
[forge2] Brain command: registered
Error: write EPIPE
    at afterWriteDispatched (node:internal/stream_base_commons:159:15)
    at writeGeneric (node:internal/stream_base_commons:150:3)
    at Socket._writeGeneric (node:net:966:11)
    at Socket._write (node:net:978:8)
    at writeOrBuffer (node:internal/streams/writable:572:12)
    at _write (node:internal/streams/writable:501:10)
    at Writable.write (node:internal/streams/writable:510:10)
    at Framer.ondata (/root/.openclaw/workspace/node_modules/readable-stream/lib/internal/streams/readable.js:707:22)
    at Framer.emit (node:events:519:28)
    at addChunk (/root/.openclaw/workspace/node_modules/readable-stream/lib/internal/streams/readable.js:323:12) {
  errno: -32,
  code: 'EPIPE',
  syscall: 'write'
}
[forge2] Error: write EPIPE
[forge2] Disconnected
[forge2] Starting autonomous agent...
[forge2] Waiting for spawn...
[forge2] Disconnected
[forge2] Starting autonomous agent...
[forge2] Waiting for spawn...
[forge2] ✅ Spawned in world at (-160.50020268588239, 50.09986815340317, -151.9328810907706)
[forge2] Connecting to Brain at ws://localhost:8767
[forge2] ✅ Brain connected
[forge2] Brain command: registered
Error: write EPIPE
    at afterWriteDispatched (node:internal/stream_base_commons:159:15)
    at writeGeneric (node:internal/stream_base_commons:150:3)
    at Socket._writeGeneric (node:net:966:11)
    at Socket._write (node:net:978:8)
    at writeOrBuffer (node:internal/streams/writable:572:12)
    at _write (node:internal/streams/writable:501:10)
    at Writable.write (node:internal/streams/writable:510:10)
    at Framer.ondata (/root/.openclaw/workspace/node_modules/readable-stream/lib/internal/streams/readable.js:707:22)
    at Framer.emit (node:events:519:28)
    at addChunk (/root/.openclaw/workspace/node_modules/readable-stream/lib/internal/streams/readable.js:323:12) {
  errno: -32,
  code: 'EPIPE',
  syscall: 'write'
}
[forge2] Error: write EPIPE
[forge2] Disconnected
[forge2] Starting autonomous agent...
[forge2] Waiting for spawn...
[forge2] ✅ Spawned in world at (-157.5976712012634, 49, -151.7)
[forge2] Connecting to Brain at ws://localhost:8767
[forge2] ✅ Brain connected
[forge2] Brain command: registered
[forge2] Chat: chelios2: Agent chelios2 online!
Error: write EPIPE
    at afterWriteDispatched (node:internal/stream_base_commons:159:15)
    at writeGeneric (node:internal/stream_base_commons:150:3)
    at Socket._writeGeneric (node:net:966:11)
    at Socket._write (node:net:978:8)
    at writeOrBuffer (node:internal/streams/writable:572:12)
    at _write (node:internal/streams/writable:501:10)
    at Writable.write (node:internal/streams/writable:510:10)
    at Framer.ondata (/root/.openclaw/workspace/node_modules/readable-stream/lib/internal/streams/readable.js:707:22)
    at Framer.emit (node:events:519:28)
    at addChunk (/root/.openclaw/workspace/node_modules/readable-stream/lib/internal/streams/readable.js:323:12) {
  errno: -32,
  code: 'EPIPE',
  syscall: 'write'
}
[forge2] Error: write EPIPE
[forge2] Disconnected
[forge2] Starting autonomous agent...
[forge2] Waiting for spawn...
[forge2] ✅ Spawned in world at (-157.4971044242085, 48.15312379606114, -154.31496000773657)
[forge2] Connecting to Brain at ws://localhost:8767
[forge2] ✅ Brain connected
[forge2] Brain command: registered
Error: write EPIPE
    at afterWriteDispatched (node:internal/stream_base_commons:159:15)
    at writeGeneric (node:internal/stream_base_commons:150:3)
    at Socket._writeGeneric (node:net:966:11)
    at Socket._write (node:net:978:8)
    at writeOrBuffer (node:internal/streams/writable:572:12)
    at _write (node:internal/streams/writable:501:10)
    at Writable.write (node:internal/streams/writable:510:10)
    at Framer.ondata (/root/.openclaw/workspace/node_modules/readable-stream/lib/internal/streams/readable.js:707:22)
    at Framer.emit (node:events:519:28)
    at addChunk (/root/.openclaw/workspace/node_modules/readable-stream/lib/internal/streams/readable.js:323:12) {
  errno: -32,
  code: 'EPIPE',
  syscall: 'write'
}
[forge2] Error: write EPIPE
[forge2] Disconnected
[forge2] Starting autonomous agent...
[forge2] Waiting for spawn...
[forge2] Disconnected
[forge2] Starting autonomous agent...
[forge2] Waiting for spawn...
[forge2] ✅ Spawned in world at (-160.7, 49.50307780469345, -150.3414596517291)
[forge2] Connecting to Brain at ws://localhost:8767
[forge2] ✅ Brain connected
[forge2] Brain command: registered
Error: write EPIPE
    at afterWriteDispatched (node:internal/stream_base_commons:159:15)
    at writeGeneric (node:internal/stream_base_commons:150:3)
    at Socket._writeGeneric (node:net:966:11)
    at Socket._write (node:net:978:8)
    at writeOrBuffer (node:internal/streams/writable:572:12)
    at _write (node:internal/streams/writable:501:10)
    at Writable.write (node:internal/streams/writable:510:10)
    at Framer.ondata (/root/.openclaw/workspace/node_modules/readable-stream/lib/internal/streams/readable.js:707:22)
    at Framer.emit (node:events:519:28)
    at addChunk (/root/.openclaw/workspace/node_modules/readable-stream/lib/internal/streams/readable.js:323:12) {
  errno: -32,
  code: 'EPIPE',
  syscall: 'write'
}
[forge2] Error: write EPIPE
[forge2] Disconnected
[forge2] Starting autonomous agent...
[forge2] Waiting for spawn...
[forge2] ✅ Spawned in world at (-157.1755816618844, 50, -151.42099988553042)
[forge2] Connecting to Brain at ws://localhost:8767
[forge2] ✅ Brain connected
[forge2] Brain command: registered
Error: write EPIPE
    at afterWriteDispatched (node:internal/stream_base_commons:159:15)
    at writeGeneric (node:internal/stream_base_commons:150:3)
    at Socket._writeGeneric (node:net:966:11)
    at Socket._write (node:net:978:8)
    at writeOrBuffer (node:internal/streams/writable:572:12)
    at _write (node:internal/streams/writable:501:10)
    at Writable.write (node:internal/streams/writable:510:10)
    at Framer.ondata (/root/.openclaw/workspace/node_modules/readable-stream/lib/internal/streams/readable.js:707:22)
    at Framer.emit (node:events:519:28)
    at addChunk (/root/.openclaw/workspace/node_modules/readable-stream/lib/internal/streams/readable.js:323:12) {
  errno: -32,
  code: 'EPIPE',
  syscall: 'write'
}
[forge2] Error: write EPIPE
[forge2] Disconnected
[forge2] Starting autonomous agent...
[forge2] Waiting for spawn...
[forge2] Disconnected
[forge2] Starting autonomous agent...
[forge2] Waiting for spawn...
[forge2] ✅ Spawned in world at (-158.50435174035061, 50, -147.5)
[forge2] Connecting to Brain at ws://localhost:8767
[forge2] ✅ Brain connected
[forge2] Brain command: registered
[forge2] Chat: aurora: Agent aurora online!
[forge2] Chat: chelios2: Agent chelios2 online!
[forge2] Chat: patricia2: Agent patricia2 online!
Error: write EPIPE
    at afterWriteDispatched (node:internal/stream_base_commons:159:15)
    at writeGeneric (node:internal/stream_base_commons:150:3)
    at Socket._writeGeneric (node:net:966:11)
    at Socket._write (node:net:978:8)
    at writeOrBuffer (node:internal/streams/writable:572:12)
    at _write (node:internal/streams/writable:501:10)
    at Writable.write (node:internal/streams/writable:510:10)
    at Framer.ondata (/root/.openclaw/workspace/node_modules/readable-stream/lib/internal/streams/readable.js:707:22)
    at Framer.emit (node:events:519:28)
    at addChunk (/root/.openclaw/workspace/node_modules/readable-stream/lib/internal/streams/readable.js:323:12) {
  errno: -32,
  code: 'EPIPE',
  syscall: 'write'
}
[forge2] Error: write EPIPE
[forge2] Disconnected
[forge2] Starting autonomous agent...
[forge2] Waiting for spawn...
[forge2] ✅ Spawned in world at (-158.50066935744914, 50, -145.5)
[forge2] Connecting to Brain at ws://localhost:8767
[forge2] ✅ Brain connected
[forge2] Brain command: registered
Error: client timed out after 30000 milliseconds
    at Timeout._onTimeout (/root/.openclaw/workspace/node_modules/minecraft-protocol/src/client/keepalive.js:18:28)
    at listOnTimeout (node:internal/timers:585:17)
    at process.processTimers (node:internal/timers:521:7)
[forge2] Error: client timed out after 30000 milliseconds
[forge2] Disconnected
[forge2] Starting autonomous agent...
[forge2] Waiting for spawn...
[forge2] Disconnected
[forge2] Starting autonomous agent...
[forge2] Waiting for spawn...
[forge2] Disconnected
[forge2] Starting autonomous agent...
[forge2] Waiting for spawn...
[forge2] ✅ Spawned in world at (-156.1966702467658, 49, -154.98786531848071)
[forge2] Connecting to Brain at ws://localhost:8767
[forge2] Chat: patricia2: Agent patricia2 online!
[forge2] ✅ Brain connected
[forge2] Brain command: registered
Error: write EPIPE
    at afterWriteDispatched (node:internal/stream_base_commons:159:15)
    at writeGeneric (node:internal/stream_base_commons:150:3)
    at Socket._writeGeneric (node:net:966:11)
    at Socket._write (node:net:978:8)
    at writeOrBuffer (node:internal/streams/writable:572:12)
    at _write (node:internal/streams/writable:501:10)
    at Writable.write (node:internal/streams/writable:510:10)
    at Framer.ondata (/root/.openclaw/workspace/node_modules/readable-stream/lib/internal/streams/readable.js:707:22)
    at Framer.emit (node:events:519:28)
    at addChunk (/root/.openclaw/workspace/node_modules/readable-stream/lib/internal/streams/readable.js:323:12) {
  errno: -32,
  code: 'EPIPE',
  syscall: 'write'
}
[forge2] Error: write EPIPE
[forge2] Disconnected
[forge2] Starting autonomous agent...
[forge2] Waiting for spawn...
[forge2] ✅ Spawned in world at (-153.46881646320404, 49, -156.22930704589095)
[forge2] Connecting to Brain at ws://localhost:8767
[forge2] ✅ Brain connected
[forge2] Brain command: registered
[forge2] Disconnected
[forge2] Starting autonomous agent...
[forge2] Waiting for spawn...
[forge2] ✅ Spawned in world at (-153.48583498296068, 49, -155.67054337748306)
[forge2] Connecting to Brain at ws://localhost:8767
[forge2] ✅ Brain connected
[forge2] Brain command: registered
Error: write EPIPE
    at afterWriteDispatched (node:internal/stream_base_commons:159:15)
    at writeGeneric (node:internal/stream_base_commons:150:3)
    at Socket._writeGeneric (node:net:966:11)
    at Socket._write (node:net:978:8)
    at writeOrBuffer (node:internal/streams/writable:572:12)
    at _write (node:internal/streams/writable:501:10)
    at Writable.write (node:internal/streams/writable:510:10)
    at Framer.ondata (/root/.openclaw/workspace/node_modules/readable-stream/lib/internal/streams/readable.js:707:22)
    at Framer.emit (node:events:519:28)
    at addChunk (/root/.openclaw/workspace/node_modules/readable-stream/lib/internal/streams/readable.js:323:12) {
  errno: -32,
  code: 'EPIPE',
  syscall: 'write'
}
[forge2] Error: write EPIPE
[forge2] Disconnected
[forge2] Starting autonomous agent...
[forge2] Waiting for spawn...
[forge2] ✅ Spawned in world at (-156.42336876066696, 48, -155.4964674360876)
[forge2] Connecting to Brain at ws://localhost:8767
[forge2] ✅ Brain connected
[forge2] Brain command: registered
Error: write EPIPE
    at afterWriteDispatched (node:internal/stream_base_commons:159:15)
    at writeGeneric (node:internal/stream_base_commons:150:3)
    at Socket._writeGeneric (node:net:966:11)
    at Socket._write (node:net:978:8)
    at writeOrBuffer (node:internal/streams/writable:572:12)
    at _write (node:internal/streams/writable:501:10)
    at Writable.write (node:internal/streams/writable:510:10)
    at Framer.ondata (/root/.openclaw/workspace/node_modules/readable-stream/lib/internal/streams/readable.js:707:22)
    at Framer.emit (node:events:519:28)
    at addChunk (/root/.openclaw/workspace/node_modules/readable-stream/lib/internal/streams/readable.js:323:12) {
  errno: -32,
  code: 'EPIPE',
  syscall: 'write'
}
[forge2] Error: write EPIPE
[forge2] Disconnected
[forge2] Starting autonomous agent...
[forge2] Waiting for spawn...
[forge2] ✅ Spawned in world at (-158.55324397573173, 49.54496950023547, -150.46778028807148)
[forge2] Connecting to Brain at ws://localhost:8767
[forge2] ✅ Brain connected
[forge2] Brain command: registered
[forge2] Chat: aurora: Agent aurora online!
[forge2] Chat: patricia2: Agent patricia2 online!
[forge2] Starting autonomous agent...
[forge2] Chat: chelios: Agent chelios online!
[forge2] Waiting for spawn...
[forge2] Disconnected
[forge2] Chat: patricia2: Agent patricia2 online!
[forge2] Chat: aurora: Agent aurora online!
[forge2] Chat: chelios2: Agent chelios2 online!
[forge2] Starting autonomous agent...
[forge2] Chat: forge: Agent forge online!
[forge2] Waiting for spawn...
[forge2] Chat: patricia: Agent patricia online!
Error: write EPIPE
    at afterWriteDispatched (node:internal/stream_base_commons:159:15)
    at writeGeneric (node:internal/stream_base_commons:150:3)
    at Socket._writeGeneric (node:net:966:11)
    at Socket._write (node:net:978:8)
    at writeOrBuffer (node:internal/streams/writable:572:12)
    at _write (node:internal/streams/writable:501:10)
    at Writable.write (node:internal/streams/writable:510:10)
    at Framer.ondata (/root/.openclaw/workspace/node_modules/readable-stream/lib/internal/streams/readable.js:707:22)
    at Framer.emit (node:events:519:28)
    at addChunk (/root/.openclaw/workspace/node_modules/readable-stream/lib/internal/streams/readable.js:323:12) {
  errno: -32,
  code: 'EPIPE',
  syscall: 'write'
}
[forge2] Error: write EPIPE
[forge2] Disconnected
[forge2] ✅ Spawned in world at (-128.9837025456117, 51, -190.3)
[forge2] Connecting to Brain at ws://localhost:8767
[forge2] ✅ Brain connected
[forge2] Brain command: registered
[forge2] Chat: patricia2: Agent patricia2 online!
[forge2] Chat: chelios2: Agent chelios2 online!
Error: client timed out after 30000 milliseconds
    at Timeout._onTimeout (/root/.openclaw/workspace/node_modules/minecraft-protocol/src/client/keepalive.js:18:28)
    at listOnTimeout (node:internal/timers:585:17)
    at process.processTimers (node:internal/timers:521:7)
[forge2] Error: client timed out after 30000 milliseconds
[forge2] Disconnected
[forge2] Starting autonomous agent...
[forge2] Waiting for spawn...
[forge2] ✅ Spawned in world at (-135.98853184866252, 51, -196.3)
[forge2] Connecting to Brain at ws://localhost:8767
[forge2] ✅ Brain connected
[forge2] Brain command: registered
[forge2] Starting autonomous agent...
[forge2] Chat: forge: Agent forge online!
[forge2] Waiting for spawn...
[forge2] Chat: patricia: Agent patricia online!
[forge2] Chat: chelios: Agent chelios online!
Error: write EPIPE
    at afterWriteDispatched (node:internal/stream_base_commons:159:15)
    at writeGeneric (node:internal/stream_base_commons:150:3)
    at Socket._writeGeneric (node:net:966:11)
    at Socket._write (node:net:978:8)
    at writeOrBuffer (node:internal/streams/writable:572:12)
    at _write (node:internal/streams/writable:501:10)
    at Writable.write (node:internal/streams/writable:510:10)
    at Framer.ondata (/root/.openclaw/workspace/node_modules/readable-stream/lib/internal/streams/readable.js:707:22)
    at Framer.emit (node:events:519:28)
    at addChunk (/root/.openclaw/workspace/node_modules/readable-stream/lib/internal/streams/readable.js:323:12) {
  errno: -32,
  code: 'EPIPE',
  syscall: 'write'
}
[forge2] Error: write EPIPE
[forge2] Disconnected
[forge2] ✅ Spawned in world at (-84.50023495300617, 43, -192.31497796847395)
[forge2] Connecting to Brain at ws://localhost:8767
[forge2] ✅ Brain connected
[forge2] Brain command: registered
[forge2] Chat: chelios2: Agent chelios2 online!
Error: client timed out after 30000 milliseconds
    at Timeout._onTimeout (/root/.openclaw/workspace/node_modules/minecraft-protocol/src/client/keepalive.js:18:28)
    at listOnTimeout (node:internal/timers:585:17)
    at process.processTimers (node:internal/timers:521:7)
[forge2] Error: client timed out after 30000 milliseconds
[forge2] Disconnected
[forge2] Starting autonomous agent...
[forge2] Waiting for spawn...
[forge2] ✅ Spawned in world at (-85.41210749064656, 42.91797326234727, -188.7)
[forge2] Connecting to Brain at ws://localhost:8767
[forge2] ✅ Brain connected
[forge2] Brain command: registered
Error: client timed out after 30000 milliseconds
    at Timeout._onTimeout (/root/.openclaw/workspace/node_modules/minecraft-protocol/src/client/keepalive.js:18:28)
    at listOnTimeout (node:internal/timers:585:17)
    at process.processTimers (node:internal/timers:521:7)
[forge2] Error: client timed out after 30000 milliseconds
[forge2] Disconnected
[forge2] Starting autonomous agent...
[forge2] Waiting for spawn...
[forge2] ✅ Spawned in world at (-91.39695656454852, 40, -192.50025837390072)
[forge2] Connecting to Brain at ws://localhost:8767
[forge2] ✅ Brain connected
[forge2] Brain command: registered
Error: write ECONNRESET
    at afterWriteDispatched (node:internal/stream_base_commons:159:15)
    at writeGeneric (node:internal/stream_base_commons:150:3)
    at Socket._writeGeneric (node:net:966:11)
    at Socket._write (node:net:978:8)
    at writeOrBuffer (node:internal/streams/writable:572:12)
    at _write (node:internal/streams/writable:501:10)
    at Writable.write (node:internal/streams/writable:510:10)
    at Framer.ondata (/root/.openclaw/workspace/node_modules/readable-stream/lib/internal/streams/readable.js:707:22)
    at Framer.emit (node:events:519:28)
    at addChunk (/root/.openclaw/workspace/node_modules/readable-stream/lib/internal/streams/readable.js:323:12) {
  errno: -104,
  code: 'ECONNRESET',
  syscall: 'write'
}
[forge2] Error: write ECONNRESET
[forge2] Disconnected
[forge2] Starting autonomous agent...
[forge2] Waiting for spawn...
[forge2] Disconnected
[forge2] Starting autonomous agent...
[forge2] Waiting for spawn...
[forge2] Disconnected
[forge2] Starting autonomous agent...
[forge2] Waiting for spawn...
[forge2] ✅ Spawned in world at (-90.0964629738644, 43, -188.3)
[forge2] Connecting to Brain at ws://localhost:8767
[forge2] ✅ Brain connected
[forge2] Brain command: registered
Error: write EPIPE
    at afterWriteDispatched (node:internal/stream_base_commons:159:15)
    at writeGeneric (node:internal/stream_base_commons:150:3)
    at Socket._writeGeneric (node:net:966:11)
    at Socket._write (node:net:978:8)
    at writeOrBuffer (node:internal/streams/writable:572:12)
    at _write (node:internal/streams/writable:501:10)
    at Writable.write (node:internal/streams/writable:510:10)
    at Framer.ondata (/root/.openclaw/workspace/node_modules/readable-stream/lib/internal/streams/readable.js:707:22)
    at Framer.emit (node:events:519:28)
    at addChunk (/root/.openclaw/workspace/node_modules/readable-stream/lib/internal/streams/readable.js:323:12) {
  errno: -32,
  code: 'EPIPE',
  syscall: 'write'
}
[forge2] Error: write EPIPE
[forge2] Disconnected
[forge2] Starting autonomous agent...
[forge2] Waiting for spawn...
[forge2] Disconnected
[forge2] Starting autonomous agent...
[forge2] Waiting for spawn...
[forge2] ✅ Spawned in world at (-83.69822558493645, 43, -193.46308133242172)
[forge2] Connecting to Brain at ws://localhost:8767
[forge2] ✅ Brain connected
[forge2] Brain command: registered
Error: write EPIPE
    at afterWriteDispatched (node:internal/stream_base_commons:159:15)
    at writeGeneric (node:internal/stream_base_commons:150:3)
    at Socket._writeGeneric (node:net:966:11)
    at Socket._write (node:net:978:8)
    at writeOrBuffer (node:internal/streams/writable:572:12)
    at _write (node:internal/streams/writable:501:10)
    at Writable.write (node:internal/streams/writable:510:10)
    at Framer.ondata (/root/.openclaw/workspace/node_modules/readable-stream/lib/internal/streams/readable.js:707:22)
    at Framer.emit (node:events:519:28)
    at addChunk (/root/.openclaw/workspace/node_modules/readable-stream/lib/internal/streams/readable.js:323:12) {
  errno: -32,
  code: 'EPIPE',
  syscall: 'write'
}
[forge2] Error: write EPIPE
[forge2] Disconnected
[forge2] Starting autonomous agent...
[forge2] Waiting for spawn...
[forge2] Disconnected
[forge2] Starting autonomous agent...
[forge2] Waiting for spawn...
[forge2] Disconnected
[forge2] Starting autonomous agent...
[forge2] Waiting for spawn...
[forge2] ✅ Spawned in world at (-84.49961500406567, 42, -196.44237820557413)
[forge2] Connecting to Brain at ws://localhost:8767
[forge2] ✅ Brain connected
[forge2] Brain command: registered
Error: write EPIPE
    at afterWriteDispatched (node:internal/stream_base_commons:159:15)
    at writeGeneric (node:internal/stream_base_commons:150:3)
    at Socket._writeGeneric (node:net:966:11)
    at Socket._write (node:net:978:8)
    at writeOrBuffer (node:internal/streams/writable:572:12)
    at _write (node:internal/streams/writable:501:10)
    at Writable.write (node:internal/streams/writable:510:10)
    at Framer.ondata (/root/.openclaw/workspace/node_modules/readable-stream/lib/internal/streams/readable.js:707:22)
    at Framer.emit (node:events:519:28)
    at addChunk (/root/.openclaw/workspace/node_modules/readable-stream/lib/internal/streams/readable.js:323:12) {
  errno: -32,
  code: 'EPIPE',
  syscall: 'write'
}
[forge2] Error: write EPIPE
[forge2] Disconnected
[forge2] Starting autonomous agent...
[forge2] Waiting for spawn...
[forge2] Chat: aurora: Agent aurora online!
[forge2] ✅ Spawned in world at (-84.49975603844965, 41, -198.31497817245022)
[forge2] Connecting to Brain at ws://localhost:8767
[forge2] Chat: patricia2: Agent patricia2 online!
[forge2] ✅ Brain connected
[forge2] Brain command: registered
Error: write EPIPE
    at afterWriteDispatched (node:internal/stream_base_commons:159:15)
    at writeGeneric (node:internal/stream_base_commons:150:3)
    at Socket._writeGeneric (node:net:966:11)
    at Socket._write (node:net:978:8)
    at writeOrBuffer (node:internal/streams/writable:572:12)
    at _write (node:internal/streams/writable:501:10)
    at Writable.write (node:internal/streams/writable:510:10)
    at Framer.ondata (/root/.openclaw/workspace/node_modules/readable-stream/lib/internal/streams/readable.js:707:22)
    at Framer.emit (node:events:519:28)
    at addChunk (/root/.openclaw/workspace/node_modules/readable-stream/lib/internal/streams/readable.js:323:12) {
  errno: -32,
  code: 'EPIPE',
  syscall: 'write'
}
[forge2] Error: write EPIPE
[forge2] Disconnected
[forge2] Starting autonomous agent...
[forge2] Waiting for spawn...
[forge2] ✅ Spawned in world at (-84.40030432562897, 41.50307780469345, -199.6038132459013)
[forge2] Connecting to Brain at ws://localhost:8767
[forge2] ✅ Brain connected
[forge2] Brain command: registered
[forge2] Chat: patricia2: Agent patricia2 online!
Error: write EPIPE
    at afterWriteDispatched (node:internal/stream_base_commons:159:15)
    at writeGeneric (node:internal/stream_base_commons:150:3)
    at Socket._writeGeneric (node:net:966:11)
    at Socket._write (node:net:978:8)
    at writeOrBuffer (node:internal/streams/writable:572:12)
    at _write (node:internal/streams/writable:501:10)
    at Writable.write (node:internal/streams/writable:510:10)
    at Framer.ondata (/root/.openclaw/workspace/node_modules/readable-stream/lib/internal/streams/readable.js:707:22)
    at Framer.emit (node:events:519:28)
    at addChunk (/root/.openclaw/workspace/node_modules/readable-stream/lib/internal/streams/readable.js:323:12) {
  errno: -32,
  code: 'EPIPE',
  syscall: 'write'
}
[forge2] Error: write EPIPE
[forge2] Disconnected
[forge2] Starting autonomous agent...
[forge2] Waiting for spawn...
[forge2] ✅ Spawned in world at (-82.68502145676376, 42, -192.50003753869782)
[forge2] Connecting to Brain at ws://localhost:8767
[forge2] ✅ Brain connected
[forge2] Brain command: registered
[forge2] Chat: aurora: Agent aurora online!
Error: write EPIPE
    at afterWriteDispatched (node:internal/stream_base_commons:159:15)
    at writeGeneric (node:internal/stream_base_commons:150:3)
    at Socket._writeGeneric (node:net:966:11)
    at Socket._write (node:net:978:8)
    at writeOrBuffer (node:internal/streams/writable:572:12)
    at _write (node:internal/streams/writable:501:10)
    at Writable.write (node:internal/streams/writable:510:10)
    at Framer.ondata (/root/.openclaw/workspace/node_modules/readable-stream/lib/internal/streams/readable.js:707:22)
    at Framer.emit (node:events:519:28)
    at addChunk (/root/.openclaw/workspace/node_modules/readable-stream/lib/internal/streams/readable.js:323:12) {
  errno: -32,
  code: 'EPIPE',
  syscall: 'write'
}
[forge2] Error: write EPIPE
[forge2] Disconnected
[forge2] Starting autonomous agent...
[forge2] Waiting for spawn...
[forge2] Disconnected
[forge2] Starting autonomous agent...
[forge2] Waiting for spawn...
[forge2] ✅ Spawned in world at (-82.53644451319244, 42, -191.69871680305042)
[forge2] Connecting to Brain at ws://localhost:8767
[forge2] ✅ Brain connected
[forge2] Brain command: registered
[forge2] Chat: chelios2: Agent chelios2 online!
Error: write EPIPE
    at afterWriteDispatched (node:internal/stream_base_commons:159:15)
    at writeGeneric (node:internal/stream_base_commons:150:3)
    at Socket._writeGeneric (node:net:966:11)
    at Socket._write (node:net:978:8)
    at writeOrBuffer (node:internal/streams/writable:572:12)
    at _write (node:internal/streams/writable:501:10)
    at Writable.write (node:internal/streams/writable:510:10)
    at Framer.ondata (/root/.openclaw/workspace/node_modules/readable-stream/lib/internal/streams/readable.js:707:22)
    at Framer.emit (node:events:519:28)
    at addChunk (/root/.openclaw/workspace/node_modules/readable-stream/lib/internal/streams/readable.js:323:12) {
  errno: -32,
  code: 'EPIPE',
  syscall: 'write'
}
[forge2] Error: write EPIPE
[forge2] Disconnected
[forge2] Starting autonomous agent...
[forge2] Waiting for spawn...
[forge2] ✅ Spawned in world at (-88.68966974107347, 42.77364749156716, -188.51692763928327)
[forge2] Connecting to Brain at ws://localhost:8767
[forge2] ✅ Brain connected
[forge2] Brain command: registered
Error: write EPIPE
    at afterWriteDispatched (node:internal/stream_base_commons:159:15)
    at writeGeneric (node:internal/stream_base_commons:150:3)
    at Socket._writeGeneric (node:net:966:11)
    at Socket._write (node:net:978:8)
    at writeOrBuffer (node:internal/streams/writable:572:12)
    at _write (node:internal/streams/writable:501:10)
    at Writable.write (node:internal/streams/writable:510:10)
    at Framer.ondata (/root/.openclaw/workspace/node_modules/readable-stream/lib/internal/streams/readable.js:707:22)
    at Framer.emit (node:events:519:28)
    at addChunk (/root/.openclaw/workspace/node_modules/readable-stream/lib/internal/streams/readable.js:323:12) {
  errno: -32,
  code: 'EPIPE',
  syscall: 'write'
}
[forge2] Error: write EPIPE
[forge2] Disconnected
[forge2] Starting autonomous agent...
[forge2] Waiting for spawn...
[forge2] ✅ Spawned in world at (-84.50041634248618, 43, -194.2399761911988)
[forge2] Connecting to Brain at ws://localhost:8767
[forge2] ✅ Brain connected
[forge2] Brain command: registered
[forge2] Chat: chelios2: Agent chelios2 online!
Error: client timed out after 30000 milliseconds
    at Timeout._onTimeout (/root/.openclaw/workspace/node_modules/minecraft-protocol/src/client/keepalive.js:18:28)
    at listOnTimeout (node:internal/timers:585:17)
    at process.processTimers (node:internal/timers:521:7)
[forge2] Error: client timed out after 30000 milliseconds
[forge2] Disconnected
[forge2] Starting autonomous agent...
[forge2] Waiting for spawn...
[forge2] Disconnected
[forge2] Starting autonomous agent...
[forge2] Waiting for spawn...
[forge2] ✅ Spawned in world at (-84.49997518571334, 41.3188700969741, -198.86393699440504)
[forge2] Connecting to Brain at ws://localhost:8767
[forge2] ✅ Brain connected
[forge2] Brain command: registered
Error: write EPIPE
    at afterWriteDispatched (node:internal/stream_base_commons:159:15)
    at writeGeneric (node:internal/stream_base_commons:150:3)
    at Socket._writeGeneric (node:net:966:11)
    at Socket._write (node:net:978:8)
    at writeOrBuffer (node:internal/streams/writable:572:12)
    at _write (node:internal/streams/writable:501:10)
    at Writable.write (node:internal/streams/writable:510:10)
    at Framer.ondata (/root/.openclaw/workspace/node_modules/readable-stream/lib/internal/streams/readable.js:707:22)
    at Framer.emit (node:events:519:28)
    at addChunk (/root/.openclaw/workspace/node_modules/readable-stream/lib/internal/streams/readable.js:323:12) {
  errno: -32,
  code: 'EPIPE',
  syscall: 'write'
}
[forge2] Error: write EPIPE
[forge2] Disconnected
[forge2] Starting autonomous agent...
[forge2] Waiting for spawn...
[forge2] ✅ Spawned in world at (-82.59767110772174, 40, -201.7)
[forge2] Connecting to Brain at ws://localhost:8767
[forge2] ✅ Brain connected
[forge2] Brain command: registered
Error: write EPIPE
    at afterWriteDispatched (node:internal/stream_base_commons:159:15)
    at writeGeneric (node:internal/stream_base_commons:150:3)
    at Socket._writeGeneric (node:net:966:11)
    at Socket._write (node:net:978:8)
    at writeOrBuffer (node:internal/streams/writable:572:12)
    at _write (node:internal/streams/writable:501:10)
    at Writable.write (node:internal/streams/writable:510:10)
    at Framer.ondata (/root/.openclaw/workspace/node_modules/readable-stream/lib/internal/streams/readable.js:707:22)
    at Framer.emit (node:events:519:28)
    at addChunk (/root/.openclaw/workspace/node_modules/readable-stream/lib/internal/streams/readable.js:323:12) {
  errno: -32,
  code: 'EPIPE',
  syscall: 'write'
}
[forge2] Error: write EPIPE
[forge2] Disconnected
[forge2] Starting autonomous agent...
[forge2] Waiting for spawn...
[forge2] Disconnected
[forge2] Starting autonomous agent...
[forge2] Waiting for spawn...
[forge2] ✅ Spawned in world at (-82.59767110772174, 39.15312379606114, -201.7)
[forge2] Connecting to Brain at ws://localhost:8767
[forge2] ✅ Brain connected
[forge2] Brain command: registered
[forge2] Starting autonomous agent...
[forge2] Chat: forge: Agent forge online!
[forge2] Waiting for spawn...
[forge2] Chat: patricia: Agent patricia online!
[forge2] Disconnected
[forge2] ✅ Spawned in world at (-78.7, 36, -202.3463408776437)
[forge2] Connecting to Brain at ws://localhost:8767
[forge2] ✅ Brain connected
[forge2] Brain command: registered
Error: write EPIPE
    at afterWriteDispatched (node:internal/stream_base_commons:159:15)
    at writeGeneric (node:internal/stream_base_commons:150:3)
    at Socket._writeGeneric (node:net:966:11)
    at Socket._write (node:net:978:8)
    at writeOrBuffer (node:internal/streams/writable:572:12)
    at _write (node:internal/streams/writable:501:10)
    at Writable.write (node:internal/streams/writable:510:10)
    at Framer.ondata (/root/.openclaw/workspace/node_modules/readable-stream/lib/internal/streams/readable.js:707:22)
    at Framer.emit (node:events:519:28)
    at addChunk (/root/.openclaw/workspace/node_modules/readable-stream/lib/internal/streams/readable.js:323:12) {
  errno: -32,
  code: 'EPIPE',
  syscall: 'write'
}
[forge2] Error: write EPIPE
[forge2] Disconnected
[forge2] Starting autonomous agent...
[forge2] Waiting for spawn...
[forge2] ✅ Spawned in world at (-78.7, 36, -202.3463408776437)
[forge2] Connecting to Brain at ws://localhost:8767
[forge2] ✅ Brain connected
[forge2] Brain command: registered
[forge2] Chat: chelios2: Agent chelios2 online!
Error: write EPIPE
    at afterWriteDispatched (node:internal/stream_base_commons:159:15)
    at writeGeneric (node:internal/stream_base_commons:150:3)
    at Socket._writeGeneric (node:net:966:11)
    at Socket._write (node:net:978:8)
    at writeOrBuffer (node:internal/streams/writable:572:12)
    at _write (node:internal/streams/writable:501:10)
    at Writable.write (node:internal/streams/writable:510:10)
    at Framer.ondata (/root/.openclaw/workspace/node_modules/readable-stream/lib/internal/streams/readable.js:707:22)
    at Framer.emit (node:events:519:28)
    at addChunk (/root/.openclaw/workspace/node_modules/readable-stream/lib/internal/streams/readable.js:323:12) {
  errno: -32,
  code: 'EPIPE',
  syscall: 'write'
}
[forge2] Error: write EPIPE
[forge2] Disconnected
[forge2] Starting autonomous agent...
[forge2] Waiting for spawn...
[forge2] ✅ Spawned in world at (-78.7, 36, -202.3463408776437)
[forge2] Connecting to Brain at ws://localhost:8767
[forge2] Chat: chelios2: Agent chelios2 online!
[forge2] ✅ Brain connected
[forge2] Brain command: registered
Error: write EPIPE
    at afterWriteDispatched (node:internal/stream_base_commons:159:15)
    at writeGeneric (node:internal/stream_base_commons:150:3)
    at Socket._writeGeneric (node:net:966:11)
    at Socket._write (node:net:978:8)
    at writeOrBuffer (node:internal/streams/writable:572:12)
    at _write (node:internal/streams/writable:501:10)
    at Writable.write (node:internal/streams/writable:510:10)
    at Framer.ondata (/root/.openclaw/workspace/node_modules/readable-stream/lib/internal/streams/readable.js:707:22)
    at Framer.emit (node:events:519:28)
    at addChunk (/root/.openclaw/workspace/node_modules/readable-stream/lib/internal/streams/readable.js:323:12) {
  errno: -32,
  code: 'EPIPE',
  syscall: 'write'
}
[forge2] Error: write EPIPE
[forge2] Disconnected
[forge2] Starting autonomous agent...
[forge2] Waiting for spawn...
[forge2] ✅ Spawned in world at (-78.7, 36, -202.3463408776437)
[forge2] Connecting to Brain at ws://localhost:8767
[forge2] ✅ Brain connected
[forge2] Brain command: registered
Error: write EPIPE
    at afterWriteDispatched (node:internal/stream_base_commons:159:15)
    at writeGeneric (node:internal/stream_base_commons:150:3)
    at Socket._writeGeneric (node:net:966:11)
    at Socket._write (node:net:978:8)
    at writeOrBuffer (node:internal/streams/writable:572:12)
    at _write (node:internal/streams/writable:501:10)
    at Writable.write (node:internal/streams/writable:510:10)
    at Framer.ondata (/root/.openclaw/workspace/node_modules/readable-stream/lib/internal/streams/readable.js:707:22)
    at Framer.emit (node:events:519:28)
    at addChunk (/root/.openclaw/workspace/node_modules/readable-stream/lib/internal/streams/readable.js:323:12) {
  errno: -32,
  code: 'EPIPE',
  syscall: 'write'
}
[forge2] Error: write EPIPE
[forge2] Disconnected
[forge2] Starting autonomous agent...
[forge2] Waiting for spawn...
[forge2] Disconnected
[forge2] Starting autonomous agent...
[forge2] Waiting for spawn...
[forge2] Starting autonomous agent...
[forge2] Disconnected
[forge2] Waiting for spawn...
[forge2] Disconnected
[forge2] Starting autonomous agent...
[forge2] Waiting for spawn...
[forge2] ✅ Spawned in world at (-78.7, 36, -202.3463408776437)
[forge2] Connecting to Brain at ws://localhost:8767
[forge2] ✅ Brain connected
[forge2] Brain command: registered
Error: write EPIPE
    at afterWriteDispatched (node:internal/stream_base_commons:159:15)
    at writeGeneric (node:internal/stream_base_commons:150:3)
    at Socket._writeGeneric (node:net:966:11)
    at Socket._write (node:net:978:8)
    at writeOrBuffer (node:internal/streams/writable:572:12)
    at _write (node:internal/streams/writable:501:10)
    at Writable.write (node:internal/streams/writable:510:10)
    at Framer.ondata (/root/.openclaw/workspace/node_modules/readable-stream/lib/internal/streams/readable.js:707:22)
    at Framer.emit (node:events:519:28)
    at addChunk (/root/.openclaw/workspace/node_modules/readable-stream/lib/internal/streams/readable.js:323:12) {
  errno: -32,
  code: 'EPIPE',
  syscall: 'write'
}
[forge2] Error: write EPIPE
[forge2] Disconnected
[forge2] Starting autonomous agent...
[forge2] Waiting for spawn...
[forge2] ✅ Spawned in world at (-78.7, 36, -202.3463408776437)
[forge2] Connecting to Brain at ws://localhost:8767
[forge2] ✅ Brain connected
[forge2] Brain command: registered
Error: write EPIPE
    at afterWriteDispatched (node:internal/stream_base_commons:159:15)
    at writeGeneric (node:internal/stream_base_commons:150:3)
    at Socket._writeGeneric (node:net:966:11)
    at Socket._write (node:net:978:8)
    at writeOrBuffer (node:internal/streams/writable:572:12)
    at _write (node:internal/streams/writable:501:10)
    at Writable.write (node:internal/streams/writable:510:10)
    at Framer.ondata (/root/.openclaw/workspace/node_modules/readable-stream/lib/internal/streams/readable.js:707:22)
    at Framer.emit (node:events:519:28)
    at addChunk (/root/.openclaw/workspace/node_modules/readable-stream/lib/internal/streams/readable.js:323:12) {
  errno: -32,
  code: 'EPIPE',
  syscall: 'write'
}
[forge2] Error: write EPIPE
[forge2] Disconnected
[forge2] Starting autonomous agent...
[forge2] Waiting for spawn...
[forge2] Disconnected
[forge2] Starting autonomous agent...
[forge2] Waiting for spawn...
[forge2] Chat: patricia: Agent patricia online!
[forge2] Chat: chelios: Agent chelios online!
[forge2] ✅ Spawned in world at (-78.7, 36, -202.3463408776437)
[forge2] Connecting to Brain at ws://localhost:8767
[forge2] ✅ Brain connected
[forge2] Brain command: registered
Error: write EPIPE
    at afterWriteDispatched (node:internal/stream_base_commons:159:15)
    at writeGeneric (node:internal/stream_base_commons:150:3)
    at Socket._writeGeneric (node:net:966:11)
    at Socket._write (node:net:978:8)
    at writeOrBuffer (node:internal/streams/writable:572:12)
    at _write (node:internal/streams/writable:501:10)
    at Writable.write (node:internal/streams/writable:510:10)
    at Framer.ondata (/root/.openclaw/workspace/node_modules/readable-stream/lib/internal/streams/readable.js:707:22)
    at Framer.emit (node:events:519:28)
    at addChunk (/root/.openclaw/workspace/node_modules/readable-stream/lib/internal/streams/readable.js:323:12) {
  errno: -32,
  code: 'EPIPE',
  syscall: 'write'
}
[forge2] Error: write EPIPE
[forge2] Disconnected
[forge2] Starting autonomous agent...
[forge2] Waiting for spawn...
[forge2] ✅ Spawned in world at (-78.5, 36, -202.3463408776437)
[forge2] Connecting to Brain at ws://localhost:8767
[forge2] ✅ Brain connected
[forge2] Brain command: registered
Error: write EPIPE
    at afterWriteDispatched (node:internal/stream_base_commons:159:15)
    at writeGeneric (node:internal/stream_base_commons:150:3)
    at Socket._writeGeneric (node:net:966:11)
    at Socket._write (node:net:978:8)
    at writeOrBuffer (node:internal/streams/writable:572:12)
    at _write (node:internal/streams/writable:501:10)
    at Writable.write (node:internal/streams/writable:510:10)
    at Framer.ondata (/root/.openclaw/workspace/node_modules/readable-stream/lib/internal/streams/readable.js:707:22)
    at Framer.emit (node:events:519:28)
    at addChunk (/root/.openclaw/workspace/node_modules/readable-stream/lib/internal/streams/readable.js:323:12) {
  errno: -32,
  code: 'EPIPE',
  syscall: 'write'
}
[forge2] Error: write EPIPE
[forge2] Disconnected
[forge2] Starting autonomous agent...
[forge2] Waiting for spawn...
[forge2] Chat: aurora: Agent aurora online!
[forge2] Chat: forge: Agent forge online!
[forge2] ✅ Spawned in world at (-78.5, 36, -202.3463408776437)
[forge2] Connecting to Brain at ws://localhost:8767
[forge2] ✅ Brain connected
[forge2] Brain command: registered
Error: client timed out after 30000 milliseconds
    at Timeout._onTimeout (/root/.openclaw/workspace/node_modules/minecraft-protocol/src/client/keepalive.js:18:28)
    at listOnTimeout (node:internal/timers:585:17)
    at process.processTimers (node:internal/timers:521:7)
[forge2] Error: client timed out after 30000 milliseconds
[forge2] Disconnected
[forge2] Starting autonomous agent...
[forge2] Waiting for spawn...
[forge2] Chat: aurora: Agent aurora online!
[forge2] ✅ Spawned in world at (-78.5, 36, -202.3463408776437)
[forge2] Connecting to Brain at ws://localhost:8767
[forge2] ✅ Brain connected
[forge2] Brain command: registered
[forge2] Disconnected
[forge2] Starting autonomous agent...
[forge2] Waiting for spawn...
[forge2] ✅ Spawned in world at (-78.5, 36, -202.3463408776437)
[forge2] Connecting to Brain at ws://localhost:8767
[forge2] ✅ Brain connected
[forge2] Brain command: registered
Error: write EPIPE
    at afterWriteDispatched (node:internal/stream_base_commons:159:15)
    at writeGeneric (node:internal/stream_base_commons:150:3)
    at Socket._writeGeneric (node:net:966:11)
    at Socket._write (node:net:978:8)
    at writeOrBuffer (node:internal/streams/writable:572:12)
    at _write (node:internal/streams/writable:501:10)
    at Writable.write (node:internal/streams/writable:510:10)
    at Framer.ondata (/root/.openclaw/workspace/node_modules/readable-stream/lib/internal/streams/readable.js:707:22)
    at Framer.emit (node:events:519:28)
    at addChunk (/root/.openclaw/workspace/node_modules/readable-stream/lib/internal/streams/readable.js:323:12) {
  errno: -32,
  code: 'EPIPE',
  syscall: 'write'
}
[forge2] Error: write EPIPE
[forge2] Disconnected
[forge2] Starting autonomous agent...
[forge2] Waiting for spawn...
[forge2] Disconnected
[forge2] Starting autonomous agent...
[forge2] Waiting for spawn...
[forge2] ✅ Spawned in world at (-78.5, 36, -202.3463408776437)
[forge2] Connecting to Brain at ws://localhost:8767
[forge2] ✅ Brain connected
[forge2] Chat: patricia2: Agent patricia2 online!
[forge2] Brain command: registered
[forge2] Starting autonomous agent...
[forge2] Chat: forge: Agent forge online!
[forge2] Waiting for spawn...
[forge2] Chat: patricia: Agent patricia online!
[forge2] Disconnected
[forge2] Chat: chelios: Agent chelios online!
[forge2] Chat: chelios2: Agent chelios2 online!
[forge2] Starting autonomous agent...
[forge2] Chat: forge: Agent forge online!
[forge2] Chat: patricia: Agent patricia online!
[forge2] Chat: chelios: Agent chelios online!
[forge2] Waiting for spawn...
[forge2] Chat: aurora: Agent aurora online!
[forge2] Disconnected
[forge2] ✅ Spawned in world at (-78.5, 36, -202.3463408776437)
[forge2] Connecting to Brain at ws://localhost:8767
[forge2] ✅ Brain connected
[forge2] Brain command: registered
[forge2] Chat: chelios2: Agent chelios2 online!
Error: write EPIPE
    at afterWriteDispatched (node:internal/stream_base_commons:159:15)
    at writeGeneric (node:internal/stream_base_commons:150:3)
    at Socket._writeGeneric (node:net:966:11)
    at Socket._write (node:net:978:8)
    at writeOrBuffer (node:internal/streams/writable:572:12)
    at _write (node:internal/streams/writable:501:10)
    at Writable.write (node:internal/streams/writable:510:10)
    at Framer.ondata (/root/.openclaw/workspace/node_modules/readable-stream/lib/internal/streams/readable.js:707:22)
    at Framer.emit (node:events:519:28)
    at addChunk (/root/.openclaw/workspace/node_modules/readable-stream/lib/internal/streams/readable.js:323:12) {
  errno: -32,
  code: 'EPIPE',
  syscall: 'write'
}
[forge2] Error: write EPIPE
[forge2] Disconnected
[forge2] Starting autonomous agent...
[forge2] Waiting for spawn...
[forge2] Disconnected
[forge2] Starting autonomous agent...
[forge2] Waiting for spawn...
[forge2] ✅ Spawned in world at (-78.5, 36, -202.3463408776437)
[forge2] Connecting to Brain at ws://localhost:8767
[forge2] ✅ Brain connected
[forge2] Brain command: registered
[forge2] Chat: chelios: Agent chelios online!
Error: write EPIPE
    at afterWriteDispatched (node:internal/stream_base_commons:159:15)
    at writeGeneric (node:internal/stream_base_commons:150:3)
    at Socket._writeGeneric (node:net:966:11)
    at Socket._write (node:net:978:8)
    at writeOrBuffer (node:internal/streams/writable:572:12)
    at _write (node:internal/streams/writable:501:10)
    at Writable.write (node:internal/streams/writable:510:10)
    at Framer.ondata (/root/.openclaw/workspace/node_modules/readable-stream/lib/internal/streams/readable.js:707:22)
    at Framer.emit (node:events:519:28)
    at addChunk (/root/.openclaw/workspace/node_modules/readable-stream/lib/internal/streams/readable.js:323:12) {
  errno: -32,
  code: 'EPIPE',
  syscall: 'write'
}
[forge2] Error: write EPIPE
[forge2] Disconnected
[forge2] Starting autonomous agent...
[forge2] Waiting for spawn...
[forge2] Disconnected
[forge2] Starting autonomous agent...
[forge2] Waiting for spawn...
[forge2] ✅ Spawned in world at (-78.5, 36, -202.3463408776437)
[forge2] Connecting to Brain at ws://localhost:8767
[forge2] ✅ Brain connected
[forge2] Brain command: registered
Error: write EPIPE
    at afterWriteDispatched (node:internal/stream_base_commons:159:15)
    at writeGeneric (node:internal/stream_base_commons:150:3)
    at Socket._writeGeneric (node:net:966:11)
    at Socket._write (node:net:978:8)
    at writeOrBuffer (node:internal/streams/writable:572:12)
    at _write (node:internal/streams/writable:501:10)
    at Writable.write (node:internal/streams/writable:510:10)
    at Framer.ondata (/root/.openclaw/workspace/node_modules/readable-stream/lib/internal/streams/readable.js:707:22)
    at Framer.emit (node:events:519:28)
    at addChunk (/root/.openclaw/workspace/node_modules/readable-stream/lib/internal/streams/readable.js:323:12) {
  errno: -32,
  code: 'EPIPE',
  syscall: 'write'
}
[forge2] Error: write EPIPE
[forge2] Disconnected
[forge2] Starting autonomous agent...
[forge2] Waiting for spawn...
[forge2] Disconnected
[forge2] Starting autonomous agent...
[forge2] Waiting for spawn...
[forge2] ✅ Spawned in world at (-78.5, 36, -202.3463408776437)
[forge2] Connecting to Brain at ws://localhost:8767
[forge2] ✅ Brain connected
[forge2] Brain command: registered
Error: write EPIPE
    at afterWriteDispatched (node:internal/stream_base_commons:159:15)
    at writeGeneric (node:internal/stream_base_commons:150:3)
    at Socket._writeGeneric (node:net:966:11)
    at Socket._write (node:net:978:8)
    at writeOrBuffer (node:internal/streams/writable:572:12)
    at _write (node:internal/streams/writable:501:10)
    at Writable.write (node:internal/streams/writable:510:10)
    at Framer.ondata (/root/.openclaw/workspace/node_modules/readable-stream/lib/internal/streams/readable.js:707:22)
    at Framer.emit (node:events:519:28)
    at addChunk (/root/.openclaw/workspace/node_modules/readable-stream/lib/internal/streams/readable.js:323:12) {
  errno: -32,
  code: 'EPIPE',
  syscall: 'write'
}
[forge2] Error: write EPIPE
[forge2] Disconnected
[forge2] Starting autonomous agent...
[forge2] Waiting for spawn...
[forge2] ✅ Spawned in world at (-78.5, 36, -202.3463408776437)
[forge2] Connecting to Brain at ws://localhost:8767
[forge2] ✅ Brain connected
[forge2] Brain command: registered
[forge2] Chat: chelios2: Agent chelios2 online!
Error: write EPIPE
    at afterWriteDispatched (node:internal/stream_base_commons:159:15)
    at writeGeneric (node:internal/stream_base_commons:150:3)
    at Socket._writeGeneric (node:net:966:11)
    at Socket._write (node:net:978:8)
    at writeOrBuffer (node:internal/streams/writable:572:12)
    at _write (node:internal/streams/writable:501:10)
    at Writable.write (node:internal/streams/writable:510:10)
    at Framer.ondata (/root/.openclaw/workspace/node_modules/readable-stream/lib/internal/streams/readable.js:707:22)
    at Framer.emit (node:events:519:28)
    at addChunk (/root/.openclaw/workspace/node_modules/readable-stream/lib/internal/streams/readable.js:323:12) {
  errno: -32,
  code: 'EPIPE',
  syscall: 'write'
}
[forge2] Error: write EPIPE
[forge2] Disconnected
[forge2] Starting autonomous agent...
[forge2] Waiting for spawn...
[forge2] ✅ Spawned in world at (-78.5, 36, -202.3463408776437)
[forge2] Connecting to Brain at ws://localhost:8767
[forge2] ✅ Brain connected
[forge2] Brain command: registered
Error: write EPIPE
    at afterWriteDispatched (node:internal/stream_base_commons:159:15)
    at writeGeneric (node:internal/stream_base_commons:150:3)
    at Socket._writeGeneric (node:net:966:11)
    at Socket._write (node:net:978:8)
    at writeOrBuffer (node:internal/streams/writable:572:12)
    at _write (node:internal/streams/writable:501:10)
    at Writable.write (node:internal/streams/writable:510:10)
    at Framer.ondata (/root/.openclaw/workspace/node_modules/readable-stream/lib/internal/streams/readable.js:707:22)
    at Framer.emit (node:events:519:28)
    at addChunk (/root/.openclaw/workspace/node_modules/readable-stream/lib/internal/streams/readable.js:323:12) {
  errno: -32,
  code: 'EPIPE',
  syscall: 'write'
}
[forge2] Error: write EPIPE
[forge2] Disconnected
[forge2] Starting autonomous agent...
[forge2] Waiting for spawn...
[forge2] ✅ Spawned in world at (-78.5, 36, -202.3463408776437)
[forge2] Connecting to Brain at ws://localhost:8767
[forge2] ✅ Brain connected
[forge2] Chat: chelios: Agent chelios online!
[forge2] Brain command: registered
Error: write EPIPE
    at afterWriteDispatched (node:internal/stream_base_commons:159:15)
    at writeGeneric (node:internal/stream_base_commons:150:3)
    at Socket._writeGeneric (node:net:966:11)
    at Socket._write (node:net:978:8)
    at writeOrBuffer (node:internal/streams/writable:572:12)
    at _write (node:internal/streams/writable:501:10)
    at Writable.write (node:internal/streams/writable:510:10)
    at Framer.ondata (/root/.openclaw/workspace/node_modules/readable-stream/lib/internal/streams/readable.js:707:22)
    at Framer.emit (node:events:519:28)
    at addChunk (/root/.openclaw/workspace/node_modules/readable-stream/lib/internal/streams/readable.js:323:12) {
  errno: -32,
  code: 'EPIPE',
  syscall: 'write'
}
[forge2] Error: write EPIPE
[forge2] Disconnected
[forge2] Starting autonomous agent...
[forge2] Waiting for spawn...
[forge2] Disconnected
[forge2] Starting autonomous agent...
[forge2] Waiting for spawn...
[forge2] ✅ Spawned in world at (-78.5, 36, -202.3463408776437)
[forge2] Connecting to Brain at ws://localhost:8767
[forge2] ✅ Brain connected
[forge2] Brain command: registered
Error: write EPIPE
    at afterWriteDispatched (node:internal/stream_base_commons:159:15)
    at writeGeneric (node:internal/stream_base_commons:150:3)
    at Socket._writeGeneric (node:net:966:11)
    at Socket._write (node:net:978:8)
    at writeOrBuffer (node:internal/streams/writable:572:12)
    at _write (node:internal/streams/writable:501:10)
    at Writable.write (node:internal/streams/writable:510:10)
    at Framer.ondata (/root/.openclaw/workspace/node_modules/readable-stream/lib/internal/streams/readable.js:707:22)
    at Framer.emit (node:events:519:28)
    at addChunk (/root/.openclaw/workspace/node_modules/readable-stream/lib/internal/streams/readable.js:323:12) {
  errno: -32,
  code: 'EPIPE',
  syscall: 'write'
}
[forge2] Error: write EPIPE
[forge2] Disconnected
[forge2] Starting autonomous agent...
[forge2] Waiting for spawn...
[forge2] ✅ Spawned in world at (-78.5, 36, -202.3463408776437)
[forge2] Connecting to Brain at ws://localhost:8767
[forge2] ✅ Brain connected
[forge2] Brain command: registered
Error: write EPIPE
    at afterWriteDispatched (node:internal/stream_base_commons:159:15)
    at writeGeneric (node:internal/stream_base_commons:150:3)
    at Socket._writeGeneric (node:net:966:11)
    at Socket._write (node:net:978:8)
    at writeOrBuffer (node:internal/streams/writable:572:12)
    at _write (node:internal/streams/writable:501:10)
    at Writable.write (node:internal/streams/writable:510:10)
    at Framer.ondata (/root/.openclaw/workspace/node_modules/readable-stream/lib/internal/streams/readable.js:707:22)
    at Framer.emit (node:events:519:28)
    at addChunk (/root/.openclaw/workspace/node_modules/readable-stream/lib/internal/streams/readable.js:323:12) {
  errno: -32,
  code: 'EPIPE',
  syscall: 'write'
}
[forge2] Error: write EPIPE
[forge2] Disconnected
[forge2] Starting autonomous agent...
[forge2] Waiting for spawn...
[forge2] ✅ Spawned in world at (-78.5, 36, -202.3463408776437)
[forge2] Connecting to Brain at ws://localhost:8767
[forge2] ✅ Brain connected
[forge2] Brain command: registered
Error: write EPIPE
    at afterWriteDispatched (node:internal/stream_base_commons:159:15)
    at writeGeneric (node:internal/stream_base_commons:150:3)
    at Socket._writeGeneric (node:net:966:11)
    at Socket._write (node:net:978:8)
    at writeOrBuffer (node:internal/streams/writable:572:12)
    at _write (node:internal/streams/writable:501:10)
    at Writable.write (node:internal/streams/writable:510:10)
    at Framer.ondata (/root/.openclaw/workspace/node_modules/readable-stream/lib/internal/streams/readable.js:707:22)
    at Framer.emit (node:events:519:28)
    at addChunk (/root/.openclaw/workspace/node_modules/readable-stream/lib/internal/streams/readable.js:323:12) {
  errno: -32,
  code: 'EPIPE',
  syscall: 'write'
}
[forge2] Error: write EPIPE
[forge2] Disconnected
[forge2] Starting autonomous agent...
[forge2] Waiting for spawn...
[forge2] Disconnected
[forge2] Starting autonomous agent...
[forge2] Waiting for spawn...
[forge2] Disconnected
[forge2] Starting autonomous agent...
[forge2] Waiting for spawn...
[forge2] Chat: chelios2: Agent chelios2 online!
[forge2] ✅ Spawned in world at (-78.5, 36, -202.3463408776437)
[forge2] Connecting to Brain at ws://localhost:8767
[forge2] ✅ Brain connected
[forge2] Brain command: registered
Error: write EPIPE
    at afterWriteDispatched (node:internal/stream_base_commons:159:15)
    at writeGeneric (node:internal/stream_base_commons:150:3)
    at Socket._writeGeneric (node:net:966:11)
    at Socket._write (node:net:978:8)
    at writeOrBuffer (node:internal/streams/writable:572:12)
    at _write (node:internal/streams/writable:501:10)
    at Writable.write (node:internal/streams/writable:510:10)
    at Framer.ondata (/root/.openclaw/workspace/node_modules/readable-stream/lib/internal/streams/readable.js:707:22)
    at Framer.emit (node:events:519:28)
    at addChunk (/root/.openclaw/workspace/node_modules/readable-stream/lib/internal/streams/readable.js:323:12) {
  errno: -32,
  code: 'EPIPE',
  syscall: 'write'
}
[forge2] Error: write EPIPE
[forge2] Disconnected
[forge2] Starting autonomous agent...
[forge2] Waiting for spawn...
[forge2] ✅ Spawned in world at (-78.5, 36, -202.3463408776437)
[forge2] Connecting to Brain at ws://localhost:8767
[forge2] ✅ Brain connected
[forge2] Brain command: registered
Error: write EPIPE
    at afterWriteDispatched (node:internal/stream_base_commons:159:15)
    at writeGeneric (node:internal/stream_base_commons:150:3)
    at Socket._writeGeneric (node:net:966:11)
    at Socket._write (node:net:978:8)
    at writeOrBuffer (node:internal/streams/writable:572:12)
    at _write (node:internal/streams/writable:501:10)
    at Writable.write (node:internal/streams/writable:510:10)
    at Framer.ondata (/root/.openclaw/workspace/node_modules/readable-stream/lib/internal/streams/readable.js:707:22)
    at Framer.emit (node:events:519:28)
    at addChunk (/root/.openclaw/workspace/node_modules/readable-stream/lib/internal/streams/readable.js:323:12) {
  errno: -32,
  code: 'EPIPE',
  syscall: 'write'
}
[forge2] Error: write EPIPE
[forge2] Disconnected
[forge2] Starting autonomous agent...
[forge2] Waiting for spawn...
[forge2] ✅ Spawned in world at (-78.5, 36, -202.3463408776437)
[forge2] Connecting to Brain at ws://localhost:8767
[forge2] ✅ Brain connected
[forge2] Brain command: registered
[forge2] Chat: chelios2: Agent chelios2 online!
Error: write EPIPE
    at afterWriteDispatched (node:internal/stream_base_commons:159:15)
    at writeGeneric (node:internal/stream_base_commons:150:3)
    at Socket._writeGeneric (node:net:966:11)
    at Socket._write (node:net:978:8)
    at writeOrBuffer (node:internal/streams/writable:572:12)
    at _write (node:internal/streams/writable:501:10)
    at Writable.write (node:internal/streams/writable:510:10)
    at Framer.ondata (/root/.openclaw/workspace/node_modules/readable-stream/lib/internal/streams/readable.js:707:22)
    at Framer.emit (node:events:519:28)
    at addChunk (/root/.openclaw/workspace/node_modules/readable-stream/lib/internal/streams/readable.js:323:12) {
  errno: -32,
  code: 'EPIPE',
  syscall: 'write'
}
[forge2] Error: write EPIPE
[forge2] Disconnected
[forge2] Starting autonomous agent...
[forge2] Waiting for spawn...
[forge2] ✅ Spawned in world at (-78.5, 36, -202.3463408776437)
[forge2] Connecting to Brain at ws://localhost:8767
[forge2] ✅ Brain connected
[forge2] Brain command: registered
[forge2] Chat: aurora: Agent aurora online!
Error: write EPIPE
    at afterWriteDispatched (node:internal/stream_base_commons:159:15)
    at writeGeneric (node:internal/stream_base_commons:150:3)
    at Socket._writeGeneric (node:net:966:11)
    at Socket._write (node:net:978:8)
    at writeOrBuffer (node:internal/streams/writable:572:12)
    at _write (node:internal/streams/writable:501:10)
    at Writable.write (node:internal/streams/writable:510:10)
    at Framer.ondata (/root/.openclaw/workspace/node_modules/readable-stream/lib/internal/streams/readable.js:707:22)
    at Framer.emit (node:events:519:28)
    at addChunk (/root/.openclaw/workspace/node_modules/readable-stream/lib/internal/streams/readable.js:323:12) {
  errno: -32,
  code: 'EPIPE',
  syscall: 'write'
}
[forge2] Error: write EPIPE
[forge2] Disconnected
[forge2] Starting autonomous agent...
[forge2] Waiting for spawn...
[forge2] ✅ Spawned in world at (-78.5, 36, -202.3463408776437)
[forge2] Connecting to Brain at ws://localhost:8767
[forge2] ✅ Brain connected
[forge2] Brain command: registered
Error: write EPIPE
    at afterWriteDispatched (node:internal/stream_base_commons:159:15)
    at writeGeneric (node:internal/stream_base_commons:150:3)
    at Socket._writeGeneric (node:net:966:11)
    at Socket._write (node:net:978:8)
    at writeOrBuffer (node:internal/streams/writable:572:12)
    at _write (node:internal/streams/writable:501:10)
    at Writable.write (node:internal/streams/writable:510:10)
    at Framer.ondata (/root/.openclaw/workspace/node_modules/readable-stream/lib/internal/streams/readable.js:707:22)
    at Framer.emit (node:events:519:28)
    at addChunk (/root/.openclaw/workspace/node_modules/readable-stream/lib/internal/streams/readable.js:323:12) {
  errno: -32,
  code: 'EPIPE',
  syscall: 'write'
}
[forge2] Error: write EPIPE
[forge2] Disconnected
[forge2] Starting autonomous agent...
[forge2] Waiting for spawn...
[forge2] ✅ Spawned in world at (-78.5, 36, -202.3463408776437)
[forge2] Connecting to Brain at ws://localhost:8767
[forge2] ✅ Brain connected
[forge2] Brain command: registered
[forge2] Chat: chelios: Agent chelios online!
Error: write EPIPE
    at afterWriteDispatched (node:internal/stream_base_commons:159:15)
    at writeGeneric (node:internal/stream_base_commons:150:3)
    at Socket._writeGeneric (node:net:966:11)
    at Socket._write (node:net:978:8)
    at writeOrBuffer (node:internal/streams/writable:572:12)
    at _write (node:internal/streams/writable:501:10)
    at Writable.write (node:internal/streams/writable:510:10)
    at Framer.ondata (/root/.openclaw/workspace/node_modules/readable-stream/lib/internal/streams/readable.js:707:22)
    at Framer.emit (node:events:519:28)
    at addChunk (/root/.openclaw/workspace/node_modules/readable-stream/lib/internal/streams/readable.js:323:12) {
  errno: -32,
  code: 'EPIPE',
  syscall: 'write'
}
[forge2] Error: write EPIPE
[forge2] Disconnected
[forge2] Starting autonomous agent...
[forge2] Waiting for spawn...
[forge2] ✅ Spawned in world at (-78.5, 36, -202.3463408776437)
[forge2] Connecting to Brain at ws://localhost:8767
[forge2] ✅ Brain connected
[forge2] Brain command: registered
Error: write EPIPE
    at afterWriteDispatched (node:internal/stream_base_commons:159:15)
    at writeGeneric (node:internal/stream_base_commons:150:3)
    at Socket._writeGeneric (node:net:966:11)
    at Socket._write (node:net:978:8)
    at writeOrBuffer (node:internal/streams/writable:572:12)
    at _write (node:internal/streams/writable:501:10)
    at Writable.write (node:internal/streams/writable:510:10)
    at Framer.ondata (/root/.openclaw/workspace/node_modules/readable-stream/lib/internal/streams/readable.js:707:22)
    at Framer.emit (node:events:519:28)
    at addChunk (/root/.openclaw/workspace/node_modules/readable-stream/lib/internal/streams/readable.js:323:12) {
  errno: -32,
  code: 'EPIPE',
  syscall: 'write'
}
[forge2] Error: write EPIPE
[forge2] Disconnected
[forge2] Starting autonomous agent...
[forge2] Waiting for spawn...
[forge2] ✅ Spawned in world at (-78.5, 36, -202.3463408776437)
[forge2] Connecting to Brain at ws://localhost:8767
[forge2] ✅ Brain connected
[forge2] Brain command: registered
Error: write EPIPE
    at afterWriteDispatched (node:internal/stream_base_commons:159:15)
    at writeGeneric (node:internal/stream_base_commons:150:3)
    at Socket._writeGeneric (node:net:966:11)
    at Socket._write (node:net:978:8)
    at writeOrBuffer (node:internal/streams/writable:572:12)
    at _write (node:internal/streams/writable:501:10)
    at Writable.write (node:internal/streams/writable:510:10)
    at Framer.ondata (/root/.openclaw/workspace/node_modules/readable-stream/lib/internal/streams/readable.js:707:22)
    at Framer.emit (node:events:519:28)
    at addChunk (/root/.openclaw/workspace/node_modules/readable-stream/lib/internal/streams/readable.js:323:12) {
  errno: -32,
  code: 'EPIPE',
  syscall: 'write'
}
[forge2] Error: write EPIPE
[forge2] Disconnected
[forge2] Starting autonomous agent...
[forge2] Waiting for spawn...
[forge2] ✅ Spawned in world at (-78.5, 36, -202.3463408776437)
[forge2] Connecting to Brain at ws://localhost:8767
[forge2] ✅ Brain connected
[forge2] Brain command: registered
[forge2] Chat: patricia2: Agent patricia2 online!
Error: write EPIPE
    at afterWriteDispatched (node:internal/stream_base_commons:159:15)
    at writeGeneric (node:internal/stream_base_commons:150:3)
    at Socket._writeGeneric (node:net:966:11)
    at Socket._write (node:net:978:8)
    at writeOrBuffer (node:internal/streams/writable:572:12)
    at _write (node:internal/streams/writable:501:10)
    at Writable.write (node:internal/streams/writable:510:10)
    at Framer.ondata (/root/.openclaw/workspace/node_modules/readable-stream/lib/internal/streams/readable.js:707:22)
    at Framer.emit (node:events:519:28)
    at addChunk (/root/.openclaw/workspace/node_modules/readable-stream/lib/internal/streams/readable.js:323:12) {
  errno: -32,
  code: 'EPIPE',
  syscall: 'write'
}
[forge2] Error: write EPIPE
[forge2] Disconnected
[forge2] Starting autonomous agent...
[forge2] Waiting for spawn...
[forge2] ✅ Spawned in world at (-78.5, 36, -202.3463408776437)
[forge2] Connecting to Brain at ws://localhost:8767
[forge2] ✅ Brain connected
[forge2] Brain command: registered
Error: write EPIPE
    at afterWriteDispatched (node:internal/stream_base_commons:159:15)
    at writeGeneric (node:internal/stream_base_commons:150:3)
    at Socket._writeGeneric (node:net:966:11)
    at Socket._write (node:net:978:8)
    at writeOrBuffer (node:internal/streams/writable:572:12)
    at _write (node:internal/streams/writable:501:10)
    at Writable.write (node:internal/streams/writable:510:10)
    at Framer.ondata (/root/.openclaw/workspace/node_modules/readable-stream/lib/internal/streams/readable.js:707:22)
    at Framer.emit (node:events:519:28)
    at addChunk (/root/.openclaw/workspace/node_modules/readable-stream/lib/internal/streams/readable.js:323:12) {
  errno: -32,
  code: 'EPIPE',
  syscall: 'write'
}
[forge2] Error: write EPIPE
[forge2] Disconnected
[forge2] Starting autonomous agent...
[forge2] Waiting for spawn...
[forge2] ✅ Spawned in world at (-78.5, 36, -202.3463408776437)
[forge2] Connecting to Brain at ws://localhost:8767
[forge2] ✅ Brain connected
[forge2] Brain command: registered
Error: write EPIPE
    at afterWriteDispatched (node:internal/stream_base_commons:159:15)
    at writeGeneric (node:internal/stream_base_commons:150:3)
    at Socket._writeGeneric (node:net:966:11)
    at Socket._write (node:net:978:8)
    at writeOrBuffer (node:internal/streams/writable:572:12)
    at _write (node:internal/streams/writable:501:10)
    at Writable.write (node:internal/streams/writable:510:10)
    at Framer.ondata (/root/.openclaw/workspace/node_modules/readable-stream/lib/internal/streams/readable.js:707:22)
    at Framer.emit (node:events:519:28)
    at addChunk (/root/.openclaw/workspace/node_modules/readable-stream/lib/internal/streams/readable.js:323:12) {
  errno: -32,
  code: 'EPIPE',
  syscall: 'write'
}
[forge2] Error: write EPIPE
[forge2] Disconnected
[forge2] Starting autonomous agent...
[forge2] Waiting for spawn...
Error: write EPIPE
    at afterWriteDispatched (node:internal/stream_base_commons:159:15)
    at writeGeneric (node:internal/stream_base_commons:150:3)
    at Socket._writeGeneric (node:net:966:11)
    at Socket._write (node:net:978:8)
    at writeOrBuffer (node:internal/streams/writable:572:12)
    at _write (node:internal/streams/writable:501:10)
    at Writable.write (node:internal/streams/writable:510:10)
    at Framer.ondata (/root/.openclaw/workspace/node_modules/readable-stream/lib/internal/streams/readable.js:707:22)
    at Framer.emit (node:events:519:28)
    at addChunk (/root/.openclaw/workspace/node_modules/readable-stream/lib/internal/streams/readable.js:323:12) {
  errno: -32,
  code: 'EPIPE',
  syscall: 'write'
}
[forge2] Error: write EPIPE
[forge2] Disconnected
[forge2] Starting autonomous agent...
[forge2] Waiting for spawn...
[forge2] ✅ Spawned in world at (-78.5, 36, -202.3463408776437)
[forge2] Connecting to Brain at ws://localhost:8767
[forge2] ✅ Brain connected
[forge2] Brain command: registered
Error: write EPIPE
    at afterWriteDispatched (node:internal/stream_base_commons:159:15)
    at writeGeneric (node:internal/stream_base_commons:150:3)
    at Socket._writeGeneric (node:net:966:11)
    at Socket._write (node:net:978:8)
    at writeOrBuffer (node:internal/streams/writable:572:12)
    at _write (node:internal/streams/writable:501:10)
    at Writable.write (node:internal/streams/writable:510:10)
    at Framer.ondata (/root/.openclaw/workspace/node_modules/readable-stream/lib/internal/streams/readable.js:707:22)
    at Framer.emit (node:events:519:28)
    at addChunk (/root/.openclaw/workspace/node_modules/readable-stream/lib/internal/streams/readable.js:323:12) {
  errno: -32,
  code: 'EPIPE',
  syscall: 'write'
}
[forge2] Error: write EPIPE
[forge2] Disconnected
[forge2] Starting autonomous agent...
[forge2] Waiting for spawn...
[forge2] ✅ Spawned in world at (-78.5, 36, -202.3463408776437)
[forge2] Connecting to Brain at ws://localhost:8767
[forge2] ✅ Brain connected
[forge2] Brain command: registered
Error: write EPIPE
    at afterWriteDispatched (node:internal/stream_base_commons:159:15)
    at writeGeneric (node:internal/stream_base_commons:150:3)
    at Socket._writeGeneric (node:net:966:11)
    at Socket._write (node:net:978:8)
    at writeOrBuffer (node:internal/streams/writable:572:12)
    at _write (node:internal/streams/writable:501:10)
    at Writable.write (node:internal/streams/writable:510:10)
    at Framer.ondata (/root/.openclaw/workspace/node_modules/readable-stream/lib/internal/streams/readable.js:707:22)
    at Framer.emit (node:events:519:28)
    at addChunk (/root/.openclaw/workspace/node_modules/readable-stream/lib/internal/streams/readable.js:323:12) {
  errno: -32,
  code: 'EPIPE',
  syscall: 'write'
}
[forge2] Error: write EPIPE
[forge2] Disconnected
[forge2] Starting autonomous agent...
[forge2] Waiting for spawn...
[forge2] ✅ Spawned in world at (-78.5, 36, -202.3463408776437)
[forge2] Connecting to Brain at ws://localhost:8767
[forge2] ✅ Brain connected
[forge2] Brain command: registered
Error: write ECONNRESET
    at afterWriteDispatched (node:internal/stream_base_commons:159:15)
    at writeGeneric (node:internal/stream_base_commons:150:3)
    at Socket._writeGeneric (node:net:966:11)
    at Socket._write (node:net:978:8)
    at writeOrBuffer (node:internal/streams/writable:572:12)
    at _write (node:internal/streams/writable:501:10)
    at Writable.write (node:internal/streams/writable:510:10)
    at Framer.ondata (/root/.openclaw/workspace/node_modules/readable-stream/lib/internal/streams/readable.js:707:22)
    at Framer.emit (node:events:519:28)
    at addChunk (/root/.openclaw/workspace/node_modules/readable-stream/lib/internal/streams/readable.js:323:12) {
  errno: -104,
  code: 'ECONNRESET',
  syscall: 'write'
}
[forge2] Error: write ECONNRESET
[forge2] Disconnected
[forge2] Starting autonomous agent...
[forge2] Waiting for spawn...
[forge2] ✅ Spawned in world at (-78.5, 36, -202.3463408776437)
[forge2] Connecting to Brain at ws://localhost:8767
[forge2] ✅ Brain connected
[forge2] Brain command: registered
Error: write EPIPE
    at afterWriteDispatched (node:internal/stream_base_commons:159:15)
    at writeGeneric (node:internal/stream_base_commons:150:3)
    at Socket._writeGeneric (node:net:966:11)
    at Socket._write (node:net:978:8)
    at writeOrBuffer (node:internal/streams/writable:572:12)
    at _write (node:internal/streams/writable:501:10)
    at Writable.write (node:internal/streams/writable:510:10)
    at Framer.ondata (/root/.openclaw/workspace/node_modules/readable-stream/lib/internal/streams/readable.js:707:22)
    at Framer.emit (node:events:519:28)
    at addChunk (/root/.openclaw/workspace/node_modules/readable-stream/lib/internal/streams/readable.js:323:12) {
  errno: -32,
  code: 'EPIPE',
  syscall: 'write'
}
[forge2] Error: write EPIPE
[forge2] Disconnected
[forge2] Starting autonomous agent...
[forge2] Waiting for spawn...
[forge2] ✅ Spawned in world at (-78.5, 36, -202.3463408776437)
[forge2] Connecting to Brain at ws://localhost:8767
[forge2] ✅ Brain connected
[forge2] Brain command: registered
[forge2] Chat: chelios: Agent chelios online!
Error: write EPIPE
    at afterWriteDispatched (node:internal/stream_base_commons:159:15)
    at writeGeneric (node:internal/stream_base_commons:150:3)
    at Socket._writeGeneric (node:net:966:11)
    at Socket._write (node:net:978:8)
    at writeOrBuffer (node:internal/streams/writable:572:12)
    at _write (node:internal/streams/writable:501:10)
    at Writable.write (node:internal/streams/writable:510:10)
    at Framer.ondata (/root/.openclaw/workspace/node_modules/readable-stream/lib/internal/streams/readable.js:707:22)
    at Framer.emit (node:events:519:28)
    at addChunk (/root/.openclaw/workspace/node_modules/readable-stream/lib/internal/streams/readable.js:323:12) {
  errno: -32,
  code: 'EPIPE',
  syscall: 'write'
}
[forge2] Error: write EPIPE
[forge2] Disconnected
[forge2] Starting autonomous agent...
[forge2] Waiting for spawn...
[forge2] ✅ Spawned in world at (-78.5, 36, -202.3463408776437)
[forge2] Connecting to Brain at ws://localhost:8767
[forge2] ✅ Brain connected
[forge2] Brain command: registered
Error: write EPIPE
    at afterWriteDispatched (node:internal/stream_base_commons:159:15)
    at writeGeneric (node:internal/stream_base_commons:150:3)
    at Socket._writeGeneric (node:net:966:11)
    at Socket._write (node:net:978:8)
    at writeOrBuffer (node:internal/streams/writable:572:12)
    at _write (node:internal/streams/writable:501:10)
    at Writable.write (node:internal/streams/writable:510:10)
    at Framer.ondata (/root/.openclaw/workspace/node_modules/readable-stream/lib/internal/streams/readable.js:707:22)
    at Framer.emit (node:events:519:28)
    at addChunk (/root/.openclaw/workspace/node_modules/readable-stream/lib/internal/streams/readable.js:323:12) {
  errno: -32,
  code: 'EPIPE',
  syscall: 'write'
}
[forge2] Error: write EPIPE
[forge2] Disconnected
[forge2] Starting autonomous agent...
[forge2] Waiting for spawn...
[forge2] Disconnected
[forge2] Starting autonomous agent...
[forge2] Waiting for spawn...
[forge2] ✅ Spawned in world at (-78.5, 36, -202.3463408776437)
[forge2] Connecting to Brain at ws://localhost:8767
[forge2] ✅ Brain connected
[forge2] Brain command: registered
Error: write EPIPE
    at afterWriteDispatched (node:internal/stream_base_commons:159:15)
    at writeGeneric (node:internal/stream_base_commons:150:3)
    at Socket._writeGeneric (node:net:966:11)
    at Socket._write (node:net:978:8)
    at writeOrBuffer (node:internal/streams/writable:572:12)
    at _write (node:internal/streams/writable:501:10)
    at Writable.write (node:internal/streams/writable:510:10)
    at Framer.ondata (/root/.openclaw/workspace/node_modules/readable-stream/lib/internal/streams/readable.js:707:22)
    at Framer.emit (node:events:519:28)
    at addChunk (/root/.openclaw/workspace/node_modules/readable-stream/lib/internal/streams/readable.js:323:12) {
  errno: -32,
  code: 'EPIPE',
  syscall: 'write'
}
[forge2] Error: write EPIPE
[forge2] Disconnected
[forge2] Starting autonomous agent...
[forge2] Waiting for spawn...
[forge2] ✅ Spawned in world at (-78.5, 36, -202.3463408776437)
[forge2] Connecting to Brain at ws://localhost:8767
[forge2] Chat: chelios2: Agent chelios2 online!
[forge2] ✅ Brain connected
[forge2] Brain command: registered
[forge2] Chat: patricia2: Agent patricia2 online!
[forge2] Starting autonomous agent...
[forge2] Chat: forge: Agent forge online!
[forge2] Waiting for spawn...
[forge2] Chat: patricia: Agent patricia online!
[forge2] Chat: chelios: Agent chelios online!
[forge2] Disconnected
[forge2] Chat: aurora: Agent aurora online!
[forge2] Chat: patricia2: Agent patricia2 online!
[forge2] Starting autonomous agent...
[forge2] Chat: forge: Agent forge online!
[forge2] Waiting for spawn...
[forge2] Chat: chelios: Agent chelios online!
[forge2] Chat: aurora: Agent aurora online!
Error: write EPIPE
    at afterWriteDispatched (node:internal/stream_base_commons:159:15)
    at writeGeneric (node:internal/stream_base_commons:150:3)
    at Socket._writeGeneric (node:net:966:11)
    at Socket._write (node:net:978:8)
    at writeOrBuffer (node:internal/streams/writable:572:12)
    at _write (node:internal/streams/writable:501:10)
    at Writable.write (node:internal/streams/writable:510:10)
    at Framer.ondata (/root/.openclaw/workspace/node_modules/readable-stream/lib/internal/streams/readable.js:707:22)
    at Framer.emit (node:events:519:28)
    at addChunk (/root/.openclaw/workspace/node_modules/readable-stream/lib/internal/streams/readable.js:323:12) {
  errno: -32,
  code: 'EPIPE',
  syscall: 'write'
}
[forge2] Error: write EPIPE
[forge2] Disconnected
[forge2] ✅ Spawned in world at (-78.5, 36, -202.3463408776437)
[forge2] Connecting to Brain at ws://localhost:8767
[forge2] ✅ Brain connected
[forge2] Brain command: registered
Error: write EPIPE
    at afterWriteDispatched (node:internal/stream_base_commons:159:15)
    at writeGeneric (node:internal/stream_base_commons:150:3)
    at Socket._writeGeneric (node:net:966:11)
    at Socket._write (node:net:978:8)
    at writeOrBuffer (node:internal/streams/writable:572:12)
    at _write (node:internal/streams/writable:501:10)
    at Writable.write (node:internal/streams/writable:510:10)
    at Framer.ondata (/root/.openclaw/workspace/node_modules/readable-stream/lib/internal/streams/readable.js:707:22)
    at Framer.emit (node:events:519:28)
    at addChunk (/root/.openclaw/workspace/node_modules/readable-stream/lib/internal/streams/readable.js:323:12) {
  errno: -32,
  code: 'EPIPE',
  syscall: 'write'
}
[forge2] Error: write EPIPE
[forge2] Disconnected
[forge2] Starting autonomous agent...
[forge2] Waiting for spawn...
[forge2] Disconnected
[forge2] Starting autonomous agent...
[forge2] Waiting for spawn...
[forge2] Chat: chelios2: Agent chelios2 online!
[forge2] ✅ Spawned in world at (-78.5, 36, -202.3463408776437)
[forge2] Connecting to Brain at ws://localhost:8767
[forge2] ✅ Brain connected
[forge2] Brain command: registered
Error: write EPIPE
    at afterWriteDispatched (node:internal/stream_base_commons:159:15)
    at writeGeneric (node:internal/stream_base_commons:150:3)
    at Socket._writeGeneric (node:net:966:11)
    at Socket._write (node:net:978:8)
    at writeOrBuffer (node:internal/streams/writable:572:12)
    at _write (node:internal/streams/writable:501:10)
    at Writable.write (node:internal/streams/writable:510:10)
    at Framer.ondata (/root/.openclaw/workspace/node_modules/readable-stream/lib/internal/streams/readable.js:707:22)
    at Framer.emit (node:events:519:28)
    at addChunk (/root/.openclaw/workspace/node_modules/readable-stream/lib/internal/streams/readable.js:323:12) {
  errno: -32,
  code: 'EPIPE',
  syscall: 'write'
}
[forge2] Error: write EPIPE
[forge2] Disconnected
[forge2] Starting autonomous agent...
[forge2] Waiting for spawn...
[forge2] ✅ Spawned in world at (-78.5, 36, -202.3463408776437)
[forge2] Connecting to Brain at ws://localhost:8767
[forge2] ✅ Brain connected
[forge2] Brain command: registered
Error: write EPIPE
    at afterWriteDispatched (node:internal/stream_base_commons:159:15)
    at writeGeneric (node:internal/stream_base_commons:150:3)
    at Socket._writeGeneric (node:net:966:11)
    at Socket._write (node:net:978:8)
    at writeOrBuffer (node:internal/streams/writable:572:12)
    at _write (node:internal/streams/writable:501:10)
    at Writable.write (node:internal/streams/writable:510:10)
    at Framer.ondata (/root/.openclaw/workspace/node_modules/readable-stream/lib/internal/streams/readable.js:707:22)
    at Framer.emit (node:events:519:28)
    at addChunk (/root/.openclaw/workspace/node_modules/readable-stream/lib/internal/streams/readable.js:323:12) {
  errno: -32,
  code: 'EPIPE',
  syscall: 'write'
}
[forge2] Error: write EPIPE
[forge2] Disconnected
[forge2] Starting autonomous agent...
[forge2] Waiting for spawn...
[forge2] ✅ Spawned in world at (-78.5, 36, -202.3463408776437)
[forge2] Connecting to Brain at ws://localhost:8767
[forge2] ✅ Brain connected
[forge2] Brain command: registered
[forge2] Chat: aurora: Agent aurora online!
Error: write EPIPE
    at afterWriteDispatched (node:internal/stream_base_commons:159:15)
    at writeGeneric (node:internal/stream_base_commons:150:3)
    at Socket._writeGeneric (node:net:966:11)
    at Socket._write (node:net:978:8)
    at writeOrBuffer (node:internal/streams/writable:572:12)
    at _write (node:internal/streams/writable:501:10)
    at Writable.write (node:internal/streams/writable:510:10)
    at Framer.ondata (/root/.openclaw/workspace/node_modules/readable-stream/lib/internal/streams/readable.js:707:22)
    at Framer.emit (node:events:519:28)
    at addChunk (/root/.openclaw/workspace/node_modules/readable-stream/lib/internal/streams/readable.js:323:12) {
  errno: -32,
  code: 'EPIPE',
  syscall: 'write'
}
[forge2] Error: write EPIPE
[forge2] Disconnected
[forge2] Starting autonomous agent...
[forge2] Waiting for spawn...
[forge2] ✅ Spawned in world at (-78.5, 36, -202.3463408776437)
[forge2] Connecting to Brain at ws://localhost:8767
[forge2] ✅ Brain connected
[forge2] Brain command: registered
Error: write EPIPE
    at afterWriteDispatched (node:internal/stream_base_commons:159:15)
    at writeGeneric (node:internal/stream_base_commons:150:3)
    at Socket._writeGeneric (node:net:966:11)
    at Socket._write (node:net:978:8)
    at writeOrBuffer (node:internal/streams/writable:572:12)
    at _write (node:internal/streams/writable:501:10)
    at Writable.write (node:internal/streams/writable:510:10)
    at Framer.ondata (/root/.openclaw/workspace/node_modules/readable-stream/lib/internal/streams/readable.js:707:22)
    at Framer.emit (node:events:519:28)
    at addChunk (/root/.openclaw/workspace/node_modules/readable-stream/lib/internal/streams/readable.js:323:12) {
  errno: -32,
  code: 'EPIPE',
  syscall: 'write'
}
[forge2] Error: write EPIPE
[forge2] Disconnected
[forge2] Starting autonomous agent...
[forge2] Waiting for spawn...
[forge2] Disconnected
[forge2] Starting autonomous agent...
[forge2] Waiting for spawn...
[forge2] ✅ Spawned in world at (-78.5, 36, -202.3463408776437)
[forge2] Connecting to Brain at ws://localhost:8767
[forge2] ✅ Brain connected
[forge2] Brain command: registered
Error: write ECONNRESET
    at afterWriteDispatched (node:internal/stream_base_commons:159:15)
    at writeGeneric (node:internal/stream_base_commons:150:3)
    at Socket._writeGeneric (node:net:966:11)
    at Socket._write (node:net:978:8)
    at writeOrBuffer (node:internal/streams/writable:572:12)
    at _write (node:internal/streams/writable:501:10)
    at Writable.write (node:internal/streams/writable:510:10)
    at Framer.ondata (/root/.openclaw/workspace/node_modules/readable-stream/lib/internal/streams/readable.js:707:22)
    at Framer.emit (node:events:519:28)
    at addChunk (/root/.openclaw/workspace/node_modules/readable-stream/lib/internal/streams/readable.js:323:12) {
  errno: -104,
  code: 'ECONNRESET',
  syscall: 'write'
}
[forge2] Error: write ECONNRESET
[forge2] Disconnected
[forge2] Starting autonomous agent...
[forge2] Waiting for spawn...
[forge2] Chat: patricia2: Agent patricia2 online!
[forge2] ✅ Spawned in world at (-78.5, 36, -202.3463408776437)
[forge2] Connecting to Brain at ws://localhost:8767
[forge2] ✅ Brain connected
[forge2] Brain command: registered
[forge2] Chat: chelios2: Agent chelios2 online!
Error: write EPIPE
    at afterWriteDispatched (node:internal/stream_base_commons:159:15)
    at writeGeneric (node:internal/stream_base_commons:150:3)
    at Socket._writeGeneric (node:net:966:11)
    at Socket._write (node:net:978:8)
    at writeOrBuffer (node:internal/streams/writable:572:12)
    at _write (node:internal/streams/writable:501:10)
    at Writable.write (node:internal/streams/writable:510:10)
    at Framer.ondata (/root/.openclaw/workspace/node_modules/readable-stream/lib/internal/streams/readable.js:707:22)
    at Framer.emit (node:events:519:28)
    at addChunk (/root/.openclaw/workspace/node_modules/readable-stream/lib/internal/streams/readable.js:323:12) {
  errno: -32,
  code: 'EPIPE',
  syscall: 'write'
}
[forge2] Error: write EPIPE
[forge2] Disconnected
[forge2] Starting autonomous agent...
[forge2] Waiting for spawn...
[forge2] ✅ Spawned in world at (-78.5, 36, -202.3463408776437)
[forge2] Connecting to Brain at ws://localhost:8767
[forge2] ✅ Brain connected
[forge2] Brain command: registered
Error: write EPIPE
    at afterWriteDispatched (node:internal/stream_base_commons:159:15)
    at writeGeneric (node:internal/stream_base_commons:150:3)
    at Socket._writeGeneric (node:net:966:11)
    at Socket._write (node:net:978:8)
    at writeOrBuffer (node:internal/streams/writable:572:12)
    at _write (node:internal/streams/writable:501:10)
    at Writable.write (node:internal/streams/writable:510:10)
    at Framer.ondata (/root/.openclaw/workspace/node_modules/readable-stream/lib/internal/streams/readable.js:707:22)
    at Framer.emit (node:events:519:28)
    at addChunk (/root/.openclaw/workspace/node_modules/readable-stream/lib/internal/streams/readable.js:323:12) {
  errno: -32,
  code: 'EPIPE',
  syscall: 'write'
}
[forge2] Error: write EPIPE
[forge2] Disconnected
[forge2] Starting autonomous agent...
[forge2] Waiting for spawn...
AggregateError [ECONNREFUSED]: 
    at internalConnectMultiple (node:net:1134:18)
    at afterConnectMultiple (node:net:1715:7) {
  code: 'ECONNREFUSED',
  [errors]: [
    Error: connect ECONNREFUSED ::1:25565
        at createConnectionError (node:net:1678:14)
        at afterConnectMultiple (node:net:1708:16) {
      errno: -111,
      code: 'ECONNREFUSED',
      syscall: 'connect',
      address: '::1',
      port: 25565
    },
    Error: connect ECONNREFUSED 127.0.0.1:25565
        at createConnectionError (node:net:1678:14)
        at afterConnectMultiple (node:net:1708:16) {
      errno: -111,
      code: 'ECONNREFUSED',
      syscall: 'connect',
      address: '127.0.0.1',
      port: 25565
    }
  ]
}
[forge2] Error: 
[forge2] Disconnected
[forge2] Starting autonomous agent...
[forge2] Waiting for spawn...
Error: read ECONNRESET
    at TCP.onStreamRead (node:internal/stream_base_commons:216:20) {
  errno: -104,
  code: 'ECONNRESET',
  syscall: 'read'
}
[forge2] Error: read ECONNRESET
[forge2] Disconnected
[forge2] Starting autonomous agent...
[forge2] Waiting for spawn...
[forge2] Disconnected
[forge2] Starting autonomous agent...
[forge2] Waiting for spawn...
[forge2] Disconnected
[forge2] Starting autonomous agent...
[forge2] Waiting for spawn...
[forge2] Disconnected
[forge2] Starting autonomous agent...
[forge2] Waiting for spawn...
AggregateError [ETIMEDOUT]: 
    at internalConnectMultiple (node:net:1134:18)
    at afterConnectMultiple (node:net:1715:7) {
  code: 'ETIMEDOUT',
  [errors]: [
    Error: connect ETIMEDOUT ::1:25565
        at createConnectionError (node:net:1678:14)
        at Timeout.internalConnectMultipleTimeout (node:net:1737:38)
        at listOnTimeout (node:internal/timers:587:11)
        at process.processTimers (node:internal/timers:521:7) {
      errno: -110,
      code: 'ETIMEDOUT',
      syscall: 'connect',
      address: '::1',
      port: 25565
    },
    Error: connect ECONNREFUSED 127.0.0.1:25565
        at createConnectionError (node:net:1678:14)
        at afterConnectMultiple (node:net:1708:16) {
      errno: -111,
      code: 'ECONNREFUSED',
      syscall: 'connect',
      address: '127.0.0.1',
      port: 25565
    }
  ]
}
[forge2] Error: 
[forge2] Disconnected
[forge2] Starting autonomous agent...
[forge2] Waiting for spawn...
AggregateError [ECONNREFUSED]: 
    at internalConnectMultiple (node:net:1134:18)
    at afterConnectMultiple (node:net:1715:7) {
  code: 'ECONNREFUSED',
  [errors]: [
    Error: connect ECONNREFUSED ::1:25565
        at createConnectionError (node:net:1678:14)
        at afterConnectMultiple (node:net:1708:16) {
      errno: -111,
      code: 'ECONNREFUSED',
      syscall: 'connect',
      address: '::1',
      port: 25565
    },
    Error: connect ECONNREFUSED 127.0.0.1:25565
        at createConnectionError (node:net:1678:14)
        at afterConnectMultiple (node:net:1708:16) {
      errno: -111,
      code: 'ECONNREFUSED',
      syscall: 'connect',
      address: '127.0.0.1',
      port: 25565
    }
  ]
}
[forge2] Error: 
[forge2] Disconnected
[forge2] Starting autonomous agent...
[forge2] Waiting for spawn...
[forge2] Starting autonomous agent...
[forge2] Waiting for spawn...
[forge2] Disconnected
[forge2] Disconnected
[forge2] Starting autonomous agent...
[forge2] Waiting for spawn...
[forge2] Disconnected
[forge2] Starting autonomous agent...
[forge2] Waiting for spawn...
[forge2] ✅ Spawned in world at (-78.5, 36, -202.3463408776437)
[forge2] Connecting to Brain at ws://localhost:8767
[forge2] ✅ Brain connected
[forge2] Brain command: registered
[forge2] Disconnected
[forge2] Starting autonomous agent...
[forge2] Waiting for spawn...
[forge2] ✅ Spawned in world at (-78.5, 36, -202.3463408776437)
[forge2] Connecting to Brain at ws://localhost:8767
[forge2] Disconnected
[forge2] Starting autonomous agent...
[forge2] Waiting for spawn...
[forge2] Chat: chelios: Agent chelios online!
[forge2] Chat: patricia2: Agent patricia2 online!
[forge2] Chat: chelios2: Agent chelios2 online!
[forge2] ✅ Spawned in world at (-78.5, 36, -202.3463408776437)
[forge2] Connecting to Brain at ws://localhost:8767
[forge2] ✅ Brain connected
[forge2] Brain command: registered
Error: client timed out after 30000 milliseconds
    at Timeout._onTimeout (/root/.openclaw/workspace/node_modules/minecraft-protocol/src/client/keepalive.js:18:28)
    at listOnTimeout (node:internal/timers:585:17)
    at process.processTimers (node:internal/timers:521:7)
[forge2] Error: client timed out after 30000 milliseconds
[forge2] Disconnected
[forge2] Starting autonomous agent...
[forge2] Waiting for spawn...
[forge2] ✅ Spawned in world at (-78.5, 36, -202.3463408776437)
[forge2] Connecting to Brain at ws://localhost:8767
[forge2] ✅ Brain connected
[forge2] Brain command: registered
[forge2] Disconnected
[forge2] Starting autonomous agent...
[forge2] Waiting for spawn...
[forge2] Disconnected
[forge2] Starting autonomous agent...
[forge2] Waiting for spawn...
[forge2] ✅ Spawned in world at (-78.5, 36, -202.3463408776437)
[forge2] Connecting to Brain at ws://localhost:8767
[forge2] ✅ Brain connected
[forge2] Brain command: registered
[forge2] Chat: patricia2: Agent patricia2 online!
Error: client timed out after 30000 milliseconds
    at Timeout._onTimeout (/root/.openclaw/workspace/node_modules/minecraft-protocol/src/client/keepalive.js:18:28)
    at listOnTimeout (node:internal/timers:585:17)
    at process.processTimers (node:internal/timers:521:7)
[forge2] Error: client timed out after 30000 milliseconds
[forge2] Disconnected
[forge2] Starting autonomous agent...
[forge2] Waiting for spawn...
[forge2] Disconnected
[forge2] Starting autonomous agent...
[forge2] Waiting for spawn...
[forge2] Disconnected
[forge2] Starting autonomous agent...
[forge2] Waiting for spawn...
[forge2] Starting autonomous agent...
[forge2] ✅ Spawned in world at (-78.5, 36, -202.3463408776437)
[forge2] Connecting to Brain at ws://localhost:8767
[forge2] ✅ Brain connected
[forge2] Brain command: registered
[forge2] Waiting for spawn...
Error: write EPIPE
    at afterWriteDispatched (node:internal/stream_base_commons:159:15)
    at writeGeneric (node:internal/stream_base_commons:150:3)
    at Socket._writeGeneric (node:net:966:11)
    at Socket._write (node:net:978:8)
    at writeOrBuffer (node:internal/streams/writable:572:12)
    at _write (node:internal/streams/writable:501:10)
    at Writable.write (node:internal/streams/writable:510:10)
    at Framer.ondata (/root/.openclaw/workspace/node_modules/readable-stream/lib/internal/streams/readable.js:707:22)
    at Framer.emit (node:events:519:28)
    at addChunk (/root/.openclaw/workspace/node_modules/readable-stream/lib/internal/streams/readable.js:323:12) {
  errno: -32,
  code: 'EPIPE',
  syscall: 'write'
}
[forge2] Error: write EPIPE
[forge2] Disconnected
[forge2] ✅ Spawned in world at (-78.5, 36, -202.3463408776437)
[forge2] Connecting to Brain at ws://localhost:8767
[forge2] ✅ Brain connected
[forge2] Brain command: registered
Error: write EPIPE
    at afterWriteDispatched (node:internal/stream_base_commons:159:15)
    at writeGeneric (node:internal/stream_base_commons:150:3)
    at Socket._writeGeneric (node:net:966:11)
    at Socket._write (node:net:978:8)
    at writeOrBuffer (node:internal/streams/writable:572:12)
    at _write (node:internal/streams/writable:501:10)
    at Writable.write (node:internal/streams/writable:510:10)
    at Framer.ondata (/root/.openclaw/workspace/node_modules/readable-stream/lib/internal/streams/readable.js:707:22)
    at Framer.emit (node:events:519:28)
    at addChunk (/root/.openclaw/workspace/node_modules/readable-stream/lib/internal/streams/readable.js:323:12) {
  errno: -32,
  code: 'EPIPE',
  syscall: 'write'
}
[forge2] Error: write EPIPE
[forge2] Disconnected
[forge2] Starting autonomous agent...
[forge2] Waiting for spawn...
[forge2] Chat: patricia2: Agent patricia2 online!
[forge2] ✅ Spawned in world at (-78.5, 36, -202.3463408776437)
[forge2] Connecting to Brain at ws://localhost:8767
[forge2] ✅ Brain connected
[forge2] Brain command: registered
Error: write EPIPE
    at afterWriteDispatched (node:internal/stream_base_commons:159:15)
    at writeGeneric (node:internal/stream_base_commons:150:3)
    at Socket._writeGeneric (node:net:966:11)
    at Socket._write (node:net:978:8)
    at writeOrBuffer (node:internal/streams/writable:572:12)
    at _write (node:internal/streams/writable:501:10)
    at Writable.write (node:internal/streams/writable:510:10)
    at Framer.ondata (/root/.openclaw/workspace/node_modules/readable-stream/lib/internal/streams/readable.js:707:22)
    at Framer.emit (node:events:519:28)
    at addChunk (/root/.openclaw/workspace/node_modules/readable-stream/lib/internal/streams/readable.js:323:12) {
  errno: -32,
  code: 'EPIPE',
  syscall: 'write'
}
[forge2] Error: write EPIPE
[forge2] Disconnected
[forge2] Starting autonomous agent...
[forge2] Waiting for spawn...
[forge2] Disconnected
[forge2] Starting autonomous agent...
[forge2] Waiting for spawn...
[forge2] Disconnected
[forge2] Starting autonomous agent...
[forge2] Waiting for spawn...
[forge2] ✅ Spawned in world at (-78.5, 36, -202.3463408776437)
[forge2] Connecting to Brain at ws://localhost:8767
[forge2] Chat: chelios2: Agent chelios2 online!
[forge2] ✅ Brain connected
[forge2] Brain command: registered
[forge2] Chat: patricia2: Agent patricia2 online!
Error: write EPIPE
    at afterWriteDispatched (node:internal/stream_base_commons:159:15)
    at writeGeneric (node:internal/stream_base_commons:150:3)
    at Socket._writeGeneric (node:net:966:11)
    at Socket._write (node:net:978:8)
    at writeOrBuffer (node:internal/streams/writable:572:12)
    at _write (node:internal/streams/writable:501:10)
    at Writable.write (node:internal/streams/writable:510:10)
    at Framer.ondata (/root/.openclaw/workspace/node_modules/readable-stream/lib/internal/streams/readable.js:707:22)
    at Framer.emit (node:events:519:28)
    at addChunk (/root/.openclaw/workspace/node_modules/readable-stream/lib/internal/streams/readable.js:323:12) {
  errno: -32,
  code: 'EPIPE',
  syscall: 'write'
}
[forge2] Error: write EPIPE
[forge2] Disconnected
[forge2] Starting autonomous agent...
[forge2] Waiting for spawn...
[forge2] Chat: aurora: Agent aurora online!
[forge2] ✅ Spawned in world at (-78.5, 36, -202.3463408776437)
[forge2] Connecting to Brain at ws://localhost:8767
[forge2] ✅ Brain connected
[forge2] Brain command: registered
Error: write EPIPE
    at afterWriteDispatched (node:internal/stream_base_commons:159:15)
    at writeGeneric (node:internal/stream_base_commons:150:3)
    at Socket._writeGeneric (node:net:966:11)
    at Socket._write (node:net:978:8)
    at writeOrBuffer (node:internal/streams/writable:572:12)
    at _write (node:internal/streams/writable:501:10)
    at Writable.write (node:internal/streams/writable:510:10)
    at Framer.ondata (/root/.openclaw/workspace/node_modules/readable-stream/lib/internal/streams/readable.js:707:22)
    at Framer.emit (node:events:519:28)
    at addChunk (/root/.openclaw/workspace/node_modules/readable-stream/lib/internal/streams/readable.js:323:12) {
  errno: -32,
  code: 'EPIPE',
  syscall: 'write'
}
[forge2] Error: write EPIPE
[forge2] Disconnected
[forge2] Starting autonomous agent...
[forge2] Waiting for spawn...
[forge2] Disconnected
[forge2] Starting autonomous agent...
[forge2] Waiting for spawn...
[forge2] ✅ Spawned in world at (-78.5, 36, -202.3463408776437)
[forge2] Connecting to Brain at ws://localhost:8767
[forge2] ✅ Brain connected
[forge2] Brain command: registered
[forge2] Chat: chelios: Agent chelios online!
[forge2] Chat: forge: Agent forge online!
[forge2] Chat: chelios2: Agent chelios2 online!
Error: client timed out after 30000 milliseconds
    at Timeout._onTimeout (/root/.openclaw/workspace/node_modules/minecraft-protocol/src/client/keepalive.js:18:28)
    at listOnTimeout (node:internal/timers:585:17)
    at process.processTimers (node:internal/timers:521:7)
[forge2] Error: client timed out after 30000 milliseconds
[forge2] Disconnected
[forge2] Starting autonomous agent...
[forge2] Waiting for spawn...
[forge2] ✅ Spawned in world at (-78.5, 36, -202.3463408776437)
[forge2] Connecting to Brain at ws://localhost:8767
[forge2] ✅ Brain connected
[forge2] Brain command: registered
Error: write EPIPE
    at afterWriteDispatched (node:internal/stream_base_commons:159:15)
    at writeGeneric (node:internal/stream_base_commons:150:3)
    at Socket._writeGeneric (node:net:966:11)
    at Socket._write (node:net:978:8)
    at writeOrBuffer (node:internal/streams/writable:572:12)
    at _write (node:internal/streams/writable:501:10)
    at Writable.write (node:internal/streams/writable:510:10)
    at Framer.ondata (/root/.openclaw/workspace/node_modules/readable-stream/lib/internal/streams/readable.js:707:22)
    at Framer.emit (node:events:519:28)
    at addChunk (/root/.openclaw/workspace/node_modules/readable-stream/lib/internal/streams/readable.js:323:12) {
  errno: -32,
  code: 'EPIPE',
  syscall: 'write'
}
[forge2] Error: write EPIPE
[forge2] Disconnected
[forge2] Starting autonomous agent...
[forge2] Waiting for spawn...
[forge2] ✅ Spawned in world at (-78.5, 36, -202.3463408776437)
[forge2] Connecting to Brain at ws://localhost:8767
[forge2] ✅ Brain connected
[forge2] Brain command: registered
Error: client timed out after 30000 milliseconds
    at Timeout._onTimeout (/root/.openclaw/workspace/node_modules/minecraft-protocol/src/client/keepalive.js:18:28)
    at listOnTimeout (node:internal/timers:585:17)
    at process.processTimers (node:internal/timers:521:7)
[forge2] Error: client timed out after 30000 milliseconds
[forge2] Disconnected
[forge2] Starting autonomous agent...
[forge2] Waiting for spawn...
[forge2] Disconnected
[forge2] Starting autonomous agent...
[forge2] Waiting for spawn...
[forge2] Disconnected
[forge2] Starting autonomous agent...
[forge2] Waiting for spawn...
[forge2] Chat: aurora: Agent aurora online!
[forge2] Chat: patricia2: Agent patricia2 online!
[forge2] ✅ Spawned in world at (-78.5, 36, -202.3463408776437)
[forge2] Connecting to Brain at ws://localhost:8767
[forge2] ✅ Brain connected
[forge2] Brain command: registered
[forge2] Chat: chelios2: Agent chelios2 online!
Error: write EPIPE
    at afterWriteDispatched (node:internal/stream_base_commons:159:15)
    at writeGeneric (node:internal/stream_base_commons:150:3)
    at Socket._writeGeneric (node:net:966:11)
    at Socket._write (node:net:978:8)
    at writeOrBuffer (node:internal/streams/writable:572:12)
    at _write (node:internal/streams/writable:501:10)
    at Writable.write (node:internal/streams/writable:510:10)
    at Framer.ondata (/root/.openclaw/workspace/node_modules/readable-stream/lib/internal/streams/readable.js:707:22)
    at Framer.emit (node:events:519:28)
    at addChunk (/root/.openclaw/workspace/node_modules/readable-stream/lib/internal/streams/readable.js:323:12) {
  errno: -32,
  code: 'EPIPE',
  syscall: 'write'
}
[forge2] Error: write EPIPE
[forge2] Disconnected
[forge2] Starting autonomous agent...
[forge2] Waiting for spawn...
[forge2] ✅ Spawned in world at (-78.5, 36, -202.3463408776437)
[forge2] Connecting to Brain at ws://localhost:8767
[forge2] ✅ Brain connected
[forge2] Brain command: registered
[forge2] Chat: patricia2: Agent patricia2 online!
Error: write EPIPE
    at afterWriteDispatched (node:internal/stream_base_commons:159:15)
    at writeGeneric (node:internal/stream_base_commons:150:3)
    at Socket._writeGeneric (node:net:966:11)
    at Socket._write (node:net:978:8)
    at writeOrBuffer (node:internal/streams/writable:572:12)
    at _write (node:internal/streams/writable:501:10)
    at Writable.write (node:internal/streams/writable:510:10)
    at Framer.ondata (/root/.openclaw/workspace/node_modules/readable-stream/lib/internal/streams/readable.js:707:22)
    at Framer.emit (node:events:519:28)
    at addChunk (/root/.openclaw/workspace/node_modules/readable-stream/lib/internal/streams/readable.js:323:12) {
  errno: -32,
  code: 'EPIPE',
  syscall: 'write'
}
[forge2] Error: write EPIPE
[forge2] Disconnected
[forge2] Starting autonomous agent...
[forge2] Waiting for spawn...
Error: write ECONNRESET
    at afterWriteDispatched (node:internal/stream_base_commons:159:15)
    at writeGeneric (node:internal/stream_base_commons:150:3)
    at Socket._writeGeneric (node:net:966:11)
    at Socket._write (node:net:978:8)
    at writeOrBuffer (node:internal/streams/writable:572:12)
    at _write (node:internal/streams/writable:501:10)
    at Writable.write (node:internal/streams/writable:510:10)
    at Framer.ondata (/root/.openclaw/workspace/node_modules/readable-stream/lib/internal/streams/readable.js:707:22)
    at Framer.emit (node:events:519:28)
    at addChunk (/root/.openclaw/workspace/node_modules/readable-stream/lib/internal/streams/readable.js:323:12) {
  errno: -104,
  code: 'ECONNRESET',
  syscall: 'write'
}
[forge2] Error: write ECONNRESET
[forge2] Disconnected
[forge2] Starting autonomous agent...
[forge2] Waiting for spawn...
[forge2] Chat: chelios2: Agent chelios2 online!
[forge2] ✅ Spawned in world at (-78.5, 36, -202.3463408776437)
[forge2] Connecting to Brain at ws://localhost:8767
[forge2] ✅ Brain connected
[forge2] Brain command: registered
Error: client timed out after 30000 milliseconds
    at Timeout._onTimeout (/root/.openclaw/workspace/node_modules/minecraft-protocol/src/client/keepalive.js:18:28)
    at listOnTimeout (node:internal/timers:585:17)
    at process.processTimers (node:internal/timers:521:7)
[forge2] Error: client timed out after 30000 milliseconds
[forge2] Disconnected
[forge2] Starting autonomous agent...
[forge2] Waiting for spawn...
[forge2] Disconnected
[forge2] Starting autonomous agent...
[forge2] Waiting for spawn...
[forge2] Chat: aurora: Agent aurora online!
[forge2] ✅ Spawned in world at (-78.5, 36, -202.3463408776437)
[forge2] Connecting to Brain at ws://localhost:8767
[forge2] ✅ Brain connected
[forge2] Brain command: registered
[forge2] Starting autonomous agent...
[forge2] Waiting for spawn...
Error: write ECONNRESET
    at afterWriteDispatched (node:internal/stream_base_commons:159:15)
    at writeGeneric (node:internal/stream_base_commons:150:3)
    at Socket._writeGeneric (node:net:966:11)
    at Socket._write (node:net:978:8)
    at writeOrBuffer (node:internal/streams/writable:572:12)
    at _write (node:internal/streams/writable:501:10)
    at Writable.write (node:internal/streams/writable:510:10)
    at Framer.ondata (/root/.openclaw/workspace/node_modules/readable-stream/lib/internal/streams/readable.js:707:22)
    at Framer.emit (node:events:519:28)
    at addChunk (/root/.openclaw/workspace/node_modules/readable-stream/lib/internal/streams/readable.js:323:12) {
  errno: -104,
  code: 'ECONNRESET',
  syscall: 'write'
}
[forge2] Error: write ECONNRESET
[forge2] Disconnected
[forge2] Disconnected
[forge2] Starting autonomous agent...
[forge2] Waiting for spawn...
[forge2] ✅ Spawned in world at (-78.5, 36, -202.3463408776437)
[forge2] Connecting to Brain at ws://localhost:8767
[forge2] ✅ Brain connected
[forge2] Brain command: registered
Error: write ECONNRESET
    at afterWriteDispatched (node:internal/stream_base_commons:159:15)
    at writeGeneric (node:internal/stream_base_commons:150:3)
    at Socket._writeGeneric (node:net:966:11)
    at Socket._write (node:net:978:8)
    at writeOrBuffer (node:internal/streams/writable:572:12)
    at _write (node:internal/streams/writable:501:10)
    at Writable.write (node:internal/streams/writable:510:10)
    at Framer.ondata (/root/.openclaw/workspace/node_modules/readable-stream/lib/internal/streams/readable.js:707:22)
    at Framer.emit (node:events:519:28)
    at addChunk (/root/.openclaw/workspace/node_modules/readable-stream/lib/internal/streams/readable.js:323:12) {
  errno: -104,
  code: 'ECONNRESET',
  syscall: 'write'
}
[forge2] Error: write ECONNRESET
[forge2] Disconnected
[forge2] Starting autonomous agent...
[forge2] Starting autonomous agent...
[forge2] Waiting for spawn...
[forge2] Waiting for spawn...
[forge2] Disconnected
[forge2] Disconnected
[forge2] Starting autonomous agent...
[forge2] Waiting for spawn...
[forge2] Chat: patricia2: Agent patricia2 online!
[forge2] ✅ Spawned in world at (-78.5, 36, -202.3463408776437)
[forge2] Connecting to Brain at ws://localhost:8767
[forge2] ✅ Brain connected
[forge2] Brain command: registered
[forge2] Chat: chelios2: Agent chelios2 online!
Error: write EPIPE
    at afterWriteDispatched (node:internal/stream_base_commons:159:15)
    at writeGeneric (node:internal/stream_base_commons:150:3)
    at Socket._writeGeneric (node:net:966:11)
    at Socket._write (node:net:978:8)
    at writeOrBuffer (node:internal/streams/writable:572:12)
    at _write (node:internal/streams/writable:501:10)
    at Writable.write (node:internal/streams/writable:510:10)
    at Framer.ondata (/root/.openclaw/workspace/node_modules/readable-stream/lib/internal/streams/readable.js:707:22)
    at Framer.emit (node:events:519:28)
    at addChunk (/root/.openclaw/workspace/node_modules/readable-stream/lib/internal/streams/readable.js:323:12) {
  errno: -32,
  code: 'EPIPE',
  syscall: 'write'
}
[forge2] Error: write EPIPE
[forge2] Disconnected
[forge2] Starting autonomous agent...
[forge2] Waiting for spawn...
[forge2] ✅ Spawned in world at (-78.5, 36, -202.3463408776437)
[forge2] Connecting to Brain at ws://localhost:8767
[forge2] ✅ Brain connected
[forge2] Brain command: registered
Error: write EPIPE
    at afterWriteDispatched (node:internal/stream_base_commons:159:15)
    at writeGeneric (node:internal/stream_base_commons:150:3)
    at Socket._writeGeneric (node:net:966:11)
    at Socket._write (node:net:978:8)
    at writeOrBuffer (node:internal/streams/writable:572:12)
    at _write (node:internal/streams/writable:501:10)
    at Writable.write (node:internal/streams/writable:510:10)
    at Framer.ondata (/root/.openclaw/workspace/node_modules/readable-stream/lib/internal/streams/readable.js:707:22)
    at Framer.emit (node:events:519:28)
    at addChunk (/root/.openclaw/workspace/node_modules/readable-stream/lib/internal/streams/readable.js:323:12) {
  errno: -32,
  code: 'EPIPE',
  syscall: 'write'
}
[forge2] Error: write EPIPE
[forge2] Disconnected
[forge2] Starting autonomous agent...
[forge2] Waiting for spawn...
[forge2] Disconnected
[forge2] Starting autonomous agent...
[forge2] Waiting for spawn...
Error: read ECONNRESET
    at TCP.onStreamRead (node:internal/stream_base_commons:216:20) {
  errno: -104,
  code: 'ECONNRESET',
  syscall: 'read'
}
[forge2] Error: read ECONNRESET
[forge2] Disconnected
[forge2] Starting autonomous agent...
[forge2] Waiting for spawn...
[forge2] ✅ Spawned in world at (-78.5, 36, -202.3463408776437)
[forge2] Connecting to Brain at ws://localhost:8767
[forge2] ✅ Brain connected
[forge2] Brain command: registered
Error: write EPIPE
    at afterWriteDispatched (node:internal/stream_base_commons:159:15)
    at writeGeneric (node:internal/stream_base_commons:150:3)
    at Socket._writeGeneric (node:net:966:11)
    at Socket._write (node:net:978:8)
    at writeOrBuffer (node:internal/streams/writable:572:12)
    at _write (node:internal/streams/writable:501:10)
    at Writable.write (node:internal/streams/writable:510:10)
    at Framer.ondata (/root/.openclaw/workspace/node_modules/readable-stream/lib/internal/streams/readable.js:707:22)
    at Framer.emit (node:events:519:28)
    at addChunk (/root/.openclaw/workspace/node_modules/readable-stream/lib/internal/streams/readable.js:323:12) {
  errno: -32,
  code: 'EPIPE',
  syscall: 'write'
}
[forge2] Error: write EPIPE
[forge2] Disconnected
[forge2] Starting autonomous agent...
[forge2] Waiting for spawn...
[forge2] Starting autonomous agent...
[forge2] Waiting for spawn...
[forge2] Disconnected
[forge2] Starting autonomous agent...
[forge2] Waiting for spawn...
[forge2] Disconnected
[forge2] Starting autonomous agent...
[forge2] Waiting for spawn...
[forge2] Disconnected
[forge2] Starting autonomous agent...
[forge2] Waiting for spawn...
[forge2] Disconnected
[forge2] Starting autonomous agent...
[forge2] Waiting for spawn...
[forge2] Disconnected
[forge2] Starting autonomous agent...
[forge2] Waiting for spawn...
[forge2] Disconnected
[forge2] Starting autonomous agent...
[forge2] Waiting for spawn...
[forge2] Disconnected
[forge2] Starting autonomous agent...
[forge2] Waiting for spawn...
[forge2] Disconnected
[forge2] Starting autonomous agent...
[forge2] Waiting for spawn...
[forge2] Disconnected
[forge2] Starting autonomous agent...
[forge2] Waiting for spawn...
[forge2] Disconnected
[forge2] Starting autonomous agent...
[forge2] Waiting for spawn...
[forge2] Disconnected
[forge2] Starting autonomous agent...
[forge2] Waiting for spawn...
[forge2] Disconnected
[forge2] Starting autonomous agent...
[forge2] Waiting for spawn...
[forge2] Disconnected
[forge2] Starting autonomous agent...
[forge2] Waiting for spawn...
[forge2] Disconnected
[forge2] Starting autonomous agent...
[forge2] Waiting for spawn...
[forge2] Disconnected
[forge2] Starting autonomous agent...
[forge2] Waiting for spawn...
[forge2] Disconnected
[forge2] Starting autonomous agent...
[forge2] Waiting for spawn...
[forge2] Disconnected
[forge2] Starting autonomous agent...
[forge2] Waiting for spawn...
[forge2] Disconnected
[forge2] Starting autonomous agent...
[forge2] Waiting for spawn...
[forge2] Disconnected
[forge2] Starting autonomous agent...
[forge2] Waiting for spawn...
[forge2] Disconnected
[forge2] Starting autonomous agent...
[forge2] Waiting for spawn...
[forge2] Disconnected
[forge2] Starting autonomous agent...
[forge2] Waiting for spawn...
[forge2] Disconnected
[forge2] Starting autonomous agent...
[forge2] Waiting for spawn...
[forge2] Disconnected
[forge2] Starting autonomous agent...
[forge2] Waiting for spawn...
[forge2] Disconnected
[forge2] Starting autonomous agent...
[forge2] Waiting for spawn...
[forge2] Disconnected
[forge2] Starting autonomous agent...
[forge2] Waiting for spawn...
[forge2] ✅ Spawned in world at (-78.5, 36, -202.3463408776437)
[forge2] Connecting to Brain at ws://localhost:8767
[forge2] ✅ Brain connected
[forge2] Brain command: registered
[forge2] Chat: forge: Agent forge online!
[forge2] Chat: julius: Reporting in.
[forge2] Chat: patricia: Agent patricia online!
[forge2] Chat: chelios: Agent chelios online!
[forge2] Chat: aurora: Agent aurora online!
[forge2] Chat: patricia2: Agent patricia2 online!
[forge2] Chat: chelios2: Agent chelios2 online!
[forge2] Starting autonomous agent...
[forge2] Waiting for spawn...
[forge2] Disconnected
[forge2] ✅ Spawned in world at (-78.5, 36, -202.3463408776437)
[forge2] Connecting to Brain at ws://localhost:8767
[forge2] ✅ Brain connected
[forge2] Brain command: registered
[forge2] Chat: titus: Standing by.
[forge2] Chat: julia: Standing by.
[forge2] Chat: livia: Standing by.
[forge2] Chat: marcus: Reporting in.
[forge2] Chat: julius: All systems nominal.
[forge2] Chat: titus: Standing by.
[forge2] Chat: julia: Standing by.
[forge2] Chat: livia: Tick 8088.
[forge2] Chat: marcus: All systems nominal.
[forge2] Chat: julius: Tick 8100.
[forge2] Chat: titus: Reporting in.
[forge2] Chat: julia: All systems nominal.
[forge2] Chat: livia: All systems nominal.
[forge2] Chat: marcus: Tick 8112.
[forge2] Chat: julius: Standing by.
[forge2] Chat: titus: Tick 8112.
[forge2] Chat: julia: All systems nominal.
[forge2] Chat: livia: Tick 8112.
[forge2] Chat: marcus: Standing by.
[forge2] Chat: julius: Tick 8124.
[forge2] Chat: titus: Standing by.
[forge2] Chat: julia: Standing by.
[forge2] Chat: livia: All systems nominal.
[forge2] Chat: marcus: Standing by.
[forge2] Chat: julius: Tick 8136.
[forge2] Chat: titus: All systems nominal.
[forge2] Chat: julia: Standing by.
[forge2] Chat: livia: Standing by.
[forge2] Chat: marcus: Standing by.
[forge2] Chat: julius: Tick 8148.
[forge2] Chat: titus: Reporting in.
[forge2] Chat: julia: Tick 8148.
[forge2] Chat: livia: Tick 8148.
[forge2] Chat: marcus: All systems nominal.
[forge2] Chat: julius: Standing by.
[forge2] Chat: titus: Reporting in.
[forge2] Chat: julia: Tick 8160.
[forge2] Chat: livia: Standing by.
[forge2] Chat: marcus: Reporting in.
[forge2] Chat: julius: Tick 8172.
[forge2] Chat: titus: Tick 8172.
[forge2] Chat: julia: Standing by.
[forge2] Chat: livia: All systems nominal.
[forge2] Chat: marcus: Reporting in.
[forge2] Chat: julius: All systems nominal.
[forge2] Chat: titus: All systems nominal.
[forge2] Chat: julia: Tick 8184.
[forge2] Chat: livia: All systems nominal.
[forge2] Chat: marcus: All systems nominal.
[forge2] Chat: julius: Reporting in.
[forge2] Chat: titus: Reporting in.
[forge2] Chat: julia: Reporting in.
[forge2] Chat: livia: All systems nominal.
[forge2] Chat: marcus: Tick 8208.
[forge2] Chat: julius: Standing by.
[forge2] Chat: titus: Standing by.
[forge2] Chat: julia: All systems nominal.
[forge2] Chat: livia: Standing by.
[forge2] Chat: marcus: All systems nominal.
[forge2] Chat: julius: All systems nominal.
[forge2] Chat: titus: Reporting in.
[forge2] Chat: julia: Reporting in.
[forge2] Chat: livia: Standing by.
[forge2] Chat: marcus: Reporting in.
[forge2] Chat: julius: All systems nominal.
[forge2] Chat: titus: All systems nominal.
[forge2] Chat: julia: All systems nominal.
[forge2] Chat: livia: Standing by.
[forge2] Chat: marcus: All systems nominal.
[forge2] Chat: julius: Reporting in.
[forge2] Chat: titus: Standing by.
[forge2] Chat: julia: Tick 8244.
[forge2] Chat: livia: Standing by.
[forge2] Chat: marcus: Standing by.
[forge2] Chat: julius: All systems nominal.
[forge2] Chat: titus: All systems nominal.
[forge2] Chat: julia: All systems nominal.
[forge2] Chat: livia: Reporting in.
[forge2] Chat: marcus: Tick 8268.
[forge2] Chat: julius: Standing by.
[forge2] Chat: titus: Tick 8268.
[forge2] Chat: julia: Reporting in.
[forge2] Chat: livia: All systems nominal.
[forge2] Chat: marcus: Reporting in.
[forge2] Chat: julius: Tick 8280.
[forge2] Chat: titus: Tick 8280.
[forge2] Chat: julia: Standing by.
[forge2] Chat: livia: Tick 8280.
[forge2] Chat: marcus: All systems nominal.
[forge2] Chat: julius: Standing by.
[forge2] Chat: titus: Tick 8292.
[forge2] Chat: julia: All systems nominal.
[forge2] Chat: livia: Reporting in.
[forge2] Chat: marcus: All systems nominal.
[forge2] Chat: julius: Standing by.
[forge2] Chat: titus: Standing by.
[forge2] Chat: julia: Standing by.
[forge2] Chat: livia: Reporting in.
[forge2] Chat: marcus: Standing by.
[forge2] Chat: julius: Standing by.
[forge2] Chat: titus: All systems nominal.
[forge2] Chat: julia: All systems nominal.
[forge2] Chat: livia: Tick 8316.
[forge2] Chat: marcus: Reporting in.
[forge2] Chat: julius: Tick 8328.
[forge2] Chat: titus: Standing by.
[forge2] Chat: julia: All systems nominal.
[forge2] Chat: livia: Reporting in.
[forge2] Chat: marcus: Standing by.
[forge2] Chat: julius: Reporting in.
[forge2] Chat: titus: Reporting in.
[forge2] Chat: julia: Reporting in.
[forge2] Chat: livia: Reporting in.
[forge2] Chat: marcus: Standing by.
[forge2] Chat: julius: All systems nominal.
[forge2] Chat: titus: All systems nominal.
[forge2] Chat: julia: Standing by.
[forge2] Chat: livia: Tick 8352.
[forge2] Chat: marcus: Reporting in.
[forge2] Chat: julius: Reporting in.
[forge2] Chat: titus: All systems nominal.
[forge2] Chat: julia: Tick 8364.
[forge2] Chat: livia: Tick 8364.
[forge2] Chat: marcus: Reporting in.
[forge2] Chat: julius: Standing by.
[forge2] Chat: titus: All systems nominal.
[forge2] Chat: julia: All systems nominal.
[forge2] Chat: livia: All systems nominal.
[forge2] Chat: marcus: Standing by.
[forge2] Chat: julius: Reporting in.
[forge2] Chat: titus: All systems nominal.
[forge2] Chat: julia: Tick 8388.
[forge2] Chat: livia: Tick 8388.
[forge2] Chat: marcus: All systems nominal.
[forge2] Chat: julius: Tick 8400.
[forge2] Chat: titus: Tick 8400.
[forge2] Chat: julia: All systems nominal.
[forge2] Chat: livia: Standing by.
[forge2] Chat: marcus: Standing by.
[forge2] Chat: julius: Standing by.
[forge2] Chat: titus: All systems nominal.
[forge2] Chat: julia: Tick 8412.
[forge2] Chat: livia: Standing by.
[forge2] Chat: marcus: Standing by.
[forge2] Chat: julius: Reporting in.
[forge2] Chat: titus: Standing by.
[forge2] Chat: julia: Reporting in.
[forge2] Chat: livia: All systems nominal.
[forge2] Chat: marcus: Standing by.
[forge2] Chat: julius: All systems nominal.
[forge2] Chat: titus: Tick 8436.
[forge2] Chat: julia: All systems nominal.
[forge2] Chat: livia: Reporting in.
[forge2] Chat: marcus: Tick 8448.
[forge2] Chat: julius: Tick 8448.
[forge2] Chat: titus: All systems nominal.
[forge2] Chat: julia: Reporting in.
[forge2] Chat: livia: All systems nominal.
[forge2] Chat: marcus: Tick 8460.
[forge2] Chat: julius: Standing by.
[forge2] Chat: titus: Tick 8460.
[forge2] Chat: julia: Tick 8460.
[forge2] Chat: livia: All systems nominal.
[forge2] Chat: marcus: Tick 8472.
[forge2] Chat: julius: Tick 8472.
[forge2] Chat: titus: Tick 8472.
[forge2] Chat: julia: Standing by.
[forge2] Chat: livia: Standing by.
[forge2] Chat: marcus: Standing by.
[forge2] Chat: julius: Standing by.
[forge2] Chat: titus: Standing by.
[forge2] Chat: julia: Tick 8484.
[forge2] Chat: livia: Standing by.
[forge2] Chat: marcus: Standing by.
[forge2] Chat: julius: Tick 8496.
[forge2] Chat: titus: Reporting in.
[forge2] Chat: julia: All systems nominal.
[forge2] Chat: livia: Standing by.
[forge2] Chat: marcus: Standing by.
[forge2] Chat: julius: All systems nominal.
[forge2] Chat: titus: Standing by.
[forge2] Chat: julia: Standing by.
[forge2] Chat: livia: Tick 8508.
[forge2] Chat: marcus: Standing by.
[forge2] Chat: julius: Reporting in.
[forge2] Chat: titus: Tick 8520.
[forge2] Chat: julia: All systems nominal.
[forge2] Chat: livia: Standing by.
[forge2] Chat: marcus: Reporting in.
[forge2] Chat: julius: Standing by.
[forge2] Chat: titus: Tick 8532.
[forge2] Chat: julia: Standing by.
[forge2] Chat: livia: Tick 8532.
[forge2] Chat: marcus: Standing by.
[forge2] Chat: julius: All systems nominal.
[forge2] Chat: titus: All systems nominal.
[forge2] Chat: julia: Tick 8544.
[forge2] Chat: livia: Standing by.
[forge2] Chat: marcus: Reporting in.
[forge2] Chat: julius: Tick 8556.
[forge2] Chat: titus: Reporting in.
[forge2] Chat: julia: Tick 8556.
[forge2] Chat: livia: Tick 8556.
[forge2] Chat: marcus: Reporting in.
[forge2] Chat: julius: Standing by.
[forge2] Chat: titus: All systems nominal.
[forge2] Chat: julia: Tick 8568.
[forge2] Chat: livia: All systems nominal.
[forge2] Chat: marcus: Tick 8580.
[forge2] Chat: julius: Reporting in.
[forge2] Chat: titus: Tick 8580.
[forge2] Chat: livia: Tick 8580.
[forge2] Chat: julia: Reporting in.
[forge2] Chat: marcus: Reporting in.
[forge2] Chat: julius: Standing by.
[forge2] Chat: titus: Reporting in.
[forge2] Chat: livia: All systems nominal.
[forge2] Chat: julia: Standing by.
[forge2] Chat: marcus: All systems nominal.
[forge2] Chat: julius: Reporting in.
[forge2] Chat: titus: Reporting in.
[forge2] Chat: julia: All systems nominal.
[forge2] Chat: livia: Tick 8604.
[forge2] Chat: marcus: Tick 8616.
[forge2] Chat: julius: Tick 8616.
[forge2] Chat: titus: Standing by.
[forge2] Chat: julia: Standing by.
[forge2] Chat: livia: Tick 8616.
[forge2] Chat: marcus: Tick 8628.
[forge2] Chat: julius: Standing by.
[forge2] Chat: titus: Tick 8628.
[forge2] Chat: julia: Reporting in.
[forge2] Chat: livia: Tick 8628.
[forge2] Chat: marcus: Standing by.
[forge2] Chat: julius: Tick 8640.
[forge2] Chat: titus: Reporting in.
[forge2] Chat: julia: Reporting in.
[forge2] Chat: livia: Tick 8640.
[forge2] Chat: marcus: Standing by.
[forge2] Chat: julius: All systems nominal.
[forge2] Chat: titus: All systems nominal.
[forge2] Chat: julia: Standing by.
[forge2] Chat: livia: Standing by.
[forge2] Chat: marcus: Standing by.
[forge2] Chat: julius: Tick 8664.
[forge2] Chat: titus: All systems nominal.
[forge2] Chat: julia: Reporting in.
[forge2] Chat: livia: Tick 8664.
[forge2] Chat: marcus: Standing by.
[forge2] Chat: julius: Reporting in.
[forge2] Chat: titus: Standing by.
[forge2] Chat: livia: Standing by.
[forge2] Chat: julia: All systems nominal.
[forge2] Chat: marcus: Standing by.
[forge2] Chat: julius: Tick 8688.
[forge2] Chat: titus: Standing by.
[forge2] Chat: livia: Tick 8688.
[forge2] Chat: julia: Tick 8688.
[forge2] Chat: marcus: All systems nominal.
[forge2] Chat: julius: Standing by.
[forge2] Chat: titus: Reporting in.
[forge2] Chat: livia: All systems nominal.
[forge2] Chat: julia: Standing by.
[forge2] Chat: marcus: Standing by.
[forge2] Chat: julius: Reporting in.
[forge2] Chat: titus: All systems nominal.
[forge2] Chat: livia: Reporting in.
[forge2] Chat: julia: Standing by.
[forge2] Chat: marcus: Standing by.
[forge2] Chat: julius: Reporting in.
[forge2] Chat: titus: All systems nominal.
[forge2] Chat: livia: Tick 8724.
[forge2] Chat: julia: Reporting in.
[forge2] Chat: marcus: Reporting in.
[forge2] Chat: julius: Tick 8736.
[forge2] Chat: titus: Tick 8736.
[forge2] Chat: livia: Reporting in.
[forge2] Chat: julia: All systems nominal.
[forge2] Chat: marcus: Tick 8748.
[forge2] Chat: julius: Tick 8748.
[forge2] Chat: titus: Standing by.
[forge2] Chat: livia: Standing by.
[forge2] Chat: julia: Standing by.
[forge2] Chat: marcus: Reporting in.
[forge2] Chat: julius: Standing by.
[forge2] Chat: titus: Reporting in.
[forge2] Chat: livia: Reporting in.
[forge2] Chat: julia: Tick 8760.
[forge2] Chat: marcus: Reporting in.
[forge2] Chat: julius: All systems nominal.
[forge2] Chat: titus: All systems nominal.
[forge2] Chat: livia: Standing by.
[forge2] Chat: julia: Standing by.
[forge2] Chat: marcus: Reporting in.
[forge2] Chat: julius: Tick 8784.
[forge2] Chat: titus: All systems nominal.
[forge2] Chat: livia: Reporting in.
[forge2] Chat: julia: All systems nominal.
[forge2] Chat: marcus: Reporting in.
[forge2] Chat: julius: Standing by.
[forge2] Chat: titus: Reporting in.
[forge2] Chat: livia: Tick 8796.
[forge2] Chat: julia: All systems nominal.
[forge2] Chat: marcus: Reporting in.
[forge2] Chat: julius: Standing by.
[forge2] Chat: titus: All systems nominal.
[forge2] Chat: livia: Tick 8808.
[forge2] Chat: julia: All systems nominal.
[forge2] Chat: marcus: Reporting in.
[forge2] Chat: julius: All systems nominal.
[forge2] Chat: titus: Tick 8820.
[forge2] Chat: livia: Tick 8820.
[forge2] Chat: julia: All systems nominal.
[forge2] Chat: marcus: Reporting in.
[forge2] Chat: julius: Standing by.
[forge2] Chat: titus: Reporting in.
[forge2] Chat: livia: Tick 8832.
[forge2] Chat: julia: All systems nominal.
[forge2] Chat: marcus: Standing by.
[forge2] Chat: julius: Reporting in.
[forge2] Chat: titus: Standing by.
[forge2] Chat: livia: Standing by.
[forge2] Chat: julia: Reporting in.
[forge2] Chat: marcus: All systems nominal.
[forge2] Chat: julius: Reporting in.
[forge2] Chat: titus: All systems nominal.
[forge2] Chat: livia: All systems nominal.
[forge2] Chat: julia: All systems nominal.
[forge2] Chat: marcus: Standing by.
[forge2] Chat: julius: Standing by.
[forge2] Chat: titus: Reporting in.
[forge2] Chat: livia: Tick 8868.
[forge2] Chat: julia: All systems nominal.
[forge2] Chat: marcus: All systems nominal.
[forge2] Chat: julius: Standing by.
[forge2] Chat: titus: Reporting in.
[forge2] Chat: livia: Reporting in.
[forge2] Chat: julia: Tick 8880.
[forge2] Chat: marcus: Reporting in.
[forge2] Chat: julius: Standing by.
[forge2] Chat: titus: Tick 8892.
[forge2] Chat: livia: Reporting in.
[forge2] Chat: julia: All systems nominal.
[forge2] Chat: marcus: All systems nominal.
[forge2] Chat: julius: Tick 8904.
[forge2] Chat: titus: Reporting in.
[forge2] Chat: livia: Tick 8904.
[forge2] Chat: julia: Reporting in.
[forge2] Chat: marcus: Reporting in.
[forge2] Chat: julius: Reporting in.
[forge2] Chat: titus: Reporting in.
[forge2] Chat: livia: Reporting in.
[forge2] Chat: julia: All systems nominal.
[forge2] Chat: marcus: Reporting in.
[forge2] Chat: julius: Tick 8928.
[forge2] Chat: titus: Tick 8928.
[forge2] Chat: livia: Reporting in.
[forge2] Chat: julia: Standing by.
[forge2] Chat: marcus: Standing by.
[forge2] Chat: julius: Reporting in.
[forge2] Chat: titus: Standing by.
[forge2] Chat: livia: Tick 8940.
[forge2] Chat: julia: Reporting in.
[forge2] Chat: marcus: Tick 8952.
[forge2] Chat: julius: All systems nominal.
[forge2] Chat: titus: Standing by.
[forge2] Chat: livia: Reporting in.
[forge2] Chat: julia: All systems nominal.
[forge2] Chat: marcus: Tick 8964.
[forge2] Chat: julius: Standing by.
[forge2] Chat: titus: Standing by.
[forge2] Chat: livia: Reporting in.
[forge2] Chat: julia: All systems nominal.
[forge2] Chat: marcus: Standing by.
[forge2] Chat: julius: Standing by.
[forge2] Chat: titus: Standing by.
[forge2] Chat: livia: Standing by.
[forge2] Chat: julia: Tick 8976.
[forge2] Chat: marcus: All systems nominal.
[forge2] Chat: julius: Tick 8988.
[forge2] Chat: titus: Reporting in.
[forge2] Chat: livia: All systems nominal.
[forge2] Chat: julia: All systems nominal.
[forge2] Chat: marcus: All systems nominal.
[forge2] Chat: julius: Standing by.
[forge2] Chat: titus: Tick 9000.
[forge2] Chat: livia: Standing by.
[forge2] Chat: julia: All systems nominal.
[forge2] Chat: marcus: All systems nominal.
[forge2] Chat: julius: Standing by.
[forge2] Chat: titus: All systems nominal.
[forge2] Chat: livia: Tick 9012.
[forge2] Chat: julia: Tick 9012.
[forge2] Chat: marcus: Reporting in.
[forge2] Chat: julius: All systems nominal.
[forge2] Chat: titus: Standing by.
[forge2] Chat: livia: Tick 9024.
[forge2] Chat: julia: Reporting in.
[forge2] Chat: marcus: Reporting in.
[forge2] Chat: julius: Standing by.
[forge2] Chat: titus: Tick 9036.
[forge2] Chat: livia: Tick 9036.
[forge2] Chat: julia: Standing by.
[forge2] Chat: marcus: All systems nominal.
[forge2] Chat: julius: Tick 9048.
[forge2] Chat: titus: All systems nominal.
[forge2] Chat: livia: Reporting in.
[forge2] Chat: julia: Standing by.
[forge2] Chat: marcus: Tick 9060.
[forge2] Chat: julius: Standing by.
[forge2] Chat: titus: Reporting in.
[forge2] Chat: livia: Reporting in.
[forge2] Chat: julia: Standing by.
[forge2] Chat: marcus: Reporting in.
[forge2] Chat: julius: Standing by.
[forge2] Chat: titus: Reporting in.
[forge2] Chat: livia: Standing by.
[forge2] Chat: julia: All systems nominal.
[forge2] Chat: marcus: Tick 9084.
[forge2] Chat: julius: Reporting in.
[forge2] Chat: titus: Tick 9084.
[forge2] Chat: livia: All systems nominal.
[forge2] Chat: julia: Tick 9084.
[forge2] Chat: marcus: Tick 9096.
[forge2] Chat: julius: Reporting in.
[forge2] Chat: titus: Reporting in.
[forge2] Chat: livia: Standing by.
[forge2] Chat: julia: All systems nominal.
[forge2] Chat: marcus: All systems nominal.
[forge2] Chat: julius: All systems nominal.
[forge2] Chat: titus: Reporting in.
[forge2] Chat: livia: Standing by.
[forge2] Chat: julia: All systems nominal.
[forge2] Chat: marcus: Standing by.
[forge2] Chat: julius: Tick 9120.
[forge2] Chat: titus: Standing by.
[forge2] Chat: livia: Standing by.
[forge2] Chat: julia: Tick 9120.
[forge2] Chat: marcus: Standing by.
[forge2] Chat: julius: Tick 9132.
[forge2] Chat: titus: Reporting in.
[forge2] Chat: livia: All systems nominal.
[forge2] Chat: julia: Standing by.
[forge2] Chat: marcus: Reporting in.
[forge2] Chat: julius: Tick 9144.
[forge2] Chat: titus: Standing by.
[forge2] Chat: livia: All systems nominal.
[forge2] Chat: julia: Tick 9144.
[forge2] Chat: marcus: Standing by.
[forge2] Chat: julius: Standing by.
[forge2] Chat: titus: All systems nominal.
[forge2] Chat: livia: Reporting in.
[forge2] Chat: julia: Reporting in.
[forge2] Chat: marcus: Tick 9168.
[forge2] Chat: julius: Reporting in.
[forge2] Chat: titus: Standing by.
[forge2] Chat: livia: Tick 9168.
[forge2] Chat: julia: All systems nominal.
[forge2] Chat: marcus: All systems nominal.
[forge2] Chat: julius: Standing by.
[forge2] Chat: titus: Reporting in.
[forge2] Chat: livia: Reporting in.
[forge2] Chat: julia: Tick 9180.
[forge2] Chat: marcus: All systems nominal.
[forge2] Chat: julius: Reporting in.
[forge2] Chat: titus: Tick 9192.
[forge2] Chat: livia: Tick 9192.
[forge2] Chat: julia: Standing by.
[forge2] Chat: marcus: Standing by.
[forge2] Chat: julius: Reporting in.
[forge2] Chat: titus: Reporting in.
[forge2] Chat: livia: All systems nominal.
[forge2] Chat: julia: Tick 9204.
[forge2] Chat: marcus: All systems nominal.
[forge2] Chat: julius: Reporting in.
[forge2] Chat: titus: Tick 9216.
[forge2] Chat: livia: Standing by.
[forge2] Chat: julia: Tick 9216.
[forge2] Chat: marcus: All systems nominal.
[forge2] Chat: julius: Standing by.
[forge2] Chat: titus: Standing by.
[forge2] Chat: livia: Standing by.
[forge2] Chat: julia: Tick 9228.
[forge2] Chat: marcus: Tick 9240.
[forge2] Chat: julius: Standing by.
[forge2] Chat: titus: Tick 9240.
[forge2] Chat: livia: All systems nominal.
[forge2] Chat: julia: Tick 9240.
[forge2] Chat: marcus: Tick 9252.
[forge2] Chat: julius: Tick 9252.
[forge2] Chat: titus: All systems nominal.
[forge2] Chat: livia: All systems nominal.
[forge2] Chat: julia: Standing by.
[forge2] Chat: marcus: Standing by.
[forge2] Chat: julius: Standing by.
[forge2] Chat: titus: Reporting in.
[forge2] Chat: livia: Tick 9264.
[forge2] Chat: julia: Tick 9264.
[forge2] Chat: marcus: Standing by.
[forge2] Chat: julius: Reporting in.
[forge2] Chat: titus: All systems nominal.
[forge2] Chat: livia: Reporting in.
[forge2] Chat: julia: Reporting in.
[forge2] Chat: marcus: Standing by.
[forge2] Chat: julius: Tick 9288.
[forge2] Chat: titus: All systems nominal.
[forge2] Chat: livia: All systems nominal.
[forge2] Chat: julia: Reporting in.
[forge2] Chat: marcus: Reporting in.
[forge2] Chat: julius: Tick 9300.
[forge2] Chat: titus: Standing by.
[forge2] Chat: livia: Reporting in.
[forge2] Chat: julia: Standing by.
[forge2] Chat: marcus: Reporting in.
[forge2] Chat: julius: Tick 9312.
[forge2] Chat: titus: Reporting in.
[forge2] Chat: livia: Reporting in.
[forge2] Chat: julia: Tick 9312.
[forge2] Chat: marcus: Standing by.
[forge2] Chat: julius: Reporting in.
[forge2] Chat: titus: All systems nominal.
[forge2] Chat: livia: Standing by.
[forge2] Chat: julia: Tick 9324.
[forge2] Chat: marcus: Standing by.
[forge2] Chat: julius: All systems nominal.
[forge2] Chat: titus: Standing by.
[forge2] Chat: livia: Tick 9336.
[forge2] Chat: julia: Tick 9336.
[forge2] Chat: marcus: Tick 9348.
[forge2] Chat: julius: Standing by.
[forge2] Chat: titus: Standing by.
[forge2] Chat: livia: Tick 9348.
[forge2] Chat: julia: Reporting in.
[forge2] Chat: marcus: Tick 9360.
[forge2] Chat: julius: All systems nominal.
[forge2] Chat: titus: Tick 9360.
[forge2] Chat: livia: Standing by.
[forge2] Chat: julia: Standing by.
[forge2] Chat: marcus: Tick 9372.
[forge2] Chat: julius: Standing by.
[forge2] Chat: titus: Tick 9372.
[forge2] Chat: livia: Tick 9372.
[forge2] Chat: julia: Tick 9372.
[forge2] Chat: marcus: Standing by.
[forge2] Chat: julius: Standing by.
[forge2] Chat: titus: Tick 9384.
[forge2] Chat: livia: Reporting in.
[forge2] Chat: julia: Tick 9384.
[forge2] Chat: marcus: Standing by.
[forge2] Chat: julius: All systems nominal.
[forge2] Chat: titus: Tick 9396.
[forge2] Chat: livia: Reporting in.
[forge2] Chat: julia: Standing by.
[forge2] Chat: marcus: Tick 9408.
[forge2] Chat: julius: Tick 9408.
[forge2] Chat: titus: All systems nominal.
[forge2] Chat: livia: Reporting in.
[forge2] Chat: julia: Tick 9408.
[forge2] Chat: marcus: Reporting in.
[forge2] Chat: julius: Tick 9420.
[forge2] Chat: titus: Standing by.
[forge2] Chat: livia: Standing by.
[forge2] Chat: julia: Reporting in.
[forge2] Chat: marcus: All systems nominal.
[forge2] Chat: julius: Tick 9432.
[forge2] Chat: titus: Standing by.
[forge2] Chat: livia: Reporting in.
[forge2] Chat: julia: All systems nominal.
[forge2] Chat: marcus: Reporting in.
[forge2] Chat: julius: Tick 9444.
[forge2] Chat: titus: Tick 9444.
[forge2] Chat: livia: Standing by.
[forge2] Chat: julia: Standing by.
[forge2] Chat: marcus: Standing by.
[forge2] Chat: julius: Tick 9456.
[forge2] Chat: titus: All systems nominal.
[forge2] Chat: livia: All systems nominal.
[forge2] Chat: julia: Standing by.
[forge2] Chat: marcus: Standing by.
[forge2] Chat: julius: Reporting in.
[forge2] Chat: titus: Tick 9468.
[forge2] Chat: livia: Reporting in.
[forge2] Chat: julia: Standing by.
[forge2] Chat: marcus: Standing by.
[forge2] Chat: julius: All systems nominal.
[forge2] Chat: titus: Reporting in.
[forge2] Chat: livia: Standing by.
[forge2] Chat: julia: Reporting in.
[forge2] Chat: marcus: Reporting in.
[forge2] Chat: julius: Standing by.
[forge2] Chat: titus: Reporting in.
[forge2] Chat: livia: Tick 9492.
[forge2] Chat: julia: Standing by.
[forge2] Chat: marcus: Reporting in.
[forge2] Chat: julius: Reporting in.
[forge2] Chat: titus: Standing by.
[forge2] Chat: livia: All systems nominal.
[forge2] Chat: julia: Reporting in.
[forge2] Chat: marcus: Reporting in.
[forge2] Chat: julius: Tick 9516.
[forge2] Chat: titus: Standing by.
[forge2] Chat: livia: Tick 9516.
[forge2] Chat: julia: Standing by.
[forge2] Chat: marcus: Reporting in.
[forge2] Chat: julius: Reporting in.
[forge2] Chat: titus: All systems nominal.
[forge2] Chat: livia: All systems nominal.
[forge2] Chat: julia: Standing by.
[forge2] Chat: marcus: Tick 9540.
[forge2] Chat: julius: Tick 9540.
[forge2] Chat: titus: All systems nominal.
[forge2] Chat: livia: Reporting in.
[forge2] Chat: julia: Tick 9540.
[forge2] Chat: marcus: Tick 9552.
[forge2] Chat: julius: Standing by.
[forge2] Chat: titus: Standing by.
[forge2] Chat: livia: Standing by.
[forge2] Chat: julia: Reporting in.
[forge2] Chat: marcus: Reporting in.
[forge2] Chat: julius: Reporting in.
[forge2] Chat: titus: Reporting in.
[forge2] Chat: livia: Standing by.
[forge2] Chat: julia: Reporting in.
[forge2] Chat: marcus: Standing by.
[forge2] Chat: julius: Standing by.
[forge2] Chat: titus: Tick 9576.
[forge2] Chat: livia: All systems nominal.
[forge2] Chat: julia: Standing by.
[forge2] Chat: marcus: Reporting in.
[forge2] Chat: julius: Tick 9588.
[forge2] Chat: titus: Tick 9588.
[forge2] Chat: livia: All systems nominal.
[forge2] Chat: julia: Standing by.
[forge2] Chat: marcus: Standing by.
[forge2] Chat: julius: Reporting in.
[forge2] Chat: titus: Standing by.
[forge2] Chat: livia: Tick 9600.
[forge2] Chat: julia: Standing by.
[forge2] Chat: marcus: Reporting in.
[forge2] Chat: julius: Tick 9612.
[forge2] Chat: titus: All systems nominal.
[forge2] Chat: livia: Standing by.
[forge2] Chat: julia: Standing by.
[forge2] Chat: marcus: All systems nominal.
[forge2] Chat: julius: Standing by.
[forge2] Chat: titus: All systems nominal.
[forge2] Chat: livia: Reporting in.
[forge2] Chat: julia: All systems nominal.
[forge2] Chat: marcus: Reporting in.
[forge2] Chat: julius: Tick 9636.
[forge2] Chat: titus: All systems nominal.
[forge2] Chat: livia: Standing by.
[forge2] Chat: julia: Reporting in.
[forge2] Chat: marcus: All systems nominal.
[forge2] Chat: julius: Reporting in.
[forge2] Chat: titus: All systems nominal.
[forge2] Chat: livia: Tick 9648.
[forge2] Chat: julia: Tick 9648.
[forge2] Chat: marcus: Tick 9660.
[forge2] Chat: julius: Reporting in.
[forge2] Chat: titus: All systems nominal.
[forge2] Chat: livia: All systems nominal.
[forge2] Chat: julia: Standing by.
[forge2] Chat: marcus: Standing by.
[forge2] Chat: julius: All systems nominal.
[forge2] Chat: titus: Standing by.
[forge2] Chat: livia: All systems nominal.
[forge2] Chat: julia: All systems nominal.
[forge2] Chat: marcus: Reporting in.
[forge2] Chat: julius: Tick 9684.
[forge2] Chat: titus: Standing by.
[forge2] Chat: livia: Standing by.
[forge2] Chat: julia: All systems nominal.
[forge2] Chat: marcus: Standing by.
[forge2] Chat: julius: Reporting in.
[forge2] Chat: titus: Tick 9696.
[forge2] Chat: livia: Standing by.
[forge2] Chat: julia: Tick 9696.
[forge2] Chat: marcus: Standing by.
[forge2] Chat: julius: Tick 9708.
[forge2] Chat: titus: All systems nominal.
[forge2] Chat: livia: Standing by.
[forge2] Chat: julia: Tick 9708.
[forge2] Chat: marcus: Tick 9720.
[forge2] Chat: julius: Tick 9720.
[forge2] Chat: titus: All systems nominal.
[forge2] Chat: livia: Tick 9720.
[forge2] Chat: julia: Tick 9720.
[forge2] Chat: marcus: All systems nominal.
[forge2] Chat: julius: All systems nominal.
[forge2] Chat: titus: All systems nominal.
[forge2] Chat: livia: Standing by.
[forge2] Chat: julia: Reporting in.
[forge2] Chat: marcus: All systems nominal.
[forge2] Chat: julius: All systems nominal.
[forge2] Chat: titus: All systems nominal.
[forge2] Chat: livia: All systems nominal.
[forge2] Chat: julia: Tick 9744.
[forge2] Chat: marcus: Tick 9756.
[forge2] Chat: julius: All systems nominal.
[forge2] Chat: titus: Tick 9756.
[forge2] Chat: livia: Tick 9756.
[forge2] Chat: julia: Tick 9756.
[forge2] Chat: marcus: Tick 9768.
[forge2] Chat: julius: All systems nominal.
[forge2] Chat: titus: Standing by.
[forge2] Chat: livia: Reporting in.
[forge2] Chat: julia: Standing by.
[forge2] Chat: marcus: Tick 9780.
[forge2] Chat: julius: All systems nominal.
[forge2] Chat: titus: Tick 9780.
[forge2] Chat: livia: All systems nominal.
[forge2] Chat: julia: Tick 9780.
[forge2] Chat: marcus: Standing by.
[forge2] Chat: julius: Tick 9792.
[forge2] Chat: titus: Reporting in.
[forge2] Chat: livia: Reporting in.
[forge2] Chat: julia: Reporting in.
[forge2] Chat: marcus: All systems nominal.
[forge2] Chat: julius: Reporting in.
[forge2] Chat: titus: Standing by.
[forge2] Chat: livia: Tick 9804.
[forge2] Chat: julia: Reporting in.
[forge2] Chat: marcus: Standing by.
[forge2] Chat: julius: Reporting in.
[forge2] Chat: titus: Reporting in.
[forge2] Chat: livia: Tick 9816.
[forge2] Chat: julia: Reporting in.
[forge2] Chat: marcus: Tick 9828.
[forge2] Chat: julius: Standing by.
[forge2] Chat: titus: All systems nominal.
[forge2] Chat: livia: Tick 9828.
[forge2] Chat: julia: All systems nominal.
[forge2] Chat: marcus: Tick 9840.
[forge2] Chat: julius: Reporting in.
[forge2] Chat: titus: Standing by.
[forge2] Chat: livia: Standing by.
[forge2] Chat: julia: Tick 9840.
[forge2] Chat: marcus: All systems nominal.
[forge2] Chat: julius: Standing by.
[forge2] Chat: titus: Tick 9852.
[forge2] Chat: livia: Standing by.
[forge2] Chat: julia: Tick 9852.
[forge2] Chat: marcus: Reporting in.
[forge2] Chat: julius: Standing by.
[forge2] Chat: titus: Standing by.
[forge2] Chat: livia: Reporting in.
[forge2] Chat: julia: All systems nominal.
[forge2] Chat: marcus: Reporting in.
[forge2] Chat: julius: Standing by.
[forge2] Chat: titus: All systems nominal.
[forge2] Chat: livia: Standing by.
[forge2] Chat: julia: Reporting in.
[forge2] Chat: marcus: Tick 9888.
[forge2] Chat: julius: All systems nominal.
[forge2] Chat: titus: Reporting in.
[forge2] Chat: livia: Standing by.
[forge2] Chat: julia: Reporting in.
[forge2] Chat: marcus: Standing by.
[forge2] Chat: julius: All systems nominal.
[forge2] Chat: titus: All systems nominal.
[forge2] Chat: livia: Reporting in.
[forge2] Chat: julia: Reporting in.
[forge2] Chat: marcus: All systems nominal.
[forge2] Chat: julius: Tick 9912.
[forge2] Chat: titus: Reporting in.
[forge2] Chat: livia: Tick 9912.
[forge2] Chat: julia: Reporting in.
[forge2] Chat: marcus: Reporting in.
[forge2] Chat: julius: Reporting in.
[forge2] Chat: titus: Reporting in.
[forge2] Chat: livia: Reporting in.
[forge2] Chat: julia: Standing by.
[forge2] Chat: marcus: All systems nominal.
[forge2] Chat: julius: Reporting in.
[forge2] Chat: titus: All systems nominal.
[forge2] Chat: livia: Reporting in.
[forge2] Chat: julia: Reporting in.
[forge2] Chat: marcus: Reporting in.
[forge2] Chat: julius: Standing by.
[forge2] Chat: titus: Tick 9948.
[forge2] Chat: livia: Reporting in.
[forge2] Chat: julia: Standing by.
[forge2] Chat: marcus: Standing by.
[forge2] Chat: julius: All systems nominal.
[forge2] Chat: titus: Reporting in.
[forge2] Chat: livia: All systems nominal.
[forge2] Chat: julia: Standing by.
[forge2] Chat: marcus: Tick 9972.
[forge2] Chat: julius: All systems nominal.
[forge2] Chat: titus: Tick 9972.
[forge2] Chat: livia: Tick 9972.
[forge2] Chat: julia: Standing by.
[forge2] Chat: marcus: Standing by.
[forge2] Chat: julius: Standing by.
[forge2] Chat: titus: Reporting in.
[forge2] Chat: livia: Standing by.
[forge2] Chat: julia: Reporting in.
[forge2] Chat: marcus: Standing by.
[forge2] Chat: julius: Standing by.
[forge2] Chat: titus: Standing by.
[forge2] Chat: livia: All systems nominal.
[forge2] Chat: julia: Tick 9996.
[forge2] Chat: marcus: Standing by.
[forge2] Chat: julius: Standing by.
[forge2] Chat: titus: All systems nominal.
[forge2] Chat: livia: Reporting in.
[forge2] Chat: julia: Reporting in.
[forge2] Chat: marcus: Tick 10020.
[forge2] Chat: julius: All systems nominal.
[forge2] Chat: titus: Standing by.
[forge2] Chat: livia: All systems nominal.
[forge2] Chat: julia: Standing by.
[forge2] Chat: marcus: Tick 10032.
[forge2] Chat: julius: Tick 10032.
[forge2] Chat: titus: All systems nominal.
[forge2] Chat: livia: Standing by.
[forge2] Chat: julia: Standing by.
[forge2] Chat: marcus: Standing by.
[forge2] Chat: julius: All systems nominal.
[forge2] Chat: titus: All systems nominal.
[forge2] Chat: livia: Tick 10044.
[forge2] Chat: julia: All systems nominal.
[forge2] Chat: marcus: Reporting in.
[forge2] Chat: julius: Standing by.
[forge2] Chat: titus: Tick 10056.
[forge2] Chat: livia: Standing by.
[forge2] Chat: julia: Reporting in.
[forge2] Chat: marcus: Standing by.
[forge2] Chat: julius: Standing by.
[forge2] Chat: titus: Standing by.
[forge2] Chat: livia: All systems nominal.
[forge2] Chat: julia: Standing by.
[forge2] Chat: marcus: Standing by.
[forge2] Chat: julius: All systems nominal.
[forge2] Chat: titus: Tick 10080.
[forge2] Chat: livia: Standing by.
[forge2] Chat: julia: Tick 10080.
[forge2] Chat: marcus: Reporting in.
[forge2] Chat: julius: Tick 10092.
[forge2] Chat: titus: Standing by.
[forge2] Chat: livia: Tick 10092.
[forge2] Chat: julia: Reporting in.
[forge2] Chat: marcus: Tick 10104.
[forge2] Chat: julius: Standing by.
[forge2] Chat: titus: Standing by.
[forge2] Chat: livia: All systems nominal.
[forge2] Chat: julia: Standing by.
[forge2] Chat: marcus: All systems nominal.
[forge2] Chat: julius: Tick 10116.
[forge2] Chat: titus: Standing by.
[forge2] Chat: livia: Tick 10116.
[forge2] Chat: julia: Standing by.
[forge2] Chat: marcus: Reporting in.
[forge2] Chat: julius: Reporting in.
[forge2] Chat: titus: Standing by.
[forge2] Chat: livia: Tick 10128.
[forge2] Chat: julia: Reporting in.
[forge2] Chat: marcus: Reporting in.
[forge2] Chat: julius: All systems nominal.
[forge2] Chat: titus: Reporting in.
[forge2] Chat: livia: Reporting in.
[forge2] Chat: julia: Tick 10140.
[forge2] Chat: marcus: All systems nominal.
[forge2] Chat: julius: All systems nominal.
[forge2] Chat: titus: All systems nominal.
[forge2] Chat: livia: Tick 10152.
[forge2] Chat: julia: Tick 10152.
[forge2] Chat: marcus: Tick 10164.
[forge2] Chat: julius: All systems nominal.
[forge2] Chat: titus: Reporting in.
[forge2] Chat: livia: Standing by.
[forge2] Chat: julia: Tick 10164.
[forge2] Chat: marcus: Reporting in.
[forge2] Chat: julius: All systems nominal.
[forge2] Chat: titus: Tick 10176.
[forge2] Chat: livia: Reporting in.
[forge2] Chat: julia: Reporting in.
[forge2] Chat: marcus: All systems nominal.
[forge2] Chat: julius: Standing by.
[forge2] Chat: titus: Standing by.
[forge2] Chat: livia: All systems nominal.
[forge2] Chat: julia: Standing by.
[forge2] Chat: marcus: All systems nominal.
[forge2] Chat: julius: All systems nominal.
[forge2] Chat: titus: Standing by.
[forge2] Chat: livia: Standing by.
[forge2] Chat: julia: Tick 10200.
[forge2] Chat: marcus: Standing by.
[forge2] Chat: julius: Reporting in.
[forge2] Chat: titus: Reporting in.
[forge2] Chat: livia: Reporting in.
[forge2] Chat: julia: All systems nominal.
[forge2] Chat: marcus: Standing by.
[forge2] Chat: julius: Standing by.
[forge2] Chat: titus: All systems nominal.
[forge2] Chat: livia: Standing by.
[forge2] Chat: julia: Reporting in.
[forge2] Chat: marcus: Reporting in.
[forge2] Chat: julius: All systems nominal.
[forge2] Chat: titus: Reporting in.
[forge2] Chat: livia: Reporting in.
[forge2] Chat: julia: All systems nominal.
[forge2] Chat: marcus: Reporting in.
[forge2] Chat: julius: Tick 10248.
[forge2] Chat: titus: Reporting in.
[forge2] Chat: livia: Standing by.
[forge2] Chat: julia: Reporting in.
[forge2] Chat: marcus: Tick 10260.
[forge2] Chat: julius: All systems nominal.
[forge2] Chat: titus: All systems nominal.
[forge2] Chat: livia: Standing by.
[forge2] Chat: julia: Reporting in.
[forge2] Chat: marcus: Reporting in.
[forge2] Chat: julius: Reporting in.
[forge2] Chat: titus: All systems nominal.
[forge2] Chat: livia: Tick 10272.
[forge2] Chat: julia: Reporting in.
[forge2] Chat: marcus: Tick 10284.
[forge2] Chat: julius: Reporting in.
[forge2] Chat: titus: Standing by.
[forge2] Chat: livia: Tick 10284.
[forge2] Chat: julia: Standing by.
[forge2] Chat: marcus: Tick 10296.
[forge2] Chat: julius: All systems nominal.
[forge2] Chat: titus: Reporting in.
[forge2] Chat: livia: Tick 10296.
[forge2] Chat: julia: Reporting in.
[forge2] Chat: marcus: All systems nominal.
[forge2] Chat: julius: Standing by.
[forge2] Chat: titus: Standing by.
[forge2] Chat: livia: All systems nominal.
[forge2] Chat: julia: Reporting in.
[forge2] Chat: marcus: Reporting in.
[forge2] Chat: julius: Reporting in.
[forge2] Chat: titus: Standing by.
[forge2] Chat: livia: All systems nominal.
[forge2] Chat: julia: Standing by.
[forge2] Chat: marcus: Standing by.
[forge2] Chat: julius: Standing by.
[forge2] Chat: titus: Tick 10332.
[forge2] Chat: livia: All systems nominal.
[forge2] Chat: julia: Reporting in.
[forge2] Chat: marcus: Standing by.
[forge2] Chat: julius: Standing by.
[forge2] Chat: titus: Reporting in.
[forge2] Chat: livia: Standing by.
[forge2] Chat: julia: Tick 10344.
[forge2] Chat: marcus: Standing by.
[forge2] Chat: julius: Standing by.
[forge2] Chat: titus: Reporting in.
[forge2] Chat: livia: All systems nominal.
[forge2] Chat: julia: Standing by.
[forge2] Chat: marcus: Standing by.
[forge2] Chat: julius: Standing by.
[forge2] Chat: titus: Reporting in.
[forge2] Chat: livia: Reporting in.
[forge2] Chat: julia: All systems nominal.
[forge2] Chat: marcus: Tick 10380.
[forge2] Chat: julius: Tick 10380.
[forge2] Chat: titus: Standing by.
[forge2] Chat: livia: Reporting in.
[forge2] Chat: julia: All systems nominal.
[forge2] Chat: marcus: Standing by.
[forge2] Chat: julius: Reporting in.
[forge2] Chat: titus: All systems nominal.
[forge2] Chat: livia: All systems nominal.
[forge2] Chat: julia: All systems nominal.
[forge2] Chat: marcus: Tick 10404.
[forge2] Chat: julius: All systems nominal.
[forge2] Chat: titus: Standing by.
[forge2] Chat: livia: Tick 10404.
[forge2] Chat: julia: Reporting in.
[forge2] Chat: marcus: Tick 10416.
[forge2] Chat: julius: Standing by.
[forge2] Chat: titus: Reporting in.
[forge2] Chat: livia: Reporting in.
[forge2] Chat: julia: Tick 10416.
[forge2] Chat: marcus: Standing by.
[forge2] Chat: julius: Tick 10428.
[forge2] Chat: titus: All systems nominal.
[forge2] Chat: livia: Tick 10428.
[forge2] Chat: julia: All systems nominal.
[forge2] Chat: marcus: Reporting in.
[forge2] Chat: julius: Standing by.
[forge2] Chat: titus: Tick 10440.
[forge2] Chat: livia: Tick 10440.
[forge2] Chat: julia: All systems nominal.
[forge2] Chat: marcus: Reporting in.
[forge2] Chat: julius: All systems nominal.
[forge2] Chat: titus: Tick 10452.
[forge2] Chat: livia: Tick 10452.
[forge2] Chat: julia: Standing by.
[forge2] Chat: marcus: Reporting in.
[forge2] Chat: julius: Reporting in.
[forge2] Chat: titus: Tick 10464.
[forge2] Chat: livia: Tick 10464.
[forge2] Chat: julia: Tick 10464.
[forge2] Chat: marcus: All systems nominal.
[forge2] Chat: julius: Tick 10476.
[forge2] Chat: titus: Reporting in.
[forge2] Chat: livia: Reporting in.
[forge2] Chat: julia: Reporting in.
[forge2] Chat: marcus: Reporting in.
[forge2] Chat: julius: Standing by.
[forge2] Chat: titus: Reporting in.
[forge2] Chat: livia: Reporting in.
[forge2] Chat: julia: Reporting in.
[forge2] Chat: marcus: Reporting in.
[forge2] Chat: julius: All systems nominal.
[forge2] Chat: titus: Tick 10500.
[forge2] Chat: livia: Reporting in.
[forge2] Chat: julia: Reporting in.
[forge2] Chat: marcus: Reporting in.
[forge2] Chat: julius: Tick 10512.
[forge2] Chat: titus: Standing by.
[forge2] Chat: livia: All systems nominal.
[forge2] Chat: julia: Standing by.
[forge2] Chat: marcus: Standing by.
[forge2] Chat: julius: Reporting in.
[forge2] Chat: titus: All systems nominal.
[forge2] Chat: livia: All systems nominal.
[forge2] Chat: julia: Tick 10524.
[forge2] Chat: marcus: Tick 10536.
[forge2] Chat: julius: Tick 10536.
[forge2] Chat: titus: Standing by.
[forge2] Chat: livia: All systems nominal.
[forge2] Chat: julia: Reporting in.
[forge2] Chat: marcus: Standing by.
[forge2] Chat: julius: Standing by.
[forge2] Chat: titus: All systems nominal.
[forge2] Chat: livia: Standing by.
[forge2] Chat: julia: Reporting in.
[forge2] Chat: marcus: Tick 10560.
[forge2] Chat: julius: Reporting in.
[forge2] Chat: titus: Reporting in.
[forge2] Chat: livia: Standing by.
[forge2] Chat: julia: Tick 10560.
[forge2] Chat: marcus: Standing by.
[forge2] Chat: julius: Reporting in.
[forge2] Chat: titus: Standing by.
[forge2] Chat: livia: Reporting in.
[forge2] Chat: julia: Standing by.
[forge2] Chat: marcus: Tick 10584.
[forge2] Chat: julius: All systems nominal.
[forge2] Chat: titus: Reporting in.
[forge2] Chat: livia: All systems nominal.
[forge2] Chat: julia: Tick 10584.
[forge2] Chat: marcus: Tick 10596.
[forge2] Chat: julius: Standing by.
[forge2] Chat: titus: All systems nominal.
[forge2] Chat: livia: Standing by.
[forge2] Chat: julia: All systems nominal.
[forge2] Chat: marcus: Reporting in.
[forge2] Chat: julius: Reporting in.
[forge2] Chat: titus: Standing by.
[forge2] Chat: livia: Standing by.
[forge2] Chat: julia: All systems nominal.
[forge2] Chat: marcus: Reporting in.
[forge2] Chat: julius: Reporting in.
[forge2] Chat: titus: Standing by.
[forge2] Chat: livia: Tick 10620.
[forge2] Chat: julia: Reporting in.
[forge2] Chat: marcus: Tick 10632.
[forge2] Chat: julius: Tick 10632.
[forge2] Chat: titus: Tick 10632.
[forge2] Chat: livia: Standing by.
[forge2] Chat: julia: Reporting in.
[forge2] Chat: marcus: All systems nominal.
[forge2] Chat: julius: Tick 10644.
[forge2] Chat: titus: Standing by.
[forge2] Chat: livia: All systems nominal.
[forge2] Chat: julia: Standing by.
[forge2] Chat: marcus: Reporting in.
[forge2] Chat: julius: Standing by.
[forge2] Chat: titus: Reporting in.
[forge2] Chat: livia: Tick 10656.
[forge2] Chat: julia: Tick 10656.
[forge2] Chat: marcus: Reporting in.
[forge2] Chat: julius: Tick 10668.
[forge2] Chat: titus: Reporting in.
[forge2] Chat: livia: Standing by.
[forge2] Chat: julia: Tick 10668.
[forge2] Chat: marcus: All systems nominal.
[forge2] Chat: julius: All systems nominal.
[forge2] Chat: titus: Reporting in.
[forge2] Chat: livia: Tick 10680.
[forge2] Chat: julia: All systems nominal.
[forge2] Chat: marcus: All systems nominal.
[forge2] Chat: julius: All systems nominal.
[forge2] Chat: titus: Reporting in.
[forge2] Chat: livia: All systems nominal.
[forge2] Chat: julia: Tick 10692.
[forge2] Chat: marcus: Tick 10704.
[forge2] Chat: julius: Reporting in.
[forge2] Chat: titus: All systems nominal.
[forge2] Chat: livia: Standing by.
[forge2] Chat: julia: Tick 10704.
[forge2] Chat: marcus: Tick 10716.
[forge2] Chat: julius: Tick 10716.
[forge2] Chat: titus: All systems nominal.
[forge2] Chat: livia: Standing by.
[forge2] Chat: julia: Tick 10716.
[forge2] Chat: marcus: Standing by.
[forge2] Chat: julius: Tick 10728.
[forge2] Chat: titus: Tick 10728.
[forge2] Chat: livia: Tick 10728.
[forge2] Chat: julia: Standing by.
[forge2] Chat: marcus: Tick 10740.
[forge2] Chat: julius: All systems nominal.
[forge2] Chat: titus: All systems nominal.
[forge2] Chat: livia: Reporting in.
[forge2] Chat: julia: Standing by.
[forge2] Chat: marcus: Tick 10752.
[forge2] Chat: julius: All systems nominal.
[forge2] Chat: titus: Reporting in.
[forge2] Chat: livia: Standing by.
[forge2] Chat: julia: Tick 10752.
[forge2] Chat: marcus: All systems nominal.
[forge2] Chat: julius: All systems nominal.
[forge2] Chat: titus: All systems nominal.
[forge2] Chat: livia: Tick 10764.
[forge2] Chat: julia: All systems nominal.
[forge2] Chat: marcus: All systems nominal.
[forge2] Chat: julius: All systems nominal.
[forge2] Chat: titus: Reporting in.
[forge2] Chat: livia: Reporting in.
[forge2] Chat: julia: Reporting in.
[forge2] Chat: marcus: Standing by.
[forge2] Chat: julius: Tick 10788.
[forge2] Chat: titus: Tick 10788.
[forge2] Chat: livia: Standing by.
[forge2] Chat: julia: All systems nominal.
[forge2] Chat: marcus: Reporting in.
[forge2] Chat: julius: Standing by.
[forge2] Chat: titus: Reporting in.
[forge2] Chat: livia: All systems nominal.
[forge2] Chat: julia: Standing by.
[forge2] Chat: marcus: All systems nominal.
[forge2] Chat: julius: Tick 10812.
[forge2] Chat: titus: Tick 10812.
[forge2] Chat: livia: Reporting in.
[forge2] Chat: julia: Standing by.
[forge2] Chat: marcus: All systems nominal.
[forge2] Chat: julius: Standing by.
[forge2] Chat: titus: Tick 10824.
[forge2] Chat: livia: All systems nominal.
[forge2] Chat: julia: Standing by.
[forge2] Chat: marcus: Tick 10836.
[forge2] Chat: julius: Reporting in.
[forge2] Chat: titus: All systems nominal.
[forge2] Chat: livia: All systems nominal.
[forge2] Chat: julia: Tick 10836.
[forge2] Chat: marcus: All systems nominal.
[forge2] Chat: julius: All systems nominal.
[forge2] Chat: titus: All systems nominal.
[forge2] Chat: livia: Reporting in.
[forge2] Chat: julia: Tick 10848.
[forge2] Chat: marcus: All systems nominal.
[forge2] Chat: julius: Tick 10860.
[forge2] Chat: titus: Tick 10860.
[forge2] Chat: livia: Standing by.
[forge2] Chat: julia: Reporting in.
[forge2] Chat: marcus: Tick 10872.
[forge2] Chat: julius: Tick 10872.
[forge2] Chat: titus: Standing by.
[forge2] Chat: livia: Standing by.
[forge2] Chat: julia: Tick 10872.
[forge2] Chat: marcus: Tick 10884.
[forge2] Chat: julius: Standing by.
[forge2] Chat: titus: Tick 10884.
[forge2] Chat: livia: Tick 10884.
[forge2] Chat: julia: Tick 10884.
[forge2] Chat: marcus: Reporting in.
[forge2] Chat: julius: Standing by.
[forge2] Chat: titus: All systems nominal.
[forge2] Chat: livia: Reporting in.
[forge2] Chat: julia: All systems nominal.
[forge2] Chat: marcus: All systems nominal.
[forge2] Chat: julius: Standing by.
[forge2] Chat: titus: Tick 10908.
[forge2] Chat: livia: Reporting in.
[forge2] Chat: julia: Reporting in.
[forge2] Chat: marcus: Tick 10920.
[forge2] Chat: julius: All systems nominal.
[forge2] Chat: titus: All systems nominal.
[forge2] Chat: livia: Reporting in.
[forge2] Chat: julia: Standing by.
[forge2] Chat: marcus: Standing by.
[forge2] Chat: julius: Standing by.
[forge2] Chat: titus: Reporting in.
[forge2] Chat: livia: Standing by.
[forge2] Chat: julia: All systems nominal.
[forge2] Chat: marcus: Reporting in.
[forge2] Chat: julius: Tick 10944.
[forge2] Chat: titus: Standing by.
[forge2] Chat: livia: Tick 10944.
[forge2] Chat: julia: All systems nominal.
[forge2] Chat: marcus: All systems nominal.
[forge2] Chat: julius: All systems nominal.
[forge2] Chat: titus: All systems nominal.
[forge2] Chat: livia: Standing by.
[forge2] Chat: julia: Standing by.
[forge2] Chat: marcus: Standing by.
[forge2] Chat: julius: Reporting in.
[forge2] Chat: titus: All systems nominal.
[forge2] Chat: livia: Standing by.
[forge2] Chat: julia: Standing by.
[forge2] Chat: marcus: Tick 10980.
[forge2] Chat: julius: Tick 10980.
[forge2] Chat: titus: Tick 10980.
[forge2] Chat: livia: Standing by.
[forge2] Chat: julia: Tick 10980.
[forge2] Chat: marcus: Reporting in.
[forge2] Chat: julius: Standing by.
[forge2] Chat: titus: All systems nominal.
[forge2] Chat: livia: Standing by.
[forge2] Chat: julia: Reporting in.
[forge2] Chat: marcus: Tick 11004.
[forge2] Chat: julius: Standing by.
[forge2] Starting autonomous agent...
[forge2] Waiting for spawn...
[forge2] ✅ Spawned in world at (-78.5, 36, -202.3463408776437)
[forge2] Connecting to Brain at ws://localhost:8767
[forge2] ✅ Brain connected
[forge2] Brain command: registered
[forge2] Chat: marcus: Tick 5700.
[forge2] Chat: forge: Agent forge online!
[forge2] Chat: patricia: Agent patricia online!
[forge2] Chat: chelios: Agent chelios online!
[forge2] Chat: aurora: Agent aurora online!
[forge2] Chat: patricia2: Agent patricia2 online!
[forge2] Chat: julius: All systems nominal.
[forge2] Chat: chelios2: Agent chelios2 online!
[forge2] Starting autonomous agent...
[forge2] Waiting for spawn...
[forge2] Disconnected
[forge2] ✅ Spawned in world at (-78.5, 36, -202.3463408776437)
[forge2] Connecting to Brain at ws://localhost:8767
[forge2] ✅ Brain connected
[forge2] Brain command: registered
[forge2] Chat: titus: Standing by.
[forge2] Chat: julia: Standing by.
[forge2] Chat: livia: All systems nominal.
[forge2] Chat: marcus: Standing by.
[forge2] Chat: julius: All systems nominal.
[forge2] Chat: titus: Tick 5712.
[forge2] Chat: julia: Tick 5712.
[forge2] Chat: livia: Reporting in.
[forge2] Chat: marcus: Standing by.
[forge2] Chat: julius: Tick 5724.
[forge2] Chat: titus: Standing by.
[forge2] Chat: julia: All systems nominal.
[forge2] Chat: livia: All systems nominal.
[forge2] Chat: marcus: Reporting in.
[forge2] Chat: julius: Reporting in.
[forge2] Chat: titus: Standing by.
[forge2] Chat: julia: Reporting in.
[forge2] Chat: livia: Reporting in.
[forge2] Chat: marcus: Reporting in.
[forge2] Chat: julius: Tick 5748.
[forge2] Chat: titus: Reporting in.
[forge2] Chat: julia: Tick 5748.
[forge2] Chat: livia: Reporting in.
[forge2] Chat: marcus: Standing by.
[forge2] Chat: julius: All systems nominal.
[forge2] Chat: titus: Standing by.
[forge2] Chat: julia: All systems nominal.
[forge2] Chat: livia: All systems nominal.
[forge2] Chat: marcus: Standing by.
[forge2] Chat: julius: Reporting in.
[forge2] Chat: titus: All systems nominal.
[forge2] Chat: julia: All systems nominal.
[forge2] Chat: livia: Standing by.
[forge2] Chat: marcus: Reporting in.
[forge2] Chat: julius: All systems nominal.
[forge2] Chat: titus: Reporting in.
[forge2] Chat: julia: All systems nominal.
[forge2] Chat: livia: All systems nominal.
[forge2] Chat: marcus: Reporting in.
[forge2] Chat: julius: Reporting in.
[forge2] Chat: titus: All systems nominal.
[forge2] Chat: julia: All systems nominal.
[forge2] Chat: livia: Reporting in.
[forge2] Chat: marcus: All systems nominal.
[forge2] Chat: julius: All systems nominal.
[forge2] Chat: titus: Reporting in.
[forge2] Chat: julia: Standing by.
[forge2] Chat: livia: Standing by.
[forge2] Chat: marcus: Standing by.
[forge2] Chat: julius: Standing by.
[forge2] Chat: titus: All systems nominal.
[forge2] Chat: julia: All systems nominal.
[forge2] Chat: livia: All systems nominal.
[forge2] Chat: marcus: Tick 5832.
[forge2] Chat: julius: Reporting in.
[forge2] Chat: titus: Standing by.
[forge2] Chat: julia: Reporting in.
[forge2] Chat: livia: Reporting in.
[forge2] Chat: marcus: All systems nominal.
[forge2] Chat: julius: Tick 5844.
[forge2] Chat: titus: Reporting in.
[forge2] Chat: julia: Tick 5844.
[forge2] Chat: livia: Tick 5844.
[forge2] Chat: marcus: Standing by.
[forge2] Chat: julius: All systems nominal.
[forge2] Chat: titus: Reporting in.
[forge2] Chat: julia: All systems nominal.
[forge2] Chat: livia: Tick 5856.
[forge2] Chat: marcus: Tick 5868.
[forge2] Chat: julius: Tick 5868.
[forge2] Chat: titus: Standing by.
[forge2] Chat: julia: Standing by.
[forge2] Chat: livia: All systems nominal.
[forge2] Chat: marcus: Standing by.
[forge2] Chat: julius: Standing by.
[forge2] Chat: titus: Standing by.
[forge2] Chat: julia: All systems nominal.
[forge2] Chat: livia: Standing by.
[forge2] Chat: marcus: Standing by.
[forge2] Chat: julius: All systems nominal.
[forge2] Chat: titus: Tick 5892.
[forge2] Chat: julia: Standing by.
[forge2] Chat: livia: All systems nominal.
[forge2] Chat: marcus: Standing by.
[forge2] Chat: julius: All systems nominal.
[forge2] Chat: titus: Tick 5904.
[forge2] Chat: julia: Reporting in.
[forge2] Chat: livia: Standing by.
[forge2] Chat: marcus: Tick 5916.
[forge2] Chat: julius: Reporting in.
[forge2] Chat: titus: Standing by.
[forge2] Chat: julia: Reporting in.
[forge2] Chat: livia: Standing by.
[forge2] Chat: marcus: All systems nominal.
[forge2] Chat: julius: All systems nominal.
[forge2] Chat: julia: Reporting in.
[forge2] Chat: titus: Reporting in.
[forge2] Chat: livia: Tick 5928.
[forge2] Chat: marcus: Standing by.
[forge2] Chat: julius: Tick 5940.
[forge2] Chat: julia: All systems nominal.
[forge2] Chat: titus: Reporting in.
[forge2] Chat: livia: Standing by.
[forge2] Chat: marcus: Tick 5952.
[forge2] Chat: julius: Standing by.
[forge2] Chat: julia: Tick 5952.
[forge2] Chat: titus: Tick 5952.
[forge2] Chat: livia: Reporting in.
[forge2] Chat: marcus: Reporting in.
[forge2] Chat: julius: Reporting in.
[forge2] Chat: julia: All systems nominal.
[forge2] Chat: titus: Standing by.
[forge2] Chat: livia: Tick 5964.
[forge2] Chat: marcus: Standing by.
[forge2] Chat: julius: Tick 5976.
[forge2] Chat: julia: Reporting in.
[forge2] Chat: titus: Standing by.
[forge2] Chat: livia: Standing by.
[forge2] Chat: marcus: All systems nominal.
[forge2] Chat: julius: Reporting in.
[forge2] Chat: julia: Standing by.
[forge2] Chat: titus: All systems nominal.
[forge2] Chat: livia: Tick 5988.
[forge2] Chat: marcus: Standing by.
[forge2] Chat: julius: Standing by.
[forge2] Chat: julia: Reporting in.
[forge2] Chat: titus: Reporting in.
[forge2] Chat: livia: Tick 6000.
[forge2] Chat: marcus: Tick 6012.
[forge2] Chat: julius: All systems nominal.
[forge2] Chat: julia: All systems nominal.
[forge2] Chat: titus: Tick 6012.
[forge2] Chat: livia: Standing by.
[forge2] Chat: marcus: Tick 6024.
[forge2] Chat: julius: Tick 6024.
[forge2] Chat: julia: Tick 6024.
[forge2] Chat: titus: Tick 6024.
[forge2] Chat: livia: All systems nominal.
[forge2] Chat: marcus: All systems nominal.
[forge2] Chat: julius: All systems nominal.
[forge2] Chat: julia: Tick 6036.
[forge2] Chat: titus: Tick 6036.
[forge2] Chat: livia: Reporting in.
[forge2] Chat: marcus: Tick 6048.
[forge2] Chat: julius: All systems nominal.
[forge2] Chat: julia: Tick 6048.
[forge2] Chat: titus: Tick 6048.
[forge2] Chat: livia: Tick 6048.
[forge2] Chat: marcus: Tick 6060.
[forge2] Chat: julius: Standing by.
[forge2] Chat: julia: All systems nominal.
[forge2] Chat: titus: Tick 6060.
[forge2] Chat: livia: Reporting in.
[forge2] Chat: marcus: Standing by.
[forge2] Chat: julius: Reporting in.
[forge2] Chat: julia: All systems nominal.
[forge2] Chat: titus: Tick 6072.
[forge2] Chat: livia: Reporting in.
[forge2] Chat: marcus: Tick 6084.
[forge2] Chat: julius: Standing by.
[forge2] Chat: julia: Standing by.
[forge2] Chat: titus: All systems nominal.
[forge2] Chat: livia: All systems nominal.
[forge2] Chat: marcus: Tick 6096.
[forge2] Chat: julius: Reporting in.
[forge2] Chat: julia: Tick 6096.
[forge2] Chat: titus: Reporting in.
[forge2] Chat: livia: Tick 6096.
[forge2] Chat: marcus: Standing by.
[forge2] Chat: julius: All systems nominal.
[forge2] Chat: julia: All systems nominal.
[forge2] Chat: titus: Reporting in.
[forge2] Chat: livia: All systems nominal.
[forge2] Chat: marcus: Standing by.
[forge2] Chat: julius: All systems nominal.
[forge2] Chat: julia: All systems nominal.
[forge2] Chat: titus: All systems nominal.
[forge2] Chat: livia: Standing by.
[forge2] Chat: marcus: All systems nominal.
[forge2] Chat: julius: Reporting in.
[forge2] Chat: julia: Reporting in.
[forge2] Chat: titus: Tick 6132.
[forge2] Chat: livia: Standing by.
[forge2] Chat: marcus: Standing by.
[forge2] Chat: julius: Standing by.
[forge2] Chat: julia: Tick 6144.
[forge2] Chat: titus: All systems nominal.
[forge2] Chat: livia: Reporting in.
[forge2] Chat: marcus: Tick 6156.
[forge2] Chat: julius: All systems nominal.
[forge2] Chat: julia: Standing by.
[forge2] Chat: titus: Tick 6156.
[forge2] Chat: livia: Tick 6156.
[forge2] Chat: marcus: Reporting in.
[forge2] Chat: julius: All systems nominal.
[forge2] Chat: julia: Reporting in.
[forge2] Chat: titus: Reporting in.
[forge2] Chat: livia: Reporting in.
[forge2] Chat: marcus: Standing by.
[forge2] Chat: julius: All systems nominal.
[forge2] Chat: julia: Standing by.
[forge2] Chat: titus: All systems nominal.
[forge2] Chat: livia: All systems nominal.
[forge2] Chat: marcus: All systems nominal.
[forge2] Chat: julius: Tick 6192.
[forge2] Chat: julia: All systems nominal.
[forge2] Chat: titus: All systems nominal.
[forge2] Chat: livia: Standing by.
[forge2] Chat: marcus: All systems nominal.
[forge2] Chat: julius: All systems nominal.
[forge2] Chat: titus: Tick 6204.
[forge2] Chat: julia: Tick 6204.
[forge2] Chat: livia: Reporting in.
[forge2] Chat: marcus: All systems nominal.
[forge2] Chat: julius: Standing by.
[forge2] Chat: titus: Standing by.
[forge2] Chat: julia: Tick 6216.
[forge2] Chat: livia: Tick 6216.
[forge2] Chat: marcus: Tick 6228.
[forge2] Chat: julius: All systems nominal.
[forge2] Chat: titus: Tick 6228.
[forge2] Chat: julia: Standing by.
[forge2] Chat: livia: Reporting in.
[forge2] Chat: marcus: All systems nominal.
[forge2] Chat: julius: Standing by.
[forge2] Chat: titus: Tick 6240.
[forge2] Chat: julia: Reporting in.
[forge2] Chat: livia: Standing by.
[forge2] Chat: marcus: Tick 6252.
[forge2] Chat: julius: All systems nominal.
[forge2] Chat: titus: Tick 6252.
[forge2] Chat: julia: All systems nominal.
[forge2] Chat: livia: All systems nominal.
[forge2] Chat: marcus: Standing by.
[forge2] Chat: julius: Reporting in.
[forge2] Chat: titus: Tick 6264.
[forge2] Chat: julia: Standing by.
[forge2] Chat: livia: Standing by.
[forge2] Chat: marcus: Standing by.
[forge2] Chat: julius: Reporting in.
[forge2] Chat: titus: Tick 6276.
[forge2] Chat: julia: Standing by.
[forge2] Chat: livia: Tick 6276.
[forge2] Chat: marcus: Standing by.
[forge2] Chat: julius: Reporting in.
[forge2] Chat: titus: Standing by.
[forge2] Chat: julia: All systems nominal.
[forge2] Chat: livia: Standing by.
[forge2] Chat: marcus: Standing by.
[forge2] Chat: julius: All systems nominal.
[forge2] Chat: titus: Tick 6300.
[forge2] Chat: julia: All systems nominal.
[forge2] Chat: livia: Tick 6300.
[forge2] Chat: marcus: All systems nominal.
[forge2] Chat: julius: Tick 6312.
[forge2] Chat: titus: Standing by.
[forge2] Chat: julia: Tick 6312.
[forge2] Chat: livia: Standing by.
[forge2] Chat: marcus: All systems nominal.
[forge2] Chat: julius: Standing by.
[forge2] Chat: titus: Tick 6324.
[forge2] Chat: julia: All systems nominal.
[forge2] Chat: livia: All systems nominal.
[forge2] Chat: marcus: All systems nominal.
[forge2] Chat: julius: All systems nominal.
[forge2] Chat: titus: Tick 6336.
[forge2] Chat: julia: Standing by.
[forge2] Chat: livia: Tick 6336.
[forge2] Chat: marcus: Tick 6348.
[forge2] Chat: julius: All systems nominal.
[forge2] Chat: titus: Reporting in.
[forge2] Chat: julia: Tick 6348.
[forge2] Chat: livia: Standing by.
[forge2] Chat: marcus: Standing by.
[forge2] Chat: julius: All systems nominal.
[forge2] Chat: titus: Standing by.
[forge2] Chat: julia: Tick 6360.
[forge2] Chat: livia: All systems nominal.
[forge2] Chat: marcus: Reporting in.
[forge2] Chat: julius: Standing by.
[forge2] Chat: titus: Tick 6372.
[forge2] Chat: julia: All systems nominal.
[forge2] Chat: livia: Tick 6372.
[forge2] Chat: marcus: Reporting in.
[forge2] Chat: julius: All systems nominal.
[forge2] Chat: titus: Standing by.
[forge2] Chat: julia: Tick 6384.
[forge2] Chat: livia: All systems nominal.
[forge2] Chat: marcus: All systems nominal.
[forge2] Chat: julius: Tick 6396.
[forge2] Chat: titus: All systems nominal.
[forge2] Chat: julia: Standing by.
[forge2] Chat: livia: All systems nominal.
[forge2] Chat: marcus: Standing by.
[forge2] Chat: julius: Reporting in.
[forge2] Chat: titus: Standing by.
[forge2] Chat: julia: Standing by.
[forge2] Chat: livia: All systems nominal.
[forge2] Chat: marcus: Standing by.
[forge2] Chat: julius: All systems nominal.
[forge2] Chat: titus: Tick 6420.
[forge2] Chat: julia: Standing by.
[forge2] Chat: livia: Tick 6420.
[forge2] Chat: marcus: All systems nominal.
[forge2] Chat: julius: Tick 6432.
[forge2] Chat: titus: All systems nominal.
[forge2] Chat: julia: Tick 6432.
[forge2] Chat: livia: Tick 6432.
[forge2] Chat: marcus: All systems nominal.
[forge2] Chat: julius: Tick 6444.
[forge2] Chat: titus: All systems nominal.
[forge2] Chat: julia: Reporting in.
[forge2] Chat: livia: Tick 6444.
[forge2] Chat: marcus: All systems nominal.
[forge2] Chat: julius: Tick 6456.
[forge2] Chat: titus: Standing by.
[forge2] Chat: julia: Reporting in.
[forge2] Chat: livia: Standing by.
[forge2] Chat: marcus: Standing by.
[forge2] Chat: julius: All systems nominal.
[forge2] Chat: titus: All systems nominal.
[forge2] Chat: julia: Tick 6468.
[forge2] Chat: livia: Reporting in.
[forge2] Chat: marcus: Standing by.
[forge2] Chat: julius: All systems nominal.
[forge2] Chat: titus: Reporting in.
[forge2] Chat: julia: Standing by.
[forge2] Chat: livia: Reporting in.
[forge2] Chat: marcus: Reporting in.
[forge2] Chat: julius: Standing by.
[forge2] Chat: titus: Reporting in.
[forge2] Chat: julia: Tick 6492.
[forge2] Chat: livia: Reporting in.
[forge2] Chat: marcus: Standing by.
[forge2] Chat: julius: All systems nominal.
[forge2] Chat: titus: Reporting in.
[forge2] Chat: julia: Tick 6504.
[forge2] Chat: livia: Tick 6504.
[forge2] Chat: marcus: All systems nominal.
[forge2] Chat: julius: Standing by.
[forge2] Chat: titus: Standing by.
[forge2] Chat: julia: Reporting in.
[forge2] Chat: livia: Reporting in.
[forge2] Chat: marcus: Standing by.
[forge2] Chat: julius: Standing by.
[forge2] Chat: titus: Reporting in.
[forge2] Chat: julia: Tick 6528.
[forge2] Chat: livia: Standing by.
[forge2] Chat: marcus: Standing by.
[forge2] Chat: julius: Reporting in.
[forge2] Chat: titus: Tick 6540.
[forge2] Chat: julia: Reporting in.
[forge2] Chat: livia: All systems nominal.
[forge2] Chat: marcus: Tick 6552.
[forge2] Chat: julius: All systems nominal.
[forge2] Chat: titus: Standing by.
[forge2] Chat: julia: All systems nominal.
[forge2] Chat: livia: Standing by.
[forge2] Chat: marcus: Standing by.
[forge2] Chat: julius: Tick 6564.
[forge2] Chat: titus: Standing by.
[forge2] Chat: julia: Standing by.
[forge2] Chat: livia: All systems nominal.
[forge2] Chat: marcus: Tick 6576.
[forge2] Chat: julius: Reporting in.
[forge2] Chat: titus: Tick 6576.
[forge2] Chat: julia: Standing by.
[forge2] Chat: livia: All systems nominal.
[forge2] Chat: marcus: All systems nominal.
[forge2] Chat: julius: Standing by.
[forge2] Chat: titus: All systems nominal.
[forge2] Chat: julia: Tick 6588.
[forge2] Chat: livia: All systems nominal.
[forge2] Chat: marcus: Tick 6600.
[forge2] Chat: julius: All systems nominal.
[forge2] Chat: titus: All systems nominal.
[forge2] Chat: julia: Standing by.
[forge2] Chat: livia: Reporting in.
[forge2] Chat: marcus: Standing by.
[forge2] Chat: julius: Standing by.
[forge2] Chat: titus: Standing by.
[forge2] Chat: julia: All systems nominal.
[forge2] Chat: livia: All systems nominal.
[forge2] Chat: marcus: Standing by.
[forge2] Chat: julius: Tick 6624.
[forge2] Chat: titus: All systems nominal.
[forge2] Chat: julia: Standing by.
[forge2] Chat: livia: All systems nominal.
[forge2] Chat: marcus: Reporting in.
[forge2] Chat: julius: All systems nominal.
[forge2] Chat: titus: Standing by.
[forge2] Chat: julia: Reporting in.
[forge2] Chat: livia: Tick 6636.
[forge2] Chat: marcus: All systems nominal.
[forge2] Chat: julius: Standing by.
[forge2] Chat: titus: Standing by.
[forge2] Chat: julia: Tick 6648.
[forge2] Chat: livia: Reporting in.
[forge2] Chat: marcus: Reporting in.
[forge2] Chat: julius: Standing by.
[forge2] Chat: titus: All systems nominal.
[forge2] Chat: julia: All systems nominal.
[forge2] Chat: livia: Standing by.
[forge2] Chat: marcus: Tick 6672.
[forge2] Chat: julius: All systems nominal.
[forge2] Chat: titus: Reporting in.
[forge2] Chat: julia: All systems nominal.
[forge2] Chat: livia: Standing by.
[forge2] Chat: marcus: Standing by.
[forge2] Chat: julius: Standing by.
[forge2] Chat: titus: All systems nominal.
[forge2] Chat: julia: Tick 6684.
[forge2] Chat: livia: Tick 6684.
[forge2] Chat: marcus: Standing by.
[forge2] Chat: julius: Standing by.
[forge2] Chat: titus: Standing by.
[forge2] Chat: julia: Standing by.
[forge2] Chat: livia: All systems nominal.
[forge2] Chat: marcus: Reporting in.
[forge2] Chat: julius: All systems nominal.
[forge2] Chat: titus: Standing by.
[forge2] Chat: julia: Standing by.
[forge2] Chat: livia: Reporting in.
[forge2] Chat: marcus: Standing by.
[forge2] Chat: julius: All systems nominal.
[forge2] Chat: titus: Tick 6720.
[forge2] Chat: julia: Reporting in.
[forge2] Chat: livia: Standing by.
[forge2] Chat: marcus: All systems nominal.
[forge2] Chat: julius: All systems nominal.
[forge2] Chat: titus: Standing by.
[forge2] Chat: julia: All systems nominal.
[forge2] Chat: livia: All systems nominal.
[forge2] Chat: marcus: Tick 6744.
[forge2] Chat: julius: Standing by.
[forge2] Chat: titus: All systems nominal.
[forge2] Chat: julia: Standing by.
[forge2] Chat: livia: Tick 6744.
[forge2] Chat: marcus: Standing by.
[forge2] Chat: julius: Standing by.
[forge2] Chat: titus: Tick 6756.
[forge2] Chat: julia: All systems nominal.
[forge2] Chat: livia: Reporting in.
[forge2] Chat: marcus: Standing by.
[forge2] Chat: julius: Standing by.
[forge2] Chat: titus: Standing by.
[forge2] Chat: julia: Standing by.
[forge2] Chat: livia: Reporting in.
[forge2] Chat: marcus: Tick 6780.
[forge2] Chat: julius: Reporting in.
[forge2] Chat: titus: Tick 6780.
[forge2] Chat: julia: Standing by.
[forge2] Chat: livia: All systems nominal.
[forge2] Chat: marcus: Tick 6792.
[forge2] Chat: julius: Reporting in.
[forge2] Chat: titus: Reporting in.
[forge2] Chat: julia: Standing by.
[forge2] Chat: livia: Reporting in.
[forge2] Chat: marcus: Reporting in.
[forge2] Chat: julius: All systems nominal.
[forge2] Chat: titus: Standing by.
[forge2] Chat: julia: Reporting in.
[forge2] Chat: livia: All systems nominal.
[forge2] Chat: marcus: Reporting in.
[forge2] Chat: julius: All systems nominal.
[forge2] Chat: titus: Standing by.
[forge2] Chat: julia: Tick 6816.
[forge2] Chat: livia: Standing by.
[forge2] Chat: marcus: Standing by.
[forge2] Chat: julius: Standing by.
[forge2] Chat: titus: Tick 6828.
[forge2] Chat: julia: Reporting in.
[forge2] Chat: livia: Reporting in.
[forge2] Chat: marcus: All systems nominal.
[forge2] Chat: julius: Standing by.
[forge2] Chat: titus: Tick 6840.
[forge2] Chat: julia: Tick 6840.
[forge2] Chat: livia: All systems nominal.
[forge2] Chat: marcus: Reporting in.
[forge2] Chat: julius: All systems nominal.
[forge2] Chat: titus: Reporting in.
[forge2] Chat: julia: All systems nominal.
[forge2] Chat: livia: All systems nominal.
[forge2] Chat: marcus: Standing by.
[forge2] Chat: julius: Tick 6864.
[forge2] Chat: titus: All systems nominal.
[forge2] Chat: julia: Standing by.
[forge2] Chat: livia: Tick 6864.
[forge2] Chat: marcus: All systems nominal.
[forge2] Chat: julius: Tick 6876.
[forge2] Chat: titus: Standing by.
[forge2] Chat: julia: All systems nominal.
[forge2] Chat: livia: Tick 6876.
[forge2] Chat: marcus: Tick 6888.
[forge2] Chat: julius: Reporting in.
[forge2] Chat: titus: Reporting in.
[forge2] Chat: julia: Reporting in.
[forge2] Chat: livia: All systems nominal.
[forge2] Chat: marcus: Standing by.
[forge2] Chat: julius: All systems nominal.
[forge2] Chat: titus: Reporting in.
[forge2] Chat: julia: Reporting in.
[forge2] Chat: livia: All systems nominal.
[forge2] Chat: marcus: All systems nominal.
[forge2] Chat: julius: Reporting in.
[forge2] Chat: titus: All systems nominal.
[forge2] Chat: julia: Tick 6912.
[forge2] Chat: livia: Tick 6912.
[forge2] Chat: marcus: Standing by.
[forge2] Chat: julius: Tick 6924.
[forge2] Chat: titus: All systems nominal.
[forge2] Chat: julia: Tick 6924.
[forge2] Chat: livia: Standing by.
[forge2] Chat: marcus: Tick 6936.
[forge2] Chat: julius: Reporting in.
[forge2] Chat: titus: Reporting in.
[forge2] Chat: julia: All systems nominal.
[forge2] Chat: livia: Tick 6936.
[forge2] Chat: marcus: All systems nominal.
[forge2] Chat: titus: Reporting in.
[forge2] Chat: julius: All systems nominal.
[forge2] Chat: julia: All systems nominal.
[forge2] Chat: livia: All systems nominal.
[forge2] Chat: marcus: All systems nominal.
[forge2] Chat: titus: Tick 6960.
[forge2] Chat: julia: Standing by.
[forge2] Chat: julius: All systems nominal.
[forge2] Chat: livia: Tick 6960.
[forge2] Chat: marcus: Tick 6972.
[forge2] Chat: titus: All systems nominal.
[forge2] Chat: julia: Tick 6972.
[forge2] Chat: julius: All systems nominal.
[forge2] Chat: livia: All systems nominal.
[forge2] Chat: marcus: Tick 6984.
[forge2] Chat: titus: Reporting in.
[forge2] Chat: julia: Tick 6984.
[forge2] Chat: julius: Reporting in.
[forge2] Chat: livia: All systems nominal.
[forge2] Chat: marcus: Standing by.
[forge2] Chat: titus: Tick 6996.
[forge2] Chat: julia: Tick 6996.
[forge2] Chat: julius: Tick 6996.
[forge2] Chat: livia: Standing by.
[forge2] Chat: marcus: Standing by.
[forge2] Chat: titus: Standing by.
[forge2] Chat: julia: All systems nominal.
[forge2] Chat: julius: All systems nominal.
[forge2] Chat: livia: Reporting in.
[forge2] Chat: marcus: Standing by.
[forge2] Chat: titus: Reporting in.
[forge2] Chat: julia: Standing by.
[forge2] Chat: julius: Reporting in.
[forge2] Chat: livia: Reporting in.
[forge2] Chat: marcus: Reporting in.
[forge2] Chat: titus: Reporting in.
[forge2] Chat: julia: All systems nominal.
[forge2] Chat: julius: Standing by.
[forge2] Chat: livia: Reporting in.
[forge2] Chat: marcus: All systems nominal.
[forge2] Chat: titus: Reporting in.
[forge2] Chat: julia: Reporting in.
[forge2] Chat: julius: All systems nominal.
[forge2] Chat: livia: All systems nominal.
[forge2] Chat: marcus: Standing by.
[forge2] Chat: titus: Tick 7056.
[forge2] Chat: julia: Standing by.
[forge2] Chat: julius: Reporting in.
[forge2] Chat: livia: Standing by.
[forge2] Chat: marcus: All systems nominal.
[forge2] Chat: titus: All systems nominal.
[forge2] Chat: julia: Tick 7068.
[forge2] Chat: julius: All systems nominal.
[forge2] Chat: livia: All systems nominal.
[forge2] Chat: marcus: All systems nominal.
[forge2] Chat: titus: Tick 7080.
[forge2] Chat: julia: Tick 7080.
[forge2] Chat: julius: All systems nominal.
[forge2] Chat: livia: Reporting in.
[forge2] Chat: marcus: All systems nominal.
[forge2] Chat: titus: All systems nominal.
[forge2] Chat: julia: All systems nominal.
[forge2] Chat: julius: Reporting in.
[forge2] Chat: livia: Reporting in.
[forge2] Chat: marcus: Reporting in.
[forge2] Chat: julia: All systems nominal.
[forge2] Chat: titus: Reporting in.
[forge2] Chat: julius: Standing by.
[forge2] Chat: livia: Reporting in.
[forge2] Chat: marcus: Reporting in.
[forge2] Chat: julia: Standing by.
[forge2] Chat: titus: Standing by.
[forge2] Chat: julius: Tick 7116.
[forge2] Chat: livia: All systems nominal.
[forge2] Chat: marcus: Standing by.
[forge2] Chat: julia: All systems nominal.
[forge2] Chat: titus: Standing by.
[forge2] Chat: julius: Reporting in.
[forge2] Chat: livia: Standing by.
[forge2] Chat: marcus: Reporting in.
[forge2] Chat: titus: Reporting in.
[forge2] Chat: julia: Standing by.
[forge2] Chat: julius: Reporting in.
[forge2] Chat: livia: Reporting in.
[forge2] Chat: marcus: Reporting in.
[forge2] Chat: titus: Tick 7152.
[forge2] Chat: julia: Tick 7152.
[forge2] Chat: julius: Reporting in.
[forge2] Chat: livia: Standing by.
[forge2] Chat: marcus: Reporting in.
[forge2] Chat: titus: Standing by.
[forge2] Chat: julia: Standing by.
[forge2] Chat: julius: Tick 7164.
[forge2] Chat: livia: All systems nominal.
[forge2] Chat: marcus: All systems nominal.
[forge2] Chat: titus: Reporting in.
[forge2] Chat: julia: Standing by.
[forge2] Chat: julius: Standing by.
[forge2] Chat: livia: Reporting in.
[forge2] Chat: marcus: Tick 7188.
[forge2] Chat: titus: Tick 7188.
[forge2] Chat: julia: Tick 7188.
[forge2] Chat: julius: Reporting in.
[forge2] Chat: livia: All systems nominal.
[forge2] Chat: marcus: Reporting in.
[forge2] Chat: titus: Reporting in.
[forge2] Chat: julia: All systems nominal.
[forge2] Chat: julius: All systems nominal.
[forge2] Chat: livia: Reporting in.
[forge2] Chat: marcus: All systems nominal.
[forge2] Chat: titus: Reporting in.
[forge2] Chat: julia: All systems nominal.
[forge2] Chat: julius: Tick 7212.
[forge2] Chat: livia: Tick 7212.
[forge2] Chat: marcus: All systems nominal.
[forge2] Chat: titus: All systems nominal.
[forge2] Chat: julia: Standing by.
[forge2] Chat: julius: Standing by.
[forge2] Chat: livia: Tick 7224.
[forge2] Chat: marcus: Standing by.
[forge2] Chat: titus: Reporting in.
[forge2] Chat: julia: Standing by.
[forge2] Chat: julius: Standing by.
[forge2] Chat: livia: Tick 7236.
[forge2] Chat: marcus: Tick 7248.
[forge2] Chat: titus: Reporting in.
[forge2] Chat: julia: Tick 7248.
[forge2] Chat: julius: Standing by.
[forge2] Chat: livia: Standing by.
[forge2] Chat: marcus: All systems nominal.
[forge2] Chat: julia: All systems nominal.
[forge2] Chat: titus: Tick 7260.
[forge2] Chat: julius: Reporting in.
[forge2] Chat: livia: Reporting in.
[forge2] Chat: marcus: Standing by.
[forge2] Chat: julia: Standing by.
[forge2] Chat: titus: Reporting in.
[forge2] Chat: julius: Standing by.
[forge2] Chat: livia: Reporting in.
[forge2] Chat: marcus: Standing by.
[forge2] Chat: julia: Standing by.
[forge2] Chat: titus: Tick 7284.
[forge2] Chat: julius: All systems nominal.
[forge2] Chat: livia: Reporting in.
[forge2] Chat: marcus: Tick 7296.
[forge2] Chat: julia: All systems nominal.
[forge2] Chat: titus: Standing by.
[forge2] Chat: julius: Standing by.
[forge2] Chat: livia: All systems nominal.
[forge2] Chat: marcus: Standing by.
[forge2] Chat: julia: Reporting in.
[forge2] Chat: titus: All systems nominal.
[forge2] Chat: julius: Tick 7308.
[forge2] Chat: livia: All systems nominal.
[forge2] Chat: marcus: Standing by.
[forge2] Chat: julia: Tick 7320.
[forge2] Chat: titus: All systems nominal.
[forge2] Chat: julius: Reporting in.
[forge2] Chat: livia: Tick 7320.
[forge2] Chat: marcus: Reporting in.
[forge2] Chat: julia: Standing by.
[forge2] Chat: titus: Tick 7332.
[forge2] Chat: julius: All systems nominal.
[forge2] Chat: livia: All systems nominal.
[forge2] Chat: marcus: Reporting in.
[forge2] Chat: julia: Tick 7344.
[forge2] Chat: titus: Standing by.
[forge2] Chat: julius: Standing by.
[forge2] Chat: livia: Tick 7344.
[forge2] Chat: marcus: All systems nominal.
[forge2] Chat: julia: All systems nominal.
[forge2] Chat: titus: Tick 7356.
[forge2] Chat: julius: All systems nominal.
[forge2] Chat: livia: Tick 7356.
[forge2] Chat: marcus: Standing by.
[forge2] Chat: julia: All systems nominal.
[forge2] Chat: titus: Tick 7368.
[forge2] Chat: julius: Reporting in.
[forge2] Chat: livia: Tick 7368.
[forge2] Chat: marcus: Standing by.
[forge2] Chat: julia: Standing by.
[forge2] Chat: titus: All systems nominal.
[forge2] Chat: julius: All systems nominal.
[forge2] Chat: livia: Tick 7380.
[forge2] Chat: marcus: Standing by.
[forge2] Chat: julia: Tick 7392.
[forge2] Chat: titus: Tick 7392.
[forge2] Chat: julius: All systems nominal.
[forge2] Chat: livia: All systems nominal.
[forge2] Chat: marcus: Standing by.
[forge2] Chat: julia: Tick 7404.
[forge2] Chat: titus: Tick 7404.
[forge2] Chat: julius: All systems nominal.
[forge2] Chat: livia: Standing by.
[forge2] Chat: marcus: Reporting in.
[forge2] Chat: julia: Standing by.
[forge2] Chat: titus: Reporting in.
[forge2] Chat: julius: Tick 7416.
[forge2] Chat: livia: Standing by.
[forge2] Chat: marcus: Reporting in.
[forge2] Chat: julia: Standing by.
[forge2] Chat: titus: All systems nominal.
[forge2] Chat: julius: Reporting in.
[forge2] Chat: livia: Standing by.
[forge2] Chat: marcus: Standing by.
[forge2] Chat: julia: Standing by.
[forge2] Chat: titus: Standing by.
[forge2] Chat: julius: All systems nominal.
[forge2] Chat: livia: Reporting in.
[forge2] Chat: marcus: Tick 7452.
[forge2] Chat: julia: Standing by.
[forge2] Chat: titus: Standing by.
[forge2] Chat: julius: Tick 7452.
[forge2] Chat: livia: Reporting in.
[forge2] Chat: marcus: Reporting in.
[forge2] Chat: julia: All systems nominal.
[forge2] Chat: titus: Standing by.
[forge2] Chat: julius: Reporting in.
[forge2] Chat: livia: Reporting in.
[forge2] Chat: marcus: All systems nominal.
[forge2] Chat: julia: All systems nominal.
[forge2] Chat: titus: Standing by.
[forge2] Chat: julius: All systems nominal.
[forge2] Chat: livia: Reporting in.
[forge2] Chat: marcus: Standing by.
[forge2] Chat: julia: Reporting in.
[forge2] Chat: titus: Reporting in.
[forge2] Chat: julius: All systems nominal.
[forge2] Chat: livia: Tick 7488.
[forge2] Chat: marcus: Reporting in.
[forge2] Chat: julia: Reporting in.
[forge2] Chat: titus: Standing by.
[forge2] Chat: julius: Reporting in.
[forge2] Chat: livia: Tick 7500.
[forge2] Chat: marcus: All systems nominal.
[forge2] Chat: julia: Reporting in.
[forge2] Chat: titus: Tick 7512.
[forge2] Chat: julius: All systems nominal.
[forge2] Chat: livia: Tick 7512.
[forge2] Chat: marcus: Tick 7524.
[forge2] Chat: julia: All systems nominal.
[forge2] Chat: titus: Standing by.
[forge2] Chat: julius: Standing by.
[forge2] Chat: livia: Standing by.
[forge2] Chat: marcus: All systems nominal.
[forge2] Chat: julia: All systems nominal.
[forge2] Chat: titus: Standing by.
[forge2] Chat: julius: Tick 7536.
[forge2] Chat: livia: Reporting in.
[forge2] Chat: marcus: All systems nominal.
[forge2] Chat: julia: Tick 7548.
[forge2] Chat: titus: Tick 7548.
[forge2] Chat: julius: Tick 7548.
[forge2] Chat: livia: Standing by.
[forge2] Chat: marcus: Reporting in.
[forge2] Chat: julia: Reporting in.
[forge2] Chat: titus: Tick 7560.
[forge2] Chat: julius: All systems nominal.
[forge2] Chat: livia: Standing by.
[forge2] Chat: marcus: Reporting in.
[forge2] Chat: julia: Tick 7572.
[forge2] Chat: titus: Tick 7572.
[forge2] Chat: julius: Tick 7572.
[forge2] Chat: livia: Standing by.
[forge2] Chat: marcus: Reporting in.
[forge2] Chat: julia: Tick 7584.
[forge2] Chat: titus: Reporting in.
[forge2] Chat: julius: Reporting in.
[forge2] Chat: livia: Tick 7584.
[forge2] Chat: marcus: Reporting in.
[forge2] Chat: julia: Standing by.
[forge2] Chat: titus: Reporting in.
[forge2] Chat: julius: Reporting in.
[forge2] Chat: livia: All systems nominal.
[forge2] Chat: marcus: Standing by.
[forge2] Chat: julia: All systems nominal.
[forge2] Chat: titus: Tick 7608.
[forge2] Chat: julius: All systems nominal.
[forge2] Chat: livia: Standing by.
[forge2] Chat: marcus: Reporting in.
[forge2] Chat: julia: All systems nominal.
[forge2] Chat: titus: Reporting in.
[forge2] Chat: julius: Reporting in.
[forge2] Chat: livia: All systems nominal.
[forge2] Chat: marcus: Standing by.
[forge2] Chat: julia: All systems nominal.
[forge2] Chat: titus: Reporting in.
[forge2] Chat: julius: Standing by.
[forge2] Chat: livia: All systems nominal.
[forge2] Chat: marcus: All systems nominal.
[forge2] Chat: julia: Tick 7644.
[forge2] Chat: titus: Standing by.
[forge2] Chat: julius: All systems nominal.
[forge2] Chat: livia: Tick 7644.
[forge2] Chat: marcus: Reporting in.
[forge2] Chat: julia: Standing by.
[forge2] Chat: titus: Tick 7656.
[forge2] Chat: julius: All systems nominal.
[forge2] Chat: livia: Reporting in.
[forge2] Chat: marcus: Standing by.
[forge2] Chat: julia: Standing by.
[forge2] Chat: titus: Reporting in.
[forge2] Chat: julius: All systems nominal.
[forge2] Chat: livia: All systems nominal.
[forge2] Chat: marcus: Standing by.
[forge2] Chat: julia: Standing by.
[forge2] Chat: titus: All systems nominal.
[forge2] Chat: julius: All systems nominal.
[forge2] Chat: livia: Tick 7680.
[forge2] Chat: marcus: Tick 7692.
[forge2] Chat: julia: All systems nominal.
[forge2] Chat: titus: Standing by.
[forge2] Chat: julius: Reporting in.
[forge2] Chat: livia: All systems nominal.
[forge2] Chat: marcus: All systems nominal.
[forge2] Chat: julia: Standing by.
[forge2] Chat: titus: Standing by.
[forge2] Chat: julius: Tick 7704.
[forge2] Chat: livia: Tick 7704.
[forge2] Chat: marcus: Reporting in.
[forge2] Chat: julia: All systems nominal.
[forge2] Chat: titus: Reporting in.
[forge2] Chat: julius: Tick 7716.
[forge2] Chat: livia: Tick 7716.
[forge2] Chat: marcus: Reporting in.
[forge2] Chat: julia: Reporting in.
[forge2] Chat: titus: All systems nominal.
[forge2] Chat: julius: Standing by.
[forge2] Chat: livia: All systems nominal.
[forge2] Chat: marcus: All systems nominal.
[forge2] Chat: julia: Tick 7740.
[forge2] Chat: titus: All systems nominal.
[forge2] Chat: julius: Reporting in.
[forge2] Chat: livia: Standing by.
[forge2] Chat: marcus: All systems nominal.
[forge2] Chat: julia: Tick 7752.
[forge2] Chat: titus: Standing by.
[forge2] Chat: julius: Tick 7752.
[forge2] Chat: livia: Reporting in.
[forge2] Chat: marcus: Standing by.
[forge2] Chat: julia: Standing by.
[forge2] Chat: titus: All systems nominal.
[forge2] Chat: julius: Tick 7764.
[forge2] Chat: livia: All systems nominal.
[forge2] Chat: marcus: Tick 7776.
[forge2] Chat: julia: All systems nominal.
[forge2] Chat: titus: Standing by.
[forge2] Chat: julius: Tick 7776.
[forge2] Chat: livia: Standing by.
[forge2] Chat: marcus: Standing by.
[forge2] Chat: julia: Tick 7788.
[forge2] Chat: titus: Standing by.
[forge2] Chat: julius: Tick 7788.
[forge2] Chat: livia: Reporting in.
[forge2] Chat: marcus: All systems nominal.
[forge2] Chat: julia: Reporting in.
[forge2] Chat: titus: Tick 7800.
[forge2] Chat: julius: Reporting in.
[forge2] Chat: livia: Tick 7800.
[forge2] Chat: marcus: Reporting in.
[forge2] Chat: julia: Standing by.
[forge2] Chat: titus: Standing by.
[forge2] Chat: julius: All systems nominal.
[forge2] Chat: livia: Tick 7812.
[forge2] Chat: marcus: Standing by.
[forge2] Chat: julia: Standing by.
[forge2] Chat: titus: All systems nominal.
[forge2] Chat: julius: Reporting in.
[forge2] Chat: livia: Standing by.
[forge2] Chat: marcus: All systems nominal.
[forge2] Chat: julia: All systems nominal.
[forge2] Chat: titus: Reporting in.
[forge2] Chat: julius: All systems nominal.
[forge2] Chat: livia: Reporting in.
[forge2] Chat: marcus: All systems nominal.
[forge2] Chat: julia: Tick 7848.
[forge2] Chat: titus: Tick 7848.
[forge2] Chat: julius: Standing by.
[forge2] Chat: livia: Standing by.
[forge2] Chat: marcus: Reporting in.
[forge2] Chat: julia: Reporting in.
[forge2] Chat: titus: Tick 7860.
[forge2] Chat: julius: Reporting in.
[forge2] Chat: livia: Reporting in.
[forge2] Chat: marcus: Tick 7872.
[forge2] Chat: julia: Reporting in.
[forge2] Chat: titus: Reporting in.
[forge2] Chat: julius: Reporting in.
[forge2] Chat: livia: Reporting in.
[forge2] Chat: marcus: Tick 7884.
[forge2] Chat: julia: Standing by.
[forge2] Chat: titus: All systems nominal.
[forge2] Chat: julius: All systems nominal.
[forge2] Chat: livia: Tick 7884.
[forge2] Chat: marcus: Tick 7896.
[forge2] Chat: julia: Tick 7896.
[forge2] Chat: titus: Reporting in.
[forge2] Chat: julius: Reporting in.
[forge2] Chat: livia: All systems nominal.
[forge2] Chat: marcus: Reporting in.
[forge2] Chat: julia: All systems nominal.
[forge2] Chat: titus: Standing by.
[forge2] Chat: julius: All systems nominal.
[forge2] Chat: livia: Reporting in.
[forge2] Chat: marcus: Reporting in.
[forge2] Chat: julia: All systems nominal.
[forge2] Chat: titus: All systems nominal.
[forge2] Chat: julius: Tick 7920.
[forge2] Chat: livia: Standing by.
[forge2] Chat: marcus: Tick 7932.
[forge2] Chat: julia: Standing by.
[forge2] Chat: titus: Reporting in.
[forge2] Chat: julius: Standing by.
[forge2] Chat: livia: Reporting in.
[forge2] Chat: marcus: All systems nominal.
[forge2] Chat: julia: All systems nominal.
[forge2] Chat: titus: Reporting in.
[forge2] Chat: julius: Standing by.
[forge2] Chat: livia: Standing by.
[forge2] Chat: marcus: Tick 7956.
[forge2] Chat: julia: Tick 7956.
[forge2] Chat: titus: Tick 7956.
[forge2] Chat: julius: Reporting in.
[forge2] Chat: livia: Tick 7956.
[forge2] Chat: marcus: Standing by.
[forge2] Chat: julia: Standing by.
[forge2] Chat: titus: All systems nominal.
[forge2] Chat: julius: Tick 7968.
[forge2] Chat: livia: Standing by.
[forge2] Chat: marcus: All systems nominal.
[forge2] Chat: julia: All systems nominal.
[forge2] Chat: titus: Standing by.
[forge2] Chat: julius: All systems nominal.
[forge2] Chat: livia: All systems nominal.
[forge2] Chat: marcus: Reporting in.
[forge2] Chat: julia: Reporting in.
[forge2] Chat: titus: All systems nominal.
[forge2] Chat: julius: Reporting in.
[forge2] Chat: livia: Reporting in.
[forge2] Chat: marcus: Tick 8004.
[forge2] Chat: julia: Tick 8004.
[forge2] Chat: titus: Reporting in.
[forge2] Chat: julius: Standing by.
[forge2] Chat: livia: Standing by.
[forge2] Chat: marcus: Tick 8016.
[forge2] Chat: julia: Tick 8016.
[forge2] Chat: titus: Tick 8016.
[forge2] Chat: julius: Tick 8016.
[forge2] Chat: livia: Standing by.
[forge2] Chat: marcus: All systems nominal.
[forge2] Chat: julia: Reporting in.
[forge2] Chat: titus: Standing by.
[forge2] Chat: julius: Standing by.
[forge2] Chat: livia: Standing by.
[forge2] Chat: marcus: Reporting in.
[forge2] Chat: julia: Reporting in.
[forge2] Chat: titus: Standing by.
[forge2] Chat: julius: Reporting in.
[forge2] Chat: livia: Reporting in.
[forge2] Chat: marcus: Reporting in.
[forge2] Chat: julia: Standing by.
[forge2] Chat: titus: Reporting in.
[forge2] Chat: julius: All systems nominal.
[forge2] Chat: livia: Reporting in.
[forge2] Chat: marcus: Tick 8064.
[forge2] Chat: julia: Standing by.
[forge2] Chat: titus: Reporting in.
[forge2] Chat: julius: All systems nominal.
[forge2] Chat: livia: Reporting in.
[forge2] Chat: marcus: Standing by.
[forge2] Chat: julia: Standing by.
[forge2] Chat: titus: Standing by.
[forge2] Chat: julius: Reporting in.
[forge2] Chat: livia: All systems nominal.
[forge2] Chat: marcus: All systems nominal.
[forge2] Chat: julia: Standing by.
[forge2] Chat: titus: Standing by.
[forge2] Chat: julius: Reporting in.
[forge2] Chat: livia: Standing by.
[forge2] Chat: marcus: Reporting in.
[forge2] Chat: julia: All systems nominal.
[forge2] Chat: titus: All systems nominal.
[forge2] Chat: julius: Reporting in.
[forge2] Chat: livia: All systems nominal.
[forge2] Chat: marcus: All systems nominal.
[forge2] Chat: julia: Tick 8112.
[forge2] Chat: titus: Tick 8112.
[forge2] Chat: julius: Tick 8112.
[forge2] Chat: livia: All systems nominal.
[forge2] Chat: marcus: Tick 8124.
[forge2] Chat: julia: All systems nominal.
[forge2] Chat: titus: Tick 8124.
[forge2] Chat: julius: Reporting in.
[forge2] Chat: livia: Reporting in.
[forge2] Chat: marcus: Tick 8136.
[forge2] Chat: julia: Standing by.
[forge2] Chat: titus: All systems nominal.
[forge2] Chat: julius: Tick 8136.
[forge2] Chat: livia: Tick 8136.
[forge2] Chat: marcus: Tick 8148.
[forge2] Chat: julia: Reporting in.
[forge2] Chat: titus: Reporting in.
[forge2] Chat: julius: All systems nominal.
[forge2] Chat: livia: Tick 8148.
[forge2] Chat: marcus: Tick 8160.
[forge2] Chat: julia: Standing by.
[forge2] Chat: titus: All systems nominal.
[forge2] Chat: julius: Reporting in.
[forge2] Chat: livia: Tick 8160.
[forge2] Chat: marcus: Tick 8172.
[forge2] Chat: julia: Standing by.
[forge2] Chat: titus: Reporting in.
[forge2] Chat: julius: Tick 8172.
[forge2] Chat: livia: All systems nominal.
[forge2] Chat: marcus: Reporting in.
[forge2] Chat: julia: All systems nominal.
[forge2] Chat: titus: Tick 8184.
[forge2] Chat: julius: All systems nominal.
[forge2] Chat: livia: Standing by.
[forge2] Chat: marcus: Tick 8196.
[forge2] Chat: julia: Reporting in.
[forge2] Chat: titus: Standing by.
[forge2] Chat: julius: Reporting in.
[forge2] Chat: livia: Reporting in.
[forge2] Chat: marcus: Standing by.
[forge2] Chat: julia: Reporting in.
[forge2] Chat: titus: All systems nominal.
[forge2] Chat: julius: Tick 8208.
[forge2] Chat: livia: Tick 8208.
[forge2] Chat: marcus: Reporting in.
[forge2] Chat: julia: Standing by.
[forge2] Chat: titus: Tick 8220.
[forge2] Chat: julius: Standing by.
[forge2] Chat: livia: Tick 8220.
[forge2] Chat: marcus: Reporting in.
[forge2] Chat: julia: Standing by.
[forge2] Chat: titus: Standing by.
[forge2] Chat: julius: Standing by.
[forge2] Chat: livia: Standing by.
[forge2] Chat: marcus: Standing by.
[forge2] Chat: julia: Tick 8244.
[forge2] Chat: titus: Standing by.
[forge2] Chat: julius: Standing by.
[forge2] Chat: livia: Tick 8244.
[forge2] Chat: marcus: All systems nominal.
[forge2] Chat: julia: Reporting in.
[forge2] Chat: titus: All systems nominal.
[forge2] Chat: julius: All systems nominal.
[forge2] Chat: livia: Tick 8256.
[forge2] Chat: marcus: Tick 8268.
[forge2] Chat: julia: Standing by.
[forge2] Chat: titus: Tick 8268.
[forge2] Chat: julius: All systems nominal.
[forge2] Chat: livia: Standing by.
[forge2] Chat: marcus: Tick 8280.
[forge2] Chat: julia: All systems nominal.
[forge2] Chat: titus: Reporting in.
[forge2] Chat: julius: All systems nominal.
[forge2] Chat: livia: Reporting in.
[forge2] Chat: marcus: Tick 8292.
[forge2] Chat: julia: All systems nominal.
[forge2] Chat: titus: All systems nominal.
[forge2] Chat: julius: Tick 8292.
[forge2] Chat: livia: Standing by.
[forge2] Chat: marcus: All systems nominal.
[forge2] Chat: julia: All systems nominal.
[forge2] Chat: titus: All systems nominal.
[forge2] Chat: julius: Standing by.
[forge2] Chat: livia: All systems nominal.
[forge2] Chat: marcus: All systems nominal.
[forge2] Chat: titus: Tick 8316.
[forge2] Chat: julia: Tick 8316.
[forge2] Chat: julius: Tick 8316.
[forge2] Chat: livia: All systems nominal.
[forge2] Chat: marcus: Reporting in.
[forge2] Chat: titus: Standing by.
[forge2] Chat: julia: All systems nominal.
[forge2] Chat: julius: Tick 8328.
[forge2] Chat: livia: All systems nominal.
[forge2] Chat: marcus: Reporting in.
[forge2] Chat: titus: All systems nominal.
[forge2] Chat: julia: All systems nominal.
[forge2] Chat: julius: Standing by.
[forge2] Chat: livia: Tick 8340.
[forge2] Chat: marcus: Tick 8352.
[forge2] Chat: titus: Reporting in.
[forge2] Chat: julia: Reporting in.
[forge2] Chat: julius: Standing by.
[forge2] Chat: livia: Tick 8352.
[forge2] Chat: marcus: Standing by.
[forge2] Chat: titus: Standing by.
[forge2] Chat: julia: Standing by.
[forge2] Chat: julius: Standing by.
[forge2] Chat: livia: Standing by.
[forge2] Chat: marcus: Reporting in.
[forge2] Chat: titus: Tick 8376.
[forge2] Chat: julia: Standing by.
[forge2] Chat: julius: Tick 8376.
[forge2] Chat: livia: Tick 8376.
[forge2] Chat: marcus: Reporting in.
[forge2] Chat: titus: Standing by.
[forge2] Chat: julia: Standing by.
[forge2] Chat: julius: All systems nominal.
[forge2] Chat: livia: Tick 8388.
[forge2] Chat: marcus: Standing by.
[forge2] Chat: titus: Tick 8400.
[forge2] Chat: julia: Reporting in.
[forge2] Chat: julius: All systems nominal.
[forge2] Chat: livia: Reporting in.
[forge2] Chat: marcus: All systems nominal.
[forge2] Chat: titus: Tick 8412.
[forge2] Chat: julia: All systems nominal.
[forge2] Chat: julius: Reporting in.
[forge2] Chat: livia: Reporting in.
[forge2] Chat: marcus: All systems nominal.
[forge2] Chat: titus: Reporting in.
[forge2] Chat: julia: Tick 8424.
[forge2] Chat: julius: Reporting in.
[forge2] Chat: livia: Standing by.
[forge2] Chat: marcus: Tick 8436.
[forge2] Chat: titus: Standing by.
[forge2] Chat: julia: All systems nominal.
[forge2] Chat: julius: All systems nominal.
[forge2] Chat: livia: All systems nominal.
[forge2] Chat: marcus: Reporting in.
[forge2] Chat: titus: Standing by.
[forge2] Chat: julia: Standing by.
[forge2] Chat: julius: All systems nominal.
[forge2] Chat: livia: Standing by.
[forge2] Chat: marcus: Tick 8460.
[forge2] Chat: titus: Tick 8460.
[forge2] Chat: julia: Tick 8460.
[forge2] Chat: julius: Standing by.
[forge2] Chat: livia: Standing by.
[forge2] Chat: marcus: Reporting in.
[forge2] Chat: titus: Tick 8472.
[forge2] Chat: julia: All systems nominal.
[forge2] Chat: julius: Standing by.
[forge2] Chat: livia: Reporting in.
[forge2] Chat: marcus: Tick 8484.
[forge2] Chat: titus: Standing by.
[forge2] Chat: julia: Standing by.
[forge2] Chat: julius: All systems nominal.
[forge2] Chat: livia: Tick 8484.
[forge2] Chat: marcus: Tick 8496.
[forge2] Chat: titus: Standing by.
[forge2] Chat: julia: Tick 8496.
[forge2] Chat: julius: Standing by.
[forge2] Chat: livia: Tick 8496.
[forge2] Chat: marcus: Reporting in.
[forge2] Chat: titus: Tick 8508.
[forge2] Chat: julia: Reporting in.
[forge2] Chat: julius: Tick 8508.
[forge2] Chat: livia: Tick 8508.
[forge2] Chat: marcus: Standing by.
[forge2] Chat: titus: All systems nominal.
[forge2] Chat: julia: Reporting in.
[forge2] Chat: julius: Standing by.
[forge2] Chat: livia: All systems nominal.
[forge2] Chat: marcus: Tick 8532.
[forge2] Chat: titus: All systems nominal.
[forge2] Chat: julia: Tick 8532.
[forge2] Chat: julius: Tick 8532.
[forge2] Chat: livia: All systems nominal.
[forge2] Chat: marcus: Reporting in.
[forge2] Chat: titus: All systems nominal.
[forge2] Chat: julia: Standing by.
[forge2] Chat: julius: Reporting in.
[forge2] Chat: livia: Standing by.
[forge2] Chat: marcus: Reporting in.
[forge2] Chat: titus: Reporting in.
[forge2] Chat: julia: Tick 8556.
[forge2] Chat: julius: All systems nominal.
[forge2] Chat: livia: Tick 8556.
[forge2] Chat: marcus: Reporting in.
[forge2] Chat: titus: All systems nominal.
[forge2] Chat: julia: Reporting in.
[forge2] Chat: julius: Tick 8568.
[forge2] Chat: livia: Tick 8568.
[forge2] Chat: marcus: All systems nominal.
[forge2] Chat: titus: Tick 8580.
[forge2] Chat: julia: Standing by.
[forge2] Chat: julius: Reporting in.
[forge2] Chat: livia: All systems nominal.
[forge2] Chat: marcus: Tick 8592.
[forge2] Chat: titus: All systems nominal.
[forge2] Chat: julia: Reporting in.
[forge2] Chat: julius: All systems nominal.
[forge2] Chat: livia: Standing by.
[forge2] Chat: marcus: Reporting in.
[forge2] Chat: titus: Reporting in.
[forge2] Chat: julia: Tick 8604.
[forge2] Chat: julius: Standing by.
[forge2] Chat: livia: Standing by.
[forge2] Chat: marcus: All systems nominal.
[forge2] Chat: titus: Standing by.
[forge2] Chat: julia: All systems nominal.
[forge2] Chat: julius: Reporting in.
[forge2] Chat: livia: Standing by.
[forge2] Chat: marcus: Reporting in.
[forge2] Chat: titus: Standing by.
[forge2] Chat: julia: Reporting in.
[forge2] Chat: julius: Tick 8628.
[forge2] Chat: livia: Reporting in.
[forge2] Chat: marcus: All systems nominal.
[forge2] Chat: titus: Reporting in.
[forge2] Chat: julia: Reporting in.
[forge2] Chat: julius: Standing by.
[forge2] Chat: livia: All systems nominal.
[forge2] Chat: marcus: Standing by.
[forge2] Chat: titus: Standing by.
[forge2] Chat: julia: Tick 8652.
[forge2] Chat: julius: All systems nominal.
[forge2] Chat: livia: All systems nominal.
[forge2] Chat: marcus: All systems nominal.
[forge2] Chat: titus: All systems nominal.
[forge2] Chat: julia: Standing by.
[forge2] Chat: julius: Standing by.
[forge2] Chat: livia: Tick 8664.
[forge2] Chat: marcus: Tick 8676.
[forge2] Chat: titus: Tick 8676.
[forge2] Chat: julia: Tick 8676.
[forge2] Chat: julius: Reporting in.
[forge2] Chat: livia: All systems nominal.
[forge2] Chat: marcus: Reporting in.
[forge2] Chat: titus: Tick 8688.
[forge2] Chat: julia: Standing by.
[forge2] Chat: julius: All systems nominal.
[forge2] Chat: livia: Standing by.
[forge2] Chat: marcus: Reporting in.
[forge2] Chat: titus: Standing by.
[forge2] Chat: julia: Standing by.
[forge2] Chat: julius: All systems nominal.
[forge2] Chat: livia: Tick 8700.
[forge2] Chat: marcus: Standing by.
[forge2] Chat: titus: Standing by.
[forge2] Chat: julia: Tick 8712.
[forge2] Chat: julius: Standing by.
[forge2] Chat: livia: All systems nominal.
[forge2] Chat: marcus: Tick 8724.
[forge2] Chat: titus: Tick 8724.
[forge2] Chat: julia: All systems nominal.
[forge2] Chat: julius: Tick 8724.
[forge2] Chat: livia: Reporting in.
[forge2] Chat: marcus: Standing by.
[forge2] Chat: titus: Tick 8736.
[forge2] Chat: julia: Standing by.
[forge2] Chat: julius: Reporting in.
[forge2] Chat: livia: Reporting in.
[forge2] Chat: marcus: Standing by.
[forge2] Chat: titus: Reporting in.
[forge2] Chat: julia: Standing by.
[forge2] Chat: julius: Reporting in.
[forge2] Chat: livia: Tick 8748.
[forge2] Chat: marcus: Standing by.
[forge2] Chat: titus: Standing by.
[forge2] Chat: julia: Reporting in.
[forge2] Chat: julius: Reporting in.
[forge2] Chat: livia: Reporting in.
[forge2] Chat: marcus: Reporting in.
[forge2] Chat: titus: Tick 8772.
[forge2] Chat: julia: All systems nominal.
[forge2] Chat: julius: Standing by.
[forge2] Chat: livia: Standing by.
[forge2] Chat: marcus: Tick 8784.
[forge2] Chat: titus: Tick 8784.
[forge2] Chat: julia: Tick 8784.
[forge2] Chat: julius: Reporting in.
[forge2] Chat: livia: Standing by.
[forge2] Chat: marcus: All systems nominal.
[forge2] Chat: titus: Standing by.
[forge2] Chat: julia: Standing by.
[forge2] Chat: julius: Tick 8796.
[forge2] Chat: livia: Tick 8796.
[forge2] Chat: marcus: Standing by.
[forge2] Chat: titus: All systems nominal.
[forge2] Chat: julia: Reporting in.
[forge2] Chat: julius: Tick 8808.
[forge2] Chat: livia: All systems nominal.
[forge2] Chat: marcus: All systems nominal.
[forge2] Chat: titus: Standing by.
[forge2] Chat: julia: Standing by.
[forge2] Chat: julius: Tick 8820.
[forge2] Chat: livia: Standing by.
[forge2] Chat: marcus: Reporting in.
[forge2] Chat: titus: Standing by.
[forge2] Chat: julia: All systems nominal.
[forge2] Chat: julius: All systems nominal.
[forge2] Chat: livia: All systems nominal.
[forge2] Chat: marcus: Tick 8844.
[forge2] Chat: titus: Reporting in.
[forge2] Chat: julia: Reporting in.
[forge2] Chat: julius: All systems nominal.
[forge2] Chat: livia: Reporting in.
[forge2] Chat: marcus: Reporting in.
[forge2] Chat: titus: Tick 8856.
[forge2] Chat: julia: Tick 8856.
[forge2] Chat: julius: Tick 8856.
[forge2] Chat: livia: All systems nominal.
[forge2] Chat: marcus: Standing by.
[forge2] Chat: titus: All systems nominal.
[forge2] Chat: julia: Standing by.
[forge2] Chat: julius: Standing by.
[forge2] Chat: livia: Standing by.
[forge2] Chat: marcus: Tick 8880.
[forge2] Chat: titus: Standing by.
[forge2] Chat: julia: Standing by.
[forge2] Chat: julius: Tick 8880.
[forge2] Chat: livia: All systems nominal.
[forge2] Chat: marcus: Tick 8892.
[forge2] Chat: titus: All systems nominal.
[forge2] Chat: julia: Standing by.
[forge2] Chat: julius: Standing by.
[forge2] Chat: livia: Reporting in.
[forge2] Chat: marcus: Reporting in.
[forge2] Chat: titus: Reporting in.
[forge2] Chat: julia: Tick 8904.
[forge2] Chat: julius: Reporting in.
[forge2] Chat: livia: All systems nominal.
[forge2] Chat: marcus: Standing by.
[forge2] Chat: titus: Reporting in.
[forge2] Chat: julia: Reporting in.
[forge2] Chat: julius: Tick 8916.
[forge2] Chat: livia: Tick 8916.
[forge2] Chat: marcus: Tick 8928.
[forge2] Chat: titus: All systems nominal.
[forge2] Chat: julia: Tick 8928.
[forge2] Chat: julius: Reporting in.
[forge2] Chat: livia: All systems nominal.
[forge2] Chat: marcus: Tick 8940.
[forge2] Chat: titus: Reporting in.
[forge2] Chat: julia: Tick 8940.
[forge2] Chat: julius: Reporting in.
[forge2] Chat: livia: Tick 8940.
[forge2] Chat: marcus: Reporting in.
[forge2] Chat: titus: All systems nominal.
[forge2] Chat: julia: Reporting in.
[forge2] Chat: julius: Tick 8952.
[forge2] Chat: livia: Standing by.
[forge2] Chat: marcus: Reporting in.
[forge2] Chat: titus: Standing by.
[forge2] Chat: julia: Tick 8964.
[forge2] Chat: julius: Reporting in.
[forge2] Chat: livia: Reporting in.
[forge2] Chat: marcus: All systems nominal.
[forge2] Chat: titus: All systems nominal.
[forge2] Chat: julia: Standing by.
[forge2] Chat: julius: Tick 8976.
[forge2] Chat: livia: Tick 8976.
[forge2] Chat: marcus: Tick 8988.
[forge2] Chat: titus: Tick 8988.
[forge2] Chat: julia: Tick 8988.
[forge2] Chat: julius: Tick 8988.
[forge2] Chat: livia: Tick 8988.
[forge2] Chat: marcus: Standing by.
[forge2] Chat: titus: Standing by.
[forge2] Chat: julia: All systems nominal.
[forge2] Chat: julius: Tick 9000.
[forge2] Chat: livia: Tick 9000.
[forge2] Chat: marcus: Tick 9012.
[forge2] Chat: titus: Standing by.
[forge2] Chat: julia: Standing by.
[forge2] Chat: julius: All systems nominal.
[forge2] Chat: livia: All systems nominal.
[forge2] Chat: marcus: Standing by.
[forge2] Chat: titus: Standing by.
[forge2] Chat: julia: Reporting in.
[forge2] Chat: julius: Reporting in.
[forge2] Chat: livia: Standing by.
[forge2] Chat: marcus: Standing by.
[forge2] Chat: titus: All systems nominal.
[forge2] Chat: julia: Reporting in.
[forge2] Chat: julius: Tick 9036.
[forge2] Chat: livia: Standing by.
[forge2] Chat: marcus: All systems nominal.
[forge2] Chat: titus: Reporting in.
[forge2] Chat: julia: Tick 9048.
[forge2] Chat: julius: Standing by.
[forge2] Chat: livia: All systems nominal.
[forge2] Chat: marcus: Standing by.
[forge2] Chat: titus: Standing by.
[forge2] Chat: julia: Standing by.
[forge2] Chat: julius: Reporting in.
[forge2] Chat: livia: All systems nominal.
[forge2] Chat: marcus: Standing by.
[forge2] Chat: titus: Standing by.
[forge2] Chat: julia: Tick 9072.
[forge2] Chat: julius: Reporting in.
[forge2] Chat: livia: All systems nominal.
[forge2] Chat: marcus: All systems nominal.
[forge2] Chat: titus: Reporting in.
[forge2] Chat: julia: Tick 9084.
[forge2] Chat: julius: Reporting in.
[forge2] Chat: livia: Reporting in.
[forge2] Chat: marcus: All systems nominal.
[forge2] Chat: titus: Tick 9096.
[forge2] Chat: julia: All systems nominal.
[forge2] Chat: julius: All systems nominal.
[forge2] Chat: livia: All systems nominal.
[forge2] Chat: marcus: Standing by.
[forge2] Chat: julia: Tick 9108.
[forge2] Chat: titus: Tick 9108.
[forge2] Chat: julius: Standing by.
[forge2] Chat: livia: Reporting in.
[forge2] Chat: marcus: Tick 9120.
[forge2] Chat: julia: Tick 9120.
[forge2] Chat: titus: Tick 9120.
[forge2] Chat: julius: All systems nominal.
[forge2] Chat: livia: Tick 9120.
[forge2] Chat: marcus: Reporting in.
[forge2] Chat: julia: Tick 9132.
[forge2] Chat: titus: All systems nominal.
[forge2] Chat: julius: Standing by.
[forge2] Chat: livia: All systems nominal.
[forge2] Chat: marcus: Tick 9144.
[forge2] Chat: julia: Tick 9144.
[forge2] Chat: titus: Standing by.
[forge2] Chat: julius: Reporting in.
[forge2] Chat: livia: All systems nominal.
[forge2] Chat: marcus: Tick 9156.
[forge2] Chat: julia: Standing by.
[forge2] Chat: titus: Reporting in.
[forge2] Chat: julius: Tick 9156.
[forge2] Chat: livia: All systems nominal.
[forge2] Chat: marcus: All systems nominal.
[forge2] Chat: julia: Reporting in.
[forge2] Chat: titus: Standing by.
[forge2] Chat: julius: Standing by.
[forge2] Chat: livia: Reporting in.
[forge2] Chat: marcus: Standing by.
[forge2] Chat: julia: Tick 9180.
[forge2] Chat: titus: Reporting in.
[forge2] Chat: julius: All systems nominal.
[forge2] Chat: livia: Standing by.
[forge2] Chat: marcus: Tick 9192.
[forge2] Chat: julia: Tick 9192.
[forge2] Chat: titus: All systems nominal.
[forge2] Chat: julius: Standing by.
[forge2] Chat: livia: All systems nominal.
[forge2] Chat: marcus: Tick 9204.
[forge2] Chat: julia: Reporting in.
[forge2] Chat: titus: Standing by.
[forge2] Chat: julius: Reporting in.
[forge2] Chat: livia: Reporting in.
[forge2] Chat: marcus: Standing by.
[forge2] Chat: julia: Tick 9216.
[forge2] Chat: titus: Standing by.
[forge2] Chat: julius: Tick 9216.
[forge2] Chat: livia: Tick 9216.
[forge2] Chat: marcus: All systems nominal.
[forge2] Chat: julia: All systems nominal.
[forge2] Chat: titus: Reporting in.
[forge2] Chat: julius: Tick 9228.
[forge2] Chat: livia: Tick 9228.
[forge2] Chat: marcus: Standing by.
[forge2] Chat: julia: All systems nominal.
[forge2] Chat: titus: Tick 9240.
[forge2] Chat: julius: All systems nominal.
[forge2] Chat: livia: Standing by.
[forge2] Chat: marcus: Standing by.
[forge2] Chat: julia: All systems nominal.
[forge2] Chat: titus: Standing by.
[forge2] Chat: julius: Standing by.
[forge2] Chat: livia: All systems nominal.
[forge2] Chat: marcus: Standing by.
[forge2] Chat: julia: Reporting in.
[forge2] Chat: titus: Tick 9264.
[forge2] Chat: julius: Tick 9264.
[forge2] Chat: livia: All systems nominal.
[forge2] Chat: marcus: Reporting in.
[forge2] Chat: julia: Standing by.
[forge2] Chat: titus: Standing by.
[forge2] Chat: julius: All systems nominal.
[forge2] Chat: livia: All systems nominal.
[forge2] Chat: marcus: Reporting in.
[forge2] Chat: julia: Tick 9288.
[forge2] Chat: titus: All systems nominal.
[forge2] Chat: julius: All systems nominal.
[forge2] Chat: livia: All systems nominal.
[forge2] Chat: marcus: Reporting in.
[forge2] Chat: julia: Tick 9300.
[forge2] Chat: titus: Standing by.
[forge2] Chat: julius: Tick 9300.
[forge2] Chat: livia: Tick 9300.
[forge2] Chat: marcus: Standing by.
[forge2] Chat: julia: All systems nominal.
[forge2] Chat: titus: Reporting in.
[forge2] Chat: julius: Reporting in.
[forge2] Chat: livia: Tick 9312.
[forge2] Chat: marcus: Reporting in.
[forge2] Chat: julia: Tick 9324.
[forge2] Chat: titus: Reporting in.
[forge2] Chat: julius: Standing by.
[forge2] Chat: livia: All systems nominal.
[forge2] Chat: marcus: Tick 9336.
[forge2] Chat: julia: All systems nominal.
[forge2] Chat: titus: Standing by.
[forge2] Chat: julius: Reporting in.
[forge2] Chat: livia: Standing by.
[forge2] Chat: marcus: Reporting in.
[forge2] Chat: julia: Reporting in.
[forge2] Chat: titus: All systems nominal.
[forge2] Chat: julius: Standing by.
[forge2] Chat: livia: Reporting in.
[forge2] Chat: marcus: Tick 9360.
[forge2] Chat: julia: Tick 9360.
[forge2] Chat: titus: All systems nominal.
[forge2] Chat: julius: All systems nominal.
[forge2] Chat: livia: Tick 9360.
[forge2] Chat: marcus: All systems nominal.
[forge2] Chat: julia: Tick 9372.
[forge2] Chat: titus: Standing by.
[forge2] Chat: julius: Tick 9372.
[forge2] Chat: livia: Standing by.
[forge2] Chat: marcus: Tick 9384.
[forge2] Chat: julia: Reporting in.
[forge2] Chat: titus: Standing by.
[forge2] Chat: julius: Reporting in.
[forge2] Chat: livia: Tick 9384.
[forge2] Chat: marcus: All systems nominal.
[forge2] Chat: julia: Reporting in.
[forge2] Chat: titus: Reporting in.
[forge2] Chat: julius: Tick 9396.
[forge2] Chat: livia: Tick 9396.
[forge2] Chat: marcus: Standing by.
[forge2] Chat: julia: Standing by.
[forge2] Chat: titus: Tick 9408.
[forge2] Chat: julius: Reporting in.
[forge2] Chat: livia: Tick 9408.
[forge2] Chat: marcus: Standing by.
[forge2] Chat: julia: Standing by.
[forge2] Chat: titus: Reporting in.
[forge2] Chat: julius: Standing by.
[forge2] Chat: livia: All systems nominal.
[forge2] Chat: marcus: Reporting in.
[forge2] Chat: julia: Reporting in.
[forge2] Chat: titus: Tick 9432.
[forge2] Chat: julius: Tick 9432.
[forge2] Chat: livia: Standing by.
[forge2] Chat: marcus: Tick 9444.
[forge2] Chat: julia: Reporting in.
[forge2] Chat: titus: Reporting in.
[forge2] Chat: julius: Reporting in.
[forge2] Chat: livia: Standing by.
[forge2] Chat: marcus: Tick 9456.
[forge2] Chat: julia: Tick 9456.
[forge2] Chat: titus: Reporting in.
[forge2] Chat: julius: Reporting in.
[forge2] Chat: livia: All systems nominal.
[forge2] Chat: marcus: Standing by.
[forge2] Chat: julia: Standing by.
[forge2] Chat: titus: Tick 9468.
[forge2] Chat: julius: All systems nominal.
[forge2] Chat: livia: Tick 9468.
[forge2] Chat: marcus: Reporting in.
[forge2] Chat: julia: Standing by.
[forge2] Chat: titus: Reporting in.
[forge2] Chat: julius: Reporting in.
[forge2] Chat: livia: All systems nominal.
[forge2] Chat: marcus: Reporting in.
[forge2] Chat: julia: Tick 9492.
[forge2] Chat: titus: All systems nominal.
[forge2] Chat: julius: Reporting in.
[forge2] Chat: livia: Reporting in.
[forge2] Chat: marcus: Reporting in.
[forge2] Chat: julia: All systems nominal.
[forge2] Chat: titus: Tick 9504.
[forge2] Chat: julius: Standing by.
[forge2] Chat: livia: Standing by.
[forge2] Chat: marcus: All systems nominal.
[forge2] Chat: julia: All systems nominal.
[forge2] Chat: titus: Reporting in.
[forge2] Chat: julius: Standing by.
[forge2] Chat: livia: Standing by.
[forge2] Chat: marcus: Tick 9528.
[forge2] Chat: julia: All systems nominal.
[forge2] Chat: titus: Reporting in.
[forge2] Chat: julius: Tick 9528.
[forge2] Chat: livia: Reporting in.
[forge2] Chat: marcus: Tick 9540.
[forge2] Chat: julia: All systems nominal.
[forge2] Chat: titus: Tick 9540.
[forge2] Chat: julius: Standing by.
[forge2] Chat: livia: All systems nominal.
[forge2] Chat: marcus: Standing by.
[forge2] Chat: julia: Reporting in.
[forge2] Chat: titus: All systems nominal.
[forge2] Chat: julius: Tick 9552.
[forge2] Chat: livia: Tick 9552.
[forge2] Chat: marcus: Tick 9564.
[forge2] Chat: julia: All systems nominal.
[forge2] Chat: titus: Tick 9564.
[forge2] Chat: julius: All systems nominal.
[forge2] Chat: livia: Standing by.
[forge2] Chat: marcus: All systems nominal.
[forge2] Chat: julia: All systems nominal.
[forge2] Chat: titus: All systems nominal.
[forge2] Chat: julius: Standing by.
[forge2] Chat: livia: Tick 9576.
[forge2] Chat: marcus: All systems nominal.
[forge2] Chat: julia: Tick 9588.
[forge2] Chat: titus: Tick 9588.
[forge2] Chat: julius: Reporting in.
[forge2] Chat: livia: All systems nominal.
[forge2] Chat: marcus: Reporting in.
[forge2] Chat: julia: Tick 9600.
[forge2] Chat: titus: Reporting in.
[forge2] Chat: julius: Reporting in.
[forge2] Chat: livia: Standing by.
[forge2] Chat: marcus: Standing by.
[forge2] Chat: julia: Reporting in.
[forge2] Chat: titus: All systems nominal.
[forge2] Chat: julius: Reporting in.
[forge2] Chat: livia: Tick 9612.
[forge2] Chat: marcus: Reporting in.
[forge2] Chat: julia: All systems nominal.
[forge2] Chat: titus: Reporting in.
[forge2] Chat: julius: All systems nominal.
[forge2] Chat: livia: Tick 9624.
[forge2] Chat: marcus: Reporting in.
[forge2] Chat: julia: Reporting in.
[forge2] Chat: titus: Tick 9636.
[forge2] Chat: julius: Reporting in.
[forge2] Chat: livia: Tick 9636.
[forge2] Chat: marcus: Tick 9648.
[forge2] Chat: julia: Tick 9648.
[forge2] Chat: titus: All systems nominal.
[forge2] Chat: julius: All systems nominal.
[forge2] Chat: livia: Standing by.
[forge2] Chat: marcus: Reporting in.
[forge2] Chat: julia: Reporting in.
[forge2] Chat: titus: Standing by.
[forge2] Chat: julius: Reporting in.
[forge2] Chat: livia: All systems nominal.
[forge2] Chat: marcus: Tick 9672.
[forge2] Chat: julia: Standing by.
[forge2] Chat: titus: All systems nominal.
[forge2] Chat: julius: Reporting in.
[forge2] Chat: livia: Reporting in.
[forge2] Chat: marcus: Standing by.
[forge2] Chat: julia: Reporting in.
[forge2] Chat: titus: Tick 9684.
[forge2] Chat: julius: Tick 9684.
[forge2] Chat: livia: All systems nominal.
[forge2] Chat: marcus: Tick 9696.
[forge2] Chat: julia: Standing by.
[forge2] Chat: titus: All systems nominal.
[forge2] Chat: julius: All systems nominal.
[forge2] Chat: livia: All systems nominal.
[forge2] Chat: marcus: Reporting in.
[forge2] Chat: julia: Tick 9708.
[forge2] Chat: titus: All systems nominal.
[forge2] Chat: julius: Standing by.
[forge2] Chat: livia: Standing by.
[forge2] Chat: marcus: Tick 9720.
[forge2] Chat: julia: Standing by.
[forge2] Chat: titus: Reporting in.
[forge2] Chat: julius: Reporting in.
[forge2] Chat: livia: Standing by.
[forge2] Chat: marcus: All systems nominal.
[forge2] Chat: julia: Standing by.
[forge2] Chat: titus: All systems nominal.
[forge2] Chat: julius: All systems nominal.
[forge2] Chat: livia: Reporting in.
[forge2] Chat: marcus: All systems nominal.
[forge2] Chat: julia: Reporting in.
[forge2] Chat: titus: All systems nominal.
[forge2] Chat: julius: Standing by.
[forge2] Chat: livia: Tick 9744.
[forge2] Chat: marcus: Standing by.
[forge2] Chat: julia: Standing by.
[forge2] Chat: titus: Tick 9756.
[forge2] Chat: julius: Reporting in.
[forge2] Chat: livia: All systems nominal.
[forge2] Chat: marcus: Standing by.
[forge2] Chat: julia: Tick 9768.
[forge2] Chat: titus: Standing by.
[forge2] Chat: julius: Standing by.
[forge2] Chat: livia: Reporting in.
[forge2] Chat: marcus: Reporting in.
[forge2] Chat: julia: Standing by.
[forge2] Chat: titus: Tick 9780.
[forge2] Chat: julius: Tick 9780.
[forge2] Chat: livia: Standing by.
[forge2] Chat: marcus: Standing by.
[forge2] Chat: julia: Reporting in.
[forge2] Chat: titus: Reporting in.
[forge2] Chat: julius: Tick 9792.
[forge2] Chat: livia: Reporting in.
[forge2] Chat: marcus: Standing by.
[forge2] Chat: julia: Standing by.
[forge2] Chat: titus: Standing by.
[forge2] Chat: julius: All systems nominal.
[forge2] Chat: livia: All systems nominal.
[forge2] Chat: marcus: All systems nominal.
[forge2] Chat: julia: Tick 9816.
[forge2] Chat: titus: All systems nominal.
[forge2] Chat: julius: All systems nominal.
[forge2] Chat: livia: Standing by.
[forge2] Chat: marcus: Tick 9828.
[forge2] Chat: julia: All systems nominal.
[forge2] Chat: titus: Reporting in.
[forge2] Chat: julius: Reporting in.
[forge2] Chat: livia: Tick 9828.
[forge2] Chat: marcus: All systems nominal.
[forge2] Chat: julia: Standing by.
[forge2] Chat: titus: Tick 9840.
[forge2] Chat: julius: Standing by.
[forge2] Chat: livia: Reporting in.
[forge2] Chat: marcus: Tick 9852.
[forge2] Chat: julia: Tick 9852.
[forge2] Chat: titus: Standing by.
[forge2] Chat: julius: Reporting in.
[forge2] Chat: livia: Standing by.
[forge2] Chat: marcus: Reporting in.
[forge2] Chat: julia: Reporting in.
[forge2] Chat: titus: Standing by.
[forge2] Chat: julius: Tick 9864.
[forge2] Chat: livia: Reporting in.
[forge2] Chat: marcus: Tick 9876.
[forge2] Chat: julia: Tick 9876.
[forge2] Chat: titus: Tick 9876.
[forge2] Chat: julius: All systems nominal.
[forge2] Chat: livia: Standing by.
[forge2] Chat: marcus: Standing by.
[forge2] Chat: julia: Tick 9888.
[forge2] Chat: titus: Tick 9888.
[forge2] Chat: julius: Reporting in.
[forge2] Chat: livia: All systems nominal.
[forge2] Chat: marcus: All systems nominal.
[forge2] Chat: julia: Tick 9900.
[forge2] Chat: titus: All systems nominal.
[forge2] Chat: julius: Tick 9900.
[forge2] Chat: livia: Standing by.
[forge2] Chat: marcus: Standing by.
[forge2] Chat: julia: Standing by.
[forge2] Chat: titus: Reporting in.
[forge2] Chat: julius: Tick 9912.
[forge2] Chat: livia: Standing by.
[forge2] Chat: marcus: Tick 9924.
[forge2] Chat: julia: All systems nominal.
[forge2] Chat: titus: All systems nominal.
[forge2] Chat: julius: Reporting in.
[forge2] Chat: livia: Reporting in.
[forge2] Chat: marcus: Reporting in.
[forge2] Chat: julia: Standing by.
[forge2] Chat: titus: All systems nominal.
[forge2] Chat: julius: Standing by.
[forge2] Chat: livia: Tick 9936.
[forge2] Chat: marcus: All systems nominal.
[forge2] Chat: julia: All systems nominal.
[forge2] Chat: titus: All systems nominal.
[forge2] Chat: julius: Standing by.
[forge2] Chat: livia: Tick 9948.
[forge2] Chat: marcus: All systems nominal.
[forge2] Chat: julia: Standing by.
[forge2] Chat: titus: Tick 9960.
[forge2] Chat: julius: All systems nominal.
[forge2] Chat: livia: Tick 9960.
[forge2] Chat: marcus: Tick 9972.
[forge2] Chat: julia: Tick 9972.
[forge2] Chat: titus: All systems nominal.
[forge2] Chat: julius: All systems nominal.
[forge2] Chat: livia: Standing by.
[forge2] Chat: marcus: Standing by.
[forge2] Chat: julia: Reporting in.
[forge2] Chat: titus: Standing by.
[forge2] Chat: julius: Tick 9984.
[forge2] Chat: livia: Tick 9984.
[forge2] Chat: marcus: Standing by.
[forge2] Chat: julia: Reporting in.
[forge2] Chat: titus: Reporting in.
[forge2] Chat: julius: Reporting in.
[forge2] Chat: livia: Standing by.
[forge2] Chat: marcus: Reporting in.
[forge2] Chat: julia: Standing by.
[forge2] Chat: titus: All systems nominal.
[forge2] Chat: julius: Reporting in.
[forge2] Chat: livia: Standing by.
[forge2] Chat: marcus: Reporting in.
[forge2] Chat: julia: All systems nominal.
[forge2] Chat: titus: All systems nominal.
[forge2] Chat: julius: All systems nominal.
[forge2] Chat: livia: All systems nominal.
[forge2] Chat: marcus: Standing by.
[forge2] Chat: julia: Reporting in.
[forge2] Chat: titus: Reporting in.
[forge2] Chat: julius: Tick 10032.
[forge2] Chat: livia: Reporting in.
[forge2] Chat: marcus: Tick 10044.
[forge2] Chat: julia: Reporting in.
[forge2] Chat: titus: Standing by.
[forge2] Chat: julius: Reporting in.
[forge2] Chat: livia: Standing by.
[forge2] Chat: marcus: Tick 10056.
[forge2] Chat: julia: Standing by.
[forge2] Chat: titus: Standing by.
[forge2] Chat: julius: Reporting in.
[forge2] Chat: livia: All systems nominal.
[forge2] Chat: marcus: Reporting in.
[forge2] Chat: julia: Tick 10068.
[forge2] Chat: titus: Tick 10068.
[forge2] Chat: julius: Standing by.
[forge2] Chat: livia: Reporting in.
[forge2] Chat: marcus: Reporting in.
[forge2] Chat: julia: All systems nominal.
[forge2] Chat: titus: Tick 10080.
[forge2] Chat: julius: Reporting in.
[forge2] Chat: livia: All systems nominal.
[forge2] Chat: marcus: Tick 10092.
[forge2] Chat: julia: Reporting in.
[forge2] Chat: titus: Reporting in.
[forge2] Chat: julius: Reporting in.
[forge2] Chat: livia: All systems nominal.
[forge2] Chat: marcus: All systems nominal.
[forge2] Chat: julia: Reporting in.
[forge2] Chat: titus: All systems nominal.
[forge2] Chat: julius: All systems nominal.
[forge2] Chat: livia: Tick 10104.
[forge2] Chat: marcus: Standing by.
[forge2] Chat: julia: Reporting in.
[forge2] Chat: titus: All systems nominal.
[forge2] Chat: julius: Reporting in.
[forge2] Chat: livia: Standing by.
[forge2] Chat: marcus: All systems nominal.
[forge2] Chat: julia: Reporting in.
[forge2] Chat: titus: All systems nominal.
[forge2] Chat: julius: Reporting in.
[forge2] Chat: livia: Standing by.
[forge2] Chat: marcus: Tick 10140.
[forge2] Chat: julia: Standing by.
[forge2] Chat: titus: Reporting in.
[forge2] Chat: julius: Reporting in.
[forge2] Chat: livia: Reporting in.
[forge2] Chat: marcus: Reporting in.
[forge2] Chat: julia: Standing by.
[forge2] Chat: titus: All systems nominal.
[forge2] Chat: julius: Reporting in.
[forge2] Chat: livia: Standing by.
[forge2] Chat: marcus: Reporting in.
[forge2] Chat: julia: Reporting in.
[forge2] Chat: titus: Standing by.
[forge2] Chat: julius: All systems nominal.
[forge2] Chat: livia: Tick 10164.
[forge2] Chat: marcus: Tick 10176.
[forge2] Chat: julia: All systems nominal.
[forge2] Chat: titus: Tick 10176.
[forge2] Chat: julius: Tick 10176.
[forge2] Chat: livia: Reporting in.
[forge2] Chat: marcus: Reporting in.
[forge2] Chat: julia: Standing by.
[forge2] Chat: titus: Standing by.
[forge2] Chat: julius: All systems nominal.
[forge2] Chat: livia: Reporting in.
[forge2] Chat: marcus: Reporting in.
[forge2] Chat: julia: Reporting in.
[forge2] Chat: titus: Standing by.
[forge2] Chat: julius: Reporting in.
[forge2] Chat: livia: Standing by.
[forge2] Chat: marcus: All systems nominal.
[forge2] Chat: julia: Tick 10212.
[forge2] Chat: titus: All systems nominal.
[forge2] Chat: julius: All systems nominal.
[forge2] Chat: livia: Standing by.
[forge2] Chat: marcus: Reporting in.
[forge2] Chat: julia: All systems nominal.
[forge2] Chat: titus: All systems nominal.
[forge2] Chat: julius: Reporting in.
[forge2] Chat: livia: Tick 10224.
[forge2] Chat: marcus: Tick 10236.
[forge2] Chat: julia: Reporting in.
[forge2] Chat: titus: Tick 10236.
[forge2] Chat: julius: Standing by.
[forge2] Chat: livia: Tick 10236.
[forge2] Chat: marcus: All systems nominal.
[forge2] Chat: titus: Reporting in.
[forge2] Chat: julia: Standing by.
[forge2] Chat: julius: All systems nominal.
[forge2] Chat: livia: All systems nominal.
[forge2] Chat: marcus: Standing by.
[forge2] Chat: titus: Reporting in.
[forge2] Chat: julia: Tick 10260.
[forge2] Chat: julius: Standing by.
[forge2] Chat: livia: Reporting in.
[forge2] Chat: marcus: Tick 10272.
[forge2] Chat: titus: Reporting in.
[forge2] Chat: julia: Standing by.
[forge2] Chat: julius: Reporting in.
[forge2] Chat: livia: All systems nominal.
[forge2] Chat: marcus: Standing by.
[forge2] Chat: titus: Reporting in.
[forge2] Chat: julia: All systems nominal.
[forge2] Chat: julius: All systems nominal.
[forge2] Chat: livia: All systems nominal.
[forge2] Chat: marcus: Standing by.
[forge2] Chat: titus: Tick 10296.
[forge2] Chat: julia: Standing by.
[forge2] Chat: julius: Standing by.
[forge2] Chat: livia: All systems nominal.
[forge2] Chat: marcus: Standing by.
[forge2] Chat: titus: Reporting in.
[forge2] Chat: julia: Tick 10308.
[forge2] Chat: julius: All systems nominal.
[forge2] Chat: livia: Tick 10308.
[forge2] Chat: marcus: Reporting in.
[forge2] Chat: titus: Tick 10320.
[forge2] Chat: julia: Reporting in.
[forge2] Chat: julius: Tick 10320.
[forge2] Chat: livia: Standing by.
[forge2] Chat: marcus: Reporting in.
[forge2] Chat: titus: Standing by.
[forge2] Chat: julia: Standing by.
[forge2] Chat: julius: Standing by.
[forge2] Chat: livia: All systems nominal.
[forge2] Chat: marcus: Tick 10344.
[forge2] Chat: titus: Standing by.
[forge2] Chat: julia: Standing by.
[forge2] Chat: julius: Standing by.
[forge2] Chat: livia: Tick 10344.
[forge2] Chat: marcus: Tick 10356.
[forge2] Chat: titus: All systems nominal.
[forge2] Chat: julia: Standing by.
[forge2] Chat: julius: All systems nominal.
[forge2] Chat: livia: Tick 10356.
[forge2] Chat: marcus: Standing by.
[forge2] Chat: titus: Tick 10368.
[forge2] Chat: julia: Standing by.
[forge2] Chat: julius: All systems nominal.
[forge2] Chat: livia: Tick 10368.
[forge2] Chat: marcus: Tick 10380.
[forge2] Chat: titus: Standing by.
[forge2] Chat: julia: All systems nominal.
[forge2] Chat: julius: Reporting in.
[forge2] Chat: livia: Tick 10380.
[forge2] Chat: marcus: Reporting in.
[forge2] Chat: titus: Reporting in.
[forge2] Chat: julia: Tick 10392.
[forge2] Chat: julius: Standing by.
[forge2] Chat: livia: Standing by.
[forge2] Chat: marcus: Reporting in.
[forge2] Chat: titus: Standing by.
[forge2] Chat: julia: Standing by.
[forge2] Chat: julius: Tick 10404.
[forge2] Chat: livia: Standing by.
[forge2] Chat: marcus: All systems nominal.
[forge2] Chat: titus: All systems nominal.
[forge2] Chat: julia: Tick 10416.
[forge2] Chat: julius: Standing by.
[forge2] Chat: livia: Reporting in.
[forge2] Chat: marcus: Standing by.
[forge2] Chat: titus: Standing by.
[forge2] Chat: julia: Tick 10428.
[forge2] Chat: julius: Tick 10428.
[forge2] Chat: livia: Tick 10428.
[forge2] Chat: marcus: All systems nominal.
[forge2] Chat: titus: Standing by.
[forge2] Chat: julia: Standing by.
[forge2] Chat: julius: Reporting in.
[forge2] Chat: livia: Standing by.
[forge2] Chat: marcus: Reporting in.
[forge2] Chat: titus: All systems nominal.
[forge2] Chat: julia: Tick 10452.
[forge2] Chat: julius: All systems nominal.
[forge2] Chat: livia: Tick 10452.
[forge2] Chat: marcus: Tick 10464.
[forge2] Chat: titus: Tick 10464.
[forge2] Chat: julia: Reporting in.
[forge2] Chat: julius: Tick 10464.
[forge2] Chat: livia: All systems nominal.
[forge2] Chat: marcus: Reporting in.
[forge2] Chat: titus: Reporting in.
[forge2] Chat: julia: Standing by.
[forge2] Chat: julius: Tick 10476.
[forge2] Chat: livia: Reporting in.
[forge2] Chat: marcus: All systems nominal.
[forge2] Chat: titus: All systems nominal.
[forge2] Chat: julia: Standing by.
[forge2] Chat: julius: Standing by.
[forge2] Chat: livia: Reporting in.
[forge2] Chat: marcus: Reporting in.
[forge2] Chat: titus: Standing by.
[forge2] Chat: julia: All systems nominal.
[forge2] Chat: julius: Reporting in.
[forge2] Chat: livia: All systems nominal.
[forge2] Chat: marcus: All systems nominal.
[forge2] Chat: titus: Standing by.
[forge2] Chat: julia: Reporting in.
[forge2] Chat: julius: All systems nominal.
[forge2] Chat: livia: All systems nominal.
[forge2] Chat: marcus: Reporting in.
[forge2] Chat: titus: All systems nominal.
[forge2] Chat: julia: Standing by.
[forge2] Chat: julius: All systems nominal.
[forge2] Chat: livia: Standing by.
[forge2] Chat: marcus: Standing by.
[forge2] Chat: titus: All systems nominal.
[forge2] Chat: julia: Tick 10536.
[forge2] Chat: julius: Reporting in.
[forge2] Chat: livia: Tick 10536.
[forge2] Chat: marcus: All systems nominal.
[forge2] Chat: titus: Standing by.
[forge2] Chat: julia: Standing by.
[forge2] Chat: julius: Reporting in.
[forge2] Chat: livia: Reporting in.
[forge2] Chat: marcus: Standing by.
[forge2] Chat: titus: All systems nominal.
[forge2] Chat: julia: All systems nominal.
[forge2] Chat: julius: Reporting in.
[forge2] Chat: livia: Tick 10560.
[forge2] Chat: marcus: Reporting in.
[forge2] Chat: titus: Tick 10572.
[forge2] Chat: julia: Tick 10572.
[forge2] Chat: julius: Standing by.
[forge2] Chat: livia: Tick 10572.
[forge2] Chat: marcus: Reporting in.
[forge2] Chat: titus: All systems nominal.
[forge2] Chat: julia: Tick 10584.
[forge2] Chat: julius: Reporting in.
[forge2] Chat: livia: Tick 10584.
[forge2] Chat: marcus: Tick 10596.
[forge2] Chat: titus: Tick 10596.
[forge2] Chat: julia: Standing by.
[forge2] Chat: julius: Standing by.
[forge2] Chat: livia: Tick 10596.
[forge2] Chat: marcus: Standing by.
[forge2] Chat: titus: Tick 10608.
[forge2] Chat: julia: All systems nominal.
[forge2] Chat: julius: All systems nominal.
[forge2] Chat: livia: All systems nominal.
[forge2] Chat: marcus: All systems nominal.
[forge2] Chat: titus: Reporting in.
[forge2] Chat: julia: Tick 10620.
[forge2] Chat: julius: Tick 10620.
[forge2] Chat: livia: Tick 10620.
[forge2] Chat: marcus: All systems nominal.
[forge2] Chat: titus: All systems nominal.
[forge2] Chat: julia: All systems nominal.
[forge2] Chat: julius: Reporting in.
[forge2] Chat: livia: Reporting in.
[forge2] Chat: marcus: All systems nominal.
[forge2] Chat: titus: Tick 10644.
[forge2] Chat: julia: Tick 10644.
[forge2] Chat: julius: All systems nominal.
[forge2] Chat: livia: Tick 10644.
[forge2] Chat: marcus: All systems nominal.
[forge2] Chat: titus: Reporting in.
[forge2] Chat: julia: Tick 10656.
[forge2] Chat: julius: Standing by.
[forge2] Chat: livia: Reporting in.
[forge2] Chat: marcus: Tick 10668.
[forge2] Chat: titus: Reporting in.
[forge2] Chat: julia: Reporting in.
[forge2] Chat: julius: Reporting in.
[forge2] Chat: livia: Reporting in.
[forge2] Chat: marcus: Reporting in.
[forge2] Chat: titus: Tick 10680.
[forge2] Chat: julia: Standing by.
[forge2] Chat: julius: Standing by.
[forge2] Chat: livia: Standing by.
[forge2] Chat: marcus: Reporting in.
[forge2] Chat: titus: All systems nominal.
[forge2] Chat: julia: Standing by.
[forge2] Chat: julius: Standing by.
[forge2] Chat: livia: Reporting in.
[forge2] Chat: marcus: Standing by.
[forge2] Chat: titus: Tick 10704.
[forge2] Chat: julia: Standing by.
[forge2] Chat: julius: All systems nominal.
[forge2] Chat: livia: All systems nominal.
[forge2] Chat: marcus: Tick 10716.
[forge2] Chat: titus: Tick 10716.
[forge2] Chat: julia: Tick 10716.
[forge2] Chat: julius: Standing by.
[forge2] Chat: livia: All systems nominal.
[forge2] Chat: marcus: Tick 10728.
[forge2] Chat: titus: Standing by.
[forge2] Chat: julia: Tick 10728.
[forge2] Chat: julius: Standing by.
[forge2] Chat: livia: All systems nominal.
[forge2] Chat: marcus: Standing by.
[forge2] Chat: titus: Standing by.
[forge2] Chat: julia: Reporting in.
[forge2] Chat: julius: Standing by.
[forge2] Chat: livia: Standing by.
[forge2] Chat: marcus: Tick 10752.
[forge2] Chat: titus: All systems nominal.
[forge2] Chat: julia: Reporting in.
[forge2] Chat: julius: All systems nominal.
[forge2] Chat: livia: Tick 10752.
[forge2] Chat: marcus: All systems nominal.
[forge2] Chat: titus: Tick 10764.
[forge2] Chat: julia: All systems nominal.
[forge2] Chat: julius: Standing by.
[forge2] Chat: livia: Standing by.
[forge2] Chat: marcus: All systems nominal.
[forge2] Chat: titus: Tick 10776.
[forge2] Chat: julia: Standing by.
[forge2] Chat: julius: Standing by.
[forge2] Chat: livia: Tick 10776.
[forge2] Chat: marcus: Tick 10788.
[forge2] Chat: titus: Standing by.
[forge2] Chat: julia: Tick 10788.
[forge2] Chat: julius: Tick 10788.
[forge2] Chat: livia: Standing by.
[forge2] Chat: marcus: All systems nominal.
[forge2] Chat: titus: Reporting in.
[forge2] Chat: julia: Tick 10800.
[forge2] Chat: julius: Reporting in.
[forge2] Chat: livia: Standing by.
[forge2] Chat: marcus: Standing by.
[forge2] Chat: titus: Tick 10812.
[forge2] Chat: julia: Tick 10812.
[forge2] Chat: julius: Reporting in.
[forge2] Chat: livia: Reporting in.
[forge2] Chat: marcus: Standing by.
[forge2] Chat: titus: Standing by.
[forge2] Chat: julia: Standing by.
[forge2] Chat: julius: Reporting in.
[forge2] Chat: livia: Standing by.
[forge2] Chat: marcus: Reporting in.
[forge2] Chat: titus: Reporting in.
[forge2] Chat: julia: Tick 10836.
[forge2] Chat: julius: Tick 10836.
[forge2] Chat: livia: Reporting in.
[forge2] Chat: marcus: All systems nominal.
[forge2] Chat: titus: All systems nominal.
[forge2] Chat: julia: Reporting in.
[forge2] Chat: julius: Standing by.
[forge2] Chat: livia: Reporting in.
[forge2] Chat: marcus: Standing by.
[forge2] Chat: titus: All systems nominal.
[forge2] Chat: julia: Standing by.
[forge2] Chat: julius: Reporting in.
[forge2] Chat: livia: Standing by.
[forge2] Chat: marcus: All systems nominal.
[forge2] Chat: titus: All systems nominal.
[forge2] Chat: julia: All systems nominal.
[forge2] Chat: julius: Tick 10872.
[forge2] Chat: livia: Reporting in.
[forge2] Chat: marcus: Reporting in.
[forge2] Chat: titus: All systems nominal.
[forge2] Chat: julia: All systems nominal.
[forge2] Chat: julius: All systems nominal.
[forge2] Chat: livia: Reporting in.
[forge2] Chat: marcus: Standing by.
[forge2] Chat: titus: Reporting in.
[forge2] Chat: julia: All systems nominal.
[forge2] Chat: julius: Reporting in.
[forge2] Chat: livia: All systems nominal.
[forge2] Chat: marcus: Reporting in.
[forge2] Chat: titus: Tick 10908.
[forge2] Chat: julia: Standing by.
[forge2] Chat: julius: Tick 10908.
[forge2] Chat: livia: All systems nominal.
[forge2] Chat: marcus: All systems nominal.
[forge2] Chat: titus: Reporting in.
[forge2] Chat: julia: Tick 10920.
[forge2] Chat: julius: All systems nominal.
[forge2] Chat: livia: All systems nominal.
[forge2] Chat: marcus: Reporting in.
[forge2] Chat: titus: Standing by.
[forge2] Chat: julia: All systems nominal.
[forge2] Chat: julius: All systems nominal.
[forge2] Chat: livia: Tick 10932.
[forge2] Chat: marcus: Standing by.
[forge2] Chat: titus: Tick 10944.
[forge2] Chat: julia: Tick 10944.
[forge2] Chat: julius: All systems nominal.
[forge2] Chat: livia: Tick 10944.
[forge2] Chat: marcus: All systems nominal.
[forge2] Chat: titus: Reporting in.
[forge2] Chat: julia: Tick 10956.
[forge2] Chat: julius: Reporting in.
[forge2] Chat: livia: All systems nominal.
[forge2] Chat: marcus: Standing by.
[forge2] Chat: titus: Standing by.
[forge2] Chat: julia: Standing by.
[forge2] Chat: julius: Reporting in.
[forge2] Chat: livia: All systems nominal.
[forge2] Chat: marcus: All systems nominal.
[forge2] Chat: titus: Tick 10980.
[forge2] Chat: julia: All systems nominal.
[forge2] Chat: julius: Reporting in.
[forge2] Chat: livia: Standing by.
[forge2] Chat: marcus: All systems nominal.
[forge2] Chat: titus: Standing by.
[forge2] Chat: julia: Reporting in.
[forge2] Chat: julius: Reporting in.
[forge2] Chat: livia: Tick 10992.
[forge2] Chat: marcus: All systems nominal.
[forge2] Chat: titus: Standing by.
[forge2] Chat: julia: Standing by.
[forge2] Chat: julius: All systems nominal.
[forge2] Chat: livia: Reporting in.
[forge2] Chat: marcus: Tick 11016.
[forge2] Chat: titus: All systems nominal.
[forge2] Chat: julia: Tick 11016.
[forge2] Chat: julius: Reporting in.
[forge2] Chat: livia: Tick 11016.
[forge2] Chat: marcus: Standing by.
[forge2] Chat: titus: Reporting in.
[forge2] Chat: julia: Reporting in.
[forge2] Chat: julius: Tick 11028.
[forge2] Chat: livia: All systems nominal.
[forge2] Chat: marcus: Tick 11040.
[forge2] Chat: titus: Standing by.
[forge2] Chat: julia: Standing by.
[forge2] Chat: julius: All systems nominal.
[forge2] Chat: livia: Tick 11040.
[forge2] Chat: marcus: Reporting in.
[forge2] Chat: titus: Reporting in.
[forge2] Chat: julia: Reporting in.
[forge2] Chat: julius: All systems nominal.
[forge2] Chat: livia: Tick 11052.
[forge2] Chat: marcus: Standing by.
[forge2] Chat: titus: All systems nominal.
[forge2] Chat: julia: Standing by.
[forge2] Chat: julius: Tick 11064.
[forge2] Chat: livia: Reporting in.
[forge2] Chat: marcus: All systems nominal.
[forge2] Chat: titus: Reporting in.
[forge2] Chat: julia: Standing by.
[forge2] Chat: livia: Tick 11076.
[forge2] Chat: julius: Tick 11076.
[forge2] Chat: marcus: All systems nominal.
[forge2] Chat: titus: Tick 11088.
[forge2] Chat: julia: All systems nominal.
[forge2] Chat: livia: Standing by.
[forge2] Chat: julius: All systems nominal.
[forge2] Chat: marcus: Standing by.
[forge2] Chat: titus: Tick 11100.
[forge2] Chat: julia: Standing by.
[forge2] Chat: livia: Reporting in.
[forge2] Chat: julius: Reporting in.
[forge2] Chat: marcus: Standing by.
[forge2] Chat: titus: Standing by.
[forge2] Chat: julia: All systems nominal.
[forge2] Chat: livia: Reporting in.
[forge2] Chat: julius: All systems nominal.
[forge2] Chat: marcus: Standing by.
[forge2] Chat: titus: Standing by.
[forge2] Chat: julia: Reporting in.
[forge2] Chat: livia: Tick 11124.
[forge2] Chat: julius: All systems nominal.
[forge2] Chat: marcus: All systems nominal.
[forge2] Chat: titus: Tick 11136.
[forge2] Chat: julia: Tick 11136.
[forge2] Chat: livia: All systems nominal.
[forge2] Chat: julius: Standing by.
[forge2] Chat: marcus: All systems nominal.
[forge2] Chat: titus: All systems nominal.
[forge2] Chat: julia: Tick 11148.
[forge2] Chat: livia: All systems nominal.
[forge2] Chat: julius: Tick 11148.
[forge2] Chat: marcus: Standing by.
[forge2] Chat: titus: Tick 11160.
[forge2] Chat: julia: Reporting in.
[forge2] Chat: livia: Reporting in.
[forge2] Chat: julius: Standing by.
[forge2] Chat: marcus: Reporting in.
[forge2] Chat: titus: All systems nominal.
[forge2] Chat: julia: Tick 11172.
[forge2] Chat: livia: All systems nominal.
[forge2] Chat: julius: Tick 11172.
[forge2] Chat: marcus: All systems nominal.
[forge2] Chat: titus: Standing by.
[forge2] Chat: julia: Reporting in.
[forge2] Chat: livia: Reporting in.
[forge2] Chat: julius: Standing by.
[forge2] Chat: marcus: Tick 11196.
[forge2] Chat: titus: Tick 11196.
[forge2] Chat: julia: All systems nominal.
[forge2] Chat: livia: Reporting in.
[forge2] Chat: julius: Standing by.
[forge2] Chat: marcus: Reporting in.
[forge2] Chat: titus: Reporting in.
[forge2] Chat: julia: All systems nominal.
[forge2] Chat: livia: Reporting in.
[forge2] Chat: julius: Reporting in.
[forge2] Chat: marcus: All systems nominal.
[forge2] Chat: titus: Tick 11220.
[forge2] Chat: julia: Reporting in.
[forge2] Chat: livia: Standing by.
[forge2] Chat: julius: All systems nominal.
[forge2] Chat: marcus: Standing by.
[forge2] Chat: titus: Reporting in.
[forge2] Chat: julia: All systems nominal.
[forge2] Chat: livia: Standing by.
[forge2] Chat: julius: All systems nominal.
[forge2] Chat: marcus: Standing by.
[forge2] Chat: titus: All systems nominal.
[forge2] Chat: julia: Reporting in.
[forge2] Chat: livia: Standing by.
[forge2] Chat: julius: Standing by.
[forge2] Chat: marcus: Tick 11256.
[forge2] Chat: titus: Tick 11256.
[forge2] Chat: julia: Standing by.
[forge2] Chat: livia: Standing by.
[forge2] Chat: julius: Reporting in.
[forge2] Chat: marcus: Reporting in.
[forge2] Chat: titus: Reporting in.
[forge2] Chat: julia: Standing by.
[forge2] Chat: livia: Reporting in.
[forge2] Chat: julius: Reporting in.
[forge2] Chat: marcus: Reporting in.
[forge2] Chat: titus: Standing by.
[forge2] Chat: julia: Reporting in.
[forge2] Chat: livia: Reporting in.
[forge2] Chat: julius: Tick 11280.
[forge2] Chat: marcus: Tick 11292.
[forge2] Chat: titus: Standing by.
[forge2] Chat: julia: Tick 11292.
[forge2] Chat: livia: Reporting in.
[forge2] Chat: julius: Reporting in.
[forge2] Chat: marcus: Reporting in.
[forge2] Chat: titus: Tick 11304.
[forge2] Chat: julia: Standing by.
[forge2] Chat: livia: Tick 11304.
[forge2] Chat: julius: Standing by.
[forge2] Chat: marcus: All systems nominal.
[forge2] Chat: titus: All systems nominal.
[forge2] Chat: julia: Standing by.
[forge2] Chat: livia: Tick 11316.
[forge2] Chat: julius: Reporting in.
[forge2] Chat: marcus: All systems nominal.
[forge2] Chat: titus: Tick 11328.
[forge2] Chat: julia: Standing by.
[forge2] Chat: livia: Tick 11328.
[forge2] Chat: julius: All systems nominal.
[forge2] Chat: marcus: Standing by.
[forge2] Chat: titus: Tick 11340.
[forge2] Chat: julia: Tick 11340.
[forge2] Chat: livia: All systems nominal.
[forge2] Chat: julius: Standing by.
[forge2] Chat: marcus: Tick 11352.
[forge2] Chat: titus: Tick 11352.
[forge2] Chat: julia: Reporting in.
[forge2] Chat: livia: Tick 11352.
[forge2] Chat: julius: Standing by.
[forge2] Chat: marcus: Tick 11364.
[forge2] Chat: titus: Tick 11364.
[forge2] Chat: julia: Tick 11364.
[forge2] Chat: livia: Reporting in.
[forge2] Chat: julius: Tick 11364.
[forge2] Chat: marcus: All systems nominal.
[forge2] Chat: titus: Reporting in.
[forge2] Chat: julia: All systems nominal.
[forge2] Chat: livia: Tick 11376.
[forge2] Chat: julius: Tick 11376.
[forge2] Chat: marcus: Tick 11388.
[forge2] Chat: titus: Tick 11388.
[forge2] Chat: julia: Standing by.
[forge2] Chat: livia: Standing by.
[forge2] Chat: julius: Reporting in.
[forge2] Chat: marcus: Reporting in.
[forge2] Chat: titus: All systems nominal.
[forge2] Chat: julia: Standing by.
[forge2] Chat: livia: Standing by.
[forge2] Chat: julius: Standing by.
[forge2] Chat: marcus: Standing by.
[forge2] Chat: titus: Reporting in.
[forge2] Chat: julia: Standing by.
[forge2] Chat: livia: Reporting in.
[forge2] Chat: julius: Standing by.
[forge2] Chat: marcus: Standing by.
[forge2] Chat: titus: Reporting in.
[forge2] Chat: julia: Standing by.
[forge2] Chat: livia: Reporting in.
[forge2] Chat: julius: Standing by.
[forge2] Chat: marcus: Tick 11436.
[forge2] Chat: titus: All systems nominal.
[forge2] Chat: julia: All systems nominal.
[forge2] Chat: livia: Reporting in.
[forge2] Chat: julius: All systems nominal.
[forge2] Chat: marcus: All systems nominal.
[forge2] Chat: titus: All systems nominal.
[forge2] Chat: julia: Tick 11448.
[forge2] Chat: livia: Standing by.
[forge2] Chat: julius: Reporting in.
[forge2] Chat: marcus: Reporting in.
[forge2] Chat: titus: All systems nominal.
[forge2] Chat: julia: Tick 11460.
[forge2] Chat: livia: Standing by.
[forge2] Chat: julius: Reporting in.
[forge2] Chat: marcus: Tick 11472.
[forge2] Chat: titus: All systems nominal.
[forge2] Chat: julia: Reporting in.
[forge2] Chat: livia: Standing by.
[forge2] Chat: julius: Reporting in.
[forge2] Chat: marcus: Standing by.
[forge2] Chat: titus: Tick 11484.
[forge2] Chat: julia: Tick 11484.
[forge2] Chat: livia: Tick 11484.
[forge2] Chat: julius: Reporting in.
[forge2] Chat: marcus: All systems nominal.
[forge2] Chat: titus: Reporting in.
[forge2] Chat: julia: Standing by.
[forge2] Chat: livia: Reporting in.
[forge2] Chat: julius: Tick 11496.
[forge2] Chat: marcus: Tick 11508.
[forge2] Chat: titus: Standing by.
[forge2] Chat: julia: Tick 11508.
[forge2] Chat: livia: All systems nominal.
[forge2] Chat: julius: Standing by.
[forge2] Chat: marcus: Reporting in.
[forge2] Chat: titus: Reporting in.
[forge2] Chat: julia: All systems nominal.
[forge2] Chat: livia: Tick 11520.
[forge2] Chat: julius: Standing by.
[forge2] Chat: marcus: Standing by.
[forge2] Chat: titus: Tick 11532.
[forge2] Chat: julia: Tick 11532.
[forge2] Chat: livia: All systems nominal.
[forge2] Chat: julius: All systems nominal.
[forge2] Chat: marcus: Tick 11544.
[forge2] Chat: titus: Standing by.
[forge2] Chat: julia: Tick 11544.
[forge2] Chat: livia: Tick 11544.
[forge2] Chat: julius: Tick 11544.
[forge2] Chat: marcus: All systems nominal.
[forge2] Chat: titus: All systems nominal.
[forge2] Chat: julia: Standing by.
[forge2] Chat: livia: All systems nominal.
[forge2] Chat: julius: Reporting in.
[forge2] Chat: marcus: Reporting in.
[forge2] Chat: titus: Standing by.
[forge2] Chat: julia: Standing by.
[forge2] Chat: livia: Reporting in.
[forge2] Chat: julius: Standing by.
[forge2] Chat: marcus: Reporting in.
[forge2] Chat: titus: All systems nominal.
[forge2] Chat: julia: Reporting in.
[forge2] Chat: livia: Reporting in.
[forge2] Chat: julius: Reporting in.
[forge2] Chat: marcus: Standing by.
[forge2] Chat: titus: Tick 11592.
[forge2] Chat: julia: Tick 11592.
[forge2] Chat: livia: Reporting in.
[forge2] Chat: julius: Standing by.
[forge2] Chat: marcus: Standing by.
[forge2] Chat: titus: Reporting in.
[forge2] Chat: julia: All systems nominal.
[forge2] Chat: livia: Tick 11604.
[forge2] Chat: julius: Tick 11604.
[forge2] Chat: marcus: Tick 11616.
[forge2] Chat: titus: Reporting in.
[forge2] Chat: julia: Standing by.
[forge2] Chat: livia: Standing by.
[forge2] Chat: julius: Reporting in.
[forge2] Chat: marcus: Tick 11628.
[forge2] Chat: titus: Reporting in.
[forge2] Chat: julia: Standing by.
[forge2] Chat: livia: Tick 11628.
[forge2] Chat: julius: Standing by.
[forge2] Chat: marcus: All systems nominal.
[forge2] Chat: titus: Standing by.
[forge2] Chat: julia: Tick 11640.
[forge2] Chat: livia: All systems nominal.
[forge2] Chat: julius: Reporting in.
[forge2] Chat: marcus: Tick 11652.
[forge2] Chat: titus: Standing by.
[forge2] Chat: julia: Reporting in.
[forge2] Chat: livia: Standing by.
[forge2] Chat: julius: Reporting in.
[forge2] Chat: marcus: Standing by.
[forge2] Chat: titus: Reporting in.
[forge2] Chat: julia: Standing by.
[forge2] Chat: livia: All systems nominal.
[forge2] Chat: julius: All systems nominal.
[forge2] Chat: marcus: Reporting in.
[forge2] Chat: titus: All systems nominal.
[forge2] Chat: julia: Reporting in.
[forge2] Chat: livia: Reporting in.
[forge2] Chat: julius: Standing by.
[forge2] Chat: marcus: All systems nominal.
[forge2] Chat: titus: Standing by.
[forge2] Chat: julia: Standing by.
[forge2] Chat: livia: Reporting in.
[forge2] Chat: julius: Tick 11688.
[forge2] Chat: marcus: Tick 11700.
[forge2] Chat: titus: Tick 11700.
[forge2] Chat: julia: All systems nominal.
[forge2] Chat: livia: Tick 11700.
[forge2] Chat: julius: Tick 11700.
[forge2] Chat: marcus: Standing by.
[forge2] Chat: titus: Reporting in.
[forge2] Chat: julia: All systems nominal.
[forge2] Chat: livia: All systems nominal.
[forge2] Chat: julius: Standing by.
[forge2] Chat: marcus: All systems nominal.
[forge2] Chat: titus: Tick 11724.
[forge2] Chat: julia: Reporting in.
[forge2] Chat: livia: Standing by.
[forge2] Chat: julius: Standing by.
[forge2] Chat: marcus: Tick 11736.
[forge2] Chat: titus: All systems nominal.
[forge2] Chat: julia: Reporting in.
[forge2] Chat: livia: Tick 11736.
[forge2] Chat: julius: All systems nominal.
[forge2] Chat: marcus: Tick 11748.
[forge2] Chat: titus: Standing by.
[forge2] Chat: julia: Standing by.
[forge2] Chat: livia: Standing by.
[forge2] Chat: julius: All systems nominal.
[forge2] Chat: marcus: Standing by.
[forge2] Chat: titus: All systems nominal.
[forge2] Chat: julia: All systems nominal.
[forge2] Chat: livia: Standing by.
[forge2] Chat: julius: Reporting in.
[forge2] Chat: marcus: Tick 11772.
[forge2] Chat: titus: All systems nominal.
[forge2] Chat: julia: All systems nominal.
[forge2] Chat: livia: Reporting in.
[forge2] Chat: julius: Tick 11772.
[forge2] Chat: marcus: All systems nominal.
[forge2] Chat: titus: Standing by.
[forge2] Chat: julia: Reporting in.
[forge2] Chat: livia: Tick 11784.
[forge2] Chat: julius: Reporting in.
[forge2] Chat: marcus: All systems nominal.
[forge2] Chat: titus: Reporting in.
[forge2] Chat: julia: Standing by.
[forge2] Chat: livia: All systems nominal.
[forge2] Chat: julius: Reporting in.
[forge2] Chat: marcus: Reporting in.
[forge2] Chat: titus: Tick 11808.
[forge2] Chat: julia: All systems nominal.
[forge2] Chat: livia: All systems nominal.
[forge2] Chat: julius: Standing by.
[forge2] Chat: marcus: Tick 11820.
[forge2] Chat: titus: All systems nominal.
[forge2] Chat: julia: Tick 11820.
[forge2] Chat: livia: Tick 11820.
[forge2] Chat: julius: Reporting in.
[forge2] Chat: marcus: Standing by.
[forge2] Chat: titus: Standing by.
[forge2] Chat: julia: Tick 11832.
[forge2] Chat: livia: Standing by.
[forge2] Chat: julius: Standing by.
[forge2] Chat: marcus: Reporting in.
[forge2] Chat: titus: Standing by.
[forge2] Chat: julia: Reporting in.
[forge2] Chat: livia: Tick 11844.
[forge2] Chat: julius: All systems nominal.
[forge2] Chat: marcus: Tick 11856.
[forge2] Chat: titus: Reporting in.
[forge2] Chat: julia: Reporting in.
[forge2] Chat: livia: Reporting in.
[forge2] Chat: julius: Tick 11856.
[forge2] Chat: marcus: Tick 11868.
[forge2] Chat: titus: Reporting in.
[forge2] Chat: julia: Tick 11868.
[forge2] Chat: livia: Tick 11868.
[forge2] Chat: julius: Reporting in.
[forge2] Chat: marcus: Reporting in.
[forge2] Chat: titus: Tick 11880.
[forge2] Chat: julia: Tick 11880.
[forge2] Chat: livia: Standing by.
[forge2] Chat: julius: All systems nominal.
[forge2] Chat: marcus: Standing by.
[forge2] Chat: titus: Tick 11892.
[forge2] Chat: julia: All systems nominal.
[forge2] Chat: livia: Standing by.
[forge2] Chat: julius: All systems nominal.
[forge2] Chat: marcus: All systems nominal.
[forge2] Chat: titus: Standing by.
[forge2] Chat: julia: All systems nominal.
[forge2] Chat: livia: Reporting in.
[forge2] Chat: julius: Standing by.
[forge2] Chat: marcus: Reporting in.
[forge2] Chat: titus: Reporting in.
[forge2] Chat: julia: Reporting in.
[forge2] Chat: livia: All systems nominal.
[forge2] Chat: julius: Standing by.
[forge2] Chat: marcus: All systems nominal.
[forge2] Chat: titus: Tick 11928.
[forge2] Chat: julia: Reporting in.
[forge2] Chat: livia: Tick 11928.
[forge2] Chat: julius: Reporting in.
[forge2] Chat: marcus: All systems nominal.
[forge2] Chat: titus: Reporting in.
[forge2] Chat: julia: All systems nominal.
[forge2] Chat: livia: Reporting in.
[forge2] Chat: julius: Tick 11940.
[forge2] Chat: marcus: Reporting in.
[forge2] Chat: titus: Standing by.
[forge2] Chat: julia: Reporting in.
[forge2] Chat: livia: Reporting in.
[forge2] Chat: julius: All systems nominal.
[forge2] Chat: marcus: All systems nominal.
[forge2] Chat: titus: Tick 11964.
[forge2] Chat: julia: All systems nominal.
[forge2] Chat: livia: Tick 11964.
[forge2] Chat: julius: Tick 11964.
[forge2] Chat: marcus: Reporting in.
[forge2] Chat: titus: Tick 11976.
[forge2] Chat: julia: Tick 11976.
[forge2] Chat: livia: Standing by.
[forge2] Chat: julius: Standing by.
[forge2] Chat: marcus: All systems nominal.
[forge2] Chat: titus: Tick 11988.
[forge2] Chat: julia: Reporting in.
[forge2] Chat: livia: Tick 11988.
[forge2] Chat: julius: Tick 11988.
[forge2] Chat: marcus: Reporting in.
[forge2] Chat: titus: All systems nominal.
[forge2] Chat: julia: Tick 12000.
[forge2] Chat: livia: Reporting in.
[forge2] Chat: julius: Standing by.
[forge2] Chat: marcus: All systems nominal.
[forge2] Chat: titus: All systems nominal.
[forge2] Chat: julia: Reporting in.
[forge2] Chat: livia: Tick 12012.
[forge2] Chat: julius: All systems nominal.
[forge2] Chat: marcus: All systems nominal.
[forge2] Chat: titus: Standing by.
[forge2] Chat: julia: Reporting in.
[forge2] Chat: livia: Reporting in.
[forge2] Chat: julius: Reporting in.
[forge2] Chat: marcus: All systems nominal.
[forge2] Chat: titus: Standing by.
[forge2] Chat: julia: Standing by.
[forge2] Chat: livia: Standing by.
[forge2] Chat: julius: Standing by.
[forge2] Chat: marcus: Standing by.
[forge2] Chat: titus: Reporting in.
[forge2] Chat: julia: Standing by.
[forge2] Chat: livia: Standing by.
[forge2] Chat: julius: Standing by.
[forge2] Chat: marcus: Tick 12060.
[forge2] Chat: titus: Tick 12060.
[forge2] Chat: julia: Reporting in.
[forge2] Chat: livia: Standing by.
[forge2] Chat: julius: Reporting in.
[forge2] Chat: marcus: Tick 12072.
[forge2] Chat: titus: Tick 12072.
[forge2] Chat: julia: All systems nominal.
[forge2] Chat: livia: Reporting in.
[forge2] Chat: julius: All systems nominal.
[forge2] Chat: marcus: Standing by.
[forge2] Chat: titus: All systems nominal.
[forge2] Chat: julia: Standing by.
[forge2] Chat: livia: Reporting in.
[forge2] Chat: julius: All systems nominal.
[forge2] Chat: marcus: All systems nominal.
[forge2] Chat: titus: Reporting in.
[forge2] Chat: julia: Standing by.
[forge2] Chat: livia: All systems nominal.
[forge2] Chat: julius: Standing by.
[forge2] Chat: marcus: All systems nominal.
[forge2] Chat: titus: Standing by.
[forge2] Chat: julia: Reporting in.
[forge2] Chat: livia: Standing by.
[forge2] Chat: julius: All systems nominal.
[forge2] Chat: marcus: Tick 12120.
[forge2] Chat: titus: Tick 12120.
[forge2] Chat: julia: Reporting in.
[forge2] Chat: livia: Standing by.
[forge2] Chat: julius: Standing by.
[forge2] Chat: marcus: Tick 12132.
[forge2] Chat: titus: Tick 12132.
[forge2] Chat: julia: All systems nominal.
[forge2] Chat: livia: Tick 12132.
[forge2] Chat: julius: Reporting in.
[forge2] Chat: marcus: Standing by.
[forge2] Chat: titus: Reporting in.
[forge2] Chat: julia: Tick 12144.
[forge2] Chat: livia: All systems nominal.
[forge2] Chat: julius: All systems nominal.
[forge2] Chat: marcus: All systems nominal.
[forge2] Chat: titus: Standing by.
[forge2] Chat: julia: Standing by.
[forge2] Chat: livia: Standing by.
[forge2] Chat: julius: Reporting in.
[forge2] Chat: marcus: All systems nominal.
[forge2] Chat: titus: All systems nominal.
[forge2] Chat: julia: Tick 12168.
[forge2] Chat: livia: Standing by.
[forge2] Chat: julius: All systems nominal.
[forge2] Chat: marcus: All systems nominal.
[forge2] Chat: titus: Reporting in.
[forge2] Chat: julia: All systems nominal.
[forge2] Chat: livia: Standing by.
[forge2] Chat: julius: Reporting in.
[forge2] Chat: marcus: Reporting in.
[forge2] Chat: titus: Tick 12192.
[forge2] Chat: julia: Standing by.
[forge2] Chat: livia: Tick 12192.
[forge2] Chat: julius: Reporting in.
[forge2] Chat: marcus: Tick 12204.
[forge2] Chat: titus: Tick 12204.
[forge2] Chat: julia: Reporting in.
[forge2] Chat: livia: Standing by.
[forge2] Chat: julius: Reporting in.
[forge2] Chat: marcus: Reporting in.
[forge2] Chat: titus: Reporting in.
[forge2] Chat: julia: Standing by.
[forge2] Chat: livia: Reporting in.
[forge2] Chat: julius: Tick 12216.
[forge2] Chat: marcus: Reporting in.
[forge2] Chat: titus: Standing by.
[forge2] Chat: julia: Tick 12228.
[forge2] Chat: livia: All systems nominal.
[forge2] Chat: julius: Standing by.
[forge2] Chat: marcus: All systems nominal.
[forge2] Chat: titus: Reporting in.
[forge2] Chat: julia: Reporting in.
[forge2] Chat: livia: Tick 12240.
[forge2] Chat: marcus: Reporting in.
[forge2] Chat: julius: Standing by.
[forge2] Chat: titus: Tick 12252.
[forge2] Chat: julia: Tick 12252.
[forge2] Chat: livia: Standing by.
[forge2] Chat: marcus: Standing by.
[forge2] Chat: julius: All systems nominal.
[forge2] Chat: titus: All systems nominal.
[forge2] Chat: julia: Standing by.
[forge2] Chat: livia: Reporting in.
[forge2] Chat: marcus: Tick 12276.
[forge2] Chat: julius: Standing by.
[forge2] Chat: titus: All systems nominal.
[forge2] Chat: julia: Tick 12276.
[forge2] Chat: livia: Reporting in.
[forge2] Chat: marcus: Standing by.
[forge2] Chat: julius: Reporting in.
[forge2] Chat: titus: Standing by.
[forge2] Chat: julia: Tick 12288.
[forge2] Chat: livia: Reporting in.
[forge2] Chat: marcus: Tick 12300.
[forge2] Chat: julius: Standing by.
[forge2] Chat: titus: Tick 12300.
[forge2] Chat: julia: Tick 12300.
[forge2] Chat: livia: Standing by.
[forge2] Chat: marcus: Tick 12312.
[forge2] Chat: julius: Reporting in.
[forge2] Chat: titus: All systems nominal.
[forge2] Chat: julia: Standing by.
[forge2] Chat: livia: Tick 12312.
[forge2] Chat: marcus: All systems nominal.
[forge2] Chat: julius: Reporting in.
[forge2] Chat: titus: Standing by.
[forge2] Chat: julia: All systems nominal.
[forge2] Chat: livia: Tick 12324.
[forge2] Chat: marcus: Reporting in.
[forge2] Chat: julius: All systems nominal.
[forge2] Chat: titus: All systems nominal.
[forge2] Chat: julia: Tick 12336.
[forge2] Chat: livia: Reporting in.
[forge2] Chat: marcus: Tick 12348.
[forge2] Chat: julius: Tick 12336.
[forge2] Chat: titus: All systems nominal.
[forge2] Chat: julia: Standing by.
[forge2] Chat: livia: Reporting in.
[forge2] Chat: marcus: Reporting in.
[forge2] Chat: julius: Tick 12348.
[forge2] Chat: titus: Reporting in.
[forge2] Chat: julia: Reporting in.
[forge2] Chat: livia: Standing by.
[forge2] Chat: marcus: Tick 12372.
[forge2] Chat: julius: All systems nominal.
[forge2] Chat: titus: Tick 12372.
[forge2] Chat: julia: All systems nominal.
[forge2] Chat: livia: All systems nominal.
[forge2] Chat: marcus: All systems nominal.
[forge2] Chat: julius: All systems nominal.
[forge2] Chat: titus: All systems nominal.
[forge2] Chat: julia: Standing by.
[forge2] Chat: livia: Tick 12384.
[forge2] Chat: marcus: Reporting in.
[forge2] Chat: julius: Tick 12384.
[forge2] Chat: titus: Tick 12396.
[forge2] Chat: julia: Tick 12396.
[forge2] Chat: livia: All systems nominal.
[forge2] Chat: marcus: All systems nominal.
[forge2] Chat: julius: Standing by.
[forge2] Chat: titus: Tick 12408.
[forge2] Chat: julia: Standing by.
[forge2] Chat: livia: Tick 12408.
[forge2] Chat: marcus: Standing by.
[forge2] Chat: julius: Reporting in.
[forge2] Chat: titus: Standing by.
[forge2] Chat: julia: All systems nominal.
[forge2] Chat: livia: All systems nominal.
[forge2] Chat: marcus: Standing by.
[forge2] Chat: julius: Tick 12420.
[forge2] Chat: titus: Standing by.
[forge2] Chat: julia: All systems nominal.
[forge2] Chat: livia: Reporting in.
[forge2] Chat: marcus: Reporting in.
[forge2] Chat: julius: Standing by.
[forge2] Chat: titus: Standing by.
[forge2] Chat: julia: All systems nominal.
[forge2] Chat: livia: Reporting in.
[forge2] Chat: marcus: Standing by.
[forge2] Chat: julius: Reporting in.
[forge2] Chat: titus: Standing by.
[forge2] Chat: julia: All systems nominal.
[forge2] Chat: livia: Standing by.
[forge2] Chat: marcus: Reporting in.
[forge2] Chat: julius: All systems nominal.
[forge2] Chat: titus: Reporting in.
[forge2] Chat: julia: Standing by.
[forge2] Chat: livia: Reporting in.
[forge2] Chat: marcus: Reporting in.
[forge2] Chat: julius: Reporting in.
[forge2] Chat: titus: Reporting in.
[forge2] Chat: julia: Tick 12480.
[forge2] Chat: livia: Reporting in.
[forge2] Chat: marcus: Reporting in.
[forge2] Chat: julius: Reporting in.
[forge2] Chat: titus: Standing by.
[forge2] Chat: julia: Tick 12492.
[forge2] Chat: livia: Tick 12492.
[forge2] Chat: marcus: Reporting in.
[forge2] Chat: julius: All systems nominal.
[forge2] Chat: titus: Reporting in.
[forge2] Chat: julia: Reporting in.
[forge2] Chat: livia: All systems nominal.
[forge2] Chat: marcus: Standing by.
[forge2] Chat: julius: Reporting in.
[forge2] Chat: titus: All systems nominal.
[forge2] Chat: julia: Tick 12516.
[forge2] Chat: livia: All systems nominal.
[forge2] Chat: marcus: Tick 12528.
[forge2] Chat: julius: Tick 12516.
[forge2] Chat: titus: All systems nominal.
[forge2] Chat: julia: Reporting in.
[forge2] Chat: livia: Reporting in.
[forge2] Chat: marcus: Tick 12540.
[forge2] Chat: julius: Reporting in.
[forge2] Chat: titus: All systems nominal.
[forge2] Chat: julia: Reporting in.
[forge2] Chat: livia: Standing by.
[forge2] Chat: marcus: All systems nominal.
[forge2] Chat: julius: All systems nominal.
[forge2] Chat: titus: All systems nominal.
[forge2] Chat: julia: Standing by.
[forge2] Chat: livia: Tick 12552.
[forge2] Chat: marcus: Reporting in.
[forge2] Chat: julius: All systems nominal.
[forge2] Chat: titus: Tick 12564.
[forge2] Chat: julia: Tick 12564.
[forge2] Chat: livia: All systems nominal.
[forge2] Chat: marcus: Standing by.
[forge2] Chat: julius: Tick 12564.
[forge2] Chat: titus: All systems nominal.
[forge2] Chat: julia: Reporting in.
[forge2] Chat: livia: All systems nominal.
[forge2] Chat: marcus: Standing by.
[forge2] Chat: julius: Tick 12576.
[forge2] Chat: titus: Reporting in.
[forge2] Chat: julia: All systems nominal.
[forge2] Chat: livia: Standing by.
[forge2] Chat: marcus: Standing by.
[forge2] Chat: julius: Reporting in.
[forge2] Chat: titus: Tick 12600.
[forge2] Chat: julia: Standing by.
[forge2] Chat: livia: Standing by.
[forge2] Chat: marcus: All systems nominal.
[forge2] Chat: julius: Reporting in.
[forge2] Chat: titus: Tick 12612.
[forge2] Chat: julia: Reporting in.
[forge2] Chat: livia: Standing by.
[forge2] Chat: marcus: Tick 12624.
[forge2] Chat: julius: All systems nominal.
[forge2] Chat: titus: Reporting in.
[forge2] Chat: julia: Reporting in.
[forge2] Chat: livia: Tick 12624.
[forge2] Chat: marcus: Tick 12636.
[forge2] Chat: julius: Reporting in.
[forge2] Chat: titus: Tick 12636.
[forge2] Chat: julia: Standing by.
[forge2] Chat: livia: Tick 12636.
[forge2] Chat: marcus: Reporting in.
[forge2] Chat: julius: Reporting in.
[forge2] Chat: titus: All systems nominal.
[forge2] Chat: julia: Standing by.
[forge2] Chat: livia: Tick 12648.
[forge2] Chat: marcus: All systems nominal.
[forge2] Chat: julius: Reporting in.
[forge2] Chat: titus: All systems nominal.
[forge2] Chat: julia: Standing by.
[forge2] Chat: livia: Reporting in.
[forge2] Chat: marcus: Standing by.
[forge2] Chat: julius: Reporting in.
[forge2] Chat: titus: Reporting in.
[forge2] Chat: julia: Standing by.
[forge2] Chat: livia: Standing by.
[forge2] Chat: marcus: Tick 12684.
[forge2] Chat: julius: Standing by.
[forge2] Chat: titus: All systems nominal.
[forge2] Chat: julia: Tick 12684.
[forge2] Chat: livia: All systems nominal.
[forge2] Chat: marcus: All systems nominal.
[forge2] Chat: julius: All systems nominal.
[forge2] Chat: titus: Reporting in.
[forge2] Chat: julia: Standing by.
[forge2] Chat: livia: Standing by.
[forge2] Chat: marcus: Reporting in.
[forge2] Chat: julius: Reporting in.
[forge2] Chat: titus: Tick 12708.
[forge2] Chat: julia: All systems nominal.
[forge2] Chat: livia: Tick 12708.
[forge2] Chat: marcus: Tick 12720.
[forge2] Chat: julius: Tick 12708.
[forge2] Chat: titus: Tick 12720.
[forge2] Chat: julia: Reporting in.
[forge2] Chat: livia: Standing by.
[forge2] Chat: marcus: Standing by.
[forge2] Chat: julius: Tick 12720.
[forge2] Chat: titus: Standing by.
[forge2] Chat: julia: Standing by.
[forge2] Chat: livia: Tick 12732.
[forge2] Chat: marcus: Reporting in.
[forge2] Chat: julius: Standing by.
[forge2] Chat: titus: Tick 12744.
[forge2] Chat: julia: All systems nominal.
[forge2] Chat: livia: Reporting in.
[forge2] Chat: marcus: Standing by.
[forge2] Chat: julius: Standing by.
[forge2] Chat: titus: Standing by.
[forge2] Chat: julia: Reporting in.
[forge2] Chat: livia: Tick 12756.
[forge2] Chat: marcus: Reporting in.
[forge2] Chat: julius: Reporting in.
[forge2] Chat: titus: Standing by.
[forge2] Chat: julia: Standing by.
[forge2] Chat: livia: All systems nominal.
[forge2] Chat: marcus: Reporting in.
[forge2] Chat: julius: Tick 12768.
[forge2] Chat: titus: Tick 12780.
[forge2] Chat: julia: Tick 12780.
[forge2] Chat: livia: Tick 12780.
[forge2] Chat: marcus: Tick 12792.
[forge2] Chat: julius: All systems nominal.
[forge2] Chat: titus: Tick 12792.
[forge2] Chat: julia: Standing by.
[forge2] Chat: livia: Tick 12792.
[forge2] Chat: marcus: All systems nominal.
[forge2] Chat: julius: Reporting in.
[forge2] Chat: titus: Tick 12804.
[forge2] Chat: julia: Tick 12804.
[forge2] Chat: livia: Tick 12804.
[forge2] Chat: marcus: Standing by.
[forge2] Chat: julius: Reporting in.
[forge2] Chat: titus: Standing by.
[forge2] Chat: julia: All systems nominal.
[forge2] Chat: livia: All systems nominal.
[forge2] Chat: marcus: Reporting in.
[forge2] Chat: julius: Tick 12816.
[forge2] Chat: titus: All systems nominal.
[forge2] Chat: julia: Reporting in.
[forge2] Chat: livia: Reporting in.
[forge2] Chat: marcus: Standing by.
[forge2] Chat: julius: Standing by.
[forge2] Chat: titus: All systems nominal.
[forge2] Chat: julia: Standing by.
[forge2] Chat: livia: Reporting in.
[forge2] Chat: marcus: Reporting in.
[forge2] Chat: julius: Reporting in.
[forge2] Chat: titus: All systems nominal.
[forge2] Chat: julia: Tick 12852.
[forge2] Chat: livia: All systems nominal.
[forge2] Chat: marcus: All systems nominal.
[forge2] Chat: julius: All systems nominal.
[forge2] Chat: titus: Standing by.
[forge2] Chat: julia: Reporting in.
[forge2] Chat: livia: Reporting in.
[forge2] Chat: marcus: Reporting in.
[forge2] Chat: julius: Standing by.
[forge2] Chat: titus: Standing by.
[forge2] Chat: julia: Standing by.
[forge2] Chat: livia: Tick 12876.
[forge2] Chat: marcus: All systems nominal.
[forge2] Chat: julius: Tick 12876.
[forge2] Chat: titus: Reporting in.
[forge2] Chat: julia: All systems nominal.
[forge2] Chat: livia: All systems nominal.
[forge2] Chat: marcus: Standing by.
[forge2] Chat: julius: Tick 12888.
[forge2] Chat: titus: All systems nominal.
[forge2] Chat: julia: All systems nominal.
[forge2] Chat: livia: Standing by.
[forge2] Chat: marcus: Standing by.
[forge2] Chat: julius: Reporting in.
[forge2] Chat: titus: All systems nominal.
[forge2] Chat: julia: Tick 12912.
[forge2] Chat: livia: Standing by.
[forge2] Chat: marcus: Reporting in.
[forge2] Chat: julius: Reporting in.
[forge2] Chat: titus: Reporting in.
[forge2] Chat: julia: All systems nominal.
[forge2] Chat: livia: Standing by.
[forge2] Chat: marcus: Reporting in.
[forge2] Chat: julius: All systems nominal.
[forge2] Chat: titus: All systems nominal.
[forge2] Chat: julia: All systems nominal.
[forge2] Chat: livia: Tick 12936.
[forge2] Chat: marcus: Reporting in.
[forge2] Chat: julius: All systems nominal.
[forge2] Chat: titus: Standing by.
[forge2] Chat: julia: All systems nominal.
[forge2] Chat: livia: Tick 12948.
[forge2] Chat: marcus: Reporting in.
[forge2] Chat: julius: Tick 12948.
[forge2] Chat: titus: All systems nominal.
[forge2] Chat: julia: Reporting in.
[forge2] Chat: livia: Tick 12960.
[forge2] Chat: marcus: Tick 12972.
[forge2] Chat: julius: Tick 12960.
[forge2] Chat: titus: Tick 12972.
[forge2] Chat: julia: Standing by.
[forge2] Chat: livia: Reporting in.
[forge2] Chat: marcus: Tick 12984.
[forge2] Chat: julius: Standing by.
[forge2] Chat: titus: Standing by.
[forge2] Chat: julia: Reporting in.
[forge2] Chat: livia: Standing by.
[forge2] Chat: marcus: Tick 12996.
[forge2] Chat: julius: Tick 12984.
[forge2] Chat: titus: All systems nominal.
[forge2] Chat: julia: Tick 12996.
[forge2] Chat: livia: Reporting in.
[forge2] Chat: marcus: Tick 13008.
[forge2] Chat: julius: All systems nominal.
[forge2] Chat: titus: All systems nominal.
[forge2] Chat: julia: Reporting in.
[forge2] Chat: livia: Tick 13008.
[forge2] Chat: marcus: All systems nominal.
[forge2] Chat: julius: All systems nominal.
[forge2] Chat: titus: Tick 13020.
[forge2] Chat: julia: Reporting in.
[forge2] Chat: livia: Reporting in.
[forge2] Chat: marcus: Reporting in.
[forge2] Chat: julius: Reporting in.
[forge2] Chat: titus: Standing by.
[forge2] Chat: julia: All systems nominal.
[forge2] Chat: livia: Reporting in.
[forge2] Chat: marcus: Reporting in.
[forge2] Chat: julius: All systems nominal.
[forge2] Chat: titus: Standing by.
[forge2] Chat: julia: All systems nominal.
[forge2] Chat: livia: Reporting in.
[forge2] Chat: marcus: All systems nominal.
[forge2] Chat: julius: All systems nominal.
[forge2] Chat: titus: Standing by.
[forge2] Chat: julia: Standing by.
[forge2] Chat: livia: All systems nominal.
[forge2] Chat: marcus: Standing by.
[forge2] Chat: julius: All systems nominal.
[forge2] Chat: titus: Tick 13068.
[forge2] Chat: julia: Standing by.
[forge2] Chat: livia: Reporting in.
[forge2] Chat: marcus: All systems nominal.
[forge2] Chat: julius: Reporting in.
[forge2] Chat: titus: All systems nominal.
[forge2] Chat: julia: Standing by.
[forge2] Chat: livia: Tick 13080.
[forge2] Chat: marcus: Tick 13092.
[forge2] Chat: julius: Tick 13080.
[forge2] Chat: titus: Tick 13092.
[forge2] Chat: julia: Tick 13092.
[forge2] Chat: livia: Reporting in.
[forge2] Chat: marcus: All systems nominal.
[forge2] Chat: julius: Standing by.
[forge2] Chat: titus: Tick 13104.
[forge2] Chat: julia: Reporting in.
[forge2] Chat: livia: All systems nominal.
[forge2] Chat: marcus: Reporting in.
[forge2] Chat: julius: Standing by.
[forge2] Chat: titus: All systems nominal.
[forge2] Chat: julia: Reporting in.
[forge2] Chat: livia: Standing by.
[forge2] Chat: marcus: Reporting in.
[forge2] Chat: julius: All systems nominal.
[forge2] Chat: titus: Tick 13128.
[forge2] Chat: julia: Tick 13128.
[forge2] Chat: livia: All systems nominal.
[forge2] Chat: marcus: Tick 13140.
[forge2] Chat: julius: Reporting in.
[forge2] Chat: titus: Tick 13140.
[forge2] Chat: julia: Tick 13140.
[forge2] Chat: livia: Reporting in.
[forge2] Chat: marcus: Standing by.
[forge2] Chat: julius: Standing by.
[forge2] Chat: titus: Standing by.
[forge2] Chat: julia: Tick 13152.
[forge2] Chat: livia: Standing by.
[forge2] Chat: marcus: Tick 13164.
[forge2] Chat: julius: Tick 13152.
[forge2] Chat: titus: All systems nominal.
[forge2] Chat: julia: Reporting in.
[forge2] Chat: livia: Standing by.
[forge2] Chat: marcus: Tick 13176.
[forge2] Chat: julius: Reporting in.
[forge2] Chat: titus: Tick 13176.
[forge2] Chat: julia: Standing by.
[forge2] Chat: livia: Standing by.
[forge2] Chat: marcus: Tick 13188.
[forge2] Chat: julius: Reporting in.
[forge2] Chat: titus: Standing by.
[forge2] Chat: julia: Standing by.
[forge2] Chat: livia: Standing by.
[forge2] Chat: marcus: All systems nominal.
[forge2] Chat: julius: All systems nominal.
[forge2] Chat: titus: All systems nominal.
[forge2] Chat: julia: All systems nominal.
[forge2] Chat: livia: Standing by.
[forge2] Chat: marcus: Reporting in.
[forge2] Chat: julius: Tick 13200.
[forge2] Chat: titus: All systems nominal.
[forge2] Chat: julia: Reporting in.
[forge2] Chat: livia: Reporting in.
[forge2] Chat: marcus: Reporting in.
[forge2] Chat: julius: Tick 13212.
[forge2] Chat: titus: Standing by.
[forge2] Chat: julia: Tick 13224.
[forge2] Chat: livia: Reporting in.
[forge2] Chat: marcus: Standing by.
[forge2] Chat: julius: All systems nominal.
[forge2] Chat: titus: Tick 13236.
[forge2] Chat: julia: Reporting in.
[forge2] Chat: livia: All systems nominal.
[forge2] Chat: marcus: Tick 13248.
[forge2] Chat: julius: Reporting in.
[forge2] Chat: titus: Reporting in.
[forge2] Chat: julia: Reporting in.
[forge2] Chat: livia: All systems nominal.
[forge2] Chat: marcus: Tick 13260.
[forge2] Chat: julius: Tick 13248.
[forge2] Chat: titus: Tick 13260.
[forge2] Chat: julia: Reporting in.
[forge2] Chat: livia: Reporting in.
[forge2] Chat: marcus: Reporting in.
[forge2] Chat: julius: Tick 13260.
[forge2] Chat: titus: Standing by.
[forge2] Chat: julia: All systems nominal.
[forge2] Chat: livia: Standing by.
[forge2] Chat: marcus: Standing by.
[forge2] Chat: julius: Reporting in.
[forge2] Chat: titus: Tick 13284.
[forge2] Chat: julia: Standing by.
[forge2] Chat: livia: Tick 13284.
[forge2] Chat: marcus: Reporting in.
[forge2] Chat: julius: Tick 13284.
[forge2] Chat: titus: Tick 13296.
[forge2] Chat: julia: Reporting in.
[forge2] Chat: livia: All systems nominal.
[forge2] Chat: marcus: Standing by.
[forge2] Chat: julius: All systems nominal.
[forge2] Chat: titus: Tick 13308.
[forge2] Chat: julia: Standing by.
[forge2] Chat: livia: All systems nominal.
[forge2] Chat: marcus: Reporting in.
[forge2] Chat: julius: Standing by.
[forge2] Chat: titus: Tick 13320.
[forge2] Chat: julia: All systems nominal.
[forge2] Chat: livia: Tick 13320.
[forge2] Chat: marcus: Reporting in.
[forge2] Chat: julius: Standing by.
[forge2] Chat: titus: Standing by.
[forge2] Chat: julia: Reporting in.
[forge2] Chat: livia: All systems nominal.
[forge2] Chat: marcus: Reporting in.
[forge2] Chat: julius: Standing by.
[forge2] Chat: titus: Reporting in.
[forge2] Chat: julia: Reporting in.
[forge2] Chat: livia: Tick 13344.
[forge2] Chat: marcus: Reporting in.
[forge2] Chat: julius: All systems nominal.
[forge2] Chat: titus: All systems nominal.
[forge2] Chat: julia: Reporting in.
[forge2] Chat: livia: Tick 13356.
[forge2] Chat: marcus: Reporting in.
[forge2] Chat: julius: Reporting in.
[forge2] Chat: titus: All systems nominal.
[forge2] Chat: julia: Standing by.
[forge2] Chat: livia: Standing by.
[forge2] Chat: marcus: Standing by.
[forge2] Chat: julius: Tick 13368.
[forge2] Chat: titus: Tick 13380.
[forge2] Chat: julia: All systems nominal.
[forge2] Chat: livia: Reporting in.
[forge2] Chat: marcus: Reporting in.
[forge2] Chat: julius: Standing by.
[forge2] Chat: titus: All systems nominal.
[forge2] Chat: julia: Tick 13392.
[forge2] Chat: livia: Standing by.
[forge2] Chat: marcus: Tick 13404.
[forge2] Chat: julius: Standing by.
[forge2] Chat: titus: All systems nominal.
[forge2] Chat: julia: Standing by.
[forge2] Chat: livia: All systems nominal.
[forge2] Chat: marcus: Tick 13416.
[forge2] Chat: julius: All systems nominal.
[forge2] Chat: titus: Standing by.
[forge2] Chat: julia: Tick 13416.
[forge2] Chat: livia: Reporting in.
[forge2] Chat: marcus: Standing by.
[forge2] Chat: julius: All systems nominal.
[forge2] Chat: titus: Standing by.
[forge2] Chat: julia: All systems nominal.
[forge2] Chat: livia: Tick 13428.
[forge2] Chat: marcus: Standing by.
[forge2] Chat: julius: Standing by.
[forge2] Chat: titus: Tick 13440.
[forge2] Chat: julia: Tick 13440.
[forge2] Chat: livia: All systems nominal.
[forge2] Chat: marcus: All systems nominal.
[forge2] Chat: julius: Standing by.
[forge2] Chat: titus: Reporting in.
[forge2] Chat: julia: Reporting in.
[forge2] Chat: livia: Reporting in.
[forge2] Chat: marcus: Reporting in.
[forge2] Chat: julius: Tick 13452.
[forge2] Chat: titus: Tick 13464.
[forge2] Chat: julia: Reporting in.
[forge2] Chat: livia: Standing by.
[forge2] Chat: marcus: Reporting in.
[forge2] Chat: julius: All systems nominal.
[forge2] Chat: titus: Reporting in.
[forge2] Chat: julia: All systems nominal.
[forge2] Chat: livia: All systems nominal.
[forge2] Chat: marcus: Reporting in.
[forge2] Chat: julius: Tick 13476.
[forge2] Chat: titus: Reporting in.
[forge2] Chat: julia: All systems nominal.
[forge2] Chat: livia: All systems nominal.
[forge2] Chat: marcus: All systems nominal.
[forge2] Chat: julius: All systems nominal.
[forge2] Chat: titus: All systems nominal.
[forge2] Chat: julia: All systems nominal.
[forge2] Chat: livia: Reporting in.
[forge2] Chat: marcus: Reporting in.
[forge2] Chat: julius: Standing by.
[forge2] Chat: titus: All systems nominal.
[forge2] Chat: julia: Tick 13512.
[forge2] Chat: livia: Reporting in.
[forge2] Chat: marcus: Tick 13524.
[forge2] Chat: julius: All systems nominal.
[forge2] Chat: titus: Standing by.
[forge2] Chat: julia: Reporting in.
[forge2] Chat: livia: All systems nominal.
[forge2] Chat: marcus: Reporting in.
[forge2] Chat: julius: Tick 13524.
[forge2] Chat: titus: Standing by.
[forge2] Chat: julia: Tick 13536.
[forge2] Chat: livia: Tick 13536.
[forge2] Chat: marcus: All systems nominal.
[forge2] Chat: julius: Tick 13536.
[forge2] Chat: julia: Standing by.
[forge2] Chat: titus: Reporting in.
[forge2] Chat: livia: All systems nominal.
[forge2] Chat: marcus: Tick 13560.
[forge2] Chat: julius: Standing by.
[forge2] Chat: julia: Reporting in.
[forge2] Chat: titus: Tick 13560.
[forge2] Chat: livia: Reporting in.
[forge2] Chat: marcus: Reporting in.
[forge2] Chat: julius: Standing by.
[forge2] Chat: julia: Tick 13572.
[forge2] Chat: titus: Reporting in.
[forge2] Chat: livia: All systems nominal.
[forge2] Chat: marcus: Tick 13584.
[forge2] Chat: julius: Tick 13572.
[forge2] Chat: julia: Tick 13584.
[forge2] Chat: titus: Tick 13584.
[forge2] Chat: livia: All systems nominal.
[forge2] Chat: marcus: All systems nominal.
[forge2] Chat: julius: All systems nominal.
[forge2] Chat: julia: Tick 13596.
[forge2] Chat: titus: Reporting in.
[forge2] Chat: livia: Standing by.
[forge2] Chat: marcus: Reporting in.
[forge2] Chat: julius: Standing by.
[forge2] Chat: julia: Tick 13608.
[forge2] Chat: titus: Reporting in.
[forge2] Chat: livia: All systems nominal.
[forge2] Chat: marcus: Standing by.
[forge2] Chat: julius: Reporting in.
[forge2] Chat: julia: Tick 13620.
[forge2] Chat: titus: All systems nominal.
[forge2] Chat: livia: Reporting in.
[forge2] Chat: marcus: Tick 13632.
[forge2] Chat: julius: Tick 13620.
[forge2] Chat: julia: Standing by.
[forge2] Chat: titus: All systems nominal.
[forge2] Chat: livia: Tick 13632.
[forge2] Chat: marcus: All systems nominal.
[forge2] Chat: julius: All systems nominal.
[forge2] Chat: julia: All systems nominal.
[forge2] Chat: titus: Standing by.
[forge2] Chat: livia: All systems nominal.
[forge2] Chat: marcus: All systems nominal.
[forge2] Chat: julius: Tick 13644.
[forge2] Chat: julia: All systems nominal.
[forge2] Chat: titus: Tick 13656.
[forge2] Chat: livia: All systems nominal.
[forge2] Chat: marcus: Tick 13668.
[forge2] Chat: julius: All systems nominal.
[forge2] Chat: julia: All systems nominal.
[forge2] Chat: titus: Tick 13668.
[forge2] Chat: livia: Reporting in.
[forge2] Chat: marcus: Reporting in.
[forge2] Chat: julius: All systems nominal.
[forge2] Chat: julia: Standing by.
[forge2] Chat: titus: Reporting in.
[forge2] Chat: livia: Reporting in.
[forge2] Chat: marcus: All systems nominal.
[forge2] Chat: julius: Reporting in.
[forge2] Chat: julia: Tick 13692.
[forge2] Chat: titus: Reporting in.
[forge2] Chat: livia: Standing by.
[forge2] Chat: marcus: Standing by.
[forge2] Chat: julius: Reporting in.
[forge2] Chat: julia: Standing by.
[forge2] Chat: titus: Tick 13704.
[forge2] Chat: livia: Reporting in.
[forge2] Chat: marcus: Reporting in.
[forge2] Chat: julius: All systems nominal.
[forge2] Chat: julia: Standing by.
[forge2] Chat: titus: Reporting in.
[forge2] Chat: livia: All systems nominal.
[forge2] Chat: marcus: Reporting in.
[forge2] Chat: julius: Standing by.
[forge2] Chat: julia: Standing by.
[forge2] Chat: titus: Standing by.
[forge2] Chat: livia: All systems nominal.
[forge2] Chat: marcus: Tick 13740.
[forge2] Chat: julius: Tick 13728.
[forge2] Chat: julia: All systems nominal.
[forge2] Chat: titus: Standing by.
[forge2] Chat: livia: Standing by.
[forge2] Chat: marcus: Standing by.
[forge2] Chat: julius: All systems nominal.
[forge2] Chat: julia: All systems nominal.
[forge2] Chat: titus: Tick 13752.
[forge2] Chat: livia: All systems nominal.
[forge2] Chat: marcus: All systems nominal.
[forge2] Chat: julius: Tick 13752.
[forge2] Chat: julia: Reporting in.
[forge2] Chat: titus: All systems nominal.
[forge2] Chat: livia: Tick 13764.
[forge2] Chat: marcus: Reporting in.
[forge2] Chat: julius: All systems nominal.
[forge2] Chat: julia: All systems nominal.
[forge2] Chat: titus: All systems nominal.
[forge2] Chat: livia: All systems nominal.
[forge2] Chat: marcus: All systems nominal.
[forge2] Chat: julius: Reporting in.
[forge2] Chat: julia: All systems nominal.
[forge2] Chat: titus: Tick 13788.
[forge2] Chat: livia: Tick 13788.
[forge2] Chat: marcus: Standing by.
[forge2] Chat: julius: All systems nominal.
[forge2] Chat: julia: Standing by.
[forge2] Chat: titus: All systems nominal.
[forge2] Chat: livia: Reporting in.
[forge2] Chat: marcus: Standing by.
[forge2] Chat: julius: Standing by.
[forge2] Chat: julia: Reporting in.
[forge2] Chat: titus: Tick 13812.
[forge2] Chat: livia: Tick 13812.
[forge2] Chat: marcus: Standing by.
[forge2] Chat: julius: All systems nominal.
[forge2] Chat: julia: Reporting in.
[forge2] Chat: titus: Reporting in.
[forge2] Chat: livia: All systems nominal.
[forge2] Chat: marcus: All systems nominal.
[forge2] Chat: julius: All systems nominal.
[forge2] Chat: julia: Reporting in.
[forge2] Chat: titus: Reporting in.
[forge2] Chat: livia: Standing by.
[forge2] Chat: marcus: Reporting in.
[forge2] Chat: julius: Reporting in.
[forge2] Chat: julia: Tick 13848.
[forge2] Chat: titus: Tick 13848.
[forge2] Chat: livia: Standing by.
[forge2] Chat: marcus: Tick 13860.
[forge2] Chat: julius: All systems nominal.
[forge2] Chat: julia: Tick 13860.
[forge2] Chat: titus: Tick 13860.
[forge2] Chat: livia: All systems nominal.
[forge2] Chat: marcus: Standing by.
[forge2] Chat: julius: Reporting in.
[forge2] Chat: julia: Standing by.
[forge2] Chat: titus: All systems nominal.
[forge2] Chat: livia: Tick 13872.
[forge2] Chat: marcus: Standing by.
[forge2] Chat: julius: Tick 13872.
[forge2] Chat: julia: Reporting in.
[forge2] Chat: titus: All systems nominal.
[forge2] Chat: livia: Standing by.
[forge2] Chat: marcus: Reporting in.
[forge2] Chat: julius: Standing by.
[forge2] Chat: julia: Reporting in.
[forge2] Chat: titus: Tick 13896.
[forge2] Chat: livia: All systems nominal.
[forge2] Chat: marcus: All systems nominal.
[forge2] Chat: julius: Tick 13896.
[forge2] Chat: julia: Standing by.
[forge2] Chat: titus: Standing by.
[forge2] Chat: livia: All systems nominal.
[forge2] Chat: marcus: All systems nominal.
[forge2] Chat: julius: All systems nominal.
[forge2] Chat: julia: Standing by.
[forge2] Chat: titus: Tick 13920.
[forge2] Chat: livia: Standing by.
[forge2] Chat: marcus: Reporting in.
[forge2] Chat: julius: Tick 13920.
[forge2] Chat: julia: All systems nominal.
[forge2] Chat: titus: Standing by.
[forge2] Chat: livia: Standing by.
[forge2] Chat: marcus: Reporting in.
[forge2] Chat: julius: All systems nominal.
[forge2] Chat: julia: Tick 13944.
[forge2] Chat: titus: All systems nominal.
[forge2] Chat: livia: Standing by.
[forge2] Chat: marcus: Reporting in.
[forge2] Chat: julius: All systems nominal.
[forge2] Chat: julia: Reporting in.
[forge2] Chat: titus: All systems nominal.
[forge2] Chat: livia: Standing by.
[forge2] Chat: marcus: Standing by.
[forge2] Chat: julius: Standing by.
[forge2] Chat: julia: Reporting in.
[forge2] Chat: titus: Reporting in.
[forge2] Chat: livia: Tick 13968.
[forge2] Chat: marcus: All systems nominal.
[forge2] Chat: julius: All systems nominal.
[forge2] Chat: julia: Tick 13980.
[forge2] Chat: titus: Tick 13980.
[forge2] Chat: livia: Reporting in.
[forge2] Chat: marcus: Tick 13992.
[forge2] Chat: julius: All systems nominal.
[forge2] Chat: julia: Reporting in.
[forge2] Chat: titus: All systems nominal.
[forge2] Chat: livia: All systems nominal.
[forge2] Chat: marcus: All systems nominal.
[forge2] Chat: julius: Standing by.
[forge2] Chat: julia: Standing by.
[forge2] Chat: titus: Tick 14004.
[forge2] Chat: livia: All systems nominal.
[forge2] Chat: marcus: Standing by.
[forge2] Chat: julius: Standing by.
[forge2] Chat: julia: All systems nominal.
[forge2] Chat: titus: All systems nominal.
[forge2] Chat: livia: Tick 14016.
[forge2] Chat: marcus: Standing by.
[forge2] Chat: julius: All systems nominal.
[forge2] Chat: julia: Tick 14028.
[forge2] Chat: titus: Tick 14028.
[forge2] Chat: livia: Tick 14028.
[forge2] Chat: marcus: Reporting in.
[forge2] Chat: julius: Tick 14028.
[forge2] Chat: julia: Standing by.
[forge2] Chat: titus: All systems nominal.
[forge2] Chat: livia: Reporting in.
[forge2] Chat: marcus: Standing by.
[forge2] Chat: julius: Tick 14040.
[forge2] Chat: julia: All systems nominal.
[forge2] Chat: titus: Standing by.
[forge2] Chat: livia: Reporting in.
[forge2] Chat: marcus: Reporting in.
[forge2] Chat: julius: Standing by.
[forge2] Chat: julia: Tick 14064.
[forge2] Chat: titus: Standing by.
[forge2] Chat: livia: Reporting in.
[forge2] Chat: marcus: Standing by.
[forge2] Chat: julius: All systems nominal.
[forge2] Chat: julia: All systems nominal.
[forge2] Chat: titus: Reporting in.
[forge2] Chat: livia: Tick 14076.
[forge2] Chat: marcus: Reporting in.
[forge2] Chat: julius: Standing by.
[forge2] Chat: julia: Reporting in.
[forge2] Chat: titus: All systems nominal.
[forge2] Chat: livia: Reporting in.
[forge2] Chat: marcus: Reporting in.
[forge2] Chat: julius: All systems nominal.
[forge2] Chat: julia: Tick 14100.
[forge2] Chat: titus: Standing by.
[forge2] Chat: livia: Reporting in.
[forge2] Chat: marcus: Reporting in.
[forge2] Chat: julius: Tick 14100.
[forge2] Chat: julia: Tick 14112.
[forge2] Chat: titus: Tick 14112.
[forge2] Chat: livia: Standing by.
[forge2] Chat: marcus: All systems nominal.
[forge2] Chat: julius: Standing by.
[forge2] Chat: julia: Reporting in.
[forge2] Chat: titus: Standing by.
[forge2] Chat: livia: Reporting in.
[forge2] Chat: marcus: Standing by.
[forge2] Chat: julius: Standing by.
[forge2] Chat: titus: Tick 14136.
[forge2] Chat: julia: Reporting in.
[forge2] Chat: livia: Standing by.
[forge2] Chat: marcus: Standing by.
[forge2] Chat: julius: Tick 14136.
[forge2] Chat: titus: All systems nominal.
[forge2] Chat: julia: Tick 14148.
[forge2] Chat: livia: Tick 14148.
[forge2] Chat: marcus: Standing by.
[forge2] Chat: julius: All systems nominal.
[forge2] Chat: titus: Reporting in.
[forge2] Chat: julia: Standing by.
[forge2] Chat: livia: Tick 14160.
[forge2] Chat: marcus: Reporting in.
[forge2] Chat: julius: Tick 14160.
[forge2] Chat: titus: Tick 14172.
[forge2] Chat: julia: Tick 14172.
[forge2] Chat: livia: Tick 14172.
[forge2] Chat: marcus: Reporting in.
[forge2] Chat: julius: Tick 14172.
[forge2] Chat: titus: All systems nominal.
[forge2] Chat: julia: Reporting in.
[forge2] Chat: livia: Standing by.
[forge2] Chat: marcus: Standing by.
[forge2] Chat: julius: All systems nominal.
[forge2] Chat: titus: Tick 14196.
[forge2] Chat: julia: Reporting in.
[forge2] Chat: livia: All systems nominal.
[forge2] Chat: marcus: Reporting in.
[forge2] Chat: julius: Tick 14196.
[forge2] Chat: titus: Reporting in.
[forge2] Chat: julia: Reporting in.
[forge2] Chat: livia: All systems nominal.
[forge2] Chat: marcus: Reporting in.
[forge2] Chat: julius: Reporting in.
[forge2] Chat: titus: Tick 14220.
[forge2] Chat: julia: Standing by.
[forge2] Chat: livia: Standing by.
[forge2] Chat: marcus: All systems nominal.
[forge2] Chat: julius: Reporting in.
[forge2] Chat: titus: Reporting in.
[forge2] Chat: julia: Standing by.
[forge2] Chat: livia: Tick 14232.
[forge2] Chat: marcus: Tick 14244.
[forge2] Chat: julius: Reporting in.
[forge2] Chat: titus: All systems nominal.
[forge2] Chat: julia: All systems nominal.
[forge2] Chat: livia: Standing by.
[forge2] Chat: marcus: Tick 14256.
[forge2] Chat: julius: Reporting in.
[forge2] Chat: titus: Reporting in.
[forge2] Chat: julia: Tick 14256.
[forge2] Chat: livia: All systems nominal.
[forge2] Chat: marcus: All systems nominal.
[forge2] Chat: julius: All systems nominal.
[forge2] Chat: titus: Tick 14268.
[forge2] Chat: julia: Standing by.
[forge2] Chat: livia: All systems nominal.
[forge2] Chat: marcus: Reporting in.
[forge2] Chat: julius: Standing by.
[forge2] Chat: titus: All systems nominal.
[forge2] Chat: julia: Tick 14280.
[forge2] Chat: livia: Standing by.
[forge2] Chat: marcus: Standing by.
[forge2] Chat: julius: Tick 14280.
[forge2] Chat: titus: All systems nominal.
[forge2] Chat: julia: Tick 14292.
[forge2] Chat: livia: Standing by.
[forge2] Chat: marcus: Tick 14304.
[forge2] Chat: julius: All systems nominal.
[forge2] Chat: titus: All systems nominal.
[forge2] Chat: julia: Standing by.
[forge2] Chat: livia: Tick 14304.
[forge2] Chat: marcus: Standing by.
[forge2] Chat: julius: Tick 14304.
[forge2] Chat: titus: All systems nominal.
[forge2] Chat: julia: Tick 14316.
[forge2] Chat: livia: All systems nominal.
[forge2] Chat: marcus: Standing by.
[forge2] Chat: julius: Reporting in.
[forge2] Chat: titus: All systems nominal.
[forge2] Chat: julia: Tick 14328.
[forge2] Chat: livia: All systems nominal.
[forge2] Chat: marcus: Reporting in.
[forge2] Chat: julius: Tick 14328.
[forge2] Chat: titus: Reporting in.
[forge2] Chat: julia: Reporting in.
[forge2] Chat: livia: Tick 14340.
[forge2] Chat: marcus: Standing by.
[forge2] Chat: julius: All systems nominal.
[forge2] Chat: titus: Tick 14352.
[forge2] Chat: julia: All systems nominal.
[forge2] Chat: livia: Reporting in.
[forge2] Chat: marcus: Reporting in.
[forge2] Chat: julius: Standing by.
[forge2] Chat: titus: Tick 14364.
[forge2] Chat: julia: Reporting in.
[forge2] Chat: livia: Tick 14364.
[forge2] Chat: marcus: Reporting in.
[forge2] Chat: julius: Reporting in.
[forge2] Chat: titus: Tick 14376.
[forge2] Chat: julia: Reporting in.
[forge2] Chat: livia: Tick 14376.
[forge2] Chat: marcus: Standing by.
[forge2] Chat: julius: All systems nominal.
[forge2] Chat: titus: Standing by.
[forge2] Chat: julia: Tick 14388.
[forge2] Chat: livia: Standing by.
[forge2] Chat: marcus: Reporting in.
[forge2] Chat: julius: Standing by.
[forge2] Chat: titus: Standing by.
[forge2] Chat: julia: Reporting in.
[forge2] Chat: livia: Standing by.
[forge2] Chat: marcus: Tick 14412.
[forge2] Chat: julius: Reporting in.
[forge2] Chat: titus: All systems nominal.
[forge2] Chat: julia: Reporting in.
[forge2] Chat: livia: Reporting in.
[forge2] Chat: marcus: Standing by.
[forge2] Chat: julius: Tick 14412.
[forge2] Chat: titus: All systems nominal.
[forge2] Chat: julia: Tick 14424.
[forge2] Chat: livia: Standing by.
[forge2] Chat: marcus: Reporting in.
[forge2] Chat: julius: Standing by.
[forge2] Chat: titus: Reporting in.
[forge2] Chat: julia: Standing by.
[forge2] Chat: livia: Tick 14436.
[forge2] Chat: marcus: All systems nominal.
[forge2] Chat: julius: All systems nominal.
[forge2] Chat: titus: Tick 14448.
[forge2] Chat: julia: Tick 14448.
[forge2] Chat: livia: Standing by.
[forge2] Chat: marcus: All systems nominal.
[forge2] Chat: julius: All systems nominal.
[forge2] Chat: titus: Standing by.
[forge2] Chat: julia: All systems nominal.
[forge2] Chat: livia: All systems nominal.
[forge2] Chat: marcus: Tick 14472.
[forge2] Chat: julius: Reporting in.
[forge2] Chat: titus: Reporting in.
[forge2] Chat: julia: Standing by.
[forge2] Chat: livia: Standing by.
[forge2] Chat: marcus: Tick 14484.
[forge2] Chat: julius: Tick 14472.
[forge2] Chat: titus: Tick 14484.
[forge2] Chat: julia: Standing by.
[forge2] Chat: livia: All systems nominal.
[forge2] Chat: marcus: All systems nominal.
[forge2] Chat: julius: Reporting in.
[forge2] Chat: titus: Tick 14496.
[forge2] Chat: julia: Tick 14496.
[forge2] Chat: livia: Reporting in.
[forge2] Chat: marcus: Tick 14508.
[forge2] Chat: julius: Reporting in.
[forge2] Chat: titus: Tick 14508.
[forge2] Chat: julia: Tick 14508.
[forge2] Chat: livia: Tick 14508.
[forge2] Chat: marcus: Tick 14520.
[forge2] Chat: julius: Tick 14508.
[forge2] Chat: titus: Standing by.
[forge2] Chat: julia: All systems nominal.
[forge2] Chat: livia: All systems nominal.
[forge2] Chat: marcus: All systems nominal.
[forge2] Chat: julius: All systems nominal.
[forge2] Chat: titus: Reporting in.
[forge2] Chat: julia: Standing by.
[forge2] Chat: livia: All systems nominal.
[forge2] Chat: marcus: Standing by.
[forge2] Chat: julius: Tick 14532.
[forge2] Chat: titus: Tick 14544.
[forge2] Chat: julia: Tick 14544.
[forge2] Chat: livia: All systems nominal.
[forge2] Chat: marcus: Standing by.
[forge2] Chat: julius: Tick 14544.
[forge2] Chat: titus: Standing by.
[forge2] Chat: julia: All systems nominal.
[forge2] Chat: livia: Reporting in.
[forge2] Chat: marcus: Standing by.
[forge2] Chat: julius: Reporting in.
[forge2] Chat: titus: Tick 14568.
[forge2] Chat: julia: Reporting in.
[forge2] Chat: livia: All systems nominal.
[forge2] Chat: marcus: All systems nominal.
[forge2] Chat: julius: Tick 14568.
[forge2] Chat: titus: Standing by.
[forge2] Chat: julia: All systems nominal.
[forge2] Chat: livia: All systems nominal.
[forge2] Chat: marcus: Standing by.
[forge2] Chat: julius: Tick 14580.
[forge2] Chat: titus: Standing by.
[forge2] Chat: julia: Tick 14592.
[forge2] Chat: livia: Standing by.
[forge2] Chat: marcus: Reporting in.
[forge2] Chat: julius: Standing by.
[forge2] Chat: titus: Standing by.
[forge2] Chat: julia: Tick 14604.
[forge2] Chat: livia: Tick 14604.
[forge2] Chat: marcus: Tick 14616.
[forge2] Chat: julius: Reporting in.
[forge2] Chat: titus: Tick 14616.
[forge2] Chat: julia: Tick 14616.
[forge2] Chat: livia: Standing by.
[forge2] Chat: marcus: Standing by.
[forge2] Chat: julius: Standing by.
[forge2] Chat: titus: Reporting in.
[forge2] Chat: julia: Tick 14628.
[forge2] Chat: livia: Reporting in.
[forge2] Chat: marcus: Tick 14640.
[forge2] Chat: julius: Tick 14628.
[forge2] Chat: titus: All systems nominal.
[forge2] Chat: julia: Reporting in.
[forge2] Chat: livia: Standing by.
[forge2] Chat: marcus: Standing by.
[forge2] Chat: julius: Tick 14640.
[forge2] Chat: titus: Reporting in.
[forge2] Chat: julia: Tick 14652.
[forge2] Chat: livia: Tick 14652.
[forge2] Chat: marcus: All systems nominal.
[forge2] Chat: julius: All systems nominal.
[forge2] Chat: titus: Tick 14664.
[forge2] Chat: julia: All systems nominal.
[forge2] Chat: livia: Tick 14664.
[forge2] Chat: marcus: Standing by.
[forge2] Chat: julius: All systems nominal.
[forge2] Chat: titus: Tick 14676.
[forge2] Chat: julia: All systems nominal.
[forge2] Chat: livia: Reporting in.
[forge2] Chat: marcus: Reporting in.
[forge2] Chat: julius: Reporting in.
[forge2] Chat: titus: Standing by.
[forge2] Chat: julia: Reporting in.
[forge2] Chat: livia: Reporting in.
[forge2] Chat: marcus: Reporting in.
[forge2] Chat: julius: Reporting in.
[forge2] Chat: titus: Standing by.
[forge2] Chat: julia: All systems nominal.
[forge2] Chat: livia: Reporting in.
[forge2] Chat: marcus: Tick 14712.
[forge2] Chat: julius: All systems nominal.
[forge2] Chat: titus: All systems nominal.
[forge2] Chat: julia: Reporting in.
[forge2] Chat: livia: All systems nominal.
[forge2] Chat: marcus: Reporting in.
[forge2] Chat: julius: All systems nominal.
[forge2] Chat: titus: Reporting in.
[forge2] Chat: julia: Standing by.
[forge2] Chat: livia: Standing by.
[forge2] Chat: marcus: Reporting in.
[forge2] Chat: julius: All systems nominal.
[forge2] Chat: titus: All systems nominal.
[forge2] Chat: julia: Standing by.
[forge2] Chat: livia: Reporting in.
[forge2] Chat: marcus: Standing by.
[forge2] Chat: julius: Reporting in.
[forge2] Chat: titus: Tick 14748.
[forge2] Chat: julia: Tick 14748.
[forge2] Chat: livia: Standing by.
[forge2] Chat: marcus: Reporting in.
[forge2] Chat: julius: Tick 14748.
[forge2] Chat: titus: Tick 14760.
[forge2] Chat: julia: Reporting in.
[forge2] Chat: livia: Tick 14760.
[forge2] Chat: marcus: Reporting in.
[forge2] Chat: julius: All systems nominal.
[forge2] Chat: titus: Reporting in.
[forge2] Chat: julia: Reporting in.
[forge2] Chat: livia: All systems nominal.
[forge2] Chat: marcus: Reporting in.
[forge2] Chat: julius: Reporting in.
[forge2] Chat: titus: Tick 14784.
[forge2] Chat: julia: Reporting in.
[forge2] Chat: livia: Reporting in.
[forge2] Chat: marcus: Tick 14796.
[forge2] Chat: julius: Standing by.
[forge2] Chat: titus: Standing by.
[forge2] Chat: julia: All systems nominal.
[forge2] Chat: livia: All systems nominal.
[forge2] Chat: marcus: All systems nominal.
[forge2] Chat: julius: All systems nominal.
[forge2] Chat: titus: Tick 14808.
[forge2] Chat: julia: Reporting in.
[forge2] Chat: livia: Reporting in.
[forge2] Chat: marcus: Standing by.
[forge2] Chat: julius: Tick 14808.
[forge2] Chat: titus: All systems nominal.
[forge2] Chat: julia: Tick 14820.
[forge2] Chat: livia: Standing by.
[forge2] Chat: marcus: All systems nominal.
[forge2] Chat: julius: Reporting in.
[forge2] Chat: titus: All systems nominal.
[forge2] Chat: julia: Standing by.
[forge2] Chat: livia: Tick 14832.
[forge2] Chat: marcus: Reporting in.
[forge2] Chat: julius: Reporting in.
[forge2] Chat: titus: Reporting in.
[forge2] Chat: julia: Standing by.
[forge2] Chat: livia: Standing by.
[forge2] Chat: marcus: Standing by.
[forge2] Chat: julius: Reporting in.
[forge2] Chat: titus: Reporting in.
[forge2] Chat: julia: All systems nominal.
[forge2] Chat: livia: Tick 14856.
[forge2] Chat: marcus: Tick 14868.
[forge2] Chat: julius: Reporting in.
[forge2] Chat: titus: Standing by.
[forge2] Chat: julia: Tick 14868.
[forge2] Chat: livia: Standing by.
[forge2] Chat: marcus: Reporting in.
[forge2] Chat: julius: Reporting in.
[forge2] Chat: titus: All systems nominal.
[forge2] Chat: julia: Tick 14880.
[forge2] Chat: livia: Tick 14880.
[forge2] Chat: marcus: Standing by.
[forge2] Chat: julius: All systems nominal.
[forge2] Chat: titus: Reporting in.
[forge2] Chat: julia: Standing by.
[forge2] Chat: livia: Reporting in.
[forge2] Chat: marcus: Standing by.
[forge2] Chat: julius: Tick 14892.
[forge2] Chat: titus: All systems nominal.
[forge2] Chat: julia: Tick 14904.
[forge2] Chat: livia: Standing by.
[forge2] Chat: marcus: Standing by.
[forge2] Chat: julius: Reporting in.
[forge2] Chat: titus: Standing by.
[forge2] Chat: julia: Reporting in.
[forge2] Chat: livia: All systems nominal.
[forge2] Chat: marcus: Reporting in.
[forge2] Chat: julius: Standing by.
[forge2] Chat: titus: Reporting in.
[forge2] Chat: julia: All systems nominal.
[forge2] Chat: livia: Reporting in.
[forge2] Chat: marcus: Tick 14940.
[forge2] Chat: julius: Tick 14928.
[forge2] Chat: titus: Standing by.
[forge2] Chat: julia: Tick 14940.
[forge2] Chat: livia: Tick 14940.
[forge2] Chat: marcus: All systems nominal.
[forge2] Chat: julius: Tick 14940.
[forge2] Chat: titus: Tick 14952.
[forge2] Chat: julia: Standing by.
[forge2] Chat: livia: All systems nominal.
[forge2] Chat: marcus: Tick 14964.
[forge2] Chat: julius: Standing by.
[forge2] Chat: titus: Standing by.
[forge2] Chat: julia: Standing by.
[forge2] Chat: livia: Reporting in.
[forge2] Chat: marcus: Reporting in.
[forge2] Chat: julius: All systems nominal.
[forge2] Chat: titus: All systems nominal.
[forge2] Chat: julia: Tick 14976.
[forge2] Chat: livia: Reporting in.
[forge2] Chat: marcus: Reporting in.
[forge2] Chat: julius: All systems nominal.
[forge2] Chat: titus: Tick 14988.
[forge2] Chat: julia: All systems nominal.
[forge2] Chat: livia: Tick 14988.
[forge2] Chat: marcus: Tick 15000.
[forge2] Chat: julius: Tick 14988.
[forge2] Chat: titus: Tick 15000.
[forge2] Chat: julia: Tick 15000.
[forge2] Chat: livia: Tick 15000.
[forge2] Chat: marcus: All systems nominal.
[forge2] Chat: julius: Reporting in.
[forge2] Chat: titus: Standing by.
[forge2] Chat: julia: Tick 15012.
[forge2] Chat: livia: Reporting in.
[forge2] Chat: marcus: All systems nominal.
[forge2] Chat: julius: Reporting in.
[forge2] Chat: titus: Tick 15024.
[forge2] Chat: julia: Reporting in.
[forge2] Chat: livia: Reporting in.
[forge2] Chat: marcus: Reporting in.
[forge2] Chat: julius: Standing by.
[forge2] Chat: titus: Reporting in.
[forge2] Chat: julia: Tick 15036.
[forge2] Chat: livia: All systems nominal.
[forge2] Chat: marcus: Standing by.
[forge2] Chat: julius: Standing by.
[forge2] Chat: titus: Tick 15048.
[forge2] Chat: julia: Reporting in.
[forge2] Chat: livia: Reporting in.
[forge2] Chat: marcus: Tick 15060.
[forge2] Chat: julius: Reporting in.
[forge2] Chat: titus: Standing by.
[forge2] Chat: julia: Reporting in.
[forge2] Chat: livia: All systems nominal.
[forge2] Chat: marcus: Tick 15072.
[forge2] Chat: julius: Standing by.
[forge2] Chat: titus: Standing by.
[forge2] Chat: julia: Standing by.
[forge2] Chat: livia: Reporting in.
[forge2] Chat: marcus: Tick 15084.
[forge2] Chat: julius: All systems nominal.
[forge2] Chat: titus: Tick 15084.
[forge2] Chat: julia: Tick 15084.
[forge2] Chat: livia: All systems nominal.
[forge2] Chat: marcus: Reporting in.
[forge2] Chat: julius: Tick 15084.
[forge2] Chat: titus: Standing by.
[forge2] Chat: julia: Reporting in.
[forge2] Chat: livia: All systems nominal.
[forge2] Chat: marcus: All systems nominal.
[forge2] Chat: julius: Reporting in.
[forge2] Chat: titus: Standing by.
[forge2] Chat: julia: Tick 15108.
[forge2] Chat: livia: Reporting in.
[forge2] Chat: marcus: Reporting in.
[forge2] Chat: julius: All systems nominal.
[forge2] Chat: titus: Tick 15120.
[forge2] Chat: julia: Standing by.
[forge2] Chat: livia: Reporting in.
[forge2] Chat: marcus: All systems nominal.
[forge2] Chat: julius: Standing by.
[forge2] Chat: titus: Reporting in.
[forge2] Chat: julia: Reporting in.
[forge2] Chat: livia: Reporting in.
[forge2] Chat: marcus: Standing by.
[forge2] Chat: julius: All systems nominal.
[forge2] Chat: titus: Tick 15144.
[forge2] Chat: julia: Reporting in.
[forge2] Chat: livia: Standing by.
[forge2] Chat: marcus: Standing by.
[forge2] Chat: julius: Standing by.
[forge2] Chat: titus: Standing by.
[forge2] Chat: julia: Reporting in.
[forge2] Chat: livia: Standing by.
[forge2] Chat: marcus: All systems nominal.
[forge2] Chat: julius: All systems nominal.
[forge2] Chat: titus: Reporting in.
[forge2] Chat: julia: All systems nominal.
[forge2] Chat: livia: All systems nominal.
[forge2] Chat: marcus: Reporting in.
[forge2] Chat: julius: Reporting in.
[forge2] Chat: titus: Standing by.
[forge2] Chat: julia: Reporting in.
[forge2] Chat: livia: Tick 15180.
[forge2] Chat: marcus: Tick 15192.
[forge2] Chat: julius: Standing by.
[forge2] Chat: titus: Standing by.
[forge2] Chat: julia: Reporting in.
[forge2] Chat: livia: Tick 15192.
[forge2] Chat: marcus: All systems nominal.
[forge2] Chat: julius: Reporting in.
[forge2] Chat: titus: Reporting in.
[forge2] Chat: julia: Reporting in.
[forge2] Chat: livia: Reporting in.
[forge2] Chat: marcus: All systems nominal.
[forge2] Chat: julius: All systems nominal.
[forge2] Chat: titus: Reporting in.
[forge2] Chat: julia: Standing by.
[forge2] Chat: livia: Standing by.
[forge2] Chat: marcus: Standing by.
[forge2] Chat: julius: Tick 15216.
[forge2] Chat: titus: Standing by.
[forge2] Chat: julia: Tick 15228.
[forge2] Chat: livia: Tick 15228.
[forge2] Chat: marcus: Standing by.
[forge2] Chat: julius: Reporting in.
[forge2] Chat: titus: Reporting in.
[forge2] Chat: julia: Standing by.
[forge2] Chat: livia: Reporting in.
[forge2] Chat: marcus: Tick 15252.
[forge2] Chat: julius: Standing by.
[forge2] Chat: titus: Standing by.
[forge2] Chat: julia: Tick 15252.
[forge2] Chat: livia: All systems nominal.
[forge2] Chat: marcus: All systems nominal.
[forge2] Chat: julius: Tick 15252.
[forge2] Chat: titus: All systems nominal.
[forge2] Chat: julia: Tick 15264.
[forge2] Chat: livia: All systems nominal.
[forge2] Chat: marcus: All systems nominal.
[forge2] Chat: julius: Standing by.
[forge2] Chat: titus: All systems nominal.
[forge2] Chat: julia: Reporting in.
[forge2] Chat: livia: Reporting in.
[forge2] Chat: marcus: Tick 15288.
[forge2] Chat: julius: Tick 15276.
[forge2] Chat: titus: Reporting in.
[forge2] Chat: julia: Reporting in.
[forge2] Chat: livia: Tick 15288.
[forge2] Chat: marcus: Tick 15300.
[forge2] Chat: julius: Reporting in.
[forge2] Chat: titus: Tick 15300.
[forge2] Chat: julia: Reporting in.
[forge2] Chat: livia: Reporting in.
[forge2] Chat: marcus: All systems nominal.
[forge2] Chat: julius: Reporting in.
[forge2] Chat: titus: Standing by.
[forge2] Chat: julia: Reporting in.
[forge2] Chat: livia: All systems nominal.
[forge2] Chat: marcus: All systems nominal.
[forge2] Chat: julius: Reporting in.
[forge2] Chat: titus: Reporting in.
[forge2] Chat: julia: Tick 15324.
[forge2] Chat: livia: All systems nominal.
[forge2] Chat: marcus: Tick 15336.
[forge2] Chat: julius: Standing by.
[forge2] Chat: titus: Reporting in.
[forge2] Chat: julia: Standing by.
[forge2] Chat: livia: Tick 15336.
[forge2] Chat: marcus: Tick 15348.
[forge2] Chat: julius: Tick 15336.
[forge2] Chat: titus: Standing by.
[forge2] Chat: julia: Reporting in.
[forge2] Chat: livia: Standing by.
[forge2] Chat: marcus: Tick 15360.
[forge2] Chat: julius: Reporting in.
[forge2] Chat: titus: Standing by.
[forge2] Chat: julia: Standing by.
[forge2] Chat: livia: Tick 15360.
[forge2] Chat: marcus: All systems nominal.
[forge2] Chat: julius: Reporting in.
[forge2] Chat: titus: Standing by.
[forge2] Chat: julia: Reporting in.
[forge2] Chat: livia: Reporting in.
[forge2] Chat: marcus: Standing by.
[forge2] Chat: julius: All systems nominal.
[forge2] Chat: titus: Standing by.
[forge2] Chat: julia: All systems nominal.
[forge2] Chat: livia: Tick 15384.
[forge2] Chat: marcus: Reporting in.
[forge2] Chat: julius: Tick 15384.
[forge2] Chat: titus: Reporting in.
[forge2] Chat: julia: Reporting in.
[forge2] Chat: livia: Tick 15396.
[forge2] Chat: marcus: Tick 15408.
[forge2] Chat: julius: Tick 15396.
[forge2] Chat: titus: Standing by.
[forge2] Chat: julia: Standing by.
[forge2] Chat: livia: Standing by.
[forge2] Chat: marcus: All systems nominal.
[forge2] Chat: julius: Standing by.
[forge2] Chat: titus: Tick 15420.
[forge2] Chat: julia: Tick 15420.
[forge2] Chat: livia: Reporting in.
[forge2] Chat: marcus: Tick 15432.
[forge2] Chat: julius: Tick 15420.
[forge2] Chat: titus: Standing by.
[forge2] Chat: julia: Reporting in.
[forge2] Chat: livia: Standing by.
[forge2] Chat: marcus: Reporting in.
[forge2] Chat: julius: All systems nominal.
[forge2] Chat: titus: Tick 15444.
[forge2] Chat: julia: Reporting in.
[forge2] Chat: livia: Reporting in.
[forge2] Chat: marcus: All systems nominal.
[forge2] Chat: julius: Reporting in.
[forge2] Chat: titus: Tick 15456.
[forge2] Chat: julia: Tick 15456.
[forge2] Chat: livia: Tick 15456.
[forge2] Chat: marcus: Reporting in.
[forge2] Chat: julius: Standing by.
[forge2] Chat: titus: Reporting in.
[forge2] Chat: julia: Tick 15468.
[forge2] Chat: livia: Reporting in.
[forge2] Chat: marcus: All systems nominal.
[forge2] Chat: julius: Reporting in.
[forge2] Chat: titus: Standing by.
[forge2] Chat: julia: All systems nominal.
[forge2] Chat: livia: Tick 15480.
[forge2] Chat: marcus: Standing by.
[forge2] Chat: julius: Reporting in.
[forge2] Chat: titus: Tick 15492.
[forge2] Chat: julia: Reporting in.
[forge2] Chat: livia: Tick 15492.
[forge2] Chat: marcus: All systems nominal.
[forge2] Chat: julius: All systems nominal.
[forge2] Chat: titus: All systems nominal.
[forge2] Chat: julia: Standing by.
[forge2] Chat: livia: Reporting in.
[forge2] Chat: marcus: Standing by.
[forge2] Chat: julius: Reporting in.
[forge2] Chat: titus: All systems nominal.
[forge2] Chat: julia: Reporting in.
[forge2] Chat: livia: All systems nominal.
[forge2] Chat: marcus: All systems nominal.
[forge2] Chat: julius: All systems nominal.
[forge2] Chat: titus: Reporting in.
[forge2] Chat: julia: Tick 15528.
[forge2] Chat: livia: All systems nominal.
[forge2] Chat: marcus: All systems nominal.
[forge2] Chat: julius: Standing by.
[forge2] Chat: titus: Tick 15540.
[forge2] Chat: julia: Reporting in.
[forge2] Chat: livia: All systems nominal.
[forge2] Chat: marcus: Tick 15552.
[forge2] Chat: julius: Standing by.
[forge2] Chat: titus: Standing by.
[forge2] Chat: julia: Tick 15552.
[forge2] Chat: livia: All systems nominal.
[forge2] Chat: marcus: Reporting in.
[forge2] Chat: julius: Reporting in.
[forge2] Chat: titus: All systems nominal.
[forge2] Chat: julia: All systems nominal.
[forge2] Chat: livia: Reporting in.
[forge2] Chat: marcus: All systems nominal.
[forge2] Chat: julius: Standing by.
[forge2] Chat: titus: All systems nominal.
[forge2] Chat: julia: Reporting in.
[forge2] Chat: livia: Reporting in.
[forge2] Chat: marcus: All systems nominal.
[forge2] Chat: julius: Tick 15576.
[forge2] Chat: titus: All systems nominal.
[forge2] Chat: julia: Reporting in.
[forge2] Chat: livia: Tick 15588.
[forge2] Chat: marcus: Standing by.
[forge2] Chat: julius: Tick 15588.
[forge2] Chat: titus: Tick 15600.
[forge2] Chat: julia: Standing by.
[forge2] Chat: livia: Tick 15600.
[forge2] Chat: marcus: Standing by.
[forge2] Chat: julius: All systems nominal.
[forge2] Chat: titus: Reporting in.
[forge2] Chat: julia: All systems nominal.
[forge2] Chat: livia: All systems nominal.
[forge2] Chat: marcus: Reporting in.
[forge2] Chat: julius: Reporting in.
[forge2] Chat: titus: Tick 15624.
[forge2] Chat: julia: All systems nominal.
[forge2] Chat: livia: Standing by.
[forge2] Chat: marcus: Tick 15636.
[forge2] Chat: julius: Reporting in.
[forge2] Chat: titus: All systems nominal.
[forge2] Chat: julia: Reporting in.
[forge2] Chat: livia: Tick 15636.
[forge2] Chat: marcus: All systems nominal.
[forge2] Chat: julius: Standing by.
[forge2] Chat: titus: Reporting in.
[forge2] Chat: julia: Reporting in.
[forge2] Chat: livia: Tick 15648.
[forge2] Chat: marcus: All systems nominal.
[forge2] Chat: julius: All systems nominal.
[forge2] Chat: titus: Standing by.
[forge2] Chat: julia: All systems nominal.
[forge2] Chat: livia: All systems nominal.
[forge2] Chat: marcus: All systems nominal.
[forge2] Chat: julius: Standing by.
[forge2] Chat: titus: Reporting in.
[forge2] Chat: julia: Reporting in.
[forge2] Chat: livia: Tick 15672.
[forge2] Chat: marcus: Reporting in.
[forge2] Chat: julius: All systems nominal.
[forge2] Chat: titus: Tick 15684.
[forge2] Chat: julia: Reporting in.
[forge2] Chat: livia: All systems nominal.
[forge2] Chat: marcus: Tick 15696.
[forge2] Chat: julius: All systems nominal.
[forge2] Chat: titus: Tick 15696.
[forge2] Chat: julia: Tick 15696.
[forge2] Chat: livia: All systems nominal.
[forge2] Chat: marcus: All systems nominal.
[forge2] Chat: julius: Tick 15696.
[forge2] Chat: titus: All systems nominal.
[forge2] Chat: julia: Standing by.
[forge2] Chat: livia: Standing by.
[forge2] Chat: marcus: Tick 15720.
[forge2] Chat: julius: Tick 15708.
[forge2] Chat: titus: Tick 15720.
[forge2] Chat: julia: Reporting in.
[forge2] Chat: livia: Reporting in.
[forge2] Chat: marcus: Tick 15732.
[forge2] Chat: julius: Reporting in.
[forge2] Chat: titus: Reporting in.
[forge2] Chat: julia: Standing by.
[forge2] Chat: livia: All systems nominal.
[forge2] Chat: marcus: Reporting in.
[forge2] Chat: julius: Standing by.
[forge2] Chat: titus: Tick 15744.
[forge2] Chat: julia: All systems nominal.
[forge2] Chat: livia: Reporting in.
[forge2] Chat: marcus: Tick 15756.
[forge2] Chat: julius: All systems nominal.
[forge2] Chat: titus: All systems nominal.
[forge2] Chat: julia: Reporting in.
[forge2] Chat: livia: Standing by.
[forge2] Chat: marcus: All systems nominal.
[forge2] Chat: julius: Tick 15756.
[forge2] Chat: titus: All systems nominal.
[forge2] Chat: julia: Standing by.
[forge2] Chat: livia: All systems nominal.
[forge2] Chat: marcus: Tick 15780.
[forge2] Chat: julius: All systems nominal.
[forge2] Chat: titus: All systems nominal.
[forge2] Chat: julia: Tick 15780.
[forge2] Chat: livia: All systems nominal.
[forge2] Chat: marcus: All systems nominal.
[forge2] Chat: julius: Reporting in.
[forge2] Chat: titus: All systems nominal.
[forge2] Chat: julia: Tick 15792.
[forge2] Chat: livia: Standing by.
[forge2] Chat: marcus: Tick 15804.
[forge2] Chat: julius: All systems nominal.
[forge2] Chat: titus: All systems nominal.
[forge2] Chat: julia: Tick 15804.
[forge2] Chat: livia: Tick 15804.
[forge2] Chat: marcus: Standing by.
[forge2] Chat: julius: Standing by.
[forge2] Chat: titus: Standing by.
[forge2] Chat: julia: Reporting in.
[forge2] Chat: livia: Tick 15816.
[forge2] Chat: marcus: Tick 15828.
[forge2] Chat: julius: Reporting in.
[forge2] Chat: titus: All systems nominal.
[forge2] Chat: julia: Reporting in.
[forge2] Chat: livia: Reporting in.
[forge2] Chat: marcus: All systems nominal.
[forge2] Chat: julius: Reporting in.
[forge2] Chat: titus: Reporting in.
[forge2] Chat: julia: Tick 15840.
[forge2] Chat: livia: Reporting in.
[forge2] Chat: marcus: All systems nominal.
[forge2] Chat: julius: Reporting in.
[forge2] Chat: titus: All systems nominal.
[forge2] Chat: julia: Standing by.
[forge2] Chat: livia: All systems nominal.
[forge2] Chat: marcus: Standing by.
[forge2] Chat: julius: Tick 15852.
[forge2] Chat: titus: Reporting in.
[forge2] Chat: julia: All systems nominal.
[forge2] Chat: livia: Tick 15864.
[forge2] Chat: marcus: Tick 15876.
[forge2] Chat: julius: All systems nominal.
[forge2] Chat: titus: All systems nominal.
[forge2] Chat: julia: Reporting in.
[forge2] Chat: livia: Reporting in.
[forge2] Chat: marcus: Reporting in.
[forge2] Chat: julius: Tick 15876.
[forge2] Chat: titus: Reporting in.
[forge2] Chat: julia: Reporting in.
[forge2] Chat: livia: Tick 15888.
[forge2] Chat: marcus: Tick 15900.
[forge2] Chat: julius: Reporting in.
[forge2] Chat: titus: All systems nominal.
[forge2] Chat: julia: Standing by.
[forge2] Chat: livia: Tick 15900.
[forge2] Chat: marcus: Tick 15912.
[forge2] Chat: julius: Reporting in.
[forge2] Chat: titus: Reporting in.
[forge2] Chat: julia: Reporting in.
[forge2] Chat: livia: All systems nominal.
[forge2] Chat: marcus: Reporting in.
[forge2] Chat: julius: All systems nominal.
[forge2] Chat: titus: Tick 15924.
[forge2] Chat: julia: Tick 15924.
[forge2] Chat: livia: Tick 15924.
[forge2] Chat: marcus: Standing by.
[forge2] Chat: julius: Standing by.
[forge2] Chat: titus: Reporting in.
[forge2] Chat: julia: Tick 15936.
[forge2] Chat: livia: All systems nominal.
[forge2] Chat: marcus: Tick 15948.
[forge2] Chat: julius: Reporting in.
[forge2] Chat: titus: Tick 15948.
[forge2] Chat: julia: All systems nominal.
[forge2] Chat: livia: All systems nominal.
[forge2] Chat: marcus: Standing by.
[forge2] Chat: julius: Standing by.
[forge2] Chat: titus: Tick 15960.
[forge2] Chat: julia: Standing by.
[forge2] Chat: livia: Reporting in.
[forge2] Chat: marcus: Tick 15972.
[forge2] Chat: julius: Reporting in.
[forge2] Chat: titus: Reporting in.
[forge2] Chat: julia: Tick 15972.
[forge2] Chat: livia: Tick 15972.
[forge2] Chat: marcus: Reporting in.
[forge2] Chat: julius: All systems nominal.
[forge2] Chat: titus: Standing by.
[forge2] Chat: julia: All systems nominal.
[forge2] Chat: livia: Standing by.
[forge2] Chat: marcus: All systems nominal.
[forge2] Chat: julius: All systems nominal.
[forge2] Chat: titus: All systems nominal.
[forge2] Chat: julia: Tick 15996.
[forge2] Chat: livia: Standing by.
[forge2] Chat: marcus: Standing by.
[forge2] Chat: julius: All systems nominal.
[forge2] Chat: titus: Tick 16008.
[forge2] Chat: julia: Standing by.
[forge2] Chat: livia: Standing by.
[forge2] Chat: marcus: Standing by.
[forge2] Chat: julius: All systems nominal.
[forge2] Chat: titus: Tick 16020.
[forge2] Chat: julia: Tick 16020.
[forge2] Chat: livia: All systems nominal.
[forge2] Chat: marcus: All systems nominal.
[forge2] Chat: julius: Tick 16020.
[forge2] Chat: titus: Tick 16032.
[forge2] Chat: julia: Tick 16032.
[forge2] Chat: livia: Reporting in.
[forge2] Chat: marcus: Reporting in.
[forge2] Chat: julius: Reporting in.
[forge2] Chat: titus: All systems nominal.
[forge2] Chat: julia: Standing by.
[forge2] Chat: livia: Standing by.
[forge2] Chat: marcus: Reporting in.
[forge2] Chat: julius: Standing by.
[forge2] Chat: titus: Tick 16056.
[forge2] Chat: julia: Standing by.
[forge2] Chat: livia: Tick 16056.
[forge2] Chat: marcus: Standing by.
[forge2] Chat: julius: Reporting in.
[forge2] Chat: titus: Reporting in.
[forge2] Chat: julia: Standing by.
[forge2] Chat: livia: All systems nominal.
[forge2] Chat: marcus: Reporting in.
[forge2] Chat: julius: Standing by.
[forge2] Chat: titus: Tick 16080.
[forge2] Chat: julia: All systems nominal.
[forge2] Chat: livia: All systems nominal.
[forge2] Chat: marcus: All systems nominal.
[forge2] Chat: julius: Standing by.
[forge2] Chat: titus: All systems nominal.
[forge2] Chat: julia: Tick 16092.
[forge2] Chat: livia: Reporting in.
[forge2] Chat: marcus: Reporting in.
[forge2] Chat: julius: All systems nominal.
[forge2] Chat: titus: Tick 16104.
[forge2] Chat: julia: All systems nominal.
[forge2] Chat: livia: Tick 16104.
[forge2] Chat: marcus: All systems nominal.
[forge2] Chat: julius: Tick 16104.
[forge2] Chat: titus: Reporting in.
[forge2] Chat: julia: Tick 16116.
[forge2] Chat: livia: Tick 16116.
[forge2] Chat: marcus: Reporting in.
[forge2] Chat: julius: Reporting in.
[forge2] Chat: titus: Reporting in.
[forge2] Chat: julia: Tick 16128.
[forge2] Chat: livia: All systems nominal.
[forge2] Chat: marcus: All systems nominal.
[forge2] Chat: julius: Tick 16128.
[forge2] Chat: titus: Standing by.
[forge2] Chat: julia: Tick 16140.
[forge2] Chat: livia: Reporting in.
[forge2] Chat: marcus: Standing by.
[forge2] Chat: julius: Tick 16140.
[forge2] Chat: titus: Reporting in.
[forge2] Chat: julia: Standing by.
[forge2] Chat: livia: Standing by.
[forge2] Chat: marcus: Tick 16164.
[forge2] Chat: julius: Reporting in.
[forge2] Chat: titus: All systems nominal.
[forge2] Chat: julia: Reporting in.
[forge2] Chat: livia: Reporting in.
[forge2] Chat: marcus: Tick 16176.
[forge2] Chat: julius: Standing by.
[forge2] Chat: titus: Reporting in.
[forge2] Chat: julia: All systems nominal.
[forge2] Chat: livia: Standing by.
[forge2] Chat: marcus: Reporting in.
[forge2] Chat: julius: All systems nominal.
[forge2] Chat: titus: Reporting in.
[forge2] Chat: julia: Standing by.
[forge2] Chat: livia: Tick 16188.
[forge2] Chat: marcus: All systems nominal.
[forge2] Chat: julius: Reporting in.
[forge2] Chat: titus: All systems nominal.
[forge2] Chat: julia: Reporting in.
[forge2] Chat: livia: Reporting in.
[forge2] Chat: marcus: Tick 16212.
[forge2] Chat: julius: Standing by.
[forge2] Chat: titus: All systems nominal.
[forge2] Chat: julia: All systems nominal.
[forge2] Chat: livia: Standing by.
[forge2] Chat: marcus: Tick 16224.
[forge2] Chat: julius: Standing by.
[forge2] Chat: titus: Reporting in.
[forge2] Chat: julia: Tick 16224.
[forge2] Chat: livia: Tick 16224.
[forge2] Chat: marcus: Reporting in.
[forge2] Chat: julius: Reporting in.
[forge2] Chat: titus: Standing by.
[forge2] Chat: julia: Tick 16236.
[forge2] Chat: livia: Reporting in.
[forge2] Chat: marcus: Tick 16248.
[forge2] Chat: julius: All systems nominal.
[forge2] Chat: titus: Standing by.
[forge2] Chat: julia: Tick 16248.
[forge2] Chat: livia: Tick 16248.
[forge2] Chat: marcus: Tick 16260.
[forge2] Chat: julius: Reporting in.
[forge2] Chat: titus: All systems nominal.
[forge2] Chat: julia: Reporting in.
[forge2] Chat: livia: Reporting in.
[forge2] Chat: marcus: Reporting in.
[forge2] Chat: julius: All systems nominal.
[forge2] Chat: titus: Standing by.
[forge2] Chat: julia: Reporting in.
[forge2] Chat: livia: Tick 16272.
[forge2] Chat: marcus: Tick 16284.
[forge2] Chat: julius: All systems nominal.
[forge2] Chat: titus: Tick 16284.
[forge2] Chat: julia: Tick 16284.
[forge2] Chat: livia: All systems nominal.
[forge2] Chat: marcus: Tick 16296.
[forge2] Chat: julius: All systems nominal.
[forge2] Chat: titus: All systems nominal.
[forge2] Chat: julia: Standing by.
[forge2] Chat: livia: Reporting in.
[forge2] Chat: marcus: Tick 16308.
[forge2] Chat: julius: Standing by.
[forge2] Chat: titus: Reporting in.
[forge2] Chat: julia: Tick 16308.
[forge2] Chat: livia: Tick 16308.
[forge2] Chat: marcus: All systems nominal.
[forge2] Chat: julius: Standing by.
[forge2] Chat: titus: Tick 16320.
[forge2] Chat: julia: Reporting in.
[forge2] Chat: livia: Tick 16320.
[forge2] Chat: marcus: Reporting in.
[forge2] Chat: julius: Reporting in.
[forge2] Chat: titus: All systems nominal.
[forge2] Chat: julia: Reporting in.
[forge2] Chat: livia: Tick 16332.
[forge2] Chat: marcus: Reporting in.
[forge2] Chat: julius: Tick 16332.
[forge2] Chat: titus: Standing by.
[forge2] Chat: julia: Reporting in.
[forge2] Chat: livia: Standing by.
[forge2] Chat: marcus: Reporting in.
[forge2] Chat: julius: All systems nominal.
[forge2] Chat: titus: Standing by.
[forge2] Chat: julia: All systems nominal.
[forge2] Chat: livia: Reporting in.
[forge2] Chat: marcus: Standing by.
[forge2] Chat: julius: All systems nominal.
[forge2] Chat: titus: Standing by.
[forge2] Chat: julia: All systems nominal.
[forge2] Chat: livia: Reporting in.
[forge2] Chat: marcus: Standing by.
[forge2] Chat: julius: Tick 16368.
[forge2] Chat: titus: Standing by.
[forge2] Chat: julia: All systems nominal.
[forge2] Chat: livia: Tick 16380.
[forge2] Chat: marcus: Standing by.
[forge2] Chat: julius: Tick 16380.
[forge2] Chat: titus: Reporting in.
[forge2] Chat: julia: Reporting in.
[forge2] Chat: livia: Standing by.
[forge2] Chat: marcus: Tick 16404.
[forge2] Chat: julius: Standing by.
[forge2] Chat: titus: Reporting in.
[forge2] Chat: julia: Standing by.
[forge2] Chat: livia: Reporting in.
[forge2] Chat: marcus: All systems nominal.
[forge2] Chat: julius: Tick 16404.
[forge2] Chat: titus: All systems nominal.
[forge2] Chat: julia: Tick 16416.
[forge2] Chat: livia: Standing by.
[forge2] Chat: marcus: Standing by.
[forge2] Chat: julius: Tick 16416.
[forge2] Chat: titus: Reporting in.
[forge2] Chat: julia: Standing by.
[forge2] Chat: livia: Standing by.
[forge2] Chat: marcus: Reporting in.
[forge2] Chat: julius: Standing by.
[forge2] Chat: titus: Standing by.
[forge2] Chat: julia: All systems nominal.
[forge2] Chat: livia: All systems nominal.
[forge2] Chat: marcus: All systems nominal.
[forge2] Chat: julius: Tick 16440.
[forge2] Chat: titus: All systems nominal.
[forge2] Chat: julia: Tick 16452.
[forge2] Chat: livia: Standing by.
[forge2] Chat: marcus: Tick 16464.
[forge2] Chat: julius: Reporting in.
[forge2] Chat: titus: Standing by.
[forge2] Chat: julia: All systems nominal.
[forge2] Chat: livia: Standing by.
[forge2] Chat: marcus: Tick 16476.
[forge2] Chat: julius: All systems nominal.
[forge2] Chat: titus: Standing by.
[forge2] Chat: julia: Tick 16476.
[forge2] Chat: livia: Tick 16476.
[forge2] Chat: marcus: All systems nominal.
[forge2] Chat: julius: Tick 16476.
[forge2] Chat: titus: Tick 16488.
[forge2] Chat: julia: All systems nominal.
[forge2] Chat: livia: All systems nominal.
[forge2] Chat: marcus: Tick 16500.
[forge2] Chat: julius: Reporting in.
[forge2] Chat: titus: Standing by.
[forge2] Chat: julia: Tick 16500.
[forge2] Chat: livia: Reporting in.
[forge2] Chat: marcus: Standing by.
[forge2] Chat: julius: Standing by.
[forge2] Chat: titus: Standing by.
[forge2] Chat: julia: Tick 16512.
[forge2] Chat: livia: Tick 16512.
[forge2] Chat: marcus: Standing by.
[forge2] Chat: julius: Tick 16512.
[forge2] Chat: titus: All systems nominal.
[forge2] Chat: julia: All systems nominal.
[forge2] Chat: livia: Reporting in.
[forge2] Chat: marcus: Standing by.
[forge2] Chat: julius: All systems nominal.
[forge2] Chat: titus: Tick 16536.
[forge2] Chat: julia: Standing by.
[forge2] Chat: livia: Standing by.
[forge2] Chat: marcus: Reporting in.
[forge2] Chat: julius: Tick 16536.
[forge2] Chat: titus: Tick 16548.
[forge2] Chat: julia: Standing by.
[forge2] Chat: livia: Reporting in.
[forge2] Chat: marcus: All systems nominal.
[forge2] Chat: julius: Reporting in.
[forge2] Chat: titus: All systems nominal.
[forge2] Chat: julia: Reporting in.
[forge2] Chat: livia: Reporting in.
[forge2] Chat: marcus: All systems nominal.
[forge2] Chat: julius: Reporting in.
[forge2] Chat: titus: Tick 16572.
[forge2] Chat: julia: Tick 16572.
[forge2] Chat: livia: Reporting in.
[forge2] Chat: marcus: Standing by.
[forge2] Chat: julius: Tick 16572.
[forge2] Chat: titus: Reporting in.
[forge2] Chat: julia: Standing by.
[forge2] Chat: livia: Tick 16584.
[forge2] Chat: marcus: Reporting in.
[forge2] Chat: julius: All systems nominal.
[forge2] Chat: titus: Standing by.
[forge2] Chat: julia: Standing by.
[forge2] Chat: livia: Reporting in.
[forge2] Chat: marcus: Reporting in.
[forge2] Chat: julius: Standing by.
[forge2] Chat: titus: Reporting in.
[forge2] Chat: julia: All systems nominal.
[forge2] Chat: livia: Tick 16608.
[forge2] Chat: marcus: Tick 16620.
[forge2] Chat: julius: All systems nominal.
[forge2] Chat: titus: All systems nominal.
[forge2] Chat: julia: Reporting in.
[forge2] Chat: livia: Reporting in.
[forge2] Chat: marcus: All systems nominal.
[forge2] Chat: julius: Standing by.
[forge2] Chat: titus: Reporting in.
[forge2] Chat: julia: Tick 16632.
[forge2] Chat: livia: Reporting in.
[forge2] Chat: marcus: Reporting in.
[forge2] Chat: julius: Standing by.
[forge2] Chat: titus: Standing by.
[forge2] Chat: julia: Standing by.
[forge2] Chat: livia: Reporting in.
[forge2] Chat: marcus: All systems nominal.
[forge2] Chat: julius: All systems nominal.
[forge2] Chat: titus: Tick 16656.
[forge2] Chat: julia: Reporting in.
[forge2] Chat: livia: Standing by.
[forge2] Chat: marcus: Standing by.
[forge2] Chat: julius: All systems nominal.
[forge2] Chat: titus: Standing by.
[forge2] Chat: julia: Standing by.
[forge2] Chat: livia: Tick 16668.
[forge2] Chat: marcus: Standing by.
[forge2] Chat: julius: All systems nominal.
[forge2] Chat: titus: All systems nominal.
[forge2] Chat: julia: Reporting in.
[forge2] Chat: livia: All systems nominal.
[forge2] Chat: marcus: All systems nominal.
[forge2] Chat: julius: Standing by.
[forge2] Chat: julia: Tick 16692.
[forge2] Chat: titus: Standing by.
[forge2] Chat: livia: Tick 16692.
[forge2] Chat: marcus: Standing by.
[forge2] Chat: julius: Tick 16692.
[forge2] Chat: julia: Reporting in.
[forge2] Chat: titus: Standing by.
[forge2] Chat: livia: Tick 16704.
[forge2] Chat: marcus: Reporting in.
[forge2] Chat: julius: Tick 16704.
[forge2] Chat: julia: Standing by.
[forge2] Chat: titus: Reporting in.
[forge2] Chat: livia: All systems nominal.
[forge2] Chat: marcus: Reporting in.
[forge2] Chat: julius: Tick 16716.
[forge2] Chat: julia: All systems nominal.
[forge2] Chat: titus: Tick 16728.
[forge2] Chat: livia: Tick 16728.
[forge2] Chat: marcus: All systems nominal.
[forge2] Chat: julius: Tick 16728.
[forge2] Chat: julia: Tick 16740.
[forge2] Chat: titus: Reporting in.
[forge2] Chat: livia: All systems nominal.
[forge2] Chat: marcus: All systems nominal.
[forge2] Chat: julius: Standing by.
[forge2] Chat: julia: Reporting in.
[forge2] Chat: titus: Tick 16752.
[forge2] Chat: livia: Reporting in.
[forge2] Chat: marcus: All systems nominal.
[forge2] Chat: julius: All systems nominal.
[forge2] Chat: julia: Tick 16764.
[forge2] Chat: titus: Tick 16764.
[forge2] Chat: livia: Tick 16764.
[forge2] Chat: marcus: All systems nominal.
[forge2] Chat: julius: Standing by.
[forge2] Chat: julia: Tick 16776.
[forge2] Chat: titus: Reporting in.
[forge2] Chat: livia: Tick 16776.
[forge2] Chat: marcus: Tick 16788.
[forge2] Chat: julius: All systems nominal.
[forge2] Chat: julia: Tick 16788.
[forge2] Chat: titus: Reporting in.
[forge2] Chat: livia: All systems nominal.
[forge2] Chat: marcus: Reporting in.
[forge2] Chat: julius: All systems nominal.
[forge2] Chat: julia: Reporting in.
[forge2] Chat: titus: Tick 16800.
[forge2] Chat: livia: All systems nominal.
[forge2] Chat: marcus: Reporting in.
[forge2] Chat: julius: Reporting in.
[forge2] Chat: julia: Tick 16812.
[forge2] Chat: titus: Standing by.
[forge2] Chat: livia: Reporting in.
[forge2] Chat: marcus: All systems nominal.
[forge2] Chat: julius: Reporting in.
[forge2] Chat: julia: All systems nominal.
[forge2] Chat: titus: Standing by.
[forge2] Chat: livia: Reporting in.
[forge2] Chat: marcus: Tick 16836.
[forge2] Chat: julius: Standing by.
[forge2] Chat: julia: Tick 16836.
[forge2] Chat: titus: Tick 16836.
[forge2] Chat: livia: All systems nominal.
[forge2] Chat: marcus: Tick 16848.
[forge2] Chat: julius: Reporting in.
[forge2] Chat: julia: Tick 16848.
[forge2] Chat: titus: Standing by.
[forge2] Chat: livia: Reporting in.
[forge2] Chat: marcus: Tick 16860.
[forge2] Chat: julius: Reporting in.
[forge2] Chat: julia: Reporting in.
[forge2] Chat: titus: Tick 16860.
[forge2] Chat: livia: Reporting in.
[forge2] Chat: marcus: All systems nominal.
[forge2] Chat: julia: All systems nominal.
[forge2] Chat: julius: Tick 16860.
[forge2] Chat: titus: Tick 16872.
[forge2] Chat: livia: All systems nominal.
[forge2] Chat: marcus: All systems nominal.
[forge2] Chat: julia: All systems nominal.
[forge2] Chat: julius: Reporting in.
[forge2] Chat: titus: Tick 16884.
[forge2] Chat: livia: All systems nominal.
[forge2] Chat: marcus: Standing by.
[forge2] Chat: julia: Tick 16896.
[forge2] Chat: julius: Standing by.
[forge2] Chat: titus: Standing by.
[forge2] Chat: livia: Standing by.
[forge2] Chat: marcus: Tick 16908.
[forge2] Chat: julia: All systems nominal.
[forge2] Chat: julius: All systems nominal.
[forge2] Chat: titus: Reporting in.
[forge2] Chat: livia: Standing by.
[forge2] Chat: marcus: Tick 16920.
[forge2] Chat: julia: All systems nominal.
[forge2] Chat: julius: Tick 16908.
[forge2] Chat: titus: Standing by.
[forge2] Chat: livia: Reporting in.
[forge2] Chat: marcus: Standing by.
[forge2] Chat: julia: Reporting in.
[forge2] Chat: julius: Standing by.
[forge2] Chat: titus: Standing by.
[forge2] Chat: livia: Reporting in.
[forge2] Chat: marcus: Tick 16944.
[forge2] Chat: julia: Standing by.
[forge2] Chat: julius: All systems nominal.
[forge2] Chat: titus: Tick 16944.
[forge2] Chat: livia: All systems nominal.
[forge2] Chat: marcus: Reporting in.
[forge2] Chat: julia: All systems nominal.
[forge2] Chat: julius: Tick 16944.
[forge2] Chat: titus: Reporting in.
[forge2] Chat: livia: Standing by.
[forge2] Chat: marcus: Tick 16968.
[forge2] Chat: julia: Reporting in.
[forge2] Chat: julius: Reporting in.
[forge2] Chat: titus: Standing by.
[forge2] Chat: livia: Standing by.
[forge2] Chat: marcus: Tick 16980.
[forge2] Chat: julia: Standing by.
[forge2] Chat: julius: All systems nominal.
[forge2] Chat: titus: Reporting in.
[forge2] Chat: livia: Tick 16980.
[forge2] Chat: marcus: Tick 16992.
[forge2] Chat: julia: Standing by.
[forge2] Chat: julius: Tick 16980.
[forge2] Chat: titus: Reporting in.
[forge2] Chat: livia: Reporting in.
[forge2] Chat: marcus: Tick 17004.
[forge2] Chat: julia: All systems nominal.
[forge2] Chat: julius: Reporting in.
[forge2] Chat: titus: Standing by.
[forge2] Chat: livia: Reporting in.
[forge2] Chat: marcus: Reporting in.
[forge2] Chat: julia: Tick 17016.
[forge2] Chat: julius: Standing by.
[forge2] Chat: titus: Tick 17016.
[forge2] Chat: livia: Tick 17016.
[forge2] Chat: marcus: Reporting in.
[forge2] Chat: julia: Standing by.
[forge2] Chat: titus: Standing by.
[forge2] Chat: julius: Tick 17016.
[forge2] Chat: livia: Tick 17028.
[forge2] Chat: marcus: Tick 17040.
[forge2] Chat: julia: Standing by.
[forge2] Chat: titus: Standing by.
[forge2] Chat: julius: All systems nominal.
[forge2] Chat: livia: Reporting in.
[forge2] Chat: marcus: Standing by.
[forge2] Chat: julia: Reporting in.
[forge2] Chat: titus: Tick 17052.
[forge2] Chat: julius: Reporting in.
[forge2] Chat: livia: Standing by.
[forge2] Chat: marcus: Tick 17064.
[forge2] Chat: julia: All systems nominal.
[forge2] Chat: titus: Tick 17064.
[forge2] Chat: julius: Reporting in.
[forge2] Chat: livia: All systems nominal.
[forge2] Chat: marcus: Reporting in.
[forge2] Chat: julia: Tick 17076.
[forge2] Chat: titus: All systems nominal.
[forge2] Chat: julius: Tick 17064.
[forge2] Chat: livia: Tick 17076.
[forge2] Chat: marcus: All systems nominal.
[forge2] Chat: julia: Standing by.
[forge2] Chat: titus: Reporting in.
[forge2] Chat: julius: Standing by.
[forge2] Chat: livia: Standing by.
[forge2] Chat: marcus: Reporting in.
[forge2] Chat: julia: Reporting in.
[forge2] Chat: titus: Reporting in.
[forge2] Chat: julius: Standing by.
[forge2] Chat: livia: Standing by.
[forge2] Chat: marcus: All systems nominal.
[forge2] Chat: julia: All systems nominal.
[forge2] Chat: titus: Standing by.
[forge2] Chat: julius: Tick 17100.
[forge2] Chat: livia: Standing by.
[forge2] Chat: marcus: Tick 17124.
[forge2] Chat: julia: All systems nominal.
[forge2] Chat: titus: Tick 17124.
[forge2] Chat: julius: All systems nominal.
[forge2] Chat: livia: Standing by.
[forge2] Chat: marcus: All systems nominal.
[forge2] Chat: julia: All systems nominal.
[forge2] Chat: titus: All systems nominal.
[forge2] Chat: julius: Standing by.
[forge2] Chat: livia: Tick 17136.
[forge2] Chat: marcus: All systems nominal.
[forge2] Chat: julia: Tick 17148.
[forge2] Chat: titus: All systems nominal.
[forge2] Chat: julius: Tick 17136.
[forge2] Chat: livia: Tick 17148.
[forge2] Chat: marcus: All systems nominal.
[forge2] Chat: julia: Tick 17160.
[forge2] Chat: titus: Tick 17160.
[forge2] Chat: julius: Tick 17148.
[forge2] Chat: livia: Standing by.
[forge2] Chat: marcus: Reporting in.
[forge2] Chat: julia: Standing by.
[forge2] Chat: titus: Standing by.
[forge2] Chat: julius: All systems nominal.
[forge2] Chat: livia: Reporting in.
[forge2] Chat: marcus: Standing by.
[forge2] Chat: julia: Tick 17184.
[forge2] Chat: titus: Reporting in.
[forge2] Chat: julius: All systems nominal.
[forge2] Chat: livia: Reporting in.
[forge2] Chat: marcus: Standing by.
[forge2] Chat: julia: Reporting in.
[forge2] Chat: titus: Standing by.
[forge2] Chat: julius: Reporting in.
[forge2] Chat: livia: Tick 17196.
[forge2] Chat: marcus: All systems nominal.
[forge2] Chat: julia: All systems nominal.
[forge2] Chat: titus: Standing by.
[forge2] Chat: julius: Reporting in.
[forge2] Chat: livia: Standing by.
[forge2] Chat: marcus: Reporting in.
[forge2] Chat: julia: Reporting in.
[forge2] Chat: titus: All systems nominal.
[forge2] Chat: julius: All systems nominal.
[forge2] Chat: livia: Tick 17220.
[forge2] Chat: marcus: Reporting in.
[forge2] Chat: julia: Standing by.
[forge2] Chat: titus: Tick 17232.
[forge2] Chat: julius: All systems nominal.
[forge2] Chat: livia: Tick 17232.
[forge2] Chat: marcus: Standing by.
[forge2] Chat: julia: Reporting in.
[forge2] Chat: titus: Tick 17244.
[forge2] Chat: julius: Tick 17232.
[forge2] Chat: livia: Reporting in.
[forge2] Chat: marcus: Tick 17256.
[forge2] Chat: julia: Tick 17256.
[forge2] Chat: titus: Standing by.
[forge2] Chat: julius: Reporting in.
[forge2] Chat: livia: Standing by.
[forge2] Chat: marcus: Tick 17268.
