[forge] Starting autonomous agent...
[forge] Waiting for spawn...
AggregateError [ECONNREFUSED]: 
    at internalConnectMultiple (node:net:1134:18)
    at afterConnectMultiple (node:net:1715:7) {
  code: 'ECONNREFUSED',
  [errors]: [
    Error: connect ECONNREFUSED ::1:25566
        at createConnectionError (node:net:1678:14)
        at afterConnectMultiple (node:net:1708:16) {
      errno: -111,
      code: 'ECONNREFUSED',
      syscall: 'connect',
      address: '::1',
      port: 25566
    },
    Error: connect ECONNREFUSED 127.0.0.1:25566
        at createConnectionError (node:net:1678:14)
        at afterConnectMultiple (node:net:1708:16) {
      errno: -111,
      code: 'ECONNREFUSED',
      syscall: 'connect',
      address: '127.0.0.1',
      port: 25566
    }
  ]
}
[forge] Error: 
[forge] Disconnected
[forge] Starting autonomous agent...
[forge] Waiting for spawn...
AggregateError [ECONNREFUSED]: 
    at internalConnectMultiple (node:net:1134:18)
    at afterConnectMultiple (node:net:1715:7) {
  code: 'ECONNREFUSED',
  [errors]: [
    Error: connect ECONNREFUSED ::1:25566
        at createConnectionError (node:net:1678:14)
        at afterConnectMultiple (node:net:1708:16) {
      errno: -111,
      code: 'ECONNREFUSED',
      syscall: 'connect',
      address: '::1',
      port: 25566
    },
    Error: connect ECONNREFUSED 127.0.0.1:25566
        at createConnectionError (node:net:1678:14)
        at afterConnectMultiple (node:net:1708:16) {
      errno: -111,
      code: 'ECONNREFUSED',
      syscall: 'connect',
      address: '127.0.0.1',
      port: 25566
    }
  ]
}
[forge] Error: 
[forge] Disconnected
[forge] Starting autonomous agent...
[forge] Waiting for spawn...
AggregateError [ETIMEDOUT]: 
    at internalConnectMultiple (node:net:1134:18)
    at afterConnectMultiple (node:net:1715:7) {
  code: 'ETIMEDOUT',
  [errors]: [
    Error: connect ETIMEDOUT ::1:25566
        at createConnectionError (node:net:1678:14)
        at Timeout.internalConnectMultipleTimeout (node:net:1737:38)
        at listOnTimeout (node:internal/timers:587:11)
        at process.processTimers (node:internal/timers:521:7) {
      errno: -110,
      code: 'ETIMEDOUT',
      syscall: 'connect',
      address: '::1',
      port: 25566
    },
    Error: connect ECONNREFUSED 127.0.0.1:25566
        at createConnectionError (node:net:1678:14)
        at afterConnectMultiple (node:net:1708:16) {
      errno: -111,
      code: 'ECONNREFUSED',
      syscall: 'connect',
      address: '127.0.0.1',
      port: 25566
    }
  ]
}
[forge] Error: 
[forge] Disconnected
[forge] Starting autonomous agent...
[forge] Waiting for spawn...
AggregateError [ECONNREFUSED]: 
    at internalConnectMultiple (node:net:1134:18)
    at afterConnectMultiple (node:net:1715:7) {
  code: 'ECONNREFUSED',
  [errors]: [
    Error: connect ECONNREFUSED ::1:25566
        at createConnectionError (node:net:1678:14)
        at afterConnectMultiple (node:net:1708:16) {
      errno: -111,
      code: 'ECONNREFUSED',
      syscall: 'connect',
      address: '::1',
      port: 25566
    },
    Error: connect ECONNREFUSED 127.0.0.1:25566
        at createConnectionError (node:net:1678:14)
        at afterConnectMultiple (node:net:1708:16) {
      errno: -111,
      code: 'ECONNREFUSED',
      syscall: 'connect',
      address: '127.0.0.1',
      port: 25566
    }
  ]
}
[forge] Error: 
[forge] Disconnected
[forge] Starting autonomous agent...
[forge] Waiting for spawn...
AggregateError [ECONNREFUSED]: 
    at internalConnectMultiple (node:net:1134:18)
    at afterConnectMultiple (node:net:1715:7) {
  code: 'ECONNREFUSED',
  [errors]: [
    Error: connect ECONNREFUSED ::1:25566
        at createConnectionError (node:net:1678:14)
        at afterConnectMultiple (node:net:1708:16) {
      errno: -111,
      code: 'ECONNREFUSED',
      syscall: 'connect',
      address: '::1',
      port: 25566
    },
    Error: connect ECONNREFUSED 127.0.0.1:25566
        at createConnectionError (node:net:1678:14)
        at afterConnectMultiple (node:net:1708:16) {
      errno: -111,
      code: 'ECONNREFUSED',
      syscall: 'connect',
      address: '127.0.0.1',
      port: 25566
    }
  ]
}
[forge] Error: 
[forge] Disconnected
[forge] Starting autonomous agent...
[forge] Waiting for spawn...
AggregateError [ECONNREFUSED]: 
    at internalConnectMultiple (node:net:1134:18)
    at afterConnectMultiple (node:net:1715:7) {
  code: 'ECONNREFUSED',
  [errors]: [
    Error: connect ECONNREFUSED ::1:25566
        at createConnectionError (node:net:1678:14)
        at afterConnectMultiple (node:net:1708:16) {
      errno: -111,
      code: 'ECONNREFUSED',
      syscall: 'connect',
      address: '::1',
      port: 25566
    },
    Error: connect ECONNREFUSED 127.0.0.1:25566
        at createConnectionError (node:net:1678:14)
        at afterConnectMultiple (node:net:1708:16) {
      errno: -111,
      code: 'ECONNREFUSED',
      syscall: 'connect',
      address: '127.0.0.1',
      port: 25566
    }
  ]
}
[forge] Error: 
[forge] Disconnected
[forge] Starting autonomous agent...
[forge] Waiting for spawn...
AggregateError [ECONNREFUSED]: 
    at internalConnectMultiple (node:net:1134:18)
    at afterConnectMultiple (node:net:1715:7) {
  code: 'ECONNREFUSED',
  [errors]: [
    Error: connect ECONNREFUSED ::1:25566
        at createConnectionError (node:net:1678:14)
        at afterConnectMultiple (node:net:1708:16) {
      errno: -111,
      code: 'ECONNREFUSED',
      syscall: 'connect',
      address: '::1',
      port: 25566
    },
    Error: connect ECONNREFUSED 127.0.0.1:25566
        at createConnectionError (node:net:1678:14)
        at afterConnectMultiple (node:net:1708:16) {
      errno: -111,
      code: 'ECONNREFUSED',
      syscall: 'connect',
      address: '127.0.0.1',
      port: 25566
    }
  ]
}
[forge] Error: 
[forge] Disconnected
[forge] Starting autonomous agent...
[forge] Waiting for spawn...
AggregateError [ECONNREFUSED]: 
    at internalConnectMultiple (node:net:1134:18)
    at afterConnectMultiple (node:net:1715:7) {
  code: 'ECONNREFUSED',
  [errors]: [
    Error: connect ECONNREFUSED ::1:25566
        at createConnectionError (node:net:1678:14)
        at afterConnectMultiple (node:net:1708:16) {
      errno: -111,
      code: 'ECONNREFUSED',
      syscall: 'connect',
      address: '::1',
      port: 25566
    },
    Error: connect ECONNREFUSED 127.0.0.1:25566
        at createConnectionError (node:net:1678:14)
        at afterConnectMultiple (node:net:1708:16) {
      errno: -111,
      code: 'ECONNREFUSED',
      syscall: 'connect',
      address: '127.0.0.1',
      port: 25566
    }
  ]
}
[forge] Error: 
[forge] Disconnected
[forge] Starting autonomous agent...
[forge] Waiting for spawn...
AggregateError [ECONNREFUSED]: 
    at internalConnectMultiple (node:net:1134:18)
    at afterConnectMultiple (node:net:1715:7) {
  code: 'ECONNREFUSED',
  [errors]: [
    Error: connect ECONNREFUSED ::1:25566
        at createConnectionError (node:net:1678:14)
        at afterConnectMultiple (node:net:1708:16) {
      errno: -111,
      code: 'ECONNREFUSED',
      syscall: 'connect',
      address: '::1',
      port: 25566
    },
    Error: connect ECONNREFUSED 127.0.0.1:25566
        at createConnectionError (node:net:1678:14)
        at afterConnectMultiple (node:net:1708:16) {
      errno: -111,
      code: 'ECONNREFUSED',
      syscall: 'connect',
      address: '127.0.0.1',
      port: 25566
    }
  ]
}
[forge] Error: 
[forge] Disconnected
[forge] Starting autonomous agent...
[forge] Waiting for spawn...
AggregateError [ECONNREFUSED]: 
    at internalConnectMultiple (node:net:1134:18)
    at afterConnectMultiple (node:net:1715:7) {
  code: 'ECONNREFUSED',
  [errors]: [
    Error: connect ECONNREFUSED ::1:25566
        at createConnectionError (node:net:1678:14)
        at afterConnectMultiple (node:net:1708:16) {
      errno: -111,
      code: 'ECONNREFUSED',
      syscall: 'connect',
      address: '::1',
      port: 25566
    },
    Error: connect ECONNREFUSED 127.0.0.1:25566
        at createConnectionError (node:net:1678:14)
        at afterConnectMultiple (node:net:1708:16) {
      errno: -111,
      code: 'ECONNREFUSED',
      syscall: 'connect',
      address: '127.0.0.1',
      port: 25566
    }
  ]
}
[forge] Error: 
[forge] Disconnected
[forge] Starting autonomous agent...
[forge] Starting autonomous agent...
[forge] Waiting for spawn...
AggregateError [ECONNREFUSED]: 
    at internalConnectMultiple (node:net:1134:18)
    at afterConnectMultiple (node:net:1715:7) {
  code: 'ECONNREFUSED',
  [errors]: [
    Error: connect ECONNREFUSED ::1:25566
        at createConnectionError (node:net:1678:14)
        at afterConnectMultiple (node:net:1708:16) {
      errno: -111,
      code: 'ECONNREFUSED',
      syscall: 'connect',
      address: '::1',
      port: 25566
    },
    Error: connect ECONNREFUSED 127.0.0.1:25566
        at createConnectionError (node:net:1678:14)
        at afterConnectMultiple (node:net:1708:16) {
      errno: -111,
      code: 'ECONNREFUSED',
      syscall: 'connect',
      address: '127.0.0.1',
      port: 25566
    }
  ]
}
[forge] Error: 
[forge] Disconnected
[forge] Waiting for spawn...
AggregateError [ECONNREFUSED]: 
    at internalConnectMultiple (node:net:1134:18)
    at afterConnectMultiple (node:net:1715:7) {
  code: 'ECONNREFUSED',
  [errors]: [
    Error: connect ECONNREFUSED ::1:25566
        at createConnectionError (node:net:1678:14)
        at afterConnectMultiple (node:net:1708:16) {
      errno: -111,
      code: 'ECONNREFUSED',
      syscall: 'connect',
      address: '::1',
      port: 25566
    },
    Error: connect ECONNREFUSED 127.0.0.1:25566
        at createConnectionError (node:net:1678:14)
        at afterConnectMultiple (node:net:1708:16) {
      errno: -111,
      code: 'ECONNREFUSED',
      syscall: 'connect',
      address: '127.0.0.1',
      port: 25566
    }
  ]
}
[forge] Error: 
[forge] Disconnected
[forge] Starting autonomous agent...
[forge] Waiting for spawn...
AggregateError [ECONNREFUSED]: 
    at internalConnectMultiple (node:net:1134:18)
    at afterConnectMultiple (node:net:1715:7) {
  code: 'ECONNREFUSED',
  [errors]: [
    Error: connect ECONNREFUSED ::1:25566
        at createConnectionError (node:net:1678:14)
        at afterConnectMultiple (node:net:1708:16) {
      errno: -111,
      code: 'ECONNREFUSED',
      syscall: 'connect',
      address: '::1',
      port: 25566
    },
    Error: connect ECONNREFUSED 127.0.0.1:25566
        at createConnectionError (node:net:1678:14)
        at afterConnectMultiple (node:net:1708:16) {
      errno: -111,
      code: 'ECONNREFUSED',
      syscall: 'connect',
      address: '127.0.0.1',
      port: 25566
    }
  ]
}
[forge] Error: 
[forge] Disconnected
[forge] Starting autonomous agent...
[forge] Waiting for spawn...
AggregateError [ECONNREFUSED]: 
    at internalConnectMultiple (node:net:1134:18)
    at afterConnectMultiple (node:net:1715:7) {
  code: 'ECONNREFUSED',
  [errors]: [
    Error: connect ECONNREFUSED ::1:25566
        at createConnectionError (node:net:1678:14)
        at afterConnectMultiple (node:net:1708:16) {
      errno: -111,
      code: 'ECONNREFUSED',
      syscall: 'connect',
      address: '::1',
      port: 25566
    },
    Error: connect ECONNREFUSED 127.0.0.1:25566
        at createConnectionError (node:net:1678:14)
        at afterConnectMultiple (node:net:1708:16) {
      errno: -111,
      code: 'ECONNREFUSED',
      syscall: 'connect',
      address: '127.0.0.1',
      port: 25566
    }
  ]
}
[forge] Error: 
[forge] Disconnected
[forge] Starting autonomous agent...
[forge] Waiting for spawn...
AggregateError [ECONNREFUSED]: 
    at internalConnectMultiple (node:net:1134:18)
    at afterConnectMultiple (node:net:1715:7) {
  code: 'ECONNREFUSED',
  [errors]: [
    Error: connect ECONNREFUSED ::1:25566
        at createConnectionError (node:net:1678:14)
        at afterConnectMultiple (node:net:1708:16) {
      errno: -111,
      code: 'ECONNREFUSED',
      syscall: 'connect',
      address: '::1',
      port: 25566
    },
    Error: connect ECONNREFUSED 127.0.0.1:25566
        at createConnectionError (node:net:1678:14)
        at afterConnectMultiple (node:net:1708:16) {
      errno: -111,
      code: 'ECONNREFUSED',
      syscall: 'connect',
      address: '127.0.0.1',
      port: 25566
    }
  ]
}
[forge] Error: 
[forge] Disconnected
[forge] Starting autonomous agent...
[forge] Waiting for spawn...
AggregateError [ECONNREFUSED]: 
    at internalConnectMultiple (node:net:1134:18)
    at afterConnectMultiple (node:net:1715:7) {
  code: 'ECONNREFUSED',
  [errors]: [
    Error: connect ECONNREFUSED ::1:25566
        at createConnectionError (node:net:1678:14)
        at afterConnectMultiple (node:net:1708:16) {
      errno: -111,
      code: 'ECONNREFUSED',
      syscall: 'connect',
      address: '::1',
      port: 25566
    },
    Error: connect ECONNREFUSED 127.0.0.1:25566
        at createConnectionError (node:net:1678:14)
        at afterConnectMultiple (node:net:1708:16) {
      errno: -111,
      code: 'ECONNREFUSED',
      syscall: 'connect',
      address: '127.0.0.1',
      port: 25566
    }
  ]
}
[forge] Error: 
[forge] Disconnected
[forge] Starting autonomous agent...
[forge] Waiting for spawn...
AggregateError [ETIMEDOUT]: 
    at internalConnectMultiple (node:net:1134:18)
    at afterConnectMultiple (node:net:1715:7) {
  code: 'ETIMEDOUT',
  [errors]: [
    Error: connect ETIMEDOUT ::1:25566
        at createConnectionError (node:net:1678:14)
        at Timeout.internalConnectMultipleTimeout (node:net:1737:38)
        at listOnTimeout (node:internal/timers:587:11)
        at process.processTimers (node:internal/timers:521:7) {
      errno: -110,
      code: 'ETIMEDOUT',
      syscall: 'connect',
      address: '::1',
      port: 25566
    },
    Error: connect ECONNREFUSED 127.0.0.1:25566
        at createConnectionError (node:net:1678:14)
        at afterConnectMultiple (node:net:1708:16) {
      errno: -111,
      code: 'ECONNREFUSED',
      syscall: 'connect',
      address: '127.0.0.1',
      port: 25566
    }
  ]
}
[forge] Error: 
[forge] Disconnected
[forge] Starting autonomous agent...
[forge] Waiting for spawn...
AggregateError [ECONNREFUSED]: 
    at internalConnectMultiple (node:net:1134:18)
    at afterConnectMultiple (node:net:1715:7) {
  code: 'ECONNREFUSED',
  [errors]: [
    Error: connect ECONNREFUSED ::1:25566
        at createConnectionError (node:net:1678:14)
        at afterConnectMultiple (node:net:1708:16) {
      errno: -111,
      code: 'ECONNREFUSED',
      syscall: 'connect',
      address: '::1',
      port: 25566
    },
    Error: connect ECONNREFUSED 127.0.0.1:25566
        at createConnectionError (node:net:1678:14)
        at afterConnectMultiple (node:net:1708:16) {
      errno: -111,
      code: 'ECONNREFUSED',
      syscall: 'connect',
      address: '127.0.0.1',
      port: 25566
    }
  ]
}
[forge] Error: 
[forge] Disconnected
[forge] Starting autonomous agent...
[forge] Waiting for spawn...
AggregateError [ECONNREFUSED]: 
    at internalConnectMultiple (node:net:1134:18)
    at afterConnectMultiple (node:net:1715:7) {
  code: 'ECONNREFUSED',
  [errors]: [
    Error: connect ECONNREFUSED ::1:25566
        at createConnectionError (node:net:1678:14)
        at afterConnectMultiple (node:net:1708:16) {
      errno: -111,
      code: 'ECONNREFUSED',
      syscall: 'connect',
      address: '::1',
      port: 25566
    },
    Error: connect ECONNREFUSED 127.0.0.1:25566
        at createConnectionError (node:net:1678:14)
        at afterConnectMultiple (node:net:1708:16) {
      errno: -111,
      code: 'ECONNREFUSED',
      syscall: 'connect',
      address: '127.0.0.1',
      port: 25566
    }
  ]
}
[forge] Error: 
[forge] Disconnected
[forge] Starting autonomous agent...
[forge] Waiting for spawn...
AggregateError [ECONNREFUSED]: 
    at internalConnectMultiple (node:net:1134:18)
    at afterConnectMultiple (node:net:1715:7) {
  code: 'ECONNREFUSED',
  [errors]: [
    Error: connect ECONNREFUSED ::1:25566
        at createConnectionError (node:net:1678:14)
        at afterConnectMultiple (node:net:1708:16) {
      errno: -111,
      code: 'ECONNREFUSED',
      syscall: 'connect',
      address: '::1',
      port: 25566
    },
    Error: connect ECONNREFUSED 127.0.0.1:25566
        at createConnectionError (node:net:1678:14)
        at afterConnectMultiple (node:net:1708:16) {
      errno: -111,
      code: 'ECONNREFUSED',
      syscall: 'connect',
      address: '127.0.0.1',
      port: 25566
    }
  ]
}
[forge] Error: 
[forge] Disconnected
[forge] Starting autonomous agent...
[forge] Waiting for spawn...
AggregateError [ECONNREFUSED]: 
    at internalConnectMultiple (node:net:1134:18)
    at afterConnectMultiple (node:net:1715:7) {
  code: 'ECONNREFUSED',
  [errors]: [
    Error: connect ECONNREFUSED ::1:25566
        at createConnectionError (node:net:1678:14)
        at afterConnectMultiple (node:net:1708:16) {
      errno: -111,
      code: 'ECONNREFUSED',
      syscall: 'connect',
      address: '::1',
      port: 25566
    },
    Error: connect ECONNREFUSED 127.0.0.1:25566
        at createConnectionError (node:net:1678:14)
        at afterConnectMultiple (node:net:1708:16) {
      errno: -111,
      code: 'ECONNREFUSED',
      syscall: 'connect',
      address: '127.0.0.1',
      port: 25566
    }
  ]
}
[forge] Error: 
[forge] Disconnected
[forge] Starting autonomous agent...
[forge] Waiting for spawn...
AggregateError [ECONNREFUSED]: 
    at internalConnectMultiple (node:net:1134:18)
    at afterConnectMultiple (node:net:1715:7) {
  code: 'ECONNREFUSED',
  [errors]: [
    Error: connect ECONNREFUSED ::1:25566
        at createConnectionError (node:net:1678:14)
        at afterConnectMultiple (node:net:1708:16) {
      errno: -111,
      code: 'ECONNREFUSED',
      syscall: 'connect',
      address: '::1',
      port: 25566
    },
    Error: connect ECONNREFUSED 127.0.0.1:25566
        at createConnectionError (node:net:1678:14)
        at afterConnectMultiple (node:net:1708:16) {
      errno: -111,
      code: 'ECONNREFUSED',
      syscall: 'connect',
      address: '127.0.0.1',
      port: 25566
    }
  ]
}
[forge] Error: 
[forge] Disconnected
[forge] Starting autonomous agent...
[forge] Waiting for spawn...
AggregateError [ECONNREFUSED]: 
    at internalConnectMultiple (node:net:1134:18)
    at afterConnectMultiple (node:net:1715:7) {
  code: 'ECONNREFUSED',
  [errors]: [
    Error: connect ECONNREFUSED ::1:25566
        at createConnectionError (node:net:1678:14)
        at afterConnectMultiple (node:net:1708:16) {
      errno: -111,
      code: 'ECONNREFUSED',
      syscall: 'connect',
      address: '::1',
      port: 25566
    },
    Error: connect ECONNREFUSED 127.0.0.1:25566
        at createConnectionError (node:net:1678:14)
        at afterConnectMultiple (node:net:1708:16) {
      errno: -111,
      code: 'ECONNREFUSED',
      syscall: 'connect',
      address: '127.0.0.1',
      port: 25566
    }
  ]
}
[forge] Error: 
[forge] Disconnected
[forge] Starting autonomous agent...
[forge] Waiting for spawn...
AggregateError [ECONNREFUSED]: 
    at internalConnectMultiple (node:net:1134:18)
    at afterConnectMultiple (node:net:1715:7) {
  code: 'ECONNREFUSED',
  [errors]: [
    Error: connect ECONNREFUSED ::1:25566
        at createConnectionError (node:net:1678:14)
        at afterConnectMultiple (node:net:1708:16) {
      errno: -111,
      code: 'ECONNREFUSED',
      syscall: 'connect',
      address: '::1',
      port: 25566
    },
    Error: connect ECONNREFUSED 127.0.0.1:25566
        at createConnectionError (node:net:1678:14)
        at afterConnectMultiple (node:net:1708:16) {
      errno: -111,
      code: 'ECONNREFUSED',
      syscall: 'connect',
      address: '127.0.0.1',
      port: 25566
    }
  ]
}
[forge] Error: 
[forge] Disconnected
[forge] Starting autonomous agent...
[forge] Waiting for spawn...
AggregateError [ECONNREFUSED]: 
    at internalConnectMultiple (node:net:1134:18)
    at afterConnectMultiple (node:net:1715:7) {
  code: 'ECONNREFUSED',
  [errors]: [
    Error: connect ECONNREFUSED ::1:25566
        at createConnectionError (node:net:1678:14)
        at afterConnectMultiple (node:net:1708:16) {
      errno: -111,
      code: 'ECONNREFUSED',
      syscall: 'connect',
      address: '::1',
      port: 25566
    },
    Error: connect ECONNREFUSED 127.0.0.1:25566
        at createConnectionError (node:net:1678:14)
        at afterConnectMultiple (node:net:1708:16) {
      errno: -111,
      code: 'ECONNREFUSED',
      syscall: 'connect',
      address: '127.0.0.1',
      port: 25566
    }
  ]
}
[forge] Error: 
[forge] Disconnected
[forge] Starting autonomous agent...
[forge] Waiting for spawn...
AggregateError [ECONNREFUSED]: 
    at internalConnectMultiple (node:net:1134:18)
    at afterConnectMultiple (node:net:1715:7) {
  code: 'ECONNREFUSED',
  [errors]: [
    Error: connect ECONNREFUSED ::1:25566
        at createConnectionError (node:net:1678:14)
        at afterConnectMultiple (node:net:1708:16) {
      errno: -111,
      code: 'ECONNREFUSED',
      syscall: 'connect',
      address: '::1',
      port: 25566
    },
    Error: connect ECONNREFUSED 127.0.0.1:25566
        at createConnectionError (node:net:1678:14)
        at afterConnectMultiple (node:net:1708:16) {
      errno: -111,
      code: 'ECONNREFUSED',
      syscall: 'connect',
      address: '127.0.0.1',
      port: 25566
    }
  ]
}
[forge] Error: 
[forge] Disconnected
[forge] Starting autonomous agent...
[forge] Waiting for spawn...
AggregateError [ECONNREFUSED]: 
    at internalConnectMultiple (node:net:1134:18)
    at afterConnectMultiple (node:net:1715:7) {
  code: 'ECONNREFUSED',
  [errors]: [
    Error: connect ECONNREFUSED ::1:25566
        at createConnectionError (node:net:1678:14)
        at afterConnectMultiple (node:net:1708:16) {
      errno: -111,
      code: 'ECONNREFUSED',
      syscall: 'connect',
      address: '::1',
      port: 25566
    },
    Error: connect ECONNREFUSED 127.0.0.1:25566
        at createConnectionError (node:net:1678:14)
        at afterConnectMultiple (node:net:1708:16) {
      errno: -111,
      code: 'ECONNREFUSED',
      syscall: 'connect',
      address: '127.0.0.1',
      port: 25566
    }
  ]
}
[forge] Error: 
[forge] Disconnected
[forge] Starting autonomous agent...
[forge] Waiting for spawn...
AggregateError [ECONNREFUSED]: 
    at internalConnectMultiple (node:net:1134:18)
    at afterConnectMultiple (node:net:1715:7) {
  code: 'ECONNREFUSED',
  [errors]: [
    Error: connect ECONNREFUSED ::1:25566
        at createConnectionError (node:net:1678:14)
        at afterConnectMultiple (node:net:1708:16) {
      errno: -111,
      code: 'ECONNREFUSED',
      syscall: 'connect',
      address: '::1',
      port: 25566
    },
    Error: connect ECONNREFUSED 127.0.0.1:25566
        at createConnectionError (node:net:1678:14)
        at afterConnectMultiple (node:net:1708:16) {
      errno: -111,
      code: 'ECONNREFUSED',
      syscall: 'connect',
      address: '127.0.0.1',
      port: 25566
    }
  ]
}
[forge] Error: 
[forge] Disconnected
[forge] Starting autonomous agent...
[forge] Waiting for spawn...
AggregateError [ECONNREFUSED]: 
    at internalConnectMultiple (node:net:1134:18)
    at afterConnectMultiple (node:net:1715:7) {
  code: 'ECONNREFUSED',
  [errors]: [
    Error: connect ECONNREFUSED ::1:25566
        at createConnectionError (node:net:1678:14)
        at afterConnectMultiple (node:net:1708:16) {
      errno: -111,
      code: 'ECONNREFUSED',
      syscall: 'connect',
      address: '::1',
      port: 25566
    },
    Error: connect ECONNREFUSED 127.0.0.1:25566
        at createConnectionError (node:net:1678:14)
        at afterConnectMultiple (node:net:1708:16) {
      errno: -111,
      code: 'ECONNREFUSED',
      syscall: 'connect',
      address: '127.0.0.1',
      port: 25566
    }
  ]
}
[forge] Error: 
[forge] Disconnected
[forge] Starting autonomous agent...
[forge] Waiting for spawn...
AggregateError [ECONNREFUSED]: 
    at internalConnectMultiple (node:net:1134:18)
    at afterConnectMultiple (node:net:1715:7) {
  code: 'ECONNREFUSED',
  [errors]: [
    Error: connect ECONNREFUSED ::1:25566
        at createConnectionError (node:net:1678:14)
        at afterConnectMultiple (node:net:1708:16) {
      errno: -111,
      code: 'ECONNREFUSED',
      syscall: 'connect',
      address: '::1',
      port: 25566
    },
    Error: connect ECONNREFUSED 127.0.0.1:25566
        at createConnectionError (node:net:1678:14)
        at afterConnectMultiple (node:net:1708:16) {
      errno: -111,
      code: 'ECONNREFUSED',
      syscall: 'connect',
      address: '127.0.0.1',
      port: 25566
    }
  ]
}
[forge] Error: 
[forge] Disconnected
[forge] Starting autonomous agent...
[forge] Waiting for spawn...
AggregateError [ECONNREFUSED]: 
    at internalConnectMultiple (node:net:1134:18)
    at afterConnectMultiple (node:net:1715:7) {
  code: 'ECONNREFUSED',
  [errors]: [
    Error: connect ECONNREFUSED ::1:25566
        at createConnectionError (node:net:1678:14)
        at afterConnectMultiple (node:net:1708:16) {
      errno: -111,
      code: 'ECONNREFUSED',
      syscall: 'connect',
      address: '::1',
      port: 25566
    },
    Error: connect ECONNREFUSED 127.0.0.1:25566
        at createConnectionError (node:net:1678:14)
        at afterConnectMultiple (node:net:1708:16) {
      errno: -111,
      code: 'ECONNREFUSED',
      syscall: 'connect',
      address: '127.0.0.1',
      port: 25566
    }
  ]
}
[forge] Error: 
[forge] Disconnected
[forge] Starting autonomous agent...
[forge] Waiting for spawn...
AggregateError [ECONNREFUSED]: 
    at internalConnectMultiple (node:net:1134:18)
    at afterConnectMultiple (node:net:1715:7) {
  code: 'ECONNREFUSED',
  [errors]: [
    Error: connect ECONNREFUSED ::1:25566
        at createConnectionError (node:net:1678:14)
        at afterConnectMultiple (node:net:1708:16) {
      errno: -111,
      code: 'ECONNREFUSED',
      syscall: 'connect',
      address: '::1',
      port: 25566
    },
    Error: connect ECONNREFUSED 127.0.0.1:25566
        at createConnectionError (node:net:1678:14)
        at afterConnectMultiple (node:net:1708:16) {
      errno: -111,
      code: 'ECONNREFUSED',
      syscall: 'connect',
      address: '127.0.0.1',
      port: 25566
    }
  ]
}
[forge] Error: 
[forge] Disconnected
[forge] Starting autonomous agent...
[forge] Waiting for spawn...
AggregateError [ECONNREFUSED]: 
    at internalConnectMultiple (node:net:1134:18)
    at afterConnectMultiple (node:net:1715:7) {
  code: 'ECONNREFUSED',
  [errors]: [
    Error: connect ECONNREFUSED ::1:25566
        at createConnectionError (node:net:1678:14)
        at afterConnectMultiple (node:net:1708:16) {
      errno: -111,
      code: 'ECONNREFUSED',
      syscall: 'connect',
      address: '::1',
      port: 25566
    },
    Error: connect ECONNREFUSED 127.0.0.1:25566
        at createConnectionError (node:net:1678:14)
        at afterConnectMultiple (node:net:1708:16) {
      errno: -111,
      code: 'ECONNREFUSED',
      syscall: 'connect',
      address: '127.0.0.1',
      port: 25566
    }
  ]
}
[forge] Error: 
[forge] Disconnected
[forge] Starting autonomous agent...
[forge] Waiting for spawn...
AggregateError [ECONNREFUSED]: 
    at internalConnectMultiple (node:net:1134:18)
    at afterConnectMultiple (node:net:1715:7) {
  code: 'ECONNREFUSED',
  [errors]: [
    Error: connect ECONNREFUSED ::1:25566
        at createConnectionError (node:net:1678:14)
        at afterConnectMultiple (node:net:1708:16) {
      errno: -111,
      code: 'ECONNREFUSED',
      syscall: 'connect',
      address: '::1',
      port: 25566
    },
    Error: connect ECONNREFUSED 127.0.0.1:25566
        at createConnectionError (node:net:1678:14)
        at afterConnectMultiple (node:net:1708:16) {
      errno: -111,
      code: 'ECONNREFUSED',
      syscall: 'connect',
      address: '127.0.0.1',
      port: 25566
    }
  ]
}
[forge] Error: 
[forge] Disconnected
[forge] Starting autonomous agent...
[forge] Waiting for spawn...
AggregateError [ECONNREFUSED]: 
    at internalConnectMultiple (node:net:1134:18)
    at afterConnectMultiple (node:net:1715:7) {
  code: 'ECONNREFUSED',
  [errors]: [
    Error: connect ECONNREFUSED ::1:25566
        at createConnectionError (node:net:1678:14)
        at afterConnectMultiple (node:net:1708:16) {
      errno: -111,
      code: 'ECONNREFUSED',
      syscall: 'connect',
      address: '::1',
      port: 25566
    },
    Error: connect ECONNREFUSED 127.0.0.1:25566
        at createConnectionError (node:net:1678:14)
        at afterConnectMultiple (node:net:1708:16) {
      errno: -111,
      code: 'ECONNREFUSED',
      syscall: 'connect',
      address: '127.0.0.1',
      port: 25566
    }
  ]
}
[forge] Error: 
[forge] Disconnected
[forge] Starting autonomous agent...
[forge] Waiting for spawn...
AggregateError [ECONNREFUSED]: 
    at internalConnectMultiple (node:net:1134:18)
    at afterConnectMultiple (node:net:1715:7) {
  code: 'ECONNREFUSED',
  [errors]: [
    Error: connect ECONNREFUSED ::1:25566
        at createConnectionError (node:net:1678:14)
        at afterConnectMultiple (node:net:1708:16) {
      errno: -111,
      code: 'ECONNREFUSED',
      syscall: 'connect',
      address: '::1',
      port: 25566
    },
    Error: connect ECONNREFUSED 127.0.0.1:25566
        at createConnectionError (node:net:1678:14)
        at afterConnectMultiple (node:net:1708:16) {
      errno: -111,
      code: 'ECONNREFUSED',
      syscall: 'connect',
      address: '127.0.0.1',
      port: 25566
    }
  ]
}
[forge] Error: 
[forge] Disconnected
[forge] Starting autonomous agent...
[forge] Waiting for spawn...
AggregateError [ECONNREFUSED]: 
    at internalConnectMultiple (node:net:1134:18)
    at afterConnectMultiple (node:net:1715:7) {
  code: 'ECONNREFUSED',
  [errors]: [
    Error: connect ECONNREFUSED ::1:25566
        at createConnectionError (node:net:1678:14)
        at afterConnectMultiple (node:net:1708:16) {
      errno: -111,
      code: 'ECONNREFUSED',
      syscall: 'connect',
      address: '::1',
      port: 25566
    },
    Error: connect ECONNREFUSED 127.0.0.1:25566
        at createConnectionError (node:net:1678:14)
        at afterConnectMultiple (node:net:1708:16) {
      errno: -111,
      code: 'ECONNREFUSED',
      syscall: 'connect',
      address: '127.0.0.1',
      port: 25566
    }
  ]
}
[forge] Error: 
[forge] Disconnected
[forge] Starting autonomous agent...
[forge] Waiting for spawn...
AggregateError [ECONNREFUSED]: 
    at internalConnectMultiple (node:net:1134:18)
    at afterConnectMultiple (node:net:1715:7) {
  code: 'ECONNREFUSED',
  [errors]: [
    Error: connect ECONNREFUSED ::1:25566
        at createConnectionError (node:net:1678:14)
        at afterConnectMultiple (node:net:1708:16) {
      errno: -111,
      code: 'ECONNREFUSED',
      syscall: 'connect',
      address: '::1',
      port: 25566
    },
    Error: connect ECONNREFUSED 127.0.0.1:25566
        at createConnectionError (node:net:1678:14)
        at afterConnectMultiple (node:net:1708:16) {
      errno: -111,
      code: 'ECONNREFUSED',
      syscall: 'connect',
      address: '127.0.0.1',
      port: 25566
    }
  ]
}
[forge] Error: 
[forge] Disconnected
[forge] Starting autonomous agent...
[forge] Waiting for spawn...
AggregateError [ECONNREFUSED]: 
    at internalConnectMultiple (node:net:1134:18)
    at afterConnectMultiple (node:net:1715:7) {
  code: 'ECONNREFUSED',
  [errors]: [
    Error: connect ECONNREFUSED ::1:25566
        at createConnectionError (node:net:1678:14)
        at afterConnectMultiple (node:net:1708:16) {
      errno: -111,
      code: 'ECONNREFUSED',
      syscall: 'connect',
      address: '::1',
      port: 25566
    },
    Error: connect ECONNREFUSED 127.0.0.1:25566
        at createConnectionError (node:net:1678:14)
        at afterConnectMultiple (node:net:1708:16) {
      errno: -111,
      code: 'ECONNREFUSED',
      syscall: 'connect',
      address: '127.0.0.1',
      port: 25566
    }
  ]
}
[forge] Error: 
[forge] Disconnected
[forge] Starting autonomous agent...
[forge] Waiting for spawn...
AggregateError [ECONNREFUSED]: 
    at internalConnectMultiple (node:net:1134:18)
    at afterConnectMultiple (node:net:1715:7) {
  code: 'ECONNREFUSED',
  [errors]: [
    Error: connect ECONNREFUSED ::1:25566
        at createConnectionError (node:net:1678:14)
        at afterConnectMultiple (node:net:1708:16) {
      errno: -111,
      code: 'ECONNREFUSED',
      syscall: 'connect',
      address: '::1',
      port: 25566
    },
    Error: connect ECONNREFUSED 127.0.0.1:25566
        at createConnectionError (node:net:1678:14)
        at afterConnectMultiple (node:net:1708:16) {
      errno: -111,
      code: 'ECONNREFUSED',
      syscall: 'connect',
      address: '127.0.0.1',
      port: 25566
    }
  ]
}
[forge] Error: 
[forge] Disconnected
[forge] Starting autonomous agent...
[forge] Waiting for spawn...
AggregateError [ECONNREFUSED]: 
    at internalConnectMultiple (node:net:1134:18)
    at afterConnectMultiple (node:net:1715:7) {
  code: 'ECONNREFUSED',
  [errors]: [
    Error: connect ECONNREFUSED ::1:25566
        at createConnectionError (node:net:1678:14)
        at afterConnectMultiple (node:net:1708:16) {
      errno: -111,
      code: 'ECONNREFUSED',
      syscall: 'connect',
      address: '::1',
      port: 25566
    },
    Error: connect ECONNREFUSED 127.0.0.1:25566
        at createConnectionError (node:net:1678:14)
        at afterConnectMultiple (node:net:1708:16) {
      errno: -111,
      code: 'ECONNREFUSED',
      syscall: 'connect',
      address: '127.0.0.1',
      port: 25566
    }
  ]
}
[forge] Error: 
[forge] Disconnected
[forge] Starting autonomous agent...
[forge] Waiting for spawn...
AggregateError [ECONNREFUSED]: 
    at internalConnectMultiple (node:net:1134:18)
    at afterConnectMultiple (node:net:1715:7) {
  code: 'ECONNREFUSED',
  [errors]: [
    Error: connect ECONNREFUSED ::1:25566
        at createConnectionError (node:net:1678:14)
        at afterConnectMultiple (node:net:1708:16) {
      errno: -111,
      code: 'ECONNREFUSED',
      syscall: 'connect',
      address: '::1',
      port: 25566
    },
    Error: connect ECONNREFUSED 127.0.0.1:25566
        at createConnectionError (node:net:1678:14)
        at afterConnectMultiple (node:net:1708:16) {
      errno: -111,
      code: 'ECONNREFUSED',
      syscall: 'connect',
      address: '127.0.0.1',
      port: 25566
    }
  ]
}
[forge] Error: 
[forge] Disconnected
[forge] Starting autonomous agent...
[forge] Waiting for spawn...
AggregateError [ECONNREFUSED]: 
    at internalConnectMultiple (node:net:1134:18)
    at afterConnectMultiple (node:net:1715:7) {
  code: 'ECONNREFUSED',
  [errors]: [
    Error: connect ECONNREFUSED ::1:25566
        at createConnectionError (node:net:1678:14)
        at afterConnectMultiple (node:net:1708:16) {
      errno: -111,
      code: 'ECONNREFUSED',
      syscall: 'connect',
      address: '::1',
      port: 25566
    },
    Error: connect ECONNREFUSED 127.0.0.1:25566
        at createConnectionError (node:net:1678:14)
        at afterConnectMultiple (node:net:1708:16) {
      errno: -111,
      code: 'ECONNREFUSED',
      syscall: 'connect',
      address: '127.0.0.1',
      port: 25566
    }
  ]
}
[forge] Error: 
[forge] Disconnected
[forge] Starting autonomous agent...
[forge] Waiting for spawn...
AggregateError [ECONNREFUSED]: 
    at internalConnectMultiple (node:net:1134:18)
    at afterConnectMultiple (node:net:1715:7) {
  code: 'ECONNREFUSED',
  [errors]: [
    Error: connect ECONNREFUSED ::1:25566
        at createConnectionError (node:net:1678:14)
        at afterConnectMultiple (node:net:1708:16) {
      errno: -111,
      code: 'ECONNREFUSED',
      syscall: 'connect',
      address: '::1',
      port: 25566
    },
    Error: connect ECONNREFUSED 127.0.0.1:25566
        at createConnectionError (node:net:1678:14)
        at afterConnectMultiple (node:net:1708:16) {
      errno: -111,
      code: 'ECONNREFUSED',
      syscall: 'connect',
      address: '127.0.0.1',
      port: 25566
    }
  ]
}
[forge] Error: 
[forge] Disconnected
[forge] Starting autonomous agent...
[forge] Waiting for spawn...
AggregateError [ECONNREFUSED]: 
    at internalConnectMultiple (node:net:1134:18)
    at afterConnectMultiple (node:net:1715:7) {
  code: 'ECONNREFUSED',
  [errors]: [
    Error: connect ECONNREFUSED ::1:25566
        at createConnectionError (node:net:1678:14)
        at afterConnectMultiple (node:net:1708:16) {
      errno: -111,
      code: 'ECONNREFUSED',
      syscall: 'connect',
      address: '::1',
      port: 25566
    },
    Error: connect ECONNREFUSED 127.0.0.1:25566
        at createConnectionError (node:net:1678:14)
        at afterConnectMultiple (node:net:1708:16) {
      errno: -111,
      code: 'ECONNREFUSED',
      syscall: 'connect',
      address: '127.0.0.1',
      port: 25566
    }
  ]
}
[forge] Error: 
[forge] Disconnected
[forge] Starting autonomous agent...
[forge] Waiting for spawn...
AggregateError [ECONNREFUSED]: 
    at internalConnectMultiple (node:net:1134:18)
    at afterConnectMultiple (node:net:1715:7) {
  code: 'ECONNREFUSED',
  [errors]: [
    Error: connect ECONNREFUSED ::1:25566
        at createConnectionError (node:net:1678:14)
        at afterConnectMultiple (node:net:1708:16) {
      errno: -111,
      code: 'ECONNREFUSED',
      syscall: 'connect',
      address: '::1',
      port: 25566
    },
    Error: connect ECONNREFUSED 127.0.0.1:25566
        at createConnectionError (node:net:1678:14)
        at afterConnectMultiple (node:net:1708:16) {
      errno: -111,
      code: 'ECONNREFUSED',
      syscall: 'connect',
      address: '127.0.0.1',
      port: 25566
    }
  ]
}
[forge] Error: 
[forge] Disconnected
[forge] Starting autonomous agent...
[forge] Waiting for spawn...
AggregateError [ECONNREFUSED]: 
    at internalConnectMultiple (node:net:1134:18)
    at afterConnectMultiple (node:net:1715:7) {
  code: 'ECONNREFUSED',
  [errors]: [
    Error: connect ECONNREFUSED ::1:25566
        at createConnectionError (node:net:1678:14)
        at afterConnectMultiple (node:net:1708:16) {
      errno: -111,
      code: 'ECONNREFUSED',
      syscall: 'connect',
      address: '::1',
      port: 25566
    },
    Error: connect ECONNREFUSED 127.0.0.1:25566
        at createConnectionError (node:net:1678:14)
        at afterConnectMultiple (node:net:1708:16) {
      errno: -111,
      code: 'ECONNREFUSED',
      syscall: 'connect',
      address: '127.0.0.1',
      port: 25566
    }
  ]
}
[forge] Error: 
[forge] Disconnected
[forge] Starting autonomous agent...
[forge] Waiting for spawn...
AggregateError [ECONNREFUSED]: 
    at internalConnectMultiple (node:net:1134:18)
    at afterConnectMultiple (node:net:1715:7) {
  code: 'ECONNREFUSED',
  [errors]: [
    Error: connect ECONNREFUSED ::1:25566
        at createConnectionError (node:net:1678:14)
        at afterConnectMultiple (node:net:1708:16) {
      errno: -111,
      code: 'ECONNREFUSED',
      syscall: 'connect',
      address: '::1',
      port: 25566
    },
    Error: connect ECONNREFUSED 127.0.0.1:25566
        at createConnectionError (node:net:1678:14)
        at afterConnectMultiple (node:net:1708:16) {
      errno: -111,
      code: 'ECONNREFUSED',
      syscall: 'connect',
      address: '127.0.0.1',
      port: 25566
    }
  ]
}
[forge] Error: 
[forge] Disconnected
[forge] Starting autonomous agent...
[forge] Waiting for spawn...
AggregateError [ECONNREFUSED]: 
    at internalConnectMultiple (node:net:1134:18)
    at afterConnectMultiple (node:net:1715:7) {
  code: 'ECONNREFUSED',
  [errors]: [
    Error: connect ECONNREFUSED ::1:25566
        at createConnectionError (node:net:1678:14)
        at afterConnectMultiple (node:net:1708:16) {
      errno: -111,
      code: 'ECONNREFUSED',
      syscall: 'connect',
      address: '::1',
      port: 25566
    },
    Error: connect ECONNREFUSED 127.0.0.1:25566
        at createConnectionError (node:net:1678:14)
        at afterConnectMultiple (node:net:1708:16) {
      errno: -111,
      code: 'ECONNREFUSED',
      syscall: 'connect',
      address: '127.0.0.1',
      port: 25566
    }
  ]
}
[forge] Error: 
[forge] Disconnected
[forge] Starting autonomous agent...
[forge] Waiting for spawn...
AggregateError [ECONNREFUSED]: 
    at internalConnectMultiple (node:net:1134:18)
    at afterConnectMultiple (node:net:1715:7) {
  code: 'ECONNREFUSED',
  [errors]: [
    Error: connect ECONNREFUSED ::1:25566
        at createConnectionError (node:net:1678:14)
        at afterConnectMultiple (node:net:1708:16) {
      errno: -111,
      code: 'ECONNREFUSED',
      syscall: 'connect',
      address: '::1',
      port: 25566
    },
    Error: connect ECONNREFUSED 127.0.0.1:25566
        at createConnectionError (node:net:1678:14)
        at afterConnectMultiple (node:net:1708:16) {
      errno: -111,
      code: 'ECONNREFUSED',
      syscall: 'connect',
      address: '127.0.0.1',
      port: 25566
    }
  ]
}
[forge] Error: 
[forge] Disconnected
[forge] Starting autonomous agent...
[forge] Waiting for spawn...
AggregateError [ECONNREFUSED]: 
    at internalConnectMultiple (node:net:1134:18)
    at afterConnectMultiple (node:net:1715:7) {
  code: 'ECONNREFUSED',
  [errors]: [
    Error: connect ECONNREFUSED ::1:25566
        at createConnectionError (node:net:1678:14)
        at afterConnectMultiple (node:net:1708:16) {
      errno: -111,
      code: 'ECONNREFUSED',
      syscall: 'connect',
      address: '::1',
      port: 25566
    },
    Error: connect ECONNREFUSED 127.0.0.1:25566
        at createConnectionError (node:net:1678:14)
        at afterConnectMultiple (node:net:1708:16) {
      errno: -111,
      code: 'ECONNREFUSED',
      syscall: 'connect',
      address: '127.0.0.1',
      port: 25566
    }
  ]
}
[forge] Error: 
[forge] Disconnected
[forge] Starting autonomous agent...
[forge] Waiting for spawn...
AggregateError [ECONNREFUSED]: 
    at internalConnectMultiple (node:net:1134:18)
    at afterConnectMultiple (node:net:1715:7) {
  code: 'ECONNREFUSED',
  [errors]: [
    Error: connect ECONNREFUSED ::1:25566
        at createConnectionError (node:net:1678:14)
        at afterConnectMultiple (node:net:1708:16) {
      errno: -111,
      code: 'ECONNREFUSED',
      syscall: 'connect',
      address: '::1',
      port: 25566
    },
    Error: connect ECONNREFUSED 127.0.0.1:25566
        at createConnectionError (node:net:1678:14)
        at afterConnectMultiple (node:net:1708:16) {
      errno: -111,
      code: 'ECONNREFUSED',
      syscall: 'connect',
      address: '127.0.0.1',
      port: 25566
    }
  ]
}
[forge] Error: 
[forge] Disconnected
[forge] Starting autonomous agent...
[forge] Waiting for spawn...
AggregateError [ECONNREFUSED]: 
    at internalConnectMultiple (node:net:1134:18)
    at afterConnectMultiple (node:net:1715:7) {
  code: 'ECONNREFUSED',
  [errors]: [
    Error: connect ECONNREFUSED ::1:25566
        at createConnectionError (node:net:1678:14)
        at afterConnectMultiple (node:net:1708:16) {
      errno: -111,
      code: 'ECONNREFUSED',
      syscall: 'connect',
      address: '::1',
      port: 25566
    },
    Error: connect ECONNREFUSED 127.0.0.1:25566
        at createConnectionError (node:net:1678:14)
        at afterConnectMultiple (node:net:1708:16) {
      errno: -111,
      code: 'ECONNREFUSED',
      syscall: 'connect',
      address: '127.0.0.1',
      port: 25566
    }
  ]
}
[forge] Error: 
[forge] Disconnected
[forge] Starting autonomous agent...
[forge] Waiting for spawn...
AggregateError [ECONNREFUSED]: 
    at internalConnectMultiple (node:net:1134:18)
    at afterConnectMultiple (node:net:1715:7) {
  code: 'ECONNREFUSED',
  [errors]: [
    Error: connect ECONNREFUSED ::1:25566
        at createConnectionError (node:net:1678:14)
        at afterConnectMultiple (node:net:1708:16) {
      errno: -111,
      code: 'ECONNREFUSED',
      syscall: 'connect',
      address: '::1',
      port: 25566
    },
    Error: connect ECONNREFUSED 127.0.0.1:25566
        at createConnectionError (node:net:1678:14)
        at afterConnectMultiple (node:net:1708:16) {
      errno: -111,
      code: 'ECONNREFUSED',
      syscall: 'connect',
      address: '127.0.0.1',
      port: 25566
    }
  ]
}
[forge] Error: 
[forge] Disconnected
[forge] Starting autonomous agent...
[forge] Waiting for spawn...
AggregateError [ECONNREFUSED]: 
    at internalConnectMultiple (node:net:1134:18)
    at afterConnectMultiple (node:net:1715:7) {
  code: 'ECONNREFUSED',
  [errors]: [
    Error: connect ECONNREFUSED ::1:25566
        at createConnectionError (node:net:1678:14)
        at afterConnectMultiple (node:net:1708:16) {
      errno: -111,
      code: 'ECONNREFUSED',
      syscall: 'connect',
      address: '::1',
      port: 25566
    },
    Error: connect ECONNREFUSED 127.0.0.1:25566
        at createConnectionError (node:net:1678:14)
        at afterConnectMultiple (node:net:1708:16) {
      errno: -111,
      code: 'ECONNREFUSED',
      syscall: 'connect',
      address: '127.0.0.1',
      port: 25566
    }
  ]
}
[forge] Error: 
[forge] Disconnected
[forge] Starting autonomous agent...
[forge] Waiting for spawn...
AggregateError [ECONNREFUSED]: 
    at internalConnectMultiple (node:net:1134:18)
    at afterConnectMultiple (node:net:1715:7) {
  code: 'ECONNREFUSED',
  [errors]: [
    Error: connect ECONNREFUSED ::1:25566
        at createConnectionError (node:net:1678:14)
        at afterConnectMultiple (node:net:1708:16) {
      errno: -111,
      code: 'ECONNREFUSED',
      syscall: 'connect',
      address: '::1',
      port: 25566
    },
    Error: connect ECONNREFUSED 127.0.0.1:25566
        at createConnectionError (node:net:1678:14)
        at afterConnectMultiple (node:net:1708:16) {
      errno: -111,
      code: 'ECONNREFUSED',
      syscall: 'connect',
      address: '127.0.0.1',
      port: 25566
    }
  ]
}
[forge] Error: 
[forge] Disconnected
[forge] Starting autonomous agent...
[forge] Waiting for spawn...
AggregateError [ECONNREFUSED]: 
    at internalConnectMultiple (node:net:1134:18)
    at afterConnectMultiple (node:net:1715:7) {
  code: 'ECONNREFUSED',
  [errors]: [
    Error: connect ECONNREFUSED ::1:25566
        at createConnectionError (node:net:1678:14)
        at afterConnectMultiple (node:net:1708:16) {
      errno: -111,
      code: 'ECONNREFUSED',
      syscall: 'connect',
      address: '::1',
      port: 25566
    },
    Error: connect ECONNREFUSED 127.0.0.1:25566
        at createConnectionError (node:net:1678:14)
        at afterConnectMultiple (node:net:1708:16) {
      errno: -111,
      code: 'ECONNREFUSED',
      syscall: 'connect',
      address: '127.0.0.1',
      port: 25566
    }
  ]
}
[forge] Error: 
[forge] Disconnected
[forge] Starting autonomous agent...
[forge] Waiting for spawn...
AggregateError [ECONNREFUSED]: 
    at internalConnectMultiple (node:net:1134:18)
    at afterConnectMultiple (node:net:1715:7) {
  code: 'ECONNREFUSED',
  [errors]: [
    Error: connect ECONNREFUSED ::1:25566
        at createConnectionError (node:net:1678:14)
        at afterConnectMultiple (node:net:1708:16) {
      errno: -111,
      code: 'ECONNREFUSED',
      syscall: 'connect',
      address: '::1',
      port: 25566
    },
    Error: connect ECONNREFUSED 127.0.0.1:25566
        at createConnectionError (node:net:1678:14)
        at afterConnectMultiple (node:net:1708:16) {
      errno: -111,
      code: 'ECONNREFUSED',
      syscall: 'connect',
      address: '127.0.0.1',
      port: 25566
    }
  ]
}
[forge] Error: 
[forge] Disconnected
[forge] Starting autonomous agent...
[forge] Waiting for spawn...
AggregateError [ECONNREFUSED]: 
    at internalConnectMultiple (node:net:1134:18)
    at afterConnectMultiple (node:net:1715:7) {
  code: 'ECONNREFUSED',
  [errors]: [
    Error: connect ECONNREFUSED ::1:25566
        at createConnectionError (node:net:1678:14)
        at afterConnectMultiple (node:net:1708:16) {
      errno: -111,
      code: 'ECONNREFUSED',
      syscall: 'connect',
      address: '::1',
      port: 25566
    },
    Error: connect ECONNREFUSED 127.0.0.1:25566
        at createConnectionError (node:net:1678:14)
        at afterConnectMultiple (node:net:1708:16) {
      errno: -111,
      code: 'ECONNREFUSED',
      syscall: 'connect',
      address: '127.0.0.1',
      port: 25566
    }
  ]
}
[forge] Error: 
[forge] Disconnected
[forge] Starting autonomous agent...
[forge] Waiting for spawn...
AggregateError [ECONNREFUSED]: 
    at internalConnectMultiple (node:net:1134:18)
    at afterConnectMultiple (node:net:1715:7) {
  code: 'ECONNREFUSED',
  [errors]: [
    Error: connect ECONNREFUSED ::1:25566
        at createConnectionError (node:net:1678:14)
        at afterConnectMultiple (node:net:1708:16) {
      errno: -111,
      code: 'ECONNREFUSED',
      syscall: 'connect',
      address: '::1',
      port: 25566
    },
    Error: connect ECONNREFUSED 127.0.0.1:25566
        at createConnectionError (node:net:1678:14)
        at afterConnectMultiple (node:net:1708:16) {
      errno: -111,
      code: 'ECONNREFUSED',
      syscall: 'connect',
      address: '127.0.0.1',
      port: 25566
    }
  ]
}
[forge] Error: 
[forge] Disconnected
[forge] Starting autonomous agent...
[forge] Waiting for spawn...
AggregateError [ECONNREFUSED]: 
    at internalConnectMultiple (node:net:1134:18)
    at afterConnectMultiple (node:net:1715:7) {
  code: 'ECONNREFUSED',
  [errors]: [
    Error: connect ECONNREFUSED ::1:25566
        at createConnectionError (node:net:1678:14)
        at afterConnectMultiple (node:net:1708:16) {
      errno: -111,
      code: 'ECONNREFUSED',
      syscall: 'connect',
      address: '::1',
      port: 25566
    },
    Error: connect ECONNREFUSED 127.0.0.1:25566
        at createConnectionError (node:net:1678:14)
        at afterConnectMultiple (node:net:1708:16) {
      errno: -111,
      code: 'ECONNREFUSED',
      syscall: 'connect',
      address: '127.0.0.1',
      port: 25566
    }
  ]
}
[forge] Error: 
[forge] Disconnected
[forge] Starting autonomous agent...
[forge] Waiting for spawn...
AggregateError [ETIMEDOUT]: 
    at internalConnectMultiple (node:net:1134:18)
    at afterConnectMultiple (node:net:1715:7) {
  code: 'ETIMEDOUT',
  [errors]: [
    Error: connect ETIMEDOUT ::1:25566
        at createConnectionError (node:net:1678:14)
        at Timeout.internalConnectMultipleTimeout (node:net:1737:38)
        at listOnTimeout (node:internal/timers:587:11)
        at process.processTimers (node:internal/timers:521:7) {
      errno: -110,
      code: 'ETIMEDOUT',
      syscall: 'connect',
      address: '::1',
      port: 25566
    },
    Error: connect ECONNREFUSED 127.0.0.1:25566
        at createConnectionError (node:net:1678:14)
        at afterConnectMultiple (node:net:1708:16) {
      errno: -111,
      code: 'ECONNREFUSED',
      syscall: 'connect',
      address: '127.0.0.1',
      port: 25566
    }
  ]
}
[forge] Error: 
[forge] Disconnected
[forge] Starting autonomous agent...
[forge] Waiting for spawn...
AggregateError [ECONNREFUSED]: 
    at internalConnectMultiple (node:net:1134:18)
    at afterConnectMultiple (node:net:1715:7) {
  code: 'ECONNREFUSED',
  [errors]: [
    Error: connect ECONNREFUSED ::1:25566
        at createConnectionError (node:net:1678:14)
        at afterConnectMultiple (node:net:1708:16) {
      errno: -111,
      code: 'ECONNREFUSED',
      syscall: 'connect',
      address: '::1',
      port: 25566
    },
    Error: connect ECONNREFUSED 127.0.0.1:25566
        at createConnectionError (node:net:1678:14)
        at afterConnectMultiple (node:net:1708:16) {
      errno: -111,
      code: 'ECONNREFUSED',
      syscall: 'connect',
      address: '127.0.0.1',
      port: 25566
    }
  ]
}
[forge] Error: 
[forge] Disconnected
[forge] Starting autonomous agent...
[forge] Waiting for spawn...
AggregateError [ECONNREFUSED]: 
    at internalConnectMultiple (node:net:1134:18)
    at afterConnectMultiple (node:net:1715:7) {
  code: 'ECONNREFUSED',
  [errors]: [
    Error: connect ECONNREFUSED ::1:25566
        at createConnectionError (node:net:1678:14)
        at afterConnectMultiple (node:net:1708:16) {
      errno: -111,
      code: 'ECONNREFUSED',
      syscall: 'connect',
      address: '::1',
      port: 25566
    },
    Error: connect ECONNREFUSED 127.0.0.1:25566
        at createConnectionError (node:net:1678:14)
        at afterConnectMultiple (node:net:1708:16) {
      errno: -111,
      code: 'ECONNREFUSED',
      syscall: 'connect',
      address: '127.0.0.1',
      port: 25566
    }
  ]
}
[forge] Error: 
[forge] Disconnected
[forge] Starting autonomous agent...
[forge] Waiting for spawn...
AggregateError [ECONNREFUSED]: 
    at internalConnectMultiple (node:net:1134:18)
    at afterConnectMultiple (node:net:1715:7) {
  code: 'ECONNREFUSED',
  [errors]: [
    Error: connect ECONNREFUSED ::1:25566
        at createConnectionError (node:net:1678:14)
        at afterConnectMultiple (node:net:1708:16) {
      errno: -111,
      code: 'ECONNREFUSED',
      syscall: 'connect',
      address: '::1',
      port: 25566
    },
    Error: connect ECONNREFUSED 127.0.0.1:25566
        at createConnectionError (node:net:1678:14)
        at afterConnectMultiple (node:net:1708:16) {
      errno: -111,
      code: 'ECONNREFUSED',
      syscall: 'connect',
      address: '127.0.0.1',
      port: 25566
    }
  ]
}
[forge] Error: 
[forge] Disconnected
[forge] Starting autonomous agent...
[forge] Waiting for spawn...
AggregateError [ECONNREFUSED]: 
    at internalConnectMultiple (node:net:1134:18)
    at afterConnectMultiple (node:net:1715:7) {
  code: 'ECONNREFUSED',
  [errors]: [
    Error: connect ECONNREFUSED ::1:25566
        at createConnectionError (node:net:1678:14)
        at afterConnectMultiple (node:net:1708:16) {
      errno: -111,
      code: 'ECONNREFUSED',
      syscall: 'connect',
      address: '::1',
      port: 25566
    },
    Error: connect ECONNREFUSED 127.0.0.1:25566
        at createConnectionError (node:net:1678:14)
        at afterConnectMultiple (node:net:1708:16) {
      errno: -111,
      code: 'ECONNREFUSED',
      syscall: 'connect',
      address: '127.0.0.1',
      port: 25566
    }
  ]
}
[forge] Error: 
[forge] Disconnected
[forge] Starting autonomous agent...
[forge] Waiting for spawn...
AggregateError [ECONNREFUSED]: 
    at internalConnectMultiple (node:net:1134:18)
    at afterConnectMultiple (node:net:1715:7) {
  code: 'ECONNREFUSED',
  [errors]: [
    Error: connect ECONNREFUSED ::1:25566
        at createConnectionError (node:net:1678:14)
        at afterConnectMultiple (node:net:1708:16) {
      errno: -111,
      code: 'ECONNREFUSED',
      syscall: 'connect',
      address: '::1',
      port: 25566
    },
    Error: connect ECONNREFUSED 127.0.0.1:25566
        at createConnectionError (node:net:1678:14)
        at afterConnectMultiple (node:net:1708:16) {
      errno: -111,
      code: 'ECONNREFUSED',
      syscall: 'connect',
      address: '127.0.0.1',
      port: 25566
    }
  ]
}
[forge] Error: 
[forge] Disconnected
[forge] Starting autonomous agent...
[forge] Waiting for spawn...
AggregateError [ECONNREFUSED]: 
    at internalConnectMultiple (node:net:1134:18)
    at afterConnectMultiple (node:net:1715:7) {
  code: 'ECONNREFUSED',
  [errors]: [
    Error: connect ECONNREFUSED ::1:25566
        at createConnectionError (node:net:1678:14)
        at afterConnectMultiple (node:net:1708:16) {
      errno: -111,
      code: 'ECONNREFUSED',
      syscall: 'connect',
      address: '::1',
      port: 25566
    },
    Error: connect ECONNREFUSED 127.0.0.1:25566
        at createConnectionError (node:net:1678:14)
        at afterConnectMultiple (node:net:1708:16) {
      errno: -111,
      code: 'ECONNREFUSED',
      syscall: 'connect',
      address: '127.0.0.1',
      port: 25566
    }
  ]
}
[forge] Error: 
[forge] Disconnected
[forge] Starting autonomous agent...
[forge] Waiting for spawn...
AggregateError [ECONNREFUSED]: 
    at internalConnectMultiple (node:net:1134:18)
    at afterConnectMultiple (node:net:1715:7) {
  code: 'ECONNREFUSED',
  [errors]: [
    Error: connect ECONNREFUSED ::1:25566
        at createConnectionError (node:net:1678:14)
        at afterConnectMultiple (node:net:1708:16) {
      errno: -111,
      code: 'ECONNREFUSED',
      syscall: 'connect',
      address: '::1',
      port: 25566
    },
    Error: connect ECONNREFUSED 127.0.0.1:25566
        at createConnectionError (node:net:1678:14)
        at afterConnectMultiple (node:net:1708:16) {
      errno: -111,
      code: 'ECONNREFUSED',
      syscall: 'connect',
      address: '127.0.0.1',
      port: 25566
    }
  ]
}
[forge] Error: 
[forge] Disconnected
[forge] Starting autonomous agent...
[forge] Waiting for spawn...
AggregateError [ECONNREFUSED]: 
    at internalConnectMultiple (node:net:1134:18)
    at afterConnectMultiple (node:net:1715:7) {
  code: 'ECONNREFUSED',
  [errors]: [
    Error: connect ECONNREFUSED ::1:25566
        at createConnectionError (node:net:1678:14)
        at afterConnectMultiple (node:net:1708:16) {
      errno: -111,
      code: 'ECONNREFUSED',
      syscall: 'connect',
      address: '::1',
      port: 25566
    },
    Error: connect ECONNREFUSED 127.0.0.1:25566
        at createConnectionError (node:net:1678:14)
        at afterConnectMultiple (node:net:1708:16) {
      errno: -111,
      code: 'ECONNREFUSED',
      syscall: 'connect',
      address: '127.0.0.1',
      port: 25566
    }
  ]
}
[forge] Error: 
[forge] Disconnected
[forge] Starting autonomous agent...
[forge] Waiting for spawn...
AggregateError [ECONNREFUSED]: 
    at internalConnectMultiple (node:net:1134:18)
    at afterConnectMultiple (node:net:1715:7) {
  code: 'ECONNREFUSED',
  [errors]: [
    Error: connect ECONNREFUSED ::1:25566
        at createConnectionError (node:net:1678:14)
        at afterConnectMultiple (node:net:1708:16) {
      errno: -111,
      code: 'ECONNREFUSED',
      syscall: 'connect',
      address: '::1',
      port: 25566
    },
    Error: connect ECONNREFUSED 127.0.0.1:25566
        at createConnectionError (node:net:1678:14)
        at afterConnectMultiple (node:net:1708:16) {
      errno: -111,
      code: 'ECONNREFUSED',
      syscall: 'connect',
      address: '127.0.0.1',
      port: 25566
    }
  ]
}
[forge] Error: 
[forge] Disconnected
[forge] Starting autonomous agent...
[forge] Waiting for spawn...
AggregateError [ECONNREFUSED]: 
    at internalConnectMultiple (node:net:1134:18)
    at afterConnectMultiple (node:net:1715:7) {
  code: 'ECONNREFUSED',
  [errors]: [
    Error: connect ECONNREFUSED ::1:25566
        at createConnectionError (node:net:1678:14)
        at afterConnectMultiple (node:net:1708:16) {
      errno: -111,
      code: 'ECONNREFUSED',
      syscall: 'connect',
      address: '::1',
      port: 25566
    },
    Error: connect ECONNREFUSED 127.0.0.1:25566
        at createConnectionError (node:net:1678:14)
        at afterConnectMultiple (node:net:1708:16) {
      errno: -111,
      code: 'ECONNREFUSED',
      syscall: 'connect',
      address: '127.0.0.1',
      port: 25566
    }
  ]
}
[forge] Error: 
[forge] Disconnected
[forge] Starting autonomous agent...
[forge] Waiting for spawn...
AggregateError [ECONNREFUSED]: 
    at internalConnectMultiple (node:net:1134:18)
    at afterConnectMultiple (node:net:1715:7) {
  code: 'ECONNREFUSED',
  [errors]: [
    Error: connect ECONNREFUSED ::1:25566
        at createConnectionError (node:net:1678:14)
        at afterConnectMultiple (node:net:1708:16) {
      errno: -111,
      code: 'ECONNREFUSED',
      syscall: 'connect',
      address: '::1',
      port: 25566
    },
    Error: connect ECONNREFUSED 127.0.0.1:25566
        at createConnectionError (node:net:1678:14)
        at afterConnectMultiple (node:net:1708:16) {
      errno: -111,
      code: 'ECONNREFUSED',
      syscall: 'connect',
      address: '127.0.0.1',
      port: 25566
    }
  ]
}
[forge] Error: 
[forge] Disconnected
[forge] Starting autonomous agent...
[forge] Waiting for spawn...
AggregateError [ECONNREFUSED]: 
    at internalConnectMultiple (node:net:1134:18)
    at afterConnectMultiple (node:net:1715:7) {
  code: 'ECONNREFUSED',
  [errors]: [
    Error: connect ECONNREFUSED ::1:25566
        at createConnectionError (node:net:1678:14)
        at afterConnectMultiple (node:net:1708:16) {
      errno: -111,
      code: 'ECONNREFUSED',
      syscall: 'connect',
      address: '::1',
      port: 25566
    },
    Error: connect ECONNREFUSED 127.0.0.1:25566
        at createConnectionError (node:net:1678:14)
        at afterConnectMultiple (node:net:1708:16) {
      errno: -111,
      code: 'ECONNREFUSED',
      syscall: 'connect',
      address: '127.0.0.1',
      port: 25566
    }
  ]
}
[forge] Error: 
[forge] Disconnected
[forge] Starting autonomous agent...
[forge] Waiting for spawn...
AggregateError [ECONNREFUSED]: 
    at internalConnectMultiple (node:net:1134:18)
    at afterConnectMultiple (node:net:1715:7) {
  code: 'ECONNREFUSED',
  [errors]: [
    Error: connect ECONNREFUSED ::1:25566
        at createConnectionError (node:net:1678:14)
        at afterConnectMultiple (node:net:1708:16) {
      errno: -111,
      code: 'ECONNREFUSED',
      syscall: 'connect',
      address: '::1',
      port: 25566
    },
    Error: connect ECONNREFUSED 127.0.0.1:25566
        at createConnectionError (node:net:1678:14)
        at afterConnectMultiple (node:net:1708:16) {
      errno: -111,
      code: 'ECONNREFUSED',
      syscall: 'connect',
      address: '127.0.0.1',
      port: 25566
    }
  ]
}
[forge] Error: 
[forge] Disconnected
[forge] Starting autonomous agent...
[forge] Waiting for spawn...
AggregateError [ECONNREFUSED]: 
    at internalConnectMultiple (node:net:1134:18)
    at afterConnectMultiple (node:net:1715:7) {
  code: 'ECONNREFUSED',
  [errors]: [
    Error: connect ECONNREFUSED ::1:25566
        at createConnectionError (node:net:1678:14)
        at afterConnectMultiple (node:net:1708:16) {
      errno: -111,
      code: 'ECONNREFUSED',
      syscall: 'connect',
      address: '::1',
      port: 25566
    },
    Error: connect ECONNREFUSED 127.0.0.1:25566
        at createConnectionError (node:net:1678:14)
        at afterConnectMultiple (node:net:1708:16) {
      errno: -111,
      code: 'ECONNREFUSED',
      syscall: 'connect',
      address: '127.0.0.1',
      port: 25566
    }
  ]
}
[forge] Error: 
[forge] Disconnected
[forge] Starting autonomous agent...
[forge] Waiting for spawn...
AggregateError [ECONNREFUSED]: 
    at internalConnectMultiple (node:net:1134:18)
    at afterConnectMultiple (node:net:1715:7) {
  code: 'ECONNREFUSED',
  [errors]: [
    Error: connect ECONNREFUSED ::1:25566
        at createConnectionError (node:net:1678:14)
        at afterConnectMultiple (node:net:1708:16) {
      errno: -111,
      code: 'ECONNREFUSED',
      syscall: 'connect',
      address: '::1',
      port: 25566
    },
    Error: connect ECONNREFUSED 127.0.0.1:25566
        at createConnectionError (node:net:1678:14)
        at afterConnectMultiple (node:net:1708:16) {
      errno: -111,
      code: 'ECONNREFUSED',
      syscall: 'connect',
      address: '127.0.0.1',
      port: 25566
    }
  ]
}
[forge] Error: 
[forge] Disconnected
[forge] Starting autonomous agent...
[forge] Waiting for spawn...
AggregateError [ECONNREFUSED]: 
    at internalConnectMultiple (node:net:1134:18)
    at afterConnectMultiple (node:net:1715:7) {
  code: 'ECONNREFUSED',
  [errors]: [
    Error: connect ECONNREFUSED ::1:25566
        at createConnectionError (node:net:1678:14)
        at afterConnectMultiple (node:net:1708:16) {
      errno: -111,
      code: 'ECONNREFUSED',
      syscall: 'connect',
      address: '::1',
      port: 25566
    },
    Error: connect ECONNREFUSED 127.0.0.1:25566
        at createConnectionError (node:net:1678:14)
        at afterConnectMultiple (node:net:1708:16) {
      errno: -111,
      code: 'ECONNREFUSED',
      syscall: 'connect',
      address: '127.0.0.1',
      port: 25566
    }
  ]
}
[forge] Error: 
[forge] Disconnected
[forge] Starting autonomous agent...
[forge] Waiting for spawn...
AggregateError [ECONNREFUSED]: 
    at internalConnectMultiple (node:net:1134:18)
    at afterConnectMultiple (node:net:1715:7) {
  code: 'ECONNREFUSED',
  [errors]: [
    Error: connect ECONNREFUSED ::1:25566
        at createConnectionError (node:net:1678:14)
        at afterConnectMultiple (node:net:1708:16) {
      errno: -111,
      code: 'ECONNREFUSED',
      syscall: 'connect',
      address: '::1',
      port: 25566
    },
    Error: connect ECONNREFUSED 127.0.0.1:25566
        at createConnectionError (node:net:1678:14)
        at afterConnectMultiple (node:net:1708:16) {
      errno: -111,
      code: 'ECONNREFUSED',
      syscall: 'connect',
      address: '127.0.0.1',
      port: 25566
    }
  ]
}
[forge] Error: 
[forge] Disconnected
[forge] Starting autonomous agent...
[forge] Waiting for spawn...
AggregateError [ECONNREFUSED]: 
    at internalConnectMultiple (node:net:1134:18)
    at afterConnectMultiple (node:net:1715:7) {
  code: 'ECONNREFUSED',
  [errors]: [
    Error: connect ECONNREFUSED ::1:25566
        at createConnectionError (node:net:1678:14)
        at afterConnectMultiple (node:net:1708:16) {
      errno: -111,
      code: 'ECONNREFUSED',
      syscall: 'connect',
      address: '::1',
      port: 25566
    },
    Error: connect ECONNREFUSED 127.0.0.1:25566
        at createConnectionError (node:net:1678:14)
        at afterConnectMultiple (node:net:1708:16) {
      errno: -111,
      code: 'ECONNREFUSED',
      syscall: 'connect',
      address: '127.0.0.1',
      port: 25566
    }
  ]
}
[forge] Error: 
[forge] Disconnected
[forge] Starting autonomous agent...
[forge] Waiting for spawn...
AggregateError [ECONNREFUSED]: 
    at internalConnectMultiple (node:net:1134:18)
    at afterConnectMultiple (node:net:1715:7) {
  code: 'ECONNREFUSED',
  [errors]: [
    Error: connect ECONNREFUSED ::1:25566
        at createConnectionError (node:net:1678:14)
        at afterConnectMultiple (node:net:1708:16) {
      errno: -111,
      code: 'ECONNREFUSED',
      syscall: 'connect',
      address: '::1',
      port: 25566
    },
    Error: connect ECONNREFUSED 127.0.0.1:25566
        at createConnectionError (node:net:1678:14)
        at afterConnectMultiple (node:net:1708:16) {
      errno: -111,
      code: 'ECONNREFUSED',
      syscall: 'connect',
      address: '127.0.0.1',
      port: 25566
    }
  ]
}
[forge] Error: 
[forge] Disconnected
[forge] Starting autonomous agent...
[forge] Waiting for spawn...
AggregateError [ECONNREFUSED]: 
    at internalConnectMultiple (node:net:1134:18)
    at afterConnectMultiple (node:net:1715:7) {
  code: 'ECONNREFUSED',
  [errors]: [
    Error: connect ECONNREFUSED ::1:25566
        at createConnectionError (node:net:1678:14)
        at afterConnectMultiple (node:net:1708:16) {
      errno: -111,
      code: 'ECONNREFUSED',
      syscall: 'connect',
      address: '::1',
      port: 25566
    },
    Error: connect ECONNREFUSED 127.0.0.1:25566
        at createConnectionError (node:net:1678:14)
        at afterConnectMultiple (node:net:1708:16) {
      errno: -111,
      code: 'ECONNREFUSED',
      syscall: 'connect',
      address: '127.0.0.1',
      port: 25566
    }
  ]
}
[forge] Error: 
[forge] Disconnected
[forge] Starting autonomous agent...
[forge] Waiting for spawn...
AggregateError [ECONNREFUSED]: 
    at internalConnectMultiple (node:net:1134:18)
    at afterConnectMultiple (node:net:1715:7) {
  code: 'ECONNREFUSED',
  [errors]: [
    Error: connect ECONNREFUSED ::1:25566
        at createConnectionError (node:net:1678:14)
        at afterConnectMultiple (node:net:1708:16) {
      errno: -111,
      code: 'ECONNREFUSED',
      syscall: 'connect',
      address: '::1',
      port: 25566
    },
    Error: connect ECONNREFUSED 127.0.0.1:25566
        at createConnectionError (node:net:1678:14)
        at afterConnectMultiple (node:net:1708:16) {
      errno: -111,
      code: 'ECONNREFUSED',
      syscall: 'connect',
      address: '127.0.0.1',
      port: 25566
    }
  ]
}
[forge] Error: 
[forge] Disconnected
[forge] Starting autonomous agent...
[forge] Waiting for spawn...
AggregateError [ECONNREFUSED]: 
    at internalConnectMultiple (node:net:1134:18)
    at afterConnectMultiple (node:net:1715:7) {
  code: 'ECONNREFUSED',
  [errors]: [
    Error: connect ECONNREFUSED ::1:25566
        at createConnectionError (node:net:1678:14)
        at afterConnectMultiple (node:net:1708:16) {
      errno: -111,
      code: 'ECONNREFUSED',
      syscall: 'connect',
      address: '::1',
      port: 25566
    },
    Error: connect ECONNREFUSED 127.0.0.1:25566
        at createConnectionError (node:net:1678:14)
        at afterConnectMultiple (node:net:1708:16) {
      errno: -111,
      code: 'ECONNREFUSED',
      syscall: 'connect',
      address: '127.0.0.1',
      port: 25566
    }
  ]
}
[forge] Error: 
[forge] Disconnected
[forge] Starting autonomous agent...
[forge] Waiting for spawn...
AggregateError [ECONNREFUSED]: 
    at internalConnectMultiple (node:net:1134:18)
    at afterConnectMultiple (node:net:1715:7) {
  code: 'ECONNREFUSED',
  [errors]: [
    Error: connect ECONNREFUSED ::1:25566
        at createConnectionError (node:net:1678:14)
        at afterConnectMultiple (node:net:1708:16) {
      errno: -111,
      code: 'ECONNREFUSED',
      syscall: 'connect',
      address: '::1',
      port: 25566
    },
    Error: connect ECONNREFUSED 127.0.0.1:25566
        at createConnectionError (node:net:1678:14)
        at afterConnectMultiple (node:net:1708:16) {
      errno: -111,
      code: 'ECONNREFUSED',
      syscall: 'connect',
      address: '127.0.0.1',
      port: 25566
    }
  ]
}
[forge] Error: 
[forge] Disconnected
[forge] Starting autonomous agent...
[forge] Waiting for spawn...
AggregateError [ECONNREFUSED]: 
    at internalConnectMultiple (node:net:1134:18)
    at afterConnectMultiple (node:net:1715:7) {
  code: 'ECONNREFUSED',
  [errors]: [
    Error: connect ECONNREFUSED ::1:25566
        at createConnectionError (node:net:1678:14)
        at afterConnectMultiple (node:net:1708:16) {
      errno: -111,
      code: 'ECONNREFUSED',
      syscall: 'connect',
      address: '::1',
      port: 25566
    },
    Error: connect ECONNREFUSED 127.0.0.1:25566
        at createConnectionError (node:net:1678:14)
        at afterConnectMultiple (node:net:1708:16) {
      errno: -111,
      code: 'ECONNREFUSED',
      syscall: 'connect',
      address: '127.0.0.1',
      port: 25566
    }
  ]
}
[forge] Error: 
[forge] Disconnected
[forge] Starting autonomous agent...
[forge] Waiting for spawn...
AggregateError [ECONNREFUSED]: 
    at internalConnectMultiple (node:net:1134:18)
    at afterConnectMultiple (node:net:1715:7) {
  code: 'ECONNREFUSED',
  [errors]: [
    Error: connect ECONNREFUSED ::1:25566
        at createConnectionError (node:net:1678:14)
        at afterConnectMultiple (node:net:1708:16) {
      errno: -111,
      code: 'ECONNREFUSED',
      syscall: 'connect',
      address: '::1',
      port: 25566
    },
    Error: connect ECONNREFUSED 127.0.0.1:25566
        at createConnectionError (node:net:1678:14)
        at afterConnectMultiple (node:net:1708:16) {
      errno: -111,
      code: 'ECONNREFUSED',
      syscall: 'connect',
      address: '127.0.0.1',
      port: 25566
    }
  ]
}
[forge] Error: 
[forge] Disconnected
[forge] Starting autonomous agent...
[forge] Waiting for spawn...
AggregateError [ECONNREFUSED]: 
    at internalConnectMultiple (node:net:1134:18)
    at afterConnectMultiple (node:net:1715:7) {
  code: 'ECONNREFUSED',
  [errors]: [
    Error: connect ECONNREFUSED ::1:25566
        at createConnectionError (node:net:1678:14)
        at afterConnectMultiple (node:net:1708:16) {
      errno: -111,
      code: 'ECONNREFUSED',
      syscall: 'connect',
      address: '::1',
      port: 25566
    },
    Error: connect ECONNREFUSED 127.0.0.1:25566
        at createConnectionError (node:net:1678:14)
        at afterConnectMultiple (node:net:1708:16) {
      errno: -111,
      code: 'ECONNREFUSED',
      syscall: 'connect',
      address: '127.0.0.1',
      port: 25566
    }
  ]
}
[forge] Error: 
[forge] Disconnected
[forge] Starting autonomous agent...
[forge] Waiting for spawn...
AggregateError [ECONNREFUSED]: 
    at internalConnectMultiple (node:net:1134:18)
    at afterConnectMultiple (node:net:1715:7) {
  code: 'ECONNREFUSED',
  [errors]: [
    Error: connect ECONNREFUSED ::1:25566
        at createConnectionError (node:net:1678:14)
        at afterConnectMultiple (node:net:1708:16) {
      errno: -111,
      code: 'ECONNREFUSED',
      syscall: 'connect',
      address: '::1',
      port: 25566
    },
    Error: connect ECONNREFUSED 127.0.0.1:25566
        at createConnectionError (node:net:1678:14)
        at afterConnectMultiple (node:net:1708:16) {
      errno: -111,
      code: 'ECONNREFUSED',
      syscall: 'connect',
      address: '127.0.0.1',
      port: 25566
    }
  ]
}
[forge] Error: 
[forge] Disconnected
[forge] Starting autonomous agent...
[forge] Waiting for spawn...
AggregateError [ECONNREFUSED]: 
    at internalConnectMultiple (node:net:1134:18)
    at afterConnectMultiple (node:net:1715:7) {
  code: 'ECONNREFUSED',
  [errors]: [
    Error: connect ECONNREFUSED ::1:25566
        at createConnectionError (node:net:1678:14)
        at afterConnectMultiple (node:net:1708:16) {
      errno: -111,
      code: 'ECONNREFUSED',
      syscall: 'connect',
      address: '::1',
      port: 25566
    },
    Error: connect ECONNREFUSED 127.0.0.1:25566
        at createConnectionError (node:net:1678:14)
        at afterConnectMultiple (node:net:1708:16) {
      errno: -111,
      code: 'ECONNREFUSED',
      syscall: 'connect',
      address: '127.0.0.1',
      port: 25566
    }
  ]
}
[forge] Error: 
[forge] Disconnected
[forge] Starting autonomous agent...
[forge] Waiting for spawn...
AggregateError [ECONNREFUSED]: 
    at internalConnectMultiple (node:net:1134:18)
    at afterConnectMultiple (node:net:1715:7) {
  code: 'ECONNREFUSED',
  [errors]: [
    Error: connect ECONNREFUSED ::1:25566
        at createConnectionError (node:net:1678:14)
        at afterConnectMultiple (node:net:1708:16) {
      errno: -111,
      code: 'ECONNREFUSED',
      syscall: 'connect',
      address: '::1',
      port: 25566
    },
    Error: connect ECONNREFUSED 127.0.0.1:25566
        at createConnectionError (node:net:1678:14)
        at afterConnectMultiple (node:net:1708:16) {
      errno: -111,
      code: 'ECONNREFUSED',
      syscall: 'connect',
      address: '127.0.0.1',
      port: 25566
    }
  ]
}
[forge] Error: 
[forge] Disconnected
[forge] Starting autonomous agent...
[forge] Waiting for spawn...
AggregateError [ECONNREFUSED]: 
    at internalConnectMultiple (node:net:1134:18)
    at afterConnectMultiple (node:net:1715:7) {
  code: 'ECONNREFUSED',
  [errors]: [
    Error: connect ECONNREFUSED ::1:25566
        at createConnectionError (node:net:1678:14)
        at afterConnectMultiple (node:net:1708:16) {
      errno: -111,
      code: 'ECONNREFUSED',
      syscall: 'connect',
      address: '::1',
      port: 25566
    },
    Error: connect ECONNREFUSED 127.0.0.1:25566
        at createConnectionError (node:net:1678:14)
        at afterConnectMultiple (node:net:1708:16) {
      errno: -111,
      code: 'ECONNREFUSED',
      syscall: 'connect',
      address: '127.0.0.1',
      port: 25566
    }
  ]
}
[forge] Error: 
[forge] Disconnected
[forge] Starting autonomous agent...
[forge] Waiting for spawn...
[forge] Disconnected
[forge] Starting autonomous agent...
[forge] Waiting for spawn...
[forge] Disconnected
[forge] Starting autonomous agent...
[forge] Waiting for spawn...
AggregateError [ECONNREFUSED]: 
    at internalConnectMultiple (node:net:1134:18)
    at afterConnectMultiple (node:net:1715:7) {
  code: 'ECONNREFUSED',
  [errors]: [
    Error: connect ECONNREFUSED ::1:25565
        at createConnectionError (node:net:1678:14)
        at afterConnectMultiple (node:net:1708:16) {
      errno: -111,
      code: 'ECONNREFUSED',
      syscall: 'connect',
      address: '::1',
      port: 25565
    },
    Error: connect ECONNREFUSED 127.0.0.1:25565
        at createConnectionError (node:net:1678:14)
        at afterConnectMultiple (node:net:1708:16) {
      errno: -111,
      code: 'ECONNREFUSED',
      syscall: 'connect',
      address: '127.0.0.1',
      port: 25565
    }
  ]
}
[forge] Error: 
[forge] Disconnected
[forge] Starting autonomous agent...
[forge] Waiting for spawn...
Error: read ECONNRESET
    at TCP.onStreamRead (node:internal/stream_base_commons:216:20) {
  errno: -104,
  code: 'ECONNRESET',
  syscall: 'read'
}
[forge] Error: read ECONNRESET
[forge] Disconnected
[forge] Starting autonomous agent...
[forge] Waiting for spawn...
[forge] ✅ Spawned in world at (-202.5, 64, -155.5)
[forge] Connecting to Brain at ws://localhost:8767
[forge] ✅ Brain connected
[forge] Brain command: registered
[forge] Starting autonomous agent...
Error: client timed out after 30000 milliseconds
    at Timeout._onTimeout (/root/.openclaw/workspace/node_modules/minecraft-protocol/src/client/keepalive.js:18:28)
    at listOnTimeout (node:internal/timers:585:17)
    at process.processTimers (node:internal/timers:521:7)
[forge] Error: client timed out after 30000 milliseconds
[forge] Waiting for spawn...
[forge] Disconnected
[forge] Disconnected
[forge] Starting autonomous agent...
[forge] Waiting for spawn...
[forge] ✅ Spawned in world at (-202.5, 64, -155.5)
[forge] Connecting to Brain at ws://localhost:8767
[forge] ✅ Brain connected
[forge] Brain command: registered
Error: client timed out after 30000 milliseconds
    at Timeout._onTimeout (/root/.openclaw/workspace/node_modules/minecraft-protocol/src/client/keepalive.js:18:28)
    at listOnTimeout (node:internal/timers:585:17)
    at process.processTimers (node:internal/timers:521:7)
[forge] Error: client timed out after 30000 milliseconds
[forge] Chat: aurora: Agent aurora online!
[forge] Chat: patricia: Agent patricia online!
[forge] Disconnected
[forge] Starting autonomous agent...
[forge] Waiting for spawn...
[forge] Starting autonomous agent...
[forge] Waiting for spawn...
[forge] Disconnected
[forge] Chat: chelios2: Agent chelios2 online!
[forge] ✅ Spawned in world at (-202.72935752856932, 64, -155.27064247143065)
[forge] Connecting to Brain at ws://localhost:8767
[forge] ✅ Brain connected
[forge] Brain command: registered
Error: write EPIPE
    at afterWriteDispatched (node:internal/stream_base_commons:159:15)
    at writeGeneric (node:internal/stream_base_commons:150:3)
    at Socket._writeGeneric (node:net:966:11)
    at Socket._write (node:net:978:8)
    at writeOrBuffer (node:internal/streams/writable:572:12)
    at _write (node:internal/streams/writable:501:10)
    at Writable.write (node:internal/streams/writable:510:10)
    at Framer.ondata (/root/.openclaw/workspace/node_modules/readable-stream/lib/internal/streams/readable.js:707:22)
    at Framer.emit (node:events:519:28)
    at addChunk (/root/.openclaw/workspace/node_modules/readable-stream/lib/internal/streams/readable.js:323:12) {
  errno: -32,
  code: 'EPIPE',
  syscall: 'write'
}
[forge] Error: write EPIPE
[forge] Disconnected
[forge] Starting autonomous agent...
[forge] Waiting for spawn...
[forge] ✅ Spawned in world at (-202.72935752856932, 64, -155.27064247143065)
[forge] Connecting to Brain at ws://localhost:8767
[forge] ✅ Brain connected
[forge] Brain command: registered
Error: write ECONNRESET
    at afterWriteDispatched (node:internal/stream_base_commons:159:15)
    at writeGeneric (node:internal/stream_base_commons:150:3)
    at Socket._writeGeneric (node:net:966:11)
    at Socket._write (node:net:978:8)
    at writeOrBuffer (node:internal/streams/writable:572:12)
    at _write (node:internal/streams/writable:501:10)
    at Writable.write (node:internal/streams/writable:510:10)
    at Framer.ondata (/root/.openclaw/workspace/node_modules/readable-stream/lib/internal/streams/readable.js:707:22)
    at Framer.emit (node:events:519:28)
    at addChunk (/root/.openclaw/workspace/node_modules/readable-stream/lib/internal/streams/readable.js:323:12) {
  errno: -104,
  code: 'ECONNRESET',
  syscall: 'write'
}
[forge] Error: write ECONNRESET
[forge] Disconnected
[forge] Starting autonomous agent...
[forge] Waiting for spawn...
[forge] ✅ Spawned in world at (-201.50453557966333, 64.66813598547792, -155.82276224221997)
[forge] Connecting to Brain at ws://localhost:8767
[forge] ✅ Brain connected
[forge] Brain command: registered
Error: write EPIPE
    at afterWriteDispatched (node:internal/stream_base_commons:159:15)
    at writeGeneric (node:internal/stream_base_commons:150:3)
    at Socket._writeGeneric (node:net:966:11)
    at Socket._write (node:net:978:8)
    at writeOrBuffer (node:internal/streams/writable:572:12)
    at _write (node:internal/streams/writable:501:10)
    at Writable.write (node:internal/streams/writable:510:10)
    at Framer.ondata (/root/.openclaw/workspace/node_modules/readable-stream/lib/internal/streams/readable.js:707:22)
    at Framer.emit (node:events:519:28)
    at addChunk (/root/.openclaw/workspace/node_modules/readable-stream/lib/internal/streams/readable.js:323:12) {
  errno: -32,
  code: 'EPIPE',
  syscall: 'write'
}
[forge] Error: write EPIPE
[forge] Disconnected
[forge] Starting autonomous agent...
[forge] Waiting for spawn...
[forge] ✅ Spawned in world at (-206.57757796386943, 65.33319999363422, -149.40314823382343)
[forge] Connecting to Brain at ws://localhost:8767
[forge] ✅ Brain connected
[forge] Brain command: registered
Error: write EPIPE
    at afterWriteDispatched (node:internal/stream_base_commons:159:15)
    at writeGeneric (node:internal/stream_base_commons:150:3)
    at Socket._writeGeneric (node:net:966:11)
    at Socket._write (node:net:978:8)
    at writeOrBuffer (node:internal/streams/writable:572:12)
    at _write (node:internal/streams/writable:501:10)
    at Writable.write (node:internal/streams/writable:510:10)
    at Framer.ondata (/root/.openclaw/workspace/node_modules/readable-stream/lib/internal/streams/readable.js:707:22)
    at Framer.emit (node:events:519:28)
    at addChunk (/root/.openclaw/workspace/node_modules/readable-stream/lib/internal/streams/readable.js:323:12) {
  errno: -32,
  code: 'EPIPE',
  syscall: 'write'
}
[forge] Error: write EPIPE
[forge] Disconnected
[forge] Starting autonomous agent...
[forge] Waiting for spawn...
[forge] ✅ Spawned in world at (-208.52039967628048, 65, -154.53667469806624)
[forge] Connecting to Brain at ws://localhost:8767
[forge] ✅ Brain connected
[forge] Brain command: registered
Error: write EPIPE
    at afterWriteDispatched (node:internal/stream_base_commons:159:15)
    at writeGeneric (node:internal/stream_base_commons:150:3)
    at Socket._writeGeneric (node:net:966:11)
    at Socket._write (node:net:978:8)
    at writeOrBuffer (node:internal/streams/writable:572:12)
    at _write (node:internal/streams/writable:501:10)
    at Writable.write (node:internal/streams/writable:510:10)
    at Framer.ondata (/root/.openclaw/workspace/node_modules/readable-stream/lib/internal/streams/readable.js:707:22)
    at Framer.emit (node:events:519:28)
    at addChunk (/root/.openclaw/workspace/node_modules/readable-stream/lib/internal/streams/readable.js:323:12) {
  errno: -32,
  code: 'EPIPE',
  syscall: 'write'
}
[forge] Error: write EPIPE
[forge] Disconnected
[forge] Starting autonomous agent...
[forge] Waiting for spawn...
[forge] ✅ Spawned in world at (-215.30156711493132, 64, -149.6836104133712)
[forge] Connecting to Brain at ws://localhost:8767
[forge] ✅ Brain connected
[forge] Brain command: registered
Error: write EPIPE
    at afterWriteDispatched (node:internal/stream_base_commons:159:15)
    at writeGeneric (node:internal/stream_base_commons:150:3)
    at Socket._writeGeneric (node:net:966:11)
    at Socket._write (node:net:978:8)
    at writeOrBuffer (node:internal/streams/writable:572:12)
    at _write (node:internal/streams/writable:501:10)
    at Writable.write (node:internal/streams/writable:510:10)
    at Framer.ondata (/root/.openclaw/workspace/node_modules/readable-stream/lib/internal/streams/readable.js:707:22)
    at Framer.emit (node:events:519:28)
    at addChunk (/root/.openclaw/workspace/node_modules/readable-stream/lib/internal/streams/readable.js:323:12) {
  errno: -32,
  code: 'EPIPE',
  syscall: 'write'
}
[forge] Error: write EPIPE
[forge] Disconnected
[forge] Starting autonomous agent...
[forge] Waiting for spawn...
[forge] ✅ Spawned in world at (-216.4999022347908, 64, -143.603318207924)
[forge] Connecting to Brain at ws://localhost:8767
[forge] ✅ Brain connected
[forge] Brain command: registered
Error: write EPIPE
    at afterWriteDispatched (node:internal/stream_base_commons:159:15)
    at writeGeneric (node:internal/stream_base_commons:150:3)
    at Socket._writeGeneric (node:net:966:11)
    at Socket._write (node:net:978:8)
    at writeOrBuffer (node:internal/streams/writable:572:12)
    at _write (node:internal/streams/writable:501:10)
    at Writable.write (node:internal/streams/writable:510:10)
    at Framer.ondata (/root/.openclaw/workspace/node_modules/readable-stream/lib/internal/streams/readable.js:707:22)
    at Framer.emit (node:events:519:28)
    at addChunk (/root/.openclaw/workspace/node_modules/readable-stream/lib/internal/streams/readable.js:323:12) {
  errno: -32,
  code: 'EPIPE',
  syscall: 'write'
}
[forge] Error: write EPIPE
[forge] Disconnected
[forge] Starting autonomous agent...
[forge] Waiting for spawn...
[forge] ✅ Spawned in world at (-212.5, 65, -145.5242060089174)
[forge] Connecting to Brain at ws://localhost:8767
[forge] ✅ Brain connected
[forge] Brain command: registered
Error: write EPIPE
    at afterWriteDispatched (node:internal/stream_base_commons:159:15)
    at writeGeneric (node:internal/stream_base_commons:150:3)
    at Socket._writeGeneric (node:net:966:11)
    at Socket._write (node:net:978:8)
    at writeOrBuffer (node:internal/streams/writable:572:12)
    at _write (node:internal/streams/writable:501:10)
    at Writable.write (node:internal/streams/writable:510:10)
    at Framer.ondata (/root/.openclaw/workspace/node_modules/readable-stream/lib/internal/streams/readable.js:707:22)
    at Framer.emit (node:events:519:28)
    at addChunk (/root/.openclaw/workspace/node_modules/readable-stream/lib/internal/streams/readable.js:323:12) {
  errno: -32,
  code: 'EPIPE',
  syscall: 'write'
}
[forge] Error: write EPIPE
[forge] Disconnected
[forge] Starting autonomous agent...
[forge] Waiting for spawn...
[forge] ✅ Spawned in world at (-212.49975037948906, 65, -141.6523979578347)
[forge] Connecting to Brain at ws://localhost:8767
[forge] ✅ Brain connected
[forge] Brain command: registered
Error: write EPIPE
    at afterWriteDispatched (node:internal/stream_base_commons:159:15)
    at writeGeneric (node:internal/stream_base_commons:150:3)
    at Socket._writeGeneric (node:net:966:11)
    at Socket._write (node:net:978:8)
    at writeOrBuffer (node:internal/streams/writable:572:12)
    at _write (node:internal/streams/writable:501:10)
    at Writable.write (node:internal/streams/writable:510:10)
    at Framer.ondata (/root/.openclaw/workspace/node_modules/readable-stream/lib/internal/streams/readable.js:707:22)
    at Framer.emit (node:events:519:28)
    at addChunk (/root/.openclaw/workspace/node_modules/readable-stream/lib/internal/streams/readable.js:323:12) {
  errno: -32,
  code: 'EPIPE',
  syscall: 'write'
}
[forge] Error: write EPIPE
[forge] Disconnected
[forge] Starting autonomous agent...
[forge] Waiting for spawn...
[forge] ✅ Spawned in world at (-214.5, 64, -136.5)
[forge] Connecting to Brain at ws://localhost:8767
[forge] ✅ Brain connected
[forge] Brain command: registered
Error: write EPIPE
    at afterWriteDispatched (node:internal/stream_base_commons:159:15)
    at writeGeneric (node:internal/stream_base_commons:150:3)
    at Socket._writeGeneric (node:net:966:11)
    at Socket._write (node:net:978:8)
    at writeOrBuffer (node:internal/streams/writable:572:12)
    at _write (node:internal/streams/writable:501:10)
    at Writable.write (node:internal/streams/writable:510:10)
    at Framer.ondata (/root/.openclaw/workspace/node_modules/readable-stream/lib/internal/streams/readable.js:707:22)
    at Framer.emit (node:events:519:28)
    at addChunk (/root/.openclaw/workspace/node_modules/readable-stream/lib/internal/streams/readable.js:323:12) {
  errno: -32,
  code: 'EPIPE',
  syscall: 'write'
}
[forge] Error: write EPIPE
[forge] Disconnected
[forge] Starting autonomous agent...
[forge] Waiting for spawn...
[forge] ✅ Spawned in world at (-219.58135183460024, 62, -129.41845926624273)
[forge] Connecting to Brain at ws://localhost:8767
[forge] ✅ Brain connected
[forge] Brain command: registered
Error: write EPIPE
    at afterWriteDispatched (node:internal/stream_base_commons:159:15)
    at writeGeneric (node:internal/stream_base_commons:150:3)
    at Socket._writeGeneric (node:net:966:11)
    at Socket._write (node:net:978:8)
    at writeOrBuffer (node:internal/streams/writable:572:12)
    at _write (node:internal/streams/writable:501:10)
    at Writable.write (node:internal/streams/writable:510:10)
    at Framer.ondata (/root/.openclaw/workspace/node_modules/readable-stream/lib/internal/streams/readable.js:707:22)
    at Framer.emit (node:events:519:28)
    at addChunk (/root/.openclaw/workspace/node_modules/readable-stream/lib/internal/streams/readable.js:323:12) {
  errno: -32,
  code: 'EPIPE',
  syscall: 'write'
}
[forge] Error: write EPIPE
[forge] Disconnected
[forge] Starting autonomous agent...
[forge] Waiting for spawn...
[forge] ✅ Spawned in world at (-220.04029305232825, 59.263484984503876, -122.17093722179581)
[forge] Connecting to Brain at ws://localhost:8767
[forge] ✅ Brain connected
[forge] Brain command: registered
Error: write EPIPE
    at afterWriteDispatched (node:internal/stream_base_commons:159:15)
    at writeGeneric (node:internal/stream_base_commons:150:3)
    at Socket._writeGeneric (node:net:966:11)
    at Socket._write (node:net:978:8)
    at writeOrBuffer (node:internal/streams/writable:572:12)
    at _write (node:internal/streams/writable:501:10)
    at Writable.write (node:internal/streams/writable:510:10)
    at Framer.ondata (/root/.openclaw/workspace/node_modules/readable-stream/lib/internal/streams/readable.js:707:22)
    at Framer.emit (node:events:519:28)
    at addChunk (/root/.openclaw/workspace/node_modules/readable-stream/lib/internal/streams/readable.js:323:12) {
  errno: -32,
  code: 'EPIPE',
  syscall: 'write'
}
[forge] Error: write EPIPE
[forge] Disconnected
[forge] Starting autonomous agent...
[forge] Waiting for spawn...
[forge] ✅ Spawned in world at (-220.5, 57, -122.5)
[forge] Connecting to Brain at ws://localhost:8767
[forge] ✅ Brain connected
[forge] Brain command: registered
Error: write EPIPE
    at afterWriteDispatched (node:internal/stream_base_commons:159:15)
    at writeGeneric (node:internal/stream_base_commons:150:3)
    at Socket._writeGeneric (node:net:966:11)
    at Socket._write (node:net:978:8)
    at writeOrBuffer (node:internal/streams/writable:572:12)
    at _write (node:internal/streams/writable:501:10)
    at Writable.write (node:internal/streams/writable:510:10)
    at Framer.ondata (/root/.openclaw/workspace/node_modules/readable-stream/lib/internal/streams/readable.js:707:22)
    at Framer.emit (node:events:519:28)
    at addChunk (/root/.openclaw/workspace/node_modules/readable-stream/lib/internal/streams/readable.js:323:12) {
  errno: -32,
  code: 'EPIPE',
  syscall: 'write'
}
[forge] Error: write EPIPE
[forge] Disconnected
[forge] Starting autonomous agent...
[forge] Waiting for spawn...
[forge] ✅ Spawned in world at (-220.5, 57, -122.5)
[forge] Connecting to Brain at ws://localhost:8767
[forge] ✅ Brain connected
[forge] Brain command: registered
Error: write EPIPE
    at afterWriteDispatched (node:internal/stream_base_commons:159:15)
    at writeGeneric (node:internal/stream_base_commons:150:3)
    at Socket._writeGeneric (node:net:966:11)
    at Socket._write (node:net:978:8)
    at writeOrBuffer (node:internal/streams/writable:572:12)
    at _write (node:internal/streams/writable:501:10)
    at Writable.write (node:internal/streams/writable:510:10)
    at Framer.ondata (/root/.openclaw/workspace/node_modules/readable-stream/lib/internal/streams/readable.js:707:22)
    at Framer.emit (node:events:519:28)
    at addChunk (/root/.openclaw/workspace/node_modules/readable-stream/lib/internal/streams/readable.js:323:12) {
  errno: -32,
  code: 'EPIPE',
  syscall: 'write'
}
[forge] Error: write EPIPE
[forge] Disconnected
[forge] Starting autonomous agent...
[forge] Waiting for spawn...
[forge] ✅ Spawned in world at (-220.5, 57, -122.5)
[forge] Connecting to Brain at ws://localhost:8767
[forge] ✅ Brain connected
[forge] Brain command: registered
Error: write EPIPE
    at afterWriteDispatched (node:internal/stream_base_commons:159:15)
    at writeGeneric (node:internal/stream_base_commons:150:3)
    at Socket._writeGeneric (node:net:966:11)
    at Socket._write (node:net:978:8)
    at writeOrBuffer (node:internal/streams/writable:572:12)
    at _write (node:internal/streams/writable:501:10)
    at Writable.write (node:internal/streams/writable:510:10)
    at Framer.ondata (/root/.openclaw/workspace/node_modules/readable-stream/lib/internal/streams/readable.js:707:22)
    at Framer.emit (node:events:519:28)
    at addChunk (/root/.openclaw/workspace/node_modules/readable-stream/lib/internal/streams/readable.js:323:12) {
  errno: -32,
  code: 'EPIPE',
  syscall: 'write'
}
[forge] Error: write EPIPE
[forge] Disconnected
[forge] Starting autonomous agent...
[forge] Waiting for spawn...
[forge] ✅ Spawned in world at (-218.94188966969995, 61.93599680413653, -125.10664600544219)
[forge] Connecting to Brain at ws://localhost:8767
[forge] ✅ Brain connected
[forge] Brain command: registered
Error: write EPIPE
    at afterWriteDispatched (node:internal/stream_base_commons:159:15)
    at writeGeneric (node:internal/stream_base_commons:150:3)
    at Socket._writeGeneric (node:net:966:11)
    at Socket._write (node:net:978:8)
    at writeOrBuffer (node:internal/streams/writable:572:12)
    at _write (node:internal/streams/writable:501:10)
    at Writable.write (node:internal/streams/writable:510:10)
    at Framer.ondata (/root/.openclaw/workspace/node_modules/readable-stream/lib/internal/streams/readable.js:707:22)
    at Framer.emit (node:events:519:28)
    at addChunk (/root/.openclaw/workspace/node_modules/readable-stream/lib/internal/streams/readable.js:323:12) {
  errno: -32,
  code: 'EPIPE',
  syscall: 'write'
}
[forge] Error: write EPIPE
[forge] Disconnected
[forge] Starting autonomous agent...
[forge] Waiting for spawn...
[forge] ✅ Spawned in world at (-220.50596989022898, 61, -128.47847392192125)
[forge] Connecting to Brain at ws://localhost:8767
[forge] ✅ Brain connected
[forge] Brain command: registered
[forge] Chat: chelios: Agent chelios online!
[forge] Chat: patricia2: Agent patricia2 online!
[forge] Chat: chelios2: Agent chelios2 online!
[forge] Starting autonomous agent...
[forge] Waiting for spawn...
[forge] Disconnected
[forge] ✅ Spawned in world at (-177.50051923149917, 66, -126.30784646616776)
[forge] Connecting to Brain at ws://localhost:8767
[forge] ✅ Brain connected
[forge] Brain command: registered
Error: write EPIPE
    at afterWriteDispatched (node:internal/stream_base_commons:159:15)
    at writeGeneric (node:internal/stream_base_commons:150:3)
    at Socket._writeGeneric (node:net:966:11)
    at Socket._write (node:net:978:8)
    at writeOrBuffer (node:internal/streams/writable:572:12)
    at _write (node:internal/streams/writable:501:10)
    at Writable.write (node:internal/streams/writable:510:10)
    at Framer.ondata (/root/.openclaw/workspace/node_modules/readable-stream/lib/internal/streams/readable.js:707:22)
    at Framer.emit (node:events:519:28)
    at addChunk (/root/.openclaw/workspace/node_modules/readable-stream/lib/internal/streams/readable.js:323:12) {
  errno: -32,
  code: 'EPIPE',
  syscall: 'write'
}
[forge] Error: write EPIPE
[forge] Disconnected
[forge] Starting autonomous agent...
[forge] Waiting for spawn...
[forge] ✅ Spawned in world at (-171.87712796935534, 65.08834272806114, -128.47503573000515)
[forge] Connecting to Brain at ws://localhost:8767
[forge] ✅ Brain connected
[forge] Brain command: registered
Error: write ECONNRESET
    at afterWriteDispatched (node:internal/stream_base_commons:159:15)
    at writeGeneric (node:internal/stream_base_commons:150:3)
    at Socket._writeGeneric (node:net:966:11)
    at Socket._write (node:net:978:8)
    at writeOrBuffer (node:internal/streams/writable:572:12)
    at _write (node:internal/streams/writable:501:10)
    at Writable.write (node:internal/streams/writable:510:10)
    at Framer.ondata (/root/.openclaw/workspace/node_modules/readable-stream/lib/internal/streams/readable.js:707:22)
    at Framer.emit (node:events:519:28)
    at addChunk (/root/.openclaw/workspace/node_modules/readable-stream/lib/internal/streams/readable.js:323:12) {
  errno: -104,
  code: 'ECONNRESET',
  syscall: 'write'
}
[forge] Error: write ECONNRESET
[forge] Disconnected
[forge] Starting autonomous agent...
[forge] Waiting for spawn...
[forge] ✅ Spawned in world at (-172.98127076440218, 65, -129.49867805377067)
[forge] Connecting to Brain at ws://localhost:8767
[forge] ✅ Brain connected
[forge] Brain command: registered
Error: write EPIPE
    at afterWriteDispatched (node:internal/stream_base_commons:159:15)
    at writeGeneric (node:internal/stream_base_commons:150:3)
    at Socket._writeGeneric (node:net:966:11)
    at Socket._write (node:net:978:8)
    at writeOrBuffer (node:internal/streams/writable:572:12)
    at _write (node:internal/streams/writable:501:10)
    at Writable.write (node:internal/streams/writable:510:10)
    at Framer.ondata (/root/.openclaw/workspace/node_modules/readable-stream/lib/internal/streams/readable.js:707:22)
    at Framer.emit (node:events:519:28)
    at addChunk (/root/.openclaw/workspace/node_modules/readable-stream/lib/internal/streams/readable.js:323:12) {
  errno: -32,
  code: 'EPIPE',
  syscall: 'write'
}
[forge] Error: write EPIPE
[forge] Disconnected
[forge] Starting autonomous agent...
[forge] Waiting for spawn...
[forge] ✅ Spawned in world at (-177.5, 65, -132.5325288574332)
[forge] Connecting to Brain at ws://localhost:8767
[forge] ✅ Brain connected
[forge] Brain command: registered
Error: write EPIPE
    at afterWriteDispatched (node:internal/stream_base_commons:159:15)
    at writeGeneric (node:internal/stream_base_commons:150:3)
    at Socket._writeGeneric (node:net:966:11)
    at Socket._write (node:net:978:8)
    at writeOrBuffer (node:internal/streams/writable:572:12)
    at _write (node:internal/streams/writable:501:10)
    at Writable.write (node:internal/streams/writable:510:10)
    at Framer.ondata (/root/.openclaw/workspace/node_modules/readable-stream/lib/internal/streams/readable.js:707:22)
    at Framer.emit (node:events:519:28)
    at addChunk (/root/.openclaw/workspace/node_modules/readable-stream/lib/internal/streams/readable.js:323:12) {
  errno: -32,
  code: 'EPIPE',
  syscall: 'write'
}
[forge] Error: write EPIPE
[forge] Disconnected
[forge] Starting autonomous agent...
[forge] Waiting for spawn...
[forge] ✅ Spawned in world at (-180.5, 65, -136.5)
[forge] Connecting to Brain at ws://localhost:8767
[forge] ✅ Brain connected
[forge] Brain command: registered
Error: write EPIPE
    at afterWriteDispatched (node:internal/stream_base_commons:159:15)
    at writeGeneric (node:internal/stream_base_commons:150:3)
    at Socket._writeGeneric (node:net:966:11)
    at Socket._write (node:net:978:8)
    at writeOrBuffer (node:internal/streams/writable:572:12)
    at _write (node:internal/streams/writable:501:10)
    at Writable.write (node:internal/streams/writable:510:10)
    at Framer.ondata (/root/.openclaw/workspace/node_modules/readable-stream/lib/internal/streams/readable.js:707:22)
    at Framer.emit (node:events:519:28)
    at addChunk (/root/.openclaw/workspace/node_modules/readable-stream/lib/internal/streams/readable.js:323:12) {
  errno: -32,
  code: 'EPIPE',
  syscall: 'write'
}
[forge] Error: write EPIPE
[forge] Disconnected
[forge] Starting autonomous agent...
[forge] Waiting for spawn...
[forge] ✅ Spawned in world at (-183.5, 65, -139.5)
[forge] Connecting to Brain at ws://localhost:8767
[forge] ✅ Brain connected
[forge] Brain command: registered
Error: write EPIPE
    at afterWriteDispatched (node:internal/stream_base_commons:159:15)
    at writeGeneric (node:internal/stream_base_commons:150:3)
    at Socket._writeGeneric (node:net:966:11)
    at Socket._write (node:net:978:8)
    at writeOrBuffer (node:internal/streams/writable:572:12)
    at _write (node:internal/streams/writable:501:10)
    at Writable.write (node:internal/streams/writable:510:10)
    at Framer.ondata (/root/.openclaw/workspace/node_modules/readable-stream/lib/internal/streams/readable.js:707:22)
    at Framer.emit (node:events:519:28)
    at addChunk (/root/.openclaw/workspace/node_modules/readable-stream/lib/internal/streams/readable.js:323:12) {
  errno: -32,
  code: 'EPIPE',
  syscall: 'write'
}
[forge] Error: write EPIPE
[forge] Disconnected
[forge] Starting autonomous agent...
[forge] Waiting for spawn...
[forge] ✅ Spawned in world at (-179.60769545820423, 64, -144.5762764193325)
[forge] Connecting to Brain at ws://localhost:8767
[forge] ✅ Brain connected
[forge] Brain command: registered
Error: write EPIPE
    at afterWriteDispatched (node:internal/stream_base_commons:159:15)
    at writeGeneric (node:internal/stream_base_commons:150:3)
    at Socket._writeGeneric (node:net:966:11)
    at Socket._write (node:net:978:8)
    at writeOrBuffer (node:internal/streams/writable:572:12)
    at _write (node:internal/streams/writable:501:10)
    at Writable.write (node:internal/streams/writable:510:10)
    at Framer.ondata (/root/.openclaw/workspace/node_modules/readable-stream/lib/internal/streams/readable.js:707:22)
    at Framer.emit (node:events:519:28)
    at addChunk (/root/.openclaw/workspace/node_modules/readable-stream/lib/internal/streams/readable.js:323:12) {
  errno: -32,
  code: 'EPIPE',
  syscall: 'write'
}
[forge] Error: write EPIPE
[forge] Disconnected
[forge] Starting autonomous agent...
[forge] Waiting for spawn...
[forge] ✅ Spawned in world at (-174.5, 64, -143.5)
[forge] Connecting to Brain at ws://localhost:8767
[forge] ✅ Brain connected
[forge] Brain command: registered
Error: write EPIPE
    at afterWriteDispatched (node:internal/stream_base_commons:159:15)
    at writeGeneric (node:internal/stream_base_commons:150:3)
    at Socket._writeGeneric (node:net:966:11)
    at Socket._write (node:net:978:8)
    at writeOrBuffer (node:internal/streams/writable:572:12)
    at _write (node:internal/streams/writable:501:10)
    at Writable.write (node:internal/streams/writable:510:10)
    at Framer.ondata (/root/.openclaw/workspace/node_modules/readable-stream/lib/internal/streams/readable.js:707:22)
    at Framer.emit (node:events:519:28)
    at addChunk (/root/.openclaw/workspace/node_modules/readable-stream/lib/internal/streams/readable.js:323:12) {
  errno: -32,
  code: 'EPIPE',
  syscall: 'write'
}
[forge] Error: write EPIPE
[forge] Disconnected
[forge] Starting autonomous agent...
[forge] Waiting for spawn...
[forge] ✅ Spawned in world at (-169.5, 64.46205116649998, -134.49946266371896)
[forge] Connecting to Brain at ws://localhost:8767
[forge] ✅ Brain connected
[forge] Brain command: registered
Error: write EPIPE
    at afterWriteDispatched (node:internal/stream_base_commons:159:15)
    at writeGeneric (node:internal/stream_base_commons:150:3)
    at Socket._writeGeneric (node:net:966:11)
    at Socket._write (node:net:978:8)
    at writeOrBuffer (node:internal/streams/writable:572:12)
    at _write (node:internal/streams/writable:501:10)
    at Writable.write (node:internal/streams/writable:510:10)
    at Framer.ondata (/root/.openclaw/workspace/node_modules/readable-stream/lib/internal/streams/readable.js:707:22)
    at Framer.emit (node:events:519:28)
    at addChunk (/root/.openclaw/workspace/node_modules/readable-stream/lib/internal/streams/readable.js:323:12) {
  errno: -32,
  code: 'EPIPE',
  syscall: 'write'
}
[forge] Error: write EPIPE
[forge] Disconnected
[forge] Starting autonomous agent...
[forge] Waiting for spawn...
[forge] ✅ Spawned in world at (-172.3592740233519, 65, -128.44689176902324)
[forge] Connecting to Brain at ws://localhost:8767
[forge] ✅ Brain connected
[forge] Brain command: registered
Error: write EPIPE
    at afterWriteDispatched (node:internal/stream_base_commons:159:15)
    at writeGeneric (node:internal/stream_base_commons:150:3)
    at Socket._writeGeneric (node:net:966:11)
    at Socket._write (node:net:978:8)
    at writeOrBuffer (node:internal/streams/writable:572:12)
    at _write (node:internal/streams/writable:501:10)
    at Writable.write (node:internal/streams/writable:510:10)
    at Framer.ondata (/root/.openclaw/workspace/node_modules/readable-stream/lib/internal/streams/readable.js:707:22)
    at Framer.emit (node:events:519:28)
    at addChunk (/root/.openclaw/workspace/node_modules/readable-stream/lib/internal/streams/readable.js:323:12) {
  errno: -32,
  code: 'EPIPE',
  syscall: 'write'
}
[forge] Error: write EPIPE
[forge] Disconnected
[forge] Starting autonomous agent...
[forge] Waiting for spawn...
[forge] ✅ Spawned in world at (-169.59993760117263, 65, -126.66378970229903)
[forge] Connecting to Brain at ws://localhost:8767
[forge] ✅ Brain connected
[forge] Brain command: registered
Error: write EPIPE
    at afterWriteDispatched (node:internal/stream_base_commons:159:15)
    at writeGeneric (node:internal/stream_base_commons:150:3)
    at Socket._writeGeneric (node:net:966:11)
    at Socket._write (node:net:978:8)
    at writeOrBuffer (node:internal/streams/writable:572:12)
    at _write (node:internal/streams/writable:501:10)
    at Writable.write (node:internal/streams/writable:510:10)
    at Framer.ondata (/root/.openclaw/workspace/node_modules/readable-stream/lib/internal/streams/readable.js:707:22)
    at Framer.emit (node:events:519:28)
    at addChunk (/root/.openclaw/workspace/node_modules/readable-stream/lib/internal/streams/readable.js:323:12) {
  errno: -32,
  code: 'EPIPE',
  syscall: 'write'
}
[forge] Error: write EPIPE
[forge] Disconnected
[forge] Starting autonomous agent...
[forge] Waiting for spawn...
[forge] ✅ Spawned in world at (-169.3511210256855, 65, -126.40038742501302)
[forge] Connecting to Brain at ws://localhost:8767
[forge] ✅ Brain connected
[forge] Brain command: registered
Error: write EPIPE
    at afterWriteDispatched (node:internal/stream_base_commons:159:15)
    at writeGeneric (node:internal/stream_base_commons:150:3)
    at Socket._writeGeneric (node:net:966:11)
    at Socket._write (node:net:978:8)
    at writeOrBuffer (node:internal/streams/writable:572:12)
    at _write (node:internal/streams/writable:501:10)
    at Writable.write (node:internal/streams/writable:510:10)
    at Framer.ondata (/root/.openclaw/workspace/node_modules/readable-stream/lib/internal/streams/readable.js:707:22)
    at Framer.emit (node:events:519:28)
    at addChunk (/root/.openclaw/workspace/node_modules/readable-stream/lib/internal/streams/readable.js:323:12) {
  errno: -32,
  code: 'EPIPE',
  syscall: 'write'
}
[forge] Error: write EPIPE
[forge] Disconnected
[forge] Starting autonomous agent...
[forge] Waiting for spawn...
[forge] ✅ Spawned in world at (-169.40659768737933, 65, -127.51894798950582)
[forge] Connecting to Brain at ws://localhost:8767
[forge] ✅ Brain connected
[forge] Brain command: registered
Error: write EPIPE
    at afterWriteDispatched (node:internal/stream_base_commons:159:15)
    at writeGeneric (node:internal/stream_base_commons:150:3)
    at Socket._writeGeneric (node:net:966:11)
    at Socket._write (node:net:978:8)
    at writeOrBuffer (node:internal/streams/writable:572:12)
    at _write (node:internal/streams/writable:501:10)
    at Writable.write (node:internal/streams/writable:510:10)
    at Framer.ondata (/root/.openclaw/workspace/node_modules/readable-stream/lib/internal/streams/readable.js:707:22)
    at Framer.emit (node:events:519:28)
    at addChunk (/root/.openclaw/workspace/node_modules/readable-stream/lib/internal/streams/readable.js:323:12) {
  errno: -32,
  code: 'EPIPE',
  syscall: 'write'
}
[forge] Error: write EPIPE
[forge] Disconnected
[forge] Starting autonomous agent...
[forge] Waiting for spawn...
[forge] ✅ Spawned in world at (-173.02143688236322, 65, -129.50688085799752)
[forge] Connecting to Brain at ws://localhost:8767
[forge] ✅ Brain connected
[forge] Brain command: registered
Error: write EPIPE
    at afterWriteDispatched (node:internal/stream_base_commons:159:15)
    at writeGeneric (node:internal/stream_base_commons:150:3)
    at Socket._writeGeneric (node:net:966:11)
    at Socket._write (node:net:978:8)
    at writeOrBuffer (node:internal/streams/writable:572:12)
    at _write (node:internal/streams/writable:501:10)
    at Writable.write (node:internal/streams/writable:510:10)
    at Framer.ondata (/root/.openclaw/workspace/node_modules/readable-stream/lib/internal/streams/readable.js:707:22)
    at Framer.emit (node:events:519:28)
    at addChunk (/root/.openclaw/workspace/node_modules/readable-stream/lib/internal/streams/readable.js:323:12) {
  errno: -32,
  code: 'EPIPE',
  syscall: 'write'
}
[forge] Error: write EPIPE
[forge] Disconnected
[forge] Starting autonomous agent...
[forge] Waiting for spawn...
[forge] ✅ Spawned in world at (-173.02143688236322, 65, -129.50688085799752)
[forge] Connecting to Brain at ws://localhost:8767
[forge] ✅ Brain connected
[forge] Brain command: registered
[forge] Chat: patricia: Agent patricia online!
[forge] Starting autonomous agent...
[forge] Waiting for spawn...
[forge] Disconnected
[forge] ✅ Spawned in world at (-158.4756878542294, 64, -147.5)
[forge] Connecting to Brain at ws://localhost:8767
[forge] ✅ Brain connected
[forge] Brain command: registered
Error: write EPIPE
    at afterWriteDispatched (node:internal/stream_base_commons:159:15)
    at writeGeneric (node:internal/stream_base_commons:150:3)
    at Socket._writeGeneric (node:net:966:11)
    at Socket._write (node:net:978:8)
    at writeOrBuffer (node:internal/streams/writable:572:12)
    at _write (node:internal/streams/writable:501:10)
    at Writable.write (node:internal/streams/writable:510:10)
    at Framer.ondata (/root/.openclaw/workspace/node_modules/readable-stream/lib/internal/streams/readable.js:707:22)
    at Framer.emit (node:events:519:28)
    at addChunk (/root/.openclaw/workspace/node_modules/readable-stream/lib/internal/streams/readable.js:323:12) {
  errno: -32,
  code: 'EPIPE',
  syscall: 'write'
}
[forge] Error: write EPIPE
[forge] Disconnected
[forge] Starting autonomous agent...
[forge] Waiting for spawn...
[forge] ✅ Spawned in world at (-162.51401554414397, 64, -142.5)
[forge] Connecting to Brain at ws://localhost:8767
[forge] ✅ Brain connected
[forge] Brain command: registered
Error: write ECONNRESET
    at afterWriteDispatched (node:internal/stream_base_commons:159:15)
    at writeGeneric (node:internal/stream_base_commons:150:3)
    at Socket._writeGeneric (node:net:966:11)
    at Socket._write (node:net:978:8)
    at writeOrBuffer (node:internal/streams/writable:572:12)
    at _write (node:internal/streams/writable:501:10)
    at Writable.write (node:internal/streams/writable:510:10)
    at Framer.ondata (/root/.openclaw/workspace/node_modules/readable-stream/lib/internal/streams/readable.js:707:22)
    at Framer.emit (node:events:519:28)
    at addChunk (/root/.openclaw/workspace/node_modules/readable-stream/lib/internal/streams/readable.js:323:12) {
  errno: -104,
  code: 'ECONNRESET',
  syscall: 'write'
}
[forge] Error: write ECONNRESET
[forge] Disconnected
[forge] Starting autonomous agent...
[forge] Waiting for spawn...
[forge] ✅ Spawned in world at (-164.22717336944206, 64, -142.50036223620913)
[forge] Connecting to Brain at ws://localhost:8767
[forge] ✅ Brain connected
[forge] Brain command: registered
Error: write EPIPE
    at afterWriteDispatched (node:internal/stream_base_commons:159:15)
    at writeGeneric (node:internal/stream_base_commons:150:3)
    at Socket._writeGeneric (node:net:966:11)
    at Socket._write (node:net:978:8)
    at writeOrBuffer (node:internal/streams/writable:572:12)
    at _write (node:internal/streams/writable:501:10)
    at Writable.write (node:internal/streams/writable:510:10)
    at Framer.ondata (/root/.openclaw/workspace/node_modules/readable-stream/lib/internal/streams/readable.js:707:22)
    at Framer.emit (node:events:519:28)
    at addChunk (/root/.openclaw/workspace/node_modules/readable-stream/lib/internal/streams/readable.js:323:12) {
  errno: -32,
  code: 'EPIPE',
  syscall: 'write'
}
[forge] Error: write EPIPE
[forge] Disconnected
[forge] Starting autonomous agent...
[forge] Waiting for spawn...
[forge] ✅ Spawned in world at (-162.5, 64, -146.33818447999408)
[forge] Connecting to Brain at ws://localhost:8767
[forge] ✅ Brain connected
[forge] Brain command: registered
Error: write EPIPE
    at afterWriteDispatched (node:internal/stream_base_commons:159:15)
    at writeGeneric (node:internal/stream_base_commons:150:3)
    at Socket._writeGeneric (node:net:966:11)
    at Socket._write (node:net:978:8)
    at writeOrBuffer (node:internal/streams/writable:572:12)
    at _write (node:internal/streams/writable:501:10)
    at Writable.write (node:internal/streams/writable:510:10)
    at Framer.ondata (/root/.openclaw/workspace/node_modules/readable-stream/lib/internal/streams/readable.js:707:22)
    at Framer.emit (node:events:519:28)
    at addChunk (/root/.openclaw/workspace/node_modules/readable-stream/lib/internal/streams/readable.js:323:12) {
  errno: -32,
  code: 'EPIPE',
  syscall: 'write'
}
[forge] Error: write EPIPE
[forge] Disconnected
[forge] Starting autonomous agent...
[forge] Waiting for spawn...
[forge] ✅ Spawned in world at (-166.35691157540015, 64, -146.50369008359658)
[forge] Connecting to Brain at ws://localhost:8767
[forge] ✅ Brain connected
[forge] Brain command: registered
Error: write EPIPE
    at afterWriteDispatched (node:internal/stream_base_commons:159:15)
    at writeGeneric (node:internal/stream_base_commons:150:3)
    at Socket._writeGeneric (node:net:966:11)
    at Socket._write (node:net:978:8)
    at writeOrBuffer (node:internal/streams/writable:572:12)
    at _write (node:internal/streams/writable:501:10)
    at Writable.write (node:internal/streams/writable:510:10)
    at Framer.ondata (/root/.openclaw/workspace/node_modules/readable-stream/lib/internal/streams/readable.js:707:22)
    at Framer.emit (node:events:519:28)
    at addChunk (/root/.openclaw/workspace/node_modules/readable-stream/lib/internal/streams/readable.js:323:12) {
  errno: -32,
  code: 'EPIPE',
  syscall: 'write'
}
[forge] Error: write EPIPE
[forge] Disconnected
[forge] Starting autonomous agent...
[forge] Waiting for spawn...
[forge] ✅ Spawned in world at (-163.67146784549618, 64, -142.59194854077413)
[forge] Connecting to Brain at ws://localhost:8767
[forge] ✅ Brain connected
[forge] Brain command: registered
Error: write EPIPE
    at afterWriteDispatched (node:internal/stream_base_commons:159:15)
    at writeGeneric (node:internal/stream_base_commons:150:3)
    at Socket._writeGeneric (node:net:966:11)
    at Socket._write (node:net:978:8)
    at writeOrBuffer (node:internal/streams/writable:572:12)
    at _write (node:internal/streams/writable:501:10)
    at Writable.write (node:internal/streams/writable:510:10)
    at Framer.ondata (/root/.openclaw/workspace/node_modules/readable-stream/lib/internal/streams/readable.js:707:22)
    at Framer.emit (node:events:519:28)
    at addChunk (/root/.openclaw/workspace/node_modules/readable-stream/lib/internal/streams/readable.js:323:12) {
  errno: -32,
  code: 'EPIPE',
  syscall: 'write'
}
[forge] Error: write EPIPE
[forge] Disconnected
[forge] Starting autonomous agent...
[forge] Waiting for spawn...
[forge] ✅ Spawned in world at (-167.30443165153648, 64, -144.32549665574624)
[forge] Connecting to Brain at ws://localhost:8767
[forge] ✅ Brain connected
[forge] Brain command: registered
Error: write EPIPE
    at afterWriteDispatched (node:internal/stream_base_commons:159:15)
    at writeGeneric (node:internal/stream_base_commons:150:3)
    at Socket._writeGeneric (node:net:966:11)
    at Socket._write (node:net:978:8)
    at writeOrBuffer (node:internal/streams/writable:572:12)
    at _write (node:internal/streams/writable:501:10)
    at Writable.write (node:internal/streams/writable:510:10)
    at Framer.ondata (/root/.openclaw/workspace/node_modules/readable-stream/lib/internal/streams/readable.js:707:22)
    at Framer.emit (node:events:519:28)
    at addChunk (/root/.openclaw/workspace/node_modules/readable-stream/lib/internal/streams/readable.js:323:12) {
  errno: -32,
  code: 'EPIPE',
  syscall: 'write'
}
[forge] Error: write EPIPE
[forge] Disconnected
[forge] Starting autonomous agent...
[forge] Waiting for spawn...
[forge] ✅ Spawned in world at (-167.30443165153648, 64, -144.32549665574624)
[forge] Connecting to Brain at ws://localhost:8767
[forge] ✅ Brain connected
[forge] Brain command: registered
Error: write EPIPE
    at afterWriteDispatched (node:internal/stream_base_commons:159:15)
    at writeGeneric (node:internal/stream_base_commons:150:3)
    at Socket._writeGeneric (node:net:966:11)
    at Socket._write (node:net:978:8)
    at writeOrBuffer (node:internal/streams/writable:572:12)
    at _write (node:internal/streams/writable:501:10)
    at Writable.write (node:internal/streams/writable:510:10)
    at Framer.ondata (/root/.openclaw/workspace/node_modules/readable-stream/lib/internal/streams/readable.js:707:22)
    at Framer.emit (node:events:519:28)
    at addChunk (/root/.openclaw/workspace/node_modules/readable-stream/lib/internal/streams/readable.js:323:12) {
  errno: -32,
  code: 'EPIPE',
  syscall: 'write'
}
[forge] Error: write EPIPE
[forge] Disconnected
[forge] Starting autonomous agent...
[forge] Waiting for spawn...
[forge] ✅ Spawned in world at (-167.30443165153648, 64, -144.32549665574624)
[forge] Connecting to Brain at ws://localhost:8767
[forge] ✅ Brain connected
[forge] Brain command: registered
Error: write EPIPE
    at afterWriteDispatched (node:internal/stream_base_commons:159:15)
    at writeGeneric (node:internal/stream_base_commons:150:3)
    at Socket._writeGeneric (node:net:966:11)
    at Socket._write (node:net:978:8)
    at writeOrBuffer (node:internal/streams/writable:572:12)
    at _write (node:internal/streams/writable:501:10)
    at Writable.write (node:internal/streams/writable:510:10)
    at Framer.ondata (/root/.openclaw/workspace/node_modules/readable-stream/lib/internal/streams/readable.js:707:22)
    at Framer.emit (node:events:519:28)
    at addChunk (/root/.openclaw/workspace/node_modules/readable-stream/lib/internal/streams/readable.js:323:12) {
  errno: -32,
  code: 'EPIPE',
  syscall: 'write'
}
[forge] Error: write EPIPE
[forge] Disconnected
[forge] Starting autonomous agent...
[forge] Waiting for spawn...
[forge] Disconnected
[forge] Starting autonomous agent...
[forge] Waiting for spawn...
[forge] ✅ Spawned in world at (-167.30443165153648, 64, -144.32549665574624)
[forge] Connecting to Brain at ws://localhost:8767
[forge] ✅ Brain connected
[forge] Brain command: registered
Error: write EPIPE
    at afterWriteDispatched (node:internal/stream_base_commons:159:15)
    at writeGeneric (node:internal/stream_base_commons:150:3)
    at Socket._writeGeneric (node:net:966:11)
    at Socket._write (node:net:978:8)
    at writeOrBuffer (node:internal/streams/writable:572:12)
    at _write (node:internal/streams/writable:501:10)
    at Writable.write (node:internal/streams/writable:510:10)
    at Framer.ondata (/root/.openclaw/workspace/node_modules/readable-stream/lib/internal/streams/readable.js:707:22)
    at Framer.emit (node:events:519:28)
    at addChunk (/root/.openclaw/workspace/node_modules/readable-stream/lib/internal/streams/readable.js:323:12) {
  errno: -32,
  code: 'EPIPE',
  syscall: 'write'
}
[forge] Error: write EPIPE
[forge] Disconnected
[forge] Starting autonomous agent...
[forge] Waiting for spawn...
[forge] ✅ Spawned in world at (-161.68045055599643, 64, -143.46905110725712)
[forge] Connecting to Brain at ws://localhost:8767
[forge] ✅ Brain connected
[forge] Brain command: registered
Error: write EPIPE
    at afterWriteDispatched (node:internal/stream_base_commons:159:15)
    at writeGeneric (node:internal/stream_base_commons:150:3)
    at Socket._writeGeneric (node:net:966:11)
    at Socket._write (node:net:978:8)
    at writeOrBuffer (node:internal/streams/writable:572:12)
    at _write (node:internal/streams/writable:501:10)
    at Writable.write (node:internal/streams/writable:510:10)
    at Framer.ondata (/root/.openclaw/workspace/node_modules/readable-stream/lib/internal/streams/readable.js:707:22)
    at Framer.emit (node:events:519:28)
    at addChunk (/root/.openclaw/workspace/node_modules/readable-stream/lib/internal/streams/readable.js:323:12) {
  errno: -32,
  code: 'EPIPE',
  syscall: 'write'
}
[forge] Error: write EPIPE
[forge] Disconnected
[forge] Starting autonomous agent...
[forge] Waiting for spawn...
[forge] ✅ Spawned in world at (-164.4922437529583, 64, -138.0745508403505)
[forge] Connecting to Brain at ws://localhost:8767
[forge] ✅ Brain connected
[forge] Brain command: registered
Error: write EPIPE
    at afterWriteDispatched (node:internal/stream_base_commons:159:15)
    at writeGeneric (node:internal/stream_base_commons:150:3)
    at Socket._writeGeneric (node:net:966:11)
    at Socket._write (node:net:978:8)
    at writeOrBuffer (node:internal/streams/writable:572:12)
    at _write (node:internal/streams/writable:501:10)
    at Writable.write (node:internal/streams/writable:510:10)
    at Framer.ondata (/root/.openclaw/workspace/node_modules/readable-stream/lib/internal/streams/readable.js:707:22)
    at Framer.emit (node:events:519:28)
    at addChunk (/root/.openclaw/workspace/node_modules/readable-stream/lib/internal/streams/readable.js:323:12) {
  errno: -32,
  code: 'EPIPE',
  syscall: 'write'
}
[forge] Error: write EPIPE
[forge] Disconnected
[forge] Starting autonomous agent...
[forge] Waiting for spawn...
[forge] ✅ Spawned in world at (-162.5, 64, -132.69599941252687)
[forge] Connecting to Brain at ws://localhost:8767
[forge] ✅ Brain connected
[forge] Brain command: registered
Error: write EPIPE
    at afterWriteDispatched (node:internal/stream_base_commons:159:15)
    at writeGeneric (node:internal/stream_base_commons:150:3)
    at Socket._writeGeneric (node:net:966:11)
    at Socket._write (node:net:978:8)
    at writeOrBuffer (node:internal/streams/writable:572:12)
    at _write (node:internal/streams/writable:501:10)
    at Writable.write (node:internal/streams/writable:510:10)
    at Framer.ondata (/root/.openclaw/workspace/node_modules/readable-stream/lib/internal/streams/readable.js:707:22)
    at Framer.emit (node:events:519:28)
    at addChunk (/root/.openclaw/workspace/node_modules/readable-stream/lib/internal/streams/readable.js:323:12) {
  errno: -32,
  code: 'EPIPE',
  syscall: 'write'
}
[forge] Error: write EPIPE
[forge] Disconnected
[forge] Starting autonomous agent...
[forge] Waiting for spawn...
[forge] ✅ Spawned in world at (-168.50990830596197, 64, -137.5)
[forge] Connecting to Brain at ws://localhost:8767
[forge] ✅ Brain connected
[forge] Brain command: registered
[forge] Chat: patricia: Agent patricia online!
[forge] Chat: aurora: Agent aurora online!
[forge] Chat: forge2: Agent forge2 online!
[forge] Starting autonomous agent...
[forge] Waiting for spawn...
[forge] Disconnected
[forge] ✅ Spawned in world at (-203.49967054476537, 65, -99.67733260430617)
[forge] Connecting to Brain at ws://localhost:8767
[forge] ✅ Brain connected
[forge] Brain command: registered
Error: write ECONNRESET
    at afterWriteDispatched (node:internal/stream_base_commons:159:15)
    at writeGeneric (node:internal/stream_base_commons:150:3)
    at Socket._writeGeneric (node:net:966:11)
    at Socket._write (node:net:978:8)
    at writeOrBuffer (node:internal/streams/writable:572:12)
    at _write (node:internal/streams/writable:501:10)
    at Writable.write (node:internal/streams/writable:510:10)
    at Framer.ondata (/root/.openclaw/workspace/node_modules/readable-stream/lib/internal/streams/readable.js:707:22)
    at Framer.emit (node:events:519:28)
    at addChunk (/root/.openclaw/workspace/node_modules/readable-stream/lib/internal/streams/readable.js:323:12) {
  errno: -104,
  code: 'ECONNRESET',
  syscall: 'write'
}
[forge] Error: write ECONNRESET
[forge] Disconnected
[forge] Starting autonomous agent...
[forge] Waiting for spawn...
[forge] ✅ Spawned in world at (-202.53856057086327, 65, -99.37781851759652)
[forge] Connecting to Brain at ws://localhost:8767
[forge] ✅ Brain connected
[forge] Brain command: registered
Error: write EPIPE
    at afterWriteDispatched (node:internal/stream_base_commons:159:15)
    at writeGeneric (node:internal/stream_base_commons:150:3)
    at Socket._writeGeneric (node:net:966:11)
    at Socket._write (node:net:978:8)
    at writeOrBuffer (node:internal/streams/writable:572:12)
    at _write (node:internal/streams/writable:501:10)
    at Writable.write (node:internal/streams/writable:510:10)
    at Framer.ondata (/root/.openclaw/workspace/node_modules/readable-stream/lib/internal/streams/readable.js:707:22)
    at Framer.emit (node:events:519:28)
    at addChunk (/root/.openclaw/workspace/node_modules/readable-stream/lib/internal/streams/readable.js:323:12) {
  errno: -32,
  code: 'EPIPE',
  syscall: 'write'
}
[forge] Error: write EPIPE
[forge] Disconnected
[forge] Starting autonomous agent...
[forge] Waiting for spawn...
[forge] ✅ Spawned in world at (-208.35995539899747, 65, -106.56200642304734)
[forge] Connecting to Brain at ws://localhost:8767
[forge] ✅ Brain connected
[forge] Brain command: registered
Error: write ECONNRESET
    at afterWriteDispatched (node:internal/stream_base_commons:159:15)
    at writeGeneric (node:internal/stream_base_commons:150:3)
    at Socket._writeGeneric (node:net:966:11)
    at Socket._write (node:net:978:8)
    at writeOrBuffer (node:internal/streams/writable:572:12)
    at _write (node:internal/streams/writable:501:10)
    at Writable.write (node:internal/streams/writable:510:10)
    at Framer.ondata (/root/.openclaw/workspace/node_modules/readable-stream/lib/internal/streams/readable.js:707:22)
    at Framer.emit (node:events:519:28)
    at addChunk (/root/.openclaw/workspace/node_modules/readable-stream/lib/internal/streams/readable.js:323:12) {
  errno: -104,
  code: 'ECONNRESET',
  syscall: 'write'
}
[forge] Error: write ECONNRESET
[forge] Disconnected
[forge] Starting autonomous agent...
[forge] Waiting for spawn...
[forge] ✅ Spawned in world at (-204.6900139385238, 65, -109.31350118694843)
[forge] Connecting to Brain at ws://localhost:8767
[forge] ✅ Brain connected
[forge] Brain command: registered
Error: write EPIPE
    at afterWriteDispatched (node:internal/stream_base_commons:159:15)
    at writeGeneric (node:internal/stream_base_commons:150:3)
    at Socket._writeGeneric (node:net:966:11)
    at Socket._write (node:net:978:8)
    at writeOrBuffer (node:internal/streams/writable:572:12)
    at _write (node:internal/streams/writable:501:10)
    at Writable.write (node:internal/streams/writable:510:10)
    at Framer.ondata (/root/.openclaw/workspace/node_modules/readable-stream/lib/internal/streams/readable.js:707:22)
    at Framer.emit (node:events:519:28)
    at addChunk (/root/.openclaw/workspace/node_modules/readable-stream/lib/internal/streams/readable.js:323:12) {
  errno: -32,
  code: 'EPIPE',
  syscall: 'write'
}
[forge] Error: write EPIPE
[forge] Disconnected
[forge] Starting autonomous agent...
[forge] Waiting for spawn...
[forge] ✅ Spawned in world at (-206.52661299047944, 65, -102.5)
[forge] Connecting to Brain at ws://localhost:8767
[forge] ✅ Brain connected
[forge] Brain command: registered
Error: write ECONNRESET
    at afterWriteDispatched (node:internal/stream_base_commons:159:15)
    at writeGeneric (node:internal/stream_base_commons:150:3)
    at Socket._writeGeneric (node:net:966:11)
    at Socket._write (node:net:978:8)
    at writeOrBuffer (node:internal/streams/writable:572:12)
    at _write (node:internal/streams/writable:501:10)
    at Writable.write (node:internal/streams/writable:510:10)
    at Framer.ondata (/root/.openclaw/workspace/node_modules/readable-stream/lib/internal/streams/readable.js:707:22)
    at Framer.emit (node:events:519:28)
    at addChunk (/root/.openclaw/workspace/node_modules/readable-stream/lib/internal/streams/readable.js:323:12) {
  errno: -104,
  code: 'ECONNRESET',
  syscall: 'write'
}
[forge] Error: write ECONNRESET
[forge] Disconnected
[forge] Starting autonomous agent...
[forge] Waiting for spawn...
[forge] ✅ Spawned in world at (-207.5481623956613, 65, -100.5)
[forge] Connecting to Brain at ws://localhost:8767
[forge] ✅ Brain connected
[forge] Brain command: registered
Error: write EPIPE
    at afterWriteDispatched (node:internal/stream_base_commons:159:15)
    at writeGeneric (node:internal/stream_base_commons:150:3)
    at Socket._writeGeneric (node:net:966:11)
    at Socket._write (node:net:978:8)
    at writeOrBuffer (node:internal/streams/writable:572:12)
    at _write (node:internal/streams/writable:501:10)
    at Writable.write (node:internal/streams/writable:510:10)
    at Framer.ondata (/root/.openclaw/workspace/node_modules/readable-stream/lib/internal/streams/readable.js:707:22)
    at Framer.emit (node:events:519:28)
    at addChunk (/root/.openclaw/workspace/node_modules/readable-stream/lib/internal/streams/readable.js:323:12) {
  errno: -32,
  code: 'EPIPE',
  syscall: 'write'
}
[forge] Error: write EPIPE
[forge] Disconnected
[forge] Starting autonomous agent...
[forge] Waiting for spawn...
[forge] ✅ Spawned in world at (-209.19098405317158, 65, -100.93605266401538)
[forge] Connecting to Brain at ws://localhost:8767
[forge] ✅ Brain connected
[forge] Brain command: registered
Error: write EPIPE
    at afterWriteDispatched (node:internal/stream_base_commons:159:15)
    at writeGeneric (node:internal/stream_base_commons:150:3)
    at Socket._writeGeneric (node:net:966:11)
    at Socket._write (node:net:978:8)
    at writeOrBuffer (node:internal/streams/writable:572:12)
    at _write (node:internal/streams/writable:501:10)
    at Writable.write (node:internal/streams/writable:510:10)
    at Framer.ondata (/root/.openclaw/workspace/node_modules/readable-stream/lib/internal/streams/readable.js:707:22)
    at Framer.emit (node:events:519:28)
    at addChunk (/root/.openclaw/workspace/node_modules/readable-stream/lib/internal/streams/readable.js:323:12) {
  errno: -32,
  code: 'EPIPE',
  syscall: 'write'
}
[forge] Error: write EPIPE
[forge] Disconnected
[forge] Starting autonomous agent...
[forge] Waiting for spawn...
[forge] ✅ Spawned in world at (-205.5, 65, -99.46186812642952)
[forge] Connecting to Brain at ws://localhost:8767
[forge] ✅ Brain connected
[forge] Brain command: registered
Error: write EPIPE
    at afterWriteDispatched (node:internal/stream_base_commons:159:15)
    at writeGeneric (node:internal/stream_base_commons:150:3)
    at Socket._writeGeneric (node:net:966:11)
    at Socket._write (node:net:978:8)
    at writeOrBuffer (node:internal/streams/writable:572:12)
    at _write (node:internal/streams/writable:501:10)
    at Writable.write (node:internal/streams/writable:510:10)
    at Framer.ondata (/root/.openclaw/workspace/node_modules/readable-stream/lib/internal/streams/readable.js:707:22)
    at Framer.emit (node:events:519:28)
    at addChunk (/root/.openclaw/workspace/node_modules/readable-stream/lib/internal/streams/readable.js:323:12) {
  errno: -32,
  code: 'EPIPE',
  syscall: 'write'
}
[forge] Error: write EPIPE
[forge] Disconnected
[forge] Starting autonomous agent...
[forge] Waiting for spawn...
[forge] ✅ Spawned in world at (-210.33263229601894, 64, -93.32297515051191)
[forge] Connecting to Brain at ws://localhost:8767
[forge] ✅ Brain connected
[forge] Brain command: registered
Error: write EPIPE
    at afterWriteDispatched (node:internal/stream_base_commons:159:15)
    at writeGeneric (node:internal/stream_base_commons:150:3)
    at Socket._writeGeneric (node:net:966:11)
    at Socket._write (node:net:978:8)
    at writeOrBuffer (node:internal/streams/writable:572:12)
    at _write (node:internal/streams/writable:501:10)
    at Writable.write (node:internal/streams/writable:510:10)
    at Framer.ondata (/root/.openclaw/workspace/node_modules/readable-stream/lib/internal/streams/readable.js:707:22)
    at Framer.emit (node:events:519:28)
    at addChunk (/root/.openclaw/workspace/node_modules/readable-stream/lib/internal/streams/readable.js:323:12) {
  errno: -32,
  code: 'EPIPE',
  syscall: 'write'
}
[forge] Error: write EPIPE
[forge] Disconnected
[forge] Starting autonomous agent...
[forge] Waiting for spawn...
[forge] ✅ Spawned in world at (-208.68856996284512, 64, -91.68381503470076)
[forge] Connecting to Brain at ws://localhost:8767
[forge] ✅ Brain connected
[forge] Brain command: registered
[forge] Chat: patricia: Agent patricia online!
Error: write EPIPE
    at afterWriteDispatched (node:internal/stream_base_commons:159:15)
    at writeGeneric (node:internal/stream_base_commons:150:3)
    at Socket._writeGeneric (node:net:966:11)
    at Socket._write (node:net:978:8)
    at writeOrBuffer (node:internal/streams/writable:572:12)
    at _write (node:internal/streams/writable:501:10)
    at Writable.write (node:internal/streams/writable:510:10)
    at Framer.ondata (/root/.openclaw/workspace/node_modules/readable-stream/lib/internal/streams/readable.js:707:22)
    at Framer.emit (node:events:519:28)
    at addChunk (/root/.openclaw/workspace/node_modules/readable-stream/lib/internal/streams/readable.js:323:12) {
  errno: -32,
  code: 'EPIPE',
  syscall: 'write'
}
[forge] Error: write EPIPE
[forge] Disconnected
[forge] Starting autonomous agent...
[forge] Waiting for spawn...
[forge] ✅ Spawned in world at (-210.49729165438993, 64, -98.31171880120304)
[forge] Connecting to Brain at ws://localhost:8767
[forge] ✅ Brain connected
[forge] Brain command: registered
Error: write EPIPE
    at afterWriteDispatched (node:internal/stream_base_commons:159:15)
    at writeGeneric (node:internal/stream_base_commons:150:3)
    at Socket._writeGeneric (node:net:966:11)
    at Socket._write (node:net:978:8)
    at writeOrBuffer (node:internal/streams/writable:572:12)
    at _write (node:internal/streams/writable:501:10)
    at Writable.write (node:internal/streams/writable:510:10)
    at Framer.ondata (/root/.openclaw/workspace/node_modules/readable-stream/lib/internal/streams/readable.js:707:22)
    at Framer.emit (node:events:519:28)
    at addChunk (/root/.openclaw/workspace/node_modules/readable-stream/lib/internal/streams/readable.js:323:12) {
  errno: -32,
  code: 'EPIPE',
  syscall: 'write'
}
[forge] Error: write EPIPE
[forge] Disconnected
[forge] Starting autonomous agent...
[forge] Waiting for spawn...
[forge] ✅ Spawned in world at (-217.5, 61, -89.53863290538091)
[forge] Connecting to Brain at ws://localhost:8767
[forge] ✅ Brain connected
[forge] Brain command: registered
Error: write EPIPE
    at afterWriteDispatched (node:internal/stream_base_commons:159:15)
    at writeGeneric (node:internal/stream_base_commons:150:3)
    at Socket._writeGeneric (node:net:966:11)
    at Socket._write (node:net:978:8)
    at writeOrBuffer (node:internal/streams/writable:572:12)
    at _write (node:internal/streams/writable:501:10)
    at Writable.write (node:internal/streams/writable:510:10)
    at Framer.ondata (/root/.openclaw/workspace/node_modules/readable-stream/lib/internal/streams/readable.js:707:22)
    at Framer.emit (node:events:519:28)
    at addChunk (/root/.openclaw/workspace/node_modules/readable-stream/lib/internal/streams/readable.js:323:12) {
  errno: -32,
  code: 'EPIPE',
  syscall: 'write'
}
[forge] Error: write EPIPE
[forge] Disconnected
[forge] Starting autonomous agent...
[forge] Waiting for spawn...
[forge] ✅ Spawned in world at (-216.39386159344141, 62, -94.5)
[forge] Connecting to Brain at ws://localhost:8767
[forge] ✅ Brain connected
[forge] Brain command: registered
Error: write EPIPE
    at afterWriteDispatched (node:internal/stream_base_commons:159:15)
    at writeGeneric (node:internal/stream_base_commons:150:3)
    at Socket._writeGeneric (node:net:966:11)
    at Socket._write (node:net:978:8)
    at writeOrBuffer (node:internal/streams/writable:572:12)
    at _write (node:internal/streams/writable:501:10)
    at Writable.write (node:internal/streams/writable:510:10)
    at Framer.ondata (/root/.openclaw/workspace/node_modules/readable-stream/lib/internal/streams/readable.js:707:22)
    at Framer.emit (node:events:519:28)
    at addChunk (/root/.openclaw/workspace/node_modules/readable-stream/lib/internal/streams/readable.js:323:12) {
  errno: -32,
  code: 'EPIPE',
  syscall: 'write'
}
[forge] Error: write EPIPE
[forge] Disconnected
[forge] Starting autonomous agent...
[forge] Waiting for spawn...
[forge] ✅ Spawned in world at (-218.5, 60, -95.59097882244541)
[forge] Connecting to Brain at ws://localhost:8767
[forge] ✅ Brain connected
[forge] Brain command: registered
[forge] Chat: patricia: Agent patricia online!
Error: client timed out after 30000 milliseconds
    at Timeout._onTimeout (/root/.openclaw/workspace/node_modules/minecraft-protocol/src/client/keepalive.js:18:28)
    at listOnTimeout (node:internal/timers:585:17)
    at process.processTimers (node:internal/timers:521:7)
[forge] Error: client timed out after 30000 milliseconds
[forge] Chat: chelios: Agent chelios online!
[forge] Disconnected
[forge] Starting autonomous agent...
[forge] Waiting for spawn...
[forge] Disconnected
[forge] Starting autonomous agent...
[forge] Waiting for spawn...
[forge] ✅ Spawned in world at (-218.5, 60, -95.59097882244541)
[forge] Connecting to Brain at ws://localhost:8767
[forge] ✅ Brain connected
[forge] Brain command: registered
Error: write EPIPE
    at afterWriteDispatched (node:internal/stream_base_commons:159:15)
    at writeGeneric (node:internal/stream_base_commons:150:3)
    at Socket._writeGeneric (node:net:966:11)
    at Socket._write (node:net:978:8)
    at writeOrBuffer (node:internal/streams/writable:572:12)
    at _write (node:internal/streams/writable:501:10)
    at Writable.write (node:internal/streams/writable:510:10)
    at Framer.ondata (/root/.openclaw/workspace/node_modules/readable-stream/lib/internal/streams/readable.js:707:22)
    at Framer.emit (node:events:519:28)
    at addChunk (/root/.openclaw/workspace/node_modules/readable-stream/lib/internal/streams/readable.js:323:12) {
  errno: -32,
  code: 'EPIPE',
  syscall: 'write'
}
[forge] Error: write EPIPE
[forge] Disconnected
[forge] Starting autonomous agent...
[forge] Waiting for spawn...
[forge] ✅ Spawned in world at (-217.52395841179222, 62.80069687732379, -95.30264738643868)
[forge] Connecting to Brain at ws://localhost:8767
[forge] ✅ Brain connected
[forge] Brain command: registered
Error: write EPIPE
    at afterWriteDispatched (node:internal/stream_base_commons:159:15)
    at writeGeneric (node:internal/stream_base_commons:150:3)
    at Socket._writeGeneric (node:net:966:11)
    at Socket._write (node:net:978:8)
    at writeOrBuffer (node:internal/streams/writable:572:12)
    at _write (node:internal/streams/writable:501:10)
    at Writable.write (node:internal/streams/writable:510:10)
    at Framer.ondata (/root/.openclaw/workspace/node_modules/readable-stream/lib/internal/streams/readable.js:707:22)
    at Framer.emit (node:events:519:28)
    at addChunk (/root/.openclaw/workspace/node_modules/readable-stream/lib/internal/streams/readable.js:323:12) {
  errno: -32,
  code: 'EPIPE',
  syscall: 'write'
}
[forge] Error: write EPIPE
[forge] Disconnected
[forge] Starting autonomous agent...
[forge] Waiting for spawn...
[forge] ✅ Spawned in world at (-220.74992574725195, 62.2778765861096, -98.76164776553519)
[forge] Connecting to Brain at ws://localhost:8767
[forge] ✅ Brain connected
[forge] Brain command: registered
Error: write ECONNRESET
    at afterWriteDispatched (node:internal/stream_base_commons:159:15)
    at writeGeneric (node:internal/stream_base_commons:150:3)
    at Socket._writeGeneric (node:net:966:11)
    at Socket._write (node:net:978:8)
    at writeOrBuffer (node:internal/streams/writable:572:12)
    at _write (node:internal/streams/writable:501:10)
    at Writable.write (node:internal/streams/writable:510:10)
    at Framer.ondata (/root/.openclaw/workspace/node_modules/readable-stream/lib/internal/streams/readable.js:707:22)
    at Framer.emit (node:events:519:28)
    at addChunk (/root/.openclaw/workspace/node_modules/readable-stream/lib/internal/streams/readable.js:323:12) {
  errno: -104,
  code: 'ECONNRESET',
  syscall: 'write'
}
[forge] Error: write ECONNRESET
[forge] Disconnected
[forge] Starting autonomous agent...
[forge] Waiting for spawn...
[forge] ✅ Spawned in world at (-220.74992574725195, 59.3778765846194, -98.76164776553519)
[forge] Connecting to Brain at ws://localhost:8767
[forge] ✅ Brain connected
[forge] Brain command: registered
Error: write EPIPE
    at afterWriteDispatched (node:internal/stream_base_commons:159:15)
    at writeGeneric (node:internal/stream_base_commons:150:3)
    at Socket._writeGeneric (node:net:966:11)
    at Socket._write (node:net:978:8)
    at writeOrBuffer (node:internal/streams/writable:572:12)
    at _write (node:internal/streams/writable:501:10)
    at Writable.write (node:internal/streams/writable:510:10)
    at Framer.ondata (/root/.openclaw/workspace/node_modules/readable-stream/lib/internal/streams/readable.js:707:22)
    at Framer.emit (node:events:519:28)
    at addChunk (/root/.openclaw/workspace/node_modules/readable-stream/lib/internal/streams/readable.js:323:12) {
  errno: -32,
  code: 'EPIPE',
  syscall: 'write'
}
[forge] Error: write EPIPE
[forge] Disconnected
[forge] Starting autonomous agent...
[forge] Waiting for spawn...
[forge] ✅ Spawned in world at (-220.5000680248787, 61.62480722058947, -96.26680015902866)
[forge] Connecting to Brain at ws://localhost:8767
[forge] ✅ Brain connected
[forge] Brain command: registered
Error: write EPIPE
    at afterWriteDispatched (node:internal/stream_base_commons:159:15)
    at writeGeneric (node:internal/stream_base_commons:150:3)
    at Socket._writeGeneric (node:net:966:11)
    at Socket._write (node:net:978:8)
    at writeOrBuffer (node:internal/streams/writable:572:12)
    at _write (node:internal/streams/writable:501:10)
    at Writable.write (node:internal/streams/writable:510:10)
    at Framer.ondata (/root/.openclaw/workspace/node_modules/readable-stream/lib/internal/streams/readable.js:707:22)
    at Framer.emit (node:events:519:28)
    at addChunk (/root/.openclaw/workspace/node_modules/readable-stream/lib/internal/streams/readable.js:323:12) {
  errno: -32,
  code: 'EPIPE',
  syscall: 'write'
}
[forge] Error: write EPIPE
[forge] Disconnected
[forge] Starting autonomous agent...
[forge] Waiting for spawn...
[forge] ✅ Spawned in world at (-220.51828955737312, 62.52339488916994, -94.4205142867657)
[forge] Connecting to Brain at ws://localhost:8767
[forge] ✅ Brain connected
[forge] Brain command: registered
Error: write EPIPE
    at afterWriteDispatched (node:internal/stream_base_commons:159:15)
    at writeGeneric (node:internal/stream_base_commons:150:3)
    at Socket._writeGeneric (node:net:966:11)
    at Socket._write (node:net:978:8)
    at writeOrBuffer (node:internal/streams/writable:572:12)
    at _write (node:internal/streams/writable:501:10)
    at Writable.write (node:internal/streams/writable:510:10)
    at Framer.ondata (/root/.openclaw/workspace/node_modules/readable-stream/lib/internal/streams/readable.js:707:22)
    at Framer.emit (node:events:519:28)
    at addChunk (/root/.openclaw/workspace/node_modules/readable-stream/lib/internal/streams/readable.js:323:12) {
  errno: -32,
  code: 'EPIPE',
  syscall: 'write'
}
[forge] Error: write EPIPE
[forge] Disconnected
[forge] Starting autonomous agent...
[forge] Waiting for spawn...
[forge] ✅ Spawned in world at (-220.5169221091354, 59.12607488767986, -94.58105306153244)
[forge] Connecting to Brain at ws://localhost:8767
[forge] ✅ Brain connected
[forge] Brain command: registered
Error: write EPIPE
    at afterWriteDispatched (node:internal/stream_base_commons:159:15)
    at writeGeneric (node:internal/stream_base_commons:150:3)
    at Socket._writeGeneric (node:net:966:11)
    at Socket._write (node:net:978:8)
    at writeOrBuffer (node:internal/streams/writable:572:12)
    at _write (node:internal/streams/writable:501:10)
    at Writable.write (node:internal/streams/writable:510:10)
    at Framer.ondata (/root/.openclaw/workspace/node_modules/readable-stream/lib/internal/streams/readable.js:707:22)
    at Framer.emit (node:events:519:28)
    at addChunk (/root/.openclaw/workspace/node_modules/readable-stream/lib/internal/streams/readable.js:323:12) {
  errno: -32,
  code: 'EPIPE',
  syscall: 'write'
}
[forge] Error: write EPIPE
[forge] Disconnected
[forge] Starting autonomous agent...
[forge] Waiting for spawn...
[forge] ✅ Spawned in world at (-220.4570767100693, 62.72348124097758, -92.15650287407048)
[forge] Connecting to Brain at ws://localhost:8767
[forge] ✅ Brain connected
[forge] Brain command: registered
Error: write EPIPE
    at afterWriteDispatched (node:internal/stream_base_commons:159:15)
    at writeGeneric (node:internal/stream_base_commons:150:3)
    at Socket._writeGeneric (node:net:966:11)
    at Socket._write (node:net:978:8)
    at writeOrBuffer (node:internal/streams/writable:572:12)
    at _write (node:internal/streams/writable:501:10)
    at Writable.write (node:internal/streams/writable:510:10)
    at Framer.ondata (/root/.openclaw/workspace/node_modules/readable-stream/lib/internal/streams/readable.js:707:22)
    at Framer.emit (node:events:519:28)
    at addChunk (/root/.openclaw/workspace/node_modules/readable-stream/lib/internal/streams/readable.js:323:12) {
  errno: -32,
  code: 'EPIPE',
  syscall: 'write'
}
[forge] Error: write EPIPE
[forge] Disconnected
[forge] Starting autonomous agent...
[forge] Waiting for spawn...
[forge] ✅ Spawned in world at (-220.2747700968745, 58.76233992506417, -91.54880993340875)
[forge] Connecting to Brain at ws://localhost:8767
[forge] ✅ Brain connected
[forge] Brain command: registered
Error: write ECONNRESET
    at afterWriteDispatched (node:internal/stream_base_commons:159:15)
    at writeGeneric (node:internal/stream_base_commons:150:3)
    at Socket._writeGeneric (node:net:966:11)
    at Socket._write (node:net:978:8)
    at writeOrBuffer (node:internal/streams/writable:572:12)
    at _write (node:internal/streams/writable:501:10)
    at Writable.write (node:internal/streams/writable:510:10)
    at Framer.ondata (/root/.openclaw/workspace/node_modules/readable-stream/lib/internal/streams/readable.js:707:22)
    at Framer.emit (node:events:519:28)
    at addChunk (/root/.openclaw/workspace/node_modules/readable-stream/lib/internal/streams/readable.js:323:12) {
  errno: -104,
  code: 'ECONNRESET',
  syscall: 'write'
}
[forge] Error: write ECONNRESET
[forge] Disconnected
[forge] Starting autonomous agent...
[forge] Waiting for spawn...
[forge] ✅ Spawned in world at (-222.1699583287749, 61.415571638600355, -93.12796679334724)
[forge] Connecting to Brain at ws://localhost:8767
[forge] ✅ Brain connected
[forge] Brain command: registered
Error: write EPIPE
    at afterWriteDispatched (node:internal/stream_base_commons:159:15)
    at writeGeneric (node:internal/stream_base_commons:150:3)
    at Socket._writeGeneric (node:net:966:11)
    at Socket._write (node:net:978:8)
    at writeOrBuffer (node:internal/streams/writable:572:12)
    at _write (node:internal/streams/writable:501:10)
    at Writable.write (node:internal/streams/writable:510:10)
    at Framer.ondata (/root/.openclaw/workspace/node_modules/readable-stream/lib/internal/streams/readable.js:707:22)
    at Framer.emit (node:events:519:28)
    at addChunk (/root/.openclaw/workspace/node_modules/readable-stream/lib/internal/streams/readable.js:323:12) {
  errno: -32,
  code: 'EPIPE',
  syscall: 'write'
}
[forge] Error: write EPIPE
[forge] Disconnected
[forge] Starting autonomous agent...
[forge] Waiting for spawn...
[forge] ✅ Spawned in world at (-221.36334020081873, 61.24370947326973, -94.54183302949342)
[forge] Connecting to Brain at ws://localhost:8767
[forge] ✅ Brain connected
[forge] Brain command: registered
Error: write ECONNRESET
    at afterWriteDispatched (node:internal/stream_base_commons:159:15)
    at writeGeneric (node:internal/stream_base_commons:150:3)
    at Socket._writeGeneric (node:net:966:11)
    at Socket._write (node:net:978:8)
    at writeOrBuffer (node:internal/streams/writable:572:12)
    at _write (node:internal/streams/writable:501:10)
    at Writable.write (node:internal/streams/writable:510:10)
    at Framer.ondata (/root/.openclaw/workspace/node_modules/readable-stream/lib/internal/streams/readable.js:707:22)
    at Framer.emit (node:events:519:28)
    at addChunk (/root/.openclaw/workspace/node_modules/readable-stream/lib/internal/streams/readable.js:323:12) {
  errno: -104,
  code: 'ECONNRESET',
  syscall: 'write'
}
[forge] Error: write ECONNRESET
[forge] Disconnected
[forge] Starting autonomous agent...
[forge] Waiting for spawn...
[forge] ✅ Spawned in world at (-220.56493990609326, 62.078316931445286, -92.38109970717936)
[forge] Connecting to Brain at ws://localhost:8767
[forge] ✅ Brain connected
[forge] Brain command: registered
Error: write EPIPE
    at afterWriteDispatched (node:internal/stream_base_commons:159:15)
    at writeGeneric (node:internal/stream_base_commons:150:3)
    at Socket._writeGeneric (node:net:966:11)
    at Socket._write (node:net:978:8)
    at writeOrBuffer (node:internal/streams/writable:572:12)
    at _write (node:internal/streams/writable:501:10)
    at Writable.write (node:internal/streams/writable:510:10)
    at Framer.ondata (/root/.openclaw/workspace/node_modules/readable-stream/lib/internal/streams/readable.js:707:22)
    at Framer.emit (node:events:519:28)
    at addChunk (/root/.openclaw/workspace/node_modules/readable-stream/lib/internal/streams/readable.js:323:12) {
  errno: -32,
  code: 'EPIPE',
  syscall: 'write'
}
[forge] Error: write EPIPE
[forge] Disconnected
[forge] Starting autonomous agent...
[forge] Waiting for spawn...
[forge] ✅ Spawned in world at (-220.84054913615014, 59.20646442762633, -93.10172668937352)
[forge] Connecting to Brain at ws://localhost:8767
[forge] ✅ Brain connected
[forge] Brain command: registered
Error: write EPIPE
    at afterWriteDispatched (node:internal/stream_base_commons:159:15)
    at writeGeneric (node:internal/stream_base_commons:150:3)
    at Socket._writeGeneric (node:net:966:11)
    at Socket._write (node:net:978:8)
    at writeOrBuffer (node:internal/streams/writable:572:12)
    at _write (node:internal/streams/writable:501:10)
    at Writable.write (node:internal/streams/writable:510:10)
    at Framer.ondata (/root/.openclaw/workspace/node_modules/readable-stream/lib/internal/streams/readable.js:707:22)
    at Framer.emit (node:events:519:28)
    at addChunk (/root/.openclaw/workspace/node_modules/readable-stream/lib/internal/streams/readable.js:323:12) {
  errno: -32,
  code: 'EPIPE',
  syscall: 'write'
}
[forge] Error: write EPIPE
[forge] Disconnected
[forge] Starting autonomous agent...
[forge] Waiting for spawn...
[forge] ✅ Spawned in world at (-222.52053020444623, 62.78903720749265, -92.52155205849064)
[forge] Connecting to Brain at ws://localhost:8767
[forge] ✅ Brain connected
[forge] Brain command: registered
Error: write EPIPE
    at afterWriteDispatched (node:internal/stream_base_commons:159:15)
    at writeGeneric (node:internal/stream_base_commons:150:3)
    at Socket._writeGeneric (node:net:966:11)
    at Socket._write (node:net:978:8)
    at writeOrBuffer (node:internal/streams/writable:572:12)
    at _write (node:internal/streams/writable:501:10)
    at Writable.write (node:internal/streams/writable:510:10)
    at Framer.ondata (/root/.openclaw/workspace/node_modules/readable-stream/lib/internal/streams/readable.js:707:22)
    at Framer.emit (node:events:519:28)
    at addChunk (/root/.openclaw/workspace/node_modules/readable-stream/lib/internal/streams/readable.js:323:12) {
  errno: -32,
  code: 'EPIPE',
  syscall: 'write'
}
[forge] Error: write EPIPE
[forge] Disconnected
[forge] Starting autonomous agent...
[forge] Waiting for spawn...
[forge] ✅ Spawned in world at (-224.29789351166556, 62.717495514266105, -94.22814272698996)
[forge] Connecting to Brain at ws://localhost:8767
[forge] ✅ Brain connected
[forge] Brain command: registered
Error: write EPIPE
    at afterWriteDispatched (node:internal/stream_base_commons:159:15)
    at writeGeneric (node:internal/stream_base_commons:150:3)
    at Socket._writeGeneric (node:net:966:11)
    at Socket._write (node:net:978:8)
    at writeOrBuffer (node:internal/streams/writable:572:12)
    at _write (node:internal/streams/writable:501:10)
    at Writable.write (node:internal/streams/writable:510:10)
    at Framer.ondata (/root/.openclaw/workspace/node_modules/readable-stream/lib/internal/streams/readable.js:707:22)
    at Framer.emit (node:events:519:28)
    at addChunk (/root/.openclaw/workspace/node_modules/readable-stream/lib/internal/streams/readable.js:323:12) {
  errno: -32,
  code: 'EPIPE',
  syscall: 'write'
}
[forge] Error: write EPIPE
[forge] Disconnected
[forge] Starting autonomous agent...
[forge] Waiting for spawn...
[forge] ✅ Spawned in world at (-224.5, 54.606226662169554, -94.5)
[forge] Connecting to Brain at ws://localhost:8767
[forge] ✅ Brain connected
[forge] Brain command: registered
Error: write EPIPE
    at afterWriteDispatched (node:internal/stream_base_commons:159:15)
    at writeGeneric (node:internal/stream_base_commons:150:3)
    at Socket._writeGeneric (node:net:966:11)
    at Socket._write (node:net:978:8)
    at writeOrBuffer (node:internal/streams/writable:572:12)
    at _write (node:internal/streams/writable:501:10)
    at Writable.write (node:internal/streams/writable:510:10)
    at Framer.ondata (/root/.openclaw/workspace/node_modules/readable-stream/lib/internal/streams/readable.js:707:22)
    at Framer.emit (node:events:519:28)
    at addChunk (/root/.openclaw/workspace/node_modules/readable-stream/lib/internal/streams/readable.js:323:12) {
  errno: -32,
  code: 'EPIPE',
  syscall: 'write'
}
[forge] Error: write EPIPE
[forge] Disconnected
[forge] Starting autonomous agent...
[forge] Waiting for spawn...
[forge] ✅ Spawned in world at (-224.5, 50, -94.5)
[forge] Connecting to Brain at ws://localhost:8767
[forge] ✅ Brain connected
[forge] Brain command: registered
Error: write EPIPE
    at afterWriteDispatched (node:internal/stream_base_commons:159:15)
    at writeGeneric (node:internal/stream_base_commons:150:3)
    at Socket._writeGeneric (node:net:966:11)
    at Socket._write (node:net:978:8)
    at writeOrBuffer (node:internal/streams/writable:572:12)
    at _write (node:internal/streams/writable:501:10)
    at Writable.write (node:internal/streams/writable:510:10)
    at Framer.ondata (/root/.openclaw/workspace/node_modules/readable-stream/lib/internal/streams/readable.js:707:22)
    at Framer.emit (node:events:519:28)
    at addChunk (/root/.openclaw/workspace/node_modules/readable-stream/lib/internal/streams/readable.js:323:12) {
  errno: -32,
  code: 'EPIPE',
  syscall: 'write'
}
[forge] Error: write EPIPE
[forge] Disconnected
[forge] Starting autonomous agent...
[forge] Waiting for spawn...
[forge] ✅ Spawned in world at (-226.811586287035, 58.20003893961362, -93.96272864038268)
[forge] Connecting to Brain at ws://localhost:8767
[forge] ✅ Brain connected
[forge] Brain command: registered
Error: write EPIPE
    at afterWriteDispatched (node:internal/stream_base_commons:159:15)
    at writeGeneric (node:internal/stream_base_commons:150:3)
    at Socket._writeGeneric (node:net:966:11)
    at Socket._write (node:net:978:8)
    at writeOrBuffer (node:internal/streams/writable:572:12)
    at _write (node:internal/streams/writable:501:10)
    at Writable.write (node:internal/streams/writable:510:10)
    at Framer.ondata (/root/.openclaw/workspace/node_modules/readable-stream/lib/internal/streams/readable.js:707:22)
    at Framer.emit (node:events:519:28)
    at addChunk (/root/.openclaw/workspace/node_modules/readable-stream/lib/internal/streams/readable.js:323:12) {
  errno: -32,
  code: 'EPIPE',
  syscall: 'write'
}
[forge] Error: write EPIPE
[forge] Disconnected
[forge] Starting autonomous agent...
[forge] Waiting for spawn...
[forge] ✅ Spawned in world at (-226.5, 53.03318349254934, -93.5)
[forge] Connecting to Brain at ws://localhost:8767
[forge] ✅ Brain connected
[forge] Brain command: registered
Error: write EPIPE
    at afterWriteDispatched (node:internal/stream_base_commons:159:15)
    at writeGeneric (node:internal/stream_base_commons:150:3)
    at Socket._writeGeneric (node:net:966:11)
    at Socket._write (node:net:978:8)
    at writeOrBuffer (node:internal/streams/writable:572:12)
    at _write (node:internal/streams/writable:501:10)
    at Writable.write (node:internal/streams/writable:510:10)
    at Framer.ondata (/root/.openclaw/workspace/node_modules/readable-stream/lib/internal/streams/readable.js:707:22)
    at Framer.emit (node:events:519:28)
    at addChunk (/root/.openclaw/workspace/node_modules/readable-stream/lib/internal/streams/readable.js:323:12) {
  errno: -32,
  code: 'EPIPE',
  syscall: 'write'
}
[forge] Error: write EPIPE
[forge] Disconnected
[forge] Starting autonomous agent...
[forge] Waiting for spawn...
[forge] ✅ Spawned in world at (-226.7, 48, -93.5)
[forge] Connecting to Brain at ws://localhost:8767
[forge] ✅ Brain connected
[forge] Brain command: registered
Error: write EPIPE
    at afterWriteDispatched (node:internal/stream_base_commons:159:15)
    at writeGeneric (node:internal/stream_base_commons:150:3)
    at Socket._writeGeneric (node:net:966:11)
    at Socket._write (node:net:978:8)
    at writeOrBuffer (node:internal/streams/writable:572:12)
    at _write (node:internal/streams/writable:501:10)
    at Writable.write (node:internal/streams/writable:510:10)
    at Framer.ondata (/root/.openclaw/workspace/node_modules/readable-stream/lib/internal/streams/readable.js:707:22)
    at Framer.emit (node:events:519:28)
    at addChunk (/root/.openclaw/workspace/node_modules/readable-stream/lib/internal/streams/readable.js:323:12) {
  errno: -32,
  code: 'EPIPE',
  syscall: 'write'
}
[forge] Error: write EPIPE
[forge] Disconnected
[forge] Starting autonomous agent...
[forge] Waiting for spawn...
[forge] ✅ Spawned in world at (-228.91738428386634, 60.55763465486403, -96.91963910820097)
[forge] Connecting to Brain at ws://localhost:8767
[forge] ✅ Brain connected
[forge] Brain command: registered
Error: write EPIPE
    at afterWriteDispatched (node:internal/stream_base_commons:159:15)
    at writeGeneric (node:internal/stream_base_commons:150:3)
    at Socket._writeGeneric (node:net:966:11)
    at Socket._write (node:net:978:8)
    at writeOrBuffer (node:internal/streams/writable:572:12)
    at _write (node:internal/streams/writable:501:10)
    at Writable.write (node:internal/streams/writable:510:10)
    at Framer.ondata (/root/.openclaw/workspace/node_modules/readable-stream/lib/internal/streams/readable.js:707:22)
    at Framer.emit (node:events:519:28)
    at addChunk (/root/.openclaw/workspace/node_modules/readable-stream/lib/internal/streams/readable.js:323:12) {
  errno: -32,
  code: 'EPIPE',
  syscall: 'write'
}
[forge] Error: write EPIPE
[forge] Disconnected
[forge] Starting autonomous agent...
[forge] Waiting for spawn...
[forge] ✅ Spawned in world at (-228.80394457974336, 56.36031465360011, -96.80600843187149)
[forge] Connecting to Brain at ws://localhost:8767
[forge] ✅ Brain connected
[forge] Brain command: registered
Error: write EPIPE
    at afterWriteDispatched (node:internal/stream_base_commons:159:15)
    at writeGeneric (node:internal/stream_base_commons:150:3)
    at Socket._writeGeneric (node:net:966:11)
    at Socket._write (node:net:978:8)
    at writeOrBuffer (node:internal/streams/writable:572:12)
    at _write (node:internal/streams/writable:501:10)
    at Writable.write (node:internal/streams/writable:510:10)
    at Framer.ondata (/root/.openclaw/workspace/node_modules/readable-stream/lib/internal/streams/readable.js:707:22)
    at Framer.emit (node:events:519:28)
    at addChunk (/root/.openclaw/workspace/node_modules/readable-stream/lib/internal/streams/readable.js:323:12) {
  errno: -32,
  code: 'EPIPE',
  syscall: 'write'
}
[forge] Error: write EPIPE
[forge] Disconnected
[forge] Starting autonomous agent...
[forge] Waiting for spawn...
[forge] ✅ Spawned in world at (-228.9371996393718, 62.54436029949655, -95.03157290406102)
[forge] Connecting to Brain at ws://localhost:8767
[forge] ✅ Brain connected
[forge] Brain command: registered
Error: write ECONNRESET
    at afterWriteDispatched (node:internal/stream_base_commons:159:15)
    at writeGeneric (node:internal/stream_base_commons:150:3)
    at Socket._writeGeneric (node:net:966:11)
    at Socket._write (node:net:978:8)
    at writeOrBuffer (node:internal/streams/writable:572:12)
    at _write (node:internal/streams/writable:501:10)
    at Writable.write (node:internal/streams/writable:510:10)
    at Framer.ondata (/root/.openclaw/workspace/node_modules/readable-stream/lib/internal/streams/readable.js:707:22)
    at Framer.emit (node:events:519:28)
    at addChunk (/root/.openclaw/workspace/node_modules/readable-stream/lib/internal/streams/readable.js:323:12) {
  errno: -104,
  code: 'ECONNRESET',
  syscall: 'write'
}
[forge] Error: write ECONNRESET
[forge] Disconnected
[forge] Starting autonomous agent...
[forge] Waiting for spawn...
[forge] ✅ Spawned in world at (-229.07196801394142, 58.71213246443424, -95.38281386714179)
[forge] Connecting to Brain at ws://localhost:8767
[forge] ✅ Brain connected
[forge] Brain command: registered
Error: write ECONNRESET
    at afterWriteDispatched (node:internal/stream_base_commons:159:15)
    at writeGeneric (node:internal/stream_base_commons:150:3)
    at Socket._writeGeneric (node:net:966:11)
    at Socket._write (node:net:978:8)
    at writeOrBuffer (node:internal/streams/writable:572:12)
    at _write (node:internal/streams/writable:501:10)
    at Writable.write (node:internal/streams/writable:510:10)
    at Framer.ondata (/root/.openclaw/workspace/node_modules/readable-stream/lib/internal/streams/readable.js:707:22)
    at Framer.emit (node:events:519:28)
    at addChunk (/root/.openclaw/workspace/node_modules/readable-stream/lib/internal/streams/readable.js:323:12) {
  errno: -104,
  code: 'ECONNRESET',
  syscall: 'write'
}
[forge] Error: write ECONNRESET
[forge] Disconnected
[forge] Starting autonomous agent...
[forge] Waiting for spawn...
[forge] ✅ Spawned in world at (-230.5472004277615, 62.73713713974972, -93.29809939791073)
[forge] Connecting to Brain at ws://localhost:8767
[forge] ✅ Brain connected
[forge] Brain command: registered
Error: write EPIPE
    at afterWriteDispatched (node:internal/stream_base_commons:159:15)
    at writeGeneric (node:internal/stream_base_commons:150:3)
    at Socket._writeGeneric (node:net:966:11)
    at Socket._write (node:net:978:8)
    at writeOrBuffer (node:internal/streams/writable:572:12)
    at _write (node:internal/streams/writable:501:10)
    at Writable.write (node:internal/streams/writable:510:10)
    at Framer.ondata (/root/.openclaw/workspace/node_modules/readable-stream/lib/internal/streams/readable.js:707:22)
    at Framer.emit (node:events:519:28)
    at addChunk (/root/.openclaw/workspace/node_modules/readable-stream/lib/internal/streams/readable.js:323:12) {
  errno: -32,
  code: 'EPIPE',
  syscall: 'write'
}
[forge] Error: write EPIPE
[forge] Disconnected
[forge] Starting autonomous agent...
[forge] Waiting for spawn...
[forge] ✅ Spawned in world at (-232.27796858809947, 62.72500901517651, -95.27300860752203)
[forge] Connecting to Brain at ws://localhost:8767
[forge] ✅ Brain connected
[forge] Brain command: registered
Error: write ECONNRESET
    at afterWriteDispatched (node:internal/stream_base_commons:159:15)
    at writeGeneric (node:internal/stream_base_commons:150:3)
    at Socket._writeGeneric (node:net:966:11)
    at Socket._write (node:net:978:8)
    at writeOrBuffer (node:internal/streams/writable:572:12)
    at _write (node:internal/streams/writable:501:10)
    at Writable.write (node:internal/streams/writable:510:10)
    at Framer.ondata (/root/.openclaw/workspace/node_modules/readable-stream/lib/internal/streams/readable.js:707:22)
    at Framer.emit (node:events:519:28)
    at addChunk (/root/.openclaw/workspace/node_modules/readable-stream/lib/internal/streams/readable.js:323:12) {
  errno: -104,
  code: 'ECONNRESET',
  syscall: 'write'
}
[forge] Error: write ECONNRESET
[forge] Disconnected
[forge] Starting autonomous agent...
[forge] Waiting for spawn...
[forge] ✅ Spawned in world at (-230.59198859870207, 62.78227144101443, -93.59215786750096)
[forge] Connecting to Brain at ws://localhost:8767
[forge] ✅ Brain connected
[forge] Brain command: registered
[forge] Chat: patricia: Agent patricia online!
Error: write EPIPE
    at afterWriteDispatched (node:internal/stream_base_commons:159:15)
    at writeGeneric (node:internal/stream_base_commons:150:3)
    at Socket._writeGeneric (node:net:966:11)
    at Socket._write (node:net:978:8)
    at writeOrBuffer (node:internal/streams/writable:572:12)
    at _write (node:internal/streams/writable:501:10)
    at Writable.write (node:internal/streams/writable:510:10)
    at Framer.ondata (/root/.openclaw/workspace/node_modules/readable-stream/lib/internal/streams/readable.js:707:22)
    at Framer.emit (node:events:519:28)
    at addChunk (/root/.openclaw/workspace/node_modules/readable-stream/lib/internal/streams/readable.js:323:12) {
  errno: -32,
  code: 'EPIPE',
  syscall: 'write'
}
[forge] Error: write EPIPE
[forge] Disconnected
[forge] Starting autonomous agent...
[forge] Waiting for spawn...
[forge] ✅ Spawned in world at (-229.46855781677118, 62.471328808883754, -92.4685564159356)
[forge] Connecting to Brain at ws://localhost:8767
[forge] ✅ Brain connected
[forge] Brain command: registered
Error: write ECONNRESET
    at afterWriteDispatched (node:internal/stream_base_commons:159:15)
    at writeGeneric (node:internal/stream_base_commons:150:3)
    at Socket._writeGeneric (node:net:966:11)
    at Socket._write (node:net:978:8)
    at writeOrBuffer (node:internal/streams/writable:572:12)
    at _write (node:internal/streams/writable:501:10)
    at Writable.write (node:internal/streams/writable:510:10)
    at Framer.ondata (/root/.openclaw/workspace/node_modules/readable-stream/lib/internal/streams/readable.js:707:22)
    at Framer.emit (node:events:519:28)
    at addChunk (/root/.openclaw/workspace/node_modules/readable-stream/lib/internal/streams/readable.js:323:12) {
  errno: -104,
  code: 'ECONNRESET',
  syscall: 'write'
}
[forge] Error: write ECONNRESET
[forge] Disconnected
[forge] Starting autonomous agent...
[forge] Waiting for spawn...
[forge] ✅ Spawned in world at (-228.56249660123612, 62.650106700581254, -92.47839882410513)
[forge] Connecting to Brain at ws://localhost:8767
[forge] ✅ Brain connected
[forge] Brain command: registered
Error: write EPIPE
    at afterWriteDispatched (node:internal/stream_base_commons:159:15)
    at writeGeneric (node:internal/stream_base_commons:150:3)
    at Socket._writeGeneric (node:net:966:11)
    at Socket._write (node:net:978:8)
    at writeOrBuffer (node:internal/streams/writable:572:12)
    at _write (node:internal/streams/writable:501:10)
    at Writable.write (node:internal/streams/writable:510:10)
    at Framer.ondata (/root/.openclaw/workspace/node_modules/readable-stream/lib/internal/streams/readable.js:707:22)
    at Framer.emit (node:events:519:28)
    at addChunk (/root/.openclaw/workspace/node_modules/readable-stream/lib/internal/streams/readable.js:323:12) {
  errno: -32,
  code: 'EPIPE',
  syscall: 'write'
}
[forge] Error: write EPIPE
[forge] Disconnected
[forge] Starting autonomous agent...
[forge] Waiting for spawn...
[forge] ✅ Spawned in world at (-229.50943266990677, 62.49405966366471, -94.36428675613728)
[forge] Connecting to Brain at ws://localhost:8767
[forge] ✅ Brain connected
[forge] Brain command: registered
Error: write EPIPE
    at afterWriteDispatched (node:internal/stream_base_commons:159:15)
    at writeGeneric (node:internal/stream_base_commons:150:3)
    at Socket._writeGeneric (node:net:966:11)
    at Socket._write (node:net:978:8)
    at writeOrBuffer (node:internal/streams/writable:572:12)
    at _write (node:internal/streams/writable:501:10)
    at Writable.write (node:internal/streams/writable:510:10)
    at Framer.ondata (/root/.openclaw/workspace/node_modules/readable-stream/lib/internal/streams/readable.js:707:22)
    at Framer.emit (node:events:519:28)
    at addChunk (/root/.openclaw/workspace/node_modules/readable-stream/lib/internal/streams/readable.js:323:12) {
  errno: -32,
  code: 'EPIPE',
  syscall: 'write'
}
[forge] Error: write EPIPE
[forge] Disconnected
[forge] Starting autonomous agent...
[forge] Waiting for spawn...
[forge] ✅ Spawned in world at (-231.97835476278232, 61.98596819883251, -92.01875780653008)
[forge] Connecting to Brain at ws://localhost:8767
[forge] ✅ Brain connected
[forge] Brain command: registered
[forge] Chat: patricia: Agent patricia online!
Error: write EPIPE
    at afterWriteDispatched (node:internal/stream_base_commons:159:15)
    at writeGeneric (node:internal/stream_base_commons:150:3)
    at Socket._writeGeneric (node:net:966:11)
    at Socket._write (node:net:978:8)
    at writeOrBuffer (node:internal/streams/writable:572:12)
    at _write (node:internal/streams/writable:501:10)
    at Writable.write (node:internal/streams/writable:510:10)
    at Framer.ondata (/root/.openclaw/workspace/node_modules/readable-stream/lib/internal/streams/readable.js:707:22)
    at Framer.emit (node:events:519:28)
    at addChunk (/root/.openclaw/workspace/node_modules/readable-stream/lib/internal/streams/readable.js:323:12) {
  errno: -32,
  code: 'EPIPE',
  syscall: 'write'
}
[forge] Error: write EPIPE
[forge] Disconnected
[forge] Starting autonomous agent...
[forge] Waiting for spawn...
[forge] ✅ Spawned in world at (-232.4170154923903, 62.23107350144208, -94.62586824111357)
[forge] Connecting to Brain at ws://localhost:8767
[forge] ✅ Brain connected
[forge] Brain command: registered
Error: write EPIPE
    at afterWriteDispatched (node:internal/stream_base_commons:159:15)
    at writeGeneric (node:internal/stream_base_commons:150:3)
    at Socket._writeGeneric (node:net:966:11)
    at Socket._write (node:net:978:8)
    at writeOrBuffer (node:internal/streams/writable:572:12)
    at _write (node:internal/streams/writable:501:10)
    at Writable.write (node:internal/streams/writable:510:10)
    at Framer.ondata (/root/.openclaw/workspace/node_modules/readable-stream/lib/internal/streams/readable.js:707:22)
    at Framer.emit (node:events:519:28)
    at addChunk (/root/.openclaw/workspace/node_modules/readable-stream/lib/internal/streams/readable.js:323:12) {
  errno: -32,
  code: 'EPIPE',
  syscall: 'write'
}
[forge] Error: write EPIPE
[forge] Disconnected
[forge] Starting autonomous agent...
[forge] Waiting for spawn...
[forge] ✅ Spawned in world at (-232.4170154923903, 60.681073462289355, -94.62586824111357)
[forge] Connecting to Brain at ws://localhost:8767
[forge] ✅ Brain connected
[forge] Brain command: registered
Error: write EPIPE
    at afterWriteDispatched (node:internal/stream_base_commons:159:15)
    at writeGeneric (node:internal/stream_base_commons:150:3)
    at Socket._writeGeneric (node:net:966:11)
    at Socket._write (node:net:978:8)
    at writeOrBuffer (node:internal/streams/writable:572:12)
    at _write (node:internal/streams/writable:501:10)
    at Writable.write (node:internal/streams/writable:510:10)
    at Framer.ondata (/root/.openclaw/workspace/node_modules/readable-stream/lib/internal/streams/readable.js:707:22)
    at Framer.emit (node:events:519:28)
    at addChunk (/root/.openclaw/workspace/node_modules/readable-stream/lib/internal/streams/readable.js:323:12) {
  errno: -32,
  code: 'EPIPE',
  syscall: 'write'
}
[forge] Error: write EPIPE
[forge] Disconnected
[forge] Starting autonomous agent...
[forge] Waiting for spawn...
[forge] ✅ Spawned in world at (-230.30005611892045, 61.944949516523394, -96.69903829260997)
[forge] Connecting to Brain at ws://localhost:8767
[forge] ✅ Brain connected
[forge] Brain command: registered
[forge] Chat: chelios: Agent chelios online!
[forge] Chat: aurora: Agent aurora online!
Error: client timed out after 30000 milliseconds
    at Timeout._onTimeout (/root/.openclaw/workspace/node_modules/minecraft-protocol/src/client/keepalive.js:18:28)
    at listOnTimeout (node:internal/timers:585:17)
    at process.processTimers (node:internal/timers:521:7)
[forge] Error: client timed out after 30000 milliseconds
[forge] Disconnected
[forge] Starting autonomous agent...
[forge] Waiting for spawn...
[forge] ✅ Spawned in world at (-223.47492182740672, 60.73404747359182, -95.5)
[forge] Connecting to Brain at ws://localhost:8767
[forge] ✅ Brain connected
[forge] Brain command: registered
Error: write EPIPE
    at afterWriteDispatched (node:internal/stream_base_commons:159:15)
    at writeGeneric (node:internal/stream_base_commons:150:3)
    at Socket._writeGeneric (node:net:966:11)
    at Socket._write (node:net:978:8)
    at writeOrBuffer (node:internal/streams/writable:572:12)
    at _write (node:internal/streams/writable:501:10)
    at Writable.write (node:internal/streams/writable:510:10)
    at Framer.ondata (/root/.openclaw/workspace/node_modules/readable-stream/lib/internal/streams/readable.js:707:22)
    at Framer.emit (node:events:519:28)
    at addChunk (/root/.openclaw/workspace/node_modules/readable-stream/lib/internal/streams/readable.js:323:12) {
  errno: -32,
  code: 'EPIPE',
  syscall: 'write'
}
[forge] Error: write EPIPE
[forge] Disconnected
[forge] Starting autonomous agent...
[forge] Waiting for spawn...
[forge] ✅ Spawned in world at (-224.58791293849427, 59.99142616973445, -96.58936578937397)
[forge] Connecting to Brain at ws://localhost:8767
[forge] ✅ Brain connected
[forge] Brain command: registered
Error: write EPIPE
    at afterWriteDispatched (node:internal/stream_base_commons:159:15)
    at writeGeneric (node:internal/stream_base_commons:150:3)
    at Socket._writeGeneric (node:net:966:11)
    at Socket._write (node:net:978:8)
    at writeOrBuffer (node:internal/streams/writable:572:12)
    at _write (node:internal/streams/writable:501:10)
    at Writable.write (node:internal/streams/writable:510:10)
    at Framer.ondata (/root/.openclaw/workspace/node_modules/readable-stream/lib/internal/streams/readable.js:707:22)
    at Framer.emit (node:events:519:28)
    at addChunk (/root/.openclaw/workspace/node_modules/readable-stream/lib/internal/streams/readable.js:323:12) {
  errno: -32,
  code: 'EPIPE',
  syscall: 'write'
}
[forge] Error: write EPIPE
[forge] Disconnected
[forge] Starting autonomous agent...
[forge] Waiting for spawn...
[forge] ✅ Spawned in world at (-228.27170134395826, 61.51916136558426, -94.82254858836454)
[forge] Connecting to Brain at ws://localhost:8767
[forge] ✅ Brain connected
[forge] Brain command: registered
Error: write EPIPE
    at afterWriteDispatched (node:internal/stream_base_commons:159:15)
    at writeGeneric (node:internal/stream_base_commons:150:3)
    at Socket._writeGeneric (node:net:966:11)
    at Socket._write (node:net:978:8)
    at writeOrBuffer (node:internal/streams/writable:572:12)
    at _write (node:internal/streams/writable:501:10)
    at Writable.write (node:internal/streams/writable:510:10)
    at Framer.ondata (/root/.openclaw/workspace/node_modules/readable-stream/lib/internal/streams/readable.js:707:22)
    at Framer.emit (node:events:519:28)
    at addChunk (/root/.openclaw/workspace/node_modules/readable-stream/lib/internal/streams/readable.js:323:12) {
  errno: -32,
  code: 'EPIPE',
  syscall: 'write'
}
[forge] Error: write EPIPE
[forge] Disconnected
[forge] Starting autonomous agent...
[forge] Waiting for spawn...
[forge] ✅ Spawned in world at (-227.3885529279505, 61.963118691294895, -91.91016665014592)
[forge] Connecting to Brain at ws://localhost:8767
[forge] ✅ Brain connected
[forge] Brain command: registered
Error: write EPIPE
    at afterWriteDispatched (node:internal/stream_base_commons:159:15)
    at writeGeneric (node:internal/stream_base_commons:150:3)
    at Socket._writeGeneric (node:net:966:11)
    at Socket._write (node:net:978:8)
    at writeOrBuffer (node:internal/streams/writable:572:12)
    at _write (node:internal/streams/writable:501:10)
    at Writable.write (node:internal/streams/writable:510:10)
    at Framer.ondata (/root/.openclaw/workspace/node_modules/readable-stream/lib/internal/streams/readable.js:707:22)
    at Framer.emit (node:events:519:28)
    at addChunk (/root/.openclaw/workspace/node_modules/readable-stream/lib/internal/streams/readable.js:323:12) {
  errno: -32,
  code: 'EPIPE',
  syscall: 'write'
}
[forge] Error: write EPIPE
[forge] Disconnected
[forge] Starting autonomous agent...
[forge] Waiting for spawn...
[forge] ✅ Spawned in world at (-229.97456637070388, 61.826954692128815, -89.08834948130541)
[forge] Connecting to Brain at ws://localhost:8767
[forge] ✅ Brain connected
[forge] Brain command: registered
Error: write EPIPE
    at afterWriteDispatched (node:internal/stream_base_commons:159:15)
    at writeGeneric (node:internal/stream_base_commons:150:3)
    at Socket._writeGeneric (node:net:966:11)
    at Socket._write (node:net:978:8)
    at writeOrBuffer (node:internal/streams/writable:572:12)
    at _write (node:internal/streams/writable:501:10)
    at Writable.write (node:internal/streams/writable:510:10)
    at Framer.ondata (/root/.openclaw/workspace/node_modules/readable-stream/lib/internal/streams/readable.js:707:22)
    at Framer.emit (node:events:519:28)
    at addChunk (/root/.openclaw/workspace/node_modules/readable-stream/lib/internal/streams/readable.js:323:12) {
  errno: -32,
  code: 'EPIPE',
  syscall: 'write'
}
[forge] Error: write EPIPE
[forge] Disconnected
[forge] Starting autonomous agent...
[forge] Waiting for spawn...
[forge] ✅ Spawned in world at (-228.46605354534415, 62.327746972264315, -87.42875239453522)
[forge] Connecting to Brain at ws://localhost:8767
[forge] ✅ Brain connected
[forge] Brain command: registered
Error: write ECONNRESET
    at afterWriteDispatched (node:internal/stream_base_commons:159:15)
    at writeGeneric (node:internal/stream_base_commons:150:3)
    at Socket._writeGeneric (node:net:966:11)
    at Socket._write (node:net:978:8)
    at writeOrBuffer (node:internal/streams/writable:572:12)
    at _write (node:internal/streams/writable:501:10)
    at Writable.write (node:internal/streams/writable:510:10)
    at Framer.ondata (/root/.openclaw/workspace/node_modules/readable-stream/lib/internal/streams/readable.js:707:22)
    at Framer.emit (node:events:519:28)
    at addChunk (/root/.openclaw/workspace/node_modules/readable-stream/lib/internal/streams/readable.js:323:12) {
  errno: -104,
  code: 'ECONNRESET',
  syscall: 'write'
}
[forge] Error: write ECONNRESET
[forge] Disconnected
[forge] Starting autonomous agent...
[forge] Waiting for spawn...
[forge] ✅ Spawned in world at (-227.45966815967728, 62.50753417123583, -90.70061614738381)
[forge] Connecting to Brain at ws://localhost:8767
[forge] ✅ Brain connected
[forge] Brain command: registered
Error: write EPIPE
    at afterWriteDispatched (node:internal/stream_base_commons:159:15)
    at writeGeneric (node:internal/stream_base_commons:150:3)
    at Socket._writeGeneric (node:net:966:11)
    at Socket._write (node:net:978:8)
    at writeOrBuffer (node:internal/streams/writable:572:12)
    at _write (node:internal/streams/writable:501:10)
    at Writable.write (node:internal/streams/writable:510:10)
    at Framer.ondata (/root/.openclaw/workspace/node_modules/readable-stream/lib/internal/streams/readable.js:707:22)
    at Framer.emit (node:events:519:28)
    at addChunk (/root/.openclaw/workspace/node_modules/readable-stream/lib/internal/streams/readable.js:323:12) {
  errno: -32,
  code: 'EPIPE',
  syscall: 'write'
}
[forge] Error: write EPIPE
[forge] Disconnected
[forge] Starting autonomous agent...
[forge] Waiting for spawn...
[forge] ✅ Spawned in world at (-225.5180704558125, 62.45461839712739, -93.71877462681738)
[forge] Connecting to Brain at ws://localhost:8767
[forge] ✅ Brain connected
[forge] Brain command: registered
Error: write EPIPE
    at afterWriteDispatched (node:internal/stream_base_commons:159:15)
    at writeGeneric (node:internal/stream_base_commons:150:3)
    at Socket._writeGeneric (node:net:966:11)
    at Socket._write (node:net:978:8)
    at writeOrBuffer (node:internal/streams/writable:572:12)
    at _write (node:internal/streams/writable:501:10)
    at Writable.write (node:internal/streams/writable:510:10)
    at Framer.ondata (/root/.openclaw/workspace/node_modules/readable-stream/lib/internal/streams/readable.js:707:22)
    at Framer.emit (node:events:519:28)
    at addChunk (/root/.openclaw/workspace/node_modules/readable-stream/lib/internal/streams/readable.js:323:12) {
  errno: -32,
  code: 'EPIPE',
  syscall: 'write'
}
[forge] Error: write EPIPE
[forge] Disconnected
[forge] Starting autonomous agent...
[forge] Waiting for spawn...
[forge] ✅ Spawned in world at (-227.7107687903641, 61.80691962293823, -91.29055521391541)
[forge] Connecting to Brain at ws://localhost:8767
[forge] ✅ Brain connected
[forge] Brain command: registered
Error: write EPIPE
    at afterWriteDispatched (node:internal/stream_base_commons:159:15)
    at writeGeneric (node:internal/stream_base_commons:150:3)
    at Socket._writeGeneric (node:net:966:11)
    at Socket._write (node:net:978:8)
    at writeOrBuffer (node:internal/streams/writable:572:12)
    at _write (node:internal/streams/writable:501:10)
    at Writable.write (node:internal/streams/writable:510:10)
    at Framer.ondata (/root/.openclaw/workspace/node_modules/readable-stream/lib/internal/streams/readable.js:707:22)
    at Framer.emit (node:events:519:28)
    at addChunk (/root/.openclaw/workspace/node_modules/readable-stream/lib/internal/streams/readable.js:323:12) {
  errno: -32,
  code: 'EPIPE',
  syscall: 'write'
}
[forge] Error: write EPIPE
[forge] Disconnected
[forge] Starting autonomous agent...
[forge] Waiting for spawn...
[forge] ✅ Spawned in world at (-226.4410404923715, 62.86385860667279, -94.96348020829261)
[forge] Connecting to Brain at ws://localhost:8767
[forge] ✅ Brain connected
[forge] Brain command: registered
Error: write EPIPE
    at afterWriteDispatched (node:internal/stream_base_commons:159:15)
    at writeGeneric (node:internal/stream_base_commons:150:3)
    at Socket._writeGeneric (node:net:966:11)
    at Socket._write (node:net:978:8)
    at writeOrBuffer (node:internal/streams/writable:572:12)
    at _write (node:internal/streams/writable:501:10)
    at Writable.write (node:internal/streams/writable:510:10)
    at Framer.ondata (/root/.openclaw/workspace/node_modules/readable-stream/lib/internal/streams/readable.js:707:22)
    at Framer.emit (node:events:519:28)
    at addChunk (/root/.openclaw/workspace/node_modules/readable-stream/lib/internal/streams/readable.js:323:12) {
  errno: -32,
  code: 'EPIPE',
  syscall: 'write'
}
[forge] Error: write EPIPE
[forge] Disconnected
[forge] Starting autonomous agent...
[forge] Waiting for spawn...
[forge] ✅ Spawned in world at (-228.51066438521124, 62.52820016353136, -93.4872350761567)
[forge] Connecting to Brain at ws://localhost:8767
[forge] ✅ Brain connected
[forge] Brain command: registered
Error: write ECONNRESET
    at afterWriteDispatched (node:internal/stream_base_commons:159:15)
    at writeGeneric (node:internal/stream_base_commons:150:3)
    at Socket._writeGeneric (node:net:966:11)
    at Socket._write (node:net:978:8)
    at writeOrBuffer (node:internal/streams/writable:572:12)
    at _write (node:internal/streams/writable:501:10)
    at Writable.write (node:internal/streams/writable:510:10)
    at Framer.ondata (/root/.openclaw/workspace/node_modules/readable-stream/lib/internal/streams/readable.js:707:22)
    at Framer.emit (node:events:519:28)
    at addChunk (/root/.openclaw/workspace/node_modules/readable-stream/lib/internal/streams/readable.js:323:12) {
  errno: -104,
  code: 'ECONNRESET',
  syscall: 'write'
}
[forge] Error: write ECONNRESET
[forge] Disconnected
[forge] Starting autonomous agent...
[forge] Waiting for spawn...
[forge] ✅ Spawned in world at (-228.51859388923958, 62.68008952858668, -95.84910545468952)
[forge] Connecting to Brain at ws://localhost:8767
[forge] ✅ Brain connected
[forge] Brain command: registered
Error: write ECONNRESET
    at afterWriteDispatched (node:internal/stream_base_commons:159:15)
    at writeGeneric (node:internal/stream_base_commons:150:3)
    at Socket._writeGeneric (node:net:966:11)
    at Socket._write (node:net:978:8)
    at writeOrBuffer (node:internal/streams/writable:572:12)
    at _write (node:internal/streams/writable:501:10)
    at Writable.write (node:internal/streams/writable:510:10)
    at Framer.ondata (/root/.openclaw/workspace/node_modules/readable-stream/lib/internal/streams/readable.js:707:22)
    at Framer.emit (node:events:519:28)
    at addChunk (/root/.openclaw/workspace/node_modules/readable-stream/lib/internal/streams/readable.js:323:12) {
  errno: -104,
  code: 'ECONNRESET',
  syscall: 'write'
}
[forge] Error: write ECONNRESET
[forge] Disconnected
[forge] Starting autonomous agent...
[forge] Waiting for spawn...
Error: write ECONNRESET
    at afterWriteDispatched (node:internal/stream_base_commons:159:15)
    at writeGeneric (node:internal/stream_base_commons:150:3)
    at Socket._writeGeneric (node:net:966:11)
    at Socket._write (node:net:978:8)
    at writeOrBuffer (node:internal/streams/writable:572:12)
    at _write (node:internal/streams/writable:501:10)
    at Writable.write (node:internal/streams/writable:510:10)
    at Framer.ondata (/root/.openclaw/workspace/node_modules/readable-stream/lib/internal/streams/readable.js:707:22)
    at Framer.emit (node:events:519:28)
    at addChunk (/root/.openclaw/workspace/node_modules/readable-stream/lib/internal/streams/readable.js:323:12) {
  errno: -104,
  code: 'ECONNRESET',
  syscall: 'write'
}
[forge] Error: write ECONNRESET
[forge] Disconnected
[forge] Starting autonomous agent...
[forge] Waiting for spawn...
[forge] ✅ Spawned in world at (-231.02260726804232, 62.5303538807523, -95.63497685342382)
[forge] Connecting to Brain at ws://localhost:8767
[forge] ✅ Brain connected
[forge] Brain command: registered
Error: write EPIPE
    at afterWriteDispatched (node:internal/stream_base_commons:159:15)
    at writeGeneric (node:internal/stream_base_commons:150:3)
    at Socket._writeGeneric (node:net:966:11)
    at Socket._write (node:net:978:8)
    at writeOrBuffer (node:internal/streams/writable:572:12)
    at _write (node:internal/streams/writable:501:10)
    at Writable.write (node:internal/streams/writable:510:10)
    at Framer.ondata (/root/.openclaw/workspace/node_modules/readable-stream/lib/internal/streams/readable.js:707:22)
    at Framer.emit (node:events:519:28)
    at addChunk (/root/.openclaw/workspace/node_modules/readable-stream/lib/internal/streams/readable.js:323:12) {
  errno: -32,
  code: 'EPIPE',
  syscall: 'write'
}
[forge] Error: write EPIPE
[forge] Disconnected
[forge] Starting autonomous agent...
[forge] Waiting for spawn...
[forge] ✅ Spawned in world at (-231.5, 54.73035387926375, -95.63497685342382)
[forge] Connecting to Brain at ws://localhost:8767
[forge] ✅ Brain connected
[forge] Brain command: registered
Error: write EPIPE
    at afterWriteDispatched (node:internal/stream_base_commons:159:15)
    at writeGeneric (node:internal/stream_base_commons:150:3)
    at Socket._writeGeneric (node:net:966:11)
    at Socket._write (node:net:978:8)
    at writeOrBuffer (node:internal/streams/writable:572:12)
    at _write (node:internal/streams/writable:501:10)
    at Writable.write (node:internal/streams/writable:510:10)
    at Framer.ondata (/root/.openclaw/workspace/node_modules/readable-stream/lib/internal/streams/readable.js:707:22)
    at Framer.emit (node:events:519:28)
    at addChunk (/root/.openclaw/workspace/node_modules/readable-stream/lib/internal/streams/readable.js:323:12) {
  errno: -32,
  code: 'EPIPE',
  syscall: 'write'
}
[forge] Error: write EPIPE
[forge] Disconnected
[forge] Starting autonomous agent...
[forge] Waiting for spawn...
[forge] ✅ Spawned in world at (-229.86772788152513, 62.79796125586131, -96.88851482742395)
[forge] Connecting to Brain at ws://localhost:8767
[forge] ✅ Brain connected
[forge] Brain command: registered
Error: write EPIPE
    at afterWriteDispatched (node:internal/stream_base_commons:159:15)
    at writeGeneric (node:internal/stream_base_commons:150:3)
    at Socket._writeGeneric (node:net:966:11)
    at Socket._write (node:net:978:8)
    at writeOrBuffer (node:internal/streams/writable:572:12)
    at _write (node:internal/streams/writable:501:10)
    at Writable.write (node:internal/streams/writable:510:10)
    at Framer.ondata (/root/.openclaw/workspace/node_modules/readable-stream/lib/internal/streams/readable.js:707:22)
    at Framer.emit (node:events:519:28)
    at addChunk (/root/.openclaw/workspace/node_modules/readable-stream/lib/internal/streams/readable.js:323:12) {
  errno: -32,
  code: 'EPIPE',
  syscall: 'write'
}
[forge] Error: write EPIPE
[forge] Disconnected
[forge] Starting autonomous agent...
[forge] Waiting for spawn...
[forge] Disconnected
[forge] Starting autonomous agent...
[forge] Waiting for spawn...
[forge] ✅ Spawned in world at (-230.82211054016193, 60.07091577583114, -97.9008202269729)
[forge] Connecting to Brain at ws://localhost:8767
[forge] ✅ Brain connected
[forge] Brain command: registered
Error: write EPIPE
    at afterWriteDispatched (node:internal/stream_base_commons:159:15)
    at writeGeneric (node:internal/stream_base_commons:150:3)
    at Socket._writeGeneric (node:net:966:11)
    at Socket._write (node:net:978:8)
    at writeOrBuffer (node:internal/streams/writable:572:12)
    at _write (node:internal/streams/writable:501:10)
    at Writable.write (node:internal/streams/writable:510:10)
    at Framer.ondata (/root/.openclaw/workspace/node_modules/readable-stream/lib/internal/streams/readable.js:707:22)
    at Framer.emit (node:events:519:28)
    at addChunk (/root/.openclaw/workspace/node_modules/readable-stream/lib/internal/streams/readable.js:323:12) {
  errno: -32,
  code: 'EPIPE',
  syscall: 'write'
}
[forge] Error: write EPIPE
[forge] Disconnected
[forge] Starting autonomous agent...
[forge] Waiting for spawn...
[forge] ✅ Spawned in world at (-226.8289649820515, 62.26278748932718, -101.18614066648982)
[forge] Connecting to Brain at ws://localhost:8767
[forge] ✅ Brain connected
[forge] Brain command: registered
Error: write EPIPE
    at afterWriteDispatched (node:internal/stream_base_commons:159:15)
    at writeGeneric (node:internal/stream_base_commons:150:3)
    at Socket._writeGeneric (node:net:966:11)
    at Socket._write (node:net:978:8)
    at writeOrBuffer (node:internal/streams/writable:572:12)
    at _write (node:internal/streams/writable:501:10)
    at Writable.write (node:internal/streams/writable:510:10)
    at Framer.ondata (/root/.openclaw/workspace/node_modules/readable-stream/lib/internal/streams/readable.js:707:22)
    at Framer.emit (node:events:519:28)
    at addChunk (/root/.openclaw/workspace/node_modules/readable-stream/lib/internal/streams/readable.js:323:12) {
  errno: -32,
  code: 'EPIPE',
  syscall: 'write'
}
[forge] Error: write EPIPE
[forge] Disconnected
[forge] Starting autonomous agent...
[forge] Waiting for spawn...
[forge] ✅ Spawned in world at (-224.01805485618414, 61.86501762817677, -98.00822520806422)
[forge] Connecting to Brain at ws://localhost:8767
[forge] ✅ Brain connected
[forge] Brain command: registered
Error: write EPIPE
    at afterWriteDispatched (node:internal/stream_base_commons:159:15)
    at writeGeneric (node:internal/stream_base_commons:150:3)
    at Socket._writeGeneric (node:net:966:11)
    at Socket._write (node:net:978:8)
    at writeOrBuffer (node:internal/streams/writable:572:12)
    at _write (node:internal/streams/writable:501:10)
    at Writable.write (node:internal/streams/writable:510:10)
    at Framer.ondata (/root/.openclaw/workspace/node_modules/readable-stream/lib/internal/streams/readable.js:707:22)
    at Framer.emit (node:events:519:28)
    at addChunk (/root/.openclaw/workspace/node_modules/readable-stream/lib/internal/streams/readable.js:323:12) {
  errno: -32,
  code: 'EPIPE',
  syscall: 'write'
}
[forge] Error: write EPIPE
[forge] Disconnected
[forge] Starting autonomous agent...
[forge] Waiting for spawn...
[forge] ✅ Spawned in world at (-227.11019760735428, 62.21197475752794, -94.88863407643528)
[forge] Connecting to Brain at ws://localhost:8767
[forge] ✅ Brain connected
[forge] Brain command: registered
Error: write ECONNRESET
    at afterWriteDispatched (node:internal/stream_base_commons:159:15)
    at writeGeneric (node:internal/stream_base_commons:150:3)
    at Socket._writeGeneric (node:net:966:11)
    at Socket._write (node:net:978:8)
    at writeOrBuffer (node:internal/streams/writable:572:12)
    at _write (node:internal/streams/writable:501:10)
    at Writable.write (node:internal/streams/writable:510:10)
    at Framer.ondata (/root/.openclaw/workspace/node_modules/readable-stream/lib/internal/streams/readable.js:707:22)
    at Framer.emit (node:events:519:28)
    at addChunk (/root/.openclaw/workspace/node_modules/readable-stream/lib/internal/streams/readable.js:323:12) {
  errno: -104,
  code: 'ECONNRESET',
  syscall: 'write'
}
[forge] Error: write ECONNRESET
[forge] Disconnected
[forge] Starting autonomous agent...
[forge] Waiting for spawn...
[forge] ✅ Spawned in world at (-226.9258911586161, 59.221192484062115, -94.46960964704705)
[forge] Connecting to Brain at ws://localhost:8767
[forge] ✅ Brain connected
[forge] Brain command: registered
Error: client timed out after 30000 milliseconds
    at Timeout._onTimeout (/root/.openclaw/workspace/node_modules/minecraft-protocol/src/client/keepalive.js:18:28)
    at listOnTimeout (node:internal/timers:585:17)
    at process.processTimers (node:internal/timers:521:7)
[forge] Error: client timed out after 30000 milliseconds
[forge] Chat: patricia: Agent patricia online!
[forge] Disconnected
[forge] Starting autonomous agent...
[forge] Waiting for spawn...
[forge] ✅ Spawned in world at (-235.61181464529605, 61.0634119814006, -86.60134465611674)
[forge] Connecting to Brain at ws://localhost:8767
[forge] ✅ Brain connected
[forge] Brain command: registered
Error: write EPIPE
    at afterWriteDispatched (node:internal/stream_base_commons:159:15)
    at writeGeneric (node:internal/stream_base_commons:150:3)
    at Socket._writeGeneric (node:net:966:11)
    at Socket._write (node:net:978:8)
    at writeOrBuffer (node:internal/streams/writable:572:12)
    at _write (node:internal/streams/writable:501:10)
    at Writable.write (node:internal/streams/writable:510:10)
    at Framer.ondata (/root/.openclaw/workspace/node_modules/readable-stream/lib/internal/streams/readable.js:707:22)
    at Framer.emit (node:events:519:28)
    at addChunk (/root/.openclaw/workspace/node_modules/readable-stream/lib/internal/streams/readable.js:323:12) {
  errno: -32,
  code: 'EPIPE',
  syscall: 'write'
}
[forge] Error: write EPIPE
[forge] Disconnected
[forge] Starting autonomous agent...
[forge] Waiting for spawn...
[forge] Disconnected
[forge] Starting autonomous agent...
[forge] Waiting for spawn...
[forge] ✅ Spawned in world at (-237.25524844060521, 62.179262289700205, -88.2583467144267)
[forge] Connecting to Brain at ws://localhost:8767
[forge] ✅ Brain connected
[forge] Brain command: registered
Error: write EPIPE
    at afterWriteDispatched (node:internal/stream_base_commons:159:15)
    at writeGeneric (node:internal/stream_base_commons:150:3)
    at Socket._writeGeneric (node:net:966:11)
    at Socket._write (node:net:978:8)
    at writeOrBuffer (node:internal/streams/writable:572:12)
    at _write (node:internal/streams/writable:501:10)
    at Writable.write (node:internal/streams/writable:510:10)
    at Framer.ondata (/root/.openclaw/workspace/node_modules/readable-stream/lib/internal/streams/readable.js:707:22)
    at Framer.emit (node:events:519:28)
    at addChunk (/root/.openclaw/workspace/node_modules/readable-stream/lib/internal/streams/readable.js:323:12) {
  errno: -32,
  code: 'EPIPE',
  syscall: 'write'
}
[forge] Error: write EPIPE
[forge] Disconnected
[forge] Starting autonomous agent...
[forge] Waiting for spawn...
[forge] ✅ Spawned in world at (-235.86552398953145, 62.577555928377016, -90.15771161754083)
[forge] Connecting to Brain at ws://localhost:8767
[forge] ✅ Brain connected
[forge] Brain command: registered
Error: write EPIPE
    at afterWriteDispatched (node:internal/stream_base_commons:159:15)
    at writeGeneric (node:internal/stream_base_commons:150:3)
    at Socket._writeGeneric (node:net:966:11)
    at Socket._write (node:net:978:8)
    at writeOrBuffer (node:internal/streams/writable:572:12)
    at _write (node:internal/streams/writable:501:10)
    at Writable.write (node:internal/streams/writable:510:10)
    at Framer.ondata (/root/.openclaw/workspace/node_modules/readable-stream/lib/internal/streams/readable.js:707:22)
    at Framer.emit (node:events:519:28)
    at addChunk (/root/.openclaw/workspace/node_modules/readable-stream/lib/internal/streams/readable.js:323:12) {
  errno: -32,
  code: 'EPIPE',
  syscall: 'write'
}
[forge] Error: write EPIPE
[forge] Disconnected
[forge] Starting autonomous agent...
[forge] Waiting for spawn...
[forge] ✅ Spawned in world at (-237.6166603267751, 62.65839440251672, -88.37640604548702)
[forge] Connecting to Brain at ws://localhost:8767
[forge] ✅ Brain connected
[forge] Brain command: registered
Error: write EPIPE
    at afterWriteDispatched (node:internal/stream_base_commons:159:15)
    at writeGeneric (node:internal/stream_base_commons:150:3)
    at Socket._writeGeneric (node:net:966:11)
    at Socket._write (node:net:978:8)
    at writeOrBuffer (node:internal/streams/writable:572:12)
    at _write (node:internal/streams/writable:501:10)
    at Writable.write (node:internal/streams/writable:510:10)
    at Framer.ondata (/root/.openclaw/workspace/node_modules/readable-stream/lib/internal/streams/readable.js:707:22)
    at Framer.emit (node:events:519:28)
    at addChunk (/root/.openclaw/workspace/node_modules/readable-stream/lib/internal/streams/readable.js:323:12) {
  errno: -32,
  code: 'EPIPE',
  syscall: 'write'
}
[forge] Error: write EPIPE
[forge] Disconnected
[forge] Starting autonomous agent...
[forge] Waiting for spawn...
[forge] ✅ Spawned in world at (-237.6166603267751, 54.353834376919046, -88.37640604548702)
[forge] Connecting to Brain at ws://localhost:8767
[forge] ✅ Brain connected
[forge] Brain command: registered
Error: write EPIPE
    at afterWriteDispatched (node:internal/stream_base_commons:159:15)
    at writeGeneric (node:internal/stream_base_commons:150:3)
    at Socket._writeGeneric (node:net:966:11)
    at Socket._write (node:net:978:8)
    at writeOrBuffer (node:internal/streams/writable:572:12)
    at _write (node:internal/streams/writable:501:10)
    at Writable.write (node:internal/streams/writable:510:10)
    at Framer.ondata (/root/.openclaw/workspace/node_modules/readable-stream/lib/internal/streams/readable.js:707:22)
    at Framer.emit (node:events:519:28)
    at addChunk (/root/.openclaw/workspace/node_modules/readable-stream/lib/internal/streams/readable.js:323:12) {
  errno: -32,
  code: 'EPIPE',
  syscall: 'write'
}
[forge] Error: write EPIPE
[forge] Disconnected
[forge] Starting autonomous agent...
[forge] Waiting for spawn...
[forge] ✅ Spawned in world at (-239.49519003726076, 61.77637546113963, -86.50562952877688)
[forge] Connecting to Brain at ws://localhost:8767
[forge] ✅ Brain connected
[forge] Brain command: registered
Error: write ECONNRESET
    at afterWriteDispatched (node:internal/stream_base_commons:159:15)
    at writeGeneric (node:internal/stream_base_commons:150:3)
    at Socket._writeGeneric (node:net:966:11)
    at Socket._write (node:net:978:8)
    at writeOrBuffer (node:internal/streams/writable:572:12)
    at _write (node:internal/streams/writable:501:10)
    at Writable.write (node:internal/streams/writable:510:10)
    at Framer.ondata (/root/.openclaw/workspace/node_modules/readable-stream/lib/internal/streams/readable.js:707:22)
    at Framer.emit (node:events:519:28)
    at addChunk (/root/.openclaw/workspace/node_modules/readable-stream/lib/internal/streams/readable.js:323:12) {
  errno: -104,
  code: 'ECONNRESET',
  syscall: 'write'
}
[forge] Error: write ECONNRESET
[forge] Disconnected
[forge] Starting autonomous agent...
[forge] Waiting for spawn...
[forge] Disconnected
[forge] Starting autonomous agent...
[forge] Waiting for spawn...
[forge] ✅ Spawned in world at (-240.47461987876358, 62.652922884698626, -87.47490906473021)
[forge] Connecting to Brain at ws://localhost:8767
[forge] ✅ Brain connected
[forge] Brain command: registered
Error: write EPIPE
    at afterWriteDispatched (node:internal/stream_base_commons:159:15)
    at writeGeneric (node:internal/stream_base_commons:150:3)
    at Socket._writeGeneric (node:net:966:11)
    at Socket._write (node:net:978:8)
    at writeOrBuffer (node:internal/streams/writable:572:12)
    at _write (node:internal/streams/writable:501:10)
    at Writable.write (node:internal/streams/writable:510:10)
    at Framer.ondata (/root/.openclaw/workspace/node_modules/readable-stream/lib/internal/streams/readable.js:707:22)
    at Framer.emit (node:events:519:28)
    at addChunk (/root/.openclaw/workspace/node_modules/readable-stream/lib/internal/streams/readable.js:323:12) {
  errno: -32,
  code: 'EPIPE',
  syscall: 'write'
}
[forge] Error: write EPIPE
[forge] Disconnected
[forge] Starting autonomous agent...
[forge] Waiting for spawn...
[forge] ✅ Spawned in world at (-243.63585342084485, 62.0198866256159, -88.45942096507713)
[forge] Connecting to Brain at ws://localhost:8767
[forge] ✅ Brain connected
[forge] Brain command: registered
Error: write EPIPE
    at afterWriteDispatched (node:internal/stream_base_commons:159:15)
    at writeGeneric (node:internal/stream_base_commons:150:3)
    at Socket._writeGeneric (node:net:966:11)
    at Socket._write (node:net:978:8)
    at writeOrBuffer (node:internal/streams/writable:572:12)
    at _write (node:internal/streams/writable:501:10)
    at Writable.write (node:internal/streams/writable:510:10)
    at Framer.ondata (/root/.openclaw/workspace/node_modules/readable-stream/lib/internal/streams/readable.js:707:22)
    at Framer.emit (node:events:519:28)
    at addChunk (/root/.openclaw/workspace/node_modules/readable-stream/lib/internal/streams/readable.js:323:12) {
  errno: -32,
  code: 'EPIPE',
  syscall: 'write'
}
[forge] Error: write EPIPE
[forge] Disconnected
[forge] Starting autonomous agent...
[forge] Waiting for spawn...
[forge] ✅ Spawned in world at (-243.65543107799323, 58.80988662412837, -88.46035656145399)
[forge] Connecting to Brain at ws://localhost:8767
[forge] ✅ Brain connected
[forge] Brain command: registered
Error: write EPIPE
    at afterWriteDispatched (node:internal/stream_base_commons:159:15)
    at writeGeneric (node:internal/stream_base_commons:150:3)
    at Socket._writeGeneric (node:net:966:11)
    at Socket._write (node:net:978:8)
    at writeOrBuffer (node:internal/streams/writable:572:12)
    at _write (node:internal/streams/writable:501:10)
    at Writable.write (node:internal/streams/writable:510:10)
    at Framer.ondata (/root/.openclaw/workspace/node_modules/readable-stream/lib/internal/streams/readable.js:707:22)
    at Framer.emit (node:events:519:28)
    at addChunk (/root/.openclaw/workspace/node_modules/readable-stream/lib/internal/streams/readable.js:323:12) {
  errno: -32,
  code: 'EPIPE',
  syscall: 'write'
}
[forge] Error: write EPIPE
[forge] Disconnected
[forge] Starting autonomous agent...
[forge] Waiting for spawn...
[forge] ✅ Spawned in world at (-245.72006510868815, 62.22332287874343, -89.4596065678211)
[forge] Connecting to Brain at ws://localhost:8767
[forge] ✅ Brain connected
[forge] Brain command: registered
Error: write EPIPE
    at afterWriteDispatched (node:internal/stream_base_commons:159:15)
    at writeGeneric (node:internal/stream_base_commons:150:3)
    at Socket._writeGeneric (node:net:966:11)
    at Socket._write (node:net:978:8)
    at writeOrBuffer (node:internal/streams/writable:572:12)
    at _write (node:internal/streams/writable:501:10)
    at Writable.write (node:internal/streams/writable:510:10)
    at Framer.ondata (/root/.openclaw/workspace/node_modules/readable-stream/lib/internal/streams/readable.js:707:22)
    at Framer.emit (node:events:519:28)
    at addChunk (/root/.openclaw/workspace/node_modules/readable-stream/lib/internal/streams/readable.js:323:12) {
  errno: -32,
  code: 'EPIPE',
  syscall: 'write'
}
[forge] Error: write EPIPE
[forge] Disconnected
[forge] Starting autonomous agent...
[forge] Waiting for spawn...
[forge] ✅ Spawned in world at (-246.50426777605742, 62.12714836529256, -85.29904509147327)
[forge] Connecting to Brain at ws://localhost:8767
[forge] ✅ Brain connected
[forge] Brain command: registered
Error: write EPIPE
    at afterWriteDispatched (node:internal/stream_base_commons:159:15)
    at writeGeneric (node:internal/stream_base_commons:150:3)
    at Socket._writeGeneric (node:net:966:11)
    at Socket._write (node:net:978:8)
    at writeOrBuffer (node:internal/streams/writable:572:12)
    at _write (node:internal/streams/writable:501:10)
    at Writable.write (node:internal/streams/writable:510:10)
    at Framer.ondata (/root/.openclaw/workspace/node_modules/readable-stream/lib/internal/streams/readable.js:707:22)
    at Framer.emit (node:events:519:28)
    at addChunk (/root/.openclaw/workspace/node_modules/readable-stream/lib/internal/streams/readable.js:323:12) {
  errno: -32,
  code: 'EPIPE',
  syscall: 'write'
}
[forge] Error: write EPIPE
[forge] Disconnected
[forge] Starting autonomous agent...
[forge] Waiting for spawn...
[forge] ✅ Spawned in world at (-246.5133716849842, 62.84765257070883, -87.56896985825296)
[forge] Connecting to Brain at ws://localhost:8767
[forge] ✅ Brain connected
[forge] Brain command: registered
Error: write ECONNRESET
    at afterWriteDispatched (node:internal/stream_base_commons:159:15)
    at writeGeneric (node:internal/stream_base_commons:150:3)
    at Socket._writeGeneric (node:net:966:11)
    at Socket._write (node:net:978:8)
    at writeOrBuffer (node:internal/streams/writable:572:12)
    at _write (node:internal/streams/writable:501:10)
    at Writable.write (node:internal/streams/writable:510:10)
    at Framer.ondata (/root/.openclaw/workspace/node_modules/readable-stream/lib/internal/streams/readable.js:707:22)
    at Framer.emit (node:events:519:28)
    at addChunk (/root/.openclaw/workspace/node_modules/readable-stream/lib/internal/streams/readable.js:323:12) {
  errno: -104,
  code: 'ECONNRESET',
  syscall: 'write'
}
[forge] Error: write ECONNRESET
[forge] Disconnected
[forge] Starting autonomous agent...
[forge] Waiting for spawn...
[forge] ✅ Spawned in world at (-247.5133918488411, 62.79800942260731, -85.56140336769198)
[forge] Connecting to Brain at ws://localhost:8767
[forge] ✅ Brain connected
[forge] Brain command: registered
Error: write EPIPE
    at afterWriteDispatched (node:internal/stream_base_commons:159:15)
    at writeGeneric (node:internal/stream_base_commons:150:3)
    at Socket._writeGeneric (node:net:966:11)
    at Socket._write (node:net:978:8)
    at writeOrBuffer (node:internal/streams/writable:572:12)
    at _write (node:internal/streams/writable:501:10)
    at Writable.write (node:internal/streams/writable:510:10)
    at Framer.ondata (/root/.openclaw/workspace/node_modules/readable-stream/lib/internal/streams/readable.js:707:22)
    at Framer.emit (node:events:519:28)
    at addChunk (/root/.openclaw/workspace/node_modules/readable-stream/lib/internal/streams/readable.js:323:12) {
  errno: -32,
  code: 'EPIPE',
  syscall: 'write'
}
[forge] Error: write EPIPE
[forge] Disconnected
[forge] Starting autonomous agent...
[forge] Waiting for spawn...
[forge] ✅ Spawned in world at (-243.4353785471535, 62.796899087166906, -90.19706252607601)
[forge] Connecting to Brain at ws://localhost:8767
[forge] ✅ Brain connected
[forge] Brain command: registered
Error: write EPIPE
    at afterWriteDispatched (node:internal/stream_base_commons:159:15)
    at writeGeneric (node:internal/stream_base_commons:150:3)
    at Socket._writeGeneric (node:net:966:11)
    at Socket._write (node:net:978:8)
    at writeOrBuffer (node:internal/streams/writable:572:12)
    at _write (node:internal/streams/writable:501:10)
    at Writable.write (node:internal/streams/writable:510:10)
    at Framer.ondata (/root/.openclaw/workspace/node_modules/readable-stream/lib/internal/streams/readable.js:707:22)
    at Framer.emit (node:events:519:28)
    at addChunk (/root/.openclaw/workspace/node_modules/readable-stream/lib/internal/streams/readable.js:323:12) {
  errno: -32,
  code: 'EPIPE',
  syscall: 'write'
}
[forge] Error: write EPIPE
[forge] Disconnected
[forge] Starting autonomous agent...
[forge] Waiting for spawn...
[forge] ✅ Spawned in world at (-241.54596532634895, 61.63432317155167, -91.12051054929651)
[forge] Connecting to Brain at ws://localhost:8767
[forge] ✅ Brain connected
[forge] Brain command: registered
Error: write EPIPE
    at afterWriteDispatched (node:internal/stream_base_commons:159:15)
    at writeGeneric (node:internal/stream_base_commons:150:3)
    at Socket._writeGeneric (node:net:966:11)
    at Socket._write (node:net:978:8)
    at writeOrBuffer (node:internal/streams/writable:572:12)
    at _write (node:internal/streams/writable:501:10)
    at Writable.write (node:internal/streams/writable:510:10)
    at Framer.ondata (/root/.openclaw/workspace/node_modules/readable-stream/lib/internal/streams/readable.js:707:22)
    at Framer.emit (node:events:519:28)
    at addChunk (/root/.openclaw/workspace/node_modules/readable-stream/lib/internal/streams/readable.js:323:12) {
  errno: -32,
  code: 'EPIPE',
  syscall: 'write'
}
[forge] Error: write EPIPE
[forge] Disconnected
[forge] Starting autonomous agent...
[forge] Waiting for spawn...
[forge] ✅ Spawned in world at (-241.54596532634895, 57.73432317041494, -91.12051054929651)
[forge] Connecting to Brain at ws://localhost:8767
[forge] ✅ Brain connected
[forge] Brain command: registered
Error: write EPIPE
    at afterWriteDispatched (node:internal/stream_base_commons:159:15)
    at writeGeneric (node:internal/stream_base_commons:150:3)
    at Socket._writeGeneric (node:net:966:11)
    at Socket._write (node:net:978:8)
    at writeOrBuffer (node:internal/streams/writable:572:12)
    at _write (node:internal/streams/writable:501:10)
    at Writable.write (node:internal/streams/writable:510:10)
    at Framer.ondata (/root/.openclaw/workspace/node_modules/readable-stream/lib/internal/streams/readable.js:707:22)
    at Framer.emit (node:events:519:28)
    at addChunk (/root/.openclaw/workspace/node_modules/readable-stream/lib/internal/streams/readable.js:323:12) {
  errno: -32,
  code: 'EPIPE',
  syscall: 'write'
}
[forge] Error: write EPIPE
[forge] Disconnected
[forge] Starting autonomous agent...
[forge] Waiting for spawn...
[forge] ✅ Spawned in world at (-237.96112948990108, 62.678099698682495, -87.96140523233599)
[forge] Connecting to Brain at ws://localhost:8767
[forge] ✅ Brain connected
[forge] Brain command: registered
Error: write EPIPE
    at afterWriteDispatched (node:internal/stream_base_commons:159:15)
    at writeGeneric (node:internal/stream_base_commons:150:3)
    at Socket._writeGeneric (node:net:966:11)
    at Socket._write (node:net:978:8)
    at writeOrBuffer (node:internal/streams/writable:572:12)
    at _write (node:internal/streams/writable:501:10)
    at Writable.write (node:internal/streams/writable:510:10)
    at Framer.ondata (/root/.openclaw/workspace/node_modules/readable-stream/lib/internal/streams/readable.js:707:22)
    at Framer.emit (node:events:519:28)
    at addChunk (/root/.openclaw/workspace/node_modules/readable-stream/lib/internal/streams/readable.js:323:12) {
  errno: -32,
  code: 'EPIPE',
  syscall: 'write'
}
[forge] Error: write EPIPE
[forge] Disconnected
[forge] Starting autonomous agent...
[forge] Waiting for spawn...
[forge] ✅ Spawned in world at (-241.66387915552494, 61.75992321882628, -83.509601560279)
[forge] Connecting to Brain at ws://localhost:8767
[forge] ✅ Brain connected
[forge] Brain command: registered
Error: write EPIPE
    at afterWriteDispatched (node:internal/stream_base_commons:159:15)
    at writeGeneric (node:internal/stream_base_commons:150:3)
    at Socket._writeGeneric (node:net:966:11)
    at Socket._write (node:net:978:8)
    at writeOrBuffer (node:internal/streams/writable:572:12)
    at _write (node:internal/streams/writable:501:10)
    at Writable.write (node:internal/streams/writable:510:10)
    at Framer.ondata (/root/.openclaw/workspace/node_modules/readable-stream/lib/internal/streams/readable.js:707:22)
    at Framer.emit (node:events:519:28)
    at addChunk (/root/.openclaw/workspace/node_modules/readable-stream/lib/internal/streams/readable.js:323:12) {
  errno: -32,
  code: 'EPIPE',
  syscall: 'write'
}
[forge] Error: write EPIPE
[forge] Disconnected
[forge] Starting autonomous agent...
[forge] Waiting for spawn...
[forge] ✅ Spawned in world at (-242.55081446240507, 62.818886603951206, -82.48739581837316)
[forge] Connecting to Brain at ws://localhost:8767
[forge] ✅ Brain connected
[forge] Brain command: registered
Error: write EPIPE
    at afterWriteDispatched (node:internal/stream_base_commons:159:15)
    at writeGeneric (node:internal/stream_base_commons:150:3)
    at Socket._writeGeneric (node:net:966:11)
    at Socket._write (node:net:978:8)
    at writeOrBuffer (node:internal/streams/writable:572:12)
    at _write (node:internal/streams/writable:501:10)
    at Writable.write (node:internal/streams/writable:510:10)
    at Framer.ondata (/root/.openclaw/workspace/node_modules/readable-stream/lib/internal/streams/readable.js:707:22)
    at Framer.emit (node:events:519:28)
    at addChunk (/root/.openclaw/workspace/node_modules/readable-stream/lib/internal/streams/readable.js:323:12) {
  errno: -32,
  code: 'EPIPE',
  syscall: 'write'
}
[forge] Error: write EPIPE
[forge] Disconnected
[forge] Starting autonomous agent...
[forge] Waiting for spawn...
Error: write ECONNRESET
    at afterWriteDispatched (node:internal/stream_base_commons:159:15)
    at writeGeneric (node:internal/stream_base_commons:150:3)
    at Socket._writeGeneric (node:net:966:11)
    at Socket._write (node:net:978:8)
    at writeOrBuffer (node:internal/streams/writable:572:12)
    at _write (node:internal/streams/writable:501:10)
    at Writable.write (node:internal/streams/writable:510:10)
    at Framer.ondata (/root/.openclaw/workspace/node_modules/readable-stream/lib/internal/streams/readable.js:707:22)
    at Framer.emit (node:events:519:28)
    at addChunk (/root/.openclaw/workspace/node_modules/readable-stream/lib/internal/streams/readable.js:323:12) {
  errno: -104,
  code: 'ECONNRESET',
  syscall: 'write'
}
[forge] Error: write ECONNRESET
[forge] Disconnected
[forge] Starting autonomous agent...
[forge] Waiting for spawn...
[forge] Disconnected
[forge] Starting autonomous agent...
[forge] Waiting for spawn...
[forge] ✅ Spawned in world at (-246.50001726917168, 58.71414311006519, -79.49162809933114)
[forge] Connecting to Brain at ws://localhost:8767
[forge] ✅ Brain connected
[forge] Brain command: registered
Error: write ECONNRESET
    at afterWriteDispatched (node:internal/stream_base_commons:159:15)
    at writeGeneric (node:internal/stream_base_commons:150:3)
    at Socket._writeGeneric (node:net:966:11)
    at Socket._write (node:net:978:8)
    at writeOrBuffer (node:internal/streams/writable:572:12)
    at _write (node:internal/streams/writable:501:10)
    at Writable.write (node:internal/streams/writable:510:10)
    at Framer.ondata (/root/.openclaw/workspace/node_modules/readable-stream/lib/internal/streams/readable.js:707:22)
    at Framer.emit (node:events:519:28)
    at addChunk (/root/.openclaw/workspace/node_modules/readable-stream/lib/internal/streams/readable.js:323:12) {
  errno: -104,
  code: 'ECONNRESET',
  syscall: 'write'
}
[forge] Error: write ECONNRESET
[forge] Disconnected
[forge] Starting autonomous agent...
[forge] Waiting for spawn...
[forge] ✅ Spawned in world at (-246.50001726917168, 56.81414311892071, -79.49162809933114)
[forge] Connecting to Brain at ws://localhost:8767
[forge] ✅ Brain connected
[forge] Brain command: registered
Error: write ECONNRESET
    at afterWriteDispatched (node:internal/stream_base_commons:159:15)
    at writeGeneric (node:internal/stream_base_commons:150:3)
    at Socket._writeGeneric (node:net:966:11)
    at Socket._write (node:net:978:8)
    at writeOrBuffer (node:internal/streams/writable:572:12)
    at _write (node:internal/streams/writable:501:10)
    at Writable.write (node:internal/streams/writable:510:10)
    at Framer.ondata (/root/.openclaw/workspace/node_modules/readable-stream/lib/internal/streams/readable.js:707:22)
    at Framer.emit (node:events:519:28)
    at addChunk (/root/.openclaw/workspace/node_modules/readable-stream/lib/internal/streams/readable.js:323:12) {
  errno: -104,
  code: 'ECONNRESET',
  syscall: 'write'
}
[forge] Error: write ECONNRESET
[forge] Disconnected
[forge] Starting autonomous agent...
[forge] Waiting for spawn...
[forge] ✅ Spawned in world at (-247.22363381764634, 54.544118698819425, -79.59255412602681)
[forge] Connecting to Brain at ws://localhost:8767
[forge] ✅ Brain connected
[forge] Brain command: registered
Error: write ECONNRESET
    at afterWriteDispatched (node:internal/stream_base_commons:159:15)
    at writeGeneric (node:internal/stream_base_commons:150:3)
    at Socket._writeGeneric (node:net:966:11)
    at Socket._write (node:net:978:8)
    at writeOrBuffer (node:internal/streams/writable:572:12)
    at _write (node:internal/streams/writable:501:10)
    at Writable.write (node:internal/streams/writable:510:10)
    at Framer.ondata (/root/.openclaw/workspace/node_modules/readable-stream/lib/internal/streams/readable.js:707:22)
    at Framer.emit (node:events:519:28)
    at addChunk (/root/.openclaw/workspace/node_modules/readable-stream/lib/internal/streams/readable.js:323:12) {
  errno: -104,
  code: 'ECONNRESET',
  syscall: 'write'
}
[forge] Error: write ECONNRESET
[forge] Disconnected
[forge] Starting autonomous agent...
[forge] Waiting for spawn...
[forge] ✅ Spawned in world at (-247.22363381764634, 51.66999830688019, -79.59255412602681)
[forge] Connecting to Brain at ws://localhost:8767
[forge] ✅ Brain connected
[forge] Brain command: registered
Error: write EPIPE
    at afterWriteDispatched (node:internal/stream_base_commons:159:15)
    at writeGeneric (node:internal/stream_base_commons:150:3)
    at Socket._writeGeneric (node:net:966:11)
    at Socket._write (node:net:978:8)
    at writeOrBuffer (node:internal/streams/writable:572:12)
    at _write (node:internal/streams/writable:501:10)
    at Writable.write (node:internal/streams/writable:510:10)
    at Framer.ondata (/root/.openclaw/workspace/node_modules/readable-stream/lib/internal/streams/readable.js:707:22)
    at Framer.emit (node:events:519:28)
    at addChunk (/root/.openclaw/workspace/node_modules/readable-stream/lib/internal/streams/readable.js:323:12) {
  errno: -32,
  code: 'EPIPE',
  syscall: 'write'
}
[forge] Error: write EPIPE
[forge] Disconnected
[forge] Starting autonomous agent...
[forge] Waiting for spawn...
[forge] ✅ Spawned in world at (-247.22363381764634, 51, -79.59255412602681)
[forge] Connecting to Brain at ws://localhost:8767
[forge] ✅ Brain connected
[forge] Brain command: registered
[forge] Chat: chelios: Agent chelios online!
Error: client timed out after 30000 milliseconds
    at Timeout._onTimeout (/root/.openclaw/workspace/node_modules/minecraft-protocol/src/client/keepalive.js:18:28)
    at listOnTimeout (node:internal/timers:585:17)
    at process.processTimers (node:internal/timers:521:7)
[forge] Error: client timed out after 30000 milliseconds
[forge] Chat: aurora: Agent aurora online!
[forge] Disconnected
[forge] Starting autonomous agent...
[forge] Waiting for spawn...
[forge] ✅ Spawned in world at (-241.55242097838476, 62.3232255998739, -83.44651945355659)
[forge] Connecting to Brain at ws://localhost:8767
[forge] ✅ Brain connected
[forge] Brain command: registered
[forge] Chat: aurora: Agent aurora online!
Error: write EPIPE
    at afterWriteDispatched (node:internal/stream_base_commons:159:15)
    at writeGeneric (node:internal/stream_base_commons:150:3)
    at Socket._writeGeneric (node:net:966:11)
    at Socket._write (node:net:978:8)
    at writeOrBuffer (node:internal/streams/writable:572:12)
    at _write (node:internal/streams/writable:501:10)
    at Writable.write (node:internal/streams/writable:510:10)
    at Framer.ondata (/root/.openclaw/workspace/node_modules/readable-stream/lib/internal/streams/readable.js:707:22)
    at Framer.emit (node:events:519:28)
    at addChunk (/root/.openclaw/workspace/node_modules/readable-stream/lib/internal/streams/readable.js:323:12) {
  errno: -32,
  code: 'EPIPE',
  syscall: 'write'
}
[forge] Error: write EPIPE
[forge] Disconnected
[forge] Starting autonomous agent...
[forge] Waiting for spawn...
[forge] Disconnected
[forge] Starting autonomous agent...
[forge] Waiting for spawn...
[forge] ✅ Spawned in world at (-240.27762364589438, 62.31149329042882, -86.17431781270957)
[forge] Connecting to Brain at ws://localhost:8767
[forge] ✅ Brain connected
[forge] Brain command: registered
Error: write EPIPE
    at afterWriteDispatched (node:internal/stream_base_commons:159:15)
    at writeGeneric (node:internal/stream_base_commons:150:3)
    at Socket._writeGeneric (node:net:966:11)
    at Socket._write (node:net:978:8)
    at writeOrBuffer (node:internal/streams/writable:572:12)
    at _write (node:internal/streams/writable:501:10)
    at Writable.write (node:internal/streams/writable:510:10)
    at Framer.ondata (/root/.openclaw/workspace/node_modules/readable-stream/lib/internal/streams/readable.js:707:22)
    at Framer.emit (node:events:519:28)
    at addChunk (/root/.openclaw/workspace/node_modules/readable-stream/lib/internal/streams/readable.js:323:12) {
  errno: -32,
  code: 'EPIPE',
  syscall: 'write'
}
[forge] Error: write EPIPE
[forge] Disconnected
[forge] Starting autonomous agent...
[forge] Waiting for spawn...
[forge] ✅ Spawned in world at (-239.58426560891832, 62.26502771702294, -87.34820242740228)
[forge] Connecting to Brain at ws://localhost:8767
[forge] ✅ Brain connected
[forge] Brain command: registered
Error: write EPIPE
    at afterWriteDispatched (node:internal/stream_base_commons:159:15)
    at writeGeneric (node:internal/stream_base_commons:150:3)
    at Socket._writeGeneric (node:net:966:11)
    at Socket._write (node:net:978:8)
    at writeOrBuffer (node:internal/streams/writable:572:12)
    at _write (node:internal/streams/writable:501:10)
    at Writable.write (node:internal/streams/writable:510:10)
    at Framer.ondata (/root/.openclaw/workspace/node_modules/readable-stream/lib/internal/streams/readable.js:707:22)
    at Framer.emit (node:events:519:28)
    at addChunk (/root/.openclaw/workspace/node_modules/readable-stream/lib/internal/streams/readable.js:323:12) {
  errno: -32,
  code: 'EPIPE',
  syscall: 'write'
}
[forge] Error: write EPIPE
[forge] Disconnected
[forge] Starting autonomous agent...
[forge] Waiting for spawn...
[forge] ✅ Spawned in world at (-237.45931134892712, 62.56508855309018, -86.28478551711957)
[forge] Connecting to Brain at ws://localhost:8767
[forge] ✅ Brain connected
[forge] Brain command: registered
Error: write EPIPE
    at afterWriteDispatched (node:internal/stream_base_commons:159:15)
    at writeGeneric (node:internal/stream_base_commons:150:3)
    at Socket._writeGeneric (node:net:966:11)
    at Socket._write (node:net:978:8)
    at writeOrBuffer (node:internal/streams/writable:572:12)
    at _write (node:internal/streams/writable:501:10)
    at Writable.write (node:internal/streams/writable:510:10)
    at Framer.ondata (/root/.openclaw/workspace/node_modules/readable-stream/lib/internal/streams/readable.js:707:22)
    at Framer.emit (node:events:519:28)
    at addChunk (/root/.openclaw/workspace/node_modules/readable-stream/lib/internal/streams/readable.js:323:12) {
  errno: -32,
  code: 'EPIPE',
  syscall: 'write'
}
[forge] Error: write EPIPE
[forge] Disconnected
[forge] Starting autonomous agent...
[forge] Waiting for spawn...
[forge] ✅ Spawned in world at (-235.9598463749571, 61.80086854553232, -87.94653867205173)
[forge] Connecting to Brain at ws://localhost:8767
[forge] ✅ Brain connected
[forge] Brain command: registered
Error: write EPIPE
    at afterWriteDispatched (node:internal/stream_base_commons:159:15)
    at writeGeneric (node:internal/stream_base_commons:150:3)
    at Socket._writeGeneric (node:net:966:11)
    at Socket._write (node:net:978:8)
    at writeOrBuffer (node:internal/streams/writable:572:12)
    at _write (node:internal/streams/writable:501:10)
    at Writable.write (node:internal/streams/writable:510:10)
    at Framer.ondata (/root/.openclaw/workspace/node_modules/readable-stream/lib/internal/streams/readable.js:707:22)
    at Framer.emit (node:events:519:28)
    at addChunk (/root/.openclaw/workspace/node_modules/readable-stream/lib/internal/streams/readable.js:323:12) {
  errno: -32,
  code: 'EPIPE',
  syscall: 'write'
}
[forge] Error: write EPIPE
[forge] Disconnected
[forge] Starting autonomous agent...
[forge] Waiting for spawn...
[forge] ✅ Spawned in world at (-235.5, 56.00086854404399, -87.5)
[forge] Connecting to Brain at ws://localhost:8767
[forge] ✅ Brain connected
[forge] Brain command: registered
Error: write ECONNRESET
    at afterWriteDispatched (node:internal/stream_base_commons:159:15)
    at writeGeneric (node:internal/stream_base_commons:150:3)
    at Socket._writeGeneric (node:net:966:11)
    at Socket._write (node:net:978:8)
    at writeOrBuffer (node:internal/streams/writable:572:12)
    at _write (node:internal/streams/writable:501:10)
    at Writable.write (node:internal/streams/writable:510:10)
    at Framer.ondata (/root/.openclaw/workspace/node_modules/readable-stream/lib/internal/streams/readable.js:707:22)
    at Framer.emit (node:events:519:28)
    at addChunk (/root/.openclaw/workspace/node_modules/readable-stream/lib/internal/streams/readable.js:323:12) {
  errno: -104,
  code: 'ECONNRESET',
  syscall: 'write'
}
[forge] Error: write ECONNRESET
[forge] Disconnected
[forge] Starting autonomous agent...
[forge] Waiting for spawn...
[forge] ✅ Spawned in world at (-235.47865655007297, 56.752106482597235, -88.59196011813779)
[forge] Connecting to Brain at ws://localhost:8767
[forge] ✅ Brain connected
[forge] Brain command: registered
Error: write EPIPE
    at afterWriteDispatched (node:internal/stream_base_commons:159:15)
    at writeGeneric (node:internal/stream_base_commons:150:3)
    at Socket._writeGeneric (node:net:966:11)
    at Socket._write (node:net:978:8)
    at writeOrBuffer (node:internal/streams/writable:572:12)
    at _write (node:internal/streams/writable:501:10)
    at Writable.write (node:internal/streams/writable:510:10)
    at Framer.ondata (/root/.openclaw/workspace/node_modules/readable-stream/lib/internal/streams/readable.js:707:22)
    at Framer.emit (node:events:519:28)
    at addChunk (/root/.openclaw/workspace/node_modules/readable-stream/lib/internal/streams/readable.js:323:12) {
  errno: -32,
  code: 'EPIPE',
  syscall: 'write'
}
[forge] Error: write EPIPE
[forge] Disconnected
[forge] Starting autonomous agent...
[forge] Waiting for spawn...
[forge] Disconnected
[forge] Starting autonomous agent...
[forge] Waiting for spawn...
[forge] ✅ Spawned in world at (-232.660852255023, 58.50219155169892, -90.02961361077648)
[forge] Connecting to Brain at ws://localhost:8767
[forge] ✅ Brain connected
Error: write EPIPE
    at afterWriteDispatched (node:internal/stream_base_commons:159:15)
    at writeGeneric (node:internal/stream_base_commons:150:3)
    at Socket._writeGeneric (node:net:966:11)
    at Socket._write (node:net:978:8)
    at writeOrBuffer (node:internal/streams/writable:572:12)
    at _write (node:internal/streams/writable:501:10)
    at Writable.write (node:internal/streams/writable:510:10)
    at Framer.ondata (/root/.openclaw/workspace/node_modules/readable-stream/lib/internal/streams/readable.js:707:22)
    at Framer.emit (node:events:519:28)
    at addChunk (/root/.openclaw/workspace/node_modules/readable-stream/lib/internal/streams/readable.js:323:12) {
  errno: -32,
  code: 'EPIPE',
  syscall: 'write'
}
[forge] Error: write EPIPE
[forge] Disconnected
[forge] Starting autonomous agent...
[forge] Waiting for spawn...
[forge] ✅ Spawned in world at (-232.660852255023, 58.48999155154395, -90.02961361077648)
[forge] Connecting to Brain at ws://localhost:8767
[forge] ✅ Brain connected
[forge] Brain command: registered
Error: write ECONNRESET
    at afterWriteDispatched (node:internal/stream_base_commons:159:15)
    at writeGeneric (node:internal/stream_base_commons:150:3)
    at Socket._writeGeneric (node:net:966:11)
    at Socket._write (node:net:978:8)
    at writeOrBuffer (node:internal/streams/writable:572:12)
    at _write (node:internal/streams/writable:501:10)
    at Writable.write (node:internal/streams/writable:510:10)
    at Framer.ondata (/root/.openclaw/workspace/node_modules/readable-stream/lib/internal/streams/readable.js:707:22)
    at Framer.emit (node:events:519:28)
    at addChunk (/root/.openclaw/workspace/node_modules/readable-stream/lib/internal/streams/readable.js:323:12) {
  errno: -104,
  code: 'ECONNRESET',
  syscall: 'write'
}
[forge] Error: write ECONNRESET
[forge] Disconnected
[forge] Starting autonomous agent...
[forge] Waiting for spawn...
[forge] ✅ Spawned in world at (-233.61577754749723, 57.329403068861424, -89.42196199369091)
[forge] Connecting to Brain at ws://localhost:8767
[forge] ✅ Brain connected
[forge] Brain command: registered
Error: write EPIPE
    at afterWriteDispatched (node:internal/stream_base_commons:159:15)
    at writeGeneric (node:internal/stream_base_commons:150:3)
    at Socket._writeGeneric (node:net:966:11)
    at Socket._write (node:net:978:8)
    at writeOrBuffer (node:internal/streams/writable:572:12)
    at _write (node:internal/streams/writable:501:10)
    at Writable.write (node:internal/streams/writable:510:10)
    at Framer.ondata (/root/.openclaw/workspace/node_modules/readable-stream/lib/internal/streams/readable.js:707:22)
    at Framer.emit (node:events:519:28)
    at addChunk (/root/.openclaw/workspace/node_modules/readable-stream/lib/internal/streams/readable.js:323:12) {
  errno: -32,
  code: 'EPIPE',
  syscall: 'write'
}
[forge] Error: write EPIPE
[forge] Disconnected
[forge] Starting autonomous agent...
[forge] Waiting for spawn...
[forge] ✅ Spawned in world at (-233.38564229754786, 55.76936114804096, -89.23144802564683)
[forge] Connecting to Brain at ws://localhost:8767
[forge] ✅ Brain connected
[forge] Brain command: registered
Error: write EPIPE
    at afterWriteDispatched (node:internal/stream_base_commons:159:15)
    at writeGeneric (node:internal/stream_base_commons:150:3)
    at Socket._writeGeneric (node:net:966:11)
    at Socket._write (node:net:978:8)
    at writeOrBuffer (node:internal/streams/writable:572:12)
    at _write (node:internal/streams/writable:501:10)
    at Writable.write (node:internal/streams/writable:510:10)
    at Framer.ondata (/root/.openclaw/workspace/node_modules/readable-stream/lib/internal/streams/readable.js:707:22)
    at Framer.emit (node:events:519:28)
    at addChunk (/root/.openclaw/workspace/node_modules/readable-stream/lib/internal/streams/readable.js:323:12) {
  errno: -32,
  code: 'EPIPE',
  syscall: 'write'
}
[forge] Error: write EPIPE
[forge] Disconnected
[forge] Starting autonomous agent...
[forge] Waiting for spawn...
[forge] ✅ Spawned in world at (-235.93353474155134, 60.202155475224956, -90.63524541849104)
[forge] Connecting to Brain at ws://localhost:8767
[forge] ✅ Brain connected
[forge] Brain command: registered
Error: write EPIPE
    at afterWriteDispatched (node:internal/stream_base_commons:159:15)
    at writeGeneric (node:internal/stream_base_commons:150:3)
    at Socket._writeGeneric (node:net:966:11)
    at Socket._write (node:net:978:8)
    at writeOrBuffer (node:internal/streams/writable:572:12)
    at _write (node:internal/streams/writable:501:10)
    at Writable.write (node:internal/streams/writable:510:10)
    at Framer.ondata (/root/.openclaw/workspace/node_modules/readable-stream/lib/internal/streams/readable.js:707:22)
    at Framer.emit (node:events:519:28)
    at addChunk (/root/.openclaw/workspace/node_modules/readable-stream/lib/internal/streams/readable.js:323:12) {
  errno: -32,
  code: 'EPIPE',
  syscall: 'write'
}
[forge] Error: write EPIPE
[forge] Disconnected
[forge] Starting autonomous agent...
[forge] Waiting for spawn...
[forge] ✅ Spawned in world at (-238.62166091499955, 62.71724054432667, -89.50404330164359)
[forge] Connecting to Brain at ws://localhost:8767
[forge] ✅ Brain connected
[forge] Brain command: registered
Error: write EPIPE
    at afterWriteDispatched (node:internal/stream_base_commons:159:15)
    at writeGeneric (node:internal/stream_base_commons:150:3)
    at Socket._writeGeneric (node:net:966:11)
    at Socket._write (node:net:978:8)
    at writeOrBuffer (node:internal/streams/writable:572:12)
    at _write (node:internal/streams/writable:501:10)
    at Writable.write (node:internal/streams/writable:510:10)
    at Framer.ondata (/root/.openclaw/workspace/node_modules/readable-stream/lib/internal/streams/readable.js:707:22)
    at Framer.emit (node:events:519:28)
    at addChunk (/root/.openclaw/workspace/node_modules/readable-stream/lib/internal/streams/readable.js:323:12) {
  errno: -32,
  code: 'EPIPE',
  syscall: 'write'
}
[forge] Error: write EPIPE
[forge] Disconnected
[forge] Starting autonomous agent...
[forge] Waiting for spawn...
[forge] ✅ Spawned in world at (-241.17567630938214, 62.29551332427174, -91.26612879183787)
[forge] Connecting to Brain at ws://localhost:8767
[forge] ✅ Brain connected
[forge] Brain command: registered
Error: write EPIPE
    at afterWriteDispatched (node:internal/stream_base_commons:159:15)
    at writeGeneric (node:internal/stream_base_commons:150:3)
    at Socket._writeGeneric (node:net:966:11)
    at Socket._write (node:net:978:8)
    at writeOrBuffer (node:internal/streams/writable:572:12)
    at _write (node:internal/streams/writable:501:10)
    at Writable.write (node:internal/streams/writable:510:10)
    at Framer.ondata (/root/.openclaw/workspace/node_modules/readable-stream/lib/internal/streams/readable.js:707:22)
    at Framer.emit (node:events:519:28)
    at addChunk (/root/.openclaw/workspace/node_modules/readable-stream/lib/internal/streams/readable.js:323:12) {
  errno: -32,
  code: 'EPIPE',
  syscall: 'write'
}
[forge] Error: write EPIPE
[forge] Disconnected
[forge] Starting autonomous agent...
[forge] Waiting for spawn...
[forge] ✅ Spawned in world at (-243.28077079740373, 62.07887506035373, -90.71572222073026)
[forge] Connecting to Brain at ws://localhost:8767
[forge] ✅ Brain connected
[forge] Brain command: registered
Error: write EPIPE
    at afterWriteDispatched (node:internal/stream_base_commons:159:15)
    at writeGeneric (node:internal/stream_base_commons:150:3)
    at Socket._writeGeneric (node:net:966:11)
    at Socket._write (node:net:978:8)
    at writeOrBuffer (node:internal/streams/writable:572:12)
    at _write (node:internal/streams/writable:501:10)
    at Writable.write (node:internal/streams/writable:510:10)
    at Framer.ondata (/root/.openclaw/workspace/node_modules/readable-stream/lib/internal/streams/readable.js:707:22)
    at Framer.emit (node:events:519:28)
    at addChunk (/root/.openclaw/workspace/node_modules/readable-stream/lib/internal/streams/readable.js:323:12) {
  errno: -32,
  code: 'EPIPE',
  syscall: 'write'
}
[forge] Error: write EPIPE
[forge] Disconnected
[forge] Starting autonomous agent...
[forge] Waiting for spawn...
[forge] ✅ Spawned in world at (-236.5, 60.69266648328716, -94.47460845230778)
[forge] Connecting to Brain at ws://localhost:8767
[forge] ✅ Brain connected
[forge] Brain command: registered
Error: write EPIPE
    at afterWriteDispatched (node:internal/stream_base_commons:159:15)
    at writeGeneric (node:internal/stream_base_commons:150:3)
    at Socket._writeGeneric (node:net:966:11)
    at Socket._write (node:net:978:8)
    at writeOrBuffer (node:internal/streams/writable:572:12)
    at _write (node:internal/streams/writable:501:10)
    at Writable.write (node:internal/streams/writable:510:10)
    at Framer.ondata (/root/.openclaw/workspace/node_modules/readable-stream/lib/internal/streams/readable.js:707:22)
    at Framer.emit (node:events:519:28)
    at addChunk (/root/.openclaw/workspace/node_modules/readable-stream/lib/internal/streams/readable.js:323:12) {
  errno: -32,
  code: 'EPIPE',
  syscall: 'write'
}
[forge] Error: write EPIPE
[forge] Disconnected
[forge] Starting autonomous agent...
[forge] Waiting for spawn...
[forge] ✅ Spawned in world at (-235.51476397418983, 62.74317354203713, -94.49831366535443)
[forge] Connecting to Brain at ws://localhost:8767
[forge] ✅ Brain connected
[forge] Brain command: registered
Error: write EPIPE
    at afterWriteDispatched (node:internal/stream_base_commons:159:15)
    at writeGeneric (node:internal/stream_base_commons:150:3)
    at Socket._writeGeneric (node:net:966:11)
    at Socket._write (node:net:978:8)
    at writeOrBuffer (node:internal/streams/writable:572:12)
    at _write (node:internal/streams/writable:501:10)
    at Writable.write (node:internal/streams/writable:510:10)
    at Framer.ondata (/root/.openclaw/workspace/node_modules/readable-stream/lib/internal/streams/readable.js:707:22)
    at Framer.emit (node:events:519:28)
    at addChunk (/root/.openclaw/workspace/node_modules/readable-stream/lib/internal/streams/readable.js:323:12) {
  errno: -32,
  code: 'EPIPE',
  syscall: 'write'
}
[forge] Error: write EPIPE
[forge] Disconnected
[forge] Starting autonomous agent...
[forge] Waiting for spawn...
[forge] ✅ Spawned in world at (-233.7981833848825, 62.84814262997899, -95.63740723005898)
[forge] Connecting to Brain at ws://localhost:8767
[forge] ✅ Brain connected
[forge] Brain command: registered
Error: write EPIPE
    at afterWriteDispatched (node:internal/stream_base_commons:159:15)
    at writeGeneric (node:internal/stream_base_commons:150:3)
    at Socket._writeGeneric (node:net:966:11)
    at Socket._write (node:net:978:8)
    at writeOrBuffer (node:internal/streams/writable:572:12)
    at _write (node:internal/streams/writable:501:10)
    at Writable.write (node:internal/streams/writable:510:10)
    at Framer.ondata (/root/.openclaw/workspace/node_modules/readable-stream/lib/internal/streams/readable.js:707:22)
    at Framer.emit (node:events:519:28)
    at addChunk (/root/.openclaw/workspace/node_modules/readable-stream/lib/internal/streams/readable.js:323:12) {
  errno: -32,
  code: 'EPIPE',
  syscall: 'write'
}
[forge] Error: write EPIPE
[forge] Disconnected
[forge] Starting autonomous agent...
[forge] Waiting for spawn...
[forge] ✅ Spawned in world at (-230.26734757118413, 61.82243234890147, -92.2675680378262)
[forge] Connecting to Brain at ws://localhost:8767
[forge] ✅ Brain connected
[forge] Brain command: registered
Error: write EPIPE
    at afterWriteDispatched (node:internal/stream_base_commons:159:15)
    at writeGeneric (node:internal/stream_base_commons:150:3)
    at Socket._writeGeneric (node:net:966:11)
    at Socket._write (node:net:978:8)
    at writeOrBuffer (node:internal/streams/writable:572:12)
    at _write (node:internal/streams/writable:501:10)
    at Writable.write (node:internal/streams/writable:510:10)
    at Framer.ondata (/root/.openclaw/workspace/node_modules/readable-stream/lib/internal/streams/readable.js:707:22)
    at Framer.emit (node:events:519:28)
    at addChunk (/root/.openclaw/workspace/node_modules/readable-stream/lib/internal/streams/readable.js:323:12) {
  errno: -32,
  code: 'EPIPE',
  syscall: 'write'
}
[forge] Error: write EPIPE
[forge] Disconnected
[forge] Starting autonomous agent...
[forge] Waiting for spawn...
[forge] Disconnected
[forge] Starting autonomous agent...
[forge] Waiting for spawn...
[forge] ✅ Spawned in world at (-228.53661287609307, 61.91475470607079, -94.45588156081112)
[forge] Connecting to Brain at ws://localhost:8767
[forge] ✅ Brain connected
[forge] Brain command: registered
Error: write EPIPE
    at afterWriteDispatched (node:internal/stream_base_commons:159:15)
    at writeGeneric (node:internal/stream_base_commons:150:3)
    at Socket._writeGeneric (node:net:966:11)
    at Socket._write (node:net:978:8)
    at writeOrBuffer (node:internal/streams/writable:572:12)
    at _write (node:internal/streams/writable:501:10)
    at Writable.write (node:internal/streams/writable:510:10)
    at Framer.ondata (/root/.openclaw/workspace/node_modules/readable-stream/lib/internal/streams/readable.js:707:22)
    at Framer.emit (node:events:519:28)
    at addChunk (/root/.openclaw/workspace/node_modules/readable-stream/lib/internal/streams/readable.js:323:12) {
  errno: -32,
  code: 'EPIPE',
  syscall: 'write'
}
[forge] Error: write EPIPE
[forge] Disconnected
[forge] Starting autonomous agent...
[forge] Waiting for spawn...
[forge] ✅ Spawned in world at (-229.32723733015374, 60.154166223388295, -95.35089471282953)
[forge] Connecting to Brain at ws://localhost:8767
[forge] ✅ Brain connected
[forge] Brain command: registered
Error: write EPIPE
    at afterWriteDispatched (node:internal/stream_base_commons:159:15)
    at writeGeneric (node:internal/stream_base_commons:150:3)
    at Socket._writeGeneric (node:net:966:11)
    at Socket._write (node:net:978:8)
    at writeOrBuffer (node:internal/streams/writable:572:12)
    at _write (node:internal/streams/writable:501:10)
    at Writable.write (node:internal/streams/writable:510:10)
    at Framer.ondata (/root/.openclaw/workspace/node_modules/readable-stream/lib/internal/streams/readable.js:707:22)
    at Framer.emit (node:events:519:28)
    at addChunk (/root/.openclaw/workspace/node_modules/readable-stream/lib/internal/streams/readable.js:323:12) {
  errno: -32,
  code: 'EPIPE',
  syscall: 'write'
}
[forge] Error: write EPIPE
[forge] Disconnected
[forge] Starting autonomous agent...
[forge] Waiting for spawn...
[forge] ✅ Spawned in world at (-231.19692737088062, 61.901660851545145, -93.7862098669261)
[forge] Connecting to Brain at ws://localhost:8767
[forge] ✅ Brain connected
[forge] Brain command: registered
Error: write EPIPE
    at afterWriteDispatched (node:internal/stream_base_commons:159:15)
    at writeGeneric (node:internal/stream_base_commons:150:3)
    at Socket._writeGeneric (node:net:966:11)
    at Socket._write (node:net:978:8)
    at writeOrBuffer (node:internal/streams/writable:572:12)
    at _write (node:internal/streams/writable:501:10)
    at Writable.write (node:internal/streams/writable:510:10)
    at Framer.ondata (/root/.openclaw/workspace/node_modules/readable-stream/lib/internal/streams/readable.js:707:22)
    at Framer.emit (node:events:519:28)
    at addChunk (/root/.openclaw/workspace/node_modules/readable-stream/lib/internal/streams/readable.js:323:12) {
  errno: -32,
  code: 'EPIPE',
  syscall: 'write'
}
[forge] Error: write EPIPE
[forge] Disconnected
[forge] Starting autonomous agent...
[forge] Waiting for spawn...
[forge] ✅ Spawned in world at (-231.0483631356436, 58.00434085005517, -93.72530658948824)
[forge] Connecting to Brain at ws://localhost:8767
[forge] ✅ Brain connected
[forge] Brain command: registered
Error: write ECONNRESET
    at afterWriteDispatched (node:internal/stream_base_commons:159:15)
    at writeGeneric (node:internal/stream_base_commons:150:3)
    at Socket._writeGeneric (node:net:966:11)
    at Socket._write (node:net:978:8)
    at writeOrBuffer (node:internal/streams/writable:572:12)
    at _write (node:internal/streams/writable:501:10)
    at Writable.write (node:internal/streams/writable:510:10)
    at Framer.ondata (/root/.openclaw/workspace/node_modules/readable-stream/lib/internal/streams/readable.js:707:22)
    at Framer.emit (node:events:519:28)
    at addChunk (/root/.openclaw/workspace/node_modules/readable-stream/lib/internal/streams/readable.js:323:12) {
  errno: -104,
  code: 'ECONNRESET',
  syscall: 'write'
}
[forge] Error: write ECONNRESET
[forge] Disconnected
[forge] Starting autonomous agent...
[forge] Waiting for spawn...
[forge] ✅ Spawned in world at (-232.05145937205475, 56.23248839412666, -93.46979012431696)
[forge] Connecting to Brain at ws://localhost:8767
[forge] ✅ Brain connected
[forge] Brain command: registered
Error: write EPIPE
    at afterWriteDispatched (node:internal/stream_base_commons:159:15)
    at writeGeneric (node:internal/stream_base_commons:150:3)
    at Socket._writeGeneric (node:net:966:11)
    at Socket._write (node:net:978:8)
    at writeOrBuffer (node:internal/streams/writable:572:12)
    at _write (node:internal/streams/writable:501:10)
    at Writable.write (node:internal/streams/writable:510:10)
    at Framer.ondata (/root/.openclaw/workspace/node_modules/readable-stream/lib/internal/streams/readable.js:707:22)
    at Framer.emit (node:events:519:28)
    at addChunk (/root/.openclaw/workspace/node_modules/readable-stream/lib/internal/streams/readable.js:323:12) {
  errno: -32,
  code: 'EPIPE',
  syscall: 'write'
}
[forge] Error: write EPIPE
[forge] Disconnected
[forge] Starting autonomous agent...
[forge] Waiting for spawn...
[forge] ✅ Spawned in world at (-232.5, 53, -93.46979012431696)
[forge] Connecting to Brain at ws://localhost:8767
[forge] ✅ Brain connected
[forge] Brain command: registered
Error: write EPIPE
    at afterWriteDispatched (node:internal/stream_base_commons:159:15)
    at writeGeneric (node:internal/stream_base_commons:150:3)
    at Socket._writeGeneric (node:net:966:11)
    at Socket._write (node:net:978:8)
    at writeOrBuffer (node:internal/streams/writable:572:12)
    at _write (node:internal/streams/writable:501:10)
    at Writable.write (node:internal/streams/writable:510:10)
    at Framer.ondata (/root/.openclaw/workspace/node_modules/readable-stream/lib/internal/streams/readable.js:707:22)
    at Framer.emit (node:events:519:28)
    at addChunk (/root/.openclaw/workspace/node_modules/readable-stream/lib/internal/streams/readable.js:323:12) {
  errno: -32,
  code: 'EPIPE',
  syscall: 'write'
}
[forge] Error: write EPIPE
[forge] Disconnected
[forge] Starting autonomous agent...
[forge] Waiting for spawn...
[forge] ✅ Spawned in world at (-232.56182349500796, 62.12475454488302, -97.89627648290352)
[forge] Connecting to Brain at ws://localhost:8767
[forge] ✅ Brain connected
[forge] Brain command: registered
Error: write EPIPE
    at afterWriteDispatched (node:internal/stream_base_commons:159:15)
    at writeGeneric (node:internal/stream_base_commons:150:3)
    at Socket._writeGeneric (node:net:966:11)
    at Socket._write (node:net:978:8)
    at writeOrBuffer (node:internal/streams/writable:572:12)
    at _write (node:internal/streams/writable:501:10)
    at Writable.write (node:internal/streams/writable:510:10)
    at Framer.ondata (/root/.openclaw/workspace/node_modules/readable-stream/lib/internal/streams/readable.js:707:22)
    at Framer.emit (node:events:519:28)
    at addChunk (/root/.openclaw/workspace/node_modules/readable-stream/lib/internal/streams/readable.js:323:12) {
  errno: -32,
  code: 'EPIPE',
  syscall: 'write'
}
[forge] Error: write EPIPE
[forge] Disconnected
[forge] Starting autonomous agent...
[forge] Waiting for spawn...
[forge] ✅ Spawned in world at (-231.49263149561045, 62.63949501020197, -99.55817380253818)
[forge] Connecting to Brain at ws://localhost:8767
[forge] ✅ Brain connected
[forge] Brain command: registered
Error: write EPIPE
    at afterWriteDispatched (node:internal/stream_base_commons:159:15)
    at writeGeneric (node:internal/stream_base_commons:150:3)
    at Socket._writeGeneric (node:net:966:11)
    at Socket._write (node:net:978:8)
    at writeOrBuffer (node:internal/streams/writable:572:12)
    at _write (node:internal/streams/writable:501:10)
    at Writable.write (node:internal/streams/writable:510:10)
    at Framer.ondata (/root/.openclaw/workspace/node_modules/readable-stream/lib/internal/streams/readable.js:707:22)
    at Framer.emit (node:events:519:28)
    at addChunk (/root/.openclaw/workspace/node_modules/readable-stream/lib/internal/streams/readable.js:323:12) {
  errno: -32,
  code: 'EPIPE',
  syscall: 'write'
}
[forge] Error: write EPIPE
[forge] Disconnected
[forge] Starting autonomous agent...
[forge] Waiting for spawn...
[forge] ✅ Spawned in world at (-228.41510251996175, 61.77510912485947, -96.41457816983767)
[forge] Connecting to Brain at ws://localhost:8767
[forge] ✅ Brain connected
[forge] Brain command: registered
Error: write EPIPE
    at afterWriteDispatched (node:internal/stream_base_commons:159:15)
    at writeGeneric (node:internal/stream_base_commons:150:3)
    at Socket._writeGeneric (node:net:966:11)
    at Socket._write (node:net:978:8)
    at writeOrBuffer (node:internal/streams/writable:572:12)
    at _write (node:internal/streams/writable:501:10)
    at Writable.write (node:internal/streams/writable:510:10)
    at Framer.ondata (/root/.openclaw/workspace/node_modules/readable-stream/lib/internal/streams/readable.js:707:22)
    at Framer.emit (node:events:519:28)
    at addChunk (/root/.openclaw/workspace/node_modules/readable-stream/lib/internal/streams/readable.js:323:12) {
  errno: -32,
  code: 'EPIPE',
  syscall: 'write'
}
[forge] Error: write EPIPE
[forge] Disconnected
[forge] Starting autonomous agent...
[forge] Waiting for spawn...
[forge] ✅ Spawned in world at (-232.6966176570205, 62.809144699892876, -92.34347269907687)
[forge] Connecting to Brain at ws://localhost:8767
[forge] ✅ Brain connected
[forge] Brain command: registered
Error: write EPIPE
    at afterWriteDispatched (node:internal/stream_base_commons:159:15)
    at writeGeneric (node:internal/stream_base_commons:150:3)
    at Socket._writeGeneric (node:net:966:11)
    at Socket._write (node:net:978:8)
    at writeOrBuffer (node:internal/streams/writable:572:12)
    at _write (node:internal/streams/writable:501:10)
    at Writable.write (node:internal/streams/writable:510:10)
    at Framer.ondata (/root/.openclaw/workspace/node_modules/readable-stream/lib/internal/streams/readable.js:707:22)
    at Framer.emit (node:events:519:28)
    at addChunk (/root/.openclaw/workspace/node_modules/readable-stream/lib/internal/streams/readable.js:323:12) {
  errno: -32,
  code: 'EPIPE',
  syscall: 'write'
}
[forge] Error: write EPIPE
[forge] Disconnected
[forge] Starting autonomous agent...
[forge] Waiting for spawn...
[forge] ✅ Spawned in world at (-229.18152317310356, 62.65634417565257, -95.81777595502429)
[forge] Connecting to Brain at ws://localhost:8767
[forge] ✅ Brain connected
[forge] Brain command: registered
Error: write EPIPE
    at afterWriteDispatched (node:internal/stream_base_commons:159:15)
    at writeGeneric (node:internal/stream_base_commons:150:3)
    at Socket._writeGeneric (node:net:966:11)
    at Socket._write (node:net:978:8)
    at writeOrBuffer (node:internal/streams/writable:572:12)
    at _write (node:internal/streams/writable:501:10)
    at Writable.write (node:internal/streams/writable:510:10)
    at Framer.ondata (/root/.openclaw/workspace/node_modules/readable-stream/lib/internal/streams/readable.js:707:22)
    at Framer.emit (node:events:519:28)
    at addChunk (/root/.openclaw/workspace/node_modules/readable-stream/lib/internal/streams/readable.js:323:12) {
  errno: -32,
  code: 'EPIPE',
  syscall: 'write'
}
[forge] Error: write EPIPE
[forge] Disconnected
[forge] Starting autonomous agent...
[forge] Waiting for spawn...
[forge] ✅ Spawned in world at (-227.5095823073447, 62.094832174527504, -97.48972812786721)
[forge] Connecting to Brain at ws://localhost:8767
[forge] ✅ Brain connected
[forge] Brain command: registered
Error: write EPIPE
    at afterWriteDispatched (node:internal/stream_base_commons:159:15)
    at writeGeneric (node:internal/stream_base_commons:150:3)
    at Socket._writeGeneric (node:net:966:11)
    at Socket._write (node:net:978:8)
    at writeOrBuffer (node:internal/streams/writable:572:12)
    at _write (node:internal/streams/writable:501:10)
    at Writable.write (node:internal/streams/writable:510:10)
    at Framer.ondata (/root/.openclaw/workspace/node_modules/readable-stream/lib/internal/streams/readable.js:707:22)
    at Framer.emit (node:events:519:28)
    at addChunk (/root/.openclaw/workspace/node_modules/readable-stream/lib/internal/streams/readable.js:323:12) {
  errno: -32,
  code: 'EPIPE',
  syscall: 'write'
}
[forge] Error: write EPIPE
[forge] Disconnected
[forge] Starting autonomous agent...
[forge] Waiting for spawn...
[forge] ✅ Spawned in world at (-228.4898116606216, 62.75562445510427, -98.48708184718375)
[forge] Connecting to Brain at ws://localhost:8767
[forge] ✅ Brain connected
[forge] Brain command: registered
Error: write EPIPE
    at afterWriteDispatched (node:internal/stream_base_commons:159:15)
    at writeGeneric (node:internal/stream_base_commons:150:3)
    at Socket._writeGeneric (node:net:966:11)
    at Socket._write (node:net:978:8)
    at writeOrBuffer (node:internal/streams/writable:572:12)
    at _write (node:internal/streams/writable:501:10)
    at Writable.write (node:internal/streams/writable:510:10)
    at Framer.ondata (/root/.openclaw/workspace/node_modules/readable-stream/lib/internal/streams/readable.js:707:22)
    at Framer.emit (node:events:519:28)
    at addChunk (/root/.openclaw/workspace/node_modules/readable-stream/lib/internal/streams/readable.js:323:12) {
  errno: -32,
  code: 'EPIPE',
  syscall: 'write'
}
[forge] Error: write EPIPE
[forge] Disconnected
[forge] Starting autonomous agent...
[forge] Waiting for spawn...
[forge] ✅ Spawned in world at (-228.4974839678967, 62.35205780934267, -97.49263874620769)
[forge] Connecting to Brain at ws://localhost:8767
[forge] ✅ Brain connected
[forge] Brain command: registered
Error: write EPIPE
    at afterWriteDispatched (node:internal/stream_base_commons:159:15)
    at writeGeneric (node:internal/stream_base_commons:150:3)
    at Socket._writeGeneric (node:net:966:11)
    at Socket._write (node:net:978:8)
    at writeOrBuffer (node:internal/streams/writable:572:12)
    at _write (node:internal/streams/writable:501:10)
    at Writable.write (node:internal/streams/writable:510:10)
    at Framer.ondata (/root/.openclaw/workspace/node_modules/readable-stream/lib/internal/streams/readable.js:707:22)
    at Framer.emit (node:events:519:28)
    at addChunk (/root/.openclaw/workspace/node_modules/readable-stream/lib/internal/streams/readable.js:323:12) {
  errno: -32,
  code: 'EPIPE',
  syscall: 'write'
}
[forge] Error: write EPIPE
[forge] Disconnected
[forge] Starting autonomous agent...
[forge] Waiting for spawn...
[forge] ✅ Spawned in world at (-228.4974839678967, 54.55205780785347, -97.49263874620769)
[forge] Connecting to Brain at ws://localhost:8767
[forge] ✅ Brain connected
[forge] Brain command: registered
Error: write EPIPE
    at afterWriteDispatched (node:internal/stream_base_commons:159:15)
    at writeGeneric (node:internal/stream_base_commons:150:3)
    at Socket._writeGeneric (node:net:966:11)
    at Socket._write (node:net:978:8)
    at writeOrBuffer (node:internal/streams/writable:572:12)
    at _write (node:internal/streams/writable:501:10)
    at Writable.write (node:internal/streams/writable:510:10)
    at Framer.ondata (/root/.openclaw/workspace/node_modules/readable-stream/lib/internal/streams/readable.js:707:22)
    at Framer.emit (node:events:519:28)
    at addChunk (/root/.openclaw/workspace/node_modules/readable-stream/lib/internal/streams/readable.js:323:12) {
  errno: -32,
  code: 'EPIPE',
  syscall: 'write'
}
[forge] Error: write EPIPE
[forge] Disconnected
[forge] Starting autonomous agent...
[forge] Waiting for spawn...
[forge] ✅ Spawned in world at (-228.4999832059028, 61.675578559161096, -98.49971359731137)
[forge] Connecting to Brain at ws://localhost:8767
[forge] ✅ Brain connected
[forge] Brain command: registered
Error: write EPIPE
    at afterWriteDispatched (node:internal/stream_base_commons:159:15)
    at writeGeneric (node:internal/stream_base_commons:150:3)
    at Socket._writeGeneric (node:net:966:11)
    at Socket._write (node:net:978:8)
    at writeOrBuffer (node:internal/streams/writable:572:12)
    at _write (node:internal/streams/writable:501:10)
    at Writable.write (node:internal/streams/writable:510:10)
    at Framer.ondata (/root/.openclaw/workspace/node_modules/readable-stream/lib/internal/streams/readable.js:707:22)
    at Framer.emit (node:events:519:28)
    at addChunk (/root/.openclaw/workspace/node_modules/readable-stream/lib/internal/streams/readable.js:323:12) {
  errno: -32,
  code: 'EPIPE',
  syscall: 'write'
}
[forge] Error: write EPIPE
[forge] Disconnected
[forge] Starting autonomous agent...
[forge] Waiting for spawn...
[forge] ✅ Spawned in world at (-233.18910200941536, 62.592181457123914, -98.75081688264133)
[forge] Connecting to Brain at ws://localhost:8767
[forge] ✅ Brain connected
[forge] Brain command: registered
Error: write EPIPE
    at afterWriteDispatched (node:internal/stream_base_commons:159:15)
    at writeGeneric (node:internal/stream_base_commons:150:3)
    at Socket._writeGeneric (node:net:966:11)
    at Socket._write (node:net:978:8)
    at writeOrBuffer (node:internal/streams/writable:572:12)
    at _write (node:internal/streams/writable:501:10)
    at Writable.write (node:internal/streams/writable:510:10)
    at Framer.ondata (/root/.openclaw/workspace/node_modules/readable-stream/lib/internal/streams/readable.js:707:22)
    at Framer.emit (node:events:519:28)
    at addChunk (/root/.openclaw/workspace/node_modules/readable-stream/lib/internal/streams/readable.js:323:12) {
  errno: -32,
  code: 'EPIPE',
  syscall: 'write'
}
[forge] Error: write EPIPE
[forge] Disconnected
[forge] Starting autonomous agent...
[forge] Waiting for spawn...
[forge] ✅ Spawned in world at (-232.5, 60.83459632406001, -105.68886686670231)
[forge] Connecting to Brain at ws://localhost:8767
[forge] ✅ Brain connected
[forge] Brain command: registered
Error: write ECONNRESET
    at afterWriteDispatched (node:internal/stream_base_commons:159:15)
    at writeGeneric (node:internal/stream_base_commons:150:3)
    at Socket._writeGeneric (node:net:966:11)
    at Socket._write (node:net:978:8)
    at writeOrBuffer (node:internal/streams/writable:572:12)
    at _write (node:internal/streams/writable:501:10)
    at Writable.write (node:internal/streams/writable:510:10)
    at Framer.ondata (/root/.openclaw/workspace/node_modules/readable-stream/lib/internal/streams/readable.js:707:22)
    at Framer.emit (node:events:519:28)
    at addChunk (/root/.openclaw/workspace/node_modules/readable-stream/lib/internal/streams/readable.js:323:12) {
  errno: -104,
  code: 'ECONNRESET',
  syscall: 'write'
}
[forge] Error: write ECONNRESET
[forge] Disconnected
[forge] Starting autonomous agent...
[forge] Waiting for spawn...
[forge] ✅ Spawned in world at (-234.87077622014138, 62.11835595032338, -108.87418708122308)
[forge] Connecting to Brain at ws://localhost:8767
[forge] ✅ Brain connected
[forge] Brain command: registered
Error: write ECONNRESET
    at afterWriteDispatched (node:internal/stream_base_commons:159:15)
    at writeGeneric (node:internal/stream_base_commons:150:3)
    at Socket._writeGeneric (node:net:966:11)
    at Socket._write (node:net:978:8)
    at writeOrBuffer (node:internal/streams/writable:572:12)
    at _write (node:internal/streams/writable:501:10)
    at Writable.write (node:internal/streams/writable:510:10)
    at Framer.ondata (/root/.openclaw/workspace/node_modules/readable-stream/lib/internal/streams/readable.js:707:22)
    at Framer.emit (node:events:519:28)
    at addChunk (/root/.openclaw/workspace/node_modules/readable-stream/lib/internal/streams/readable.js:323:12) {
  errno: -104,
  code: 'ECONNRESET',
  syscall: 'write'
}
[forge] Error: write ECONNRESET
[forge] Disconnected
[forge] Starting autonomous agent...
[forge] Waiting for spawn...
[forge] ✅ Spawned in world at (-231.2102951804281, 62.25104581800825, -109.50144700090496)
[forge] Connecting to Brain at ws://localhost:8767
[forge] ✅ Brain connected
[forge] Brain command: registered
Error: write ECONNRESET
    at afterWriteDispatched (node:internal/stream_base_commons:159:15)
    at writeGeneric (node:internal/stream_base_commons:150:3)
    at Socket._writeGeneric (node:net:966:11)
    at Socket._write (node:net:978:8)
    at writeOrBuffer (node:internal/streams/writable:572:12)
    at _write (node:internal/streams/writable:501:10)
    at Writable.write (node:internal/streams/writable:510:10)
    at Framer.ondata (/root/.openclaw/workspace/node_modules/readable-stream/lib/internal/streams/readable.js:707:22)
    at Framer.emit (node:events:519:28)
    at addChunk (/root/.openclaw/workspace/node_modules/readable-stream/lib/internal/streams/readable.js:323:12) {
  errno: -104,
  code: 'ECONNRESET',
  syscall: 'write'
}
[forge] Error: write ECONNRESET
[forge] Disconnected
[forge] Starting autonomous agent...
[forge] Waiting for spawn...
[forge] ✅ Spawned in world at (-230.43326854694925, 62.800462245292415, -108.45507996225878)
[forge] Connecting to Brain at ws://localhost:8767
[forge] ✅ Brain connected
[forge] Brain command: registered
Error: write EPIPE
    at afterWriteDispatched (node:internal/stream_base_commons:159:15)
    at writeGeneric (node:internal/stream_base_commons:150:3)
    at Socket._writeGeneric (node:net:966:11)
    at Socket._write (node:net:978:8)
    at writeOrBuffer (node:internal/streams/writable:572:12)
    at _write (node:internal/streams/writable:501:10)
    at Writable.write (node:internal/streams/writable:510:10)
    at Framer.ondata (/root/.openclaw/workspace/node_modules/readable-stream/lib/internal/streams/readable.js:707:22)
    at Framer.emit (node:events:519:28)
    at addChunk (/root/.openclaw/workspace/node_modules/readable-stream/lib/internal/streams/readable.js:323:12) {
  errno: -32,
  code: 'EPIPE',
  syscall: 'write'
}
[forge] Error: write EPIPE
[forge] Disconnected
[forge] Starting autonomous agent...
[forge] Waiting for spawn...
[forge] ✅ Spawned in world at (-232.50852081605674, 62.724580000483364, -108.52504695645882)
[forge] Connecting to Brain at ws://localhost:8767
[forge] ✅ Brain connected
[forge] Brain command: registered
Error: write EPIPE
    at afterWriteDispatched (node:internal/stream_base_commons:159:15)
    at writeGeneric (node:internal/stream_base_commons:150:3)
    at Socket._writeGeneric (node:net:966:11)
    at Socket._write (node:net:978:8)
    at writeOrBuffer (node:internal/streams/writable:572:12)
    at _write (node:internal/streams/writable:501:10)
    at Writable.write (node:internal/streams/writable:510:10)
    at Framer.ondata (/root/.openclaw/workspace/node_modules/readable-stream/lib/internal/streams/readable.js:707:22)
    at Framer.emit (node:events:519:28)
    at addChunk (/root/.openclaw/workspace/node_modules/readable-stream/lib/internal/streams/readable.js:323:12) {
  errno: -32,
  code: 'EPIPE',
  syscall: 'write'
}
[forge] Error: write EPIPE
[forge] Disconnected
[forge] Starting autonomous agent...
[forge] Waiting for spawn...
[forge] ✅ Spawned in world at (-231.50877338505822, 62.876894236765814, -107.52175658351284)
[forge] Connecting to Brain at ws://localhost:8767
[forge] ✅ Brain connected
[forge] Brain command: registered
Error: write ECONNRESET
    at afterWriteDispatched (node:internal/stream_base_commons:159:15)
    at writeGeneric (node:internal/stream_base_commons:150:3)
    at Socket._writeGeneric (node:net:966:11)
    at Socket._write (node:net:978:8)
    at writeOrBuffer (node:internal/streams/writable:572:12)
    at _write (node:internal/streams/writable:501:10)
    at Writable.write (node:internal/streams/writable:510:10)
    at Framer.ondata (/root/.openclaw/workspace/node_modules/readable-stream/lib/internal/streams/readable.js:707:22)
    at Framer.emit (node:events:519:28)
    at addChunk (/root/.openclaw/workspace/node_modules/readable-stream/lib/internal/streams/readable.js:323:12) {
  errno: -104,
  code: 'ECONNRESET',
  syscall: 'write'
}
[forge] Error: write ECONNRESET
[forge] Disconnected
[forge] Starting autonomous agent...
[forge] Waiting for spawn...
[forge] ✅ Spawned in world at (-232.98950019735437, 62.73826436236511, -108.93125995457169)
[forge] Connecting to Brain at ws://localhost:8767
[forge] ✅ Brain connected
[forge] Brain command: registered
Error: write EPIPE
    at afterWriteDispatched (node:internal/stream_base_commons:159:15)
    at writeGeneric (node:internal/stream_base_commons:150:3)
    at Socket._writeGeneric (node:net:966:11)
    at Socket._write (node:net:978:8)
    at writeOrBuffer (node:internal/streams/writable:572:12)
    at _write (node:internal/streams/writable:501:10)
    at Writable.write (node:internal/streams/writable:510:10)
    at Framer.ondata (/root/.openclaw/workspace/node_modules/readable-stream/lib/internal/streams/readable.js:707:22)
    at Framer.emit (node:events:519:28)
    at addChunk (/root/.openclaw/workspace/node_modules/readable-stream/lib/internal/streams/readable.js:323:12) {
  errno: -32,
  code: 'EPIPE',
  syscall: 'write'
}
[forge] Error: write EPIPE
[forge] Disconnected
[forge] Starting autonomous agent...
[forge] Waiting for spawn...
[forge] ✅ Spawned in world at (-231.523375408066, 62.700632394308826, -110.46368470665011)
[forge] Connecting to Brain at ws://localhost:8767
[forge] ✅ Brain connected
[forge] Brain command: registered
Error: write EPIPE
    at afterWriteDispatched (node:internal/stream_base_commons:159:15)
    at writeGeneric (node:internal/stream_base_commons:150:3)
    at Socket._writeGeneric (node:net:966:11)
    at Socket._write (node:net:978:8)
    at writeOrBuffer (node:internal/streams/writable:572:12)
    at _write (node:internal/streams/writable:501:10)
    at Writable.write (node:internal/streams/writable:510:10)
    at Framer.ondata (/root/.openclaw/workspace/node_modules/readable-stream/lib/internal/streams/readable.js:707:22)
    at Framer.emit (node:events:519:28)
    at addChunk (/root/.openclaw/workspace/node_modules/readable-stream/lib/internal/streams/readable.js:323:12) {
  errno: -32,
  code: 'EPIPE',
  syscall: 'write'
}
[forge] Error: write EPIPE
[forge] Disconnected
[forge] Starting autonomous agent...
[forge] Waiting for spawn...
[forge] ✅ Spawned in world at (-230.29114594429254, 61.96615658873812, -111.65480096358777)
[forge] Connecting to Brain at ws://localhost:8767
[forge] ✅ Brain connected
[forge] Brain command: registered
Error: write ECONNRESET
    at afterWriteDispatched (node:internal/stream_base_commons:159:15)
    at writeGeneric (node:internal/stream_base_commons:150:3)
    at Socket._writeGeneric (node:net:966:11)
    at Socket._write (node:net:978:8)
    at writeOrBuffer (node:internal/streams/writable:572:12)
    at _write (node:internal/streams/writable:501:10)
    at Writable.write (node:internal/streams/writable:510:10)
    at Framer.ondata (/root/.openclaw/workspace/node_modules/readable-stream/lib/internal/streams/readable.js:707:22)
    at Framer.emit (node:events:519:28)
    at addChunk (/root/.openclaw/workspace/node_modules/readable-stream/lib/internal/streams/readable.js:323:12) {
  errno: -104,
  code: 'ECONNRESET',
  syscall: 'write'
}
[forge] Error: write ECONNRESET
[forge] Disconnected
[forge] Starting autonomous agent...
[forge] Waiting for spawn...
[forge] ✅ Spawned in world at (-228.37056472331003, 62.057034684508615, -113.62620451848207)
[forge] Connecting to Brain at ws://localhost:8767
[forge] ✅ Brain connected
[forge] Brain command: registered
Error: write ECONNRESET
    at afterWriteDispatched (node:internal/stream_base_commons:159:15)
    at writeGeneric (node:internal/stream_base_commons:150:3)
    at Socket._writeGeneric (node:net:966:11)
    at Socket._write (node:net:978:8)
    at writeOrBuffer (node:internal/streams/writable:572:12)
    at _write (node:internal/streams/writable:501:10)
    at Writable.write (node:internal/streams/writable:510:10)
    at Framer.ondata (/root/.openclaw/workspace/node_modules/readable-stream/lib/internal/streams/readable.js:707:22)
    at Framer.emit (node:events:519:28)
    at addChunk (/root/.openclaw/workspace/node_modules/readable-stream/lib/internal/streams/readable.js:323:12) {
  errno: -104,
  code: 'ECONNRESET',
  syscall: 'write'
}
[forge] Error: write ECONNRESET
[forge] Disconnected
[forge] Starting autonomous agent...
[forge] Waiting for spawn...
[forge] ✅ Spawned in world at (-225.69935308192942, 61.461860951074264, -116.23211257747772)
[forge] Connecting to Brain at ws://localhost:8767
[forge] ✅ Brain connected
[forge] Brain command: registered
Error: write EPIPE
    at afterWriteDispatched (node:internal/stream_base_commons:159:15)
    at writeGeneric (node:internal/stream_base_commons:150:3)
    at Socket._writeGeneric (node:net:966:11)
    at Socket._write (node:net:978:8)
    at writeOrBuffer (node:internal/streams/writable:572:12)
    at _write (node:internal/streams/writable:501:10)
    at Writable.write (node:internal/streams/writable:510:10)
    at Framer.ondata (/root/.openclaw/workspace/node_modules/readable-stream/lib/internal/streams/readable.js:707:22)
    at Framer.emit (node:events:519:28)
    at addChunk (/root/.openclaw/workspace/node_modules/readable-stream/lib/internal/streams/readable.js:323:12) {
  errno: -32,
  code: 'EPIPE',
  syscall: 'write'
}
[forge] Error: write EPIPE
[forge] Disconnected
[forge] Starting autonomous agent...
[forge] Waiting for spawn...
[forge] ✅ Spawned in world at (-221.5, 61.633568574219666, -116.51192341692567)
[forge] Connecting to Brain at ws://localhost:8767
[forge] ✅ Brain connected
[forge] Brain command: registered
Error: write EPIPE
    at afterWriteDispatched (node:internal/stream_base_commons:159:15)
    at writeGeneric (node:internal/stream_base_commons:150:3)
    at Socket._writeGeneric (node:net:966:11)
    at Socket._write (node:net:978:8)
    at writeOrBuffer (node:internal/streams/writable:572:12)
    at _write (node:internal/streams/writable:501:10)
    at Writable.write (node:internal/streams/writable:510:10)
    at Framer.ondata (/root/.openclaw/workspace/node_modules/readable-stream/lib/internal/streams/readable.js:707:22)
    at Framer.emit (node:events:519:28)
    at addChunk (/root/.openclaw/workspace/node_modules/readable-stream/lib/internal/streams/readable.js:323:12) {
  errno: -32,
  code: 'EPIPE',
  syscall: 'write'
}
[forge] Error: write EPIPE
[forge] Disconnected
[forge] Starting autonomous agent...
[forge] Waiting for spawn...
[forge] ✅ Spawned in world at (-221.66608682399274, 58.96354415411838, -115.89565867977194)
[forge] Connecting to Brain at ws://localhost:8767
[forge] ✅ Brain connected
[forge] Brain command: registered
Error: write EPIPE
    at afterWriteDispatched (node:internal/stream_base_commons:159:15)
    at writeGeneric (node:internal/stream_base_commons:150:3)
    at Socket._writeGeneric (node:net:966:11)
    at Socket._write (node:net:978:8)
    at writeOrBuffer (node:internal/streams/writable:572:12)
    at _write (node:internal/streams/writable:501:10)
    at Writable.write (node:internal/streams/writable:510:10)
    at Framer.ondata (/root/.openclaw/workspace/node_modules/readable-stream/lib/internal/streams/readable.js:707:22)
    at Framer.emit (node:events:519:28)
    at addChunk (/root/.openclaw/workspace/node_modules/readable-stream/lib/internal/streams/readable.js:323:12) {
  errno: -32,
  code: 'EPIPE',
  syscall: 'write'
}
[forge] Error: write EPIPE
[forge] Disconnected
[forge] Starting autonomous agent...
[forge] Waiting for spawn...
[forge] ✅ Spawned in world at (-223.6179838793023, 62.580290619493354, -113.27761465111512)
[forge] Connecting to Brain at ws://localhost:8767
[forge] ✅ Brain connected
[forge] Brain command: registered
Error: write EPIPE
    at afterWriteDispatched (node:internal/stream_base_commons:159:15)
    at writeGeneric (node:internal/stream_base_commons:150:3)
    at Socket._writeGeneric (node:net:966:11)
    at Socket._write (node:net:978:8)
    at writeOrBuffer (node:internal/streams/writable:572:12)
    at _write (node:internal/streams/writable:501:10)
    at Writable.write (node:internal/streams/writable:510:10)
    at Framer.ondata (/root/.openclaw/workspace/node_modules/readable-stream/lib/internal/streams/readable.js:707:22)
    at Framer.emit (node:events:519:28)
    at addChunk (/root/.openclaw/workspace/node_modules/readable-stream/lib/internal/streams/readable.js:323:12) {
  errno: -32,
  code: 'EPIPE',
  syscall: 'write'
}
[forge] Error: write EPIPE
[forge] Disconnected
[forge] Starting autonomous agent...
[forge] Waiting for spawn...
[forge] ✅ Spawned in world at (-219.31038655855696, 62.6866577945365, -114.62372305433418)
[forge] Connecting to Brain at ws://localhost:8767
[forge] ✅ Brain connected
[forge] Brain command: registered
Error: write EPIPE
    at afterWriteDispatched (node:internal/stream_base_commons:159:15)
    at writeGeneric (node:internal/stream_base_commons:150:3)
    at Socket._writeGeneric (node:net:966:11)
    at Socket._write (node:net:978:8)
    at writeOrBuffer (node:internal/streams/writable:572:12)
    at _write (node:internal/streams/writable:501:10)
    at Writable.write (node:internal/streams/writable:510:10)
    at Framer.ondata (/root/.openclaw/workspace/node_modules/readable-stream/lib/internal/streams/readable.js:707:22)
    at Framer.emit (node:events:519:28)
    at addChunk (/root/.openclaw/workspace/node_modules/readable-stream/lib/internal/streams/readable.js:323:12) {
  errno: -32,
  code: 'EPIPE',
  syscall: 'write'
}
[forge] Error: write EPIPE
[forge] Disconnected
[forge] Starting autonomous agent...
[forge] Waiting for spawn...
AggregateError [ECONNREFUSED]: 
    at internalConnectMultiple (node:net:1134:18)
    at afterConnectMultiple (node:net:1715:7) {
  code: 'ECONNREFUSED',
  [errors]: [
    Error: connect ECONNREFUSED ::1:25565
        at createConnectionError (node:net:1678:14)
        at afterConnectMultiple (node:net:1708:16) {
      errno: -111,
      code: 'ECONNREFUSED',
      syscall: 'connect',
      address: '::1',
      port: 25565
    },
    Error: connect ECONNREFUSED 127.0.0.1:25565
        at createConnectionError (node:net:1678:14)
        at afterConnectMultiple (node:net:1708:16) {
      errno: -111,
      code: 'ECONNREFUSED',
      syscall: 'connect',
      address: '127.0.0.1',
      port: 25565
    }
  ]
}
[forge] Error: 
[forge] Disconnected
[forge] Starting autonomous agent...
[forge] Waiting for spawn...
Error: read ECONNRESET
    at TCP.onStreamRead (node:internal/stream_base_commons:216:20) {
  errno: -104,
  code: 'ECONNRESET',
  syscall: 'read'
}
[forge] Error: read ECONNRESET
[forge] Disconnected
[forge] Starting autonomous agent...
[forge] Waiting for spawn...
[forge] Disconnected
[forge] Starting autonomous agent...
[forge] Waiting for spawn...
[forge] ✅ Spawned in world at (-219.31038655855696, 56, -114.62372305433418)
[forge] Connecting to Brain at ws://localhost:8767
[forge] ✅ Brain connected
[forge] Brain command: registered
Error: write EPIPE
    at afterWriteDispatched (node:internal/stream_base_commons:159:15)
    at writeGeneric (node:internal/stream_base_commons:150:3)
    at Socket._writeGeneric (node:net:966:11)
    at Socket._write (node:net:978:8)
    at writeOrBuffer (node:internal/streams/writable:572:12)
    at _write (node:internal/streams/writable:501:10)
    at Writable.write (node:internal/streams/writable:510:10)
    at Framer.ondata (/root/.openclaw/workspace/node_modules/readable-stream/lib/internal/streams/readable.js:707:22)
    at Framer.emit (node:events:519:28)
    at addChunk (/root/.openclaw/workspace/node_modules/readable-stream/lib/internal/streams/readable.js:323:12) {
  errno: -32,
  code: 'EPIPE',
  syscall: 'write'
}
[forge] Error: write EPIPE
[forge] Disconnected
[forge] Starting autonomous agent...
[forge] Waiting for spawn...
[forge] ✅ Spawned in world at (-219.31038655855696, 56, -114.62372305433418)
[forge] Connecting to Brain at ws://localhost:8767
[forge] ✅ Brain connected
[forge] Brain command: registered
Error: write EPIPE
    at afterWriteDispatched (node:internal/stream_base_commons:159:15)
    at writeGeneric (node:internal/stream_base_commons:150:3)
    at Socket._writeGeneric (node:net:966:11)
    at Socket._write (node:net:978:8)
    at writeOrBuffer (node:internal/streams/writable:572:12)
    at _write (node:internal/streams/writable:501:10)
    at Writable.write (node:internal/streams/writable:510:10)
    at Framer.ondata (/root/.openclaw/workspace/node_modules/readable-stream/lib/internal/streams/readable.js:707:22)
    at Framer.emit (node:events:519:28)
    at addChunk (/root/.openclaw/workspace/node_modules/readable-stream/lib/internal/streams/readable.js:323:12) {
  errno: -32,
  code: 'EPIPE',
  syscall: 'write'
}
[forge] Error: write EPIPE
[forge] Disconnected
[forge] Starting autonomous agent...
[forge] Waiting for spawn...
AggregateError [ECONNREFUSED]: 
    at internalConnectMultiple (node:net:1134:18)
    at afterConnectMultiple (node:net:1715:7) {
  code: 'ECONNREFUSED',
  [errors]: [
    Error: connect ECONNREFUSED ::1:25565
        at createConnectionError (node:net:1678:14)
        at afterConnectMultiple (node:net:1708:16) {
      errno: -111,
      code: 'ECONNREFUSED',
      syscall: 'connect',
      address: '::1',
      port: 25565
    },
    Error: connect ECONNREFUSED 127.0.0.1:25565
        at createConnectionError (node:net:1678:14)
        at afterConnectMultiple (node:net:1708:16) {
      errno: -111,
      code: 'ECONNREFUSED',
      syscall: 'connect',
      address: '127.0.0.1',
      port: 25565
    }
  ]
}
[forge] Error: 
[forge] Disconnected
[forge] Starting autonomous agent...
[forge] Waiting for spawn...
AggregateError [ECONNREFUSED]: 
    at internalConnectMultiple (node:net:1134:18)
    at afterConnectMultiple (node:net:1715:7) {
  code: 'ECONNREFUSED',
  [errors]: [
    Error: connect ECONNREFUSED ::1:25565
        at createConnectionError (node:net:1678:14)
        at afterConnectMultiple (node:net:1708:16) {
      errno: -111,
      code: 'ECONNREFUSED',
      syscall: 'connect',
      address: '::1',
      port: 25565
    },
    Error: connect ECONNREFUSED 127.0.0.1:25565
        at createConnectionError (node:net:1678:14)
        at afterConnectMultiple (node:net:1708:16) {
      errno: -111,
      code: 'ECONNREFUSED',
      syscall: 'connect',
      address: '127.0.0.1',
      port: 25565
    }
  ]
}
[forge] Error: 
[forge] Disconnected
[forge] Starting autonomous agent...
[forge] Waiting for spawn...
[forge] Starting autonomous agent...
[forge] Waiting for spawn...
[forge] Disconnected
[forge] Disconnected
[forge] Starting autonomous agent...
[forge] Waiting for spawn...
Error: read ECONNRESET
    at TCP.onStreamRead (node:internal/stream_base_commons:216:20) {
  errno: -104,
  code: 'ECONNRESET',
  syscall: 'read'
}
[forge] Error: read ECONNRESET
[forge] Disconnected
[forge] Starting autonomous agent...
[forge] Waiting for spawn...
[forge] ✅ Spawned in world at (-219.18845514133554, 58.96608805768169, -113.79591063189612)
[forge] Connecting to Brain at ws://localhost:8767
[forge] ✅ Brain connected
[forge] Brain command: registered
[forge] Chat: chelios: Agent chelios online!
[forge] Chat: forge2: Agent forge2 online!
Error: client timed out after 30000 milliseconds
    at Timeout._onTimeout (/root/.openclaw/workspace/node_modules/minecraft-protocol/src/client/keepalive.js:18:28)
    at listOnTimeout (node:internal/timers:585:17)
    at process.processTimers (node:internal/timers:521:7)
[forge] Error: client timed out after 30000 milliseconds
[forge] Disconnected
[forge] Starting autonomous agent...
[forge] Waiting for spawn...
[forge] ✅ Spawned in world at (-214.65129486933506, 61, -115.5)
[forge] Connecting to Brain at ws://localhost:8767
[forge] ✅ Brain connected
[forge] Brain command: registered
Error: client timed out after 30000 milliseconds
    at Timeout._onTimeout (/root/.openclaw/workspace/node_modules/minecraft-protocol/src/client/keepalive.js:18:28)
    at listOnTimeout (node:internal/timers:585:17)
    at process.processTimers (node:internal/timers:521:7)
[forge] Error: client timed out after 30000 milliseconds
[forge] Chat: chelios: Agent chelios online!
[forge] Disconnected
[forge] Starting autonomous agent...
[forge] Waiting for spawn...
[forge] ✅ Spawned in world at (-214.0735495367604, 63.13558631325148, -119.49974633466684)
[forge] Connecting to Brain at ws://localhost:8767
[forge] ✅ Brain connected
[forge] Brain command: registered
[forge] Chat: patricia: Agent patricia online!
[forge] Chat: chelios: Agent chelios online!
[forge] Chat: patricia2: Agent patricia2 online!
[forge] Chat: chelios2: Agent chelios2 online!
[forge] Chat: forge2: Agent forge2 online!
Error: client timed out after 30000 milliseconds
    at Timeout._onTimeout (/root/.openclaw/workspace/node_modules/minecraft-protocol/src/client/keepalive.js:18:28)
    at listOnTimeout (node:internal/timers:585:17)
    at process.processTimers (node:internal/timers:521:7)
[forge] Error: client timed out after 30000 milliseconds
[forge] Disconnected
[forge] Starting autonomous agent...
[forge] Waiting for spawn...
[forge] ✅ Spawned in world at (-220.9047821071682, 62.01916225004021, -108.59853802971583)
[forge] Connecting to Brain at ws://localhost:8767
[forge] ✅ Brain connected
[forge] Brain command: registered
[forge] Chat: patricia: Agent patricia online!
[forge] Chat: chelios: Agent chelios online!
[forge] Chat: patricia2: Agent patricia2 online!
Error: client timed out after 30000 milliseconds
    at Timeout._onTimeout (/root/.openclaw/workspace/node_modules/minecraft-protocol/src/client/keepalive.js:18:28)
    at listOnTimeout (node:internal/timers:585:17)
    at process.processTimers (node:internal/timers:521:7)
[forge] Error: client timed out after 30000 milliseconds
[forge] Disconnected
[forge] Starting autonomous agent...
[forge] Waiting for spawn...
[forge] ✅ Spawned in world at (-223.5, 60.67978204782815, -115.5)
[forge] Connecting to Brain at ws://localhost:8767
[forge] ✅ Brain connected
[forge] Brain command: registered
Error: write EPIPE
    at afterWriteDispatched (node:internal/stream_base_commons:159:15)
    at writeGeneric (node:internal/stream_base_commons:150:3)
    at Socket._writeGeneric (node:net:966:11)
    at Socket._write (node:net:978:8)
    at writeOrBuffer (node:internal/streams/writable:572:12)
    at _write (node:internal/streams/writable:501:10)
    at Writable.write (node:internal/streams/writable:510:10)
    at Framer.ondata (/root/.openclaw/workspace/node_modules/readable-stream/lib/internal/streams/readable.js:707:22)
    at Framer.emit (node:events:519:28)
    at addChunk (/root/.openclaw/workspace/node_modules/readable-stream/lib/internal/streams/readable.js:323:12) {
  errno: -32,
  code: 'EPIPE',
  syscall: 'write'
}
[forge] Error: write EPIPE
[forge] Disconnected
[forge] Starting autonomous agent...
[forge] Waiting for spawn...
[forge] ✅ Spawned in world at (-219.34509534798903, 62.683942094685186, -119.65452910808698)
[forge] Connecting to Brain at ws://localhost:8767
[forge] ✅ Brain connected
[forge] Brain command: registered
Error: write ECONNRESET
    at afterWriteDispatched (node:internal/stream_base_commons:159:15)
    at writeGeneric (node:internal/stream_base_commons:150:3)
    at Socket._writeGeneric (node:net:966:11)
    at Socket._write (node:net:978:8)
    at writeOrBuffer (node:internal/streams/writable:572:12)
    at _write (node:internal/streams/writable:501:10)
    at Writable.write (node:internal/streams/writable:510:10)
    at Framer.ondata (/root/.openclaw/workspace/node_modules/readable-stream/lib/internal/streams/readable.js:707:22)
    at Framer.emit (node:events:519:28)
    at addChunk (/root/.openclaw/workspace/node_modules/readable-stream/lib/internal/streams/readable.js:323:12) {
  errno: -104,
  code: 'ECONNRESET',
  syscall: 'write'
}
[forge] Error: write ECONNRESET
[forge] Disconnected
[forge] Starting autonomous agent...
[forge] Waiting for spawn...
[forge] ✅ Spawned in world at (-219.34509534798903, 56, -119.65452910808698)
[forge] Connecting to Brain at ws://localhost:8767
[forge] ✅ Brain connected
[forge] Brain command: registered
Error: write EPIPE
    at afterWriteDispatched (node:internal/stream_base_commons:159:15)
    at writeGeneric (node:internal/stream_base_commons:150:3)
    at Socket._writeGeneric (node:net:966:11)
    at Socket._write (node:net:978:8)
    at writeOrBuffer (node:internal/streams/writable:572:12)
    at _write (node:internal/streams/writable:501:10)
    at Writable.write (node:internal/streams/writable:510:10)
    at Framer.ondata (/root/.openclaw/workspace/node_modules/readable-stream/lib/internal/streams/readable.js:707:22)
    at Framer.emit (node:events:519:28)
    at addChunk (/root/.openclaw/workspace/node_modules/readable-stream/lib/internal/streams/readable.js:323:12) {
  errno: -32,
  code: 'EPIPE',
  syscall: 'write'
}
[forge] Error: write EPIPE
[forge] Disconnected
[forge] Starting autonomous agent...
[forge] Waiting for spawn...
[forge] ✅ Spawned in world at (-217.94216715212664, 62.76676562536923, -117.47357201961869)
[forge] Connecting to Brain at ws://localhost:8767
[forge] ✅ Brain connected
[forge] Brain command: registered
Error: write EPIPE
    at afterWriteDispatched (node:internal/stream_base_commons:159:15)
    at writeGeneric (node:internal/stream_base_commons:150:3)
    at Socket._writeGeneric (node:net:966:11)
    at Socket._write (node:net:978:8)
    at writeOrBuffer (node:internal/streams/writable:572:12)
    at _write (node:internal/streams/writable:501:10)
    at Writable.write (node:internal/streams/writable:510:10)
    at Framer.ondata (/root/.openclaw/workspace/node_modules/readable-stream/lib/internal/streams/readable.js:707:22)
    at Framer.emit (node:events:519:28)
    at addChunk (/root/.openclaw/workspace/node_modules/readable-stream/lib/internal/streams/readable.js:323:12) {
  errno: -32,
  code: 'EPIPE',
  syscall: 'write'
}
[forge] Error: write EPIPE
[forge] Disconnected
[forge] Starting autonomous agent...
[forge] Waiting for spawn...
[forge] ✅ Spawned in world at (-221.4947831354157, 62.10700811505065, -113.53348583659448)
[forge] Connecting to Brain at ws://localhost:8767
[forge] ✅ Brain connected
[forge] Brain command: registered
Error: write ECONNRESET
    at afterWriteDispatched (node:internal/stream_base_commons:159:15)
    at writeGeneric (node:internal/stream_base_commons:150:3)
    at Socket._writeGeneric (node:net:966:11)
    at Socket._write (node:net:978:8)
    at writeOrBuffer (node:internal/streams/writable:572:12)
    at _write (node:internal/streams/writable:501:10)
    at Writable.write (node:internal/streams/writable:510:10)
    at Framer.ondata (/root/.openclaw/workspace/node_modules/readable-stream/lib/internal/streams/readable.js:707:22)
    at Framer.emit (node:events:519:28)
    at addChunk (/root/.openclaw/workspace/node_modules/readable-stream/lib/internal/streams/readable.js:323:12) {
  errno: -104,
  code: 'ECONNRESET',
  syscall: 'write'
}
[forge] Error: write ECONNRESET
[forge] Disconnected
[forge] Starting autonomous agent...
[forge] Waiting for spawn...
[forge] ✅ Spawned in world at (-221.4947831354157, 59.457008117671556, -113.53348583659448)
[forge] Connecting to Brain at ws://localhost:8767
[forge] ✅ Brain connected
[forge] Brain command: registered
Error: write EPIPE
    at afterWriteDispatched (node:internal/stream_base_commons:159:15)
    at writeGeneric (node:internal/stream_base_commons:150:3)
    at Socket._writeGeneric (node:net:966:11)
    at Socket._write (node:net:978:8)
    at writeOrBuffer (node:internal/streams/writable:572:12)
    at _write (node:internal/streams/writable:501:10)
    at Writable.write (node:internal/streams/writable:510:10)
    at Framer.ondata (/root/.openclaw/workspace/node_modules/readable-stream/lib/internal/streams/readable.js:707:22)
    at Framer.emit (node:events:519:28)
    at addChunk (/root/.openclaw/workspace/node_modules/readable-stream/lib/internal/streams/readable.js:323:12) {
  errno: -32,
  code: 'EPIPE',
  syscall: 'write'
}
[forge] Error: write EPIPE
[forge] Disconnected
[forge] Starting autonomous agent...
[forge] Waiting for spawn...
[forge] ✅ Spawned in world at (-224.92387232480073, 62.13812861425039, -110.07670865621898)
[forge] Connecting to Brain at ws://localhost:8767
[forge] ✅ Brain connected
[forge] Brain command: registered
Error: write EPIPE
    at afterWriteDispatched (node:internal/stream_base_commons:159:15)
    at writeGeneric (node:internal/stream_base_commons:150:3)
    at Socket._writeGeneric (node:net:966:11)
    at Socket._write (node:net:978:8)
    at writeOrBuffer (node:internal/streams/writable:572:12)
    at _write (node:internal/streams/writable:501:10)
    at Writable.write (node:internal/streams/writable:510:10)
    at Framer.ondata (/root/.openclaw/workspace/node_modules/readable-stream/lib/internal/streams/readable.js:707:22)
    at Framer.emit (node:events:519:28)
    at addChunk (/root/.openclaw/workspace/node_modules/readable-stream/lib/internal/streams/readable.js:323:12) {
  errno: -32,
  code: 'EPIPE',
  syscall: 'write'
}
[forge] Error: write EPIPE
[forge] Disconnected
[forge] Starting autonomous agent...
[forge] Waiting for spawn...
[forge] ✅ Spawned in world at (-227.23935215125266, 62.710761087371544, -107.6850579229593)
[forge] Connecting to Brain at ws://localhost:8767
[forge] ✅ Brain connected
[forge] Brain command: registered
Error: write EPIPE
    at afterWriteDispatched (node:internal/stream_base_commons:159:15)
    at writeGeneric (node:internal/stream_base_commons:150:3)
    at Socket._writeGeneric (node:net:966:11)
    at Socket._write (node:net:978:8)
    at writeOrBuffer (node:internal/streams/writable:572:12)
    at _write (node:internal/streams/writable:501:10)
    at Writable.write (node:internal/streams/writable:510:10)
    at Framer.ondata (/root/.openclaw/workspace/node_modules/readable-stream/lib/internal/streams/readable.js:707:22)
    at Framer.emit (node:events:519:28)
    at addChunk (/root/.openclaw/workspace/node_modules/readable-stream/lib/internal/streams/readable.js:323:12) {
  errno: -32,
  code: 'EPIPE',
  syscall: 'write'
}
[forge] Error: write EPIPE
[forge] Disconnected
[forge] Starting autonomous agent...
[forge] Waiting for spawn...
[forge] ✅ Spawned in world at (-226.42705407133525, 61.875131252874404, -108.56326812374974)
[forge] Connecting to Brain at ws://localhost:8767
[forge] ✅ Brain connected
[forge] Brain command: registered
Error: write EPIPE
    at afterWriteDispatched (node:internal/stream_base_commons:159:15)
    at writeGeneric (node:internal/stream_base_commons:150:3)
    at Socket._writeGeneric (node:net:966:11)
    at Socket._write (node:net:978:8)
    at writeOrBuffer (node:internal/streams/writable:572:12)
    at _write (node:internal/streams/writable:501:10)
    at Writable.write (node:internal/streams/writable:510:10)
    at Framer.ondata (/root/.openclaw/workspace/node_modules/readable-stream/lib/internal/streams/readable.js:707:22)
    at Framer.emit (node:events:519:28)
    at addChunk (/root/.openclaw/workspace/node_modules/readable-stream/lib/internal/streams/readable.js:323:12) {
  errno: -32,
  code: 'EPIPE',
  syscall: 'write'
}
[forge] Error: write EPIPE
[forge] Disconnected
[forge] Starting autonomous agent...
[forge] Waiting for spawn...
[forge] ✅ Spawned in world at (-223.45781482673752, 62.265051673109475, -104.7458312334654)
[forge] Connecting to Brain at ws://localhost:8767
[forge] ✅ Brain connected
[forge] Brain command: registered
Error: write EPIPE
    at afterWriteDispatched (node:internal/stream_base_commons:159:15)
    at writeGeneric (node:internal/stream_base_commons:150:3)
    at Socket._writeGeneric (node:net:966:11)
    at Socket._write (node:net:978:8)
    at writeOrBuffer (node:internal/streams/writable:572:12)
    at _write (node:internal/streams/writable:501:10)
    at Writable.write (node:internal/streams/writable:510:10)
    at Framer.ondata (/root/.openclaw/workspace/node_modules/readable-stream/lib/internal/streams/readable.js:707:22)
    at Framer.emit (node:events:519:28)
    at addChunk (/root/.openclaw/workspace/node_modules/readable-stream/lib/internal/streams/readable.js:323:12) {
  errno: -32,
  code: 'EPIPE',
  syscall: 'write'
}
[forge] Error: write EPIPE
[forge] Disconnected
[forge] Starting autonomous agent...
[forge] Waiting for spawn...
[forge] Disconnected
[forge] Starting autonomous agent...
[forge] Waiting for spawn...
[forge] ✅ Spawned in world at (-223.45781482673752, 57.815051746448354, -104.5)
[forge] Connecting to Brain at ws://localhost:8767
[forge] ✅ Brain connected
[forge] Brain command: registered
Error: write EPIPE
    at afterWriteDispatched (node:internal/stream_base_commons:159:15)
    at writeGeneric (node:internal/stream_base_commons:150:3)
    at Socket._writeGeneric (node:net:966:11)
    at Socket._write (node:net:978:8)
    at writeOrBuffer (node:internal/streams/writable:572:12)
    at _write (node:internal/streams/writable:501:10)
    at Writable.write (node:internal/streams/writable:510:10)
    at Framer.ondata (/root/.openclaw/workspace/node_modules/readable-stream/lib/internal/streams/readable.js:707:22)
    at Framer.emit (node:events:519:28)
    at addChunk (/root/.openclaw/workspace/node_modules/readable-stream/lib/internal/streams/readable.js:323:12) {
  errno: -32,
  code: 'EPIPE',
  syscall: 'write'
}
[forge] Error: write EPIPE
[forge] Disconnected
[forge] Starting autonomous agent...
[forge] Waiting for spawn...
[forge] Chat: chelios: Agent chelios online!
[forge] ✅ Spawned in world at (-223.47114748010813, 62.15174847513795, -101.4042916485503)
[forge] Connecting to Brain at ws://localhost:8767
[forge] ✅ Brain connected
[forge] Brain command: registered
[forge] Chat: chelios2: Agent chelios2 online!
Error: write EPIPE
    at afterWriteDispatched (node:internal/stream_base_commons:159:15)
    at writeGeneric (node:internal/stream_base_commons:150:3)
    at Socket._writeGeneric (node:net:966:11)
    at Socket._write (node:net:978:8)
    at writeOrBuffer (node:internal/streams/writable:572:12)
    at _write (node:internal/streams/writable:501:10)
    at Writable.write (node:internal/streams/writable:510:10)
    at Framer.ondata (/root/.openclaw/workspace/node_modules/readable-stream/lib/internal/streams/readable.js:707:22)
    at Framer.emit (node:events:519:28)
    at addChunk (/root/.openclaw/workspace/node_modules/readable-stream/lib/internal/streams/readable.js:323:12) {
  errno: -32,
  code: 'EPIPE',
  syscall: 'write'
}
[forge] Error: write EPIPE
[forge] Disconnected
[forge] Starting autonomous agent...
[forge] Waiting for spawn...
[forge] ✅ Spawned in world at (-223.47114748010813, 62.13954847498298, -101.4042916485503)
[forge] Connecting to Brain at ws://localhost:8767
[forge] ✅ Brain connected
[forge] Brain command: registered
Error: write EPIPE
    at afterWriteDispatched (node:internal/stream_base_commons:159:15)
    at writeGeneric (node:internal/stream_base_commons:150:3)
    at Socket._writeGeneric (node:net:966:11)
    at Socket._write (node:net:978:8)
    at writeOrBuffer (node:internal/streams/writable:572:12)
    at _write (node:internal/streams/writable:501:10)
    at Writable.write (node:internal/streams/writable:510:10)
    at Framer.ondata (/root/.openclaw/workspace/node_modules/readable-stream/lib/internal/streams/readable.js:707:22)
    at Framer.emit (node:events:519:28)
    at addChunk (/root/.openclaw/workspace/node_modules/readable-stream/lib/internal/streams/readable.js:323:12) {
  errno: -32,
  code: 'EPIPE',
  syscall: 'write'
}
[forge] Error: write EPIPE
[forge] Disconnected
[forge] Starting autonomous agent...
[forge] Waiting for spawn...
[forge] Disconnected
[forge] Starting autonomous agent...
[forge] Waiting for spawn...
[forge] Disconnected
[forge] Starting autonomous agent...
[forge] Waiting for spawn...
[forge] Disconnected
[forge] Starting autonomous agent...
[forge] Waiting for spawn...
[forge] ✅ Spawned in world at (-220.1961860597942, 61.74796466689016, -100.48380315626821)
[forge] Connecting to Brain at ws://localhost:8767
[forge] ✅ Brain connected
[forge] Brain command: registered
Error: write EPIPE
    at afterWriteDispatched (node:internal/stream_base_commons:159:15)
    at writeGeneric (node:internal/stream_base_commons:150:3)
    at Socket._writeGeneric (node:net:966:11)
    at Socket._write (node:net:978:8)
    at writeOrBuffer (node:internal/streams/writable:572:12)
    at _write (node:internal/streams/writable:501:10)
    at Writable.write (node:internal/streams/writable:510:10)
    at Framer.ondata (/root/.openclaw/workspace/node_modules/readable-stream/lib/internal/streams/readable.js:707:22)
    at Framer.emit (node:events:519:28)
    at addChunk (/root/.openclaw/workspace/node_modules/readable-stream/lib/internal/streams/readable.js:323:12) {
  errno: -32,
  code: 'EPIPE',
  syscall: 'write'
}
[forge] Error: write EPIPE
[forge] Disconnected
[forge] Starting autonomous agent...
[forge] Waiting for spawn...
[forge] ✅ Spawned in world at (-220.1381885975037, 61.514399994516374, -100.56856403158142)
[forge] Connecting to Brain at ws://localhost:8767
Error: write ECONNRESET
    at afterWriteDispatched (node:internal/stream_base_commons:159:15)
    at writeGeneric (node:internal/stream_base_commons:150:3)
    at Socket._writeGeneric (node:net:966:11)
    at Socket._write (node:net:978:8)
    at writeOrBuffer (node:internal/streams/writable:572:12)
    at _write (node:internal/streams/writable:501:10)
    at Writable.write (node:internal/streams/writable:510:10)
    at Framer.ondata (/root/.openclaw/workspace/node_modules/readable-stream/lib/internal/streams/readable.js:707:22)
    at Framer.emit (node:events:519:28)
    at addChunk (/root/.openclaw/workspace/node_modules/readable-stream/lib/internal/streams/readable.js:323:12) {
  errno: -104,
  code: 'ECONNRESET',
  syscall: 'write'
}
[forge] Error: write ECONNRESET
[forge] Disconnected
[forge] Starting autonomous agent...
[forge] Waiting for spawn...
[forge] ✅ Spawned in world at (-220.1381885975037, 61.49759199412489, -100.56856403158142)
[forge] Connecting to Brain at ws://localhost:8767
[forge] ✅ Brain connected
[forge] Brain command: registered
Error: client timed out after 30000 milliseconds
    at Timeout._onTimeout (/root/.openclaw/workspace/node_modules/minecraft-protocol/src/client/keepalive.js:18:28)
    at listOnTimeout (node:internal/timers:585:17)
    at process.processTimers (node:internal/timers:521:7)
[forge] Error: client timed out after 30000 milliseconds
[forge] Disconnected
[forge] Starting autonomous agent...
[forge] Waiting for spawn...
[forge] ✅ Spawned in world at (-220.1381885975037, 61.492591994124886, -100.56856403158142)
[forge] Connecting to Brain at ws://localhost:8767
[forge] ✅ Brain connected
[forge] Brain command: registered
Error: write EPIPE
    at afterWriteDispatched (node:internal/stream_base_commons:159:15)
    at writeGeneric (node:internal/stream_base_commons:150:3)
    at Socket._writeGeneric (node:net:966:11)
    at Socket._write (node:net:978:8)
    at writeOrBuffer (node:internal/streams/writable:572:12)
    at _write (node:internal/streams/writable:501:10)
    at Writable.write (node:internal/streams/writable:510:10)
    at Framer.ondata (/root/.openclaw/workspace/node_modules/readable-stream/lib/internal/streams/readable.js:707:22)
    at Framer.emit (node:events:519:28)
    at addChunk (/root/.openclaw/workspace/node_modules/readable-stream/lib/internal/streams/readable.js:323:12) {
  errno: -32,
  code: 'EPIPE',
  syscall: 'write'
}
[forge] Error: write EPIPE
[forge] Disconnected
[forge] Starting autonomous agent...
[forge] Waiting for spawn...
[forge] ✅ Spawned in world at (-220.5, 59.30018445285803, -100.56856403158142)
[forge] Connecting to Brain at ws://localhost:8767
[forge] ✅ Brain connected
[forge] Brain command: registered
Error: write EPIPE
    at afterWriteDispatched (node:internal/stream_base_commons:159:15)
    at writeGeneric (node:internal/stream_base_commons:150:3)
    at Socket._writeGeneric (node:net:966:11)
    at Socket._write (node:net:978:8)
    at writeOrBuffer (node:internal/streams/writable:572:12)
    at _write (node:internal/streams/writable:501:10)
    at Writable.write (node:internal/streams/writable:510:10)
    at Framer.ondata (/root/.openclaw/workspace/node_modules/readable-stream/lib/internal/streams/readable.js:707:22)
    at Framer.emit (node:events:519:28)
    at addChunk (/root/.openclaw/workspace/node_modules/readable-stream/lib/internal/streams/readable.js:323:12) {
  errno: -32,
  code: 'EPIPE',
  syscall: 'write'
}
[forge] Error: write EPIPE
[forge] Disconnected
[forge] Starting autonomous agent...
[forge] Waiting for spawn...
[forge] ✅ Spawned in world at (-220.45968550135652, 62.17179541082085, -103.16644711990983)
[forge] Connecting to Brain at ws://localhost:8767
[forge] ✅ Brain connected
[forge] Brain command: registered
Error: write ECONNRESET
    at afterWriteDispatched (node:internal/stream_base_commons:159:15)
    at writeGeneric (node:internal/stream_base_commons:150:3)
    at Socket._writeGeneric (node:net:966:11)
    at Socket._write (node:net:978:8)
    at writeOrBuffer (node:internal/streams/writable:572:12)
    at _write (node:internal/streams/writable:501:10)
    at Writable.write (node:internal/streams/writable:510:10)
    at Framer.ondata (/root/.openclaw/workspace/node_modules/readable-stream/lib/internal/streams/readable.js:707:22)
    at Framer.emit (node:events:519:28)
    at addChunk (/root/.openclaw/workspace/node_modules/readable-stream/lib/internal/streams/readable.js:323:12) {
  errno: -104,
  code: 'ECONNRESET',
  syscall: 'write'
}
[forge] Error: write ECONNRESET
[forge] Disconnected
[forge] Starting autonomous agent...
[forge] Waiting for spawn...
[forge] ✅ Spawned in world at (-221.13602306472566, 62.638245355386196, -102.25556991285092)
[forge] Connecting to Brain at ws://localhost:8767
[forge] ✅ Brain connected
[forge] Brain command: registered
Error: write EPIPE
    at afterWriteDispatched (node:internal/stream_base_commons:159:15)
    at writeGeneric (node:internal/stream_base_commons:150:3)
    at Socket._writeGeneric (node:net:966:11)
    at Socket._write (node:net:978:8)
    at writeOrBuffer (node:internal/streams/writable:572:12)
    at _write (node:internal/streams/writable:501:10)
    at Writable.write (node:internal/streams/writable:510:10)
    at Framer.ondata (/root/.openclaw/workspace/node_modules/readable-stream/lib/internal/streams/readable.js:707:22)
    at Framer.emit (node:events:519:28)
    at addChunk (/root/.openclaw/workspace/node_modules/readable-stream/lib/internal/streams/readable.js:323:12) {
  errno: -32,
  code: 'EPIPE',
  syscall: 'write'
}
[forge] Error: write EPIPE
[forge] Disconnected
[forge] Starting autonomous agent...
[forge] Waiting for spawn...
[forge] ✅ Spawned in world at (-219.40716050396884, 61, -106.5)
[forge] Connecting to Brain at ws://localhost:8767
[forge] ✅ Brain connected
[forge] Brain command: registered
Error: write EPIPE
    at afterWriteDispatched (node:internal/stream_base_commons:159:15)
    at writeGeneric (node:internal/stream_base_commons:150:3)
    at Socket._writeGeneric (node:net:966:11)
    at Socket._write (node:net:978:8)
    at writeOrBuffer (node:internal/streams/writable:572:12)
    at _write (node:internal/streams/writable:501:10)
    at Writable.write (node:internal/streams/writable:510:10)
    at Framer.ondata (/root/.openclaw/workspace/node_modules/readable-stream/lib/internal/streams/readable.js:707:22)
    at Framer.emit (node:events:519:28)
    at addChunk (/root/.openclaw/workspace/node_modules/readable-stream/lib/internal/streams/readable.js:323:12) {
  errno: -32,
  code: 'EPIPE',
  syscall: 'write'
}
[forge] Error: write EPIPE
[forge] Disconnected
[forge] Starting autonomous agent...
[forge] Waiting for spawn...
[forge] Starting autonomous agent...
[forge] Waiting for spawn...
[forge] ✅ Spawned in world at (-212.47282110436888, 62, -112.50030450275274)
[forge] Connecting to Brain at ws://localhost:8767
[forge] ✅ Brain connected
[forge] Disconnected
[forge] Brain command: registered
Error: write ECONNRESET
    at afterWriteDispatched (node:internal/stream_base_commons:159:15)
    at writeGeneric (node:internal/stream_base_commons:150:3)
    at Socket._writeGeneric (node:net:966:11)
    at Socket._write (node:net:978:8)
    at writeOrBuffer (node:internal/streams/writable:572:12)
    at _write (node:internal/streams/writable:501:10)
    at Writable.write (node:internal/streams/writable:510:10)
    at Framer.ondata (/root/.openclaw/workspace/node_modules/readable-stream/lib/internal/streams/readable.js:707:22)
    at Framer.emit (node:events:519:28)
    at addChunk (/root/.openclaw/workspace/node_modules/readable-stream/lib/internal/streams/readable.js:323:12) {
  errno: -104,
  code: 'ECONNRESET',
  syscall: 'write'
}
[forge] Error: write ECONNRESET
[forge] Disconnected
[forge] Starting autonomous agent...
[forge] Waiting for spawn...
[forge] ✅ Spawned in world at (-212.47282110436888, 62, -112.50030450275274)
[forge] Connecting to Brain at ws://localhost:8767
[forge] ✅ Brain connected
[forge] Brain command: registered
Error: write EPIPE
    at afterWriteDispatched (node:internal/stream_base_commons:159:15)
    at writeGeneric (node:internal/stream_base_commons:150:3)
    at Socket._writeGeneric (node:net:966:11)
    at Socket._write (node:net:978:8)
    at writeOrBuffer (node:internal/streams/writable:572:12)
    at _write (node:internal/streams/writable:501:10)
    at Writable.write (node:internal/streams/writable:510:10)
    at Framer.ondata (/root/.openclaw/workspace/node_modules/readable-stream/lib/internal/streams/readable.js:707:22)
    at Framer.emit (node:events:519:28)
    at addChunk (/root/.openclaw/workspace/node_modules/readable-stream/lib/internal/streams/readable.js:323:12) {
  errno: -32,
  code: 'EPIPE',
  syscall: 'write'
}
[forge] Error: write EPIPE
[forge] Disconnected
[forge] Starting autonomous agent...
[forge] Waiting for spawn...
[forge] ✅ Spawned in world at (-217.5, 61.02345260427988, -110.45019401938681)
[forge] Connecting to Brain at ws://localhost:8767
[forge] ✅ Brain connected
[forge] Brain command: registered
Error: write EPIPE
    at afterWriteDispatched (node:internal/stream_base_commons:159:15)
    at writeGeneric (node:internal/stream_base_commons:150:3)
    at Socket._writeGeneric (node:net:966:11)
    at Socket._write (node:net:978:8)
    at writeOrBuffer (node:internal/streams/writable:572:12)
    at _write (node:internal/streams/writable:501:10)
    at Writable.write (node:internal/streams/writable:510:10)
    at Framer.ondata (/root/.openclaw/workspace/node_modules/readable-stream/lib/internal/streams/readable.js:707:22)
    at Framer.emit (node:events:519:28)
    at addChunk (/root/.openclaw/workspace/node_modules/readable-stream/lib/internal/streams/readable.js:323:12) {
  errno: -32,
  code: 'EPIPE',
  syscall: 'write'
}
[forge] Error: write EPIPE
[forge] Disconnected
[forge] Starting autonomous agent...
[forge] Waiting for spawn...
[forge] ✅ Spawned in world at (-217.50112804917262, 63, -103.5)
[forge] Connecting to Brain at ws://localhost:8767
[forge] ✅ Brain connected
[forge] Brain command: registered
Error: write EPIPE
    at afterWriteDispatched (node:internal/stream_base_commons:159:15)
    at writeGeneric (node:internal/stream_base_commons:150:3)
    at Socket._writeGeneric (node:net:966:11)
    at Socket._write (node:net:978:8)
    at writeOrBuffer (node:internal/streams/writable:572:12)
    at _write (node:internal/streams/writable:501:10)
    at Writable.write (node:internal/streams/writable:510:10)
    at Framer.ondata (/root/.openclaw/workspace/node_modules/readable-stream/lib/internal/streams/readable.js:707:22)
    at Framer.emit (node:events:519:28)
    at addChunk (/root/.openclaw/workspace/node_modules/readable-stream/lib/internal/streams/readable.js:323:12) {
  errno: -32,
  code: 'EPIPE',
  syscall: 'write'
}
[forge] Error: write EPIPE
[forge] Disconnected
[forge] Starting autonomous agent...
[forge] Waiting for spawn...
[forge] Disconnected
[forge] Starting autonomous agent...
[forge] Waiting for spawn...
[forge] ✅ Spawned in world at (-209.683236282972, 64, -106.49826066024742)
[forge] Connecting to Brain at ws://localhost:8767
[forge] ✅ Brain connected
[forge] Brain command: registered
Error: write EPIPE
    at afterWriteDispatched (node:internal/stream_base_commons:159:15)
    at writeGeneric (node:internal/stream_base_commons:150:3)
    at Socket._writeGeneric (node:net:966:11)
    at Socket._write (node:net:978:8)
    at writeOrBuffer (node:internal/streams/writable:572:12)
    at _write (node:internal/streams/writable:501:10)
    at Writable.write (node:internal/streams/writable:510:10)
    at Framer.ondata (/root/.openclaw/workspace/node_modules/readable-stream/lib/internal/streams/readable.js:707:22)
    at Framer.emit (node:events:519:28)
    at addChunk (/root/.openclaw/workspace/node_modules/readable-stream/lib/internal/streams/readable.js:323:12) {
  errno: -32,
  code: 'EPIPE',
  syscall: 'write'
}
[forge] Error: write EPIPE
[forge] Disconnected
[forge] Starting autonomous agent...
[forge] Waiting for spawn...
[forge] Starting autonomous agent...
[forge] Waiting for spawn...
[forge] ✅ Spawned in world at (-207.67072975483515, 65.33319999363422, -108.31492207354724)
[forge] Connecting to Brain at ws://localhost:8767
[forge] ✅ Brain connected
[forge] Brain command: registered
[forge] Starting autonomous agent...
[forge] Waiting for spawn...
[forge] Disconnected
[forge] ✅ Spawned in world at (-213.403268822763, 67, -115.43625409245443)
[forge] Connecting to Brain at ws://localhost:8767
[forge] ✅ Brain connected
[forge] Brain command: registered
[forge] Starting autonomous agent...
[forge] Waiting for spawn...
[forge] Disconnected
[forge] ✅ Spawned in world at (-150.45080731330142, 61, -88.5)
[forge] Connecting to Brain at ws://localhost:8767
[forge] ✅ Brain connected
[forge] Brain command: registered
[forge] Starting autonomous agent...
[forge] Waiting for spawn...
[forge] Disconnected
[forge] Starting autonomous agent...
[forge] Waiting for spawn...
[forge] Disconnected
[forge] ✅ Spawned in world at (-150.45080731330142, 61, -88.5)
[forge] Connecting to Brain at ws://localhost:8767
[forge] ✅ Brain connected
[forge] Brain command: registered
[forge] Starting autonomous agent...
[forge] Waiting for spawn...
[forge] Disconnected
[forge] ✅ Spawned in world at (-150.45080731330142, 61, -88.5)
[forge] Connecting to Brain at ws://localhost:8767
[forge] ✅ Brain connected
[forge] Brain command: registered
[forge] Starting autonomous agent...
[forge] Waiting for spawn...
[forge] ✅ Spawned in world at (-150.45080731330142, 61, -88.5)
[forge] Connecting to Brain at ws://localhost:8767
[forge] ✅ Brain connected
[forge] Brain command: registered
[forge] Starting autonomous agent...
[forge] Waiting for spawn...
[forge] Disconnected
[forge] ✅ Spawned in world at (-150.45080731330142, 61, -88.5)
[forge] Connecting to Brain at ws://localhost:8767
[forge] ✅ Brain connected
[forge] Brain command: registered
[forge] Starting autonomous agent...
[forge] Waiting for spawn...
[forge] Disconnected
[forge] ✅ Spawned in world at (-150.45080731330142, 61, -88.5)
[forge] Connecting to Brain at ws://localhost:8767
[forge] ✅ Brain connected
[forge] Brain command: registered
[forge] Starting autonomous agent...
[forge] Waiting for spawn...
[forge] Disconnected
[forge] Starting autonomous agent...
[forge] Waiting for spawn...
[forge] Disconnected
[forge] ✅ Spawned in world at (-150.45080731330142, 61, -88.5)
[forge] Connecting to Brain at ws://localhost:8767
[forge] ✅ Brain connected
[forge] Brain command: registered
[forge] Starting autonomous agent...
[forge] Waiting for spawn...
[forge] Disconnected
[forge] ✅ Spawned in world at (-150.45080731330142, 61, -88.5)
[forge] Connecting to Brain at ws://localhost:8767
[forge] ✅ Brain connected
[forge] Brain command: registered
[forge] Starting autonomous agent...
[forge] Waiting for spawn...
[forge] ✅ Spawned in world at (-150.45080731330142, 61, -88.5)
[forge] Connecting to Brain at ws://localhost:8767
[forge] ✅ Brain connected
[forge] Brain command: registered
[forge] Starting autonomous agent...
[forge] Waiting for spawn...
[forge] Disconnected
[forge] ✅ Spawned in world at (-150.45080731330142, 61, -88.5)
[forge] Connecting to Brain at ws://localhost:8767
[forge] ✅ Brain connected
[forge] Brain command: registered
