[patricia] Starting autonomous agent...
[patricia] Waiting for spawn...
AggregateError [ETIMEDOUT]: 
    at internalConnectMultiple (node:net:1134:18)
    at afterConnectMultiple (node:net:1715:7) {
  code: 'ETIMEDOUT',
  [errors]: [
    Error: connect ETIMEDOUT ::1:25566
        at createConnectionError (node:net:1678:14)
        at Timeout.internalConnectMultipleTimeout (node:net:1737:38)
        at listOnTimeout (node:internal/timers:587:11)
        at process.processTimers (node:internal/timers:521:7) {
      errno: -110,
      code: 'ETIMEDOUT',
      syscall: 'connect',
      address: '::1',
      port: 25566
    },
    Error: connect ECONNREFUSED 127.0.0.1:25566
        at createConnectionError (node:net:1678:14)
        at afterConnectMultiple (node:net:1708:16) {
      errno: -111,
      code: 'ECONNREFUSED',
      syscall: 'connect',
      address: '127.0.0.1',
      port: 25566
    }
  ]
}
[patricia] Error: 
[patricia] Disconnected
[patricia] Starting autonomous agent...
[patricia] Waiting for spawn...
AggregateError [ECONNREFUSED]: 
    at internalConnectMultiple (node:net:1134:18)
    at afterConnectMultiple (node:net:1715:7) {
  code: 'ECONNREFUSED',
  [errors]: [
    Error: connect ECONNREFUSED ::1:25566
        at createConnectionError (node:net:1678:14)
        at afterConnectMultiple (node:net:1708:16) {
      errno: -111,
      code: 'ECONNREFUSED',
      syscall: 'connect',
      address: '::1',
      port: 25566
    },
    Error: connect ECONNREFUSED 127.0.0.1:25566
        at createConnectionError (node:net:1678:14)
        at afterConnectMultiple (node:net:1708:16) {
      errno: -111,
      code: 'ECONNREFUSED',
      syscall: 'connect',
      address: '127.0.0.1',
      port: 25566
    }
  ]
}
[patricia] Error: 
[patricia] Disconnected
[patricia] Starting autonomous agent...
[patricia] Waiting for spawn...
AggregateError [ECONNREFUSED]: 
    at internalConnectMultiple (node:net:1134:18)
    at afterConnectMultiple (node:net:1715:7) {
  code: 'ECONNREFUSED',
  [errors]: [
    Error: connect ECONNREFUSED ::1:25566
        at createConnectionError (node:net:1678:14)
        at afterConnectMultiple (node:net:1708:16) {
      errno: -111,
      code: 'ECONNREFUSED',
      syscall: 'connect',
      address: '::1',
      port: 25566
    },
    Error: connect ECONNREFUSED 127.0.0.1:25566
        at createConnectionError (node:net:1678:14)
        at afterConnectMultiple (node:net:1708:16) {
      errno: -111,
      code: 'ECONNREFUSED',
      syscall: 'connect',
      address: '127.0.0.1',
      port: 25566
    }
  ]
}
[patricia] Error: 
[patricia] Disconnected
[patricia] Starting autonomous agent...
[patricia] Waiting for spawn...
AggregateError [ECONNREFUSED]: 
    at internalConnectMultiple (node:net:1134:18)
    at afterConnectMultiple (node:net:1715:7) {
  code: 'ECONNREFUSED',
  [errors]: [
    Error: connect ECONNREFUSED ::1:25566
        at createConnectionError (node:net:1678:14)
        at afterConnectMultiple (node:net:1708:16) {
      errno: -111,
      code: 'ECONNREFUSED',
      syscall: 'connect',
      address: '::1',
      port: 25566
    },
    Error: connect ECONNREFUSED 127.0.0.1:25566
        at createConnectionError (node:net:1678:14)
        at afterConnectMultiple (node:net:1708:16) {
      errno: -111,
      code: 'ECONNREFUSED',
      syscall: 'connect',
      address: '127.0.0.1',
      port: 25566
    }
  ]
}
[patricia] Error: 
[patricia] Disconnected
[patricia] Starting autonomous agent...
[patricia] Waiting for spawn...
AggregateError [ECONNREFUSED]: 
    at internalConnectMultiple (node:net:1134:18)
    at afterConnectMultiple (node:net:1715:7) {
  code: 'ECONNREFUSED',
  [errors]: [
    Error: connect ECONNREFUSED ::1:25566
        at createConnectionError (node:net:1678:14)
        at afterConnectMultiple (node:net:1708:16) {
      errno: -111,
      code: 'ECONNREFUSED',
      syscall: 'connect',
      address: '::1',
      port: 25566
    },
    Error: connect ECONNREFUSED 127.0.0.1:25566
        at createConnectionError (node:net:1678:14)
        at afterConnectMultiple (node:net:1708:16) {
      errno: -111,
      code: 'ECONNREFUSED',
      syscall: 'connect',
      address: '127.0.0.1',
      port: 25566
    }
  ]
}
[patricia] Error: 
[patricia] Disconnected
[patricia] Starting autonomous agent...
[patricia] Waiting for spawn...
AggregateError [ECONNREFUSED]: 
    at internalConnectMultiple (node:net:1134:18)
    at afterConnectMultiple (node:net:1715:7) {
  code: 'ECONNREFUSED',
  [errors]: [
    Error: connect ECONNREFUSED ::1:25566
        at createConnectionError (node:net:1678:14)
        at afterConnectMultiple (node:net:1708:16) {
      errno: -111,
      code: 'ECONNREFUSED',
      syscall: 'connect',
      address: '::1',
      port: 25566
    },
    Error: connect ECONNREFUSED 127.0.0.1:25566
        at createConnectionError (node:net:1678:14)
        at afterConnectMultiple (node:net:1708:16) {
      errno: -111,
      code: 'ECONNREFUSED',
      syscall: 'connect',
      address: '127.0.0.1',
      port: 25566
    }
  ]
}
[patricia] Error: 
[patricia] Disconnected
[patricia] Starting autonomous agent...
[patricia] Waiting for spawn...
AggregateError [ECONNREFUSED]: 
    at internalConnectMultiple (node:net:1134:18)
    at afterConnectMultiple (node:net:1715:7) {
  code: 'ECONNREFUSED',
  [errors]: [
    Error: connect ECONNREFUSED ::1:25566
        at createConnectionError (node:net:1678:14)
        at afterConnectMultiple (node:net:1708:16) {
      errno: -111,
      code: 'ECONNREFUSED',
      syscall: 'connect',
      address: '::1',
      port: 25566
    },
    Error: connect ECONNREFUSED 127.0.0.1:25566
        at createConnectionError (node:net:1678:14)
        at afterConnectMultiple (node:net:1708:16) {
      errno: -111,
      code: 'ECONNREFUSED',
      syscall: 'connect',
      address: '127.0.0.1',
      port: 25566
    }
  ]
}
[patricia] Error: 
[patricia] Disconnected
[patricia] Starting autonomous agent...
[patricia] Waiting for spawn...
AggregateError [ECONNREFUSED]: 
    at internalConnectMultiple (node:net:1134:18)
    at afterConnectMultiple (node:net:1715:7) {
  code: 'ECONNREFUSED',
  [errors]: [
    Error: connect ECONNREFUSED ::1:25566
        at createConnectionError (node:net:1678:14)
        at afterConnectMultiple (node:net:1708:16) {
      errno: -111,
      code: 'ECONNREFUSED',
      syscall: 'connect',
      address: '::1',
      port: 25566
    },
    Error: connect ECONNREFUSED 127.0.0.1:25566
        at createConnectionError (node:net:1678:14)
        at afterConnectMultiple (node:net:1708:16) {
      errno: -111,
      code: 'ECONNREFUSED',
      syscall: 'connect',
      address: '127.0.0.1',
      port: 25566
    }
  ]
}
[patricia] Error: 
[patricia] Disconnected
[patricia] Starting autonomous agent...
[patricia] Waiting for spawn...
AggregateError [ECONNREFUSED]: 
    at internalConnectMultiple (node:net:1134:18)
    at afterConnectMultiple (node:net:1715:7) {
  code: 'ECONNREFUSED',
  [errors]: [
    Error: connect ECONNREFUSED ::1:25566
        at createConnectionError (node:net:1678:14)
        at afterConnectMultiple (node:net:1708:16) {
      errno: -111,
      code: 'ECONNREFUSED',
      syscall: 'connect',
      address: '::1',
      port: 25566
    },
    Error: connect ECONNREFUSED 127.0.0.1:25566
        at createConnectionError (node:net:1678:14)
        at afterConnectMultiple (node:net:1708:16) {
      errno: -111,
      code: 'ECONNREFUSED',
      syscall: 'connect',
      address: '127.0.0.1',
      port: 25566
    }
  ]
}
[patricia] Error: 
[patricia] Disconnected
[patricia] Starting autonomous agent...
[patricia] Waiting for spawn...
AggregateError [ECONNREFUSED]: 
    at internalConnectMultiple (node:net:1134:18)
    at afterConnectMultiple (node:net:1715:7) {
  code: 'ECONNREFUSED',
  [errors]: [
    Error: connect ECONNREFUSED ::1:25566
        at createConnectionError (node:net:1678:14)
        at afterConnectMultiple (node:net:1708:16) {
      errno: -111,
      code: 'ECONNREFUSED',
      syscall: 'connect',
      address: '::1',
      port: 25566
    },
    Error: connect ECONNREFUSED 127.0.0.1:25566
        at createConnectionError (node:net:1678:14)
        at afterConnectMultiple (node:net:1708:16) {
      errno: -111,
      code: 'ECONNREFUSED',
      syscall: 'connect',
      address: '127.0.0.1',
      port: 25566
    }
  ]
}
[patricia] Error: 
[patricia] Disconnected
[patricia] Starting autonomous agent...
[patricia] Starting autonomous agent...
[patricia] Waiting for spawn...
[patricia] Waiting for spawn...
AggregateError [ECONNREFUSED]: 
    at internalConnectMultiple (node:net:1134:18)
    at afterConnectMultiple (node:net:1715:7) {
  code: 'ECONNREFUSED',
  [errors]: [
    Error: connect ECONNREFUSED ::1:25566
        at createConnectionError (node:net:1678:14)
        at afterConnectMultiple (node:net:1708:16) {
      errno: -111,
      code: 'ECONNREFUSED',
      syscall: 'connect',
      address: '::1',
      port: 25566
    },
    Error: connect ECONNREFUSED 127.0.0.1:25566
        at createConnectionError (node:net:1678:14)
        at afterConnectMultiple (node:net:1708:16) {
      errno: -111,
      code: 'ECONNREFUSED',
      syscall: 'connect',
      address: '127.0.0.1',
      port: 25566
    }
  ]
}
[patricia] Error: 
[patricia] Disconnected
AggregateError [ECONNREFUSED]: 
    at internalConnectMultiple (node:net:1134:18)
    at afterConnectMultiple (node:net:1715:7) {
  code: 'ECONNREFUSED',
  [errors]: [
    Error: connect ECONNREFUSED ::1:25566
        at createConnectionError (node:net:1678:14)
        at afterConnectMultiple (node:net:1708:16) {
      errno: -111,
      code: 'ECONNREFUSED',
      syscall: 'connect',
      address: '::1',
      port: 25566
    },
    Error: connect ECONNREFUSED 127.0.0.1:25566
        at createConnectionError (node:net:1678:14)
        at afterConnectMultiple (node:net:1708:16) {
      errno: -111,
      code: 'ECONNREFUSED',
      syscall: 'connect',
      address: '127.0.0.1',
      port: 25566
    }
  ]
}
[patricia] Error: 
[patricia] Disconnected
[patricia] Starting autonomous agent...
[patricia] Waiting for spawn...
AggregateError [ECONNREFUSED]: 
    at internalConnectMultiple (node:net:1134:18)
    at afterConnectMultiple (node:net:1715:7) {
  code: 'ECONNREFUSED',
  [errors]: [
    Error: connect ECONNREFUSED ::1:25566
        at createConnectionError (node:net:1678:14)
        at afterConnectMultiple (node:net:1708:16) {
      errno: -111,
      code: 'ECONNREFUSED',
      syscall: 'connect',
      address: '::1',
      port: 25566
    },
    Error: connect ECONNREFUSED 127.0.0.1:25566
        at createConnectionError (node:net:1678:14)
        at afterConnectMultiple (node:net:1708:16) {
      errno: -111,
      code: 'ECONNREFUSED',
      syscall: 'connect',
      address: '127.0.0.1',
      port: 25566
    }
  ]
}
[patricia] Error: 
[patricia] Disconnected
[patricia] Starting autonomous agent...
[patricia] Waiting for spawn...
AggregateError [ECONNREFUSED]: 
    at internalConnectMultiple (node:net:1134:18)
    at afterConnectMultiple (node:net:1715:7) {
  code: 'ECONNREFUSED',
  [errors]: [
    Error: connect ECONNREFUSED ::1:25566
        at createConnectionError (node:net:1678:14)
        at afterConnectMultiple (node:net:1708:16) {
      errno: -111,
      code: 'ECONNREFUSED',
      syscall: 'connect',
      address: '::1',
      port: 25566
    },
    Error: connect ECONNREFUSED 127.0.0.1:25566
        at createConnectionError (node:net:1678:14)
        at afterConnectMultiple (node:net:1708:16) {
      errno: -111,
      code: 'ECONNREFUSED',
      syscall: 'connect',
      address: '127.0.0.1',
      port: 25566
    }
  ]
}
[patricia] Error: 
[patricia] Disconnected
[patricia] Starting autonomous agent...
[patricia] Waiting for spawn...
AggregateError [ECONNREFUSED]: 
    at internalConnectMultiple (node:net:1134:18)
    at afterConnectMultiple (node:net:1715:7) {
  code: 'ECONNREFUSED',
  [errors]: [
    Error: connect ECONNREFUSED ::1:25566
        at createConnectionError (node:net:1678:14)
        at afterConnectMultiple (node:net:1708:16) {
      errno: -111,
      code: 'ECONNREFUSED',
      syscall: 'connect',
      address: '::1',
      port: 25566
    },
    Error: connect ECONNREFUSED 127.0.0.1:25566
        at createConnectionError (node:net:1678:14)
        at afterConnectMultiple (node:net:1708:16) {
      errno: -111,
      code: 'ECONNREFUSED',
      syscall: 'connect',
      address: '127.0.0.1',
      port: 25566
    }
  ]
}
[patricia] Error: 
[patricia] Disconnected
[patricia] Starting autonomous agent...
[patricia] Waiting for spawn...
AggregateError [ECONNREFUSED]: 
    at internalConnectMultiple (node:net:1134:18)
    at afterConnectMultiple (node:net:1715:7) {
  code: 'ECONNREFUSED',
  [errors]: [
    Error: connect ECONNREFUSED ::1:25566
        at createConnectionError (node:net:1678:14)
        at afterConnectMultiple (node:net:1708:16) {
      errno: -111,
      code: 'ECONNREFUSED',
      syscall: 'connect',
      address: '::1',
      port: 25566
    },
    Error: connect ECONNREFUSED 127.0.0.1:25566
        at createConnectionError (node:net:1678:14)
        at afterConnectMultiple (node:net:1708:16) {
      errno: -111,
      code: 'ECONNREFUSED',
      syscall: 'connect',
      address: '127.0.0.1',
      port: 25566
    }
  ]
}
[patricia] Error: 
[patricia] Disconnected
[patricia] Starting autonomous agent...
[patricia] Waiting for spawn...
AggregateError [ECONNREFUSED]: 
    at internalConnectMultiple (node:net:1134:18)
    at afterConnectMultiple (node:net:1715:7) {
  code: 'ECONNREFUSED',
  [errors]: [
    Error: connect ECONNREFUSED ::1:25566
        at createConnectionError (node:net:1678:14)
        at afterConnectMultiple (node:net:1708:16) {
      errno: -111,
      code: 'ECONNREFUSED',
      syscall: 'connect',
      address: '::1',
      port: 25566
    },
    Error: connect ECONNREFUSED 127.0.0.1:25566
        at createConnectionError (node:net:1678:14)
        at afterConnectMultiple (node:net:1708:16) {
      errno: -111,
      code: 'ECONNREFUSED',
      syscall: 'connect',
      address: '127.0.0.1',
      port: 25566
    }
  ]
}
[patricia] Error: 
[patricia] Disconnected
[patricia] Starting autonomous agent...
[patricia] Waiting for spawn...
AggregateError [ECONNREFUSED]: 
    at internalConnectMultiple (node:net:1134:18)
    at afterConnectMultiple (node:net:1715:7) {
  code: 'ECONNREFUSED',
  [errors]: [
    Error: connect ECONNREFUSED ::1:25566
        at createConnectionError (node:net:1678:14)
        at afterConnectMultiple (node:net:1708:16) {
      errno: -111,
      code: 'ECONNREFUSED',
      syscall: 'connect',
      address: '::1',
      port: 25566
    },
    Error: connect ECONNREFUSED 127.0.0.1:25566
        at createConnectionError (node:net:1678:14)
        at afterConnectMultiple (node:net:1708:16) {
      errno: -111,
      code: 'ECONNREFUSED',
      syscall: 'connect',
      address: '127.0.0.1',
      port: 25566
    }
  ]
}
[patricia] Error: 
[patricia] Disconnected
[patricia] Starting autonomous agent...
[patricia] Waiting for spawn...
AggregateError [ETIMEDOUT]: 
    at internalConnectMultiple (node:net:1134:18)
    at afterConnectMultiple (node:net:1715:7) {
  code: 'ETIMEDOUT',
  [errors]: [
    Error: connect ETIMEDOUT ::1:25566
        at createConnectionError (node:net:1678:14)
        at Timeout.internalConnectMultipleTimeout (node:net:1737:38)
        at listOnTimeout (node:internal/timers:587:11)
        at process.processTimers (node:internal/timers:521:7) {
      errno: -110,
      code: 'ETIMEDOUT',
      syscall: 'connect',
      address: '::1',
      port: 25566
    },
    Error: connect ECONNREFUSED 127.0.0.1:25566
        at createConnectionError (node:net:1678:14)
        at afterConnectMultiple (node:net:1708:16) {
      errno: -111,
      code: 'ECONNREFUSED',
      syscall: 'connect',
      address: '127.0.0.1',
      port: 25566
    }
  ]
}
[patricia] Error: 
[patricia] Disconnected
[patricia] Starting autonomous agent...
[patricia] Waiting for spawn...
AggregateError [ECONNREFUSED]: 
    at internalConnectMultiple (node:net:1134:18)
    at afterConnectMultiple (node:net:1715:7) {
  code: 'ECONNREFUSED',
  [errors]: [
    Error: connect ECONNREFUSED ::1:25566
        at createConnectionError (node:net:1678:14)
        at afterConnectMultiple (node:net:1708:16) {
      errno: -111,
      code: 'ECONNREFUSED',
      syscall: 'connect',
      address: '::1',
      port: 25566
    },
    Error: connect ECONNREFUSED 127.0.0.1:25566
        at createConnectionError (node:net:1678:14)
        at afterConnectMultiple (node:net:1708:16) {
      errno: -111,
      code: 'ECONNREFUSED',
      syscall: 'connect',
      address: '127.0.0.1',
      port: 25566
    }
  ]
}
[patricia] Error: 
[patricia] Disconnected
[patricia] Starting autonomous agent...
[patricia] Waiting for spawn...
AggregateError [ECONNREFUSED]: 
    at internalConnectMultiple (node:net:1134:18)
    at afterConnectMultiple (node:net:1715:7) {
  code: 'ECONNREFUSED',
  [errors]: [
    Error: connect ECONNREFUSED ::1:25566
        at createConnectionError (node:net:1678:14)
        at afterConnectMultiple (node:net:1708:16) {
      errno: -111,
      code: 'ECONNREFUSED',
      syscall: 'connect',
      address: '::1',
      port: 25566
    },
    Error: connect ECONNREFUSED 127.0.0.1:25566
        at createConnectionError (node:net:1678:14)
        at afterConnectMultiple (node:net:1708:16) {
      errno: -111,
      code: 'ECONNREFUSED',
      syscall: 'connect',
      address: '127.0.0.1',
      port: 25566
    }
  ]
}
[patricia] Error: 
[patricia] Disconnected
[patricia] Starting autonomous agent...
[patricia] Waiting for spawn...
AggregateError [ECONNREFUSED]: 
    at internalConnectMultiple (node:net:1134:18)
    at afterConnectMultiple (node:net:1715:7) {
  code: 'ECONNREFUSED',
  [errors]: [
    Error: connect ECONNREFUSED ::1:25566
        at createConnectionError (node:net:1678:14)
        at afterConnectMultiple (node:net:1708:16) {
      errno: -111,
      code: 'ECONNREFUSED',
      syscall: 'connect',
      address: '::1',
      port: 25566
    },
    Error: connect ECONNREFUSED 127.0.0.1:25566
        at createConnectionError (node:net:1678:14)
        at afterConnectMultiple (node:net:1708:16) {
      errno: -111,
      code: 'ECONNREFUSED',
      syscall: 'connect',
      address: '127.0.0.1',
      port: 25566
    }
  ]
}
[patricia] Error: 
[patricia] Disconnected
[patricia] Starting autonomous agent...
[patricia] Waiting for spawn...
AggregateError [ECONNREFUSED]: 
    at internalConnectMultiple (node:net:1134:18)
    at afterConnectMultiple (node:net:1715:7) {
  code: 'ECONNREFUSED',
  [errors]: [
    Error: connect ECONNREFUSED ::1:25566
        at createConnectionError (node:net:1678:14)
        at afterConnectMultiple (node:net:1708:16) {
      errno: -111,
      code: 'ECONNREFUSED',
      syscall: 'connect',
      address: '::1',
      port: 25566
    },
    Error: connect ECONNREFUSED 127.0.0.1:25566
        at createConnectionError (node:net:1678:14)
        at afterConnectMultiple (node:net:1708:16) {
      errno: -111,
      code: 'ECONNREFUSED',
      syscall: 'connect',
      address: '127.0.0.1',
      port: 25566
    }
  ]
}
[patricia] Error: 
[patricia] Disconnected
[patricia] Starting autonomous agent...
[patricia] Waiting for spawn...
AggregateError [ECONNREFUSED]: 
    at internalConnectMultiple (node:net:1134:18)
    at afterConnectMultiple (node:net:1715:7) {
  code: 'ECONNREFUSED',
  [errors]: [
    Error: connect ECONNREFUSED ::1:25566
        at createConnectionError (node:net:1678:14)
        at afterConnectMultiple (node:net:1708:16) {
      errno: -111,
      code: 'ECONNREFUSED',
      syscall: 'connect',
      address: '::1',
      port: 25566
    },
    Error: connect ECONNREFUSED 127.0.0.1:25566
        at createConnectionError (node:net:1678:14)
        at afterConnectMultiple (node:net:1708:16) {
      errno: -111,
      code: 'ECONNREFUSED',
      syscall: 'connect',
      address: '127.0.0.1',
      port: 25566
    }
  ]
}
[patricia] Error: 
[patricia] Disconnected
[patricia] Starting autonomous agent...
[patricia] Waiting for spawn...
AggregateError [ECONNREFUSED]: 
    at internalConnectMultiple (node:net:1134:18)
    at afterConnectMultiple (node:net:1715:7) {
  code: 'ECONNREFUSED',
  [errors]: [
    Error: connect ECONNREFUSED ::1:25566
        at createConnectionError (node:net:1678:14)
        at afterConnectMultiple (node:net:1708:16) {
      errno: -111,
      code: 'ECONNREFUSED',
      syscall: 'connect',
      address: '::1',
      port: 25566
    },
    Error: connect ECONNREFUSED 127.0.0.1:25566
        at createConnectionError (node:net:1678:14)
        at afterConnectMultiple (node:net:1708:16) {
      errno: -111,
      code: 'ECONNREFUSED',
      syscall: 'connect',
      address: '127.0.0.1',
      port: 25566
    }
  ]
}
[patricia] Error: 
[patricia] Disconnected
[patricia] Starting autonomous agent...
[patricia] Waiting for spawn...
AggregateError [ECONNREFUSED]: 
    at internalConnectMultiple (node:net:1134:18)
    at afterConnectMultiple (node:net:1715:7) {
  code: 'ECONNREFUSED',
  [errors]: [
    Error: connect ECONNREFUSED ::1:25566
        at createConnectionError (node:net:1678:14)
        at afterConnectMultiple (node:net:1708:16) {
      errno: -111,
      code: 'ECONNREFUSED',
      syscall: 'connect',
      address: '::1',
      port: 25566
    },
    Error: connect ECONNREFUSED 127.0.0.1:25566
        at createConnectionError (node:net:1678:14)
        at afterConnectMultiple (node:net:1708:16) {
      errno: -111,
      code: 'ECONNREFUSED',
      syscall: 'connect',
      address: '127.0.0.1',
      port: 25566
    }
  ]
}
[patricia] Error: 
[patricia] Disconnected
[patricia] Starting autonomous agent...
[patricia] Waiting for spawn...
AggregateError [ECONNREFUSED]: 
    at internalConnectMultiple (node:net:1134:18)
    at afterConnectMultiple (node:net:1715:7) {
  code: 'ECONNREFUSED',
  [errors]: [
    Error: connect ECONNREFUSED ::1:25566
        at createConnectionError (node:net:1678:14)
        at afterConnectMultiple (node:net:1708:16) {
      errno: -111,
      code: 'ECONNREFUSED',
      syscall: 'connect',
      address: '::1',
      port: 25566
    },
    Error: connect ECONNREFUSED 127.0.0.1:25566
        at createConnectionError (node:net:1678:14)
        at afterConnectMultiple (node:net:1708:16) {
      errno: -111,
      code: 'ECONNREFUSED',
      syscall: 'connect',
      address: '127.0.0.1',
      port: 25566
    }
  ]
}
[patricia] Error: 
[patricia] Disconnected
[patricia] Starting autonomous agent...
[patricia] Waiting for spawn...
AggregateError [ECONNREFUSED]: 
    at internalConnectMultiple (node:net:1134:18)
    at afterConnectMultiple (node:net:1715:7) {
  code: 'ECONNREFUSED',
  [errors]: [
    Error: connect ECONNREFUSED ::1:25566
        at createConnectionError (node:net:1678:14)
        at afterConnectMultiple (node:net:1708:16) {
      errno: -111,
      code: 'ECONNREFUSED',
      syscall: 'connect',
      address: '::1',
      port: 25566
    },
    Error: connect ECONNREFUSED 127.0.0.1:25566
        at createConnectionError (node:net:1678:14)
        at afterConnectMultiple (node:net:1708:16) {
      errno: -111,
      code: 'ECONNREFUSED',
      syscall: 'connect',
      address: '127.0.0.1',
      port: 25566
    }
  ]
}
[patricia] Error: 
[patricia] Disconnected
[patricia] Starting autonomous agent...
[patricia] Waiting for spawn...
AggregateError [ECONNREFUSED]: 
    at internalConnectMultiple (node:net:1134:18)
    at afterConnectMultiple (node:net:1715:7) {
  code: 'ECONNREFUSED',
  [errors]: [
    Error: connect ECONNREFUSED ::1:25566
        at createConnectionError (node:net:1678:14)
        at afterConnectMultiple (node:net:1708:16) {
      errno: -111,
      code: 'ECONNREFUSED',
      syscall: 'connect',
      address: '::1',
      port: 25566
    },
    Error: connect ECONNREFUSED 127.0.0.1:25566
        at createConnectionError (node:net:1678:14)
        at afterConnectMultiple (node:net:1708:16) {
      errno: -111,
      code: 'ECONNREFUSED',
      syscall: 'connect',
      address: '127.0.0.1',
      port: 25566
    }
  ]
}
[patricia] Error: 
[patricia] Disconnected
[patricia] Starting autonomous agent...
[patricia] Waiting for spawn...
AggregateError [ECONNREFUSED]: 
    at internalConnectMultiple (node:net:1134:18)
    at afterConnectMultiple (node:net:1715:7) {
  code: 'ECONNREFUSED',
  [errors]: [
    Error: connect ECONNREFUSED ::1:25566
        at createConnectionError (node:net:1678:14)
        at afterConnectMultiple (node:net:1708:16) {
      errno: -111,
      code: 'ECONNREFUSED',
      syscall: 'connect',
      address: '::1',
      port: 25566
    },
    Error: connect ECONNREFUSED 127.0.0.1:25566
        at createConnectionError (node:net:1678:14)
        at afterConnectMultiple (node:net:1708:16) {
      errno: -111,
      code: 'ECONNREFUSED',
      syscall: 'connect',
      address: '127.0.0.1',
      port: 25566
    }
  ]
}
[patricia] Error: 
[patricia] Disconnected
[patricia] Starting autonomous agent...
[patricia] Waiting for spawn...
AggregateError [ECONNREFUSED]: 
    at internalConnectMultiple (node:net:1134:18)
    at afterConnectMultiple (node:net:1715:7) {
  code: 'ECONNREFUSED',
  [errors]: [
    Error: connect ECONNREFUSED ::1:25566
        at createConnectionError (node:net:1678:14)
        at afterConnectMultiple (node:net:1708:16) {
      errno: -111,
      code: 'ECONNREFUSED',
      syscall: 'connect',
      address: '::1',
      port: 25566
    },
    Error: connect ECONNREFUSED 127.0.0.1:25566
        at createConnectionError (node:net:1678:14)
        at afterConnectMultiple (node:net:1708:16) {
      errno: -111,
      code: 'ECONNREFUSED',
      syscall: 'connect',
      address: '127.0.0.1',
      port: 25566
    }
  ]
}
[patricia] Error: 
[patricia] Disconnected
[patricia] Starting autonomous agent...
[patricia] Waiting for spawn...
AggregateError [ECONNREFUSED]: 
    at internalConnectMultiple (node:net:1134:18)
    at afterConnectMultiple (node:net:1715:7) {
  code: 'ECONNREFUSED',
  [errors]: [
    Error: connect ECONNREFUSED ::1:25566
        at createConnectionError (node:net:1678:14)
        at afterConnectMultiple (node:net:1708:16) {
      errno: -111,
      code: 'ECONNREFUSED',
      syscall: 'connect',
      address: '::1',
      port: 25566
    },
    Error: connect ECONNREFUSED 127.0.0.1:25566
        at createConnectionError (node:net:1678:14)
        at afterConnectMultiple (node:net:1708:16) {
      errno: -111,
      code: 'ECONNREFUSED',
      syscall: 'connect',
      address: '127.0.0.1',
      port: 25566
    }
  ]
}
[patricia] Error: 
[patricia] Disconnected
[patricia] Starting autonomous agent...
[patricia] Waiting for spawn...
AggregateError [ECONNREFUSED]: 
    at internalConnectMultiple (node:net:1134:18)
    at afterConnectMultiple (node:net:1715:7) {
  code: 'ECONNREFUSED',
  [errors]: [
    Error: connect ECONNREFUSED ::1:25566
        at createConnectionError (node:net:1678:14)
        at afterConnectMultiple (node:net:1708:16) {
      errno: -111,
      code: 'ECONNREFUSED',
      syscall: 'connect',
      address: '::1',
      port: 25566
    },
    Error: connect ECONNREFUSED 127.0.0.1:25566
        at createConnectionError (node:net:1678:14)
        at afterConnectMultiple (node:net:1708:16) {
      errno: -111,
      code: 'ECONNREFUSED',
      syscall: 'connect',
      address: '127.0.0.1',
      port: 25566
    }
  ]
}
[patricia] Error: 
[patricia] Disconnected
[patricia] Starting autonomous agent...
[patricia] Waiting for spawn...
AggregateError [ECONNREFUSED]: 
    at internalConnectMultiple (node:net:1134:18)
    at afterConnectMultiple (node:net:1715:7) {
  code: 'ECONNREFUSED',
  [errors]: [
    Error: connect ECONNREFUSED ::1:25566
        at createConnectionError (node:net:1678:14)
        at afterConnectMultiple (node:net:1708:16) {
      errno: -111,
      code: 'ECONNREFUSED',
      syscall: 'connect',
      address: '::1',
      port: 25566
    },
    Error: connect ECONNREFUSED 127.0.0.1:25566
        at createConnectionError (node:net:1678:14)
        at afterConnectMultiple (node:net:1708:16) {
      errno: -111,
      code: 'ECONNREFUSED',
      syscall: 'connect',
      address: '127.0.0.1',
      port: 25566
    }
  ]
}
[patricia] Error: 
[patricia] Disconnected
[patricia] Starting autonomous agent...
[patricia] Waiting for spawn...
AggregateError [ECONNREFUSED]: 
    at internalConnectMultiple (node:net:1134:18)
    at afterConnectMultiple (node:net:1715:7) {
  code: 'ECONNREFUSED',
  [errors]: [
    Error: connect ECONNREFUSED ::1:25566
        at createConnectionError (node:net:1678:14)
        at afterConnectMultiple (node:net:1708:16) {
      errno: -111,
      code: 'ECONNREFUSED',
      syscall: 'connect',
      address: '::1',
      port: 25566
    },
    Error: connect ECONNREFUSED 127.0.0.1:25566
        at createConnectionError (node:net:1678:14)
        at afterConnectMultiple (node:net:1708:16) {
      errno: -111,
      code: 'ECONNREFUSED',
      syscall: 'connect',
      address: '127.0.0.1',
      port: 25566
    }
  ]
}
[patricia] Error: 
[patricia] Disconnected
[patricia] Starting autonomous agent...
[patricia] Waiting for spawn...
AggregateError [ECONNREFUSED]: 
    at internalConnectMultiple (node:net:1134:18)
    at afterConnectMultiple (node:net:1715:7) {
  code: 'ECONNREFUSED',
  [errors]: [
    Error: connect ECONNREFUSED ::1:25566
        at createConnectionError (node:net:1678:14)
        at afterConnectMultiple (node:net:1708:16) {
      errno: -111,
      code: 'ECONNREFUSED',
      syscall: 'connect',
      address: '::1',
      port: 25566
    },
    Error: connect ECONNREFUSED 127.0.0.1:25566
        at createConnectionError (node:net:1678:14)
        at afterConnectMultiple (node:net:1708:16) {
      errno: -111,
      code: 'ECONNREFUSED',
      syscall: 'connect',
      address: '127.0.0.1',
      port: 25566
    }
  ]
}
[patricia] Error: 
[patricia] Disconnected
[patricia] Starting autonomous agent...
[patricia] Waiting for spawn...
AggregateError [ECONNREFUSED]: 
    at internalConnectMultiple (node:net:1134:18)
    at afterConnectMultiple (node:net:1715:7) {
  code: 'ECONNREFUSED',
  [errors]: [
    Error: connect ECONNREFUSED ::1:25566
        at createConnectionError (node:net:1678:14)
        at afterConnectMultiple (node:net:1708:16) {
      errno: -111,
      code: 'ECONNREFUSED',
      syscall: 'connect',
      address: '::1',
      port: 25566
    },
    Error: connect ECONNREFUSED 127.0.0.1:25566
        at createConnectionError (node:net:1678:14)
        at afterConnectMultiple (node:net:1708:16) {
      errno: -111,
      code: 'ECONNREFUSED',
      syscall: 'connect',
      address: '127.0.0.1',
      port: 25566
    }
  ]
}
[patricia] Error: 
[patricia] Disconnected
[patricia] Starting autonomous agent...
[patricia] Waiting for spawn...
AggregateError [ECONNREFUSED]: 
    at internalConnectMultiple (node:net:1134:18)
    at afterConnectMultiple (node:net:1715:7) {
  code: 'ECONNREFUSED',
  [errors]: [
    Error: connect ECONNREFUSED ::1:25566
        at createConnectionError (node:net:1678:14)
        at afterConnectMultiple (node:net:1708:16) {
      errno: -111,
      code: 'ECONNREFUSED',
      syscall: 'connect',
      address: '::1',
      port: 25566
    },
    Error: connect ECONNREFUSED 127.0.0.1:25566
        at createConnectionError (node:net:1678:14)
        at afterConnectMultiple (node:net:1708:16) {
      errno: -111,
      code: 'ECONNREFUSED',
      syscall: 'connect',
      address: '127.0.0.1',
      port: 25566
    }
  ]
}
[patricia] Error: 
[patricia] Disconnected
[patricia] Starting autonomous agent...
[patricia] Waiting for spawn...
AggregateError [ECONNREFUSED]: 
    at internalConnectMultiple (node:net:1134:18)
    at afterConnectMultiple (node:net:1715:7) {
  code: 'ECONNREFUSED',
  [errors]: [
    Error: connect ECONNREFUSED ::1:25566
        at createConnectionError (node:net:1678:14)
        at afterConnectMultiple (node:net:1708:16) {
      errno: -111,
      code: 'ECONNREFUSED',
      syscall: 'connect',
      address: '::1',
      port: 25566
    },
    Error: connect ECONNREFUSED 127.0.0.1:25566
        at createConnectionError (node:net:1678:14)
        at afterConnectMultiple (node:net:1708:16) {
      errno: -111,
      code: 'ECONNREFUSED',
      syscall: 'connect',
      address: '127.0.0.1',
      port: 25566
    }
  ]
}
[patricia] Error: 
[patricia] Disconnected
[patricia] Starting autonomous agent...
[patricia] Waiting for spawn...
AggregateError [ECONNREFUSED]: 
    at internalConnectMultiple (node:net:1134:18)
    at afterConnectMultiple (node:net:1715:7) {
  code: 'ECONNREFUSED',
  [errors]: [
    Error: connect ECONNREFUSED ::1:25566
        at createConnectionError (node:net:1678:14)
        at afterConnectMultiple (node:net:1708:16) {
      errno: -111,
      code: 'ECONNREFUSED',
      syscall: 'connect',
      address: '::1',
      port: 25566
    },
    Error: connect ECONNREFUSED 127.0.0.1:25566
        at createConnectionError (node:net:1678:14)
        at afterConnectMultiple (node:net:1708:16) {
      errno: -111,
      code: 'ECONNREFUSED',
      syscall: 'connect',
      address: '127.0.0.1',
      port: 25566
    }
  ]
}
[patricia] Error: 
[patricia] Disconnected
[patricia] Starting autonomous agent...
[patricia] Waiting for spawn...
AggregateError [ECONNREFUSED]: 
    at internalConnectMultiple (node:net:1134:18)
    at afterConnectMultiple (node:net:1715:7) {
  code: 'ECONNREFUSED',
  [errors]: [
    Error: connect ECONNREFUSED ::1:25566
        at createConnectionError (node:net:1678:14)
        at afterConnectMultiple (node:net:1708:16) {
      errno: -111,
      code: 'ECONNREFUSED',
      syscall: 'connect',
      address: '::1',
      port: 25566
    },
    Error: connect ECONNREFUSED 127.0.0.1:25566
        at createConnectionError (node:net:1678:14)
        at afterConnectMultiple (node:net:1708:16) {
      errno: -111,
      code: 'ECONNREFUSED',
      syscall: 'connect',
      address: '127.0.0.1',
      port: 25566
    }
  ]
}
[patricia] Error: 
[patricia] Disconnected
[patricia] Starting autonomous agent...
[patricia] Waiting for spawn...
AggregateError [ECONNREFUSED]: 
    at internalConnectMultiple (node:net:1134:18)
    at afterConnectMultiple (node:net:1715:7) {
  code: 'ECONNREFUSED',
  [errors]: [
    Error: connect ECONNREFUSED ::1:25566
        at createConnectionError (node:net:1678:14)
        at afterConnectMultiple (node:net:1708:16) {
      errno: -111,
      code: 'ECONNREFUSED',
      syscall: 'connect',
      address: '::1',
      port: 25566
    },
    Error: connect ECONNREFUSED 127.0.0.1:25566
        at createConnectionError (node:net:1678:14)
        at afterConnectMultiple (node:net:1708:16) {
      errno: -111,
      code: 'ECONNREFUSED',
      syscall: 'connect',
      address: '127.0.0.1',
      port: 25566
    }
  ]
}
[patricia] Error: 
[patricia] Disconnected
[patricia] Starting autonomous agent...
[patricia] Waiting for spawn...
AggregateError [ETIMEDOUT]: 
    at internalConnectMultiple (node:net:1134:18)
    at afterConnectMultiple (node:net:1715:7) {
  code: 'ETIMEDOUT',
  [errors]: [
    Error: connect ETIMEDOUT ::1:25566
        at createConnectionError (node:net:1678:14)
        at Timeout.internalConnectMultipleTimeout (node:net:1737:38)
        at listOnTimeout (node:internal/timers:587:11)
        at process.processTimers (node:internal/timers:521:7) {
      errno: -110,
      code: 'ETIMEDOUT',
      syscall: 'connect',
      address: '::1',
      port: 25566
    },
    Error: connect ECONNREFUSED 127.0.0.1:25566
        at createConnectionError (node:net:1678:14)
        at afterConnectMultiple (node:net:1708:16) {
      errno: -111,
      code: 'ECONNREFUSED',
      syscall: 'connect',
      address: '127.0.0.1',
      port: 25566
    }
  ]
}
[patricia] Error: 
[patricia] Disconnected
[patricia] Starting autonomous agent...
[patricia] Waiting for spawn...
AggregateError [ECONNREFUSED]: 
    at internalConnectMultiple (node:net:1134:18)
    at afterConnectMultiple (node:net:1715:7) {
  code: 'ECONNREFUSED',
  [errors]: [
    Error: connect ECONNREFUSED ::1:25566
        at createConnectionError (node:net:1678:14)
        at afterConnectMultiple (node:net:1708:16) {
      errno: -111,
      code: 'ECONNREFUSED',
      syscall: 'connect',
      address: '::1',
      port: 25566
    },
    Error: connect ECONNREFUSED 127.0.0.1:25566
        at createConnectionError (node:net:1678:14)
        at afterConnectMultiple (node:net:1708:16) {
      errno: -111,
      code: 'ECONNREFUSED',
      syscall: 'connect',
      address: '127.0.0.1',
      port: 25566
    }
  ]
}
[patricia] Error: 
[patricia] Disconnected
[patricia] Starting autonomous agent...
[patricia] Waiting for spawn...
AggregateError [ECONNREFUSED]: 
    at internalConnectMultiple (node:net:1134:18)
    at afterConnectMultiple (node:net:1715:7) {
  code: 'ECONNREFUSED',
  [errors]: [
    Error: connect ECONNREFUSED ::1:25566
        at createConnectionError (node:net:1678:14)
        at afterConnectMultiple (node:net:1708:16) {
      errno: -111,
      code: 'ECONNREFUSED',
      syscall: 'connect',
      address: '::1',
      port: 25566
    },
    Error: connect ECONNREFUSED 127.0.0.1:25566
        at createConnectionError (node:net:1678:14)
        at afterConnectMultiple (node:net:1708:16) {
      errno: -111,
      code: 'ECONNREFUSED',
      syscall: 'connect',
      address: '127.0.0.1',
      port: 25566
    }
  ]
}
[patricia] Error: 
[patricia] Disconnected
[patricia] Starting autonomous agent...
[patricia] Waiting for spawn...
AggregateError [ECONNREFUSED]: 
    at internalConnectMultiple (node:net:1134:18)
    at afterConnectMultiple (node:net:1715:7) {
  code: 'ECONNREFUSED',
  [errors]: [
    Error: connect ECONNREFUSED ::1:25566
        at createConnectionError (node:net:1678:14)
        at afterConnectMultiple (node:net:1708:16) {
      errno: -111,
      code: 'ECONNREFUSED',
      syscall: 'connect',
      address: '::1',
      port: 25566
    },
    Error: connect ECONNREFUSED 127.0.0.1:25566
        at createConnectionError (node:net:1678:14)
        at afterConnectMultiple (node:net:1708:16) {
      errno: -111,
      code: 'ECONNREFUSED',
      syscall: 'connect',
      address: '127.0.0.1',
      port: 25566
    }
  ]
}
[patricia] Error: 
[patricia] Disconnected
[patricia] Starting autonomous agent...
[patricia] Waiting for spawn...
AggregateError [ECONNREFUSED]: 
    at internalConnectMultiple (node:net:1134:18)
    at afterConnectMultiple (node:net:1715:7) {
  code: 'ECONNREFUSED',
  [errors]: [
    Error: connect ECONNREFUSED ::1:25566
        at createConnectionError (node:net:1678:14)
        at afterConnectMultiple (node:net:1708:16) {
      errno: -111,
      code: 'ECONNREFUSED',
      syscall: 'connect',
      address: '::1',
      port: 25566
    },
    Error: connect ECONNREFUSED 127.0.0.1:25566
        at createConnectionError (node:net:1678:14)
        at afterConnectMultiple (node:net:1708:16) {
      errno: -111,
      code: 'ECONNREFUSED',
      syscall: 'connect',
      address: '127.0.0.1',
      port: 25566
    }
  ]
}
[patricia] Error: 
[patricia] Disconnected
[patricia] Starting autonomous agent...
[patricia] Waiting for spawn...
AggregateError [ECONNREFUSED]: 
    at internalConnectMultiple (node:net:1134:18)
    at afterConnectMultiple (node:net:1715:7) {
  code: 'ECONNREFUSED',
  [errors]: [
    Error: connect ECONNREFUSED ::1:25566
        at createConnectionError (node:net:1678:14)
        at afterConnectMultiple (node:net:1708:16) {
      errno: -111,
      code: 'ECONNREFUSED',
      syscall: 'connect',
      address: '::1',
      port: 25566
    },
    Error: connect ECONNREFUSED 127.0.0.1:25566
        at createConnectionError (node:net:1678:14)
        at afterConnectMultiple (node:net:1708:16) {
      errno: -111,
      code: 'ECONNREFUSED',
      syscall: 'connect',
      address: '127.0.0.1',
      port: 25566
    }
  ]
}
[patricia] Error: 
[patricia] Disconnected
[patricia] Starting autonomous agent...
[patricia] Waiting for spawn...
AggregateError [ECONNREFUSED]: 
    at internalConnectMultiple (node:net:1134:18)
    at afterConnectMultiple (node:net:1715:7) {
  code: 'ECONNREFUSED',
  [errors]: [
    Error: connect ECONNREFUSED ::1:25566
        at createConnectionError (node:net:1678:14)
        at afterConnectMultiple (node:net:1708:16) {
      errno: -111,
      code: 'ECONNREFUSED',
      syscall: 'connect',
      address: '::1',
      port: 25566
    },
    Error: connect ECONNREFUSED 127.0.0.1:25566
        at createConnectionError (node:net:1678:14)
        at afterConnectMultiple (node:net:1708:16) {
      errno: -111,
      code: 'ECONNREFUSED',
      syscall: 'connect',
      address: '127.0.0.1',
      port: 25566
    }
  ]
}
[patricia] Error: 
[patricia] Disconnected
[patricia] Starting autonomous agent...
[patricia] Waiting for spawn...
AggregateError [ECONNREFUSED]: 
    at internalConnectMultiple (node:net:1134:18)
    at afterConnectMultiple (node:net:1715:7) {
  code: 'ECONNREFUSED',
  [errors]: [
    Error: connect ECONNREFUSED ::1:25566
        at createConnectionError (node:net:1678:14)
        at afterConnectMultiple (node:net:1708:16) {
      errno: -111,
      code: 'ECONNREFUSED',
      syscall: 'connect',
      address: '::1',
      port: 25566
    },
    Error: connect ECONNREFUSED 127.0.0.1:25566
        at createConnectionError (node:net:1678:14)
        at afterConnectMultiple (node:net:1708:16) {
      errno: -111,
      code: 'ECONNREFUSED',
      syscall: 'connect',
      address: '127.0.0.1',
      port: 25566
    }
  ]
}
[patricia] Error: 
[patricia] Disconnected
[patricia] Starting autonomous agent...
[patricia] Waiting for spawn...
AggregateError [ECONNREFUSED]: 
    at internalConnectMultiple (node:net:1134:18)
    at afterConnectMultiple (node:net:1715:7) {
  code: 'ECONNREFUSED',
  [errors]: [
    Error: connect ECONNREFUSED ::1:25566
        at createConnectionError (node:net:1678:14)
        at afterConnectMultiple (node:net:1708:16) {
      errno: -111,
      code: 'ECONNREFUSED',
      syscall: 'connect',
      address: '::1',
      port: 25566
    },
    Error: connect ECONNREFUSED 127.0.0.1:25566
        at createConnectionError (node:net:1678:14)
        at afterConnectMultiple (node:net:1708:16) {
      errno: -111,
      code: 'ECONNREFUSED',
      syscall: 'connect',
      address: '127.0.0.1',
      port: 25566
    }
  ]
}
[patricia] Error: 
[patricia] Disconnected
[patricia] Starting autonomous agent...
[patricia] Waiting for spawn...
AggregateError [ECONNREFUSED]: 
    at internalConnectMultiple (node:net:1134:18)
    at afterConnectMultiple (node:net:1715:7) {
  code: 'ECONNREFUSED',
  [errors]: [
    Error: connect ECONNREFUSED ::1:25566
        at createConnectionError (node:net:1678:14)
        at afterConnectMultiple (node:net:1708:16) {
      errno: -111,
      code: 'ECONNREFUSED',
      syscall: 'connect',
      address: '::1',
      port: 25566
    },
    Error: connect ECONNREFUSED 127.0.0.1:25566
        at createConnectionError (node:net:1678:14)
        at afterConnectMultiple (node:net:1708:16) {
      errno: -111,
      code: 'ECONNREFUSED',
      syscall: 'connect',
      address: '127.0.0.1',
      port: 25566
    }
  ]
}
[patricia] Error: 
[patricia] Disconnected
[patricia] Starting autonomous agent...
[patricia] Waiting for spawn...
AggregateError [ECONNREFUSED]: 
    at internalConnectMultiple (node:net:1134:18)
    at afterConnectMultiple (node:net:1715:7) {
  code: 'ECONNREFUSED',
  [errors]: [
    Error: connect ECONNREFUSED ::1:25566
        at createConnectionError (node:net:1678:14)
        at afterConnectMultiple (node:net:1708:16) {
      errno: -111,
      code: 'ECONNREFUSED',
      syscall: 'connect',
      address: '::1',
      port: 25566
    },
    Error: connect ECONNREFUSED 127.0.0.1:25566
        at createConnectionError (node:net:1678:14)
        at afterConnectMultiple (node:net:1708:16) {
      errno: -111,
      code: 'ECONNREFUSED',
      syscall: 'connect',
      address: '127.0.0.1',
      port: 25566
    }
  ]
}
[patricia] Error: 
[patricia] Disconnected
[patricia] Starting autonomous agent...
[patricia] Waiting for spawn...
AggregateError [ECONNREFUSED]: 
    at internalConnectMultiple (node:net:1134:18)
    at afterConnectMultiple (node:net:1715:7) {
  code: 'ECONNREFUSED',
  [errors]: [
    Error: connect ECONNREFUSED ::1:25566
        at createConnectionError (node:net:1678:14)
        at afterConnectMultiple (node:net:1708:16) {
      errno: -111,
      code: 'ECONNREFUSED',
      syscall: 'connect',
      address: '::1',
      port: 25566
    },
    Error: connect ECONNREFUSED 127.0.0.1:25566
        at createConnectionError (node:net:1678:14)
        at afterConnectMultiple (node:net:1708:16) {
      errno: -111,
      code: 'ECONNREFUSED',
      syscall: 'connect',
      address: '127.0.0.1',
      port: 25566
    }
  ]
}
[patricia] Error: 
[patricia] Disconnected
[patricia] Starting autonomous agent...
[patricia] Waiting for spawn...
AggregateError [ECONNREFUSED]: 
    at internalConnectMultiple (node:net:1134:18)
    at afterConnectMultiple (node:net:1715:7) {
  code: 'ECONNREFUSED',
  [errors]: [
    Error: connect ECONNREFUSED ::1:25566
        at createConnectionError (node:net:1678:14)
        at afterConnectMultiple (node:net:1708:16) {
      errno: -111,
      code: 'ECONNREFUSED',
      syscall: 'connect',
      address: '::1',
      port: 25566
    },
    Error: connect ECONNREFUSED 127.0.0.1:25566
        at createConnectionError (node:net:1678:14)
        at afterConnectMultiple (node:net:1708:16) {
      errno: -111,
      code: 'ECONNREFUSED',
      syscall: 'connect',
      address: '127.0.0.1',
      port: 25566
    }
  ]
}
[patricia] Error: 
[patricia] Disconnected
[patricia] Starting autonomous agent...
[patricia] Waiting for spawn...
AggregateError [ECONNREFUSED]: 
    at internalConnectMultiple (node:net:1134:18)
    at afterConnectMultiple (node:net:1715:7) {
  code: 'ECONNREFUSED',
  [errors]: [
    Error: connect ECONNREFUSED ::1:25566
        at createConnectionError (node:net:1678:14)
        at afterConnectMultiple (node:net:1708:16) {
      errno: -111,
      code: 'ECONNREFUSED',
      syscall: 'connect',
      address: '::1',
      port: 25566
    },
    Error: connect ECONNREFUSED 127.0.0.1:25566
        at createConnectionError (node:net:1678:14)
        at afterConnectMultiple (node:net:1708:16) {
      errno: -111,
      code: 'ECONNREFUSED',
      syscall: 'connect',
      address: '127.0.0.1',
      port: 25566
    }
  ]
}
[patricia] Error: 
[patricia] Disconnected
[patricia] Starting autonomous agent...
[patricia] Waiting for spawn...
AggregateError [ECONNREFUSED]: 
    at internalConnectMultiple (node:net:1134:18)
    at afterConnectMultiple (node:net:1715:7) {
  code: 'ECONNREFUSED',
  [errors]: [
    Error: connect ECONNREFUSED ::1:25566
        at createConnectionError (node:net:1678:14)
        at afterConnectMultiple (node:net:1708:16) {
      errno: -111,
      code: 'ECONNREFUSED',
      syscall: 'connect',
      address: '::1',
      port: 25566
    },
    Error: connect ECONNREFUSED 127.0.0.1:25566
        at createConnectionError (node:net:1678:14)
        at afterConnectMultiple (node:net:1708:16) {
      errno: -111,
      code: 'ECONNREFUSED',
      syscall: 'connect',
      address: '127.0.0.1',
      port: 25566
    }
  ]
}
[patricia] Error: 
[patricia] Disconnected
[patricia] Starting autonomous agent...
[patricia] Waiting for spawn...
AggregateError [ECONNREFUSED]: 
    at internalConnectMultiple (node:net:1134:18)
    at afterConnectMultiple (node:net:1715:7) {
  code: 'ECONNREFUSED',
  [errors]: [
    Error: connect ECONNREFUSED ::1:25566
        at createConnectionError (node:net:1678:14)
        at afterConnectMultiple (node:net:1708:16) {
      errno: -111,
      code: 'ECONNREFUSED',
      syscall: 'connect',
      address: '::1',
      port: 25566
    },
    Error: connect ECONNREFUSED 127.0.0.1:25566
        at createConnectionError (node:net:1678:14)
        at afterConnectMultiple (node:net:1708:16) {
      errno: -111,
      code: 'ECONNREFUSED',
      syscall: 'connect',
      address: '127.0.0.1',
      port: 25566
    }
  ]
}
[patricia] Error: 
[patricia] Disconnected
[patricia] Starting autonomous agent...
[patricia] Waiting for spawn...
AggregateError [ECONNREFUSED]: 
    at internalConnectMultiple (node:net:1134:18)
    at afterConnectMultiple (node:net:1715:7) {
  code: 'ECONNREFUSED',
  [errors]: [
    Error: connect ECONNREFUSED ::1:25566
        at createConnectionError (node:net:1678:14)
        at afterConnectMultiple (node:net:1708:16) {
      errno: -111,
      code: 'ECONNREFUSED',
      syscall: 'connect',
      address: '::1',
      port: 25566
    },
    Error: connect ECONNREFUSED 127.0.0.1:25566
        at createConnectionError (node:net:1678:14)
        at afterConnectMultiple (node:net:1708:16) {
      errno: -111,
      code: 'ECONNREFUSED',
      syscall: 'connect',
      address: '127.0.0.1',
      port: 25566
    }
  ]
}
[patricia] Error: 
[patricia] Disconnected
[patricia] Starting autonomous agent...
[patricia] Waiting for spawn...
AggregateError [ECONNREFUSED]: 
    at internalConnectMultiple (node:net:1134:18)
    at afterConnectMultiple (node:net:1715:7) {
  code: 'ECONNREFUSED',
  [errors]: [
    Error: connect ECONNREFUSED ::1:25566
        at createConnectionError (node:net:1678:14)
        at afterConnectMultiple (node:net:1708:16) {
      errno: -111,
      code: 'ECONNREFUSED',
      syscall: 'connect',
      address: '::1',
      port: 25566
    },
    Error: connect ECONNREFUSED 127.0.0.1:25566
        at createConnectionError (node:net:1678:14)
        at afterConnectMultiple (node:net:1708:16) {
      errno: -111,
      code: 'ECONNREFUSED',
      syscall: 'connect',
      address: '127.0.0.1',
      port: 25566
    }
  ]
}
[patricia] Error: 
[patricia] Disconnected
[patricia] Starting autonomous agent...
[patricia] Waiting for spawn...
AggregateError [ECONNREFUSED]: 
    at internalConnectMultiple (node:net:1134:18)
    at afterConnectMultiple (node:net:1715:7) {
  code: 'ECONNREFUSED',
  [errors]: [
    Error: connect ECONNREFUSED ::1:25566
        at createConnectionError (node:net:1678:14)
        at afterConnectMultiple (node:net:1708:16) {
      errno: -111,
      code: 'ECONNREFUSED',
      syscall: 'connect',
      address: '::1',
      port: 25566
    },
    Error: connect ECONNREFUSED 127.0.0.1:25566
        at createConnectionError (node:net:1678:14)
        at afterConnectMultiple (node:net:1708:16) {
      errno: -111,
      code: 'ECONNREFUSED',
      syscall: 'connect',
      address: '127.0.0.1',
      port: 25566
    }
  ]
}
[patricia] Error: 
[patricia] Disconnected
[patricia] Starting autonomous agent...
[patricia] Waiting for spawn...
AggregateError [ECONNREFUSED]: 
    at internalConnectMultiple (node:net:1134:18)
    at afterConnectMultiple (node:net:1715:7) {
  code: 'ECONNREFUSED',
  [errors]: [
    Error: connect ECONNREFUSED ::1:25566
        at createConnectionError (node:net:1678:14)
        at afterConnectMultiple (node:net:1708:16) {
      errno: -111,
      code: 'ECONNREFUSED',
      syscall: 'connect',
      address: '::1',
      port: 25566
    },
    Error: connect ECONNREFUSED 127.0.0.1:25566
        at createConnectionError (node:net:1678:14)
        at afterConnectMultiple (node:net:1708:16) {
      errno: -111,
      code: 'ECONNREFUSED',
      syscall: 'connect',
      address: '127.0.0.1',
      port: 25566
    }
  ]
}
[patricia] Error: 
[patricia] Disconnected
[patricia] Starting autonomous agent...
[patricia] Waiting for spawn...
AggregateError [ECONNREFUSED]: 
    at internalConnectMultiple (node:net:1134:18)
    at afterConnectMultiple (node:net:1715:7) {
  code: 'ECONNREFUSED',
  [errors]: [
    Error: connect ECONNREFUSED ::1:25566
        at createConnectionError (node:net:1678:14)
        at afterConnectMultiple (node:net:1708:16) {
      errno: -111,
      code: 'ECONNREFUSED',
      syscall: 'connect',
      address: '::1',
      port: 25566
    },
    Error: connect ECONNREFUSED 127.0.0.1:25566
        at createConnectionError (node:net:1678:14)
        at afterConnectMultiple (node:net:1708:16) {
      errno: -111,
      code: 'ECONNREFUSED',
      syscall: 'connect',
      address: '127.0.0.1',
      port: 25566
    }
  ]
}
[patricia] Error: 
[patricia] Disconnected
[patricia] Starting autonomous agent...
[patricia] Waiting for spawn...
AggregateError [ECONNREFUSED]: 
    at internalConnectMultiple (node:net:1134:18)
    at afterConnectMultiple (node:net:1715:7) {
  code: 'ECONNREFUSED',
  [errors]: [
    Error: connect ECONNREFUSED ::1:25566
        at createConnectionError (node:net:1678:14)
        at afterConnectMultiple (node:net:1708:16) {
      errno: -111,
      code: 'ECONNREFUSED',
      syscall: 'connect',
      address: '::1',
      port: 25566
    },
    Error: connect ECONNREFUSED 127.0.0.1:25566
        at createConnectionError (node:net:1678:14)
        at afterConnectMultiple (node:net:1708:16) {
      errno: -111,
      code: 'ECONNREFUSED',
      syscall: 'connect',
      address: '127.0.0.1',
      port: 25566
    }
  ]
}
[patricia] Error: 
[patricia] Disconnected
[patricia] Starting autonomous agent...
[patricia] Waiting for spawn...
AggregateError [ECONNREFUSED]: 
    at internalConnectMultiple (node:net:1134:18)
    at afterConnectMultiple (node:net:1715:7) {
  code: 'ECONNREFUSED',
  [errors]: [
    Error: connect ECONNREFUSED ::1:25566
        at createConnectionError (node:net:1678:14)
        at afterConnectMultiple (node:net:1708:16) {
      errno: -111,
      code: 'ECONNREFUSED',
      syscall: 'connect',
      address: '::1',
      port: 25566
    },
    Error: connect ECONNREFUSED 127.0.0.1:25566
        at createConnectionError (node:net:1678:14)
        at afterConnectMultiple (node:net:1708:16) {
      errno: -111,
      code: 'ECONNREFUSED',
      syscall: 'connect',
      address: '127.0.0.1',
      port: 25566
    }
  ]
}
[patricia] Error: 
[patricia] Disconnected
[patricia] Starting autonomous agent...
[patricia] Waiting for spawn...
AggregateError [ECONNREFUSED]: 
    at internalConnectMultiple (node:net:1134:18)
    at afterConnectMultiple (node:net:1715:7) {
  code: 'ECONNREFUSED',
  [errors]: [
    Error: connect ECONNREFUSED ::1:25566
        at createConnectionError (node:net:1678:14)
        at afterConnectMultiple (node:net:1708:16) {
      errno: -111,
      code: 'ECONNREFUSED',
      syscall: 'connect',
      address: '::1',
      port: 25566
    },
    Error: connect ECONNREFUSED 127.0.0.1:25566
        at createConnectionError (node:net:1678:14)
        at afterConnectMultiple (node:net:1708:16) {
      errno: -111,
      code: 'ECONNREFUSED',
      syscall: 'connect',
      address: '127.0.0.1',
      port: 25566
    }
  ]
}
[patricia] Error: 
[patricia] Disconnected
[patricia] Starting autonomous agent...
[patricia] Waiting for spawn...
AggregateError [ECONNREFUSED]: 
    at internalConnectMultiple (node:net:1134:18)
    at afterConnectMultiple (node:net:1715:7) {
  code: 'ECONNREFUSED',
  [errors]: [
    Error: connect ECONNREFUSED ::1:25566
        at createConnectionError (node:net:1678:14)
        at afterConnectMultiple (node:net:1708:16) {
      errno: -111,
      code: 'ECONNREFUSED',
      syscall: 'connect',
      address: '::1',
      port: 25566
    },
    Error: connect ECONNREFUSED 127.0.0.1:25566
        at createConnectionError (node:net:1678:14)
        at afterConnectMultiple (node:net:1708:16) {
      errno: -111,
      code: 'ECONNREFUSED',
      syscall: 'connect',
      address: '127.0.0.1',
      port: 25566
    }
  ]
}
[patricia] Error: 
[patricia] Disconnected
[patricia] Starting autonomous agent...
[patricia] Waiting for spawn...
AggregateError [ECONNREFUSED]: 
    at internalConnectMultiple (node:net:1134:18)
    at afterConnectMultiple (node:net:1715:7) {
  code: 'ECONNREFUSED',
  [errors]: [
    Error: connect ECONNREFUSED ::1:25566
        at createConnectionError (node:net:1678:14)
        at afterConnectMultiple (node:net:1708:16) {
      errno: -111,
      code: 'ECONNREFUSED',
      syscall: 'connect',
      address: '::1',
      port: 25566
    },
    Error: connect ECONNREFUSED 127.0.0.1:25566
        at createConnectionError (node:net:1678:14)
        at afterConnectMultiple (node:net:1708:16) {
      errno: -111,
      code: 'ECONNREFUSED',
      syscall: 'connect',
      address: '127.0.0.1',
      port: 25566
    }
  ]
}
[patricia] Error: 
[patricia] Disconnected
[patricia] Starting autonomous agent...
[patricia] Waiting for spawn...
AggregateError [ECONNREFUSED]: 
    at internalConnectMultiple (node:net:1134:18)
    at afterConnectMultiple (node:net:1715:7) {
  code: 'ECONNREFUSED',
  [errors]: [
    Error: connect ECONNREFUSED ::1:25566
        at createConnectionError (node:net:1678:14)
        at afterConnectMultiple (node:net:1708:16) {
      errno: -111,
      code: 'ECONNREFUSED',
      syscall: 'connect',
      address: '::1',
      port: 25566
    },
    Error: connect ECONNREFUSED 127.0.0.1:25566
        at createConnectionError (node:net:1678:14)
        at afterConnectMultiple (node:net:1708:16) {
      errno: -111,
      code: 'ECONNREFUSED',
      syscall: 'connect',
      address: '127.0.0.1',
      port: 25566
    }
  ]
}
[patricia] Error: 
[patricia] Disconnected
[patricia] Starting autonomous agent...
[patricia] Waiting for spawn...
AggregateError [ECONNREFUSED]: 
    at internalConnectMultiple (node:net:1134:18)
    at afterConnectMultiple (node:net:1715:7) {
  code: 'ECONNREFUSED',
  [errors]: [
    Error: connect ECONNREFUSED ::1:25566
        at createConnectionError (node:net:1678:14)
        at afterConnectMultiple (node:net:1708:16) {
      errno: -111,
      code: 'ECONNREFUSED',
      syscall: 'connect',
      address: '::1',
      port: 25566
    },
    Error: connect ECONNREFUSED 127.0.0.1:25566
        at createConnectionError (node:net:1678:14)
        at afterConnectMultiple (node:net:1708:16) {
      errno: -111,
      code: 'ECONNREFUSED',
      syscall: 'connect',
      address: '127.0.0.1',
      port: 25566
    }
  ]
}
[patricia] Error: 
[patricia] Disconnected
[patricia] Starting autonomous agent...
[patricia] Waiting for spawn...
AggregateError [ECONNREFUSED]: 
    at internalConnectMultiple (node:net:1134:18)
    at afterConnectMultiple (node:net:1715:7) {
  code: 'ECONNREFUSED',
  [errors]: [
    Error: connect ECONNREFUSED ::1:25566
        at createConnectionError (node:net:1678:14)
        at afterConnectMultiple (node:net:1708:16) {
      errno: -111,
      code: 'ECONNREFUSED',
      syscall: 'connect',
      address: '::1',
      port: 25566
    },
    Error: connect ECONNREFUSED 127.0.0.1:25566
        at createConnectionError (node:net:1678:14)
        at afterConnectMultiple (node:net:1708:16) {
      errno: -111,
      code: 'ECONNREFUSED',
      syscall: 'connect',
      address: '127.0.0.1',
      port: 25566
    }
  ]
}
[patricia] Error: 
[patricia] Disconnected
[patricia] Starting autonomous agent...
[patricia] Waiting for spawn...
AggregateError [ECONNREFUSED]: 
    at internalConnectMultiple (node:net:1134:18)
    at afterConnectMultiple (node:net:1715:7) {
  code: 'ECONNREFUSED',
  [errors]: [
    Error: connect ECONNREFUSED ::1:25566
        at createConnectionError (node:net:1678:14)
        at afterConnectMultiple (node:net:1708:16) {
      errno: -111,
      code: 'ECONNREFUSED',
      syscall: 'connect',
      address: '::1',
      port: 25566
    },
    Error: connect ECONNREFUSED 127.0.0.1:25566
        at createConnectionError (node:net:1678:14)
        at afterConnectMultiple (node:net:1708:16) {
      errno: -111,
      code: 'ECONNREFUSED',
      syscall: 'connect',
      address: '127.0.0.1',
      port: 25566
    }
  ]
}
[patricia] Error: 
[patricia] Disconnected
[patricia] Starting autonomous agent...
[patricia] Waiting for spawn...
AggregateError [ECONNREFUSED]: 
    at internalConnectMultiple (node:net:1134:18)
    at afterConnectMultiple (node:net:1715:7) {
  code: 'ECONNREFUSED',
  [errors]: [
    Error: connect ECONNREFUSED ::1:25566
        at createConnectionError (node:net:1678:14)
        at afterConnectMultiple (node:net:1708:16) {
      errno: -111,
      code: 'ECONNREFUSED',
      syscall: 'connect',
      address: '::1',
      port: 25566
    },
    Error: connect ECONNREFUSED 127.0.0.1:25566
        at createConnectionError (node:net:1678:14)
        at afterConnectMultiple (node:net:1708:16) {
      errno: -111,
      code: 'ECONNREFUSED',
      syscall: 'connect',
      address: '127.0.0.1',
      port: 25566
    }
  ]
}
[patricia] Error: 
[patricia] Disconnected
[patricia] Starting autonomous agent...
[patricia] Waiting for spawn...
AggregateError [ECONNREFUSED]: 
    at internalConnectMultiple (node:net:1134:18)
    at afterConnectMultiple (node:net:1715:7) {
  code: 'ECONNREFUSED',
  [errors]: [
    Error: connect ECONNREFUSED ::1:25566
        at createConnectionError (node:net:1678:14)
        at afterConnectMultiple (node:net:1708:16) {
      errno: -111,
      code: 'ECONNREFUSED',
      syscall: 'connect',
      address: '::1',
      port: 25566
    },
    Error: connect ECONNREFUSED 127.0.0.1:25566
        at createConnectionError (node:net:1678:14)
        at afterConnectMultiple (node:net:1708:16) {
      errno: -111,
      code: 'ECONNREFUSED',
      syscall: 'connect',
      address: '127.0.0.1',
      port: 25566
    }
  ]
}
[patricia] Error: 
[patricia] Disconnected
[patricia] Starting autonomous agent...
[patricia] Waiting for spawn...
AggregateError [ECONNREFUSED]: 
    at internalConnectMultiple (node:net:1134:18)
    at afterConnectMultiple (node:net:1715:7) {
  code: 'ECONNREFUSED',
  [errors]: [
    Error: connect ECONNREFUSED ::1:25566
        at createConnectionError (node:net:1678:14)
        at afterConnectMultiple (node:net:1708:16) {
      errno: -111,
      code: 'ECONNREFUSED',
      syscall: 'connect',
      address: '::1',
      port: 25566
    },
    Error: connect ECONNREFUSED 127.0.0.1:25566
        at createConnectionError (node:net:1678:14)
        at afterConnectMultiple (node:net:1708:16) {
      errno: -111,
      code: 'ECONNREFUSED',
      syscall: 'connect',
      address: '127.0.0.1',
      port: 25566
    }
  ]
}
[patricia] Error: 
[patricia] Disconnected
[patricia] Starting autonomous agent...
[patricia] Waiting for spawn...
AggregateError [ECONNREFUSED]: 
    at internalConnectMultiple (node:net:1134:18)
    at afterConnectMultiple (node:net:1715:7) {
  code: 'ECONNREFUSED',
  [errors]: [
    Error: connect ECONNREFUSED ::1:25566
        at createConnectionError (node:net:1678:14)
        at afterConnectMultiple (node:net:1708:16) {
      errno: -111,
      code: 'ECONNREFUSED',
      syscall: 'connect',
      address: '::1',
      port: 25566
    },
    Error: connect ECONNREFUSED 127.0.0.1:25566
        at createConnectionError (node:net:1678:14)
        at afterConnectMultiple (node:net:1708:16) {
      errno: -111,
      code: 'ECONNREFUSED',
      syscall: 'connect',
      address: '127.0.0.1',
      port: 25566
    }
  ]
}
[patricia] Error: 
[patricia] Disconnected
[patricia] Starting autonomous agent...
[patricia] Waiting for spawn...
AggregateError [ECONNREFUSED]: 
    at internalConnectMultiple (node:net:1134:18)
    at afterConnectMultiple (node:net:1715:7) {
  code: 'ECONNREFUSED',
  [errors]: [
    Error: connect ECONNREFUSED ::1:25566
        at createConnectionError (node:net:1678:14)
        at afterConnectMultiple (node:net:1708:16) {
      errno: -111,
      code: 'ECONNREFUSED',
      syscall: 'connect',
      address: '::1',
      port: 25566
    },
    Error: connect ECONNREFUSED 127.0.0.1:25566
        at createConnectionError (node:net:1678:14)
        at afterConnectMultiple (node:net:1708:16) {
      errno: -111,
      code: 'ECONNREFUSED',
      syscall: 'connect',
      address: '127.0.0.1',
      port: 25566
    }
  ]
}
[patricia] Error: 
[patricia] Disconnected
[patricia] Starting autonomous agent...
[patricia] Waiting for spawn...
AggregateError [ECONNREFUSED]: 
    at internalConnectMultiple (node:net:1134:18)
    at afterConnectMultiple (node:net:1715:7) {
  code: 'ECONNREFUSED',
  [errors]: [
    Error: connect ECONNREFUSED ::1:25566
        at createConnectionError (node:net:1678:14)
        at afterConnectMultiple (node:net:1708:16) {
      errno: -111,
      code: 'ECONNREFUSED',
      syscall: 'connect',
      address: '::1',
      port: 25566
    },
    Error: connect ECONNREFUSED 127.0.0.1:25566
        at createConnectionError (node:net:1678:14)
        at afterConnectMultiple (node:net:1708:16) {
      errno: -111,
      code: 'ECONNREFUSED',
      syscall: 'connect',
      address: '127.0.0.1',
      port: 25566
    }
  ]
}
[patricia] Error: 
[patricia] Disconnected
[patricia] Starting autonomous agent...
[patricia] Waiting for spawn...
AggregateError [ECONNREFUSED]: 
    at internalConnectMultiple (node:net:1134:18)
    at afterConnectMultiple (node:net:1715:7) {
  code: 'ECONNREFUSED',
  [errors]: [
    Error: connect ECONNREFUSED ::1:25566
        at createConnectionError (node:net:1678:14)
        at afterConnectMultiple (node:net:1708:16) {
      errno: -111,
      code: 'ECONNREFUSED',
      syscall: 'connect',
      address: '::1',
      port: 25566
    },
    Error: connect ECONNREFUSED 127.0.0.1:25566
        at createConnectionError (node:net:1678:14)
        at afterConnectMultiple (node:net:1708:16) {
      errno: -111,
      code: 'ECONNREFUSED',
      syscall: 'connect',
      address: '127.0.0.1',
      port: 25566
    }
  ]
}
[patricia] Error: 
[patricia] Disconnected
[patricia] Starting autonomous agent...
[patricia] Waiting for spawn...
AggregateError [ECONNREFUSED]: 
    at internalConnectMultiple (node:net:1134:18)
    at afterConnectMultiple (node:net:1715:7) {
  code: 'ECONNREFUSED',
  [errors]: [
    Error: connect ECONNREFUSED ::1:25566
        at createConnectionError (node:net:1678:14)
        at afterConnectMultiple (node:net:1708:16) {
      errno: -111,
      code: 'ECONNREFUSED',
      syscall: 'connect',
      address: '::1',
      port: 25566
    },
    Error: connect ECONNREFUSED 127.0.0.1:25566
        at createConnectionError (node:net:1678:14)
        at afterConnectMultiple (node:net:1708:16) {
      errno: -111,
      code: 'ECONNREFUSED',
      syscall: 'connect',
      address: '127.0.0.1',
      port: 25566
    }
  ]
}
[patricia] Error: 
[patricia] Disconnected
[patricia] Starting autonomous agent...
[patricia] Waiting for spawn...
AggregateError [ECONNREFUSED]: 
    at internalConnectMultiple (node:net:1134:18)
    at afterConnectMultiple (node:net:1715:7) {
  code: 'ECONNREFUSED',
  [errors]: [
    Error: connect ECONNREFUSED ::1:25566
        at createConnectionError (node:net:1678:14)
        at afterConnectMultiple (node:net:1708:16) {
      errno: -111,
      code: 'ECONNREFUSED',
      syscall: 'connect',
      address: '::1',
      port: 25566
    },
    Error: connect ECONNREFUSED 127.0.0.1:25566
        at createConnectionError (node:net:1678:14)
        at afterConnectMultiple (node:net:1708:16) {
      errno: -111,
      code: 'ECONNREFUSED',
      syscall: 'connect',
      address: '127.0.0.1',
      port: 25566
    }
  ]
}
[patricia] Error: 
[patricia] Disconnected
[patricia] Starting autonomous agent...
[patricia] Waiting for spawn...
AggregateError [ECONNREFUSED]: 
    at internalConnectMultiple (node:net:1134:18)
    at afterConnectMultiple (node:net:1715:7) {
  code: 'ECONNREFUSED',
  [errors]: [
    Error: connect ECONNREFUSED ::1:25566
        at createConnectionError (node:net:1678:14)
        at afterConnectMultiple (node:net:1708:16) {
      errno: -111,
      code: 'ECONNREFUSED',
      syscall: 'connect',
      address: '::1',
      port: 25566
    },
    Error: connect ECONNREFUSED 127.0.0.1:25566
        at createConnectionError (node:net:1678:14)
        at afterConnectMultiple (node:net:1708:16) {
      errno: -111,
      code: 'ECONNREFUSED',
      syscall: 'connect',
      address: '127.0.0.1',
      port: 25566
    }
  ]
}
[patricia] Error: 
[patricia] Disconnected
[patricia] Starting autonomous agent...
[patricia] Waiting for spawn...
AggregateError [ECONNREFUSED]: 
    at internalConnectMultiple (node:net:1134:18)
    at afterConnectMultiple (node:net:1715:7) {
  code: 'ECONNREFUSED',
  [errors]: [
    Error: connect ECONNREFUSED ::1:25566
        at createConnectionError (node:net:1678:14)
        at afterConnectMultiple (node:net:1708:16) {
      errno: -111,
      code: 'ECONNREFUSED',
      syscall: 'connect',
      address: '::1',
      port: 25566
    },
    Error: connect ECONNREFUSED 127.0.0.1:25566
        at createConnectionError (node:net:1678:14)
        at afterConnectMultiple (node:net:1708:16) {
      errno: -111,
      code: 'ECONNREFUSED',
      syscall: 'connect',
      address: '127.0.0.1',
      port: 25566
    }
  ]
}
[patricia] Error: 
[patricia] Disconnected
[patricia] Starting autonomous agent...
[patricia] Waiting for spawn...
AggregateError [ECONNREFUSED]: 
    at internalConnectMultiple (node:net:1134:18)
    at afterConnectMultiple (node:net:1715:7) {
  code: 'ECONNREFUSED',
  [errors]: [
    Error: connect ECONNREFUSED ::1:25566
        at createConnectionError (node:net:1678:14)
        at afterConnectMultiple (node:net:1708:16) {
      errno: -111,
      code: 'ECONNREFUSED',
      syscall: 'connect',
      address: '::1',
      port: 25566
    },
    Error: connect ECONNREFUSED 127.0.0.1:25566
        at createConnectionError (node:net:1678:14)
        at afterConnectMultiple (node:net:1708:16) {
      errno: -111,
      code: 'ECONNREFUSED',
      syscall: 'connect',
      address: '127.0.0.1',
      port: 25566
    }
  ]
}
[patricia] Error: 
[patricia] Disconnected
[patricia] Starting autonomous agent...
[patricia] Waiting for spawn...
AggregateError [ECONNREFUSED]: 
    at internalConnectMultiple (node:net:1134:18)
    at afterConnectMultiple (node:net:1715:7) {
  code: 'ECONNREFUSED',
  [errors]: [
    Error: connect ECONNREFUSED ::1:25566
        at createConnectionError (node:net:1678:14)
        at afterConnectMultiple (node:net:1708:16) {
      errno: -111,
      code: 'ECONNREFUSED',
      syscall: 'connect',
      address: '::1',
      port: 25566
    },
    Error: connect ECONNREFUSED 127.0.0.1:25566
        at createConnectionError (node:net:1678:14)
        at afterConnectMultiple (node:net:1708:16) {
      errno: -111,
      code: 'ECONNREFUSED',
      syscall: 'connect',
      address: '127.0.0.1',
      port: 25566
    }
  ]
}
[patricia] Error: 
[patricia] Disconnected
[patricia] Starting autonomous agent...
[patricia] Waiting for spawn...
AggregateError [ECONNREFUSED]: 
    at internalConnectMultiple (node:net:1134:18)
    at afterConnectMultiple (node:net:1715:7) {
  code: 'ECONNREFUSED',
  [errors]: [
    Error: connect ECONNREFUSED ::1:25566
        at createConnectionError (node:net:1678:14)
        at afterConnectMultiple (node:net:1708:16) {
      errno: -111,
      code: 'ECONNREFUSED',
      syscall: 'connect',
      address: '::1',
      port: 25566
    },
    Error: connect ECONNREFUSED 127.0.0.1:25566
        at createConnectionError (node:net:1678:14)
        at afterConnectMultiple (node:net:1708:16) {
      errno: -111,
      code: 'ECONNREFUSED',
      syscall: 'connect',
      address: '127.0.0.1',
      port: 25566
    }
  ]
}
[patricia] Error: 
[patricia] Disconnected
[patricia] Starting autonomous agent...
[patricia] Waiting for spawn...
AggregateError [ECONNREFUSED]: 
    at internalConnectMultiple (node:net:1134:18)
    at afterConnectMultiple (node:net:1715:7) {
  code: 'ECONNREFUSED',
  [errors]: [
    Error: connect ECONNREFUSED ::1:25566
        at createConnectionError (node:net:1678:14)
        at afterConnectMultiple (node:net:1708:16) {
      errno: -111,
      code: 'ECONNREFUSED',
      syscall: 'connect',
      address: '::1',
      port: 25566
    },
    Error: connect ECONNREFUSED 127.0.0.1:25566
        at createConnectionError (node:net:1678:14)
        at afterConnectMultiple (node:net:1708:16) {
      errno: -111,
      code: 'ECONNREFUSED',
      syscall: 'connect',
      address: '127.0.0.1',
      port: 25566
    }
  ]
}
[patricia] Error: 
[patricia] Disconnected
[patricia] Starting autonomous agent...
[patricia] Waiting for spawn...
AggregateError [ECONNREFUSED]: 
    at internalConnectMultiple (node:net:1134:18)
    at afterConnectMultiple (node:net:1715:7) {
  code: 'ECONNREFUSED',
  [errors]: [
    Error: connect ECONNREFUSED ::1:25566
        at createConnectionError (node:net:1678:14)
        at afterConnectMultiple (node:net:1708:16) {
      errno: -111,
      code: 'ECONNREFUSED',
      syscall: 'connect',
      address: '::1',
      port: 25566
    },
    Error: connect ECONNREFUSED 127.0.0.1:25566
        at createConnectionError (node:net:1678:14)
        at afterConnectMultiple (node:net:1708:16) {
      errno: -111,
      code: 'ECONNREFUSED',
      syscall: 'connect',
      address: '127.0.0.1',
      port: 25566
    }
  ]
}
[patricia] Error: 
[patricia] Disconnected
[patricia] Starting autonomous agent...
[patricia] Waiting for spawn...
AggregateError [ECONNREFUSED]: 
    at internalConnectMultiple (node:net:1134:18)
    at afterConnectMultiple (node:net:1715:7) {
  code: 'ECONNREFUSED',
  [errors]: [
    Error: connect ECONNREFUSED ::1:25566
        at createConnectionError (node:net:1678:14)
        at afterConnectMultiple (node:net:1708:16) {
      errno: -111,
      code: 'ECONNREFUSED',
      syscall: 'connect',
      address: '::1',
      port: 25566
    },
    Error: connect ECONNREFUSED 127.0.0.1:25566
        at createConnectionError (node:net:1678:14)
        at afterConnectMultiple (node:net:1708:16) {
      errno: -111,
      code: 'ECONNREFUSED',
      syscall: 'connect',
      address: '127.0.0.1',
      port: 25566
    }
  ]
}
[patricia] Error: 
[patricia] Disconnected
[patricia] Starting autonomous agent...
[patricia] Waiting for spawn...
AggregateError [ECONNREFUSED]: 
    at internalConnectMultiple (node:net:1134:18)
    at afterConnectMultiple (node:net:1715:7) {
  code: 'ECONNREFUSED',
  [errors]: [
    Error: connect ECONNREFUSED ::1:25566
        at createConnectionError (node:net:1678:14)
        at afterConnectMultiple (node:net:1708:16) {
      errno: -111,
      code: 'ECONNREFUSED',
      syscall: 'connect',
      address: '::1',
      port: 25566
    },
    Error: connect ECONNREFUSED 127.0.0.1:25566
        at createConnectionError (node:net:1678:14)
        at afterConnectMultiple (node:net:1708:16) {
      errno: -111,
      code: 'ECONNREFUSED',
      syscall: 'connect',
      address: '127.0.0.1',
      port: 25566
    }
  ]
}
[patricia] Error: 
[patricia] Disconnected
[patricia] Starting autonomous agent...
[patricia] Waiting for spawn...
AggregateError [ECONNREFUSED]: 
    at internalConnectMultiple (node:net:1134:18)
    at afterConnectMultiple (node:net:1715:7) {
  code: 'ECONNREFUSED',
  [errors]: [
    Error: connect ECONNREFUSED ::1:25566
        at createConnectionError (node:net:1678:14)
        at afterConnectMultiple (node:net:1708:16) {
      errno: -111,
      code: 'ECONNREFUSED',
      syscall: 'connect',
      address: '::1',
      port: 25566
    },
    Error: connect ECONNREFUSED 127.0.0.1:25566
        at createConnectionError (node:net:1678:14)
        at afterConnectMultiple (node:net:1708:16) {
      errno: -111,
      code: 'ECONNREFUSED',
      syscall: 'connect',
      address: '127.0.0.1',
      port: 25566
    }
  ]
}
[patricia] Error: 
[patricia] Disconnected
[patricia] Starting autonomous agent...
[patricia] Waiting for spawn...
AggregateError [ECONNREFUSED]: 
    at internalConnectMultiple (node:net:1134:18)
    at afterConnectMultiple (node:net:1715:7) {
  code: 'ECONNREFUSED',
  [errors]: [
    Error: connect ECONNREFUSED ::1:25566
        at createConnectionError (node:net:1678:14)
        at afterConnectMultiple (node:net:1708:16) {
      errno: -111,
      code: 'ECONNREFUSED',
      syscall: 'connect',
      address: '::1',
      port: 25566
    },
    Error: connect ECONNREFUSED 127.0.0.1:25566
        at createConnectionError (node:net:1678:14)
        at afterConnectMultiple (node:net:1708:16) {
      errno: -111,
      code: 'ECONNREFUSED',
      syscall: 'connect',
      address: '127.0.0.1',
      port: 25566
    }
  ]
}
[patricia] Error: 
[patricia] Disconnected
[patricia] Starting autonomous agent...
[patricia] Waiting for spawn...
[patricia] Disconnected
[patricia] Starting autonomous agent...
[patricia] Waiting for spawn...
[patricia] Disconnected
[patricia] Starting autonomous agent...
[patricia] Waiting for spawn...
AggregateError [ECONNREFUSED]: 
    at internalConnectMultiple (node:net:1134:18)
    at afterConnectMultiple (node:net:1715:7) {
  code: 'ECONNREFUSED',
  [errors]: [
    Error: connect ECONNREFUSED ::1:25565
        at createConnectionError (node:net:1678:14)
        at afterConnectMultiple (node:net:1708:16) {
      errno: -111,
      code: 'ECONNREFUSED',
      syscall: 'connect',
      address: '::1',
      port: 25565
    },
    Error: connect ECONNREFUSED 127.0.0.1:25565
        at createConnectionError (node:net:1678:14)
        at afterConnectMultiple (node:net:1708:16) {
      errno: -111,
      code: 'ECONNREFUSED',
      syscall: 'connect',
      address: '127.0.0.1',
      port: 25565
    }
  ]
}
[patricia] Error: 
[patricia] Disconnected
[patricia] Starting autonomous agent...
[patricia] Waiting for spawn...
[patricia] ✅ Spawned in world at (-215.5, 65, -166.5)
[patricia] Connecting to Brain at ws://localhost:8767
[patricia] ✅ Brain connected
Error: write EPIPE
    at afterWriteDispatched (node:internal/stream_base_commons:159:15)
    at writeGeneric (node:internal/stream_base_commons:150:3)
    at Socket._writeGeneric (node:net:966:11)
    at Socket._write (node:net:978:8)
    at writeOrBuffer (node:internal/streams/writable:572:12)
    at _write (node:internal/streams/writable:501:10)
    at Writable.write (node:internal/streams/writable:510:10)
    at Framer.ondata (/root/.openclaw/workspace/node_modules/readable-stream/lib/internal/streams/readable.js:707:22)
    at Framer.emit (node:events:519:28)
    at addChunk (/root/.openclaw/workspace/node_modules/readable-stream/lib/internal/streams/readable.js:323:12) {
  errno: -32,
  code: 'EPIPE',
  syscall: 'write'
}
[patricia] Error: write EPIPE
[patricia] Disconnected
[patricia] Starting autonomous agent...
[patricia] Waiting for spawn...
[patricia] Starting autonomous agent...
[patricia] ✅ Spawned in world at (-215.5, 65, -166.5)
[patricia] Connecting to Brain at ws://localhost:8767
[patricia] Disconnected
[patricia] Waiting for spawn...
Error: client timed out after 30000 milliseconds
    at Timeout._onTimeout (/root/.openclaw/workspace/node_modules/minecraft-protocol/src/client/keepalive.js:18:28)
    at listOnTimeout (node:internal/timers:585:17)
    at process.processTimers (node:internal/timers:521:7)
[patricia] Error: client timed out after 30000 milliseconds
[patricia] ✅ Spawned in world at (-215.5, 65, -166.5)
[patricia] Connecting to Brain at ws://localhost:8767
[patricia] Disconnected
[patricia] Starting autonomous agent...
[patricia] Waiting for spawn...
[patricia] ✅ Spawned in world at (-215.5, 65, -166.5)
[patricia] Connecting to Brain at ws://localhost:8767
[patricia] ✅ Brain connected
[patricia] Chat: forge: Agent forge online!
[patricia] Chat: aurora: Agent aurora online!
[patricia] Brain command: registered
Error: write ECONNRESET
    at afterWriteDispatched (node:internal/stream_base_commons:159:15)
    at writeGeneric (node:internal/stream_base_commons:150:3)
    at Socket._writeGeneric (node:net:966:11)
    at Socket._write (node:net:978:8)
    at writeOrBuffer (node:internal/streams/writable:572:12)
    at _write (node:internal/streams/writable:501:10)
    at Writable.write (node:internal/streams/writable:510:10)
    at Framer.ondata (/root/.openclaw/workspace/node_modules/readable-stream/lib/internal/streams/readable.js:707:22)
    at Framer.emit (node:events:519:28)
    at addChunk (/root/.openclaw/workspace/node_modules/readable-stream/lib/internal/streams/readable.js:323:12) {
  errno: -104,
  code: 'ECONNRESET',
  syscall: 'write'
}
[patricia] Error: write ECONNRESET
[patricia] Disconnected
[patricia] Starting autonomous agent...
[patricia] Waiting for spawn...
[patricia] Starting autonomous agent...
[patricia] Waiting for spawn...
[patricia] Disconnected
[patricia] Disconnected
[patricia] Starting autonomous agent...
[patricia] Waiting for spawn...
[patricia] ✅ Spawned in world at (-215.5, 65, -166.5)
[patricia] Connecting to Brain at ws://localhost:8767
[patricia] ✅ Brain connected
[patricia] Brain command: registered
[patricia] Chat: chelios: Agent chelios online!
[patricia] Chat: patricia2: Agent patricia2 online!
[patricia] Starting autonomous agent...
[patricia] Waiting for spawn...
[patricia] Chat: forge: Agent forge online!
[patricia] Disconnected
[patricia] ✅ Spawned in world at (-214.5, 64, -159.5)
[patricia] Connecting to Brain at ws://localhost:8767
[patricia] ✅ Brain connected
[patricia] Brain command: registered
Error: write EPIPE
    at afterWriteDispatched (node:internal/stream_base_commons:159:15)
    at writeGeneric (node:internal/stream_base_commons:150:3)
    at Socket._writeGeneric (node:net:966:11)
    at Socket._write (node:net:978:8)
    at writeOrBuffer (node:internal/streams/writable:572:12)
    at _write (node:internal/streams/writable:501:10)
    at Writable.write (node:internal/streams/writable:510:10)
    at Framer.ondata (/root/.openclaw/workspace/node_modules/readable-stream/lib/internal/streams/readable.js:707:22)
    at Framer.emit (node:events:519:28)
    at addChunk (/root/.openclaw/workspace/node_modules/readable-stream/lib/internal/streams/readable.js:323:12) {
  errno: -32,
  code: 'EPIPE',
  syscall: 'write'
}
[patricia] Error: write EPIPE
[patricia] Disconnected
[patricia] Starting autonomous agent...
[patricia] Waiting for spawn...
[patricia] Disconnected
[patricia] Starting autonomous agent...
[patricia] Waiting for spawn...
[patricia] ✅ Spawned in world at (-216.5, 64, -163.5)
[patricia] Connecting to Brain at ws://localhost:8767
[patricia] ✅ Brain connected
[patricia] Brain command: registered
Error: write EPIPE
    at afterWriteDispatched (node:internal/stream_base_commons:159:15)
    at writeGeneric (node:internal/stream_base_commons:150:3)
    at Socket._writeGeneric (node:net:966:11)
    at Socket._write (node:net:978:8)
    at writeOrBuffer (node:internal/streams/writable:572:12)
    at _write (node:internal/streams/writable:501:10)
    at Writable.write (node:internal/streams/writable:510:10)
    at Framer.ondata (/root/.openclaw/workspace/node_modules/readable-stream/lib/internal/streams/readable.js:707:22)
    at Framer.emit (node:events:519:28)
    at addChunk (/root/.openclaw/workspace/node_modules/readable-stream/lib/internal/streams/readable.js:323:12) {
  errno: -32,
  code: 'EPIPE',
  syscall: 'write'
}
[patricia] Error: write EPIPE
[patricia] Disconnected
[patricia] Starting autonomous agent...
[patricia] Waiting for spawn...
[patricia] ✅ Spawned in world at (-221.55447193842323, 64, -170.30615250046893)
[patricia] Connecting to Brain at ws://localhost:8767
[patricia] ✅ Brain connected
[patricia] Brain command: registered
Error: write EPIPE
    at afterWriteDispatched (node:internal/stream_base_commons:159:15)
    at writeGeneric (node:internal/stream_base_commons:150:3)
    at Socket._writeGeneric (node:net:966:11)
    at Socket._write (node:net:978:8)
    at writeOrBuffer (node:internal/streams/writable:572:12)
    at _write (node:internal/streams/writable:501:10)
    at Writable.write (node:internal/streams/writable:510:10)
    at Framer.ondata (/root/.openclaw/workspace/node_modules/readable-stream/lib/internal/streams/readable.js:707:22)
    at Framer.emit (node:events:519:28)
    at addChunk (/root/.openclaw/workspace/node_modules/readable-stream/lib/internal/streams/readable.js:323:12) {
  errno: -32,
  code: 'EPIPE',
  syscall: 'write'
}
[patricia] Error: write EPIPE
[patricia] Disconnected
[patricia] Starting autonomous agent...
[patricia] Waiting for spawn...
[patricia] ✅ Spawned in world at (-220.6849632741878, 64, -173.42639653074562)
[patricia] Connecting to Brain at ws://localhost:8767
[patricia] ✅ Brain connected
[patricia] Brain command: registered
Error: write EPIPE
    at afterWriteDispatched (node:internal/stream_base_commons:159:15)
    at writeGeneric (node:internal/stream_base_commons:150:3)
    at Socket._writeGeneric (node:net:966:11)
    at Socket._write (node:net:978:8)
    at writeOrBuffer (node:internal/streams/writable:572:12)
    at _write (node:internal/streams/writable:501:10)
    at Writable.write (node:internal/streams/writable:510:10)
    at Framer.ondata (/root/.openclaw/workspace/node_modules/readable-stream/lib/internal/streams/readable.js:707:22)
    at Framer.emit (node:events:519:28)
    at addChunk (/root/.openclaw/workspace/node_modules/readable-stream/lib/internal/streams/readable.js:323:12) {
  errno: -32,
  code: 'EPIPE',
  syscall: 'write'
}
[patricia] Error: write EPIPE
[patricia] Disconnected
[patricia] Starting autonomous agent...
[patricia] Waiting for spawn...
[patricia] ✅ Spawned in world at (-220.4953140150196, 64, -176.35561804662157)
[patricia] Connecting to Brain at ws://localhost:8767
[patricia] ✅ Brain connected
[patricia] Brain command: registered
Error: write EPIPE
    at afterWriteDispatched (node:internal/stream_base_commons:159:15)
    at writeGeneric (node:internal/stream_base_commons:150:3)
    at Socket._writeGeneric (node:net:966:11)
    at Socket._write (node:net:978:8)
    at writeOrBuffer (node:internal/streams/writable:572:12)
    at _write (node:internal/streams/writable:501:10)
    at Writable.write (node:internal/streams/writable:510:10)
    at Framer.ondata (/root/.openclaw/workspace/node_modules/readable-stream/lib/internal/streams/readable.js:707:22)
    at Framer.emit (node:events:519:28)
    at addChunk (/root/.openclaw/workspace/node_modules/readable-stream/lib/internal/streams/readable.js:323:12) {
  errno: -32,
  code: 'EPIPE',
  syscall: 'write'
}
[patricia] Error: write EPIPE
[patricia] Disconnected
[patricia] Starting autonomous agent...
[patricia] Waiting for spawn...
[patricia] Disconnected
[patricia] Starting autonomous agent...
[patricia] Waiting for spawn...
[patricia] ✅ Spawned in world at (-213.5, 66, -166.4556400437607)
[patricia] Connecting to Brain at ws://localhost:8767
[patricia] ✅ Brain connected
[patricia] Brain command: registered
Error: write EPIPE
    at afterWriteDispatched (node:internal/stream_base_commons:159:15)
    at writeGeneric (node:internal/stream_base_commons:150:3)
    at Socket._writeGeneric (node:net:966:11)
    at Socket._write (node:net:978:8)
    at writeOrBuffer (node:internal/streams/writable:572:12)
    at _write (node:internal/streams/writable:501:10)
    at Writable.write (node:internal/streams/writable:510:10)
    at Framer.ondata (/root/.openclaw/workspace/node_modules/readable-stream/lib/internal/streams/readable.js:707:22)
    at Framer.emit (node:events:519:28)
    at addChunk (/root/.openclaw/workspace/node_modules/readable-stream/lib/internal/streams/readable.js:323:12) {
  errno: -32,
  code: 'EPIPE',
  syscall: 'write'
}
[patricia] Error: write EPIPE
[patricia] Disconnected
[patricia] Starting autonomous agent...
[patricia] Waiting for spawn...
[patricia] ✅ Spawned in world at (-210.63998447333216, 68, -169.5)
[patricia] Connecting to Brain at ws://localhost:8767
[patricia] ✅ Brain connected
[patricia] Brain command: registered
Error: write EPIPE
    at afterWriteDispatched (node:internal/stream_base_commons:159:15)
    at writeGeneric (node:internal/stream_base_commons:150:3)
    at Socket._writeGeneric (node:net:966:11)
    at Socket._write (node:net:978:8)
    at writeOrBuffer (node:internal/streams/writable:572:12)
    at _write (node:internal/streams/writable:501:10)
    at Writable.write (node:internal/streams/writable:510:10)
    at Framer.ondata (/root/.openclaw/workspace/node_modules/readable-stream/lib/internal/streams/readable.js:707:22)
    at Framer.emit (node:events:519:28)
    at addChunk (/root/.openclaw/workspace/node_modules/readable-stream/lib/internal/streams/readable.js:323:12) {
  errno: -32,
  code: 'EPIPE',
  syscall: 'write'
}
[patricia] Error: write EPIPE
[patricia] Disconnected
[patricia] Starting autonomous agent...
[patricia] Waiting for spawn...
[patricia] ✅ Spawned in world at (-214.0009106330898, 67.08834272806114, -175.45666543514758)
[patricia] Connecting to Brain at ws://localhost:8767
[patricia] ✅ Brain connected
[patricia] Brain command: registered
Error: write EPIPE
    at afterWriteDispatched (node:internal/stream_base_commons:159:15)
    at writeGeneric (node:internal/stream_base_commons:150:3)
    at Socket._writeGeneric (node:net:966:11)
    at Socket._write (node:net:978:8)
    at writeOrBuffer (node:internal/streams/writable:572:12)
    at _write (node:internal/streams/writable:501:10)
    at Writable.write (node:internal/streams/writable:510:10)
    at Framer.ondata (/root/.openclaw/workspace/node_modules/readable-stream/lib/internal/streams/readable.js:707:22)
    at Framer.emit (node:events:519:28)
    at addChunk (/root/.openclaw/workspace/node_modules/readable-stream/lib/internal/streams/readable.js:323:12) {
  errno: -32,
  code: 'EPIPE',
  syscall: 'write'
}
[patricia] Error: write EPIPE
[patricia] Disconnected
[patricia] Starting autonomous agent...
[patricia] Waiting for spawn...
[patricia] Disconnected
[patricia] Starting autonomous agent...
[patricia] Waiting for spawn...
[patricia] ✅ Spawned in world at (-209.5, 69, -173.42356259039363)
[patricia] Connecting to Brain at ws://localhost:8767
[patricia] ✅ Brain connected
[patricia] Brain command: registered
Error: write EPIPE
    at afterWriteDispatched (node:internal/stream_base_commons:159:15)
    at writeGeneric (node:internal/stream_base_commons:150:3)
    at Socket._writeGeneric (node:net:966:11)
    at Socket._write (node:net:978:8)
    at writeOrBuffer (node:internal/streams/writable:572:12)
    at _write (node:internal/streams/writable:501:10)
    at Writable.write (node:internal/streams/writable:510:10)
    at Framer.ondata (/root/.openclaw/workspace/node_modules/readable-stream/lib/internal/streams/readable.js:707:22)
    at Framer.emit (node:events:519:28)
    at addChunk (/root/.openclaw/workspace/node_modules/readable-stream/lib/internal/streams/readable.js:323:12) {
  errno: -32,
  code: 'EPIPE',
  syscall: 'write'
}
[patricia] Error: write EPIPE
[patricia] Disconnected
[patricia] Starting autonomous agent...
[patricia] Waiting for spawn...
[patricia] ✅ Spawned in world at (-208.68738057869882, 69, -173.48552794897142)
[patricia] Connecting to Brain at ws://localhost:8767
[patricia] ✅ Brain connected
[patricia] Brain command: registered
[patricia] Chat: forge: Agent forge online!
Error: write EPIPE
    at afterWriteDispatched (node:internal/stream_base_commons:159:15)
    at writeGeneric (node:internal/stream_base_commons:150:3)
    at Socket._writeGeneric (node:net:966:11)
    at Socket._write (node:net:978:8)
    at writeOrBuffer (node:internal/streams/writable:572:12)
    at _write (node:internal/streams/writable:501:10)
    at Writable.write (node:internal/streams/writable:510:10)
    at Framer.ondata (/root/.openclaw/workspace/node_modules/readable-stream/lib/internal/streams/readable.js:707:22)
    at Framer.emit (node:events:519:28)
    at addChunk (/root/.openclaw/workspace/node_modules/readable-stream/lib/internal/streams/readable.js:323:12) {
  errno: -32,
  code: 'EPIPE',
  syscall: 'write'
}
[patricia] Error: write EPIPE
[patricia] Disconnected
[patricia] Starting autonomous agent...
[patricia] Waiting for spawn...
[patricia] ✅ Spawned in world at (-215.55133214240234, 67, -175.5435354386788)
[patricia] Connecting to Brain at ws://localhost:8767
[patricia] ✅ Brain connected
[patricia] Brain command: registered
Error: write EPIPE
    at afterWriteDispatched (node:internal/stream_base_commons:159:15)
    at writeGeneric (node:internal/stream_base_commons:150:3)
    at Socket._writeGeneric (node:net:966:11)
    at Socket._write (node:net:978:8)
    at writeOrBuffer (node:internal/streams/writable:572:12)
    at _write (node:internal/streams/writable:501:10)
    at Writable.write (node:internal/streams/writable:510:10)
    at Framer.ondata (/root/.openclaw/workspace/node_modules/readable-stream/lib/internal/streams/readable.js:707:22)
    at Framer.emit (node:events:519:28)
    at addChunk (/root/.openclaw/workspace/node_modules/readable-stream/lib/internal/streams/readable.js:323:12) {
  errno: -32,
  code: 'EPIPE',
  syscall: 'write'
}
[patricia] Error: write EPIPE
[patricia] Disconnected
[patricia] Starting autonomous agent...
[patricia] Waiting for spawn...
[patricia] Disconnected
[patricia] Starting autonomous agent...
[patricia] Waiting for spawn...
[patricia] ✅ Spawned in world at (-210.5, 69, -173.5)
[patricia] Connecting to Brain at ws://localhost:8767
[patricia] ✅ Brain connected
[patricia] Brain command: registered
Error: write EPIPE
    at afterWriteDispatched (node:internal/stream_base_commons:159:15)
    at writeGeneric (node:internal/stream_base_commons:150:3)
    at Socket._writeGeneric (node:net:966:11)
    at Socket._write (node:net:978:8)
    at writeOrBuffer (node:internal/streams/writable:572:12)
    at _write (node:internal/streams/writable:501:10)
    at Writable.write (node:internal/streams/writable:510:10)
    at Framer.ondata (/root/.openclaw/workspace/node_modules/readable-stream/lib/internal/streams/readable.js:707:22)
    at Framer.emit (node:events:519:28)
    at addChunk (/root/.openclaw/workspace/node_modules/readable-stream/lib/internal/streams/readable.js:323:12) {
  errno: -32,
  code: 'EPIPE',
  syscall: 'write'
}
[patricia] Error: write EPIPE
[patricia] Disconnected
[patricia] Starting autonomous agent...
[patricia] Waiting for spawn...
[patricia] ✅ Spawned in world at (-213.39844812156701, 67, -167.5)
[patricia] Connecting to Brain at ws://localhost:8767
[patricia] ✅ Brain connected
[patricia] Brain command: registered
Error: write ECONNRESET
    at afterWriteDispatched (node:internal/stream_base_commons:159:15)
    at writeGeneric (node:internal/stream_base_commons:150:3)
    at Socket._writeGeneric (node:net:966:11)
    at Socket._write (node:net:978:8)
    at writeOrBuffer (node:internal/streams/writable:572:12)
    at _write (node:internal/streams/writable:501:10)
    at Writable.write (node:internal/streams/writable:510:10)
    at Framer.ondata (/root/.openclaw/workspace/node_modules/readable-stream/lib/internal/streams/readable.js:707:22)
    at Framer.emit (node:events:519:28)
    at addChunk (/root/.openclaw/workspace/node_modules/readable-stream/lib/internal/streams/readable.js:323:12) {
  errno: -104,
  code: 'ECONNRESET',
  syscall: 'write'
}
[patricia] Error: write ECONNRESET
[patricia] Disconnected
[patricia] Starting autonomous agent...
[patricia] Waiting for spawn...
[patricia] ✅ Spawned in world at (-213.39844812156701, 67, -167.5)
[patricia] Connecting to Brain at ws://localhost:8767
[patricia] ✅ Brain connected
[patricia] Brain command: registered
Error: write EPIPE
    at afterWriteDispatched (node:internal/stream_base_commons:159:15)
    at writeGeneric (node:internal/stream_base_commons:150:3)
    at Socket._writeGeneric (node:net:966:11)
    at Socket._write (node:net:978:8)
    at writeOrBuffer (node:internal/streams/writable:572:12)
    at _write (node:internal/streams/writable:501:10)
    at Writable.write (node:internal/streams/writable:510:10)
    at Framer.ondata (/root/.openclaw/workspace/node_modules/readable-stream/lib/internal/streams/readable.js:707:22)
    at Framer.emit (node:events:519:28)
    at addChunk (/root/.openclaw/workspace/node_modules/readable-stream/lib/internal/streams/readable.js:323:12) {
  errno: -32,
  code: 'EPIPE',
  syscall: 'write'
}
[patricia] Error: write EPIPE
[patricia] Disconnected
[patricia] Starting autonomous agent...
[patricia] Waiting for spawn...
[patricia] ✅ Spawned in world at (-215.5, 67, -172.5)
[patricia] Connecting to Brain at ws://localhost:8767
[patricia] ✅ Brain connected
[patricia] Brain command: registered
Error: write EPIPE
    at afterWriteDispatched (node:internal/stream_base_commons:159:15)
    at writeGeneric (node:internal/stream_base_commons:150:3)
    at Socket._writeGeneric (node:net:966:11)
    at Socket._write (node:net:978:8)
    at writeOrBuffer (node:internal/streams/writable:572:12)
    at _write (node:internal/streams/writable:501:10)
    at Writable.write (node:internal/streams/writable:510:10)
    at Framer.ondata (/root/.openclaw/workspace/node_modules/readable-stream/lib/internal/streams/readable.js:707:22)
    at Framer.emit (node:events:519:28)
    at addChunk (/root/.openclaw/workspace/node_modules/readable-stream/lib/internal/streams/readable.js:323:12) {
  errno: -32,
  code: 'EPIPE',
  syscall: 'write'
}
[patricia] Error: write EPIPE
[patricia] Disconnected
[patricia] Starting autonomous agent...
[patricia] Waiting for spawn...
[patricia] ✅ Spawned in world at (-215.50006223203692, 67, -176.3718060676629)
[patricia] Connecting to Brain at ws://localhost:8767
[patricia] ✅ Brain connected
[patricia] Brain command: registered
Error: write EPIPE
    at afterWriteDispatched (node:internal/stream_base_commons:159:15)
    at writeGeneric (node:internal/stream_base_commons:150:3)
    at Socket._writeGeneric (node:net:966:11)
    at Socket._write (node:net:978:8)
    at writeOrBuffer (node:internal/streams/writable:572:12)
    at _write (node:internal/streams/writable:501:10)
    at Writable.write (node:internal/streams/writable:510:10)
    at Framer.ondata (/root/.openclaw/workspace/node_modules/readable-stream/lib/internal/streams/readable.js:707:22)
    at Framer.emit (node:events:519:28)
    at addChunk (/root/.openclaw/workspace/node_modules/readable-stream/lib/internal/streams/readable.js:323:12) {
  errno: -32,
  code: 'EPIPE',
  syscall: 'write'
}
[patricia] Error: write EPIPE
[patricia] Disconnected
[patricia] Starting autonomous agent...
[patricia] Waiting for spawn...
[patricia] ✅ Spawned in world at (-220.5193679730775, 64, -175.6383536245878)
[patricia] Connecting to Brain at ws://localhost:8767
[patricia] ✅ Brain connected
[patricia] Brain command: registered
Error: write EPIPE
    at afterWriteDispatched (node:internal/stream_base_commons:159:15)
    at writeGeneric (node:internal/stream_base_commons:150:3)
    at Socket._writeGeneric (node:net:966:11)
    at Socket._write (node:net:978:8)
    at writeOrBuffer (node:internal/streams/writable:572:12)
    at _write (node:internal/streams/writable:501:10)
    at Writable.write (node:internal/streams/writable:510:10)
    at Framer.ondata (/root/.openclaw/workspace/node_modules/readable-stream/lib/internal/streams/readable.js:707:22)
    at Framer.emit (node:events:519:28)
    at addChunk (/root/.openclaw/workspace/node_modules/readable-stream/lib/internal/streams/readable.js:323:12) {
  errno: -32,
  code: 'EPIPE',
  syscall: 'write'
}
[patricia] Error: write EPIPE
[patricia] Disconnected
[patricia] Starting autonomous agent...
[patricia] Waiting for spawn...
[patricia] ✅ Spawned in world at (-221.49797947780712, 64, -170.5)
[patricia] Connecting to Brain at ws://localhost:8767
[patricia] ✅ Brain connected
[patricia] Brain command: registered
Error: write EPIPE
    at afterWriteDispatched (node:internal/stream_base_commons:159:15)
    at writeGeneric (node:internal/stream_base_commons:150:3)
    at Socket._writeGeneric (node:net:966:11)
    at Socket._write (node:net:978:8)
    at writeOrBuffer (node:internal/streams/writable:572:12)
    at _write (node:internal/streams/writable:501:10)
    at Writable.write (node:internal/streams/writable:510:10)
    at Framer.ondata (/root/.openclaw/workspace/node_modules/readable-stream/lib/internal/streams/readable.js:707:22)
    at Framer.emit (node:events:519:28)
    at addChunk (/root/.openclaw/workspace/node_modules/readable-stream/lib/internal/streams/readable.js:323:12) {
  errno: -32,
  code: 'EPIPE',
  syscall: 'write'
}
[patricia] Error: write EPIPE
[patricia] Disconnected
[patricia] Starting autonomous agent...
[patricia] Waiting for spawn...
[patricia] ✅ Spawned in world at (-221.49797947780712, 64, -170.5)
[patricia] Connecting to Brain at ws://localhost:8767
[patricia] ✅ Brain connected
[patricia] Brain command: registered
[patricia] Chat: chelios: Agent chelios online!
[patricia] Chat: chelios2: Agent chelios2 online!
[patricia] Starting autonomous agent...
[patricia] Waiting for spawn...
[patricia] Chat: forge: Agent forge online!
[patricia] Disconnected
[patricia] ✅ Spawned in world at (-174.5, 64, -212.4712825686174)
[patricia] Connecting to Brain at ws://localhost:8767
[patricia] ✅ Brain connected
[patricia] Brain command: registered
[patricia] Chat: aurora: Agent aurora online!
[patricia] Chat: chelios2: Agent chelios2 online!
[patricia] Chat: forge2: Agent forge2 online!
Error: client timed out after 30000 milliseconds
    at Timeout._onTimeout (/root/.openclaw/workspace/node_modules/minecraft-protocol/src/client/keepalive.js:18:28)
    at listOnTimeout (node:internal/timers:585:17)
    at process.processTimers (node:internal/timers:521:7)
[patricia] Error: client timed out after 30000 milliseconds
[patricia] Disconnected
[patricia] Starting autonomous agent...
[patricia] Waiting for spawn...
[patricia] ✅ Spawned in world at (-195.10829294062734, 62.6270740442118, -211.3450707100624)
[patricia] Connecting to Brain at ws://localhost:8767
[patricia] ✅ Brain connected
[patricia] Brain command: registered
Error: write ECONNRESET
    at afterWriteDispatched (node:internal/stream_base_commons:159:15)
    at writeGeneric (node:internal/stream_base_commons:150:3)
    at Socket._writeGeneric (node:net:966:11)
    at Socket._write (node:net:978:8)
    at writeOrBuffer (node:internal/streams/writable:572:12)
    at _write (node:internal/streams/writable:501:10)
    at Writable.write (node:internal/streams/writable:510:10)
    at Framer.ondata (/root/.openclaw/workspace/node_modules/readable-stream/lib/internal/streams/readable.js:707:22)
    at Framer.emit (node:events:519:28)
    at addChunk (/root/.openclaw/workspace/node_modules/readable-stream/lib/internal/streams/readable.js:323:12) {
  errno: -104,
  code: 'ECONNRESET',
  syscall: 'write'
}
[patricia] Error: write ECONNRESET
[patricia] Disconnected
[patricia] Starting autonomous agent...
[patricia] Waiting for spawn...
[patricia] Disconnected
[patricia] Starting autonomous agent...
[patricia] Waiting for spawn...
[patricia] Disconnected
[patricia] Starting autonomous agent...
[patricia] Waiting for spawn...
[patricia] ✅ Spawned in world at (-195.89614267827852, 59.95066151628414, -210.7842633509734)
[patricia] Connecting to Brain at ws://localhost:8767
[patricia] ✅ Brain connected
[patricia] Brain command: registered
Error: write EPIPE
    at afterWriteDispatched (node:internal/stream_base_commons:159:15)
    at writeGeneric (node:internal/stream_base_commons:150:3)
    at Socket._writeGeneric (node:net:966:11)
    at Socket._write (node:net:978:8)
    at writeOrBuffer (node:internal/streams/writable:572:12)
    at _write (node:internal/streams/writable:501:10)
    at Writable.write (node:internal/streams/writable:510:10)
    at Framer.ondata (/root/.openclaw/workspace/node_modules/readable-stream/lib/internal/streams/readable.js:707:22)
    at Framer.emit (node:events:519:28)
    at addChunk (/root/.openclaw/workspace/node_modules/readable-stream/lib/internal/streams/readable.js:323:12) {
  errno: -32,
  code: 'EPIPE',
  syscall: 'write'
}
[patricia] Error: write EPIPE
[patricia] Disconnected
[patricia] Starting autonomous agent...
[patricia] Waiting for spawn...
[patricia] ✅ Spawned in world at (-195.8712392349156, 58.255272004613396, -210.73734979813815)
[patricia] Connecting to Brain at ws://localhost:8767
[patricia] ✅ Brain connected
[patricia] Brain command: registered
Error: write EPIPE
    at afterWriteDispatched (node:internal/stream_base_commons:159:15)
    at writeGeneric (node:internal/stream_base_commons:150:3)
    at Socket._writeGeneric (node:net:966:11)
    at Socket._write (node:net:978:8)
    at writeOrBuffer (node:internal/streams/writable:572:12)
    at _write (node:internal/streams/writable:501:10)
    at Writable.write (node:internal/streams/writable:510:10)
    at Framer.ondata (/root/.openclaw/workspace/node_modules/readable-stream/lib/internal/streams/readable.js:707:22)
    at Framer.emit (node:events:519:28)
    at addChunk (/root/.openclaw/workspace/node_modules/readable-stream/lib/internal/streams/readable.js:323:12) {
  errno: -32,
  code: 'EPIPE',
  syscall: 'write'
}
[patricia] Error: write EPIPE
[patricia] Disconnected
[patricia] Starting autonomous agent...
[patricia] Waiting for spawn...
[patricia] ✅ Spawned in world at (-192.80502587240093, 61.175184466022095, -209.01668579054518)
[patricia] Connecting to Brain at ws://localhost:8767
[patricia] ✅ Brain connected
[patricia] Brain command: registered
[patricia] Chat: forge: Agent forge online!
[patricia] Starting autonomous agent...
[patricia] Waiting for spawn...
Error: write EPIPE
    at afterWriteDispatched (node:internal/stream_base_commons:159:15)
    at writeGeneric (node:internal/stream_base_commons:150:3)
    at Socket._writeGeneric (node:net:966:11)
    at Socket._write (node:net:978:8)
    at writeOrBuffer (node:internal/streams/writable:572:12)
    at _write (node:internal/streams/writable:501:10)
    at Writable.write (node:internal/streams/writable:510:10)
    at Framer.ondata (/root/.openclaw/workspace/node_modules/readable-stream/lib/internal/streams/readable.js:707:22)
    at Framer.emit (node:events:519:28)
    at addChunk (/root/.openclaw/workspace/node_modules/readable-stream/lib/internal/streams/readable.js:323:12) {
  errno: -32,
  code: 'EPIPE',
  syscall: 'write'
}
[patricia] Error: write EPIPE
[patricia] Disconnected
[patricia] ✅ Spawned in world at (-172.5, 64, -212.52976571361714)
[patricia] Connecting to Brain at ws://localhost:8767
[patricia] ✅ Brain connected
[patricia] Brain command: registered
[patricia] Chat: forge: Agent forge online!
Error: write ECONNRESET
    at afterWriteDispatched (node:internal/stream_base_commons:159:15)
    at writeGeneric (node:internal/stream_base_commons:150:3)
    at Socket._writeGeneric (node:net:966:11)
    at Socket._write (node:net:978:8)
    at writeOrBuffer (node:internal/streams/writable:572:12)
    at _write (node:internal/streams/writable:501:10)
    at Writable.write (node:internal/streams/writable:510:10)
    at Framer.ondata (/root/.openclaw/workspace/node_modules/readable-stream/lib/internal/streams/readable.js:707:22)
    at Framer.emit (node:events:519:28)
    at addChunk (/root/.openclaw/workspace/node_modules/readable-stream/lib/internal/streams/readable.js:323:12) {
  errno: -104,
  code: 'ECONNRESET',
  syscall: 'write'
}
[patricia] Error: write ECONNRESET
[patricia] Disconnected
[patricia] Starting autonomous agent...
[patricia] Waiting for spawn...
[patricia] Disconnected
[patricia] Starting autonomous agent...
[patricia] Waiting for spawn...
[patricia] ✅ Spawned in world at (-171.1787024256689, 64, -212.18085235431877)
[patricia] Connecting to Brain at ws://localhost:8767
[patricia] ✅ Brain connected
[patricia] Brain command: registered
Error: write EPIPE
    at afterWriteDispatched (node:internal/stream_base_commons:159:15)
    at writeGeneric (node:internal/stream_base_commons:150:3)
    at Socket._writeGeneric (node:net:966:11)
    at Socket._write (node:net:978:8)
    at writeOrBuffer (node:internal/streams/writable:572:12)
    at _write (node:internal/streams/writable:501:10)
    at Writable.write (node:internal/streams/writable:510:10)
    at Framer.ondata (/root/.openclaw/workspace/node_modules/readable-stream/lib/internal/streams/readable.js:707:22)
    at Framer.emit (node:events:519:28)
    at addChunk (/root/.openclaw/workspace/node_modules/readable-stream/lib/internal/streams/readable.js:323:12) {
  errno: -32,
  code: 'EPIPE',
  syscall: 'write'
}
[patricia] Error: write EPIPE
[patricia] Disconnected
[patricia] Starting autonomous agent...
[patricia] Waiting for spawn...
[patricia] ✅ Spawned in world at (-173.5, 64, -208.5)
[patricia] Connecting to Brain at ws://localhost:8767
[patricia] ✅ Brain connected
[patricia] Brain command: registered
Error: write EPIPE
    at afterWriteDispatched (node:internal/stream_base_commons:159:15)
    at writeGeneric (node:internal/stream_base_commons:150:3)
    at Socket._writeGeneric (node:net:966:11)
    at Socket._write (node:net:978:8)
    at writeOrBuffer (node:internal/streams/writable:572:12)
    at _write (node:internal/streams/writable:501:10)
    at Writable.write (node:internal/streams/writable:510:10)
    at Framer.ondata (/root/.openclaw/workspace/node_modules/readable-stream/lib/internal/streams/readable.js:707:22)
    at Framer.emit (node:events:519:28)
    at addChunk (/root/.openclaw/workspace/node_modules/readable-stream/lib/internal/streams/readable.js:323:12) {
  errno: -32,
  code: 'EPIPE',
  syscall: 'write'
}
[patricia] Error: write EPIPE
[patricia] Disconnected
[patricia] Starting autonomous agent...
[patricia] Waiting for spawn...
[patricia] ✅ Spawned in world at (-174.5, 64, -210.50635870103244)
[patricia] Connecting to Brain at ws://localhost:8767
[patricia] ✅ Brain connected
[patricia] Brain command: registered
Error: write EPIPE
    at afterWriteDispatched (node:internal/stream_base_commons:159:15)
    at writeGeneric (node:internal/stream_base_commons:150:3)
    at Socket._writeGeneric (node:net:966:11)
    at Socket._write (node:net:978:8)
    at writeOrBuffer (node:internal/streams/writable:572:12)
    at _write (node:internal/streams/writable:501:10)
    at Writable.write (node:internal/streams/writable:510:10)
    at Framer.ondata (/root/.openclaw/workspace/node_modules/readable-stream/lib/internal/streams/readable.js:707:22)
    at Framer.emit (node:events:519:28)
    at addChunk (/root/.openclaw/workspace/node_modules/readable-stream/lib/internal/streams/readable.js:323:12) {
  errno: -32,
  code: 'EPIPE',
  syscall: 'write'
}
[patricia] Error: write EPIPE
[patricia] Disconnected
[patricia] Starting autonomous agent...
[patricia] Waiting for spawn...
[patricia] ✅ Spawned in world at (-174.5, 64, -210.50635870103244)
[patricia] Connecting to Brain at ws://localhost:8767
[patricia] ✅ Brain connected
[patricia] Brain command: registered
Error: write EPIPE
    at afterWriteDispatched (node:internal/stream_base_commons:159:15)
    at writeGeneric (node:internal/stream_base_commons:150:3)
    at Socket._writeGeneric (node:net:966:11)
    at Socket._write (node:net:978:8)
    at writeOrBuffer (node:internal/streams/writable:572:12)
    at _write (node:internal/streams/writable:501:10)
    at Writable.write (node:internal/streams/writable:510:10)
    at Framer.ondata (/root/.openclaw/workspace/node_modules/readable-stream/lib/internal/streams/readable.js:707:22)
    at Framer.emit (node:events:519:28)
    at addChunk (/root/.openclaw/workspace/node_modules/readable-stream/lib/internal/streams/readable.js:323:12) {
  errno: -32,
  code: 'EPIPE',
  syscall: 'write'
}
[patricia] Error: write EPIPE
[patricia] Disconnected
[patricia] Starting autonomous agent...
[patricia] Waiting for spawn...
[patricia] ✅ Spawned in world at (-175.00353021986018, 64, -211.21517351963143)
[patricia] Connecting to Brain at ws://localhost:8767
[patricia] ✅ Brain connected
[patricia] Brain command: registered
Error: write ECONNRESET
    at afterWriteDispatched (node:internal/stream_base_commons:159:15)
    at writeGeneric (node:internal/stream_base_commons:150:3)
    at Socket._writeGeneric (node:net:966:11)
    at Socket._write (node:net:978:8)
    at writeOrBuffer (node:internal/streams/writable:572:12)
    at _write (node:internal/streams/writable:501:10)
    at Writable.write (node:internal/streams/writable:510:10)
    at Framer.ondata (/root/.openclaw/workspace/node_modules/readable-stream/lib/internal/streams/readable.js:707:22)
    at Framer.emit (node:events:519:28)
    at addChunk (/root/.openclaw/workspace/node_modules/readable-stream/lib/internal/streams/readable.js:323:12) {
  errno: -104,
  code: 'ECONNRESET',
  syscall: 'write'
}
[patricia] Error: write ECONNRESET
[patricia] Disconnected
[patricia] Starting autonomous agent...
[patricia] Waiting for spawn...
[patricia] ✅ Spawned in world at (-175.00353021986018, 64, -211.21517351963143)
[patricia] Connecting to Brain at ws://localhost:8767
[patricia] Chat: forge: Agent forge online!
[patricia] ✅ Brain connected
[patricia] Brain command: registered
Error: write EPIPE
    at afterWriteDispatched (node:internal/stream_base_commons:159:15)
    at writeGeneric (node:internal/stream_base_commons:150:3)
    at Socket._writeGeneric (node:net:966:11)
    at Socket._write (node:net:978:8)
    at writeOrBuffer (node:internal/streams/writable:572:12)
    at _write (node:internal/streams/writable:501:10)
    at Writable.write (node:internal/streams/writable:510:10)
    at Framer.ondata (/root/.openclaw/workspace/node_modules/readable-stream/lib/internal/streams/readable.js:707:22)
    at Framer.emit (node:events:519:28)
    at addChunk (/root/.openclaw/workspace/node_modules/readable-stream/lib/internal/streams/readable.js:323:12) {
  errno: -32,
  code: 'EPIPE',
  syscall: 'write'
}
[patricia] Error: write EPIPE
[patricia] Disconnected
[patricia] Starting autonomous agent...
[patricia] Waiting for spawn...
[patricia] ✅ Spawned in world at (-175.5, 64, -211.5)
[patricia] Connecting to Brain at ws://localhost:8767
[patricia] ✅ Brain connected
[patricia] Brain command: registered
[patricia] Chat: forge: Agent forge online!
[patricia] Chat: chelios: Agent chelios online!
Error: write EPIPE
    at afterWriteDispatched (node:internal/stream_base_commons:159:15)
    at writeGeneric (node:internal/stream_base_commons:150:3)
    at Socket._writeGeneric (node:net:966:11)
    at Socket._write (node:net:978:8)
    at writeOrBuffer (node:internal/streams/writable:572:12)
    at _write (node:internal/streams/writable:501:10)
    at Writable.write (node:internal/streams/writable:510:10)
    at Framer.ondata (/root/.openclaw/workspace/node_modules/readable-stream/lib/internal/streams/readable.js:707:22)
    at Framer.emit (node:events:519:28)
    at addChunk (/root/.openclaw/workspace/node_modules/readable-stream/lib/internal/streams/readable.js:323:12) {
  errno: -32,
  code: 'EPIPE',
  syscall: 'write'
}
[patricia] Error: write EPIPE
[patricia] Disconnected
[patricia] Starting autonomous agent...
[patricia] Waiting for spawn...
[patricia] Chat: chelios2: Agent chelios2 online!
[patricia] ✅ Spawned in world at (-174.90084433106557, 64, -210.90126375487984)
[patricia] Connecting to Brain at ws://localhost:8767
[patricia] ✅ Brain connected
[patricia] Brain command: registered
Error: write EPIPE
    at afterWriteDispatched (node:internal/stream_base_commons:159:15)
    at writeGeneric (node:internal/stream_base_commons:150:3)
    at Socket._writeGeneric (node:net:966:11)
    at Socket._write (node:net:978:8)
    at writeOrBuffer (node:internal/streams/writable:572:12)
    at _write (node:internal/streams/writable:501:10)
    at Writable.write (node:internal/streams/writable:510:10)
    at Framer.ondata (/root/.openclaw/workspace/node_modules/readable-stream/lib/internal/streams/readable.js:707:22)
    at Framer.emit (node:events:519:28)
    at addChunk (/root/.openclaw/workspace/node_modules/readable-stream/lib/internal/streams/readable.js:323:12) {
  errno: -32,
  code: 'EPIPE',
  syscall: 'write'
}
[patricia] Error: write EPIPE
[patricia] Disconnected
[patricia] Starting autonomous agent...
[patricia] Waiting for spawn...
[patricia] ✅ Spawned in world at (-174.90084433106557, 64, -210.90126375487984)
[patricia] Connecting to Brain at ws://localhost:8767
[patricia] ✅ Brain connected
[patricia] Brain command: registered
Error: write EPIPE
    at afterWriteDispatched (node:internal/stream_base_commons:159:15)
    at writeGeneric (node:internal/stream_base_commons:150:3)
    at Socket._writeGeneric (node:net:966:11)
    at Socket._write (node:net:978:8)
    at writeOrBuffer (node:internal/streams/writable:572:12)
    at _write (node:internal/streams/writable:501:10)
    at Writable.write (node:internal/streams/writable:510:10)
    at Framer.ondata (/root/.openclaw/workspace/node_modules/readable-stream/lib/internal/streams/readable.js:707:22)
    at Framer.emit (node:events:519:28)
    at addChunk (/root/.openclaw/workspace/node_modules/readable-stream/lib/internal/streams/readable.js:323:12) {
  errno: -32,
  code: 'EPIPE',
  syscall: 'write'
}
[patricia] Error: write EPIPE
[patricia] Disconnected
[patricia] Starting autonomous agent...
[patricia] Waiting for spawn...
[patricia] ✅ Spawned in world at (-174.83804852152275, 64.42301624839602, -210.20518961450006)
[patricia] Connecting to Brain at ws://localhost:8767
[patricia] ✅ Brain connected
[patricia] Brain command: registered
Error: write EPIPE
    at afterWriteDispatched (node:internal/stream_base_commons:159:15)
    at writeGeneric (node:internal/stream_base_commons:150:3)
    at Socket._writeGeneric (node:net:966:11)
    at Socket._write (node:net:978:8)
    at writeOrBuffer (node:internal/streams/writable:572:12)
    at _write (node:internal/streams/writable:501:10)
    at Writable.write (node:internal/streams/writable:510:10)
    at Framer.ondata (/root/.openclaw/workspace/node_modules/readable-stream/lib/internal/streams/readable.js:707:22)
    at Framer.emit (node:events:519:28)
    at addChunk (/root/.openclaw/workspace/node_modules/readable-stream/lib/internal/streams/readable.js:323:12) {
  errno: -32,
  code: 'EPIPE',
  syscall: 'write'
}
[patricia] Error: write EPIPE
[patricia] Disconnected
[patricia] Starting autonomous agent...
[patricia] Waiting for spawn...
[patricia] ✅ Spawned in world at (-174.83804852152275, 64, -210.20518961450006)
[patricia] Connecting to Brain at ws://localhost:8767
[patricia] ✅ Brain connected
[patricia] Brain command: registered
Error: write EPIPE
    at afterWriteDispatched (node:internal/stream_base_commons:159:15)
    at writeGeneric (node:internal/stream_base_commons:150:3)
    at Socket._writeGeneric (node:net:966:11)
    at Socket._write (node:net:978:8)
    at writeOrBuffer (node:internal/streams/writable:572:12)
    at _write (node:internal/streams/writable:501:10)
    at Writable.write (node:internal/streams/writable:510:10)
    at Framer.ondata (/root/.openclaw/workspace/node_modules/readable-stream/lib/internal/streams/readable.js:707:22)
    at Framer.emit (node:events:519:28)
    at addChunk (/root/.openclaw/workspace/node_modules/readable-stream/lib/internal/streams/readable.js:323:12) {
  errno: -32,
  code: 'EPIPE',
  syscall: 'write'
}
[patricia] Error: write EPIPE
[patricia] Disconnected
[patricia] Starting autonomous agent...
[patricia] Waiting for spawn...
[patricia] Disconnected
[patricia] Starting autonomous agent...
[patricia] Waiting for spawn...
[patricia] ✅ Spawned in world at (-174.8169392680757, 64.60086479367065, -209.9711993919962)
[patricia] Connecting to Brain at ws://localhost:8767
[patricia] ✅ Brain connected
[patricia] Brain command: registered
[patricia] Chat: aurora: Agent aurora online!
[patricia] Chat: forge2: Agent forge2 online!
Error: client timed out after 30000 milliseconds
    at Timeout._onTimeout (/root/.openclaw/workspace/node_modules/minecraft-protocol/src/client/keepalive.js:18:28)
    at listOnTimeout (node:internal/timers:585:17)
    at process.processTimers (node:internal/timers:521:7)
[patricia] Error: client timed out after 30000 milliseconds
[patricia] Disconnected
[patricia] Starting autonomous agent...
[patricia] Waiting for spawn...
[patricia] ✅ Spawned in world at (-176.5, 66, -197.51456367874704)
[patricia] Connecting to Brain at ws://localhost:8767
[patricia] ✅ Brain connected
[patricia] Brain command: registered
Error: write EPIPE
    at afterWriteDispatched (node:internal/stream_base_commons:159:15)
    at writeGeneric (node:internal/stream_base_commons:150:3)
    at Socket._writeGeneric (node:net:966:11)
    at Socket._write (node:net:978:8)
    at writeOrBuffer (node:internal/streams/writable:572:12)
    at _write (node:internal/streams/writable:501:10)
    at Writable.write (node:internal/streams/writable:510:10)
    at Framer.ondata (/root/.openclaw/workspace/node_modules/readable-stream/lib/internal/streams/readable.js:707:22)
    at Framer.emit (node:events:519:28)
    at addChunk (/root/.openclaw/workspace/node_modules/readable-stream/lib/internal/streams/readable.js:323:12) {
  errno: -32,
  code: 'EPIPE',
  syscall: 'write'
}
[patricia] Error: write EPIPE
[patricia] Disconnected
[patricia] Starting autonomous agent...
[patricia] Waiting for spawn...
[patricia] Disconnected
[patricia] Starting autonomous agent...
[patricia] Waiting for spawn...
[patricia] ✅ Spawned in world at (-176.5, 66, -197.51456367874704)
[patricia] Connecting to Brain at ws://localhost:8767
[patricia] ✅ Brain connected
[patricia] Brain command: registered
Error: write EPIPE
    at afterWriteDispatched (node:internal/stream_base_commons:159:15)
    at writeGeneric (node:internal/stream_base_commons:150:3)
    at Socket._writeGeneric (node:net:966:11)
    at Socket._write (node:net:978:8)
    at writeOrBuffer (node:internal/streams/writable:572:12)
    at _write (node:internal/streams/writable:501:10)
    at Writable.write (node:internal/streams/writable:510:10)
    at Framer.ondata (/root/.openclaw/workspace/node_modules/readable-stream/lib/internal/streams/readable.js:707:22)
    at Framer.emit (node:events:519:28)
    at addChunk (/root/.openclaw/workspace/node_modules/readable-stream/lib/internal/streams/readable.js:323:12) {
  errno: -32,
  code: 'EPIPE',
  syscall: 'write'
}
[patricia] Error: write EPIPE
[patricia] Disconnected
[patricia] Starting autonomous agent...
[patricia] Waiting for spawn...
[patricia] ✅ Spawned in world at (-176.4998826881103, 66, -198.32954176373738)
[patricia] Connecting to Brain at ws://localhost:8767
[patricia] ✅ Brain connected
[patricia] Brain command: registered
Error: write EPIPE
    at afterWriteDispatched (node:internal/stream_base_commons:159:15)
    at writeGeneric (node:internal/stream_base_commons:150:3)
    at Socket._writeGeneric (node:net:966:11)
    at Socket._write (node:net:978:8)
    at writeOrBuffer (node:internal/streams/writable:572:12)
    at _write (node:internal/streams/writable:501:10)
    at Writable.write (node:internal/streams/writable:510:10)
    at Framer.ondata (/root/.openclaw/workspace/node_modules/readable-stream/lib/internal/streams/readable.js:707:22)
    at Framer.emit (node:events:519:28)
    at addChunk (/root/.openclaw/workspace/node_modules/readable-stream/lib/internal/streams/readable.js:323:12) {
  errno: -32,
  code: 'EPIPE',
  syscall: 'write'
}
[patricia] Error: write EPIPE
[patricia] Disconnected
[patricia] Starting autonomous agent...
[patricia] Waiting for spawn...
[patricia] ✅ Spawned in world at (-176.3, 66, -198.05394339455427)
[patricia] Connecting to Brain at ws://localhost:8767
[patricia] ✅ Brain connected
[patricia] Brain command: registered
Error: write ECONNRESET
    at afterWriteDispatched (node:internal/stream_base_commons:159:15)
    at writeGeneric (node:internal/stream_base_commons:150:3)
    at Socket._writeGeneric (node:net:966:11)
    at Socket._write (node:net:978:8)
    at writeOrBuffer (node:internal/streams/writable:572:12)
    at _write (node:internal/streams/writable:501:10)
    at Writable.write (node:internal/streams/writable:510:10)
    at Framer.ondata (/root/.openclaw/workspace/node_modules/readable-stream/lib/internal/streams/readable.js:707:22)
    at Framer.emit (node:events:519:28)
    at addChunk (/root/.openclaw/workspace/node_modules/readable-stream/lib/internal/streams/readable.js:323:12) {
  errno: -104,
  code: 'ECONNRESET',
  syscall: 'write'
}
[patricia] Error: write ECONNRESET
[patricia] Disconnected
[patricia] Starting autonomous agent...
[patricia] Waiting for spawn...
[patricia] ✅ Spawned in world at (-176.3, 66, -198.05394339455427)
[patricia] Connecting to Brain at ws://localhost:8767
[patricia] ✅ Brain connected
[patricia] Brain command: registered
Error: write EPIPE
    at afterWriteDispatched (node:internal/stream_base_commons:159:15)
    at writeGeneric (node:internal/stream_base_commons:150:3)
    at Socket._writeGeneric (node:net:966:11)
    at Socket._write (node:net:978:8)
    at writeOrBuffer (node:internal/streams/writable:572:12)
    at _write (node:internal/streams/writable:501:10)
    at Writable.write (node:internal/streams/writable:510:10)
    at Framer.ondata (/root/.openclaw/workspace/node_modules/readable-stream/lib/internal/streams/readable.js:707:22)
    at Framer.emit (node:events:519:28)
    at addChunk (/root/.openclaw/workspace/node_modules/readable-stream/lib/internal/streams/readable.js:323:12) {
  errno: -32,
  code: 'EPIPE',
  syscall: 'write'
}
[patricia] Error: write EPIPE
[patricia] Disconnected
[patricia] Starting autonomous agent...
[patricia] Waiting for spawn...
[patricia] ✅ Spawned in world at (-176.4833302068926, 66, -196.68830162898442)
[patricia] Connecting to Brain at ws://localhost:8767
[patricia] Chat: forge: Agent forge online!
[patricia] ✅ Brain connected
[patricia] Brain command: registered
Error: write EPIPE
    at afterWriteDispatched (node:internal/stream_base_commons:159:15)
    at writeGeneric (node:internal/stream_base_commons:150:3)
    at Socket._writeGeneric (node:net:966:11)
    at Socket._write (node:net:978:8)
    at writeOrBuffer (node:internal/streams/writable:572:12)
    at _write (node:internal/streams/writable:501:10)
    at Writable.write (node:internal/streams/writable:510:10)
    at Framer.ondata (/root/.openclaw/workspace/node_modules/readable-stream/lib/internal/streams/readable.js:707:22)
    at Framer.emit (node:events:519:28)
    at addChunk (/root/.openclaw/workspace/node_modules/readable-stream/lib/internal/streams/readable.js:323:12) {
  errno: -32,
  code: 'EPIPE',
  syscall: 'write'
}
[patricia] Error: write EPIPE
[patricia] Disconnected
[patricia] Starting autonomous agent...
[patricia] Waiting for spawn...
[patricia] Chat: forge: Agent forge online!
[patricia] ✅ Spawned in world at (-176.4972345538562, 66, -194.5)
[patricia] Connecting to Brain at ws://localhost:8767
[patricia] ✅ Brain connected
[patricia] Brain command: registered
[patricia] Chat: chelios: Agent chelios online!
[patricia] Chat: aurora: Agent aurora online!
[patricia] Starting autonomous agent...
[patricia] Waiting for spawn...
[patricia] Chat: forge: Agent forge online!
Error: write EPIPE
    at afterWriteDispatched (node:internal/stream_base_commons:159:15)
    at writeGeneric (node:internal/stream_base_commons:150:3)
    at Socket._writeGeneric (node:net:966:11)
    at Socket._write (node:net:978:8)
    at writeOrBuffer (node:internal/streams/writable:572:12)
    at _write (node:internal/streams/writable:501:10)
    at Writable.write (node:internal/streams/writable:510:10)
    at Framer.ondata (/root/.openclaw/workspace/node_modules/readable-stream/lib/internal/streams/readable.js:707:22)
    at Framer.emit (node:events:519:28)
    at addChunk (/root/.openclaw/workspace/node_modules/readable-stream/lib/internal/streams/readable.js:323:12) {
  errno: -32,
  code: 'EPIPE',
  syscall: 'write'
}
[patricia] Error: write EPIPE
[patricia] Disconnected
[patricia] ✅ Spawned in world at (-194.90973853093107, 70, -198.05912335742497)
[patricia] Connecting to Brain at ws://localhost:8767
[patricia] ✅ Brain connected
[patricia] Brain command: registered
[patricia] Chat: chelios: Agent chelios online!
[patricia] Disconnected
[patricia] Starting autonomous agent...
[patricia] Waiting for spawn...
[patricia] ✅ Spawned in world at (-195.50172789479277, 68, -204.5)
[patricia] Connecting to Brain at ws://localhost:8767
[patricia] ✅ Brain connected
[patricia] Brain command: registered
Error: write EPIPE
    at afterWriteDispatched (node:internal/stream_base_commons:159:15)
    at writeGeneric (node:internal/stream_base_commons:150:3)
    at Socket._writeGeneric (node:net:966:11)
    at Socket._write (node:net:978:8)
    at writeOrBuffer (node:internal/streams/writable:572:12)
    at _write (node:internal/streams/writable:501:10)
    at Writable.write (node:internal/streams/writable:510:10)
    at Framer.ondata (/root/.openclaw/workspace/node_modules/readable-stream/lib/internal/streams/readable.js:707:22)
    at Framer.emit (node:events:519:28)
    at addChunk (/root/.openclaw/workspace/node_modules/readable-stream/lib/internal/streams/readable.js:323:12) {
  errno: -32,
  code: 'EPIPE',
  syscall: 'write'
}
[patricia] Error: write EPIPE
[patricia] Disconnected
[patricia] Starting autonomous agent...
[patricia] Waiting for spawn...
[patricia] ✅ Spawned in world at (-189.69686910374878, 70, -196.6824878959983)
[patricia] Connecting to Brain at ws://localhost:8767
[patricia] ✅ Brain connected
[patricia] Brain command: registered
[patricia] Chat: forge: Agent forge online!
Error: write EPIPE
    at afterWriteDispatched (node:internal/stream_base_commons:159:15)
    at writeGeneric (node:internal/stream_base_commons:150:3)
    at Socket._writeGeneric (node:net:966:11)
    at Socket._write (node:net:978:8)
    at writeOrBuffer (node:internal/streams/writable:572:12)
    at _write (node:internal/streams/writable:501:10)
    at Writable.write (node:internal/streams/writable:510:10)
    at Framer.ondata (/root/.openclaw/workspace/node_modules/readable-stream/lib/internal/streams/readable.js:707:22)
    at Framer.emit (node:events:519:28)
    at addChunk (/root/.openclaw/workspace/node_modules/readable-stream/lib/internal/streams/readable.js:323:12) {
  errno: -32,
  code: 'EPIPE',
  syscall: 'write'
}
[patricia] Error: write EPIPE
[patricia] Disconnected
[patricia] Starting autonomous agent...
[patricia] Waiting for spawn...
[patricia] Disconnected
[patricia] Starting autonomous agent...
[patricia] Waiting for spawn...
[patricia] ✅ Spawned in world at (-186.6883993611198, 70, -198.3743667988032)
[patricia] Connecting to Brain at ws://localhost:8767
[patricia] ✅ Brain connected
[patricia] Brain command: registered
Error: write EPIPE
    at afterWriteDispatched (node:internal/stream_base_commons:159:15)
    at writeGeneric (node:internal/stream_base_commons:150:3)
    at Socket._writeGeneric (node:net:966:11)
    at Socket._write (node:net:978:8)
    at writeOrBuffer (node:internal/streams/writable:572:12)
    at _write (node:internal/streams/writable:501:10)
    at Writable.write (node:internal/streams/writable:510:10)
    at Framer.ondata (/root/.openclaw/workspace/node_modules/readable-stream/lib/internal/streams/readable.js:707:22)
    at Framer.emit (node:events:519:28)
    at addChunk (/root/.openclaw/workspace/node_modules/readable-stream/lib/internal/streams/readable.js:323:12) {
  errno: -32,
  code: 'EPIPE',
  syscall: 'write'
}
[patricia] Error: write EPIPE
[patricia] Disconnected
[patricia] Starting autonomous agent...
[patricia] Waiting for spawn...
[patricia] ✅ Spawned in world at (-183.44606243101455, 70, -202.30560609514544)
[patricia] Connecting to Brain at ws://localhost:8767
[patricia] ✅ Brain connected
[patricia] Brain command: registered
[patricia] Chat: forge: Agent forge online!
[patricia] Chat: chelios: Agent chelios online!
[patricia] Chat: aurora: Agent aurora online!
[patricia] Chat: patricia2: Agent patricia2 online!
[patricia] Chat: chelios2: Agent chelios2 online!
[patricia] Chat: forge2: Agent forge2 online!
Error: client timed out after 30000 milliseconds
    at Timeout._onTimeout (/root/.openclaw/workspace/node_modules/minecraft-protocol/src/client/keepalive.js:18:28)
    at listOnTimeout (node:internal/timers:585:17)
    at process.processTimers (node:internal/timers:521:7)
[patricia] Error: client timed out after 30000 milliseconds
[patricia] Disconnected
[patricia] Starting autonomous agent...
[patricia] Waiting for spawn...
[patricia] ✅ Spawned in world at (-203.5, 47, -178.5037671832634)
[patricia] Connecting to Brain at ws://localhost:8767
[patricia] ✅ Brain connected
[patricia] Brain command: registered
Error: write EPIPE
    at afterWriteDispatched (node:internal/stream_base_commons:159:15)
    at writeGeneric (node:internal/stream_base_commons:150:3)
    at Socket._writeGeneric (node:net:966:11)
    at Socket._write (node:net:978:8)
    at writeOrBuffer (node:internal/streams/writable:572:12)
    at _write (node:internal/streams/writable:501:10)
    at Writable.write (node:internal/streams/writable:510:10)
    at Framer.ondata (/root/.openclaw/workspace/node_modules/readable-stream/lib/internal/streams/readable.js:707:22)
    at Framer.emit (node:events:519:28)
    at addChunk (/root/.openclaw/workspace/node_modules/readable-stream/lib/internal/streams/readable.js:323:12) {
  errno: -32,
  code: 'EPIPE',
  syscall: 'write'
}
[patricia] Error: write EPIPE
[patricia] Disconnected
[patricia] Starting autonomous agent...
[patricia] Waiting for spawn...
[patricia] Disconnected
[patricia] Starting autonomous agent...
[patricia] Waiting for spawn...
[patricia] ✅ Spawned in world at (-211.518567744272, 44, -180.3226815750552)
[patricia] Connecting to Brain at ws://localhost:8767
[patricia] ✅ Brain connected
[patricia] Brain command: registered
Error: write ECONNRESET
    at afterWriteDispatched (node:internal/stream_base_commons:159:15)
    at writeGeneric (node:internal/stream_base_commons:150:3)
    at Socket._writeGeneric (node:net:966:11)
    at Socket._write (node:net:978:8)
    at writeOrBuffer (node:internal/streams/writable:572:12)
    at _write (node:internal/streams/writable:501:10)
    at Writable.write (node:internal/streams/writable:510:10)
    at Framer.ondata (/root/.openclaw/workspace/node_modules/readable-stream/lib/internal/streams/readable.js:707:22)
    at Framer.emit (node:events:519:28)
    at addChunk (/root/.openclaw/workspace/node_modules/readable-stream/lib/internal/streams/readable.js:323:12) {
  errno: -104,
  code: 'ECONNRESET',
  syscall: 'write'
}
[patricia] Error: write ECONNRESET
[patricia] Disconnected
[patricia] Starting autonomous agent...
[patricia] Waiting for spawn...
[patricia] ✅ Spawned in world at (-216.98127169119866, 42, -175.49931586046196)
[patricia] Connecting to Brain at ws://localhost:8767
[patricia] ✅ Brain connected
Error: write EPIPE
    at afterWriteDispatched (node:internal/stream_base_commons:159:15)
    at writeGeneric (node:internal/stream_base_commons:150:3)
    at Socket._writeGeneric (node:net:966:11)
    at Socket._write (node:net:978:8)
    at writeOrBuffer (node:internal/streams/writable:572:12)
    at _write (node:internal/streams/writable:501:10)
    at Writable.write (node:internal/streams/writable:510:10)
    at Framer.ondata (/root/.openclaw/workspace/node_modules/readable-stream/lib/internal/streams/readable.js:707:22)
    at Framer.emit (node:events:519:28)
    at addChunk (/root/.openclaw/workspace/node_modules/readable-stream/lib/internal/streams/readable.js:323:12) {
  errno: -32,
  code: 'EPIPE',
  syscall: 'write'
}
[patricia] Error: write EPIPE
[patricia] Disconnected
[patricia] Starting autonomous agent...
[patricia] Waiting for spawn...
[patricia] ✅ Spawned in world at (-216.98127169119866, 42, -175.49931586046196)
[patricia] Connecting to Brain at ws://localhost:8767
[patricia] ✅ Brain connected
[patricia] Brain command: registered
Error: write EPIPE
    at afterWriteDispatched (node:internal/stream_base_commons:159:15)
    at writeGeneric (node:internal/stream_base_commons:150:3)
    at Socket._writeGeneric (node:net:966:11)
    at Socket._write (node:net:978:8)
    at writeOrBuffer (node:internal/streams/writable:572:12)
    at _write (node:internal/streams/writable:501:10)
    at Writable.write (node:internal/streams/writable:510:10)
    at Framer.ondata (/root/.openclaw/workspace/node_modules/readable-stream/lib/internal/streams/readable.js:707:22)
    at Framer.emit (node:events:519:28)
    at addChunk (/root/.openclaw/workspace/node_modules/readable-stream/lib/internal/streams/readable.js:323:12) {
  errno: -32,
  code: 'EPIPE',
  syscall: 'write'
}
[patricia] Error: write EPIPE
[patricia] Disconnected
[patricia] Starting autonomous agent...
[patricia] Waiting for spawn...
[patricia] ✅ Spawned in world at (-213.5, 42, -179.49911942600747)
[patricia] Connecting to Brain at ws://localhost:8767
[patricia] ✅ Brain connected
[patricia] Brain command: registered
Error: write EPIPE
    at afterWriteDispatched (node:internal/stream_base_commons:159:15)
    at writeGeneric (node:internal/stream_base_commons:150:3)
    at Socket._writeGeneric (node:net:966:11)
    at Socket._write (node:net:978:8)
    at writeOrBuffer (node:internal/streams/writable:572:12)
    at _write (node:internal/streams/writable:501:10)
    at Writable.write (node:internal/streams/writable:510:10)
    at Framer.ondata (/root/.openclaw/workspace/node_modules/readable-stream/lib/internal/streams/readable.js:707:22)
    at Framer.emit (node:events:519:28)
    at addChunk (/root/.openclaw/workspace/node_modules/readable-stream/lib/internal/streams/readable.js:323:12) {
  errno: -32,
  code: 'EPIPE',
  syscall: 'write'
}
[patricia] Error: write EPIPE
[patricia] Disconnected
[patricia] Starting autonomous agent...
[patricia] Waiting for spawn...
[patricia] ✅ Spawned in world at (-220.51493576198536, 42, -179.5)
[patricia] Connecting to Brain at ws://localhost:8767
[patricia] ✅ Brain connected
[patricia] Brain command: registered
Error: write EPIPE
    at afterWriteDispatched (node:internal/stream_base_commons:159:15)
    at writeGeneric (node:internal/stream_base_commons:150:3)
    at Socket._writeGeneric (node:net:966:11)
    at Socket._write (node:net:978:8)
    at writeOrBuffer (node:internal/streams/writable:572:12)
    at _write (node:internal/streams/writable:501:10)
    at Writable.write (node:internal/streams/writable:510:10)
    at Framer.ondata (/root/.openclaw/workspace/node_modules/readable-stream/lib/internal/streams/readable.js:707:22)
    at Framer.emit (node:events:519:28)
    at addChunk (/root/.openclaw/workspace/node_modules/readable-stream/lib/internal/streams/readable.js:323:12) {
  errno: -32,
  code: 'EPIPE',
  syscall: 'write'
}
[patricia] Error: write EPIPE
[patricia] Disconnected
[patricia] Starting autonomous agent...
[patricia] Waiting for spawn...
[patricia] ✅ Spawned in world at (-220.51493576198536, 42, -179.5)
[patricia] Connecting to Brain at ws://localhost:8767
[patricia] ✅ Brain connected
[patricia] Brain command: registered
[patricia] Chat: forge: Agent forge online!
Error: write EPIPE
    at afterWriteDispatched (node:internal/stream_base_commons:159:15)
    at writeGeneric (node:internal/stream_base_commons:150:3)
    at Socket._writeGeneric (node:net:966:11)
    at Socket._write (node:net:978:8)
    at writeOrBuffer (node:internal/streams/writable:572:12)
    at _write (node:internal/streams/writable:501:10)
    at Writable.write (node:internal/streams/writable:510:10)
    at Framer.ondata (/root/.openclaw/workspace/node_modules/readable-stream/lib/internal/streams/readable.js:707:22)
    at Framer.emit (node:events:519:28)
    at addChunk (/root/.openclaw/workspace/node_modules/readable-stream/lib/internal/streams/readable.js:323:12) {
  errno: -32,
  code: 'EPIPE',
  syscall: 'write'
}
[patricia] Error: write EPIPE
[patricia] Disconnected
[patricia] Starting autonomous agent...
[patricia] Waiting for spawn...
[patricia] Disconnected
[patricia] Starting autonomous agent...
[patricia] Waiting for spawn...
[patricia] ✅ Spawned in world at (-217.50039339920738, 42, -169.5)
[patricia] Connecting to Brain at ws://localhost:8767
[patricia] ✅ Brain connected
[patricia] Brain command: registered
Error: write EPIPE
    at afterWriteDispatched (node:internal/stream_base_commons:159:15)
    at writeGeneric (node:internal/stream_base_commons:150:3)
    at Socket._writeGeneric (node:net:966:11)
    at Socket._write (node:net:978:8)
    at writeOrBuffer (node:internal/streams/writable:572:12)
    at _write (node:internal/streams/writable:501:10)
    at Writable.write (node:internal/streams/writable:510:10)
    at Framer.ondata (/root/.openclaw/workspace/node_modules/readable-stream/lib/internal/streams/readable.js:707:22)
    at Framer.emit (node:events:519:28)
    at addChunk (/root/.openclaw/workspace/node_modules/readable-stream/lib/internal/streams/readable.js:323:12) {
  errno: -32,
  code: 'EPIPE',
  syscall: 'write'
}
[patricia] Error: write EPIPE
[patricia] Disconnected
[patricia] Starting autonomous agent...
[patricia] Waiting for spawn...
[patricia] ✅ Spawned in world at (-216.48225023709068, 42, -167.5)
[patricia] Connecting to Brain at ws://localhost:8767
[patricia] ✅ Brain connected
[patricia] Brain command: registered
Error: write EPIPE
    at afterWriteDispatched (node:internal/stream_base_commons:159:15)
    at writeGeneric (node:internal/stream_base_commons:150:3)
    at Socket._writeGeneric (node:net:966:11)
    at Socket._write (node:net:978:8)
    at writeOrBuffer (node:internal/streams/writable:572:12)
    at _write (node:internal/streams/writable:501:10)
    at Writable.write (node:internal/streams/writable:510:10)
    at Framer.ondata (/root/.openclaw/workspace/node_modules/readable-stream/lib/internal/streams/readable.js:707:22)
    at Framer.emit (node:events:519:28)
    at addChunk (/root/.openclaw/workspace/node_modules/readable-stream/lib/internal/streams/readable.js:323:12) {
  errno: -32,
  code: 'EPIPE',
  syscall: 'write'
}
[patricia] Error: write EPIPE
[patricia] Disconnected
[patricia] Starting autonomous agent...
[patricia] Waiting for spawn...
[patricia] ✅ Spawned in world at (-215.5, 42, -166.46681668117603)
[patricia] Connecting to Brain at ws://localhost:8767
[patricia] ✅ Brain connected
[patricia] Brain command: registered
Error: write EPIPE
    at afterWriteDispatched (node:internal/stream_base_commons:159:15)
    at writeGeneric (node:internal/stream_base_commons:150:3)
    at Socket._writeGeneric (node:net:966:11)
    at Socket._write (node:net:978:8)
    at writeOrBuffer (node:internal/streams/writable:572:12)
    at _write (node:internal/streams/writable:501:10)
    at Writable.write (node:internal/streams/writable:510:10)
    at Framer.ondata (/root/.openclaw/workspace/node_modules/readable-stream/lib/internal/streams/readable.js:707:22)
    at Framer.emit (node:events:519:28)
    at addChunk (/root/.openclaw/workspace/node_modules/readable-stream/lib/internal/streams/readable.js:323:12) {
  errno: -32,
  code: 'EPIPE',
  syscall: 'write'
}
[patricia] Error: write EPIPE
[patricia] Disconnected
[patricia] Starting autonomous agent...
[patricia] Waiting for spawn...
[patricia] ✅ Spawned in world at (-216.46538358004568, 42, -165.6848168644769)
[patricia] Connecting to Brain at ws://localhost:8767
[patricia] ✅ Brain connected
[patricia] Brain command: registered
Error: write EPIPE
    at afterWriteDispatched (node:internal/stream_base_commons:159:15)
    at writeGeneric (node:internal/stream_base_commons:150:3)
    at Socket._writeGeneric (node:net:966:11)
    at Socket._write (node:net:978:8)
    at writeOrBuffer (node:internal/streams/writable:572:12)
    at _write (node:internal/streams/writable:501:10)
    at Writable.write (node:internal/streams/writable:510:10)
    at Framer.ondata (/root/.openclaw/workspace/node_modules/readable-stream/lib/internal/streams/readable.js:707:22)
    at Framer.emit (node:events:519:28)
    at addChunk (/root/.openclaw/workspace/node_modules/readable-stream/lib/internal/streams/readable.js:323:12) {
  errno: -32,
  code: 'EPIPE',
  syscall: 'write'
}
[patricia] Error: write EPIPE
[patricia] Disconnected
[patricia] Starting autonomous agent...
[patricia] Waiting for spawn...
[patricia] ✅ Spawned in world at (-217.62729044523584, 42, -165.53586578475017)
[patricia] Connecting to Brain at ws://localhost:8767
[patricia] ✅ Brain connected
[patricia] Brain command: registered
Error: write EPIPE
    at afterWriteDispatched (node:internal/stream_base_commons:159:15)
    at writeGeneric (node:internal/stream_base_commons:150:3)
    at Socket._writeGeneric (node:net:966:11)
    at Socket._write (node:net:978:8)
    at writeOrBuffer (node:internal/streams/writable:572:12)
    at _write (node:internal/streams/writable:501:10)
    at Writable.write (node:internal/streams/writable:510:10)
    at Framer.ondata (/root/.openclaw/workspace/node_modules/readable-stream/lib/internal/streams/readable.js:707:22)
    at Framer.emit (node:events:519:28)
    at addChunk (/root/.openclaw/workspace/node_modules/readable-stream/lib/internal/streams/readable.js:323:12) {
  errno: -32,
  code: 'EPIPE',
  syscall: 'write'
}
[patricia] Error: write EPIPE
[patricia] Disconnected
[patricia] Starting autonomous agent...
[patricia] Waiting for spawn...
[patricia] ✅ Spawned in world at (-217.5275907541484, 42, -164.5)
[patricia] Connecting to Brain at ws://localhost:8767
[patricia] ✅ Brain connected
[patricia] Brain command: registered
Error: write EPIPE
    at afterWriteDispatched (node:internal/stream_base_commons:159:15)
    at writeGeneric (node:internal/stream_base_commons:150:3)
    at Socket._writeGeneric (node:net:966:11)
    at Socket._write (node:net:978:8)
    at writeOrBuffer (node:internal/streams/writable:572:12)
    at _write (node:internal/streams/writable:501:10)
    at Writable.write (node:internal/streams/writable:510:10)
    at Framer.ondata (/root/.openclaw/workspace/node_modules/readable-stream/lib/internal/streams/readable.js:707:22)
    at Framer.emit (node:events:519:28)
    at addChunk (/root/.openclaw/workspace/node_modules/readable-stream/lib/internal/streams/readable.js:323:12) {
  errno: -32,
  code: 'EPIPE',
  syscall: 'write'
}
[patricia] Error: write EPIPE
[patricia] Disconnected
[patricia] Starting autonomous agent...
[patricia] Waiting for spawn...
[patricia] ✅ Spawned in world at (-217.5275907541484, 42, -164.5)
[patricia] Connecting to Brain at ws://localhost:8767
[patricia] ✅ Brain connected
[patricia] Brain command: registered
Error: write EPIPE
    at afterWriteDispatched (node:internal/stream_base_commons:159:15)
    at writeGeneric (node:internal/stream_base_commons:150:3)
    at Socket._writeGeneric (node:net:966:11)
    at Socket._write (node:net:978:8)
    at writeOrBuffer (node:internal/streams/writable:572:12)
    at _write (node:internal/streams/writable:501:10)
    at Writable.write (node:internal/streams/writable:510:10)
    at Framer.ondata (/root/.openclaw/workspace/node_modules/readable-stream/lib/internal/streams/readable.js:707:22)
    at Framer.emit (node:events:519:28)
    at addChunk (/root/.openclaw/workspace/node_modules/readable-stream/lib/internal/streams/readable.js:323:12) {
  errno: -32,
  code: 'EPIPE',
  syscall: 'write'
}
[patricia] Error: write EPIPE
[patricia] Disconnected
[patricia] Starting autonomous agent...
[patricia] Waiting for spawn...
[patricia] ✅ Spawned in world at (-217.5275907541484, 42, -164.5)
[patricia] Connecting to Brain at ws://localhost:8767
[patricia] ✅ Brain connected
[patricia] Brain command: registered
Error: write EPIPE
    at afterWriteDispatched (node:internal/stream_base_commons:159:15)
    at writeGeneric (node:internal/stream_base_commons:150:3)
    at Socket._writeGeneric (node:net:966:11)
    at Socket._write (node:net:978:8)
    at writeOrBuffer (node:internal/streams/writable:572:12)
    at _write (node:internal/streams/writable:501:10)
    at Writable.write (node:internal/streams/writable:510:10)
    at Framer.ondata (/root/.openclaw/workspace/node_modules/readable-stream/lib/internal/streams/readable.js:707:22)
    at Framer.emit (node:events:519:28)
    at addChunk (/root/.openclaw/workspace/node_modules/readable-stream/lib/internal/streams/readable.js:323:12) {
  errno: -32,
  code: 'EPIPE',
  syscall: 'write'
}
[patricia] Error: write EPIPE
[patricia] Disconnected
[patricia] Starting autonomous agent...
[patricia] Waiting for spawn...
[patricia] ✅ Spawned in world at (-217.63320705617585, 42, -165.5)
[patricia] Connecting to Brain at ws://localhost:8767
[patricia] ✅ Brain connected
[patricia] Brain command: registered
Error: write EPIPE
    at afterWriteDispatched (node:internal/stream_base_commons:159:15)
    at writeGeneric (node:internal/stream_base_commons:150:3)
    at Socket._writeGeneric (node:net:966:11)
    at Socket._write (node:net:978:8)
    at writeOrBuffer (node:internal/streams/writable:572:12)
    at _write (node:internal/streams/writable:501:10)
    at Writable.write (node:internal/streams/writable:510:10)
    at Framer.ondata (/root/.openclaw/workspace/node_modules/readable-stream/lib/internal/streams/readable.js:707:22)
    at Framer.emit (node:events:519:28)
    at addChunk (/root/.openclaw/workspace/node_modules/readable-stream/lib/internal/streams/readable.js:323:12) {
  errno: -32,
  code: 'EPIPE',
  syscall: 'write'
}
[patricia] Error: write EPIPE
[patricia] Disconnected
[patricia] Starting autonomous agent...
[patricia] Waiting for spawn...
[patricia] Disconnected
[patricia] Starting autonomous agent...
[patricia] Waiting for spawn...
[patricia] ✅ Spawned in world at (-214.5735769128305, 42, -166.7)
[patricia] Connecting to Brain at ws://localhost:8767
[patricia] ✅ Brain connected
[patricia] Chat: forge: Agent forge online!
[patricia] Brain command: registered
Error: write EPIPE
    at afterWriteDispatched (node:internal/stream_base_commons:159:15)
    at writeGeneric (node:internal/stream_base_commons:150:3)
    at Socket._writeGeneric (node:net:966:11)
    at Socket._write (node:net:978:8)
    at writeOrBuffer (node:internal/streams/writable:572:12)
    at _write (node:internal/streams/writable:501:10)
    at Writable.write (node:internal/streams/writable:510:10)
    at Framer.ondata (/root/.openclaw/workspace/node_modules/readable-stream/lib/internal/streams/readable.js:707:22)
    at Framer.emit (node:events:519:28)
    at addChunk (/root/.openclaw/workspace/node_modules/readable-stream/lib/internal/streams/readable.js:323:12) {
  errno: -32,
  code: 'EPIPE',
  syscall: 'write'
}
[patricia] Error: write EPIPE
[patricia] Disconnected
[patricia] Starting autonomous agent...
[patricia] Waiting for spawn...
[patricia] ✅ Spawned in world at (-216.7189396465224, 42, -168.7)
[patricia] Connecting to Brain at ws://localhost:8767
[patricia] ✅ Brain connected
[patricia] Brain command: registered
[patricia] Chat: patricia2: Agent patricia2 online!
Error: client timed out after 30000 milliseconds
    at Timeout._onTimeout (/root/.openclaw/workspace/node_modules/minecraft-protocol/src/client/keepalive.js:18:28)
    at listOnTimeout (node:internal/timers:585:17)
    at process.processTimers (node:internal/timers:521:7)
[patricia] Error: client timed out after 30000 milliseconds
[patricia] Starting autonomous agent...
[patricia] Waiting for spawn...
[patricia] Disconnected
[patricia] ✅ Spawned in world at (-224.49985877524617, 41, -174.5)
[patricia] Connecting to Brain at ws://localhost:8767
[patricia] ✅ Brain connected
[patricia] Brain command: registered
Error: write EPIPE
    at afterWriteDispatched (node:internal/stream_base_commons:159:15)
    at writeGeneric (node:internal/stream_base_commons:150:3)
    at Socket._writeGeneric (node:net:966:11)
    at Socket._write (node:net:978:8)
    at writeOrBuffer (node:internal/streams/writable:572:12)
    at _write (node:internal/streams/writable:501:10)
    at Writable.write (node:internal/streams/writable:510:10)
    at Framer.ondata (/root/.openclaw/workspace/node_modules/readable-stream/lib/internal/streams/readable.js:707:22)
    at Framer.emit (node:events:519:28)
    at addChunk (/root/.openclaw/workspace/node_modules/readable-stream/lib/internal/streams/readable.js:323:12) {
  errno: -32,
  code: 'EPIPE',
  syscall: 'write'
}
[patricia] Error: write EPIPE
[patricia] Disconnected
[patricia] Starting autonomous agent...
[patricia] Waiting for spawn...
[patricia] ✅ Spawned in world at (-225.3148371955365, 41, -174.49971757763524)
[patricia] Connecting to Brain at ws://localhost:8767
[patricia] ✅ Brain connected
[patricia] Brain command: registered
Error: write EPIPE
    at afterWriteDispatched (node:internal/stream_base_commons:159:15)
    at writeGeneric (node:internal/stream_base_commons:150:3)
    at Socket._writeGeneric (node:net:966:11)
    at Socket._write (node:net:978:8)
    at writeOrBuffer (node:internal/streams/writable:572:12)
    at _write (node:internal/streams/writable:501:10)
    at Writable.write (node:internal/streams/writable:510:10)
    at Framer.ondata (/root/.openclaw/workspace/node_modules/readable-stream/lib/internal/streams/readable.js:707:22)
    at Framer.emit (node:events:519:28)
    at addChunk (/root/.openclaw/workspace/node_modules/readable-stream/lib/internal/streams/readable.js:323:12) {
  errno: -32,
  code: 'EPIPE',
  syscall: 'write'
}
[patricia] Error: write EPIPE
[patricia] Disconnected
[patricia] Starting autonomous agent...
[patricia] Waiting for spawn...
[patricia] ✅ Spawned in world at (-226.5, 41, -175.45506333375008)
[patricia] Connecting to Brain at ws://localhost:8767
[patricia] ✅ Brain connected
[patricia] Brain command: registered
Error: write EPIPE
    at afterWriteDispatched (node:internal/stream_base_commons:159:15)
    at writeGeneric (node:internal/stream_base_commons:150:3)
    at Socket._writeGeneric (node:net:966:11)
    at Socket._write (node:net:978:8)
    at writeOrBuffer (node:internal/streams/writable:572:12)
    at _write (node:internal/streams/writable:501:10)
    at Writable.write (node:internal/streams/writable:510:10)
    at Framer.ondata (/root/.openclaw/workspace/node_modules/readable-stream/lib/internal/streams/readable.js:707:22)
    at Framer.emit (node:events:519:28)
    at addChunk (/root/.openclaw/workspace/node_modules/readable-stream/lib/internal/streams/readable.js:323:12) {
  errno: -32,
  code: 'EPIPE',
  syscall: 'write'
}
[patricia] Error: write EPIPE
[patricia] Disconnected
[patricia] Starting autonomous agent...
[patricia] Waiting for spawn...
[patricia] ✅ Spawned in world at (-226.5, 41, -175.45506333375008)
[patricia] Connecting to Brain at ws://localhost:8767
[patricia] ✅ Brain connected
[patricia] Brain command: registered
Error: write EPIPE
    at afterWriteDispatched (node:internal/stream_base_commons:159:15)
    at writeGeneric (node:internal/stream_base_commons:150:3)
    at Socket._writeGeneric (node:net:966:11)
    at Socket._write (node:net:978:8)
    at writeOrBuffer (node:internal/streams/writable:572:12)
    at _write (node:internal/streams/writable:501:10)
    at Writable.write (node:internal/streams/writable:510:10)
    at Framer.ondata (/root/.openclaw/workspace/node_modules/readable-stream/lib/internal/streams/readable.js:707:22)
    at Framer.emit (node:events:519:28)
    at addChunk (/root/.openclaw/workspace/node_modules/readable-stream/lib/internal/streams/readable.js:323:12) {
  errno: -32,
  code: 'EPIPE',
  syscall: 'write'
}
[patricia] Error: write EPIPE
[patricia] Disconnected
[patricia] Starting autonomous agent...
[patricia] Waiting for spawn...
[patricia] ✅ Spawned in world at (-225.41926154427824, 41, -175.16958233895966)
[patricia] Connecting to Brain at ws://localhost:8767
[patricia] ✅ Brain connected
[patricia] Brain command: registered
Error: write EPIPE
    at afterWriteDispatched (node:internal/stream_base_commons:159:15)
    at writeGeneric (node:internal/stream_base_commons:150:3)
    at Socket._writeGeneric (node:net:966:11)
    at Socket._write (node:net:978:8)
    at writeOrBuffer (node:internal/streams/writable:572:12)
    at _write (node:internal/streams/writable:501:10)
    at Writable.write (node:internal/streams/writable:510:10)
    at Framer.ondata (/root/.openclaw/workspace/node_modules/readable-stream/lib/internal/streams/readable.js:707:22)
    at Framer.emit (node:events:519:28)
    at addChunk (/root/.openclaw/workspace/node_modules/readable-stream/lib/internal/streams/readable.js:323:12) {
  errno: -32,
  code: 'EPIPE',
  syscall: 'write'
}
[patricia] Error: write EPIPE
[patricia] Disconnected
[patricia] Starting autonomous agent...
[patricia] Waiting for spawn...
[patricia] ✅ Spawned in world at (-227.05755245693356, 41, -174.5348121563282)
[patricia] Connecting to Brain at ws://localhost:8767
[patricia] ✅ Brain connected
[patricia] Brain command: registered
Error: write ECONNRESET
    at afterWriteDispatched (node:internal/stream_base_commons:159:15)
    at writeGeneric (node:internal/stream_base_commons:150:3)
    at Socket._writeGeneric (node:net:966:11)
    at Socket._write (node:net:978:8)
    at writeOrBuffer (node:internal/streams/writable:572:12)
    at _write (node:internal/streams/writable:501:10)
    at Writable.write (node:internal/streams/writable:510:10)
    at Framer.ondata (/root/.openclaw/workspace/node_modules/readable-stream/lib/internal/streams/readable.js:707:22)
    at Framer.emit (node:events:519:28)
    at addChunk (/root/.openclaw/workspace/node_modules/readable-stream/lib/internal/streams/readable.js:323:12) {
  errno: -104,
  code: 'ECONNRESET',
  syscall: 'write'
}
[patricia] Error: write ECONNRESET
[patricia] Disconnected
[patricia] Starting autonomous agent...
[patricia] Waiting for spawn...
[patricia] ✅ Spawned in world at (-225.9722533603007, 41, -175.15907034206228)
[patricia] Connecting to Brain at ws://localhost:8767
[patricia] ✅ Brain connected
[patricia] Brain command: registered
Error: write EPIPE
    at afterWriteDispatched (node:internal/stream_base_commons:159:15)
    at writeGeneric (node:internal/stream_base_commons:150:3)
    at Socket._writeGeneric (node:net:966:11)
    at Socket._write (node:net:978:8)
    at writeOrBuffer (node:internal/streams/writable:572:12)
    at _write (node:internal/streams/writable:501:10)
    at Writable.write (node:internal/streams/writable:510:10)
    at Framer.ondata (/root/.openclaw/workspace/node_modules/readable-stream/lib/internal/streams/readable.js:707:22)
    at Framer.emit (node:events:519:28)
    at addChunk (/root/.openclaw/workspace/node_modules/readable-stream/lib/internal/streams/readable.js:323:12) {
  errno: -32,
  code: 'EPIPE',
  syscall: 'write'
}
[patricia] Error: write EPIPE
[patricia] Disconnected
[patricia] Starting autonomous agent...
[patricia] Waiting for spawn...
[patricia] ✅ Spawned in world at (-227.4489287451336, 40, -174.4861208955981)
[patricia] Connecting to Brain at ws://localhost:8767
[patricia] ✅ Brain connected
[patricia] Brain command: registered
Error: write ECONNRESET
    at afterWriteDispatched (node:internal/stream_base_commons:159:15)
    at writeGeneric (node:internal/stream_base_commons:150:3)
    at Socket._writeGeneric (node:net:966:11)
    at Socket._write (node:net:978:8)
    at writeOrBuffer (node:internal/streams/writable:572:12)
    at _write (node:internal/streams/writable:501:10)
    at Writable.write (node:internal/streams/writable:510:10)
    at Framer.ondata (/root/.openclaw/workspace/node_modules/readable-stream/lib/internal/streams/readable.js:707:22)
    at Framer.emit (node:events:519:28)
    at addChunk (/root/.openclaw/workspace/node_modules/readable-stream/lib/internal/streams/readable.js:323:12) {
  errno: -104,
  code: 'ECONNRESET',
  syscall: 'write'
}
[patricia] Error: write ECONNRESET
[patricia] Disconnected
[patricia] Starting autonomous agent...
[patricia] Waiting for spawn...
[patricia] ✅ Spawned in world at (-227.4489287451336, 40, -174.4861208955981)
[patricia] Connecting to Brain at ws://localhost:8767
[patricia] ✅ Brain connected
[patricia] Brain command: registered
Error: write EPIPE
    at afterWriteDispatched (node:internal/stream_base_commons:159:15)
    at writeGeneric (node:internal/stream_base_commons:150:3)
    at Socket._writeGeneric (node:net:966:11)
    at Socket._write (node:net:978:8)
    at writeOrBuffer (node:internal/streams/writable:572:12)
    at _write (node:internal/streams/writable:501:10)
    at Writable.write (node:internal/streams/writable:510:10)
    at Framer.ondata (/root/.openclaw/workspace/node_modules/readable-stream/lib/internal/streams/readable.js:707:22)
    at Framer.emit (node:events:519:28)
    at addChunk (/root/.openclaw/workspace/node_modules/readable-stream/lib/internal/streams/readable.js:323:12) {
  errno: -32,
  code: 'EPIPE',
  syscall: 'write'
}
[patricia] Error: write EPIPE
[patricia] Disconnected
[patricia] Starting autonomous agent...
[patricia] Waiting for spawn...
[patricia] ✅ Spawned in world at (-221.47584026366496, 42, -177.5)
[patricia] Connecting to Brain at ws://localhost:8767
[patricia] ✅ Brain connected
[patricia] Brain command: registered
Error: write EPIPE
    at afterWriteDispatched (node:internal/stream_base_commons:159:15)
    at writeGeneric (node:internal/stream_base_commons:150:3)
    at Socket._writeGeneric (node:net:966:11)
    at Socket._write (node:net:978:8)
    at writeOrBuffer (node:internal/streams/writable:572:12)
    at _write (node:internal/streams/writable:501:10)
    at Writable.write (node:internal/streams/writable:510:10)
    at Framer.ondata (/root/.openclaw/workspace/node_modules/readable-stream/lib/internal/streams/readable.js:707:22)
    at Framer.emit (node:events:519:28)
    at addChunk (/root/.openclaw/workspace/node_modules/readable-stream/lib/internal/streams/readable.js:323:12) {
  errno: -32,
  code: 'EPIPE',
  syscall: 'write'
}
[patricia] Error: write EPIPE
[patricia] Disconnected
[patricia] Starting autonomous agent...
[patricia] Waiting for spawn...
[patricia] ✅ Spawned in world at (-220.55754245935162, 42, -176.6629997615755)
[patricia] Connecting to Brain at ws://localhost:8767
[patricia] ✅ Brain connected
[patricia] Brain command: registered
Error: write EPIPE
    at afterWriteDispatched (node:internal/stream_base_commons:159:15)
    at writeGeneric (node:internal/stream_base_commons:150:3)
    at Socket._writeGeneric (node:net:966:11)
    at Socket._write (node:net:978:8)
    at writeOrBuffer (node:internal/streams/writable:572:12)
    at _write (node:internal/streams/writable:501:10)
    at Writable.write (node:internal/streams/writable:510:10)
    at Framer.ondata (/root/.openclaw/workspace/node_modules/readable-stream/lib/internal/streams/readable.js:707:22)
    at Framer.emit (node:events:519:28)
    at addChunk (/root/.openclaw/workspace/node_modules/readable-stream/lib/internal/streams/readable.js:323:12) {
  errno: -32,
  code: 'EPIPE',
  syscall: 'write'
}
[patricia] Error: write EPIPE
[patricia] Disconnected
[patricia] Starting autonomous agent...
[patricia] Waiting for spawn...
[patricia] ✅ Spawned in world at (-222.1734131440319, 42, -176.47945545859812)
[patricia] Connecting to Brain at ws://localhost:8767
[patricia] ✅ Brain connected
[patricia] Brain command: registered
[patricia] Chat: forge: Agent forge online!
Error: write EPIPE
    at afterWriteDispatched (node:internal/stream_base_commons:159:15)
    at writeGeneric (node:internal/stream_base_commons:150:3)
    at Socket._writeGeneric (node:net:966:11)
    at Socket._write (node:net:978:8)
    at writeOrBuffer (node:internal/streams/writable:572:12)
    at _write (node:internal/streams/writable:501:10)
    at Writable.write (node:internal/streams/writable:510:10)
    at Framer.ondata (/root/.openclaw/workspace/node_modules/readable-stream/lib/internal/streams/readable.js:707:22)
    at Framer.emit (node:events:519:28)
    at addChunk (/root/.openclaw/workspace/node_modules/readable-stream/lib/internal/streams/readable.js:323:12) {
  errno: -32,
  code: 'EPIPE',
  syscall: 'write'
}
[patricia] Error: write EPIPE
[patricia] Disconnected
[patricia] Starting autonomous agent...
[patricia] Waiting for spawn...
[patricia] ✅ Spawned in world at (-225.5, 41, -174.41988789479848)
[patricia] Connecting to Brain at ws://localhost:8767
[patricia] ✅ Brain connected
[patricia] Brain command: registered
Error: write EPIPE
    at afterWriteDispatched (node:internal/stream_base_commons:159:15)
    at writeGeneric (node:internal/stream_base_commons:150:3)
    at Socket._writeGeneric (node:net:966:11)
    at Socket._write (node:net:978:8)
    at writeOrBuffer (node:internal/streams/writable:572:12)
    at _write (node:internal/streams/writable:501:10)
    at Writable.write (node:internal/streams/writable:510:10)
    at Framer.ondata (/root/.openclaw/workspace/node_modules/readable-stream/lib/internal/streams/readable.js:707:22)
    at Framer.emit (node:events:519:28)
    at addChunk (/root/.openclaw/workspace/node_modules/readable-stream/lib/internal/streams/readable.js:323:12) {
  errno: -32,
  code: 'EPIPE',
  syscall: 'write'
}
[patricia] Error: write EPIPE
[patricia] Disconnected
[patricia] Starting autonomous agent...
[patricia] Waiting for spawn...
[patricia] Disconnected
[patricia] Starting autonomous agent...
[patricia] Waiting for spawn...
[patricia] ✅ Spawned in world at (-225.49975527918568, 41, -173.6049094433232)
[patricia] Connecting to Brain at ws://localhost:8767
[patricia] ✅ Brain connected
[patricia] Brain command: registered
Error: write EPIPE
    at afterWriteDispatched (node:internal/stream_base_commons:159:15)
    at writeGeneric (node:internal/stream_base_commons:150:3)
    at Socket._writeGeneric (node:net:966:11)
    at Socket._write (node:net:978:8)
    at writeOrBuffer (node:internal/streams/writable:572:12)
    at _write (node:internal/streams/writable:501:10)
    at Writable.write (node:internal/streams/writable:510:10)
    at Framer.ondata (/root/.openclaw/workspace/node_modules/readable-stream/lib/internal/streams/readable.js:707:22)
    at Framer.emit (node:events:519:28)
    at addChunk (/root/.openclaw/workspace/node_modules/readable-stream/lib/internal/streams/readable.js:323:12) {
  errno: -32,
  code: 'EPIPE',
  syscall: 'write'
}
[patricia] Error: write EPIPE
[patricia] Disconnected
[patricia] Starting autonomous agent...
[patricia] Waiting for spawn...
[patricia] ✅ Spawned in world at (-225.49951044979966, 41, -172.5)
[patricia] Connecting to Brain at ws://localhost:8767
[patricia] ✅ Brain connected
[patricia] Brain command: registered
Error: write EPIPE
    at afterWriteDispatched (node:internal/stream_base_commons:159:15)
    at writeGeneric (node:internal/stream_base_commons:150:3)
    at Socket._writeGeneric (node:net:966:11)
    at Socket._write (node:net:978:8)
    at writeOrBuffer (node:internal/streams/writable:572:12)
    at _write (node:internal/streams/writable:501:10)
    at Writable.write (node:internal/streams/writable:510:10)
    at Framer.ondata (/root/.openclaw/workspace/node_modules/readable-stream/lib/internal/streams/readable.js:707:22)
    at Framer.emit (node:events:519:28)
    at addChunk (/root/.openclaw/workspace/node_modules/readable-stream/lib/internal/streams/readable.js:323:12) {
  errno: -32,
  code: 'EPIPE',
  syscall: 'write'
}
[patricia] Error: write EPIPE
[patricia] Disconnected
[patricia] Starting autonomous agent...
[patricia] Waiting for spawn...
[patricia] ✅ Spawned in world at (-225.49959915275508, 41, -171.68502197584905)
[patricia] Connecting to Brain at ws://localhost:8767
[patricia] ✅ Brain connected
[patricia] Brain command: registered
Error: write EPIPE
    at afterWriteDispatched (node:internal/stream_base_commons:159:15)
    at writeGeneric (node:internal/stream_base_commons:150:3)
    at Socket._writeGeneric (node:net:966:11)
    at Socket._write (node:net:978:8)
    at writeOrBuffer (node:internal/streams/writable:572:12)
    at _write (node:internal/streams/writable:501:10)
    at Writable.write (node:internal/streams/writable:510:10)
    at Framer.ondata (/root/.openclaw/workspace/node_modules/readable-stream/lib/internal/streams/readable.js:707:22)
    at Framer.emit (node:events:519:28)
    at addChunk (/root/.openclaw/workspace/node_modules/readable-stream/lib/internal/streams/readable.js:323:12) {
  errno: -32,
  code: 'EPIPE',
  syscall: 'write'
}
[patricia] Error: write EPIPE
[patricia] Disconnected
[patricia] Starting autonomous agent...
[patricia] Waiting for spawn...
[patricia] ✅ Spawned in world at (-225.49959915275508, 41, -171.68502197584905)
[patricia] Connecting to Brain at ws://localhost:8767
[patricia] ✅ Brain connected
[patricia] Brain command: registered
Error: write EPIPE
    at afterWriteDispatched (node:internal/stream_base_commons:159:15)
    at writeGeneric (node:internal/stream_base_commons:150:3)
    at Socket._writeGeneric (node:net:966:11)
    at Socket._write (node:net:978:8)
    at writeOrBuffer (node:internal/streams/writable:572:12)
    at _write (node:internal/streams/writable:501:10)
    at Writable.write (node:internal/streams/writable:510:10)
    at Framer.ondata (/root/.openclaw/workspace/node_modules/readable-stream/lib/internal/streams/readable.js:707:22)
    at Framer.emit (node:events:519:28)
    at addChunk (/root/.openclaw/workspace/node_modules/readable-stream/lib/internal/streams/readable.js:323:12) {
  errno: -32,
  code: 'EPIPE',
  syscall: 'write'
}
[patricia] Error: write EPIPE
[patricia] Disconnected
[patricia] Starting autonomous agent...
[patricia] Waiting for spawn...
[patricia] ✅ Spawned in world at (-225.49996018070536, 40.61728317101658, -170.60304426803606)
[patricia] Connecting to Brain at ws://localhost:8767
[patricia] ✅ Brain connected
[patricia] Brain command: registered
Error: write EPIPE
    at afterWriteDispatched (node:internal/stream_base_commons:159:15)
    at writeGeneric (node:internal/stream_base_commons:150:3)
    at Socket._writeGeneric (node:net:966:11)
    at Socket._write (node:net:978:8)
    at writeOrBuffer (node:internal/streams/writable:572:12)
    at _write (node:internal/streams/writable:501:10)
    at Writable.write (node:internal/streams/writable:510:10)
    at Framer.ondata (/root/.openclaw/workspace/node_modules/readable-stream/lib/internal/streams/readable.js:707:22)
    at Framer.emit (node:events:519:28)
    at addChunk (/root/.openclaw/workspace/node_modules/readable-stream/lib/internal/streams/readable.js:323:12) {
  errno: -32,
  code: 'EPIPE',
  syscall: 'write'
}
[patricia] Error: write EPIPE
[patricia] Disconnected
[patricia] Starting autonomous agent...
[patricia] Waiting for spawn...
[patricia] ✅ Spawned in world at (-225.49996018070536, 40, -170.60304426803606)
[patricia] Connecting to Brain at ws://localhost:8767
[patricia] ✅ Brain connected
[patricia] Brain command: registered
[patricia] Chat: chelios: Agent chelios online!
Error: write EPIPE
    at afterWriteDispatched (node:internal/stream_base_commons:159:15)
    at writeGeneric (node:internal/stream_base_commons:150:3)
    at Socket._writeGeneric (node:net:966:11)
    at Socket._write (node:net:978:8)
    at writeOrBuffer (node:internal/streams/writable:572:12)
    at _write (node:internal/streams/writable:501:10)
    at Writable.write (node:internal/streams/writable:510:10)
    at Framer.ondata (/root/.openclaw/workspace/node_modules/readable-stream/lib/internal/streams/readable.js:707:22)
    at Framer.emit (node:events:519:28)
    at addChunk (/root/.openclaw/workspace/node_modules/readable-stream/lib/internal/streams/readable.js:323:12) {
  errno: -32,
  code: 'EPIPE',
  syscall: 'write'
}
[patricia] Error: write EPIPE
[patricia] Disconnected
[patricia] Starting autonomous agent...
[patricia] Waiting for spawn...
[patricia] ✅ Spawned in world at (-224.5, 40, -170.7)
[patricia] Connecting to Brain at ws://localhost:8767
[patricia] ✅ Brain connected
[patricia] Brain command: registered
Error: write EPIPE
    at afterWriteDispatched (node:internal/stream_base_commons:159:15)
    at writeGeneric (node:internal/stream_base_commons:150:3)
    at Socket._writeGeneric (node:net:966:11)
    at Socket._write (node:net:978:8)
    at writeOrBuffer (node:internal/streams/writable:572:12)
    at _write (node:internal/streams/writable:501:10)
    at Writable.write (node:internal/streams/writable:510:10)
    at Framer.ondata (/root/.openclaw/workspace/node_modules/readable-stream/lib/internal/streams/readable.js:707:22)
    at Framer.emit (node:events:519:28)
    at addChunk (/root/.openclaw/workspace/node_modules/readable-stream/lib/internal/streams/readable.js:323:12) {
  errno: -32,
  code: 'EPIPE',
  syscall: 'write'
}
[patricia] Error: write EPIPE
[patricia] Disconnected
[patricia] Starting autonomous agent...
[patricia] Waiting for spawn...
[patricia] ✅ Spawned in world at (-226.5, 39, -170.52476639352318)
[patricia] Connecting to Brain at ws://localhost:8767
[patricia] ✅ Brain connected
[patricia] Brain command: registered
Error: write EPIPE
    at afterWriteDispatched (node:internal/stream_base_commons:159:15)
    at writeGeneric (node:internal/stream_base_commons:150:3)
    at Socket._writeGeneric (node:net:966:11)
    at Socket._write (node:net:978:8)
    at writeOrBuffer (node:internal/streams/writable:572:12)
    at _write (node:internal/streams/writable:501:10)
    at Writable.write (node:internal/streams/writable:510:10)
    at Framer.ondata (/root/.openclaw/workspace/node_modules/readable-stream/lib/internal/streams/readable.js:707:22)
    at Framer.emit (node:events:519:28)
    at addChunk (/root/.openclaw/workspace/node_modules/readable-stream/lib/internal/streams/readable.js:323:12) {
  errno: -32,
  code: 'EPIPE',
  syscall: 'write'
}
[patricia] Error: write EPIPE
[patricia] Disconnected
[patricia] Starting autonomous agent...
[patricia] Waiting for spawn...
[patricia] ✅ Spawned in world at (-225.38347732702215, 40.248135998590946, -170.61263715688992)
[patricia] Connecting to Brain at ws://localhost:8767
[patricia] ✅ Brain connected
[patricia] Brain command: registered
Error: write EPIPE
    at afterWriteDispatched (node:internal/stream_base_commons:159:15)
    at writeGeneric (node:internal/stream_base_commons:150:3)
    at Socket._writeGeneric (node:net:966:11)
    at Socket._write (node:net:978:8)
    at writeOrBuffer (node:internal/streams/writable:572:12)
    at _write (node:internal/streams/writable:501:10)
    at Writable.write (node:internal/streams/writable:510:10)
    at Framer.ondata (/root/.openclaw/workspace/node_modules/readable-stream/lib/internal/streams/readable.js:707:22)
    at Framer.emit (node:events:519:28)
    at addChunk (/root/.openclaw/workspace/node_modules/readable-stream/lib/internal/streams/readable.js:323:12) {
  errno: -32,
  code: 'EPIPE',
  syscall: 'write'
}
[patricia] Error: write EPIPE
[patricia] Disconnected
[patricia] Starting autonomous agent...
[patricia] Waiting for spawn...
[patricia] ✅ Spawned in world at (-225.53909561849116, 41, -169.5)
[patricia] Connecting to Brain at ws://localhost:8767
[patricia] ✅ Brain connected
[patricia] Brain command: registered
Error: write EPIPE
    at afterWriteDispatched (node:internal/stream_base_commons:159:15)
    at writeGeneric (node:internal/stream_base_commons:150:3)
    at Socket._writeGeneric (node:net:966:11)
    at Socket._write (node:net:978:8)
    at writeOrBuffer (node:internal/streams/writable:572:12)
    at _write (node:internal/streams/writable:501:10)
    at Writable.write (node:internal/streams/writable:510:10)
    at Framer.ondata (/root/.openclaw/workspace/node_modules/readable-stream/lib/internal/streams/readable.js:707:22)
    at Framer.emit (node:events:519:28)
    at addChunk (/root/.openclaw/workspace/node_modules/readable-stream/lib/internal/streams/readable.js:323:12) {
  errno: -32,
  code: 'EPIPE',
  syscall: 'write'
}
[patricia] Error: write EPIPE
[patricia] Disconnected
[patricia] Starting autonomous agent...
[patricia] Waiting for spawn...
[patricia] ✅ Spawned in world at (-228.5, 40, -170.54277929460767)
[patricia] Connecting to Brain at ws://localhost:8767
[patricia] ✅ Brain connected
[patricia] Brain command: registered
Error: write EPIPE
    at afterWriteDispatched (node:internal/stream_base_commons:159:15)
    at writeGeneric (node:internal/stream_base_commons:150:3)
    at Socket._writeGeneric (node:net:966:11)
    at Socket._write (node:net:978:8)
    at writeOrBuffer (node:internal/streams/writable:572:12)
    at _write (node:internal/streams/writable:501:10)
    at Writable.write (node:internal/streams/writable:510:10)
    at Framer.ondata (/root/.openclaw/workspace/node_modules/readable-stream/lib/internal/streams/readable.js:707:22)
    at Framer.emit (node:events:519:28)
    at addChunk (/root/.openclaw/workspace/node_modules/readable-stream/lib/internal/streams/readable.js:323:12) {
  errno: -32,
  code: 'EPIPE',
  syscall: 'write'
}
[patricia] Error: write EPIPE
[patricia] Disconnected
[patricia] Starting autonomous agent...
[patricia] Waiting for spawn...
[patricia] ✅ Spawned in world at (-225.40783951133284, 40.7531999805212, -170.7)
[patricia] Connecting to Brain at ws://localhost:8767
[patricia] ✅ Brain connected
[patricia] Brain command: registered
Error: write EPIPE
    at afterWriteDispatched (node:internal/stream_base_commons:159:15)
    at writeGeneric (node:internal/stream_base_commons:150:3)
    at Socket._writeGeneric (node:net:966:11)
    at Socket._write (node:net:978:8)
    at writeOrBuffer (node:internal/streams/writable:572:12)
    at _write (node:internal/streams/writable:501:10)
    at Writable.write (node:internal/streams/writable:510:10)
    at Framer.ondata (/root/.openclaw/workspace/node_modules/readable-stream/lib/internal/streams/readable.js:707:22)
    at Framer.emit (node:events:519:28)
    at addChunk (/root/.openclaw/workspace/node_modules/readable-stream/lib/internal/streams/readable.js:323:12) {
  errno: -32,
  code: 'EPIPE',
  syscall: 'write'
}
[patricia] Error: write EPIPE
[patricia] Disconnected
[patricia] Starting autonomous agent...
[patricia] Waiting for spawn...
[patricia] Disconnected
[patricia] Starting autonomous agent...
[patricia] Waiting for spawn...
[patricia] ✅ Spawned in world at (-226.5, 41, -174.54203696020483)
[patricia] Connecting to Brain at ws://localhost:8767
[patricia] ✅ Brain connected
[patricia] Brain command: registered
Error: write EPIPE
    at afterWriteDispatched (node:internal/stream_base_commons:159:15)
    at writeGeneric (node:internal/stream_base_commons:150:3)
    at Socket._writeGeneric (node:net:966:11)
    at Socket._write (node:net:978:8)
    at writeOrBuffer (node:internal/streams/writable:572:12)
    at _write (node:internal/streams/writable:501:10)
    at Writable.write (node:internal/streams/writable:510:10)
    at Framer.ondata (/root/.openclaw/workspace/node_modules/readable-stream/lib/internal/streams/readable.js:707:22)
    at Framer.emit (node:events:519:28)
    at addChunk (/root/.openclaw/workspace/node_modules/readable-stream/lib/internal/streams/readable.js:323:12) {
  errno: -32,
  code: 'EPIPE',
  syscall: 'write'
}
[patricia] Error: write EPIPE
[patricia] Disconnected
[patricia] Starting autonomous agent...
[patricia] Waiting for spawn...
[patricia] ✅ Spawned in world at (-225.49992561474994, 41, -176.33248303452737)
[patricia] Connecting to Brain at ws://localhost:8767
[patricia] Chat: forge: Agent forge online!
[patricia] ✅ Brain connected
[patricia] Brain command: registered
Error: write EPIPE
    at afterWriteDispatched (node:internal/stream_base_commons:159:15)
    at writeGeneric (node:internal/stream_base_commons:150:3)
    at Socket._writeGeneric (node:net:966:11)
    at Socket._write (node:net:978:8)
    at writeOrBuffer (node:internal/streams/writable:572:12)
    at _write (node:internal/streams/writable:501:10)
    at Writable.write (node:internal/streams/writable:510:10)
    at Framer.ondata (/root/.openclaw/workspace/node_modules/readable-stream/lib/internal/streams/readable.js:707:22)
    at Framer.emit (node:events:519:28)
    at addChunk (/root/.openclaw/workspace/node_modules/readable-stream/lib/internal/streams/readable.js:323:12) {
  errno: -32,
  code: 'EPIPE',
  syscall: 'write'
}
[patricia] Error: write EPIPE
[patricia] Disconnected
[patricia] Starting autonomous agent...
[patricia] Waiting for spawn...
[patricia] ✅ Spawned in world at (-228.3596938010646, 41, -174.4759108088293)
[patricia] Connecting to Brain at ws://localhost:8767
[patricia] ✅ Brain connected
[patricia] Brain command: registered
Error: write EPIPE
    at afterWriteDispatched (node:internal/stream_base_commons:159:15)
    at writeGeneric (node:internal/stream_base_commons:150:3)
    at Socket._writeGeneric (node:net:966:11)
    at Socket._write (node:net:978:8)
    at writeOrBuffer (node:internal/streams/writable:572:12)
    at _write (node:internal/streams/writable:501:10)
    at Writable.write (node:internal/streams/writable:510:10)
    at Framer.ondata (/root/.openclaw/workspace/node_modules/readable-stream/lib/internal/streams/readable.js:707:22)
    at Framer.emit (node:events:519:28)
    at addChunk (/root/.openclaw/workspace/node_modules/readable-stream/lib/internal/streams/readable.js:323:12) {
  errno: -32,
  code: 'EPIPE',
  syscall: 'write'
}
[patricia] Error: write EPIPE
[patricia] Disconnected
[patricia] Starting autonomous agent...
[patricia] Waiting for spawn...
[patricia] ✅ Spawned in world at (-228.03545930424804, 41, -174.48301306951615)
[patricia] Connecting to Brain at ws://localhost:8767
[patricia] ✅ Brain connected
[patricia] Brain command: registered
Error: write EPIPE
    at afterWriteDispatched (node:internal/stream_base_commons:159:15)
    at writeGeneric (node:internal/stream_base_commons:150:3)
    at Socket._writeGeneric (node:net:966:11)
    at Socket._write (node:net:978:8)
    at writeOrBuffer (node:internal/streams/writable:572:12)
    at _write (node:internal/streams/writable:501:10)
    at Writable.write (node:internal/streams/writable:510:10)
    at Framer.ondata (/root/.openclaw/workspace/node_modules/readable-stream/lib/internal/streams/readable.js:707:22)
    at Framer.emit (node:events:519:28)
    at addChunk (/root/.openclaw/workspace/node_modules/readable-stream/lib/internal/streams/readable.js:323:12) {
  errno: -32,
  code: 'EPIPE',
  syscall: 'write'
}
[patricia] Error: write EPIPE
[patricia] Disconnected
[patricia] Starting autonomous agent...
[patricia] Waiting for spawn...
[patricia] ✅ Spawned in world at (-223.82456303094995, 45, -183.58947372848183)
[patricia] Connecting to Brain at ws://localhost:8767
[patricia] ✅ Brain connected
[patricia] Brain command: registered
Error: write EPIPE
    at afterWriteDispatched (node:internal/stream_base_commons:159:15)
    at writeGeneric (node:internal/stream_base_commons:150:3)
    at Socket._writeGeneric (node:net:966:11)
    at Socket._write (node:net:978:8)
    at writeOrBuffer (node:internal/streams/writable:572:12)
    at _write (node:internal/streams/writable:501:10)
    at Writable.write (node:internal/streams/writable:510:10)
    at Framer.ondata (/root/.openclaw/workspace/node_modules/readable-stream/lib/internal/streams/readable.js:707:22)
    at Framer.emit (node:events:519:28)
    at addChunk (/root/.openclaw/workspace/node_modules/readable-stream/lib/internal/streams/readable.js:323:12) {
  errno: -32,
  code: 'EPIPE',
  syscall: 'write'
}
[patricia] Error: write EPIPE
[patricia] Disconnected
[patricia] Starting autonomous agent...
[patricia] Waiting for spawn...
[patricia] ✅ Spawned in world at (-221.75355121200982, 45, -185.34970286608208)
[patricia] Connecting to Brain at ws://localhost:8767
[patricia] ✅ Brain connected
[patricia] Brain command: registered
Error: write EPIPE
    at afterWriteDispatched (node:internal/stream_base_commons:159:15)
    at writeGeneric (node:internal/stream_base_commons:150:3)
    at Socket._writeGeneric (node:net:966:11)
    at Socket._write (node:net:978:8)
    at writeOrBuffer (node:internal/streams/writable:572:12)
    at _write (node:internal/streams/writable:501:10)
    at Writable.write (node:internal/streams/writable:510:10)
    at Framer.ondata (/root/.openclaw/workspace/node_modules/readable-stream/lib/internal/streams/readable.js:707:22)
    at Framer.emit (node:events:519:28)
    at addChunk (/root/.openclaw/workspace/node_modules/readable-stream/lib/internal/streams/readable.js:323:12) {
  errno: -32,
  code: 'EPIPE',
  syscall: 'write'
}
[patricia] Error: write EPIPE
[patricia] Disconnected
[patricia] Starting autonomous agent...
[patricia] Waiting for spawn...
[patricia] ✅ Spawned in world at (-224.5035478089778, 44.8447679954834, -183.48314946081518)
[patricia] Connecting to Brain at ws://localhost:8767
[patricia] ✅ Brain connected
[patricia] Brain command: registered
Error: write EPIPE
    at afterWriteDispatched (node:internal/stream_base_commons:159:15)
    at writeGeneric (node:internal/stream_base_commons:150:3)
    at Socket._writeGeneric (node:net:966:11)
    at Socket._write (node:net:978:8)
    at writeOrBuffer (node:internal/streams/writable:572:12)
    at _write (node:internal/streams/writable:501:10)
    at Writable.write (node:internal/streams/writable:510:10)
    at Framer.ondata (/root/.openclaw/workspace/node_modules/readable-stream/lib/internal/streams/readable.js:707:22)
    at Framer.emit (node:events:519:28)
    at addChunk (/root/.openclaw/workspace/node_modules/readable-stream/lib/internal/streams/readable.js:323:12) {
  errno: -32,
  code: 'EPIPE',
  syscall: 'write'
}
[patricia] Error: write EPIPE
[patricia] Disconnected
[patricia] Starting autonomous agent...
[patricia] Waiting for spawn...
[patricia] ✅ Spawned in world at (-226.49265781651926, 43, -187.7)
[patricia] Connecting to Brain at ws://localhost:8767
[patricia] ✅ Brain connected
[patricia] Brain command: registered
Error: write EPIPE
    at afterWriteDispatched (node:internal/stream_base_commons:159:15)
    at writeGeneric (node:internal/stream_base_commons:150:3)
    at Socket._writeGeneric (node:net:966:11)
    at Socket._write (node:net:978:8)
    at writeOrBuffer (node:internal/streams/writable:572:12)
    at _write (node:internal/streams/writable:501:10)
    at Writable.write (node:internal/streams/writable:510:10)
    at Framer.ondata (/root/.openclaw/workspace/node_modules/readable-stream/lib/internal/streams/readable.js:707:22)
    at Framer.emit (node:events:519:28)
    at addChunk (/root/.openclaw/workspace/node_modules/readable-stream/lib/internal/streams/readable.js:323:12) {
  errno: -32,
  code: 'EPIPE',
  syscall: 'write'
}
[patricia] Error: write EPIPE
[patricia] Disconnected
[patricia] Starting autonomous agent...
[patricia] Waiting for spawn...
[patricia] ✅ Spawned in world at (-226.49265781651926, 43, -187.7)
[patricia] Connecting to Brain at ws://localhost:8767
[patricia] ✅ Brain connected
[patricia] Brain command: registered
[patricia] Chat: aurora: Agent aurora online!
Error: client timed out after 30000 milliseconds
    at Timeout._onTimeout (/root/.openclaw/workspace/node_modules/minecraft-protocol/src/client/keepalive.js:18:28)
    at listOnTimeout (node:internal/timers:585:17)
    at process.processTimers (node:internal/timers:521:7)
[patricia] Error: client timed out after 30000 milliseconds
[patricia] Disconnected
[patricia] Starting autonomous agent...
[patricia] Waiting for spawn...
[patricia] ✅ Spawned in world at (-224.27452012799822, 44, -184.50165942835991)
[patricia] Connecting to Brain at ws://localhost:8767
[patricia] ✅ Brain connected
[patricia] Brain command: registered
Error: write EPIPE
    at afterWriteDispatched (node:internal/stream_base_commons:159:15)
    at writeGeneric (node:internal/stream_base_commons:150:3)
    at Socket._writeGeneric (node:net:966:11)
    at Socket._write (node:net:978:8)
    at writeOrBuffer (node:internal/streams/writable:572:12)
    at _write (node:internal/streams/writable:501:10)
    at Writable.write (node:internal/streams/writable:510:10)
    at Framer.ondata (/root/.openclaw/workspace/node_modules/readable-stream/lib/internal/streams/readable.js:707:22)
    at Framer.emit (node:events:519:28)
    at addChunk (/root/.openclaw/workspace/node_modules/readable-stream/lib/internal/streams/readable.js:323:12) {
  errno: -32,
  code: 'EPIPE',
  syscall: 'write'
}
[patricia] Error: write EPIPE
[patricia] Disconnected
[patricia] Starting autonomous agent...
[patricia] Waiting for spawn...
[patricia] ✅ Spawned in world at (-224.27452012799822, 44, -184.50165942835991)
[patricia] Connecting to Brain at ws://localhost:8767
[patricia] ✅ Brain connected
[patricia] Brain command: registered
Error: write EPIPE
    at afterWriteDispatched (node:internal/stream_base_commons:159:15)
    at writeGeneric (node:internal/stream_base_commons:150:3)
    at Socket._writeGeneric (node:net:966:11)
    at Socket._write (node:net:978:8)
    at writeOrBuffer (node:internal/streams/writable:572:12)
    at _write (node:internal/streams/writable:501:10)
    at Writable.write (node:internal/streams/writable:510:10)
    at Framer.ondata (/root/.openclaw/workspace/node_modules/readable-stream/lib/internal/streams/readable.js:707:22)
    at Framer.emit (node:events:519:28)
    at addChunk (/root/.openclaw/workspace/node_modules/readable-stream/lib/internal/streams/readable.js:323:12) {
  errno: -32,
  code: 'EPIPE',
  syscall: 'write'
}
[patricia] Error: write EPIPE
[patricia] Disconnected
[patricia] Starting autonomous agent...
[patricia] Waiting for spawn...
[patricia] ✅ Spawned in world at (-224.27452012799822, 44, -184.50165942835991)
[patricia] Connecting to Brain at ws://localhost:8767
[patricia] ✅ Brain connected
[patricia] Brain command: registered
Error: write EPIPE
    at afterWriteDispatched (node:internal/stream_base_commons:159:15)
    at writeGeneric (node:internal/stream_base_commons:150:3)
    at Socket._writeGeneric (node:net:966:11)
    at Socket._write (node:net:978:8)
    at writeOrBuffer (node:internal/streams/writable:572:12)
    at _write (node:internal/streams/writable:501:10)
    at Writable.write (node:internal/streams/writable:510:10)
    at Framer.ondata (/root/.openclaw/workspace/node_modules/readable-stream/lib/internal/streams/readable.js:707:22)
    at Framer.emit (node:events:519:28)
    at addChunk (/root/.openclaw/workspace/node_modules/readable-stream/lib/internal/streams/readable.js:323:12) {
  errno: -32,
  code: 'EPIPE',
  syscall: 'write'
}
[patricia] Error: write EPIPE
[patricia] Disconnected
[patricia] Starting autonomous agent...
[patricia] Waiting for spawn...
[patricia] Chat: forge: Agent forge online!
[patricia] ✅ Spawned in world at (-224.27452012799822, 44, -184.50165942835991)
[patricia] Connecting to Brain at ws://localhost:8767
[patricia] ✅ Brain connected
[patricia] Brain command: registered
Error: write EPIPE
    at afterWriteDispatched (node:internal/stream_base_commons:159:15)
    at writeGeneric (node:internal/stream_base_commons:150:3)
    at Socket._writeGeneric (node:net:966:11)
    at Socket._write (node:net:978:8)
    at writeOrBuffer (node:internal/streams/writable:572:12)
    at _write (node:internal/streams/writable:501:10)
    at Writable.write (node:internal/streams/writable:510:10)
    at Framer.ondata (/root/.openclaw/workspace/node_modules/readable-stream/lib/internal/streams/readable.js:707:22)
    at Framer.emit (node:events:519:28)
    at addChunk (/root/.openclaw/workspace/node_modules/readable-stream/lib/internal/streams/readable.js:323:12) {
  errno: -32,
  code: 'EPIPE',
  syscall: 'write'
}
[patricia] Error: write EPIPE
[patricia] Disconnected
[patricia] Starting autonomous agent...
[patricia] Waiting for spawn...
[patricia] Disconnected
[patricia] Starting autonomous agent...
[patricia] Waiting for spawn...
[patricia] ✅ Spawned in world at (-224.27452012799822, 44, -184.50165942835991)
[patricia] Connecting to Brain at ws://localhost:8767
[patricia] ✅ Brain connected
[patricia] Brain command: registered
Error: write EPIPE
    at afterWriteDispatched (node:internal/stream_base_commons:159:15)
    at writeGeneric (node:internal/stream_base_commons:150:3)
    at Socket._writeGeneric (node:net:966:11)
    at Socket._write (node:net:978:8)
    at writeOrBuffer (node:internal/streams/writable:572:12)
    at _write (node:internal/streams/writable:501:10)
    at Writable.write (node:internal/streams/writable:510:10)
    at Framer.ondata (/root/.openclaw/workspace/node_modules/readable-stream/lib/internal/streams/readable.js:707:22)
    at Framer.emit (node:events:519:28)
    at addChunk (/root/.openclaw/workspace/node_modules/readable-stream/lib/internal/streams/readable.js:323:12) {
  errno: -32,
  code: 'EPIPE',
  syscall: 'write'
}
[patricia] Error: write EPIPE
[patricia] Disconnected
[patricia] Starting autonomous agent...
[patricia] Waiting for spawn...
[patricia] ✅ Spawned in world at (-224.27452012799822, 43.769472631087034, -184.50165942835991)
[patricia] Connecting to Brain at ws://localhost:8767
[patricia] ✅ Brain connected
[patricia] Brain command: registered
Error: write EPIPE
    at afterWriteDispatched (node:internal/stream_base_commons:159:15)
    at writeGeneric (node:internal/stream_base_commons:150:3)
    at Socket._writeGeneric (node:net:966:11)
    at Socket._write (node:net:978:8)
    at writeOrBuffer (node:internal/streams/writable:572:12)
    at _write (node:internal/streams/writable:501:10)
    at Writable.write (node:internal/streams/writable:510:10)
    at Framer.ondata (/root/.openclaw/workspace/node_modules/readable-stream/lib/internal/streams/readable.js:707:22)
    at Framer.emit (node:events:519:28)
    at addChunk (/root/.openclaw/workspace/node_modules/readable-stream/lib/internal/streams/readable.js:323:12) {
  errno: -32,
  code: 'EPIPE',
  syscall: 'write'
}
[patricia] Error: write EPIPE
[patricia] Disconnected
[patricia] Starting autonomous agent...
[patricia] Waiting for spawn...
[patricia] ✅ Spawned in world at (-224.5, 43, -184.50165942835991)
[patricia] Connecting to Brain at ws://localhost:8767
[patricia] ✅ Brain connected
[patricia] Brain command: registered
Error: write EPIPE
    at afterWriteDispatched (node:internal/stream_base_commons:159:15)
    at writeGeneric (node:internal/stream_base_commons:150:3)
    at Socket._writeGeneric (node:net:966:11)
    at Socket._write (node:net:978:8)
    at writeOrBuffer (node:internal/streams/writable:572:12)
    at _write (node:internal/streams/writable:501:10)
    at Writable.write (node:internal/streams/writable:510:10)
    at Framer.ondata (/root/.openclaw/workspace/node_modules/readable-stream/lib/internal/streams/readable.js:707:22)
    at Framer.emit (node:events:519:28)
    at addChunk (/root/.openclaw/workspace/node_modules/readable-stream/lib/internal/streams/readable.js:323:12) {
  errno: -32,
  code: 'EPIPE',
  syscall: 'write'
}
[patricia] Error: write EPIPE
[patricia] Disconnected
[patricia] Starting autonomous agent...
[patricia] Waiting for spawn...
[patricia] ✅ Spawned in world at (-222.48791982399436, 43, -178.5)
[patricia] Connecting to Brain at ws://localhost:8767
[patricia] ✅ Brain connected
[patricia] Brain command: registered
Error: write EPIPE
    at afterWriteDispatched (node:internal/stream_base_commons:159:15)
    at writeGeneric (node:internal/stream_base_commons:150:3)
    at Socket._writeGeneric (node:net:966:11)
    at Socket._write (node:net:978:8)
    at writeOrBuffer (node:internal/streams/writable:572:12)
    at _write (node:internal/streams/writable:501:10)
    at Writable.write (node:internal/streams/writable:510:10)
    at Framer.ondata (/root/.openclaw/workspace/node_modules/readable-stream/lib/internal/streams/readable.js:707:22)
    at Framer.emit (node:events:519:28)
    at addChunk (/root/.openclaw/workspace/node_modules/readable-stream/lib/internal/streams/readable.js:323:12) {
  errno: -32,
  code: 'EPIPE',
  syscall: 'write'
}
[patricia] Error: write EPIPE
[patricia] Disconnected
[patricia] Starting autonomous agent...
[patricia] Waiting for spawn...
[patricia] ✅ Spawned in world at (-217.4689498812743, 42, -176.5)
[patricia] Connecting to Brain at ws://localhost:8767
[patricia] ✅ Brain connected
[patricia] Brain command: registered
Error: write EPIPE
    at afterWriteDispatched (node:internal/stream_base_commons:159:15)
    at writeGeneric (node:internal/stream_base_commons:150:3)
    at Socket._writeGeneric (node:net:966:11)
    at Socket._write (node:net:978:8)
    at writeOrBuffer (node:internal/streams/writable:572:12)
    at _write (node:internal/streams/writable:501:10)
    at Writable.write (node:internal/streams/writable:510:10)
    at Framer.ondata (/root/.openclaw/workspace/node_modules/readable-stream/lib/internal/streams/readable.js:707:22)
    at Framer.emit (node:events:519:28)
    at addChunk (/root/.openclaw/workspace/node_modules/readable-stream/lib/internal/streams/readable.js:323:12) {
  errno: -32,
  code: 'EPIPE',
  syscall: 'write'
}
[patricia] Error: write EPIPE
[patricia] Disconnected
[patricia] Starting autonomous agent...
[patricia] Waiting for spawn...
[patricia] ✅ Spawned in world at (-217.4818326098579, 42, -175.9202865355851)
[patricia] Connecting to Brain at ws://localhost:8767
[patricia] ✅ Brain connected
[patricia] Brain command: registered
Error: write EPIPE
    at afterWriteDispatched (node:internal/stream_base_commons:159:15)
    at writeGeneric (node:internal/stream_base_commons:150:3)
    at Socket._writeGeneric (node:net:966:11)
    at Socket._write (node:net:978:8)
    at writeOrBuffer (node:internal/streams/writable:572:12)
    at _write (node:internal/streams/writable:501:10)
    at Writable.write (node:internal/streams/writable:510:10)
    at Framer.ondata (/root/.openclaw/workspace/node_modules/readable-stream/lib/internal/streams/readable.js:707:22)
    at Framer.emit (node:events:519:28)
    at addChunk (/root/.openclaw/workspace/node_modules/readable-stream/lib/internal/streams/readable.js:323:12) {
  errno: -32,
  code: 'EPIPE',
  syscall: 'write'
}
[patricia] Error: write EPIPE
[patricia] Disconnected
[patricia] Starting autonomous agent...
[patricia] Waiting for spawn...
[patricia] ✅ Spawned in world at (-212.5445359743087, 43, -180.01436343770632)
[patricia] Connecting to Brain at ws://localhost:8767
[patricia] ✅ Brain connected
[patricia] Brain command: registered
Error: write EPIPE
    at afterWriteDispatched (node:internal/stream_base_commons:159:15)
    at writeGeneric (node:internal/stream_base_commons:150:3)
    at Socket._writeGeneric (node:net:966:11)
    at Socket._write (node:net:978:8)
    at writeOrBuffer (node:internal/streams/writable:572:12)
    at _write (node:internal/streams/writable:501:10)
    at Writable.write (node:internal/streams/writable:510:10)
    at Framer.ondata (/root/.openclaw/workspace/node_modules/readable-stream/lib/internal/streams/readable.js:707:22)
    at Framer.emit (node:events:519:28)
    at addChunk (/root/.openclaw/workspace/node_modules/readable-stream/lib/internal/streams/readable.js:323:12) {
  errno: -32,
  code: 'EPIPE',
  syscall: 'write'
}
[patricia] Error: write EPIPE
[patricia] Disconnected
[patricia] Starting autonomous agent...
[patricia] Waiting for spawn...
[patricia] ✅ Spawned in world at (-216.5, 42, -179.50351306451955)
[patricia] Connecting to Brain at ws://localhost:8767
[patricia] Chat: forge: Agent forge online!
[patricia] ✅ Brain connected
[patricia] Brain command: registered
Error: write EPIPE
    at afterWriteDispatched (node:internal/stream_base_commons:159:15)
    at writeGeneric (node:internal/stream_base_commons:150:3)
    at Socket._writeGeneric (node:net:966:11)
    at Socket._write (node:net:978:8)
    at writeOrBuffer (node:internal/streams/writable:572:12)
    at _write (node:internal/streams/writable:501:10)
    at Writable.write (node:internal/streams/writable:510:10)
    at Framer.ondata (/root/.openclaw/workspace/node_modules/readable-stream/lib/internal/streams/readable.js:707:22)
    at Framer.emit (node:events:519:28)
    at addChunk (/root/.openclaw/workspace/node_modules/readable-stream/lib/internal/streams/readable.js:323:12) {
  errno: -32,
  code: 'EPIPE',
  syscall: 'write'
}
[patricia] Error: write EPIPE
[patricia] Disconnected
[patricia] Starting autonomous agent...
[patricia] Waiting for spawn...
[patricia] ✅ Spawned in world at (-216.5, 42, -179.50351306451955)
[patricia] Connecting to Brain at ws://localhost:8767
[patricia] ✅ Brain connected
[patricia] Brain command: registered
Error: write EPIPE
    at afterWriteDispatched (node:internal/stream_base_commons:159:15)
    at writeGeneric (node:internal/stream_base_commons:150:3)
    at Socket._writeGeneric (node:net:966:11)
    at Socket._write (node:net:978:8)
    at writeOrBuffer (node:internal/streams/writable:572:12)
    at _write (node:internal/streams/writable:501:10)
    at Writable.write (node:internal/streams/writable:510:10)
    at Framer.ondata (/root/.openclaw/workspace/node_modules/readable-stream/lib/internal/streams/readable.js:707:22)
    at Framer.emit (node:events:519:28)
    at addChunk (/root/.openclaw/workspace/node_modules/readable-stream/lib/internal/streams/readable.js:323:12) {
  errno: -32,
  code: 'EPIPE',
  syscall: 'write'
}
[patricia] Error: write EPIPE
[patricia] Disconnected
[patricia] Starting autonomous agent...
[patricia] Waiting for spawn...
[patricia] ✅ Spawned in world at (-222.5432023728838, 43.91797326234727, -179.30851843411517)
[patricia] Connecting to Brain at ws://localhost:8767
[patricia] ✅ Brain connected
[patricia] Brain command: registered
Error: write EPIPE
    at afterWriteDispatched (node:internal/stream_base_commons:159:15)
    at writeGeneric (node:internal/stream_base_commons:150:3)
    at Socket._writeGeneric (node:net:966:11)
    at Socket._write (node:net:978:8)
    at writeOrBuffer (node:internal/streams/writable:572:12)
    at _write (node:internal/streams/writable:501:10)
    at Writable.write (node:internal/streams/writable:510:10)
    at Framer.ondata (/root/.openclaw/workspace/node_modules/readable-stream/lib/internal/streams/readable.js:707:22)
    at Framer.emit (node:events:519:28)
    at addChunk (/root/.openclaw/workspace/node_modules/readable-stream/lib/internal/streams/readable.js:323:12) {
  errno: -32,
  code: 'EPIPE',
  syscall: 'write'
}
[patricia] Error: write EPIPE
[patricia] Disconnected
[patricia] Starting autonomous agent...
[patricia] Waiting for spawn...
[patricia] ✅ Spawned in world at (-220.5, 42, -176.62266874539554)
[patricia] Connecting to Brain at ws://localhost:8767
[patricia] ✅ Brain connected
[patricia] Brain command: registered
Error: write EPIPE
    at afterWriteDispatched (node:internal/stream_base_commons:159:15)
    at writeGeneric (node:internal/stream_base_commons:150:3)
    at Socket._writeGeneric (node:net:966:11)
    at Socket._write (node:net:978:8)
    at writeOrBuffer (node:internal/streams/writable:572:12)
    at _write (node:internal/streams/writable:501:10)
    at Writable.write (node:internal/streams/writable:510:10)
    at Framer.ondata (/root/.openclaw/workspace/node_modules/readable-stream/lib/internal/streams/readable.js:707:22)
    at Framer.emit (node:events:519:28)
    at addChunk (/root/.openclaw/workspace/node_modules/readable-stream/lib/internal/streams/readable.js:323:12) {
  errno: -32,
  code: 'EPIPE',
  syscall: 'write'
}
[patricia] Error: write EPIPE
[patricia] Disconnected
[patricia] Starting autonomous agent...
[patricia] Waiting for spawn...
[patricia] ✅ Spawned in world at (-219.6867917120811, 42, -177.33636884904536)
[patricia] Connecting to Brain at ws://localhost:8767
[patricia] ✅ Brain connected
[patricia] Chat: forge: Agent forge online!
[patricia] Brain command: registered
Error: write EPIPE
    at afterWriteDispatched (node:internal/stream_base_commons:159:15)
    at writeGeneric (node:internal/stream_base_commons:150:3)
    at Socket._writeGeneric (node:net:966:11)
    at Socket._write (node:net:978:8)
    at writeOrBuffer (node:internal/streams/writable:572:12)
    at _write (node:internal/streams/writable:501:10)
    at Writable.write (node:internal/streams/writable:510:10)
    at Framer.ondata (/root/.openclaw/workspace/node_modules/readable-stream/lib/internal/streams/readable.js:707:22)
    at Framer.emit (node:events:519:28)
    at addChunk (/root/.openclaw/workspace/node_modules/readable-stream/lib/internal/streams/readable.js:323:12) {
  errno: -32,
  code: 'EPIPE',
  syscall: 'write'
}
[patricia] Error: write EPIPE
[patricia] Disconnected
[patricia] Starting autonomous agent...
[patricia] Waiting for spawn...
[patricia] Disconnected
[patricia] Starting autonomous agent...
[patricia] Waiting for spawn...
[patricia] ✅ Spawned in world at (-221.76284878840426, 43, -178.7)
[patricia] Connecting to Brain at ws://localhost:8767
[patricia] ✅ Brain connected
[patricia] Brain command: registered
Error: write EPIPE
    at afterWriteDispatched (node:internal/stream_base_commons:159:15)
    at writeGeneric (node:internal/stream_base_commons:150:3)
    at Socket._writeGeneric (node:net:966:11)
    at Socket._write (node:net:978:8)
    at writeOrBuffer (node:internal/streams/writable:572:12)
    at _write (node:internal/streams/writable:501:10)
    at Writable.write (node:internal/streams/writable:510:10)
    at Framer.ondata (/root/.openclaw/workspace/node_modules/readable-stream/lib/internal/streams/readable.js:707:22)
    at Framer.emit (node:events:519:28)
    at addChunk (/root/.openclaw/workspace/node_modules/readable-stream/lib/internal/streams/readable.js:323:12) {
  errno: -32,
  code: 'EPIPE',
  syscall: 'write'
}
[patricia] Error: write EPIPE
[patricia] Disconnected
[patricia] Starting autonomous agent...
[patricia] Waiting for spawn...
[patricia] Chat: forge: Agent forge online!
[patricia] ✅ Spawned in world at (-226.5, 41, -175.5)
[patricia] Connecting to Brain at ws://localhost:8767
[patricia] ✅ Brain connected
[patricia] Brain command: registered
Error: write EPIPE
    at afterWriteDispatched (node:internal/stream_base_commons:159:15)
    at writeGeneric (node:internal/stream_base_commons:150:3)
    at Socket._writeGeneric (node:net:966:11)
    at Socket._write (node:net:978:8)
    at writeOrBuffer (node:internal/streams/writable:572:12)
    at _write (node:internal/streams/writable:501:10)
    at Writable.write (node:internal/streams/writable:510:10)
    at Framer.ondata (/root/.openclaw/workspace/node_modules/readable-stream/lib/internal/streams/readable.js:707:22)
    at Framer.emit (node:events:519:28)
    at addChunk (/root/.openclaw/workspace/node_modules/readable-stream/lib/internal/streams/readable.js:323:12) {
  errno: -32,
  code: 'EPIPE',
  syscall: 'write'
}
[patricia] Error: write EPIPE
[patricia] Disconnected
[patricia] Starting autonomous agent...
[patricia] Waiting for spawn...
[patricia] Disconnected
[patricia] Starting autonomous agent...
[patricia] Waiting for spawn...
[patricia] Starting autonomous agent...
[patricia] Waiting for spawn...
[patricia] ✅ Spawned in world at (-225.4946787721059, 41, -176.5)
[patricia] Connecting to Brain at ws://localhost:8767
[patricia] ✅ Brain connected
[patricia] Brain command: registered
[patricia] Disconnected
Error: write EPIPE
    at afterWriteDispatched (node:internal/stream_base_commons:159:15)
    at writeGeneric (node:internal/stream_base_commons:150:3)
    at Socket._writeGeneric (node:net:966:11)
    at Socket._write (node:net:978:8)
    at writeOrBuffer (node:internal/streams/writable:572:12)
    at _write (node:internal/streams/writable:501:10)
    at Writable.write (node:internal/streams/writable:510:10)
    at Framer.ondata (/root/.openclaw/workspace/node_modules/readable-stream/lib/internal/streams/readable.js:707:22)
    at Framer.emit (node:events:519:28)
    at addChunk (/root/.openclaw/workspace/node_modules/readable-stream/lib/internal/streams/readable.js:323:12) {
  errno: -32,
  code: 'EPIPE',
  syscall: 'write'
}
[patricia] Error: write EPIPE
[patricia] Disconnected
[patricia] Starting autonomous agent...
[patricia] Waiting for spawn...
[patricia] ✅ Spawned in world at (-225.4946787721059, 41, -176.5)
[patricia] Connecting to Brain at ws://localhost:8767
[patricia] ✅ Brain connected
[patricia] Brain command: registered
Error: write EPIPE
    at afterWriteDispatched (node:internal/stream_base_commons:159:15)
    at writeGeneric (node:internal/stream_base_commons:150:3)
    at Socket._writeGeneric (node:net:966:11)
    at Socket._write (node:net:978:8)
    at writeOrBuffer (node:internal/streams/writable:572:12)
    at _write (node:internal/streams/writable:501:10)
    at Writable.write (node:internal/streams/writable:510:10)
    at Framer.ondata (/root/.openclaw/workspace/node_modules/readable-stream/lib/internal/streams/readable.js:707:22)
    at Framer.emit (node:events:519:28)
    at addChunk (/root/.openclaw/workspace/node_modules/readable-stream/lib/internal/streams/readable.js:323:12) {
  errno: -32,
  code: 'EPIPE',
  syscall: 'write'
}
[patricia] Error: write EPIPE
[patricia] Disconnected
[patricia] Starting autonomous agent...
[patricia] Waiting for spawn...
[patricia] ✅ Spawned in world at (-225.4946787721059, 41, -176.5)
[patricia] Connecting to Brain at ws://localhost:8767
[patricia] ✅ Brain connected
[patricia] Brain command: registered
Error: write EPIPE
    at afterWriteDispatched (node:internal/stream_base_commons:159:15)
    at writeGeneric (node:internal/stream_base_commons:150:3)
    at Socket._writeGeneric (node:net:966:11)
    at Socket._write (node:net:978:8)
    at writeOrBuffer (node:internal/streams/writable:572:12)
    at _write (node:internal/streams/writable:501:10)
    at Writable.write (node:internal/streams/writable:510:10)
    at Framer.ondata (/root/.openclaw/workspace/node_modules/readable-stream/lib/internal/streams/readable.js:707:22)
    at Framer.emit (node:events:519:28)
    at addChunk (/root/.openclaw/workspace/node_modules/readable-stream/lib/internal/streams/readable.js:323:12) {
  errno: -32,
  code: 'EPIPE',
  syscall: 'write'
}
[patricia] Error: write EPIPE
[patricia] Disconnected
[patricia] Starting autonomous agent...
[patricia] Waiting for spawn...
[patricia] ✅ Spawned in world at (-225.4946787721059, 41, -176.5)
[patricia] Connecting to Brain at ws://localhost:8767
[patricia] ✅ Brain connected
[patricia] Brain command: registered
Error: write EPIPE
    at afterWriteDispatched (node:internal/stream_base_commons:159:15)
    at writeGeneric (node:internal/stream_base_commons:150:3)
    at Socket._writeGeneric (node:net:966:11)
    at Socket._write (node:net:978:8)
    at writeOrBuffer (node:internal/streams/writable:572:12)
    at _write (node:internal/streams/writable:501:10)
    at Writable.write (node:internal/streams/writable:510:10)
    at Framer.ondata (/root/.openclaw/workspace/node_modules/readable-stream/lib/internal/streams/readable.js:707:22)
    at Framer.emit (node:events:519:28)
    at addChunk (/root/.openclaw/workspace/node_modules/readable-stream/lib/internal/streams/readable.js:323:12) {
  errno: -32,
  code: 'EPIPE',
  syscall: 'write'
}
[patricia] Error: write EPIPE
[patricia] Disconnected
[patricia] Starting autonomous agent...
[patricia] Waiting for spawn...
[patricia] ✅ Spawned in world at (-225.49900848327746, 41, -174.00596546939562)
[patricia] Connecting to Brain at ws://localhost:8767
[patricia] ✅ Brain connected
[patricia] Brain command: registered
Error: write EPIPE
    at afterWriteDispatched (node:internal/stream_base_commons:159:15)
    at writeGeneric (node:internal/stream_base_commons:150:3)
    at Socket._writeGeneric (node:net:966:11)
    at Socket._write (node:net:978:8)
    at writeOrBuffer (node:internal/streams/writable:572:12)
    at _write (node:internal/streams/writable:501:10)
    at Writable.write (node:internal/streams/writable:510:10)
    at Framer.ondata (/root/.openclaw/workspace/node_modules/readable-stream/lib/internal/streams/readable.js:707:22)
    at Framer.emit (node:events:519:28)
    at addChunk (/root/.openclaw/workspace/node_modules/readable-stream/lib/internal/streams/readable.js:323:12) {
  errno: -32,
  code: 'EPIPE',
  syscall: 'write'
}
[patricia] Error: write EPIPE
[patricia] Disconnected
[patricia] Starting autonomous agent...
[patricia] Waiting for spawn...
[patricia] Disconnected
[patricia] Starting autonomous agent...
[patricia] Waiting for spawn...
[patricia] ✅ Spawned in world at (-225.49900848327746, 41, -174.00596546939562)
[patricia] Connecting to Brain at ws://localhost:8767
[patricia] ✅ Brain connected
[patricia] Brain command: registered
Error: write EPIPE
    at afterWriteDispatched (node:internal/stream_base_commons:159:15)
    at writeGeneric (node:internal/stream_base_commons:150:3)
    at Socket._writeGeneric (node:net:966:11)
    at Socket._write (node:net:978:8)
    at writeOrBuffer (node:internal/streams/writable:572:12)
    at _write (node:internal/streams/writable:501:10)
    at Writable.write (node:internal/streams/writable:510:10)
    at Framer.ondata (/root/.openclaw/workspace/node_modules/readable-stream/lib/internal/streams/readable.js:707:22)
    at Framer.emit (node:events:519:28)
    at addChunk (/root/.openclaw/workspace/node_modules/readable-stream/lib/internal/streams/readable.js:323:12) {
  errno: -32,
  code: 'EPIPE',
  syscall: 'write'
}
[patricia] Error: write EPIPE
[patricia] Disconnected
[patricia] Starting autonomous agent...
[patricia] Waiting for spawn...
[patricia] ✅ Spawned in world at (-229.51549321323898, 40, -174.49175569320693)
[patricia] Connecting to Brain at ws://localhost:8767
[patricia] Chat: aurora: Agent aurora online!
[patricia] ✅ Brain connected
[patricia] Brain command: registered
Error: client timed out after 30000 milliseconds
    at Timeout._onTimeout (/root/.openclaw/workspace/node_modules/minecraft-protocol/src/client/keepalive.js:18:28)
    at listOnTimeout (node:internal/timers:585:17)
    at process.processTimers (node:internal/timers:521:7)
[patricia] Error: client timed out after 30000 milliseconds
[patricia] Chat: forge2: Agent forge2 online!
[patricia] Disconnected
[patricia] Starting autonomous agent...
[patricia] Waiting for spawn...
[patricia] ✅ Spawned in world at (-229.38000186968543, 40, -174.4976779867004)
[patricia] Connecting to Brain at ws://localhost:8767
[patricia] ✅ Brain connected
[patricia] Brain command: registered
Error: write EPIPE
    at afterWriteDispatched (node:internal/stream_base_commons:159:15)
    at writeGeneric (node:internal/stream_base_commons:150:3)
    at Socket._writeGeneric (node:net:966:11)
    at Socket._write (node:net:978:8)
    at writeOrBuffer (node:internal/streams/writable:572:12)
    at _write (node:internal/streams/writable:501:10)
    at Writable.write (node:internal/streams/writable:510:10)
    at Framer.ondata (/root/.openclaw/workspace/node_modules/readable-stream/lib/internal/streams/readable.js:707:22)
    at Framer.emit (node:events:519:28)
    at addChunk (/root/.openclaw/workspace/node_modules/readable-stream/lib/internal/streams/readable.js:323:12) {
  errno: -32,
  code: 'EPIPE',
  syscall: 'write'
}
[patricia] Error: write EPIPE
[patricia] Disconnected
[patricia] Starting autonomous agent...
[patricia] Waiting for spawn...
[patricia] ✅ Spawned in world at (-229.38000186968543, 40, -174.4976779867004)
[patricia] Connecting to Brain at ws://localhost:8767
[patricia] ✅ Brain connected
[patricia] Brain command: registered
Error: write EPIPE
    at afterWriteDispatched (node:internal/stream_base_commons:159:15)
    at writeGeneric (node:internal/stream_base_commons:150:3)
    at Socket._writeGeneric (node:net:966:11)
    at Socket._write (node:net:978:8)
    at writeOrBuffer (node:internal/streams/writable:572:12)
    at _write (node:internal/streams/writable:501:10)
    at Writable.write (node:internal/streams/writable:510:10)
    at Framer.ondata (/root/.openclaw/workspace/node_modules/readable-stream/lib/internal/streams/readable.js:707:22)
    at Framer.emit (node:events:519:28)
    at addChunk (/root/.openclaw/workspace/node_modules/readable-stream/lib/internal/streams/readable.js:323:12) {
  errno: -32,
  code: 'EPIPE',
  syscall: 'write'
}
[patricia] Error: write EPIPE
[patricia] Disconnected
[patricia] Starting autonomous agent...
[patricia] Waiting for spawn...
[patricia] ✅ Spawned in world at (-227.5, 40, -174.49959572796018)
[patricia] Connecting to Brain at ws://localhost:8767
[patricia] ✅ Brain connected
[patricia] Brain command: registered
Error: write EPIPE
    at afterWriteDispatched (node:internal/stream_base_commons:159:15)
    at writeGeneric (node:internal/stream_base_commons:150:3)
    at Socket._writeGeneric (node:net:966:11)
    at Socket._write (node:net:978:8)
    at writeOrBuffer (node:internal/streams/writable:572:12)
    at _write (node:internal/streams/writable:501:10)
    at Writable.write (node:internal/streams/writable:510:10)
    at Framer.ondata (/root/.openclaw/workspace/node_modules/readable-stream/lib/internal/streams/readable.js:707:22)
    at Framer.emit (node:events:519:28)
    at addChunk (/root/.openclaw/workspace/node_modules/readable-stream/lib/internal/streams/readable.js:323:12) {
  errno: -32,
  code: 'EPIPE',
  syscall: 'write'
}
[patricia] Error: write EPIPE
[patricia] Disconnected
[patricia] Starting autonomous agent...
[patricia] Waiting for spawn...
[patricia] ✅ Spawned in world at (-225.48824914971652, 41, -176.5)
[patricia] Connecting to Brain at ws://localhost:8767
[patricia] ✅ Brain connected
[patricia] Brain command: registered
Error: write EPIPE
    at afterWriteDispatched (node:internal/stream_base_commons:159:15)
    at writeGeneric (node:internal/stream_base_commons:150:3)
    at Socket._writeGeneric (node:net:966:11)
    at Socket._write (node:net:978:8)
    at writeOrBuffer (node:internal/streams/writable:572:12)
    at _write (node:internal/streams/writable:501:10)
    at Writable.write (node:internal/streams/writable:510:10)
    at Framer.ondata (/root/.openclaw/workspace/node_modules/readable-stream/lib/internal/streams/readable.js:707:22)
    at Framer.emit (node:events:519:28)
    at addChunk (/root/.openclaw/workspace/node_modules/readable-stream/lib/internal/streams/readable.js:323:12) {
  errno: -32,
  code: 'EPIPE',
  syscall: 'write'
}
[patricia] Error: write EPIPE
[patricia] Disconnected
[patricia] Starting autonomous agent...
[patricia] Waiting for spawn...
[patricia] ✅ Spawned in world at (-222.6616934677963, 45.7531999805212, -181.64708200576945)
[patricia] Connecting to Brain at ws://localhost:8767
[patricia] ✅ Brain connected
[patricia] Brain command: registered
Error: write EPIPE
    at afterWriteDispatched (node:internal/stream_base_commons:159:15)
    at writeGeneric (node:internal/stream_base_commons:150:3)
    at Socket._writeGeneric (node:net:966:11)
    at Socket._write (node:net:978:8)
    at writeOrBuffer (node:internal/streams/writable:572:12)
    at _write (node:internal/streams/writable:501:10)
    at Writable.write (node:internal/streams/writable:510:10)
    at Framer.ondata (/root/.openclaw/workspace/node_modules/readable-stream/lib/internal/streams/readable.js:707:22)
    at Framer.emit (node:events:519:28)
    at addChunk (/root/.openclaw/workspace/node_modules/readable-stream/lib/internal/streams/readable.js:323:12) {
  errno: -32,
  code: 'EPIPE',
  syscall: 'write'
}
[patricia] Error: write EPIPE
[patricia] Disconnected
[patricia] Starting autonomous agent...
[patricia] Waiting for spawn...
[patricia] ✅ Spawned in world at (-222.78717210985187, 45, -181.62503924842306)
[patricia] Connecting to Brain at ws://localhost:8767
[patricia] ✅ Brain connected
[patricia] Brain command: registered
Error: write EPIPE
    at afterWriteDispatched (node:internal/stream_base_commons:159:15)
    at writeGeneric (node:internal/stream_base_commons:150:3)
    at Socket._writeGeneric (node:net:966:11)
    at Socket._write (node:net:978:8)
    at writeOrBuffer (node:internal/streams/writable:572:12)
    at _write (node:internal/streams/writable:501:10)
    at Writable.write (node:internal/streams/writable:510:10)
    at Framer.ondata (/root/.openclaw/workspace/node_modules/readable-stream/lib/internal/streams/readable.js:707:22)
    at Framer.emit (node:events:519:28)
    at addChunk (/root/.openclaw/workspace/node_modules/readable-stream/lib/internal/streams/readable.js:323:12) {
  errno: -32,
  code: 'EPIPE',
  syscall: 'write'
}
[patricia] Error: write EPIPE
[patricia] Disconnected
[patricia] Starting autonomous agent...
[patricia] Waiting for spawn...
[patricia] ✅ Spawned in world at (-214.86357693461716, 41.81113598944093, -174.3)
[patricia] Connecting to Brain at ws://localhost:8767
[patricia] ✅ Brain connected
[patricia] Brain command: registered
[patricia] Chat: aurora: Agent aurora online!
[patricia] Chat: chelios: Agent chelios online!
[patricia] Chat: forge2: Agent forge2 online!
Error: client timed out after 30000 milliseconds
    at Timeout._onTimeout (/root/.openclaw/workspace/node_modules/minecraft-protocol/src/client/keepalive.js:18:28)
    at listOnTimeout (node:internal/timers:585:17)
    at process.processTimers (node:internal/timers:521:7)
[patricia] Error: client timed out after 30000 milliseconds
[patricia] Disconnected
[patricia] Starting autonomous agent...
[patricia] Waiting for spawn...
[patricia] Disconnected
[patricia] Starting autonomous agent...
[patricia] Waiting for spawn...
[patricia] ✅ Spawned in world at (-208.5, 43, -178.49339000429035)
[patricia] Connecting to Brain at ws://localhost:8767
[patricia] ✅ Brain connected
[patricia] Brain command: registered
Error: write EPIPE
    at afterWriteDispatched (node:internal/stream_base_commons:159:15)
    at writeGeneric (node:internal/stream_base_commons:150:3)
    at Socket._writeGeneric (node:net:966:11)
    at Socket._write (node:net:978:8)
    at writeOrBuffer (node:internal/streams/writable:572:12)
    at _write (node:internal/streams/writable:501:10)
    at Writable.write (node:internal/streams/writable:510:10)
    at Framer.ondata (/root/.openclaw/workspace/node_modules/readable-stream/lib/internal/streams/readable.js:707:22)
    at Framer.emit (node:events:519:28)
    at addChunk (/root/.openclaw/workspace/node_modules/readable-stream/lib/internal/streams/readable.js:323:12) {
  errno: -32,
  code: 'EPIPE',
  syscall: 'write'
}
[patricia] Error: write EPIPE
[patricia] Disconnected
[patricia] Starting autonomous agent...
[patricia] Waiting for spawn...
[patricia] ✅ Spawned in world at (-207.68504040619052, 43, -178.4969563390341)
[patricia] Connecting to Brain at ws://localhost:8767
[patricia] ✅ Brain connected
[patricia] Brain command: registered
[patricia] Chat: chelios: Agent chelios online!
Error: client timed out after 30000 milliseconds
    at Timeout._onTimeout (/root/.openclaw/workspace/node_modules/minecraft-protocol/src/client/keepalive.js:18:28)
    at listOnTimeout (node:internal/timers:585:17)
    at process.processTimers (node:internal/timers:521:7)
[patricia] Error: client timed out after 30000 milliseconds
[patricia] Chat: aurora: Agent aurora online!
[patricia] Disconnected
[patricia] Starting autonomous agent...
[patricia] Waiting for spawn...
[patricia] ✅ Spawned in world at (-217.49892803096193, 42, -175.8741751946506)
[patricia] Connecting to Brain at ws://localhost:8767
[patricia] ✅ Brain connected
[patricia] Brain command: registered
Error: write EPIPE
    at afterWriteDispatched (node:internal/stream_base_commons:159:15)
    at writeGeneric (node:internal/stream_base_commons:150:3)
    at Socket._writeGeneric (node:net:966:11)
    at Socket._write (node:net:978:8)
    at writeOrBuffer (node:internal/streams/writable:572:12)
    at _write (node:internal/streams/writable:501:10)
    at Writable.write (node:internal/streams/writable:510:10)
    at Framer.ondata (/root/.openclaw/workspace/node_modules/readable-stream/lib/internal/streams/readable.js:707:22)
    at Framer.emit (node:events:519:28)
    at addChunk (/root/.openclaw/workspace/node_modules/readable-stream/lib/internal/streams/readable.js:323:12) {
  errno: -32,
  code: 'EPIPE',
  syscall: 'write'
}
[patricia] Error: write EPIPE
[patricia] Disconnected
[patricia] Starting autonomous agent...
[patricia] Waiting for spawn...
[patricia] Chat: forge: Agent forge online!
[patricia] ✅ Spawned in world at (-217.49960486679709, 42, -175.74162570699036)
[patricia] Connecting to Brain at ws://localhost:8767
[patricia] ✅ Brain connected
[patricia] Brain command: registered
Error: write EPIPE
    at afterWriteDispatched (node:internal/stream_base_commons:159:15)
    at writeGeneric (node:internal/stream_base_commons:150:3)
    at Socket._writeGeneric (node:net:966:11)
    at Socket._write (node:net:978:8)
    at writeOrBuffer (node:internal/streams/writable:572:12)
    at _write (node:internal/streams/writable:501:10)
    at Writable.write (node:internal/streams/writable:510:10)
    at Framer.ondata (/root/.openclaw/workspace/node_modules/readable-stream/lib/internal/streams/readable.js:707:22)
    at Framer.emit (node:events:519:28)
    at addChunk (/root/.openclaw/workspace/node_modules/readable-stream/lib/internal/streams/readable.js:323:12) {
  errno: -32,
  code: 'EPIPE',
  syscall: 'write'
}
[patricia] Error: write EPIPE
[patricia] Disconnected
[patricia] Starting autonomous agent...
[patricia] Waiting for spawn...
[patricia] Disconnected
[patricia] Starting autonomous agent...
[patricia] Waiting for spawn...
[patricia] ✅ Spawned in world at (-216.64967780626193, 42, -174.68612528434375)
[patricia] Connecting to Brain at ws://localhost:8767
[patricia] ✅ Brain connected
[patricia] Brain command: registered
Error: write EPIPE
    at afterWriteDispatched (node:internal/stream_base_commons:159:15)
    at writeGeneric (node:internal/stream_base_commons:150:3)
    at Socket._writeGeneric (node:net:966:11)
    at Socket._write (node:net:978:8)
    at writeOrBuffer (node:internal/streams/writable:572:12)
    at _write (node:internal/streams/writable:501:10)
    at Writable.write (node:internal/streams/writable:510:10)
    at Framer.ondata (/root/.openclaw/workspace/node_modules/readable-stream/lib/internal/streams/readable.js:707:22)
    at Framer.emit (node:events:519:28)
    at addChunk (/root/.openclaw/workspace/node_modules/readable-stream/lib/internal/streams/readable.js:323:12) {
  errno: -32,
  code: 'EPIPE',
  syscall: 'write'
}
[patricia] Error: write EPIPE
[patricia] Disconnected
[patricia] Starting autonomous agent...
[patricia] Waiting for spawn...
[patricia] Disconnected
[patricia] Starting autonomous agent...
[patricia] Waiting for spawn...
[patricia] ✅ Spawned in world at (-218.56180113971652, 42, -179.36899732744686)
[patricia] Connecting to Brain at ws://localhost:8767
[patricia] ✅ Brain connected
[patricia] Brain command: registered
Error: write EPIPE
    at afterWriteDispatched (node:internal/stream_base_commons:159:15)
    at writeGeneric (node:internal/stream_base_commons:150:3)
    at Socket._writeGeneric (node:net:966:11)
    at Socket._write (node:net:978:8)
    at writeOrBuffer (node:internal/streams/writable:572:12)
    at _write (node:internal/streams/writable:501:10)
    at Writable.write (node:internal/streams/writable:510:10)
    at Framer.ondata (/root/.openclaw/workspace/node_modules/readable-stream/lib/internal/streams/readable.js:707:22)
    at Framer.emit (node:events:519:28)
    at addChunk (/root/.openclaw/workspace/node_modules/readable-stream/lib/internal/streams/readable.js:323:12) {
  errno: -32,
  code: 'EPIPE',
  syscall: 'write'
}
[patricia] Error: write EPIPE
[patricia] Disconnected
[patricia] Starting autonomous agent...
[patricia] Waiting for spawn...
[patricia] Disconnected
[patricia] Starting autonomous agent...
[patricia] Waiting for spawn...
[patricia] Disconnected
[patricia] Starting autonomous agent...
[patricia] Waiting for spawn...
[patricia] Disconnected
[patricia] Starting autonomous agent...
[patricia] Waiting for spawn...
[patricia] ✅ Spawned in world at (-217.43150991911136, 42, -177.36745048837355)
[patricia] Connecting to Brain at ws://localhost:8767
[patricia] ✅ Brain connected
[patricia] Brain command: registered
[patricia] Chat: patricia2: Agent patricia2 online!
Error: client timed out after 30000 milliseconds
    at Timeout._onTimeout (/root/.openclaw/workspace/node_modules/minecraft-protocol/src/client/keepalive.js:18:28)
    at listOnTimeout (node:internal/timers:585:17)
    at process.processTimers (node:internal/timers:521:7)
[patricia] Error: client timed out after 30000 milliseconds
[patricia] Disconnected
[patricia] Starting autonomous agent...
[patricia] Waiting for spawn...
[patricia] ✅ Spawned in world at (-234.7, 38, -169.7)
[patricia] Connecting to Brain at ws://localhost:8767
[patricia] ✅ Brain connected
[patricia] Brain command: registered
Error: write ECONNRESET
    at afterWriteDispatched (node:internal/stream_base_commons:159:15)
    at writeGeneric (node:internal/stream_base_commons:150:3)
    at Socket._writeGeneric (node:net:966:11)
    at Socket._write (node:net:978:8)
    at writeOrBuffer (node:internal/streams/writable:572:12)
    at _write (node:internal/streams/writable:501:10)
    at Writable.write (node:internal/streams/writable:510:10)
    at Framer.ondata (/root/.openclaw/workspace/node_modules/readable-stream/lib/internal/streams/readable.js:707:22)
    at Framer.emit (node:events:519:28)
    at addChunk (/root/.openclaw/workspace/node_modules/readable-stream/lib/internal/streams/readable.js:323:12) {
  errno: -104,
  code: 'ECONNRESET',
  syscall: 'write'
}
[patricia] Error: write ECONNRESET
[patricia] Disconnected
[patricia] Starting autonomous agent...
[patricia] Waiting for spawn...
[patricia] ✅ Spawned in world at (-234.41741750554928, 39, -168.4596706323294)
[patricia] Connecting to Brain at ws://localhost:8767
[patricia] ✅ Brain connected
[patricia] Brain command: registered
Error: write EPIPE
    at afterWriteDispatched (node:internal/stream_base_commons:159:15)
    at writeGeneric (node:internal/stream_base_commons:150:3)
    at Socket._writeGeneric (node:net:966:11)
    at Socket._write (node:net:978:8)
    at writeOrBuffer (node:internal/streams/writable:572:12)
    at _write (node:internal/streams/writable:501:10)
    at Writable.write (node:internal/streams/writable:510:10)
    at Framer.ondata (/root/.openclaw/workspace/node_modules/readable-stream/lib/internal/streams/readable.js:707:22)
    at Framer.emit (node:events:519:28)
    at addChunk (/root/.openclaw/workspace/node_modules/readable-stream/lib/internal/streams/readable.js:323:12) {
  errno: -32,
  code: 'EPIPE',
  syscall: 'write'
}
[patricia] Error: write EPIPE
[patricia] Disconnected
[patricia] Starting autonomous agent...
[patricia] Waiting for spawn...
[patricia] ✅ Spawned in world at (-234.48682862109342, 38, -170.5)
[patricia] Connecting to Brain at ws://localhost:8767
[patricia] ✅ Brain connected
[patricia] Brain command: registered
Error: write ECONNRESET
    at afterWriteDispatched (node:internal/stream_base_commons:159:15)
    at writeGeneric (node:internal/stream_base_commons:150:3)
    at Socket._writeGeneric (node:net:966:11)
    at Socket._write (node:net:978:8)
    at writeOrBuffer (node:internal/streams/writable:572:12)
    at _write (node:internal/streams/writable:501:10)
    at Writable.write (node:internal/streams/writable:510:10)
    at Framer.ondata (/root/.openclaw/workspace/node_modules/readable-stream/lib/internal/streams/readable.js:707:22)
    at Framer.emit (node:events:519:28)
    at addChunk (/root/.openclaw/workspace/node_modules/readable-stream/lib/internal/streams/readable.js:323:12) {
  errno: -104,
  code: 'ECONNRESET',
  syscall: 'write'
}
[patricia] Error: write ECONNRESET
[patricia] Disconnected
[patricia] Starting autonomous agent...
[patricia] Waiting for spawn...
[patricia] Chat: chelios: Agent chelios online!
[patricia] ✅ Spawned in world at (-234.48682862109342, 38, -170.5)
[patricia] Connecting to Brain at ws://localhost:8767
[patricia] ✅ Brain connected
[patricia] Brain command: registered
Error: write EPIPE
    at afterWriteDispatched (node:internal/stream_base_commons:159:15)
    at writeGeneric (node:internal/stream_base_commons:150:3)
    at Socket._writeGeneric (node:net:966:11)
    at Socket._write (node:net:978:8)
    at writeOrBuffer (node:internal/streams/writable:572:12)
    at _write (node:internal/streams/writable:501:10)
    at Writable.write (node:internal/streams/writable:510:10)
    at Framer.ondata (/root/.openclaw/workspace/node_modules/readable-stream/lib/internal/streams/readable.js:707:22)
    at Framer.emit (node:events:519:28)
    at addChunk (/root/.openclaw/workspace/node_modules/readable-stream/lib/internal/streams/readable.js:323:12) {
  errno: -32,
  code: 'EPIPE',
  syscall: 'write'
}
[patricia] Error: write EPIPE
[patricia] Disconnected
[patricia] Starting autonomous agent...
[patricia] Waiting for spawn...
[patricia] ✅ Spawned in world at (-234.73293208446788, 40.087709259412335, -168.3)
[patricia] Connecting to Brain at ws://localhost:8767
[patricia] ✅ Brain connected
[patricia] Brain command: registered
Error: write EPIPE
    at afterWriteDispatched (node:internal/stream_base_commons:159:15)
    at writeGeneric (node:internal/stream_base_commons:150:3)
    at Socket._writeGeneric (node:net:966:11)
    at Socket._write (node:net:978:8)
    at writeOrBuffer (node:internal/streams/writable:572:12)
    at _write (node:internal/streams/writable:501:10)
    at Writable.write (node:internal/streams/writable:510:10)
    at Framer.ondata (/root/.openclaw/workspace/node_modules/readable-stream/lib/internal/streams/readable.js:707:22)
    at Framer.emit (node:events:519:28)
    at addChunk (/root/.openclaw/workspace/node_modules/readable-stream/lib/internal/streams/readable.js:323:12) {
  errno: -32,
  code: 'EPIPE',
  syscall: 'write'
}
[patricia] Error: write EPIPE
[patricia] Disconnected
[patricia] Starting autonomous agent...
[patricia] Waiting for spawn...
[patricia] ✅ Spawned in world at (-234.82480100938605, 40, -168.32086829408263)
[patricia] Connecting to Brain at ws://localhost:8767
[patricia] ✅ Brain connected
[patricia] Brain command: registered
Error: write EPIPE
    at afterWriteDispatched (node:internal/stream_base_commons:159:15)
    at writeGeneric (node:internal/stream_base_commons:150:3)
    at Socket._writeGeneric (node:net:966:11)
    at Socket._write (node:net:978:8)
    at writeOrBuffer (node:internal/streams/writable:572:12)
    at _write (node:internal/streams/writable:501:10)
    at Writable.write (node:internal/streams/writable:510:10)
    at Framer.ondata (/root/.openclaw/workspace/node_modules/readable-stream/lib/internal/streams/readable.js:707:22)
    at Framer.emit (node:events:519:28)
    at addChunk (/root/.openclaw/workspace/node_modules/readable-stream/lib/internal/streams/readable.js:323:12) {
  errno: -32,
  code: 'EPIPE',
  syscall: 'write'
}
[patricia] Error: write EPIPE
[patricia] Disconnected
[patricia] Starting autonomous agent...
[patricia] Waiting for spawn...
[patricia] ✅ Spawned in world at (-234.5, 39, -168.32086829408263)
[patricia] Connecting to Brain at ws://localhost:8767
[patricia] ✅ Brain connected
[patricia] Brain command: registered
Error: write ECONNRESET
    at afterWriteDispatched (node:internal/stream_base_commons:159:15)
    at writeGeneric (node:internal/stream_base_commons:150:3)
    at Socket._writeGeneric (node:net:966:11)
    at Socket._write (node:net:978:8)
    at writeOrBuffer (node:internal/streams/writable:572:12)
    at _write (node:internal/streams/writable:501:10)
    at Writable.write (node:internal/streams/writable:510:10)
    at Framer.ondata (/root/.openclaw/workspace/node_modules/readable-stream/lib/internal/streams/readable.js:707:22)
    at Framer.emit (node:events:519:28)
    at addChunk (/root/.openclaw/workspace/node_modules/readable-stream/lib/internal/streams/readable.js:323:12) {
  errno: -104,
  code: 'ECONNRESET',
  syscall: 'write'
}
[patricia] Error: write ECONNRESET
[patricia] Disconnected
[patricia] Starting autonomous agent...
[patricia] Waiting for spawn...
[patricia] Chat: forge: Agent forge online!
[patricia] ✅ Spawned in world at (-234.5, 39, -168.32086829408263)
[patricia] Connecting to Brain at ws://localhost:8767
[patricia] ✅ Brain connected
[patricia] Brain command: registered
Error: write EPIPE
    at afterWriteDispatched (node:internal/stream_base_commons:159:15)
    at writeGeneric (node:internal/stream_base_commons:150:3)
    at Socket._writeGeneric (node:net:966:11)
    at Socket._write (node:net:978:8)
    at writeOrBuffer (node:internal/streams/writable:572:12)
    at _write (node:internal/streams/writable:501:10)
    at Writable.write (node:internal/streams/writable:510:10)
    at Framer.ondata (/root/.openclaw/workspace/node_modules/readable-stream/lib/internal/streams/readable.js:707:22)
    at Framer.emit (node:events:519:28)
    at addChunk (/root/.openclaw/workspace/node_modules/readable-stream/lib/internal/streams/readable.js:323:12) {
  errno: -32,
  code: 'EPIPE',
  syscall: 'write'
}
[patricia] Error: write EPIPE
[patricia] Disconnected
[patricia] Starting autonomous agent...
[patricia] Waiting for spawn...
[patricia] ✅ Spawned in world at (-235.63436676325458, 39.221511169927275, -167.79181134276234)
[patricia] Connecting to Brain at ws://localhost:8767
[patricia] ✅ Brain connected
[patricia] Brain command: registered
[patricia] Chat: patricia2: Agent patricia2 online!
[patricia] Chat: forge2: Agent forge2 online!
Error: client timed out after 30000 milliseconds
    at Timeout._onTimeout (/root/.openclaw/workspace/node_modules/minecraft-protocol/src/client/keepalive.js:18:28)
    at listOnTimeout (node:internal/timers:585:17)
    at process.processTimers (node:internal/timers:521:7)
[patricia] Error: client timed out after 30000 milliseconds
[patricia] Disconnected
[patricia] Starting autonomous agent...
[patricia] Waiting for spawn...
[patricia] ✅ Spawned in world at (-226.69999998807907, 42.5415999853611, -186.7)
[patricia] Connecting to Brain at ws://localhost:8767
[patricia] ✅ Brain connected
[patricia] Brain command: registered
Error: write EPIPE
    at afterWriteDispatched (node:internal/stream_base_commons:159:15)
    at writeGeneric (node:internal/stream_base_commons:150:3)
    at Socket._writeGeneric (node:net:966:11)
    at Socket._write (node:net:978:8)
    at writeOrBuffer (node:internal/streams/writable:572:12)
    at _write (node:internal/streams/writable:501:10)
    at Writable.write (node:internal/streams/writable:510:10)
    at Framer.ondata (/root/.openclaw/workspace/node_modules/readable-stream/lib/internal/streams/readable.js:707:22)
    at Framer.emit (node:events:519:28)
    at addChunk (/root/.openclaw/workspace/node_modules/readable-stream/lib/internal/streams/readable.js:323:12) {
  errno: -32,
  code: 'EPIPE',
  syscall: 'write'
}
[patricia] Error: write EPIPE
[patricia] Disconnected
[patricia] Starting autonomous agent...
[patricia] Waiting for spawn...
[patricia] ✅ Spawned in world at (-230.5002824155677, 41, -188.5)
[patricia] Connecting to Brain at ws://localhost:8767
[patricia] ✅ Brain connected
[patricia] Brain command: registered
Error: write EPIPE
    at afterWriteDispatched (node:internal/stream_base_commons:159:15)
    at writeGeneric (node:internal/stream_base_commons:150:3)
    at Socket._writeGeneric (node:net:966:11)
    at Socket._write (node:net:978:8)
    at writeOrBuffer (node:internal/streams/writable:572:12)
    at _write (node:internal/streams/writable:501:10)
    at Writable.write (node:internal/streams/writable:510:10)
    at Framer.ondata (/root/.openclaw/workspace/node_modules/readable-stream/lib/internal/streams/readable.js:707:22)
    at Framer.emit (node:events:519:28)
    at addChunk (/root/.openclaw/workspace/node_modules/readable-stream/lib/internal/streams/readable.js:323:12) {
  errno: -32,
  code: 'EPIPE',
  syscall: 'write'
}
[patricia] Error: write EPIPE
[patricia] Disconnected
[patricia] Starting autonomous agent...
[patricia] Waiting for spawn...
[patricia] ✅ Spawned in world at (-230.3, 41, -188.03424667119697)
[patricia] Connecting to Brain at ws://localhost:8767
[patricia] ✅ Brain connected
[patricia] Brain command: registered
Error: write EPIPE
    at afterWriteDispatched (node:internal/stream_base_commons:159:15)
    at writeGeneric (node:internal/stream_base_commons:150:3)
    at Socket._writeGeneric (node:net:966:11)
    at Socket._write (node:net:978:8)
    at writeOrBuffer (node:internal/streams/writable:572:12)
    at _write (node:internal/streams/writable:501:10)
    at Writable.write (node:internal/streams/writable:510:10)
    at Framer.ondata (/root/.openclaw/workspace/node_modules/readable-stream/lib/internal/streams/readable.js:707:22)
    at Framer.emit (node:events:519:28)
    at addChunk (/root/.openclaw/workspace/node_modules/readable-stream/lib/internal/streams/readable.js:323:12) {
  errno: -32,
  code: 'EPIPE',
  syscall: 'write'
}
[patricia] Error: write EPIPE
[patricia] Disconnected
[patricia] Starting autonomous agent...
[patricia] Waiting for spawn...
[patricia] ✅ Spawned in world at (-226.49121911003945, 41.114659159794904, -188.5)
[patricia] Connecting to Brain at ws://localhost:8767
[patricia] ✅ Brain connected
[patricia] Brain command: registered
Error: write EPIPE
    at afterWriteDispatched (node:internal/stream_base_commons:159:15)
    at writeGeneric (node:internal/stream_base_commons:150:3)
    at Socket._writeGeneric (node:net:966:11)
    at Socket._write (node:net:978:8)
    at writeOrBuffer (node:internal/streams/writable:572:12)
    at _write (node:internal/streams/writable:501:10)
    at Writable.write (node:internal/streams/writable:510:10)
    at Framer.ondata (/root/.openclaw/workspace/node_modules/readable-stream/lib/internal/streams/readable.js:707:22)
    at Framer.emit (node:events:519:28)
    at addChunk (/root/.openclaw/workspace/node_modules/readable-stream/lib/internal/streams/readable.js:323:12) {
  errno: -32,
  code: 'EPIPE',
  syscall: 'write'
}
[patricia] Error: write EPIPE
[patricia] Disconnected
[patricia] Starting autonomous agent...
[patricia] Waiting for spawn...
[patricia] ✅ Spawned in world at (-226.4959315712785, 41, -189.31494515411944)
[patricia] Connecting to Brain at ws://localhost:8767
[patricia] ✅ Brain connected
[patricia] Brain command: registered
Error: write EPIPE
    at afterWriteDispatched (node:internal/stream_base_commons:159:15)
    at writeGeneric (node:internal/stream_base_commons:150:3)
    at Socket._writeGeneric (node:net:966:11)
    at Socket._write (node:net:978:8)
    at writeOrBuffer (node:internal/streams/writable:572:12)
    at _write (node:internal/streams/writable:501:10)
    at Writable.write (node:internal/streams/writable:510:10)
    at Framer.ondata (/root/.openclaw/workspace/node_modules/readable-stream/lib/internal/streams/readable.js:707:22)
    at Framer.emit (node:events:519:28)
    at addChunk (/root/.openclaw/workspace/node_modules/readable-stream/lib/internal/streams/readable.js:323:12) {
  errno: -32,
  code: 'EPIPE',
  syscall: 'write'
}
[patricia] Error: write EPIPE
[patricia] Disconnected
[patricia] Starting autonomous agent...
[patricia] Waiting for spawn...
[patricia] ✅ Spawned in world at (-226.498558380663, 41, -188.3)
[patricia] Connecting to Brain at ws://localhost:8767
[patricia] ✅ Brain connected
[patricia] Brain command: registered
Error: write ECONNRESET
    at afterWriteDispatched (node:internal/stream_base_commons:159:15)
    at writeGeneric (node:internal/stream_base_commons:150:3)
    at Socket._writeGeneric (node:net:966:11)
    at Socket._write (node:net:978:8)
    at writeOrBuffer (node:internal/streams/writable:572:12)
    at _write (node:internal/streams/writable:501:10)
    at Writable.write (node:internal/streams/writable:510:10)
    at Framer.ondata (/root/.openclaw/workspace/node_modules/readable-stream/lib/internal/streams/readable.js:707:22)
    at Framer.emit (node:events:519:28)
    at addChunk (/root/.openclaw/workspace/node_modules/readable-stream/lib/internal/streams/readable.js:323:12) {
  errno: -104,
  code: 'ECONNRESET',
  syscall: 'write'
}
[patricia] Error: write ECONNRESET
[patricia] Disconnected
[patricia] Starting autonomous agent...
[patricia] Waiting for spawn...
[patricia] ✅ Spawned in world at (-226.498558380663, 41, -188.3)
[patricia] Connecting to Brain at ws://localhost:8767
[patricia] ✅ Brain connected
[patricia] Brain command: registered
Error: write EPIPE
    at afterWriteDispatched (node:internal/stream_base_commons:159:15)
    at writeGeneric (node:internal/stream_base_commons:150:3)
    at Socket._writeGeneric (node:net:966:11)
    at Socket._write (node:net:978:8)
    at writeOrBuffer (node:internal/streams/writable:572:12)
    at _write (node:internal/streams/writable:501:10)
    at Writable.write (node:internal/streams/writable:510:10)
    at Framer.ondata (/root/.openclaw/workspace/node_modules/readable-stream/lib/internal/streams/readable.js:707:22)
    at Framer.emit (node:events:519:28)
    at addChunk (/root/.openclaw/workspace/node_modules/readable-stream/lib/internal/streams/readable.js:323:12) {
  errno: -32,
  code: 'EPIPE',
  syscall: 'write'
}
[patricia] Error: write EPIPE
[patricia] Disconnected
[patricia] Starting autonomous agent...
[patricia] Waiting for spawn...
[patricia] Disconnected
[patricia] Starting autonomous agent...
[patricia] Waiting for spawn...
[patricia] ✅ Spawned in world at (-227.50594061314993, 42, -186.49135782715297)
[patricia] Connecting to Brain at ws://localhost:8767
[patricia] ✅ Brain connected
[patricia] Brain command: registered
Error: write EPIPE
    at afterWriteDispatched (node:internal/stream_base_commons:159:15)
    at writeGeneric (node:internal/stream_base_commons:150:3)
    at Socket._writeGeneric (node:net:966:11)
    at Socket._write (node:net:978:8)
    at writeOrBuffer (node:internal/streams/writable:572:12)
    at _write (node:internal/streams/writable:501:10)
    at Writable.write (node:internal/streams/writable:510:10)
    at Framer.ondata (/root/.openclaw/workspace/node_modules/readable-stream/lib/internal/streams/readable.js:707:22)
    at Framer.emit (node:events:519:28)
    at addChunk (/root/.openclaw/workspace/node_modules/readable-stream/lib/internal/streams/readable.js:323:12) {
  errno: -32,
  code: 'EPIPE',
  syscall: 'write'
}
[patricia] Error: write EPIPE
[patricia] Disconnected
[patricia] Starting autonomous agent...
[patricia] Waiting for spawn...
[patricia] ✅ Spawned in world at (-223.4558222702828, 46.121599998474125, -183.53176442142131)
[patricia] Connecting to Brain at ws://localhost:8767
[patricia] ✅ Brain connected
[patricia] Brain command: registered
Error: write EPIPE
    at afterWriteDispatched (node:internal/stream_base_commons:159:15)
    at writeGeneric (node:internal/stream_base_commons:150:3)
    at Socket._writeGeneric (node:net:966:11)
    at Socket._write (node:net:978:8)
    at writeOrBuffer (node:internal/streams/writable:572:12)
    at _write (node:internal/streams/writable:501:10)
    at Writable.write (node:internal/streams/writable:510:10)
    at Framer.ondata (/root/.openclaw/workspace/node_modules/readable-stream/lib/internal/streams/readable.js:707:22)
    at Framer.emit (node:events:519:28)
    at addChunk (/root/.openclaw/workspace/node_modules/readable-stream/lib/internal/streams/readable.js:323:12) {
  errno: -32,
  code: 'EPIPE',
  syscall: 'write'
}
[patricia] Error: write EPIPE
[patricia] Disconnected
[patricia] Starting autonomous agent...
[patricia] Waiting for spawn...
[patricia] ✅ Spawned in world at (-222.5, 42, -176.45700059616948)
[patricia] Connecting to Brain at ws://localhost:8767
[patricia] ✅ Brain connected
[patricia] Brain command: registered
Error: write EPIPE
    at afterWriteDispatched (node:internal/stream_base_commons:159:15)
    at writeGeneric (node:internal/stream_base_commons:150:3)
    at Socket._writeGeneric (node:net:966:11)
    at Socket._write (node:net:978:8)
    at writeOrBuffer (node:internal/streams/writable:572:12)
    at _write (node:internal/streams/writable:501:10)
    at Writable.write (node:internal/streams/writable:510:10)
    at Framer.ondata (/root/.openclaw/workspace/node_modules/readable-stream/lib/internal/streams/readable.js:707:22)
    at Framer.emit (node:events:519:28)
    at addChunk (/root/.openclaw/workspace/node_modules/readable-stream/lib/internal/streams/readable.js:323:12) {
  errno: -32,
  code: 'EPIPE',
  syscall: 'write'
}
[patricia] Error: write EPIPE
[patricia] Disconnected
[patricia] Starting autonomous agent...
[patricia] Waiting for spawn...
[patricia] Disconnected
[patricia] Starting autonomous agent...
[patricia] Waiting for spawn...
[patricia] ✅ Spawned in world at (-221.4548561790239, 42, -178.29860172173946)
[patricia] Connecting to Brain at ws://localhost:8767
[patricia] ✅ Brain connected
[patricia] Brain command: registered
[patricia] Chat: forge: Agent forge online!
Error: write EPIPE
    at afterWriteDispatched (node:internal/stream_base_commons:159:15)
    at writeGeneric (node:internal/stream_base_commons:150:3)
    at Socket._writeGeneric (node:net:966:11)
    at Socket._write (node:net:978:8)
    at writeOrBuffer (node:internal/streams/writable:572:12)
    at _write (node:internal/streams/writable:501:10)
    at Writable.write (node:internal/streams/writable:510:10)
    at Framer.ondata (/root/.openclaw/workspace/node_modules/readable-stream/lib/internal/streams/readable.js:707:22)
    at Framer.emit (node:events:519:28)
    at addChunk (/root/.openclaw/workspace/node_modules/readable-stream/lib/internal/streams/readable.js:323:12) {
  errno: -32,
  code: 'EPIPE',
  syscall: 'write'
}
[patricia] Error: write EPIPE
[patricia] Disconnected
[patricia] Starting autonomous agent...
[patricia] Waiting for spawn...
[patricia] Disconnected
[patricia] Starting autonomous agent...
[patricia] Waiting for spawn...
[patricia] ✅ Spawned in world at (-221.4548561790239, 42, -178.5)
[patricia] Connecting to Brain at ws://localhost:8767
[patricia] ✅ Brain connected
[patricia] Brain command: registered
Error: write EPIPE
    at afterWriteDispatched (node:internal/stream_base_commons:159:15)
    at writeGeneric (node:internal/stream_base_commons:150:3)
    at Socket._writeGeneric (node:net:966:11)
    at Socket._write (node:net:978:8)
    at writeOrBuffer (node:internal/streams/writable:572:12)
    at _write (node:internal/streams/writable:501:10)
    at Writable.write (node:internal/streams/writable:510:10)
    at Framer.ondata (/root/.openclaw/workspace/node_modules/readable-stream/lib/internal/streams/readable.js:707:22)
    at Framer.emit (node:events:519:28)
    at addChunk (/root/.openclaw/workspace/node_modules/readable-stream/lib/internal/streams/readable.js:323:12) {
  errno: -32,
  code: 'EPIPE',
  syscall: 'write'
}
[patricia] Error: write EPIPE
[patricia] Disconnected
[patricia] Starting autonomous agent...
[patricia] Waiting for spawn...
[patricia] ✅ Spawned in world at (-212.44596057333783, 43, -183.51565763092654)
[patricia] Connecting to Brain at ws://localhost:8767
[patricia] ✅ Brain connected
[patricia] Brain command: registered
Error: write EPIPE
    at afterWriteDispatched (node:internal/stream_base_commons:159:15)
    at writeGeneric (node:internal/stream_base_commons:150:3)
    at Socket._writeGeneric (node:net:966:11)
    at Socket._write (node:net:978:8)
    at writeOrBuffer (node:internal/streams/writable:572:12)
    at _write (node:internal/streams/writable:501:10)
    at Writable.write (node:internal/streams/writable:510:10)
    at Framer.ondata (/root/.openclaw/workspace/node_modules/readable-stream/lib/internal/streams/readable.js:707:22)
    at Framer.emit (node:events:519:28)
    at addChunk (/root/.openclaw/workspace/node_modules/readable-stream/lib/internal/streams/readable.js:323:12) {
  errno: -32,
  code: 'EPIPE',
  syscall: 'write'
}
[patricia] Error: write EPIPE
[patricia] Disconnected
[patricia] Starting autonomous agent...
[patricia] Waiting for spawn...
[patricia] ✅ Spawned in world at (-218.51626634496247, 42, -179.5)
[patricia] Connecting to Brain at ws://localhost:8767
[patricia] ✅ Brain connected
[patricia] Brain command: registered
Error: write EPIPE
    at afterWriteDispatched (node:internal/stream_base_commons:159:15)
    at writeGeneric (node:internal/stream_base_commons:150:3)
    at Socket._writeGeneric (node:net:966:11)
    at Socket._write (node:net:978:8)
    at writeOrBuffer (node:internal/streams/writable:572:12)
    at _write (node:internal/streams/writable:501:10)
    at Writable.write (node:internal/streams/writable:510:10)
    at Framer.ondata (/root/.openclaw/workspace/node_modules/readable-stream/lib/internal/streams/readable.js:707:22)
    at Framer.emit (node:events:519:28)
    at addChunk (/root/.openclaw/workspace/node_modules/readable-stream/lib/internal/streams/readable.js:323:12) {
  errno: -32,
  code: 'EPIPE',
  syscall: 'write'
}
[patricia] Error: write EPIPE
[patricia] Disconnected
[patricia] Starting autonomous agent...
[patricia] Waiting for spawn...
[patricia] Disconnected
[patricia] Starting autonomous agent...
[patricia] Waiting for spawn...
[patricia] ✅ Spawned in world at (-218.50709322444163, 42, -180.31485234391755)
[patricia] Connecting to Brain at ws://localhost:8767
[patricia] ✅ Brain connected
[patricia] Brain command: registered
Error: write EPIPE
    at afterWriteDispatched (node:internal/stream_base_commons:159:15)
    at writeGeneric (node:internal/stream_base_commons:150:3)
    at Socket._writeGeneric (node:net:966:11)
    at Socket._write (node:net:978:8)
    at writeOrBuffer (node:internal/streams/writable:572:12)
    at _write (node:internal/streams/writable:501:10)
    at Writable.write (node:internal/streams/writable:510:10)
    at Framer.ondata (/root/.openclaw/workspace/node_modules/readable-stream/lib/internal/streams/readable.js:707:22)
    at Framer.emit (node:events:519:28)
    at addChunk (/root/.openclaw/workspace/node_modules/readable-stream/lib/internal/streams/readable.js:323:12) {
  errno: -32,
  code: 'EPIPE',
  syscall: 'write'
}
[patricia] Error: write EPIPE
[patricia] Disconnected
[patricia] Starting autonomous agent...
[patricia] Waiting for spawn...
[patricia] ✅ Spawned in world at (-220.881094451737, 42, -178.49103116359728)
[patricia] Connecting to Brain at ws://localhost:8767
[patricia] ✅ Brain connected
[patricia] Brain command: registered
Error: write EPIPE
    at afterWriteDispatched (node:internal/stream_base_commons:159:15)
    at writeGeneric (node:internal/stream_base_commons:150:3)
    at Socket._writeGeneric (node:net:966:11)
    at Socket._write (node:net:978:8)
    at writeOrBuffer (node:internal/streams/writable:572:12)
    at _write (node:internal/streams/writable:501:10)
    at Writable.write (node:internal/streams/writable:510:10)
    at Framer.ondata (/root/.openclaw/workspace/node_modules/readable-stream/lib/internal/streams/readable.js:707:22)
    at Framer.emit (node:events:519:28)
    at addChunk (/root/.openclaw/workspace/node_modules/readable-stream/lib/internal/streams/readable.js:323:12) {
  errno: -32,
  code: 'EPIPE',
  syscall: 'write'
}
[patricia] Error: write EPIPE
[patricia] Disconnected
[patricia] Starting autonomous agent...
[patricia] Waiting for spawn...
[patricia] ✅ Spawned in world at (-220.881094451737, 42, -178.49103116359728)
[patricia] Connecting to Brain at ws://localhost:8767
[patricia] ✅ Brain connected
[patricia] Brain command: registered
Error: write EPIPE
    at afterWriteDispatched (node:internal/stream_base_commons:159:15)
    at writeGeneric (node:internal/stream_base_commons:150:3)
    at Socket._writeGeneric (node:net:966:11)
    at Socket._write (node:net:978:8)
    at writeOrBuffer (node:internal/streams/writable:572:12)
    at _write (node:internal/streams/writable:501:10)
    at Writable.write (node:internal/streams/writable:510:10)
    at Framer.ondata (/root/.openclaw/workspace/node_modules/readable-stream/lib/internal/streams/readable.js:707:22)
    at Framer.emit (node:events:519:28)
    at addChunk (/root/.openclaw/workspace/node_modules/readable-stream/lib/internal/streams/readable.js:323:12) {
  errno: -32,
  code: 'EPIPE',
  syscall: 'write'
}
[patricia] Error: write EPIPE
[patricia] Disconnected
[patricia] Starting autonomous agent...
[patricia] Waiting for spawn...
[patricia] Disconnected
[patricia] Starting autonomous agent...
[patricia] Waiting for spawn...
[patricia] ✅ Spawned in world at (-220.5, 42, -178.49103116359728)
[patricia] Connecting to Brain at ws://localhost:8767
[patricia] ✅ Brain connected
[patricia] Brain command: registered
Error: write EPIPE
    at afterWriteDispatched (node:internal/stream_base_commons:159:15)
    at writeGeneric (node:internal/stream_base_commons:150:3)
    at Socket._writeGeneric (node:net:966:11)
    at Socket._write (node:net:978:8)
    at writeOrBuffer (node:internal/streams/writable:572:12)
    at _write (node:internal/streams/writable:501:10)
    at Writable.write (node:internal/streams/writable:510:10)
    at Framer.ondata (/root/.openclaw/workspace/node_modules/readable-stream/lib/internal/streams/readable.js:707:22)
    at Framer.emit (node:events:519:28)
    at addChunk (/root/.openclaw/workspace/node_modules/readable-stream/lib/internal/streams/readable.js:323:12) {
  errno: -32,
  code: 'EPIPE',
  syscall: 'write'
}
[patricia] Error: write EPIPE
[patricia] Disconnected
[patricia] Starting autonomous agent...
[patricia] Waiting for spawn...
AggregateError [ETIMEDOUT]: 
    at internalConnectMultiple (node:net:1134:18)
    at afterConnectMultiple (node:net:1715:7) {
  code: 'ETIMEDOUT',
  [errors]: [
    Error: connect ETIMEDOUT ::1:25565
        at createConnectionError (node:net:1678:14)
        at Timeout.internalConnectMultipleTimeout (node:net:1737:38)
        at listOnTimeout (node:internal/timers:587:11)
        at process.processTimers (node:internal/timers:521:7) {
      errno: -110,
      code: 'ETIMEDOUT',
      syscall: 'connect',
      address: '::1',
      port: 25565
    },
    Error: connect ECONNREFUSED 127.0.0.1:25565
        at createConnectionError (node:net:1678:14)
        at afterConnectMultiple (node:net:1708:16) {
      errno: -111,
      code: 'ECONNREFUSED',
      syscall: 'connect',
      address: '127.0.0.1',
      port: 25565
    }
  ]
}
[patricia] Error: 
[patricia] Disconnected
[patricia] Starting autonomous agent...
[patricia] Waiting for spawn...
Error: client timed out after 30000 milliseconds
    at Timeout._onTimeout (/root/.openclaw/workspace/node_modules/minecraft-protocol/src/client/keepalive.js:18:28)
    at listOnTimeout (node:internal/timers:585:17)
    at process.processTimers (node:internal/timers:521:7)
[patricia] Error: client timed out after 30000 milliseconds
[patricia] ✅ Spawned in world at (-221.93286777801822, 43.043199996948246, -178.49288103429515)
[patricia] Connecting to Brain at ws://localhost:8767
[patricia] ✅ Brain connected
[patricia] Brain command: registered
[patricia] Disconnected
[patricia] Starting autonomous agent...
[patricia] Waiting for spawn...
[patricia] ✅ Spawned in world at (-221.93286777801822, 43, -178.49288103429515)
[patricia] Connecting to Brain at ws://localhost:8767
[patricia] ✅ Brain connected
[patricia] Brain command: registered
Error: client timed out after 30000 milliseconds
    at Timeout._onTimeout (/root/.openclaw/workspace/node_modules/minecraft-protocol/src/client/keepalive.js:18:28)
    at listOnTimeout (node:internal/timers:585:17)
    at process.processTimers (node:internal/timers:521:7)
[patricia] Error: client timed out after 30000 milliseconds
[patricia] Disconnected
[patricia] Starting autonomous agent...
[patricia] Waiting for spawn...
[patricia] Chat: forge: Agent forge online!
[patricia] ✅ Spawned in world at (-221.93286777801822, 43, -178.49288103429515)
[patricia] Connecting to Brain at ws://localhost:8767
[patricia] ✅ Brain connected
[patricia] Brain command: registered
Error: client timed out after 30000 milliseconds
    at Timeout._onTimeout (/root/.openclaw/workspace/node_modules/minecraft-protocol/src/client/keepalive.js:18:28)
    at listOnTimeout (node:internal/timers:585:17)
    at process.processTimers (node:internal/timers:521:7)
[patricia] Error: client timed out after 30000 milliseconds
[patricia] Disconnected
[patricia] Starting autonomous agent...
[patricia] Waiting for spawn...
[patricia] ✅ Spawned in world at (-221.93286777801822, 43, -178.49288103429515)
[patricia] Connecting to Brain at ws://localhost:8767
[patricia] ✅ Brain connected
[patricia] Brain command: registered
[patricia] Chat: chelios: Agent chelios online!
Error: client timed out after 30000 milliseconds
    at Timeout._onTimeout (/root/.openclaw/workspace/node_modules/minecraft-protocol/src/client/keepalive.js:18:28)
    at listOnTimeout (node:internal/timers:585:17)
    at process.processTimers (node:internal/timers:521:7)
[patricia] Error: client timed out after 30000 milliseconds
[patricia] Disconnected
[patricia] Starting autonomous agent...
[patricia] Waiting for spawn...
AggregateError [ECONNREFUSED]: 
    at internalConnectMultiple (node:net:1134:18)
    at afterConnectMultiple (node:net:1715:7) {
  code: 'ECONNREFUSED',
  [errors]: [
    Error: connect ECONNREFUSED ::1:25565
        at createConnectionError (node:net:1678:14)
        at afterConnectMultiple (node:net:1708:16) {
      errno: -111,
      code: 'ECONNREFUSED',
      syscall: 'connect',
      address: '::1',
      port: 25565
    },
    Error: connect ECONNREFUSED 127.0.0.1:25565
        at createConnectionError (node:net:1678:14)
        at afterConnectMultiple (node:net:1708:16) {
      errno: -111,
      code: 'ECONNREFUSED',
      syscall: 'connect',
      address: '127.0.0.1',
      port: 25565
    }
  ]
}
[patricia] Error: 
[patricia] Disconnected
[patricia] Starting autonomous agent...
[patricia] Waiting for spawn...
AggregateError [ECONNREFUSED]: 
    at internalConnectMultiple (node:net:1134:18)
    at afterConnectMultiple (node:net:1715:7) {
  code: 'ECONNREFUSED',
  [errors]: [
    Error: connect ECONNREFUSED ::1:25565
        at createConnectionError (node:net:1678:14)
        at afterConnectMultiple (node:net:1708:16) {
      errno: -111,
      code: 'ECONNREFUSED',
      syscall: 'connect',
      address: '::1',
      port: 25565
    },
    Error: connect ECONNREFUSED 127.0.0.1:25565
        at createConnectionError (node:net:1678:14)
        at afterConnectMultiple (node:net:1708:16) {
      errno: -111,
      code: 'ECONNREFUSED',
      syscall: 'connect',
      address: '127.0.0.1',
      port: 25565
    }
  ]
}
[patricia] Error: 
[patricia] Disconnected
[patricia] Starting autonomous agent...
[patricia] Waiting for spawn...
[patricia] Starting autonomous agent...
[patricia] Waiting for spawn...
[patricia] Disconnected
[patricia] Disconnected
[patricia] Starting autonomous agent...
[patricia] Waiting for spawn...
Error: read ECONNRESET
    at TCP.onStreamRead (node:internal/stream_base_commons:216:20) {
  errno: -104,
  code: 'ECONNRESET',
  syscall: 'read'
}
[patricia] Error: read ECONNRESET
[patricia] Disconnected
[patricia] Starting autonomous agent...
[patricia] Waiting for spawn...
[patricia] Disconnected
[patricia] Starting autonomous agent...
[patricia] Waiting for spawn...
[patricia] Disconnected
[patricia] Starting autonomous agent...
[patricia] Waiting for spawn...
[patricia] Chat: forge: Agent forge online!
[patricia] ✅ Spawned in world at (-222.5, 42, -176.45873066929252)
[patricia] Connecting to Brain at ws://localhost:8767
[patricia] ✅ Brain connected
[patricia] Brain command: registered
Error: client timed out after 30000 milliseconds
    at Timeout._onTimeout (/root/.openclaw/workspace/node_modules/minecraft-protocol/src/client/keepalive.js:18:28)
    at listOnTimeout (node:internal/timers:585:17)
    at process.processTimers (node:internal/timers:521:7)
[patricia] Error: client timed out after 30000 milliseconds
[patricia] Disconnected
[patricia] Starting autonomous agent...
[patricia] Waiting for spawn...
[patricia] Chat: forge: Agent forge online!
[patricia] ✅ Spawned in world at (-221.75676144530584, 42, -176.7)
[patricia] Connecting to Brain at ws://localhost:8767
[patricia] ✅ Brain connected
[patricia] Brain command: registered
Error: write ECONNRESET
    at afterWriteDispatched (node:internal/stream_base_commons:159:15)
    at writeGeneric (node:internal/stream_base_commons:150:3)
    at Socket._writeGeneric (node:net:966:11)
    at Socket._write (node:net:978:8)
    at writeOrBuffer (node:internal/streams/writable:572:12)
    at _write (node:internal/streams/writable:501:10)
    at Writable.write (node:internal/streams/writable:510:10)
    at Framer.ondata (/root/.openclaw/workspace/node_modules/readable-stream/lib/internal/streams/readable.js:707:22)
    at Framer.emit (node:events:519:28)
    at addChunk (/root/.openclaw/workspace/node_modules/readable-stream/lib/internal/streams/readable.js:323:12) {
  errno: -104,
  code: 'ECONNRESET',
  syscall: 'write'
}
[patricia] Error: write ECONNRESET
[patricia] Disconnected
[patricia] Starting autonomous agent...
[patricia] Waiting for spawn...
[patricia] ✅ Spawned in world at (-221.50178457008047, 42, -177.498257064575)
[patricia] Connecting to Brain at ws://localhost:8767
[patricia] ✅ Brain connected
[patricia] Brain command: registered
[patricia] Chat: forge: Agent forge online!
Error: write EPIPE
    at afterWriteDispatched (node:internal/stream_base_commons:159:15)
    at writeGeneric (node:internal/stream_base_commons:150:3)
    at Socket._writeGeneric (node:net:966:11)
    at Socket._write (node:net:978:8)
    at writeOrBuffer (node:internal/streams/writable:572:12)
    at _write (node:internal/streams/writable:501:10)
    at Writable.write (node:internal/streams/writable:510:10)
    at Framer.ondata (/root/.openclaw/workspace/node_modules/readable-stream/lib/internal/streams/readable.js:707:22)
    at Framer.emit (node:events:519:28)
    at addChunk (/root/.openclaw/workspace/node_modules/readable-stream/lib/internal/streams/readable.js:323:12) {
  errno: -32,
  code: 'EPIPE',
  syscall: 'write'
}
[patricia] Error: write EPIPE
[patricia] Disconnected
[patricia] Starting autonomous agent...
[patricia] Waiting for spawn...
[patricia] ✅ Spawned in world at (-221.50178457008047, 42, -177.498257064575)
[patricia] Connecting to Brain at ws://localhost:8767
[patricia] ✅ Brain connected
[patricia] Brain command: registered
[patricia] Chat: forge: Agent forge online!
Error: write ECONNRESET
    at afterWriteDispatched (node:internal/stream_base_commons:159:15)
    at writeGeneric (node:internal/stream_base_commons:150:3)
    at Socket._writeGeneric (node:net:966:11)
    at Socket._write (node:net:978:8)
    at writeOrBuffer (node:internal/streams/writable:572:12)
    at _write (node:internal/streams/writable:501:10)
    at Writable.write (node:internal/streams/writable:510:10)
    at Framer.ondata (/root/.openclaw/workspace/node_modules/readable-stream/lib/internal/streams/readable.js:707:22)
    at Framer.emit (node:events:519:28)
    at addChunk (/root/.openclaw/workspace/node_modules/readable-stream/lib/internal/streams/readable.js:323:12) {
  errno: -104,
  code: 'ECONNRESET',
  syscall: 'write'
}
[patricia] Error: write ECONNRESET
[patricia] Disconnected
[patricia] Starting autonomous agent...
[patricia] Waiting for spawn...
[patricia] Disconnected
[patricia] Starting autonomous agent...
[patricia] Waiting for spawn...
[patricia] ✅ Spawned in world at (-223.19922963331487, 42, -176.66906121956728)
[patricia] Connecting to Brain at ws://localhost:8767
[patricia] ✅ Brain connected
[patricia] Brain command: registered
Error: write EPIPE
    at afterWriteDispatched (node:internal/stream_base_commons:159:15)
    at writeGeneric (node:internal/stream_base_commons:150:3)
    at Socket._writeGeneric (node:net:966:11)
    at Socket._write (node:net:978:8)
    at writeOrBuffer (node:internal/streams/writable:572:12)
    at _write (node:internal/streams/writable:501:10)
    at Writable.write (node:internal/streams/writable:510:10)
    at Framer.ondata (/root/.openclaw/workspace/node_modules/readable-stream/lib/internal/streams/readable.js:707:22)
    at Framer.emit (node:events:519:28)
    at addChunk (/root/.openclaw/workspace/node_modules/readable-stream/lib/internal/streams/readable.js:323:12) {
  errno: -32,
  code: 'EPIPE',
  syscall: 'write'
}
[patricia] Error: write EPIPE
[patricia] Disconnected
[patricia] Starting autonomous agent...
[patricia] Waiting for spawn...
[patricia] ✅ Spawned in world at (-226.7, 42, -186.0817134634562)
[patricia] Connecting to Brain at ws://localhost:8767
[patricia] ✅ Brain connected
[patricia] Brain command: registered
[patricia] Starting autonomous agent...
Error: write EPIPE
    at afterWriteDispatched (node:internal/stream_base_commons:159:15)
    at writeGeneric (node:internal/stream_base_commons:150:3)
    at Socket._writeGeneric (node:net:966:11)
    at Socket._write (node:net:978:8)
    at writeOrBuffer (node:internal/streams/writable:572:12)
    at _write (node:internal/streams/writable:501:10)
    at Writable.write (node:internal/streams/writable:510:10)
    at Framer.ondata (/root/.openclaw/workspace/node_modules/readable-stream/lib/internal/streams/readable.js:707:22)
    at Framer.emit (node:events:519:28)
    at addChunk (/root/.openclaw/workspace/node_modules/readable-stream/lib/internal/streams/readable.js:323:12) {
  errno: -32,
  code: 'EPIPE',
  syscall: 'write'
}
[patricia] Error: write EPIPE
[patricia] Disconnected
[patricia] Waiting for spawn...
[patricia] ✅ Spawned in world at (-226.7, 42, -186.0817134634562)
[patricia] Connecting to Brain at ws://localhost:8767
[patricia] ✅ Brain connected
[patricia] Brain command: registered
Error: write EPIPE
    at afterWriteDispatched (node:internal/stream_base_commons:159:15)
    at writeGeneric (node:internal/stream_base_commons:150:3)
    at Socket._writeGeneric (node:net:966:11)
    at Socket._write (node:net:978:8)
    at writeOrBuffer (node:internal/streams/writable:572:12)
    at _write (node:internal/streams/writable:501:10)
    at Writable.write (node:internal/streams/writable:510:10)
    at Framer.ondata (/root/.openclaw/workspace/node_modules/readable-stream/lib/internal/streams/readable.js:707:22)
    at Framer.emit (node:events:519:28)
    at addChunk (/root/.openclaw/workspace/node_modules/readable-stream/lib/internal/streams/readable.js:323:12) {
  errno: -32,
  code: 'EPIPE',
  syscall: 'write'
}
[patricia] Error: write EPIPE
[patricia] Disconnected
[patricia] Starting autonomous agent...
[patricia] Waiting for spawn...
[patricia] ✅ Spawned in world at (-226.7, 42, -186.5)
[patricia] Connecting to Brain at ws://localhost:8767
[patricia] ✅ Brain connected
[patricia] Brain command: registered
Error: write EPIPE
    at afterWriteDispatched (node:internal/stream_base_commons:159:15)
    at writeGeneric (node:internal/stream_base_commons:150:3)
    at Socket._writeGeneric (node:net:966:11)
    at Socket._write (node:net:978:8)
    at writeOrBuffer (node:internal/streams/writable:572:12)
    at _write (node:internal/streams/writable:501:10)
    at Writable.write (node:internal/streams/writable:510:10)
    at Framer.ondata (/root/.openclaw/workspace/node_modules/readable-stream/lib/internal/streams/readable.js:707:22)
    at Framer.emit (node:events:519:28)
    at addChunk (/root/.openclaw/workspace/node_modules/readable-stream/lib/internal/streams/readable.js:323:12) {
  errno: -32,
  code: 'EPIPE',
  syscall: 'write'
}
[patricia] Error: write EPIPE
[patricia] Disconnected
[patricia] Starting autonomous agent...
[patricia] Waiting for spawn...
[patricia] ✅ Spawned in world at (-229.51700982389437, 42, -187.5)
[patricia] Connecting to Brain at ws://localhost:8767
[patricia] ✅ Brain connected
[patricia] Brain command: registered
Error: write EPIPE
    at afterWriteDispatched (node:internal/stream_base_commons:159:15)
    at writeGeneric (node:internal/stream_base_commons:150:3)
    at Socket._writeGeneric (node:net:966:11)
    at Socket._write (node:net:978:8)
    at writeOrBuffer (node:internal/streams/writable:572:12)
    at _write (node:internal/streams/writable:501:10)
    at Writable.write (node:internal/streams/writable:510:10)
    at Framer.ondata (/root/.openclaw/workspace/node_modules/readable-stream/lib/internal/streams/readable.js:707:22)
    at Framer.emit (node:events:519:28)
    at addChunk (/root/.openclaw/workspace/node_modules/readable-stream/lib/internal/streams/readable.js:323:12) {
  errno: -32,
  code: 'EPIPE',
  syscall: 'write'
}
[patricia] Error: write EPIPE
[patricia] Disconnected
[patricia] Starting autonomous agent...
[patricia] Waiting for spawn...
[patricia] ✅ Spawned in world at (-227.01116164687414, 42, -190.7)
[patricia] Connecting to Brain at ws://localhost:8767
[patricia] ✅ Brain connected
[patricia] Brain command: registered
Error: write EPIPE
    at afterWriteDispatched (node:internal/stream_base_commons:159:15)
    at writeGeneric (node:internal/stream_base_commons:150:3)
    at Socket._writeGeneric (node:net:966:11)
    at Socket._write (node:net:978:8)
    at writeOrBuffer (node:internal/streams/writable:572:12)
    at _write (node:internal/streams/writable:501:10)
    at Writable.write (node:internal/streams/writable:510:10)
    at Framer.ondata (/root/.openclaw/workspace/node_modules/readable-stream/lib/internal/streams/readable.js:707:22)
    at Framer.emit (node:events:519:28)
    at addChunk (/root/.openclaw/workspace/node_modules/readable-stream/lib/internal/streams/readable.js:323:12) {
  errno: -32,
  code: 'EPIPE',
  syscall: 'write'
}
[patricia] Error: write EPIPE
[patricia] Disconnected
[patricia] Starting autonomous agent...
[patricia] Waiting for spawn...
[patricia] ✅ Spawned in world at (-228.6917108352042, 42, -186.65137657138888)
[patricia] Connecting to Brain at ws://localhost:8767
[patricia] ✅ Brain connected
[patricia] Brain command: registered
Error: write EPIPE
    at afterWriteDispatched (node:internal/stream_base_commons:159:15)
    at writeGeneric (node:internal/stream_base_commons:150:3)
    at Socket._writeGeneric (node:net:966:11)
    at Socket._write (node:net:978:8)
    at writeOrBuffer (node:internal/streams/writable:572:12)
    at _write (node:internal/streams/writable:501:10)
    at Writable.write (node:internal/streams/writable:510:10)
    at Framer.ondata (/root/.openclaw/workspace/node_modules/readable-stream/lib/internal/streams/readable.js:707:22)
    at Framer.emit (node:events:519:28)
    at addChunk (/root/.openclaw/workspace/node_modules/readable-stream/lib/internal/streams/readable.js:323:12) {
  errno: -32,
  code: 'EPIPE',
  syscall: 'write'
}
[patricia] Error: write EPIPE
[patricia] Disconnected
[patricia] Starting autonomous agent...
[patricia] Waiting for spawn...
[patricia] ✅ Spawned in world at (-229.50020629317174, 42, -186.5)
[patricia] Connecting to Brain at ws://localhost:8767
[patricia] ✅ Brain connected
[patricia] Brain command: registered
Error: write EPIPE
    at afterWriteDispatched (node:internal/stream_base_commons:159:15)
    at writeGeneric (node:internal/stream_base_commons:150:3)
    at Socket._writeGeneric (node:net:966:11)
    at Socket._write (node:net:978:8)
    at writeOrBuffer (node:internal/streams/writable:572:12)
    at _write (node:internal/streams/writable:501:10)
    at Writable.write (node:internal/streams/writable:510:10)
    at Framer.ondata (/root/.openclaw/workspace/node_modules/readable-stream/lib/internal/streams/readable.js:707:22)
    at Framer.emit (node:events:519:28)
    at addChunk (/root/.openclaw/workspace/node_modules/readable-stream/lib/internal/streams/readable.js:323:12) {
  errno: -32,
  code: 'EPIPE',
  syscall: 'write'
}
[patricia] Error: write EPIPE
[patricia] Disconnected
[patricia] Starting autonomous agent...
[patricia] Waiting for spawn...
[patricia] ✅ Spawned in world at (-223.66997173061102, 43, -184.5014612007729)
[patricia] Connecting to Brain at ws://localhost:8767
[patricia] ✅ Brain connected
[patricia] Brain command: registered
Error: write EPIPE
    at afterWriteDispatched (node:internal/stream_base_commons:159:15)
    at writeGeneric (node:internal/stream_base_commons:150:3)
    at Socket._writeGeneric (node:net:966:11)
    at Socket._write (node:net:978:8)
    at writeOrBuffer (node:internal/streams/writable:572:12)
    at _write (node:internal/streams/writable:501:10)
    at Writable.write (node:internal/streams/writable:510:10)
    at Framer.ondata (/root/.openclaw/workspace/node_modules/readable-stream/lib/internal/streams/readable.js:707:22)
    at Framer.emit (node:events:519:28)
    at addChunk (/root/.openclaw/workspace/node_modules/readable-stream/lib/internal/streams/readable.js:323:12) {
  errno: -32,
  code: 'EPIPE',
  syscall: 'write'
}
[patricia] Error: write EPIPE
[patricia] Disconnected
[patricia] Starting autonomous agent...
[patricia] Waiting for spawn...
[patricia] Disconnected
[patricia] Starting autonomous agent...
[patricia] Waiting for spawn...
[patricia] ✅ Spawned in world at (-226.48827945216956, 41.7531999805212, -190.3052481773221)
[patricia] Connecting to Brain at ws://localhost:8767
[patricia] ✅ Brain connected
[patricia] Brain command: registered
Error: write EPIPE
    at afterWriteDispatched (node:internal/stream_base_commons:159:15)
    at writeGeneric (node:internal/stream_base_commons:150:3)
    at Socket._writeGeneric (node:net:966:11)
    at Socket._write (node:net:978:8)
    at writeOrBuffer (node:internal/streams/writable:572:12)
    at _write (node:internal/streams/writable:501:10)
    at Writable.write (node:internal/streams/writable:510:10)
    at Framer.ondata (/root/.openclaw/workspace/node_modules/readable-stream/lib/internal/streams/readable.js:707:22)
    at Framer.emit (node:events:519:28)
    at addChunk (/root/.openclaw/workspace/node_modules/readable-stream/lib/internal/streams/readable.js:323:12) {
  errno: -32,
  code: 'EPIPE',
  syscall: 'write'
}
[patricia] Error: write EPIPE
[patricia] Disconnected
[patricia] Starting autonomous agent...
[patricia] Waiting for spawn...
[patricia] Disconnected
[patricia] Starting autonomous agent...
[patricia] Waiting for spawn...
Error: read ECONNRESET
    at TCP.onStreamRead (node:internal/stream_base_commons:216:20) {
  errno: -104,
  code: 'ECONNRESET',
  syscall: 'read'
}
[patricia] Error: read ECONNRESET
[patricia] Disconnected
[patricia] Starting autonomous agent...
[patricia] Waiting for spawn...
[patricia] Disconnected
[patricia] Starting autonomous agent...
[patricia] Waiting for spawn...
[patricia] Disconnected
[patricia] Starting autonomous agent...
[patricia] Waiting for spawn...
[patricia] Disconnected
[patricia] Starting autonomous agent...
[patricia] Waiting for spawn...
[patricia] ✅ Spawned in world at (-226.7, 42, -186.7492886094227)
[patricia] Connecting to Brain at ws://localhost:8767
[patricia] ✅ Brain connected
[patricia] Brain command: registered
[patricia] Chat: forge: Agent forge online!
Error: write EPIPE
    at afterWriteDispatched (node:internal/stream_base_commons:159:15)
    at writeGeneric (node:internal/stream_base_commons:150:3)
    at Socket._writeGeneric (node:net:966:11)
    at Socket._write (node:net:978:8)
    at writeOrBuffer (node:internal/streams/writable:572:12)
    at _write (node:internal/streams/writable:501:10)
    at Writable.write (node:internal/streams/writable:510:10)
    at Framer.ondata (/root/.openclaw/workspace/node_modules/readable-stream/lib/internal/streams/readable.js:707:22)
    at Framer.emit (node:events:519:28)
    at addChunk (/root/.openclaw/workspace/node_modules/readable-stream/lib/internal/streams/readable.js:323:12) {
  errno: -32,
  code: 'EPIPE',
  syscall: 'write'
}
[patricia] Error: write EPIPE
[patricia] Disconnected
[patricia] Starting autonomous agent...
[patricia] Waiting for spawn...
[patricia] ✅ Spawned in world at (-226.7, 42, -186.7492886094227)
[patricia] Connecting to Brain at ws://localhost:8767
[patricia] ✅ Brain connected
[patricia] Brain command: registered
Error: write EPIPE
    at afterWriteDispatched (node:internal/stream_base_commons:159:15)
    at writeGeneric (node:internal/stream_base_commons:150:3)
    at Socket._writeGeneric (node:net:966:11)
    at Socket._write (node:net:978:8)
    at writeOrBuffer (node:internal/streams/writable:572:12)
    at _write (node:internal/streams/writable:501:10)
    at Writable.write (node:internal/streams/writable:510:10)
    at Framer.ondata (/root/.openclaw/workspace/node_modules/readable-stream/lib/internal/streams/readable.js:707:22)
    at Framer.emit (node:events:519:28)
    at addChunk (/root/.openclaw/workspace/node_modules/readable-stream/lib/internal/streams/readable.js:323:12) {
  errno: -32,
  code: 'EPIPE',
  syscall: 'write'
}
[patricia] Error: write EPIPE
[patricia] Disconnected
[patricia] Starting autonomous agent...
[patricia] Waiting for spawn...
[patricia] ✅ Spawned in world at (-226.7, 42, -186.5)
[patricia] Connecting to Brain at ws://localhost:8767
[patricia] ✅ Brain connected
[patricia] Brain command: registered
Error: write EPIPE
    at afterWriteDispatched (node:internal/stream_base_commons:159:15)
    at writeGeneric (node:internal/stream_base_commons:150:3)
    at Socket._writeGeneric (node:net:966:11)
    at Socket._write (node:net:978:8)
    at writeOrBuffer (node:internal/streams/writable:572:12)
    at _write (node:internal/streams/writable:501:10)
    at Writable.write (node:internal/streams/writable:510:10)
    at Framer.ondata (/root/.openclaw/workspace/node_modules/readable-stream/lib/internal/streams/readable.js:707:22)
    at Framer.emit (node:events:519:28)
    at addChunk (/root/.openclaw/workspace/node_modules/readable-stream/lib/internal/streams/readable.js:323:12) {
  errno: -32,
  code: 'EPIPE',
  syscall: 'write'
}
[patricia] Error: write EPIPE
[patricia] Disconnected
[patricia] Starting autonomous agent...
[patricia] Waiting for spawn...
[patricia] ✅ Spawned in world at (-226.49807529288123, 41, -190.5)
[patricia] Connecting to Brain at ws://localhost:8767
[patricia] ✅ Brain connected
[patricia] Brain command: registered
Error: write ECONNRESET
    at afterWriteDispatched (node:internal/stream_base_commons:159:15)
    at writeGeneric (node:internal/stream_base_commons:150:3)
    at Socket._writeGeneric (node:net:966:11)
    at Socket._write (node:net:978:8)
    at writeOrBuffer (node:internal/streams/writable:572:12)
    at _write (node:internal/streams/writable:501:10)
    at Writable.write (node:internal/streams/writable:510:10)
    at Framer.ondata (/root/.openclaw/workspace/node_modules/readable-stream/lib/internal/streams/readable.js:707:22)
    at Framer.emit (node:events:519:28)
    at addChunk (/root/.openclaw/workspace/node_modules/readable-stream/lib/internal/streams/readable.js:323:12) {
  errno: -104,
  code: 'ECONNRESET',
  syscall: 'write'
}
[patricia] Error: write ECONNRESET
[patricia] Disconnected
[patricia] Starting autonomous agent...
[patricia] Waiting for spawn...
[patricia] ✅ Spawned in world at (-226.49807529288123, 41, -190.5)
[patricia] Connecting to Brain at ws://localhost:8767
[patricia] ✅ Brain connected
[patricia] Brain command: registered
Error: write EPIPE
    at afterWriteDispatched (node:internal/stream_base_commons:159:15)
    at writeGeneric (node:internal/stream_base_commons:150:3)
    at Socket._writeGeneric (node:net:966:11)
    at Socket._write (node:net:978:8)
    at writeOrBuffer (node:internal/streams/writable:572:12)
    at _write (node:internal/streams/writable:501:10)
    at Writable.write (node:internal/streams/writable:510:10)
    at Framer.ondata (/root/.openclaw/workspace/node_modules/readable-stream/lib/internal/streams/readable.js:707:22)
    at Framer.emit (node:events:519:28)
    at addChunk (/root/.openclaw/workspace/node_modules/readable-stream/lib/internal/streams/readable.js:323:12) {
  errno: -32,
  code: 'EPIPE',
  syscall: 'write'
}
[patricia] Error: write EPIPE
[patricia] Disconnected
[patricia] Starting autonomous agent...
[patricia] Waiting for spawn...
[patricia] ✅ Spawned in world at (-224.4883569744426, 43.08307781780647, -184.53535526346622)
[patricia] Connecting to Brain at ws://localhost:8767
[patricia] ✅ Brain connected
[patricia] Brain command: registered
Error: write EPIPE
    at afterWriteDispatched (node:internal/stream_base_commons:159:15)
    at writeGeneric (node:internal/stream_base_commons:150:3)
    at Socket._writeGeneric (node:net:966:11)
    at Socket._write (node:net:978:8)
    at writeOrBuffer (node:internal/streams/writable:572:12)
    at _write (node:internal/streams/writable:501:10)
    at Writable.write (node:internal/streams/writable:510:10)
    at Framer.ondata (/root/.openclaw/workspace/node_modules/readable-stream/lib/internal/streams/readable.js:707:22)
    at Framer.emit (node:events:519:28)
    at addChunk (/root/.openclaw/workspace/node_modules/readable-stream/lib/internal/streams/readable.js:323:12) {
  errno: -32,
  code: 'EPIPE',
  syscall: 'write'
}
[patricia] Error: write EPIPE
[patricia] Disconnected
[patricia] Starting autonomous agent...
[patricia] Waiting for spawn...
[patricia] Starting autonomous agent...
[patricia] Waiting for spawn...
[patricia] Disconnected
[patricia] ✅ Spawned in world at (-220.5000431031175, 44, -186.34011180232827)
[patricia] Connecting to Brain at ws://localhost:8767
[patricia] ✅ Brain connected
[patricia] Brain command: registered
[patricia] Chat: forge: Agent forge online!
Error: write EPIPE
    at afterWriteDispatched (node:internal/stream_base_commons:159:15)
    at writeGeneric (node:internal/stream_base_commons:150:3)
    at Socket._writeGeneric (node:net:966:11)
    at Socket._write (node:net:978:8)
    at writeOrBuffer (node:internal/streams/writable:572:12)
    at _write (node:internal/streams/writable:501:10)
    at Writable.write (node:internal/streams/writable:510:10)
    at Framer.ondata (/root/.openclaw/workspace/node_modules/readable-stream/lib/internal/streams/readable.js:707:22)
    at Framer.emit (node:events:519:28)
    at addChunk (/root/.openclaw/workspace/node_modules/readable-stream/lib/internal/streams/readable.js:323:12) {
  errno: -32,
  code: 'EPIPE',
  syscall: 'write'
}
[patricia] Error: write EPIPE
[patricia] Disconnected
[patricia] Starting autonomous agent...
[patricia] Waiting for spawn...
[patricia] ✅ Spawned in world at (-220.5000431031175, 44, -186.34011180232827)
[patricia] Connecting to Brain at ws://localhost:8767
[patricia] ✅ Brain connected
[patricia] Brain command: registered
Error: write EPIPE
    at afterWriteDispatched (node:internal/stream_base_commons:159:15)
    at writeGeneric (node:internal/stream_base_commons:150:3)
    at Socket._writeGeneric (node:net:966:11)
    at Socket._write (node:net:978:8)
    at writeOrBuffer (node:internal/streams/writable:572:12)
    at _write (node:internal/streams/writable:501:10)
    at Writable.write (node:internal/streams/writable:510:10)
    at Framer.ondata (/root/.openclaw/workspace/node_modules/readable-stream/lib/internal/streams/readable.js:707:22)
    at Framer.emit (node:events:519:28)
    at addChunk (/root/.openclaw/workspace/node_modules/readable-stream/lib/internal/streams/readable.js:323:12) {
  errno: -32,
  code: 'EPIPE',
  syscall: 'write'
}
[patricia] Error: write EPIPE
[patricia] Disconnected
[patricia] Starting autonomous agent...
[patricia] Waiting for spawn...
[patricia] ✅ Spawned in world at (-218.47723912294424, 42, -179.5)
[patricia] Connecting to Brain at ws://localhost:8767
[patricia] ✅ Brain connected
[patricia] Brain command: registered
Error: write EPIPE
    at afterWriteDispatched (node:internal/stream_base_commons:159:15)
    at writeGeneric (node:internal/stream_base_commons:150:3)
    at Socket._writeGeneric (node:net:966:11)
    at Socket._write (node:net:978:8)
    at writeOrBuffer (node:internal/streams/writable:572:12)
    at _write (node:internal/streams/writable:501:10)
    at Writable.write (node:internal/streams/writable:510:10)
    at Framer.ondata (/root/.openclaw/workspace/node_modules/readable-stream/lib/internal/streams/readable.js:707:22)
    at Framer.emit (node:events:519:28)
    at addChunk (/root/.openclaw/workspace/node_modules/readable-stream/lib/internal/streams/readable.js:323:12) {
  errno: -32,
  code: 'EPIPE',
  syscall: 'write'
}
[patricia] Error: write EPIPE
[patricia] Disconnected
[patricia] Starting autonomous agent...
[patricia] Waiting for spawn...
[patricia] ✅ Spawned in world at (-221.7, 42.164773281826065, -178.55855819440407)
[patricia] Connecting to Brain at ws://localhost:8767
[patricia] ✅ Brain connected
[patricia] Brain command: registered
Error: write EPIPE
    at afterWriteDispatched (node:internal/stream_base_commons:159:15)
    at writeGeneric (node:internal/stream_base_commons:150:3)
    at Socket._writeGeneric (node:net:966:11)
    at Socket._write (node:net:978:8)
    at writeOrBuffer (node:internal/streams/writable:572:12)
    at _write (node:internal/streams/writable:501:10)
    at Writable.write (node:internal/streams/writable:510:10)
    at Framer.ondata (/root/.openclaw/workspace/node_modules/readable-stream/lib/internal/streams/readable.js:707:22)
    at Framer.emit (node:events:519:28)
    at addChunk (/root/.openclaw/workspace/node_modules/readable-stream/lib/internal/streams/readable.js:323:12) {
  errno: -32,
  code: 'EPIPE',
  syscall: 'write'
}
[patricia] Error: write EPIPE
[patricia] Disconnected
[patricia] Starting autonomous agent...
[patricia] Waiting for spawn...
[patricia] ✅ Spawned in world at (-215.41011803022664, 42, -166.5001480153108)
[patricia] Connecting to Brain at ws://localhost:8767
[patricia] Chat: chelios: Agent chelios online!
[patricia] ✅ Brain connected
[patricia] Brain command: registered
[patricia] Chat: chelios2: Agent chelios2 online!
Error: client timed out after 30000 milliseconds
    at Timeout._onTimeout (/root/.openclaw/workspace/node_modules/minecraft-protocol/src/client/keepalive.js:18:28)
    at listOnTimeout (node:internal/timers:585:17)
    at process.processTimers (node:internal/timers:521:7)
[patricia] Error: client timed out after 30000 milliseconds
[patricia] Disconnected
[patricia] Starting autonomous agent...
[patricia] Waiting for spawn...
[patricia] ✅ Spawned in world at (-215.41011803022664, 42, -166.5001480153108)
[patricia] Connecting to Brain at ws://localhost:8767
[patricia] ✅ Brain connected
[patricia] Brain command: registered
Error: write EPIPE
    at afterWriteDispatched (node:internal/stream_base_commons:159:15)
    at writeGeneric (node:internal/stream_base_commons:150:3)
    at Socket._writeGeneric (node:net:966:11)
    at Socket._write (node:net:978:8)
    at writeOrBuffer (node:internal/streams/writable:572:12)
    at _write (node:internal/streams/writable:501:10)
    at Writable.write (node:internal/streams/writable:510:10)
    at Framer.ondata (/root/.openclaw/workspace/node_modules/readable-stream/lib/internal/streams/readable.js:707:22)
    at Framer.emit (node:events:519:28)
    at addChunk (/root/.openclaw/workspace/node_modules/readable-stream/lib/internal/streams/readable.js:323:12) {
  errno: -32,
  code: 'EPIPE',
  syscall: 'write'
}
[patricia] Error: write EPIPE
[patricia] Disconnected
[patricia] Starting autonomous agent...
[patricia] Waiting for spawn...
[patricia] Starting autonomous agent...
[patricia] Waiting for spawn...
[patricia] Disconnected
[patricia] Starting autonomous agent...
[patricia] Waiting for spawn...
[patricia] Disconnected
[patricia] Starting autonomous agent...
[patricia] Waiting for spawn...
[patricia] Disconnected
[patricia] Starting autonomous agent...
[patricia] Waiting for spawn...
[patricia] Disconnected
[patricia] Starting autonomous agent...
[patricia] Waiting for spawn...
[patricia] Disconnected
[patricia] Starting autonomous agent...
[patricia] Waiting for spawn...
[patricia] Disconnected
[patricia] Starting autonomous agent...
[patricia] Waiting for spawn...
[patricia] Disconnected
[patricia] Starting autonomous agent...
[patricia] Waiting for spawn...
[patricia] Disconnected
[patricia] Starting autonomous agent...
[patricia] Waiting for spawn...
[patricia] Disconnected
[patricia] Starting autonomous agent...
[patricia] Waiting for spawn...
[patricia] Disconnected
[patricia] Starting autonomous agent...
[patricia] Waiting for spawn...
[patricia] Disconnected
[patricia] Starting autonomous agent...
[patricia] Waiting for spawn...
[patricia] Disconnected
[patricia] Starting autonomous agent...
[patricia] Waiting for spawn...
[patricia] Disconnected
[patricia] Starting autonomous agent...
[patricia] Waiting for spawn...
[patricia] Disconnected
[patricia] Starting autonomous agent...
[patricia] Waiting for spawn...
[patricia] Disconnected
[patricia] Starting autonomous agent...
[patricia] Waiting for spawn...
[patricia] Disconnected
[patricia] Starting autonomous agent...
[patricia] Waiting for spawn...
[patricia] Disconnected
[patricia] Starting autonomous agent...
[patricia] Waiting for spawn...
[patricia] Disconnected
[patricia] Starting autonomous agent...
[patricia] Waiting for spawn...
[patricia] Disconnected
[patricia] Starting autonomous agent...
[patricia] Waiting for spawn...
[patricia] Disconnected
[patricia] Starting autonomous agent...
[patricia] Waiting for spawn...
[patricia] Disconnected
[patricia] Starting autonomous agent...
[patricia] Waiting for spawn...
[patricia] Disconnected
[patricia] Starting autonomous agent...
[patricia] Waiting for spawn...
[patricia] Disconnected
[patricia] Starting autonomous agent...
[patricia] Waiting for spawn...
[patricia] Disconnected
[patricia] Starting autonomous agent...
[patricia] Waiting for spawn...
[patricia] Disconnected
[patricia] Starting autonomous agent...
[patricia] Waiting for spawn...
[patricia] ✅ Spawned in world at (-216.6164430989003, 42, -167.46220638408116)
[patricia] Connecting to Brain at ws://localhost:8767
[patricia] ✅ Brain connected
[patricia] Brain command: registered
[patricia] Chat: chelios: Agent chelios online!
[patricia] Chat: aurora: Agent aurora online!
[patricia] Chat: patricia2: Agent patricia2 online!
[patricia] Chat: chelios2: Agent chelios2 online!
[patricia] Chat: marcus: Tick 8076.
[patricia] Chat: forge2: Agent forge2 online!
[patricia] Chat: forge: Agent forge online!
[patricia] Chat: julius: Reporting in.
[patricia] Starting autonomous agent...
[patricia] Waiting for spawn...
[patricia] Disconnected
[patricia] ✅ Spawned in world at (-213.5, 42, -179.49961826585516)
[patricia] Connecting to Brain at ws://localhost:8767
[patricia] ✅ Brain connected
[patricia] Brain command: registered
[patricia] Chat: chelios: Agent chelios online!
[patricia] Chat: aurora: Agent aurora online!
[patricia] Chat: patricia2: Agent patricia2 online!
[patricia] Chat: chelios2: Agent chelios2 online!
[patricia] Chat: forge2: Agent forge2 online!
[patricia] Chat: titus: Standing by.
[patricia] Chat: julia: Standing by.
[patricia] Chat: livia: Standing by.
[patricia] Chat: marcus: Reporting in.
[patricia] Chat: julius: All systems nominal.
[patricia] Chat: titus: Standing by.
[patricia] Chat: julia: Standing by.
[patricia] Chat: livia: Tick 8088.
[patricia] Chat: marcus: All systems nominal.
[patricia] Chat: julius: Tick 8100.
[patricia] Chat: titus: Reporting in.
[patricia] Chat: julia: All systems nominal.
[patricia] Chat: livia: All systems nominal.
[patricia] Chat: marcus: Tick 8112.
[patricia] Chat: julius: Standing by.
[patricia] Chat: titus: Tick 8112.
[patricia] Chat: julia: All systems nominal.
[patricia] Chat: livia: Tick 8112.
[patricia] Chat: marcus: Standing by.
[patricia] Chat: julius: Tick 8124.
[patricia] Chat: titus: Standing by.
[patricia] Chat: julia: Standing by.
[patricia] Chat: livia: All systems nominal.
[patricia] Chat: marcus: Standing by.
[patricia] Chat: julius: Tick 8136.
[patricia] Chat: titus: All systems nominal.
[patricia] Chat: julia: Standing by.
[patricia] Chat: livia: Standing by.
[patricia] Chat: marcus: Standing by.
[patricia] Chat: julius: Tick 8148.
[patricia] Chat: titus: Reporting in.
[patricia] Chat: julia: Tick 8148.
[patricia] Chat: livia: Tick 8148.
[patricia] Chat: marcus: All systems nominal.
[patricia] Chat: julius: Standing by.
[patricia] Chat: titus: Reporting in.
[patricia] Chat: julia: Tick 8160.
[patricia] Chat: livia: Standing by.
[patricia] Chat: marcus: Reporting in.
[patricia] Chat: julius: Tick 8172.
[patricia] Chat: titus: Tick 8172.
[patricia] Chat: julia: Standing by.
[patricia] Chat: livia: All systems nominal.
[patricia] Chat: marcus: Reporting in.
[patricia] Chat: julius: All systems nominal.
[patricia] Chat: titus: All systems nominal.
[patricia] Chat: julia: Tick 8184.
[patricia] Chat: livia: All systems nominal.
[patricia] Chat: marcus: All systems nominal.
[patricia] Chat: julius: Reporting in.
[patricia] Chat: titus: Reporting in.
[patricia] Chat: julia: Reporting in.
[patricia] Chat: livia: All systems nominal.
[patricia] Chat: marcus: Tick 8208.
[patricia] Chat: julius: Standing by.
[patricia] Chat: titus: Standing by.
[patricia] Chat: julia: All systems nominal.
[patricia] Chat: livia: Standing by.
[patricia] Chat: marcus: All systems nominal.
[patricia] Chat: julius: All systems nominal.
[patricia] Chat: titus: Reporting in.
[patricia] Chat: julia: Reporting in.
[patricia] Chat: livia: Standing by.
[patricia] Chat: marcus: Reporting in.
[patricia] Chat: julius: All systems nominal.
[patricia] Chat: titus: All systems nominal.
[patricia] Chat: julia: All systems nominal.
[patricia] Chat: livia: Standing by.
[patricia] Chat: marcus: All systems nominal.
[patricia] Chat: julius: Reporting in.
[patricia] Chat: titus: Standing by.
[patricia] Chat: julia: Tick 8244.
[patricia] Chat: livia: Standing by.
[patricia] Chat: marcus: Standing by.
[patricia] Chat: julius: All systems nominal.
[patricia] Chat: titus: All systems nominal.
[patricia] Chat: julia: All systems nominal.
[patricia] Chat: livia: Reporting in.
[patricia] Chat: marcus: Tick 8268.
[patricia] Chat: julius: Standing by.
[patricia] Chat: titus: Tick 8268.
[patricia] Chat: julia: Reporting in.
[patricia] Chat: livia: All systems nominal.
[patricia] Chat: marcus: Reporting in.
[patricia] Chat: julius: Tick 8280.
[patricia] Chat: titus: Tick 8280.
[patricia] Chat: julia: Standing by.
[patricia] Chat: livia: Tick 8280.
[patricia] Chat: marcus: All systems nominal.
[patricia] Chat: julius: Standing by.
[patricia] Chat: titus: Tick 8292.
[patricia] Chat: julia: All systems nominal.
[patricia] Chat: livia: Reporting in.
[patricia] Chat: marcus: All systems nominal.
[patricia] Chat: julius: Standing by.
[patricia] Chat: titus: Standing by.
[patricia] Chat: julia: Standing by.
[patricia] Chat: livia: Reporting in.
[patricia] Chat: marcus: Standing by.
[patricia] Chat: julius: Standing by.
[patricia] Chat: titus: All systems nominal.
[patricia] Chat: julia: All systems nominal.
[patricia] Chat: livia: Tick 8316.
[patricia] Chat: marcus: Reporting in.
[patricia] Chat: julius: Tick 8328.
[patricia] Chat: titus: Standing by.
[patricia] Chat: julia: All systems nominal.
[patricia] Chat: livia: Reporting in.
[patricia] Chat: marcus: Standing by.
[patricia] Chat: julius: Reporting in.
[patricia] Chat: titus: Reporting in.
[patricia] Chat: julia: Reporting in.
[patricia] Chat: livia: Reporting in.
[patricia] Chat: marcus: Standing by.
[patricia] Chat: julius: All systems nominal.
[patricia] Chat: titus: All systems nominal.
[patricia] Chat: julia: Standing by.
[patricia] Chat: livia: Tick 8352.
[patricia] Chat: marcus: Reporting in.
[patricia] Chat: julius: Reporting in.
[patricia] Chat: titus: All systems nominal.
[patricia] Chat: julia: Tick 8364.
[patricia] Chat: livia: Tick 8364.
[patricia] Chat: marcus: Reporting in.
[patricia] Chat: julius: Standing by.
[patricia] Chat: titus: All systems nominal.
[patricia] Chat: julia: All systems nominal.
[patricia] Chat: livia: All systems nominal.
[patricia] Chat: marcus: Standing by.
[patricia] Chat: julius: Reporting in.
[patricia] Chat: titus: All systems nominal.
[patricia] Chat: julia: Tick 8388.
[patricia] Chat: livia: Tick 8388.
[patricia] Chat: marcus: All systems nominal.
[patricia] Chat: julius: Tick 8400.
[patricia] Chat: titus: Tick 8400.
[patricia] Chat: julia: All systems nominal.
[patricia] Chat: livia: Standing by.
[patricia] Chat: marcus: Standing by.
[patricia] Chat: julius: Standing by.
[patricia] Chat: titus: All systems nominal.
[patricia] Chat: julia: Tick 8412.
[patricia] Chat: livia: Standing by.
[patricia] Chat: marcus: Standing by.
[patricia] Chat: julius: Reporting in.
[patricia] Chat: titus: Standing by.
[patricia] Chat: julia: Reporting in.
[patricia] Chat: livia: All systems nominal.
[patricia] Chat: marcus: Standing by.
[patricia] Chat: julius: All systems nominal.
[patricia] Chat: titus: Tick 8436.
[patricia] Chat: julia: All systems nominal.
[patricia] Chat: livia: Reporting in.
[patricia] Chat: marcus: Tick 8448.
[patricia] Chat: julius: Tick 8448.
[patricia] Chat: titus: All systems nominal.
[patricia] Chat: julia: Reporting in.
[patricia] Chat: livia: All systems nominal.
[patricia] Chat: marcus: Tick 8460.
[patricia] Chat: julius: Standing by.
[patricia] Chat: titus: Tick 8460.
[patricia] Chat: julia: Tick 8460.
[patricia] Chat: livia: All systems nominal.
[patricia] Chat: marcus: Tick 8472.
[patricia] Chat: julius: Tick 8472.
[patricia] Chat: titus: Tick 8472.
[patricia] Chat: julia: Standing by.
[patricia] Chat: livia: Standing by.
[patricia] Chat: marcus: Standing by.
[patricia] Chat: julius: Standing by.
[patricia] Chat: titus: Standing by.
