[patricia2] Starting autonomous agent...
[patricia2] Waiting for spawn...
AggregateError [ECONNREFUSED]: 
    at internalConnectMultiple (node:net:1134:18)
    at afterConnectMultiple (node:net:1715:7) {
  code: 'ECONNREFUSED',
  [errors]: [
    Error: connect ECONNREFUSED ::1:25566
        at createConnectionError (node:net:1678:14)
        at afterConnectMultiple (node:net:1708:16) {
      errno: -111,
      code: 'ECONNREFUSED',
      syscall: 'connect',
      address: '::1',
      port: 25566
    },
    Error: connect ECONNREFUSED 127.0.0.1:25566
        at createConnectionError (node:net:1678:14)
        at afterConnectMultiple (node:net:1708:16) {
      errno: -111,
      code: 'ECONNREFUSED',
      syscall: 'connect',
      address: '127.0.0.1',
      port: 25566
    }
  ]
}
[patricia2] Error: 
[patricia2] Disconnected
[patricia2] Starting autonomous agent...
[patricia2] Waiting for spawn...
AggregateError [ECONNREFUSED]: 
    at internalConnectMultiple (node:net:1134:18)
    at afterConnectMultiple (node:net:1715:7) {
  code: 'ECONNREFUSED',
  [errors]: [
    Error: connect ECONNREFUSED ::1:25566
        at createConnectionError (node:net:1678:14)
        at afterConnectMultiple (node:net:1708:16) {
      errno: -111,
      code: 'ECONNREFUSED',
      syscall: 'connect',
      address: '::1',
      port: 25566
    },
    Error: connect ECONNREFUSED 127.0.0.1:25566
        at createConnectionError (node:net:1678:14)
        at afterConnectMultiple (node:net:1708:16) {
      errno: -111,
      code: 'ECONNREFUSED',
      syscall: 'connect',
      address: '127.0.0.1',
      port: 25566
    }
  ]
}
[patricia2] Error: 
[patricia2] Disconnected
[patricia2] Starting autonomous agent...
[patricia2] Waiting for spawn...
AggregateError [ECONNREFUSED]: 
    at internalConnectMultiple (node:net:1134:18)
    at afterConnectMultiple (node:net:1715:7) {
  code: 'ECONNREFUSED',
  [errors]: [
    Error: connect ECONNREFUSED ::1:25566
        at createConnectionError (node:net:1678:14)
        at afterConnectMultiple (node:net:1708:16) {
      errno: -111,
      code: 'ECONNREFUSED',
      syscall: 'connect',
      address: '::1',
      port: 25566
    },
    Error: connect ECONNREFUSED 127.0.0.1:25566
        at createConnectionError (node:net:1678:14)
        at afterConnectMultiple (node:net:1708:16) {
      errno: -111,
      code: 'ECONNREFUSED',
      syscall: 'connect',
      address: '127.0.0.1',
      port: 25566
    }
  ]
}
[patricia2] Error: 
[patricia2] Disconnected
[patricia2] Starting autonomous agent...
[patricia2] Waiting for spawn...
AggregateError [ECONNREFUSED]: 
    at internalConnectMultiple (node:net:1134:18)
    at afterConnectMultiple (node:net:1715:7) {
  code: 'ECONNREFUSED',
  [errors]: [
    Error: connect ECONNREFUSED ::1:25566
        at createConnectionError (node:net:1678:14)
        at afterConnectMultiple (node:net:1708:16) {
      errno: -111,
      code: 'ECONNREFUSED',
      syscall: 'connect',
      address: '::1',
      port: 25566
    },
    Error: connect ECONNREFUSED 127.0.0.1:25566
        at createConnectionError (node:net:1678:14)
        at afterConnectMultiple (node:net:1708:16) {
      errno: -111,
      code: 'ECONNREFUSED',
      syscall: 'connect',
      address: '127.0.0.1',
      port: 25566
    }
  ]
}
[patricia2] Error: 
[patricia2] Disconnected
[patricia2] Starting autonomous agent...
[patricia2] Waiting for spawn...
AggregateError [ECONNREFUSED]: 
    at internalConnectMultiple (node:net:1134:18)
    at afterConnectMultiple (node:net:1715:7) {
  code: 'ECONNREFUSED',
  [errors]: [
    Error: connect ECONNREFUSED ::1:25566
        at createConnectionError (node:net:1678:14)
        at afterConnectMultiple (node:net:1708:16) {
      errno: -111,
      code: 'ECONNREFUSED',
      syscall: 'connect',
      address: '::1',
      port: 25566
    },
    Error: connect ECONNREFUSED 127.0.0.1:25566
        at createConnectionError (node:net:1678:14)
        at afterConnectMultiple (node:net:1708:16) {
      errno: -111,
      code: 'ECONNREFUSED',
      syscall: 'connect',
      address: '127.0.0.1',
      port: 25566
    }
  ]
}
[patricia2] Error: 
[patricia2] Disconnected
[patricia2] Starting autonomous agent...
[patricia2] Waiting for spawn...
AggregateError [ECONNREFUSED]: 
    at internalConnectMultiple (node:net:1134:18)
    at afterConnectMultiple (node:net:1715:7) {
  code: 'ECONNREFUSED',
  [errors]: [
    Error: connect ECONNREFUSED ::1:25566
        at createConnectionError (node:net:1678:14)
        at afterConnectMultiple (node:net:1708:16) {
      errno: -111,
      code: 'ECONNREFUSED',
      syscall: 'connect',
      address: '::1',
      port: 25566
    },
    Error: connect ECONNREFUSED 127.0.0.1:25566
        at createConnectionError (node:net:1678:14)
        at afterConnectMultiple (node:net:1708:16) {
      errno: -111,
      code: 'ECONNREFUSED',
      syscall: 'connect',
      address: '127.0.0.1',
      port: 25566
    }
  ]
}
[patricia2] Error: 
[patricia2] Disconnected
[patricia2] Starting autonomous agent...
[patricia2] Waiting for spawn...
AggregateError [ETIMEDOUT]: 
    at internalConnectMultiple (node:net:1134:18)
    at afterConnectMultiple (node:net:1715:7) {
  code: 'ETIMEDOUT',
  [errors]: [
    Error: connect ETIMEDOUT ::1:25566
        at createConnectionError (node:net:1678:14)
        at Timeout.internalConnectMultipleTimeout (node:net:1737:38)
        at listOnTimeout (node:internal/timers:587:11)
        at process.processTimers (node:internal/timers:521:7) {
      errno: -110,
      code: 'ETIMEDOUT',
      syscall: 'connect',
      address: '::1',
      port: 25566
    },
    Error: connect ECONNREFUSED 127.0.0.1:25566
        at createConnectionError (node:net:1678:14)
        at afterConnectMultiple (node:net:1708:16) {
      errno: -111,
      code: 'ECONNREFUSED',
      syscall: 'connect',
      address: '127.0.0.1',
      port: 25566
    }
  ]
}
[patricia2] Error: 
[patricia2] Disconnected
[patricia2] Starting autonomous agent...
[patricia2] Waiting for spawn...
AggregateError [ECONNREFUSED]: 
    at internalConnectMultiple (node:net:1134:18)
    at afterConnectMultiple (node:net:1715:7) {
  code: 'ECONNREFUSED',
  [errors]: [
    Error: connect ECONNREFUSED ::1:25566
        at createConnectionError (node:net:1678:14)
        at afterConnectMultiple (node:net:1708:16) {
      errno: -111,
      code: 'ECONNREFUSED',
      syscall: 'connect',
      address: '::1',
      port: 25566
    },
    Error: connect ECONNREFUSED 127.0.0.1:25566
        at createConnectionError (node:net:1678:14)
        at afterConnectMultiple (node:net:1708:16) {
      errno: -111,
      code: 'ECONNREFUSED',
      syscall: 'connect',
      address: '127.0.0.1',
      port: 25566
    }
  ]
}
[patricia2] Error: 
[patricia2] Disconnected
[patricia2] Starting autonomous agent...
[patricia2] Waiting for spawn...
AggregateError [ETIMEDOUT]: 
    at internalConnectMultiple (node:net:1134:18)
    at afterConnectMultiple (node:net:1715:7) {
  code: 'ETIMEDOUT',
  [errors]: [
    Error: connect ETIMEDOUT ::1:25566
        at createConnectionError (node:net:1678:14)
        at Timeout.internalConnectMultipleTimeout (node:net:1737:38)
        at listOnTimeout (node:internal/timers:587:11)
        at process.processTimers (node:internal/timers:521:7) {
      errno: -110,
      code: 'ETIMEDOUT',
      syscall: 'connect',
      address: '::1',
      port: 25566
    },
    Error: connect ECONNREFUSED 127.0.0.1:25566
        at createConnectionError (node:net:1678:14)
        at afterConnectMultiple (node:net:1708:16) {
      errno: -111,
      code: 'ECONNREFUSED',
      syscall: 'connect',
      address: '127.0.0.1',
      port: 25566
    }
  ]
}
[patricia2] Error: 
[patricia2] Disconnected
[patricia2] Starting autonomous agent...
[patricia2] Starting autonomous agent...
[patricia2] Waiting for spawn...
AggregateError [ECONNREFUSED]: 
    at internalConnectMultiple (node:net:1134:18)
    at afterConnectMultiple (node:net:1715:7) {
  code: 'ECONNREFUSED',
  [errors]: [
    Error: connect ECONNREFUSED ::1:25566
        at createConnectionError (node:net:1678:14)
        at afterConnectMultiple (node:net:1708:16) {
      errno: -111,
      code: 'ECONNREFUSED',
      syscall: 'connect',
      address: '::1',
      port: 25566
    },
    Error: connect ECONNREFUSED 127.0.0.1:25566
        at createConnectionError (node:net:1678:14)
        at afterConnectMultiple (node:net:1708:16) {
      errno: -111,
      code: 'ECONNREFUSED',
      syscall: 'connect',
      address: '127.0.0.1',
      port: 25566
    }
  ]
}
[patricia2] Error: 
[patricia2] Disconnected
[patricia2] Starting autonomous agent...
[patricia2] Waiting for spawn...
AggregateError [ECONNREFUSED]: 
    at internalConnectMultiple (node:net:1134:18)
    at afterConnectMultiple (node:net:1715:7) {
  code: 'ECONNREFUSED',
  [errors]: [
    Error: connect ECONNREFUSED ::1:25566
        at createConnectionError (node:net:1678:14)
        at afterConnectMultiple (node:net:1708:16) {
      errno: -111,
      code: 'ECONNREFUSED',
      syscall: 'connect',
      address: '::1',
      port: 25566
    },
    Error: connect ECONNREFUSED 127.0.0.1:25566
        at createConnectionError (node:net:1678:14)
        at afterConnectMultiple (node:net:1708:16) {
      errno: -111,
      code: 'ECONNREFUSED',
      syscall: 'connect',
      address: '127.0.0.1',
      port: 25566
    }
  ]
}
[patricia2] Error: 
[patricia2] Disconnected
[patricia2] Waiting for spawn...
AggregateError [ECONNREFUSED]: 
    at internalConnectMultiple (node:net:1134:18)
    at afterConnectMultiple (node:net:1715:7) {
  code: 'ECONNREFUSED',
  [errors]: [
    Error: connect ECONNREFUSED ::1:25566
        at createConnectionError (node:net:1678:14)
        at afterConnectMultiple (node:net:1708:16) {
      errno: -111,
      code: 'ECONNREFUSED',
      syscall: 'connect',
      address: '::1',
      port: 25566
    },
    Error: connect ECONNREFUSED 127.0.0.1:25566
        at createConnectionError (node:net:1678:14)
        at afterConnectMultiple (node:net:1708:16) {
      errno: -111,
      code: 'ECONNREFUSED',
      syscall: 'connect',
      address: '127.0.0.1',
      port: 25566
    }
  ]
}
[patricia2] Error: 
[patricia2] Disconnected
[patricia2] Starting autonomous agent...
[patricia2] Waiting for spawn...
AggregateError [ECONNREFUSED]: 
    at internalConnectMultiple (node:net:1134:18)
    at afterConnectMultiple (node:net:1715:7) {
  code: 'ECONNREFUSED',
  [errors]: [
    Error: connect ECONNREFUSED ::1:25566
        at createConnectionError (node:net:1678:14)
        at afterConnectMultiple (node:net:1708:16) {
      errno: -111,
      code: 'ECONNREFUSED',
      syscall: 'connect',
      address: '::1',
      port: 25566
    },
    Error: connect ECONNREFUSED 127.0.0.1:25566
        at createConnectionError (node:net:1678:14)
        at afterConnectMultiple (node:net:1708:16) {
      errno: -111,
      code: 'ECONNREFUSED',
      syscall: 'connect',
      address: '127.0.0.1',
      port: 25566
    }
  ]
}
[patricia2] Error: 
[patricia2] Disconnected
[patricia2] Starting autonomous agent...
[patricia2] Waiting for spawn...
AggregateError [ECONNREFUSED]: 
    at internalConnectMultiple (node:net:1134:18)
    at afterConnectMultiple (node:net:1715:7) {
  code: 'ECONNREFUSED',
  [errors]: [
    Error: connect ECONNREFUSED ::1:25566
        at createConnectionError (node:net:1678:14)
        at afterConnectMultiple (node:net:1708:16) {
      errno: -111,
      code: 'ECONNREFUSED',
      syscall: 'connect',
      address: '::1',
      port: 25566
    },
    Error: connect ECONNREFUSED 127.0.0.1:25566
        at createConnectionError (node:net:1678:14)
        at afterConnectMultiple (node:net:1708:16) {
      errno: -111,
      code: 'ECONNREFUSED',
      syscall: 'connect',
      address: '127.0.0.1',
      port: 25566
    }
  ]
}
[patricia2] Error: 
[patricia2] Disconnected
[patricia2] Starting autonomous agent...
[patricia2] Waiting for spawn...
AggregateError [ECONNREFUSED]: 
    at internalConnectMultiple (node:net:1134:18)
    at afterConnectMultiple (node:net:1715:7) {
  code: 'ECONNREFUSED',
  [errors]: [
    Error: connect ECONNREFUSED ::1:25566
        at createConnectionError (node:net:1678:14)
        at afterConnectMultiple (node:net:1708:16) {
      errno: -111,
      code: 'ECONNREFUSED',
      syscall: 'connect',
      address: '::1',
      port: 25566
    },
    Error: connect ECONNREFUSED 127.0.0.1:25566
        at createConnectionError (node:net:1678:14)
        at afterConnectMultiple (node:net:1708:16) {
      errno: -111,
      code: 'ECONNREFUSED',
      syscall: 'connect',
      address: '127.0.0.1',
      port: 25566
    }
  ]
}
[patricia2] Error: 
[patricia2] Disconnected
[patricia2] Starting autonomous agent...
[patricia2] Starting autonomous agent...
[patricia2] Waiting for spawn...
AggregateError [ECONNREFUSED]: 
    at internalConnectMultiple (node:net:1134:18)
    at afterConnectMultiple (node:net:1715:7) {
  code: 'ECONNREFUSED',
  [errors]: [
    Error: connect ECONNREFUSED ::1:25566
        at createConnectionError (node:net:1678:14)
        at afterConnectMultiple (node:net:1708:16) {
      errno: -111,
      code: 'ECONNREFUSED',
      syscall: 'connect',
      address: '::1',
      port: 25566
    },
    Error: connect ECONNREFUSED 127.0.0.1:25566
        at createConnectionError (node:net:1678:14)
        at afterConnectMultiple (node:net:1708:16) {
      errno: -111,
      code: 'ECONNREFUSED',
      syscall: 'connect',
      address: '127.0.0.1',
      port: 25566
    }
  ]
}
[patricia2] Error: 
[patricia2] Disconnected
[patricia2] Waiting for spawn...
AggregateError [ECONNREFUSED]: 
    at internalConnectMultiple (node:net:1134:18)
    at afterConnectMultiple (node:net:1715:7) {
  code: 'ECONNREFUSED',
  [errors]: [
    Error: connect ECONNREFUSED ::1:25566
        at createConnectionError (node:net:1678:14)
        at afterConnectMultiple (node:net:1708:16) {
      errno: -111,
      code: 'ECONNREFUSED',
      syscall: 'connect',
      address: '::1',
      port: 25566
    },
    Error: connect ECONNREFUSED 127.0.0.1:25566
        at createConnectionError (node:net:1678:14)
        at afterConnectMultiple (node:net:1708:16) {
      errno: -111,
      code: 'ECONNREFUSED',
      syscall: 'connect',
      address: '127.0.0.1',
      port: 25566
    }
  ]
}
[patricia2] Error: 
[patricia2] Disconnected
[patricia2] Starting autonomous agent...
[patricia2] Waiting for spawn...
AggregateError [ETIMEDOUT]: 
    at internalConnectMultiple (node:net:1134:18)
    at afterConnectMultiple (node:net:1715:7) {
  code: 'ETIMEDOUT',
  [errors]: [
    Error: connect ETIMEDOUT ::1:25566
        at createConnectionError (node:net:1678:14)
        at Timeout.internalConnectMultipleTimeout (node:net:1737:38)
        at listOnTimeout (node:internal/timers:587:11)
        at process.processTimers (node:internal/timers:521:7) {
      errno: -110,
      code: 'ETIMEDOUT',
      syscall: 'connect',
      address: '::1',
      port: 25566
    },
    Error: connect ECONNREFUSED 127.0.0.1:25566
        at createConnectionError (node:net:1678:14)
        at afterConnectMultiple (node:net:1708:16) {
      errno: -111,
      code: 'ECONNREFUSED',
      syscall: 'connect',
      address: '127.0.0.1',
      port: 25566
    }
  ]
}
[patricia2] Error: 
[patricia2] Disconnected
[patricia2] Starting autonomous agent...
[patricia2] Waiting for spawn...
AggregateError [ECONNREFUSED]: 
    at internalConnectMultiple (node:net:1134:18)
    at afterConnectMultiple (node:net:1715:7) {
  code: 'ECONNREFUSED',
  [errors]: [
    Error: connect ECONNREFUSED ::1:25566
        at createConnectionError (node:net:1678:14)
        at afterConnectMultiple (node:net:1708:16) {
      errno: -111,
      code: 'ECONNREFUSED',
      syscall: 'connect',
      address: '::1',
      port: 25566
    },
    Error: connect ECONNREFUSED 127.0.0.1:25566
        at createConnectionError (node:net:1678:14)
        at afterConnectMultiple (node:net:1708:16) {
      errno: -111,
      code: 'ECONNREFUSED',
      syscall: 'connect',
      address: '127.0.0.1',
      port: 25566
    }
  ]
}
[patricia2] Error: 
[patricia2] Disconnected
[patricia2] Starting autonomous agent...
[patricia2] Waiting for spawn...
AggregateError [ECONNREFUSED]: 
    at internalConnectMultiple (node:net:1134:18)
    at afterConnectMultiple (node:net:1715:7) {
  code: 'ECONNREFUSED',
  [errors]: [
    Error: connect ECONNREFUSED ::1:25566
        at createConnectionError (node:net:1678:14)
        at afterConnectMultiple (node:net:1708:16) {
      errno: -111,
      code: 'ECONNREFUSED',
      syscall: 'connect',
      address: '::1',
      port: 25566
    },
    Error: connect ECONNREFUSED 127.0.0.1:25566
        at createConnectionError (node:net:1678:14)
        at afterConnectMultiple (node:net:1708:16) {
      errno: -111,
      code: 'ECONNREFUSED',
      syscall: 'connect',
      address: '127.0.0.1',
      port: 25566
    }
  ]
}
[patricia2] Error: 
[patricia2] Disconnected
[patricia2] Starting autonomous agent...
[patricia2] Waiting for spawn...
AggregateError [ECONNREFUSED]: 
    at internalConnectMultiple (node:net:1134:18)
    at afterConnectMultiple (node:net:1715:7) {
  code: 'ECONNREFUSED',
  [errors]: [
    Error: connect ECONNREFUSED ::1:25566
        at createConnectionError (node:net:1678:14)
        at afterConnectMultiple (node:net:1708:16) {
      errno: -111,
      code: 'ECONNREFUSED',
      syscall: 'connect',
      address: '::1',
      port: 25566
    },
    Error: connect ECONNREFUSED 127.0.0.1:25566
        at createConnectionError (node:net:1678:14)
        at afterConnectMultiple (node:net:1708:16) {
      errno: -111,
      code: 'ECONNREFUSED',
      syscall: 'connect',
      address: '127.0.0.1',
      port: 25566
    }
  ]
}
[patricia2] Error: 
[patricia2] Disconnected
[patricia2] Starting autonomous agent...
[patricia2] Waiting for spawn...
AggregateError [ECONNREFUSED]: 
    at internalConnectMultiple (node:net:1134:18)
    at afterConnectMultiple (node:net:1715:7) {
  code: 'ECONNREFUSED',
  [errors]: [
    Error: connect ECONNREFUSED ::1:25566
        at createConnectionError (node:net:1678:14)
        at afterConnectMultiple (node:net:1708:16) {
      errno: -111,
      code: 'ECONNREFUSED',
      syscall: 'connect',
      address: '::1',
      port: 25566
    },
    Error: connect ECONNREFUSED 127.0.0.1:25566
        at createConnectionError (node:net:1678:14)
        at afterConnectMultiple (node:net:1708:16) {
      errno: -111,
      code: 'ECONNREFUSED',
      syscall: 'connect',
      address: '127.0.0.1',
      port: 25566
    }
  ]
}
[patricia2] Error: 
[patricia2] Disconnected
[patricia2] Starting autonomous agent...
[patricia2] Waiting for spawn...
AggregateError [ECONNREFUSED]: 
    at internalConnectMultiple (node:net:1134:18)
    at afterConnectMultiple (node:net:1715:7) {
  code: 'ECONNREFUSED',
  [errors]: [
    Error: connect ECONNREFUSED ::1:25566
        at createConnectionError (node:net:1678:14)
        at afterConnectMultiple (node:net:1708:16) {
      errno: -111,
      code: 'ECONNREFUSED',
      syscall: 'connect',
      address: '::1',
      port: 25566
    },
    Error: connect ECONNREFUSED 127.0.0.1:25566
        at createConnectionError (node:net:1678:14)
        at afterConnectMultiple (node:net:1708:16) {
      errno: -111,
      code: 'ECONNREFUSED',
      syscall: 'connect',
      address: '127.0.0.1',
      port: 25566
    }
  ]
}
[patricia2] Error: 
[patricia2] Disconnected
[patricia2] Starting autonomous agent...
[patricia2] Waiting for spawn...
AggregateError [ECONNREFUSED]: 
    at internalConnectMultiple (node:net:1134:18)
    at afterConnectMultiple (node:net:1715:7) {
  code: 'ECONNREFUSED',
  [errors]: [
    Error: connect ECONNREFUSED ::1:25566
        at createConnectionError (node:net:1678:14)
        at afterConnectMultiple (node:net:1708:16) {
      errno: -111,
      code: 'ECONNREFUSED',
      syscall: 'connect',
      address: '::1',
      port: 25566
    },
    Error: connect ECONNREFUSED 127.0.0.1:25566
        at createConnectionError (node:net:1678:14)
        at afterConnectMultiple (node:net:1708:16) {
      errno: -111,
      code: 'ECONNREFUSED',
      syscall: 'connect',
      address: '127.0.0.1',
      port: 25566
    }
  ]
}
[patricia2] Error: 
[patricia2] Disconnected
[patricia2] Starting autonomous agent...
[patricia2] Waiting for spawn...
AggregateError [ECONNREFUSED]: 
    at internalConnectMultiple (node:net:1134:18)
    at afterConnectMultiple (node:net:1715:7) {
  code: 'ECONNREFUSED',
  [errors]: [
    Error: connect ECONNREFUSED ::1:25566
        at createConnectionError (node:net:1678:14)
        at afterConnectMultiple (node:net:1708:16) {
      errno: -111,
      code: 'ECONNREFUSED',
      syscall: 'connect',
      address: '::1',
      port: 25566
    },
    Error: connect ECONNREFUSED 127.0.0.1:25566
        at createConnectionError (node:net:1678:14)
        at afterConnectMultiple (node:net:1708:16) {
      errno: -111,
      code: 'ECONNREFUSED',
      syscall: 'connect',
      address: '127.0.0.1',
      port: 25566
    }
  ]
}
[patricia2] Error: 
[patricia2] Disconnected
[patricia2] Starting autonomous agent...
[patricia2] Waiting for spawn...
AggregateError [ETIMEDOUT]: 
    at internalConnectMultiple (node:net:1134:18)
    at afterConnectMultiple (node:net:1715:7) {
  code: 'ETIMEDOUT',
  [errors]: [
    Error: connect ETIMEDOUT ::1:25566
        at createConnectionError (node:net:1678:14)
        at Timeout.internalConnectMultipleTimeout (node:net:1737:38)
        at listOnTimeout (node:internal/timers:587:11)
        at process.processTimers (node:internal/timers:521:7) {
      errno: -110,
      code: 'ETIMEDOUT',
      syscall: 'connect',
      address: '::1',
      port: 25566
    },
    Error: connect ECONNREFUSED 127.0.0.1:25566
        at createConnectionError (node:net:1678:14)
        at afterConnectMultiple (node:net:1708:16) {
      errno: -111,
      code: 'ECONNREFUSED',
      syscall: 'connect',
      address: '127.0.0.1',
      port: 25566
    }
  ]
}
[patricia2] Error: 
[patricia2] Disconnected
[patricia2] Starting autonomous agent...
[patricia2] Waiting for spawn...
AggregateError [ECONNREFUSED]: 
    at internalConnectMultiple (node:net:1134:18)
    at afterConnectMultiple (node:net:1715:7) {
  code: 'ECONNREFUSED',
  [errors]: [
    Error: connect ECONNREFUSED ::1:25566
        at createConnectionError (node:net:1678:14)
        at afterConnectMultiple (node:net:1708:16) {
      errno: -111,
      code: 'ECONNREFUSED',
      syscall: 'connect',
      address: '::1',
      port: 25566
    },
    Error: connect ECONNREFUSED 127.0.0.1:25566
        at createConnectionError (node:net:1678:14)
        at afterConnectMultiple (node:net:1708:16) {
      errno: -111,
      code: 'ECONNREFUSED',
      syscall: 'connect',
      address: '127.0.0.1',
      port: 25566
    }
  ]
}
[patricia2] Error: 
[patricia2] Disconnected
[patricia2] Starting autonomous agent...
[patricia2] Waiting for spawn...
AggregateError [ECONNREFUSED]: 
    at internalConnectMultiple (node:net:1134:18)
    at afterConnectMultiple (node:net:1715:7) {
  code: 'ECONNREFUSED',
  [errors]: [
    Error: connect ECONNREFUSED ::1:25566
        at createConnectionError (node:net:1678:14)
        at afterConnectMultiple (node:net:1708:16) {
      errno: -111,
      code: 'ECONNREFUSED',
      syscall: 'connect',
      address: '::1',
      port: 25566
    },
    Error: connect ECONNREFUSED 127.0.0.1:25566
        at createConnectionError (node:net:1678:14)
        at afterConnectMultiple (node:net:1708:16) {
      errno: -111,
      code: 'ECONNREFUSED',
      syscall: 'connect',
      address: '127.0.0.1',
      port: 25566
    }
  ]
}
[patricia2] Error: 
[patricia2] Disconnected
[patricia2] Starting autonomous agent...
[patricia2] Waiting for spawn...
AggregateError [ECONNREFUSED]: 
    at internalConnectMultiple (node:net:1134:18)
    at afterConnectMultiple (node:net:1715:7) {
  code: 'ECONNREFUSED',
  [errors]: [
    Error: connect ECONNREFUSED ::1:25566
        at createConnectionError (node:net:1678:14)
        at afterConnectMultiple (node:net:1708:16) {
      errno: -111,
      code: 'ECONNREFUSED',
      syscall: 'connect',
      address: '::1',
      port: 25566
    },
    Error: connect ECONNREFUSED 127.0.0.1:25566
        at createConnectionError (node:net:1678:14)
        at afterConnectMultiple (node:net:1708:16) {
      errno: -111,
      code: 'ECONNREFUSED',
      syscall: 'connect',
      address: '127.0.0.1',
      port: 25566
    }
  ]
}
[patricia2] Error: 
[patricia2] Disconnected
[patricia2] Starting autonomous agent...
[patricia2] Waiting for spawn...
AggregateError [ECONNREFUSED]: 
    at internalConnectMultiple (node:net:1134:18)
    at afterConnectMultiple (node:net:1715:7) {
  code: 'ECONNREFUSED',
  [errors]: [
    Error: connect ECONNREFUSED ::1:25566
        at createConnectionError (node:net:1678:14)
        at afterConnectMultiple (node:net:1708:16) {
      errno: -111,
      code: 'ECONNREFUSED',
      syscall: 'connect',
      address: '::1',
      port: 25566
    },
    Error: connect ECONNREFUSED 127.0.0.1:25566
        at createConnectionError (node:net:1678:14)
        at afterConnectMultiple (node:net:1708:16) {
      errno: -111,
      code: 'ECONNREFUSED',
      syscall: 'connect',
      address: '127.0.0.1',
      port: 25566
    }
  ]
}
[patricia2] Error: 
[patricia2] Disconnected
[patricia2] Starting autonomous agent...
[patricia2] Waiting for spawn...
AggregateError [ECONNREFUSED]: 
    at internalConnectMultiple (node:net:1134:18)
    at afterConnectMultiple (node:net:1715:7) {
  code: 'ECONNREFUSED',
  [errors]: [
    Error: connect ECONNREFUSED ::1:25566
        at createConnectionError (node:net:1678:14)
        at afterConnectMultiple (node:net:1708:16) {
      errno: -111,
      code: 'ECONNREFUSED',
      syscall: 'connect',
      address: '::1',
      port: 25566
    },
    Error: connect ECONNREFUSED 127.0.0.1:25566
        at createConnectionError (node:net:1678:14)
        at afterConnectMultiple (node:net:1708:16) {
      errno: -111,
      code: 'ECONNREFUSED',
      syscall: 'connect',
      address: '127.0.0.1',
      port: 25566
    }
  ]
}
[patricia2] Error: 
[patricia2] Disconnected
[patricia2] Starting autonomous agent...
[patricia2] Waiting for spawn...
AggregateError [ETIMEDOUT]: 
    at internalConnectMultiple (node:net:1134:18)
    at afterConnectMultiple (node:net:1715:7) {
  code: 'ETIMEDOUT',
  [errors]: [
    Error: connect ETIMEDOUT ::1:25566
        at createConnectionError (node:net:1678:14)
        at Timeout.internalConnectMultipleTimeout (node:net:1737:38)
        at listOnTimeout (node:internal/timers:587:11)
        at process.processTimers (node:internal/timers:521:7) {
      errno: -110,
      code: 'ETIMEDOUT',
      syscall: 'connect',
      address: '::1',
      port: 25566
    },
    Error: connect ECONNREFUSED 127.0.0.1:25566
        at createConnectionError (node:net:1678:14)
        at afterConnectMultiple (node:net:1708:16) {
      errno: -111,
      code: 'ECONNREFUSED',
      syscall: 'connect',
      address: '127.0.0.1',
      port: 25566
    }
  ]
}
[patricia2] Error: 
[patricia2] Disconnected
[patricia2] Starting autonomous agent...
[patricia2] Waiting for spawn...
AggregateError [ECONNREFUSED]: 
    at internalConnectMultiple (node:net:1134:18)
    at afterConnectMultiple (node:net:1715:7) {
  code: 'ECONNREFUSED',
  [errors]: [
    Error: connect ECONNREFUSED ::1:25566
        at createConnectionError (node:net:1678:14)
        at afterConnectMultiple (node:net:1708:16) {
      errno: -111,
      code: 'ECONNREFUSED',
      syscall: 'connect',
      address: '::1',
      port: 25566
    },
    Error: connect ECONNREFUSED 127.0.0.1:25566
        at createConnectionError (node:net:1678:14)
        at afterConnectMultiple (node:net:1708:16) {
      errno: -111,
      code: 'ECONNREFUSED',
      syscall: 'connect',
      address: '127.0.0.1',
      port: 25566
    }
  ]
}
[patricia2] Error: 
[patricia2] Disconnected
[patricia2] Starting autonomous agent...
[patricia2] Waiting for spawn...
AggregateError [ECONNREFUSED]: 
    at internalConnectMultiple (node:net:1134:18)
    at afterConnectMultiple (node:net:1715:7) {
  code: 'ECONNREFUSED',
  [errors]: [
    Error: connect ECONNREFUSED ::1:25566
        at createConnectionError (node:net:1678:14)
        at afterConnectMultiple (node:net:1708:16) {
      errno: -111,
      code: 'ECONNREFUSED',
      syscall: 'connect',
      address: '::1',
      port: 25566
    },
    Error: connect ECONNREFUSED 127.0.0.1:25566
        at createConnectionError (node:net:1678:14)
        at afterConnectMultiple (node:net:1708:16) {
      errno: -111,
      code: 'ECONNREFUSED',
      syscall: 'connect',
      address: '127.0.0.1',
      port: 25566
    }
  ]
}
[patricia2] Error: 
[patricia2] Disconnected
[patricia2] Starting autonomous agent...
[patricia2] Waiting for spawn...
AggregateError [ECONNREFUSED]: 
    at internalConnectMultiple (node:net:1134:18)
    at afterConnectMultiple (node:net:1715:7) {
  code: 'ECONNREFUSED',
  [errors]: [
    Error: connect ECONNREFUSED ::1:25566
        at createConnectionError (node:net:1678:14)
        at afterConnectMultiple (node:net:1708:16) {
      errno: -111,
      code: 'ECONNREFUSED',
      syscall: 'connect',
      address: '::1',
      port: 25566
    },
    Error: connect ECONNREFUSED 127.0.0.1:25566
        at createConnectionError (node:net:1678:14)
        at afterConnectMultiple (node:net:1708:16) {
      errno: -111,
      code: 'ECONNREFUSED',
      syscall: 'connect',
      address: '127.0.0.1',
      port: 25566
    }
  ]
}
[patricia2] Error: 
[patricia2] Disconnected
[patricia2] Starting autonomous agent...
[patricia2] Waiting for spawn...
AggregateError [ECONNREFUSED]: 
    at internalConnectMultiple (node:net:1134:18)
    at afterConnectMultiple (node:net:1715:7) {
  code: 'ECONNREFUSED',
  [errors]: [
    Error: connect ECONNREFUSED ::1:25566
        at createConnectionError (node:net:1678:14)
        at afterConnectMultiple (node:net:1708:16) {
      errno: -111,
      code: 'ECONNREFUSED',
      syscall: 'connect',
      address: '::1',
      port: 25566
    },
    Error: connect ECONNREFUSED 127.0.0.1:25566
        at createConnectionError (node:net:1678:14)
        at afterConnectMultiple (node:net:1708:16) {
      errno: -111,
      code: 'ECONNREFUSED',
      syscall: 'connect',
      address: '127.0.0.1',
      port: 25566
    }
  ]
}
[patricia2] Error: 
[patricia2] Disconnected
[patricia2] Starting autonomous agent...
[patricia2] Waiting for spawn...
AggregateError [ECONNREFUSED]: 
    at internalConnectMultiple (node:net:1134:18)
    at afterConnectMultiple (node:net:1715:7) {
  code: 'ECONNREFUSED',
  [errors]: [
    Error: connect ECONNREFUSED ::1:25566
        at createConnectionError (node:net:1678:14)
        at afterConnectMultiple (node:net:1708:16) {
      errno: -111,
      code: 'ECONNREFUSED',
      syscall: 'connect',
      address: '::1',
      port: 25566
    },
    Error: connect ECONNREFUSED 127.0.0.1:25566
        at createConnectionError (node:net:1678:14)
        at afterConnectMultiple (node:net:1708:16) {
      errno: -111,
      code: 'ECONNREFUSED',
      syscall: 'connect',
      address: '127.0.0.1',
      port: 25566
    }
  ]
}
[patricia2] Error: 
[patricia2] Disconnected
[patricia2] Starting autonomous agent...
[patricia2] Waiting for spawn...
AggregateError [ETIMEDOUT]: 
    at internalConnectMultiple (node:net:1134:18)
    at afterConnectMultiple (node:net:1715:7) {
  code: 'ETIMEDOUT',
  [errors]: [
    Error: connect ETIMEDOUT ::1:25566
        at createConnectionError (node:net:1678:14)
        at Timeout.internalConnectMultipleTimeout (node:net:1737:38)
        at listOnTimeout (node:internal/timers:587:11)
        at process.processTimers (node:internal/timers:521:7) {
      errno: -110,
      code: 'ETIMEDOUT',
      syscall: 'connect',
      address: '::1',
      port: 25566
    },
    Error: connect ECONNREFUSED 127.0.0.1:25566
        at createConnectionError (node:net:1678:14)
        at afterConnectMultiple (node:net:1708:16) {
      errno: -111,
      code: 'ECONNREFUSED',
      syscall: 'connect',
      address: '127.0.0.1',
      port: 25566
    }
  ]
}
[patricia2] Error: 
[patricia2] Disconnected
[patricia2] Starting autonomous agent...
[patricia2] Waiting for spawn...
AggregateError [ETIMEDOUT]: 
    at internalConnectMultiple (node:net:1134:18)
    at afterConnectMultiple (node:net:1715:7) {
  code: 'ETIMEDOUT',
  [errors]: [
    Error: connect ETIMEDOUT ::1:25566
        at createConnectionError (node:net:1678:14)
        at Timeout.internalConnectMultipleTimeout (node:net:1737:38)
        at listOnTimeout (node:internal/timers:587:11)
        at process.processTimers (node:internal/timers:521:7) {
      errno: -110,
      code: 'ETIMEDOUT',
      syscall: 'connect',
      address: '::1',
      port: 25566
    },
    Error: connect ECONNREFUSED 127.0.0.1:25566
        at createConnectionError (node:net:1678:14)
        at afterConnectMultiple (node:net:1708:16) {
      errno: -111,
      code: 'ECONNREFUSED',
      syscall: 'connect',
      address: '127.0.0.1',
      port: 25566
    }
  ]
}
[patricia2] Error: 
[patricia2] Disconnected
[patricia2] Starting autonomous agent...
[patricia2] Waiting for spawn...
AggregateError [ECONNREFUSED]: 
    at internalConnectMultiple (node:net:1134:18)
    at afterConnectMultiple (node:net:1715:7) {
  code: 'ECONNREFUSED',
  [errors]: [
    Error: connect ECONNREFUSED ::1:25566
        at createConnectionError (node:net:1678:14)
        at afterConnectMultiple (node:net:1708:16) {
      errno: -111,
      code: 'ECONNREFUSED',
      syscall: 'connect',
      address: '::1',
      port: 25566
    },
    Error: connect ECONNREFUSED 127.0.0.1:25566
        at createConnectionError (node:net:1678:14)
        at afterConnectMultiple (node:net:1708:16) {
      errno: -111,
      code: 'ECONNREFUSED',
      syscall: 'connect',
      address: '127.0.0.1',
      port: 25566
    }
  ]
}
[patricia2] Error: 
[patricia2] Disconnected
[patricia2] Starting autonomous agent...
[patricia2] Waiting for spawn...
AggregateError [ECONNREFUSED]: 
    at internalConnectMultiple (node:net:1134:18)
    at afterConnectMultiple (node:net:1715:7) {
  code: 'ECONNREFUSED',
  [errors]: [
    Error: connect ECONNREFUSED ::1:25566
        at createConnectionError (node:net:1678:14)
        at afterConnectMultiple (node:net:1708:16) {
      errno: -111,
      code: 'ECONNREFUSED',
      syscall: 'connect',
      address: '::1',
      port: 25566
    },
    Error: connect ECONNREFUSED 127.0.0.1:25566
        at createConnectionError (node:net:1678:14)
        at afterConnectMultiple (node:net:1708:16) {
      errno: -111,
      code: 'ECONNREFUSED',
      syscall: 'connect',
      address: '127.0.0.1',
      port: 25566
    }
  ]
}
[patricia2] Error: 
[patricia2] Disconnected
[patricia2] Starting autonomous agent...
[patricia2] Waiting for spawn...
AggregateError [ECONNREFUSED]: 
    at internalConnectMultiple (node:net:1134:18)
    at afterConnectMultiple (node:net:1715:7) {
  code: 'ECONNREFUSED',
  [errors]: [
    Error: connect ECONNREFUSED ::1:25566
        at createConnectionError (node:net:1678:14)
        at afterConnectMultiple (node:net:1708:16) {
      errno: -111,
      code: 'ECONNREFUSED',
      syscall: 'connect',
      address: '::1',
      port: 25566
    },
    Error: connect ECONNREFUSED 127.0.0.1:25566
        at createConnectionError (node:net:1678:14)
        at afterConnectMultiple (node:net:1708:16) {
      errno: -111,
      code: 'ECONNREFUSED',
      syscall: 'connect',
      address: '127.0.0.1',
      port: 25566
    }
  ]
}
[patricia2] Error: 
[patricia2] Disconnected
[patricia2] Starting autonomous agent...
[patricia2] Waiting for spawn...
AggregateError [ECONNREFUSED]: 
    at internalConnectMultiple (node:net:1134:18)
    at afterConnectMultiple (node:net:1715:7) {
  code: 'ECONNREFUSED',
  [errors]: [
    Error: connect ECONNREFUSED ::1:25566
        at createConnectionError (node:net:1678:14)
        at afterConnectMultiple (node:net:1708:16) {
      errno: -111,
      code: 'ECONNREFUSED',
      syscall: 'connect',
      address: '::1',
      port: 25566
    },
    Error: connect ECONNREFUSED 127.0.0.1:25566
        at createConnectionError (node:net:1678:14)
        at afterConnectMultiple (node:net:1708:16) {
      errno: -111,
      code: 'ECONNREFUSED',
      syscall: 'connect',
      address: '127.0.0.1',
      port: 25566
    }
  ]
}
[patricia2] Error: 
[patricia2] Disconnected
[patricia2] Starting autonomous agent...
[patricia2] Waiting for spawn...
AggregateError [ECONNREFUSED]: 
    at internalConnectMultiple (node:net:1134:18)
    at afterConnectMultiple (node:net:1715:7) {
  code: 'ECONNREFUSED',
  [errors]: [
    Error: connect ECONNREFUSED ::1:25566
        at createConnectionError (node:net:1678:14)
        at afterConnectMultiple (node:net:1708:16) {
      errno: -111,
      code: 'ECONNREFUSED',
      syscall: 'connect',
      address: '::1',
      port: 25566
    },
    Error: connect ECONNREFUSED 127.0.0.1:25566
        at createConnectionError (node:net:1678:14)
        at afterConnectMultiple (node:net:1708:16) {
      errno: -111,
      code: 'ECONNREFUSED',
      syscall: 'connect',
      address: '127.0.0.1',
      port: 25566
    }
  ]
}
[patricia2] Error: 
[patricia2] Disconnected
[patricia2] Starting autonomous agent...
[patricia2] Waiting for spawn...
AggregateError [ECONNREFUSED]: 
    at internalConnectMultiple (node:net:1134:18)
    at afterConnectMultiple (node:net:1715:7) {
  code: 'ECONNREFUSED',
  [errors]: [
    Error: connect ECONNREFUSED ::1:25566
        at createConnectionError (node:net:1678:14)
        at afterConnectMultiple (node:net:1708:16) {
      errno: -111,
      code: 'ECONNREFUSED',
      syscall: 'connect',
      address: '::1',
      port: 25566
    },
    Error: connect ECONNREFUSED 127.0.0.1:25566
        at createConnectionError (node:net:1678:14)
        at afterConnectMultiple (node:net:1708:16) {
      errno: -111,
      code: 'ECONNREFUSED',
      syscall: 'connect',
      address: '127.0.0.1',
      port: 25566
    }
  ]
}
[patricia2] Error: 
[patricia2] Disconnected
[patricia2] Starting autonomous agent...
[patricia2] Waiting for spawn...
AggregateError [ECONNREFUSED]: 
    at internalConnectMultiple (node:net:1134:18)
    at afterConnectMultiple (node:net:1715:7) {
  code: 'ECONNREFUSED',
  [errors]: [
    Error: connect ECONNREFUSED ::1:25566
        at createConnectionError (node:net:1678:14)
        at afterConnectMultiple (node:net:1708:16) {
      errno: -111,
      code: 'ECONNREFUSED',
      syscall: 'connect',
      address: '::1',
      port: 25566
    },
    Error: connect ECONNREFUSED 127.0.0.1:25566
        at createConnectionError (node:net:1678:14)
        at afterConnectMultiple (node:net:1708:16) {
      errno: -111,
      code: 'ECONNREFUSED',
      syscall: 'connect',
      address: '127.0.0.1',
      port: 25566
    }
  ]
}
[patricia2] Error: 
[patricia2] Disconnected
[patricia2] Starting autonomous agent...
[patricia2] Waiting for spawn...
AggregateError [ECONNREFUSED]: 
    at internalConnectMultiple (node:net:1134:18)
    at afterConnectMultiple (node:net:1715:7) {
  code: 'ECONNREFUSED',
  [errors]: [
    Error: connect ECONNREFUSED ::1:25566
        at createConnectionError (node:net:1678:14)
        at afterConnectMultiple (node:net:1708:16) {
      errno: -111,
      code: 'ECONNREFUSED',
      syscall: 'connect',
      address: '::1',
      port: 25566
    },
    Error: connect ECONNREFUSED 127.0.0.1:25566
        at createConnectionError (node:net:1678:14)
        at afterConnectMultiple (node:net:1708:16) {
      errno: -111,
      code: 'ECONNREFUSED',
      syscall: 'connect',
      address: '127.0.0.1',
      port: 25566
    }
  ]
}
[patricia2] Error: 
[patricia2] Disconnected
[patricia2] Starting autonomous agent...
[patricia2] Waiting for spawn...
AggregateError [ECONNREFUSED]: 
    at internalConnectMultiple (node:net:1134:18)
    at afterConnectMultiple (node:net:1715:7) {
  code: 'ECONNREFUSED',
  [errors]: [
    Error: connect ECONNREFUSED ::1:25566
        at createConnectionError (node:net:1678:14)
        at afterConnectMultiple (node:net:1708:16) {
      errno: -111,
      code: 'ECONNREFUSED',
      syscall: 'connect',
      address: '::1',
      port: 25566
    },
    Error: connect ECONNREFUSED 127.0.0.1:25566
        at createConnectionError (node:net:1678:14)
        at afterConnectMultiple (node:net:1708:16) {
      errno: -111,
      code: 'ECONNREFUSED',
      syscall: 'connect',
      address: '127.0.0.1',
      port: 25566
    }
  ]
}
[patricia2] Error: 
[patricia2] Disconnected
[patricia2] Starting autonomous agent...
[patricia2] Waiting for spawn...
AggregateError [ECONNREFUSED]: 
    at internalConnectMultiple (node:net:1134:18)
    at afterConnectMultiple (node:net:1715:7) {
  code: 'ECONNREFUSED',
  [errors]: [
    Error: connect ECONNREFUSED ::1:25566
        at createConnectionError (node:net:1678:14)
        at afterConnectMultiple (node:net:1708:16) {
      errno: -111,
      code: 'ECONNREFUSED',
      syscall: 'connect',
      address: '::1',
      port: 25566
    },
    Error: connect ECONNREFUSED 127.0.0.1:25566
        at createConnectionError (node:net:1678:14)
        at afterConnectMultiple (node:net:1708:16) {
      errno: -111,
      code: 'ECONNREFUSED',
      syscall: 'connect',
      address: '127.0.0.1',
      port: 25566
    }
  ]
}
[patricia2] Error: 
[patricia2] Disconnected
[patricia2] Starting autonomous agent...
[patricia2] Waiting for spawn...
AggregateError [ETIMEDOUT]: 
    at internalConnectMultiple (node:net:1134:18)
    at afterConnectMultiple (node:net:1715:7) {
  code: 'ETIMEDOUT',
  [errors]: [
    Error: connect ETIMEDOUT ::1:25566
        at createConnectionError (node:net:1678:14)
        at Timeout.internalConnectMultipleTimeout (node:net:1737:38)
        at listOnTimeout (node:internal/timers:587:11)
        at process.processTimers (node:internal/timers:521:7) {
      errno: -110,
      code: 'ETIMEDOUT',
      syscall: 'connect',
      address: '::1',
      port: 25566
    },
    Error: connect ECONNREFUSED 127.0.0.1:25566
        at createConnectionError (node:net:1678:14)
        at afterConnectMultiple (node:net:1708:16) {
      errno: -111,
      code: 'ECONNREFUSED',
      syscall: 'connect',
      address: '127.0.0.1',
      port: 25566
    }
  ]
}
[patricia2] Error: 
[patricia2] Disconnected
[patricia2] Starting autonomous agent...
[patricia2] Waiting for spawn...
AggregateError [ECONNREFUSED]: 
    at internalConnectMultiple (node:net:1134:18)
    at afterConnectMultiple (node:net:1715:7) {
  code: 'ECONNREFUSED',
  [errors]: [
    Error: connect ECONNREFUSED ::1:25566
        at createConnectionError (node:net:1678:14)
        at afterConnectMultiple (node:net:1708:16) {
      errno: -111,
      code: 'ECONNREFUSED',
      syscall: 'connect',
      address: '::1',
      port: 25566
    },
    Error: connect ECONNREFUSED 127.0.0.1:25566
        at createConnectionError (node:net:1678:14)
        at afterConnectMultiple (node:net:1708:16) {
      errno: -111,
      code: 'ECONNREFUSED',
      syscall: 'connect',
      address: '127.0.0.1',
      port: 25566
    }
  ]
}
[patricia2] Error: 
[patricia2] Disconnected
[patricia2] Starting autonomous agent...
[patricia2] Waiting for spawn...
AggregateError [ECONNREFUSED]: 
    at internalConnectMultiple (node:net:1134:18)
    at afterConnectMultiple (node:net:1715:7) {
  code: 'ECONNREFUSED',
  [errors]: [
    Error: connect ECONNREFUSED ::1:25566
        at createConnectionError (node:net:1678:14)
        at afterConnectMultiple (node:net:1708:16) {
      errno: -111,
      code: 'ECONNREFUSED',
      syscall: 'connect',
      address: '::1',
      port: 25566
    },
    Error: connect ECONNREFUSED 127.0.0.1:25566
        at createConnectionError (node:net:1678:14)
        at afterConnectMultiple (node:net:1708:16) {
      errno: -111,
      code: 'ECONNREFUSED',
      syscall: 'connect',
      address: '127.0.0.1',
      port: 25566
    }
  ]
}
[patricia2] Error: 
[patricia2] Disconnected
[patricia2] Starting autonomous agent...
[patricia2] Waiting for spawn...
AggregateError [ECONNREFUSED]: 
    at internalConnectMultiple (node:net:1134:18)
    at afterConnectMultiple (node:net:1715:7) {
  code: 'ECONNREFUSED',
  [errors]: [
    Error: connect ECONNREFUSED ::1:25566
        at createConnectionError (node:net:1678:14)
        at afterConnectMultiple (node:net:1708:16) {
      errno: -111,
      code: 'ECONNREFUSED',
      syscall: 'connect',
      address: '::1',
      port: 25566
    },
    Error: connect ECONNREFUSED 127.0.0.1:25566
        at createConnectionError (node:net:1678:14)
        at afterConnectMultiple (node:net:1708:16) {
      errno: -111,
      code: 'ECONNREFUSED',
      syscall: 'connect',
      address: '127.0.0.1',
      port: 25566
    }
  ]
}
[patricia2] Error: 
[patricia2] Disconnected
[patricia2] Starting autonomous agent...
[patricia2] Waiting for spawn...
AggregateError [ECONNREFUSED]: 
    at internalConnectMultiple (node:net:1134:18)
    at afterConnectMultiple (node:net:1715:7) {
  code: 'ECONNREFUSED',
  [errors]: [
    Error: connect ECONNREFUSED ::1:25566
        at createConnectionError (node:net:1678:14)
        at afterConnectMultiple (node:net:1708:16) {
      errno: -111,
      code: 'ECONNREFUSED',
      syscall: 'connect',
      address: '::1',
      port: 25566
    },
    Error: connect ECONNREFUSED 127.0.0.1:25566
        at createConnectionError (node:net:1678:14)
        at afterConnectMultiple (node:net:1708:16) {
      errno: -111,
      code: 'ECONNREFUSED',
      syscall: 'connect',
      address: '127.0.0.1',
      port: 25566
    }
  ]
}
[patricia2] Error: 
[patricia2] Disconnected
[patricia2] Starting autonomous agent...
[patricia2] Waiting for spawn...
AggregateError [ECONNREFUSED]: 
    at internalConnectMultiple (node:net:1134:18)
    at afterConnectMultiple (node:net:1715:7) {
  code: 'ECONNREFUSED',
  [errors]: [
    Error: connect ECONNREFUSED ::1:25566
        at createConnectionError (node:net:1678:14)
        at afterConnectMultiple (node:net:1708:16) {
      errno: -111,
      code: 'ECONNREFUSED',
      syscall: 'connect',
      address: '::1',
      port: 25566
    },
    Error: connect ECONNREFUSED 127.0.0.1:25566
        at createConnectionError (node:net:1678:14)
        at afterConnectMultiple (node:net:1708:16) {
      errno: -111,
      code: 'ECONNREFUSED',
      syscall: 'connect',
      address: '127.0.0.1',
      port: 25566
    }
  ]
}
[patricia2] Error: 
[patricia2] Disconnected
[patricia2] Starting autonomous agent...
[patricia2] Waiting for spawn...
AggregateError [ECONNREFUSED]: 
    at internalConnectMultiple (node:net:1134:18)
    at afterConnectMultiple (node:net:1715:7) {
  code: 'ECONNREFUSED',
  [errors]: [
    Error: connect ECONNREFUSED ::1:25566
        at createConnectionError (node:net:1678:14)
        at afterConnectMultiple (node:net:1708:16) {
      errno: -111,
      code: 'ECONNREFUSED',
      syscall: 'connect',
      address: '::1',
      port: 25566
    },
    Error: connect ECONNREFUSED 127.0.0.1:25566
        at createConnectionError (node:net:1678:14)
        at afterConnectMultiple (node:net:1708:16) {
      errno: -111,
      code: 'ECONNREFUSED',
      syscall: 'connect',
      address: '127.0.0.1',
      port: 25566
    }
  ]
}
[patricia2] Error: 
[patricia2] Disconnected
[patricia2] Starting autonomous agent...
[patricia2] Waiting for spawn...
AggregateError [ECONNREFUSED]: 
    at internalConnectMultiple (node:net:1134:18)
    at afterConnectMultiple (node:net:1715:7) {
  code: 'ECONNREFUSED',
  [errors]: [
    Error: connect ECONNREFUSED ::1:25566
        at createConnectionError (node:net:1678:14)
        at afterConnectMultiple (node:net:1708:16) {
      errno: -111,
      code: 'ECONNREFUSED',
      syscall: 'connect',
      address: '::1',
      port: 25566
    },
    Error: connect ECONNREFUSED 127.0.0.1:25566
        at createConnectionError (node:net:1678:14)
        at afterConnectMultiple (node:net:1708:16) {
      errno: -111,
      code: 'ECONNREFUSED',
      syscall: 'connect',
      address: '127.0.0.1',
      port: 25566
    }
  ]
}
[patricia2] Error: 
[patricia2] Disconnected
[patricia2] Starting autonomous agent...
[patricia2] Waiting for spawn...
AggregateError [ECONNREFUSED]: 
    at internalConnectMultiple (node:net:1134:18)
    at afterConnectMultiple (node:net:1715:7) {
  code: 'ECONNREFUSED',
  [errors]: [
    Error: connect ECONNREFUSED ::1:25566
        at createConnectionError (node:net:1678:14)
        at afterConnectMultiple (node:net:1708:16) {
      errno: -111,
      code: 'ECONNREFUSED',
      syscall: 'connect',
      address: '::1',
      port: 25566
    },
    Error: connect ECONNREFUSED 127.0.0.1:25566
        at createConnectionError (node:net:1678:14)
        at afterConnectMultiple (node:net:1708:16) {
      errno: -111,
      code: 'ECONNREFUSED',
      syscall: 'connect',
      address: '127.0.0.1',
      port: 25566
    }
  ]
}
[patricia2] Error: 
[patricia2] Disconnected
[patricia2] Starting autonomous agent...
[patricia2] Waiting for spawn...
AggregateError [ECONNREFUSED]: 
    at internalConnectMultiple (node:net:1134:18)
    at afterConnectMultiple (node:net:1715:7) {
  code: 'ECONNREFUSED',
  [errors]: [
    Error: connect ECONNREFUSED ::1:25566
        at createConnectionError (node:net:1678:14)
        at afterConnectMultiple (node:net:1708:16) {
      errno: -111,
      code: 'ECONNREFUSED',
      syscall: 'connect',
      address: '::1',
      port: 25566
    },
    Error: connect ECONNREFUSED 127.0.0.1:25566
        at createConnectionError (node:net:1678:14)
        at afterConnectMultiple (node:net:1708:16) {
      errno: -111,
      code: 'ECONNREFUSED',
      syscall: 'connect',
      address: '127.0.0.1',
      port: 25566
    }
  ]
}
[patricia2] Error: 
[patricia2] Disconnected
[patricia2] Starting autonomous agent...
[patricia2] Waiting for spawn...
AggregateError [ECONNREFUSED]: 
    at internalConnectMultiple (node:net:1134:18)
    at afterConnectMultiple (node:net:1715:7) {
  code: 'ECONNREFUSED',
  [errors]: [
    Error: connect ECONNREFUSED ::1:25566
        at createConnectionError (node:net:1678:14)
        at afterConnectMultiple (node:net:1708:16) {
      errno: -111,
      code: 'ECONNREFUSED',
      syscall: 'connect',
      address: '::1',
      port: 25566
    },
    Error: connect ECONNREFUSED 127.0.0.1:25566
        at createConnectionError (node:net:1678:14)
        at afterConnectMultiple (node:net:1708:16) {
      errno: -111,
      code: 'ECONNREFUSED',
      syscall: 'connect',
      address: '127.0.0.1',
      port: 25566
    }
  ]
}
[patricia2] Error: 
[patricia2] Disconnected
[patricia2] Starting autonomous agent...
[patricia2] Waiting for spawn...
AggregateError [ECONNREFUSED]: 
    at internalConnectMultiple (node:net:1134:18)
    at afterConnectMultiple (node:net:1715:7) {
  code: 'ECONNREFUSED',
  [errors]: [
    Error: connect ECONNREFUSED ::1:25566
        at createConnectionError (node:net:1678:14)
        at afterConnectMultiple (node:net:1708:16) {
      errno: -111,
      code: 'ECONNREFUSED',
      syscall: 'connect',
      address: '::1',
      port: 25566
    },
    Error: connect ECONNREFUSED 127.0.0.1:25566
        at createConnectionError (node:net:1678:14)
        at afterConnectMultiple (node:net:1708:16) {
      errno: -111,
      code: 'ECONNREFUSED',
      syscall: 'connect',
      address: '127.0.0.1',
      port: 25566
    }
  ]
}
[patricia2] Error: 
[patricia2] Disconnected
[patricia2] Starting autonomous agent...
[patricia2] Waiting for spawn...
AggregateError [ECONNREFUSED]: 
    at internalConnectMultiple (node:net:1134:18)
    at afterConnectMultiple (node:net:1715:7) {
  code: 'ECONNREFUSED',
  [errors]: [
    Error: connect ECONNREFUSED ::1:25566
        at createConnectionError (node:net:1678:14)
        at afterConnectMultiple (node:net:1708:16) {
      errno: -111,
      code: 'ECONNREFUSED',
      syscall: 'connect',
      address: '::1',
      port: 25566
    },
    Error: connect ECONNREFUSED 127.0.0.1:25566
        at createConnectionError (node:net:1678:14)
        at afterConnectMultiple (node:net:1708:16) {
      errno: -111,
      code: 'ECONNREFUSED',
      syscall: 'connect',
      address: '127.0.0.1',
      port: 25566
    }
  ]
}
[patricia2] Error: 
[patricia2] Disconnected
[patricia2] Starting autonomous agent...
[patricia2] Waiting for spawn...
AggregateError [ECONNREFUSED]: 
    at internalConnectMultiple (node:net:1134:18)
    at afterConnectMultiple (node:net:1715:7) {
  code: 'ECONNREFUSED',
  [errors]: [
    Error: connect ECONNREFUSED ::1:25566
        at createConnectionError (node:net:1678:14)
        at afterConnectMultiple (node:net:1708:16) {
      errno: -111,
      code: 'ECONNREFUSED',
      syscall: 'connect',
      address: '::1',
      port: 25566
    },
    Error: connect ECONNREFUSED 127.0.0.1:25566
        at createConnectionError (node:net:1678:14)
        at afterConnectMultiple (node:net:1708:16) {
      errno: -111,
      code: 'ECONNREFUSED',
      syscall: 'connect',
      address: '127.0.0.1',
      port: 25566
    }
  ]
}
[patricia2] Error: 
[patricia2] Disconnected
[patricia2] Starting autonomous agent...
[patricia2] Waiting for spawn...
AggregateError [ECONNREFUSED]: 
    at internalConnectMultiple (node:net:1134:18)
    at afterConnectMultiple (node:net:1715:7) {
  code: 'ECONNREFUSED',
  [errors]: [
    Error: connect ECONNREFUSED ::1:25566
        at createConnectionError (node:net:1678:14)
        at afterConnectMultiple (node:net:1708:16) {
      errno: -111,
      code: 'ECONNREFUSED',
      syscall: 'connect',
      address: '::1',
      port: 25566
    },
    Error: connect ECONNREFUSED 127.0.0.1:25566
        at createConnectionError (node:net:1678:14)
        at afterConnectMultiple (node:net:1708:16) {
      errno: -111,
      code: 'ECONNREFUSED',
      syscall: 'connect',
      address: '127.0.0.1',
      port: 25566
    }
  ]
}
[patricia2] Error: 
[patricia2] Disconnected
[patricia2] Starting autonomous agent...
[patricia2] Waiting for spawn...
AggregateError [ECONNREFUSED]: 
    at internalConnectMultiple (node:net:1134:18)
    at afterConnectMultiple (node:net:1715:7) {
  code: 'ECONNREFUSED',
  [errors]: [
    Error: connect ECONNREFUSED ::1:25566
        at createConnectionError (node:net:1678:14)
        at afterConnectMultiple (node:net:1708:16) {
      errno: -111,
      code: 'ECONNREFUSED',
      syscall: 'connect',
      address: '::1',
      port: 25566
    },
    Error: connect ECONNREFUSED 127.0.0.1:25566
        at createConnectionError (node:net:1678:14)
        at afterConnectMultiple (node:net:1708:16) {
      errno: -111,
      code: 'ECONNREFUSED',
      syscall: 'connect',
      address: '127.0.0.1',
      port: 25566
    }
  ]
}
[patricia2] Error: 
[patricia2] Disconnected
[patricia2] Starting autonomous agent...
[patricia2] Waiting for spawn...
AggregateError [ETIMEDOUT]: 
    at internalConnectMultiple (node:net:1134:18)
    at afterConnectMultiple (node:net:1715:7) {
  code: 'ETIMEDOUT',
  [errors]: [
    Error: connect ETIMEDOUT ::1:25566
        at createConnectionError (node:net:1678:14)
        at Timeout.internalConnectMultipleTimeout (node:net:1737:38)
        at listOnTimeout (node:internal/timers:587:11)
        at process.processTimers (node:internal/timers:521:7) {
      errno: -110,
      code: 'ETIMEDOUT',
      syscall: 'connect',
      address: '::1',
      port: 25566
    },
    Error: connect ECONNREFUSED 127.0.0.1:25566
        at createConnectionError (node:net:1678:14)
        at afterConnectMultiple (node:net:1708:16) {
      errno: -111,
      code: 'ECONNREFUSED',
      syscall: 'connect',
      address: '127.0.0.1',
      port: 25566
    }
  ]
}
[patricia2] Error: 
[patricia2] Disconnected
[patricia2] Starting autonomous agent...
[patricia2] Waiting for spawn...
AggregateError [ECONNREFUSED]: 
    at internalConnectMultiple (node:net:1134:18)
    at afterConnectMultiple (node:net:1715:7) {
  code: 'ECONNREFUSED',
  [errors]: [
    Error: connect ECONNREFUSED ::1:25566
        at createConnectionError (node:net:1678:14)
        at afterConnectMultiple (node:net:1708:16) {
      errno: -111,
      code: 'ECONNREFUSED',
      syscall: 'connect',
      address: '::1',
      port: 25566
    },
    Error: connect ECONNREFUSED 127.0.0.1:25566
        at createConnectionError (node:net:1678:14)
        at afterConnectMultiple (node:net:1708:16) {
      errno: -111,
      code: 'ECONNREFUSED',
      syscall: 'connect',
      address: '127.0.0.1',
      port: 25566
    }
  ]
}
[patricia2] Error: 
[patricia2] Disconnected
[patricia2] Starting autonomous agent...
[patricia2] Waiting for spawn...
AggregateError [ECONNREFUSED]: 
    at internalConnectMultiple (node:net:1134:18)
    at afterConnectMultiple (node:net:1715:7) {
  code: 'ECONNREFUSED',
  [errors]: [
    Error: connect ECONNREFUSED ::1:25566
        at createConnectionError (node:net:1678:14)
        at afterConnectMultiple (node:net:1708:16) {
      errno: -111,
      code: 'ECONNREFUSED',
      syscall: 'connect',
      address: '::1',
      port: 25566
    },
    Error: connect ECONNREFUSED 127.0.0.1:25566
        at createConnectionError (node:net:1678:14)
        at afterConnectMultiple (node:net:1708:16) {
      errno: -111,
      code: 'ECONNREFUSED',
      syscall: 'connect',
      address: '127.0.0.1',
      port: 25566
    }
  ]
}
[patricia2] Error: 
[patricia2] Disconnected
[patricia2] Starting autonomous agent...
[patricia2] Waiting for spawn...
AggregateError [ECONNREFUSED]: 
    at internalConnectMultiple (node:net:1134:18)
    at afterConnectMultiple (node:net:1715:7) {
  code: 'ECONNREFUSED',
  [errors]: [
    Error: connect ECONNREFUSED ::1:25566
        at createConnectionError (node:net:1678:14)
        at afterConnectMultiple (node:net:1708:16) {
      errno: -111,
      code: 'ECONNREFUSED',
      syscall: 'connect',
      address: '::1',
      port: 25566
    },
    Error: connect ECONNREFUSED 127.0.0.1:25566
        at createConnectionError (node:net:1678:14)
        at afterConnectMultiple (node:net:1708:16) {
      errno: -111,
      code: 'ECONNREFUSED',
      syscall: 'connect',
      address: '127.0.0.1',
      port: 25566
    }
  ]
}
[patricia2] Error: 
[patricia2] Disconnected
[patricia2] Starting autonomous agent...
[patricia2] Waiting for spawn...
AggregateError [ECONNREFUSED]: 
    at internalConnectMultiple (node:net:1134:18)
    at afterConnectMultiple (node:net:1715:7) {
  code: 'ECONNREFUSED',
  [errors]: [
    Error: connect ECONNREFUSED ::1:25566
        at createConnectionError (node:net:1678:14)
        at afterConnectMultiple (node:net:1708:16) {
      errno: -111,
      code: 'ECONNREFUSED',
      syscall: 'connect',
      address: '::1',
      port: 25566
    },
    Error: connect ECONNREFUSED 127.0.0.1:25566
        at createConnectionError (node:net:1678:14)
        at afterConnectMultiple (node:net:1708:16) {
      errno: -111,
      code: 'ECONNREFUSED',
      syscall: 'connect',
      address: '127.0.0.1',
      port: 25566
    }
  ]
}
[patricia2] Error: 
[patricia2] Disconnected
[patricia2] Starting autonomous agent...
[patricia2] Waiting for spawn...
AggregateError [ECONNREFUSED]: 
    at internalConnectMultiple (node:net:1134:18)
    at afterConnectMultiple (node:net:1715:7) {
  code: 'ECONNREFUSED',
  [errors]: [
    Error: connect ECONNREFUSED ::1:25566
        at createConnectionError (node:net:1678:14)
        at afterConnectMultiple (node:net:1708:16) {
      errno: -111,
      code: 'ECONNREFUSED',
      syscall: 'connect',
      address: '::1',
      port: 25566
    },
    Error: connect ECONNREFUSED 127.0.0.1:25566
        at createConnectionError (node:net:1678:14)
        at afterConnectMultiple (node:net:1708:16) {
      errno: -111,
      code: 'ECONNREFUSED',
      syscall: 'connect',
      address: '127.0.0.1',
      port: 25566
    }
  ]
}
[patricia2] Error: 
[patricia2] Disconnected
[patricia2] Starting autonomous agent...
[patricia2] Waiting for spawn...
AggregateError [ECONNREFUSED]: 
    at internalConnectMultiple (node:net:1134:18)
    at afterConnectMultiple (node:net:1715:7) {
  code: 'ECONNREFUSED',
  [errors]: [
    Error: connect ECONNREFUSED ::1:25566
        at createConnectionError (node:net:1678:14)
        at afterConnectMultiple (node:net:1708:16) {
      errno: -111,
      code: 'ECONNREFUSED',
      syscall: 'connect',
      address: '::1',
      port: 25566
    },
    Error: connect ECONNREFUSED 127.0.0.1:25566
        at createConnectionError (node:net:1678:14)
        at afterConnectMultiple (node:net:1708:16) {
      errno: -111,
      code: 'ECONNREFUSED',
      syscall: 'connect',
      address: '127.0.0.1',
      port: 25566
    }
  ]
}
[patricia2] Error: 
[patricia2] Disconnected
[patricia2] Starting autonomous agent...
[patricia2] Waiting for spawn...
AggregateError [ECONNREFUSED]: 
    at internalConnectMultiple (node:net:1134:18)
    at afterConnectMultiple (node:net:1715:7) {
  code: 'ECONNREFUSED',
  [errors]: [
    Error: connect ECONNREFUSED ::1:25566
        at createConnectionError (node:net:1678:14)
        at afterConnectMultiple (node:net:1708:16) {
      errno: -111,
      code: 'ECONNREFUSED',
      syscall: 'connect',
      address: '::1',
      port: 25566
    },
    Error: connect ECONNREFUSED 127.0.0.1:25566
        at createConnectionError (node:net:1678:14)
        at afterConnectMultiple (node:net:1708:16) {
      errno: -111,
      code: 'ECONNREFUSED',
      syscall: 'connect',
      address: '127.0.0.1',
      port: 25566
    }
  ]
}
[patricia2] Error: 
[patricia2] Disconnected
[patricia2] Starting autonomous agent...
[patricia2] Waiting for spawn...
AggregateError [ECONNREFUSED]: 
    at internalConnectMultiple (node:net:1134:18)
    at afterConnectMultiple (node:net:1715:7) {
  code: 'ECONNREFUSED',
  [errors]: [
    Error: connect ECONNREFUSED ::1:25566
        at createConnectionError (node:net:1678:14)
        at afterConnectMultiple (node:net:1708:16) {
      errno: -111,
      code: 'ECONNREFUSED',
      syscall: 'connect',
      address: '::1',
      port: 25566
    },
    Error: connect ECONNREFUSED 127.0.0.1:25566
        at createConnectionError (node:net:1678:14)
        at afterConnectMultiple (node:net:1708:16) {
      errno: -111,
      code: 'ECONNREFUSED',
      syscall: 'connect',
      address: '127.0.0.1',
      port: 25566
    }
  ]
}
[patricia2] Error: 
[patricia2] Disconnected
[patricia2] Starting autonomous agent...
[patricia2] Waiting for spawn...
AggregateError [ETIMEDOUT]: 
    at internalConnectMultiple (node:net:1134:18)
    at afterConnectMultiple (node:net:1715:7) {
  code: 'ETIMEDOUT',
  [errors]: [
    Error: connect ETIMEDOUT ::1:25566
        at createConnectionError (node:net:1678:14)
        at Timeout.internalConnectMultipleTimeout (node:net:1737:38)
        at listOnTimeout (node:internal/timers:587:11)
        at process.processTimers (node:internal/timers:521:7) {
      errno: -110,
      code: 'ETIMEDOUT',
      syscall: 'connect',
      address: '::1',
      port: 25566
    },
    Error: connect ECONNREFUSED 127.0.0.1:25566
        at createConnectionError (node:net:1678:14)
        at afterConnectMultiple (node:net:1708:16) {
      errno: -111,
      code: 'ECONNREFUSED',
      syscall: 'connect',
      address: '127.0.0.1',
      port: 25566
    }
  ]
}
[patricia2] Error: 
[patricia2] Disconnected
[patricia2] Starting autonomous agent...
[patricia2] Waiting for spawn...
AggregateError [ECONNREFUSED]: 
    at internalConnectMultiple (node:net:1134:18)
    at afterConnectMultiple (node:net:1715:7) {
  code: 'ECONNREFUSED',
  [errors]: [
    Error: connect ECONNREFUSED ::1:25566
        at createConnectionError (node:net:1678:14)
        at afterConnectMultiple (node:net:1708:16) {
      errno: -111,
      code: 'ECONNREFUSED',
      syscall: 'connect',
      address: '::1',
      port: 25566
    },
    Error: connect ECONNREFUSED 127.0.0.1:25566
        at createConnectionError (node:net:1678:14)
        at afterConnectMultiple (node:net:1708:16) {
      errno: -111,
      code: 'ECONNREFUSED',
      syscall: 'connect',
      address: '127.0.0.1',
      port: 25566
    }
  ]
}
[patricia2] Error: 
[patricia2] Disconnected
[patricia2] Starting autonomous agent...
[patricia2] Waiting for spawn...
AggregateError [ECONNREFUSED]: 
    at internalConnectMultiple (node:net:1134:18)
    at afterConnectMultiple (node:net:1715:7) {
  code: 'ECONNREFUSED',
  [errors]: [
    Error: connect ECONNREFUSED ::1:25566
        at createConnectionError (node:net:1678:14)
        at afterConnectMultiple (node:net:1708:16) {
      errno: -111,
      code: 'ECONNREFUSED',
      syscall: 'connect',
      address: '::1',
      port: 25566
    },
    Error: connect ECONNREFUSED 127.0.0.1:25566
        at createConnectionError (node:net:1678:14)
        at afterConnectMultiple (node:net:1708:16) {
      errno: -111,
      code: 'ECONNREFUSED',
      syscall: 'connect',
      address: '127.0.0.1',
      port: 25566
    }
  ]
}
[patricia2] Error: 
[patricia2] Disconnected
[patricia2] Starting autonomous agent...
[patricia2] Waiting for spawn...
AggregateError [ECONNREFUSED]: 
    at internalConnectMultiple (node:net:1134:18)
    at afterConnectMultiple (node:net:1715:7) {
  code: 'ECONNREFUSED',
  [errors]: [
    Error: connect ECONNREFUSED ::1:25566
        at createConnectionError (node:net:1678:14)
        at afterConnectMultiple (node:net:1708:16) {
      errno: -111,
      code: 'ECONNREFUSED',
      syscall: 'connect',
      address: '::1',
      port: 25566
    },
    Error: connect ECONNREFUSED 127.0.0.1:25566
        at createConnectionError (node:net:1678:14)
        at afterConnectMultiple (node:net:1708:16) {
      errno: -111,
      code: 'ECONNREFUSED',
      syscall: 'connect',
      address: '127.0.0.1',
      port: 25566
    }
  ]
}
[patricia2] Error: 
[patricia2] Disconnected
[patricia2] Starting autonomous agent...
[patricia2] Waiting for spawn...
AggregateError [ECONNREFUSED]: 
    at internalConnectMultiple (node:net:1134:18)
    at afterConnectMultiple (node:net:1715:7) {
  code: 'ECONNREFUSED',
  [errors]: [
    Error: connect ECONNREFUSED ::1:25566
        at createConnectionError (node:net:1678:14)
        at afterConnectMultiple (node:net:1708:16) {
      errno: -111,
      code: 'ECONNREFUSED',
      syscall: 'connect',
      address: '::1',
      port: 25566
    },
    Error: connect ECONNREFUSED 127.0.0.1:25566
        at createConnectionError (node:net:1678:14)
        at afterConnectMultiple (node:net:1708:16) {
      errno: -111,
      code: 'ECONNREFUSED',
      syscall: 'connect',
      address: '127.0.0.1',
      port: 25566
    }
  ]
}
[patricia2] Error: 
[patricia2] Disconnected
[patricia2] Starting autonomous agent...
[patricia2] Waiting for spawn...
AggregateError [ETIMEDOUT]: 
    at internalConnectMultiple (node:net:1134:18)
    at afterConnectMultiple (node:net:1715:7) {
  code: 'ETIMEDOUT',
  [errors]: [
    Error: connect ETIMEDOUT ::1:25566
        at createConnectionError (node:net:1678:14)
        at Timeout.internalConnectMultipleTimeout (node:net:1737:38)
        at listOnTimeout (node:internal/timers:587:11)
        at process.processTimers (node:internal/timers:521:7) {
      errno: -110,
      code: 'ETIMEDOUT',
      syscall: 'connect',
      address: '::1',
      port: 25566
    },
    Error: connect ECONNREFUSED 127.0.0.1:25566
        at createConnectionError (node:net:1678:14)
        at afterConnectMultiple (node:net:1708:16) {
      errno: -111,
      code: 'ECONNREFUSED',
      syscall: 'connect',
      address: '127.0.0.1',
      port: 25566
    }
  ]
}
[patricia2] Error: 
[patricia2] Disconnected
[patricia2] Starting autonomous agent...
[patricia2] Waiting for spawn...
AggregateError [ECONNREFUSED]: 
    at internalConnectMultiple (node:net:1134:18)
    at afterConnectMultiple (node:net:1715:7) {
  code: 'ECONNREFUSED',
  [errors]: [
    Error: connect ECONNREFUSED ::1:25566
        at createConnectionError (node:net:1678:14)
        at afterConnectMultiple (node:net:1708:16) {
      errno: -111,
      code: 'ECONNREFUSED',
      syscall: 'connect',
      address: '::1',
      port: 25566
    },
    Error: connect ECONNREFUSED 127.0.0.1:25566
        at createConnectionError (node:net:1678:14)
        at afterConnectMultiple (node:net:1708:16) {
      errno: -111,
      code: 'ECONNREFUSED',
      syscall: 'connect',
      address: '127.0.0.1',
      port: 25566
    }
  ]
}
[patricia2] Error: 
[patricia2] Disconnected
[patricia2] Starting autonomous agent...
[patricia2] Waiting for spawn...
AggregateError [ETIMEDOUT]: 
    at internalConnectMultiple (node:net:1134:18)
    at afterConnectMultiple (node:net:1715:7) {
  code: 'ETIMEDOUT',
  [errors]: [
    Error: connect ETIMEDOUT ::1:25566
        at createConnectionError (node:net:1678:14)
        at Timeout.internalConnectMultipleTimeout (node:net:1737:38)
        at listOnTimeout (node:internal/timers:587:11)
        at process.processTimers (node:internal/timers:521:7) {
      errno: -110,
      code: 'ETIMEDOUT',
      syscall: 'connect',
      address: '::1',
      port: 25566
    },
    Error: connect ECONNREFUSED 127.0.0.1:25566
        at createConnectionError (node:net:1678:14)
        at afterConnectMultiple (node:net:1708:16) {
      errno: -111,
      code: 'ECONNREFUSED',
      syscall: 'connect',
      address: '127.0.0.1',
      port: 25566
    }
  ]
}
[patricia2] Error: 
[patricia2] Disconnected
[patricia2] Starting autonomous agent...
[patricia2] Waiting for spawn...
AggregateError [ECONNREFUSED]: 
    at internalConnectMultiple (node:net:1134:18)
    at afterConnectMultiple (node:net:1715:7) {
  code: 'ECONNREFUSED',
  [errors]: [
    Error: connect ECONNREFUSED ::1:25566
        at createConnectionError (node:net:1678:14)
        at afterConnectMultiple (node:net:1708:16) {
      errno: -111,
      code: 'ECONNREFUSED',
      syscall: 'connect',
      address: '::1',
      port: 25566
    },
    Error: connect ECONNREFUSED 127.0.0.1:25566
        at createConnectionError (node:net:1678:14)
        at afterConnectMultiple (node:net:1708:16) {
      errno: -111,
      code: 'ECONNREFUSED',
      syscall: 'connect',
      address: '127.0.0.1',
      port: 25566
    }
  ]
}
[patricia2] Error: 
[patricia2] Disconnected
[patricia2] Starting autonomous agent...
[patricia2] Waiting for spawn...
AggregateError [ETIMEDOUT]: 
    at internalConnectMultiple (node:net:1134:18)
    at afterConnectMultiple (node:net:1715:7) {
  code: 'ETIMEDOUT',
  [errors]: [
    Error: connect ETIMEDOUT ::1:25566
        at createConnectionError (node:net:1678:14)
        at Timeout.internalConnectMultipleTimeout (node:net:1737:38)
        at listOnTimeout (node:internal/timers:587:11)
        at process.processTimers (node:internal/timers:521:7) {
      errno: -110,
      code: 'ETIMEDOUT',
      syscall: 'connect',
      address: '::1',
      port: 25566
    },
    Error: connect ECONNREFUSED 127.0.0.1:25566
        at createConnectionError (node:net:1678:14)
        at afterConnectMultiple (node:net:1708:16) {
      errno: -111,
      code: 'ECONNREFUSED',
      syscall: 'connect',
      address: '127.0.0.1',
      port: 25566
    }
  ]
}
[patricia2] Error: 
[patricia2] Disconnected
[patricia2] Starting autonomous agent...
[patricia2] Waiting for spawn...
AggregateError [ECONNREFUSED]: 
    at internalConnectMultiple (node:net:1134:18)
    at afterConnectMultiple (node:net:1715:7) {
  code: 'ECONNREFUSED',
  [errors]: [
    Error: connect ECONNREFUSED ::1:25566
        at createConnectionError (node:net:1678:14)
        at afterConnectMultiple (node:net:1708:16) {
      errno: -111,
      code: 'ECONNREFUSED',
      syscall: 'connect',
      address: '::1',
      port: 25566
    },
    Error: connect ECONNREFUSED 127.0.0.1:25566
        at createConnectionError (node:net:1678:14)
        at afterConnectMultiple (node:net:1708:16) {
      errno: -111,
      code: 'ECONNREFUSED',
      syscall: 'connect',
      address: '127.0.0.1',
      port: 25566
    }
  ]
}
[patricia2] Error: 
[patricia2] Disconnected
[patricia2] Starting autonomous agent...
[patricia2] Waiting for spawn...
AggregateError [ECONNREFUSED]: 
    at internalConnectMultiple (node:net:1134:18)
    at afterConnectMultiple (node:net:1715:7) {
  code: 'ECONNREFUSED',
  [errors]: [
    Error: connect ECONNREFUSED ::1:25566
        at createConnectionError (node:net:1678:14)
        at afterConnectMultiple (node:net:1708:16) {
      errno: -111,
      code: 'ECONNREFUSED',
      syscall: 'connect',
      address: '::1',
      port: 25566
    },
    Error: connect ECONNREFUSED 127.0.0.1:25566
        at createConnectionError (node:net:1678:14)
        at afterConnectMultiple (node:net:1708:16) {
      errno: -111,
      code: 'ECONNREFUSED',
      syscall: 'connect',
      address: '127.0.0.1',
      port: 25566
    }
  ]
}
[patricia2] Error: 
[patricia2] Disconnected
[patricia2] Starting autonomous agent...
[patricia2] Waiting for spawn...
AggregateError [ETIMEDOUT]: 
    at internalConnectMultiple (node:net:1134:18)
    at afterConnectMultiple (node:net:1715:7) {
  code: 'ETIMEDOUT',
  [errors]: [
    Error: connect ETIMEDOUT ::1:25566
        at createConnectionError (node:net:1678:14)
        at Timeout.internalConnectMultipleTimeout (node:net:1737:38)
        at listOnTimeout (node:internal/timers:587:11)
        at process.processTimers (node:internal/timers:521:7) {
      errno: -110,
      code: 'ETIMEDOUT',
      syscall: 'connect',
      address: '::1',
      port: 25566
    },
    Error: connect ECONNREFUSED 127.0.0.1:25566
        at createConnectionError (node:net:1678:14)
        at afterConnectMultiple (node:net:1708:16) {
      errno: -111,
      code: 'ECONNREFUSED',
      syscall: 'connect',
      address: '127.0.0.1',
      port: 25566
    }
  ]
}
[patricia2] Error: 
[patricia2] Disconnected
[patricia2] Starting autonomous agent...
[patricia2] Waiting for spawn...
AggregateError [ECONNREFUSED]: 
    at internalConnectMultiple (node:net:1134:18)
    at afterConnectMultiple (node:net:1715:7) {
  code: 'ECONNREFUSED',
  [errors]: [
    Error: connect ECONNREFUSED ::1:25566
        at createConnectionError (node:net:1678:14)
        at afterConnectMultiple (node:net:1708:16) {
      errno: -111,
      code: 'ECONNREFUSED',
      syscall: 'connect',
      address: '::1',
      port: 25566
    },
    Error: connect ECONNREFUSED 127.0.0.1:25566
        at createConnectionError (node:net:1678:14)
        at afterConnectMultiple (node:net:1708:16) {
      errno: -111,
      code: 'ECONNREFUSED',
      syscall: 'connect',
      address: '127.0.0.1',
      port: 25566
    }
  ]
}
[patricia2] Error: 
[patricia2] Disconnected
[patricia2] Starting autonomous agent...
[patricia2] Waiting for spawn...
AggregateError [ECONNREFUSED]: 
    at internalConnectMultiple (node:net:1134:18)
    at afterConnectMultiple (node:net:1715:7) {
  code: 'ECONNREFUSED',
  [errors]: [
    Error: connect ECONNREFUSED ::1:25566
        at createConnectionError (node:net:1678:14)
        at afterConnectMultiple (node:net:1708:16) {
      errno: -111,
      code: 'ECONNREFUSED',
      syscall: 'connect',
      address: '::1',
      port: 25566
    },
    Error: connect ECONNREFUSED 127.0.0.1:25566
        at createConnectionError (node:net:1678:14)
        at afterConnectMultiple (node:net:1708:16) {
      errno: -111,
      code: 'ECONNREFUSED',
      syscall: 'connect',
      address: '127.0.0.1',
      port: 25566
    }
  ]
}
[patricia2] Error: 
[patricia2] Disconnected
[patricia2] Starting autonomous agent...
[patricia2] Waiting for spawn...
AggregateError [ECONNREFUSED]: 
    at internalConnectMultiple (node:net:1134:18)
    at afterConnectMultiple (node:net:1715:7) {
  code: 'ECONNREFUSED',
  [errors]: [
    Error: connect ECONNREFUSED ::1:25566
        at createConnectionError (node:net:1678:14)
        at afterConnectMultiple (node:net:1708:16) {
      errno: -111,
      code: 'ECONNREFUSED',
      syscall: 'connect',
      address: '::1',
      port: 25566
    },
    Error: connect ECONNREFUSED 127.0.0.1:25566
        at createConnectionError (node:net:1678:14)
        at afterConnectMultiple (node:net:1708:16) {
      errno: -111,
      code: 'ECONNREFUSED',
      syscall: 'connect',
      address: '127.0.0.1',
      port: 25566
    }
  ]
}
[patricia2] Error: 
[patricia2] Disconnected
[patricia2] Starting autonomous agent...
[patricia2] Waiting for spawn...
AggregateError [ECONNREFUSED]: 
    at internalConnectMultiple (node:net:1134:18)
    at afterConnectMultiple (node:net:1715:7) {
  code: 'ECONNREFUSED',
  [errors]: [
    Error: connect ECONNREFUSED ::1:25566
        at createConnectionError (node:net:1678:14)
        at afterConnectMultiple (node:net:1708:16) {
      errno: -111,
      code: 'ECONNREFUSED',
      syscall: 'connect',
      address: '::1',
      port: 25566
    },
    Error: connect ECONNREFUSED 127.0.0.1:25566
        at createConnectionError (node:net:1678:14)
        at afterConnectMultiple (node:net:1708:16) {
      errno: -111,
      code: 'ECONNREFUSED',
      syscall: 'connect',
      address: '127.0.0.1',
      port: 25566
    }
  ]
}
[patricia2] Error: 
[patricia2] Disconnected
[patricia2] Starting autonomous agent...
[patricia2] Waiting for spawn...
AggregateError [ETIMEDOUT]: 
    at internalConnectMultiple (node:net:1134:18)
    at afterConnectMultiple (node:net:1715:7) {
  code: 'ETIMEDOUT',
  [errors]: [
    Error: connect ETIMEDOUT ::1:25566
        at createConnectionError (node:net:1678:14)
        at Timeout.internalConnectMultipleTimeout (node:net:1737:38)
        at listOnTimeout (node:internal/timers:587:11)
        at process.processTimers (node:internal/timers:521:7) {
      errno: -110,
      code: 'ETIMEDOUT',
      syscall: 'connect',
      address: '::1',
      port: 25566
    },
    Error: connect ECONNREFUSED 127.0.0.1:25566
        at createConnectionError (node:net:1678:14)
        at afterConnectMultiple (node:net:1708:16) {
      errno: -111,
      code: 'ECONNREFUSED',
      syscall: 'connect',
      address: '127.0.0.1',
      port: 25566
    }
  ]
}
[patricia2] Error: 
[patricia2] Disconnected
[patricia2] Starting autonomous agent...
[patricia2] Waiting for spawn...
[patricia2] Disconnected
[patricia2] Starting autonomous agent...
[patricia2] Waiting for spawn...
[patricia2] Disconnected
[patricia2] Starting autonomous agent...
[patricia2] Waiting for spawn...
AggregateError [ETIMEDOUT]: 
    at internalConnectMultiple (node:net:1134:18)
    at afterConnectMultiple (node:net:1715:7) {
  code: 'ETIMEDOUT',
  [errors]: [
    Error: connect ETIMEDOUT ::1:25565
        at createConnectionError (node:net:1678:14)
        at Timeout.internalConnectMultipleTimeout (node:net:1737:38)
        at listOnTimeout (node:internal/timers:587:11)
        at process.processTimers (node:internal/timers:521:7) {
      errno: -110,
      code: 'ETIMEDOUT',
      syscall: 'connect',
      address: '::1',
      port: 25565
    },
    Error: connect ECONNREFUSED 127.0.0.1:25565
        at createConnectionError (node:net:1678:14)
        at afterConnectMultiple (node:net:1708:16) {
      errno: -111,
      code: 'ECONNREFUSED',
      syscall: 'connect',
      address: '127.0.0.1',
      port: 25565
    }
  ]
}
[patricia2] Error: 
[patricia2] Disconnected
[patricia2] Starting autonomous agent...
[patricia2] Waiting for spawn...
[patricia2] Disconnected
[patricia2] Starting autonomous agent...
[patricia2] Waiting for spawn...
[patricia2] Starting autonomous agent...
[patricia2] Waiting for spawn...
[patricia2] ✅ Spawned in world at (-209.5, 65, -152.5)
[patricia2] Connecting to Brain at ws://localhost:8767
[patricia2] ✅ Brain connected
[patricia2] Chat: aurora: Agent aurora online!
[patricia2] Brain command: registered
[patricia2] Chat: forge2: Agent forge2 online!
Error: write EPIPE
    at afterWriteDispatched (node:internal/stream_base_commons:159:15)
    at writeGeneric (node:internal/stream_base_commons:150:3)
    at Socket._writeGeneric (node:net:966:11)
    at Socket._write (node:net:978:8)
    at writeOrBuffer (node:internal/streams/writable:572:12)
    at _write (node:internal/streams/writable:501:10)
    at Writable.write (node:internal/streams/writable:510:10)
    at Framer.ondata (/root/.openclaw/workspace/node_modules/readable-stream/lib/internal/streams/readable.js:707:22)
    at Framer.emit (node:events:519:28)
    at addChunk (/root/.openclaw/workspace/node_modules/readable-stream/lib/internal/streams/readable.js:323:12) {
  errno: -32,
  code: 'EPIPE',
  syscall: 'write'
}
[patricia2] Error: write EPIPE
[patricia2] Disconnected
[patricia2] Disconnected
[patricia2] Starting autonomous agent...
[patricia2] Waiting for spawn...
[patricia2] Chat: forge: Agent forge online!
[patricia2] ✅ Spawned in world at (-209.5, 65, -152.5)
[patricia2] Connecting to Brain at ws://localhost:8767
[patricia2] Chat: aurora: Agent aurora online!
[patricia2] Chat: patricia: Agent patricia online!
[patricia2] ✅ Brain connected
[patricia2] Brain command: registered
Error: write EPIPE
    at afterWriteDispatched (node:internal/stream_base_commons:159:15)
    at writeGeneric (node:internal/stream_base_commons:150:3)
    at Socket._writeGeneric (node:net:966:11)
    at Socket._write (node:net:978:8)
    at writeOrBuffer (node:internal/streams/writable:572:12)
    at _write (node:internal/streams/writable:501:10)
    at Writable.write (node:internal/streams/writable:510:10)
    at Framer.ondata (/root/.openclaw/workspace/node_modules/readable-stream/lib/internal/streams/readable.js:707:22)
    at Framer.emit (node:events:519:28)
    at addChunk (/root/.openclaw/workspace/node_modules/readable-stream/lib/internal/streams/readable.js:323:12) {
  errno: -32,
  code: 'EPIPE',
  syscall: 'write'
}
[patricia2] Error: write EPIPE
[patricia2] Disconnected
[patricia2] Starting autonomous agent...
[patricia2] Waiting for spawn...
[patricia2] Starting autonomous agent...
[patricia2] Waiting for spawn...
[patricia2] Disconnected
[patricia2] Disconnected
[patricia2] Starting autonomous agent...
[patricia2] Waiting for spawn...
[patricia2] ✅ Spawned in world at (-209.5, 65, -152.5)
[patricia2] Connecting to Brain at ws://localhost:8767
[patricia2] ✅ Brain connected
[patricia2] Brain command: registered
[patricia2] Starting autonomous agent...
[patricia2] Chat: forge: Agent forge online!
[patricia2] Waiting for spawn...
[patricia2] Disconnected
[patricia2] Chat: chelios: Agent chelios online!
[patricia2] Chat: patricia: Agent patricia online!
[patricia2] Chat: aurora: Agent aurora online!
[patricia2] Chat: chelios2: Agent chelios2 online!
[patricia2] Chat: forge2: Agent forge2 online!
[patricia2] Starting autonomous agent...
[patricia2] Waiting for spawn...
[patricia2] Chat: forge: Agent forge online!
[patricia2] Disconnected
[patricia2] Chat: aurora: Agent aurora online!
Error: client timed out after 30000 milliseconds
    at Timeout._onTimeout (/root/.openclaw/workspace/node_modules/minecraft-protocol/src/client/keepalive.js:18:28)
    at listOnTimeout (node:internal/timers:585:17)
    at process.processTimers (node:internal/timers:521:7)
[patricia2] Error: client timed out after 30000 milliseconds
[patricia2] Disconnected
[patricia2] Starting autonomous agent...
[patricia2] Waiting for spawn...
[patricia2] ✅ Spawned in world at (-224.22750277224873, 62.82664773061936, -139.19661719752543)
[patricia2] Connecting to Brain at ws://localhost:8767
[patricia2] Chat: chelios: Agent chelios online!
[patricia2] ✅ Brain connected
[patricia2] Brain command: registered
[patricia2] Chat: chelios2: Agent chelios2 online!
[patricia2] Chat: forge2: Agent forge2 online!
[patricia2] Starting autonomous agent...
[patricia2] Chat: forge: Agent forge online!
[patricia2] Waiting for spawn...
[patricia2] Chat: patricia: Agent patricia online!
[patricia2] Chat: chelios: Agent chelios online!
Error: write EPIPE
    at afterWriteDispatched (node:internal/stream_base_commons:159:15)
    at writeGeneric (node:internal/stream_base_commons:150:3)
    at Socket._writeGeneric (node:net:966:11)
    at Socket._write (node:net:978:8)
    at writeOrBuffer (node:internal/streams/writable:572:12)
    at _write (node:internal/streams/writable:501:10)
    at Writable.write (node:internal/streams/writable:510:10)
    at Framer.ondata (/root/.openclaw/workspace/node_modules/readable-stream/lib/internal/streams/readable.js:707:22)
    at Framer.emit (node:events:519:28)
    at addChunk (/root/.openclaw/workspace/node_modules/readable-stream/lib/internal/streams/readable.js:323:12) {
  errno: -32,
  code: 'EPIPE',
  syscall: 'write'
}
[patricia2] Error: write EPIPE
[patricia2] Disconnected
[patricia2] ✅ Spawned in world at (-258.60047645621233, 63, -171.67223379042503)
[patricia2] Connecting to Brain at ws://localhost:8767
[patricia2] ✅ Brain connected
[patricia2] Brain command: registered
[patricia2] Chat: aurora: Agent aurora online!
[patricia2] Chat: chelios2: Agent chelios2 online!
Error: write EPIPE
    at afterWriteDispatched (node:internal/stream_base_commons:159:15)
    at writeGeneric (node:internal/stream_base_commons:150:3)
    at Socket._writeGeneric (node:net:966:11)
    at Socket._write (node:net:978:8)
    at writeOrBuffer (node:internal/streams/writable:572:12)
    at _write (node:internal/streams/writable:501:10)
    at Writable.write (node:internal/streams/writable:510:10)
    at Framer.ondata (/root/.openclaw/workspace/node_modules/readable-stream/lib/internal/streams/readable.js:707:22)
    at Framer.emit (node:events:519:28)
    at addChunk (/root/.openclaw/workspace/node_modules/readable-stream/lib/internal/streams/readable.js:323:12) {
  errno: -32,
  code: 'EPIPE',
  syscall: 'write'
}
[patricia2] Error: write EPIPE
[patricia2] Disconnected
[patricia2] Starting autonomous agent...
[patricia2] Waiting for spawn...
[patricia2] ✅ Spawned in world at (-258.49840923857346, 63, -175.5)
[patricia2] Connecting to Brain at ws://localhost:8767
[patricia2] ✅ Brain connected
[patricia2] Brain command: registered
Error: write EPIPE
    at afterWriteDispatched (node:internal/stream_base_commons:159:15)
    at writeGeneric (node:internal/stream_base_commons:150:3)
    at Socket._writeGeneric (node:net:966:11)
    at Socket._write (node:net:978:8)
    at writeOrBuffer (node:internal/streams/writable:572:12)
    at _write (node:internal/streams/writable:501:10)
    at Writable.write (node:internal/streams/writable:510:10)
    at Framer.ondata (/root/.openclaw/workspace/node_modules/readable-stream/lib/internal/streams/readable.js:707:22)
    at Framer.emit (node:events:519:28)
    at addChunk (/root/.openclaw/workspace/node_modules/readable-stream/lib/internal/streams/readable.js:323:12) {
  errno: -32,
  code: 'EPIPE',
  syscall: 'write'
}
[patricia2] Error: write EPIPE
[patricia2] Disconnected
[patricia2] Starting autonomous agent...
[patricia2] Waiting for spawn...
[patricia2] ✅ Spawned in world at (-269.3978292088196, 63, -170.47924504442014)
[patricia2] Connecting to Brain at ws://localhost:8767
[patricia2] ✅ Brain connected
[patricia2] Brain command: registered
[patricia2] Chat: aurora: Agent aurora online!
[patricia2] Disconnected
[patricia2] Starting autonomous agent...
[patricia2] Waiting for spawn...
[patricia2] ✅ Spawned in world at (-271.5000000542859, 63, -171.35445223510467)
[patricia2] Connecting to Brain at ws://localhost:8767
[patricia2] ✅ Brain connected
[patricia2] Brain command: registered
Error: write EPIPE
    at afterWriteDispatched (node:internal/stream_base_commons:159:15)
    at writeGeneric (node:internal/stream_base_commons:150:3)
    at Socket._writeGeneric (node:net:966:11)
    at Socket._write (node:net:978:8)
    at writeOrBuffer (node:internal/streams/writable:572:12)
    at _write (node:internal/streams/writable:501:10)
    at Writable.write (node:internal/streams/writable:510:10)
    at Framer.ondata (/root/.openclaw/workspace/node_modules/readable-stream/lib/internal/streams/readable.js:707:22)
    at Framer.emit (node:events:519:28)
    at addChunk (/root/.openclaw/workspace/node_modules/readable-stream/lib/internal/streams/readable.js:323:12) {
  errno: -32,
  code: 'EPIPE',
  syscall: 'write'
}
[patricia2] Error: write EPIPE
[patricia2] Disconnected
[patricia2] Starting autonomous agent...
[patricia2] Waiting for spawn...
[patricia2] Disconnected
[patricia2] Starting autonomous agent...
[patricia2] Waiting for spawn...
[patricia2] Disconnected
[patricia2] Starting autonomous agent...
[patricia2] Waiting for spawn...
[patricia2] Chat: chelios: Agent chelios online!
[patricia2] ✅ Spawned in world at (-267.32769168173036, 63, -176.99605208534527)
[patricia2] Connecting to Brain at ws://localhost:8767
[patricia2] ✅ Brain connected
[patricia2] Brain command: registered
[patricia2] Chat: forge2: Agent forge2 online!
Error: client timed out after 30000 milliseconds
    at Timeout._onTimeout (/root/.openclaw/workspace/node_modules/minecraft-protocol/src/client/keepalive.js:18:28)
    at listOnTimeout (node:internal/timers:585:17)
    at process.processTimers (node:internal/timers:521:7)
[patricia2] Error: client timed out after 30000 milliseconds
[patricia2] Disconnected
[patricia2] Starting autonomous agent...
[patricia2] Waiting for spawn...
[patricia2] Disconnected
[patricia2] Starting autonomous agent...
[patricia2] Waiting for spawn...
[patricia2] Disconnected
[patricia2] Starting autonomous agent...
[patricia2] Waiting for spawn...
[patricia2] Disconnected
[patricia2] Starting autonomous agent...
[patricia2] Waiting for spawn...
[patricia2] ✅ Spawned in world at (-243.4106222153957, 59.91823668570861, -156.5)
[patricia2] Connecting to Brain at ws://localhost:8767
[patricia2] ✅ Brain connected
[patricia2] Brain command: registered
Error: write EPIPE
    at afterWriteDispatched (node:internal/stream_base_commons:159:15)
    at writeGeneric (node:internal/stream_base_commons:150:3)
    at Socket._writeGeneric (node:net:966:11)
    at Socket._write (node:net:978:8)
    at writeOrBuffer (node:internal/streams/writable:572:12)
    at _write (node:internal/streams/writable:501:10)
    at Writable.write (node:internal/streams/writable:510:10)
    at Framer.ondata (/root/.openclaw/workspace/node_modules/readable-stream/lib/internal/streams/readable.js:707:22)
    at Framer.emit (node:events:519:28)
    at addChunk (/root/.openclaw/workspace/node_modules/readable-stream/lib/internal/streams/readable.js:323:12) {
  errno: -32,
  code: 'EPIPE',
  syscall: 'write'
}
[patricia2] Error: write EPIPE
[patricia2] Disconnected
[patricia2] Starting autonomous agent...
[patricia2] Waiting for spawn...
[patricia2] ✅ Spawned in world at (-250.4604408750883, 62.34976156749102, -162.3787861915059)
[patricia2] Connecting to Brain at ws://localhost:8767
[patricia2] ✅ Brain connected
[patricia2] Brain command: registered
Error: client timed out after 30000 milliseconds
    at Timeout._onTimeout (/root/.openclaw/workspace/node_modules/minecraft-protocol/src/client/keepalive.js:18:28)
    at listOnTimeout (node:internal/timers:585:17)
    at process.processTimers (node:internal/timers:521:7)
[patricia2] Error: client timed out after 30000 milliseconds
[patricia2] Disconnected
[patricia2] Starting autonomous agent...
[patricia2] Waiting for spawn...
[patricia2] Disconnected
[patricia2] Starting autonomous agent...
[patricia2] Waiting for spawn...
[patricia2] ✅ Spawned in world at (-255.59724577276677, 62.65334476328519, -168.7)
[patricia2] Connecting to Brain at ws://localhost:8767
[patricia2] ✅ Brain connected
[patricia2] Brain command: registered
Error: write ECONNRESET
    at afterWriteDispatched (node:internal/stream_base_commons:159:15)
    at writeGeneric (node:internal/stream_base_commons:150:3)
    at Socket._writeGeneric (node:net:966:11)
    at Socket._write (node:net:978:8)
    at writeOrBuffer (node:internal/streams/writable:572:12)
    at _write (node:internal/streams/writable:501:10)
    at Writable.write (node:internal/streams/writable:510:10)
    at Framer.ondata (/root/.openclaw/workspace/node_modules/readable-stream/lib/internal/streams/readable.js:707:22)
    at Framer.emit (node:events:519:28)
    at addChunk (/root/.openclaw/workspace/node_modules/readable-stream/lib/internal/streams/readable.js:323:12) {
  errno: -104,
  code: 'ECONNRESET',
  syscall: 'write'
}
[patricia2] Error: write ECONNRESET
[patricia2] Disconnected
[patricia2] Starting autonomous agent...
[patricia2] Waiting for spawn...
[patricia2] ✅ Spawned in world at (-255.59724577276677, 62, -168.7)
[patricia2] Connecting to Brain at ws://localhost:8767
[patricia2] ✅ Brain connected
[patricia2] Brain command: registered
[patricia2] Chat: aurora: Agent aurora online!
Error: write EPIPE
    at afterWriteDispatched (node:internal/stream_base_commons:159:15)
    at writeGeneric (node:internal/stream_base_commons:150:3)
    at Socket._writeGeneric (node:net:966:11)
    at Socket._write (node:net:978:8)
    at writeOrBuffer (node:internal/streams/writable:572:12)
    at _write (node:internal/streams/writable:501:10)
    at Writable.write (node:internal/streams/writable:510:10)
    at Framer.ondata (/root/.openclaw/workspace/node_modules/readable-stream/lib/internal/streams/readable.js:707:22)
    at Framer.emit (node:events:519:28)
    at addChunk (/root/.openclaw/workspace/node_modules/readable-stream/lib/internal/streams/readable.js:323:12) {
  errno: -32,
  code: 'EPIPE',
  syscall: 'write'
}
[patricia2] Error: write EPIPE
[patricia2] Disconnected
[patricia2] Starting autonomous agent...
[patricia2] Waiting for spawn...
[patricia2] Chat: aurora: Agent aurora online!
[patricia2] ✅ Spawned in world at (-249.5, 61, -163.5)
[patricia2] Connecting to Brain at ws://localhost:8767
[patricia2] ✅ Brain connected
[patricia2] Brain command: registered
Error: write EPIPE
    at afterWriteDispatched (node:internal/stream_base_commons:159:15)
    at writeGeneric (node:internal/stream_base_commons:150:3)
    at Socket._writeGeneric (node:net:966:11)
    at Socket._write (node:net:978:8)
    at writeOrBuffer (node:internal/streams/writable:572:12)
    at _write (node:internal/streams/writable:501:10)
    at Writable.write (node:internal/streams/writable:510:10)
    at Framer.ondata (/root/.openclaw/workspace/node_modules/readable-stream/lib/internal/streams/readable.js:707:22)
    at Framer.emit (node:events:519:28)
    at addChunk (/root/.openclaw/workspace/node_modules/readable-stream/lib/internal/streams/readable.js:323:12) {
  errno: -32,
  code: 'EPIPE',
  syscall: 'write'
}
[patricia2] Error: write EPIPE
[patricia2] Disconnected
[patricia2] Starting autonomous agent...
[patricia2] Waiting for spawn...
[patricia2] ✅ Spawned in world at (-242.5, 59.407077007254934, -156.5)
[patricia2] Connecting to Brain at ws://localhost:8767
[patricia2] ✅ Brain connected
[patricia2] Brain command: registered
[patricia2] Chat: aurora: Agent aurora online!
Error: write EPIPE
    at afterWriteDispatched (node:internal/stream_base_commons:159:15)
    at writeGeneric (node:internal/stream_base_commons:150:3)
    at Socket._writeGeneric (node:net:966:11)
    at Socket._write (node:net:978:8)
    at writeOrBuffer (node:internal/streams/writable:572:12)
    at _write (node:internal/streams/writable:501:10)
    at Writable.write (node:internal/streams/writable:510:10)
    at Framer.ondata (/root/.openclaw/workspace/node_modules/readable-stream/lib/internal/streams/readable.js:707:22)
    at Framer.emit (node:events:519:28)
    at addChunk (/root/.openclaw/workspace/node_modules/readable-stream/lib/internal/streams/readable.js:323:12) {
  errno: -32,
  code: 'EPIPE',
  syscall: 'write'
}
[patricia2] Error: write EPIPE
[patricia2] Disconnected
[patricia2] Starting autonomous agent...
[patricia2] Waiting for spawn...
[patricia2] ✅ Spawned in world at (-238.46199128079908, 62.07448076961901, -152.46583884141106)
[patricia2] Connecting to Brain at ws://localhost:8767
[patricia2] ✅ Brain connected
[patricia2] Brain command: registered
Error: write ECONNRESET
    at afterWriteDispatched (node:internal/stream_base_commons:159:15)
    at writeGeneric (node:internal/stream_base_commons:150:3)
    at Socket._writeGeneric (node:net:966:11)
    at Socket._write (node:net:978:8)
    at writeOrBuffer (node:internal/streams/writable:572:12)
    at _write (node:internal/streams/writable:501:10)
    at Writable.write (node:internal/streams/writable:510:10)
    at Framer.ondata (/root/.openclaw/workspace/node_modules/readable-stream/lib/internal/streams/readable.js:707:22)
    at Framer.emit (node:events:519:28)
    at addChunk (/root/.openclaw/workspace/node_modules/readable-stream/lib/internal/streams/readable.js:323:12) {
  errno: -104,
  code: 'ECONNRESET',
  syscall: 'write'
}
[patricia2] Error: write ECONNRESET
[patricia2] Disconnected
[patricia2] Starting autonomous agent...
[patricia2] Waiting for spawn...
[patricia2] Chat: chelios: Agent chelios online!
[patricia2] ✅ Spawned in world at (-238.50661495944132, 62.06910109367622, -150.55013738848933)
[patricia2] Connecting to Brain at ws://localhost:8767
[patricia2] Chat: chelios2: Agent chelios2 online!
[patricia2] ✅ Brain connected
[patricia2] Brain command: registered
Error: write EPIPE
    at afterWriteDispatched (node:internal/stream_base_commons:159:15)
    at writeGeneric (node:internal/stream_base_commons:150:3)
    at Socket._writeGeneric (node:net:966:11)
    at Socket._write (node:net:978:8)
    at writeOrBuffer (node:internal/streams/writable:572:12)
    at _write (node:internal/streams/writable:501:10)
    at Writable.write (node:internal/streams/writable:510:10)
    at Framer.ondata (/root/.openclaw/workspace/node_modules/readable-stream/lib/internal/streams/readable.js:707:22)
    at Framer.emit (node:events:519:28)
    at addChunk (/root/.openclaw/workspace/node_modules/readable-stream/lib/internal/streams/readable.js:323:12) {
  errno: -32,
  code: 'EPIPE',
  syscall: 'write'
}
[patricia2] Error: write EPIPE
[patricia2] Disconnected
[patricia2] Starting autonomous agent...
[patricia2] Waiting for spawn...
[patricia2] Disconnected
[patricia2] Starting autonomous agent...
[patricia2] Waiting for spawn...
[patricia2] Disconnected
[patricia2] Starting autonomous agent...
[patricia2] Waiting for spawn...
[patricia2] ✅ Spawned in world at (-238.28269875314223, 56.706527533919875, -150.8271710399037)
[patricia2] Connecting to Brain at ws://localhost:8767
[patricia2] ✅ Brain connected
[patricia2] Brain command: registered
Error: write EPIPE
    at afterWriteDispatched (node:internal/stream_base_commons:159:15)
    at writeGeneric (node:internal/stream_base_commons:150:3)
    at Socket._writeGeneric (node:net:966:11)
    at Socket._write (node:net:978:8)
    at writeOrBuffer (node:internal/streams/writable:572:12)
    at _write (node:internal/streams/writable:501:10)
    at Writable.write (node:internal/streams/writable:510:10)
    at Framer.ondata (/root/.openclaw/workspace/node_modules/readable-stream/lib/internal/streams/readable.js:707:22)
    at Framer.emit (node:events:519:28)
    at addChunk (/root/.openclaw/workspace/node_modules/readable-stream/lib/internal/streams/readable.js:323:12) {
  errno: -32,
  code: 'EPIPE',
  syscall: 'write'
}
[patricia2] Error: write EPIPE
[patricia2] Disconnected
[patricia2] Starting autonomous agent...
[patricia2] Waiting for spawn...
[patricia2] ✅ Spawned in world at (-240.41423775128368, 62.00180763442577, -152.39309065260215)
[patricia2] Connecting to Brain at ws://localhost:8767
[patricia2] ✅ Brain connected
[patricia2] Brain command: registered
Error: write ECONNRESET
    at afterWriteDispatched (node:internal/stream_base_commons:159:15)
    at writeGeneric (node:internal/stream_base_commons:150:3)
    at Socket._writeGeneric (node:net:966:11)
    at Socket._write (node:net:978:8)
    at writeOrBuffer (node:internal/streams/writable:572:12)
    at _write (node:internal/streams/writable:501:10)
    at Writable.write (node:internal/streams/writable:510:10)
    at Framer.ondata (/root/.openclaw/workspace/node_modules/readable-stream/lib/internal/streams/readable.js:707:22)
    at Framer.emit (node:events:519:28)
    at addChunk (/root/.openclaw/workspace/node_modules/readable-stream/lib/internal/streams/readable.js:323:12) {
  errno: -104,
  code: 'ECONNRESET',
  syscall: 'write'
}
[patricia2] Error: write ECONNRESET
[patricia2] Disconnected
[patricia2] Starting autonomous agent...
[patricia2] Waiting for spawn...
[patricia2] ✅ Spawned in world at (-240.41423775128368, 59.30180763296425, -152.39309065260215)
[patricia2] Connecting to Brain at ws://localhost:8767
[patricia2] ✅ Brain connected
[patricia2] Brain command: registered
Error: write EPIPE
    at afterWriteDispatched (node:internal/stream_base_commons:159:15)
    at writeGeneric (node:internal/stream_base_commons:150:3)
    at Socket._writeGeneric (node:net:966:11)
    at Socket._write (node:net:978:8)
    at writeOrBuffer (node:internal/streams/writable:572:12)
    at _write (node:internal/streams/writable:501:10)
    at Writable.write (node:internal/streams/writable:510:10)
    at Framer.ondata (/root/.openclaw/workspace/node_modules/readable-stream/lib/internal/streams/readable.js:707:22)
    at Framer.emit (node:events:519:28)
    at addChunk (/root/.openclaw/workspace/node_modules/readable-stream/lib/internal/streams/readable.js:323:12) {
  errno: -32,
  code: 'EPIPE',
  syscall: 'write'
}
[patricia2] Error: write EPIPE
[patricia2] Disconnected
[patricia2] Starting autonomous agent...
[patricia2] Waiting for spawn...
[patricia2] ✅ Spawned in world at (-240.41423775128368, 56, -152.39309065260215)
[patricia2] Connecting to Brain at ws://localhost:8767
[patricia2] ✅ Brain connected
[patricia2] Brain command: registered
Error: write EPIPE
    at afterWriteDispatched (node:internal/stream_base_commons:159:15)
    at writeGeneric (node:internal/stream_base_commons:150:3)
    at Socket._writeGeneric (node:net:966:11)
    at Socket._write (node:net:978:8)
    at writeOrBuffer (node:internal/streams/writable:572:12)
    at _write (node:internal/streams/writable:501:10)
    at Writable.write (node:internal/streams/writable:510:10)
    at Framer.ondata (/root/.openclaw/workspace/node_modules/readable-stream/lib/internal/streams/readable.js:707:22)
    at Framer.emit (node:events:519:28)
    at addChunk (/root/.openclaw/workspace/node_modules/readable-stream/lib/internal/streams/readable.js:323:12) {
  errno: -32,
  code: 'EPIPE',
  syscall: 'write'
}
[patricia2] Error: write EPIPE
[patricia2] Disconnected
[patricia2] Starting autonomous agent...
[patricia2] Waiting for spawn...
[patricia2] ✅ Spawned in world at (-239.47555947742873, 62.745778025608814, -155.78680905080805)
[patricia2] Connecting to Brain at ws://localhost:8767
[patricia2] ✅ Brain connected
[patricia2] Brain command: registered
Error: write EPIPE
    at afterWriteDispatched (node:internal/stream_base_commons:159:15)
    at writeGeneric (node:internal/stream_base_commons:150:3)
    at Socket._writeGeneric (node:net:966:11)
    at Socket._write (node:net:978:8)
    at writeOrBuffer (node:internal/streams/writable:572:12)
    at _write (node:internal/streams/writable:501:10)
    at Writable.write (node:internal/streams/writable:510:10)
    at Framer.ondata (/root/.openclaw/workspace/node_modules/readable-stream/lib/internal/streams/readable.js:707:22)
    at Framer.emit (node:events:519:28)
    at addChunk (/root/.openclaw/workspace/node_modules/readable-stream/lib/internal/streams/readable.js:323:12) {
  errno: -32,
  code: 'EPIPE',
  syscall: 'write'
}
[patricia2] Error: write EPIPE
[patricia2] Disconnected
[patricia2] Starting autonomous agent...
[patricia2] Waiting for spawn...
[patricia2] Disconnected
[patricia2] Starting autonomous agent...
[patricia2] Waiting for spawn...
[patricia2] ✅ Spawned in world at (-238.4141057494954, 62.457342593218975, -159.54375668241306)
[patricia2] Connecting to Brain at ws://localhost:8767
[patricia2] ✅ Brain connected
[patricia2] Brain command: registered
Error: write EPIPE
    at afterWriteDispatched (node:internal/stream_base_commons:159:15)
    at writeGeneric (node:internal/stream_base_commons:150:3)
    at Socket._writeGeneric (node:net:966:11)
    at Socket._write (node:net:978:8)
    at writeOrBuffer (node:internal/streams/writable:572:12)
    at _write (node:internal/streams/writable:501:10)
    at Writable.write (node:internal/streams/writable:510:10)
    at Framer.ondata (/root/.openclaw/workspace/node_modules/readable-stream/lib/internal/streams/readable.js:707:22)
    at Framer.emit (node:events:519:28)
    at addChunk (/root/.openclaw/workspace/node_modules/readable-stream/lib/internal/streams/readable.js:323:12) {
  errno: -32,
  code: 'EPIPE',
  syscall: 'write'
}
[patricia2] Error: write EPIPE
[patricia2] Disconnected
[patricia2] Starting autonomous agent...
[patricia2] Waiting for spawn...
[patricia2] ✅ Spawned in world at (-237.57625280725722, 59.85486058991321, -160.10698100934636)
[patricia2] Connecting to Brain at ws://localhost:8767
[patricia2] ✅ Brain connected
[patricia2] Brain command: registered
Error: write EPIPE
    at afterWriteDispatched (node:internal/stream_base_commons:159:15)
    at writeGeneric (node:internal/stream_base_commons:150:3)
    at Socket._writeGeneric (node:net:966:11)
    at Socket._write (node:net:978:8)
    at writeOrBuffer (node:internal/streams/writable:572:12)
    at _write (node:internal/streams/writable:501:10)
    at Writable.write (node:internal/streams/writable:510:10)
    at Framer.ondata (/root/.openclaw/workspace/node_modules/readable-stream/lib/internal/streams/readable.js:707:22)
    at Framer.emit (node:events:519:28)
    at addChunk (/root/.openclaw/workspace/node_modules/readable-stream/lib/internal/streams/readable.js:323:12) {
  errno: -32,
  code: 'EPIPE',
  syscall: 'write'
}
[patricia2] Error: write EPIPE
[patricia2] Disconnected
[patricia2] Starting autonomous agent...
[patricia2] Waiting for spawn...
[patricia2] ✅ Spawned in world at (-232.21863876418138, 62.685589814633985, -154.52306276335077)
[patricia2] Connecting to Brain at ws://localhost:8767
[patricia2] ✅ Brain connected
[patricia2] Brain command: registered
Error: write EPIPE
    at afterWriteDispatched (node:internal/stream_base_commons:159:15)
    at writeGeneric (node:internal/stream_base_commons:150:3)
    at Socket._writeGeneric (node:net:966:11)
    at Socket._write (node:net:978:8)
    at writeOrBuffer (node:internal/streams/writable:572:12)
    at _write (node:internal/streams/writable:501:10)
    at Writable.write (node:internal/streams/writable:510:10)
    at Framer.ondata (/root/.openclaw/workspace/node_modules/readable-stream/lib/internal/streams/readable.js:707:22)
    at Framer.emit (node:events:519:28)
    at addChunk (/root/.openclaw/workspace/node_modules/readable-stream/lib/internal/streams/readable.js:323:12) {
  errno: -32,
  code: 'EPIPE',
  syscall: 'write'
}
[patricia2] Error: write EPIPE
[patricia2] Disconnected
[patricia2] Starting autonomous agent...
[patricia2] Waiting for spawn...
[patricia2] ✅ Spawned in world at (-231.6246680721453, 58.902468460207686, -155.20593035579012)
[patricia2] Connecting to Brain at ws://localhost:8767
[patricia2] ✅ Brain connected
[patricia2] Brain command: registered
Error: write EPIPE
    at afterWriteDispatched (node:internal/stream_base_commons:159:15)
    at writeGeneric (node:internal/stream_base_commons:150:3)
    at Socket._writeGeneric (node:net:966:11)
    at Socket._write (node:net:978:8)
    at writeOrBuffer (node:internal/streams/writable:572:12)
    at _write (node:internal/streams/writable:501:10)
    at Writable.write (node:internal/streams/writable:510:10)
    at Framer.ondata (/root/.openclaw/workspace/node_modules/readable-stream/lib/internal/streams/readable.js:707:22)
    at Framer.emit (node:events:519:28)
    at addChunk (/root/.openclaw/workspace/node_modules/readable-stream/lib/internal/streams/readable.js:323:12) {
  errno: -32,
  code: 'EPIPE',
  syscall: 'write'
}
[patricia2] Error: write EPIPE
[patricia2] Disconnected
[patricia2] Starting autonomous agent...
[patricia2] Waiting for spawn...
[patricia2] Disconnected
[patricia2] Starting autonomous agent...
[patricia2] Waiting for spawn...
[patricia2] ✅ Spawned in world at (-231.685003052443, 61.96991516943131, -159.1572518716274)
[patricia2] Connecting to Brain at ws://localhost:8767
[patricia2] ✅ Brain connected
[patricia2] Brain command: registered
Error: write ECONNRESET
    at afterWriteDispatched (node:internal/stream_base_commons:159:15)
    at writeGeneric (node:internal/stream_base_commons:150:3)
    at Socket._writeGeneric (node:net:966:11)
    at Socket._write (node:net:978:8)
    at writeOrBuffer (node:internal/streams/writable:572:12)
    at _write (node:internal/streams/writable:501:10)
    at Writable.write (node:internal/streams/writable:510:10)
    at Framer.ondata (/root/.openclaw/workspace/node_modules/readable-stream/lib/internal/streams/readable.js:707:22)
    at Framer.emit (node:events:519:28)
    at addChunk (/root/.openclaw/workspace/node_modules/readable-stream/lib/internal/streams/readable.js:323:12) {
  errno: -104,
  code: 'ECONNRESET',
  syscall: 'write'
}
[patricia2] Error: write ECONNRESET
[patricia2] Disconnected
[patricia2] Starting autonomous agent...
[patricia2] Waiting for spawn...
[patricia2] ✅ Spawned in world at (-231.685003052443, 59.37410947268691, -159.1572518716274)
[patricia2] Connecting to Brain at ws://localhost:8767
[patricia2] ✅ Brain connected
[patricia2] Brain command: registered
Error: write EPIPE
    at afterWriteDispatched (node:internal/stream_base_commons:159:15)
    at writeGeneric (node:internal/stream_base_commons:150:3)
    at Socket._writeGeneric (node:net:966:11)
    at Socket._write (node:net:978:8)
    at writeOrBuffer (node:internal/streams/writable:572:12)
    at _write (node:internal/streams/writable:501:10)
    at Writable.write (node:internal/streams/writable:510:10)
    at Framer.ondata (/root/.openclaw/workspace/node_modules/readable-stream/lib/internal/streams/readable.js:707:22)
    at Framer.emit (node:events:519:28)
    at addChunk (/root/.openclaw/workspace/node_modules/readable-stream/lib/internal/streams/readable.js:323:12) {
  errno: -32,
  code: 'EPIPE',
  syscall: 'write'
}
[patricia2] Error: write EPIPE
[patricia2] Disconnected
[patricia2] Starting autonomous agent...
[patricia2] Waiting for spawn...
[patricia2] ✅ Spawned in world at (-232.81774996275115, 60.625059833373854, -160.9716567044669)
[patricia2] Connecting to Brain at ws://localhost:8767
[patricia2] ✅ Brain connected
[patricia2] Brain command: registered
Error: write ECONNRESET
    at afterWriteDispatched (node:internal/stream_base_commons:159:15)
    at writeGeneric (node:internal/stream_base_commons:150:3)
    at Socket._writeGeneric (node:net:966:11)
    at Socket._write (node:net:978:8)
    at writeOrBuffer (node:internal/streams/writable:572:12)
    at _write (node:internal/streams/writable:501:10)
    at Writable.write (node:internal/streams/writable:510:10)
    at Framer.ondata (/root/.openclaw/workspace/node_modules/readable-stream/lib/internal/streams/readable.js:707:22)
    at Framer.emit (node:events:519:28)
    at addChunk (/root/.openclaw/workspace/node_modules/readable-stream/lib/internal/streams/readable.js:323:12) {
  errno: -104,
  code: 'ECONNRESET',
  syscall: 'write'
}
[patricia2] Error: write ECONNRESET
[patricia2] Disconnected
[patricia2] Starting autonomous agent...
[patricia2] Waiting for spawn...
[patricia2] Disconnected
[patricia2] Starting autonomous agent...
[patricia2] Waiting for spawn...
[patricia2] Disconnected
[patricia2] Starting autonomous agent...
[patricia2] Waiting for spawn...
[patricia2] ✅ Spawned in world at (-231.5066391935507, 62.81904011865663, -160.50000677032975)
[patricia2] Connecting to Brain at ws://localhost:8767
[patricia2] ✅ Brain connected
[patricia2] Brain command: registered
Error: write EPIPE
    at afterWriteDispatched (node:internal/stream_base_commons:159:15)
    at writeGeneric (node:internal/stream_base_commons:150:3)
    at Socket._writeGeneric (node:net:966:11)
    at Socket._write (node:net:978:8)
    at writeOrBuffer (node:internal/streams/writable:572:12)
    at _write (node:internal/streams/writable:501:10)
    at Writable.write (node:internal/streams/writable:510:10)
    at Framer.ondata (/root/.openclaw/workspace/node_modules/readable-stream/lib/internal/streams/readable.js:707:22)
    at Framer.emit (node:events:519:28)
    at addChunk (/root/.openclaw/workspace/node_modules/readable-stream/lib/internal/streams/readable.js:323:12) {
  errno: -32,
  code: 'EPIPE',
  syscall: 'write'
}
[patricia2] Error: write EPIPE
[patricia2] Disconnected
[patricia2] Starting autonomous agent...
[patricia2] Waiting for spawn...
[patricia2] ✅ Spawned in world at (-233.5, 60.60176330183329, -166.3123183845815)
[patricia2] Connecting to Brain at ws://localhost:8767
[patricia2] ✅ Brain connected
[patricia2] Brain command: registered
Error: write EPIPE
    at afterWriteDispatched (node:internal/stream_base_commons:159:15)
    at writeGeneric (node:internal/stream_base_commons:150:3)
    at Socket._writeGeneric (node:net:966:11)
    at Socket._write (node:net:978:8)
    at writeOrBuffer (node:internal/streams/writable:572:12)
    at _write (node:internal/streams/writable:501:10)
    at Writable.write (node:internal/streams/writable:510:10)
    at Framer.ondata (/root/.openclaw/workspace/node_modules/readable-stream/lib/internal/streams/readable.js:707:22)
    at Framer.emit (node:events:519:28)
    at addChunk (/root/.openclaw/workspace/node_modules/readable-stream/lib/internal/streams/readable.js:323:12) {
  errno: -32,
  code: 'EPIPE',
  syscall: 'write'
}
[patricia2] Error: write EPIPE
[patricia2] Disconnected
[patricia2] Starting autonomous agent...
[patricia2] Waiting for spawn...
[patricia2] Disconnected
[patricia2] Starting autonomous agent...
[patricia2] Waiting for spawn...
[patricia2] ✅ Spawned in world at (-235.62252388456528, 62.834464832232314, -169.72864429146227)
[patricia2] Connecting to Brain at ws://localhost:8767
[patricia2] ✅ Brain connected
[patricia2] Brain command: registered
Error: write EPIPE
    at afterWriteDispatched (node:internal/stream_base_commons:159:15)
    at writeGeneric (node:internal/stream_base_commons:150:3)
    at Socket._writeGeneric (node:net:966:11)
    at Socket._write (node:net:978:8)
    at writeOrBuffer (node:internal/streams/writable:572:12)
    at _write (node:internal/streams/writable:501:10)
    at Writable.write (node:internal/streams/writable:510:10)
    at Framer.ondata (/root/.openclaw/workspace/node_modules/readable-stream/lib/internal/streams/readable.js:707:22)
    at Framer.emit (node:events:519:28)
    at addChunk (/root/.openclaw/workspace/node_modules/readable-stream/lib/internal/streams/readable.js:323:12) {
  errno: -32,
  code: 'EPIPE',
  syscall: 'write'
}
[patricia2] Error: write EPIPE
[patricia2] Disconnected
[patricia2] Starting autonomous agent...
[patricia2] Waiting for spawn...
[patricia2] Disconnected
[patricia2] Starting autonomous agent...
[patricia2] Waiting for spawn...
[patricia2] ✅ Spawned in world at (-241.92992616704123, 62.31609994274199, -167.45805137788525)
[patricia2] Connecting to Brain at ws://localhost:8767
[patricia2] ✅ Brain connected
[patricia2] Brain command: registered
Error: write EPIPE
    at afterWriteDispatched (node:internal/stream_base_commons:159:15)
    at writeGeneric (node:internal/stream_base_commons:150:3)
    at Socket._writeGeneric (node:net:966:11)
    at Socket._write (node:net:978:8)
    at writeOrBuffer (node:internal/streams/writable:572:12)
    at _write (node:internal/streams/writable:501:10)
    at Writable.write (node:internal/streams/writable:510:10)
    at Framer.ondata (/root/.openclaw/workspace/node_modules/readable-stream/lib/internal/streams/readable.js:707:22)
    at Framer.emit (node:events:519:28)
    at addChunk (/root/.openclaw/workspace/node_modules/readable-stream/lib/internal/streams/readable.js:323:12) {
  errno: -32,
  code: 'EPIPE',
  syscall: 'write'
}
[patricia2] Error: write EPIPE
[patricia2] Disconnected
[patricia2] Starting autonomous agent...
[patricia2] Waiting for spawn...
[patricia2] ✅ Spawned in world at (-241.5, 59, -167.45805137788525)
[patricia2] Connecting to Brain at ws://localhost:8767
[patricia2] ✅ Brain connected
[patricia2] Brain command: registered
Error: write EPIPE
    at afterWriteDispatched (node:internal/stream_base_commons:159:15)
    at writeGeneric (node:internal/stream_base_commons:150:3)
    at Socket._writeGeneric (node:net:966:11)
    at Socket._write (node:net:978:8)
    at writeOrBuffer (node:internal/streams/writable:572:12)
    at _write (node:internal/streams/writable:501:10)
    at Writable.write (node:internal/streams/writable:510:10)
    at Framer.ondata (/root/.openclaw/workspace/node_modules/readable-stream/lib/internal/streams/readable.js:707:22)
    at Framer.emit (node:events:519:28)
    at addChunk (/root/.openclaw/workspace/node_modules/readable-stream/lib/internal/streams/readable.js:323:12) {
  errno: -32,
  code: 'EPIPE',
  syscall: 'write'
}
[patricia2] Error: write EPIPE
[patricia2] Disconnected
[patricia2] Starting autonomous agent...
[patricia2] Waiting for spawn...
[patricia2] ✅ Spawned in world at (-244.5, 60, -166.4750165235758)
[patricia2] Connecting to Brain at ws://localhost:8767
[patricia2] ✅ Brain connected
[patricia2] Brain command: registered
Error: write EPIPE
    at afterWriteDispatched (node:internal/stream_base_commons:159:15)
    at writeGeneric (node:internal/stream_base_commons:150:3)
    at Socket._writeGeneric (node:net:966:11)
    at Socket._write (node:net:978:8)
    at writeOrBuffer (node:internal/streams/writable:572:12)
    at _write (node:internal/streams/writable:501:10)
    at Writable.write (node:internal/streams/writable:510:10)
    at Framer.ondata (/root/.openclaw/workspace/node_modules/readable-stream/lib/internal/streams/readable.js:707:22)
    at Framer.emit (node:events:519:28)
    at addChunk (/root/.openclaw/workspace/node_modules/readable-stream/lib/internal/streams/readable.js:323:12) {
  errno: -32,
  code: 'EPIPE',
  syscall: 'write'
}
[patricia2] Error: write EPIPE
[patricia2] Disconnected
[patricia2] Starting autonomous agent...
[patricia2] Waiting for spawn...
[patricia2] ✅ Spawned in world at (-246.34207518065193, 61.9294252183515, -165.2446744066472)
[patricia2] Connecting to Brain at ws://localhost:8767
[patricia2] ✅ Brain connected
[patricia2] Brain command: registered
Error: write EPIPE
    at afterWriteDispatched (node:internal/stream_base_commons:159:15)
    at writeGeneric (node:internal/stream_base_commons:150:3)
    at Socket._writeGeneric (node:net:966:11)
    at Socket._write (node:net:978:8)
    at writeOrBuffer (node:internal/streams/writable:572:12)
    at _write (node:internal/streams/writable:501:10)
    at Writable.write (node:internal/streams/writable:510:10)
    at Framer.ondata (/root/.openclaw/workspace/node_modules/readable-stream/lib/internal/streams/readable.js:707:22)
    at Framer.emit (node:events:519:28)
    at addChunk (/root/.openclaw/workspace/node_modules/readable-stream/lib/internal/streams/readable.js:323:12) {
  errno: -32,
  code: 'EPIPE',
  syscall: 'write'
}
[patricia2] Error: write EPIPE
[patricia2] Disconnected
[patricia2] Starting autonomous agent...
[patricia2] Waiting for spawn...
[patricia2] ✅ Spawned in world at (-250.47170696684435, 62.12368410101221, -159.3449930279832)
[patricia2] Connecting to Brain at ws://localhost:8767
[patricia2] Chat: patricia: Agent patricia online!
[patricia2] ✅ Brain connected
[patricia2] Brain command: registered
Error: write EPIPE
    at afterWriteDispatched (node:internal/stream_base_commons:159:15)
    at writeGeneric (node:internal/stream_base_commons:150:3)
    at Socket._writeGeneric (node:net:966:11)
    at Socket._write (node:net:978:8)
    at writeOrBuffer (node:internal/streams/writable:572:12)
    at _write (node:internal/streams/writable:501:10)
    at Writable.write (node:internal/streams/writable:510:10)
    at Framer.ondata (/root/.openclaw/workspace/node_modules/readable-stream/lib/internal/streams/readable.js:707:22)
    at Framer.emit (node:events:519:28)
    at addChunk (/root/.openclaw/workspace/node_modules/readable-stream/lib/internal/streams/readable.js:323:12) {
  errno: -32,
  code: 'EPIPE',
  syscall: 'write'
}
[patricia2] Error: write EPIPE
[patricia2] Disconnected
[patricia2] Starting autonomous agent...
[patricia2] Waiting for spawn...
[patricia2] Disconnected
[patricia2] Starting autonomous agent...
[patricia2] Waiting for spawn...
[patricia2] ✅ Spawned in world at (-250.47170696684435, 59, -159.3449930279832)
[patricia2] Connecting to Brain at ws://localhost:8767
[patricia2] ✅ Brain connected
[patricia2] Brain command: registered
Error: write EPIPE
    at afterWriteDispatched (node:internal/stream_base_commons:159:15)
    at writeGeneric (node:internal/stream_base_commons:150:3)
    at Socket._writeGeneric (node:net:966:11)
    at Socket._write (node:net:978:8)
    at writeOrBuffer (node:internal/streams/writable:572:12)
    at _write (node:internal/streams/writable:501:10)
    at Writable.write (node:internal/streams/writable:510:10)
    at Framer.ondata (/root/.openclaw/workspace/node_modules/readable-stream/lib/internal/streams/readable.js:707:22)
    at Framer.emit (node:events:519:28)
    at addChunk (/root/.openclaw/workspace/node_modules/readable-stream/lib/internal/streams/readable.js:323:12) {
  errno: -32,
  code: 'EPIPE',
  syscall: 'write'
}
[patricia2] Error: write EPIPE
[patricia2] Disconnected
[patricia2] Starting autonomous agent...
[patricia2] Waiting for spawn...
[patricia2] Disconnected
[patricia2] Starting autonomous agent...
[patricia2] Waiting for spawn...
[patricia2] Disconnected
[patricia2] Starting autonomous agent...
[patricia2] Waiting for spawn...
[patricia2] ✅ Spawned in world at (-249.54664206257397, 63.00864451974678, -159.4643563306529)
[patricia2] Connecting to Brain at ws://localhost:8767
[patricia2] ✅ Brain connected
[patricia2] Brain command: registered
[patricia2] Chat: chelios2: Agent chelios2 online!
Error: write EPIPE
    at afterWriteDispatched (node:internal/stream_base_commons:159:15)
    at writeGeneric (node:internal/stream_base_commons:150:3)
    at Socket._writeGeneric (node:net:966:11)
    at Socket._write (node:net:978:8)
    at writeOrBuffer (node:internal/streams/writable:572:12)
    at _write (node:internal/streams/writable:501:10)
    at Writable.write (node:internal/streams/writable:510:10)
    at Framer.ondata (/root/.openclaw/workspace/node_modules/readable-stream/lib/internal/streams/readable.js:707:22)
    at Framer.emit (node:events:519:28)
    at addChunk (/root/.openclaw/workspace/node_modules/readable-stream/lib/internal/streams/readable.js:323:12) {
  errno: -32,
  code: 'EPIPE',
  syscall: 'write'
}
[patricia2] Error: write EPIPE
[patricia2] Disconnected
[patricia2] Starting autonomous agent...
[patricia2] Waiting for spawn...
[patricia2] ✅ Spawned in world at (-254.43458863231461, 59, -158.5)
[patricia2] Connecting to Brain at ws://localhost:8767
[patricia2] Chat: aurora: Agent aurora online!
[patricia2] ✅ Brain connected
[patricia2] Brain command: registered
Error: write EPIPE
    at afterWriteDispatched (node:internal/stream_base_commons:159:15)
    at writeGeneric (node:internal/stream_base_commons:150:3)
    at Socket._writeGeneric (node:net:966:11)
    at Socket._write (node:net:978:8)
    at writeOrBuffer (node:internal/streams/writable:572:12)
    at _write (node:internal/streams/writable:501:10)
    at Writable.write (node:internal/streams/writable:510:10)
    at Framer.ondata (/root/.openclaw/workspace/node_modules/readable-stream/lib/internal/streams/readable.js:707:22)
    at Framer.emit (node:events:519:28)
    at addChunk (/root/.openclaw/workspace/node_modules/readable-stream/lib/internal/streams/readable.js:323:12) {
  errno: -32,
  code: 'EPIPE',
  syscall: 'write'
}
[patricia2] Error: write EPIPE
[patricia2] Disconnected
[patricia2] Starting autonomous agent...
[patricia2] Waiting for spawn...
[patricia2] ✅ Spawned in world at (-250.54934286058807, 62.22002339372378, -165.68451703611052)
[patricia2] Connecting to Brain at ws://localhost:8767
[patricia2] ✅ Brain connected
[patricia2] Brain command: registered
[patricia2] Chat: chelios2: Agent chelios2 online!
Error: write EPIPE
    at afterWriteDispatched (node:internal/stream_base_commons:159:15)
    at writeGeneric (node:internal/stream_base_commons:150:3)
    at Socket._writeGeneric (node:net:966:11)
    at Socket._write (node:net:978:8)
    at writeOrBuffer (node:internal/streams/writable:572:12)
    at _write (node:internal/streams/writable:501:10)
    at Writable.write (node:internal/streams/writable:510:10)
    at Framer.ondata (/root/.openclaw/workspace/node_modules/readable-stream/lib/internal/streams/readable.js:707:22)
    at Framer.emit (node:events:519:28)
    at addChunk (/root/.openclaw/workspace/node_modules/readable-stream/lib/internal/streams/readable.js:323:12) {
  errno: -32,
  code: 'EPIPE',
  syscall: 'write'
}
[patricia2] Error: write EPIPE
[patricia2] Disconnected
[patricia2] Starting autonomous agent...
[patricia2] Waiting for spawn...
[patricia2] ✅ Spawned in world at (-252.5, 62, -165.51722838501587)
[patricia2] Connecting to Brain at ws://localhost:8767
[patricia2] ✅ Brain connected
[patricia2] Brain command: registered
[patricia2] Chat: chelios: Agent chelios online!
Error: write EPIPE
    at afterWriteDispatched (node:internal/stream_base_commons:159:15)
    at writeGeneric (node:internal/stream_base_commons:150:3)
    at Socket._writeGeneric (node:net:966:11)
    at Socket._write (node:net:978:8)
    at writeOrBuffer (node:internal/streams/writable:572:12)
    at _write (node:internal/streams/writable:501:10)
    at Writable.write (node:internal/streams/writable:510:10)
    at Framer.ondata (/root/.openclaw/workspace/node_modules/readable-stream/lib/internal/streams/readable.js:707:22)
    at Framer.emit (node:events:519:28)
    at addChunk (/root/.openclaw/workspace/node_modules/readable-stream/lib/internal/streams/readable.js:323:12) {
  errno: -32,
  code: 'EPIPE',
  syscall: 'write'
}
[patricia2] Error: write EPIPE
[patricia2] Disconnected
[patricia2] Starting autonomous agent...
[patricia2] Waiting for spawn...
[patricia2] ✅ Spawned in world at (-259.5, 61, -159.41934925101071)
[patricia2] Connecting to Brain at ws://localhost:8767
[patricia2] Chat: aurora: Agent aurora online!
[patricia2] ✅ Brain connected
[patricia2] Chat: chelios2: Agent chelios2 online!
[patricia2] Brain command: registered
Error: client timed out after 30000 milliseconds
    at Timeout._onTimeout (/root/.openclaw/workspace/node_modules/minecraft-protocol/src/client/keepalive.js:18:28)
    at listOnTimeout (node:internal/timers:585:17)
    at process.processTimers (node:internal/timers:521:7)
[patricia2] Error: client timed out after 30000 milliseconds
[patricia2] Disconnected
[patricia2] Starting autonomous agent...
[patricia2] Waiting for spawn...
[patricia2] Chat: patricia: Agent patricia online!
[patricia2] ✅ Spawned in world at (-259.5, 61, -159.41934925101071)
[patricia2] Connecting to Brain at ws://localhost:8767
[patricia2] ✅ Brain connected
[patricia2] Brain command: registered
[patricia2] Chat: chelios2: Agent chelios2 online!
Error: client timed out after 30000 milliseconds
    at Timeout._onTimeout (/root/.openclaw/workspace/node_modules/minecraft-protocol/src/client/keepalive.js:18:28)
    at listOnTimeout (node:internal/timers:585:17)
    at process.processTimers (node:internal/timers:521:7)
[patricia2] Error: client timed out after 30000 milliseconds
[patricia2] Disconnected
[patricia2] Starting autonomous agent...
[patricia2] Waiting for spawn...
[patricia2] ✅ Spawned in world at (-228.49987348609238, 52, -139.68502182334234)
[patricia2] Connecting to Brain at ws://localhost:8767
[patricia2] ✅ Brain connected
[patricia2] Brain command: registered
Error: write ECONNRESET
    at afterWriteDispatched (node:internal/stream_base_commons:159:15)
    at writeGeneric (node:internal/stream_base_commons:150:3)
    at Socket._writeGeneric (node:net:966:11)
    at Socket._write (node:net:978:8)
    at writeOrBuffer (node:internal/streams/writable:572:12)
    at _write (node:internal/streams/writable:501:10)
    at Writable.write (node:internal/streams/writable:510:10)
    at Framer.ondata (/root/.openclaw/workspace/node_modules/readable-stream/lib/internal/streams/readable.js:707:22)
    at Framer.emit (node:events:519:28)
    at addChunk (/root/.openclaw/workspace/node_modules/readable-stream/lib/internal/streams/readable.js:323:12) {
  errno: -104,
  code: 'ECONNRESET',
  syscall: 'write'
}
[patricia2] Error: write ECONNRESET
[patricia2] Disconnected
[patricia2] Starting autonomous agent...
[patricia2] Waiting for spawn...
[patricia2] ✅ Spawned in world at (-225.5, 53, -147.5288732533765)
[patricia2] Connecting to Brain at ws://localhost:8767
[patricia2] ✅ Brain connected
[patricia2] Brain command: registered
[patricia2] Chat: chelios2: Agent chelios2 online!
[patricia2] Chat: aurora: Agent aurora online!
Error: write EPIPE
    at afterWriteDispatched (node:internal/stream_base_commons:159:15)
    at writeGeneric (node:internal/stream_base_commons:150:3)
    at Socket._writeGeneric (node:net:966:11)
    at Socket._write (node:net:978:8)
    at writeOrBuffer (node:internal/streams/writable:572:12)
    at _write (node:internal/streams/writable:501:10)
    at Writable.write (node:internal/streams/writable:510:10)
    at Framer.ondata (/root/.openclaw/workspace/node_modules/readable-stream/lib/internal/streams/readable.js:707:22)
    at Framer.emit (node:events:519:28)
    at addChunk (/root/.openclaw/workspace/node_modules/readable-stream/lib/internal/streams/readable.js:323:12) {
  errno: -32,
  code: 'EPIPE',
  syscall: 'write'
}
[patricia2] Error: write EPIPE
[patricia2] Disconnected
[patricia2] Starting autonomous agent...
[patricia2] Waiting for spawn...
[patricia2] ✅ Spawned in world at (-224.34095176232057, 54, -148.65599728925324)
[patricia2] Connecting to Brain at ws://localhost:8767
[patricia2] ✅ Brain connected
[patricia2] Brain command: registered
Error: write EPIPE
    at afterWriteDispatched (node:internal/stream_base_commons:159:15)
    at writeGeneric (node:internal/stream_base_commons:150:3)
    at Socket._writeGeneric (node:net:966:11)
    at Socket._write (node:net:978:8)
    at writeOrBuffer (node:internal/streams/writable:572:12)
    at _write (node:internal/streams/writable:501:10)
    at Writable.write (node:internal/streams/writable:510:10)
    at Framer.ondata (/root/.openclaw/workspace/node_modules/readable-stream/lib/internal/streams/readable.js:707:22)
    at Framer.emit (node:events:519:28)
    at addChunk (/root/.openclaw/workspace/node_modules/readable-stream/lib/internal/streams/readable.js:323:12) {
  errno: -32,
  code: 'EPIPE',
  syscall: 'write'
}
[patricia2] Error: write EPIPE
[patricia2] Disconnected
[patricia2] Starting autonomous agent...
[patricia2] Waiting for spawn...
[patricia2] Disconnected
[patricia2] Starting autonomous agent...
[patricia2] Waiting for spawn...
[patricia2] Disconnected
[patricia2] Starting autonomous agent...
[patricia2] Waiting for spawn...
[patricia2] ✅ Spawned in world at (-224.34095176232057, 54, -148.65599728925324)
[patricia2] Connecting to Brain at ws://localhost:8767
[patricia2] ✅ Brain connected
[patricia2] Brain command: registered
Error: write EPIPE
    at afterWriteDispatched (node:internal/stream_base_commons:159:15)
    at writeGeneric (node:internal/stream_base_commons:150:3)
    at Socket._writeGeneric (node:net:966:11)
    at Socket._write (node:net:978:8)
    at writeOrBuffer (node:internal/streams/writable:572:12)
    at _write (node:internal/streams/writable:501:10)
    at Writable.write (node:internal/streams/writable:510:10)
    at Framer.ondata (/root/.openclaw/workspace/node_modules/readable-stream/lib/internal/streams/readable.js:707:22)
    at Framer.emit (node:events:519:28)
    at addChunk (/root/.openclaw/workspace/node_modules/readable-stream/lib/internal/streams/readable.js:323:12) {
  errno: -32,
  code: 'EPIPE',
  syscall: 'write'
}
[patricia2] Error: write EPIPE
[patricia2] Disconnected
[patricia2] Starting autonomous agent...
[patricia2] Waiting for spawn...
[patricia2] Disconnected
[patricia2] Starting autonomous agent...
[patricia2] Waiting for spawn...
[patricia2] ✅ Spawned in world at (-224.34095176232057, 54, -148.65599728925324)
[patricia2] Connecting to Brain at ws://localhost:8767
[patricia2] ✅ Brain connected
[patricia2] Brain command: registered
Error: write EPIPE
    at afterWriteDispatched (node:internal/stream_base_commons:159:15)
    at writeGeneric (node:internal/stream_base_commons:150:3)
    at Socket._writeGeneric (node:net:966:11)
    at Socket._write (node:net:978:8)
    at writeOrBuffer (node:internal/streams/writable:572:12)
    at _write (node:internal/streams/writable:501:10)
    at Writable.write (node:internal/streams/writable:510:10)
    at Framer.ondata (/root/.openclaw/workspace/node_modules/readable-stream/lib/internal/streams/readable.js:707:22)
    at Framer.emit (node:events:519:28)
    at addChunk (/root/.openclaw/workspace/node_modules/readable-stream/lib/internal/streams/readable.js:323:12) {
  errno: -32,
  code: 'EPIPE',
  syscall: 'write'
}
[patricia2] Error: write EPIPE
[patricia2] Disconnected
[patricia2] Starting autonomous agent...
[patricia2] Waiting for spawn...
[patricia2] Disconnected
[patricia2] Starting autonomous agent...
[patricia2] Waiting for spawn...
[patricia2] ✅ Spawned in world at (-227.44139438187472, 53, -145.98969549342812)
[patricia2] Connecting to Brain at ws://localhost:8767
[patricia2] ✅ Brain connected
[patricia2] Brain command: registered
[patricia2] Chat: forge2: Agent forge2 online!
[patricia2] Chat: chelios2: Agent chelios2 online!
Error: client timed out after 30000 milliseconds
    at Timeout._onTimeout (/root/.openclaw/workspace/node_modules/minecraft-protocol/src/client/keepalive.js:18:28)
    at listOnTimeout (node:internal/timers:585:17)
    at process.processTimers (node:internal/timers:521:7)
[patricia2] Error: client timed out after 30000 milliseconds
[patricia2] Disconnected
[patricia2] Starting autonomous agent...
[patricia2] Waiting for spawn...
[patricia2] Disconnected
[patricia2] Starting autonomous agent...
[patricia2] Waiting for spawn...
[patricia2] ✅ Spawned in world at (-223.89611197257736, 54, -148.48827699999532)
[patricia2] Connecting to Brain at ws://localhost:8767
[patricia2] ✅ Brain connected
[patricia2] Brain command: registered
Error: write EPIPE
    at afterWriteDispatched (node:internal/stream_base_commons:159:15)
    at writeGeneric (node:internal/stream_base_commons:150:3)
    at Socket._writeGeneric (node:net:966:11)
    at Socket._write (node:net:978:8)
    at writeOrBuffer (node:internal/streams/writable:572:12)
    at _write (node:internal/streams/writable:501:10)
    at Writable.write (node:internal/streams/writable:510:10)
    at Framer.ondata (/root/.openclaw/workspace/node_modules/readable-stream/lib/internal/streams/readable.js:707:22)
    at Framer.emit (node:events:519:28)
    at addChunk (/root/.openclaw/workspace/node_modules/readable-stream/lib/internal/streams/readable.js:323:12) {
  errno: -32,
  code: 'EPIPE',
  syscall: 'write'
}
[patricia2] Error: write EPIPE
[patricia2] Disconnected
[patricia2] Starting autonomous agent...
[patricia2] Waiting for spawn...
[patricia2] ✅ Spawned in world at (-230.40185339113393, 52, -141.51571623493686)
[patricia2] Connecting to Brain at ws://localhost:8767
[patricia2] Chat: aurora: Agent aurora online!
[patricia2] ✅ Brain connected
[patricia2] Brain command: registered
Error: write EPIPE
    at afterWriteDispatched (node:internal/stream_base_commons:159:15)
    at writeGeneric (node:internal/stream_base_commons:150:3)
    at Socket._writeGeneric (node:net:966:11)
    at Socket._write (node:net:978:8)
    at writeOrBuffer (node:internal/streams/writable:572:12)
    at _write (node:internal/streams/writable:501:10)
    at Writable.write (node:internal/streams/writable:510:10)
    at Framer.ondata (/root/.openclaw/workspace/node_modules/readable-stream/lib/internal/streams/readable.js:707:22)
    at Framer.emit (node:events:519:28)
    at addChunk (/root/.openclaw/workspace/node_modules/readable-stream/lib/internal/streams/readable.js:323:12) {
  errno: -32,
  code: 'EPIPE',
  syscall: 'write'
}
[patricia2] Error: write EPIPE
[patricia2] Disconnected
[patricia2] Starting autonomous agent...
[patricia2] Waiting for spawn...
[patricia2] ✅ Spawned in world at (-230.48315527016166, 51, -142.3266293215288)
[patricia2] Connecting to Brain at ws://localhost:8767
[patricia2] ✅ Brain connected
[patricia2] Brain command: registered
Error: write EPIPE
    at afterWriteDispatched (node:internal/stream_base_commons:159:15)
    at writeGeneric (node:internal/stream_base_commons:150:3)
    at Socket._writeGeneric (node:net:966:11)
    at Socket._write (node:net:978:8)
    at writeOrBuffer (node:internal/streams/writable:572:12)
    at _write (node:internal/streams/writable:501:10)
    at Writable.write (node:internal/streams/writable:510:10)
    at Framer.ondata (/root/.openclaw/workspace/node_modules/readable-stream/lib/internal/streams/readable.js:707:22)
    at Framer.emit (node:events:519:28)
    at addChunk (/root/.openclaw/workspace/node_modules/readable-stream/lib/internal/streams/readable.js:323:12) {
  errno: -32,
  code: 'EPIPE',
  syscall: 'write'
}
[patricia2] Error: write EPIPE
[patricia2] Disconnected
[patricia2] Starting autonomous agent...
[patricia2] Waiting for spawn...
[patricia2] Disconnected
[patricia2] Starting autonomous agent...
[patricia2] Waiting for spawn...
[patricia2] ✅ Spawned in world at (-230.39668126982892, 50, -140.3)
[patricia2] Connecting to Brain at ws://localhost:8767
[patricia2] ✅ Brain connected
[patricia2] Brain command: registered
[patricia2] Chat: chelios: Agent chelios online!
Error: write EPIPE
    at afterWriteDispatched (node:internal/stream_base_commons:159:15)
    at writeGeneric (node:internal/stream_base_commons:150:3)
    at Socket._writeGeneric (node:net:966:11)
    at Socket._write (node:net:978:8)
    at writeOrBuffer (node:internal/streams/writable:572:12)
    at _write (node:internal/streams/writable:501:10)
    at Writable.write (node:internal/streams/writable:510:10)
    at Framer.ondata (/root/.openclaw/workspace/node_modules/readable-stream/lib/internal/streams/readable.js:707:22)
    at Framer.emit (node:events:519:28)
    at addChunk (/root/.openclaw/workspace/node_modules/readable-stream/lib/internal/streams/readable.js:323:12) {
  errno: -32,
  code: 'EPIPE',
  syscall: 'write'
}
[patricia2] Error: write EPIPE
[patricia2] Disconnected
[patricia2] Starting autonomous agent...
[patricia2] Waiting for spawn...
[patricia2] ✅ Spawned in world at (-230.39668126982892, 50, -140.3)
[patricia2] Connecting to Brain at ws://localhost:8767
[patricia2] ✅ Brain connected
[patricia2] Brain command: registered
[patricia2] Chat: patricia: Agent patricia online!
Error: write ECONNRESET
    at afterWriteDispatched (node:internal/stream_base_commons:159:15)
    at writeGeneric (node:internal/stream_base_commons:150:3)
    at Socket._writeGeneric (node:net:966:11)
    at Socket._write (node:net:978:8)
    at writeOrBuffer (node:internal/streams/writable:572:12)
    at _write (node:internal/streams/writable:501:10)
    at Writable.write (node:internal/streams/writable:510:10)
    at Framer.ondata (/root/.openclaw/workspace/node_modules/readable-stream/lib/internal/streams/readable.js:707:22)
    at Framer.emit (node:events:519:28)
    at addChunk (/root/.openclaw/workspace/node_modules/readable-stream/lib/internal/streams/readable.js:323:12) {
  errno: -104,
  code: 'ECONNRESET',
  syscall: 'write'
}
[patricia2] Error: write ECONNRESET
[patricia2] Disconnected
[patricia2] Starting autonomous agent...
[patricia2] Waiting for spawn...
[patricia2] ✅ Spawned in world at (-230.39668126982892, 50, -140.3)
[patricia2] Connecting to Brain at ws://localhost:8767
[patricia2] ✅ Brain connected
[patricia2] Brain command: registered
Error: write EPIPE
    at afterWriteDispatched (node:internal/stream_base_commons:159:15)
    at writeGeneric (node:internal/stream_base_commons:150:3)
    at Socket._writeGeneric (node:net:966:11)
    at Socket._write (node:net:978:8)
    at writeOrBuffer (node:internal/streams/writable:572:12)
    at _write (node:internal/streams/writable:501:10)
    at Writable.write (node:internal/streams/writable:510:10)
    at Framer.ondata (/root/.openclaw/workspace/node_modules/readable-stream/lib/internal/streams/readable.js:707:22)
    at Framer.emit (node:events:519:28)
    at addChunk (/root/.openclaw/workspace/node_modules/readable-stream/lib/internal/streams/readable.js:323:12) {
  errno: -32,
  code: 'EPIPE',
  syscall: 'write'
}
[patricia2] Error: write EPIPE
[patricia2] Disconnected
[patricia2] Starting autonomous agent...
[patricia2] Waiting for spawn...
[patricia2] Disconnected
[patricia2] Starting autonomous agent...
[patricia2] Waiting for spawn...
[patricia2] ✅ Spawned in world at (-230.39668126982892, 50, -140.3)
[patricia2] Connecting to Brain at ws://localhost:8767
[patricia2] ✅ Brain connected
[patricia2] Brain command: registered
Error: write EPIPE
    at afterWriteDispatched (node:internal/stream_base_commons:159:15)
    at writeGeneric (node:internal/stream_base_commons:150:3)
    at Socket._writeGeneric (node:net:966:11)
    at Socket._write (node:net:978:8)
    at writeOrBuffer (node:internal/streams/writable:572:12)
    at _write (node:internal/streams/writable:501:10)
    at Writable.write (node:internal/streams/writable:510:10)
    at Framer.ondata (/root/.openclaw/workspace/node_modules/readable-stream/lib/internal/streams/readable.js:707:22)
    at Framer.emit (node:events:519:28)
    at addChunk (/root/.openclaw/workspace/node_modules/readable-stream/lib/internal/streams/readable.js:323:12) {
  errno: -32,
  code: 'EPIPE',
  syscall: 'write'
}
[patricia2] Error: write EPIPE
[patricia2] Disconnected
[patricia2] Starting autonomous agent...
[patricia2] Waiting for spawn...
[patricia2] Chat: chelios2: Agent chelios2 online!
[patricia2] ✅ Spawned in world at (-234.31415542102, 49, -138.50852328160755)
[patricia2] Connecting to Brain at ws://localhost:8767
[patricia2] ✅ Brain connected
[patricia2] Brain command: registered
Error: write EPIPE
    at afterWriteDispatched (node:internal/stream_base_commons:159:15)
    at writeGeneric (node:internal/stream_base_commons:150:3)
    at Socket._writeGeneric (node:net:966:11)
    at Socket._write (node:net:978:8)
    at writeOrBuffer (node:internal/streams/writable:572:12)
    at _write (node:internal/streams/writable:501:10)
    at Writable.write (node:internal/streams/writable:510:10)
    at Framer.ondata (/root/.openclaw/workspace/node_modules/readable-stream/lib/internal/streams/readable.js:707:22)
    at Framer.emit (node:events:519:28)
    at addChunk (/root/.openclaw/workspace/node_modules/readable-stream/lib/internal/streams/readable.js:323:12) {
  errno: -32,
  code: 'EPIPE',
  syscall: 'write'
}
[patricia2] Error: write EPIPE
[patricia2] Disconnected
[patricia2] Starting autonomous agent...
[patricia2] Waiting for spawn...
[patricia2] Disconnected
[patricia2] Starting autonomous agent...
[patricia2] Waiting for spawn...
[patricia2] Disconnected
[patricia2] Starting autonomous agent...
[patricia2] Waiting for spawn...
[patricia2] Disconnected
[patricia2] Starting autonomous agent...
[patricia2] Waiting for spawn...
[patricia2] ✅ Spawned in world at (-234.31415542102, 49, -138.50852328160755)
[patricia2] Connecting to Brain at ws://localhost:8767
[patricia2] ✅ Brain connected
[patricia2] Brain command: registered
Error: write EPIPE
    at afterWriteDispatched (node:internal/stream_base_commons:159:15)
    at writeGeneric (node:internal/stream_base_commons:150:3)
    at Socket._writeGeneric (node:net:966:11)
    at Socket._write (node:net:978:8)
    at writeOrBuffer (node:internal/streams/writable:572:12)
    at _write (node:internal/streams/writable:501:10)
    at Writable.write (node:internal/streams/writable:510:10)
    at Framer.ondata (/root/.openclaw/workspace/node_modules/readable-stream/lib/internal/streams/readable.js:707:22)
    at Framer.emit (node:events:519:28)
    at addChunk (/root/.openclaw/workspace/node_modules/readable-stream/lib/internal/streams/readable.js:323:12) {
  errno: -32,
  code: 'EPIPE',
  syscall: 'write'
}
[patricia2] Error: write EPIPE
[patricia2] Disconnected
[patricia2] Starting autonomous agent...
[patricia2] Waiting for spawn...
[patricia2] ✅ Spawned in world at (-235.39609351978126, 49, -138.50290517790543)
[patricia2] Connecting to Brain at ws://localhost:8767
[patricia2] ✅ Brain connected
[patricia2] Brain command: registered
Error: write EPIPE
    at afterWriteDispatched (node:internal/stream_base_commons:159:15)
    at writeGeneric (node:internal/stream_base_commons:150:3)
    at Socket._writeGeneric (node:net:966:11)
    at Socket._write (node:net:978:8)
    at writeOrBuffer (node:internal/streams/writable:572:12)
    at _write (node:internal/streams/writable:501:10)
    at Writable.write (node:internal/streams/writable:510:10)
    at Framer.ondata (/root/.openclaw/workspace/node_modules/readable-stream/lib/internal/streams/readable.js:707:22)
    at Framer.emit (node:events:519:28)
    at addChunk (/root/.openclaw/workspace/node_modules/readable-stream/lib/internal/streams/readable.js:323:12) {
  errno: -32,
  code: 'EPIPE',
  syscall: 'write'
}
[patricia2] Error: write EPIPE
[patricia2] Disconnected
[patricia2] Starting autonomous agent...
[patricia2] Waiting for spawn...
[patricia2] ✅ Spawned in world at (-232.914274677735, 49, -138.50052296393093)
[patricia2] Connecting to Brain at ws://localhost:8767
[patricia2] Chat: forge2: Agent forge2 online!
[patricia2] ✅ Brain connected
[patricia2] Brain command: registered
Error: write EPIPE
    at afterWriteDispatched (node:internal/stream_base_commons:159:15)
    at writeGeneric (node:internal/stream_base_commons:150:3)
    at Socket._writeGeneric (node:net:966:11)
    at Socket._write (node:net:978:8)
    at writeOrBuffer (node:internal/streams/writable:572:12)
    at _write (node:internal/streams/writable:501:10)
    at Writable.write (node:internal/streams/writable:510:10)
    at Framer.ondata (/root/.openclaw/workspace/node_modules/readable-stream/lib/internal/streams/readable.js:707:22)
    at Framer.emit (node:events:519:28)
    at addChunk (/root/.openclaw/workspace/node_modules/readable-stream/lib/internal/streams/readable.js:323:12) {
  errno: -32,
  code: 'EPIPE',
  syscall: 'write'
}
[patricia2] Error: write EPIPE
[patricia2] Disconnected
[patricia2] Starting autonomous agent...
[patricia2] Waiting for spawn...
[patricia2] ✅ Spawned in world at (-232.007541008533, 48, -138.3)
[patricia2] Connecting to Brain at ws://localhost:8767
[patricia2] ✅ Brain connected
[patricia2] Brain command: registered
[patricia2] Starting autonomous agent...
Error: write ECONNRESET
    at afterWriteDispatched (node:internal/stream_base_commons:159:15)
    at writeGeneric (node:internal/stream_base_commons:150:3)
    at Socket._writeGeneric (node:net:966:11)
    at Socket._write (node:net:978:8)
    at writeOrBuffer (node:internal/streams/writable:572:12)
    at _write (node:internal/streams/writable:501:10)
    at Writable.write (node:internal/streams/writable:510:10)
    at Framer.ondata (/root/.openclaw/workspace/node_modules/readable-stream/lib/internal/streams/readable.js:707:22)
    at Framer.emit (node:events:519:28)
    at addChunk (/root/.openclaw/workspace/node_modules/readable-stream/lib/internal/streams/readable.js:323:12) {
  errno: -104,
  code: 'ECONNRESET',
  syscall: 'write'
}
[patricia2] Error: write ECONNRESET
[patricia2] Disconnected
[patricia2] Waiting for spawn...
[patricia2] ✅ Spawned in world at (-232.007541008533, 48, -138.3)
[patricia2] Connecting to Brain at ws://localhost:8767
[patricia2] ✅ Brain connected
[patricia2] Brain command: registered
[patricia2] Chat: forge: Agent forge online!
Error: write EPIPE
    at afterWriteDispatched (node:internal/stream_base_commons:159:15)
    at writeGeneric (node:internal/stream_base_commons:150:3)
    at Socket._writeGeneric (node:net:966:11)
    at Socket._write (node:net:978:8)
    at writeOrBuffer (node:internal/streams/writable:572:12)
    at _write (node:internal/streams/writable:501:10)
    at Writable.write (node:internal/streams/writable:510:10)
    at Framer.ondata (/root/.openclaw/workspace/node_modules/readable-stream/lib/internal/streams/readable.js:707:22)
    at Framer.emit (node:events:519:28)
    at addChunk (/root/.openclaw/workspace/node_modules/readable-stream/lib/internal/streams/readable.js:323:12) {
  errno: -32,
  code: 'EPIPE',
  syscall: 'write'
}
[patricia2] Error: write EPIPE
[patricia2] Disconnected
[patricia2] Starting autonomous agent...
[patricia2] Waiting for spawn...
[patricia2] ✅ Spawned in world at (-234.50027377144772, 47, -137.3)
[patricia2] Connecting to Brain at ws://localhost:8767
[patricia2] ✅ Brain connected
[patricia2] Brain command: registered
Error: write EPIPE
    at afterWriteDispatched (node:internal/stream_base_commons:159:15)
    at writeGeneric (node:internal/stream_base_commons:150:3)
    at Socket._writeGeneric (node:net:966:11)
    at Socket._write (node:net:978:8)
    at writeOrBuffer (node:internal/streams/writable:572:12)
    at _write (node:internal/streams/writable:501:10)
    at Writable.write (node:internal/streams/writable:510:10)
    at Framer.ondata (/root/.openclaw/workspace/node_modules/readable-stream/lib/internal/streams/readable.js:707:22)
    at Framer.emit (node:events:519:28)
    at addChunk (/root/.openclaw/workspace/node_modules/readable-stream/lib/internal/streams/readable.js:323:12) {
  errno: -32,
  code: 'EPIPE',
  syscall: 'write'
}
[patricia2] Error: write EPIPE
[patricia2] Disconnected
[patricia2] Starting autonomous agent...
[patricia2] Waiting for spawn...
[patricia2] ✅ Spawned in world at (-235.46484046674362, 47, -138.3180171660756)
[patricia2] Connecting to Brain at ws://localhost:8767
[patricia2] ✅ Brain connected
[patricia2] Brain command: registered
[patricia2] Chat: forge: Agent forge online!
Error: write EPIPE
    at afterWriteDispatched (node:internal/stream_base_commons:159:15)
    at writeGeneric (node:internal/stream_base_commons:150:3)
    at Socket._writeGeneric (node:net:966:11)
    at Socket._write (node:net:978:8)
    at writeOrBuffer (node:internal/streams/writable:572:12)
    at _write (node:internal/streams/writable:501:10)
    at Writable.write (node:internal/streams/writable:510:10)
    at Framer.ondata (/root/.openclaw/workspace/node_modules/readable-stream/lib/internal/streams/readable.js:707:22)
    at Framer.emit (node:events:519:28)
    at addChunk (/root/.openclaw/workspace/node_modules/readable-stream/lib/internal/streams/readable.js:323:12) {
  errno: -32,
  code: 'EPIPE',
  syscall: 'write'
}
[patricia2] Error: write EPIPE
[patricia2] Disconnected
[patricia2] Starting autonomous agent...
[patricia2] Waiting for spawn...
[patricia2] ✅ Spawned in world at (-237.31415801774446, 47, -138.48555684689848)
[patricia2] Connecting to Brain at ws://localhost:8767
[patricia2] ✅ Brain connected
[patricia2] Brain command: registered
Error: write ECONNRESET
    at afterWriteDispatched (node:internal/stream_base_commons:159:15)
    at writeGeneric (node:internal/stream_base_commons:150:3)
    at Socket._writeGeneric (node:net:966:11)
    at Socket._write (node:net:978:8)
    at writeOrBuffer (node:internal/streams/writable:572:12)
    at _write (node:internal/streams/writable:501:10)
    at Writable.write (node:internal/streams/writable:510:10)
    at Framer.ondata (/root/.openclaw/workspace/node_modules/readable-stream/lib/internal/streams/readable.js:707:22)
    at Framer.emit (node:events:519:28)
    at addChunk (/root/.openclaw/workspace/node_modules/readable-stream/lib/internal/streams/readable.js:323:12) {
  errno: -104,
  code: 'ECONNRESET',
  syscall: 'write'
}
[patricia2] Error: write ECONNRESET
[patricia2] Disconnected
[patricia2] Starting autonomous agent...
[patricia2] Waiting for spawn...
[patricia2] Disconnected
[patricia2] Starting autonomous agent...
[patricia2] Waiting for spawn...
[patricia2] Disconnected
[patricia2] Starting autonomous agent...
[patricia2] Waiting for spawn...
[patricia2] ✅ Spawned in world at (-237.48764715386565, 46.483052050895026, -136.60335544374362)
[patricia2] Connecting to Brain at ws://localhost:8767
[patricia2] ✅ Brain connected
[patricia2] Brain command: registered
[patricia2] Chat: chelios: Agent chelios online!
Error: write EPIPE
    at afterWriteDispatched (node:internal/stream_base_commons:159:15)
    at writeGeneric (node:internal/stream_base_commons:150:3)
    at Socket._writeGeneric (node:net:966:11)
    at Socket._write (node:net:978:8)
    at writeOrBuffer (node:internal/streams/writable:572:12)
    at _write (node:internal/streams/writable:501:10)
    at Writable.write (node:internal/streams/writable:510:10)
    at Framer.ondata (/root/.openclaw/workspace/node_modules/readable-stream/lib/internal/streams/readable.js:707:22)
    at Framer.emit (node:events:519:28)
    at addChunk (/root/.openclaw/workspace/node_modules/readable-stream/lib/internal/streams/readable.js:323:12) {
  errno: -32,
  code: 'EPIPE',
  syscall: 'write'
}
[patricia2] Error: write EPIPE
[patricia2] Disconnected
[patricia2] Starting autonomous agent...
[patricia2] Waiting for spawn...
[patricia2] Disconnected
[patricia2] Starting autonomous agent...
[patricia2] Waiting for spawn...
[patricia2] ✅ Spawned in world at (-237.49409240423165, 46, -135.5)
[patricia2] Connecting to Brain at ws://localhost:8767
[patricia2] ✅ Brain connected
[patricia2] Brain command: registered
Error: write EPIPE
    at afterWriteDispatched (node:internal/stream_base_commons:159:15)
    at writeGeneric (node:internal/stream_base_commons:150:3)
    at Socket._writeGeneric (node:net:966:11)
    at Socket._write (node:net:978:8)
    at writeOrBuffer (node:internal/streams/writable:572:12)
    at _write (node:internal/streams/writable:501:10)
    at Writable.write (node:internal/streams/writable:510:10)
    at Framer.ondata (/root/.openclaw/workspace/node_modules/readable-stream/lib/internal/streams/readable.js:707:22)
    at Framer.emit (node:events:519:28)
    at addChunk (/root/.openclaw/workspace/node_modules/readable-stream/lib/internal/streams/readable.js:323:12) {
  errno: -32,
  code: 'EPIPE',
  syscall: 'write'
}
[patricia2] Error: write EPIPE
[patricia2] Disconnected
[patricia2] Starting autonomous agent...
[patricia2] Waiting for spawn...
[patricia2] ✅ Spawned in world at (-234.5, 47, -137.50022521770677)
[patricia2] Connecting to Brain at ws://localhost:8767
[patricia2] ✅ Brain connected
[patricia2] Brain command: registered
Error: write EPIPE
    at afterWriteDispatched (node:internal/stream_base_commons:159:15)
    at writeGeneric (node:internal/stream_base_commons:150:3)
    at Socket._writeGeneric (node:net:966:11)
    at Socket._write (node:net:978:8)
    at writeOrBuffer (node:internal/streams/writable:572:12)
    at _write (node:internal/streams/writable:501:10)
    at Writable.write (node:internal/streams/writable:510:10)
    at Framer.ondata (/root/.openclaw/workspace/node_modules/readable-stream/lib/internal/streams/readable.js:707:22)
    at Framer.emit (node:events:519:28)
    at addChunk (/root/.openclaw/workspace/node_modules/readable-stream/lib/internal/streams/readable.js:323:12) {
  errno: -32,
  code: 'EPIPE',
  syscall: 'write'
}
[patricia2] Error: write EPIPE
[patricia2] Disconnected
[patricia2] Starting autonomous agent...
[patricia2] Waiting for spawn...
[patricia2] Disconnected
[patricia2] Starting autonomous agent...
[patricia2] Waiting for spawn...
[patricia2] ✅ Spawned in world at (-237.4532135534851, 46, -135.5)
[patricia2] Connecting to Brain at ws://localhost:8767
[patricia2] ✅ Brain connected
[patricia2] Brain command: registered
Error: write EPIPE
    at afterWriteDispatched (node:internal/stream_base_commons:159:15)
    at writeGeneric (node:internal/stream_base_commons:150:3)
    at Socket._writeGeneric (node:net:966:11)
    at Socket._write (node:net:978:8)
    at writeOrBuffer (node:internal/streams/writable:572:12)
    at _write (node:internal/streams/writable:501:10)
    at Writable.write (node:internal/streams/writable:510:10)
    at Framer.ondata (/root/.openclaw/workspace/node_modules/readable-stream/lib/internal/streams/readable.js:707:22)
    at Framer.emit (node:events:519:28)
    at addChunk (/root/.openclaw/workspace/node_modules/readable-stream/lib/internal/streams/readable.js:323:12) {
  errno: -32,
  code: 'EPIPE',
  syscall: 'write'
}
[patricia2] Error: write EPIPE
[patricia2] Disconnected
[patricia2] Starting autonomous agent...
[patricia2] Waiting for spawn...
[patricia2] Disconnected
[patricia2] Starting autonomous agent...
[patricia2] Waiting for spawn...
[patricia2] ✅ Spawned in world at (-238.49977469996324, 45, -133.5)
[patricia2] Connecting to Brain at ws://localhost:8767
[patricia2] ✅ Brain connected
[patricia2] Brain command: registered
Error: write EPIPE
    at afterWriteDispatched (node:internal/stream_base_commons:159:15)
    at writeGeneric (node:internal/stream_base_commons:150:3)
    at Socket._writeGeneric (node:net:966:11)
    at Socket._write (node:net:978:8)
    at writeOrBuffer (node:internal/streams/writable:572:12)
    at _write (node:internal/streams/writable:501:10)
    at Writable.write (node:internal/streams/writable:510:10)
    at Framer.ondata (/root/.openclaw/workspace/node_modules/readable-stream/lib/internal/streams/readable.js:707:22)
    at Framer.emit (node:events:519:28)
    at addChunk (/root/.openclaw/workspace/node_modules/readable-stream/lib/internal/streams/readable.js:323:12) {
  errno: -32,
  code: 'EPIPE',
  syscall: 'write'
}
[patricia2] Error: write EPIPE
[patricia2] Disconnected
[patricia2] Starting autonomous agent...
[patricia2] Waiting for spawn...
[patricia2] ✅ Spawned in world at (-238.4999348700779, 44, -131.60304368193277)
[patricia2] Connecting to Brain at ws://localhost:8767
[patricia2] ✅ Brain connected
[patricia2] Brain command: registered
Error: write EPIPE
    at afterWriteDispatched (node:internal/stream_base_commons:159:15)
    at writeGeneric (node:internal/stream_base_commons:150:3)
    at Socket._writeGeneric (node:net:966:11)
    at Socket._write (node:net:978:8)
    at writeOrBuffer (node:internal/streams/writable:572:12)
    at _write (node:internal/streams/writable:501:10)
    at Writable.write (node:internal/streams/writable:510:10)
    at Framer.ondata (/root/.openclaw/workspace/node_modules/readable-stream/lib/internal/streams/readable.js:707:22)
    at Framer.emit (node:events:519:28)
    at addChunk (/root/.openclaw/workspace/node_modules/readable-stream/lib/internal/streams/readable.js:323:12) {
  errno: -32,
  code: 'EPIPE',
  syscall: 'write'
}
[patricia2] Error: write EPIPE
[patricia2] Disconnected
[patricia2] Starting autonomous agent...
[patricia2] Waiting for spawn...
[patricia2] ✅ Spawned in world at (-238.42565020105667, 45, -132.44203734131779)
[patricia2] Connecting to Brain at ws://localhost:8767
[patricia2] ✅ Brain connected
[patricia2] Brain command: registered
Error: write EPIPE
    at afterWriteDispatched (node:internal/stream_base_commons:159:15)
    at writeGeneric (node:internal/stream_base_commons:150:3)
    at Socket._writeGeneric (node:net:966:11)
    at Socket._write (node:net:978:8)
    at writeOrBuffer (node:internal/streams/writable:572:12)
    at _write (node:internal/streams/writable:501:10)
    at Writable.write (node:internal/streams/writable:510:10)
    at Framer.ondata (/root/.openclaw/workspace/node_modules/readable-stream/lib/internal/streams/readable.js:707:22)
    at Framer.emit (node:events:519:28)
    at addChunk (/root/.openclaw/workspace/node_modules/readable-stream/lib/internal/streams/readable.js:323:12) {
  errno: -32,
  code: 'EPIPE',
  syscall: 'write'
}
[patricia2] Error: write EPIPE
[patricia2] Disconnected
[patricia2] Starting autonomous agent...
[patricia2] Waiting for spawn...
[patricia2] ✅ Spawned in world at (-239.49983111657735, 44, -130.68485261588393)
[patricia2] Connecting to Brain at ws://localhost:8767
[patricia2] ✅ Brain connected
[patricia2] Brain command: registered
Error: write EPIPE
    at afterWriteDispatched (node:internal/stream_base_commons:159:15)
    at writeGeneric (node:internal/stream_base_commons:150:3)
    at Socket._writeGeneric (node:net:966:11)
    at Socket._write (node:net:978:8)
    at writeOrBuffer (node:internal/streams/writable:572:12)
    at _write (node:internal/streams/writable:501:10)
    at Writable.write (node:internal/streams/writable:510:10)
    at Framer.ondata (/root/.openclaw/workspace/node_modules/readable-stream/lib/internal/streams/readable.js:707:22)
    at Framer.emit (node:events:519:28)
    at addChunk (/root/.openclaw/workspace/node_modules/readable-stream/lib/internal/streams/readable.js:323:12) {
  errno: -32,
  code: 'EPIPE',
  syscall: 'write'
}
[patricia2] Error: write EPIPE
[patricia2] Disconnected
[patricia2] Starting autonomous agent...
[patricia2] Waiting for spawn...
[patricia2] ✅ Spawned in world at (-239.49957777108642, 43, -129.5)
[patricia2] Connecting to Brain at ws://localhost:8767
[patricia2] ✅ Brain connected
[patricia2] Brain command: registered
[patricia2] Chat: patricia: Agent patricia online!
[patricia2] Disconnected
[patricia2] Starting autonomous agent...
[patricia2] Waiting for spawn...
[patricia2] ✅ Spawned in world at (-238.50052570432763, 46, -134.5)
[patricia2] Connecting to Brain at ws://localhost:8767
[patricia2] ✅ Brain connected
[patricia2] Brain command: registered
Error: write EPIPE
    at afterWriteDispatched (node:internal/stream_base_commons:159:15)
    at writeGeneric (node:internal/stream_base_commons:150:3)
    at Socket._writeGeneric (node:net:966:11)
    at Socket._write (node:net:978:8)
    at writeOrBuffer (node:internal/streams/writable:572:12)
    at _write (node:internal/streams/writable:501:10)
    at Writable.write (node:internal/streams/writable:510:10)
    at Framer.ondata (/root/.openclaw/workspace/node_modules/readable-stream/lib/internal/streams/readable.js:707:22)
    at Framer.emit (node:events:519:28)
    at addChunk (/root/.openclaw/workspace/node_modules/readable-stream/lib/internal/streams/readable.js:323:12) {
  errno: -32,
  code: 'EPIPE',
  syscall: 'write'
}
[patricia2] Error: write EPIPE
[patricia2] Disconnected
[patricia2] Starting autonomous agent...
[patricia2] Waiting for spawn...
[patricia2] ✅ Spawned in world at (-232.5, 48, -137.52754232799617)
[patricia2] Connecting to Brain at ws://localhost:8767
[patricia2] ✅ Brain connected
[patricia2] Brain command: registered
[patricia2] Chat: forge2: Agent forge2 online!
[patricia2] Chat: chelios2: Agent chelios2 online!
Error: write EPIPE
    at afterWriteDispatched (node:internal/stream_base_commons:159:15)
    at writeGeneric (node:internal/stream_base_commons:150:3)
    at Socket._writeGeneric (node:net:966:11)
    at Socket._write (node:net:978:8)
    at writeOrBuffer (node:internal/streams/writable:572:12)
    at _write (node:internal/streams/writable:501:10)
    at Writable.write (node:internal/streams/writable:510:10)
    at Framer.ondata (/root/.openclaw/workspace/node_modules/readable-stream/lib/internal/streams/readable.js:707:22)
    at Framer.emit (node:events:519:28)
    at addChunk (/root/.openclaw/workspace/node_modules/readable-stream/lib/internal/streams/readable.js:323:12) {
  errno: -32,
  code: 'EPIPE',
  syscall: 'write'
}
[patricia2] Error: write EPIPE
[patricia2] Disconnected
[patricia2] Starting autonomous agent...
[patricia2] Waiting for spawn...
[patricia2] Chat: chelios: Agent chelios online!
[patricia2] ✅ Spawned in world at (-239.40899752265582, 43.07629179307042, -129.95277760936165)
[patricia2] Connecting to Brain at ws://localhost:8767
[patricia2] ✅ Brain connected
[patricia2] Brain command: registered
Error: write EPIPE
    at afterWriteDispatched (node:internal/stream_base_commons:159:15)
    at writeGeneric (node:internal/stream_base_commons:150:3)
    at Socket._writeGeneric (node:net:966:11)
    at Socket._write (node:net:978:8)
    at writeOrBuffer (node:internal/streams/writable:572:12)
    at _write (node:internal/streams/writable:501:10)
    at Writable.write (node:internal/streams/writable:510:10)
    at Framer.ondata (/root/.openclaw/workspace/node_modules/readable-stream/lib/internal/streams/readable.js:707:22)
    at Framer.emit (node:events:519:28)
    at addChunk (/root/.openclaw/workspace/node_modules/readable-stream/lib/internal/streams/readable.js:323:12) {
  errno: -32,
  code: 'EPIPE',
  syscall: 'write'
}
[patricia2] Error: write EPIPE
[patricia2] Disconnected
[patricia2] Starting autonomous agent...
[patricia2] Waiting for spawn...
[patricia2] ✅ Spawned in world at (-237.3, 42, -131.44027046840486)
[patricia2] Connecting to Brain at ws://localhost:8767
[patricia2] ✅ Brain connected
[patricia2] Brain command: registered
Error: write EPIPE
    at afterWriteDispatched (node:internal/stream_base_commons:159:15)
    at writeGeneric (node:internal/stream_base_commons:150:3)
    at Socket._writeGeneric (node:net:966:11)
    at Socket._write (node:net:978:8)
    at writeOrBuffer (node:internal/streams/writable:572:12)
    at _write (node:internal/streams/writable:501:10)
    at Writable.write (node:internal/streams/writable:510:10)
    at Framer.ondata (/root/.openclaw/workspace/node_modules/readable-stream/lib/internal/streams/readable.js:707:22)
    at Framer.emit (node:events:519:28)
    at addChunk (/root/.openclaw/workspace/node_modules/readable-stream/lib/internal/streams/readable.js:323:12) {
  errno: -32,
  code: 'EPIPE',
  syscall: 'write'
}
[patricia2] Error: write EPIPE
[patricia2] Disconnected
[patricia2] Starting autonomous agent...
[patricia2] Waiting for spawn...
[patricia2] ✅ Spawned in world at (-239.65811134777962, 43.33453597274637, -129.80458278007225)
[patricia2] Connecting to Brain at ws://localhost:8767
[patricia2] ✅ Brain connected
[patricia2] Brain command: registered
Error: write EPIPE
    at afterWriteDispatched (node:internal/stream_base_commons:159:15)
    at writeGeneric (node:internal/stream_base_commons:150:3)
    at Socket._writeGeneric (node:net:966:11)
    at Socket._write (node:net:978:8)
    at writeOrBuffer (node:internal/streams/writable:572:12)
    at _write (node:internal/streams/writable:501:10)
    at Writable.write (node:internal/streams/writable:510:10)
    at Framer.ondata (/root/.openclaw/workspace/node_modules/readable-stream/lib/internal/streams/readable.js:707:22)
    at Framer.emit (node:events:519:28)
    at addChunk (/root/.openclaw/workspace/node_modules/readable-stream/lib/internal/streams/readable.js:323:12) {
  errno: -32,
  code: 'EPIPE',
  syscall: 'write'
}
[patricia2] Error: write EPIPE
[patricia2] Disconnected
[patricia2] Starting autonomous agent...
[patricia2] Waiting for spawn...
[patricia2] ✅ Spawned in world at (-240.3149966768056, 43, -132.4998640137742)
[patricia2] Connecting to Brain at ws://localhost:8767
[patricia2] ✅ Brain connected
[patricia2] Brain command: registered
Error: write EPIPE
    at afterWriteDispatched (node:internal/stream_base_commons:159:15)
    at writeGeneric (node:internal/stream_base_commons:150:3)
    at Socket._writeGeneric (node:net:966:11)
    at Socket._write (node:net:978:8)
    at writeOrBuffer (node:internal/streams/writable:572:12)
    at _write (node:internal/streams/writable:501:10)
    at Writable.write (node:internal/streams/writable:510:10)
    at Framer.ondata (/root/.openclaw/workspace/node_modules/readable-stream/lib/internal/streams/readable.js:707:22)
    at Framer.emit (node:events:519:28)
    at addChunk (/root/.openclaw/workspace/node_modules/readable-stream/lib/internal/streams/readable.js:323:12) {
  errno: -32,
  code: 'EPIPE',
  syscall: 'write'
}
[patricia2] Error: write EPIPE
[patricia2] Disconnected
[patricia2] Starting autonomous agent...
[patricia2] Waiting for spawn...
[patricia2] Disconnected
[patricia2] Starting autonomous agent...
[patricia2] Waiting for spawn...
[patricia2] ✅ Spawned in world at (-238.4997466510743, 42.8447679954834, -128.5)
[patricia2] Connecting to Brain at ws://localhost:8767
[patricia2] ✅ Brain connected
[patricia2] Brain command: registered
Error: write EPIPE
    at afterWriteDispatched (node:internal/stream_base_commons:159:15)
    at writeGeneric (node:internal/stream_base_commons:150:3)
    at Socket._writeGeneric (node:net:966:11)
    at Socket._write (node:net:978:8)
    at writeOrBuffer (node:internal/streams/writable:572:12)
    at _write (node:internal/streams/writable:501:10)
    at Writable.write (node:internal/streams/writable:510:10)
    at Framer.ondata (/root/.openclaw/workspace/node_modules/readable-stream/lib/internal/streams/readable.js:707:22)
    at Framer.emit (node:events:519:28)
    at addChunk (/root/.openclaw/workspace/node_modules/readable-stream/lib/internal/streams/readable.js:323:12) {
  errno: -32,
  code: 'EPIPE',
  syscall: 'write'
}
[patricia2] Error: write EPIPE
[patricia2] Disconnected
[patricia2] Starting autonomous agent...
[patricia2] Waiting for spawn...
[patricia2] ✅ Spawned in world at (-240.695399149461, 43.00099642867405, -132.3)
[patricia2] Connecting to Brain at ws://localhost:8767
[patricia2] ✅ Brain connected
[patricia2] Brain command: registered
Error: write EPIPE
    at afterWriteDispatched (node:internal/stream_base_commons:159:15)
    at writeGeneric (node:internal/stream_base_commons:150:3)
    at Socket._writeGeneric (node:net:966:11)
    at Socket._write (node:net:978:8)
    at writeOrBuffer (node:internal/streams/writable:572:12)
    at _write (node:internal/streams/writable:501:10)
    at Writable.write (node:internal/streams/writable:510:10)
    at Framer.ondata (/root/.openclaw/workspace/node_modules/readable-stream/lib/internal/streams/readable.js:707:22)
    at Framer.emit (node:events:519:28)
    at addChunk (/root/.openclaw/workspace/node_modules/readable-stream/lib/internal/streams/readable.js:323:12) {
  errno: -32,
  code: 'EPIPE',
  syscall: 'write'
}
[patricia2] Error: write EPIPE
[patricia2] Disconnected
[patricia2] Starting autonomous agent...
[patricia2] Waiting for spawn...
[patricia2] Disconnected
[patricia2] Starting autonomous agent...
[patricia2] Waiting for spawn...
[patricia2] ✅ Spawned in world at (-240.49750649540965, 43, -128.5)
[patricia2] Connecting to Brain at ws://localhost:8767
[patricia2] ✅ Brain connected
[patricia2] Brain command: registered
[patricia2] Chat: chelios: Agent chelios online!
Error: write EPIPE
    at afterWriteDispatched (node:internal/stream_base_commons:159:15)
    at writeGeneric (node:internal/stream_base_commons:150:3)
    at Socket._writeGeneric (node:net:966:11)
    at Socket._write (node:net:978:8)
    at writeOrBuffer (node:internal/streams/writable:572:12)
    at _write (node:internal/streams/writable:501:10)
    at Writable.write (node:internal/streams/writable:510:10)
    at Framer.ondata (/root/.openclaw/workspace/node_modules/readable-stream/lib/internal/streams/readable.js:707:22)
    at Framer.emit (node:events:519:28)
    at addChunk (/root/.openclaw/workspace/node_modules/readable-stream/lib/internal/streams/readable.js:323:12) {
  errno: -32,
  code: 'EPIPE',
  syscall: 'write'
}
[patricia2] Error: write EPIPE
[patricia2] Disconnected
[patricia2] Starting autonomous agent...
[patricia2] Waiting for spawn...
[patricia2] Disconnected
[patricia2] Starting autonomous agent...
[patricia2] Waiting for spawn...
[patricia2] ✅ Spawned in world at (-241.5716768540025, 43, -127.5)
[patricia2] Connecting to Brain at ws://localhost:8767
[patricia2] ✅ Brain connected
[patricia2] Brain command: registered
Error: write EPIPE
    at afterWriteDispatched (node:internal/stream_base_commons:159:15)
    at writeGeneric (node:internal/stream_base_commons:150:3)
    at Socket._writeGeneric (node:net:966:11)
    at Socket._write (node:net:978:8)
    at writeOrBuffer (node:internal/streams/writable:572:12)
    at _write (node:internal/streams/writable:501:10)
    at Writable.write (node:internal/streams/writable:510:10)
    at Framer.ondata (/root/.openclaw/workspace/node_modules/readable-stream/lib/internal/streams/readable.js:707:22)
    at Framer.emit (node:events:519:28)
    at addChunk (/root/.openclaw/workspace/node_modules/readable-stream/lib/internal/streams/readable.js:323:12) {
  errno: -32,
  code: 'EPIPE',
  syscall: 'write'
}
[patricia2] Error: write EPIPE
[patricia2] Disconnected
[patricia2] Starting autonomous agent...
[patricia2] Waiting for spawn...
[patricia2] ✅ Spawned in world at (-237.28171195568206, 43, -128.3)
[patricia2] Connecting to Brain at ws://localhost:8767
[patricia2] ✅ Brain connected
[patricia2] Brain command: registered
Error: write EPIPE
    at afterWriteDispatched (node:internal/stream_base_commons:159:15)
    at writeGeneric (node:internal/stream_base_commons:150:3)
    at Socket._writeGeneric (node:net:966:11)
    at Socket._write (node:net:978:8)
    at writeOrBuffer (node:internal/streams/writable:572:12)
    at _write (node:internal/streams/writable:501:10)
    at Writable.write (node:internal/streams/writable:510:10)
    at Framer.ondata (/root/.openclaw/workspace/node_modules/readable-stream/lib/internal/streams/readable.js:707:22)
    at Framer.emit (node:events:519:28)
    at addChunk (/root/.openclaw/workspace/node_modules/readable-stream/lib/internal/streams/readable.js:323:12) {
  errno: -32,
  code: 'EPIPE',
  syscall: 'write'
}
[patricia2] Error: write EPIPE
[patricia2] Disconnected
[patricia2] Starting autonomous agent...
[patricia2] Waiting for spawn...
[patricia2] ✅ Spawned in world at (-231.3, 45.483052050895026, -138.50019135738253)
[patricia2] Connecting to Brain at ws://localhost:8767
[patricia2] ✅ Brain connected
[patricia2] Brain command: registered
Error: write EPIPE
    at afterWriteDispatched (node:internal/stream_base_commons:159:15)
    at writeGeneric (node:internal/stream_base_commons:150:3)
    at Socket._writeGeneric (node:net:966:11)
    at Socket._write (node:net:978:8)
    at writeOrBuffer (node:internal/streams/writable:572:12)
    at _write (node:internal/streams/writable:501:10)
    at Writable.write (node:internal/streams/writable:510:10)
    at Framer.ondata (/root/.openclaw/workspace/node_modules/readable-stream/lib/internal/streams/readable.js:707:22)
    at Framer.emit (node:events:519:28)
    at addChunk (/root/.openclaw/workspace/node_modules/readable-stream/lib/internal/streams/readable.js:323:12) {
  errno: -32,
  code: 'EPIPE',
  syscall: 'write'
}
[patricia2] Error: write EPIPE
[patricia2] Disconnected
[patricia2] Starting autonomous agent...
[patricia2] Waiting for spawn...
[patricia2] ✅ Spawned in world at (-231.51394433578625, 46, -140.31259651521162)
[patricia2] Connecting to Brain at ws://localhost:8767
[patricia2] ✅ Brain connected
[patricia2] Brain command: registered
Error: write EPIPE
    at afterWriteDispatched (node:internal/stream_base_commons:159:15)
    at writeGeneric (node:internal/stream_base_commons:150:3)
    at Socket._writeGeneric (node:net:966:11)
    at Socket._write (node:net:978:8)
    at writeOrBuffer (node:internal/streams/writable:572:12)
    at _write (node:internal/streams/writable:501:10)
    at Writable.write (node:internal/streams/writable:510:10)
    at Framer.ondata (/root/.openclaw/workspace/node_modules/readable-stream/lib/internal/streams/readable.js:707:22)
    at Framer.emit (node:events:519:28)
    at addChunk (/root/.openclaw/workspace/node_modules/readable-stream/lib/internal/streams/readable.js:323:12) {
  errno: -32,
  code: 'EPIPE',
  syscall: 'write'
}
[patricia2] Error: write EPIPE
[patricia2] Disconnected
[patricia2] Starting autonomous agent...
[patricia2] Waiting for spawn...
[patricia2] ✅ Spawned in world at (-228.60431119630235, 46, -138.49633856283842)
[patricia2] Connecting to Brain at ws://localhost:8767
[patricia2] Chat: aurora: Agent aurora online!
[patricia2] ✅ Brain connected
[patricia2] Brain command: registered
Error: write EPIPE
    at afterWriteDispatched (node:internal/stream_base_commons:159:15)
    at writeGeneric (node:internal/stream_base_commons:150:3)
    at Socket._writeGeneric (node:net:966:11)
    at Socket._write (node:net:978:8)
    at writeOrBuffer (node:internal/streams/writable:572:12)
    at _write (node:internal/streams/writable:501:10)
    at Writable.write (node:internal/streams/writable:510:10)
    at Framer.ondata (/root/.openclaw/workspace/node_modules/readable-stream/lib/internal/streams/readable.js:707:22)
    at Framer.emit (node:events:519:28)
    at addChunk (/root/.openclaw/workspace/node_modules/readable-stream/lib/internal/streams/readable.js:323:12) {
  errno: -32,
  code: 'EPIPE',
  syscall: 'write'
}
[patricia2] Error: write EPIPE
[patricia2] Disconnected
[patricia2] Starting autonomous agent...
[patricia2] Waiting for spawn...
[patricia2] Disconnected
[patricia2] Starting autonomous agent...
[patricia2] Waiting for spawn...
[patricia2] Chat: aurora: Agent aurora online!
[patricia2] ✅ Spawned in world at (-231.53244465752414, 46, -140.31713064666235)
[patricia2] Connecting to Brain at ws://localhost:8767
[patricia2] ✅ Brain connected
[patricia2] Brain command: registered
Error: write EPIPE
    at afterWriteDispatched (node:internal/stream_base_commons:159:15)
    at writeGeneric (node:internal/stream_base_commons:150:3)
    at Socket._writeGeneric (node:net:966:11)
    at Socket._write (node:net:978:8)
    at writeOrBuffer (node:internal/streams/writable:572:12)
    at _write (node:internal/streams/writable:501:10)
    at Writable.write (node:internal/streams/writable:510:10)
    at Framer.ondata (/root/.openclaw/workspace/node_modules/readable-stream/lib/internal/streams/readable.js:707:22)
    at Framer.emit (node:events:519:28)
    at addChunk (/root/.openclaw/workspace/node_modules/readable-stream/lib/internal/streams/readable.js:323:12) {
  errno: -32,
  code: 'EPIPE',
  syscall: 'write'
}
[patricia2] Error: write EPIPE
[patricia2] Disconnected
[patricia2] Starting autonomous agent...
[patricia2] Waiting for spawn...
[patricia2] ✅ Spawned in world at (-231.5121230733517, 46, -139.5)
[patricia2] Connecting to Brain at ws://localhost:8767
[patricia2] ✅ Brain connected
[patricia2] Brain command: registered
Error: write EPIPE
    at afterWriteDispatched (node:internal/stream_base_commons:159:15)
    at writeGeneric (node:internal/stream_base_commons:150:3)
    at Socket._writeGeneric (node:net:966:11)
    at Socket._write (node:net:978:8)
    at writeOrBuffer (node:internal/streams/writable:572:12)
    at _write (node:internal/streams/writable:501:10)
    at Writable.write (node:internal/streams/writable:510:10)
    at Framer.ondata (/root/.openclaw/workspace/node_modules/readable-stream/lib/internal/streams/readable.js:707:22)
    at Framer.emit (node:events:519:28)
    at addChunk (/root/.openclaw/workspace/node_modules/readable-stream/lib/internal/streams/readable.js:323:12) {
  errno: -32,
  code: 'EPIPE',
  syscall: 'write'
}
[patricia2] Error: write EPIPE
[patricia2] Disconnected
[patricia2] Starting autonomous agent...
[patricia2] Waiting for spawn...
[patricia2] ✅ Spawned in world at (-229.67774973764756, 46, -138.4761187115375)
[patricia2] Connecting to Brain at ws://localhost:8767
[patricia2] ✅ Brain connected
[patricia2] Brain command: registered
Error: write EPIPE
    at afterWriteDispatched (node:internal/stream_base_commons:159:15)
    at writeGeneric (node:internal/stream_base_commons:150:3)
    at Socket._writeGeneric (node:net:966:11)
    at Socket._write (node:net:978:8)
    at writeOrBuffer (node:internal/streams/writable:572:12)
    at _write (node:internal/streams/writable:501:10)
    at Writable.write (node:internal/streams/writable:510:10)
    at Framer.ondata (/root/.openclaw/workspace/node_modules/readable-stream/lib/internal/streams/readable.js:707:22)
    at Framer.emit (node:events:519:28)
    at addChunk (/root/.openclaw/workspace/node_modules/readable-stream/lib/internal/streams/readable.js:323:12) {
  errno: -32,
  code: 'EPIPE',
  syscall: 'write'
}
[patricia2] Error: write EPIPE
[patricia2] Disconnected
[patricia2] Starting autonomous agent...
[patricia2] Waiting for spawn...
[patricia2] ✅ Spawned in world at (-231.52623440924654, 46, -140.44389165979885)
[patricia2] Connecting to Brain at ws://localhost:8767
[patricia2] ✅ Brain connected
[patricia2] Brain command: registered
[patricia2] Chat: aurora: Agent aurora online!
Error: write ECONNRESET
    at afterWriteDispatched (node:internal/stream_base_commons:159:15)
    at writeGeneric (node:internal/stream_base_commons:150:3)
    at Socket._writeGeneric (node:net:966:11)
    at Socket._write (node:net:978:8)
    at writeOrBuffer (node:internal/streams/writable:572:12)
    at _write (node:internal/streams/writable:501:10)
    at Writable.write (node:internal/streams/writable:510:10)
    at Framer.ondata (/root/.openclaw/workspace/node_modules/readable-stream/lib/internal/streams/readable.js:707:22)
    at Framer.emit (node:events:519:28)
    at addChunk (/root/.openclaw/workspace/node_modules/readable-stream/lib/internal/streams/readable.js:323:12) {
  errno: -104,
  code: 'ECONNRESET',
  syscall: 'write'
}
[patricia2] Error: write ECONNRESET
[patricia2] Disconnected
[patricia2] Starting autonomous agent...
[patricia2] Waiting for spawn...
[patricia2] ✅ Spawned in world at (-227.5, 46, -142.5089398046864)
[patricia2] Connecting to Brain at ws://localhost:8767
[patricia2] ✅ Brain connected
[patricia2] Brain command: registered
Error: write EPIPE
    at afterWriteDispatched (node:internal/stream_base_commons:159:15)
    at writeGeneric (node:internal/stream_base_commons:150:3)
    at Socket._writeGeneric (node:net:966:11)
    at Socket._write (node:net:978:8)
    at writeOrBuffer (node:internal/streams/writable:572:12)
    at _write (node:internal/streams/writable:501:10)
    at Writable.write (node:internal/streams/writable:510:10)
    at Framer.ondata (/root/.openclaw/workspace/node_modules/readable-stream/lib/internal/streams/readable.js:707:22)
    at Framer.emit (node:events:519:28)
    at addChunk (/root/.openclaw/workspace/node_modules/readable-stream/lib/internal/streams/readable.js:323:12) {
  errno: -32,
  code: 'EPIPE',
  syscall: 'write'
}
[patricia2] Error: write EPIPE
[patricia2] Disconnected
[patricia2] Starting autonomous agent...
[patricia2] Waiting for spawn...
[patricia2] ✅ Spawned in world at (-225.59731377605968, 45, -143.7)
[patricia2] Connecting to Brain at ws://localhost:8767
[patricia2] ✅ Brain connected
[patricia2] Brain command: registered
Error: write EPIPE
    at afterWriteDispatched (node:internal/stream_base_commons:159:15)
    at writeGeneric (node:internal/stream_base_commons:150:3)
    at Socket._writeGeneric (node:net:966:11)
    at Socket._write (node:net:978:8)
    at writeOrBuffer (node:internal/streams/writable:572:12)
    at _write (node:internal/streams/writable:501:10)
    at Writable.write (node:internal/streams/writable:510:10)
    at Framer.ondata (/root/.openclaw/workspace/node_modules/readable-stream/lib/internal/streams/readable.js:707:22)
    at Framer.emit (node:events:519:28)
    at addChunk (/root/.openclaw/workspace/node_modules/readable-stream/lib/internal/streams/readable.js:323:12) {
  errno: -32,
  code: 'EPIPE',
  syscall: 'write'
}
[patricia2] Error: write EPIPE
[patricia2] Disconnected
[patricia2] Starting autonomous agent...
[patricia2] Waiting for spawn...
[patricia2] ✅ Spawned in world at (-225.0566490398446, 46, -143.457534795374)
[patricia2] Connecting to Brain at ws://localhost:8767
[patricia2] ✅ Brain connected
[patricia2] Brain command: registered
Error: write EPIPE
    at afterWriteDispatched (node:internal/stream_base_commons:159:15)
    at writeGeneric (node:internal/stream_base_commons:150:3)
    at Socket._writeGeneric (node:net:966:11)
    at Socket._write (node:net:978:8)
    at writeOrBuffer (node:internal/streams/writable:572:12)
    at _write (node:internal/streams/writable:501:10)
    at Writable.write (node:internal/streams/writable:510:10)
    at Framer.ondata (/root/.openclaw/workspace/node_modules/readable-stream/lib/internal/streams/readable.js:707:22)
    at Framer.emit (node:events:519:28)
    at addChunk (/root/.openclaw/workspace/node_modules/readable-stream/lib/internal/streams/readable.js:323:12) {
  errno: -32,
  code: 'EPIPE',
  syscall: 'write'
}
[patricia2] Error: write EPIPE
[patricia2] Disconnected
[patricia2] Starting autonomous agent...
[patricia2] Waiting for spawn...
[patricia2] ✅ Spawned in world at (-225.52265975899343, 45, -146.5)
[patricia2] Connecting to Brain at ws://localhost:8767
[patricia2] ✅ Brain connected
[patricia2] Brain command: registered
Error: write EPIPE
    at afterWriteDispatched (node:internal/stream_base_commons:159:15)
    at writeGeneric (node:internal/stream_base_commons:150:3)
    at Socket._writeGeneric (node:net:966:11)
    at Socket._write (node:net:978:8)
    at writeOrBuffer (node:internal/streams/writable:572:12)
    at _write (node:internal/streams/writable:501:10)
    at Writable.write (node:internal/streams/writable:510:10)
    at Framer.ondata (/root/.openclaw/workspace/node_modules/readable-stream/lib/internal/streams/readable.js:707:22)
    at Framer.emit (node:events:519:28)
    at addChunk (/root/.openclaw/workspace/node_modules/readable-stream/lib/internal/streams/readable.js:323:12) {
  errno: -32,
  code: 'EPIPE',
  syscall: 'write'
}
[patricia2] Error: write EPIPE
[patricia2] Disconnected
[patricia2] Starting autonomous agent...
[patricia2] Waiting for spawn...
[patricia2] ✅ Spawned in world at (-226.4957422502786, 45, -148.5)
[patricia2] Connecting to Brain at ws://localhost:8767
[patricia2] ✅ Brain connected
[patricia2] Brain command: registered
Error: write EPIPE
    at afterWriteDispatched (node:internal/stream_base_commons:159:15)
    at writeGeneric (node:internal/stream_base_commons:150:3)
    at Socket._writeGeneric (node:net:966:11)
    at Socket._write (node:net:978:8)
    at writeOrBuffer (node:internal/streams/writable:572:12)
    at _write (node:internal/streams/writable:501:10)
    at Writable.write (node:internal/streams/writable:510:10)
    at Framer.ondata (/root/.openclaw/workspace/node_modules/readable-stream/lib/internal/streams/readable.js:707:22)
    at Framer.emit (node:events:519:28)
    at addChunk (/root/.openclaw/workspace/node_modules/readable-stream/lib/internal/streams/readable.js:323:12) {
  errno: -32,
  code: 'EPIPE',
  syscall: 'write'
}
[patricia2] Error: write EPIPE
[patricia2] Disconnected
[patricia2] Starting autonomous agent...
[patricia2] Waiting for spawn...
[patricia2] ✅ Spawned in world at (-227.31072079345202, 44, -148.5000380679852)
[patricia2] Connecting to Brain at ws://localhost:8767
[patricia2] ✅ Brain connected
[patricia2] Brain command: registered
Error: write EPIPE
    at afterWriteDispatched (node:internal/stream_base_commons:159:15)
    at writeGeneric (node:internal/stream_base_commons:150:3)
    at Socket._writeGeneric (node:net:966:11)
    at Socket._write (node:net:978:8)
    at writeOrBuffer (node:internal/streams/writable:572:12)
    at _write (node:internal/streams/writable:501:10)
    at Writable.write (node:internal/streams/writable:510:10)
    at Framer.ondata (/root/.openclaw/workspace/node_modules/readable-stream/lib/internal/streams/readable.js:707:22)
    at Framer.emit (node:events:519:28)
    at addChunk (/root/.openclaw/workspace/node_modules/readable-stream/lib/internal/streams/readable.js:323:12) {
  errno: -32,
  code: 'EPIPE',
  syscall: 'write'
}
[patricia2] Error: write EPIPE
[patricia2] Disconnected
[patricia2] Starting autonomous agent...
[patricia2] Waiting for spawn...
[patricia2] Disconnected
[patricia2] Starting autonomous agent...
[patricia2] Waiting for spawn...
[patricia2] ✅ Spawned in world at (-225.50376556778292, 45, -142.6850491462635)
[patricia2] Connecting to Brain at ws://localhost:8767
[patricia2] ✅ Brain connected
[patricia2] Brain command: registered
Error: write ECONNRESET
    at afterWriteDispatched (node:internal/stream_base_commons:159:15)
    at writeGeneric (node:internal/stream_base_commons:150:3)
    at Socket._writeGeneric (node:net:966:11)
    at Socket._write (node:net:978:8)
    at writeOrBuffer (node:internal/streams/writable:572:12)
    at _write (node:internal/streams/writable:501:10)
    at Writable.write (node:internal/streams/writable:510:10)
    at Framer.ondata (/root/.openclaw/workspace/node_modules/readable-stream/lib/internal/streams/readable.js:707:22)
    at Framer.emit (node:events:519:28)
    at addChunk (/root/.openclaw/workspace/node_modules/readable-stream/lib/internal/streams/readable.js:323:12) {
  errno: -104,
  code: 'ECONNRESET',
  syscall: 'write'
}
[patricia2] Error: write ECONNRESET
[patricia2] Disconnected
[patricia2] Starting autonomous agent...
[patricia2] Waiting for spawn...
[patricia2] Disconnected
[patricia2] Starting autonomous agent...
[patricia2] Starting autonomous agent...
[patricia2] Waiting for spawn...
[patricia2] Waiting for spawn...
[patricia2] Disconnected
[patricia2] ✅ Spawned in world at (-225.3, 45.73584062504456, -143.61606295925768)
[patricia2] Connecting to Brain at ws://localhost:8767
[patricia2] ✅ Brain connected
[patricia2] Brain command: registered
[patricia2] Chat: chelios: Agent chelios online!
Error: client timed out after 30000 milliseconds
    at Timeout._onTimeout (/root/.openclaw/workspace/node_modules/minecraft-protocol/src/client/keepalive.js:18:28)
    at listOnTimeout (node:internal/timers:585:17)
    at process.processTimers (node:internal/timers:521:7)
[patricia2] Error: client timed out after 30000 milliseconds
[patricia2] Disconnected
[patricia2] Starting autonomous agent...
[patricia2] Waiting for spawn...
[patricia2] ✅ Spawned in world at (-238.32825527948322, 45, -138.50541724865067)
[patricia2] Connecting to Brain at ws://localhost:8767
[patricia2] ✅ Brain connected
[patricia2] Brain command: registered
Error: write ECONNRESET
    at afterWriteDispatched (node:internal/stream_base_commons:159:15)
    at writeGeneric (node:internal/stream_base_commons:150:3)
    at Socket._writeGeneric (node:net:966:11)
    at Socket._write (node:net:978:8)
    at writeOrBuffer (node:internal/streams/writable:572:12)
    at _write (node:internal/streams/writable:501:10)
    at Writable.write (node:internal/streams/writable:510:10)
    at Framer.ondata (/root/.openclaw/workspace/node_modules/readable-stream/lib/internal/streams/readable.js:707:22)
    at Framer.emit (node:events:519:28)
    at addChunk (/root/.openclaw/workspace/node_modules/readable-stream/lib/internal/streams/readable.js:323:12) {
  errno: -104,
  code: 'ECONNRESET',
  syscall: 'write'
}
[patricia2] Error: write ECONNRESET
[patricia2] Disconnected
[patricia2] Starting autonomous agent...
[patricia2] Waiting for spawn...
[patricia2] ✅ Spawned in world at (-238.7486659046731, 46.043199996948246, -138.50326422338722)
[patricia2] Connecting to Brain at ws://localhost:8767
[patricia2] ✅ Brain connected
[patricia2] Brain command: registered
Error: write EPIPE
    at afterWriteDispatched (node:internal/stream_base_commons:159:15)
    at writeGeneric (node:internal/stream_base_commons:150:3)
    at Socket._writeGeneric (node:net:966:11)
    at Socket._write (node:net:978:8)
    at writeOrBuffer (node:internal/streams/writable:572:12)
    at _write (node:internal/streams/writable:501:10)
    at Writable.write (node:internal/streams/writable:510:10)
    at Framer.ondata (/root/.openclaw/workspace/node_modules/readable-stream/lib/internal/streams/readable.js:707:22)
    at Framer.emit (node:events:519:28)
    at addChunk (/root/.openclaw/workspace/node_modules/readable-stream/lib/internal/streams/readable.js:323:12) {
  errno: -32,
  code: 'EPIPE',
  syscall: 'write'
}
[patricia2] Error: write EPIPE
[patricia2] Disconnected
[patricia2] Starting autonomous agent...
[patricia2] Waiting for spawn...
[patricia2] Disconnected
[patricia2] Starting autonomous agent...
[patricia2] Waiting for spawn...
[patricia2] ✅ Spawned in world at (-237.30738523195132, 47.043199996948246, -137.89553762573604)
[patricia2] Connecting to Brain at ws://localhost:8767
[patricia2] ✅ Brain connected
[patricia2] Brain command: registered
Error: write EPIPE
    at afterWriteDispatched (node:internal/stream_base_commons:159:15)
    at writeGeneric (node:internal/stream_base_commons:150:3)
    at Socket._writeGeneric (node:net:966:11)
    at Socket._write (node:net:978:8)
    at writeOrBuffer (node:internal/streams/writable:572:12)
    at _write (node:internal/streams/writable:501:10)
    at Writable.write (node:internal/streams/writable:510:10)
    at Framer.ondata (/root/.openclaw/workspace/node_modules/readable-stream/lib/internal/streams/readable.js:707:22)
    at Framer.emit (node:events:519:28)
    at addChunk (/root/.openclaw/workspace/node_modules/readable-stream/lib/internal/streams/readable.js:323:12) {
  errno: -32,
  code: 'EPIPE',
  syscall: 'write'
}
[patricia2] Error: write EPIPE
[patricia2] Disconnected
[patricia2] Starting autonomous agent...
[patricia2] Waiting for spawn...
[patricia2] ✅ Spawned in world at (-237.30738523195132, 47, -137.5)
[patricia2] Connecting to Brain at ws://localhost:8767
[patricia2] ✅ Brain connected
Error: write ECONNRESET
    at afterWriteDispatched (node:internal/stream_base_commons:159:15)
    at writeGeneric (node:internal/stream_base_commons:150:3)
    at Socket._writeGeneric (node:net:966:11)
    at Socket._write (node:net:978:8)
    at writeOrBuffer (node:internal/streams/writable:572:12)
    at _write (node:internal/streams/writable:501:10)
    at Writable.write (node:internal/streams/writable:510:10)
    at Framer.ondata (/root/.openclaw/workspace/node_modules/readable-stream/lib/internal/streams/readable.js:707:22)
    at Framer.emit (node:events:519:28)
    at addChunk (/root/.openclaw/workspace/node_modules/readable-stream/lib/internal/streams/readable.js:323:12) {
  errno: -104,
  code: 'ECONNRESET',
  syscall: 'write'
}
[patricia2] Error: write ECONNRESET
[patricia2] Disconnected
[patricia2] Starting autonomous agent...
[patricia2] Waiting for spawn...
[patricia2] Disconnected
[patricia2] Starting autonomous agent...
[patricia2] Waiting for spawn...
[patricia2] Disconnected
[patricia2] Starting autonomous agent...
[patricia2] Waiting for spawn...
[patricia2] Chat: chelios: Agent chelios online!
[patricia2] Chat: patricia: Agent patricia online!
[patricia2] ✅ Spawned in world at (-237.30738523195132, 47, -137.5)
[patricia2] Connecting to Brain at ws://localhost:8767
[patricia2] ✅ Brain connected
[patricia2] Brain command: registered
Error: write EPIPE
    at afterWriteDispatched (node:internal/stream_base_commons:159:15)
    at writeGeneric (node:internal/stream_base_commons:150:3)
    at Socket._writeGeneric (node:net:966:11)
    at Socket._write (node:net:978:8)
    at writeOrBuffer (node:internal/streams/writable:572:12)
    at _write (node:internal/streams/writable:501:10)
    at Writable.write (node:internal/streams/writable:510:10)
    at Framer.ondata (/root/.openclaw/workspace/node_modules/readable-stream/lib/internal/streams/readable.js:707:22)
    at Framer.emit (node:events:519:28)
    at addChunk (/root/.openclaw/workspace/node_modules/readable-stream/lib/internal/streams/readable.js:323:12) {
  errno: -32,
  code: 'EPIPE',
  syscall: 'write'
}
[patricia2] Error: write EPIPE
[patricia2] Disconnected
[patricia2] Starting autonomous agent...
[patricia2] Waiting for spawn...
[patricia2] ✅ Spawned in world at (-237.80979697959873, 46, -138.69468635969173)
[patricia2] Connecting to Brain at ws://localhost:8767
[patricia2] ✅ Brain connected
[patricia2] Brain command: registered
Error: write EPIPE
    at afterWriteDispatched (node:internal/stream_base_commons:159:15)
    at writeGeneric (node:internal/stream_base_commons:150:3)
    at Socket._writeGeneric (node:net:966:11)
    at Socket._write (node:net:978:8)
    at writeOrBuffer (node:internal/streams/writable:572:12)
    at _write (node:internal/streams/writable:501:10)
    at Writable.write (node:internal/streams/writable:510:10)
    at Framer.ondata (/root/.openclaw/workspace/node_modules/readable-stream/lib/internal/streams/readable.js:707:22)
    at Framer.emit (node:events:519:28)
    at addChunk (/root/.openclaw/workspace/node_modules/readable-stream/lib/internal/streams/readable.js:323:12) {
  errno: -32,
  code: 'EPIPE',
  syscall: 'write'
}
[patricia2] Error: write EPIPE
[patricia2] Disconnected
[patricia2] Starting autonomous agent...
[patricia2] Waiting for spawn...
[patricia2] ✅ Spawned in world at (-238.8236505244326, 45, -133.59001139371702)
[patricia2] Connecting to Brain at ws://localhost:8767
[patricia2] ✅ Brain connected
[patricia2] Brain command: registered
Error: write EPIPE
    at afterWriteDispatched (node:internal/stream_base_commons:159:15)
    at writeGeneric (node:internal/stream_base_commons:150:3)
    at Socket._writeGeneric (node:net:966:11)
    at Socket._write (node:net:978:8)
    at writeOrBuffer (node:internal/streams/writable:572:12)
    at _write (node:internal/streams/writable:501:10)
    at Writable.write (node:internal/streams/writable:510:10)
    at Framer.ondata (/root/.openclaw/workspace/node_modules/readable-stream/lib/internal/streams/readable.js:707:22)
    at Framer.emit (node:events:519:28)
    at addChunk (/root/.openclaw/workspace/node_modules/readable-stream/lib/internal/streams/readable.js:323:12) {
  errno: -32,
  code: 'EPIPE',
  syscall: 'write'
}
[patricia2] Error: write EPIPE
[patricia2] Disconnected
[patricia2] Starting autonomous agent...
[patricia2] Waiting for spawn...
[patricia2] Disconnected
[patricia2] Starting autonomous agent...
[patricia2] Waiting for spawn...
[patricia2] Disconnected
[patricia2] Starting autonomous agent...
[patricia2] Waiting for spawn...
[patricia2] ✅ Spawned in world at (-237.5, 45, -133.46552853479633)
[patricia2] Connecting to Brain at ws://localhost:8767
[patricia2] ✅ Brain connected
[patricia2] Brain command: registered
Error: client timed out after 30000 milliseconds
    at Timeout._onTimeout (/root/.openclaw/workspace/node_modules/minecraft-protocol/src/client/keepalive.js:18:28)
    at listOnTimeout (node:internal/timers:585:17)
    at process.processTimers (node:internal/timers:521:7)
[patricia2] Error: client timed out after 30000 milliseconds
[patricia2] Disconnected
[patricia2] Starting autonomous agent...
[patricia2] Waiting for spawn...
[patricia2] Disconnected
[patricia2] Starting autonomous agent...
[patricia2] Waiting for spawn...
[patricia2] Disconnected
[patricia2] Starting autonomous agent...
[patricia2] Waiting for spawn...
[patricia2] ✅ Spawned in world at (-253.59702767116644, 41, -134.7)
[patricia2] Connecting to Brain at ws://localhost:8767
[patricia2] ✅ Brain connected
[patricia2] Brain command: registered
Error: write EPIPE
    at afterWriteDispatched (node:internal/stream_base_commons:159:15)
    at writeGeneric (node:internal/stream_base_commons:150:3)
    at Socket._writeGeneric (node:net:966:11)
    at Socket._write (node:net:978:8)
    at writeOrBuffer (node:internal/streams/writable:572:12)
    at _write (node:internal/streams/writable:501:10)
    at Writable.write (node:internal/streams/writable:510:10)
    at Framer.ondata (/root/.openclaw/workspace/node_modules/readable-stream/lib/internal/streams/readable.js:707:22)
    at Framer.emit (node:events:519:28)
    at addChunk (/root/.openclaw/workspace/node_modules/readable-stream/lib/internal/streams/readable.js:323:12) {
  errno: -32,
  code: 'EPIPE',
  syscall: 'write'
}
[patricia2] Error: write EPIPE
[patricia2] Disconnected
[patricia2] Starting autonomous agent...
[patricia2] Waiting for spawn...
[patricia2] Disconnected
[patricia2] Starting autonomous agent...
[patricia2] Waiting for spawn...
[patricia2] ✅ Spawned in world at (-252.3737241506984, 42, -127.58440540831239)
[patricia2] Connecting to Brain at ws://localhost:8767
[patricia2] ✅ Brain connected
[patricia2] Brain command: registered
Error: write EPIPE
    at afterWriteDispatched (node:internal/stream_base_commons:159:15)
    at writeGeneric (node:internal/stream_base_commons:150:3)
    at Socket._writeGeneric (node:net:966:11)
    at Socket._write (node:net:978:8)
    at writeOrBuffer (node:internal/streams/writable:572:12)
    at _write (node:internal/streams/writable:501:10)
    at Writable.write (node:internal/streams/writable:510:10)
    at Framer.ondata (/root/.openclaw/workspace/node_modules/readable-stream/lib/internal/streams/readable.js:707:22)
    at Framer.emit (node:events:519:28)
    at addChunk (/root/.openclaw/workspace/node_modules/readable-stream/lib/internal/streams/readable.js:323:12) {
  errno: -32,
  code: 'EPIPE',
  syscall: 'write'
}
[patricia2] Error: write EPIPE
[patricia2] Disconnected
[patricia2] Starting autonomous agent...
[patricia2] Waiting for spawn...
Error: write ECONNRESET
    at afterWriteDispatched (node:internal/stream_base_commons:159:15)
    at writeGeneric (node:internal/stream_base_commons:150:3)
    at Socket._writeGeneric (node:net:966:11)
    at Socket._write (node:net:978:8)
    at writeOrBuffer (node:internal/streams/writable:572:12)
    at _write (node:internal/streams/writable:501:10)
    at Writable.write (node:internal/streams/writable:510:10)
    at Framer.ondata (/root/.openclaw/workspace/node_modules/readable-stream/lib/internal/streams/readable.js:707:22)
    at Framer.emit (node:events:519:28)
    at addChunk (/root/.openclaw/workspace/node_modules/readable-stream/lib/internal/streams/readable.js:323:12) {
  errno: -104,
  code: 'ECONNRESET',
  syscall: 'write'
}
[patricia2] Error: write ECONNRESET
[patricia2] Disconnected
[patricia2] Starting autonomous agent...
[patricia2] Waiting for spawn...
[patricia2] ✅ Spawned in world at (-252.3737241506984, 42, -127.58440540831239)
[patricia2] Connecting to Brain at ws://localhost:8767
[patricia2] ✅ Brain connected
[patricia2] Brain command: registered
Error: write EPIPE
    at afterWriteDispatched (node:internal/stream_base_commons:159:15)
    at writeGeneric (node:internal/stream_base_commons:150:3)
    at Socket._writeGeneric (node:net:966:11)
    at Socket._write (node:net:978:8)
    at writeOrBuffer (node:internal/streams/writable:572:12)
    at _write (node:internal/streams/writable:501:10)
    at Writable.write (node:internal/streams/writable:510:10)
    at Framer.ondata (/root/.openclaw/workspace/node_modules/readable-stream/lib/internal/streams/readable.js:707:22)
    at Framer.emit (node:events:519:28)
    at addChunk (/root/.openclaw/workspace/node_modules/readable-stream/lib/internal/streams/readable.js:323:12) {
  errno: -32,
  code: 'EPIPE',
  syscall: 'write'
}
[patricia2] Error: write EPIPE
[patricia2] Disconnected
[patricia2] Starting autonomous agent...
[patricia2] Waiting for spawn...
[patricia2] Disconnected
[patricia2] Starting autonomous agent...
[patricia2] Waiting for spawn...
[patricia2] Disconnected
[patricia2] Starting autonomous agent...
[patricia2] Waiting for spawn...
[patricia2] ✅ Spawned in world at (-254.33745290590278, 42, -132.23439653944098)
[patricia2] Connecting to Brain at ws://localhost:8767
[patricia2] ✅ Brain connected
[patricia2] Brain command: registered
Error: write EPIPE
    at afterWriteDispatched (node:internal/stream_base_commons:159:15)
    at writeGeneric (node:internal/stream_base_commons:150:3)
    at Socket._writeGeneric (node:net:966:11)
    at Socket._write (node:net:978:8)
    at writeOrBuffer (node:internal/streams/writable:572:12)
    at _write (node:internal/streams/writable:501:10)
    at Writable.write (node:internal/streams/writable:510:10)
    at Framer.ondata (/root/.openclaw/workspace/node_modules/readable-stream/lib/internal/streams/readable.js:707:22)
    at Framer.emit (node:events:519:28)
    at addChunk (/root/.openclaw/workspace/node_modules/readable-stream/lib/internal/streams/readable.js:323:12) {
  errno: -32,
  code: 'EPIPE',
  syscall: 'write'
}
[patricia2] Error: write EPIPE
[patricia2] Disconnected
[patricia2] Starting autonomous agent...
[patricia2] Waiting for spawn...
[patricia2] Disconnected
[patricia2] Starting autonomous agent...
[patricia2] Waiting for spawn...
[patricia2] Disconnected
[patricia2] Starting autonomous agent...
[patricia2] Waiting for spawn...
[patricia2] ✅ Spawned in world at (-253.50058967070683, 42.668135985477925, -127.3)
[patricia2] Connecting to Brain at ws://localhost:8767
[patricia2] ✅ Brain connected
[patricia2] Brain command: registered
[patricia2] Chat: aurora: Agent aurora online!
Error: write EPIPE
    at afterWriteDispatched (node:internal/stream_base_commons:159:15)
    at writeGeneric (node:internal/stream_base_commons:150:3)
    at Socket._writeGeneric (node:net:966:11)
    at Socket._write (node:net:978:8)
    at writeOrBuffer (node:internal/streams/writable:572:12)
    at _write (node:internal/streams/writable:501:10)
    at Writable.write (node:internal/streams/writable:510:10)
    at Framer.ondata (/root/.openclaw/workspace/node_modules/readable-stream/lib/internal/streams/readable.js:707:22)
    at Framer.emit (node:events:519:28)
    at addChunk (/root/.openclaw/workspace/node_modules/readable-stream/lib/internal/streams/readable.js:323:12) {
  errno: -32,
  code: 'EPIPE',
  syscall: 'write'
}
[patricia2] Error: write EPIPE
[patricia2] Disconnected
[patricia2] Starting autonomous agent...
[patricia2] Waiting for spawn...
[patricia2] ✅ Spawned in world at (-256.4100864576658, 42.91797326234727, -122.39656627630819)
[patricia2] Connecting to Brain at ws://localhost:8767
[patricia2] ✅ Brain connected
[patricia2] Brain command: registered
Error: write EPIPE
    at afterWriteDispatched (node:internal/stream_base_commons:159:15)
    at writeGeneric (node:internal/stream_base_commons:150:3)
    at Socket._writeGeneric (node:net:966:11)
    at Socket._write (node:net:978:8)
    at writeOrBuffer (node:internal/streams/writable:572:12)
    at _write (node:internal/streams/writable:501:10)
    at Writable.write (node:internal/streams/writable:510:10)
    at Framer.ondata (/root/.openclaw/workspace/node_modules/readable-stream/lib/internal/streams/readable.js:707:22)
    at Framer.emit (node:events:519:28)
    at addChunk (/root/.openclaw/workspace/node_modules/readable-stream/lib/internal/streams/readable.js:323:12) {
  errno: -32,
  code: 'EPIPE',
  syscall: 'write'
}
[patricia2] Error: write EPIPE
[patricia2] Disconnected
[patricia2] Starting autonomous agent...
[patricia2] Waiting for spawn...
[patricia2] ✅ Spawned in world at (-259.4999949852007, 41, -124.44153246082335)
[patricia2] Connecting to Brain at ws://localhost:8767
[patricia2] ✅ Brain connected
[patricia2] Brain command: registered
Error: write EPIPE
    at afterWriteDispatched (node:internal/stream_base_commons:159:15)
    at writeGeneric (node:internal/stream_base_commons:150:3)
    at Socket._writeGeneric (node:net:966:11)
    at Socket._write (node:net:978:8)
    at writeOrBuffer (node:internal/streams/writable:572:12)
    at _write (node:internal/streams/writable:501:10)
    at Writable.write (node:internal/streams/writable:510:10)
    at Framer.ondata (/root/.openclaw/workspace/node_modules/readable-stream/lib/internal/streams/readable.js:707:22)
    at Framer.emit (node:events:519:28)
    at addChunk (/root/.openclaw/workspace/node_modules/readable-stream/lib/internal/streams/readable.js:323:12) {
  errno: -32,
  code: 'EPIPE',
  syscall: 'write'
}
[patricia2] Error: write EPIPE
[patricia2] Disconnected
[patricia2] Starting autonomous agent...
[patricia2] Waiting for spawn...
[patricia2] Disconnected
[patricia2] Starting autonomous agent...
[patricia2] Waiting for spawn...
[patricia2] ✅ Spawned in world at (-257.3, 41.668135985477925, -122.55698968193005)
[patricia2] Connecting to Brain at ws://localhost:8767
[patricia2] ✅ Brain connected
[patricia2] Brain command: registered
Error: write EPIPE
    at afterWriteDispatched (node:internal/stream_base_commons:159:15)
    at writeGeneric (node:internal/stream_base_commons:150:3)
    at Socket._writeGeneric (node:net:966:11)
    at Socket._write (node:net:978:8)
    at writeOrBuffer (node:internal/streams/writable:572:12)
    at _write (node:internal/streams/writable:501:10)
    at Writable.write (node:internal/streams/writable:510:10)
    at Framer.ondata (/root/.openclaw/workspace/node_modules/readable-stream/lib/internal/streams/readable.js:707:22)
    at Framer.emit (node:events:519:28)
    at addChunk (/root/.openclaw/workspace/node_modules/readable-stream/lib/internal/streams/readable.js:323:12) {
  errno: -32,
  code: 'EPIPE',
  syscall: 'write'
}
[patricia2] Error: write EPIPE
[patricia2] Disconnected
[patricia2] Starting autonomous agent...
[patricia2] Waiting for spawn...
[patricia2] ✅ Spawned in world at (-257.3, 41, -122.55698968193005)
[patricia2] Connecting to Brain at ws://localhost:8767
[patricia2] ✅ Brain connected
[patricia2] Brain command: registered
Error: write EPIPE
    at afterWriteDispatched (node:internal/stream_base_commons:159:15)
    at writeGeneric (node:internal/stream_base_commons:150:3)
    at Socket._writeGeneric (node:net:966:11)
    at Socket._write (node:net:978:8)
    at writeOrBuffer (node:internal/streams/writable:572:12)
    at _write (node:internal/streams/writable:501:10)
    at Writable.write (node:internal/streams/writable:510:10)
    at Framer.ondata (/root/.openclaw/workspace/node_modules/readable-stream/lib/internal/streams/readable.js:707:22)
    at Framer.emit (node:events:519:28)
    at addChunk (/root/.openclaw/workspace/node_modules/readable-stream/lib/internal/streams/readable.js:323:12) {
  errno: -32,
  code: 'EPIPE',
  syscall: 'write'
}
[patricia2] Error: write EPIPE
[patricia2] Disconnected
[patricia2] Starting autonomous agent...
[patricia2] Waiting for spawn...
[patricia2] ✅ Spawned in world at (-255.490283070943, 42.8447679954834, -121.62739021477059)
[patricia2] Connecting to Brain at ws://localhost:8767
[patricia2] ✅ Brain connected
[patricia2] Brain command: registered
[patricia2] Chat: chelios2: Agent chelios2 online!
Error: write EPIPE
    at afterWriteDispatched (node:internal/stream_base_commons:159:15)
    at writeGeneric (node:internal/stream_base_commons:150:3)
    at Socket._writeGeneric (node:net:966:11)
    at Socket._write (node:net:978:8)
    at writeOrBuffer (node:internal/streams/writable:572:12)
    at _write (node:internal/streams/writable:501:10)
    at Writable.write (node:internal/streams/writable:510:10)
    at Framer.ondata (/root/.openclaw/workspace/node_modules/readable-stream/lib/internal/streams/readable.js:707:22)
    at Framer.emit (node:events:519:28)
    at addChunk (/root/.openclaw/workspace/node_modules/readable-stream/lib/internal/streams/readable.js:323:12) {
  errno: -32,
  code: 'EPIPE',
  syscall: 'write'
}
[patricia2] Error: write EPIPE
[patricia2] Disconnected
[patricia2] Starting autonomous agent...
[patricia2] Waiting for spawn...
[patricia2] Disconnected
[patricia2] Starting autonomous agent...
[patricia2] Waiting for spawn...
[patricia2] ✅ Spawned in world at (-246.48433256188312, 43, -128.5)
[patricia2] Connecting to Brain at ws://localhost:8767
[patricia2] ✅ Brain connected
[patricia2] Brain command: registered
[patricia2] Chat: chelios: Agent chelios online!
Error: write ECONNRESET
    at afterWriteDispatched (node:internal/stream_base_commons:159:15)
    at writeGeneric (node:internal/stream_base_commons:150:3)
    at Socket._writeGeneric (node:net:966:11)
    at Socket._write (node:net:978:8)
    at writeOrBuffer (node:internal/streams/writable:572:12)
    at _write (node:internal/streams/writable:501:10)
    at Writable.write (node:internal/streams/writable:510:10)
    at Framer.ondata (/root/.openclaw/workspace/node_modules/readable-stream/lib/internal/streams/readable.js:707:22)
    at Framer.emit (node:events:519:28)
    at addChunk (/root/.openclaw/workspace/node_modules/readable-stream/lib/internal/streams/readable.js:323:12) {
  errno: -104,
  code: 'ECONNRESET',
  syscall: 'write'
}
[patricia2] Error: write ECONNRESET
[patricia2] Disconnected
[patricia2] Starting autonomous agent...
[patricia2] Waiting for spawn...
[patricia2] ✅ Spawned in world at (-255.4004817696546, 42, -121.66519708309)
[patricia2] Connecting to Brain at ws://localhost:8767
[patricia2] ✅ Brain connected
[patricia2] Brain command: registered
Error: write EPIPE
    at afterWriteDispatched (node:internal/stream_base_commons:159:15)
    at writeGeneric (node:internal/stream_base_commons:150:3)
    at Socket._writeGeneric (node:net:966:11)
    at Socket._write (node:net:978:8)
    at writeOrBuffer (node:internal/streams/writable:572:12)
    at _write (node:internal/streams/writable:501:10)
    at Writable.write (node:internal/streams/writable:510:10)
    at Framer.ondata (/root/.openclaw/workspace/node_modules/readable-stream/lib/internal/streams/readable.js:707:22)
    at Framer.emit (node:events:519:28)
    at addChunk (/root/.openclaw/workspace/node_modules/readable-stream/lib/internal/streams/readable.js:323:12) {
  errno: -32,
  code: 'EPIPE',
  syscall: 'write'
}
[patricia2] Error: write EPIPE
[patricia2] Disconnected
[patricia2] Starting autonomous agent...
[patricia2] Waiting for spawn...
[patricia2] ✅ Spawned in world at (-246.48433255531273, 43, -128.5)
[patricia2] Connecting to Brain at ws://localhost:8767
[patricia2] ✅ Brain connected
[patricia2] Brain command: registered
[patricia2] Chat: forge2: Agent forge2 online!
Error: client timed out after 30000 milliseconds
    at Timeout._onTimeout (/root/.openclaw/workspace/node_modules/minecraft-protocol/src/client/keepalive.js:18:28)
    at listOnTimeout (node:internal/timers:585:17)
    at process.processTimers (node:internal/timers:521:7)
[patricia2] Error: client timed out after 30000 milliseconds
[patricia2] Disconnected
[patricia2] Starting autonomous agent...
[patricia2] Waiting for spawn...
[patricia2] ✅ Spawned in world at (-253.49000148649895, 43, -129.1511736428495)
[patricia2] Connecting to Brain at ws://localhost:8767
[patricia2] ✅ Brain connected
[patricia2] Brain command: registered
Error: write EPIPE
    at afterWriteDispatched (node:internal/stream_base_commons:159:15)
    at writeGeneric (node:internal/stream_base_commons:150:3)
    at Socket._writeGeneric (node:net:966:11)
    at Socket._write (node:net:978:8)
    at writeOrBuffer (node:internal/streams/writable:572:12)
    at _write (node:internal/streams/writable:501:10)
    at Writable.write (node:internal/streams/writable:510:10)
    at Framer.ondata (/root/.openclaw/workspace/node_modules/readable-stream/lib/internal/streams/readable.js:707:22)
    at Framer.emit (node:events:519:28)
    at addChunk (/root/.openclaw/workspace/node_modules/readable-stream/lib/internal/streams/readable.js:323:12) {
  errno: -32,
  code: 'EPIPE',
  syscall: 'write'
}
[patricia2] Error: write EPIPE
[patricia2] Disconnected
[patricia2] Starting autonomous agent...
[patricia2] Waiting for spawn...
[patricia2] Disconnected
[patricia2] Starting autonomous agent...
[patricia2] Waiting for spawn...
[patricia2] ✅ Spawned in world at (-258.5, 42, -122.46447629023905)
[patricia2] Connecting to Brain at ws://localhost:8767
[patricia2] ✅ Brain connected
[patricia2] Brain command: registered
Error: write EPIPE
    at afterWriteDispatched (node:internal/stream_base_commons:159:15)
    at writeGeneric (node:internal/stream_base_commons:150:3)
    at Socket._writeGeneric (node:net:966:11)
    at Socket._write (node:net:978:8)
    at writeOrBuffer (node:internal/streams/writable:572:12)
    at _write (node:internal/streams/writable:501:10)
    at Writable.write (node:internal/streams/writable:510:10)
    at Framer.ondata (/root/.openclaw/workspace/node_modules/readable-stream/lib/internal/streams/readable.js:707:22)
    at Framer.emit (node:events:519:28)
    at addChunk (/root/.openclaw/workspace/node_modules/readable-stream/lib/internal/streams/readable.js:323:12) {
  errno: -32,
  code: 'EPIPE',
  syscall: 'write'
}
[patricia2] Error: write EPIPE
[patricia2] Disconnected
[patricia2] Starting autonomous agent...
[patricia2] Waiting for spawn...
[patricia2] ✅ Spawned in world at (-260.50004681145646, 42, -125.18607979718523)
[patricia2] Connecting to Brain at ws://localhost:8767
[patricia2] ✅ Brain connected
[patricia2] Brain command: registered
Error: write EPIPE
    at afterWriteDispatched (node:internal/stream_base_commons:159:15)
    at writeGeneric (node:internal/stream_base_commons:150:3)
    at Socket._writeGeneric (node:net:966:11)
    at Socket._write (node:net:978:8)
    at writeOrBuffer (node:internal/streams/writable:572:12)
    at _write (node:internal/streams/writable:501:10)
    at Writable.write (node:internal/streams/writable:510:10)
    at Framer.ondata (/root/.openclaw/workspace/node_modules/readable-stream/lib/internal/streams/readable.js:707:22)
    at Framer.emit (node:events:519:28)
    at addChunk (/root/.openclaw/workspace/node_modules/readable-stream/lib/internal/streams/readable.js:323:12) {
  errno: -32,
  code: 'EPIPE',
  syscall: 'write'
}
[patricia2] Error: write EPIPE
[patricia2] Disconnected
[patricia2] Starting autonomous agent...
[patricia2] Waiting for spawn...
[patricia2] Disconnected
[patricia2] Starting autonomous agent...
[patricia2] Waiting for spawn...
[patricia2] ✅ Spawned in world at (-261.50017363346956, 41.231523797587016, -126.34743030730623)
[patricia2] Connecting to Brain at ws://localhost:8767
[patricia2] ✅ Brain connected
[patricia2] Brain command: registered
Error: write EPIPE
    at afterWriteDispatched (node:internal/stream_base_commons:159:15)
    at writeGeneric (node:internal/stream_base_commons:150:3)
    at Socket._writeGeneric (node:net:966:11)
    at Socket._write (node:net:978:8)
    at writeOrBuffer (node:internal/streams/writable:572:12)
    at _write (node:internal/streams/writable:501:10)
    at Writable.write (node:internal/streams/writable:510:10)
    at Framer.ondata (/root/.openclaw/workspace/node_modules/readable-stream/lib/internal/streams/readable.js:707:22)
    at Framer.emit (node:events:519:28)
    at addChunk (/root/.openclaw/workspace/node_modules/readable-stream/lib/internal/streams/readable.js:323:12) {
  errno: -32,
  code: 'EPIPE',
  syscall: 'write'
}
[patricia2] Error: write EPIPE
[patricia2] Disconnected
[patricia2] Starting autonomous agent...
[patricia2] Waiting for spawn...
[patricia2] ✅ Spawned in world at (-262.5001736606125, 40, -128.4006982712086)
[patricia2] Connecting to Brain at ws://localhost:8767
[patricia2] ✅ Brain connected
[patricia2] Brain command: registered
Error: write EPIPE
    at afterWriteDispatched (node:internal/stream_base_commons:159:15)
    at writeGeneric (node:internal/stream_base_commons:150:3)
    at Socket._writeGeneric (node:net:966:11)
    at Socket._write (node:net:978:8)
    at writeOrBuffer (node:internal/streams/writable:572:12)
    at _write (node:internal/streams/writable:501:10)
    at Writable.write (node:internal/streams/writable:510:10)
    at Framer.ondata (/root/.openclaw/workspace/node_modules/readable-stream/lib/internal/streams/readable.js:707:22)
    at Framer.emit (node:events:519:28)
    at addChunk (/root/.openclaw/workspace/node_modules/readable-stream/lib/internal/streams/readable.js:323:12) {
  errno: -32,
  code: 'EPIPE',
  syscall: 'write'
}
[patricia2] Error: write EPIPE
[patricia2] Disconnected
[patricia2] Starting autonomous agent...
[patricia2] Waiting for spawn...
[patricia2] Disconnected
[patricia2] Starting autonomous agent...
[patricia2] Waiting for spawn...
[patricia2] ✅ Spawned in world at (-261.4712971010716, 41, -126.3)
[patricia2] Connecting to Brain at ws://localhost:8767
[patricia2] ✅ Brain connected
[patricia2] Brain command: registered
Error: write EPIPE
    at afterWriteDispatched (node:internal/stream_base_commons:159:15)
    at writeGeneric (node:internal/stream_base_commons:150:3)
    at Socket._writeGeneric (node:net:966:11)
    at Socket._write (node:net:978:8)
    at writeOrBuffer (node:internal/streams/writable:572:12)
    at _write (node:internal/streams/writable:501:10)
    at Writable.write (node:internal/streams/writable:510:10)
    at Framer.ondata (/root/.openclaw/workspace/node_modules/readable-stream/lib/internal/streams/readable.js:707:22)
    at Framer.emit (node:events:519:28)
    at addChunk (/root/.openclaw/workspace/node_modules/readable-stream/lib/internal/streams/readable.js:323:12) {
  errno: -32,
  code: 'EPIPE',
  syscall: 'write'
}
[patricia2] Error: write EPIPE
[patricia2] Disconnected
[patricia2] Starting autonomous agent...
[patricia2] Waiting for spawn...
[patricia2] ✅ Spawned in world at (-256.8870637014836, 42.043199996948246, -122.48355281417062)
[patricia2] Connecting to Brain at ws://localhost:8767
[patricia2] ✅ Brain connected
[patricia2] Brain command: registered
[patricia2] Starting autonomous agent...
[patricia2] Waiting for spawn...
[patricia2] Disconnected
[patricia2] Chat: aurora: Agent aurora online!
[patricia2] Chat: chelios: Agent chelios online!
[patricia2] Chat: forge: Agent forge online!
[patricia2] Chat: chelios2: Agent chelios2 online!
[patricia2] Chat: patricia: Agent patricia online!
[patricia2] Chat: forge2: Agent forge2 online!
Error: client timed out after 30000 milliseconds
    at Timeout._onTimeout (/root/.openclaw/workspace/node_modules/minecraft-protocol/src/client/keepalive.js:18:28)
    at listOnTimeout (node:internal/timers:585:17)
    at process.processTimers (node:internal/timers:521:7)
[patricia2] Error: client timed out after 30000 milliseconds
[patricia2] Disconnected
[patricia2] Starting autonomous agent...
[patricia2] Waiting for spawn...
[patricia2] ✅ Spawned in world at (-289.88089106897127, 40, -113.69286695222276)
[patricia2] Connecting to Brain at ws://localhost:8767
[patricia2] ✅ Brain connected
[patricia2] Brain command: registered
Error: write ECONNRESET
    at afterWriteDispatched (node:internal/stream_base_commons:159:15)
    at writeGeneric (node:internal/stream_base_commons:150:3)
    at Socket._writeGeneric (node:net:966:11)
    at Socket._write (node:net:978:8)
    at writeOrBuffer (node:internal/streams/writable:572:12)
    at _write (node:internal/streams/writable:501:10)
    at Writable.write (node:internal/streams/writable:510:10)
    at Framer.ondata (/root/.openclaw/workspace/node_modules/readable-stream/lib/internal/streams/readable.js:707:22)
    at Framer.emit (node:events:519:28)
    at addChunk (/root/.openclaw/workspace/node_modules/readable-stream/lib/internal/streams/readable.js:323:12) {
  errno: -104,
  code: 'ECONNRESET',
  syscall: 'write'
}
[patricia2] Error: write ECONNRESET
[patricia2] Disconnected
[patricia2] Starting autonomous agent...
[patricia2] Waiting for spawn...
[patricia2] ✅ Spawned in world at (-291.3111638877384, 40, -113.51794319028507)
[patricia2] Connecting to Brain at ws://localhost:8767
[patricia2] ✅ Brain connected
[patricia2] Brain command: registered
Error: write EPIPE
    at afterWriteDispatched (node:internal/stream_base_commons:159:15)
    at writeGeneric (node:internal/stream_base_commons:150:3)
    at Socket._writeGeneric (node:net:966:11)
    at Socket._write (node:net:978:8)
    at writeOrBuffer (node:internal/streams/writable:572:12)
    at _write (node:internal/streams/writable:501:10)
    at Writable.write (node:internal/streams/writable:510:10)
    at Framer.ondata (/root/.openclaw/workspace/node_modules/readable-stream/lib/internal/streams/readable.js:707:22)
    at Framer.emit (node:events:519:28)
    at addChunk (/root/.openclaw/workspace/node_modules/readable-stream/lib/internal/streams/readable.js:323:12) {
  errno: -32,
  code: 'EPIPE',
  syscall: 'write'
}
[patricia2] Error: write EPIPE
[patricia2] Disconnected
[patricia2] Starting autonomous agent...
[patricia2] Waiting for spawn...
[patricia2] ✅ Spawned in world at (-290.50481026746604, 40, -116.39634409158437)
[patricia2] Connecting to Brain at ws://localhost:8767
[patricia2] ✅ Brain connected
[patricia2] Brain command: registered
Error: write EPIPE
    at afterWriteDispatched (node:internal/stream_base_commons:159:15)
    at writeGeneric (node:internal/stream_base_commons:150:3)
    at Socket._writeGeneric (node:net:966:11)
    at Socket._write (node:net:978:8)
    at writeOrBuffer (node:internal/streams/writable:572:12)
    at _write (node:internal/streams/writable:501:10)
    at Writable.write (node:internal/streams/writable:510:10)
    at Framer.ondata (/root/.openclaw/workspace/node_modules/readable-stream/lib/internal/streams/readable.js:707:22)
    at Framer.emit (node:events:519:28)
    at addChunk (/root/.openclaw/workspace/node_modules/readable-stream/lib/internal/streams/readable.js:323:12) {
  errno: -32,
  code: 'EPIPE',
  syscall: 'write'
}
[patricia2] Error: write EPIPE
[patricia2] Disconnected
[patricia2] Starting autonomous agent...
[patricia2] Waiting for spawn...
[patricia2] Chat: patricia: Agent patricia online!
[patricia2] ✅ Spawned in world at (-279.7, 40.7531999805212, -117.46139456291569)
[patricia2] Connecting to Brain at ws://localhost:8767
[patricia2] Chat: aurora: Agent aurora online!
[patricia2] ✅ Brain connected
[patricia2] Brain command: registered
Error: write EPIPE
    at afterWriteDispatched (node:internal/stream_base_commons:159:15)
    at writeGeneric (node:internal/stream_base_commons:150:3)
    at Socket._writeGeneric (node:net:966:11)
    at Socket._write (node:net:978:8)
    at writeOrBuffer (node:internal/streams/writable:572:12)
    at _write (node:internal/streams/writable:501:10)
    at Writable.write (node:internal/streams/writable:510:10)
    at Framer.ondata (/root/.openclaw/workspace/node_modules/readable-stream/lib/internal/streams/readable.js:707:22)
    at Framer.emit (node:events:519:28)
    at addChunk (/root/.openclaw/workspace/node_modules/readable-stream/lib/internal/streams/readable.js:323:12) {
  errno: -32,
  code: 'EPIPE',
  syscall: 'write'
}
[patricia2] Error: write EPIPE
[patricia2] Disconnected
[patricia2] Starting autonomous agent...
[patricia2] Waiting for spawn...
[patricia2] ✅ Spawned in world at (-280.7971997548704, 42, -117.81017457853686)
[patricia2] Connecting to Brain at ws://localhost:8767
[patricia2] ✅ Brain connected
[patricia2] Brain command: registered
Error: write ECONNRESET
    at afterWriteDispatched (node:internal/stream_base_commons:159:15)
    at writeGeneric (node:internal/stream_base_commons:150:3)
    at Socket._writeGeneric (node:net:966:11)
    at Socket._write (node:net:978:8)
    at writeOrBuffer (node:internal/streams/writable:572:12)
    at _write (node:internal/streams/writable:501:10)
    at Writable.write (node:internal/streams/writable:510:10)
    at Framer.ondata (/root/.openclaw/workspace/node_modules/readable-stream/lib/internal/streams/readable.js:707:22)
    at Framer.emit (node:events:519:28)
    at addChunk (/root/.openclaw/workspace/node_modules/readable-stream/lib/internal/streams/readable.js:323:12) {
  errno: -104,
  code: 'ECONNRESET',
  syscall: 'write'
}
[patricia2] Error: write ECONNRESET
[patricia2] Disconnected
[patricia2] Starting autonomous agent...
[patricia2] Waiting for spawn...
[patricia2] ✅ Spawned in world at (-282.7, 41, -124.19949275093973)
[patricia2] Connecting to Brain at ws://localhost:8767
[patricia2] ✅ Brain connected
[patricia2] Brain command: registered
[patricia2] Chat: forge2: Agent forge2 online!
Error: write EPIPE
    at afterWriteDispatched (node:internal/stream_base_commons:159:15)
    at writeGeneric (node:internal/stream_base_commons:150:3)
    at Socket._writeGeneric (node:net:966:11)
    at Socket._write (node:net:978:8)
    at writeOrBuffer (node:internal/streams/writable:572:12)
    at _write (node:internal/streams/writable:501:10)
    at Writable.write (node:internal/streams/writable:510:10)
    at Framer.ondata (/root/.openclaw/workspace/node_modules/readable-stream/lib/internal/streams/readable.js:707:22)
    at Framer.emit (node:events:519:28)
    at addChunk (/root/.openclaw/workspace/node_modules/readable-stream/lib/internal/streams/readable.js:323:12) {
  errno: -32,
  code: 'EPIPE',
  syscall: 'write'
}
[patricia2] Error: write EPIPE
[patricia2] Disconnected
[patricia2] Starting autonomous agent...
[patricia2] Waiting for spawn...
[patricia2] ✅ Spawned in world at (-282.7, 41, -124.5)
[patricia2] Connecting to Brain at ws://localhost:8767
[patricia2] ✅ Brain connected
[patricia2] Brain command: registered
Error: write EPIPE
    at afterWriteDispatched (node:internal/stream_base_commons:159:15)
    at writeGeneric (node:internal/stream_base_commons:150:3)
    at Socket._writeGeneric (node:net:966:11)
    at Socket._write (node:net:978:8)
    at writeOrBuffer (node:internal/streams/writable:572:12)
    at _write (node:internal/streams/writable:501:10)
    at Writable.write (node:internal/streams/writable:510:10)
    at Framer.ondata (/root/.openclaw/workspace/node_modules/readable-stream/lib/internal/streams/readable.js:707:22)
    at Framer.emit (node:events:519:28)
    at addChunk (/root/.openclaw/workspace/node_modules/readable-stream/lib/internal/streams/readable.js:323:12) {
  errno: -32,
  code: 'EPIPE',
  syscall: 'write'
}
[patricia2] Error: write EPIPE
[patricia2] Disconnected
[patricia2] Starting autonomous agent...
[patricia2] Waiting for spawn...
[patricia2] ✅ Spawned in world at (-282.7, 41, -124.5)
[patricia2] Connecting to Brain at ws://localhost:8767
[patricia2] ✅ Brain connected
[patricia2] Brain command: registered
Error: write EPIPE
    at afterWriteDispatched (node:internal/stream_base_commons:159:15)
    at writeGeneric (node:internal/stream_base_commons:150:3)
    at Socket._writeGeneric (node:net:966:11)
    at Socket._write (node:net:978:8)
    at writeOrBuffer (node:internal/streams/writable:572:12)
    at _write (node:internal/streams/writable:501:10)
    at Writable.write (node:internal/streams/writable:510:10)
    at Framer.ondata (/root/.openclaw/workspace/node_modules/readable-stream/lib/internal/streams/readable.js:707:22)
    at Framer.emit (node:events:519:28)
    at addChunk (/root/.openclaw/workspace/node_modules/readable-stream/lib/internal/streams/readable.js:323:12) {
  errno: -32,
  code: 'EPIPE',
  syscall: 'write'
}
[patricia2] Error: write EPIPE
[patricia2] Disconnected
[patricia2] Starting autonomous agent...
[patricia2] Waiting for spawn...
[patricia2] ✅ Spawned in world at (-289.40951744879465, 39, -124.50005750015667)
[patricia2] Connecting to Brain at ws://localhost:8767
[patricia2] ✅ Brain connected
[patricia2] Brain command: registered
Error: write EPIPE
    at afterWriteDispatched (node:internal/stream_base_commons:159:15)
    at writeGeneric (node:internal/stream_base_commons:150:3)
    at Socket._writeGeneric (node:net:966:11)
    at Socket._write (node:net:978:8)
    at writeOrBuffer (node:internal/streams/writable:572:12)
    at _write (node:internal/streams/writable:501:10)
    at Writable.write (node:internal/streams/writable:510:10)
    at Framer.ondata (/root/.openclaw/workspace/node_modules/readable-stream/lib/internal/streams/readable.js:707:22)
    at Framer.emit (node:events:519:28)
    at addChunk (/root/.openclaw/workspace/node_modules/readable-stream/lib/internal/streams/readable.js:323:12) {
  errno: -32,
  code: 'EPIPE',
  syscall: 'write'
}
[patricia2] Error: write EPIPE
[patricia2] Disconnected
[patricia2] Starting autonomous agent...
[patricia2] Waiting for spawn...
[patricia2] ✅ Spawned in world at (-288.10664575132506, 39, -124.47613892175897)
[patricia2] Connecting to Brain at ws://localhost:8767
[patricia2] ✅ Brain connected
[patricia2] Brain command: registered
Error: write ECONNRESET
    at afterWriteDispatched (node:internal/stream_base_commons:159:15)
    at writeGeneric (node:internal/stream_base_commons:150:3)
    at Socket._writeGeneric (node:net:966:11)
    at Socket._write (node:net:978:8)
    at writeOrBuffer (node:internal/streams/writable:572:12)
    at _write (node:internal/streams/writable:501:10)
    at Writable.write (node:internal/streams/writable:510:10)
    at Framer.ondata (/root/.openclaw/workspace/node_modules/readable-stream/lib/internal/streams/readable.js:707:22)
    at Framer.emit (node:events:519:28)
    at addChunk (/root/.openclaw/workspace/node_modules/readable-stream/lib/internal/streams/readable.js:323:12) {
  errno: -104,
  code: 'ECONNRESET',
  syscall: 'write'
}
[patricia2] Error: write ECONNRESET
[patricia2] Disconnected
[patricia2] Starting autonomous agent...
[patricia2] Waiting for spawn...
[patricia2] ✅ Spawned in world at (-287.9716780411715, 39, -124.46947451654731)
[patricia2] Connecting to Brain at ws://localhost:8767
[patricia2] ✅ Brain connected
[patricia2] Brain command: registered
Error: write EPIPE
    at afterWriteDispatched (node:internal/stream_base_commons:159:15)
    at writeGeneric (node:internal/stream_base_commons:150:3)
    at Socket._writeGeneric (node:net:966:11)
    at Socket._write (node:net:978:8)
    at writeOrBuffer (node:internal/streams/writable:572:12)
    at _write (node:internal/streams/writable:501:10)
    at Writable.write (node:internal/streams/writable:510:10)
    at Framer.ondata (/root/.openclaw/workspace/node_modules/readable-stream/lib/internal/streams/readable.js:707:22)
    at Framer.emit (node:events:519:28)
    at addChunk (/root/.openclaw/workspace/node_modules/readable-stream/lib/internal/streams/readable.js:323:12) {
  errno: -32,
  code: 'EPIPE',
  syscall: 'write'
}
[patricia2] Error: write EPIPE
[patricia2] Disconnected
[patricia2] Starting autonomous agent...
[patricia2] Waiting for spawn...
[patricia2] Chat: patricia: Agent patricia online!
[patricia2] ✅ Spawned in world at (-282.5033465831286, 41.28637328030019, -120.3)
[patricia2] Connecting to Brain at ws://localhost:8767
[patricia2] ✅ Brain connected
[patricia2] Brain command: registered
[patricia2] Chat: forge: Agent forge online!
Error: write EPIPE
    at afterWriteDispatched (node:internal/stream_base_commons:159:15)
    at writeGeneric (node:internal/stream_base_commons:150:3)
    at Socket._writeGeneric (node:net:966:11)
    at Socket._write (node:net:978:8)
    at writeOrBuffer (node:internal/streams/writable:572:12)
    at _write (node:internal/streams/writable:501:10)
    at Writable.write (node:internal/streams/writable:510:10)
    at Framer.ondata (/root/.openclaw/workspace/node_modules/readable-stream/lib/internal/streams/readable.js:707:22)
    at Framer.emit (node:events:519:28)
    at addChunk (/root/.openclaw/workspace/node_modules/readable-stream/lib/internal/streams/readable.js:323:12) {
  errno: -32,
  code: 'EPIPE',
  syscall: 'write'
}
[patricia2] Error: write EPIPE
[patricia2] Disconnected
[patricia2] Starting autonomous agent...
[patricia2] Waiting for spawn...
AggregateError [ECONNREFUSED]: 
    at internalConnectMultiple (node:net:1134:18)
    at afterConnectMultiple (node:net:1715:7) {
  code: 'ECONNREFUSED',
  [errors]: [
    Error: connect ECONNREFUSED ::1:25565
        at createConnectionError (node:net:1678:14)
        at afterConnectMultiple (node:net:1708:16) {
      errno: -111,
      code: 'ECONNREFUSED',
      syscall: 'connect',
      address: '::1',
      port: 25565
    },
    Error: connect ECONNREFUSED 127.0.0.1:25565
        at createConnectionError (node:net:1678:14)
        at afterConnectMultiple (node:net:1708:16) {
      errno: -111,
      code: 'ECONNREFUSED',
      syscall: 'connect',
      address: '127.0.0.1',
      port: 25565
    }
  ]
}
[patricia2] Error: 
[patricia2] Disconnected
[patricia2] Starting autonomous agent...
[patricia2] Waiting for spawn...
[patricia2] Disconnected
[patricia2] Starting autonomous agent...
[patricia2] Waiting for spawn...
[patricia2] Disconnected
[patricia2] Starting autonomous agent...
[patricia2] Waiting for spawn...
[patricia2] ✅ Spawned in world at (-277.6415292288393, 42, -117.4961248458387)
[patricia2] Connecting to Brain at ws://localhost:8767
[patricia2] Chat: aurora: Agent aurora online!
[patricia2] ✅ Brain connected
[patricia2] Brain command: registered
Error: write EPIPE
    at afterWriteDispatched (node:internal/stream_base_commons:159:15)
    at writeGeneric (node:internal/stream_base_commons:150:3)
    at Socket._writeGeneric (node:net:966:11)
    at Socket._write (node:net:978:8)
    at writeOrBuffer (node:internal/streams/writable:572:12)
    at _write (node:internal/streams/writable:501:10)
    at Writable.write (node:internal/streams/writable:510:10)
    at Framer.ondata (/root/.openclaw/workspace/node_modules/readable-stream/lib/internal/streams/readable.js:707:22)
    at Framer.emit (node:events:519:28)
    at addChunk (/root/.openclaw/workspace/node_modules/readable-stream/lib/internal/streams/readable.js:323:12) {
  errno: -32,
  code: 'EPIPE',
  syscall: 'write'
}
[patricia2] Error: write EPIPE
[patricia2] Disconnected
[patricia2] Starting autonomous agent...
[patricia2] Waiting for spawn...
[patricia2] Disconnected
[patricia2] Starting autonomous agent...
[patricia2] Waiting for spawn...
AggregateError [ECONNREFUSED]: 
    at internalConnectMultiple (node:net:1134:18)
    at afterConnectMultiple (node:net:1715:7) {
  code: 'ECONNREFUSED',
  [errors]: [
    Error: connect ECONNREFUSED ::1:25565
        at createConnectionError (node:net:1678:14)
        at afterConnectMultiple (node:net:1708:16) {
      errno: -111,
      code: 'ECONNREFUSED',
      syscall: 'connect',
      address: '::1',
      port: 25565
    },
    Error: connect ECONNREFUSED 127.0.0.1:25565
        at createConnectionError (node:net:1678:14)
        at afterConnectMultiple (node:net:1708:16) {
      errno: -111,
      code: 'ECONNREFUSED',
      syscall: 'connect',
      address: '127.0.0.1',
      port: 25565
    }
  ]
}
[patricia2] Error: 
[patricia2] Disconnected
[patricia2] Starting autonomous agent...
[patricia2] Waiting for spawn...
AggregateError [ECONNREFUSED]: 
    at internalConnectMultiple (node:net:1134:18)
    at afterConnectMultiple (node:net:1715:7) {
  code: 'ECONNREFUSED',
  [errors]: [
    Error: connect ECONNREFUSED ::1:25565
        at createConnectionError (node:net:1678:14)
        at afterConnectMultiple (node:net:1708:16) {
      errno: -111,
      code: 'ECONNREFUSED',
      syscall: 'connect',
      address: '::1',
      port: 25565
    },
    Error: connect ECONNREFUSED 127.0.0.1:25565
        at createConnectionError (node:net:1678:14)
        at afterConnectMultiple (node:net:1708:16) {
      errno: -111,
      code: 'ECONNREFUSED',
      syscall: 'connect',
      address: '127.0.0.1',
      port: 25565
    }
  ]
}
[patricia2] Error: 
[patricia2] Disconnected
[patricia2] Starting autonomous agent...
[patricia2] Waiting for spawn...
[patricia2] Starting autonomous agent...
[patricia2] Waiting for spawn...
[patricia2] Disconnected
[patricia2] Disconnected
[patricia2] Starting autonomous agent...
[patricia2] Waiting for spawn...
[patricia2] Disconnected
[patricia2] Starting autonomous agent...
[patricia2] Waiting for spawn...
[patricia2] Disconnected
[patricia2] Starting autonomous agent...
[patricia2] Waiting for spawn...
[patricia2] Disconnected
[patricia2] Starting autonomous agent...
[patricia2] Waiting for spawn...
[patricia2] ✅ Spawned in world at (-277.6415292288393, 42, -117.4961248458387)
[patricia2] Connecting to Brain at ws://localhost:8767
[patricia2] Chat: chelios: Agent chelios online!
[patricia2] ✅ Brain connected
[patricia2] Brain command: registered
[patricia2] Chat: chelios2: Agent chelios2 online!
[patricia2] Chat: forge2: Agent forge2 online!
Error: client timed out after 30000 milliseconds
    at Timeout._onTimeout (/root/.openclaw/workspace/node_modules/minecraft-protocol/src/client/keepalive.js:18:28)
    at listOnTimeout (node:internal/timers:585:17)
    at process.processTimers (node:internal/timers:521:7)
[patricia2] Error: client timed out after 30000 milliseconds
[patricia2] Disconnected
[patricia2] Starting autonomous agent...
[patricia2] Waiting for spawn...
[patricia2] Chat: chelios: Agent chelios online!
[patricia2] ✅ Spawned in world at (-277.6415292288393, 42, -117.4961248458387)
[patricia2] Connecting to Brain at ws://localhost:8767
[patricia2] ✅ Brain connected
[patricia2] Brain command: registered
[patricia2] Chat: chelios2: Agent chelios2 online!
Error: client timed out after 30000 milliseconds
    at Timeout._onTimeout (/root/.openclaw/workspace/node_modules/minecraft-protocol/src/client/keepalive.js:18:28)
    at listOnTimeout (node:internal/timers:585:17)
    at process.processTimers (node:internal/timers:521:7)
[patricia2] Error: client timed out after 30000 milliseconds
[patricia2] Chat: forge2: Agent forge2 online!
[patricia2] Disconnected
[patricia2] Starting autonomous agent...
[patricia2] Waiting for spawn...
[patricia2] Chat: chelios2: Agent chelios2 online!
[patricia2] Chat: aurora: Agent aurora online!
[patricia2] ✅ Spawned in world at (-280.5, 41, -117.4987858229805)
[patricia2] Connecting to Brain at ws://localhost:8767
[patricia2] ✅ Brain connected
[patricia2] Brain command: registered
Error: client timed out after 30000 milliseconds
    at Timeout._onTimeout (/root/.openclaw/workspace/node_modules/minecraft-protocol/src/client/keepalive.js:18:28)
    at listOnTimeout (node:internal/timers:585:17)
    at process.processTimers (node:internal/timers:521:7)
[patricia2] Error: client timed out after 30000 milliseconds
[patricia2] Disconnected
[patricia2] Starting autonomous agent...
[patricia2] Waiting for spawn...
[patricia2] ✅ Spawned in world at (-292.40597434041297, 40, -113.49835359262032)
[patricia2] Connecting to Brain at ws://localhost:8767
[patricia2] ✅ Brain connected
[patricia2] Brain command: registered
[patricia2] Chat: forge2: Agent forge2 online!
Error: client timed out after 30000 milliseconds
    at Timeout._onTimeout (/root/.openclaw/workspace/node_modules/minecraft-protocol/src/client/keepalive.js:18:28)
    at listOnTimeout (node:internal/timers:585:17)
    at process.processTimers (node:internal/timers:521:7)
[patricia2] Error: client timed out after 30000 milliseconds
[patricia2] Disconnected
[patricia2] Starting autonomous agent...
[patricia2] Waiting for spawn...
[patricia2] ✅ Spawned in world at (-293.4899833360282, 40, -110.68527688347976)
[patricia2] Connecting to Brain at ws://localhost:8767
[patricia2] ✅ Brain connected
[patricia2] Brain command: registered
Error: write ECONNRESET
    at afterWriteDispatched (node:internal/stream_base_commons:159:15)
    at writeGeneric (node:internal/stream_base_commons:150:3)
    at Socket._writeGeneric (node:net:966:11)
    at Socket._write (node:net:978:8)
    at writeOrBuffer (node:internal/streams/writable:572:12)
    at _write (node:internal/streams/writable:501:10)
    at Writable.write (node:internal/streams/writable:510:10)
    at Framer.ondata (/root/.openclaw/workspace/node_modules/readable-stream/lib/internal/streams/readable.js:707:22)
    at Framer.emit (node:events:519:28)
    at addChunk (/root/.openclaw/workspace/node_modules/readable-stream/lib/internal/streams/readable.js:323:12) {
  errno: -104,
  code: 'ECONNRESET',
  syscall: 'write'
}
[patricia2] Error: write ECONNRESET
[patricia2] Disconnected
[patricia2] Starting autonomous agent...
[patricia2] Waiting for spawn...
[patricia2] ✅ Spawned in world at (-285.4397616149763, 40, -110.69086736669333)
[patricia2] Connecting to Brain at ws://localhost:8767
[patricia2] ✅ Brain connected
[patricia2] Brain command: registered
[patricia2] Chat: aurora: Agent aurora online!
Error: client timed out after 30000 milliseconds
    at Timeout._onTimeout (/root/.openclaw/workspace/node_modules/minecraft-protocol/src/client/keepalive.js:18:28)
    at listOnTimeout (node:internal/timers:585:17)
    at process.processTimers (node:internal/timers:521:7)
[patricia2] Error: client timed out after 30000 milliseconds
[patricia2] Disconnected
[patricia2] Starting autonomous agent...
[patricia2] Waiting for spawn...
[patricia2] Starting autonomous agent...
[patricia2] Chat: chelios2: Agent chelios2 online!
[patricia2] ✅ Spawned in world at (-302.6320971858095, 40, -131.5)
[patricia2] Connecting to Brain at ws://localhost:8767
[patricia2] ✅ Brain connected
[patricia2] Waiting for spawn...
[patricia2] Brain command: registered
[patricia2] Disconnected
Error: write EPIPE
    at afterWriteDispatched (node:internal/stream_base_commons:159:15)
    at writeGeneric (node:internal/stream_base_commons:150:3)
    at Socket._writeGeneric (node:net:966:11)
    at Socket._write (node:net:978:8)
    at writeOrBuffer (node:internal/streams/writable:572:12)
    at _write (node:internal/streams/writable:501:10)
    at Writable.write (node:internal/streams/writable:510:10)
    at Framer.ondata (/root/.openclaw/workspace/node_modules/readable-stream/lib/internal/streams/readable.js:707:22)
    at Framer.emit (node:events:519:28)
    at addChunk (/root/.openclaw/workspace/node_modules/readable-stream/lib/internal/streams/readable.js:323:12) {
  errno: -32,
  code: 'EPIPE',
  syscall: 'write'
}
[patricia2] Error: write EPIPE
[patricia2] Disconnected
[patricia2] Starting autonomous agent...
[patricia2] Waiting for spawn...
[patricia2] ✅ Spawned in world at (-302.6320971858095, 40, -131.5)
[patricia2] Connecting to Brain at ws://localhost:8767
[patricia2] Chat: chelios2: Agent chelios2 online!
[patricia2] ✅ Brain connected
[patricia2] Brain command: registered
Error: write ECONNRESET
    at afterWriteDispatched (node:internal/stream_base_commons:159:15)
    at writeGeneric (node:internal/stream_base_commons:150:3)
    at Socket._writeGeneric (node:net:966:11)
    at Socket._write (node:net:978:8)
    at writeOrBuffer (node:internal/streams/writable:572:12)
    at _write (node:internal/streams/writable:501:10)
    at Writable.write (node:internal/streams/writable:510:10)
    at Framer.ondata (/root/.openclaw/workspace/node_modules/readable-stream/lib/internal/streams/readable.js:707:22)
    at Framer.emit (node:events:519:28)
    at addChunk (/root/.openclaw/workspace/node_modules/readable-stream/lib/internal/streams/readable.js:323:12) {
  errno: -104,
  code: 'ECONNRESET',
  syscall: 'write'
}
[patricia2] Error: write ECONNRESET
[patricia2] Disconnected
[patricia2] Starting autonomous agent...
[patricia2] Waiting for spawn...
[patricia2] ✅ Spawned in world at (-304.0738938721481, 40, -129.4365236830947)
[patricia2] Connecting to Brain at ws://localhost:8767
[patricia2] ✅ Brain connected
[patricia2] Brain command: registered
Error: write EPIPE
    at afterWriteDispatched (node:internal/stream_base_commons:159:15)
    at writeGeneric (node:internal/stream_base_commons:150:3)
    at Socket._writeGeneric (node:net:966:11)
    at Socket._write (node:net:978:8)
    at writeOrBuffer (node:internal/streams/writable:572:12)
    at _write (node:internal/streams/writable:501:10)
    at Writable.write (node:internal/streams/writable:510:10)
    at Framer.ondata (/root/.openclaw/workspace/node_modules/readable-stream/lib/internal/streams/readable.js:707:22)
    at Framer.emit (node:events:519:28)
    at addChunk (/root/.openclaw/workspace/node_modules/readable-stream/lib/internal/streams/readable.js:323:12) {
  errno: -32,
  code: 'EPIPE',
  syscall: 'write'
}
[patricia2] Error: write EPIPE
[patricia2] Disconnected
[patricia2] Starting autonomous agent...
[patricia2] Waiting for spawn...
[patricia2] ✅ Spawned in world at (-304.0738938721481, 40, -129.4365236830947)
[patricia2] Connecting to Brain at ws://localhost:8767
[patricia2] ✅ Brain connected
[patricia2] Brain command: registered
Error: write EPIPE
    at afterWriteDispatched (node:internal/stream_base_commons:159:15)
    at writeGeneric (node:internal/stream_base_commons:150:3)
    at Socket._writeGeneric (node:net:966:11)
    at Socket._write (node:net:978:8)
    at writeOrBuffer (node:internal/streams/writable:572:12)
    at _write (node:internal/streams/writable:501:10)
    at Writable.write (node:internal/streams/writable:510:10)
    at Framer.ondata (/root/.openclaw/workspace/node_modules/readable-stream/lib/internal/streams/readable.js:707:22)
    at Framer.emit (node:events:519:28)
    at addChunk (/root/.openclaw/workspace/node_modules/readable-stream/lib/internal/streams/readable.js:323:12) {
  errno: -32,
  code: 'EPIPE',
  syscall: 'write'
}
[patricia2] Error: write EPIPE
[patricia2] Disconnected
[patricia2] Starting autonomous agent...
[patricia2] Waiting for spawn...
[patricia2] ✅ Spawned in world at (-304.0738938721481, 40, -129.4365236830947)
[patricia2] Connecting to Brain at ws://localhost:8767
[patricia2] ✅ Brain connected
[patricia2] Brain command: registered
[patricia2] Chat: chelios2: Agent chelios2 online!
[patricia2] Chat: forge2: Agent forge2 online!
Error: write EPIPE
    at afterWriteDispatched (node:internal/stream_base_commons:159:15)
    at writeGeneric (node:internal/stream_base_commons:150:3)
    at Socket._writeGeneric (node:net:966:11)
    at Socket._write (node:net:978:8)
    at writeOrBuffer (node:internal/streams/writable:572:12)
    at _write (node:internal/streams/writable:501:10)
    at Writable.write (node:internal/streams/writable:510:10)
    at Framer.ondata (/root/.openclaw/workspace/node_modules/readable-stream/lib/internal/streams/readable.js:707:22)
    at Framer.emit (node:events:519:28)
    at addChunk (/root/.openclaw/workspace/node_modules/readable-stream/lib/internal/streams/readable.js:323:12) {
  errno: -32,
  code: 'EPIPE',
  syscall: 'write'
}
[patricia2] Error: write EPIPE
[patricia2] Disconnected
[patricia2] Starting autonomous agent...
[patricia2] Waiting for spawn...
[patricia2] ✅ Spawned in world at (-304.0738938721481, 40, -129.4365236830947)
[patricia2] Connecting to Brain at ws://localhost:8767
[patricia2] ✅ Brain connected
[patricia2] Brain command: registered
Error: write EPIPE
    at afterWriteDispatched (node:internal/stream_base_commons:159:15)
    at writeGeneric (node:internal/stream_base_commons:150:3)
    at Socket._writeGeneric (node:net:966:11)
    at Socket._write (node:net:978:8)
    at writeOrBuffer (node:internal/streams/writable:572:12)
    at _write (node:internal/streams/writable:501:10)
    at Writable.write (node:internal/streams/writable:510:10)
    at Framer.ondata (/root/.openclaw/workspace/node_modules/readable-stream/lib/internal/streams/readable.js:707:22)
    at Framer.emit (node:events:519:28)
    at addChunk (/root/.openclaw/workspace/node_modules/readable-stream/lib/internal/streams/readable.js:323:12) {
  errno: -32,
  code: 'EPIPE',
  syscall: 'write'
}
[patricia2] Error: write EPIPE
[patricia2] Disconnected
[patricia2] Starting autonomous agent...
[patricia2] Waiting for spawn...
[patricia2] ✅ Spawned in world at (-304.0738938721481, 39.094567647522716, -129.4365236830947)
[patricia2] Connecting to Brain at ws://localhost:8767
[patricia2] ✅ Brain connected
[patricia2] Brain command: registered
[patricia2] Chat: chelios: Agent chelios online!
Error: write EPIPE
    at afterWriteDispatched (node:internal/stream_base_commons:159:15)
    at writeGeneric (node:internal/stream_base_commons:150:3)
    at Socket._writeGeneric (node:net:966:11)
    at Socket._write (node:net:978:8)
    at writeOrBuffer (node:internal/streams/writable:572:12)
    at _write (node:internal/streams/writable:501:10)
    at Writable.write (node:internal/streams/writable:510:10)
    at Framer.ondata (/root/.openclaw/workspace/node_modules/readable-stream/lib/internal/streams/readable.js:707:22)
    at Framer.emit (node:events:519:28)
    at addChunk (/root/.openclaw/workspace/node_modules/readable-stream/lib/internal/streams/readable.js:323:12) {
  errno: -32,
  code: 'EPIPE',
  syscall: 'write'
}
[patricia2] Error: write EPIPE
[patricia2] Disconnected
[patricia2] Starting autonomous agent...
[patricia2] Waiting for spawn...
[patricia2] Disconnected
[patricia2] Starting autonomous agent...
[patricia2] Waiting for spawn...
[patricia2] Disconnected
[patricia2] Starting autonomous agent...
[patricia2] Waiting for spawn...
[patricia2] ✅ Spawned in world at (-307.31497513858267, 39, -129.49922469977844)
[patricia2] Connecting to Brain at ws://localhost:8767
[patricia2] ✅ Brain connected
[patricia2] Chat: chelios: Agent chelios online!
[patricia2] Brain command: registered
[patricia2] Chat: forge2: Agent forge2 online!
Error: client timed out after 30000 milliseconds
    at Timeout._onTimeout (/root/.openclaw/workspace/node_modules/minecraft-protocol/src/client/keepalive.js:18:28)
    at listOnTimeout (node:internal/timers:585:17)
    at process.processTimers (node:internal/timers:521:7)
[patricia2] Error: client timed out after 30000 milliseconds
[patricia2] Disconnected
[patricia2] Starting autonomous agent...
[patricia2] Waiting for spawn...
[patricia2] Disconnected
[patricia2] Starting autonomous agent...
[patricia2] Waiting for spawn...
[patricia2] Chat: aurora: Agent aurora online!
[patricia2] ✅ Spawned in world at (-307.31497513858267, 39, -129.49922469977844)
[patricia2] Connecting to Brain at ws://localhost:8767
[patricia2] ✅ Brain connected
[patricia2] Brain command: registered
Error: write EPIPE
    at afterWriteDispatched (node:internal/stream_base_commons:159:15)
    at writeGeneric (node:internal/stream_base_commons:150:3)
    at Socket._writeGeneric (node:net:966:11)
    at Socket._write (node:net:978:8)
    at writeOrBuffer (node:internal/streams/writable:572:12)
    at _write (node:internal/streams/writable:501:10)
    at Writable.write (node:internal/streams/writable:510:10)
    at Framer.ondata (/root/.openclaw/workspace/node_modules/readable-stream/lib/internal/streams/readable.js:707:22)
    at Framer.emit (node:events:519:28)
    at addChunk (/root/.openclaw/workspace/node_modules/readable-stream/lib/internal/streams/readable.js:323:12) {
  errno: -32,
  code: 'EPIPE',
  syscall: 'write'
}
[patricia2] Error: write EPIPE
[patricia2] Disconnected
[patricia2] Starting autonomous agent...
[patricia2] Waiting for spawn...
[patricia2] ✅ Spawned in world at (-307.31497513858267, 39, -129.49922469977844)
[patricia2] Connecting to Brain at ws://localhost:8767
[patricia2] Chat: chelios: Agent chelios online!
[patricia2] Chat: forge: Agent forge online!
[patricia2] ✅ Brain connected
[patricia2] Brain command: registered
[patricia2] Chat: aurora: Agent aurora online!
[patricia2] Chat: forge2: Agent forge2 online!
Error: client timed out after 30000 milliseconds
    at Timeout._onTimeout (/root/.openclaw/workspace/node_modules/minecraft-protocol/src/client/keepalive.js:18:28)
    at listOnTimeout (node:internal/timers:585:17)
    at process.processTimers (node:internal/timers:521:7)
[patricia2] Error: client timed out after 30000 milliseconds
[patricia2] Chat: chelios2: Agent chelios2 online!
[patricia2] Disconnected
[patricia2] Starting autonomous agent...
[patricia2] Waiting for spawn...
[patricia2] ✅ Spawned in world at (-307.31497513858267, 39, -129.49922469977844)
[patricia2] Connecting to Brain at ws://localhost:8767
[patricia2] ✅ Brain connected
[patricia2] Brain command: registered
[patricia2] Chat: forge2: Agent forge2 online!
Error: client timed out after 30000 milliseconds
    at Timeout._onTimeout (/root/.openclaw/workspace/node_modules/minecraft-protocol/src/client/keepalive.js:18:28)
    at listOnTimeout (node:internal/timers:585:17)
    at process.processTimers (node:internal/timers:521:7)
[patricia2] Error: client timed out after 30000 milliseconds
[patricia2] Disconnected
[patricia2] Starting autonomous agent...
[patricia2] Waiting for spawn...
[patricia2] Disconnected
[patricia2] Starting autonomous agent...
[patricia2] Waiting for spawn...
[patricia2] ✅ Spawned in world at (-291.4829262812099, 39, -131.3723067914709)
[patricia2] Connecting to Brain at ws://localhost:8767
[patricia2] ✅ Brain connected
[patricia2] Chat: chelios: Agent chelios online!
[patricia2] Brain command: registered
[patricia2] Chat: aurora: Agent aurora online!
Error: client timed out after 30000 milliseconds
    at Timeout._onTimeout (/root/.openclaw/workspace/node_modules/minecraft-protocol/src/client/keepalive.js:18:28)
    at listOnTimeout (node:internal/timers:585:17)
    at process.processTimers (node:internal/timers:521:7)
[patricia2] Error: client timed out after 30000 milliseconds
[patricia2] Disconnected
[patricia2] Starting autonomous agent...
[patricia2] Waiting for spawn...
[patricia2] ✅ Spawned in world at (-291.48798988561447, 39, -131.5)
[patricia2] Connecting to Brain at ws://localhost:8767
[patricia2] ✅ Brain connected
[patricia2] Brain command: registered
[patricia2] Chat: chelios: Agent chelios online!
Error: write EPIPE
    at afterWriteDispatched (node:internal/stream_base_commons:159:15)
    at writeGeneric (node:internal/stream_base_commons:150:3)
    at Socket._writeGeneric (node:net:966:11)
    at Socket._write (node:net:978:8)
    at writeOrBuffer (node:internal/streams/writable:572:12)
    at _write (node:internal/streams/writable:501:10)
    at Writable.write (node:internal/streams/writable:510:10)
    at Framer.ondata (/root/.openclaw/workspace/node_modules/readable-stream/lib/internal/streams/readable.js:707:22)
    at Framer.emit (node:events:519:28)
    at addChunk (/root/.openclaw/workspace/node_modules/readable-stream/lib/internal/streams/readable.js:323:12) {
  errno: -32,
  code: 'EPIPE',
  syscall: 'write'
}
[patricia2] Error: write EPIPE
[patricia2] Disconnected
[patricia2] Starting autonomous agent...
[patricia2] Waiting for spawn...
[patricia2] ✅ Spawned in world at (-291.4958115903875, 39, -132.63926651399638)
[patricia2] Connecting to Brain at ws://localhost:8767
[patricia2] ✅ Brain connected
[patricia2] Starting autonomous agent...
[patricia2] Brain command: registered
[patricia2] Chat: chelios2: Agent chelios2 online!
[patricia2] Waiting for spawn...
Error: write ECONNRESET
    at afterWriteDispatched (node:internal/stream_base_commons:159:15)
    at writeGeneric (node:internal/stream_base_commons:150:3)
    at Socket._writeGeneric (node:net:966:11)
    at Socket._write (node:net:978:8)
    at writeOrBuffer (node:internal/streams/writable:572:12)
    at _write (node:internal/streams/writable:501:10)
    at Writable.write (node:internal/streams/writable:510:10)
    at Framer.ondata (/root/.openclaw/workspace/node_modules/readable-stream/lib/internal/streams/readable.js:707:22)
    at Framer.emit (node:events:519:28)
    at addChunk (/root/.openclaw/workspace/node_modules/readable-stream/lib/internal/streams/readable.js:323:12) {
  errno: -104,
  code: 'ECONNRESET',
  syscall: 'write'
}
[patricia2] Error: write ECONNRESET
[patricia2] Disconnected
[patricia2] ✅ Spawned in world at (-291.4958115903875, 39, -132.63926651399638)
[patricia2] Connecting to Brain at ws://localhost:8767
[patricia2] ✅ Brain connected
[patricia2] Brain command: registered
[patricia2] Chat: patricia: Agent patricia online!
Error: write EPIPE
    at afterWriteDispatched (node:internal/stream_base_commons:159:15)
    at writeGeneric (node:internal/stream_base_commons:150:3)
    at Socket._writeGeneric (node:net:966:11)
    at Socket._write (node:net:978:8)
    at writeOrBuffer (node:internal/streams/writable:572:12)
    at _write (node:internal/streams/writable:501:10)
    at Writable.write (node:internal/streams/writable:510:10)
    at Framer.ondata (/root/.openclaw/workspace/node_modules/readable-stream/lib/internal/streams/readable.js:707:22)
    at Framer.emit (node:events:519:28)
    at addChunk (/root/.openclaw/workspace/node_modules/readable-stream/lib/internal/streams/readable.js:323:12) {
  errno: -32,
  code: 'EPIPE',
  syscall: 'write'
}
[patricia2] Error: write EPIPE
[patricia2] Disconnected
[patricia2] Starting autonomous agent...
[patricia2] Waiting for spawn...
[patricia2] ✅ Spawned in world at (-287.4426275055878, 39, -129.52788473431949)
[patricia2] Connecting to Brain at ws://localhost:8767
[patricia2] ✅ Brain connected
[patricia2] Brain command: registered
[patricia2] Chat: forge2: Agent forge2 online!
Error: client timed out after 30000 milliseconds
    at Timeout._onTimeout (/root/.openclaw/workspace/node_modules/minecraft-protocol/src/client/keepalive.js:18:28)
    at listOnTimeout (node:internal/timers:585:17)
    at process.processTimers (node:internal/timers:521:7)
[patricia2] Error: client timed out after 30000 milliseconds
[patricia2] Disconnected
[patricia2] Starting autonomous agent...
[patricia2] Starting autonomous agent...
[patricia2] Waiting for spawn...
[patricia2] Waiting for spawn...
[patricia2] Disconnected
[patricia2] ✅ Spawned in world at (-309.7, 39, -126.02399520105172)
[patricia2] Connecting to Brain at ws://localhost:8767
[patricia2] ✅ Brain connected
[patricia2] Brain command: registered
Error: write EPIPE
    at afterWriteDispatched (node:internal/stream_base_commons:159:15)
    at writeGeneric (node:internal/stream_base_commons:150:3)
    at Socket._writeGeneric (node:net:966:11)
    at Socket._write (node:net:978:8)
    at writeOrBuffer (node:internal/streams/writable:572:12)
    at _write (node:internal/streams/writable:501:10)
    at Writable.write (node:internal/streams/writable:510:10)
    at Framer.ondata (/root/.openclaw/workspace/node_modules/readable-stream/lib/internal/streams/readable.js:707:22)
    at Framer.emit (node:events:519:28)
    at addChunk (/root/.openclaw/workspace/node_modules/readable-stream/lib/internal/streams/readable.js:323:12) {
  errno: -32,
  code: 'EPIPE',
  syscall: 'write'
}
[patricia2] Error: write EPIPE
[patricia2] Disconnected
[patricia2] Starting autonomous agent...
[patricia2] Waiting for spawn...
[patricia2] ✅ Spawned in world at (-304.3, 39, -127.69095960885248)
[patricia2] Connecting to Brain at ws://localhost:8767
[patricia2] ✅ Brain connected
[patricia2] Brain command: registered
Error: write EPIPE
    at afterWriteDispatched (node:internal/stream_base_commons:159:15)
    at writeGeneric (node:internal/stream_base_commons:150:3)
    at Socket._writeGeneric (node:net:966:11)
    at Socket._write (node:net:978:8)
    at writeOrBuffer (node:internal/streams/writable:572:12)
    at _write (node:internal/streams/writable:501:10)
    at Writable.write (node:internal/streams/writable:510:10)
    at Framer.ondata (/root/.openclaw/workspace/node_modules/readable-stream/lib/internal/streams/readable.js:707:22)
    at Framer.emit (node:events:519:28)
    at addChunk (/root/.openclaw/workspace/node_modules/readable-stream/lib/internal/streams/readable.js:323:12) {
  errno: -32,
  code: 'EPIPE',
  syscall: 'write'
}
[patricia2] Error: write EPIPE
[patricia2] Disconnected
[patricia2] Starting autonomous agent...
[patricia2] Waiting for spawn...
[patricia2] ✅ Spawned in world at (-299.6491704046702, 38.07629179307042, -132.7)
[patricia2] Connecting to Brain at ws://localhost:8767
[patricia2] ✅ Brain connected
[patricia2] Brain command: registered
Error: write EPIPE
    at afterWriteDispatched (node:internal/stream_base_commons:159:15)
    at writeGeneric (node:internal/stream_base_commons:150:3)
    at Socket._writeGeneric (node:net:966:11)
    at Socket._write (node:net:978:8)
    at writeOrBuffer (node:internal/streams/writable:572:12)
    at _write (node:internal/streams/writable:501:10)
    at Writable.write (node:internal/streams/writable:510:10)
    at Framer.ondata (/root/.openclaw/workspace/node_modules/readable-stream/lib/internal/streams/readable.js:707:22)
    at Framer.emit (node:events:519:28)
    at addChunk (/root/.openclaw/workspace/node_modules/readable-stream/lib/internal/streams/readable.js:323:12) {
  errno: -32,
  code: 'EPIPE',
  syscall: 'write'
}
[patricia2] Error: write EPIPE
[patricia2] Disconnected
[patricia2] Starting autonomous agent...
[patricia2] Waiting for spawn...
[patricia2] ✅ Spawned in world at (-301.93166388588236, 39.33226489655115, -130.3979680944012)
[patricia2] Connecting to Brain at ws://localhost:8767
[patricia2] ✅ Brain connected
[patricia2] Brain command: registered
[patricia2] Chat: chelios2: Agent chelios2 online!
Error: client timed out after 30000 milliseconds
    at Timeout._onTimeout (/root/.openclaw/workspace/node_modules/minecraft-protocol/src/client/keepalive.js:18:28)
    at listOnTimeout (node:internal/timers:585:17)
    at process.processTimers (node:internal/timers:521:7)
[patricia2] Error: client timed out after 30000 milliseconds
[patricia2] Disconnected
[patricia2] Starting autonomous agent...
[patricia2] Waiting for spawn...
Error: client timed out after 30000 milliseconds
    at Timeout._onTimeout (/root/.openclaw/workspace/node_modules/minecraft-protocol/src/client/keepalive.js:18:28)
    at listOnTimeout (node:internal/timers:585:17)
    at process.processTimers (node:internal/timers:521:7)
[patricia2] Error: client timed out after 30000 milliseconds
[patricia2] Disconnected
[patricia2] Starting autonomous agent...
[patricia2] Waiting for spawn...
[patricia2] ✅ Spawned in world at (-289.5552511524825, 39.044767995483404, -124.1187338771705)
[patricia2] Connecting to Brain at ws://localhost:8767
[patricia2] Chat: chelios2: Agent chelios2 online!
[patricia2] ✅ Brain connected
[patricia2] Brain command: registered
[patricia2] Chat: aurora: Agent aurora online!
Error: write EPIPE
    at afterWriteDispatched (node:internal/stream_base_commons:159:15)
    at writeGeneric (node:internal/stream_base_commons:150:3)
    at Socket._writeGeneric (node:net:966:11)
    at Socket._write (node:net:978:8)
    at writeOrBuffer (node:internal/streams/writable:572:12)
    at _write (node:internal/streams/writable:501:10)
    at Writable.write (node:internal/streams/writable:510:10)
    at Framer.ondata (/root/.openclaw/workspace/node_modules/readable-stream/lib/internal/streams/readable.js:707:22)
    at Framer.emit (node:events:519:28)
    at addChunk (/root/.openclaw/workspace/node_modules/readable-stream/lib/internal/streams/readable.js:323:12) {
  errno: -32,
  code: 'EPIPE',
  syscall: 'write'
}
[patricia2] Error: write EPIPE
[patricia2] Disconnected
[patricia2] Starting autonomous agent...
[patricia2] Waiting for spawn...
[patricia2] Disconnected
[patricia2] Starting autonomous agent...
[patricia2] Waiting for spawn...
[patricia2] Disconnected
[patricia2] Starting autonomous agent...
[patricia2] Waiting for spawn...
[patricia2] Disconnected
[patricia2] Starting autonomous agent...
[patricia2] Waiting for spawn...
[patricia2] Disconnected
[patricia2] Starting autonomous agent...
[patricia2] Waiting for spawn...
[patricia2] Disconnected
[patricia2] Starting autonomous agent...
[patricia2] Waiting for spawn...
[patricia2] Disconnected
[patricia2] Starting autonomous agent...
[patricia2] Waiting for spawn...
[patricia2] Disconnected
[patricia2] Starting autonomous agent...
[patricia2] Waiting for spawn...
[patricia2] Disconnected
[patricia2] Starting autonomous agent...
[patricia2] Waiting for spawn...
[patricia2] Disconnected
[patricia2] Starting autonomous agent...
[patricia2] Waiting for spawn...
[patricia2] Disconnected
[patricia2] Starting autonomous agent...
[patricia2] Waiting for spawn...
[patricia2] Disconnected
[patricia2] Starting autonomous agent...
[patricia2] Waiting for spawn...
[patricia2] Disconnected
[patricia2] Starting autonomous agent...
[patricia2] Waiting for spawn...
[patricia2] Disconnected
[patricia2] Starting autonomous agent...
[patricia2] Waiting for spawn...
[patricia2] Disconnected
[patricia2] Starting autonomous agent...
[patricia2] Waiting for spawn...
[patricia2] Disconnected
[patricia2] Starting autonomous agent...
[patricia2] Waiting for spawn...
[patricia2] Disconnected
[patricia2] Starting autonomous agent...
[patricia2] Waiting for spawn...
[patricia2] Disconnected
[patricia2] Starting autonomous agent...
[patricia2] Waiting for spawn...
[patricia2] Disconnected
[patricia2] Starting autonomous agent...
[patricia2] Waiting for spawn...
[patricia2] Disconnected
[patricia2] Starting autonomous agent...
[patricia2] Waiting for spawn...
[patricia2] Disconnected
[patricia2] Starting autonomous agent...
[patricia2] Waiting for spawn...
[patricia2] Disconnected
[patricia2] Starting autonomous agent...
[patricia2] Waiting for spawn...
[patricia2] Disconnected
[patricia2] Starting autonomous agent...
[patricia2] Waiting for spawn...
[patricia2] Disconnected
[patricia2] Starting autonomous agent...
[patricia2] Waiting for spawn...
[patricia2] Disconnected
[patricia2] Starting autonomous agent...
[patricia2] Waiting for spawn...
[patricia2] Disconnected
[patricia2] Starting autonomous agent...
[patricia2] Waiting for spawn...
[patricia2] Disconnected
[patricia2] Starting autonomous agent...
[patricia2] Waiting for spawn...
[patricia2] ✅ Spawned in world at (-289.3, 38, -124.58322156722053)
[patricia2] Connecting to Brain at ws://localhost:8767
[patricia2] ✅ Brain connected
[patricia2] Brain command: registered
[patricia2] Chat: chelios2: Agent chelios2 online!
[patricia2] Chat: marcus: Tick 8076.
[patricia2] Chat: forge2: Agent forge2 online!
[patricia2] Chat: forge: Agent forge online!
[patricia2] Chat: julius: Reporting in.
[patricia2] Chat: patricia: Agent patricia online!
[patricia2] Chat: chelios: Agent chelios online!
[patricia2] Chat: aurora: Agent aurora online!
[patricia2] Starting autonomous agent...
[patricia2] Waiting for spawn...
[patricia2] Disconnected
[patricia2] ✅ Spawned in world at (-286.3, 40, -141.5)
[patricia2] Connecting to Brain at ws://localhost:8767
[patricia2] ✅ Brain connected
[patricia2] Brain command: registered
[patricia2] Chat: chelios2: Agent chelios2 online!
[patricia2] Chat: forge2: Agent forge2 online!
[patricia2] Chat: titus: Standing by.
[patricia2] Chat: julia: Standing by.
[patricia2] Chat: livia: Standing by.
[patricia2] Chat: marcus: Reporting in.
[patricia2] Chat: julius: All systems nominal.
[patricia2] Chat: titus: Standing by.
[patricia2] Chat: julia: Standing by.
[patricia2] Chat: livia: Tick 8088.
[patricia2] Chat: marcus: All systems nominal.
[patricia2] Chat: julius: Tick 8100.
[patricia2] Chat: titus: Reporting in.
[patricia2] Chat: julia: All systems nominal.
[patricia2] Chat: livia: All systems nominal.
[patricia2] Chat: marcus: Tick 8112.
[patricia2] Chat: julius: Standing by.
[patricia2] Chat: titus: Tick 8112.
[patricia2] Chat: julia: All systems nominal.
[patricia2] Chat: livia: Tick 8112.
[patricia2] Chat: marcus: Standing by.
[patricia2] Chat: julius: Tick 8124.
[patricia2] Chat: titus: Standing by.
[patricia2] Chat: julia: Standing by.
[patricia2] Chat: livia: All systems nominal.
[patricia2] Chat: marcus: Standing by.
[patricia2] Chat: julius: Tick 8136.
[patricia2] Chat: titus: All systems nominal.
[patricia2] Chat: julia: Standing by.
[patricia2] Chat: livia: Standing by.
[patricia2] Chat: marcus: Standing by.
[patricia2] Chat: julius: Tick 8148.
[patricia2] Chat: titus: Reporting in.
[patricia2] Chat: julia: Tick 8148.
[patricia2] Chat: livia: Tick 8148.
[patricia2] Chat: marcus: All systems nominal.
[patricia2] Chat: julius: Standing by.
[patricia2] Chat: titus: Reporting in.
[patricia2] Chat: julia: Tick 8160.
[patricia2] Chat: livia: Standing by.
[patricia2] Chat: marcus: Reporting in.
[patricia2] Chat: julius: Tick 8172.
[patricia2] Chat: titus: Tick 8172.
[patricia2] Chat: julia: Standing by.
[patricia2] Chat: livia: All systems nominal.
[patricia2] Chat: marcus: Reporting in.
[patricia2] Chat: julius: All systems nominal.
[patricia2] Chat: titus: All systems nominal.
[patricia2] Chat: julia: Tick 8184.
[patricia2] Chat: livia: All systems nominal.
[patricia2] Chat: marcus: All systems nominal.
[patricia2] Chat: julius: Reporting in.
[patricia2] Chat: titus: Reporting in.
[patricia2] Chat: julia: Reporting in.
[patricia2] Chat: livia: All systems nominal.
[patricia2] Chat: marcus: Tick 8208.
[patricia2] Chat: julius: Standing by.
[patricia2] Chat: titus: Standing by.
[patricia2] Chat: julia: All systems nominal.
[patricia2] Chat: livia: Standing by.
[patricia2] Chat: marcus: All systems nominal.
[patricia2] Chat: julius: All systems nominal.
[patricia2] Chat: titus: Reporting in.
[patricia2] Chat: julia: Reporting in.
[patricia2] Chat: livia: Standing by.
[patricia2] Chat: marcus: Reporting in.
[patricia2] Chat: julius: All systems nominal.
[patricia2] Chat: titus: All systems nominal.
[patricia2] Chat: julia: All systems nominal.
[patricia2] Chat: livia: Standing by.
[patricia2] Chat: marcus: All systems nominal.
[patricia2] Chat: julius: Reporting in.
[patricia2] Chat: titus: Standing by.
[patricia2] Chat: julia: Tick 8244.
[patricia2] Chat: livia: Standing by.
[patricia2] Chat: marcus: Standing by.
[patricia2] Chat: julius: All systems nominal.
[patricia2] Chat: titus: All systems nominal.
[patricia2] Chat: julia: All systems nominal.
[patricia2] Chat: livia: Reporting in.
[patricia2] Chat: marcus: Tick 8268.
[patricia2] Chat: julius: Standing by.
[patricia2] Chat: titus: Tick 8268.
[patricia2] Chat: julia: Reporting in.
[patricia2] Chat: livia: All systems nominal.
[patricia2] Chat: marcus: Reporting in.
[patricia2] Chat: julius: Tick 8280.
[patricia2] Chat: titus: Tick 8280.
[patricia2] Chat: julia: Standing by.
[patricia2] Chat: livia: Tick 8280.
[patricia2] Chat: marcus: All systems nominal.
[patricia2] Chat: julius: Standing by.
[patricia2] Chat: titus: Tick 8292.
[patricia2] Chat: julia: All systems nominal.
[patricia2] Chat: livia: Reporting in.
[patricia2] Chat: marcus: All systems nominal.
[patricia2] Chat: julius: Standing by.
[patricia2] Chat: titus: Standing by.
[patricia2] Chat: julia: Standing by.
[patricia2] Chat: livia: Reporting in.
[patricia2] Chat: marcus: Standing by.
[patricia2] Chat: julius: Standing by.
[patricia2] Chat: titus: All systems nominal.
[patricia2] Chat: julia: All systems nominal.
[patricia2] Chat: livia: Tick 8316.
[patricia2] Chat: marcus: Reporting in.
[patricia2] Chat: julius: Tick 8328.
[patricia2] Chat: titus: Standing by.
[patricia2] Chat: julia: All systems nominal.
[patricia2] Chat: livia: Reporting in.
[patricia2] Chat: marcus: Standing by.
[patricia2] Chat: julius: Reporting in.
[patricia2] Chat: titus: Reporting in.
[patricia2] Chat: julia: Reporting in.
[patricia2] Chat: livia: Reporting in.
[patricia2] Chat: marcus: Standing by.
[patricia2] Chat: julius: All systems nominal.
[patricia2] Chat: titus: All systems nominal.
[patricia2] Chat: julia: Standing by.
[patricia2] Chat: livia: Tick 8352.
[patricia2] Chat: marcus: Reporting in.
[patricia2] Chat: julius: Reporting in.
[patricia2] Chat: titus: All systems nominal.
[patricia2] Chat: julia: Tick 8364.
[patricia2] Chat: livia: Tick 8364.
[patricia2] Chat: marcus: Reporting in.
[patricia2] Chat: julius: Standing by.
[patricia2] Chat: titus: All systems nominal.
[patricia2] Chat: julia: All systems nominal.
[patricia2] Chat: livia: All systems nominal.
[patricia2] Chat: marcus: Standing by.
[patricia2] Chat: julius: Reporting in.
[patricia2] Chat: titus: All systems nominal.
[patricia2] Chat: julia: Tick 8388.
[patricia2] Chat: livia: Tick 8388.
[patricia2] Chat: marcus: All systems nominal.
[patricia2] Chat: julius: Tick 8400.
[patricia2] Chat: titus: Tick 8400.
[patricia2] Chat: julia: All systems nominal.
[patricia2] Chat: livia: Standing by.
[patricia2] Chat: marcus: Standing by.
[patricia2] Chat: julius: Standing by.
[patricia2] Chat: titus: All systems nominal.
[patricia2] Chat: julia: Tick 8412.
[patricia2] Chat: livia: Standing by.
[patricia2] Chat: marcus: Standing by.
[patricia2] Chat: julius: Reporting in.
[patricia2] Chat: titus: Standing by.
[patricia2] Chat: julia: Reporting in.
[patricia2] Chat: livia: All systems nominal.
[patricia2] Chat: marcus: Standing by.
[patricia2] Chat: julius: All systems nominal.
[patricia2] Chat: titus: Tick 8436.
[patricia2] Chat: julia: All systems nominal.
[patricia2] Chat: livia: Reporting in.
[patricia2] Chat: marcus: Tick 8448.
[patricia2] Chat: julius: Tick 8448.
[patricia2] Chat: titus: All systems nominal.
[patricia2] Chat: julia: Reporting in.
[patricia2] Chat: livia: All systems nominal.
[patricia2] Chat: marcus: Tick 8460.
[patricia2] Chat: julius: Standing by.
[patricia2] Chat: titus: Tick 8460.
[patricia2] Chat: julia: Tick 8460.
[patricia2] Chat: livia: All systems nominal.
[patricia2] Chat: marcus: Tick 8472.
[patricia2] Chat: julius: Tick 8472.
[patricia2] Chat: titus: Tick 8472.
[patricia2] Chat: julia: Standing by.
[patricia2] Chat: livia: Standing by.
[patricia2] Chat: marcus: Standing by.
[patricia2] Chat: julius: Standing by.
[patricia2] Chat: titus: Standing by.
[patricia2] Chat: julia: Tick 8484.
[patricia2] Chat: livia: Standing by.
[patricia2] Chat: marcus: Standing by.
[patricia2] Chat: julius: Tick 8496.
[patricia2] Chat: titus: Reporting in.
[patricia2] Chat: julia: All systems nominal.
[patricia2] Chat: livia: Standing by.
[patricia2] Chat: marcus: Standing by.
[patricia2] Chat: julius: All systems nominal.
[patricia2] Chat: titus: Standing by.
[patricia2] Chat: julia: Standing by.
[patricia2] Chat: livia: Tick 8508.
[patricia2] Chat: marcus: Standing by.
[patricia2] Chat: julius: Reporting in.
[patricia2] Chat: titus: Tick 8520.
[patricia2] Chat: julia: All systems nominal.
[patricia2] Chat: livia: Standing by.
[patricia2] Chat: marcus: Reporting in.
[patricia2] Chat: julius: Standing by.
[patricia2] Chat: titus: Tick 8532.
[patricia2] Chat: julia: Standing by.
[patricia2] Chat: livia: Tick 8532.
[patricia2] Chat: marcus: Standing by.
[patricia2] Chat: julius: All systems nominal.
[patricia2] Chat: titus: All systems nominal.
[patricia2] Chat: julia: Tick 8544.
[patricia2] Chat: livia: Standing by.
[patricia2] Chat: marcus: Reporting in.
[patricia2] Chat: julius: Tick 8556.
[patricia2] Chat: titus: Reporting in.
[patricia2] Chat: julia: Tick 8556.
[patricia2] Chat: livia: Tick 8556.
[patricia2] Chat: marcus: Reporting in.
[patricia2] Chat: julius: Standing by.
[patricia2] Chat: titus: All systems nominal.
[patricia2] Chat: julia: Tick 8568.
[patricia2] Chat: livia: All systems nominal.
[patricia2] Chat: marcus: Tick 8580.
[patricia2] Chat: julius: Reporting in.
[patricia2] Chat: titus: Tick 8580.
[patricia2] Chat: livia: Tick 8580.
[patricia2] Chat: julia: Reporting in.
[patricia2] Chat: marcus: Reporting in.
[patricia2] Chat: julius: Standing by.
[patricia2] Chat: titus: Reporting in.
[patricia2] Chat: livia: All systems nominal.
[patricia2] Chat: julia: Standing by.
[patricia2] Chat: marcus: All systems nominal.
[patricia2] Chat: julius: Reporting in.
[patricia2] Chat: titus: Reporting in.
[patricia2] Chat: julia: All systems nominal.
[patricia2] Chat: livia: Tick 8604.
[patricia2] Chat: marcus: Tick 8616.
[patricia2] Chat: julius: Tick 8616.
[patricia2] Chat: titus: Standing by.
[patricia2] Chat: julia: Standing by.
[patricia2] Chat: livia: Tick 8616.
[patricia2] Chat: marcus: Tick 8628.
[patricia2] Chat: julius: Standing by.
[patricia2] Chat: titus: Tick 8628.
[patricia2] Chat: julia: Reporting in.
[patricia2] Chat: livia: Tick 8628.
[patricia2] Chat: marcus: Standing by.
[patricia2] Chat: julius: Tick 8640.
[patricia2] Chat: titus: Reporting in.
[patricia2] Chat: julia: Reporting in.
[patricia2] Chat: livia: Tick 8640.
[patricia2] Chat: marcus: Standing by.
[patricia2] Chat: julius: All systems nominal.
[patricia2] Chat: titus: All systems nominal.
[patricia2] Chat: julia: Standing by.
[patricia2] Chat: livia: Standing by.
[patricia2] Chat: marcus: Standing by.
[patricia2] Chat: julius: Tick 8664.
[patricia2] Chat: titus: All systems nominal.
[patricia2] Chat: julia: Reporting in.
[patricia2] Chat: livia: Tick 8664.
[patricia2] Chat: marcus: Standing by.
[patricia2] Chat: julius: Reporting in.
[patricia2] Chat: titus: Standing by.
[patricia2] Chat: livia: Standing by.
[patricia2] Chat: julia: All systems nominal.
[patricia2] Chat: marcus: Standing by.
[patricia2] Chat: julius: Tick 8688.
[patricia2] Chat: titus: Standing by.
[patricia2] Chat: livia: Tick 8688.
[patricia2] Chat: julia: Tick 8688.
[patricia2] Chat: marcus: All systems nominal.
[patricia2] Chat: julius: Standing by.
[patricia2] Chat: titus: Reporting in.
[patricia2] Chat: livia: All systems nominal.
[patricia2] Chat: julia: Standing by.
[patricia2] Chat: marcus: Standing by.
[patricia2] Chat: julius: Reporting in.
[patricia2] Chat: titus: All systems nominal.
[patricia2] Chat: livia: Reporting in.
[patricia2] Chat: julia: Standing by.
[patricia2] Chat: marcus: Standing by.
[patricia2] Chat: julius: Reporting in.
[patricia2] Chat: titus: All systems nominal.
[patricia2] Chat: livia: Tick 8724.
[patricia2] Chat: julia: Reporting in.
[patricia2] Chat: marcus: Reporting in.
[patricia2] Chat: julius: Tick 8736.
[patricia2] Chat: titus: Tick 8736.
[patricia2] Chat: livia: Reporting in.
[patricia2] Chat: julia: All systems nominal.
[patricia2] Chat: marcus: Tick 8748.
[patricia2] Chat: julius: Tick 8748.
[patricia2] Chat: titus: Standing by.
[patricia2] Chat: livia: Standing by.
[patricia2] Chat: julia: Standing by.
[patricia2] Chat: marcus: Reporting in.
[patricia2] Chat: julius: Standing by.
[patricia2] Chat: titus: Reporting in.
[patricia2] Chat: livia: Reporting in.
[patricia2] Chat: julia: Tick 8760.
[patricia2] Chat: marcus: Reporting in.
[patricia2] Chat: julius: All systems nominal.
[patricia2] Chat: titus: All systems nominal.
[patricia2] Chat: livia: Standing by.
[patricia2] Chat: julia: Standing by.
[patricia2] Chat: marcus: Reporting in.
[patricia2] Chat: julius: Tick 8784.
[patricia2] Chat: titus: All systems nominal.
[patricia2] Chat: livia: Reporting in.
[patricia2] Chat: julia: All systems nominal.
[patricia2] Chat: marcus: Reporting in.
[patricia2] Chat: julius: Standing by.
[patricia2] Chat: titus: Reporting in.
[patricia2] Chat: livia: Tick 8796.
[patricia2] Chat: julia: All systems nominal.
[patricia2] Chat: marcus: Reporting in.
[patricia2] Chat: julius: Standing by.
[patricia2] Chat: titus: All systems nominal.
[patricia2] Chat: livia: Tick 8808.
[patricia2] Chat: julia: All systems nominal.
[patricia2] Chat: marcus: Reporting in.
[patricia2] Chat: julius: All systems nominal.
[patricia2] Chat: titus: Tick 8820.
[patricia2] Chat: livia: Tick 8820.
[patricia2] Chat: julia: All systems nominal.
[patricia2] Chat: marcus: Reporting in.
[patricia2] Chat: julius: Standing by.
[patricia2] Chat: titus: Reporting in.
[patricia2] Chat: livia: Tick 8832.
[patricia2] Chat: julia: All systems nominal.
[patricia2] Chat: marcus: Standing by.
[patricia2] Chat: julius: Reporting in.
[patricia2] Chat: titus: Standing by.
[patricia2] Chat: livia: Standing by.
[patricia2] Chat: julia: Reporting in.
[patricia2] Chat: marcus: All systems nominal.
[patricia2] Chat: julius: Reporting in.
[patricia2] Chat: titus: All systems nominal.
[patricia2] Chat: livia: All systems nominal.
[patricia2] Chat: julia: All systems nominal.
[patricia2] Chat: marcus: Standing by.
[patricia2] Chat: julius: Standing by.
[patricia2] Chat: titus: Reporting in.
[patricia2] Chat: livia: Tick 8868.
[patricia2] Chat: julia: All systems nominal.
[patricia2] Chat: marcus: All systems nominal.
[patricia2] Chat: julius: Standing by.
[patricia2] Chat: titus: Reporting in.
[patricia2] Chat: livia: Reporting in.
[patricia2] Chat: julia: Tick 8880.
[patricia2] Chat: marcus: Reporting in.
[patricia2] Chat: julius: Standing by.
[patricia2] Chat: titus: Tick 8892.
[patricia2] Chat: livia: Reporting in.
[patricia2] Chat: julia: All systems nominal.
[patricia2] Chat: marcus: All systems nominal.
[patricia2] Chat: julius: Tick 8904.
[patricia2] Chat: titus: Reporting in.
[patricia2] Chat: livia: Tick 8904.
[patricia2] Chat: julia: Reporting in.
[patricia2] Chat: marcus: Reporting in.
[patricia2] Chat: julius: Reporting in.
[patricia2] Chat: titus: Reporting in.
[patricia2] Chat: livia: Reporting in.
[patricia2] Chat: julia: All systems nominal.
[patricia2] Chat: marcus: Reporting in.
[patricia2] Chat: julius: Tick 8928.
[patricia2] Chat: titus: Tick 8928.
[patricia2] Chat: livia: Reporting in.
[patricia2] Chat: julia: Standing by.
[patricia2] Chat: marcus: Standing by.
[patricia2] Chat: julius: Reporting in.
[patricia2] Chat: titus: Standing by.
[patricia2] Chat: livia: Tick 8940.
[patricia2] Chat: julia: Reporting in.
[patricia2] Chat: marcus: Tick 8952.
[patricia2] Chat: julius: All systems nominal.
[patricia2] Chat: titus: Standing by.
[patricia2] Chat: livia: Reporting in.
[patricia2] Chat: julia: All systems nominal.
[patricia2] Chat: marcus: Tick 8964.
[patricia2] Chat: julius: Standing by.
[patricia2] Chat: titus: Standing by.
[patricia2] Chat: livia: Reporting in.
[patricia2] Chat: julia: All systems nominal.
[patricia2] Chat: marcus: Standing by.
[patricia2] Chat: julius: Standing by.
[patricia2] Chat: titus: Standing by.
[patricia2] Chat: livia: Standing by.
[patricia2] Chat: julia: Tick 8976.
[patricia2] Chat: marcus: All systems nominal.
[patricia2] Chat: julius: Tick 8988.
[patricia2] Chat: titus: Reporting in.
[patricia2] Chat: livia: All systems nominal.
[patricia2] Chat: julia: All systems nominal.
[patricia2] Chat: marcus: All systems nominal.
[patricia2] Chat: julius: Standing by.
[patricia2] Chat: titus: Tick 9000.
[patricia2] Chat: livia: Standing by.
[patricia2] Chat: julia: All systems nominal.
[patricia2] Chat: marcus: All systems nominal.
[patricia2] Chat: julius: Standing by.
[patricia2] Chat: titus: All systems nominal.
[patricia2] Chat: livia: Tick 9012.
[patricia2] Chat: julia: Tick 9012.
[patricia2] Chat: marcus: Reporting in.
[patricia2] Chat: julius: All systems nominal.
[patricia2] Chat: titus: Standing by.
[patricia2] Chat: livia: Tick 9024.
[patricia2] Chat: julia: Reporting in.
[patricia2] Chat: marcus: Reporting in.
[patricia2] Chat: julius: Standing by.
[patricia2] Chat: titus: Tick 9036.
[patricia2] Chat: livia: Tick 9036.
[patricia2] Chat: julia: Standing by.
[patricia2] Chat: marcus: All systems nominal.
[patricia2] Chat: julius: Tick 9048.
[patricia2] Chat: titus: All systems nominal.
[patricia2] Chat: livia: Reporting in.
[patricia2] Chat: julia: Standing by.
[patricia2] Chat: marcus: Tick 9060.
[patricia2] Chat: julius: Standing by.
[patricia2] Chat: titus: Reporting in.
[patricia2] Chat: livia: Reporting in.
[patricia2] Chat: julia: Standing by.
[patricia2] Chat: marcus: Reporting in.
[patricia2] Chat: julius: Standing by.
[patricia2] Chat: titus: Reporting in.
[patricia2] Chat: livia: Standing by.
[patricia2] Chat: julia: All systems nominal.
[patricia2] Chat: marcus: Tick 9084.
[patricia2] Chat: julius: Reporting in.
[patricia2] Chat: titus: Tick 9084.
[patricia2] Chat: livia: All systems nominal.
[patricia2] Chat: julia: Tick 9084.
[patricia2] Chat: marcus: Tick 9096.
[patricia2] Chat: julius: Reporting in.
[patricia2] Chat: titus: Reporting in.
[patricia2] Chat: livia: Standing by.
[patricia2] Chat: julia: All systems nominal.
[patricia2] Chat: marcus: All systems nominal.
[patricia2] Chat: julius: All systems nominal.
[patricia2] Chat: titus: Reporting in.
[patricia2] Chat: livia: Standing by.
[patricia2] Chat: julia: All systems nominal.
[patricia2] Chat: marcus: Standing by.
[patricia2] Chat: julius: Tick 9120.
[patricia2] Chat: titus: Standing by.
[patricia2] Chat: livia: Standing by.
[patricia2] Chat: julia: Tick 9120.
[patricia2] Chat: marcus: Standing by.
[patricia2] Chat: julius: Tick 9132.
[patricia2] Chat: titus: Reporting in.
[patricia2] Chat: livia: All systems nominal.
[patricia2] Chat: julia: Standing by.
[patricia2] Chat: marcus: Reporting in.
[patricia2] Chat: julius: Tick 9144.
[patricia2] Chat: titus: Standing by.
[patricia2] Chat: livia: All systems nominal.
[patricia2] Chat: julia: Tick 9144.
[patricia2] Chat: marcus: Standing by.
[patricia2] Chat: julius: Standing by.
[patricia2] Chat: titus: All systems nominal.
[patricia2] Chat: livia: Reporting in.
[patricia2] Chat: julia: Reporting in.
[patricia2] Chat: marcus: Tick 9168.
[patricia2] Chat: julius: Reporting in.
[patricia2] Chat: titus: Standing by.
[patricia2] Chat: livia: Tick 9168.
[patricia2] Chat: julia: All systems nominal.
[patricia2] Chat: marcus: All systems nominal.
[patricia2] Chat: julius: Standing by.
[patricia2] Chat: titus: Reporting in.
[patricia2] Chat: livia: Reporting in.
[patricia2] Chat: julia: Tick 9180.
[patricia2] Chat: marcus: All systems nominal.
[patricia2] Chat: julius: Reporting in.
[patricia2] Chat: titus: Tick 9192.
[patricia2] Chat: livia: Tick 9192.
[patricia2] Chat: julia: Standing by.
[patricia2] Chat: marcus: Standing by.
[patricia2] Chat: julius: Reporting in.
[patricia2] Chat: titus: Reporting in.
[patricia2] Chat: livia: All systems nominal.
[patricia2] Chat: julia: Tick 9204.
[patricia2] Chat: marcus: All systems nominal.
[patricia2] Chat: julius: Reporting in.
[patricia2] Chat: titus: Tick 9216.
[patricia2] Chat: livia: Standing by.
[patricia2] Chat: julia: Tick 9216.
[patricia2] Chat: marcus: All systems nominal.
[patricia2] Chat: julius: Standing by.
[patricia2] Chat: titus: Standing by.
[patricia2] Chat: livia: Standing by.
[patricia2] Chat: julia: Tick 9228.
[patricia2] Chat: marcus: Tick 9240.
[patricia2] Chat: julius: Standing by.
[patricia2] Chat: titus: Tick 9240.
[patricia2] Chat: livia: All systems nominal.
[patricia2] Chat: julia: Tick 9240.
[patricia2] Chat: marcus: Tick 9252.
[patricia2] Chat: julius: Tick 9252.
[patricia2] Chat: titus: All systems nominal.
[patricia2] Chat: livia: All systems nominal.
[patricia2] Chat: julia: Standing by.
[patricia2] Chat: marcus: Standing by.
[patricia2] Chat: julius: Standing by.
[patricia2] Chat: titus: Reporting in.
[patricia2] Chat: livia: Tick 9264.
[patricia2] Chat: julia: Tick 9264.
[patricia2] Chat: marcus: Standing by.
[patricia2] Chat: julius: Reporting in.
[patricia2] Chat: titus: All systems nominal.
[patricia2] Chat: livia: Reporting in.
[patricia2] Chat: julia: Reporting in.
[patricia2] Chat: marcus: Standing by.
[patricia2] Chat: julius: Tick 9288.
[patricia2] Chat: titus: All systems nominal.
[patricia2] Chat: livia: All systems nominal.
[patricia2] Chat: julia: Reporting in.
[patricia2] Chat: marcus: Reporting in.
[patricia2] Chat: julius: Tick 9300.
[patricia2] Chat: titus: Standing by.
[patricia2] Chat: livia: Reporting in.
[patricia2] Chat: julia: Standing by.
[patricia2] Chat: marcus: Reporting in.
[patricia2] Chat: julius: Tick 9312.
[patricia2] Chat: titus: Reporting in.
[patricia2] Chat: livia: Reporting in.
[patricia2] Chat: julia: Tick 9312.
[patricia2] Chat: marcus: Standing by.
[patricia2] Chat: julius: Reporting in.
[patricia2] Chat: titus: All systems nominal.
[patricia2] Chat: livia: Standing by.
[patricia2] Chat: julia: Tick 9324.
[patricia2] Chat: marcus: Standing by.
[patricia2] Chat: julius: All systems nominal.
[patricia2] Chat: titus: Standing by.
[patricia2] Chat: livia: Tick 9336.
[patricia2] Chat: julia: Tick 9336.
[patricia2] Chat: marcus: Tick 9348.
[patricia2] Chat: julius: Standing by.
[patricia2] Chat: titus: Standing by.
[patricia2] Chat: livia: Tick 9348.
[patricia2] Chat: julia: Reporting in.
[patricia2] Chat: marcus: Tick 9360.
[patricia2] Chat: julius: All systems nominal.
[patricia2] Chat: titus: Tick 9360.
[patricia2] Chat: livia: Standing by.
[patricia2] Chat: julia: Standing by.
[patricia2] Chat: marcus: Tick 9372.
[patricia2] Chat: julius: Standing by.
[patricia2] Chat: titus: Tick 9372.
[patricia2] Chat: livia: Tick 9372.
[patricia2] Chat: julia: Tick 9372.
[patricia2] Chat: marcus: Standing by.
[patricia2] Chat: julius: Standing by.
[patricia2] Chat: titus: Tick 9384.
[patricia2] Chat: livia: Reporting in.
[patricia2] Chat: julia: Tick 9384.
[patricia2] Chat: marcus: Standing by.
[patricia2] Chat: julius: All systems nominal.
[patricia2] Chat: titus: Tick 9396.
[patricia2] Chat: livia: Reporting in.
[patricia2] Chat: julia: Standing by.
[patricia2] Chat: marcus: Tick 9408.
[patricia2] Chat: julius: Tick 9408.
[patricia2] Chat: titus: All systems nominal.
[patricia2] Chat: livia: Reporting in.
[patricia2] Chat: julia: Tick 9408.
[patricia2] Chat: marcus: Reporting in.
[patricia2] Chat: julius: Tick 9420.
[patricia2] Chat: titus: Standing by.
[patricia2] Chat: livia: Standing by.
[patricia2] Chat: julia: Reporting in.
[patricia2] Chat: marcus: All systems nominal.
[patricia2] Chat: julius: Tick 9432.
[patricia2] Chat: titus: Standing by.
[patricia2] Chat: livia: Reporting in.
[patricia2] Chat: julia: All systems nominal.
[patricia2] Chat: marcus: Reporting in.
[patricia2] Chat: julius: Tick 9444.
[patricia2] Chat: titus: Tick 9444.
[patricia2] Chat: livia: Standing by.
[patricia2] Chat: julia: Standing by.
[patricia2] Chat: marcus: Standing by.
[patricia2] Chat: julius: Tick 9456.
[patricia2] Chat: titus: All systems nominal.
[patricia2] Chat: livia: All systems nominal.
[patricia2] Chat: julia: Standing by.
[patricia2] Chat: marcus: Standing by.
[patricia2] Chat: julius: Reporting in.
[patricia2] Chat: titus: Tick 9468.
[patricia2] Chat: livia: Reporting in.
[patricia2] Chat: julia: Standing by.
[patricia2] Chat: marcus: Standing by.
[patricia2] Chat: julius: All systems nominal.
[patricia2] Chat: titus: Reporting in.
[patricia2] Chat: livia: Standing by.
[patricia2] Chat: julia: Reporting in.
[patricia2] Chat: marcus: Reporting in.
[patricia2] Chat: julius: Standing by.
[patricia2] Chat: titus: Reporting in.
[patricia2] Chat: livia: Tick 9492.
[patricia2] Chat: julia: Standing by.
[patricia2] Chat: marcus: Reporting in.
[patricia2] Chat: julius: Reporting in.
[patricia2] Chat: titus: Standing by.
[patricia2] Chat: livia: All systems nominal.
[patricia2] Chat: julia: Reporting in.
[patricia2] Chat: marcus: Reporting in.
[patricia2] Chat: julius: Tick 9516.
[patricia2] Chat: titus: Standing by.
[patricia2] Chat: livia: Tick 9516.
[patricia2] Chat: julia: Standing by.
[patricia2] Chat: marcus: Reporting in.
[patricia2] Chat: julius: Reporting in.
[patricia2] Chat: titus: All systems nominal.
[patricia2] Chat: livia: All systems nominal.
[patricia2] Chat: julia: Standing by.
[patricia2] Chat: marcus: Tick 9540.
[patricia2] Chat: julius: Tick 9540.
[patricia2] Chat: titus: All systems nominal.
[patricia2] Chat: livia: Reporting in.
[patricia2] Chat: julia: Tick 9540.
[patricia2] Chat: marcus: Tick 9552.
[patricia2] Chat: julius: Standing by.
[patricia2] Chat: titus: Standing by.
[patricia2] Chat: livia: Standing by.
[patricia2] Chat: julia: Reporting in.
[patricia2] Chat: marcus: Reporting in.
[patricia2] Chat: julius: Reporting in.
[patricia2] Chat: titus: Reporting in.
[patricia2] Chat: livia: Standing by.
[patricia2] Chat: julia: Reporting in.
[patricia2] Chat: marcus: Standing by.
[patricia2] Chat: julius: Standing by.
[patricia2] Chat: titus: Tick 9576.
[patricia2] Chat: livia: All systems nominal.
[patricia2] Chat: julia: Standing by.
[patricia2] Chat: marcus: Reporting in.
[patricia2] Chat: julius: Tick 9588.
[patricia2] Chat: titus: Tick 9588.
[patricia2] Chat: livia: All systems nominal.
[patricia2] Chat: julia: Standing by.
[patricia2] Chat: marcus: Standing by.
[patricia2] Chat: julius: Reporting in.
[patricia2] Chat: titus: Standing by.
[patricia2] Chat: livia: Tick 9600.
[patricia2] Chat: julia: Standing by.
[patricia2] Chat: marcus: Reporting in.
[patricia2] Chat: julius: Tick 9612.
[patricia2] Chat: titus: All systems nominal.
[patricia2] Chat: livia: Standing by.
[patricia2] Chat: julia: Standing by.
[patricia2] Chat: marcus: All systems nominal.
[patricia2] Chat: julius: Standing by.
[patricia2] Chat: titus: All systems nominal.
[patricia2] Chat: livia: Reporting in.
[patricia2] Chat: julia: All systems nominal.
[patricia2] Chat: marcus: Reporting in.
[patricia2] Chat: julius: Tick 9636.
[patricia2] Chat: titus: All systems nominal.
[patricia2] Chat: livia: Standing by.
[patricia2] Chat: julia: Reporting in.
[patricia2] Chat: marcus: All systems nominal.
[patricia2] Chat: julius: Reporting in.
[patricia2] Chat: titus: All systems nominal.
[patricia2] Chat: livia: Tick 9648.
[patricia2] Chat: julia: Tick 9648.
[patricia2] Chat: marcus: Tick 9660.
[patricia2] Chat: julius: Reporting in.
[patricia2] Chat: titus: All systems nominal.
[patricia2] Chat: livia: All systems nominal.
[patricia2] Chat: julia: Standing by.
[patricia2] Chat: marcus: Standing by.
[patricia2] Chat: julius: All systems nominal.
[patricia2] Chat: titus: Standing by.
[patricia2] Chat: livia: All systems nominal.
[patricia2] Chat: julia: All systems nominal.
[patricia2] Chat: marcus: Reporting in.
[patricia2] Chat: julius: Tick 9684.
[patricia2] Chat: titus: Standing by.
[patricia2] Chat: livia: Standing by.
[patricia2] Chat: julia: All systems nominal.
[patricia2] Chat: marcus: Standing by.
[patricia2] Chat: julius: Reporting in.
[patricia2] Chat: titus: Tick 9696.
[patricia2] Chat: livia: Standing by.
[patricia2] Chat: julia: Tick 9696.
[patricia2] Chat: marcus: Standing by.
[patricia2] Chat: julius: Tick 9708.
[patricia2] Chat: titus: All systems nominal.
[patricia2] Chat: livia: Standing by.
[patricia2] Chat: julia: Tick 9708.
[patricia2] Chat: marcus: Tick 9720.
[patricia2] Chat: julius: Tick 9720.
[patricia2] Chat: titus: All systems nominal.
[patricia2] Chat: livia: Tick 9720.
[patricia2] Chat: julia: Tick 9720.
[patricia2] Chat: marcus: All systems nominal.
[patricia2] Chat: julius: All systems nominal.
[patricia2] Chat: titus: All systems nominal.
[patricia2] Chat: livia: Standing by.
[patricia2] Chat: julia: Reporting in.
[patricia2] Chat: marcus: All systems nominal.
[patricia2] Chat: julius: All systems nominal.
[patricia2] Chat: titus: All systems nominal.
[patricia2] Chat: livia: All systems nominal.
[patricia2] Chat: julia: Tick 9744.
[patricia2] Chat: marcus: Tick 9756.
[patricia2] Chat: julius: All systems nominal.
[patricia2] Chat: titus: Tick 9756.
[patricia2] Chat: livia: Tick 9756.
[patricia2] Chat: julia: Tick 9756.
[patricia2] Chat: marcus: Tick 9768.
[patricia2] Chat: julius: All systems nominal.
[patricia2] Chat: titus: Standing by.
[patricia2] Chat: livia: Reporting in.
[patricia2] Chat: julia: Standing by.
[patricia2] Chat: marcus: Tick 9780.
[patricia2] Chat: julius: All systems nominal.
[patricia2] Chat: titus: Tick 9780.
[patricia2] Chat: livia: All systems nominal.
[patricia2] Chat: julia: Tick 9780.
[patricia2] Chat: marcus: Standing by.
[patricia2] Chat: julius: Tick 9792.
[patricia2] Chat: titus: Reporting in.
[patricia2] Chat: livia: Reporting in.
[patricia2] Chat: julia: Reporting in.
[patricia2] Chat: marcus: All systems nominal.
[patricia2] Chat: julius: Reporting in.
[patricia2] Chat: titus: Standing by.
[patricia2] Chat: livia: Tick 9804.
[patricia2] Chat: julia: Reporting in.
[patricia2] Chat: marcus: Standing by.
[patricia2] Chat: julius: Reporting in.
[patricia2] Chat: titus: Reporting in.
[patricia2] Chat: livia: Tick 9816.
[patricia2] Chat: julia: Reporting in.
[patricia2] Chat: marcus: Tick 9828.
[patricia2] Chat: julius: Standing by.
[patricia2] Chat: titus: All systems nominal.
[patricia2] Chat: livia: Tick 9828.
[patricia2] Chat: julia: All systems nominal.
[patricia2] Chat: marcus: Tick 9840.
[patricia2] Chat: julius: Reporting in.
[patricia2] Chat: titus: Standing by.
[patricia2] Chat: livia: Standing by.
[patricia2] Chat: julia: Tick 9840.
[patricia2] Chat: marcus: All systems nominal.
[patricia2] Chat: julius: Standing by.
[patricia2] Chat: titus: Tick 9852.
[patricia2] Chat: livia: Standing by.
[patricia2] Chat: julia: Tick 9852.
[patricia2] Chat: marcus: Reporting in.
[patricia2] Chat: julius: Standing by.
[patricia2] Chat: titus: Standing by.
[patricia2] Chat: livia: Reporting in.
[patricia2] Chat: julia: All systems nominal.
[patricia2] Chat: marcus: Reporting in.
[patricia2] Chat: julius: Standing by.
[patricia2] Chat: titus: All systems nominal.
[patricia2] Chat: livia: Standing by.
[patricia2] Chat: julia: Reporting in.
[patricia2] Chat: marcus: Tick 9888.
[patricia2] Chat: julius: All systems nominal.
[patricia2] Chat: titus: Reporting in.
[patricia2] Chat: livia: Standing by.
[patricia2] Chat: julia: Reporting in.
[patricia2] Chat: marcus: Standing by.
[patricia2] Chat: julius: All systems nominal.
[patricia2] Chat: titus: All systems nominal.
[patricia2] Chat: livia: Reporting in.
[patricia2] Chat: julia: Reporting in.
[patricia2] Chat: marcus: All systems nominal.
[patricia2] Chat: julius: Tick 9912.
[patricia2] Chat: titus: Reporting in.
[patricia2] Chat: livia: Tick 9912.
[patricia2] Chat: julia: Reporting in.
[patricia2] Chat: marcus: Reporting in.
[patricia2] Chat: julius: Reporting in.
[patricia2] Chat: titus: Reporting in.
[patricia2] Chat: livia: Reporting in.
[patricia2] Chat: julia: Standing by.
[patricia2] Chat: marcus: All systems nominal.
[patricia2] Chat: julius: Reporting in.
[patricia2] Chat: titus: All systems nominal.
[patricia2] Chat: livia: Reporting in.
[patricia2] Chat: julia: Reporting in.
[patricia2] Chat: marcus: Reporting in.
[patricia2] Chat: julius: Standing by.
[patricia2] Chat: titus: Tick 9948.
[patricia2] Chat: livia: Reporting in.
[patricia2] Chat: julia: Standing by.
[patricia2] Chat: marcus: Standing by.
[patricia2] Chat: julius: All systems nominal.
[patricia2] Chat: titus: Reporting in.
[patricia2] Chat: livia: All systems nominal.
[patricia2] Chat: julia: Standing by.
[patricia2] Chat: marcus: Tick 9972.
[patricia2] Chat: julius: All systems nominal.
[patricia2] Chat: titus: Tick 9972.
[patricia2] Chat: livia: Tick 9972.
[patricia2] Chat: julia: Standing by.
[patricia2] Chat: marcus: Standing by.
[patricia2] Chat: julius: Standing by.
[patricia2] Chat: titus: Reporting in.
[patricia2] Chat: livia: Standing by.
[patricia2] Chat: julia: Reporting in.
[patricia2] Chat: marcus: Standing by.
[patricia2] Chat: julius: Standing by.
[patricia2] Chat: titus: Standing by.
[patricia2] Chat: livia: All systems nominal.
[patricia2] Chat: julia: Tick 9996.
[patricia2] Chat: marcus: Standing by.
[patricia2] Chat: julius: Standing by.
[patricia2] Chat: titus: All systems nominal.
[patricia2] Chat: livia: Reporting in.
[patricia2] Chat: julia: Reporting in.
[patricia2] Chat: marcus: Tick 10020.
[patricia2] Chat: julius: All systems nominal.
[patricia2] Chat: titus: Standing by.
[patricia2] Chat: livia: All systems nominal.
[patricia2] Chat: julia: Standing by.
[patricia2] Chat: marcus: Tick 10032.
[patricia2] Chat: julius: Tick 10032.
[patricia2] Chat: titus: All systems nominal.
[patricia2] Chat: livia: Standing by.
[patricia2] Chat: julia: Standing by.
[patricia2] Chat: marcus: Standing by.
[patricia2] Chat: julius: All systems nominal.
[patricia2] Chat: titus: All systems nominal.
[patricia2] Chat: livia: Tick 10044.
[patricia2] Chat: julia: All systems nominal.
[patricia2] Chat: marcus: Reporting in.
[patricia2] Chat: julius: Standing by.
[patricia2] Chat: titus: Tick 10056.
[patricia2] Chat: livia: Standing by.
[patricia2] Chat: julia: Reporting in.
[patricia2] Chat: marcus: Standing by.
[patricia2] Chat: julius: Standing by.
[patricia2] Chat: titus: Standing by.
[patricia2] Chat: livia: All systems nominal.
[patricia2] Chat: julia: Standing by.
[patricia2] Chat: marcus: Standing by.
[patricia2] Chat: julius: All systems nominal.
[patricia2] Chat: titus: Tick 10080.
[patricia2] Chat: livia: Standing by.
[patricia2] Chat: julia: Tick 10080.
[patricia2] Chat: marcus: Reporting in.
[patricia2] Chat: julius: Tick 10092.
[patricia2] Chat: titus: Standing by.
[patricia2] Chat: livia: Tick 10092.
[patricia2] Chat: julia: Reporting in.
[patricia2] Chat: marcus: Tick 10104.
[patricia2] Chat: julius: Standing by.
[patricia2] Chat: titus: Standing by.
[patricia2] Chat: livia: All systems nominal.
[patricia2] Chat: julia: Standing by.
[patricia2] Chat: marcus: All systems nominal.
[patricia2] Chat: julius: Tick 10116.
[patricia2] Chat: titus: Standing by.
[patricia2] Chat: livia: Tick 10116.
[patricia2] Chat: julia: Standing by.
[patricia2] Chat: marcus: Reporting in.
[patricia2] Chat: julius: Reporting in.
[patricia2] Chat: titus: Standing by.
[patricia2] Chat: livia: Tick 10128.
[patricia2] Chat: julia: Reporting in.
[patricia2] Chat: marcus: Reporting in.
[patricia2] Chat: julius: All systems nominal.
[patricia2] Chat: titus: Reporting in.
[patricia2] Chat: livia: Reporting in.
[patricia2] Chat: julia: Tick 10140.
[patricia2] Chat: marcus: All systems nominal.
[patricia2] Chat: julius: All systems nominal.
[patricia2] Chat: titus: All systems nominal.
[patricia2] Chat: livia: Tick 10152.
[patricia2] Chat: julia: Tick 10152.
[patricia2] Chat: marcus: Tick 10164.
[patricia2] Chat: julius: All systems nominal.
[patricia2] Chat: titus: Reporting in.
[patricia2] Chat: livia: Standing by.
[patricia2] Chat: julia: Tick 10164.
[patricia2] Chat: marcus: Reporting in.
[patricia2] Chat: julius: All systems nominal.
[patricia2] Chat: titus: Tick 10176.
[patricia2] Chat: livia: Reporting in.
[patricia2] Chat: julia: Reporting in.
[patricia2] Chat: marcus: All systems nominal.
[patricia2] Chat: julius: Standing by.
[patricia2] Chat: titus: Standing by.
[patricia2] Chat: livia: All systems nominal.
[patricia2] Chat: julia: Standing by.
[patricia2] Chat: marcus: All systems nominal.
[patricia2] Chat: julius: All systems nominal.
[patricia2] Chat: titus: Standing by.
[patricia2] Chat: livia: Standing by.
[patricia2] Chat: julia: Tick 10200.
[patricia2] Chat: marcus: Standing by.
[patricia2] Chat: julius: Reporting in.
[patricia2] Chat: titus: Reporting in.
[patricia2] Chat: livia: Reporting in.
[patricia2] Chat: julia: All systems nominal.
[patricia2] Chat: marcus: Standing by.
[patricia2] Chat: julius: Standing by.
[patricia2] Chat: titus: All systems nominal.
[patricia2] Chat: livia: Standing by.
[patricia2] Chat: julia: Reporting in.
[patricia2] Chat: marcus: Reporting in.
[patricia2] Chat: julius: All systems nominal.
[patricia2] Chat: titus: Reporting in.
[patricia2] Chat: livia: Reporting in.
[patricia2] Chat: julia: All systems nominal.
[patricia2] Chat: marcus: Reporting in.
[patricia2] Chat: julius: Tick 10248.
[patricia2] Chat: titus: Reporting in.
[patricia2] Chat: livia: Standing by.
[patricia2] Chat: julia: Reporting in.
[patricia2] Chat: marcus: Tick 10260.
[patricia2] Chat: julius: All systems nominal.
[patricia2] Chat: titus: All systems nominal.
[patricia2] Chat: livia: Standing by.
[patricia2] Chat: julia: Reporting in.
[patricia2] Chat: marcus: Reporting in.
[patricia2] Chat: julius: Reporting in.
[patricia2] Chat: titus: All systems nominal.
[patricia2] Chat: livia: Tick 10272.
[patricia2] Chat: julia: Reporting in.
[patricia2] Chat: marcus: Tick 10284.
[patricia2] Chat: julius: Reporting in.
[patricia2] Chat: titus: Standing by.
[patricia2] Chat: livia: Tick 10284.
[patricia2] Chat: julia: Standing by.
[patricia2] Chat: marcus: Tick 10296.
[patricia2] Chat: julius: All systems nominal.
[patricia2] Chat: titus: Reporting in.
[patricia2] Chat: livia: Tick 10296.
[patricia2] Chat: julia: Reporting in.
[patricia2] Chat: marcus: All systems nominal.
[patricia2] Chat: julius: Standing by.
[patricia2] Chat: titus: Standing by.
[patricia2] Chat: livia: All systems nominal.
[patricia2] Chat: julia: Reporting in.
[patricia2] Chat: marcus: Reporting in.
[patricia2] Chat: julius: Reporting in.
[patricia2] Chat: titus: Standing by.
[patricia2] Chat: livia: All systems nominal.
[patricia2] Chat: julia: Standing by.
[patricia2] Chat: marcus: Standing by.
[patricia2] Chat: julius: Standing by.
[patricia2] Chat: titus: Tick 10332.
[patricia2] Chat: livia: All systems nominal.
[patricia2] Chat: julia: Reporting in.
[patricia2] Chat: marcus: Standing by.
[patricia2] Chat: julius: Standing by.
[patricia2] Chat: titus: Reporting in.
[patricia2] Chat: livia: Standing by.
[patricia2] Chat: julia: Tick 10344.
[patricia2] Chat: marcus: Standing by.
[patricia2] Chat: julius: Standing by.
[patricia2] Chat: titus: Reporting in.
[patricia2] Chat: livia: All systems nominal.
[patricia2] Chat: julia: Standing by.
[patricia2] Chat: marcus: Standing by.
[patricia2] Chat: julius: Standing by.
[patricia2] Chat: titus: Reporting in.
[patricia2] Chat: livia: Reporting in.
[patricia2] Chat: julia: All systems nominal.
[patricia2] Chat: marcus: Tick 10380.
[patricia2] Chat: julius: Tick 10380.
[patricia2] Chat: titus: Standing by.
[patricia2] Chat: livia: Reporting in.
[patricia2] Chat: julia: All systems nominal.
[patricia2] Chat: marcus: Standing by.
[patricia2] Chat: julius: Reporting in.
[patricia2] Chat: titus: All systems nominal.
[patricia2] Chat: livia: All systems nominal.
[patricia2] Chat: julia: All systems nominal.
[patricia2] Chat: marcus: Tick 10404.
[patricia2] Chat: julius: All systems nominal.
[patricia2] Chat: titus: Standing by.
[patricia2] Chat: livia: Tick 10404.
[patricia2] Chat: julia: Reporting in.
[patricia2] Chat: marcus: Tick 10416.
[patricia2] Chat: julius: Standing by.
[patricia2] Chat: titus: Reporting in.
[patricia2] Chat: livia: Reporting in.
[patricia2] Chat: julia: Tick 10416.
[patricia2] Chat: marcus: Standing by.
[patricia2] Chat: julius: Tick 10428.
[patricia2] Chat: titus: All systems nominal.
[patricia2] Chat: livia: Tick 10428.
[patricia2] Chat: julia: All systems nominal.
[patricia2] Chat: marcus: Reporting in.
[patricia2] Chat: julius: Standing by.
[patricia2] Chat: titus: Tick 10440.
[patricia2] Chat: livia: Tick 10440.
[patricia2] Chat: julia: All systems nominal.
[patricia2] Chat: marcus: Reporting in.
[patricia2] Chat: julius: All systems nominal.
[patricia2] Chat: titus: Tick 10452.
[patricia2] Chat: livia: Tick 10452.
[patricia2] Chat: julia: Standing by.
[patricia2] Chat: marcus: Reporting in.
[patricia2] Chat: julius: Reporting in.
[patricia2] Chat: titus: Tick 10464.
[patricia2] Chat: livia: Tick 10464.
[patricia2] Chat: julia: Tick 10464.
[patricia2] Chat: marcus: All systems nominal.
[patricia2] Chat: julius: Tick 10476.
[patricia2] Chat: titus: Reporting in.
[patricia2] Chat: livia: Reporting in.
[patricia2] Chat: julia: Reporting in.
[patricia2] Chat: marcus: Reporting in.
[patricia2] Chat: julius: Standing by.
[patricia2] Chat: titus: Reporting in.
[patricia2] Chat: livia: Reporting in.
[patricia2] Chat: julia: Reporting in.
[patricia2] Chat: marcus: Reporting in.
[patricia2] Chat: julius: All systems nominal.
[patricia2] Chat: titus: Tick 10500.
[patricia2] Chat: livia: Reporting in.
[patricia2] Chat: julia: Reporting in.
[patricia2] Chat: marcus: Reporting in.
[patricia2] Chat: julius: Tick 10512.
[patricia2] Chat: titus: Standing by.
[patricia2] Chat: livia: All systems nominal.
[patricia2] Chat: julia: Standing by.
[patricia2] Chat: marcus: Standing by.
[patricia2] Chat: julius: Reporting in.
[patricia2] Chat: titus: All systems nominal.
[patricia2] Chat: livia: All systems nominal.
[patricia2] Chat: julia: Tick 10524.
[patricia2] Chat: marcus: Tick 10536.
[patricia2] Chat: julius: Tick 10536.
[patricia2] Chat: titus: Standing by.
[patricia2] Chat: livia: All systems nominal.
[patricia2] Chat: julia: Reporting in.
[patricia2] Chat: marcus: Standing by.
[patricia2] Chat: julius: Standing by.
[patricia2] Chat: titus: All systems nominal.
[patricia2] Chat: livia: Standing by.
[patricia2] Chat: julia: Reporting in.
[patricia2] Chat: marcus: Tick 10560.
[patricia2] Chat: julius: Reporting in.
[patricia2] Chat: titus: Reporting in.
[patricia2] Chat: livia: Standing by.
[patricia2] Chat: julia: Tick 10560.
[patricia2] Chat: marcus: Standing by.
[patricia2] Chat: julius: Reporting in.
[patricia2] Chat: titus: Standing by.
[patricia2] Chat: livia: Reporting in.
[patricia2] Chat: julia: Standing by.
[patricia2] Chat: marcus: Tick 10584.
[patricia2] Chat: julius: All systems nominal.
[patricia2] Chat: titus: Reporting in.
[patricia2] Chat: livia: All systems nominal.
[patricia2] Chat: julia: Tick 10584.
[patricia2] Chat: marcus: Tick 10596.
[patricia2] Chat: julius: Standing by.
[patricia2] Chat: titus: All systems nominal.
[patricia2] Chat: livia: Standing by.
[patricia2] Chat: julia: All systems nominal.
[patricia2] Chat: marcus: Reporting in.
[patricia2] Chat: julius: Reporting in.
[patricia2] Chat: titus: Standing by.
[patricia2] Chat: livia: Standing by.
[patricia2] Chat: julia: All systems nominal.
[patricia2] Chat: marcus: Reporting in.
[patricia2] Chat: julius: Reporting in.
[patricia2] Chat: titus: Standing by.
[patricia2] Chat: livia: Tick 10620.
[patricia2] Chat: julia: Reporting in.
[patricia2] Chat: marcus: Tick 10632.
[patricia2] Chat: julius: Tick 10632.
[patricia2] Chat: titus: Tick 10632.
[patricia2] Chat: livia: Standing by.
[patricia2] Chat: julia: Reporting in.
[patricia2] Chat: marcus: All systems nominal.
[patricia2] Chat: julius: Tick 10644.
[patricia2] Chat: titus: Standing by.
[patricia2] Chat: livia: All systems nominal.
[patricia2] Chat: julia: Standing by.
[patricia2] Chat: marcus: Reporting in.
[patricia2] Chat: julius: Standing by.
[patricia2] Chat: titus: Reporting in.
[patricia2] Chat: livia: Tick 10656.
[patricia2] Chat: julia: Tick 10656.
[patricia2] Chat: marcus: Reporting in.
[patricia2] Chat: julius: Tick 10668.
[patricia2] Chat: titus: Reporting in.
[patricia2] Chat: livia: Standing by.
[patricia2] Chat: julia: Tick 10668.
[patricia2] Chat: marcus: All systems nominal.
[patricia2] Chat: julius: All systems nominal.
[patricia2] Chat: titus: Reporting in.
[patricia2] Chat: livia: Tick 10680.
[patricia2] Chat: julia: All systems nominal.
[patricia2] Chat: marcus: All systems nominal.
[patricia2] Chat: julius: All systems nominal.
[patricia2] Chat: titus: Reporting in.
[patricia2] Chat: livia: All systems nominal.
[patricia2] Chat: julia: Tick 10692.
[patricia2] Chat: marcus: Tick 10704.
[patricia2] Chat: julius: Reporting in.
[patricia2] Chat: titus: All systems nominal.
[patricia2] Chat: livia: Standing by.
[patricia2] Chat: julia: Tick 10704.
[patricia2] Chat: marcus: Tick 10716.
[patricia2] Chat: julius: Tick 10716.
[patricia2] Chat: titus: All systems nominal.
[patricia2] Chat: livia: Standing by.
[patricia2] Chat: julia: Tick 10716.
[patricia2] Chat: marcus: Standing by.
[patricia2] Chat: julius: Tick 10728.
[patricia2] Chat: titus: Tick 10728.
[patricia2] Chat: livia: Tick 10728.
[patricia2] Chat: julia: Standing by.
[patricia2] Chat: marcus: Tick 10740.
[patricia2] Chat: julius: All systems nominal.
[patricia2] Chat: titus: All systems nominal.
[patricia2] Chat: livia: Reporting in.
[patricia2] Chat: julia: Standing by.
[patricia2] Chat: marcus: Tick 10752.
[patricia2] Chat: julius: All systems nominal.
[patricia2] Chat: titus: Reporting in.
[patricia2] Chat: livia: Standing by.
[patricia2] Chat: julia: Tick 10752.
[patricia2] Chat: marcus: All systems nominal.
[patricia2] Chat: julius: All systems nominal.
[patricia2] Chat: titus: All systems nominal.
[patricia2] Chat: livia: Tick 10764.
[patricia2] Chat: julia: All systems nominal.
[patricia2] Chat: marcus: All systems nominal.
[patricia2] Chat: julius: All systems nominal.
[patricia2] Chat: titus: Reporting in.
[patricia2] Chat: livia: Reporting in.
[patricia2] Chat: julia: Reporting in.
[patricia2] Chat: marcus: Standing by.
[patricia2] Chat: julius: Tick 10788.
[patricia2] Chat: titus: Tick 10788.
[patricia2] Chat: livia: Standing by.
[patricia2] Chat: julia: All systems nominal.
[patricia2] Chat: marcus: Reporting in.
[patricia2] Chat: julius: Standing by.
[patricia2] Chat: titus: Reporting in.
[patricia2] Chat: livia: All systems nominal.
[patricia2] Chat: julia: Standing by.
[patricia2] Chat: marcus: All systems nominal.
[patricia2] Chat: julius: Tick 10812.
[patricia2] Chat: titus: Tick 10812.
[patricia2] Chat: livia: Reporting in.
[patricia2] Chat: julia: Standing by.
[patricia2] Chat: marcus: All systems nominal.
[patricia2] Chat: julius: Standing by.
[patricia2] Chat: titus: Tick 10824.
[patricia2] Chat: livia: All systems nominal.
[patricia2] Chat: julia: Standing by.
[patricia2] Chat: marcus: Tick 10836.
[patricia2] Chat: julius: Reporting in.
[patricia2] Chat: titus: All systems nominal.
[patricia2] Chat: livia: All systems nominal.
[patricia2] Chat: julia: Tick 10836.
[patricia2] Chat: marcus: All systems nominal.
[patricia2] Chat: julius: All systems nominal.
[patricia2] Chat: titus: All systems nominal.
[patricia2] Chat: livia: Reporting in.
[patricia2] Chat: julia: Tick 10848.
[patricia2] Chat: marcus: All systems nominal.
[patricia2] Chat: julius: Tick 10860.
[patricia2] Chat: titus: Tick 10860.
[patricia2] Chat: livia: Standing by.
[patricia2] Chat: julia: Reporting in.
[patricia2] Chat: marcus: Tick 10872.
[patricia2] Chat: julius: Tick 10872.
[patricia2] Chat: titus: Standing by.
[patricia2] Chat: livia: Standing by.
[patricia2] Chat: julia: Tick 10872.
[patricia2] Chat: marcus: Tick 10884.
[patricia2] Chat: julius: Standing by.
[patricia2] Chat: titus: Tick 10884.
[patricia2] Chat: livia: Tick 10884.
[patricia2] Chat: julia: Tick 10884.
[patricia2] Chat: marcus: Reporting in.
[patricia2] Chat: julius: Standing by.
[patricia2] Chat: titus: All systems nominal.
[patricia2] Chat: livia: Reporting in.
[patricia2] Chat: julia: All systems nominal.
[patricia2] Chat: marcus: All systems nominal.
[patricia2] Chat: julius: Standing by.
[patricia2] Chat: titus: Tick 10908.
[patricia2] Chat: livia: Reporting in.
[patricia2] Chat: julia: Reporting in.
[patricia2] Chat: marcus: Tick 10920.
[patricia2] Chat: julius: All systems nominal.
[patricia2] Chat: titus: All systems nominal.
[patricia2] Chat: livia: Reporting in.
[patricia2] Chat: julia: Standing by.
[patricia2] Chat: marcus: Standing by.
[patricia2] Chat: julius: Standing by.
[patricia2] Chat: titus: Reporting in.
[patricia2] Chat: livia: Standing by.
[patricia2] Chat: julia: All systems nominal.
[patricia2] Chat: marcus: Reporting in.
[patricia2] Chat: julius: Tick 10944.
[patricia2] Chat: titus: Standing by.
[patricia2] Chat: livia: Tick 10944.
[patricia2] Chat: julia: All systems nominal.
[patricia2] Chat: marcus: All systems nominal.
[patricia2] Chat: julius: All systems nominal.
[patricia2] Chat: titus: All systems nominal.
[patricia2] Chat: livia: Standing by.
[patricia2] Chat: julia: Standing by.
[patricia2] Chat: marcus: Standing by.
[patricia2] Chat: julius: Reporting in.
[patricia2] Chat: titus: All systems nominal.
[patricia2] Chat: livia: Standing by.
[patricia2] Chat: julia: Standing by.
[patricia2] Chat: marcus: Tick 10980.
[patricia2] Chat: julius: Tick 10980.
[patricia2] Chat: titus: Tick 10980.
[patricia2] Chat: livia: Standing by.
[patricia2] Chat: julia: Tick 10980.
[patricia2] Chat: marcus: Reporting in.
[patricia2] Chat: julius: Standing by.
[patricia2] Chat: titus: All systems nominal.
[patricia2] Chat: livia: Standing by.
[patricia2] Chat: julia: Reporting in.
[patricia2] Chat: marcus: Tick 11004.
[patricia2] Chat: julius: Standing by.
[patricia2] Starting autonomous agent...
[patricia2] Waiting for spawn...
[patricia2] ✅ Spawned in world at (-307.3, -26, -69.08455416927313)
[patricia2] Connecting to Brain at ws://localhost:8767
[patricia2] ✅ Brain connected
[patricia2] Brain command: registered
[patricia2] Chat: livia: All systems nominal.
[patricia2] Chat: chelios2: Agent chelios2 online!
[patricia2] Chat: forge2: Agent forge2 online!
[patricia2] Chat: marcus: Tick 5700.
[patricia2] Chat: forge: Agent forge online!
[patricia2] Chat: patricia: Agent patricia online!
[patricia2] Chat: chelios: Agent chelios online!
[patricia2] Chat: aurora: Agent aurora online!
[patricia2] Starting autonomous agent...
[patricia2] Waiting for spawn...
[patricia2] Disconnected
[patricia2] ✅ Spawned in world at (-302.46072689727595, -26, -61.687103389795155)
[patricia2] Connecting to Brain at ws://localhost:8767
[patricia2] ✅ Brain connected
[patricia2] Brain command: registered
[patricia2] Chat: julius: All systems nominal.
[patricia2] Chat: chelios2: Agent chelios2 online!
[patricia2] Chat: forge2: Agent forge2 online!
[patricia2] Chat: titus: Standing by.
[patricia2] Chat: julia: Standing by.
[patricia2] Chat: livia: All systems nominal.
[patricia2] Chat: marcus: Standing by.
[patricia2] Chat: julius: All systems nominal.
[patricia2] Chat: titus: Tick 5712.
[patricia2] Chat: julia: Tick 5712.
[patricia2] Chat: livia: Reporting in.
[patricia2] Chat: marcus: Standing by.
[patricia2] Chat: julius: Tick 5724.
[patricia2] Chat: titus: Standing by.
[patricia2] Chat: julia: All systems nominal.
[patricia2] Chat: livia: All systems nominal.
[patricia2] Chat: marcus: Reporting in.
[patricia2] Chat: julius: Reporting in.
[patricia2] Chat: titus: Standing by.
[patricia2] Chat: julia: Reporting in.
[patricia2] Chat: livia: Reporting in.
[patricia2] Chat: marcus: Reporting in.
[patricia2] Chat: julius: Tick 5748.
[patricia2] Chat: titus: Reporting in.
[patricia2] Chat: julia: Tick 5748.
[patricia2] Chat: livia: Reporting in.
[patricia2] Chat: marcus: Standing by.
[patricia2] Chat: julius: All systems nominal.
[patricia2] Chat: titus: Standing by.
[patricia2] Chat: julia: All systems nominal.
[patricia2] Chat: livia: All systems nominal.
[patricia2] Chat: marcus: Standing by.
[patricia2] Chat: julius: Reporting in.
[patricia2] Chat: titus: All systems nominal.
[patricia2] Chat: julia: All systems nominal.
[patricia2] Chat: livia: Standing by.
[patricia2] Chat: marcus: Reporting in.
[patricia2] Chat: julius: All systems nominal.
[patricia2] Chat: titus: Reporting in.
[patricia2] Chat: julia: All systems nominal.
[patricia2] Chat: livia: All systems nominal.
[patricia2] Chat: marcus: Reporting in.
[patricia2] Chat: julius: Reporting in.
[patricia2] Chat: titus: All systems nominal.
[patricia2] Chat: julia: All systems nominal.
[patricia2] Chat: livia: Reporting in.
[patricia2] Chat: marcus: All systems nominal.
[patricia2] Chat: julius: All systems nominal.
[patricia2] Chat: titus: Reporting in.
[patricia2] Chat: julia: Standing by.
[patricia2] Chat: livia: Standing by.
[patricia2] Chat: marcus: Standing by.
[patricia2] Chat: julius: Standing by.
[patricia2] Chat: titus: All systems nominal.
[patricia2] Chat: julia: All systems nominal.
[patricia2] Chat: livia: All systems nominal.
[patricia2] Chat: marcus: Tick 5832.
[patricia2] Chat: julius: Reporting in.
[patricia2] Chat: titus: Standing by.
[patricia2] Chat: julia: Reporting in.
[patricia2] Chat: livia: Reporting in.
[patricia2] Chat: marcus: All systems nominal.
[patricia2] Chat: julius: Tick 5844.
[patricia2] Chat: titus: Reporting in.
[patricia2] Chat: julia: Tick 5844.
[patricia2] Chat: livia: Tick 5844.
[patricia2] Chat: marcus: Standing by.
[patricia2] Chat: julius: All systems nominal.
[patricia2] Chat: titus: Reporting in.
[patricia2] Chat: julia: All systems nominal.
[patricia2] Chat: livia: Tick 5856.
[patricia2] Chat: marcus: Tick 5868.
[patricia2] Chat: julius: Tick 5868.
[patricia2] Chat: titus: Standing by.
[patricia2] Chat: julia: Standing by.
[patricia2] Chat: livia: All systems nominal.
[patricia2] Chat: marcus: Standing by.
[patricia2] Chat: julius: Standing by.
[patricia2] Chat: titus: Standing by.
[patricia2] Chat: julia: All systems nominal.
[patricia2] Chat: livia: Standing by.
[patricia2] Chat: marcus: Standing by.
[patricia2] Chat: julius: All systems nominal.
[patricia2] Chat: titus: Tick 5892.
[patricia2] Chat: julia: Standing by.
[patricia2] Chat: livia: All systems nominal.
[patricia2] Chat: marcus: Standing by.
[patricia2] Chat: julius: All systems nominal.
[patricia2] Chat: titus: Tick 5904.
[patricia2] Chat: julia: Reporting in.
[patricia2] Chat: livia: Standing by.
[patricia2] Chat: marcus: Tick 5916.
[patricia2] Chat: julius: Reporting in.
[patricia2] Chat: titus: Standing by.
[patricia2] Chat: julia: Reporting in.
[patricia2] Chat: livia: Standing by.
[patricia2] Chat: marcus: All systems nominal.
[patricia2] Chat: julius: All systems nominal.
[patricia2] Chat: julia: Reporting in.
[patricia2] Chat: titus: Reporting in.
[patricia2] Chat: livia: Tick 5928.
[patricia2] Chat: marcus: Standing by.
[patricia2] Chat: julius: Tick 5940.
[patricia2] Chat: julia: All systems nominal.
[patricia2] Chat: titus: Reporting in.
[patricia2] Chat: livia: Standing by.
[patricia2] Chat: marcus: Tick 5952.
[patricia2] Chat: julius: Standing by.
[patricia2] Chat: julia: Tick 5952.
[patricia2] Chat: titus: Tick 5952.
[patricia2] Chat: livia: Reporting in.
[patricia2] Chat: marcus: Reporting in.
[patricia2] Chat: julius: Reporting in.
[patricia2] Chat: julia: All systems nominal.
[patricia2] Chat: titus: Standing by.
[patricia2] Chat: livia: Tick 5964.
[patricia2] Chat: marcus: Standing by.
[patricia2] Chat: julius: Tick 5976.
[patricia2] Chat: julia: Reporting in.
[patricia2] Chat: titus: Standing by.
[patricia2] Chat: livia: Standing by.
[patricia2] Chat: marcus: All systems nominal.
[patricia2] Chat: julius: Reporting in.
[patricia2] Chat: julia: Standing by.
[patricia2] Chat: titus: All systems nominal.
[patricia2] Chat: livia: Tick 5988.
[patricia2] Chat: marcus: Standing by.
[patricia2] Chat: julius: Standing by.
[patricia2] Chat: julia: Reporting in.
[patricia2] Chat: titus: Reporting in.
[patricia2] Chat: livia: Tick 6000.
[patricia2] Chat: marcus: Tick 6012.
[patricia2] Chat: julius: All systems nominal.
[patricia2] Chat: julia: All systems nominal.
[patricia2] Chat: titus: Tick 6012.
[patricia2] Chat: livia: Standing by.
[patricia2] Chat: marcus: Tick 6024.
[patricia2] Chat: julius: Tick 6024.
[patricia2] Chat: julia: Tick 6024.
[patricia2] Chat: titus: Tick 6024.
[patricia2] Chat: livia: All systems nominal.
[patricia2] Chat: marcus: All systems nominal.
[patricia2] Chat: julius: All systems nominal.
[patricia2] Chat: julia: Tick 6036.
[patricia2] Chat: titus: Tick 6036.
[patricia2] Chat: livia: Reporting in.
[patricia2] Chat: marcus: Tick 6048.
[patricia2] Chat: julius: All systems nominal.
[patricia2] Chat: julia: Tick 6048.
[patricia2] Chat: titus: Tick 6048.
[patricia2] Chat: livia: Tick 6048.
[patricia2] Chat: marcus: Tick 6060.
[patricia2] Chat: julius: Standing by.
[patricia2] Chat: julia: All systems nominal.
[patricia2] Chat: titus: Tick 6060.
[patricia2] Chat: livia: Reporting in.
[patricia2] Chat: marcus: Standing by.
[patricia2] Chat: julius: Reporting in.
[patricia2] Chat: julia: All systems nominal.
[patricia2] Chat: titus: Tick 6072.
[patricia2] Chat: livia: Reporting in.
[patricia2] Chat: marcus: Tick 6084.
[patricia2] Chat: julius: Standing by.
[patricia2] Chat: julia: Standing by.
[patricia2] Chat: titus: All systems nominal.
[patricia2] Chat: livia: All systems nominal.
[patricia2] Chat: marcus: Tick 6096.
[patricia2] Chat: julius: Reporting in.
[patricia2] Chat: julia: Tick 6096.
[patricia2] Chat: titus: Reporting in.
[patricia2] Chat: livia: Tick 6096.
[patricia2] Chat: marcus: Standing by.
[patricia2] Chat: julius: All systems nominal.
[patricia2] Chat: julia: All systems nominal.
[patricia2] Chat: titus: Reporting in.
[patricia2] Chat: livia: All systems nominal.
[patricia2] Chat: marcus: Standing by.
[patricia2] Chat: julius: All systems nominal.
[patricia2] Chat: julia: All systems nominal.
[patricia2] Chat: titus: All systems nominal.
[patricia2] Chat: livia: Standing by.
[patricia2] Chat: marcus: All systems nominal.
[patricia2] Chat: julius: Reporting in.
[patricia2] Chat: julia: Reporting in.
[patricia2] Chat: titus: Tick 6132.
[patricia2] Chat: livia: Standing by.
[patricia2] Chat: marcus: Standing by.
[patricia2] Chat: julius: Standing by.
[patricia2] Chat: julia: Tick 6144.
[patricia2] Chat: titus: All systems nominal.
[patricia2] Chat: livia: Reporting in.
[patricia2] Chat: marcus: Tick 6156.
[patricia2] Chat: julius: All systems nominal.
[patricia2] Chat: julia: Standing by.
[patricia2] Chat: titus: Tick 6156.
[patricia2] Chat: livia: Tick 6156.
[patricia2] Chat: marcus: Reporting in.
[patricia2] Chat: julius: All systems nominal.
[patricia2] Chat: julia: Reporting in.
[patricia2] Chat: titus: Reporting in.
[patricia2] Chat: livia: Reporting in.
[patricia2] Chat: marcus: Standing by.
[patricia2] Chat: julius: All systems nominal.
[patricia2] Chat: julia: Standing by.
[patricia2] Chat: titus: All systems nominal.
[patricia2] Chat: livia: All systems nominal.
[patricia2] Chat: marcus: All systems nominal.
[patricia2] Chat: julius: Tick 6192.
[patricia2] Chat: julia: All systems nominal.
[patricia2] Chat: titus: All systems nominal.
[patricia2] Chat: livia: Standing by.
[patricia2] Chat: marcus: All systems nominal.
[patricia2] Chat: julius: All systems nominal.
[patricia2] Chat: titus: Tick 6204.
[patricia2] Chat: julia: Tick 6204.
[patricia2] Chat: livia: Reporting in.
[patricia2] Chat: marcus: All systems nominal.
[patricia2] Chat: julius: Standing by.
[patricia2] Chat: titus: Standing by.
[patricia2] Chat: julia: Tick 6216.
[patricia2] Chat: livia: Tick 6216.
[patricia2] Chat: marcus: Tick 6228.
[patricia2] Chat: julius: All systems nominal.
[patricia2] Chat: titus: Tick 6228.
[patricia2] Chat: julia: Standing by.
[patricia2] Chat: livia: Reporting in.
[patricia2] Chat: marcus: All systems nominal.
[patricia2] Chat: julius: Standing by.
[patricia2] Chat: titus: Tick 6240.
[patricia2] Chat: julia: Reporting in.
[patricia2] Chat: livia: Standing by.
[patricia2] Chat: marcus: Tick 6252.
[patricia2] Chat: julius: All systems nominal.
[patricia2] Chat: titus: Tick 6252.
[patricia2] Chat: julia: All systems nominal.
[patricia2] Chat: livia: All systems nominal.
[patricia2] Chat: marcus: Standing by.
[patricia2] Chat: julius: Reporting in.
[patricia2] Chat: titus: Tick 6264.
[patricia2] Chat: julia: Standing by.
[patricia2] Chat: livia: Standing by.
[patricia2] Chat: marcus: Standing by.
[patricia2] Chat: julius: Reporting in.
[patricia2] Chat: titus: Tick 6276.
[patricia2] Chat: julia: Standing by.
[patricia2] Chat: livia: Tick 6276.
[patricia2] Chat: marcus: Standing by.
[patricia2] Chat: julius: Reporting in.
[patricia2] Chat: titus: Standing by.
[patricia2] Chat: julia: All systems nominal.
[patricia2] Chat: livia: Standing by.
[patricia2] Chat: marcus: Standing by.
[patricia2] Chat: julius: All systems nominal.
[patricia2] Chat: titus: Tick 6300.
[patricia2] Chat: julia: All systems nominal.
[patricia2] Chat: livia: Tick 6300.
[patricia2] Chat: marcus: All systems nominal.
[patricia2] Chat: julius: Tick 6312.
[patricia2] Chat: titus: Standing by.
[patricia2] Chat: julia: Tick 6312.
[patricia2] Chat: livia: Standing by.
[patricia2] Chat: marcus: All systems nominal.
[patricia2] Chat: julius: Standing by.
[patricia2] Chat: titus: Tick 6324.
[patricia2] Chat: julia: All systems nominal.
[patricia2] Chat: livia: All systems nominal.
[patricia2] Chat: marcus: All systems nominal.
[patricia2] Chat: julius: All systems nominal.
[patricia2] Chat: titus: Tick 6336.
[patricia2] Chat: julia: Standing by.
[patricia2] Chat: livia: Tick 6336.
[patricia2] Chat: marcus: Tick 6348.
[patricia2] Chat: julius: All systems nominal.
[patricia2] Chat: titus: Reporting in.
[patricia2] Chat: julia: Tick 6348.
[patricia2] Chat: livia: Standing by.
[patricia2] Chat: marcus: Standing by.
[patricia2] Chat: julius: All systems nominal.
[patricia2] Chat: titus: Standing by.
[patricia2] Chat: julia: Tick 6360.
[patricia2] Chat: livia: All systems nominal.
[patricia2] Chat: marcus: Reporting in.
[patricia2] Chat: julius: Standing by.
[patricia2] Chat: titus: Tick 6372.
[patricia2] Chat: julia: All systems nominal.
[patricia2] Chat: livia: Tick 6372.
[patricia2] Chat: marcus: Reporting in.
[patricia2] Chat: julius: All systems nominal.
[patricia2] Chat: titus: Standing by.
[patricia2] Chat: julia: Tick 6384.
[patricia2] Chat: livia: All systems nominal.
[patricia2] Chat: marcus: All systems nominal.
[patricia2] Chat: julius: Tick 6396.
[patricia2] Chat: titus: All systems nominal.
[patricia2] Chat: julia: Standing by.
[patricia2] Chat: livia: All systems nominal.
[patricia2] Chat: marcus: Standing by.
[patricia2] Chat: julius: Reporting in.
[patricia2] Chat: titus: Standing by.
[patricia2] Chat: julia: Standing by.
[patricia2] Chat: livia: All systems nominal.
[patricia2] Chat: marcus: Standing by.
[patricia2] Chat: julius: All systems nominal.
[patricia2] Chat: titus: Tick 6420.
[patricia2] Chat: julia: Standing by.
[patricia2] Chat: livia: Tick 6420.
[patricia2] Chat: marcus: All systems nominal.
[patricia2] Chat: julius: Tick 6432.
[patricia2] Chat: titus: All systems nominal.
[patricia2] Chat: julia: Tick 6432.
[patricia2] Chat: livia: Tick 6432.
[patricia2] Chat: marcus: All systems nominal.
[patricia2] Chat: julius: Tick 6444.
[patricia2] Chat: titus: All systems nominal.
[patricia2] Chat: julia: Reporting in.
[patricia2] Chat: livia: Tick 6444.
[patricia2] Chat: marcus: All systems nominal.
[patricia2] Chat: julius: Tick 6456.
[patricia2] Chat: titus: Standing by.
[patricia2] Chat: julia: Reporting in.
[patricia2] Chat: livia: Standing by.
[patricia2] Chat: marcus: Standing by.
[patricia2] Chat: julius: All systems nominal.
[patricia2] Chat: titus: All systems nominal.
[patricia2] Chat: julia: Tick 6468.
[patricia2] Chat: livia: Reporting in.
[patricia2] Chat: marcus: Standing by.
[patricia2] Chat: julius: All systems nominal.
[patricia2] Chat: titus: Reporting in.
[patricia2] Chat: julia: Standing by.
[patricia2] Chat: livia: Reporting in.
[patricia2] Chat: marcus: Reporting in.
[patricia2] Chat: julius: Standing by.
[patricia2] Chat: titus: Reporting in.
[patricia2] Chat: julia: Tick 6492.
[patricia2] Chat: livia: Reporting in.
[patricia2] Chat: marcus: Standing by.
[patricia2] Chat: julius: All systems nominal.
[patricia2] Chat: titus: Reporting in.
[patricia2] Chat: julia: Tick 6504.
[patricia2] Chat: livia: Tick 6504.
[patricia2] Chat: marcus: All systems nominal.
[patricia2] Chat: julius: Standing by.
[patricia2] Chat: titus: Standing by.
[patricia2] Chat: julia: Reporting in.
[patricia2] Chat: livia: Reporting in.
[patricia2] Chat: marcus: Standing by.
[patricia2] Chat: julius: Standing by.
[patricia2] Chat: titus: Reporting in.
[patricia2] Chat: julia: Tick 6528.
[patricia2] Chat: livia: Standing by.
[patricia2] Chat: marcus: Standing by.
[patricia2] Chat: julius: Reporting in.
[patricia2] Chat: titus: Tick 6540.
[patricia2] Chat: julia: Reporting in.
[patricia2] Chat: livia: All systems nominal.
[patricia2] Chat: marcus: Tick 6552.
[patricia2] Chat: julius: All systems nominal.
[patricia2] Chat: titus: Standing by.
[patricia2] Chat: julia: All systems nominal.
[patricia2] Chat: livia: Standing by.
[patricia2] Chat: marcus: Standing by.
[patricia2] Chat: julius: Tick 6564.
[patricia2] Chat: titus: Standing by.
[patricia2] Chat: julia: Standing by.
[patricia2] Chat: livia: All systems nominal.
[patricia2] Chat: marcus: Tick 6576.
[patricia2] Chat: julius: Reporting in.
[patricia2] Chat: titus: Tick 6576.
[patricia2] Chat: julia: Standing by.
[patricia2] Chat: livia: All systems nominal.
[patricia2] Chat: marcus: All systems nominal.
[patricia2] Chat: julius: Standing by.
[patricia2] Chat: titus: All systems nominal.
[patricia2] Chat: julia: Tick 6588.
[patricia2] Chat: livia: All systems nominal.
[patricia2] Chat: marcus: Tick 6600.
[patricia2] Chat: julius: All systems nominal.
[patricia2] Chat: titus: All systems nominal.
[patricia2] Chat: julia: Standing by.
[patricia2] Chat: livia: Reporting in.
[patricia2] Chat: marcus: Standing by.
[patricia2] Chat: julius: Standing by.
[patricia2] Chat: titus: Standing by.
[patricia2] Chat: julia: All systems nominal.
[patricia2] Chat: livia: All systems nominal.
[patricia2] Chat: marcus: Standing by.
[patricia2] Chat: julius: Tick 6624.
[patricia2] Chat: titus: All systems nominal.
[patricia2] Chat: julia: Standing by.
[patricia2] Chat: livia: All systems nominal.
[patricia2] Chat: marcus: Reporting in.
[patricia2] Chat: julius: All systems nominal.
[patricia2] Chat: titus: Standing by.
[patricia2] Chat: julia: Reporting in.
[patricia2] Chat: livia: Tick 6636.
[patricia2] Chat: marcus: All systems nominal.
[patricia2] Chat: julius: Standing by.
[patricia2] Chat: titus: Standing by.
[patricia2] Chat: julia: Tick 6648.
[patricia2] Chat: livia: Reporting in.
[patricia2] Chat: marcus: Reporting in.
[patricia2] Chat: julius: Standing by.
[patricia2] Chat: titus: All systems nominal.
[patricia2] Chat: julia: All systems nominal.
[patricia2] Chat: livia: Standing by.
[patricia2] Chat: marcus: Tick 6672.
[patricia2] Chat: julius: All systems nominal.
[patricia2] Chat: titus: Reporting in.
[patricia2] Chat: julia: All systems nominal.
[patricia2] Chat: livia: Standing by.
[patricia2] Chat: marcus: Standing by.
[patricia2] Chat: julius: Standing by.
[patricia2] Chat: titus: All systems nominal.
[patricia2] Chat: julia: Tick 6684.
[patricia2] Chat: livia: Tick 6684.
[patricia2] Chat: marcus: Standing by.
[patricia2] Chat: julius: Standing by.
[patricia2] Chat: titus: Standing by.
[patricia2] Chat: julia: Standing by.
[patricia2] Chat: livia: All systems nominal.
[patricia2] Chat: marcus: Reporting in.
[patricia2] Chat: julius: All systems nominal.
[patricia2] Chat: titus: Standing by.
[patricia2] Chat: julia: Standing by.
[patricia2] Chat: livia: Reporting in.
[patricia2] Chat: marcus: Standing by.
[patricia2] Chat: julius: All systems nominal.
[patricia2] Chat: titus: Tick 6720.
[patricia2] Chat: julia: Reporting in.
[patricia2] Chat: livia: Standing by.
[patricia2] Chat: marcus: All systems nominal.
[patricia2] Chat: julius: All systems nominal.
[patricia2] Chat: titus: Standing by.
[patricia2] Chat: julia: All systems nominal.
[patricia2] Chat: livia: All systems nominal.
[patricia2] Chat: marcus: Tick 6744.
[patricia2] Chat: julius: Standing by.
[patricia2] Chat: titus: All systems nominal.
[patricia2] Chat: julia: Standing by.
[patricia2] Chat: livia: Tick 6744.
[patricia2] Chat: marcus: Standing by.
[patricia2] Chat: julius: Standing by.
[patricia2] Chat: titus: Tick 6756.
[patricia2] Chat: julia: All systems nominal.
[patricia2] Chat: livia: Reporting in.
[patricia2] Chat: marcus: Standing by.
[patricia2] Chat: julius: Standing by.
[patricia2] Chat: titus: Standing by.
[patricia2] Chat: julia: Standing by.
[patricia2] Chat: livia: Reporting in.
[patricia2] Chat: marcus: Tick 6780.
[patricia2] Chat: julius: Reporting in.
[patricia2] Chat: titus: Tick 6780.
[patricia2] Chat: julia: Standing by.
[patricia2] Chat: livia: All systems nominal.
[patricia2] Chat: marcus: Tick 6792.
[patricia2] Chat: julius: Reporting in.
[patricia2] Chat: titus: Reporting in.
[patricia2] Chat: julia: Standing by.
[patricia2] Chat: livia: Reporting in.
[patricia2] Chat: marcus: Reporting in.
[patricia2] Chat: julius: All systems nominal.
[patricia2] Chat: titus: Standing by.
[patricia2] Chat: julia: Reporting in.
[patricia2] Chat: livia: All systems nominal.
[patricia2] Chat: marcus: Reporting in.
[patricia2] Chat: julius: All systems nominal.
[patricia2] Chat: titus: Standing by.
[patricia2] Chat: julia: Tick 6816.
[patricia2] Chat: livia: Standing by.
[patricia2] Chat: marcus: Standing by.
[patricia2] Chat: julius: Standing by.
[patricia2] Chat: titus: Tick 6828.
[patricia2] Chat: julia: Reporting in.
[patricia2] Chat: livia: Reporting in.
[patricia2] Chat: marcus: All systems nominal.
[patricia2] Chat: julius: Standing by.
[patricia2] Chat: titus: Tick 6840.
[patricia2] Chat: julia: Tick 6840.
[patricia2] Chat: livia: All systems nominal.
[patricia2] Chat: marcus: Reporting in.
[patricia2] Chat: julius: All systems nominal.
[patricia2] Chat: titus: Reporting in.
[patricia2] Chat: julia: All systems nominal.
[patricia2] Chat: livia: All systems nominal.
[patricia2] Chat: marcus: Standing by.
[patricia2] Chat: julius: Tick 6864.
[patricia2] Chat: titus: All systems nominal.
[patricia2] Chat: julia: Standing by.
[patricia2] Chat: livia: Tick 6864.
[patricia2] Chat: marcus: All systems nominal.
[patricia2] Chat: julius: Tick 6876.
[patricia2] Chat: titus: Standing by.
[patricia2] Chat: julia: All systems nominal.
[patricia2] Chat: livia: Tick 6876.
[patricia2] Chat: marcus: Tick 6888.
[patricia2] Chat: julius: Reporting in.
[patricia2] Chat: titus: Reporting in.
[patricia2] Chat: julia: Reporting in.
[patricia2] Chat: livia: All systems nominal.
[patricia2] Chat: marcus: Standing by.
[patricia2] Chat: julius: All systems nominal.
[patricia2] Chat: titus: Reporting in.
[patricia2] Chat: julia: Reporting in.
[patricia2] Chat: livia: All systems nominal.
[patricia2] Chat: marcus: All systems nominal.
[patricia2] Chat: julius: Reporting in.
[patricia2] Chat: titus: All systems nominal.
[patricia2] Chat: julia: Tick 6912.
[patricia2] Chat: livia: Tick 6912.
[patricia2] Chat: marcus: Standing by.
[patricia2] Chat: julius: Tick 6924.
[patricia2] Chat: titus: All systems nominal.
[patricia2] Chat: julia: Tick 6924.
[patricia2] Chat: livia: Standing by.
[patricia2] Chat: marcus: Tick 6936.
[patricia2] Chat: julius: Reporting in.
[patricia2] Chat: titus: Reporting in.
[patricia2] Chat: julia: All systems nominal.
[patricia2] Chat: livia: Tick 6936.
[patricia2] Chat: marcus: All systems nominal.
[patricia2] Chat: titus: Reporting in.
[patricia2] Chat: julius: All systems nominal.
[patricia2] Chat: julia: All systems nominal.
[patricia2] Chat: livia: All systems nominal.
[patricia2] Chat: marcus: All systems nominal.
[patricia2] Chat: titus: Tick 6960.
[patricia2] Chat: julia: Standing by.
[patricia2] Chat: julius: All systems nominal.
[patricia2] Chat: livia: Tick 6960.
[patricia2] Chat: marcus: Tick 6972.
[patricia2] Chat: titus: All systems nominal.
[patricia2] Chat: julia: Tick 6972.
[patricia2] Chat: julius: All systems nominal.
[patricia2] Chat: livia: All systems nominal.
[patricia2] Chat: marcus: Tick 6984.
[patricia2] Chat: titus: Reporting in.
[patricia2] Chat: julia: Tick 6984.
[patricia2] Chat: julius: Reporting in.
[patricia2] Chat: livia: All systems nominal.
[patricia2] Chat: marcus: Standing by.
[patricia2] Chat: titus: Tick 6996.
[patricia2] Chat: julia: Tick 6996.
[patricia2] Chat: julius: Tick 6996.
[patricia2] Chat: livia: Standing by.
[patricia2] Chat: marcus: Standing by.
[patricia2] Chat: titus: Standing by.
[patricia2] Chat: julia: All systems nominal.
[patricia2] Chat: julius: All systems nominal.
[patricia2] Chat: livia: Reporting in.
[patricia2] Chat: marcus: Standing by.
[patricia2] Chat: titus: Reporting in.
[patricia2] Chat: julia: Standing by.
[patricia2] Chat: julius: Reporting in.
[patricia2] Chat: livia: Reporting in.
[patricia2] Chat: marcus: Reporting in.
[patricia2] Chat: titus: Reporting in.
[patricia2] Chat: julia: All systems nominal.
[patricia2] Chat: julius: Standing by.
[patricia2] Chat: livia: Reporting in.
[patricia2] Chat: marcus: All systems nominal.
[patricia2] Chat: titus: Reporting in.
[patricia2] Chat: julia: Reporting in.
[patricia2] Chat: julius: All systems nominal.
[patricia2] Chat: livia: All systems nominal.
[patricia2] Chat: marcus: Standing by.
[patricia2] Chat: titus: Tick 7056.
[patricia2] Chat: julia: Standing by.
[patricia2] Chat: julius: Reporting in.
[patricia2] Chat: livia: Standing by.
[patricia2] Chat: marcus: All systems nominal.
[patricia2] Chat: titus: All systems nominal.
[patricia2] Chat: julia: Tick 7068.
[patricia2] Chat: julius: All systems nominal.
[patricia2] Chat: livia: All systems nominal.
[patricia2] Chat: marcus: All systems nominal.
[patricia2] Chat: titus: Tick 7080.
[patricia2] Chat: julia: Tick 7080.
[patricia2] Chat: julius: All systems nominal.
[patricia2] Chat: livia: Reporting in.
[patricia2] Chat: marcus: All systems nominal.
[patricia2] Chat: titus: All systems nominal.
[patricia2] Chat: julia: All systems nominal.
[patricia2] Chat: julius: Reporting in.
[patricia2] Chat: livia: Reporting in.
[patricia2] Chat: marcus: Reporting in.
[patricia2] Chat: julia: All systems nominal.
[patricia2] Chat: titus: Reporting in.
[patricia2] Chat: julius: Standing by.
[patricia2] Chat: livia: Reporting in.
[patricia2] Chat: marcus: Reporting in.
[patricia2] Chat: julia: Standing by.
[patricia2] Chat: titus: Standing by.
[patricia2] Chat: julius: Tick 7116.
[patricia2] Chat: livia: All systems nominal.
[patricia2] Chat: marcus: Standing by.
[patricia2] Chat: julia: All systems nominal.
[patricia2] Chat: titus: Standing by.
[patricia2] Chat: julius: Reporting in.
[patricia2] Chat: livia: Standing by.
[patricia2] Chat: marcus: Reporting in.
[patricia2] Chat: titus: Reporting in.
[patricia2] Chat: julia: Standing by.
[patricia2] Chat: julius: Reporting in.
[patricia2] Chat: livia: Reporting in.
[patricia2] Chat: marcus: Reporting in.
[patricia2] Chat: titus: Tick 7152.
[patricia2] Chat: julia: Tick 7152.
[patricia2] Chat: julius: Reporting in.
[patricia2] Chat: livia: Standing by.
[patricia2] Chat: marcus: Reporting in.
[patricia2] Chat: titus: Standing by.
[patricia2] Chat: julia: Standing by.
[patricia2] Chat: julius: Tick 7164.
[patricia2] Chat: livia: All systems nominal.
[patricia2] Chat: marcus: All systems nominal.
[patricia2] Chat: titus: Reporting in.
[patricia2] Chat: julia: Standing by.
[patricia2] Chat: julius: Standing by.
[patricia2] Chat: livia: Reporting in.
[patricia2] Chat: marcus: Tick 7188.
[patricia2] Chat: titus: Tick 7188.
[patricia2] Chat: julia: Tick 7188.
[patricia2] Chat: julius: Reporting in.
[patricia2] Chat: livia: All systems nominal.
[patricia2] Chat: marcus: Reporting in.
[patricia2] Chat: titus: Reporting in.
[patricia2] Chat: julia: All systems nominal.
[patricia2] Chat: julius: All systems nominal.
[patricia2] Chat: livia: Reporting in.
[patricia2] Chat: marcus: All systems nominal.
[patricia2] Chat: titus: Reporting in.
[patricia2] Chat: julia: All systems nominal.
[patricia2] Chat: julius: Tick 7212.
[patricia2] Chat: livia: Tick 7212.
[patricia2] Chat: marcus: All systems nominal.
[patricia2] Chat: titus: All systems nominal.
[patricia2] Chat: julia: Standing by.
[patricia2] Chat: julius: Standing by.
[patricia2] Chat: livia: Tick 7224.
[patricia2] Chat: marcus: Standing by.
[patricia2] Chat: titus: Reporting in.
[patricia2] Chat: julia: Standing by.
[patricia2] Chat: julius: Standing by.
[patricia2] Chat: livia: Tick 7236.
[patricia2] Chat: marcus: Tick 7248.
[patricia2] Chat: titus: Reporting in.
[patricia2] Chat: julia: Tick 7248.
[patricia2] Chat: julius: Standing by.
[patricia2] Chat: livia: Standing by.
[patricia2] Chat: marcus: All systems nominal.
[patricia2] Chat: julia: All systems nominal.
[patricia2] Chat: titus: Tick 7260.
[patricia2] Chat: julius: Reporting in.
[patricia2] Chat: livia: Reporting in.
[patricia2] Chat: marcus: Standing by.
[patricia2] Chat: julia: Standing by.
[patricia2] Chat: titus: Reporting in.
[patricia2] Chat: julius: Standing by.
[patricia2] Chat: livia: Reporting in.
[patricia2] Chat: marcus: Standing by.
[patricia2] Chat: julia: Standing by.
[patricia2] Chat: titus: Tick 7284.
[patricia2] Chat: julius: All systems nominal.
[patricia2] Chat: livia: Reporting in.
[patricia2] Chat: marcus: Tick 7296.
[patricia2] Chat: julia: All systems nominal.
[patricia2] Chat: titus: Standing by.
[patricia2] Chat: julius: Standing by.
[patricia2] Chat: livia: All systems nominal.
[patricia2] Chat: marcus: Standing by.
[patricia2] Chat: julia: Reporting in.
[patricia2] Chat: titus: All systems nominal.
[patricia2] Chat: julius: Tick 7308.
[patricia2] Chat: livia: All systems nominal.
[patricia2] Chat: marcus: Standing by.
[patricia2] Chat: julia: Tick 7320.
[patricia2] Chat: titus: All systems nominal.
[patricia2] Chat: julius: Reporting in.
[patricia2] Chat: livia: Tick 7320.
[patricia2] Chat: marcus: Reporting in.
[patricia2] Chat: julia: Standing by.
[patricia2] Chat: titus: Tick 7332.
[patricia2] Chat: julius: All systems nominal.
[patricia2] Chat: livia: All systems nominal.
[patricia2] Chat: marcus: Reporting in.
[patricia2] Chat: julia: Tick 7344.
[patricia2] Chat: titus: Standing by.
[patricia2] Chat: julius: Standing by.
[patricia2] Chat: livia: Tick 7344.
[patricia2] Chat: marcus: All systems nominal.
[patricia2] Chat: julia: All systems nominal.
[patricia2] Chat: titus: Tick 7356.
[patricia2] Chat: julius: All systems nominal.
[patricia2] Chat: livia: Tick 7356.
[patricia2] Chat: marcus: Standing by.
[patricia2] Chat: julia: All systems nominal.
[patricia2] Chat: titus: Tick 7368.
[patricia2] Chat: julius: Reporting in.
[patricia2] Chat: livia: Tick 7368.
[patricia2] Chat: marcus: Standing by.
[patricia2] Chat: julia: Standing by.
[patricia2] Chat: titus: All systems nominal.
[patricia2] Chat: julius: All systems nominal.
[patricia2] Chat: livia: Tick 7380.
[patricia2] Chat: marcus: Standing by.
[patricia2] Chat: julia: Tick 7392.
[patricia2] Chat: titus: Tick 7392.
[patricia2] Chat: julius: All systems nominal.
[patricia2] Chat: livia: All systems nominal.
[patricia2] Chat: marcus: Standing by.
[patricia2] Chat: julia: Tick 7404.
[patricia2] Chat: titus: Tick 7404.
[patricia2] Chat: julius: All systems nominal.
[patricia2] Chat: livia: Standing by.
[patricia2] Chat: marcus: Reporting in.
[patricia2] Chat: julia: Standing by.
[patricia2] Chat: titus: Reporting in.
[patricia2] Chat: julius: Tick 7416.
[patricia2] Chat: livia: Standing by.
[patricia2] Chat: marcus: Reporting in.
[patricia2] Chat: julia: Standing by.
[patricia2] Chat: titus: All systems nominal.
[patricia2] Chat: julius: Reporting in.
[patricia2] Chat: livia: Standing by.
[patricia2] Chat: marcus: Standing by.
[patricia2] Chat: julia: Standing by.
[patricia2] Chat: titus: Standing by.
[patricia2] Chat: julius: All systems nominal.
[patricia2] Chat: livia: Reporting in.
[patricia2] Chat: marcus: Tick 7452.
[patricia2] Chat: julia: Standing by.
[patricia2] Chat: titus: Standing by.
[patricia2] Chat: julius: Tick 7452.
[patricia2] Chat: livia: Reporting in.
[patricia2] Chat: marcus: Reporting in.
[patricia2] Chat: julia: All systems nominal.
[patricia2] Chat: titus: Standing by.
[patricia2] Chat: julius: Reporting in.
[patricia2] Chat: livia: Reporting in.
[patricia2] Chat: marcus: All systems nominal.
[patricia2] Chat: julia: All systems nominal.
[patricia2] Chat: titus: Standing by.
[patricia2] Chat: julius: All systems nominal.
[patricia2] Chat: livia: Reporting in.
[patricia2] Chat: marcus: Standing by.
[patricia2] Chat: julia: Reporting in.
[patricia2] Chat: titus: Reporting in.
[patricia2] Chat: julius: All systems nominal.
[patricia2] Chat: livia: Tick 7488.
[patricia2] Chat: marcus: Reporting in.
[patricia2] Chat: julia: Reporting in.
[patricia2] Chat: titus: Standing by.
[patricia2] Chat: julius: Reporting in.
[patricia2] Chat: livia: Tick 7500.
[patricia2] Chat: marcus: All systems nominal.
[patricia2] Chat: julia: Reporting in.
[patricia2] Chat: titus: Tick 7512.
[patricia2] Chat: julius: All systems nominal.
[patricia2] Chat: livia: Tick 7512.
[patricia2] Chat: marcus: Tick 7524.
[patricia2] Chat: julia: All systems nominal.
[patricia2] Chat: titus: Standing by.
[patricia2] Chat: julius: Standing by.
[patricia2] Chat: livia: Standing by.
[patricia2] Chat: marcus: All systems nominal.
[patricia2] Chat: julia: All systems nominal.
[patricia2] Chat: titus: Standing by.
[patricia2] Chat: julius: Tick 7536.
[patricia2] Chat: livia: Reporting in.
[patricia2] Chat: marcus: All systems nominal.
[patricia2] Chat: julia: Tick 7548.
[patricia2] Chat: titus: Tick 7548.
[patricia2] Chat: julius: Tick 7548.
[patricia2] Chat: livia: Standing by.
[patricia2] Chat: marcus: Reporting in.
[patricia2] Chat: julia: Reporting in.
[patricia2] Chat: titus: Tick 7560.
[patricia2] Chat: julius: All systems nominal.
[patricia2] Chat: livia: Standing by.
[patricia2] Chat: marcus: Reporting in.
[patricia2] Chat: julia: Tick 7572.
[patricia2] Chat: titus: Tick 7572.
[patricia2] Chat: julius: Tick 7572.
[patricia2] Chat: livia: Standing by.
[patricia2] Chat: marcus: Reporting in.
[patricia2] Chat: julia: Tick 7584.
[patricia2] Chat: titus: Reporting in.
[patricia2] Chat: julius: Reporting in.
[patricia2] Chat: livia: Tick 7584.
[patricia2] Chat: marcus: Reporting in.
[patricia2] Chat: julia: Standing by.
[patricia2] Chat: titus: Reporting in.
[patricia2] Chat: julius: Reporting in.
[patricia2] Chat: livia: All systems nominal.
[patricia2] Chat: marcus: Standing by.
[patricia2] Chat: julia: All systems nominal.
[patricia2] Chat: titus: Tick 7608.
[patricia2] Chat: julius: All systems nominal.
[patricia2] Chat: livia: Standing by.
[patricia2] Chat: marcus: Reporting in.
[patricia2] Chat: julia: All systems nominal.
[patricia2] Chat: titus: Reporting in.
[patricia2] Chat: julius: Reporting in.
[patricia2] Chat: livia: All systems nominal.
[patricia2] Chat: marcus: Standing by.
[patricia2] Chat: julia: All systems nominal.
[patricia2] Chat: titus: Reporting in.
[patricia2] Chat: julius: Standing by.
[patricia2] Chat: livia: All systems nominal.
[patricia2] Chat: marcus: All systems nominal.
[patricia2] Chat: julia: Tick 7644.
[patricia2] Chat: titus: Standing by.
[patricia2] Chat: julius: All systems nominal.
[patricia2] Chat: livia: Tick 7644.
[patricia2] Chat: marcus: Reporting in.
[patricia2] Chat: julia: Standing by.
[patricia2] Chat: titus: Tick 7656.
[patricia2] Chat: julius: All systems nominal.
[patricia2] Chat: livia: Reporting in.
[patricia2] Chat: marcus: Standing by.
[patricia2] Chat: julia: Standing by.
[patricia2] Chat: titus: Reporting in.
[patricia2] Chat: julius: All systems nominal.
[patricia2] Chat: livia: All systems nominal.
[patricia2] Chat: marcus: Standing by.
[patricia2] Chat: julia: Standing by.
[patricia2] Chat: titus: All systems nominal.
[patricia2] Chat: julius: All systems nominal.
[patricia2] Chat: livia: Tick 7680.
[patricia2] Chat: marcus: Tick 7692.
[patricia2] Chat: julia: All systems nominal.
[patricia2] Chat: titus: Standing by.
[patricia2] Chat: julius: Reporting in.
[patricia2] Chat: livia: All systems nominal.
[patricia2] Chat: marcus: All systems nominal.
[patricia2] Chat: julia: Standing by.
[patricia2] Chat: titus: Standing by.
[patricia2] Chat: julius: Tick 7704.
[patricia2] Chat: livia: Tick 7704.
[patricia2] Chat: marcus: Reporting in.
[patricia2] Chat: julia: All systems nominal.
[patricia2] Chat: titus: Reporting in.
[patricia2] Chat: julius: Tick 7716.
[patricia2] Chat: livia: Tick 7716.
[patricia2] Chat: marcus: Reporting in.
[patricia2] Chat: julia: Reporting in.
[patricia2] Chat: titus: All systems nominal.
[patricia2] Chat: julius: Standing by.
[patricia2] Chat: livia: All systems nominal.
[patricia2] Chat: marcus: All systems nominal.
[patricia2] Chat: julia: Tick 7740.
[patricia2] Chat: titus: All systems nominal.
[patricia2] Chat: julius: Reporting in.
[patricia2] Chat: livia: Standing by.
[patricia2] Chat: marcus: All systems nominal.
[patricia2] Chat: julia: Tick 7752.
[patricia2] Chat: titus: Standing by.
[patricia2] Chat: julius: Tick 7752.
[patricia2] Chat: livia: Reporting in.
[patricia2] Chat: marcus: Standing by.
[patricia2] Chat: julia: Standing by.
[patricia2] Chat: titus: All systems nominal.
[patricia2] Chat: julius: Tick 7764.
[patricia2] Chat: livia: All systems nominal.
[patricia2] Chat: marcus: Tick 7776.
[patricia2] Chat: julia: All systems nominal.
[patricia2] Chat: titus: Standing by.
[patricia2] Chat: julius: Tick 7776.
[patricia2] Chat: livia: Standing by.
[patricia2] Chat: marcus: Standing by.
[patricia2] Chat: julia: Tick 7788.
[patricia2] Chat: titus: Standing by.
[patricia2] Chat: julius: Tick 7788.
[patricia2] Chat: livia: Reporting in.
[patricia2] Chat: marcus: All systems nominal.
[patricia2] Chat: julia: Reporting in.
[patricia2] Chat: titus: Tick 7800.
[patricia2] Chat: julius: Reporting in.
[patricia2] Chat: livia: Tick 7800.
[patricia2] Chat: marcus: Reporting in.
[patricia2] Chat: julia: Standing by.
[patricia2] Chat: titus: Standing by.
[patricia2] Chat: julius: All systems nominal.
[patricia2] Chat: livia: Tick 7812.
[patricia2] Chat: marcus: Standing by.
[patricia2] Chat: julia: Standing by.
[patricia2] Chat: titus: All systems nominal.
[patricia2] Chat: julius: Reporting in.
[patricia2] Chat: livia: Standing by.
[patricia2] Chat: marcus: All systems nominal.
[patricia2] Chat: julia: All systems nominal.
[patricia2] Chat: titus: Reporting in.
[patricia2] Chat: julius: All systems nominal.
[patricia2] Chat: livia: Reporting in.
[patricia2] Chat: marcus: All systems nominal.
[patricia2] Chat: julia: Tick 7848.
[patricia2] Chat: titus: Tick 7848.
[patricia2] Chat: julius: Standing by.
[patricia2] Chat: livia: Standing by.
[patricia2] Chat: marcus: Reporting in.
[patricia2] Chat: julia: Reporting in.
[patricia2] Chat: titus: Tick 7860.
[patricia2] Chat: julius: Reporting in.
[patricia2] Chat: livia: Reporting in.
[patricia2] Chat: marcus: Tick 7872.
[patricia2] Chat: julia: Reporting in.
[patricia2] Chat: titus: Reporting in.
[patricia2] Chat: julius: Reporting in.
[patricia2] Chat: livia: Reporting in.
[patricia2] Chat: marcus: Tick 7884.
[patricia2] Chat: julia: Standing by.
[patricia2] Chat: titus: All systems nominal.
[patricia2] Chat: julius: All systems nominal.
[patricia2] Chat: livia: Tick 7884.
[patricia2] Chat: marcus: Tick 7896.
[patricia2] Chat: julia: Tick 7896.
[patricia2] Chat: titus: Reporting in.
[patricia2] Chat: julius: Reporting in.
[patricia2] Chat: livia: All systems nominal.
[patricia2] Chat: marcus: Reporting in.
[patricia2] Chat: julia: All systems nominal.
[patricia2] Chat: titus: Standing by.
[patricia2] Chat: julius: All systems nominal.
[patricia2] Chat: livia: Reporting in.
[patricia2] Chat: marcus: Reporting in.
[patricia2] Chat: julia: All systems nominal.
[patricia2] Chat: titus: All systems nominal.
[patricia2] Chat: julius: Tick 7920.
[patricia2] Chat: livia: Standing by.
[patricia2] Chat: marcus: Tick 7932.
[patricia2] Chat: julia: Standing by.
[patricia2] Chat: titus: Reporting in.
[patricia2] Chat: julius: Standing by.
[patricia2] Chat: livia: Reporting in.
[patricia2] Chat: marcus: All systems nominal.
[patricia2] Chat: julia: All systems nominal.
[patricia2] Chat: titus: Reporting in.
[patricia2] Chat: julius: Standing by.
[patricia2] Chat: livia: Standing by.
[patricia2] Chat: marcus: Tick 7956.
[patricia2] Chat: julia: Tick 7956.
[patricia2] Chat: titus: Tick 7956.
[patricia2] Chat: julius: Reporting in.
[patricia2] Chat: livia: Tick 7956.
[patricia2] Chat: marcus: Standing by.
[patricia2] Chat: julia: Standing by.
[patricia2] Chat: titus: All systems nominal.
[patricia2] Chat: julius: Tick 7968.
[patricia2] Chat: livia: Standing by.
[patricia2] Chat: marcus: All systems nominal.
[patricia2] Chat: julia: All systems nominal.
[patricia2] Chat: titus: Standing by.
[patricia2] Chat: julius: All systems nominal.
[patricia2] Chat: livia: All systems nominal.
[patricia2] Chat: marcus: Reporting in.
[patricia2] Chat: julia: Reporting in.
[patricia2] Chat: titus: All systems nominal.
[patricia2] Chat: julius: Reporting in.
[patricia2] Chat: livia: Reporting in.
[patricia2] Chat: marcus: Tick 8004.
[patricia2] Chat: julia: Tick 8004.
[patricia2] Chat: titus: Reporting in.
[patricia2] Chat: julius: Standing by.
[patricia2] Chat: livia: Standing by.
[patricia2] Chat: marcus: Tick 8016.
[patricia2] Chat: julia: Tick 8016.
[patricia2] Chat: titus: Tick 8016.
[patricia2] Chat: julius: Tick 8016.
[patricia2] Chat: livia: Standing by.
[patricia2] Chat: marcus: All systems nominal.
[patricia2] Chat: julia: Reporting in.
[patricia2] Chat: titus: Standing by.
[patricia2] Chat: julius: Standing by.
[patricia2] Chat: livia: Standing by.
[patricia2] Chat: marcus: Reporting in.
[patricia2] Chat: julia: Reporting in.
[patricia2] Chat: titus: Standing by.
[patricia2] Chat: julius: Reporting in.
[patricia2] Chat: livia: Reporting in.
[patricia2] Chat: marcus: Reporting in.
[patricia2] Chat: julia: Standing by.
[patricia2] Chat: titus: Reporting in.
[patricia2] Chat: julius: All systems nominal.
[patricia2] Chat: livia: Reporting in.
[patricia2] Chat: marcus: Tick 8064.
[patricia2] Chat: julia: Standing by.
[patricia2] Chat: titus: Reporting in.
[patricia2] Chat: julius: All systems nominal.
[patricia2] Chat: livia: Reporting in.
[patricia2] Chat: marcus: Standing by.
[patricia2] Chat: julia: Standing by.
[patricia2] Chat: titus: Standing by.
[patricia2] Chat: julius: Reporting in.
[patricia2] Chat: livia: All systems nominal.
[patricia2] Chat: marcus: All systems nominal.
[patricia2] Chat: julia: Standing by.
[patricia2] Chat: titus: Standing by.
[patricia2] Chat: julius: Reporting in.
[patricia2] Chat: livia: Standing by.
[patricia2] Chat: marcus: Reporting in.
[patricia2] Chat: julia: All systems nominal.
[patricia2] Chat: titus: All systems nominal.
[patricia2] Chat: julius: Reporting in.
[patricia2] Chat: livia: All systems nominal.
[patricia2] Chat: marcus: All systems nominal.
[patricia2] Chat: julia: Tick 8112.
[patricia2] Chat: titus: Tick 8112.
[patricia2] Chat: julius: Tick 8112.
[patricia2] Chat: livia: All systems nominal.
[patricia2] Chat: marcus: Tick 8124.
[patricia2] Chat: julia: All systems nominal.
[patricia2] Chat: titus: Tick 8124.
[patricia2] Chat: julius: Reporting in.
[patricia2] Chat: livia: Reporting in.
[patricia2] Chat: marcus: Tick 8136.
[patricia2] Chat: julia: Standing by.
[patricia2] Chat: titus: All systems nominal.
[patricia2] Chat: julius: Tick 8136.
[patricia2] Chat: livia: Tick 8136.
[patricia2] Chat: marcus: Tick 8148.
[patricia2] Chat: julia: Reporting in.
[patricia2] Chat: titus: Reporting in.
[patricia2] Chat: julius: All systems nominal.
[patricia2] Chat: livia: Tick 8148.
[patricia2] Chat: marcus: Tick 8160.
[patricia2] Chat: julia: Standing by.
[patricia2] Chat: titus: All systems nominal.
[patricia2] Chat: julius: Reporting in.
[patricia2] Chat: livia: Tick 8160.
[patricia2] Chat: marcus: Tick 8172.
[patricia2] Chat: julia: Standing by.
[patricia2] Chat: titus: Reporting in.
[patricia2] Chat: julius: Tick 8172.
[patricia2] Chat: livia: All systems nominal.
[patricia2] Chat: marcus: Reporting in.
[patricia2] Chat: julia: All systems nominal.
[patricia2] Chat: titus: Tick 8184.
[patricia2] Chat: julius: All systems nominal.
[patricia2] Chat: livia: Standing by.
[patricia2] Chat: marcus: Tick 8196.
[patricia2] Chat: julia: Reporting in.
[patricia2] Chat: titus: Standing by.
[patricia2] Chat: julius: Reporting in.
[patricia2] Chat: livia: Reporting in.
[patricia2] Chat: marcus: Standing by.
[patricia2] Chat: julia: Reporting in.
[patricia2] Chat: titus: All systems nominal.
[patricia2] Chat: julius: Tick 8208.
[patricia2] Chat: livia: Tick 8208.
[patricia2] Chat: marcus: Reporting in.
[patricia2] Chat: julia: Standing by.
[patricia2] Chat: titus: Tick 8220.
[patricia2] Chat: julius: Standing by.
[patricia2] Chat: livia: Tick 8220.
[patricia2] Chat: marcus: Reporting in.
[patricia2] Chat: julia: Standing by.
[patricia2] Chat: titus: Standing by.
[patricia2] Chat: julius: Standing by.
[patricia2] Chat: livia: Standing by.
[patricia2] Chat: marcus: Standing by.
[patricia2] Chat: julia: Tick 8244.
[patricia2] Chat: titus: Standing by.
[patricia2] Chat: julius: Standing by.
[patricia2] Chat: livia: Tick 8244.
[patricia2] Chat: marcus: All systems nominal.
[patricia2] Chat: julia: Reporting in.
[patricia2] Chat: titus: All systems nominal.
[patricia2] Chat: julius: All systems nominal.
[patricia2] Chat: livia: Tick 8256.
[patricia2] Chat: marcus: Tick 8268.
[patricia2] Chat: julia: Standing by.
[patricia2] Chat: titus: Tick 8268.
[patricia2] Chat: julius: All systems nominal.
[patricia2] Chat: livia: Standing by.
[patricia2] Chat: marcus: Tick 8280.
[patricia2] Chat: julia: All systems nominal.
[patricia2] Chat: titus: Reporting in.
[patricia2] Chat: julius: All systems nominal.
[patricia2] Chat: livia: Reporting in.
[patricia2] Chat: marcus: Tick 8292.
[patricia2] Chat: julia: All systems nominal.
[patricia2] Chat: titus: All systems nominal.
[patricia2] Chat: julius: Tick 8292.
[patricia2] Chat: livia: Standing by.
[patricia2] Chat: marcus: All systems nominal.
[patricia2] Chat: julia: All systems nominal.
[patricia2] Chat: titus: All systems nominal.
[patricia2] Chat: julius: Standing by.
[patricia2] Chat: livia: All systems nominal.
[patricia2] Chat: marcus: All systems nominal.
[patricia2] Chat: titus: Tick 8316.
[patricia2] Chat: julia: Tick 8316.
[patricia2] Chat: julius: Tick 8316.
[patricia2] Chat: livia: All systems nominal.
[patricia2] Chat: marcus: Reporting in.
[patricia2] Chat: titus: Standing by.
[patricia2] Chat: julia: All systems nominal.
[patricia2] Chat: julius: Tick 8328.
[patricia2] Chat: livia: All systems nominal.
[patricia2] Chat: marcus: Reporting in.
[patricia2] Chat: titus: All systems nominal.
[patricia2] Chat: julia: All systems nominal.
[patricia2] Chat: julius: Standing by.
[patricia2] Chat: livia: Tick 8340.
[patricia2] Chat: marcus: Tick 8352.
[patricia2] Chat: titus: Reporting in.
[patricia2] Chat: julia: Reporting in.
[patricia2] Chat: julius: Standing by.
[patricia2] Chat: livia: Tick 8352.
[patricia2] Chat: marcus: Standing by.
[patricia2] Chat: titus: Standing by.
[patricia2] Chat: julia: Standing by.
[patricia2] Chat: julius: Standing by.
[patricia2] Chat: livia: Standing by.
[patricia2] Chat: marcus: Reporting in.
[patricia2] Chat: titus: Tick 8376.
[patricia2] Chat: julia: Standing by.
[patricia2] Chat: julius: Tick 8376.
[patricia2] Chat: livia: Tick 8376.
[patricia2] Chat: marcus: Reporting in.
[patricia2] Chat: titus: Standing by.
[patricia2] Chat: julia: Standing by.
[patricia2] Chat: julius: All systems nominal.
[patricia2] Chat: livia: Tick 8388.
[patricia2] Chat: marcus: Standing by.
[patricia2] Chat: titus: Tick 8400.
[patricia2] Chat: julia: Reporting in.
[patricia2] Chat: julius: All systems nominal.
[patricia2] Chat: livia: Reporting in.
[patricia2] Chat: marcus: All systems nominal.
[patricia2] Chat: titus: Tick 8412.
[patricia2] Chat: julia: All systems nominal.
[patricia2] Chat: julius: Reporting in.
[patricia2] Chat: livia: Reporting in.
[patricia2] Chat: marcus: All systems nominal.
[patricia2] Chat: titus: Reporting in.
[patricia2] Chat: julia: Tick 8424.
[patricia2] Chat: julius: Reporting in.
[patricia2] Chat: livia: Standing by.
[patricia2] Chat: marcus: Tick 8436.
[patricia2] Chat: titus: Standing by.
[patricia2] Chat: julia: All systems nominal.
[patricia2] Chat: julius: All systems nominal.
[patricia2] Chat: livia: All systems nominal.
[patricia2] Chat: marcus: Reporting in.
[patricia2] Chat: titus: Standing by.
[patricia2] Chat: julia: Standing by.
[patricia2] Chat: julius: All systems nominal.
[patricia2] Chat: livia: Standing by.
[patricia2] Chat: marcus: Tick 8460.
[patricia2] Chat: titus: Tick 8460.
[patricia2] Chat: julia: Tick 8460.
[patricia2] Chat: julius: Standing by.
[patricia2] Chat: livia: Standing by.
[patricia2] Chat: marcus: Reporting in.
[patricia2] Chat: titus: Tick 8472.
[patricia2] Chat: julia: All systems nominal.
[patricia2] Chat: julius: Standing by.
[patricia2] Chat: livia: Reporting in.
[patricia2] Chat: marcus: Tick 8484.
[patricia2] Chat: titus: Standing by.
[patricia2] Chat: julia: Standing by.
[patricia2] Chat: julius: All systems nominal.
[patricia2] Chat: livia: Tick 8484.
[patricia2] Chat: marcus: Tick 8496.
[patricia2] Chat: titus: Standing by.
[patricia2] Chat: julia: Tick 8496.
[patricia2] Chat: julius: Standing by.
[patricia2] Chat: livia: Tick 8496.
[patricia2] Chat: marcus: Reporting in.
[patricia2] Chat: titus: Tick 8508.
[patricia2] Chat: julia: Reporting in.
[patricia2] Chat: julius: Tick 8508.
[patricia2] Chat: livia: Tick 8508.
[patricia2] Chat: marcus: Standing by.
[patricia2] Chat: titus: All systems nominal.
[patricia2] Chat: julia: Reporting in.
[patricia2] Chat: julius: Standing by.
[patricia2] Chat: livia: All systems nominal.
[patricia2] Chat: marcus: Tick 8532.
[patricia2] Chat: titus: All systems nominal.
[patricia2] Chat: julia: Tick 8532.
[patricia2] Chat: julius: Tick 8532.
[patricia2] Chat: livia: All systems nominal.
[patricia2] Chat: marcus: Reporting in.
[patricia2] Chat: titus: All systems nominal.
[patricia2] Chat: julia: Standing by.
[patricia2] Chat: julius: Reporting in.
[patricia2] Chat: livia: Standing by.
[patricia2] Chat: marcus: Reporting in.
[patricia2] Chat: titus: Reporting in.
[patricia2] Chat: julia: Tick 8556.
[patricia2] Chat: julius: All systems nominal.
[patricia2] Chat: livia: Tick 8556.
[patricia2] Chat: marcus: Reporting in.
[patricia2] Chat: titus: All systems nominal.
[patricia2] Chat: julia: Reporting in.
[patricia2] Chat: julius: Tick 8568.
[patricia2] Chat: livia: Tick 8568.
[patricia2] Chat: marcus: All systems nominal.
[patricia2] Chat: titus: Tick 8580.
[patricia2] Chat: julia: Standing by.
[patricia2] Chat: julius: Reporting in.
[patricia2] Chat: livia: All systems nominal.
[patricia2] Chat: marcus: Tick 8592.
[patricia2] Chat: titus: All systems nominal.
[patricia2] Chat: julia: Reporting in.
[patricia2] Chat: julius: All systems nominal.
[patricia2] Chat: livia: Standing by.
[patricia2] Chat: marcus: Reporting in.
[patricia2] Chat: titus: Reporting in.
[patricia2] Chat: julia: Tick 8604.
[patricia2] Chat: julius: Standing by.
[patricia2] Chat: livia: Standing by.
[patricia2] Chat: marcus: All systems nominal.
[patricia2] Chat: titus: Standing by.
[patricia2] Chat: julia: All systems nominal.
[patricia2] Chat: julius: Reporting in.
[patricia2] Chat: livia: Standing by.
[patricia2] Chat: marcus: Reporting in.
[patricia2] Chat: titus: Standing by.
[patricia2] Chat: julia: Reporting in.
[patricia2] Chat: julius: Tick 8628.
[patricia2] Chat: livia: Reporting in.
[patricia2] Chat: marcus: All systems nominal.
[patricia2] Chat: titus: Reporting in.
[patricia2] Chat: julia: Reporting in.
[patricia2] Chat: julius: Standing by.
[patricia2] Chat: livia: All systems nominal.
[patricia2] Chat: marcus: Standing by.
[patricia2] Chat: titus: Standing by.
[patricia2] Chat: julia: Tick 8652.
[patricia2] Chat: julius: All systems nominal.
[patricia2] Chat: livia: All systems nominal.
[patricia2] Chat: marcus: All systems nominal.
[patricia2] Chat: titus: All systems nominal.
[patricia2] Chat: julia: Standing by.
[patricia2] Chat: julius: Standing by.
[patricia2] Chat: livia: Tick 8664.
[patricia2] Chat: marcus: Tick 8676.
[patricia2] Chat: titus: Tick 8676.
[patricia2] Chat: julia: Tick 8676.
[patricia2] Chat: julius: Reporting in.
[patricia2] Chat: livia: All systems nominal.
[patricia2] Chat: marcus: Reporting in.
[patricia2] Chat: titus: Tick 8688.
[patricia2] Chat: julia: Standing by.
[patricia2] Chat: julius: All systems nominal.
[patricia2] Chat: livia: Standing by.
[patricia2] Chat: marcus: Reporting in.
[patricia2] Chat: titus: Standing by.
[patricia2] Chat: julia: Standing by.
[patricia2] Chat: julius: All systems nominal.
[patricia2] Chat: livia: Tick 8700.
[patricia2] Chat: marcus: Standing by.
[patricia2] Chat: titus: Standing by.
[patricia2] Chat: julia: Tick 8712.
[patricia2] Chat: julius: Standing by.
[patricia2] Chat: livia: All systems nominal.
[patricia2] Chat: marcus: Tick 8724.
[patricia2] Chat: titus: Tick 8724.
[patricia2] Chat: julia: All systems nominal.
[patricia2] Chat: julius: Tick 8724.
[patricia2] Chat: livia: Reporting in.
[patricia2] Chat: marcus: Standing by.
[patricia2] Chat: titus: Tick 8736.
[patricia2] Chat: julia: Standing by.
[patricia2] Chat: julius: Reporting in.
[patricia2] Chat: livia: Reporting in.
[patricia2] Chat: marcus: Standing by.
