full_name,first_name,last_name,email,phone,brokerage,metro_area,state,years_experience,transactions_12mo,sales_volume,license_number,license_state,rating,cream_fit_score,priority,source,scraped_at
Marilyn Cole,Marilyn,Cole,marilync@century21.com,(307) 170-7985,Beazer Homes,Carrollton,TX,0,8,2957320,TX117302,TX,4.3,68,C,realtor_scraper,2026-07-30T02:00:37.105382+00:00
William Patterson,William,Patterson,williampatterson@kw.com,(731) 886-6059,Colliers International,Carlsbad,CA,0,6,2329752,CA517329,CA,3.7,66,C,realtor_scraper,2026-07-30T02:00:37.103721+00:00
Juan Owens,Juan,Owens,juano@outlook.com,(623) 293-6187,Ryan Homes,Hesperia,CA,0,7,2147775,CA286831,CA,4.4,67,C,realtor_scraper,2026-07-30T02:00:37.107046+00:00
David Martin,David,Martin,davidm@agent.com,(248) 660-2485,Taylor Morrison,Little Rock,AR,9,27,13723182,AR873686,AR,4.2,96,B,realtor_scraper,2026-07-30T02:00:37.096952+00:00
Frances Brown,Frances,Brown,frances.brown@realtor.com,(952) 571-1023,David Weekley Homes,Des Moines,IA,4,17,8329167,IA920238,IA,3.1,86,B,realtor_scraper,2026-07-30T02:00:37.097729+00:00
Julia Myers,Julia,Myers,myersjulia@outlook.com,(757) 214-3867,Dickson Realty,Virginia Beach,VA,12,9,6588270,VA443570,VA,4.3,94,A,realtor_scraper,2026-07-30T02:00:37.088496+00:00
Margaret White,Margaret,White,mwhite@agent.com,(409) 886-7687,AvalonBay Communities,High Point,NC,10,28,16954448,NC415110,NC,3.7,95,C,realtor_scraper,2026-07-30T02:00:37.104495+00:00
Jack Webb,Jack,Webb,jwebb@agent.com,(509) 959-8588,Better Homes and Gardens Real Estate,Phoenix,AZ,10,27,8891019,AZ598432,AZ,4.8,100,A,realtor_scraper,2026-07-30T02:00:37.093262+00:00
Ruth Jimenez,Ruth,Jimenez,ruth.jimenez@sothebysrealty.com,(256) 815-7904,Weichert Realtors,Tulsa,OK,11,14,8958082,OK858851,OK,4.8,99,A,realtor_scraper,2026-07-30T02:00:37.091422+00:00
Elizabeth Cruz,Elizabeth,Cruz,elizabethc@homes.com,(330) 825-5324,Realty Executives,Fort Lauderdale,FL,8,16,6745808,FL785870,FL,3.0,94,B,realtor_scraper,2026-07-30T02:00:37.101455+00:00
Cole Black,Cole,Black,coleb@realty.com,(219) 826-9538,John L. Scott Real Estate,Torrance,CA,9,28,11669448,CA27810,CA,3.6,96,B,realtor_scraper,2026-07-30T02:00:37.095956+00:00
Mark Hamilton,Mark,Hamilton,mhamilton@compass.com,(678) 584-8366,ERA Real Estate,Saint Paul,MN,8,9,5411394,MN118557,MN,4.6,90,A,realtor_scraper,2026-07-30T02:00:37.093291+00:00
Kathryn Robinson,Kathryn,Robinson,kathryn.robinson@compass.com,(229) 121-8083,Newmark Grubb Knight Frank,Santa Maria,CA,7,9,6150438,CA686607,CA,4.4,83,C,realtor_scraper,2026-07-30T02:00:37.107663+00:00
Edwin Patel,Edwin,Patel,epatel@realtyonegroup.com,(620) 974-3555,Redfin Partner,Richmond,VA,7,35,10910970,VA162039,VA,4.1,92,B,realtor_scraper,2026-07-30T02:00:37.097171+00:00
Preston Henderson,Preston,Henderson,preston.henderson@remax.net,(914) 906-1842,Meritage Homes,Ventura,CA,4,16,5145632,CA309941,CA,4.9,83,C,realtor_scraper,2026-07-30T02:00:37.107063+00:00
Sam Hawkins,Sam,Hawkins,samh@realtyonegroup.com,(309) 434-8282,ZipRealty,Las Cruces,NM,7,16,11510800,NM408323,NM,4.7,89,C,realtor_scraper,2026-07-30T02:00:37.108101+00:00
Betty James,Betty,James,betty.james@outlook.com,(661) 132-3189,J.P. Morgan Real Estate,Providence,RI,5,6,1721964,RI793292,RI,3.7,79,B,realtor_scraper,2026-07-30T02:00:37.096939+00:00
Randy Scott,Randy,Scott,randy.scott@agent.com,(234) 238-5124,Trulia,Little Rock,AR,8,15,10837530,AR450854,AR,4.4,94,B,realtor_scraper,2026-07-30T02:00:37.101539+00:00
Jeffrey Aguilar,Jeffrey,Aguilar,aguilarjeffrey@yahoo.com,(251) 320-6046,Realty Executives,Charlotte,NC,8,14,10643094,NC73181,NC,3.1,95,A,realtor_scraper,2026-07-30T02:00:37.091925+00:00
Virginia Peterson,Virginia,Peterson,virginia.peterson@icloud.com,(256) 939-2934,AvalonBay Communities,Thousand Oaks,CA,1,7,2921590,CA528820,CA,4.0,72,B,realtor_scraper,2026-07-30T02:00:37.098015+00:00
Steven Ford,Steven,Ford,stevenford@gmail.com,(325) 997-3396,Help-U-Sell,Arlington,TX,9,35,25694620,TX969159,TX,3.4,98,A,realtor_scraper,2026-07-30T02:00:37.091723+00:00
Anthony Bryant,Anthony,Bryant,anthony.bryant@sothebysrealty.com,(248) 944-6642,Colliers International,Carlsbad,CA,2,9,3694761,CA993957,CA,3.5,73,C,realtor_scraper,2026-07-30T02:00:37.104774+00:00
Terry Meyer,Terry,Meyer,terry.meyer@broker.com,(616) 799-1610,Meritage Homes,Broken Arrow,OK,3,19,7247645,OK742289,OK,3.9,81,C,realtor_scraper,2026-07-30T02:00:37.106924+00:00
Deborah Soto,Deborah,Soto,deborah.soto@century21.com,(281) 471-8656,Lyon Real Estate,Hollywood,CA,1,6,2788122,CA577749,CA,3.3,71,B,realtor_scraper,2026-07-30T02:00:37.102643+00:00
Henry Rivera,Henry,Rivera,henry.rivera@redfin.com,(202) 958-2344,Real Living,Corpus Christi,TX,13,12,6542856,TX272421,TX,3.9,97,A,realtor_scraper,2026-07-30T02:00:37.090443+00:00
Judy Washington,Judy,Washington,judy.washington@agent.com,(909) 356-1937,Purplebricks,Rialto,CA,7,27,8584596,CA696594,CA,3.1,89,C,realtor_scraper,2026-07-30T02:00:37.104920+00:00
Heather Meyer,Heather,Meyer,heathermeyer@broker.com,(786) 720-9203,Compass,Lansing,MI,5,16,4075472,MI677610,MI,3.1,85,C,realtor_scraper,2026-07-30T02:00:37.105779+00:00
Keith Ellis,Keith,Ellis,elliskeith@redfin.com,(313) 213-8392,NVR Homes,Rockford,IL,8,21,10298190,IL905406,IL,3.8,94,B,realtor_scraper,2026-07-30T02:00:37.103080+00:00
Nancy Munoz,Nancy,Munoz,nmunoz@nextdoor.com,(815) 904-6501,Engel & Volkers,Vancouver,WA,8,23,16346330,WA348088,WA,4.0,94,B,realtor_scraper,2026-07-30T02:00:37.097654+00:00
Megan Carter,Megan,Carter,mcarter@compass.com,(763) 865-5321,Purplebricks,Savannah,GA,2,3,631230,GA70521,GA,3.4,70,B,realtor_scraper,2026-07-30T02:00:37.095252+00:00
Nathan Sullivan,Nathan,Sullivan,nathansullivan@outlook.com,(717) 734-6605,Village Real Estate,New Orleans,LA,12,19,14871775,LA971572,LA,4.8,100,A,realtor_scraper,2026-07-30T02:00:37.091670+00:00
Kimberly Boyd,Kimberly,Boyd,kboyd@homes.com,(714) 542-7952,Beazer Homes,Anchorage,AK,1,3,983025,AK599068,AK,3.2,70,A,realtor_scraper,2026-07-30T02:00:37.090527+00:00
Douglas Washington,Douglas,Washington,douglas.washington@compass.com,(848) 419-1345,Better Homes and Gardens Real Estate,Huntsville,AL,2,5,1281490,AL116992,AL,3.0,72,B,realtor_scraper,2026-07-30T02:00:37.097765+00:00
Terry Griffin,Terry,Griffin,terryg@outlook.com,(308) 285-3877,Howard Hanna Real Estate,North Las Vegas,NV,20,11,7564953,NV322046,NV,3.6,96,A,realtor_scraper,2026-07-30T02:00:37.091889+00:00
Bobby Sanders,Bobby,Sanders,bsanders@gmail.com,(352) 109-7301,J.P. Morgan Real Estate,Murfreesboro,TN,2,10,4566930,TN683847,TN,4.7,74,C,realtor_scraper,2026-07-30T02:00:37.104652+00:00
Emma Sanchez,Emma,Sanchez,emmas@exp.com,(970) 958-1442,Redfin,Winston-Salem,NC,11,30,12310980,NC659805,NC,3.4,98,B,realtor_scraper,2026-07-30T02:00:37.100988+00:00
Randy Carter,Randy,Carter,randycarter@zillow.com,(660) 942-6334,Re/Max,Clinton,MI,0,3,730548,MI774826,MI,3.7,63,C,realtor_scraper,2026-07-30T02:00:37.105880+00:00
Johnny Herrera,Johnny,Herrera,johnny.herrera@exp.com,(320) 660-8831,David Weekley Homes,Inglewood,CA,2,9,4429143,CA164832,CA,4.7,73,C,realtor_scraper,2026-07-30T02:00:37.105152+00:00
Peter Ramos,Peter,Ramos,peterr@zillow.com,(216) 672-5026,eXp Realty,Inglewood,CA,7,13,4262882,CA517548,CA,3.3,87,C,realtor_scraper,2026-07-30T02:00:37.103894+00:00
Douglas Coleman,Douglas,Coleman,colemandouglas@realtyonegroup.com,(972) 220-3043,Colliers International,Peoria,AZ,1,9,2436399,AZ387613,AZ,5.0,71,C,realtor_scraper,2026-07-30T02:00:37.104960+00:00
Catherine Moore,Catherine,Moore,moorecatherine@remax.net,(307) 555-4323,CBRE,St. Petersburg,FL,12,28,18238920,FL914458,FL,3.4,100,A,realtor_scraper,2026-07-30T02:00:37.093743+00:00
Dennis Phillips,Dennis,Phillips,dennis.phillips@century21.com,(234) 951-5736,D.R. Horton,Corpus Christi,TX,11,25,8568400,TX88726,TX,3.3,100,A,realtor_scraper,2026-07-30T02:00:37.087269+00:00
Danielle Henry,Danielle,Henry,danielle.henry@remax.net,(769) 879-1877,Trulia,Paterson,NJ,8,20,15220500,NJ863319,NJ,3.5,94,B,realtor_scraper,2026-07-30T02:00:37.101427+00:00
Preston Cook,Preston,Cook,cookpreston@remax.net,(484) 156-6569,Taylor Morrison,Daly City,CA,1,9,3993966,CA580260,CA,4.8,71,C,realtor_scraper,2026-07-30T02:00:37.107968+00:00
Bradley Clark,Bradley,Clark,bradleyc@trulia.com,(763) 878-1166,AvalonBay Communities,Riverside,CA,11,15,11553180,CA852989,CA,4.8,100,A,realtor_scraper,2026-07-30T02:00:37.093924+00:00
Karen Owens,Karen,Owens,karenowens@gmail.com,(740) 912-6363,David Weekley Homes,Santa Ana,CA,13,25,15280400,CA971107,CA,3.3,100,A,realtor_scraper,2026-07-30T02:00:37.086493+00:00
Gloria Martin,Gloria,Martin,martingloria@exp.com,(337) 833-5835,Movoto,Waco,TX,5,13,7014631,TX201099,TX,3.6,83,C,realtor_scraper,2026-07-30T02:00:37.108077+00:00
Mark Mitchell,Mark,Mitchell,markm@century21.com,(916) 973-9039,Equity Residential,Winston-Salem,NC,4,20,7055500,NC545371,NC,4.5,86,B,realtor_scraper,2026-07-30T02:00:37.097032+00:00
Debra Payne,Debra,Payne,paynedebra@remax.net,(401) 704-9064,Taylor Morrison,Tampa,FL,12,27,10721862,FL371615,FL,3.3,100,A,realtor_scraper,2026-07-30T02:00:37.091536+00:00
Raymond Butler,Raymond,Butler,raymond.butler@yahoo.com,(949) 259-4821,Perry Homes,Hollywood,FL,8,14,5724460,FL790978,FL,3.3,93,B,realtor_scraper,2026-07-30T02:00:37.097157+00:00
Henry Moore,Henry,Moore,hmoore@outlook.com,(380) 935-2132,eXp Realty,Orlando,FL,10,8,2812648,FL831605,FL,4.8,93,A,realtor_scraper,2026-07-30T02:00:37.093058+00:00
Aaron Nguyen,Aaron,Nguyen,aaron.nguyen@kw.com,(336) 211-6422,Colliers International,Jacksonville,FL,10,32,14440992,FL842525,FL,4.2,100,A,realtor_scraper,2026-07-30T02:00:37.094343+00:00
Thomas Phillips,Thomas,Phillips,thomas.phillips@compass.com,(573) 977-7436,Weichert Realtors,Sugar Land,TX,2,8,1962824,TX42631,TX,4.3,72,C,realtor_scraper,2026-07-30T02:00:37.104976+00:00
John Ford,John,Ford,jford@kw.com,(682) 421-2875,Compass,New Orleans,LA,0,1,266194,LA433120,LA,4.7,66,A,realtor_scraper,2026-07-30T02:00:37.087378+00:00
Judith Burns,Judith,Burns,judithburns@gmail.com,(865) 288-3583,Colliers International,Spokane,WA,8,26,16210610,WA448220,WA,4.9,94,B,realtor_scraper,2026-07-30T02:00:37.101522+00:00
Michelle Simpson,Michelle,Simpson,michellesimpson@broker.com,(706) 928-6619,Compass,Denver,CO,9,19,10529382,CO933753,CO,4.3,98,A,realtor_scraper,2026-07-30T02:00:37.090884+00:00
Michelle Thomas,Michelle,Thomas,michellethomas@outlook.com,(929) 409-8969,Taylor Morrison,Arvada,CO,0,7,3464489,CO529576,CO,4.8,67,C,realtor_scraper,2026-07-30T02:00:37.104533+00:00
Deborah Adams,Deborah,Adams,adamsdeborah@realtor.com,(475) 885-5739,Real Living,Syracuse,NY,6,28,12279764,NY279639,NY,4.3,90,B,realtor_scraper,2026-07-30T02:00:37.102765+00:00
Corey Hicks,Corey,Hicks,corey.hicks@exp.com,(572) 870-6272,Century 21,Gilbert,AZ,9,20,12348040,AZ248430,AZ,3.5,98,A,realtor_scraper,2026-07-30T02:00:37.091519+00:00
Gerald Ward,Gerald,Ward,wardgerald@realtyonegroup.com,(567) 548-1277,Zillow Premier Agent,Albuquerque,NM,12,19,14526526,NM707876,NM,4.4,100,A,realtor_scraper,2026-07-30T02:00:37.093156+00:00
Walter Carter,Walter,Carter,walter.carter@homes.com,(878) 502-8492,Purplebricks,Birmingham,AL,9,18,5959080,AL107991,AL,3.9,96,B,realtor_scraper,2026-07-30T02:00:37.097427+00:00
Cynthia Ferguson,Cynthia,Ferguson,fergusoncynthia@agent.com,(323) 600-3503,eXp Realty,North Las Vegas,NV,2,2,910456,NV290612,NV,4.2,71,A,realtor_scraper,2026-07-30T02:00:37.094459+00:00
Carolyn Ferguson,Carolyn,Ferguson,fergusoncarolyn@hotmail.com,(276) 992-3590,AvalonBay Communities,Broken Arrow,OK,2,2,733806,OK663458,OK,3.2,66,C,realtor_scraper,2026-07-30T02:00:37.104730+00:00
Dorothy Taylor,Dorothy,Taylor,taylordorothy@hotmail.com,(606) 680-8658,Exit Realty,Austin,TX,1,1,323624,TX232021,TX,4.5,68,A,realtor_scraper,2026-07-30T02:00:37.092957+00:00
Rachel Lewis,Rachel,Lewis,rlewis@gmail.com,(408) 606-2383,Compass,Green Bay,WI,2,4,979876,WI924198,WI,3.8,68,C,realtor_scraper,2026-07-30T02:00:37.103869+00:00
Susan Mills,Susan,Mills,susanmills@remax.net,(605) 137-2223,Berkshire Hathaway HomeServices,Torrance,CA,5,5,2859350,CA278272,CA,3.6,78,B,realtor_scraper,2026-07-30T02:00:37.102202+00:00
Shirley Gibson,Shirley,Gibson,gibsonshirley@realtyonegroup.com,(731) 201-5361,Keller Williams,Lakewood,CO,15,9,4775112,CO271143,CO,3.4,92,B,realtor_scraper,2026-07-30T02:00:37.100931+00:00
Amy Garza,Amy,Garza,amygarza@hotmail.com,(775) 422-9367,Redfin Partner,New Haven,CT,1,5,1647075,CT182066,CT,4.8,70,B,realtor_scraper,2026-07-30T02:00:37.101470+00:00
Gregory Castro,Gregory,Castro,castrogregory@icloud.com,(978) 788-7032,Perry Homes,Dallas,TX,6,26,12616422,TX919863,TX,3.6,92,A,realtor_scraper,2026-07-30T02:00:37.089086+00:00
Susan Aguilar,Susan,Aguilar,susan.aguilar@coldwellbanker.com,(447) 987-5570,Colliers International,Boise,ID,7,28,17016888,ID577150,ID,3.2,92,B,realtor_scraper,2026-07-30T02:00:37.095178+00:00
Alexis Campbell,Alexis,Campbell,alexisc@realtor.com,(248) 459-5913,Re/Max,Ventura,CA,2,3,1197696,CA572894,CA,4.6,67,C,realtor_scraper,2026-07-30T02:00:37.103120+00:00
Andrew Hayes,Andrew,Hayes,ahayes@realty.com,(440) 909-6459,Howard Hanna Real Estate,Sugar Land,TX,7,31,22451626,TX193012,TX,5.0,89,C,realtor_scraper,2026-07-30T02:00:37.103535+00:00
Dylan Graham,Dylan,Graham,dylan.graham@coldwellbanker.com,(774) 443-4011,Coldwell Banker,Murfreesboro,TN,2,6,2640144,TN719770,TN,4.0,70,C,realtor_scraper,2026-07-30T02:00:37.104275+00:00
Peter Gibson,Peter,Gibson,gibsonpeter@bhhs.com,(346) 480-4610,Marcus & Millichap,San Diego,CA,12,8,4356352,CA168311,CA,3.3,93,A,realtor_scraper,2026-07-30T02:00:37.094212+00:00
Brittany Gutierrez,Brittany,Gutierrez,bgutierrez@kw.com,(740) 246-5876,Redfin,Madison,WI,11,13,8080176,WI253639,WI,4.2,98,A,realtor_scraper,2026-07-30T02:00:37.092042+00:00
Margaret Aguilar,Margaret,Aguilar,margaretaguilar@outlook.com,(307) 591-8616,Century 21,Odessa,TX,1,10,3790980,TX644035,TX,3.9,72,C,realtor_scraper,2026-07-30T02:00:37.104702+00:00
Bobby Woods,Bobby,Woods,woodsbobby@remax.net,(202) 740-6765,John L. Scott Real Estate,Rockford,IL,4,16,8616368,IL867518,IL,3.6,86,B,realtor_scraper,2026-07-30T02:00:37.095632+00:00
Alexis Kelley,Alexis,Kelley,alexisk@century21.com,(912) 599-1358,ZipRealty,Honolulu,HI,7,10,3163750,HI567042,HI,3.2,89,A,realtor_scraper,2026-07-30T02:00:37.088959+00:00
Devin Hunt,Devin,Hunt,dhunt@coldwellbanker.com,(620) 320-4138,Newmark Grubb Knight Frank,Grand Rapids,MI,1,2,977798,MI401300,MI,4.4,67,B,realtor_scraper,2026-07-30T02:00:37.094822+00:00
Joseph Hughes,Joseph,Hughes,hughesjoseph@remax.net,(262) 869-2456,eXp Realty,Stockton,CA,8,12,6604188,CA972948,CA,3.4,93,A,realtor_scraper,2026-07-30T02:00:37.090291+00:00
Brian James,Brian,James,bjames@homes.com,(571) 670-6592,Colliers International,Boise,ID,4,18,9844326,ID187074,ID,3.8,86,B,realtor_scraper,2026-07-30T02:00:37.101882+00:00
Matthew Burns,Matthew,Burns,burnsmatthew@yahoo.com,(564) 759-4362,Taylor Morrison,Fairfield,CA,9,31,21374779,CA143771,CA,4.6,93,C,realtor_scraper,2026-07-30T02:00:37.103596+00:00
Olivia Mendoza,Olivia,Mendoza,oliviam@remax.net,(980) 300-5466,Pulte Homes,Cleveland,OH,10,10,7514390,OH866753,OH,4.8,95,A,realtor_scraper,2026-07-30T02:00:37.091374+00:00
Sean Gutierrez,Sean,Gutierrez,sean.gutierrez@realtor.com,(646) 820-9682,Zillow Premier Agent,Denton,TX,2,8,3069648,TX335513,TX,4.4,72,C,realtor_scraper,2026-07-30T02:00:37.106703+00:00
Nicole Davis,Nicole,Davis,davisnicole@century21.com,(959) 980-6773,Cushman & Wakefield,Cambridge,MA,2,2,412436,MA957742,MA,3.6,66,C,realtor_scraper,2026-07-30T02:00:37.105938+00:00
Mary Young,Mary,Young,maryyoung@agent.com,(281) 278-2580,J.P. Morgan Real Estate,Edison,NJ,1,1,332896,NJ70954,NJ,4.3,63,C,realtor_scraper,2026-07-30T02:00:37.105409+00:00
Kathleen Foster,Kathleen,Foster,kathleenfoster@zillow.com,(919) 675-8686,D.R. Horton,Boise,ID,2,5,1026030,ID519937,ID,3.3,72,B,realtor_scraper,2026-07-30T02:00:37.094657+00:00
Alice Jenkins,Alice,Jenkins,alicej@nextdoor.com,(630) 590-8732,Perry Homes,Fremont,CA,15,11,5984671,CA383012,CA,4.4,96,A,realtor_scraper,2026-07-30T02:00:37.092656+00:00
Diane Graham,Diane,Graham,diane.graham@gmail.com,(660) 223-5873,Trulia,Dallas,TX,11,13,10305750,TX126002,TX,3.4,98,A,realtor_scraper,2026-07-30T02:00:37.086817+00:00
Olivia Cook,Olivia,Cook,oliviacook@realtor.com,(458) 252-9601,Sotheby's International Realty,Albuquerque,NM,12,20,7911920,NM14611,NM,4.2,100,A,realtor_scraper,2026-07-30T02:00:37.088167+00:00
Sandra Ramos,Sandra,Ramos,sandra.ramos@gmail.com,(914) 556-7342,Engel & Volkers,Durham,NC,10,16,5840000,NC205641,NC,4.0,100,A,realtor_scraper,2026-07-30T02:00:37.093511+00:00
Kathleen Lopez,Kathleen,Lopez,kathleen.lopez@remax.net,(203) 181-8061,Berkshire Hathaway HomeServices,Corpus Christi,TX,11,8,4652768,TX362022,TX,4.5,93,A,realtor_scraper,2026-07-30T02:00:37.087942+00:00
Christopher Johnson,Christopher,Johnson,christopherj@homes.com,(814) 880-7663,Century 21,San Francisco,CA,12,28,20108928,CA32805,CA,4.3,100,A,realtor_scraper,2026-07-30T02:00:37.092086+00:00
Hannah Daniels,Hannah,Daniels,danielshannah@sothebysrealty.com,(323) 795-4961,Exit Realty,Denver,CO,13,23,16852859,CO780032,CO,3.2,100,A,realtor_scraper,2026-07-30T02:00:37.086755+00:00
Justin McDonald,Justin,McDonald,mcdonaldjustin@remax.net,(534) 417-8120,HomeSmart,Chattanooga,TN,3,19,5177918,TN54009,TN,4.4,84,B,realtor_scraper,2026-07-30T02:00:37.095749+00:00
Keith Myers,Keith,Myers,myerskeith@nextdoor.com,(440) 174-6448,Real Living,Boise,ID,0,3,1421262,ID596441,ID,3.9,66,B,realtor_scraper,2026-07-30T02:00:37.103033+00:00
Ralph Hunter,Ralph,Hunter,ralph.hunter@homes.com,(781) 102-2110,Re/Max,Paterson,NJ,10,24,7517712,NJ101321,NJ,4.8,98,B,realtor_scraper,2026-07-30T02:00:37.102369+00:00
David Graham,David,Graham,david.graham@agent.com,(931) 101-7220,Perry Homes,Elgin,IL,12,10,7998450,IL181334,IL,3.6,93,B,realtor_scraper,2026-07-30T02:00:37.101947+00:00
Richard Castro,Richard,Castro,richardc@realty.com,(210) 282-8306,NVR Homes,Boise,ID,0,4,1059280,ID540105,ID,4.6,67,B,realtor_scraper,2026-07-30T02:00:37.094694+00:00
Evelyn Dunn,Evelyn,Dunn,evelynd@realtyonegroup.com,(626) 686-7370,Colliers International,Vallejo,CA,15,23,17212234,CA40747,CA,4.4,98,B,realtor_scraper,2026-07-30T02:00:37.102986+00:00
Beverly Mitchell,Beverly,Mitchell,beverlym@gmail.com,(404) 796-3852,David Weekley Homes,Chula Vista,CA,7,18,11158146,CA365835,CA,4.3,94,A,realtor_scraper,2026-07-30T02:00:37.093110+00:00
Nathan Taylor,Nathan,Taylor,nathant@agent.com,(347) 183-9733,CBRE,El Cajon,CA,4,10,2788550,CA107139,CA,3.6,78,C,realtor_scraper,2026-07-30T02:00:37.107738+00:00
Brandon Stevens,Brandon,Stevens,bstevens@compass.com,(607) 376-6303,CBRE,Wichita,KS,12,23,9992120,KS697274,KS,3.7,100,A,realtor_scraper,2026-07-30T02:00:37.094182+00:00
Elizabeth Vargas,Elizabeth,Vargas,elizabethv@compass.com,(321) 170-4759,Meritage Homes,Phoenix,AZ,5,18,10737306,AZ854112,AZ,3.2,90,A,realtor_scraper,2026-07-30T02:00:37.090657+00:00
Joan Chen,Joan,Chen,chenjoan@compass.com,(445) 467-4752,Re/Max,Athens,GA,0,2,836168,GA848721,GA,4.7,62,C,realtor_scraper,2026-07-30T02:00:37.107030+00:00
Kenneth Porter,Kenneth,Porter,kennethporter@outlook.com,(417) 689-3423,Century 21,Dayton,OH,0,10,2669000,OH239258,OH,4.8,73,B,realtor_scraper,2026-07-30T02:00:37.102237+00:00
Ralph Turner,Ralph,Turner,ralpht@redfin.com,(619) 875-4327,Realty ONE Group,Irvine,CA,6,22,8173088,CA719778,CA,4.0,90,B,realtor_scraper,2026-07-30T02:00:37.101035+00:00
Ronald Hall,Ronald,Hall,rhall@realtyonegroup.com,(205) 266-1528,HomeSmart,Tempe,AZ,5,17,10129841,AZ635022,AZ,4.3,88,B,realtor_scraper,2026-07-30T02:00:37.102074+00:00
Michelle Brown,Michelle,Brown,mbrown@trulia.com,(502) 688-5366,David Weekley Homes,Lafayette,LA,8,29,14944860,LA648827,LA,4.9,94,B,realtor_scraper,2026-07-30T02:00:37.095152+00:00
Jerry Ortiz,Jerry,Ortiz,jortiz@realty.com,(785) 924-1070,Berkshire Hathaway HomeServices,Tampa,FL,0,3,1264896,FL933547,FL,4.9,68,A,realtor_scraper,2026-07-30T02:00:37.091390+00:00
Mary Freeman,Mary,Freeman,mfreeman@redfin.com,(970) 861-7140,Weichert Realtors,Vancouver,WA,2,9,2363823,WA564524,WA,4.3,76,B,realtor_scraper,2026-07-30T02:00:37.094848+00:00
Roy Jones,Roy,Jones,roy.jones@broker.com,(406) 708-5831,Meritage Homes,Salt Lake City,UT,3,14,5438188,UT292624,UT,3.8,83,B,realtor_scraper,2026-07-30T02:00:37.100920+00:00
Peter Vasquez,Peter,Vasquez,vasquezpeter@broker.com,(414) 786-8931,Redfin Partner,Dayton,OH,9,22,17595952,OH135998,OH,4.2,96,B,realtor_scraper,2026-07-30T02:00:37.097094+00:00
Derek Robinson,Derek,Robinson,derekrobinson@gmail.com,(667) 912-9064,Real Living,Edison,NJ,0,5,2366230,NJ980954,NJ,3.0,65,C,realtor_scraper,2026-07-30T02:00:37.104010+00:00
Sophia Perez,Sophia,Perez,sophia.perez@redfin.com,(564) 102-2450,John L. Scott Real Estate,Honolulu,HI,8,22,8853174,HI763995,HI,4.6,96,A,realtor_scraper,2026-07-30T02:00:37.094369+00:00
Kimberly Guzman,Kimberly,Guzman,kimberlyguzman@remax.net,(313) 567-6323,Lyon Real Estate,Savannah,GA,5,14,6451340,GA675975,GA,4.8,87,B,realtor_scraper,2026-07-30T02:00:37.102815+00:00
Judy Rivera,Judy,Rivera,jrivera@gmail.com,(539) 271-3727,Lennar,Elgin,IL,3,10,5494000,IL651139,IL,3.0,79,B,realtor_scraper,2026-07-30T02:00:37.095395+00:00
Carl Woods,Carl,Woods,carlwoods@icloud.com,(347) 487-6897,Newmark Grubb Knight Frank,Cape Coral,FL,4,4,1562012,FL788362,FL,3.4,75,B,realtor_scraper,2026-07-30T02:00:37.095862+00:00
Beverly Perez,Beverly,Perez,perezbeverly@remax.net,(838) 755-3719,Realty World,Clinton,MI,0,10,3850990,MI144707,MI,4.6,70,C,realtor_scraper,2026-07-30T02:00:37.105665+00:00
Juan Cooper,Juan,Cooper,jcooper@realtyonegroup.com,(317) 307-3827,Engel & Volkers,Denton,TX,2,5,1475015,TX234950,TX,4.7,69,C,realtor_scraper,2026-07-30T02:00:37.107931+00:00
Jessica Palmer,Jessica,Palmer,palmerjessica@gmail.com,(843) 796-2451,Weichert Realtors,Mobile,AL,4,14,4829468,AL291005,AL,3.9,85,B,realtor_scraper,2026-07-30T02:00:37.095165+00:00
Corey Diaz,Corey,Diaz,diazcorey@redfin.com,(737) 149-2559,Keller Williams,Arlington,TX,16,14,5537266,TX600589,TX,3.8,99,A,realtor_scraper,2026-07-30T02:00:37.088295+00:00
Joyce Morales,Joyce,Morales,jmorales@exp.com,(786) 632-2175,NVR Homes,Buffalo,NY,17,8,2713384,NY874545,NY,4.9,93,A,realtor_scraper,2026-07-30T02:00:37.091856+00:00
Nathan Barnes,Nathan,Barnes,nathanb@century21.com,(402) 932-5631,Pulte Homes,Washington,DC,10,22,11600864,DC485648,DC,4.7,100,A,realtor_scraper,2026-07-30T02:00:37.092711+00:00
Joshua Washington,Joshua,Washington,joshuaw@zillow.com,(910) 254-6442,Better Homes and Gardens Real Estate,Durham,NC,13,21,10956582,NC323488,NC,3.7,100,A,realtor_scraper,2026-07-30T02:00:37.086601+00:00
Jean Flores,Jean,Flores,jeanflores@outlook.com,(520) 889-7220,Exit Realty,Beaumont,TX,0,6,2042976,TX135873,TX,4.8,66,C,realtor_scraper,2026-07-30T02:00:37.103507+00:00
Frank Soto,Frank,Soto,fsoto@nextdoor.com,(858) 200-2055,John L. Scott Real Estate,Alexandria,VA,4,16,7655536,VA909368,VA,3.1,86,B,realtor_scraper,2026-07-30T02:00:37.100499+00:00
Jonathan Coleman,Jonathan,Coleman,colemanjonathan@realtor.com,(336) 224-5074,Meritage Homes,Lafayette,LA,9,13,6256510,LA823024,LA,3.5,94,B,realtor_scraper,2026-07-30T02:00:37.100675+00:00
Kayla Mitchell,Kayla,Mitchell,kayla.mitchell@gmail.com,(217) 862-2764,Pulte Homes,Laredo,TX,10,35,17779650,TX439394,TX,4.5,100,A,realtor_scraper,2026-07-30T02:00:37.092099+00:00
Joseph Graham,Joseph,Graham,josephgraham@agent.com,(540) 144-8277,Lennar,Fort Collins,CO,6,29,12394977,CO995266,CO,3.3,90,B,realtor_scraper,2026-07-30T02:00:37.101172+00:00
Anthony James,Anthony,James,anthony.james@yahoo.com,(606) 359-2578,United Real Estate,Independence,MO,4,15,6049185,MO673140,MO,4.8,83,C,realtor_scraper,2026-07-30T02:00:37.107640+00:00
Peter Reed,Peter,Reed,reedpeter@compass.com,(775) 862-6267,Weichert Realtors,El Paso,TX,10,32,22362848,TX41031,TX,3.4,100,A,realtor_scraper,2026-07-30T02:00:37.092443+00:00
Andrew Myers,Andrew,Myers,myersandrew@remax.net,(909) 651-9317,Intero Real Estate,New Orleans,LA,14,34,16419416,LA920597,LA,3.1,100,A,realtor_scraper,2026-07-30T02:00:37.092193+00:00
Eugene Hunt,Eugene,Hunt,eugenehunt@remax.net,(636) 689-5961,Coldwell Banker,Torrance,CA,5,13,7520175,CA287315,CA,4.7,86,B,realtor_scraper,2026-07-30T02:00:37.096819+00:00
Rachel Holmes,Rachel,Holmes,rachelh@outlook.com,(774) 870-7455,Homes.com,Hesperia,CA,2,5,2400880,CA217837,CA,4.5,69,C,realtor_scraper,2026-07-30T02:00:37.107919+00:00
Keith Morris,Keith,Morris,keithmorris@sothebysrealty.com,(206) 531-3162,Help-U-Sell,Newark,NJ,0,7,3317657,NJ983559,NJ,4.2,72,A,realtor_scraper,2026-07-30T02:00:37.090635+00:00
Sharon Chen,Sharon,Chen,chensharon@trulia.com,(223) 346-8908,ERA Real Estate,Newark,NJ,6,10,5607730,NJ466599,NJ,3.3,87,A,realtor_scraper,2026-07-30T02:00:37.087802+00:00
Randy Coleman,Randy,Coleman,randyc@bhhs.com,(239) 964-6560,Equity Residential,Salt Lake City,UT,5,17,4719557,UT739680,UT,4.7,88,B,realtor_scraper,2026-07-30T02:00:37.097795+00:00
Billy West,Billy,West,billyw@kw.com,(747) 928-9896,Lyon Real Estate,Fremont,CA,13,17,10655787,CA436699,CA,4.6,100,A,realtor_scraper,2026-07-30T02:00:37.087747+00:00
Linda Hughes,Linda,Hughes,lindah@century21.com,(484) 428-4346,Marcus & Millichap,Fresno,CA,6,13,6107933,CA697168,CA,4.4,90,A,realtor_scraper,2026-07-30T02:00:37.093019+00:00
Henry Baker,Henry,Baker,henrybaker@yahoo.com,(732) 268-1671,Better Homes and Gardens Real Estate,Springfield,MO,2,2,861896,MO703008,MO,4.1,69,B,realtor_scraper,2026-07-30T02:00:37.102673+00:00
Olivia Webb,Olivia,Webb,webbolivia@coldwellbanker.com,(628) 952-8360,Beazer Homes,Chula Vista,CA,7,26,15812030,CA126628,CA,4.6,94,A,realtor_scraper,2026-07-30T02:00:37.094126+00:00
Zachary Martin,Zachary,Martin,martinzachary@trulia.com,(650) 309-1649,Meritage Homes,Saint Paul,MN,13,21,7821240,MN814953,MN,4.0,100,A,realtor_scraper,2026-07-30T02:00:37.087888+00:00
Betty Stevens,Betty,Stevens,bstevens@realty.com,(801) 610-6027,Re/Max,North Las Vegas,NV,11,13,4252508,NV388507,NV,3.2,98,A,realtor_scraper,2026-07-30T02:00:37.092820+00:00
Christopher King,Christopher,King,christopher.king@compass.com,(205) 587-4757,Weichert Realtors,El Paso,TX,10,17,5822517,TX394503,TX,3.8,100,A,realtor_scraper,2026-07-30T02:00:37.090321+00:00
Elizabeth Mitchell,Elizabeth,Mitchell,elizabethmitchell@agent.com,(949) 658-7044,Real Living,Hesperia,CA,3,9,2772747,CA183380,CA,4.6,75,C,realtor_scraper,2026-07-30T02:00:37.107086+00:00
Jack Bryant,Jack,Bryant,jbryant@hotmail.com,(281) 535-5955,Meritage Homes,Birmingham,AL,7,9,6578973,AL49697,AL,4.1,86,B,realtor_scraper,2026-07-30T02:00:37.100553+00:00
Christian Hamilton,Christian,Hamilton,hamiltonchristian@kw.com,(732) 115-9643,John L. Scott Real Estate,Dayton,OH,1,8,3430744,OH49538,OH,3.6,73,B,realtor_scraper,2026-07-30T02:00:37.100459+00:00
Hannah Hunter,Hannah,Hunter,hannah.hunter@broker.com,(717) 865-3499,Lennar,Peoria,AZ,2,9,4367133,AZ256102,AZ,4.1,73,C,realtor_scraper,2026-07-30T02:00:37.107174+00:00
Sam Thompson,Sam,Thompson,samthompson@yahoo.com,(787) 897-8819,Ryan Homes,Mobile,AL,9,11,8362640,AL266410,AL,3.9,92,B,realtor_scraper,2026-07-30T02:00:37.101495+00:00
Diane Powell,Diane,Powell,powelldiane@compass.com,(216) 142-3747,Village Real Estate,Amarillo,TX,2,6,2966394,TX861722,TX,3.9,73,B,realtor_scraper,2026-07-30T02:00:37.103048+00:00
Victoria Reynolds,Victoria,Reynolds,reynoldsvictoria@kw.com,(971) 229-5893,Keller Williams,Reno,NV,12,32,21128352,NV691866,NV,4.8,100,A,realtor_scraper,2026-07-30T02:00:37.091840+00:00
Marilyn Hill,Marilyn,Hill,marilynh@compass.com,(308) 683-9126,Homes.com,Springfield,MO,13,12,6117600,MO790332,MO,4.6,95,B,realtor_scraper,2026-07-30T02:00:37.102727+00:00
Eugene Rose,Eugene,Rose,erose@remax.net,(720) 778-4014,Engel & Volkers,Syracuse,NY,6,31,21821086,NY876180,NY,4.6,90,B,realtor_scraper,2026-07-30T02:00:37.095874+00:00
Jessica Martin,Jessica,Martin,jessica.martin@sothebysrealty.com,(775) 967-5723,Keller Williams,Bakersfield,CA,16,34,24299868,CA85622,CA,4.1,100,A,realtor_scraper,2026-07-30T02:00:37.087341+00:00
Ashley Porter,Ashley,Porter,aporter@bhhs.com,(906) 686-1890,Taylor Morrison,Hollywood,FL,0,10,4984180,FL419376,FL,3.8,73,B,realtor_scraper,2026-07-30T02:00:37.101735+00:00
Henry Herrera,Henry,Herrera,hherrera@exp.com,(714) 163-8746,Dickson Realty,Durham,NC,14,8,2597216,NC483925,NC,4.5,93,A,realtor_scraper,2026-07-30T02:00:37.092768+00:00
Juan Martinez,Juan,Martinez,juan.martinez@kw.com,(802) 733-4150,Coldwell Banker,Hollywood,CA,6,16,10403376,CA955324,CA,4.3,90,B,realtor_scraper,2026-07-30T02:00:37.096065+00:00
William Coleman,William,Coleman,william.coleman@hotmail.com,(305) 979-8388,Lennar,Kansas City,KS,4,18,8401068,KS918247,KS,3.2,86,B,realtor_scraper,2026-07-30T02:00:37.095768+00:00
Amber Gray,Amber,Gray,amberg@hotmail.com,(231) 789-1329,eXp Realty,Los Angeles,CA,5,7,2240756,CA843649,CA,3.6,82,A,realtor_scraper,2026-07-30T02:00:37.086773+00:00
Olivia Mendez,Olivia,Mendez,mendezolivia@zillow.com,(929) 748-3174,Movoto,Boise,ID,7,25,11906850,ID95954,ID,4.7,92,B,realtor_scraper,2026-07-30T02:00:37.100621+00:00
Diane White,Diane,White,whitediane@gmail.com,(737) 688-2169,Century 21,Hollywood,FL,4,16,5209216,FL378999,FL,3.5,86,B,realtor_scraper,2026-07-30T02:00:37.101850+00:00
Jacob Hamilton,Jacob,Hamilton,jacobhamilton@outlook.com,(475) 862-5076,Weichert Realtors,Springfield,MO,7,19,13663774,MO857860,MO,4.1,92,B,realtor_scraper,2026-07-30T02:00:37.102312+00:00
Walter Jackson,Walter,Jackson,walterjackson@realtyonegroup.com,(279) 218-9068,Century 21,Alexandria,VA,0,6,2579532,VA969940,VA,3.4,69,B,realtor_scraper,2026-07-30T02:00:37.100517+00:00
George Simmons,George,Simmons,georges@hotmail.com,(929) 424-5749,Perry Homes,Arvada,CO,8,34,17940202,CO579313,CO,4.0,91,C,realtor_scraper,2026-07-30T02:00:37.105834+00:00
Heather Torres,Heather,Torres,heather.torres@broker.com,(339) 467-8339,Lyon Real Estate,Portland,OR,18,15,5344485,OR791329,OR,4.9,100,A,realtor_scraper,2026-07-30T02:00:37.092918+00:00
Katherine Henry,Katherine,Henry,katherineh@hotmail.com,(309) 112-2787,Lyon Real Estate,Cincinnati,OH,11,29,10775472,OH935224,OH,3.0,100,A,realtor_scraper,2026-07-30T02:00:37.087849+00:00
Laura Murphy,Laura,Murphy,lauram@redfin.com,(320) 128-1050,Colliers International,Inglewood,CA,2,2,939764,CA118808,CA,3.0,66,C,realtor_scraper,2026-07-30T02:00:37.106942+00:00
Douglas Jones,Douglas,Jones,djones@realtyonegroup.com,(540) 625-9900,Intero Real Estate,Columbus,OH,18,18,10765602,OH925820,OH,4.2,100,A,realtor_scraper,2026-07-30T02:00:37.092163+00:00
Jennifer McDonald,Jennifer,McDonald,jenniferm@icloud.com,(347) 811-7063,Trulia,Cape Coral,FL,3,10,5860430,FL351052,FL,3.9,79,B,realtor_scraper,2026-07-30T02:00:37.097905+00:00
Raymond Torres,Raymond,Torres,raymond.torres@yahoo.com,(470) 150-2345,Lyon Real Estate,Killeen,TX,8,28,8585024,TX395544,TX,4.6,94,B,realtor_scraper,2026-07-30T02:00:37.095354+00:00
Shirley Wagner,Shirley,Wagner,wagnershirley@zillow.com,(840) 580-1109,Marcus & Millichap,Scottsdale,AZ,4,12,6516684,AZ135234,AZ,3.3,85,A,realtor_scraper,2026-07-30T02:00:37.089033+00:00
Julia Ford,Julia,Ford,fordjulia@trulia.com,(216) 295-1039,Taylor Morrison,Carlsbad,CA,3,17,7312737,CA467314,CA,4.9,81,C,realtor_scraper,2026-07-30T02:00:37.107075+00:00
Julia Morales,Julia,Morales,juliamorales@redfin.com,(534) 786-1170,NextHome,Westminster,CO,0,5,1337305,CO510999,CO,4.0,65,C,realtor_scraper,2026-07-30T02:00:37.105180+00:00
Martha Stone,Martha,Stone,stonemartha@nextdoor.com,(605) 372-8995,United Real Estate,Grand Rapids,MI,12,18,10587852,MI75447,MI,3.6,98,B,realtor_scraper,2026-07-30T02:00:37.100605+00:00
Larry Patel,Larry,Patel,lpatel@broker.com,(920) 631-9638,Movoto,Vancouver,WA,6,11,6493938,WA226551,WA,3.7,86,B,realtor_scraper,2026-07-30T02:00:37.102663+00:00
Stephanie Baker,Stephanie,Baker,stephanieb@century21.com,(956) 901-2162,Marcus & Millichap,Clarksville,TN,8,9,6597837,TN80798,TN,4.2,88,B,realtor_scraper,2026-07-30T02:00:37.102251+00:00
Larry Morris,Larry,Morris,larrym@redfin.com,(945) 383-7987,United Real Estate,Athens,GA,0,9,3175029,GA923503,GA,4.7,69,C,realtor_scraper,2026-07-30T02:00:37.107461+00:00
Kevin Sanders,Kevin,Sanders,kevinsanders@coldwellbanker.com,(713) 497-7660,CBRE,Buffalo,NY,9,23,12748348,NY789862,NY,4.7,98,A,realtor_scraper,2026-07-30T02:00:37.093305+00:00
Cynthia Lee,Cynthia,Lee,leecynthia@yahoo.com,(808) 387-3820,Cushman & Wakefield,Little Rock,AR,9,11,7903940,AR168394,AR,4.7,92,B,realtor_scraper,2026-07-30T02:00:37.096896+00:00
Evelyn Mendoza,Evelyn,Mendoza,evelynmendoza@remax.net,(571) 164-4653,Purplebricks,Wichita,KS,15,28,11504472,KS377006,KS,3.7,100,A,realtor_scraper,2026-07-30T02:00:37.091100+00:00
Robert Richardson,Robert,Richardson,robertrichardson@hotmail.com,(207) 194-5758,Equity Residential,Fort Collins,CO,8,35,16291380,CO16747,CO,4.2,94,B,realtor_scraper,2026-07-30T02:00:37.094890+00:00
Timothy Jimenez,Timothy,Jimenez,timothyj@exp.com,(808) 755-2591,ZipRealty,Beaumont,TX,4,4,1391008,TX607551,TX,4.0,72,C,realtor_scraper,2026-07-30T02:00:37.104124+00:00
Kimberly Ferguson,Kimberly,Ferguson,kimberlyferguson@coldwellbanker.com,(810) 482-5626,Help-U-Sell,Louisville,KY,12,34,22319980,KY713438,KY,3.2,100,A,realtor_scraper,2026-07-30T02:00:37.093275+00:00
Carol Munoz,Carol,Munoz,munozcarol@coldwellbanker.com,(510) 318-3368,Equity Residential,Columbia,SC,3,13,6655532,SC752112,SC,3.5,82,B,realtor_scraper,2026-07-30T02:00:37.097549+00:00
Natalie Davis,Natalie,Davis,davisnatalie@outlook.com,(703) 786-4455,D.R. Horton,Fort Worth,TX,10,34,27029524,TX158752,TX,3.7,100,A,realtor_scraper,2026-07-30T02:00:37.092293+00:00
Patricia Garcia,Patricia,Garcia,garciapatricia@agent.com,(623) 983-4724,CBRE,Fort Wayne,IN,4,18,5365656,IN415092,IN,4.8,88,A,realtor_scraper,2026-07-30T02:00:37.088328+00:00
Maria Cole,Maria,Cole,mariacole@hotmail.com,(313) 850-4992,Perry Homes,Chesapeake,VA,6,18,11820762,VA365713,VA,3.7,92,A,realtor_scraper,2026-07-30T02:00:37.091238+00:00
Kathryn Ramos,Kathryn,Ramos,kathrynramos@zillow.com,(623) 222-1924,Equity Residential,El Paso,TX,12,18,13239126,TX905725,TX,4.1,100,A,realtor_scraper,2026-07-30T02:00:37.093201+00:00
Margaret Russell,Margaret,Russell,margaretrussell@hotmail.com,(972) 459-5481,Village Real Estate,Bakersfield,CA,4,13,7485400,CA602234,CA,4.1,86,A,realtor_scraper,2026-07-30T02:00:37.088146+00:00
Patrick Allen,Patrick,Allen,pallen@sothebysrealty.com,(707) 187-2911,Equity Residential,Huntsville,AL,8,24,8631792,AL856558,AL,5.0,94,B,realtor_scraper,2026-07-30T02:00:37.101761+00:00
Rebecca Gomez,Rebecca,Gomez,gomezrebecca@zillow.com,(859) 548-2424,Real Living,Glendale,AZ,9,27,17470377,AZ799243,AZ,4.3,98,A,realtor_scraper,2026-07-30T02:00:37.089494+00:00
Kayla Myers,Kayla,Myers,kmyers@coldwellbanker.com,(402) 301-3073,David Weekley Homes,Fort Collins,CO,4,11,5184256,CO978922,CO,4.9,82,B,realtor_scraper,2026-07-30T02:00:37.100416+00:00
Anna Hunter,Anna,Hunter,annahunter@realtor.com,(310) 821-1631,Trulia,Austin,TX,5,14,5290026,TX913833,TX,4.9,89,A,realtor_scraper,2026-07-30T02:00:37.092850+00:00
Teresa Harris,Teresa,Harris,harristeresa@trulia.com,(508) 708-6076,Compass,Torrance,CA,4,11,4495524,CA964861,CA,3.2,82,B,realtor_scraper,2026-07-30T02:00:37.097018+00:00
Jack Harrison,Jack,Harrison,jack.harrison@realtor.com,(762) 313-9614,Lennar,Fort Lauderdale,FL,7,14,7648522,FL819544,FL,3.2,91,B,realtor_scraper,2026-07-30T02:00:37.101724+00:00
Justin Hughes,Justin,Hughes,justinh@kw.com,(445) 126-9664,Village Real Estate,Miami,FL,2,8,3449560,FL310825,FL,4.1,77,A,realtor_scraper,2026-07-30T02:00:37.086898+00:00
Billy Green,Billy,Green,billygreen@remax.net,(316) 812-6847,Newmark Grubb Knight Frank,McKinney,TX,1,3,1354068,TX635528,TX,3.9,68,B,realtor_scraper,2026-07-30T02:00:37.101054+00:00
Catherine Moreno,Catherine,Moreno,catherinemoreno@realty.com,(817) 803-7669,Coldwell Banker,Pueblo,CO,2,9,1826973,CO622139,CO,4.9,73,C,realtor_scraper,2026-07-30T02:00:37.107901+00:00
Melissa Nguyen,Melissa,Nguyen,melissan@realtyonegroup.com,(919) 336-1771,Realty ONE Group,Flint,MI,4,9,4778487,MI869316,MI,3.7,80,B,realtor_scraper,2026-07-30T02:00:37.096835+00:00
Johnny Young,Johnny,Young,johnnyyoung@agent.com,(223) 522-4887,Purplebricks,Round Rock,TX,5,11,4671040,TX991634,TX,4.7,81,C,realtor_scraper,2026-07-30T02:00:37.105734+00:00
Kathleen Webb,Kathleen,Webb,webbkathleen@realty.com,(252) 171-3386,Homes.com,Nashville,TN,10,29,19996428,TN255226,TN,3.4,100,A,realtor_scraper,2026-07-30T02:00:37.088779+00:00
George Powell,George,Powell,gpowell@broker.com,(941) 299-1584,NVR Homes,Phoenix,AZ,17,21,11109231,AZ155406,AZ,4.9,100,A,realtor_scraper,2026-07-30T02:00:37.090476+00:00
Carolyn Murphy,Carolyn,Murphy,cmurphy@realty.com,(612) 698-6901,Redfin,Provo,UT,4,11,4230039,UT98916,UT,3.8,79,C,realtor_scraper,2026-07-30T02:00:37.105948+00:00
Ralph Stevens,Ralph,Stevens,stevensralph@homes.com,(414) 117-1270,Equity Residential,Baltimore,MD,9,23,9454817,MD905128,MD,4.7,98,A,realtor_scraper,2026-07-30T02:00:37.088074+00:00
Andrea Castro,Andrea,Castro,andrea.castro@hotmail.com,(272) 577-2245,John L. Scott Real Estate,Palm Bay,FL,3,18,8285040,FL355810,FL,4.9,81,C,realtor_scraper,2026-07-30T02:00:37.105705+00:00
Thomas Young,Thomas,Young,thomasyoung@remax.net,(251) 583-7453,Redfin,Detroit,MI,6,30,17514240,MI436295,MI,4.1,92,A,realtor_scraper,2026-07-30T02:00:37.091180+00:00
Richard Sullivan,Richard,Sullivan,richards@trulia.com,(919) 462-7462,Re/Max,Chattanooga,TN,1,10,4924670,TN555695,TN,4.5,75,B,realtor_scraper,2026-07-30T02:00:37.097076+00:00
Kevin Olson,Kevin,Olson,kevino@yahoo.com,(747) 412-2867,ERA Real Estate,Des Moines,IA,6,24,13081608,IA184962,IA,4.4,90,B,realtor_scraper,2026-07-30T02:00:37.095316+00:00
Emily Bryant,Emily,Bryant,bryantemily@nextdoor.com,(423) 473-8403,Century 21,Spokane,WA,6,20,10859400,WA568894,WA,3.1,90,B,realtor_scraper,2026-07-30T02:00:37.097700+00:00
Susan Burns,Susan,Burns,susanburns@redfin.com,(810) 523-3959,Pulte Homes,Vancouver,WA,5,14,4974060,WA787406,WA,5.0,87,B,realtor_scraper,2026-07-30T02:00:37.095328+00:00
Brandon Price,Brandon,Price,brandon.price@exp.com,(850) 232-6296,Baird & Warner,High Point,NC,4,11,4623762,NC68410,NC,3.1,79,C,realtor_scraper,2026-07-30T02:00:37.107188+00:00
Donald Alvarez,Donald,Alvarez,donaldalvarez@broker.com,(860) 885-5326,Berkshire Hathaway HomeServices,Baton Rouge,LA,3,17,4363696,LA48482,LA,4.8,84,B,realtor_scraper,2026-07-30T02:00:37.101601+00:00
Matthew Medina,Matthew,Medina,matthewm@yahoo.com,(856) 711-9524,Meritage Homes,Baltimore,MD,8,12,7223184,MD630465,MD,4.0,93,A,realtor_scraper,2026-07-30T02:00:37.092643+00:00
Samantha Cole,Samantha,Cole,colesamantha@remax.net,(626) 326-9842,Realty World,Clovis,CA,2,10,4280620,CA682270,CA,3.3,74,C,realtor_scraper,2026-07-30T02:00:37.104306+00:00
Brenda Dunn,Brenda,Dunn,brendad@kw.com,(754) 917-7692,Purplebricks,San Diego,CA,12,26,11278150,CA273167,CA,3.7,100,A,realtor_scraper,2026-07-30T02:00:37.089102+00:00
Logan Mitchell,Logan,Mitchell,mitchelllogan@nextdoor.com,(281) 733-9678,Trulia,Beaumont,TX,0,5,2088245,TX711859,TX,4.7,65,C,realtor_scraper,2026-07-30T02:00:37.103810+00:00
Jeffrey Lopez,Jeffrey,Lopez,jeffreyl@zillow.com,(937) 726-1873,Keller Williams,Provo,UT,0,7,1415260,UT612429,UT,4.6,67,C,realtor_scraper,2026-07-30T02:00:37.104609+00:00
Doris Long,Doris,Long,doris.long@century21.com,(929) 974-5540,Realty Executives,Boise,ID,4,20,11341940,ID132314,ID,4.8,86,B,realtor_scraper,2026-07-30T02:00:37.095912+00:00
Christian Ramos,Christian,Ramos,christian.ramos@agent.com,(732) 634-5215,United Real Estate,Pasadena,TX,0,9,3323322,TX667079,TX,4.5,72,B,realtor_scraper,2026-07-30T02:00:37.095619+00:00
William Nelson,William,Nelson,william.nelson@realtor.com,(225) 237-9784,Lyon Real Estate,Pittsburgh,PA,11,14,7705740,PA927616,PA,4.8,99,A,realtor_scraper,2026-07-30T02:00:37.087319+00:00
Jean Cox,Jean,Cox,jcox@coldwellbanker.com,(669) 448-2990,Colliers International,League City,TX,1,4,1433956,TX171154,TX,4.9,66,C,realtor_scraper,2026-07-30T02:00:37.105853+00:00
Jack Sullivan,Jack,Sullivan,jacks@coldwellbanker.com,(478) 679-7924,Coldwell Banker,Lafayette,LA,9,28,20488020,LA258852,LA,4.5,96,B,realtor_scraper,2026-07-30T02:00:37.095711+00:00
Lisa Murphy,Lisa,Murphy,murphylisa@nextdoor.com,(609) 640-4918,Real Living,Escondido,CA,2,10,3481480,CA257844,CA,5.0,77,B,realtor_scraper,2026-07-30T02:00:37.101086+00:00
George Morris,George,Morris,george.morris@nextdoor.com,(856) 234-4221,CBRE,Modesto,CA,7,31,12816020,CA549476,CA,4.2,92,B,realtor_scraper,2026-07-30T02:00:37.094600+00:00
Cheryl Flores,Cheryl,Flores,cheryl.flores@redfin.com,(909) 856-6397,KB Home,St. Petersburg,FL,5,18,7988976,FL42802,FL,4.3,90,A,realtor_scraper,2026-07-30T02:00:37.088311+00:00
Ruth Lopez,Ruth,Lopez,lopezruth@broker.com,(253) 198-9712,Purplebricks,Erie,PA,3,19,9780934,PA423604,PA,4.4,81,C,realtor_scraper,2026-07-30T02:00:37.104637+00:00
Brian Johnson,Brian,Johnson,brianjohnson@nextdoor.com,(224) 863-3797,Colliers International,Tampa,FL,0,4,1483960,FL79399,FL,3.5,69,A,realtor_scraper,2026-07-30T02:00:37.088030+00:00
Martha Williams,Martha,Williams,mwilliams@nextdoor.com,(843) 809-6396,Purplebricks,Detroit,MI,12,29,18986039,MI998578,MI,3.9,100,A,realtor_scraper,2026-07-30T02:00:37.092324+00:00
Judith Peterson,Judith,Peterson,judithpeterson@remax.net,(518) 283-7698,Exit Realty,Saint Paul,MN,12,32,15203200,MN161107,MN,4.0,100,A,realtor_scraper,2026-07-30T02:00:37.092060+00:00
Tyler Phillips,Tyler,Phillips,tylerphillips@hotmail.com,(321) 919-9137,Lyon Real Estate,Denver,CO,5,17,4692017,CO295474,CO,4.7,90,A,realtor_scraper,2026-07-30T02:00:37.087137+00:00
Sophia Morgan,Sophia,Morgan,morgansophia@hotmail.com,(878) 881-8060,Intero Real Estate,Henderson,NV,6,29,11528631,NV311292,NV,3.1,92,A,realtor_scraper,2026-07-30T02:00:37.092177+00:00
Amanda Morris,Amanda,Morris,amanda.morris@realty.com,(404) 974-5880,Lyon Real Estate,Dallas,TX,7,13,6447896,TX707190,TX,3.1,92,A,realtor_scraper,2026-07-30T02:00:37.094049+00:00
Joshua Hayes,Joshua,Hayes,hayesjoshua@homes.com,(334) 470-3277,Cushman & Wakefield,Westminster,CO,3,5,2828740,CO12599,CO,3.4,71,C,realtor_scraper,2026-07-30T02:00:37.106992+00:00
Heather Robertson,Heather,Robertson,hrobertson@realtor.com,(732) 973-2078,Meritage Homes,Torrance,CA,7,14,10893708,CA966694,CA,3.3,91,B,realtor_scraper,2026-07-30T02:00:37.100537+00:00
Raymond Sanders,Raymond,Sanders,raymonds@nextdoor.com,(614) 261-6245,Baird & Warner,Tempe,AZ,8,20,10699300,AZ672484,AZ,3.7,94,B,realtor_scraper,2026-07-30T02:00:37.097534+00:00
Ralph Mills,Ralph,Mills,ralph.mills@realty.com,(504) 714-8604,eXp Realty,Boulder,CO,7,23,17084607,CO566491,CO,4.4,89,C,realtor_scraper,2026-07-30T02:00:37.107693+00:00
Justin Anderson,Justin,Anderson,janderson@agent.com,(817) 929-7885,ERA Real Estate,Flint,MI,6,24,11664072,MI393963,MI,4.7,90,B,realtor_scraper,2026-07-30T02:00:37.100941+00:00
Gloria Hall,Gloria,Hall,hallgloria@outlook.com,(580) 698-3414,Redfin Partner,Rialto,CA,5,19,10688127,CA335917,CA,3.6,85,C,realtor_scraper,2026-07-30T02:00:37.104359+00:00
Samuel Mills,Samuel,Mills,samuelm@outlook.com,(207) 754-6045,Pulte Homes,San Bernardino,CA,10,10,5933110,CA305368,CA,3.1,93,B,realtor_scraper,2026-07-30T02:00:37.102212+00:00
Denise Gutierrez,Denise,Gutierrez,denisegutierrez@exp.com,(317) 844-5362,Pulte Homes,Sunnyvale,CA,9,15,5309550,CA77262,CA,4.1,96,B,realtor_scraper,2026-07-30T02:00:37.100373+00:00
Judith Peterson,Judith,Peterson,petersonjudith@century21.com,(615) 428-9857,Pulte Homes,Chandler,AZ,8,16,10882064,AZ950017,AZ,4.5,96,A,realtor_scraper,2026-07-30T02:00:37.093830+00:00
Larry Diaz,Larry,Diaz,larrydiaz@gmail.com,(978) 333-8577,Berkshire Hathaway HomeServices,Norfolk,VA,8,26,19373406,VA115847,VA,4.3,96,A,realtor_scraper,2026-07-30T02:00:37.088224+00:00
Mary Daniels,Mary,Daniels,maryd@realty.com,(606) 462-5242,Real Living,Plano,TX,9,13,7640685,TX144457,TX,3.0,96,A,realtor_scraper,2026-07-30T02:00:37.092415+00:00
Steven Campbell,Steven,Campbell,steven.campbell@outlook.com,(364) 237-4429,Village Real Estate,Odessa,TX,5,15,4617945,TX132301,TX,3.1,85,C,realtor_scraper,2026-07-30T02:00:37.104260+00:00
Brittany Dixon,Brittany,Dixon,brittanyd@yahoo.com,(925) 273-2345,Sotheby's International Realty,Des Moines,IA,0,8,3796600,IA119072,IA,4.6,71,B,realtor_scraper,2026-07-30T02:00:37.094707+00:00
Alice Cook,Alice,Cook,alice.cook@outlook.com,(216) 833-3363,Intero Real Estate,Irvine,CA,14,34,11476224,CA304107,CA,4.9,100,A,realtor_scraper,2026-07-30T02:00:37.089204+00:00
Brenda King,Brenda,King,kingbrenda@compass.com,(214) 539-7511,Real Living,San Francisco,CA,19,20,15752720,CA201366,CA,3.0,100,A,realtor_scraper,2026-07-30T02:00:37.088644+00:00
David Gibson,David,Gibson,gibsondavid@icloud.com,(856) 570-5242,NextHome,Lakewood,CO,5,18,7633998,CO572579,CO,4.6,88,B,realtor_scraper,2026-07-30T02:00:37.095459+00:00
Natalie Phillips,Natalie,Phillips,nphillips@sothebysrealty.com,(323) 362-6665,Pulte Homes,Wichita,KS,15,21,15294111,KS115749,KS,3.4,100,A,realtor_scraper,2026-07-30T02:00:37.092727+00:00
Billy Gutierrez,Billy,Gutierrez,billygutierrez@realtor.com,(979) 647-6335,David Weekley Homes,Rialto,CA,5,15,4718220,CA422481,CA,4.6,85,C,realtor_scraper,2026-07-30T02:00:37.105394+00:00
Jack Barnes,Jack,Barnes,jbarnes@agent.com,(386) 447-1049,ZipRealty,Elgin,IL,5,6,2300958,IL412773,IL,3.3,79,B,realtor_scraper,2026-07-30T02:00:37.098043+00:00
Bobby Williams,Bobby,Williams,williamsbobby@remax.net,(936) 573-4433,Re/Max,Lakewood,CO,5,9,3788037,CO826919,CO,3.1,82,B,realtor_scraper,2026-07-30T02:00:37.095724+00:00
Charles Thomas,Charles,Thomas,cthomas@compass.com,(626) 762-3657,Cushman & Wakefield,Fayetteville,NC,9,19,15037493,NC479361,NC,4.8,96,B,realtor_scraper,2026-07-30T02:00:37.097563+00:00
Doris Martinez,Doris,Martinez,dorism@broker.com,(415) 264-9610,J.P. Morgan Real Estate,Sunnyvale,CA,3,20,9147000,CA843530,CA,3.9,84,B,realtor_scraper,2026-07-30T02:00:37.101553+00:00
Betty Adams,Betty,Adams,betty.adams@sothebysrealty.com,(361) 118-1393,Trulia,Cape Coral,FL,8,35,21215320,FL839320,FL,3.1,94,B,realtor_scraper,2026-07-30T02:00:37.097967+00:00
Gary Thomas,Gary,Thomas,gary.thomas@kw.com,(513) 971-3908,Keller Williams,Abilene,TX,7,35,26689705,TX260290,TX,3.6,89,C,realtor_scraper,2026-07-30T02:00:37.104903+00:00
Donna King,Donna,King,dking@broker.com,(447) 787-3741,Real Living,Palm Bay,FL,5,9,3995091,FL511588,FL,3.1,79,C,realtor_scraper,2026-07-30T02:00:37.103770+00:00
Nancy Henderson,Nancy,Henderson,nancy.henderson@outlook.com,(720) 647-5166,Howard Hanna Real Estate,Lewisville,TX,3,13,6450912,TX102390,TX,3.6,79,C,realtor_scraper,2026-07-30T02:00:37.107722+00:00
Sharon Scott,Sharon,Scott,scottsharon@agent.com,(872) 900-2618,Movoto,Lincoln,NE,5,4,1858820,NE927982,NE,4.9,79,A,realtor_scraper,2026-07-30T02:00:37.093469+00:00
Terry Price,Terry,Price,terry.price@yahoo.com,(480) 291-4975,Coldwell Banker,Springfield,MA,2,10,4001600,MA634869,MA,4.5,77,B,realtor_scraper,2026-07-30T02:00:37.097142+00:00
Alexis Gray,Alexis,Gray,alexis.gray@coldwellbanker.com,(385) 727-2834,Beazer Homes,Tulsa,OK,7,27,8422164,OK667558,OK,3.9,94,A,realtor_scraper,2026-07-30T02:00:37.091771+00:00
Eugene Morales,Eugene,Morales,eugenemorales@zillow.com,(469) 308-2230,KB Home,Gilbert,AZ,3,12,4589040,AZ564500,AZ,4.2,83,A,realtor_scraper,2026-07-30T02:00:37.091001+00:00
Austin Ramos,Austin,Ramos,austinramos@kw.com,(757) 999-8329,John L. Scott Real Estate,Tallahassee,FL,2,7,1482187,FL814307,FL,3.3,74,B,realtor_scraper,2026-07-30T02:00:37.095592+00:00
Jose Hill,Jose,Hill,joseh@gmail.com,(601) 751-5843,Realty World,Houston,TX,12,18,7418340,TX923368,TX,4.7,100,A,realtor_scraper,2026-07-30T02:00:37.093678+00:00
Christian Hill,Christian,Hill,christian.hill@redfin.com,(505) 693-5455,Century 21,Amarillo,TX,2,1,224585,TX114961,TX,4.8,68,B,realtor_scraper,2026-07-30T02:00:37.100779+00:00
Bobby Edwards,Bobby,Edwards,bobby.edwards@kw.com,(279) 813-6324,United Real Estate,Grand Rapids,MI,8,12,6111252,MI192925,MI,4.1,91,B,realtor_scraper,2026-07-30T02:00:37.101070+00:00
Paul Allen,Paul,Allen,allenpaul@sothebysrealty.com,(534) 801-9857,Equity Residential,Tulsa,OK,11,34,12706072,OK424307,OK,3.2,100,A,realtor_scraper,2026-07-30T02:00:37.093084+00:00
Juan Fisher,Juan,Fisher,juanfisher@icloud.com,(606) 846-3233,Homes.com,Springfield,MA,5,11,6072363,MA512359,MA,3.1,84,B,realtor_scraper,2026-07-30T02:00:37.102135+00:00
Henry Hicks,Henry,Hicks,hickshenry@century21.com,(413) 550-8587,ZipRealty,Glendale,AZ,8,24,7443216,AZ385221,AZ,4.5,96,A,realtor_scraper,2026-07-30T02:00:37.087121+00:00
Pamela Hunt,Pamela,Hunt,phunt@broker.com,(207) 376-7078,Beazer Homes,Pittsburgh,PA,6,28,15972684,PA911069,PA,3.3,92,A,realtor_scraper,2026-07-30T02:00:37.087253+00:00
Walter Munoz,Walter,Munoz,waltermunoz@realtor.com,(567) 730-4322,Sotheby's International Realty,Birmingham,AL,9,17,9483603,AL820569,AL,3.5,96,B,realtor_scraper,2026-07-30T02:00:37.102181+00:00
Richard Alvarez,Richard,Alvarez,ralvarez@nextdoor.com,(918) 170-3682,eXp Realty,Cambridge,MA,7,25,9016050,MA35086,MA,3.0,89,C,realtor_scraper,2026-07-30T02:00:37.105006+00:00
Elizabeth Mitchell,Elizabeth,Mitchell,elizabethmitchell@sothebysrealty.com,(838) 658-7703,Century 21,Roseville,CA,3,4,1118672,CA623905,CA,3.4,70,C,realtor_scraper,2026-07-30T02:00:37.107623+00:00
Sharon Lewis,Sharon,Lewis,sharon.lewis@outlook.com,(906) 134-1622,Zillow Premier Agent,Aurora,CO,12,21,16498230,CO477782,CO,4.1,100,A,realtor_scraper,2026-07-30T02:00:37.086932+00:00
James Gibson,James,Gibson,jamesgibson@coldwellbanker.com,(916) 917-3179,Realty Executives,Flint,MI,6,27,8405613,MI417864,MI,3.7,90,B,realtor_scraper,2026-07-30T02:00:37.097326+00:00
Corey Bryant,Corey,Bryant,coreybryant@hotmail.com,(954) 700-3848,Realty Executives,Hollywood,FL,1,2,770810,FL638826,FL,4.0,67,B,realtor_scraper,2026-07-30T02:00:37.101782+00:00
Beverly Marshall,Beverly,Marshall,bmarshall@redfin.com,(479) 663-2824,Better Homes and Gardens Real Estate,Tallahassee,FL,1,6,2644242,FL110688,FL,4.3,71,B,realtor_scraper,2026-07-30T02:00:37.097275+00:00
Jack Hamilton,Jack,Hamilton,hamiltonjack@bhhs.com,(341) 516-6605,Real Living,Jacksonville,FL,13,12,4928796,FL809632,FL,4.3,97,A,realtor_scraper,2026-07-30T02:00:37.087626+00:00
Timothy Perry,Timothy,Perry,timothyp@gmail.com,(406) 615-7635,Taylor Morrison,Portland,OR,11,32,11896256,OR491980,OR,4.5,100,A,realtor_scraper,2026-07-30T02:00:37.088562+00:00
Thomas Rice,Thomas,Rice,ricethomas@remax.net,(762) 749-5373,Realty ONE Group,Reno,NV,16,21,12885180,NV105434,NV,3.4,100,A,realtor_scraper,2026-07-30T02:00:37.094061+00:00
Carolyn Mendez,Carolyn,Mendez,mendezcarolyn@outlook.com,(219) 796-4087,KB Home,Durham,NC,7,18,5516028,NC277592,NC,3.1,94,A,realtor_scraper,2026-07-30T02:00:37.094100+00:00
Alexis Freeman,Alexis,Freeman,alexisfreeman@trulia.com,(402) 724-2498,Pulte Homes,Nashville,TN,9,32,15118464,TN374088,TN,4.7,98,A,realtor_scraper,2026-07-30T02:00:37.094403+00:00
Frances Gonzales,Frances,Gonzales,fgonzales@realty.com,(580) 564-4525,Movoto,Chesapeake,VA,11,12,6466212,VA372397,VA,4.7,97,A,realtor_scraper,2026-07-30T02:00:37.088892+00:00
Jose Daniels,Jose,Daniels,jdaniels@outlook.com,(915) 481-2542,HomeSmart,Lewisville,TX,5,18,6119154,TX48847,TX,4.7,85,C,realtor_scraper,2026-07-30T02:00:37.107096+00:00
Theresa Morales,Theresa,Morales,theresamorales@sothebysrealty.com,(563) 919-4650,Village Real Estate,Houston,TX,7,27,18960669,TX240945,TX,3.5,94,A,realtor_scraper,2026-07-30T02:00:37.092073+00:00
Russell Henry,Russell,Henry,rhenry@coldwellbanker.com,(904) 281-4395,Marcus & Millichap,Laredo,TX,15,33,15449049,TX100750,TX,3.4,100,A,realtor_scraper,2026-07-30T02:00:37.090969+00:00
Jonathan Gibson,Jonathan,Gibson,jonathangibson@agent.com,(419) 257-8751,Cushman & Wakefield,Omaha,NE,4,19,10016268,NE415390,NE,3.9,88,A,realtor_scraper,2026-07-30T02:00:37.090814+00:00
Linda Adams,Linda,Adams,ladams@realty.com,(951) 777-4273,Compass,Baton Rouge,LA,6,11,6574062,LA956920,LA,4.5,86,B,realtor_scraper,2026-07-30T02:00:37.094617+00:00
Sara Ross,Sara,Ross,sarar@agent.com,(787) 904-6210,Exit Realty,Las Cruces,NM,0,1,488085,NM74606,NM,4.9,61,C,realtor_scraper,2026-07-30T02:00:37.105533+00:00
Donna Tucker,Donna,Tucker,donnat@sothebysrealty.com,(402) 337-5645,AvalonBay Communities,Gilbert,AZ,8,25,18249975,AZ381565,AZ,3.4,96,A,realtor_scraper,2026-07-30T02:00:37.090797+00:00
Jordan Kelley,Jordan,Kelley,jordankelley@realtor.com,(740) 760-8415,David Weekley Homes,Knoxville,TN,3,10,5363850,TN909886,TN,4.2,79,B,realtor_scraper,2026-07-30T02:00:37.100706+00:00
David Stewart,David,Stewart,stewartdavid@nextdoor.com,(402) 332-3067,Homes.com,Austin,TX,9,8,5307736,TX905653,TX,3.7,91,A,realtor_scraper,2026-07-30T02:00:37.091824+00:00
Amy Flores,Amy,Flores,amy.flores@nextdoor.com,(423) 182-5688,Compass,Minneapolis,MN,17,13,8168823,MN571952,MN,4.9,98,A,realtor_scraper,2026-07-30T02:00:37.090691+00:00
Margaret Fox,Margaret,Fox,mfox@compass.com,(272) 324-7531,Better Homes and Gardens Real Estate,San Bernardino,CA,1,10,4113290,CA948501,CA,3.2,75,B,realtor_scraper,2026-07-30T02:00:37.100476+00:00
Victoria Chavez,Victoria,Chavez,victoria.chavez@agent.com,(504) 978-1075,NextHome,San Antonio,TX,16,25,14693550,TX551727,TX,3.8,100,A,realtor_scraper,2026-07-30T02:00:37.088858+00:00
Kevin Price,Kevin,Price,kevin.price@hotmail.com,(220) 509-8223,ERA Real Estate,Toledo,OH,7,12,4217856,OH54417,OH,3.8,91,A,realtor_scraper,2026-07-30T02:00:37.088200+00:00
Roger Marshall,Roger,Marshall,rmarshall@gmail.com,(863) 977-1734,Ryan Homes,Miami,FL,5,20,10634220,FL168201,FL,4.4,90,A,realtor_scraper,2026-07-30T02:00:37.092337+00:00
Randy Ferguson,Randy,Ferguson,fergusonrandy@realtyonegroup.com,(804) 674-2258,NVR Homes,Milwaukee,WI,12,35,17334380,WI970480,WI,3.2,100,A,realtor_scraper,2026-07-30T02:00:37.087037+00:00
Christian Jenkins,Christian,Jenkins,christianjenkins@redfin.com,(541) 192-1101,Sotheby's International Realty,Saint Paul,MN,0,9,3856383,MN46406,MN,3.3,74,A,realtor_scraper,2026-07-30T02:00:37.087867+00:00
Gerald Young,Gerald,Young,younggerald@hotmail.com,(708) 402-6410,Taylor Morrison,Birmingham,AL,2,7,2586654,AL867849,AL,4.5,74,B,realtor_scraper,2026-07-30T02:00:37.100848+00:00
Kathleen Garcia,Kathleen,Garcia,garciakathleen@outlook.com,(301) 447-4195,Engel & Volkers,Lansing,MI,10,26,8105968,MI79201,MI,4.7,95,C,realtor_scraper,2026-07-30T02:00:37.104153+00:00
Randy King,Randy,King,kingrandy@gmail.com,(862) 765-6635,J.P. Morgan Real Estate,Tucson,AZ,9,10,4584260,AZ406932,AZ,3.1,93,A,realtor_scraper,2026-07-30T02:00:37.088728+00:00
Peter Morgan,Peter,Morgan,peter.morgan@nextdoor.com,(407) 580-3278,Realty Executives,Aurora,CO,8,11,7397225,CO142790,CO,4.5,92,A,realtor_scraper,2026-07-30T02:00:37.094036+00:00
Edward Daniels,Edward,Daniels,edaniels@remax.net,(954) 363-5899,Meritage Homes,Springfield,MA,10,33,20991300,MA20345,MA,4.1,98,B,realtor_scraper,2026-07-30T02:00:37.098149+00:00
Russell Sullivan,Russell,Sullivan,russellsullivan@broker.com,(605) 950-1724,Meritage Homes,Nashville,TN,3,13,5773638,TN294096,TN,5.0,84,A,realtor_scraper,2026-07-30T02:00:37.087071+00:00
Melissa Rivera,Melissa,Rivera,melissarivera@homes.com,(281) 884-6610,Re/Max,Fort Collins,CO,6,24,14094840,CO51133,CO,4.6,90,B,realtor_scraper,2026-07-30T02:00:37.101977+00:00
Sam Young,Sam,Young,youngsam@remax.net,(504) 932-7374,Realty Executives,Seattle,WA,3,16,8480272,WA963133,WA,3.1,86,A,realtor_scraper,2026-07-30T02:00:37.090602+00:00
Kelly Brown,Kelly,Brown,kellyb@bhhs.com,(423) 453-8980,Lyon Real Estate,Miami,FL,10,26,11881324,FL429984,FL,4.0,100,A,realtor_scraper,2026-07-30T02:00:37.086622+00:00
Ronald Guzman,Ronald,Guzman,rguzman@nextdoor.com,(605) 175-5254,Re/Max,Erie,PA,2,9,2407392,PA358237,PA,3.4,73,C,realtor_scraper,2026-07-30T02:00:37.104105+00:00
James Stewart,James,Stewart,jstewart@icloud.com,(919) 514-9704,Keller Williams,Fayetteville,NC,9,17,6332143,NC521364,NC,3.8,96,B,realtor_scraper,2026-07-30T02:00:37.096004+00:00
Martha Coleman,Martha,Coleman,martha.coleman@coldwellbanker.com,(912) 524-2102,Equity Residential,Gilbert,AZ,7,27,15298308,AZ743322,AZ,4.0,94,A,realtor_scraper,2026-07-30T02:00:37.090831+00:00
Aaron Rose,Aaron,Rose,aaron.rose@realtor.com,(478) 588-5507,Compass,Edison,NJ,4,7,2413411,NJ524872,NJ,4.7,75,C,realtor_scraper,2026-07-30T02:00:37.104480+00:00
Amy Medina,Amy,Medina,medinaamy@zillow.com,(945) 613-7955,D.R. Horton,Reno,NV,15,23,10862900,NV68802,NV,4.0,100,A,realtor_scraper,2026-07-30T02:00:37.094260+00:00
Douglas Medina,Douglas,Medina,douglasmedina@homes.com,(762) 994-6648,Intero Real Estate,Wichita,KS,8,12,6203940,KS426345,KS,3.9,93,A,realtor_scraper,2026-07-30T02:00:37.093938+00:00
Ryan Patterson,Ryan,Patterson,rpatterson@outlook.com,(915) 276-9558,Howard Hanna Real Estate,Hollywood,FL,0,10,3322110,FL555426,FL,4.9,73,B,realtor_scraper,2026-07-30T02:00:37.097506+00:00
Adam McDonald,Adam,McDonald,amcdonald@realtor.com,(508) 665-5453,Realty Executives,Glendale,AZ,4,6,2802234,AZ364988,AZ,4.3,79,A,realtor_scraper,2026-07-30T02:00:37.089460+00:00
Shirley Wood,Shirley,Wood,swood@sothebysrealty.com,(303) 156-5665,Sotheby's International Realty,Round Rock,TX,3,11,5769698,TX596580,TX,3.1,77,C,realtor_scraper,2026-07-30T02:00:37.107020+00:00
Cynthia Nelson,Cynthia,Nelson,nelsoncynthia@exp.com,(276) 631-6193,Engel & Volkers,Fresno,CA,14,20,8241340,CA112127,CA,4.1,100,A,realtor_scraper,2026-07-30T02:00:37.093457+00:00
Frank Stevens,Frank,Stevens,franks@outlook.com,(636) 666-8588,Keller Williams,Ventura,CA,4,13,5635032,CA408956,CA,4.3,81,C,realtor_scraper,2026-07-30T02:00:37.105170+00:00
Evelyn Stevens,Evelyn,Stevens,stevensevelyn@homes.com,(272) 599-4216,Dickson Realty,Nashville,TN,8,31,23587311,TN320625,TN,4.2,96,A,realtor_scraper,2026-07-30T02:00:37.088661+00:00
Daniel Harrison,Daniel,Harrison,daniel.harrison@remax.net,(804) 756-9604,NextHome,Columbus,OH,10,29,10291230,OH955189,OH,4.6,100,A,realtor_scraper,2026-07-30T02:00:37.092528+00:00
Billy Porter,Billy,Porter,billyp@remax.net,(763) 150-8659,NextHome,Dallas,TX,9,29,9330315,TX111878,TX,4.7,98,A,realtor_scraper,2026-07-30T02:00:37.094446+00:00
Bradley Mills,Bradley,Mills,bradleym@nextdoor.com,(971) 776-7951,Beazer Homes,Las Vegas,NV,8,29,13985830,NV399582,NV,3.6,96,A,realtor_scraper,2026-07-30T02:00:37.090760+00:00
Ryan Barnes,Ryan,Barnes,rbarnes@homes.com,(731) 526-2429,Pulte Homes,Boulder,CO,6,26,9523280,CO524120,CO,4.3,87,C,realtor_scraper,2026-07-30T02:00:37.107117+00:00
Sean Griffin,Sean,Griffin,griffinsean@bhhs.com,(956) 444-2833,eXp Realty,Roseville,CA,3,17,4798811,CA550683,CA,4.4,81,C,realtor_scraper,2026-07-30T02:00:37.106784+00:00
Andrea Peterson,Andrea,Peterson,apeterson@redfin.com,(714) 232-6778,eXp Realty,Norfolk,VA,9,29,16157002,VA105297,VA,4.1,98,A,realtor_scraper,2026-07-30T02:00:37.092307+00:00
Pamela Cruz,Pamela,Cruz,cruzpamela@exp.com,(720) 580-2976,Intero Real Estate,Minneapolis,MN,15,24,7511088,MN567731,MN,3.1,100,A,realtor_scraper,2026-07-30T02:00:37.092867+00:00
Logan Kennedy,Logan,Kennedy,lkennedy@outlook.com,(415) 400-4017,Re/Max,Charlotte,NC,13,24,12146496,NC164918,NC,3.4,100,A,realtor_scraper,2026-07-30T02:00:37.092376+00:00
Alice Munoz,Alice,Munoz,alicemunoz@broker.com,(412) 952-6560,Realty World,Provo,UT,2,8,2853088,UT720083,UT,3.5,72,C,realtor_scraper,2026-07-30T02:00:37.104169+00:00
Alice Fox,Alice,Fox,alice.fox@homes.com,(369) 996-5353,Lennar,High Point,NC,6,11,4638260,NC297993,NC,3.2,83,C,realtor_scraper,2026-07-30T02:00:37.103401+00:00
Debra Castillo,Debra,Castillo,castillodebra@trulia.com,(563) 520-8863,Re/Max,Brockton,MA,8,31,16442214,MA998551,MA,4.2,91,C,realtor_scraper,2026-07-30T02:00:37.105639+00:00
Brandon Patel,Brandon,Patel,patelbrandon@kw.com,(572) 800-9252,Cushman & Wakefield,Billings,MT,1,8,3628488,MT715465,MT,3.6,70,C,realtor_scraper,2026-07-30T02:00:37.104404+00:00
Teresa Grant,Teresa,Grant,teresa.grant@zillow.com,(504) 251-3816,Re/Max,Carrollton,TX,7,17,9195419,TX86146,TX,4.5,89,C,realtor_scraper,2026-07-30T02:00:37.103830+00:00
Michael Nichols,Michael,Nichols,michaeln@icloud.com,(402) 121-9747,Berkshire Hathaway HomeServices,Rialto,CA,2,8,1689088,CA408351,CA,4.6,72,C,realtor_scraper,2026-07-30T02:00:37.105431+00:00
Steven Jordan,Steven,Jordan,stevenjordan@realty.com,(715) 134-4574,Coldwell Banker,Columbus,OH,2,10,2974200,OH757726,OH,4.3,79,A,realtor_scraper,2026-07-30T02:00:37.093964+00:00
Andrew Watson,Andrew,Watson,andreww@kw.com,(217) 600-2425,ERA Real Estate,Henderson,NV,4,4,2122704,NV631534,NV,3.3,77,A,realtor_scraper,2026-07-30T02:00:37.087691+00:00
Joseph Murphy,Joseph,Murphy,jmurphy@sothebysrealty.com,(775) 704-1867,Marcus & Millichap,Westminster,CO,8,34,12245338,CO283863,CO,4.1,91,C,realtor_scraper,2026-07-30T02:00:37.105794+00:00
Diane Torres,Diane,Torres,diane.torres@nextdoor.com,(956) 905-1544,ERA Real Estate,Palm Bay,FL,5,12,4477920,FL343897,FL,4.8,82,C,realtor_scraper,2026-07-30T02:00:37.105725+00:00
Mark Gomez,Mark,Gomez,markgomez@coldwellbanker.com,(779) 381-3254,eXp Realty,Oklahoma City,OK,11,16,11840544,OK497471,OK,4.0,100,A,realtor_scraper,2026-07-30T02:00:37.091310+00:00
Teresa King,Teresa,King,teresak@yahoo.com,(608) 642-9772,Movoto,Fort Lauderdale,FL,5,12,4189116,FL404532,FL,3.6,85,B,realtor_scraper,2026-07-30T02:00:37.100439+00:00
Wayne Sanchez,Wayne,Sanchez,waynesanchez@icloud.com,(503) 688-3852,Pulte Homes,Lexington,KY,10,18,9944622,KY915449,KY,4.2,100,A,realtor_scraper,2026-07-30T02:00:37.091038+00:00
Kathleen Henderson,Kathleen,Henderson,kathleenh@realtor.com,(309) 322-4412,Zillow Premier Agent,Provo,UT,7,26,10362560,UT818239,UT,4.4,89,C,realtor_scraper,2026-07-30T02:00:37.105925+00:00
Sharon Rivera,Sharon,Rivera,sharonrivera@realty.com,(563) 286-3520,Intero Real Estate,Norfolk,VA,15,21,13887426,VA417095,VA,3.7,100,A,realtor_scraper,2026-07-30T02:00:37.092740+00:00
Noah Hall,Noah,Hall,noahh@remax.net,(369) 698-3909,Redfin,Fort Collins,CO,6,25,15244125,CO84410,CO,3.2,90,B,realtor_scraper,2026-07-30T02:00:37.096592+00:00
Michael Wood,Michael,Wood,michaelw@compass.com,(352) 760-3697,Redfin Partner,Denver,CO,7,24,13649568,CO980061,CO,3.4,94,A,realtor_scraper,2026-07-30T02:00:37.090725+00:00
Wayne Sullivan,Wayne,Sullivan,sullivanwayne@coldwellbanker.com,(915) 446-1804,Howard Hanna Real Estate,Boise,ID,0,1,299969,ID972295,ID,3.5,64,B,realtor_scraper,2026-07-30T02:00:37.096729+00:00
Virginia Davis,Virginia,Davis,virginiadavis@broker.com,(628) 891-5188,AvalonBay Communities,Provo,UT,3,7,2784306,UT435088,UT,4.8,73,C,realtor_scraper,2026-07-30T02:00:37.105420+00:00
Richard Ford,Richard,Ford,fordrichard@century21.com,(360) 250-9990,HomeSmart,Cape Coral,FL,2,5,2418490,FL707830,FL,4.8,72,B,realtor_scraper,2026-07-30T02:00:37.095265+00:00
Patricia Rice,Patricia,Rice,patricia.rice@sothebysrealty.com,(813) 664-7921,Purplebricks,Buffalo,NY,9,15,11557980,NY374226,NY,4.7,98,A,realtor_scraper,2026-07-30T02:00:37.090567+00:00
Brenda Jackson,Brenda,Jackson,brendaj@homes.com,(630) 112-7334,United Real Estate,Fort Wayne,IN,1,5,2400265,IN700245,IN,4.7,72,A,realtor_scraper,2026-07-30T02:00:37.087055+00:00
Juan Flores,Juan,Flores,juanflores@kw.com,(610) 299-1310,John L. Scott Real Estate,Provo,UT,7,9,4646583,UT559246,UT,4.4,83,C,realtor_scraper,2026-07-30T02:00:37.103488+00:00
Sean Anderson,Sean,Anderson,sean.anderson@zillow.com,(947) 310-9939,Berkshire Hathaway HomeServices,Lewisville,TX,3,9,4764375,TX137122,TX,3.6,75,C,realtor_scraper,2026-07-30T02:00:37.104551+00:00
Theresa Crawford,Theresa,Crawford,theresacrawford@icloud.com,(201) 830-1570,Howard Hanna Real Estate,Cape Coral,FL,6,35,18015165,FL934457,FL,3.9,90,B,realtor_scraper,2026-07-30T02:00:37.095887+00:00
Nancy Kim,Nancy,Kim,nkim@compass.com,(951) 641-2653,Newmark Grubb Knight Frank,Pomona,CA,2,2,922558,CA79499,CA,3.1,69,B,realtor_scraper,2026-07-30T02:00:37.102108+00:00
Matthew Scott,Matthew,Scott,mscott@redfin.com,(856) 247-6748,Perry Homes,Orlando,FL,11,8,4960960,FL234925,FL,4.6,93,A,realtor_scraper,2026-07-30T02:00:37.087834+00:00
Hannah Simpson,Hannah,Simpson,hannah.simpson@outlook.com,(630) 877-9709,Berkshire Hathaway HomeServices,Seattle,WA,10,16,4881552,WA172853,WA,3.6,100,A,realtor_scraper,2026-07-30T02:00:37.093318+00:00
Ruth Martinez,Ruth,Martinez,martinezruth@exp.com,(501) 517-8135,Cushman & Wakefield,Alexandria,VA,9,20,11623520,VA489304,VA,3.6,96,B,realtor_scraper,2026-07-30T02:00:37.102860+00:00
Susan Johnson,Susan,Johnson,sjohnson@realty.com,(305) 133-9598,Coldwell Banker,Washington,DC,9,17,13515357,DC902538,DC,4.6,98,A,realtor_scraper,2026-07-30T02:00:37.092944+00:00
Aaron Gordon,Aaron,Gordon,agordon@century21.com,(415) 553-1803,Meritage Homes,Chula Vista,CA,14,20,14726760,CA205530,CA,3.7,100,A,realtor_scraper,2026-07-30T02:00:37.091357+00:00
Dylan Perez,Dylan,Perez,dylan.perez@redfin.com,(432) 107-2088,Dickson Realty,Carlsbad,CA,1,9,4407246,CA591120,CA,3.5,71,C,realtor_scraper,2026-07-30T02:00:37.104596+00:00
Kathryn Green,Kathryn,Green,kgreen@realty.com,(919) 313-8465,Colliers International,Phoenix,AZ,3,9,5114466,AZ413476,AZ,4.4,80,A,realtor_scraper,2026-07-30T02:00:37.090984+00:00
Billy Gomez,Billy,Gomez,billy.gomez@century21.com,(260) 307-2500,United Real Estate,Rochester,NY,0,3,633258,NY454600,NY,4.9,66,B,realtor_scraper,2026-07-30T02:00:37.096051+00:00
Paul Soto,Paul,Soto,psoto@realtor.com,(856) 222-4352,United Real Estate,Fort Wayne,IN,20,35,13104105,IN155793,IN,4.3,100,A,realtor_scraper,2026-07-30T02:00:37.088183+00:00
Corey Harris,Corey,Harris,charris@remax.net,(979) 100-9464,Real Living,Ann Arbor,MI,9,23,7538618,MI332944,MI,4.7,93,C,realtor_scraper,2026-07-30T02:00:37.106912+00:00
Elizabeth Weaver,Elizabeth,Weaver,elizabeth.weaver@icloud.com,(678) 661-9595,Engel & Volkers,Scottsdale,AZ,14,25,10659650,AZ375450,AZ,4.8,100,A,realtor_scraper,2026-07-30T02:00:37.091485+00:00
Shirley Gordon,Shirley,Gordon,sgordon@agent.com,(270) 570-9984,David Weekley Homes,Minneapolis,MN,16,14,5546408,MN217657,MN,3.6,99,A,realtor_scraper,2026-07-30T02:00:37.092485+00:00
Paul Rodriguez,Paul,Rodriguez,rodriguezpaul@exp.com,(251) 274-2878,Weichert Realtors,Henderson,NV,7,8,4221176,NV61936,NV,3.9,87,A,realtor_scraper,2026-07-30T02:00:37.092892+00:00
Ann Hill,Ann,Hill,hillann@homes.com,(863) 797-2751,Century 21,Virginia Beach,VA,12,15,8591955,VA881698,VA,4.1,100,A,realtor_scraper,2026-07-30T02:00:37.088262+00:00
Laura Cruz,Laura,Cruz,lcruz@kw.com,(616) 482-9079,Sotheby's International Realty,Waterbury,CT,0,4,1189628,CT808129,CT,3.6,64,C,realtor_scraper,2026-07-30T02:00:37.108067+00:00
Bobby Brown,Bobby,Brown,bobby.brown@compass.com,(872) 393-8894,Beazer Homes,Modesto,CA,10,9,5165298,CA287251,CA,3.3,92,B,realtor_scraper,2026-07-30T02:00:37.097809+00:00
Ralph Wright,Ralph,Wright,ralph.wright@zillow.com,(724) 220-7689,KB Home,Corpus Christi,TX,9,30,10457250,TX126037,TX,4.3,98,A,realtor_scraper,2026-07-30T02:00:37.092389+00:00
Jonathan Green,Jonathan,Green,jonathangreen@kw.com,(862) 388-1862,John L. Scott Real Estate,Independence,MO,1,1,261530,MO979737,MO,4.1,63,C,realtor_scraper,2026-07-30T02:00:37.104451+00:00
Billy Vasquez,Billy,Vasquez,bvasquez@redfin.com,(858) 232-3145,NVR Homes,Scottsdale,AZ,5,5,2139190,AZ951281,AZ,3.5,80,A,realtor_scraper,2026-07-30T02:00:37.091196+00:00
Sarah Stewart,Sarah,Stewart,sarahstewart@realtor.com,(763) 825-3366,Homes.com,Cleveland,OH,9,25,18210075,OH734258,OH,3.4,98,A,realtor_scraper,2026-07-30T02:00:37.086858+00:00
Russell Robertson,Russell,Robertson,russellrobertson@bhhs.com,(816) 508-8879,Keller Williams,Rialto,CA,4,17,9635940,CA626218,CA,4.2,83,C,realtor_scraper,2026-07-30T02:00:37.104321+00:00
Alan Sanders,Alan,Sanders,asanders@gmail.com,(352) 919-2614,Century 21,San Francisco,CA,3,8,3491760,CA826562,CA,3.0,79,A,realtor_scraper,2026-07-30T02:00:37.088278+00:00
Walter Walker,Walter,Walker,walkerwalter@nextdoor.com,(773) 425-9113,Berkshire Hathaway HomeServices,Omaha,NE,7,33,16369155,NE477807,NE,4.1,94,A,realtor_scraper,2026-07-30T02:00:37.088940+00:00
Abigail Harrison,Abigail,Harrison,abigailharrison@trulia.com,(669) 494-6440,Realty ONE Group,Carlsbad,CA,4,16,8334384,CA355977,CA,3.6,83,C,realtor_scraper,2026-07-30T02:00:37.103430+00:00
Rebecca Sullivan,Rebecca,Sullivan,rebecca.sullivan@agent.com,(816) 576-6746,Better Homes and Gardens Real Estate,Knoxville,TN,14,30,12099630,TN363779,TN,3.5,98,B,realtor_scraper,2026-07-30T02:00:37.097743+00:00
Natalie Ryan,Natalie,Ryan,natalieryan@kw.com,(318) 290-4466,Homes.com,Pasadena,TX,9,12,3760380,TX572388,TX,3.5,93,B,realtor_scraper,2026-07-30T02:00:37.100659+00:00
Aaron Harrison,Aaron,Harrison,aharrison@realtor.com,(720) 192-8793,NextHome,Baltimore,MD,5,9,4507434,MD467841,MD,4.3,84,A,realtor_scraper,2026-07-30T02:00:37.094303+00:00
Amanda Gardner,Amanda,Gardner,amandagardner@icloud.com,(951) 633-3222,NextHome,Roseville,CA,4,17,9916168,CA538118,CA,3.0,83,C,realtor_scraper,2026-07-30T02:00:37.106767+00:00
Denise Murphy,Denise,Murphy,denise.murphy@hotmail.com,(917) 751-8879,Trulia,Birmingham,AL,2,2,616480,AL934099,AL,3.6,69,B,realtor_scraper,2026-07-30T02:00:37.101866+00:00
Diane Barnes,Diane,Barnes,diane.barnes@icloud.com,(518) 903-1012,CBRE,Salt Lake City,UT,4,12,5050776,UT818323,UT,4.8,83,B,realtor_scraper,2026-07-30T02:00:37.101713+00:00
Dorothy Guzman,Dorothy,Guzman,dorothyguzman@hotmail.com,(210) 364-9917,Weichert Realtors,Virginia Beach,VA,9,33,25711257,VA840390,VA,3.3,98,A,realtor_scraper,2026-07-30T02:00:37.091448+00:00
Daniel Hamilton,Daniel,Hamilton,danielhamilton@realtor.com,(828) 157-3924,Real Living,Tempe,AZ,0,5,1245365,AZ322804,AZ,3.3,68,B,realtor_scraper,2026-07-30T02:00:37.094682+00:00
Katherine Ferguson,Katherine,Ferguson,kferguson@kw.com,(614) 666-6436,Zillow Premier Agent,San Jose,CA,10,22,16291396,CA931920,CA,4.6,100,A,realtor_scraper,2026-07-30T02:00:37.088925+00:00
Kelly Soto,Kelly,Soto,kelly.soto@hotmail.com,(626) 508-3568,Dickson Realty,Tulsa,OK,10,32,15796160,OK293023,OK,3.3,100,A,realtor_scraper,2026-07-30T02:00:37.090511+00:00
Wayne Rose,Wayne,Rose,wrose@broker.com,(360) 234-4206,Lyon Real Estate,Lincoln,NE,13,31,24555658,NE88180,NE,3.8,100,A,realtor_scraper,2026-07-30T02:00:37.092350+00:00
Evelyn Fox,Evelyn,Fox,efox@bhhs.com,(646) 711-6251,Village Real Estate,Springfield,MA,7,13,8027838,MA165356,MA,3.5,90,B,realtor_scraper,2026-07-30T02:00:37.095737+00:00
Victoria Nguyen,Victoria,Nguyen,nguyenvictoria@outlook.com,(202) 629-6684,KB Home,Boise,ID,9,22,10398058,ID23356,ID,5.0,96,B,realtor_scraper,2026-07-30T02:00:37.101831+00:00
Teresa Warren,Teresa,Warren,teresawarren@yahoo.com,(484) 159-8533,Sotheby's International Realty,Lincoln,NE,5,15,7951365,NE257031,NE,3.8,90,A,realtor_scraper,2026-07-30T02:00:37.088602+00:00
Jack Edwards,Jack,Edwards,jedwards@century21.com,(315) 141-5467,CBRE,Indianapolis,IN,4,18,6441228,IN821051,IN,3.3,88,A,realtor_scraper,2026-07-30T02:00:37.094274+00:00
Edwin Garza,Edwin,Garza,garzaedwin@coldwellbanker.com,(539) 153-8232,Movoto,Salt Lake City,UT,4,11,4086555,UT49138,UT,3.4,82,B,realtor_scraper,2026-07-30T02:00:37.095446+00:00
Julia Russell,Julia,Russell,julia.russell@kw.com,(616) 334-7241,Exit Realty,Charleston,SC,4,16,8326800,SC199203,SC,4.0,86,B,realtor_scraper,2026-07-30T02:00:37.095657+00:00
Roger Jones,Roger,Jones,rjones@broker.com,(207) 139-5672,Village Real Estate,Durham,NC,18,25,7896525,NC119886,NC,3.2,100,A,realtor_scraper,2026-07-30T02:00:37.093990+00:00
Judith Morales,Judith,Morales,judithmorales@yahoo.com,(561) 656-7026,Homes.com,Nashville,TN,9,17,6249387,TN620723,TN,3.6,98,A,realtor_scraper,2026-07-30T02:00:37.093977+00:00
Kathryn Miller,Kathryn,Miller,kathrynmiller@realty.com,(417) 109-1653,Homes.com,Springfield,MO,3,16,5340960,MO677758,MO,3.4,84,B,realtor_scraper,2026-07-30T02:00:37.097474+00:00
Larry Scott,Larry,Scott,larrys@realtor.com,(337) 138-5284,Lennar,Boulder,CO,1,10,4968410,CO302849,CO,4.4,72,C,realtor_scraper,2026-07-30T02:00:37.105759+00:00
Joseph West,Joseph,West,joseph.west@hotmail.com,(979) 469-9815,HomeSmart,Springfield,MO,1,1,325480,MO368803,MO,3.6,66,B,realtor_scraper,2026-07-30T02:00:37.095084+00:00
Sam Coleman,Sam,Coleman,sam.coleman@bhhs.com,(978) 872-1696,Trulia,Pomona,CA,6,25,13229575,CA241189,CA,3.1,90,B,realtor_scraper,2026-07-30T02:00:37.102443+00:00
Dennis Gomez,Dennis,Gomez,dennisgomez@exp.com,(517) 471-6357,Howard Hanna Real Estate,Cambridge,MA,8,34,16444270,MA895942,MA,3.5,91,C,realtor_scraper,2026-07-30T02:00:37.105021+00:00
Matthew Jordan,Matthew,Jordan,matthewj@zillow.com,(602) 959-1536,KB Home,Pueblo,CO,9,21,13292349,CO595511,CO,3.3,93,C,realtor_scraper,2026-07-30T02:00:37.104058+00:00
Sandra Ortiz,Sandra,Ortiz,sortiz@bhhs.com,(641) 308-5028,Redfin,Allen,TX,2,10,3715030,TX609837,TX,4.8,74,C,realtor_scraper,2026-07-30T02:00:37.107815+00:00
Sarah Munoz,Sarah,Munoz,sarahm@broker.com,(508) 646-8113,NextHome,Corpus Christi,TX,7,18,9991422,TX205379,TX,3.9,94,A,realtor_scraper,2026-07-30T02:00:37.090367+00:00
Frank Long,Frank,Long,frankl@realtyonegroup.com,(470) 207-6469,D.R. Horton,Virginia Beach,VA,7,33,16204056,VA587528,VA,3.1,94,A,realtor_scraper,2026-07-30T02:00:37.093032+00:00
John Griffin,John,Griffin,johngriffin@realty.com,(402) 503-9096,Dickson Realty,Carlsbad,CA,8,30,16095720,CA998452,CA,5.0,91,C,realtor_scraper,2026-07-30T02:00:37.103628+00:00
Devin King,Devin,King,kingdevin@outlook.com,(914) 662-4212,Howard Hanna Real Estate,Irvine,CA,15,24,18204408,CA973370,CA,3.5,100,A,realtor_scraper,2026-07-30T02:00:37.091407+00:00
Kimberly Hunter,Kimberly,Hunter,khunter@outlook.com,(609) 114-1226,Newmark Grubb Knight Frank,Odessa,TX,1,2,672784,TX354355,TX,4.7,64,C,realtor_scraper,2026-07-30T02:00:37.106972+00:00
Jeremy Cruz,Jeremy,Cruz,cruzjeremy@trulia.com,(225) 581-2658,Sotheby's International Realty,Tampa,FL,9,34,25831840,FL30818,FL,4.8,98,A,realtor_scraper,2026-07-30T02:00:37.087767+00:00
Richard Coleman,Richard,Coleman,richard.coleman@bhhs.com,(256) 215-2538,Realty World,Salt Lake City,UT,5,4,2367088,UT404319,UT,3.9,77,B,realtor_scraper,2026-07-30T02:00:37.098089+00:00
Teresa Gray,Teresa,Gray,teresagray@homes.com,(213) 219-9307,David Weekley Homes,Montgomery,AL,4,5,2608645,AL675110,AL,4.6,76,B,realtor_scraper,2026-07-30T02:00:37.102478+00:00
Joan Roberts,Joan,Roberts,joan.roberts@agent.com,(331) 645-4592,Sotheby's International Realty,Charlotte,NC,10,35,13140715,NC571819,NC,3.0,100,A,realtor_scraper,2026-07-30T02:00:37.090460+00:00
Eric Boyd,Eric,Boyd,eboyd@realtyonegroup.com,(779) 614-2903,Equity Residential,Plano,TX,2,8,2893168,TX772245,TX,3.1,77,A,realtor_scraper,2026-07-30T02:00:37.092275+00:00
Bradley Harrison,Bradley,Harrison,bharrison@realtor.com,(513) 331-7817,Perry Homes,Indianapolis,IN,9,23,11974881,IN626168,IN,4.7,98,A,realtor_scraper,2026-07-30T02:00:37.091116+00:00
Bradley Young,Bradley,Young,bradley.young@compass.com,(718) 527-2295,ZipRealty,Pomona,CA,0,4,1332600,CA397407,CA,4.4,67,B,realtor_scraper,2026-07-30T02:00:37.094835+00:00
Evelyn Cole,Evelyn,Cole,coleevelyn@remax.net,(662) 399-2679,Redfin Partner,Peoria,AZ,3,7,2929325,AZ721346,AZ,4.5,73,C,realtor_scraper,2026-07-30T02:00:37.105554+00:00
Lisa Dunn,Lisa,Dunn,lisa.dunn@compass.com,(515) 304-5075,Newmark Grubb Knight Frank,Wichita,KS,5,6,2205942,KS452511,KS,3.2,81,A,realtor_scraper,2026-07-30T02:00:37.088014+00:00
Heather Parker,Heather,Parker,heatherp@redfin.com,(361) 283-4392,J.P. Morgan Real Estate,Fayetteville,NC,1,7,1967511,NC231652,NC,3.4,72,B,realtor_scraper,2026-07-30T02:00:37.101896+00:00
Bradley Hayes,Bradley,Hayes,bradley.hayes@remax.net,(260) 301-1395,AvalonBay Communities,Denver,CO,10,9,5836545,CO769580,CO,3.8,94,A,realtor_scraper,2026-07-30T02:00:37.093236+00:00
Rachel Dixon,Rachel,Dixon,dixonrachel@compass.com,(713) 219-7352,Coldwell Banker,Newark,NJ,9,32,10734304,NJ288560,NJ,3.5,98,A,realtor_scraper,2026-07-30T02:00:37.094330+00:00
Abigail Smith,Abigail,Smith,asmith@realty.com,(267) 607-2840,Homes.com,Sacramento,CA,12,9,6624936,CA69290,CA,4.5,94,A,realtor_scraper,2026-07-30T02:00:37.087554+00:00
Bradley Fernandez,Bradley,Fernandez,bradleyf@bhhs.com,(667) 318-1232,NextHome,Mobile,AL,1,3,1014306,AL754295,AL,3.4,68,B,realtor_scraper,2026-07-30T02:00:37.096680+00:00
Donald Hall,Donald,Hall,dhall@coldwellbanker.com,(404) 769-1642,David Weekley Homes,Chattanooga,TN,8,13,7644182,TN679074,TN,3.6,92,B,realtor_scraper,2026-07-30T02:00:37.100958+00:00
Jacqueline Anderson,Jacqueline,Anderson,jacquelinea@trulia.com,(702) 286-8373,Redfin,Torrance,CA,0,9,4116438,CA827628,CA,3.9,72,B,realtor_scraper,2026-07-30T02:00:37.094861+00:00
Emily Dunn,Emily,Dunn,edunn@nextdoor.com,(561) 859-9034,Realty ONE Group,Alexandria,VA,5,7,2750846,VA947334,VA,3.9,80,B,realtor_scraper,2026-07-30T02:00:37.094734+00:00
Michelle Guzman,Michelle,Guzman,michelleguzman@exp.com,(928) 634-5224,Cushman & Wakefield,St. Petersburg,FL,6,25,16165975,FL672318,FL,4.7,92,A,realtor_scraper,2026-07-30T02:00:37.088531+00:00
Andrew Parker,Andrew,Parker,andrewparker@trulia.com,(623) 330-2620,Help-U-Sell,Austin,TX,6,18,8697942,TX90901,TX,5.0,92,A,realtor_scraper,2026-07-30T02:00:37.094528+00:00
Samuel White,Samuel,White,whitesamuel@nextdoor.com,(707) 820-4880,Lennar,Cape Coral,FL,4,20,6182020,FL884230,FL,4.9,86,B,realtor_scraper,2026-07-30T02:00:37.103063+00:00
Mary Perry,Mary,Perry,mperry@realty.com,(601) 209-8948,Lyon Real Estate,Lafayette,LA,10,12,4502784,LA348412,LA,4.3,95,B,realtor_scraper,2026-07-30T02:00:37.103016+00:00
Roy Patel,Roy,Patel,roypatel@icloud.com,(646) 788-6295,CBRE,Anchorage,AK,12,18,6972318,AK109173,AK,3.7,100,A,realtor_scraper,2026-07-30T02:00:37.093385+00:00
Catherine Crawford,Catherine,Crawford,ccrawford@gmail.com,(305) 698-5888,Realty World,South Bend,IN,6,31,13155036,IN879811,IN,4.0,87,C,realtor_scraper,2026-07-30T02:00:37.104754+00:00
Lauren Garza,Lauren,Garza,laureng@exp.com,(763) 378-2968,AvalonBay Communities,Honolulu,HI,10,13,9605297,HI638673,HI,3.9,98,A,realtor_scraper,2026-07-30T02:00:37.093346+00:00
Pamela Wright,Pamela,Wright,pamela.wright@yahoo.com,(310) 109-8232,Coldwell Banker,Lancaster,CA,2,3,1478220,CA632707,CA,5.0,70,B,realtor_scraper,2026-07-30T02:00:37.097952+00:00
Anthony Boyd,Anthony,Boyd,anthony.boyd@kw.com,(217) 682-5562,Berkshire Hathaway HomeServices,Rochester,NY,4,12,7095264,NY490245,NY,4.6,83,B,realtor_scraper,2026-07-30T02:00:37.094919+00:00
Terry Hicks,Terry,Hicks,terryh@century21.com,(339) 277-8331,Compass,New Orleans,LA,10,29,10258779,LA197680,LA,3.9,100,A,realtor_scraper,2026-07-30T02:00:37.094286+00:00
Cole Graham,Cole,Graham,colegraham@homes.com,(713) 442-5361,Real Living,Virginia Beach,VA,18,29,18355782,VA242131,VA,3.5,100,A,realtor_scraper,2026-07-30T02:00:37.092431+00:00
Dylan Hill,Dylan,Hill,dylanhill@icloud.com,(840) 984-5941,Berkshire Hathaway HomeServices,Columbia,SC,6,16,6459216,SC251083,SC,3.3,90,B,realtor_scraper,2026-07-30T02:00:37.097460+00:00
Virginia Hunter,Virginia,Hunter,virginiahunter@realtor.com,(704) 247-6089,Pulte Homes,Santa Ana,CA,13,11,7334316,CA335804,CA,3.1,96,A,realtor_scraper,2026-07-30T02:00:37.086880+00:00
Carl Lopez,Carl,Lopez,carll@coldwellbanker.com,(312) 142-4276,Purplebricks,Cambridge,MA,2,2,707218,MA440297,MA,3.5,66,C,realtor_scraper,2026-07-30T02:00:37.103174+00:00
George Boyd,George,Boyd,george.boyd@agent.com,(317) 561-6809,Real Living,Inglewood,CA,1,1,252448,CA427686,CA,3.9,63,C,realtor_scraper,2026-07-30T02:00:37.104858+00:00
Preston Chavez,Preston,Chavez,preston.chavez@outlook.com,(445) 130-7872,Colliers International,Vancouver,WA,10,31,10039257,WA452012,WA,4.6,98,B,realtor_scraper,2026-07-30T02:00:37.094643+00:00
Melissa Reed,Melissa,Reed,reedmelissa@icloud.com,(347) 566-8426,Baird & Warner,Nampa,ID,7,15,5055765,ID856766,ID,4.3,89,C,realtor_scraper,2026-07-30T02:00:37.104940+00:00
Hannah Flores,Hannah,Flores,hannah.flores@zillow.com,(641) 902-3486,United Real Estate,Boulder,CO,4,15,7157100,CO348796,CO,4.7,83,C,realtor_scraper,2026-07-30T02:00:37.107602+00:00
Carolyn Kelley,Carolyn,Kelley,carolynkelley@remax.net,(704) 763-5254,ERA Real Estate,Clinton,MI,2,9,4005864,MI122378,MI,3.5,73,C,realtor_scraper,2026-07-30T02:00:37.107784+00:00
Dorothy Hicks,Dorothy,Hicks,hicksdorothy@homes.com,(903) 856-2895,Redfin Partner,Clovis,CA,1,5,2117120,CA567905,CA,4.8,67,C,realtor_scraper,2026-07-30T02:00:37.105489+00:00
Jonathan Powell,Jonathan,Powell,powelljonathan@century21.com,(740) 978-2420,Lennar,Mesa,AZ,16,8,2661560,AZ39409,AZ,3.9,93,A,realtor_scraper,2026-07-30T02:00:37.089478+00:00
Sean Morgan,Sean,Morgan,smorgan@exp.com,(774) 761-8891,NextHome,Sugar Land,TX,2,10,3876810,TX172451,TX,4.6,74,C,realtor_scraper,2026-07-30T02:00:37.103137+00:00
Harold Rivera,Harold,Rivera,haroldrivera@realtyonegroup.com,(862) 172-8165,ERA Real Estate,Boulder,CO,0,8,2087872,CO985822,CO,4.2,68,C,realtor_scraper,2026-07-30T02:00:37.103414+00:00
Doris Johnson,Doris,Johnson,dorisj@homes.com,(610) 771-2076,Coldwell Banker,Buffalo,NY,14,35,25645655,NY675423,NY,4.5,100,A,realtor_scraper,2026-07-30T02:00:37.094356+00:00
Nathan King,Nathan,King,nking@kw.com,(845) 963-3369,Purplebricks,Anaheim,CA,6,27,16047558,CA219771,CA,3.8,92,A,realtor_scraper,2026-07-30T02:00:37.094416+00:00
Michael Ramos,Michael,Ramos,mramos@sothebysrealty.com,(838) 580-3531,David Weekley Homes,Waco,TX,6,21,16068927,TX487897,TX,4.1,87,C,realtor_scraper,2026-07-30T02:00:37.105210+00:00
Bobby Lopez,Bobby,Lopez,bobby.lopez@exp.com,(760) 857-3811,KB Home,Pueblo,CO,6,10,7605890,CO702480,CO,3.8,82,C,realtor_scraper,2026-07-30T02:00:37.106857+00:00
Gloria Scott,Gloria,Scott,gloria.scott@icloud.com,(412) 952-2610,KB Home,Nampa,ID,0,5,1241905,ID548717,ID,4.0,65,C,realtor_scraper,2026-07-30T02:00:37.105695+00:00
Anna Palmer,Anna,Palmer,anna.palmer@icloud.com,(408) 507-2667,Lyon Real Estate,Flint,MI,4,11,3758282,MI902287,MI,3.6,82,B,realtor_scraper,2026-07-30T02:00:37.094720+00:00
Jennifer Castro,Jennifer,Castro,castrojennifer@hotmail.com,(508) 131-9867,eXp Realty,League City,TX,4,20,7414280,TX630469,TX,4.1,83,C,realtor_scraper,2026-07-30T02:00:37.105824+00:00
Andrew Sanders,Andrew,Sanders,sandersandrew@redfin.com,(754) 314-1102,Zillow Premier Agent,Escondido,CA,5,11,3993880,CA122648,CA,4.9,84,B,realtor_scraper,2026-07-30T02:00:37.100750+00:00
Russell Silva,Russell,Silva,silvarussell@kw.com,(573) 196-5371,Marcus & Millichap,Rockford,IL,5,7,2250997,IL250947,IL,3.0,80,B,realtor_scraper,2026-07-30T02:00:37.095375+00:00
Preston Gordon,Preston,Gordon,prestong@redfin.com,(828) 361-1104,Lyon Real Estate,Thousand Oaks,CA,3,16,8310656,CA310641,CA,4.3,84,B,realtor_scraper,2026-07-30T02:00:37.101379+00:00
Alexander Salazar,Alexander,Salazar,alexanders@trulia.com,(615) 237-6854,Redfin,Pasadena,TX,6,35,13804385,TX219858,TX,4.7,90,B,realtor_scraper,2026-07-30T02:00:37.096714+00:00
Nancy Fisher,Nancy,Fisher,nancyfisher@outlook.com,(812) 452-3038,John L. Scott Real Estate,Norman,OK,0,6,1281720,OK592026,OK,4.4,66,C,realtor_scraper,2026-07-30T02:00:37.106738+00:00
Shirley Ward,Shirley,Ward,sward@redfin.com,(434) 122-7405,Newmark Grubb Knight Frank,Odessa,TX,6,21,14083335,TX366183,TX,4.9,87,C,realtor_scraper,2026-07-30T02:00:37.103994+00:00
Victoria Morales,Victoria,Morales,victoriamorales@realty.com,(530) 220-8941,Realty ONE Group,Reno,NV,11,30,12174990,NV955752,NV,4.8,100,A,realtor_scraper,2026-07-30T02:00:37.091738+00:00
Rachel Cooper,Rachel,Cooper,rachelcooper@zillow.com,(574) 352-1859,Re/Max,Flint,MI,0,10,3057210,MI381101,MI,5.0,73,B,realtor_scraper,2026-07-30T02:00:37.097205+00:00
Megan Wright,Megan,Wright,megan.wright@kw.com,(516) 345-9070,Ryan Homes,Scottsdale,AZ,9,31,9679006,AZ734831,AZ,4.0,98,A,realtor_scraper,2026-07-30T02:00:37.089152+00:00
Daniel Patterson,Daniel,Patterson,dpatterson@broker.com,(732) 272-2123,ZipRealty,New Haven,CT,3,6,1788792,CT728852,CT,3.7,75,B,realtor_scraper,2026-07-30T02:00:37.102334+00:00
Susan Cruz,Susan,Cruz,susanc@gmail.com,(361) 257-8188,Ryan Homes,Winston-Salem,NC,1,6,2441748,NC330908,NC,3.5,71,B,realtor_scraper,2026-07-30T02:00:37.101150+00:00
Harold Jenkins,Harold,Jenkins,jenkinsharold@redfin.com,(717) 314-2689,Purplebricks,Glendale,AZ,10,21,8386644,AZ783954,AZ,3.3,100,A,realtor_scraper,2026-07-30T02:00:37.090745+00:00
Timothy Scott,Timothy,Scott,tscott@outlook.com,(586) 622-1573,Pulte Homes,New York,NY,17,23,12276181,NY495314,NY,4.2,100,A,realtor_scraper,2026-07-30T02:00:37.092794+00:00
Donald Mills,Donald,Mills,donaldmills@coldwellbanker.com,(603) 181-6528,Movoto,Sunnyvale,CA,5,4,1494712,CA691797,CA,4.9,77,B,realtor_scraper,2026-07-30T02:00:37.102285+00:00
Gerald Mendoza,Gerald,Mendoza,gerald.mendoza@sothebysrealty.com,(763) 386-3523,Baird & Warner,Arvada,CO,1,4,1034932,CO131461,CO,4.3,66,C,realtor_scraper,2026-07-30T02:00:37.105442+00:00
Gerald Reynolds,Gerald,Reynolds,geraldreynolds@zillow.com,(352) 671-3821,Howard Hanna Real Estate,Columbus,OH,7,33,20866758,OH489377,OH,3.1,94,A,realtor_scraper,2026-07-30T02:00:37.088695+00:00
Daniel James,Daniel,James,jamesdaniel@coldwellbanker.com,(901) 900-8315,Lyon Real Estate,Killeen,TX,10,12,4311276,TX122010,TX,4.3,95,B,realtor_scraper,2026-07-30T02:00:37.100801+00:00
Linda Garcia,Linda,Garcia,lindagarcia@compass.com,(380) 383-7583,Real Living,Erie,PA,3,6,3126558,PA54205,PA,3.1,72,C,realtor_scraper,2026-07-30T02:00:37.103379+00:00
Carol Evans,Carol,Evans,carolevans@realty.com,(734) 459-2560,eXp Realty,Austin,TX,7,8,4051944,TX216272,TX,3.1,87,A,realtor_scraper,2026-07-30T02:00:37.087402+00:00
Ruth Jones,Ruth,Jones,jonesruth@compass.com,(239) 866-1594,Sotheby's International Realty,Albuquerque,NM,9,31,14112130,NM775265,NM,3.8,98,A,realtor_scraper,2026-07-30T02:00:37.087981+00:00
Terry Freeman,Terry,Freeman,terryfreeman@redfin.com,(848) 358-1312,AvalonBay Communities,San Diego,CA,6,17,9474032,CA951118,CA,4.4,92,A,realtor_scraper,2026-07-30T02:00:37.086837+00:00
Denise Hunter,Denise,Hunter,hunterdenise@remax.net,(912) 658-3365,Real Living,Birmingham,AL,2,1,468242,AL73996,AL,3.4,68,B,realtor_scraper,2026-07-30T02:00:37.098134+00:00
Donald Freeman,Donald,Freeman,donaldfreeman@remax.net,(985) 802-1280,Realty ONE Group,Allen,TX,7,23,9595370,TX432249,TX,4.3,89,C,realtor_scraper,2026-07-30T02:00:37.103971+00:00
Scott Vasquez,Scott,Vasquez,svasquez@kw.com,(616) 133-5207,Coldwell Banker,Plano,TX,5,4,1783532,TX431294,TX,4.6,79,A,realtor_scraper,2026-07-30T02:00:37.090494+00:00
Deborah Bennett,Deborah,Bennett,bennettdeborah@century21.com,(563) 289-3930,Homes.com,Jackson,MS,4,11,5151685,MS561005,MS,3.3,82,B,realtor_scraper,2026-07-30T02:00:37.097985+00:00
Roy Daniels,Roy,Daniels,rdaniels@bhhs.com,(582) 654-2448,Realty ONE Group,Oklahoma City,OK,8,8,5079744,OK495337,OK,3.4,89,A,realtor_scraper,2026-07-30T02:00:37.087158+00:00
Doris Ross,Doris,Ross,dorisross@nextdoor.com,(443) 678-4450,Taylor Morrison,St. Louis,MO,0,10,4938460,MO651815,MO,3.5,75,A,realtor_scraper,2026-07-30T02:00:37.087539+00:00
Adam Hayes,Adam,Hayes,adam.hayes@realtyonegroup.com,(603) 481-1611,J.P. Morgan Real Estate,New Orleans,LA,4,10,4506500,LA505821,LA,4.7,83,A,realtor_scraper,2026-07-30T02:00:37.094234+00:00
Brenda Cruz,Brenda,Cruz,brenda.cruz@kw.com,(540) 459-3161,Beazer Homes,Omaha,NE,8,25,9355400,NE649932,NE,3.8,96,A,realtor_scraper,2026-07-30T02:00:37.086526+00:00
Gregory Lewis,Gregory,Lewis,lewisgregory@century21.com,(405) 477-8192,Pulte Homes,Tulsa,OK,12,12,5769864,OK141708,OK,4.9,97,A,realtor_scraper,2026-07-30T02:00:37.088091+00:00
Terry Wilson,Terry,Wilson,terry.wilson@homes.com,(274) 293-5525,ZipRealty,McKinney,TX,8,13,6891859,TX20415,TX,3.7,92,B,realtor_scraper,2026-07-30T02:00:37.102457+00:00
Amy Tran,Amy,Tran,atran@hotmail.com,(641) 856-1931,ERA Real Estate,Montgomery,AL,2,9,3984363,AL601511,AL,3.7,76,B,realtor_scraper,2026-07-30T02:00:37.094945+00:00
Ronald Phillips,Ronald,Phillips,phillipsronald@realtyonegroup.com,(720) 179-9008,Intero Real Estate,Buffalo,NY,12,33,15823896,NY531389,NY,4.6,100,A,realtor_scraper,2026-07-30T02:00:37.089187+00:00
Julia Barnes,Julia,Barnes,jbarnes@compass.com,(863) 738-5778,Sotheby's International Realty,Spokane,WA,8,26,13304330,WA378904,WA,4.1,94,B,realtor_scraper,2026-07-30T02:00:37.097003+00:00
Judith Brooks,Judith,Brooks,judithbrooks@realtyonegroup.com,(239) 465-7879,Trulia,Fort Lauderdale,FL,7,25,19223025,FL698034,FL,4.1,92,B,realtor_scraper,2026-07-30T02:00:37.095990+00:00
Olivia Thompson,Olivia,Thompson,thompsonolivia@homes.com,(305) 404-9248,Redfin Partner,Anaheim,CA,4,12,5836452,CA829469,CA,4.4,85,A,realtor_scraper,2026-07-30T02:00:37.086698+00:00
Gloria Black,Gloria,Black,gloriab@broker.com,(989) 285-7251,Homes.com,Nampa,ID,4,16,4982192,ID362797,ID,3.6,83,C,realtor_scraper,2026-07-30T02:00:37.107198+00:00
Ralph Meyer,Ralph,Meyer,meyerralph@century21.com,(681) 486-5795,Lennar,Albuquerque,NM,7,35,19779445,NM740678,NM,3.9,94,A,realtor_scraper,2026-07-30T02:00:37.087436+00:00
Madison Kelley,Madison,Kelley,mkelley@coldwellbanker.com,(334) 830-6337,Zillow Premier Agent,Provo,UT,0,7,1728391,UT499722,UT,4.1,67,C,realtor_scraper,2026-07-30T02:00:37.104229+00:00
Anna Reyes,Anna,Reyes,areyes@realtor.com,(582) 760-8619,Perry Homes,Pomona,CA,1,3,1285980,CA611516,CA,3.5,68,B,realtor_scraper,2026-07-30T02:00:37.098177+00:00
Kathryn Ortiz,Kathryn,Ortiz,kathryn.ortiz@broker.com,(512) 512-2957,Dickson Realty,Detroit,MI,10,9,4889394,MI163898,MI,4.9,94,A,realtor_scraper,2026-07-30T02:00:37.091957+00:00
Roger Stevens,Roger,Stevens,rstevens@century21.com,(317) 861-5128,Beazer Homes,North Las Vegas,NV,16,32,21552832,NV440253,NV,3.5,100,A,realtor_scraper,2026-07-30T02:00:37.091552+00:00
Ralph Bell,Ralph,Bell,ralphb@yahoo.com,(334) 905-9549,United Real Estate,Erie,PA,3,18,4510314,PA385347,PA,4.4,81,C,realtor_scraper,2026-07-30T02:00:37.104139+00:00
Isabella Gardner,Isabella,Gardner,gardnerisabella@homes.com,(805) 601-8869,Re/Max,Detroit,MI,9,29,12091202,MI518492,MI,3.3,98,A,realtor_scraper,2026-07-30T02:00:37.094248+00:00
Megan Fisher,Megan,Fisher,mfisher@hotmail.com,(856) 524-3385,Perry Homes,Tempe,AZ,8,25,18757375,AZ360295,AZ,3.8,94,B,realtor_scraper,2026-07-30T02:00:37.098075+00:00
Jose Chen,Jose,Chen,josec@remax.net,(906) 845-8304,Colliers International,Tucson,AZ,5,4,1866572,AZ828827,AZ,5.0,79,A,realtor_scraper,2026-07-30T02:00:37.094113+00:00
Marilyn Patterson,Marilyn,Patterson,marilynpatterson@yahoo.com,(830) 568-2694,Better Homes and Gardens Real Estate,Waterbury,CT,1,8,2710408,CT902291,CT,3.3,70,C,realtor_scraper,2026-07-30T02:00:37.105500+00:00
Evelyn Patel,Evelyn,Patel,patelevelyn@outlook.com,(636) 700-1172,Village Real Estate,Columbia,SC,3,4,1402644,SC696246,SC,4.0,73,B,realtor_scraper,2026-07-30T02:00:37.095341+00:00
Isabella Hawkins,Isabella,Hawkins,isabella.hawkins@icloud.com,(831) 428-4578,J.P. Morgan Real Estate,Virginia Beach,VA,11,18,13040352,VA214097,VA,4.3,100,A,realtor_scraper,2026-07-30T02:00:37.091872+00:00
Michael King,Michael,King,michaelk@redfin.com,(629) 416-4636,KB Home,Green Bay,WI,3,17,5063042,WI159942,WI,3.7,81,C,realtor_scraper,2026-07-30T02:00:37.103925+00:00
Marcus Mendez,Marcus,Mendez,marcusm@yahoo.com,(539) 940-9236,Berkshire Hathaway HomeServices,Charleston,SC,5,15,4788405,SC707723,SC,3.8,88,B,realtor_scraper,2026-07-30T02:00:37.097488+00:00
Nicole Flores,Nicole,Flores,nicoleflores@bhhs.com,(770) 775-8507,HomeSmart,Livonia,MI,10,22,8131552,MI462528,MI,4.9,95,C,realtor_scraper,2026-07-30T02:00:37.105081+00:00
Paul Coleman,Paul,Coleman,paulcoleman@kw.com,(978) 107-9823,Lyon Real Estate,Baltimore,MD,9,30,22463280,MD203774,MD,4.8,98,A,realtor_scraper,2026-07-30T02:00:37.087713+00:00
Susan Nelson,Susan,Nelson,snelson@trulia.com,(772) 447-3499,Help-U-Sell,Flint,MI,8,8,4881640,MI335964,MI,4.7,87,B,realtor_scraper,2026-07-30T02:00:37.095472+00:00
Natalie Vargas,Natalie,Vargas,natalie.vargas@icloud.com,(706) 591-1613,Trulia,Ann Arbor,MI,3,6,2450352,MI639756,MI,4.1,72,C,realtor_scraper,2026-07-30T02:00:37.104077+00:00
Sam Wagner,Sam,Wagner,swagner@coldwellbanker.com,(435) 246-5805,Coldwell Banker,Torrance,CA,4,9,3819042,CA352907,CA,3.3,80,B,realtor_scraper,2026-07-30T02:00:37.097591+00:00
Brian Cooper,Brian,Cooper,brianc@zillow.com,(618) 291-2311,Realty Executives,Norfolk,VA,10,9,3370662,VA945764,VA,3.2,94,A,realtor_scraper,2026-07-30T02:00:37.091055+00:00
Billy Fernandez,Billy,Fernandez,fernandezbilly@compass.com,(725) 484-9066,Dickson Realty,Rialto,CA,5,17,7275524,CA526739,CA,3.7,85,C,realtor_scraper,2026-07-30T02:00:37.107587+00:00
Sara Turner,Sara,Turner,sturner@homes.com,(240) 644-6354,Equity Residential,Richardson,TX,2,1,212084,TX642577,TX,4.4,65,C,realtor_scraper,2026-07-30T02:00:37.105469+00:00
Roger Perez,Roger,Perez,rogerp@yahoo.com,(216) 990-4345,Pulte Homes,San Jose,CA,0,10,2944660,CA839124,CA,4.4,75,A,realtor_scraper,2026-07-30T02:00:37.086915+00:00
Cheryl Salazar,Cheryl,Salazar,salazarcheryl@realtor.com,(380) 195-1746,eXp Realty,Henderson,NV,14,34,20117528,NV383214,NV,4.5,100,A,realtor_scraper,2026-07-30T02:00:37.086682+00:00
Terry Green,Terry,Green,greenterry@gmail.com,(534) 173-2527,Equity Residential,Los Angeles,CA,14,8,2853312,CA685565,CA,4.8,93,A,realtor_scraper,2026-07-30T02:00:37.092469+00:00
Lauren Tucker,Lauren,Tucker,tuckerlauren@homes.com,(404) 369-6636,Lennar,Fresno,CA,1,4,1537620,CA376107,CA,4.5,71,A,realtor_scraper,2026-07-30T02:00:37.092363+00:00
Rebecca Allen,Rebecca,Allen,rebeccaa@realtor.com,(254) 716-4175,Engel & Volkers,Philadelphia,PA,10,15,11557350,PA54668,PA,5.0,100,A,realtor_scraper,2026-07-30T02:00:37.086738+00:00
Samantha Gordon,Samantha,Gordon,sgordon@century21.com,(309) 986-8856,Intero Real Estate,Sunnyvale,CA,8,20,13403300,CA363864,CA,3.2,94,B,realtor_scraper,2026-07-30T02:00:37.094750+00:00
Victoria Burns,Victoria,Burns,victoria.burns@gmail.com,(516) 372-2226,ZipRealty,Atlanta,GA,5,8,3827224,GA136110,GA,3.2,83,A,realtor_scraper,2026-07-30T02:00:37.086551+00:00
Lauren Grant,Lauren,Grant,grantlauren@century21.com,(801) 894-2166,Newmark Grubb Knight Frank,Lewisville,TX,1,3,981399,TX854545,TX,4.8,65,C,realtor_scraper,2026-07-30T02:00:37.107291+00:00
Sarah Vasquez,Sarah,Vasquez,sarah.vasquez@sothebysrealty.com,(708) 187-6853,ZipRealty,Birmingham,AL,8,9,6634449,AL626282,AL,4.9,88,B,realtor_scraper,2026-07-30T02:00:37.101590+00:00
Henry Butler,Henry,Butler,hbutler@century21.com,(586) 832-3936,Sotheby's International Realty,Charleston,SC,4,19,8225480,SC353356,SC,3.6,86,B,realtor_scraper,2026-07-30T02:00:37.102267+00:00
Eugene Torres,Eugene,Torres,eugenet@kw.com,(629) 492-6535,D.R. Horton,High Point,NC,1,1,456518,NC556047,NC,4.4,63,C,realtor_scraper,2026-07-30T02:00:37.107794+00:00
Anthony Cook,Anthony,Cook,cookanthony@kw.com,(323) 795-9175,Intero Real Estate,Chandler,AZ,13,19,11447994,AZ262294,AZ,3.5,100,A,realtor_scraper,2026-07-30T02:00:37.087418+00:00
Lisa Roberts,Lisa,Roberts,lroberts@compass.com,(401) 510-6490,ERA Real Estate,Winston-Salem,NC,4,16,4854496,NC266783,NC,4.7,86,B,realtor_scraper,2026-07-30T02:00:37.102619+00:00
Logan Mitchell,Logan,Mitchell,loganmitchell@kw.com,(971) 510-5577,Colliers International,Irvine,CA,11,35,11638270,CA466410,CA,3.8,100,A,realtor_scraper,2026-07-30T02:00:37.087785+00:00
Jason Jimenez,Jason,Jimenez,jjimenez@agent.com,(814) 495-2950,Compass,Grand Rapids,MI,7,29,8880699,MI286089,MI,4.4,92,B,realtor_scraper,2026-07-30T02:00:37.097626+00:00
Timothy Ryan,Timothy,Ryan,tryan@redfin.com,(757) 690-9070,ERA Real Estate,Evansville,IN,0,9,3193830,IN190095,IN,4.7,69,C,realtor_scraper,2026-07-30T02:00:37.104465+00:00
Dale Lewis,Dale,Lewis,dale.lewis@kw.com,(270) 634-3808,Redfin,Syracuse,NY,5,8,2451496,NY190414,NY,4.4,81,B,realtor_scraper,2026-07-30T02:00:37.095127+00:00
Mark Cook,Mark,Cook,mark.cook@homes.com,(314) 692-3171,Help-U-Sell,El Paso,TX,8,17,11118714,TX379841,TX,4.8,96,A,realtor_scraper,2026-07-30T02:00:37.091690+00:00
Sophia Myers,Sophia,Myers,myerssophia@broker.com,(704) 348-5182,David Weekley Homes,Sacramento,CA,1,2,986164,CA802091,CA,3.6,69,A,realtor_scraper,2026-07-30T02:00:37.087522+00:00
Rebecca Peterson,Rebecca,Peterson,rebecca.peterson@homes.com,(231) 295-5187,Purplebricks,Salt Lake City,UT,2,8,2147880,UT487841,UT,4.1,75,B,realtor_scraper,2026-07-30T02:00:37.100585+00:00
Alexis Kelley,Alexis,Kelley,alexisk@coldwellbanker.com,(917) 258-6018,Perry Homes,Carlsbad,CA,4,7,1905141,CA146298,CA,4.1,75,C,realtor_scraper,2026-07-30T02:00:37.105897+00:00
Christian Castro,Christian,Castro,christiancastro@broker.com,(787) 556-1101,United Real Estate,Round Rock,TX,4,12,5160204,TX432405,TX,4.3,80,C,realtor_scraper,2026-07-30T02:00:37.107508+00:00
Jacob Wallace,Jacob,Wallace,jacobw@sothebysrealty.com,(845) 690-5148,Weichert Realtors,Modesto,CA,5,15,6112860,CA802998,CA,4.2,88,B,realtor_scraper,2026-07-30T02:00:37.098057+00:00
Joshua Hill,Joshua,Hill,jhill@broker.com,(912) 195-4800,Cushman & Wakefield,Buffalo,NY,9,9,6716880,NY893586,NY,4.9,92,A,realtor_scraper,2026-07-30T02:00:37.092752+00:00
Jose Kelley,Jose,Kelley,josek@compass.com,(803) 614-2901,Marcus & Millichap,Pasadena,TX,4,12,4314156,TX681592,TX,4.5,83,B,realtor_scraper,2026-07-30T02:00:37.094974+00:00
Eugene Fisher,Eugene,Fisher,eugenef@sothebysrealty.com,(937) 560-3424,J.P. Morgan Real Estate,McKinney,TX,0,10,3121120,TX983630,TX,4.0,73,B,realtor_scraper,2026-07-30T02:00:37.097109+00:00
Olivia Rice,Olivia,Rice,orice@bhhs.com,(858) 580-1030,Howard Hanna Real Estate,Thousand Oaks,CA,0,1,335954,CA278906,CA,3.0,64,B,realtor_scraper,2026-07-30T02:00:37.097839+00:00
Pamela Stewart,Pamela,Stewart,pamelas@yahoo.com,(727) 159-6346,Weichert Realtors,Amarillo,TX,6,20,12061280,TX76408,TX,4.1,90,B,realtor_scraper,2026-07-30T02:00:37.101004+00:00
Devin Brown,Devin,Brown,browndevin@realtor.com,(225) 502-2224,Re/Max,Scottsdale,AZ,6,18,6364584,AZ640532,AZ,4.6,92,A,realtor_scraper,2026-07-30T02:00:37.091212+00:00
Edward Hill,Edward,Hill,edward.hill@yahoo.com,(435) 277-4662,NextHome,Wichita,KS,9,13,4129177,KS289539,KS,4.1,96,A,realtor_scraper,2026-07-30T02:00:37.087469+00:00
Nicholas Torres,Nicholas,Torres,ntorres@century21.com,(740) 476-4018,NVR Homes,Norfolk,VA,12,12,7311924,VA398200,VA,3.8,97,A,realtor_scraper,2026-07-30T02:00:37.091164+00:00
Angela Palmer,Angela,Palmer,angelapalmer@agent.com,(425) 114-6609,HomeSmart,Portland,OR,4,15,4688940,OR616718,OR,3.6,88,A,realtor_scraper,2026-07-30T02:00:37.092498+00:00
Louis Lee,Louis,Lee,louisl@coldwellbanker.com,(406) 534-1986,D.R. Horton,Winston-Salem,NC,3,14,4957036,NC770574,NC,4.4,83,B,realtor_scraper,2026-07-30T02:00:37.102597+00:00
Marilyn Ferguson,Marilyn,Ferguson,marilynferguson@compass.com,(760) 604-8104,Century 21,Ann Arbor,MI,1,7,3128398,MI332617,MI,3.7,69,C,realtor_scraper,2026-07-30T02:00:37.107162+00:00
Jack Romero,Jack,Romero,jackromero@yahoo.com,(786) 697-5617,Cushman & Wakefield,Fort Worth,TX,6,15,7471620,TX881454,TX,4.4,92,A,realtor_scraper,2026-07-30T02:00:37.092587+00:00
Amanda Nichols,Amanda,Nichols,nicholsamanda@hotmail.com,(484) 636-4006,Perry Homes,Reno,NV,15,9,4244706,NV495025,NV,4.0,94,A,realtor_scraper,2026-07-30T02:00:37.093007+00:00
Jose Nelson,Jose,Nelson,jnelson@realtor.com,(765) 609-8266,ERA Real Estate,Chattanooga,TN,3,5,2568230,TN165004,TN,4.3,74,B,realtor_scraper,2026-07-30T02:00:37.097640+00:00
James Lee,James,Lee,jlee@gmail.com,(765) 786-8616,Exit Realty,Edison,NJ,2,5,2043640,NJ286340,NJ,3.4,69,C,realtor_scraper,2026-07-30T02:00:37.105844+00:00
Emma Tran,Emma,Tran,emmat@exp.com,(361) 313-4015,Beazer Homes,Pacoima,CA,2,8,3902096,CA357433,CA,3.8,72,C,realtor_scraper,2026-07-30T02:00:37.104189+00:00
Jonathan Allen,Jonathan,Allen,jonathanallen@compass.com,(808) 476-9266,Realty Executives,Denton,TX,2,1,201480,TX961657,TX,3.2,65,C,realtor_scraper,2026-07-30T02:00:37.107493+00:00
Henry Perez,Henry,Perez,henry.perez@bhhs.com,(408) 996-4488,Engel & Volkers,Jackson,MS,3,6,2816472,MS244641,MS,4.7,75,B,realtor_scraper,2026-07-30T02:00:37.095207+00:00
Teresa Daniels,Teresa,Daniels,teresad@agent.com,(229) 807-1223,Zillow Premier Agent,Charlotte,NC,11,14,5457774,NC191811,NC,4.5,99,A,realtor_scraper,2026-07-30T02:00:37.093717+00:00
Sarah Mendez,Sarah,Mendez,mendezsarah@sothebysrealty.com,(575) 192-4950,Lennar,Sunnyvale,CA,6,15,5262315,CA437084,CA,4.7,90,B,realtor_scraper,2026-07-30T02:00:37.100636+00:00
Evelyn Moreno,Evelyn,Moreno,evelynm@remax.net,(936) 196-3695,Cushman & Wakefield,Louisville,KY,9,33,25534344,KY517728,KY,4.7,98,A,realtor_scraper,2026-07-30T02:00:37.088130+00:00
Olivia Stevens,Olivia,Stevens,ostevens@icloud.com,(919) 493-6767,Century 21,Santa Ana,CA,1,4,865336,CA880063,CA,4.1,71,A,realtor_scraper,2026-07-30T02:00:37.089070+00:00
Ronald Evans,Ronald,Evans,evansronald@realtor.com,(910) 135-4176,KB Home,San Diego,CA,10,27,14918391,CA212017,CA,3.9,100,A,realtor_scraper,2026-07-30T02:00:37.091463+00:00
Susan Hayes,Susan,Hayes,shayes@trulia.com,(704) 308-2343,J.P. Morgan Real Estate,Chula Vista,CA,5,12,3933744,CA219207,CA,3.2,87,A,realtor_scraper,2026-07-30T02:00:37.092136+00:00
Patricia Fox,Patricia,Fox,patriciafox@gmail.com,(414) 131-8099,Engel & Volkers,Akron,OH,2,10,4645000,OH886108,OH,4.1,77,B,realtor_scraper,2026-07-30T02:00:37.102749+00:00
Debra Hughes,Debra,Hughes,debra.hughes@coldwellbanker.com,(225) 206-9928,J.P. Morgan Real Estate,Springfield,MA,1,8,2421832,MA734104,MA,4.8,73,B,realtor_scraper,2026-07-30T02:00:37.097368+00:00
Joshua Mills,Joshua,Mills,joshuamills@realtor.com,(413) 858-9131,HomeSmart,Columbia,SC,4,16,6194016,SC911177,SC,4.2,86,B,realtor_scraper,2026-07-30T02:00:37.100723+00:00
Beverly Grant,Beverly,Grant,beverly.grant@bhhs.com,(724) 940-3511,NextHome,Fresno,CA,15,24,8112168,CA462852,CA,4.7,100,A,realtor_scraper,2026-07-30T02:00:37.093663+00:00
Raymond Herrera,Raymond,Herrera,raymondherrera@realtyonegroup.com,(601) 960-4104,Realty World,Bridgeport,CT,3,6,1604430,CT257703,CT,3.0,75,B,realtor_scraper,2026-07-30T02:00:37.096924+00:00
Megan Ferguson,Megan,Ferguson,fergusonmegan@coldwellbanker.com,(601) 279-5720,CBRE,Springfield,MO,7,33,26379210,MO559849,MO,3.2,92,B,realtor_scraper,2026-07-30T02:00:37.097128+00:00
George Mason,George,Mason,georgem@realtyonegroup.com,(805) 157-1278,Weichert Realtors,Pueblo,CO,6,23,12065800,CO329878,CO,4.9,87,C,realtor_scraper,2026-07-30T02:00:37.107130+00:00
Olivia Henderson,Olivia,Henderson,hendersonolivia@kw.com,(586) 775-3943,KB Home,Cambridge,MA,0,10,3270910,MA635607,MA,4.2,70,C,realtor_scraper,2026-07-30T02:00:37.105804+00:00
Preston Ward,Preston,Ward,pward@realty.com,(602) 641-7400,Keller Williams,Richardson,TX,7,27,14976927,TX187203,TX,3.4,89,C,realtor_scraper,2026-07-30T02:00:37.105354+00:00
Wayne Ross,Wayne,Ross,wross@bhhs.com,(314) 105-4809,NVR Homes,Winston-Salem,NC,8,22,10270524,NC809696,NC,3.0,94,B,realtor_scraper,2026-07-30T02:00:37.095669+00:00
Christopher Stephens,Christopher,Stephens,stephenschristopher@coldwellbanker.com,(701) 694-6661,Movoto,Montgomery,AL,6,20,8590880,AL884646,AL,3.7,90,B,realtor_scraper,2026-07-30T02:00:37.097868+00:00
Diana Medina,Diana,Medina,dmedina@broker.com,(248) 212-2083,D.R. Horton,Jersey City,NJ,9,15,10957575,NJ548122,NJ,4.8,98,A,realtor_scraper,2026-07-30T02:00:37.094429+00:00
Richard Green,Richard,Green,richardgreen@gmail.com,(804) 137-7152,Howard Hanna Real Estate,Savannah,GA,8,20,13223080,GA462254,GA,4.4,94,B,realtor_scraper,2026-07-30T02:00:37.101114+00:00
Jacob Chavez,Jacob,Chavez,jchavez@agent.com,(858) 851-7195,Purplebricks,Torrance,CA,1,3,1249755,CA696444,CA,3.3,68,B,realtor_scraper,2026-07-30T02:00:37.097229+00:00
David Black,David,Black,blackdavid@sothebysrealty.com,(952) 733-6998,ZipRealty,Hesperia,CA,6,22,8246854,CA394992,CA,4.6,87,C,realtor_scraper,2026-07-30T02:00:37.104512+00:00
Billy Gomez,Billy,Gomez,billygomez@compass.com,(831) 870-5067,Intero Real Estate,Round Rock,TX,9,11,3454363,TX838878,TX,3.7,89,C,realtor_scraper,2026-07-30T02:00:37.106720+00:00
Donna Graham,Donna,Graham,dgraham@gmail.com,(970) 673-6131,Lyon Real Estate,Tampa,FL,6,21,9356907,FL809425,FL,4.6,92,A,realtor_scraper,2026-07-30T02:00:37.093401+00:00
Denise Ramirez,Denise,Ramirez,denise.ramirez@realtor.com,(541) 688-6904,Compass,Chandler,AZ,5,18,4732974,AZ171769,AZ,3.8,90,A,realtor_scraper,2026-07-30T02:00:37.093124+00:00
Derek Gomez,Derek,Gomez,derekg@broker.com,(331) 534-3390,Century 21,Fresno,CA,13,24,10167696,CA45076,CA,4.8,100,A,realtor_scraper,2026-07-30T02:00:37.087904+00:00
Lauren Adams,Lauren,Adams,lauren.adams@remax.net,(347) 454-4933,Beazer Homes,Lafayette,LA,2,6,2426478,LA313275,LA,3.7,73,B,realtor_scraper,2026-07-30T02:00:37.095290+00:00
Olivia Russell,Olivia,Russell,oliviarussell@homes.com,(534) 907-7173,Cushman & Wakefield,Broken Arrow,OK,9,13,3996759,OK835609,OK,4.5,91,C,realtor_scraper,2026-07-30T02:00:37.107398+00:00
Ruth Adams,Ruth,Adams,radams@coldwellbanker.com,(585) 612-3191,Keller Williams,St. Petersburg,FL,7,30,10995420,FL300178,FL,3.6,94,A,realtor_scraper,2026-07-30T02:00:37.092149+00:00
Natalie Coleman,Natalie,Coleman,ncoleman@realty.com,(870) 852-4009,ERA Real Estate,Lancaster,CA,7,11,6149451,CA574156,CA,4.5,88,B,realtor_scraper,2026-07-30T02:00:37.095070+00:00
Roger Medina,Roger,Medina,rogermedina@realtor.com,(941) 781-2381,Baird & Warner,Thousand Oaks,CA,2,1,312568,CA880205,CA,4.7,68,B,realtor_scraper,2026-07-30T02:00:37.097882+00:00
Angela Romero,Angela,Romero,angelaromero@homes.com,(234) 295-4531,Homes.com,Albuquerque,NM,13,20,13142180,NM218931,NM,5.0,100,A,realtor_scraper,2026-07-30T02:00:37.091023+00:00
Anthony McDonald,Anthony,McDonald,amcdonald@outlook.com,(612) 583-4238,David Weekley Homes,Nampa,ID,10,16,9320080,ID584521,ID,3.9,95,C,realtor_scraper,2026-07-30T02:00:37.105650+00:00
Dorothy Hamilton,Dorothy,Hamilton,dhamilton@homes.com,(786) 244-7625,Help-U-Sell,Jersey City,NJ,14,24,18004272,NJ167974,NJ,4.8,100,A,realtor_scraper,2026-07-30T02:00:37.086982+00:00
Philip Carter,Philip,Carter,philipc@realtor.com,(912) 422-9313,Howard Hanna Real Estate,Miami,FL,10,26,8504366,FL373554,FL,5.0,100,A,realtor_scraper,2026-07-30T02:00:37.091326+00:00
Doris Porter,Doris,Porter,dorisp@kw.com,(641) 924-7423,Taylor Morrison,Lansing,MI,2,5,1964310,MI382315,MI,3.9,69,C,realtor_scraper,2026-07-30T02:00:37.104389+00:00
Edwin Rice,Edwin,Rice,edwinrice@remax.net,(207) 325-8873,Coldwell Banker,South Bend,IN,1,8,3520176,IN240487,IN,4.9,70,C,realtor_scraper,2026-07-30T02:00:37.104204+00:00
Alan Guzman,Alan,Guzman,alang@gmail.com,(770) 730-6403,ERA Real Estate,Boise,ID,3,5,1674770,ID180941,ID,3.4,74,B,realtor_scraper,2026-07-30T02:00:37.101506+00:00
Nicole Clark,Nicole,Clark,nicole.clark@agent.com,(915) 879-5315,David Weekley Homes,Austin,TX,10,9,6881112,TX904258,TX,4.7,94,A,realtor_scraper,2026-07-30T02:00:37.092261+00:00
Diane Torres,Diane,Torres,torresdiane@coldwellbanker.com,(505) 350-6603,Cushman & Wakefield,Escondido,CA,7,16,9689536,CA73102,CA,4.2,92,B,realtor_scraper,2026-07-30T02:00:37.102504+00:00
Anna Reynolds,Anna,Reynolds,annar@remax.net,(605) 892-5586,Engel & Volkers,Savannah,GA,9,28,15526504,GA172523,GA,3.6,96,B,realtor_scraper,2026-07-30T02:00:37.095849+00:00
Christopher Martin,Christopher,Martin,christophermartin@bhhs.com,(407) 192-5450,NextHome,Orlando,FL,9,35,12509805,FL615669,FL,4.5,98,A,realtor_scraper,2026-07-30T02:00:37.093045+00:00
Jeremy Garcia,Jeremy,Garcia,jeremyg@realtyonegroup.com,(228) 159-3699,Help-U-Sell,Salt Lake City,UT,0,9,2832714,UT376346,UT,4.1,72,B,realtor_scraper,2026-07-30T02:00:37.101692+00:00
Andrew Thomas,Andrew,Thomas,andrew.thomas@compass.com,(207) 882-6758,Real Living,Modesto,CA,5,19,10831520,CA444606,CA,3.3,88,B,realtor_scraper,2026-07-30T02:00:37.096780+00:00
Dennis Sanchez,Dennis,Sanchez,sanchezdennis@century21.com,(339) 696-4231,Help-U-Sell,Pueblo,CO,2,4,1586144,CO345895,CO,4.3,68,C,realtor_scraper,2026-07-30T02:00:37.105588+00:00
Karen Kim,Karen,Kim,karenk@yahoo.com,(407) 877-3538,Beazer Homes,McKinney,TX,5,15,7780290,TX492315,TX,4.9,88,B,realtor_scraper,2026-07-30T02:00:37.095686+00:00
Christopher Holmes,Christopher,Holmes,holmeschristopher@sothebysrealty.com,(219) 427-1224,Redfin,Inglewood,CA,7,26,8220550,CA316012,CA,3.9,89,C,realtor_scraper,2026-07-30T02:00:37.105052+00:00
Danielle Medina,Danielle,Medina,danielle.medina@bhhs.com,(413) 214-9943,Help-U-Sell,Miami,FL,16,28,16618448,FL83998,FL,3.8,100,A,realtor_scraper,2026-07-30T02:00:37.087087+00:00
Christopher Nichols,Christopher,Nichols,cnichols@realtor.com,(586) 930-4711,Sotheby's International Realty,Scottsdale,AZ,9,12,3968148,AZ717506,AZ,4.8,95,A,realtor_scraper,2026-07-30T02:00:37.086965+00:00
Jennifer Ruiz,Jennifer,Ruiz,jennifer.ruiz@realtyonegroup.com,(517) 691-6595,Century 21,Saint Paul,MN,11,18,14398290,MN741386,MN,3.1,100,A,realtor_scraper,2026-07-30T02:00:37.092629+00:00
George Webb,George,Webb,georgewebb@compass.com,(979) 539-1340,Howard Hanna Real Estate,Vancouver,WA,9,27,11133558,WA485228,WA,3.3,96,B,realtor_scraper,2026-07-30T02:00:37.102118+00:00
Victoria Campbell,Victoria,Campbell,victoria.campbell@icloud.com,(719) 471-8796,Coldwell Banker,Torrance,CA,7,30,18570360,CA967489,CA,3.5,92,B,realtor_scraper,2026-07-30T02:00:37.102715+00:00
Cheryl Lopez,Cheryl,Lopez,clopez@gmail.com,(401) 518-3294,Exit Realty,Tulsa,OK,18,12,4107864,OK443098,OK,3.3,97,A,realtor_scraper,2026-07-30T02:00:37.089442+00:00
Kimberly Johnson,Kimberly,Johnson,kimberlyjohnson@hotmail.com,(369) 291-2786,Dickson Realty,Rockford,IL,6,9,6452541,IL44947,IL,4.0,84,B,realtor_scraper,2026-07-30T02:00:37.101962+00:00
Alexis Ruiz,Alexis,Ruiz,alexis.ruiz@realtyonegroup.com,(865) 254-2692,Cushman & Wakefield,Providence,RI,8,33,25693965,RI251508,RI,4.9,94,B,realtor_scraper,2026-07-30T02:00:37.095514+00:00
Logan Gardner,Logan,Gardner,logangardner@outlook.com,(904) 724-6602,Beazer Homes,Carrollton,TX,0,8,2704904,TX423464,TX,3.1,68,C,realtor_scraper,2026-07-30T02:00:37.103190+00:00
Ruth Gutierrez,Ruth,Gutierrez,ruthgutierrez@broker.com,(802) 987-6849,Ryan Homes,Thousand Oaks,CA,1,2,939264,CA721491,CA,4.9,67,B,realtor_scraper,2026-07-30T02:00:37.095899+00:00
Dorothy Butler,Dorothy,Butler,dorothy.butler@kw.com,(716) 386-8719,Taylor Morrison,Arvada,CO,6,15,10022205,CO540611,CO,4.9,87,C,realtor_scraper,2026-07-30T02:00:37.104245+00:00
Timothy Mitchell,Timothy,Mitchell,mitchelltimothy@compass.com,(334) 328-1617,Compass,Denver,CO,7,16,7873888,CO59820,CO,4.4,94,A,realtor_scraper,2026-07-30T02:00:37.087191+00:00
Zachary Daniels,Zachary,Daniels,zachary.daniels@agent.com,(956) 276-6594,Coldwell Banker,Lansing,MI,2,9,3893409,MI549098,MI,4.1,73,C,realtor_scraper,2026-07-30T02:00:37.103859+00:00
Carolyn Shaw,Carolyn,Shaw,cshaw@zillow.com,(631) 954-9239,Real Living,Saint Paul,MN,12,16,7637760,MN264268,MN,3.2,100,A,realtor_scraper,2026-07-30T02:00:37.091503+00:00
Devin Wright,Devin,Wright,devin.wright@kw.com,(904) 559-2486,Sotheby's International Realty,Baton Rouge,LA,5,14,4137336,LA651820,LA,4.7,87,B,realtor_scraper,2026-07-30T02:00:37.094783+00:00
Kathleen James,Kathleen,James,jameskathleen@homes.com,(479) 976-5888,NextHome,Clarksville,TN,7,12,3775584,TN275253,TN,4.7,89,B,realtor_scraper,2026-07-30T02:00:37.101481+00:00
Gerald Jackson,Gerald,Jackson,jacksongerald@agent.com,(313) 754-3195,Cushman & Wakefield,Gilbert,AZ,10,30,12231180,AZ202763,AZ,3.3,100,A,realtor_scraper,2026-07-30T02:00:37.087174+00:00
Adam Hill,Adam,Hill,adamh@coldwellbanker.com,(773) 646-9276,Coldwell Banker,Seattle,WA,7,21,10945578,WA856954,WA,4.8,94,A,realtor_scraper,2026-07-30T02:00:37.089050+00:00
Brenda West,Brenda,West,brendaw@exp.com,(601) 538-8256,Howard Hanna Real Estate,Norfolk,VA,11,26,7891520,VA537055,VA,4.2,100,A,realtor_scraper,2026-07-30T02:00:37.092515+00:00
Joshua Simmons,Joshua,Simmons,jsimmons@outlook.com,(937) 114-6898,Purplebricks,Columbia,SC,4,5,2126315,SC335480,SC,4.0,76,B,realtor_scraper,2026-07-30T02:00:37.095559+00:00
Christine Tran,Christine,Tran,christinetran@coldwellbanker.com,(661) 878-3911,Help-U-Sell,Clarksville,TN,2,2,924018,TN232833,TN,3.7,69,B,realtor_scraper,2026-07-30T02:00:37.095836+00:00
Kyle Russell,Kyle,Russell,russellkyle@gmail.com,(573) 943-3421,D.R. Horton,Peoria,AZ,6,9,4696047,AZ909153,AZ,3.9,81,C,realtor_scraper,2026-07-30T02:00:37.107754+00:00
Megan Graham,Megan,Graham,megang@kw.com,(970) 909-2542,Marcus & Millichap,Round Rock,TX,1,10,4436670,TX631544,TX,3.1,72,C,realtor_scraper,2026-07-30T02:00:37.103345+00:00
Christina Green,Christina,Green,christinagreen@nextdoor.com,(641) 537-2986,Realty ONE Group,Albuquerque,NM,7,16,7386992,NM274344,NM,5.0,94,A,realtor_scraper,2026-07-30T02:00:37.093097+00:00
Preston Russell,Preston,Russell,prestonrussell@bhhs.com,(336) 297-8718,Help-U-Sell,Montgomery,AL,3,18,5798304,AL206541,AL,4.7,84,B,realtor_scraper,2026-07-30T02:00:37.102552+00:00
Mary Wilson,Mary,Wilson,maryw@nextdoor.com,(616) 896-9616,Re/Max,Pomona,CA,11,28,22154860,CA138580,CA,3.6,98,B,realtor_scraper,2026-07-30T02:00:37.096744+00:00
Ruth Webb,Ruth,Webb,ruth.webb@century21.com,(274) 574-8026,CBRE,Clarksville,TN,3,12,3757764,TN588599,TN,4.2,81,B,realtor_scraper,2026-07-30T02:00:37.095101+00:00
Johnny Payne,Johnny,Payne,johnnypayne@sothebysrealty.com,(762) 811-2286,Help-U-Sell,Los Angeles,CA,11,35,26529020,CA625186,CA,3.0,100,A,realtor_scraper,2026-07-30T02:00:37.091080+00:00
Rachel Ferguson,Rachel,Ferguson,rachelf@sothebysrealty.com,(601) 550-3062,Dickson Realty,Syracuse,NY,4,10,4523170,NY604658,NY,4.5,81,B,realtor_scraper,2026-07-30T02:00:37.100971+00:00
Stephanie White,Stephanie,White,swhite@realtyonegroup.com,(754) 206-4201,NextHome,Daly City,CA,10,13,4540822,CA69844,CA,4.0,93,C,realtor_scraper,2026-07-30T02:00:37.107772+00:00
Abigail Long,Abigail,Long,abigail.long@outlook.com,(213) 300-8640,ZipRealty,Boise,ID,3,6,1545222,ID813320,ID,3.4,75,B,realtor_scraper,2026-07-30T02:00:37.094932+00:00
Jeremy Washington,Jeremy,Washington,jeremy.washington@outlook.com,(310) 268-2658,Redfin,Irvine,CA,4,7,2798789,CA757203,CA,4.0,78,B,realtor_scraper,2026-07-30T02:00:37.094903+00:00
Jonathan Myers,Jonathan,Myers,myersjonathan@compass.com,(989) 259-3049,Baird & Warner,Bakersfield,CA,3,7,2645265,CA281603,CA,4.4,78,A,realtor_scraper,2026-07-30T02:00:37.086949+00:00
Patrick Payne,Patrick,Payne,patrick.payne@remax.net,(213) 505-4716,Cushman & Wakefield,Alexandria,VA,5,12,4403136,VA460583,VA,3.1,85,B,realtor_scraper,2026-07-30T02:00:37.101100+00:00
Sara Gomez,Sara,Gomez,sgomez@exp.com,(225) 483-5388,Pulte Homes,Carrollton,TX,3,7,3715516,TX669979,TX,3.6,73,C,realtor_scraper,2026-07-30T02:00:37.106563+00:00
Alice Mason,Alice,Mason,alice.mason@icloud.com,(201) 360-9362,Coldwell Banker,Clovis,CA,2,6,2072274,CA806439,CA,3.6,70,C,realtor_scraper,2026-07-30T02:00:37.107414+00:00
Kathleen Allen,Kathleen,Allen,kathleen.allen@yahoo.com,(831) 512-5282,HomeSmart,Lincoln,NE,4,20,5579920,NE772251,NE,3.2,88,A,realtor_scraper,2026-07-30T02:00:37.093495+00:00
David Reynolds,David,Reynolds,davidreynolds@coldwellbanker.com,(662) 974-1055,J.P. Morgan Real Estate,Chattanooga,TN,0,4,847252,TN26563,TN,3.9,67,B,realtor_scraper,2026-07-30T02:00:37.097715+00:00
Donald Campbell,Donald,Campbell,donald.campbell@exp.com,(385) 334-5511,NVR Homes,Carrollton,TX,2,8,3761048,TX453273,TX,3.7,72,C,realtor_scraper,2026-07-30T02:00:37.105609+00:00
Isabella Mills,Isabella,Mills,imills@sothebysrealty.com,(213) 851-2307,Realty World,Huntsville,AL,5,19,9586108,AL234862,AL,4.6,88,B,realtor_scraper,2026-07-30T02:00:37.094561+00:00
Jose Ferguson,Jose,Ferguson,jose.ferguson@remax.net,(715) 722-8585,Realty ONE Group,Clarksville,TN,5,5,1855005,TN926642,TN,3.2,78,B,realtor_scraper,2026-07-30T02:00:37.101563+00:00
Roger Moore,Roger,Moore,rogermoore@agent.com,(626) 686-1638,Ryan Homes,Lincoln,NE,4,18,9269748,NE606003,NE,3.2,88,A,realtor_scraper,2026-07-30T02:00:37.092027+00:00
Debra Cruz,Debra,Cruz,debra.cruz@remax.net,(971) 381-1444,Compass,Livonia,MI,4,17,6132563,MI469408,MI,4.8,83,C,realtor_scraper,2026-07-30T02:00:37.104435+00:00
James Jimenez,James,Jimenez,james.jimenez@redfin.com,(541) 623-5197,eXp Realty,Des Moines,IA,2,2,738358,IA429497,IA,4.5,69,B,realtor_scraper,2026-07-30T02:00:37.102520+00:00
Frank Nguyen,Frank,Nguyen,frank.nguyen@kw.com,(716) 206-3670,Sotheby's International Realty,Green Bay,WI,0,7,1458625,WI877364,WI,4.0,67,C,realtor_scraper,2026-07-30T02:00:37.107312+00:00
Kenneth Patterson,Kenneth,Patterson,kennethp@redfin.com,(630) 504-2720,Engel & Volkers,Springfield,MA,7,29,8836097,MA386100,MA,4.1,92,B,realtor_scraper,2026-07-30T02:00:37.096619+00:00
Andrew Jenkins,Andrew,Jenkins,jenkinsandrew@trulia.com,(386) 231-7298,Zillow Premier Agent,Tampa,FL,11,18,12441204,FL168126,FL,3.9,100,A,realtor_scraper,2026-07-30T02:00:37.091755+00:00
Gerald Graham,Gerald,Graham,geraldg@redfin.com,(859) 567-5020,Pulte Homes,Peoria,AZ,7,14,7733208,AZ751017,AZ,4.7,88,C,realtor_scraper,2026-07-30T02:00:37.105715+00:00
Teresa Edwards,Teresa,Edwards,teresa.edwards@redfin.com,(847) 937-3085,Ryan Homes,Carlsbad,CA,5,5,1344920,CA961754,CA,3.6,75,C,realtor_scraper,2026-07-30T02:00:37.107208+00:00
Louis Ford,Louis,Ford,louisf@hotmail.com,(318) 280-2125,Keller Williams,Irvine,CA,11,18,7194384,CA111606,CA,4.4,100,A,realtor_scraper,2026-07-30T02:00:37.093444+00:00
Tyler Fisher,Tyler,Fisher,fishertyler@broker.com,(267) 937-5681,Real Living,Columbus,OH,5,8,3089608,OH987500,OH,3.6,83,A,realtor_scraper,2026-07-30T02:00:37.088992+00:00
Justin Salazar,Justin,Salazar,justinsalazar@hotmail.com,(838) 288-2671,Taylor Morrison,Broken Arrow,OK,3,8,3558320,OK414111,OK,4.5,74,C,realtor_scraper,2026-07-30T02:00:37.106958+00:00
Stephanie Watson,Stephanie,Watson,stephaniewatson@zillow.com,(740) 503-2993,Perry Homes,St. Petersburg,FL,8,35,17957940,FL902030,FL,3.8,96,A,realtor_scraper,2026-07-30T02:00:37.091274+00:00
Alice Hill,Alice,Hill,ahill@exp.com,(423) 806-4191,Coldwell Banker,Allen,TX,6,23,10403360,TX604044,TX,3.2,87,C,realtor_scraper,2026-07-30T02:00:37.107367+00:00
Lauren Rivera,Lauren,Rivera,lauren.rivera@exp.com,(843) 414-1064,John L. Scott Real Estate,Richardson,TX,8,24,10293840,TX789247,TX,5.0,91,C,realtor_scraper,2026-07-30T02:00:37.105814+00:00
Johnny Reyes,Johnny,Reyes,johnny.reyes@nextdoor.com,(760) 355-4778,J.P. Morgan Real Estate,Aurora,CO,9,24,15992712,CO940404,CO,3.9,98,A,realtor_scraper,2026-07-30T02:00:37.093372+00:00
Ralph Ramirez,Ralph,Ramirez,ralph.ramirez@hotmail.com,(240) 605-1399,Colliers International,Huntsville,AL,3,15,7814880,AL716371,AL,4.0,84,B,realtor_scraper,2026-07-30T02:00:37.100897+00:00
Justin Holmes,Justin,Holmes,justin.holmes@realtyonegroup.com,(620) 498-5949,Beazer Homes,Clinton,MI,1,9,3655503,MI24184,MI,4.0,71,C,realtor_scraper,2026-07-30T02:00:37.106655+00:00
Anthony Miller,Anthony,Miller,anthony.miller@icloud.com,(737) 708-9450,Taylor Morrison,San Jose,CA,5,18,5157486,CA608384,CA,3.4,90,A,realtor_scraper,2026-07-30T02:00:37.090868+00:00
Charles Washington,Charles,Washington,washingtoncharles@realtor.com,(414) 405-6868,Lennar,Peoria,AZ,2,8,1973104,AZ952862,AZ,4.2,72,C,realtor_scraper,2026-07-30T02:00:37.104291+00:00
Amy Castillo,Amy,Castillo,amy.castillo@redfin.com,(989) 609-1217,Re/Max,Riverside,CA,5,10,3747070,CA200981,CA,4.6,85,A,realtor_scraper,2026-07-30T02:00:37.087659+00:00
Samuel Salazar,Samuel,Salazar,samuel.salazar@realty.com,(582) 248-3922,Better Homes and Gardens Real Estate,Erie,PA,2,9,4082319,PA525959,PA,4.4,73,C,realtor_scraper,2026-07-30T02:00:37.107524+00:00
Aaron Patel,Aaron,Patel,apatel@remax.net,(609) 278-7413,Exit Realty,San Bernardino,CA,9,21,7356741,CA738960,CA,4.9,96,B,realtor_scraper,2026-07-30T02:00:37.097682+00:00
Betty Cox,Betty,Cox,betty.cox@redfin.com,(227) 849-8133,Ryan Homes,Cleveland,OH,11,17,10256406,OH228544,OH,4.4,100,A,realtor_scraper,2026-07-30T02:00:37.092555+00:00
Deborah King,Deborah,King,deborah.king@realty.com,(901) 873-4077,Keller Williams,Vancouver,WA,8,20,7376860,WA539456,WA,4.2,94,B,realtor_scraper,2026-07-30T02:00:37.097923+00:00
Anna Butler,Anna,Butler,abutler@gmail.com,(313) 133-5871,Intero Real Estate,Pueblo,CO,5,9,3502557,CO708169,CO,3.8,79,C,realtor_scraper,2026-07-30T02:00:37.105067+00:00
Carolyn Hill,Carolyn,Hill,hillcarolyn@realtor.com,(734) 443-3551,Cushman & Wakefield,Ann Arbor,MI,0,9,1961199,MI475078,MI,3.8,69,C,realtor_scraper,2026-07-30T02:00:37.107947+00:00
Philip Tran,Philip,Tran,tranphilip@century21.com,(657) 646-3139,Intero Real Estate,Fresno,CA,14,9,6859521,CA799635,CA,4.2,94,A,realtor_scraper,2026-07-30T02:00:37.091941+00:00
Peter Mitchell,Peter,Mitchell,peter.mitchell@homes.com,(618) 414-6518,Howard Hanna Real Estate,Lakewood,CO,2,6,2403138,CO578100,CO,4.9,73,B,realtor_scraper,2026-07-30T02:00:37.098120+00:00
Harold Adams,Harold,Adams,harold.adams@icloud.com,(580) 788-6585,Lennar,Sunnyvale,CA,4,7,2048795,CA780636,CA,4.5,78,B,realtor_scraper,2026-07-30T02:00:37.100909+00:00
Sandra Henry,Sandra,Henry,sandrah@century21.com,(610) 893-8945,Berkshire Hathaway HomeServices,Chula Vista,CA,16,33,17971371,CA514202,CA,4.6,100,A,realtor_scraper,2026-07-30T02:00:37.092208+00:00
Sara Hall,Sara,Hall,sarah@exp.com,(312) 839-7795,Newmark Grubb Knight Frank,Des Moines,IA,2,10,3774490,IA554011,IA,3.6,77,B,realtor_scraper,2026-07-30T02:00:37.096794+00:00
Debra Vasquez,Debra,Vasquez,debravasquez@redfin.com,(816) 184-9378,Engel & Volkers,Fairfield,CA,1,7,2622858,CA181581,CA,3.6,69,C,realtor_scraper,2026-07-30T02:00:37.107145+00:00
Roy Black,Roy,Black,rblack@century21.com,(929) 484-3442,Realty ONE Group,Scottsdale,AZ,2,3,1119396,AZ956484,AZ,4.4,72,A,realtor_scraper,2026-07-30T02:00:37.086795+00:00
Sara Salazar,Sara,Salazar,ssalazar@zillow.com,(531) 251-7696,Marcus & Millichap,Lancaster,CA,9,30,13032870,CA709229,CA,3.8,96,B,realtor_scraper,2026-07-30T02:00:37.094874+00:00
Anna Russell,Anna,Russell,annar@gmail.com,(401) 541-6259,D.R. Horton,Reno,NV,8,17,6737746,NV840488,NV,4.1,96,A,realtor_scraper,2026-07-30T02:00:37.087643+00:00
Diane Reyes,Diane,Reyes,reyesdiane@agent.com,(304) 352-2969,KB Home,Cincinnati,OH,5,5,1437255,OH154455,OH,3.2,80,A,realtor_scraper,2026-07-30T02:00:37.093143+00:00
Marcus Wallace,Marcus,Wallace,mwallace@broker.com,(223) 811-4887,Taylor Morrison,Corpus Christi,TX,3,16,7395504,TX810039,TX,4.4,86,A,realtor_scraper,2026-07-30T02:00:37.094074+00:00
Joshua Freeman,Joshua,Freeman,joshuaf@hotmail.com,(840) 691-7797,NVR Homes,Albuquerque,NM,14,12,8441232,NM576933,NM,3.4,97,A,realtor_scraper,2026-07-30T02:00:37.088712+00:00
Joseph Bryant,Joseph,Bryant,bryantjoseph@trulia.com,(504) 362-3572,Homes.com,Arlington,TX,10,13,10104081,TX90936,TX,4.8,98,A,realtor_scraper,2026-07-30T02:00:37.090399+00:00
Scott Ward,Scott,Ward,wardscott@outlook.com,(660) 589-1782,Help-U-Sell,Clearwater,FL,0,3,1155255,FL846358,FL,3.4,63,C,realtor_scraper,2026-07-30T02:00:37.104029+00:00
Nancy Rice,Nancy,Rice,nrice@homes.com,(818) 369-5948,NVR Homes,Sugar Land,TX,3,7,2575328,TX470479,TX,4.0,73,C,realtor_scraper,2026-07-30T02:00:37.105121+00:00
Preston Fox,Preston,Fox,prestonf@hotmail.com,(227) 875-6412,Taylor Morrison,Clearwater,FL,3,10,4020490,FL13964,FL,4.5,76,C,realtor_scraper,2026-07-30T02:00:37.103943+00:00
Shirley Green,Shirley,Green,sgreen@coldwellbanker.com,(518) 126-4412,Berkshire Hathaway HomeServices,Columbia,SC,9,10,7357020,SC715093,SC,4.0,91,B,realtor_scraper,2026-07-30T02:00:37.097260+00:00
Jason Watson,Jason,Watson,jasonwatson@outlook.com,(508) 127-9609,Century 21,Pomona,CA,4,7,2504614,CA873836,CA,4.2,78,B,realtor_scraper,2026-07-30T02:00:37.102352+00:00
Thomas Perry,Thomas,Perry,thomas.perry@realtyonegroup.com,(914) 127-9207,Purplebricks,Cape Coral,FL,10,31,17634815,FL362877,FL,4.9,98,B,realtor_scraper,2026-07-30T02:00:37.096879+00:00
Brittany Gibson,Brittany,Gibson,brittanygibson@zillow.com,(781) 624-9556,Sotheby's International Realty,Columbia,SC,5,7,2592625,SC727412,SC,3.6,80,B,realtor_scraper,2026-07-30T02:00:37.102694+00:00
Andrea Moore,Andrea,Moore,andream@agent.com,(956) 928-6981,Century 21,Seattle,WA,10,14,6313580,WA83391,WA,3.6,99,A,realtor_scraper,2026-07-30T02:00:37.086716+00:00
Brandon Russell,Brandon,Russell,brussell@compass.com,(253) 367-9042,John L. Scott Real Estate,Vancouver,WA,0,7,1780184,WA962990,WA,3.3,70,B,realtor_scraper,2026-07-30T02:00:37.094957+00:00
Gary Hughes,Gary,Hughes,garyhughes@realtyonegroup.com,(564) 409-1707,HomeSmart,McKinney,TX,6,9,4720824,TX162807,TX,4.3,84,B,realtor_scraper,2026-07-30T02:00:37.102932+00:00
Joan Rodriguez,Joan,Rodriguez,joanr@zillow.com,(801) 915-3177,eXp Realty,Fort Wayne,IN,3,7,3605714,IN897323,IN,3.5,78,A,realtor_scraper,2026-07-30T02:00:37.093071+00:00
Adam Jordan,Adam,Jordan,adamj@yahoo.com,(618) 766-8730,Realty Executives,Aurora,CO,14,21,13446867,CO504804,CO,3.2,100,A,realtor_scraper,2026-07-30T02:00:37.088975+00:00
Charles Nichols,Charles,Nichols,charles.nichols@hotmail.com,(951) 583-7878,Cushman & Wakefield,Athens,GA,8,17,7857927,GA82040,GA,4.5,91,C,realtor_scraper,2026-07-30T02:00:37.105682+00:00
Paul Perry,Paul,Perry,paul.perry@nextdoor.com,(223) 490-2337,Intero Real Estate,Orlando,FL,0,3,846885,FL74114,FL,4.8,68,A,realtor_scraper,2026-07-30T02:00:37.092456+00:00
Austin Cole,Austin,Cole,coleaustin@yahoo.com,(330) 723-9342,Newmark Grubb Knight Frank,Elgin,IL,5,14,6690950,IL228410,IL,4.1,87,B,realtor_scraper,2026-07-30T02:00:37.101928+00:00
Sophia Hughes,Sophia,Hughes,sophia.hughes@yahoo.com,(732) 511-7715,Newmark Grubb Knight Frank,Seattle,WA,9,9,7180236,WA502196,WA,5.0,92,A,realtor_scraper,2026-07-30T02:00:37.094155+00:00
Victoria Collins,Victoria,Collins,vcollins@realtor.com,(316) 318-7882,Homes.com,North Las Vegas,NV,3,19,9278498,NV92357,NV,3.6,86,A,realtor_scraper,2026-07-30T02:00:37.092807+00:00
Jacob Payne,Jacob,Payne,jpayne@remax.net,(862) 952-3177,Trulia,Lakewood,CO,6,19,10222038,CO464167,CO,5.0,90,B,realtor_scraper,2026-07-30T02:00:37.101814+00:00
Cynthia Moreno,Cynthia,Moreno,morenocynthia@nextdoor.com,(202) 735-9799,Howard Hanna Real Estate,Birmingham,AL,0,7,1569246,AL378658,AL,3.9,70,B,realtor_scraper,2026-07-30T02:00:37.097311+00:00
Brenda Griffin,Brenda,Griffin,bgriffin@outlook.com,(214) 138-9578,NextHome,Fayetteville,NC,7,14,7281624,NC78127,NC,4.1,91,B,realtor_scraper,2026-07-30T02:00:37.102396+00:00
Jacob Collins,Jacob,Collins,jacob.collins@trulia.com,(602) 156-2826,Better Homes and Gardens Real Estate,Clearwater,FL,1,4,1888392,FL440113,FL,3.1,66,C,realtor_scraper,2026-07-30T02:00:37.103884+00:00
Philip Harris,Philip,Harris,philiph@nextdoor.com,(612) 465-2770,David Weekley Homes,Seattle,WA,9,23,13493962,WA434923,WA,4.9,98,A,realtor_scraper,2026-07-30T02:00:37.089135+00:00
William Long,William,Long,wlong@broker.com,(310) 503-9460,Real Living,McKinney,TX,0,9,2428767,TX168873,TX,3.6,72,B,realtor_scraper,2026-07-30T02:00:37.096018+00:00
Adam Patel,Adam,Patel,adamp@redfin.com,(608) 333-6873,Homes.com,Anchorage,AK,11,10,6576130,AK492696,AK,3.0,95,A,realtor_scraper,2026-07-30T02:00:37.094476+00:00
Nathan Wright,Nathan,Wright,nathanwright@hotmail.com,(404) 470-9116,Intero Real Estate,San Bernardino,CA,8,14,7912786,CA599241,CA,4.7,93,B,realtor_scraper,2026-07-30T02:00:37.094669+00:00
Sean Gutierrez,Sean,Gutierrez,gutierrezsean@coldwellbanker.com,(832) 527-2214,Baird & Warner,Independence,MO,3,18,10237860,MO76122,MO,3.3,81,C,realtor_scraper,2026-07-30T02:00:37.103101+00:00
Debra Olson,Debra,Olson,debra.olson@yahoo.com,(910) 159-5101,Movoto,Aurora,CO,4,16,4534192,CO256014,CO,4.2,88,A,realtor_scraper,2026-07-30T02:00:37.093414+00:00
Michelle Palmer,Michelle,Palmer,michelle.palmer@trulia.com,(501) 287-5457,Ryan Homes,Charlotte,NC,13,30,14036580,NC30367,NC,3.2,100,A,realtor_scraper,2026-07-30T02:00:37.093730+00:00
Rachel Perez,Rachel,Perez,rachelperez@redfin.com,(914) 258-5951,NVR Homes,Phoenix,AZ,11,14,6687366,AZ107925,AZ,4.5,99,A,realtor_scraper,2026-07-30T02:00:37.088746+00:00
Isabella Jordan,Isabella,Jordan,isabellajordan@compass.com,(646) 203-6052,Help-U-Sell,New Orleans,LA,13,34,10223868,LA329980,LA,3.0,100,A,realtor_scraper,2026-07-30T02:00:37.087303+00:00
Raymond Mitchell,Raymond,Mitchell,rmitchell@zillow.com,(904) 286-5470,David Weekley Homes,Henderson,NV,8,32,24024288,NV449851,NV,4.2,96,A,realtor_scraper,2026-07-30T02:00:37.092684+00:00
Carol Moreno,Carol,Moreno,cmoreno@hotmail.com,(307) 516-1176,Intero Real Estate,Erie,PA,3,19,6210093,PA430978,PA,4.4,81,C,realtor_scraper,2026-07-30T02:00:37.103310+00:00
Doris Cox,Doris,Cox,dorisc@realty.com,(860) 144-1505,Movoto,Boise,ID,5,12,6054648,ID748578,ID,4.2,85,B,realtor_scraper,2026-07-30T02:00:37.101135+00:00
Helen Nguyen,Helen,Nguyen,helen.nguyen@yahoo.com,(609) 594-5889,Redfin,Portland,OR,0,4,1639872,OR538610,OR,3.9,69,A,realtor_scraper,2026-07-30T02:00:37.093430+00:00
Ruth Reynolds,Ruth,Reynolds,ruthreynolds@coldwellbanker.com,(313) 803-7543,J.P. Morgan Real Estate,Irvine,CA,6,24,12360912,CA532355,CA,3.9,92,A,realtor_scraper,2026-07-30T02:00:37.092672+00:00
Dorothy Castro,Dorothy,Castro,castrodorothy@icloud.com,(423) 172-2331,AvalonBay Communities,Vancouver,WA,7,19,11457760,WA78068,WA,3.1,92,B,realtor_scraper,2026-07-30T02:00:37.101799+00:00
Janice Harrison,Janice,Harrison,jharrison@icloud.com,(239) 530-3194,CBRE,Lexington,KY,5,8,2024248,KY976805,KY,3.9,83,A,realtor_scraper,2026-07-30T02:00:37.088679+00:00
Theresa Torres,Theresa,Torres,theresat@redfin.com,(228) 785-3956,Homes.com,Westminster,CO,6,20,10268360,CO637941,CO,4.4,87,C,realtor_scraper,2026-07-30T02:00:37.103793+00:00
Evelyn Robertson,Evelyn,Robertson,erobertson@century21.com,(760) 180-9303,Perry Homes,Rochester,NY,3,19,10771632,NY819798,NY,3.3,84,B,realtor_scraper,2026-07-30T02:00:37.095977+00:00
Patrick Stephens,Patrick,Stephens,patrickstephens@kw.com,(601) 590-6747,Redfin Partner,Montgomery,AL,4,13,4363814,AL564760,AL,4.2,84,B,realtor_scraper,2026-07-30T02:00:37.095231+00:00
Brian Harris,Brian,Harris,brian.harris@yahoo.com,(217) 168-7877,Marcus & Millichap,Round Rock,TX,6,23,10555344,TX467130,TX,3.4,87,C,realtor_scraper,2026-07-30T02:00:37.107427+00:00
Michelle Garcia,Michelle,Garcia,michellegarcia@agent.com,(202) 290-5599,eXp Realty,Burbank,CA,1,10,4675690,CA134719,CA,3.3,72,C,realtor_scraper,2026-07-30T02:00:37.105096+00:00
Jessica Lewis,Jessica,Lewis,jessical@remax.net,(219) 584-2459,Help-U-Sell,Savannah,GA,5,19,9660835,GA374639,GA,3.6,88,B,realtor_scraper,2026-07-30T02:00:37.095488+00:00
Denise Ryan,Denise,Ryan,deniser@redfin.com,(754) 286-7515,Homes.com,Broken Arrow,OK,1,3,1189839,OK604389,OK,4.7,65,C,realtor_scraper,2026-07-30T02:00:37.107555+00:00
Dale Medina,Dale,Medina,dmedina@trulia.com,(276) 588-9132,David Weekley Homes,Palm Bay,FL,2,1,329162,FL989598,FL,4.6,65,C,realtor_scraper,2026-07-30T02:00:37.105136+00:00
James Hayes,James,Hayes,james.hayes@realtyonegroup.com,(501) 753-5446,Berkshire Hathaway HomeServices,New Haven,CT,3,18,7132212,CT136881,CT,3.9,84,B,realtor_scraper,2026-07-30T02:00:37.097062+00:00
Joyce Mills,Joyce,Mills,jmills@realty.com,(850) 749-9543,Lyon Real Estate,Savannah,GA,2,6,1918278,GA941119,GA,4.4,73,B,realtor_scraper,2026-07-30T02:00:37.095823+00:00
Donald Gordon,Donald,Gordon,gordondonald@redfin.com,(623) 499-5668,Purplebricks,Lancaster,CA,3,13,6065007,CA572632,CA,4.8,82,B,realtor_scraper,2026-07-30T02:00:37.096664+00:00
Scott Dixon,Scott,Dixon,sdixon@remax.net,(770) 559-6766,NextHome,Springfield,MA,3,7,4001095,MA169005,MA,4.1,76,B,realtor_scraper,2026-07-30T02:00:37.095139+00:00
Logan Vargas,Logan,Vargas,logan.vargas@realtyonegroup.com,(787) 954-3387,Coldwell Banker,Denver,CO,8,31,15553041,CO892820,CO,3.3,96,A,realtor_scraper,2026-07-30T02:00:37.093757+00:00
Christopher Richardson,Christopher,Richardson,christopherr@gmail.com,(201) 462-5903,Century 21,North Las Vegas,NV,13,13,9370686,NV971532,NV,3.2,98,A,realtor_scraper,2026-07-30T02:00:37.094515+00:00
Justin Perez,Justin,Perez,justinperez@zillow.com,(703) 903-4947,John L. Scott Real Estate,Plano,TX,15,19,12575530,TX562243,TX,4.7,100,A,realtor_scraper,2026-07-30T02:00:37.091254+00:00
Joseph Munoz,Joseph,Munoz,munozjoseph@redfin.com,(937) 910-7137,David Weekley Homes,Dallas,TX,8,31,15258851,TX517353,TX,3.1,96,A,realtor_scraper,2026-07-30T02:00:37.092931+00:00
Ann Dunn,Ann,Dunn,anndunn@trulia.com,(517) 841-3576,eXp Realty,Cape Coral,FL,9,22,13527646,FL141996,FL,3.5,96,B,realtor_scraper,2026-07-30T02:00:37.098000+00:00
Vincent Ford,Vincent,Ford,vincent.ford@hotmail.com,(872) 661-6746,Taylor Morrison,Daly City,CA,4,8,4081816,CA813822,CA,3.4,76,C,realtor_scraper,2026-07-30T02:00:37.104340+00:00
Frances Russell,Frances,Russell,francesrussell@sothebysrealty.com,(407) 526-2584,Pulte Homes,Kansas City,KS,5,14,4577538,KS988629,KS,3.3,87,B,realtor_scraper,2026-07-30T02:00:37.095191+00:00
Jacqueline Stephens,Jacqueline,Stephens,jacquelines@remax.net,(352) 754-8943,HomeSmart,Bridgeport,CT,10,19,12723008,CT556743,CT,3.5,98,B,realtor_scraper,2026-07-30T02:00:37.097190+00:00
Olivia Green,Olivia,Green,oliviag@homes.com,(205) 663-5310,CBRE,Orlando,FL,7,10,5378860,FL54876,FL,4.2,89,A,realtor_scraper,2026-07-30T02:00:37.092012+00:00
Kelly Chavez,Kelly,Chavez,kelly.chavez@trulia.com,(334) 581-6151,Weichert Realtors,Washington,DC,12,8,5448272,DC927445,DC,4.4,93,A,realtor_scraper,2026-07-30T02:00:37.090952+00:00
Nicole Murphy,Nicole,Murphy,murphynicole@hotmail.com,(540) 111-7062,Meritage Homes,Escondido,CA,3,11,5015857,CA447276,CA,3.6,80,B,realtor_scraper,2026-07-30T02:00:37.098163+00:00
Linda Coleman,Linda,Coleman,lcoleman@gmail.com,(508) 422-7020,AvalonBay Communities,Round Rock,TX,5,4,1169516,TX175525,TX,3.7,74,C,realtor_scraper,2026-07-30T02:00:37.104991+00:00
Peter Wells,Peter,Wells,peterw@realty.com,(608) 657-6213,Equity Residential,Savannah,GA,3,4,1609504,GA926287,GA,4.8,73,B,realtor_scraper,2026-07-30T02:00:37.102830+00:00
Natalie Howard,Natalie,Howard,natalie.howard@gmail.com,(410) 366-6559,Village Real Estate,Raleigh,NC,9,9,6131691,NC244680,NC,4.1,92,A,realtor_scraper,2026-07-30T02:00:37.088908+00:00
Steven Sanchez,Steven,Sanchez,steven.sanchez@compass.com,(458) 827-3227,ERA Real Estate,Lansing,MI,4,12,3371076,MI751419,MI,3.9,80,C,realtor_scraper,2026-07-30T02:00:37.106879+00:00
Justin Hughes,Justin,Hughes,justinh@trulia.com,(478) 367-3555,Zillow Premier Agent,Garland,TX,5,11,6298633,TX400454,TX,4.1,86,A,realtor_scraper,2026-07-30T02:00:37.091909+00:00
Judith Ruiz,Judith,Ruiz,judithr@realtyonegroup.com,(878) 578-7622,Taylor Morrison,Plano,TX,13,12,8362620,TX921918,TX,4.8,97,A,realtor_scraper,2026-07-30T02:00:37.094168+00:00
Steven Robertson,Steven,Robertson,steven.robertson@hotmail.com,(623) 956-4073,Lennar,Amarillo,TX,7,9,5010219,TX968486,TX,3.3,86,B,realtor_scraper,2026-07-30T02:00:37.102191+00:00
Edward Powell,Edward,Powell,edward.powell@realtor.com,(316) 843-1326,Village Real Estate,Corpus Christi,TX,10,11,5464723,TX826484,TX,3.2,96,A,realtor_scraper,2026-07-30T02:00:37.093537+00:00
Brandon Bennett,Brandon,Bennett,brandonbennett@coldwellbanker.com,(573) 334-9607,Equity Residential,Mobile,AL,3,13,5623969,AL419080,AL,3.1,82,B,realtor_scraper,2026-07-30T02:00:37.101611+00:00
Bobby Howard,Bobby,Howard,bobbyhoward@agent.com,(802) 969-5769,United Real Estate,Pacoima,CA,0,1,328444,CA659468,CA,3.6,61,C,realtor_scraper,2026-07-30T02:00:37.103553+00:00
Jeffrey Murphy,Jeffrey,Murphy,jmurphy@zillow.com,(445) 349-7515,Cushman & Wakefield,Boulder,CO,6,20,9201940,CO190926,CO,4.9,87,C,realtor_scraper,2026-07-30T02:00:37.104420+00:00
James Snyder,James,Snyder,jamess@agent.com,(208) 364-2451,Compass,Savannah,GA,1,1,433893,GA501981,GA,3.8,66,B,realtor_scraper,2026-07-30T02:00:37.095699+00:00
Paul Holmes,Paul,Holmes,paulh@icloud.com,(308) 772-1914,Real Living,Springfield,MA,4,8,2674968,MA390704,MA,4.4,79,B,realtor_scraper,2026-07-30T02:00:37.102683+00:00
Evelyn Holmes,Evelyn,Holmes,eholmes@remax.net,(534) 381-5036,Redfin,Fort Collins,CO,6,10,4615290,CO131499,CO,3.2,85,B,realtor_scraper,2026-07-30T02:00:37.102845+00:00
Charles Wagner,Charles,Wagner,charleswagner@zillow.com,(224) 426-2062,D.R. Horton,Syracuse,NY,6,25,11462600,NY205922,NY,3.5,90,B,realtor_scraper,2026-07-30T02:00:37.096699+00:00
Marcus Robertson,Marcus,Robertson,robertsonmarcus@homes.com,(973) 320-9257,Century 21,Milwaukee,WI,9,18,7324002,WI524087,WI,4.4,98,A,realtor_scraper,2026-07-30T02:00:37.091995+00:00
Jose Woods,Jose,Woods,jwoods@agent.com,(617) 965-9921,Redfin,Newark,NJ,4,8,2576320,NJ396840,NJ,3.9,81,A,realtor_scraper,2026-07-30T02:00:37.090674+00:00
Edward Burns,Edward,Burns,burnsedward@nextdoor.com,(458) 582-7238,Village Real Estate,Riverside,CA,5,8,4663768,CA656946,CA,3.2,83,A,realtor_scraper,2026-07-30T02:00:37.094143+00:00
Edward Schmidt,Edward,Schmidt,schmidtedward@realty.com,(231) 375-3882,Colliers International,Sacramento,CA,10,34,19146148,CA554513,CA,4.0,100,A,realtor_scraper,2026-07-30T02:00:37.090936+00:00
Andrea Jackson,Andrea,Jackson,ajackson@century21.com,(606) 557-9202,Weichert Realtors,Billings,MT,0,2,898332,MT348394,MT,3.7,62,C,realtor_scraper,2026-07-30T02:00:37.105036+00:00
Scott Baker,Scott,Baker,scott.baker@homes.com,(402) 994-4152,Weichert Realtors,Stockton,CA,3,18,7540704,CA594277,CA,3.6,86,A,realtor_scraper,2026-07-30T02:00:37.093910+00:00
Stephen Martinez,Stephen,Martinez,stephen.martinez@redfin.com,(714) 480-9738,Engel & Volkers,Portland,OR,10,11,6319522,OR561801,OR,4.0,96,A,realtor_scraper,2026-07-30T02:00:37.092402+00:00
Timothy Hughes,Timothy,Hughes,timothyh@outlook.com,(610) 853-2295,Purplebricks,Omaha,NE,9,24,13642536,NE514585,NE,4.1,98,A,realtor_scraper,2026-07-30T02:00:37.091294+00:00
Jeremy Ortiz,Jeremy,Ortiz,jeremyo@hotmail.com,(915) 376-6307,Marcus & Millichap,San Diego,CA,6,8,5387792,CA395829,CA,4.1,85,A,realtor_scraper,2026-07-30T02:00:37.094006+00:00
Noah Harris,Noah,Harris,noah.harris@sothebysrealty.com,(803) 753-8841,ERA Real Estate,Carrollton,TX,5,19,10072242,TX838305,TX,3.6,85,C,realtor_scraper,2026-07-30T02:00:37.105512+00:00
Diane Aguilar,Diane,Aguilar,diane.aguilar@yahoo.com,(327) 396-8389,Intero Real Estate,Lakewood,CO,6,16,10409552,CO713639,CO,3.0,90,B,realtor_scraper,2026-07-30T02:00:37.097610+00:00
David Cruz,David,Cruz,dcruz@yahoo.com,(313) 798-9171,Colliers International,Reno,NV,12,13,9214452,NV658530,NV,3.7,98,A,realtor_scraper,2026-07-30T02:00:37.088240+00:00
Gregory Ramos,Gregory,Ramos,gramos@realtyonegroup.com,(567) 507-9773,Help-U-Sell,Syracuse,NY,3,7,2348563,NY358312,NY,4.3,76,B,realtor_scraper,2026-07-30T02:00:37.095924+00:00
Nancy Silva,Nancy,Silva,nancys@agent.com,(760) 640-1324,CBRE,Louisville,KY,6,18,7488576,KY788846,KY,4.6,92,A,realtor_scraper,2026-07-30T02:00:37.094087+00:00
Juan Nguyen,Juan,Nguyen,juan.nguyen@nextdoor.com,(816) 667-5884,AvalonBay Communities,St. Louis,MO,7,14,7458780,MO791899,MO,3.6,93,A,realtor_scraper,2026-07-30T02:00:37.093359+00:00
Isabella Meyer,Isabella,Meyer,meyerisabella@realtyonegroup.com,(703) 291-8365,John L. Scott Real Estate,Jersey City,NJ,7,11,4146604,NJ523439,NJ,4.6,90,A,realtor_scraper,2026-07-30T02:00:37.087502+00:00
Noah Bryant,Noah,Bryant,noahbryant@zillow.com,(725) 591-8320,Zillow Premier Agent,Broken Arrow,OK,0,2,946146,OK30306,OK,4.5,62,C,realtor_scraper,2026-07-30T02:00:37.103754+00:00
Johnny Rose,Johnny,Rose,jrose@yahoo.com,(212) 288-8376,Cushman & Wakefield,Las Vegas,NV,7,26,9817730,NV956087,NV,3.7,94,A,realtor_scraper,2026-07-30T02:00:37.087103+00:00
Barbara Rice,Barbara,Rice,barbararice@homes.com,(612) 440-1144,ZipRealty,St. Louis,MO,8,33,24129138,MO231889,MO,3.1,96,A,realtor_scraper,2026-07-30T02:00:37.087211+00:00
Ashley Rice,Ashley,Rice,arice@coldwellbanker.com,(470) 642-7665,KB Home,Wichita,KS,10,28,22114036,KS690764,KS,4.4,100,A,realtor_scraper,2026-07-30T02:00:37.087998+00:00
Victoria Cox,Victoria,Cox,vcox@coldwellbanker.com,(212) 198-2363,eXp Realty,Jackson,MS,8,33,16438950,MS231311,MS,4.9,94,B,realtor_scraper,2026-07-30T02:00:37.102890+00:00
Kathryn Henderson,Kathryn,Henderson,kathrynh@exp.com,(559) 776-3304,Zillow Premier Agent,Flint,MI,3,6,1533024,MI696444,MI,3.6,75,B,realtor_scraper,2026-07-30T02:00:37.102151+00:00
Debra Evans,Debra,Evans,devans@coldwellbanker.com,(445) 296-7930,eXp Realty,Riverside,CA,9,8,5834376,CA799243,CA,4.8,91,A,realtor_scraper,2026-07-30T02:00:37.094385+00:00
Adam Griffin,Adam,Griffin,griffinadam@bhhs.com,(657) 466-2101,Lennar,Beaumont,TX,1,5,1835170,TX55804,TX,4.7,67,C,realtor_scraper,2026-07-30T02:00:37.104886+00:00
Alexander Silva,Alexander,Silva,asilva@icloud.com,(717) 485-4540,John L. Scott Real Estate,Brockton,MA,5,13,4285502,MA19235,MA,3.1,83,C,realtor_scraper,2026-07-30T02:00:37.104667+00:00
James Nguyen,James,Nguyen,nguyenjames@trulia.com,(857) 599-6407,John L. Scott Real Estate,New Orleans,LA,11,22,9262154,LA495926,LA,4.0,100,A,realtor_scraper,2026-07-30T02:00:37.086641+00:00
Dorothy Gibson,Dorothy,Gibson,dorothygibson@broker.com,(415) 925-6289,Realty World,Glendale,AZ,10,20,15342940,AZ960365,AZ,3.3,100,A,realtor_scraper,2026-07-30T02:00:37.090343+00:00
Peter Ross,Peter,Ross,peter.ross@outlook.com,(772) 747-7683,Re/Max,Colorado Springs,CO,6,30,15812250,CO765547,CO,3.8,92,A,realtor_scraper,2026-07-30T02:00:37.093189+00:00
Cynthia Gonzalez,Cynthia,Gonzalez,cynthiagonzalez@realtor.com,(317) 141-7373,ERA Real Estate,Fort Collins,CO,2,3,1037118,CO796208,CO,4.4,70,B,realtor_scraper,2026-07-30T02:00:37.096647+00:00
Russell Fernandez,Russell,Fernandez,fernandezrussell@kw.com,(715) 328-9558,Weichert Realtors,Nampa,ID,10,10,7948580,ID703953,ID,3.3,90,C,realtor_scraper,2026-07-30T02:00:37.108001+00:00
Janet Gordon,Janet,Gordon,jgordon@kw.com,(203) 338-4947,David Weekley Homes,Fort Lauderdale,FL,6,17,9648928,FL297462,FL,4.3,90,B,realtor_scraper,2026-07-30T02:00:37.095644+00:00
Nicole Tran,Nicole,Tran,ntran@kw.com,(513) 598-7822,eXp Realty,Lexington,KY,5,16,4680736,KY350323,KY,3.0,90,A,realtor_scraper,2026-07-30T02:00:37.091787+00:00
Jacqueline Watson,Jacqueline,Watson,jacqueline.watson@trulia.com,(234) 172-6125,Lennar,Pittsburgh,PA,11,30,20006730,PA114874,PA,4.6,100,A,realtor_scraper,2026-07-30T02:00:37.093223+00:00
Cynthia Medina,Cynthia,Medina,cynthiam@icloud.com,(256) 447-5155,Keller Williams,Virginia Beach,VA,16,10,6086930,VA349073,VA,4.7,95,A,realtor_scraper,2026-07-30T02:00:37.087921+00:00
Zachary Powell,Zachary,Powell,zacharyp@compass.com,(330) 997-2879,D.R. Horton,North Las Vegas,NV,7,24,15070056,NV700252,NV,4.0,94,A,realtor_scraper,2026-07-30T02:00:37.093691+00:00
Bobby Lee,Bobby,Lee,bobbylee@realtor.com,(719) 434-4898,Weichert Realtors,Indianapolis,IN,0,5,2387885,IN652089,IN,4.7,70,A,realtor_scraper,2026-07-30T02:00:37.091602+00:00
Catherine Anderson,Catherine,Anderson,catherineanderson@sothebysrealty.com,(564) 958-2654,Homes.com,Fayetteville,NC,6,12,6417564,NC417777,NC,3.2,87,B,realtor_scraper,2026-07-30T02:00:37.095433+00:00
Frances Jimenez,Frances,Jimenez,jimenezfrances@icloud.com,(626) 775-9224,United Real Estate,Flint,MI,6,11,4015880,MI601099,MI,4.9,86,B,realtor_scraper,2026-07-30T02:00:37.098203+00:00
Austin Rose,Austin,Rose,roseaustin@gmail.com,(325) 842-6422,Century 21,Mesa,AZ,0,3,639453,AZ533189,AZ,4.0,68,A,realtor_scraper,2026-07-30T02:00:37.090549+00:00
Peter Bennett,Peter,Bennett,peter.bennett@nextdoor.com,(903) 412-6334,John L. Scott Real Estate,Lewisville,TX,0,2,732444,TX756481,TX,4.3,62,C,realtor_scraper,2026-07-30T02:00:37.103521+00:00
Lisa Reyes,Lisa,Reyes,lreyes@realty.com,(712) 325-2836,Taylor Morrison,Richardson,TX,0,9,4165452,TX683408,TX,4.8,69,C,realtor_scraper,2026-07-30T02:00:37.107475+00:00
Sara Vargas,Sara,Vargas,sara.vargas@realtor.com,(272) 113-5119,Movoto,Palm Bay,FL,5,8,2660712,FL609392,FL,4.3,78,C,realtor_scraper,2026-07-30T02:00:37.105744+00:00
Noah Hall,Noah,Hall,hallnoah@redfin.com,(201) 977-3776,Lyon Real Estate,Norfolk,VA,9,29,9759080,VA187009,VA,4.6,98,A,realtor_scraper,2026-07-30T02:00:37.093882+00:00
Edwin Wilson,Edwin,Wilson,ewilson@nextdoor.com,(862) 472-3421,CBRE,Chicago,IL,11,10,7578530,IL930867,IL,4.3,95,A,realtor_scraper,2026-07-30T02:00:37.092697+00:00
Kyle Hunt,Kyle,Hunt,huntkyle@homes.com,(561) 838-2392,Engel & Volkers,Buffalo,NY,13,29,16538816,NY144202,NY,4.5,100,A,realtor_scraper,2026-07-30T02:00:37.087729+00:00
Ralph Medina,Ralph,Medina,ralphm@agent.com,(480) 169-5069,Beazer Homes,Santa Ana,CA,8,16,8328592,CA249563,CA,4.2,96,A,realtor_scraper,2026-07-30T02:00:37.094501+00:00
Robert Hawkins,Robert,Hawkins,robert.hawkins@redfin.com,(607) 217-5703,Perry Homes,Columbia,SC,6,20,14963980,SC923352,SC,4.7,90,B,realtor_scraper,2026-07-30T02:00:37.097412+00:00
Keith McDonald,Keith,McDonald,keith.mcdonald@yahoo.com,(845) 774-3439,AvalonBay Communities,Birmingham,AL,4,18,4839714,AL176305,AL,3.1,86,B,realtor_scraper,2026-07-30T02:00:37.102014+00:00
Logan Mason,Logan,Mason,logan.mason@kw.com,(715) 168-9053,eXp Realty,Sunnyvale,CA,8,19,5872539,CA114171,CA,3.7,94,B,realtor_scraper,2026-07-30T02:00:37.102704+00:00
Linda Gordon,Linda,Gordon,linda.gordon@trulia.com,(818) 547-1715,Trulia,Atlanta,GA,5,5,1634595,GA640762,GA,4.3,80,A,realtor_scraper,2026-07-30T02:00:37.091342+00:00
Jeremy Weaver,Jeremy,Weaver,weaverjeremy@yahoo.com,(863) 969-4544,Better Homes and Gardens Real Estate,Chandler,AZ,10,11,4958250,AZ22688,AZ,4.3,96,A,realtor_scraper,2026-07-30T02:00:37.090920+00:00
Heather Romero,Heather,Romero,heatherr@realtyonegroup.com,(252) 795-3287,Cushman & Wakefield,Bridgeport,CT,11,30,19739550,CT800359,CT,3.9,98,B,realtor_scraper,2026-07-30T02:00:37.095937+00:00
Sharon Gomez,Sharon,Gomez,sharong@kw.com,(858) 849-5563,Perry Homes,Fort Lauderdale,FL,14,19,7722702,FL767719,FL,4.4,98,B,realtor_scraper,2026-07-30T02:00:37.095420+00:00
Anthony Gardner,Anthony,Gardner,agardner@realtor.com,(607) 375-7587,Real Living,Killeen,TX,0,5,1674990,TX768399,TX,5.0,68,B,realtor_scraper,2026-07-30T02:00:37.098190+00:00
Heather Morales,Heather,Morales,heather.morales@kw.com,(631) 210-4794,Weichert Realtors,Houston,TX,17,12,9222180,TX227082,TX,4.6,97,A,realtor_scraper,2026-07-30T02:00:37.090707+00:00
John Patel,John,Patel,john.patel@trulia.com,(669) 806-8378,Howard Hanna Real Estate,Colorado Springs,CO,12,32,20524960,CO801442,CO,4.6,100,A,realtor_scraper,2026-07-30T02:00:37.087964+00:00
Wayne Watson,Wayne,Watson,waynew@compass.com,(973) 238-9514,Equity Residential,Syracuse,NY,3,14,6811532,NY878960,NY,3.8,83,B,realtor_scraper,2026-07-30T02:00:37.095606+00:00
Theresa Griffin,Theresa,Griffin,griffintheresa@homes.com,(279) 402-5063,Engel & Volkers,Miami,FL,0,4,1184156,FL169694,FL,4.2,69,A,realtor_scraper,2026-07-30T02:00:37.091655+00:00
Joshua Myers,Joshua,Myers,myersjoshua@redfin.com,(619) 668-6811,Purplebricks,Nashville,TN,15,35,19568955,TN206839,TN,3.3,100,A,realtor_scraper,2026-07-30T02:00:37.089167+00:00
Janice Jackson,Janice,Jackson,jjackson@realty.com,(954) 790-8365,Sotheby's International Realty,Erie,PA,2,8,2249728,PA27409,PA,4.2,72,C,realtor_scraper,2026-07-30T02:00:37.107883+00:00
Denise Hunt,Denise,Hunt,deniseh@yahoo.com,(954) 407-4155,Howard Hanna Real Estate,Carlsbad,CA,1,1,389394,CA398470,CA,4.2,63,C,realtor_scraper,2026-07-30T02:00:37.107336+00:00
William Chen,William,Chen,williamc@kw.com,(906) 376-7954,D.R. Horton,Anchorage,AK,16,20,6447260,AK47156,AK,4.5,100,A,realtor_scraper,2026-07-30T02:00:37.088874+00:00
Donald Nelson,Donald,Nelson,dnelson@bhhs.com,(315) 496-8553,Beazer Homes,Portland,OR,14,32,13954112,OR108476,OR,4.9,100,A,realtor_scraper,2026-07-30T02:00:37.087592+00:00
Nathan Parker,Nathan,Parker,nathanparker@sothebysrealty.com,(480) 596-6676,Engel & Volkers,Lakewood,CO,15,22,14235892,CO78798,CO,4.7,98,B,realtor_scraper,2026-07-30T02:00:37.095278+00:00
Donald Washington,Donald,Washington,washingtondonald@broker.com,(341) 396-8742,Newmark Grubb Knight Frank,Pittsburgh,PA,12,9,3464487,PA366312,PA,3.7,94,A,realtor_scraper,2026-07-30T02:00:37.092600+00:00
Frank Rice,Frank,Rice,frankr@hotmail.com,(612) 299-7577,Newmark Grubb Knight Frank,Escondido,CA,1,2,517780,CA857459,CA,3.4,67,B,realtor_scraper,2026-07-30T02:00:37.101676+00:00
Roger Myers,Roger,Myers,myersroger@realtor.com,(920) 109-2842,Realty ONE Group,Burbank,CA,1,9,3948723,CA786023,CA,4.6,71,C,realtor_scraper,2026-07-30T02:00:37.105337+00:00
Janice Davis,Janice,Davis,janicedavis@remax.net,(251) 705-6759,Baird & Warner,Clinton,MI,4,16,7309504,MI284087,MI,5.0,83,C,realtor_scraper,2026-07-30T02:00:37.103679+00:00
Steven Washington,Steven,Washington,stevenw@agent.com,(781) 172-5085,J.P. Morgan Real Estate,Des Moines,IA,4,4,2222840,IA158424,IA,4.9,75,B,realtor_scraper,2026-07-30T02:00:37.102031+00:00
Andrew Murray,Andrew,Murray,andrewm@icloud.com,(707) 200-1339,David Weekley Homes,Detroit,MI,8,21,9338385,MI115840,MI,3.8,96,A,realtor_scraper,2026-07-30T02:00:37.092781+00:00
Edward Ryan,Edward,Ryan,edwardr@exp.com,(212) 215-1525,eXp Realty,Amarillo,TX,4,15,5826405,TX206553,TX,3.6,86,B,realtor_scraper,2026-07-30T02:00:37.097383+00:00
Kathryn Bailey,Kathryn,Bailey,kathrynbailey@redfin.com,(386) 769-9173,Purplebricks,Westminster,CO,4,10,3432430,CO114792,CO,4.0,78,C,realtor_scraper,2026-07-30T02:00:37.103733+00:00
Patricia Martinez,Patricia,Martinez,pmartinez@hotmail.com,(712) 133-2699,Howard Hanna Real Estate,Albuquerque,NM,10,8,2788904,NM221235,NM,4.7,93,A,realtor_scraper,2026-07-30T02:00:37.091133+00:00
Keith Silva,Keith,Silva,keith.silva@homes.com,(786) 454-9046,Lyon Real Estate,Denton,TX,5,13,5189574,TX563079,TX,4.6,83,C,realtor_scraper,2026-07-30T02:00:37.107864+00:00
Joan Harris,Joan,Harris,joan.harris@homes.com,(260) 436-5571,J.P. Morgan Real Estate,Riverside,CA,6,19,8044467,CA850225,CA,4.9,92,A,realtor_scraper,2026-07-30T02:00:37.092880+00:00
Mary Diaz,Mary,Diaz,marydiaz@compass.com,(582) 291-8332,Keller Williams,Inglewood,CA,3,15,5599500,CA809189,CA,3.7,81,C,realtor_scraper,2026-07-30T02:00:37.106686+00:00
Abigail Foster,Abigail,Foster,abigailf@agent.com,(713) 913-7326,Berkshire Hathaway HomeServices,Kansas City,KS,4,20,7582320,KS817741,KS,4.2,86,B,realtor_scraper,2026-07-30T02:00:37.096865+00:00
Mary Snyder,Mary,Snyder,marysnyder@icloud.com,(678) 107-2036,AvalonBay Communities,Montgomery,AL,0,2,670008,AL970740,AL,4.7,65,B,realtor_scraper,2026-07-30T02:00:37.102052+00:00
Brian Moreno,Brian,Moreno,brian.moreno@yahoo.com,(254) 162-4532,Village Real Estate,Santa Maria,CA,2,7,2724148,CA69364,CA,4.1,71,C,realtor_scraper,2026-07-30T02:00:37.108057+00:00
Patrick Ortiz,Patrick,Ortiz,ortizpatrick@bhhs.com,(954) 811-2132,Trulia,Garland,TX,12,25,18256550,TX337847,TX,3.3,100,A,realtor_scraper,2026-07-30T02:00:37.087285+00:00
Cheryl Cook,Cheryl,Cook,cheryl.cook@redfin.com,(661) 974-7933,Zillow Premier Agent,Round Rock,TX,4,16,5738864,TX214116,TX,4.5,83,C,realtor_scraper,2026-07-30T02:00:37.107256+00:00
Theresa Nichols,Theresa,Nichols,theresanichols@outlook.com,(279) 380-1092,Howard Hanna Real Estate,Glendale,AZ,1,8,2057904,AZ727422,AZ,4.0,75,A,realtor_scraper,2026-07-30T02:00:37.092970+00:00
Joseph Young,Joseph,Young,jyoung@realtyonegroup.com,(572) 937-1560,Help-U-Sell,Lansing,MI,5,10,4002330,MI59731,MI,3.7,80,C,realtor_scraper,2026-07-30T02:00:37.104565+00:00
Thomas Fernandez,Thomas,Fernandez,fernandezthomas@homes.com,(516) 668-7841,Howard Hanna Real Estate,Montgomery,AL,2,10,2176180,AL492788,AL,3.6,77,B,realtor_scraper,2026-07-30T02:00:37.094809+00:00
Hannah Campbell,Hannah,Campbell,campbellhannah@outlook.com,(331) 131-4555,Century 21,Pomona,CA,6,30,9160920,CA95355,CA,3.6,90,B,realtor_scraper,2026-07-30T02:00:37.101665+00:00
Ronald Burns,Ronald,Burns,ronald.burns@broker.com,(308) 510-6847,John L. Scott Real Estate,Virginia Beach,VA,10,14,4388188,VA650162,VA,3.7,99,A,realtor_scraper,2026-07-30T02:00:37.088621+00:00
Diane Payne,Diane,Payne,dpayne@realtor.com,(912) 598-3205,Howard Hanna Real Estate,Lafayette,LA,8,23,11619784,LA682334,LA,4.4,94,B,realtor_scraper,2026-07-30T02:00:37.100831+00:00
Brian Russell,Brian,Russell,brussell@remax.net,(447) 989-2038,Dickson Realty,El Cajon,CA,3,6,1657410,CA537409,CA,4.1,72,C,realtor_scraper,2026-07-30T02:00:37.105626+00:00
Adam Kim,Adam,Kim,adamk@coldwellbanker.com,(947) 729-6894,Realty ONE Group,Peoria,AZ,8,20,13645020,AZ748306,AZ,4.3,91,C,realtor_scraper,2026-07-30T02:00:37.105543+00:00
Philip Guzman,Philip,Guzman,philipg@realtyonegroup.com,(223) 328-2214,Realty Executives,Escondido,CA,6,15,9930510,CA982662,CA,3.4,90,B,realtor_scraper,2026-07-30T02:00:37.095546+00:00
David Simpson,David,Simpson,david.simpson@realty.com,(610) 477-5357,Weichert Realtors,Akron,OH,9,18,12104478,OH62601,OH,3.3,96,B,realtor_scraper,2026-07-30T02:00:37.100874+00:00
David Ward,David,Ward,david.ward@icloud.com,(218) 896-8713,ZipRealty,Winston-Salem,NC,4,5,2125350,NC729112,NC,4.5,76,B,realtor_scraper,2026-07-30T02:00:37.101993+00:00
Jack Stephens,Jack,Stephens,jack.stephens@realtyonegroup.com,(228) 513-1413,ZipRealty,Gilbert,AZ,1,8,2304136,AZ276755,AZ,4.3,75,A,realtor_scraper,2026-07-30T02:00:37.093704+00:00
Martha Gordon,Martha,Gordon,marthagordon@kw.com,(575) 364-6902,Redfin,Ann Arbor,MI,1,8,3565304,MI465427,MI,3.9,70,C,realtor_scraper,2026-07-30T02:00:37.107979+00:00
William Wallace,William,Wallace,williamwallace@agent.com,(959) 997-7665,Exit Realty,Arvada,CO,4,12,4332828,CO191151,CO,3.6,80,C,realtor_scraper,2026-07-30T02:00:37.103703+00:00
Diana Baker,Diana,Baker,diana.baker@broker.com,(509) 418-6230,Howard Hanna Real Estate,Fairfield,CA,4,8,2879232,CA910119,CA,4.3,76,C,realtor_scraper,2026-07-30T02:00:37.105454+00:00
Jerry Gibson,Jerry,Gibson,jerry.gibson@gmail.com,(434) 814-6902,Lennar,Springfield,MA,6,34,13427076,MA29965,MA,4.3,90,B,realtor_scraper,2026-07-30T02:00:37.097780+00:00
Carolyn Warren,Carolyn,Warren,carolyn.warren@outlook.com,(312) 658-3372,D.R. Horton,Tallahassee,FL,5,11,3747502,FL395951,FL,4.6,84,B,realtor_scraper,2026-07-30T02:00:37.102998+00:00
Gerald Parker,Gerald,Parker,geraldparker@realtyonegroup.com,(681) 833-2166,Sotheby's International Realty,Pittsburgh,PA,11,24,11256144,PA597257,PA,3.7,100,A,realtor_scraper,2026-07-30T02:00:37.088108+00:00
Kathleen Carter,Kathleen,Carter,carterkathleen@hotmail.com,(337) 627-9701,CBRE,Tempe,AZ,4,5,1697725,AZ74618,AZ,3.6,76,B,realtor_scraper,2026-07-30T02:00:37.102098+00:00
Louis Washington,Louis,Washington,lwashington@yahoo.com,(321) 197-6236,Movoto,Winston-Salem,NC,0,6,1481328,NC203201,NC,4.0,69,B,realtor_scraper,2026-07-30T02:00:37.101912+00:00
Richard Reynolds,Richard,Reynolds,richardr@century21.com,(910) 735-4019,Redfin Partner,Louisville,KY,10,22,10760222,KY671753,KY,4.7,100,A,realtor_scraper,2026-07-30T02:00:37.087675+00:00
Sophia Howard,Sophia,Howard,showard@kw.com,(808) 543-3533,John L. Scott Real Estate,Bakersfield,CA,10,21,14078211,CA162160,CA,4.5,100,A,realtor_scraper,2026-07-30T02:00:37.089422+00:00
Billy Washington,Billy,Washington,washingtonbilly@outlook.com,(906) 969-2782,Intero Real Estate,Raleigh,NC,5,12,7132104,NC177572,NC,3.5,87,A,realtor_scraper,2026-07-30T02:00:37.091808+00:00
Kevin Jones,Kevin,Jones,kevinjones@century21.com,(442) 388-3720,Coldwell Banker,San Bernardino,CA,6,30,19251360,CA553265,CA,4.3,90,B,realtor_scraper,2026-07-30T02:00:37.097340+00:00
Martha Baker,Martha,Baker,bakermartha@trulia.com,(559) 373-9222,AvalonBay Communities,Ann Arbor,MI,0,5,1011495,MI167529,MI,3.8,65,C,realtor_scraper,2026-07-30T02:00:37.107805+00:00
Victoria Robinson,Victoria,Robinson,vrobinson@realtor.com,(719) 509-5974,Realty ONE Group,Jacksonville,FL,11,24,12583776,FL345466,FL,3.4,100,A,realtor_scraper,2026-07-30T02:00:37.092838+00:00
Sharon Tran,Sharon,Tran,sharontran@trulia.com,(801) 879-1474,Baird & Warner,Seattle,WA,10,25,11836425,WA645550,WA,4.8,100,A,realtor_scraper,2026-07-30T02:00:37.087237+00:00
Nicholas Romero,Nicholas,Romero,nicholasr@nextdoor.com,(764) 752-7951,Exit Realty,Lewisville,TX,10,29,18255703,TX593061,TX,3.0,95,C,realtor_scraper,2026-07-30T02:00:37.105190+00:00
Nicholas Burns,Nicholas,Burns,nicholasb@gmail.com,(541) 930-4648,Pulte Homes,Fort Lauderdale,FL,4,18,8587008,FL681248,FL,4.2,86,B,realtor_scraper,2026-07-30T02:00:37.102906+00:00
Harold Torres,Harold,Torres,harold.torres@agent.com,(360) 146-6682,Berkshire Hathaway HomeServices,Clinton,MI,0,7,2412529,MI855644,MI,4.8,67,C,realtor_scraper,2026-07-30T02:00:37.105911+00:00
Nicole Silva,Nicole,Silva,nicole.silva@sothebysrealty.com,(702) 893-8912,Realty ONE Group,Athens,GA,1,9,4162572,GA924569,GA,3.1,71,C,realtor_scraper,2026-07-30T02:00:37.103743+00:00
Brittany Smith,Brittany,Smith,brittany.smith@exp.com,(615) 338-6729,Homes.com,Elgin,IL,8,11,6553228,IL470464,IL,3.5,90,B,realtor_scraper,2026-07-30T02:00:37.097446+00:00
Julie McDonald,Julie,McDonald,mcdonaldjulie@sothebysrealty.com,(971) 737-7475,United Real Estate,Tempe,AZ,4,6,2235372,AZ181213,AZ,4.4,77,B,realtor_scraper,2026-07-30T02:00:37.094546+00:00
Janet Ferguson,Janet,Ferguson,janetferguson@trulia.com,(872) 816-9160,Help-U-Sell,Little Rock,AR,1,3,1326450,AR975433,AR,4.6,68,B,realtor_scraper,2026-07-30T02:00:37.098107+00:00
Christopher Gardner,Christopher,Gardner,gardnerchristopher@trulia.com,(929) 118-5130,Cushman & Wakefield,Akron,OH,3,4,1894152,OH509734,OH,4.7,73,B,realtor_scraper,2026-07-30T02:00:37.095807+00:00
Sara Foster,Sara,Foster,sara.foster@kw.com,(262) 355-5238,Redfin,Lincoln,NE,11,18,11011842,NE530502,NE,3.6,100,A,realtor_scraper,2026-07-30T02:00:37.092231+00:00
Bobby Rice,Bobby,Rice,bobbyr@kw.com,(754) 314-5169,Re/Max,Fayetteville,NC,4,7,2856273,NC711225,NC,4.7,78,B,realtor_scraper,2026-07-30T02:00:37.097668+00:00
Karen Daniels,Karen,Daniels,kdaniels@zillow.com,(872) 224-5026,Redfin,Denton,TX,3,16,5768176,TX918449,TX,3.5,81,C,realtor_scraper,2026-07-30T02:00:37.103782+00:00
Mark Vargas,Mark,Vargas,markvargas@bhhs.com,(971) 880-1933,ZipRealty,Houston,TX,12,35,21529795,TX843020,TX,4.7,100,A,realtor_scraper,2026-07-30T02:00:37.087357+00:00
Deborah Harrison,Deborah,Harrison,deborahharrison@hotmail.com,(681) 227-1295,Pulte Homes,Vallejo,CA,1,2,969796,CA856589,CA,4.2,67,B,realtor_scraper,2026-07-30T02:00:37.095794+00:00
Katherine Clark,Katherine,Clark,kclark@bhhs.com,(910) 461-5094,ZipRealty,Lincoln,NE,6,30,13525470,NE16088,NE,3.8,92,A,realtor_scraper,2026-07-30T02:00:37.089118+00:00
Steven Walker,Steven,Walker,stevenw@gmail.com,(405) 567-2066,Help-U-Sell,Reno,NV,5,8,3627808,NV749687,NV,4.6,83,A,realtor_scraper,2026-07-30T02:00:37.087020+00:00
Katherine Price,Katherine,Price,pricekatherine@kw.com,(447) 229-2106,Zillow Premier Agent,Santa Maria,CA,5,11,3377242,CA958304,CA,3.9,81,C,realtor_scraper,2026-07-30T02:00:37.107837+00:00
Robert Flores,Robert,Flores,robertflores@century21.com,(629) 376-2499,David Weekley Homes,Henderson,NV,3,4,1668404,NV805220,NV,3.9,75,A,realtor_scraper,2026-07-30T02:00:37.093482+00:00
Julia Moore,Julia,Moore,juliam@trulia.com,(813) 123-7470,Exit Realty,Richardson,TX,2,2,990010,TX483185,TX,4.5,66,C,realtor_scraper,2026-07-30T02:00:37.104374+00:00
Jose Reed,Jose,Reed,jose.reed@redfin.com,(845) 457-6901,Colliers International,Rochester,NY,7,23,12920595,NY585096,NY,3.3,92,B,realtor_scraper,2026-07-30T02:00:37.101621+00:00
Elizabeth Medina,Elizabeth,Medina,elizabethm@redfin.com,(727) 692-7802,Lennar,Rochester,NY,12,12,6898020,NY773038,NY,4.4,95,B,realtor_scraper,2026-07-30T02:00:37.096033+00:00
Jean Miller,Jean,Miller,jean.miller@sothebysrealty.com,(840) 459-6981,Realty ONE Group,Hollywood,CA,4,5,1591000,CA167571,CA,3.6,76,B,realtor_scraper,2026-07-30T02:00:37.102537+00:00
Evelyn Vasquez,Evelyn,Vasquez,evelynvasquez@gmail.com,(517) 268-6912,D.R. Horton,Palm Bay,FL,2,4,1998628,FL876133,FL,3.9,68,C,realtor_scraper,2026-07-30T02:00:37.106891+00:00
Sharon Gardner,Sharon,Gardner,sharon.gardner@agent.com,(432) 626-4540,Real Living,Minneapolis,MN,14,28,15628536,MN459206,MN,4.6,100,A,realtor_scraper,2026-07-30T02:00:37.091149+00:00
Wayne Hamilton,Wayne,Hamilton,whamilton@homes.com,(816) 711-2988,Cushman & Wakefield,Palm Bay,FL,0,1,404174,FL447454,FL,4.3,61,C,realtor_scraper,2026-07-30T02:00:37.103205+00:00
Harold James,Harold,James,harold.james@broker.com,(978) 221-8184,Engel & Volkers,Pasadena,TX,2,6,2580204,TX493639,TX,3.9,73,B,realtor_scraper,2026-07-30T02:00:37.096848+00:00
Diane Morgan,Diane,Morgan,dianemorgan@coldwellbanker.com,(252) 352-9563,Village Real Estate,Midland,TX,6,25,11371425,TX821166,TX,3.5,87,C,realtor_scraper,2026-07-30T02:00:37.105863+00:00
Joseph Ross,Joseph,Ross,josephr@homes.com,(505) 247-7957,Newmark Grubb Knight Frank,Los Angeles,CA,9,14,6479816,CA378921,CA,3.2,97,A,realtor_scraper,2026-07-30T02:00:37.091707+00:00
Diane Romero,Diane,Romero,romerodiane@homes.com,(447) 551-2439,David Weekley Homes,Indianapolis,IN,11,34,20675162,IN748620,IN,3.4,100,A,realtor_scraper,2026-07-30T02:00:37.092542+00:00
Louis King,Louis,King,louis.king@coldwellbanker.com,(256) 758-2142,NextHome,New York,NY,11,11,4718879,NY926737,NY,4.1,96,A,realtor_scraper,2026-07-30T02:00:37.090848+00:00
Eric Garza,Eric,Garza,eric.garza@compass.com,(423) 227-4707,Keller Williams,McKinney,TX,0,4,1522804,TX436587,TX,3.5,67,B,realtor_scraper,2026-07-30T02:00:37.102797+00:00
Evelyn Wright,Evelyn,Wright,evelyn.wright@redfin.com,(717) 683-9731,Coldwell Banker,Des Moines,IA,8,14,8295084,IA218419,IA,3.7,93,B,realtor_scraper,2026-07-30T02:00:37.094630+00:00
Preston Webb,Preston,Webb,webbpreston@compass.com,(321) 245-7097,Redfin,Carlsbad,CA,3,18,5956164,CA100042,CA,4.6,81,C,realtor_scraper,2026-07-30T02:00:37.107711+00:00
Adam Ford,Adam,Ford,aford@homes.com,(575) 488-8029,Re/Max,Amarillo,TX,0,10,3013970,TX501477,TX,3.7,73,B,realtor_scraper,2026-07-30T02:00:37.094987+00:00
Ethan Patel,Ethan,Patel,epatel@redfin.com,(503) 373-9409,NVR Homes,Killeen,TX,5,6,3541566,TX353800,TX,4.5,79,B,realtor_scraper,2026-07-30T02:00:37.096988+00:00
Lisa Salazar,Lisa,Salazar,lisa.salazar@redfin.com,(531) 849-2898,CBRE,Mobile,AL,8,28,10776556,AL52738,AL,4.5,94,B,realtor_scraper,2026-07-30T02:00:37.094796+00:00
Gerald McDonald,Gerald,McDonald,mcdonaldgerald@realty.com,(714) 654-4620,Purplebricks,Thousand Oaks,CA,6,16,11027520,CA404329,CA,4.9,90,B,realtor_scraper,2026-07-30T02:00:37.102875+00:00
Martha Taylor,Martha,Taylor,mtaylor@realtyonegroup.com,(804) 502-6210,Engel & Volkers,Miami,FL,10,34,13216072,FL530693,FL,3.1,100,A,realtor_scraper,2026-07-30T02:00:37.091585+00:00
Roy Ferguson,Roy,Ferguson,royf@agent.com,(806) 218-8885,Perry Homes,Chattanooga,TN,7,14,9198462,TN47820,TN,4.3,91,B,realtor_scraper,2026-07-30T02:00:37.097520+00:00
Anna Silva,Anna,Silva,anna.silva@outlook.com,(202) 346-2983,Equity Residential,Tempe,AZ,7,9,7196841,AZ265053,AZ,3.1,86,B,realtor_scraper,2026-07-30T02:00:37.095114+00:00
Frank Moore,Frank,Moore,frank.moore@century21.com,(201) 374-6879,Newmark Grubb Knight Frank,Minneapolis,MN,4,14,3610404,MN212259,MN,4.2,87,A,realtor_scraper,2026-07-30T02:00:37.088841+00:00
Martha Hughes,Martha,Hughes,marthahughes@coldwellbanker.com,(856) 229-9991,Better Homes and Gardens Real Estate,Rochester,NY,8,30,13537020,NY343221,NY,3.9,94,B,realtor_scraper,2026-07-30T02:00:37.101406+00:00
Madison Moore,Madison,Moore,madison.moore@agent.com,(380) 730-1330,Pulte Homes,Abilene,TX,2,2,765388,TX657895,TX,3.6,66,C,realtor_scraper,2026-07-30T02:00:37.105957+00:00
Sean Wagner,Sean,Wagner,seanw@outlook.com,(931) 533-9742,Realty ONE Group,Palm Bay,FL,1,3,975894,FL446303,FL,4.5,65,C,realtor_scraper,2026-07-30T02:00:37.107352+00:00
Rose Ford,Rose,Ford,rosef@kw.com,(740) 181-6209,Village Real Estate,Chattanooga,TN,0,6,2456550,TN77892,TN,3.8,69,B,realtor_scraper,2026-07-30T02:00:37.101199+00:00
Austin Turner,Austin,Turner,austin.turner@remax.net,(405) 804-6388,Better Homes and Gardens Real Estate,Jackson,MS,7,20,6189820,MS238135,MS,4.5,92,B,realtor_scraper,2026-07-30T02:00:37.102958+00:00
Danielle Morales,Danielle,Morales,dmorales@redfin.com,(567) 375-1750,Cushman & Wakefield,Denver,CO,14,17,11294273,CO336354,CO,3.2,100,A,realtor_scraper,2026-07-30T02:00:37.093249+00:00
Marilyn Stone,Marilyn,Stone,marilyn.stone@hotmail.com,(843) 821-4598,Lyon Real Estate,Akron,OH,6,14,9155468,OH508323,OH,3.1,89,B,realtor_scraper,2026-07-30T02:00:37.095530+00:00
Gary Rose,Gary,Rose,garyrose@hotmail.com,(414) 859-7800,Lyon Real Estate,Albuquerque,NM,12,35,26685190,NM389842,NM,4.8,100,A,realtor_scraper,2026-07-30T02:00:37.088816+00:00
Maria Moore,Maria,Moore,mariamoore@realty.com,(810) 523-7884,Keller Williams,Fort Lauderdale,FL,6,14,10210844,FL810040,FL,3.7,89,B,realtor_scraper,2026-07-30T02:00:37.096910+00:00
Alexander Gomez,Alexander,Gomez,alexanderg@agent.com,(216) 808-1399,Realty Executives,Miami,FL,6,29,16166920,FL871095,FL,3.6,92,A,realtor_scraper,2026-07-30T02:00:37.087610+00:00
Derek Sullivan,Derek,Sullivan,derek.sullivan@bhhs.com,(252) 147-1122,Taylor Morrison,Waco,TX,4,14,7151340,TX172900,TX,4.1,82,C,realtor_scraper,2026-07-30T02:00:37.106982+00:00
Billy Hawkins,Billy,Hawkins,bhawkins@century21.com,(516) 160-2306,Pulte Homes,Richmond,VA,8,35,25463130,VA995735,VA,3.2,94,B,realtor_scraper,2026-07-30T02:00:37.095303+00:00
Pamela Davis,Pamela,Davis,pamela.davis@sothebysrealty.com,(209) 111-2697,Coldwell Banker,Billings,MT,4,12,6988248,MT430374,MT,4.3,80,C,realtor_scraper,2026-07-30T02:00:37.103158+00:00
Laura West,Laura,West,westlaura@kw.com,(980) 910-4699,Meritage Homes,Huntsville,AL,6,19,14206414,AL267522,AL,3.9,90,B,realtor_scraper,2026-07-30T02:00:37.094765+00:00
Abigail Alvarez,Abigail,Alvarez,abigail.alvarez@hotmail.com,(341) 437-8238,Meritage Homes,Cape Coral,FL,1,5,2495955,FL687690,FL,3.9,70,B,realtor_scraper,2026-07-30T02:00:37.095500+00:00
Rachel Cox,Rachel,Cox,coxrachel@icloud.com,(346) 314-1612,D.R. Horton,Fayetteville,NC,7,32,12772768,NC253762,NC,3.1,92,B,realtor_scraper,2026-07-30T02:00:37.097824+00:00
Ralph Clark,Ralph,Clark,clarkralph@sothebysrealty.com,(586) 853-5127,Meritage Homes,Murfreesboro,TN,4,14,6100500,TN570212,TN,3.3,82,C,realtor_scraper,2026-07-30T02:00:37.105292+00:00
Kathryn Harris,Kathryn,Harris,harriskathryn@century21.com,(843) 920-5987,J.P. Morgan Real Estate,New York,NY,13,32,9606304,NY432400,NY,3.6,100,A,realtor_scraper,2026-07-30T02:00:37.092247+00:00
Jeremy Morris,Jeremy,Morris,jmorris@kw.com,(270) 726-7999,Lennar,Rockford,IL,4,16,8190336,IL504415,IL,3.8,86,B,realtor_scraper,2026-07-30T02:00:37.096764+00:00
Linda Jackson,Linda,Jackson,lindaj@gmail.com,(740) 451-9010,AvalonBay Communities,Alexandria,VA,4,9,4187655,VA30569,VA,4.3,80,B,realtor_scraper,2026-07-30T02:00:37.101703+00:00
Justin Anderson,Justin,Anderson,justinanderson@yahoo.com,(419) 637-7847,Zillow Premier Agent,Savannah,GA,4,20,8828700,GA938533,GA,3.7,86,B,realtor_scraper,2026-07-30T02:00:37.098029+00:00
Joan Patterson,Joan,Patterson,pattersonjoan@bhhs.com,(772) 427-2936,KB Home,Plano,TX,12,26,9438468,TX437267,TX,3.6,100,A,realtor_scraper,2026-07-30T02:00:37.093524+00:00
Edward Wells,Edward,Wells,wellsedward@bhhs.com,(352) 509-4398,KB Home,Indianapolis,IN,15,13,6689215,IN368246,IN,4.0,98,A,realtor_scraper,2026-07-30T02:00:37.093897+00:00
Margaret Porter,Margaret,Porter,margaretporter@realtor.com,(707) 361-3436,eXp Realty,New York,NY,9,12,6054204,NY911711,NY,4.3,95,A,realtor_scraper,2026-07-30T02:00:37.087003+00:00
Sharon Alexander,Sharon,Alexander,salexander@zillow.com,(601) 118-8768,Weichert Realtors,Toledo,OH,3,14,7075054,OH853655,OH,3.8,85,A,realtor_scraper,2026-07-30T02:00:37.086663+00:00
Diane Collins,Diane,Collins,collinsdiane@realtor.com,(404) 534-6198,Village Real Estate,Greensboro,NC,10,17,6078231,NC379878,NC,4.4,100,A,realtor_scraper,2026-07-30T02:00:37.088047+00:00
Beverly Harris,Beverly,Harris,beverlyharris@realtyonegroup.com,(505) 470-6202,Better Homes and Gardens Real Estate,Dallas,TX,3,12,5588244,TX994651,TX,3.9,83,A,realtor_scraper,2026-07-30T02:00:37.090418+00:00
Judy Soto,Judy,Soto,jsoto@outlook.com,(564) 813-2027,D.R. Horton,League City,TX,0,8,2276128,TX887663,TX,3.7,68,C,realtor_scraper,2026-07-30T02:00:37.107383+00:00
Evelyn Green,Evelyn,Green,greenevelyn@sothebysrealty.com,(864) 819-8555,United Real Estate,Carrollton,TX,4,15,3866070,TX636778,TX,3.8,83,C,realtor_scraper,2026-07-30T02:00:37.105317+00:00
Julia Weaver,Julia,Weaver,juliaw@century21.com,(321) 147-5600,Newmark Grubb Knight Frank,Green Bay,WI,1,3,723891,WI35649,WI,4.8,65,C,realtor_scraper,2026-07-30T02:00:37.106830+00:00
Juan Henderson,Juan,Henderson,juanh@exp.com,(626) 571-3496,Beazer Homes,Chula Vista,CA,19,14,10907750,CA50273,CA,4.6,99,A,realtor_scraper,2026-07-30T02:00:37.092983+00:00
Amanda Munoz,Amanda,Munoz,munozamanda@compass.com,(425) 414-3916,Colliers International,Flint,MI,1,3,1273146,MI483514,MI,4.3,68,B,realtor_scraper,2026-07-30T02:00:37.102418+00:00
Christine Martin,Christine,Martin,christine.martin@zillow.com,(480) 636-8981,Trulia,Oklahoma City,OK,9,8,5052112,OK263741,OK,4.9,91,A,realtor_scraper,2026-07-30T02:00:37.090777+00:00
Megan Mendoza,Megan,Mendoza,meganmendoza@redfin.com,(212) 446-5458,D.R. Horton,Richardson,TX,5,4,2274048,TX411315,TX,4.9,74,C,realtor_scraper,2026-07-30T02:00:37.108087+00:00
Logan Nichols,Logan,Nichols,nicholslogan@gmail.com,(361) 156-6925,Howard Hanna Real Estate,Vancouver,WA,4,6,1652112,WA954496,WA,4.4,77,B,realtor_scraper,2026-07-30T02:00:37.097244+00:00
Terry Martin,Terry,Martin,terry.martin@realtor.com,(270) 605-4494,Marcus & Millichap,New York,NY,15,9,4271850,NY232756,NY,4.1,94,A,realtor_scraper,2026-07-30T02:00:37.093550+00:00
Melissa Reyes,Melissa,Reyes,mreyes@kw.com,(802) 498-5210,Realty World,Washington,DC,16,30,18793950,DC352542,DC,3.1,100,A,realtor_scraper,2026-07-30T02:00:37.088762+00:00
Sharon Crawford,Sharon,Crawford,scrawford@icloud.com,(414) 319-1801,NVR Homes,Abilene,TX,3,5,1857710,TX53875,TX,4.5,71,C,realtor_scraper,2026-07-30T02:00:37.103367+00:00
Robert Harris,Robert,Harris,robert.harris@bhhs.com,(443) 456-3182,KB Home,Pueblo,CO,1,8,2165464,CO255588,CO,5.0,70,C,realtor_scraper,2026-07-30T02:00:37.103390+00:00
Kathleen Collins,Kathleen,Collins,kcollins@exp.com,(931) 844-3932,Redfin,Broken Arrow,OK,4,18,6898158,OK146408,OK,3.5,83,C,realtor_scraper,2026-07-30T02:00:37.103843+00:00
Ruth Powell,Ruth,Powell,ruthp@agent.com,(413) 625-5209,Berkshire Hathaway HomeServices,Livonia,MI,4,6,2542404,MI836869,MI,4.3,74,C,realtor_scraper,2026-07-30T02:00:37.106808+00:00
Diane Gomez,Diane,Gomez,diane.gomez@hotmail.com,(646) 819-4367,Baird & Warner,Providence,RI,5,4,1579584,RI452696,RI,3.4,77,B,realtor_scraper,2026-07-30T02:00:37.101646+00:00
Maria Sullivan,Maria,Sullivan,maria.sullivan@coldwellbanker.com,(681) 820-7751,Better Homes and Gardens Real Estate,Gilbert,AZ,8,26,15719678,AZ212817,AZ,3.7,96,A,realtor_scraper,2026-07-30T02:00:37.094023+00:00
Ann James,Ann,James,ajames@hotmail.com,(341) 527-6971,Newmark Grubb Knight Frank,Knoxville,TN,1,5,1347505,TN920757,TN,4.5,70,B,realtor_scraper,2026-07-30T02:00:37.097938+00:00
Gregory Taylor,Gregory,Taylor,gregoryt@coldwellbanker.com,(641) 611-1056,AvalonBay Communities,Jackson,MS,3,9,4479021,MS768910,MS,4.2,78,B,realtor_scraper,2026-07-30T02:00:37.102168+00:00
Philip Herrera,Philip,Herrera,pherrera@realtyonegroup.com,(610) 438-8602,Colliers International,Washington,DC,10,30,10795740,DC890424,DC,3.9,100,A,realtor_scraper,2026-07-30T02:00:37.092617+00:00
Evelyn Black,Evelyn,Black,eblack@homes.com,(615) 950-9514,Movoto,North Las Vegas,NV,18,14,10564596,NV291989,NV,4.2,99,A,realtor_scraper,2026-07-30T02:00:37.093176+00:00
Alice Russell,Alice,Russell,alice.russell@agent.com,(764) 159-5198,Re/Max,Santa Maria,CA,1,10,4840040,CA714173,CA,4.9,72,C,realtor_scraper,2026-07-30T02:00:37.107009+00:00
Brian Olson,Brian,Olson,brianolson@exp.com,(713) 384-5282,Meritage Homes,Baltimore,MD,2,6,2418978,MD559734,MD,4.2,75,A,realtor_scraper,2026-07-30T02:00:37.091638+00:00
Eric Moreno,Eric,Moreno,ericmoreno@kw.com,(401) 193-1136,Compass,Sugar Land,TX,1,10,2808710,TX134997,TX,4.8,72,C,realtor_scraper,2026-07-30T02:00:37.107958+00:00
Anthony Carter,Anthony,Carter,anthony.carter@zillow.com,(712) 245-9653,Help-U-Sell,Austin,TX,10,29,15260293,TX515637,TX,3.1,100,A,realtor_scraper,2026-07-30T02:00:37.092116+00:00
Charles Taylor,Charles,Taylor,charles.taylor@broker.com,(412) 893-6978,Homes.com,League City,TX,5,13,5437211,TX661038,TX,4.1,83,C,realtor_scraper,2026-07-30T02:00:37.106902+00:00
Natalie Chen,Natalie,Chen,nataliec@century21.com,(575) 644-4070,ERA Real Estate,Santa Ana,CA,10,26,16034902,CA377804,CA,3.5,100,A,realtor_scraper,2026-07-30T02:00:37.093330+00:00
Julia Roberts,Julia,Roberts,juliaroberts@hotmail.com,(561) 797-3587,eXp Realty,Fort Wayne,IN,4,15,8741745,IN302053,IN,4.5,88,A,realtor_scraper,2026-07-30T02:00:37.089012+00:00
Victoria Marshall,Victoria,Marshall,victoria.marshall@realtyonegroup.com,(272) 971-3792,Dickson Realty,Clarksville,TN,8,26,15661880,TN360923,TN,3.3,94,B,realtor_scraper,2026-07-30T02:00:37.097397+00:00
Nancy Ellis,Nancy,Ellis,nellis@broker.com,(572) 792-2052,John L. Scott Real Estate,Winston-Salem,NC,11,11,6253940,NC660410,NC,4.3,94,B,realtor_scraper,2026-07-30T02:00:37.100817+00:00
Nicole Washington,Nicole,Washington,nwashington@hotmail.com,(302) 623-2436,D.R. Horton,Lafayette,LA,4,13,7071272,LA732106,LA,3.6,84,B,realtor_scraper,2026-07-30T02:00:37.102468+00:00
Brittany Freeman,Brittany,Freeman,brittany.freeman@broker.com,(908) 627-6033,Sotheby's International Realty,Green Bay,WI,0,9,4035420,WI419814,WI,4.4,69,C,realtor_scraper,2026-07-30T02:00:37.105967+00:00
Sophia Murray,Sophia,Murray,sophia.murray@yahoo.com,(419) 776-9224,Village Real Estate,Saint Paul,MN,8,27,18912312,MN202499,MN,3.1,96,A,realtor_scraper,2026-07-30T02:00:37.090900+00:00
George Moore,George,Moore,george.moore@realty.com,(269) 355-3564,D.R. Horton,San Francisco,CA,16,22,14925944,CA715481,CA,3.6,100,A,realtor_scraper,2026-07-30T02:00:37.093951+00:00
Nicole Munoz,Nicole,Munoz,munoznicole@exp.com,(641) 615-2902,ERA Real Estate,Clarksville,TN,4,10,3791300,TN802842,TN,3.3,81,B,realtor_scraper,2026-07-30T02:00:37.097354+00:00
Andrew Medina,Andrew,Medina,andrewm@kw.com,(954) 590-1403,Purplebricks,Lakewood,CO,4,13,6481657,CO553224,CO,4.6,84,B,realtor_scraper,2026-07-30T02:00:37.101745+00:00
Denise Gordon,Denise,Gordon,gordondenise@realtyonegroup.com,(334) 598-5871,Newmark Grubb Knight Frank,Las Cruces,NM,3,11,5952375,NM24147,NM,3.6,77,C,realtor_scraper,2026-07-30T02:00:37.107539+00:00
Kyle Bryant,Kyle,Bryant,kylebryant@realtyonegroup.com,(747) 930-5905,Movoto,Killeen,TX,5,17,7974853,TX597479,TX,4.1,88,B,realtor_scraper,2026-07-30T02:00:37.096971+00:00
Adam Garza,Adam,Garza,adamg@bhhs.com,(770) 235-9071,Newmark Grubb Knight Frank,Irvine,CA,1,5,1468950,CA684779,CA,4.4,70,B,realtor_scraper,2026-07-30T02:00:37.102064+00:00
Justin Hunter,Justin,Hunter,justinhunter@homes.com,(531) 697-9686,NVR Homes,Chula Vista,CA,10,8,4501424,CA416985,CA,4.2,93,A,realtor_scraper,2026-07-30T02:00:37.087453+00:00
Olivia Cruz,Olivia,Cruz,ocruz@realtor.com,(274) 219-5433,Newmark Grubb Knight Frank,Corpus Christi,TX,6,14,4900294,TX536813,TX,4.9,91,A,realtor_scraper,2026-07-30T02:00:37.091979+00:00
Frances Hernandez,Frances,Hernandez,fhernandez@trulia.com,(305) 342-7095,Homes.com,Montgomery,AL,8,20,7197420,AL452674,AL,3.1,94,B,realtor_scraper,2026-07-30T02:00:37.095781+00:00
Jonathan Cox,Jonathan,Cox,jonathanc@icloud.com,(575) 151-2219,Newmark Grubb Knight Frank,Brockton,MA,7,19,9763435,MA333209,MA,4.3,89,C,realtor_scraper,2026-07-30T02:00:37.108018+00:00
Anthony Olson,Anthony,Olson,anthonyolson@broker.com,(936) 339-4232,Homes.com,Corpus Christi,TX,3,19,10434724,TX21995,TX,3.8,86,A,realtor_scraper,2026-07-30T02:00:37.090618+00:00
Justin Nguyen,Justin,Nguyen,justinnguyen@exp.com,(779) 806-6383,Equity Residential,Cape Coral,FL,0,4,922972,FL187927,FL,3.7,67,B,realtor_scraper,2026-07-30T02:00:37.100690+00:00
Henry Martin,Henry,Martin,henrymartin@kw.com,(920) 958-5211,KB Home,Allen,TX,1,10,4809710,TX709312,TX,4.2,72,C,realtor_scraper,2026-07-30T02:00:37.107106+00:00
Betty Chen,Betty,Chen,chenbetty@trulia.com,(925) 893-5053,CBRE,Jacksonville,FL,10,14,6226276,FL483038,FL,3.7,99,A,realtor_scraper,2026-07-30T02:00:37.092905+00:00
Edward Gibson,Edward,Gibson,edward.gibson@gmail.com,(269) 560-9662,Redfin Partner,Fresno,CA,12,13,5300932,CA702019,CA,3.4,98,A,realtor_scraper,2026-07-30T02:00:37.094317+00:00
Devin Fernandez,Devin,Fernandez,fernandezdevin@realtor.com,(781) 899-1311,J.P. Morgan Real Estate,Rialto,CA,5,15,8803740,CA800924,CA,3.4,85,C,realtor_scraper,2026-07-30T02:00:37.106674+00:00
Abigail Campbell,Abigail,Campbell,acampbell@trulia.com,(305) 181-1233,Purplebricks,Irvine,CA,0,5,1941820,CA109312,CA,3.4,68,B,realtor_scraper,2026-07-30T02:00:37.097853+00:00
Ethan Mendoza,Ethan,Mendoza,mendozaethan@outlook.com,(470) 522-5661,D.R. Horton,Riverside,CA,15,22,8729226,CA923064,CA,3.4,100,A,realtor_scraper,2026-07-30T02:00:37.094488+00:00
Ruth Rice,Ruth,Rice,riceruth@century21.com,(704) 119-6665,HomeSmart,Allen,TX,0,8,3828328,TX154473,TX,3.4,68,C,realtor_scraper,2026-07-30T02:00:37.105200+00:00
Jason Ford,Jason,Ford,jason.ford@hotmail.com,(947) 242-4841,United Real Estate,Vancouver,WA,2,7,3183831,WA897326,WA,3.9,74,B,realtor_scraper,2026-07-30T02:00:37.097297+00:00
David Roberts,David,Roberts,davidroberts@coldwellbanker.com,(747) 849-3458,NextHome,Savannah,GA,4,16,4936416,GA419567,GA,4.4,86,B,realtor_scraper,2026-07-30T02:00:37.102085+00:00
Olivia Ramirez,Olivia,Ramirez,ramirezolivia@nextdoor.com,(909) 333-5410,Perry Homes,Clarksville,TN,6,13,8069568,TN916926,TN,4.6,88,B,realtor_scraper,2026-07-30T02:00:37.095407+00:00
Carolyn Ward,Carolyn,Ward,carolynward@kw.com,(865) 925-9034,Cushman & Wakefield,Boston,MA,9,14,8074024,MA540289,MA,3.1,97,A,realtor_scraper,2026-07-30T02:00:37.089392+00:00
Andrea Hicks,Andrea,Hicks,ahicks@broker.com,(207) 459-2830,Equity Residential,Norfolk,VA,7,15,9159855,VA464521,VA,3.6,94,A,realtor_scraper,2026-07-30T02:00:37.087817+00:00
Joseph Coleman,Joseph,Coleman,joseph.coleman@broker.com,(315) 442-7628,Redfin Partner,Lincoln,NE,9,20,7823080,NE206490,NE,3.8,98,A,realtor_scraper,2026-07-30T02:00:37.093566+00:00
Bradley Castillo,Bradley,Castillo,bradleycastillo@icloud.com,(856) 734-9053,Howard Hanna Real Estate,Santa Maria,CA,4,20,5056300,CA31720,CA,4.4,83,C,realtor_scraper,2026-07-30T02:00:37.103909+00:00
Jean Patterson,Jean,Patterson,jpatterson@remax.net,(253) 174-9087,NVR Homes,Athens,GA,6,34,22987400,GA980978,GA,3.5,87,C,realtor_scraper,2026-07-30T02:00:37.104623+00:00
Gerald McDonald,Gerald,McDonald,geraldmcdonald@kw.com,(787) 896-1181,Real Living,Bakersfield,CA,8,16,5410880,CA992725,CA,3.1,96,A,realtor_scraper,2026-07-30T02:00:37.093863+00:00
Christina Garza,Christina,Garza,christinag@realtor.com,(229) 416-4264,AvalonBay Communities,High Point,NC,1,3,1464132,NC312677,NC,3.1,65,C,realtor_scraper,2026-07-30T02:00:37.105523+00:00
Sandra Barnes,Sandra,Barnes,barnessandra@sothebysrealty.com,(614) 718-7981,Real Living,Richardson,TX,3,14,6734252,TX435196,TX,3.2,80,C,realtor_scraper,2026-07-30T02:00:37.107446+00:00
Cole Rivera,Cole,Rivera,cole.rivera@exp.com,(409) 357-5243,Trulia,Inglewood,CA,1,10,2681650,CA572618,CA,4.5,72,C,realtor_scraper,2026-07-30T02:00:37.104686+00:00
Gary Wood,Gary,Wood,gwood@yahoo.com,(786) 775-6905,Keller Williams,Tallahassee,FL,8,8,4323088,FL437342,FL,4.6,87,B,realtor_scraper,2026-07-30T02:00:37.097047+00:00
Jeffrey Reynolds,Jeffrey,Reynolds,jeffreyr@sothebysrealty.com,(530) 533-6949,Howard Hanna Real Estate,Austin,TX,13,9,3494097,TX657572,TX,4.7,94,A,realtor_scraper,2026-07-30T02:00:37.087486+00:00
Helen Anderson,Helen,Anderson,helen.anderson@gmail.com,(415) 356-9229,Homes.com,Carlsbad,CA,3,7,1750364,CA322467,CA,3.0,73,C,realtor_scraper,2026-07-30T02:00:37.103647+00:00
Carol Murphy,Carol,Murphy,cmurphy@nextdoor.com,(857) 568-3840,Movoto,Henderson,NV,9,19,6298310,NV231072,NV,3.2,98,A,realtor_scraper,2026-07-30T02:00:37.091618+00:00
