full_name,first_name,last_name,email,phone,brokerage,metro_area,state,years_experience,transactions_12mo,sales_volume,license_number,license_state,rating,cream_fit_score,priority,source,scraped_at
Helen Nguyen,Helen,Nguyen,helen.nguyen@coldwellbanker.com,(716) 730-3272,Taylor Morrison,Colorado Springs,CO,15,15,10161715,CO546812,CO,3.8,84,C,realtor_scraper,2026-08-25T06:32:09.068403+00:00
Charles Kelly,Charles,Kelly,ckelly@sothebysrealty.com,(325) 652-7924,Weichert,Raleigh,NC,9,50,7582441,NC433078,NC,3.8,80,B,realtor_scraper,2026-08-25T06:32:09.063465+00:00
Christopher Brown,Christopher,Brown,christopher.brown@exprealty.com,(214) 912-1314,Vylla Home,Louisville,KY,3,4,90959,KY424732,KY,5.0,75,C,realtor_scraper,2026-08-25T06:32:09.070165+00:00
David Hill,David,Hill,dhill@homesmart.com,(714) 809-5972,Berkshire Hathaway,Indianapolis,IN,3,11,14578700,IN735126,IN,4.2,84,B,realtor_scraper,2026-08-25T06:32:09.065170+00:00
Mary James,Mary,James,maryj@exprealty.com,(320) 379-5200,Douglas Elliman,Baltimore,MD,24,14,8650472,MD478960,MD,4.7,73,B,realtor_scraper,2026-08-25T06:32:09.063000+00:00
Shirley Brown,Shirley,Brown,shirleyb@yahoo.com,(458) 560-1872,M/I Homes,Virginia Beach,VA,0,22,11105600,VA685031,VA,3.9,71,C,realtor_scraper,2026-08-25T06:32:09.071506+00:00
Ruth Martinez,Ruth,Martinez,martinez.ruth@realtyonegroup.com,(903) 528-9294,Weichert,Albuquerque,NM,11,2,414086,NM587084,NM,4.1,75,C,realtor_scraper,2026-08-25T06:32:09.069007+00:00
Amanda Kim,Amanda,Kim,akim@realtyonegroup.com,(405) 864-7311,M/I Homes,Nashville,TN,0,34,4139347,TN464020,TN,4.2,81,A,realtor_scraper,2026-08-25T06:32:09.061137+00:00
Laura Ramirez,Laura,Ramirez,laura13@berkshirehathawayhs.com,(859) 542-9158,ERA,Chicago,IL,10,24,14504508,IL140195,IL,4.8,72,A,realtor_scraper,2026-08-25T06:32:09.058203+00:00
Michael Nguyen,Michael,Nguyen,michael.nguyen@realtyonegroup.com,(931) 999-9341,D.R. Horton,Jacksonville,FL,1,4,314882,FL862386,FL,3.9,76,B,realtor_scraper,2026-08-25T06:32:09.066121+00:00
Eric Murphy,Eric,Murphy,ericm@century21.com,(308) 885-2270,Coldwell Banker,San Diego,CA,2,18,2447621,CA202937,CA,3.8,92,A,realtor_scraper,2026-08-25T06:32:09.060930+00:00
Dennis Morales,Dennis,Morales,dmorales@coldwellbanker.com,(567) 496-2369,Vylla Home,Dallas-Fort Worth,TX,1,17,8518190,TX436817,TX,4.0,69,A,realtor_scraper,2026-08-25T06:32:09.061845+00:00
Deborah Reyes,Deborah,Reyes,reyes.deborah@exprealty.com,(401) 338-9100,Weichert,Jacksonville,FL,3,17,1867823,FL624394,FL,4.6,76,B,realtor_scraper,2026-08-25T06:32:09.065486+00:00
Jessica Reyes,Jessica,Reyes,jessica28@hotmail.com,(660) 764-6280,Century Communities,San Diego,CA,2,16,14778857,CA882065,CA,4.2,89,A,realtor_scraper,2026-08-25T06:32:09.060478+00:00
Joshua Wilson,Joshua,Wilson,joshuaw@homesmart.com,(805) 706-8139,Meritage Homes,Cincinnati,OH,5,4,310047,OH903608,OH,5.0,88,B,realtor_scraper,2026-08-25T06:32:09.065914+00:00
Ashley Gonzalez,Ashley,Gonzalez,ashley.gonzalez@elliman.com,(612) 304-9072,Taylor Morrison,Tucson,AZ,0,24,12886592,AZ584122,AZ,5.0,74,C,realtor_scraper,2026-08-25T06:32:09.071303+00:00
James Martin,James,Martin,james63@outlook.com,(913) 852-1856,The Agency,Nashville,TN,21,46,14735219,TN151714,TN,3.9,92,A,realtor_scraper,2026-08-25T06:32:09.056912+00:00
Paul Green,Paul,Green,green.paul@remax.net,(317) 355-8481,Compass,Baton Rouge,LA,1,3,1957703,LA226584,LA,3.6,70,C,realtor_scraper,2026-08-25T06:32:09.070749+00:00
Helen Allen,Helen,Allen,allen.helen@weichert.com,(856) 703-1250,Meritage Homes,San Francisco,CA,17,29,5813886,CA733800,CA,4.4,65,A,realtor_scraper,2026-08-25T06:32:09.058309+00:00
Jessica Collins,Jessica,Collins,jessicac@kw.com,(832) 415-7827,Century 21,Tucson,AZ,1,15,1667847,AZ837278,AZ,4.1,74,C,realtor_scraper,2026-08-25T06:32:09.071194+00:00
Maria Moore,Maria,Moore,mmoore@century21.com,(475) 469-8159,Taylor Morrison,Colorado Springs,CO,24,10,10838663,CO275391,CO,4.1,90,C,realtor_scraper,2026-08-25T06:32:09.069554+00:00
Sandra Allen,Sandra,Allen,allen.sandra@berkshirehathawayhs.com,(631) 245-3744,Sotheby's,Albuquerque,NM,0,36,3694372,NM276168,NM,4.9,89,C,realtor_scraper,2026-08-25T06:32:09.071081+00:00
Catherine Moore,Catherine,Moore,catherinem@yahoo.com,(442) 749-5525,NVR,Philadelphia,PA,3,23,10125636,PA902890,PA,4.2,70,A,realtor_scraper,2026-08-25T06:32:09.059476+00:00
Pamela Young,Pamela,Young,pamela.young@coldwellbanker.com,(475) 348-4622,United Real Estate,Baltimore,MD,4,31,6817851,MD833274,MD,4.2,89,B,realtor_scraper,2026-08-25T06:32:09.065580+00:00
Thomas Watson,Thomas,Watson,thomasw@compass.com,(510) 925-6532,Douglas Elliman,Salt Lake City,UT,1,21,6734965,UT541706,UT,4.2,67,B,realtor_scraper,2026-08-25T06:32:09.067007+00:00
Samuel Carter,Samuel,Carter,samuelc@berkshirehathawayhs.com,(972) 270-9209,United Real Estate,St. Louis,MO,11,19,14750910,MO888180,MO,3.9,99,B,realtor_scraper,2026-08-25T06:32:09.062642+00:00
Sharon Adams,Sharon,Adams,sharon.adams@redfin.com,(762) 630-8485,Taylor Morrison,San Jose,CA,6,35,9194674,CA976611,CA,4.4,70,B,realtor_scraper,2026-08-25T06:32:09.063523+00:00
Rachel Lee,Rachel,Lee,rachel.lee@compass.com,(518) 569-4572,KB Home,Louisville,KY,0,30,2686593,KY997346,KY,4.6,67,C,realtor_scraper,2026-08-25T06:32:09.071333+00:00
Emma Martinez,Emma,Martinez,emmam@elliman.com,(740) 432-8580,Pulte Homes,St. Louis,MO,0,45,12237577,MO500026,MO,3.7,100,B,realtor_scraper,2026-08-25T06:32:09.067161+00:00
Gregory Rodriguez,Gregory,Rodriguez,gregory57@realtor.com,(570) 837-2595,Ryan Homes,Denver,CO,10,44,6994747,CO135739,CO,3.6,76,A,realtor_scraper,2026-08-25T06:32:09.056285+00:00
David Cook,David,Cook,david.cook@hotmail.com,(434) 416-5196,Berkshire Hathaway,Charlotte,NC,1,10,10333477,NC379987,NC,4.8,70,A,realtor_scraper,2026-08-25T06:32:09.060854+00:00
Emily Hall,Emily,Hall,emily1@redfin.com,(619) 654-9962,CalAtlantic Homes,St. Louis,MO,23,32,4337499,MO667880,MO,4.3,88,B,realtor_scraper,2026-08-25T06:32:09.063073+00:00
Jonathan Perez,Jonathan,Perez,jonathan.perez@remax.net,(628) 848-9101,RE/MAX,Seattle,WA,3,11,10196431,WA901638,WA,3.7,77,A,realtor_scraper,2026-08-25T06:32:09.060367+00:00
Melissa Cooper,Melissa,Cooper,melissa14@remax.net,(952) 776-1096,HomeSmart,Salt Lake City,UT,1,33,5955717,UT396223,UT,3.6,95,B,realtor_scraper,2026-08-25T06:32:09.067584+00:00
Janet Nelson,Janet,Nelson,nelson.janet@realtor.com,(762) 687-7055,M/I Homes,Detroit,MI,1,24,5961311,MI901541,MI,3.6,94,B,realtor_scraper,2026-08-25T06:32:09.066385+00:00
David Robinson,David,Robinson,davidr@elliman.com,(757) 358-1770,Tri Pointe Homes,Miami,FL,0,46,2236001,FL287256,FL,4.7,79,A,realtor_scraper,2026-08-25T06:32:09.061404+00:00
Stephen Hughes,Stephen,Hughes,stephen.hughes@exprealty.com,(509) 631-5979,The Agency,Baton Rouge,LA,24,24,9692626,LA541370,LA,3.8,60,C,realtor_scraper,2026-08-25T06:32:09.068811+00:00
Jonathan Sanders,Jonathan,Sanders,jonathan8@sothebysrealty.com,(404) 360-1912,Zillow Premier,Atlanta,GA,18,11,1443056,GA797986,GA,3.5,94,A,realtor_scraper,2026-08-25T06:32:09.056524+00:00
Jennifer Green,Jennifer,Green,jgreen@compass.com,(520) 783-1595,Century 21,Milwaukee,WI,2,14,9623380,WI653744,WI,3.6,85,C,realtor_scraper,2026-08-25T06:32:09.070823+00:00
Jack James,Jack,James,jackj@outlook.com,(248) 524-9805,Pulte Homes,Las Vegas,NV,9,2,158465,NV111954,NV,3.6,49,A,realtor_scraper,2026-08-25T06:32:09.058687+00:00
Thomas Jones,Thomas,Jones,jones.thomas@century21.com,(539) 460-9125,Redfin,Indianapolis,IN,4,19,10555975,IN720705,IN,4.1,85,B,realtor_scraper,2026-08-25T06:32:09.065067+00:00
James Evans,James,Evans,evans.james@redfin.com,(445) 815-5588,Century Communities,Oklahoma City,OK,23,13,2236912,OK790693,OK,4.1,65,C,realtor_scraper,2026-08-25T06:32:09.068191+00:00
Rachel Kelly,Rachel,Kelly,rkelly@homesmart.com,(772) 884-3917,KB Home,San Jose,CA,24,25,13355661,CA966037,CA,4.7,91,B,realtor_scraper,2026-08-25T06:32:09.062182+00:00
Joshua Bailey,Joshua,Bailey,jbailey@coldwellbanker.com,(256) 218-1612,NVR,Boston,MA,1,16,2122640,MA283504,MA,4.2,60,A,realtor_scraper,2026-08-25T06:32:09.061018+00:00
Robert Cox,Robert,Cox,cox.robert@weichert.com,(702) 470-1975,Taylor Morrison,Austin,TX,0,25,13126149,TX645436,TX,3.5,100,A,realtor_scraper,2026-08-25T06:32:09.061307+00:00
Nicole Lopez,Nicole,Lopez,nicole.lopez@compass.com,(434) 259-4380,Zillow Premier,Boise,ID,22,19,14620485,ID148338,ID,3.7,72,C,realtor_scraper,2026-08-25T06:32:09.068435+00:00
Gary Richardson,Gary,Richardson,grichardson@berkshirehathawayhs.com,(430) 773-2983,Weichert,Colorado Springs,CO,10,44,10236760,CO882746,CO,3.8,89,C,realtor_scraper,2026-08-25T06:32:09.069303+00:00
Jacob Hernandez,Jacob,Hernandez,jacob53@berkshirehathawayhs.com,(781) 228-1621,Tri Pointe Homes,St. Louis,MO,10,25,11910786,MO222726,MO,3.8,85,B,realtor_scraper,2026-08-25T06:32:09.063537+00:00
Joseph Carter,Joseph,Carter,carter.joseph@coldwellbanker.com,(252) 880-1520,Century Communities,San Antonio,TX,5,9,1182066,TX329683,TX,4.2,67,B,realtor_scraper,2026-08-25T06:32:09.064889+00:00
Carol Flores,Carol,Flores,cflores@yahoo.com,(337) 664-6524,Keller Williams,Las Vegas,NV,1,20,14541134,NV838601,NV,4.8,99,A,realtor_scraper,2026-08-25T06:32:09.060772+00:00
Christine Harris,Christine,Harris,christineh@gmail.com,(779) 883-5048,Century Communities,San Antonio,TX,9,10,12537181,TX907330,TX,3.9,80,B,realtor_scraper,2026-08-25T06:32:09.063302+00:00
Thomas Watson,Thomas,Watson,twatson@coldwellbanker.com,(601) 623-7520,CalAtlantic Homes,Louisville,KY,19,13,1649171,KY385358,KY,4.5,90,C,realtor_scraper,2026-08-25T06:32:09.067600+00:00
Anthony Howard,Anthony,Howard,anthony60@compass.com,(401) 379-6997,Compass,Cincinnati,OH,5,39,1672625,OH162370,OH,4.5,75,B,realtor_scraper,2026-08-25T06:32:09.065503+00:00
Richard Diaz,Richard,Diaz,richardd@realtor.com,(941) 908-5644,Meritage Homes,Milwaukee,WI,10,36,13971634,WI598902,WI,4.3,93,C,realtor_scraper,2026-08-25T06:32:09.069284+00:00
Charles Wright,Charles,Wright,wright.charles@realtor.com,(225) 681-3383,Century 21,St. Louis,MO,3,11,13222845,MO793873,MO,4.4,87,B,realtor_scraper,2026-08-25T06:32:09.065701+00:00
Brandon Price,Brandon,Price,brandon.price@gmail.com,(812) 411-9401,Douglas Elliman,San Diego,CA,11,37,12770314,CA750264,CA,4.1,73,A,realtor_scraper,2026-08-25T06:32:09.057117+00:00
Rebecca Martinez,Rebecca,Martinez,rebecca.martinez@sothebysrealty.com,(859) 825-2793,Ryan Homes,Tampa,FL,4,13,1458399,FL582566,FL,4.5,62,A,realtor_scraper,2026-08-25T06:32:09.058856+00:00
Helen Rodriguez,Helen,Rodriguez,hrodriguez@century21.com,(478) 486-1041,LGI Homes,Tampa,FL,22,24,8158227,FL523108,FL,5.0,61,A,realtor_scraper,2026-08-25T06:32:09.057338+00:00
Charles Stewart,Charles,Stewart,charles.stewart@realtor.com,(714) 951-8416,Realty One Group,Columbus,OH,3,16,6560176,OH712577,OH,4.4,92,B,realtor_scraper,2026-08-25T06:32:09.065638+00:00
Frank Gomez,Frank,Gomez,frank21@kw.com,(401) 769-6970,Berkshire Hathaway,Kansas City,MO,0,15,3271032,MO491544,MO,4.0,66,B,realtor_scraper,2026-08-25T06:32:09.066198+00:00
Anna Ramirez,Anna,Ramirez,ramirez.anna@yahoo.com,(727) 657-4058,CalAtlantic Homes,Portland,OR,5,22,10971925,OR418839,OR,4.2,82,B,realtor_scraper,2026-08-25T06:32:09.065407+00:00
Kimberly Ruiz,Kimberly,Ruiz,ruiz.kimberly@realtor.com,(229) 408-2041,Keller Williams,Cleveland,OH,1,45,14152935,OH582819,OH,4.4,100,B,realtor_scraper,2026-08-25T06:32:09.066590+00:00
Kimberly Cox,Kimberly,Cox,kimberly12@homesmart.com,(480) 471-9872,Zillow Premier,Austin,TX,23,36,12985427,TX478896,TX,4.5,99,A,realtor_scraper,2026-08-25T06:32:09.057719+00:00
Kevin Murphy,Kevin,Murphy,kevin36@remax.net,(346) 924-4332,LGI Homes,Philadelphia,PA,10,39,14224536,PA110783,PA,4.5,95,A,realtor_scraper,2026-08-25T06:32:09.056068+00:00
Patrick Richardson,Patrick,Richardson,patrickr@remax.net,(701) 566-7178,Pulte Homes,Baton Rouge,LA,4,4,25011,LA607431,LA,4.1,67,C,realtor_scraper,2026-08-25T06:32:09.070282+00:00
Larry Robinson,Larry,Robinson,robinson.larry@redfin.com,(567) 735-3300,Lennar,St. Louis,MO,22,9,1890199,MO404592,MO,4.7,66,B,realtor_scraper,2026-08-25T06:32:09.063948+00:00
Frank Kelly,Frank,Kelly,frank.kelly@hotmail.com,(817) 344-5731,Zillow Premier,St. Louis,MO,13,9,1896865,MO336851,MO,3.9,72,B,realtor_scraper,2026-08-25T06:32:09.062534+00:00
Justin Scott,Justin,Scott,justins@remax.net,(417) 229-8018,ERA,Jacksonville,FL,20,11,983690,FL444588,FL,4.7,85,B,realtor_scraper,2026-08-25T06:32:09.063030+00:00
Paul Clark,Paul,Clark,paul39@hotmail.com,(539) 953-7104,M/I Homes,New York,NY,10,39,5941186,NY844088,NY,4.5,92,A,realtor_scraper,2026-08-25T06:32:09.055602+00:00
Patrick Parker,Patrick,Parker,patrickp@elliman.com,(989) 860-4379,Century 21,Riverside,CA,10,49,4074664,CA670961,CA,3.7,89,B,realtor_scraper,2026-08-25T06:32:09.062833+00:00
Mary Walker,Mary,Walker,mwalker@hotmail.com,(980) 571-9820,M/I Homes,Columbus,OH,15,46,10555822,OH423342,OH,4.5,71,B,realtor_scraper,2026-08-25T06:32:09.064214+00:00
Ashley Turner,Ashley,Turner,turner.ashley@berkshirehathawayhs.com,(872) 575-1240,KB Home,Colorado Springs,CO,3,8,1496081,CO945107,CO,4.8,61,C,realtor_scraper,2026-08-25T06:32:09.070102+00:00
Jack Cook,Jack,Cook,cook.jack@homesmart.com,(646) 940-7337,Keller Williams,Cincinnati,OH,21,14,1895996,OH707590,OH,3.7,95,B,realtor_scraper,2026-08-25T06:32:09.063446+00:00
Emily Taylor,Emily,Taylor,emily.taylor@gmail.com,(801) 225-2670,Taylor Morrison,Minneapolis,MN,5,13,9242311,MN370396,MN,3.6,76,B,realtor_scraper,2026-08-25T06:32:09.065127+00:00
Jeffrey Flores,Jeffrey,Flores,jeffreyf@elliman.com,(606) 604-9580,KB Home,San Diego,CA,3,11,13890193,CA300866,CA,4.7,100,A,realtor_scraper,2026-08-25T06:32:09.059616+00:00
Larry Roberts,Larry,Roberts,larryr@compass.com,(857) 628-5292,Meritage Homes,Boston,MA,15,21,13687420,MA436567,MA,4.0,94,A,realtor_scraper,2026-08-25T06:32:09.057691+00:00
Jessica Parker,Jessica,Parker,jessica31@outlook.com,(563) 504-8783,Vylla Home,Denver,CO,3,18,14724131,CO459079,CO,4.4,72,A,realtor_scraper,2026-08-25T06:32:09.059380+00:00
Katherine Diaz,Katherine,Diaz,diaz.katherine@century21.com,(561) 477-4510,KB Home,Dallas-Fort Worth,TX,1,24,10313657,TX544327,TX,4.7,100,A,realtor_scraper,2026-08-25T06:32:09.061242+00:00
Rachel Kim,Rachel,Kim,rachel90@yahoo.com,(385) 646-1697,Berkshire Hathaway,Cleveland,OH,0,19,12836430,OH720836,OH,4.3,98,B,realtor_scraper,2026-08-25T06:32:09.066276+00:00
Gregory Cox,Gregory,Cox,gregoryc@outlook.com,(949) 867-7540,Lennar,Raleigh,NC,20,29,5739167,NC218418,NC,3.8,88,B,realtor_scraper,2026-08-25T06:32:09.062732+00:00
Mary Diaz,Mary,Diaz,diaz.mary@elliman.com,(769) 488-6185,Toll Brothers,Minneapolis,MN,5,48,12776492,MN923699,MN,3.7,86,B,realtor_scraper,2026-08-25T06:32:09.065457+00:00
Stephanie Thompson,Stephanie,Thompson,stephaniet@yahoo.com,(828) 269-8256,Toll Brothers,New Orleans,LA,5,19,8299423,LA956801,LA,3.7,86,C,realtor_scraper,2026-08-25T06:32:09.069869+00:00
Benjamin Torres,Benjamin,Torres,torres.benjamin@coldwellbanker.com,(843) 303-7607,Better Homes & Gardens,Minneapolis,MN,24,40,13494468,MN605221,MN,3.6,90,B,realtor_scraper,2026-08-25T06:32:09.062243+00:00
Shirley Murphy,Shirley,Murphy,shirley99@weichert.com,(425) 395-3449,Zillow Premier,Chicago,IL,5,4,1947580,IL211332,IL,4.2,73,A,realtor_scraper,2026-08-25T06:32:09.060100+00:00
Kevin Nguyen,Kevin,Nguyen,knguyen@realtor.com,(319) 806-9481,Weichert,Richmond,VA,0,27,11675713,VA339746,VA,4.8,71,C,realtor_scraper,2026-08-25T06:32:09.070639+00:00
Timothy Perez,Timothy,Perez,timothy.perez@sothebysrealty.com,(952) 787-5553,Sotheby's,Cincinnati,OH,11,10,10357039,OH493634,OH,4.4,100,B,realtor_scraper,2026-08-25T06:32:09.064742+00:00
Deborah Hughes,Deborah,Hughes,hughes.deborah@realtor.com,(937) 615-6650,United Real Estate,Albuquerque,NM,3,18,12137487,NM153941,NM,4.5,97,C,realtor_scraper,2026-08-25T06:32:09.070226+00:00
Richard Cooper,Richard,Cooper,rcooper@hotmail.com,(505) 285-9998,Toll Brothers,Miami,FL,0,25,11613360,FL124390,FL,4.1,76,A,realtor_scraper,2026-08-25T06:32:09.061496+00:00
Michael Murphy,Michael,Murphy,mmurphy@outlook.com,(928) 220-6009,NVR,Orlando,FL,2,46,4268820,FL149222,FL,5.0,71,A,realtor_scraper,2026-08-25T06:32:09.060399+00:00
Nicole Garcia,Nicole,Garcia,nicoleg@elliman.com,(757) 965-7291,Redfin,San Diego,CA,1,2,218733,CA469549,CA,3.8,55,A,realtor_scraper,2026-08-25T06:32:09.060596+00:00
Michelle Mitchell,Michelle,Mitchell,mitchell.michelle@realtor.com,(605) 242-7844,Lennar,Austin,TX,2,14,7901939,TX582046,TX,3.9,83,A,realtor_scraper,2026-08-25T06:32:09.061787+00:00
Donna Lopez,Donna,Lopez,donna.lopez@century21.com,(220) 727-2633,Ryan Homes,Baltimore,MD,6,10,6979424,MD182185,MD,4.6,86,B,realtor_scraper,2026-08-25T06:32:09.064515+00:00
Donna Garcia,Donna,Garcia,donna22@berkshirehathawayhs.com,(681) 639-1427,Beazer Homes,Phoenix,AZ,11,42,10774793,AZ726443,AZ,4.5,74,A,realtor_scraper,2026-08-25T06:32:09.058156+00:00
Patricia White,Patricia,White,pwhite@coldwellbanker.com,(479) 992-7788,The Agency,Kansas City,MO,13,42,12568245,MO534534,MO,4.3,100,B,realtor_scraper,2026-08-25T06:32:09.063362+00:00
Patrick Walker,Patrick,Walker,patrick73@kw.com,(313) 264-1388,Vylla Home,Portland,OR,2,35,9654595,OR540669,OR,4.3,94,B,realtor_scraper,2026-08-25T06:32:09.066960+00:00
Samantha Watson,Samantha,Watson,swatson@compass.com,(346) 677-8873,Weichert,Tampa,FL,3,12,4912794,FL196029,FL,4.2,71,A,realtor_scraper,2026-08-25T06:32:09.058998+00:00
Edward Cook,Edward,Cook,cook.edward@coldwellbanker.com,(252) 649-5507,Meritage Homes,San Francisco,CA,0,26,13700062,CA334266,CA,4.5,100,A,realtor_scraper,2026-08-25T06:32:09.061772+00:00
Emma Collins,Emma,Collins,emma28@homesmart.com,(657) 947-8081,Sotheby's,Jacksonville,FL,24,4,233131,FL411984,FL,3.9,78,B,realtor_scraper,2026-08-25T06:32:09.062974+00:00
Daniel Harris,Daniel,Harris,daniel64@hotmail.com,(912) 377-7670,Century Communities,Detroit,MI,1,1,457181,MI660547,MI,4.7,58,B,realtor_scraper,2026-08-25T06:32:09.066370+00:00
Diane Sanchez,Diane,Sanchez,diane.sanchez@weichert.com,(772) 670-6919,Lennar,Seattle,WA,24,37,2524736,WA907372,WA,4.3,82,A,realtor_scraper,2026-08-25T06:32:09.056711+00:00
Daniel Martin,Daniel,Martin,danielm@compass.com,(843) 471-2439,Vylla Home,Tampa,FL,18,32,3596939,FL206031,FL,4.0,68,A,realtor_scraper,2026-08-25T06:32:09.058423+00:00
Sandra Edwards,Sandra,Edwards,sandra56@realtor.com,(248) 951-9266,Tri Pointe Homes,Chicago,IL,24,19,2880504,IL698974,IL,4.6,65,A,realtor_scraper,2026-08-25T06:32:09.055911+00:00
Brenda Martin,Brenda,Martin,brenda76@redfin.com,(331) 759-1905,Ryan Homes,Denver,CO,23,40,11733256,CO101982,CO,4.9,92,A,realtor_scraper,2026-08-25T06:32:09.057072+00:00
Christopher Reed,Christopher,Reed,christopher.reed@weichert.com,(913) 941-7312,Vylla Home,Tampa,FL,1,13,14023194,FL557718,FL,4.9,92,A,realtor_scraper,2026-08-25T06:32:09.061677+00:00
Lisa Martin,Lisa,Martin,lisa99@homesmart.com,(919) 241-5662,NVR,Dallas-Fort Worth,TX,16,50,3100436,TX285267,TX,3.7,77,A,realtor_scraper,2026-08-25T06:32:09.056944+00:00
Larry Mendoza,Larry,Mendoza,larrym@kw.com,(215) 462-2153,LGI Homes,San Jose,CA,3,49,12190560,CA715570,CA,4.2,95,B,realtor_scraper,2026-08-25T06:32:09.065553+00:00
Samantha Miller,Samantha,Miller,samantha.miller@realtyonegroup.com,(804) 257-9127,Century 21,Baltimore,MD,7,34,2951039,MD657618,MD,4.0,78,B,realtor_scraper,2026-08-25T06:32:09.063855+00:00
Michelle Ward,Michelle,Ward,michellew@outlook.com,(906) 201-9461,Keller Williams,Riverside,CA,16,45,8900780,CA299201,CA,4.9,63,B,realtor_scraper,2026-08-25T06:32:09.062701+00:00
Tyler Harris,Tyler,Harris,tyler33@yahoo.com,(504) 759-4932,Berkshire Hathaway,Miami,FL,5,8,981932,FL512041,FL,3.9,91,A,realtor_scraper,2026-08-25T06:32:09.059898+00:00
Anna Rivera,Anna,Rivera,rivera.anna@berkshirehathawayhs.com,(274) 951-4189,RE/MAX,Baltimore,MD,5,18,9369042,MD597551,MD,3.6,93,B,realtor_scraper,2026-08-25T06:32:09.065026+00:00
Patrick Bailey,Patrick,Bailey,patrick20@weichert.com,(252) 348-3384,Century 21,Raleigh,NC,2,44,11200478,NC378196,NC,4.3,79,B,realtor_scraper,2026-08-25T06:32:09.066511+00:00
James Bennett,James,Bennett,bennett.james@elliman.com,(712) 426-1469,Taylor Morrison,Seattle,WA,4,40,10641617,WA559330,WA,4.0,100,A,realtor_scraper,2026-08-25T06:32:09.060179+00:00
Gregory Martinez,Gregory,Martinez,gregorym@kw.com,(805) 285-7640,The Agency,San Jose,CA,17,42,14291399,CA485012,CA,4.1,86,B,realtor_scraper,2026-08-25T06:32:09.062286+00:00
Janet White,Janet,White,white.janet@outlook.com,(951) 662-3876,Keller Williams,Dallas-Fort Worth,TX,6,34,7889215,TX105990,TX,4.1,63,A,realtor_scraper,2026-08-25T06:32:09.055925+00:00
Paul Martin,Paul,Martin,paul.martin@elliman.com,(814) 223-8639,Coldwell Banker,New York,NY,7,23,4882436,NY752156,NY,3.7,86,A,realtor_scraper,2026-08-25T06:32:09.056741+00:00
Justin Johnson,Justin,Johnson,justinj@redfin.com,(734) 994-9407,ERA,San Jose,CA,5,48,14274496,CA215931,CA,3.8,96,B,realtor_scraper,2026-08-25T06:32:09.066086+00:00
Debra Hall,Debra,Hall,debra.hall@sothebysrealty.com,(228) 455-3577,Nest Seekers,Philadelphia,PA,0,31,2907564,PA311676,PA,4.3,87,A,realtor_scraper,2026-08-25T06:32:09.061389+00:00
Brandon Nelson,Brandon,Nelson,nelson.brandon@coldwellbanker.com,(979) 775-7097,D.R. Horton,St. Louis,MO,4,47,1565427,MO531268,MO,4.5,64,B,realtor_scraper,2026-08-25T06:32:09.065378+00:00
William Castillo,William,Castillo,castillo.william@compass.com,(985) 456-6304,Sotheby's,Tucson,AZ,21,40,11953847,AZ267324,AZ,4.7,100,C,realtor_scraper,2026-08-25T06:32:09.067722+00:00
Robert Allen,Robert,Allen,robert.allen@gmail.com,(814) 397-2502,Zillow Premier,Portland,OR,2,21,9675021,OR688172,OR,4.7,67,B,realtor_scraper,2026-08-25T06:32:09.066641+00:00
Robert Taylor,Robert,Taylor,taylor.robert@hotmail.com,(979) 608-1026,Sotheby's,Salt Lake City,UT,12,28,11862305,UT261470,UT,4.2,75,B,realtor_scraper,2026-08-25T06:32:09.063681+00:00
Ryan Jones,Ryan,Jones,ryan.jones@realtyonegroup.com,(903) 332-6223,Nest Seekers,Minneapolis,MN,2,37,8881429,MN837540,MN,3.9,64,B,realtor_scraper,2026-08-25T06:32:09.066758+00:00
William Flores,William,Flores,flores.william@yahoo.com,(539) 392-3294,CalAtlantic Homes,Orlando,FL,25,30,7181318,FL877282,FL,4.9,78,A,realtor_scraper,2026-08-25T06:32:09.058730+00:00
Rebecca Flores,Rebecca,Flores,rflores@compass.com,(203) 961-4102,Weichert,Baltimore,MD,0,42,2734198,MD706737,MD,4.5,78,B,realtor_scraper,2026-08-25T06:32:09.067382+00:00
Alexander Howard,Alexander,Howard,ahoward@coldwellbanker.com,(772) 691-3726,Century 21,Indianapolis,IN,9,42,10397650,IN865723,IN,4.3,84,B,realtor_scraper,2026-08-25T06:32:09.062802+00:00
Sharon Stewart,Sharon,Stewart,sstewart@sothebysrealty.com,(201) 460-9220,Nest Seekers,Philadelphia,PA,20,43,13184210,PA759227,PA,4.6,84,A,realtor_scraper,2026-08-25T06:32:09.056357+00:00
Deborah Campbell,Deborah,Campbell,deborah67@hotmail.com,(707) 258-8364,M/I Homes,Richmond,VA,11,48,2519646,VA985952,VA,3.7,92,C,realtor_scraper,2026-08-25T06:32:09.067785+00:00
Rachel Ruiz,Rachel,Ruiz,rruiz@gmail.com,(347) 671-8458,Toll Brothers,Tampa,FL,22,19,8256781,FL889744,FL,3.9,71,A,realtor_scraper,2026-08-25T06:32:09.057812+00:00
Richard Cox,Richard,Cox,richardc@gmail.com,(212) 410-3758,Realty One Group,Dallas-Fort Worth,TX,2,49,13626474,TX444614,TX,4.9,91,A,realtor_scraper,2026-08-25T06:32:09.061633+00:00
Justin Richardson,Justin,Richardson,richardson.justin@berkshirehathawayhs.com,(380) 562-2315,United Real Estate,Salt Lake City,UT,3,9,1533821,UT849427,UT,4.6,63,B,realtor_scraper,2026-08-25T06:32:09.064998+00:00
Dennis Lewis,Dennis,Lewis,dennisl@century21.com,(703) 244-6716,eXp Realty,San Jose,CA,22,24,1950668,CA893184,CA,3.5,79,B,realtor_scraper,2026-08-25T06:32:09.063930+00:00
Paul Flores,Paul,Flores,paulf@hotmail.com,(272) 327-6671,Realty One Group,Salt Lake City,UT,1,31,4035334,UT740279,UT,4.3,77,B,realtor_scraper,2026-08-25T06:32:09.066473+00:00
Matthew Smith,Matthew,Smith,matthew66@redfin.com,(830) 340-8838,Weichert,Richmond,VA,9,0,50391,VA874286,VA,0.0,71,C,realtor_scraper,2026-08-25T06:32:09.068841+00:00
Mark Harris,Mark,Harris,mharris@hotmail.com,(440) 536-9407,Zillow Premier,Miami,FL,0,15,1902021,FL171137,FL,4.6,94,A,realtor_scraper,2026-08-25T06:32:09.061256+00:00
David Edwards,David,Edwards,david.edwards@realtyonegroup.com,(913) 851-9857,Nest Seekers,Baltimore,MD,0,22,10510132,MD663705,MD,5.0,100,B,realtor_scraper,2026-08-25T06:32:09.066321+00:00
Anthony Howard,Anthony,Howard,howard.anthony@hotmail.com,(956) 779-8171,Nest Seekers,Cincinnati,OH,18,39,2388843,OH924045,OH,3.8,81,B,realtor_scraper,2026-08-25T06:32:09.064430+00:00
Betty Myers,Betty,Myers,betty.myers@yahoo.com,(657) 942-7863,Tri Pointe Homes,Boston,MA,5,38,10362836,MA312217,MA,3.7,79,A,realtor_scraper,2026-08-25T06:32:09.059545+00:00
Amy Brooks,Amy,Brooks,amy83@kw.com,(832) 616-3647,eXp Realty,Dallas-Fort Worth,TX,2,25,11282315,TX863872,TX,3.7,75,A,realtor_scraper,2026-08-25T06:32:09.060752+00:00
Carol Ortiz,Carol,Ortiz,carolo@coldwellbanker.com,(364) 445-4010,Taylor Morrison,Charlotte,NC,4,22,2311534,NC730964,NC,4.7,88,A,realtor_scraper,2026-08-25T06:32:09.060020+00:00
Carol Long,Carol,Long,caroll@homesmart.com,(316) 781-9644,Coldwell Banker,Memphis,TN,2,12,13008709,TN272620,TN,4.7,92,C,realtor_scraper,2026-08-25T06:32:09.071029+00:00
Brian Gomez,Brian,Gomez,gomez.brian@outlook.com,(469) 951-4572,HomeSmart,Detroit,MI,12,34,9825103,MI847465,MI,4.4,66,B,realtor_scraper,2026-08-25T06:32:09.064113+00:00
Larry Perez,Larry,Perez,larry.perez@compass.com,(307) 396-6540,Meritage Homes,Albuquerque,NM,0,47,8267065,NM763915,NM,4.1,78,C,realtor_scraper,2026-08-25T06:32:09.070791+00:00
Barbara Campbell,Barbara,Campbell,barbara92@hotmail.com,(681) 981-5477,Zillow Premier,Virginia Beach,VA,0,14,4761169,VA793238,VA,4.8,76,C,realtor_scraper,2026-08-25T06:32:09.070625+00:00
Kenneth Ward,Kenneth,Ward,kenneth89@kw.com,(660) 336-5808,Tri Pointe Homes,San Diego,CA,3,19,11073271,CA256150,CA,4.1,87,A,realtor_scraper,2026-08-25T06:32:09.058916+00:00
Stephen Hill,Stephen,Hill,stephen37@weichert.com,(937) 325-6879,United Real Estate,Detroit,MI,6,15,6298914,MI379044,MI,3.6,60,B,realtor_scraper,2026-08-25T06:32:09.063177+00:00
Jack Ward,Jack,Ward,ward.jack@remax.net,(509) 462-2941,M/I Homes,Virginia Beach,VA,25,47,4187062,VA740915,VA,3.6,65,C,realtor_scraper,2026-08-25T06:32:09.069525+00:00
Cynthia Reed,Cynthia,Reed,cynthia71@hotmail.com,(478) 385-1236,Beazer Homes,Columbus,OH,0,49,4925246,OH412888,OH,4.4,62,B,realtor_scraper,2026-08-25T06:32:09.066292+00:00
Jack Davis,Jack,Davis,jackd@homesmart.com,(240) 951-4226,Douglas Elliman,Dallas-Fort Worth,TX,2,21,14937034,TX933073,TX,3.8,85,A,realtor_scraper,2026-08-25T06:32:09.060659+00:00
Jessica Myers,Jessica,Myers,jessica.myers@coldwellbanker.com,(214) 923-3923,Keller Williams,Detroit,MI,4,38,9197289,MI353243,MI,4.3,86,B,realtor_scraper,2026-08-25T06:32:09.065184+00:00
Brandon Garcia,Brandon,Garcia,brandon.garcia@century21.com,(302) 502-8112,Better Homes & Gardens,Boise,ID,24,21,12073435,ID215114,ID,4.9,91,C,realtor_scraper,2026-08-25T06:32:09.068059+00:00
Samantha Wilson,Samantha,Wilson,wilson.samantha@century21.com,(215) 911-9843,Pulte Homes,Boise,ID,4,50,14847282,ID665746,ID,4.2,100,C,realtor_scraper,2026-08-25T06:32:09.069826+00:00
Tyler Young,Tyler,Young,tyler.young@outlook.com,(440) 688-8659,Berkshire Hathaway,Virginia Beach,VA,3,49,2042206,VA246989,VA,4.2,77,C,realtor_scraper,2026-08-25T06:32:09.070521+00:00
Elizabeth Allen,Elizabeth,Allen,allen.elizabeth@elliman.com,(626) 950-5037,ERA,Chicago,IL,24,37,10619649,IL611126,IL,3.6,100,A,realtor_scraper,2026-08-25T06:32:09.056497+00:00
Raymond Cox,Raymond,Cox,cox.raymond@sothebysrealty.com,(646) 346-2664,KB Home,Chicago,IL,14,45,2857707,IL560827,IL,3.5,83,A,realtor_scraper,2026-08-25T06:32:09.055739+00:00
Gary Gutierrez,Gary,Gutierrez,ggutierrez@coldwellbanker.com,(706) 372-8106,LGI Homes,Albuquerque,NM,7,38,14359360,NM430975,NM,4.6,100,C,realtor_scraper,2026-08-25T06:32:09.068149+00:00
Stephen Wright,Stephen,Wright,swright@exprealty.com,(410) 519-5373,Tri Pointe Homes,Chicago,IL,5,21,4818706,IL468991,IL,4.6,68,A,realtor_scraper,2026-08-25T06:32:09.059761+00:00
Thomas Peterson,Thomas,Peterson,thomasp@hotmail.com,(747) 453-4904,Vylla Home,Milwaukee,WI,1,23,14826471,WI964150,WI,3.8,81,C,realtor_scraper,2026-08-25T06:32:09.070806+00:00
Stephen Watson,Stephen,Watson,watson.stephen@compass.com,(251) 830-6896,Douglas Elliman,Tampa,FL,21,19,13616179,FL540315,FL,3.7,75,A,realtor_scraper,2026-08-25T06:32:09.057673+00:00
Samuel Carter,Samuel,Carter,samuelc@hotmail.com,(805) 346-4703,Ryan Homes,Kansas City,MO,10,0,473508,MO344733,MO,0.0,46,B,realtor_scraper,2026-08-25T06:32:09.062655+00:00
Carol Turner,Carol,Turner,carol84@hotmail.com,(706) 497-4856,Sotheby's,Baton Rouge,LA,2,46,7780991,LA409071,LA,4.4,60,C,realtor_scraper,2026-08-25T06:32:09.071241+00:00
Ashley Mendoza,Ashley,Mendoza,mendoza.ashley@compass.com,(570) 324-2016,CalAtlantic Homes,Albuquerque,NM,12,34,6828681,NM102538,NM,4.7,70,C,realtor_scraper,2026-08-25T06:32:09.069506+00:00
William Richardson,William,Richardson,william34@outlook.com,(831) 976-4668,Century Communities,Detroit,MI,2,26,11196772,MI386985,MI,3.9,76,B,realtor_scraper,2026-08-25T06:32:09.067454+00:00
Jeffrey Evans,Jeffrey,Evans,evans.jeffrey@exprealty.com,(414) 252-3128,M/I Homes,New York,NY,12,12,13116067,NY707085,NY,4.0,82,A,realtor_scraper,2026-08-25T06:32:09.057960+00:00
Sandra Howard,Sandra,Howard,showard@weichert.com,(518) 302-6834,M/I Homes,Richmond,VA,0,18,6494771,VA537148,VA,4.4,95,C,realtor_scraper,2026-08-25T06:32:09.070971+00:00
Diane Baker,Diane,Baker,dianeb@hotmail.com,(346) 846-8432,The Agency,Virginia Beach,VA,0,0,261298,VA388378,VA,0.0,44,C,realtor_scraper,2026-08-25T06:32:09.071270+00:00
Michelle Howard,Michelle,Howard,michelle.howard@weichert.com,(857) 725-5561,Weichert,St. Louis,MO,22,50,7692051,MO590926,MO,4.7,77,B,realtor_scraper,2026-08-25T06:32:09.064500+00:00
Michael Johnson,Michael,Johnson,michael.johnson@century21.com,(971) 541-3501,Beazer Homes,Los Angeles,CA,2,3,588998,CA784045,CA,3.7,79,A,realtor_scraper,2026-08-25T06:32:09.060415+00:00
James Anderson,James,Anderson,jamesa@hotmail.com,(351) 532-3045,Century Communities,Chicago,IL,21,18,8565304,IL190783,IL,4.1,82,A,realtor_scraper,2026-08-25T06:32:09.056840+00:00
Emma Kim,Emma,Kim,emma.kim@hotmail.com,(573) 839-9090,LGI Homes,Los Angeles,CA,23,11,1733864,CA842729,CA,3.6,72,A,realtor_scraper,2026-08-25T06:32:09.058234+00:00
Brian Gutierrez,Brian,Gutierrez,gutierrez.brian@kw.com,(419) 482-8758,Douglas Elliman,San Antonio,TX,5,31,7824861,TX536727,TX,3.8,90,B,realtor_scraper,2026-08-25T06:32:09.065777+00:00
Brandon Walker,Brandon,Walker,brandon.walker@yahoo.com,(405) 462-8308,Pulte Homes,Chicago,IL,19,30,2525560,IL613636,IL,4.7,72,A,realtor_scraper,2026-08-25T06:32:09.056484+00:00
Frank Price,Frank,Price,price.frank@elliman.com,(845) 405-8379,The Agency,Minneapolis,MN,1,18,1795489,MN834658,MN,4.2,87,B,realtor_scraper,2026-08-25T06:32:09.066213+00:00
Mark Cooper,Mark,Cooper,mcooper@century21.com,(572) 719-2187,Meritage Homes,Atlanta,GA,25,15,1753987,GA176182,GA,4.6,69,A,realtor_scraper,2026-08-25T06:32:09.056302+00:00
Jason Sanchez,Jason,Sanchez,jason4@redfin.com,(801) 312-5433,CalAtlantic Homes,Miami,FL,4,30,10195862,FL199222,FL,4.4,93,A,realtor_scraper,2026-08-25T06:32:09.060193+00:00
Jack Alvarez,Jack,Alvarez,alvarez.jack@hotmail.com,(781) 411-5941,The Agency,New Orleans,LA,5,11,5355730,LA199430,LA,4.6,88,C,realtor_scraper,2026-08-25T06:32:09.069797+00:00
Kevin Cruz,Kevin,Cruz,kevinc@redfin.com,(970) 434-4454,M/I Homes,Philadelphia,PA,6,0,380792,PA222552,PA,0.0,63,A,realtor_scraper,2026-08-25T06:32:09.056792+00:00
Larry Jones,Larry,Jones,ljones@kw.com,(805) 935-8321,Realty One Group,Austin,TX,9,25,9837196,TX177963,TX,3.6,84,A,realtor_scraper,2026-08-25T06:32:09.055709+00:00
Kathleen Wright,Kathleen,Wright,wright.kathleen@yahoo.com,(947) 847-5916,Zillow Premier,San Antonio,TX,4,26,9797269,TX415923,TX,5.0,85,B,realtor_scraper,2026-08-25T06:32:09.065653+00:00
Linda Perez,Linda,Perez,linda16@sothebysrealty.com,(339) 815-2364,Beazer Homes,Albuquerque,NM,17,14,8099850,NM199725,NM,4.8,74,C,realtor_scraper,2026-08-25T06:32:09.068875+00:00
Scott Collins,Scott,Collins,scott.collins@hotmail.com,(336) 979-7442,D.R. Horton,Boston,MA,4,37,7540947,MA886535,MA,3.7,62,A,realtor_scraper,2026-08-25T06:32:09.060006+00:00
Nicholas Hall,Nicholas,Hall,nicholas.hall@gmail.com,(617) 688-7165,KB Home,Cincinnati,OH,6,19,12200174,OH618624,OH,4.0,89,B,realtor_scraper,2026-08-25T06:32:09.064094+00:00
Diane Cruz,Diane,Cruz,cruz.diane@exprealty.com,(662) 510-6705,Coldwell Banker,Minneapolis,MN,2,49,12564554,MN123498,MN,4.1,73,B,realtor_scraper,2026-08-25T06:32:09.066946+00:00
Christine Anderson,Christine,Anderson,canderson@weichert.com,(517) 692-2693,Meritage Homes,St. Louis,MO,11,41,7133708,MO941692,MO,3.8,78,B,realtor_scraper,2026-08-25T06:32:09.062196+00:00
Susan Rodriguez,Susan,Rodriguez,susanr@berkshirehathawayhs.com,(407) 538-1493,HomeSmart,New Orleans,LA,21,44,4615161,LA797637,LA,5.0,76,C,realtor_scraper,2026-08-25T06:32:09.068036+00:00
Rebecca Smith,Rebecca,Smith,smith.rebecca@yahoo.com,(812) 610-7543,Beazer Homes,Oklahoma City,OK,13,8,556532,OK934891,OK,4.7,88,C,realtor_scraper,2026-08-25T06:32:09.068905+00:00
Jerry Ramirez,Jerry,Ramirez,jerry.ramirez@hotmail.com,(970) 836-5388,Redfin,Richmond,VA,24,6,1515955,VA826647,VA,3.9,78,C,realtor_scraper,2026-08-25T06:32:09.068116+00:00
Sharon Davis,Sharon,Davis,sdavis@yahoo.com,(331) 742-5360,Compass,Indianapolis,IN,3,45,13856393,IN650724,IN,4.7,97,B,realtor_scraper,2026-08-25T06:32:09.065927+00:00
Melissa Stewart,Melissa,Stewart,melissa.stewart@berkshirehathawayhs.com,(301) 734-4353,Beazer Homes,Milwaukee,WI,2,12,7450611,WI310800,WI,4.0,83,C,realtor_scraper,2026-08-25T06:32:09.070880+00:00
Jack Ortiz,Jack,Ortiz,jortiz@elliman.com,(830) 993-6027,Ryan Homes,Milwaukee,WI,3,26,11477941,WI582887,WI,4.3,79,C,realtor_scraper,2026-08-25T06:32:09.070179+00:00
Jeffrey Ortiz,Jeffrey,Ortiz,jeffreyo@realtyonegroup.com,(917) 327-1140,Zillow Premier,San Diego,CA,3,10,817216,CA447589,CA,4.1,83,A,realtor_scraper,2026-08-25T06:32:09.059601+00:00
Joshua Rodriguez,Joshua,Rodriguez,joshua.rodriguez@outlook.com,(503) 807-4325,Pulte Homes,Charlotte,NC,0,8,1425395,NC181987,NC,4.0,70,A,realtor_scraper,2026-08-25T06:32:09.061478+00:00
Sandra Chavez,Sandra,Chavez,sandra.chavez@compass.com,(207) 318-1685,Taylor Morrison,Nashville,TN,16,36,3607796,TN342761,TN,4.4,86,A,realtor_scraper,2026-08-25T06:32:09.057304+00:00
Melissa Brown,Melissa,Brown,melissa64@compass.com,(201) 363-1416,Nest Seekers,Cleveland,OH,13,50,4761859,OH246622,OH,4.3,95,B,realtor_scraper,2026-08-25T06:32:09.062417+00:00
Joseph Collins,Joseph,Collins,joseph85@homesmart.com,(641) 584-7506,KB Home,Denver,CO,21,16,14867429,CO523049,CO,3.7,76,A,realtor_scraper,2026-08-25T06:32:09.056639+00:00
Kenneth Lopez,Kenneth,Lopez,kenneth.lopez@realtyonegroup.com,(364) 898-6512,Beazer Homes,Nashville,TN,1,43,11502993,TN699081,TN,4.1,81,A,realtor_scraper,2026-08-25T06:32:09.061873+00:00
Nicholas Myers,Nicholas,Myers,nicholasm@century21.com,(959) 675-9350,KB Home,Louisville,KY,2,28,12989246,KY276899,KY,3.6,74,C,realtor_scraper,2026-08-25T06:32:09.071490+00:00
Katherine Campbell,Katherine,Campbell,kcampbell@realtor.com,(713) 884-8751,Redfin,Miami,FL,2,3,423086,FL929552,FL,3.7,92,A,realtor_scraper,2026-08-25T06:32:09.061565+00:00
James Robinson,James,Robinson,james.robinson@sothebysrealty.com,(206) 455-5011,Weichert,San Antonio,TX,3,26,10867856,TX265480,TX,4.6,96,B,realtor_scraper,2026-08-25T06:32:09.065538+00:00
Kimberly Stewart,Kimberly,Stewart,kstewart@kw.com,(734) 325-6520,Century Communities,Austin,TX,11,33,7382224,TX640441,TX,4.6,60,A,realtor_scraper,2026-08-25T06:32:09.056856+00:00
Catherine Taylor,Catherine,Taylor,ctaylor@coldwellbanker.com,(315) 880-4046,Century Communities,Colorado Springs,CO,17,15,6560640,CO735016,CO,3.6,93,C,realtor_scraper,2026-08-25T06:32:09.069205+00:00
Robert Ramirez,Robert,Ramirez,rramirez@realtor.com,(731) 641-9217,Century 21,Austin,TX,4,35,8617925,TX282467,TX,4.0,69,A,realtor_scraper,2026-08-25T06:32:09.059931+00:00
Dorothy Moore,Dorothy,Moore,dorothym@realtor.com,(317) 326-8504,NVR,Phoenix,AZ,5,50,9225172,AZ346207,AZ,4.8,83,A,realtor_scraper,2026-08-25T06:32:09.059712+00:00
Jonathan Ruiz,Jonathan,Ruiz,jonathanr@elliman.com,(847) 988-6117,Keller Williams,Colorado Springs,CO,7,35,11680591,CO265553,CO,4.8,73,C,realtor_scraper,2026-08-25T06:32:09.069174+00:00
Dennis Martinez,Dennis,Martinez,dmartinez@exprealty.com,(612) 287-7457,Toll Brothers,San Jose,CA,7,0,414655,CA794966,CA,0.0,51,B,realtor_scraper,2026-08-25T06:32:09.062746+00:00
Joseph Lee,Joseph,Lee,jlee@realtor.com,(814) 836-2102,Meritage Homes,Virginia Beach,VA,18,46,6693433,VA121632,VA,4.7,62,C,realtor_scraper,2026-08-25T06:32:09.068102+00:00
Nancy Cruz,Nancy,Cruz,ncruz@realtor.com,(786) 677-6663,CalAtlantic Homes,San Francisco,CA,12,38,1775099,CA455139,CA,4.3,67,A,realtor_scraper,2026-08-25T06:32:09.057946+00:00
William Collins,William,Collins,collins.william@realtyonegroup.com,(815) 705-8000,Keller Williams,Atlanta,GA,8,5,171343,GA811799,GA,3.8,65,A,realtor_scraper,2026-08-25T06:32:09.058702+00:00
Angela Bailey,Angela,Bailey,angela10@weichert.com,(570) 910-9330,Compass,Tampa,FL,3,0,377666,FL867168,FL,0.0,46,A,realtor_scraper,2026-08-25T06:32:09.059231+00:00
Janet Campbell,Janet,Campbell,jcampbell@outlook.com,(214) 202-7641,RE/MAX,San Diego,CA,1,3,15212,CA497203,CA,5.0,91,A,realtor_scraper,2026-08-25T06:32:09.060674+00:00
Carol Allen,Carol,Allen,callen@outlook.com,(202) 608-8929,Century 21,San Francisco,CA,20,24,13555859,CA367154,CA,4.2,78,A,realtor_scraper,2026-08-25T06:32:09.058099+00:00
Andrew Brooks,Andrew,Brooks,brooks.andrew@sothebysrealty.com,(380) 792-7550,Pulte Homes,Boise,ID,7,29,7420729,ID443532,ID,4.7,70,C,realtor_scraper,2026-08-25T06:32:09.068551+00:00
Kimberly Hill,Kimberly,Hill,kimberlyh@sothebysrealty.com,(830) 508-6862,CalAtlantic Homes,San Francisco,CA,11,10,1571415,CA432014,CA,4.2,83,A,realtor_scraper,2026-08-25T06:32:09.055881+00:00
Margaret Rogers,Margaret,Rogers,rogers.margaret@outlook.com,(856) 211-9489,Douglas Elliman,Raleigh,NC,4,36,3272895,NC526462,NC,4.8,90,B,realtor_scraper,2026-08-25T06:32:09.065941+00:00
Ashley Smith,Ashley,Smith,ashley.smith@hotmail.com,(641) 632-4556,Sotheby's,Dallas-Fort Worth,TX,4,44,5580558,TX654864,TX,3.9,88,A,realtor_scraper,2026-08-25T06:32:09.059316+00:00
Katherine Brooks,Katherine,Brooks,katherine.brooks@berkshirehathawayhs.com,(575) 850-3988,Realty One Group,Salt Lake City,UT,5,22,5988398,UT282267,UT,4.2,67,B,realtor_scraper,2026-08-25T06:32:09.065867+00:00
Steven Alvarez,Steven,Alvarez,salvarez@elliman.com,(331) 965-3106,LGI Homes,Baltimore,MD,1,6,1372212,MD910939,MD,3.7,82,B,realtor_scraper,2026-08-25T06:32:09.066458+00:00
Patrick Carter,Patrick,Carter,pcarter@kw.com,(551) 549-2000,Zillow Premier,Reno,NV,5,24,4484235,NV159467,NV,4.0,87,C,realtor_scraper,2026-08-25T06:32:09.069931+00:00
Anthony Reyes,Anthony,Reyes,reyes.anthony@hotmail.com,(808) 384-3482,Better Homes & Gardens,San Antonio,TX,4,14,5514029,TX698330,TX,3.7,83,B,realtor_scraper,2026-08-25T06:32:09.065258+00:00
Anthony Murphy,Anthony,Murphy,amurphy@century21.com,(623) 410-5788,RE/MAX,Miami,FL,3,16,11803077,FL359494,FL,3.7,100,A,realtor_scraper,2026-08-25T06:32:09.059960+00:00
Emily Cook,Emily,Cook,emily.cook@redfin.com,(224) 567-2858,United Real Estate,Houston,TX,24,49,5130342,TX238777,TX,4.6,67,A,realtor_scraper,2026-08-25T06:32:09.055961+00:00
Diane Thomas,Diane,Thomas,diane12@remax.net,(757) 689-9295,Toll Brothers,Austin,TX,4,26,13247141,TX368694,TX,4.8,91,A,realtor_scraper,2026-08-25T06:32:09.059292+00:00
Andrew Rodriguez,Andrew,Rodriguez,andrewr@coldwellbanker.com,(915) 789-6344,Realty One Group,Las Vegas,NV,13,34,9018644,NV706819,NV,4.6,82,A,realtor_scraper,2026-08-25T06:32:09.057850+00:00
Kathleen Hill,Kathleen,Hill,kathleen16@outlook.com,(334) 380-8936,United Real Estate,Phoenix,AZ,19,21,13983868,AZ582938,AZ,4.2,84,A,realtor_scraper,2026-08-25T06:32:09.056870+00:00
Steven Ward,Steven,Ward,steven.ward@yahoo.com,(708) 786-6413,KB Home,Nashville,TN,5,28,12839210,TN666969,TN,4.5,100,A,realtor_scraper,2026-08-25T06:32:09.059217+00:00
Timothy Lee,Timothy,Lee,tlee@gmail.com,(562) 520-1448,Zillow Premier,Portland,OR,0,16,13730383,OR271233,OR,4.0,93,B,realtor_scraper,2026-08-25T06:32:09.066818+00:00
Amanda Hughes,Amanda,Hughes,amanda.hughes@realtyonegroup.com,(276) 349-8751,Vylla Home,New York,NY,2,34,11445385,NY103455,NY,3.8,79,A,realtor_scraper,2026-08-25T06:32:09.060737+00:00
Amy Alvarez,Amy,Alvarez,amy27@realtor.com,(310) 578-6795,CalAtlantic Homes,Columbus,OH,23,22,4408935,OH479474,OH,4.7,62,B,realtor_scraper,2026-08-25T06:32:09.063333+00:00
Larry Cooper,Larry,Cooper,larry.cooper@sothebysrealty.com,(806) 991-1871,Meritage Homes,Austin,TX,24,14,780259,TX808731,TX,4.3,88,A,realtor_scraper,2026-08-25T06:32:09.057455+00:00
Helen Brown,Helen,Brown,brown.helen@outlook.com,(203) 547-5103,The Agency,San Jose,CA,0,42,1551484,CA720302,CA,3.6,69,B,realtor_scraper,2026-08-25T06:32:09.066788+00:00
Christopher Kim,Christopher,Kim,ckim@yahoo.com,(515) 494-4969,RE/MAX,Reno,NV,1,49,6315549,NV520611,NV,3.9,65,C,realtor_scraper,2026-08-25T06:32:09.071460+00:00
Katherine Kelly,Katherine,Kelly,kelly.katherine@remax.net,(817) 325-7184,Redfin,Minneapolis,MN,21,31,5549985,MN616278,MN,4.9,82,B,realtor_scraper,2026-08-25T06:32:09.064593+00:00
Larry Watson,Larry,Watson,lwatson@compass.com,(864) 645-5615,NVR,Chicago,IL,5,32,5054841,IL985757,IL,4.1,91,A,realtor_scraper,2026-08-25T06:32:09.059680+00:00
Jason Diaz,Jason,Diaz,diaz.jason@realtyonegroup.com,(608) 832-4431,Realty One Group,Baton Rouge,LA,13,24,8662054,LA206780,LA,4.5,66,C,realtor_scraper,2026-08-25T06:32:09.068584+00:00
Jonathan Thompson,Jonathan,Thompson,jonathan.thompson@realtor.com,(307) 429-5047,Keller Williams,Detroit,MI,3,10,10398118,MI257032,MI,4.9,98,B,realtor_scraper,2026-08-25T06:32:09.066106+00:00
Jennifer Ramirez,Jennifer,Ramirez,jennifer27@compass.com,(919) 729-4201,HomeSmart,San Diego,CA,18,15,1824740,CA233509,CA,3.8,72,A,realtor_scraper,2026-08-25T06:32:09.057361+00:00
Nicholas Peterson,Nicholas,Peterson,peterson.nicholas@outlook.com,(323) 590-8575,Sotheby's,New Orleans,LA,13,6,1426830,LA279338,LA,4.7,87,C,realtor_scraper,2026-08-25T06:32:09.068224+00:00
John Brown,John,Brown,john60@coldwellbanker.com,(701) 764-5030,Vylla Home,New York,NY,3,37,8220408,NY585810,NY,4.3,88,A,realtor_scraper,2026-08-25T06:32:09.059807+00:00
Jack Scott,Jack,Scott,jack.scott@remax.net,(203) 541-7605,Better Homes & Gardens,Reno,NV,4,24,13138677,NV308304,NV,4.8,84,C,realtor_scraper,2026-08-25T06:32:09.069724+00:00
Deborah Lewis,Deborah,Lewis,lewis.deborah@redfin.com,(570) 343-2493,KB Home,Baltimore,MD,5,31,10553213,MD422405,MD,3.7,74,B,realtor_scraper,2026-08-25T06:32:09.066032+00:00
Shirley Johnson,Shirley,Johnson,shirley.johnson@outlook.com,(320) 657-5836,Beazer Homes,New York,NY,0,23,7996810,NY751319,NY,4.3,74,A,realtor_scraper,2026-08-25T06:32:09.061531+00:00
Brian Adams,Brian,Adams,adams.brian@exprealty.com,(534) 651-7527,ERA,San Francisco,CA,22,37,6778428,CA965645,CA,4.2,90,A,realtor_scraper,2026-08-25T06:32:09.056371+00:00
Edward Bailey,Edward,Bailey,bailey.edward@hotmail.com,(936) 737-4417,Berkshire Hathaway,New York,NY,14,46,4365379,NY665736,NY,4.9,71,A,realtor_scraper,2026-08-25T06:32:09.056511+00:00
Jason Brown,Jason,Brown,jbrown@berkshirehathawayhs.com,(484) 939-8046,Redfin,San Francisco,CA,8,28,8033436,CA302071,CA,4.0,95,A,realtor_scraper,2026-08-25T06:32:09.055793+00:00
Kenneth Price,Kenneth,Price,kennethp@outlook.com,(931) 607-9740,Sotheby's,Albuquerque,NM,6,18,3395866,NM363258,NM,5.0,84,C,realtor_scraper,2026-08-25T06:32:09.068860+00:00
Debra Perez,Debra,Perez,perez.debra@homesmart.com,(534) 910-3490,Beazer Homes,New Orleans,LA,21,34,5026487,LA920352,LA,4.8,95,C,realtor_scraper,2026-08-25T06:32:09.069457+00:00
Jacob Reyes,Jacob,Reyes,jacob38@hotmail.com,(231) 951-5317,NVR,San Diego,CA,16,41,7258791,CA418291,CA,4.5,86,A,realtor_scraper,2026-08-25T06:32:09.056984+00:00
Heather Scott,Heather,Scott,heathers@redfin.com,(760) 705-9707,Compass,Sacramento,CA,22,33,14859909,CA870530,CA,4.0,75,B,realtor_scraper,2026-08-25T06:32:09.063695+00:00
Helen Rivera,Helen,Rivera,helenr@redfin.com,(618) 764-7622,Realty One Group,Memphis,TN,25,45,12366229,TN414347,TN,4.9,94,C,realtor_scraper,2026-08-25T06:32:09.067707+00:00
John Gomez,John,Gomez,gomez.john@weichert.com,(734) 892-6993,LGI Homes,Austin,TX,25,42,7743424,TX802841,TX,4.7,95,A,realtor_scraper,2026-08-25T06:32:09.058266+00:00
Steven Morales,Steven,Morales,stevenm@outlook.com,(714) 233-3413,Meritage Homes,Austin,TX,6,26,9938097,TX576253,TX,4.0,74,A,realtor_scraper,2026-08-25T06:32:09.057897+00:00
Robert Martinez,Robert,Martinez,martinez.robert@weichert.com,(475) 209-4913,M/I Homes,Denver,CO,4,14,11118740,CO685394,CO,4.5,75,A,realtor_scraper,2026-08-25T06:32:09.058886+00:00
William Phillips,William,Phillips,william77@sothebysrealty.com,(304) 750-7511,Sotheby's,Tampa,FL,10,40,12877952,FL285877,FL,3.5,94,A,realtor_scraper,2026-08-25T06:32:09.056928+00:00
Shirley Gomez,Shirley,Gomez,sgomez@sothebysrealty.com,(571) 358-7516,Redfin,Jacksonville,FL,5,43,6907158,FL444619,FL,4.2,70,B,realtor_scraper,2026-08-25T06:32:09.065806+00:00
Carol Murphy,Carol,Murphy,murphy.carol@gmail.com,(870) 451-7244,Weichert,St. Louis,MO,1,34,13600975,MO777066,MO,3.9,90,B,realtor_scraper,2026-08-25T06:32:09.067142+00:00
Emily Rivera,Emily,Rivera,erivera@century21.com,(920) 330-4671,Sotheby's,Sacramento,CA,4,12,1951697,CA982802,CA,4.8,68,B,realtor_scraper,2026-08-25T06:32:09.065894+00:00
George Gray,George,Gray,george.gray@redfin.com,(816) 321-4669,Ryan Homes,Indianapolis,IN,2,14,2383330,IN133616,IN,4.3,80,B,realtor_scraper,2026-08-25T06:32:09.067078+00:00
Mark Stewart,Mark,Stewart,stewart.mark@remax.net,(361) 531-4937,Compass,Colorado Springs,CO,2,28,5996757,CO386846,CO,4.1,91,C,realtor_scraper,2026-08-25T06:32:09.070703+00:00
Richard Kim,Richard,Kim,richard.kim@realtor.com,(209) 934-5907,Nest Seekers,San Jose,CA,10,11,6892812,CA146270,CA,3.5,84,B,realtor_scraper,2026-08-25T06:32:09.062329+00:00
Margaret Wright,Margaret,Wright,margaretw@homesmart.com,(564) 432-1930,The Agency,Salt Lake City,UT,5,32,6355140,UT599305,UT,4.1,65,B,realtor_scraper,2026-08-25T06:32:09.065672+00:00
Jacob Walker,Jacob,Walker,walker.jacob@coldwellbanker.com,(971) 245-5316,Vylla Home,Reno,NV,19,18,6558394,NV242479,NV,4.5,88,C,realtor_scraper,2026-08-25T06:32:09.067930+00:00
Catherine Howard,Catherine,Howard,howard.catherine@realtyonegroup.com,(571) 807-1738,CalAtlantic Homes,San Francisco,CA,15,11,8569614,CA182074,CA,4.0,90,A,realtor_scraper,2026-08-25T06:32:09.057241+00:00
Benjamin Gomez,Benjamin,Gomez,gomez.benjamin@kw.com,(351) 777-2712,Pulte Homes,Cleveland,OH,11,23,1937596,OH466484,OH,3.9,88,B,realtor_scraper,2026-08-25T06:32:09.062776+00:00
Amy Lee,Amy,Lee,amy63@yahoo.com,(815) 996-3861,Nest Seekers,Baton Rouge,LA,1,17,11242544,LA950076,LA,3.8,99,C,realtor_scraper,2026-08-25T06:32:09.070610+00:00
Robert Garcia,Robert,Garcia,robert50@homesmart.com,(419) 460-5358,HomeSmart,Detroit,MI,1,27,9231424,MI236462,MI,3.8,80,B,realtor_scraper,2026-08-25T06:32:09.067061+00:00
Justin Taylor,Justin,Taylor,justint@realtyonegroup.com,(863) 960-2925,Tri Pointe Homes,Dallas-Fort Worth,TX,2,7,1758836,TX551801,TX,4.7,89,A,realtor_scraper,2026-08-25T06:32:09.061166+00:00
Barbara White,Barbara,White,barbara.white@elliman.com,(248) 782-6401,M/I Homes,San Jose,CA,1,16,11164584,CA968393,CA,4.2,93,B,realtor_scraper,2026-08-25T06:32:09.066154+00:00
Angela Hernandez,Angela,Hernandez,hernandez.angela@remax.net,(206) 941-6332,The Agency,Tucson,AZ,17,30,11494229,AZ634512,AZ,3.9,74,C,realtor_scraper,2026-08-25T06:32:09.067770+00:00
Andrew Ward,Andrew,Ward,ward.andrew@hotmail.com,(916) 300-8391,Sotheby's,Las Vegas,NV,0,47,2528194,NV425184,NV,3.9,80,A,realtor_scraper,2026-08-25T06:32:09.061209+00:00
Michael Allen,Michael,Allen,allen.michael@kw.com,(216) 473-4301,Keller Williams,Boise,ID,21,47,14981286,ID639333,ID,4.3,90,C,realtor_scraper,2026-08-25T06:32:09.067911+00:00
Samantha Edwards,Samantha,Edwards,sedwards@redfin.com,(469) 973-1593,Century 21,Albuquerque,NM,11,17,9360942,NM743649,NM,3.7,76,C,realtor_scraper,2026-08-25T06:32:09.069189+00:00
Pamela Mendoza,Pamela,Mendoza,pamela.mendoza@weichert.com,(516) 534-5982,Weichert,Phoenix,AZ,3,28,5154945,AZ958813,AZ,4.4,64,A,realtor_scraper,2026-08-25T06:32:09.059493+00:00
Dennis Cook,Dennis,Cook,dennis.cook@redfin.com,(941) 515-3566,Lennar,San Jose,CA,4,4,935471,CA625717,CA,5.0,81,B,realtor_scraper,2026-08-25T06:32:09.065141+00:00
Andrew Parker,Andrew,Parker,aparker@yahoo.com,(843) 754-8230,Toll Brothers,Memphis,TN,5,5,1997875,TN436708,TN,4.9,81,C,realtor_scraper,2026-08-25T06:32:09.069635+00:00
Jonathan Nguyen,Jonathan,Nguyen,jnguyen@yahoo.com,(270) 921-2190,Realty One Group,Portland,OR,21,46,11178109,OR476175,OR,4.4,90,B,realtor_scraper,2026-08-25T06:32:09.062886+00:00
Rebecca Ortiz,Rebecca,Ortiz,rortiz@weichert.com,(615) 693-6667,Compass,Los Angeles,CA,11,12,14827195,CA700079,CA,4.4,74,A,realtor_scraper,2026-08-25T06:32:09.056385+00:00
Jason Martin,Jason,Martin,martin.jason@gmail.com,(503) 604-1667,Sotheby's,Kansas City,MO,8,21,9118126,MO647576,MO,4.6,62,B,realtor_scraper,2026-08-25T06:32:09.064337+00:00
John Gonzalez,John,Gonzalez,jgonzalez@exprealty.com,(925) 646-4500,Lennar,Milwaukee,WI,5,39,13472000,WI162580,WI,4.8,88,C,realtor_scraper,2026-08-25T06:32:09.070120+00:00
Sharon Davis,Sharon,Davis,davis.sharon@realtor.com,(623) 785-5546,Lennar,Houston,TX,4,14,6327990,TX416345,TX,3.9,72,A,realtor_scraper,2026-08-25T06:32:09.060349+00:00
Jennifer Lopez,Jennifer,Lopez,jennifer.lopez@exprealty.com,(212) 296-6448,eXp Realty,Memphis,TN,17,20,8624740,TN885101,TN,4.7,93,C,realtor_scraper,2026-08-25T06:32:09.069115+00:00
Samuel Price,Samuel,Price,samuel18@redfin.com,(276) 617-5737,Century Communities,New York,NY,21,50,4043566,NY606444,NY,4.8,85,A,realtor_scraper,2026-08-25T06:32:09.057102+00:00
Nicole Edwards,Nicole,Edwards,nedwards@realtyonegroup.com,(731) 538-6741,Nest Seekers,Louisville,KY,11,34,3682821,KY328212,KY,3.5,92,C,realtor_scraper,2026-08-25T06:32:09.069363+00:00
Eric Evans,Eric,Evans,eevans@coldwellbanker.com,(539) 573-4432,Vylla Home,Detroit,MI,1,20,12004038,MI864886,MI,3.8,83,B,realtor_scraper,2026-08-25T06:32:09.066915+00:00
Thomas Martin,Thomas,Martin,martin.thomas@weichert.com,(931) 833-1787,HomeSmart,Oklahoma City,OK,7,47,2901815,OK789524,OK,4.5,65,C,realtor_scraper,2026-08-25T06:32:09.068795+00:00
Patrick Nelson,Patrick,Nelson,pnelson@homesmart.com,(256) 862-7218,Beazer Homes,Dallas-Fort Worth,TX,5,14,5378131,TX172270,TX,3.9,94,A,realtor_scraper,2026-08-25T06:32:09.059870+00:00
Amy Walker,Amy,Walker,amyw@century21.com,(574) 922-1469,Toll Brothers,Cleveland,OH,22,5,206618,OH723904,OH,4.8,67,B,realtor_scraper,2026-08-25T06:32:09.063769+00:00
Rachel Edwards,Rachel,Edwards,rachele@weichert.com,(217) 334-3987,Nest Seekers,Raleigh,NC,12,1,485792,NC734025,NC,4.0,67,B,realtor_scraper,2026-08-25T06:32:09.063348+00:00
Aaron Price,Aaron,Price,aaronp@redfin.com,(212) 244-6362,Taylor Morrison,Denver,CO,5,39,2887003,CO155780,CO,5.0,82,A,realtor_scraper,2026-08-25T06:32:09.059439+00:00
Larry Rogers,Larry,Rogers,rogers.larry@exprealty.com,(304) 784-4106,RE/MAX,Denver,CO,5,14,2145206,CO889818,CO,3.5,73,A,realtor_scraper,2026-08-25T06:32:09.059645+00:00
Laura Wilson,Laura,Wilson,laura.wilson@coldwellbanker.com,(754) 255-9532,Taylor Morrison,Minneapolis,MN,23,29,3308883,MN789495,MN,4.9,76,B,realtor_scraper,2026-08-25T06:32:09.064080+00:00
Michael Bailey,Michael,Bailey,bailey.michael@yahoo.com,(724) 515-6015,KB Home,Baltimore,MD,9,47,9657483,MD793886,MD,3.8,77,B,realtor_scraper,2026-08-25T06:32:09.063046+00:00
Kathleen Sanders,Kathleen,Sanders,kathleen.sanders@gmail.com,(520) 786-6403,HomeSmart,Raleigh,NC,23,11,1254738,NC787020,NC,3.6,77,B,realtor_scraper,2026-08-25T06:32:09.063754+00:00
Edward Moore,Edward,Moore,moore.edward@sothebysrealty.com,(724) 941-6374,Toll Brothers,Indianapolis,IN,2,34,12603362,IN633009,IN,4.8,87,B,realtor_scraper,2026-08-25T06:32:09.066529+00:00
Carol Alvarez,Carol,Alvarez,carola@compass.com,(316) 990-4943,United Real Estate,Philadelphia,PA,18,43,5879462,PA419369,PA,5.0,80,A,realtor_scraper,2026-08-25T06:32:09.057705+00:00
Patrick Perez,Patrick,Perez,patrick88@realtor.com,(512) 890-8732,Coldwell Banker,Kansas City,MO,3,48,14621531,MO171973,MO,3.8,88,B,realtor_scraper,2026-08-25T06:32:09.065287+00:00
Emily Cruz,Emily,Cruz,cruz.emily@gmail.com,(714) 319-3151,eXp Realty,San Francisco,CA,17,35,3649342,CA896931,CA,3.7,82,A,realtor_scraper,2026-08-25T06:32:09.056808+00:00
Daniel Taylor,Daniel,Taylor,daniel.taylor@remax.net,(618) 583-7388,KB Home,Charlotte,NC,0,18,4666915,NC571918,NC,4.0,85,A,realtor_scraper,2026-08-25T06:32:09.060722+00:00
Joshua Gray,Joshua,Gray,joshua75@berkshirehathawayhs.com,(334) 265-9697,Toll Brothers,Denver,CO,0,43,1677671,CO854687,CO,4.4,87,A,realtor_scraper,2026-08-25T06:32:09.060630+00:00
Andrew Perez,Andrew,Perez,perez.andrew@outlook.com,(531) 359-7350,Century 21,San Antonio,TX,14,5,194256,TX442269,TX,4.8,60,B,realtor_scraper,2026-08-25T06:32:09.063192+00:00
Nicholas Sanders,Nicholas,Sanders,nsanders@realtyonegroup.com,(312) 442-1783,Coldwell Banker,Chicago,IL,23,37,14910962,IL248651,IL,3.8,92,A,realtor_scraper,2026-08-25T06:32:09.058743+00:00
Brian Perez,Brian,Perez,brianp@yahoo.com,(303) 322-4533,HomeSmart,Baltimore,MD,17,18,11144229,MD224985,MD,4.2,83,B,realtor_scraper,2026-08-25T06:32:09.063637+00:00
Angela Ortiz,Angela,Ortiz,aortiz@redfin.com,(301) 992-2426,Century Communities,Austin,TX,1,41,13747693,TX837635,TX,4.3,88,A,realtor_scraper,2026-08-25T06:32:09.061270+00:00
Andrew Cook,Andrew,Cook,andrewc@elliman.com,(225) 773-3378,LGI Homes,Albuquerque,NM,12,45,11415320,NM430240,NM,3.5,97,C,realtor_scraper,2026-08-25T06:32:09.069426+00:00
Dorothy Taylor,Dorothy,Taylor,dorothyt@sothebysrealty.com,(346) 367-4164,Coldwell Banker,Jacksonville,FL,10,5,113347,FL260487,FL,4.6,88,B,realtor_scraper,2026-08-25T06:32:09.063142+00:00
Debra Evans,Debra,Evans,debra60@outlook.com,(954) 988-9477,KB Home,San Jose,CA,7,46,10522259,CA928974,CA,3.6,78,B,realtor_scraper,2026-08-25T06:32:09.062399+00:00
Jeffrey Mitchell,Jeffrey,Mitchell,jeffrey.mitchell@berkshirehathawayhs.com,(775) 505-4513,Ryan Homes,Chicago,IL,22,42,4243366,IL596469,IL,4.8,76,A,realtor_scraper,2026-08-25T06:32:09.058008+00:00
Patricia Mitchell,Patricia,Mitchell,pmitchell@century21.com,(612) 392-3227,Century 21,Boston,MA,16,43,11591527,MA666124,MA,4.0,87,A,realtor_scraper,2026-08-25T06:32:09.056557+00:00
Susan Hernandez,Susan,Hernandez,shernandez@compass.com,(205) 453-5175,NVR,Boston,MA,17,14,1845411,MA781864,MA,4.0,67,A,realtor_scraper,2026-08-25T06:32:09.056255+00:00
Mary Morris,Mary,Morris,mmorris@kw.com,(415) 597-5571,The Agency,New York,NY,4,27,5766456,NY355269,NY,3.9,73,A,realtor_scraper,2026-08-25T06:32:09.060057+00:00
Helen Hill,Helen,Hill,helen82@kw.com,(947) 991-3846,KB Home,Baltimore,MD,8,5,280478,MD320570,MD,4.5,93,B,realtor_scraper,2026-08-25T06:32:09.062271+00:00
Debra Walker,Debra,Walker,debra19@exprealty.com,(832) 735-9146,The Agency,Las Vegas,NV,8,23,4472386,NV593273,NV,4.5,61,A,realtor_scraper,2026-08-25T06:32:09.057272+00:00
Diane Jones,Diane,Jones,diane.jones@outlook.com,(970) 346-9033,ERA,Charlotte,NC,21,15,4185508,NC386653,NC,4.8,93,A,realtor_scraper,2026-08-25T06:32:09.058500+00:00
Elizabeth Ramos,Elizabeth,Ramos,elizabeth65@elliman.com,(567) 818-2855,NVR,Richmond,VA,17,18,6091685,VA726151,VA,4.9,67,C,realtor_scraper,2026-08-25T06:32:09.068421+00:00
Samantha Murphy,Samantha,Murphy,samantha.murphy@century21.com,(701) 922-9379,Compass,Salt Lake City,UT,3,14,1944463,UT564111,UT,4.1,89,B,realtor_scraper,2026-08-25T06:32:09.065791+00:00
Donald Chavez,Donald,Chavez,dchavez@yahoo.com,(331) 356-2527,Century 21,Denver,CO,11,36,6955133,CO552781,CO,4.2,82,A,realtor_scraper,2026-08-25T06:32:09.057133+00:00
Rebecca Mitchell,Rebecca,Mitchell,rmitchell@coldwellbanker.com,(732) 201-9097,Toll Brothers,Reno,NV,1,34,8436650,NV160573,NV,4.3,94,C,realtor_scraper,2026-08-25T06:32:09.071043+00:00
Carol Diaz,Carol,Diaz,carol25@sothebysrealty.com,(531) 210-2866,Douglas Elliman,Charlotte,NC,0,28,3356207,NC892597,NC,4.7,83,A,realtor_scraper,2026-08-25T06:32:09.061227+00:00
Melissa Green,Melissa,Green,mgreen@yahoo.com,(703) 505-9419,Taylor Morrison,San Jose,CA,23,21,12905126,CA212384,CA,3.8,86,B,realtor_scraper,2026-08-25T06:32:09.062056+00:00
Matthew Lopez,Matthew,Lopez,lopez.matthew@berkshirehathawayhs.com,(575) 209-4478,Weichert,Miami,FL,5,22,8540308,FL561343,FL,4.4,86,A,realtor_scraper,2026-08-25T06:32:09.060035+00:00
Dennis Roberts,Dennis,Roberts,dennisr@gmail.com,(620) 919-1590,D.R. Horton,Albuquerque,NM,23,34,14693599,NM355928,NM,5.0,100,C,realtor_scraper,2026-08-25T06:32:09.068266+00:00
Deborah Kim,Deborah,Kim,dkim@century21.com,(423) 382-4581,eXp Realty,Sacramento,CA,12,5,1216980,CA966308,CA,3.8,69,B,realtor_scraper,2026-08-25T06:32:09.064021+00:00
Maria Martinez,Maria,Martinez,maria.martinez@berkshirehathawayhs.com,(716) 244-3550,ERA,Indianapolis,IN,19,36,12549191,IN294044,IN,4.0,100,B,realtor_scraper,2026-08-25T06:32:09.062348+00:00
Cynthia Hall,Cynthia,Hall,hall.cynthia@homesmart.com,(573) 377-7267,Coldwell Banker,Jacksonville,FL,2,32,6247739,FL427900,FL,3.6,69,B,realtor_scraper,2026-08-25T06:32:09.067022+00:00
Aaron Walker,Aaron,Walker,aaronw@hotmail.com,(657) 601-6815,Sotheby's,San Francisco,CA,5,26,7973705,CA712261,CA,4.5,69,A,realtor_scraper,2026-08-25T06:32:09.058901+00:00
Timothy Adams,Timothy,Adams,adams.timothy@realtor.com,(862) 782-6692,United Real Estate,Cincinnati,OH,1,19,2888306,OH740841,OH,4.9,67,B,realtor_scraper,2026-08-25T06:32:09.066993+00:00
Eric Brooks,Eric,Brooks,brooks.eric@century21.com,(954) 403-7145,Century Communities,Jacksonville,FL,19,25,8057749,FL734552,FL,4.5,75,B,realtor_scraper,2026-08-25T06:32:09.063788+00:00
Margaret Watson,Margaret,Watson,margaret61@weichert.com,(860) 448-2556,NVR,Philadelphia,PA,25,39,12921588,PA388865,PA,3.6,96,A,realtor_scraper,2026-08-25T06:32:09.058469+00:00
James Clark,James,Clark,clark.james@sothebysrealty.com,(516) 337-8719,United Real Estate,Tampa,FL,4,22,10080759,FL663823,FL,4.9,95,A,realtor_scraper,2026-08-25T06:32:09.060150+00:00
Melissa Smith,Melissa,Smith,melissa.smith@sothebysrealty.com,(234) 862-5246,RE/MAX,Jacksonville,FL,23,47,8069342,FL394412,FL,3.8,90,B,realtor_scraper,2026-08-25T06:32:09.063494+00:00
Michelle Wright,Michelle,Wright,mwright@exprealty.com,(585) 655-9712,Compass,Seattle,WA,15,20,9927057,WA392553,WA,4.4,60,A,realtor_scraper,2026-08-25T06:32:09.058280+00:00
Melissa Scott,Melissa,Scott,scott.melissa@yahoo.com,(314) 973-8705,Better Homes & Gardens,Philadelphia,PA,2,36,12104019,PA575397,PA,4.4,88,A,realtor_scraper,2026-08-25T06:32:09.060913+00:00
Gregory Baker,Gregory,Baker,gregoryb@century21.com,(628) 533-8065,Vylla Home,Baton Rouge,LA,10,3,1952893,LA988101,LA,3.8,73,C,realtor_scraper,2026-08-25T06:32:09.069472+00:00
Stephen Lewis,Stephen,Lewis,stephen.lewis@realtor.com,(323) 867-5886,eXp Realty,Phoenix,AZ,20,35,6379211,AZ153620,AZ,4.1,85,A,realtor_scraper,2026-08-25T06:32:09.057633+00:00
Gary Long,Gary,Long,long.gary@yahoo.com,(716) 394-1557,Vylla Home,Richmond,VA,4,36,8698298,VA412028,VA,4.6,92,C,realtor_scraper,2026-08-25T06:32:09.070536+00:00
William Hill,William,Hill,williamh@redfin.com,(423) 915-1307,D.R. Horton,Detroit,MI,0,26,1841337,MI606974,MI,4.3,80,B,realtor_scraper,2026-08-25T06:32:09.067351+00:00
Barbara Brown,Barbara,Brown,bbrown@homesmart.com,(940) 382-7644,Taylor Morrison,Richmond,VA,25,4,1499643,VA283057,VA,4.6,61,C,realtor_scraper,2026-08-25T06:32:09.069540+00:00
Christopher Anderson,Christopher,Anderson,anderson.christopher@kw.com,(859) 547-7182,Vylla Home,Portland,OR,14,15,12202978,OR341955,OR,4.6,100,B,realtor_scraper,2026-08-25T06:32:09.062925+00:00
Laura Gomez,Laura,Gomez,laura.gomez@coldwellbanker.com,(512) 475-6811,NVR,Colorado Springs,CO,5,13,10193709,CO630224,CO,3.8,87,C,realtor_scraper,2026-08-25T06:32:09.070416+00:00
Heather Mitchell,Heather,Mitchell,heather.mitchell@yahoo.com,(570) 870-7630,Ryan Homes,Phoenix,AZ,12,31,8961783,AZ442747,AZ,4.8,77,A,realtor_scraper,2026-08-25T06:32:09.056121+00:00
Donna Richardson,Donna,Richardson,donna66@exprealty.com,(336) 815-5824,NVR,Virginia Beach,VA,5,0,195332,VA758126,VA,0.0,73,C,realtor_scraper,2026-08-25T06:32:09.069677+00:00
Charles Rodriguez,Charles,Rodriguez,crodriguez@kw.com,(920) 992-3646,United Real Estate,Boise,ID,0,31,2859883,ID397096,ID,4.8,64,C,realtor_scraper,2026-08-25T06:32:09.070866+00:00
Betty Carter,Betty,Carter,bcarter@redfin.com,(970) 531-1811,Taylor Morrison,Oklahoma City,OK,15,27,8929765,OK463913,OK,3.5,87,C,realtor_scraper,2026-08-25T06:32:09.068669+00:00
Katherine Ramirez,Katherine,Ramirez,katherine64@berkshirehathawayhs.com,(970) 473-8101,M/I Homes,St. Louis,MO,13,6,1962368,MO337355,MO,3.9,90,B,realtor_scraper,2026-08-25T06:32:09.062101+00:00
Cynthia Long,Cynthia,Long,clong@compass.com,(580) 825-7312,Redfin,Riverside,CA,21,26,5550214,CA601699,CA,4.8,69,B,realtor_scraper,2026-08-25T06:32:09.063991+00:00
Nicole Walker,Nicole,Walker,walker.nicole@coldwellbanker.com,(754) 390-9200,ERA,New Orleans,LA,6,47,14799299,LA767484,LA,4.7,97,C,realtor_scraper,2026-08-25T06:32:09.069349+00:00
Kenneth Peterson,Kenneth,Peterson,kenneth.peterson@coldwellbanker.com,(701) 700-8365,Tri Pointe Homes,Phoenix,AZ,0,15,801191,AZ543972,AZ,4.4,93,A,realtor_scraper,2026-08-25T06:32:09.061195+00:00
Nicole Alvarez,Nicole,Alvarez,nicole.alvarez@outlook.com,(830) 548-3647,Compass,Portland,OR,19,13,1733826,OR897956,OR,4.0,91,B,realtor_scraper,2026-08-25T06:32:09.062474+00:00
Samuel Hall,Samuel,Hall,hall.samuel@homesmart.com,(626) 372-1347,The Agency,Miami,FL,15,41,6972077,FL439073,FL,3.6,69,A,realtor_scraper,2026-08-25T06:32:09.056135+00:00
William Jones,William,Jones,wjones@elliman.com,(443) 475-8792,LGI Homes,Riverside,CA,4,19,10337991,CA667064,CA,4.6,91,B,realtor_scraper,2026-08-25T06:32:09.065955+00:00
Ashley Robinson,Ashley,Robinson,robinson.ashley@redfin.com,(718) 468-8445,Better Homes & Gardens,Oklahoma City,OK,19,25,12217697,OK946164,OK,4.9,100,C,realtor_scraper,2026-08-25T06:32:09.068779+00:00
Amy Wood,Amy,Wood,amyw@kw.com,(913) 974-9172,Redfin,Riverside,CA,16,5,565685,CA111515,CA,3.8,78,B,realtor_scraper,2026-08-25T06:32:09.064449+00:00
Larry Moore,Larry,Moore,larry66@elliman.com,(256) 932-4521,LGI Homes,Houston,TX,8,41,2011584,TX572141,TX,4.7,80,A,realtor_scraper,2026-08-25T06:32:09.058549+00:00
Emily Hall,Emily,Hall,emilyh@redfin.com,(364) 750-5022,Lennar,Kansas City,MO,0,12,1669202,MO388404,MO,4.0,88,B,realtor_scraper,2026-08-25T06:32:09.066725+00:00
Lisa Lewis,Lisa,Lewis,lisa.lewis@realtyonegroup.com,(302) 521-2141,M/I Homes,Chicago,IL,3,24,4277096,IL346689,IL,3.6,91,A,realtor_scraper,2026-08-25T06:32:09.060264+00:00
Janet Cooper,Janet,Cooper,janetc@weichert.com,(724) 259-7645,Century Communities,New York,NY,0,39,3008658,NY663503,NY,4.9,92,A,realtor_scraper,2026-08-25T06:32:09.061759+00:00
Margaret Price,Margaret,Price,margaret.price@weichert.com,(228) 529-5901,Century 21,Riverside,CA,10,43,10528891,CA353379,CA,4.6,87,B,realtor_scraper,2026-08-25T06:32:09.063509+00:00
Donald Wilson,Donald,Wilson,wilson.donald@kw.com,(434) 435-6201,Beazer Homes,Boise,ID,9,42,12872240,ID241427,ID,4.0,100,C,realtor_scraper,2026-08-25T06:32:09.068599+00:00
Jennifer Watson,Jennifer,Watson,jwatson@gmail.com,(272) 796-9654,Weichert,Cincinnati,OH,4,10,1715612,OH748154,OH,3.5,61,B,realtor_scraper,2026-08-25T06:32:09.064829+00:00
Emily Brown,Emily,Brown,emily82@coldwellbanker.com,(405) 609-9241,Ryan Homes,Baton Rouge,LA,13,32,4113708,LA631323,LA,4.5,87,C,realtor_scraper,2026-08-25T06:32:09.068634+00:00
Aaron Martin,Aaron,Martin,amartin@redfin.com,(972) 763-3342,Nest Seekers,San Antonio,TX,12,40,12012623,TX355021,TX,4.7,72,B,realtor_scraper,2026-08-25T06:32:09.062566+00:00
Anna Gomez,Anna,Gomez,annag@elliman.com,(906) 352-1303,RE/MAX,Salt Lake City,UT,1,32,10708623,UT430063,UT,4.4,76,B,realtor_scraper,2026-08-25T06:32:09.066837+00:00
Donald Castillo,Donald,Castillo,castillo.donald@exprealty.com,(425) 783-5128,Taylor Morrison,Seattle,WA,18,0,215558,WA876506,WA,0.0,62,A,realtor_scraper,2026-08-25T06:32:09.056883+00:00
Susan Mendoza,Susan,Mendoza,smendoza@berkshirehathawayhs.com,(815) 298-2432,Weichert,Austin,TX,24,24,14699940,TX171669,TX,3.8,89,A,realtor_scraper,2026-08-25T06:32:09.055807+00:00
Donald Sanders,Donald,Sanders,donalds@redfin.com,(405) 827-8732,Vylla Home,Orlando,FL,4,49,4806925,FL454317,FL,4.9,88,A,realtor_scraper,2026-08-25T06:32:09.058793+00:00
Jeffrey Taylor,Jeffrey,Taylor,jeffreyt@compass.com,(952) 202-1375,Toll Brothers,Baltimore,MD,0,11,917858,MD204330,MD,5.0,73,B,realtor_scraper,2026-08-25T06:32:09.066679+00:00
Laura Garcia,Laura,Garcia,laura.garcia@sothebysrealty.com,(747) 875-9686,United Real Estate,San Jose,CA,6,16,5936506,CA429682,CA,4.9,63,B,realtor_scraper,2026-08-25T06:32:09.063089+00:00
Joshua Taylor,Joshua,Taylor,joshua41@elliman.com,(518) 907-7095,Beazer Homes,St. Louis,MO,24,33,3770687,MO641416,MO,4.6,74,B,realtor_scraper,2026-08-25T06:32:09.061999+00:00
Jeffrey Reed,Jeffrey,Reed,jreed@elliman.com,(281) 513-4340,Pulte Homes,Dallas-Fort Worth,TX,2,15,3006745,TX548585,TX,3.9,80,A,realtor_scraper,2026-08-25T06:32:09.061938+00:00
Patricia Clark,Patricia,Clark,clark.patricia@century21.com,(206) 521-7253,D.R. Horton,Miami,FL,8,15,1279195,FL763481,FL,4.0,65,A,realtor_scraper,2026-08-25T06:32:09.057034+00:00
Donna Martinez,Donna,Martinez,dmartinez@kw.com,(539) 652-3868,NVR,Tucson,AZ,5,11,9937475,AZ264376,AZ,3.9,76,C,realtor_scraper,2026-08-25T06:32:09.069974+00:00
Margaret Mitchell,Margaret,Mitchell,margaret1@elliman.com,(718) 535-8774,eXp Realty,Baltimore,MD,3,15,9497125,MD185612,MD,4.0,81,B,realtor_scraper,2026-08-25T06:32:09.064908+00:00
Eric Harris,Eric,Harris,eric20@hotmail.com,(218) 634-2512,CalAtlantic Homes,Riverside,CA,15,35,3674559,CA104154,CA,5.0,75,B,realtor_scraper,2026-08-25T06:32:09.062614+00:00
Kathleen Ramirez,Kathleen,Ramirez,kathleenr@yahoo.com,(616) 773-3849,United Real Estate,Phoenix,AZ,3,30,10940077,AZ306750,AZ,4.2,91,A,realtor_scraper,2026-08-25T06:32:09.059914+00:00
Jessica Harris,Jessica,Harris,jessicah@kw.com,(603) 598-2091,NVR,Denver,CO,2,39,4583488,CO384117,CO,4.9,94,A,realtor_scraper,2026-08-25T06:32:09.060615+00:00
Dennis Gray,Dennis,Gray,gray.dennis@compass.com,(661) 359-3128,Pulte Homes,New York,NY,14,8,684153,NY304791,NY,4.3,86,A,realtor_scraper,2026-08-25T06:32:09.056150+00:00
Kathleen Diaz,Kathleen,Diaz,kathleend@elliman.com,(434) 518-8509,LGI Homes,Atlanta,GA,5,10,12344095,GA405425,GA,3.8,94,A,realtor_scraper,2026-08-25T06:32:09.059366+00:00
Kevin Edwards,Kevin,Edwards,kevin1@hotmail.com,(804) 330-9769,Ryan Homes,Cincinnati,OH,0,11,1705664,OH226932,OH,4.2,86,B,realtor_scraper,2026-08-25T06:32:09.067396+00:00
Gregory Sanchez,Gregory,Sanchez,gregorys@realtor.com,(405) 458-8940,LGI Homes,Houston,TX,16,32,5426621,TX665779,TX,4.7,87,A,realtor_scraper,2026-08-25T06:32:09.055642+00:00
Daniel Thompson,Daniel,Thompson,danielt@coldwellbanker.com,(770) 690-3644,Berkshire Hathaway,Dallas-Fort Worth,TX,22,35,8663101,TX478181,TX,4.5,61,A,realtor_scraper,2026-08-25T06:32:09.057535+00:00
Ashley Scott,Ashley,Scott,ashleys@hotmail.com,(619) 993-3528,The Agency,Sacramento,CA,5,29,12349955,CA934395,CA,4.5,99,B,realtor_scraper,2026-08-25T06:32:09.065524+00:00
James Carter,James,Carter,james.carter@gmail.com,(716) 942-2569,M/I Homes,Colorado Springs,CO,6,31,7913140,CO711642,CO,3.6,60,C,realtor_scraper,2026-08-25T06:32:09.067756+00:00
Justin Flores,Justin,Flores,jflores@homesmart.com,(585) 951-6014,RE/MAX,Oklahoma City,OK,5,31,10165558,OK964909,OK,4.5,77,C,realtor_scraper,2026-08-25T06:32:09.069769+00:00
Timothy Thomas,Timothy,Thomas,timothyt@redfin.com,(830) 564-1183,LGI Homes,Portland,OR,3,5,1259223,OR315003,OR,3.9,89,B,realtor_scraper,2026-08-25T06:32:09.065392+00:00
Daniel Gutierrez,Daniel,Gutierrez,danielg@compass.com,(203) 440-6072,eXp Realty,Reno,NV,9,46,12974174,NV372826,NV,4.4,94,C,realtor_scraper,2026-08-25T06:32:09.069061+00:00
Janet Morales,Janet,Morales,janet40@hotmail.com,(318) 542-7604,eXp Realty,Las Vegas,NV,10,39,2451213,NV880428,NV,4.5,61,A,realtor_scraper,2026-08-25T06:32:09.057866+00:00
Laura Cruz,Laura,Cruz,laura.cruz@century21.com,(641) 438-6438,Taylor Morrison,Philadelphia,PA,18,41,14893173,PA753591,PA,4.1,100,A,realtor_scraper,2026-08-25T06:32:09.056589+00:00
Helen Ramirez,Helen,Ramirez,helen47@remax.net,(210) 490-6156,eXp Realty,Houston,TX,18,25,8409057,TX356078,TX,4.6,69,A,realtor_scraper,2026-08-25T06:32:09.056086+00:00
Robert Harris,Robert,Harris,rharris@sothebysrealty.com,(442) 863-1202,D.R. Horton,Charlotte,NC,16,16,9576123,NC251215,NC,4.9,85,A,realtor_scraper,2026-08-25T06:32:09.057425+00:00
Rachel Bennett,Rachel,Bennett,rachel64@elliman.com,(262) 554-1242,Century Communities,Philadelphia,PA,22,5,361728,PA216542,PA,3.8,71,A,realtor_scraper,2026-08-25T06:32:09.058366+00:00
Ronald Reyes,Ronald,Reyes,reyes.ronald@redfin.com,(626) 534-6421,Meritage Homes,Minneapolis,MN,0,3,416719,MN947785,MN,3.8,94,B,realtor_scraper,2026-08-25T06:32:09.066183+00:00
Stephen Moore,Stephen,Moore,stephen73@exprealty.com,(269) 508-6997,Tri Pointe Homes,Boston,MA,16,37,10382319,MA741095,MA,4.0,74,A,realtor_scraper,2026-08-25T06:32:09.057765+00:00
Maria Patel,Maria,Patel,maria.patel@remax.net,(517) 236-3554,KB Home,San Jose,CA,24,20,3168023,CA537401,CA,4.2,77,B,realtor_scraper,2026-08-25T06:32:09.064265+00:00
Margaret Allen,Margaret,Allen,margareta@realtyonegroup.com,(914) 242-3771,Century 21,Salt Lake City,UT,18,37,2613255,UT605856,UT,4.9,82,B,realtor_scraper,2026-08-25T06:32:09.064636+00:00
Patrick Martinez,Patrick,Martinez,pmartinez@exprealty.com,(220) 853-5307,Lennar,Phoenix,AZ,2,26,14491152,AZ374751,AZ,4.7,85,A,realtor_scraper,2026-08-25T06:32:09.061648+00:00
Jerry Diaz,Jerry,Diaz,jerryd@remax.net,(919) 630-9189,Beazer Homes,Cincinnati,OH,5,6,1502666,OH985438,OH,4.6,83,B,realtor_scraper,2026-08-25T06:32:09.065332+00:00
Rebecca Edwards,Rebecca,Edwards,rebecca.edwards@remax.net,(708) 622-6593,ERA,Riverside,CA,5,26,4510335,CA751869,CA,3.9,77,B,realtor_scraper,2026-08-25T06:32:09.064926+00:00
Jennifer Hernandez,Jennifer,Hernandez,hernandez.jennifer@century21.com,(959) 431-6541,Redfin,Houston,TX,6,7,1739479,TX482459,TX,5.0,60,A,realtor_scraper,2026-08-25T06:32:09.057087+00:00
George Thomas,George,Thomas,george.thomas@exprealty.com,(910) 704-8498,eXp Realty,Denver,CO,4,10,3961938,CO737943,CO,4.4,64,A,realtor_scraper,2026-08-25T06:32:09.060299+00:00
Brenda Harris,Brenda,Harris,brenda.harris@hotmail.com,(830) 213-9343,United Real Estate,San Diego,CA,5,50,7746423,CA951888,CA,4.3,86,A,realtor_scraper,2026-08-25T06:32:09.060236+00:00
Carol Morris,Carol,Morris,cmorris@sothebysrealty.com,(985) 561-7945,Nest Seekers,Tucson,AZ,18,22,1879653,AZ180505,AZ,3.5,84,C,realtor_scraper,2026-08-25T06:32:09.068481+00:00
Alexander Kim,Alexander,Kim,alexander73@hotmail.com,(847) 387-1226,Meritage Homes,Louisville,KY,3,49,11200545,KY712456,KY,4.3,78,C,realtor_scraper,2026-08-25T06:32:09.069811+00:00
Tyler Scott,Tyler,Scott,tyler.scott@remax.net,(830) 451-7616,Century 21,Milwaukee,WI,2,3,743047,WI316845,WI,3.9,75,C,realtor_scraper,2026-08-25T06:32:09.070777+00:00
Benjamin Collins,Benjamin,Collins,benjamin38@outlook.com,(507) 276-2587,CalAtlantic Homes,Tampa,FL,7,30,3961257,FL248599,FL,4.4,78,A,realtor_scraper,2026-08-25T06:32:09.058252+00:00
Deborah Flores,Deborah,Flores,dflores@compass.com,(706) 799-1541,Nest Seekers,Atlanta,GA,10,2,452146,GA965506,GA,4.5,46,A,realtor_scraper,2026-08-25T06:32:09.056768+00:00
Frank Watson,Frank,Watson,fwatson@realtor.com,(507) 309-2896,Century 21,Colorado Springs,CO,4,10,10705865,CO619500,CO,4.9,70,C,realtor_scraper,2026-08-25T06:32:09.069917+00:00
Brenda Gomez,Brenda,Gomez,brenda.gomez@remax.net,(201) 466-4707,Lennar,Nashville,TN,2,39,12023671,TN602647,TN,4.2,86,A,realtor_scraper,2026-08-25T06:32:09.060492+00:00
Heather Rodriguez,Heather,Rodriguez,heather42@outlook.com,(434) 926-2853,Weichert,Columbus,OH,20,12,1737644,OH717130,OH,4.6,66,B,realtor_scraper,2026-08-25T06:32:09.064145+00:00
Donna Cox,Donna,Cox,donna67@coldwellbanker.com,(301) 335-8944,LGI Homes,Orlando,FL,9,15,6557404,FL325462,FL,4.8,89,A,realtor_scraper,2026-08-25T06:32:09.056212+00:00
Donna King,Donna,King,donnak@outlook.com,(629) 866-8756,eXp Realty,Houston,TX,25,38,11724223,TX412873,TX,4.4,86,A,realtor_scraper,2026-08-25T06:32:09.057390+00:00
Gary Walker,Gary,Walker,walker.gary@coldwellbanker.com,(240) 790-9321,Nest Seekers,Tucson,AZ,24,12,12884601,AZ251961,AZ,3.7,74,C,realtor_scraper,2026-08-25T06:32:09.068453+00:00
Linda Evans,Linda,Evans,lindae@gmail.com,(262) 720-3977,Better Homes & Gardens,Cleveland,OH,22,5,1697208,OH473942,OH,4.5,71,B,realtor_scraper,2026-08-25T06:32:09.062859+00:00
Andrew Murphy,Andrew,Murphy,andrewm@sothebysrealty.com,(989) 213-2698,eXp Realty,Baltimore,MD,4,2,466649,MD970825,MD,4.5,72,B,realtor_scraper,2026-08-25T06:32:09.065838+00:00
William Taylor,William,Taylor,williamt@coldwellbanker.com,(220) 749-5363,Berkshire Hathaway,Columbus,OH,4,42,7265421,OH893506,OH,4.2,72,B,realtor_scraper,2026-08-25T06:32:09.065350+00:00
Ronald King,Ronald,King,king.ronald@homesmart.com,(608) 337-6756,NVR,Minneapolis,MN,20,21,1889998,MN416905,MN,3.9,85,B,realtor_scraper,2026-08-25T06:32:09.064543+00:00
Carol Roberts,Carol,Roberts,carol.roberts@sothebysrealty.com,(534) 817-2810,Ryan Homes,Virginia Beach,VA,4,9,1541979,VA541210,VA,4.8,85,C,realtor_scraper,2026-08-25T06:32:09.070075+00:00
Aaron Hernandez,Aaron,Hernandez,aaronh@outlook.com,(334) 655-7523,Berkshire Hathaway,Houston,TX,24,25,7733507,TX231902,TX,4.1,85,A,realtor_scraper,2026-08-25T06:32:09.056017+00:00
Ruth Diaz,Ruth,Diaz,rdiaz@realtor.com,(684) 579-9788,Coldwell Banker,Boise,ID,21,43,5845501,ID695503,ID,3.7,93,C,realtor_scraper,2026-08-25T06:32:09.069144+00:00
Brian Cook,Brian,Cook,cook.brian@realtyonegroup.com,(573) 853-6841,KB Home,Sacramento,CA,4,12,816287,CA272243,CA,4.3,61,B,realtor_scraper,2026-08-25T06:32:09.065624+00:00
Michael Stewart,Michael,Stewart,michael56@realtyonegroup.com,(484) 694-7148,Century Communities,New York,NY,0,26,8234282,NY352979,NY,3.9,79,A,realtor_scraper,2026-08-25T06:32:09.060813+00:00
Jennifer Flores,Jennifer,Flores,jennifer.flores@gmail.com,(773) 443-7676,Vylla Home,Boston,MA,14,37,13068098,MA483485,MA,4.6,96,A,realtor_scraper,2026-08-25T06:32:09.055867+00:00
James Morris,James,Morris,jamesm@yahoo.com,(520) 735-9887,Compass,Reno,NV,2,30,8175668,NV297275,NV,3.8,63,C,realtor_scraper,2026-08-25T06:32:09.071318+00:00
Kevin Robinson,Kevin,Robinson,robinson.kevin@exprealty.com,(941) 764-8861,eXp Realty,Phoenix,AZ,10,13,10536507,AZ405866,AZ,4.9,99,A,realtor_scraper,2026-08-25T06:32:09.056619+00:00
Rachel Torres,Rachel,Torres,rachel94@realtyonegroup.com,(580) 999-1286,M/I Homes,Dallas-Fort Worth,TX,14,39,9139661,TX819780,TX,4.2,95,A,realtor_scraper,2026-08-25T06:32:09.057288+00:00
Samantha Morales,Samantha,Morales,samantha.morales@coldwellbanker.com,(212) 313-4829,Pulte Homes,Tampa,FL,7,14,2586598,FL829760,FL,3.7,75,A,realtor_scraper,2026-08-25T06:32:09.056044+00:00
Andrew Chavez,Andrew,Chavez,andrew42@berkshirehathawayhs.com,(530) 505-3098,Toll Brothers,Baton Rouge,LA,8,2,220203,LA952277,LA,4.3,72,C,realtor_scraper,2026-08-25T06:32:09.068619+00:00
Andrew Bennett,Andrew,Bennett,andrew72@yahoo.com,(281) 677-6796,Pulte Homes,Atlanta,GA,4,7,1845326,GA560589,GA,4.3,82,A,realtor_scraper,2026-08-25T06:32:09.059825+00:00
Helen Wright,Helen,Wright,helenw@outlook.com,(757) 262-7603,Century Communities,Philadelphia,PA,4,16,9921496,PA700798,PA,4.3,74,A,realtor_scraper,2026-08-25T06:32:09.058946+00:00
Michelle Hernandez,Michelle,Hernandez,michelle37@compass.com,(931) 953-9601,KB Home,Miami,FL,4,31,5381122,FL212604,FL,4.6,71,A,realtor_scraper,2026-08-25T06:32:09.058841+00:00
Dorothy Williams,Dorothy,Williams,dorothy.williams@realtyonegroup.com,(716) 922-3826,Coldwell Banker,Denver,CO,18,1,371213,CO187877,CO,4.8,75,A,realtor_scraper,2026-08-25T06:32:09.056604+00:00
Larry Mitchell,Larry,Mitchell,larry66@berkshirehathawayhs.com,(702) 837-3080,Douglas Elliman,Charlotte,NC,5,27,3225118,NC461460,NC,4.7,93,A,realtor_scraper,2026-08-25T06:32:09.059529+00:00
Maria Walker,Maria,Walker,maria62@sothebysrealty.com,(559) 635-8611,RE/MAX,San Jose,CA,9,28,8261295,CA893238,CA,4.2,75,B,realtor_scraper,2026-08-25T06:32:09.063869+00:00
Stephanie Reed,Stephanie,Reed,stephanie67@weichert.com,(912) 487-5771,NVR,New Orleans,LA,3,20,9024366,LA531093,LA,4.7,79,C,realtor_scraper,2026-08-25T06:32:09.069960+00:00
Rebecca Gomez,Rebecca,Gomez,gomez.rebecca@homesmart.com,(445) 752-5439,HomeSmart,Raleigh,NC,13,14,8194402,NC347037,NC,4.5,91,B,realtor_scraper,2026-08-25T06:32:09.063269+00:00
Ronald Lopez,Ronald,Lopez,lopez.ronald@century21.com,(318) 600-5717,Pulte Homes,Salt Lake City,UT,4,48,4261380,UT995504,UT,3.6,66,B,realtor_scraper,2026-08-25T06:32:09.065096+00:00
Donna Lee,Donna,Lee,donna64@elliman.com,(707) 254-6346,Realty One Group,Baltimore,MD,5,30,10619646,MD391620,MD,4.6,100,B,realtor_scraper,2026-08-25T06:32:09.065763+00:00
Pamela Collins,Pamela,Collins,pamela25@coldwellbanker.com,(781) 669-3214,Vylla Home,Milwaukee,WI,7,48,13012963,WI839537,WI,3.9,100,C,realtor_scraper,2026-08-25T06:32:09.067944+00:00
Catherine Jones,Catherine,Jones,cjones@realtor.com,(323) 671-1123,CalAtlantic Homes,New York,NY,2,0,32762,NY259198,NY,0.0,65,A,realtor_scraper,2026-08-25T06:32:09.061284+00:00
Cynthia Sanchez,Cynthia,Sanchez,cynthia42@realtyonegroup.com,(580) 320-3487,LGI Homes,Las Vegas,NV,18,17,10221181,NV863882,NV,4.1,71,A,realtor_scraper,2026-08-25T06:32:09.058756+00:00
Amanda Allen,Amanda,Allen,amandaa@coldwellbanker.com,(863) 265-9183,Coldwell Banker,Las Vegas,NV,1,28,3138626,NV174789,NV,5.0,81,A,realtor_scraper,2026-08-25T06:32:09.060840+00:00
Daniel Peterson,Daniel,Peterson,peterson.daniel@weichert.com,(586) 906-9046,Taylor Morrison,Virginia Beach,VA,0,13,12419636,VA403336,VA,4.8,78,C,realtor_scraper,2026-08-25T06:32:09.071363+00:00
Christopher Morris,Christopher,Morris,christopher.morris@remax.net,(458) 381-5936,Vylla Home,New Orleans,LA,3,42,1871918,LA241103,LA,3.9,74,C,realtor_scraper,2026-08-25T06:32:09.070194+00:00
Ashley Gonzalez,Ashley,Gonzalez,ashleyg@outlook.com,(364) 819-7373,Century Communities,San Jose,CA,17,1,469882,CA827748,CA,4.1,47,B,realtor_scraper,2026-08-25T06:32:09.062072+00:00
Frank Cox,Frank,Cox,frank.cox@remax.net,(940) 750-5533,Better Homes & Gardens,San Diego,CA,25,50,5463461,CA929172,CA,4.2,83,A,realtor_scraper,2026-08-25T06:32:09.058384+00:00
Larry Wood,Larry,Wood,wood.larry@homesmart.com,(216) 789-2810,Lennar,Raleigh,NC,4,23,8524929,NC469046,NC,3.6,72,B,realtor_scraper,2026-08-25T06:32:09.064843+00:00
Susan Richardson,Susan,Richardson,susan.richardson@compass.com,(701) 391-6255,CalAtlantic Homes,Virginia Beach,VA,16,40,10824813,VA789113,VA,4.0,100,C,realtor_scraper,2026-08-25T06:32:09.067973+00:00
Amanda Gonzalez,Amanda,Gonzalez,gonzalez.amanda@sothebysrealty.com,(561) 236-2406,Ryan Homes,Baltimore,MD,21,31,11510099,MD858133,MD,4.7,100,B,realtor_scraper,2026-08-25T06:32:09.063206+00:00
Brenda Lewis,Brenda,Lewis,brenda.lewis@kw.com,(202) 423-4443,Taylor Morrison,Houston,TX,0,35,3632808,TX879968,TX,3.7,95,A,realtor_scraper,2026-08-25T06:32:09.061550+00:00
Gregory Torres,Gregory,Torres,gtorres@hotmail.com,(336) 560-8965,Redfin,Milwaukee,WI,17,11,1287777,WI232563,WI,3.6,83,C,realtor_scraper,2026-08-25T06:32:09.068252+00:00
Thomas Richardson,Thomas,Richardson,thomasr@elliman.com,(684) 641-2120,Douglas Elliman,San Antonio,TX,4,6,599393,TX590840,TX,4.7,73,B,realtor_scraper,2026-08-25T06:32:09.066047+00:00
Barbara Cooper,Barbara,Cooper,cooper.barbara@coldwellbanker.com,(985) 372-5754,Taylor Morrison,San Diego,CA,1,19,1699816,CA803095,CA,4.3,66,A,realtor_scraper,2026-08-25T06:32:09.061108+00:00
Anna Wood,Anna,Wood,wood.anna@gmail.com,(331) 405-5813,RE/MAX,Dallas-Fort Worth,TX,2,33,3672848,TX293369,TX,4.2,85,A,realtor_scraper,2026-08-25T06:32:09.061463+00:00
Richard Roberts,Richard,Roberts,richard.roberts@gmail.com,(570) 346-4236,Taylor Morrison,Boston,MA,1,12,11638561,MA191842,MA,4.3,82,A,realtor_scraper,2026-08-25T06:32:09.061982+00:00
Helen Rogers,Helen,Rogers,helen29@homesmart.com,(414) 842-4303,eXp Realty,Riverside,CA,7,24,9070088,CA490329,CA,4.3,61,B,realtor_scraper,2026-08-25T06:32:09.063583+00:00
Kathleen Rivera,Kathleen,Rivera,krivera@homesmart.com,(810) 359-8460,Vylla Home,Sacramento,CA,22,20,12347492,CA393334,CA,4.0,94,B,realtor_scraper,2026-08-25T06:32:09.063119+00:00
Lisa Ross,Lisa,Ross,lisa.ross@remax.net,(507) 864-5058,Meritage Homes,Riverside,CA,1,44,10224451,CA311086,CA,4.0,92,B,realtor_scraper,2026-08-25T06:32:09.066710+00:00
Samantha Hernandez,Samantha,Hernandez,shernandez@homesmart.com,(325) 431-9444,Compass,Riverside,CA,5,10,1800792,CA407371,CA,4.9,81,B,realtor_scraper,2026-08-25T06:32:09.064857+00:00
Scott Thompson,Scott,Thompson,scott.thompson@kw.com,(478) 382-4892,ERA,Las Vegas,NV,12,8,1384741,NV969792,NV,4.2,90,A,realtor_scraper,2026-08-25T06:32:09.056780+00:00
Pamela Wright,Pamela,Wright,pamela52@sothebysrealty.com,(984) 945-9732,Better Homes & Gardens,New York,NY,9,12,724478,NY116049,NY,3.7,66,A,realtor_scraper,2026-08-25T06:32:09.056542+00:00
Ruth Stewart,Ruth,Stewart,rstewart@yahoo.com,(516) 489-5700,Taylor Morrison,San Francisco,CA,0,14,8152438,CA956068,CA,4.8,86,A,realtor_scraper,2026-08-25T06:32:09.061726+00:00
Jessica Reed,Jessica,Reed,jessica73@sothebysrealty.com,(727) 848-4532,Realty One Group,Atlanta,GA,4,8,1911237,GA661743,GA,4.1,79,A,realtor_scraper,2026-08-25T06:32:09.059992+00:00
Andrew Mitchell,Andrew,Mitchell,andrew.mitchell@coldwellbanker.com,(518) 226-7913,HomeSmart,Dallas-Fort Worth,TX,16,11,541600,TX356457,TX,3.6,88,A,realtor_scraper,2026-08-25T06:32:09.056179+00:00
Dennis Rogers,Dennis,Rogers,drogers@hotmail.com,(904) 849-9662,M/I Homes,Seattle,WA,20,10,2557567,WA979972,WA,4.1,64,A,realtor_scraper,2026-08-25T06:32:09.058353+00:00
Dorothy Carter,Dorothy,Carter,dorothy71@exprealty.com,(220) 819-3040,ERA,Portland,OR,6,37,7293054,OR611261,OR,4.6,76,B,realtor_scraper,2026-08-25T06:32:09.064622+00:00
Brenda Stewart,Brenda,Stewart,stewart.brenda@coldwellbanker.com,(984) 991-6177,M/I Homes,Tucson,AZ,14,12,1986917,AZ186261,AZ,4.4,66,C,realtor_scraper,2026-08-25T06:32:09.069234+00:00
Jonathan Ramos,Jonathan,Ramos,jramos@remax.net,(928) 962-9600,LGI Homes,Boise,ID,8,14,5827207,ID891951,ID,3.9,63,C,realtor_scraper,2026-08-25T06:32:09.068022+00:00
Frank Sanchez,Frank,Sanchez,sanchez.frank@homesmart.com,(972) 480-1708,Vylla Home,Oklahoma City,OK,3,11,8976106,OK697650,OK,3.9,81,C,realtor_scraper,2026-08-25T06:32:09.070473+00:00
Emma Hill,Emma,Hill,emmah@exprealty.com,(763) 255-3694,Nest Seekers,Portland,OR,0,10,2834981,OR525845,OR,4.5,75,B,realtor_scraper,2026-08-25T06:32:09.067112+00:00
Ronald Thomas,Ronald,Thomas,ronald15@realtyonegroup.com,(513) 251-7933,Taylor Morrison,New Orleans,LA,0,13,8829971,LA724164,LA,4.1,74,C,realtor_scraper,2026-08-25T06:32:09.070564+00:00
Jessica Anderson,Jessica,Anderson,anderson.jessica@kw.com,(508) 545-7279,Ryan Homes,Oklahoma City,OK,14,22,7837403,OK394202,OK,4.6,60,C,realtor_scraper,2026-08-25T06:32:09.069250+00:00
David Torres,David,Torres,dtorres@realtyonegroup.com,(402) 722-9557,Ryan Homes,Dallas-Fort Worth,TX,3,34,12886821,TX505277,TX,4.8,90,A,realtor_scraper,2026-08-25T06:32:09.059395+00:00
Rachel Sanders,Rachel,Sanders,rachels@homesmart.com,(769) 403-3035,ERA,Albuquerque,NM,2,23,9136793,NM140008,NM,3.9,76,C,realtor_scraper,2026-08-25T06:32:09.070717+00:00
Shirley Alvarez,Shirley,Alvarez,shirley.alvarez@kw.com,(918) 269-4872,Realty One Group,Phoenix,AZ,2,13,1962910,AZ658569,AZ,4.2,74,A,realtor_scraper,2026-08-25T06:32:09.061619+00:00
Edward Alvarez,Edward,Alvarez,edwarda@redfin.com,(724) 403-6370,Vylla Home,Virginia Beach,VA,24,21,3737433,VA741454,VA,4.9,90,C,realtor_scraper,2026-08-25T06:32:09.069603+00:00
Robert Gonzalez,Robert,Gonzalez,robert85@compass.com,(470) 759-8938,RE/MAX,Detroit,MI,8,21,14788328,MI495065,MI,4.5,74,B,realtor_scraper,2026-08-25T06:32:09.062502+00:00
Paul Phillips,Paul,Phillips,paul.phillips@realtor.com,(989) 686-7486,Better Homes & Gardens,Boise,ID,16,35,11670447,ID487801,ID,4.4,81,C,realtor_scraper,2026-08-25T06:32:09.068826+00:00
Amanda Baker,Amanda,Baker,abaker@elliman.com,(534) 209-1258,Zillow Premier,Boston,MA,4,24,4674192,MA720336,MA,4.2,63,A,realtor_scraper,2026-08-25T06:32:09.059630+00:00
Cynthia Turner,Cynthia,Turner,cynthiat@berkshirehathawayhs.com,(346) 819-1105,Vylla Home,Reno,NV,23,31,4012396,NV453044,NV,4.7,64,C,realtor_scraper,2026-08-25T06:32:09.067994+00:00
Mary Martin,Mary,Martin,marym@homesmart.com,(312) 971-7660,Tri Pointe Homes,New York,NY,2,27,6114151,NY446742,NY,3.6,60,A,realtor_scraper,2026-08-25T06:32:09.060974+00:00
Joseph Torres,Joseph,Torres,jtorres@compass.com,(480) 728-2705,Berkshire Hathaway,Miami,FL,15,4,341154,FL509726,FL,4.8,67,A,realtor_scraper,2026-08-25T06:32:09.055627+00:00
Carol Lewis,Carol,Lewis,carol39@century21.com,(918) 837-3742,eXp Realty,Portland,OR,0,34,2908073,OR864202,OR,4.1,72,B,realtor_scraper,2026-08-25T06:32:09.067249+00:00
Samantha Mitchell,Samantha,Mitchell,mitchell.samantha@yahoo.com,(408) 336-4127,The Agency,Reno,NV,0,15,13483010,NV406502,NV,4.7,86,C,realtor_scraper,2026-08-25T06:32:09.070689+00:00
Christopher Cooper,Christopher,Cooper,ccooper@elliman.com,(402) 862-4156,Meritage Homes,Cincinnati,OH,18,38,14805654,OH610128,OH,4.3,91,B,realtor_scraper,2026-08-25T06:32:09.064398+00:00
Jeffrey Rodriguez,Jeffrey,Rodriguez,jeffrey3@weichert.com,(564) 503-4098,CalAtlantic Homes,Tucson,AZ,4,14,5844661,AZ203839,AZ,4.6,94,C,realtor_scraper,2026-08-25T06:32:09.070402+00:00
Andrew Brown,Andrew,Brown,andrew.brown@elliman.com,(812) 859-3814,Lennar,Raleigh,NC,14,15,1181498,NC769924,NC,4.5,90,B,realtor_scraper,2026-08-25T06:32:09.064384+00:00
John Thompson,John,Thompson,thompson.john@homesmart.com,(252) 552-1562,Toll Brothers,Cincinnati,OH,2,34,8603223,OH557076,OH,4.9,65,B,realtor_scraper,2026-08-25T06:32:09.066414+00:00
Mary Green,Mary,Green,maryg@berkshirehathawayhs.com,(661) 912-2254,Meritage Homes,Charlotte,NC,18,2,326011,NC443741,NC,4.4,72,A,realtor_scraper,2026-08-25T06:32:09.057881+00:00
Robert Stewart,Robert,Stewart,stewart.robert@coldwellbanker.com,(951) 292-6872,The Agency,Jacksonville,FL,25,18,13360879,FL707051,FL,4.6,100,B,realtor_scraper,2026-08-25T06:32:09.062629+00:00
Michelle Reyes,Michelle,Reyes,michelle13@outlook.com,(925) 383-2669,Lennar,Houston,TX,4,28,5176551,TX120296,TX,4.3,68,A,realtor_scraper,2026-08-25T06:32:09.059112+00:00
Gary Miller,Gary,Miller,gmiller@century21.com,(224) 643-1680,eXp Realty,Jacksonville,FL,2,41,8000590,FL944328,FL,4.4,65,B,realtor_scraper,2026-08-25T06:32:09.066772+00:00
Daniel Mitchell,Daniel,Mitchell,dmitchell@berkshirehathawayhs.com,(331) 865-6122,Sotheby's,Salt Lake City,UT,18,48,9148813,UT645961,UT,4.1,89,B,realtor_scraper,2026-08-25T06:32:09.064697+00:00
Andrew Rogers,Andrew,Rogers,rogers.andrew@outlook.com,(989) 381-1871,Weichert,New Orleans,LA,6,33,7578473,LA821788,LA,4.8,82,C,realtor_scraper,2026-08-25T06:32:09.068760+00:00
Gregory Allen,Gregory,Allen,allen.gregory@elliman.com,(208) 749-2381,Compass,San Jose,CA,9,45,10615877,CA392265,CA,4.6,85,B,realtor_scraper,2026-08-25T06:32:09.062014+00:00
Daniel Baker,Daniel,Baker,dbaker@remax.net,(856) 238-3292,Keller Williams,Miami,FL,15,25,10103170,FL252054,FL,4.8,79,A,realtor_scraper,2026-08-25T06:32:09.058397+00:00
Laura Collins,Laura,Collins,laurac@century21.com,(213) 446-7503,The Agency,New York,NY,8,41,13563679,NY140722,NY,4.8,80,A,realtor_scraper,2026-08-25T06:32:09.058410+00:00
Thomas Gomez,Thomas,Gomez,thomas.gomez@redfin.com,(440) 968-8018,Taylor Morrison,Atlanta,GA,4,14,4175314,GA327191,GA,4.1,95,A,realtor_scraper,2026-08-25T06:32:09.058825+00:00
Charles Mitchell,Charles,Mitchell,mitchell.charles@outlook.com,(973) 390-5721,CalAtlantic Homes,Columbus,OH,12,12,12826515,OH172058,OH,3.5,100,B,realtor_scraper,2026-08-25T06:32:09.063914+00:00
Nicole Collins,Nicole,Collins,nicolec@century21.com,(915) 658-2562,Compass,San Jose,CA,3,12,729440,CA410563,CA,3.7,70,B,realtor_scraper,2026-08-25T06:32:09.064815+00:00
Joshua Mitchell,Joshua,Mitchell,joshua32@realtor.com,(979) 560-2907,RE/MAX,Phoenix,AZ,2,4,209026,AZ696762,AZ,4.0,80,A,realtor_scraper,2026-08-25T06:32:09.060988+00:00
Timothy Rogers,Timothy,Rogers,timothyr@hotmail.com,(725) 318-7589,Douglas Elliman,Columbus,OH,1,45,9336317,OH530931,OH,4.5,78,B,realtor_scraper,2026-08-25T06:32:09.067488+00:00
Amy Mitchell,Amy,Mitchell,amy.mitchell@kw.com,(248) 815-4699,United Real Estate,Las Vegas,NV,2,0,76429,NV646622,NV,0.0,62,A,realtor_scraper,2026-08-25T06:32:09.060581+00:00
Janet Wilson,Janet,Wilson,jwilson@outlook.com,(475) 941-5122,The Agency,Jacksonville,FL,1,32,1739425,FL482380,FL,3.7,88,B,realtor_scraper,2026-08-25T06:32:09.067366+00:00
Amy Carter,Amy,Carter,amyc@hotmail.com,(816) 508-8015,Redfin,Reno,NV,5,14,1810329,NV873016,NV,3.9,85,C,realtor_scraper,2026-08-25T06:32:09.070342+00:00
Cynthia Thompson,Cynthia,Thompson,cynthiat@sothebysrealty.com,(845) 411-1857,Zillow Premier,Tampa,FL,22,33,1647021,FL975701,FL,4.7,94,A,realtor_scraper,2026-08-25T06:32:09.058070+00:00
Ashley Price,Ashley,Price,aprice@gmail.com,(703) 869-9917,LGI Homes,Richmond,VA,25,30,14587520,VA467662,VA,4.5,85,C,realtor_scraper,2026-08-25T06:32:09.068890+00:00
Karen Davis,Karen,Davis,karen.davis@century21.com,(413) 645-2654,Lennar,Nashville,TN,1,22,4042757,TN958712,TN,4.3,77,A,realtor_scraper,2026-08-25T06:32:09.060505+00:00
Timothy Martinez,Timothy,Martinez,timothy.martinez@sothebysrealty.com,(501) 910-8626,Better Homes & Gardens,Cleveland,OH,0,1,289672,OH306671,OH,5.0,68,B,realtor_scraper,2026-08-25T06:32:09.066657+00:00
Richard Gonzalez,Richard,Gonzalez,richard.gonzalez@berkshirehathawayhs.com,(650) 537-5388,eXp Realty,San Diego,CA,23,17,2192887,CA156251,CA,4.7,73,A,realtor_scraper,2026-08-25T06:32:09.056826+00:00
Karen Parker,Karen,Parker,karen.parker@homesmart.com,(541) 335-7178,LGI Homes,Baltimore,MD,3,11,5860640,MD117000,MD,4.8,70,B,realtor_scraper,2026-08-25T06:32:09.065300+00:00
Jonathan Stewart,Jonathan,Stewart,jonathan27@realtor.com,(770) 648-2730,NVR,Atlanta,GA,16,46,9616349,GA984845,GA,4.3,78,A,realtor_scraper,2026-08-25T06:32:09.056416+00:00
Betty Rogers,Betty,Rogers,brogers@exprealty.com,(985) 247-7217,Berkshire Hathaway,Boston,MA,0,31,5941098,MA914099,MA,4.0,62,A,realtor_scraper,2026-08-25T06:32:09.061707+00:00
Betty Sanchez,Betty,Sanchez,betty.sanchez@berkshirehathawayhs.com,(614) 512-3446,D.R. Horton,Chicago,IL,0,2,408508,IL173994,IL,4.9,59,A,realtor_scraper,2026-08-25T06:32:09.060448+00:00
Nancy Carter,Nancy,Carter,nancyc@berkshirehathawayhs.com,(747) 657-5647,Berkshire Hathaway,Las Vegas,NV,15,19,7110572,NV895075,NV,4.9,76,A,realtor_scraper,2026-08-25T06:32:09.056898+00:00
Diane Thomas,Diane,Thomas,diane.thomas@compass.com,(814) 580-3467,LGI Homes,Virginia Beach,VA,1,14,1371088,VA670301,VA,4.5,87,C,realtor_scraper,2026-08-25T06:32:09.071111+00:00
Jessica Martinez,Jessica,Martinez,jessica.martinez@outlook.com,(425) 583-6914,RE/MAX,Boise,ID,1,49,9950334,ID158208,ID,4.6,76,C,realtor_scraper,2026-08-25T06:32:09.070675+00:00
Shirley Richardson,Shirley,Richardson,shirley74@weichert.com,(657) 988-4584,Berkshire Hathaway,Indianapolis,IN,0,7,792302,IN855733,IN,4.9,74,B,realtor_scraper,2026-08-25T06:32:09.067190+00:00
Jacob Lopez,Jacob,Lopez,lopez.jacob@century21.com,(916) 856-8089,RE/MAX,Chicago,IL,5,23,11391821,IL518426,IL,4.3,99,A,realtor_scraper,2026-08-25T06:32:09.060250+00:00
Ryan Howard,Ryan,Howard,ryan.howard@hotmail.com,(857) 916-7441,Taylor Morrison,Chicago,IL,7,34,2316495,IL199928,IL,4.8,93,A,realtor_scraper,2026-08-25T06:32:09.055525+00:00
George Edwards,George,Edwards,george4@berkshirehathawayhs.com,(914) 537-9151,Nest Seekers,Cincinnati,OH,7,40,7580947,OH850378,OH,4.4,87,B,realtor_scraper,2026-08-25T06:32:09.062719+00:00
Thomas Brooks,Thomas,Brooks,thomas.brooks@remax.net,(347) 878-2422,Berkshire Hathaway,Tucson,AZ,4,12,13246990,AZ281456,AZ,4.5,77,C,realtor_scraper,2026-08-25T06:32:09.070002+00:00
Samuel Myers,Samuel,Myers,samuel23@gmail.com,(714) 626-7356,M/I Homes,New York,NY,18,4,153522,NY840136,NY,3.5,61,A,realtor_scraper,2026-08-25T06:32:09.055657+00:00
Thomas Jackson,Thomas,Jackson,jackson.thomas@century21.com,(478) 356-5819,Coldwell Banker,Memphis,TN,17,10,13997916,TN344721,TN,4.0,73,C,realtor_scraper,2026-08-25T06:32:09.068509+00:00
Karen Williams,Karen,Williams,karen91@homesmart.com,(716) 774-7433,eXp Realty,Miami,FL,25,36,14038105,FL840035,FL,3.6,100,A,realtor_scraper,2026-08-25T06:32:09.058341+00:00
Carolyn Perez,Carolyn,Perez,cperez@remax.net,(845) 581-7877,Coldwell Banker,Memphis,TN,12,42,9368086,TN375862,TN,4.6,61,C,realtor_scraper,2026-08-25T06:32:09.069082+00:00
Gregory Campbell,Gregory,Campbell,campbell.gregory@remax.net,(660) 693-7047,M/I Homes,Tampa,FL,19,10,14436096,FL908408,FL,3.8,85,A,realtor_scraper,2026-08-25T06:32:09.055898+00:00
Joshua Stewart,Joshua,Stewart,stewart.joshua@berkshirehathawayhs.com,(240) 636-6446,Century 21,Indianapolis,IN,5,10,1819867,IN515029,IN,4.2,82,B,realtor_scraper,2026-08-25T06:32:09.065471+00:00
Pamela Gonzalez,Pamela,Gonzalez,gonzalez.pamela@elliman.com,(256) 223-2050,Tri Pointe Homes,Oklahoma City,OK,5,38,3495938,OK570068,OK,4.3,69,C,realtor_scraper,2026-08-25T06:32:09.070459+00:00
Michelle Price,Michelle,Price,michellep@yahoo.com,(571) 676-2492,Keller Williams,Milwaukee,WI,1,24,13396039,WI599466,WI,4.2,76,C,realtor_scraper,2026-08-25T06:32:09.071382+00:00
Aaron Cook,Aaron,Cook,cook.aaron@remax.net,(207) 859-1064,KB Home,Cincinnati,OH,1,11,1312185,OH733948,OH,4.3,80,B,realtor_scraper,2026-08-25T06:32:09.066975+00:00
Samuel Carter,Samuel,Carter,carter.samuel@outlook.com,(386) 294-3983,LGI Homes,Richmond,VA,5,38,10459560,VA132199,VA,3.5,82,C,realtor_scraper,2026-08-25T06:32:09.070487+00:00
Ronald Ross,Ronald,Ross,ronald.ross@homesmart.com,(408) 700-6090,LGI Homes,Charlotte,NC,4,21,2409192,NC455920,NC,3.7,62,A,realtor_scraper,2026-08-25T06:32:09.059351+00:00
Gregory Miller,Gregory,Miller,miller.gregory@remax.net,(406) 397-7553,Keller Williams,Denver,CO,15,11,13445747,CO689327,CO,3.6,76,A,realtor_scraper,2026-08-25T06:32:09.058327+00:00
Rachel Diaz,Rachel,Diaz,rachel.diaz@kw.com,(909) 766-1512,D.R. Horton,Kansas City,MO,21,15,1169859,MO455588,MO,4.0,68,B,realtor_scraper,2026-08-25T06:32:09.063014+00:00
Edward Price,Edward,Price,edward63@elliman.com,(415) 915-8707,The Agency,Cincinnati,OH,1,1,253833,OH585710,OH,4.5,72,B,realtor_scraper,2026-08-25T06:32:09.067336+00:00
Tyler Davis,Tyler,Davis,tyler.davis@compass.com,(984) 264-8532,Century 21,Chicago,IL,20,42,2646428,IL873503,IL,4.7,63,A,realtor_scraper,2026-08-25T06:32:09.058030+00:00
Edward Perez,Edward,Perez,edwardp@homesmart.com,(757) 891-4095,M/I Homes,Cincinnati,OH,2,45,8281218,OH371060,OH,4.2,69,B,realtor_scraper,2026-08-25T06:32:09.066744+00:00
Daniel Cox,Daniel,Cox,daniel.cox@yahoo.com,(603) 216-7463,Meritage Homes,Jacksonville,FL,1,4,1498731,FL262667,FL,4.6,74,B,realtor_scraper,2026-08-25T06:32:09.066897+00:00
William Ross,William,Ross,william44@weichert.com,(443) 255-2879,NVR,Portland,OR,4,36,3378808,OR769616,OR,4.9,74,B,realtor_scraper,2026-08-25T06:32:09.065734+00:00
Pamela Anderson,Pamela,Anderson,pamela87@exprealty.com,(662) 885-2615,Nest Seekers,Phoenix,AZ,3,34,13475808,AZ715943,AZ,3.9,92,A,realtor_scraper,2026-08-25T06:32:09.059277+00:00
Aaron Nelson,Aaron,Nelson,aaronn@century21.com,(872) 959-4061,KB Home,Milwaukee,WI,0,19,10185162,WI143660,WI,4.1,90,C,realtor_scraper,2026-08-25T06:32:09.071212+00:00
Melissa Martinez,Melissa,Martinez,mmartinez@yahoo.com,(220) 841-7214,Century Communities,Columbus,OH,7,46,11481917,OH426722,OH,4.2,83,B,realtor_scraper,2026-08-25T06:32:09.062688+00:00
Amy Ramirez,Amy,Ramirez,aramirez@kw.com,(832) 767-8180,Sotheby's,Columbus,OH,23,42,11200970,OH488844,OH,4.7,81,B,realtor_scraper,2026-08-25T06:32:09.062816+00:00
Michelle James,Michelle,James,mjames@homesmart.com,(954) 308-9591,Nest Seekers,Orlando,FL,11,36,6192337,FL443722,FL,4.8,74,A,realtor_scraper,2026-08-25T06:32:09.056471+00:00
Dorothy Rogers,Dorothy,Rogers,dorothyr@berkshirehathawayhs.com,(989) 962-9754,Tri Pointe Homes,Raleigh,NC,7,26,5887925,NC742881,NC,4.2,63,B,realtor_scraper,2026-08-25T06:32:09.062488+00:00
Tyler Flores,Tyler,Flores,tylerf@realtor.com,(380) 452-2801,Coldwell Banker,San Jose,CA,10,12,1994627,CA299943,CA,4.7,66,B,realtor_scraper,2026-08-25T06:32:09.063394+00:00
Alexander Howard,Alexander,Howard,alexander.howard@weichert.com,(417) 983-9880,ERA,Jacksonville,FL,2,32,13406619,FL452094,FL,4.9,78,B,realtor_scraper,2026-08-25T06:32:09.067235+00:00
Ashley Wilson,Ashley,Wilson,wilson.ashley@realtyonegroup.com,(815) 271-4144,Beazer Homes,Virginia Beach,VA,15,1,161446,VA442567,VA,4.9,42,C,realtor_scraper,2026-08-25T06:32:09.068087+00:00
Jason Richardson,Jason,Richardson,jason18@realtyonegroup.com,(361) 861-5946,Douglas Elliman,Indianapolis,IN,7,37,8735360,IN799054,IN,4.7,61,B,realtor_scraper,2026-08-25T06:32:09.064351+00:00
Kimberly Patel,Kimberly,Patel,kimberly60@weichert.com,(443) 966-4166,Toll Brothers,Memphis,TN,2,37,8488202,TN875801,TN,4.3,63,C,realtor_scraper,2026-08-25T06:32:09.071536+00:00
Alexander King,Alexander,King,king.alexander@berkshirehathawayhs.com,(646) 981-4552,Keller Williams,Las Vegas,NV,8,1,198094,NV951115,NV,4.5,72,A,realtor_scraper,2026-08-25T06:32:09.055694+00:00
Amanda Edwards,Amanda,Edwards,amandae@homesmart.com,(504) 712-8688,Toll Brothers,New York,NY,2,29,5697280,NY320228,NY,3.7,68,A,realtor_scraper,2026-08-25T06:32:09.060880+00:00
Sharon Clark,Sharon,Clark,sclark@coldwellbanker.com,(607) 718-4841,eXp Realty,Cincinnati,OH,16,49,7208486,OH136260,OH,3.6,62,B,realtor_scraper,2026-08-25T06:32:09.063552+00:00
Ruth Roberts,Ruth,Roberts,ruth.roberts@realtor.com,(414) 816-7543,Compass,Atlanta,GA,5,11,11312469,GA543346,GA,4.2,100,A,realtor_scraper,2026-08-25T06:32:09.059978+00:00
Margaret Miller,Margaret,Miller,margaret.miller@yahoo.com,(773) 336-4668,Ryan Homes,Austin,TX,1,3,97617,TX920447,TX,3.8,88,A,realtor_scraper,2026-08-25T06:32:09.061516+00:00
Linda Cook,Linda,Cook,lindac@realtor.com,(650) 368-4729,Pulte Homes,Riverside,CA,23,22,8584210,CA646573,CA,4.1,89,B,realtor_scraper,2026-08-25T06:32:09.062445+00:00
Samantha Brown,Samantha,Brown,sbrown@weichert.com,(802) 772-8911,Nest Seekers,Houston,TX,2,44,14225483,TX482334,TX,4.0,96,A,realtor_scraper,2026-08-25T06:32:09.060703+00:00
Carol Cook,Carol,Cook,carol.cook@kw.com,(339) 982-2666,KB Home,Albuquerque,NM,15,43,7368220,NM651475,NM,4.4,89,C,realtor_scraper,2026-08-25T06:32:09.069486+00:00
Amy Allen,Amy,Allen,amy.allen@weichert.com,(716) 895-6065,Beazer Homes,New Orleans,LA,15,30,2036011,LA283152,LA,4.4,83,C,realtor_scraper,2026-08-25T06:32:09.067896+00:00
Daniel Watson,Daniel,Watson,danielw@redfin.com,(262) 209-6343,Nest Seekers,Colorado Springs,CO,20,29,12035225,CO828503,CO,4.9,83,C,realtor_scraper,2026-08-25T06:32:09.068654+00:00
Jennifer Lee,Jennifer,Lee,jennifer66@coldwellbanker.com,(862) 966-6866,Lennar,Cleveland,OH,4,18,12466810,OH950945,OH,4.7,75,B,realtor_scraper,2026-08-25T06:32:09.065853+00:00
James Robinson,James,Robinson,james.robinson@yahoo.com,(401) 927-6158,CalAtlantic Homes,Tucson,AZ,0,14,13393891,AZ730407,AZ,4.1,80,C,realtor_scraper,2026-08-25T06:32:09.070986+00:00
Melissa Murphy,Melissa,Murphy,melissam@compass.com,(623) 250-6951,Beazer Homes,Austin,TX,15,15,941957,TX657427,TX,4.8,78,A,realtor_scraper,2026-08-25T06:32:09.056272+00:00
Joseph Hall,Joseph,Hall,joseph.hall@coldwellbanker.com,(909) 687-2103,Vylla Home,San Antonio,TX,1,12,13077640,TX695114,TX,4.8,84,B,realtor_scraper,2026-08-25T06:32:09.067440+00:00
Rachel Parker,Rachel,Parker,rachel11@exprealty.com,(470) 696-4740,Century 21,San Diego,CA,3,36,13375558,CA764892,CA,3.5,73,A,realtor_scraper,2026-08-25T06:32:09.059409+00:00
Pamela Brooks,Pamela,Brooks,pamelab@redfin.com,(650) 835-5666,Compass,Philadelphia,PA,0,11,1785183,PA772082,PA,3.8,80,A,realtor_scraper,2026-08-25T06:32:09.061181+00:00
Gregory Ross,Gregory,Ross,gross@realtyonegroup.com,(220) 396-5521,Better Homes & Gardens,Minneapolis,MN,2,41,9909850,MN573336,MN,4.3,63,B,realtor_scraper,2026-08-25T06:32:09.067220+00:00
Jerry Reyes,Jerry,Reyes,reyes.jerry@redfin.com,(684) 654-5228,Beazer Homes,Orlando,FL,3,48,10441016,FL770906,FL,4.6,100,A,realtor_scraper,2026-08-25T06:32:09.060382+00:00
Jerry Castillo,Jerry,Castillo,castillo.jerry@berkshirehathawayhs.com,(518) 420-7187,Vylla Home,Seattle,WA,14,20,7640271,WA661238,WA,4.3,86,A,realtor_scraper,2026-08-25T06:32:09.057660+00:00
Helen Cook,Helen,Cook,helen.cook@coldwellbanker.com,(404) 958-4029,Meritage Homes,Richmond,VA,15,22,13346118,VA917351,VA,4.0,100,C,realtor_scraper,2026-08-25T06:32:09.069270+00:00
Joseph Nelson,Joseph,Nelson,jnelson@elliman.com,(806) 624-4182,Ryan Homes,Orlando,FL,2,43,5091797,FL163094,FL,4.3,89,A,realtor_scraper,2026-08-25T06:32:09.061032+00:00
Timothy Walker,Timothy,Walker,timothy76@sothebysrealty.com,(458) 413-6474,Coldwell Banker,Albuquerque,NM,2,19,14159053,NM743135,NM,3.8,91,C,realtor_scraper,2026-08-25T06:32:09.071097+00:00
Ruth Jones,Ruth,Jones,rjones@realtor.com,(618) 277-6092,Weichert,Seattle,WA,18,47,14865758,WA526543,WA,4.7,95,A,realtor_scraper,2026-08-25T06:32:09.058621+00:00
Daniel Murphy,Daniel,Murphy,daniel.murphy@outlook.com,(231) 722-5359,HomeSmart,Milwaukee,WI,17,42,6280247,WI839950,WI,4.4,94,C,realtor_scraper,2026-08-25T06:32:09.069022+00:00
Steven Long,Steven,Long,steven.long@realtor.com,(317) 531-3472,eXp Realty,Salt Lake City,UT,8,20,8918722,UT844648,UT,4.9,81,B,realtor_scraper,2026-08-25T06:32:09.062431+00:00
Justin Flores,Justin,Flores,justinf@realtyonegroup.com,(308) 688-1379,Keller Williams,Oklahoma City,OK,3,20,12074956,OK422956,OK,4.2,97,C,realtor_scraper,2026-08-25T06:32:09.070310+00:00
Emma Bennett,Emma,Bennett,emmab@remax.net,(941) 343-9147,NVR,Louisville,KY,19,46,6783280,KY418097,KY,3.9,95,C,realtor_scraper,2026-08-25T06:32:09.069377+00:00
Jonathan Robinson,Jonathan,Robinson,robinson.jonathan@exprealty.com,(769) 434-1544,Ryan Homes,Indianapolis,IN,0,2,392272,IN922422,IN,4.8,69,B,realtor_scraper,2026-08-25T06:32:09.067264+00:00
Barbara Thompson,Barbara,Thompson,barbara.thompson@coldwellbanker.com,(316) 264-9503,United Real Estate,Atlanta,GA,3,12,11635730,GA209735,GA,4.1,97,A,realtor_scraper,2026-08-25T06:32:09.059262+00:00
Betty Gonzalez,Betty,Gonzalez,betty4@realtyonegroup.com,(701) 771-5675,HomeSmart,San Francisco,CA,5,34,6308807,CA916100,CA,3.9,69,A,realtor_scraper,2026-08-25T06:32:09.058984+00:00
Steven Stewart,Steven,Stewart,sstewart@sothebysrealty.com,(318) 832-4142,Redfin,Charlotte,NC,12,12,1819188,NC438928,NC,3.9,82,A,realtor_scraper,2026-08-25T06:32:09.058113+00:00
Ruth Cooper,Ruth,Cooper,ruth90@gmail.com,(785) 631-1495,Toll Brothers,Las Vegas,NV,1,37,6353991,NV634035,NV,4.3,79,A,realtor_scraper,2026-08-25T06:32:09.060826+00:00
Jerry Wilson,Jerry,Wilson,wilson.jerry@redfin.com,(502) 503-4615,United Real Estate,Memphis,TN,21,39,2712901,TN647448,TN,3.6,77,C,realtor_scraper,2026-08-25T06:32:09.068385+00:00
Scott Cox,Scott,Cox,scott70@remax.net,(667) 533-7408,RE/MAX,Houston,TX,5,4,284787,TX389597,TX,3.7,75,A,realtor_scraper,2026-08-25T06:32:09.058871+00:00
Brian Harris,Brian,Harris,brian89@realtor.com,(747) 208-3616,NVR,Reno,NV,11,2,494666,NV770579,NV,3.9,72,C,realtor_scraper,2026-08-25T06:32:09.068730+00:00
David Gutierrez,David,Gutierrez,david.gutierrez@elliman.com,(208) 246-1940,Douglas Elliman,Baton Rouge,LA,0,27,12349181,LA531450,LA,4.6,100,C,realtor_scraper,2026-08-25T06:32:09.071067+00:00
Deborah Gutierrez,Deborah,Gutierrez,gutierrez.deborah@hotmail.com,(479) 338-4825,Weichert,Kansas City,MO,12,24,6346171,MO271089,MO,4.0,66,B,realtor_scraper,2026-08-25T06:32:09.063839+00:00
Amanda Myers,Amanda,Myers,amandam@berkshirehathawayhs.com,(708) 722-3007,Realty One Group,Charlotte,NC,23,33,3827231,NC132694,NC,4.9,75,A,realtor_scraper,2026-08-25T06:32:09.056428+00:00
Michael Cooper,Michael,Cooper,michaelc@compass.com,(217) 623-4194,eXp Realty,Denver,CO,6,20,2966104,CO619589,CO,3.9,73,A,realtor_scraper,2026-08-25T06:32:09.057486+00:00
Dennis Howard,Dennis,Howard,dennis.howard@homesmart.com,(458) 775-9771,Tri Pointe Homes,Cleveland,OH,9,12,1873740,OH688354,OH,3.6,81,B,realtor_scraper,2026-08-25T06:32:09.063651+00:00
Amy Stewart,Amy,Stewart,stewart.amy@gmail.com,(629) 572-2828,Century Communities,Reno,NV,2,38,3246042,NV399915,NV,4.6,77,C,realtor_scraper,2026-08-25T06:32:09.070939+00:00
Mark Thomas,Mark,Thomas,thomas.mark@remax.net,(628) 837-1218,Ryan Homes,Reno,NV,5,32,14598110,NV715692,NV,4.8,100,C,realtor_scraper,2026-08-25T06:32:09.070360+00:00
Heather Gonzalez,Heather,Gonzalez,heatherg@redfin.com,(802) 540-8613,Meritage Homes,Indianapolis,IN,0,43,13520704,IN434891,IN,4.2,89,B,realtor_scraper,2026-08-25T06:32:09.066621+00:00
Shirley Martinez,Shirley,Martinez,shirley5@sothebysrealty.com,(864) 618-5598,United Real Estate,Richmond,VA,12,31,3014781,VA473417,VA,3.6,67,C,realtor_scraper,2026-08-25T06:32:09.067868+00:00
Susan Kim,Susan,Kim,susan69@homesmart.com,(684) 906-3148,Berkshire Hathaway,Houston,TX,3,13,9674631,TX673924,TX,4.6,70,A,realtor_scraper,2026-08-25T06:32:09.059127+00:00
Stephanie Stewart,Stephanie,Stewart,stephanies@realtor.com,(239) 872-6426,Sotheby's,Riverside,CA,5,43,5283155,CA732824,CA,4.1,84,B,realtor_scraper,2026-08-25T06:32:09.065216+00:00
Patricia Adams,Patricia,Adams,adams.patricia@redfin.com,(321) 399-3651,Weichert,Riverside,CA,10,11,1356858,CA965972,CA,4.1,93,B,realtor_scraper,2026-08-25T06:32:09.063103+00:00
Joshua Thompson,Joshua,Thompson,jthompson@exprealty.com,(215) 418-6872,Ryan Homes,Miami,FL,5,15,5546802,FL784347,FL,4.7,95,A,realtor_scraper,2026-08-25T06:32:09.059840+00:00
Richard Harris,Richard,Harris,richard.harris@berkshirehathawayhs.com,(814) 213-5617,Keller Williams,Tampa,FL,17,22,11781945,FL433297,FL,3.7,86,A,realtor_scraper,2026-08-25T06:32:09.057164+00:00
James Johnson,James,Johnson,jamesj@coldwellbanker.com,(434) 676-3792,The Agency,Tampa,FL,21,6,1993479,FL718468,FL,4.3,80,A,realtor_scraper,2026-08-25T06:32:09.056330+00:00
Barbara Williams,Barbara,Williams,barbara83@redfin.com,(209) 670-3627,Century Communities,Tucson,AZ,2,18,4615148,AZ294197,AZ,4.3,95,C,realtor_scraper,2026-08-25T06:32:09.071001+00:00
Jonathan White,Jonathan,White,jonathan95@remax.net,(620) 368-4360,Coldwell Banker,Baton Rouge,LA,16,42,1827914,LA226863,LA,4.5,91,C,realtor_scraper,2026-08-25T06:32:09.067630+00:00
Carolyn Adams,Carolyn,Adams,carolyn43@exprealty.com,(602) 949-9812,Weichert,Columbus,OH,25,39,6604365,OH900724,OH,3.6,79,B,realtor_scraper,2026-08-25T06:32:09.064756+00:00
Kathleen Murphy,Kathleen,Murphy,kathleenm@century21.com,(619) 449-6604,Realty One Group,Indianapolis,IN,23,50,8207198,IN484284,IN,4.6,85,B,realtor_scraper,2026-08-25T06:32:09.063740+00:00
Donna Jones,Donna,Jones,jones.donna@remax.net,(210) 917-8938,LGI Homes,Boston,MA,2,10,14836031,MA990760,MA,3.9,76,A,realtor_scraper,2026-08-25T06:32:09.061003+00:00
Andrew Ramirez,Andrew,Ramirez,aramirez@kw.com,(442) 232-6083,ERA,Portland,OR,0,1,393348,OR272918,OR,4.2,59,B,realtor_scraper,2026-08-25T06:32:09.067093+00:00
Betty Nelson,Betty,Nelson,betty60@exprealty.com,(850) 985-1821,Pulte Homes,Charlotte,NC,5,0,21358,NC642841,NC,0.0,55,A,realtor_scraper,2026-08-25T06:32:09.060072+00:00
Angela Hill,Angela,Hill,angela.hill@century21.com,(317) 486-5780,eXp Realty,San Antonio,TX,21,46,8243520,TX317954,TX,4.8,74,B,realtor_scraper,2026-08-25T06:32:09.064558+00:00
Rachel Phillips,Rachel,Phillips,rachel61@coldwellbanker.com,(253) 238-5633,Better Homes & Gardens,Louisville,KY,11,40,14148775,KY463605,KY,3.9,76,C,realtor_scraper,2026-08-25T06:32:09.068073+00:00
George Jones,George,Jones,georgej@redfin.com,(941) 382-2818,Lennar,Indianapolis,IN,8,25,9739189,IN698380,IN,4.5,76,B,realtor_scraper,2026-08-25T06:32:09.064158+00:00
Lisa Peterson,Lisa,Peterson,lisa84@redfin.com,(612) 542-8853,Lennar,Louisville,KY,25,40,13337225,KY631748,KY,3.8,97,C,realtor_scraper,2026-08-25T06:32:09.068163+00:00
Emily Watson,Emily,Watson,emily.watson@coldwellbanker.com,(510) 287-6339,The Agency,Baton Rouge,LA,1,27,1860551,LA216278,LA,4.7,93,C,realtor_scraper,2026-08-25T06:32:09.071015+00:00
Justin Smith,Justin,Smith,justins@compass.com,(907) 569-6277,Compass,Portland,OR,0,39,5148152,OR641254,OR,3.7,64,B,realtor_scraper,2026-08-25T06:32:09.067279+00:00
Jessica Moore,Jessica,Moore,jessica9@hotmail.com,(564) 453-2768,D.R. Horton,Nashville,TN,5,23,10131469,TN650961,TN,4.5,95,A,realtor_scraper,2026-08-25T06:32:09.059698+00:00
Edward Gutierrez,Edward,Gutierrez,egutierrez@redfin.com,(779) 975-3072,Pulte Homes,Orlando,FL,16,12,4580519,FL997217,FL,5.0,69,A,realtor_scraper,2026-08-25T06:32:09.058529+00:00
Margaret Wood,Margaret,Wood,margaretw@exprealty.com,(872) 273-5545,Ryan Homes,Cleveland,OH,23,4,135600,OH548251,OH,4.8,74,B,realtor_scraper,2026-08-25T06:32:09.063899+00:00
James Ward,James,Ward,jamesw@coldwellbanker.com,(534) 859-7360,Better Homes & Gardens,Jacksonville,FL,17,27,13431116,FL167894,FL,3.9,100,B,realtor_scraper,2026-08-25T06:32:09.062257+00:00
Tyler Peterson,Tyler,Peterson,tyler.peterson@redfin.com,(708) 610-9154,Vylla Home,New Orleans,LA,0,16,12278974,LA628299,LA,3.7,90,C,realtor_scraper,2026-08-25T06:32:09.071445+00:00
Joseph Sanders,Joseph,Sanders,josephs@yahoo.com,(620) 736-6050,Toll Brothers,Jacksonville,FL,4,30,11282454,FL264849,FL,3.5,100,B,realtor_scraper,2026-08-25T06:32:09.064800+00:00
Jennifer Taylor,Jennifer,Taylor,jtaylor@outlook.com,(201) 633-9627,Zillow Premier,Dallas-Fort Worth,TX,15,27,2366105,TX559944,TX,4.0,73,A,realtor_scraper,2026-08-25T06:32:09.058651+00:00
Katherine Kelly,Katherine,Kelly,katherine.kelly@weichert.com,(409) 799-2008,Vylla Home,Milwaukee,WI,0,18,2555174,WI349110,WI,4.6,66,C,realtor_scraper,2026-08-25T06:32:09.071179+00:00
Catherine Turner,Catherine,Turner,catherinet@hotmail.com,(317) 442-9138,Lennar,Portland,OR,19,14,1001044,OR693409,OR,3.7,88,B,realtor_scraper,2026-08-25T06:32:09.062370+00:00
Susan Cooper,Susan,Cooper,cooper.susan@compass.com,(605) 349-7804,The Agency,Kansas City,MO,15,46,5553686,MO378558,MO,4.6,70,B,realtor_scraper,2026-08-25T06:32:09.062315+00:00
Kathleen Stewart,Kathleen,Stewart,kathleens@hotmail.com,(301) 329-4420,Weichert,Tucson,AZ,4,29,2057315,AZ397777,AZ,4.4,86,C,realtor_scraper,2026-08-25T06:32:09.070328+00:00
Steven Robinson,Steven,Robinson,robinson.steven@sothebysrealty.com,(205) 777-5201,United Real Estate,Memphis,TN,12,24,3676143,TN168353,TN,3.7,84,C,realtor_scraper,2026-08-25T06:32:09.067678+00:00
Daniel Jackson,Daniel,Jackson,danielj@hotmail.com,(248) 375-6234,Lennar,Detroit,MI,1,2,405282,MI353936,MI,4.9,61,B,realtor_scraper,2026-08-25T06:32:09.067410+00:00
John Torres,John,Torres,john66@elliman.com,(307) 348-9641,Lennar,Memphis,TN,19,10,7194183,TN811958,TN,4.9,87,C,realtor_scraper,2026-08-25T06:32:09.068976+00:00
Patricia Wood,Patricia,Wood,pwood@outlook.com,(941) 431-4138,eXp Realty,Columbus,OH,4,3,747397,OH436426,OH,4.0,63,B,realtor_scraper,2026-08-25T06:32:09.065824+00:00
Sharon Cooper,Sharon,Cooper,sharon95@remax.net,(785) 570-7478,NVR,Jacksonville,FL,24,10,1837482,FL579746,FL,4.8,63,B,realtor_scraper,2026-08-25T06:32:09.064006+00:00
Nicole Evans,Nicole,Evans,nicolee@homesmart.com,(727) 418-3002,Nest Seekers,Las Vegas,NV,4,20,5557974,NV450419,NV,4.6,73,A,realtor_scraper,2026-08-25T06:32:09.059664+00:00
Janet Campbell,Janet,Campbell,janet74@exprealty.com,(218) 630-7930,Berkshire Hathaway,Colorado Springs,CO,10,30,4258921,CO462755,CO,4.5,84,C,realtor_scraper,2026-08-25T06:32:09.067692+00:00
Emily Thompson,Emily,Thompson,ethompson@realtor.com,(605) 966-7043,Zillow Premier,Seattle,WA,25,17,10587071,WA927308,WA,4.2,82,A,realtor_scraper,2026-08-25T06:32:09.057913+00:00
Catherine Harris,Catherine,Harris,catherine.harris@realtor.com,(313) 344-3444,Better Homes & Gardens,New York,NY,19,13,1848923,NY672925,NY,4.4,60,A,realtor_scraper,2026-08-25T06:32:09.058437+00:00
Nicholas Ramirez,Nicholas,Ramirez,nramirez@remax.net,(802) 944-4087,Vylla Home,Sacramento,CA,22,41,4628207,CA125691,CA,4.1,86,B,realtor_scraper,2026-08-25T06:32:09.064200+00:00
Katherine Richardson,Katherine,Richardson,katherine.richardson@redfin.com,(903) 764-2836,D.R. Horton,San Antonio,TX,2,3,332934,TX659357,TX,4.4,68,B,realtor_scraper,2026-08-25T06:32:09.067521+00:00
Patricia Cooper,Patricia,Cooper,patricia54@hotmail.com,(737) 257-1640,Meritage Homes,Philadelphia,PA,14,34,14379748,PA653727,PA,4.9,84,A,realtor_scraper,2026-08-25T06:32:09.055837+00:00
Samantha Edwards,Samantha,Edwards,edwards.samantha@outlook.com,(314) 740-5837,RE/MAX,Tampa,FL,15,50,3061505,FL988968,FL,5.0,85,A,realtor_scraper,2026-08-25T06:32:09.057501+00:00
Nicole Torres,Nicole,Torres,nicolet@realtor.com,(209) 818-1013,Coldwell Banker,Houston,TX,2,0,45939,TX402857,TX,0.0,71,A,realtor_scraper,2026-08-25T06:32:09.060867+00:00
Patricia Morris,Patricia,Morris,patricia.morris@weichert.com,(218) 365-8640,Pulte Homes,San Diego,CA,24,10,5828999,CA408292,CA,4.2,81,A,realtor_scraper,2026-08-25T06:32:09.058565+00:00
Jerry Richardson,Jerry,Richardson,richardson.jerry@hotmail.com,(574) 358-7385,Sotheby's,Charlotte,NC,0,11,9531824,NC171407,NC,4.6,71,A,realtor_scraper,2026-08-25T06:32:09.061859+00:00
Margaret Lee,Margaret,Lee,lee.margaret@redfin.com,(772) 368-1946,Realty One Group,Philadelphia,PA,15,48,2511866,PA152652,PA,3.7,78,A,realtor_scraper,2026-08-25T06:32:09.055562+00:00
Brenda White,Brenda,White,brenda88@redfin.com,(808) 727-8990,Tri Pointe Homes,Richmond,VA,8,4,200029,VA324389,VA,4.8,70,C,realtor_scraper,2026-08-25T06:32:09.068495+00:00
Jessica Parker,Jessica,Parker,jessica.parker@weichert.com,(515) 870-4885,ERA,Tucson,AZ,8,38,3743426,AZ614414,AZ,5.0,89,C,realtor_scraper,2026-08-25T06:32:09.069334+00:00
Christine Hernandez,Christine,Hernandez,chernandez@redfin.com,(847) 827-3829,ERA,Austin,TX,0,32,6493958,TX620313,TX,4.7,86,A,realtor_scraper,2026-08-25T06:32:09.060538+00:00
Tyler Williams,Tyler,Williams,twilliams@hotmail.com,(915) 207-8775,Douglas Elliman,San Jose,CA,22,45,13151725,CA135231,CA,4.1,93,B,realtor_scraper,2026-08-25T06:32:09.062872+00:00
Nancy Bailey,Nancy,Bailey,bailey.nancy@homesmart.com,(478) 923-6131,eXp Realty,Orlando,FL,7,35,9404330,FL363863,FL,4.2,74,A,realtor_scraper,2026-08-25T06:32:09.056754+00:00
Dennis Allen,Dennis,Allen,allen.dennis@berkshirehathawayhs.com,(817) 382-2332,Century 21,Denver,CO,3,23,11581628,CO926929,CO,3.9,82,A,realtor_scraper,2026-08-25T06:32:09.058807+00:00
William Jackson,William,Jackson,wjackson@weichert.com,(518) 882-7347,Tri Pointe Homes,Baltimore,MD,19,15,6794980,MD647930,MD,3.5,90,B,realtor_scraper,2026-08-25T06:32:09.062167+00:00
George Price,George,Price,george.price@sothebysrealty.com,(914) 301-1576,LGI Homes,Charlotte,NC,11,14,1805918,NC539721,NC,3.8,80,A,realtor_scraper,2026-08-25T06:32:09.057550+00:00
Thomas Williams,Thomas,Williams,thomas.williams@hotmail.com,(502) 937-3361,United Real Estate,Kansas City,MO,11,44,1850113,MO774617,MO,4.6,63,B,realtor_scraper,2026-08-25T06:32:09.062763+00:00
Kevin Gray,Kevin,Gray,kgray@redfin.com,(408) 239-6871,Taylor Morrison,Baton Rouge,LA,14,46,3027593,LA496426,LA,3.8,66,C,realtor_scraper,2026-08-25T06:32:09.069129+00:00
Maria Wright,Maria,Wright,mwright@sothebysrealty.com,(347) 428-7975,Taylor Morrison,Minneapolis,MN,4,4,262091,MN357389,MN,4.7,88,B,realtor_scraper,2026-08-25T06:32:09.064983+00:00
Larry Morris,Larry,Morris,larry86@homesmart.com,(539) 471-4373,Toll Brothers,Atlanta,GA,0,11,3653174,GA822563,GA,3.7,90,A,realtor_scraper,2026-08-25T06:32:09.061336+00:00
Matthew Gutierrez,Matthew,Gutierrez,matthewg@berkshirehathawayhs.com,(706) 703-4477,HomeSmart,Richmond,VA,3,43,7939539,VA416114,VA,4.4,64,C,realtor_scraper,2026-08-25T06:32:09.070374+00:00
Anna Hall,Anna,Hall,annah@yahoo.com,(304) 999-1870,CalAtlantic Homes,Charlotte,NC,18,46,4129219,NC761665,NC,4.3,80,A,realtor_scraper,2026-08-25T06:32:09.056999+00:00
Lisa Turner,Lisa,Turner,lisa81@kw.com,(541) 322-3561,Sotheby's,Seattle,WA,2,36,12879028,WA939902,WA,4.7,82,A,realtor_scraper,2026-08-25T06:32:09.061744+00:00
Debra Mitchell,Debra,Mitchell,debra52@homesmart.com,(928) 986-1328,Beazer Homes,Nashville,TN,5,35,3871716,TN174085,TN,4.5,81,A,realtor_scraper,2026-08-25T06:32:09.060086+00:00
Cynthia Alvarez,Cynthia,Alvarez,cynthiaa@sothebysrealty.com,(936) 404-5456,Tri Pointe Homes,Tampa,FL,1,3,529276,FL173035,FL,4.6,72,A,realtor_scraper,2026-08-25T06:32:09.061831+00:00
Catherine Wright,Catherine,Wright,catherine39@homesmart.com,(315) 932-1715,Ryan Homes,Las Vegas,NV,17,47,3510347,NV748064,NV,4.0,91,A,realtor_scraper,2026-08-25T06:32:09.057975+00:00
Michael Davis,Michael,Davis,mdavis@gmail.com,(769) 732-9601,Meritage Homes,Orlando,FL,21,18,5012357,FL719679,FL,3.5,90,A,realtor_scraper,2026-08-25T06:32:09.057409+00:00
Robert Kelly,Robert,Kelly,rkelly@compass.com,(248) 553-5584,Coldwell Banker,Indianapolis,IN,11,25,12929017,IN997474,IN,4.1,88,B,realtor_scraper,2026-08-25T06:32:09.064129+00:00
Paul Ramos,Paul,Ramos,ramos.paul@berkshirehathawayhs.com,(510) 991-1764,HomeSmart,Boise,ID,21,29,11775205,ID235054,ID,3.7,72,C,realtor_scraper,2026-08-25T06:32:09.067649+00:00
Jacob Morris,Jacob,Morris,jmorris@realtyonegroup.com,(740) 639-1058,CalAtlantic Homes,Milwaukee,WI,15,21,7452840,WI750104,WI,4.7,62,C,realtor_scraper,2026-08-25T06:32:09.068313+00:00
Edward Turner,Edward,Turner,turner.edward@elliman.com,(708) 885-2307,Zillow Premier,Sacramento,CA,8,50,7766730,CA859540,CA,4.7,65,B,realtor_scraper,2026-08-25T06:32:09.062551+00:00
Helen Morales,Helen,Morales,hmorales@hotmail.com,(717) 236-4741,Beazer Homes,Atlanta,GA,15,12,10675244,GA499767,GA,3.6,71,A,realtor_scraper,2026-08-25T06:32:09.055851+00:00
Laura Moore,Laura,Moore,laura35@realtor.com,(224) 249-5878,The Agency,Raleigh,NC,7,28,6800991,NC194817,NC,3.5,88,B,realtor_scraper,2026-08-25T06:32:09.064186+00:00
Charles Walker,Charles,Walker,cwalker@redfin.com,(669) 886-7504,Vylla Home,San Francisco,CA,17,25,12861511,CA655414,CA,3.5,100,A,realtor_scraper,2026-08-25T06:32:09.058084+00:00
Angela James,Angela,James,angela59@century21.com,(859) 850-6766,Zillow Premier,Indianapolis,IN,1,7,889078,IN248162,IN,4.4,79,B,realtor_scraper,2026-08-25T06:32:09.066357+00:00
Raymond Diaz,Raymond,Diaz,rdiaz@compass.com,(539) 668-7390,Douglas Elliman,Chicago,IL,1,17,13148318,IL777164,IL,3.9,92,A,realtor_scraper,2026-08-25T06:32:09.060644+00:00
David Taylor,David,Taylor,dtaylor@weichert.com,(270) 754-7418,Sotheby's,Virginia Beach,VA,0,2,136321,VA590486,VA,3.9,50,C,realtor_scraper,2026-08-25T06:32:09.071132+00:00
Jessica Chavez,Jessica,Chavez,jessica.chavez@realtor.com,(682) 359-3568,Douglas Elliman,San Diego,CA,4,32,10656473,CA760590,CA,3.8,86,A,realtor_scraper,2026-08-25T06:32:09.059093+00:00
Rebecca Smith,Rebecca,Smith,rebecca93@remax.net,(727) 958-6338,Compass,Philadelphia,PA,7,16,13004189,PA790115,PA,3.7,86,A,realtor_scraper,2026-08-25T06:32:09.055678+00:00
Richard Stewart,Richard,Stewart,rstewart@realtyonegroup.com,(937) 750-9275,Berkshire Hathaway,Detroit,MI,0,19,11125880,MI167126,MI,3.8,71,B,realtor_scraper,2026-08-25T06:32:09.066343+00:00
Tyler White,Tyler,White,white.tyler@yahoo.com,(260) 639-2017,Keller Williams,Boise,ID,4,39,7981555,ID840170,ID,3.7,85,C,realtor_scraper,2026-08-25T06:32:09.070016+00:00
Amanda Flores,Amanda,Flores,amandaf@yahoo.com,(747) 873-7174,Douglas Elliman,Tampa,FL,15,18,14980313,FL928026,FL,4.5,95,A,realtor_scraper,2026-08-25T06:32:09.058670+00:00
Ashley King,Ashley,King,ashley62@gmail.com,(305) 300-6300,eXp Realty,Nashville,TN,14,15,1688378,TN895779,TN,3.7,70,A,realtor_scraper,2026-08-25T06:32:09.058451+00:00
Frank Ramirez,Frank,Ramirez,frank27@weichert.com,(320) 397-5148,NVR,Nashville,TN,2,10,5547188,TN840594,TN,4.3,60,A,realtor_scraper,2026-08-25T06:32:09.060523+00:00
Justin Jones,Justin,Jones,jones.justin@kw.com,(878) 572-1140,CalAtlantic Homes,Riverside,CA,3,0,42215,CA565691,CA,0.0,52,B,realtor_scraper,2026-08-25T06:32:09.065272+00:00
Christine Morales,Christine,Morales,morales.christine@berkshirehathawayhs.com,(207) 998-2229,M/I Homes,Tampa,FL,19,43,2553198,FL659407,FL,3.8,83,A,realtor_scraper,2026-08-25T06:32:09.058188+00:00
Richard Sanchez,Richard,Sanchez,richard.sanchez@realtor.com,(727) 591-1116,Toll Brothers,Louisville,KY,5,13,8712053,KY739348,KY,4.2,89,C,realtor_scraper,2026-08-25T06:32:09.070268+00:00
Amy Phillips,Amy,Phillips,amy5@redfin.com,(765) 289-7062,eXp Realty,Cincinnati,OH,0,29,12021506,OH176909,OH,3.8,86,B,realtor_scraper,2026-08-25T06:32:09.066803+00:00
Melissa Hernandez,Melissa,Hernandez,mhernandez@kw.com,(801) 282-2971,Keller Williams,Cincinnati,OH,9,41,3336908,OH715804,OH,3.9,88,B,realtor_scraper,2026-08-25T06:32:09.063318+00:00
Pamela Evans,Pamela,Evans,evans.pamela@kw.com,(804) 795-2640,Weichert,San Antonio,TX,7,24,10041484,TX689874,TX,4.3,93,B,realtor_scraper,2026-08-25T06:32:09.064485+00:00
Jeffrey Long,Jeffrey,Long,jlong@coldwellbanker.com,(713) 506-9977,Zillow Premier,Albuquerque,NM,4,25,3382789,NM219682,NM,4.7,76,C,realtor_scraper,2026-08-25T06:32:09.070137+00:00
Helen Scott,Helen,Scott,helen.scott@gmail.com,(430) 339-1422,ERA,Phoenix,AZ,5,3,297947,AZ791421,AZ,4.7,89,A,realtor_scraper,2026-08-25T06:32:09.059855+00:00
Lisa Torres,Lisa,Torres,ltorres@sothebysrealty.com,(415) 655-6540,KB Home,Austin,TX,21,39,7838351,TX590126,TX,4.8,80,A,realtor_scraper,2026-08-25T06:32:09.058716+00:00
Jennifer Hernandez,Jennifer,Hernandez,jennifer.hernandez@elliman.com,(571) 243-4346,Realty One Group,Boston,MA,2,41,10908545,MA583011,MA,4.1,76,A,realtor_scraper,2026-08-25T06:32:09.061371+00:00
Carolyn Bailey,Carolyn,Bailey,carolyn.bailey@compass.com,(217) 928-6134,Berkshire Hathaway,Columbus,OH,2,1,416579,OH775630,OH,4.0,51,B,realtor_scraper,2026-08-25T06:32:09.066496+00:00
Scott Lee,Scott,Lee,scottl@homesmart.com,(508) 583-2168,Century 21,San Diego,CA,0,19,7431331,CA266745,CA,3.8,62,A,realtor_scraper,2026-08-25T06:32:09.061433+00:00
John Lewis,John,Lewis,john9@sothebysrealty.com,(309) 366-2085,Beazer Homes,Reno,NV,1,3,34600,NV233814,NV,4.2,95,C,realtor_scraper,2026-08-25T06:32:09.070763+00:00
Margaret Rogers,Margaret,Rogers,mrogers@elliman.com,(334) 688-7778,United Real Estate,New York,NY,2,19,7652134,NY344738,NY,3.8,68,A,realtor_scraper,2026-08-25T06:32:09.061891+00:00
Helen Williams,Helen,Williams,williams.helen@realtyonegroup.com,(520) 774-8944,Lennar,Salt Lake City,UT,1,21,14162628,UT870242,UT,4.5,74,B,realtor_scraper,2026-08-25T06:32:09.067320+00:00
Joshua Cox,Joshua,Cox,jcox@remax.net,(316) 975-4376,Tri Pointe Homes,Denver,CO,4,28,4423550,CO106675,CO,4.5,80,A,realtor_scraper,2026-08-25T06:32:09.059884+00:00
Scott King,Scott,King,scottk@hotmail.com,(813) 339-2401,LGI Homes,Virginia Beach,VA,3,4,510927,VA838812,VA,3.8,93,C,realtor_scraper,2026-08-25T06:32:09.069988+00:00
Amy Baker,Amy,Baker,amyb@outlook.com,(801) 528-4691,eXp Realty,Detroit,MI,22,15,14998378,MI612709,MI,4.2,85,B,realtor_scraper,2026-08-25T06:32:09.064323+00:00
Samuel Jones,Samuel,Jones,jones.samuel@berkshirehathawayhs.com,(603) 636-8826,Taylor Morrison,Baton Rouge,LA,15,23,8725324,LA621983,LA,4.3,83,C,realtor_scraper,2026-08-25T06:32:09.068942+00:00
Carol Jones,Carol,Jones,carolj@sothebysrealty.com,(762) 459-3515,Redfin,Kansas City,MO,2,29,4286757,MO634301,MO,3.9,83,B,realtor_scraper,2026-08-25T06:32:09.066307+00:00
Shirley Kelly,Shirley,Kelly,skelly@exprealty.com,(737) 764-8822,Berkshire Hathaway,Baltimore,MD,11,0,192205,MD500766,MD,0.0,69,B,realtor_scraper,2026-08-25T06:32:09.062937+00:00
Diane Lee,Diane,Lee,lee.diane@remax.net,(240) 885-6249,Vylla Home,Riverside,CA,3,2,408967,CA231086,CA,4.7,41,B,realtor_scraper,2026-08-25T06:32:09.065082+00:00
Sarah Collins,Sarah,Collins,sarah36@weichert.com,(260) 638-3223,Berkshire Hathaway,Phoenix,AZ,23,40,12135481,AZ190312,AZ,3.7,87,A,realtor_scraper,2026-08-25T06:32:09.056403+00:00
Joshua Wood,Joshua,Wood,joshuaw@hotmail.com,(318) 866-1234,Toll Brothers,Riverside,CA,3,15,1056013,CA430088,CA,4.5,68,B,realtor_scraper,2026-08-25T06:32:09.064786+00:00
Scott Sanders,Scott,Sanders,sanders.scott@homesmart.com,(425) 652-1989,M/I Homes,Albuquerque,NM,4,28,10582761,NM144404,NM,4.3,100,C,realtor_scraper,2026-08-25T06:32:09.069884+00:00
Gary Clark,Gary,Clark,gary.clark@elliman.com,(774) 341-7434,Pulte Homes,Minneapolis,MN,2,47,11293324,MN225208,MN,4.6,98,B,realtor_scraper,2026-08-25T06:32:09.067553+00:00
Larry Rodriguez,Larry,Rodriguez,larryr@outlook.com,(662) 954-5507,Nest Seekers,Orlando,FL,21,23,5689638,FL433387,FL,4.2,63,A,realtor_scraper,2026-08-25T06:32:09.056031+00:00
Ryan Carter,Ryan,Carter,ryanc@kw.com,(410) 814-3771,Douglas Elliman,San Diego,CA,0,49,9177843,CA613413,CA,3.6,74,A,realtor_scraper,2026-08-25T06:32:09.060943+00:00
Angela Price,Angela,Price,aprice@realtyonegroup.com,(256) 602-5099,M/I Homes,Chicago,IL,10,10,11646979,IL593647,IL,4.9,73,A,realtor_scraper,2026-08-25T06:32:09.056197+00:00
Aaron Young,Aaron,Young,aaron97@yahoo.com,(256) 430-7518,ERA,Denver,CO,22,23,3893214,CO781561,CO,4.9,87,A,realtor_scraper,2026-08-25T06:32:09.055823+00:00
Helen Chavez,Helen,Chavez,chavez.helen@gmail.com,(217) 210-5901,HomeSmart,Colorado Springs,CO,7,24,5862022,CO346836,CO,4.7,77,C,realtor_scraper,2026-08-25T06:32:09.069617+00:00
Michelle Campbell,Michelle,Campbell,campbell.michelle@realtyonegroup.com,(831) 789-6657,CalAtlantic Homes,Charlotte,NC,17,14,8078240,NC122195,NC,4.5,74,A,realtor_scraper,2026-08-25T06:32:09.058142+00:00
James Alvarez,James,Alvarez,alvarez.james@sothebysrealty.com,(737) 481-8733,Berkshire Hathaway,Tampa,FL,3,2,201176,FL288595,FL,4.0,45,A,realtor_scraper,2026-08-25T06:32:09.060164+00:00
Sarah Mendoza,Sarah,Mendoza,sarah.mendoza@elliman.com,(281) 385-8737,Realty One Group,Sacramento,CA,5,19,10601992,CA443375,CA,4.2,73,B,realtor_scraper,2026-08-25T06:32:09.065881+00:00
Andrew Anderson,Andrew,Anderson,andrewa@weichert.com,(346) 871-7915,Meritage Homes,Seattle,WA,15,49,13613438,WA212890,WA,3.6,88,A,realtor_scraper,2026-08-25T06:32:09.058636+00:00
Rachel Kim,Rachel,Kim,rkim@outlook.com,(731) 726-4659,D.R. Horton,Riverside,CA,2,23,10360060,CA969339,CA,4.6,73,B,realtor_scraper,2026-08-25T06:32:09.066882+00:00
Margaret Taylor,Margaret,Taylor,margarett@century21.com,(574) 628-2660,Pulte Homes,Oklahoma City,OK,5,9,1173253,OK153895,OK,4.6,85,C,realtor_scraper,2026-08-25T06:32:09.070444+00:00
Maria Wright,Maria,Wright,mwright@century21.com,(339) 652-6548,LGI Homes,Louisville,KY,3,20,11721700,KY182084,KY,4.7,82,C,realtor_scraper,2026-08-25T06:32:09.070297+00:00
Emma Bailey,Emma,Bailey,bailey.emma@hotmail.com,(660) 635-8343,Pulte Homes,Las Vegas,NV,4,10,11667979,NV432345,NV,4.3,100,A,realtor_scraper,2026-08-25T06:32:09.060285+00:00
Robert Cruz,Robert,Cruz,rcruz@homesmart.com,(251) 666-4436,Realty One Group,Dallas-Fort Worth,TX,3,36,14232086,TX275477,TX,4.9,84,A,realtor_scraper,2026-08-25T06:32:09.060331+00:00
Nicole Mitchell,Nicole,Mitchell,nmitchell@gmail.com,(972) 934-4427,D.R. Horton,Denver,CO,4,22,12242906,CO193815,CO,3.8,86,A,realtor_scraper,2026-08-25T06:32:09.059187+00:00
Gary Watson,Gary,Watson,gary65@sothebysrealty.com,(847) 577-8013,Sotheby's,Jacksonville,FL,3,3,173669,FL169166,FL,4.6,61,B,realtor_scraper,2026-08-25T06:32:09.064871+00:00
Raymond Mitchell,Raymond,Mitchell,mitchell.raymond@sothebysrealty.com,(269) 741-6656,Weichert,New York,NY,5,14,1469517,NY843579,NY,3.5,68,A,realtor_scraper,2026-08-25T06:32:09.058931+00:00
Patrick Cooper,Patrick,Cooper,patrickc@homesmart.com,(539) 263-3472,RE/MAX,St. Louis,MO,3,46,2797421,MO792596,MO,4.8,81,B,realtor_scraper,2026-08-25T06:32:09.065202+00:00
Raymond White,Raymond,White,white.raymond@redfin.com,(718) 373-8456,Berkshire Hathaway,Detroit,MI,12,29,12857401,MI403487,MI,3.8,71,B,realtor_scraper,2026-08-25T06:32:09.063430+00:00
Samantha Castillo,Samantha,Castillo,samanthac@century21.com,(725) 715-6348,Century 21,Tampa,FL,2,50,2916792,FL937957,FL,4.4,85,A,realtor_scraper,2026-08-25T06:32:09.061075+00:00
Paul Flores,Paul,Flores,flores.paul@realtyonegroup.com,(408) 692-2388,Beazer Homes,Richmond,VA,15,30,5790209,VA815332,VA,4.6,69,C,realtor_scraper,2026-08-25T06:32:09.067615+00:00
Thomas Mitchell,Thomas,Mitchell,mitchell.thomas@redfin.com,(575) 640-9030,Beazer Homes,Miami,FL,0,40,8441358,FL272718,FL,4.9,81,A,realtor_scraper,2026-08-25T06:32:09.060463+00:00
Rebecca Edwards,Rebecca,Edwards,rebecca11@homesmart.com,(864) 784-3609,Zillow Premier,San Jose,CA,23,20,6645185,CA826720,CA,4.9,72,B,realtor_scraper,2026-08-25T06:32:09.064470+00:00
Sandra Williams,Sandra,Williams,williams.sandra@elliman.com,(380) 628-5120,Zillow Premier,Tucson,AZ,1,43,11412100,AZ148046,AZ,4.4,75,C,realtor_scraper,2026-08-25T06:32:09.071475+00:00
Matthew Garcia,Matthew,Garcia,matthew48@redfin.com,(561) 408-7707,Tri Pointe Homes,Jacksonville,FL,25,35,12504884,FL585672,FL,4.8,93,B,realtor_scraper,2026-08-25T06:32:09.064064+00:00
Rachel Thompson,Rachel,Thompson,rachel49@homesmart.com,(916) 725-9610,Nest Seekers,Houston,TX,11,49,3349724,TX574293,TX,4.5,91,A,realtor_scraper,2026-08-25T06:32:09.057520+00:00
Sharon Phillips,Sharon,Phillips,sharonp@coldwellbanker.com,(979) 816-6554,CalAtlantic Homes,Charlotte,NC,21,19,10228720,NC866123,NC,4.3,90,A,realtor_scraper,2026-08-25T06:32:09.057613+00:00
Scott Kelly,Scott,Kelly,skelly@sothebysrealty.com,(572) 613-5508,Century 21,Orlando,FL,4,16,10041369,FL824456,FL,4.4,74,A,realtor_scraper,2026-08-25T06:32:09.059775+00:00
Heather Alvarez,Heather,Alvarez,heather.alvarez@berkshirehathawayhs.com,(657) 980-3273,KB Home,New Orleans,LA,11,43,5709050,LA530095,LA,3.6,60,C,realtor_scraper,2026-08-25T06:32:09.068008+00:00
Timothy Ortiz,Timothy,Ortiz,ortiz.timothy@elliman.com,(336) 508-6112,The Agency,Miami,FL,4,33,8545733,FL797126,FL,3.9,69,A,realtor_scraper,2026-08-25T06:32:09.059079+00:00
Edward Parker,Edward,Parker,edwardp@hotmail.com,(281) 235-3453,Century Communities,New Orleans,LA,0,12,4543819,LA973881,LA,4.7,70,C,realtor_scraper,2026-08-25T06:32:09.070922+00:00
Sarah Long,Sarah,Long,slong@exprealty.com,(952) 391-8721,HomeSmart,San Antonio,TX,0,28,11592784,TX915457,TX,4.7,91,B,realtor_scraper,2026-08-25T06:32:09.067503+00:00
Lisa Cox,Lisa,Cox,lcox@outlook.com,(864) 552-1436,D.R. Horton,Salt Lake City,UT,1,46,11103757,UT537847,UT,4.2,91,B,realtor_scraper,2026-08-25T06:32:09.066867+00:00
Elizabeth Morales,Elizabeth,Morales,elizabeth.morales@redfin.com,(308) 210-2323,eXp Realty,Cincinnati,OH,0,39,11345555,OH427647,OH,4.1,100,B,realtor_scraper,2026-08-25T06:32:09.067474+00:00
Catherine White,Catherine,White,white.catherine@homesmart.com,(747) 937-2798,Coldwell Banker,Philadelphia,PA,5,50,10203174,PA617132,PA,4.5,100,A,realtor_scraper,2026-08-25T06:32:09.059456+00:00
Michelle Stewart,Michelle,Stewart,michelles@century21.com,(209) 786-7948,The Agency,Sacramento,CA,3,17,5554393,CA351072,CA,4.4,66,B,realtor_scraper,2026-08-25T06:32:09.065687+00:00
Steven Robinson,Steven,Robinson,robinson.steven@weichert.com,(914) 256-3011,Tri Pointe Homes,Las Vegas,NV,17,36,7985688,NV318208,NV,4.4,81,A,realtor_scraper,2026-08-25T06:32:09.056241+00:00
John Reed,John,Reed,johnr@compass.com,(401) 422-1498,Nest Seekers,Memphis,TN,5,24,8036541,TN206208,TN,4.0,79,C,realtor_scraper,2026-08-25T06:32:09.069946+00:00
Jeffrey Phillips,Jeffrey,Phillips,jeffrey87@redfin.com,(712) 464-8119,Taylor Morrison,Tucson,AZ,0,19,5239740,AZ687762,AZ,3.7,86,C,realtor_scraper,2026-08-25T06:32:09.071411+00:00
Michael Carter,Michael,Carter,carter.michael@realtor.com,(614) 528-7598,Zillow Premier,Atlanta,GA,2,10,9661983,GA566408,GA,4.3,78,A,realtor_scraper,2026-08-25T06:32:09.061090+00:00
Rachel Castillo,Rachel,Castillo,rachel.castillo@weichert.com,(424) 799-4984,M/I Homes,Albuquerque,NM,24,23,2248760,NM212943,NM,3.8,74,C,realtor_scraper,2026-08-25T06:32:09.067854+00:00
Steven Reyes,Steven,Reyes,stevenr@hotmail.com,(270) 443-9017,Meritage Homes,Cincinnati,OH,1,50,11885632,OH868381,OH,4.9,91,B,realtor_scraper,2026-08-25T06:32:09.066543+00:00
Deborah Hernandez,Deborah,Hernandez,deborah5@hotmail.com,(254) 373-4766,Lennar,Boise,ID,4,28,4449739,ID756960,ID,4.1,70,C,realtor_scraper,2026-08-25T06:32:09.070060+00:00
Michael Torres,Michael,Torres,michaelt@kw.com,(401) 710-3012,Compass,Virginia Beach,VA,4,16,4660050,VA415759,VA,3.8,85,C,realtor_scraper,2026-08-25T06:32:09.069737+00:00
Jonathan Evans,Jonathan,Evans,jonathan.evans@outlook.com,(984) 458-1764,ERA,Houston,TX,0,33,11916871,TX355332,TX,4.2,100,A,realtor_scraper,2026-08-25T06:32:09.060430+00:00
Diane Sanders,Diane,Sanders,dsanders@coldwellbanker.com,(207) 505-9833,Better Homes & Gardens,Sacramento,CA,8,23,10323560,CA818801,CA,4.6,74,B,realtor_scraper,2026-08-25T06:32:09.063221+00:00
Jacob Turner,Jacob,Turner,turner.jacob@realtyonegroup.com,(412) 244-8503,The Agency,Phoenix,AZ,15,0,30278,AZ749928,AZ,0.0,73,A,realtor_scraper,2026-08-25T06:32:09.057990+00:00
Shirley Jones,Shirley,Jones,shirleyj@compass.com,(484) 262-4302,Lennar,San Francisco,CA,12,4,1927083,CA801477,CA,4.5,65,A,realtor_scraper,2026-08-25T06:32:09.058127+00:00
Katherine Anderson,Katherine,Anderson,katherine.anderson@century21.com,(313) 672-2061,Lennar,New York,NY,0,27,5130472,NY790791,NY,4.8,91,A,realtor_scraper,2026-08-25T06:32:09.060553+00:00
Laura Young,Laura,Young,young.laura@berkshirehathawayhs.com,(806) 795-7981,Century 21,Cleveland,OH,3,12,1738639,OH717881,OH,4.6,89,B,realtor_scraper,2026-08-25T06:32:09.065610+00:00
Lisa Brown,Lisa,Brown,brown.lisa@sothebysrealty.com,(517) 418-5735,United Real Estate,Houston,TX,5,47,10213870,TX145674,TX,4.5,76,A,realtor_scraper,2026-08-25T06:32:09.059423+00:00
Maria Hughes,Maria,Hughes,mariah@yahoo.com,(260) 452-6770,Better Homes & Gardens,Oklahoma City,OK,24,32,13403326,OK265678,OK,3.7,80,C,realtor_scraper,2026-08-25T06:32:09.068327+00:00
William Brooks,William,Brooks,wbrooks@redfin.com,(903) 338-7154,Weichert,San Francisco,CA,0,15,2553735,CA256259,CA,3.7,88,A,realtor_scraper,2026-08-25T06:32:09.061152+00:00
Aaron Williams,Aaron,Williams,aaron.williams@yahoo.com,(443) 777-1841,United Real Estate,Raleigh,NC,15,4,257620,NC920132,NC,4.7,90,B,realtor_scraper,2026-08-25T06:32:09.063480+00:00
Amanda Bailey,Amanda,Bailey,amandab@kw.com,(409) 333-1982,Compass,Philadelphia,PA,3,4,66827,PA928235,PA,3.9,61,A,realtor_scraper,2026-08-25T06:32:09.059041+00:00
Rachel Walker,Rachel,Walker,rwalker@berkshirehathawayhs.com,(205) 384-6196,Realty One Group,Cleveland,OH,18,49,9930420,OH791483,OH,4.0,66,B,realtor_scraper,2026-08-25T06:32:09.063162+00:00
Jack Kelly,Jack,Kelly,jack.kelly@remax.net,(209) 986-5303,Compass,Albuquerque,NM,15,22,11307010,NM636859,NM,3.8,77,C,realtor_scraper,2026-08-25T06:32:09.068298+00:00
Amy Reyes,Amy,Reyes,reyes.amy@berkshirehathawayhs.com,(505) 835-3832,Berkshire Hathaway,Philadelphia,PA,5,33,14877713,PA324384,PA,4.2,100,A,realtor_scraper,2026-08-25T06:32:09.059790+00:00
Mark Cook,Mark,Cook,cook.mark@century21.com,(272) 594-5310,The Agency,Miami,FL,4,7,1386117,FL971058,FL,4.2,73,A,realtor_scraper,2026-08-25T06:32:09.059171+00:00
Andrew Castillo,Andrew,Castillo,andrew.castillo@coldwellbanker.com,(559) 651-3997,Keller Williams,Orlando,FL,0,7,1973913,FL963654,FL,4.0,66,A,realtor_scraper,2026-08-25T06:32:09.061662+00:00
Lisa Bennett,Lisa,Bennett,lbennett@coldwellbanker.com,(575) 715-4093,Meritage Homes,Baton Rouge,LA,7,40,1665847,LA852715,LA,4.1,86,C,realtor_scraper,2026-08-25T06:32:09.067959+00:00
Emma White,Emma,White,emma44@realtor.com,(475) 781-4193,Realty One Group,Detroit,MI,0,30,7631691,MI742233,MI,4.0,93,B,realtor_scraper,2026-08-25T06:32:09.066931+00:00
Jacob Kim,Jacob,Kim,jacobk@compass.com,(445) 400-8065,Beazer Homes,Oklahoma City,OK,3,5,1785383,OK940910,OK,4.6,67,C,realtor_scraper,2026-08-25T06:32:09.070504+00:00
Karen Gutierrez,Karen,Gutierrez,kareng@realtyonegroup.com,(786) 472-2388,Keller Williams,Atlanta,GA,1,17,2972371,GA915151,GA,4.8,84,A,realtor_scraper,2026-08-25T06:32:09.060689+00:00
Brandon Thomas,Brandon,Thomas,brandon.thomas@coldwellbanker.com,(262) 411-8334,Douglas Elliman,Albuquerque,NM,4,46,4430222,NM536893,NM,4.5,88,C,realtor_scraper,2026-08-25T06:32:09.070253+00:00
Lisa Gomez,Lisa,Gomez,gomez.lisa@redfin.com,(940) 785-3067,United Real Estate,Virginia Beach,VA,5,3,484779,VA548396,VA,4.3,89,C,realtor_scraper,2026-08-25T06:32:09.069783+00:00
Pamela Parker,Pamela,Parker,parker.pamela@sothebysrealty.com,(251) 549-9271,Berkshire Hathaway,Philadelphia,PA,0,23,13067659,PA125228,PA,4.7,78,A,realtor_scraper,2026-08-25T06:32:09.060787+00:00
Jonathan Scott,Jonathan,Scott,jonathan70@homesmart.com,(309) 496-7764,Zillow Premier,Reno,NV,19,28,14060980,NV734462,NV,4.5,94,C,realtor_scraper,2026-08-25T06:32:09.068371+00:00
Cynthia Lewis,Cynthia,Lewis,cynthia.lewis@yahoo.com,(975) 894-4570,D.R. Horton,Seattle,WA,5,13,11634385,WA339359,WA,3.9,100,A,realtor_scraper,2026-08-25T06:32:09.059509+00:00
Richard Miller,Richard,Miller,miller.richard@gmail.com,(816) 739-6582,HomeSmart,Los Angeles,CA,17,11,4802946,CA228722,CA,3.7,69,A,realtor_scraper,2026-08-25T06:32:09.057932+00:00
Andrew Rogers,Andrew,Rogers,andrewr@remax.net,(816) 409-3457,eXp Realty,Memphis,TN,23,14,11585374,TN726243,TN,4.8,70,C,realtor_scraper,2026-08-25T06:32:09.068991+00:00
Robert Lee,Robert,Lee,robertl@realtor.com,(856) 283-4636,Lennar,Miami,FL,5,29,7852188,FL393314,FL,3.6,64,A,realtor_scraper,2026-08-25T06:32:09.059013+00:00
Joshua Ruiz,Joshua,Ruiz,jruiz@elliman.com,(760) 657-6790,eXp Realty,Los Angeles,CA,1,23,1861837,CA845470,CA,3.7,85,A,realtor_scraper,2026-08-25T06:32:09.060897+00:00
Jerry Hall,Jerry,Hall,jerry.hall@realtyonegroup.com,(609) 910-5995,Weichert,New Orleans,LA,14,27,3883457,LA290284,LA,3.8,75,C,realtor_scraper,2026-08-25T06:32:09.069393+00:00
Stephen Moore,Stephen,Moore,moore.stephen@sothebysrealty.com,(779) 710-5752,HomeSmart,Phoenix,AZ,21,30,9780852,AZ668911,AZ,4.5,64,A,realtor_scraper,2026-08-25T06:32:09.055724+00:00
Christopher Phillips,Christopher,Phillips,christopherp@realtyonegroup.com,(860) 299-5178,Keller Williams,New York,NY,4,9,1215650,NY588675,NY,4.0,74,A,realtor_scraper,2026-08-25T06:32:09.058966+00:00
Aaron Reyes,Aaron,Reyes,areyes@gmail.com,(973) 868-5131,Vylla Home,Houston,TX,24,32,6526952,TX924811,TX,3.6,67,A,realtor_scraper,2026-08-25T06:32:09.055774+00:00
Paul Johnson,Paul,Johnson,paulj@exprealty.com,(814) 581-2972,CalAtlantic Homes,Kansas City,MO,1,41,14360745,MO413324,MO,3.8,100,B,realtor_scraper,2026-08-25T06:32:09.066558+00:00
Barbara Morales,Barbara,Morales,morales.barbara@hotmail.com,(980) 991-7889,Zillow Premier,Nashville,TN,8,6,1792049,TN152737,TN,4.0,63,A,realtor_scraper,2026-08-25T06:32:09.058045+00:00
Eric Cooper,Eric,Cooper,ecooper@hotmail.com,(563) 863-8156,NVR,Orlando,FL,0,27,6397831,FL450810,FL,4.7,68,A,realtor_scraper,2026-08-25T06:32:09.061351+00:00
Benjamin Robinson,Benjamin,Robinson,benjaminr@berkshirehathawayhs.com,(361) 675-5047,CalAtlantic Homes,Sacramento,CA,8,34,13957721,CA560328,CA,4.0,82,B,realtor_scraper,2026-08-25T06:32:09.062120+00:00
Nicole Diaz,Nicole,Diaz,nicoled@compass.com,(385) 947-6155,NVR,Milwaukee,WI,4,15,3956708,WI598166,WI,4.5,63,C,realtor_scraper,2026-08-25T06:32:09.070550+00:00
Donald Johnson,Donald,Johnson,djohnson@century21.com,(845) 660-2376,Sotheby's,Atlanta,GA,11,38,11378516,GA180654,GA,3.7,78,A,realtor_scraper,2026-08-25T06:32:09.056666+00:00
Timothy Hill,Timothy,Hill,thill@realtor.com,(940) 539-2912,KB Home,New York,NY,3,19,8955423,NY604495,NY,3.8,91,A,realtor_scraper,2026-08-25T06:32:09.058777+00:00
Kenneth Lee,Kenneth,Lee,klee@redfin.com,(762) 455-6507,Sotheby's,Las Vegas,NV,20,39,8922971,NV624013,NV,4.7,88,A,realtor_scraper,2026-08-25T06:32:09.056316+00:00
George Hill,George,Hill,george.hill@weichert.com,(731) 641-2220,Better Homes & Gardens,Milwaukee,WI,5,42,14193824,WI479510,WI,3.7,88,C,realtor_scraper,2026-08-25T06:32:09.069855+00:00
Nancy Brooks,Nancy,Brooks,nancy.brooks@yahoo.com,(203) 587-7352,Taylor Morrison,San Antonio,TX,3,24,3693647,TX177740,TX,3.6,67,B,realtor_scraper,2026-08-25T06:32:09.065748+00:00
Larry Phillips,Larry,Phillips,larry44@hotmail.com,(401) 796-3144,D.R. Horton,Minneapolis,MN,4,16,4985035,MN392483,MN,5.0,71,B,realtor_scraper,2026-08-25T06:32:09.065156+00:00
Debra Bailey,Debra,Bailey,bailey.debra@elliman.com,(212) 311-3429,Meritage Homes,Minneapolis,MN,4,30,9192843,MN885409,MN,4.5,73,B,realtor_scraper,2026-08-25T06:32:09.065044+00:00
Lisa Lee,Lisa,Lee,lisa11@realtyonegroup.com,(703) 618-7486,United Real Estate,Nashville,TN,9,35,12971373,TN662350,TN,3.9,92,A,realtor_scraper,2026-08-25T06:32:09.056003+00:00
Susan Ramos,Susan,Ramos,susan.ramos@weichert.com,(925) 946-6306,Century Communities,Memphis,TN,15,35,4578162,TN134825,TN,4.1,69,C,realtor_scraper,2026-08-25T06:32:09.068958+00:00
Tyler Sanders,Tyler,Sanders,tyler.sanders@kw.com,(315) 873-9833,Tri Pointe Homes,Memphis,TN,16,26,3694321,TN412300,TN,4.7,68,C,realtor_scraper,2026-08-25T06:32:09.069319+00:00
Joseph Bennett,Joseph,Bennett,joseph.bennett@elliman.com,(979) 215-4598,Tri Pointe Homes,Phoenix,AZ,21,48,11003347,AZ936358,AZ,4.2,97,A,realtor_scraper,2026-08-25T06:32:09.055989+00:00
Linda Rodriguez,Linda,Rodriguez,lrodriguez@yahoo.com,(562) 918-4799,Sotheby's,Las Vegas,NV,16,13,1570654,NV743711,NV,3.7,75,A,realtor_scraper,2026-08-25T06:32:09.057831+00:00
Matthew Morgan,Matthew,Morgan,mmorgan@berkshirehathawayhs.com,(515) 298-6052,Keller Williams,Baltimore,MD,2,2,300695,MD843403,MD,4.0,71,B,realtor_scraper,2026-08-25T06:32:09.067425+00:00
Robert Price,Robert,Price,robert.price@realtor.com,(509) 694-8202,HomeSmart,Raleigh,NC,22,11,13033915,NC675773,NC,4.9,87,B,realtor_scraper,2026-08-25T06:32:09.063710+00:00
Dorothy Robinson,Dorothy,Robinson,robinson.dorothy@redfin.com,(863) 366-8547,Keller Williams,San Diego,CA,0,5,244686,CA208268,CA,3.7,92,A,realtor_scraper,2026-08-25T06:32:09.060958+00:00
William Bailey,William,Bailey,william.bailey@outlook.com,(254) 588-5259,Meritage Homes,Virginia Beach,VA,20,14,4443462,VA814744,VA,3.7,71,C,realtor_scraper,2026-08-25T06:32:09.067839+00:00
Donna Robinson,Donna,Robinson,donnar@hotmail.com,(410) 645-9270,Vylla Home,Boise,ID,5,15,1811796,ID980381,ID,4.7,89,C,realtor_scraper,2026-08-25T06:32:09.069755+00:00
Elizabeth Morris,Elizabeth,Morris,emorris@berkshirehathawayhs.com,(508) 812-8221,Tri Pointe Homes,Sacramento,CA,19,32,9976572,CA739261,CA,3.8,76,B,realtor_scraper,2026-08-25T06:32:09.064294+00:00
Robert Thompson,Robert,Thompson,rthompson@elliman.com,(818) 644-3475,Lennar,Jacksonville,FL,6,5,26228,FL886074,FL,4.1,84,B,realtor_scraper,2026-08-25T06:32:09.063962+00:00
Kimberly Hall,Kimberly,Hall,khall@hotmail.com,(614) 555-9811,Vylla Home,Indianapolis,IN,13,46,8106864,IN347287,IN,4.3,89,B,realtor_scraper,2026-08-25T06:32:09.064416+00:00
Frank White,Frank,White,frankw@outlook.com,(443) 622-3544,Meritage Homes,San Francisco,CA,1,6,1048111,CA991319,CA,4.8,70,A,realtor_scraper,2026-08-25T06:32:09.061046+00:00
Rebecca Castillo,Rebecca,Castillo,rebecca.castillo@sothebysrealty.com,(713) 666-7828,Taylor Morrison,Kansas City,MO,2,14,5838069,MO328834,MO,4.7,95,B,realtor_scraper,2026-08-25T06:32:09.067175+00:00
Laura Davis,Laura,Davis,laura90@exprealty.com,(716) 797-7292,Vylla Home,Detroit,MI,0,27,5799130,MI929305,MI,4.9,69,B,realtor_scraper,2026-08-25T06:32:09.066400+00:00
Sarah Bailey,Sarah,Bailey,sarah.bailey@berkshirehathawayhs.com,(661) 634-2511,Lennar,Cleveland,OH,13,13,8722415,OH440586,OH,4.7,66,B,realtor_scraper,2026-08-25T06:32:09.063251+00:00
Pamela Reyes,Pamela,Reyes,pamela.reyes@hotmail.com,(719) 781-5744,Century Communities,Nashville,TN,20,32,10492032,TN629408,TN,4.5,89,A,realtor_scraper,2026-08-25T06:32:09.057321+00:00
Paul Kelly,Paul,Kelly,paul.kelly@exprealty.com,(940) 313-7150,LGI Homes,New Orleans,LA,1,12,506162,LA852156,LA,3.5,94,C,realtor_scraper,2026-08-25T06:32:09.071147+00:00
Janet Cooper,Janet,Cooper,janet7@weichert.com,(940) 233-2820,KB Home,Los Angeles,CA,11,3,394197,CA770621,CA,4.1,82,A,realtor_scraper,2026-08-25T06:32:09.055974+00:00
Nicole Kelly,Nicole,Kelly,nkelly@yahoo.com,(802) 282-9774,Lennar,Louisville,KY,23,10,9689971,KY829061,KY,4.5,93,C,realtor_scraper,2026-08-25T06:32:09.068341+00:00
Amy Cook,Amy,Cook,acook@remax.net,(618) 526-3065,Tri Pointe Homes,Richmond,VA,1,34,9661506,VA313838,VA,4.9,61,C,realtor_scraper,2026-08-25T06:32:09.071256+00:00
Eric Price,Eric,Price,price.eric@kw.com,(901) 767-6368,Century 21,St. Louis,MO,12,3,320550,MO864471,MO,4.3,62,B,realtor_scraper,2026-08-25T06:32:09.062086+00:00
Gregory Wood,Gregory,Wood,gregory.wood@outlook.com,(830) 993-8610,Ryan Homes,San Francisco,CA,24,33,13023904,CA293435,CA,4.5,92,A,realtor_scraper,2026-08-25T06:32:09.056164+00:00
Carolyn Bailey,Carolyn,Bailey,carolyn.bailey@exprealty.com,(412) 551-7215,Zillow Premier,Seattle,WA,23,27,2705250,WA851421,WA,3.7,84,A,realtor_scraper,2026-08-25T06:32:09.057646+00:00
Donna Jones,Donna,Jones,djones@remax.net,(732) 623-8583,Redfin,Albuquerque,NM,13,21,12158586,NM206014,NM,4.3,72,C,realtor_scraper,2026-08-25T06:32:09.068715+00:00
Karen Alvarez,Karen,Alvarez,alvarez.karen@compass.com,(850) 327-4543,Sotheby's,Raleigh,NC,19,16,3594507,NC667002,NC,4.6,93,B,realtor_scraper,2026-08-25T06:32:09.064665+00:00
Jessica Hernandez,Jessica,Hernandez,jhernandez@sothebysrealty.com,(781) 351-3786,Pulte Homes,Boise,ID,7,36,1908994,ID266023,ID,4.7,78,C,realtor_scraper,2026-08-25T06:32:09.068177+00:00
Jason Richardson,Jason,Richardson,jrichardson@berkshirehathawayhs.com,(401) 795-4668,Compass,New York,NY,1,40,14090724,NY855736,NY,4.1,92,A,realtor_scraper,2026-08-25T06:32:09.061953+00:00
Patricia Nelson,Patricia,Nelson,pnelson@outlook.com,(580) 931-7102,D.R. Horton,Colorado Springs,CO,20,37,6082554,CO341382,CO,4.8,82,C,realtor_scraper,2026-08-25T06:32:09.069442+00:00
Kathleen Ortiz,Kathleen,Ortiz,kortiz@gmail.com,(561) 540-6701,M/I Homes,San Francisco,CA,4,29,13478639,CA620885,CA,3.8,71,A,realtor_scraper,2026-08-25T06:32:09.059332+00:00
Thomas Cook,Thomas,Cook,cook.thomas@hotmail.com,(270) 840-1701,Coldwell Banker,Los Angeles,CA,1,40,8294136,CA315557,CA,4.9,90,A,realtor_scraper,2026-08-25T06:32:09.061816+00:00
Eric Perez,Eric,Perez,eperez@century21.com,(703) 586-7855,Weichert,Albuquerque,NM,14,29,11929730,NM286741,NM,3.8,100,C,realtor_scraper,2026-08-25T06:32:09.068467+00:00
Steven Ward,Steven,Ward,steven.ward@redfin.com,(610) 760-6930,Century Communities,Salt Lake City,UT,14,3,130156,UT107423,UT,3.6,82,B,realtor_scraper,2026-08-25T06:32:09.064725+00:00
Stephanie Martinez,Stephanie,Martinez,smartinez@yahoo.com,(321) 395-1090,Century Communities,Salt Lake City,UT,5,5,436147,UT296737,UT,4.7,73,B,realtor_scraper,2026-08-25T06:32:09.065110+00:00
Janet Kelly,Janet,Kelly,janetk@weichert.com,(901) 271-1895,Coldwell Banker,Chicago,IL,2,6,1515872,IL417612,IL,4.6,63,A,realtor_scraper,2026-08-25T06:32:09.061906+00:00
Raymond Taylor,Raymond,Taylor,raymond.taylor@outlook.com,(781) 688-7638,Better Homes & Gardens,Baltimore,MD,4,22,5950289,MD732811,MD,4.5,65,B,realtor_scraper,2026-08-25T06:32:09.066018+00:00
Cynthia Adams,Cynthia,Adams,cynthiaa@yahoo.com,(458) 419-9940,Better Homes & Gardens,Riverside,CA,24,4,479143,CA753828,CA,4.8,94,B,realtor_scraper,2026-08-25T06:32:09.062956+00:00
Carol Hall,Carol,Hall,carol83@kw.com,(252) 409-3245,KB Home,Charlotte,NC,5,31,5125343,NC562312,NC,3.7,69,A,realtor_scraper,2026-08-25T06:32:09.059746+00:00
Amanda Walker,Amanda,Walker,awalker@coldwellbanker.com,(708) 945-9391,Meritage Homes,Portland,OR,5,14,569312,OR209967,OR,4.1,70,B,realtor_scraper,2026-08-25T06:32:09.065440+00:00
David Turner,David,Turner,david36@exprealty.com,(445) 994-3749,Realty One Group,Reno,NV,4,3,182420,NV261391,NV,4.0,82,C,realtor_scraper,2026-08-25T06:32:09.070088+00:00
Susan Bailey,Susan,Bailey,susanb@realtor.com,(850) 990-3292,Ryan Homes,St. Louis,MO,25,13,1915044,MO987058,MO,4.3,82,B,realtor_scraper,2026-08-25T06:32:09.062789+00:00
Shirley Gomez,Shirley,Gomez,shirley.gomez@kw.com,(857) 835-9742,LGI Homes,Orlando,FL,14,49,2990776,FL997718,FL,4.9,85,A,realtor_scraper,2026-08-25T06:32:09.056445+00:00
Scott Brooks,Scott,Brooks,scott94@century21.com,(681) 303-2281,Sotheby's,Las Vegas,NV,19,48,7219159,NV494395,NV,4.7,93,A,realtor_scraper,2026-08-25T06:32:09.057750+00:00
Sarah Evans,Sarah,Evans,sarah.evans@compass.com,(774) 508-4352,Better Homes & Gardens,Jacksonville,FL,10,46,4652355,FL337909,FL,3.9,64,B,realtor_scraper,2026-08-25T06:32:09.062229+00:00
Ashley Richardson,Ashley,Richardson,ashley52@kw.com,(304) 542-8459,NVR,Baltimore,MD,6,31,14771744,MD382219,MD,4.4,97,B,realtor_scraper,2026-08-25T06:32:09.064679+00:00
Maria Hall,Maria,Hall,mariah@berkshirehathawayhs.com,(601) 665-3150,Keller Williams,Minneapolis,MN,4,14,9855465,MN243147,MN,4.2,78,B,realtor_scraper,2026-08-25T06:32:09.066072+00:00
Jonathan Cox,Jonathan,Cox,jonathan.cox@hotmail.com,(413) 218-1304,Berkshire Hathaway,Portland,OR,8,47,13867086,OR232583,OR,4.0,97,B,realtor_scraper,2026-08-25T06:32:09.064279+00:00
Brenda Baker,Brenda,Baker,brenda35@outlook.com,(260) 916-5326,Redfin,Las Vegas,NV,14,48,3545253,NV669537,NV,4.9,61,A,realtor_scraper,2026-08-25T06:32:09.057018+00:00
Gregory Bailey,Gregory,Bailey,gbailey@weichert.com,(301) 238-8385,Ryan Homes,Los Angeles,CA,25,37,7778597,CA891808,CA,4.4,86,A,realtor_scraper,2026-08-25T06:32:09.055759+00:00
Linda Mitchell,Linda,Mitchell,mitchell.linda@realtor.com,(336) 588-4649,Zillow Premier,New Orleans,LA,8,29,14927164,LA437083,LA,4.7,90,C,realtor_scraper,2026-08-25T06:32:09.069096+00:00
Paul Alvarez,Paul,Alvarez,paul95@realtyonegroup.com,(747) 631-4606,Pulte Homes,St. Louis,MO,11,30,10553338,MO113342,MO,3.8,93,B,realtor_scraper,2026-08-25T06:32:09.064650+00:00
Dennis Young,Dennis,Young,young.dennis@redfin.com,(551) 544-7597,Weichert,Memphis,TN,19,23,10465406,TN201902,TN,4.3,82,C,realtor_scraper,2026-08-25T06:32:09.068130+00:00
George Myers,George,Myers,george.myers@realtyonegroup.com,(901) 300-1383,M/I Homes,Memphis,TN,2,0,212686,TN302813,TN,0.0,54,C,realtor_scraper,2026-08-25T06:32:09.071426+00:00
Betty Smith,Betty,Smith,betty31@remax.net,(458) 524-2065,RE/MAX,Charlotte,NC,21,15,1554369,NC828480,NC,3.7,80,A,realtor_scraper,2026-08-25T06:32:09.056107+00:00
Anna Torres,Anna,Torres,atorres@berkshirehathawayhs.com,(415) 845-2769,Better Homes & Gardens,San Antonio,TX,11,24,9881409,TX862947,TX,3.9,78,B,realtor_scraper,2026-08-25T06:32:09.064247+00:00
Michelle Garcia,Michelle,Garcia,mgarcia@realtor.com,(248) 240-1486,Coldwell Banker,Reno,NV,5,37,5912915,NV444763,NV,4.9,67,C,realtor_scraper,2026-08-25T06:32:09.070239+00:00
Eric Nguyen,Eric,Nguyen,enguyen@gmail.com,(336) 950-8925,The Agency,Baltimore,MD,18,3,473060,MD796070,MD,4.4,89,B,realtor_scraper,2026-08-25T06:32:09.063613+00:00
Brian Edwards,Brian,Edwards,brian.edwards@century21.com,(563) 534-8351,Century 21,San Jose,CA,1,8,1941574,CA718976,CA,4.2,75,B,realtor_scraper,2026-08-25T06:32:09.066139+00:00
Kenneth Murphy,Kenneth,Murphy,kmurphy@remax.net,(217) 450-1517,Realty One Group,Tucson,AZ,0,49,10677483,AZ896372,AZ,4.4,79,C,realtor_scraper,2026-08-25T06:32:09.070954+00:00
Janet Smith,Janet,Smith,janet99@elliman.com,(908) 440-3613,Compass,Minneapolis,MN,1,11,1936944,MN328027,MN,3.6,87,B,realtor_scraper,2026-08-25T06:32:09.066852+00:00
Kathleen Morgan,Kathleen,Morgan,morgan.kathleen@outlook.com,(330) 289-1148,Beazer Homes,Las Vegas,NV,1,44,3230072,NV604109,NV,4.9,62,A,realtor_scraper,2026-08-25T06:32:09.060800+00:00
Anthony Ramos,Anthony,Ramos,anthony34@redfin.com,(361) 543-4747,Pulte Homes,Seattle,WA,3,39,4375261,WA499717,WA,4.4,67,A,realtor_scraper,2026-08-25T06:32:09.060222+00:00
Catherine Howard,Catherine,Howard,catherineh@redfin.com,(380) 780-1247,Pulte Homes,Baton Rouge,LA,16,40,7856096,LA614958,LA,3.8,74,C,realtor_scraper,2026-08-25T06:32:09.068699+00:00
Stephen Miller,Stephen,Miller,stephen24@remax.net,(847) 787-1133,Nest Seekers,Baton Rouge,LA,2,33,12733845,LA212841,LA,4.6,98,C,realtor_scraper,2026-08-25T06:32:09.070838+00:00
Jonathan Anderson,Jonathan,Anderson,jonathan41@outlook.com,(601) 432-7144,Weichert,Seattle,WA,23,14,1880206,WA109912,WA,4.9,63,A,realtor_scraper,2026-08-25T06:32:09.057471+00:00
Michelle Miller,Michelle,Miller,michelle44@weichert.com,(917) 586-2195,Lennar,Baltimore,MD,4,1,55870,MD893342,MD,4.0,75,B,realtor_scraper,2026-08-25T06:32:09.065364+00:00
Ruth Ward,Ruth,Ward,ward.ruth@hotmail.com,(770) 638-2072,Taylor Morrison,Baltimore,MD,4,29,10218147,MD101646,MD,3.5,94,B,realtor_scraper,2026-08-25T06:32:09.065230+00:00
Ronald Hall,Ronald,Hall,ronaldh@berkshirehathawayhs.com,(631) 957-5061,Lennar,St. Louis,MO,23,31,2871075,MO677085,MO,4.0,66,B,realtor_scraper,2026-08-25T06:32:09.062846+00:00
Pamela Richardson,Pamela,Richardson,pamela14@weichert.com,(570) 885-3233,Toll Brothers,Indianapolis,IN,0,25,4451896,IN831010,IN,4.0,73,B,realtor_scraper,2026-08-25T06:32:09.067037+00:00
Patrick Edwards,Patrick,Edwards,patrick88@remax.net,(323) 842-9953,Century Communities,Riverside,CA,4,11,1547512,CA547169,CA,4.5,74,B,realtor_scraper,2026-08-25T06:32:09.064954+00:00
Raymond Morales,Raymond,Morales,raymondm@coldwellbanker.com,(425) 857-5383,Sotheby's,Los Angeles,CA,2,16,12781563,CA936591,CA,4.9,70,A,realtor_scraper,2026-08-25T06:32:09.061123+00:00
William Garcia,William,Garcia,williamg@weichert.com,(419) 429-2143,Weichert,Raleigh,NC,2,48,14277372,NC712691,NC,3.9,73,B,realtor_scraper,2026-08-25T06:32:09.066443+00:00
Justin Jones,Justin,Jones,jjones@weichert.com,(303) 966-1280,Better Homes & Gardens,Cleveland,OH,20,2,161727,OH755672,OH,4.3,59,B,realtor_scraper,2026-08-25T06:32:09.063598+00:00
Robert Cruz,Robert,Cruz,rcruz@hotmail.com,(551) 503-8378,The Agency,Portland,OR,12,20,10021659,OR836391,OR,3.8,100,B,realtor_scraper,2026-08-25T06:32:09.063408+00:00
George Johnson,George,Johnson,johnson.george@outlook.com,(380) 844-4613,The Agency,Cleveland,OH,3,17,4486292,OH691471,OH,3.8,80,B,realtor_scraper,2026-08-25T06:32:09.064969+00:00
Frank Cooper,Frank,Cooper,cooper.frank@realtyonegroup.com,(351) 860-6721,KB Home,San Diego,CA,22,30,10888147,CA515540,CA,4.3,80,A,realtor_scraper,2026-08-25T06:32:09.057257+00:00
Samuel Taylor,Samuel,Taylor,staylor@weichert.com,(779) 728-5842,eXp Realty,Denver,CO,3,0,375474,CO570652,CO,0.0,62,A,realtor_scraper,2026-08-25T06:32:09.059202+00:00
Shirley Moore,Shirley,Moore,shirley33@realtyonegroup.com,(347) 643-8179,CalAtlantic Homes,Louisville,KY,16,11,11204929,KY694425,KY,4.2,73,C,realtor_scraper,2026-08-25T06:32:09.068537+00:00
Edward Hall,Edward,Hall,hall.edward@exprealty.com,(313) 852-6664,NVR,Riverside,CA,14,50,5012385,CA482801,CA,4.2,70,B,realtor_scraper,2026-08-25T06:32:09.064710+00:00
James White,James,White,jamesw@outlook.com,(401) 295-2109,The Agency,Oklahoma City,OK,3,40,12616854,OK920492,OK,4.1,70,C,realtor_scraper,2026-08-25T06:32:09.069663+00:00
Paul Martinez,Paul,Martinez,paulm@compass.com,(701) 433-9849,Realty One Group,Los Angeles,CA,18,22,7079443,CA723975,CA,5.0,79,A,realtor_scraper,2026-08-25T06:32:09.056679+00:00
Jennifer Scott,Jennifer,Scott,scott.jennifer@elliman.com,(623) 972-4954,LGI Homes,Virginia Beach,VA,2,14,10793311,VA835188,VA,3.8,82,C,realtor_scraper,2026-08-25T06:32:09.071161+00:00
Jacob Watson,Jacob,Watson,watson.jacob@kw.com,(917) 691-3146,RE/MAX,Seattle,WA,3,15,634409,WA724596,WA,5.0,78,A,realtor_scraper,2026-08-25T06:32:09.059064+00:00
Anna Walker,Anna,Walker,annaw@gmail.com,(970) 623-6122,Nest Seekers,Tampa,FL,7,31,6766033,FL936907,FL,4.9,75,A,realtor_scraper,2026-08-25T06:32:09.056458+00:00
Jessica Martin,Jessica,Martin,martin.jessica@century21.com,(248) 714-6899,CalAtlantic Homes,Baltimore,MD,22,14,1608037,MD776924,MD,4.9,77,B,realtor_scraper,2026-08-25T06:32:09.063666+00:00
Brian Carter,Brian,Carter,brianc@redfin.com,(919) 571-9203,Tri Pointe Homes,San Francisco,CA,0,5,279044,CA152623,CA,3.9,65,A,realtor_scraper,2026-08-25T06:32:09.061418+00:00
Jessica Parker,Jessica,Parker,parker.jessica@berkshirehathawayhs.com,(215) 844-9144,Meritage Homes,Baltimore,MD,3,45,10939260,MD614205,MD,4.2,78,B,realtor_scraper,2026-08-25T06:32:09.065315+00:00
Jennifer Williams,Jennifer,Williams,jennifer.williams@elliman.com,(570) 896-5996,Vylla Home,Detroit,MI,0,47,2162633,MI216645,MI,3.9,90,B,realtor_scraper,2026-08-25T06:32:09.066429+00:00
Donna Davis,Donna,Davis,donnad@gmail.com,(916) 501-2776,HomeSmart,Tucson,AZ,5,2,198814,AZ388076,AZ,4.0,71,C,realtor_scraper,2026-08-25T06:32:09.069705+00:00
Michelle Morales,Michelle,Morales,mmorales@hotmail.com,(531) 245-3838,Taylor Morrison,Reno,NV,7,35,9199515,NV988051,NV,4.7,80,C,realtor_scraper,2026-08-25T06:32:09.069037+00:00
Amanda Green,Amanda,Green,amandag@realtyonegroup.com,(870) 689-8267,NVR,Louisville,KY,9,16,7547002,KY994929,KY,3.7,74,C,realtor_scraper,2026-08-25T06:32:09.068238+00:00
Anna Rivera,Anna,Rivera,anna64@realtyonegroup.com,(475) 387-5438,Compass,Virginia Beach,VA,3,20,5204292,VA272188,VA,4.8,81,C,realtor_scraper,2026-08-25T06:32:09.069900+00:00
Elizabeth Nelson,Elizabeth,Nelson,enelson@remax.net,(773) 371-1026,United Real Estate,Cleveland,OH,7,43,6185221,OH627302,OH,3.6,91,B,realtor_scraper,2026-08-25T06:32:09.062520+00:00
Amy Alvarez,Amy,Alvarez,amy37@redfin.com,(913) 768-3595,Pulte Homes,Philadelphia,PA,0,13,14120496,PA807024,PA,4.8,71,A,realtor_scraper,2026-08-25T06:32:09.061802+00:00
Matthew Gomez,Matthew,Gomez,gomez.matthew@remax.net,(828) 294-4382,M/I Homes,Colorado Springs,CO,23,43,2422985,CO498158,CO,4.5,76,C,realtor_scraper,2026-08-25T06:32:09.068684+00:00
Amanda Roberts,Amanda,Roberts,aroberts@compass.com,(409) 787-3138,M/I Homes,Dallas-Fort Worth,TX,5,27,2118359,TX852754,TX,4.9,91,A,realtor_scraper,2026-08-25T06:32:09.059154+00:00
Sarah Bennett,Sarah,Bennett,sarahb@gmail.com,(573) 920-9563,NVR,Nashville,TN,20,15,12133286,TN710709,TN,4.7,85,A,realtor_scraper,2026-08-25T06:32:09.058295+00:00
Samuel Stewart,Samuel,Stewart,samuel.stewart@century21.com,(973) 985-6110,Douglas Elliman,Reno,NV,18,38,13102125,NV933719,NV,4.9,100,C,realtor_scraper,2026-08-25T06:32:09.067883+00:00
Samantha Ortiz,Samantha,Ortiz,sortiz@sothebysrealty.com,(626) 785-3983,Pulte Homes,Sacramento,CA,17,17,7339225,CA178544,CA,4.2,94,B,realtor_scraper,2026-08-25T06:32:09.064608+00:00
Jeffrey King,Jeffrey,King,jeffreyk@gmail.com,(386) 713-6739,Vylla Home,Houston,TX,16,26,12537205,TX391694,TX,4.4,89,A,realtor_scraper,2026-08-25T06:32:09.056226+00:00
Betty Lewis,Betty,Lewis,betty14@weichert.com,(959) 589-6185,Toll Brothers,Detroit,MI,3,5,563447,MI302277,MI,4.2,85,B,realtor_scraper,2026-08-25T06:32:09.065421+00:00
Janet Williams,Janet,Williams,janetw@redfin.com,(308) 406-3074,Compass,Seattle,WA,3,7,1350333,WA742861,WA,4.2,77,A,realtor_scraper,2026-08-25T06:32:09.059247+00:00
Samuel Hill,Samuel,Hill,samuelh@weichert.com,(937) 870-7157,United Real Estate,St. Louis,MO,5,15,14502717,MO611837,MO,4.3,87,B,realtor_scraper,2026-08-25T06:32:09.065012+00:00
Anna Alvarez,Anna,Alvarez,annaa@coldwellbanker.com,(702) 829-2823,Sotheby's,Los Angeles,CA,4,26,8444721,CA692762,CA,4.4,88,A,realtor_scraper,2026-08-25T06:32:09.059727+00:00
Anna Mitchell,Anna,Mitchell,annam@realtor.com,(732) 985-1245,Better Homes & Gardens,Virginia Beach,VA,5,11,1723584,VA183547,VA,4.7,93,C,realtor_scraper,2026-08-25T06:32:09.069691+00:00
Anna Mendoza,Anna,Mendoza,anna19@yahoo.com,(863) 391-4269,United Real Estate,Colorado Springs,CO,0,37,13106363,CO442318,CO,3.8,91,C,realtor_scraper,2026-08-25T06:32:09.070657+00:00
Sarah Wood,Sarah,Wood,sarah.wood@yahoo.com,(205) 416-2677,Meritage Homes,Salt Lake City,UT,17,40,9919641,UT529542,UT,4.6,69,B,realtor_scraper,2026-08-25T06:32:09.064308+00:00
Anna Reed,Anna,Reed,anna.reed@remax.net,(240) 897-8776,Zillow Premier,San Francisco,CA,4,3,187565,CA670384,CA,3.8,63,A,realtor_scraper,2026-08-25T06:32:09.059946+00:00
Michael Ross,Michael,Ross,ross.michael@redfin.com,(731) 979-2642,Century Communities,San Jose,CA,25,13,3591292,CA358559,CA,4.9,71,B,realtor_scraper,2026-08-25T06:32:09.062153+00:00
Patrick Flores,Patrick,Flores,patrick16@gmail.com,(915) 499-5961,Berkshire Hathaway,Colorado Springs,CO,4,31,14691230,CO205653,CO,4.5,99,C,realtor_scraper,2026-08-25T06:32:09.070387+00:00
Carol Adams,Carol,Adams,adams.carol@redfin.com,(585) 586-7703,ERA,Houston,TX,5,16,6615796,TX397733,TX,4.9,62,A,realtor_scraper,2026-08-25T06:32:09.060317+00:00
Thomas White,Thomas,White,thomas47@redfin.com,(406) 972-2770,Meritage Homes,Baltimore,MD,2,38,7914171,MD530407,MD,4.7,77,B,realtor_scraper,2026-08-25T06:32:09.066694+00:00
Ashley Lee,Ashley,Lee,ashley.lee@sothebysrealty.com,(985) 491-9217,Ryan Homes,Colorado Springs,CO,12,15,12788129,CO970016,CO,3.8,97,C,realtor_scraper,2026-08-25T06:32:09.069219+00:00
Daniel Ramirez,Daniel,Ramirez,ramirez.daniel@realtyonegroup.com,(505) 898-2503,Beazer Homes,Albuquerque,NM,2,31,6408639,NM285355,NM,4.0,91,C,realtor_scraper,2026-08-25T06:32:09.070852+00:00
Angela Walker,Angela,Walker,walker.angela@redfin.com,(307) 603-9625,Vylla Home,Austin,TX,6,40,8995844,TX233119,TX,4.3,63,A,realtor_scraper,2026-08-25T06:32:09.056959+00:00
Pamela Hall,Pamela,Hall,pamelah@realtor.com,(260) 324-5207,eXp Realty,New York,NY,9,31,7319463,NY762442,NY,4.6,63,A,realtor_scraper,2026-08-25T06:32:09.055947+00:00
Carol Taylor,Carol,Taylor,carol51@exprealty.com,(248) 378-8196,ERA,Los Angeles,CA,2,30,1859378,CA349553,CA,4.4,91,A,realtor_scraper,2026-08-25T06:32:09.061920+00:00
Nicole Williams,Nicole,Williams,nicolew@berkshirehathawayhs.com,(309) 925-6536,Lennar,Albuquerque,NM,2,11,1415532,NM598541,NM,4.5,63,C,realtor_scraper,2026-08-25T06:32:09.070592+00:00
Sharon Brown,Sharon,Brown,sharon.brown@weichert.com,(281) 269-8883,RE/MAX,New York,NY,11,42,10745487,NY338940,NY,4.1,81,A,realtor_scraper,2026-08-25T06:32:09.057225+00:00
Jonathan Kelly,Jonathan,Kelly,kelly.jonathan@exprealty.com,(239) 733-9919,ERA,Salt Lake City,UT,0,33,9621603,UT523253,UT,3.6,93,B,realtor_scraper,2026-08-25T06:32:09.067539+00:00
Jeffrey Jones,Jeffrey,Jones,jjones@compass.com,(816) 281-5803,United Real Estate,Tampa,FL,2,25,6286164,FL164452,FL,4.8,62,A,realtor_scraper,2026-08-25T06:32:09.061691+00:00
Edward Roberts,Edward,Roberts,edward67@coldwellbanker.com,(586) 209-2348,Coldwell Banker,Jacksonville,FL,13,46,12336761,FL589534,FL,4.8,72,B,realtor_scraper,2026-08-25T06:32:09.062029+00:00
Nicole Parker,Nicole,Parker,nparker@remax.net,(346) 911-9165,Meritage Homes,Detroit,MI,10,47,9765057,MI372833,MI,4.4,77,B,realtor_scraper,2026-08-25T06:32:09.063806+00:00
Donald Nelson,Donald,Nelson,donald.nelson@exprealty.com,(762) 856-5521,Sotheby's,San Antonio,TX,21,25,1510243,TX197440,TX,4.9,73,B,realtor_scraper,2026-08-25T06:32:09.064040+00:00
Sharon Edwards,Sharon,Edwards,sharon62@outlook.com,(231) 338-1135,Pulte Homes,Sacramento,CA,3,28,10556313,CA174947,CA,4.0,100,B,realtor_scraper,2026-08-25T06:32:09.065972+00:00
Rebecca Hughes,Rebecca,Hughes,rebeccah@homesmart.com,(606) 512-6363,Tri Pointe Homes,Oklahoma City,OK,1,13,13164936,OK821487,OK,4.1,86,C,realtor_scraper,2026-08-25T06:32:09.070731+00:00
Kathleen Cooper,Kathleen,Cooper,kcooper@compass.com,(217) 961-1462,Century Communities,Milwaukee,WI,7,14,8751543,WI596115,WI,3.8,90,C,realtor_scraper,2026-08-25T06:32:09.068745+00:00
Christine Lee,Christine,Lee,christine97@sothebysrealty.com,(269) 332-5606,Realty One Group,Philadelphia,PA,12,14,2234908,PA683700,PA,4.4,70,A,realtor_scraper,2026-08-25T06:32:09.057190+00:00
Betty Green,Betty,Green,betty63@berkshirehathawayhs.com,(419) 457-6039,Pulte Homes,Philadelphia,PA,16,29,6422401,PA396835,PA,4.7,85,A,realtor_scraper,2026-08-25T06:32:09.057149+00:00
Joshua Anderson,Joshua,Anderson,joshuaa@realtor.com,(615) 838-7735,Nest Seekers,Riverside,CA,4,2,255202,CA128572,CA,4.7,74,B,realtor_scraper,2026-08-25T06:32:09.065716+00:00
Kevin Kim,Kevin,Kim,kim.kevin@hotmail.com,(331) 764-8078,LGI Homes,Cleveland,OH,1,1,353030,OH971687,OH,3.8,41,B,realtor_scraper,2026-08-25T06:32:09.067127+00:00
Aaron Morris,Aaron,Morris,aaron.morris@redfin.com,(818) 704-7636,Meritage Homes,Minneapolis,MN,21,15,4182729,MN182830,MN,3.8,71,B,realtor_scraper,2026-08-25T06:32:09.062135+00:00
Jennifer Davis,Jennifer,Davis,jenniferd@kw.com,(252) 814-4902,ERA,San Jose,CA,3,12,13224986,CA179392,CA,4.2,97,B,realtor_scraper,2026-08-25T06:32:09.065986+00:00
Steven Green,Steven,Green,steven40@realtyonegroup.com,(619) 449-8040,Toll Brothers,Richmond,VA,23,18,8456967,VA938811,VA,3.9,82,C,realtor_scraper,2026-08-25T06:32:09.069407+00:00
Samuel Gray,Samuel,Gray,sgray@kw.com,(408) 238-9369,Beazer Homes,Houston,TX,8,13,1238426,TX912575,TX,3.8,65,A,realtor_scraper,2026-08-25T06:32:09.057598+00:00
Emma Edwards,Emma,Edwards,edwards.emma@century21.com,(417) 810-7770,Berkshire Hathaway,Minneapolis,MN,15,13,1948193,MN124834,MN,5.0,66,B,realtor_scraper,2026-08-25T06:32:09.063884+00:00
Tyler Young,Tyler,Young,tylery@berkshirehathawayhs.com,(913) 509-3687,KB Home,Houston,TX,5,42,12469767,TX470471,TX,4.5,99,A,realtor_scraper,2026-08-25T06:32:09.060207+00:00
William Gray,William,Gray,wgray@coldwellbanker.com,(315) 768-8458,Vylla Home,Chicago,IL,20,17,6486791,IL872608,IL,4.6,94,A,realtor_scraper,2026-08-25T06:32:09.057210+00:00
Eric Miller,Eric,Miller,miller.eric@outlook.com,(207) 674-4052,Zillow Premier,San Antonio,TX,3,13,2806454,TX640933,TX,3.6,61,B,realtor_scraper,2026-08-25T06:32:09.066000+00:00
Richard Adams,Richard,Adams,radams@redfin.com,(715) 429-2461,Century Communities,Richmond,VA,1,18,13188719,VA808737,VA,3.6,100,C,realtor_scraper,2026-08-25T06:32:09.070908+00:00
Brandon Evans,Brandon,Evans,brandon.evans@century21.com,(714) 374-1269,Pulte Homes,Orlando,FL,24,39,14231895,FL793191,FL,4.8,91,A,realtor_scraper,2026-08-25T06:32:09.058220+00:00
Mary Green,Mary,Green,mary.green@remax.net,(959) 541-2449,HomeSmart,Chicago,IL,2,39,4810129,IL174132,IL,4.2,77,A,realtor_scraper,2026-08-25T06:32:09.061449+00:00
Robert Williams,Robert,Williams,robert97@gmail.com,(773) 571-1697,Lennar,San Jose,CA,0,18,14397686,CA763483,CA,4.6,93,B,realtor_scraper,2026-08-25T06:32:09.067205+00:00
Melissa Wood,Melissa,Wood,melissa.wood@exprealty.com,(931) 226-9935,Lennar,Chicago,IL,10,25,2818923,IL391171,IL,3.8,91,A,realtor_scraper,2026-08-25T06:32:09.057375+00:00
Benjamin Richardson,Benjamin,Richardson,benjamin91@gmail.com,(609) 593-4637,ERA,Seattle,WA,5,38,12217139,WA785937,WA,4.8,99,A,realtor_scraper,2026-08-25T06:32:09.059561+00:00
Ruth Cook,Ruth,Cook,ruth.cook@hotmail.com,(802) 760-6363,Taylor Morrison,Salt Lake City,UT,10,23,3532393,UT997246,UT,4.7,80,B,realtor_scraper,2026-08-25T06:32:09.062599+00:00
Rachel Lee,Rachel,Lee,rachel.lee@century21.com,(734) 941-7129,Douglas Elliman,Milwaukee,WI,3,36,2491070,WI737657,WI,4.2,92,C,realtor_scraper,2026-08-25T06:32:09.069840+00:00
Margaret Taylor,Margaret,Taylor,taylor.margaret@homesmart.com,(951) 772-6087,The Agency,Minneapolis,MN,11,30,1589314,MN634939,MN,4.6,93,B,realtor_scraper,2026-08-25T06:32:09.063726+00:00
Kevin Torres,Kevin,Torres,kevin.torres@realtor.com,(786) 281-4019,Berkshire Hathaway,Albuquerque,NM,5,50,11964849,NM445210,NM,4.3,83,C,realtor_scraper,2026-08-25T06:32:09.070030+00:00
Melissa Morris,Melissa,Morris,melissa62@weichert.com,(949) 774-2863,ERA,Tucson,AZ,3,41,14633099,AZ288933,AZ,4.2,81,C,realtor_scraper,2026-08-25T06:32:09.070211+00:00
Heather Ward,Heather,Ward,ward.heather@yahoo.com,(430) 616-9919,Meritage Homes,Cleveland,OH,17,25,5069161,OH799907,OH,4.7,61,B,realtor_scraper,2026-08-25T06:32:09.062899+00:00
Raymond Scott,Raymond,Scott,raymond32@outlook.com,(479) 301-3248,United Real Estate,Las Vegas,NV,7,22,13936475,NV384144,NV,3.5,79,A,realtor_scraper,2026-08-25T06:32:09.056652+00:00
Carol Hughes,Carol,Hughes,hughes.carol@elliman.com,(541) 371-3417,HomeSmart,Salt Lake City,UT,7,7,1235846,UT387703,UT,3.8,70,B,realtor_scraper,2026-08-25T06:32:09.062670+00:00
William Gray,William,Gray,william19@kw.com,(812) 955-9287,Better Homes & Gardens,Baltimore,MD,18,22,13203020,MD321785,MD,4.6,97,B,realtor_scraper,2026-08-25T06:32:09.062911+00:00
Janet Morales,Janet,Morales,jmorales@redfin.com,(534) 921-8543,CalAtlantic Homes,New Orleans,LA,25,44,8496626,LA184506,LA,3.6,87,C,realtor_scraper,2026-08-25T06:32:09.069584+00:00
Benjamin Peterson,Benjamin,Peterson,benjamin.peterson@kw.com,(305) 397-4644,HomeSmart,Milwaukee,WI,14,1,482572,WI319348,WI,4.5,74,C,realtor_scraper,2026-08-25T06:32:09.068920+00:00
Ashley Young,Ashley,Young,ashley46@berkshirehathawayhs.com,(567) 725-7976,Realty One Group,Boston,MA,9,13,10281048,MA979945,MA,4.0,100,A,realtor_scraper,2026-08-25T06:32:09.056693+00:00
Sharon Ruiz,Sharon,Ruiz,sharon62@sothebysrealty.com,(810) 281-1086,Nest Seekers,Memphis,TN,5,25,8299498,TN837396,TN,3.6,95,C,realtor_scraper,2026-08-25T06:32:09.069650+00:00
Kathleen Wright,Kathleen,Wright,kathleen22@exprealty.com,(229) 269-4614,Realty One Group,Houston,TX,19,28,3550534,TX431289,TX,3.8,62,A,realtor_scraper,2026-08-25T06:32:09.057440+00:00
Charles Price,Charles,Price,cprice@hotmail.com,(814) 637-1947,Berkshire Hathaway,Phoenix,AZ,4,13,9162650,AZ718143,AZ,3.7,90,A,realtor_scraper,2026-08-25T06:32:09.059027+00:00
Nicholas Gutierrez,Nicholas,Gutierrez,nicholasg@yahoo.com,(724) 855-2689,Tri Pointe Homes,Kansas City,MO,13,21,2825796,MO676394,MO,3.6,87,B,realtor_scraper,2026-08-25T06:32:09.062459+00:00
Steven Bennett,Steven,Bennett,sbennett@gmail.com,(484) 471-1340,CalAtlantic Homes,Minneapolis,MN,10,2,210016,MN270140,MN,4.7,67,B,realtor_scraper,2026-08-25T06:32:09.064370+00:00
Brenda Ward,Brenda,Ward,ward.brenda@century21.com,(940) 821-9103,Keller Williams,Riverside,CA,9,36,11512038,CA341603,CA,4.3,95,B,realtor_scraper,2026-08-25T06:32:09.063821+00:00
Gregory Nguyen,Gregory,Nguyen,gregoryn@compass.com,(785) 764-1551,Toll Brothers,New York,NY,13,22,10714545,NY909677,NY,4.1,82,A,realtor_scraper,2026-08-25T06:32:09.057781+00:00
Dorothy Price,Dorothy,Price,dorothyp@yahoo.com,(601) 810-1734,Berkshire Hathaway,Milwaukee,WI,14,28,10215449,WI254946,WI,4.0,75,C,realtor_scraper,2026-08-25T06:32:09.068281+00:00
Jason Bennett,Jason,Bennett,jasonb@yahoo.com,(972) 490-4908,CalAtlantic Homes,Louisville,KY,22,25,4778629,KY725714,KY,4.5,67,C,realtor_scraper,2026-08-25T06:32:09.068523+00:00
Joshua Allen,Joshua,Allen,allen.joshua@kw.com,(863) 306-6665,Nest Seekers,Tampa,FL,20,5,1242058,FL680777,FL,3.7,63,A,realtor_scraper,2026-08-25T06:32:09.057047+00:00
Margaret Brown,Margaret,Brown,mbrown@redfin.com,(573) 346-8725,Redfin,Reno,NV,5,32,7210334,NV858978,NV,3.6,60,C,realtor_scraper,2026-08-25T06:32:09.070430+00:00
Matthew Long,Matthew,Long,matthew48@coldwellbanker.com,(970) 828-5695,Realty One Group,Virginia Beach,VA,15,32,10744421,VA276495,VA,4.2,74,C,realtor_scraper,2026-08-25T06:32:09.068205+00:00
Timothy Williams,Timothy,Williams,williams.timothy@compass.com,(434) 796-9375,Keller Williams,Orlando,FL,14,33,8500308,FL865710,FL,3.8,87,A,realtor_scraper,2026-08-25T06:32:09.056344+00:00
William Price,William,Price,williamp@outlook.com,(989) 304-4852,NVR,Sacramento,CA,2,47,7883738,CA293395,CA,4.4,70,B,realtor_scraper,2026-08-25T06:32:09.066169+00:00
Nancy Morris,Nancy,Morris,nancy.morris@weichert.com,(747) 738-9069,RE/MAX,Cleveland,OH,24,43,5714285,OH353366,OH,4.4,76,B,realtor_scraper,2026-08-25T06:32:09.062384+00:00
Janet Cooper,Janet,Cooper,janet52@yahoo.com,(707) 855-7053,M/I Homes,Orlando,FL,5,38,11919084,FL219584,FL,4.1,92,A,realtor_scraper,2026-08-25T06:32:09.060135+00:00
Laura Parker,Laura,Parker,lparker@century21.com,(207) 904-5710,ERA,Memphis,TN,14,14,1149973,TN277932,TN,4.1,94,C,realtor_scraper,2026-08-25T06:32:09.068356+00:00
Carol White,Carol,White,carol.white@compass.com,(731) 595-2137,ERA,Tampa,FL,10,15,13175638,FL539595,FL,3.6,91,A,realtor_scraper,2026-08-25T06:32:09.057734+00:00
Rebecca Sanchez,Rebecca,Sanchez,rsanchez@weichert.com,(572) 551-7224,United Real Estate,Reno,NV,7,9,757287,NV807667,NV,3.7,62,C,realtor_scraper,2026-08-25T06:32:09.067663+00:00
Matthew Moore,Matthew,Moore,mmoore@berkshirehathawayhs.com,(801) 548-3635,NVR,Seattle,WA,17,11,5356532,WA928709,WA,3.8,95,A,realtor_scraper,2026-08-25T06:32:09.056726+00:00
Brandon Cox,Brandon,Cox,cox.brandon@gmail.com,(580) 634-9316,Tri Pointe Homes,Kansas City,MO,4,25,5500315,MO697280,MO,3.8,91,B,realtor_scraper,2026-08-25T06:32:09.065596+00:00
Gary Anderson,Gary,Anderson,garya@gmail.com,(304) 693-8569,Keller Williams,Jacksonville,FL,6,23,1962582,FL432680,FL,3.6,75,B,realtor_scraper,2026-08-25T06:32:09.064173+00:00
Michael Martin,Michael,Martin,martin.michael@realtyonegroup.com,(315) 315-7643,Vylla Home,Milwaukee,WI,23,41,12501762,WI719752,WI,4.8,76,C,realtor_scraper,2026-08-25T06:32:09.069159+00:00
Jack Mitchell,Jack,Mitchell,jmitchell@remax.net,(765) 720-7950,ERA,Sacramento,CA,2,40,11924855,CA772596,CA,3.6,79,B,realtor_scraper,2026-08-25T06:32:09.066606+00:00
Carolyn Lewis,Carolyn,Lewis,carolynl@berkshirehathawayhs.com,(585) 438-6884,CalAtlantic Homes,Salt Lake City,UT,13,20,5138464,UT430827,UT,4.3,65,B,realtor_scraper,2026-08-25T06:32:09.063284+00:00
Shirley Myers,Shirley,Myers,shirleym@homesmart.com,(509) 527-6349,Toll Brothers,Reno,NV,1,50,14223224,NV149037,NV,3.8,89,C,realtor_scraper,2026-08-25T06:32:09.071520+00:00
Daniel Garcia,Daniel,Garcia,dgarcia@elliman.com,(806) 417-1959,Sotheby's,Miami,FL,20,20,7746758,FL760523,FL,4.9,79,A,realtor_scraper,2026-08-25T06:32:09.057565+00:00
Ashley Turner,Ashley,Turner,ashley33@berkshirehathawayhs.com,(972) 794-8504,eXp Realty,Boston,MA,6,45,6109441,MA991870,MA,4.7,68,A,realtor_scraper,2026-08-25T06:32:09.058482+00:00
Larry Thompson,Larry,Thompson,larry.thompson@berkshirehathawayhs.com,(406) 391-9068,Beazer Homes,Boise,ID,1,11,575921,ID656586,ID,4.2,66,C,realtor_scraper,2026-08-25T06:32:09.071349+00:00
Robert Gomez,Robert,Gomez,robert8@remax.net,(407) 292-9480,Century 21,Richmond,VA,15,14,1325501,VA340286,VA,3.7,64,C,realtor_scraper,2026-08-25T06:32:09.067741+00:00
Laura Thomas,Laura,Thomas,laura39@kw.com,(978) 231-9521,Better Homes & Gardens,Memphis,TN,1,28,4486850,TN695147,TN,4.9,77,C,realtor_scraper,2026-08-25T06:32:09.070894+00:00
Patrick Gomez,Patrick,Gomez,pgomez@realtor.com,(539) 362-7579,Douglas Elliman,Tampa,FL,17,14,9731979,FL373896,FL,4.7,93,A,realtor_scraper,2026-08-25T06:32:09.058174+00:00
Ryan Price,Ryan,Price,rprice@berkshirehathawayhs.com,(657) 337-8322,Nest Seekers,San Diego,CA,14,23,9442900,CA448616,CA,3.8,90,A,realtor_scraper,2026-08-25T06:32:09.057796+00:00
Patrick Hill,Patrick,Hill,hill.patrick@berkshirehathawayhs.com,(585) 915-5389,Lennar,Albuquerque,NM,0,46,11222732,NM226146,NM,5.0,78,C,realtor_scraper,2026-08-25T06:32:09.071226+00:00
Ryan Bennett,Ryan,Bennett,ryan.bennett@remax.net,(315) 686-7343,Coldwell Banker,Kansas City,MO,1,24,6140644,MO785706,MO,4.8,93,B,realtor_scraper,2026-08-25T06:32:09.067293+00:00
Paul Garcia,Paul,Garcia,pgarcia@hotmail.com,(909) 643-1726,Lennar,Detroit,MI,5,13,6457190,MI989746,MI,3.8,85,B,realtor_scraper,2026-08-25T06:32:09.065244+00:00
Ronald Rodriguez,Ronald,Rodriguez,rrodriguez@gmail.com,(435) 711-9583,Meritage Homes,Dallas-Fort Worth,TX,1,19,1954730,TX990265,TX,4.5,93,A,realtor_scraper,2026-08-25T06:32:09.061967+00:00
Anna Harris,Anna,Harris,aharris@sothebysrealty.com,(914) 906-1318,Better Homes & Gardens,Oklahoma City,OK,3,19,8691051,OK301839,OK,4.6,85,C,realtor_scraper,2026-08-25T06:32:09.070151+00:00
Sharon Stewart,Sharon,Stewart,sstewart@kw.com,(864) 317-8846,Pulte Homes,Oklahoma City,OK,2,3,427138,OK511731,OK,3.8,75,C,realtor_scraper,2026-08-25T06:32:09.071288+00:00
Barbara Diaz,Barbara,Diaz,diaz.barbara@weichert.com,(337) 601-3846,Keller Williams,Sacramento,CA,14,22,10662073,CA246084,CA,5.0,83,B,realtor_scraper,2026-08-25T06:32:09.063377+00:00
Emma Allen,Emma,Allen,allen.emma@berkshirehathawayhs.com,(585) 308-6265,Toll Brothers,San Jose,CA,24,42,12960732,CA266221,CA,4.1,90,B,realtor_scraper,2026-08-25T06:32:09.062987+00:00
Samantha Rodriguez,Samantha,Rodriguez,samantha.rodriguez@kw.com,(615) 580-6234,KB Home,Cincinnati,OH,10,21,11351962,OH773958,OH,4.1,71,B,realtor_scraper,2026-08-25T06:32:09.062215+00:00
Debra Scott,Debra,Scott,scott.debra@kw.com,(856) 214-5104,Meritage Homes,Salt Lake City,UT,13,33,5980555,UT442097,UT,4.7,63,B,realtor_scraper,2026-08-25T06:32:09.063977+00:00
Benjamin Robinson,Benjamin,Robinson,robinson.benjamin@homesmart.com,(276) 308-8165,Century Communities,Columbus,OH,4,38,5844747,OH241710,OH,3.8,84,B,realtor_scraper,2026-08-25T06:32:09.064772+00:00
Andrew Thomas,Andrew,Thomas,athomas@hotmail.com,(941) 693-4132,Better Homes & Gardens,Raleigh,NC,3,4,698387,NC157841,NC,4.1,66,B,realtor_scraper,2026-08-25T06:32:09.064940+00:00
Brian Rogers,Brian,Rogers,rogers.brian@redfin.com,(805) 477-4352,eXp Realty,Detroit,MI,21,33,9360704,MI845001,MI,4.4,83,B,realtor_scraper,2026-08-25T06:32:09.064529+00:00
Amy Reyes,Amy,Reyes,amyr@hotmail.com,(713) 408-7037,Keller Williams,San Jose,CA,25,43,10616239,CA891630,CA,4.4,89,B,realtor_scraper,2026-08-25T06:32:09.063236+00:00
Jeffrey Price,Jeffrey,Price,jeffreyp@century21.com,(617) 971-6495,RE/MAX,Memphis,TN,1,13,10066632,TN588492,TN,4.8,79,C,realtor_scraper,2026-08-25T06:32:09.071396+00:00
Ashley Hernandez,Ashley,Hernandez,hernandez.ashley@realtor.com,(862) 273-5092,Redfin,Nashville,TN,2,45,12633896,TN644563,TN,4.1,100,A,realtor_scraper,2026-08-25T06:32:09.061321+00:00
Alexander Ruiz,Alexander,Ruiz,aruiz@redfin.com,(515) 309-6346,Century 21,Chicago,IL,4,16,12102830,IL838943,IL,4.9,100,A,realtor_scraper,2026-08-25T06:32:09.060114+00:00
Jessica Flores,Jessica,Flores,flores.jessica@redfin.com,(317) 445-8032,Lennar,Kansas City,MO,18,22,7286765,MO801393,MO,3.9,66,B,realtor_scraper,2026-08-25T06:32:09.064228+00:00
Emily Wright,Emily,Wright,ewright@gmail.com,(805) 507-6317,Weichert,San Antonio,TX,22,43,3997484,TX139797,TX,4.8,60,B,realtor_scraper,2026-08-25T06:32:09.062300+00:00
Ashley Hernandez,Ashley,Hernandez,ashley62@compass.com,(253) 379-7915,Beazer Homes,Orlando,FL,19,24,8499963,FL111369,FL,3.7,60,A,realtor_scraper,2026-08-25T06:32:09.058514+00:00
