solid OpenSCAD_Model
  facet normal 0.995185 0.098015 0
    outer loop
      vertex 89.23 11.7474 120
      vertex 89.4021 10 -46.6901
      vertex 89.23 11.7474 -120
    endloop
  endfacet
  facet normal 0.995184 0.0980287 -0
    outer loop
      vertex 89.5 9.00637 95
      vertex 89.23 11.7474 120
      vertex 89.5 9.00637 120
    endloop
  endfacet
  facet normal 0.995183 0.0980301 -1.60728e-07
    outer loop
      vertex 89.23 11.7474 120
      vertex 89.5 9.00637 95
      vertex 89.4021 10 -46.6901
    endloop
  endfacet
  facet normal 0.995185 0.0980165 -2.57329e-07
    outer loop
      vertex 89.8073 5.88628 95
      vertex 89.4021 10 -46.6901
      vertex 89.5 9.00637 95
    endloop
  endfacet
  facet normal 0.995184 0.0980253 0
    outer loop
      vertex 89.4021 10 -46.6901
      vertex 89.8073 5.88628 95
      vertex 89.8073 5.88628 -46.942
    endloop
  endfacet
  facet normal 0.995185 0.098015 -0
    outer loop
      vertex 89.4021 10 -94.3449
      vertex 89.23 11.7474 -120
      vertex 89.4021 10 -46.6901
    endloop
  endfacet
  facet normal 0.995184 0.0980252 7.05319e-07
    outer loop
      vertex 89.8073 5.88628 -94.7243
      vertex 89.23 11.7474 -120
      vertex 89.4021 10 -94.3449
    endloop
  endfacet
  facet normal 0.995184 0.0980222 0
    outer loop
      vertex 89.23 11.7474 -120
      vertex 89.8073 5.88628 -94.7243
      vertex 89.8073 5.88628 -120
    endloop
  endfacet
  facet normal 0.999465 0.0327196 0
    outer loop
      vertex 90 0 -94.9048
      vertex 89.8073 5.88628 -120
      vertex 89.8073 5.88628 -94.7243
    endloop
  endfacet
  facet normal 0.999465 0.0327196 0
    outer loop
      vertex 89.8073 5.88628 -120
      vertex 90 0 -94.9048
      vertex 90 0 -120
    endloop
  endfacet
  facet normal 0.999465 0.0327196 0
    outer loop
      vertex 90 0 95
      vertex 89.8073 5.88628 -46.942
      vertex 89.8073 5.88628 95
    endloop
  endfacet
  facet normal 0.999465 0.0327196 0
    outer loop
      vertex 89.8073 5.88628 -46.942
      vertex 90 0 95
      vertex 90 0 -47.0618
    endloop
  endfacet
  facet normal 0.986645 0.162887 0
    outer loop
      vertex 89.23 11.7474 120
      vertex 88.2707 17.5581 -120
      vertex 88.2707 17.5581 120
    endloop
  endfacet
  facet normal 0.986645 0.162887 0
    outer loop
      vertex 88.2707 17.5581 -120
      vertex 89.23 11.7474 120
      vertex 89.23 11.7474 -120
    endloop
  endfacet
  facet normal -0.812843 -0.582482 0
    outer loop
      vertex -71.4018 -54.7885 -120
      vertex -74.8323 -50.0013 120
      vertex -74.8323 -50.0013 -120
    endloop
  endfacet
  facet normal -0.812843 -0.582482 0
    outer loop
      vertex -74.8323 -50.0013 120
      vertex -71.4018 -54.7885 -120
      vertex -71.4018 -54.7885 120
    endloop
  endfacet
  facet normal -0.956942 -0.29028 0
    outer loop
      vertex -85.2237 -28.9296 -120
      vertex -86.9333 -23.2937 120
      vertex -86.9333 -23.2937 -120
    endloop
  endfacet
  facet normal -0.956942 -0.29028 0
    outer loop
      vertex -86.9333 -23.2937 120
      vertex -85.2237 -28.9296 -120
      vertex -85.2237 -28.9296 120
    endloop
  endfacet
  facet normal -0.849203 -0.528067 0
    outer loop
      vertex -74.8323 -50.0013 -120
      vertex -77.9423 -45 120
      vertex -77.9423 -45 -120
    endloop
  endfacet
  facet normal -0.849203 -0.528067 0
    outer loop
      vertex -77.9423 -45 120
      vertex -74.8323 -50.0013 -120
      vertex -74.8323 -50.0013 120
    endloop
  endfacet
  facet normal 0.910859 0.412718 0
    outer loop
      vertex 83.1492 34.4415 120
      vertex 80.7185 39.806 -120
      vertex 80.7185 39.806 120
    endloop
  endfacet
  facet normal 0.910859 0.412718 0
    outer loop
      vertex 80.7185 39.806 -120
      vertex 83.1492 34.4415 120
      vertex 83.1492 34.4415 -120
    endloop
  endfacet
  facet normal 0.849203 0.528067 0
    outer loop
      vertex 77.9423 45 120
      vertex 74.8323 50.0013 -120
      vertex 74.8323 50.0013 120
    endloop
  endfacet
  facet normal 0.849203 0.528067 0
    outer loop
      vertex 74.8323 50.0013 -120
      vertex 77.9423 45 120
      vertex 77.9423 45 -120
    endloop
  endfacet
  facet normal 0.999465 -0.0327196 0
    outer loop
      vertex 89.8073 -5.88628 -120
      vertex 90 0 -94.9048
      vertex 89.8073 -5.88628 -94.7243
    endloop
  endfacet
  facet normal 0.999465 -0.0327196 0
    outer loop
      vertex 90 0 -94.9048
      vertex 89.8073 -5.88628 -120
      vertex 90 0 -120
    endloop
  endfacet
  facet normal 0.999465 -0.0327196 0
    outer loop
      vertex 89.8073 -5.88628 -46.942
      vertex 90 0 95
      vertex 89.8073 -5.88628 95
    endloop
  endfacet
  facet normal 0.999465 -0.0327196 0
    outer loop
      vertex 90 0 95
      vertex 89.8073 -5.88628 -46.942
      vertex 90 0 -47.0618
    endloop
  endfacet
  facet normal 0.935908 0.352245 0
    outer loop
      vertex 85.2237 28.9296 120
      vertex 83.1492 34.4415 -120
      vertex 83.1492 34.4415 120
    endloop
  endfacet
  facet normal 0.935908 0.352245 0
    outer loop
      vertex 83.1492 34.4415 -120
      vertex 85.2237 28.9296 120
      vertex 85.2237 28.9296 -120
    endloop
  endfacet
  facet normal -0.47139 -0.881925 0
    outer loop
      vertex -45 -77.9423 -120
      vertex -39.806 -80.7185 120
      vertex -45 -77.9423 120
    endloop
  endfacet
  facet normal -0.47139 -0.881925 -0
    outer loop
      vertex -39.806 -80.7185 120
      vertex -45 -77.9423 -120
      vertex -39.806 -80.7185 -120
    endloop
  endfacet
  facet normal 0.528067 -0.849203 0
    outer loop
      vertex 45 -77.9423 -120
      vertex 50.0013 -74.8323 120
      vertex 45 -77.9423 120
    endloop
  endfacet
  facet normal 0.528067 -0.849203 0
    outer loop
      vertex 50.0013 -74.8323 120
      vertex 45 -77.9423 -120
      vertex 50.0013 -74.8323 -120
    endloop
  endfacet
  facet normal 0.29028 -0.956942 0
    outer loop
      vertex 23.2937 -86.9333 -120
      vertex 28.9296 -85.2237 120
      vertex 23.2937 -86.9333 120
    endloop
  endfacet
  facet normal 0.29028 -0.956942 0
    outer loop
      vertex 28.9296 -85.2237 120
      vertex 23.2937 -86.9333 -120
      vertex 28.9296 -85.2237 -120
    endloop
  endfacet
  facet normal 0.47139 0.881925 -0
    outer loop
      vertex 45 77.9423 -120
      vertex 39.806 80.7185 120
      vertex 45 77.9423 120
    endloop
  endfacet
  facet normal 0.47139 0.881925 0
    outer loop
      vertex 39.806 80.7185 120
      vertex 45 77.9423 -120
      vertex 39.806 80.7185 -120
    endloop
  endfacet
  facet normal -0.683594 0.729863 0
    outer loop
      vertex -59.3411 67.6656 -120
      vertex -63.6396 63.6396 120
      vertex -59.3411 67.6656 120
    endloop
  endfacet
  facet normal -0.683594 0.729863 0
    outer loop
      vertex -63.6396 63.6396 120
      vertex -59.3411 67.6656 -120
      vertex -63.6396 63.6396 -120
    endloop
  endfacet
  facet normal -0.935908 -0.352245 0
    outer loop
      vertex -83.1492 -34.4415 -120
      vertex -85.2237 -28.9296 120
      vertex -85.2237 -28.9296 -120
    endloop
  endfacet
  facet normal -0.935908 -0.352245 0
    outer loop
      vertex -85.2237 -28.9296 120
      vertex -83.1492 -34.4415 -120
      vertex -83.1492 -34.4415 120
    endloop
  endfacet
  facet normal -0.986645 0.162887 0
    outer loop
      vertex -89.23 11.7474 -120
      vertex -88.2707 17.5581 120
      vertex -88.2707 17.5581 -120
    endloop
  endfacet
  facet normal -0.986645 0.162887 0
    outer loop
      vertex -88.2707 17.5581 120
      vertex -89.23 11.7474 -120
      vertex -89.23 11.7474 120
    endloop
  endfacet
  facet normal 0.773012 0.634391 0
    outer loop
      vertex 71.4018 54.7885 120
      vertex 67.6656 59.3411 -120
      vertex 67.6656 59.3411 120
    endloop
  endfacet
  facet normal 0.773012 0.634391 0
    outer loop
      vertex 67.6656 59.3411 -120
      vertex 71.4018 54.7885 120
      vertex 71.4018 54.7885 -120
    endloop
  endfacet
  facet normal 0.0327196 0.999465 0
    outer loop
      vertex 5.88628 89.8073 120
      vertex 0 90 0.75
      vertex 0 90 120
    endloop
  endfacet
  facet normal 0.0327196 0.999465 0
    outer loop
      vertex 5.88628 89.8073 120
      vertex 0 90 -0.75
      vertex 0 90 0.75
    endloop
  endfacet
  facet normal 0.0327196 0.999465 -0
    outer loop
      vertex 5.88628 89.8073 -120
      vertex 0 90 -0.75
      vertex 5.88628 89.8073 120
    endloop
  endfacet
  facet normal 0.0327196 0.999465 0
    outer loop
      vertex 0 90 -0.75
      vertex 5.88628 89.8073 -120
      vertex 0 90 -120
    endloop
  endfacet
  facet normal 0.973875 0.227084 0
    outer loop
      vertex 88.2707 17.5581 120
      vertex 86.9333 23.2937 -120
      vertex 86.9333 23.2937 120
    endloop
  endfacet
  facet normal 0.973875 0.227084 0
    outer loop
      vertex 86.9333 23.2937 -120
      vertex 88.2707 17.5581 120
      vertex 88.2707 17.5581 -120
    endloop
  endfacet
  facet normal -0.995185 0.098015 0
    outer loop
      vertex -89.4021 10 -46.6901
      vertex -89.23 11.7474 -120
      vertex -89.4021 10 -94.3449
    endloop
  endfacet
  facet normal -0.995184 0.0980287 0
    outer loop
      vertex -89.5 9.00637 -95
      vertex -89.23 11.7474 -120
      vertex -89.5 9.00637 -120
    endloop
  endfacet
  facet normal -0.995181 0.0980512 2.49341e-06
    outer loop
      vertex -89.23 11.7474 -120
      vertex -89.5 9.00637 -95
      vertex -89.4021 10 -94.3449
    endloop
  endfacet
  facet normal -0.995185 0.0980165 0
    outer loop
      vertex -89.8073 5.88628 -94.7243
      vertex -89.5 9.00637 -95
      vertex -89.8073 5.88628 -95
    endloop
  endfacet
  facet normal -0.995184 0.0980208 4.90792e-05
    outer loop
      vertex -89.5 9.00637 -95
      vertex -89.8073 5.88628 -94.7243
      vertex -89.4021 10 -94.3449
    endloop
  endfacet
  facet normal -0.995185 0.098015 0
    outer loop
      vertex -89.23 11.7474 -120
      vertex -89.4021 10 -46.6901
      vertex -89.23 11.7474 120
    endloop
  endfacet
  facet normal -0.995184 0.0980253 0
    outer loop
      vertex -89.8073 5.88628 120
      vertex -89.4021 10 -46.6901
      vertex -89.8073 5.88628 -46.942
    endloop
  endfacet
  facet normal -0.995184 0.0980222 -7.66696e-08
    outer loop
      vertex -89.4021 10 -46.6901
      vertex -89.8073 5.88628 120
      vertex -89.23 11.7474 120
    endloop
  endfacet
  facet normal 0.956942 0.29028 0
    outer loop
      vertex 86.9333 23.2937 120
      vertex 85.2237 28.9296 -120
      vertex 85.2237 28.9296 120
    endloop
  endfacet
  facet normal 0.956942 0.29028 0
    outer loop
      vertex 85.2237 28.9296 -120
      vertex 86.9333 23.2937 120
      vertex 86.9333 23.2937 -120
    endloop
  endfacet
  facet normal -0.352245 0.935908 0
    outer loop
      vertex -28.9296 85.2237 -120
      vertex -34.4415 83.1492 120
      vertex -28.9296 85.2237 120
    endloop
  endfacet
  facet normal -0.352245 0.935908 0
    outer loop
      vertex -34.4415 83.1492 120
      vertex -28.9296 85.2237 -120
      vertex -34.4415 83.1492 -120
    endloop
  endfacet
  facet normal -0.935908 0.352245 0
    outer loop
      vertex -85.2237 28.9296 -120
      vertex -83.1492 34.4415 120
      vertex -83.1492 34.4415 -120
    endloop
  endfacet
  facet normal -0.935908 0.352245 0
    outer loop
      vertex -83.1492 34.4415 120
      vertex -85.2237 28.9296 -120
      vertex -85.2237 28.9296 120
    endloop
  endfacet
  facet normal -0.162887 0.986645 0
    outer loop
      vertex -11.7474 89.23 -120
      vertex -17.5581 88.2707 120
      vertex -11.7474 89.23 120
    endloop
  endfacet
  facet normal -0.162887 0.986645 0
    outer loop
      vertex -17.5581 88.2707 120
      vertex -11.7474 89.23 -120
      vertex -17.5581 88.2707 -120
    endloop
  endfacet
  facet normal 0.162887 -0.986645 0
    outer loop
      vertex 11.7474 -89.23 -120
      vertex 17.5581 -88.2707 120
      vertex 11.7474 -89.23 120
    endloop
  endfacet
  facet normal 0.162887 -0.986645 0
    outer loop
      vertex 17.5581 -88.2707 120
      vertex 11.7474 -89.23 -120
      vertex 17.5581 -88.2707 -120
    endloop
  endfacet
  facet normal -0.995184 -0.0980287 0
    outer loop
      vertex -89.23 -11.7474 -120
      vertex -89.5 -9.00637 -95
      vertex -89.5 -9.00637 -120
    endloop
  endfacet
  facet normal -0.995185 -0.098015 0
    outer loop
      vertex -89.4021 -10 -94.3449
      vertex -89.23 -11.7474 -120
      vertex -89.4021 -10 -46.6901
    endloop
  endfacet
  facet normal -0.995181 -0.0980512 2.49341e-06
    outer loop
      vertex -89.5 -9.00637 -95
      vertex -89.23 -11.7474 -120
      vertex -89.4021 -10 -94.3449
    endloop
  endfacet
  facet normal -0.995185 -0.0980165 0
    outer loop
      vertex -89.5 -9.00637 -95
      vertex -89.8073 -5.88628 -94.7243
      vertex -89.8073 -5.88628 -95
    endloop
  endfacet
  facet normal -0.995184 -0.0980208 4.90792e-05
    outer loop
      vertex -89.8073 -5.88628 -94.7243
      vertex -89.5 -9.00637 -95
      vertex -89.4021 -10 -94.3449
    endloop
  endfacet
  facet normal -0.995184 -0.0980253 0
    outer loop
      vertex -89.4021 -10 -46.6901
      vertex -89.8073 -5.88628 120
      vertex -89.8073 -5.88628 -46.942
    endloop
  endfacet
  facet normal -0.995184 -0.0980222 -7.66696e-08
    outer loop
      vertex -89.4021 -10 -46.6901
      vertex -89.23 -11.7474 120
      vertex -89.8073 -5.88628 120
    endloop
  endfacet
  facet normal -0.995185 -0.098015 -0
    outer loop
      vertex -89.23 -11.7474 120
      vertex -89.4021 -10 -46.6901
      vertex -89.23 -11.7474 -120
    endloop
  endfacet
  facet normal -0.582482 0.812843 0
    outer loop
      vertex -50.0013 74.8323 -120
      vertex -54.7885 71.4018 120
      vertex -50.0013 74.8323 120
    endloop
  endfacet
  facet normal -0.582482 0.812843 0
    outer loop
      vertex -54.7885 71.4018 120
      vertex -50.0013 74.8323 -120
      vertex -54.7885 71.4018 -120
    endloop
  endfacet
  facet normal 0.582482 0.812843 -0
    outer loop
      vertex 54.7885 71.4018 -120
      vertex 50.0013 74.8323 120
      vertex 54.7885 71.4018 120
    endloop
  endfacet
  facet normal 0.582482 0.812843 0
    outer loop
      vertex 50.0013 74.8323 120
      vertex 54.7885 71.4018 -120
      vertex 50.0013 74.8323 -120
    endloop
  endfacet
  facet normal -0.634391 -0.773012 0
    outer loop
      vertex -59.3411 -67.6656 -120
      vertex -54.7885 -71.4018 120
      vertex -59.3411 -67.6656 120
    endloop
  endfacet
  facet normal -0.634391 -0.773012 -0
    outer loop
      vertex -54.7885 -71.4018 120
      vertex -59.3411 -67.6656 -120
      vertex -54.7885 -71.4018 -120
    endloop
  endfacet
  facet normal 0.29028 0.956942 -0
    outer loop
      vertex 28.9296 85.2237 -120
      vertex 23.2937 86.9333 120
      vertex 28.9296 85.2237 120
    endloop
  endfacet
  facet normal 0.29028 0.956942 0
    outer loop
      vertex 23.2937 86.9333 120
      vertex 28.9296 85.2237 -120
      vertex 23.2937 86.9333 -120
    endloop
  endfacet
  facet normal 0.162887 0.986645 -0
    outer loop
      vertex 17.5581 88.2707 -120
      vertex 11.7474 89.23 120
      vertex 17.5581 88.2707 120
    endloop
  endfacet
  facet normal 0.162887 0.986645 0
    outer loop
      vertex 11.7474 89.23 120
      vertex 17.5581 88.2707 -120
      vertex 11.7474 89.23 -120
    endloop
  endfacet
  facet normal -0.0327196 0.999465 0
    outer loop
      vertex 0 90 0.75
      vertex -5.88628 89.8073 120
      vertex 0 90 120
    endloop
  endfacet
  facet normal -0.0327196 0.999465 0
    outer loop
      vertex 0 90 -0.75
      vertex -5.88628 89.8073 120
      vertex 0 90 0.75
    endloop
  endfacet
  facet normal -0.0327196 0.999465 0
    outer loop
      vertex -5.88628 89.8073 -120
      vertex 0 90 -0.75
      vertex 0 90 -120
    endloop
  endfacet
  facet normal -0.0327196 0.999465 0
    outer loop
      vertex 0 90 -0.75
      vertex -5.88628 89.8073 -120
      vertex -5.88628 89.8073 120
    endloop
  endfacet
  facet normal -0.29028 -0.956942 0
    outer loop
      vertex -28.9296 -85.2237 -120
      vertex -23.2937 -86.9333 120
      vertex -28.9296 -85.2237 120
    endloop
  endfacet
  facet normal -0.29028 -0.956942 -0
    outer loop
      vertex -23.2937 -86.9333 120
      vertex -28.9296 -85.2237 -120
      vertex -23.2937 -86.9333 -120
    endloop
  endfacet
  facet normal 0.973875 -0.227084 0
    outer loop
      vertex 86.9333 -23.2937 120
      vertex 88.2707 -17.5581 -120
      vertex 88.2707 -17.5581 120
    endloop
  endfacet
  facet normal 0.973875 -0.227084 0
    outer loop
      vertex 88.2707 -17.5581 -120
      vertex 86.9333 -23.2937 120
      vertex 86.9333 -23.2937 -120
    endloop
  endfacet
  facet normal -0.227084 0.973875 0
    outer loop
      vertex -17.5581 88.2707 -120
      vertex -23.2937 86.9333 120
      vertex -17.5581 88.2707 120
    endloop
  endfacet
  facet normal -0.227084 0.973875 0
    outer loop
      vertex -23.2937 86.9333 120
      vertex -17.5581 88.2707 -120
      vertex -23.2937 86.9333 -120
    endloop
  endfacet
  facet normal 0.986645 -0.162887 0
    outer loop
      vertex 88.2707 -17.5581 120
      vertex 89.23 -11.7474 -120
      vertex 89.23 -11.7474 120
    endloop
  endfacet
  facet normal 0.986645 -0.162887 0
    outer loop
      vertex 89.23 -11.7474 -120
      vertex 88.2707 -17.5581 120
      vertex 88.2707 -17.5581 -120
    endloop
  endfacet
  facet normal 0.528067 0.849203 -0
    outer loop
      vertex 50.0013 74.8323 -120
      vertex 45 77.9423 120
      vertex 50.0013 74.8323 120
    endloop
  endfacet
  facet normal 0.528067 0.849203 0
    outer loop
      vertex 45 77.9423 120
      vertex 50.0013 74.8323 -120
      vertex 45 77.9423 -120
    endloop
  endfacet
  facet normal 0.0327196 -0.999465 0
    outer loop
      vertex 0 -90 0.75
      vertex 5.88628 -89.8073 120
      vertex 0 -90 120
    endloop
  endfacet
  facet normal 0.0327196 -0.999465 0
    outer loop
      vertex 0 -90 -0.75
      vertex 5.88628 -89.8073 120
      vertex 0 -90 0.75
    endloop
  endfacet
  facet normal 0.0327196 -0.999465 0
    outer loop
      vertex 5.88628 -89.8073 -120
      vertex 0 -90 -0.75
      vertex 0 -90 -120
    endloop
  endfacet
  facet normal 0.0327196 -0.999465 0
    outer loop
      vertex 0 -90 -0.75
      vertex 5.88628 -89.8073 -120
      vertex 5.88628 -89.8073 120
    endloop
  endfacet
  facet normal 0.227084 0.973875 -0
    outer loop
      vertex 23.2937 86.9333 -120
      vertex 17.5581 88.2707 120
      vertex 23.2937 86.9333 120
    endloop
  endfacet
  facet normal 0.227084 0.973875 0
    outer loop
      vertex 17.5581 88.2707 120
      vertex 23.2937 86.9333 -120
      vertex 17.5581 88.2707 -120
    endloop
  endfacet
  facet normal 0.812843 -0.582482 0
    outer loop
      vertex 71.4018 -54.7885 120
      vertex 74.8323 -50.0013 -120
      vertex 74.8323 -50.0013 120
    endloop
  endfacet
  facet normal 0.812843 -0.582482 0
    outer loop
      vertex 74.8323 -50.0013 -120
      vertex 71.4018 -54.7885 120
      vertex 71.4018 -54.7885 -120
    endloop
  endfacet
  facet normal 0.849203 -0.528067 0
    outer loop
      vertex 74.8323 -50.0013 120
      vertex 77.9423 -45 -120
      vertex 77.9423 -45 120
    endloop
  endfacet
  facet normal 0.849203 -0.528067 0
    outer loop
      vertex 77.9423 -45 -120
      vertex 74.8323 -50.0013 120
      vertex 74.8323 -50.0013 -120
    endloop
  endfacet
  facet normal 0.729863 0.683594 0
    outer loop
      vertex 67.6656 59.3411 120
      vertex 63.6396 63.6396 -120
      vertex 63.6396 63.6396 120
    endloop
  endfacet
  facet normal 0.729863 0.683594 0
    outer loop
      vertex 63.6396 63.6396 -120
      vertex 67.6656 59.3411 120
      vertex 67.6656 59.3411 -120
    endloop
  endfacet
  facet normal -0.910859 0.412718 0
    outer loop
      vertex -83.1492 34.4415 -120
      vertex -80.7185 39.806 120
      vertex -80.7185 39.806 -120
    endloop
  endfacet
  facet normal -0.910859 0.412718 0
    outer loop
      vertex -80.7185 39.806 120
      vertex -83.1492 34.4415 -120
      vertex -83.1492 34.4415 120
    endloop
  endfacet
  facet normal -0.29028 0.956942 0
    outer loop
      vertex -23.2937 86.9333 -120
      vertex -28.9296 85.2237 120
      vertex -23.2937 86.9333 120
    endloop
  endfacet
  facet normal -0.29028 0.956942 0
    outer loop
      vertex -28.9296 85.2237 120
      vertex -23.2937 86.9333 -120
      vertex -28.9296 85.2237 -120
    endloop
  endfacet
  facet normal -0 0 1
    outer loop
      vertex 84.2728 11.0947 120
      vertex 89.5 9.00637 120
      vertex 89.23 11.7474 120
    endloop
  endfacet
  facet normal 0 0 1
    outer loop
      vertex 89.5 9.00637 120
      vertex 85 0 120
      vertex 89.5 -9.00637 120
    endloop
  endfacet
  facet normal 0 0 1
    outer loop
      vertex 84.2728 11.0947 120
      vertex 89.23 11.7474 120
      vertex 88.2707 17.5581 120
    endloop
  endfacet
  facet normal -0 0 1
    outer loop
      vertex 84.818 -5.55927 120
      vertex 89.5 -9.00637 120
      vertex 85 0 120
    endloop
  endfacet
  facet normal 0 0 1
    outer loop
      vertex 83.3667 16.5827 120
      vertex 88.2707 17.5581 120
      vertex 86.9333 23.2937 120
    endloop
  endfacet
  facet normal 0 0 1
    outer loop
      vertex 84.2728 -11.0947 120
      vertex 89.5 -9.00637 120
      vertex 84.818 -5.55927 120
    endloop
  endfacet
  facet normal 0 0 1
    outer loop
      vertex 82.1037 21.9996 120
      vertex 86.9333 23.2937 120
      vertex 85.2237 28.9296 120
    endloop
  endfacet
  facet normal 0 0 1
    outer loop
      vertex 89.5 -9.00637 120
      vertex 84.2728 -11.0947 120
      vertex 89.23 -11.7474 120
    endloop
  endfacet
  facet normal 0 0 1
    outer loop
      vertex 89.23 -11.7474 120
      vertex 84.2728 -11.0947 120
      vertex 88.2707 -17.5581 120
    endloop
  endfacet
  facet normal 0 0 1
    outer loop
      vertex 89.5 9.00637 120
      vertex 84.818 5.55927 120
      vertex 85 0 120
    endloop
  endfacet
  facet normal 0 0 1
    outer loop
      vertex 89.5 9.00637 120
      vertex 84.2728 11.0947 120
      vertex 84.818 5.55927 120
    endloop
  endfacet
  facet normal 0 0 1
    outer loop
      vertex 88.2707 17.5581 120
      vertex 83.3667 16.5827 120
      vertex 84.2728 11.0947 120
    endloop
  endfacet
  facet normal 0 0 1
    outer loop
      vertex 80.4891 27.3224 120
      vertex 85.2237 28.9296 120
      vertex 83.1492 34.4415 120
    endloop
  endfacet
  facet normal 0 0 1
    outer loop
      vertex 86.9333 23.2937 120
      vertex 82.1037 21.9996 120
      vertex 83.3667 16.5827 120
    endloop
  endfacet
  facet normal 0 0 1
    outer loop
      vertex 78.5298 32.5281 120
      vertex 83.1492 34.4415 120
      vertex 80.7185 39.806 120
    endloop
  endfacet
  facet normal 0 0 1
    outer loop
      vertex 85.2237 28.9296 120
      vertex 80.4891 27.3224 120
      vertex 82.1037 21.9996 120
    endloop
  endfacet
  facet normal 0 0 1
    outer loop
      vertex 83.1492 34.4415 120
      vertex 78.5298 32.5281 120
      vertex 80.4891 27.3224 120
    endloop
  endfacet
  facet normal 0 0 1
    outer loop
      vertex 76.2342 37.5945 120
      vertex 80.7185 39.806 120
      vertex 77.9423 45 120
    endloop
  endfacet
  facet normal 0 0 1
    outer loop
      vertex 80.7185 39.806 120
      vertex 76.2342 37.5945 120
      vertex 78.5298 32.5281 120
    endloop
  endfacet
  facet normal 0 0 1
    outer loop
      vertex 73.6122 42.5 120
      vertex 77.9423 45 120
      vertex 74.8323 50.0013 120
    endloop
  endfacet
  facet normal 0 0 1
    outer loop
      vertex 77.9423 45 120
      vertex 73.6122 42.5 120
      vertex 76.2342 37.5945 120
    endloop
  endfacet
  facet normal 0 0 1
    outer loop
      vertex 70.6749 47.2235 120
      vertex 74.8323 50.0013 120
      vertex 71.4018 54.7885 120
    endloop
  endfacet
  facet normal 0 0 1
    outer loop
      vertex 74.8323 50.0013 120
      vertex 70.6749 47.2235 120
      vertex 73.6122 42.5 120
    endloop
  endfacet
  facet normal 0 0 1
    outer loop
      vertex 67.435 51.7447 120
      vertex 71.4018 54.7885 120
      vertex 67.6656 59.3411 120
    endloop
  endfacet
  facet normal 0 0 1
    outer loop
      vertex 71.4018 54.7885 120
      vertex 67.435 51.7447 120
      vertex 70.6749 47.2235 120
    endloop
  endfacet
  facet normal 0 0 1
    outer loop
      vertex 67.6656 59.3411 120
      vertex 63.9064 56.0444 120
      vertex 67.435 51.7447 120
    endloop
  endfacet
  facet normal 0 0 1
    outer loop
      vertex 63.6396 63.6396 120
      vertex 63.9064 56.0444 120
      vertex 67.6656 59.3411 120
    endloop
  endfacet
  facet normal 0 0 1
    outer loop
      vertex 63.6396 63.6396 120
      vertex 60.1041 60.1041 120
      vertex 63.9064 56.0444 120
    endloop
  endfacet
  facet normal 0 0 1
    outer loop
      vertex 59.3411 67.6656 120
      vertex 60.1041 60.1041 120
      vertex 63.6396 63.6396 120
    endloop
  endfacet
  facet normal 0 0 1
    outer loop
      vertex 59.3411 67.6656 120
      vertex 56.0444 63.9064 120
      vertex 60.1041 60.1041 120
    endloop
  endfacet
  facet normal 0 0 1
    outer loop
      vertex 54.7885 71.4018 120
      vertex 56.0444 63.9064 120
      vertex 59.3411 67.6656 120
    endloop
  endfacet
  facet normal 0 0 1
    outer loop
      vertex 54.7885 71.4018 120
      vertex 51.7447 67.435 120
      vertex 56.0444 63.9064 120
    endloop
  endfacet
  facet normal 0 0 1
    outer loop
      vertex 50.0013 74.8323 120
      vertex 51.7447 67.435 120
      vertex 54.7885 71.4018 120
    endloop
  endfacet
  facet normal 0 0 1
    outer loop
      vertex 50.0013 74.8323 120
      vertex 47.2235 70.6749 120
      vertex 51.7447 67.435 120
    endloop
  endfacet
  facet normal 0 0 1
    outer loop
      vertex 45 77.9423 120
      vertex 47.2235 70.6749 120
      vertex 50.0013 74.8323 120
    endloop
  endfacet
  facet normal 0 0 1
    outer loop
      vertex 45 77.9423 120
      vertex 42.5 73.6122 120
      vertex 47.2235 70.6749 120
    endloop
  endfacet
  facet normal 0 0 1
    outer loop
      vertex 39.806 80.7185 120
      vertex 42.5 73.6122 120
      vertex 45 77.9423 120
    endloop
  endfacet
  facet normal 0 0 1
    outer loop
      vertex 39.806 80.7185 120
      vertex 37.5945 76.2342 120
      vertex 42.5 73.6122 120
    endloop
  endfacet
  facet normal 0 0 1
    outer loop
      vertex 34.4415 83.1492 120
      vertex 37.5945 76.2342 120
      vertex 39.806 80.7185 120
    endloop
  endfacet
  facet normal 0 0 1
    outer loop
      vertex 34.4415 83.1492 120
      vertex 32.5281 78.5298 120
      vertex 37.5945 76.2342 120
    endloop
  endfacet
  facet normal 0 0 1
    outer loop
      vertex 28.9296 85.2237 120
      vertex 32.5281 78.5298 120
      vertex 34.4415 83.1492 120
    endloop
  endfacet
  facet normal 0 0 1
    outer loop
      vertex 28.9296 85.2237 120
      vertex 27.3224 80.4891 120
      vertex 32.5281 78.5298 120
    endloop
  endfacet
  facet normal 0 0 1
    outer loop
      vertex 23.2937 86.9333 120
      vertex 27.3224 80.4891 120
      vertex 28.9296 85.2237 120
    endloop
  endfacet
  facet normal 0 0 1
    outer loop
      vertex 23.2937 86.9333 120
      vertex 21.9996 82.1037 120
      vertex 27.3224 80.4891 120
    endloop
  endfacet
  facet normal 0 0 1
    outer loop
      vertex 17.5581 88.2707 120
      vertex 21.9996 82.1037 120
      vertex 23.2937 86.9333 120
    endloop
  endfacet
  facet normal 0 0 1
    outer loop
      vertex 17.5581 88.2707 120
      vertex 16.5827 83.3667 120
      vertex 21.9996 82.1037 120
    endloop
  endfacet
  facet normal 0 0 1
    outer loop
      vertex 11.7474 89.23 120
      vertex 16.5827 83.3667 120
      vertex 17.5581 88.2707 120
    endloop
  endfacet
  facet normal 0 0 1
    outer loop
      vertex 11.7474 89.23 120
      vertex 11.0947 84.2728 120
      vertex 16.5827 83.3667 120
    endloop
  endfacet
  facet normal 0 0 1
    outer loop
      vertex 5.88628 89.8073 120
      vertex 11.0947 84.2728 120
      vertex 11.7474 89.23 120
    endloop
  endfacet
  facet normal 0 0 1
    outer loop
      vertex 5.88628 89.8073 120
      vertex 5.55927 84.818 120
      vertex 11.0947 84.2728 120
    endloop
  endfacet
  facet normal 0 0 1
    outer loop
      vertex 0 90 120
      vertex 5.55927 84.818 120
      vertex 5.88628 89.8073 120
    endloop
  endfacet
  facet normal 0 0 1
    outer loop
      vertex 0 90 120
      vertex 0 85 120
      vertex 5.55927 84.818 120
    endloop
  endfacet
  facet normal 0 0 1
    outer loop
      vertex 0 90 120
      vertex -5.55927 84.818 120
      vertex 0 85 120
    endloop
  endfacet
  facet normal -0 0 1
    outer loop
      vertex -5.88628 89.8073 120
      vertex -5.55927 84.818 120
      vertex 0 90 120
    endloop
  endfacet
  facet normal 0 0 1
    outer loop
      vertex -5.88628 89.8073 120
      vertex -11.0947 84.2728 120
      vertex -5.55927 84.818 120
    endloop
  endfacet
  facet normal -0 0 1
    outer loop
      vertex -11.7474 89.23 120
      vertex -11.0947 84.2728 120
      vertex -5.88628 89.8073 120
    endloop
  endfacet
  facet normal 0 0 1
    outer loop
      vertex -11.7474 89.23 120
      vertex -16.5827 83.3667 120
      vertex -11.0947 84.2728 120
    endloop
  endfacet
  facet normal -0 0 1
    outer loop
      vertex -17.5581 88.2707 120
      vertex -16.5827 83.3667 120
      vertex -11.7474 89.23 120
    endloop
  endfacet
  facet normal 0 0 1
    outer loop
      vertex -17.5581 88.2707 120
      vertex -21.9996 82.1037 120
      vertex -16.5827 83.3667 120
    endloop
  endfacet
  facet normal -0 0 1
    outer loop
      vertex -23.2937 86.9333 120
      vertex -21.9996 82.1037 120
      vertex -17.5581 88.2707 120
    endloop
  endfacet
  facet normal 0 0 1
    outer loop
      vertex -23.2937 86.9333 120
      vertex -27.3224 80.4891 120
      vertex -21.9996 82.1037 120
    endloop
  endfacet
  facet normal -0 0 1
    outer loop
      vertex -28.9296 85.2237 120
      vertex -27.3224 80.4891 120
      vertex -23.2937 86.9333 120
    endloop
  endfacet
  facet normal 0 0 1
    outer loop
      vertex -28.9296 85.2237 120
      vertex -32.5281 78.5298 120
      vertex -27.3224 80.4891 120
    endloop
  endfacet
  facet normal -0 0 1
    outer loop
      vertex -34.4415 83.1492 120
      vertex -32.5281 78.5298 120
      vertex -28.9296 85.2237 120
    endloop
  endfacet
  facet normal 0 0 1
    outer loop
      vertex -34.4415 83.1492 120
      vertex -37.5945 76.2342 120
      vertex -32.5281 78.5298 120
    endloop
  endfacet
  facet normal -0 0 1
    outer loop
      vertex -39.806 80.7185 120
      vertex -37.5945 76.2342 120
      vertex -34.4415 83.1492 120
    endloop
  endfacet
  facet normal 0 0 1
    outer loop
      vertex -39.806 80.7185 120
      vertex -42.5 73.6122 120
      vertex -37.5945 76.2342 120
    endloop
  endfacet
  facet normal -0 0 1
    outer loop
      vertex -45 77.9423 120
      vertex -42.5 73.6122 120
      vertex -39.806 80.7185 120
    endloop
  endfacet
  facet normal 0 0 1
    outer loop
      vertex -45 77.9423 120
      vertex -47.2235 70.6749 120
      vertex -42.5 73.6122 120
    endloop
  endfacet
  facet normal -0 0 1
    outer loop
      vertex -50.0013 74.8323 120
      vertex -47.2235 70.6749 120
      vertex -45 77.9423 120
    endloop
  endfacet
  facet normal 0 0 1
    outer loop
      vertex -50.0013 74.8323 120
      vertex -51.7447 67.435 120
      vertex -47.2235 70.6749 120
    endloop
  endfacet
  facet normal -0 0 1
    outer loop
      vertex -54.7885 71.4018 120
      vertex -51.7447 67.435 120
      vertex -50.0013 74.8323 120
    endloop
  endfacet
  facet normal 0 0 1
    outer loop
      vertex -54.7885 71.4018 120
      vertex -56.0444 63.9064 120
      vertex -51.7447 67.435 120
    endloop
  endfacet
  facet normal -0 0 1
    outer loop
      vertex -59.3411 67.6656 120
      vertex -56.0444 63.9064 120
      vertex -54.7885 71.4018 120
    endloop
  endfacet
  facet normal 0 0 1
    outer loop
      vertex -59.3411 67.6656 120
      vertex -60.1041 60.1041 120
      vertex -56.0444 63.9064 120
    endloop
  endfacet
  facet normal -0 0 1
    outer loop
      vertex -63.6396 63.6396 120
      vertex -60.1041 60.1041 120
      vertex -59.3411 67.6656 120
    endloop
  endfacet
  facet normal 0 0 1
    outer loop
      vertex -63.6396 63.6396 120
      vertex -63.9064 56.0444 120
      vertex -60.1041 60.1041 120
    endloop
  endfacet
  facet normal -0 0 1
    outer loop
      vertex -67.6656 59.3411 120
      vertex -63.9064 56.0444 120
      vertex -63.6396 63.6396 120
    endloop
  endfacet
  facet normal 0 0 1
    outer loop
      vertex -63.9064 56.0444 120
      vertex -67.6656 59.3411 120
      vertex -67.435 51.7447 120
    endloop
  endfacet
  facet normal -0 0 1
    outer loop
      vertex -71.4018 54.7885 120
      vertex -67.435 51.7447 120
      vertex -67.6656 59.3411 120
    endloop
  endfacet
  facet normal 0 0 1
    outer loop
      vertex -67.435 51.7447 120
      vertex -71.4018 54.7885 120
      vertex -70.6749 47.2235 120
    endloop
  endfacet
  facet normal -0 0 1
    outer loop
      vertex -74.8323 50.0013 120
      vertex -70.6749 47.2235 120
      vertex -71.4018 54.7885 120
    endloop
  endfacet
  facet normal 0 0 1
    outer loop
      vertex -70.6749 47.2235 120
      vertex -74.8323 50.0013 120
      vertex -73.6122 42.5 120
    endloop
  endfacet
  facet normal -0 0 1
    outer loop
      vertex -77.9423 45 120
      vertex -73.6122 42.5 120
      vertex -74.8323 50.0013 120
    endloop
  endfacet
  facet normal 0 0 1
    outer loop
      vertex -73.6122 42.5 120
      vertex -77.9423 45 120
      vertex -76.2342 37.5945 120
    endloop
  endfacet
  facet normal -0 0 1
    outer loop
      vertex -80.7185 39.806 120
      vertex -76.2342 37.5945 120
      vertex -77.9423 45 120
    endloop
  endfacet
  facet normal 0 0 1
    outer loop
      vertex -76.2342 37.5945 120
      vertex -80.7185 39.806 120
      vertex -78.5298 32.5281 120
    endloop
  endfacet
  facet normal -0 0 1
    outer loop
      vertex -83.1492 34.4415 120
      vertex -78.5298 32.5281 120
      vertex -80.7185 39.806 120
    endloop
  endfacet
  facet normal 0 0 1
    outer loop
      vertex -78.5298 32.5281 120
      vertex -83.1492 34.4415 120
      vertex -80.4891 27.3224 120
    endloop
  endfacet
  facet normal -0 0 1
    outer loop
      vertex -85.2237 28.9296 120
      vertex -80.4891 27.3224 120
      vertex -83.1492 34.4415 120
    endloop
  endfacet
  facet normal 0 0 1
    outer loop
      vertex -80.4891 27.3224 120
      vertex -85.2237 28.9296 120
      vertex -82.1037 21.9996 120
    endloop
  endfacet
  facet normal -0 0 1
    outer loop
      vertex -86.9333 23.2937 120
      vertex -82.1037 21.9996 120
      vertex -85.2237 28.9296 120
    endloop
  endfacet
  facet normal 0 0 1
    outer loop
      vertex -82.1037 21.9996 120
      vertex -86.9333 23.2937 120
      vertex -83.3667 16.5827 120
    endloop
  endfacet
  facet normal 0 0 1
    outer loop
      vertex -83.3667 16.5827 120
      vertex -88.2707 17.5581 120
      vertex -84.2728 11.0947 120
    endloop
  endfacet
  facet normal -0 0 1
    outer loop
      vertex -88.2707 17.5581 120
      vertex -83.3667 16.5827 120
      vertex -86.9333 23.2937 120
    endloop
  endfacet
  facet normal -0 0 1
    outer loop
      vertex 83.3667 -16.5827 120
      vertex 88.2707 -17.5581 120
      vertex 84.2728 -11.0947 120
    endloop
  endfacet
  facet normal 0 0 1
    outer loop
      vertex 88.2707 -17.5581 120
      vertex 83.3667 -16.5827 120
      vertex 86.9333 -23.2937 120
    endloop
  endfacet
  facet normal -0 0 1
    outer loop
      vertex 82.1037 -21.9996 120
      vertex 86.9333 -23.2937 120
      vertex 83.3667 -16.5827 120
    endloop
  endfacet
  facet normal 0 0 1
    outer loop
      vertex 86.9333 -23.2937 120
      vertex 82.1037 -21.9996 120
      vertex 85.2237 -28.9296 120
    endloop
  endfacet
  facet normal -0 0 1
    outer loop
      vertex 80.4891 -27.3224 120
      vertex 85.2237 -28.9296 120
      vertex 82.1037 -21.9996 120
    endloop
  endfacet
  facet normal 0 0 1
    outer loop
      vertex 85.2237 -28.9296 120
      vertex 80.4891 -27.3224 120
      vertex 83.1492 -34.4415 120
    endloop
  endfacet
  facet normal -0 0 1
    outer loop
      vertex 78.5298 -32.5281 120
      vertex 83.1492 -34.4415 120
      vertex 80.4891 -27.3224 120
    endloop
  endfacet
  facet normal 0 0 1
    outer loop
      vertex 83.1492 -34.4415 120
      vertex 78.5298 -32.5281 120
      vertex 80.7185 -39.806 120
    endloop
  endfacet
  facet normal -0 0 1
    outer loop
      vertex 76.2342 -37.5945 120
      vertex 80.7185 -39.806 120
      vertex 78.5298 -32.5281 120
    endloop
  endfacet
  facet normal 0 0 1
    outer loop
      vertex 80.7185 -39.806 120
      vertex 76.2342 -37.5945 120
      vertex 77.9423 -45 120
    endloop
  endfacet
  facet normal -0 0 1
    outer loop
      vertex 73.6122 -42.5 120
      vertex 77.9423 -45 120
      vertex 76.2342 -37.5945 120
    endloop
  endfacet
  facet normal 0 0 1
    outer loop
      vertex 77.9423 -45 120
      vertex 73.6122 -42.5 120
      vertex 74.8323 -50.0013 120
    endloop
  endfacet
  facet normal -0 0 1
    outer loop
      vertex 70.6749 -47.2235 120
      vertex 74.8323 -50.0013 120
      vertex 73.6122 -42.5 120
    endloop
  endfacet
  facet normal 0 0 1
    outer loop
      vertex 74.8323 -50.0013 120
      vertex 70.6749 -47.2235 120
      vertex 71.4018 -54.7885 120
    endloop
  endfacet
  facet normal -0 0 1
    outer loop
      vertex 67.435 -51.7447 120
      vertex 71.4018 -54.7885 120
      vertex 70.6749 -47.2235 120
    endloop
  endfacet
  facet normal 0 0 1
    outer loop
      vertex 71.4018 -54.7885 120
      vertex 67.435 -51.7447 120
      vertex 67.6656 -59.3411 120
    endloop
  endfacet
  facet normal -0 0 1
    outer loop
      vertex 63.9064 -56.0444 120
      vertex 67.6656 -59.3411 120
      vertex 67.435 -51.7447 120
    endloop
  endfacet
  facet normal 0 0 1
    outer loop
      vertex 63.9064 -56.0444 120
      vertex 63.6396 -63.6396 120
      vertex 67.6656 -59.3411 120
    endloop
  endfacet
  facet normal -0 0 1
    outer loop
      vertex 60.1041 -60.1041 120
      vertex 63.6396 -63.6396 120
      vertex 63.9064 -56.0444 120
    endloop
  endfacet
  facet normal 0 0 1
    outer loop
      vertex 60.1041 -60.1041 120
      vertex 59.3411 -67.6656 120
      vertex 63.6396 -63.6396 120
    endloop
  endfacet
  facet normal -0 0 1
    outer loop
      vertex 56.0444 -63.9064 120
      vertex 59.3411 -67.6656 120
      vertex 60.1041 -60.1041 120
    endloop
  endfacet
  facet normal 0 0 1
    outer loop
      vertex 56.0444 -63.9064 120
      vertex 54.7885 -71.4018 120
      vertex 59.3411 -67.6656 120
    endloop
  endfacet
  facet normal -0 0 1
    outer loop
      vertex 51.7447 -67.435 120
      vertex 54.7885 -71.4018 120
      vertex 56.0444 -63.9064 120
    endloop
  endfacet
  facet normal 0 0 1
    outer loop
      vertex 51.7447 -67.435 120
      vertex 50.0013 -74.8323 120
      vertex 54.7885 -71.4018 120
    endloop
  endfacet
  facet normal -0 0 1
    outer loop
      vertex 47.2235 -70.6749 120
      vertex 50.0013 -74.8323 120
      vertex 51.7447 -67.435 120
    endloop
  endfacet
  facet normal 0 0 1
    outer loop
      vertex 47.2235 -70.6749 120
      vertex 45 -77.9423 120
      vertex 50.0013 -74.8323 120
    endloop
  endfacet
  facet normal -0 0 1
    outer loop
      vertex 42.5 -73.6122 120
      vertex 45 -77.9423 120
      vertex 47.2235 -70.6749 120
    endloop
  endfacet
  facet normal 0 0 1
    outer loop
      vertex 42.5 -73.6122 120
      vertex 39.806 -80.7185 120
      vertex 45 -77.9423 120
    endloop
  endfacet
  facet normal -0 0 1
    outer loop
      vertex 37.5945 -76.2342 120
      vertex 39.806 -80.7185 120
      vertex 42.5 -73.6122 120
    endloop
  endfacet
  facet normal 0 0 1
    outer loop
      vertex 37.5945 -76.2342 120
      vertex 34.4415 -83.1492 120
      vertex 39.806 -80.7185 120
    endloop
  endfacet
  facet normal -0 0 1
    outer loop
      vertex 32.5281 -78.5298 120
      vertex 34.4415 -83.1492 120
      vertex 37.5945 -76.2342 120
    endloop
  endfacet
  facet normal 0 0 1
    outer loop
      vertex 32.5281 -78.5298 120
      vertex 28.9296 -85.2237 120
      vertex 34.4415 -83.1492 120
    endloop
  endfacet
  facet normal -0 0 1
    outer loop
      vertex 27.3224 -80.4891 120
      vertex 28.9296 -85.2237 120
      vertex 32.5281 -78.5298 120
    endloop
  endfacet
  facet normal 0 0 1
    outer loop
      vertex 27.3224 -80.4891 120
      vertex 23.2937 -86.9333 120
      vertex 28.9296 -85.2237 120
    endloop
  endfacet
  facet normal -0 0 1
    outer loop
      vertex 21.9996 -82.1037 120
      vertex 23.2937 -86.9333 120
      vertex 27.3224 -80.4891 120
    endloop
  endfacet
  facet normal 0 0 1
    outer loop
      vertex 21.9996 -82.1037 120
      vertex 17.5581 -88.2707 120
      vertex 23.2937 -86.9333 120
    endloop
  endfacet
  facet normal -0 0 1
    outer loop
      vertex 16.5827 -83.3667 120
      vertex 17.5581 -88.2707 120
      vertex 21.9996 -82.1037 120
    endloop
  endfacet
  facet normal 0 0 1
    outer loop
      vertex 16.5827 -83.3667 120
      vertex 11.7474 -89.23 120
      vertex 17.5581 -88.2707 120
    endloop
  endfacet
  facet normal -0 0 1
    outer loop
      vertex 11.0947 -84.2728 120
      vertex 11.7474 -89.23 120
      vertex 16.5827 -83.3667 120
    endloop
  endfacet
  facet normal 0 0 1
    outer loop
      vertex 11.0947 -84.2728 120
      vertex 5.88628 -89.8073 120
      vertex 11.7474 -89.23 120
    endloop
  endfacet
  facet normal -0 0 1
    outer loop
      vertex 5.55927 -84.818 120
      vertex 5.88628 -89.8073 120
      vertex 11.0947 -84.2728 120
    endloop
  endfacet
  facet normal -0 0 1
    outer loop
      vertex 0 -85 120
      vertex 5.88628 -89.8073 120
      vertex 5.55927 -84.818 120
    endloop
  endfacet
  facet normal 0 0 1
    outer loop
      vertex 0 -85 120
      vertex 0 -90 120
      vertex 5.88628 -89.8073 120
    endloop
  endfacet
  facet normal 0 0 1
    outer loop
      vertex -5.55927 -84.818 120
      vertex 0 -90 120
      vertex 0 -85 120
    endloop
  endfacet
  facet normal 0 0 1
    outer loop
      vertex -5.55927 -84.818 120
      vertex -5.88628 -89.8073 120
      vertex 0 -90 120
    endloop
  endfacet
  facet normal 0 0 1
    outer loop
      vertex -11.0947 -84.2728 120
      vertex -5.88628 -89.8073 120
      vertex -5.55927 -84.818 120
    endloop
  endfacet
  facet normal 0 0 1
    outer loop
      vertex -11.0947 -84.2728 120
      vertex -11.7474 -89.23 120
      vertex -5.88628 -89.8073 120
    endloop
  endfacet
  facet normal 0 0 1
    outer loop
      vertex -16.5827 -83.3667 120
      vertex -11.7474 -89.23 120
      vertex -11.0947 -84.2728 120
    endloop
  endfacet
  facet normal 0 0 1
    outer loop
      vertex -16.5827 -83.3667 120
      vertex -17.5581 -88.2707 120
      vertex -11.7474 -89.23 120
    endloop
  endfacet
  facet normal 0 0 1
    outer loop
      vertex -21.9996 -82.1037 120
      vertex -17.5581 -88.2707 120
      vertex -16.5827 -83.3667 120
    endloop
  endfacet
  facet normal 0 0 1
    outer loop
      vertex -21.9996 -82.1037 120
      vertex -23.2937 -86.9333 120
      vertex -17.5581 -88.2707 120
    endloop
  endfacet
  facet normal 0 0 1
    outer loop
      vertex -27.3224 -80.4891 120
      vertex -23.2937 -86.9333 120
      vertex -21.9996 -82.1037 120
    endloop
  endfacet
  facet normal 0 0 1
    outer loop
      vertex -27.3224 -80.4891 120
      vertex -28.9296 -85.2237 120
      vertex -23.2937 -86.9333 120
    endloop
  endfacet
  facet normal 0 0 1
    outer loop
      vertex -32.5281 -78.5298 120
      vertex -28.9296 -85.2237 120
      vertex -27.3224 -80.4891 120
    endloop
  endfacet
  facet normal 0 0 1
    outer loop
      vertex -32.5281 -78.5298 120
      vertex -34.4415 -83.1492 120
      vertex -28.9296 -85.2237 120
    endloop
  endfacet
  facet normal 0 0 1
    outer loop
      vertex -37.5945 -76.2342 120
      vertex -34.4415 -83.1492 120
      vertex -32.5281 -78.5298 120
    endloop
  endfacet
  facet normal 0 0 1
    outer loop
      vertex -37.5945 -76.2342 120
      vertex -39.806 -80.7185 120
      vertex -34.4415 -83.1492 120
    endloop
  endfacet
  facet normal 0 0 1
    outer loop
      vertex -42.5 -73.6122 120
      vertex -39.806 -80.7185 120
      vertex -37.5945 -76.2342 120
    endloop
  endfacet
  facet normal 0 0 1
    outer loop
      vertex -42.5 -73.6122 120
      vertex -45 -77.9423 120
      vertex -39.806 -80.7185 120
    endloop
  endfacet
  facet normal 0 0 1
    outer loop
      vertex -47.2235 -70.6749 120
      vertex -45 -77.9423 120
      vertex -42.5 -73.6122 120
    endloop
  endfacet
  facet normal 0 0 1
    outer loop
      vertex -47.2235 -70.6749 120
      vertex -50.0013 -74.8323 120
      vertex -45 -77.9423 120
    endloop
  endfacet
  facet normal 0 0 1
    outer loop
      vertex -51.7447 -67.435 120
      vertex -50.0013 -74.8323 120
      vertex -47.2235 -70.6749 120
    endloop
  endfacet
  facet normal 0 0 1
    outer loop
      vertex -51.7447 -67.435 120
      vertex -54.7885 -71.4018 120
      vertex -50.0013 -74.8323 120
    endloop
  endfacet
  facet normal 0 0 1
    outer loop
      vertex -56.0444 -63.9064 120
      vertex -54.7885 -71.4018 120
      vertex -51.7447 -67.435 120
    endloop
  endfacet
  facet normal 0 0 1
    outer loop
      vertex -56.0444 -63.9064 120
      vertex -59.3411 -67.6656 120
      vertex -54.7885 -71.4018 120
    endloop
  endfacet
  facet normal 0 0 1
    outer loop
      vertex -60.1041 -60.1041 120
      vertex -59.3411 -67.6656 120
      vertex -56.0444 -63.9064 120
    endloop
  endfacet
  facet normal 0 0 1
    outer loop
      vertex -60.1041 -60.1041 120
      vertex -63.6396 -63.6396 120
      vertex -59.3411 -67.6656 120
    endloop
  endfacet
  facet normal 0 0 1
    outer loop
      vertex -63.9064 -56.0444 120
      vertex -63.6396 -63.6396 120
      vertex -60.1041 -60.1041 120
    endloop
  endfacet
  facet normal 0 0 1
    outer loop
      vertex -67.6656 -59.3411 120
      vertex -63.9064 -56.0444 120
      vertex -67.435 -51.7447 120
    endloop
  endfacet
  facet normal 0 0 1
    outer loop
      vertex -63.9064 -56.0444 120
      vertex -67.6656 -59.3411 120
      vertex -63.6396 -63.6396 120
    endloop
  endfacet
  facet normal 0 0 1
    outer loop
      vertex -71.4018 -54.7885 120
      vertex -67.435 -51.7447 120
      vertex -70.6749 -47.2235 120
    endloop
  endfacet
  facet normal 0 0 1
    outer loop
      vertex -67.435 -51.7447 120
      vertex -71.4018 -54.7885 120
      vertex -67.6656 -59.3411 120
    endloop
  endfacet
  facet normal 0 0 1
    outer loop
      vertex -74.8323 -50.0013 120
      vertex -70.6749 -47.2235 120
      vertex -73.6122 -42.5 120
    endloop
  endfacet
  facet normal 0 0 1
    outer loop
      vertex -70.6749 -47.2235 120
      vertex -74.8323 -50.0013 120
      vertex -71.4018 -54.7885 120
    endloop
  endfacet
  facet normal 0 0 1
    outer loop
      vertex -77.9423 -45 120
      vertex -73.6122 -42.5 120
      vertex -76.2342 -37.5945 120
    endloop
  endfacet
  facet normal 0 0 1
    outer loop
      vertex -73.6122 -42.5 120
      vertex -77.9423 -45 120
      vertex -74.8323 -50.0013 120
    endloop
  endfacet
  facet normal 0 0 1
    outer loop
      vertex -80.7185 -39.806 120
      vertex -76.2342 -37.5945 120
      vertex -78.5298 -32.5281 120
    endloop
  endfacet
  facet normal 0 0 1
    outer loop
      vertex -83.1492 -34.4415 120
      vertex -78.5298 -32.5281 120
      vertex -80.4891 -27.3224 120
    endloop
  endfacet
  facet normal 0 0 1
    outer loop
      vertex -76.2342 -37.5945 120
      vertex -80.7185 -39.806 120
      vertex -77.9423 -45 120
    endloop
  endfacet
  facet normal 0 0 1
    outer loop
      vertex -85.2237 -28.9296 120
      vertex -80.4891 -27.3224 120
      vertex -82.1037 -21.9996 120
    endloop
  endfacet
  facet normal 0 0 1
    outer loop
      vertex -78.5298 -32.5281 120
      vertex -83.1492 -34.4415 120
      vertex -80.7185 -39.806 120
    endloop
  endfacet
  facet normal 0 0 1
    outer loop
      vertex -86.9333 -23.2937 120
      vertex -82.1037 -21.9996 120
      vertex -83.3667 -16.5827 120
    endloop
  endfacet
  facet normal 0 0 1
    outer loop
      vertex -88.2707 -17.5581 120
      vertex -83.3667 -16.5827 120
      vertex -84.2728 -11.0947 120
    endloop
  endfacet
  facet normal 0 0 1
    outer loop
      vertex -89.23 -11.7474 120
      vertex -84.2728 -11.0947 120
      vertex -84.818 -5.55927 120
    endloop
  endfacet
  facet normal 0 0 1
    outer loop
      vertex -80.4891 -27.3224 120
      vertex -85.2237 -28.9296 120
      vertex -83.1492 -34.4415 120
    endloop
  endfacet
  facet normal 0 0 1
    outer loop
      vertex -89.8073 -5.88628 120
      vertex -84.818 -5.55927 120
      vertex -85 0 120
    endloop
  endfacet
  facet normal -0 0 1
    outer loop
      vertex -89.23 11.7474 120
      vertex -84.2728 11.0947 120
      vertex -88.2707 17.5581 120
    endloop
  endfacet
  facet normal 0 0 1
    outer loop
      vertex -84.2728 11.0947 120
      vertex -89.23 11.7474 120
      vertex -84.818 5.55927 120
    endloop
  endfacet
  facet normal 0 0 1
    outer loop
      vertex -82.1037 -21.9996 120
      vertex -86.9333 -23.2937 120
      vertex -85.2237 -28.9296 120
    endloop
  endfacet
  facet normal -0 0 1
    outer loop
      vertex -89.8073 5.88628 120
      vertex -84.818 5.55927 120
      vertex -89.23 11.7474 120
    endloop
  endfacet
  facet normal 0 0 1
    outer loop
      vertex -83.3667 -16.5827 120
      vertex -88.2707 -17.5581 120
      vertex -86.9333 -23.2937 120
    endloop
  endfacet
  facet normal 0 0 1
    outer loop
      vertex -84.818 5.55927 120
      vertex -89.8073 5.88628 120
      vertex -85 0 120
    endloop
  endfacet
  facet normal 0 0 1
    outer loop
      vertex -84.2728 -11.0947 120
      vertex -89.23 -11.7474 120
      vertex -88.2707 -17.5581 120
    endloop
  endfacet
  facet normal 0 0 1
    outer loop
      vertex -90 0 120
      vertex -85 0 120
      vertex -89.8073 5.88628 120
    endloop
  endfacet
  facet normal 0 0 1
    outer loop
      vertex -84.818 -5.55927 120
      vertex -89.8073 -5.88628 120
      vertex -89.23 -11.7474 120
    endloop
  endfacet
  facet normal 0 0 1
    outer loop
      vertex -85 0 120
      vertex -90 0 120
      vertex -89.8073 -5.88628 120
    endloop
  endfacet
  facet normal -0.973875 0.227084 0
    outer loop
      vertex -88.2707 17.5581 -120
      vertex -86.9333 23.2937 120
      vertex -86.9333 23.2937 -120
    endloop
  endfacet
  facet normal -0.973875 0.227084 0
    outer loop
      vertex -86.9333 23.2937 120
      vertex -88.2707 17.5581 -120
      vertex -88.2707 17.5581 120
    endloop
  endfacet
  facet normal 0.412718 -0.910859 0
    outer loop
      vertex 34.4415 -83.1492 -120
      vertex 39.806 -80.7185 120
      vertex 34.4415 -83.1492 120
    endloop
  endfacet
  facet normal 0.412718 -0.910859 0
    outer loop
      vertex 39.806 -80.7185 120
      vertex 34.4415 -83.1492 -120
      vertex 39.806 -80.7185 -120
    endloop
  endfacet
  facet normal -0.582482 -0.812843 0
    outer loop
      vertex -54.7885 -71.4018 -120
      vertex -50.0013 -74.8323 120
      vertex -54.7885 -71.4018 120
    endloop
  endfacet
  facet normal -0.582482 -0.812843 -0
    outer loop
      vertex -50.0013 -74.8323 120
      vertex -54.7885 -71.4018 -120
      vertex -50.0013 -74.8323 -120
    endloop
  endfacet
  facet normal 0.729863 -0.683594 0
    outer loop
      vertex 63.6396 -63.6396 120
      vertex 67.6656 -59.3411 -120
      vertex 67.6656 -59.3411 120
    endloop
  endfacet
  facet normal 0.729863 -0.683594 0
    outer loop
      vertex 67.6656 -59.3411 -120
      vertex 63.6396 -63.6396 120
      vertex 63.6396 -63.6396 -120
    endloop
  endfacet
  facet normal -0.812843 0.582482 0
    outer loop
      vertex -74.8323 50.0013 -120
      vertex -71.4018 54.7885 120
      vertex -71.4018 54.7885 -120
    endloop
  endfacet
  facet normal -0.812843 0.582482 0
    outer loop
      vertex -71.4018 54.7885 120
      vertex -74.8323 50.0013 -120
      vertex -74.8323 50.0013 120
    endloop
  endfacet
  facet normal 0.352245 -0.935908 0
    outer loop
      vertex 28.9296 -85.2237 -120
      vertex 34.4415 -83.1492 120
      vertex 28.9296 -85.2237 120
    endloop
  endfacet
  facet normal 0.352245 -0.935908 0
    outer loop
      vertex 34.4415 -83.1492 120
      vertex 28.9296 -85.2237 -120
      vertex 34.4415 -83.1492 -120
    endloop
  endfacet
  facet normal 0.582482 -0.812843 0
    outer loop
      vertex 50.0013 -74.8323 -120
      vertex 54.7885 -71.4018 120
      vertex 50.0013 -74.8323 120
    endloop
  endfacet
  facet normal 0.582482 -0.812843 0
    outer loop
      vertex 54.7885 -71.4018 120
      vertex 50.0013 -74.8323 -120
      vertex 54.7885 -71.4018 -120
    endloop
  endfacet
  facet normal -0.47139 0.881925 0
    outer loop
      vertex -39.806 80.7185 -120
      vertex -45 77.9423 120
      vertex -39.806 80.7185 120
    endloop
  endfacet
  facet normal -0.47139 0.881925 0
    outer loop
      vertex -45 77.9423 120
      vertex -39.806 80.7185 -120
      vertex -45 77.9423 -120
    endloop
  endfacet
  facet normal -0.729863 -0.683594 0
    outer loop
      vertex -63.6396 -63.6396 -120
      vertex -67.6656 -59.3411 120
      vertex -67.6656 -59.3411 -120
    endloop
  endfacet
  facet normal -0.729863 -0.683594 0
    outer loop
      vertex -67.6656 -59.3411 120
      vertex -63.6396 -63.6396 -120
      vertex -63.6396 -63.6396 120
    endloop
  endfacet
  facet normal 0.881925 0.47139 0
    outer loop
      vertex 80.7185 39.806 120
      vertex 77.9423 45 -120
      vertex 77.9423 45 120
    endloop
  endfacet
  facet normal 0.881925 0.47139 0
    outer loop
      vertex 77.9423 45 -120
      vertex 80.7185 39.806 120
      vertex 80.7185 39.806 -120
    endloop
  endfacet
  facet normal -0.999464 -0.0327253 0
    outer loop
      vertex -90 0 -47.0618
      vertex -89.8854 -3.5 11.4067
      vertex -90 0 11.6524
    endloop
  endfacet
  facet normal -0.999465 -0.0327113 0
    outer loop
      vertex -89.8854 -3.5 11.4067
      vertex -89.8073 -5.88628 -46.942
      vertex -89.8854 -3.5 13.4837
    endloop
  endfacet
  facet normal -0.999465 -0.0327196 3.42189e-07
    outer loop
      vertex -89.8073 -5.88628 -46.942
      vertex -89.8854 -3.5 11.4067
      vertex -90 0 -47.0618
    endloop
  endfacet
  facet normal -0.999464 -0.0327253 0
    outer loop
      vertex -89.8854 -3.5 13.4837
      vertex -90 0 120
      vertex -90 0 13.4303
    endloop
  endfacet
  facet normal -0.999465 -0.0327113 -0
    outer loop
      vertex -89.8073 -5.88628 120
      vertex -89.8854 -3.5 13.4837
      vertex -89.8073 -5.88628 -46.942
    endloop
  endfacet
  facet normal -0.999465 -0.0327196 -1.87604e-07
    outer loop
      vertex -89.8854 -3.5 13.4837
      vertex -89.8073 -5.88628 120
      vertex -90 0 120
    endloop
  endfacet
  facet normal -0.999465 -0.0327196 0
    outer loop
      vertex -89.8073 -5.88628 -95
      vertex -90 0 -94.9048
      vertex -90 0 -95
    endloop
  endfacet
  facet normal -0.999465 -0.0327196 0
    outer loop
      vertex -90 0 -94.9048
      vertex -89.8073 -5.88628 -95
      vertex -89.8073 -5.88628 -94.7243
    endloop
  endfacet
  facet normal 0.683594 -0.729863 0
    outer loop
      vertex 59.3411 -67.6656 -120
      vertex 63.6396 -63.6396 120
      vertex 59.3411 -67.6656 120
    endloop
  endfacet
  facet normal 0.683594 -0.729863 0
    outer loop
      vertex 63.6396 -63.6396 120
      vertex 59.3411 -67.6656 -120
      vertex 63.6396 -63.6396 -120
    endloop
  endfacet
  facet normal -0.849203 0.528067 0
    outer loop
      vertex -77.9423 45 -120
      vertex -74.8323 50.0013 120
      vertex -74.8323 50.0013 -120
    endloop
  endfacet
  facet normal -0.849203 0.528067 0
    outer loop
      vertex -74.8323 50.0013 120
      vertex -77.9423 45 -120
      vertex -77.9423 45 120
    endloop
  endfacet
  facet normal 0.683594 0.729863 -0
    outer loop
      vertex 63.6396 63.6396 -120
      vertex 59.3411 67.6656 120
      vertex 63.6396 63.6396 120
    endloop
  endfacet
  facet normal 0.683594 0.729863 0
    outer loop
      vertex 59.3411 67.6656 120
      vertex 63.6396 63.6396 -120
      vertex 59.3411 67.6656 -120
    endloop
  endfacet
  facet normal -0.973875 -0.227084 0
    outer loop
      vertex -86.9333 -23.2937 -120
      vertex -88.2707 -17.5581 120
      vertex -88.2707 -17.5581 -120
    endloop
  endfacet
  facet normal -0.973875 -0.227084 0
    outer loop
      vertex -88.2707 -17.5581 120
      vertex -86.9333 -23.2937 -120
      vertex -86.9333 -23.2937 120
    endloop
  endfacet
  facet normal -0.528067 0.849203 0
    outer loop
      vertex -45 77.9423 -120
      vertex -50.0013 74.8323 120
      vertex -45 77.9423 120
    endloop
  endfacet
  facet normal -0.528067 0.849203 0
    outer loop
      vertex -50.0013 74.8323 120
      vertex -45 77.9423 -120
      vertex -50.0013 74.8323 -120
    endloop
  endfacet
  facet normal 0.634391 0.773012 -0
    outer loop
      vertex 59.3411 67.6656 -120
      vertex 54.7885 71.4018 120
      vertex 59.3411 67.6656 120
    endloop
  endfacet
  facet normal 0.634391 0.773012 0
    outer loop
      vertex 54.7885 71.4018 120
      vertex 59.3411 67.6656 -120
      vertex 54.7885 71.4018 -120
    endloop
  endfacet
  facet normal 0.227084 -0.973875 0
    outer loop
      vertex 17.5581 -88.2707 -120
      vertex 23.2937 -86.9333 120
      vertex 17.5581 -88.2707 120
    endloop
  endfacet
  facet normal 0.227084 -0.973875 0
    outer loop
      vertex 23.2937 -86.9333 120
      vertex 17.5581 -88.2707 -120
      vertex 23.2937 -86.9333 -120
    endloop
  endfacet
  facet normal -0.729863 0.683594 0
    outer loop
      vertex -67.6656 59.3411 -120
      vertex -63.6396 63.6396 120
      vertex -63.6396 63.6396 -120
    endloop
  endfacet
  facet normal -0.729863 0.683594 0
    outer loop
      vertex -63.6396 63.6396 120
      vertex -67.6656 59.3411 -120
      vertex -67.6656 59.3411 120
    endloop
  endfacet
  facet normal 0.910859 -0.412718 0
    outer loop
      vertex 80.7185 -39.806 120
      vertex 83.1492 -34.4415 -120
      vertex 83.1492 -34.4415 120
    endloop
  endfacet
  facet normal 0.910859 -0.412718 0
    outer loop
      vertex 83.1492 -34.4415 -120
      vertex 80.7185 -39.806 120
      vertex 80.7185 -39.806 -120
    endloop
  endfacet
  facet normal 0.995184 -0.0980287 0
    outer loop
      vertex 89.23 -11.7474 120
      vertex 89.5 -9.00637 95
      vertex 89.5 -9.00637 120
    endloop
  endfacet
  facet normal 0.995185 -0.098015 0
    outer loop
      vertex 89.23 -11.7474 -120
      vertex 89.4021 -10 -46.6901
      vertex 89.23 -11.7474 120
    endloop
  endfacet
  facet normal 0.995183 -0.0980301 -1.60728e-07
    outer loop
      vertex 89.5 -9.00637 95
      vertex 89.23 -11.7474 120
      vertex 89.4021 -10 -46.6901
    endloop
  endfacet
  facet normal 0.995185 -0.0980165 -2.57329e-07
    outer loop
      vertex 89.4021 -10 -46.6901
      vertex 89.8073 -5.88628 95
      vertex 89.5 -9.00637 95
    endloop
  endfacet
  facet normal 0.995184 -0.0980253 0
    outer loop
      vertex 89.8073 -5.88628 95
      vertex 89.4021 -10 -46.6901
      vertex 89.8073 -5.88628 -46.942
    endloop
  endfacet
  facet normal 0.995184 -0.0980252 7.05319e-07
    outer loop
      vertex 89.23 -11.7474 -120
      vertex 89.8073 -5.88628 -94.7243
      vertex 89.4021 -10 -94.3449
    endloop
  endfacet
  facet normal 0.995184 -0.0980222 0
    outer loop
      vertex 89.8073 -5.88628 -94.7243
      vertex 89.23 -11.7474 -120
      vertex 89.8073 -5.88628 -120
    endloop
  endfacet
  facet normal 0.995185 -0.098015 0
    outer loop
      vertex 89.4021 -10 -46.6901
      vertex 89.23 -11.7474 -120
      vertex 89.4021 -10 -94.3449
    endloop
  endfacet
  facet normal 0.935908 -0.352245 0
    outer loop
      vertex 83.1492 -34.4415 120
      vertex 85.2237 -28.9296 -120
      vertex 85.2237 -28.9296 120
    endloop
  endfacet
  facet normal 0.935908 -0.352245 0
    outer loop
      vertex 85.2237 -28.9296 -120
      vertex 83.1492 -34.4415 120
      vertex 83.1492 -34.4415 -120
    endloop
  endfacet
  facet normal 0.956942 -0.29028 0
    outer loop
      vertex 85.2237 -28.9296 120
      vertex 86.9333 -23.2937 -120
      vertex 86.9333 -23.2937 120
    endloop
  endfacet
  facet normal 0.956942 -0.29028 0
    outer loop
      vertex 86.9333 -23.2937 -120
      vertex 85.2237 -28.9296 120
      vertex 85.2237 -28.9296 -120
    endloop
  endfacet
  facet normal 0.412718 0.910859 -0
    outer loop
      vertex 39.806 80.7185 -120
      vertex 34.4415 83.1492 120
      vertex 39.806 80.7185 120
    endloop
  endfacet
  facet normal 0.412718 0.910859 0
    outer loop
      vertex 34.4415 83.1492 120
      vertex 39.806 80.7185 -120
      vertex 34.4415 83.1492 -120
    endloop
  endfacet
  facet normal 0.812843 0.582482 0
    outer loop
      vertex 74.8323 50.0013 120
      vertex 71.4018 54.7885 -120
      vertex 71.4018 54.7885 120
    endloop
  endfacet
  facet normal 0.812843 0.582482 0
    outer loop
      vertex 71.4018 54.7885 -120
      vertex 74.8323 50.0013 120
      vertex 74.8323 50.0013 -120
    endloop
  endfacet
  facet normal 0.773012 -0.634391 0
    outer loop
      vertex 67.6656 -59.3411 120
      vertex 71.4018 -54.7885 -120
      vertex 71.4018 -54.7885 120
    endloop
  endfacet
  facet normal 0.773012 -0.634391 0
    outer loop
      vertex 71.4018 -54.7885 -120
      vertex 67.6656 -59.3411 120
      vertex 67.6656 -59.3411 -120
    endloop
  endfacet
  facet normal -0.634391 0.773012 0
    outer loop
      vertex -54.7885 71.4018 -120
      vertex -59.3411 67.6656 120
      vertex -54.7885 71.4018 120
    endloop
  endfacet
  facet normal -0.634391 0.773012 0
    outer loop
      vertex -59.3411 67.6656 120
      vertex -54.7885 71.4018 -120
      vertex -59.3411 67.6656 -120
    endloop
  endfacet
  facet normal -0.227084 -0.973875 0
    outer loop
      vertex -23.2937 -86.9333 -120
      vertex -17.5581 -88.2707 120
      vertex -23.2937 -86.9333 120
    endloop
  endfacet
  facet normal -0.227084 -0.973875 -0
    outer loop
      vertex -17.5581 -88.2707 120
      vertex -23.2937 -86.9333 -120
      vertex -17.5581 -88.2707 -120
    endloop
  endfacet
  facet normal -0.0980222 0.995184 0
    outer loop
      vertex -5.88628 89.8073 -120
      vertex -11.7474 89.23 120
      vertex -5.88628 89.8073 120
    endloop
  endfacet
  facet normal -0.0980222 0.995184 0
    outer loop
      vertex -11.7474 89.23 120
      vertex -5.88628 89.8073 -120
      vertex -11.7474 89.23 -120
    endloop
  endfacet
  facet normal -0.986645 -0.162887 0
    outer loop
      vertex -88.2707 -17.5581 -120
      vertex -89.23 -11.7474 120
      vertex -89.23 -11.7474 -120
    endloop
  endfacet
  facet normal -0.986645 -0.162887 0
    outer loop
      vertex -89.23 -11.7474 120
      vertex -88.2707 -17.5581 -120
      vertex -88.2707 -17.5581 120
    endloop
  endfacet
  facet normal 0.0980222 0.995184 -0
    outer loop
      vertex 11.7474 89.23 -120
      vertex 5.88628 89.8073 120
      vertex 11.7474 89.23 120
    endloop
  endfacet
  facet normal 0.0980222 0.995184 0
    outer loop
      vertex 5.88628 89.8073 120
      vertex 11.7474 89.23 -120
      vertex 5.88628 89.8073 -120
    endloop
  endfacet
  facet normal -0.683594 -0.729863 0
    outer loop
      vertex -63.6396 -63.6396 -120
      vertex -59.3411 -67.6656 120
      vertex -63.6396 -63.6396 120
    endloop
  endfacet
  facet normal -0.683594 -0.729863 -0
    outer loop
      vertex -59.3411 -67.6656 120
      vertex -63.6396 -63.6396 -120
      vertex -59.3411 -67.6656 -120
    endloop
  endfacet
  facet normal -0.0327196 -0.999465 0
    outer loop
      vertex -5.88628 -89.8073 120
      vertex 0 -90 0.75
      vertex 0 -90 120
    endloop
  endfacet
  facet normal -0.0327196 -0.999465 0
    outer loop
      vertex -5.88628 -89.8073 120
      vertex 0 -90 -0.75
      vertex 0 -90 0.75
    endloop
  endfacet
  facet normal -0.0327196 -0.999465 0
    outer loop
      vertex -5.88628 -89.8073 -120
      vertex 0 -90 -0.75
      vertex -5.88628 -89.8073 120
    endloop
  endfacet
  facet normal -0.0327196 -0.999465 -0
    outer loop
      vertex 0 -90 -0.75
      vertex -5.88628 -89.8073 -120
      vertex 0 -90 -120
    endloop
  endfacet
  facet normal 0.634391 -0.773012 0
    outer loop
      vertex 54.7885 -71.4018 -120
      vertex 59.3411 -67.6656 120
      vertex 54.7885 -71.4018 120
    endloop
  endfacet
  facet normal 0.634391 -0.773012 0
    outer loop
      vertex 59.3411 -67.6656 120
      vertex 54.7885 -71.4018 -120
      vertex 59.3411 -67.6656 -120
    endloop
  endfacet
  facet normal -0.528067 -0.849203 0
    outer loop
      vertex -50.0013 -74.8323 -120
      vertex -45 -77.9423 120
      vertex -50.0013 -74.8323 120
    endloop
  endfacet
  facet normal -0.528067 -0.849203 -0
    outer loop
      vertex -45 -77.9423 120
      vertex -50.0013 -74.8323 -120
      vertex -45 -77.9423 -120
    endloop
  endfacet
  facet normal -0.162887 -0.986645 0
    outer loop
      vertex -17.5581 -88.2707 -120
      vertex -11.7474 -89.23 120
      vertex -17.5581 -88.2707 120
    endloop
  endfacet
  facet normal -0.162887 -0.986645 -0
    outer loop
      vertex -11.7474 -89.23 120
      vertex -17.5581 -88.2707 -120
      vertex -11.7474 -89.23 -120
    endloop
  endfacet
  facet normal 0.0980222 -0.995184 0
    outer loop
      vertex 5.88628 -89.8073 -120
      vertex 11.7474 -89.23 120
      vertex 5.88628 -89.8073 120
    endloop
  endfacet
  facet normal 0.0980222 -0.995184 0
    outer loop
      vertex 11.7474 -89.23 120
      vertex 5.88628 -89.8073 -120
      vertex 11.7474 -89.23 -120
    endloop
  endfacet
  facet normal -0.999465 0.0327113 0
    outer loop
      vertex -89.8854 3.5 13.4837
      vertex -89.8073 5.88628 -46.942
      vertex -89.8854 3.5 11.4067
    endloop
  endfacet
  facet normal -0.999465 0.0327196 3.42189e-07
    outer loop
      vertex -90 0 -47.0618
      vertex -89.8854 3.5 11.4067
      vertex -89.8073 5.88628 -46.942
    endloop
  endfacet
  facet normal -0.999464 0.0327253 0
    outer loop
      vertex -89.8854 3.5 11.4067
      vertex -90 0 -47.0618
      vertex -90 0 11.6524
    endloop
  endfacet
  facet normal -0.999465 0.0327113 0
    outer loop
      vertex -89.8073 5.88628 -46.942
      vertex -89.8854 3.5 13.4837
      vertex -89.8073 5.88628 120
    endloop
  endfacet
  facet normal -0.999464 0.0327253 0
    outer loop
      vertex -90 0 120
      vertex -89.8854 3.5 13.4837
      vertex -90 0 13.4303
    endloop
  endfacet
  facet normal -0.999465 0.0327196 -1.87604e-07
    outer loop
      vertex -89.8854 3.5 13.4837
      vertex -90 0 120
      vertex -89.8073 5.88628 120
    endloop
  endfacet
  facet normal -0.999465 0.0327196 0
    outer loop
      vertex -90 0 -94.9048
      vertex -89.8073 5.88628 -95
      vertex -90 0 -95
    endloop
  endfacet
  facet normal -0.999465 0.0327196 0
    outer loop
      vertex -89.8073 5.88628 -95
      vertex -90 0 -94.9048
      vertex -89.8073 5.88628 -94.7243
    endloop
  endfacet
  facet normal 0.47139 -0.881925 0
    outer loop
      vertex 39.806 -80.7185 -120
      vertex 45 -77.9423 120
      vertex 39.806 -80.7185 120
    endloop
  endfacet
  facet normal 0.47139 -0.881925 0
    outer loop
      vertex 45 -77.9423 120
      vertex 39.806 -80.7185 -120
      vertex 45 -77.9423 -120
    endloop
  endfacet
  facet normal 0.352245 0.935908 -0
    outer loop
      vertex 34.4415 83.1492 -120
      vertex 28.9296 85.2237 120
      vertex 34.4415 83.1492 120
    endloop
  endfacet
  facet normal 0.352245 0.935908 0
    outer loop
      vertex 28.9296 85.2237 120
      vertex 34.4415 83.1492 -120
      vertex 28.9296 85.2237 -120
    endloop
  endfacet
  facet normal -0.956942 0.29028 0
    outer loop
      vertex -86.9333 23.2937 -120
      vertex -85.2237 28.9296 120
      vertex -85.2237 28.9296 -120
    endloop
  endfacet
  facet normal -0.956942 0.29028 0
    outer loop
      vertex -85.2237 28.9296 120
      vertex -86.9333 23.2937 -120
      vertex -86.9333 23.2937 120
    endloop
  endfacet
  facet normal -0.773012 -0.634391 0
    outer loop
      vertex -67.6656 -59.3411 -120
      vertex -71.4018 -54.7885 120
      vertex -71.4018 -54.7885 -120
    endloop
  endfacet
  facet normal -0.773012 -0.634391 0
    outer loop
      vertex -71.4018 -54.7885 120
      vertex -67.6656 -59.3411 -120
      vertex -67.6656 -59.3411 120
    endloop
  endfacet
  facet normal -0.773012 0.634391 0
    outer loop
      vertex -71.4018 54.7885 -120
      vertex -67.6656 59.3411 120
      vertex -67.6656 59.3411 -120
    endloop
  endfacet
  facet normal -0.773012 0.634391 0
    outer loop
      vertex -67.6656 59.3411 120
      vertex -71.4018 54.7885 -120
      vertex -71.4018 54.7885 120
    endloop
  endfacet
  facet normal -0.0980222 -0.995184 0
    outer loop
      vertex -11.7474 -89.23 -120
      vertex -5.88628 -89.8073 120
      vertex -11.7474 -89.23 120
    endloop
  endfacet
  facet normal -0.0980222 -0.995184 -0
    outer loop
      vertex -5.88628 -89.8073 120
      vertex -11.7474 -89.23 -120
      vertex -5.88628 -89.8073 -120
    endloop
  endfacet
  facet normal -0.881925 0.47139 0
    outer loop
      vertex -80.7185 39.806 -120
      vertex -77.9423 45 120
      vertex -77.9423 45 -120
    endloop
  endfacet
  facet normal -0.881925 0.47139 0
    outer loop
      vertex -77.9423 45 120
      vertex -80.7185 39.806 -120
      vertex -80.7185 39.806 120
    endloop
  endfacet
  facet normal -0.412718 0.910859 0
    outer loop
      vertex -34.4415 83.1492 -120
      vertex -39.806 80.7185 120
      vertex -34.4415 83.1492 120
    endloop
  endfacet
  facet normal -0.412718 0.910859 0
    outer loop
      vertex -39.806 80.7185 120
      vertex -34.4415 83.1492 -120
      vertex -39.806 80.7185 -120
    endloop
  endfacet
  facet normal -0.910859 -0.412718 0
    outer loop
      vertex -80.7185 -39.806 -120
      vertex -83.1492 -34.4415 120
      vertex -83.1492 -34.4415 -120
    endloop
  endfacet
  facet normal -0.910859 -0.412718 0
    outer loop
      vertex -83.1492 -34.4415 120
      vertex -80.7185 -39.806 -120
      vertex -80.7185 -39.806 120
    endloop
  endfacet
  facet normal 0.881925 -0.47139 0
    outer loop
      vertex 77.9423 -45 120
      vertex 80.7185 -39.806 -120
      vertex 80.7185 -39.806 120
    endloop
  endfacet
  facet normal 0.881925 -0.47139 0
    outer loop
      vertex 80.7185 -39.806 -120
      vertex 77.9423 -45 120
      vertex 77.9423 -45 -120
    endloop
  endfacet
  facet normal -0.881925 -0.47139 0
    outer loop
      vertex -77.9423 -45 -120
      vertex -80.7185 -39.806 120
      vertex -80.7185 -39.806 -120
    endloop
  endfacet
  facet normal -0.881925 -0.47139 0
    outer loop
      vertex -80.7185 -39.806 120
      vertex -77.9423 -45 -120
      vertex -77.9423 -45 120
    endloop
  endfacet
  facet normal -0.352245 -0.935908 0
    outer loop
      vertex -34.4415 -83.1492 -120
      vertex -28.9296 -85.2237 120
      vertex -34.4415 -83.1492 120
    endloop
  endfacet
  facet normal -0.352245 -0.935908 -0
    outer loop
      vertex -28.9296 -85.2237 120
      vertex -34.4415 -83.1492 -120
      vertex -28.9296 -85.2237 -120
    endloop
  endfacet
  facet normal 0 0 -1
    outer loop
      vertex 85 0 -120
      vertex 90 0 -120
      vertex 89.8073 -5.88628 -120
    endloop
  endfacet
  facet normal 0 0 -1
    outer loop
      vertex 84.818 -5.55927 -120
      vertex 89.8073 -5.88628 -120
      vertex 89.23 -11.7474 -120
    endloop
  endfacet
  facet normal 0 0 -1
    outer loop
      vertex 90 0 -120
      vertex 85 0 -120
      vertex 89.8073 5.88628 -120
    endloop
  endfacet
  facet normal 0 0 -1
    outer loop
      vertex 84.2728 -11.0947 -120
      vertex 89.23 -11.7474 -120
      vertex 88.2707 -17.5581 -120
    endloop
  endfacet
  facet normal 0 0 -1
    outer loop
      vertex 84.818 5.55927 -120
      vertex 89.8073 5.88628 -120
      vertex 85 0 -120
    endloop
  endfacet
  facet normal 0 0 -1
    outer loop
      vertex 83.3667 -16.5827 -120
      vertex 88.2707 -17.5581 -120
      vertex 86.9333 -23.2937 -120
    endloop
  endfacet
  facet normal -0 0 -1
    outer loop
      vertex 89.8073 5.88628 -120
      vertex 84.818 5.55927 -120
      vertex 89.23 11.7474 -120
    endloop
  endfacet
  facet normal 0 0 -1
    outer loop
      vertex 82.1037 -21.9996 -120
      vertex 86.9333 -23.2937 -120
      vertex 85.2237 -28.9296 -120
    endloop
  endfacet
  facet normal 0 0 -1
    outer loop
      vertex 84.2728 11.0947 -120
      vertex 89.23 11.7474 -120
      vertex 84.818 5.55927 -120
    endloop
  endfacet
  facet normal -0 0 -1
    outer loop
      vertex 89.23 11.7474 -120
      vertex 84.2728 11.0947 -120
      vertex 88.2707 17.5581 -120
    endloop
  endfacet
  facet normal 0 0 -1
    outer loop
      vertex 89.8073 -5.88628 -120
      vertex 84.818 -5.55927 -120
      vertex 85 0 -120
    endloop
  endfacet
  facet normal 0 0 -1
    outer loop
      vertex 89.23 -11.7474 -120
      vertex 84.2728 -11.0947 -120
      vertex 84.818 -5.55927 -120
    endloop
  endfacet
  facet normal 0 0 -1
    outer loop
      vertex 88.2707 -17.5581 -120
      vertex 83.3667 -16.5827 -120
      vertex 84.2728 -11.0947 -120
    endloop
  endfacet
  facet normal 0 0 -1
    outer loop
      vertex 80.4891 -27.3224 -120
      vertex 85.2237 -28.9296 -120
      vertex 83.1492 -34.4415 -120
    endloop
  endfacet
  facet normal 0 0 -1
    outer loop
      vertex 86.9333 -23.2937 -120
      vertex 82.1037 -21.9996 -120
      vertex 83.3667 -16.5827 -120
    endloop
  endfacet
  facet normal 0 0 -1
    outer loop
      vertex 78.5298 -32.5281 -120
      vertex 83.1492 -34.4415 -120
      vertex 80.7185 -39.806 -120
    endloop
  endfacet
  facet normal 0 0 -1
    outer loop
      vertex 85.2237 -28.9296 -120
      vertex 80.4891 -27.3224 -120
      vertex 82.1037 -21.9996 -120
    endloop
  endfacet
  facet normal 0 0 -1
    outer loop
      vertex 83.1492 -34.4415 -120
      vertex 78.5298 -32.5281 -120
      vertex 80.4891 -27.3224 -120
    endloop
  endfacet
  facet normal 0 0 -1
    outer loop
      vertex 76.2342 -37.5945 -120
      vertex 80.7185 -39.806 -120
      vertex 77.9423 -45 -120
    endloop
  endfacet
  facet normal 0 0 -1
    outer loop
      vertex 80.7185 -39.806 -120
      vertex 76.2342 -37.5945 -120
      vertex 78.5298 -32.5281 -120
    endloop
  endfacet
  facet normal 0 0 -1
    outer loop
      vertex 73.6122 -42.5 -120
      vertex 77.9423 -45 -120
      vertex 74.8323 -50.0013 -120
    endloop
  endfacet
  facet normal 0 0 -1
    outer loop
      vertex 77.9423 -45 -120
      vertex 73.6122 -42.5 -120
      vertex 76.2342 -37.5945 -120
    endloop
  endfacet
  facet normal 0 0 -1
    outer loop
      vertex 70.6749 -47.2235 -120
      vertex 74.8323 -50.0013 -120
      vertex 71.4018 -54.7885 -120
    endloop
  endfacet
  facet normal 0 0 -1
    outer loop
      vertex 74.8323 -50.0013 -120
      vertex 70.6749 -47.2235 -120
      vertex 73.6122 -42.5 -120
    endloop
  endfacet
  facet normal 0 0 -1
    outer loop
      vertex 67.435 -51.7447 -120
      vertex 71.4018 -54.7885 -120
      vertex 67.6656 -59.3411 -120
    endloop
  endfacet
  facet normal 0 0 -1
    outer loop
      vertex 71.4018 -54.7885 -120
      vertex 67.435 -51.7447 -120
      vertex 70.6749 -47.2235 -120
    endloop
  endfacet
  facet normal 0 0 -1
    outer loop
      vertex 67.6656 -59.3411 -120
      vertex 63.9064 -56.0444 -120
      vertex 67.435 -51.7447 -120
    endloop
  endfacet
  facet normal 0 0 -1
    outer loop
      vertex 63.6396 -63.6396 -120
      vertex 63.9064 -56.0444 -120
      vertex 67.6656 -59.3411 -120
    endloop
  endfacet
  facet normal 0 0 -1
    outer loop
      vertex 63.6396 -63.6396 -120
      vertex 60.1041 -60.1041 -120
      vertex 63.9064 -56.0444 -120
    endloop
  endfacet
  facet normal 0 0 -1
    outer loop
      vertex 59.3411 -67.6656 -120
      vertex 60.1041 -60.1041 -120
      vertex 63.6396 -63.6396 -120
    endloop
  endfacet
  facet normal 0 0 -1
    outer loop
      vertex 59.3411 -67.6656 -120
      vertex 56.0444 -63.9064 -120
      vertex 60.1041 -60.1041 -120
    endloop
  endfacet
  facet normal 0 0 -1
    outer loop
      vertex 54.7885 -71.4018 -120
      vertex 56.0444 -63.9064 -120
      vertex 59.3411 -67.6656 -120
    endloop
  endfacet
  facet normal 0 0 -1
    outer loop
      vertex 54.7885 -71.4018 -120
      vertex 51.7447 -67.435 -120
      vertex 56.0444 -63.9064 -120
    endloop
  endfacet
  facet normal 0 0 -1
    outer loop
      vertex 50.0013 -74.8323 -120
      vertex 51.7447 -67.435 -120
      vertex 54.7885 -71.4018 -120
    endloop
  endfacet
  facet normal 0 0 -1
    outer loop
      vertex 50.0013 -74.8323 -120
      vertex 47.2235 -70.6749 -120
      vertex 51.7447 -67.435 -120
    endloop
  endfacet
  facet normal 0 0 -1
    outer loop
      vertex 45 -77.9423 -120
      vertex 47.2235 -70.6749 -120
      vertex 50.0013 -74.8323 -120
    endloop
  endfacet
  facet normal 0 0 -1
    outer loop
      vertex 45 -77.9423 -120
      vertex 42.5 -73.6122 -120
      vertex 47.2235 -70.6749 -120
    endloop
  endfacet
  facet normal 0 0 -1
    outer loop
      vertex 39.806 -80.7185 -120
      vertex 42.5 -73.6122 -120
      vertex 45 -77.9423 -120
    endloop
  endfacet
  facet normal 0 0 -1
    outer loop
      vertex 39.806 -80.7185 -120
      vertex 37.5945 -76.2342 -120
      vertex 42.5 -73.6122 -120
    endloop
  endfacet
  facet normal 0 0 -1
    outer loop
      vertex 34.4415 -83.1492 -120
      vertex 37.5945 -76.2342 -120
      vertex 39.806 -80.7185 -120
    endloop
  endfacet
  facet normal 0 0 -1
    outer loop
      vertex 34.4415 -83.1492 -120
      vertex 32.5281 -78.5298 -120
      vertex 37.5945 -76.2342 -120
    endloop
  endfacet
  facet normal 0 0 -1
    outer loop
      vertex 28.9296 -85.2237 -120
      vertex 32.5281 -78.5298 -120
      vertex 34.4415 -83.1492 -120
    endloop
  endfacet
  facet normal 0 0 -1
    outer loop
      vertex 28.9296 -85.2237 -120
      vertex 27.3224 -80.4891 -120
      vertex 32.5281 -78.5298 -120
    endloop
  endfacet
  facet normal 0 0 -1
    outer loop
      vertex 23.2937 -86.9333 -120
      vertex 27.3224 -80.4891 -120
      vertex 28.9296 -85.2237 -120
    endloop
  endfacet
  facet normal 0 0 -1
    outer loop
      vertex 23.2937 -86.9333 -120
      vertex 21.9996 -82.1037 -120
      vertex 27.3224 -80.4891 -120
    endloop
  endfacet
  facet normal 0 0 -1
    outer loop
      vertex 17.5581 -88.2707 -120
      vertex 21.9996 -82.1037 -120
      vertex 23.2937 -86.9333 -120
    endloop
  endfacet
  facet normal 0 0 -1
    outer loop
      vertex 17.5581 -88.2707 -120
      vertex 16.5827 -83.3667 -120
      vertex 21.9996 -82.1037 -120
    endloop
  endfacet
  facet normal 0 0 -1
    outer loop
      vertex 11.7474 -89.23 -120
      vertex 16.5827 -83.3667 -120
      vertex 17.5581 -88.2707 -120
    endloop
  endfacet
  facet normal 0 0 -1
    outer loop
      vertex 11.7474 -89.23 -120
      vertex 11.0947 -84.2728 -120
      vertex 16.5827 -83.3667 -120
    endloop
  endfacet
  facet normal 0 0 -1
    outer loop
      vertex 5.88628 -89.8073 -120
      vertex 11.0947 -84.2728 -120
      vertex 11.7474 -89.23 -120
    endloop
  endfacet
  facet normal 0 0 -1
    outer loop
      vertex 5.88628 -89.8073 -120
      vertex 5.55927 -84.818 -120
      vertex 11.0947 -84.2728 -120
    endloop
  endfacet
  facet normal 0 0 -1
    outer loop
      vertex 0 -90 -120
      vertex 5.55927 -84.818 -120
      vertex 5.88628 -89.8073 -120
    endloop
  endfacet
  facet normal 0 0 -1
    outer loop
      vertex 0 -90 -120
      vertex 0 -85 -120
      vertex 5.55927 -84.818 -120
    endloop
  endfacet
  facet normal 0 0 -1
    outer loop
      vertex 0 -90 -120
      vertex -5.55927 -84.818 -120
      vertex 0 -85 -120
    endloop
  endfacet
  facet normal 0 0 -1
    outer loop
      vertex -5.88628 -89.8073 -120
      vertex -5.55927 -84.818 -120
      vertex 0 -90 -120
    endloop
  endfacet
  facet normal 0 0 -1
    outer loop
      vertex -5.88628 -89.8073 -120
      vertex -11.0947 -84.2728 -120
      vertex -5.55927 -84.818 -120
    endloop
  endfacet
  facet normal 0 0 -1
    outer loop
      vertex -11.7474 -89.23 -120
      vertex -11.0947 -84.2728 -120
      vertex -5.88628 -89.8073 -120
    endloop
  endfacet
  facet normal 0 0 -1
    outer loop
      vertex -11.7474 -89.23 -120
      vertex -16.5827 -83.3667 -120
      vertex -11.0947 -84.2728 -120
    endloop
  endfacet
  facet normal 0 0 -1
    outer loop
      vertex -17.5581 -88.2707 -120
      vertex -16.5827 -83.3667 -120
      vertex -11.7474 -89.23 -120
    endloop
  endfacet
  facet normal 0 0 -1
    outer loop
      vertex -17.5581 -88.2707 -120
      vertex -21.9996 -82.1037 -120
      vertex -16.5827 -83.3667 -120
    endloop
  endfacet
  facet normal 0 0 -1
    outer loop
      vertex -23.2937 -86.9333 -120
      vertex -21.9996 -82.1037 -120
      vertex -17.5581 -88.2707 -120
    endloop
  endfacet
  facet normal 0 0 -1
    outer loop
      vertex -23.2937 -86.9333 -120
      vertex -27.3224 -80.4891 -120
      vertex -21.9996 -82.1037 -120
    endloop
  endfacet
  facet normal 0 0 -1
    outer loop
      vertex -28.9296 -85.2237 -120
      vertex -27.3224 -80.4891 -120
      vertex -23.2937 -86.9333 -120
    endloop
  endfacet
  facet normal 0 0 -1
    outer loop
      vertex -28.9296 -85.2237 -120
      vertex -32.5281 -78.5298 -120
      vertex -27.3224 -80.4891 -120
    endloop
  endfacet
  facet normal 0 0 -1
    outer loop
      vertex -34.4415 -83.1492 -120
      vertex -32.5281 -78.5298 -120
      vertex -28.9296 -85.2237 -120
    endloop
  endfacet
  facet normal 0 0 -1
    outer loop
      vertex -34.4415 -83.1492 -120
      vertex -37.5945 -76.2342 -120
      vertex -32.5281 -78.5298 -120
    endloop
  endfacet
  facet normal 0 0 -1
    outer loop
      vertex -39.806 -80.7185 -120
      vertex -37.5945 -76.2342 -120
      vertex -34.4415 -83.1492 -120
    endloop
  endfacet
  facet normal 0 0 -1
    outer loop
      vertex -39.806 -80.7185 -120
      vertex -42.5 -73.6122 -120
      vertex -37.5945 -76.2342 -120
    endloop
  endfacet
  facet normal 0 0 -1
    outer loop
      vertex -45 -77.9423 -120
      vertex -42.5 -73.6122 -120
      vertex -39.806 -80.7185 -120
    endloop
  endfacet
  facet normal 0 0 -1
    outer loop
      vertex -45 -77.9423 -120
      vertex -47.2235 -70.6749 -120
      vertex -42.5 -73.6122 -120
    endloop
  endfacet
  facet normal 0 0 -1
    outer loop
      vertex -50.0013 -74.8323 -120
      vertex -47.2235 -70.6749 -120
      vertex -45 -77.9423 -120
    endloop
  endfacet
  facet normal 0 0 -1
    outer loop
      vertex -50.0013 -74.8323 -120
      vertex -51.7447 -67.435 -120
      vertex -47.2235 -70.6749 -120
    endloop
  endfacet
  facet normal 0 0 -1
    outer loop
      vertex -54.7885 -71.4018 -120
      vertex -51.7447 -67.435 -120
      vertex -50.0013 -74.8323 -120
    endloop
  endfacet
  facet normal 0 0 -1
    outer loop
      vertex -54.7885 -71.4018 -120
      vertex -56.0444 -63.9064 -120
      vertex -51.7447 -67.435 -120
    endloop
  endfacet
  facet normal 0 0 -1
    outer loop
      vertex -59.3411 -67.6656 -120
      vertex -56.0444 -63.9064 -120
      vertex -54.7885 -71.4018 -120
    endloop
  endfacet
  facet normal 0 0 -1
    outer loop
      vertex -59.3411 -67.6656 -120
      vertex -60.1041 -60.1041 -120
      vertex -56.0444 -63.9064 -120
    endloop
  endfacet
  facet normal 0 0 -1
    outer loop
      vertex -63.6396 -63.6396 -120
      vertex -60.1041 -60.1041 -120
      vertex -59.3411 -67.6656 -120
    endloop
  endfacet
  facet normal 0 0 -1
    outer loop
      vertex -63.6396 -63.6396 -120
      vertex -63.9064 -56.0444 -120
      vertex -60.1041 -60.1041 -120
    endloop
  endfacet
  facet normal 0 0 -1
    outer loop
      vertex -67.6656 -59.3411 -120
      vertex -63.9064 -56.0444 -120
      vertex -63.6396 -63.6396 -120
    endloop
  endfacet
  facet normal -0 0 -1
    outer loop
      vertex -63.9064 -56.0444 -120
      vertex -67.6656 -59.3411 -120
      vertex -67.435 -51.7447 -120
    endloop
  endfacet
  facet normal 0 0 -1
    outer loop
      vertex -71.4018 -54.7885 -120
      vertex -67.435 -51.7447 -120
      vertex -67.6656 -59.3411 -120
    endloop
  endfacet
  facet normal -0 0 -1
    outer loop
      vertex -67.435 -51.7447 -120
      vertex -71.4018 -54.7885 -120
      vertex -70.6749 -47.2235 -120
    endloop
  endfacet
  facet normal 0 0 -1
    outer loop
      vertex -74.8323 -50.0013 -120
      vertex -70.6749 -47.2235 -120
      vertex -71.4018 -54.7885 -120
    endloop
  endfacet
  facet normal -0 0 -1
    outer loop
      vertex -70.6749 -47.2235 -120
      vertex -74.8323 -50.0013 -120
      vertex -73.6122 -42.5 -120
    endloop
  endfacet
  facet normal 0 0 -1
    outer loop
      vertex -77.9423 -45 -120
      vertex -73.6122 -42.5 -120
      vertex -74.8323 -50.0013 -120
    endloop
  endfacet
  facet normal -0 0 -1
    outer loop
      vertex -73.6122 -42.5 -120
      vertex -77.9423 -45 -120
      vertex -76.2342 -37.5945 -120
    endloop
  endfacet
  facet normal 0 0 -1
    outer loop
      vertex -80.7185 -39.806 -120
      vertex -76.2342 -37.5945 -120
      vertex -77.9423 -45 -120
    endloop
  endfacet
  facet normal -0 0 -1
    outer loop
      vertex -76.2342 -37.5945 -120
      vertex -80.7185 -39.806 -120
      vertex -78.5298 -32.5281 -120
    endloop
  endfacet
  facet normal 0 0 -1
    outer loop
      vertex -83.1492 -34.4415 -120
      vertex -78.5298 -32.5281 -120
      vertex -80.7185 -39.806 -120
    endloop
  endfacet
  facet normal -0 0 -1
    outer loop
      vertex -78.5298 -32.5281 -120
      vertex -83.1492 -34.4415 -120
      vertex -80.4891 -27.3224 -120
    endloop
  endfacet
  facet normal 0 0 -1
    outer loop
      vertex -85.2237 -28.9296 -120
      vertex -80.4891 -27.3224 -120
      vertex -83.1492 -34.4415 -120
    endloop
  endfacet
  facet normal -0 0 -1
    outer loop
      vertex -80.4891 -27.3224 -120
      vertex -85.2237 -28.9296 -120
      vertex -82.1037 -21.9996 -120
    endloop
  endfacet
  facet normal 0 0 -1
    outer loop
      vertex -86.9333 -23.2937 -120
      vertex -82.1037 -21.9996 -120
      vertex -85.2237 -28.9296 -120
    endloop
  endfacet
  facet normal -0 0 -1
    outer loop
      vertex -82.1037 -21.9996 -120
      vertex -86.9333 -23.2937 -120
      vertex -83.3667 -16.5827 -120
    endloop
  endfacet
  facet normal -0 0 -1
    outer loop
      vertex -83.3667 -16.5827 -120
      vertex -88.2707 -17.5581 -120
      vertex -84.2728 -11.0947 -120
    endloop
  endfacet
  facet normal 0 0 -1
    outer loop
      vertex -88.2707 -17.5581 -120
      vertex -83.3667 -16.5827 -120
      vertex -86.9333 -23.2937 -120
    endloop
  endfacet
  facet normal 0 0 -1
    outer loop
      vertex 83.3667 16.5827 -120
      vertex 88.2707 17.5581 -120
      vertex 84.2728 11.0947 -120
    endloop
  endfacet
  facet normal -0 0 -1
    outer loop
      vertex 88.2707 17.5581 -120
      vertex 83.3667 16.5827 -120
      vertex 86.9333 23.2937 -120
    endloop
  endfacet
  facet normal 0 0 -1
    outer loop
      vertex 82.1037 21.9996 -120
      vertex 86.9333 23.2937 -120
      vertex 83.3667 16.5827 -120
    endloop
  endfacet
  facet normal -0 0 -1
    outer loop
      vertex 86.9333 23.2937 -120
      vertex 82.1037 21.9996 -120
      vertex 85.2237 28.9296 -120
    endloop
  endfacet
  facet normal 0 0 -1
    outer loop
      vertex 80.4891 27.3224 -120
      vertex 85.2237 28.9296 -120
      vertex 82.1037 21.9996 -120
    endloop
  endfacet
  facet normal -0 0 -1
    outer loop
      vertex 85.2237 28.9296 -120
      vertex 80.4891 27.3224 -120
      vertex 83.1492 34.4415 -120
    endloop
  endfacet
  facet normal 0 0 -1
    outer loop
      vertex 78.5298 32.5281 -120
      vertex 83.1492 34.4415 -120
      vertex 80.4891 27.3224 -120
    endloop
  endfacet
  facet normal -0 0 -1
    outer loop
      vertex 83.1492 34.4415 -120
      vertex 78.5298 32.5281 -120
      vertex 80.7185 39.806 -120
    endloop
  endfacet
  facet normal 0 0 -1
    outer loop
      vertex 76.2342 37.5945 -120
      vertex 80.7185 39.806 -120
      vertex 78.5298 32.5281 -120
    endloop
  endfacet
  facet normal -0 0 -1
    outer loop
      vertex 80.7185 39.806 -120
      vertex 76.2342 37.5945 -120
      vertex 77.9423 45 -120
    endloop
  endfacet
  facet normal 0 0 -1
    outer loop
      vertex 73.6122 42.5 -120
      vertex 77.9423 45 -120
      vertex 76.2342 37.5945 -120
    endloop
  endfacet
  facet normal -0 0 -1
    outer loop
      vertex 77.9423 45 -120
      vertex 73.6122 42.5 -120
      vertex 74.8323 50.0013 -120
    endloop
  endfacet
  facet normal 0 0 -1
    outer loop
      vertex 70.6749 47.2235 -120
      vertex 74.8323 50.0013 -120
      vertex 73.6122 42.5 -120
    endloop
  endfacet
  facet normal -0 0 -1
    outer loop
      vertex 74.8323 50.0013 -120
      vertex 70.6749 47.2235 -120
      vertex 71.4018 54.7885 -120
    endloop
  endfacet
  facet normal 0 0 -1
    outer loop
      vertex 67.435 51.7447 -120
      vertex 71.4018 54.7885 -120
      vertex 70.6749 47.2235 -120
    endloop
  endfacet
  facet normal -0 0 -1
    outer loop
      vertex 71.4018 54.7885 -120
      vertex 67.435 51.7447 -120
      vertex 67.6656 59.3411 -120
    endloop
  endfacet
  facet normal 0 0 -1
    outer loop
      vertex 63.9064 56.0444 -120
      vertex 67.6656 59.3411 -120
      vertex 67.435 51.7447 -120
    endloop
  endfacet
  facet normal 0 0 -1
    outer loop
      vertex 63.9064 56.0444 -120
      vertex 63.6396 63.6396 -120
      vertex 67.6656 59.3411 -120
    endloop
  endfacet
  facet normal 0 0 -1
    outer loop
      vertex 60.1041 60.1041 -120
      vertex 63.6396 63.6396 -120
      vertex 63.9064 56.0444 -120
    endloop
  endfacet
  facet normal 0 0 -1
    outer loop
      vertex 60.1041 60.1041 -120
      vertex 59.3411 67.6656 -120
      vertex 63.6396 63.6396 -120
    endloop
  endfacet
  facet normal 0 0 -1
    outer loop
      vertex 56.0444 63.9064 -120
      vertex 59.3411 67.6656 -120
      vertex 60.1041 60.1041 -120
    endloop
  endfacet
  facet normal 0 0 -1
    outer loop
      vertex 56.0444 63.9064 -120
      vertex 54.7885 71.4018 -120
      vertex 59.3411 67.6656 -120
    endloop
  endfacet
  facet normal 0 0 -1
    outer loop
      vertex 51.7447 67.435 -120
      vertex 54.7885 71.4018 -120
      vertex 56.0444 63.9064 -120
    endloop
  endfacet
  facet normal 0 0 -1
    outer loop
      vertex 51.7447 67.435 -120
      vertex 50.0013 74.8323 -120
      vertex 54.7885 71.4018 -120
    endloop
  endfacet
  facet normal 0 0 -1
    outer loop
      vertex 47.2235 70.6749 -120
      vertex 50.0013 74.8323 -120
      vertex 51.7447 67.435 -120
    endloop
  endfacet
  facet normal 0 0 -1
    outer loop
      vertex 47.2235 70.6749 -120
      vertex 45 77.9423 -120
      vertex 50.0013 74.8323 -120
    endloop
  endfacet
  facet normal 0 0 -1
    outer loop
      vertex 42.5 73.6122 -120
      vertex 45 77.9423 -120
      vertex 47.2235 70.6749 -120
    endloop
  endfacet
  facet normal 0 0 -1
    outer loop
      vertex 42.5 73.6122 -120
      vertex 39.806 80.7185 -120
      vertex 45 77.9423 -120
    endloop
  endfacet
  facet normal 0 0 -1
    outer loop
      vertex 37.5945 76.2342 -120
      vertex 39.806 80.7185 -120
      vertex 42.5 73.6122 -120
    endloop
  endfacet
  facet normal 0 0 -1
    outer loop
      vertex 37.5945 76.2342 -120
      vertex 34.4415 83.1492 -120
      vertex 39.806 80.7185 -120
    endloop
  endfacet
  facet normal 0 0 -1
    outer loop
      vertex 32.5281 78.5298 -120
      vertex 34.4415 83.1492 -120
      vertex 37.5945 76.2342 -120
    endloop
  endfacet
  facet normal 0 0 -1
    outer loop
      vertex 32.5281 78.5298 -120
      vertex 28.9296 85.2237 -120
      vertex 34.4415 83.1492 -120
    endloop
  endfacet
  facet normal 0 0 -1
    outer loop
      vertex 27.3224 80.4891 -120
      vertex 28.9296 85.2237 -120
      vertex 32.5281 78.5298 -120
    endloop
  endfacet
  facet normal 0 0 -1
    outer loop
      vertex 27.3224 80.4891 -120
      vertex 23.2937 86.9333 -120
      vertex 28.9296 85.2237 -120
    endloop
  endfacet
  facet normal 0 0 -1
    outer loop
      vertex 21.9996 82.1037 -120
      vertex 23.2937 86.9333 -120
      vertex 27.3224 80.4891 -120
    endloop
  endfacet
  facet normal 0 0 -1
    outer loop
      vertex 21.9996 82.1037 -120
      vertex 17.5581 88.2707 -120
      vertex 23.2937 86.9333 -120
    endloop
  endfacet
  facet normal 0 0 -1
    outer loop
      vertex 16.5827 83.3667 -120
      vertex 17.5581 88.2707 -120
      vertex 21.9996 82.1037 -120
    endloop
  endfacet
  facet normal 0 0 -1
    outer loop
      vertex 16.5827 83.3667 -120
      vertex 11.7474 89.23 -120
      vertex 17.5581 88.2707 -120
    endloop
  endfacet
  facet normal 0 0 -1
    outer loop
      vertex 11.0947 84.2728 -120
      vertex 11.7474 89.23 -120
      vertex 16.5827 83.3667 -120
    endloop
  endfacet
  facet normal 0 0 -1
    outer loop
      vertex 11.0947 84.2728 -120
      vertex 5.88628 89.8073 -120
      vertex 11.7474 89.23 -120
    endloop
  endfacet
  facet normal 0 0 -1
    outer loop
      vertex 5.55927 84.818 -120
      vertex 5.88628 89.8073 -120
      vertex 11.0947 84.2728 -120
    endloop
  endfacet
  facet normal 0 0 -1
    outer loop
      vertex 0 85 -120
      vertex 5.88628 89.8073 -120
      vertex 5.55927 84.818 -120
    endloop
  endfacet
  facet normal 0 0 -1
    outer loop
      vertex 0 85 -120
      vertex 0 90 -120
      vertex 5.88628 89.8073 -120
    endloop
  endfacet
  facet normal 0 0 -1
    outer loop
      vertex -5.55927 84.818 -120
      vertex 0 90 -120
      vertex 0 85 -120
    endloop
  endfacet
  facet normal 0 0 -1
    outer loop
      vertex -5.55927 84.818 -120
      vertex -5.88628 89.8073 -120
      vertex 0 90 -120
    endloop
  endfacet
  facet normal 0 0 -1
    outer loop
      vertex -11.0947 84.2728 -120
      vertex -5.88628 89.8073 -120
      vertex -5.55927 84.818 -120
    endloop
  endfacet
  facet normal 0 0 -1
    outer loop
      vertex -11.0947 84.2728 -120
      vertex -11.7474 89.23 -120
      vertex -5.88628 89.8073 -120
    endloop
  endfacet
  facet normal 0 0 -1
    outer loop
      vertex -16.5827 83.3667 -120
      vertex -11.7474 89.23 -120
      vertex -11.0947 84.2728 -120
    endloop
  endfacet
  facet normal 0 0 -1
    outer loop
      vertex -16.5827 83.3667 -120
      vertex -17.5581 88.2707 -120
      vertex -11.7474 89.23 -120
    endloop
  endfacet
  facet normal 0 0 -1
    outer loop
      vertex -21.9996 82.1037 -120
      vertex -17.5581 88.2707 -120
      vertex -16.5827 83.3667 -120
    endloop
  endfacet
  facet normal 0 0 -1
    outer loop
      vertex -21.9996 82.1037 -120
      vertex -23.2937 86.9333 -120
      vertex -17.5581 88.2707 -120
    endloop
  endfacet
  facet normal 0 0 -1
    outer loop
      vertex -27.3224 80.4891 -120
      vertex -23.2937 86.9333 -120
      vertex -21.9996 82.1037 -120
    endloop
  endfacet
  facet normal 0 0 -1
    outer loop
      vertex -27.3224 80.4891 -120
      vertex -28.9296 85.2237 -120
      vertex -23.2937 86.9333 -120
    endloop
  endfacet
  facet normal 0 0 -1
    outer loop
      vertex -32.5281 78.5298 -120
      vertex -28.9296 85.2237 -120
      vertex -27.3224 80.4891 -120
    endloop
  endfacet
  facet normal 0 0 -1
    outer loop
      vertex -32.5281 78.5298 -120
      vertex -34.4415 83.1492 -120
      vertex -28.9296 85.2237 -120
    endloop
  endfacet
  facet normal 0 0 -1
    outer loop
      vertex -37.5945 76.2342 -120
      vertex -34.4415 83.1492 -120
      vertex -32.5281 78.5298 -120
    endloop
  endfacet
  facet normal 0 0 -1
    outer loop
      vertex -37.5945 76.2342 -120
      vertex -39.806 80.7185 -120
      vertex -34.4415 83.1492 -120
    endloop
  endfacet
  facet normal 0 0 -1
    outer loop
      vertex -42.5 73.6122 -120
      vertex -39.806 80.7185 -120
      vertex -37.5945 76.2342 -120
    endloop
  endfacet
  facet normal 0 0 -1
    outer loop
      vertex -42.5 73.6122 -120
      vertex -45 77.9423 -120
      vertex -39.806 80.7185 -120
    endloop
  endfacet
  facet normal 0 0 -1
    outer loop
      vertex -47.2235 70.6749 -120
      vertex -45 77.9423 -120
      vertex -42.5 73.6122 -120
    endloop
  endfacet
  facet normal 0 0 -1
    outer loop
      vertex -47.2235 70.6749 -120
      vertex -50.0013 74.8323 -120
      vertex -45 77.9423 -120
    endloop
  endfacet
  facet normal 0 0 -1
    outer loop
      vertex -51.7447 67.435 -120
      vertex -50.0013 74.8323 -120
      vertex -47.2235 70.6749 -120
    endloop
  endfacet
  facet normal 0 0 -1
    outer loop
      vertex -51.7447 67.435 -120
      vertex -54.7885 71.4018 -120
      vertex -50.0013 74.8323 -120
    endloop
  endfacet
  facet normal 0 0 -1
    outer loop
      vertex -56.0444 63.9064 -120
      vertex -54.7885 71.4018 -120
      vertex -51.7447 67.435 -120
    endloop
  endfacet
  facet normal 0 0 -1
    outer loop
      vertex -56.0444 63.9064 -120
      vertex -59.3411 67.6656 -120
      vertex -54.7885 71.4018 -120
    endloop
  endfacet
  facet normal 0 0 -1
    outer loop
      vertex -60.1041 60.1041 -120
      vertex -59.3411 67.6656 -120
      vertex -56.0444 63.9064 -120
    endloop
  endfacet
  facet normal 0 0 -1
    outer loop
      vertex -60.1041 60.1041 -120
      vertex -63.6396 63.6396 -120
      vertex -59.3411 67.6656 -120
    endloop
  endfacet
  facet normal 0 0 -1
    outer loop
      vertex -63.9064 56.0444 -120
      vertex -63.6396 63.6396 -120
      vertex -60.1041 60.1041 -120
    endloop
  endfacet
  facet normal 0 0 -1
    outer loop
      vertex -67.6656 59.3411 -120
      vertex -63.9064 56.0444 -120
      vertex -67.435 51.7447 -120
    endloop
  endfacet
  facet normal 0 0 -1
    outer loop
      vertex -63.9064 56.0444 -120
      vertex -67.6656 59.3411 -120
      vertex -63.6396 63.6396 -120
    endloop
  endfacet
  facet normal 0 0 -1
    outer loop
      vertex -71.4018 54.7885 -120
      vertex -67.435 51.7447 -120
      vertex -70.6749 47.2235 -120
    endloop
  endfacet
  facet normal 0 0 -1
    outer loop
      vertex -67.435 51.7447 -120
      vertex -71.4018 54.7885 -120
      vertex -67.6656 59.3411 -120
    endloop
  endfacet
  facet normal 0 0 -1
    outer loop
      vertex -74.8323 50.0013 -120
      vertex -70.6749 47.2235 -120
      vertex -73.6122 42.5 -120
    endloop
  endfacet
  facet normal 0 0 -1
    outer loop
      vertex -70.6749 47.2235 -120
      vertex -74.8323 50.0013 -120
      vertex -71.4018 54.7885 -120
    endloop
  endfacet
  facet normal 0 0 -1
    outer loop
      vertex -77.9423 45 -120
      vertex -73.6122 42.5 -120
      vertex -76.2342 37.5945 -120
    endloop
  endfacet
  facet normal 0 0 -1
    outer loop
      vertex -73.6122 42.5 -120
      vertex -77.9423 45 -120
      vertex -74.8323 50.0013 -120
    endloop
  endfacet
  facet normal 0 0 -1
    outer loop
      vertex -80.7185 39.806 -120
      vertex -76.2342 37.5945 -120
      vertex -78.5298 32.5281 -120
    endloop
  endfacet
  facet normal 0 0 -1
    outer loop
      vertex -83.1492 34.4415 -120
      vertex -78.5298 32.5281 -120
      vertex -80.4891 27.3224 -120
    endloop
  endfacet
  facet normal 0 0 -1
    outer loop
      vertex -76.2342 37.5945 -120
      vertex -80.7185 39.806 -120
      vertex -77.9423 45 -120
    endloop
  endfacet
  facet normal 0 0 -1
    outer loop
      vertex -85.2237 28.9296 -120
      vertex -80.4891 27.3224 -120
      vertex -82.1037 21.9996 -120
    endloop
  endfacet
  facet normal 0 0 -1
    outer loop
      vertex -78.5298 32.5281 -120
      vertex -83.1492 34.4415 -120
      vertex -80.7185 39.806 -120
    endloop
  endfacet
  facet normal 0 0 -1
    outer loop
      vertex -86.9333 23.2937 -120
      vertex -82.1037 21.9996 -120
      vertex -83.3667 16.5827 -120
    endloop
  endfacet
  facet normal 0 0 -1
    outer loop
      vertex -88.2707 17.5581 -120
      vertex -83.3667 16.5827 -120
      vertex -84.2728 11.0947 -120
    endloop
  endfacet
  facet normal 0 0 -1
    outer loop
      vertex -89.5 9.00637 -120
      vertex -84.2728 11.0947 -120
      vertex -84.818 5.55927 -120
    endloop
  endfacet
  facet normal 0 0 -1
    outer loop
      vertex -80.4891 27.3224 -120
      vertex -85.2237 28.9296 -120
      vertex -83.1492 34.4415 -120
    endloop
  endfacet
  facet normal 0 0 -1
    outer loop
      vertex -89.5 9.00637 -120
      vertex -84.818 5.55927 -120
      vertex -85 0 -120
    endloop
  endfacet
  facet normal 0 0 -1
    outer loop
      vertex -89.23 -11.7474 -120
      vertex -84.2728 -11.0947 -120
      vertex -88.2707 -17.5581 -120
    endloop
  endfacet
  facet normal 0 0 -1
    outer loop
      vertex -89.5 -9.00637 -120
      vertex -84.2728 -11.0947 -120
      vertex -89.23 -11.7474 -120
    endloop
  endfacet
  facet normal 0 0 -1
    outer loop
      vertex -82.1037 21.9996 -120
      vertex -86.9333 23.2937 -120
      vertex -85.2237 28.9296 -120
    endloop
  endfacet
  facet normal 0 0 -1
    outer loop
      vertex -84.2728 -11.0947 -120
      vertex -89.5 -9.00637 -120
      vertex -84.818 -5.55927 -120
    endloop
  endfacet
  facet normal 0 0 -1
    outer loop
      vertex -83.3667 16.5827 -120
      vertex -88.2707 17.5581 -120
      vertex -86.9333 23.2937 -120
    endloop
  endfacet
  facet normal -0 0 -1
    outer loop
      vertex -84.818 -5.55927 -120
      vertex -89.5 -9.00637 -120
      vertex -85 0 -120
    endloop
  endfacet
  facet normal 0 0 -1
    outer loop
      vertex -89.5 9.00637 -120
      vertex -85 0 -120
      vertex -89.5 -9.00637 -120
    endloop
  endfacet
  facet normal -0 0 -1
    outer loop
      vertex -84.2728 11.0947 -120
      vertex -89.5 9.00637 -120
      vertex -89.23 11.7474 -120
    endloop
  endfacet
  facet normal 0 0 -1
    outer loop
      vertex -84.2728 11.0947 -120
      vertex -89.23 11.7474 -120
      vertex -88.2707 17.5581 -120
    endloop
  endfacet
  facet normal -0.412718 -0.910859 0
    outer loop
      vertex -39.806 -80.7185 -120
      vertex -34.4415 -83.1492 120
      vertex -39.806 -80.7185 120
    endloop
  endfacet
  facet normal -0.412718 -0.910859 -0
    outer loop
      vertex -34.4415 -83.1492 120
      vertex -39.806 -80.7185 -120
      vertex -34.4415 -83.1492 -120
    endloop
  endfacet
  facet normal -0.986643 0.1629 0
    outer loop
      vertex 83.3667 -16.5827 -120
      vertex 84.2728 -11.0947 120
      vertex 84.2728 -11.0947 -120
    endloop
  endfacet
  facet normal -0.986643 0.1629 0
    outer loop
      vertex 84.2728 -11.0947 120
      vertex 83.3667 -16.5827 -120
      vertex 83.3667 -16.5827 120
    endloop
  endfacet
  facet normal -0.528073 0.849199 0
    outer loop
      vertex 47.2235 -70.6749 -120
      vertex 42.5 -73.6122 120
      vertex 47.2235 -70.6749 120
    endloop
  endfacet
  facet normal -0.528073 0.849199 0
    outer loop
      vertex 42.5 -73.6122 120
      vertex 47.2235 -70.6749 -120
      vertex 42.5 -73.6122 -120
    endloop
  endfacet
  facet normal 0.995185 0.0980147 0
    outer loop
      vertex -84.818 -5.55927 120
      vertex -84.5 -8.78806 -43.6417
      vertex -84.818 -5.55927 -43.8395
    endloop
  endfacet
  facet normal 0.995182 0.098045 -6.04568e-07
    outer loop
      vertex -84.818 -5.55927 120
      vertex -84.3806 -10 -43.5779
      vertex -84.5 -8.78806 -43.6417
    endloop
  endfacet
  facet normal 0.995186 0.0980004 -0
    outer loop
      vertex -84.2728 -11.0947 -120
      vertex -84.3806 -10 -43.5779
      vertex -84.2728 -11.0947 120
    endloop
  endfacet
  facet normal 0.995185 0.0980185 1.22092e-07
    outer loop
      vertex -84.2728 -11.0947 120
      vertex -84.3806 -10 -43.5779
      vertex -84.818 -5.55927 120
    endloop
  endfacet
  facet normal 0.995184 0.0980229 -8.23902e-07
    outer loop
      vertex -84.2728 -11.0947 -120
      vertex -84.818 -5.55927 -90.2318
      vertex -84.3806 -10 -89.8728
    endloop
  endfacet
  facet normal 0.995185 0.0980185 0
    outer loop
      vertex -84.818 -5.55927 -90.2318
      vertex -84.2728 -11.0947 -120
      vertex -84.818 -5.55927 -120
    endloop
  endfacet
  facet normal 0.995186 0.0980004 0
    outer loop
      vertex -84.3806 -10 -43.5779
      vertex -84.2728 -11.0947 -120
      vertex -84.3806 -10 -89.8728
    endloop
  endfacet
  facet normal 0.986643 0.1629 0
    outer loop
      vertex -83.3667 -16.5827 120
      vertex -84.2728 -11.0947 -120
      vertex -84.2728 -11.0947 120
    endloop
  endfacet
  facet normal 0.986643 0.1629 0
    outer loop
      vertex -84.2728 -11.0947 -120
      vertex -83.3667 -16.5827 120
      vertex -83.3667 -16.5827 -120
    endloop
  endfacet
  facet normal 0.910861 -0.412714 0
    outer loop
      vertex -78.5298 32.5281 120
      vertex -76.2342 37.5945 -120
      vertex -76.2342 37.5945 120
    endloop
  endfacet
  facet normal 0.910861 -0.412714 0
    outer loop
      vertex -76.2342 37.5945 -120
      vertex -78.5298 32.5281 120
      vertex -78.5298 32.5281 -120
    endloop
  endfacet
  facet normal -0.582484 0.812842 0
    outer loop
      vertex 51.7447 -67.435 -120
      vertex 47.2235 -70.6749 120
      vertex 51.7447 -67.435 120
    endloop
  endfacet
  facet normal -0.582484 0.812842 0
    outer loop
      vertex 47.2235 -70.6749 120
      vertex 51.7447 -67.435 -120
      vertex 47.2235 -70.6749 -120
    endloop
  endfacet
  facet normal -0.999464 0.0327253 0
    outer loop
      vertex 85 0 -43.9526
      vertex 84.8854 -3.5 94.4841
      vertex 85 0 94.7298
    endloop
  endfacet
  facet normal -0.999465 0.0327125 0
    outer loop
      vertex 84.818 -5.55927 120
      vertex 84.8854 -3.5 94.4841
      vertex 84.818 -5.55927 -43.8395
    endloop
  endfacet
  facet normal -0.999465 0.0327206 -1.19983e-07
    outer loop
      vertex 84.818 -5.55927 -43.8395
      vertex 84.8854 -3.5 94.4841
      vertex 85 0 -43.9526
    endloop
  endfacet
  facet normal -0.999464 0.0327253 0
    outer loop
      vertex 84.8854 -3.5 111.048
      vertex 85 0 120
      vertex 85 0 111.293
    endloop
  endfacet
  facet normal -0.999465 0.0327206 1.85451e-06
    outer loop
      vertex 84.8854 -3.5 111.048
      vertex 84.818 -5.55927 120
      vertex 85 0 120
    endloop
  endfacet
  facet normal -0.999465 0.0327125 0
    outer loop
      vertex 84.8854 -3.5 94.4841
      vertex 84.818 -5.55927 120
      vertex 84.8854 -3.5 111.048
    endloop
  endfacet
  facet normal -0.999465 0.0327206 0
    outer loop
      vertex 84.818 -5.55927 -120
      vertex 85 0 -90.3811
      vertex 85 0 -120
    endloop
  endfacet
  facet normal -0.999465 0.0327206 0
    outer loop
      vertex 85 0 -90.3811
      vertex 84.818 -5.55927 -120
      vertex 84.818 -5.55927 -90.2318
    endloop
  endfacet
  facet normal -0.973879 -0.227069 0
    outer loop
      vertex 83.3667 16.5827 -120
      vertex 82.1037 21.9996 120
      vertex 82.1037 21.9996 -120
    endloop
  endfacet
  facet normal -0.973879 -0.227069 0
    outer loop
      vertex 82.1037 21.9996 120
      vertex 83.3667 16.5827 -120
      vertex 83.3667 16.5827 120
    endloop
  endfacet
  facet normal -0.956943 0.290276 0
    outer loop
      vertex 80.4891 -27.3224 -120
      vertex 82.1037 -21.9996 120
      vertex 82.1037 -21.9996 -120
    endloop
  endfacet
  facet normal -0.956943 0.290276 0
    outer loop
      vertex 82.1037 -21.9996 120
      vertex 80.4891 -27.3224 -120
      vertex 80.4891 -27.3224 120
    endloop
  endfacet
  facet normal -0.999465 -0.0327125 0
    outer loop
      vertex 84.818 5.55927 -43.8395
      vertex 84.8854 3.5 94.4841
      vertex 84.818 5.55927 120
    endloop
  endfacet
  facet normal -0.999465 -0.0327206 -1.19983e-07
    outer loop
      vertex 85 0 -43.9526
      vertex 84.8854 3.5 94.4841
      vertex 84.818 5.55927 -43.8395
    endloop
  endfacet
  facet normal -0.999464 -0.0327253 0
    outer loop
      vertex 84.8854 3.5 94.4841
      vertex 85 0 -43.9526
      vertex 85 0 94.7298
    endloop
  endfacet
  facet normal -0.999465 -0.0327125 -0
    outer loop
      vertex 84.8854 3.5 111.048
      vertex 84.818 5.55927 120
      vertex 84.8854 3.5 94.4841
    endloop
  endfacet
  facet normal -0.999464 -0.0327253 -0
    outer loop
      vertex 85 0 120
      vertex 84.8854 3.5 111.048
      vertex 85 0 111.293
    endloop
  endfacet
  facet normal -0.999465 -0.0327206 1.85451e-06
    outer loop
      vertex 84.8854 3.5 111.048
      vertex 85 0 120
      vertex 84.818 5.55927 120
    endloop
  endfacet
  facet normal -0.999465 -0.0327206 -0
    outer loop
      vertex 85 0 -90.3811
      vertex 84.818 5.55927 -120
      vertex 85 0 -120
    endloop
  endfacet
  facet normal -0.999465 -0.0327206 0
    outer loop
      vertex 84.818 5.55927 -120
      vertex 85 0 -90.3811
      vertex 84.818 5.55927 -90.2318
    endloop
  endfacet
  facet normal 0.68359 -0.729866 0
    outer loop
      vertex -60.1041 60.1041 -120
      vertex -56.0444 63.9064 120
      vertex -60.1041 60.1041 120
    endloop
  endfacet
  facet normal 0.68359 -0.729866 0
    outer loop
      vertex -56.0444 63.9064 120
      vertex -60.1041 60.1041 -120
      vertex -56.0444 63.9064 -120
    endloop
  endfacet
  facet normal 0.634385 0.773017 -0
    outer loop
      vertex -51.7447 -67.435 -120
      vertex -56.0444 -63.9064 120
      vertex -51.7447 -67.435 120
    endloop
  endfacet
  facet normal 0.634385 0.773017 0
    outer loop
      vertex -56.0444 -63.9064 120
      vertex -51.7447 -67.435 -120
      vertex -56.0444 -63.9064 -120
    endloop
  endfacet
  facet normal 0.1629 -0.986643 0
    outer loop
      vertex -16.5827 83.3667 -120
      vertex -11.0947 84.2728 120
      vertex -16.5827 83.3667 120
    endloop
  endfacet
  facet normal 0.1629 -0.986643 0
    outer loop
      vertex -11.0947 84.2728 120
      vertex -16.5827 83.3667 -120
      vertex -11.0947 84.2728 -120
    endloop
  endfacet
  facet normal -0.995186 -0.0980004 -0
    outer loop
      vertex 84.3806 10 -43.5779
      vertex 84.2728 11.0947 -120
      vertex 84.3806 10 -89.8728
    endloop
  endfacet
  facet normal -0.995185 -0.0980185 -0
    outer loop
      vertex 84.818 5.55927 -90.2318
      vertex 84.2728 11.0947 -120
      vertex 84.818 5.55927 -120
    endloop
  endfacet
  facet normal -0.995184 -0.0980229 -8.23902e-07
    outer loop
      vertex 84.2728 11.0947 -120
      vertex 84.818 5.55927 -90.2318
      vertex 84.3806 10 -89.8728
    endloop
  endfacet
  facet normal -0.995186 -0.0980004 0
    outer loop
      vertex 84.2728 11.0947 -120
      vertex 84.3806 10 -43.5779
      vertex 84.2728 11.0947 120
    endloop
  endfacet
  facet normal -0.995182 -0.098045 -6.04568e-07
    outer loop
      vertex 84.818 5.55927 120
      vertex 84.3806 10 -43.5779
      vertex 84.5 8.78806 -43.6417
    endloop
  endfacet
  facet normal -0.995185 -0.0980147 -0
    outer loop
      vertex 84.818 5.55927 120
      vertex 84.5 8.78806 -43.6417
      vertex 84.818 5.55927 -43.8395
    endloop
  endfacet
  facet normal -0.995185 -0.0980185 1.22092e-07
    outer loop
      vertex 84.3806 10 -43.5779
      vertex 84.818 5.55927 120
      vertex 84.2728 11.0947 120
    endloop
  endfacet
  facet normal -0.227069 0.973879 0
    outer loop
      vertex 21.9996 -82.1037 -120
      vertex 16.5827 -83.3667 120
      vertex 21.9996 -82.1037 120
    endloop
  endfacet
  facet normal -0.227069 0.973879 0
    outer loop
      vertex 16.5827 -83.3667 120
      vertex 21.9996 -82.1037 -120
      vertex 16.5827 -83.3667 -120
    endloop
  endfacet
  facet normal -0.528073 -0.849199 0
    outer loop
      vertex 42.5 73.6122 -120
      vertex 47.2235 70.6749 120
      vertex 42.5 73.6122 120
    endloop
  endfacet
  facet normal -0.528073 -0.849199 -0
    outer loop
      vertex 47.2235 70.6749 120
      vertex 42.5 73.6122 -120
      vertex 47.2235 70.6749 -120
    endloop
  endfacet
  facet normal 0.0980185 0.995185 -0
    outer loop
      vertex -5.55927 -84.818 -120
      vertex -11.0947 -84.2728 120
      vertex -5.55927 -84.818 120
    endloop
  endfacet
  facet normal 0.0980185 0.995185 0
    outer loop
      vertex -11.0947 -84.2728 120
      vertex -5.55927 -84.818 -120
      vertex -11.0947 -84.2728 -120
    endloop
  endfacet
  facet normal 0.729866 0.68359 0
    outer loop
      vertex -60.1041 -60.1041 120
      vertex -63.9064 -56.0444 -120
      vertex -63.9064 -56.0444 120
    endloop
  endfacet
  facet normal 0.729866 0.68359 0
    outer loop
      vertex -63.9064 -56.0444 -120
      vertex -60.1041 -60.1041 120
      vertex -60.1041 -60.1041 -120
    endloop
  endfacet
  facet normal 0.973879 0.227069 0
    outer loop
      vertex -82.1037 -21.9996 120
      vertex -83.3667 -16.5827 -120
      vertex -83.3667 -16.5827 120
    endloop
  endfacet
  facet normal 0.973879 0.227069 0
    outer loop
      vertex -83.3667 -16.5827 -120
      vertex -82.1037 -21.9996 120
      vertex -82.1037 -21.9996 -120
    endloop
  endfacet
  facet normal 0.227069 -0.973879 0
    outer loop
      vertex -21.9996 82.1037 -120
      vertex -16.5827 83.3667 120
      vertex -21.9996 82.1037 120
    endloop
  endfacet
  facet normal 0.227069 -0.973879 0
    outer loop
      vertex -16.5827 83.3667 120
      vertex -21.9996 82.1037 -120
      vertex -16.5827 83.3667 -120
    endloop
  endfacet
  facet normal -0.1629 0.986643 0
    outer loop
      vertex 16.5827 -83.3667 -120
      vertex 11.0947 -84.2728 120
      vertex 16.5827 -83.3667 120
    endloop
  endfacet
  facet normal -0.1629 0.986643 0
    outer loop
      vertex 11.0947 -84.2728 120
      vertex 16.5827 -83.3667 -120
      vertex 11.0947 -84.2728 -120
    endloop
  endfacet
  facet normal 0.973879 -0.227069 0
    outer loop
      vertex -83.3667 16.5827 120
      vertex -82.1037 21.9996 -120
      vertex -82.1037 21.9996 120
    endloop
  endfacet
  facet normal 0.973879 -0.227069 0
    outer loop
      vertex -82.1037 21.9996 -120
      vertex -83.3667 16.5827 120
      vertex -83.3667 16.5827 -120
    endloop
  endfacet
  facet normal 0.68359 0.729866 -0
    outer loop
      vertex -56.0444 -63.9064 -120
      vertex -60.1041 -60.1041 120
      vertex -56.0444 -63.9064 120
    endloop
  endfacet
  facet normal 0.68359 0.729866 0
    outer loop
      vertex -60.1041 -60.1041 120
      vertex -56.0444 -63.9064 -120
      vertex -60.1041 -60.1041 -120
    endloop
  endfacet
  facet normal 0.1629 0.986643 -0
    outer loop
      vertex -11.0947 -84.2728 -120
      vertex -16.5827 -83.3667 120
      vertex -11.0947 -84.2728 120
    endloop
  endfacet
  facet normal 0.1629 0.986643 0
    outer loop
      vertex -16.5827 -83.3667 120
      vertex -11.0947 -84.2728 -120
      vertex -16.5827 -83.3667 -120
    endloop
  endfacet
  facet normal -0.935905 0.352252 0
    outer loop
      vertex 78.5298 -32.5281 -120
      vertex 80.4891 -27.3224 120
      vertex 80.4891 -27.3224 -120
    endloop
  endfacet
  facet normal -0.935905 0.352252 0
    outer loop
      vertex 80.4891 -27.3224 120
      vertex 78.5298 -32.5281 -120
      vertex 78.5298 -32.5281 120
    endloop
  endfacet
  facet normal -0.986643 -0.1629 0
    outer loop
      vertex 84.2728 11.0947 -120
      vertex 83.3667 16.5827 120
      vertex 83.3667 16.5827 -120
    endloop
  endfacet
  facet normal -0.986643 -0.1629 0
    outer loop
      vertex 83.3667 16.5827 120
      vertex 84.2728 11.0947 -120
      vertex 84.2728 11.0947 120
    endloop
  endfacet
  facet normal -0.956943 -0.290276 0
    outer loop
      vertex 82.1037 21.9996 -120
      vertex 80.4891 27.3224 120
      vertex 80.4891 27.3224 -120
    endloop
  endfacet
  facet normal -0.956943 -0.290276 0
    outer loop
      vertex 80.4891 27.3224 120
      vertex 82.1037 21.9996 -120
      vertex 82.1037 21.9996 120
    endloop
  endfacet
  facet normal 0.999465 -0.0327125 0
    outer loop
      vertex -84.818 5.55927 120
      vertex -84.8854 3.5 15.8153
      vertex -84.818 5.55927 -43.8395
    endloop
  endfacet
  facet normal 0.999465 -0.0327206 1.59347e-07
    outer loop
      vertex -85 0 120
      vertex -84.8854 3.5 15.8153
      vertex -84.818 5.55927 120
    endloop
  endfacet
  facet normal 0.999464 -0.0327253 0
    outer loop
      vertex -84.8854 3.5 15.8153
      vertex -85 0 120
      vertex -85 0 15.7618
    endloop
  endfacet
  facet normal 0.999465 -0.0327125 0
    outer loop
      vertex -84.8854 3.5 0.684129
      vertex -84.818 5.55927 -43.8395
      vertex -84.8854 3.5 15.8153
    endloop
  endfacet
  facet normal 0.999464 -0.0327253 0
    outer loop
      vertex -85 0 -43.9526
      vertex -84.8854 3.5 0.684129
      vertex -85 0 0.929843
    endloop
  endfacet
  facet normal 0.999465 -0.0327206 -3.7252e-07
    outer loop
      vertex -84.8854 3.5 0.684129
      vertex -85 0 -43.9526
      vertex -84.818 5.55927 -43.8395
    endloop
  endfacet
  facet normal 0.999465 -0.0327206 0
    outer loop
      vertex -85 0 -90.3811
      vertex -84.818 5.55927 -120
      vertex -84.818 5.55927 -90.2318
    endloop
  endfacet
  facet normal 0.999465 -0.0327206 0
    outer loop
      vertex -84.818 5.55927 -120
      vertex -85 0 -90.3811
      vertex -85 0 -120
    endloop
  endfacet
  facet normal -0.0327206 0.999465 1.17956e-07
    outer loop
      vertex 5.55927 -84.818 120
      vertex 3.5 -84.8854 -20.7432
      vertex 0 -85 120
    endloop
  endfacet
  facet normal -0.0327125 0.999465 0
    outer loop
      vertex 5.55927 -84.818 120
      vertex 3.5 -84.8854 -33.1159
      vertex 3.5 -84.8854 -20.7432
    endloop
  endfacet
  facet normal -0.0327125 0.999465 0
    outer loop
      vertex 3.5 -84.8854 -33.1159
      vertex 5.55927 -84.818 120
      vertex 5.55927 -84.818 -120
    endloop
  endfacet
  facet normal -0.0327253 0.999464 0
    outer loop
      vertex 0 -85 120
      vertex 3.5 -84.8854 -20.7432
      vertex 0 -85 -20.7966
    endloop
  endfacet
  facet normal -0.0327206 0.999465 -1.91077e-07
    outer loop
      vertex 0 -85 -120
      vertex 3.5 -84.8854 -33.1159
      vertex 5.55927 -84.818 -120
    endloop
  endfacet
  facet normal -0.0327253 0.999464 0
    outer loop
      vertex 3.5 -84.8854 -33.1159
      vertex 0 -85 -120
      vertex 0 -85 -32.8702
    endloop
  endfacet
  facet normal -0.471391 0.881925 0
    outer loop
      vertex 42.5 -73.6122 -120
      vertex 37.5945 -76.2342 120
      vertex 42.5 -73.6122 120
    endloop
  endfacet
  facet normal -0.471391 0.881925 0
    outer loop
      vertex 37.5945 -76.2342 120
      vertex 42.5 -73.6122 -120
      vertex 37.5945 -76.2342 -120
    endloop
  endfacet
  facet normal -0.412714 -0.910861 0
    outer loop
      vertex 32.5281 78.5298 -120
      vertex 37.5945 76.2342 120
      vertex 32.5281 78.5298 120
    endloop
  endfacet
  facet normal -0.412714 -0.910861 -0
    outer loop
      vertex 37.5945 76.2342 120
      vertex 32.5281 78.5298 -120
      vertex 37.5945 76.2342 -120
    endloop
  endfacet
  facet normal -0.290276 0.956943 0
    outer loop
      vertex 27.3224 -80.4891 -120
      vertex 21.9996 -82.1037 120
      vertex 27.3224 -80.4891 120
    endloop
  endfacet
  facet normal -0.290276 0.956943 0
    outer loop
      vertex 21.9996 -82.1037 120
      vertex 27.3224 -80.4891 -120
      vertex 21.9996 -82.1037 -120
    endloop
  endfacet
  facet normal -0.634385 -0.773017 0
    outer loop
      vertex 51.7447 67.435 -120
      vertex 56.0444 63.9064 120
      vertex 51.7447 67.435 120
    endloop
  endfacet
  facet normal -0.634385 -0.773017 -0
    outer loop
      vertex 56.0444 63.9064 120
      vertex 51.7447 67.435 -120
      vertex 56.0444 63.9064 -120
    endloop
  endfacet
  facet normal 0.412714 -0.910861 0
    outer loop
      vertex -37.5945 76.2342 -120
      vertex -32.5281 78.5298 120
      vertex -37.5945 76.2342 120
    endloop
  endfacet
  facet normal 0.412714 -0.910861 0
    outer loop
      vertex -32.5281 78.5298 120
      vertex -37.5945 76.2342 -120
      vertex -32.5281 78.5298 -120
    endloop
  endfacet
  facet normal -0.881925 -0.471391 0
    outer loop
      vertex 76.2342 37.5945 -120
      vertex 73.6122 42.5 120
      vertex 73.6122 42.5 -120
    endloop
  endfacet
  facet normal -0.881925 -0.471391 0
    outer loop
      vertex 73.6122 42.5 120
      vertex 76.2342 37.5945 -120
      vertex 76.2342 37.5945 120
    endloop
  endfacet
  facet normal 0.0327206 -0.999465 0
    outer loop
      vertex -5.55927 84.818 -120
      vertex 0 85 120
      vertex -5.55927 84.818 120
    endloop
  endfacet
  facet normal 0.0327206 -0.999465 0
    outer loop
      vertex 0 85 120
      vertex -5.55927 84.818 -120
      vertex 0 85 -120
    endloop
  endfacet
  facet normal 0.0327253 0.999464 0
    outer loop
      vertex 0 -85 -32.8702
      vertex 0 -85 -120
      vertex -3.5 -84.8854 -33.1159
    endloop
  endfacet
  facet normal 0.0327206 0.999465 1.17956e-07
    outer loop
      vertex 0 -85 120
      vertex -3.5 -84.8854 -20.7432
      vertex -5.55927 -84.818 120
    endloop
  endfacet
  facet normal 0.0327253 0.999464 0
    outer loop
      vertex -3.5 -84.8854 -20.7432
      vertex 0 -85 120
      vertex 0 -85 -20.7966
    endloop
  endfacet
  facet normal 0.0327125 0.999465 -0
    outer loop
      vertex -3.5 -84.8854 -33.1159
      vertex -5.55927 -84.818 120
      vertex -3.5 -84.8854 -20.7432
    endloop
  endfacet
  facet normal 0.0327125 0.999465 0
    outer loop
      vertex -3.5 -84.8854 -33.1159
      vertex -5.55927 -84.818 -120
      vertex -5.55927 -84.818 120
    endloop
  endfacet
  facet normal 0.0327206 0.999465 -1.91077e-07
    outer loop
      vertex -5.55927 -84.818 -120
      vertex -3.5 -84.8854 -33.1159
      vertex 0 -85 -120
    endloop
  endfacet
  facet normal 0.812842 -0.582484 0
    outer loop
      vertex -70.6749 47.2235 120
      vertex -67.435 51.7447 -120
      vertex -67.435 51.7447 120
    endloop
  endfacet
  facet normal 0.812842 -0.582484 0
    outer loop
      vertex -67.435 51.7447 -120
      vertex -70.6749 47.2235 120
      vertex -70.6749 47.2235 -120
    endloop
  endfacet
  facet normal -0.68359 -0.729866 0
    outer loop
      vertex 56.0444 63.9064 -120
      vertex 60.1041 60.1041 120
      vertex 56.0444 63.9064 120
    endloop
  endfacet
  facet normal -0.68359 -0.729866 -0
    outer loop
      vertex 60.1041 60.1041 120
      vertex 56.0444 63.9064 -120
      vertex 60.1041 60.1041 -120
    endloop
  endfacet
  facet normal 0.729866 -0.68359 0
    outer loop
      vertex -63.9064 56.0444 120
      vertex -60.1041 60.1041 -120
      vertex -60.1041 60.1041 120
    endloop
  endfacet
  facet normal 0.729866 -0.68359 0
    outer loop
      vertex -60.1041 60.1041 -120
      vertex -63.9064 56.0444 120
      vertex -63.9064 56.0444 -120
    endloop
  endfacet
  facet normal 0.935905 0.352252 0
    outer loop
      vertex -78.5298 -32.5281 120
      vertex -80.4891 -27.3224 -120
      vertex -80.4891 -27.3224 120
    endloop
  endfacet
  facet normal 0.935905 0.352252 0
    outer loop
      vertex -80.4891 -27.3224 -120
      vertex -78.5298 -32.5281 120
      vertex -78.5298 -32.5281 -120
    endloop
  endfacet
  facet normal -0.812842 0.582484 0
    outer loop
      vertex 67.435 -51.7447 -120
      vertex 70.6749 -47.2235 120
      vertex 70.6749 -47.2235 -120
    endloop
  endfacet
  facet normal -0.812842 0.582484 0
    outer loop
      vertex 70.6749 -47.2235 120
      vertex 67.435 -51.7447 -120
      vertex 67.435 -51.7447 120
    endloop
  endfacet
  facet normal 0.956943 -0.290276 0
    outer loop
      vertex -82.1037 21.9996 120
      vertex -80.4891 27.3224 -120
      vertex -80.4891 27.3224 120
    endloop
  endfacet
  facet normal 0.956943 -0.290276 0
    outer loop
      vertex -80.4891 27.3224 -120
      vertex -82.1037 21.9996 120
      vertex -82.1037 21.9996 -120
    endloop
  endfacet
  facet normal -0.973879 0.227069 0
    outer loop
      vertex 82.1037 -21.9996 -120
      vertex 83.3667 -16.5827 120
      vertex 83.3667 -16.5827 -120
    endloop
  endfacet
  facet normal -0.973879 0.227069 0
    outer loop
      vertex 83.3667 -16.5827 120
      vertex 82.1037 -21.9996 -120
      vertex 82.1037 -21.9996 120
    endloop
  endfacet
  facet normal 0.812842 0.582484 0
    outer loop
      vertex -67.435 -51.7447 120
      vertex -70.6749 -47.2235 -120
      vertex -70.6749 -47.2235 120
    endloop
  endfacet
  facet normal 0.812842 0.582484 0
    outer loop
      vertex -70.6749 -47.2235 -120
      vertex -67.435 -51.7447 120
      vertex -67.435 -51.7447 -120
    endloop
  endfacet
  facet normal -0.582484 -0.812842 0
    outer loop
      vertex 47.2235 70.6749 -120
      vertex 51.7447 67.435 120
      vertex 47.2235 70.6749 120
    endloop
  endfacet
  facet normal -0.582484 -0.812842 -0
    outer loop
      vertex 51.7447 67.435 120
      vertex 47.2235 70.6749 -120
      vertex 51.7447 67.435 -120
    endloop
  endfacet
  facet normal 0.290276 -0.956943 0
    outer loop
      vertex -27.3224 80.4891 -120
      vertex -21.9996 82.1037 120
      vertex -27.3224 80.4891 120
    endloop
  endfacet
  facet normal 0.290276 -0.956943 0
    outer loop
      vertex -21.9996 82.1037 120
      vertex -27.3224 80.4891 -120
      vertex -21.9996 82.1037 -120
    endloop
  endfacet
  facet normal 0.352252 0.935905 -0
    outer loop
      vertex -27.3224 -80.4891 -120
      vertex -32.5281 -78.5298 120
      vertex -27.3224 -80.4891 120
    endloop
  endfacet
  facet normal 0.352252 0.935905 0
    outer loop
      vertex -32.5281 -78.5298 120
      vertex -27.3224 -80.4891 -120
      vertex -32.5281 -78.5298 -120
    endloop
  endfacet
  facet normal 0.528073 0.849199 -0
    outer loop
      vertex -42.5 -73.6122 -120
      vertex -47.2235 -70.6749 120
      vertex -42.5 -73.6122 120
    endloop
  endfacet
  facet normal 0.528073 0.849199 0
    outer loop
      vertex -47.2235 -70.6749 120
      vertex -42.5 -73.6122 -120
      vertex -47.2235 -70.6749 -120
    endloop
  endfacet
  facet normal 0.881925 -0.471391 0
    outer loop
      vertex -76.2342 37.5945 120
      vertex -73.6122 42.5 -120
      vertex -73.6122 42.5 120
    endloop
  endfacet
  facet normal 0.881925 -0.471391 0
    outer loop
      vertex -73.6122 42.5 -120
      vertex -76.2342 37.5945 120
      vertex -76.2342 37.5945 -120
    endloop
  endfacet
  facet normal -0.910861 -0.412714 0
    outer loop
      vertex 78.5298 32.5281 -120
      vertex 76.2342 37.5945 120
      vertex 76.2342 37.5945 -120
    endloop
  endfacet
  facet normal -0.910861 -0.412714 0
    outer loop
      vertex 76.2342 37.5945 120
      vertex 78.5298 32.5281 -120
      vertex 78.5298 32.5281 120
    endloop
  endfacet
  facet normal -0.471391 -0.881925 0
    outer loop
      vertex 37.5945 76.2342 -120
      vertex 42.5 73.6122 120
      vertex 37.5945 76.2342 120
    endloop
  endfacet
  facet normal -0.471391 -0.881925 -0
    outer loop
      vertex 42.5 73.6122 120
      vertex 37.5945 76.2342 -120
      vertex 42.5 73.6122 -120
    endloop
  endfacet
  facet normal -0.849199 -0.528073 0
    outer loop
      vertex 73.6122 42.5 -120
      vertex 70.6749 47.2235 120
      vertex 70.6749 47.2235 -120
    endloop
  endfacet
  facet normal -0.849199 -0.528073 0
    outer loop
      vertex 70.6749 47.2235 120
      vertex 73.6122 42.5 -120
      vertex 73.6122 42.5 120
    endloop
  endfacet
  facet normal 0.471391 0.881925 -0
    outer loop
      vertex -37.5945 -76.2342 -120
      vertex -42.5 -73.6122 120
      vertex -37.5945 -76.2342 120
    endloop
  endfacet
  facet normal 0.471391 0.881925 0
    outer loop
      vertex -42.5 -73.6122 120
      vertex -37.5945 -76.2342 -120
      vertex -42.5 -73.6122 -120
    endloop
  endfacet
  facet normal -0.290276 -0.956943 0
    outer loop
      vertex 21.9996 82.1037 -120
      vertex 27.3224 80.4891 120
      vertex 21.9996 82.1037 120
    endloop
  endfacet
  facet normal -0.290276 -0.956943 -0
    outer loop
      vertex 27.3224 80.4891 120
      vertex 21.9996 82.1037 -120
      vertex 27.3224 80.4891 -120
    endloop
  endfacet
  facet normal -0.352252 0.935905 0
    outer loop
      vertex 32.5281 -78.5298 -120
      vertex 27.3224 -80.4891 120
      vertex 32.5281 -78.5298 120
    endloop
  endfacet
  facet normal -0.352252 0.935905 0
    outer loop
      vertex 27.3224 -80.4891 120
      vertex 32.5281 -78.5298 -120
      vertex 27.3224 -80.4891 -120
    endloop
  endfacet
  facet normal 0.582484 -0.812842 0
    outer loop
      vertex -51.7447 67.435 -120
      vertex -47.2235 70.6749 120
      vertex -51.7447 67.435 120
    endloop
  endfacet
  facet normal 0.582484 -0.812842 0
    outer loop
      vertex -47.2235 70.6749 120
      vertex -51.7447 67.435 -120
      vertex -47.2235 70.6749 -120
    endloop
  endfacet
  facet normal -0.773017 0.634385 0
    outer loop
      vertex 63.9064 -56.0444 -120
      vertex 67.435 -51.7447 120
      vertex 67.435 -51.7447 -120
    endloop
  endfacet
  facet normal -0.773017 0.634385 0
    outer loop
      vertex 67.435 -51.7447 120
      vertex 63.9064 -56.0444 -120
      vertex 63.9064 -56.0444 120
    endloop
  endfacet
  facet normal -0.995185 0.0980185 0
    outer loop
      vertex 84.2728 -11.0947 -120
      vertex 84.818 -5.55927 -90.2318
      vertex 84.818 -5.55927 -120
    endloop
  endfacet
  facet normal -0.995186 0.0980004 0
    outer loop
      vertex 84.3806 -10 -89.8728
      vertex 84.2728 -11.0947 -120
      vertex 84.3806 -10 -43.5779
    endloop
  endfacet
  facet normal -0.995184 0.0980229 -8.23902e-07
    outer loop
      vertex 84.818 -5.55927 -90.2318
      vertex 84.2728 -11.0947 -120
      vertex 84.3806 -10 -89.8728
    endloop
  endfacet
  facet normal -0.995185 0.0980147 0
    outer loop
      vertex 84.5 -8.78806 -43.6417
      vertex 84.818 -5.55927 120
      vertex 84.818 -5.55927 -43.8395
    endloop
  endfacet
  facet normal -0.995182 0.098045 -6.04568e-07
    outer loop
      vertex 84.3806 -10 -43.5779
      vertex 84.818 -5.55927 120
      vertex 84.5 -8.78806 -43.6417
    endloop
  endfacet
  facet normal -0.995185 0.0980185 1.22092e-07
    outer loop
      vertex 84.3806 -10 -43.5779
      vertex 84.2728 -11.0947 120
      vertex 84.818 -5.55927 120
    endloop
  endfacet
  facet normal -0.995186 0.0980004 0
    outer loop
      vertex 84.2728 -11.0947 120
      vertex 84.3806 -10 -43.5779
      vertex 84.2728 -11.0947 -120
    endloop
  endfacet
  facet normal 0.0980185 -0.995185 0
    outer loop
      vertex -11.0947 84.2728 -120
      vertex -5.55927 84.818 120
      vertex -11.0947 84.2728 120
    endloop
  endfacet
  facet normal 0.0980185 -0.995185 0
    outer loop
      vertex -5.55927 84.818 120
      vertex -11.0947 84.2728 -120
      vertex -5.55927 84.818 -120
    endloop
  endfacet
  facet normal -0.0980185 0.995185 0
    outer loop
      vertex 11.0947 -84.2728 -120
      vertex 5.55927 -84.818 120
      vertex 11.0947 -84.2728 120
    endloop
  endfacet
  facet normal -0.0980185 0.995185 0
    outer loop
      vertex 5.55927 -84.818 120
      vertex 11.0947 -84.2728 -120
      vertex 5.55927 -84.818 -120
    endloop
  endfacet
  facet normal 0.352252 -0.935905 0
    outer loop
      vertex -32.5281 78.5298 -120
      vertex -27.3224 80.4891 120
      vertex -32.5281 78.5298 120
    endloop
  endfacet
  facet normal 0.352252 -0.935905 0
    outer loop
      vertex -27.3224 80.4891 120
      vertex -32.5281 78.5298 -120
      vertex -27.3224 80.4891 -120
    endloop
  endfacet
  facet normal -0.881925 0.471391 0
    outer loop
      vertex 73.6122 -42.5 -120
      vertex 76.2342 -37.5945 120
      vertex 76.2342 -37.5945 -120
    endloop
  endfacet
  facet normal -0.881925 0.471391 0
    outer loop
      vertex 76.2342 -37.5945 120
      vertex 73.6122 -42.5 -120
      vertex 73.6122 -42.5 120
    endloop
  endfacet
  facet normal 0.582484 0.812842 -0
    outer loop
      vertex -47.2235 -70.6749 -120
      vertex -51.7447 -67.435 120
      vertex -47.2235 -70.6749 120
    endloop
  endfacet
  facet normal 0.582484 0.812842 0
    outer loop
      vertex -51.7447 -67.435 120
      vertex -47.2235 -70.6749 -120
      vertex -51.7447 -67.435 -120
    endloop
  endfacet
  facet normal 0.773017 0.634385 0
    outer loop
      vertex -63.9064 -56.0444 120
      vertex -67.435 -51.7447 -120
      vertex -67.435 -51.7447 120
    endloop
  endfacet
  facet normal 0.773017 0.634385 0
    outer loop
      vertex -67.435 -51.7447 -120
      vertex -63.9064 -56.0444 120
      vertex -63.9064 -56.0444 -120
    endloop
  endfacet
  facet normal 0.956943 0.290276 0
    outer loop
      vertex -80.4891 -27.3224 120
      vertex -82.1037 -21.9996 -120
      vertex -82.1037 -21.9996 120
    endloop
  endfacet
  facet normal 0.956943 0.290276 0
    outer loop
      vertex -82.1037 -21.9996 -120
      vertex -80.4891 -27.3224 120
      vertex -80.4891 -27.3224 -120
    endloop
  endfacet
  facet normal 0.528073 -0.849199 0
    outer loop
      vertex -47.2235 70.6749 -120
      vertex -42.5 73.6122 120
      vertex -47.2235 70.6749 120
    endloop
  endfacet
  facet normal 0.528073 -0.849199 0
    outer loop
      vertex -42.5 73.6122 120
      vertex -47.2235 70.6749 -120
      vertex -42.5 73.6122 -120
    endloop
  endfacet
  facet normal -0.849199 0.528073 0
    outer loop
      vertex 70.6749 -47.2235 -120
      vertex 73.6122 -42.5 120
      vertex 73.6122 -42.5 -120
    endloop
  endfacet
  facet normal -0.849199 0.528073 0
    outer loop
      vertex 73.6122 -42.5 120
      vertex 70.6749 -47.2235 -120
      vertex 70.6749 -47.2235 120
    endloop
  endfacet
  facet normal 0.999464 0.0327253 0
    outer loop
      vertex -85 0 120
      vertex -84.8854 -3.5 15.8153
      vertex -85 0 15.7618
    endloop
  endfacet
  facet normal 0.999465 0.0327125 -0
    outer loop
      vertex -84.818 -5.55927 -43.8395
      vertex -84.8854 -3.5 15.8153
      vertex -84.818 -5.55927 120
    endloop
  endfacet
  facet normal 0.999465 0.0327206 1.59347e-07
    outer loop
      vertex -84.818 -5.55927 120
      vertex -84.8854 -3.5 15.8153
      vertex -85 0 120
    endloop
  endfacet
  facet normal 0.999464 0.0327253 0
    outer loop
      vertex -84.8854 -3.5 0.684129
      vertex -85 0 -43.9526
      vertex -85 0 0.929843
    endloop
  endfacet
  facet normal 0.999465 0.0327206 -3.7252e-07
    outer loop
      vertex -84.8854 -3.5 0.684129
      vertex -84.818 -5.55927 -43.8395
      vertex -85 0 -43.9526
    endloop
  endfacet
  facet normal 0.999465 0.0327125 0
    outer loop
      vertex -84.8854 -3.5 15.8153
      vertex -84.818 -5.55927 -43.8395
      vertex -84.8854 -3.5 0.684129
    endloop
  endfacet
  facet normal 0.999465 0.0327206 -0
    outer loop
      vertex -84.818 -5.55927 -120
      vertex -85 0 -90.3811
      vertex -84.818 -5.55927 -90.2318
    endloop
  endfacet
  facet normal 0.999465 0.0327206 0
    outer loop
      vertex -85 0 -90.3811
      vertex -84.818 -5.55927 -120
      vertex -85 0 -120
    endloop
  endfacet
  facet normal -0.412714 0.910861 0
    outer loop
      vertex 37.5945 -76.2342 -120
      vertex 32.5281 -78.5298 120
      vertex 37.5945 -76.2342 120
    endloop
  endfacet
  facet normal -0.412714 0.910861 0
    outer loop
      vertex 32.5281 -78.5298 120
      vertex 37.5945 -76.2342 -120
      vertex 32.5281 -78.5298 -120
    endloop
  endfacet
  facet normal 0.849199 0.528073 0
    outer loop
      vertex -70.6749 -47.2235 120
      vertex -73.6122 -42.5 -120
      vertex -73.6122 -42.5 120
    endloop
  endfacet
  facet normal 0.849199 0.528073 0
    outer loop
      vertex -73.6122 -42.5 -120
      vertex -70.6749 -47.2235 120
      vertex -70.6749 -47.2235 -120
    endloop
  endfacet
  facet normal -0.812842 -0.582484 0
    outer loop
      vertex 70.6749 47.2235 -120
      vertex 67.435 51.7447 120
      vertex 67.435 51.7447 -120
    endloop
  endfacet
  facet normal -0.812842 -0.582484 0
    outer loop
      vertex 67.435 51.7447 120
      vertex 70.6749 47.2235 -120
      vertex 70.6749 47.2235 120
    endloop
  endfacet
  facet normal -0.0327206 -0.999465 0
    outer loop
      vertex 0 85 -120
      vertex 5.55927 84.818 120
      vertex 0 85 120
    endloop
  endfacet
  facet normal -0.0327206 -0.999465 -0
    outer loop
      vertex 5.55927 84.818 120
      vertex 0 85 -120
      vertex 5.55927 84.818 -120
    endloop
  endfacet
  facet normal 0.849199 -0.528073 0
    outer loop
      vertex -73.6122 42.5 120
      vertex -70.6749 47.2235 -120
      vertex -70.6749 47.2235 120
    endloop
  endfacet
  facet normal 0.849199 -0.528073 0
    outer loop
      vertex -70.6749 47.2235 -120
      vertex -73.6122 42.5 120
      vertex -73.6122 42.5 -120
    endloop
  endfacet
  facet normal 0.634385 -0.773017 0
    outer loop
      vertex -56.0444 63.9064 -120
      vertex -51.7447 67.435 120
      vertex -56.0444 63.9064 120
    endloop
  endfacet
  facet normal 0.634385 -0.773017 0
    outer loop
      vertex -51.7447 67.435 120
      vertex -56.0444 63.9064 -120
      vertex -51.7447 67.435 -120
    endloop
  endfacet
  facet normal 0.227069 0.973879 -0
    outer loop
      vertex -16.5827 -83.3667 -120
      vertex -21.9996 -82.1037 120
      vertex -16.5827 -83.3667 120
    endloop
  endfacet
  facet normal 0.227069 0.973879 0
    outer loop
      vertex -21.9996 -82.1037 120
      vertex -16.5827 -83.3667 -120
      vertex -21.9996 -82.1037 -120
    endloop
  endfacet
  facet normal -0.1629 -0.986643 0
    outer loop
      vertex 11.0947 84.2728 -120
      vertex 16.5827 83.3667 120
      vertex 11.0947 84.2728 120
    endloop
  endfacet
  facet normal -0.1629 -0.986643 -0
    outer loop
      vertex 16.5827 83.3667 120
      vertex 11.0947 84.2728 -120
      vertex 16.5827 83.3667 -120
    endloop
  endfacet
  facet normal 0.935905 -0.352252 0
    outer loop
      vertex -80.4891 27.3224 120
      vertex -78.5298 32.5281 -120
      vertex -78.5298 32.5281 120
    endloop
  endfacet
  facet normal 0.935905 -0.352252 0
    outer loop
      vertex -78.5298 32.5281 -120
      vertex -80.4891 27.3224 120
      vertex -80.4891 27.3224 -120
    endloop
  endfacet
  facet normal -0.227069 -0.973879 0
    outer loop
      vertex 16.5827 83.3667 -120
      vertex 21.9996 82.1037 120
      vertex 16.5827 83.3667 120
    endloop
  endfacet
  facet normal -0.227069 -0.973879 -0
    outer loop
      vertex 21.9996 82.1037 120
      vertex 16.5827 83.3667 -120
      vertex 21.9996 82.1037 -120
    endloop
  endfacet
  facet normal 0.881925 0.471391 0
    outer loop
      vertex -73.6122 -42.5 120
      vertex -76.2342 -37.5945 -120
      vertex -76.2342 -37.5945 120
    endloop
  endfacet
  facet normal 0.881925 0.471391 0
    outer loop
      vertex -76.2342 -37.5945 -120
      vertex -73.6122 -42.5 120
      vertex -73.6122 -42.5 -120
    endloop
  endfacet
  facet normal -0.729866 0.68359 0
    outer loop
      vertex 60.1041 -60.1041 -120
      vertex 63.9064 -56.0444 120
      vertex 63.9064 -56.0444 -120
    endloop
  endfacet
  facet normal -0.729866 0.68359 0
    outer loop
      vertex 63.9064 -56.0444 120
      vertex 60.1041 -60.1041 -120
      vertex 60.1041 -60.1041 120
    endloop
  endfacet
  facet normal -0.0980185 -0.995185 0
    outer loop
      vertex 5.55927 84.818 -120
      vertex 11.0947 84.2728 120
      vertex 5.55927 84.818 120
    endloop
  endfacet
  facet normal -0.0980185 -0.995185 -0
    outer loop
      vertex 11.0947 84.2728 120
      vertex 5.55927 84.818 -120
      vertex 11.0947 84.2728 -120
    endloop
  endfacet
  facet normal -0.935905 -0.352252 0
    outer loop
      vertex 80.4891 27.3224 -120
      vertex 78.5298 32.5281 120
      vertex 78.5298 32.5281 -120
    endloop
  endfacet
  facet normal -0.935905 -0.352252 0
    outer loop
      vertex 78.5298 32.5281 120
      vertex 80.4891 27.3224 -120
      vertex 80.4891 27.3224 120
    endloop
  endfacet
  facet normal 0.471391 -0.881925 0
    outer loop
      vertex -42.5 73.6122 -120
      vertex -37.5945 76.2342 120
      vertex -42.5 73.6122 120
    endloop
  endfacet
  facet normal 0.471391 -0.881925 0
    outer loop
      vertex -37.5945 76.2342 120
      vertex -42.5 73.6122 -120
      vertex -37.5945 76.2342 -120
    endloop
  endfacet
  facet normal 0.986643 -0.1629 0
    outer loop
      vertex -84.2728 11.0947 120
      vertex -83.3667 16.5827 -120
      vertex -83.3667 16.5827 120
    endloop
  endfacet
  facet normal 0.986643 -0.1629 0
    outer loop
      vertex -83.3667 16.5827 -120
      vertex -84.2728 11.0947 120
      vertex -84.2728 11.0947 -120
    endloop
  endfacet
  facet normal -0.773017 -0.634385 0
    outer loop
      vertex 67.435 51.7447 -120
      vertex 63.9064 56.0444 120
      vertex 63.9064 56.0444 -120
    endloop
  endfacet
  facet normal -0.773017 -0.634385 0
    outer loop
      vertex 63.9064 56.0444 120
      vertex 67.435 51.7447 -120
      vertex 67.435 51.7447 120
    endloop
  endfacet
  facet normal -0.729866 -0.68359 0
    outer loop
      vertex 63.9064 56.0444 -120
      vertex 60.1041 60.1041 120
      vertex 60.1041 60.1041 -120
    endloop
  endfacet
  facet normal -0.729866 -0.68359 0
    outer loop
      vertex 60.1041 60.1041 120
      vertex 63.9064 56.0444 -120
      vertex 63.9064 56.0444 120
    endloop
  endfacet
  facet normal -0.68359 0.729866 0
    outer loop
      vertex 60.1041 -60.1041 -120
      vertex 56.0444 -63.9064 120
      vertex 60.1041 -60.1041 120
    endloop
  endfacet
  facet normal -0.68359 0.729866 0
    outer loop
      vertex 56.0444 -63.9064 120
      vertex 60.1041 -60.1041 -120
      vertex 56.0444 -63.9064 -120
    endloop
  endfacet
  facet normal -0.634385 0.773017 0
    outer loop
      vertex 56.0444 -63.9064 -120
      vertex 51.7447 -67.435 120
      vertex 56.0444 -63.9064 120
    endloop
  endfacet
  facet normal -0.634385 0.773017 0
    outer loop
      vertex 51.7447 -67.435 120
      vertex 56.0444 -63.9064 -120
      vertex 51.7447 -67.435 -120
    endloop
  endfacet
  facet normal 0.910861 0.412714 0
    outer loop
      vertex -76.2342 -37.5945 120
      vertex -78.5298 -32.5281 -120
      vertex -78.5298 -32.5281 120
    endloop
  endfacet
  facet normal 0.910861 0.412714 0
    outer loop
      vertex -78.5298 -32.5281 -120
      vertex -76.2342 -37.5945 120
      vertex -76.2342 -37.5945 -120
    endloop
  endfacet
  facet normal -0.910861 0.412714 0
    outer loop
      vertex 76.2342 -37.5945 -120
      vertex 78.5298 -32.5281 120
      vertex 78.5298 -32.5281 -120
    endloop
  endfacet
  facet normal -0.910861 0.412714 0
    outer loop
      vertex 78.5298 -32.5281 120
      vertex 76.2342 -37.5945 -120
      vertex 76.2342 -37.5945 120
    endloop
  endfacet
  facet normal -0.352252 -0.935905 0
    outer loop
      vertex 27.3224 80.4891 -120
      vertex 32.5281 78.5298 120
      vertex 27.3224 80.4891 120
    endloop
  endfacet
  facet normal -0.352252 -0.935905 -0
    outer loop
      vertex 32.5281 78.5298 120
      vertex 27.3224 80.4891 -120
      vertex 32.5281 78.5298 -120
    endloop
  endfacet
  facet normal 0.995186 -0.0980004 0
    outer loop
      vertex -84.2728 11.0947 120
      vertex -84.3806 10 -43.5779
      vertex -84.2728 11.0947 -120
    endloop
  endfacet
  facet normal 0.995185 -0.0980185 1.22092e-07
    outer loop
      vertex -84.818 5.55927 120
      vertex -84.3806 10 -43.5779
      vertex -84.2728 11.0947 120
    endloop
  endfacet
  facet normal 0.995182 -0.098045 -6.04568e-07
    outer loop
      vertex -84.3806 10 -43.5779
      vertex -84.818 5.55927 120
      vertex -84.5 8.78806 -43.6417
    endloop
  endfacet
  facet normal 0.995185 -0.0980147 0
    outer loop
      vertex -84.5 8.78806 -43.6417
      vertex -84.818 5.55927 120
      vertex -84.818 5.55927 -43.8395
    endloop
  endfacet
  facet normal 0.995186 -0.0980004 0
    outer loop
      vertex -84.3806 10 -89.8728
      vertex -84.2728 11.0947 -120
      vertex -84.3806 10 -43.5779
    endloop
  endfacet
  facet normal 0.995184 -0.0980229 -8.23902e-07
    outer loop
      vertex -84.818 5.55927 -90.2318
      vertex -84.2728 11.0947 -120
      vertex -84.3806 10 -89.8728
    endloop
  endfacet
  facet normal 0.995185 -0.0980185 0
    outer loop
      vertex -84.2728 11.0947 -120
      vertex -84.818 5.55927 -90.2318
      vertex -84.818 5.55927 -120
    endloop
  endfacet
  facet normal 0.290276 0.956943 -0
    outer loop
      vertex -21.9996 -82.1037 -120
      vertex -27.3224 -80.4891 120
      vertex -21.9996 -82.1037 120
    endloop
  endfacet
  facet normal 0.290276 0.956943 0
    outer loop
      vertex -27.3224 -80.4891 120
      vertex -21.9996 -82.1037 -120
      vertex -27.3224 -80.4891 -120
    endloop
  endfacet
  facet normal 0.412714 0.910861 -0
    outer loop
      vertex -32.5281 -78.5298 -120
      vertex -37.5945 -76.2342 120
      vertex -32.5281 -78.5298 120
    endloop
  endfacet
  facet normal 0.412714 0.910861 0
    outer loop
      vertex -37.5945 -76.2342 120
      vertex -32.5281 -78.5298 -120
      vertex -37.5945 -76.2342 -120
    endloop
  endfacet
  facet normal 0.773017 -0.634385 0
    outer loop
      vertex -67.435 51.7447 120
      vertex -63.9064 56.0444 -120
      vertex -63.9064 56.0444 120
    endloop
  endfacet
  facet normal 0.773017 -0.634385 0
    outer loop
      vertex -63.9064 56.0444 -120
      vertex -67.435 51.7447 120
      vertex -67.435 51.7447 -120
    endloop
  endfacet
  facet normal 0.995191 0.0979503 0
    outer loop
      vertex 83.3763 10 -78.5
      vertex 83.2814 10.9642 -81.5
      vertex 83.2814 10.9642 -78.5
    endloop
  endfacet
  facet normal 0.995191 0.0979503 0
    outer loop
      vertex 83.2814 10.9642 -81.5
      vertex 83.3763 10 -78.5
      vertex 83.3763 10 -81.5
    endloop
  endfacet
  facet normal 0.986644 0.162894 0
    outer loop
      vertex 83.2814 10.9642 -78.5
      vertex 82.386 16.3876 -81.5
      vertex 82.386 16.3876 -78.5
    endloop
  endfacet
  facet normal 0.986644 0.162894 0
    outer loop
      vertex 82.386 16.3876 -81.5
      vertex 83.2814 10.9642 -78.5
      vertex 83.2814 10.9642 -81.5
    endloop
  endfacet
  facet normal 0.849201 0.52807 0
    outer loop
      vertex 72.7461 42 -78.5
      vertex 69.8434 46.6679 -81.5
      vertex 69.8434 46.6679 -78.5
    endloop
  endfacet
  facet normal 0.849201 0.52807 0
    outer loop
      vertex 69.8434 46.6679 -81.5
      vertex 72.7461 42 -78.5
      vertex 72.7461 42 -81.5
    endloop
  endfacet
  facet normal 0.935909 0.352242 0
    outer loop
      vertex 79.5421 27.0009 -78.5
      vertex 77.6059 32.1454 -81.5
      vertex 77.6059 32.1454 -78.5
    endloop
  endfacet
  facet normal 0.935909 0.352242 0
    outer loop
      vertex 77.6059 32.1454 -81.5
      vertex 79.5421 27.0009 -78.5
      vertex 79.5421 27.0009 -81.5
    endloop
  endfacet
  facet normal -0.910861 -0.412714 0
    outer loop
      vertex -75.3373 -37.1522 -81.5
      vertex -77.6059 -32.1454 -78.5
      vertex -77.6059 -32.1454 -81.5
    endloop
  endfacet
  facet normal -0.910861 -0.412714 0
    outer loop
      vertex -77.6059 -32.1454 -78.5
      vertex -75.3373 -37.1522 -81.5
      vertex -75.3373 -37.1522 -78.5
    endloop
  endfacet
  facet normal 0.973877 0.227078 0
    outer loop
      vertex 82.386 16.3876 -78.5
      vertex 81.1378 21.7408 -81.5
      vertex 81.1378 21.7408 -78.5
    endloop
  endfacet
  facet normal 0.973877 0.227078 0
    outer loop
      vertex 81.1378 21.7408 -81.5
      vertex 82.386 16.3876 -78.5
      vertex 82.386 16.3876 -81.5
    endloop
  endfacet
  facet normal 0.471396 0.881921 -0
    outer loop
      vertex 42 72.7461 -81.5
      vertex 37.1522 75.3373 -78.5
      vertex 42 72.7461 -78.5
    endloop
  endfacet
  facet normal 0.471396 0.881921 0
    outer loop
      vertex 37.1522 75.3373 -78.5
      vertex 42 72.7461 -81.5
      vertex 37.1522 75.3373 -81.5
    endloop
  endfacet
  facet normal 0.352242 -0.935909 0
    outer loop
      vertex 27.0009 -79.5421 -81.5
      vertex 32.1454 -77.6059 -78.5
      vertex 27.0009 -79.5421 -78.5
    endloop
  endfacet
  facet normal 0.352242 -0.935909 0
    outer loop
      vertex 32.1454 -77.6059 -78.5
      vertex 27.0009 -79.5421 -81.5
      vertex 32.1454 -77.6059 -81.5
    endloop
  endfacet
  facet normal -0.881921 0.471396 0
    outer loop
      vertex -75.3373 37.1522 -81.5
      vertex -72.7461 42 -78.5
      vertex -72.7461 42 -81.5
    endloop
  endfacet
  facet normal -0.881921 0.471396 0
    outer loop
      vertex -72.7461 42 -78.5
      vertex -75.3373 37.1522 -81.5
      vertex -75.3373 37.1522 -78.5
    endloop
  endfacet
  facet normal -0.812855 0.582466 0
    outer loop
      vertex -69.8434 46.6679 -81.5
      vertex -66.6417 51.136 -78.5
      vertex -66.6417 51.136 -81.5
    endloop
  endfacet
  facet normal -0.812855 0.582466 0
    outer loop
      vertex -66.6417 51.136 -78.5
      vertex -69.8434 46.6679 -81.5
      vertex -69.8434 46.6679 -78.5
    endloop
  endfacet
  facet normal -0.0327099 -0.999465 0
    outer loop
      vertex -5.49386 -83.8202 -81.5
      vertex 0 -84 -78.5
      vertex -5.49386 -83.8202 -78.5
    endloop
  endfacet
  facet normal -0.0327099 -0.999465 -0
    outer loop
      vertex 0 -84 -78.5
      vertex -5.49386 -83.8202 -81.5
      vertex 0 -84 -81.5
    endloop
  endfacet
  facet normal 0.995191 -0.0979503 0
    outer loop
      vertex 83.2814 -10.9642 -78.5
      vertex 83.3763 -10 -81.5
      vertex 83.3763 -10 -78.5
    endloop
  endfacet
  facet normal 0.995191 -0.0979503 0
    outer loop
      vertex 83.3763 -10 -81.5
      vertex 83.2814 -10.9642 -78.5
      vertex 83.2814 -10.9642 -81.5
    endloop
  endfacet
  facet normal -0.812855 -0.582466 0
    outer loop
      vertex -66.6417 -51.136 -81.5
      vertex -69.8434 -46.6679 -78.5
      vertex -69.8434 -46.6679 -81.5
    endloop
  endfacet
  facet normal -0.812855 -0.582466 0
    outer loop
      vertex -69.8434 -46.6679 -78.5
      vertex -66.6417 -51.136 -81.5
      vertex -66.6417 -51.136 -78.5
    endloop
  endfacet
  facet normal 0.729878 0.683578 0
    outer loop
      vertex 63.1545 55.385 -78.5
      vertex 59.397 59.397 -81.5
      vertex 59.397 59.397 -78.5
    endloop
  endfacet
  facet normal 0.729878 0.683578 0
    outer loop
      vertex 59.397 59.397 -81.5
      vertex 63.1545 55.385 -78.5
      vertex 63.1545 55.385 -81.5
    endloop
  endfacet
  facet normal -0.683578 -0.729878 0
    outer loop
      vertex -59.397 -59.397 -81.5
      vertex -55.385 -63.1545 -78.5
      vertex -59.397 -59.397 -78.5
    endloop
  endfacet
  facet normal -0.683578 -0.729878 -0
    outer loop
      vertex -55.385 -63.1545 -78.5
      vertex -59.397 -59.397 -81.5
      vertex -55.385 -63.1545 -81.5
    endloop
  endfacet
  facet normal -0.729878 -0.683578 0
    outer loop
      vertex -59.397 -59.397 -81.5
      vertex -63.1545 -55.385 -78.5
      vertex -63.1545 -55.385 -81.5
    endloop
  endfacet
  facet normal -0.729878 -0.683578 0
    outer loop
      vertex -63.1545 -55.385 -78.5
      vertex -59.397 -59.397 -81.5
      vertex -59.397 -59.397 -78.5
    endloop
  endfacet
  facet normal 0.956937 0.290296 0
    outer loop
      vertex 81.1378 21.7408 -78.5
      vertex 79.5421 27.0009 -81.5
      vertex 79.5421 27.0009 -78.5
    endloop
  endfacet
  facet normal 0.956937 0.290296 0
    outer loop
      vertex 79.5421 27.0009 -81.5
      vertex 81.1378 21.7408 -78.5
      vertex 81.1378 21.7408 -81.5
    endloop
  endfacet
  facet normal 0.772998 -0.634408 0
    outer loop
      vertex 63.1545 -55.385 -78.5
      vertex 66.6417 -51.136 -81.5
      vertex 66.6417 -51.136 -78.5
    endloop
  endfacet
  facet normal 0.772998 -0.634408 0
    outer loop
      vertex 66.6417 -51.136 -81.5
      vertex 63.1545 -55.385 -78.5
      vertex 63.1545 -55.385 -81.5
    endloop
  endfacet
  facet normal 0.986644 -0.162894 0
    outer loop
      vertex 82.386 -16.3876 -78.5
      vertex 83.2814 -10.9642 -81.5
      vertex 83.2814 -10.9642 -78.5
    endloop
  endfacet
  facet normal 0.986644 -0.162894 0
    outer loop
      vertex 83.2814 -10.9642 -81.5
      vertex 82.386 -16.3876 -78.5
      vertex 82.386 -16.3876 -81.5
    endloop
  endfacet
  facet normal -0.973877 -0.227078 0
    outer loop
      vertex -81.1378 -21.7408 -81.5
      vertex -82.386 -16.3876 -78.5
      vertex -82.386 -16.3876 -81.5
    endloop
  endfacet
  facet normal -0.973877 -0.227078 0
    outer loop
      vertex -82.386 -16.3876 -78.5
      vertex -81.1378 -21.7408 -81.5
      vertex -81.1378 -21.7408 -78.5
    endloop
  endfacet
  facet normal 0.290296 -0.956937 0
    outer loop
      vertex 21.7408 -81.1378 -81.5
      vertex 27.0009 -79.5421 -78.5
      vertex 21.7408 -81.1378 -78.5
    endloop
  endfacet
  facet normal 0.290296 -0.956937 0
    outer loop
      vertex 27.0009 -79.5421 -78.5
      vertex 21.7408 -81.1378 -81.5
      vertex 27.0009 -79.5421 -81.5
    endloop
  endfacet
  facet normal 0.0327099 -0.999465 0
    outer loop
      vertex 0 -84 -81.5
      vertex 5.49386 -83.8202 -78.5
      vertex 0 -84 -78.5
    endloop
  endfacet
  facet normal 0.0327099 -0.999465 0
    outer loop
      vertex 5.49386 -83.8202 -78.5
      vertex 0 -84 -81.5
      vertex 5.49386 -83.8202 -81.5
    endloop
  endfacet
  facet normal -0.162894 0.986644 0
    outer loop
      vertex -10.9642 83.2814 -81.5
      vertex -16.3876 82.386 -78.5
      vertex -10.9642 83.2814 -78.5
    endloop
  endfacet
  facet normal -0.162894 0.986644 0
    outer loop
      vertex -16.3876 82.386 -78.5
      vertex -10.9642 83.2814 -81.5
      vertex -16.3876 82.386 -81.5
    endloop
  endfacet
  facet normal 0.352242 0.935909 -0
    outer loop
      vertex 32.1454 77.6059 -81.5
      vertex 27.0009 79.5421 -78.5
      vertex 32.1454 77.6059 -78.5
    endloop
  endfacet
  facet normal 0.352242 0.935909 0
    outer loop
      vertex 27.0009 79.5421 -78.5
      vertex 32.1454 77.6059 -81.5
      vertex 27.0009 79.5421 -81.5
    endloop
  endfacet
  facet normal -0.935909 -0.352242 0
    outer loop
      vertex -77.6059 -32.1454 -81.5
      vertex -79.5421 -27.0009 -78.5
      vertex -79.5421 -27.0009 -81.5
    endloop
  endfacet
  facet normal -0.935909 -0.352242 0
    outer loop
      vertex -79.5421 -27.0009 -78.5
      vertex -77.6059 -32.1454 -81.5
      vertex -77.6059 -32.1454 -78.5
    endloop
  endfacet
  facet normal 0.634408 0.772998 -0
    outer loop
      vertex 55.385 63.1545 -81.5
      vertex 51.136 66.6417 -78.5
      vertex 55.385 63.1545 -78.5
    endloop
  endfacet
  facet normal 0.634408 0.772998 0
    outer loop
      vertex 51.136 66.6417 -78.5
      vertex 55.385 63.1545 -81.5
      vertex 51.136 66.6417 -81.5
    endloop
  endfacet
  facet normal -0.729878 0.683578 0
    outer loop
      vertex -63.1545 55.385 -81.5
      vertex -59.397 59.397 -78.5
      vertex -59.397 59.397 -81.5
    endloop
  endfacet
  facet normal -0.729878 0.683578 0
    outer loop
      vertex -59.397 59.397 -78.5
      vertex -63.1545 55.385 -81.5
      vertex -63.1545 55.385 -78.5
    endloop
  endfacet
  facet normal 0.471396 -0.881921 0
    outer loop
      vertex 37.1522 -75.3373 -81.5
      vertex 42 -72.7461 -78.5
      vertex 37.1522 -75.3373 -78.5
    endloop
  endfacet
  facet normal 0.471396 -0.881921 0
    outer loop
      vertex 42 -72.7461 -78.5
      vertex 37.1522 -75.3373 -81.5
      vertex 42 -72.7461 -81.5
    endloop
  endfacet
  facet normal -0.995191 -0.0979503 0
    outer loop
      vertex -83.2814 -10.9642 -81.5
      vertex -83.3763 -10 -78.5
      vertex -83.3763 -10 -81.5
    endloop
  endfacet
  facet normal -0.995191 -0.0979503 0
    outer loop
      vertex -83.3763 -10 -78.5
      vertex -83.2814 -10.9642 -81.5
      vertex -83.2814 -10.9642 -78.5
    endloop
  endfacet
  facet normal 0.910861 0.412714 0
    outer loop
      vertex 77.6059 32.1454 -78.5
      vertex 75.3373 37.1522 -81.5
      vertex 75.3373 37.1522 -78.5
    endloop
  endfacet
  facet normal 0.910861 0.412714 0
    outer loop
      vertex 75.3373 37.1522 -81.5
      vertex 77.6059 32.1454 -78.5
      vertex 77.6059 32.1454 -81.5
    endloop
  endfacet
  facet normal 0.412714 0.910861 -0
    outer loop
      vertex 37.1522 75.3373 -81.5
      vertex 32.1454 77.6059 -78.5
      vertex 37.1522 75.3373 -78.5
    endloop
  endfacet
  facet normal 0.412714 0.910861 0
    outer loop
      vertex 32.1454 77.6059 -78.5
      vertex 37.1522 75.3373 -81.5
      vertex 32.1454 77.6059 -81.5
    endloop
  endfacet
  facet normal 0.162894 0.986644 -0
    outer loop
      vertex 16.3876 82.386 -81.5
      vertex 10.9642 83.2814 -78.5
      vertex 16.3876 82.386 -78.5
    endloop
  endfacet
  facet normal 0.162894 0.986644 0
    outer loop
      vertex 10.9642 83.2814 -78.5
      vertex 16.3876 82.386 -81.5
      vertex 10.9642 83.2814 -81.5
    endloop
  endfacet
  facet normal 0.162894 -0.986644 0
    outer loop
      vertex 10.9642 -83.2814 -81.5
      vertex 16.3876 -82.386 -78.5
      vertex 10.9642 -83.2814 -78.5
    endloop
  endfacet
  facet normal 0.162894 -0.986644 0
    outer loop
      vertex 16.3876 -82.386 -78.5
      vertex 10.9642 -83.2814 -81.5
      vertex 16.3876 -82.386 -81.5
    endloop
  endfacet
  facet normal 0.683578 -0.729878 0
    outer loop
      vertex 55.385 -63.1545 -81.5
      vertex 59.397 -59.397 -78.5
      vertex 55.385 -63.1545 -78.5
    endloop
  endfacet
  facet normal 0.683578 -0.729878 0
    outer loop
      vertex 59.397 -59.397 -78.5
      vertex 55.385 -63.1545 -81.5
      vertex 59.397 -59.397 -81.5
    endloop
  endfacet
  facet normal -0.986644 -0.162894 0
    outer loop
      vertex -82.386 -16.3876 -81.5
      vertex -83.2814 -10.9642 -78.5
      vertex -83.2814 -10.9642 -81.5
    endloop
  endfacet
  facet normal -0.986644 -0.162894 0
    outer loop
      vertex -83.2814 -10.9642 -78.5
      vertex -82.386 -16.3876 -81.5
      vertex -82.386 -16.3876 -78.5
    endloop
  endfacet
  facet normal -0.471396 -0.881921 0
    outer loop
      vertex -42 -72.7461 -81.5
      vertex -37.1522 -75.3373 -78.5
      vertex -42 -72.7461 -78.5
    endloop
  endfacet
  facet normal -0.471396 -0.881921 -0
    outer loop
      vertex -37.1522 -75.3373 -78.5
      vertex -42 -72.7461 -81.5
      vertex -37.1522 -75.3373 -81.5
    endloop
  endfacet
  facet normal -0.683578 0.729878 0
    outer loop
      vertex -55.385 63.1545 -81.5
      vertex -59.397 59.397 -78.5
      vertex -55.385 63.1545 -78.5
    endloop
  endfacet
  facet normal -0.683578 0.729878 0
    outer loop
      vertex -59.397 59.397 -78.5
      vertex -55.385 63.1545 -81.5
      vertex -59.397 59.397 -81.5
    endloop
  endfacet
  facet normal 0.227078 -0.973877 0
    outer loop
      vertex 16.3876 -82.386 -81.5
      vertex 21.7408 -81.1378 -78.5
      vertex 16.3876 -82.386 -78.5
    endloop
  endfacet
  facet normal 0.227078 -0.973877 0
    outer loop
      vertex 21.7408 -81.1378 -78.5
      vertex 16.3876 -82.386 -81.5
      vertex 21.7408 -81.1378 -81.5
    endloop
  endfacet
  facet normal -0.412714 0.910861 0
    outer loop
      vertex -32.1454 77.6059 -81.5
      vertex -37.1522 75.3373 -78.5
      vertex -32.1454 77.6059 -78.5
    endloop
  endfacet
  facet normal -0.412714 0.910861 0
    outer loop
      vertex -37.1522 75.3373 -78.5
      vertex -32.1454 77.6059 -81.5
      vertex -37.1522 75.3373 -81.5
    endloop
  endfacet
  facet normal 0.772998 0.634408 0
    outer loop
      vertex 66.6417 51.136 -78.5
      vertex 63.1545 55.385 -81.5
      vertex 63.1545 55.385 -78.5
    endloop
  endfacet
  facet normal 0.772998 0.634408 0
    outer loop
      vertex 63.1545 55.385 -81.5
      vertex 66.6417 51.136 -78.5
      vertex 66.6417 51.136 -81.5
    endloop
  endfacet
  facet normal -0.582466 0.812855 0
    outer loop
      vertex -46.6679 69.8434 -81.5
      vertex -51.136 66.6417 -78.5
      vertex -46.6679 69.8434 -78.5
    endloop
  endfacet
  facet normal -0.582466 0.812855 0
    outer loop
      vertex -51.136 66.6417 -78.5
      vertex -46.6679 69.8434 -81.5
      vertex -51.136 66.6417 -81.5
    endloop
  endfacet
  facet normal 0.973877 -0.227078 0
    outer loop
      vertex 81.1378 -21.7408 -78.5
      vertex 82.386 -16.3876 -81.5
      vertex 82.386 -16.3876 -78.5
    endloop
  endfacet
  facet normal 0.973877 -0.227078 0
    outer loop
      vertex 82.386 -16.3876 -81.5
      vertex 81.1378 -21.7408 -78.5
      vertex 81.1378 -21.7408 -81.5
    endloop
  endfacet
  facet normal 0.881921 0.471396 0
    outer loop
      vertex 75.3373 37.1522 -78.5
      vertex 72.7461 42 -81.5
      vertex 72.7461 42 -78.5
    endloop
  endfacet
  facet normal 0.881921 0.471396 0
    outer loop
      vertex 72.7461 42 -81.5
      vertex 75.3373 37.1522 -78.5
      vertex 75.3373 37.1522 -81.5
    endloop
  endfacet
  facet normal 0.812855 0.582466 0
    outer loop
      vertex 69.8434 46.6679 -78.5
      vertex 66.6417 51.136 -81.5
      vertex 66.6417 51.136 -78.5
    endloop
  endfacet
  facet normal 0.812855 0.582466 0
    outer loop
      vertex 66.6417 51.136 -81.5
      vertex 69.8434 46.6679 -78.5
      vertex 69.8434 46.6679 -81.5
    endloop
  endfacet
  facet normal 0.0980205 0.995184 -0
    outer loop
      vertex 10.9642 83.2814 -81.5
      vertex 5.49386 83.8202 -78.5
      vertex 10.9642 83.2814 -78.5
    endloop
  endfacet
  facet normal 0.0980205 0.995184 0
    outer loop
      vertex 5.49386 83.8202 -78.5
      vertex 10.9642 83.2814 -81.5
      vertex 5.49386 83.8202 -81.5
    endloop
  endfacet
  facet normal -0.290296 -0.956937 0
    outer loop
      vertex -27.0009 -79.5421 -81.5
      vertex -21.7408 -81.1378 -78.5
      vertex -27.0009 -79.5421 -78.5
    endloop
  endfacet
  facet normal -0.290296 -0.956937 -0
    outer loop
      vertex -21.7408 -81.1378 -78.5
      vertex -27.0009 -79.5421 -81.5
      vertex -21.7408 -81.1378 -81.5
    endloop
  endfacet
  facet normal -0.582466 -0.812855 0
    outer loop
      vertex -51.136 -66.6417 -81.5
      vertex -46.6679 -69.8434 -78.5
      vertex -51.136 -66.6417 -78.5
    endloop
  endfacet
  facet normal -0.582466 -0.812855 -0
    outer loop
      vertex -46.6679 -69.8434 -78.5
      vertex -51.136 -66.6417 -81.5
      vertex -46.6679 -69.8434 -81.5
    endloop
  endfacet
  facet normal 0.683578 0.729878 -0
    outer loop
      vertex 59.397 59.397 -81.5
      vertex 55.385 63.1545 -78.5
      vertex 59.397 59.397 -78.5
    endloop
  endfacet
  facet normal 0.683578 0.729878 0
    outer loop
      vertex 55.385 63.1545 -78.5
      vertex 59.397 59.397 -81.5
      vertex 55.385 63.1545 -81.5
    endloop
  endfacet
  facet normal 0.412714 -0.910861 0
    outer loop
      vertex 32.1454 -77.6059 -81.5
      vertex 37.1522 -75.3373 -78.5
      vertex 32.1454 -77.6059 -78.5
    endloop
  endfacet
  facet normal 0.412714 -0.910861 0
    outer loop
      vertex 37.1522 -75.3373 -78.5
      vertex 32.1454 -77.6059 -81.5
      vertex 37.1522 -75.3373 -81.5
    endloop
  endfacet
  facet normal -0.849201 0.52807 0
    outer loop
      vertex -72.7461 42 -81.5
      vertex -69.8434 46.6679 -78.5
      vertex -69.8434 46.6679 -81.5
    endloop
  endfacet
  facet normal -0.849201 0.52807 0
    outer loop
      vertex -69.8434 46.6679 -78.5
      vertex -72.7461 42 -81.5
      vertex -72.7461 42 -78.5
    endloop
  endfacet
  facet normal 0 0 -1
    outer loop
      vertex 73.3693 -10 -81.5
      vertex 83.2814 -10.9642 -81.5
      vertex 82.386 -16.3876 -81.5
    endloop
  endfacet
  facet normal 0 0 -1
    outer loop
      vertex 73.3693 -10 -81.5
      vertex 82.386 -16.3876 -81.5
      vertex 81.1378 -21.7408 -81.5
    endloop
  endfacet
  facet normal 0 0 -1
    outer loop
      vertex 73.3693 -10 -81.5
      vertex 81.1378 -21.7408 -81.5
      vertex 79.5421 -27.0009 -81.5
    endloop
  endfacet
  facet normal 0 0 -1
    outer loop
      vertex 55 -14 -81.5
      vertex 79.5421 -27.0009 -81.5
      vertex 77.6059 -32.1454 -81.5
    endloop
  endfacet
  facet normal 0 0 -1
    outer loop
      vertex 55 -14 -81.5
      vertex 77.6059 -32.1454 -81.5
      vertex 75.3373 -37.1522 -81.5
    endloop
  endfacet
  facet normal 0 0 -1
    outer loop
      vertex 83.2814 -10.9642 -81.5
      vertex 73.3693 -10 -81.5
      vertex 83.3763 -10 -81.5
    endloop
  endfacet
  facet normal 0 0 -1
    outer loop
      vertex 79.5421 -27.0009 -81.5
      vertex 55 -14 -81.5
      vertex 73.3693 -10 -81.5
    endloop
  endfacet
  facet normal 0 0 -1
    outer loop
      vertex 55 -14 -81.5
      vertex 75.3373 -37.1522 -81.5
      vertex 72.7461 -42 -81.5
    endloop
  endfacet
  facet normal 0 0 -1
    outer loop
      vertex 73.3693 10 -81.5
      vertex 83.2814 10.9642 -81.5
      vertex 83.3763 10 -81.5
    endloop
  endfacet
  facet normal -0 0 -1
    outer loop
      vertex 83.2814 10.9642 -81.5
      vertex 73.3693 10 -81.5
      vertex 82.386 16.3876 -81.5
    endloop
  endfacet
  facet normal -0 0 -1
    outer loop
      vertex 82.386 16.3876 -81.5
      vertex 73.3693 10 -81.5
      vertex 81.1378 21.7408 -81.5
    endloop
  endfacet
  facet normal -0 0 -1
    outer loop
      vertex 81.1378 21.7408 -81.5
      vertex 73.3693 10 -81.5
      vertex 79.5421 27.0009 -81.5
    endloop
  endfacet
  facet normal 0 0 -1
    outer loop
      vertex 55 14 -81.5
      vertex 79.5421 27.0009 -81.5
      vertex 73.3693 10 -81.5
    endloop
  endfacet
  facet normal -0 0 -1
    outer loop
      vertex 79.5421 27.0009 -81.5
      vertex 55 14 -81.5
      vertex 77.6059 32.1454 -81.5
    endloop
  endfacet
  facet normal -0 0 -1
    outer loop
      vertex 77.6059 32.1454 -81.5
      vertex 55 14 -81.5
      vertex 75.3373 37.1522 -81.5
    endloop
  endfacet
  facet normal -0 0 -1
    outer loop
      vertex 73.3693 -10 -81.5
      vertex 55 -14 -81.5
      vertex 73.3693 10 -81.5
    endloop
  endfacet
  facet normal 0 0 -1
    outer loop
      vertex 38.9711 -22.5 -81.5
      vertex 72.7461 -42 -81.5
      vertex 69.8434 -46.6679 -81.5
    endloop
  endfacet
  facet normal 0 0 -1
    outer loop
      vertex 55 14 -81.5
      vertex 73.3693 10 -81.5
      vertex 55 -14 -81.5
    endloop
  endfacet
  facet normal 0 0 -1
    outer loop
      vertex 37.4161 -25.0007 -81.5
      vertex 69.8434 -46.6679 -81.5
      vertex 66.6417 -51.136 -81.5
    endloop
  endfacet
  facet normal -0 0 -1
    outer loop
      vertex 75.3373 37.1522 -81.5
      vertex 55 14 -81.5
      vertex 72.7461 42 -81.5
    endloop
  endfacet
  facet normal 0 0 -1
    outer loop
      vertex 35.7009 -27.3943 -81.5
      vertex 66.6417 -51.136 -81.5
      vertex 63.1545 -55.385 -81.5
    endloop
  endfacet
  facet normal 0 0 -1
    outer loop
      vertex 38.9711 22.5 -81.5
      vertex 72.7461 42 -81.5
      vertex 55 14 -81.5
    endloop
  endfacet
  facet normal 0 0 -1
    outer loop
      vertex 33.8328 -29.6706 -81.5
      vertex 63.1545 -55.385 -81.5
      vertex 59.397 -59.397 -81.5
    endloop
  endfacet
  facet normal -0 0 -1
    outer loop
      vertex 72.7461 42 -81.5
      vertex 38.9711 22.5 -81.5
      vertex 69.8434 46.6679 -81.5
    endloop
  endfacet
  facet normal 0 0 -1
    outer loop
      vertex 31.8198 -31.8198 -81.5
      vertex 59.397 -59.397 -81.5
      vertex 55.385 -63.1545 -81.5
    endloop
  endfacet
  facet normal 0 0 -1
    outer loop
      vertex 37.4161 25.0007 -81.5
      vertex 69.8434 46.6679 -81.5
      vertex 38.9711 22.5 -81.5
    endloop
  endfacet
  facet normal 0 0 -1
    outer loop
      vertex 35.7009 27.3943 -81.5
      vertex 66.6417 51.136 -81.5
      vertex 37.4161 25.0007 -81.5
    endloop
  endfacet
  facet normal 0 0 -1
    outer loop
      vertex 29.6706 -33.8328 -81.5
      vertex 55.385 -63.1545 -81.5
      vertex 51.136 -66.6417 -81.5
    endloop
  endfacet
  facet normal 0 0 -1
    outer loop
      vertex 27.3943 -35.7009 -81.5
      vertex 51.136 -66.6417 -81.5
      vertex 46.6679 -69.8434 -81.5
    endloop
  endfacet
  facet normal 0 0 -1
    outer loop
      vertex 69.8434 -46.6679 -81.5
      vertex 37.4161 -25.0007 -81.5
      vertex 38.9711 -22.5 -81.5
    endloop
  endfacet
  facet normal -0 0 -1
    outer loop
      vertex 55 -14 -81.5
      vertex 42.6119 -14.4648 -81.5
      vertex 42.7528 -14 -81.5
    endloop
  endfacet
  facet normal 0 0 -1
    outer loop
      vertex 17.5 -56 -81.5
      vertex 46.6679 -69.8434 -81.5
      vertex 42 -72.7461 -81.5
    endloop
  endfacet
  facet normal 0 0 -1
    outer loop
      vertex 55 -14 -81.5
      vertex 41.5746 -17.2208 -81.5
      vertex 42.6119 -14.4648 -81.5
    endloop
  endfacet
  facet normal 0 0 -1
    outer loop
      vertex 55 -14 -81.5
      vertex 40.3593 -19.903 -81.5
      vertex 41.5746 -17.2208 -81.5
    endloop
  endfacet
  facet normal 0 0 -1
    outer loop
      vertex 55 -14 -81.5
      vertex 38.9711 -22.5 -81.5
      vertex 40.3593 -19.903 -81.5
    endloop
  endfacet
  facet normal 0 0 -1
    outer loop
      vertex 72.7461 -42 -81.5
      vertex 38.9711 -22.5 -81.5
      vertex 55 -14 -81.5
    endloop
  endfacet
  facet normal 0 0 -1
    outer loop
      vertex 17.5 -56 -81.5
      vertex 42 -72.7461 -81.5
      vertex 37.1522 -75.3373 -81.5
    endloop
  endfacet
  facet normal 0 0 -1
    outer loop
      vertex 66.6417 -51.136 -81.5
      vertex 35.7009 -27.3943 -81.5
      vertex 37.4161 -25.0007 -81.5
    endloop
  endfacet
  facet normal 0 0 -1
    outer loop
      vertex 63.1545 -55.385 -81.5
      vertex 33.8328 -29.6706 -81.5
      vertex 35.7009 -27.3943 -81.5
    endloop
  endfacet
  facet normal 0 0 -1
    outer loop
      vertex 17.5 -56 -81.5
      vertex 37.1522 -75.3373 -81.5
      vertex 32.1454 -77.6059 -81.5
    endloop
  endfacet
  facet normal 0 0 -1
    outer loop
      vertex 59.397 -59.397 -81.5
      vertex 31.8198 -31.8198 -81.5
      vertex 33.8328 -29.6706 -81.5
    endloop
  endfacet
  facet normal 0 0 -1
    outer loop
      vertex 55.385 -63.1545 -81.5
      vertex 29.6706 -33.8328 -81.5
      vertex 31.8198 -31.8198 -81.5
    endloop
  endfacet
  facet normal 0 0 -1
    outer loop
      vertex 51.136 -66.6417 -81.5
      vertex 27.3943 -35.7009 -81.5
      vertex 29.6706 -33.8328 -81.5
    endloop
  endfacet
  facet normal 0 0 -1
    outer loop
      vertex 17.5 -56 -81.5
      vertex 32.1454 -77.6059 -81.5
      vertex 27.0009 -79.5421 -81.5
    endloop
  endfacet
  facet normal 0 0 -1
    outer loop
      vertex 46.6679 -69.8434 -81.5
      vertex 17.5 -56 -81.5
      vertex 25.0007 -37.4161 -81.5
    endloop
  endfacet
  facet normal 0 0 -1
    outer loop
      vertex 46.6679 -69.8434 -81.5
      vertex 25.0007 -37.4161 -81.5
      vertex 27.3943 -35.7009 -81.5
    endloop
  endfacet
  facet normal 0 0 -1
    outer loop
      vertex 17.5 -56 -81.5
      vertex 27.0009 -79.5421 -81.5
      vertex 21.7408 -81.1378 -81.5
    endloop
  endfacet
  facet normal 0 0 -1
    outer loop
      vertex 25.0007 -37.4161 -81.5
      vertex 17.5 -56 -81.5
      vertex 22.5 -38.9711 -81.5
    endloop
  endfacet
  facet normal 0 0 -1
    outer loop
      vertex 22.5 -38.9711 -81.5
      vertex 17.5 -56 -81.5
      vertex 19.903 -40.3593 -81.5
    endloop
  endfacet
  facet normal 0 0 -1
    outer loop
      vertex 16.3876 -82.386 -81.5
      vertex 17.5 -56 -81.5
      vertex 21.7408 -81.1378 -81.5
    endloop
  endfacet
  facet normal 0 0 -1
    outer loop
      vertex 10.9642 -83.2814 -81.5
      vertex 17.5 -56 -81.5
      vertex 16.3876 -82.386 -81.5
    endloop
  endfacet
  facet normal 0 0 -1
    outer loop
      vertex 5.49386 -83.8202 -81.5
      vertex 17.5 -56 -81.5
      vertex 10.9642 -83.2814 -81.5
    endloop
  endfacet
  facet normal 0 0 -1
    outer loop
      vertex 0 -84 -81.5
      vertex 17.5 -56 -81.5
      vertex 5.49386 -83.8202 -81.5
    endloop
  endfacet
  facet normal 0 0 -1
    outer loop
      vertex -17.5 -56 -81.5
      vertex 0 -84 -81.5
      vertex -5.49386 -83.8202 -81.5
    endloop
  endfacet
  facet normal 0 0 -1
    outer loop
      vertex -17.5 -56 -81.5
      vertex -5.49386 -83.8202 -81.5
      vertex -10.9642 -83.2814 -81.5
    endloop
  endfacet
  facet normal 0 0 -1
    outer loop
      vertex -17.5 -56 -81.5
      vertex -10.9642 -83.2814 -81.5
      vertex -16.3876 -82.386 -81.5
    endloop
  endfacet
  facet normal 0 0 -1
    outer loop
      vertex 0 -84 -81.5
      vertex -17.5 -56 -81.5
      vertex 17.5 -56 -81.5
    endloop
  endfacet
  facet normal 0 0 -1
    outer loop
      vertex -17.5 -56 -81.5
      vertex -19.903 -40.3593 -81.5
      vertex -17.5 -41.4481 -81.5
    endloop
  endfacet
  facet normal 0 0 -1
    outer loop
      vertex -21.7408 -81.1378 -81.5
      vertex -17.5 -56 -81.5
      vertex -16.3876 -82.386 -81.5
    endloop
  endfacet
  facet normal 0 0 -1
    outer loop
      vertex -27.0009 -79.5421 -81.5
      vertex -17.5 -56 -81.5
      vertex -21.7408 -81.1378 -81.5
    endloop
  endfacet
  facet normal 0 0 -1
    outer loop
      vertex -32.1454 -77.6059 -81.5
      vertex -17.5 -56 -81.5
      vertex -27.0009 -79.5421 -81.5
    endloop
  endfacet
  facet normal 0 0 -1
    outer loop
      vertex -37.1522 -75.3373 -81.5
      vertex -17.5 -56 -81.5
      vertex -32.1454 -77.6059 -81.5
    endloop
  endfacet
  facet normal 0 0 -1
    outer loop
      vertex -42 -72.7461 -81.5
      vertex -17.5 -56 -81.5
      vertex -37.1522 -75.3373 -81.5
    endloop
  endfacet
  facet normal 0 0 -1
    outer loop
      vertex -17.5 -56 -81.5
      vertex -22.5 -38.9711 -81.5
      vertex -19.903 -40.3593 -81.5
    endloop
  endfacet
  facet normal 0 0 -1
    outer loop
      vertex -46.6679 -69.8434 -81.5
      vertex -17.5 -56 -81.5
      vertex -42 -72.7461 -81.5
    endloop
  endfacet
  facet normal 0 0 -1
    outer loop
      vertex -17.5 -56 -81.5
      vertex -25.0007 -37.4161 -81.5
      vertex -22.5 -38.9711 -81.5
    endloop
  endfacet
  facet normal -0 0 -1
    outer loop
      vertex -17.5 -56 -81.5
      vertex -46.6679 -69.8434 -81.5
      vertex -25.0007 -37.4161 -81.5
    endloop
  endfacet
  facet normal -0 0 -1
    outer loop
      vertex -25.0007 -37.4161 -81.5
      vertex -46.6679 -69.8434 -81.5
      vertex -27.3943 -35.7009 -81.5
    endloop
  endfacet
  facet normal 0 0 -1
    outer loop
      vertex -51.136 -66.6417 -81.5
      vertex -27.3943 -35.7009 -81.5
      vertex -46.6679 -69.8434 -81.5
    endloop
  endfacet
  facet normal -0 0 -1
    outer loop
      vertex -27.3943 -35.7009 -81.5
      vertex -51.136 -66.6417 -81.5
      vertex -29.6706 -33.8328 -81.5
    endloop
  endfacet
  facet normal 0 0 -1
    outer loop
      vertex -55.385 -63.1545 -81.5
      vertex -29.6706 -33.8328 -81.5
      vertex -51.136 -66.6417 -81.5
    endloop
  endfacet
  facet normal -0 0 -1
    outer loop
      vertex -29.6706 -33.8328 -81.5
      vertex -55.385 -63.1545 -81.5
      vertex -31.8198 -31.8198 -81.5
    endloop
  endfacet
  facet normal 0 0 -1
    outer loop
      vertex -59.397 -59.397 -81.5
      vertex -31.8198 -31.8198 -81.5
      vertex -55.385 -63.1545 -81.5
    endloop
  endfacet
  facet normal -0 0 -1
    outer loop
      vertex -31.8198 -31.8198 -81.5
      vertex -59.397 -59.397 -81.5
      vertex -33.8328 -29.6706 -81.5
    endloop
  endfacet
  facet normal 0 0 -1
    outer loop
      vertex -63.1545 -55.385 -81.5
      vertex -33.8328 -29.6706 -81.5
      vertex -59.397 -59.397 -81.5
    endloop
  endfacet
  facet normal -0 0 -1
    outer loop
      vertex -33.8328 -29.6706 -81.5
      vertex -63.1545 -55.385 -81.5
      vertex -35.7009 -27.3943 -81.5
    endloop
  endfacet
  facet normal 0 0 -1
    outer loop
      vertex -66.6417 -51.136 -81.5
      vertex -35.7009 -27.3943 -81.5
      vertex -63.1545 -55.385 -81.5
    endloop
  endfacet
  facet normal -0 0 -1
    outer loop
      vertex -35.7009 -27.3943 -81.5
      vertex -66.6417 -51.136 -81.5
      vertex -37.4161 -25.0007 -81.5
    endloop
  endfacet
  facet normal 0 0 -1
    outer loop
      vertex -69.8434 -46.6679 -81.5
      vertex -37.4161 -25.0007 -81.5
      vertex -66.6417 -51.136 -81.5
    endloop
  endfacet
  facet normal -0 0 -1
    outer loop
      vertex -37.4161 -25.0007 -81.5
      vertex -69.8434 -46.6679 -81.5
      vertex -38.9711 -22.5 -81.5
    endloop
  endfacet
  facet normal 0 0 -1
    outer loop
      vertex -38.9711 -22.5 -81.5
      vertex -55 -14 -81.5
      vertex -40.3593 -19.903 -81.5
    endloop
  endfacet
  facet normal 0 0 -1
    outer loop
      vertex -72.7461 -42 -81.5
      vertex -38.9711 -22.5 -81.5
      vertex -69.8434 -46.6679 -81.5
    endloop
  endfacet
  facet normal 0 0 -1
    outer loop
      vertex -79.5421 27.0009 -81.5
      vertex -55 14 -81.5
      vertex -73.3693 10 -81.5
    endloop
  endfacet
  facet normal 0 0 -1
    outer loop
      vertex -55 14 -81.5
      vertex -75.3373 37.1522 -81.5
      vertex -72.7461 42 -81.5
    endloop
  endfacet
  facet normal 0 0 -1
    outer loop
      vertex -55 14 -81.5
      vertex -77.6059 32.1454 -81.5
      vertex -75.3373 37.1522 -81.5
    endloop
  endfacet
  facet normal 0 0 -1
    outer loop
      vertex -55 14 -81.5
      vertex -79.5421 27.0009 -81.5
      vertex -77.6059 32.1454 -81.5
    endloop
  endfacet
  facet normal 0 0 -1
    outer loop
      vertex -73.3693 10 -81.5
      vertex -81.1378 21.7408 -81.5
      vertex -79.5421 27.0009 -81.5
    endloop
  endfacet
  facet normal 0 0 -1
    outer loop
      vertex -73.3693 10 -81.5
      vertex -82.386 16.3876 -81.5
      vertex -81.1378 21.7408 -81.5
    endloop
  endfacet
  facet normal 0 0 -1
    outer loop
      vertex -73.3693 10 -81.5
      vertex -83.2814 10.9642 -81.5
      vertex -82.386 16.3876 -81.5
    endloop
  endfacet
  facet normal 0 -0 -1
    outer loop
      vertex -83.2814 10.9642 -81.5
      vertex -73.3693 10 -81.5
      vertex -83.3763 10 -81.5
    endloop
  endfacet
  facet normal -0 0 -1
    outer loop
      vertex 66.6417 51.136 -81.5
      vertex 35.7009 27.3943 -81.5
      vertex 63.1545 55.385 -81.5
    endloop
  endfacet
  facet normal 0 0 -1
    outer loop
      vertex 33.8328 29.6706 -81.5
      vertex 63.1545 55.385 -81.5
      vertex 35.7009 27.3943 -81.5
    endloop
  endfacet
  facet normal -0 0 -1
    outer loop
      vertex 63.1545 55.385 -81.5
      vertex 33.8328 29.6706 -81.5
      vertex 59.397 59.397 -81.5
    endloop
  endfacet
  facet normal 0 0 -1
    outer loop
      vertex 42.6119 14.4648 -81.5
      vertex 55 14 -81.5
      vertex 42.7528 14 -81.5
    endloop
  endfacet
  facet normal 0 0 -1
    outer loop
      vertex 41.5746 17.2208 -81.5
      vertex 55 14 -81.5
      vertex 42.6119 14.4648 -81.5
    endloop
  endfacet
  facet normal 0 0 -1
    outer loop
      vertex 40.3593 19.903 -81.5
      vertex 55 14 -81.5
      vertex 41.5746 17.2208 -81.5
    endloop
  endfacet
  facet normal 0 0 -1
    outer loop
      vertex 38.9711 22.5 -81.5
      vertex 55 14 -81.5
      vertex 40.3593 19.903 -81.5
    endloop
  endfacet
  facet normal -0 0 -1
    outer loop
      vertex 69.8434 46.6679 -81.5
      vertex 37.4161 25.0007 -81.5
      vertex 66.6417 51.136 -81.5
    endloop
  endfacet
  facet normal 0 0 -1
    outer loop
      vertex 31.8198 31.8198 -81.5
      vertex 59.397 59.397 -81.5
      vertex 33.8328 29.6706 -81.5
    endloop
  endfacet
  facet normal -0 0 -1
    outer loop
      vertex 59.397 59.397 -81.5
      vertex 31.8198 31.8198 -81.5
      vertex 55.385 63.1545 -81.5
    endloop
  endfacet
  facet normal 0 0 -1
    outer loop
      vertex 29.6706 33.8328 -81.5
      vertex 55.385 63.1545 -81.5
      vertex 31.8198 31.8198 -81.5
    endloop
  endfacet
  facet normal -0 0 -1
    outer loop
      vertex 55.385 63.1545 -81.5
      vertex 29.6706 33.8328 -81.5
      vertex 51.136 66.6417 -81.5
    endloop
  endfacet
  facet normal 0 0 -1
    outer loop
      vertex 27.3943 35.7009 -81.5
      vertex 51.136 66.6417 -81.5
      vertex 29.6706 33.8328 -81.5
    endloop
  endfacet
  facet normal -0 0 -1
    outer loop
      vertex 51.136 66.6417 -81.5
      vertex 27.3943 35.7009 -81.5
      vertex 46.6679 69.8434 -81.5
    endloop
  endfacet
  facet normal 0 0 -1
    outer loop
      vertex 25.0007 37.4161 -81.5
      vertex 46.6679 69.8434 -81.5
      vertex 27.3943 35.7009 -81.5
    endloop
  endfacet
  facet normal -0 0 -1
    outer loop
      vertex 46.6679 69.8434 -81.5
      vertex 25.0007 37.4161 -81.5
      vertex 42 72.7461 -81.5
    endloop
  endfacet
  facet normal 0 0 -1
    outer loop
      vertex 22.5 38.9711 -81.5
      vertex 42 72.7461 -81.5
      vertex 25.0007 37.4161 -81.5
    endloop
  endfacet
  facet normal -0 0 -1
    outer loop
      vertex 42 72.7461 -81.5
      vertex 22.5 38.9711 -81.5
      vertex 37.1522 75.3373 -81.5
    endloop
  endfacet
  facet normal 0 0 -1
    outer loop
      vertex 19.903 40.3593 -81.5
      vertex 37.1522 75.3373 -81.5
      vertex 22.5 38.9711 -81.5
    endloop
  endfacet
  facet normal -0 0 -1
    outer loop
      vertex 37.1522 75.3373 -81.5
      vertex 19.903 40.3593 -81.5
      vertex 32.1454 77.6059 -81.5
    endloop
  endfacet
  facet normal 0 0 -1
    outer loop
      vertex 17.2208 41.5746 -81.5
      vertex 32.1454 77.6059 -81.5
      vertex 19.903 40.3593 -81.5
    endloop
  endfacet
  facet normal -0 0 -1
    outer loop
      vertex 32.1454 77.6059 -81.5
      vertex 17.2208 41.5746 -81.5
      vertex 27.0009 79.5421 -81.5
    endloop
  endfacet
  facet normal 0 0 -1
    outer loop
      vertex 14.4648 42.6119 -81.5
      vertex 27.0009 79.5421 -81.5
      vertex 17.2208 41.5746 -81.5
    endloop
  endfacet
  facet normal -0 0 -1
    outer loop
      vertex 27.0009 79.5421 -81.5
      vertex 14.4648 42.6119 -81.5
      vertex 21.7408 81.1378 -81.5
    endloop
  endfacet
  facet normal 0 0 -1
    outer loop
      vertex 11.6469 43.4667 -81.5
      vertex 21.7408 81.1378 -81.5
      vertex 14.4648 42.6119 -81.5
    endloop
  endfacet
  facet normal -0 0 -1
    outer loop
      vertex 21.7408 81.1378 -81.5
      vertex 11.6469 43.4667 -81.5
      vertex 16.3876 82.386 -81.5
    endloop
  endfacet
  facet normal 0 0 -1
    outer loop
      vertex 8.77906 44.1353 -81.5
      vertex 16.3876 82.386 -81.5
      vertex 11.6469 43.4667 -81.5
    endloop
  endfacet
  facet normal -0 0 -1
    outer loop
      vertex 16.3876 82.386 -81.5
      vertex 8.77906 44.1353 -81.5
      vertex 10.9642 83.2814 -81.5
    endloop
  endfacet
  facet normal 0 0 -1
    outer loop
      vertex 5.87368 44.615 -81.5
      vertex 10.9642 83.2814 -81.5
      vertex 8.77906 44.1353 -81.5
    endloop
  endfacet
  facet normal 0 0 -1
    outer loop
      vertex 5.87368 44.615 -81.5
      vertex 5.49386 83.8202 -81.5
      vertex 10.9642 83.2814 -81.5
    endloop
  endfacet
  facet normal 0 0 -1
    outer loop
      vertex 2.94314 44.9037 -81.5
      vertex 5.49386 83.8202 -81.5
      vertex 5.87368 44.615 -81.5
    endloop
  endfacet
  facet normal 0 0 -1
    outer loop
      vertex 0 45 -81.5
      vertex 5.49386 83.8202 -81.5
      vertex 2.94314 44.9037 -81.5
    endloop
  endfacet
  facet normal 0 0 -1
    outer loop
      vertex 0 45 -81.5
      vertex 0 84 -81.5
      vertex 5.49386 83.8202 -81.5
    endloop
  endfacet
  facet normal 0 0 -1
    outer loop
      vertex -2.94314 44.9037 -81.5
      vertex 0 84 -81.5
      vertex 0 45 -81.5
    endloop
  endfacet
  facet normal 0 0 -1
    outer loop
      vertex -2.94314 44.9037 -81.5
      vertex -5.49386 83.8202 -81.5
      vertex 0 84 -81.5
    endloop
  endfacet
  facet normal 0 0 -1
    outer loop
      vertex -5.87368 44.615 -81.5
      vertex -5.49386 83.8202 -81.5
      vertex -2.94314 44.9037 -81.5
    endloop
  endfacet
  facet normal 0 0 -1
    outer loop
      vertex -10.9642 83.2814 -81.5
      vertex -5.87368 44.615 -81.5
      vertex -8.77906 44.1353 -81.5
    endloop
  endfacet
  facet normal 0 0 -1
    outer loop
      vertex -5.87368 44.615 -81.5
      vertex -10.9642 83.2814 -81.5
      vertex -5.49386 83.8202 -81.5
    endloop
  endfacet
  facet normal 0 0 -1
    outer loop
      vertex -16.3876 82.386 -81.5
      vertex -8.77906 44.1353 -81.5
      vertex -11.6469 43.4667 -81.5
    endloop
  endfacet
  facet normal 0 0 -1
    outer loop
      vertex -21.7408 81.1378 -81.5
      vertex -11.6469 43.4667 -81.5
      vertex -14.4648 42.6119 -81.5
    endloop
  endfacet
  facet normal 0 0 -1
    outer loop
      vertex -8.77906 44.1353 -81.5
      vertex -16.3876 82.386 -81.5
      vertex -10.9642 83.2814 -81.5
    endloop
  endfacet
  facet normal 0 0 -1
    outer loop
      vertex -27.0009 79.5421 -81.5
      vertex -14.4648 42.6119 -81.5
      vertex -17.2208 41.5746 -81.5
    endloop
  endfacet
  facet normal 0 0 -1
    outer loop
      vertex -32.1454 77.6059 -81.5
      vertex -17.2208 41.5746 -81.5
      vertex -19.903 40.3593 -81.5
    endloop
  endfacet
  facet normal 0 0 -1
    outer loop
      vertex -11.6469 43.4667 -81.5
      vertex -21.7408 81.1378 -81.5
      vertex -16.3876 82.386 -81.5
    endloop
  endfacet
  facet normal 0 0 -1
    outer loop
      vertex -37.1522 75.3373 -81.5
      vertex -19.903 40.3593 -81.5
      vertex -22.5 38.9711 -81.5
    endloop
  endfacet
  facet normal 0 0 -1
    outer loop
      vertex -42 72.7461 -81.5
      vertex -22.5 38.9711 -81.5
      vertex -25.0007 37.4161 -81.5
    endloop
  endfacet
  facet normal 0 0 -1
    outer loop
      vertex -14.4648 42.6119 -81.5
      vertex -27.0009 79.5421 -81.5
      vertex -21.7408 81.1378 -81.5
    endloop
  endfacet
  facet normal 0 0 -1
    outer loop
      vertex -46.6679 69.8434 -81.5
      vertex -25.0007 37.4161 -81.5
      vertex -27.3943 35.7009 -81.5
    endloop
  endfacet
  facet normal 0 0 -1
    outer loop
      vertex -51.136 66.6417 -81.5
      vertex -27.3943 35.7009 -81.5
      vertex -29.6706 33.8328 -81.5
    endloop
  endfacet
  facet normal 0 0 -1
    outer loop
      vertex -55.385 63.1545 -81.5
      vertex -29.6706 33.8328 -81.5
      vertex -31.8198 31.8198 -81.5
    endloop
  endfacet
  facet normal 0 0 -1
    outer loop
      vertex -17.2208 41.5746 -81.5
      vertex -32.1454 77.6059 -81.5
      vertex -27.0009 79.5421 -81.5
    endloop
  endfacet
  facet normal 0 0 -1
    outer loop
      vertex -59.397 59.397 -81.5
      vertex -31.8198 31.8198 -81.5
      vertex -33.8328 29.6706 -81.5
    endloop
  endfacet
  facet normal 0 0 -1
    outer loop
      vertex -63.1545 55.385 -81.5
      vertex -33.8328 29.6706 -81.5
      vertex -35.7009 27.3943 -81.5
    endloop
  endfacet
  facet normal 0 0 -1
    outer loop
      vertex -19.903 40.3593 -81.5
      vertex -37.1522 75.3373 -81.5
      vertex -32.1454 77.6059 -81.5
    endloop
  endfacet
  facet normal 0 0 -1
    outer loop
      vertex -66.6417 51.136 -81.5
      vertex -35.7009 27.3943 -81.5
      vertex -37.4161 25.0007 -81.5
    endloop
  endfacet
  facet normal 0 0 -1
    outer loop
      vertex -69.8434 46.6679 -81.5
      vertex -37.4161 25.0007 -81.5
      vertex -38.9711 22.5 -81.5
    endloop
  endfacet
  facet normal 0 0 -1
    outer loop
      vertex -55 14 -81.5
      vertex -38.9711 22.5 -81.5
      vertex -40.3593 19.903 -81.5
    endloop
  endfacet
  facet normal 0 0 -1
    outer loop
      vertex -55 14 -81.5
      vertex -40.3593 19.903 -81.5
      vertex -41.5746 17.2208 -81.5
    endloop
  endfacet
  facet normal 0 0 -1
    outer loop
      vertex -22.5 38.9711 -81.5
      vertex -42 72.7461 -81.5
      vertex -37.1522 75.3373 -81.5
    endloop
  endfacet
  facet normal 0 0 -1
    outer loop
      vertex -55 14 -81.5
      vertex -41.5746 17.2208 -81.5
      vertex -42.6119 14.4648 -81.5
    endloop
  endfacet
  facet normal 0 0 -1
    outer loop
      vertex -55 14 -81.5
      vertex -42.6119 14.4648 -81.5
      vertex -42.7528 14 -81.5
    endloop
  endfacet
  facet normal 0 0 -1
    outer loop
      vertex -25.0007 37.4161 -81.5
      vertex -46.6679 69.8434 -81.5
      vertex -42 72.7461 -81.5
    endloop
  endfacet
  facet normal 0 0 -1
    outer loop
      vertex -27.3943 35.7009 -81.5
      vertex -51.136 66.6417 -81.5
      vertex -46.6679 69.8434 -81.5
    endloop
  endfacet
  facet normal 0 0 -1
    outer loop
      vertex -72.7461 42 -81.5
      vertex -38.9711 22.5 -81.5
      vertex -55 14 -81.5
    endloop
  endfacet
  facet normal 0 0 -1
    outer loop
      vertex -29.6706 33.8328 -81.5
      vertex -55.385 63.1545 -81.5
      vertex -51.136 66.6417 -81.5
    endloop
  endfacet
  facet normal 0 0 -1
    outer loop
      vertex -41.5746 -17.2208 -81.5
      vertex -55 -14 -81.5
      vertex -42.6119 -14.4648 -81.5
    endloop
  endfacet
  facet normal 0 0 -1
    outer loop
      vertex -42.6119 -14.4648 -81.5
      vertex -55 -14 -81.5
      vertex -42.7528 -14 -81.5
    endloop
  endfacet
  facet normal 0 0 -1
    outer loop
      vertex -73.3693 10 -81.5
      vertex -55 14 -81.5
      vertex -73.3693 -10 -81.5
    endloop
  endfacet
  facet normal 0 0 -1
    outer loop
      vertex -40.3593 -19.903 -81.5
      vertex -55 -14 -81.5
      vertex -41.5746 -17.2208 -81.5
    endloop
  endfacet
  facet normal 0 0 -1
    outer loop
      vertex -31.8198 31.8198 -81.5
      vertex -59.397 59.397 -81.5
      vertex -55.385 63.1545 -81.5
    endloop
  endfacet
  facet normal 0 0 -1
    outer loop
      vertex -55 -14 -81.5
      vertex -73.3693 -10 -81.5
      vertex -55 14 -81.5
    endloop
  endfacet
  facet normal 0 0 -1
    outer loop
      vertex -33.8328 29.6706 -81.5
      vertex -63.1545 55.385 -81.5
      vertex -59.397 59.397 -81.5
    endloop
  endfacet
  facet normal -0 0 -1
    outer loop
      vertex -38.9711 -22.5 -81.5
      vertex -72.7461 -42 -81.5
      vertex -55 -14 -81.5
    endloop
  endfacet
  facet normal 0 0 -1
    outer loop
      vertex -35.7009 27.3943 -81.5
      vertex -66.6417 51.136 -81.5
      vertex -63.1545 55.385 -81.5
    endloop
  endfacet
  facet normal 0 0 -1
    outer loop
      vertex -75.3373 -37.1522 -81.5
      vertex -55 -14 -81.5
      vertex -72.7461 -42 -81.5
    endloop
  endfacet
  facet normal 0 0 -1
    outer loop
      vertex -37.4161 25.0007 -81.5
      vertex -69.8434 46.6679 -81.5
      vertex -66.6417 51.136 -81.5
    endloop
  endfacet
  facet normal 0 0 -1
    outer loop
      vertex -38.9711 22.5 -81.5
      vertex -72.7461 42 -81.5
      vertex -69.8434 46.6679 -81.5
    endloop
  endfacet
  facet normal 0 0 -1
    outer loop
      vertex -77.6059 -32.1454 -81.5
      vertex -55 -14 -81.5
      vertex -75.3373 -37.1522 -81.5
    endloop
  endfacet
  facet normal 0 0 -1
    outer loop
      vertex -79.5421 -27.0009 -81.5
      vertex -55 -14 -81.5
      vertex -77.6059 -32.1454 -81.5
    endloop
  endfacet
  facet normal -0 0 -1
    outer loop
      vertex -55 -14 -81.5
      vertex -79.5421 -27.0009 -81.5
      vertex -73.3693 -10 -81.5
    endloop
  endfacet
  facet normal 0 0 -1
    outer loop
      vertex -81.1378 -21.7408 -81.5
      vertex -73.3693 -10 -81.5
      vertex -79.5421 -27.0009 -81.5
    endloop
  endfacet
  facet normal 0 0 -1
    outer loop
      vertex -82.386 -16.3876 -81.5
      vertex -73.3693 -10 -81.5
      vertex -81.1378 -21.7408 -81.5
    endloop
  endfacet
  facet normal 0 0 -1
    outer loop
      vertex -83.2814 -10.9642 -81.5
      vertex -73.3693 -10 -81.5
      vertex -82.386 -16.3876 -81.5
    endloop
  endfacet
  facet normal -0 0 -1
    outer loop
      vertex -73.3693 -10 -81.5
      vertex -83.2814 -10.9642 -81.5
      vertex -83.3763 -10 -81.5
    endloop
  endfacet
  facet normal 0 0 -1
    outer loop
      vertex 19.903 -40.3593 -81.5
      vertex 17.5 -56 -81.5
      vertex 17.5 -41.4481 -81.5
    endloop
  endfacet
  facet normal -0.52807 0.849201 0
    outer loop
      vertex -42 72.7461 -81.5
      vertex -46.6679 69.8434 -78.5
      vertex -42 72.7461 -78.5
    endloop
  endfacet
  facet normal -0.52807 0.849201 0
    outer loop
      vertex -46.6679 69.8434 -78.5
      vertex -42 72.7461 -81.5
      vertex -46.6679 69.8434 -81.5
    endloop
  endfacet
  facet normal -0.352242 0.935909 0
    outer loop
      vertex -27.0009 79.5421 -81.5
      vertex -32.1454 77.6059 -78.5
      vertex -27.0009 79.5421 -78.5
    endloop
  endfacet
  facet normal -0.352242 0.935909 0
    outer loop
      vertex -32.1454 77.6059 -78.5
      vertex -27.0009 79.5421 -81.5
      vertex -32.1454 77.6059 -81.5
    endloop
  endfacet
  facet normal 0.729878 -0.683578 0
    outer loop
      vertex 59.397 -59.397 -78.5
      vertex 63.1545 -55.385 -81.5
      vertex 63.1545 -55.385 -78.5
    endloop
  endfacet
  facet normal 0.729878 -0.683578 0
    outer loop
      vertex 63.1545 -55.385 -81.5
      vertex 59.397 -59.397 -78.5
      vertex 59.397 -59.397 -81.5
    endloop
  endfacet
  facet normal -0.935909 0.352242 0
    outer loop
      vertex -79.5421 27.0009 -81.5
      vertex -77.6059 32.1454 -78.5
      vertex -77.6059 32.1454 -81.5
    endloop
  endfacet
  facet normal -0.935909 0.352242 0
    outer loop
      vertex -77.6059 32.1454 -78.5
      vertex -79.5421 27.0009 -81.5
      vertex -79.5421 27.0009 -78.5
    endloop
  endfacet
  facet normal -0.0327099 0.999465 0
    outer loop
      vertex 0 84 -81.5
      vertex -5.49386 83.8202 -78.5
      vertex 0 84 -78.5
    endloop
  endfacet
  facet normal -0.0327099 0.999465 0
    outer loop
      vertex -5.49386 83.8202 -78.5
      vertex 0 84 -81.5
      vertex -5.49386 83.8202 -81.5
    endloop
  endfacet
  facet normal -0.0980205 0.995184 0
    outer loop
      vertex -5.49386 83.8202 -81.5
      vertex -10.9642 83.2814 -78.5
      vertex -5.49386 83.8202 -78.5
    endloop
  endfacet
  facet normal -0.0980205 0.995184 0
    outer loop
      vertex -10.9642 83.2814 -78.5
      vertex -5.49386 83.8202 -81.5
      vertex -10.9642 83.2814 -81.5
    endloop
  endfacet
  facet normal 0.812855 -0.582466 0
    outer loop
      vertex 66.6417 -51.136 -78.5
      vertex 69.8434 -46.6679 -81.5
      vertex 69.8434 -46.6679 -78.5
    endloop
  endfacet
  facet normal 0.812855 -0.582466 0
    outer loop
      vertex 69.8434 -46.6679 -81.5
      vertex 66.6417 -51.136 -78.5
      vertex 66.6417 -51.136 -81.5
    endloop
  endfacet
  facet normal 0.0980205 -0.995184 0
    outer loop
      vertex 5.49386 -83.8202 -81.5
      vertex 10.9642 -83.2814 -78.5
      vertex 5.49386 -83.8202 -78.5
    endloop
  endfacet
  facet normal 0.0980205 -0.995184 0
    outer loop
      vertex 10.9642 -83.2814 -78.5
      vertex 5.49386 -83.8202 -81.5
      vertex 10.9642 -83.2814 -81.5
    endloop
  endfacet
  facet normal -0.634408 0.772998 0
    outer loop
      vertex -51.136 66.6417 -81.5
      vertex -55.385 63.1545 -78.5
      vertex -51.136 66.6417 -78.5
    endloop
  endfacet
  facet normal -0.634408 0.772998 0
    outer loop
      vertex -55.385 63.1545 -78.5
      vertex -51.136 66.6417 -81.5
      vertex -55.385 63.1545 -81.5
    endloop
  endfacet
  facet normal 0.881921 -0.471396 0
    outer loop
      vertex 72.7461 -42 -78.5
      vertex 75.3373 -37.1522 -81.5
      vertex 75.3373 -37.1522 -78.5
    endloop
  endfacet
  facet normal 0.881921 -0.471396 0
    outer loop
      vertex 75.3373 -37.1522 -81.5
      vertex 72.7461 -42 -78.5
      vertex 72.7461 -42 -81.5
    endloop
  endfacet
  facet normal -0.162894 -0.986644 0
    outer loop
      vertex -16.3876 -82.386 -81.5
      vertex -10.9642 -83.2814 -78.5
      vertex -16.3876 -82.386 -78.5
    endloop
  endfacet
  facet normal -0.162894 -0.986644 -0
    outer loop
      vertex -10.9642 -83.2814 -78.5
      vertex -16.3876 -82.386 -81.5
      vertex -10.9642 -83.2814 -81.5
    endloop
  endfacet
  facet normal 0.582466 0.812855 -0
    outer loop
      vertex 51.136 66.6417 -81.5
      vertex 46.6679 69.8434 -78.5
      vertex 51.136 66.6417 -78.5
    endloop
  endfacet
  facet normal 0.582466 0.812855 0
    outer loop
      vertex 46.6679 69.8434 -78.5
      vertex 51.136 66.6417 -81.5
      vertex 46.6679 69.8434 -81.5
    endloop
  endfacet
  facet normal -0.772998 -0.634408 0
    outer loop
      vertex -63.1545 -55.385 -81.5
      vertex -66.6417 -51.136 -78.5
      vertex -66.6417 -51.136 -81.5
    endloop
  endfacet
  facet normal -0.772998 -0.634408 0
    outer loop
      vertex -66.6417 -51.136 -78.5
      vertex -63.1545 -55.385 -81.5
      vertex -63.1545 -55.385 -78.5
    endloop
  endfacet
  facet normal -0.227078 0.973877 0
    outer loop
      vertex -16.3876 82.386 -81.5
      vertex -21.7408 81.1378 -78.5
      vertex -16.3876 82.386 -78.5
    endloop
  endfacet
  facet normal -0.227078 0.973877 0
    outer loop
      vertex -21.7408 81.1378 -78.5
      vertex -16.3876 82.386 -81.5
      vertex -21.7408 81.1378 -81.5
    endloop
  endfacet
  facet normal 0.52807 0.849201 -0
    outer loop
      vertex 46.6679 69.8434 -81.5
      vertex 42 72.7461 -78.5
      vertex 46.6679 69.8434 -78.5
    endloop
  endfacet
  facet normal 0.52807 0.849201 0
    outer loop
      vertex 42 72.7461 -78.5
      vertex 46.6679 69.8434 -81.5
      vertex 42 72.7461 -81.5
    endloop
  endfacet
  facet normal 0.956937 -0.290296 0
    outer loop
      vertex 79.5421 -27.0009 -78.5
      vertex 81.1378 -21.7408 -81.5
      vertex 81.1378 -21.7408 -78.5
    endloop
  endfacet
  facet normal 0.956937 -0.290296 0
    outer loop
      vertex 81.1378 -21.7408 -81.5
      vertex 79.5421 -27.0009 -78.5
      vertex 79.5421 -27.0009 -81.5
    endloop
  endfacet
  facet normal 0.849201 -0.52807 0
    outer loop
      vertex 69.8434 -46.6679 -78.5
      vertex 72.7461 -42 -81.5
      vertex 72.7461 -42 -78.5
    endloop
  endfacet
  facet normal 0.849201 -0.52807 0
    outer loop
      vertex 72.7461 -42 -81.5
      vertex 69.8434 -46.6679 -78.5
      vertex 69.8434 -46.6679 -81.5
    endloop
  endfacet
  facet normal -0.973877 0.227078 0
    outer loop
      vertex -82.386 16.3876 -81.5
      vertex -81.1378 21.7408 -78.5
      vertex -81.1378 21.7408 -81.5
    endloop
  endfacet
  facet normal -0.973877 0.227078 0
    outer loop
      vertex -81.1378 21.7408 -78.5
      vertex -82.386 16.3876 -81.5
      vertex -82.386 16.3876 -78.5
    endloop
  endfacet
  facet normal -0.956937 -0.290296 0
    outer loop
      vertex -79.5421 -27.0009 -81.5
      vertex -81.1378 -21.7408 -78.5
      vertex -81.1378 -21.7408 -81.5
    endloop
  endfacet
  facet normal -0.956937 -0.290296 0
    outer loop
      vertex -81.1378 -21.7408 -78.5
      vertex -79.5421 -27.0009 -81.5
      vertex -79.5421 -27.0009 -78.5
    endloop
  endfacet
  facet normal -0.881921 -0.471396 0
    outer loop
      vertex -72.7461 -42 -81.5
      vertex -75.3373 -37.1522 -78.5
      vertex -75.3373 -37.1522 -81.5
    endloop
  endfacet
  facet normal -0.881921 -0.471396 0
    outer loop
      vertex -75.3373 -37.1522 -78.5
      vertex -72.7461 -42 -81.5
      vertex -72.7461 -42 -78.5
    endloop
  endfacet
  facet normal -0.227078 -0.973877 0
    outer loop
      vertex -21.7408 -81.1378 -81.5
      vertex -16.3876 -82.386 -78.5
      vertex -21.7408 -81.1378 -78.5
    endloop
  endfacet
  facet normal -0.227078 -0.973877 -0
    outer loop
      vertex -16.3876 -82.386 -78.5
      vertex -21.7408 -81.1378 -81.5
      vertex -16.3876 -82.386 -81.5
    endloop
  endfacet
  facet normal -0.849201 -0.52807 0
    outer loop
      vertex -69.8434 -46.6679 -81.5
      vertex -72.7461 -42 -78.5
      vertex -72.7461 -42 -81.5
    endloop
  endfacet
  facet normal -0.849201 -0.52807 0
    outer loop
      vertex -72.7461 -42 -78.5
      vertex -69.8434 -46.6679 -81.5
      vertex -69.8434 -46.6679 -78.5
    endloop
  endfacet
  facet normal -0.986644 0.162894 0
    outer loop
      vertex -83.2814 10.9642 -81.5
      vertex -82.386 16.3876 -78.5
      vertex -82.386 16.3876 -81.5
    endloop
  endfacet
  facet normal -0.986644 0.162894 0
    outer loop
      vertex -82.386 16.3876 -78.5
      vertex -83.2814 10.9642 -81.5
      vertex -83.2814 10.9642 -78.5
    endloop
  endfacet
  facet normal -0.352242 -0.935909 0
    outer loop
      vertex -32.1454 -77.6059 -81.5
      vertex -27.0009 -79.5421 -78.5
      vertex -32.1454 -77.6059 -78.5
    endloop
  endfacet
  facet normal -0.352242 -0.935909 -0
    outer loop
      vertex -27.0009 -79.5421 -78.5
      vertex -32.1454 -77.6059 -81.5
      vertex -27.0009 -79.5421 -81.5
    endloop
  endfacet
  facet normal -0.772998 0.634408 0
    outer loop
      vertex -66.6417 51.136 -81.5
      vertex -63.1545 55.385 -78.5
      vertex -63.1545 55.385 -81.5
    endloop
  endfacet
  facet normal -0.772998 0.634408 0
    outer loop
      vertex -63.1545 55.385 -78.5
      vertex -66.6417 51.136 -81.5
      vertex -66.6417 51.136 -78.5
    endloop
  endfacet
  facet normal 0.634408 -0.772998 0
    outer loop
      vertex 51.136 -66.6417 -81.5
      vertex 55.385 -63.1545 -78.5
      vertex 51.136 -66.6417 -78.5
    endloop
  endfacet
  facet normal 0.634408 -0.772998 0
    outer loop
      vertex 55.385 -63.1545 -78.5
      vertex 51.136 -66.6417 -81.5
      vertex 55.385 -63.1545 -81.5
    endloop
  endfacet
  facet normal -0.290296 0.956937 0
    outer loop
      vertex -21.7408 81.1378 -81.5
      vertex -27.0009 79.5421 -78.5
      vertex -21.7408 81.1378 -78.5
    endloop
  endfacet
  facet normal -0.290296 0.956937 0
    outer loop
      vertex -27.0009 79.5421 -78.5
      vertex -21.7408 81.1378 -81.5
      vertex -27.0009 79.5421 -81.5
    endloop
  endfacet
  facet normal 0.52807 -0.849201 0
    outer loop
      vertex 42 -72.7461 -81.5
      vertex 46.6679 -69.8434 -78.5
      vertex 42 -72.7461 -78.5
    endloop
  endfacet
  facet normal 0.52807 -0.849201 0
    outer loop
      vertex 46.6679 -69.8434 -78.5
      vertex 42 -72.7461 -81.5
      vertex 46.6679 -69.8434 -81.5
    endloop
  endfacet
  facet normal 0.582466 -0.812855 0
    outer loop
      vertex 46.6679 -69.8434 -81.5
      vertex 51.136 -66.6417 -78.5
      vertex 46.6679 -69.8434 -78.5
    endloop
  endfacet
  facet normal 0.582466 -0.812855 0
    outer loop
      vertex 51.136 -66.6417 -78.5
      vertex 46.6679 -69.8434 -81.5
      vertex 51.136 -66.6417 -81.5
    endloop
  endfacet
  facet normal 0.0327099 0.999465 -0
    outer loop
      vertex 5.49386 83.8202 -81.5
      vertex 0 84 -78.5
      vertex 5.49386 83.8202 -78.5
    endloop
  endfacet
  facet normal 0.0327099 0.999465 0
    outer loop
      vertex 0 84 -78.5
      vertex 5.49386 83.8202 -81.5
      vertex 0 84 -81.5
    endloop
  endfacet
  facet normal 0.227078 0.973877 -0
    outer loop
      vertex 21.7408 81.1378 -81.5
      vertex 16.3876 82.386 -78.5
      vertex 21.7408 81.1378 -78.5
    endloop
  endfacet
  facet normal 0.227078 0.973877 0
    outer loop
      vertex 16.3876 82.386 -78.5
      vertex 21.7408 81.1378 -81.5
      vertex 16.3876 82.386 -81.5
    endloop
  endfacet
  facet normal 0.290296 0.956937 -0
    outer loop
      vertex 27.0009 79.5421 -81.5
      vertex 21.7408 81.1378 -78.5
      vertex 27.0009 79.5421 -78.5
    endloop
  endfacet
  facet normal 0.290296 0.956937 0
    outer loop
      vertex 21.7408 81.1378 -78.5
      vertex 27.0009 79.5421 -81.5
      vertex 21.7408 81.1378 -81.5
    endloop
  endfacet
  facet normal -0.0980205 -0.995184 0
    outer loop
      vertex -10.9642 -83.2814 -81.5
      vertex -5.49386 -83.8202 -78.5
      vertex -10.9642 -83.2814 -78.5
    endloop
  endfacet
  facet normal -0.0980205 -0.995184 -0
    outer loop
      vertex -5.49386 -83.8202 -78.5
      vertex -10.9642 -83.2814 -81.5
      vertex -5.49386 -83.8202 -81.5
    endloop
  endfacet
  facet normal -0.995191 0.0979503 0
    outer loop
      vertex -83.3763 10 -81.5
      vertex -83.2814 10.9642 -78.5
      vertex -83.2814 10.9642 -81.5
    endloop
  endfacet
  facet normal -0.995191 0.0979503 0
    outer loop
      vertex -83.2814 10.9642 -78.5
      vertex -83.3763 10 -81.5
      vertex -83.3763 10 -78.5
    endloop
  endfacet
  facet normal -0.910861 0.412714 0
    outer loop
      vertex -77.6059 32.1454 -81.5
      vertex -75.3373 37.1522 -78.5
      vertex -75.3373 37.1522 -81.5
    endloop
  endfacet
  facet normal -0.910861 0.412714 0
    outer loop
      vertex -75.3373 37.1522 -78.5
      vertex -77.6059 32.1454 -81.5
      vertex -77.6059 32.1454 -78.5
    endloop
  endfacet
  facet normal 0.910861 -0.412714 0
    outer loop
      vertex 75.3373 -37.1522 -78.5
      vertex 77.6059 -32.1454 -81.5
      vertex 77.6059 -32.1454 -78.5
    endloop
  endfacet
  facet normal 0.910861 -0.412714 0
    outer loop
      vertex 77.6059 -32.1454 -81.5
      vertex 75.3373 -37.1522 -78.5
      vertex 75.3373 -37.1522 -81.5
    endloop
  endfacet
  facet normal 0.935909 -0.352242 0
    outer loop
      vertex 77.6059 -32.1454 -78.5
      vertex 79.5421 -27.0009 -81.5
      vertex 79.5421 -27.0009 -78.5
    endloop
  endfacet
  facet normal 0.935909 -0.352242 0
    outer loop
      vertex 79.5421 -27.0009 -81.5
      vertex 77.6059 -32.1454 -78.5
      vertex 77.6059 -32.1454 -81.5
    endloop
  endfacet
  facet normal -0.634408 -0.772998 0
    outer loop
      vertex -55.385 -63.1545 -81.5
      vertex -51.136 -66.6417 -78.5
      vertex -55.385 -63.1545 -78.5
    endloop
  endfacet
  facet normal -0.634408 -0.772998 -0
    outer loop
      vertex -51.136 -66.6417 -78.5
      vertex -55.385 -63.1545 -81.5
      vertex -51.136 -66.6417 -81.5
    endloop
  endfacet
  facet normal -0.956937 0.290296 0
    outer loop
      vertex -81.1378 21.7408 -81.5
      vertex -79.5421 27.0009 -78.5
      vertex -79.5421 27.0009 -81.5
    endloop
  endfacet
  facet normal -0.956937 0.290296 0
    outer loop
      vertex -79.5421 27.0009 -78.5
      vertex -81.1378 21.7408 -81.5
      vertex -81.1378 21.7408 -78.5
    endloop
  endfacet
  facet normal -0.52807 -0.849201 0
    outer loop
      vertex -46.6679 -69.8434 -81.5
      vertex -42 -72.7461 -78.5
      vertex -46.6679 -69.8434 -78.5
    endloop
  endfacet
  facet normal -0.52807 -0.849201 -0
    outer loop
      vertex -42 -72.7461 -78.5
      vertex -46.6679 -69.8434 -81.5
      vertex -42 -72.7461 -81.5
    endloop
  endfacet
  facet normal 0 0 1
    outer loop
      vertex 68.6348 10 -78.5
      vertex 83.2814 10.9642 -78.5
      vertex 82.386 16.3876 -78.5
    endloop
  endfacet
  facet normal 0 0 1
    outer loop
      vertex 68.6348 10 -78.5
      vertex 82.386 16.3876 -78.5
      vertex 81.1378 21.7408 -78.5
    endloop
  endfacet
  facet normal 0 0 1
    outer loop
      vertex 68.6348 10 -78.5
      vertex 81.1378 21.7408 -78.5
      vertex 79.5421 27.0009 -78.5
    endloop
  endfacet
  facet normal 0 0 1
    outer loop
      vertex 55 14 -78.5
      vertex 79.5421 27.0009 -78.5
      vertex 77.6059 32.1454 -78.5
    endloop
  endfacet
  facet normal 0 0 1
    outer loop
      vertex 55 14 -78.5
      vertex 77.6059 32.1454 -78.5
      vertex 75.3373 37.1522 -78.5
    endloop
  endfacet
  facet normal 0 0 1
    outer loop
      vertex 55 14 -78.5
      vertex 75.3373 37.1522 -78.5
      vertex 72.7461 42 -78.5
    endloop
  endfacet
  facet normal 0 0 1
    outer loop
      vertex 55 14 -78.5
      vertex 72.7461 42 -78.5
      vertex 69.8434 46.6679 -78.5
    endloop
  endfacet
  facet normal 0 0 1
    outer loop
      vertex 83.2814 10.9642 -78.5
      vertex 68.6348 10 -78.5
      vertex 83.3763 10 -78.5
    endloop
  endfacet
  facet normal 0 0 1
    outer loop
      vertex 79.5421 27.0009 -78.5
      vertex 55 14 -78.5
      vertex 68.6348 10 -78.5
    endloop
  endfacet
  facet normal 0 0 1
    outer loop
      vertex 55 14 -78.5
      vertex 69.8434 46.6679 -78.5
      vertex 66.6417 51.136 -78.5
    endloop
  endfacet
  facet normal -0 0 1
    outer loop
      vertex 68.6348 -10 -78.5
      vertex 83.2814 -10.9642 -78.5
      vertex 83.3763 -10 -78.5
    endloop
  endfacet
  facet normal 0 0 1
    outer loop
      vertex 83.2814 -10.9642 -78.5
      vertex 68.6348 -10 -78.5
      vertex 82.386 -16.3876 -78.5
    endloop
  endfacet
  facet normal 0 0 1
    outer loop
      vertex 82.386 -16.3876 -78.5
      vertex 68.6348 -10 -78.5
      vertex 81.1378 -21.7408 -78.5
    endloop
  endfacet
  facet normal 0 0 1
    outer loop
      vertex 81.1378 -21.7408 -78.5
      vertex 68.6348 -10 -78.5
      vertex 79.5421 -27.0009 -78.5
    endloop
  endfacet
  facet normal -0 0 1
    outer loop
      vertex 55 -14 -78.5
      vertex 79.5421 -27.0009 -78.5
      vertex 68.6348 -10 -78.5
    endloop
  endfacet
  facet normal 0 0 1
    outer loop
      vertex 79.5421 -27.0009 -78.5
      vertex 55 -14 -78.5
      vertex 77.6059 -32.1454 -78.5
    endloop
  endfacet
  facet normal 0 0 1
    outer loop
      vertex 77.6059 -32.1454 -78.5
      vertex 55 -14 -78.5
      vertex 75.3373 -37.1522 -78.5
    endloop
  endfacet
  facet normal 0 0 1
    outer loop
      vertex 75.3373 -37.1522 -78.5
      vertex 55 -14 -78.5
      vertex 72.7461 -42 -78.5
    endloop
  endfacet
  facet normal -0 0 1
    outer loop
      vertex 38.9711 -22.5 -78.5
      vertex 72.7461 -42 -78.5
      vertex 55 -14 -78.5
    endloop
  endfacet
  facet normal 0 0 1
    outer loop
      vertex 68.6348 10 -78.5
      vertex 55 14 -78.5
      vertex 68.6348 -10 -78.5
    endloop
  endfacet
  facet normal 0 0 1
    outer loop
      vertex 35.7009 27.3943 -78.5
      vertex 66.6417 51.136 -78.5
      vertex 63.1545 55.385 -78.5
    endloop
  endfacet
  facet normal 0 0 1
    outer loop
      vertex 55 -14 -78.5
      vertex 68.6348 -10 -78.5
      vertex 55 14 -78.5
    endloop
  endfacet
  facet normal 0 0 1
    outer loop
      vertex 33.8328 29.6706 -78.5
      vertex 63.1545 55.385 -78.5
      vertex 59.397 59.397 -78.5
    endloop
  endfacet
  facet normal 0 0 1
    outer loop
      vertex 72.7461 -42 -78.5
      vertex 38.9711 -22.5 -78.5
      vertex 69.8434 -46.6679 -78.5
    endloop
  endfacet
  facet normal 0 0 1
    outer loop
      vertex 31.8198 31.8198 -78.5
      vertex 59.397 59.397 -78.5
      vertex 55.385 63.1545 -78.5
    endloop
  endfacet
  facet normal -0 0 1
    outer loop
      vertex 37.4161 -25.0007 -78.5
      vertex 69.8434 -46.6679 -78.5
      vertex 38.9711 -22.5 -78.5
    endloop
  endfacet
  facet normal -0 0 1
    outer loop
      vertex 35.7009 -27.3943 -78.5
      vertex 66.6417 -51.136 -78.5
      vertex 37.4161 -25.0007 -78.5
    endloop
  endfacet
  facet normal 0 0 1
    outer loop
      vertex 29.6706 33.8328 -78.5
      vertex 55.385 63.1545 -78.5
      vertex 51.136 66.6417 -78.5
    endloop
  endfacet
  facet normal 0 0 1
    outer loop
      vertex 27.3943 35.7009 -78.5
      vertex 51.136 66.6417 -78.5
      vertex 46.6679 69.8434 -78.5
    endloop
  endfacet
  facet normal 0 -0 1
    outer loop
      vertex 38.9711 22.5 -78.5
      vertex 66.6417 51.136 -78.5
      vertex 37.4161 25.0007 -78.5
    endloop
  endfacet
  facet normal 0 0 1
    outer loop
      vertex 55 14 -78.5
      vertex 42.6119 14.4648 -78.5
      vertex 42.7528 14 -78.5
    endloop
  endfacet
  facet normal 0 0 1
    outer loop
      vertex 25.0007 37.4161 -78.5
      vertex 46.6679 69.8434 -78.5
      vertex 42 72.7461 -78.5
    endloop
  endfacet
  facet normal 0 0 1
    outer loop
      vertex 55 14 -78.5
      vertex 41.5746 17.2208 -78.5
      vertex 42.6119 14.4648 -78.5
    endloop
  endfacet
  facet normal 0 0 1
    outer loop
      vertex 55 14 -78.5
      vertex 40.3593 19.903 -78.5
      vertex 41.5746 17.2208 -78.5
    endloop
  endfacet
  facet normal 0 0 1
    outer loop
      vertex 55 14 -78.5
      vertex 38.9711 22.5 -78.5
      vertex 40.3593 19.903 -78.5
    endloop
  endfacet
  facet normal 0 0 1
    outer loop
      vertex 66.6417 51.136 -78.5
      vertex 38.9711 22.5 -78.5
      vertex 55 14 -78.5
    endloop
  endfacet
  facet normal 0 0 1
    outer loop
      vertex 22.5 38.9711 -78.5
      vertex 42 72.7461 -78.5
      vertex 37.1522 75.3373 -78.5
    endloop
  endfacet
  facet normal 0 0 1
    outer loop
      vertex 66.6417 51.136 -78.5
      vertex 35.7009 27.3943 -78.5
      vertex 37.4161 25.0007 -78.5
    endloop
  endfacet
  facet normal 0 0 1
    outer loop
      vertex 63.1545 55.385 -78.5
      vertex 33.8328 29.6706 -78.5
      vertex 35.7009 27.3943 -78.5
    endloop
  endfacet
  facet normal 0 0 1
    outer loop
      vertex 19.903 40.3593 -78.5
      vertex 37.1522 75.3373 -78.5
      vertex 32.1454 77.6059 -78.5
    endloop
  endfacet
  facet normal 0 0 1
    outer loop
      vertex 59.397 59.397 -78.5
      vertex 31.8198 31.8198 -78.5
      vertex 33.8328 29.6706 -78.5
    endloop
  endfacet
  facet normal 0 0 1
    outer loop
      vertex 55.385 63.1545 -78.5
      vertex 29.6706 33.8328 -78.5
      vertex 31.8198 31.8198 -78.5
    endloop
  endfacet
  facet normal 0 0 1
    outer loop
      vertex 51.136 66.6417 -78.5
      vertex 27.3943 35.7009 -78.5
      vertex 29.6706 33.8328 -78.5
    endloop
  endfacet
  facet normal 0 0 1
    outer loop
      vertex 17.2208 41.5746 -78.5
      vertex 32.1454 77.6059 -78.5
      vertex 27.0009 79.5421 -78.5
    endloop
  endfacet
  facet normal 0 0 1
    outer loop
      vertex 46.6679 69.8434 -78.5
      vertex 25.0007 37.4161 -78.5
      vertex 27.3943 35.7009 -78.5
    endloop
  endfacet
  facet normal 0 0 1
    outer loop
      vertex 42 72.7461 -78.5
      vertex 22.5 38.9711 -78.5
      vertex 25.0007 37.4161 -78.5
    endloop
  endfacet
  facet normal 0 0 1
    outer loop
      vertex 14.4648 42.6119 -78.5
      vertex 27.0009 79.5421 -78.5
      vertex 21.7408 81.1378 -78.5
    endloop
  endfacet
  facet normal 0 0 1
    outer loop
      vertex 37.1522 75.3373 -78.5
      vertex 19.903 40.3593 -78.5
      vertex 22.5 38.9711 -78.5
    endloop
  endfacet
  facet normal 0 0 1
    outer loop
      vertex 32.1454 77.6059 -78.5
      vertex 17.2208 41.5746 -78.5
      vertex 19.903 40.3593 -78.5
    endloop
  endfacet
  facet normal 0 0 1
    outer loop
      vertex 11.6469 43.4667 -78.5
      vertex 21.7408 81.1378 -78.5
      vertex 16.3876 82.386 -78.5
    endloop
  endfacet
  facet normal 0 0 1
    outer loop
      vertex 27.0009 79.5421 -78.5
      vertex 14.4648 42.6119 -78.5
      vertex 17.2208 41.5746 -78.5
    endloop
  endfacet
  facet normal 0 0 1
    outer loop
      vertex 21.7408 81.1378 -78.5
      vertex 11.6469 43.4667 -78.5
      vertex 14.4648 42.6119 -78.5
    endloop
  endfacet
  facet normal 0 0 1
    outer loop
      vertex 8.77906 44.1353 -78.5
      vertex 16.3876 82.386 -78.5
      vertex 10.9642 83.2814 -78.5
    endloop
  endfacet
  facet normal 0 0 1
    outer loop
      vertex 16.3876 82.386 -78.5
      vertex 8.77906 44.1353 -78.5
      vertex 11.6469 43.4667 -78.5
    endloop
  endfacet
  facet normal 0 0 1
    outer loop
      vertex 10.9642 83.2814 -78.5
      vertex 5.87368 44.615 -78.5
      vertex 8.77906 44.1353 -78.5
    endloop
  endfacet
  facet normal 0 0 1
    outer loop
      vertex 5.49386 83.8202 -78.5
      vertex 5.87368 44.615 -78.5
      vertex 10.9642 83.2814 -78.5
    endloop
  endfacet
  facet normal 0 0 1
    outer loop
      vertex 5.49386 83.8202 -78.5
      vertex 2.94314 44.9037 -78.5
      vertex 5.87368 44.615 -78.5
    endloop
  endfacet
  facet normal 0 0 1
    outer loop
      vertex 0 84 -78.5
      vertex 2.94314 44.9037 -78.5
      vertex 5.49386 83.8202 -78.5
    endloop
  endfacet
  facet normal 0 0 1
    outer loop
      vertex 0 84 -78.5
      vertex 0 45 -78.5
      vertex 2.94314 44.9037 -78.5
    endloop
  endfacet
  facet normal 0 0 1
    outer loop
      vertex 0 84 -78.5
      vertex -2.94314 44.9037 -78.5
      vertex 0 45 -78.5
    endloop
  endfacet
  facet normal -0 0 1
    outer loop
      vertex -5.49386 83.8202 -78.5
      vertex -2.94314 44.9037 -78.5
      vertex 0 84 -78.5
    endloop
  endfacet
  facet normal 0 0 1
    outer loop
      vertex -5.49386 83.8202 -78.5
      vertex -5.87368 44.615 -78.5
      vertex -2.94314 44.9037 -78.5
    endloop
  endfacet
  facet normal -0 0 1
    outer loop
      vertex -10.9642 83.2814 -78.5
      vertex -5.87368 44.615 -78.5
      vertex -5.49386 83.8202 -78.5
    endloop
  endfacet
  facet normal 0 0 1
    outer loop
      vertex -5.87368 44.615 -78.5
      vertex -10.9642 83.2814 -78.5
      vertex -8.77906 44.1353 -78.5
    endloop
  endfacet
  facet normal -0 0 1
    outer loop
      vertex -16.3876 82.386 -78.5
      vertex -8.77906 44.1353 -78.5
      vertex -10.9642 83.2814 -78.5
    endloop
  endfacet
  facet normal 0 0 1
    outer loop
      vertex -8.77906 44.1353 -78.5
      vertex -16.3876 82.386 -78.5
      vertex -11.6469 43.4667 -78.5
    endloop
  endfacet
  facet normal -0 0 1
    outer loop
      vertex -21.7408 81.1378 -78.5
      vertex -11.6469 43.4667 -78.5
      vertex -16.3876 82.386 -78.5
    endloop
  endfacet
  facet normal 0 0 1
    outer loop
      vertex -11.6469 43.4667 -78.5
      vertex -21.7408 81.1378 -78.5
      vertex -14.4648 42.6119 -78.5
    endloop
  endfacet
  facet normal -0 0 1
    outer loop
      vertex -27.0009 79.5421 -78.5
      vertex -14.4648 42.6119 -78.5
      vertex -21.7408 81.1378 -78.5
    endloop
  endfacet
  facet normal 0 0 1
    outer loop
      vertex -14.4648 42.6119 -78.5
      vertex -27.0009 79.5421 -78.5
      vertex -17.2208 41.5746 -78.5
    endloop
  endfacet
  facet normal -0 0 1
    outer loop
      vertex -32.1454 77.6059 -78.5
      vertex -17.2208 41.5746 -78.5
      vertex -27.0009 79.5421 -78.5
    endloop
  endfacet
  facet normal 0 0 1
    outer loop
      vertex -17.2208 41.5746 -78.5
      vertex -32.1454 77.6059 -78.5
      vertex -19.903 40.3593 -78.5
    endloop
  endfacet
  facet normal -0 0 1
    outer loop
      vertex -37.1522 75.3373 -78.5
      vertex -19.903 40.3593 -78.5
      vertex -32.1454 77.6059 -78.5
    endloop
  endfacet
  facet normal 0 0 1
    outer loop
      vertex -19.903 40.3593 -78.5
      vertex -37.1522 75.3373 -78.5
      vertex -22.5 38.9711 -78.5
    endloop
  endfacet
  facet normal -0 0 1
    outer loop
      vertex -42 72.7461 -78.5
      vertex -22.5 38.9711 -78.5
      vertex -37.1522 75.3373 -78.5
    endloop
  endfacet
  facet normal 0 0 1
    outer loop
      vertex -22.5 38.9711 -78.5
      vertex -42 72.7461 -78.5
      vertex -25.0007 37.4161 -78.5
    endloop
  endfacet
  facet normal -0 0 1
    outer loop
      vertex -46.6679 69.8434 -78.5
      vertex -25.0007 37.4161 -78.5
      vertex -42 72.7461 -78.5
    endloop
  endfacet
  facet normal 0 0 1
    outer loop
      vertex -25.0007 37.4161 -78.5
      vertex -46.6679 69.8434 -78.5
      vertex -27.3943 35.7009 -78.5
    endloop
  endfacet
  facet normal -0 0 1
    outer loop
      vertex -51.136 66.6417 -78.5
      vertex -27.3943 35.7009 -78.5
      vertex -46.6679 69.8434 -78.5
    endloop
  endfacet
  facet normal 0 0 1
    outer loop
      vertex -27.3943 35.7009 -78.5
      vertex -51.136 66.6417 -78.5
      vertex -29.6706 33.8328 -78.5
    endloop
  endfacet
  facet normal -0 0 1
    outer loop
      vertex -55.385 63.1545 -78.5
      vertex -29.6706 33.8328 -78.5
      vertex -51.136 66.6417 -78.5
    endloop
  endfacet
  facet normal 0 0 1
    outer loop
      vertex -29.6706 33.8328 -78.5
      vertex -55.385 63.1545 -78.5
      vertex -31.8198 31.8198 -78.5
    endloop
  endfacet
  facet normal -0 0 1
    outer loop
      vertex -59.397 59.397 -78.5
      vertex -31.8198 31.8198 -78.5
      vertex -55.385 63.1545 -78.5
    endloop
  endfacet
  facet normal 0 0 1
    outer loop
      vertex -31.8198 31.8198 -78.5
      vertex -59.397 59.397 -78.5
      vertex -33.8328 29.6706 -78.5
    endloop
  endfacet
  facet normal -0 0 1
    outer loop
      vertex -63.1545 55.385 -78.5
      vertex -33.8328 29.6706 -78.5
      vertex -59.397 59.397 -78.5
    endloop
  endfacet
  facet normal 0 0 1
    outer loop
      vertex -33.8328 29.6706 -78.5
      vertex -63.1545 55.385 -78.5
      vertex -35.7009 27.3943 -78.5
    endloop
  endfacet
  facet normal -0 0 1
    outer loop
      vertex -66.6417 51.136 -78.5
      vertex -35.7009 27.3943 -78.5
      vertex -63.1545 55.385 -78.5
    endloop
  endfacet
  facet normal 0 0 1
    outer loop
      vertex -35.7009 27.3943 -78.5
      vertex -66.6417 51.136 -78.5
      vertex -37.4161 25.0007 -78.5
    endloop
  endfacet
  facet normal -0 0 1
    outer loop
      vertex -69.8434 46.6679 -78.5
      vertex -37.4161 25.0007 -78.5
      vertex -66.6417 51.136 -78.5
    endloop
  endfacet
  facet normal 0 0 1
    outer loop
      vertex -37.4161 25.0007 -78.5
      vertex -69.8434 46.6679 -78.5
      vertex -38.9711 22.5 -78.5
    endloop
  endfacet
  facet normal 0 0 1
    outer loop
      vertex -38.9711 22.5 -78.5
      vertex -55 14 -78.5
      vertex -40.3593 19.903 -78.5
    endloop
  endfacet
  facet normal -0 0 1
    outer loop
      vertex -72.7461 42 -78.5
      vertex -38.9711 22.5 -78.5
      vertex -69.8434 46.6679 -78.5
    endloop
  endfacet
  facet normal 0 0 1
    outer loop
      vertex -79.5421 -27.0009 -78.5
      vertex -55 -14 -78.5
      vertex -68.6348 -10 -78.5
    endloop
  endfacet
  facet normal 0 0 1
    outer loop
      vertex -55 -14 -78.5
      vertex -69.8434 -46.6679 -78.5
      vertex -66.6417 -51.136 -78.5
    endloop
  endfacet
  facet normal 0 0 1
    outer loop
      vertex -55 -14 -78.5
      vertex -72.7461 -42 -78.5
      vertex -69.8434 -46.6679 -78.5
    endloop
  endfacet
  facet normal 0 0 1
    outer loop
      vertex -55 -14 -78.5
      vertex -75.3373 -37.1522 -78.5
      vertex -72.7461 -42 -78.5
    endloop
  endfacet
  facet normal 0 0 1
    outer loop
      vertex -55 -14 -78.5
      vertex -77.6059 -32.1454 -78.5
      vertex -75.3373 -37.1522 -78.5
    endloop
  endfacet
  facet normal 0 0 1
    outer loop
      vertex -55 -14 -78.5
      vertex -79.5421 -27.0009 -78.5
      vertex -77.6059 -32.1454 -78.5
    endloop
  endfacet
  facet normal 0 0 1
    outer loop
      vertex -68.6348 -10 -78.5
      vertex -81.1378 -21.7408 -78.5
      vertex -79.5421 -27.0009 -78.5
    endloop
  endfacet
  facet normal 0 0 1
    outer loop
      vertex -68.6348 -10 -78.5
      vertex -82.386 -16.3876 -78.5
      vertex -81.1378 -21.7408 -78.5
    endloop
  endfacet
  facet normal 0 0 1
    outer loop
      vertex -68.6348 -10 -78.5
      vertex -83.2814 -10.9642 -78.5
      vertex -82.386 -16.3876 -78.5
    endloop
  endfacet
  facet normal 0 -0 1
    outer loop
      vertex -83.2814 -10.9642 -78.5
      vertex -68.6348 -10 -78.5
      vertex -83.3763 -10 -78.5
    endloop
  endfacet
  facet normal 0 0 1
    outer loop
      vertex -17.5 -41.4481 -78.5
      vertex -19.903 -40.3593 -78.5
      vertex -17.5 -56 -78.5
    endloop
  endfacet
  facet normal 0 0 1
    outer loop
      vertex 66.6417 -51.136 -78.5
      vertex 35.7009 -27.3943 -78.5
      vertex 63.1545 -55.385 -78.5
    endloop
  endfacet
  facet normal -0 0 1
    outer loop
      vertex 33.8328 -29.6706 -78.5
      vertex 63.1545 -55.385 -78.5
      vertex 35.7009 -27.3943 -78.5
    endloop
  endfacet
  facet normal 0 0 1
    outer loop
      vertex 63.1545 -55.385 -78.5
      vertex 33.8328 -29.6706 -78.5
      vertex 59.397 -59.397 -78.5
    endloop
  endfacet
  facet normal 0 0 1
    outer loop
      vertex 42.6119 -14.4648 -78.5
      vertex 55 -14 -78.5
      vertex 42.7528 -14 -78.5
    endloop
  endfacet
  facet normal 0 0 1
    outer loop
      vertex 41.5746 -17.2208 -78.5
      vertex 55 -14 -78.5
      vertex 42.6119 -14.4648 -78.5
    endloop
  endfacet
  facet normal 0 0 1
    outer loop
      vertex 40.3593 -19.903 -78.5
      vertex 55 -14 -78.5
      vertex 41.5746 -17.2208 -78.5
    endloop
  endfacet
  facet normal 0 0 1
    outer loop
      vertex 38.9711 -22.5 -78.5
      vertex 55 -14 -78.5
      vertex 40.3593 -19.903 -78.5
    endloop
  endfacet
  facet normal 0 0 1
    outer loop
      vertex 69.8434 -46.6679 -78.5
      vertex 37.4161 -25.0007 -78.5
      vertex 66.6417 -51.136 -78.5
    endloop
  endfacet
  facet normal -0 0 1
    outer loop
      vertex 31.8198 -31.8198 -78.5
      vertex 59.397 -59.397 -78.5
      vertex 33.8328 -29.6706 -78.5
    endloop
  endfacet
  facet normal 0 0 1
    outer loop
      vertex 59.397 -59.397 -78.5
      vertex 31.8198 -31.8198 -78.5
      vertex 55.385 -63.1545 -78.5
    endloop
  endfacet
  facet normal -0 0 1
    outer loop
      vertex 29.6706 -33.8328 -78.5
      vertex 55.385 -63.1545 -78.5
      vertex 31.8198 -31.8198 -78.5
    endloop
  endfacet
  facet normal 0 0 1
    outer loop
      vertex 55.385 -63.1545 -78.5
      vertex 29.6706 -33.8328 -78.5
      vertex 51.136 -66.6417 -78.5
    endloop
  endfacet
  facet normal -0 0 1
    outer loop
      vertex 27.3943 -35.7009 -78.5
      vertex 51.136 -66.6417 -78.5
      vertex 29.6706 -33.8328 -78.5
    endloop
  endfacet
  facet normal 0 0 1
    outer loop
      vertex 51.136 -66.6417 -78.5
      vertex 27.3943 -35.7009 -78.5
      vertex 46.6679 -69.8434 -78.5
    endloop
  endfacet
  facet normal -0 0 1
    outer loop
      vertex 25.0007 -37.4161 -78.5
      vertex 46.6679 -69.8434 -78.5
      vertex 27.3943 -35.7009 -78.5
    endloop
  endfacet
  facet normal -0 0 1
    outer loop
      vertex 17.5 -56 -78.5
      vertex 46.6679 -69.8434 -78.5
      vertex 25.0007 -37.4161 -78.5
    endloop
  endfacet
  facet normal 0 0 1
    outer loop
      vertex 42 -72.7461 -78.5
      vertex 17.5 -56 -78.5
      vertex 37.1522 -75.3373 -78.5
    endloop
  endfacet
  facet normal 0 0 1
    outer loop
      vertex 37.1522 -75.3373 -78.5
      vertex 17.5 -56 -78.5
      vertex 32.1454 -77.6059 -78.5
    endloop
  endfacet
  facet normal 0 0 1
    outer loop
      vertex 46.6679 -69.8434 -78.5
      vertex 17.5 -56 -78.5
      vertex 42 -72.7461 -78.5
    endloop
  endfacet
  facet normal 0 0 1
    outer loop
      vertex 17.5 -56 -78.5
      vertex 25.0007 -37.4161 -78.5
      vertex 22.5 -38.9711 -78.5
    endloop
  endfacet
  facet normal 0 0 1
    outer loop
      vertex 32.1454 -77.6059 -78.5
      vertex 17.5 -56 -78.5
      vertex 27.0009 -79.5421 -78.5
    endloop
  endfacet
  facet normal 0 0 1
    outer loop
      vertex 17.5 -56 -78.5
      vertex 22.5 -38.9711 -78.5
      vertex 19.903 -40.3593 -78.5
    endloop
  endfacet
  facet normal 0 0 1
    outer loop
      vertex 17.5 -56 -78.5
      vertex 19.903 -40.3593 -78.5
      vertex 17.5 -41.4481 -78.5
    endloop
  endfacet
  facet normal 0 0 1
    outer loop
      vertex 27.0009 -79.5421 -78.5
      vertex 17.5 -56 -78.5
      vertex 21.7408 -81.1378 -78.5
    endloop
  endfacet
  facet normal 0 0 1
    outer loop
      vertex 17.5 -56 -78.5
      vertex 16.3876 -82.386 -78.5
      vertex 21.7408 -81.1378 -78.5
    endloop
  endfacet
  facet normal 0 0 1
    outer loop
      vertex 17.5 -56 -78.5
      vertex 10.9642 -83.2814 -78.5
      vertex 16.3876 -82.386 -78.5
    endloop
  endfacet
  facet normal 0 0 1
    outer loop
      vertex 17.5 -56 -78.5
      vertex 5.49386 -83.8202 -78.5
      vertex 10.9642 -83.2814 -78.5
    endloop
  endfacet
  facet normal 0 0 1
    outer loop
      vertex 17.5 -56 -78.5
      vertex 0 -84 -78.5
      vertex 5.49386 -83.8202 -78.5
    endloop
  endfacet
  facet normal -0 0 1
    outer loop
      vertex -17.5 -56 -78.5
      vertex 0 -84 -78.5
      vertex 17.5 -56 -78.5
    endloop
  endfacet
  facet normal 0 0 1
    outer loop
      vertex 0 -84 -78.5
      vertex -17.5 -56 -78.5
      vertex -5.49386 -83.8202 -78.5
    endloop
  endfacet
  facet normal 0 0 1
    outer loop
      vertex -5.49386 -83.8202 -78.5
      vertex -17.5 -56 -78.5
      vertex -10.9642 -83.2814 -78.5
    endloop
  endfacet
  facet normal 0 0 1
    outer loop
      vertex -10.9642 -83.2814 -78.5
      vertex -17.5 -56 -78.5
      vertex -16.3876 -82.386 -78.5
    endloop
  endfacet
  facet normal 0 0 1
    outer loop
      vertex -22.5 -38.9711 -78.5
      vertex -17.5 -56 -78.5
      vertex -19.903 -40.3593 -78.5
    endloop
  endfacet
  facet normal 0 0 1
    outer loop
      vertex -17.5 -56 -78.5
      vertex -21.7408 -81.1378 -78.5
      vertex -16.3876 -82.386 -78.5
    endloop
  endfacet
  facet normal 0 0 1
    outer loop
      vertex -25.0007 -37.4161 -78.5
      vertex -17.5 -56 -78.5
      vertex -22.5 -38.9711 -78.5
    endloop
  endfacet
  facet normal 0 0 1
    outer loop
      vertex -46.6679 -69.8434 -78.5
      vertex -17.5 -56 -78.5
      vertex -25.0007 -37.4161 -78.5
    endloop
  endfacet
  facet normal 0 0 1
    outer loop
      vertex -17.5 -56 -78.5
      vertex -27.0009 -79.5421 -78.5
      vertex -21.7408 -81.1378 -78.5
    endloop
  endfacet
  facet normal 0 0 1
    outer loop
      vertex -46.6679 -69.8434 -78.5
      vertex -25.0007 -37.4161 -78.5
      vertex -27.3943 -35.7009 -78.5
    endloop
  endfacet
  facet normal 0 0 1
    outer loop
      vertex -51.136 -66.6417 -78.5
      vertex -27.3943 -35.7009 -78.5
      vertex -29.6706 -33.8328 -78.5
    endloop
  endfacet
  facet normal 0 0 1
    outer loop
      vertex -55.385 -63.1545 -78.5
      vertex -29.6706 -33.8328 -78.5
      vertex -31.8198 -31.8198 -78.5
    endloop
  endfacet
  facet normal 0 0 1
    outer loop
      vertex -17.5 -56 -78.5
      vertex -32.1454 -77.6059 -78.5
      vertex -27.0009 -79.5421 -78.5
    endloop
  endfacet
  facet normal 0 0 1
    outer loop
      vertex -59.397 -59.397 -78.5
      vertex -31.8198 -31.8198 -78.5
      vertex -33.8328 -29.6706 -78.5
    endloop
  endfacet
  facet normal 0 0 1
    outer loop
      vertex -63.1545 -55.385 -78.5
      vertex -33.8328 -29.6706 -78.5
      vertex -35.7009 -27.3943 -78.5
    endloop
  endfacet
  facet normal 0 0 1
    outer loop
      vertex -17.5 -56 -78.5
      vertex -37.1522 -75.3373 -78.5
      vertex -32.1454 -77.6059 -78.5
    endloop
  endfacet
  facet normal 0 0 1
    outer loop
      vertex -66.6417 -51.136 -78.5
      vertex -35.7009 -27.3943 -78.5
      vertex -37.4161 -25.0007 -78.5
    endloop
  endfacet
  facet normal 0 0 1
    outer loop
      vertex -66.6417 -51.136 -78.5
      vertex -37.4161 -25.0007 -78.5
      vertex -38.9711 -22.5 -78.5
    endloop
  endfacet
  facet normal 0 0 1
    outer loop
      vertex -55 -14 -78.5
      vertex -38.9711 -22.5 -78.5
      vertex -40.3593 -19.903 -78.5
    endloop
  endfacet
  facet normal 0 0 1
    outer loop
      vertex -55 -14 -78.5
      vertex -40.3593 -19.903 -78.5
      vertex -41.5746 -17.2208 -78.5
    endloop
  endfacet
  facet normal 0 0 1
    outer loop
      vertex -17.5 -56 -78.5
      vertex -42 -72.7461 -78.5
      vertex -37.1522 -75.3373 -78.5
    endloop
  endfacet
  facet normal 0 0 1
    outer loop
      vertex -55 -14 -78.5
      vertex -41.5746 -17.2208 -78.5
      vertex -42.6119 -14.4648 -78.5
    endloop
  endfacet
  facet normal -0 0 1
    outer loop
      vertex -55 -14 -78.5
      vertex -42.6119 -14.4648 -78.5
      vertex -42.7528 -14 -78.5
    endloop
  endfacet
  facet normal 0 0 1
    outer loop
      vertex -17.5 -56 -78.5
      vertex -46.6679 -69.8434 -78.5
      vertex -42 -72.7461 -78.5
    endloop
  endfacet
  facet normal 0 0 1
    outer loop
      vertex -27.3943 -35.7009 -78.5
      vertex -51.136 -66.6417 -78.5
      vertex -46.6679 -69.8434 -78.5
    endloop
  endfacet
  facet normal 0 0 1
    outer loop
      vertex -38.9711 -22.5 -78.5
      vertex -55 -14 -78.5
      vertex -66.6417 -51.136 -78.5
    endloop
  endfacet
  facet normal 0 0 1
    outer loop
      vertex -29.6706 -33.8328 -78.5
      vertex -55.385 -63.1545 -78.5
      vertex -51.136 -66.6417 -78.5
    endloop
  endfacet
  facet normal 0 0 1
    outer loop
      vertex -55 14 -78.5
      vertex -68.6348 10 -78.5
      vertex -55 -14 -78.5
    endloop
  endfacet
  facet normal 0 0 1
    outer loop
      vertex -41.5746 17.2208 -78.5
      vertex -55 14 -78.5
      vertex -42.6119 14.4648 -78.5
    endloop
  endfacet
  facet normal -0 0 1
    outer loop
      vertex -68.6348 -10 -78.5
      vertex -55 -14 -78.5
      vertex -68.6348 10 -78.5
    endloop
  endfacet
  facet normal 0 0 1
    outer loop
      vertex -42.6119 14.4648 -78.5
      vertex -55 14 -78.5
      vertex -42.7528 14 -78.5
    endloop
  endfacet
  facet normal 0 0 1
    outer loop
      vertex -31.8198 -31.8198 -78.5
      vertex -59.397 -59.397 -78.5
      vertex -55.385 -63.1545 -78.5
    endloop
  endfacet
  facet normal 0 0 1
    outer loop
      vertex -40.3593 19.903 -78.5
      vertex -55 14 -78.5
      vertex -41.5746 17.2208 -78.5
    endloop
  endfacet
  facet normal 0 0 1
    outer loop
      vertex -33.8328 -29.6706 -78.5
      vertex -63.1545 -55.385 -78.5
      vertex -59.397 -59.397 -78.5
    endloop
  endfacet
  facet normal 0 0 1
    outer loop
      vertex -35.7009 -27.3943 -78.5
      vertex -66.6417 -51.136 -78.5
      vertex -63.1545 -55.385 -78.5
    endloop
  endfacet
  facet normal 0 0 1
    outer loop
      vertex -38.9711 22.5 -78.5
      vertex -72.7461 42 -78.5
      vertex -55 14 -78.5
    endloop
  endfacet
  facet normal -0 0 1
    outer loop
      vertex -75.3373 37.1522 -78.5
      vertex -55 14 -78.5
      vertex -72.7461 42 -78.5
    endloop
  endfacet
  facet normal -0 0 1
    outer loop
      vertex -77.6059 32.1454 -78.5
      vertex -55 14 -78.5
      vertex -75.3373 37.1522 -78.5
    endloop
  endfacet
  facet normal -0 0 1
    outer loop
      vertex -79.5421 27.0009 -78.5
      vertex -55 14 -78.5
      vertex -77.6059 32.1454 -78.5
    endloop
  endfacet
  facet normal 0 0 1
    outer loop
      vertex -55 14 -78.5
      vertex -79.5421 27.0009 -78.5
      vertex -68.6348 10 -78.5
    endloop
  endfacet
  facet normal -0 0 1
    outer loop
      vertex -81.1378 21.7408 -78.5
      vertex -68.6348 10 -78.5
      vertex -79.5421 27.0009 -78.5
    endloop
  endfacet
  facet normal -0 0 1
    outer loop
      vertex -82.386 16.3876 -78.5
      vertex -68.6348 10 -78.5
      vertex -81.1378 21.7408 -78.5
    endloop
  endfacet
  facet normal -0 0 1
    outer loop
      vertex -83.2814 10.9642 -78.5
      vertex -68.6348 10 -78.5
      vertex -82.386 16.3876 -78.5
    endloop
  endfacet
  facet normal 0 0 1
    outer loop
      vertex -68.6348 10 -78.5
      vertex -83.2814 10.9642 -78.5
      vertex -83.3763 10 -78.5
    endloop
  endfacet
  facet normal -0.412714 -0.910861 0
    outer loop
      vertex -37.1522 -75.3373 -81.5
      vertex -32.1454 -77.6059 -78.5
      vertex -37.1522 -75.3373 -78.5
    endloop
  endfacet
  facet normal -0.412714 -0.910861 -0
    outer loop
      vertex -32.1454 -77.6059 -78.5
      vertex -37.1522 -75.3373 -81.5
      vertex -32.1454 -77.6059 -81.5
    endloop
  endfacet
  facet normal -0.471396 0.881921 0
    outer loop
      vertex -37.1522 75.3373 -81.5
      vertex -42 72.7461 -78.5
      vertex -37.1522 75.3373 -78.5
    endloop
  endfacet
  facet normal -0.471396 0.881921 0
    outer loop
      vertex -42 72.7461 -78.5
      vertex -37.1522 75.3373 -81.5
      vertex -42 72.7461 -81.5
    endloop
  endfacet
  facet normal -0.910862 -0.41271 0
    outer loop
      vertex 41.5746 17.2208 -81.5
      vertex 40.3593 19.903 -78.5
      vertex 40.3593 19.903 -81.5
    endloop
  endfacet
  facet normal -0.910862 -0.41271 0
    outer loop
      vertex 40.3593 19.903 -78.5
      vertex 41.5746 17.2208 -81.5
      vertex 41.5746 17.2208 -78.5
    endloop
  endfacet
  facet normal -0.528059 0.849208 0
    outer loop
      vertex 25.0007 -37.4161 -81.5
      vertex 22.5 -38.9711 -78.5
      vertex 25.0007 -37.4161 -78.5
    endloop
  endfacet
  facet normal -0.528059 0.849208 0
    outer loop
      vertex 22.5 -38.9711 -78.5
      vertex 25.0007 -37.4161 -81.5
      vertex 22.5 -38.9711 -81.5
    endloop
  endfacet
  facet normal -0.935904 -0.352255 0
    outer loop
      vertex 42.6119 14.4648 -81.5
      vertex 41.5746 17.2208 -78.5
      vertex 41.5746 17.2208 -81.5
    endloop
  endfacet
  facet normal -0.935904 -0.352255 0
    outer loop
      vertex 41.5746 17.2208 -78.5
      vertex 42.6119 14.4648 -81.5
      vertex 42.6119 14.4648 -78.5
    endloop
  endfacet
  facet normal -0.528059 -0.849208 0
    outer loop
      vertex 22.5 38.9711 -81.5
      vertex 25.0007 37.4161 -78.5
      vertex 22.5 38.9711 -78.5
    endloop
  endfacet
  facet normal -0.528059 -0.849208 -0
    outer loop
      vertex 25.0007 37.4161 -78.5
      vertex 22.5 38.9711 -81.5
      vertex 25.0007 37.4161 -81.5
    endloop
  endfacet
  facet normal -0.773012 0.634391 0
    outer loop
      vertex 33.8328 -29.6706 -81.5
      vertex 35.7009 -27.3943 -78.5
      vertex 35.7009 -27.3943 -81.5
    endloop
  endfacet
  facet normal -0.773012 0.634391 0
    outer loop
      vertex 35.7009 -27.3943 -78.5
      vertex 33.8328 -29.6706 -81.5
      vertex 33.8328 -29.6706 -78.5
    endloop
  endfacet
  facet normal 0.683602 -0.729855 0
    outer loop
      vertex -31.8198 31.8198 -81.5
      vertex -29.6706 33.8328 -78.5
      vertex -31.8198 31.8198 -78.5
    endloop
  endfacet
  facet normal 0.683602 -0.729855 0
    outer loop
      vertex -29.6706 33.8328 -78.5
      vertex -31.8198 31.8198 -81.5
      vertex -29.6706 33.8328 -81.5
    endloop
  endfacet
  facet normal -0.773012 -0.634391 0
    outer loop
      vertex 35.7009 27.3943 -81.5
      vertex 33.8328 29.6706 -78.5
      vertex 33.8328 29.6706 -81.5
    endloop
  endfacet
  facet normal -0.773012 -0.634391 0
    outer loop
      vertex 33.8328 29.6706 -78.5
      vertex 35.7009 27.3943 -81.5
      vertex 35.7009 27.3943 -78.5
    endloop
  endfacet
  facet normal 0.812851 0.582471 0
    outer loop
      vertex -35.7009 -27.3943 -78.5
      vertex -37.4161 -25.0007 -81.5
      vertex -37.4161 -25.0007 -78.5
    endloop
  endfacet
  facet normal 0.812851 0.582471 0
    outer loop
      vertex -37.4161 -25.0007 -81.5
      vertex -35.7009 -27.3943 -78.5
      vertex -35.7009 -27.3943 -81.5
    endloop
  endfacet
  facet normal 0.812851 -0.582471 0
    outer loop
      vertex -37.4161 25.0007 -78.5
      vertex -35.7009 27.3943 -81.5
      vertex -35.7009 27.3943 -78.5
    endloop
  endfacet
  facet normal 0.812851 -0.582471 0
    outer loop
      vertex -35.7009 27.3943 -81.5
      vertex -37.4161 25.0007 -78.5
      vertex -37.4161 25.0007 -81.5
    endloop
  endfacet
  facet normal 0.910862 -0.41271 0
    outer loop
      vertex -41.5746 17.2208 -78.5
      vertex -40.3593 19.903 -81.5
      vertex -40.3593 19.903 -78.5
    endloop
  endfacet
  facet normal 0.910862 -0.41271 0
    outer loop
      vertex -40.3593 19.903 -81.5
      vertex -41.5746 17.2208 -78.5
      vertex -41.5746 17.2208 -81.5
    endloop
  endfacet
  facet normal 0.634391 -0.773012 0
    outer loop
      vertex -29.6706 33.8328 -81.5
      vertex -27.3943 35.7009 -78.5
      vertex -29.6706 33.8328 -78.5
    endloop
  endfacet
  facet normal 0.634391 -0.773012 0
    outer loop
      vertex -27.3943 35.7009 -78.5
      vertex -29.6706 33.8328 -81.5
      vertex -27.3943 35.7009 -81.5
    endloop
  endfacet
  facet normal 0.935904 0.352255 0
    outer loop
      vertex -41.5746 -17.2208 -78.5
      vertex -42.6119 -14.4648 -81.5
      vertex -42.6119 -14.4648 -78.5
    endloop
  endfacet
  facet normal 0.935904 0.352255 0
    outer loop
      vertex -42.6119 -14.4648 -81.5
      vertex -41.5746 -17.2208 -78.5
      vertex -41.5746 -17.2208 -81.5
    endloop
  endfacet
  facet normal 0.41271 -0.910862 0
    outer loop
      vertex -19.903 40.3593 -81.5
      vertex -17.2208 41.5746 -78.5
      vertex -19.903 40.3593 -78.5
    endloop
  endfacet
  facet normal 0.41271 -0.910862 0
    outer loop
      vertex -17.2208 41.5746 -78.5
      vertex -19.903 40.3593 -81.5
      vertex -17.2208 41.5746 -81.5
    endloop
  endfacet
  facet normal -0.849208 -0.528059 0
    outer loop
      vertex 38.9711 22.5 -81.5
      vertex 37.4161 25.0007 -78.5
      vertex 37.4161 25.0007 -81.5
    endloop
  endfacet
  facet normal -0.849208 -0.528059 0
    outer loop
      vertex 37.4161 25.0007 -78.5
      vertex 38.9711 22.5 -81.5
      vertex 38.9711 22.5 -78.5
    endloop
  endfacet
  facet normal 0.849208 -0.528059 0
    outer loop
      vertex -38.9711 22.5 -78.5
      vertex -37.4161 25.0007 -81.5
      vertex -37.4161 25.0007 -78.5
    endloop
  endfacet
  facet normal 0.849208 -0.528059 0
    outer loop
      vertex -37.4161 25.0007 -81.5
      vertex -38.9711 22.5 -78.5
      vertex -38.9711 22.5 -81.5
    endloop
  endfacet
  facet normal 0.935904 -0.352255 0
    outer loop
      vertex -42.6119 14.4648 -78.5
      vertex -41.5746 17.2208 -81.5
      vertex -41.5746 17.2208 -78.5
    endloop
  endfacet
  facet normal 0.935904 -0.352255 0
    outer loop
      vertex -41.5746 17.2208 -81.5
      vertex -42.6119 14.4648 -78.5
      vertex -42.6119 14.4648 -81.5
    endloop
  endfacet
  facet normal -0.812851 -0.582471 0
    outer loop
      vertex 37.4161 25.0007 -81.5
      vertex 35.7009 27.3943 -78.5
      vertex 35.7009 27.3943 -81.5
    endloop
  endfacet
  facet normal -0.812851 -0.582471 0
    outer loop
      vertex 35.7009 27.3943 -78.5
      vertex 37.4161 25.0007 -81.5
      vertex 37.4161 25.0007 -78.5
    endloop
  endfacet
  facet normal -0.634391 0.773012 0
    outer loop
      vertex 29.6706 -33.8328 -81.5
      vertex 27.3943 -35.7009 -78.5
      vertex 29.6706 -33.8328 -78.5
    endloop
  endfacet
  facet normal -0.634391 0.773012 0
    outer loop
      vertex 27.3943 -35.7009 -78.5
      vertex 29.6706 -33.8328 -81.5
      vertex 27.3943 -35.7009 -81.5
    endloop
  endfacet
  facet normal 0.582471 -0.812851 0
    outer loop
      vertex -27.3943 35.7009 -81.5
      vertex -25.0007 37.4161 -78.5
      vertex -27.3943 35.7009 -78.5
    endloop
  endfacet
  facet normal 0.582471 -0.812851 0
    outer loop
      vertex -25.0007 37.4161 -78.5
      vertex -27.3943 35.7009 -81.5
      vertex -25.0007 37.4161 -81.5
    endloop
  endfacet
  facet normal 0.412712 0.910862 -0
    outer loop
      vertex -17.5 -41.4481 -81.5
      vertex -19.903 -40.3593 -78.5
      vertex -17.5 -41.4481 -78.5
    endloop
  endfacet
  facet normal 0.412712 0.910862 0
    outer loop
      vertex -19.903 -40.3593 -78.5
      vertex -17.5 -41.4481 -81.5
      vertex -19.903 -40.3593 -81.5
    endloop
  endfacet
  facet normal -0.582471 -0.812851 0
    outer loop
      vertex 25.0007 37.4161 -81.5
      vertex 27.3943 35.7009 -78.5
      vertex 25.0007 37.4161 -78.5
    endloop
  endfacet
  facet normal -0.582471 -0.812851 -0
    outer loop
      vertex 27.3943 35.7009 -78.5
      vertex 25.0007 37.4161 -81.5
      vertex 27.3943 35.7009 -81.5
    endloop
  endfacet
  facet normal -0.812851 0.582471 0
    outer loop
      vertex 35.7009 -27.3943 -81.5
      vertex 37.4161 -25.0007 -78.5
      vertex 37.4161 -25.0007 -81.5
    endloop
  endfacet
  facet normal -0.812851 0.582471 0
    outer loop
      vertex 37.4161 -25.0007 -78.5
      vertex 35.7009 -27.3943 -81.5
      vertex 35.7009 -27.3943 -78.5
    endloop
  endfacet
  facet normal -0.881911 -0.471416 0
    outer loop
      vertex 40.3593 19.903 -81.5
      vertex 38.9711 22.5 -78.5
      vertex 38.9711 22.5 -81.5
    endloop
  endfacet
  facet normal -0.881911 -0.471416 0
    outer loop
      vertex 38.9711 22.5 -78.5
      vertex 40.3593 19.903 -81.5
      vertex 40.3593 19.903 -78.5
    endloop
  endfacet
  facet normal 0.956995 0.290105 0
    outer loop
      vertex -42.6119 -14.4648 -78.5
      vertex -42.7528 -14 -81.5
      vertex -42.7528 -14 -78.5
    endloop
  endfacet
  facet normal 0.956995 0.290105 0
    outer loop
      vertex -42.7528 -14 -81.5
      vertex -42.6119 -14.4648 -78.5
      vertex -42.6119 -14.4648 -81.5
    endloop
  endfacet
  facet normal 0.0980397 -0.995183 0
    outer loop
      vertex -5.87368 44.615 -81.5
      vertex -2.94314 44.9037 -78.5
      vertex -5.87368 44.615 -78.5
    endloop
  endfacet
  facet normal 0.0980397 -0.995183 0
    outer loop
      vertex -2.94314 44.9037 -78.5
      vertex -5.87368 44.615 -81.5
      vertex -2.94314 44.9037 -81.5
    endloop
  endfacet
  facet normal -0.162902 -0.986642 0
    outer loop
      vertex 5.87368 44.615 -81.5
      vertex 8.77906 44.1353 -78.5
      vertex 5.87368 44.615 -78.5
    endloop
  endfacet
  facet normal -0.162902 -0.986642 -0
    outer loop
      vertex 8.77906 44.1353 -78.5
      vertex 5.87368 44.615 -81.5
      vertex 8.77906 44.1353 -81.5
    endloop
  endfacet
  facet normal 0.582471 0.812851 -0
    outer loop
      vertex -25.0007 -37.4161 -81.5
      vertex -27.3943 -35.7009 -78.5
      vertex -25.0007 -37.4161 -78.5
    endloop
  endfacet
  facet normal 0.582471 0.812851 0
    outer loop
      vertex -27.3943 -35.7009 -78.5
      vertex -25.0007 -37.4161 -81.5
      vertex -27.3943 -35.7009 -81.5
    endloop
  endfacet
  facet normal -0.471416 0.881911 0
    outer loop
      vertex 22.5 -38.9711 -81.5
      vertex 19.903 -40.3593 -78.5
      vertex 22.5 -38.9711 -78.5
    endloop
  endfacet
  facet normal -0.471416 0.881911 0
    outer loop
      vertex 19.903 -40.3593 -78.5
      vertex 22.5 -38.9711 -81.5
      vertex 19.903 -40.3593 -81.5
    endloop
  endfacet
  facet normal -0.956995 -0.290105 0
    outer loop
      vertex 42.7528 14 -81.5
      vertex 42.6119 14.4648 -78.5
      vertex 42.6119 14.4648 -81.5
    endloop
  endfacet
  facet normal -0.956995 -0.290105 0
    outer loop
      vertex 42.6119 14.4648 -78.5
      vertex 42.7528 14 -81.5
      vertex 42.7528 14 -78.5
    endloop
  endfacet
  facet normal 0.881911 0.471416 0
    outer loop
      vertex -38.9711 -22.5 -78.5
      vertex -40.3593 -19.903 -81.5
      vertex -40.3593 -19.903 -78.5
    endloop
  endfacet
  facet normal 0.881911 0.471416 0
    outer loop
      vertex -40.3593 -19.903 -81.5
      vertex -38.9711 -22.5 -78.5
      vertex -38.9711 -22.5 -81.5
    endloop
  endfacet
  facet normal 0.849208 0.528059 0
    outer loop
      vertex -37.4161 -25.0007 -78.5
      vertex -38.9711 -22.5 -81.5
      vertex -38.9711 -22.5 -78.5
    endloop
  endfacet
  facet normal 0.849208 0.528059 0
    outer loop
      vertex -38.9711 -22.5 -81.5
      vertex -37.4161 -25.0007 -78.5
      vertex -37.4161 -25.0007 -81.5
    endloop
  endfacet
  facet normal 0.528059 -0.849208 0
    outer loop
      vertex -25.0007 37.4161 -81.5
      vertex -22.5 38.9711 -78.5
      vertex -25.0007 37.4161 -78.5
    endloop
  endfacet
  facet normal 0.528059 -0.849208 0
    outer loop
      vertex -22.5 38.9711 -78.5
      vertex -25.0007 37.4161 -81.5
      vertex -22.5 38.9711 -81.5
    endloop
  endfacet
  facet normal -0.849208 0.528059 0
    outer loop
      vertex 37.4161 -25.0007 -81.5
      vertex 38.9711 -22.5 -78.5
      vertex 38.9711 -22.5 -81.5
    endloop
  endfacet
  facet normal -0.849208 0.528059 0
    outer loop
      vertex 38.9711 -22.5 -78.5
      vertex 37.4161 -25.0007 -81.5
      vertex 37.4161 -25.0007 -78.5
    endloop
  endfacet
  facet normal 0.352255 -0.935904 0
    outer loop
      vertex -17.2208 41.5746 -81.5
      vertex -14.4648 42.6119 -78.5
      vertex -17.2208 41.5746 -78.5
    endloop
  endfacet
  facet normal 0.352255 -0.935904 0
    outer loop
      vertex -14.4648 42.6119 -78.5
      vertex -17.2208 41.5746 -81.5
      vertex -14.4648 42.6119 -81.5
    endloop
  endfacet
  facet normal -0.634391 -0.773012 0
    outer loop
      vertex 27.3943 35.7009 -81.5
      vertex 29.6706 33.8328 -78.5
      vertex 27.3943 35.7009 -78.5
    endloop
  endfacet
  facet normal -0.634391 -0.773012 -0
    outer loop
      vertex 29.6706 33.8328 -78.5
      vertex 27.3943 35.7009 -81.5
      vertex 29.6706 33.8328 -81.5
    endloop
  endfacet
  facet normal 0.729855 0.683602 0
    outer loop
      vertex -31.8198 -31.8198 -78.5
      vertex -33.8328 -29.6706 -81.5
      vertex -33.8328 -29.6706 -78.5
    endloop
  endfacet
  facet normal 0.729855 0.683602 0
    outer loop
      vertex -33.8328 -29.6706 -81.5
      vertex -31.8198 -31.8198 -78.5
      vertex -31.8198 -31.8198 -81.5
    endloop
  endfacet
  facet normal 0.773012 -0.634391 0
    outer loop
      vertex -35.7009 27.3943 -78.5
      vertex -33.8328 29.6706 -81.5
      vertex -33.8328 29.6706 -78.5
    endloop
  endfacet
  facet normal 0.773012 -0.634391 0
    outer loop
      vertex -33.8328 29.6706 -81.5
      vertex -35.7009 27.3943 -78.5
      vertex -35.7009 27.3943 -81.5
    endloop
  endfacet
  facet normal 0.0327027 -0.999465 0
    outer loop
      vertex -2.94314 44.9037 -81.5
      vertex 0 45 -78.5
      vertex -2.94314 44.9037 -78.5
    endloop
  endfacet
  facet normal 0.0327027 -0.999465 0
    outer loop
      vertex 0 45 -78.5
      vertex -2.94314 44.9037 -81.5
      vertex 0 45 -81.5
    endloop
  endfacet
  facet normal -0.41271 -0.910862 0
    outer loop
      vertex 17.2208 41.5746 -81.5
      vertex 19.903 40.3593 -78.5
      vertex 17.2208 41.5746 -78.5
    endloop
  endfacet
  facet normal -0.41271 -0.910862 -0
    outer loop
      vertex 19.903 40.3593 -78.5
      vertex 17.2208 41.5746 -81.5
      vertex 19.903 40.3593 -81.5
    endloop
  endfacet
  facet normal -0.471416 -0.881911 0
    outer loop
      vertex 19.903 40.3593 -81.5
      vertex 22.5 38.9711 -78.5
      vertex 19.903 40.3593 -78.5
    endloop
  endfacet
  facet normal -0.471416 -0.881911 -0
    outer loop
      vertex 22.5 38.9711 -78.5
      vertex 19.903 40.3593 -81.5
      vertex 22.5 38.9711 -81.5
    endloop
  endfacet
  facet normal -0.683602 -0.729855 0
    outer loop
      vertex 29.6706 33.8328 -81.5
      vertex 31.8198 31.8198 -78.5
      vertex 29.6706 33.8328 -78.5
    endloop
  endfacet
  facet normal -0.683602 -0.729855 -0
    outer loop
      vertex 31.8198 31.8198 -78.5
      vertex 29.6706 33.8328 -81.5
      vertex 31.8198 31.8198 -81.5
    endloop
  endfacet
  facet normal 0.634391 0.773012 -0
    outer loop
      vertex -27.3943 -35.7009 -81.5
      vertex -29.6706 -33.8328 -78.5
      vertex -27.3943 -35.7009 -78.5
    endloop
  endfacet
  facet normal 0.634391 0.773012 0
    outer loop
      vertex -29.6706 -33.8328 -78.5
      vertex -27.3943 -35.7009 -81.5
      vertex -29.6706 -33.8328 -81.5
    endloop
  endfacet
  facet normal -0.352255 -0.935904 0
    outer loop
      vertex 14.4648 42.6119 -81.5
      vertex 17.2208 41.5746 -78.5
      vertex 14.4648 42.6119 -78.5
    endloop
  endfacet
  facet normal -0.352255 -0.935904 -0
    outer loop
      vertex 17.2208 41.5746 -78.5
      vertex 14.4648 42.6119 -81.5
      vertex 17.2208 41.5746 -81.5
    endloop
  endfacet
  facet normal 0.881911 -0.471416 0
    outer loop
      vertex -40.3593 19.903 -78.5
      vertex -38.9711 22.5 -81.5
      vertex -38.9711 22.5 -78.5
    endloop
  endfacet
  facet normal 0.881911 -0.471416 0
    outer loop
      vertex -38.9711 22.5 -81.5
      vertex -40.3593 19.903 -78.5
      vertex -40.3593 19.903 -81.5
    endloop
  endfacet
  facet normal 0.910862 0.41271 0
    outer loop
      vertex -40.3593 -19.903 -78.5
      vertex -41.5746 -17.2208 -81.5
      vertex -41.5746 -17.2208 -78.5
    endloop
  endfacet
  facet normal 0.910862 0.41271 0
    outer loop
      vertex -41.5746 -17.2208 -81.5
      vertex -40.3593 -19.903 -78.5
      vertex -40.3593 -19.903 -81.5
    endloop
  endfacet
  facet normal -0.935904 0.352255 0
    outer loop
      vertex 41.5746 -17.2208 -81.5
      vertex 42.6119 -14.4648 -78.5
      vertex 42.6119 -14.4648 -81.5
    endloop
  endfacet
  facet normal -0.935904 0.352255 0
    outer loop
      vertex 42.6119 -14.4648 -78.5
      vertex 41.5746 -17.2208 -81.5
      vertex 41.5746 -17.2208 -78.5
    endloop
  endfacet
  facet normal -0.729855 0.683602 0
    outer loop
      vertex 31.8198 -31.8198 -81.5
      vertex 33.8328 -29.6706 -78.5
      vertex 33.8328 -29.6706 -81.5
    endloop
  endfacet
  facet normal -0.729855 0.683602 0
    outer loop
      vertex 33.8328 -29.6706 -78.5
      vertex 31.8198 -31.8198 -81.5
      vertex 31.8198 -31.8198 -78.5
    endloop
  endfacet
  facet normal -0.881911 0.471416 0
    outer loop
      vertex 38.9711 -22.5 -81.5
      vertex 40.3593 -19.903 -78.5
      vertex 40.3593 -19.903 -81.5
    endloop
  endfacet
  facet normal -0.881911 0.471416 0
    outer loop
      vertex 40.3593 -19.903 -78.5
      vertex 38.9711 -22.5 -81.5
      vertex 38.9711 -22.5 -78.5
    endloop
  endfacet
  facet normal -0.0327027 -0.999465 0
    outer loop
      vertex 0 45 -81.5
      vertex 2.94314 44.9037 -78.5
      vertex 0 45 -78.5
    endloop
  endfacet
  facet normal -0.0327027 -0.999465 -0
    outer loop
      vertex 2.94314 44.9037 -78.5
      vertex 0 45 -81.5
      vertex 2.94314 44.9037 -81.5
    endloop
  endfacet
  facet normal -0.956995 0.290105 0
    outer loop
      vertex 42.6119 -14.4648 -81.5
      vertex 42.7528 -14 -78.5
      vertex 42.7528 -14 -81.5
    endloop
  endfacet
  facet normal -0.956995 0.290105 0
    outer loop
      vertex 42.7528 -14 -78.5
      vertex 42.6119 -14.4648 -81.5
      vertex 42.6119 -14.4648 -78.5
    endloop
  endfacet
  facet normal 0.528059 0.849208 -0
    outer loop
      vertex -22.5 -38.9711 -81.5
      vertex -25.0007 -37.4161 -78.5
      vertex -22.5 -38.9711 -78.5
    endloop
  endfacet
  facet normal 0.528059 0.849208 0
    outer loop
      vertex -25.0007 -37.4161 -78.5
      vertex -22.5 -38.9711 -81.5
      vertex -25.0007 -37.4161 -81.5
    endloop
  endfacet
  facet normal 0.227048 -0.973883 0
    outer loop
      vertex -11.6469 43.4667 -81.5
      vertex -8.77906 44.1353 -78.5
      vertex -11.6469 43.4667 -78.5
    endloop
  endfacet
  facet normal 0.227048 -0.973883 0
    outer loop
      vertex -8.77906 44.1353 -78.5
      vertex -11.6469 43.4667 -81.5
      vertex -8.77906 44.1353 -81.5
    endloop
  endfacet
  facet normal -0.683602 0.729855 0
    outer loop
      vertex 31.8198 -31.8198 -81.5
      vertex 29.6706 -33.8328 -78.5
      vertex 31.8198 -31.8198 -78.5
    endloop
  endfacet
  facet normal -0.683602 0.729855 0
    outer loop
      vertex 29.6706 -33.8328 -78.5
      vertex 31.8198 -31.8198 -81.5
      vertex 29.6706 -33.8328 -81.5
    endloop
  endfacet
  facet normal -0.729855 -0.683602 0
    outer loop
      vertex 33.8328 29.6706 -81.5
      vertex 31.8198 31.8198 -78.5
      vertex 31.8198 31.8198 -81.5
    endloop
  endfacet
  facet normal -0.729855 -0.683602 0
    outer loop
      vertex 31.8198 31.8198 -78.5
      vertex 33.8328 29.6706 -81.5
      vertex 33.8328 29.6706 -78.5
    endloop
  endfacet
  facet normal 0.290284 -0.95694 0
    outer loop
      vertex -14.4648 42.6119 -81.5
      vertex -11.6469 43.4667 -78.5
      vertex -14.4648 42.6119 -78.5
    endloop
  endfacet
  facet normal 0.290284 -0.95694 0
    outer loop
      vertex -11.6469 43.4667 -78.5
      vertex -14.4648 42.6119 -81.5
      vertex -11.6469 43.4667 -81.5
    endloop
  endfacet
  facet normal 0.162902 -0.986642 0
    outer loop
      vertex -8.77906 44.1353 -81.5
      vertex -5.87368 44.615 -78.5
      vertex -8.77906 44.1353 -78.5
    endloop
  endfacet
  facet normal 0.162902 -0.986642 0
    outer loop
      vertex -5.87368 44.615 -78.5
      vertex -8.77906 44.1353 -81.5
      vertex -5.87368 44.615 -81.5
    endloop
  endfacet
  facet normal -0.0980397 -0.995183 0
    outer loop
      vertex 2.94314 44.9037 -81.5
      vertex 5.87368 44.615 -78.5
      vertex 2.94314 44.9037 -78.5
    endloop
  endfacet
  facet normal -0.0980397 -0.995183 -0
    outer loop
      vertex 5.87368 44.615 -78.5
      vertex 2.94314 44.9037 -81.5
      vertex 5.87368 44.615 -81.5
    endloop
  endfacet
  facet normal 0.729855 -0.683602 0
    outer loop
      vertex -33.8328 29.6706 -78.5
      vertex -31.8198 31.8198 -81.5
      vertex -31.8198 31.8198 -78.5
    endloop
  endfacet
  facet normal 0.729855 -0.683602 0
    outer loop
      vertex -31.8198 31.8198 -81.5
      vertex -33.8328 29.6706 -78.5
      vertex -33.8328 29.6706 -81.5
    endloop
  endfacet
  facet normal -0.412712 0.910862 0
    outer loop
      vertex 19.903 -40.3593 -81.5
      vertex 17.5 -41.4481 -78.5
      vertex 19.903 -40.3593 -78.5
    endloop
  endfacet
  facet normal -0.412712 0.910862 0
    outer loop
      vertex 17.5 -41.4481 -78.5
      vertex 19.903 -40.3593 -81.5
      vertex 17.5 -41.4481 -81.5
    endloop
  endfacet
  facet normal 0.683602 0.729855 -0
    outer loop
      vertex -29.6706 -33.8328 -81.5
      vertex -31.8198 -31.8198 -78.5
      vertex -29.6706 -33.8328 -78.5
    endloop
  endfacet
  facet normal 0.683602 0.729855 0
    outer loop
      vertex -31.8198 -31.8198 -78.5
      vertex -29.6706 -33.8328 -81.5
      vertex -31.8198 -31.8198 -81.5
    endloop
  endfacet
  facet normal 0.773012 0.634391 0
    outer loop
      vertex -33.8328 -29.6706 -78.5
      vertex -35.7009 -27.3943 -81.5
      vertex -35.7009 -27.3943 -78.5
    endloop
  endfacet
  facet normal 0.773012 0.634391 0
    outer loop
      vertex -35.7009 -27.3943 -81.5
      vertex -33.8328 -29.6706 -78.5
      vertex -33.8328 -29.6706 -81.5
    endloop
  endfacet
  facet normal -0.227048 -0.973883 0
    outer loop
      vertex 8.77906 44.1353 -81.5
      vertex 11.6469 43.4667 -78.5
      vertex 8.77906 44.1353 -78.5
    endloop
  endfacet
  facet normal -0.227048 -0.973883 -0
    outer loop
      vertex 11.6469 43.4667 -78.5
      vertex 8.77906 44.1353 -81.5
      vertex 11.6469 43.4667 -81.5
    endloop
  endfacet
  facet normal -0.582471 0.812851 0
    outer loop
      vertex 27.3943 -35.7009 -81.5
      vertex 25.0007 -37.4161 -78.5
      vertex 27.3943 -35.7009 -78.5
    endloop
  endfacet
  facet normal -0.582471 0.812851 0
    outer loop
      vertex 25.0007 -37.4161 -78.5
      vertex 27.3943 -35.7009 -81.5
      vertex 25.0007 -37.4161 -81.5
    endloop
  endfacet
  facet normal 0.956995 -0.290105 0
    outer loop
      vertex -42.7528 14 -78.5
      vertex -42.6119 14.4648 -81.5
      vertex -42.6119 14.4648 -78.5
    endloop
  endfacet
  facet normal 0.956995 -0.290105 0
    outer loop
      vertex -42.6119 14.4648 -81.5
      vertex -42.7528 14 -78.5
      vertex -42.7528 14 -81.5
    endloop
  endfacet
  facet normal -0.290284 -0.95694 0
    outer loop
      vertex 11.6469 43.4667 -81.5
      vertex 14.4648 42.6119 -78.5
      vertex 11.6469 43.4667 -78.5
    endloop
  endfacet
  facet normal -0.290284 -0.95694 -0
    outer loop
      vertex 14.4648 42.6119 -78.5
      vertex 11.6469 43.4667 -81.5
      vertex 14.4648 42.6119 -81.5
    endloop
  endfacet
  facet normal -0.910862 0.41271 0
    outer loop
      vertex 40.3593 -19.903 -81.5
      vertex 41.5746 -17.2208 -78.5
      vertex 41.5746 -17.2208 -81.5
    endloop
  endfacet
  facet normal -0.910862 0.41271 0
    outer loop
      vertex 41.5746 -17.2208 -78.5
      vertex 40.3593 -19.903 -81.5
      vertex 40.3593 -19.903 -78.5
    endloop
  endfacet
  facet normal 0.471416 -0.881911 0
    outer loop
      vertex -22.5 38.9711 -81.5
      vertex -19.903 40.3593 -78.5
      vertex -22.5 38.9711 -78.5
    endloop
  endfacet
  facet normal 0.471416 -0.881911 0
    outer loop
      vertex -19.903 40.3593 -78.5
      vertex -22.5 38.9711 -81.5
      vertex -19.903 40.3593 -81.5
    endloop
  endfacet
  facet normal 0.471416 0.881911 -0
    outer loop
      vertex -19.903 -40.3593 -81.5
      vertex -22.5 -38.9711 -78.5
      vertex -19.903 -40.3593 -78.5
    endloop
  endfacet
  facet normal 0.471416 0.881911 0
    outer loop
      vertex -22.5 -38.9711 -78.5
      vertex -19.903 -40.3593 -81.5
      vertex -22.5 -38.9711 -81.5
    endloop
  endfacet
  facet normal 0.995184 0.0980205 0
    outer loop
      vertex 83.8202 5.49386 1.5
      vertex 83.2814 10.9642 -1.5
      vertex 83.2814 10.9642 1.5
    endloop
  endfacet
  facet normal 0.995184 0.0980205 0
    outer loop
      vertex 83.2814 10.9642 -1.5
      vertex 83.8202 5.49386 1.5
      vertex 83.8202 5.49386 -1.5
    endloop
  endfacet
  facet normal 0.999465 0.0327099 0
    outer loop
      vertex 84 0 1.5
      vertex 83.8202 5.49386 -1.5
      vertex 83.8202 5.49386 1.5
    endloop
  endfacet
  facet normal 0.999465 0.0327099 0
    outer loop
      vertex 83.8202 5.49386 -1.5
      vertex 84 0 1.5
      vertex 84 0 -1.5
    endloop
  endfacet
  facet normal 0.986644 0.162894 0
    outer loop
      vertex 83.2814 10.9642 1.5
      vertex 82.386 16.3876 -1.5
      vertex 82.386 16.3876 1.5
    endloop
  endfacet
  facet normal 0.986644 0.162894 0
    outer loop
      vertex 82.386 16.3876 -1.5
      vertex 83.2814 10.9642 1.5
      vertex 83.2814 10.9642 -1.5
    endloop
  endfacet
  facet normal 0.849201 0.52807 0
    outer loop
      vertex 72.7461 42 1.5
      vertex 69.8434 46.6679 -1.5
      vertex 69.8434 46.6679 1.5
    endloop
  endfacet
  facet normal 0.849201 0.52807 0
    outer loop
      vertex 69.8434 46.6679 -1.5
      vertex 72.7461 42 1.5
      vertex 72.7461 42 -1.5
    endloop
  endfacet
  facet normal 0.935909 0.352242 0
    outer loop
      vertex 79.5421 27.0009 1.5
      vertex 77.6059 32.1454 -1.5
      vertex 77.6059 32.1454 1.5
    endloop
  endfacet
  facet normal 0.935909 0.352242 0
    outer loop
      vertex 77.6059 32.1454 -1.5
      vertex 79.5421 27.0009 1.5
      vertex 79.5421 27.0009 -1.5
    endloop
  endfacet
  facet normal -0.910861 -0.412714 0
    outer loop
      vertex -75.3373 -37.1522 -1.5
      vertex -77.6059 -32.1454 1.5
      vertex -77.6059 -32.1454 -1.5
    endloop
  endfacet
  facet normal -0.910861 -0.412714 0
    outer loop
      vertex -77.6059 -32.1454 1.5
      vertex -75.3373 -37.1522 -1.5
      vertex -75.3373 -37.1522 1.5
    endloop
  endfacet
  facet normal 0.973877 0.227078 0
    outer loop
      vertex 82.386 16.3876 1.5
      vertex 81.1378 21.7408 -1.5
      vertex 81.1378 21.7408 1.5
    endloop
  endfacet
  facet normal 0.973877 0.227078 0
    outer loop
      vertex 81.1378 21.7408 -1.5
      vertex 82.386 16.3876 1.5
      vertex 82.386 16.3876 -1.5
    endloop
  endfacet
  facet normal 0.471396 0.881921 -0
    outer loop
      vertex 42 72.7461 -1.5
      vertex 37.1522 75.3373 1.5
      vertex 42 72.7461 1.5
    endloop
  endfacet
  facet normal 0.471396 0.881921 0
    outer loop
      vertex 37.1522 75.3373 1.5
      vertex 42 72.7461 -1.5
      vertex 37.1522 75.3373 -1.5
    endloop
  endfacet
  facet normal 0.352242 -0.935909 0
    outer loop
      vertex 27.0009 -79.5421 -1.5
      vertex 32.1454 -77.6059 1.5
      vertex 27.0009 -79.5421 1.5
    endloop
  endfacet
  facet normal 0.352242 -0.935909 0
    outer loop
      vertex 32.1454 -77.6059 1.5
      vertex 27.0009 -79.5421 -1.5
      vertex 32.1454 -77.6059 -1.5
    endloop
  endfacet
  facet normal -0.881921 0.471396 0
    outer loop
      vertex -75.3373 37.1522 -1.5
      vertex -72.7461 42 1.5
      vertex -72.7461 42 -1.5
    endloop
  endfacet
  facet normal -0.881921 0.471396 0
    outer loop
      vertex -72.7461 42 1.5
      vertex -75.3373 37.1522 -1.5
      vertex -75.3373 37.1522 1.5
    endloop
  endfacet
  facet normal -0.812855 0.582466 0
    outer loop
      vertex -69.8434 46.6679 -1.5
      vertex -66.6417 51.136 1.5
      vertex -66.6417 51.136 -1.5
    endloop
  endfacet
  facet normal -0.812855 0.582466 0
    outer loop
      vertex -66.6417 51.136 1.5
      vertex -69.8434 46.6679 -1.5
      vertex -69.8434 46.6679 1.5
    endloop
  endfacet
  facet normal -0.0327099 -0.999465 0
    outer loop
      vertex -5.49386 -83.8202 -1.5
      vertex 0 -84 1.5
      vertex -5.49386 -83.8202 1.5
    endloop
  endfacet
  facet normal -0.0327099 -0.999465 -0
    outer loop
      vertex 0 -84 1.5
      vertex -5.49386 -83.8202 -1.5
      vertex 0 -84 -1.5
    endloop
  endfacet
  facet normal 0.995184 -0.0980205 0
    outer loop
      vertex 83.2814 -10.9642 1.5
      vertex 83.8202 -5.49386 -1.5
      vertex 83.8202 -5.49386 1.5
    endloop
  endfacet
  facet normal 0.995184 -0.0980205 0
    outer loop
      vertex 83.8202 -5.49386 -1.5
      vertex 83.2814 -10.9642 1.5
      vertex 83.2814 -10.9642 -1.5
    endloop
  endfacet
  facet normal -0.812855 -0.582466 0
    outer loop
      vertex -66.6417 -51.136 -1.5
      vertex -69.8434 -46.6679 1.5
      vertex -69.8434 -46.6679 -1.5
    endloop
  endfacet
  facet normal -0.812855 -0.582466 0
    outer loop
      vertex -69.8434 -46.6679 1.5
      vertex -66.6417 -51.136 -1.5
      vertex -66.6417 -51.136 1.5
    endloop
  endfacet
  facet normal 0.729878 0.683578 0
    outer loop
      vertex 63.1545 55.385 1.5
      vertex 59.397 59.397 -1.5
      vertex 59.397 59.397 1.5
    endloop
  endfacet
  facet normal 0.729878 0.683578 0
    outer loop
      vertex 59.397 59.397 -1.5
      vertex 63.1545 55.385 1.5
      vertex 63.1545 55.385 -1.5
    endloop
  endfacet
  facet normal -0.683578 -0.729878 0
    outer loop
      vertex -59.397 -59.397 -1.5
      vertex -55.385 -63.1545 1.5
      vertex -59.397 -59.397 1.5
    endloop
  endfacet
  facet normal -0.683578 -0.729878 -0
    outer loop
      vertex -55.385 -63.1545 1.5
      vertex -59.397 -59.397 -1.5
      vertex -55.385 -63.1545 -1.5
    endloop
  endfacet
  facet normal -0.729878 -0.683578 0
    outer loop
      vertex -59.397 -59.397 -1.5
      vertex -63.1545 -55.385 1.5
      vertex -63.1545 -55.385 -1.5
    endloop
  endfacet
  facet normal -0.729878 -0.683578 0
    outer loop
      vertex -63.1545 -55.385 1.5
      vertex -59.397 -59.397 -1.5
      vertex -59.397 -59.397 1.5
    endloop
  endfacet
  facet normal 0.956937 0.290296 0
    outer loop
      vertex 81.1378 21.7408 1.5
      vertex 79.5421 27.0009 -1.5
      vertex 79.5421 27.0009 1.5
    endloop
  endfacet
  facet normal 0.956937 0.290296 0
    outer loop
      vertex 79.5421 27.0009 -1.5
      vertex 81.1378 21.7408 1.5
      vertex 81.1378 21.7408 -1.5
    endloop
  endfacet
  facet normal 0.772998 -0.634408 0
    outer loop
      vertex 63.1545 -55.385 1.5
      vertex 66.6417 -51.136 -1.5
      vertex 66.6417 -51.136 1.5
    endloop
  endfacet
  facet normal 0.772998 -0.634408 0
    outer loop
      vertex 66.6417 -51.136 -1.5
      vertex 63.1545 -55.385 1.5
      vertex 63.1545 -55.385 -1.5
    endloop
  endfacet
  facet normal 0.986644 -0.162894 0
    outer loop
      vertex 82.386 -16.3876 1.5
      vertex 83.2814 -10.9642 -1.5
      vertex 83.2814 -10.9642 1.5
    endloop
  endfacet
  facet normal 0.986644 -0.162894 0
    outer loop
      vertex 83.2814 -10.9642 -1.5
      vertex 82.386 -16.3876 1.5
      vertex 82.386 -16.3876 -1.5
    endloop
  endfacet
  facet normal -0.973877 -0.227078 0
    outer loop
      vertex -81.1378 -21.7408 -1.5
      vertex -82.386 -16.3876 1.5
      vertex -82.386 -16.3876 -1.5
    endloop
  endfacet
  facet normal -0.973877 -0.227078 0
    outer loop
      vertex -82.386 -16.3876 1.5
      vertex -81.1378 -21.7408 -1.5
      vertex -81.1378 -21.7408 1.5
    endloop
  endfacet
  facet normal 0.290296 -0.956937 0
    outer loop
      vertex 21.7408 -81.1378 -1.5
      vertex 27.0009 -79.5421 1.5
      vertex 21.7408 -81.1378 1.5
    endloop
  endfacet
  facet normal 0.290296 -0.956937 0
    outer loop
      vertex 27.0009 -79.5421 1.5
      vertex 21.7408 -81.1378 -1.5
      vertex 27.0009 -79.5421 -1.5
    endloop
  endfacet
  facet normal 0.0327099 -0.999465 0
    outer loop
      vertex 0 -84 -1.5
      vertex 5.49386 -83.8202 1.5
      vertex 0 -84 1.5
    endloop
  endfacet
  facet normal 0.0327099 -0.999465 0
    outer loop
      vertex 5.49386 -83.8202 1.5
      vertex 0 -84 -1.5
      vertex 5.49386 -83.8202 -1.5
    endloop
  endfacet
  facet normal -0.162894 0.986644 0
    outer loop
      vertex -10.9642 83.2814 -1.5
      vertex -16.3876 82.386 1.5
      vertex -10.9642 83.2814 1.5
    endloop
  endfacet
  facet normal -0.162894 0.986644 0
    outer loop
      vertex -16.3876 82.386 1.5
      vertex -10.9642 83.2814 -1.5
      vertex -16.3876 82.386 -1.5
    endloop
  endfacet
  facet normal 0.352242 0.935909 -0
    outer loop
      vertex 32.1454 77.6059 -1.5
      vertex 27.0009 79.5421 1.5
      vertex 32.1454 77.6059 1.5
    endloop
  endfacet
  facet normal 0.352242 0.935909 0
    outer loop
      vertex 27.0009 79.5421 1.5
      vertex 32.1454 77.6059 -1.5
      vertex 27.0009 79.5421 -1.5
    endloop
  endfacet
  facet normal -0.935909 -0.352242 0
    outer loop
      vertex -77.6059 -32.1454 -1.5
      vertex -79.5421 -27.0009 1.5
      vertex -79.5421 -27.0009 -1.5
    endloop
  endfacet
  facet normal -0.935909 -0.352242 0
    outer loop
      vertex -79.5421 -27.0009 1.5
      vertex -77.6059 -32.1454 -1.5
      vertex -77.6059 -32.1454 1.5
    endloop
  endfacet
  facet normal 0.634408 0.772998 -0
    outer loop
      vertex 55.385 63.1545 -1.5
      vertex 51.136 66.6417 1.5
      vertex 55.385 63.1545 1.5
    endloop
  endfacet
  facet normal 0.634408 0.772998 0
    outer loop
      vertex 51.136 66.6417 1.5
      vertex 55.385 63.1545 -1.5
      vertex 51.136 66.6417 -1.5
    endloop
  endfacet
  facet normal -0.729878 0.683578 0
    outer loop
      vertex -63.1545 55.385 -1.5
      vertex -59.397 59.397 1.5
      vertex -59.397 59.397 -1.5
    endloop
  endfacet
  facet normal -0.729878 0.683578 0
    outer loop
      vertex -59.397 59.397 1.5
      vertex -63.1545 55.385 -1.5
      vertex -63.1545 55.385 1.5
    endloop
  endfacet
  facet normal 0.471396 -0.881921 0
    outer loop
      vertex 37.1522 -75.3373 -1.5
      vertex 42 -72.7461 1.5
      vertex 37.1522 -75.3373 1.5
    endloop
  endfacet
  facet normal 0.471396 -0.881921 0
    outer loop
      vertex 42 -72.7461 1.5
      vertex 37.1522 -75.3373 -1.5
      vertex 42 -72.7461 -1.5
    endloop
  endfacet
  facet normal -0.995184 -0.0980205 0
    outer loop
      vertex -83.2814 -10.9642 -1.5
      vertex -83.8202 -5.49386 1.5
      vertex -83.8202 -5.49386 -1.5
    endloop
  endfacet
  facet normal -0.995184 -0.0980205 0
    outer loop
      vertex -83.8202 -5.49386 1.5
      vertex -83.2814 -10.9642 -1.5
      vertex -83.2814 -10.9642 1.5
    endloop
  endfacet
  facet normal 0.910861 0.412714 0
    outer loop
      vertex 77.6059 32.1454 1.5
      vertex 75.3373 37.1522 -1.5
      vertex 75.3373 37.1522 1.5
    endloop
  endfacet
  facet normal 0.910861 0.412714 0
    outer loop
      vertex 75.3373 37.1522 -1.5
      vertex 77.6059 32.1454 1.5
      vertex 77.6059 32.1454 -1.5
    endloop
  endfacet
  facet normal 0.412714 0.910861 -0
    outer loop
      vertex 37.1522 75.3373 -1.5
      vertex 32.1454 77.6059 1.5
      vertex 37.1522 75.3373 1.5
    endloop
  endfacet
  facet normal 0.412714 0.910861 0
    outer loop
      vertex 32.1454 77.6059 1.5
      vertex 37.1522 75.3373 -1.5
      vertex 32.1454 77.6059 -1.5
    endloop
  endfacet
  facet normal 0.162894 0.986644 -0
    outer loop
      vertex 16.3876 82.386 -1.5
      vertex 10.9642 83.2814 1.5
      vertex 16.3876 82.386 1.5
    endloop
  endfacet
  facet normal 0.162894 0.986644 0
    outer loop
      vertex 10.9642 83.2814 1.5
      vertex 16.3876 82.386 -1.5
      vertex 10.9642 83.2814 -1.5
    endloop
  endfacet
  facet normal 0.162894 -0.986644 0
    outer loop
      vertex 10.9642 -83.2814 -1.5
      vertex 16.3876 -82.386 1.5
      vertex 10.9642 -83.2814 1.5
    endloop
  endfacet
  facet normal 0.162894 -0.986644 0
    outer loop
      vertex 16.3876 -82.386 1.5
      vertex 10.9642 -83.2814 -1.5
      vertex 16.3876 -82.386 -1.5
    endloop
  endfacet
  facet normal 0.683578 -0.729878 0
    outer loop
      vertex 55.385 -63.1545 -1.5
      vertex 59.397 -59.397 1.5
      vertex 55.385 -63.1545 1.5
    endloop
  endfacet
  facet normal 0.683578 -0.729878 0
    outer loop
      vertex 59.397 -59.397 1.5
      vertex 55.385 -63.1545 -1.5
      vertex 59.397 -59.397 -1.5
    endloop
  endfacet
  facet normal -0.986644 -0.162894 0
    outer loop
      vertex -82.386 -16.3876 -1.5
      vertex -83.2814 -10.9642 1.5
      vertex -83.2814 -10.9642 -1.5
    endloop
  endfacet
  facet normal -0.986644 -0.162894 0
    outer loop
      vertex -83.2814 -10.9642 1.5
      vertex -82.386 -16.3876 -1.5
      vertex -82.386 -16.3876 1.5
    endloop
  endfacet
  facet normal -0.471396 -0.881921 0
    outer loop
      vertex -42 -72.7461 -1.5
      vertex -37.1522 -75.3373 1.5
      vertex -42 -72.7461 1.5
    endloop
  endfacet
  facet normal -0.471396 -0.881921 -0
    outer loop
      vertex -37.1522 -75.3373 1.5
      vertex -42 -72.7461 -1.5
      vertex -37.1522 -75.3373 -1.5
    endloop
  endfacet
  facet normal -0.683578 0.729878 0
    outer loop
      vertex -55.385 63.1545 -1.5
      vertex -59.397 59.397 1.5
      vertex -55.385 63.1545 1.5
    endloop
  endfacet
  facet normal -0.683578 0.729878 0
    outer loop
      vertex -59.397 59.397 1.5
      vertex -55.385 63.1545 -1.5
      vertex -59.397 59.397 -1.5
    endloop
  endfacet
  facet normal 0.227078 -0.973877 0
    outer loop
      vertex 16.3876 -82.386 -1.5
      vertex 21.7408 -81.1378 1.5
      vertex 16.3876 -82.386 1.5
    endloop
  endfacet
  facet normal 0.227078 -0.973877 0
    outer loop
      vertex 21.7408 -81.1378 1.5
      vertex 16.3876 -82.386 -1.5
      vertex 21.7408 -81.1378 -1.5
    endloop
  endfacet
  facet normal -0.412714 0.910861 0
    outer loop
      vertex -32.1454 77.6059 -1.5
      vertex -37.1522 75.3373 1.5
      vertex -32.1454 77.6059 1.5
    endloop
  endfacet
  facet normal -0.412714 0.910861 0
    outer loop
      vertex -37.1522 75.3373 1.5
      vertex -32.1454 77.6059 -1.5
      vertex -37.1522 75.3373 -1.5
    endloop
  endfacet
  facet normal 0.772998 0.634408 0
    outer loop
      vertex 66.6417 51.136 1.5
      vertex 63.1545 55.385 -1.5
      vertex 63.1545 55.385 1.5
    endloop
  endfacet
  facet normal 0.772998 0.634408 0
    outer loop
      vertex 63.1545 55.385 -1.5
      vertex 66.6417 51.136 1.5
      vertex 66.6417 51.136 -1.5
    endloop
  endfacet
  facet normal -0.582466 0.812855 0
    outer loop
      vertex -46.6679 69.8434 -1.5
      vertex -51.136 66.6417 1.5
      vertex -46.6679 69.8434 1.5
    endloop
  endfacet
  facet normal -0.582466 0.812855 0
    outer loop
      vertex -51.136 66.6417 1.5
      vertex -46.6679 69.8434 -1.5
      vertex -51.136 66.6417 -1.5
    endloop
  endfacet
  facet normal 0.973877 -0.227078 0
    outer loop
      vertex 81.1378 -21.7408 1.5
      vertex 82.386 -16.3876 -1.5
      vertex 82.386 -16.3876 1.5
    endloop
  endfacet
  facet normal 0.973877 -0.227078 0
    outer loop
      vertex 82.386 -16.3876 -1.5
      vertex 81.1378 -21.7408 1.5
      vertex 81.1378 -21.7408 -1.5
    endloop
  endfacet
  facet normal 0.881921 0.471396 0
    outer loop
      vertex 75.3373 37.1522 1.5
      vertex 72.7461 42 -1.5
      vertex 72.7461 42 1.5
    endloop
  endfacet
  facet normal 0.881921 0.471396 0
    outer loop
      vertex 72.7461 42 -1.5
      vertex 75.3373 37.1522 1.5
      vertex 75.3373 37.1522 -1.5
    endloop
  endfacet
  facet normal 0.812855 0.582466 0
    outer loop
      vertex 69.8434 46.6679 1.5
      vertex 66.6417 51.136 -1.5
      vertex 66.6417 51.136 1.5
    endloop
  endfacet
  facet normal 0.812855 0.582466 0
    outer loop
      vertex 66.6417 51.136 -1.5
      vertex 69.8434 46.6679 1.5
      vertex 69.8434 46.6679 -1.5
    endloop
  endfacet
  facet normal 0.0980205 0.995184 -0
    outer loop
      vertex 10.9642 83.2814 -1.5
      vertex 5.49386 83.8202 1.5
      vertex 10.9642 83.2814 1.5
    endloop
  endfacet
  facet normal 0.0980205 0.995184 0
    outer loop
      vertex 5.49386 83.8202 1.5
      vertex 10.9642 83.2814 -1.5
      vertex 5.49386 83.8202 -1.5
    endloop
  endfacet
  facet normal -0.290296 -0.956937 0
    outer loop
      vertex -27.0009 -79.5421 -1.5
      vertex -21.7408 -81.1378 1.5
      vertex -27.0009 -79.5421 1.5
    endloop
  endfacet
  facet normal -0.290296 -0.956937 -0
    outer loop
      vertex -21.7408 -81.1378 1.5
      vertex -27.0009 -79.5421 -1.5
      vertex -21.7408 -81.1378 -1.5
    endloop
  endfacet
  facet normal -0.582466 -0.812855 0
    outer loop
      vertex -51.136 -66.6417 -1.5
      vertex -46.6679 -69.8434 1.5
      vertex -51.136 -66.6417 1.5
    endloop
  endfacet
  facet normal -0.582466 -0.812855 -0
    outer loop
      vertex -46.6679 -69.8434 1.5
      vertex -51.136 -66.6417 -1.5
      vertex -46.6679 -69.8434 -1.5
    endloop
  endfacet
  facet normal 0.683578 0.729878 -0
    outer loop
      vertex 59.397 59.397 -1.5
      vertex 55.385 63.1545 1.5
      vertex 59.397 59.397 1.5
    endloop
  endfacet
  facet normal 0.683578 0.729878 0
    outer loop
      vertex 55.385 63.1545 1.5
      vertex 59.397 59.397 -1.5
      vertex 55.385 63.1545 -1.5
    endloop
  endfacet
  facet normal 0.412714 -0.910861 0
    outer loop
      vertex 32.1454 -77.6059 -1.5
      vertex 37.1522 -75.3373 1.5
      vertex 32.1454 -77.6059 1.5
    endloop
  endfacet
  facet normal 0.412714 -0.910861 0
    outer loop
      vertex 37.1522 -75.3373 1.5
      vertex 32.1454 -77.6059 -1.5
      vertex 37.1522 -75.3373 -1.5
    endloop
  endfacet
  facet normal -0.849201 0.52807 0
    outer loop
      vertex -72.7461 42 -1.5
      vertex -69.8434 46.6679 1.5
      vertex -69.8434 46.6679 -1.5
    endloop
  endfacet
  facet normal -0.849201 0.52807 0
    outer loop
      vertex -69.8434 46.6679 1.5
      vertex -72.7461 42 -1.5
      vertex -72.7461 42 1.5
    endloop
  endfacet
  facet normal 0 0 -1
    outer loop
      vertex -43.4667 11.6469 -1.5
      vertex -81.1378 21.7408 -1.5
      vertex -42.6119 14.4648 -1.5
    endloop
  endfacet
  facet normal 0 0 -1
    outer loop
      vertex -42.6119 14.4648 -1.5
      vertex -77.6059 32.1454 -1.5
      vertex -75.3373 37.1522 -1.5
    endloop
  endfacet
  facet normal 0 0 -1
    outer loop
      vertex -42.6119 14.4648 -1.5
      vertex -79.5421 27.0009 -1.5
      vertex -77.6059 32.1454 -1.5
    endloop
  endfacet
  facet normal 0 0 -1
    outer loop
      vertex -42.6119 14.4648 -1.5
      vertex -81.1378 21.7408 -1.5
      vertex -79.5421 27.0009 -1.5
    endloop
  endfacet
  facet normal 0 0 -1
    outer loop
      vertex -76.1433 3.5 -1.5
      vertex -82.386 16.3876 -1.5
      vertex -81.1378 21.7408 -1.5
    endloop
  endfacet
  facet normal 0 0 -1
    outer loop
      vertex -76.1433 3.5 -1.5
      vertex -83.2814 10.9642 -1.5
      vertex -82.386 16.3876 -1.5
    endloop
  endfacet
  facet normal 0 0 -1
    outer loop
      vertex -76.1433 3.5 -1.5
      vertex -83.8202 5.49386 -1.5
      vertex -83.2814 10.9642 -1.5
    endloop
  endfacet
  facet normal 0 0 -1
    outer loop
      vertex -83.8669 3.5 -1.5
      vertex -83.8202 5.49386 -1.5
      vertex -76.1433 3.5 -1.5
    endloop
  endfacet
  facet normal 0 0 -1
    outer loop
      vertex -83.8202 5.49386 -1.5
      vertex -83.8669 3.5 -1.5
      vertex -84 0 -1.5
    endloop
  endfacet
  facet normal 0 0 -1
    outer loop
      vertex 45 0 -1.5
      vertex 84 0 -1.5
      vertex 83.8202 -5.49386 -1.5
    endloop
  endfacet
  facet normal 0 0 -1
    outer loop
      vertex 44.9037 -2.94314 -1.5
      vertex 83.8202 -5.49386 -1.5
      vertex 83.2814 -10.9642 -1.5
    endloop
  endfacet
  facet normal 0 0 -1
    outer loop
      vertex 84 0 -1.5
      vertex 45 0 -1.5
      vertex 83.8202 5.49386 -1.5
    endloop
  endfacet
  facet normal 0 0 -1
    outer loop
      vertex 44.615 -5.87368 -1.5
      vertex 83.2814 -10.9642 -1.5
      vertex 82.386 -16.3876 -1.5
    endloop
  endfacet
  facet normal 0 0 -1
    outer loop
      vertex 44.9037 2.94314 -1.5
      vertex 83.8202 5.49386 -1.5
      vertex 45 0 -1.5
    endloop
  endfacet
  facet normal 0 0 -1
    outer loop
      vertex 44.1353 -8.77906 -1.5
      vertex 82.386 -16.3876 -1.5
      vertex 81.1378 -21.7408 -1.5
    endloop
  endfacet
  facet normal -0 0 -1
    outer loop
      vertex 83.8202 5.49386 -1.5
      vertex 44.9037 2.94314 -1.5
      vertex 83.2814 10.9642 -1.5
    endloop
  endfacet
  facet normal 0 0 -1
    outer loop
      vertex 43.4667 -11.6469 -1.5
      vertex 81.1378 -21.7408 -1.5
      vertex 79.5421 -27.0009 -1.5
    endloop
  endfacet
  facet normal 0 0 -1
    outer loop
      vertex 44.615 5.87368 -1.5
      vertex 83.2814 10.9642 -1.5
      vertex 44.9037 2.94314 -1.5
    endloop
  endfacet
  facet normal 0 0 -1
    outer loop
      vertex 42.6119 -14.4648 -1.5
      vertex 79.5421 -27.0009 -1.5
      vertex 77.6059 -32.1454 -1.5
    endloop
  endfacet
  facet normal -0 0 -1
    outer loop
      vertex 83.2814 10.9642 -1.5
      vertex 44.615 5.87368 -1.5
      vertex 82.386 16.3876 -1.5
    endloop
  endfacet
  facet normal 0 0 -1
    outer loop
      vertex 41.5746 -17.2208 -1.5
      vertex 77.6059 -32.1454 -1.5
      vertex 75.3373 -37.1522 -1.5
    endloop
  endfacet
  facet normal 0 0 -1
    outer loop
      vertex 44.1353 8.77906 -1.5
      vertex 82.386 16.3876 -1.5
      vertex 44.615 5.87368 -1.5
    endloop
  endfacet
  facet normal 0 0 -1
    outer loop
      vertex 40.3593 -19.903 -1.5
      vertex 75.3373 -37.1522 -1.5
      vertex 72.7461 -42 -1.5
    endloop
  endfacet
  facet normal -0 0 -1
    outer loop
      vertex 82.386 16.3876 -1.5
      vertex 44.1353 8.77906 -1.5
      vertex 81.1378 21.7408 -1.5
    endloop
  endfacet
  facet normal 0 0 -1
    outer loop
      vertex 38.9711 -22.5 -1.5
      vertex 72.7461 -42 -1.5
      vertex 69.8434 -46.6679 -1.5
    endloop
  endfacet
  facet normal 0 0 -1
    outer loop
      vertex 43.4667 11.6469 -1.5
      vertex 81.1378 21.7408 -1.5
      vertex 44.1353 8.77906 -1.5
    endloop
  endfacet
  facet normal 0 0 -1
    outer loop
      vertex 37.4161 -25.0007 -1.5
      vertex 69.8434 -46.6679 -1.5
      vertex 66.6417 -51.136 -1.5
    endloop
  endfacet
  facet normal -0 0 -1
    outer loop
      vertex 81.1378 21.7408 -1.5
      vertex 43.4667 11.6469 -1.5
      vertex 79.5421 27.0009 -1.5
    endloop
  endfacet
  facet normal 0 0 -1
    outer loop
      vertex 35.7009 -27.3943 -1.5
      vertex 66.6417 -51.136 -1.5
      vertex 63.1545 -55.385 -1.5
    endloop
  endfacet
  facet normal 0 0 -1
    outer loop
      vertex 42.6119 14.4648 -1.5
      vertex 79.5421 27.0009 -1.5
      vertex 43.4667 11.6469 -1.5
    endloop
  endfacet
  facet normal 0 0 -1
    outer loop
      vertex 33.8328 -29.6706 -1.5
      vertex 63.1545 -55.385 -1.5
      vertex 59.397 -59.397 -1.5
    endloop
  endfacet
  facet normal -0 0 -1
    outer loop
      vertex 79.5421 27.0009 -1.5
      vertex 42.6119 14.4648 -1.5
      vertex 77.6059 32.1454 -1.5
    endloop
  endfacet
  facet normal 0 0 -1
    outer loop
      vertex 31.8198 -31.8198 -1.5
      vertex 59.397 -59.397 -1.5
      vertex 55.385 -63.1545 -1.5
    endloop
  endfacet
  facet normal 0 0 -1
    outer loop
      vertex 41.5746 17.2208 -1.5
      vertex 77.6059 32.1454 -1.5
      vertex 42.6119 14.4648 -1.5
    endloop
  endfacet
  facet normal 0 0 -1
    outer loop
      vertex 29.6706 -33.8328 -1.5
      vertex 55.385 -63.1545 -1.5
      vertex 51.136 -66.6417 -1.5
    endloop
  endfacet
  facet normal -0 0 -1
    outer loop
      vertex 77.6059 32.1454 -1.5
      vertex 41.5746 17.2208 -1.5
      vertex 75.3373 37.1522 -1.5
    endloop
  endfacet
  facet normal 0 0 -1
    outer loop
      vertex 27.3943 -35.7009 -1.5
      vertex 51.136 -66.6417 -1.5
      vertex 46.6679 -69.8434 -1.5
    endloop
  endfacet
  facet normal 0 0 -1
    outer loop
      vertex 40.3593 19.903 -1.5
      vertex 75.3373 37.1522 -1.5
      vertex 41.5746 17.2208 -1.5
    endloop
  endfacet
  facet normal -0 0 -1
    outer loop
      vertex 75.3373 37.1522 -1.5
      vertex 40.3593 19.903 -1.5
      vertex 72.7461 42 -1.5
    endloop
  endfacet
  facet normal 0 0 -1
    outer loop
      vertex 83.8202 -5.49386 -1.5
      vertex 44.9037 -2.94314 -1.5
      vertex 45 0 -1.5
    endloop
  endfacet
  facet normal 0 0 -1
    outer loop
      vertex 83.2814 -10.9642 -1.5
      vertex 44.615 -5.87368 -1.5
      vertex 44.9037 -2.94314 -1.5
    endloop
  endfacet
  facet normal 0 0 -1
    outer loop
      vertex 82.386 -16.3876 -1.5
      vertex 44.1353 -8.77906 -1.5
      vertex 44.615 -5.87368 -1.5
    endloop
  endfacet
  facet normal 0 0 -1
    outer loop
      vertex 81.1378 -21.7408 -1.5
      vertex 43.4667 -11.6469 -1.5
      vertex 44.1353 -8.77906 -1.5
    endloop
  endfacet
  facet normal 0 0 -1
    outer loop
      vertex 79.5421 -27.0009 -1.5
      vertex 42.6119 -14.4648 -1.5
      vertex 43.4667 -11.6469 -1.5
    endloop
  endfacet
  facet normal 0 0 -1
    outer loop
      vertex 25.0007 -37.4161 -1.5
      vertex 46.6679 -69.8434 -1.5
      vertex 42 -72.7461 -1.5
    endloop
  endfacet
  facet normal 0 0 -1
    outer loop
      vertex 77.6059 -32.1454 -1.5
      vertex 41.5746 -17.2208 -1.5
      vertex 42.6119 -14.4648 -1.5
    endloop
  endfacet
  facet normal 0 0 -1
    outer loop
      vertex 75.3373 -37.1522 -1.5
      vertex 40.3593 -19.903 -1.5
      vertex 41.5746 -17.2208 -1.5
    endloop
  endfacet
  facet normal 0 0 -1
    outer loop
      vertex 72.7461 -42 -1.5
      vertex 38.9711 -22.5 -1.5
      vertex 40.3593 -19.903 -1.5
    endloop
  endfacet
  facet normal 0 0 -1
    outer loop
      vertex 69.8434 -46.6679 -1.5
      vertex 37.4161 -25.0007 -1.5
      vertex 38.9711 -22.5 -1.5
    endloop
  endfacet
  facet normal 0 0 -1
    outer loop
      vertex 22.5 -38.9711 -1.5
      vertex 42 -72.7461 -1.5
      vertex 37.1522 -75.3373 -1.5
    endloop
  endfacet
  facet normal 0 0 -1
    outer loop
      vertex 66.6417 -51.136 -1.5
      vertex 35.7009 -27.3943 -1.5
      vertex 37.4161 -25.0007 -1.5
    endloop
  endfacet
  facet normal 0 0 -1
    outer loop
      vertex 63.1545 -55.385 -1.5
      vertex 33.8328 -29.6706 -1.5
      vertex 35.7009 -27.3943 -1.5
    endloop
  endfacet
  facet normal 0 0 -1
    outer loop
      vertex 19.903 -40.3593 -1.5
      vertex 37.1522 -75.3373 -1.5
      vertex 32.1454 -77.6059 -1.5
    endloop
  endfacet
  facet normal 0 0 -1
    outer loop
      vertex 59.397 -59.397 -1.5
      vertex 31.8198 -31.8198 -1.5
      vertex 33.8328 -29.6706 -1.5
    endloop
  endfacet
  facet normal 0 0 -1
    outer loop
      vertex 55.385 -63.1545 -1.5
      vertex 29.6706 -33.8328 -1.5
      vertex 31.8198 -31.8198 -1.5
    endloop
  endfacet
  facet normal 0 0 -1
    outer loop
      vertex 51.136 -66.6417 -1.5
      vertex 27.3943 -35.7009 -1.5
      vertex 29.6706 -33.8328 -1.5
    endloop
  endfacet
  facet normal 0 0 -1
    outer loop
      vertex 17.2208 -41.5746 -1.5
      vertex 32.1454 -77.6059 -1.5
      vertex 27.0009 -79.5421 -1.5
    endloop
  endfacet
  facet normal 0 0 -1
    outer loop
      vertex 46.6679 -69.8434 -1.5
      vertex 25.0007 -37.4161 -1.5
      vertex 27.3943 -35.7009 -1.5
    endloop
  endfacet
  facet normal 0 0 -1
    outer loop
      vertex 42 -72.7461 -1.5
      vertex 22.5 -38.9711 -1.5
      vertex 25.0007 -37.4161 -1.5
    endloop
  endfacet
  facet normal 0 0 -1
    outer loop
      vertex 14.4648 -42.6119 -1.5
      vertex 27.0009 -79.5421 -1.5
      vertex 21.7408 -81.1378 -1.5
    endloop
  endfacet
  facet normal 0 0 -1
    outer loop
      vertex 37.1522 -75.3373 -1.5
      vertex 19.903 -40.3593 -1.5
      vertex 22.5 -38.9711 -1.5
    endloop
  endfacet
  facet normal 0 0 -1
    outer loop
      vertex 32.1454 -77.6059 -1.5
      vertex 17.2208 -41.5746 -1.5
      vertex 19.903 -40.3593 -1.5
    endloop
  endfacet
  facet normal 0 0 -1
    outer loop
      vertex 11.6469 -43.4667 -1.5
      vertex 21.7408 -81.1378 -1.5
      vertex 16.3876 -82.386 -1.5
    endloop
  endfacet
  facet normal 0 0 -1
    outer loop
      vertex 27.0009 -79.5421 -1.5
      vertex 14.4648 -42.6119 -1.5
      vertex 17.2208 -41.5746 -1.5
    endloop
  endfacet
  facet normal 0 0 -1
    outer loop
      vertex 21.7408 -81.1378 -1.5
      vertex 11.6469 -43.4667 -1.5
      vertex 14.4648 -42.6119 -1.5
    endloop
  endfacet
  facet normal 0 0 -1
    outer loop
      vertex 8.77906 -44.1353 -1.5
      vertex 16.3876 -82.386 -1.5
      vertex 10.9642 -83.2814 -1.5
    endloop
  endfacet
  facet normal 0 0 -1
    outer loop
      vertex 16.3876 -82.386 -1.5
      vertex 8.77906 -44.1353 -1.5
      vertex 11.6469 -43.4667 -1.5
    endloop
  endfacet
  facet normal 0 0 -1
    outer loop
      vertex 10.9642 -83.2814 -1.5
      vertex 5.87368 -44.615 -1.5
      vertex 8.77906 -44.1353 -1.5
    endloop
  endfacet
  facet normal 0 0 -1
    outer loop
      vertex 5.49386 -83.8202 -1.5
      vertex 5.87368 -44.615 -1.5
      vertex 10.9642 -83.2814 -1.5
    endloop
  endfacet
  facet normal 0 0 -1
    outer loop
      vertex 5.49386 -83.8202 -1.5
      vertex 2.94314 -44.9037 -1.5
      vertex 5.87368 -44.615 -1.5
    endloop
  endfacet
  facet normal 0 0 -1
    outer loop
      vertex 0 -84 -1.5
      vertex 2.94314 -44.9037 -1.5
      vertex 5.49386 -83.8202 -1.5
    endloop
  endfacet
  facet normal 0 0 -1
    outer loop
      vertex 0 -84 -1.5
      vertex 0 -45 -1.5
      vertex 2.94314 -44.9037 -1.5
    endloop
  endfacet
  facet normal 0 0 -1
    outer loop
      vertex 0 -84 -1.5
      vertex -2.94314 -44.9037 -1.5
      vertex 0 -45 -1.5
    endloop
  endfacet
  facet normal 0 0 -1
    outer loop
      vertex -5.49386 -83.8202 -1.5
      vertex -2.94314 -44.9037 -1.5
      vertex 0 -84 -1.5
    endloop
  endfacet
  facet normal 0 0 -1
    outer loop
      vertex -5.49386 -83.8202 -1.5
      vertex -5.87368 -44.615 -1.5
      vertex -2.94314 -44.9037 -1.5
    endloop
  endfacet
  facet normal 0 0 -1
    outer loop
      vertex -10.9642 -83.2814 -1.5
      vertex -5.87368 -44.615 -1.5
      vertex -5.49386 -83.8202 -1.5
    endloop
  endfacet
  facet normal -0 0 -1
    outer loop
      vertex -5.87368 -44.615 -1.5
      vertex -10.9642 -83.2814 -1.5
      vertex -8.77906 -44.1353 -1.5
    endloop
  endfacet
  facet normal 0 0 -1
    outer loop
      vertex -16.3876 -82.386 -1.5
      vertex -8.77906 -44.1353 -1.5
      vertex -10.9642 -83.2814 -1.5
    endloop
  endfacet
  facet normal -0 0 -1
    outer loop
      vertex -8.77906 -44.1353 -1.5
      vertex -16.3876 -82.386 -1.5
      vertex -11.6469 -43.4667 -1.5
    endloop
  endfacet
  facet normal 0 0 -1
    outer loop
      vertex -21.7408 -81.1378 -1.5
      vertex -11.6469 -43.4667 -1.5
      vertex -16.3876 -82.386 -1.5
    endloop
  endfacet
  facet normal -0 0 -1
    outer loop
      vertex -11.6469 -43.4667 -1.5
      vertex -21.7408 -81.1378 -1.5
      vertex -14.4648 -42.6119 -1.5
    endloop
  endfacet
  facet normal 0 0 -1
    outer loop
      vertex -27.0009 -79.5421 -1.5
      vertex -14.4648 -42.6119 -1.5
      vertex -21.7408 -81.1378 -1.5
    endloop
  endfacet
  facet normal -0 0 -1
    outer loop
      vertex -14.4648 -42.6119 -1.5
      vertex -27.0009 -79.5421 -1.5
      vertex -17.2208 -41.5746 -1.5
    endloop
  endfacet
  facet normal 0 0 -1
    outer loop
      vertex -32.1454 -77.6059 -1.5
      vertex -17.2208 -41.5746 -1.5
      vertex -27.0009 -79.5421 -1.5
    endloop
  endfacet
  facet normal -0 0 -1
    outer loop
      vertex -17.2208 -41.5746 -1.5
      vertex -32.1454 -77.6059 -1.5
      vertex -19.903 -40.3593 -1.5
    endloop
  endfacet
  facet normal 0 0 -1
    outer loop
      vertex -37.1522 -75.3373 -1.5
      vertex -19.903 -40.3593 -1.5
      vertex -32.1454 -77.6059 -1.5
    endloop
  endfacet
  facet normal -0 0 -1
    outer loop
      vertex -19.903 -40.3593 -1.5
      vertex -37.1522 -75.3373 -1.5
      vertex -22.5 -38.9711 -1.5
    endloop
  endfacet
  facet normal 0 0 -1
    outer loop
      vertex -42 -72.7461 -1.5
      vertex -22.5 -38.9711 -1.5
      vertex -37.1522 -75.3373 -1.5
    endloop
  endfacet
  facet normal -0 0 -1
    outer loop
      vertex -22.5 -38.9711 -1.5
      vertex -42 -72.7461 -1.5
      vertex -25.0007 -37.4161 -1.5
    endloop
  endfacet
  facet normal 0 0 -1
    outer loop
      vertex -46.6679 -69.8434 -1.5
      vertex -25.0007 -37.4161 -1.5
      vertex -42 -72.7461 -1.5
    endloop
  endfacet
  facet normal -0 0 -1
    outer loop
      vertex -25.0007 -37.4161 -1.5
      vertex -46.6679 -69.8434 -1.5
      vertex -27.3943 -35.7009 -1.5
    endloop
  endfacet
  facet normal 0 0 -1
    outer loop
      vertex -51.136 -66.6417 -1.5
      vertex -27.3943 -35.7009 -1.5
      vertex -46.6679 -69.8434 -1.5
    endloop
  endfacet
  facet normal -0 0 -1
    outer loop
      vertex -27.3943 -35.7009 -1.5
      vertex -51.136 -66.6417 -1.5
      vertex -29.6706 -33.8328 -1.5
    endloop
  endfacet
  facet normal 0 0 -1
    outer loop
      vertex -55.385 -63.1545 -1.5
      vertex -29.6706 -33.8328 -1.5
      vertex -51.136 -66.6417 -1.5
    endloop
  endfacet
  facet normal -0 0 -1
    outer loop
      vertex -29.6706 -33.8328 -1.5
      vertex -55.385 -63.1545 -1.5
      vertex -31.8198 -31.8198 -1.5
    endloop
  endfacet
  facet normal 0 0 -1
    outer loop
      vertex -59.397 -59.397 -1.5
      vertex -31.8198 -31.8198 -1.5
      vertex -55.385 -63.1545 -1.5
    endloop
  endfacet
  facet normal -0 0 -1
    outer loop
      vertex -31.8198 -31.8198 -1.5
      vertex -59.397 -59.397 -1.5
      vertex -33.8328 -29.6706 -1.5
    endloop
  endfacet
  facet normal 0 0 -1
    outer loop
      vertex -63.1545 -55.385 -1.5
      vertex -33.8328 -29.6706 -1.5
      vertex -59.397 -59.397 -1.5
    endloop
  endfacet
  facet normal -0 0 -1
    outer loop
      vertex -33.8328 -29.6706 -1.5
      vertex -63.1545 -55.385 -1.5
      vertex -35.7009 -27.3943 -1.5
    endloop
  endfacet
  facet normal 0 0 -1
    outer loop
      vertex -66.6417 -51.136 -1.5
      vertex -35.7009 -27.3943 -1.5
      vertex -63.1545 -55.385 -1.5
    endloop
  endfacet
  facet normal -0 0 -1
    outer loop
      vertex -35.7009 -27.3943 -1.5
      vertex -66.6417 -51.136 -1.5
      vertex -37.4161 -25.0007 -1.5
    endloop
  endfacet
  facet normal 0 0 -1
    outer loop
      vertex -69.8434 -46.6679 -1.5
      vertex -37.4161 -25.0007 -1.5
      vertex -66.6417 -51.136 -1.5
    endloop
  endfacet
  facet normal -0 0 -1
    outer loop
      vertex -37.4161 -25.0007 -1.5
      vertex -69.8434 -46.6679 -1.5
      vertex -38.9711 -22.5 -1.5
    endloop
  endfacet
  facet normal -0 0 -1
    outer loop
      vertex -38.9711 -22.5 -1.5
      vertex -72.7461 -42 -1.5
      vertex -40.3593 -19.903 -1.5
    endloop
  endfacet
  facet normal 0 0 -1
    outer loop
      vertex -72.7461 -42 -1.5
      vertex -38.9711 -22.5 -1.5
      vertex -69.8434 -46.6679 -1.5
    endloop
  endfacet
  facet normal 0 0 -1
    outer loop
      vertex 38.9711 22.5 -1.5
      vertex 72.7461 42 -1.5
      vertex 40.3593 19.903 -1.5
    endloop
  endfacet
  facet normal -0 0 -1
    outer loop
      vertex 72.7461 42 -1.5
      vertex 38.9711 22.5 -1.5
      vertex 69.8434 46.6679 -1.5
    endloop
  endfacet
  facet normal 0 0 -1
    outer loop
      vertex 37.4161 25.0007 -1.5
      vertex 69.8434 46.6679 -1.5
      vertex 38.9711 22.5 -1.5
    endloop
  endfacet
  facet normal -0 0 -1
    outer loop
      vertex 69.8434 46.6679 -1.5
      vertex 37.4161 25.0007 -1.5
      vertex 66.6417 51.136 -1.5
    endloop
  endfacet
  facet normal 0 0 -1
    outer loop
      vertex 35.7009 27.3943 -1.5
      vertex 66.6417 51.136 -1.5
      vertex 37.4161 25.0007 -1.5
    endloop
  endfacet
  facet normal -0 0 -1
    outer loop
      vertex 66.6417 51.136 -1.5
      vertex 35.7009 27.3943 -1.5
      vertex 63.1545 55.385 -1.5
    endloop
  endfacet
  facet normal 0 0 -1
    outer loop
      vertex 33.8328 29.6706 -1.5
      vertex 63.1545 55.385 -1.5
      vertex 35.7009 27.3943 -1.5
    endloop
  endfacet
  facet normal -0 0 -1
    outer loop
      vertex 63.1545 55.385 -1.5
      vertex 33.8328 29.6706 -1.5
      vertex 59.397 59.397 -1.5
    endloop
  endfacet
  facet normal 0 0 -1
    outer loop
      vertex 31.8198 31.8198 -1.5
      vertex 59.397 59.397 -1.5
      vertex 33.8328 29.6706 -1.5
    endloop
  endfacet
  facet normal -0 0 -1
    outer loop
      vertex 59.397 59.397 -1.5
      vertex 31.8198 31.8198 -1.5
      vertex 55.385 63.1545 -1.5
    endloop
  endfacet
  facet normal 0 0 -1
    outer loop
      vertex 29.6706 33.8328 -1.5
      vertex 55.385 63.1545 -1.5
      vertex 31.8198 31.8198 -1.5
    endloop
  endfacet
  facet normal -0 0 -1
    outer loop
      vertex 55.385 63.1545 -1.5
      vertex 29.6706 33.8328 -1.5
      vertex 51.136 66.6417 -1.5
    endloop
  endfacet
  facet normal 0 0 -1
    outer loop
      vertex 27.3943 35.7009 -1.5
      vertex 51.136 66.6417 -1.5
      vertex 29.6706 33.8328 -1.5
    endloop
  endfacet
  facet normal -0 0 -1
    outer loop
      vertex 51.136 66.6417 -1.5
      vertex 27.3943 35.7009 -1.5
      vertex 46.6679 69.8434 -1.5
    endloop
  endfacet
  facet normal 0 0 -1
    outer loop
      vertex 25.0007 37.4161 -1.5
      vertex 46.6679 69.8434 -1.5
      vertex 27.3943 35.7009 -1.5
    endloop
  endfacet
  facet normal -0 0 -1
    outer loop
      vertex 46.6679 69.8434 -1.5
      vertex 25.0007 37.4161 -1.5
      vertex 42 72.7461 -1.5
    endloop
  endfacet
  facet normal 0 0 -1
    outer loop
      vertex 22.5 38.9711 -1.5
      vertex 42 72.7461 -1.5
      vertex 25.0007 37.4161 -1.5
    endloop
  endfacet
  facet normal -0 0 -1
    outer loop
      vertex 42 72.7461 -1.5
      vertex 22.5 38.9711 -1.5
      vertex 37.1522 75.3373 -1.5
    endloop
  endfacet
  facet normal 0 0 -1
    outer loop
      vertex 19.903 40.3593 -1.5
      vertex 37.1522 75.3373 -1.5
      vertex 22.5 38.9711 -1.5
    endloop
  endfacet
  facet normal -0 0 -1
    outer loop
      vertex 37.1522 75.3373 -1.5
      vertex 19.903 40.3593 -1.5
      vertex 32.1454 77.6059 -1.5
    endloop
  endfacet
  facet normal 0 0 -1
    outer loop
      vertex 17.2208 41.5746 -1.5
      vertex 32.1454 77.6059 -1.5
      vertex 19.903 40.3593 -1.5
    endloop
  endfacet
  facet normal -0 0 -1
    outer loop
      vertex 32.1454 77.6059 -1.5
      vertex 17.2208 41.5746 -1.5
      vertex 27.0009 79.5421 -1.5
    endloop
  endfacet
  facet normal 0 0 -1
    outer loop
      vertex 14.4648 42.6119 -1.5
      vertex 27.0009 79.5421 -1.5
      vertex 17.2208 41.5746 -1.5
    endloop
  endfacet
  facet normal -0 0 -1
    outer loop
      vertex 27.0009 79.5421 -1.5
      vertex 14.4648 42.6119 -1.5
      vertex 21.7408 81.1378 -1.5
    endloop
  endfacet
  facet normal 0 0 -1
    outer loop
      vertex 11.6469 43.4667 -1.5
      vertex 21.7408 81.1378 -1.5
      vertex 14.4648 42.6119 -1.5
    endloop
  endfacet
  facet normal -0 0 -1
    outer loop
      vertex 21.7408 81.1378 -1.5
      vertex 11.6469 43.4667 -1.5
      vertex 16.3876 82.386 -1.5
    endloop
  endfacet
  facet normal 0 0 -1
    outer loop
      vertex 8.77906 44.1353 -1.5
      vertex 16.3876 82.386 -1.5
      vertex 11.6469 43.4667 -1.5
    endloop
  endfacet
  facet normal -0 0 -1
    outer loop
      vertex 16.3876 82.386 -1.5
      vertex 8.77906 44.1353 -1.5
      vertex 10.9642 83.2814 -1.5
    endloop
  endfacet
  facet normal 0 0 -1
    outer loop
      vertex 5.87368 44.615 -1.5
      vertex 10.9642 83.2814 -1.5
      vertex 8.77906 44.1353 -1.5
    endloop
  endfacet
  facet normal 0 0 -1
    outer loop
      vertex 5.87368 44.615 -1.5
      vertex 5.49386 83.8202 -1.5
      vertex 10.9642 83.2814 -1.5
    endloop
  endfacet
  facet normal 0 0 -1
    outer loop
      vertex 2.94314 44.9037 -1.5
      vertex 5.49386 83.8202 -1.5
      vertex 5.87368 44.615 -1.5
    endloop
  endfacet
  facet normal 0 0 -1
    outer loop
      vertex 0 45 -1.5
      vertex 5.49386 83.8202 -1.5
      vertex 2.94314 44.9037 -1.5
    endloop
  endfacet
  facet normal 0 0 -1
    outer loop
      vertex 0 45 -1.5
      vertex 0 84 -1.5
      vertex 5.49386 83.8202 -1.5
    endloop
  endfacet
  facet normal 0 0 -1
    outer loop
      vertex -2.94314 44.9037 -1.5
      vertex 0 84 -1.5
      vertex 0 45 -1.5
    endloop
  endfacet
  facet normal 0 0 -1
    outer loop
      vertex -2.94314 44.9037 -1.5
      vertex -5.49386 83.8202 -1.5
      vertex 0 84 -1.5
    endloop
  endfacet
  facet normal 0 0 -1
    outer loop
      vertex -5.87368 44.615 -1.5
      vertex -5.49386 83.8202 -1.5
      vertex -2.94314 44.9037 -1.5
    endloop
  endfacet
  facet normal 0 0 -1
    outer loop
      vertex -10.9642 83.2814 -1.5
      vertex -5.87368 44.615 -1.5
      vertex -8.77906 44.1353 -1.5
    endloop
  endfacet
  facet normal 0 0 -1
    outer loop
      vertex -5.87368 44.615 -1.5
      vertex -10.9642 83.2814 -1.5
      vertex -5.49386 83.8202 -1.5
    endloop
  endfacet
  facet normal 0 0 -1
    outer loop
      vertex -16.3876 82.386 -1.5
      vertex -8.77906 44.1353 -1.5
      vertex -11.6469 43.4667 -1.5
    endloop
  endfacet
  facet normal 0 0 -1
    outer loop
      vertex -21.7408 81.1378 -1.5
      vertex -11.6469 43.4667 -1.5
      vertex -14.4648 42.6119 -1.5
    endloop
  endfacet
  facet normal 0 0 -1
    outer loop
      vertex -8.77906 44.1353 -1.5
      vertex -16.3876 82.386 -1.5
      vertex -10.9642 83.2814 -1.5
    endloop
  endfacet
  facet normal 0 0 -1
    outer loop
      vertex -27.0009 79.5421 -1.5
      vertex -14.4648 42.6119 -1.5
      vertex -17.2208 41.5746 -1.5
    endloop
  endfacet
  facet normal 0 0 -1
    outer loop
      vertex -32.1454 77.6059 -1.5
      vertex -17.2208 41.5746 -1.5
      vertex -19.903 40.3593 -1.5
    endloop
  endfacet
  facet normal 0 0 -1
    outer loop
      vertex -11.6469 43.4667 -1.5
      vertex -21.7408 81.1378 -1.5
      vertex -16.3876 82.386 -1.5
    endloop
  endfacet
  facet normal 0 0 -1
    outer loop
      vertex -37.1522 75.3373 -1.5
      vertex -19.903 40.3593 -1.5
      vertex -22.5 38.9711 -1.5
    endloop
  endfacet
  facet normal 0 0 -1
    outer loop
      vertex -42 72.7461 -1.5
      vertex -22.5 38.9711 -1.5
      vertex -25.0007 37.4161 -1.5
    endloop
  endfacet
  facet normal 0 0 -1
    outer loop
      vertex -14.4648 42.6119 -1.5
      vertex -27.0009 79.5421 -1.5
      vertex -21.7408 81.1378 -1.5
    endloop
  endfacet
  facet normal 0 0 -1
    outer loop
      vertex -46.6679 69.8434 -1.5
      vertex -25.0007 37.4161 -1.5
      vertex -27.3943 35.7009 -1.5
    endloop
  endfacet
  facet normal 0 0 -1
    outer loop
      vertex -51.136 66.6417 -1.5
      vertex -27.3943 35.7009 -1.5
      vertex -29.6706 33.8328 -1.5
    endloop
  endfacet
  facet normal 0 0 -1
    outer loop
      vertex -55.385 63.1545 -1.5
      vertex -29.6706 33.8328 -1.5
      vertex -31.8198 31.8198 -1.5
    endloop
  endfacet
  facet normal 0 0 -1
    outer loop
      vertex -17.2208 41.5746 -1.5
      vertex -32.1454 77.6059 -1.5
      vertex -27.0009 79.5421 -1.5
    endloop
  endfacet
  facet normal 0 0 -1
    outer loop
      vertex -59.397 59.397 -1.5
      vertex -31.8198 31.8198 -1.5
      vertex -33.8328 29.6706 -1.5
    endloop
  endfacet
  facet normal 0 0 -1
    outer loop
      vertex -63.1545 55.385 -1.5
      vertex -33.8328 29.6706 -1.5
      vertex -35.7009 27.3943 -1.5
    endloop
  endfacet
  facet normal 0 0 -1
    outer loop
      vertex -19.903 40.3593 -1.5
      vertex -37.1522 75.3373 -1.5
      vertex -32.1454 77.6059 -1.5
    endloop
  endfacet
  facet normal 0 0 -1
    outer loop
      vertex -66.6417 51.136 -1.5
      vertex -35.7009 27.3943 -1.5
      vertex -37.4161 25.0007 -1.5
    endloop
  endfacet
  facet normal 0 0 -1
    outer loop
      vertex -69.8434 46.6679 -1.5
      vertex -37.4161 25.0007 -1.5
      vertex -38.9711 22.5 -1.5
    endloop
  endfacet
  facet normal 0 0 -1
    outer loop
      vertex -72.7461 42 -1.5
      vertex -38.9711 22.5 -1.5
      vertex -40.3593 19.903 -1.5
    endloop
  endfacet
  facet normal 0 0 -1
    outer loop
      vertex -75.3373 37.1522 -1.5
      vertex -40.3593 19.903 -1.5
      vertex -41.5746 17.2208 -1.5
    endloop
  endfacet
  facet normal 0 0 -1
    outer loop
      vertex -22.5 38.9711 -1.5
      vertex -42 72.7461 -1.5
      vertex -37.1522 75.3373 -1.5
    endloop
  endfacet
  facet normal 0 0 -1
    outer loop
      vertex -75.3373 37.1522 -1.5
      vertex -41.5746 17.2208 -1.5
      vertex -42.6119 14.4648 -1.5
    endloop
  endfacet
  facet normal 0 0 -1
    outer loop
      vertex -81.1378 21.7408 -1.5
      vertex -43.4667 11.6469 -1.5
      vertex -76.1433 3.5 -1.5
    endloop
  endfacet
  facet normal -0 0 -1
    outer loop
      vertex -44.615 5.87368 -1.5
      vertex -76.1433 3.5 -1.5
      vertex -44.1353 8.77906 -1.5
    endloop
  endfacet
  facet normal 0 0 -1
    outer loop
      vertex -44.9037 2.94314 -1.5
      vertex -76.1433 3.5 -1.5
      vertex -44.615 5.87368 -1.5
    endloop
  endfacet
  facet normal 0 0 -1
    outer loop
      vertex -45 0 -1.5
      vertex -76.1433 3.5 -1.5
      vertex -44.9037 2.94314 -1.5
    endloop
  endfacet
  facet normal 0 0 -1
    outer loop
      vertex -25.0007 37.4161 -1.5
      vertex -46.6679 69.8434 -1.5
      vertex -42 72.7461 -1.5
    endloop
  endfacet
  facet normal 0 0 -1
    outer loop
      vertex -76.1433 3.5 -1.5
      vertex -45 0 -1.5
      vertex -76.1433 -3.5 -1.5
    endloop
  endfacet
  facet normal 0 0 -1
    outer loop
      vertex -75.3373 -37.1522 -1.5
      vertex -40.3593 -19.903 -1.5
      vertex -72.7461 -42 -1.5
    endloop
  endfacet
  facet normal -0 0 -1
    outer loop
      vertex -40.3593 -19.903 -1.5
      vertex -75.3373 -37.1522 -1.5
      vertex -41.5746 -17.2208 -1.5
    endloop
  endfacet
  facet normal -0 0 -1
    outer loop
      vertex -44.1353 8.77906 -1.5
      vertex -76.1433 3.5 -1.5
      vertex -43.4667 11.6469 -1.5
    endloop
  endfacet
  facet normal 0 0 -1
    outer loop
      vertex -77.6059 -32.1454 -1.5
      vertex -41.5746 -17.2208 -1.5
      vertex -75.3373 -37.1522 -1.5
    endloop
  endfacet
  facet normal 0 0 -1
    outer loop
      vertex -27.3943 35.7009 -1.5
      vertex -51.136 66.6417 -1.5
      vertex -46.6679 69.8434 -1.5
    endloop
  endfacet
  facet normal -0 0 -1
    outer loop
      vertex -41.5746 -17.2208 -1.5
      vertex -77.6059 -32.1454 -1.5
      vertex -42.6119 -14.4648 -1.5
    endloop
  endfacet
  facet normal 0 0 -1
    outer loop
      vertex -29.6706 33.8328 -1.5
      vertex -55.385 63.1545 -1.5
      vertex -51.136 66.6417 -1.5
    endloop
  endfacet
  facet normal 0 0 -1
    outer loop
      vertex -79.5421 -27.0009 -1.5
      vertex -42.6119 -14.4648 -1.5
      vertex -77.6059 -32.1454 -1.5
    endloop
  endfacet
  facet normal 0 0 -1
    outer loop
      vertex -31.8198 31.8198 -1.5
      vertex -59.397 59.397 -1.5
      vertex -55.385 63.1545 -1.5
    endloop
  endfacet
  facet normal -0 0 -1
    outer loop
      vertex -42.6119 -14.4648 -1.5
      vertex -79.5421 -27.0009 -1.5
      vertex -43.4667 -11.6469 -1.5
    endloop
  endfacet
  facet normal 0 0 -1
    outer loop
      vertex -33.8328 29.6706 -1.5
      vertex -63.1545 55.385 -1.5
      vertex -59.397 59.397 -1.5
    endloop
  endfacet
  facet normal 0 0 -1
    outer loop
      vertex -81.1378 -21.7408 -1.5
      vertex -43.4667 -11.6469 -1.5
      vertex -79.5421 -27.0009 -1.5
    endloop
  endfacet
  facet normal 0 0 -1
    outer loop
      vertex -35.7009 27.3943 -1.5
      vertex -66.6417 51.136 -1.5
      vertex -63.1545 55.385 -1.5
    endloop
  endfacet
  facet normal 0 -0 -1
    outer loop
      vertex -76.1433 -3.5 -1.5
      vertex -43.4667 -11.6469 -1.5
      vertex -81.1378 -21.7408 -1.5
    endloop
  endfacet
  facet normal 0 0 -1
    outer loop
      vertex -37.4161 25.0007 -1.5
      vertex -69.8434 46.6679 -1.5
      vertex -66.6417 51.136 -1.5
    endloop
  endfacet
  facet normal 0 0 -1
    outer loop
      vertex -43.4667 -11.6469 -1.5
      vertex -76.1433 -3.5 -1.5
      vertex -44.1353 -8.77906 -1.5
    endloop
  endfacet
  facet normal 0 0 -1
    outer loop
      vertex -38.9711 22.5 -1.5
      vertex -72.7461 42 -1.5
      vertex -69.8434 46.6679 -1.5
    endloop
  endfacet
  facet normal 0 0 -1
    outer loop
      vertex -40.3593 19.903 -1.5
      vertex -75.3373 37.1522 -1.5
      vertex -72.7461 42 -1.5
    endloop
  endfacet
  facet normal 0 0 -1
    outer loop
      vertex -44.1353 -8.77906 -1.5
      vertex -76.1433 -3.5 -1.5
      vertex -44.615 -5.87368 -1.5
    endloop
  endfacet
  facet normal -0 0 -1
    outer loop
      vertex -44.9037 -2.94314 -1.5
      vertex -76.1433 -3.5 -1.5
      vertex -45 0 -1.5
    endloop
  endfacet
  facet normal 0 0 -1
    outer loop
      vertex -44.615 -5.87368 -1.5
      vertex -76.1433 -3.5 -1.5
      vertex -44.9037 -2.94314 -1.5
    endloop
  endfacet
  facet normal 0 0 -1
    outer loop
      vertex -82.386 -16.3876 -1.5
      vertex -76.1433 -3.5 -1.5
      vertex -81.1378 -21.7408 -1.5
    endloop
  endfacet
  facet normal 0 0 -1
    outer loop
      vertex -83.2814 -10.9642 -1.5
      vertex -76.1433 -3.5 -1.5
      vertex -82.386 -16.3876 -1.5
    endloop
  endfacet
  facet normal 0 0 -1
    outer loop
      vertex -83.8202 -5.49386 -1.5
      vertex -76.1433 -3.5 -1.5
      vertex -83.2814 -10.9642 -1.5
    endloop
  endfacet
  facet normal 0 0 -1
    outer loop
      vertex -83.8202 -5.49386 -1.5
      vertex -83.8669 -3.5 -1.5
      vertex -76.1433 -3.5 -1.5
    endloop
  endfacet
  facet normal 0 0 -1
    outer loop
      vertex -83.8669 -3.5 -1.5
      vertex -84 0 -1.5
      vertex -83.8669 3.5 -1.5
    endloop
  endfacet
  facet normal 0 0 -1
    outer loop
      vertex -84 0 -1.5
      vertex -83.8669 -3.5 -1.5
      vertex -83.8202 -5.49386 -1.5
    endloop
  endfacet
  facet normal -0.52807 0.849201 0
    outer loop
      vertex -42 72.7461 -1.5
      vertex -46.6679 69.8434 1.5
      vertex -42 72.7461 1.5
    endloop
  endfacet
  facet normal -0.52807 0.849201 0
    outer loop
      vertex -46.6679 69.8434 1.5
      vertex -42 72.7461 -1.5
      vertex -46.6679 69.8434 -1.5
    endloop
  endfacet
  facet normal -0.352242 0.935909 0
    outer loop
      vertex -27.0009 79.5421 -1.5
      vertex -32.1454 77.6059 1.5
      vertex -27.0009 79.5421 1.5
    endloop
  endfacet
  facet normal -0.352242 0.935909 0
    outer loop
      vertex -32.1454 77.6059 1.5
      vertex -27.0009 79.5421 -1.5
      vertex -32.1454 77.6059 -1.5
    endloop
  endfacet
  facet normal 0.729878 -0.683578 0
    outer loop
      vertex 59.397 -59.397 1.5
      vertex 63.1545 -55.385 -1.5
      vertex 63.1545 -55.385 1.5
    endloop
  endfacet
  facet normal 0.729878 -0.683578 0
    outer loop
      vertex 63.1545 -55.385 -1.5
      vertex 59.397 -59.397 1.5
      vertex 59.397 -59.397 -1.5
    endloop
  endfacet
  facet normal -0.935909 0.352242 0
    outer loop
      vertex -79.5421 27.0009 -1.5
      vertex -77.6059 32.1454 1.5
      vertex -77.6059 32.1454 -1.5
    endloop
  endfacet
  facet normal -0.935909 0.352242 0
    outer loop
      vertex -77.6059 32.1454 1.5
      vertex -79.5421 27.0009 -1.5
      vertex -79.5421 27.0009 1.5
    endloop
  endfacet
  facet normal -0.0327099 0.999465 0
    outer loop
      vertex 0 84 -1.5
      vertex -5.49386 83.8202 1.5
      vertex 0 84 1.5
    endloop
  endfacet
  facet normal -0.0327099 0.999465 0
    outer loop
      vertex -5.49386 83.8202 1.5
      vertex 0 84 -1.5
      vertex -5.49386 83.8202 -1.5
    endloop
  endfacet
  facet normal -0.0980205 0.995184 0
    outer loop
      vertex -5.49386 83.8202 -1.5
      vertex -10.9642 83.2814 1.5
      vertex -5.49386 83.8202 1.5
    endloop
  endfacet
  facet normal -0.0980205 0.995184 0
    outer loop
      vertex -10.9642 83.2814 1.5
      vertex -5.49386 83.8202 -1.5
      vertex -10.9642 83.2814 -1.5
    endloop
  endfacet
  facet normal 0.999465 -0.0327099 0
    outer loop
      vertex 83.8202 -5.49386 1.5
      vertex 84 0 -1.5
      vertex 84 0 1.5
    endloop
  endfacet
  facet normal 0.999465 -0.0327099 0
    outer loop
      vertex 84 0 -1.5
      vertex 83.8202 -5.49386 1.5
      vertex 83.8202 -5.49386 -1.5
    endloop
  endfacet
  facet normal 0.812855 -0.582466 0
    outer loop
      vertex 66.6417 -51.136 1.5
      vertex 69.8434 -46.6679 -1.5
      vertex 69.8434 -46.6679 1.5
    endloop
  endfacet
  facet normal 0.812855 -0.582466 0
    outer loop
      vertex 69.8434 -46.6679 -1.5
      vertex 66.6417 -51.136 1.5
      vertex 66.6417 -51.136 -1.5
    endloop
  endfacet
  facet normal 0.0980205 -0.995184 0
    outer loop
      vertex 5.49386 -83.8202 -1.5
      vertex 10.9642 -83.2814 1.5
      vertex 5.49386 -83.8202 1.5
    endloop
  endfacet
  facet normal 0.0980205 -0.995184 0
    outer loop
      vertex 10.9642 -83.2814 1.5
      vertex 5.49386 -83.8202 -1.5
      vertex 10.9642 -83.2814 -1.5
    endloop
  endfacet
  facet normal -0.634408 0.772998 0
    outer loop
      vertex -51.136 66.6417 -1.5
      vertex -55.385 63.1545 1.5
      vertex -51.136 66.6417 1.5
    endloop
  endfacet
  facet normal -0.634408 0.772998 0
    outer loop
      vertex -55.385 63.1545 1.5
      vertex -51.136 66.6417 -1.5
      vertex -55.385 63.1545 -1.5
    endloop
  endfacet
  facet normal 0.881921 -0.471396 0
    outer loop
      vertex 72.7461 -42 1.5
      vertex 75.3373 -37.1522 -1.5
      vertex 75.3373 -37.1522 1.5
    endloop
  endfacet
  facet normal 0.881921 -0.471396 0
    outer loop
      vertex 75.3373 -37.1522 -1.5
      vertex 72.7461 -42 1.5
      vertex 72.7461 -42 -1.5
    endloop
  endfacet
  facet normal -0.162894 -0.986644 0
    outer loop
      vertex -16.3876 -82.386 -1.5
      vertex -10.9642 -83.2814 1.5
      vertex -16.3876 -82.386 1.5
    endloop
  endfacet
  facet normal -0.162894 -0.986644 -0
    outer loop
      vertex -10.9642 -83.2814 1.5
      vertex -16.3876 -82.386 -1.5
      vertex -10.9642 -83.2814 -1.5
    endloop
  endfacet
  facet normal 0.582466 0.812855 -0
    outer loop
      vertex 51.136 66.6417 -1.5
      vertex 46.6679 69.8434 1.5
      vertex 51.136 66.6417 1.5
    endloop
  endfacet
  facet normal 0.582466 0.812855 0
    outer loop
      vertex 46.6679 69.8434 1.5
      vertex 51.136 66.6417 -1.5
      vertex 46.6679 69.8434 -1.5
    endloop
  endfacet
  facet normal -0.772998 -0.634408 0
    outer loop
      vertex -63.1545 -55.385 -1.5
      vertex -66.6417 -51.136 1.5
      vertex -66.6417 -51.136 -1.5
    endloop
  endfacet
  facet normal -0.772998 -0.634408 0
    outer loop
      vertex -66.6417 -51.136 1.5
      vertex -63.1545 -55.385 -1.5
      vertex -63.1545 -55.385 1.5
    endloop
  endfacet
  facet normal -0.227078 0.973877 0
    outer loop
      vertex -16.3876 82.386 -1.5
      vertex -21.7408 81.1378 1.5
      vertex -16.3876 82.386 1.5
    endloop
  endfacet
  facet normal -0.227078 0.973877 0
    outer loop
      vertex -21.7408 81.1378 1.5
      vertex -16.3876 82.386 -1.5
      vertex -21.7408 81.1378 -1.5
    endloop
  endfacet
  facet normal 0.52807 0.849201 -0
    outer loop
      vertex 46.6679 69.8434 -1.5
      vertex 42 72.7461 1.5
      vertex 46.6679 69.8434 1.5
    endloop
  endfacet
  facet normal 0.52807 0.849201 0
    outer loop
      vertex 42 72.7461 1.5
      vertex 46.6679 69.8434 -1.5
      vertex 42 72.7461 -1.5
    endloop
  endfacet
  facet normal 0.956937 -0.290296 0
    outer loop
      vertex 79.5421 -27.0009 1.5
      vertex 81.1378 -21.7408 -1.5
      vertex 81.1378 -21.7408 1.5
    endloop
  endfacet
  facet normal 0.956937 -0.290296 0
    outer loop
      vertex 81.1378 -21.7408 -1.5
      vertex 79.5421 -27.0009 1.5
      vertex 79.5421 -27.0009 -1.5
    endloop
  endfacet
  facet normal 0.849201 -0.52807 0
    outer loop
      vertex 69.8434 -46.6679 1.5
      vertex 72.7461 -42 -1.5
      vertex 72.7461 -42 1.5
    endloop
  endfacet
  facet normal 0.849201 -0.52807 0
    outer loop
      vertex 72.7461 -42 -1.5
      vertex 69.8434 -46.6679 1.5
      vertex 69.8434 -46.6679 -1.5
    endloop
  endfacet
  facet normal -0.973877 0.227078 0
    outer loop
      vertex -82.386 16.3876 -1.5
      vertex -81.1378 21.7408 1.5
      vertex -81.1378 21.7408 -1.5
    endloop
  endfacet
  facet normal -0.973877 0.227078 0
    outer loop
      vertex -81.1378 21.7408 1.5
      vertex -82.386 16.3876 -1.5
      vertex -82.386 16.3876 1.5
    endloop
  endfacet
  facet normal -0.956937 -0.290296 0
    outer loop
      vertex -79.5421 -27.0009 -1.5
      vertex -81.1378 -21.7408 1.5
      vertex -81.1378 -21.7408 -1.5
    endloop
  endfacet
  facet normal -0.956937 -0.290296 0
    outer loop
      vertex -81.1378 -21.7408 1.5
      vertex -79.5421 -27.0009 -1.5
      vertex -79.5421 -27.0009 1.5
    endloop
  endfacet
  facet normal -0.999464 -0.0327253 0
    outer loop
      vertex -84 0 -1.5
      vertex -83.8854 -3.5 -1.46038
      vertex -84 0 -1.21466
    endloop
  endfacet
  facet normal -0.999464 -0.0327099 0.00136078
    outer loop
      vertex -83.8202 -5.49386 -1.5
      vertex -83.8854 -3.5 -1.46038
      vertex -84 0 -1.5
    endloop
  endfacet
  facet normal -0.999466 -0.0326829 -0
    outer loop
      vertex -83.8202 -5.49386 1.5
      vertex -83.8854 -3.5 -1.46038
      vertex -83.8202 -5.49386 -1.5
    endloop
  endfacet
  facet normal -0.999466 -0.0326829 0
    outer loop
      vertex -83.8854 -3.5 -1.46038
      vertex -83.8202 -5.49386 1.5
      vertex -83.8854 -3.5 1.5
    endloop
  endfacet
  facet normal -0.881921 -0.471396 0
    outer loop
      vertex -72.7461 -42 -1.5
      vertex -75.3373 -37.1522 1.5
      vertex -75.3373 -37.1522 -1.5
    endloop
  endfacet
  facet normal -0.881921 -0.471396 0
    outer loop
      vertex -75.3373 -37.1522 1.5
      vertex -72.7461 -42 -1.5
      vertex -72.7461 -42 1.5
    endloop
  endfacet
  facet normal -0.227078 -0.973877 0
    outer loop
      vertex -21.7408 -81.1378 -1.5
      vertex -16.3876 -82.386 1.5
      vertex -21.7408 -81.1378 1.5
    endloop
  endfacet
  facet normal -0.227078 -0.973877 -0
    outer loop
      vertex -16.3876 -82.386 1.5
      vertex -21.7408 -81.1378 -1.5
      vertex -16.3876 -82.386 -1.5
    endloop
  endfacet
  facet normal -0.849201 -0.52807 0
    outer loop
      vertex -69.8434 -46.6679 -1.5
      vertex -72.7461 -42 1.5
      vertex -72.7461 -42 -1.5
    endloop
  endfacet
  facet normal -0.849201 -0.52807 0
    outer loop
      vertex -72.7461 -42 1.5
      vertex -69.8434 -46.6679 -1.5
      vertex -69.8434 -46.6679 1.5
    endloop
  endfacet
  facet normal -0.986644 0.162894 0
    outer loop
      vertex -83.2814 10.9642 -1.5
      vertex -82.386 16.3876 1.5
      vertex -82.386 16.3876 -1.5
    endloop
  endfacet
  facet normal -0.986644 0.162894 0
    outer loop
      vertex -82.386 16.3876 1.5
      vertex -83.2814 10.9642 -1.5
      vertex -83.2814 10.9642 1.5
    endloop
  endfacet
  facet normal -0.352242 -0.935909 0
    outer loop
      vertex -32.1454 -77.6059 -1.5
      vertex -27.0009 -79.5421 1.5
      vertex -32.1454 -77.6059 1.5
    endloop
  endfacet
  facet normal -0.352242 -0.935909 -0
    outer loop
      vertex -27.0009 -79.5421 1.5
      vertex -32.1454 -77.6059 -1.5
      vertex -27.0009 -79.5421 -1.5
    endloop
  endfacet
  facet normal -0.772998 0.634408 0
    outer loop
      vertex -66.6417 51.136 -1.5
      vertex -63.1545 55.385 1.5
      vertex -63.1545 55.385 -1.5
    endloop
  endfacet
  facet normal -0.772998 0.634408 0
    outer loop
      vertex -63.1545 55.385 1.5
      vertex -66.6417 51.136 -1.5
      vertex -66.6417 51.136 1.5
    endloop
  endfacet
  facet normal 0.634408 -0.772998 0
    outer loop
      vertex 51.136 -66.6417 -1.5
      vertex 55.385 -63.1545 1.5
      vertex 51.136 -66.6417 1.5
    endloop
  endfacet
  facet normal 0.634408 -0.772998 0
    outer loop
      vertex 55.385 -63.1545 1.5
      vertex 51.136 -66.6417 -1.5
      vertex 55.385 -63.1545 -1.5
    endloop
  endfacet
  facet normal -0.290296 0.956937 0
    outer loop
      vertex -21.7408 81.1378 -1.5
      vertex -27.0009 79.5421 1.5
      vertex -21.7408 81.1378 1.5
    endloop
  endfacet
  facet normal -0.290296 0.956937 0
    outer loop
      vertex -27.0009 79.5421 1.5
      vertex -21.7408 81.1378 -1.5
      vertex -27.0009 79.5421 -1.5
    endloop
  endfacet
  facet normal 0.52807 -0.849201 0
    outer loop
      vertex 42 -72.7461 -1.5
      vertex 46.6679 -69.8434 1.5
      vertex 42 -72.7461 1.5
    endloop
  endfacet
  facet normal 0.52807 -0.849201 0
    outer loop
      vertex 46.6679 -69.8434 1.5
      vertex 42 -72.7461 -1.5
      vertex 46.6679 -69.8434 -1.5
    endloop
  endfacet
  facet normal 0.582466 -0.812855 0
    outer loop
      vertex 46.6679 -69.8434 -1.5
      vertex 51.136 -66.6417 1.5
      vertex 46.6679 -69.8434 1.5
    endloop
  endfacet
  facet normal 0.582466 -0.812855 0
    outer loop
      vertex 51.136 -66.6417 1.5
      vertex 46.6679 -69.8434 -1.5
      vertex 51.136 -66.6417 -1.5
    endloop
  endfacet
  facet normal 0.0327099 0.999465 -0
    outer loop
      vertex 5.49386 83.8202 -1.5
      vertex 0 84 1.5
      vertex 5.49386 83.8202 1.5
    endloop
  endfacet
  facet normal 0.0327099 0.999465 0
    outer loop
      vertex 0 84 1.5
      vertex 5.49386 83.8202 -1.5
      vertex 0 84 -1.5
    endloop
  endfacet
  facet normal 0.227078 0.973877 -0
    outer loop
      vertex 21.7408 81.1378 -1.5
      vertex 16.3876 82.386 1.5
      vertex 21.7408 81.1378 1.5
    endloop
  endfacet
  facet normal 0.227078 0.973877 0
    outer loop
      vertex 16.3876 82.386 1.5
      vertex 21.7408 81.1378 -1.5
      vertex 16.3876 82.386 -1.5
    endloop
  endfacet
  facet normal 0.290296 0.956937 -0
    outer loop
      vertex 27.0009 79.5421 -1.5
      vertex 21.7408 81.1378 1.5
      vertex 27.0009 79.5421 1.5
    endloop
  endfacet
  facet normal 0.290296 0.956937 0
    outer loop
      vertex 21.7408 81.1378 1.5
      vertex 27.0009 79.5421 -1.5
      vertex 21.7408 81.1378 -1.5
    endloop
  endfacet
  facet normal -0.0980205 -0.995184 0
    outer loop
      vertex -10.9642 -83.2814 -1.5
      vertex -5.49386 -83.8202 1.5
      vertex -10.9642 -83.2814 1.5
    endloop
  endfacet
  facet normal -0.0980205 -0.995184 -0
    outer loop
      vertex -5.49386 -83.8202 1.5
      vertex -10.9642 -83.2814 -1.5
      vertex -5.49386 -83.8202 -1.5
    endloop
  endfacet
  facet normal -0.995184 0.0980205 0
    outer loop
      vertex -83.8202 5.49386 -1.5
      vertex -83.2814 10.9642 1.5
      vertex -83.2814 10.9642 -1.5
    endloop
  endfacet
  facet normal -0.995184 0.0980205 0
    outer loop
      vertex -83.2814 10.9642 1.5
      vertex -83.8202 5.49386 -1.5
      vertex -83.8202 5.49386 1.5
    endloop
  endfacet
  facet normal -0.999466 0.0326829 0
    outer loop
      vertex -83.8202 5.49386 -1.5
      vertex -83.8854 3.5 -1.46038
      vertex -83.8202 5.49386 1.5
    endloop
  endfacet
  facet normal -0.999464 0.0327099 0.00136078
    outer loop
      vertex -84 0 -1.5
      vertex -83.8854 3.5 -1.46038
      vertex -83.8202 5.49386 -1.5
    endloop
  endfacet
  facet normal -0.999464 0.0327253 0
    outer loop
      vertex -83.8854 3.5 -1.46038
      vertex -84 0 -1.5
      vertex -84 0 -1.21466
    endloop
  endfacet
  facet normal -0.999466 0.0326829 0
    outer loop
      vertex -83.8202 5.49386 1.5
      vertex -83.8854 3.5 -1.46038
      vertex -83.8854 3.5 1.5
    endloop
  endfacet
  facet normal -0.910861 0.412714 0
    outer loop
      vertex -77.6059 32.1454 -1.5
      vertex -75.3373 37.1522 1.5
      vertex -75.3373 37.1522 -1.5
    endloop
  endfacet
  facet normal -0.910861 0.412714 0
    outer loop
      vertex -75.3373 37.1522 1.5
      vertex -77.6059 32.1454 -1.5
      vertex -77.6059 32.1454 1.5
    endloop
  endfacet
  facet normal 0.910861 -0.412714 0
    outer loop
      vertex 75.3373 -37.1522 1.5
      vertex 77.6059 -32.1454 -1.5
      vertex 77.6059 -32.1454 1.5
    endloop
  endfacet
  facet normal 0.910861 -0.412714 0
    outer loop
      vertex 77.6059 -32.1454 -1.5
      vertex 75.3373 -37.1522 1.5
      vertex 75.3373 -37.1522 -1.5
    endloop
  endfacet
  facet normal 0.935909 -0.352242 0
    outer loop
      vertex 77.6059 -32.1454 1.5
      vertex 79.5421 -27.0009 -1.5
      vertex 79.5421 -27.0009 1.5
    endloop
  endfacet
  facet normal 0.935909 -0.352242 0
    outer loop
      vertex 79.5421 -27.0009 -1.5
      vertex 77.6059 -32.1454 1.5
      vertex 77.6059 -32.1454 -1.5
    endloop
  endfacet
  facet normal -0.634408 -0.772998 0
    outer loop
      vertex -55.385 -63.1545 -1.5
      vertex -51.136 -66.6417 1.5
      vertex -55.385 -63.1545 1.5
    endloop
  endfacet
  facet normal -0.634408 -0.772998 -0
    outer loop
      vertex -51.136 -66.6417 1.5
      vertex -55.385 -63.1545 -1.5
      vertex -51.136 -66.6417 -1.5
    endloop
  endfacet
  facet normal -0.956937 0.290296 0
    outer loop
      vertex -81.1378 21.7408 -1.5
      vertex -79.5421 27.0009 1.5
      vertex -79.5421 27.0009 -1.5
    endloop
  endfacet
  facet normal -0.956937 0.290296 0
    outer loop
      vertex -79.5421 27.0009 1.5
      vertex -81.1378 21.7408 -1.5
      vertex -81.1378 21.7408 1.5
    endloop
  endfacet
  facet normal -0.52807 -0.849201 0
    outer loop
      vertex -46.6679 -69.8434 -1.5
      vertex -42 -72.7461 1.5
      vertex -46.6679 -69.8434 1.5
    endloop
  endfacet
  facet normal -0.52807 -0.849201 -0
    outer loop
      vertex -42 -72.7461 1.5
      vertex -46.6679 -69.8434 -1.5
      vertex -42 -72.7461 -1.5
    endloop
  endfacet
  facet normal 0 0 1
    outer loop
      vertex -82.386 -16.3876 1.5
      vertex -55 -14 1.5
      vertex -77.5422 -3.5 1.5
    endloop
  endfacet
  facet normal 0 0 1
    outer loop
      vertex -55 -14 1.5
      vertex -77.6059 -32.1454 1.5
      vertex -75.3373 -37.1522 1.5
    endloop
  endfacet
  facet normal 0 0 1
    outer loop
      vertex -55 -14 1.5
      vertex -79.5421 -27.0009 1.5
      vertex -77.6059 -32.1454 1.5
    endloop
  endfacet
  facet normal 0 0 1
    outer loop
      vertex -55 -14 1.5
      vertex -81.1378 -21.7408 1.5
      vertex -79.5421 -27.0009 1.5
    endloop
  endfacet
  facet normal 0 0 1
    outer loop
      vertex -55 -14 1.5
      vertex -82.386 -16.3876 1.5
      vertex -81.1378 -21.7408 1.5
    endloop
  endfacet
  facet normal 0 0 1
    outer loop
      vertex -77.5422 -3.5 1.5
      vertex -83.2814 -10.9642 1.5
      vertex -82.386 -16.3876 1.5
    endloop
  endfacet
  facet normal 0 0 1
    outer loop
      vertex -77.5422 -3.5 1.5
      vertex -83.8202 -5.49386 1.5
      vertex -83.2814 -10.9642 1.5
    endloop
  endfacet
  facet normal 0 -0 1
    outer loop
      vertex -83.8202 -5.49386 1.5
      vertex -77.5422 -3.5 1.5
      vertex -83.8854 -3.5 1.5
    endloop
  endfacet
  facet normal 0 0 1
    outer loop
      vertex 55 14 1.5
      vertex 84 0 1.5
      vertex 83.8202 5.49386 1.5
    endloop
  endfacet
  facet normal 0 0 1
    outer loop
      vertex 55 14 1.5
      vertex 83.8202 5.49386 1.5
      vertex 83.2814 10.9642 1.5
    endloop
  endfacet
  facet normal 0 0 1
    outer loop
      vertex 55 -14 1.5
      vertex 84 0 1.5
      vertex 55 14 1.5
    endloop
  endfacet
  facet normal -0 0 1
    outer loop
      vertex 55 14 1.5
      vertex 83.2814 10.9642 1.5
      vertex 82.386 16.3876 1.5
    endloop
  endfacet
  facet normal 0 0 1
    outer loop
      vertex 84 0 1.5
      vertex 55 -14 1.5
      vertex 83.8202 -5.49386 1.5
    endloop
  endfacet
  facet normal 0 0 1
    outer loop
      vertex 55 14 1.5
      vertex 82.386 16.3876 1.5
      vertex 81.1378 21.7408 1.5
    endloop
  endfacet
  facet normal 0 0 1
    outer loop
      vertex 83.8202 -5.49386 1.5
      vertex 55 -14 1.5
      vertex 83.2814 -10.9642 1.5
    endloop
  endfacet
  facet normal 0 0 1
    outer loop
      vertex 55 14 1.5
      vertex 81.1378 21.7408 1.5
      vertex 79.5421 27.0009 1.5
    endloop
  endfacet
  facet normal 0 0 1
    outer loop
      vertex 83.2814 -10.9642 1.5
      vertex 55 -14 1.5
      vertex 82.386 -16.3876 1.5
    endloop
  endfacet
  facet normal 0 0 1
    outer loop
      vertex 55 14 1.5
      vertex 79.5421 27.0009 1.5
      vertex 77.6059 32.1454 1.5
    endloop
  endfacet
  facet normal 0 0 1
    outer loop
      vertex 82.386 -16.3876 1.5
      vertex 55 -14 1.5
      vertex 81.1378 -21.7408 1.5
    endloop
  endfacet
  facet normal 0 0 1
    outer loop
      vertex 55 14 1.5
      vertex 77.6059 32.1454 1.5
      vertex 75.3373 37.1522 1.5
    endloop
  endfacet
  facet normal 0 0 1
    outer loop
      vertex 81.1378 -21.7408 1.5
      vertex 55 -14 1.5
      vertex 79.5421 -27.0009 1.5
    endloop
  endfacet
  facet normal 0 0 1
    outer loop
      vertex 55 14 1.5
      vertex 75.3373 37.1522 1.5
      vertex 72.7461 42 1.5
    endloop
  endfacet
  facet normal 0 0 1
    outer loop
      vertex 79.5421 -27.0009 1.5
      vertex 55 -14 1.5
      vertex 77.6059 -32.1454 1.5
    endloop
  endfacet
  facet normal 0 0 1
    outer loop
      vertex 38.9711 22.5 1.5
      vertex 72.7461 42 1.5
      vertex 69.8434 46.6679 1.5
    endloop
  endfacet
  facet normal 0 0 1
    outer loop
      vertex 77.6059 -32.1454 1.5
      vertex 55 -14 1.5
      vertex 75.3373 -37.1522 1.5
    endloop
  endfacet
  facet normal 0 0 1
    outer loop
      vertex 37.4161 25.0007 1.5
      vertex 69.8434 46.6679 1.5
      vertex 66.6417 51.136 1.5
    endloop
  endfacet
  facet normal 0 0 1
    outer loop
      vertex 75.3373 -37.1522 1.5
      vertex 55 -14 1.5
      vertex 72.7461 -42 1.5
    endloop
  endfacet
  facet normal 0 0 1
    outer loop
      vertex 35.7009 27.3943 1.5
      vertex 66.6417 51.136 1.5
      vertex 63.1545 55.385 1.5
    endloop
  endfacet
  facet normal -0 0 1
    outer loop
      vertex 38.9711 -22.5 1.5
      vertex 72.7461 -42 1.5
      vertex 55 -14 1.5
    endloop
  endfacet
  facet normal 0 0 1
    outer loop
      vertex 33.8328 29.6706 1.5
      vertex 63.1545 55.385 1.5
      vertex 59.397 59.397 1.5
    endloop
  endfacet
  facet normal 0 0 1
    outer loop
      vertex 72.7461 -42 1.5
      vertex 38.9711 -22.5 1.5
      vertex 69.8434 -46.6679 1.5
    endloop
  endfacet
  facet normal 0 0 1
    outer loop
      vertex 31.8198 31.8198 1.5
      vertex 59.397 59.397 1.5
      vertex 55.385 63.1545 1.5
    endloop
  endfacet
  facet normal -0 0 1
    outer loop
      vertex 37.4161 -25.0007 1.5
      vertex 69.8434 -46.6679 1.5
      vertex 38.9711 -22.5 1.5
    endloop
  endfacet
  facet normal -0 0 1
    outer loop
      vertex 35.7009 -27.3943 1.5
      vertex 66.6417 -51.136 1.5
      vertex 37.4161 -25.0007 1.5
    endloop
  endfacet
  facet normal 0 0 1
    outer loop
      vertex 29.6706 33.8328 1.5
      vertex 55.385 63.1545 1.5
      vertex 51.136 66.6417 1.5
    endloop
  endfacet
  facet normal 0 0 1
    outer loop
      vertex 27.3943 35.7009 1.5
      vertex 51.136 66.6417 1.5
      vertex 46.6679 69.8434 1.5
    endloop
  endfacet
  facet normal 0 0 1
    outer loop
      vertex 69.8434 46.6679 1.5
      vertex 37.4161 25.0007 1.5
      vertex 38.9711 22.5 1.5
    endloop
  endfacet
  facet normal 0 0 1
    outer loop
      vertex 55 14 1.5
      vertex 42.6119 14.4648 1.5
      vertex 42.7528 14 1.5
    endloop
  endfacet
  facet normal 0 0 1
    outer loop
      vertex 25.0007 37.4161 1.5
      vertex 46.6679 69.8434 1.5
      vertex 42 72.7461 1.5
    endloop
  endfacet
  facet normal 0 0 1
    outer loop
      vertex 55 14 1.5
      vertex 41.5746 17.2208 1.5
      vertex 42.6119 14.4648 1.5
    endloop
  endfacet
  facet normal 0 0 1
    outer loop
      vertex 55 14 1.5
      vertex 40.3593 19.903 1.5
      vertex 41.5746 17.2208 1.5
    endloop
  endfacet
  facet normal 0 0 1
    outer loop
      vertex 55 14 1.5
      vertex 38.9711 22.5 1.5
      vertex 40.3593 19.903 1.5
    endloop
  endfacet
  facet normal 0 0 1
    outer loop
      vertex 72.7461 42 1.5
      vertex 38.9711 22.5 1.5
      vertex 55 14 1.5
    endloop
  endfacet
  facet normal 0 0 1
    outer loop
      vertex 22.5 38.9711 1.5
      vertex 42 72.7461 1.5
      vertex 37.1522 75.3373 1.5
    endloop
  endfacet
  facet normal 0 0 1
    outer loop
      vertex 66.6417 51.136 1.5
      vertex 35.7009 27.3943 1.5
      vertex 37.4161 25.0007 1.5
    endloop
  endfacet
  facet normal 0 0 1
    outer loop
      vertex 63.1545 55.385 1.5
      vertex 33.8328 29.6706 1.5
      vertex 35.7009 27.3943 1.5
    endloop
  endfacet
  facet normal 0 0 1
    outer loop
      vertex 19.903 40.3593 1.5
      vertex 37.1522 75.3373 1.5
      vertex 32.1454 77.6059 1.5
    endloop
  endfacet
  facet normal 0 0 1
    outer loop
      vertex 59.397 59.397 1.5
      vertex 31.8198 31.8198 1.5
      vertex 33.8328 29.6706 1.5
    endloop
  endfacet
  facet normal 0 0 1
    outer loop
      vertex 55.385 63.1545 1.5
      vertex 29.6706 33.8328 1.5
      vertex 31.8198 31.8198 1.5
    endloop
  endfacet
  facet normal 0 0 1
    outer loop
      vertex 51.136 66.6417 1.5
      vertex 27.3943 35.7009 1.5
      vertex 29.6706 33.8328 1.5
    endloop
  endfacet
  facet normal 0 0 1
    outer loop
      vertex 17.2208 41.5746 1.5
      vertex 32.1454 77.6059 1.5
      vertex 27.0009 79.5421 1.5
    endloop
  endfacet
  facet normal 0 0 1
    outer loop
      vertex 46.6679 69.8434 1.5
      vertex 25.0007 37.4161 1.5
      vertex 27.3943 35.7009 1.5
    endloop
  endfacet
  facet normal 0 0 1
    outer loop
      vertex 42 72.7461 1.5
      vertex 22.5 38.9711 1.5
      vertex 25.0007 37.4161 1.5
    endloop
  endfacet
  facet normal 0 0 1
    outer loop
      vertex 14.4648 42.6119 1.5
      vertex 27.0009 79.5421 1.5
      vertex 21.7408 81.1378 1.5
    endloop
  endfacet
  facet normal 0 0 1
    outer loop
      vertex 37.1522 75.3373 1.5
      vertex 19.903 40.3593 1.5
      vertex 22.5 38.9711 1.5
    endloop
  endfacet
  facet normal 0 0 1
    outer loop
      vertex 32.1454 77.6059 1.5
      vertex 17.2208 41.5746 1.5
      vertex 19.903 40.3593 1.5
    endloop
  endfacet
  facet normal 0 0 1
    outer loop
      vertex 11.6469 43.4667 1.5
      vertex 21.7408 81.1378 1.5
      vertex 16.3876 82.386 1.5
    endloop
  endfacet
  facet normal 0 0 1
    outer loop
      vertex 27.0009 79.5421 1.5
      vertex 14.4648 42.6119 1.5
      vertex 17.2208 41.5746 1.5
    endloop
  endfacet
  facet normal 0 0 1
    outer loop
      vertex 21.7408 81.1378 1.5
      vertex 11.6469 43.4667 1.5
      vertex 14.4648 42.6119 1.5
    endloop
  endfacet
  facet normal 0 0 1
    outer loop
      vertex 8.77906 44.1353 1.5
      vertex 16.3876 82.386 1.5
      vertex 10.9642 83.2814 1.5
    endloop
  endfacet
  facet normal 0 0 1
    outer loop
      vertex 16.3876 82.386 1.5
      vertex 8.77906 44.1353 1.5
      vertex 11.6469 43.4667 1.5
    endloop
  endfacet
  facet normal 0 0 1
    outer loop
      vertex 10.9642 83.2814 1.5
      vertex 5.87368 44.615 1.5
      vertex 8.77906 44.1353 1.5
    endloop
  endfacet
  facet normal 0 0 1
    outer loop
      vertex 5.49386 83.8202 1.5
      vertex 5.87368 44.615 1.5
      vertex 10.9642 83.2814 1.5
    endloop
  endfacet
  facet normal 0 0 1
    outer loop
      vertex 5.49386 83.8202 1.5
      vertex 2.94314 44.9037 1.5
      vertex 5.87368 44.615 1.5
    endloop
  endfacet
  facet normal 0 0 1
    outer loop
      vertex 0 84 1.5
      vertex 2.94314 44.9037 1.5
      vertex 5.49386 83.8202 1.5
    endloop
  endfacet
  facet normal 0 0 1
    outer loop
      vertex 0 84 1.5
      vertex 0 45 1.5
      vertex 2.94314 44.9037 1.5
    endloop
  endfacet
  facet normal 0 0 1
    outer loop
      vertex 0 84 1.5
      vertex -2.94314 44.9037 1.5
      vertex 0 45 1.5
    endloop
  endfacet
  facet normal -0 0 1
    outer loop
      vertex -5.49386 83.8202 1.5
      vertex -2.94314 44.9037 1.5
      vertex 0 84 1.5
    endloop
  endfacet
  facet normal 0 0 1
    outer loop
      vertex -5.49386 83.8202 1.5
      vertex -5.87368 44.615 1.5
      vertex -2.94314 44.9037 1.5
    endloop
  endfacet
  facet normal -0 0 1
    outer loop
      vertex -10.9642 83.2814 1.5
      vertex -5.87368 44.615 1.5
      vertex -5.49386 83.8202 1.5
    endloop
  endfacet
  facet normal 0 0 1
    outer loop
      vertex -5.87368 44.615 1.5
      vertex -10.9642 83.2814 1.5
      vertex -8.77906 44.1353 1.5
    endloop
  endfacet
  facet normal -0 0 1
    outer loop
      vertex -16.3876 82.386 1.5
      vertex -8.77906 44.1353 1.5
      vertex -10.9642 83.2814 1.5
    endloop
  endfacet
  facet normal 0 0 1
    outer loop
      vertex -8.77906 44.1353 1.5
      vertex -16.3876 82.386 1.5
      vertex -11.6469 43.4667 1.5
    endloop
  endfacet
  facet normal -0 0 1
    outer loop
      vertex -21.7408 81.1378 1.5
      vertex -11.6469 43.4667 1.5
      vertex -16.3876 82.386 1.5
    endloop
  endfacet
  facet normal 0 0 1
    outer loop
      vertex -11.6469 43.4667 1.5
      vertex -21.7408 81.1378 1.5
      vertex -14.4648 42.6119 1.5
    endloop
  endfacet
  facet normal -0 0 1
    outer loop
      vertex -27.0009 79.5421 1.5
      vertex -14.4648 42.6119 1.5
      vertex -21.7408 81.1378 1.5
    endloop
  endfacet
  facet normal 0 0 1
    outer loop
      vertex -14.4648 42.6119 1.5
      vertex -27.0009 79.5421 1.5
      vertex -17.2208 41.5746 1.5
    endloop
  endfacet
  facet normal -0 0 1
    outer loop
      vertex -32.1454 77.6059 1.5
      vertex -17.2208 41.5746 1.5
      vertex -27.0009 79.5421 1.5
    endloop
  endfacet
  facet normal 0 0 1
    outer loop
      vertex -17.2208 41.5746 1.5
      vertex -32.1454 77.6059 1.5
      vertex -19.903 40.3593 1.5
    endloop
  endfacet
  facet normal -0 0 1
    outer loop
      vertex -37.1522 75.3373 1.5
      vertex -19.903 40.3593 1.5
      vertex -32.1454 77.6059 1.5
    endloop
  endfacet
  facet normal 0 0 1
    outer loop
      vertex -19.903 40.3593 1.5
      vertex -37.1522 75.3373 1.5
      vertex -22.5 38.9711 1.5
    endloop
  endfacet
  facet normal -0 0 1
    outer loop
      vertex -42 72.7461 1.5
      vertex -22.5 38.9711 1.5
      vertex -37.1522 75.3373 1.5
    endloop
  endfacet
  facet normal 0 0 1
    outer loop
      vertex -22.5 38.9711 1.5
      vertex -42 72.7461 1.5
      vertex -25.0007 37.4161 1.5
    endloop
  endfacet
  facet normal -0 0 1
    outer loop
      vertex -46.6679 69.8434 1.5
      vertex -25.0007 37.4161 1.5
      vertex -42 72.7461 1.5
    endloop
  endfacet
  facet normal 0 0 1
    outer loop
      vertex -25.0007 37.4161 1.5
      vertex -46.6679 69.8434 1.5
      vertex -27.3943 35.7009 1.5
    endloop
  endfacet
  facet normal -0 0 1
    outer loop
      vertex -51.136 66.6417 1.5
      vertex -27.3943 35.7009 1.5
      vertex -46.6679 69.8434 1.5
    endloop
  endfacet
  facet normal 0 0 1
    outer loop
      vertex -27.3943 35.7009 1.5
      vertex -51.136 66.6417 1.5
      vertex -29.6706 33.8328 1.5
    endloop
  endfacet
  facet normal -0 0 1
    outer loop
      vertex -55.385 63.1545 1.5
      vertex -29.6706 33.8328 1.5
      vertex -51.136 66.6417 1.5
    endloop
  endfacet
  facet normal 0 0 1
    outer loop
      vertex -29.6706 33.8328 1.5
      vertex -55.385 63.1545 1.5
      vertex -31.8198 31.8198 1.5
    endloop
  endfacet
  facet normal -0 0 1
    outer loop
      vertex -59.397 59.397 1.5
      vertex -31.8198 31.8198 1.5
      vertex -55.385 63.1545 1.5
    endloop
  endfacet
  facet normal 0 0 1
    outer loop
      vertex -31.8198 31.8198 1.5
      vertex -59.397 59.397 1.5
      vertex -33.8328 29.6706 1.5
    endloop
  endfacet
  facet normal -0 0 1
    outer loop
      vertex -63.1545 55.385 1.5
      vertex -33.8328 29.6706 1.5
      vertex -59.397 59.397 1.5
    endloop
  endfacet
  facet normal 0 0 1
    outer loop
      vertex -33.8328 29.6706 1.5
      vertex -63.1545 55.385 1.5
      vertex -35.7009 27.3943 1.5
    endloop
  endfacet
  facet normal -0 0 1
    outer loop
      vertex -66.6417 51.136 1.5
      vertex -35.7009 27.3943 1.5
      vertex -63.1545 55.385 1.5
    endloop
  endfacet
  facet normal 0 0 1
    outer loop
      vertex -35.7009 27.3943 1.5
      vertex -66.6417 51.136 1.5
      vertex -37.4161 25.0007 1.5
    endloop
  endfacet
  facet normal -0 0 1
    outer loop
      vertex -69.8434 46.6679 1.5
      vertex -37.4161 25.0007 1.5
      vertex -66.6417 51.136 1.5
    endloop
  endfacet
  facet normal 0 0 1
    outer loop
      vertex -37.4161 25.0007 1.5
      vertex -69.8434 46.6679 1.5
      vertex -38.9711 22.5 1.5
    endloop
  endfacet
  facet normal 0 0 1
    outer loop
      vertex -38.9711 22.5 1.5
      vertex -55 14 1.5
      vertex -40.3593 19.903 1.5
    endloop
  endfacet
  facet normal -0 0 1
    outer loop
      vertex -72.7461 42 1.5
      vertex -38.9711 22.5 1.5
      vertex -69.8434 46.6679 1.5
    endloop
  endfacet
  facet normal 0 0 1
    outer loop
      vertex 66.6417 -51.136 1.5
      vertex 35.7009 -27.3943 1.5
      vertex 63.1545 -55.385 1.5
    endloop
  endfacet
  facet normal -0 0 1
    outer loop
      vertex 33.8328 -29.6706 1.5
      vertex 63.1545 -55.385 1.5
      vertex 35.7009 -27.3943 1.5
    endloop
  endfacet
  facet normal 0 0 1
    outer loop
      vertex 63.1545 -55.385 1.5
      vertex 33.8328 -29.6706 1.5
      vertex 59.397 -59.397 1.5
    endloop
  endfacet
  facet normal 0 0 1
    outer loop
      vertex 42.6119 -14.4648 1.5
      vertex 55 -14 1.5
      vertex 42.7528 -14 1.5
    endloop
  endfacet
  facet normal 0 0 1
    outer loop
      vertex 41.5746 -17.2208 1.5
      vertex 55 -14 1.5
      vertex 42.6119 -14.4648 1.5
    endloop
  endfacet
  facet normal 0 0 1
    outer loop
      vertex 40.3593 -19.903 1.5
      vertex 55 -14 1.5
      vertex 41.5746 -17.2208 1.5
    endloop
  endfacet
  facet normal 0 0 1
    outer loop
      vertex 38.9711 -22.5 1.5
      vertex 55 -14 1.5
      vertex 40.3593 -19.903 1.5
    endloop
  endfacet
  facet normal 0 0 1
    outer loop
      vertex 69.8434 -46.6679 1.5
      vertex 37.4161 -25.0007 1.5
      vertex 66.6417 -51.136 1.5
    endloop
  endfacet
  facet normal -0 0 1
    outer loop
      vertex 31.8198 -31.8198 1.5
      vertex 59.397 -59.397 1.5
      vertex 33.8328 -29.6706 1.5
    endloop
  endfacet
  facet normal 0 0 1
    outer loop
      vertex 59.397 -59.397 1.5
      vertex 31.8198 -31.8198 1.5
      vertex 55.385 -63.1545 1.5
    endloop
  endfacet
  facet normal -0 0 1
    outer loop
      vertex 29.6706 -33.8328 1.5
      vertex 55.385 -63.1545 1.5
      vertex 31.8198 -31.8198 1.5
    endloop
  endfacet
  facet normal 0 0 1
    outer loop
      vertex 55.385 -63.1545 1.5
      vertex 29.6706 -33.8328 1.5
      vertex 51.136 -66.6417 1.5
    endloop
  endfacet
  facet normal -0 0 1
    outer loop
      vertex 27.3943 -35.7009 1.5
      vertex 51.136 -66.6417 1.5
      vertex 29.6706 -33.8328 1.5
    endloop
  endfacet
  facet normal 0 0 1
    outer loop
      vertex 51.136 -66.6417 1.5
      vertex 27.3943 -35.7009 1.5
      vertex 46.6679 -69.8434 1.5
    endloop
  endfacet
  facet normal -0 0 1
    outer loop
      vertex 25.0007 -37.4161 1.5
      vertex 46.6679 -69.8434 1.5
      vertex 27.3943 -35.7009 1.5
    endloop
  endfacet
  facet normal 0 0 1
    outer loop
      vertex 46.6679 -69.8434 1.5
      vertex 25.0007 -37.4161 1.5
      vertex 42 -72.7461 1.5
    endloop
  endfacet
  facet normal -0 0 1
    outer loop
      vertex 22.5 -38.9711 1.5
      vertex 42 -72.7461 1.5
      vertex 25.0007 -37.4161 1.5
    endloop
  endfacet
  facet normal 0 0 1
    outer loop
      vertex 42 -72.7461 1.5
      vertex 22.5 -38.9711 1.5
      vertex 37.1522 -75.3373 1.5
    endloop
  endfacet
  facet normal -0 0 1
    outer loop
      vertex 19.903 -40.3593 1.5
      vertex 37.1522 -75.3373 1.5
      vertex 22.5 -38.9711 1.5
    endloop
  endfacet
  facet normal 0 0 1
    outer loop
      vertex 37.1522 -75.3373 1.5
      vertex 19.903 -40.3593 1.5
      vertex 32.1454 -77.6059 1.5
    endloop
  endfacet
  facet normal -0 0 1
    outer loop
      vertex 17.2208 -41.5746 1.5
      vertex 32.1454 -77.6059 1.5
      vertex 19.903 -40.3593 1.5
    endloop
  endfacet
  facet normal 0 0 1
    outer loop
      vertex 32.1454 -77.6059 1.5
      vertex 17.2208 -41.5746 1.5
      vertex 27.0009 -79.5421 1.5
    endloop
  endfacet
  facet normal -0 0 1
    outer loop
      vertex 14.4648 -42.6119 1.5
      vertex 27.0009 -79.5421 1.5
      vertex 17.2208 -41.5746 1.5
    endloop
  endfacet
  facet normal 0 0 1
    outer loop
      vertex 27.0009 -79.5421 1.5
      vertex 14.4648 -42.6119 1.5
      vertex 21.7408 -81.1378 1.5
    endloop
  endfacet
  facet normal -0 0 1
    outer loop
      vertex 11.6469 -43.4667 1.5
      vertex 21.7408 -81.1378 1.5
      vertex 14.4648 -42.6119 1.5
    endloop
  endfacet
  facet normal 0 0 1
    outer loop
      vertex 21.7408 -81.1378 1.5
      vertex 11.6469 -43.4667 1.5
      vertex 16.3876 -82.386 1.5
    endloop
  endfacet
  facet normal -0 0 1
    outer loop
      vertex 8.77906 -44.1353 1.5
      vertex 16.3876 -82.386 1.5
      vertex 11.6469 -43.4667 1.5
    endloop
  endfacet
  facet normal 0 0 1
    outer loop
      vertex 16.3876 -82.386 1.5
      vertex 8.77906 -44.1353 1.5
      vertex 10.9642 -83.2814 1.5
    endloop
  endfacet
  facet normal -0 0 1
    outer loop
      vertex 5.87368 -44.615 1.5
      vertex 10.9642 -83.2814 1.5
      vertex 8.77906 -44.1353 1.5
    endloop
  endfacet
  facet normal 0 0 1
    outer loop
      vertex 5.87368 -44.615 1.5
      vertex 5.49386 -83.8202 1.5
      vertex 10.9642 -83.2814 1.5
    endloop
  endfacet
  facet normal -0 0 1
    outer loop
      vertex 2.94314 -44.9037 1.5
      vertex 5.49386 -83.8202 1.5
      vertex 5.87368 -44.615 1.5
    endloop
  endfacet
  facet normal -0 0 1
    outer loop
      vertex 0 -45 1.5
      vertex 5.49386 -83.8202 1.5
      vertex 2.94314 -44.9037 1.5
    endloop
  endfacet
  facet normal 0 0 1
    outer loop
      vertex 0 -45 1.5
      vertex 0 -84 1.5
      vertex 5.49386 -83.8202 1.5
    endloop
  endfacet
  facet normal 0 0 1
    outer loop
      vertex -2.94314 -44.9037 1.5
      vertex 0 -84 1.5
      vertex 0 -45 1.5
    endloop
  endfacet
  facet normal 0 0 1
    outer loop
      vertex -2.94314 -44.9037 1.5
      vertex -5.49386 -83.8202 1.5
      vertex 0 -84 1.5
    endloop
  endfacet
  facet normal 0 0 1
    outer loop
      vertex -5.87368 -44.615 1.5
      vertex -5.49386 -83.8202 1.5
      vertex -2.94314 -44.9037 1.5
    endloop
  endfacet
  facet normal 0 0 1
    outer loop
      vertex -10.9642 -83.2814 1.5
      vertex -5.87368 -44.615 1.5
      vertex -8.77906 -44.1353 1.5
    endloop
  endfacet
  facet normal 0 0 1
    outer loop
      vertex -5.87368 -44.615 1.5
      vertex -10.9642 -83.2814 1.5
      vertex -5.49386 -83.8202 1.5
    endloop
  endfacet
  facet normal 0 0 1
    outer loop
      vertex -16.3876 -82.386 1.5
      vertex -8.77906 -44.1353 1.5
      vertex -11.6469 -43.4667 1.5
    endloop
  endfacet
  facet normal 0 0 1
    outer loop
      vertex -21.7408 -81.1378 1.5
      vertex -11.6469 -43.4667 1.5
      vertex -14.4648 -42.6119 1.5
    endloop
  endfacet
  facet normal 0 0 1
    outer loop
      vertex -8.77906 -44.1353 1.5
      vertex -16.3876 -82.386 1.5
      vertex -10.9642 -83.2814 1.5
    endloop
  endfacet
  facet normal 0 0 1
    outer loop
      vertex -27.0009 -79.5421 1.5
      vertex -14.4648 -42.6119 1.5
      vertex -17.2208 -41.5746 1.5
    endloop
  endfacet
  facet normal 0 0 1
    outer loop
      vertex -32.1454 -77.6059 1.5
      vertex -17.2208 -41.5746 1.5
      vertex -19.903 -40.3593 1.5
    endloop
  endfacet
  facet normal 0 0 1
    outer loop
      vertex -11.6469 -43.4667 1.5
      vertex -21.7408 -81.1378 1.5
      vertex -16.3876 -82.386 1.5
    endloop
  endfacet
  facet normal 0 0 1
    outer loop
      vertex -37.1522 -75.3373 1.5
      vertex -19.903 -40.3593 1.5
      vertex -22.5 -38.9711 1.5
    endloop
  endfacet
  facet normal 0 0 1
    outer loop
      vertex -42 -72.7461 1.5
      vertex -22.5 -38.9711 1.5
      vertex -25.0007 -37.4161 1.5
    endloop
  endfacet
  facet normal 0 0 1
    outer loop
      vertex -14.4648 -42.6119 1.5
      vertex -27.0009 -79.5421 1.5
      vertex -21.7408 -81.1378 1.5
    endloop
  endfacet
  facet normal 0 0 1
    outer loop
      vertex -46.6679 -69.8434 1.5
      vertex -25.0007 -37.4161 1.5
      vertex -27.3943 -35.7009 1.5
    endloop
  endfacet
  facet normal 0 0 1
    outer loop
      vertex -51.136 -66.6417 1.5
      vertex -27.3943 -35.7009 1.5
      vertex -29.6706 -33.8328 1.5
    endloop
  endfacet
  facet normal 0 0 1
    outer loop
      vertex -55.385 -63.1545 1.5
      vertex -29.6706 -33.8328 1.5
      vertex -31.8198 -31.8198 1.5
    endloop
  endfacet
  facet normal 0 0 1
    outer loop
      vertex -17.2208 -41.5746 1.5
      vertex -32.1454 -77.6059 1.5
      vertex -27.0009 -79.5421 1.5
    endloop
  endfacet
  facet normal 0 0 1
    outer loop
      vertex -59.397 -59.397 1.5
      vertex -31.8198 -31.8198 1.5
      vertex -33.8328 -29.6706 1.5
    endloop
  endfacet
  facet normal 0 0 1
    outer loop
      vertex -63.1545 -55.385 1.5
      vertex -33.8328 -29.6706 1.5
      vertex -35.7009 -27.3943 1.5
    endloop
  endfacet
  facet normal 0 0 1
    outer loop
      vertex -19.903 -40.3593 1.5
      vertex -37.1522 -75.3373 1.5
      vertex -32.1454 -77.6059 1.5
    endloop
  endfacet
  facet normal 0 0 1
    outer loop
      vertex -66.6417 -51.136 1.5
      vertex -35.7009 -27.3943 1.5
      vertex -37.4161 -25.0007 1.5
    endloop
  endfacet
  facet normal 0 0 1
    outer loop
      vertex -69.8434 -46.6679 1.5
      vertex -37.4161 -25.0007 1.5
      vertex -38.9711 -22.5 1.5
    endloop
  endfacet
  facet normal 0 0 1
    outer loop
      vertex -55 -14 1.5
      vertex -38.9711 -22.5 1.5
      vertex -40.3593 -19.903 1.5
    endloop
  endfacet
  facet normal 0 0 1
    outer loop
      vertex -55 -14 1.5
      vertex -40.3593 -19.903 1.5
      vertex -41.5746 -17.2208 1.5
    endloop
  endfacet
  facet normal 0 0 1
    outer loop
      vertex -22.5 -38.9711 1.5
      vertex -42 -72.7461 1.5
      vertex -37.1522 -75.3373 1.5
    endloop
  endfacet
  facet normal 0 0 1
    outer loop
      vertex -55 -14 1.5
      vertex -41.5746 -17.2208 1.5
      vertex -42.6119 -14.4648 1.5
    endloop
  endfacet
  facet normal -0 0 1
    outer loop
      vertex -55 -14 1.5
      vertex -42.6119 -14.4648 1.5
      vertex -42.7528 -14 1.5
    endloop
  endfacet
  facet normal 0 0 1
    outer loop
      vertex -25.0007 -37.4161 1.5
      vertex -46.6679 -69.8434 1.5
      vertex -42 -72.7461 1.5
    endloop
  endfacet
  facet normal 0 0 1
    outer loop
      vertex -27.3943 -35.7009 1.5
      vertex -51.136 -66.6417 1.5
      vertex -46.6679 -69.8434 1.5
    endloop
  endfacet
  facet normal 0 0 1
    outer loop
      vertex -72.7461 -42 1.5
      vertex -38.9711 -22.5 1.5
      vertex -55 -14 1.5
    endloop
  endfacet
  facet normal 0 0 1
    outer loop
      vertex -29.6706 -33.8328 1.5
      vertex -55.385 -63.1545 1.5
      vertex -51.136 -66.6417 1.5
    endloop
  endfacet
  facet normal 0 0 1
    outer loop
      vertex -41.5746 17.2208 1.5
      vertex -55 14 1.5
      vertex -42.6119 14.4648 1.5
    endloop
  endfacet
  facet normal 0 0 1
    outer loop
      vertex -42.6119 14.4648 1.5
      vertex -55 14 1.5
      vertex -42.7528 14 1.5
    endloop
  endfacet
  facet normal -0 0 1
    outer loop
      vertex -77.5422 -3.5 1.5
      vertex -55 -14 1.5
      vertex -77.5422 3.5 1.5
    endloop
  endfacet
  facet normal 0 0 1
    outer loop
      vertex -40.3593 19.903 1.5
      vertex -55 14 1.5
      vertex -41.5746 17.2208 1.5
    endloop
  endfacet
  facet normal 0 0 1
    outer loop
      vertex -31.8198 -31.8198 1.5
      vertex -59.397 -59.397 1.5
      vertex -55.385 -63.1545 1.5
    endloop
  endfacet
  facet normal 0 0 1
    outer loop
      vertex -38.9711 22.5 1.5
      vertex -72.7461 42 1.5
      vertex -55 14 1.5
    endloop
  endfacet
  facet normal 0 0 1
    outer loop
      vertex -33.8328 -29.6706 1.5
      vertex -63.1545 -55.385 1.5
      vertex -59.397 -59.397 1.5
    endloop
  endfacet
  facet normal -0 0 1
    outer loop
      vertex -75.3373 37.1522 1.5
      vertex -55 14 1.5
      vertex -72.7461 42 1.5
    endloop
  endfacet
  facet normal 0 0 1
    outer loop
      vertex -35.7009 -27.3943 1.5
      vertex -66.6417 -51.136 1.5
      vertex -63.1545 -55.385 1.5
    endloop
  endfacet
  facet normal -0 0 1
    outer loop
      vertex -77.6059 32.1454 1.5
      vertex -55 14 1.5
      vertex -75.3373 37.1522 1.5
    endloop
  endfacet
  facet normal 0 0 1
    outer loop
      vertex -37.4161 -25.0007 1.5
      vertex -69.8434 -46.6679 1.5
      vertex -66.6417 -51.136 1.5
    endloop
  endfacet
  facet normal -0 0 1
    outer loop
      vertex -79.5421 27.0009 1.5
      vertex -55 14 1.5
      vertex -77.6059 32.1454 1.5
    endloop
  endfacet
  facet normal 0 0 1
    outer loop
      vertex -38.9711 -22.5 1.5
      vertex -72.7461 -42 1.5
      vertex -69.8434 -46.6679 1.5
    endloop
  endfacet
  facet normal 0 0 1
    outer loop
      vertex -55 -14 1.5
      vertex -75.3373 -37.1522 1.5
      vertex -72.7461 -42 1.5
    endloop
  endfacet
  facet normal -0 0 1
    outer loop
      vertex -81.1378 21.7408 1.5
      vertex -55 14 1.5
      vertex -79.5421 27.0009 1.5
    endloop
  endfacet
  facet normal 0 0 1
    outer loop
      vertex -55 14 1.5
      vertex -77.5422 3.5 1.5
      vertex -55 -14 1.5
    endloop
  endfacet
  facet normal -0 0 1
    outer loop
      vertex -82.386 16.3876 1.5
      vertex -55 14 1.5
      vertex -81.1378 21.7408 1.5
    endloop
  endfacet
  facet normal 0 0 1
    outer loop
      vertex -55 14 1.5
      vertex -82.386 16.3876 1.5
      vertex -77.5422 3.5 1.5
    endloop
  endfacet
  facet normal -0 0 1
    outer loop
      vertex -83.2814 10.9642 1.5
      vertex -77.5422 3.5 1.5
      vertex -82.386 16.3876 1.5
    endloop
  endfacet
  facet normal -0 0 1
    outer loop
      vertex -83.8202 5.49386 1.5
      vertex -77.5422 3.5 1.5
      vertex -83.2814 10.9642 1.5
    endloop
  endfacet
  facet normal 0 0 1
    outer loop
      vertex -77.5422 3.5 1.5
      vertex -83.8202 5.49386 1.5
      vertex -83.8854 3.5 1.5
    endloop
  endfacet
  facet normal -0.412714 -0.910861 0
    outer loop
      vertex -37.1522 -75.3373 -1.5
      vertex -32.1454 -77.6059 1.5
      vertex -37.1522 -75.3373 1.5
    endloop
  endfacet
  facet normal -0.412714 -0.910861 -0
    outer loop
      vertex -32.1454 -77.6059 1.5
      vertex -37.1522 -75.3373 -1.5
      vertex -32.1454 -77.6059 -1.5
    endloop
  endfacet
  facet normal -0.471396 0.881921 0
    outer loop
      vertex -37.1522 75.3373 -1.5
      vertex -42 72.7461 1.5
      vertex -37.1522 75.3373 1.5
    endloop
  endfacet
  facet normal -0.471396 0.881921 0
    outer loop
      vertex -42 72.7461 1.5
      vertex -37.1522 75.3373 -1.5
      vertex -42 72.7461 -1.5
    endloop
  endfacet
  facet normal 0.162902 0.986642 -0
    outer loop
      vertex -5.87368 -44.615 -1.5
      vertex -8.77906 -44.1353 1.5
      vertex -5.87368 -44.615 1.5
    endloop
  endfacet
  facet normal 0.162902 0.986642 0
    outer loop
      vertex -8.77906 -44.1353 1.5
      vertex -5.87368 -44.615 -1.5
      vertex -8.77906 -44.1353 -1.5
    endloop
  endfacet
  facet normal -0.910862 -0.41271 0
    outer loop
      vertex 41.5746 17.2208 -1.5
      vertex 40.3593 19.903 1.5
      vertex 40.3593 19.903 -1.5
    endloop
  endfacet
  facet normal -0.910862 -0.41271 0
    outer loop
      vertex 40.3593 19.903 1.5
      vertex 41.5746 17.2208 -1.5
      vertex 41.5746 17.2208 1.5
    endloop
  endfacet
  facet normal -0.995183 -0.0980397 0
    outer loop
      vertex 44.9037 2.94314 -1.5
      vertex 44.615 5.87368 -1
      vertex 44.615 5.87368 -1.5
    endloop
  endfacet
  facet normal -0.995183 -0.0980397 0
    outer loop
      vertex 44.615 5.87368 -1
      vertex 44.9037 2.94314 -1.5
      vertex 44.9037 2.94314 -1
    endloop
  endfacet
  facet normal -0.999465 -0.0327027 0
    outer loop
      vertex 45 0 -1.5
      vertex 44.9037 2.94314 -1
      vertex 44.9037 2.94314 -1.5
    endloop
  endfacet
  facet normal -0.999465 -0.0327027 0
    outer loop
      vertex 44.9037 2.94314 -1
      vertex 45 0 -1.5
      vertex 45 0 -1
    endloop
  endfacet
  facet normal -0.986642 -0.162902 0
    outer loop
      vertex 44.615 5.87368 -1.5
      vertex 44.1353 8.77906 -1
      vertex 44.1353 8.77906 -1.5
    endloop
  endfacet
  facet normal -0.986642 -0.162902 0
    outer loop
      vertex 44.1353 8.77906 -1
      vertex 44.615 5.87368 -1.5
      vertex 44.615 5.87368 -1
    endloop
  endfacet
  facet normal -0.0980397 0.995183 0
    outer loop
      vertex 5.87368 -44.615 -1.5
      vertex 2.94314 -44.9037 1.5
      vertex 5.87368 -44.615 1.5
    endloop
  endfacet
  facet normal -0.0980397 0.995183 0
    outer loop
      vertex 2.94314 -44.9037 1.5
      vertex 5.87368 -44.615 -1.5
      vertex 2.94314 -44.9037 -1.5
    endloop
  endfacet
  facet normal -0.528059 0.849208 0
    outer loop
      vertex 25.0007 -37.4161 -1.5
      vertex 22.5 -38.9711 1.5
      vertex 25.0007 -37.4161 1.5
    endloop
  endfacet
  facet normal -0.528059 0.849208 0
    outer loop
      vertex 22.5 -38.9711 1.5
      vertex 25.0007 -37.4161 -1.5
      vertex 22.5 -38.9711 -1.5
    endloop
  endfacet
  facet normal -0.935904 -0.352255 0
    outer loop
      vertex 42.6119 14.4648 -1.5
      vertex 41.5746 17.2208 1.5
      vertex 41.5746 17.2208 -1.5
    endloop
  endfacet
  facet normal -0.935904 -0.352255 0
    outer loop
      vertex 41.5746 17.2208 1.5
      vertex 42.6119 14.4648 -1.5
      vertex 42.6119 14.4648 1.5
    endloop
  endfacet
  facet normal -0.973883 -0.227048 0
    outer loop
      vertex 44.1353 8.77906 -1.5
      vertex 43.4667 11.6469 -1
      vertex 43.4667 11.6469 -1.5
    endloop
  endfacet
  facet normal -0.973883 -0.227048 0
    outer loop
      vertex 43.4667 11.6469 -1
      vertex 44.1353 8.77906 -1.5
      vertex 44.1353 8.77906 -1
    endloop
  endfacet
  facet normal -0.995183 0.0980397 0
    outer loop
      vertex 44.615 -5.87368 -1.5
      vertex 44.9037 -2.94314 -1
      vertex 44.9037 -2.94314 -1.5
    endloop
  endfacet
  facet normal -0.995183 0.0980397 0
    outer loop
      vertex 44.9037 -2.94314 -1
      vertex 44.615 -5.87368 -1.5
      vertex 44.615 -5.87368 -1
    endloop
  endfacet
  facet normal -0.528059 -0.849208 0
    outer loop
      vertex 22.5 38.9711 -1.5
      vertex 25.0007 37.4161 1.5
      vertex 22.5 38.9711 1.5
    endloop
  endfacet
  facet normal -0.528059 -0.849208 -0
    outer loop
      vertex 25.0007 37.4161 1.5
      vertex 22.5 38.9711 -1.5
      vertex 25.0007 37.4161 -1.5
    endloop
  endfacet
  facet normal -0.0327027 0.999465 0
    outer loop
      vertex 2.94314 -44.9037 -1.5
      vertex 0 -45 1.5
      vertex 2.94314 -44.9037 1.5
    endloop
  endfacet
  facet normal -0.0327027 0.999465 0
    outer loop
      vertex 0 -45 1.5
      vertex 2.94314 -44.9037 -1.5
      vertex 0 -45 -1.5
    endloop
  endfacet
  facet normal -0.773012 0.634391 0
    outer loop
      vertex 33.8328 -29.6706 -1.5
      vertex 35.7009 -27.3943 1.5
      vertex 35.7009 -27.3943 -1.5
    endloop
  endfacet
  facet normal -0.773012 0.634391 0
    outer loop
      vertex 35.7009 -27.3943 1.5
      vertex 33.8328 -29.6706 -1.5
      vertex 33.8328 -29.6706 1.5
    endloop
  endfacet
  facet normal 0.683602 -0.729855 0
    outer loop
      vertex -31.8198 31.8198 -1.5
      vertex -29.6706 33.8328 1.5
      vertex -31.8198 31.8198 1.5
    endloop
  endfacet
  facet normal 0.683602 -0.729855 0
    outer loop
      vertex -29.6706 33.8328 1.5
      vertex -31.8198 31.8198 -1.5
      vertex -29.6706 33.8328 -1.5
    endloop
  endfacet
  facet normal -0.773012 -0.634391 0
    outer loop
      vertex 35.7009 27.3943 -1.5
      vertex 33.8328 29.6706 1.5
      vertex 33.8328 29.6706 -1.5
    endloop
  endfacet
  facet normal -0.773012 -0.634391 0
    outer loop
      vertex 33.8328 29.6706 1.5
      vertex 35.7009 27.3943 -1.5
      vertex 35.7009 27.3943 1.5
    endloop
  endfacet
  facet normal 0.812851 0.582471 0
    outer loop
      vertex -35.7009 -27.3943 1.5
      vertex -37.4161 -25.0007 -1.5
      vertex -37.4161 -25.0007 1.5
    endloop
  endfacet
  facet normal 0.812851 0.582471 0
    outer loop
      vertex -37.4161 -25.0007 -1.5
      vertex -35.7009 -27.3943 1.5
      vertex -35.7009 -27.3943 -1.5
    endloop
  endfacet
  facet normal 0.812851 -0.582471 0
    outer loop
      vertex -37.4161 25.0007 1.5
      vertex -35.7009 27.3943 -1.5
      vertex -35.7009 27.3943 1.5
    endloop
  endfacet
  facet normal 0.812851 -0.582471 0
    outer loop
      vertex -35.7009 27.3943 -1.5
      vertex -37.4161 25.0007 1.5
      vertex -37.4161 25.0007 -1.5
    endloop
  endfacet
  facet normal 0.910862 -0.41271 0
    outer loop
      vertex -41.5746 17.2208 1.5
      vertex -40.3593 19.903 -1.5
      vertex -40.3593 19.903 1.5
    endloop
  endfacet
  facet normal 0.910862 -0.41271 0
    outer loop
      vertex -40.3593 19.903 -1.5
      vertex -41.5746 17.2208 1.5
      vertex -41.5746 17.2208 -1.5
    endloop
  endfacet
  facet normal 0.634391 -0.773012 0
    outer loop
      vertex -29.6706 33.8328 -1.5
      vertex -27.3943 35.7009 1.5
      vertex -29.6706 33.8328 1.5
    endloop
  endfacet
  facet normal 0.634391 -0.773012 0
    outer loop
      vertex -27.3943 35.7009 1.5
      vertex -29.6706 33.8328 -1.5
      vertex -27.3943 35.7009 -1.5
    endloop
  endfacet
  facet normal 0.999465 0.0327027 0
    outer loop
      vertex -44.9037 -2.94314 -1
      vertex -45 0 -1.5
      vertex -45 0 -1
    endloop
  endfacet
  facet normal 0.999465 0.0327027 0
    outer loop
      vertex -45 0 -1.5
      vertex -44.9037 -2.94314 -1
      vertex -44.9037 -2.94314 -1.5
    endloop
  endfacet
  facet normal 0.935904 0.352255 0
    outer loop
      vertex -41.5746 -17.2208 1.5
      vertex -42.6119 -14.4648 -1.5
      vertex -42.6119 -14.4648 1.5
    endloop
  endfacet
  facet normal 0.935904 0.352255 0
    outer loop
      vertex -42.6119 -14.4648 -1.5
      vertex -41.5746 -17.2208 1.5
      vertex -41.5746 -17.2208 -1.5
    endloop
  endfacet
  facet normal 0.41271 -0.910862 0
    outer loop
      vertex -19.903 40.3593 -1.5
      vertex -17.2208 41.5746 1.5
      vertex -19.903 40.3593 1.5
    endloop
  endfacet
  facet normal 0.41271 -0.910862 0
    outer loop
      vertex -17.2208 41.5746 1.5
      vertex -19.903 40.3593 -1.5
      vertex -17.2208 41.5746 -1.5
    endloop
  endfacet
  facet normal -0.849208 -0.528059 0
    outer loop
      vertex 38.9711 22.5 -1.5
      vertex 37.4161 25.0007 1.5
      vertex 37.4161 25.0007 -1.5
    endloop
  endfacet
  facet normal -0.849208 -0.528059 0
    outer loop
      vertex 37.4161 25.0007 1.5
      vertex 38.9711 22.5 -1.5
      vertex 38.9711 22.5 1.5
    endloop
  endfacet
  facet normal 0.849208 -0.528059 0
    outer loop
      vertex -38.9711 22.5 1.5
      vertex -37.4161 25.0007 -1.5
      vertex -37.4161 25.0007 1.5
    endloop
  endfacet
  facet normal 0.849208 -0.528059 0
    outer loop
      vertex -37.4161 25.0007 -1.5
      vertex -38.9711 22.5 1.5
      vertex -38.9711 22.5 -1.5
    endloop
  endfacet
  facet normal -0.227048 0.973883 0
    outer loop
      vertex 11.6469 -43.4667 -1.5
      vertex 8.77906 -44.1353 1.5
      vertex 11.6469 -43.4667 1.5
    endloop
  endfacet
  facet normal -0.227048 0.973883 0
    outer loop
      vertex 8.77906 -44.1353 1.5
      vertex 11.6469 -43.4667 -1.5
      vertex 8.77906 -44.1353 -1.5
    endloop
  endfacet
  facet normal 0.986642 0.162902 0
    outer loop
      vertex -44.1353 -8.77906 -1
      vertex -44.615 -5.87368 -1.5
      vertex -44.615 -5.87368 -1
    endloop
  endfacet
  facet normal 0.986642 0.162902 0
    outer loop
      vertex -44.615 -5.87368 -1.5
      vertex -44.1353 -8.77906 -1
      vertex -44.1353 -8.77906 -1.5
    endloop
  endfacet
  facet normal 0.935904 -0.352255 0
    outer loop
      vertex -42.6119 14.4648 1.5
      vertex -41.5746 17.2208 -1.5
      vertex -41.5746 17.2208 1.5
    endloop
  endfacet
  facet normal 0.935904 -0.352255 0
    outer loop
      vertex -41.5746 17.2208 -1.5
      vertex -42.6119 14.4648 1.5
      vertex -42.6119 14.4648 -1.5
    endloop
  endfacet
  facet normal -0.812851 -0.582471 0
    outer loop
      vertex 37.4161 25.0007 -1.5
      vertex 35.7009 27.3943 1.5
      vertex 35.7009 27.3943 -1.5
    endloop
  endfacet
  facet normal -0.812851 -0.582471 0
    outer loop
      vertex 35.7009 27.3943 1.5
      vertex 37.4161 25.0007 -1.5
      vertex 37.4161 25.0007 1.5
    endloop
  endfacet
  facet normal -0.634391 0.773012 0
    outer loop
      vertex 29.6706 -33.8328 -1.5
      vertex 27.3943 -35.7009 1.5
      vertex 29.6706 -33.8328 1.5
    endloop
  endfacet
  facet normal -0.634391 0.773012 0
    outer loop
      vertex 27.3943 -35.7009 1.5
      vertex 29.6706 -33.8328 -1.5
      vertex 27.3943 -35.7009 -1.5
    endloop
  endfacet
  facet normal -0.352255 0.935904 0
    outer loop
      vertex 17.2208 -41.5746 -1.5
      vertex 14.4648 -42.6119 1.5
      vertex 17.2208 -41.5746 1.5
    endloop
  endfacet
  facet normal -0.352255 0.935904 0
    outer loop
      vertex 14.4648 -42.6119 1.5
      vertex 17.2208 -41.5746 -1.5
      vertex 14.4648 -42.6119 -1.5
    endloop
  endfacet
  facet normal 0.582471 -0.812851 0
    outer loop
      vertex -27.3943 35.7009 -1.5
      vertex -25.0007 37.4161 1.5
      vertex -27.3943 35.7009 1.5
    endloop
  endfacet
  facet normal 0.582471 -0.812851 0
    outer loop
      vertex -25.0007 37.4161 1.5
      vertex -27.3943 35.7009 -1.5
      vertex -25.0007 37.4161 -1.5
    endloop
  endfacet
  facet normal 0.986642 -0.162902 0
    outer loop
      vertex -44.615 5.87368 -1
      vertex -44.1353 8.77906 -1.5
      vertex -44.1353 8.77906 -1
    endloop
  endfacet
  facet normal 0.986642 -0.162902 0
    outer loop
      vertex -44.1353 8.77906 -1.5
      vertex -44.615 5.87368 -1
      vertex -44.615 5.87368 -1.5
    endloop
  endfacet
  facet normal 0.41271 0.910862 -0
    outer loop
      vertex -17.2208 -41.5746 -1.5
      vertex -19.903 -40.3593 1.5
      vertex -17.2208 -41.5746 1.5
    endloop
  endfacet
  facet normal 0.41271 0.910862 0
    outer loop
      vertex -19.903 -40.3593 1.5
      vertex -17.2208 -41.5746 -1.5
      vertex -19.903 -40.3593 -1.5
    endloop
  endfacet
  facet normal 0.995183 0.0980397 0
    outer loop
      vertex -44.615 -5.87368 -1
      vertex -44.9037 -2.94314 -1.5
      vertex -44.9037 -2.94314 -1
    endloop
  endfacet
  facet normal 0.995183 0.0980397 0
    outer loop
      vertex -44.9037 -2.94314 -1.5
      vertex -44.615 -5.87368 -1
      vertex -44.615 -5.87368 -1.5
    endloop
  endfacet
  facet normal -0.582471 -0.812851 0
    outer loop
      vertex 25.0007 37.4161 -1.5
      vertex 27.3943 35.7009 1.5
      vertex 25.0007 37.4161 1.5
    endloop
  endfacet
  facet normal -0.582471 -0.812851 -0
    outer loop
      vertex 27.3943 35.7009 1.5
      vertex 25.0007 37.4161 -1.5
      vertex 27.3943 35.7009 -1.5
    endloop
  endfacet
  facet normal -0.812851 0.582471 0
    outer loop
      vertex 35.7009 -27.3943 -1.5
      vertex 37.4161 -25.0007 1.5
      vertex 37.4161 -25.0007 -1.5
    endloop
  endfacet
  facet normal -0.812851 0.582471 0
    outer loop
      vertex 37.4161 -25.0007 1.5
      vertex 35.7009 -27.3943 -1.5
      vertex 35.7009 -27.3943 1.5
    endloop
  endfacet
  facet normal -0.881911 -0.471416 0
    outer loop
      vertex 40.3593 19.903 -1.5
      vertex 38.9711 22.5 1.5
      vertex 38.9711 22.5 -1.5
    endloop
  endfacet
  facet normal -0.881911 -0.471416 0
    outer loop
      vertex 38.9711 22.5 1.5
      vertex 40.3593 19.903 -1.5
      vertex 40.3593 19.903 1.5
    endloop
  endfacet
  facet normal 0.956995 0.290105 0
    outer loop
      vertex -42.7528 -14 1.5
      vertex -42.6119 -14.4648 1.5
      vertex -42.7528 -14 -1
    endloop
  endfacet
  facet normal 0.95693 0.29032 0
    outer loop
      vertex -42.7528 -14 -1
      vertex -43.4667 -11.6469 -1.5
      vertex -43.4667 -11.6469 -1
    endloop
  endfacet
  facet normal 0.95694 0.290284 -0.000182654
    outer loop
      vertex -42.7528 -14 -1
      vertex -42.6119 -14.4648 -1.5
      vertex -43.4667 -11.6469 -1.5
    endloop
  endfacet
  facet normal 0.956995 0.290105 -0
    outer loop
      vertex -42.6119 -14.4648 -1.5
      vertex -42.7528 -14 -1
      vertex -42.6119 -14.4648 1.5
    endloop
  endfacet
  facet normal 0.0980397 -0.995183 0
    outer loop
      vertex -5.87368 44.615 -1.5
      vertex -2.94314 44.9037 1.5
      vertex -5.87368 44.615 1.5
    endloop
  endfacet
  facet normal 0.0980397 -0.995183 0
    outer loop
      vertex -2.94314 44.9037 1.5
      vertex -5.87368 44.615 -1.5
      vertex -2.94314 44.9037 -1.5
    endloop
  endfacet
  facet normal -0.162902 -0.986642 0
    outer loop
      vertex 5.87368 44.615 -1.5
      vertex 8.77906 44.1353 1.5
      vertex 5.87368 44.615 1.5
    endloop
  endfacet
  facet normal -0.162902 -0.986642 -0
    outer loop
      vertex 8.77906 44.1353 1.5
      vertex 5.87368 44.615 -1.5
      vertex 8.77906 44.1353 -1.5
    endloop
  endfacet
  facet normal 0.582471 0.812851 -0
    outer loop
      vertex -25.0007 -37.4161 -1.5
      vertex -27.3943 -35.7009 1.5
      vertex -25.0007 -37.4161 1.5
    endloop
  endfacet
  facet normal 0.582471 0.812851 0
    outer loop
      vertex -27.3943 -35.7009 1.5
      vertex -25.0007 -37.4161 -1.5
      vertex -27.3943 -35.7009 -1.5
    endloop
  endfacet
  facet normal -0.471416 0.881911 0
    outer loop
      vertex 22.5 -38.9711 -1.5
      vertex 19.903 -40.3593 1.5
      vertex 22.5 -38.9711 1.5
    endloop
  endfacet
  facet normal -0.471416 0.881911 0
    outer loop
      vertex 19.903 -40.3593 1.5
      vertex 22.5 -38.9711 -1.5
      vertex 19.903 -40.3593 -1.5
    endloop
  endfacet
  facet normal -0.956995 -0.290105 0
    outer loop
      vertex 42.6119 14.4648 -1.5
      vertex 42.7528 14 -1
      vertex 42.6119 14.4648 1.5
    endloop
  endfacet
  facet normal -0.95694 -0.290284 -0.000182654
    outer loop
      vertex 43.4667 11.6469 -1.5
      vertex 42.7528 14 -1
      vertex 42.6119 14.4648 -1.5
    endloop
  endfacet
  facet normal -0.95693 -0.29032 0
    outer loop
      vertex 42.7528 14 -1
      vertex 43.4667 11.6469 -1.5
      vertex 43.4667 11.6469 -1
    endloop
  endfacet
  facet normal -0.956995 -0.290105 0
    outer loop
      vertex 42.6119 14.4648 1.5
      vertex 42.7528 14 -1
      vertex 42.7528 14 1.5
    endloop
  endfacet
  facet normal 0.881911 0.471416 0
    outer loop
      vertex -38.9711 -22.5 1.5
      vertex -40.3593 -19.903 -1.5
      vertex -40.3593 -19.903 1.5
    endloop
  endfacet
  facet normal 0.881911 0.471416 0
    outer loop
      vertex -40.3593 -19.903 -1.5
      vertex -38.9711 -22.5 1.5
      vertex -38.9711 -22.5 -1.5
    endloop
  endfacet
  facet normal -0.290284 0.95694 0
    outer loop
      vertex 14.4648 -42.6119 -1.5
      vertex 11.6469 -43.4667 1.5
      vertex 14.4648 -42.6119 1.5
    endloop
  endfacet
  facet normal -0.290284 0.95694 0
    outer loop
      vertex 11.6469 -43.4667 1.5
      vertex 14.4648 -42.6119 -1.5
      vertex 11.6469 -43.4667 -1.5
    endloop
  endfacet
  facet normal 0.849208 0.528059 0
    outer loop
      vertex -37.4161 -25.0007 1.5
      vertex -38.9711 -22.5 -1.5
      vertex -38.9711 -22.5 1.5
    endloop
  endfacet
  facet normal 0.849208 0.528059 0
    outer loop
      vertex -38.9711 -22.5 -1.5
      vertex -37.4161 -25.0007 1.5
      vertex -37.4161 -25.0007 -1.5
    endloop
  endfacet
  facet normal 0.973883 -0.227048 0
    outer loop
      vertex -44.1353 8.77906 -1
      vertex -43.4667 11.6469 -1.5
      vertex -43.4667 11.6469 -1
    endloop
  endfacet
  facet normal 0.973883 -0.227048 0
    outer loop
      vertex -43.4667 11.6469 -1.5
      vertex -44.1353 8.77906 -1
      vertex -44.1353 8.77906 -1.5
    endloop
  endfacet
  facet normal 0.528059 -0.849208 0
    outer loop
      vertex -25.0007 37.4161 -1.5
      vertex -22.5 38.9711 1.5
      vertex -25.0007 37.4161 1.5
    endloop
  endfacet
  facet normal 0.528059 -0.849208 0
    outer loop
      vertex -22.5 38.9711 1.5
      vertex -25.0007 37.4161 -1.5
      vertex -22.5 38.9711 -1.5
    endloop
  endfacet
  facet normal -0.849208 0.528059 0
    outer loop
      vertex 37.4161 -25.0007 -1.5
      vertex 38.9711 -22.5 1.5
      vertex 38.9711 -22.5 -1.5
    endloop
  endfacet
  facet normal -0.849208 0.528059 0
    outer loop
      vertex 38.9711 -22.5 1.5
      vertex 37.4161 -25.0007 -1.5
      vertex 37.4161 -25.0007 1.5
    endloop
  endfacet
  facet normal 0.973883 0.227048 0
    outer loop
      vertex -43.4667 -11.6469 -1
      vertex -44.1353 -8.77906 -1.5
      vertex -44.1353 -8.77906 -1
    endloop
  endfacet
  facet normal 0.973883 0.227048 0
    outer loop
      vertex -44.1353 -8.77906 -1.5
      vertex -43.4667 -11.6469 -1
      vertex -43.4667 -11.6469 -1.5
    endloop
  endfacet
  facet normal 0.352255 -0.935904 0
    outer loop
      vertex -17.2208 41.5746 -1.5
      vertex -14.4648 42.6119 1.5
      vertex -17.2208 41.5746 1.5
    endloop
  endfacet
  facet normal 0.352255 -0.935904 0
    outer loop
      vertex -14.4648 42.6119 1.5
      vertex -17.2208 41.5746 -1.5
      vertex -14.4648 42.6119 -1.5
    endloop
  endfacet
  facet normal -0.634391 -0.773012 0
    outer loop
      vertex 27.3943 35.7009 -1.5
      vertex 29.6706 33.8328 1.5
      vertex 27.3943 35.7009 1.5
    endloop
  endfacet
  facet normal -0.634391 -0.773012 -0
    outer loop
      vertex 29.6706 33.8328 1.5
      vertex 27.3943 35.7009 -1.5
      vertex 29.6706 33.8328 -1.5
    endloop
  endfacet
  facet normal 0.729855 0.683602 0
    outer loop
      vertex -31.8198 -31.8198 1.5
      vertex -33.8328 -29.6706 -1.5
      vertex -33.8328 -29.6706 1.5
    endloop
  endfacet
  facet normal 0.729855 0.683602 0
    outer loop
      vertex -33.8328 -29.6706 -1.5
      vertex -31.8198 -31.8198 1.5
      vertex -31.8198 -31.8198 -1.5
    endloop
  endfacet
  facet normal 0.773012 -0.634391 0
    outer loop
      vertex -35.7009 27.3943 1.5
      vertex -33.8328 29.6706 -1.5
      vertex -33.8328 29.6706 1.5
    endloop
  endfacet
  facet normal 0.773012 -0.634391 0
    outer loop
      vertex -33.8328 29.6706 -1.5
      vertex -35.7009 27.3943 1.5
      vertex -35.7009 27.3943 -1.5
    endloop
  endfacet
  facet normal 0.0327027 -0.999465 0
    outer loop
      vertex -2.94314 44.9037 -1.5
      vertex 0 45 1.5
      vertex -2.94314 44.9037 1.5
    endloop
  endfacet
  facet normal 0.0327027 -0.999465 0
    outer loop
      vertex 0 45 1.5
      vertex -2.94314 44.9037 -1.5
      vertex 0 45 -1.5
    endloop
  endfacet
  facet normal -0.999465 0.0327027 0
    outer loop
      vertex 44.9037 -2.94314 -1.5
      vertex 45 0 -1
      vertex 45 0 -1.5
    endloop
  endfacet
  facet normal -0.999465 0.0327027 0
    outer loop
      vertex 45 0 -1
      vertex 44.9037 -2.94314 -1.5
      vertex 44.9037 -2.94314 -1
    endloop
  endfacet
  facet normal -0.41271 -0.910862 0
    outer loop
      vertex 17.2208 41.5746 -1.5
      vertex 19.903 40.3593 1.5
      vertex 17.2208 41.5746 1.5
    endloop
  endfacet
  facet normal -0.41271 -0.910862 -0
    outer loop
      vertex 19.903 40.3593 1.5
      vertex 17.2208 41.5746 -1.5
      vertex 19.903 40.3593 -1.5
    endloop
  endfacet
  facet normal -0.471416 -0.881911 0
    outer loop
      vertex 19.903 40.3593 -1.5
      vertex 22.5 38.9711 1.5
      vertex 19.903 40.3593 1.5
    endloop
  endfacet
  facet normal -0.471416 -0.881911 -0
    outer loop
      vertex 22.5 38.9711 1.5
      vertex 19.903 40.3593 -1.5
      vertex 22.5 38.9711 -1.5
    endloop
  endfacet
  facet normal -0.986642 0.162902 0
    outer loop
      vertex 44.1353 -8.77906 -1.5
      vertex 44.615 -5.87368 -1
      vertex 44.615 -5.87368 -1.5
    endloop
  endfacet
  facet normal -0.986642 0.162902 0
    outer loop
      vertex 44.615 -5.87368 -1
      vertex 44.1353 -8.77906 -1.5
      vertex 44.1353 -8.77906 -1
    endloop
  endfacet
  facet normal -0.683602 -0.729855 0
    outer loop
      vertex 29.6706 33.8328 -1.5
      vertex 31.8198 31.8198 1.5
      vertex 29.6706 33.8328 1.5
    endloop
  endfacet
  facet normal -0.683602 -0.729855 -0
    outer loop
      vertex 31.8198 31.8198 1.5
      vertex 29.6706 33.8328 -1.5
      vertex 31.8198 31.8198 -1.5
    endloop
  endfacet
  facet normal 0.634391 0.773012 -0
    outer loop
      vertex -27.3943 -35.7009 -1.5
      vertex -29.6706 -33.8328 1.5
      vertex -27.3943 -35.7009 1.5
    endloop
  endfacet
  facet normal 0.634391 0.773012 0
    outer loop
      vertex -29.6706 -33.8328 1.5
      vertex -27.3943 -35.7009 -1.5
      vertex -29.6706 -33.8328 -1.5
    endloop
  endfacet
  facet normal -0.352255 -0.935904 0
    outer loop
      vertex 14.4648 42.6119 -1.5
      vertex 17.2208 41.5746 1.5
      vertex 14.4648 42.6119 1.5
    endloop
  endfacet
  facet normal -0.352255 -0.935904 -0
    outer loop
      vertex 17.2208 41.5746 1.5
      vertex 14.4648 42.6119 -1.5
      vertex 17.2208 41.5746 -1.5
    endloop
  endfacet
  facet normal 0.881911 -0.471416 0
    outer loop
      vertex -40.3593 19.903 1.5
      vertex -38.9711 22.5 -1.5
      vertex -38.9711 22.5 1.5
    endloop
  endfacet
  facet normal 0.881911 -0.471416 0
    outer loop
      vertex -38.9711 22.5 -1.5
      vertex -40.3593 19.903 1.5
      vertex -40.3593 19.903 -1.5
    endloop
  endfacet
  facet normal 0.910862 0.41271 0
    outer loop
      vertex -40.3593 -19.903 1.5
      vertex -41.5746 -17.2208 -1.5
      vertex -41.5746 -17.2208 1.5
    endloop
  endfacet
  facet normal 0.910862 0.41271 0
    outer loop
      vertex -41.5746 -17.2208 -1.5
      vertex -40.3593 -19.903 1.5
      vertex -40.3593 -19.903 -1.5
    endloop
  endfacet
  facet normal -0.935904 0.352255 0
    outer loop
      vertex 41.5746 -17.2208 -1.5
      vertex 42.6119 -14.4648 1.5
      vertex 42.6119 -14.4648 -1.5
    endloop
  endfacet
  facet normal -0.935904 0.352255 0
    outer loop
      vertex 42.6119 -14.4648 1.5
      vertex 41.5746 -17.2208 -1.5
      vertex 41.5746 -17.2208 1.5
    endloop
  endfacet
  facet normal -0.729855 0.683602 0
    outer loop
      vertex 31.8198 -31.8198 -1.5
      vertex 33.8328 -29.6706 1.5
      vertex 33.8328 -29.6706 -1.5
    endloop
  endfacet
  facet normal -0.729855 0.683602 0
    outer loop
      vertex 33.8328 -29.6706 1.5
      vertex 31.8198 -31.8198 -1.5
      vertex 31.8198 -31.8198 1.5
    endloop
  endfacet
  facet normal 0.0327027 0.999465 -0
    outer loop
      vertex 0 -45 -1.5
      vertex -2.94314 -44.9037 1.5
      vertex 0 -45 1.5
    endloop
  endfacet
  facet normal 0.0327027 0.999465 0
    outer loop
      vertex -2.94314 -44.9037 1.5
      vertex 0 -45 -1.5
      vertex -2.94314 -44.9037 -1.5
    endloop
  endfacet
  facet normal -0.881911 0.471416 0
    outer loop
      vertex 38.9711 -22.5 -1.5
      vertex 40.3593 -19.903 1.5
      vertex 40.3593 -19.903 -1.5
    endloop
  endfacet
  facet normal -0.881911 0.471416 0
    outer loop
      vertex 40.3593 -19.903 1.5
      vertex 38.9711 -22.5 -1.5
      vertex 38.9711 -22.5 1.5
    endloop
  endfacet
  facet normal 0.290284 0.95694 -0
    outer loop
      vertex -11.6469 -43.4667 -1.5
      vertex -14.4648 -42.6119 1.5
      vertex -11.6469 -43.4667 1.5
    endloop
  endfacet
  facet normal 0.290284 0.95694 0
    outer loop
      vertex -14.4648 -42.6119 1.5
      vertex -11.6469 -43.4667 -1.5
      vertex -14.4648 -42.6119 -1.5
    endloop
  endfacet
  facet normal -0.0327027 -0.999465 0
    outer loop
      vertex 0 45 -1.5
      vertex 2.94314 44.9037 1.5
      vertex 0 45 1.5
    endloop
  endfacet
  facet normal -0.0327027 -0.999465 -0
    outer loop
      vertex 2.94314 44.9037 1.5
      vertex 0 45 -1.5
      vertex 2.94314 44.9037 -1.5
    endloop
  endfacet
  facet normal -0.95693 0.29032 0
    outer loop
      vertex 43.4667 -11.6469 -1.5
      vertex 42.7528 -14 -1
      vertex 43.4667 -11.6469 -1
    endloop
  endfacet
  facet normal -0.95694 0.290284 -0.000182654
    outer loop
      vertex 42.6119 -14.4648 -1.5
      vertex 42.7528 -14 -1
      vertex 43.4667 -11.6469 -1.5
    endloop
  endfacet
  facet normal -0.956995 0.290105 0
    outer loop
      vertex 42.6119 -14.4648 1.5
      vertex 42.7528 -14 -1
      vertex 42.6119 -14.4648 -1.5
    endloop
  endfacet
  facet normal -0.956995 0.290105 0
    outer loop
      vertex 42.7528 -14 -1
      vertex 42.6119 -14.4648 1.5
      vertex 42.7528 -14 1.5
    endloop
  endfacet
  facet normal 0.528059 0.849208 -0
    outer loop
      vertex -22.5 -38.9711 -1.5
      vertex -25.0007 -37.4161 1.5
      vertex -22.5 -38.9711 1.5
    endloop
  endfacet
  facet normal 0.528059 0.849208 0
    outer loop
      vertex -25.0007 -37.4161 1.5
      vertex -22.5 -38.9711 -1.5
      vertex -25.0007 -37.4161 -1.5
    endloop
  endfacet
  facet normal 0.352255 0.935904 -0
    outer loop
      vertex -14.4648 -42.6119 -1.5
      vertex -17.2208 -41.5746 1.5
      vertex -14.4648 -42.6119 1.5
    endloop
  endfacet
  facet normal 0.352255 0.935904 0
    outer loop
      vertex -17.2208 -41.5746 1.5
      vertex -14.4648 -42.6119 -1.5
      vertex -17.2208 -41.5746 -1.5
    endloop
  endfacet
  facet normal 0.227048 -0.973883 0
    outer loop
      vertex -11.6469 43.4667 -1.5
      vertex -8.77906 44.1353 1.5
      vertex -11.6469 43.4667 1.5
    endloop
  endfacet
  facet normal 0.227048 -0.973883 0
    outer loop
      vertex -8.77906 44.1353 1.5
      vertex -11.6469 43.4667 -1.5
      vertex -8.77906 44.1353 -1.5
    endloop
  endfacet
  facet normal -0.683602 0.729855 0
    outer loop
      vertex 31.8198 -31.8198 -1.5
      vertex 29.6706 -33.8328 1.5
      vertex 31.8198 -31.8198 1.5
    endloop
  endfacet
  facet normal -0.683602 0.729855 0
    outer loop
      vertex 29.6706 -33.8328 1.5
      vertex 31.8198 -31.8198 -1.5
      vertex 29.6706 -33.8328 -1.5
    endloop
  endfacet
  facet normal -0.729855 -0.683602 0
    outer loop
      vertex 33.8328 29.6706 -1.5
      vertex 31.8198 31.8198 1.5
      vertex 31.8198 31.8198 -1.5
    endloop
  endfacet
  facet normal -0.729855 -0.683602 0
    outer loop
      vertex 31.8198 31.8198 1.5
      vertex 33.8328 29.6706 -1.5
      vertex 33.8328 29.6706 1.5
    endloop
  endfacet
  facet normal 0.290284 -0.95694 0
    outer loop
      vertex -14.4648 42.6119 -1.5
      vertex -11.6469 43.4667 1.5
      vertex -14.4648 42.6119 1.5
    endloop
  endfacet
  facet normal 0.290284 -0.95694 0
    outer loop
      vertex -11.6469 43.4667 1.5
      vertex -14.4648 42.6119 -1.5
      vertex -11.6469 43.4667 -1.5
    endloop
  endfacet
  facet normal 0.162902 -0.986642 0
    outer loop
      vertex -8.77906 44.1353 -1.5
      vertex -5.87368 44.615 1.5
      vertex -8.77906 44.1353 1.5
    endloop
  endfacet
  facet normal 0.162902 -0.986642 0
    outer loop
      vertex -5.87368 44.615 1.5
      vertex -8.77906 44.1353 -1.5
      vertex -5.87368 44.615 -1.5
    endloop
  endfacet
  facet normal 0.995183 -0.0980397 0
    outer loop
      vertex -44.9037 2.94314 -1
      vertex -44.615 5.87368 -1.5
      vertex -44.615 5.87368 -1
    endloop
  endfacet
  facet normal 0.995183 -0.0980397 0
    outer loop
      vertex -44.615 5.87368 -1.5
      vertex -44.9037 2.94314 -1
      vertex -44.9037 2.94314 -1.5
    endloop
  endfacet
  facet normal -0.162902 0.986642 0
    outer loop
      vertex 8.77906 -44.1353 -1.5
      vertex 5.87368 -44.615 1.5
      vertex 8.77906 -44.1353 1.5
    endloop
  endfacet
  facet normal -0.162902 0.986642 0
    outer loop
      vertex 5.87368 -44.615 1.5
      vertex 8.77906 -44.1353 -1.5
      vertex 5.87368 -44.615 -1.5
    endloop
  endfacet
  facet normal -0.0980397 -0.995183 0
    outer loop
      vertex 2.94314 44.9037 -1.5
      vertex 5.87368 44.615 1.5
      vertex 2.94314 44.9037 1.5
    endloop
  endfacet
  facet normal -0.0980397 -0.995183 -0
    outer loop
      vertex 5.87368 44.615 1.5
      vertex 2.94314 44.9037 -1.5
      vertex 5.87368 44.615 -1.5
    endloop
  endfacet
  facet normal 0.729855 -0.683602 0
    outer loop
      vertex -33.8328 29.6706 1.5
      vertex -31.8198 31.8198 -1.5
      vertex -31.8198 31.8198 1.5
    endloop
  endfacet
  facet normal 0.729855 -0.683602 0
    outer loop
      vertex -31.8198 31.8198 -1.5
      vertex -33.8328 29.6706 1.5
      vertex -33.8328 29.6706 -1.5
    endloop
  endfacet
  facet normal 0.999465 -0.0327027 0
    outer loop
      vertex -45 0 -1
      vertex -44.9037 2.94314 -1.5
      vertex -44.9037 2.94314 -1
    endloop
  endfacet
  facet normal 0.999465 -0.0327027 0
    outer loop
      vertex -44.9037 2.94314 -1.5
      vertex -45 0 -1
      vertex -45 0 -1.5
    endloop
  endfacet
  facet normal -0.41271 0.910862 0
    outer loop
      vertex 19.903 -40.3593 -1.5
      vertex 17.2208 -41.5746 1.5
      vertex 19.903 -40.3593 1.5
    endloop
  endfacet
  facet normal -0.41271 0.910862 0
    outer loop
      vertex 17.2208 -41.5746 1.5
      vertex 19.903 -40.3593 -1.5
      vertex 17.2208 -41.5746 -1.5
    endloop
  endfacet
  facet normal 0.227048 0.973883 -0
    outer loop
      vertex -8.77906 -44.1353 -1.5
      vertex -11.6469 -43.4667 1.5
      vertex -8.77906 -44.1353 1.5
    endloop
  endfacet
  facet normal 0.227048 0.973883 0
    outer loop
      vertex -11.6469 -43.4667 1.5
      vertex -8.77906 -44.1353 -1.5
      vertex -11.6469 -43.4667 -1.5
    endloop
  endfacet
  facet normal 0.683602 0.729855 -0
    outer loop
      vertex -29.6706 -33.8328 -1.5
      vertex -31.8198 -31.8198 1.5
      vertex -29.6706 -33.8328 1.5
    endloop
  endfacet
  facet normal 0.683602 0.729855 0
    outer loop
      vertex -31.8198 -31.8198 1.5
      vertex -29.6706 -33.8328 -1.5
      vertex -31.8198 -31.8198 -1.5
    endloop
  endfacet
  facet normal 0.773012 0.634391 0
    outer loop
      vertex -33.8328 -29.6706 1.5
      vertex -35.7009 -27.3943 -1.5
      vertex -35.7009 -27.3943 1.5
    endloop
  endfacet
  facet normal 0.773012 0.634391 0
    outer loop
      vertex -35.7009 -27.3943 -1.5
      vertex -33.8328 -29.6706 1.5
      vertex -33.8328 -29.6706 -1.5
    endloop
  endfacet
  facet normal -0.227048 -0.973883 0
    outer loop
      vertex 8.77906 44.1353 -1.5
      vertex 11.6469 43.4667 1.5
      vertex 8.77906 44.1353 1.5
    endloop
  endfacet
  facet normal -0.227048 -0.973883 -0
    outer loop
      vertex 11.6469 43.4667 1.5
      vertex 8.77906 44.1353 -1.5
      vertex 11.6469 43.4667 -1.5
    endloop
  endfacet
  facet normal -0.582471 0.812851 0
    outer loop
      vertex 27.3943 -35.7009 -1.5
      vertex 25.0007 -37.4161 1.5
      vertex 27.3943 -35.7009 1.5
    endloop
  endfacet
  facet normal -0.582471 0.812851 0
    outer loop
      vertex 25.0007 -37.4161 1.5
      vertex 27.3943 -35.7009 -1.5
      vertex 25.0007 -37.4161 -1.5
    endloop
  endfacet
  facet normal -0.973883 0.227048 0
    outer loop
      vertex 43.4667 -11.6469 -1.5
      vertex 44.1353 -8.77906 -1
      vertex 44.1353 -8.77906 -1.5
    endloop
  endfacet
  facet normal -0.973883 0.227048 0
    outer loop
      vertex 44.1353 -8.77906 -1
      vertex 43.4667 -11.6469 -1.5
      vertex 43.4667 -11.6469 -1
    endloop
  endfacet
  facet normal 0.0980397 0.995183 -0
    outer loop
      vertex -2.94314 -44.9037 -1.5
      vertex -5.87368 -44.615 1.5
      vertex -2.94314 -44.9037 1.5
    endloop
  endfacet
  facet normal 0.0980397 0.995183 0
    outer loop
      vertex -5.87368 -44.615 1.5
      vertex -2.94314 -44.9037 -1.5
      vertex -5.87368 -44.615 -1.5
    endloop
  endfacet
  facet normal 0.956995 -0.290105 0
    outer loop
      vertex -42.7528 14 -1
      vertex -42.6119 14.4648 1.5
      vertex -42.7528 14 1.5
    endloop
  endfacet
  facet normal 0.956995 -0.290105 0
    outer loop
      vertex -42.6119 14.4648 1.5
      vertex -42.7528 14 -1
      vertex -42.6119 14.4648 -1.5
    endloop
  endfacet
  facet normal 0.95693 -0.29032 0
    outer loop
      vertex -43.4667 11.6469 -1.5
      vertex -42.7528 14 -1
      vertex -43.4667 11.6469 -1
    endloop
  endfacet
  facet normal 0.95694 -0.290284 -0.000182654
    outer loop
      vertex -42.7528 14 -1
      vertex -43.4667 11.6469 -1.5
      vertex -42.6119 14.4648 -1.5
    endloop
  endfacet
  facet normal -0.290284 -0.95694 0
    outer loop
      vertex 11.6469 43.4667 -1.5
      vertex 14.4648 42.6119 1.5
      vertex 11.6469 43.4667 1.5
    endloop
  endfacet
  facet normal -0.290284 -0.95694 -0
    outer loop
      vertex 14.4648 42.6119 1.5
      vertex 11.6469 43.4667 -1.5
      vertex 14.4648 42.6119 -1.5
    endloop
  endfacet
  facet normal -0.910862 0.41271 0
    outer loop
      vertex 40.3593 -19.903 -1.5
      vertex 41.5746 -17.2208 1.5
      vertex 41.5746 -17.2208 -1.5
    endloop
  endfacet
  facet normal -0.910862 0.41271 0
    outer loop
      vertex 41.5746 -17.2208 1.5
      vertex 40.3593 -19.903 -1.5
      vertex 40.3593 -19.903 1.5
    endloop
  endfacet
  facet normal 0.471416 -0.881911 0
    outer loop
      vertex -22.5 38.9711 -1.5
      vertex -19.903 40.3593 1.5
      vertex -22.5 38.9711 1.5
    endloop
  endfacet
  facet normal 0.471416 -0.881911 0
    outer loop
      vertex -19.903 40.3593 1.5
      vertex -22.5 38.9711 -1.5
      vertex -19.903 40.3593 -1.5
    endloop
  endfacet
  facet normal 0.471416 0.881911 -0
    outer loop
      vertex -19.903 -40.3593 -1.5
      vertex -22.5 -38.9711 1.5
      vertex -19.903 -40.3593 1.5
    endloop
  endfacet
  facet normal 0.471416 0.881911 0
    outer loop
      vertex -22.5 -38.9711 1.5
      vertex -19.903 -40.3593 -1.5
      vertex -22.5 -38.9711 -1.5
    endloop
  endfacet
  facet normal 0.995184 0.0980205 0
    outer loop
      vertex 83.8202 5.49386 81.5
      vertex 83.2814 10.9642 78.5
      vertex 83.2814 10.9642 81.5
    endloop
  endfacet
  facet normal 0.995184 0.0980205 0
    outer loop
      vertex 83.2814 10.9642 78.5
      vertex 83.8202 5.49386 81.5
      vertex 83.8202 5.49386 78.5
    endloop
  endfacet
  facet normal 0.999465 0.0327099 0
    outer loop
      vertex 84 0 81.5
      vertex 83.8202 5.49386 78.5
      vertex 83.8202 5.49386 81.5
    endloop
  endfacet
  facet normal 0.999465 0.0327099 0
    outer loop
      vertex 83.8202 5.49386 78.5
      vertex 84 0 81.5
      vertex 84 0 78.5
    endloop
  endfacet
  facet normal 0.986644 0.162894 0
    outer loop
      vertex 83.2814 10.9642 81.5
      vertex 82.386 16.3876 78.5
      vertex 82.386 16.3876 81.5
    endloop
  endfacet
  facet normal 0.986644 0.162894 0
    outer loop
      vertex 82.386 16.3876 78.5
      vertex 83.2814 10.9642 81.5
      vertex 83.2814 10.9642 78.5
    endloop
  endfacet
  facet normal 0.849201 0.52807 0
    outer loop
      vertex 72.7461 42 81.5
      vertex 69.8434 46.6679 78.5
      vertex 69.8434 46.6679 81.5
    endloop
  endfacet
  facet normal 0.849201 0.52807 0
    outer loop
      vertex 69.8434 46.6679 78.5
      vertex 72.7461 42 81.5
      vertex 72.7461 42 78.5
    endloop
  endfacet
  facet normal 0.935909 0.352242 0
    outer loop
      vertex 79.5421 27.0009 81.5
      vertex 77.6059 32.1454 78.5
      vertex 77.6059 32.1454 81.5
    endloop
  endfacet
  facet normal 0.935909 0.352242 0
    outer loop
      vertex 77.6059 32.1454 78.5
      vertex 79.5421 27.0009 81.5
      vertex 79.5421 27.0009 78.5
    endloop
  endfacet
  facet normal -0.910861 -0.412714 0
    outer loop
      vertex -75.3373 -37.1522 78.5
      vertex -77.6059 -32.1454 81.5
      vertex -77.6059 -32.1454 78.5
    endloop
  endfacet
  facet normal -0.910861 -0.412714 0
    outer loop
      vertex -77.6059 -32.1454 81.5
      vertex -75.3373 -37.1522 78.5
      vertex -75.3373 -37.1522 81.5
    endloop
  endfacet
  facet normal 0.973877 0.227078 0
    outer loop
      vertex 82.386 16.3876 81.5
      vertex 81.1378 21.7408 78.5
      vertex 81.1378 21.7408 81.5
    endloop
  endfacet
  facet normal 0.973877 0.227078 0
    outer loop
      vertex 81.1378 21.7408 78.5
      vertex 82.386 16.3876 81.5
      vertex 82.386 16.3876 78.5
    endloop
  endfacet
  facet normal 0.471396 0.881921 -0
    outer loop
      vertex 42 72.7461 78.5
      vertex 37.1522 75.3373 81.5
      vertex 42 72.7461 81.5
    endloop
  endfacet
  facet normal 0.471396 0.881921 0
    outer loop
      vertex 37.1522 75.3373 81.5
      vertex 42 72.7461 78.5
      vertex 37.1522 75.3373 78.5
    endloop
  endfacet
  facet normal 0.352242 -0.935909 0
    outer loop
      vertex 27.0009 -79.5421 78.5
      vertex 32.1454 -77.6059 81.5
      vertex 27.0009 -79.5421 81.5
    endloop
  endfacet
  facet normal 0.352242 -0.935909 0
    outer loop
      vertex 32.1454 -77.6059 81.5
      vertex 27.0009 -79.5421 78.5
      vertex 32.1454 -77.6059 78.5
    endloop
  endfacet
  facet normal -0.881921 0.471396 0
    outer loop
      vertex -75.3373 37.1522 78.5
      vertex -72.7461 42 81.5
      vertex -72.7461 42 78.5
    endloop
  endfacet
  facet normal -0.881921 0.471396 0
    outer loop
      vertex -72.7461 42 81.5
      vertex -75.3373 37.1522 78.5
      vertex -75.3373 37.1522 81.5
    endloop
  endfacet
  facet normal -0.812855 0.582466 0
    outer loop
      vertex -69.8434 46.6679 78.5
      vertex -66.6417 51.136 81.5
      vertex -66.6417 51.136 78.5
    endloop
  endfacet
  facet normal -0.812855 0.582466 0
    outer loop
      vertex -66.6417 51.136 81.5
      vertex -69.8434 46.6679 78.5
      vertex -69.8434 46.6679 81.5
    endloop
  endfacet
  facet normal -0.0327099 -0.999465 0
    outer loop
      vertex -5.49386 -83.8202 78.5
      vertex 0 -84 81.5
      vertex -5.49386 -83.8202 81.5
    endloop
  endfacet
  facet normal -0.0327099 -0.999465 -0
    outer loop
      vertex 0 -84 81.5
      vertex -5.49386 -83.8202 78.5
      vertex 0 -84 78.5
    endloop
  endfacet
  facet normal 0.995184 -0.0980205 0
    outer loop
      vertex 83.2814 -10.9642 81.5
      vertex 83.8202 -5.49386 78.5
      vertex 83.8202 -5.49386 81.5
    endloop
  endfacet
  facet normal 0.995184 -0.0980205 0
    outer loop
      vertex 83.8202 -5.49386 78.5
      vertex 83.2814 -10.9642 81.5
      vertex 83.2814 -10.9642 78.5
    endloop
  endfacet
  facet normal -0.812855 -0.582466 0
    outer loop
      vertex -66.6417 -51.136 78.5
      vertex -69.8434 -46.6679 81.5
      vertex -69.8434 -46.6679 78.5
    endloop
  endfacet
  facet normal -0.812855 -0.582466 0
    outer loop
      vertex -69.8434 -46.6679 81.5
      vertex -66.6417 -51.136 78.5
      vertex -66.6417 -51.136 81.5
    endloop
  endfacet
  facet normal 0.729878 0.683578 0
    outer loop
      vertex 63.1545 55.385 81.5
      vertex 59.397 59.397 78.5
      vertex 59.397 59.397 81.5
    endloop
  endfacet
  facet normal 0.729878 0.683578 0
    outer loop
      vertex 59.397 59.397 78.5
      vertex 63.1545 55.385 81.5
      vertex 63.1545 55.385 78.5
    endloop
  endfacet
  facet normal -0.683578 -0.729878 0
    outer loop
      vertex -59.397 -59.397 78.5
      vertex -55.385 -63.1545 81.5
      vertex -59.397 -59.397 81.5
    endloop
  endfacet
  facet normal -0.683578 -0.729878 -0
    outer loop
      vertex -55.385 -63.1545 81.5
      vertex -59.397 -59.397 78.5
      vertex -55.385 -63.1545 78.5
    endloop
  endfacet
  facet normal -0.729878 -0.683578 0
    outer loop
      vertex -59.397 -59.397 78.5
      vertex -63.1545 -55.385 81.5
      vertex -63.1545 -55.385 78.5
    endloop
  endfacet
  facet normal -0.729878 -0.683578 0
    outer loop
      vertex -63.1545 -55.385 81.5
      vertex -59.397 -59.397 78.5
      vertex -59.397 -59.397 81.5
    endloop
  endfacet
  facet normal 0.956937 0.290296 0
    outer loop
      vertex 81.1378 21.7408 81.5
      vertex 79.5421 27.0009 78.5
      vertex 79.5421 27.0009 81.5
    endloop
  endfacet
  facet normal 0.956937 0.290296 0
    outer loop
      vertex 79.5421 27.0009 78.5
      vertex 81.1378 21.7408 81.5
      vertex 81.1378 21.7408 78.5
    endloop
  endfacet
  facet normal 0.772998 -0.634408 0
    outer loop
      vertex 63.1545 -55.385 81.5
      vertex 66.6417 -51.136 78.5
      vertex 66.6417 -51.136 81.5
    endloop
  endfacet
  facet normal 0.772998 -0.634408 0
    outer loop
      vertex 66.6417 -51.136 78.5
      vertex 63.1545 -55.385 81.5
      vertex 63.1545 -55.385 78.5
    endloop
  endfacet
  facet normal 0.986644 -0.162894 0
    outer loop
      vertex 82.386 -16.3876 81.5
      vertex 83.2814 -10.9642 78.5
      vertex 83.2814 -10.9642 81.5
    endloop
  endfacet
  facet normal 0.986644 -0.162894 0
    outer loop
      vertex 83.2814 -10.9642 78.5
      vertex 82.386 -16.3876 81.5
      vertex 82.386 -16.3876 78.5
    endloop
  endfacet
  facet normal -0.973877 -0.227078 0
    outer loop
      vertex -81.1378 -21.7408 78.5
      vertex -82.386 -16.3876 81.5
      vertex -82.386 -16.3876 78.5
    endloop
  endfacet
  facet normal -0.973877 -0.227078 0
    outer loop
      vertex -82.386 -16.3876 81.5
      vertex -81.1378 -21.7408 78.5
      vertex -81.1378 -21.7408 81.5
    endloop
  endfacet
  facet normal 0.290296 -0.956937 0
    outer loop
      vertex 21.7408 -81.1378 78.5
      vertex 27.0009 -79.5421 81.5
      vertex 21.7408 -81.1378 81.5
    endloop
  endfacet
  facet normal 0.290296 -0.956937 0
    outer loop
      vertex 27.0009 -79.5421 81.5
      vertex 21.7408 -81.1378 78.5
      vertex 27.0009 -79.5421 78.5
    endloop
  endfacet
  facet normal 0.0327099 -0.999465 0
    outer loop
      vertex 0 -84 78.5
      vertex 5.49386 -83.8202 81.5
      vertex 0 -84 81.5
    endloop
  endfacet
  facet normal 0.0327099 -0.999465 0
    outer loop
      vertex 5.49386 -83.8202 81.5
      vertex 0 -84 78.5
      vertex 5.49386 -83.8202 78.5
    endloop
  endfacet
  facet normal -0.162894 0.986644 0
    outer loop
      vertex -10.9642 83.2814 78.5
      vertex -16.3876 82.386 81.5
      vertex -10.9642 83.2814 81.5
    endloop
  endfacet
  facet normal -0.162894 0.986644 0
    outer loop
      vertex -16.3876 82.386 81.5
      vertex -10.9642 83.2814 78.5
      vertex -16.3876 82.386 78.5
    endloop
  endfacet
  facet normal 0.352242 0.935909 -0
    outer loop
      vertex 32.1454 77.6059 78.5
      vertex 27.0009 79.5421 81.5
      vertex 32.1454 77.6059 81.5
    endloop
  endfacet
  facet normal 0.352242 0.935909 0
    outer loop
      vertex 27.0009 79.5421 81.5
      vertex 32.1454 77.6059 78.5
      vertex 27.0009 79.5421 78.5
    endloop
  endfacet
  facet normal -0.935909 -0.352242 0
    outer loop
      vertex -77.6059 -32.1454 78.5
      vertex -79.5421 -27.0009 81.5
      vertex -79.5421 -27.0009 78.5
    endloop
  endfacet
  facet normal -0.935909 -0.352242 0
    outer loop
      vertex -79.5421 -27.0009 81.5
      vertex -77.6059 -32.1454 78.5
      vertex -77.6059 -32.1454 81.5
    endloop
  endfacet
  facet normal 0.634408 0.772998 -0
    outer loop
      vertex 55.385 63.1545 78.5
      vertex 51.136 66.6417 81.5
      vertex 55.385 63.1545 81.5
    endloop
  endfacet
  facet normal 0.634408 0.772998 0
    outer loop
      vertex 51.136 66.6417 81.5
      vertex 55.385 63.1545 78.5
      vertex 51.136 66.6417 78.5
    endloop
  endfacet
  facet normal -0.729878 0.683578 0
    outer loop
      vertex -63.1545 55.385 78.5
      vertex -59.397 59.397 81.5
      vertex -59.397 59.397 78.5
    endloop
  endfacet
  facet normal -0.729878 0.683578 0
    outer loop
      vertex -59.397 59.397 81.5
      vertex -63.1545 55.385 78.5
      vertex -63.1545 55.385 81.5
    endloop
  endfacet
  facet normal 0.471396 -0.881921 0
    outer loop
      vertex 37.1522 -75.3373 78.5
      vertex 42 -72.7461 81.5
      vertex 37.1522 -75.3373 81.5
    endloop
  endfacet
  facet normal 0.471396 -0.881921 0
    outer loop
      vertex 42 -72.7461 81.5
      vertex 37.1522 -75.3373 78.5
      vertex 42 -72.7461 78.5
    endloop
  endfacet
  facet normal -0.995184 -0.0980205 0
    outer loop
      vertex -83.2814 -10.9642 78.5
      vertex -83.8202 -5.49386 81.5
      vertex -83.8202 -5.49386 78.5
    endloop
  endfacet
  facet normal -0.995184 -0.0980205 0
    outer loop
      vertex -83.8202 -5.49386 81.5
      vertex -83.2814 -10.9642 78.5
      vertex -83.2814 -10.9642 81.5
    endloop
  endfacet
  facet normal 0.910861 0.412714 0
    outer loop
      vertex 77.6059 32.1454 81.5
      vertex 75.3373 37.1522 78.5
      vertex 75.3373 37.1522 81.5
    endloop
  endfacet
  facet normal 0.910861 0.412714 0
    outer loop
      vertex 75.3373 37.1522 78.5
      vertex 77.6059 32.1454 81.5
      vertex 77.6059 32.1454 78.5
    endloop
  endfacet
  facet normal 0.412714 0.910861 -0
    outer loop
      vertex 37.1522 75.3373 78.5
      vertex 32.1454 77.6059 81.5
      vertex 37.1522 75.3373 81.5
    endloop
  endfacet
  facet normal 0.412714 0.910861 0
    outer loop
      vertex 32.1454 77.6059 81.5
      vertex 37.1522 75.3373 78.5
      vertex 32.1454 77.6059 78.5
    endloop
  endfacet
  facet normal 0.162894 0.986644 -0
    outer loop
      vertex 16.3876 82.386 78.5
      vertex 10.9642 83.2814 81.5
      vertex 16.3876 82.386 81.5
    endloop
  endfacet
  facet normal 0.162894 0.986644 0
    outer loop
      vertex 10.9642 83.2814 81.5
      vertex 16.3876 82.386 78.5
      vertex 10.9642 83.2814 78.5
    endloop
  endfacet
  facet normal 0.162894 -0.986644 0
    outer loop
      vertex 10.9642 -83.2814 78.5
      vertex 16.3876 -82.386 81.5
      vertex 10.9642 -83.2814 81.5
    endloop
  endfacet
  facet normal 0.162894 -0.986644 0
    outer loop
      vertex 16.3876 -82.386 81.5
      vertex 10.9642 -83.2814 78.5
      vertex 16.3876 -82.386 78.5
    endloop
  endfacet
  facet normal 0.683578 -0.729878 0
    outer loop
      vertex 55.385 -63.1545 78.5
      vertex 59.397 -59.397 81.5
      vertex 55.385 -63.1545 81.5
    endloop
  endfacet
  facet normal 0.683578 -0.729878 0
    outer loop
      vertex 59.397 -59.397 81.5
      vertex 55.385 -63.1545 78.5
      vertex 59.397 -59.397 78.5
    endloop
  endfacet
  facet normal -0.986644 -0.162894 0
    outer loop
      vertex -82.386 -16.3876 78.5
      vertex -83.2814 -10.9642 81.5
      vertex -83.2814 -10.9642 78.5
    endloop
  endfacet
  facet normal -0.986644 -0.162894 0
    outer loop
      vertex -83.2814 -10.9642 81.5
      vertex -82.386 -16.3876 78.5
      vertex -82.386 -16.3876 81.5
    endloop
  endfacet
  facet normal -0.471396 -0.881921 0
    outer loop
      vertex -42 -72.7461 78.5
      vertex -37.1522 -75.3373 81.5
      vertex -42 -72.7461 81.5
    endloop
  endfacet
  facet normal -0.471396 -0.881921 -0
    outer loop
      vertex -37.1522 -75.3373 81.5
      vertex -42 -72.7461 78.5
      vertex -37.1522 -75.3373 78.5
    endloop
  endfacet
  facet normal -0.683578 0.729878 0
    outer loop
      vertex -55.385 63.1545 78.5
      vertex -59.397 59.397 81.5
      vertex -55.385 63.1545 81.5
    endloop
  endfacet
  facet normal -0.683578 0.729878 0
    outer loop
      vertex -59.397 59.397 81.5
      vertex -55.385 63.1545 78.5
      vertex -59.397 59.397 78.5
    endloop
  endfacet
  facet normal 0.227078 -0.973877 0
    outer loop
      vertex 16.3876 -82.386 78.5
      vertex 21.7408 -81.1378 81.5
      vertex 16.3876 -82.386 81.5
    endloop
  endfacet
  facet normal 0.227078 -0.973877 0
    outer loop
      vertex 21.7408 -81.1378 81.5
      vertex 16.3876 -82.386 78.5
      vertex 21.7408 -81.1378 78.5
    endloop
  endfacet
  facet normal -0.412714 0.910861 0
    outer loop
      vertex -32.1454 77.6059 78.5
      vertex -37.1522 75.3373 81.5
      vertex -32.1454 77.6059 81.5
    endloop
  endfacet
  facet normal -0.412714 0.910861 0
    outer loop
      vertex -37.1522 75.3373 81.5
      vertex -32.1454 77.6059 78.5
      vertex -37.1522 75.3373 78.5
    endloop
  endfacet
  facet normal 0.772998 0.634408 0
    outer loop
      vertex 66.6417 51.136 81.5
      vertex 63.1545 55.385 78.5
      vertex 63.1545 55.385 81.5
    endloop
  endfacet
  facet normal 0.772998 0.634408 0
    outer loop
      vertex 63.1545 55.385 78.5
      vertex 66.6417 51.136 81.5
      vertex 66.6417 51.136 78.5
    endloop
  endfacet
  facet normal -0.582466 0.812855 0
    outer loop
      vertex -46.6679 69.8434 78.5
      vertex -51.136 66.6417 81.5
      vertex -46.6679 69.8434 81.5
    endloop
  endfacet
  facet normal -0.582466 0.812855 0
    outer loop
      vertex -51.136 66.6417 81.5
      vertex -46.6679 69.8434 78.5
      vertex -51.136 66.6417 78.5
    endloop
  endfacet
  facet normal 0.973877 -0.227078 0
    outer loop
      vertex 81.1378 -21.7408 81.5
      vertex 82.386 -16.3876 78.5
      vertex 82.386 -16.3876 81.5
    endloop
  endfacet
  facet normal 0.973877 -0.227078 0
    outer loop
      vertex 82.386 -16.3876 78.5
      vertex 81.1378 -21.7408 81.5
      vertex 81.1378 -21.7408 78.5
    endloop
  endfacet
  facet normal 0.881921 0.471396 0
    outer loop
      vertex 75.3373 37.1522 81.5
      vertex 72.7461 42 78.5
      vertex 72.7461 42 81.5
    endloop
  endfacet
  facet normal 0.881921 0.471396 0
    outer loop
      vertex 72.7461 42 78.5
      vertex 75.3373 37.1522 81.5
      vertex 75.3373 37.1522 78.5
    endloop
  endfacet
  facet normal 0.812855 0.582466 0
    outer loop
      vertex 69.8434 46.6679 81.5
      vertex 66.6417 51.136 78.5
      vertex 66.6417 51.136 81.5
    endloop
  endfacet
  facet normal 0.812855 0.582466 0
    outer loop
      vertex 66.6417 51.136 78.5
      vertex 69.8434 46.6679 81.5
      vertex 69.8434 46.6679 78.5
    endloop
  endfacet
  facet normal 0.0980205 0.995184 -0
    outer loop
      vertex 10.9642 83.2814 78.5
      vertex 5.49386 83.8202 81.5
      vertex 10.9642 83.2814 81.5
    endloop
  endfacet
  facet normal 0.0980205 0.995184 0
    outer loop
      vertex 5.49386 83.8202 81.5
      vertex 10.9642 83.2814 78.5
      vertex 5.49386 83.8202 78.5
    endloop
  endfacet
  facet normal -0.290296 -0.956937 0
    outer loop
      vertex -27.0009 -79.5421 78.5
      vertex -21.7408 -81.1378 81.5
      vertex -27.0009 -79.5421 81.5
    endloop
  endfacet
  facet normal -0.290296 -0.956937 -0
    outer loop
      vertex -21.7408 -81.1378 81.5
      vertex -27.0009 -79.5421 78.5
      vertex -21.7408 -81.1378 78.5
    endloop
  endfacet
  facet normal -0.582466 -0.812855 0
    outer loop
      vertex -51.136 -66.6417 78.5
      vertex -46.6679 -69.8434 81.5
      vertex -51.136 -66.6417 81.5
    endloop
  endfacet
  facet normal -0.582466 -0.812855 -0
    outer loop
      vertex -46.6679 -69.8434 81.5
      vertex -51.136 -66.6417 78.5
      vertex -46.6679 -69.8434 78.5
    endloop
  endfacet
  facet normal 0.683578 0.729878 -0
    outer loop
      vertex 59.397 59.397 78.5
      vertex 55.385 63.1545 81.5
      vertex 59.397 59.397 81.5
    endloop
  endfacet
  facet normal 0.683578 0.729878 0
    outer loop
      vertex 55.385 63.1545 81.5
      vertex 59.397 59.397 78.5
      vertex 55.385 63.1545 78.5
    endloop
  endfacet
  facet normal 0.412714 -0.910861 0
    outer loop
      vertex 32.1454 -77.6059 78.5
      vertex 37.1522 -75.3373 81.5
      vertex 32.1454 -77.6059 81.5
    endloop
  endfacet
  facet normal 0.412714 -0.910861 0
    outer loop
      vertex 37.1522 -75.3373 81.5
      vertex 32.1454 -77.6059 78.5
      vertex 37.1522 -75.3373 78.5
    endloop
  endfacet
  facet normal -0.849201 0.52807 0
    outer loop
      vertex -72.7461 42 78.5
      vertex -69.8434 46.6679 81.5
      vertex -69.8434 46.6679 78.5
    endloop
  endfacet
  facet normal -0.849201 0.52807 0
    outer loop
      vertex -69.8434 46.6679 81.5
      vertex -72.7461 42 78.5
      vertex -72.7461 42 81.5
    endloop
  endfacet
  facet normal -0 0 -1
    outer loop
      vertex 66.6417 51.136 78.5
      vertex 35.7009 27.3943 78.5
      vertex 63.1545 55.385 78.5
    endloop
  endfacet
  facet normal 0 0 -1
    outer loop
      vertex 33.8328 29.6706 78.5
      vertex 63.1545 55.385 78.5
      vertex 35.7009 27.3943 78.5
    endloop
  endfacet
  facet normal -0 0 -1
    outer loop
      vertex 63.1545 55.385 78.5
      vertex 33.8328 29.6706 78.5
      vertex 59.397 59.397 78.5
    endloop
  endfacet
  facet normal 0 0 -1
    outer loop
      vertex 42.6119 14.4648 78.5
      vertex 55 14 78.5
      vertex 42.7528 14 78.5
    endloop
  endfacet
  facet normal 0 0 -1
    outer loop
      vertex 41.5746 17.2208 78.5
      vertex 55 14 78.5
      vertex 42.6119 14.4648 78.5
    endloop
  endfacet
  facet normal 0 0 -1
    outer loop
      vertex 40.3593 19.903 78.5
      vertex 55 14 78.5
      vertex 41.5746 17.2208 78.5
    endloop
  endfacet
  facet normal 0 0 -1
    outer loop
      vertex 38.9711 22.5 78.5
      vertex 55 14 78.5
      vertex 40.3593 19.903 78.5
    endloop
  endfacet
  facet normal 0 0 -1
    outer loop
      vertex 37.4161 25.0007 78.5
      vertex 55 14 78.5
      vertex 38.9711 22.5 78.5
    endloop
  endfacet
  facet normal 0 0 -1
    outer loop
      vertex 31.8198 31.8198 78.5
      vertex 59.397 59.397 78.5
      vertex 33.8328 29.6706 78.5
    endloop
  endfacet
  facet normal -0 0 -1
    outer loop
      vertex 59.397 59.397 78.5
      vertex 31.8198 31.8198 78.5
      vertex 55.385 63.1545 78.5
    endloop
  endfacet
  facet normal 0 0 -1
    outer loop
      vertex 29.6706 33.8328 78.5
      vertex 55.385 63.1545 78.5
      vertex 31.8198 31.8198 78.5
    endloop
  endfacet
  facet normal -0 0 -1
    outer loop
      vertex 55.385 63.1545 78.5
      vertex 29.6706 33.8328 78.5
      vertex 51.136 66.6417 78.5
    endloop
  endfacet
  facet normal 0 0 -1
    outer loop
      vertex 27.3943 35.7009 78.5
      vertex 51.136 66.6417 78.5
      vertex 29.6706 33.8328 78.5
    endloop
  endfacet
  facet normal -0 0 -1
    outer loop
      vertex 51.136 66.6417 78.5
      vertex 27.3943 35.7009 78.5
      vertex 46.6679 69.8434 78.5
    endloop
  endfacet
  facet normal 0 0 -1
    outer loop
      vertex 25.0007 37.4161 78.5
      vertex 46.6679 69.8434 78.5
      vertex 27.3943 35.7009 78.5
    endloop
  endfacet
  facet normal -0 0 -1
    outer loop
      vertex 46.6679 69.8434 78.5
      vertex 25.0007 37.4161 78.5
      vertex 42 72.7461 78.5
    endloop
  endfacet
  facet normal 0 0 -1
    outer loop
      vertex 22.5 38.9711 78.5
      vertex 42 72.7461 78.5
      vertex 25.0007 37.4161 78.5
    endloop
  endfacet
  facet normal -0 0 -1
    outer loop
      vertex 42 72.7461 78.5
      vertex 22.5 38.9711 78.5
      vertex 37.1522 75.3373 78.5
    endloop
  endfacet
  facet normal 0 0 -1
    outer loop
      vertex 19.903 40.3593 78.5
      vertex 37.1522 75.3373 78.5
      vertex 22.5 38.9711 78.5
    endloop
  endfacet
  facet normal -0 0 -1
    outer loop
      vertex 37.1522 75.3373 78.5
      vertex 19.903 40.3593 78.5
      vertex 32.1454 77.6059 78.5
    endloop
  endfacet
  facet normal 0 0 -1
    outer loop
      vertex 17.2208 41.5746 78.5
      vertex 32.1454 77.6059 78.5
      vertex 19.903 40.3593 78.5
    endloop
  endfacet
  facet normal -0 0 -1
    outer loop
      vertex 32.1454 77.6059 78.5
      vertex 17.2208 41.5746 78.5
      vertex 27.0009 79.5421 78.5
    endloop
  endfacet
  facet normal 0 0 -1
    outer loop
      vertex 14.4648 42.6119 78.5
      vertex 27.0009 79.5421 78.5
      vertex 17.2208 41.5746 78.5
    endloop
  endfacet
  facet normal -0 0 -1
    outer loop
      vertex 27.0009 79.5421 78.5
      vertex 14.4648 42.6119 78.5
      vertex 21.7408 81.1378 78.5
    endloop
  endfacet
  facet normal 0 0 -1
    outer loop
      vertex 11.6469 43.4667 78.5
      vertex 21.7408 81.1378 78.5
      vertex 14.4648 42.6119 78.5
    endloop
  endfacet
  facet normal -0 0 -1
    outer loop
      vertex 21.7408 81.1378 78.5
      vertex 11.6469 43.4667 78.5
      vertex 16.3876 82.386 78.5
    endloop
  endfacet
  facet normal 0 0 -1
    outer loop
      vertex 8.77906 44.1353 78.5
      vertex 16.3876 82.386 78.5
      vertex 11.6469 43.4667 78.5
    endloop
  endfacet
  facet normal -0 0 -1
    outer loop
      vertex 16.3876 82.386 78.5
      vertex 8.77906 44.1353 78.5
      vertex 10.9642 83.2814 78.5
    endloop
  endfacet
  facet normal 0 0 -1
    outer loop
      vertex 5.87368 44.615 78.5
      vertex 10.9642 83.2814 78.5
      vertex 8.77906 44.1353 78.5
    endloop
  endfacet
  facet normal 0 0 -1
    outer loop
      vertex 5.87368 44.615 78.5
      vertex 5.49386 83.8202 78.5
      vertex 10.9642 83.2814 78.5
    endloop
  endfacet
  facet normal 0 0 -1
    outer loop
      vertex 2.94314 44.9037 78.5
      vertex 5.49386 83.8202 78.5
      vertex 5.87368 44.615 78.5
    endloop
  endfacet
  facet normal 0 0 -1
    outer loop
      vertex 0 45 78.5
      vertex 5.49386 83.8202 78.5
      vertex 2.94314 44.9037 78.5
    endloop
  endfacet
  facet normal 0 0 -1
    outer loop
      vertex 0 45 78.5
      vertex 0 84 78.5
      vertex 5.49386 83.8202 78.5
    endloop
  endfacet
  facet normal 0 0 -1
    outer loop
      vertex -2.94314 44.9037 78.5
      vertex 0 84 78.5
      vertex 0 45 78.5
    endloop
  endfacet
  facet normal 0 0 -1
    outer loop
      vertex -2.94314 44.9037 78.5
      vertex -5.49386 83.8202 78.5
      vertex 0 84 78.5
    endloop
  endfacet
  facet normal 0 0 -1
    outer loop
      vertex -5.87368 44.615 78.5
      vertex -5.49386 83.8202 78.5
      vertex -2.94314 44.9037 78.5
    endloop
  endfacet
  facet normal 0 0 -1
    outer loop
      vertex -10.9642 83.2814 78.5
      vertex -5.87368 44.615 78.5
      vertex -8.77906 44.1353 78.5
    endloop
  endfacet
  facet normal 0 0 -1
    outer loop
      vertex -5.87368 44.615 78.5
      vertex -10.9642 83.2814 78.5
      vertex -5.49386 83.8202 78.5
    endloop
  endfacet
  facet normal 0 0 -1
    outer loop
      vertex -16.3876 82.386 78.5
      vertex -8.77906 44.1353 78.5
      vertex -11.6469 43.4667 78.5
    endloop
  endfacet
  facet normal 0 0 -1
    outer loop
      vertex -21.7408 81.1378 78.5
      vertex -11.6469 43.4667 78.5
      vertex -14.4648 42.6119 78.5
    endloop
  endfacet
  facet normal 0 0 -1
    outer loop
      vertex -8.77906 44.1353 78.5
      vertex -16.3876 82.386 78.5
      vertex -10.9642 83.2814 78.5
    endloop
  endfacet
  facet normal 0 0 -1
    outer loop
      vertex -27.0009 79.5421 78.5
      vertex -14.4648 42.6119 78.5
      vertex -17.2208 41.5746 78.5
    endloop
  endfacet
  facet normal 0 0 -1
    outer loop
      vertex -32.1454 77.6059 78.5
      vertex -17.2208 41.5746 78.5
      vertex -19.903 40.3593 78.5
    endloop
  endfacet
  facet normal 0 0 -1
    outer loop
      vertex -11.6469 43.4667 78.5
      vertex -21.7408 81.1378 78.5
      vertex -16.3876 82.386 78.5
    endloop
  endfacet
  facet normal 0 0 -1
    outer loop
      vertex -37.1522 75.3373 78.5
      vertex -19.903 40.3593 78.5
      vertex -22.5 38.9711 78.5
    endloop
  endfacet
  facet normal 0 0 -1
    outer loop
      vertex -42 72.7461 78.5
      vertex -22.5 38.9711 78.5
      vertex -25.0007 37.4161 78.5
    endloop
  endfacet
  facet normal 0 0 -1
    outer loop
      vertex -14.4648 42.6119 78.5
      vertex -27.0009 79.5421 78.5
      vertex -21.7408 81.1378 78.5
    endloop
  endfacet
  facet normal 0 0 -1
    outer loop
      vertex -46.6679 69.8434 78.5
      vertex -25.0007 37.4161 78.5
      vertex -27.3943 35.7009 78.5
    endloop
  endfacet
  facet normal 0 0 -1
    outer loop
      vertex -51.136 66.6417 78.5
      vertex -27.3943 35.7009 78.5
      vertex -29.6706 33.8328 78.5
    endloop
  endfacet
  facet normal 0 0 -1
    outer loop
      vertex -55.385 63.1545 78.5
      vertex -29.6706 33.8328 78.5
      vertex -31.8198 31.8198 78.5
    endloop
  endfacet
  facet normal 0 0 -1
    outer loop
      vertex -17.2208 41.5746 78.5
      vertex -32.1454 77.6059 78.5
      vertex -27.0009 79.5421 78.5
    endloop
  endfacet
  facet normal 0 0 -1
    outer loop
      vertex -59.397 59.397 78.5
      vertex -31.8198 31.8198 78.5
      vertex -33.8328 29.6706 78.5
    endloop
  endfacet
  facet normal 0 0 -1
    outer loop
      vertex -63.1545 55.385 78.5
      vertex -33.8328 29.6706 78.5
      vertex -35.7009 27.3943 78.5
    endloop
  endfacet
  facet normal 0 0 -1
    outer loop
      vertex -19.903 40.3593 78.5
      vertex -37.1522 75.3373 78.5
      vertex -32.1454 77.6059 78.5
    endloop
  endfacet
  facet normal 0 0 -1
    outer loop
      vertex -66.6417 51.136 78.5
      vertex -35.7009 27.3943 78.5
      vertex -37.4161 25.0007 78.5
    endloop
  endfacet
  facet normal 0 0 -1
    outer loop
      vertex -69.8434 46.6679 78.5
      vertex -37.4161 25.0007 78.5
      vertex -38.9711 22.5 78.5
    endloop
  endfacet
  facet normal 0 0 -1
    outer loop
      vertex -55 14 78.5
      vertex -38.9711 22.5 78.5
      vertex -40.3593 19.903 78.5
    endloop
  endfacet
  facet normal 0 0 -1
    outer loop
      vertex -55 14 78.5
      vertex -40.3593 19.903 78.5
      vertex -41.5746 17.2208 78.5
    endloop
  endfacet
  facet normal 0 0 -1
    outer loop
      vertex -22.5 38.9711 78.5
      vertex -42 72.7461 78.5
      vertex -37.1522 75.3373 78.5
    endloop
  endfacet
  facet normal 0 0 -1
    outer loop
      vertex -55 14 78.5
      vertex -41.5746 17.2208 78.5
      vertex -42.6119 14.4648 78.5
    endloop
  endfacet
  facet normal 0 0 -1
    outer loop
      vertex -55 14 78.5
      vertex -42.6119 14.4648 78.5
      vertex -42.7528 14 78.5
    endloop
  endfacet
  facet normal 0 0 -1
    outer loop
      vertex -25.0007 37.4161 78.5
      vertex -46.6679 69.8434 78.5
      vertex -42 72.7461 78.5
    endloop
  endfacet
  facet normal 0 0 -1
    outer loop
      vertex -27.3943 35.7009 78.5
      vertex -51.136 66.6417 78.5
      vertex -46.6679 69.8434 78.5
    endloop
  endfacet
  facet normal 0 0 -1
    outer loop
      vertex -72.7461 42 78.5
      vertex -38.9711 22.5 78.5
      vertex -55 14 78.5
    endloop
  endfacet
  facet normal 0 0 -1
    outer loop
      vertex -29.6706 33.8328 78.5
      vertex -55.385 63.1545 78.5
      vertex -51.136 66.6417 78.5
    endloop
  endfacet
  facet normal -0 0 -1
    outer loop
      vertex -35.7009 -27.3943 78.5
      vertex -66.6417 -51.136 78.5
      vertex -37.4161 -25.0007 78.5
    endloop
  endfacet
  facet normal 0 0 -1
    outer loop
      vertex -69.8434 -46.6679 78.5
      vertex -37.4161 -25.0007 78.5
      vertex -66.6417 -51.136 78.5
    endloop
  endfacet
  facet normal 0 0 -1
    outer loop
      vertex -31.8198 31.8198 78.5
      vertex -59.397 59.397 78.5
      vertex -55.385 63.1545 78.5
    endloop
  endfacet
  facet normal 0 0 -1
    outer loop
      vertex -72.7461 -42 78.5
      vertex -37.4161 -25.0007 78.5
      vertex -69.8434 -46.6679 78.5
    endloop
  endfacet
  facet normal 0 0 -1
    outer loop
      vertex -33.8328 29.6706 78.5
      vertex -63.1545 55.385 78.5
      vertex -59.397 59.397 78.5
    endloop
  endfacet
  facet normal -0 0 -1
    outer loop
      vertex -37.4161 -25.0007 78.5
      vertex -72.7461 -42 78.5
      vertex -55 -14 78.5
    endloop
  endfacet
  facet normal 0 0 -1
    outer loop
      vertex -35.7009 27.3943 78.5
      vertex -66.6417 51.136 78.5
      vertex -63.1545 55.385 78.5
    endloop
  endfacet
  facet normal 0 0 -1
    outer loop
      vertex -75.3373 -37.1522 78.5
      vertex -55 -14 78.5
      vertex -72.7461 -42 78.5
    endloop
  endfacet
  facet normal 0 0 -1
    outer loop
      vertex -37.4161 25.0007 78.5
      vertex -69.8434 46.6679 78.5
      vertex -66.6417 51.136 78.5
    endloop
  endfacet
  facet normal 0 0 -1
    outer loop
      vertex -77.6059 -32.1454 78.5
      vertex -55 -14 78.5
      vertex -75.3373 -37.1522 78.5
    endloop
  endfacet
  facet normal 0 0 -1
    outer loop
      vertex -38.9711 22.5 78.5
      vertex -72.7461 42 78.5
      vertex -69.8434 46.6679 78.5
    endloop
  endfacet
  facet normal 0 0 -1
    outer loop
      vertex -79.5421 -27.0009 78.5
      vertex -55 -14 78.5
      vertex -77.6059 -32.1454 78.5
    endloop
  endfacet
  facet normal 0 0 -1
    outer loop
      vertex -55 14 78.5
      vertex -75.3373 37.1522 78.5
      vertex -72.7461 42 78.5
    endloop
  endfacet
  facet normal 0 0 -1
    outer loop
      vertex -81.1378 -21.7408 78.5
      vertex -55 -14 78.5
      vertex -79.5421 -27.0009 78.5
    endloop
  endfacet
  facet normal 0 0 -1
    outer loop
      vertex -55 14 78.5
      vertex -77.6059 32.1454 78.5
      vertex -75.3373 37.1522 78.5
    endloop
  endfacet
  facet normal 0 0 -1
    outer loop
      vertex -82.386 -16.3876 78.5
      vertex -55 -14 78.5
      vertex -81.1378 -21.7408 78.5
    endloop
  endfacet
  facet normal 0 0 -1
    outer loop
      vertex -55 14 78.5
      vertex -79.5421 27.0009 78.5
      vertex -77.6059 32.1454 78.5
    endloop
  endfacet
  facet normal 0 0 -1
    outer loop
      vertex -83.2814 -10.9642 78.5
      vertex -55 -14 78.5
      vertex -82.386 -16.3876 78.5
    endloop
  endfacet
  facet normal 0 0 -1
    outer loop
      vertex -55 14 78.5
      vertex -81.1378 21.7408 78.5
      vertex -79.5421 27.0009 78.5
    endloop
  endfacet
  facet normal 0 0 -1
    outer loop
      vertex -83.8202 -5.49386 78.5
      vertex -55 -14 78.5
      vertex -83.2814 -10.9642 78.5
    endloop
  endfacet
  facet normal 0 0 -1
    outer loop
      vertex -55 14 78.5
      vertex -82.386 16.3876 78.5
      vertex -81.1378 21.7408 78.5
    endloop
  endfacet
  facet normal 0 0 -1
    outer loop
      vertex -84 0 78.5
      vertex -55 -14 78.5
      vertex -83.8202 -5.49386 78.5
    endloop
  endfacet
  facet normal -0 0 -1
    outer loop
      vertex -55 14 78.5
      vertex -83.2814 10.9642 78.5
      vertex -82.386 16.3876 78.5
    endloop
  endfacet
  facet normal 0 0 -1
    outer loop
      vertex -55 -14 78.5
      vertex -84 0 78.5
      vertex -55 14 78.5
    endloop
  endfacet
  facet normal 0 0 -1
    outer loop
      vertex -55 14 78.5
      vertex -83.8202 5.49386 78.5
      vertex -83.2814 10.9642 78.5
    endloop
  endfacet
  facet normal 0 0 -1
    outer loop
      vertex -55 14 78.5
      vertex -84 0 78.5
      vertex -83.8202 5.49386 78.5
    endloop
  endfacet
  facet normal 0 0 -1
    outer loop
      vertex 77.4319 -3.5 78.5
      vertex 84 0 78.5
      vertex 83.8202 -5.49386 78.5
    endloop
  endfacet
  facet normal 0 0 -1
    outer loop
      vertex 77.4319 -3.5 78.5
      vertex 83.8202 -5.49386 78.5
      vertex 83.2814 -10.9642 78.5
    endloop
  endfacet
  facet normal 0 0 -1
    outer loop
      vertex 77.4319 3.5 78.5
      vertex 84 0 78.5
      vertex 77.4319 -3.5 78.5
    endloop
  endfacet
  facet normal 0 0 -1
    outer loop
      vertex 77.4319 -3.5 78.5
      vertex 83.2814 -10.9642 78.5
      vertex 82.386 -16.3876 78.5
    endloop
  endfacet
  facet normal 0 0 -1
    outer loop
      vertex 84 0 78.5
      vertex 77.4319 3.5 78.5
      vertex 83.8202 5.49386 78.5
    endloop
  endfacet
  facet normal 0 0 -1
    outer loop
      vertex 69.7083 -3.5 78.5
      vertex 82.386 -16.3876 78.5
      vertex 81.1378 -21.7408 78.5
    endloop
  endfacet
  facet normal -0 0 -1
    outer loop
      vertex 83.8202 5.49386 78.5
      vertex 77.4319 3.5 78.5
      vertex 83.2814 10.9642 78.5
    endloop
  endfacet
  facet normal 0 0 -1
    outer loop
      vertex 55 -14 78.5
      vertex 81.1378 -21.7408 78.5
      vertex 79.5421 -27.0009 78.5
    endloop
  endfacet
  facet normal -0 0 -1
    outer loop
      vertex 83.2814 10.9642 78.5
      vertex 77.4319 3.5 78.5
      vertex 82.386 16.3876 78.5
    endloop
  endfacet
  facet normal 0 0 -1
    outer loop
      vertex 55 -14 78.5
      vertex 79.5421 -27.0009 78.5
      vertex 77.6059 -32.1454 78.5
    endloop
  endfacet
  facet normal 0 0 -1
    outer loop
      vertex 69.7083 3.5 78.5
      vertex 82.386 16.3876 78.5
      vertex 77.4319 3.5 78.5
    endloop
  endfacet
  facet normal -0 0 -1
    outer loop
      vertex 82.386 16.3876 78.5
      vertex 69.7083 3.5 78.5
      vertex 81.1378 21.7408 78.5
    endloop
  endfacet
  facet normal 0 0 -1
    outer loop
      vertex 55 -14 78.5
      vertex 77.6059 -32.1454 78.5
      vertex 75.3373 -37.1522 78.5
    endloop
  endfacet
  facet normal 0 0 -1
    outer loop
      vertex 55 -14 78.5
      vertex 75.3373 -37.1522 78.5
      vertex 72.7461 -42 78.5
    endloop
  endfacet
  facet normal 0 0 -1
    outer loop
      vertex 55 -14 78.5
      vertex 72.7461 -42 78.5
      vertex 69.8434 -46.6679 78.5
    endloop
  endfacet
  facet normal 0 0 -1
    outer loop
      vertex 81.1378 -21.7408 78.5
      vertex 55 -14 78.5
      vertex 69.7083 -3.5 78.5
    endloop
  endfacet
  facet normal 0 0 -1
    outer loop
      vertex 82.386 -16.3876 78.5
      vertex 69.7083 -3.5 78.5
      vertex 77.4319 -3.5 78.5
    endloop
  endfacet
  facet normal 0 0 -1
    outer loop
      vertex 55 -14 78.5
      vertex 69.8434 -46.6679 78.5
      vertex 66.6417 -51.136 78.5
    endloop
  endfacet
  facet normal 0 0 -1
    outer loop
      vertex 55 14 78.5
      vertex 81.1378 21.7408 78.5
      vertex 69.7083 3.5 78.5
    endloop
  endfacet
  facet normal -0 0 -1
    outer loop
      vertex 81.1378 21.7408 78.5
      vertex 55 14 78.5
      vertex 79.5421 27.0009 78.5
    endloop
  endfacet
  facet normal -0 0 -1
    outer loop
      vertex 79.5421 27.0009 78.5
      vertex 55 14 78.5
      vertex 77.6059 32.1454 78.5
    endloop
  endfacet
  facet normal -0 0 -1
    outer loop
      vertex 77.6059 32.1454 78.5
      vertex 55 14 78.5
      vertex 75.3373 37.1522 78.5
    endloop
  endfacet
  facet normal -0 0 -1
    outer loop
      vertex 75.3373 37.1522 78.5
      vertex 55 14 78.5
      vertex 72.7461 42 78.5
    endloop
  endfacet
  facet normal -0 0 -1
    outer loop
      vertex 69.7083 -3.5 78.5
      vertex 55 -14 78.5
      vertex 69.7083 3.5 78.5
    endloop
  endfacet
  facet normal 0 0 -1
    outer loop
      vertex 55 14 78.5
      vertex 69.7083 3.5 78.5
      vertex 55 -14 78.5
    endloop
  endfacet
  facet normal 0 0 -1
    outer loop
      vertex 35.7009 -27.3943 78.5
      vertex 66.6417 -51.136 78.5
      vertex 63.1545 -55.385 78.5
    endloop
  endfacet
  facet normal 0 0 -1
    outer loop
      vertex 37.4161 25.0007 78.5
      vertex 72.7461 42 78.5
      vertex 55 14 78.5
    endloop
  endfacet
  facet normal 0 0 -1
    outer loop
      vertex 33.8328 -29.6706 78.5
      vertex 63.1545 -55.385 78.5
      vertex 59.397 -59.397 78.5
    endloop
  endfacet
  facet normal -0 0 -1
    outer loop
      vertex 72.7461 42 78.5
      vertex 37.4161 25.0007 78.5
      vertex 69.8434 46.6679 78.5
    endloop
  endfacet
  facet normal 0 0 -1
    outer loop
      vertex 31.8198 -31.8198 78.5
      vertex 59.397 -59.397 78.5
      vertex 55.385 -63.1545 78.5
    endloop
  endfacet
  facet normal -0 0 -1
    outer loop
      vertex 69.8434 46.6679 78.5
      vertex 37.4161 25.0007 78.5
      vertex 66.6417 51.136 78.5
    endloop
  endfacet
  facet normal 0 0 -1
    outer loop
      vertex 35.7009 27.3943 78.5
      vertex 66.6417 51.136 78.5
      vertex 37.4161 25.0007 78.5
    endloop
  endfacet
  facet normal 0 0 -1
    outer loop
      vertex 29.6706 -33.8328 78.5
      vertex 55.385 -63.1545 78.5
      vertex 51.136 -66.6417 78.5
    endloop
  endfacet
  facet normal 0 0 -1
    outer loop
      vertex 27.3943 -35.7009 78.5
      vertex 51.136 -66.6417 78.5
      vertex 46.6679 -69.8434 78.5
    endloop
  endfacet
  facet normal 0 -0 -1
    outer loop
      vertex 38.9711 -22.5 78.5
      vertex 66.6417 -51.136 78.5
      vertex 37.4161 -25.0007 78.5
    endloop
  endfacet
  facet normal -0 0 -1
    outer loop
      vertex 55 -14 78.5
      vertex 42.6119 -14.4648 78.5
      vertex 42.7528 -14 78.5
    endloop
  endfacet
  facet normal 0 0 -1
    outer loop
      vertex 25.0007 -37.4161 78.5
      vertex 46.6679 -69.8434 78.5
      vertex 42 -72.7461 78.5
    endloop
  endfacet
  facet normal 0 0 -1
    outer loop
      vertex 55 -14 78.5
      vertex 41.5746 -17.2208 78.5
      vertex 42.6119 -14.4648 78.5
    endloop
  endfacet
  facet normal 0 0 -1
    outer loop
      vertex 55 -14 78.5
      vertex 40.3593 -19.903 78.5
      vertex 41.5746 -17.2208 78.5
    endloop
  endfacet
  facet normal 0 0 -1
    outer loop
      vertex 55 -14 78.5
      vertex 38.9711 -22.5 78.5
      vertex 40.3593 -19.903 78.5
    endloop
  endfacet
  facet normal 0 0 -1
    outer loop
      vertex 66.6417 -51.136 78.5
      vertex 38.9711 -22.5 78.5
      vertex 55 -14 78.5
    endloop
  endfacet
  facet normal 0 0 -1
    outer loop
      vertex 22.5 -38.9711 78.5
      vertex 42 -72.7461 78.5
      vertex 37.1522 -75.3373 78.5
    endloop
  endfacet
  facet normal 0 0 -1
    outer loop
      vertex 66.6417 -51.136 78.5
      vertex 35.7009 -27.3943 78.5
      vertex 37.4161 -25.0007 78.5
    endloop
  endfacet
  facet normal 0 0 -1
    outer loop
      vertex 63.1545 -55.385 78.5
      vertex 33.8328 -29.6706 78.5
      vertex 35.7009 -27.3943 78.5
    endloop
  endfacet
  facet normal 0 0 -1
    outer loop
      vertex 19.903 -40.3593 78.5
      vertex 37.1522 -75.3373 78.5
      vertex 32.1454 -77.6059 78.5
    endloop
  endfacet
  facet normal 0 0 -1
    outer loop
      vertex 59.397 -59.397 78.5
      vertex 31.8198 -31.8198 78.5
      vertex 33.8328 -29.6706 78.5
    endloop
  endfacet
  facet normal 0 0 -1
    outer loop
      vertex 55.385 -63.1545 78.5
      vertex 29.6706 -33.8328 78.5
      vertex 31.8198 -31.8198 78.5
    endloop
  endfacet
  facet normal 0 0 -1
    outer loop
      vertex 51.136 -66.6417 78.5
      vertex 27.3943 -35.7009 78.5
      vertex 29.6706 -33.8328 78.5
    endloop
  endfacet
  facet normal 0 0 -1
    outer loop
      vertex 17.2208 -41.5746 78.5
      vertex 32.1454 -77.6059 78.5
      vertex 27.0009 -79.5421 78.5
    endloop
  endfacet
  facet normal 0 0 -1
    outer loop
      vertex 46.6679 -69.8434 78.5
      vertex 25.0007 -37.4161 78.5
      vertex 27.3943 -35.7009 78.5
    endloop
  endfacet
  facet normal 0 0 -1
    outer loop
      vertex 42 -72.7461 78.5
      vertex 22.5 -38.9711 78.5
      vertex 25.0007 -37.4161 78.5
    endloop
  endfacet
  facet normal 0 0 -1
    outer loop
      vertex 14.4648 -42.6119 78.5
      vertex 27.0009 -79.5421 78.5
      vertex 21.7408 -81.1378 78.5
    endloop
  endfacet
  facet normal 0 0 -1
    outer loop
      vertex 37.1522 -75.3373 78.5
      vertex 19.903 -40.3593 78.5
      vertex 22.5 -38.9711 78.5
    endloop
  endfacet
  facet normal 0 0 -1
    outer loop
      vertex 32.1454 -77.6059 78.5
      vertex 17.2208 -41.5746 78.5
      vertex 19.903 -40.3593 78.5
    endloop
  endfacet
  facet normal 0 0 -1
    outer loop
      vertex 11.6469 -43.4667 78.5
      vertex 21.7408 -81.1378 78.5
      vertex 16.3876 -82.386 78.5
    endloop
  endfacet
  facet normal 0 0 -1
    outer loop
      vertex 27.0009 -79.5421 78.5
      vertex 14.4648 -42.6119 78.5
      vertex 17.2208 -41.5746 78.5
    endloop
  endfacet
  facet normal 0 0 -1
    outer loop
      vertex 21.7408 -81.1378 78.5
      vertex 11.6469 -43.4667 78.5
      vertex 14.4648 -42.6119 78.5
    endloop
  endfacet
  facet normal 0 0 -1
    outer loop
      vertex 8.77906 -44.1353 78.5
      vertex 16.3876 -82.386 78.5
      vertex 10.9642 -83.2814 78.5
    endloop
  endfacet
  facet normal 0 0 -1
    outer loop
      vertex 16.3876 -82.386 78.5
      vertex 8.77906 -44.1353 78.5
      vertex 11.6469 -43.4667 78.5
    endloop
  endfacet
  facet normal 0 0 -1
    outer loop
      vertex 10.9642 -83.2814 78.5
      vertex 5.87368 -44.615 78.5
      vertex 8.77906 -44.1353 78.5
    endloop
  endfacet
  facet normal 0 0 -1
    outer loop
      vertex 5.49386 -83.8202 78.5
      vertex 5.87368 -44.615 78.5
      vertex 10.9642 -83.2814 78.5
    endloop
  endfacet
  facet normal 0 0 -1
    outer loop
      vertex 5.49386 -83.8202 78.5
      vertex 2.94314 -44.9037 78.5
      vertex 5.87368 -44.615 78.5
    endloop
  endfacet
  facet normal 0 0 -1
    outer loop
      vertex 0 -84 78.5
      vertex 2.94314 -44.9037 78.5
      vertex 5.49386 -83.8202 78.5
    endloop
  endfacet
  facet normal 0 0 -1
    outer loop
      vertex 0 -84 78.5
      vertex 0 -45 78.5
      vertex 2.94314 -44.9037 78.5
    endloop
  endfacet
  facet normal 0 0 -1
    outer loop
      vertex 0 -84 78.5
      vertex -2.94314 -44.9037 78.5
      vertex 0 -45 78.5
    endloop
  endfacet
  facet normal 0 0 -1
    outer loop
      vertex -5.49386 -83.8202 78.5
      vertex -2.94314 -44.9037 78.5
      vertex 0 -84 78.5
    endloop
  endfacet
  facet normal 0 0 -1
    outer loop
      vertex -5.49386 -83.8202 78.5
      vertex -5.87368 -44.615 78.5
      vertex -2.94314 -44.9037 78.5
    endloop
  endfacet
  facet normal 0 0 -1
    outer loop
      vertex -10.9642 -83.2814 78.5
      vertex -5.87368 -44.615 78.5
      vertex -5.49386 -83.8202 78.5
    endloop
  endfacet
  facet normal -0 0 -1
    outer loop
      vertex -5.87368 -44.615 78.5
      vertex -10.9642 -83.2814 78.5
      vertex -8.77906 -44.1353 78.5
    endloop
  endfacet
  facet normal 0 0 -1
    outer loop
      vertex -16.3876 -82.386 78.5
      vertex -8.77906 -44.1353 78.5
      vertex -10.9642 -83.2814 78.5
    endloop
  endfacet
  facet normal -0 0 -1
    outer loop
      vertex -8.77906 -44.1353 78.5
      vertex -16.3876 -82.386 78.5
      vertex -11.6469 -43.4667 78.5
    endloop
  endfacet
  facet normal 0 0 -1
    outer loop
      vertex -21.7408 -81.1378 78.5
      vertex -11.6469 -43.4667 78.5
      vertex -16.3876 -82.386 78.5
    endloop
  endfacet
  facet normal -0 0 -1
    outer loop
      vertex -11.6469 -43.4667 78.5
      vertex -21.7408 -81.1378 78.5
      vertex -14.4648 -42.6119 78.5
    endloop
  endfacet
  facet normal 0 0 -1
    outer loop
      vertex -27.0009 -79.5421 78.5
      vertex -14.4648 -42.6119 78.5
      vertex -21.7408 -81.1378 78.5
    endloop
  endfacet
  facet normal -0 0 -1
    outer loop
      vertex -14.4648 -42.6119 78.5
      vertex -27.0009 -79.5421 78.5
      vertex -17.2208 -41.5746 78.5
    endloop
  endfacet
  facet normal 0 0 -1
    outer loop
      vertex -32.1454 -77.6059 78.5
      vertex -17.2208 -41.5746 78.5
      vertex -27.0009 -79.5421 78.5
    endloop
  endfacet
  facet normal -0 0 -1
    outer loop
      vertex -17.2208 -41.5746 78.5
      vertex -32.1454 -77.6059 78.5
      vertex -19.903 -40.3593 78.5
    endloop
  endfacet
  facet normal 0 0 -1
    outer loop
      vertex -37.1522 -75.3373 78.5
      vertex -19.903 -40.3593 78.5
      vertex -32.1454 -77.6059 78.5
    endloop
  endfacet
  facet normal -0 0 -1
    outer loop
      vertex -19.903 -40.3593 78.5
      vertex -37.1522 -75.3373 78.5
      vertex -22.5 -38.9711 78.5
    endloop
  endfacet
  facet normal 0 0 -1
    outer loop
      vertex -42 -72.7461 78.5
      vertex -22.5 -38.9711 78.5
      vertex -37.1522 -75.3373 78.5
    endloop
  endfacet
  facet normal -0 0 -1
    outer loop
      vertex -22.5 -38.9711 78.5
      vertex -42 -72.7461 78.5
      vertex -25.0007 -37.4161 78.5
    endloop
  endfacet
  facet normal 0 0 -1
    outer loop
      vertex -46.6679 -69.8434 78.5
      vertex -25.0007 -37.4161 78.5
      vertex -42 -72.7461 78.5
    endloop
  endfacet
  facet normal -0 0 -1
    outer loop
      vertex -25.0007 -37.4161 78.5
      vertex -46.6679 -69.8434 78.5
      vertex -27.3943 -35.7009 78.5
    endloop
  endfacet
  facet normal 0 0 -1
    outer loop
      vertex -51.136 -66.6417 78.5
      vertex -27.3943 -35.7009 78.5
      vertex -46.6679 -69.8434 78.5
    endloop
  endfacet
  facet normal -0 0 -1
    outer loop
      vertex -27.3943 -35.7009 78.5
      vertex -51.136 -66.6417 78.5
      vertex -29.6706 -33.8328 78.5
    endloop
  endfacet
  facet normal 0 0 -1
    outer loop
      vertex -55.385 -63.1545 78.5
      vertex -29.6706 -33.8328 78.5
      vertex -51.136 -66.6417 78.5
    endloop
  endfacet
  facet normal -0 0 -1
    outer loop
      vertex -29.6706 -33.8328 78.5
      vertex -55.385 -63.1545 78.5
      vertex -31.8198 -31.8198 78.5
    endloop
  endfacet
  facet normal 0 0 -1
    outer loop
      vertex -59.397 -59.397 78.5
      vertex -31.8198 -31.8198 78.5
      vertex -55.385 -63.1545 78.5
    endloop
  endfacet
  facet normal -0 0 -1
    outer loop
      vertex -31.8198 -31.8198 78.5
      vertex -59.397 -59.397 78.5
      vertex -33.8328 -29.6706 78.5
    endloop
  endfacet
  facet normal 0 0 -1
    outer loop
      vertex -63.1545 -55.385 78.5
      vertex -33.8328 -29.6706 78.5
      vertex -59.397 -59.397 78.5
    endloop
  endfacet
  facet normal -0 0 -1
    outer loop
      vertex -33.8328 -29.6706 78.5
      vertex -63.1545 -55.385 78.5
      vertex -35.7009 -27.3943 78.5
    endloop
  endfacet
  facet normal 0 0 -1
    outer loop
      vertex -37.4161 -25.0007 78.5
      vertex -55 -14 78.5
      vertex -38.9711 -22.5 78.5
    endloop
  endfacet
  facet normal 0 0 -1
    outer loop
      vertex -38.9711 -22.5 78.5
      vertex -55 -14 78.5
      vertex -40.3593 -19.903 78.5
    endloop
  endfacet
  facet normal 0 0 -1
    outer loop
      vertex -40.3593 -19.903 78.5
      vertex -55 -14 78.5
      vertex -41.5746 -17.2208 78.5
    endloop
  endfacet
  facet normal 0 0 -1
    outer loop
      vertex -41.5746 -17.2208 78.5
      vertex -55 -14 78.5
      vertex -42.6119 -14.4648 78.5
    endloop
  endfacet
  facet normal 0 0 -1
    outer loop
      vertex -66.6417 -51.136 78.5
      vertex -35.7009 -27.3943 78.5
      vertex -63.1545 -55.385 78.5
    endloop
  endfacet
  facet normal 0 0 -1
    outer loop
      vertex -42.6119 -14.4648 78.5
      vertex -55 -14 78.5
      vertex -42.7528 -14 78.5
    endloop
  endfacet
  facet normal -0.52807 0.849201 0
    outer loop
      vertex -42 72.7461 78.5
      vertex -46.6679 69.8434 81.5
      vertex -42 72.7461 81.5
    endloop
  endfacet
  facet normal -0.52807 0.849201 0
    outer loop
      vertex -46.6679 69.8434 81.5
      vertex -42 72.7461 78.5
      vertex -46.6679 69.8434 78.5
    endloop
  endfacet
  facet normal -0.352242 0.935909 0
    outer loop
      vertex -27.0009 79.5421 78.5
      vertex -32.1454 77.6059 81.5
      vertex -27.0009 79.5421 81.5
    endloop
  endfacet
  facet normal -0.352242 0.935909 0
    outer loop
      vertex -32.1454 77.6059 81.5
      vertex -27.0009 79.5421 78.5
      vertex -32.1454 77.6059 78.5
    endloop
  endfacet
  facet normal 0.729878 -0.683578 0
    outer loop
      vertex 59.397 -59.397 81.5
      vertex 63.1545 -55.385 78.5
      vertex 63.1545 -55.385 81.5
    endloop
  endfacet
  facet normal 0.729878 -0.683578 0
    outer loop
      vertex 63.1545 -55.385 78.5
      vertex 59.397 -59.397 81.5
      vertex 59.397 -59.397 78.5
    endloop
  endfacet
  facet normal -0.935909 0.352242 0
    outer loop
      vertex -79.5421 27.0009 78.5
      vertex -77.6059 32.1454 81.5
      vertex -77.6059 32.1454 78.5
    endloop
  endfacet
  facet normal -0.935909 0.352242 0
    outer loop
      vertex -77.6059 32.1454 81.5
      vertex -79.5421 27.0009 78.5
      vertex -79.5421 27.0009 81.5
    endloop
  endfacet
  facet normal -0.0327099 0.999465 0
    outer loop
      vertex 0 84 78.5
      vertex -5.49386 83.8202 81.5
      vertex 0 84 81.5
    endloop
  endfacet
  facet normal -0.0327099 0.999465 0
    outer loop
      vertex -5.49386 83.8202 81.5
      vertex 0 84 78.5
      vertex -5.49386 83.8202 78.5
    endloop
  endfacet
  facet normal -0.0980205 0.995184 0
    outer loop
      vertex -5.49386 83.8202 78.5
      vertex -10.9642 83.2814 81.5
      vertex -5.49386 83.8202 81.5
    endloop
  endfacet
  facet normal -0.0980205 0.995184 0
    outer loop
      vertex -10.9642 83.2814 81.5
      vertex -5.49386 83.8202 78.5
      vertex -10.9642 83.2814 78.5
    endloop
  endfacet
  facet normal 0.999465 -0.0327099 0
    outer loop
      vertex 83.8202 -5.49386 81.5
      vertex 84 0 78.5
      vertex 84 0 81.5
    endloop
  endfacet
  facet normal 0.999465 -0.0327099 0
    outer loop
      vertex 84 0 78.5
      vertex 83.8202 -5.49386 81.5
      vertex 83.8202 -5.49386 78.5
    endloop
  endfacet
  facet normal 0.812855 -0.582466 0
    outer loop
      vertex 66.6417 -51.136 81.5
      vertex 69.8434 -46.6679 78.5
      vertex 69.8434 -46.6679 81.5
    endloop
  endfacet
  facet normal 0.812855 -0.582466 0
    outer loop
      vertex 69.8434 -46.6679 78.5
      vertex 66.6417 -51.136 81.5
      vertex 66.6417 -51.136 78.5
    endloop
  endfacet
  facet normal 0.0980205 -0.995184 0
    outer loop
      vertex 5.49386 -83.8202 78.5
      vertex 10.9642 -83.2814 81.5
      vertex 5.49386 -83.8202 81.5
    endloop
  endfacet
  facet normal 0.0980205 -0.995184 0
    outer loop
      vertex 10.9642 -83.2814 81.5
      vertex 5.49386 -83.8202 78.5
      vertex 10.9642 -83.2814 78.5
    endloop
  endfacet
  facet normal -0.634408 0.772998 0
    outer loop
      vertex -51.136 66.6417 78.5
      vertex -55.385 63.1545 81.5
      vertex -51.136 66.6417 81.5
    endloop
  endfacet
  facet normal -0.634408 0.772998 0
    outer loop
      vertex -55.385 63.1545 81.5
      vertex -51.136 66.6417 78.5
      vertex -55.385 63.1545 78.5
    endloop
  endfacet
  facet normal 0.881921 -0.471396 0
    outer loop
      vertex 72.7461 -42 81.5
      vertex 75.3373 -37.1522 78.5
      vertex 75.3373 -37.1522 81.5
    endloop
  endfacet
  facet normal 0.881921 -0.471396 0
    outer loop
      vertex 75.3373 -37.1522 78.5
      vertex 72.7461 -42 81.5
      vertex 72.7461 -42 78.5
    endloop
  endfacet
  facet normal -0.162894 -0.986644 0
    outer loop
      vertex -16.3876 -82.386 78.5
      vertex -10.9642 -83.2814 81.5
      vertex -16.3876 -82.386 81.5
    endloop
  endfacet
  facet normal -0.162894 -0.986644 -0
    outer loop
      vertex -10.9642 -83.2814 81.5
      vertex -16.3876 -82.386 78.5
      vertex -10.9642 -83.2814 78.5
    endloop
  endfacet
  facet normal 0.582466 0.812855 -0
    outer loop
      vertex 51.136 66.6417 78.5
      vertex 46.6679 69.8434 81.5
      vertex 51.136 66.6417 81.5
    endloop
  endfacet
  facet normal 0.582466 0.812855 0
    outer loop
      vertex 46.6679 69.8434 81.5
      vertex 51.136 66.6417 78.5
      vertex 46.6679 69.8434 78.5
    endloop
  endfacet
  facet normal -0.772998 -0.634408 0
    outer loop
      vertex -63.1545 -55.385 78.5
      vertex -66.6417 -51.136 81.5
      vertex -66.6417 -51.136 78.5
    endloop
  endfacet
  facet normal -0.772998 -0.634408 0
    outer loop
      vertex -66.6417 -51.136 81.5
      vertex -63.1545 -55.385 78.5
      vertex -63.1545 -55.385 81.5
    endloop
  endfacet
  facet normal -0.227078 0.973877 0
    outer loop
      vertex -16.3876 82.386 78.5
      vertex -21.7408 81.1378 81.5
      vertex -16.3876 82.386 81.5
    endloop
  endfacet
  facet normal -0.227078 0.973877 0
    outer loop
      vertex -21.7408 81.1378 81.5
      vertex -16.3876 82.386 78.5
      vertex -21.7408 81.1378 78.5
    endloop
  endfacet
  facet normal 0.52807 0.849201 -0
    outer loop
      vertex 46.6679 69.8434 78.5
      vertex 42 72.7461 81.5
      vertex 46.6679 69.8434 81.5
    endloop
  endfacet
  facet normal 0.52807 0.849201 0
    outer loop
      vertex 42 72.7461 81.5
      vertex 46.6679 69.8434 78.5
      vertex 42 72.7461 78.5
    endloop
  endfacet
  facet normal 0.956937 -0.290296 0
    outer loop
      vertex 79.5421 -27.0009 81.5
      vertex 81.1378 -21.7408 78.5
      vertex 81.1378 -21.7408 81.5
    endloop
  endfacet
  facet normal 0.956937 -0.290296 0
    outer loop
      vertex 81.1378 -21.7408 78.5
      vertex 79.5421 -27.0009 81.5
      vertex 79.5421 -27.0009 78.5
    endloop
  endfacet
  facet normal 0.849201 -0.52807 0
    outer loop
      vertex 69.8434 -46.6679 81.5
      vertex 72.7461 -42 78.5
      vertex 72.7461 -42 81.5
    endloop
  endfacet
  facet normal 0.849201 -0.52807 0
    outer loop
      vertex 72.7461 -42 78.5
      vertex 69.8434 -46.6679 81.5
      vertex 69.8434 -46.6679 78.5
    endloop
  endfacet
  facet normal -0.973877 0.227078 0
    outer loop
      vertex -82.386 16.3876 78.5
      vertex -81.1378 21.7408 81.5
      vertex -81.1378 21.7408 78.5
    endloop
  endfacet
  facet normal -0.973877 0.227078 0
    outer loop
      vertex -81.1378 21.7408 81.5
      vertex -82.386 16.3876 78.5
      vertex -82.386 16.3876 81.5
    endloop
  endfacet
  facet normal -0.956937 -0.290296 0
    outer loop
      vertex -79.5421 -27.0009 78.5
      vertex -81.1378 -21.7408 81.5
      vertex -81.1378 -21.7408 78.5
    endloop
  endfacet
  facet normal -0.956937 -0.290296 0
    outer loop
      vertex -81.1378 -21.7408 81.5
      vertex -79.5421 -27.0009 78.5
      vertex -79.5421 -27.0009 81.5
    endloop
  endfacet
  facet normal -0.999465 -0.0327099 0
    outer loop
      vertex -83.8202 -5.49386 78.5
      vertex -84 0 81.5
      vertex -84 0 78.5
    endloop
  endfacet
  facet normal -0.999465 -0.0327099 0
    outer loop
      vertex -84 0 81.5
      vertex -83.8202 -5.49386 78.5
      vertex -83.8202 -5.49386 81.5
    endloop
  endfacet
  facet normal -0.881921 -0.471396 0
    outer loop
      vertex -72.7461 -42 78.5
      vertex -75.3373 -37.1522 81.5
      vertex -75.3373 -37.1522 78.5
    endloop
  endfacet
  facet normal -0.881921 -0.471396 0
    outer loop
      vertex -75.3373 -37.1522 81.5
      vertex -72.7461 -42 78.5
      vertex -72.7461 -42 81.5
    endloop
  endfacet
  facet normal -0.227078 -0.973877 0
    outer loop
      vertex -21.7408 -81.1378 78.5
      vertex -16.3876 -82.386 81.5
      vertex -21.7408 -81.1378 81.5
    endloop
  endfacet
  facet normal -0.227078 -0.973877 -0
    outer loop
      vertex -16.3876 -82.386 81.5
      vertex -21.7408 -81.1378 78.5
      vertex -16.3876 -82.386 78.5
    endloop
  endfacet
  facet normal -0.849201 -0.52807 0
    outer loop
      vertex -69.8434 -46.6679 78.5
      vertex -72.7461 -42 81.5
      vertex -72.7461 -42 78.5
    endloop
  endfacet
  facet normal -0.849201 -0.52807 0
    outer loop
      vertex -72.7461 -42 81.5
      vertex -69.8434 -46.6679 78.5
      vertex -69.8434 -46.6679 81.5
    endloop
  endfacet
  facet normal -0.986644 0.162894 0
    outer loop
      vertex -83.2814 10.9642 78.5
      vertex -82.386 16.3876 81.5
      vertex -82.386 16.3876 78.5
    endloop
  endfacet
  facet normal -0.986644 0.162894 0
    outer loop
      vertex -82.386 16.3876 81.5
      vertex -83.2814 10.9642 78.5
      vertex -83.2814 10.9642 81.5
    endloop
  endfacet
  facet normal -0.352242 -0.935909 0
    outer loop
      vertex -32.1454 -77.6059 78.5
      vertex -27.0009 -79.5421 81.5
      vertex -32.1454 -77.6059 81.5
    endloop
  endfacet
  facet normal -0.352242 -0.935909 -0
    outer loop
      vertex -27.0009 -79.5421 81.5
      vertex -32.1454 -77.6059 78.5
      vertex -27.0009 -79.5421 78.5
    endloop
  endfacet
  facet normal -0.772998 0.634408 0
    outer loop
      vertex -66.6417 51.136 78.5
      vertex -63.1545 55.385 81.5
      vertex -63.1545 55.385 78.5
    endloop
  endfacet
  facet normal -0.772998 0.634408 0
    outer loop
      vertex -63.1545 55.385 81.5
      vertex -66.6417 51.136 78.5
      vertex -66.6417 51.136 81.5
    endloop
  endfacet
  facet normal 0.634408 -0.772998 0
    outer loop
      vertex 51.136 -66.6417 78.5
      vertex 55.385 -63.1545 81.5
      vertex 51.136 -66.6417 81.5
    endloop
  endfacet
  facet normal 0.634408 -0.772998 0
    outer loop
      vertex 55.385 -63.1545 81.5
      vertex 51.136 -66.6417 78.5
      vertex 55.385 -63.1545 78.5
    endloop
  endfacet
  facet normal -0.290296 0.956937 0
    outer loop
      vertex -21.7408 81.1378 78.5
      vertex -27.0009 79.5421 81.5
      vertex -21.7408 81.1378 81.5
    endloop
  endfacet
  facet normal -0.290296 0.956937 0
    outer loop
      vertex -27.0009 79.5421 81.5
      vertex -21.7408 81.1378 78.5
      vertex -27.0009 79.5421 78.5
    endloop
  endfacet
  facet normal 0.52807 -0.849201 0
    outer loop
      vertex 42 -72.7461 78.5
      vertex 46.6679 -69.8434 81.5
      vertex 42 -72.7461 81.5
    endloop
  endfacet
  facet normal 0.52807 -0.849201 0
    outer loop
      vertex 46.6679 -69.8434 81.5
      vertex 42 -72.7461 78.5
      vertex 46.6679 -69.8434 78.5
    endloop
  endfacet
  facet normal 0.582466 -0.812855 0
    outer loop
      vertex 46.6679 -69.8434 78.5
      vertex 51.136 -66.6417 81.5
      vertex 46.6679 -69.8434 81.5
    endloop
  endfacet
  facet normal 0.582466 -0.812855 0
    outer loop
      vertex 51.136 -66.6417 81.5
      vertex 46.6679 -69.8434 78.5
      vertex 51.136 -66.6417 78.5
    endloop
  endfacet
  facet normal 0.0327099 0.999465 -0
    outer loop
      vertex 5.49386 83.8202 78.5
      vertex 0 84 81.5
      vertex 5.49386 83.8202 81.5
    endloop
  endfacet
  facet normal 0.0327099 0.999465 0
    outer loop
      vertex 0 84 81.5
      vertex 5.49386 83.8202 78.5
      vertex 0 84 78.5
    endloop
  endfacet
  facet normal 0.227078 0.973877 -0
    outer loop
      vertex 21.7408 81.1378 78.5
      vertex 16.3876 82.386 81.5
      vertex 21.7408 81.1378 81.5
    endloop
  endfacet
  facet normal 0.227078 0.973877 0
    outer loop
      vertex 16.3876 82.386 81.5
      vertex 21.7408 81.1378 78.5
      vertex 16.3876 82.386 78.5
    endloop
  endfacet
  facet normal 0.290296 0.956937 -0
    outer loop
      vertex 27.0009 79.5421 78.5
      vertex 21.7408 81.1378 81.5
      vertex 27.0009 79.5421 81.5
    endloop
  endfacet
  facet normal 0.290296 0.956937 0
    outer loop
      vertex 21.7408 81.1378 81.5
      vertex 27.0009 79.5421 78.5
      vertex 21.7408 81.1378 78.5
    endloop
  endfacet
  facet normal -0.0980205 -0.995184 0
    outer loop
      vertex -10.9642 -83.2814 78.5
      vertex -5.49386 -83.8202 81.5
      vertex -10.9642 -83.2814 81.5
    endloop
  endfacet
  facet normal -0.0980205 -0.995184 -0
    outer loop
      vertex -5.49386 -83.8202 81.5
      vertex -10.9642 -83.2814 78.5
      vertex -5.49386 -83.8202 78.5
    endloop
  endfacet
  facet normal -0.995184 0.0980205 0
    outer loop
      vertex -83.8202 5.49386 78.5
      vertex -83.2814 10.9642 81.5
      vertex -83.2814 10.9642 78.5
    endloop
  endfacet
  facet normal -0.995184 0.0980205 0
    outer loop
      vertex -83.2814 10.9642 81.5
      vertex -83.8202 5.49386 78.5
      vertex -83.8202 5.49386 81.5
    endloop
  endfacet
  facet normal -0.999465 0.0327099 0
    outer loop
      vertex -84 0 78.5
      vertex -83.8202 5.49386 81.5
      vertex -83.8202 5.49386 78.5
    endloop
  endfacet
  facet normal -0.999465 0.0327099 0
    outer loop
      vertex -83.8202 5.49386 81.5
      vertex -84 0 78.5
      vertex -84 0 81.5
    endloop
  endfacet
  facet normal -0.910861 0.412714 0
    outer loop
      vertex -77.6059 32.1454 78.5
      vertex -75.3373 37.1522 81.5
      vertex -75.3373 37.1522 78.5
    endloop
  endfacet
  facet normal -0.910861 0.412714 0
    outer loop
      vertex -75.3373 37.1522 81.5
      vertex -77.6059 32.1454 78.5
      vertex -77.6059 32.1454 81.5
    endloop
  endfacet
  facet normal 0.910861 -0.412714 0
    outer loop
      vertex 75.3373 -37.1522 81.5
      vertex 77.6059 -32.1454 78.5
      vertex 77.6059 -32.1454 81.5
    endloop
  endfacet
  facet normal 0.910861 -0.412714 0
    outer loop
      vertex 77.6059 -32.1454 78.5
      vertex 75.3373 -37.1522 81.5
      vertex 75.3373 -37.1522 78.5
    endloop
  endfacet
  facet normal 0.935909 -0.352242 0
    outer loop
      vertex 77.6059 -32.1454 81.5
      vertex 79.5421 -27.0009 78.5
      vertex 79.5421 -27.0009 81.5
    endloop
  endfacet
  facet normal 0.935909 -0.352242 0
    outer loop
      vertex 79.5421 -27.0009 78.5
      vertex 77.6059 -32.1454 81.5
      vertex 77.6059 -32.1454 78.5
    endloop
  endfacet
  facet normal -0.634408 -0.772998 0
    outer loop
      vertex -55.385 -63.1545 78.5
      vertex -51.136 -66.6417 81.5
      vertex -55.385 -63.1545 81.5
    endloop
  endfacet
  facet normal -0.634408 -0.772998 -0
    outer loop
      vertex -51.136 -66.6417 81.5
      vertex -55.385 -63.1545 78.5
      vertex -51.136 -66.6417 78.5
    endloop
  endfacet
  facet normal -0.956937 0.290296 0
    outer loop
      vertex -81.1378 21.7408 78.5
      vertex -79.5421 27.0009 81.5
      vertex -79.5421 27.0009 78.5
    endloop
  endfacet
  facet normal -0.956937 0.290296 0
    outer loop
      vertex -79.5421 27.0009 81.5
      vertex -81.1378 21.7408 78.5
      vertex -81.1378 21.7408 81.5
    endloop
  endfacet
  facet normal -0.52807 -0.849201 0
    outer loop
      vertex -46.6679 -69.8434 78.5
      vertex -42 -72.7461 81.5
      vertex -46.6679 -69.8434 81.5
    endloop
  endfacet
  facet normal -0.52807 -0.849201 -0
    outer loop
      vertex -42 -72.7461 81.5
      vertex -46.6679 -69.8434 78.5
      vertex -42 -72.7461 78.5
    endloop
  endfacet
  facet normal 0 0 1
    outer loop
      vertex 66.6417 -51.136 81.5
      vertex 35.7009 -27.3943 81.5
      vertex 63.1545 -55.385 81.5
    endloop
  endfacet
  facet normal -0 0 1
    outer loop
      vertex 33.8328 -29.6706 81.5
      vertex 63.1545 -55.385 81.5
      vertex 35.7009 -27.3943 81.5
    endloop
  endfacet
  facet normal 0 0 1
    outer loop
      vertex 63.1545 -55.385 81.5
      vertex 33.8328 -29.6706 81.5
      vertex 59.397 -59.397 81.5
    endloop
  endfacet
  facet normal 0 0 1
    outer loop
      vertex 42.6119 -14.4648 81.5
      vertex 55 -14 81.5
      vertex 42.7528 -14 81.5
    endloop
  endfacet
  facet normal 0 0 1
    outer loop
      vertex 41.5746 -17.2208 81.5
      vertex 55 -14 81.5
      vertex 42.6119 -14.4648 81.5
    endloop
  endfacet
  facet normal 0 0 1
    outer loop
      vertex 40.3593 -19.903 81.5
      vertex 55 -14 81.5
      vertex 41.5746 -17.2208 81.5
    endloop
  endfacet
  facet normal 0 0 1
    outer loop
      vertex 38.9711 -22.5 81.5
      vertex 55 -14 81.5
      vertex 40.3593 -19.903 81.5
    endloop
  endfacet
  facet normal 0 0 1
    outer loop
      vertex 37.4161 -25.0007 81.5
      vertex 55 -14 81.5
      vertex 38.9711 -22.5 81.5
    endloop
  endfacet
  facet normal -0 0 1
    outer loop
      vertex 31.8198 -31.8198 81.5
      vertex 59.397 -59.397 81.5
      vertex 33.8328 -29.6706 81.5
    endloop
  endfacet
  facet normal 0 0 1
    outer loop
      vertex 59.397 -59.397 81.5
      vertex 31.8198 -31.8198 81.5
      vertex 55.385 -63.1545 81.5
    endloop
  endfacet
  facet normal -0 0 1
    outer loop
      vertex 29.6706 -33.8328 81.5
      vertex 55.385 -63.1545 81.5
      vertex 31.8198 -31.8198 81.5
    endloop
  endfacet
  facet normal 0 0 1
    outer loop
      vertex 55.385 -63.1545 81.5
      vertex 29.6706 -33.8328 81.5
      vertex 51.136 -66.6417 81.5
    endloop
  endfacet
  facet normal -0 0 1
    outer loop
      vertex 27.3943 -35.7009 81.5
      vertex 51.136 -66.6417 81.5
      vertex 29.6706 -33.8328 81.5
    endloop
  endfacet
  facet normal 0 0 1
    outer loop
      vertex 51.136 -66.6417 81.5
      vertex 27.3943 -35.7009 81.5
      vertex 46.6679 -69.8434 81.5
    endloop
  endfacet
  facet normal -0 0 1
    outer loop
      vertex 25.0007 -37.4161 81.5
      vertex 46.6679 -69.8434 81.5
      vertex 27.3943 -35.7009 81.5
    endloop
  endfacet
  facet normal 0 0 1
    outer loop
      vertex 46.6679 -69.8434 81.5
      vertex 25.0007 -37.4161 81.5
      vertex 42 -72.7461 81.5
    endloop
  endfacet
  facet normal -0 0 1
    outer loop
      vertex 22.5 -38.9711 81.5
      vertex 42 -72.7461 81.5
      vertex 25.0007 -37.4161 81.5
    endloop
  endfacet
  facet normal 0 0 1
    outer loop
      vertex 42 -72.7461 81.5
      vertex 22.5 -38.9711 81.5
      vertex 37.1522 -75.3373 81.5
    endloop
  endfacet
  facet normal -0 0 1
    outer loop
      vertex 19.903 -40.3593 81.5
      vertex 37.1522 -75.3373 81.5
      vertex 22.5 -38.9711 81.5
    endloop
  endfacet
  facet normal 0 0 1
    outer loop
      vertex 37.1522 -75.3373 81.5
      vertex 19.903 -40.3593 81.5
      vertex 32.1454 -77.6059 81.5
    endloop
  endfacet
  facet normal -0 0 1
    outer loop
      vertex 17.2208 -41.5746 81.5
      vertex 32.1454 -77.6059 81.5
      vertex 19.903 -40.3593 81.5
    endloop
  endfacet
  facet normal 0 0 1
    outer loop
      vertex 32.1454 -77.6059 81.5
      vertex 17.2208 -41.5746 81.5
      vertex 27.0009 -79.5421 81.5
    endloop
  endfacet
  facet normal -0 0 1
    outer loop
      vertex 14.4648 -42.6119 81.5
      vertex 27.0009 -79.5421 81.5
      vertex 17.2208 -41.5746 81.5
    endloop
  endfacet
  facet normal 0 0 1
    outer loop
      vertex 27.0009 -79.5421 81.5
      vertex 14.4648 -42.6119 81.5
      vertex 21.7408 -81.1378 81.5
    endloop
  endfacet
  facet normal -0 0 1
    outer loop
      vertex 11.6469 -43.4667 81.5
      vertex 21.7408 -81.1378 81.5
      vertex 14.4648 -42.6119 81.5
    endloop
  endfacet
  facet normal 0 0 1
    outer loop
      vertex 21.7408 -81.1378 81.5
      vertex 11.6469 -43.4667 81.5
      vertex 16.3876 -82.386 81.5
    endloop
  endfacet
  facet normal -0 0 1
    outer loop
      vertex 8.77906 -44.1353 81.5
      vertex 16.3876 -82.386 81.5
      vertex 11.6469 -43.4667 81.5
    endloop
  endfacet
  facet normal 0 0 1
    outer loop
      vertex 16.3876 -82.386 81.5
      vertex 8.77906 -44.1353 81.5
      vertex 10.9642 -83.2814 81.5
    endloop
  endfacet
  facet normal -0 0 1
    outer loop
      vertex 5.87368 -44.615 81.5
      vertex 10.9642 -83.2814 81.5
      vertex 8.77906 -44.1353 81.5
    endloop
  endfacet
  facet normal 0 0 1
    outer loop
      vertex 5.87368 -44.615 81.5
      vertex 5.49386 -83.8202 81.5
      vertex 10.9642 -83.2814 81.5
    endloop
  endfacet
  facet normal -0 0 1
    outer loop
      vertex 2.94314 -44.9037 81.5
      vertex 5.49386 -83.8202 81.5
      vertex 5.87368 -44.615 81.5
    endloop
  endfacet
  facet normal -0 0 1
    outer loop
      vertex 0 -45 81.5
      vertex 5.49386 -83.8202 81.5
      vertex 2.94314 -44.9037 81.5
    endloop
  endfacet
  facet normal 0 0 1
    outer loop
      vertex 0 -45 81.5
      vertex 0 -84 81.5
      vertex 5.49386 -83.8202 81.5
    endloop
  endfacet
  facet normal 0 0 1
    outer loop
      vertex -2.94314 -44.9037 81.5
      vertex 0 -84 81.5
      vertex 0 -45 81.5
    endloop
  endfacet
  facet normal 0 0 1
    outer loop
      vertex -2.94314 -44.9037 81.5
      vertex -5.49386 -83.8202 81.5
      vertex 0 -84 81.5
    endloop
  endfacet
  facet normal 0 0 1
    outer loop
      vertex -5.87368 -44.615 81.5
      vertex -5.49386 -83.8202 81.5
      vertex -2.94314 -44.9037 81.5
    endloop
  endfacet
  facet normal 0 0 1
    outer loop
      vertex -10.9642 -83.2814 81.5
      vertex -5.87368 -44.615 81.5
      vertex -8.77906 -44.1353 81.5
    endloop
  endfacet
  facet normal 0 0 1
    outer loop
      vertex -5.87368 -44.615 81.5
      vertex -10.9642 -83.2814 81.5
      vertex -5.49386 -83.8202 81.5
    endloop
  endfacet
  facet normal 0 0 1
    outer loop
      vertex -16.3876 -82.386 81.5
      vertex -8.77906 -44.1353 81.5
      vertex -11.6469 -43.4667 81.5
    endloop
  endfacet
  facet normal 0 0 1
    outer loop
      vertex -21.7408 -81.1378 81.5
      vertex -11.6469 -43.4667 81.5
      vertex -14.4648 -42.6119 81.5
    endloop
  endfacet
  facet normal 0 0 1
    outer loop
      vertex -8.77906 -44.1353 81.5
      vertex -16.3876 -82.386 81.5
      vertex -10.9642 -83.2814 81.5
    endloop
  endfacet
  facet normal 0 0 1
    outer loop
      vertex -27.0009 -79.5421 81.5
      vertex -14.4648 -42.6119 81.5
      vertex -17.2208 -41.5746 81.5
    endloop
  endfacet
  facet normal 0 0 1
    outer loop
      vertex -32.1454 -77.6059 81.5
      vertex -17.2208 -41.5746 81.5
      vertex -19.903 -40.3593 81.5
    endloop
  endfacet
  facet normal 0 0 1
    outer loop
      vertex -11.6469 -43.4667 81.5
      vertex -21.7408 -81.1378 81.5
      vertex -16.3876 -82.386 81.5
    endloop
  endfacet
  facet normal 0 0 1
    outer loop
      vertex -37.1522 -75.3373 81.5
      vertex -19.903 -40.3593 81.5
      vertex -22.5 -38.9711 81.5
    endloop
  endfacet
  facet normal 0 0 1
    outer loop
      vertex -42 -72.7461 81.5
      vertex -22.5 -38.9711 81.5
      vertex -25.0007 -37.4161 81.5
    endloop
  endfacet
  facet normal 0 0 1
    outer loop
      vertex -14.4648 -42.6119 81.5
      vertex -27.0009 -79.5421 81.5
      vertex -21.7408 -81.1378 81.5
    endloop
  endfacet
  facet normal 0 0 1
    outer loop
      vertex -46.6679 -69.8434 81.5
      vertex -25.0007 -37.4161 81.5
      vertex -27.3943 -35.7009 81.5
    endloop
  endfacet
  facet normal 0 0 1
    outer loop
      vertex -51.136 -66.6417 81.5
      vertex -27.3943 -35.7009 81.5
      vertex -29.6706 -33.8328 81.5
    endloop
  endfacet
  facet normal 0 0 1
    outer loop
      vertex -55.385 -63.1545 81.5
      vertex -29.6706 -33.8328 81.5
      vertex -31.8198 -31.8198 81.5
    endloop
  endfacet
  facet normal 0 0 1
    outer loop
      vertex -17.2208 -41.5746 81.5
      vertex -32.1454 -77.6059 81.5
      vertex -27.0009 -79.5421 81.5
    endloop
  endfacet
  facet normal 0 0 1
    outer loop
      vertex -59.397 -59.397 81.5
      vertex -31.8198 -31.8198 81.5
      vertex -33.8328 -29.6706 81.5
    endloop
  endfacet
  facet normal 0 0 1
    outer loop
      vertex -63.1545 -55.385 81.5
      vertex -33.8328 -29.6706 81.5
      vertex -35.7009 -27.3943 81.5
    endloop
  endfacet
  facet normal 0 0 1
    outer loop
      vertex -19.903 -40.3593 81.5
      vertex -37.1522 -75.3373 81.5
      vertex -32.1454 -77.6059 81.5
    endloop
  endfacet
  facet normal 0 0 1
    outer loop
      vertex -66.6417 -51.136 81.5
      vertex -35.7009 -27.3943 81.5
      vertex -37.4161 -25.0007 81.5
    endloop
  endfacet
  facet normal 0 0 1
    outer loop
      vertex -69.8434 -46.6679 81.5
      vertex -37.4161 -25.0007 81.5
      vertex -38.9711 -22.5 81.5
    endloop
  endfacet
  facet normal 0 0 1
    outer loop
      vertex -55 -14 81.5
      vertex -38.9711 -22.5 81.5
      vertex -40.3593 -19.903 81.5
    endloop
  endfacet
  facet normal 0 0 1
    outer loop
      vertex -55 -14 81.5
      vertex -40.3593 -19.903 81.5
      vertex -41.5746 -17.2208 81.5
    endloop
  endfacet
  facet normal 0 0 1
    outer loop
      vertex -22.5 -38.9711 81.5
      vertex -42 -72.7461 81.5
      vertex -37.1522 -75.3373 81.5
    endloop
  endfacet
  facet normal 0 0 1
    outer loop
      vertex -55 -14 81.5
      vertex -41.5746 -17.2208 81.5
      vertex -42.6119 -14.4648 81.5
    endloop
  endfacet
  facet normal -0 0 1
    outer loop
      vertex -55 -14 81.5
      vertex -42.6119 -14.4648 81.5
      vertex -42.7528 -14 81.5
    endloop
  endfacet
  facet normal 0 0 1
    outer loop
      vertex -25.0007 -37.4161 81.5
      vertex -46.6679 -69.8434 81.5
      vertex -42 -72.7461 81.5
    endloop
  endfacet
  facet normal 0 0 1
    outer loop
      vertex -27.3943 -35.7009 81.5
      vertex -51.136 -66.6417 81.5
      vertex -46.6679 -69.8434 81.5
    endloop
  endfacet
  facet normal 0 0 1
    outer loop
      vertex -72.7461 -42 81.5
      vertex -38.9711 -22.5 81.5
      vertex -55 -14 81.5
    endloop
  endfacet
  facet normal 0 0 1
    outer loop
      vertex -29.6706 -33.8328 81.5
      vertex -55.385 -63.1545 81.5
      vertex -51.136 -66.6417 81.5
    endloop
  endfacet
  facet normal 0 0 1
    outer loop
      vertex -35.7009 27.3943 81.5
      vertex -66.6417 51.136 81.5
      vertex -37.4161 25.0007 81.5
    endloop
  endfacet
  facet normal -0 0 1
    outer loop
      vertex -69.8434 46.6679 81.5
      vertex -37.4161 25.0007 81.5
      vertex -66.6417 51.136 81.5
    endloop
  endfacet
  facet normal 0 0 1
    outer loop
      vertex -31.8198 -31.8198 81.5
      vertex -59.397 -59.397 81.5
      vertex -55.385 -63.1545 81.5
    endloop
  endfacet
  facet normal -0 0 1
    outer loop
      vertex -72.7461 42 81.5
      vertex -37.4161 25.0007 81.5
      vertex -69.8434 46.6679 81.5
    endloop
  endfacet
  facet normal 0 0 1
    outer loop
      vertex -33.8328 -29.6706 81.5
      vertex -63.1545 -55.385 81.5
      vertex -59.397 -59.397 81.5
    endloop
  endfacet
  facet normal 0 0 1
    outer loop
      vertex -37.4161 25.0007 81.5
      vertex -72.7461 42 81.5
      vertex -55 14 81.5
    endloop
  endfacet
  facet normal 0 0 1
    outer loop
      vertex -35.7009 -27.3943 81.5
      vertex -66.6417 -51.136 81.5
      vertex -63.1545 -55.385 81.5
    endloop
  endfacet
  facet normal -0 0 1
    outer loop
      vertex -75.3373 37.1522 81.5
      vertex -55 14 81.5
      vertex -72.7461 42 81.5
    endloop
  endfacet
  facet normal 0 0 1
    outer loop
      vertex -37.4161 -25.0007 81.5
      vertex -69.8434 -46.6679 81.5
      vertex -66.6417 -51.136 81.5
    endloop
  endfacet
  facet normal -0 0 1
    outer loop
      vertex -77.6059 32.1454 81.5
      vertex -55 14 81.5
      vertex -75.3373 37.1522 81.5
    endloop
  endfacet
  facet normal 0 0 1
    outer loop
      vertex -38.9711 -22.5 81.5
      vertex -72.7461 -42 81.5
      vertex -69.8434 -46.6679 81.5
    endloop
  endfacet
  facet normal -0 0 1
    outer loop
      vertex -79.5421 27.0009 81.5
      vertex -55 14 81.5
      vertex -77.6059 32.1454 81.5
    endloop
  endfacet
  facet normal 0 0 1
    outer loop
      vertex -55 -14 81.5
      vertex -75.3373 -37.1522 81.5
      vertex -72.7461 -42 81.5
    endloop
  endfacet
  facet normal -0 0 1
    outer loop
      vertex -81.1378 21.7408 81.5
      vertex -55 14 81.5
      vertex -79.5421 27.0009 81.5
    endloop
  endfacet
  facet normal 0 0 1
    outer loop
      vertex -55 -14 81.5
      vertex -77.6059 -32.1454 81.5
      vertex -75.3373 -37.1522 81.5
    endloop
  endfacet
  facet normal -0 0 1
    outer loop
      vertex -82.386 16.3876 81.5
      vertex -55 14 81.5
      vertex -81.1378 21.7408 81.5
    endloop
  endfacet
  facet normal 0 0 1
    outer loop
      vertex -55 -14 81.5
      vertex -79.5421 -27.0009 81.5
      vertex -77.6059 -32.1454 81.5
    endloop
  endfacet
  facet normal 0 0 1
    outer loop
      vertex -83.2814 10.9642 81.5
      vertex -55 14 81.5
      vertex -82.386 16.3876 81.5
    endloop
  endfacet
  facet normal 0 0 1
    outer loop
      vertex -55 -14 81.5
      vertex -81.1378 -21.7408 81.5
      vertex -79.5421 -27.0009 81.5
    endloop
  endfacet
  facet normal 0 0 1
    outer loop
      vertex -83.8202 5.49386 81.5
      vertex -55 14 81.5
      vertex -83.2814 10.9642 81.5
    endloop
  endfacet
  facet normal 0 0 1
    outer loop
      vertex -55 -14 81.5
      vertex -82.386 -16.3876 81.5
      vertex -81.1378 -21.7408 81.5
    endloop
  endfacet
  facet normal 0 0 1
    outer loop
      vertex -84 0 81.5
      vertex -55 14 81.5
      vertex -83.8202 5.49386 81.5
    endloop
  endfacet
  facet normal 0 0 1
    outer loop
      vertex -55 -14 81.5
      vertex -83.2814 -10.9642 81.5
      vertex -82.386 -16.3876 81.5
    endloop
  endfacet
  facet normal 0 0 1
    outer loop
      vertex -55 14 81.5
      vertex -84 0 81.5
      vertex -55 -14 81.5
    endloop
  endfacet
  facet normal 0 0 1
    outer loop
      vertex -55 -14 81.5
      vertex -83.8202 -5.49386 81.5
      vertex -83.2814 -10.9642 81.5
    endloop
  endfacet
  facet normal 0 0 1
    outer loop
      vertex -55 -14 81.5
      vertex -84 0 81.5
      vertex -83.8202 -5.49386 81.5
    endloop
  endfacet
  facet normal 0 0 1
    outer loop
      vertex 19.903 40.3593 81.5
      vertex 17.5 56 81.5
      vertex 17.5 41.4481 81.5
    endloop
  endfacet
  facet normal -0 0 1
    outer loop
      vertex 78.8308 3.5 81.5
      vertex 84 0 81.5
      vertex 83.8202 5.49386 81.5
    endloop
  endfacet
  facet normal 0 0 1
    outer loop
      vertex 78.8308 3.5 81.5
      vertex 83.8202 5.49386 81.5
      vertex 83.2814 10.9642 81.5
    endloop
  endfacet
  facet normal 0 0 1
    outer loop
      vertex 78.8308 -3.5 81.5
      vertex 84 0 81.5
      vertex 78.8308 3.5 81.5
    endloop
  endfacet
  facet normal 0 0 1
    outer loop
      vertex 71.1072 3.5 81.5
      vertex 83.2814 10.9642 81.5
      vertex 82.386 16.3876 81.5
    endloop
  endfacet
  facet normal 0 0 1
    outer loop
      vertex 84 0 81.5
      vertex 78.8308 -3.5 81.5
      vertex 83.8202 -5.49386 81.5
    endloop
  endfacet
  facet normal 0 0 1
    outer loop
      vertex 71.1072 3.5 81.5
      vertex 82.386 16.3876 81.5
      vertex 81.1378 21.7408 81.5
    endloop
  endfacet
  facet normal 0 0 1
    outer loop
      vertex 83.8202 -5.49386 81.5
      vertex 78.8308 -3.5 81.5
      vertex 83.2814 -10.9642 81.5
    endloop
  endfacet
  facet normal 0 0 1
    outer loop
      vertex 55 14 81.5
      vertex 81.1378 21.7408 81.5
      vertex 79.5421 27.0009 81.5
    endloop
  endfacet
  facet normal -0 0 1
    outer loop
      vertex 71.1072 -3.5 81.5
      vertex 83.2814 -10.9642 81.5
      vertex 78.8308 -3.5 81.5
    endloop
  endfacet
  facet normal 0 0 1
    outer loop
      vertex 83.2814 -10.9642 81.5
      vertex 71.1072 -3.5 81.5
      vertex 82.386 -16.3876 81.5
    endloop
  endfacet
  facet normal 0 0 1
    outer loop
      vertex 55 14 81.5
      vertex 79.5421 27.0009 81.5
      vertex 77.6059 32.1454 81.5
    endloop
  endfacet
  facet normal 0 0 1
    outer loop
      vertex 55 14 81.5
      vertex 77.6059 32.1454 81.5
      vertex 75.3373 37.1522 81.5
    endloop
  endfacet
  facet normal 0 0 1
    outer loop
      vertex 55 14 81.5
      vertex 75.3373 37.1522 81.5
      vertex 72.7461 42 81.5
    endloop
  endfacet
  facet normal 0 0 1
    outer loop
      vertex 83.2814 10.9642 81.5
      vertex 71.1072 3.5 81.5
      vertex 78.8308 3.5 81.5
    endloop
  endfacet
  facet normal 0 0 1
    outer loop
      vertex 81.1378 21.7408 81.5
      vertex 55 14 81.5
      vertex 71.1072 3.5 81.5
    endloop
  endfacet
  facet normal 0 0 1
    outer loop
      vertex 55 14 81.5
      vertex 72.7461 42 81.5
      vertex 69.8434 46.6679 81.5
    endloop
  endfacet
  facet normal 0 0 1
    outer loop
      vertex 82.386 -16.3876 81.5
      vertex 71.1072 -3.5 81.5
      vertex 81.1378 -21.7408 81.5
    endloop
  endfacet
  facet normal -0 0 1
    outer loop
      vertex 55 -14 81.5
      vertex 81.1378 -21.7408 81.5
      vertex 71.1072 -3.5 81.5
    endloop
  endfacet
  facet normal 0 0 1
    outer loop
      vertex 81.1378 -21.7408 81.5
      vertex 55 -14 81.5
      vertex 79.5421 -27.0009 81.5
    endloop
  endfacet
  facet normal 0 0 1
    outer loop
      vertex 79.5421 -27.0009 81.5
      vertex 55 -14 81.5
      vertex 77.6059 -32.1454 81.5
    endloop
  endfacet
  facet normal 0 0 1
    outer loop
      vertex 77.6059 -32.1454 81.5
      vertex 55 -14 81.5
      vertex 75.3373 -37.1522 81.5
    endloop
  endfacet
  facet normal 0 0 1
    outer loop
      vertex 75.3373 -37.1522 81.5
      vertex 55 -14 81.5
      vertex 72.7461 -42 81.5
    endloop
  endfacet
  facet normal 0 0 1
    outer loop
      vertex 71.1072 3.5 81.5
      vertex 55 14 81.5
      vertex 71.1072 -3.5 81.5
    endloop
  endfacet
  facet normal 0 0 1
    outer loop
      vertex 37.4161 25.0007 81.5
      vertex 69.8434 46.6679 81.5
      vertex 66.6417 51.136 81.5
    endloop
  endfacet
  facet normal 0 0 1
    outer loop
      vertex 55 -14 81.5
      vertex 71.1072 -3.5 81.5
      vertex 55 14 81.5
    endloop
  endfacet
  facet normal 0 0 1
    outer loop
      vertex 35.7009 27.3943 81.5
      vertex 66.6417 51.136 81.5
      vertex 63.1545 55.385 81.5
    endloop
  endfacet
  facet normal -0 0 1
    outer loop
      vertex 37.4161 -25.0007 81.5
      vertex 72.7461 -42 81.5
      vertex 55 -14 81.5
    endloop
  endfacet
  facet normal 0 0 1
    outer loop
      vertex 33.8328 29.6706 81.5
      vertex 63.1545 55.385 81.5
      vertex 59.397 59.397 81.5
    endloop
  endfacet
  facet normal 0 0 1
    outer loop
      vertex 72.7461 -42 81.5
      vertex 37.4161 -25.0007 81.5
      vertex 69.8434 -46.6679 81.5
    endloop
  endfacet
  facet normal 0 0 1
    outer loop
      vertex 31.8198 31.8198 81.5
      vertex 59.397 59.397 81.5
      vertex 55.385 63.1545 81.5
    endloop
  endfacet
  facet normal 0 0 1
    outer loop
      vertex 69.8434 -46.6679 81.5
      vertex 37.4161 -25.0007 81.5
      vertex 66.6417 -51.136 81.5
    endloop
  endfacet
  facet normal -0 0 1
    outer loop
      vertex 35.7009 -27.3943 81.5
      vertex 66.6417 -51.136 81.5
      vertex 37.4161 -25.0007 81.5
    endloop
  endfacet
  facet normal 0 0 1
    outer loop
      vertex 29.6706 33.8328 81.5
      vertex 55.385 63.1545 81.5
      vertex 51.136 66.6417 81.5
    endloop
  endfacet
  facet normal 0 0 1
    outer loop
      vertex 27.3943 35.7009 81.5
      vertex 51.136 66.6417 81.5
      vertex 46.6679 69.8434 81.5
    endloop
  endfacet
  facet normal 0 0 1
    outer loop
      vertex 69.8434 46.6679 81.5
      vertex 37.4161 25.0007 81.5
      vertex 38.9711 22.5 81.5
    endloop
  endfacet
  facet normal 0 0 1
    outer loop
      vertex 55 14 81.5
      vertex 42.6119 14.4648 81.5
      vertex 42.7528 14 81.5
    endloop
  endfacet
  facet normal 0 0 1
    outer loop
      vertex 17.5 56 81.5
      vertex 46.6679 69.8434 81.5
      vertex 42 72.7461 81.5
    endloop
  endfacet
  facet normal 0 0 1
    outer loop
      vertex 55 14 81.5
      vertex 41.5746 17.2208 81.5
      vertex 42.6119 14.4648 81.5
    endloop
  endfacet
  facet normal 0 0 1
    outer loop
      vertex 55 14 81.5
      vertex 40.3593 19.903 81.5
      vertex 41.5746 17.2208 81.5
    endloop
  endfacet
  facet normal 0 0 1
    outer loop
      vertex 55 14 81.5
      vertex 38.9711 22.5 81.5
      vertex 40.3593 19.903 81.5
    endloop
  endfacet
  facet normal 0 0 1
    outer loop
      vertex 69.8434 46.6679 81.5
      vertex 38.9711 22.5 81.5
      vertex 55 14 81.5
    endloop
  endfacet
  facet normal 0 0 1
    outer loop
      vertex 17.5 56 81.5
      vertex 42 72.7461 81.5
      vertex 37.1522 75.3373 81.5
    endloop
  endfacet
  facet normal 0 0 1
    outer loop
      vertex 66.6417 51.136 81.5
      vertex 35.7009 27.3943 81.5
      vertex 37.4161 25.0007 81.5
    endloop
  endfacet
  facet normal 0 0 1
    outer loop
      vertex 63.1545 55.385 81.5
      vertex 33.8328 29.6706 81.5
      vertex 35.7009 27.3943 81.5
    endloop
  endfacet
  facet normal 0 0 1
    outer loop
      vertex 17.5 56 81.5
      vertex 37.1522 75.3373 81.5
      vertex 32.1454 77.6059 81.5
    endloop
  endfacet
  facet normal 0 0 1
    outer loop
      vertex 59.397 59.397 81.5
      vertex 31.8198 31.8198 81.5
      vertex 33.8328 29.6706 81.5
    endloop
  endfacet
  facet normal 0 0 1
    outer loop
      vertex 55.385 63.1545 81.5
      vertex 29.6706 33.8328 81.5
      vertex 31.8198 31.8198 81.5
    endloop
  endfacet
  facet normal 0 0 1
    outer loop
      vertex 51.136 66.6417 81.5
      vertex 27.3943 35.7009 81.5
      vertex 29.6706 33.8328 81.5
    endloop
  endfacet
  facet normal 0 0 1
    outer loop
      vertex 17.5 56 81.5
      vertex 32.1454 77.6059 81.5
      vertex 27.0009 79.5421 81.5
    endloop
  endfacet
  facet normal 0 0 1
    outer loop
      vertex 46.6679 69.8434 81.5
      vertex 17.5 56 81.5
      vertex 25.0007 37.4161 81.5
    endloop
  endfacet
  facet normal 0 0 1
    outer loop
      vertex 46.6679 69.8434 81.5
      vertex 25.0007 37.4161 81.5
      vertex 27.3943 35.7009 81.5
    endloop
  endfacet
  facet normal 0 0 1
    outer loop
      vertex 17.5 56 81.5
      vertex 27.0009 79.5421 81.5
      vertex 21.7408 81.1378 81.5
    endloop
  endfacet
  facet normal 0 0 1
    outer loop
      vertex 25.0007 37.4161 81.5
      vertex 17.5 56 81.5
      vertex 22.5 38.9711 81.5
    endloop
  endfacet
  facet normal 0 0 1
    outer loop
      vertex 22.5 38.9711 81.5
      vertex 17.5 56 81.5
      vertex 19.903 40.3593 81.5
    endloop
  endfacet
  facet normal 0 0 1
    outer loop
      vertex 16.3876 82.386 81.5
      vertex 17.5 56 81.5
      vertex 21.7408 81.1378 81.5
    endloop
  endfacet
  facet normal 0 0 1
    outer loop
      vertex 10.9642 83.2814 81.5
      vertex 17.5 56 81.5
      vertex 16.3876 82.386 81.5
    endloop
  endfacet
  facet normal 0 0 1
    outer loop
      vertex 5.49386 83.8202 81.5
      vertex 17.5 56 81.5
      vertex 10.9642 83.2814 81.5
    endloop
  endfacet
  facet normal 0 0 1
    outer loop
      vertex 0 84 81.5
      vertex 17.5 56 81.5
      vertex 5.49386 83.8202 81.5
    endloop
  endfacet
  facet normal 0 0 1
    outer loop
      vertex -17.5 56 81.5
      vertex 0 84 81.5
      vertex -5.49386 83.8202 81.5
    endloop
  endfacet
  facet normal 0 0 1
    outer loop
      vertex -17.5 56 81.5
      vertex -5.49386 83.8202 81.5
      vertex -10.9642 83.2814 81.5
    endloop
  endfacet
  facet normal 0 0 1
    outer loop
      vertex -17.5 56 81.5
      vertex -10.9642 83.2814 81.5
      vertex -16.3876 82.386 81.5
    endloop
  endfacet
  facet normal 0 0 1
    outer loop
      vertex 0 84 81.5
      vertex -17.5 56 81.5
      vertex 17.5 56 81.5
    endloop
  endfacet
  facet normal 0 0 1
    outer loop
      vertex -17.5 56 81.5
      vertex -19.903 40.3593 81.5
      vertex -17.5 41.4481 81.5
    endloop
  endfacet
  facet normal -0 0 1
    outer loop
      vertex -21.7408 81.1378 81.5
      vertex -17.5 56 81.5
      vertex -16.3876 82.386 81.5
    endloop
  endfacet
  facet normal -0 0 1
    outer loop
      vertex -27.0009 79.5421 81.5
      vertex -17.5 56 81.5
      vertex -21.7408 81.1378 81.5
    endloop
  endfacet
  facet normal -0 0 1
    outer loop
      vertex -32.1454 77.6059 81.5
      vertex -17.5 56 81.5
      vertex -27.0009 79.5421 81.5
    endloop
  endfacet
  facet normal -0 0 1
    outer loop
      vertex -37.1522 75.3373 81.5
      vertex -17.5 56 81.5
      vertex -32.1454 77.6059 81.5
    endloop
  endfacet
  facet normal -0 0 1
    outer loop
      vertex -42 72.7461 81.5
      vertex -17.5 56 81.5
      vertex -37.1522 75.3373 81.5
    endloop
  endfacet
  facet normal 0 0 1
    outer loop
      vertex -17.5 56 81.5
      vertex -22.5 38.9711 81.5
      vertex -19.903 40.3593 81.5
    endloop
  endfacet
  facet normal -0 0 1
    outer loop
      vertex -46.6679 69.8434 81.5
      vertex -17.5 56 81.5
      vertex -42 72.7461 81.5
    endloop
  endfacet
  facet normal 0 0 1
    outer loop
      vertex -17.5 56 81.5
      vertex -25.0007 37.4161 81.5
      vertex -22.5 38.9711 81.5
    endloop
  endfacet
  facet normal 0 0 1
    outer loop
      vertex -17.5 56 81.5
      vertex -46.6679 69.8434 81.5
      vertex -25.0007 37.4161 81.5
    endloop
  endfacet
  facet normal 0 0 1
    outer loop
      vertex -25.0007 37.4161 81.5
      vertex -46.6679 69.8434 81.5
      vertex -27.3943 35.7009 81.5
    endloop
  endfacet
  facet normal -0 0 1
    outer loop
      vertex -51.136 66.6417 81.5
      vertex -27.3943 35.7009 81.5
      vertex -46.6679 69.8434 81.5
    endloop
  endfacet
  facet normal 0 0 1
    outer loop
      vertex -27.3943 35.7009 81.5
      vertex -51.136 66.6417 81.5
      vertex -29.6706 33.8328 81.5
    endloop
  endfacet
  facet normal -0 0 1
    outer loop
      vertex -55.385 63.1545 81.5
      vertex -29.6706 33.8328 81.5
      vertex -51.136 66.6417 81.5
    endloop
  endfacet
  facet normal 0 0 1
    outer loop
      vertex -29.6706 33.8328 81.5
      vertex -55.385 63.1545 81.5
      vertex -31.8198 31.8198 81.5
    endloop
  endfacet
  facet normal -0 0 1
    outer loop
      vertex -59.397 59.397 81.5
      vertex -31.8198 31.8198 81.5
      vertex -55.385 63.1545 81.5
    endloop
  endfacet
  facet normal 0 0 1
    outer loop
      vertex -31.8198 31.8198 81.5
      vertex -59.397 59.397 81.5
      vertex -33.8328 29.6706 81.5
    endloop
  endfacet
  facet normal -0 0 1
    outer loop
      vertex -63.1545 55.385 81.5
      vertex -33.8328 29.6706 81.5
      vertex -59.397 59.397 81.5
    endloop
  endfacet
  facet normal 0 0 1
    outer loop
      vertex -33.8328 29.6706 81.5
      vertex -63.1545 55.385 81.5
      vertex -35.7009 27.3943 81.5
    endloop
  endfacet
  facet normal 0 0 1
    outer loop
      vertex -37.4161 25.0007 81.5
      vertex -55 14 81.5
      vertex -38.9711 22.5 81.5
    endloop
  endfacet
  facet normal 0 0 1
    outer loop
      vertex -38.9711 22.5 81.5
      vertex -55 14 81.5
      vertex -40.3593 19.903 81.5
    endloop
  endfacet
  facet normal 0 0 1
    outer loop
      vertex -40.3593 19.903 81.5
      vertex -55 14 81.5
      vertex -41.5746 17.2208 81.5
    endloop
  endfacet
  facet normal 0 0 1
    outer loop
      vertex -41.5746 17.2208 81.5
      vertex -55 14 81.5
      vertex -42.6119 14.4648 81.5
    endloop
  endfacet
  facet normal -0 0 1
    outer loop
      vertex -66.6417 51.136 81.5
      vertex -35.7009 27.3943 81.5
      vertex -63.1545 55.385 81.5
    endloop
  endfacet
  facet normal 0 0 1
    outer loop
      vertex -42.6119 14.4648 81.5
      vertex -55 14 81.5
      vertex -42.7528 14 81.5
    endloop
  endfacet
  facet normal -0.412714 -0.910861 0
    outer loop
      vertex -37.1522 -75.3373 78.5
      vertex -32.1454 -77.6059 81.5
      vertex -37.1522 -75.3373 81.5
    endloop
  endfacet
  facet normal -0.412714 -0.910861 -0
    outer loop
      vertex -32.1454 -77.6059 81.5
      vertex -37.1522 -75.3373 78.5
      vertex -32.1454 -77.6059 78.5
    endloop
  endfacet
  facet normal -0.471396 0.881921 0
    outer loop
      vertex -37.1522 75.3373 78.5
      vertex -42 72.7461 81.5
      vertex -37.1522 75.3373 81.5
    endloop
  endfacet
  facet normal -0.471396 0.881921 0
    outer loop
      vertex -42 72.7461 81.5
      vertex -37.1522 75.3373 78.5
      vertex -42 72.7461 78.5
    endloop
  endfacet
  facet normal 0.162902 0.986642 -0
    outer loop
      vertex -5.87368 -44.615 78.5
      vertex -8.77906 -44.1353 81.5
      vertex -5.87368 -44.615 81.5
    endloop
  endfacet
  facet normal 0.162902 0.986642 0
    outer loop
      vertex -8.77906 -44.1353 81.5
      vertex -5.87368 -44.615 78.5
      vertex -8.77906 -44.1353 78.5
    endloop
  endfacet
  facet normal -0.910862 -0.41271 0
    outer loop
      vertex 41.5746 17.2208 78.5
      vertex 40.3593 19.903 81.5
      vertex 40.3593 19.903 78.5
    endloop
  endfacet
  facet normal -0.910862 -0.41271 0
    outer loop
      vertex 40.3593 19.903 81.5
      vertex 41.5746 17.2208 78.5
      vertex 41.5746 17.2208 81.5
    endloop
  endfacet
  facet normal -0.0980397 0.995183 0
    outer loop
      vertex 5.87368 -44.615 78.5
      vertex 2.94314 -44.9037 81.5
      vertex 5.87368 -44.615 81.5
    endloop
  endfacet
  facet normal -0.0980397 0.995183 0
    outer loop
      vertex 2.94314 -44.9037 81.5
      vertex 5.87368 -44.615 78.5
      vertex 2.94314 -44.9037 78.5
    endloop
  endfacet
  facet normal -0.528059 0.849208 0
    outer loop
      vertex 25.0007 -37.4161 78.5
      vertex 22.5 -38.9711 81.5
      vertex 25.0007 -37.4161 81.5
    endloop
  endfacet
  facet normal -0.528059 0.849208 0
    outer loop
      vertex 22.5 -38.9711 81.5
      vertex 25.0007 -37.4161 78.5
      vertex 22.5 -38.9711 78.5
    endloop
  endfacet
  facet normal -0.935904 -0.352255 0
    outer loop
      vertex 42.6119 14.4648 78.5
      vertex 41.5746 17.2208 81.5
      vertex 41.5746 17.2208 78.5
    endloop
  endfacet
  facet normal -0.935904 -0.352255 0
    outer loop
      vertex 41.5746 17.2208 81.5
      vertex 42.6119 14.4648 78.5
      vertex 42.6119 14.4648 81.5
    endloop
  endfacet
  facet normal -0.528059 -0.849208 0
    outer loop
      vertex 22.5 38.9711 78.5
      vertex 25.0007 37.4161 81.5
      vertex 22.5 38.9711 81.5
    endloop
  endfacet
  facet normal -0.528059 -0.849208 -0
    outer loop
      vertex 25.0007 37.4161 81.5
      vertex 22.5 38.9711 78.5
      vertex 25.0007 37.4161 78.5
    endloop
  endfacet
  facet normal -0.0327027 0.999465 0
    outer loop
      vertex 2.94314 -44.9037 78.5
      vertex 0 -45 81.5
      vertex 2.94314 -44.9037 81.5
    endloop
  endfacet
  facet normal -0.0327027 0.999465 0
    outer loop
      vertex 0 -45 81.5
      vertex 2.94314 -44.9037 78.5
      vertex 0 -45 78.5
    endloop
  endfacet
  facet normal -0.773012 0.634391 0
    outer loop
      vertex 33.8328 -29.6706 78.5
      vertex 35.7009 -27.3943 81.5
      vertex 35.7009 -27.3943 78.5
    endloop
  endfacet
  facet normal -0.773012 0.634391 0
    outer loop
      vertex 35.7009 -27.3943 81.5
      vertex 33.8328 -29.6706 78.5
      vertex 33.8328 -29.6706 81.5
    endloop
  endfacet
  facet normal 0.683602 -0.729855 0
    outer loop
      vertex -31.8198 31.8198 78.5
      vertex -29.6706 33.8328 81.5
      vertex -31.8198 31.8198 81.5
    endloop
  endfacet
  facet normal 0.683602 -0.729855 0
    outer loop
      vertex -29.6706 33.8328 81.5
      vertex -31.8198 31.8198 78.5
      vertex -29.6706 33.8328 78.5
    endloop
  endfacet
  facet normal -0.773012 -0.634391 0
    outer loop
      vertex 35.7009 27.3943 78.5
      vertex 33.8328 29.6706 81.5
      vertex 33.8328 29.6706 78.5
    endloop
  endfacet
  facet normal -0.773012 -0.634391 0
    outer loop
      vertex 33.8328 29.6706 81.5
      vertex 35.7009 27.3943 78.5
      vertex 35.7009 27.3943 81.5
    endloop
  endfacet
  facet normal 0.812851 0.582471 0
    outer loop
      vertex -35.7009 -27.3943 81.5
      vertex -37.4161 -25.0007 78.5
      vertex -37.4161 -25.0007 81.5
    endloop
  endfacet
  facet normal 0.812851 0.582471 0
    outer loop
      vertex -37.4161 -25.0007 78.5
      vertex -35.7009 -27.3943 81.5
      vertex -35.7009 -27.3943 78.5
    endloop
  endfacet
  facet normal 0.812851 -0.582471 0
    outer loop
      vertex -37.4161 25.0007 81.5
      vertex -35.7009 27.3943 78.5
      vertex -35.7009 27.3943 81.5
    endloop
  endfacet
  facet normal 0.812851 -0.582471 0
    outer loop
      vertex -35.7009 27.3943 78.5
      vertex -37.4161 25.0007 81.5
      vertex -37.4161 25.0007 78.5
    endloop
  endfacet
  facet normal 0.910862 -0.41271 0
    outer loop
      vertex -41.5746 17.2208 81.5
      vertex -40.3593 19.903 78.5
      vertex -40.3593 19.903 81.5
    endloop
  endfacet
  facet normal 0.910862 -0.41271 0
    outer loop
      vertex -40.3593 19.903 78.5
      vertex -41.5746 17.2208 81.5
      vertex -41.5746 17.2208 78.5
    endloop
  endfacet
  facet normal 0.634391 -0.773012 0
    outer loop
      vertex -29.6706 33.8328 78.5
      vertex -27.3943 35.7009 81.5
      vertex -29.6706 33.8328 81.5
    endloop
  endfacet
  facet normal 0.634391 -0.773012 0
    outer loop
      vertex -27.3943 35.7009 81.5
      vertex -29.6706 33.8328 78.5
      vertex -27.3943 35.7009 78.5
    endloop
  endfacet
  facet normal 0.935904 0.352255 0
    outer loop
      vertex -41.5746 -17.2208 81.5
      vertex -42.6119 -14.4648 78.5
      vertex -42.6119 -14.4648 81.5
    endloop
  endfacet
  facet normal 0.935904 0.352255 0
    outer loop
      vertex -42.6119 -14.4648 78.5
      vertex -41.5746 -17.2208 81.5
      vertex -41.5746 -17.2208 78.5
    endloop
  endfacet
  facet normal 0.412712 -0.910862 0
    outer loop
      vertex -19.903 40.3593 81.5
      vertex -17.5 41.4481 80
      vertex -17.5 41.4481 81.5
    endloop
  endfacet
  facet normal 0.412712 -0.910862 0
    outer loop
      vertex -19.903 40.3593 78.5
      vertex -17.5 41.4481 80
      vertex -19.903 40.3593 81.5
    endloop
  endfacet
  facet normal 0.41271 -0.910862 3.0473e-06
    outer loop
      vertex -17.2208 41.5746 78.5
      vertex -17.5 41.4481 80
      vertex -19.903 40.3593 78.5
    endloop
  endfacet
  facet normal 0.412697 -0.910869 0
    outer loop
      vertex -17.5 41.4481 80
      vertex -17.2208 41.5746 78.5
      vertex -17.2208 41.5746 80
    endloop
  endfacet
  facet normal -0.849208 -0.528059 0
    outer loop
      vertex 38.9711 22.5 78.5
      vertex 37.4161 25.0007 81.5
      vertex 37.4161 25.0007 78.5
    endloop
  endfacet
  facet normal -0.849208 -0.528059 0
    outer loop
      vertex 37.4161 25.0007 81.5
      vertex 38.9711 22.5 78.5
      vertex 38.9711 22.5 81.5
    endloop
  endfacet
  facet normal 0.849208 -0.528059 0
    outer loop
      vertex -38.9711 22.5 81.5
      vertex -37.4161 25.0007 78.5
      vertex -37.4161 25.0007 81.5
    endloop
  endfacet
  facet normal 0.849208 -0.528059 0
    outer loop
      vertex -37.4161 25.0007 78.5
      vertex -38.9711 22.5 81.5
      vertex -38.9711 22.5 78.5
    endloop
  endfacet
  facet normal -0.227048 0.973883 0
    outer loop
      vertex 11.6469 -43.4667 78.5
      vertex 8.77906 -44.1353 81.5
      vertex 11.6469 -43.4667 81.5
    endloop
  endfacet
  facet normal -0.227048 0.973883 0
    outer loop
      vertex 8.77906 -44.1353 81.5
      vertex 11.6469 -43.4667 78.5
      vertex 8.77906 -44.1353 78.5
    endloop
  endfacet
  facet normal 0.935904 -0.352255 0
    outer loop
      vertex -42.6119 14.4648 81.5
      vertex -41.5746 17.2208 78.5
      vertex -41.5746 17.2208 81.5
    endloop
  endfacet
  facet normal 0.935904 -0.352255 0
    outer loop
      vertex -41.5746 17.2208 78.5
      vertex -42.6119 14.4648 81.5
      vertex -42.6119 14.4648 78.5
    endloop
  endfacet
  facet normal -0.812851 -0.582471 0
    outer loop
      vertex 37.4161 25.0007 78.5
      vertex 35.7009 27.3943 81.5
      vertex 35.7009 27.3943 78.5
    endloop
  endfacet
  facet normal -0.812851 -0.582471 0
    outer loop
      vertex 35.7009 27.3943 81.5
      vertex 37.4161 25.0007 78.5
      vertex 37.4161 25.0007 81.5
    endloop
  endfacet
  facet normal -0.634391 0.773012 0
    outer loop
      vertex 29.6706 -33.8328 78.5
      vertex 27.3943 -35.7009 81.5
      vertex 29.6706 -33.8328 81.5
    endloop
  endfacet
  facet normal -0.634391 0.773012 0
    outer loop
      vertex 27.3943 -35.7009 81.5
      vertex 29.6706 -33.8328 78.5
      vertex 27.3943 -35.7009 78.5
    endloop
  endfacet
  facet normal -0.352255 0.935904 0
    outer loop
      vertex 17.2208 -41.5746 78.5
      vertex 14.4648 -42.6119 81.5
      vertex 17.2208 -41.5746 81.5
    endloop
  endfacet
  facet normal -0.352255 0.935904 0
    outer loop
      vertex 14.4648 -42.6119 81.5
      vertex 17.2208 -41.5746 78.5
      vertex 14.4648 -42.6119 78.5
    endloop
  endfacet
  facet normal 0.582471 -0.812851 0
    outer loop
      vertex -27.3943 35.7009 78.5
      vertex -25.0007 37.4161 81.5
      vertex -27.3943 35.7009 81.5
    endloop
  endfacet
  facet normal 0.582471 -0.812851 0
    outer loop
      vertex -25.0007 37.4161 81.5
      vertex -27.3943 35.7009 78.5
      vertex -25.0007 37.4161 78.5
    endloop
  endfacet
  facet normal 0.41271 0.910862 -0
    outer loop
      vertex -17.2208 -41.5746 78.5
      vertex -19.903 -40.3593 81.5
      vertex -17.2208 -41.5746 81.5
    endloop
  endfacet
  facet normal 0.41271 0.910862 0
    outer loop
      vertex -19.903 -40.3593 81.5
      vertex -17.2208 -41.5746 78.5
      vertex -19.903 -40.3593 78.5
    endloop
  endfacet
  facet normal -0.582471 -0.812851 0
    outer loop
      vertex 25.0007 37.4161 78.5
      vertex 27.3943 35.7009 81.5
      vertex 25.0007 37.4161 81.5
    endloop
  endfacet
  facet normal -0.582471 -0.812851 -0
    outer loop
      vertex 27.3943 35.7009 81.5
      vertex 25.0007 37.4161 78.5
      vertex 27.3943 35.7009 78.5
    endloop
  endfacet
  facet normal -0.812851 0.582471 0
    outer loop
      vertex 35.7009 -27.3943 78.5
      vertex 37.4161 -25.0007 81.5
      vertex 37.4161 -25.0007 78.5
    endloop
  endfacet
  facet normal -0.812851 0.582471 0
    outer loop
      vertex 37.4161 -25.0007 81.5
      vertex 35.7009 -27.3943 78.5
      vertex 35.7009 -27.3943 81.5
    endloop
  endfacet
  facet normal -0.881911 -0.471416 0
    outer loop
      vertex 40.3593 19.903 78.5
      vertex 38.9711 22.5 81.5
      vertex 38.9711 22.5 78.5
    endloop
  endfacet
  facet normal -0.881911 -0.471416 0
    outer loop
      vertex 38.9711 22.5 81.5
      vertex 40.3593 19.903 78.5
      vertex 40.3593 19.903 81.5
    endloop
  endfacet
  facet normal 0.956995 0.290105 0
    outer loop
      vertex -42.6119 -14.4648 81.5
      vertex -42.7528 -14 78.5
      vertex -42.7528 -14 81.5
    endloop
  endfacet
  facet normal 0.956995 0.290105 0
    outer loop
      vertex -42.7528 -14 78.5
      vertex -42.6119 -14.4648 81.5
      vertex -42.6119 -14.4648 78.5
    endloop
  endfacet
  facet normal 0.0980397 -0.995183 0
    outer loop
      vertex -5.87368 44.615 78.5
      vertex -2.94314 44.9037 80
      vertex -5.87368 44.615 80
    endloop
  endfacet
  facet normal 0.0980397 -0.995183 0
    outer loop
      vertex -2.94314 44.9037 80
      vertex -5.87368 44.615 78.5
      vertex -2.94314 44.9037 78.5
    endloop
  endfacet
  facet normal -0.162902 -0.986642 0
    outer loop
      vertex 5.87368 44.615 78.5
      vertex 8.77906 44.1353 80
      vertex 5.87368 44.615 80
    endloop
  endfacet
  facet normal -0.162902 -0.986642 -0
    outer loop
      vertex 8.77906 44.1353 80
      vertex 5.87368 44.615 78.5
      vertex 8.77906 44.1353 78.5
    endloop
  endfacet
  facet normal 0.582471 0.812851 -0
    outer loop
      vertex -25.0007 -37.4161 78.5
      vertex -27.3943 -35.7009 81.5
      vertex -25.0007 -37.4161 81.5
    endloop
  endfacet
  facet normal 0.582471 0.812851 0
    outer loop
      vertex -27.3943 -35.7009 81.5
      vertex -25.0007 -37.4161 78.5
      vertex -27.3943 -35.7009 78.5
    endloop
  endfacet
  facet normal -0.471416 0.881911 0
    outer loop
      vertex 22.5 -38.9711 78.5
      vertex 19.903 -40.3593 81.5
      vertex 22.5 -38.9711 81.5
    endloop
  endfacet
  facet normal -0.471416 0.881911 0
    outer loop
      vertex 19.903 -40.3593 81.5
      vertex 22.5 -38.9711 78.5
      vertex 19.903 -40.3593 78.5
    endloop
  endfacet
  facet normal -0.956995 -0.290105 0
    outer loop
      vertex 42.7528 14 78.5
      vertex 42.6119 14.4648 81.5
      vertex 42.6119 14.4648 78.5
    endloop
  endfacet
  facet normal -0.956995 -0.290105 0
    outer loop
      vertex 42.6119 14.4648 81.5
      vertex 42.7528 14 78.5
      vertex 42.7528 14 81.5
    endloop
  endfacet
  facet normal 0.881911 0.471416 0
    outer loop
      vertex -38.9711 -22.5 81.5
      vertex -40.3593 -19.903 78.5
      vertex -40.3593 -19.903 81.5
    endloop
  endfacet
  facet normal 0.881911 0.471416 0
    outer loop
      vertex -40.3593 -19.903 78.5
      vertex -38.9711 -22.5 81.5
      vertex -38.9711 -22.5 78.5
    endloop
  endfacet
  facet normal -0.290284 0.95694 0
    outer loop
      vertex 14.4648 -42.6119 78.5
      vertex 11.6469 -43.4667 81.5
      vertex 14.4648 -42.6119 81.5
    endloop
  endfacet
  facet normal -0.290284 0.95694 0
    outer loop
      vertex 11.6469 -43.4667 81.5
      vertex 14.4648 -42.6119 78.5
      vertex 11.6469 -43.4667 78.5
    endloop
  endfacet
  facet normal 0.849208 0.528059 0
    outer loop
      vertex -37.4161 -25.0007 81.5
      vertex -38.9711 -22.5 78.5
      vertex -38.9711 -22.5 81.5
    endloop
  endfacet
  facet normal 0.849208 0.528059 0
    outer loop
      vertex -38.9711 -22.5 78.5
      vertex -37.4161 -25.0007 81.5
      vertex -37.4161 -25.0007 78.5
    endloop
  endfacet
  facet normal 0.528059 -0.849208 0
    outer loop
      vertex -25.0007 37.4161 78.5
      vertex -22.5 38.9711 81.5
      vertex -25.0007 37.4161 81.5
    endloop
  endfacet
  facet normal 0.528059 -0.849208 0
    outer loop
      vertex -22.5 38.9711 81.5
      vertex -25.0007 37.4161 78.5
      vertex -22.5 38.9711 78.5
    endloop
  endfacet
  facet normal -0.849208 0.528059 0
    outer loop
      vertex 37.4161 -25.0007 78.5
      vertex 38.9711 -22.5 81.5
      vertex 38.9711 -22.5 78.5
    endloop
  endfacet
  facet normal -0.849208 0.528059 0
    outer loop
      vertex 38.9711 -22.5 81.5
      vertex 37.4161 -25.0007 78.5
      vertex 37.4161 -25.0007 81.5
    endloop
  endfacet
  facet normal 0.352255 -0.935904 0
    outer loop
      vertex -17.2208 41.5746 78.5
      vertex -14.4648 42.6119 80
      vertex -17.2208 41.5746 80
    endloop
  endfacet
  facet normal 0.352255 -0.935904 0
    outer loop
      vertex -14.4648 42.6119 80
      vertex -17.2208 41.5746 78.5
      vertex -14.4648 42.6119 78.5
    endloop
  endfacet
  facet normal -0.634391 -0.773012 0
    outer loop
      vertex 27.3943 35.7009 78.5
      vertex 29.6706 33.8328 81.5
      vertex 27.3943 35.7009 81.5
    endloop
  endfacet
  facet normal -0.634391 -0.773012 -0
    outer loop
      vertex 29.6706 33.8328 81.5
      vertex 27.3943 35.7009 78.5
      vertex 29.6706 33.8328 78.5
    endloop
  endfacet
  facet normal 0.729855 0.683602 0
    outer loop
      vertex -31.8198 -31.8198 81.5
      vertex -33.8328 -29.6706 78.5
      vertex -33.8328 -29.6706 81.5
    endloop
  endfacet
  facet normal 0.729855 0.683602 0
    outer loop
      vertex -33.8328 -29.6706 78.5
      vertex -31.8198 -31.8198 81.5
      vertex -31.8198 -31.8198 78.5
    endloop
  endfacet
  facet normal 0.773012 -0.634391 0
    outer loop
      vertex -35.7009 27.3943 81.5
      vertex -33.8328 29.6706 78.5
      vertex -33.8328 29.6706 81.5
    endloop
  endfacet
  facet normal 0.773012 -0.634391 0
    outer loop
      vertex -33.8328 29.6706 78.5
      vertex -35.7009 27.3943 81.5
      vertex -35.7009 27.3943 78.5
    endloop
  endfacet
  facet normal 0.0327027 -0.999465 0
    outer loop
      vertex -2.94314 44.9037 78.5
      vertex 0 45 80
      vertex -2.94314 44.9037 80
    endloop
  endfacet
  facet normal 0.0327027 -0.999465 0
    outer loop
      vertex 0 45 80
      vertex -2.94314 44.9037 78.5
      vertex 0 45 78.5
    endloop
  endfacet
  facet normal -0.412697 -0.910869 -0
    outer loop
      vertex 17.2208 41.5746 80
      vertex 17.2208 41.5746 78.5
      vertex 17.5 41.4481 80
    endloop
  endfacet
  facet normal -0.412712 -0.910862 0
    outer loop
      vertex 17.5 41.4481 80
      vertex 19.903 40.3593 81.5
      vertex 17.5 41.4481 81.5
    endloop
  endfacet
  facet normal -0.41271 -0.910862 3.0473e-06
    outer loop
      vertex 19.903 40.3593 78.5
      vertex 17.5 41.4481 80
      vertex 17.2208 41.5746 78.5
    endloop
  endfacet
  facet normal -0.412712 -0.910862 0
    outer loop
      vertex 17.5 41.4481 80
      vertex 19.903 40.3593 78.5
      vertex 19.903 40.3593 81.5
    endloop
  endfacet
  facet normal -0.471416 -0.881911 0
    outer loop
      vertex 19.903 40.3593 78.5
      vertex 22.5 38.9711 81.5
      vertex 19.903 40.3593 81.5
    endloop
  endfacet
  facet normal -0.471416 -0.881911 -0
    outer loop
      vertex 22.5 38.9711 81.5
      vertex 19.903 40.3593 78.5
      vertex 22.5 38.9711 78.5
    endloop
  endfacet
  facet normal -0.683602 -0.729855 0
    outer loop
      vertex 29.6706 33.8328 78.5
      vertex 31.8198 31.8198 81.5
      vertex 29.6706 33.8328 81.5
    endloop
  endfacet
  facet normal -0.683602 -0.729855 -0
    outer loop
      vertex 31.8198 31.8198 81.5
      vertex 29.6706 33.8328 78.5
      vertex 31.8198 31.8198 78.5
    endloop
  endfacet
  facet normal 0.634391 0.773012 -0
    outer loop
      vertex -27.3943 -35.7009 78.5
      vertex -29.6706 -33.8328 81.5
      vertex -27.3943 -35.7009 81.5
    endloop
  endfacet
  facet normal 0.634391 0.773012 0
    outer loop
      vertex -29.6706 -33.8328 81.5
      vertex -27.3943 -35.7009 78.5
      vertex -29.6706 -33.8328 78.5
    endloop
  endfacet
  facet normal -0.352255 -0.935904 0
    outer loop
      vertex 14.4648 42.6119 78.5
      vertex 17.2208 41.5746 80
      vertex 14.4648 42.6119 80
    endloop
  endfacet
  facet normal -0.352255 -0.935904 -0
    outer loop
      vertex 17.2208 41.5746 80
      vertex 14.4648 42.6119 78.5
      vertex 17.2208 41.5746 78.5
    endloop
  endfacet
  facet normal 0.881911 -0.471416 0
    outer loop
      vertex -40.3593 19.903 81.5
      vertex -38.9711 22.5 78.5
      vertex -38.9711 22.5 81.5
    endloop
  endfacet
  facet normal 0.881911 -0.471416 0
    outer loop
      vertex -38.9711 22.5 78.5
      vertex -40.3593 19.903 81.5
      vertex -40.3593 19.903 78.5
    endloop
  endfacet
  facet normal 0.910862 0.41271 0
    outer loop
      vertex -40.3593 -19.903 81.5
      vertex -41.5746 -17.2208 78.5
      vertex -41.5746 -17.2208 81.5
    endloop
  endfacet
  facet normal 0.910862 0.41271 0
    outer loop
      vertex -41.5746 -17.2208 78.5
      vertex -40.3593 -19.903 81.5
      vertex -40.3593 -19.903 78.5
    endloop
  endfacet
  facet normal -0.935904 0.352255 0
    outer loop
      vertex 41.5746 -17.2208 78.5
      vertex 42.6119 -14.4648 81.5
      vertex 42.6119 -14.4648 78.5
    endloop
  endfacet
  facet normal -0.935904 0.352255 0
    outer loop
      vertex 42.6119 -14.4648 81.5
      vertex 41.5746 -17.2208 78.5
      vertex 41.5746 -17.2208 81.5
    endloop
  endfacet
  facet normal -0.729855 0.683602 0
    outer loop
      vertex 31.8198 -31.8198 78.5
      vertex 33.8328 -29.6706 81.5
      vertex 33.8328 -29.6706 78.5
    endloop
  endfacet
  facet normal -0.729855 0.683602 0
    outer loop
      vertex 33.8328 -29.6706 81.5
      vertex 31.8198 -31.8198 78.5
      vertex 31.8198 -31.8198 81.5
    endloop
  endfacet
  facet normal 0.0327027 0.999465 -0
    outer loop
      vertex 0 -45 78.5
      vertex -2.94314 -44.9037 81.5
      vertex 0 -45 81.5
    endloop
  endfacet
  facet normal 0.0327027 0.999465 0
    outer loop
      vertex -2.94314 -44.9037 81.5
      vertex 0 -45 78.5
      vertex -2.94314 -44.9037 78.5
    endloop
  endfacet
  facet normal -0.881911 0.471416 0
    outer loop
      vertex 38.9711 -22.5 78.5
      vertex 40.3593 -19.903 81.5
      vertex 40.3593 -19.903 78.5
    endloop
  endfacet
  facet normal -0.881911 0.471416 0
    outer loop
      vertex 40.3593 -19.903 81.5
      vertex 38.9711 -22.5 78.5
      vertex 38.9711 -22.5 81.5
    endloop
  endfacet
  facet normal 0.290284 0.95694 -0
    outer loop
      vertex -11.6469 -43.4667 78.5
      vertex -14.4648 -42.6119 81.5
      vertex -11.6469 -43.4667 81.5
    endloop
  endfacet
  facet normal 0.290284 0.95694 0
    outer loop
      vertex -14.4648 -42.6119 81.5
      vertex -11.6469 -43.4667 78.5
      vertex -14.4648 -42.6119 78.5
    endloop
  endfacet
  facet normal -0.0327027 -0.999465 0
    outer loop
      vertex 0 45 78.5
      vertex 2.94314 44.9037 80
      vertex 0 45 80
    endloop
  endfacet
  facet normal -0.0327027 -0.999465 -0
    outer loop
      vertex 2.94314 44.9037 80
      vertex 0 45 78.5
      vertex 2.94314 44.9037 78.5
    endloop
  endfacet
  facet normal -0.956995 0.290105 0
    outer loop
      vertex 42.6119 -14.4648 78.5
      vertex 42.7528 -14 81.5
      vertex 42.7528 -14 78.5
    endloop
  endfacet
  facet normal -0.956995 0.290105 0
    outer loop
      vertex 42.7528 -14 81.5
      vertex 42.6119 -14.4648 78.5
      vertex 42.6119 -14.4648 81.5
    endloop
  endfacet
  facet normal 0.528059 0.849208 -0
    outer loop
      vertex -22.5 -38.9711 78.5
      vertex -25.0007 -37.4161 81.5
      vertex -22.5 -38.9711 81.5
    endloop
  endfacet
  facet normal 0.528059 0.849208 0
    outer loop
      vertex -25.0007 -37.4161 81.5
      vertex -22.5 -38.9711 78.5
      vertex -25.0007 -37.4161 78.5
    endloop
  endfacet
  facet normal 0.352255 0.935904 -0
    outer loop
      vertex -14.4648 -42.6119 78.5
      vertex -17.2208 -41.5746 81.5
      vertex -14.4648 -42.6119 81.5
    endloop
  endfacet
  facet normal 0.352255 0.935904 0
    outer loop
      vertex -17.2208 -41.5746 81.5
      vertex -14.4648 -42.6119 78.5
      vertex -17.2208 -41.5746 78.5
    endloop
  endfacet
  facet normal 0.227048 -0.973883 0
    outer loop
      vertex -11.6469 43.4667 78.5
      vertex -8.77906 44.1353 80
      vertex -11.6469 43.4667 80
    endloop
  endfacet
  facet normal 0.227048 -0.973883 0
    outer loop
      vertex -8.77906 44.1353 80
      vertex -11.6469 43.4667 78.5
      vertex -8.77906 44.1353 78.5
    endloop
  endfacet
  facet normal -0.683602 0.729855 0
    outer loop
      vertex 31.8198 -31.8198 78.5
      vertex 29.6706 -33.8328 81.5
      vertex 31.8198 -31.8198 81.5
    endloop
  endfacet
  facet normal -0.683602 0.729855 0
    outer loop
      vertex 29.6706 -33.8328 81.5
      vertex 31.8198 -31.8198 78.5
      vertex 29.6706 -33.8328 78.5
    endloop
  endfacet
  facet normal -0.729855 -0.683602 0
    outer loop
      vertex 33.8328 29.6706 78.5
      vertex 31.8198 31.8198 81.5
      vertex 31.8198 31.8198 78.5
    endloop
  endfacet
  facet normal -0.729855 -0.683602 0
    outer loop
      vertex 31.8198 31.8198 81.5
      vertex 33.8328 29.6706 78.5
      vertex 33.8328 29.6706 81.5
    endloop
  endfacet
  facet normal 0.290284 -0.95694 0
    outer loop
      vertex -14.4648 42.6119 78.5
      vertex -11.6469 43.4667 80
      vertex -14.4648 42.6119 80
    endloop
  endfacet
  facet normal 0.290284 -0.95694 0
    outer loop
      vertex -11.6469 43.4667 80
      vertex -14.4648 42.6119 78.5
      vertex -11.6469 43.4667 78.5
    endloop
  endfacet
  facet normal 0.162902 -0.986642 0
    outer loop
      vertex -8.77906 44.1353 78.5
      vertex -5.87368 44.615 80
      vertex -8.77906 44.1353 80
    endloop
  endfacet
  facet normal 0.162902 -0.986642 0
    outer loop
      vertex -5.87368 44.615 80
      vertex -8.77906 44.1353 78.5
      vertex -5.87368 44.615 78.5
    endloop
  endfacet
  facet normal -0.162902 0.986642 0
    outer loop
      vertex 8.77906 -44.1353 78.5
      vertex 5.87368 -44.615 81.5
      vertex 8.77906 -44.1353 81.5
    endloop
  endfacet
  facet normal -0.162902 0.986642 0
    outer loop
      vertex 5.87368 -44.615 81.5
      vertex 8.77906 -44.1353 78.5
      vertex 5.87368 -44.615 78.5
    endloop
  endfacet
  facet normal -0.0980397 -0.995183 0
    outer loop
      vertex 2.94314 44.9037 78.5
      vertex 5.87368 44.615 80
      vertex 2.94314 44.9037 80
    endloop
  endfacet
  facet normal -0.0980397 -0.995183 -0
    outer loop
      vertex 5.87368 44.615 80
      vertex 2.94314 44.9037 78.5
      vertex 5.87368 44.615 78.5
    endloop
  endfacet
  facet normal 0.729855 -0.683602 0
    outer loop
      vertex -33.8328 29.6706 81.5
      vertex -31.8198 31.8198 78.5
      vertex -31.8198 31.8198 81.5
    endloop
  endfacet
  facet normal 0.729855 -0.683602 0
    outer loop
      vertex -31.8198 31.8198 78.5
      vertex -33.8328 29.6706 81.5
      vertex -33.8328 29.6706 78.5
    endloop
  endfacet
  facet normal -0.41271 0.910862 0
    outer loop
      vertex 19.903 -40.3593 78.5
      vertex 17.2208 -41.5746 81.5
      vertex 19.903 -40.3593 81.5
    endloop
  endfacet
  facet normal -0.41271 0.910862 0
    outer loop
      vertex 17.2208 -41.5746 81.5
      vertex 19.903 -40.3593 78.5
      vertex 17.2208 -41.5746 78.5
    endloop
  endfacet
  facet normal 0.227048 0.973883 -0
    outer loop
      vertex -8.77906 -44.1353 78.5
      vertex -11.6469 -43.4667 81.5
      vertex -8.77906 -44.1353 81.5
    endloop
  endfacet
  facet normal 0.227048 0.973883 0
    outer loop
      vertex -11.6469 -43.4667 81.5
      vertex -8.77906 -44.1353 78.5
      vertex -11.6469 -43.4667 78.5
    endloop
  endfacet
  facet normal 0.683602 0.729855 -0
    outer loop
      vertex -29.6706 -33.8328 78.5
      vertex -31.8198 -31.8198 81.5
      vertex -29.6706 -33.8328 81.5
    endloop
  endfacet
  facet normal 0.683602 0.729855 0
    outer loop
      vertex -31.8198 -31.8198 81.5
      vertex -29.6706 -33.8328 78.5
      vertex -31.8198 -31.8198 78.5
    endloop
  endfacet
  facet normal 0.773012 0.634391 0
    outer loop
      vertex -33.8328 -29.6706 81.5
      vertex -35.7009 -27.3943 78.5
      vertex -35.7009 -27.3943 81.5
    endloop
  endfacet
  facet normal 0.773012 0.634391 0
    outer loop
      vertex -35.7009 -27.3943 78.5
      vertex -33.8328 -29.6706 81.5
      vertex -33.8328 -29.6706 78.5
    endloop
  endfacet
  facet normal -0.227048 -0.973883 0
    outer loop
      vertex 8.77906 44.1353 78.5
      vertex 11.6469 43.4667 80
      vertex 8.77906 44.1353 80
    endloop
  endfacet
  facet normal -0.227048 -0.973883 -0
    outer loop
      vertex 11.6469 43.4667 80
      vertex 8.77906 44.1353 78.5
      vertex 11.6469 43.4667 78.5
    endloop
  endfacet
  facet normal -0.582471 0.812851 0
    outer loop
      vertex 27.3943 -35.7009 78.5
      vertex 25.0007 -37.4161 81.5
      vertex 27.3943 -35.7009 81.5
    endloop
  endfacet
  facet normal -0.582471 0.812851 0
    outer loop
      vertex 25.0007 -37.4161 81.5
      vertex 27.3943 -35.7009 78.5
      vertex 25.0007 -37.4161 78.5
    endloop
  endfacet
  facet normal 0.0980397 0.995183 -0
    outer loop
      vertex -2.94314 -44.9037 78.5
      vertex -5.87368 -44.615 81.5
      vertex -2.94314 -44.9037 81.5
    endloop
  endfacet
  facet normal 0.0980397 0.995183 0
    outer loop
      vertex -5.87368 -44.615 81.5
      vertex -2.94314 -44.9037 78.5
      vertex -5.87368 -44.615 78.5
    endloop
  endfacet
  facet normal 0.956995 -0.290105 0
    outer loop
      vertex -42.7528 14 81.5
      vertex -42.6119 14.4648 78.5
      vertex -42.6119 14.4648 81.5
    endloop
  endfacet
  facet normal 0.956995 -0.290105 0
    outer loop
      vertex -42.6119 14.4648 78.5
      vertex -42.7528 14 81.5
      vertex -42.7528 14 78.5
    endloop
  endfacet
  facet normal -0.290284 -0.95694 0
    outer loop
      vertex 11.6469 43.4667 78.5
      vertex 14.4648 42.6119 80
      vertex 11.6469 43.4667 80
    endloop
  endfacet
  facet normal -0.290284 -0.95694 -0
    outer loop
      vertex 14.4648 42.6119 80
      vertex 11.6469 43.4667 78.5
      vertex 14.4648 42.6119 78.5
    endloop
  endfacet
  facet normal -0.910862 0.41271 0
    outer loop
      vertex 40.3593 -19.903 78.5
      vertex 41.5746 -17.2208 81.5
      vertex 41.5746 -17.2208 78.5
    endloop
  endfacet
  facet normal -0.910862 0.41271 0
    outer loop
      vertex 41.5746 -17.2208 81.5
      vertex 40.3593 -19.903 78.5
      vertex 40.3593 -19.903 81.5
    endloop
  endfacet
  facet normal 0.471416 -0.881911 0
    outer loop
      vertex -22.5 38.9711 78.5
      vertex -19.903 40.3593 81.5
      vertex -22.5 38.9711 81.5
    endloop
  endfacet
  facet normal 0.471416 -0.881911 0
    outer loop
      vertex -19.903 40.3593 81.5
      vertex -22.5 38.9711 78.5
      vertex -19.903 40.3593 78.5
    endloop
  endfacet
  facet normal 0.471416 0.881911 -0
    outer loop
      vertex -19.903 -40.3593 78.5
      vertex -22.5 -38.9711 81.5
      vertex -19.903 -40.3593 81.5
    endloop
  endfacet
  facet normal 0.471416 0.881911 0
    outer loop
      vertex -22.5 -38.9711 81.5
      vertex -19.903 -40.3593 78.5
      vertex -22.5 -38.9711 78.5
    endloop
  endfacet
  facet normal 1 0 0
    outer loop
      vertex 21 21 230
      vertex 21 10 -22.3415
      vertex 21 21 -230
    endloop
  endfacet
  facet normal 1 0 0
    outer loop
      vertex 21 21 230
      vertex 21 -10 -22.3415
      vertex 21 10 -22.3415
    endloop
  endfacet
  facet normal 1 0 0
    outer loop
      vertex 21 -21 -230
      vertex 21 -10 -22.3415
      vertex 21 -21 230
    endloop
  endfacet
  facet normal 1 -0 0
    outer loop
      vertex 21 -21 230
      vertex 21 -10 -22.3415
      vertex 21 21 230
    endloop
  endfacet
  facet normal 1 -0 0
    outer loop
      vertex 21 10 -60.7648
      vertex 21 21 -230
      vertex 21 10 -22.3415
    endloop
  endfacet
  facet normal 1 -0 0
    outer loop
      vertex 21 -10 -60.7648
      vertex 21 21 -230
      vertex 21 10 -60.7648
    endloop
  endfacet
  facet normal 1 0 0
    outer loop
      vertex 21 -10 -60.7648
      vertex 21 -21 -230
      vertex 21 21 -230
    endloop
  endfacet
  facet normal 1 0 0
    outer loop
      vertex 21 -10 -22.3415
      vertex 21 -21 -230
      vertex 21 -10 -60.7648
    endloop
  endfacet
  facet normal 0 0 1
    outer loop
      vertex 21 21 230
      vertex 12 0 230
      vertex 21 -21 230
    endloop
  endfacet
  facet normal 0 0 1
    outer loop
      vertex 21 21 230
      vertex 11.9743 0.784837 230
      vertex 12 0 230
    endloop
  endfacet
  facet normal 0 0 1
    outer loop
      vertex 21 21 230
      vertex 11.8973 1.56631 230
      vertex 11.9743 0.784837 230
    endloop
  endfacet
  facet normal 0 0 1
    outer loop
      vertex 21 21 230
      vertex 11.7694 2.34108 230
      vertex 11.8973 1.56631 230
    endloop
  endfacet
  facet normal 0 0 1
    outer loop
      vertex 21 21 230
      vertex 11.5911 3.10583 230
      vertex 11.7694 2.34108 230
    endloop
  endfacet
  facet normal 0 0 1
    outer loop
      vertex 21 21 230
      vertex 11.3632 3.85727 230
      vertex 11.5911 3.10583 230
    endloop
  endfacet
  facet normal 0 0 1
    outer loop
      vertex 21 21 230
      vertex 11.0866 4.5922 230
      vertex 11.3632 3.85727 230
    endloop
  endfacet
  facet normal 0 0 1
    outer loop
      vertex 21 21 230
      vertex 10.7625 5.30746 230
      vertex 11.0866 4.5922 230
    endloop
  endfacet
  facet normal 0 0 1
    outer loop
      vertex 21 21 230
      vertex 10.3923 6 230
      vertex 10.7625 5.30746 230
    endloop
  endfacet
  facet normal 0 0 1
    outer loop
      vertex 21 21 230
      vertex 9.97763 6.66684 230
      vertex 10.3923 6 230
    endloop
  endfacet
  facet normal 0 0 1
    outer loop
      vertex 21 21 230
      vertex 9.52024 7.30514 230
      vertex 9.97763 6.66684 230
    endloop
  endfacet
  facet normal 0 0 1
    outer loop
      vertex 21 21 230
      vertex 9.02208 7.91215 230
      vertex 9.52024 7.30514 230
    endloop
  endfacet
  facet normal 0 0 1
    outer loop
      vertex 21 21 230
      vertex 8.48528 8.48528 230
      vertex 9.02208 7.91215 230
    endloop
  endfacet
  facet normal 0 0 1
    outer loop
      vertex 21 21 230
      vertex 7.91215 9.02208 230
      vertex 8.48528 8.48528 230
    endloop
  endfacet
  facet normal 0 0 1
    outer loop
      vertex 21 21 230
      vertex 7.30514 9.52024 230
      vertex 7.91215 9.02208 230
    endloop
  endfacet
  facet normal 0 0 1
    outer loop
      vertex 21 21 230
      vertex 6.66684 9.97763 230
      vertex 7.30514 9.52024 230
    endloop
  endfacet
  facet normal 0 0 1
    outer loop
      vertex 21 21 230
      vertex 6 10.3923 230
      vertex 6.66684 9.97763 230
    endloop
  endfacet
  facet normal 0 0 1
    outer loop
      vertex 21 21 230
      vertex 5.30746 10.7625 230
      vertex 6 10.3923 230
    endloop
  endfacet
  facet normal 0 0 1
    outer loop
      vertex 21 21 230
      vertex 4.5922 11.0866 230
      vertex 5.30746 10.7625 230
    endloop
  endfacet
  facet normal 0 0 1
    outer loop
      vertex 21 21 230
      vertex 3.85727 11.3632 230
      vertex 4.5922 11.0866 230
    endloop
  endfacet
  facet normal 0 0 1
    outer loop
      vertex 21 21 230
      vertex 3.10583 11.5911 230
      vertex 3.85727 11.3632 230
    endloop
  endfacet
  facet normal 0 0 1
    outer loop
      vertex 21 21 230
      vertex 2.34108 11.7694 230
      vertex 3.10583 11.5911 230
    endloop
  endfacet
  facet normal 0 0 1
    outer loop
      vertex 21 21 230
      vertex 1.56631 11.8973 230
      vertex 2.34108 11.7694 230
    endloop
  endfacet
  facet normal 0 0 1
    outer loop
      vertex 21 21 230
      vertex 0.784837 11.9743 230
      vertex 1.56631 11.8973 230
    endloop
  endfacet
  facet normal 0 0 1
    outer loop
      vertex 21 21 230
      vertex 0 12 230
      vertex 0.784837 11.9743 230
    endloop
  endfacet
  facet normal -0 0 1
    outer loop
      vertex -21 21 230
      vertex 0 12 230
      vertex 21 21 230
    endloop
  endfacet
  facet normal 0 0 1
    outer loop
      vertex 0 12 230
      vertex -21 21 230
      vertex -0.784837 11.9743 230
    endloop
  endfacet
  facet normal 0 0 1
    outer loop
      vertex -0.784837 11.9743 230
      vertex -21 21 230
      vertex -1.56631 11.8973 230
    endloop
  endfacet
  facet normal 0 0 1
    outer loop
      vertex -1.56631 11.8973 230
      vertex -21 21 230
      vertex -2.34108 11.7694 230
    endloop
  endfacet
  facet normal 0 0 1
    outer loop
      vertex -2.34108 11.7694 230
      vertex -21 21 230
      vertex -3.10583 11.5911 230
    endloop
  endfacet
  facet normal 0 0 1
    outer loop
      vertex -3.10583 11.5911 230
      vertex -21 21 230
      vertex -3.85727 11.3632 230
    endloop
  endfacet
  facet normal 0 0 1
    outer loop
      vertex -11.9743 0.784837 230
      vertex -21 21 230
      vertex -12 0 230
    endloop
  endfacet
  facet normal 0 0 1
    outer loop
      vertex -11.8973 1.56631 230
      vertex -21 21 230
      vertex -11.9743 0.784837 230
    endloop
  endfacet
  facet normal 0 0 1
    outer loop
      vertex -11.7694 2.34108 230
      vertex -21 21 230
      vertex -11.8973 1.56631 230
    endloop
  endfacet
  facet normal 0 0 1
    outer loop
      vertex -11.5911 3.10583 230
      vertex -21 21 230
      vertex -11.7694 2.34108 230
    endloop
  endfacet
  facet normal 0 0 1
    outer loop
      vertex -11.3632 3.85727 230
      vertex -21 21 230
      vertex -11.5911 3.10583 230
    endloop
  endfacet
  facet normal 0 0 1
    outer loop
      vertex -11.0866 4.5922 230
      vertex -21 21 230
      vertex -11.3632 3.85727 230
    endloop
  endfacet
  facet normal 0 0 1
    outer loop
      vertex -10.7625 5.30746 230
      vertex -21 21 230
      vertex -11.0866 4.5922 230
    endloop
  endfacet
  facet normal 0 0 1
    outer loop
      vertex -10.3923 6 230
      vertex -21 21 230
      vertex -10.7625 5.30746 230
    endloop
  endfacet
  facet normal 0 0 1
    outer loop
      vertex -9.97763 6.66684 230
      vertex -21 21 230
      vertex -10.3923 6 230
    endloop
  endfacet
  facet normal 0 0 1
    outer loop
      vertex -9.52024 7.30514 230
      vertex -21 21 230
      vertex -9.97763 6.66684 230
    endloop
  endfacet
  facet normal 0 0 1
    outer loop
      vertex -9.02208 7.91215 230
      vertex -21 21 230
      vertex -9.52024 7.30514 230
    endloop
  endfacet
  facet normal 0 0 1
    outer loop
      vertex -8.48528 8.48528 230
      vertex -21 21 230
      vertex -9.02208 7.91215 230
    endloop
  endfacet
  facet normal 0 0 1
    outer loop
      vertex -7.91215 9.02208 230
      vertex -21 21 230
      vertex -8.48528 8.48528 230
    endloop
  endfacet
  facet normal 0 0 1
    outer loop
      vertex -7.30514 9.52024 230
      vertex -21 21 230
      vertex -7.91215 9.02208 230
    endloop
  endfacet
  facet normal 0 0 1
    outer loop
      vertex -6.66684 9.97763 230
      vertex -21 21 230
      vertex -7.30514 9.52024 230
    endloop
  endfacet
  facet normal 0 0 1
    outer loop
      vertex -6 10.3923 230
      vertex -21 21 230
      vertex -6.66684 9.97763 230
    endloop
  endfacet
  facet normal 0 0 1
    outer loop
      vertex -5.30746 10.7625 230
      vertex -21 21 230
      vertex -6 10.3923 230
    endloop
  endfacet
  facet normal 0 0 1
    outer loop
      vertex -4.5922 11.0866 230
      vertex -21 21 230
      vertex -5.30746 10.7625 230
    endloop
  endfacet
  facet normal 0 0 1
    outer loop
      vertex -3.85727 11.3632 230
      vertex -21 21 230
      vertex -4.5922 11.0866 230
    endloop
  endfacet
  facet normal -0 0 1
    outer loop
      vertex 11.9743 -0.784837 230
      vertex 21 -21 230
      vertex 12 0 230
    endloop
  endfacet
  facet normal -0 0 1
    outer loop
      vertex 11.8973 -1.56631 230
      vertex 21 -21 230
      vertex 11.9743 -0.784837 230
    endloop
  endfacet
  facet normal -0 0 1
    outer loop
      vertex 11.7694 -2.34108 230
      vertex 21 -21 230
      vertex 11.8973 -1.56631 230
    endloop
  endfacet
  facet normal -0 0 1
    outer loop
      vertex 11.5911 -3.10583 230
      vertex 21 -21 230
      vertex 11.7694 -2.34108 230
    endloop
  endfacet
  facet normal -0 0 1
    outer loop
      vertex 11.3632 -3.85727 230
      vertex 21 -21 230
      vertex 11.5911 -3.10583 230
    endloop
  endfacet
  facet normal -0 0 1
    outer loop
      vertex 11.0866 -4.5922 230
      vertex 21 -21 230
      vertex 11.3632 -3.85727 230
    endloop
  endfacet
  facet normal -0 0 1
    outer loop
      vertex 10.7625 -5.30746 230
      vertex 21 -21 230
      vertex 11.0866 -4.5922 230
    endloop
  endfacet
  facet normal -0 0 1
    outer loop
      vertex 10.3923 -6 230
      vertex 21 -21 230
      vertex 10.7625 -5.30746 230
    endloop
  endfacet
  facet normal -0 0 1
    outer loop
      vertex 9.97763 -6.66684 230
      vertex 21 -21 230
      vertex 10.3923 -6 230
    endloop
  endfacet
  facet normal -0 0 1
    outer loop
      vertex 9.52024 -7.30514 230
      vertex 21 -21 230
      vertex 9.97763 -6.66684 230
    endloop
  endfacet
  facet normal -0 0 1
    outer loop
      vertex 9.02208 -7.91215 230
      vertex 21 -21 230
      vertex 9.52024 -7.30514 230
    endloop
  endfacet
  facet normal -0 0 1
    outer loop
      vertex 8.48528 -8.48528 230
      vertex 21 -21 230
      vertex 9.02208 -7.91215 230
    endloop
  endfacet
  facet normal -0 0 1
    outer loop
      vertex 7.91215 -9.02208 230
      vertex 21 -21 230
      vertex 8.48528 -8.48528 230
    endloop
  endfacet
  facet normal -0 0 1
    outer loop
      vertex 7.30514 -9.52024 230
      vertex 21 -21 230
      vertex 7.91215 -9.02208 230
    endloop
  endfacet
  facet normal -0 0 1
    outer loop
      vertex 6.66684 -9.97763 230
      vertex 21 -21 230
      vertex 7.30514 -9.52024 230
    endloop
  endfacet
  facet normal -0 0 1
    outer loop
      vertex 6 -10.3923 230
      vertex 21 -21 230
      vertex 6.66684 -9.97763 230
    endloop
  endfacet
  facet normal -0 0 1
    outer loop
      vertex 5.30746 -10.7625 230
      vertex 21 -21 230
      vertex 6 -10.3923 230
    endloop
  endfacet
  facet normal -0 0 1
    outer loop
      vertex 4.5922 -11.0866 230
      vertex 21 -21 230
      vertex 5.30746 -10.7625 230
    endloop
  endfacet
  facet normal -0 0 1
    outer loop
      vertex 3.85727 -11.3632 230
      vertex 21 -21 230
      vertex 4.5922 -11.0866 230
    endloop
  endfacet
  facet normal -0 0 1
    outer loop
      vertex 3.10583 -11.5911 230
      vertex 21 -21 230
      vertex 3.85727 -11.3632 230
    endloop
  endfacet
  facet normal -0 0 1
    outer loop
      vertex 2.34108 -11.7694 230
      vertex 21 -21 230
      vertex 3.10583 -11.5911 230
    endloop
  endfacet
  facet normal -0 0 1
    outer loop
      vertex 1.56631 -11.8973 230
      vertex 21 -21 230
      vertex 2.34108 -11.7694 230
    endloop
  endfacet
  facet normal -0 0 1
    outer loop
      vertex 0.784837 -11.9743 230
      vertex 21 -21 230
      vertex 1.56631 -11.8973 230
    endloop
  endfacet
  facet normal -0 0 1
    outer loop
      vertex 0 -12 230
      vertex 21 -21 230
      vertex 0.784837 -11.9743 230
    endloop
  endfacet
  facet normal 0 0 1
    outer loop
      vertex -21 -21 230
      vertex 0 -12 230
      vertex -0.784837 -11.9743 230
    endloop
  endfacet
  facet normal 0 0 1
    outer loop
      vertex -21 -21 230
      vertex -0.784837 -11.9743 230
      vertex -1.56631 -11.8973 230
    endloop
  endfacet
  facet normal 0 0 1
    outer loop
      vertex -21 -21 230
      vertex -1.56631 -11.8973 230
      vertex -2.34108 -11.7694 230
    endloop
  endfacet
  facet normal 0 0 1
    outer loop
      vertex -21 -21 230
      vertex -2.34108 -11.7694 230
      vertex -3.10583 -11.5911 230
    endloop
  endfacet
  facet normal 0 0 1
    outer loop
      vertex -21 -21 230
      vertex -3.10583 -11.5911 230
      vertex -3.85727 -11.3632 230
    endloop
  endfacet
  facet normal 0 0 1
    outer loop
      vertex -21 -21 230
      vertex -3.85727 -11.3632 230
      vertex -4.5922 -11.0866 230
    endloop
  endfacet
  facet normal 0 0 1
    outer loop
      vertex -21 -21 230
      vertex -12 0 230
      vertex -21 21 230
    endloop
  endfacet
  facet normal 0 0 1
    outer loop
      vertex -12 0 230
      vertex -21 -21 230
      vertex -11.9743 -0.784837 230
    endloop
  endfacet
  facet normal 0 0 1
    outer loop
      vertex -11.9743 -0.784837 230
      vertex -21 -21 230
      vertex -11.8973 -1.56631 230
    endloop
  endfacet
  facet normal 0 0 1
    outer loop
      vertex -11.8973 -1.56631 230
      vertex -21 -21 230
      vertex -11.7694 -2.34108 230
    endloop
  endfacet
  facet normal 0 0 1
    outer loop
      vertex -11.7694 -2.34108 230
      vertex -21 -21 230
      vertex -11.5911 -3.10583 230
    endloop
  endfacet
  facet normal 0 0 1
    outer loop
      vertex -11.5911 -3.10583 230
      vertex -21 -21 230
      vertex -11.3632 -3.85727 230
    endloop
  endfacet
  facet normal 0 0 1
    outer loop
      vertex 0 -12 230
      vertex -21 -21 230
      vertex 21 -21 230
    endloop
  endfacet
  facet normal 0 0 1
    outer loop
      vertex -5.30746 -10.7625 230
      vertex -21 -21 230
      vertex -4.5922 -11.0866 230
    endloop
  endfacet
  facet normal 0 0 1
    outer loop
      vertex -6 -10.3923 230
      vertex -21 -21 230
      vertex -5.30746 -10.7625 230
    endloop
  endfacet
  facet normal 0 0 1
    outer loop
      vertex -6.66684 -9.97763 230
      vertex -21 -21 230
      vertex -6 -10.3923 230
    endloop
  endfacet
  facet normal 0 0 1
    outer loop
      vertex -7.30514 -9.52024 230
      vertex -21 -21 230
      vertex -6.66684 -9.97763 230
    endloop
  endfacet
  facet normal 0 0 1
    outer loop
      vertex -7.91215 -9.02208 230
      vertex -21 -21 230
      vertex -7.30514 -9.52024 230
    endloop
  endfacet
  facet normal 0 0 1
    outer loop
      vertex -8.48528 -8.48528 230
      vertex -21 -21 230
      vertex -7.91215 -9.02208 230
    endloop
  endfacet
  facet normal 0 0 1
    outer loop
      vertex -9.02208 -7.91215 230
      vertex -21 -21 230
      vertex -8.48528 -8.48528 230
    endloop
  endfacet
  facet normal 0 0 1
    outer loop
      vertex -9.52024 -7.30514 230
      vertex -21 -21 230
      vertex -9.02208 -7.91215 230
    endloop
  endfacet
  facet normal 0 0 1
    outer loop
      vertex -9.97763 -6.66684 230
      vertex -21 -21 230
      vertex -9.52024 -7.30514 230
    endloop
  endfacet
  facet normal 0 0 1
    outer loop
      vertex -10.3923 -6 230
      vertex -21 -21 230
      vertex -9.97763 -6.66684 230
    endloop
  endfacet
  facet normal 0 0 1
    outer loop
      vertex -10.7625 -5.30746 230
      vertex -21 -21 230
      vertex -10.3923 -6 230
    endloop
  endfacet
  facet normal 0 0 1
    outer loop
      vertex -11.0866 -4.5922 230
      vertex -21 -21 230
      vertex -10.7625 -5.30746 230
    endloop
  endfacet
  facet normal 0 0 1
    outer loop
      vertex -11.3632 -3.85727 230
      vertex -21 -21 230
      vertex -11.0866 -4.5922 230
    endloop
  endfacet
  facet normal 0 0 -1
    outer loop
      vertex -21 -21 -230
      vertex 21 21 -230
      vertex 21 -21 -230
    endloop
  endfacet
  facet normal -0 0 -1
    outer loop
      vertex 21 21 -230
      vertex -21 -21 -230
      vertex -21 21 -230
    endloop
  endfacet
  facet normal -1 0 0
    outer loop
      vertex -21 10 -22.3415
      vertex -21 21 -230
      vertex -21 10 -60.7648
    endloop
  endfacet
  facet normal -1 0 0
    outer loop
      vertex -21 21 -230
      vertex -21 -10 -60.7648
      vertex -21 10 -60.7648
    endloop
  endfacet
  facet normal -1 -0 0
    outer loop
      vertex -21 -10 -60.7648
      vertex -21 -21 -230
      vertex -21 -10 -22.3415
    endloop
  endfacet
  facet normal -1 0 0
    outer loop
      vertex -21 -21 -230
      vertex -21 -10 -60.7648
      vertex -21 21 -230
    endloop
  endfacet
  facet normal -1 0 0
    outer loop
      vertex -21 21 -230
      vertex -21 10 -22.3415
      vertex -21 21 230
    endloop
  endfacet
  facet normal -1 0 0
    outer loop
      vertex -21 -10 -22.3415
      vertex -21 21 230
      vertex -21 10 -22.3415
    endloop
  endfacet
  facet normal -1 0 0
    outer loop
      vertex -21 -10 -22.3415
      vertex -21 -21 230
      vertex -21 21 230
    endloop
  endfacet
  facet normal -1 0 0
    outer loop
      vertex -21 -21 230
      vertex -21 -10 -22.3415
      vertex -21 -21 -230
    endloop
  endfacet
  facet normal 0 1 -0
    outer loop
      vertex 21 21 -230
      vertex -21 21 230
      vertex 21 21 230
    endloop
  endfacet
  facet normal 0 1 0
    outer loop
      vertex -21 21 230
      vertex 21 21 -230
      vertex -21 21 -230
    endloop
  endfacet
  facet normal 0 -1 0
    outer loop
      vertex -21 -21 -230
      vertex 21 -21 230
      vertex -21 -21 230
    endloop
  endfacet
  facet normal 0 -1 -0
    outer loop
      vertex 21 -21 230
      vertex -21 -21 -230
      vertex 21 -21 -230
    endloop
  endfacet
  facet normal 1 -0 0
    outer loop
      vertex 55 -14 -179
      vertex 55 14 -221
      vertex 55 14 -179
    endloop
  endfacet
  facet normal 1 0 0
    outer loop
      vertex 55 14 -221
      vertex 55 -14 -179
      vertex 55 -14 -221
    endloop
  endfacet
  facet normal -0 0 1
    outer loop
      vertex 27 14 -179
      vertex 55 -14 -179
      vertex 55 14 -179
    endloop
  endfacet
  facet normal 0 0 1
    outer loop
      vertex 55 -14 -179
      vertex 27 14 -179
      vertex 27 -14 -179
    endloop
  endfacet
  facet normal 0 0 -1
    outer loop
      vertex 27 -14 -221
      vertex 55 14 -221
      vertex 55 -14 -221
    endloop
  endfacet
  facet normal -0 0 -1
    outer loop
      vertex 55 14 -221
      vertex 27 -14 -221
      vertex 27 14 -221
    endloop
  endfacet
  facet normal -1 0 0
    outer loop
      vertex 27 -14 -221
      vertex 27 14 -179
      vertex 27 14 -221
    endloop
  endfacet
  facet normal -1 -0 0
    outer loop
      vertex 27 14 -179
      vertex 27 -14 -221
      vertex 27 -14 -179
    endloop
  endfacet
  facet normal 0 1 -0
    outer loop
      vertex 55 14 -221
      vertex 27 14 -179
      vertex 55 14 -179
    endloop
  endfacet
  facet normal 0 1 0
    outer loop
      vertex 27 14 -179
      vertex 55 14 -221
      vertex 27 14 -221
    endloop
  endfacet
  facet normal 0 -1 0
    outer loop
      vertex 27 -14 -221
      vertex 55 -14 -179
      vertex 27 -14 -179
    endloop
  endfacet
  facet normal 0 -1 -0
    outer loop
      vertex 55 -14 -179
      vertex 27 -14 -221
      vertex 55 -14 -221
    endloop
  endfacet
  facet normal 1 -0 0
    outer loop
      vertex -27 -14 -179
      vertex -27 14 -221
      vertex -27 14 -179
    endloop
  endfacet
  facet normal 1 0 0
    outer loop
      vertex -27 14 -221
      vertex -27 -14 -179
      vertex -27 -14 -221
    endloop
  endfacet
  facet normal -0 0 1
    outer loop
      vertex -55 14 -179
      vertex -27 -14 -179
      vertex -27 14 -179
    endloop
  endfacet
  facet normal 0 0 1
    outer loop
      vertex -27 -14 -179
      vertex -55 14 -179
      vertex -55 -14 -179
    endloop
  endfacet
  facet normal 0 0 -1
    outer loop
      vertex -55 -14 -221
      vertex -27 14 -221
      vertex -27 -14 -221
    endloop
  endfacet
  facet normal -0 0 -1
    outer loop
      vertex -27 14 -221
      vertex -55 -14 -221
      vertex -55 14 -221
    endloop
  endfacet
  facet normal -1 0 0
    outer loop
      vertex -55 -14 -221
      vertex -55 14 -179
      vertex -55 14 -221
    endloop
  endfacet
  facet normal -1 -0 0
    outer loop
      vertex -55 14 -179
      vertex -55 -14 -221
      vertex -55 -14 -179
    endloop
  endfacet
  facet normal 0 1 -0
    outer loop
      vertex -27 14 -221
      vertex -55 14 -179
      vertex -27 14 -179
    endloop
  endfacet
  facet normal 0 1 0
    outer loop
      vertex -55 14 -179
      vertex -27 14 -221
      vertex -55 14 -221
    endloop
  endfacet
  facet normal 0 -1 0
    outer loop
      vertex -55 -14 -221
      vertex -27 -14 -179
      vertex -55 -14 -179
    endloop
  endfacet
  facet normal 0 -1 -0
    outer loop
      vertex -27 -14 -179
      vertex -55 -14 -221
      vertex -27 -14 -221
    endloop
  endfacet
  facet normal 1 -0 0
    outer loop
      vertex 55 -14 -124
      vertex 55 14 -166
      vertex 55 14 -124
    endloop
  endfacet
  facet normal 1 0 0
    outer loop
      vertex 55 14 -166
      vertex 55 -14 -124
      vertex 55 -14 -166
    endloop
  endfacet
  facet normal -0 0 1
    outer loop
      vertex 27 14 -124
      vertex 55 -14 -124
      vertex 55 14 -124
    endloop
  endfacet
  facet normal 0 0 1
    outer loop
      vertex 55 -14 -124
      vertex 27 14 -124
      vertex 27 -14 -124
    endloop
  endfacet
  facet normal 0 0 -1
    outer loop
      vertex 27 -14 -166
      vertex 55 14 -166
      vertex 55 -14 -166
    endloop
  endfacet
  facet normal -0 0 -1
    outer loop
      vertex 55 14 -166
      vertex 27 -14 -166
      vertex 27 14 -166
    endloop
  endfacet
  facet normal -1 0 0
    outer loop
      vertex 27 -14 -166
      vertex 27 14 -124
      vertex 27 14 -166
    endloop
  endfacet
  facet normal -1 -0 0
    outer loop
      vertex 27 14 -124
      vertex 27 -14 -166
      vertex 27 -14 -124
    endloop
  endfacet
  facet normal 0 1 -0
    outer loop
      vertex 55 14 -166
      vertex 27 14 -124
      vertex 55 14 -124
    endloop
  endfacet
  facet normal 0 1 0
    outer loop
      vertex 27 14 -124
      vertex 55 14 -166
      vertex 27 14 -166
    endloop
  endfacet
  facet normal 0 -1 0
    outer loop
      vertex 27 -14 -166
      vertex 55 -14 -124
      vertex 27 -14 -124
    endloop
  endfacet
  facet normal 0 -1 -0
    outer loop
      vertex 55 -14 -124
      vertex 27 -14 -166
      vertex 55 -14 -166
    endloop
  endfacet
  facet normal 1 -0 0
    outer loop
      vertex -27 -14 -124
      vertex -27 14 -166
      vertex -27 14 -124
    endloop
  endfacet
  facet normal 1 0 0
    outer loop
      vertex -27 14 -166
      vertex -27 -14 -124
      vertex -27 -14 -166
    endloop
  endfacet
  facet normal -0 0 1
    outer loop
      vertex -55 14 -124
      vertex -27 -14 -124
      vertex -27 14 -124
    endloop
  endfacet
  facet normal 0 0 1
    outer loop
      vertex -27 -14 -124
      vertex -55 14 -124
      vertex -55 -14 -124
    endloop
  endfacet
  facet normal 0 0 -1
    outer loop
      vertex -55 -14 -166
      vertex -27 14 -166
      vertex -27 -14 -166
    endloop
  endfacet
  facet normal -0 0 -1
    outer loop
      vertex -27 14 -166
      vertex -55 -14 -166
      vertex -55 14 -166
    endloop
  endfacet
  facet normal -1 0 0
    outer loop
      vertex -55 -14 -166
      vertex -55 14 -124
      vertex -55 14 -166
    endloop
  endfacet
  facet normal -1 -0 0
    outer loop
      vertex -55 14 -124
      vertex -55 -14 -166
      vertex -55 -14 -124
    endloop
  endfacet
  facet normal 0 1 -0
    outer loop
      vertex -27 14 -166
      vertex -55 14 -124
      vertex -27 14 -124
    endloop
  endfacet
  facet normal 0 1 0
    outer loop
      vertex -55 14 -124
      vertex -27 14 -166
      vertex -55 14 -166
    endloop
  endfacet
  facet normal 0 -1 0
    outer loop
      vertex -55 -14 -166
      vertex -27 -14 -124
      vertex -55 -14 -124
    endloop
  endfacet
  facet normal 0 -1 -0
    outer loop
      vertex -27 -14 -124
      vertex -55 -14 -166
      vertex -27 -14 -166
    endloop
  endfacet
  facet normal 1 0 0
    outer loop
      vertex 55 -10 -69
      vertex 55 -14 -69
      vertex 55 -10 -71.1777
    endloop
  endfacet
  facet normal 1 0 0
    outer loop
      vertex 55 10 -71.1777
      vertex 55 14 -69
      vertex 55 10 -69
    endloop
  endfacet
  facet normal 1 0 0
    outer loop
      vertex 55 14 -69
      vertex 55 10 -71.1777
      vertex 55 14 -78.5
    endloop
  endfacet
  facet normal 1 -0 0
    outer loop
      vertex 55 -10 -71.1777
      vertex 55 14 -78.5
      vertex 55 10 -71.1777
    endloop
  endfacet
  facet normal 1 0 0
    outer loop
      vertex 55 -10 -71.1777
      vertex 55 -14 -78.5
      vertex 55 14 -78.5
    endloop
  endfacet
  facet normal 1 0 0
    outer loop
      vertex 55 -14 -78.5
      vertex 55 -10 -71.1777
      vertex 55 -14 -69
    endloop
  endfacet
  facet normal 1 -0 0
    outer loop
      vertex 55 -14 -81.5
      vertex 55 14 -111
      vertex 55 14 -81.5
    endloop
  endfacet
  facet normal 1 0 0
    outer loop
      vertex 55 14 -111
      vertex 55 -14 -81.5
      vertex 55 -14 -111
    endloop
  endfacet
  facet normal 0 0 1
    outer loop
      vertex 55 14 -69
      vertex 50.1938 10 -69
      vertex 55 10 -69
    endloop
  endfacet
  facet normal 0 0 1
    outer loop
      vertex 50.1938 10 -69
      vertex 27 14 -69
      vertex 50.1938 -10 -69
    endloop
  endfacet
  facet normal -0 0 1
    outer loop
      vertex 27 14 -69
      vertex 50.1938 10 -69
      vertex 55 14 -69
    endloop
  endfacet
  facet normal -0 0 1
    outer loop
      vertex 50.1938 -10 -69
      vertex 55 -14 -69
      vertex 55 -10 -69
    endloop
  endfacet
  facet normal 0 0 1
    outer loop
      vertex 50.1938 -10 -69
      vertex 27 -14 -69
      vertex 55 -14 -69
    endloop
  endfacet
  facet normal 0 0 1
    outer loop
      vertex 27 -14 -69
      vertex 50.1938 -10 -69
      vertex 27 14 -69
    endloop
  endfacet
  facet normal 0 0 -1
    outer loop
      vertex 27 -14 -111
      vertex 55 14 -111
      vertex 55 -14 -111
    endloop
  endfacet
  facet normal -0 0 -1
    outer loop
      vertex 55 14 -111
      vertex 27 -14 -111
      vertex 27 14 -111
    endloop
  endfacet
  facet normal -1 0 0
    outer loop
      vertex 27 -14 -111
      vertex 27 14 -69
      vertex 27 14 -111
    endloop
  endfacet
  facet normal -1 -0 0
    outer loop
      vertex 27 14 -69
      vertex 27 -14 -111
      vertex 27 -14 -69
    endloop
  endfacet
  facet normal 0 1 0
    outer loop
      vertex 55 14 -81.5
      vertex 55 14 -111
      vertex 42.7528 14 -81.5
    endloop
  endfacet
  facet normal 0 1 0
    outer loop
      vertex 42.7528 14 -78.5
      vertex 55 14 -69
      vertex 55 14 -78.5
    endloop
  endfacet
  facet normal 0 1 0
    outer loop
      vertex 55 14 -69
      vertex 42.7528 14 -78.5
      vertex 27 14 -69
    endloop
  endfacet
  facet normal 0 1 -0
    outer loop
      vertex 42.7528 14 -81.5
      vertex 27 14 -69
      vertex 42.7528 14 -78.5
    endloop
  endfacet
  facet normal 0 1 0
    outer loop
      vertex 27 14 -111
      vertex 42.7528 14 -81.5
      vertex 55 14 -111
    endloop
  endfacet
  facet normal 0 1 0
    outer loop
      vertex 42.7528 14 -81.5
      vertex 27 14 -111
      vertex 27 14 -69
    endloop
  endfacet
  facet normal 0 -1 0
    outer loop
      vertex 27 -14 -69
      vertex 42.7528 -14 -78.5
      vertex 55 -14 -69
    endloop
  endfacet
  facet normal 0 -1 0
    outer loop
      vertex 27 -14 -69
      vertex 42.7528 -14 -81.5
      vertex 42.7528 -14 -78.5
    endloop
  endfacet
  facet normal 0 -1 0
    outer loop
      vertex 27 -14 -111
      vertex 42.7528 -14 -81.5
      vertex 27 -14 -69
    endloop
  endfacet
  facet normal 0 -1 0
    outer loop
      vertex 55 -14 -111
      vertex 42.7528 -14 -81.5
      vertex 27 -14 -111
    endloop
  endfacet
  facet normal 0 -1 0
    outer loop
      vertex 42.7528 -14 -81.5
      vertex 55 -14 -111
      vertex 55 -14 -81.5
    endloop
  endfacet
  facet normal 0 -1 -0
    outer loop
      vertex 55 -14 -69
      vertex 42.7528 -14 -78.5
      vertex 55 -14 -78.5
    endloop
  endfacet
  facet normal 1 -0 0
    outer loop
      vertex -27 -14 -69
      vertex -27 14 -111
      vertex -27 14 -69
    endloop
  endfacet
  facet normal 1 0 0
    outer loop
      vertex -27 14 -111
      vertex -27 -14 -69
      vertex -27 -14 -111
    endloop
  endfacet
  facet normal 0 0 1
    outer loop
      vertex -27 14 -69
      vertex -50.1938 10 -69
      vertex -27 -14 -69
    endloop
  endfacet
  facet normal -0 0 1
    outer loop
      vertex -55 14 -69
      vertex -50.1938 10 -69
      vertex -27 14 -69
    endloop
  endfacet
  facet normal 0 0 1
    outer loop
      vertex -50.1938 10 -69
      vertex -55 14 -69
      vertex -55 10 -69
    endloop
  endfacet
  facet normal -0 0 1
    outer loop
      vertex -50.1938 -10 -69
      vertex -27 -14 -69
      vertex -50.1938 10 -69
    endloop
  endfacet
  facet normal 0 0 1
    outer loop
      vertex -55 -14 -69
      vertex -50.1938 -10 -69
      vertex -55 -10 -69
    endloop
  endfacet
  facet normal 0 0 1
    outer loop
      vertex -50.1938 -10 -69
      vertex -55 -14 -69
      vertex -27 -14 -69
    endloop
  endfacet
  facet normal 0 0 -1
    outer loop
      vertex -55 -14 -111
      vertex -27 14 -111
      vertex -27 -14 -111
    endloop
  endfacet
  facet normal -0 0 -1
    outer loop
      vertex -27 14 -111
      vertex -55 -14 -111
      vertex -55 14 -111
    endloop
  endfacet
  facet normal -1 0 0
    outer loop
      vertex -55 14 -78.5
      vertex -55 10 -71.1777
      vertex -55 14 -69
    endloop
  endfacet
  facet normal -1 0 0
    outer loop
      vertex -55 14 -78.5
      vertex -55 -10 -71.1777
      vertex -55 10 -71.1777
    endloop
  endfacet
  facet normal -1 0 0
    outer loop
      vertex -55 -14 -78.5
      vertex -55 -10 -71.1777
      vertex -55 14 -78.5
    endloop
  endfacet
  facet normal -1 0 0
    outer loop
      vertex -55 -14 -69
      vertex -55 -10 -71.1777
      vertex -55 -14 -78.5
    endloop
  endfacet
  facet normal -1 0 0
    outer loop
      vertex -55 -10 -71.1777
      vertex -55 -14 -69
      vertex -55 -10 -69
    endloop
  endfacet
  facet normal -1 -0 0
    outer loop
      vertex -55 14 -69
      vertex -55 10 -71.1777
      vertex -55 10 -69
    endloop
  endfacet
  facet normal -1 0 0
    outer loop
      vertex -55 -14 -111
      vertex -55 14 -81.5
      vertex -55 14 -111
    endloop
  endfacet
  facet normal -1 -0 0
    outer loop
      vertex -55 14 -81.5
      vertex -55 -14 -111
      vertex -55 -14 -81.5
    endloop
  endfacet
  facet normal 0 1 0
    outer loop
      vertex -27 14 -69
      vertex -42.7528 14 -78.5
      vertex -55 14 -69
    endloop
  endfacet
  facet normal 0 1 0
    outer loop
      vertex -27 14 -69
      vertex -42.7528 14 -81.5
      vertex -42.7528 14 -78.5
    endloop
  endfacet
  facet normal 0 1 -0
    outer loop
      vertex -27 14 -111
      vertex -42.7528 14 -81.5
      vertex -27 14 -69
    endloop
  endfacet
  facet normal 0 1 0
    outer loop
      vertex -55 14 -111
      vertex -42.7528 14 -81.5
      vertex -27 14 -111
    endloop
  endfacet
  facet normal 0 1 0
    outer loop
      vertex -42.7528 14 -81.5
      vertex -55 14 -111
      vertex -55 14 -81.5
    endloop
  endfacet
  facet normal 0 1 0
    outer loop
      vertex -55 14 -69
      vertex -42.7528 14 -78.5
      vertex -55 14 -78.5
    endloop
  endfacet
  facet normal 0 -1 0
    outer loop
      vertex -55 -14 -81.5
      vertex -55 -14 -111
      vertex -42.7528 -14 -81.5
    endloop
  endfacet
  facet normal 0 -1 0
    outer loop
      vertex -42.7528 -14 -78.5
      vertex -55 -14 -69
      vertex -55 -14 -78.5
    endloop
  endfacet
  facet normal 0 -1 0
    outer loop
      vertex -55 -14 -69
      vertex -42.7528 -14 -78.5
      vertex -27 -14 -69
    endloop
  endfacet
  facet normal 0 -1 0
    outer loop
      vertex -42.7528 -14 -81.5
      vertex -27 -14 -69
      vertex -42.7528 -14 -78.5
    endloop
  endfacet
  facet normal 0 -1 0
    outer loop
      vertex -27 -14 -111
      vertex -42.7528 -14 -81.5
      vertex -55 -14 -111
    endloop
  endfacet
  facet normal 0 -1 0
    outer loop
      vertex -42.7528 -14 -81.5
      vertex -27 -14 -111
      vertex -27 -14 -69
    endloop
  endfacet
  facet normal 1 0 0
    outer loop
      vertex 55 14 -14
      vertex 55 10 -30.2235
      vertex 55 14 -56
    endloop
  endfacet
  facet normal 1 0 0
    outer loop
      vertex 55 14 -14
      vertex 55 -10 -30.2235
      vertex 55 10 -30.2235
    endloop
  endfacet
  facet normal 1 -0 0
    outer loop
      vertex 55 -14 -14
      vertex 55 -10 -30.2235
      vertex 55 14 -14
    endloop
  endfacet
  facet normal 1 0 0
    outer loop
      vertex 55 -14 -56
      vertex 55 -10 -30.2235
      vertex 55 -14 -14
    endloop
  endfacet
  facet normal 1 0 0
    outer loop
      vertex 55 -10 -30.2235
      vertex 55 -14 -56
      vertex 55 -10 -56
    endloop
  endfacet
  facet normal 1 0 0
    outer loop
      vertex 55 14 -56
      vertex 55 10 -30.2235
      vertex 55 10 -56
    endloop
  endfacet
  facet normal -0 0 1
    outer loop
      vertex 27 14 -14
      vertex 55 -14 -14
      vertex 55 14 -14
    endloop
  endfacet
  facet normal 0 0 1
    outer loop
      vertex 55 -14 -14
      vertex 27 14 -14
      vertex 27 -14 -14
    endloop
  endfacet
  facet normal 0 0 -1
    outer loop
      vertex 27 10 -56
      vertex 55 14 -56
      vertex 55 10 -56
    endloop
  endfacet
  facet normal -0 0 -1
    outer loop
      vertex 55 14 -56
      vertex 27 10 -56
      vertex 27 14 -56
    endloop
  endfacet
  facet normal 0 0 -1
    outer loop
      vertex 27 -14 -56
      vertex 55 -10 -56
      vertex 55 -14 -56
    endloop
  endfacet
  facet normal -0 0 -1
    outer loop
      vertex 55 -10 -56
      vertex 27 -14 -56
      vertex 27 -10 -56
    endloop
  endfacet
  facet normal -1 0 0
    outer loop
      vertex 27 -10 -56
      vertex 27 -14 -56
      vertex 27 -10 -23.2616
    endloop
  endfacet
  facet normal -1 0 0
    outer loop
      vertex 27 10 -23.2616
      vertex 27 14 -56
      vertex 27 10 -56
    endloop
  endfacet
  facet normal -1 0 0
    outer loop
      vertex 27 14 -56
      vertex 27 10 -23.2616
      vertex 27 14 -14
    endloop
  endfacet
  facet normal -1 0 0
    outer loop
      vertex 27 -10 -23.2616
      vertex 27 14 -14
      vertex 27 10 -23.2616
    endloop
  endfacet
  facet normal -1 0 0
    outer loop
      vertex 27 -10 -23.2616
      vertex 27 -14 -14
      vertex 27 14 -14
    endloop
  endfacet
  facet normal -1 0 0
    outer loop
      vertex 27 -14 -14
      vertex 27 -10 -23.2616
      vertex 27 -14 -56
    endloop
  endfacet
  facet normal 0 1 -0
    outer loop
      vertex 55 14 -56
      vertex 27 14 -14
      vertex 55 14 -14
    endloop
  endfacet
  facet normal 0 1 0
    outer loop
      vertex 27 14 -14
      vertex 55 14 -56
      vertex 27 14 -56
    endloop
  endfacet
  facet normal 0 -1 0
    outer loop
      vertex 27 -14 -56
      vertex 55 -14 -14
      vertex 27 -14 -14
    endloop
  endfacet
  facet normal 0 -1 -0
    outer loop
      vertex 55 -14 -14
      vertex 27 -14 -56
      vertex 55 -14 -56
    endloop
  endfacet
  facet normal 1 0 0
    outer loop
      vertex -27 14 -14
      vertex -27 10 -23.2616
      vertex -27 14 -56
    endloop
  endfacet
  facet normal 1 0 0
    outer loop
      vertex -27 14 -14
      vertex -27 -10 -23.2616
      vertex -27 10 -23.2616
    endloop
  endfacet
  facet normal 1 -0 0
    outer loop
      vertex -27 -14 -14
      vertex -27 -10 -23.2616
      vertex -27 14 -14
    endloop
  endfacet
  facet normal 1 0 0
    outer loop
      vertex -27 -14 -56
      vertex -27 -10 -23.2616
      vertex -27 -14 -14
    endloop
  endfacet
  facet normal 1 0 0
    outer loop
      vertex -27 -10 -23.2616
      vertex -27 -14 -56
      vertex -27 -10 -56
    endloop
  endfacet
  facet normal 1 0 0
    outer loop
      vertex -27 14 -56
      vertex -27 10 -23.2616
      vertex -27 10 -56
    endloop
  endfacet
  facet normal -0 0 1
    outer loop
      vertex -55 14 -14
      vertex -27 -14 -14
      vertex -27 14 -14
    endloop
  endfacet
  facet normal 0 0 1
    outer loop
      vertex -27 -14 -14
      vertex -55 14 -14
      vertex -55 -14 -14
    endloop
  endfacet
  facet normal 0 0 -1
    outer loop
      vertex -55 10 -56
      vertex -27 14 -56
      vertex -27 10 -56
    endloop
  endfacet
  facet normal -0 0 -1
    outer loop
      vertex -27 14 -56
      vertex -55 10 -56
      vertex -55 14 -56
    endloop
  endfacet
  facet normal 0 0 -1
    outer loop
      vertex -55 -14 -56
      vertex -27 -10 -56
      vertex -27 -14 -56
    endloop
  endfacet
  facet normal -0 0 -1
    outer loop
      vertex -27 -10 -56
      vertex -55 -14 -56
      vertex -55 -10 -56
    endloop
  endfacet
  facet normal -1 0 0
    outer loop
      vertex -55 -10 -56
      vertex -55 -14 -56
      vertex -55 -10 -30.2235
    endloop
  endfacet
  facet normal -1 0 0
    outer loop
      vertex -55 10 -30.2235
      vertex -55 14 -56
      vertex -55 10 -56
    endloop
  endfacet
  facet normal -1 0 0
    outer loop
      vertex -55 14 -56
      vertex -55 10 -30.2235
      vertex -55 14 -14
    endloop
  endfacet
  facet normal -1 0 0
    outer loop
      vertex -55 -10 -30.2235
      vertex -55 14 -14
      vertex -55 10 -30.2235
    endloop
  endfacet
  facet normal -1 0 0
    outer loop
      vertex -55 -10 -30.2235
      vertex -55 -14 -14
      vertex -55 14 -14
    endloop
  endfacet
  facet normal -1 0 0
    outer loop
      vertex -55 -14 -14
      vertex -55 -10 -30.2235
      vertex -55 -14 -56
    endloop
  endfacet
  facet normal 0 1 -0
    outer loop
      vertex -27 14 -56
      vertex -55 14 -14
      vertex -27 14 -14
    endloop
  endfacet
  facet normal 0 1 0
    outer loop
      vertex -55 14 -14
      vertex -27 14 -56
      vertex -55 14 -56
    endloop
  endfacet
  facet normal 0 -1 0
    outer loop
      vertex -55 -14 -56
      vertex -27 -14 -14
      vertex -55 -14 -14
    endloop
  endfacet
  facet normal 0 -1 -0
    outer loop
      vertex -27 -14 -14
      vertex -55 -14 -56
      vertex -27 -14 -56
    endloop
  endfacet
  facet normal 1 -0 0
    outer loop
      vertex 55 -14 41
      vertex 55 14 1.5
      vertex 55 14 41
    endloop
  endfacet
  facet normal 1 0 0
    outer loop
      vertex 55 14 1.5
      vertex 55 -14 41
      vertex 55 -14 1.5
    endloop
  endfacet
  facet normal -0 0 1
    outer loop
      vertex 27 14 41
      vertex 55 -14 41
      vertex 55 14 41
    endloop
  endfacet
  facet normal 0 0 1
    outer loop
      vertex 55 -14 41
      vertex 27 14 41
      vertex 27 -14 41
    endloop
  endfacet
  facet normal 0 0 -1
    outer loop
      vertex 27 -14 -1
      vertex 45 0 -1
      vertex 44.9037 -2.94314 -1
    endloop
  endfacet
  facet normal 0 0 -1
    outer loop
      vertex 27 -14 -1
      vertex 44.9037 -2.94314 -1
      vertex 44.615 -5.87368 -1
    endloop
  endfacet
  facet normal 0 0 -1
    outer loop
      vertex 27 14 -1
      vertex 45 0 -1
      vertex 27 -14 -1
    endloop
  endfacet
  facet normal 0 0 -1
    outer loop
      vertex 27 -14 -1
      vertex 44.615 -5.87368 -1
      vertex 44.1353 -8.77906 -1
    endloop
  endfacet
  facet normal 0 0 -1
    outer loop
      vertex 45 0 -1
      vertex 27 14 -1
      vertex 44.9037 2.94314 -1
    endloop
  endfacet
  facet normal 0 0 -1
    outer loop
      vertex 27 -14 -1
      vertex 44.1353 -8.77906 -1
      vertex 43.4667 -11.6469 -1
    endloop
  endfacet
  facet normal 0 0 -1
    outer loop
      vertex 44.9037 2.94314 -1
      vertex 27 14 -1
      vertex 44.615 5.87368 -1
    endloop
  endfacet
  facet normal 0 0 -1
    outer loop
      vertex 27 -14 -1
      vertex 43.4667 -11.6469 -1
      vertex 42.7528 -14 -1
    endloop
  endfacet
  facet normal 0 0 -1
    outer loop
      vertex 44.615 5.87368 -1
      vertex 27 14 -1
      vertex 44.1353 8.77906 -1
    endloop
  endfacet
  facet normal 0 0 -1
    outer loop
      vertex 44.1353 8.77906 -1
      vertex 27 14 -1
      vertex 43.4667 11.6469 -1
    endloop
  endfacet
  facet normal 0 0 -1
    outer loop
      vertex 43.4667 11.6469 -1
      vertex 27 14 -1
      vertex 42.7528 14 -1
    endloop
  endfacet
  facet normal -1 0 0
    outer loop
      vertex 27 -14 -1
      vertex 27 14 41
      vertex 27 14 -1
    endloop
  endfacet
  facet normal -1 -0 0
    outer loop
      vertex 27 14 41
      vertex 27 -14 -1
      vertex 27 -14 41
    endloop
  endfacet
  facet normal 0 1 0
    outer loop
      vertex 42.7528 14 1.5
      vertex 55 14 41
      vertex 55 14 1.5
    endloop
  endfacet
  facet normal 0 1 0
    outer loop
      vertex 55 14 41
      vertex 42.7528 14 1.5
      vertex 27 14 41
    endloop
  endfacet
  facet normal 0 1 0
    outer loop
      vertex 27 14 -1
      vertex 42.7528 14 1.5
      vertex 42.7528 14 -1
    endloop
  endfacet
  facet normal 0 1 0
    outer loop
      vertex 42.7528 14 1.5
      vertex 27 14 -1
      vertex 27 14 41
    endloop
  endfacet
  facet normal 0 -1 0
    outer loop
      vertex 27 -14 41
      vertex 42.7528 -14 1.5
      vertex 55 -14 41
    endloop
  endfacet
  facet normal 0 -1 0
    outer loop
      vertex 27 -14 -1
      vertex 42.7528 -14 1.5
      vertex 27 -14 41
    endloop
  endfacet
  facet normal 0 -1 -0
    outer loop
      vertex 42.7528 -14 1.5
      vertex 27 -14 -1
      vertex 42.7528 -14 -1
    endloop
  endfacet
  facet normal 0 -1 -0
    outer loop
      vertex 55 -14 41
      vertex 42.7528 -14 1.5
      vertex 55 -14 1.5
    endloop
  endfacet
  facet normal 1 -0 0
    outer loop
      vertex -27 -14 41
      vertex -27 14 -1
      vertex -27 14 41
    endloop
  endfacet
  facet normal 1 0 0
    outer loop
      vertex -27 14 -1
      vertex -27 -14 41
      vertex -27 -14 -1
    endloop
  endfacet
  facet normal -0 0 1
    outer loop
      vertex -55 14 41
      vertex -27 -14 41
      vertex -27 14 41
    endloop
  endfacet
  facet normal 0 0 1
    outer loop
      vertex -27 -14 41
      vertex -55 14 41
      vertex -55 -14 41
    endloop
  endfacet
  facet normal 0 0 -1
    outer loop
      vertex -43.4667 -11.6469 -1
      vertex -27 -14 -1
      vertex -42.7528 -14 -1
    endloop
  endfacet
  facet normal 0 0 -1
    outer loop
      vertex -44.1353 -8.77906 -1
      vertex -27 -14 -1
      vertex -43.4667 -11.6469 -1
    endloop
  endfacet
  facet normal 0 0 -1
    outer loop
      vertex -44.615 -5.87368 -1
      vertex -27 -14 -1
      vertex -44.1353 -8.77906 -1
    endloop
  endfacet
  facet normal -0 0 -1
    outer loop
      vertex -27 14 -1
      vertex -43.4667 11.6469 -1
      vertex -42.7528 14 -1
    endloop
  endfacet
  facet normal 0 0 -1
    outer loop
      vertex -44.9037 -2.94314 -1
      vertex -27 -14 -1
      vertex -44.615 -5.87368 -1
    endloop
  endfacet
  facet normal 0 0 -1
    outer loop
      vertex -27 14 -1
      vertex -44.1353 8.77906 -1
      vertex -43.4667 11.6469 -1
    endloop
  endfacet
  facet normal 0 0 -1
    outer loop
      vertex -45 0 -1
      vertex -27 -14 -1
      vertex -44.9037 -2.94314 -1
    endloop
  endfacet
  facet normal 0 0 -1
    outer loop
      vertex -27 14 -1
      vertex -44.615 5.87368 -1
      vertex -44.1353 8.77906 -1
    endloop
  endfacet
  facet normal 0 0 -1
    outer loop
      vertex -27 -14 -1
      vertex -45 0 -1
      vertex -27 14 -1
    endloop
  endfacet
  facet normal 0 0 -1
    outer loop
      vertex -27 14 -1
      vertex -44.9037 2.94314 -1
      vertex -44.615 5.87368 -1
    endloop
  endfacet
  facet normal 0 0 -1
    outer loop
      vertex -27 14 -1
      vertex -45 0 -1
      vertex -44.9037 2.94314 -1
    endloop
  endfacet
  facet normal -1 0 0
    outer loop
      vertex -55 -14 1.5
      vertex -55 14 41
      vertex -55 14 1.5
    endloop
  endfacet
  facet normal -1 -0 0
    outer loop
      vertex -55 14 41
      vertex -55 -14 1.5
      vertex -55 -14 41
    endloop
  endfacet
  facet normal 0 1 0
    outer loop
      vertex -27 14 41
      vertex -42.7528 14 1.5
      vertex -55 14 41
    endloop
  endfacet
  facet normal 0 1 -0
    outer loop
      vertex -27 14 -1
      vertex -42.7528 14 1.5
      vertex -27 14 41
    endloop
  endfacet
  facet normal 0 1 0
    outer loop
      vertex -42.7528 14 1.5
      vertex -27 14 -1
      vertex -42.7528 14 -1
    endloop
  endfacet
  facet normal 0 1 0
    outer loop
      vertex -55 14 41
      vertex -42.7528 14 1.5
      vertex -55 14 1.5
    endloop
  endfacet
  facet normal 0 -1 0
    outer loop
      vertex -42.7528 -14 1.5
      vertex -55 -14 41
      vertex -55 -14 1.5
    endloop
  endfacet
  facet normal 0 -1 0
    outer loop
      vertex -55 -14 41
      vertex -42.7528 -14 1.5
      vertex -27 -14 41
    endloop
  endfacet
  facet normal 0 -1 0
    outer loop
      vertex -27 -14 -1
      vertex -42.7528 -14 1.5
      vertex -42.7528 -14 -1
    endloop
  endfacet
  facet normal 0 -1 0
    outer loop
      vertex -42.7528 -14 1.5
      vertex -27 -14 -1
      vertex -27 -14 41
    endloop
  endfacet
  facet normal 1 -0 0
    outer loop
      vertex 55 -14 96
      vertex 55 14 81.5
      vertex 55 14 96
    endloop
  endfacet
  facet normal 1 0 0
    outer loop
      vertex 55 14 81.5
      vertex 55 -14 96
      vertex 55 -14 81.5
    endloop
  endfacet
  facet normal 1 -0 0
    outer loop
      vertex 55 -14 78.5
      vertex 55 14 54
      vertex 55 14 78.5
    endloop
  endfacet
  facet normal 1 0 0
    outer loop
      vertex 55 14 54
      vertex 55 -14 78.5
      vertex 55 -14 54
    endloop
  endfacet
  facet normal -0 0 1
    outer loop
      vertex 27 14 96
      vertex 55 -14 96
      vertex 55 14 96
    endloop
  endfacet
  facet normal 0 0 1
    outer loop
      vertex 55 -14 96
      vertex 27 14 96
      vertex 27 -14 96
    endloop
  endfacet
  facet normal 0 0 -1
    outer loop
      vertex 27 -14 54
      vertex 55 14 54
      vertex 55 -14 54
    endloop
  endfacet
  facet normal -0 0 -1
    outer loop
      vertex 55 14 54
      vertex 27 -14 54
      vertex 27 14 54
    endloop
  endfacet
  facet normal -1 0 0
    outer loop
      vertex 27 -14 54
      vertex 27 14 96
      vertex 27 14 54
    endloop
  endfacet
  facet normal -1 -0 0
    outer loop
      vertex 27 14 96
      vertex 27 -14 54
      vertex 27 -14 96
    endloop
  endfacet
  facet normal 0 1 0
    outer loop
      vertex 55 14 78.5
      vertex 55 14 54
      vertex 42.7528 14 78.5
    endloop
  endfacet
  facet normal 0 1 0
    outer loop
      vertex 42.7528 14 81.5
      vertex 55 14 96
      vertex 55 14 81.5
    endloop
  endfacet
  facet normal 0 1 0
    outer loop
      vertex 55 14 96
      vertex 42.7528 14 81.5
      vertex 27 14 96
    endloop
  endfacet
  facet normal 0 1 -0
    outer loop
      vertex 42.7528 14 78.5
      vertex 27 14 96
      vertex 42.7528 14 81.5
    endloop
  endfacet
  facet normal 0 1 0
    outer loop
      vertex 27 14 54
      vertex 42.7528 14 78.5
      vertex 55 14 54
    endloop
  endfacet
  facet normal 0 1 0
    outer loop
      vertex 42.7528 14 78.5
      vertex 27 14 54
      vertex 27 14 96
    endloop
  endfacet
  facet normal 0 -1 0
    outer loop
      vertex 27 -14 96
      vertex 42.7528 -14 81.5
      vertex 55 -14 96
    endloop
  endfacet
  facet normal 0 -1 0
    outer loop
      vertex 27 -14 96
      vertex 42.7528 -14 78.5
      vertex 42.7528 -14 81.5
    endloop
  endfacet
  facet normal 0 -1 0
    outer loop
      vertex 27 -14 54
      vertex 42.7528 -14 78.5
      vertex 27 -14 96
    endloop
  endfacet
  facet normal 0 -1 0
    outer loop
      vertex 55 -14 54
      vertex 42.7528 -14 78.5
      vertex 27 -14 54
    endloop
  endfacet
  facet normal 0 -1 0
    outer loop
      vertex 42.7528 -14 78.5
      vertex 55 -14 54
      vertex 55 -14 78.5
    endloop
  endfacet
  facet normal 0 -1 -0
    outer loop
      vertex 55 -14 96
      vertex 42.7528 -14 81.5
      vertex 55 -14 81.5
    endloop
  endfacet
  facet normal 1 -0 0
    outer loop
      vertex -27 -14 96
      vertex -27 14 54
      vertex -27 14 96
    endloop
  endfacet
  facet normal 1 0 0
    outer loop
      vertex -27 14 54
      vertex -27 -14 96
      vertex -27 -14 54
    endloop
  endfacet
  facet normal -0 0 1
    outer loop
      vertex -55 14 96
      vertex -27 -14 96
      vertex -27 14 96
    endloop
  endfacet
  facet normal 0 0 1
    outer loop
      vertex -27 -14 96
      vertex -55 14 96
      vertex -55 -14 96
    endloop
  endfacet
  facet normal 0 0 -1
    outer loop
      vertex -55 -14 54
      vertex -27 14 54
      vertex -27 -14 54
    endloop
  endfacet
  facet normal -0 0 -1
    outer loop
      vertex -27 14 54
      vertex -55 -14 54
      vertex -55 14 54
    endloop
  endfacet
  facet normal -1 0 0
    outer loop
      vertex -55 -14 81.5
      vertex -55 14 96
      vertex -55 14 81.5
    endloop
  endfacet
  facet normal -1 -0 0
    outer loop
      vertex -55 14 96
      vertex -55 -14 81.5
      vertex -55 -14 96
    endloop
  endfacet
  facet normal -1 0 0
    outer loop
      vertex -55 -14 54
      vertex -55 14 78.5
      vertex -55 14 54
    endloop
  endfacet
  facet normal -1 -0 0
    outer loop
      vertex -55 14 78.5
      vertex -55 -14 54
      vertex -55 -14 78.5
    endloop
  endfacet
  facet normal 0 1 0
    outer loop
      vertex -27 14 96
      vertex -42.7528 14 81.5
      vertex -55 14 96
    endloop
  endfacet
  facet normal 0 1 0
    outer loop
      vertex -27 14 96
      vertex -42.7528 14 78.5
      vertex -42.7528 14 81.5
    endloop
  endfacet
  facet normal 0 1 -0
    outer loop
      vertex -27 14 54
      vertex -42.7528 14 78.5
      vertex -27 14 96
    endloop
  endfacet
  facet normal 0 1 0
    outer loop
      vertex -55 14 54
      vertex -42.7528 14 78.5
      vertex -27 14 54
    endloop
  endfacet
  facet normal 0 1 0
    outer loop
      vertex -42.7528 14 78.5
      vertex -55 14 54
      vertex -55 14 78.5
    endloop
  endfacet
  facet normal 0 1 0
    outer loop
      vertex -55 14 96
      vertex -42.7528 14 81.5
      vertex -55 14 81.5
    endloop
  endfacet
  facet normal 0 -1 0
    outer loop
      vertex -55 -14 78.5
      vertex -55 -14 54
      vertex -42.7528 -14 78.5
    endloop
  endfacet
  facet normal 0 -1 0
    outer loop
      vertex -42.7528 -14 81.5
      vertex -55 -14 96
      vertex -55 -14 81.5
    endloop
  endfacet
  facet normal 0 -1 0
    outer loop
      vertex -55 -14 96
      vertex -42.7528 -14 81.5
      vertex -27 -14 96
    endloop
  endfacet
  facet normal 0 -1 0
    outer loop
      vertex -42.7528 -14 78.5
      vertex -27 -14 96
      vertex -42.7528 -14 81.5
    endloop
  endfacet
  facet normal 0 -1 0
    outer loop
      vertex -27 -14 54
      vertex -42.7528 -14 78.5
      vertex -55 -14 54
    endloop
  endfacet
  facet normal 0 -1 0
    outer loop
      vertex -42.7528 -14 78.5
      vertex -27 -14 54
      vertex -27 -14 96
    endloop
  endfacet
  facet normal 1 -0 0
    outer loop
      vertex 55 -14 151
      vertex 55 14 109
      vertex 55 14 151
    endloop
  endfacet
  facet normal 1 0 0
    outer loop
      vertex 55 14 109
      vertex 55 -14 151
      vertex 55 -14 109
    endloop
  endfacet
  facet normal -0 0 1
    outer loop
      vertex 27 14 151
      vertex 55 -14 151
      vertex 55 14 151
    endloop
  endfacet
  facet normal 0 0 1
    outer loop
      vertex 55 -14 151
      vertex 27 14 151
      vertex 27 -14 151
    endloop
  endfacet
  facet normal 0 0 -1
    outer loop
      vertex 27 -14 109
      vertex 55 14 109
      vertex 55 -14 109
    endloop
  endfacet
  facet normal -0 0 -1
    outer loop
      vertex 55 14 109
      vertex 27 -14 109
      vertex 27 14 109
    endloop
  endfacet
  facet normal -1 0 0
    outer loop
      vertex 27 -14 109
      vertex 27 14 151
      vertex 27 14 109
    endloop
  endfacet
  facet normal -1 -0 0
    outer loop
      vertex 27 14 151
      vertex 27 -14 109
      vertex 27 -14 151
    endloop
  endfacet
  facet normal 0 1 -0
    outer loop
      vertex 55 14 109
      vertex 27 14 151
      vertex 55 14 151
    endloop
  endfacet
  facet normal 0 1 0
    outer loop
      vertex 27 14 151
      vertex 55 14 109
      vertex 27 14 109
    endloop
  endfacet
  facet normal 0 -1 0
    outer loop
      vertex 27 -14 109
      vertex 55 -14 151
      vertex 27 -14 151
    endloop
  endfacet
  facet normal 0 -1 -0
    outer loop
      vertex 55 -14 151
      vertex 27 -14 109
      vertex 55 -14 109
    endloop
  endfacet
  facet normal 1 -0 0
    outer loop
      vertex -27 -14 151
      vertex -27 14 109
      vertex -27 14 151
    endloop
  endfacet
  facet normal 1 0 0
    outer loop
      vertex -27 14 109
      vertex -27 -14 151
      vertex -27 -14 109
    endloop
  endfacet
  facet normal -0 0 1
    outer loop
      vertex -55 14 151
      vertex -27 -14 151
      vertex -27 14 151
    endloop
  endfacet
  facet normal 0 0 1
    outer loop
      vertex -27 -14 151
      vertex -55 14 151
      vertex -55 -14 151
    endloop
  endfacet
  facet normal 0 0 -1
    outer loop
      vertex -55 -14 109
      vertex -27 14 109
      vertex -27 -14 109
    endloop
  endfacet
  facet normal -0 0 -1
    outer loop
      vertex -27 14 109
      vertex -55 -14 109
      vertex -55 14 109
    endloop
  endfacet
  facet normal -1 0 0
    outer loop
      vertex -55 -14 109
      vertex -55 14 151
      vertex -55 14 109
    endloop
  endfacet
  facet normal -1 -0 0
    outer loop
      vertex -55 14 151
      vertex -55 -14 109
      vertex -55 -14 151
    endloop
  endfacet
  facet normal 0 1 -0
    outer loop
      vertex -27 14 109
      vertex -55 14 151
      vertex -27 14 151
    endloop
  endfacet
  facet normal 0 1 0
    outer loop
      vertex -55 14 151
      vertex -27 14 109
      vertex -55 14 109
    endloop
  endfacet
  facet normal 0 -1 0
    outer loop
      vertex -55 -14 109
      vertex -27 -14 151
      vertex -55 -14 151
    endloop
  endfacet
  facet normal 0 -1 -0
    outer loop
      vertex -27 -14 151
      vertex -55 -14 109
      vertex -27 -14 109
    endloop
  endfacet
  facet normal 1 -0 0
    outer loop
      vertex 55 -14 206
      vertex 55 14 164
      vertex 55 14 206
    endloop
  endfacet
  facet normal 1 0 0
    outer loop
      vertex 55 14 164
      vertex 55 -14 206
      vertex 55 -14 164
    endloop
  endfacet
  facet normal -0 0 1
    outer loop
      vertex 27 14 206
      vertex 55 -14 206
      vertex 55 14 206
    endloop
  endfacet
  facet normal 0 0 1
    outer loop
      vertex 55 -14 206
      vertex 27 14 206
      vertex 27 -14 206
    endloop
  endfacet
  facet normal 0 0 -1
    outer loop
      vertex 27 -14 164
      vertex 55 14 164
      vertex 55 -14 164
    endloop
  endfacet
  facet normal -0 0 -1
    outer loop
      vertex 55 14 164
      vertex 27 -14 164
      vertex 27 14 164
    endloop
  endfacet
  facet normal -1 0 0
    outer loop
      vertex 27 -14 164
      vertex 27 14 206
      vertex 27 14 164
    endloop
  endfacet
  facet normal -1 -0 0
    outer loop
      vertex 27 14 206
      vertex 27 -14 164
      vertex 27 -14 206
    endloop
  endfacet
  facet normal 0 1 -0
    outer loop
      vertex 55 14 164
      vertex 27 14 206
      vertex 55 14 206
    endloop
  endfacet
  facet normal 0 1 0
    outer loop
      vertex 27 14 206
      vertex 55 14 164
      vertex 27 14 164
    endloop
  endfacet
  facet normal 0 -1 0
    outer loop
      vertex 27 -14 164
      vertex 55 -14 206
      vertex 27 -14 206
    endloop
  endfacet
  facet normal 0 -1 -0
    outer loop
      vertex 55 -14 206
      vertex 27 -14 164
      vertex 55 -14 164
    endloop
  endfacet
  facet normal 1 -0 0
    outer loop
      vertex -27 -14 206
      vertex -27 14 164
      vertex -27 14 206
    endloop
  endfacet
  facet normal 1 0 0
    outer loop
      vertex -27 14 164
      vertex -27 -14 206
      vertex -27 -14 164
    endloop
  endfacet
  facet normal -0 0 1
    outer loop
      vertex -55 14 206
      vertex -27 -14 206
      vertex -27 14 206
    endloop
  endfacet
  facet normal 0 0 1
    outer loop
      vertex -27 -14 206
      vertex -55 14 206
      vertex -55 -14 206
    endloop
  endfacet
  facet normal 0 0 -1
    outer loop
      vertex -55 -14 164
      vertex -27 14 164
      vertex -27 -14 164
    endloop
  endfacet
  facet normal -0 0 -1
    outer loop
      vertex -27 14 164
      vertex -55 -14 164
      vertex -55 14 164
    endloop
  endfacet
  facet normal -1 0 0
    outer loop
      vertex -55 -14 164
      vertex -55 14 206
      vertex -55 14 164
    endloop
  endfacet
  facet normal -1 -0 0
    outer loop
      vertex -55 14 206
      vertex -55 -14 164
      vertex -55 -14 206
    endloop
  endfacet
  facet normal 0 1 -0
    outer loop
      vertex -27 14 164
      vertex -55 14 206
      vertex -27 14 206
    endloop
  endfacet
  facet normal 0 1 0
    outer loop
      vertex -55 14 206
      vertex -27 14 164
      vertex -55 14 164
    endloop
  endfacet
  facet normal 0 -1 0
    outer loop
      vertex -55 -14 164
      vertex -27 -14 206
      vertex -55 -14 206
    endloop
  endfacet
  facet normal 0 -1 -0
    outer loop
      vertex -27 -14 206
      vertex -55 -14 164
      vertex -27 -14 164
    endloop
  endfacet
  facet normal 0 1 -0
    outer loop
      vertex 21.5 100.5 0.75
      vertex -21.5 100.5 1.25
      vertex 21.5 100.5 1.25
    endloop
  endfacet
  facet normal 0 1 0
    outer loop
      vertex -21.5 100.5 1.25
      vertex 21.5 100.5 0.75
      vertex -21.5 100.5 0.75
    endloop
  endfacet
  facet normal -0 0 1
    outer loop
      vertex -21.5 100.5 1.25
      vertex 21.5 99.5 1.25
      vertex 21.5 100.5 1.25
    endloop
  endfacet
  facet normal 0 0 1
    outer loop
      vertex 21.5 99.5 1.25
      vertex -21.5 100.5 1.25
      vertex -21.5 99.5 1.25
    endloop
  endfacet
  facet normal -0 0 1
    outer loop
      vertex -21.5 119.5 0.75
      vertex 21.5 100.5 0.75
      vertex 21.5 119.5 0.75
    endloop
  endfacet
  facet normal 0 0 1
    outer loop
      vertex 21.5 100.5 0.75
      vertex -21.5 119.5 0.75
      vertex -21.5 100.5 0.75
    endloop
  endfacet
  facet normal -0 0 1
    outer loop
      vertex -21.5 139.5 0.75
      vertex 21.5 120.5 0.75
      vertex 21.5 139.5 0.75
    endloop
  endfacet
  facet normal 0 0 1
    outer loop
      vertex 21.5 120.5 0.75
      vertex -21.5 139.5 0.75
      vertex -21.5 120.5 0.75
    endloop
  endfacet
  facet normal -0 0 1
    outer loop
      vertex -21.5 159.5 0.75
      vertex 21.5 140.5 0.75
      vertex 21.5 159.5 0.75
    endloop
  endfacet
  facet normal 0 0 1
    outer loop
      vertex 21.5 140.5 0.75
      vertex -21.5 159.5 0.75
      vertex -21.5 140.5 0.75
    endloop
  endfacet
  facet normal -0 0 1
    outer loop
      vertex -21.5 179.5 0.75
      vertex 21.5 160.5 0.75
      vertex 21.5 179.5 0.75
    endloop
  endfacet
  facet normal 0 0 1
    outer loop
      vertex 21.5 160.5 0.75
      vertex -21.5 179.5 0.75
      vertex -21.5 160.5 0.75
    endloop
  endfacet
  facet normal -0 0 1
    outer loop
      vertex -21.5 199.5 0.75
      vertex 21.5 180.5 0.75
      vertex 21.5 199.5 0.75
    endloop
  endfacet
  facet normal 0 0 1
    outer loop
      vertex 21.5 180.5 0.75
      vertex -21.5 199.5 0.75
      vertex -21.5 180.5 0.75
    endloop
  endfacet
  facet normal -0 0 1
    outer loop
      vertex -21.5 219.5 0.75
      vertex 21.5 200.5 0.75
      vertex 21.5 219.5 0.75
    endloop
  endfacet
  facet normal 0 0 1
    outer loop
      vertex 21.5 200.5 0.75
      vertex -21.5 219.5 0.75
      vertex -21.5 200.5 0.75
    endloop
  endfacet
  facet normal 0 0 1
    outer loop
      vertex 21.5 219.5 0.75
      vertex 22.5 230 0.75
      vertex 21.5 220.5 0.75
    endloop
  endfacet
  facet normal 0 0 1
    outer loop
      vertex 22.5 230 0.75
      vertex -21.5 220.5 0.75
      vertex 21.5 220.5 0.75
    endloop
  endfacet
  facet normal 0 0 1
    outer loop
      vertex -22.5 230 0.75
      vertex -21.5 219.5 0.75
      vertex -21.5 220.5 0.75
    endloop
  endfacet
  facet normal 0 0 1
    outer loop
      vertex -21.5 219.5 0.75
      vertex -22.5 230 0.75
      vertex -21.5 200.5 0.75
    endloop
  endfacet
  facet normal 0 0 1
    outer loop
      vertex -21.5 200.5 0.75
      vertex -22.5 230 0.75
      vertex -21.5 199.5 0.75
    endloop
  endfacet
  facet normal 0 0 1
    outer loop
      vertex -21.5 199.5 0.75
      vertex -22.5 230 0.75
      vertex -21.5 180.5 0.75
    endloop
  endfacet
  facet normal 0 0 1
    outer loop
      vertex -21.5 180.5 0.75
      vertex -22.5 230 0.75
      vertex -21.5 179.5 0.75
    endloop
  endfacet
  facet normal 0 0 1
    outer loop
      vertex -21.5 179.5 0.75
      vertex -22.5 230 0.75
      vertex -21.5 160.5 0.75
    endloop
  endfacet
  facet normal 0 0 1
    outer loop
      vertex -21.5 160.5 0.75
      vertex -22.5 230 0.75
      vertex -21.5 159.5 0.75
    endloop
  endfacet
  facet normal 0 0 1
    outer loop
      vertex -21.5 159.5 0.75
      vertex -22.5 230 0.75
      vertex -21.5 140.5 0.75
    endloop
  endfacet
  facet normal 0 0 1
    outer loop
      vertex -21.5 140.5 0.75
      vertex -22.5 230 0.75
      vertex -21.5 139.5 0.75
    endloop
  endfacet
  facet normal 0 0 1
    outer loop
      vertex -22.5 90 0.75
      vertex -21.5 139.5 0.75
      vertex -22.5 230 0.75
    endloop
  endfacet
  facet normal 0 0 1
    outer loop
      vertex -21.5 139.5 0.75
      vertex -22.5 90 0.75
      vertex -21.5 120.5 0.75
    endloop
  endfacet
  facet normal 0 0 1
    outer loop
      vertex -21.5 120.5 0.75
      vertex -22.5 90 0.75
      vertex -21.5 119.5 0.75
    endloop
  endfacet
  facet normal 0 0 1
    outer loop
      vertex -21.5 119.5 0.75
      vertex -22.5 90 0.75
      vertex -21.5 100.5 0.75
    endloop
  endfacet
  facet normal -0 0 1
    outer loop
      vertex -22.5 230 0.75
      vertex -21.5 220.5 0.75
      vertex 22.5 230 0.75
    endloop
  endfacet
  facet normal 0 0 1
    outer loop
      vertex 21.5 200.5 0.75
      vertex 22.5 230 0.75
      vertex 21.5 219.5 0.75
    endloop
  endfacet
  facet normal 0 0 1
    outer loop
      vertex 21.5 199.5 0.75
      vertex 22.5 230 0.75
      vertex 21.5 200.5 0.75
    endloop
  endfacet
  facet normal 0 0 1
    outer loop
      vertex 21.5 180.5 0.75
      vertex 22.5 230 0.75
      vertex 21.5 199.5 0.75
    endloop
  endfacet
  facet normal 0 0 1
    outer loop
      vertex 22.5 230 0.75
      vertex 21.5 180.5 0.75
      vertex 22.5 90 0.75
    endloop
  endfacet
  facet normal -0 0 1
    outer loop
      vertex 21.5 179.5 0.75
      vertex 22.5 90 0.75
      vertex 21.5 180.5 0.75
    endloop
  endfacet
  facet normal -0 0 1
    outer loop
      vertex 21.5 160.5 0.75
      vertex 22.5 90 0.75
      vertex 21.5 179.5 0.75
    endloop
  endfacet
  facet normal -0 0 1
    outer loop
      vertex 21.5 159.5 0.75
      vertex 22.5 90 0.75
      vertex 21.5 160.5 0.75
    endloop
  endfacet
  facet normal -0 0 1
    outer loop
      vertex 21.5 140.5 0.75
      vertex 22.5 90 0.75
      vertex 21.5 159.5 0.75
    endloop
  endfacet
  facet normal -0 0 1
    outer loop
      vertex 21.5 139.5 0.75
      vertex 22.5 90 0.75
      vertex 21.5 140.5 0.75
    endloop
  endfacet
  facet normal -0 0 1
    outer loop
      vertex 21.5 120.5 0.75
      vertex 22.5 90 0.75
      vertex 21.5 139.5 0.75
    endloop
  endfacet
  facet normal -0 0 1
    outer loop
      vertex 21.5 119.5 0.75
      vertex 22.5 90 0.75
      vertex 21.5 120.5 0.75
    endloop
  endfacet
  facet normal -0 0 1
    outer loop
      vertex 21.5 100.5 0.75
      vertex 22.5 90 0.75
      vertex 21.5 119.5 0.75
    endloop
  endfacet
  facet normal -0 0 1
    outer loop
      vertex 21.5 99.5 0.75
      vertex 22.5 90 0.75
      vertex 21.5 100.5 0.75
    endloop
  endfacet
  facet normal 0 0 1
    outer loop
      vertex 21.5 99.5 0.75
      vertex 0 90 0.75
      vertex 22.5 90 0.75
    endloop
  endfacet
  facet normal -0 0 1
    outer loop
      vertex -21.5 99.5 0.75
      vertex 0 90 0.75
      vertex 21.5 99.5 0.75
    endloop
  endfacet
  facet normal 0 0 1
    outer loop
      vertex -21.5 99.5 0.75
      vertex -22.5 90 0.75
      vertex 0 90 0.75
    endloop
  endfacet
  facet normal 0 0 1
    outer loop
      vertex -21.5 100.5 0.75
      vertex -22.5 90 0.75
      vertex -21.5 99.5 0.75
    endloop
  endfacet
  facet normal 0 -1 0
    outer loop
      vertex -21.5 99.5 0.75
      vertex 21.5 99.5 1.25
      vertex -21.5 99.5 1.25
    endloop
  endfacet
  facet normal 0 -1 -0
    outer loop
      vertex 21.5 99.5 1.25
      vertex -21.5 99.5 0.75
      vertex 21.5 99.5 0.75
    endloop
  endfacet
  facet normal -1 0 0
    outer loop
      vertex -21.5 99.5 0.75
      vertex -21.5 100.5 1.25
      vertex -21.5 100.5 0.75
    endloop
  endfacet
  facet normal -1 -0 0
    outer loop
      vertex -21.5 100.5 1.25
      vertex -21.5 99.5 0.75
      vertex -21.5 99.5 1.25
    endloop
  endfacet
  facet normal 1 -0 0
    outer loop
      vertex 21.5 99.5 1.25
      vertex 21.5 100.5 0.75
      vertex 21.5 100.5 1.25
    endloop
  endfacet
  facet normal 1 0 0
    outer loop
      vertex 21.5 100.5 0.75
      vertex 21.5 99.5 1.25
      vertex 21.5 99.5 0.75
    endloop
  endfacet
  facet normal 0 1 -0
    outer loop
      vertex 21.5 120.5 0.75
      vertex -21.5 120.5 1.25
      vertex 21.5 120.5 1.25
    endloop
  endfacet
  facet normal 0 1 0
    outer loop
      vertex -21.5 120.5 1.25
      vertex 21.5 120.5 0.75
      vertex -21.5 120.5 0.75
    endloop
  endfacet
  facet normal -0 0 1
    outer loop
      vertex -21.5 120.5 1.25
      vertex 21.5 119.5 1.25
      vertex 21.5 120.5 1.25
    endloop
  endfacet
  facet normal 0 0 1
    outer loop
      vertex 21.5 119.5 1.25
      vertex -21.5 120.5 1.25
      vertex -21.5 119.5 1.25
    endloop
  endfacet
  facet normal 0 -1 0
    outer loop
      vertex -21.5 119.5 0.75
      vertex 21.5 119.5 1.25
      vertex -21.5 119.5 1.25
    endloop
  endfacet
  facet normal 0 -1 -0
    outer loop
      vertex 21.5 119.5 1.25
      vertex -21.5 119.5 0.75
      vertex 21.5 119.5 0.75
    endloop
  endfacet
  facet normal -1 0 0
    outer loop
      vertex -21.5 119.5 0.75
      vertex -21.5 120.5 1.25
      vertex -21.5 120.5 0.75
    endloop
  endfacet
  facet normal -1 -0 0
    outer loop
      vertex -21.5 120.5 1.25
      vertex -21.5 119.5 0.75
      vertex -21.5 119.5 1.25
    endloop
  endfacet
  facet normal 1 -0 0
    outer loop
      vertex 21.5 119.5 1.25
      vertex 21.5 120.5 0.75
      vertex 21.5 120.5 1.25
    endloop
  endfacet
  facet normal 1 0 0
    outer loop
      vertex 21.5 120.5 0.75
      vertex 21.5 119.5 1.25
      vertex 21.5 119.5 0.75
    endloop
  endfacet
  facet normal 0 1 -0
    outer loop
      vertex 21.5 140.5 0.75
      vertex -21.5 140.5 1.25
      vertex 21.5 140.5 1.25
    endloop
  endfacet
  facet normal 0 1 0
    outer loop
      vertex -21.5 140.5 1.25
      vertex 21.5 140.5 0.75
      vertex -21.5 140.5 0.75
    endloop
  endfacet
  facet normal -0 0 1
    outer loop
      vertex -21.5 140.5 1.25
      vertex 21.5 139.5 1.25
      vertex 21.5 140.5 1.25
    endloop
  endfacet
  facet normal 0 0 1
    outer loop
      vertex 21.5 139.5 1.25
      vertex -21.5 140.5 1.25
      vertex -21.5 139.5 1.25
    endloop
  endfacet
  facet normal 0 -1 0
    outer loop
      vertex -21.5 139.5 0.75
      vertex 21.5 139.5 1.25
      vertex -21.5 139.5 1.25
    endloop
  endfacet
  facet normal 0 -1 -0
    outer loop
      vertex 21.5 139.5 1.25
      vertex -21.5 139.5 0.75
      vertex 21.5 139.5 0.75
    endloop
  endfacet
  facet normal -1 0 0
    outer loop
      vertex -21.5 139.5 0.75
      vertex -21.5 140.5 1.25
      vertex -21.5 140.5 0.75
    endloop
  endfacet
  facet normal -1 -0 0
    outer loop
      vertex -21.5 140.5 1.25
      vertex -21.5 139.5 0.75
      vertex -21.5 139.5 1.25
    endloop
  endfacet
  facet normal 1 -0 0
    outer loop
      vertex 21.5 139.5 1.25
      vertex 21.5 140.5 0.75
      vertex 21.5 140.5 1.25
    endloop
  endfacet
  facet normal 1 0 0
    outer loop
      vertex 21.5 140.5 0.75
      vertex 21.5 139.5 1.25
      vertex 21.5 139.5 0.75
    endloop
  endfacet
  facet normal 0 1 -0
    outer loop
      vertex 21.5 160.5 0.75
      vertex -21.5 160.5 1.25
      vertex 21.5 160.5 1.25
    endloop
  endfacet
  facet normal 0 1 0
    outer loop
      vertex -21.5 160.5 1.25
      vertex 21.5 160.5 0.75
      vertex -21.5 160.5 0.75
    endloop
  endfacet
  facet normal -0 0 1
    outer loop
      vertex -21.5 160.5 1.25
      vertex 21.5 159.5 1.25
      vertex 21.5 160.5 1.25
    endloop
  endfacet
  facet normal 0 0 1
    outer loop
      vertex 21.5 159.5 1.25
      vertex -21.5 160.5 1.25
      vertex -21.5 159.5 1.25
    endloop
  endfacet
  facet normal 0 -1 0
    outer loop
      vertex -21.5 159.5 0.75
      vertex 21.5 159.5 1.25
      vertex -21.5 159.5 1.25
    endloop
  endfacet
  facet normal 0 -1 -0
    outer loop
      vertex 21.5 159.5 1.25
      vertex -21.5 159.5 0.75
      vertex 21.5 159.5 0.75
    endloop
  endfacet
  facet normal -1 0 0
    outer loop
      vertex -21.5 159.5 0.75
      vertex -21.5 160.5 1.25
      vertex -21.5 160.5 0.75
    endloop
  endfacet
  facet normal -1 -0 0
    outer loop
      vertex -21.5 160.5 1.25
      vertex -21.5 159.5 0.75
      vertex -21.5 159.5 1.25
    endloop
  endfacet
  facet normal 1 -0 0
    outer loop
      vertex 21.5 159.5 1.25
      vertex 21.5 160.5 0.75
      vertex 21.5 160.5 1.25
    endloop
  endfacet
  facet normal 1 0 0
    outer loop
      vertex 21.5 160.5 0.75
      vertex 21.5 159.5 1.25
      vertex 21.5 159.5 0.75
    endloop
  endfacet
  facet normal 0 1 -0
    outer loop
      vertex 21.5 180.5 0.75
      vertex -21.5 180.5 1.25
      vertex 21.5 180.5 1.25
    endloop
  endfacet
  facet normal 0 1 0
    outer loop
      vertex -21.5 180.5 1.25
      vertex 21.5 180.5 0.75
      vertex -21.5 180.5 0.75
    endloop
  endfacet
  facet normal -0 0 1
    outer loop
      vertex -21.5 180.5 1.25
      vertex 21.5 179.5 1.25
      vertex 21.5 180.5 1.25
    endloop
  endfacet
  facet normal 0 0 1
    outer loop
      vertex 21.5 179.5 1.25
      vertex -21.5 180.5 1.25
      vertex -21.5 179.5 1.25
    endloop
  endfacet
  facet normal 0 -1 0
    outer loop
      vertex -21.5 179.5 0.75
      vertex 21.5 179.5 1.25
      vertex -21.5 179.5 1.25
    endloop
  endfacet
  facet normal 0 -1 -0
    outer loop
      vertex 21.5 179.5 1.25
      vertex -21.5 179.5 0.75
      vertex 21.5 179.5 0.75
    endloop
  endfacet
  facet normal -1 0 0
    outer loop
      vertex -21.5 179.5 0.75
      vertex -21.5 180.5 1.25
      vertex -21.5 180.5 0.75
    endloop
  endfacet
  facet normal -1 -0 0
    outer loop
      vertex -21.5 180.5 1.25
      vertex -21.5 179.5 0.75
      vertex -21.5 179.5 1.25
    endloop
  endfacet
  facet normal 1 -0 0
    outer loop
      vertex 21.5 179.5 1.25
      vertex 21.5 180.5 0.75
      vertex 21.5 180.5 1.25
    endloop
  endfacet
  facet normal 1 0 0
    outer loop
      vertex 21.5 180.5 0.75
      vertex 21.5 179.5 1.25
      vertex 21.5 179.5 0.75
    endloop
  endfacet
  facet normal 0 1 -0
    outer loop
      vertex 21.5 200.5 0.75
      vertex -21.5 200.5 1.25
      vertex 21.5 200.5 1.25
    endloop
  endfacet
  facet normal 0 1 0
    outer loop
      vertex -21.5 200.5 1.25
      vertex 21.5 200.5 0.75
      vertex -21.5 200.5 0.75
    endloop
  endfacet
  facet normal -0 0 1
    outer loop
      vertex -21.5 200.5 1.25
      vertex 21.5 199.5 1.25
      vertex 21.5 200.5 1.25
    endloop
  endfacet
  facet normal 0 0 1
    outer loop
      vertex 21.5 199.5 1.25
      vertex -21.5 200.5 1.25
      vertex -21.5 199.5 1.25
    endloop
  endfacet
  facet normal 0 -1 0
    outer loop
      vertex -21.5 199.5 0.75
      vertex 21.5 199.5 1.25
      vertex -21.5 199.5 1.25
    endloop
  endfacet
  facet normal 0 -1 -0
    outer loop
      vertex 21.5 199.5 1.25
      vertex -21.5 199.5 0.75
      vertex 21.5 199.5 0.75
    endloop
  endfacet
  facet normal -1 0 0
    outer loop
      vertex -21.5 199.5 0.75
      vertex -21.5 200.5 1.25
      vertex -21.5 200.5 0.75
    endloop
  endfacet
  facet normal -1 -0 0
    outer loop
      vertex -21.5 200.5 1.25
      vertex -21.5 199.5 0.75
      vertex -21.5 199.5 1.25
    endloop
  endfacet
  facet normal 1 -0 0
    outer loop
      vertex 21.5 199.5 1.25
      vertex 21.5 200.5 0.75
      vertex 21.5 200.5 1.25
    endloop
  endfacet
  facet normal 1 0 0
    outer loop
      vertex 21.5 200.5 0.75
      vertex 21.5 199.5 1.25
      vertex 21.5 199.5 0.75
    endloop
  endfacet
  facet normal 0 1 -0
    outer loop
      vertex 21.5 220.5 0.75
      vertex -21.5 220.5 1.25
      vertex 21.5 220.5 1.25
    endloop
  endfacet
  facet normal 0 1 0
    outer loop
      vertex -21.5 220.5 1.25
      vertex 21.5 220.5 0.75
      vertex -21.5 220.5 0.75
    endloop
  endfacet
  facet normal -0 0 1
    outer loop
      vertex -21.5 220.5 1.25
      vertex 21.5 219.5 1.25
      vertex 21.5 220.5 1.25
    endloop
  endfacet
  facet normal 0 0 1
    outer loop
      vertex 21.5 219.5 1.25
      vertex -21.5 220.5 1.25
      vertex -21.5 219.5 1.25
    endloop
  endfacet
  facet normal 0 -1 0
    outer loop
      vertex -21.5 219.5 0.75
      vertex 21.5 219.5 1.25
      vertex -21.5 219.5 1.25
    endloop
  endfacet
  facet normal 0 -1 -0
    outer loop
      vertex 21.5 219.5 1.25
      vertex -21.5 219.5 0.75
      vertex 21.5 219.5 0.75
    endloop
  endfacet
  facet normal -1 0 0
    outer loop
      vertex -21.5 219.5 0.75
      vertex -21.5 220.5 1.25
      vertex -21.5 220.5 0.75
    endloop
  endfacet
  facet normal -1 -0 0
    outer loop
      vertex -21.5 220.5 1.25
      vertex -21.5 219.5 0.75
      vertex -21.5 219.5 1.25
    endloop
  endfacet
  facet normal 1 -0 0
    outer loop
      vertex 21.5 219.5 1.25
      vertex 21.5 220.5 0.75
      vertex 21.5 220.5 1.25
    endloop
  endfacet
  facet normal 1 0 0
    outer loop
      vertex 21.5 220.5 0.75
      vertex 21.5 219.5 1.25
      vertex 21.5 219.5 0.75
    endloop
  endfacet
  facet normal 0 1 -0
    outer loop
      vertex 22.5 230 -0.75
      vertex -22.5 230 0.75
      vertex 22.5 230 0.75
    endloop
  endfacet
  facet normal 0 1 0
    outer loop
      vertex -22.5 230 0.75
      vertex 22.5 230 -0.75
      vertex -22.5 230 -0.75
    endloop
  endfacet
  facet normal 0 0 -1
    outer loop
      vertex 0 90 -0.75
      vertex 22.5 230 -0.75
      vertex 22.5 90 -0.75
    endloop
  endfacet
  facet normal 0 0 -1
    outer loop
      vertex -22.5 230 -0.75
      vertex 0 90 -0.75
      vertex -22.5 90 -0.75
    endloop
  endfacet
  facet normal 0 0 -1
    outer loop
      vertex 0 90 -0.75
      vertex -22.5 230 -0.75
      vertex 22.5 230 -0.75
    endloop
  endfacet
  facet normal 0 -1 0
    outer loop
      vertex -22.5 90 -0.75
      vertex 0 90 0.75
      vertex -22.5 90 0.75
    endloop
  endfacet
  facet normal 0 -1 -0
    outer loop
      vertex 0 90 0.75
      vertex -22.5 90 -0.75
      vertex 0 90 -0.75
    endloop
  endfacet
  facet normal 0 -1 0
    outer loop
      vertex 0 90 -0.75
      vertex 22.5 90 0.75
      vertex 0 90 0.75
    endloop
  endfacet
  facet normal 0 -1 -0
    outer loop
      vertex 22.5 90 0.75
      vertex 0 90 -0.75
      vertex 22.5 90 -0.75
    endloop
  endfacet
  facet normal -1 0 0
    outer loop
      vertex -22.5 90 -0.75
      vertex -22.5 230 0.75
      vertex -22.5 230 -0.75
    endloop
  endfacet
  facet normal -1 -0 0
    outer loop
      vertex -22.5 230 0.75
      vertex -22.5 90 -0.75
      vertex -22.5 90 0.75
    endloop
  endfacet
  facet normal 1 -0 0
    outer loop
      vertex 22.5 90 0.75
      vertex 22.5 230 -0.75
      vertex 22.5 230 0.75
    endloop
  endfacet
  facet normal 1 0 0
    outer loop
      vertex 22.5 230 -0.75
      vertex 22.5 90 0.75
      vertex 22.5 90 -0.75
    endloop
  endfacet
  facet normal 0 1 -0
    outer loop
      vertex 21.5 -219.5 0.75
      vertex -21.5 -219.5 1.25
      vertex 21.5 -219.5 1.25
    endloop
  endfacet
  facet normal 0 1 0
    outer loop
      vertex -21.5 -219.5 1.25
      vertex 21.5 -219.5 0.75
      vertex -21.5 -219.5 0.75
    endloop
  endfacet
  facet normal -0 0 1
    outer loop
      vertex -21.5 -219.5 1.25
      vertex 21.5 -220.5 1.25
      vertex 21.5 -219.5 1.25
    endloop
  endfacet
  facet normal 0 0 1
    outer loop
      vertex 21.5 -220.5 1.25
      vertex -21.5 -219.5 1.25
      vertex -21.5 -220.5 1.25
    endloop
  endfacet
  facet normal -0 0 1
    outer loop
      vertex -21.5 -200.5 0.75
      vertex 21.5 -219.5 0.75
      vertex 21.5 -200.5 0.75
    endloop
  endfacet
  facet normal 0 0 1
    outer loop
      vertex 21.5 -219.5 0.75
      vertex -21.5 -200.5 0.75
      vertex -21.5 -219.5 0.75
    endloop
  endfacet
  facet normal -0 0 1
    outer loop
      vertex -21.5 -180.5 0.75
      vertex 21.5 -199.5 0.75
      vertex 21.5 -180.5 0.75
    endloop
  endfacet
  facet normal 0 0 1
    outer loop
      vertex 21.5 -199.5 0.75
      vertex -21.5 -180.5 0.75
      vertex -21.5 -199.5 0.75
    endloop
  endfacet
  facet normal -0 0 1
    outer loop
      vertex -21.5 -160.5 0.75
      vertex 21.5 -179.5 0.75
      vertex 21.5 -160.5 0.75
    endloop
  endfacet
  facet normal 0 0 1
    outer loop
      vertex 21.5 -179.5 0.75
      vertex -21.5 -160.5 0.75
      vertex -21.5 -179.5 0.75
    endloop
  endfacet
  facet normal -0 0 1
    outer loop
      vertex -21.5 -140.5 0.75
      vertex 21.5 -159.5 0.75
      vertex 21.5 -140.5 0.75
    endloop
  endfacet
  facet normal 0 0 1
    outer loop
      vertex 21.5 -159.5 0.75
      vertex -21.5 -140.5 0.75
      vertex -21.5 -159.5 0.75
    endloop
  endfacet
  facet normal -0 0 1
    outer loop
      vertex -21.5 -120.5 0.75
      vertex 21.5 -139.5 0.75
      vertex 21.5 -120.5 0.75
    endloop
  endfacet
  facet normal 0 0 1
    outer loop
      vertex 21.5 -139.5 0.75
      vertex -21.5 -120.5 0.75
      vertex -21.5 -139.5 0.75
    endloop
  endfacet
  facet normal -0 0 1
    outer loop
      vertex -21.5 -100.5 0.75
      vertex 21.5 -119.5 0.75
      vertex 21.5 -100.5 0.75
    endloop
  endfacet
  facet normal 0 0 1
    outer loop
      vertex 21.5 -119.5 0.75
      vertex -21.5 -100.5 0.75
      vertex -21.5 -119.5 0.75
    endloop
  endfacet
  facet normal 0 0 1
    outer loop
      vertex 21.5 -100.5 0.75
      vertex 22.5 -90 0.75
      vertex 21.5 -99.5 0.75
    endloop
  endfacet
  facet normal -0 0 1
    outer loop
      vertex 0 -90 0.75
      vertex 21.5 -99.5 0.75
      vertex 22.5 -90 0.75
    endloop
  endfacet
  facet normal 0 0 1
    outer loop
      vertex 0 -90 0.75
      vertex -21.5 -99.5 0.75
      vertex 21.5 -99.5 0.75
    endloop
  endfacet
  facet normal 0 0 1
    outer loop
      vertex -22.5 -90 0.75
      vertex -21.5 -100.5 0.75
      vertex -21.5 -99.5 0.75
    endloop
  endfacet
  facet normal 0 0 1
    outer loop
      vertex -21.5 -100.5 0.75
      vertex -22.5 -90 0.75
      vertex -21.5 -119.5 0.75
    endloop
  endfacet
  facet normal 0 0 1
    outer loop
      vertex -21.5 -119.5 0.75
      vertex -22.5 -90 0.75
      vertex -21.5 -120.5 0.75
    endloop
  endfacet
  facet normal 0 0 1
    outer loop
      vertex -21.5 -120.5 0.75
      vertex -22.5 -90 0.75
      vertex -21.5 -139.5 0.75
    endloop
  endfacet
  facet normal 0 0 1
    outer loop
      vertex -21.5 -139.5 0.75
      vertex -22.5 -90 0.75
      vertex -21.5 -140.5 0.75
    endloop
  endfacet
  facet normal 0 0 1
    outer loop
      vertex -21.5 -140.5 0.75
      vertex -22.5 -90 0.75
      vertex -21.5 -159.5 0.75
    endloop
  endfacet
  facet normal 0 0 1
    outer loop
      vertex -21.5 -159.5 0.75
      vertex -22.5 -90 0.75
      vertex -21.5 -160.5 0.75
    endloop
  endfacet
  facet normal 0 0 1
    outer loop
      vertex -21.5 -160.5 0.75
      vertex -22.5 -90 0.75
      vertex -21.5 -179.5 0.75
    endloop
  endfacet
  facet normal 0 0 1
    outer loop
      vertex -21.5 -179.5 0.75
      vertex -22.5 -90 0.75
      vertex -21.5 -180.5 0.75
    endloop
  endfacet
  facet normal 0 0 1
    outer loop
      vertex -22.5 -230 0.75
      vertex -21.5 -180.5 0.75
      vertex -22.5 -90 0.75
    endloop
  endfacet
  facet normal 0 0 1
    outer loop
      vertex -21.5 -180.5 0.75
      vertex -22.5 -230 0.75
      vertex -21.5 -199.5 0.75
    endloop
  endfacet
  facet normal 0 0 1
    outer loop
      vertex -21.5 -199.5 0.75
      vertex -22.5 -230 0.75
      vertex -21.5 -200.5 0.75
    endloop
  endfacet
  facet normal 0 0 1
    outer loop
      vertex -21.5 -200.5 0.75
      vertex -22.5 -230 0.75
      vertex -21.5 -219.5 0.75
    endloop
  endfacet
  facet normal -0 0 1
    outer loop
      vertex -22.5 -90 0.75
      vertex -21.5 -99.5 0.75
      vertex 0 -90 0.75
    endloop
  endfacet
  facet normal 0 0 1
    outer loop
      vertex 21.5 -119.5 0.75
      vertex 22.5 -90 0.75
      vertex 21.5 -100.5 0.75
    endloop
  endfacet
  facet normal 0 0 1
    outer loop
      vertex 21.5 -120.5 0.75
      vertex 22.5 -90 0.75
      vertex 21.5 -119.5 0.75
    endloop
  endfacet
  facet normal 0 0 1
    outer loop
      vertex 21.5 -139.5 0.75
      vertex 22.5 -90 0.75
      vertex 21.5 -120.5 0.75
    endloop
  endfacet
  facet normal 0 0 1
    outer loop
      vertex 22.5 -90 0.75
      vertex 21.5 -139.5 0.75
      vertex 22.5 -230 0.75
    endloop
  endfacet
  facet normal -0 0 1
    outer loop
      vertex 21.5 -140.5 0.75
      vertex 22.5 -230 0.75
      vertex 21.5 -139.5 0.75
    endloop
  endfacet
  facet normal -0 0 1
    outer loop
      vertex 21.5 -159.5 0.75
      vertex 22.5 -230 0.75
      vertex 21.5 -140.5 0.75
    endloop
  endfacet
  facet normal -0 0 1
    outer loop
      vertex 21.5 -160.5 0.75
      vertex 22.5 -230 0.75
      vertex 21.5 -159.5 0.75
    endloop
  endfacet
  facet normal -0 0 1
    outer loop
      vertex 21.5 -179.5 0.75
      vertex 22.5 -230 0.75
      vertex 21.5 -160.5 0.75
    endloop
  endfacet
  facet normal -0 0 1
    outer loop
      vertex 21.5 -180.5 0.75
      vertex 22.5 -230 0.75
      vertex 21.5 -179.5 0.75
    endloop
  endfacet
  facet normal -0 0 1
    outer loop
      vertex 21.5 -199.5 0.75
      vertex 22.5 -230 0.75
      vertex 21.5 -180.5 0.75
    endloop
  endfacet
  facet normal -0 0 1
    outer loop
      vertex 21.5 -200.5 0.75
      vertex 22.5 -230 0.75
      vertex 21.5 -199.5 0.75
    endloop
  endfacet
  facet normal -0 0 1
    outer loop
      vertex 21.5 -219.5 0.75
      vertex 22.5 -230 0.75
      vertex 21.5 -200.5 0.75
    endloop
  endfacet
  facet normal -0 0 1
    outer loop
      vertex 21.5 -220.5 0.75
      vertex 22.5 -230 0.75
      vertex 21.5 -219.5 0.75
    endloop
  endfacet
  facet normal -0 0 1
    outer loop
      vertex -21.5 -220.5 0.75
      vertex 22.5 -230 0.75
      vertex 21.5 -220.5 0.75
    endloop
  endfacet
  facet normal 0 0 1
    outer loop
      vertex -21.5 -220.5 0.75
      vertex -22.5 -230 0.75
      vertex 22.5 -230 0.75
    endloop
  endfacet
  facet normal 0 0 1
    outer loop
      vertex -21.5 -219.5 0.75
      vertex -22.5 -230 0.75
      vertex -21.5 -220.5 0.75
    endloop
  endfacet
  facet normal 0 -1 0
    outer loop
      vertex -21.5 -220.5 0.75
      vertex 21.5 -220.5 1.25
      vertex -21.5 -220.5 1.25
    endloop
  endfacet
  facet normal 0 -1 -0
    outer loop
      vertex 21.5 -220.5 1.25
      vertex -21.5 -220.5 0.75
      vertex 21.5 -220.5 0.75
    endloop
  endfacet
  facet normal -1 0 0
    outer loop
      vertex -21.5 -220.5 0.75
      vertex -21.5 -219.5 1.25
      vertex -21.5 -219.5 0.75
    endloop
  endfacet
  facet normal -1 -0 0
    outer loop
      vertex -21.5 -219.5 1.25
      vertex -21.5 -220.5 0.75
      vertex -21.5 -220.5 1.25
    endloop
  endfacet
  facet normal 1 -0 0
    outer loop
      vertex 21.5 -220.5 1.25
      vertex 21.5 -219.5 0.75
      vertex 21.5 -219.5 1.25
    endloop
  endfacet
  facet normal 1 0 0
    outer loop
      vertex 21.5 -219.5 0.75
      vertex 21.5 -220.5 1.25
      vertex 21.5 -220.5 0.75
    endloop
  endfacet
  facet normal 0 1 -0
    outer loop
      vertex 21.5 -199.5 0.75
      vertex -21.5 -199.5 1.25
      vertex 21.5 -199.5 1.25
    endloop
  endfacet
  facet normal 0 1 0
    outer loop
      vertex -21.5 -199.5 1.25
      vertex 21.5 -199.5 0.75
      vertex -21.5 -199.5 0.75
    endloop
  endfacet
  facet normal -0 0 1
    outer loop
      vertex -21.5 -199.5 1.25
      vertex 21.5 -200.5 1.25
      vertex 21.5 -199.5 1.25
    endloop
  endfacet
  facet normal 0 0 1
    outer loop
      vertex 21.5 -200.5 1.25
      vertex -21.5 -199.5 1.25
      vertex -21.5 -200.5 1.25
    endloop
  endfacet
  facet normal 0 -1 0
    outer loop
      vertex -21.5 -200.5 0.75
      vertex 21.5 -200.5 1.25
      vertex -21.5 -200.5 1.25
    endloop
  endfacet
  facet normal 0 -1 -0
    outer loop
      vertex 21.5 -200.5 1.25
      vertex -21.5 -200.5 0.75
      vertex 21.5 -200.5 0.75
    endloop
  endfacet
  facet normal -1 0 0
    outer loop
      vertex -21.5 -200.5 0.75
      vertex -21.5 -199.5 1.25
      vertex -21.5 -199.5 0.75
    endloop
  endfacet
  facet normal -1 -0 0
    outer loop
      vertex -21.5 -199.5 1.25
      vertex -21.5 -200.5 0.75
      vertex -21.5 -200.5 1.25
    endloop
  endfacet
  facet normal 1 -0 0
    outer loop
      vertex 21.5 -200.5 1.25
      vertex 21.5 -199.5 0.75
      vertex 21.5 -199.5 1.25
    endloop
  endfacet
  facet normal 1 0 0
    outer loop
      vertex 21.5 -199.5 0.75
      vertex 21.5 -200.5 1.25
      vertex 21.5 -200.5 0.75
    endloop
  endfacet
  facet normal 0 1 -0
    outer loop
      vertex 21.5 -179.5 0.75
      vertex -21.5 -179.5 1.25
      vertex 21.5 -179.5 1.25
    endloop
  endfacet
  facet normal 0 1 0
    outer loop
      vertex -21.5 -179.5 1.25
      vertex 21.5 -179.5 0.75
      vertex -21.5 -179.5 0.75
    endloop
  endfacet
  facet normal -0 0 1
    outer loop
      vertex -21.5 -179.5 1.25
      vertex 21.5 -180.5 1.25
      vertex 21.5 -179.5 1.25
    endloop
  endfacet
  facet normal 0 0 1
    outer loop
      vertex 21.5 -180.5 1.25
      vertex -21.5 -179.5 1.25
      vertex -21.5 -180.5 1.25
    endloop
  endfacet
  facet normal 0 -1 0
    outer loop
      vertex -21.5 -180.5 0.75
      vertex 21.5 -180.5 1.25
      vertex -21.5 -180.5 1.25
    endloop
  endfacet
  facet normal 0 -1 -0
    outer loop
      vertex 21.5 -180.5 1.25
      vertex -21.5 -180.5 0.75
      vertex 21.5 -180.5 0.75
    endloop
  endfacet
  facet normal -1 0 0
    outer loop
      vertex -21.5 -180.5 0.75
      vertex -21.5 -179.5 1.25
      vertex -21.5 -179.5 0.75
    endloop
  endfacet
  facet normal -1 -0 0
    outer loop
      vertex -21.5 -179.5 1.25
      vertex -21.5 -180.5 0.75
      vertex -21.5 -180.5 1.25
    endloop
  endfacet
  facet normal 1 -0 0
    outer loop
      vertex 21.5 -180.5 1.25
      vertex 21.5 -179.5 0.75
      vertex 21.5 -179.5 1.25
    endloop
  endfacet
  facet normal 1 0 0
    outer loop
      vertex 21.5 -179.5 0.75
      vertex 21.5 -180.5 1.25
      vertex 21.5 -180.5 0.75
    endloop
  endfacet
  facet normal 0 1 -0
    outer loop
      vertex 21.5 -159.5 0.75
      vertex -21.5 -159.5 1.25
      vertex 21.5 -159.5 1.25
    endloop
  endfacet
  facet normal 0 1 0
    outer loop
      vertex -21.5 -159.5 1.25
      vertex 21.5 -159.5 0.75
      vertex -21.5 -159.5 0.75
    endloop
  endfacet
  facet normal -0 0 1
    outer loop
      vertex -21.5 -159.5 1.25
      vertex 21.5 -160.5 1.25
      vertex 21.5 -159.5 1.25
    endloop
  endfacet
  facet normal 0 0 1
    outer loop
      vertex 21.5 -160.5 1.25
      vertex -21.5 -159.5 1.25
      vertex -21.5 -160.5 1.25
    endloop
  endfacet
  facet normal 0 -1 0
    outer loop
      vertex -21.5 -160.5 0.75
      vertex 21.5 -160.5 1.25
      vertex -21.5 -160.5 1.25
    endloop
  endfacet
  facet normal 0 -1 -0
    outer loop
      vertex 21.5 -160.5 1.25
      vertex -21.5 -160.5 0.75
      vertex 21.5 -160.5 0.75
    endloop
  endfacet
  facet normal -1 0 0
    outer loop
      vertex -21.5 -160.5 0.75
      vertex -21.5 -159.5 1.25
      vertex -21.5 -159.5 0.75
    endloop
  endfacet
  facet normal -1 -0 0
    outer loop
      vertex -21.5 -159.5 1.25
      vertex -21.5 -160.5 0.75
      vertex -21.5 -160.5 1.25
    endloop
  endfacet
  facet normal 1 -0 0
    outer loop
      vertex 21.5 -160.5 1.25
      vertex 21.5 -159.5 0.75
      vertex 21.5 -159.5 1.25
    endloop
  endfacet
  facet normal 1 0 0
    outer loop
      vertex 21.5 -159.5 0.75
      vertex 21.5 -160.5 1.25
      vertex 21.5 -160.5 0.75
    endloop
  endfacet
  facet normal 0 1 -0
    outer loop
      vertex 21.5 -139.5 0.75
      vertex -21.5 -139.5 1.25
      vertex 21.5 -139.5 1.25
    endloop
  endfacet
  facet normal 0 1 0
    outer loop
      vertex -21.5 -139.5 1.25
      vertex 21.5 -139.5 0.75
      vertex -21.5 -139.5 0.75
    endloop
  endfacet
  facet normal -0 0 1
    outer loop
      vertex -21.5 -139.5 1.25
      vertex 21.5 -140.5 1.25
      vertex 21.5 -139.5 1.25
    endloop
  endfacet
  facet normal 0 0 1
    outer loop
      vertex 21.5 -140.5 1.25
      vertex -21.5 -139.5 1.25
      vertex -21.5 -140.5 1.25
    endloop
  endfacet
  facet normal 0 -1 0
    outer loop
      vertex -21.5 -140.5 0.75
      vertex 21.5 -140.5 1.25
      vertex -21.5 -140.5 1.25
    endloop
  endfacet
  facet normal 0 -1 -0
    outer loop
      vertex 21.5 -140.5 1.25
      vertex -21.5 -140.5 0.75
      vertex 21.5 -140.5 0.75
    endloop
  endfacet
  facet normal -1 0 0
    outer loop
      vertex -21.5 -140.5 0.75
      vertex -21.5 -139.5 1.25
      vertex -21.5 -139.5 0.75
    endloop
  endfacet
  facet normal -1 -0 0
    outer loop
      vertex -21.5 -139.5 1.25
      vertex -21.5 -140.5 0.75
      vertex -21.5 -140.5 1.25
    endloop
  endfacet
  facet normal 1 -0 0
    outer loop
      vertex 21.5 -140.5 1.25
      vertex 21.5 -139.5 0.75
      vertex 21.5 -139.5 1.25
    endloop
  endfacet
  facet normal 1 0 0
    outer loop
      vertex 21.5 -139.5 0.75
      vertex 21.5 -140.5 1.25
      vertex 21.5 -140.5 0.75
    endloop
  endfacet
  facet normal 0 1 -0
    outer loop
      vertex 21.5 -119.5 0.75
      vertex -21.5 -119.5 1.25
      vertex 21.5 -119.5 1.25
    endloop
  endfacet
  facet normal 0 1 0
    outer loop
      vertex -21.5 -119.5 1.25
      vertex 21.5 -119.5 0.75
      vertex -21.5 -119.5 0.75
    endloop
  endfacet
  facet normal -0 0 1
    outer loop
      vertex -21.5 -119.5 1.25
      vertex 21.5 -120.5 1.25
      vertex 21.5 -119.5 1.25
    endloop
  endfacet
  facet normal 0 0 1
    outer loop
      vertex 21.5 -120.5 1.25
      vertex -21.5 -119.5 1.25
      vertex -21.5 -120.5 1.25
    endloop
  endfacet
  facet normal 0 -1 0
    outer loop
      vertex -21.5 -120.5 0.75
      vertex 21.5 -120.5 1.25
      vertex -21.5 -120.5 1.25
    endloop
  endfacet
  facet normal 0 -1 -0
    outer loop
      vertex 21.5 -120.5 1.25
      vertex -21.5 -120.5 0.75
      vertex 21.5 -120.5 0.75
    endloop
  endfacet
  facet normal -1 0 0
    outer loop
      vertex -21.5 -120.5 0.75
      vertex -21.5 -119.5 1.25
      vertex -21.5 -119.5 0.75
    endloop
  endfacet
  facet normal -1 -0 0
    outer loop
      vertex -21.5 -119.5 1.25
      vertex -21.5 -120.5 0.75
      vertex -21.5 -120.5 1.25
    endloop
  endfacet
  facet normal 1 -0 0
    outer loop
      vertex 21.5 -120.5 1.25
      vertex 21.5 -119.5 0.75
      vertex 21.5 -119.5 1.25
    endloop
  endfacet
  facet normal 1 0 0
    outer loop
      vertex 21.5 -119.5 0.75
      vertex 21.5 -120.5 1.25
      vertex 21.5 -120.5 0.75
    endloop
  endfacet
  facet normal 0 1 -0
    outer loop
      vertex 21.5 -99.5 0.75
      vertex -21.5 -99.5 1.25
      vertex 21.5 -99.5 1.25
    endloop
  endfacet
  facet normal 0 1 0
    outer loop
      vertex -21.5 -99.5 1.25
      vertex 21.5 -99.5 0.75
      vertex -21.5 -99.5 0.75
    endloop
  endfacet
  facet normal -0 0 1
    outer loop
      vertex -21.5 -99.5 1.25
      vertex 21.5 -100.5 1.25
      vertex 21.5 -99.5 1.25
    endloop
  endfacet
  facet normal 0 0 1
    outer loop
      vertex 21.5 -100.5 1.25
      vertex -21.5 -99.5 1.25
      vertex -21.5 -100.5 1.25
    endloop
  endfacet
  facet normal 0 -1 0
    outer loop
      vertex -21.5 -100.5 0.75
      vertex 21.5 -100.5 1.25
      vertex -21.5 -100.5 1.25
    endloop
  endfacet
  facet normal 0 -1 -0
    outer loop
      vertex 21.5 -100.5 1.25
      vertex -21.5 -100.5 0.75
      vertex 21.5 -100.5 0.75
    endloop
  endfacet
  facet normal -1 0 0
    outer loop
      vertex -21.5 -100.5 0.75
      vertex -21.5 -99.5 1.25
      vertex -21.5 -99.5 0.75
    endloop
  endfacet
  facet normal -1 -0 0
    outer loop
      vertex -21.5 -99.5 1.25
      vertex -21.5 -100.5 0.75
      vertex -21.5 -100.5 1.25
    endloop
  endfacet
  facet normal 1 -0 0
    outer loop
      vertex 21.5 -100.5 1.25
      vertex 21.5 -99.5 0.75
      vertex 21.5 -99.5 1.25
    endloop
  endfacet
  facet normal 1 0 0
    outer loop
      vertex 21.5 -99.5 0.75
      vertex 21.5 -100.5 1.25
      vertex 21.5 -100.5 0.75
    endloop
  endfacet
  facet normal 0 1 -0
    outer loop
      vertex 0 -90 -0.75
      vertex -22.5 -90 0.75
      vertex 0 -90 0.75
    endloop
  endfacet
  facet normal 0 1 0
    outer loop
      vertex -22.5 -90 0.75
      vertex 0 -90 -0.75
      vertex -22.5 -90 -0.75
    endloop
  endfacet
  facet normal 0 1 -0
    outer loop
      vertex 22.5 -90 -0.75
      vertex 0 -90 0.75
      vertex 22.5 -90 0.75
    endloop
  endfacet
  facet normal 0 1 0
    outer loop
      vertex 0 -90 0.75
      vertex 22.5 -90 -0.75
      vertex 0 -90 -0.75
    endloop
  endfacet
  facet normal 0 0 -1
    outer loop
      vertex 22.5 -230 -0.75
      vertex 0 -90 -0.75
      vertex 22.5 -90 -0.75
    endloop
  endfacet
  facet normal 0 0 -1
    outer loop
      vertex -22.5 -230 -0.75
      vertex 0 -90 -0.75
      vertex 22.5 -230 -0.75
    endloop
  endfacet
  facet normal -0 0 -1
    outer loop
      vertex 0 -90 -0.75
      vertex -22.5 -230 -0.75
      vertex -22.5 -90 -0.75
    endloop
  endfacet
  facet normal 0 -1 0
    outer loop
      vertex -22.5 -230 -0.75
      vertex 22.5 -230 0.75
      vertex -22.5 -230 0.75
    endloop
  endfacet
  facet normal 0 -1 -0
    outer loop
      vertex 22.5 -230 0.75
      vertex -22.5 -230 -0.75
      vertex 22.5 -230 -0.75
    endloop
  endfacet
  facet normal -1 0 0
    outer loop
      vertex -22.5 -230 -0.75
      vertex -22.5 -90 0.75
      vertex -22.5 -90 -0.75
    endloop
  endfacet
  facet normal -1 -0 0
    outer loop
      vertex -22.5 -90 0.75
      vertex -22.5 -230 -0.75
      vertex -22.5 -230 0.75
    endloop
  endfacet
  facet normal 1 -0 0
    outer loop
      vertex 22.5 -230 0.75
      vertex 22.5 -90 -0.75
      vertex 22.5 -90 0.75
    endloop
  endfacet
  facet normal 1 0 0
    outer loop
      vertex 22.5 -90 -0.75
      vertex 22.5 -230 0.75
      vertex 22.5 -230 -0.75
    endloop
  endfacet
  facet normal 1 -0 0
    outer loop
      vertex 82.5 -4.5 57
      vertex 82.5 4.5 43
      vertex 82.5 4.5 57
    endloop
  endfacet
  facet normal 1 0 0
    outer loop
      vertex 82.5 4.5 43
      vertex 82.5 -4.5 57
      vertex 82.5 -4.5 43
    endloop
  endfacet
  facet normal -0 0 1
    outer loop
      vertex 73.5 4.5 57
      vertex 82.5 -4.5 57
      vertex 82.5 4.5 57
    endloop
  endfacet
  facet normal 0 0 1
    outer loop
      vertex 82.5 -4.5 57
      vertex 73.5 4.5 57
      vertex 73.5 -4.5 57
    endloop
  endfacet
  facet normal 0 0 -1
    outer loop
      vertex 73.5 -4.5 43
      vertex 82.5 4.5 43
      vertex 82.5 -4.5 43
    endloop
  endfacet
  facet normal -0 0 -1
    outer loop
      vertex 82.5 4.5 43
      vertex 73.5 -4.5 43
      vertex 73.5 4.5 43
    endloop
  endfacet
  facet normal -1 0 0
    outer loop
      vertex 73.5 -4.5 43
      vertex 73.5 4.5 57
      vertex 73.5 4.5 43
    endloop
  endfacet
  facet normal -1 -0 0
    outer loop
      vertex 73.5 4.5 57
      vertex 73.5 -4.5 43
      vertex 73.5 -4.5 57
    endloop
  endfacet
  facet normal 0 1 -0
    outer loop
      vertex 82.5 4.5 43
      vertex 73.5 4.5 57
      vertex 82.5 4.5 57
    endloop
  endfacet
  facet normal 0 1 0
    outer loop
      vertex 73.5 4.5 57
      vertex 82.5 4.5 43
      vertex 73.5 4.5 43
    endloop
  endfacet
  facet normal 0 -1 0
    outer loop
      vertex 73.5 -4.5 43
      vertex 82.5 -4.5 57
      vertex 73.5 -4.5 57
    endloop
  endfacet
  facet normal 0 -1 -0
    outer loop
      vertex 82.5 -4.5 57
      vertex 73.5 -4.5 43
      vertex 82.5 -4.5 43
    endloop
  endfacet
  facet normal 0.906318 0 -0.422596
    outer loop
      vertex 91.7375 -3.5 109.179
      vertex 90.5 3.5 106.525
      vertex 91.7375 3.5 109.179
    endloop
  endfacet
  facet normal 0.906318 0 -0.422596
    outer loop
      vertex 90.5 3.5 106.525
      vertex 91.7375 -3.5 109.179
      vertex 90.5 -3.5 106.525
    endloop
  endfacet
  facet normal 0.906308 0 -0.422618
    outer loop
      vertex 77.4319 -3.5 78.5
      vertex 70.6066 3.5 63.8631
      vertex 77.4319 3.5 78.5
    endloop
  endfacet
  facet normal 0.906308 0 -0.422618
    outer loop
      vertex 70.6066 3.5 63.8631
      vertex 77.4319 -3.5 78.5
      vertex 70.6066 -3.5 63.8631
    endloop
  endfacet
  facet normal 0.906307 7.23222e-06 -0.422619
    outer loop
      vertex 85 0 94.7298
      vertex 78.8308 3.5 81.5
      vertex 84.8854 3.5 94.4841
    endloop
  endfacet
  facet normal 0.906307 -7.23222e-06 -0.422619
    outer loop
      vertex 78.8308 -3.5 81.5
      vertex 85 0 94.7298
      vertex 84.8854 -3.5 94.4841
    endloop
  endfacet
  facet normal 0.906307 0 -0.422621
    outer loop
      vertex 85 0 94.7298
      vertex 78.8308 -3.5 81.5
      vertex 78.8308 3.5 81.5
    endloop
  endfacet
  facet normal 0.422585 0 0.906323
    outer loop
      vertex 90.5 3.5 109.756
      vertex 91.7375 -3.5 109.179
      vertex 91.7375 3.5 109.179
    endloop
  endfacet
  facet normal 0.422585 0 0.906323
    outer loop
      vertex 91.7375 -3.5 109.179
      vertex 90.5 3.5 109.756
      vertex 90.5 -3.5 109.756
    endloop
  endfacet
  facet normal -0.42263 0 -0.906302
    outer loop
      vertex 64.2625 -3.5 66.8215
      vertex 70.6066 3.5 63.8631
      vertex 70.6066 -3.5 63.8631
    endloop
  endfacet
  facet normal -0.42263 0 -0.906302
    outer loop
      vertex 70.6066 3.5 63.8631
      vertex 64.2625 -3.5 66.8215
      vertex 64.2625 3.5 66.8215
    endloop
  endfacet
  facet normal -0.906307 0 0.42262
    outer loop
      vertex 64.2625 -3.5 66.8215
      vertex 69.7083 3.5 78.5
      vertex 64.2625 3.5 66.8215
    endloop
  endfacet
  facet normal -0.906307 0 0.42262
    outer loop
      vertex 69.7083 3.5 78.5
      vertex 64.2625 -3.5 66.8215
      vertex 69.7083 -3.5 78.5
    endloop
  endfacet
  facet normal -0.906311 -9.23838e-05 0.422612
    outer loop
      vertex 71.1072 3.5 81.5
      vertex 85 0 111.293
      vertex 84.8854 3.5 111.048
    endloop
  endfacet
  facet normal -0.906307 0 0.422621
    outer loop
      vertex 71.1072 -3.5 81.5
      vertex 85 0 111.293
      vertex 71.1072 3.5 81.5
    endloop
  endfacet
  facet normal -0.906311 9.23838e-05 0.422612
    outer loop
      vertex 85 0 111.293
      vertex 71.1072 -3.5 81.5
      vertex 84.8854 -3.5 111.048
    endloop
  endfacet
  facet normal 0 1 0
    outer loop
      vertex 91.7375 3.5 109.179
      vertex 90.5 3.5 106.525
      vertex 90.5 3.5 109.756
    endloop
  endfacet
  facet normal 0 1 -0
    outer loop
      vertex 70.6066 3.5 63.8631
      vertex 69.7083 3.5 78.5
      vertex 77.4319 3.5 78.5
    endloop
  endfacet
  facet normal 0 1 0
    outer loop
      vertex 69.7083 3.5 78.5
      vertex 70.6066 3.5 63.8631
      vertex 64.2625 3.5 66.8215
    endloop
  endfacet
  facet normal 0 1 0
    outer loop
      vertex 71.1072 3.5 81.5
      vertex 84.8854 3.5 94.4841
      vertex 78.8308 3.5 81.5
    endloop
  endfacet
  facet normal 0 1 -0
    outer loop
      vertex 84.8854 3.5 94.4841
      vertex 71.1072 3.5 81.5
      vertex 84.8854 3.5 111.048
    endloop
  endfacet
  facet normal 0 -1 0
    outer loop
      vertex 90.5 -3.5 109.756
      vertex 90.5 -3.5 106.525
      vertex 91.7375 -3.5 109.179
    endloop
  endfacet
  facet normal 0 -1 0
    outer loop
      vertex 70.6066 -3.5 63.8631
      vertex 69.7083 -3.5 78.5
      vertex 64.2625 -3.5 66.8215
    endloop
  endfacet
  facet normal 0 -1 0
    outer loop
      vertex 69.7083 -3.5 78.5
      vertex 70.6066 -3.5 63.8631
      vertex 77.4319 -3.5 78.5
    endloop
  endfacet
  facet normal 0 -1 0
    outer loop
      vertex 71.1072 -3.5 81.5
      vertex 84.8854 -3.5 94.4841
      vertex 84.8854 -3.5 111.048
    endloop
  endfacet
  facet normal 0 -1 0
    outer loop
      vertex 84.8854 -3.5 94.4841
      vertex 71.1072 -3.5 81.5
      vertex 78.8308 -3.5 81.5
    endloop
  endfacet
  facet normal -0.819157 0 -0.57357
    outer loop
      vertex 118.44 -3 97.7154
      vertex 96.6446 3 128.843
      vertex 118.44 3 97.7154
    endloop
  endfacet
  facet normal -0.819157 -0 -0.57357
    outer loop
      vertex 96.6446 3 128.843
      vertex 118.44 -3 97.7154
      vertex 96.6446 -3 128.843
    endloop
  endfacet
  facet normal 0.819165 -0 0.573558
    outer loop
      vertex 101.56 -3 132.285
      vertex 123.355 3 101.157
      vertex 101.56 3 132.285
    endloop
  endfacet
  facet normal 0.819165 0 0.573558
    outer loop
      vertex 123.355 3 101.157
      vertex 101.56 -3 132.285
      vertex 123.355 -3 101.157
    endloop
  endfacet
  facet normal -0.573599 0 0.819136
    outer loop
      vertex 96.6446 3 128.843
      vertex 101.56 -3 132.285
      vertex 101.56 3 132.285
    endloop
  endfacet
  facet normal -0.573599 0 0.819136
    outer loop
      vertex 101.56 -3 132.285
      vertex 96.6446 3 128.843
      vertex 96.6446 -3 128.843
    endloop
  endfacet
  facet normal 0.573585 0 -0.819146
    outer loop
      vertex 118.44 -3 97.7154
      vertex 123.355 3 101.157
      vertex 123.355 -3 101.157
    endloop
  endfacet
  facet normal 0.573585 0 -0.819146
    outer loop
      vertex 123.355 3 101.157
      vertex 118.44 -3 97.7154
      vertex 118.44 3 97.7154
    endloop
  endfacet
  facet normal 0 -1 0
    outer loop
      vertex 96.6446 -3 128.843
      vertex 123.355 -3 101.157
      vertex 101.56 -3 132.285
    endloop
  endfacet
  facet normal -0 -1 0
    outer loop
      vertex 123.355 -3 101.157
      vertex 96.6446 -3 128.843
      vertex 118.44 -3 97.7154
    endloop
  endfacet
  facet normal 0 1 0
    outer loop
      vertex 123.355 3 101.157
      vertex 96.6446 3 128.843
      vertex 101.56 3 132.285
    endloop
  endfacet
  facet normal 0 1 0
    outer loop
      vertex 96.6446 3 128.843
      vertex 123.355 3 101.157
      vertex 118.44 3 97.7154
    endloop
  endfacet
  facet normal -1 0 0
    outer loop
      vertex -82.5 -4.5 -42.5727
      vertex -82.5 4.5 -33
      vertex -82.5 4.5 -42.5727
    endloop
  endfacet
  facet normal -1 -0 0
    outer loop
      vertex -82.5 4.5 -33
      vertex -82.5 -4.5 -42.5727
      vertex -82.5 -4.5 -33
    endloop
  endfacet
  facet normal -0 0 1
    outer loop
      vertex -82.5 4.5 -33
      vertex -73.5 -4.5 -33
      vertex -73.5 4.5 -33
    endloop
  endfacet
  facet normal 0 0 1
    outer loop
      vertex -73.5 -4.5 -33
      vertex -82.5 4.5 -33
      vertex -82.5 -4.5 -33
    endloop
  endfacet
  facet normal 1 -0 0
    outer loop
      vertex -73.5 -4.5 -33
      vertex -73.5 4.5 -37.8636
      vertex -73.5 4.5 -33
    endloop
  endfacet
  facet normal 1 0 0
    outer loop
      vertex -73.5 4.5 -37.8636
      vertex -73.5 -4.5 -33
      vertex -73.5 -4.5 -37.8636
    endloop
  endfacet
  facet normal 0 -1 0
    outer loop
      vertex -74.7468 -4.5 -38.4285
      vertex -73.5 -4.5 -33
      vertex -82.5 -4.5 -33
    endloop
  endfacet
  facet normal 0 -1 -0
    outer loop
      vertex -73.5 -4.5 -33
      vertex -74.7468 -4.5 -38.4285
      vertex -73.5 -4.5 -37.8636
    endloop
  endfacet
  facet normal -0 -1 0
    outer loop
      vertex -74.7468 -4.5 -38.4285
      vertex -82.5 -4.5 -33
      vertex -82.5 -4.5 -42.5727
    endloop
  endfacet
  facet normal 0 1 0
    outer loop
      vertex -74.7468 4.5 -38.4285
      vertex -73.5 4.5 -33
      vertex -73.5 4.5 -37.8636
    endloop
  endfacet
  facet normal 0 1 0
    outer loop
      vertex -73.5 4.5 -33
      vertex -74.7468 4.5 -38.4285
      vertex -82.5 4.5 -33
    endloop
  endfacet
  facet normal 0 1 0
    outer loop
      vertex -82.5 4.5 -33
      vertex -74.7468 4.5 -38.4285
      vertex -82.5 4.5 -42.5727
    endloop
  endfacet
  facet normal 0 -1 0
    outer loop
      vertex -84.8854 -3.5 0.684129
      vertex -83.8854 -3.5 1.5
      vertex -84.8854 -3.5 15.8153
    endloop
  endfacet
  facet normal 0 -1 -0
    outer loop
      vertex -83.8854 -3.5 1.5
      vertex -84.8854 -3.5 0.684129
      vertex -83.8854 -3.5 -1.46038
    endloop
  endfacet
  facet normal 0 -1 0
    outer loop
      vertex -83.8854 -3.5 1.5
      vertex -84.3368 -3.5 16.0711
      vertex -84.8854 -3.5 15.8153
    endloop
  endfacet
  facet normal 0 -1 0
    outer loop
      vertex -84.3368 -3.5 16.0711
      vertex -83.8854 -3.5 1.5
      vertex -77.5422 -3.5 1.5
    endloop
  endfacet
  facet normal 0 -1 -0
    outer loop
      vertex -89.8854 -3.5 13.4837
      vertex -90.681 -3.5 13.1128
      vertex -89.8854 -3.5 11.4067
    endloop
  endfacet
  facet normal 0 -1 0
    outer loop
      vertex -71.6632 -3.5 -27.6711
      vertex -76.1433 -3.5 -1.5
      vertex -83.8669 -3.5 -1.5
    endloop
  endfacet
  facet normal 0 -1 0
    outer loop
      vertex -76.1433 -3.5 -1.5
      vertex -71.6632 -3.5 -27.6711
      vertex -65.319 -3.5 -24.7128
    endloop
  endfacet
  facet normal 0 1 -0
    outer loop
      vertex -71.6632 3.5 -27.6711
      vertex -76.1433 3.5 -1.5
      vertex -65.319 3.5 -24.7128
    endloop
  endfacet
  facet normal 0 1 0
    outer loop
      vertex -76.1433 3.5 -1.5
      vertex -71.6632 3.5 -27.6711
      vertex -83.8669 3.5 -1.5
    endloop
  endfacet
  facet normal 0 1 -0
    outer loop
      vertex -83.8854 3.5 1.5
      vertex -84.3368 3.5 16.0711
      vertex -77.5422 3.5 1.5
    endloop
  endfacet
  facet normal 0 1 0
    outer loop
      vertex -84.3368 3.5 16.0711
      vertex -83.8854 3.5 1.5
      vertex -84.8854 3.5 15.8153
    endloop
  endfacet
  facet normal 0 1 0
    outer loop
      vertex -83.8854 3.5 1.5
      vertex -84.8854 3.5 0.684129
      vertex -84.8854 3.5 15.8153
    endloop
  endfacet
  facet normal -0 1 0
    outer loop
      vertex -84.8854 3.5 0.684129
      vertex -83.8854 3.5 1.5
      vertex -83.8854 3.5 -1.46038
    endloop
  endfacet
  facet normal 0 1 -0
    outer loop
      vertex -89.8854 3.5 11.4067
      vertex -90.681 3.5 13.1128
      vertex -89.8854 3.5 13.4837
    endloop
  endfacet
  facet normal -0.422596 -1.67188e-05 0.906318
    outer loop
      vertex -85 0 15.7618
      vertex -84.3368 3.5 16.0711
      vertex -84.8854 3.5 15.8153
    endloop
  endfacet
  facet normal -0.422669 0 0.906284
    outer loop
      vertex -84.3368 3.5 16.0711
      vertex -85 0 15.7618
      vertex -84.3368 -3.5 16.0711
    endloop
  endfacet
  facet normal -0.422596 1.67188e-05 0.906318
    outer loop
      vertex -84.3368 -3.5 16.0711
      vertex -85 0 15.7618
      vertex -84.8854 -3.5 15.8153
    endloop
  endfacet
  facet normal -0.42253 6.54227e-06 0.906349
    outer loop
      vertex -89.8854 3.5 13.4837
      vertex -90.681 3.5 13.1128
      vertex -90 0 13.4303
    endloop
  endfacet
  facet normal -0.422558 0 0.906336
    outer loop
      vertex -90.681 -3.5 13.1128
      vertex -90 0 13.4303
      vertex -90.681 3.5 13.1128
    endloop
  endfacet
  facet normal -0.42253 -6.54227e-06 0.906349
    outer loop
      vertex -90 0 13.4303
      vertex -90.681 -3.5 13.1128
      vertex -89.8854 -3.5 13.4837
    endloop
  endfacet
  facet normal -0.906301 6.09225e-06 -0.422632
    outer loop
      vertex -90 0 11.6524
      vertex -90.681 3.5 13.1128
      vertex -89.8854 3.5 11.4067
    endloop
  endfacet
  facet normal -0.906301 -6.09225e-06 -0.422632
    outer loop
      vertex -90.681 -3.5 13.1128
      vertex -90 0 11.6524
      vertex -89.8854 -3.5 11.4067
    endloop
  endfacet
  facet normal -0.906307 0 -0.42262
    outer loop
      vertex -90 0 11.6524
      vertex -90.681 -3.5 13.1128
      vertex -90.681 3.5 13.1128
    endloop
  endfacet
  facet normal -0.906309 0 -0.422616
    outer loop
      vertex -71.6632 -3.5 -27.6711
      vertex -83.8669 3.5 -1.5
      vertex -71.6632 3.5 -27.6711
    endloop
  endfacet
  facet normal -0.906309 -0 -0.422616
    outer loop
      vertex -83.8669 3.5 -1.5
      vertex -71.6632 -3.5 -27.6711
      vertex -83.8669 -3.5 -1.5
    endloop
  endfacet
  facet normal -0.906308 4.91823e-06 -0.422618
    outer loop
      vertex -84 0 -1.21466
      vertex -84.8854 3.5 0.684129
      vertex -83.8854 3.5 -1.46038
    endloop
  endfacet
  facet normal -0.906307 5.55971e-06 -0.422619
    outer loop
      vertex -84 0 -1.21466
      vertex -85 0 0.929843
      vertex -84.8854 3.5 0.684129
    endloop
  endfacet
  facet normal -0.906308 -4.91823e-06 -0.422618
    outer loop
      vertex -84.8854 -3.5 0.684129
      vertex -84 0 -1.21466
      vertex -83.8854 -3.5 -1.46038
    endloop
  endfacet
  facet normal -0.906307 -5.55971e-06 -0.422619
    outer loop
      vertex -84 0 -1.21466
      vertex -84.8854 -3.5 0.684129
      vertex -85 0 0.929843
    endloop
  endfacet
  facet normal 0.906308 -0 0.422617
    outer loop
      vertex -84.3368 -3.5 16.0711
      vertex -77.5422 3.5 1.5
      vertex -84.3368 3.5 16.0711
    endloop
  endfacet
  facet normal 0.906308 0 0.422617
    outer loop
      vertex -77.5422 3.5 1.5
      vertex -84.3368 -3.5 16.0711
      vertex -77.5422 -3.5 1.5
    endloop
  endfacet
  facet normal 0.906308 -0 0.422618
    outer loop
      vertex -76.1433 -3.5 -1.5
      vertex -65.319 3.5 -24.7128
      vertex -76.1433 3.5 -1.5
    endloop
  endfacet
  facet normal 0.906308 0 0.422618
    outer loop
      vertex -65.319 3.5 -24.7128
      vertex -76.1433 -3.5 -1.5
      vertex -65.319 -3.5 -24.7128
    endloop
  endfacet
  facet normal 0.422613 0 -0.90631
    outer loop
      vertex -71.6632 -3.5 -27.6711
      vertex -65.319 3.5 -24.7128
      vertex -65.319 -3.5 -24.7128
    endloop
  endfacet
  facet normal 0.422613 0 -0.90631
    outer loop
      vertex -65.319 3.5 -24.7128
      vertex -71.6632 -3.5 -27.6711
      vertex -71.6632 3.5 -27.6711
    endloop
  endfacet
  facet normal 0.819148 0 -0.573582
    outer loop
      vertex -94.5344 -3 30.7868
      vertex -114.151 3 2.77177
      vertex -94.5344 3 30.7868
    endloop
  endfacet
  facet normal 0.819148 0 -0.573582
    outer loop
      vertex -114.151 3 2.77177
      vertex -94.5344 -3 30.7868
      vertex -114.151 -3 2.77177
    endloop
  endfacet
  facet normal -0.819146 0 0.573584
    outer loop
      vertex -119.066 -3 6.21323
      vertex -99.4493 3 34.2282
      vertex -119.066 3 6.21323
    endloop
  endfacet
  facet normal -0.819146 0 0.573584
    outer loop
      vertex -99.4493 3 34.2282
      vertex -119.066 -3 6.21323
      vertex -99.4493 -3 34.2282
    endloop
  endfacet
  facet normal 0.573571 0 0.819156
    outer loop
      vertex -99.4493 3 34.2282
      vertex -94.5344 -3 30.7868
      vertex -94.5344 3 30.7868
    endloop
  endfacet
  facet normal 0.573571 0 0.819156
    outer loop
      vertex -94.5344 -3 30.7868
      vertex -99.4493 3 34.2282
      vertex -99.4493 -3 34.2282
    endloop
  endfacet
  facet normal -0.57357 0 -0.819157
    outer loop
      vertex -119.066 -3 6.21323
      vertex -114.151 3 2.77177
      vertex -114.151 -3 2.77177
    endloop
  endfacet
  facet normal -0.57357 0 -0.819157
    outer loop
      vertex -114.151 3 2.77177
      vertex -119.066 -3 6.21323
      vertex -119.066 3 6.21323
    endloop
  endfacet
  facet normal 0 1 0
    outer loop
      vertex -94.5344 3 30.7868
      vertex -119.066 3 6.21323
      vertex -99.4493 3 34.2282
    endloop
  endfacet
  facet normal -0 1 0
    outer loop
      vertex -119.066 3 6.21323
      vertex -94.5344 3 30.7868
      vertex -114.151 3 2.77177
    endloop
  endfacet
  facet normal 0 -1 0
    outer loop
      vertex -119.066 -3 6.21323
      vertex -94.5344 -3 30.7868
      vertex -99.4493 -3 34.2282
    endloop
  endfacet
  facet normal 0 -1 0
    outer loop
      vertex -94.5344 -3 30.7868
      vertex -119.066 -3 6.21323
      vertex -114.151 -3 2.77177
    endloop
  endfacet
  facet normal 0 1 -0
    outer loop
      vertex 4.5 82.5 83
      vertex -4.5 82.5 97
      vertex 4.5 82.5 97
    endloop
  endfacet
  facet normal 0 1 0
    outer loop
      vertex -4.5 82.5 97
      vertex 4.5 82.5 83
      vertex -4.5 82.5 83
    endloop
  endfacet
  facet normal -0 0 1
    outer loop
      vertex -4.5 82.5 97
      vertex 4.5 73.5 97
      vertex 4.5 82.5 97
    endloop
  endfacet
  facet normal 0 0 1
    outer loop
      vertex 4.5 73.5 97
      vertex -4.5 82.5 97
      vertex -4.5 73.5 97
    endloop
  endfacet
  facet normal 0 0 -1
    outer loop
      vertex -4.5 73.5 83
      vertex 4.5 82.5 83
      vertex 4.5 73.5 83
    endloop
  endfacet
  facet normal -0 0 -1
    outer loop
      vertex 4.5 82.5 83
      vertex -4.5 73.5 83
      vertex -4.5 82.5 83
    endloop
  endfacet
  facet normal 0 -1 0
    outer loop
      vertex -4.5 73.5 83
      vertex 4.5 73.5 97
      vertex -4.5 73.5 97
    endloop
  endfacet
  facet normal 0 -1 -0
    outer loop
      vertex 4.5 73.5 97
      vertex -4.5 73.5 83
      vertex 4.5 73.5 83
    endloop
  endfacet
  facet normal -1 0 0
    outer loop
      vertex -4.5 73.5 83
      vertex -4.5 82.5 97
      vertex -4.5 82.5 83
    endloop
  endfacet
  facet normal -1 -0 0
    outer loop
      vertex -4.5 82.5 97
      vertex -4.5 73.5 83
      vertex -4.5 73.5 97
    endloop
  endfacet
  facet normal 1 -0 0
    outer loop
      vertex 4.5 73.5 97
      vertex 4.5 82.5 83
      vertex 4.5 82.5 97
    endloop
  endfacet
  facet normal 1 0 0
    outer loop
      vertex 4.5 82.5 83
      vertex 4.5 73.5 97
      vertex 4.5 73.5 83
    endloop
  endfacet
  facet normal 0 0.906305 -0.422624
    outer loop
      vertex 3.5 73.248 100.028
      vertex -3.5 89.0962 134.014
      vertex 3.5 89.0962 134.014
    endloop
  endfacet
  facet normal 0 0.906305 -0.422624
    outer loop
      vertex -3.5 89.0962 134.014
      vertex 3.5 73.248 100.028
      vertex -3.5 73.248 100.028
    endloop
  endfacet
  facet normal -0 0.422577 0.906327
    outer loop
      vertex -3.5 89.0962 134.014
      vertex 3.5 82.752 136.972
      vertex 3.5 89.0962 134.014
    endloop
  endfacet
  facet normal 0 0.422577 0.906327
    outer loop
      vertex 3.5 82.752 136.972
      vertex -3.5 89.0962 134.014
      vertex -3.5 82.752 136.972
    endloop
  endfacet
  facet normal 0 -0.422577 -0.906327
    outer loop
      vertex -3.5 66.9038 102.986
      vertex 3.5 73.248 100.028
      vertex 3.5 66.9038 102.986
    endloop
  endfacet
  facet normal -0 -0.422577 -0.906327
    outer loop
      vertex 3.5 73.248 100.028
      vertex -3.5 66.9038 102.986
      vertex -3.5 73.248 100.028
    endloop
  endfacet
  facet normal 0 -0.906305 0.422624
    outer loop
      vertex -3.5 66.9038 102.986
      vertex 3.5 82.752 136.972
      vertex -3.5 82.752 136.972
    endloop
  endfacet
  facet normal 0 -0.906305 0.422624
    outer loop
      vertex 3.5 82.752 136.972
      vertex -3.5 66.9038 102.986
      vertex 3.5 66.9038 102.986
    endloop
  endfacet
  facet normal -1 0 0
    outer loop
      vertex -3.5 73.248 100.028
      vertex -3.5 82.752 136.972
      vertex -3.5 89.0962 134.014
    endloop
  endfacet
  facet normal -1 0 0
    outer loop
      vertex -3.5 82.752 136.972
      vertex -3.5 73.248 100.028
      vertex -3.5 66.9038 102.986
    endloop
  endfacet
  facet normal 1 0 0
    outer loop
      vertex 3.5 82.752 136.972
      vertex 3.5 73.248 100.028
      vertex 3.5 89.0962 134.014
    endloop
  endfacet
  facet normal 1 0 -0
    outer loop
      vertex 3.5 73.248 100.028
      vertex 3.5 82.752 136.972
      vertex 3.5 66.9038 102.986
    endloop
  endfacet
  facet normal 0 -0.819154 -0.573573
    outer loop
      vertex -3 107.716 125.356
      vertex 3 91.3691 148.702
      vertex -3 91.3691 148.702
    endloop
  endfacet
  facet normal 0 -0.819154 -0.573573
    outer loop
      vertex 3 91.3691 148.702
      vertex -3 107.716 125.356
      vertex 3 107.716 125.356
    endloop
  endfacet
  facet normal 0 0.819153 0.573575
    outer loop
      vertex 3 112.631 128.798
      vertex -3 96.284 152.144
      vertex 3 96.284 152.144
    endloop
  endfacet
  facet normal 0 0.819153 0.573575
    outer loop
      vertex -3 96.284 152.144
      vertex 3 112.631 128.798
      vertex -3 112.631 128.798
    endloop
  endfacet
  facet normal 0 -0.573638 0.819109
    outer loop
      vertex -3 96.284 152.144
      vertex 3 91.3691 148.702
      vertex 3 96.284 152.144
    endloop
  endfacet
  facet normal 0 -0.573638 0.819109
    outer loop
      vertex 3 91.3691 148.702
      vertex -3 96.284 152.144
      vertex -3 91.3691 148.702
    endloop
  endfacet
  facet normal 0 0.57363 -0.819114
    outer loop
      vertex -3 107.716 125.356
      vertex 3 112.631 128.798
      vertex 3 107.716 125.356
    endloop
  endfacet
  facet normal 0 0.57363 -0.819114
    outer loop
      vertex 3 112.631 128.798
      vertex -3 107.716 125.356
      vertex -3 112.631 128.798
    endloop
  endfacet
  facet normal 1 0 0
    outer loop
      vertex 3 96.284 152.144
      vertex 3 107.716 125.356
      vertex 3 112.631 128.798
    endloop
  endfacet
  facet normal 1 0 0
    outer loop
      vertex 3 107.716 125.356
      vertex 3 96.284 152.144
      vertex 3 91.3691 148.702
    endloop
  endfacet
  facet normal -1 0 0
    outer loop
      vertex -3 107.716 125.356
      vertex -3 96.284 152.144
      vertex -3 112.631 128.798
    endloop
  endfacet
  facet normal -1 0 -0
    outer loop
      vertex -3 96.284 152.144
      vertex -3 107.716 125.356
      vertex -3 91.3691 148.702
    endloop
  endfacet
  facet normal 0 -1 0
    outer loop
      vertex -4.5 -82.5 -77
      vertex 4.5 -82.5 -63
      vertex -4.5 -82.5 -63
    endloop
  endfacet
  facet normal 0 -1 -0
    outer loop
      vertex 4.5 -82.5 -63
      vertex -4.5 -82.5 -77
      vertex 4.5 -82.5 -77
    endloop
  endfacet
  facet normal -0 0 1
    outer loop
      vertex -4.5 -73.5 -63
      vertex 4.5 -82.5 -63
      vertex 4.5 -73.5 -63
    endloop
  endfacet
  facet normal 0 0 1
    outer loop
      vertex 4.5 -82.5 -63
      vertex -4.5 -73.5 -63
      vertex -4.5 -82.5 -63
    endloop
  endfacet
  facet normal 0 0 -1
    outer loop
      vertex -4.5 -82.5 -77
      vertex 4.5 -73.5 -77
      vertex 4.5 -82.5 -77
    endloop
  endfacet
  facet normal -0 0 -1
    outer loop
      vertex 4.5 -73.5 -77
      vertex -4.5 -82.5 -77
      vertex -4.5 -73.5 -77
    endloop
  endfacet
  facet normal 0 1 -0
    outer loop
      vertex 4.5 -73.5 -77
      vertex -4.5 -73.5 -63
      vertex 4.5 -73.5 -63
    endloop
  endfacet
  facet normal 0 1 0
    outer loop
      vertex -4.5 -73.5 -63
      vertex 4.5 -73.5 -77
      vertex -4.5 -73.5 -77
    endloop
  endfacet
  facet normal 1 -0 0
    outer loop
      vertex 4.5 -82.5 -63
      vertex 4.5 -73.5 -77
      vertex 4.5 -73.5 -63
    endloop
  endfacet
  facet normal 1 0 0
    outer loop
      vertex 4.5 -73.5 -77
      vertex 4.5 -82.5 -63
      vertex 4.5 -82.5 -77
    endloop
  endfacet
  facet normal -1 0 0
    outer loop
      vertex -4.5 -82.5 -77
      vertex -4.5 -73.5 -63
      vertex -4.5 -73.5 -77
    endloop
  endfacet
  facet normal -1 -0 0
    outer loop
      vertex -4.5 -73.5 -63
      vertex -4.5 -82.5 -77
      vertex -4.5 -82.5 -63
    endloop
  endfacet
  facet normal -7.27276e-06 -0.906308 -0.422619
    outer loop
      vertex -3.5 -72.7197 -59.2053
      vertex 0 -85 -32.8702
      vertex -3.5 -84.8854 -33.1159
    endloop
  endfacet
  facet normal -0 -0.906307 -0.422619
    outer loop
      vertex 3.5 -72.7197 -59.2053
      vertex 0 -85 -32.8702
      vertex -3.5 -72.7197 -59.2053
    endloop
  endfacet
  facet normal 7.27276e-06 -0.906308 -0.422619
    outer loop
      vertex 0 -85 -32.8702
      vertex 3.5 -72.7197 -59.2053
      vertex 3.5 -84.8854 -33.1159
    endloop
  endfacet
  facet normal 1.06088e-05 -0.422632 0.906301
    outer loop
      vertex 3.5 -83.2803 -19.9947
      vertex 0 -85 -20.7966
      vertex 3.5 -84.8854 -20.7432
    endloop
  endfacet
  facet normal 0 -0.422614 0.90631
    outer loop
      vertex -3.5 -83.2803 -19.9947
      vertex 0 -85 -20.7966
      vertex 3.5 -83.2803 -19.9947
    endloop
  endfacet
  facet normal -1.06088e-05 -0.422632 0.906301
    outer loop
      vertex 0 -85 -20.7966
      vertex -3.5 -83.2803 -19.9947
      vertex -3.5 -84.8854 -20.7432
    endloop
  endfacet
  facet normal 0 0.422618 -0.906308
    outer loop
      vertex -3.5 -72.7197 -59.2053
      vertex 3.5 -66.3756 -56.247
      vertex 3.5 -72.7197 -59.2053
    endloop
  endfacet
  facet normal 0 0.422618 -0.906308
    outer loop
      vertex 3.5 -66.3756 -56.247
      vertex -3.5 -72.7197 -59.2053
      vertex -3.5 -66.3756 -56.247
    endloop
  endfacet
  facet normal 0 0.906308 0.422618
    outer loop
      vertex 3.5 -66.3756 -56.247
      vertex -3.5 -83.2803 -19.9947
      vertex 3.5 -83.2803 -19.9947
    endloop
  endfacet
  facet normal 0 0.906308 0.422618
    outer loop
      vertex -3.5 -83.2803 -19.9947
      vertex 3.5 -66.3756 -56.247
      vertex -3.5 -66.3756 -56.247
    endloop
  endfacet
  facet normal 1 -0 0
    outer loop
      vertex 3.5 -84.8854 -33.1159
      vertex 3.5 -66.3756 -56.247
      vertex 3.5 -83.2803 -19.9947
    endloop
  endfacet
  facet normal 1 0 0
    outer loop
      vertex 3.5 -84.8854 -33.1159
      vertex 3.5 -83.2803 -19.9947
      vertex 3.5 -84.8854 -20.7432
    endloop
  endfacet
  facet normal 1 0 0
    outer loop
      vertex 3.5 -66.3756 -56.247
      vertex 3.5 -84.8854 -33.1159
      vertex 3.5 -72.7197 -59.2053
    endloop
  endfacet
  facet normal -1 0 0
    outer loop
      vertex -3.5 -84.8854 -33.1159
      vertex -3.5 -66.3756 -56.247
      vertex -3.5 -72.7197 -59.2053
    endloop
  endfacet
  facet normal -1 0 0
    outer loop
      vertex -3.5 -66.3756 -56.247
      vertex -3.5 -84.8854 -33.1159
      vertex -3.5 -83.2803 -19.9947
    endloop
  endfacet
  facet normal -1 0 0
    outer loop
      vertex -3.5 -83.2803 -19.9947
      vertex -3.5 -84.8854 -33.1159
      vertex -3.5 -84.8854 -20.7432
    endloop
  endfacet
  facet normal 0 0.81915 -0.573579
    outer loop
      vertex 3 -109.861 -32.1718
      vertex -3 -92.4242 -7.26962
      vertex 3 -92.4242 -7.26962
    endloop
  endfacet
  facet normal 0 0.81915 -0.573579
    outer loop
      vertex -3 -92.4242 -7.26962
      vertex 3 -109.861 -32.1718
      vertex -3 -109.861 -32.1718
    endloop
  endfacet
  facet normal 0 -0.81915 0.57358
    outer loop
      vertex -3 -114.776 -28.7304
      vertex 3 -97.3391 -3.82816
      vertex -3 -97.3391 -3.82816
    endloop
  endfacet
  facet normal 0 -0.81915 0.57358
    outer loop
      vertex 3 -97.3391 -3.82816
      vertex -3 -114.776 -28.7304
      vertex 3 -114.776 -28.7304
    endloop
  endfacet
  facet normal -0 0.573578 0.819151
    outer loop
      vertex -3 -92.4242 -7.26962
      vertex 3 -97.3391 -3.82816
      vertex 3 -92.4242 -7.26962
    endloop
  endfacet
  facet normal 0 0.573578 0.819151
    outer loop
      vertex 3 -97.3391 -3.82816
      vertex -3 -92.4242 -7.26962
      vertex -3 -97.3391 -3.82816
    endloop
  endfacet
  facet normal 0 -0.573563 -0.819161
    outer loop
      vertex -3 -114.776 -28.7304
      vertex 3 -109.861 -32.1718
      vertex 3 -114.776 -28.7304
    endloop
  endfacet
  facet normal -0 -0.573563 -0.819161
    outer loop
      vertex 3 -109.861 -32.1718
      vertex -3 -114.776 -28.7304
      vertex -3 -109.861 -32.1718
    endloop
  endfacet
  facet normal -1 0 0
    outer loop
      vertex -3 -109.861 -32.1718
      vertex -3 -97.3391 -3.82816
      vertex -3 -92.4242 -7.26962
    endloop
  endfacet
  facet normal -1 0 0
    outer loop
      vertex -3 -97.3391 -3.82816
      vertex -3 -109.861 -32.1718
      vertex -3 -114.776 -28.7304
    endloop
  endfacet
  facet normal 1 0 0
    outer loop
      vertex 3 -97.3391 -3.82816
      vertex 3 -109.861 -32.1718
      vertex 3 -92.4242 -7.26962
    endloop
  endfacet
  facet normal 1 0 -0
    outer loop
      vertex 3 -109.861 -32.1718
      vertex 3 -97.3391 -3.82816
      vertex 3 -114.776 -28.7304
    endloop
  endfacet
  facet normal 0.098057 -0.995181 0
    outer loop
      vertex 0.784837 -11.9743 230
      vertex 1.56631 -11.8973 230.5
      vertex 0.784837 -11.9743 230.5
    endloop
  endfacet
  facet normal 0.098057 -0.995181 0
    outer loop
      vertex 1.56631 -11.8973 230.5
      vertex 0.784837 -11.9743 230
      vertex 1.56631 -11.8973 230
    endloop
  endfacet
  facet normal 0.995181 0.098057 0
    outer loop
      vertex 11.9743 0.784837 230.5
      vertex 11.8973 1.56631 230
      vertex 11.8973 1.56631 230.5
    endloop
  endfacet
  facet normal 0.995181 0.098057 0
    outer loop
      vertex 11.8973 1.56631 230
      vertex 11.9743 0.784837 230.5
      vertex 11.9743 0.784837 230
    endloop
  endfacet
  facet normal 0.999464 0.0327281 0
    outer loop
      vertex 12 0 230.5
      vertex 11.9743 0.784837 230
      vertex 11.9743 0.784837 230.5
    endloop
  endfacet
  facet normal 0.999464 0.0327281 0
    outer loop
      vertex 11.9743 0.784837 230
      vertex 12 0 230.5
      vertex 12 0 230
    endloop
  endfacet
  facet normal 0.773011 0.634393 0
    outer loop
      vertex 9.52024 7.30514 230.5
      vertex 9.02208 7.91215 230
      vertex 9.02208 7.91215 230.5
    endloop
  endfacet
  facet normal 0.773011 0.634393 0
    outer loop
      vertex 9.02208 7.91215 230
      vertex 9.52024 7.30514 230.5
      vertex 9.52024 7.30514 230
    endloop
  endfacet
  facet normal 0.849201 0.52807 0
    outer loop
      vertex 10.3923 6 230.5
      vertex 9.97763 6.66684 230
      vertex 9.97763 6.66684 230.5
    endloop
  endfacet
  facet normal 0.849201 0.52807 0
    outer loop
      vertex 9.97763 6.66684 230
      vertex 10.3923 6 230.5
      vertex 10.3923 6 230
    endloop
  endfacet
  facet normal -0.352241 0.935909 0
    outer loop
      vertex -3.85727 11.3632 230
      vertex -4.5922 11.0866 230.5
      vertex -3.85727 11.3632 230.5
    endloop
  endfacet
  facet normal -0.352241 0.935909 0
    outer loop
      vertex -4.5922 11.0866 230.5
      vertex -3.85727 11.3632 230
      vertex -4.5922 11.0866 230
    endloop
  endfacet
  facet normal -0.910854 -0.412728 0
    outer loop
      vertex -10.7625 -5.30746 230
      vertex -11.0866 -4.5922 230.5
      vertex -11.0866 -4.5922 230
    endloop
  endfacet
  facet normal -0.910854 -0.412728 0
    outer loop
      vertex -11.0866 -4.5922 230.5
      vertex -10.7625 -5.30746 230
      vertex -10.7625 -5.30746 230.5
    endloop
  endfacet
  facet normal 0.352241 0.935909 -0
    outer loop
      vertex 4.5922 11.0866 230
      vertex 3.85727 11.3632 230.5
      vertex 4.5922 11.0866 230.5
    endloop
  endfacet
  facet normal 0.352241 0.935909 0
    outer loop
      vertex 3.85727 11.3632 230.5
      vertex 4.5922 11.0866 230
      vertex 3.85727 11.3632 230
    endloop
  endfacet
  facet normal -0.227059 -0.973881 0
    outer loop
      vertex -3.10583 -11.5911 230
      vertex -2.34108 -11.7694 230.5
      vertex -3.10583 -11.5911 230.5
    endloop
  endfacet
  facet normal -0.227059 -0.973881 -0
    outer loop
      vertex -2.34108 -11.7694 230.5
      vertex -3.10583 -11.5911 230
      vertex -2.34108 -11.7694 230
    endloop
  endfacet
  facet normal -0.881906 0.471426 0
    outer loop
      vertex -10.7625 5.30746 230
      vertex -10.3923 6 230.5
      vertex -10.3923 6 230
    endloop
  endfacet
  facet normal -0.881906 0.471426 0
    outer loop
      vertex -10.3923 6 230.5
      vertex -10.7625 5.30746 230
      vertex -10.7625 5.30746 230.5
    endloop
  endfacet
  facet normal -0.995181 -0.098057 0
    outer loop
      vertex -11.8973 -1.56631 230
      vertex -11.9743 -0.784837 230.5
      vertex -11.9743 -0.784837 230
    endloop
  endfacet
  facet normal -0.995181 -0.098057 0
    outer loop
      vertex -11.9743 -0.784837 230.5
      vertex -11.8973 -1.56631 230
      vertex -11.8973 -1.56631 230.5
    endloop
  endfacet
  facet normal -0.683596 0.729861 0
    outer loop
      vertex -7.91215 9.02208 230
      vertex -8.48528 8.48528 230.5
      vertex -7.91215 9.02208 230.5
    endloop
  endfacet
  facet normal -0.683596 0.729861 0
    outer loop
      vertex -8.48528 8.48528 230.5
      vertex -7.91215 9.02208 230
      vertex -8.48528 8.48528 230
    endloop
  endfacet
  facet normal 0.973881 0.227059 0
    outer loop
      vertex 11.7694 2.34108 230.5
      vertex 11.5911 3.10583 230
      vertex 11.5911 3.10583 230.5
    endloop
  endfacet
  facet normal 0.973881 0.227059 0
    outer loop
      vertex 11.5911 3.10583 230
      vertex 11.7694 2.34108 230.5
      vertex 11.7694 2.34108 230
    endloop
  endfacet
  facet normal 0.910854 -0.412728 0
    outer loop
      vertex 10.7625 -5.30746 230.5
      vertex 11.0866 -4.5922 230
      vertex 11.0866 -4.5922 230.5
    endloop
  endfacet
  facet normal 0.910854 -0.412728 0
    outer loop
      vertex 11.0866 -4.5922 230
      vertex 10.7625 -5.30746 230.5
      vertex 10.7625 -5.30746 230
    endloop
  endfacet
  facet normal 0.956957 -0.29023 0
    outer loop
      vertex 11.3632 -3.85727 230.5
      vertex 11.5911 -3.10583 230
      vertex 11.5911 -3.10583 230.5
    endloop
  endfacet
  facet normal 0.956957 -0.29023 0
    outer loop
      vertex 11.5911 -3.10583 230
      vertex 11.3632 -3.85727 230.5
      vertex 11.3632 -3.85727 230
    endloop
  endfacet
  facet normal -0.986646 -0.162877 0
    outer loop
      vertex -11.7694 -2.34108 230
      vertex -11.8973 -1.56631 230.5
      vertex -11.8973 -1.56631 230
    endloop
  endfacet
  facet normal -0.986646 -0.162877 0
    outer loop
      vertex -11.8973 -1.56631 230.5
      vertex -11.7694 -2.34108 230
      vertex -11.7694 -2.34108 230.5
    endloop
  endfacet
  facet normal 0.999464 -0.0327281 0
    outer loop
      vertex 11.9743 -0.784837 230.5
      vertex 12 0 230
      vertex 12 0 230.5
    endloop
  endfacet
  facet normal 0.999464 -0.0327281 0
    outer loop
      vertex 12 0 230
      vertex 11.9743 -0.784837 230.5
      vertex 11.9743 -0.784837 230
    endloop
  endfacet
  facet normal 0.58247 -0.812852 0
    outer loop
      vertex 6.66684 -9.97763 230
      vertex 7.30514 -9.52024 230.5
      vertex 6.66684 -9.97763 230.5
    endloop
  endfacet
  facet normal 0.58247 -0.812852 0
    outer loop
      vertex 7.30514 -9.52024 230.5
      vertex 6.66684 -9.97763 230
      vertex 7.30514 -9.52024 230
    endloop
  endfacet
  facet normal -0.935909 -0.352241 0
    outer loop
      vertex -11.0866 -4.5922 230
      vertex -11.3632 -3.85727 230.5
      vertex -11.3632 -3.85727 230
    endloop
  endfacet
  facet normal -0.935909 -0.352241 0
    outer loop
      vertex -11.3632 -3.85727 230.5
      vertex -11.0866 -4.5922 230
      vertex -11.0866 -4.5922 230.5
    endloop
  endfacet
  facet normal -0.162877 0.986646 0
    outer loop
      vertex -1.56631 11.8973 230
      vertex -2.34108 11.7694 230.5
      vertex -1.56631 11.8973 230.5
    endloop
  endfacet
  facet normal -0.162877 0.986646 0
    outer loop
      vertex -2.34108 11.7694 230.5
      vertex -1.56631 11.8973 230
      vertex -2.34108 11.7694 230
    endloop
  endfacet
  facet normal -0.29023 -0.956957 0
    outer loop
      vertex -3.85727 -11.3632 230
      vertex -3.10583 -11.5911 230.5
      vertex -3.85727 -11.3632 230.5
    endloop
  endfacet
  facet normal -0.29023 -0.956957 -0
    outer loop
      vertex -3.10583 -11.5911 230.5
      vertex -3.85727 -11.3632 230
      vertex -3.10583 -11.5911 230
    endloop
  endfacet
  facet normal 0.956957 0.29023 0
    outer loop
      vertex 11.5911 3.10583 230.5
      vertex 11.3632 3.85727 230
      vertex 11.3632 3.85727 230.5
    endloop
  endfacet
  facet normal 0.956957 0.29023 0
    outer loop
      vertex 11.3632 3.85727 230
      vertex 11.5911 3.10583 230.5
      vertex 11.5911 3.10583 230
    endloop
  endfacet
  facet normal 0.910854 0.412728 0
    outer loop
      vertex 11.0866 4.5922 230.5
      vertex 10.7625 5.30746 230
      vertex 10.7625 5.30746 230.5
    endloop
  endfacet
  facet normal 0.910854 0.412728 0
    outer loop
      vertex 10.7625 5.30746 230
      vertex 11.0866 4.5922 230.5
      vertex 11.0866 4.5922 230
    endloop
  endfacet
  facet normal 0.634393 0.773011 -0
    outer loop
      vertex 7.91215 9.02208 230
      vertex 7.30514 9.52024 230.5
      vertex 7.91215 9.02208 230.5
    endloop
  endfacet
  facet normal 0.634393 0.773011 0
    outer loop
      vertex 7.30514 9.52024 230.5
      vertex 7.91215 9.02208 230
      vertex 7.30514 9.52024 230
    endloop
  endfacet
  facet normal -0.729861 -0.683596 0
    outer loop
      vertex -8.48528 -8.48528 230
      vertex -9.02208 -7.91215 230.5
      vertex -9.02208 -7.91215 230
    endloop
  endfacet
  facet normal -0.729861 -0.683596 0
    outer loop
      vertex -9.02208 -7.91215 230.5
      vertex -8.48528 -8.48528 230
      vertex -8.48528 -8.48528 230.5
    endloop
  endfacet
  facet normal -0.935909 0.352241 0
    outer loop
      vertex -11.3632 3.85727 230
      vertex -11.0866 4.5922 230.5
      vertex -11.0866 4.5922 230
    endloop
  endfacet
  facet normal -0.935909 0.352241 0
    outer loop
      vertex -11.0866 4.5922 230.5
      vertex -11.3632 3.85727 230
      vertex -11.3632 3.85727 230.5
    endloop
  endfacet
  facet normal 0.773011 -0.634393 0
    outer loop
      vertex 9.02208 -7.91215 230.5
      vertex 9.52024 -7.30514 230
      vertex 9.52024 -7.30514 230.5
    endloop
  endfacet
  facet normal 0.773011 -0.634393 0
    outer loop
      vertex 9.52024 -7.30514 230
      vertex 9.02208 -7.91215 230.5
      vertex 9.02208 -7.91215 230
    endloop
  endfacet
  facet normal 0.0327281 -0.999464 0
    outer loop
      vertex 0 -12 230
      vertex 0.784837 -11.9743 230.5
      vertex 0 -12 230.5
    endloop
  endfacet
  facet normal 0.0327281 -0.999464 0
    outer loop
      vertex 0.784837 -11.9743 230.5
      vertex 0 -12 230
      vertex 0.784837 -11.9743 230
    endloop
  endfacet
  facet normal -0.973881 0.227059 0
    outer loop
      vertex -11.7694 2.34108 230
      vertex -11.5911 3.10583 230.5
      vertex -11.5911 3.10583 230
    endloop
  endfacet
  facet normal -0.973881 0.227059 0
    outer loop
      vertex -11.5911 3.10583 230.5
      vertex -11.7694 2.34108 230
      vertex -11.7694 2.34108 230.5
    endloop
  endfacet
  facet normal 0.098057 0.995181 -0
    outer loop
      vertex 1.56631 11.8973 230
      vertex 0.784837 11.9743 230.5
      vertex 1.56631 11.8973 230.5
    endloop
  endfacet
  facet normal 0.098057 0.995181 0
    outer loop
      vertex 0.784837 11.9743 230.5
      vertex 1.56631 11.8973 230
      vertex 0.784837 11.9743 230
    endloop
  endfacet
  facet normal 0.0327281 0.999464 -0
    outer loop
      vertex 0.784837 11.9743 230
      vertex 0 12 230.5
      vertex 0.784837 11.9743 230.5
    endloop
  endfacet
  facet normal 0.0327281 0.999464 0
    outer loop
      vertex 0 12 230.5
      vertex 0.784837 11.9743 230
      vertex 0 12 230
    endloop
  endfacet
  facet normal -0.773011 0.634393 0
    outer loop
      vertex -9.52024 7.30514 230
      vertex -9.02208 7.91215 230.5
      vertex -9.02208 7.91215 230
    endloop
  endfacet
  facet normal -0.773011 0.634393 0
    outer loop
      vertex -9.02208 7.91215 230.5
      vertex -9.52024 7.30514 230
      vertex -9.52024 7.30514 230.5
    endloop
  endfacet
  facet normal -0.162877 -0.986646 0
    outer loop
      vertex -2.34108 -11.7694 230
      vertex -1.56631 -11.8973 230.5
      vertex -2.34108 -11.7694 230.5
    endloop
  endfacet
  facet normal -0.162877 -0.986646 -0
    outer loop
      vertex -1.56631 -11.8973 230.5
      vertex -2.34108 -11.7694 230
      vertex -1.56631 -11.8973 230
    endloop
  endfacet
  facet normal 0.162877 0.986646 -0
    outer loop
      vertex 2.34108 11.7694 230
      vertex 1.56631 11.8973 230.5
      vertex 2.34108 11.7694 230.5
    endloop
  endfacet
  facet normal 0.162877 0.986646 0
    outer loop
      vertex 1.56631 11.8973 230.5
      vertex 2.34108 11.7694 230
      vertex 1.56631 11.8973 230
    endloop
  endfacet
  facet normal 0.471426 0.881906 -0
    outer loop
      vertex 6 10.3923 230
      vertex 5.30746 10.7625 230.5
      vertex 6 10.3923 230.5
    endloop
  endfacet
  facet normal 0.471426 0.881906 0
    outer loop
      vertex 5.30746 10.7625 230.5
      vertex 6 10.3923 230
      vertex 5.30746 10.7625 230
    endloop
  endfacet
  facet normal 0.812852 -0.58247 0
    outer loop
      vertex 9.52024 -7.30514 230.5
      vertex 9.97763 -6.66684 230
      vertex 9.97763 -6.66684 230.5
    endloop
  endfacet
  facet normal 0.812852 -0.58247 0
    outer loop
      vertex 9.97763 -6.66684 230
      vertex 9.52024 -7.30514 230.5
      vertex 9.52024 -7.30514 230
    endloop
  endfacet
  facet normal -0.52807 0.849201 0
    outer loop
      vertex -6 10.3923 230
      vertex -6.66684 9.97763 230.5
      vertex -6 10.3923 230.5
    endloop
  endfacet
  facet normal -0.52807 0.849201 0
    outer loop
      vertex -6.66684 9.97763 230.5
      vertex -6 10.3923 230
      vertex -6.66684 9.97763 230
    endloop
  endfacet
  facet normal -0.812852 0.58247 0
    outer loop
      vertex -9.97763 6.66684 230
      vertex -9.52024 7.30514 230.5
      vertex -9.52024 7.30514 230
    endloop
  endfacet
  facet normal -0.812852 0.58247 0
    outer loop
      vertex -9.52024 7.30514 230.5
      vertex -9.97763 6.66684 230
      vertex -9.97763 6.66684 230.5
    endloop
  endfacet
  facet normal 0.227059 0.973881 -0
    outer loop
      vertex 3.10583 11.5911 230
      vertex 2.34108 11.7694 230.5
      vertex 3.10583 11.5911 230.5
    endloop
  endfacet
  facet normal 0.227059 0.973881 0
    outer loop
      vertex 2.34108 11.7694 230.5
      vertex 3.10583 11.5911 230
      vertex 2.34108 11.7694 230
    endloop
  endfacet
  facet normal 0.935909 -0.352241 0
    outer loop
      vertex 11.0866 -4.5922 230.5
      vertex 11.3632 -3.85727 230
      vertex 11.3632 -3.85727 230.5
    endloop
  endfacet
  facet normal 0.935909 -0.352241 0
    outer loop
      vertex 11.3632 -3.85727 230
      vertex 11.0866 -4.5922 230.5
      vertex 11.0866 -4.5922 230
    endloop
  endfacet
  facet normal 0.729861 0.683596 0
    outer loop
      vertex 9.02208 7.91215 230.5
      vertex 8.48528 8.48528 230
      vertex 8.48528 8.48528 230.5
    endloop
  endfacet
  facet normal 0.729861 0.683596 0
    outer loop
      vertex 8.48528 8.48528 230
      vertex 9.02208 7.91215 230.5
      vertex 9.02208 7.91215 230
    endloop
  endfacet
  facet normal -0.098057 -0.995181 0
    outer loop
      vertex -1.56631 -11.8973 230
      vertex -0.784837 -11.9743 230.5
      vertex -1.56631 -11.8973 230.5
    endloop
  endfacet
  facet normal -0.098057 -0.995181 -0
    outer loop
      vertex -0.784837 -11.9743 230.5
      vertex -1.56631 -11.8973 230
      vertex -0.784837 -11.9743 230
    endloop
  endfacet
  facet normal 0.52807 -0.849201 0
    outer loop
      vertex 6 -10.3923 230
      vertex 6.66684 -9.97763 230.5
      vertex 6 -10.3923 230.5
    endloop
  endfacet
  facet normal 0.52807 -0.849201 0
    outer loop
      vertex 6.66684 -9.97763 230.5
      vertex 6 -10.3923 230
      vertex 6.66684 -9.97763 230
    endloop
  endfacet
  facet normal 0.471426 -0.881906 0
    outer loop
      vertex 5.30746 -10.7625 230
      vertex 6 -10.3923 230.5
      vertex 5.30746 -10.7625 230.5
    endloop
  endfacet
  facet normal 0.471426 -0.881906 0
    outer loop
      vertex 6 -10.3923 230.5
      vertex 5.30746 -10.7625 230
      vertex 6 -10.3923 230
    endloop
  endfacet
  facet normal 0.881906 0.471426 0
    outer loop
      vertex 10.7625 5.30746 230.5
      vertex 10.3923 6 230
      vertex 10.3923 6 230.5
    endloop
  endfacet
  facet normal 0.881906 0.471426 0
    outer loop
      vertex 10.3923 6 230
      vertex 10.7625 5.30746 230.5
      vertex 10.7625 5.30746 230
    endloop
  endfacet
  facet normal 0.973881 -0.227059 0
    outer loop
      vertex 11.5911 -3.10583 230.5
      vertex 11.7694 -2.34108 230
      vertex 11.7694 -2.34108 230.5
    endloop
  endfacet
  facet normal 0.973881 -0.227059 0
    outer loop
      vertex 11.7694 -2.34108 230
      vertex 11.5911 -3.10583 230.5
      vertex 11.5911 -3.10583 230
    endloop
  endfacet
  facet normal 0 0 1
    outer loop
      vertex 11.9743 0.784837 230.5
      vertex 11.9743 -0.784837 230.5
      vertex 12 0 230.5
    endloop
  endfacet
  facet normal 0 0 1
    outer loop
      vertex 11.8973 1.56631 230.5
      vertex 11.9743 -0.784837 230.5
      vertex 11.9743 0.784837 230.5
    endloop
  endfacet
  facet normal 0 0 1
    outer loop
      vertex 11.8973 1.56631 230.5
      vertex 11.8973 -1.56631 230.5
      vertex 11.9743 -0.784837 230.5
    endloop
  endfacet
  facet normal 0 0 1
    outer loop
      vertex 11.7694 2.34108 230.5
      vertex 11.8973 -1.56631 230.5
      vertex 11.8973 1.56631 230.5
    endloop
  endfacet
  facet normal 0 0 1
    outer loop
      vertex 11.7694 2.34108 230.5
      vertex 11.7694 -2.34108 230.5
      vertex 11.8973 -1.56631 230.5
    endloop
  endfacet
  facet normal 0 0 1
    outer loop
      vertex 11.5911 3.10583 230.5
      vertex 11.7694 -2.34108 230.5
      vertex 11.7694 2.34108 230.5
    endloop
  endfacet
  facet normal 0 0 1
    outer loop
      vertex 11.5911 3.10583 230.5
      vertex 11.5911 -3.10583 230.5
      vertex 11.7694 -2.34108 230.5
    endloop
  endfacet
  facet normal 0 0 1
    outer loop
      vertex 11.3632 3.85727 230.5
      vertex 11.5911 -3.10583 230.5
      vertex 11.5911 3.10583 230.5
    endloop
  endfacet
  facet normal 0 0 1
    outer loop
      vertex 11.3632 3.85727 230.5
      vertex 11.3632 -3.85727 230.5
      vertex 11.5911 -3.10583 230.5
    endloop
  endfacet
  facet normal 0 0 1
    outer loop
      vertex 11.0866 4.5922 230.5
      vertex 11.3632 -3.85727 230.5
      vertex 11.3632 3.85727 230.5
    endloop
  endfacet
  facet normal 0 0 1
    outer loop
      vertex 11.0866 4.5922 230.5
      vertex 11.0866 -4.5922 230.5
      vertex 11.3632 -3.85727 230.5
    endloop
  endfacet
  facet normal 0 0 1
    outer loop
      vertex 10.7625 5.30746 230.5
      vertex 11.0866 -4.5922 230.5
      vertex 11.0866 4.5922 230.5
    endloop
  endfacet
  facet normal 0 0 1
    outer loop
      vertex 10.7625 5.30746 230.5
      vertex 10.7625 -5.30746 230.5
      vertex 11.0866 -4.5922 230.5
    endloop
  endfacet
  facet normal 0 0 1
    outer loop
      vertex 10.3923 6 230.5
      vertex 10.7625 -5.30746 230.5
      vertex 10.7625 5.30746 230.5
    endloop
  endfacet
  facet normal 0 0 1
    outer loop
      vertex 10.3923 6 230.5
      vertex 10.3923 -6 230.5
      vertex 10.7625 -5.30746 230.5
    endloop
  endfacet
  facet normal 0 0 1
    outer loop
      vertex 9.97763 6.66684 230.5
      vertex 10.3923 -6 230.5
      vertex 10.3923 6 230.5
    endloop
  endfacet
  facet normal 0 0 1
    outer loop
      vertex 9.97763 6.66684 230.5
      vertex 9.97763 -6.66684 230.5
      vertex 10.3923 -6 230.5
    endloop
  endfacet
  facet normal 0 0 1
    outer loop
      vertex 9.52024 7.30514 230.5
      vertex 9.97763 -6.66684 230.5
      vertex 9.97763 6.66684 230.5
    endloop
  endfacet
  facet normal 0 0 1
    outer loop
      vertex 9.52024 7.30514 230.5
      vertex 9.52024 -7.30514 230.5
      vertex 9.97763 -6.66684 230.5
    endloop
  endfacet
  facet normal 0 0 1
    outer loop
      vertex 9.02208 7.91215 230.5
      vertex 9.52024 -7.30514 230.5
      vertex 9.52024 7.30514 230.5
    endloop
  endfacet
  facet normal 0 0 1
    outer loop
      vertex 9.02208 7.91215 230.5
      vertex 9.02208 -7.91215 230.5
      vertex 9.52024 -7.30514 230.5
    endloop
  endfacet
  facet normal 0 0 1
    outer loop
      vertex 8.48528 8.48528 230.5
      vertex 9.02208 -7.91215 230.5
      vertex 9.02208 7.91215 230.5
    endloop
  endfacet
  facet normal 0 0 1
    outer loop
      vertex 8.48528 8.48528 230.5
      vertex 8.48528 -8.48528 230.5
      vertex 9.02208 -7.91215 230.5
    endloop
  endfacet
  facet normal 0 0 1
    outer loop
      vertex 7.91215 9.02208 230.5
      vertex 8.48528 -8.48528 230.5
      vertex 8.48528 8.48528 230.5
    endloop
  endfacet
  facet normal 0 0 1
    outer loop
      vertex 7.91215 9.02208 230.5
      vertex 7.91215 -9.02208 230.5
      vertex 8.48528 -8.48528 230.5
    endloop
  endfacet
  facet normal 0 0 1
    outer loop
      vertex 7.30514 9.52024 230.5
      vertex 7.91215 -9.02208 230.5
      vertex 7.91215 9.02208 230.5
    endloop
  endfacet
  facet normal 0 0 1
    outer loop
      vertex 7.30514 9.52024 230.5
      vertex 7.30514 -9.52024 230.5
      vertex 7.91215 -9.02208 230.5
    endloop
  endfacet
  facet normal 0 0 1
    outer loop
      vertex 6.66684 9.97763 230.5
      vertex 7.30514 -9.52024 230.5
      vertex 7.30514 9.52024 230.5
    endloop
  endfacet
  facet normal 0 0 1
    outer loop
      vertex 6.66684 9.97763 230.5
      vertex 6.66684 -9.97763 230.5
      vertex 7.30514 -9.52024 230.5
    endloop
  endfacet
  facet normal 0 0 1
    outer loop
      vertex 6 10.3923 230.5
      vertex 6.66684 -9.97763 230.5
      vertex 6.66684 9.97763 230.5
    endloop
  endfacet
  facet normal 0 0 1
    outer loop
      vertex 6 10.3923 230.5
      vertex 6 -10.3923 230.5
      vertex 6.66684 -9.97763 230.5
    endloop
  endfacet
  facet normal 0 0 1
    outer loop
      vertex 5.30746 10.7625 230.5
      vertex 6 -10.3923 230.5
      vertex 6 10.3923 230.5
    endloop
  endfacet
  facet normal 0 0 1
    outer loop
      vertex 5.30746 10.7625 230.5
      vertex 5.30746 -10.7625 230.5
      vertex 6 -10.3923 230.5
    endloop
  endfacet
  facet normal 0 0 1
    outer loop
      vertex 4.5922 11.0866 230.5
      vertex 5.30746 -10.7625 230.5
      vertex 5.30746 10.7625 230.5
    endloop
  endfacet
  facet normal 0 0 1
    outer loop
      vertex 4.5922 11.0866 230.5
      vertex 4.5922 -11.0866 230.5
      vertex 5.30746 -10.7625 230.5
    endloop
  endfacet
  facet normal 0 0 1
    outer loop
      vertex 3.85727 11.3632 230.5
      vertex 4.5922 -11.0866 230.5
      vertex 4.5922 11.0866 230.5
    endloop
  endfacet
  facet normal 0 0 1
    outer loop
      vertex 3.85727 11.3632 230.5
      vertex 3.85727 -11.3632 230.5
      vertex 4.5922 -11.0866 230.5
    endloop
  endfacet
  facet normal 0 0 1
    outer loop
      vertex 3.10583 11.5911 230.5
      vertex 3.85727 -11.3632 230.5
      vertex 3.85727 11.3632 230.5
    endloop
  endfacet
  facet normal 0 0 1
    outer loop
      vertex 3.10583 11.5911 230.5
      vertex 3.10583 -11.5911 230.5
      vertex 3.85727 -11.3632 230.5
    endloop
  endfacet
  facet normal 0 0 1
    outer loop
      vertex 2.34108 11.7694 230.5
      vertex 3.10583 -11.5911 230.5
      vertex 3.10583 11.5911 230.5
    endloop
  endfacet
  facet normal 0 0 1
    outer loop
      vertex 2.34108 11.7694 230.5
      vertex 2.34108 -11.7694 230.5
      vertex 3.10583 -11.5911 230.5
    endloop
  endfacet
  facet normal 0 0 1
    outer loop
      vertex 1.56631 11.8973 230.5
      vertex 2.34108 -11.7694 230.5
      vertex 2.34108 11.7694 230.5
    endloop
  endfacet
  facet normal 0 0 1
    outer loop
      vertex 1.56631 11.8973 230.5
      vertex 1.56631 -11.8973 230.5
      vertex 2.34108 -11.7694 230.5
    endloop
  endfacet
  facet normal 0 0 1
    outer loop
      vertex 0.784837 11.9743 230.5
      vertex 1.56631 -11.8973 230.5
      vertex 1.56631 11.8973 230.5
    endloop
  endfacet
  facet normal 0 0 1
    outer loop
      vertex 0.784837 11.9743 230.5
      vertex 0.784837 -11.9743 230.5
      vertex 1.56631 -11.8973 230.5
    endloop
  endfacet
  facet normal 0 0 1
    outer loop
      vertex 0 12 230.5
      vertex 0.784837 -11.9743 230.5
      vertex 0.784837 11.9743 230.5
    endloop
  endfacet
  facet normal 0 0 1
    outer loop
      vertex 0 12 230.5
      vertex 0 -12 230.5
      vertex 0.784837 -11.9743 230.5
    endloop
  endfacet
  facet normal -0 0 1
    outer loop
      vertex -0.784837 11.9743 230.5
      vertex 0 -12 230.5
      vertex 0 12 230.5
    endloop
  endfacet
  facet normal 0 0 1
    outer loop
      vertex -0.784837 11.9743 230.5
      vertex -0.784837 -11.9743 230.5
      vertex 0 -12 230.5
    endloop
  endfacet
  facet normal -0 0 1
    outer loop
      vertex -1.56631 11.8973 230.5
      vertex -0.784837 -11.9743 230.5
      vertex -0.784837 11.9743 230.5
    endloop
  endfacet
  facet normal 0 0 1
    outer loop
      vertex -1.56631 11.8973 230.5
      vertex -1.56631 -11.8973 230.5
      vertex -0.784837 -11.9743 230.5
    endloop
  endfacet
  facet normal -0 0 1
    outer loop
      vertex -2.34108 11.7694 230.5
      vertex -1.56631 -11.8973 230.5
      vertex -1.56631 11.8973 230.5
    endloop
  endfacet
  facet normal 0 0 1
    outer loop
      vertex -2.34108 11.7694 230.5
      vertex -2.34108 -11.7694 230.5
      vertex -1.56631 -11.8973 230.5
    endloop
  endfacet
  facet normal -0 0 1
    outer loop
      vertex -3.10583 11.5911 230.5
      vertex -2.34108 -11.7694 230.5
      vertex -2.34108 11.7694 230.5
    endloop
  endfacet
  facet normal 0 0 1
    outer loop
      vertex -3.10583 11.5911 230.5
      vertex -3.10583 -11.5911 230.5
      vertex -2.34108 -11.7694 230.5
    endloop
  endfacet
  facet normal -0 0 1
    outer loop
      vertex -3.85727 11.3632 230.5
      vertex -3.10583 -11.5911 230.5
      vertex -3.10583 11.5911 230.5
    endloop
  endfacet
  facet normal 0 0 1
    outer loop
      vertex -3.85727 11.3632 230.5
      vertex -3.85727 -11.3632 230.5
      vertex -3.10583 -11.5911 230.5
    endloop
  endfacet
  facet normal -0 0 1
    outer loop
      vertex -4.5922 11.0866 230.5
      vertex -3.85727 -11.3632 230.5
      vertex -3.85727 11.3632 230.5
    endloop
  endfacet
  facet normal 0 0 1
    outer loop
      vertex -4.5922 11.0866 230.5
      vertex -4.5922 -11.0866 230.5
      vertex -3.85727 -11.3632 230.5
    endloop
  endfacet
  facet normal -0 0 1
    outer loop
      vertex -5.30746 10.7625 230.5
      vertex -4.5922 -11.0866 230.5
      vertex -4.5922 11.0866 230.5
    endloop
  endfacet
  facet normal 0 0 1
    outer loop
      vertex -5.30746 10.7625 230.5
      vertex -5.30746 -10.7625 230.5
      vertex -4.5922 -11.0866 230.5
    endloop
  endfacet
  facet normal -0 0 1
    outer loop
      vertex -6 10.3923 230.5
      vertex -5.30746 -10.7625 230.5
      vertex -5.30746 10.7625 230.5
    endloop
  endfacet
  facet normal 0 0 1
    outer loop
      vertex -6 10.3923 230.5
      vertex -6 -10.3923 230.5
      vertex -5.30746 -10.7625 230.5
    endloop
  endfacet
  facet normal -0 0 1
    outer loop
      vertex -6.66684 9.97763 230.5
      vertex -6 -10.3923 230.5
      vertex -6 10.3923 230.5
    endloop
  endfacet
  facet normal 0 0 1
    outer loop
      vertex -6.66684 9.97763 230.5
      vertex -6.66684 -9.97763 230.5
      vertex -6 -10.3923 230.5
    endloop
  endfacet
  facet normal -0 0 1
    outer loop
      vertex -7.30514 9.52024 230.5
      vertex -6.66684 -9.97763 230.5
      vertex -6.66684 9.97763 230.5
    endloop
  endfacet
  facet normal 0 0 1
    outer loop
      vertex -7.30514 9.52024 230.5
      vertex -7.30514 -9.52024 230.5
      vertex -6.66684 -9.97763 230.5
    endloop
  endfacet
  facet normal -0 0 1
    outer loop
      vertex -7.91215 9.02208 230.5
      vertex -7.30514 -9.52024 230.5
      vertex -7.30514 9.52024 230.5
    endloop
  endfacet
  facet normal 0 0 1
    outer loop
      vertex -7.91215 9.02208 230.5
      vertex -7.91215 -9.02208 230.5
      vertex -7.30514 -9.52024 230.5
    endloop
  endfacet
  facet normal -0 0 1
    outer loop
      vertex -8.48528 8.48528 230.5
      vertex -7.91215 -9.02208 230.5
      vertex -7.91215 9.02208 230.5
    endloop
  endfacet
  facet normal 0 0 1
    outer loop
      vertex -8.48528 8.48528 230.5
      vertex -8.48528 -8.48528 230.5
      vertex -7.91215 -9.02208 230.5
    endloop
  endfacet
  facet normal -0 0 1
    outer loop
      vertex -9.02208 7.91215 230.5
      vertex -8.48528 -8.48528 230.5
      vertex -8.48528 8.48528 230.5
    endloop
  endfacet
  facet normal 0 0 1
    outer loop
      vertex -9.02208 7.91215 230.5
      vertex -9.02208 -7.91215 230.5
      vertex -8.48528 -8.48528 230.5
    endloop
  endfacet
  facet normal -0 0 1
    outer loop
      vertex -9.52024 7.30514 230.5
      vertex -9.02208 -7.91215 230.5
      vertex -9.02208 7.91215 230.5
    endloop
  endfacet
  facet normal 0 0 1
    outer loop
      vertex -9.52024 7.30514 230.5
      vertex -9.52024 -7.30514 230.5
      vertex -9.02208 -7.91215 230.5
    endloop
  endfacet
  facet normal -0 0 1
    outer loop
      vertex -9.97763 6.66684 230.5
      vertex -9.52024 -7.30514 230.5
      vertex -9.52024 7.30514 230.5
    endloop
  endfacet
  facet normal 0 0 1
    outer loop
      vertex -9.97763 6.66684 230.5
      vertex -9.97763 -6.66684 230.5
      vertex -9.52024 -7.30514 230.5
    endloop
  endfacet
  facet normal -0 0 1
    outer loop
      vertex -10.3923 6 230.5
      vertex -9.97763 -6.66684 230.5
      vertex -9.97763 6.66684 230.5
    endloop
  endfacet
  facet normal 0 0 1
    outer loop
      vertex -10.3923 6 230.5
      vertex -10.3923 -6 230.5
      vertex -9.97763 -6.66684 230.5
    endloop
  endfacet
  facet normal -0 0 1
    outer loop
      vertex -10.7625 5.30746 230.5
      vertex -10.3923 -6 230.5
      vertex -10.3923 6 230.5
    endloop
  endfacet
  facet normal 0 0 1
    outer loop
      vertex -10.7625 5.30746 230.5
      vertex -10.7625 -5.30746 230.5
      vertex -10.3923 -6 230.5
    endloop
  endfacet
  facet normal -0 0 1
    outer loop
      vertex -11.0866 4.5922 230.5
      vertex -10.7625 -5.30746 230.5
      vertex -10.7625 5.30746 230.5
    endloop
  endfacet
  facet normal 0 0 1
    outer loop
      vertex -11.0866 4.5922 230.5
      vertex -11.0866 -4.5922 230.5
      vertex -10.7625 -5.30746 230.5
    endloop
  endfacet
  facet normal -0 0 1
    outer loop
      vertex -11.3632 3.85727 230.5
      vertex -11.0866 -4.5922 230.5
      vertex -11.0866 4.5922 230.5
    endloop
  endfacet
  facet normal 0 0 1
    outer loop
      vertex -11.3632 3.85727 230.5
      vertex -11.3632 -3.85727 230.5
      vertex -11.0866 -4.5922 230.5
    endloop
  endfacet
  facet normal -0 0 1
    outer loop
      vertex -11.5911 3.10583 230.5
      vertex -11.3632 -3.85727 230.5
      vertex -11.3632 3.85727 230.5
    endloop
  endfacet
  facet normal 0 0 1
    outer loop
      vertex -11.5911 3.10583 230.5
      vertex -11.5911 -3.10583 230.5
      vertex -11.3632 -3.85727 230.5
    endloop
  endfacet
  facet normal -0 0 1
    outer loop
      vertex -11.7694 2.34108 230.5
      vertex -11.5911 -3.10583 230.5
      vertex -11.5911 3.10583 230.5
    endloop
  endfacet
  facet normal 0 0 1
    outer loop
      vertex -11.7694 2.34108 230.5
      vertex -11.7694 -2.34108 230.5
      vertex -11.5911 -3.10583 230.5
    endloop
  endfacet
  facet normal -0 0 1
    outer loop
      vertex -11.8973 1.56631 230.5
      vertex -11.7694 -2.34108 230.5
      vertex -11.7694 2.34108 230.5
    endloop
  endfacet
  facet normal 0 0 1
    outer loop
      vertex -11.8973 1.56631 230.5
      vertex -11.8973 -1.56631 230.5
      vertex -11.7694 -2.34108 230.5
    endloop
  endfacet
  facet normal -0 0 1
    outer loop
      vertex -11.9743 0.784837 230.5
      vertex -11.8973 -1.56631 230.5
      vertex -11.8973 1.56631 230.5
    endloop
  endfacet
  facet normal 0 0 1
    outer loop
      vertex -11.9743 0.784837 230.5
      vertex -11.9743 -0.784837 230.5
      vertex -11.8973 -1.56631 230.5
    endloop
  endfacet
  facet normal 0 -0 1
    outer loop
      vertex -11.9743 -0.784837 230.5
      vertex -11.9743 0.784837 230.5
      vertex -12 0 230.5
    endloop
  endfacet
  facet normal 0.29023 -0.956957 0
    outer loop
      vertex 3.10583 -11.5911 230
      vertex 3.85727 -11.3632 230.5
      vertex 3.10583 -11.5911 230.5
    endloop
  endfacet
  facet normal 0.29023 -0.956957 0
    outer loop
      vertex 3.85727 -11.3632 230.5
      vertex 3.10583 -11.5911 230
      vertex 3.85727 -11.3632 230
    endloop
  endfacet
  facet normal -0.773011 -0.634393 0
    outer loop
      vertex -9.02208 -7.91215 230
      vertex -9.52024 -7.30514 230.5
      vertex -9.52024 -7.30514 230
    endloop
  endfacet
  facet normal -0.773011 -0.634393 0
    outer loop
      vertex -9.52024 -7.30514 230.5
      vertex -9.02208 -7.91215 230
      vertex -9.02208 -7.91215 230.5
    endloop
  endfacet
  facet normal 0.995181 -0.098057 0
    outer loop
      vertex 11.8973 -1.56631 230.5
      vertex 11.9743 -0.784837 230
      vertex 11.9743 -0.784837 230.5
    endloop
  endfacet
  facet normal 0.995181 -0.098057 0
    outer loop
      vertex 11.9743 -0.784837 230
      vertex 11.8973 -1.56631 230.5
      vertex 11.8973 -1.56631 230
    endloop
  endfacet
  facet normal -0.956957 0.29023 0
    outer loop
      vertex -11.5911 3.10583 230
      vertex -11.3632 3.85727 230.5
      vertex -11.3632 3.85727 230
    endloop
  endfacet
  facet normal -0.956957 0.29023 0
    outer loop
      vertex -11.3632 3.85727 230.5
      vertex -11.5911 3.10583 230
      vertex -11.5911 3.10583 230.5
    endloop
  endfacet
  facet normal -0.0327281 0.999464 0
    outer loop
      vertex 0 12 230
      vertex -0.784837 11.9743 230.5
      vertex 0 12 230.5
    endloop
  endfacet
  facet normal -0.0327281 0.999464 0
    outer loop
      vertex -0.784837 11.9743 230.5
      vertex 0 12 230
      vertex -0.784837 11.9743 230
    endloop
  endfacet
  facet normal -0.412728 0.910854 0
    outer loop
      vertex -4.5922 11.0866 230
      vertex -5.30746 10.7625 230.5
      vertex -4.5922 11.0866 230.5
    endloop
  endfacet
  facet normal -0.412728 0.910854 0
    outer loop
      vertex -5.30746 10.7625 230.5
      vertex -4.5922 11.0866 230
      vertex -5.30746 10.7625 230
    endloop
  endfacet
  facet normal -0.999464 -0.0327281 0
    outer loop
      vertex -11.9743 -0.784837 230
      vertex -12 0 230.5
      vertex -12 0 230
    endloop
  endfacet
  facet normal -0.999464 -0.0327281 0
    outer loop
      vertex -12 0 230.5
      vertex -11.9743 -0.784837 230
      vertex -11.9743 -0.784837 230.5
    endloop
  endfacet
  facet normal -0.729861 0.683596 0
    outer loop
      vertex -9.02208 7.91215 230
      vertex -8.48528 8.48528 230.5
      vertex -8.48528 8.48528 230
    endloop
  endfacet
  facet normal -0.729861 0.683596 0
    outer loop
      vertex -8.48528 8.48528 230.5
      vertex -9.02208 7.91215 230
      vertex -9.02208 7.91215 230.5
    endloop
  endfacet
  facet normal -0.29023 0.956957 0
    outer loop
      vertex -3.10583 11.5911 230
      vertex -3.85727 11.3632 230.5
      vertex -3.10583 11.5911 230.5
    endloop
  endfacet
  facet normal -0.29023 0.956957 0
    outer loop
      vertex -3.85727 11.3632 230.5
      vertex -3.10583 11.5911 230
      vertex -3.85727 11.3632 230
    endloop
  endfacet
  facet normal 0.29023 0.956957 -0
    outer loop
      vertex 3.85727 11.3632 230
      vertex 3.10583 11.5911 230.5
      vertex 3.85727 11.3632 230.5
    endloop
  endfacet
  facet normal 0.29023 0.956957 0
    outer loop
      vertex 3.10583 11.5911 230.5
      vertex 3.85727 11.3632 230
      vertex 3.10583 11.5911 230
    endloop
  endfacet
  facet normal 0.412728 -0.910854 0
    outer loop
      vertex 4.5922 -11.0866 230
      vertex 5.30746 -10.7625 230.5
      vertex 4.5922 -11.0866 230.5
    endloop
  endfacet
  facet normal 0.412728 -0.910854 0
    outer loop
      vertex 5.30746 -10.7625 230.5
      vertex 4.5922 -11.0866 230
      vertex 5.30746 -10.7625 230
    endloop
  endfacet
  facet normal -0.812852 -0.58247 0
    outer loop
      vertex -9.52024 -7.30514 230
      vertex -9.97763 -6.66684 230.5
      vertex -9.97763 -6.66684 230
    endloop
  endfacet
  facet normal -0.812852 -0.58247 0
    outer loop
      vertex -9.97763 -6.66684 230.5
      vertex -9.52024 -7.30514 230
      vertex -9.52024 -7.30514 230.5
    endloop
  endfacet
  facet normal -0.956957 -0.29023 0
    outer loop
      vertex -11.3632 -3.85727 230
      vertex -11.5911 -3.10583 230.5
      vertex -11.5911 -3.10583 230
    endloop
  endfacet
  facet normal -0.956957 -0.29023 0
    outer loop
      vertex -11.5911 -3.10583 230.5
      vertex -11.3632 -3.85727 230
      vertex -11.3632 -3.85727 230.5
    endloop
  endfacet
  facet normal 0.986646 -0.162877 0
    outer loop
      vertex 11.7694 -2.34108 230.5
      vertex 11.8973 -1.56631 230
      vertex 11.8973 -1.56631 230.5
    endloop
  endfacet
  facet normal 0.986646 -0.162877 0
    outer loop
      vertex 11.8973 -1.56631 230
      vertex 11.7694 -2.34108 230.5
      vertex 11.7694 -2.34108 230
    endloop
  endfacet
  facet normal 0.52807 0.849201 -0
    outer loop
      vertex 6.66684 9.97763 230
      vertex 6 10.3923 230.5
      vertex 6.66684 9.97763 230.5
    endloop
  endfacet
  facet normal 0.52807 0.849201 0
    outer loop
      vertex 6 10.3923 230.5
      vertex 6.66684 9.97763 230
      vertex 6 10.3923 230
    endloop
  endfacet
  facet normal 0.881906 -0.471426 0
    outer loop
      vertex 10.3923 -6 230.5
      vertex 10.7625 -5.30746 230
      vertex 10.7625 -5.30746 230.5
    endloop
  endfacet
  facet normal 0.881906 -0.471426 0
    outer loop
      vertex 10.7625 -5.30746 230
      vertex 10.3923 -6 230.5
      vertex 10.3923 -6 230
    endloop
  endfacet
  facet normal 0.352241 -0.935909 0
    outer loop
      vertex 3.85727 -11.3632 230
      vertex 4.5922 -11.0866 230.5
      vertex 3.85727 -11.3632 230.5
    endloop
  endfacet
  facet normal 0.352241 -0.935909 0
    outer loop
      vertex 4.5922 -11.0866 230.5
      vertex 3.85727 -11.3632 230
      vertex 4.5922 -11.0866 230
    endloop
  endfacet
  facet normal -0.098057 0.995181 0
    outer loop
      vertex -0.784837 11.9743 230
      vertex -1.56631 11.8973 230.5
      vertex -0.784837 11.9743 230.5
    endloop
  endfacet
  facet normal -0.098057 0.995181 0
    outer loop
      vertex -1.56631 11.8973 230.5
      vertex -0.784837 11.9743 230
      vertex -1.56631 11.8973 230
    endloop
  endfacet
  facet normal 0.935909 0.352241 0
    outer loop
      vertex 11.3632 3.85727 230.5
      vertex 11.0866 4.5922 230
      vertex 11.0866 4.5922 230.5
    endloop
  endfacet
  facet normal 0.935909 0.352241 0
    outer loop
      vertex 11.0866 4.5922 230
      vertex 11.3632 3.85727 230.5
      vertex 11.3632 3.85727 230
    endloop
  endfacet
  facet normal -0.352241 -0.935909 0
    outer loop
      vertex -4.5922 -11.0866 230
      vertex -3.85727 -11.3632 230.5
      vertex -4.5922 -11.0866 230.5
    endloop
  endfacet
  facet normal -0.352241 -0.935909 -0
    outer loop
      vertex -3.85727 -11.3632 230.5
      vertex -4.5922 -11.0866 230
      vertex -3.85727 -11.3632 230
    endloop
  endfacet
  facet normal 0.58247 0.812852 -0
    outer loop
      vertex 7.30514 9.52024 230
      vertex 6.66684 9.97763 230.5
      vertex 7.30514 9.52024 230.5
    endloop
  endfacet
  facet normal 0.58247 0.812852 0
    outer loop
      vertex 6.66684 9.97763 230.5
      vertex 7.30514 9.52024 230
      vertex 6.66684 9.97763 230
    endloop
  endfacet
  facet normal 0.812852 0.58247 0
    outer loop
      vertex 9.97763 6.66684 230.5
      vertex 9.52024 7.30514 230
      vertex 9.52024 7.30514 230.5
    endloop
  endfacet
  facet normal 0.812852 0.58247 0
    outer loop
      vertex 9.52024 7.30514 230
      vertex 9.97763 6.66684 230.5
      vertex 9.97763 6.66684 230
    endloop
  endfacet
  facet normal 0.986646 0.162877 0
    outer loop
      vertex 11.8973 1.56631 230.5
      vertex 11.7694 2.34108 230
      vertex 11.7694 2.34108 230.5
    endloop
  endfacet
  facet normal 0.986646 0.162877 0
    outer loop
      vertex 11.7694 2.34108 230
      vertex 11.8973 1.56631 230.5
      vertex 11.8973 1.56631 230
    endloop
  endfacet
  facet normal 0.412728 0.910854 -0
    outer loop
      vertex 5.30746 10.7625 230
      vertex 4.5922 11.0866 230.5
      vertex 5.30746 10.7625 230.5
    endloop
  endfacet
  facet normal 0.412728 0.910854 0
    outer loop
      vertex 4.5922 11.0866 230.5
      vertex 5.30746 10.7625 230
      vertex 4.5922 11.0866 230
    endloop
  endfacet
  facet normal 0.683596 -0.729861 0
    outer loop
      vertex 7.91215 -9.02208 230
      vertex 8.48528 -8.48528 230.5
      vertex 7.91215 -9.02208 230.5
    endloop
  endfacet
  facet normal 0.683596 -0.729861 0
    outer loop
      vertex 8.48528 -8.48528 230.5
      vertex 7.91215 -9.02208 230
      vertex 8.48528 -8.48528 230
    endloop
  endfacet
  facet normal -0.973881 -0.227059 0
    outer loop
      vertex -11.5911 -3.10583 230
      vertex -11.7694 -2.34108 230.5
      vertex -11.7694 -2.34108 230
    endloop
  endfacet
  facet normal -0.973881 -0.227059 0
    outer loop
      vertex -11.7694 -2.34108 230.5
      vertex -11.5911 -3.10583 230
      vertex -11.5911 -3.10583 230.5
    endloop
  endfacet
  facet normal -0.849201 -0.52807 0
    outer loop
      vertex -9.97763 -6.66684 230
      vertex -10.3923 -6 230.5
      vertex -10.3923 -6 230
    endloop
  endfacet
  facet normal -0.849201 -0.52807 0
    outer loop
      vertex -10.3923 -6 230.5
      vertex -9.97763 -6.66684 230
      vertex -9.97763 -6.66684 230.5
    endloop
  endfacet
  facet normal -0.683596 -0.729861 0
    outer loop
      vertex -8.48528 -8.48528 230
      vertex -7.91215 -9.02208 230.5
      vertex -8.48528 -8.48528 230.5
    endloop
  endfacet
  facet normal -0.683596 -0.729861 -0
    outer loop
      vertex -7.91215 -9.02208 230.5
      vertex -8.48528 -8.48528 230
      vertex -7.91215 -9.02208 230
    endloop
  endfacet
  facet normal -0.999464 0.0327281 0
    outer loop
      vertex -12 0 230
      vertex -11.9743 0.784837 230.5
      vertex -11.9743 0.784837 230
    endloop
  endfacet
  facet normal -0.999464 0.0327281 0
    outer loop
      vertex -11.9743 0.784837 230.5
      vertex -12 0 230
      vertex -12 0 230.5
    endloop
  endfacet
  facet normal 0.849201 -0.52807 0
    outer loop
      vertex 9.97763 -6.66684 230.5
      vertex 10.3923 -6 230
      vertex 10.3923 -6 230.5
    endloop
  endfacet
  facet normal 0.849201 -0.52807 0
    outer loop
      vertex 10.3923 -6 230
      vertex 9.97763 -6.66684 230.5
      vertex 9.97763 -6.66684 230
    endloop
  endfacet
  facet normal 0.683596 0.729861 -0
    outer loop
      vertex 8.48528 8.48528 230
      vertex 7.91215 9.02208 230.5
      vertex 8.48528 8.48528 230.5
    endloop
  endfacet
  facet normal 0.683596 0.729861 0
    outer loop
      vertex 7.91215 9.02208 230.5
      vertex 8.48528 8.48528 230
      vertex 7.91215 9.02208 230
    endloop
  endfacet
  facet normal 0.162877 -0.986646 0
    outer loop
      vertex 1.56631 -11.8973 230
      vertex 2.34108 -11.7694 230.5
      vertex 1.56631 -11.8973 230.5
    endloop
  endfacet
  facet normal 0.162877 -0.986646 0
    outer loop
      vertex 2.34108 -11.7694 230.5
      vertex 1.56631 -11.8973 230
      vertex 2.34108 -11.7694 230
    endloop
  endfacet
  facet normal 0.729861 -0.683596 0
    outer loop
      vertex 8.48528 -8.48528 230.5
      vertex 9.02208 -7.91215 230
      vertex 9.02208 -7.91215 230.5
    endloop
  endfacet
  facet normal 0.729861 -0.683596 0
    outer loop
      vertex 9.02208 -7.91215 230
      vertex 8.48528 -8.48528 230.5
      vertex 8.48528 -8.48528 230
    endloop
  endfacet
  facet normal -0.986646 0.162877 0
    outer loop
      vertex -11.8973 1.56631 230
      vertex -11.7694 2.34108 230.5
      vertex -11.7694 2.34108 230
    endloop
  endfacet
  facet normal -0.986646 0.162877 0
    outer loop
      vertex -11.7694 2.34108 230.5
      vertex -11.8973 1.56631 230
      vertex -11.8973 1.56631 230.5
    endloop
  endfacet
  facet normal -0.634393 -0.773011 0
    outer loop
      vertex -7.91215 -9.02208 230
      vertex -7.30514 -9.52024 230.5
      vertex -7.91215 -9.02208 230.5
    endloop
  endfacet
  facet normal -0.634393 -0.773011 -0
    outer loop
      vertex -7.30514 -9.52024 230.5
      vertex -7.91215 -9.02208 230
      vertex -7.30514 -9.52024 230
    endloop
  endfacet
  facet normal -0.52807 -0.849201 0
    outer loop
      vertex -6.66684 -9.97763 230
      vertex -6 -10.3923 230.5
      vertex -6.66684 -9.97763 230.5
    endloop
  endfacet
  facet normal -0.52807 -0.849201 -0
    outer loop
      vertex -6 -10.3923 230.5
      vertex -6.66684 -9.97763 230
      vertex -6 -10.3923 230
    endloop
  endfacet
  facet normal -0.0327281 -0.999464 0
    outer loop
      vertex -0.784837 -11.9743 230
      vertex 0 -12 230.5
      vertex -0.784837 -11.9743 230.5
    endloop
  endfacet
  facet normal -0.0327281 -0.999464 -0
    outer loop
      vertex 0 -12 230.5
      vertex -0.784837 -11.9743 230
      vertex 0 -12 230
    endloop
  endfacet
  facet normal 0.227059 -0.973881 0
    outer loop
      vertex 2.34108 -11.7694 230
      vertex 3.10583 -11.5911 230.5
      vertex 2.34108 -11.7694 230.5
    endloop
  endfacet
  facet normal 0.227059 -0.973881 0
    outer loop
      vertex 3.10583 -11.5911 230.5
      vertex 2.34108 -11.7694 230
      vertex 3.10583 -11.5911 230
    endloop
  endfacet
  facet normal 0.634393 -0.773011 0
    outer loop
      vertex 7.30514 -9.52024 230
      vertex 7.91215 -9.02208 230.5
      vertex 7.30514 -9.52024 230.5
    endloop
  endfacet
  facet normal 0.634393 -0.773011 0
    outer loop
      vertex 7.91215 -9.02208 230.5
      vertex 7.30514 -9.52024 230
      vertex 7.91215 -9.02208 230
    endloop
  endfacet
  facet normal -0.58247 0.812852 0
    outer loop
      vertex -6.66684 9.97763 230
      vertex -7.30514 9.52024 230.5
      vertex -6.66684 9.97763 230.5
    endloop
  endfacet
  facet normal -0.58247 0.812852 0
    outer loop
      vertex -7.30514 9.52024 230.5
      vertex -6.66684 9.97763 230
      vertex -7.30514 9.52024 230
    endloop
  endfacet
  facet normal -0.227059 0.973881 0
    outer loop
      vertex -2.34108 11.7694 230
      vertex -3.10583 11.5911 230.5
      vertex -2.34108 11.7694 230.5
    endloop
  endfacet
  facet normal -0.227059 0.973881 0
    outer loop
      vertex -3.10583 11.5911 230.5
      vertex -2.34108 11.7694 230
      vertex -3.10583 11.5911 230
    endloop
  endfacet
  facet normal -0.881906 -0.471426 0
    outer loop
      vertex -10.3923 -6 230
      vertex -10.7625 -5.30746 230.5
      vertex -10.7625 -5.30746 230
    endloop
  endfacet
  facet normal -0.881906 -0.471426 0
    outer loop
      vertex -10.7625 -5.30746 230.5
      vertex -10.3923 -6 230
      vertex -10.3923 -6 230.5
    endloop
  endfacet
  facet normal -0.849201 0.52807 0
    outer loop
      vertex -10.3923 6 230
      vertex -9.97763 6.66684 230.5
      vertex -9.97763 6.66684 230
    endloop
  endfacet
  facet normal -0.849201 0.52807 0
    outer loop
      vertex -9.97763 6.66684 230.5
      vertex -10.3923 6 230
      vertex -10.3923 6 230.5
    endloop
  endfacet
  facet normal -0.910854 0.412728 0
    outer loop
      vertex -11.0866 4.5922 230
      vertex -10.7625 5.30746 230.5
      vertex -10.7625 5.30746 230
    endloop
  endfacet
  facet normal -0.910854 0.412728 0
    outer loop
      vertex -10.7625 5.30746 230.5
      vertex -11.0866 4.5922 230
      vertex -11.0866 4.5922 230.5
    endloop
  endfacet
  facet normal -0.634393 0.773011 0
    outer loop
      vertex -7.30514 9.52024 230
      vertex -7.91215 9.02208 230.5
      vertex -7.30514 9.52024 230.5
    endloop
  endfacet
  facet normal -0.634393 0.773011 0
    outer loop
      vertex -7.91215 9.02208 230.5
      vertex -7.30514 9.52024 230
      vertex -7.91215 9.02208 230
    endloop
  endfacet
  facet normal -0.995181 0.098057 0
    outer loop
      vertex -11.9743 0.784837 230
      vertex -11.8973 1.56631 230.5
      vertex -11.8973 1.56631 230
    endloop
  endfacet
  facet normal -0.995181 0.098057 0
    outer loop
      vertex -11.8973 1.56631 230.5
      vertex -11.9743 0.784837 230
      vertex -11.9743 0.784837 230.5
    endloop
  endfacet
  facet normal -0.412728 -0.910854 0
    outer loop
      vertex -5.30746 -10.7625 230
      vertex -4.5922 -11.0866 230.5
      vertex -5.30746 -10.7625 230.5
    endloop
  endfacet
  facet normal -0.412728 -0.910854 -0
    outer loop
      vertex -4.5922 -11.0866 230.5
      vertex -5.30746 -10.7625 230
      vertex -4.5922 -11.0866 230
    endloop
  endfacet
  facet normal -0.471426 0.881906 0
    outer loop
      vertex -5.30746 10.7625 230
      vertex -6 10.3923 230.5
      vertex -5.30746 10.7625 230.5
    endloop
  endfacet
  facet normal -0.471426 0.881906 0
    outer loop
      vertex -6 10.3923 230.5
      vertex -5.30746 10.7625 230
      vertex -6 10.3923 230
    endloop
  endfacet
  facet normal -0.58247 -0.812852 0
    outer loop
      vertex -7.30514 -9.52024 230
      vertex -6.66684 -9.97763 230.5
      vertex -7.30514 -9.52024 230.5
    endloop
  endfacet
  facet normal -0.58247 -0.812852 -0
    outer loop
      vertex -6.66684 -9.97763 230.5
      vertex -7.30514 -9.52024 230
      vertex -6.66684 -9.97763 230
    endloop
  endfacet
  facet normal -0.471426 -0.881906 0
    outer loop
      vertex -6 -10.3923 230
      vertex -5.30746 -10.7625 230.5
      vertex -6 -10.3923 230.5
    endloop
  endfacet
  facet normal -0.471426 -0.881906 -0
    outer loop
      vertex -5.30746 -10.7625 230.5
      vertex -6 -10.3923 230
      vertex -5.30746 -10.7625 230
    endloop
  endfacet
  facet normal 0 1 0
    outer loop
      vertex 89.4021 10 -94.3449
      vertex 93.8914 10 -49.4816
      vertex 102.881 10 -55.9233
    endloop
  endfacet
  facet normal 0 1 0
    outer loop
      vertex 89.4021 10 -94.3449
      vertex 102.881 10 -55.9233
      vertex 111.429 10 -62.9391
    endloop
  endfacet
  facet normal 0 1 0
    outer loop
      vertex 89.4021 10 -94.3449
      vertex 111.429 10 -62.9391
      vertex 119.501 10 -70.499
    endloop
  endfacet
  facet normal 0 1 0
    outer loop
      vertex 92.631 10 -97.369
      vertex 119.501 10 -70.499
      vertex 127.061 10 -78.5706
    endloop
  endfacet
  facet normal 0 1 0
    outer loop
      vertex 98.491 10 -103.626
      vertex 127.061 10 -78.5706
      vertex 134.077 10 -87.1193
    endloop
  endfacet
  facet normal 0 1 0
    outer loop
      vertex 93.8914 10 -49.4816
      vertex 89.4021 10 -94.3449
      vertex 89.4021 10 -46.6901
    endloop
  endfacet
  facet normal 0 1 0
    outer loop
      vertex 103.929 10 -110.252
      vertex 134.077 10 -87.1193
      vertex 140.518 10 -96.1086
    endloop
  endfacet
  facet normal 0 1 0
    outer loop
      vertex 119.501 10 -70.499
      vertex 92.631 10 -97.369
      vertex 89.4021 10 -94.3449
    endloop
  endfacet
  facet normal 0 1 0
    outer loop
      vertex 127.061 10 -78.5706
      vertex 98.491 10 -103.626
      vertex 92.631 10 -97.369
    endloop
  endfacet
  facet normal 0 1 0
    outer loop
      vertex 108.923 10 -117.22
      vertex 140.518 10 -96.1086
      vertex 146.358 10 -105.5
    endloop
  endfacet
  facet normal 0 1 0
    outer loop
      vertex 134.077 10 -87.1193
      vertex 103.929 10 -110.252
      vertex 98.491 10 -103.626
    endloop
  endfacet
  facet normal 0 1 0
    outer loop
      vertex 113.449 10 -124.5
      vertex 146.358 10 -105.5
      vertex 151.571 10 -115.253
    endloop
  endfacet
  facet normal 0 1 0
    outer loop
      vertex 140.518 10 -96.1086
      vertex 108.923 10 -117.22
      vertex 103.929 10 -110.252
    endloop
  endfacet
  facet normal 0 1 0
    outer loop
      vertex 146.358 10 -105.5
      vertex 113.449 10 -124.5
      vertex 108.923 10 -117.22
    endloop
  endfacet
  facet normal 0 1 0
    outer loop
      vertex 117.49 10 -132.06
      vertex 151.571 10 -115.253
      vertex 156.136 10 -125.326
    endloop
  endfacet
  facet normal 0 1 0
    outer loop
      vertex 151.571 10 -115.253
      vertex 117.49 10 -132.06
      vertex 113.449 10 -124.5
    endloop
  endfacet
  facet normal 0 1 0
    outer loop
      vertex 121.028 10 -139.868
      vertex 156.136 10 -125.326
      vertex 160.031 10 -135.677
    endloop
  endfacet
  facet normal 0 1 0
    outer loop
      vertex 156.136 10 -125.326
      vertex 121.028 10 -139.868
      vertex 117.49 10 -132.06
    endloop
  endfacet
  facet normal 0 1 0
    outer loop
      vertex 124.048 10 -147.891
      vertex 160.031 10 -135.677
      vertex 163.241 10 -146.26
    endloop
  endfacet
  facet normal 0 1 0
    outer loop
      vertex 160.031 10 -135.677
      vertex 124.048 10 -147.891
      vertex 121.028 10 -139.868
    endloop
  endfacet
  facet normal 0 1 0
    outer loop
      vertex 163.241 10 -146.26
      vertex 126.536 10 -156.095
      vertex 124.048 10 -147.891
    endloop
  endfacet
  facet normal 0 1 0
    outer loop
      vertex 165.753 10 -157.03
      vertex 126.536 10 -156.095
      vertex 163.241 10 -146.26
    endloop
  endfacet
  facet normal 0 1 0
    outer loop
      vertex 165.753 10 -157.03
      vertex 128.483 10 -164.443
      vertex 126.536 10 -156.095
    endloop
  endfacet
  facet normal 0 1 0
    outer loop
      vertex 167.554 10 -167.941
      vertex 128.483 10 -164.443
      vertex 165.753 10 -157.03
    endloop
  endfacet
  facet normal 0 1 0
    outer loop
      vertex 167.554 10 -167.941
      vertex 129.879 10 -172.901
      vertex 128.483 10 -164.443
    endloop
  endfacet
  facet normal 0 1 0
    outer loop
      vertex 168.638 10 -178.947
      vertex 129.879 10 -172.901
      vertex 167.554 10 -167.941
    endloop
  endfacet
  facet normal 0 1 0
    outer loop
      vertex 168.638 10 -178.947
      vertex 130.72 10 -181.432
      vertex 129.879 10 -172.901
    endloop
  endfacet
  facet normal 0 1 0
    outer loop
      vertex 169 10 -190
      vertex 130.72 10 -181.432
      vertex 168.638 10 -178.947
    endloop
  endfacet
  facet normal 0 1 0
    outer loop
      vertex 169 10 -190
      vertex 131 10 -190
      vertex 130.72 10 -181.432
    endloop
  endfacet
  facet normal 0 1 0
    outer loop
      vertex 169 10 -190
      vertex 130.72 10 -198.568
      vertex 131 10 -190
    endloop
  endfacet
  facet normal 0 1 -0
    outer loop
      vertex 168.638 10 -201.053
      vertex 130.72 10 -198.568
      vertex 169 10 -190
    endloop
  endfacet
  facet normal 0 1 0
    outer loop
      vertex 168.638 10 -201.053
      vertex 129.879 10 -207.099
      vertex 130.72 10 -198.568
    endloop
  endfacet
  facet normal 0 1 -0
    outer loop
      vertex 167.554 10 -212.059
      vertex 129.879 10 -207.099
      vertex 168.638 10 -201.053
    endloop
  endfacet
  facet normal 0 1 0
    outer loop
      vertex 167.554 10 -212.059
      vertex 128.483 10 -215.557
      vertex 129.879 10 -207.099
    endloop
  endfacet
  facet normal 0 1 -0
    outer loop
      vertex 165.753 10 -222.97
      vertex 128.483 10 -215.557
      vertex 167.554 10 -212.059
    endloop
  endfacet
  facet normal 0 1 0
    outer loop
      vertex 165.753 10 -222.97
      vertex 126.536 10 -223.905
      vertex 128.483 10 -215.557
    endloop
  endfacet
  facet normal 0 1 -0
    outer loop
      vertex 163.241 10 -233.74
      vertex 126.536 10 -223.905
      vertex 165.753 10 -222.97
    endloop
  endfacet
  facet normal 0 1 0
    outer loop
      vertex 126.536 10 -223.905
      vertex 163.241 10 -233.74
      vertex 124.048 10 -232.109
    endloop
  endfacet
  facet normal 0 1 -0
    outer loop
      vertex 160.031 10 -244.323
      vertex 124.048 10 -232.109
      vertex 163.241 10 -233.74
    endloop
  endfacet
  facet normal 0 1 0
    outer loop
      vertex 124.048 10 -232.109
      vertex 160.031 10 -244.323
      vertex 121.028 10 -240.132
    endloop
  endfacet
  facet normal 0 1 -0
    outer loop
      vertex 156.136 10 -254.673
      vertex 121.028 10 -240.132
      vertex 160.031 10 -244.323
    endloop
  endfacet
  facet normal 0 1 0
    outer loop
      vertex 121.028 10 -240.132
      vertex 156.136 10 -254.673
      vertex 117.49 10 -247.94
    endloop
  endfacet
  facet normal 0 1 -0
    outer loop
      vertex 151.571 10 -264.747
      vertex 117.49 10 -247.94
      vertex 156.136 10 -254.673
    endloop
  endfacet
  facet normal 0 1 0
    outer loop
      vertex 117.49 10 -247.94
      vertex 151.571 10 -264.747
      vertex 113.449 10 -255.5
    endloop
  endfacet
  facet normal 0 1 -0
    outer loop
      vertex 146.358 10 -274.5
      vertex 113.449 10 -255.5
      vertex 151.571 10 -264.747
    endloop
  endfacet
  facet normal 0 1 0
    outer loop
      vertex 113.449 10 -255.5
      vertex 146.358 10 -274.5
      vertex 108.923 10 -262.78
    endloop
  endfacet
  facet normal 0 1 -0
    outer loop
      vertex 140.518 10 -283.891
      vertex 108.923 10 -262.78
      vertex 146.358 10 -274.5
    endloop
  endfacet
  facet normal 0 1 0
    outer loop
      vertex 108.923 10 -262.78
      vertex 140.518 10 -283.891
      vertex 103.929 10 -269.748
    endloop
  endfacet
  facet normal 0 1 -0
    outer loop
      vertex 134.077 10 -292.881
      vertex 103.929 10 -269.748
      vertex 140.518 10 -283.891
    endloop
  endfacet
  facet normal 0 1 0
    outer loop
      vertex 103.929 10 -269.748
      vertex 134.077 10 -292.881
      vertex 98.491 10 -276.374
    endloop
  endfacet
  facet normal 0 1 -0
    outer loop
      vertex 127.061 10 -301.429
      vertex 98.491 10 -276.374
      vertex 134.077 10 -292.881
    endloop
  endfacet
  facet normal 0 1 0
    outer loop
      vertex 98.491 10 -276.374
      vertex 127.061 10 -301.429
      vertex 92.631 10 -282.631
    endloop
  endfacet
  facet normal 0 1 -0
    outer loop
      vertex 119.501 10 -309.501
      vertex 92.631 10 -282.631
      vertex 127.061 10 -301.429
    endloop
  endfacet
  facet normal 0 1 0
    outer loop
      vertex 92.631 10 -282.631
      vertex 119.501 10 -309.501
      vertex 86.3743 10 -288.491
    endloop
  endfacet
  facet normal 0 1 -0
    outer loop
      vertex 111.429 10 -317.061
      vertex 86.3743 10 -288.491
      vertex 119.501 10 -309.501
    endloop
  endfacet
  facet normal 0 1 0
    outer loop
      vertex 86.3743 10 -288.491
      vertex 111.429 10 -317.061
      vertex 79.7477 10 -293.929
    endloop
  endfacet
  facet normal 0 1 -0
    outer loop
      vertex 102.881 10 -324.077
      vertex 79.7477 10 -293.929
      vertex 111.429 10 -317.061
    endloop
  endfacet
  facet normal 0 1 0
    outer loop
      vertex 79.7477 10 -293.929
      vertex 102.881 10 -324.077
      vertex 72.7797 10 -298.923
    endloop
  endfacet
  facet normal 0 1 -0
    outer loop
      vertex 93.8914 10 -330.518
      vertex 72.7797 10 -298.923
      vertex 102.881 10 -324.077
    endloop
  endfacet
  facet normal 0 1 0
    outer loop
      vertex 72.7797 10 -298.923
      vertex 93.8914 10 -330.518
      vertex 65.5 10 -303.449
    endloop
  endfacet
  facet normal 0 1 -0
    outer loop
      vertex 84.5 10 -336.358
      vertex 65.5 10 -303.449
      vertex 93.8914 10 -330.518
    endloop
  endfacet
  facet normal 0 1 0
    outer loop
      vertex 65.5 10 -303.449
      vertex 84.5 10 -336.358
      vertex 57.9398 10 -307.49
    endloop
  endfacet
  facet normal 0 1 -0
    outer loop
      vertex 74.7468 10 -341.572
      vertex 57.9398 10 -307.49
      vertex 84.5 10 -336.358
    endloop
  endfacet
  facet normal 0 1 0
    outer loop
      vertex 57.9398 10 -307.49
      vertex 74.7468 10 -341.572
      vertex 50.1315 10 -311.028
    endloop
  endfacet
  facet normal 0 1 -0
    outer loop
      vertex 64.6735 10 -346.136
      vertex 50.1315 10 -311.028
      vertex 74.7468 10 -341.572
    endloop
  endfacet
  facet normal 0 1 -0
    outer loop
      vertex 54.3233 10 -350.031
      vertex 42.1086 10 -314.048
      vertex 64.6735 10 -346.136
    endloop
  endfacet
  facet normal 0 1 0
    outer loop
      vertex 50.1315 10 -311.028
      vertex 64.6735 10 -346.136
      vertex 42.1086 10 -314.048
    endloop
  endfacet
  facet normal 0 1 -0
    outer loop
      vertex -89.4021 10 -94.3449
      vertex -93.8914 10 -49.4816
      vertex -89.4021 10 -46.6901
    endloop
  endfacet
  facet normal 0 1 0
    outer loop
      vertex -93.8914 10 -49.4816
      vertex -89.4021 10 -94.3449
      vertex -102.881 10 -55.9233
    endloop
  endfacet
  facet normal 0 1 0
    outer loop
      vertex -102.881 10 -55.9233
      vertex -89.4021 10 -94.3449
      vertex -111.429 10 -62.9391
    endloop
  endfacet
  facet normal 0 1 -0
    outer loop
      vertex -90.5 10 -95
      vertex -111.429 10 -62.9391
      vertex -89.4021 10 -94.3449
    endloop
  endfacet
  facet normal 0 1 0
    outer loop
      vertex -111.429 10 -62.9391
      vertex -90.5 10 -95
      vertex -119.501 10 -70.499
    endloop
  endfacet
  facet normal 0 1 -0
    outer loop
      vertex -92.631 10 -97.369
      vertex -119.501 10 -70.499
      vertex -90.5 10 -95
    endloop
  endfacet
  facet normal 0 1 0
    outer loop
      vertex -90.5 10 -95
      vertex -89.4021 10 -94.3449
      vertex -90.1016 10 -95
    endloop
  endfacet
  facet normal 0 1 0
    outer loop
      vertex -119.501 10 -70.499
      vertex -92.631 10 -97.369
      vertex -127.061 10 -78.5706
    endloop
  endfacet
  facet normal 0 1 0
    outer loop
      vertex -92.631 10 -97.369
      vertex -90.5 10 -95
      vertex -90.5 10 -95.3731
    endloop
  endfacet
  facet normal 0 1 -0
    outer loop
      vertex -98.491 10 -103.626
      vertex -127.061 10 -78.5706
      vertex -92.631 10 -97.369
    endloop
  endfacet
  facet normal 0 1 0
    outer loop
      vertex -127.061 10 -78.5706
      vertex -98.491 10 -103.626
      vertex -134.077 10 -87.1193
    endloop
  endfacet
  facet normal 0 1 -0
    outer loop
      vertex -103.929 10 -110.252
      vertex -134.077 10 -87.1193
      vertex -98.491 10 -103.626
    endloop
  endfacet
  facet normal 0 1 0
    outer loop
      vertex -134.077 10 -87.1193
      vertex -103.929 10 -110.252
      vertex -140.518 10 -96.1086
    endloop
  endfacet
  facet normal 0 1 -0
    outer loop
      vertex -108.923 10 -117.22
      vertex -140.518 10 -96.1086
      vertex -103.929 10 -110.252
    endloop
  endfacet
  facet normal 0 1 0
    outer loop
      vertex -140.518 10 -96.1086
      vertex -108.923 10 -117.22
      vertex -146.358 10 -105.5
    endloop
  endfacet
  facet normal 0 1 -0
    outer loop
      vertex -113.449 10 -124.5
      vertex -146.358 10 -105.5
      vertex -108.923 10 -117.22
    endloop
  endfacet
  facet normal 0 1 0
    outer loop
      vertex -146.358 10 -105.5
      vertex -113.449 10 -124.5
      vertex -151.571 10 -115.253
    endloop
  endfacet
  facet normal 0 1 -0
    outer loop
      vertex -117.49 10 -132.06
      vertex -151.571 10 -115.253
      vertex -113.449 10 -124.5
    endloop
  endfacet
  facet normal 0 1 0
    outer loop
      vertex -151.571 10 -115.253
      vertex -117.49 10 -132.06
      vertex -156.136 10 -125.326
    endloop
  endfacet
  facet normal 0 1 -0
    outer loop
      vertex -121.028 10 -139.868
      vertex -156.136 10 -125.326
      vertex -117.49 10 -132.06
    endloop
  endfacet
  facet normal 0 1 0
    outer loop
      vertex -156.136 10 -125.326
      vertex -121.028 10 -139.868
      vertex -160.031 10 -135.677
    endloop
  endfacet
  facet normal 0 1 -0
    outer loop
      vertex -124.048 10 -147.891
      vertex -160.031 10 -135.677
      vertex -121.028 10 -139.868
    endloop
  endfacet
  facet normal 0 1 0
    outer loop
      vertex -160.031 10 -135.677
      vertex -124.048 10 -147.891
      vertex -163.241 10 -146.26
    endloop
  endfacet
  facet normal 0 1 -0
    outer loop
      vertex -126.536 10 -156.095
      vertex -163.241 10 -146.26
      vertex -124.048 10 -147.891
    endloop
  endfacet
  facet normal 0 1 0
    outer loop
      vertex -126.536 10 -156.095
      vertex -165.753 10 -157.03
      vertex -163.241 10 -146.26
    endloop
  endfacet
  facet normal 0 1 -0
    outer loop
      vertex -128.483 10 -164.443
      vertex -165.753 10 -157.03
      vertex -126.536 10 -156.095
    endloop
  endfacet
  facet normal 0 1 0
    outer loop
      vertex -128.483 10 -164.443
      vertex -167.554 10 -167.941
      vertex -165.753 10 -157.03
    endloop
  endfacet
  facet normal 0 1 -0
    outer loop
      vertex -129.879 10 -172.901
      vertex -167.554 10 -167.941
      vertex -128.483 10 -164.443
    endloop
  endfacet
  facet normal 0 1 0
    outer loop
      vertex -129.879 10 -172.901
      vertex -168.638 10 -178.947
      vertex -167.554 10 -167.941
    endloop
  endfacet
  facet normal 0 1 -0
    outer loop
      vertex -130.72 10 -181.432
      vertex -168.638 10 -178.947
      vertex -129.879 10 -172.901
    endloop
  endfacet
  facet normal 0 1 -0
    outer loop
      vertex -131 10 -190
      vertex -168.638 10 -178.947
      vertex -130.72 10 -181.432
    endloop
  endfacet
  facet normal 0 1 0
    outer loop
      vertex -131 10 -190
      vertex -169 10 -190
      vertex -168.638 10 -178.947
    endloop
  endfacet
  facet normal 0 1 0
    outer loop
      vertex -130.72 10 -198.568
      vertex -169 10 -190
      vertex -131 10 -190
    endloop
  endfacet
  facet normal 0 1 0
    outer loop
      vertex -130.72 10 -198.568
      vertex -168.638 10 -201.053
      vertex -169 10 -190
    endloop
  endfacet
  facet normal 0 1 0
    outer loop
      vertex -129.879 10 -207.099
      vertex -168.638 10 -201.053
      vertex -130.72 10 -198.568
    endloop
  endfacet
  facet normal 0 1 0
    outer loop
      vertex -129.879 10 -207.099
      vertex -167.554 10 -212.059
      vertex -168.638 10 -201.053
    endloop
  endfacet
  facet normal 0 1 0
    outer loop
      vertex -128.483 10 -215.557
      vertex -167.554 10 -212.059
      vertex -129.879 10 -207.099
    endloop
  endfacet
  facet normal 0 1 0
    outer loop
      vertex -128.483 10 -215.557
      vertex -165.753 10 -222.97
      vertex -167.554 10 -212.059
    endloop
  endfacet
  facet normal 0 1 0
    outer loop
      vertex -126.536 10 -223.905
      vertex -165.753 10 -222.97
      vertex -128.483 10 -215.557
    endloop
  endfacet
  facet normal 0 1 0
    outer loop
      vertex -163.241 10 -233.74
      vertex -126.536 10 -223.905
      vertex -124.048 10 -232.109
    endloop
  endfacet
  facet normal 0 1 0
    outer loop
      vertex -126.536 10 -223.905
      vertex -163.241 10 -233.74
      vertex -165.753 10 -222.97
    endloop
  endfacet
  facet normal 0 1 0
    outer loop
      vertex -160.031 10 -244.323
      vertex -124.048 10 -232.109
      vertex -121.028 10 -240.132
    endloop
  endfacet
  facet normal 0 1 0
    outer loop
      vertex -124.048 10 -232.109
      vertex -160.031 10 -244.323
      vertex -163.241 10 -233.74
    endloop
  endfacet
  facet normal 0 1 0
    outer loop
      vertex -156.136 10 -254.673
      vertex -121.028 10 -240.132
      vertex -117.49 10 -247.94
    endloop
  endfacet
  facet normal 0 1 0
    outer loop
      vertex -121.028 10 -240.132
      vertex -156.136 10 -254.673
      vertex -160.031 10 -244.323
    endloop
  endfacet
  facet normal 0 1 0
    outer loop
      vertex -151.571 10 -264.747
      vertex -117.49 10 -247.94
      vertex -113.449 10 -255.5
    endloop
  endfacet
  facet normal 0 1 0
    outer loop
      vertex -146.358 10 -274.5
      vertex -113.449 10 -255.5
      vertex -108.923 10 -262.78
    endloop
  endfacet
  facet normal 0 1 0
    outer loop
      vertex -117.49 10 -247.94
      vertex -151.571 10 -264.747
      vertex -156.136 10 -254.673
    endloop
  endfacet
  facet normal 0 1 0
    outer loop
      vertex -140.518 10 -283.891
      vertex -108.923 10 -262.78
      vertex -103.929 10 -269.748
    endloop
  endfacet
  facet normal 0 1 0
    outer loop
      vertex -113.449 10 -255.5
      vertex -146.358 10 -274.5
      vertex -151.571 10 -264.747
    endloop
  endfacet
  facet normal 0 1 0
    outer loop
      vertex -134.077 10 -292.881
      vertex -103.929 10 -269.748
      vertex -98.491 10 -276.374
    endloop
  endfacet
  facet normal 0 1 0
    outer loop
      vertex -127.061 10 -301.429
      vertex -98.491 10 -276.374
      vertex -92.631 10 -282.631
    endloop
  endfacet
  facet normal 0 1 0
    outer loop
      vertex -108.923 10 -262.78
      vertex -140.518 10 -283.891
      vertex -146.358 10 -274.5
    endloop
  endfacet
  facet normal 0 1 0
    outer loop
      vertex -119.501 10 -309.501
      vertex -92.631 10 -282.631
      vertex -86.3743 10 -288.491
    endloop
  endfacet
  facet normal 0 1 0
    outer loop
      vertex -103.929 10 -269.748
      vertex -134.077 10 -292.881
      vertex -140.518 10 -283.891
    endloop
  endfacet
  facet normal 0 1 0
    outer loop
      vertex -111.429 10 -317.061
      vertex -86.3743 10 -288.491
      vertex -79.7477 10 -293.929
    endloop
  endfacet
  facet normal 0 1 0
    outer loop
      vertex -102.881 10 -324.077
      vertex -79.7477 10 -293.929
      vertex -72.7797 10 -298.923
    endloop
  endfacet
  facet normal 0 1 0
    outer loop
      vertex -98.491 10 -276.374
      vertex -127.061 10 -301.429
      vertex -134.077 10 -292.881
    endloop
  endfacet
  facet normal 0 1 0
    outer loop
      vertex -93.8914 10 -330.518
      vertex -72.7797 10 -298.923
      vertex -65.5 10 -303.449
    endloop
  endfacet
  facet normal 0 1 0
    outer loop
      vertex -84.5 10 -336.358
      vertex -65.5 10 -303.449
      vertex -57.9398 10 -307.49
    endloop
  endfacet
  facet normal 0 1 0
    outer loop
      vertex -92.631 10 -282.631
      vertex -119.501 10 -309.501
      vertex -127.061 10 -301.429
    endloop
  endfacet
  facet normal 0 1 0
    outer loop
      vertex -74.7468 10 -341.572
      vertex -57.9398 10 -307.49
      vertex -50.1315 10 -311.028
    endloop
  endfacet
  facet normal 0 1 0
    outer loop
      vertex -64.6735 10 -346.136
      vertex -50.1315 10 -311.028
      vertex -42.1086 10 -314.048
    endloop
  endfacet
  facet normal 0 1 0
    outer loop
      vertex -54.3233 10 -350.031
      vertex -42.1086 10 -314.048
      vertex -33.9053 10 -316.536
    endloop
  endfacet
  facet normal 0 1 0
    outer loop
      vertex -86.3743 10 -288.491
      vertex -111.429 10 -317.061
      vertex -119.501 10 -309.501
    endloop
  endfacet
  facet normal 0 1 0
    outer loop
      vertex -43.7404 10 -353.241
      vertex -33.9053 10 -316.536
      vertex -25.5568 10 -318.483
    endloop
  endfacet
  facet normal 0 1 0
    outer loop
      vertex -32.9703 10 -355.753
      vertex -25.5568 10 -318.483
      vertex -17.0989 10 -319.879
    endloop
  endfacet
  facet normal 0 1 0
    outer loop
      vertex -22.0589 10 -357.554
      vertex -17.0989 10 -319.879
      vertex -8.56781 10 -320.72
    endloop
  endfacet
  facet normal 0 1 0
    outer loop
      vertex -79.7477 10 -293.929
      vertex -102.881 10 -324.077
      vertex -111.429 10 -317.061
    endloop
  endfacet
  facet normal 0 1 0
    outer loop
      vertex -11.0531 10 -358.638
      vertex -8.56781 10 -320.72
      vertex 0 10 -321
    endloop
  endfacet
  facet normal 0 1 0
    outer loop
      vertex 42.1086 10 -314.048
      vertex 54.3233 10 -350.031
      vertex 33.9053 10 -316.536
    endloop
  endfacet
  facet normal 0 1 -0
    outer loop
      vertex 43.7404 10 -353.241
      vertex 33.9053 10 -316.536
      vertex 54.3233 10 -350.031
    endloop
  endfacet
  facet normal 0 1 0
    outer loop
      vertex -72.7797 10 -298.923
      vertex -93.8914 10 -330.518
      vertex -102.881 10 -324.077
    endloop
  endfacet
  facet normal 0 1 0
    outer loop
      vertex 33.9053 10 -316.536
      vertex 43.7404 10 -353.241
      vertex 25.5568 10 -318.483
    endloop
  endfacet
  facet normal 0 1 0
    outer loop
      vertex -65.5 10 -303.449
      vertex -84.5 10 -336.358
      vertex -93.8914 10 -330.518
    endloop
  endfacet
  facet normal 0 1 -0
    outer loop
      vertex 32.9703 10 -355.753
      vertex 25.5568 10 -318.483
      vertex 43.7404 10 -353.241
    endloop
  endfacet
  facet normal 0 1 0
    outer loop
      vertex -57.9398 10 -307.49
      vertex -74.7468 10 -341.572
      vertex -84.5 10 -336.358
    endloop
  endfacet
  facet normal 0 1 0
    outer loop
      vertex 25.5568 10 -318.483
      vertex 32.9703 10 -355.753
      vertex 17.0989 10 -319.879
    endloop
  endfacet
  facet normal 0 1 0
    outer loop
      vertex -50.1315 10 -311.028
      vertex -64.6735 10 -346.136
      vertex -74.7468 10 -341.572
    endloop
  endfacet
  facet normal 0 1 -0
    outer loop
      vertex 22.0589 10 -357.554
      vertex 17.0989 10 -319.879
      vertex 32.9703 10 -355.753
    endloop
  endfacet
  facet normal 0 1 0
    outer loop
      vertex -42.1086 10 -314.048
      vertex -54.3233 10 -350.031
      vertex -64.6735 10 -346.136
    endloop
  endfacet
  facet normal 0 1 0
    outer loop
      vertex 17.0989 10 -319.879
      vertex 22.0589 10 -357.554
      vertex 8.56781 10 -320.72
    endloop
  endfacet
  facet normal 0 1 0
    outer loop
      vertex -33.9053 10 -316.536
      vertex -43.7404 10 -353.241
      vertex -54.3233 10 -350.031
    endloop
  endfacet
  facet normal 0 1 -0
    outer loop
      vertex 11.0531 10 -358.638
      vertex 8.56781 10 -320.72
      vertex 22.0589 10 -357.554
    endloop
  endfacet
  facet normal 0 1 0
    outer loop
      vertex -25.5568 10 -318.483
      vertex -32.9703 10 -355.753
      vertex -43.7404 10 -353.241
    endloop
  endfacet
  facet normal 0 1 0
    outer loop
      vertex 8.56781 10 -320.72
      vertex 11.0531 10 -358.638
      vertex 0 10 -321
    endloop
  endfacet
  facet normal 0 1 0
    outer loop
      vertex -17.0989 10 -319.879
      vertex -22.0589 10 -357.554
      vertex -32.9703 10 -355.753
    endloop
  endfacet
  facet normal 0 1 0
    outer loop
      vertex 0 10 -359
      vertex 0 10 -321
      vertex 11.0531 10 -358.638
    endloop
  endfacet
  facet normal 0 1 0
    outer loop
      vertex -8.56781 10 -320.72
      vertex -11.0531 10 -358.638
      vertex -22.0589 10 -357.554
    endloop
  endfacet
  facet normal 0 1 0
    outer loop
      vertex 0 10 -321
      vertex 0 10 -359
      vertex -11.0531 10 -358.638
    endloop
  endfacet
  facet normal 0 1 0
    outer loop
      vertex -73.3693 10 -81.5
      vertex -79.7477 10 -86.0707
      vertex -83.3763 10 -81.5
    endloop
  endfacet
  facet normal 0 1 0
    outer loop
      vertex -27 10 -56
      vertex -22.0589 10 -22.4458
      vertex -21 10 -22.3415
    endloop
  endfacet
  facet normal 0 1 0
    outer loop
      vertex -22.0589 10 -22.4458
      vertex -27 10 -56
      vertex -27 10 -23.2616
    endloop
  endfacet
  facet normal 0 1 -0
    outer loop
      vertex -25.5568 10 -61.5171
      vertex -27 10 -56
      vertex -21 10 -60.7648
    endloop
  endfacet
  facet normal 0 1 -0
    outer loop
      vertex -21 10 -60.7648
      vertex -27 10 -56
      vertex -21 10 -22.3415
    endloop
  endfacet
  facet normal 0 1 -0
    outer loop
      vertex -55 10 -56
      vertex -64.6735 10 -33.8644
      vertex -55 10 -30.2235
    endloop
  endfacet
  facet normal 0 1 0
    outer loop
      vertex -64.6735 10 -33.8644
      vertex -55 10 -56
      vertex -74.7468 10 -38.4285
    endloop
  endfacet
  facet normal 0 1 0
    outer loop
      vertex -74.7468 10 -38.4285
      vertex -55 10 -56
      vertex -84.3806 10 -43.5779
    endloop
  endfacet
  facet normal 0 1 0
    outer loop
      vertex -33.9053 10 -63.4637
      vertex -27 10 -56
      vertex -25.5568 10 -61.5171
    endloop
  endfacet
  facet normal 0 1 0
    outer loop
      vertex -27 10 -56
      vertex -33.9053 10 -63.4637
      vertex -55 10 -56
    endloop
  endfacet
  facet normal 0 1 -0
    outer loop
      vertex -42.1086 10 -65.9521
      vertex -55 10 -56
      vertex -33.9053 10 -63.4637
    endloop
  endfacet
  facet normal 0 1 -0
    outer loop
      vertex -50.1315 10 -68.9718
      vertex -55 10 -56
      vertex -42.1086 10 -65.9521
    endloop
  endfacet
  facet normal 0 1 0
    outer loop
      vertex -55 10 -56
      vertex -50.1315 10 -68.9718
      vertex -55 10 -69
    endloop
  endfacet
  facet normal 0 1 0
    outer loop
      vertex -55 10 -69
      vertex -50.1315 10 -68.9718
      vertex -50.1938 10 -69
    endloop
  endfacet
  facet normal 0 1 0
    outer loop
      vertex -57.9398 10 -72.5097
      vertex -55 10 -56
      vertex -55 10 -69
    endloop
  endfacet
  facet normal 0 1 0
    outer loop
      vertex -57.9398 10 -72.5097
      vertex -55 10 -69
      vertex -55 10 -71.1777
    endloop
  endfacet
  facet normal 0 1 0
    outer loop
      vertex -55 10 -56
      vertex -57.9398 10 -72.5097
      vertex -65.5 10 -76.5507
    endloop
  endfacet
  facet normal 0 1 0
    outer loop
      vertex -55 10 -56
      vertex -65.5 10 -76.5507
      vertex -84.3806 10 -43.5779
    endloop
  endfacet
  facet normal 0 1 0
    outer loop
      vertex -83.3763 10 -78.5
      vertex -65.5 10 -76.5507
      vertex -68.6348 10 -78.5
    endloop
  endfacet
  facet normal 0 1 0
    outer loop
      vertex -65.5 10 -76.5507
      vertex -83.3763 10 -78.5
      vertex -84.3806 10 -43.5779
    endloop
  endfacet
  facet normal 0 1 0
    outer loop
      vertex -84.3806 10 -89.8728
      vertex -83.3763 10 -78.5
      vertex -83.3763 10 -81.5
    endloop
  endfacet
  facet normal 0 1 0
    outer loop
      vertex -83.3763 10 -78.5
      vertex -84.3806 10 -89.8728
      vertex -84.3806 10 -43.5779
    endloop
  endfacet
  facet normal 0 1 0
    outer loop
      vertex -84.3806 10 -89.8728
      vertex -83.3763 10 -81.5
      vertex -79.7477 10 -86.0707
    endloop
  endfacet
  facet normal 0 1 0
    outer loop
      vertex 55 10 -56
      vertex 64.6735 10 -33.8644
      vertex 74.7468 10 -38.4285
    endloop
  endfacet
  facet normal 0 1 0
    outer loop
      vertex 55 10 -56
      vertex 74.7468 10 -38.4285
      vertex 84.3806 10 -43.5779
    endloop
  endfacet
  facet normal 0 1 0
    outer loop
      vertex 64.6735 10 -33.8644
      vertex 55 10 -56
      vertex 55 10 -30.2235
    endloop
  endfacet
  facet normal 0 1 -0
    outer loop
      vertex 33.9053 10 -63.4637
      vertex 27 10 -56
      vertex 55 10 -56
    endloop
  endfacet
  facet normal 0 1 0
    outer loop
      vertex 27 10 -56
      vertex 25.5568 10 -61.5171
      vertex 21 10 -60.7648
    endloop
  endfacet
  facet normal 0 1 0
    outer loop
      vertex 27 10 -56
      vertex 33.9053 10 -63.4637
      vertex 25.5568 10 -61.5171
    endloop
  endfacet
  facet normal 0 1 0
    outer loop
      vertex 55 10 -56
      vertex 42.1086 10 -65.9521
      vertex 33.9053 10 -63.4637
    endloop
  endfacet
  facet normal 0 1 -0
    outer loop
      vertex 65.5 10 -76.5507
      vertex 55 10 -56
      vertex 84.3806 10 -43.5779
    endloop
  endfacet
  facet normal -0 1 0
    outer loop
      vertex 50.1315 10 -68.9718
      vertex 55 10 -56
      vertex 55 10 -69
    endloop
  endfacet
  facet normal 0 1 0
    outer loop
      vertex 55 10 -56
      vertex 50.1315 10 -68.9718
      vertex 42.1086 10 -65.9521
    endloop
  endfacet
  facet normal -0 1 -0
    outer loop
      vertex 57.9398 10 -72.5097
      vertex 55 10 -56
      vertex 65.5 10 -76.5507
    endloop
  endfacet
  facet normal 0 1 0
    outer loop
      vertex 55 10 -69
      vertex 57.9398 10 -72.5097
      vertex 55 10 -71.1777
    endloop
  endfacet
  facet normal 0 1 0
    outer loop
      vertex 55 10 -56
      vertex 57.9398 10 -72.5097
      vertex 55 10 -69
    endloop
  endfacet
  facet normal 0 1 0
    outer loop
      vertex 84.3806 10 -43.5779
      vertex 83.3763 10 -78.5
      vertex 65.5 10 -76.5507
    endloop
  endfacet
  facet normal 0 1 -0
    outer loop
      vertex 84.3806 10 -89.8728
      vertex 83.3763 10 -78.5
      vertex 84.3806 10 -43.5779
    endloop
  endfacet
  facet normal 0 1 0
    outer loop
      vertex 83.3763 10 -81.5
      vertex 79.7477 10 -86.0707
      vertex 73.3693 10 -81.5
    endloop
  endfacet
  facet normal 0 1 0
    outer loop
      vertex 83.3763 10 -81.5
      vertex 84.3806 10 -89.8728
      vertex 79.7477 10 -86.0707
    endloop
  endfacet
  facet normal 0 1 0
    outer loop
      vertex 83.3763 10 -78.5
      vertex 84.3806 10 -89.8728
      vertex 83.3763 10 -81.5
    endloop
  endfacet
  facet normal 0 1 -0
    outer loop
      vertex 27 10 -56
      vertex 22.0589 10 -22.4458
      vertex 27 10 -23.2616
    endloop
  endfacet
  facet normal 0 1 0
    outer loop
      vertex 22.0589 10 -22.4458
      vertex 27 10 -56
      vertex 21 10 -22.3415
    endloop
  endfacet
  facet normal 0 1 0
    outer loop
      vertex 21 10 -22.3415
      vertex 27 10 -56
      vertex 21 10 -60.7648
    endloop
  endfacet
  facet normal 0 1 0
    outer loop
      vertex 50.1315 10 -68.9718
      vertex 55 10 -69
      vertex 50.1938 10 -69
    endloop
  endfacet
  facet normal 0 1 0
    outer loop
      vertex 65.5 10 -76.5507
      vertex 83.3763 10 -78.5
      vertex 68.6348 10 -78.5
    endloop
  endfacet
  facet normal -0.999464 0 0.0327337
    outer loop
      vertex -169 -10 -190
      vertex -168.638 10 -178.947
      vertex -169 10 -190
    endloop
  endfacet
  facet normal -0.999464 0 0.0327337
    outer loop
      vertex -168.638 10 -178.947
      vertex -169 -10 -190
      vertex -168.638 -10 -178.947
    endloop
  endfacet
  facet normal 0.999466 0 -0.0326623
    outer loop
      vertex -130.72 -10 -181.432
      vertex -131 10 -190
      vertex -130.72 10 -181.432
    endloop
  endfacet
  facet normal 0.999466 0 -0.0326623
    outer loop
      vertex -131 10 -190
      vertex -130.72 -10 -181.432
      vertex -131 -10 -190
    endloop
  endfacet
  facet normal -0.995185 0 0.0980175
    outer loop
      vertex -168.638 -10 -178.947
      vertex -167.554 10 -167.941
      vertex -168.638 10 -178.947
    endloop
  endfacet
  facet normal -0.995185 0 0.0980175
    outer loop
      vertex -167.554 10 -167.941
      vertex -168.638 -10 -178.947
      vertex -167.554 -10 -167.941
    endloop
  endfacet
  facet normal 0.995176 0 -0.0981061
    outer loop
      vertex -129.879 -10 -172.901
      vertex -130.72 10 -181.432
      vertex -129.879 10 -172.901
    endloop
  endfacet
  facet normal 0.995176 0 -0.0981061
    outer loop
      vertex -130.72 10 -181.432
      vertex -129.879 -10 -172.901
      vertex -130.72 -10 -181.432
    endloop
  endfacet
  facet normal -0.986649 0 0.162859
    outer loop
      vertex -167.554 -10 -167.941
      vertex -165.753 10 -157.03
      vertex -167.554 10 -167.941
    endloop
  endfacet
  facet normal -0.986649 0 0.162859
    outer loop
      vertex -165.753 10 -157.03
      vertex -167.554 -10 -167.941
      vertex -165.753 -10 -157.03
    endloop
  endfacet
  facet normal 0.986651 0 -0.162848
    outer loop
      vertex -128.483 -10 -164.443
      vertex -129.879 10 -172.901
      vertex -128.483 10 -164.443
    endloop
  endfacet
  facet normal 0.986651 0 -0.162848
    outer loop
      vertex -129.879 10 -172.901
      vertex -128.483 -10 -164.443
      vertex -129.879 -10 -172.901
    endloop
  endfacet
  facet normal -0.973861 0 0.227144
    outer loop
      vertex -165.753 -10 -157.03
      vertex -163.241 10 -146.26
      vertex -165.753 10 -157.03
    endloop
  endfacet
  facet normal -0.973861 0 0.227144
    outer loop
      vertex -163.241 10 -146.26
      vertex -165.753 -10 -157.03
      vertex -163.241 -10 -146.26
    endloop
  endfacet
  facet normal 0.973864 0 -0.227134
    outer loop
      vertex -126.536 -10 -156.095
      vertex -128.483 10 -164.443
      vertex -126.536 10 -156.095
    endloop
  endfacet
  facet normal 0.973864 0 -0.227134
    outer loop
      vertex -128.483 10 -164.443
      vertex -126.536 -10 -156.095
      vertex -128.483 -10 -164.443
    endloop
  endfacet
  facet normal -0.956948 0 0.290258
    outer loop
      vertex -163.241 -10 -146.26
      vertex -160.031 10 -135.677
      vertex -163.241 10 -146.26
    endloop
  endfacet
  facet normal -0.956948 0 0.290258
    outer loop
      vertex -160.031 10 -135.677
      vertex -163.241 -10 -146.26
      vertex -160.031 -10 -135.677
    endloop
  endfacet
  facet normal 0.956962 0 -0.290215
    outer loop
      vertex -124.048 -10 -147.891
      vertex -126.536 10 -156.095
      vertex -124.048 10 -147.891
    endloop
  endfacet
  facet normal 0.956962 0 -0.290215
    outer loop
      vertex -126.536 10 -156.095
      vertex -124.048 -10 -147.891
      vertex -126.536 -10 -156.095
    endloop
  endfacet
  facet normal -0.935931 0 0.352183
    outer loop
      vertex -160.031 -10 -135.677
      vertex -156.136 10 -125.326
      vertex -160.031 10 -135.677
    endloop
  endfacet
  facet normal -0.935931 0 0.352183
    outer loop
      vertex -156.136 10 -125.326
      vertex -160.031 -10 -135.677
      vertex -156.136 -10 -125.326
    endloop
  endfacet
  facet normal 0.935892 0 -0.352286
    outer loop
      vertex -121.028 -10 -139.868
      vertex -124.048 10 -147.891
      vertex -121.028 10 -139.868
    endloop
  endfacet
  facet normal 0.935892 0 -0.352286
    outer loop
      vertex -124.048 10 -147.891
      vertex -121.028 -10 -139.868
      vertex -124.048 -10 -147.891
    endloop
  endfacet
  facet normal -0.91083 0 0.412781
    outer loop
      vertex -156.136 -10 -125.326
      vertex -151.571 10 -115.253
      vertex -156.136 10 -125.326
    endloop
  endfacet
  facet normal -0.91083 0 0.412781
    outer loop
      vertex -151.571 10 -115.253
      vertex -156.136 -10 -125.326
      vertex -151.571 -10 -115.253
    endloop
  endfacet
  facet normal 0.910853 0 -0.41273
    outer loop
      vertex -117.49 -10 -132.06
      vertex -121.028 10 -139.868
      vertex -117.49 10 -132.06
    endloop
  endfacet
  facet normal 0.910853 0 -0.41273
    outer loop
      vertex -121.028 10 -139.868
      vertex -117.49 -10 -132.06
      vertex -121.028 -10 -139.868
    endloop
  endfacet
  facet normal -0.881925 0 0.471391
    outer loop
      vertex -151.571 -10 -115.253
      vertex -146.358 10 -105.5
      vertex -151.571 10 -115.253
    endloop
  endfacet
  facet normal -0.881925 0 0.471391
    outer loop
      vertex -146.358 10 -105.5
      vertex -151.571 -10 -115.253
      vertex -146.358 -10 -105.5
    endloop
  endfacet
  facet normal 0.881917 0 -0.471405
    outer loop
      vertex -113.449 -10 -124.5
      vertex -117.49 10 -132.06
      vertex -113.449 10 -124.5
    endloop
  endfacet
  facet normal 0.881917 0 -0.471405
    outer loop
      vertex -117.49 10 -132.06
      vertex -113.449 -10 -124.5
      vertex -117.49 -10 -132.06
    endloop
  endfacet
  facet normal -0.8492 0 0.528071
    outer loop
      vertex -146.358 -10 -105.5
      vertex -140.518 10 -96.1086
      vertex -146.358 10 -105.5
    endloop
  endfacet
  facet normal -0.8492 0 0.528071
    outer loop
      vertex -140.518 10 -96.1086
      vertex -146.358 -10 -105.5
      vertex -140.518 -10 -96.1086
    endloop
  endfacet
  facet normal 0.849254 0 -0.527984
    outer loop
      vertex -108.923 -10 -117.22
      vertex -113.449 10 -124.5
      vertex -108.923 10 -117.22
    endloop
  endfacet
  facet normal 0.849254 0 -0.527984
    outer loop
      vertex -113.449 10 -124.5
      vertex -108.923 -10 -117.22
      vertex -113.449 -10 -124.5
    endloop
  endfacet
  facet normal -0.812874 0 0.582439
    outer loop
      vertex -140.518 -10 -96.1086
      vertex -134.077 10 -87.1193
      vertex -140.518 10 -96.1086
    endloop
  endfacet
  facet normal -0.812874 0 0.582439
    outer loop
      vertex -134.077 10 -87.1193
      vertex -140.518 -10 -96.1086
      vertex -134.077 -10 -87.1193
    endloop
  endfacet
  facet normal 0.812802 0 -0.582539
    outer loop
      vertex -103.929 -10 -110.252
      vertex -108.923 10 -117.22
      vertex -103.929 10 -110.252
    endloop
  endfacet
  facet normal 0.812802 0 -0.582539
    outer loop
      vertex -108.923 10 -117.22
      vertex -103.929 -10 -110.252
      vertex -108.923 -10 -117.22
    endloop
  endfacet
  facet normal -0.772999 0 0.634408
    outer loop
      vertex -134.077 -10 -87.1193
      vertex -127.061 10 -78.5706
      vertex -134.077 10 -87.1193
    endloop
  endfacet
  facet normal -0.772999 0 0.634408
    outer loop
      vertex -127.061 10 -78.5706
      vertex -134.077 -10 -87.1193
      vertex -127.061 -10 -78.5706
    endloop
  endfacet
  facet normal 0.773 0 -0.634406
    outer loop
      vertex -98.491 -10 -103.626
      vertex -103.929 10 -110.252
      vertex -98.491 10 -103.626
    endloop
  endfacet
  facet normal 0.773 0 -0.634406
    outer loop
      vertex -103.929 10 -110.252
      vertex -98.491 -10 -103.626
      vertex -103.929 -10 -110.252
    endloop
  endfacet
  facet normal -0.729859 0 0.683598
    outer loop
      vertex -127.061 -10 -78.5706
      vertex -119.501 10 -70.499
      vertex -127.061 10 -78.5706
    endloop
  endfacet
  facet normal -0.729859 0 0.683598
    outer loop
      vertex -119.501 10 -70.499
      vertex -127.061 -10 -78.5706
      vertex -119.501 -10 -70.499
    endloop
  endfacet
  facet normal 0.729883 0 -0.683572
    outer loop
      vertex -92.631 -10 -97.369
      vertex -98.491 10 -103.626
      vertex -92.631 10 -97.369
    endloop
  endfacet
  facet normal 0.729883 0 -0.683572
    outer loop
      vertex -98.491 10 -103.626
      vertex -92.631 -10 -97.369
      vertex -98.491 -10 -103.626
    endloop
  endfacet
  facet normal -0.683575 0 0.72988
    outer loop
      vertex -119.501 10 -70.499
      vertex -111.429 -10 -62.9391
      vertex -111.429 10 -62.9391
    endloop
  endfacet
  facet normal -0.683575 0 0.72988
    outer loop
      vertex -111.429 -10 -62.9391
      vertex -119.501 10 -70.499
      vertex -119.501 -10 -70.499
    endloop
  endfacet
  facet normal 0.683592 0 -0.729864
    outer loop
      vertex -92.631 -10 -97.369
      vertex -90.5 10 -95.3731
      vertex -90.5 -10 -95.3731
    endloop
  endfacet
  facet normal 0.683592 0 -0.729864
    outer loop
      vertex -90.5 10 -95.3731
      vertex -92.631 -10 -97.369
      vertex -92.631 10 -97.369
    endloop
  endfacet
  facet normal 0.683655 1.80352e-06 -0.729805
    outer loop
      vertex -89.8073 -5.88628 -94.7243
      vertex -90.1016 -10 -95
      vertex -90 0 -94.9048
    endloop
  endfacet
  facet normal 0.683563 1.42602e-05 -0.729892
    outer loop
      vertex -90.1016 -10 -95
      vertex -89.8073 -5.88628 -94.7243
      vertex -89.4021 -10 -94.3449
    endloop
  endfacet
  facet normal 0.683563 -1.42602e-05 -0.729892
    outer loop
      vertex -89.8073 5.88628 -94.7243
      vertex -90.1016 10 -95
      vertex -89.4021 10 -94.3449
    endloop
  endfacet
  facet normal 0.683655 -1.80352e-06 -0.729805
    outer loop
      vertex -90 0 -94.9048
      vertex -90.1016 10 -95
      vertex -89.8073 5.88628 -94.7243
    endloop
  endfacet
  facet normal 0.68375 0 -0.729716
    outer loop
      vertex -90.1016 10 -95
      vertex -90 0 -94.9048
      vertex -90.1016 -10 -95
    endloop
  endfacet
  facet normal -0.634428 0 0.772982
    outer loop
      vertex -111.429 10 -62.9391
      vertex -102.881 -10 -55.9233
      vertex -102.881 10 -55.9233
    endloop
  endfacet
  facet normal -0.634428 0 0.772982
    outer loop
      vertex -102.881 -10 -55.9233
      vertex -111.429 10 -62.9391
      vertex -111.429 -10 -62.9391
    endloop
  endfacet
  facet normal 0.634391 -6.48365e-06 -0.773012
    outer loop
      vertex -84.818 -5.55927 -90.2318
      vertex -79.7477 -10 -86.0707
      vertex -84.3806 -10 -89.8728
    endloop
  endfacet
  facet normal 0.634399 9.15925e-06 -0.773006
    outer loop
      vertex -85 0 -90.3811
      vertex -79.7477 -10 -86.0707
      vertex -84.818 -5.55927 -90.2318
    endloop
  endfacet
  facet normal 0.634389 0 -0.773014
    outer loop
      vertex -79.7477 -10 -86.0707
      vertex -85 0 -90.3811
      vertex -79.7477 10 -86.0707
    endloop
  endfacet
  facet normal 0.634391 6.48365e-06 -0.773012
    outer loop
      vertex -79.7477 10 -86.0707
      vertex -84.818 5.55927 -90.2318
      vertex -84.3806 10 -89.8728
    endloop
  endfacet
  facet normal 0.634399 -9.15925e-06 -0.773006
    outer loop
      vertex -79.7477 10 -86.0707
      vertex -85 0 -90.3811
      vertex -84.818 5.55927 -90.2318
    endloop
  endfacet
  facet normal -0.582468 0 0.812853
    outer loop
      vertex -102.881 10 -55.9233
      vertex -93.8914 -10 -49.4816
      vertex -93.8914 10 -49.4816
    endloop
  endfacet
  facet normal -0.582468 0 0.812853
    outer loop
      vertex -93.8914 -10 -49.4816
      vertex -102.881 10 -55.9233
      vertex -102.881 -10 -55.9233
    endloop
  endfacet
  facet normal 0.582478 0 -0.812846
    outer loop
      vertex -79.7477 -10 -86.0707
      vertex -73.3693 10 -81.5
      vertex -73.3693 -10 -81.5
    endloop
  endfacet
  facet normal 0.582478 0 -0.812846
    outer loop
      vertex -73.3693 10 -81.5
      vertex -79.7477 -10 -86.0707
      vertex -79.7477 10 -86.0707
    endloop
  endfacet
  facet normal -0.528057 3.61599e-06 0.849209
    outer loop
      vertex -89.8073 5.88628 -46.942
      vertex -93.8914 10 -49.4816
      vertex -90 0 -47.0618
    endloop
  endfacet
  facet normal -0.528051 1.20077e-05 0.849213
    outer loop
      vertex -93.8914 10 -49.4816
      vertex -89.8073 5.88628 -46.942
      vertex -89.4021 10 -46.6901
    endloop
  endfacet
  facet normal -0.528063 0 0.849205
    outer loop
      vertex -93.8914 -10 -49.4816
      vertex -90 0 -47.0618
      vertex -93.8914 10 -49.4816
    endloop
  endfacet
  facet normal -0.528057 -3.61599e-06 0.849209
    outer loop
      vertex -90 0 -47.0618
      vertex -93.8914 -10 -49.4816
      vertex -89.8073 -5.88628 -46.942
    endloop
  endfacet
  facet normal -0.528051 -1.20077e-05 0.849213
    outer loop
      vertex -89.8073 -5.88628 -46.942
      vertex -93.8914 -10 -49.4816
      vertex -89.4021 -10 -46.6901
    endloop
  endfacet
  facet normal -0.528174 0 0.849136
    outer loop
      vertex -84.818 5.55927 -43.8395
      vertex -84.5 -8.78806 -43.6417
      vertex -84.5 8.78806 -43.6417
    endloop
  endfacet
  facet normal -0.52796 6.55512e-06 0.849269
    outer loop
      vertex -85 0 -43.9526
      vertex -84.5 -8.78806 -43.6417
      vertex -84.818 5.55927 -43.8395
    endloop
  endfacet
  facet normal -0.528352 -2.43153e-05 0.849026
    outer loop
      vertex -84.5 -8.78806 -43.6417
      vertex -85 0 -43.9526
      vertex -84.818 -5.55927 -43.8395
    endloop
  endfacet
  facet normal 0.528059 0 -0.849208
    outer loop
      vertex -68.6348 -10 -78.5
      vertex -65.5 10 -76.5507
      vertex -65.5 -10 -76.5507
    endloop
  endfacet
  facet normal 0.528059 0 -0.849208
    outer loop
      vertex -65.5 10 -76.5507
      vertex -68.6348 -10 -78.5
      vertex -68.6348 10 -78.5
    endloop
  endfacet
  facet normal -0.471399 0 0.88192
    outer loop
      vertex -74.7468 10 -38.4285
      vertex -82.5 4.5 -42.5727
      vertex -74.7468 4.5 -38.4285
    endloop
  endfacet
  facet normal -0.471397 -4.56845e-06 0.881921
    outer loop
      vertex -74.7468 10 -38.4285
      vertex -84.5 8.78806 -43.6417
      vertex -82.5 4.5 -42.5727
    endloop
  endfacet
  facet normal -0.471399 1.52521e-05 0.88192
    outer loop
      vertex -84.5 8.78806 -43.6417
      vertex -74.7468 10 -38.4285
      vertex -84.3806 10 -43.5779
    endloop
  endfacet
  facet normal -0.471399 0 0.88192
    outer loop
      vertex -82.5 -4.5 -42.5727
      vertex -74.7468 -10 -38.4285
      vertex -74.7468 -4.5 -38.4285
    endloop
  endfacet
  facet normal -0.471397 4.56845e-06 0.881921
    outer loop
      vertex -84.5 -8.78806 -43.6417
      vertex -74.7468 -10 -38.4285
      vertex -82.5 -4.5 -42.5727
    endloop
  endfacet
  facet normal -0.471389 0 0.881925
    outer loop
      vertex -82.5 4.5 -42.5727
      vertex -84.5 8.78806 -43.6417
      vertex -82.5 -4.5 -42.5727
    endloop
  endfacet
  facet normal -0.471389 0 0.881925
    outer loop
      vertex -84.5 -8.78806 -43.6417
      vertex -82.5 -4.5 -42.5727
      vertex -84.5 8.78806 -43.6417
    endloop
  endfacet
  facet normal -0.471399 -1.52521e-05 0.88192
    outer loop
      vertex -74.7468 -10 -38.4285
      vertex -84.5 -8.78806 -43.6417
      vertex -84.3806 -10 -43.5779
    endloop
  endfacet
  facet normal 0.471396 0 -0.881922
    outer loop
      vertex -65.5 -10 -76.5507
      vertex -57.9398 10 -72.5097
      vertex -57.9398 -10 -72.5097
    endloop
  endfacet
  facet normal 0.471396 0 -0.881922
    outer loop
      vertex -57.9398 10 -72.5097
      vertex -65.5 -10 -76.5507
      vertex -65.5 10 -76.5507
    endloop
  endfacet
  facet normal -0.412704 0 0.910865
    outer loop
      vertex -64.6735 10 -33.8644
      vertex -73.5 4.5 -37.8636
      vertex -64.6735 -10 -33.8644
    endloop
  endfacet
  facet normal -0.412703 -1.85303e-06 0.910866
    outer loop
      vertex -74.7468 10 -38.4285
      vertex -73.5 4.5 -37.8636
      vertex -64.6735 10 -33.8644
    endloop
  endfacet
  facet normal -0.412696 0 0.910869
    outer loop
      vertex -73.5 4.5 -37.8636
      vertex -74.7468 10 -38.4285
      vertex -74.7468 4.5 -38.4285
    endloop
  endfacet
  facet normal -0.412704 0 0.910865
    outer loop
      vertex -73.5 -4.5 -37.8636
      vertex -64.6735 -10 -33.8644
      vertex -73.5 4.5 -37.8636
    endloop
  endfacet
  facet normal -0.412696 0 0.910869
    outer loop
      vertex -74.7468 -10 -38.4285
      vertex -73.5 -4.5 -37.8636
      vertex -74.7468 -4.5 -38.4285
    endloop
  endfacet
  facet normal -0.412703 1.85303e-06 0.910866
    outer loop
      vertex -73.5 -4.5 -37.8636
      vertex -74.7468 -10 -38.4285
      vertex -64.6735 -10 -33.8644
    endloop
  endfacet
  facet normal 0.412705 0 -0.910865
    outer loop
      vertex -57.9398 -10 -72.5097
      vertex -55 10 -71.1777
      vertex -55 -10 -71.1777
    endloop
  endfacet
  facet normal 0.412705 0 -0.910865
    outer loop
      vertex -55 10 -71.1777
      vertex -57.9398 -10 -72.5097
      vertex -57.9398 10 -72.5097
    endloop
  endfacet
  facet normal 0.41237 0 -0.911016
    outer loop
      vertex -50.1938 -10 -69
      vertex -50.1315 10 -68.9718
      vertex -50.1315 -10 -68.9718
    endloop
  endfacet
  facet normal 0.41237 0 -0.911016
    outer loop
      vertex -50.1315 10 -68.9718
      vertex -50.1938 -10 -69
      vertex -50.1938 10 -69
    endloop
  endfacet
  facet normal -0.352254 0 0.935904
    outer loop
      vertex -64.6735 10 -33.8644
      vertex -55 -10 -30.2235
      vertex -55 10 -30.2235
    endloop
  endfacet
  facet normal -0.352254 0 0.935904
    outer loop
      vertex -55 -10 -30.2235
      vertex -64.6735 10 -33.8644
      vertex -64.6735 -10 -33.8644
    endloop
  endfacet
  facet normal 0.35226 0 -0.935902
    outer loop
      vertex -50.1315 -10 -68.9718
      vertex -42.1086 10 -65.9521
      vertex -42.1086 -10 -65.9521
    endloop
  endfacet
  facet normal 0.35226 0 -0.935902
    outer loop
      vertex -42.1086 10 -65.9521
      vertex -50.1315 -10 -68.9718
      vertex -50.1315 10 -68.9718
    endloop
  endfacet
  facet normal 0.29028 0 -0.956942
    outer loop
      vertex -42.1086 -10 -65.9521
      vertex -33.9053 10 -63.4637
      vertex -33.9053 -10 -63.4637
    endloop
  endfacet
  facet normal 0.29028 0 -0.956942
    outer loop
      vertex -33.9053 10 -63.4637
      vertex -42.1086 -10 -65.9521
      vertex -42.1086 10 -65.9521
    endloop
  endfacet
  facet normal 0.227077 0 -0.973877
    outer loop
      vertex -33.9053 -10 -63.4637
      vertex -25.5568 10 -61.5171
      vertex -25.5568 -10 -61.5171
    endloop
  endfacet
  facet normal 0.227077 0 -0.973877
    outer loop
      vertex -25.5568 10 -61.5171
      vertex -33.9053 -10 -63.4637
      vertex -33.9053 10 -63.4637
    endloop
  endfacet
  facet normal -0.1629 0 0.986643
    outer loop
      vertex -27 10 -23.2616
      vertex -22.0589 -10 -22.4458
      vertex -22.0589 10 -22.4458
    endloop
  endfacet
  facet normal -0.1629 0 0.986643
    outer loop
      vertex -22.0589 -10 -22.4458
      vertex -27 10 -23.2616
      vertex -27 -10 -23.2616
    endloop
  endfacet
  facet normal 0.162889 0 -0.986644
    outer loop
      vertex -25.5568 -10 -61.5171
      vertex -21 10 -60.7648
      vertex -21 -10 -60.7648
    endloop
  endfacet
  facet normal 0.162889 0 -0.986644
    outer loop
      vertex -21 10 -60.7648
      vertex -25.5568 -10 -61.5171
      vertex -25.5568 10 -61.5171
    endloop
  endfacet
  facet normal -0.0980241 0 0.995184
    outer loop
      vertex -22.0589 10 -22.4458
      vertex -21 -10 -22.3415
      vertex -21 10 -22.3415
    endloop
  endfacet
  facet normal -0.0980241 0 0.995184
    outer loop
      vertex -21 -10 -22.3415
      vertex -22.0589 10 -22.4458
      vertex -22.0589 -10 -22.4458
    endloop
  endfacet
  facet normal 0.0980241 0 0.995184
    outer loop
      vertex 21 10 -22.3415
      vertex 22.0589 -10 -22.4458
      vertex 22.0589 10 -22.4458
    endloop
  endfacet
  facet normal 0.0980241 0 0.995184
    outer loop
      vertex 22.0589 -10 -22.4458
      vertex 21 10 -22.3415
      vertex 21 -10 -22.3415
    endloop
  endfacet
  facet normal 0.1629 0 0.986643
    outer loop
      vertex 22.0589 10 -22.4458
      vertex 27 -10 -23.2616
      vertex 27 10 -23.2616
    endloop
  endfacet
  facet normal 0.1629 0 0.986643
    outer loop
      vertex 27 -10 -23.2616
      vertex 22.0589 10 -22.4458
      vertex 22.0589 -10 -22.4458
    endloop
  endfacet
  facet normal -0.162889 0 -0.986644
    outer loop
      vertex 21 -10 -60.7648
      vertex 25.5568 10 -61.5171
      vertex 25.5568 -10 -61.5171
    endloop
  endfacet
  facet normal -0.162889 0 -0.986644
    outer loop
      vertex 25.5568 10 -61.5171
      vertex 21 -10 -60.7648
      vertex 21 10 -60.7648
    endloop
  endfacet
  facet normal -0.227077 0 -0.973877
    outer loop
      vertex 25.5568 -10 -61.5171
      vertex 33.9053 10 -63.4637
      vertex 33.9053 -10 -63.4637
    endloop
  endfacet
  facet normal -0.227077 0 -0.973877
    outer loop
      vertex 33.9053 10 -63.4637
      vertex 25.5568 -10 -61.5171
      vertex 25.5568 10 -61.5171
    endloop
  endfacet
  facet normal -0.29028 0 -0.956942
    outer loop
      vertex 33.9053 -10 -63.4637
      vertex 42.1086 10 -65.9521
      vertex 42.1086 -10 -65.9521
    endloop
  endfacet
  facet normal -0.29028 0 -0.956942
    outer loop
      vertex 42.1086 10 -65.9521
      vertex 33.9053 -10 -63.4637
      vertex 33.9053 10 -63.4637
    endloop
  endfacet
  facet normal 0.352254 0 0.935904
    outer loop
      vertex 55 10 -30.2235
      vertex 64.6735 -10 -33.8644
      vertex 64.6735 10 -33.8644
    endloop
  endfacet
  facet normal 0.352254 0 0.935904
    outer loop
      vertex 64.6735 -10 -33.8644
      vertex 55 10 -30.2235
      vertex 55 -10 -30.2235
    endloop
  endfacet
  facet normal -0.35226 0 -0.935902
    outer loop
      vertex 42.1086 -10 -65.9521
      vertex 50.1315 10 -68.9718
      vertex 50.1315 -10 -68.9718
    endloop
  endfacet
  facet normal -0.35226 0 -0.935902
    outer loop
      vertex 50.1315 10 -68.9718
      vertex 42.1086 -10 -65.9521
      vertex 42.1086 10 -65.9521
    endloop
  endfacet
  facet normal 0.412703 0 0.910866
    outer loop
      vertex 64.6735 10 -33.8644
      vertex 74.7468 -10 -38.4285
      vertex 74.7468 10 -38.4285
    endloop
  endfacet
  facet normal 0.412703 0 0.910866
    outer loop
      vertex 74.7468 -10 -38.4285
      vertex 64.6735 10 -33.8644
      vertex 64.6735 -10 -33.8644
    endloop
  endfacet
  facet normal -0.41237 0 -0.911016
    outer loop
      vertex 50.1315 -10 -68.9718
      vertex 50.1938 10 -69
      vertex 50.1938 -10 -69
    endloop
  endfacet
  facet normal -0.41237 0 -0.911016
    outer loop
      vertex 50.1938 10 -69
      vertex 50.1315 -10 -68.9718
      vertex 50.1315 10 -68.9718
    endloop
  endfacet
  facet normal -0.412705 0 -0.910865
    outer loop
      vertex 55 -10 -71.1777
      vertex 57.9398 10 -72.5097
      vertex 57.9398 -10 -72.5097
    endloop
  endfacet
  facet normal -0.412705 0 -0.910865
    outer loop
      vertex 57.9398 10 -72.5097
      vertex 55 -10 -71.1777
      vertex 55 10 -71.1777
    endloop
  endfacet
  facet normal 0.471399 1.52521e-05 0.88192
    outer loop
      vertex 74.7468 10 -38.4285
      vertex 84.5 8.78806 -43.6417
      vertex 84.3806 10 -43.5779
    endloop
  endfacet
  facet normal 0.471397 0 0.881921
    outer loop
      vertex 84.5 8.78806 -43.6417
      vertex 74.7468 10 -38.4285
      vertex 84.5 -8.78806 -43.6417
    endloop
  endfacet
  facet normal 0.471397 -0 0.881921
    outer loop
      vertex 74.7468 -10 -38.4285
      vertex 84.5 -8.78806 -43.6417
      vertex 74.7468 10 -38.4285
    endloop
  endfacet
  facet normal 0.471399 -1.52521e-05 0.88192
    outer loop
      vertex 84.5 -8.78806 -43.6417
      vertex 74.7468 -10 -38.4285
      vertex 84.3806 -10 -43.5779
    endloop
  endfacet
  facet normal -0.471396 0 -0.881922
    outer loop
      vertex 57.9398 -10 -72.5097
      vertex 65.5 10 -76.5507
      vertex 65.5 -10 -76.5507
    endloop
  endfacet
  facet normal -0.471396 0 -0.881922
    outer loop
      vertex 65.5 10 -76.5507
      vertex 57.9398 -10 -72.5097
      vertex 57.9398 10 -72.5097
    endloop
  endfacet
  facet normal 0.528063 0 0.849205
    outer loop
      vertex 93.8914 10 -49.4816
      vertex 90 0 -47.0618
      vertex 93.8914 -10 -49.4816
    endloop
  endfacet
  facet normal 0.528057 3.61599e-06 0.849209
    outer loop
      vertex 93.8914 10 -49.4816
      vertex 89.8073 5.88628 -46.942
      vertex 90 0 -47.0618
    endloop
  endfacet
  facet normal 0.528051 1.20077e-05 0.849213
    outer loop
      vertex 89.8073 5.88628 -46.942
      vertex 93.8914 10 -49.4816
      vertex 89.4021 10 -46.6901
    endloop
  endfacet
  facet normal 0.528057 -3.61599e-06 0.849209
    outer loop
      vertex 89.8073 -5.88628 -46.942
      vertex 93.8914 -10 -49.4816
      vertex 90 0 -47.0618
    endloop
  endfacet
  facet normal 0.528051 -1.20077e-05 0.849213
    outer loop
      vertex 93.8914 -10 -49.4816
      vertex 89.8073 -5.88628 -46.942
      vertex 89.4021 -10 -46.6901
    endloop
  endfacet
  facet normal 0.528352 2.43153e-05 0.849026
    outer loop
      vertex 84.5 8.78806 -43.6417
      vertex 85 0 -43.9526
      vertex 84.818 5.55927 -43.8395
    endloop
  endfacet
  facet normal 0.52796 -6.55512e-06 0.849269
    outer loop
      vertex 85 0 -43.9526
      vertex 84.5 8.78806 -43.6417
      vertex 84.818 -5.55927 -43.8395
    endloop
  endfacet
  facet normal 0.528174 0 0.849136
    outer loop
      vertex 84.818 -5.55927 -43.8395
      vertex 84.5 8.78806 -43.6417
      vertex 84.5 -8.78806 -43.6417
    endloop
  endfacet
  facet normal -0.528059 0 -0.849208
    outer loop
      vertex 65.5 -10 -76.5507
      vertex 68.6348 10 -78.5
      vertex 68.6348 -10 -78.5
    endloop
  endfacet
  facet normal -0.528059 0 -0.849208
    outer loop
      vertex 68.6348 10 -78.5
      vertex 65.5 -10 -76.5507
      vertex 65.5 10 -76.5507
    endloop
  endfacet
  facet normal 0.582468 0 0.812853
    outer loop
      vertex 93.8914 10 -49.4816
      vertex 102.881 -10 -55.9233
      vertex 102.881 10 -55.9233
    endloop
  endfacet
  facet normal 0.582468 0 0.812853
    outer loop
      vertex 102.881 -10 -55.9233
      vertex 93.8914 10 -49.4816
      vertex 93.8914 -10 -49.4816
    endloop
  endfacet
  facet normal -0.582478 0 -0.812846
    outer loop
      vertex 73.3693 -10 -81.5
      vertex 79.7477 10 -86.0707
      vertex 79.7477 -10 -86.0707
    endloop
  endfacet
  facet normal -0.582478 0 -0.812846
    outer loop
      vertex 79.7477 10 -86.0707
      vertex 73.3693 -10 -81.5
      vertex 73.3693 10 -81.5
    endloop
  endfacet
  facet normal 0.634428 0 0.772982
    outer loop
      vertex 102.881 10 -55.9233
      vertex 111.429 -10 -62.9391
      vertex 111.429 10 -62.9391
    endloop
  endfacet
  facet normal 0.634428 0 0.772982
    outer loop
      vertex 111.429 -10 -62.9391
      vertex 102.881 10 -55.9233
      vertex 102.881 -10 -55.9233
    endloop
  endfacet
  facet normal -0.634399 9.15925e-06 -0.773006
    outer loop
      vertex 79.7477 -10 -86.0707
      vertex 85 0 -90.3811
      vertex 84.818 -5.55927 -90.2318
    endloop
  endfacet
  facet normal -0.634391 -6.48365e-06 -0.773012
    outer loop
      vertex 79.7477 -10 -86.0707
      vertex 84.818 -5.55927 -90.2318
      vertex 84.3806 -10 -89.8728
    endloop
  endfacet
  facet normal -0.634389 -0 -0.773014
    outer loop
      vertex 79.7477 10 -86.0707
      vertex 85 0 -90.3811
      vertex 79.7477 -10 -86.0707
    endloop
  endfacet
  facet normal -0.634399 -9.15925e-06 -0.773006
    outer loop
      vertex 85 0 -90.3811
      vertex 79.7477 10 -86.0707
      vertex 84.818 5.55927 -90.2318
    endloop
  endfacet
  facet normal -0.634391 6.48365e-06 -0.773012
    outer loop
      vertex 84.818 5.55927 -90.2318
      vertex 79.7477 10 -86.0707
      vertex 84.3806 10 -89.8728
    endloop
  endfacet
  facet normal 0.683575 0 0.72988
    outer loop
      vertex 111.429 10 -62.9391
      vertex 119.501 -10 -70.499
      vertex 119.501 10 -70.499
    endloop
  endfacet
  facet normal 0.683575 0 0.72988
    outer loop
      vertex 119.501 -10 -70.499
      vertex 111.429 10 -62.9391
      vertex 111.429 -10 -62.9391
    endloop
  endfacet
  facet normal -0.683592 0 -0.729864
    outer loop
      vertex 92.631 -10 -97.369
      vertex 90 0 -94.9048
      vertex 92.631 10 -97.369
    endloop
  endfacet
  facet normal -0.683596 -1.85087e-06 -0.729861
    outer loop
      vertex 92.631 -10 -97.369
      vertex 89.8073 -5.88628 -94.7243
      vertex 90 0 -94.9048
    endloop
  endfacet
  facet normal -0.683581 1.76199e-05 -0.729875
    outer loop
      vertex 89.8073 -5.88628 -94.7243
      vertex 92.631 -10 -97.369
      vertex 89.4021 -10 -94.3449
    endloop
  endfacet
  facet normal -0.683596 1.85087e-06 -0.729861
    outer loop
      vertex 89.8073 5.88628 -94.7243
      vertex 92.631 10 -97.369
      vertex 90 0 -94.9048
    endloop
  endfacet
  facet normal -0.683581 -1.76199e-05 -0.729875
    outer loop
      vertex 92.631 10 -97.369
      vertex 89.8073 5.88628 -94.7243
      vertex 89.4021 10 -94.3449
    endloop
  endfacet
  facet normal 0.729859 -0 0.683598
    outer loop
      vertex 119.501 -10 -70.499
      vertex 127.061 10 -78.5706
      vertex 119.501 10 -70.499
    endloop
  endfacet
  facet normal 0.729859 0 0.683598
    outer loop
      vertex 127.061 10 -78.5706
      vertex 119.501 -10 -70.499
      vertex 127.061 -10 -78.5706
    endloop
  endfacet
  facet normal -0.729883 0 -0.683572
    outer loop
      vertex 98.491 -10 -103.626
      vertex 92.631 10 -97.369
      vertex 98.491 10 -103.626
    endloop
  endfacet
  facet normal -0.729883 -0 -0.683572
    outer loop
      vertex 92.631 10 -97.369
      vertex 98.491 -10 -103.626
      vertex 92.631 -10 -97.369
    endloop
  endfacet
  facet normal 0.772999 -0 0.634408
    outer loop
      vertex 127.061 -10 -78.5706
      vertex 134.077 10 -87.1193
      vertex 127.061 10 -78.5706
    endloop
  endfacet
  facet normal 0.772999 0 0.634408
    outer loop
      vertex 134.077 10 -87.1193
      vertex 127.061 -10 -78.5706
      vertex 134.077 -10 -87.1193
    endloop
  endfacet
  facet normal -0.773 0 -0.634406
    outer loop
      vertex 103.929 -10 -110.252
      vertex 98.491 10 -103.626
      vertex 103.929 10 -110.252
    endloop
  endfacet
  facet normal -0.773 -0 -0.634406
    outer loop
      vertex 98.491 10 -103.626
      vertex 103.929 -10 -110.252
      vertex 98.491 -10 -103.626
    endloop
  endfacet
  facet normal 0.812874 -0 0.582439
    outer loop
      vertex 134.077 -10 -87.1193
      vertex 140.518 10 -96.1086
      vertex 134.077 10 -87.1193
    endloop
  endfacet
  facet normal 0.812874 0 0.582439
    outer loop
      vertex 140.518 10 -96.1086
      vertex 134.077 -10 -87.1193
      vertex 140.518 -10 -96.1086
    endloop
  endfacet
  facet normal -0.812802 0 -0.582539
    outer loop
      vertex 108.923 -10 -117.22
      vertex 103.929 10 -110.252
      vertex 108.923 10 -117.22
    endloop
  endfacet
  facet normal -0.812802 -0 -0.582539
    outer loop
      vertex 103.929 10 -110.252
      vertex 108.923 -10 -117.22
      vertex 103.929 -10 -110.252
    endloop
  endfacet
  facet normal 0.8492 -0 0.528071
    outer loop
      vertex 140.518 -10 -96.1086
      vertex 146.358 10 -105.5
      vertex 140.518 10 -96.1086
    endloop
  endfacet
  facet normal 0.8492 0 0.528071
    outer loop
      vertex 146.358 10 -105.5
      vertex 140.518 -10 -96.1086
      vertex 146.358 -10 -105.5
    endloop
  endfacet
  facet normal -0.849254 0 -0.527984
    outer loop
      vertex 113.449 -10 -124.5
      vertex 108.923 10 -117.22
      vertex 113.449 10 -124.5
    endloop
  endfacet
  facet normal -0.849254 -0 -0.527984
    outer loop
      vertex 108.923 10 -117.22
      vertex 113.449 -10 -124.5
      vertex 108.923 -10 -117.22
    endloop
  endfacet
  facet normal 0.881925 -0 0.471391
    outer loop
      vertex 146.358 -10 -105.5
      vertex 151.571 10 -115.253
      vertex 146.358 10 -105.5
    endloop
  endfacet
  facet normal 0.881925 0 0.471391
    outer loop
      vertex 151.571 10 -115.253
      vertex 146.358 -10 -105.5
      vertex 151.571 -10 -115.253
    endloop
  endfacet
  facet normal -0.881917 0 -0.471405
    outer loop
      vertex 117.49 -10 -132.06
      vertex 113.449 10 -124.5
      vertex 117.49 10 -132.06
    endloop
  endfacet
  facet normal -0.881917 -0 -0.471405
    outer loop
      vertex 113.449 10 -124.5
      vertex 117.49 -10 -132.06
      vertex 113.449 -10 -124.5
    endloop
  endfacet
  facet normal 0.91083 -0 0.412781
    outer loop
      vertex 151.571 -10 -115.253
      vertex 156.136 10 -125.326
      vertex 151.571 10 -115.253
    endloop
  endfacet
  facet normal 0.91083 0 0.412781
    outer loop
      vertex 156.136 10 -125.326
      vertex 151.571 -10 -115.253
      vertex 156.136 -10 -125.326
    endloop
  endfacet
  facet normal -0.910853 0 -0.41273
    outer loop
      vertex 121.028 -10 -139.868
      vertex 117.49 10 -132.06
      vertex 121.028 10 -139.868
    endloop
  endfacet
  facet normal -0.910853 -0 -0.41273
    outer loop
      vertex 117.49 10 -132.06
      vertex 121.028 -10 -139.868
      vertex 117.49 -10 -132.06
    endloop
  endfacet
  facet normal 0.935931 -0 0.352183
    outer loop
      vertex 156.136 -10 -125.326
      vertex 160.031 10 -135.677
      vertex 156.136 10 -125.326
    endloop
  endfacet
  facet normal 0.935931 0 0.352183
    outer loop
      vertex 160.031 10 -135.677
      vertex 156.136 -10 -125.326
      vertex 160.031 -10 -135.677
    endloop
  endfacet
  facet normal -0.935892 0 -0.352286
    outer loop
      vertex 124.048 -10 -147.891
      vertex 121.028 10 -139.868
      vertex 124.048 10 -147.891
    endloop
  endfacet
  facet normal -0.935892 -0 -0.352286
    outer loop
      vertex 121.028 10 -139.868
      vertex 124.048 -10 -147.891
      vertex 121.028 -10 -139.868
    endloop
  endfacet
  facet normal 0.956948 -0 0.290258
    outer loop
      vertex 160.031 -10 -135.677
      vertex 163.241 10 -146.26
      vertex 160.031 10 -135.677
    endloop
  endfacet
  facet normal 0.956948 0 0.290258
    outer loop
      vertex 163.241 10 -146.26
      vertex 160.031 -10 -135.677
      vertex 163.241 -10 -146.26
    endloop
  endfacet
  facet normal -0.956962 0 -0.290215
    outer loop
      vertex 126.536 -10 -156.095
      vertex 124.048 10 -147.891
      vertex 126.536 10 -156.095
    endloop
  endfacet
  facet normal -0.956962 -0 -0.290215
    outer loop
      vertex 124.048 10 -147.891
      vertex 126.536 -10 -156.095
      vertex 124.048 -10 -147.891
    endloop
  endfacet
  facet normal 0.973861 -0 0.227144
    outer loop
      vertex 163.241 -10 -146.26
      vertex 165.753 10 -157.03
      vertex 163.241 10 -146.26
    endloop
  endfacet
  facet normal 0.973861 0 0.227144
    outer loop
      vertex 165.753 10 -157.03
      vertex 163.241 -10 -146.26
      vertex 165.753 -10 -157.03
    endloop
  endfacet
  facet normal -0.973864 0 -0.227134
    outer loop
      vertex 128.483 -10 -164.443
      vertex 126.536 10 -156.095
      vertex 128.483 10 -164.443
    endloop
  endfacet
  facet normal -0.973864 -0 -0.227134
    outer loop
      vertex 126.536 10 -156.095
      vertex 128.483 -10 -164.443
      vertex 126.536 -10 -156.095
    endloop
  endfacet
  facet normal 0.986649 -0 0.162859
    outer loop
      vertex 165.753 -10 -157.03
      vertex 167.554 10 -167.941
      vertex 165.753 10 -157.03
    endloop
  endfacet
  facet normal 0.986649 0 0.162859
    outer loop
      vertex 167.554 10 -167.941
      vertex 165.753 -10 -157.03
      vertex 167.554 -10 -167.941
    endloop
  endfacet
  facet normal -0.986651 0 -0.162848
    outer loop
      vertex 129.879 -10 -172.901
      vertex 128.483 10 -164.443
      vertex 129.879 10 -172.901
    endloop
  endfacet
  facet normal -0.986651 -0 -0.162848
    outer loop
      vertex 128.483 10 -164.443
      vertex 129.879 -10 -172.901
      vertex 128.483 -10 -164.443
    endloop
  endfacet
  facet normal 0.995185 -0 0.0980175
    outer loop
      vertex 167.554 -10 -167.941
      vertex 168.638 10 -178.947
      vertex 167.554 10 -167.941
    endloop
  endfacet
  facet normal 0.995185 0 0.0980175
    outer loop
      vertex 168.638 10 -178.947
      vertex 167.554 -10 -167.941
      vertex 168.638 -10 -178.947
    endloop
  endfacet
  facet normal -0.995176 0 -0.0981061
    outer loop
      vertex 130.72 -10 -181.432
      vertex 129.879 10 -172.901
      vertex 130.72 10 -181.432
    endloop
  endfacet
  facet normal -0.995176 -0 -0.0981061
    outer loop
      vertex 129.879 10 -172.901
      vertex 130.72 -10 -181.432
      vertex 129.879 -10 -172.901
    endloop
  endfacet
  facet normal 0.999464 -0 0.0327337
    outer loop
      vertex 168.638 -10 -178.947
      vertex 169 10 -190
      vertex 168.638 10 -178.947
    endloop
  endfacet
  facet normal 0.999464 0 0.0327337
    outer loop
      vertex 169 10 -190
      vertex 168.638 -10 -178.947
      vertex 169 -10 -190
    endloop
  endfacet
  facet normal -0.999466 0 -0.0326623
    outer loop
      vertex 131 -10 -190
      vertex 130.72 10 -181.432
      vertex 131 10 -190
    endloop
  endfacet
  facet normal -0.999466 -0 -0.0326623
    outer loop
      vertex 130.72 10 -181.432
      vertex 131 -10 -190
      vertex 130.72 -10 -181.432
    endloop
  endfacet
  facet normal 0.999464 0 -0.0327337
    outer loop
      vertex 169 -10 -190
      vertex 168.638 10 -201.053
      vertex 169 10 -190
    endloop
  endfacet
  facet normal 0.999464 0 -0.0327337
    outer loop
      vertex 168.638 10 -201.053
      vertex 169 -10 -190
      vertex 168.638 -10 -201.053
    endloop
  endfacet
  facet normal -0.999466 0 0.0326623
    outer loop
      vertex 130.72 -10 -198.568
      vertex 131 10 -190
      vertex 130.72 10 -198.568
    endloop
  endfacet
  facet normal -0.999466 0 0.0326623
    outer loop
      vertex 131 10 -190
      vertex 130.72 -10 -198.568
      vertex 131 -10 -190
    endloop
  endfacet
  facet normal 0.995185 0 -0.0980175
    outer loop
      vertex 168.638 -10 -201.053
      vertex 167.554 10 -212.059
      vertex 168.638 10 -201.053
    endloop
  endfacet
  facet normal 0.995185 0 -0.0980175
    outer loop
      vertex 167.554 10 -212.059
      vertex 168.638 -10 -201.053
      vertex 167.554 -10 -212.059
    endloop
  endfacet
  facet normal -0.995176 0 0.0981061
    outer loop
      vertex 129.879 -10 -207.099
      vertex 130.72 10 -198.568
      vertex 129.879 10 -207.099
    endloop
  endfacet
  facet normal -0.995176 0 0.0981061
    outer loop
      vertex 130.72 10 -198.568
      vertex 129.879 -10 -207.099
      vertex 130.72 -10 -198.568
    endloop
  endfacet
  facet normal 0.986649 0 -0.162859
    outer loop
      vertex 167.554 -10 -212.059
      vertex 165.753 10 -222.97
      vertex 167.554 10 -212.059
    endloop
  endfacet
  facet normal 0.986649 0 -0.162859
    outer loop
      vertex 165.753 10 -222.97
      vertex 167.554 -10 -212.059
      vertex 165.753 -10 -222.97
    endloop
  endfacet
  facet normal -0.986651 0 0.162848
    outer loop
      vertex 128.483 -10 -215.557
      vertex 129.879 10 -207.099
      vertex 128.483 10 -215.557
    endloop
  endfacet
  facet normal -0.986651 0 0.162848
    outer loop
      vertex 129.879 10 -207.099
      vertex 128.483 -10 -215.557
      vertex 129.879 -10 -207.099
    endloop
  endfacet
  facet normal 0.973861 0 -0.227144
    outer loop
      vertex 165.753 -10 -222.97
      vertex 163.241 10 -233.74
      vertex 165.753 10 -222.97
    endloop
  endfacet
  facet normal 0.973861 0 -0.227144
    outer loop
      vertex 163.241 10 -233.74
      vertex 165.753 -10 -222.97
      vertex 163.241 -10 -233.74
    endloop
  endfacet
  facet normal -0.973864 0 0.227134
    outer loop
      vertex 126.536 -10 -223.905
      vertex 128.483 10 -215.557
      vertex 126.536 10 -223.905
    endloop
  endfacet
  facet normal -0.973864 0 0.227134
    outer loop
      vertex 128.483 10 -215.557
      vertex 126.536 -10 -223.905
      vertex 128.483 -10 -215.557
    endloop
  endfacet
  facet normal 0.956948 0 -0.290258
    outer loop
      vertex 163.241 -10 -233.74
      vertex 160.031 10 -244.323
      vertex 163.241 10 -233.74
    endloop
  endfacet
  facet normal 0.956948 0 -0.290258
    outer loop
      vertex 160.031 10 -244.323
      vertex 163.241 -10 -233.74
      vertex 160.031 -10 -244.323
    endloop
  endfacet
  facet normal -0.956962 0 0.290215
    outer loop
      vertex 124.048 -10 -232.109
      vertex 126.536 10 -223.905
      vertex 124.048 10 -232.109
    endloop
  endfacet
  facet normal -0.956962 0 0.290215
    outer loop
      vertex 126.536 10 -223.905
      vertex 124.048 -10 -232.109
      vertex 126.536 -10 -223.905
    endloop
  endfacet
  facet normal 0.93592 0 -0.352213
    outer loop
      vertex 160.031 -10 -244.323
      vertex 156.136 10 -254.673
      vertex 160.031 10 -244.323
    endloop
  endfacet
  facet normal 0.93592 0 -0.352213
    outer loop
      vertex 156.136 10 -254.673
      vertex 160.031 -10 -244.323
      vertex 156.136 -10 -254.673
    endloop
  endfacet
  facet normal -0.935892 0 0.352286
    outer loop
      vertex 121.028 -10 -240.132
      vertex 124.048 10 -232.109
      vertex 121.028 10 -240.132
    endloop
  endfacet
  facet normal -0.935892 0 0.352286
    outer loop
      vertex 124.048 10 -232.109
      vertex 121.028 -10 -240.132
      vertex 124.048 -10 -232.109
    endloop
  endfacet
  facet normal 0.910846 0 -0.412747
    outer loop
      vertex 156.136 -10 -254.673
      vertex 151.571 10 -264.747
      vertex 156.136 10 -254.673
    endloop
  endfacet
  facet normal 0.910846 0 -0.412747
    outer loop
      vertex 151.571 10 -264.747
      vertex 156.136 -10 -254.673
      vertex 151.571 -10 -264.747
    endloop
  endfacet
  facet normal -0.910853 0 0.41273
    outer loop
      vertex 117.49 -10 -247.94
      vertex 121.028 10 -240.132
      vertex 117.49 10 -247.94
    endloop
  endfacet
  facet normal -0.910853 0 0.41273
    outer loop
      vertex 121.028 10 -240.132
      vertex 117.49 -10 -247.94
      vertex 121.028 -10 -240.132
    endloop
  endfacet
  facet normal 0.881925 0 -0.471391
    outer loop
      vertex 151.571 -10 -264.747
      vertex 146.358 10 -274.5
      vertex 151.571 10 -264.747
    endloop
  endfacet
  facet normal 0.881925 0 -0.471391
    outer loop
      vertex 146.358 10 -274.5
      vertex 151.571 -10 -264.747
      vertex 146.358 -10 -274.5
    endloop
  endfacet
  facet normal -0.881917 0 0.471405
    outer loop
      vertex 113.449 -10 -255.5
      vertex 117.49 10 -247.94
      vertex 113.449 10 -255.5
    endloop
  endfacet
  facet normal -0.881917 0 0.471405
    outer loop
      vertex 117.49 10 -247.94
      vertex 113.449 -10 -255.5
      vertex 117.49 -10 -247.94
    endloop
  endfacet
  facet normal 0.84919 0 -0.528087
    outer loop
      vertex 146.358 -10 -274.5
      vertex 140.518 10 -283.891
      vertex 146.358 10 -274.5
    endloop
  endfacet
  facet normal 0.84919 0 -0.528087
    outer loop
      vertex 140.518 10 -283.891
      vertex 146.358 -10 -274.5
      vertex 140.518 -10 -283.891
    endloop
  endfacet
  facet normal -0.849254 0 0.527984
    outer loop
      vertex 108.923 -10 -262.78
      vertex 113.449 10 -255.5
      vertex 108.923 10 -262.78
    endloop
  endfacet
  facet normal -0.849254 0 0.527984
    outer loop
      vertex 113.449 10 -255.5
      vertex 108.923 -10 -262.78
      vertex 113.449 -10 -255.5
    endloop
  endfacet
  facet normal 0.812896 0 -0.582409
    outer loop
      vertex 140.518 -10 -283.891
      vertex 134.077 10 -292.881
      vertex 140.518 10 -283.891
    endloop
  endfacet
  facet normal 0.812896 0 -0.582409
    outer loop
      vertex 134.077 10 -292.881
      vertex 140.518 -10 -283.891
      vertex 134.077 -10 -292.881
    endloop
  endfacet
  facet normal -0.812802 0 0.582539
    outer loop
      vertex 103.929 -10 -269.748
      vertex 108.923 10 -262.78
      vertex 103.929 10 -269.748
    endloop
  endfacet
  facet normal -0.812802 0 0.582539
    outer loop
      vertex 108.923 10 -262.78
      vertex 103.929 -10 -269.748
      vertex 108.923 -10 -262.78
    endloop
  endfacet
  facet normal 0.772973 0 -0.634439
    outer loop
      vertex 134.077 -10 -292.881
      vertex 127.061 10 -301.429
      vertex 134.077 10 -292.881
    endloop
  endfacet
  facet normal 0.772973 0 -0.634439
    outer loop
      vertex 127.061 10 -301.429
      vertex 134.077 -10 -292.881
      vertex 127.061 -10 -301.429
    endloop
  endfacet
  facet normal -0.773 0 0.634406
    outer loop
      vertex 98.491 -10 -276.374
      vertex 103.929 10 -269.748
      vertex 98.491 10 -276.374
    endloop
  endfacet
  facet normal -0.773 0 0.634406
    outer loop
      vertex 103.929 10 -269.748
      vertex 98.491 -10 -276.374
      vertex 103.929 -10 -269.748
    endloop
  endfacet
  facet normal 0.729875 0 -0.68358
    outer loop
      vertex 127.061 -10 -301.429
      vertex 119.501 10 -309.501
      vertex 127.061 10 -301.429
    endloop
  endfacet
  facet normal 0.729875 0 -0.68358
    outer loop
      vertex 119.501 10 -309.501
      vertex 127.061 -10 -301.429
      vertex 119.501 -10 -309.501
    endloop
  endfacet
  facet normal -0.729883 0 0.683572
    outer loop
      vertex 92.631 -10 -282.631
      vertex 98.491 10 -276.374
      vertex 92.631 10 -282.631
    endloop
  endfacet
  facet normal -0.729883 0 0.683572
    outer loop
      vertex 98.491 10 -276.374
      vertex 92.631 -10 -282.631
      vertex 98.491 -10 -276.374
    endloop
  endfacet
  facet normal 0.68358 0 -0.729875
    outer loop
      vertex 111.429 -10 -317.061
      vertex 119.501 10 -309.501
      vertex 119.501 -10 -309.501
    endloop
  endfacet
  facet normal 0.68358 0 -0.729875
    outer loop
      vertex 119.501 10 -309.501
      vertex 111.429 -10 -317.061
      vertex 111.429 10 -317.061
    endloop
  endfacet
  facet normal -0.68359 0 0.729866
    outer loop
      vertex 86.3743 10 -288.491
      vertex 92.631 -10 -282.631
      vertex 92.631 10 -282.631
    endloop
  endfacet
  facet normal -0.68359 0 0.729866
    outer loop
      vertex 92.631 -10 -282.631
      vertex 86.3743 10 -288.491
      vertex 86.3743 -10 -288.491
    endloop
  endfacet
  facet normal 0.634439 0 -0.772973
    outer loop
      vertex 102.881 -10 -324.077
      vertex 111.429 10 -317.061
      vertex 111.429 -10 -317.061
    endloop
  endfacet
  facet normal 0.634439 0 -0.772973
    outer loop
      vertex 111.429 10 -317.061
      vertex 102.881 -10 -324.077
      vertex 102.881 10 -324.077
    endloop
  endfacet
  facet normal -0.634372 0 0.773028
    outer loop
      vertex 79.7477 10 -293.929
      vertex 86.3743 -10 -288.491
      vertex 86.3743 10 -288.491
    endloop
  endfacet
  facet normal -0.634372 0 0.773028
    outer loop
      vertex 86.3743 -10 -288.491
      vertex 79.7477 10 -293.929
      vertex 79.7477 -10 -293.929
    endloop
  endfacet
  facet normal 0.582427 0 -0.812883
    outer loop
      vertex 93.8914 -10 -330.518
      vertex 102.881 10 -324.077
      vertex 102.881 -10 -324.077
    endloop
  endfacet
  facet normal 0.582427 0 -0.812883
    outer loop
      vertex 102.881 10 -324.077
      vertex 93.8914 -10 -330.518
      vertex 93.8914 10 -330.518
    endloop
  endfacet
  facet normal -0.582539 0 0.812802
    outer loop
      vertex 72.7797 10 -298.923
      vertex 79.7477 -10 -293.929
      vertex 79.7477 10 -293.929
    endloop
  endfacet
  facet normal -0.582539 0 0.812802
    outer loop
      vertex 79.7477 -10 -293.929
      vertex 72.7797 10 -298.923
      vertex 72.7797 -10 -298.923
    endloop
  endfacet
  facet normal 0.528071 0 -0.8492
    outer loop
      vertex 84.5 -10 -336.358
      vertex 93.8914 10 -330.518
      vertex 93.8914 -10 -330.518
    endloop
  endfacet
  facet normal 0.528071 0 -0.8492
    outer loop
      vertex 93.8914 10 -330.518
      vertex 84.5 -10 -336.358
      vertex 84.5 10 -336.358
    endloop
  endfacet
  facet normal -0.528 0 0.849244
    outer loop
      vertex 65.5 10 -303.449
      vertex 72.7797 -10 -298.923
      vertex 72.7797 10 -298.923
    endloop
  endfacet
  facet normal -0.528 0 0.849244
    outer loop
      vertex 72.7797 -10 -298.923
      vertex 65.5 10 -303.449
      vertex 65.5 -10 -303.449
    endloop
  endfacet
  facet normal 0.471453 0 -0.881891
    outer loop
      vertex 74.7468 -10 -341.572
      vertex 84.5 10 -336.358
      vertex 84.5 -10 -336.358
    endloop
  endfacet
  facet normal 0.471453 0 -0.881891
    outer loop
      vertex 84.5 10 -336.358
      vertex 74.7468 -10 -341.572
      vertex 74.7468 10 -341.572
    endloop
  endfacet
  facet normal -0.471396 0 0.881922
    outer loop
      vertex 57.9398 10 -307.49
      vertex 65.5 -10 -303.449
      vertex 65.5 10 -303.449
    endloop
  endfacet
  facet normal -0.471396 0 0.881922
    outer loop
      vertex 65.5 -10 -303.449
      vertex 57.9398 10 -307.49
      vertex 57.9398 -10 -307.49
    endloop
  endfacet
  facet normal 0.412696 0 -0.910869
    outer loop
      vertex 64.6735 -10 -346.136
      vertex 74.7468 10 -341.572
      vertex 74.7468 -10 -341.572
    endloop
  endfacet
  facet normal 0.412696 0 -0.910869
    outer loop
      vertex 74.7468 10 -341.572
      vertex 64.6735 -10 -346.136
      vertex 64.6735 10 -346.136
    endloop
  endfacet
  facet normal -0.412717 0 0.910859
    outer loop
      vertex 50.1315 10 -311.028
      vertex 57.9398 -10 -307.49
      vertex 57.9398 10 -307.49
    endloop
  endfacet
  facet normal -0.412717 0 0.910859
    outer loop
      vertex 57.9398 -10 -307.49
      vertex 50.1315 10 -311.028
      vertex 50.1315 -10 -311.028
    endloop
  endfacet
  facet normal 0.352207 0 -0.935922
    outer loop
      vertex 54.3233 -10 -350.031
      vertex 64.6735 10 -346.136
      vertex 64.6735 -10 -346.136
    endloop
  endfacet
  facet normal 0.352207 0 -0.935922
    outer loop
      vertex 64.6735 10 -346.136
      vertex 54.3233 -10 -350.031
      vertex 54.3233 10 -350.031
    endloop
  endfacet
  facet normal -0.35229 0 0.935891
    outer loop
      vertex 42.1086 10 -314.048
      vertex 50.1315 -10 -311.028
      vertex 50.1315 10 -311.028
    endloop
  endfacet
  facet normal -0.35229 0 0.935891
    outer loop
      vertex 50.1315 -10 -311.028
      vertex 42.1086 10 -314.048
      vertex 42.1086 -10 -314.048
    endloop
  endfacet
  facet normal 0.290261 0 -0.956948
    outer loop
      vertex 43.7404 -10 -353.241
      vertex 54.3233 10 -350.031
      vertex 54.3233 -10 -350.031
    endloop
  endfacet
  facet normal 0.290261 0 -0.956948
    outer loop
      vertex 54.3233 10 -350.031
      vertex 43.7404 -10 -353.241
      vertex 43.7404 10 -353.241
    endloop
  endfacet
  facet normal -0.290237 0 0.956955
    outer loop
      vertex 33.9053 10 -316.536
      vertex 42.1086 -10 -314.048
      vertex 42.1086 10 -314.048
    endloop
  endfacet
  facet normal -0.290237 0 0.956955
    outer loop
      vertex 42.1086 -10 -314.048
      vertex 33.9053 10 -316.536
      vertex 33.9053 -10 -316.536
    endloop
  endfacet
  facet normal 0.227142 0 -0.973862
    outer loop
      vertex 32.9703 -10 -355.753
      vertex 43.7404 10 -353.241
      vertex 43.7404 -10 -353.241
    endloop
  endfacet
  facet normal 0.227142 0 -0.973862
    outer loop
      vertex 43.7404 10 -353.241
      vertex 32.9703 -10 -355.753
      vertex 32.9703 10 -355.753
    endloop
  endfacet
  facet normal -0.227121 0 0.973867
    outer loop
      vertex 25.5568 10 -318.483
      vertex 33.9053 -10 -316.536
      vertex 33.9053 10 -316.536
    endloop
  endfacet
  facet normal -0.227121 0 0.973867
    outer loop
      vertex 33.9053 -10 -316.536
      vertex 25.5568 10 -318.483
      vertex 25.5568 -10 -318.483
    endloop
  endfacet
  facet normal 0.162853 0 -0.98665
    outer loop
      vertex 22.0589 -10 -357.554
      vertex 32.9703 10 -355.753
      vertex 32.9703 -10 -355.753
    endloop
  endfacet
  facet normal 0.162853 0 -0.98665
    outer loop
      vertex 32.9703 10 -355.753
      vertex 22.0589 -10 -357.554
      vertex 22.0589 10 -357.554
    endloop
  endfacet
  facet normal -0.162849 0 0.986651
    outer loop
      vertex 17.0989 10 -319.879
      vertex 25.5568 -10 -318.483
      vertex 25.5568 10 -318.483
    endloop
  endfacet
  facet normal -0.162849 0 0.986651
    outer loop
      vertex 25.5568 -10 -318.483
      vertex 17.0989 10 -319.879
      vertex 17.0989 -10 -319.879
    endloop
  endfacet
  facet normal 0.0980192 0 -0.995185
    outer loop
      vertex 11.0531 -10 -358.638
      vertex 22.0589 10 -357.554
      vertex 22.0589 -10 -357.554
    endloop
  endfacet
  facet normal 0.0980192 0 -0.995185
    outer loop
      vertex 22.0589 10 -357.554
      vertex 11.0531 -10 -358.638
      vertex 11.0531 10 -358.638
    endloop
  endfacet
  facet normal -0.0981051 0 0.995176
    outer loop
      vertex 8.56781 10 -320.72
      vertex 17.0989 -10 -319.879
      vertex 17.0989 10 -319.879
    endloop
  endfacet
  facet normal -0.0981051 0 0.995176
    outer loop
      vertex 17.0989 -10 -319.879
      vertex 8.56781 10 -320.72
      vertex 8.56781 -10 -320.72
    endloop
  endfacet
  facet normal 0.0327334 0 -0.999464
    outer loop
      vertex 0 -10 -359
      vertex 11.0531 10 -358.638
      vertex 11.0531 -10 -358.638
    endloop
  endfacet
  facet normal 0.0327334 0 -0.999464
    outer loop
      vertex 11.0531 10 -358.638
      vertex 0 -10 -359
      vertex 0 10 -359
    endloop
  endfacet
  facet normal -0.032663 0 0.999466
    outer loop
      vertex 0 10 -321
      vertex 8.56781 -10 -320.72
      vertex 8.56781 10 -320.72
    endloop
  endfacet
  facet normal -0.032663 0 0.999466
    outer loop
      vertex 8.56781 -10 -320.72
      vertex 0 10 -321
      vertex 0 -10 -321
    endloop
  endfacet
  facet normal -0.0327334 0 -0.999464
    outer loop
      vertex -11.0531 -10 -358.638
      vertex 0 10 -359
      vertex 0 -10 -359
    endloop
  endfacet
  facet normal -0.0327334 0 -0.999464
    outer loop
      vertex 0 10 -359
      vertex -11.0531 -10 -358.638
      vertex -11.0531 10 -358.638
    endloop
  endfacet
  facet normal 0.032663 0 0.999466
    outer loop
      vertex -8.56781 10 -320.72
      vertex 0 -10 -321
      vertex 0 10 -321
    endloop
  endfacet
  facet normal 0.032663 0 0.999466
    outer loop
      vertex 0 -10 -321
      vertex -8.56781 10 -320.72
      vertex -8.56781 -10 -320.72
    endloop
  endfacet
  facet normal -0.0980192 0 -0.995185
    outer loop
      vertex -22.0589 -10 -357.554
      vertex -11.0531 10 -358.638
      vertex -11.0531 -10 -358.638
    endloop
  endfacet
  facet normal -0.0980192 0 -0.995185
    outer loop
      vertex -11.0531 10 -358.638
      vertex -22.0589 -10 -357.554
      vertex -22.0589 10 -357.554
    endloop
  endfacet
  facet normal 0.0981051 0 0.995176
    outer loop
      vertex -17.0989 10 -319.879
      vertex -8.56781 -10 -320.72
      vertex -8.56781 10 -320.72
    endloop
  endfacet
  facet normal 0.0981051 0 0.995176
    outer loop
      vertex -8.56781 -10 -320.72
      vertex -17.0989 10 -319.879
      vertex -17.0989 -10 -319.879
    endloop
  endfacet
  facet normal -0.162853 0 -0.98665
    outer loop
      vertex -32.9703 -10 -355.753
      vertex -22.0589 10 -357.554
      vertex -22.0589 -10 -357.554
    endloop
  endfacet
  facet normal -0.162853 0 -0.98665
    outer loop
      vertex -22.0589 10 -357.554
      vertex -32.9703 -10 -355.753
      vertex -32.9703 10 -355.753
    endloop
  endfacet
  facet normal 0.162849 0 0.986651
    outer loop
      vertex -25.5568 10 -318.483
      vertex -17.0989 -10 -319.879
      vertex -17.0989 10 -319.879
    endloop
  endfacet
  facet normal 0.162849 0 0.986651
    outer loop
      vertex -17.0989 -10 -319.879
      vertex -25.5568 10 -318.483
      vertex -25.5568 -10 -318.483
    endloop
  endfacet
  facet normal -0.227142 0 -0.973862
    outer loop
      vertex -43.7404 -10 -353.241
      vertex -32.9703 10 -355.753
      vertex -32.9703 -10 -355.753
    endloop
  endfacet
  facet normal -0.227142 0 -0.973862
    outer loop
      vertex -32.9703 10 -355.753
      vertex -43.7404 -10 -353.241
      vertex -43.7404 10 -353.241
    endloop
  endfacet
  facet normal 0.227121 0 0.973867
    outer loop
      vertex -33.9053 10 -316.536
      vertex -25.5568 -10 -318.483
      vertex -25.5568 10 -318.483
    endloop
  endfacet
  facet normal 0.227121 0 0.973867
    outer loop
      vertex -25.5568 -10 -318.483
      vertex -33.9053 10 -316.536
      vertex -33.9053 -10 -316.536
    endloop
  endfacet
  facet normal -0.290261 0 -0.956948
    outer loop
      vertex -54.3233 -10 -350.031
      vertex -43.7404 10 -353.241
      vertex -43.7404 -10 -353.241
    endloop
  endfacet
  facet normal -0.290261 0 -0.956948
    outer loop
      vertex -43.7404 10 -353.241
      vertex -54.3233 -10 -350.031
      vertex -54.3233 10 -350.031
    endloop
  endfacet
  facet normal 0.290237 0 0.956955
    outer loop
      vertex -42.1086 10 -314.048
      vertex -33.9053 -10 -316.536
      vertex -33.9053 10 -316.536
    endloop
  endfacet
  facet normal 0.290237 0 0.956955
    outer loop
      vertex -33.9053 -10 -316.536
      vertex -42.1086 10 -314.048
      vertex -42.1086 -10 -314.048
    endloop
  endfacet
  facet normal -0.352207 0 -0.935922
    outer loop
      vertex -64.6735 -10 -346.136
      vertex -54.3233 10 -350.031
      vertex -54.3233 -10 -350.031
    endloop
  endfacet
  facet normal -0.352207 0 -0.935922
    outer loop
      vertex -54.3233 10 -350.031
      vertex -64.6735 -10 -346.136
      vertex -64.6735 10 -346.136
    endloop
  endfacet
  facet normal 0.35229 0 0.935891
    outer loop
      vertex -50.1315 10 -311.028
      vertex -42.1086 -10 -314.048
      vertex -42.1086 10 -314.048
    endloop
  endfacet
  facet normal 0.35229 0 0.935891
    outer loop
      vertex -42.1086 -10 -314.048
      vertex -50.1315 10 -311.028
      vertex -50.1315 -10 -311.028
    endloop
  endfacet
  facet normal -0.412696 0 -0.910869
    outer loop
      vertex -74.7468 -10 -341.572
      vertex -64.6735 10 -346.136
      vertex -64.6735 -10 -346.136
    endloop
  endfacet
  facet normal -0.412696 0 -0.910869
    outer loop
      vertex -64.6735 10 -346.136
      vertex -74.7468 -10 -341.572
      vertex -74.7468 10 -341.572
    endloop
  endfacet
  facet normal 0.412717 0 0.910859
    outer loop
      vertex -57.9398 10 -307.49
      vertex -50.1315 -10 -311.028
      vertex -50.1315 10 -311.028
    endloop
  endfacet
  facet normal 0.412717 0 0.910859
    outer loop
      vertex -50.1315 -10 -311.028
      vertex -57.9398 10 -307.49
      vertex -57.9398 -10 -307.49
    endloop
  endfacet
  facet normal -0.471453 0 -0.881891
    outer loop
      vertex -84.5 -10 -336.358
      vertex -74.7468 10 -341.572
      vertex -74.7468 -10 -341.572
    endloop
  endfacet
  facet normal -0.471453 0 -0.881891
    outer loop
      vertex -74.7468 10 -341.572
      vertex -84.5 -10 -336.358
      vertex -84.5 10 -336.358
    endloop
  endfacet
  facet normal 0.471396 0 0.881922
    outer loop
      vertex -65.5 10 -303.449
      vertex -57.9398 -10 -307.49
      vertex -57.9398 10 -307.49
    endloop
  endfacet
  facet normal 0.471396 0 0.881922
    outer loop
      vertex -57.9398 -10 -307.49
      vertex -65.5 10 -303.449
      vertex -65.5 -10 -303.449
    endloop
  endfacet
  facet normal -0.528071 0 -0.8492
    outer loop
      vertex -93.8914 -10 -330.518
      vertex -84.5 10 -336.358
      vertex -84.5 -10 -336.358
    endloop
  endfacet
  facet normal -0.528071 0 -0.8492
    outer loop
      vertex -84.5 10 -336.358
      vertex -93.8914 -10 -330.518
      vertex -93.8914 10 -330.518
    endloop
  endfacet
  facet normal 0.528 0 0.849244
    outer loop
      vertex -72.7797 10 -298.923
      vertex -65.5 -10 -303.449
      vertex -65.5 10 -303.449
    endloop
  endfacet
  facet normal 0.528 0 0.849244
    outer loop
      vertex -65.5 -10 -303.449
      vertex -72.7797 10 -298.923
      vertex -72.7797 -10 -298.923
    endloop
  endfacet
  facet normal -0.582427 0 -0.812883
    outer loop
      vertex -102.881 -10 -324.077
      vertex -93.8914 10 -330.518
      vertex -93.8914 -10 -330.518
    endloop
  endfacet
  facet normal -0.582427 0 -0.812883
    outer loop
      vertex -93.8914 10 -330.518
      vertex -102.881 -10 -324.077
      vertex -102.881 10 -324.077
    endloop
  endfacet
  facet normal 0.582539 0 0.812802
    outer loop
      vertex -79.7477 10 -293.929
      vertex -72.7797 -10 -298.923
      vertex -72.7797 10 -298.923
    endloop
  endfacet
  facet normal 0.582539 0 0.812802
    outer loop
      vertex -72.7797 -10 -298.923
      vertex -79.7477 10 -293.929
      vertex -79.7477 -10 -293.929
    endloop
  endfacet
  facet normal -0.634439 0 -0.772973
    outer loop
      vertex -111.429 -10 -317.061
      vertex -102.881 10 -324.077
      vertex -102.881 -10 -324.077
    endloop
  endfacet
  facet normal -0.634439 0 -0.772973
    outer loop
      vertex -102.881 10 -324.077
      vertex -111.429 -10 -317.061
      vertex -111.429 10 -317.061
    endloop
  endfacet
  facet normal 0.634372 0 0.773028
    outer loop
      vertex -86.3743 10 -288.491
      vertex -79.7477 -10 -293.929
      vertex -79.7477 10 -293.929
    endloop
  endfacet
  facet normal 0.634372 0 0.773028
    outer loop
      vertex -79.7477 -10 -293.929
      vertex -86.3743 10 -288.491
      vertex -86.3743 -10 -288.491
    endloop
  endfacet
  facet normal -0.68358 0 -0.729875
    outer loop
      vertex -119.501 -10 -309.501
      vertex -111.429 10 -317.061
      vertex -111.429 -10 -317.061
    endloop
  endfacet
  facet normal -0.68358 0 -0.729875
    outer loop
      vertex -111.429 10 -317.061
      vertex -119.501 -10 -309.501
      vertex -119.501 10 -309.501
    endloop
  endfacet
  facet normal 0.68359 0 0.729866
    outer loop
      vertex -92.631 10 -282.631
      vertex -86.3743 -10 -288.491
      vertex -86.3743 10 -288.491
    endloop
  endfacet
  facet normal 0.68359 0 0.729866
    outer loop
      vertex -86.3743 -10 -288.491
      vertex -92.631 10 -282.631
      vertex -92.631 -10 -282.631
    endloop
  endfacet
  facet normal -0.729875 0 -0.68358
    outer loop
      vertex -119.501 -10 -309.501
      vertex -127.061 10 -301.429
      vertex -119.501 10 -309.501
    endloop
  endfacet
  facet normal -0.729875 -0 -0.68358
    outer loop
      vertex -127.061 10 -301.429
      vertex -119.501 -10 -309.501
      vertex -127.061 -10 -301.429
    endloop
  endfacet
  facet normal 0.729883 -0 0.683572
    outer loop
      vertex -98.491 -10 -276.374
      vertex -92.631 10 -282.631
      vertex -98.491 10 -276.374
    endloop
  endfacet
  facet normal 0.729883 0 0.683572
    outer loop
      vertex -92.631 10 -282.631
      vertex -98.491 -10 -276.374
      vertex -92.631 -10 -282.631
    endloop
  endfacet
  facet normal -0.772973 0 -0.634439
    outer loop
      vertex -127.061 -10 -301.429
      vertex -134.077 10 -292.881
      vertex -127.061 10 -301.429
    endloop
  endfacet
  facet normal -0.772973 -0 -0.634439
    outer loop
      vertex -134.077 10 -292.881
      vertex -127.061 -10 -301.429
      vertex -134.077 -10 -292.881
    endloop
  endfacet
  facet normal 0.773 -0 0.634406
    outer loop
      vertex -103.929 -10 -269.748
      vertex -98.491 10 -276.374
      vertex -103.929 10 -269.748
    endloop
  endfacet
  facet normal 0.773 0 0.634406
    outer loop
      vertex -98.491 10 -276.374
      vertex -103.929 -10 -269.748
      vertex -98.491 -10 -276.374
    endloop
  endfacet
  facet normal -0.812896 0 -0.582409
    outer loop
      vertex -134.077 -10 -292.881
      vertex -140.518 10 -283.891
      vertex -134.077 10 -292.881
    endloop
  endfacet
  facet normal -0.812896 -0 -0.582409
    outer loop
      vertex -140.518 10 -283.891
      vertex -134.077 -10 -292.881
      vertex -140.518 -10 -283.891
    endloop
  endfacet
  facet normal 0.812802 -0 0.582539
    outer loop
      vertex -108.923 -10 -262.78
      vertex -103.929 10 -269.748
      vertex -108.923 10 -262.78
    endloop
  endfacet
  facet normal 0.812802 0 0.582539
    outer loop
      vertex -103.929 10 -269.748
      vertex -108.923 -10 -262.78
      vertex -103.929 -10 -269.748
    endloop
  endfacet
  facet normal -0.84919 0 -0.528087
    outer loop
      vertex -140.518 -10 -283.891
      vertex -146.358 10 -274.5
      vertex -140.518 10 -283.891
    endloop
  endfacet
  facet normal -0.84919 -0 -0.528087
    outer loop
      vertex -146.358 10 -274.5
      vertex -140.518 -10 -283.891
      vertex -146.358 -10 -274.5
    endloop
  endfacet
  facet normal 0.849254 -0 0.527984
    outer loop
      vertex -113.449 -10 -255.5
      vertex -108.923 10 -262.78
      vertex -113.449 10 -255.5
    endloop
  endfacet
  facet normal 0.849254 0 0.527984
    outer loop
      vertex -108.923 10 -262.78
      vertex -113.449 -10 -255.5
      vertex -108.923 -10 -262.78
    endloop
  endfacet
  facet normal -0.881925 0 -0.471391
    outer loop
      vertex -146.358 -10 -274.5
      vertex -151.571 10 -264.747
      vertex -146.358 10 -274.5
    endloop
  endfacet
  facet normal -0.881925 -0 -0.471391
    outer loop
      vertex -151.571 10 -264.747
      vertex -146.358 -10 -274.5
      vertex -151.571 -10 -264.747
    endloop
  endfacet
  facet normal 0.881917 -0 0.471405
    outer loop
      vertex -117.49 -10 -247.94
      vertex -113.449 10 -255.5
      vertex -117.49 10 -247.94
    endloop
  endfacet
  facet normal 0.881917 0 0.471405
    outer loop
      vertex -113.449 10 -255.5
      vertex -117.49 -10 -247.94
      vertex -113.449 -10 -255.5
    endloop
  endfacet
  facet normal -0.910846 0 -0.412747
    outer loop
      vertex -151.571 -10 -264.747
      vertex -156.136 10 -254.673
      vertex -151.571 10 -264.747
    endloop
  endfacet
  facet normal -0.910846 -0 -0.412747
    outer loop
      vertex -156.136 10 -254.673
      vertex -151.571 -10 -264.747
      vertex -156.136 -10 -254.673
    endloop
  endfacet
  facet normal 0.910853 -0 0.41273
    outer loop
      vertex -121.028 -10 -240.132
      vertex -117.49 10 -247.94
      vertex -121.028 10 -240.132
    endloop
  endfacet
  facet normal 0.910853 0 0.41273
    outer loop
      vertex -117.49 10 -247.94
      vertex -121.028 -10 -240.132
      vertex -117.49 -10 -247.94
    endloop
  endfacet
  facet normal -0.93592 0 -0.352213
    outer loop
      vertex -156.136 -10 -254.673
      vertex -160.031 10 -244.323
      vertex -156.136 10 -254.673
    endloop
  endfacet
  facet normal -0.93592 -0 -0.352213
    outer loop
      vertex -160.031 10 -244.323
      vertex -156.136 -10 -254.673
      vertex -160.031 -10 -244.323
    endloop
  endfacet
  facet normal 0.935892 -0 0.352286
    outer loop
      vertex -124.048 -10 -232.109
      vertex -121.028 10 -240.132
      vertex -124.048 10 -232.109
    endloop
  endfacet
  facet normal 0.935892 0 0.352286
    outer loop
      vertex -121.028 10 -240.132
      vertex -124.048 -10 -232.109
      vertex -121.028 -10 -240.132
    endloop
  endfacet
  facet normal -0.956948 0 -0.290258
    outer loop
      vertex -160.031 -10 -244.323
      vertex -163.241 10 -233.74
      vertex -160.031 10 -244.323
    endloop
  endfacet
  facet normal -0.956948 -0 -0.290258
    outer loop
      vertex -163.241 10 -233.74
      vertex -160.031 -10 -244.323
      vertex -163.241 -10 -233.74
    endloop
  endfacet
  facet normal 0.956962 -0 0.290215
    outer loop
      vertex -126.536 -10 -223.905
      vertex -124.048 10 -232.109
      vertex -126.536 10 -223.905
    endloop
  endfacet
  facet normal 0.956962 0 0.290215
    outer loop
      vertex -124.048 10 -232.109
      vertex -126.536 -10 -223.905
      vertex -124.048 -10 -232.109
    endloop
  endfacet
  facet normal -0.973861 0 -0.227144
    outer loop
      vertex -163.241 -10 -233.74
      vertex -165.753 10 -222.97
      vertex -163.241 10 -233.74
    endloop
  endfacet
  facet normal -0.973861 -0 -0.227144
    outer loop
      vertex -165.753 10 -222.97
      vertex -163.241 -10 -233.74
      vertex -165.753 -10 -222.97
    endloop
  endfacet
  facet normal 0.973864 -0 0.227134
    outer loop
      vertex -128.483 -10 -215.557
      vertex -126.536 10 -223.905
      vertex -128.483 10 -215.557
    endloop
  endfacet
  facet normal 0.973864 0 0.227134
    outer loop
      vertex -126.536 10 -223.905
      vertex -128.483 -10 -215.557
      vertex -126.536 -10 -223.905
    endloop
  endfacet
  facet normal -0.986649 0 -0.162859
    outer loop
      vertex -165.753 -10 -222.97
      vertex -167.554 10 -212.059
      vertex -165.753 10 -222.97
    endloop
  endfacet
  facet normal -0.986649 -0 -0.162859
    outer loop
      vertex -167.554 10 -212.059
      vertex -165.753 -10 -222.97
      vertex -167.554 -10 -212.059
    endloop
  endfacet
  facet normal 0.986651 -0 0.162848
    outer loop
      vertex -129.879 -10 -207.099
      vertex -128.483 10 -215.557
      vertex -129.879 10 -207.099
    endloop
  endfacet
  facet normal 0.986651 0 0.162848
    outer loop
      vertex -128.483 10 -215.557
      vertex -129.879 -10 -207.099
      vertex -128.483 -10 -215.557
    endloop
  endfacet
  facet normal -0.995185 0 -0.0980175
    outer loop
      vertex -167.554 -10 -212.059
      vertex -168.638 10 -201.053
      vertex -167.554 10 -212.059
    endloop
  endfacet
  facet normal -0.995185 -0 -0.0980175
    outer loop
      vertex -168.638 10 -201.053
      vertex -167.554 -10 -212.059
      vertex -168.638 -10 -201.053
    endloop
  endfacet
  facet normal 0.995176 -0 0.0981061
    outer loop
      vertex -130.72 -10 -198.568
      vertex -129.879 10 -207.099
      vertex -130.72 10 -198.568
    endloop
  endfacet
  facet normal 0.995176 0 0.0981061
    outer loop
      vertex -129.879 10 -207.099
      vertex -130.72 -10 -198.568
      vertex -129.879 -10 -207.099
    endloop
  endfacet
  facet normal -0.999464 0 -0.0327337
    outer loop
      vertex -168.638 -10 -201.053
      vertex -169 10 -190
      vertex -168.638 10 -201.053
    endloop
  endfacet
  facet normal -0.999464 -0 -0.0327337
    outer loop
      vertex -169 10 -190
      vertex -168.638 -10 -201.053
      vertex -169 -10 -190
    endloop
  endfacet
  facet normal 0 -1 0
    outer loop
      vertex -89.4021 -10 -94.3449
      vertex -93.8914 -10 -49.4816
      vertex -102.881 -10 -55.9233
    endloop
  endfacet
  facet normal 0 -1 0
    outer loop
      vertex -89.4021 -10 -94.3449
      vertex -102.881 -10 -55.9233
      vertex -111.429 -10 -62.9391
    endloop
  endfacet
  facet normal 0 -1 0
    outer loop
      vertex -90.5 -10 -95
      vertex -111.429 -10 -62.9391
      vertex -119.501 -10 -70.499
    endloop
  endfacet
  facet normal 0 -1 0
    outer loop
      vertex -92.631 -10 -97.369
      vertex -119.501 -10 -70.499
      vertex -127.061 -10 -78.5706
    endloop
  endfacet
  facet normal 0 -1 0
    outer loop
      vertex -98.491 -10 -103.626
      vertex -127.061 -10 -78.5706
      vertex -134.077 -10 -87.1193
    endloop
  endfacet
  facet normal 0 -1 0
    outer loop
      vertex -111.429 -10 -62.9391
      vertex -90.5 -10 -95
      vertex -89.4021 -10 -94.3449
    endloop
  endfacet
  facet normal 0 -1 0
    outer loop
      vertex -93.8914 -10 -49.4816
      vertex -89.4021 -10 -94.3449
      vertex -89.4021 -10 -46.6901
    endloop
  endfacet
  facet normal 0 -1 0
    outer loop
      vertex -119.501 -10 -70.499
      vertex -92.631 -10 -97.369
      vertex -90.5 -10 -95
    endloop
  endfacet
  facet normal 0 -1 0
    outer loop
      vertex -103.929 -10 -110.252
      vertex -134.077 -10 -87.1193
      vertex -140.518 -10 -96.1086
    endloop
  endfacet
  facet normal 0 -1 -0
    outer loop
      vertex -90.5 -10 -95
      vertex -92.631 -10 -97.369
      vertex -90.5 -10 -95.3731
    endloop
  endfacet
  facet normal 0 -1 0
    outer loop
      vertex -127.061 -10 -78.5706
      vertex -98.491 -10 -103.626
      vertex -92.631 -10 -97.369
    endloop
  endfacet
  facet normal 0 -1 0
    outer loop
      vertex -108.923 -10 -117.22
      vertex -140.518 -10 -96.1086
      vertex -146.358 -10 -105.5
    endloop
  endfacet
  facet normal 0 -1 0
    outer loop
      vertex -134.077 -10 -87.1193
      vertex -103.929 -10 -110.252
      vertex -98.491 -10 -103.626
    endloop
  endfacet
  facet normal 0 -1 0
    outer loop
      vertex -113.449 -10 -124.5
      vertex -146.358 -10 -105.5
      vertex -151.571 -10 -115.253
    endloop
  endfacet
  facet normal 0 -1 0
    outer loop
      vertex -140.518 -10 -96.1086
      vertex -108.923 -10 -117.22
      vertex -103.929 -10 -110.252
    endloop
  endfacet
  facet normal 0 -1 0
    outer loop
      vertex -146.358 -10 -105.5
      vertex -113.449 -10 -124.5
      vertex -108.923 -10 -117.22
    endloop
  endfacet
  facet normal 0 -1 0
    outer loop
      vertex -117.49 -10 -132.06
      vertex -151.571 -10 -115.253
      vertex -156.136 -10 -125.326
    endloop
  endfacet
  facet normal 0 -1 0
    outer loop
      vertex -151.571 -10 -115.253
      vertex -117.49 -10 -132.06
      vertex -113.449 -10 -124.5
    endloop
  endfacet
  facet normal 0 -1 0
    outer loop
      vertex -121.028 -10 -139.868
      vertex -156.136 -10 -125.326
      vertex -160.031 -10 -135.677
    endloop
  endfacet
  facet normal 0 -1 0
    outer loop
      vertex -156.136 -10 -125.326
      vertex -121.028 -10 -139.868
      vertex -117.49 -10 -132.06
    endloop
  endfacet
  facet normal 0 -1 0
    outer loop
      vertex -124.048 -10 -147.891
      vertex -160.031 -10 -135.677
      vertex -163.241 -10 -146.26
    endloop
  endfacet
  facet normal 0 -1 0
    outer loop
      vertex -160.031 -10 -135.677
      vertex -124.048 -10 -147.891
      vertex -121.028 -10 -139.868
    endloop
  endfacet
  facet normal 0 -1 0
    outer loop
      vertex -163.241 -10 -146.26
      vertex -126.536 -10 -156.095
      vertex -124.048 -10 -147.891
    endloop
  endfacet
  facet normal 0 -1 0
    outer loop
      vertex -165.753 -10 -157.03
      vertex -126.536 -10 -156.095
      vertex -163.241 -10 -146.26
    endloop
  endfacet
  facet normal 0 -1 0
    outer loop
      vertex -165.753 -10 -157.03
      vertex -128.483 -10 -164.443
      vertex -126.536 -10 -156.095
    endloop
  endfacet
  facet normal 0 -1 0
    outer loop
      vertex -167.554 -10 -167.941
      vertex -128.483 -10 -164.443
      vertex -165.753 -10 -157.03
    endloop
  endfacet
  facet normal 0 -1 0
    outer loop
      vertex -167.554 -10 -167.941
      vertex -129.879 -10 -172.901
      vertex -128.483 -10 -164.443
    endloop
  endfacet
  facet normal 0 -1 0
    outer loop
      vertex -168.638 -10 -178.947
      vertex -129.879 -10 -172.901
      vertex -167.554 -10 -167.941
    endloop
  endfacet
  facet normal 0 -1 0
    outer loop
      vertex -168.638 -10 -178.947
      vertex -130.72 -10 -181.432
      vertex -129.879 -10 -172.901
    endloop
  endfacet
  facet normal 0 -1 0
    outer loop
      vertex -169 -10 -190
      vertex -130.72 -10 -181.432
      vertex -168.638 -10 -178.947
    endloop
  endfacet
  facet normal 0 -1 0
    outer loop
      vertex -169 -10 -190
      vertex -131 -10 -190
      vertex -130.72 -10 -181.432
    endloop
  endfacet
  facet normal 0 -1 0
    outer loop
      vertex -169 -10 -190
      vertex -130.72 -10 -198.568
      vertex -131 -10 -190
    endloop
  endfacet
  facet normal 0 -1 0
    outer loop
      vertex -168.638 -10 -201.053
      vertex -130.72 -10 -198.568
      vertex -169 -10 -190
    endloop
  endfacet
  facet normal 0 -1 0
    outer loop
      vertex -168.638 -10 -201.053
      vertex -129.879 -10 -207.099
      vertex -130.72 -10 -198.568
    endloop
  endfacet
  facet normal 0 -1 0
    outer loop
      vertex -167.554 -10 -212.059
      vertex -129.879 -10 -207.099
      vertex -168.638 -10 -201.053
    endloop
  endfacet
  facet normal 0 -1 0
    outer loop
      vertex -167.554 -10 -212.059
      vertex -128.483 -10 -215.557
      vertex -129.879 -10 -207.099
    endloop
  endfacet
  facet normal 0 -1 0
    outer loop
      vertex -165.753 -10 -222.97
      vertex -128.483 -10 -215.557
      vertex -167.554 -10 -212.059
    endloop
  endfacet
  facet normal 0 -1 0
    outer loop
      vertex -165.753 -10 -222.97
      vertex -126.536 -10 -223.905
      vertex -128.483 -10 -215.557
    endloop
  endfacet
  facet normal 0 -1 0
    outer loop
      vertex -163.241 -10 -233.74
      vertex -126.536 -10 -223.905
      vertex -165.753 -10 -222.97
    endloop
  endfacet
  facet normal 0 -1 -0
    outer loop
      vertex -126.536 -10 -223.905
      vertex -163.241 -10 -233.74
      vertex -124.048 -10 -232.109
    endloop
  endfacet
  facet normal 0 -1 0
    outer loop
      vertex -160.031 -10 -244.323
      vertex -124.048 -10 -232.109
      vertex -163.241 -10 -233.74
    endloop
  endfacet
  facet normal 0 -1 -0
    outer loop
      vertex -124.048 -10 -232.109
      vertex -160.031 -10 -244.323
      vertex -121.028 -10 -240.132
    endloop
  endfacet
  facet normal 0 -1 0
    outer loop
      vertex -156.136 -10 -254.673
      vertex -121.028 -10 -240.132
      vertex -160.031 -10 -244.323
    endloop
  endfacet
  facet normal 0 -1 -0
    outer loop
      vertex -121.028 -10 -240.132
      vertex -156.136 -10 -254.673
      vertex -117.49 -10 -247.94
    endloop
  endfacet
  facet normal 0 -1 0
    outer loop
      vertex -151.571 -10 -264.747
      vertex -117.49 -10 -247.94
      vertex -156.136 -10 -254.673
    endloop
  endfacet
  facet normal 0 -1 -0
    outer loop
      vertex -117.49 -10 -247.94
      vertex -151.571 -10 -264.747
      vertex -113.449 -10 -255.5
    endloop
  endfacet
  facet normal 0 -1 0
    outer loop
      vertex -146.358 -10 -274.5
      vertex -113.449 -10 -255.5
      vertex -151.571 -10 -264.747
    endloop
  endfacet
  facet normal 0 -1 -0
    outer loop
      vertex -113.449 -10 -255.5
      vertex -146.358 -10 -274.5
      vertex -108.923 -10 -262.78
    endloop
  endfacet
  facet normal 0 -1 0
    outer loop
      vertex -140.518 -10 -283.891
      vertex -108.923 -10 -262.78
      vertex -146.358 -10 -274.5
    endloop
  endfacet
  facet normal 0 -1 -0
    outer loop
      vertex -108.923 -10 -262.78
      vertex -140.518 -10 -283.891
      vertex -103.929 -10 -269.748
    endloop
  endfacet
  facet normal 0 -1 0
    outer loop
      vertex -134.077 -10 -292.881
      vertex -103.929 -10 -269.748
      vertex -140.518 -10 -283.891
    endloop
  endfacet
  facet normal 0 -1 -0
    outer loop
      vertex -103.929 -10 -269.748
      vertex -134.077 -10 -292.881
      vertex -98.491 -10 -276.374
    endloop
  endfacet
  facet normal 0 -1 0
    outer loop
      vertex -127.061 -10 -301.429
      vertex -98.491 -10 -276.374
      vertex -134.077 -10 -292.881
    endloop
  endfacet
  facet normal 0 -1 -0
    outer loop
      vertex -98.491 -10 -276.374
      vertex -127.061 -10 -301.429
      vertex -92.631 -10 -282.631
    endloop
  endfacet
  facet normal 0 -1 0
    outer loop
      vertex -119.501 -10 -309.501
      vertex -92.631 -10 -282.631
      vertex -127.061 -10 -301.429
    endloop
  endfacet
  facet normal 0 -1 -0
    outer loop
      vertex -92.631 -10 -282.631
      vertex -119.501 -10 -309.501
      vertex -86.3743 -10 -288.491
    endloop
  endfacet
  facet normal 0 -1 0
    outer loop
      vertex -111.429 -10 -317.061
      vertex -86.3743 -10 -288.491
      vertex -119.501 -10 -309.501
    endloop
  endfacet
  facet normal 0 -1 -0
    outer loop
      vertex -86.3743 -10 -288.491
      vertex -111.429 -10 -317.061
      vertex -79.7477 -10 -293.929
    endloop
  endfacet
  facet normal 0 -1 0
    outer loop
      vertex -102.881 -10 -324.077
      vertex -79.7477 -10 -293.929
      vertex -111.429 -10 -317.061
    endloop
  endfacet
  facet normal 0 -1 -0
    outer loop
      vertex -79.7477 -10 -293.929
      vertex -102.881 -10 -324.077
      vertex -72.7797 -10 -298.923
    endloop
  endfacet
  facet normal 0 -1 0
    outer loop
      vertex -93.8914 -10 -330.518
      vertex -72.7797 -10 -298.923
      vertex -102.881 -10 -324.077
    endloop
  endfacet
  facet normal 0 -1 -0
    outer loop
      vertex -72.7797 -10 -298.923
      vertex -93.8914 -10 -330.518
      vertex -65.5 -10 -303.449
    endloop
  endfacet
  facet normal 0 -1 0
    outer loop
      vertex -84.5 -10 -336.358
      vertex -65.5 -10 -303.449
      vertex -93.8914 -10 -330.518
    endloop
  endfacet
  facet normal 0 -1 -0
    outer loop
      vertex -65.5 -10 -303.449
      vertex -84.5 -10 -336.358
      vertex -57.9398 -10 -307.49
    endloop
  endfacet
  facet normal 0 -1 0
    outer loop
      vertex -74.7468 -10 -341.572
      vertex -57.9398 -10 -307.49
      vertex -84.5 -10 -336.358
    endloop
  endfacet
  facet normal 0 -1 -0
    outer loop
      vertex -57.9398 -10 -307.49
      vertex -74.7468 -10 -341.572
      vertex -50.1315 -10 -311.028
    endloop
  endfacet
  facet normal 0 -1 0
    outer loop
      vertex -64.6735 -10 -346.136
      vertex -50.1315 -10 -311.028
      vertex -74.7468 -10 -341.572
    endloop
  endfacet
  facet normal 0 -1 0
    outer loop
      vertex -54.3233 -10 -350.031
      vertex -42.1086 -10 -314.048
      vertex -64.6735 -10 -346.136
    endloop
  endfacet
  facet normal 0 -1 -0
    outer loop
      vertex -50.1315 -10 -311.028
      vertex -64.6735 -10 -346.136
      vertex -42.1086 -10 -314.048
    endloop
  endfacet
  facet normal 0 -1 0
    outer loop
      vertex -89.4021 -10 -94.3449
      vertex -90.5 -10 -95
      vertex -90.1016 -10 -95
    endloop
  endfacet
  facet normal 0 -1 0
    outer loop
      vertex 89.4021 -10 -94.3449
      vertex 93.8914 -10 -49.4816
      vertex 89.4021 -10 -46.6901
    endloop
  endfacet
  facet normal 0 -1 -0
    outer loop
      vertex 93.8914 -10 -49.4816
      vertex 89.4021 -10 -94.3449
      vertex 102.881 -10 -55.9233
    endloop
  endfacet
  facet normal 0 -1 -0
    outer loop
      vertex 102.881 -10 -55.9233
      vertex 89.4021 -10 -94.3449
      vertex 111.429 -10 -62.9391
    endloop
  endfacet
  facet normal 0 -1 -0
    outer loop
      vertex 111.429 -10 -62.9391
      vertex 89.4021 -10 -94.3449
      vertex 119.501 -10 -70.499
    endloop
  endfacet
  facet normal 0 -1 0
    outer loop
      vertex 92.631 -10 -97.369
      vertex 119.501 -10 -70.499
      vertex 89.4021 -10 -94.3449
    endloop
  endfacet
  facet normal 0 -1 -0
    outer loop
      vertex 119.501 -10 -70.499
      vertex 92.631 -10 -97.369
      vertex 127.061 -10 -78.5706
    endloop
  endfacet
  facet normal 0 -1 0
    outer loop
      vertex 98.491 -10 -103.626
      vertex 127.061 -10 -78.5706
      vertex 92.631 -10 -97.369
    endloop
  endfacet
  facet normal 0 -1 -0
    outer loop
      vertex 127.061 -10 -78.5706
      vertex 98.491 -10 -103.626
      vertex 134.077 -10 -87.1193
    endloop
  endfacet
  facet normal 0 -1 0
    outer loop
      vertex 103.929 -10 -110.252
      vertex 134.077 -10 -87.1193
      vertex 98.491 -10 -103.626
    endloop
  endfacet
  facet normal 0 -1 -0
    outer loop
      vertex 134.077 -10 -87.1193
      vertex 103.929 -10 -110.252
      vertex 140.518 -10 -96.1086
    endloop
  endfacet
  facet normal 0 -1 0
    outer loop
      vertex 108.923 -10 -117.22
      vertex 140.518 -10 -96.1086
      vertex 103.929 -10 -110.252
    endloop
  endfacet
  facet normal 0 -1 -0
    outer loop
      vertex 140.518 -10 -96.1086
      vertex 108.923 -10 -117.22
      vertex 146.358 -10 -105.5
    endloop
  endfacet
  facet normal 0 -1 0
    outer loop
      vertex 113.449 -10 -124.5
      vertex 146.358 -10 -105.5
      vertex 108.923 -10 -117.22
    endloop
  endfacet
  facet normal 0 -1 -0
    outer loop
      vertex 146.358 -10 -105.5
      vertex 113.449 -10 -124.5
      vertex 151.571 -10 -115.253
    endloop
  endfacet
  facet normal 0 -1 0
    outer loop
      vertex 117.49 -10 -132.06
      vertex 151.571 -10 -115.253
      vertex 113.449 -10 -124.5
    endloop
  endfacet
  facet normal 0 -1 -0
    outer loop
      vertex 151.571 -10 -115.253
      vertex 117.49 -10 -132.06
      vertex 156.136 -10 -125.326
    endloop
  endfacet
  facet normal 0 -1 0
    outer loop
      vertex 121.028 -10 -139.868
      vertex 156.136 -10 -125.326
      vertex 117.49 -10 -132.06
    endloop
  endfacet
  facet normal 0 -1 -0
    outer loop
      vertex 156.136 -10 -125.326
      vertex 121.028 -10 -139.868
      vertex 160.031 -10 -135.677
    endloop
  endfacet
  facet normal 0 -1 0
    outer loop
      vertex 124.048 -10 -147.891
      vertex 160.031 -10 -135.677
      vertex 121.028 -10 -139.868
    endloop
  endfacet
  facet normal 0 -1 -0
    outer loop
      vertex 160.031 -10 -135.677
      vertex 124.048 -10 -147.891
      vertex 163.241 -10 -146.26
    endloop
  endfacet
  facet normal 0 -1 0
    outer loop
      vertex 126.536 -10 -156.095
      vertex 163.241 -10 -146.26
      vertex 124.048 -10 -147.891
    endloop
  endfacet
  facet normal 0 -1 0
    outer loop
      vertex 126.536 -10 -156.095
      vertex 165.753 -10 -157.03
      vertex 163.241 -10 -146.26
    endloop
  endfacet
  facet normal 0 -1 0
    outer loop
      vertex 128.483 -10 -164.443
      vertex 165.753 -10 -157.03
      vertex 126.536 -10 -156.095
    endloop
  endfacet
  facet normal 0 -1 0
    outer loop
      vertex 128.483 -10 -164.443
      vertex 167.554 -10 -167.941
      vertex 165.753 -10 -157.03
    endloop
  endfacet
  facet normal 0 -1 0
    outer loop
      vertex 129.879 -10 -172.901
      vertex 167.554 -10 -167.941
      vertex 128.483 -10 -164.443
    endloop
  endfacet
  facet normal 0 -1 0
    outer loop
      vertex 129.879 -10 -172.901
      vertex 168.638 -10 -178.947
      vertex 167.554 -10 -167.941
    endloop
  endfacet
  facet normal 0 -1 0
    outer loop
      vertex 130.72 -10 -181.432
      vertex 168.638 -10 -178.947
      vertex 129.879 -10 -172.901
    endloop
  endfacet
  facet normal 0 -1 0
    outer loop
      vertex 131 -10 -190
      vertex 168.638 -10 -178.947
      vertex 130.72 -10 -181.432
    endloop
  endfacet
  facet normal 0 -1 0
    outer loop
      vertex 131 -10 -190
      vertex 169 -10 -190
      vertex 168.638 -10 -178.947
    endloop
  endfacet
  facet normal 0 -1 0
    outer loop
      vertex 130.72 -10 -198.568
      vertex 169 -10 -190
      vertex 131 -10 -190
    endloop
  endfacet
  facet normal 0 -1 0
    outer loop
      vertex 130.72 -10 -198.568
      vertex 168.638 -10 -201.053
      vertex 169 -10 -190
    endloop
  endfacet
  facet normal 0 -1 0
    outer loop
      vertex 129.879 -10 -207.099
      vertex 168.638 -10 -201.053
      vertex 130.72 -10 -198.568
    endloop
  endfacet
  facet normal 0 -1 0
    outer loop
      vertex 129.879 -10 -207.099
      vertex 167.554 -10 -212.059
      vertex 168.638 -10 -201.053
    endloop
  endfacet
  facet normal 0 -1 0
    outer loop
      vertex 128.483 -10 -215.557
      vertex 167.554 -10 -212.059
      vertex 129.879 -10 -207.099
    endloop
  endfacet
  facet normal 0 -1 0
    outer loop
      vertex 128.483 -10 -215.557
      vertex 165.753 -10 -222.97
      vertex 167.554 -10 -212.059
    endloop
  endfacet
  facet normal 0 -1 0
    outer loop
      vertex 126.536 -10 -223.905
      vertex 165.753 -10 -222.97
      vertex 128.483 -10 -215.557
    endloop
  endfacet
  facet normal 0 -1 0
    outer loop
      vertex 163.241 -10 -233.74
      vertex 126.536 -10 -223.905
      vertex 124.048 -10 -232.109
    endloop
  endfacet
  facet normal 0 -1 0
    outer loop
      vertex 126.536 -10 -223.905
      vertex 163.241 -10 -233.74
      vertex 165.753 -10 -222.97
    endloop
  endfacet
  facet normal 0 -1 0
    outer loop
      vertex 160.031 -10 -244.323
      vertex 124.048 -10 -232.109
      vertex 121.028 -10 -240.132
    endloop
  endfacet
  facet normal 0 -1 0
    outer loop
      vertex 124.048 -10 -232.109
      vertex 160.031 -10 -244.323
      vertex 163.241 -10 -233.74
    endloop
  endfacet
  facet normal 0 -1 0
    outer loop
      vertex 156.136 -10 -254.673
      vertex 121.028 -10 -240.132
      vertex 117.49 -10 -247.94
    endloop
  endfacet
  facet normal 0 -1 0
    outer loop
      vertex 121.028 -10 -240.132
      vertex 156.136 -10 -254.673
      vertex 160.031 -10 -244.323
    endloop
  endfacet
  facet normal 0 -1 0
    outer loop
      vertex 151.571 -10 -264.747
      vertex 117.49 -10 -247.94
      vertex 113.449 -10 -255.5
    endloop
  endfacet
  facet normal 0 -1 0
    outer loop
      vertex 146.358 -10 -274.5
      vertex 113.449 -10 -255.5
      vertex 108.923 -10 -262.78
    endloop
  endfacet
  facet normal 0 -1 0
    outer loop
      vertex 117.49 -10 -247.94
      vertex 151.571 -10 -264.747
      vertex 156.136 -10 -254.673
    endloop
  endfacet
  facet normal 0 -1 0
    outer loop
      vertex 140.518 -10 -283.891
      vertex 108.923 -10 -262.78
      vertex 103.929 -10 -269.748
    endloop
  endfacet
  facet normal 0 -1 0
    outer loop
      vertex 113.449 -10 -255.5
      vertex 146.358 -10 -274.5
      vertex 151.571 -10 -264.747
    endloop
  endfacet
  facet normal 0 -1 0
    outer loop
      vertex 134.077 -10 -292.881
      vertex 103.929 -10 -269.748
      vertex 98.491 -10 -276.374
    endloop
  endfacet
  facet normal 0 -1 0
    outer loop
      vertex 127.061 -10 -301.429
      vertex 98.491 -10 -276.374
      vertex 92.631 -10 -282.631
    endloop
  endfacet
  facet normal 0 -1 0
    outer loop
      vertex 108.923 -10 -262.78
      vertex 140.518 -10 -283.891
      vertex 146.358 -10 -274.5
    endloop
  endfacet
  facet normal 0 -1 0
    outer loop
      vertex 119.501 -10 -309.501
      vertex 92.631 -10 -282.631
      vertex 86.3743 -10 -288.491
    endloop
  endfacet
  facet normal 0 -1 0
    outer loop
      vertex 103.929 -10 -269.748
      vertex 134.077 -10 -292.881
      vertex 140.518 -10 -283.891
    endloop
  endfacet
  facet normal 0 -1 0
    outer loop
      vertex 111.429 -10 -317.061
      vertex 86.3743 -10 -288.491
      vertex 79.7477 -10 -293.929
    endloop
  endfacet
  facet normal 0 -1 0
    outer loop
      vertex 102.881 -10 -324.077
      vertex 79.7477 -10 -293.929
      vertex 72.7797 -10 -298.923
    endloop
  endfacet
  facet normal 0 -1 0
    outer loop
      vertex 98.491 -10 -276.374
      vertex 127.061 -10 -301.429
      vertex 134.077 -10 -292.881
    endloop
  endfacet
  facet normal 0 -1 0
    outer loop
      vertex 93.8914 -10 -330.518
      vertex 72.7797 -10 -298.923
      vertex 65.5 -10 -303.449
    endloop
  endfacet
  facet normal 0 -1 0
    outer loop
      vertex 84.5 -10 -336.358
      vertex 65.5 -10 -303.449
      vertex 57.9398 -10 -307.49
    endloop
  endfacet
  facet normal 0 -1 0
    outer loop
      vertex 92.631 -10 -282.631
      vertex 119.501 -10 -309.501
      vertex 127.061 -10 -301.429
    endloop
  endfacet
  facet normal 0 -1 0
    outer loop
      vertex 74.7468 -10 -341.572
      vertex 57.9398 -10 -307.49
      vertex 50.1315 -10 -311.028
    endloop
  endfacet
  facet normal 0 -1 0
    outer loop
      vertex 64.6735 -10 -346.136
      vertex 50.1315 -10 -311.028
      vertex 42.1086 -10 -314.048
    endloop
  endfacet
  facet normal 0 -1 0
    outer loop
      vertex 54.3233 -10 -350.031
      vertex 42.1086 -10 -314.048
      vertex 33.9053 -10 -316.536
    endloop
  endfacet
  facet normal 0 -1 0
    outer loop
      vertex 86.3743 -10 -288.491
      vertex 111.429 -10 -317.061
      vertex 119.501 -10 -309.501
    endloop
  endfacet
  facet normal 0 -1 0
    outer loop
      vertex 43.7404 -10 -353.241
      vertex 33.9053 -10 -316.536
      vertex 25.5568 -10 -318.483
    endloop
  endfacet
  facet normal 0 -1 0
    outer loop
      vertex 32.9703 -10 -355.753
      vertex 25.5568 -10 -318.483
      vertex 17.0989 -10 -319.879
    endloop
  endfacet
  facet normal 0 -1 0
    outer loop
      vertex 22.0589 -10 -357.554
      vertex 17.0989 -10 -319.879
      vertex 8.56781 -10 -320.72
    endloop
  endfacet
  facet normal 0 -1 0
    outer loop
      vertex 79.7477 -10 -293.929
      vertex 102.881 -10 -324.077
      vertex 111.429 -10 -317.061
    endloop
  endfacet
  facet normal 0 -1 0
    outer loop
      vertex 11.0531 -10 -358.638
      vertex 8.56781 -10 -320.72
      vertex 0 -10 -321
    endloop
  endfacet
  facet normal 0 -1 -0
    outer loop
      vertex -42.1086 -10 -314.048
      vertex -54.3233 -10 -350.031
      vertex -33.9053 -10 -316.536
    endloop
  endfacet
  facet normal 0 -1 0
    outer loop
      vertex -43.7404 -10 -353.241
      vertex -33.9053 -10 -316.536
      vertex -54.3233 -10 -350.031
    endloop
  endfacet
  facet normal 0 -1 0
    outer loop
      vertex 72.7797 -10 -298.923
      vertex 93.8914 -10 -330.518
      vertex 102.881 -10 -324.077
    endloop
  endfacet
  facet normal 0 -1 -0
    outer loop
      vertex -33.9053 -10 -316.536
      vertex -43.7404 -10 -353.241
      vertex -25.5568 -10 -318.483
    endloop
  endfacet
  facet normal 0 -1 0
    outer loop
      vertex 65.5 -10 -303.449
      vertex 84.5 -10 -336.358
      vertex 93.8914 -10 -330.518
    endloop
  endfacet
  facet normal 0 -1 0
    outer loop
      vertex -32.9703 -10 -355.753
      vertex -25.5568 -10 -318.483
      vertex -43.7404 -10 -353.241
    endloop
  endfacet
  facet normal 0 -1 0
    outer loop
      vertex 57.9398 -10 -307.49
      vertex 74.7468 -10 -341.572
      vertex 84.5 -10 -336.358
    endloop
  endfacet
  facet normal 0 -1 -0
    outer loop
      vertex -25.5568 -10 -318.483
      vertex -32.9703 -10 -355.753
      vertex -17.0989 -10 -319.879
    endloop
  endfacet
  facet normal 0 -1 0
    outer loop
      vertex 50.1315 -10 -311.028
      vertex 64.6735 -10 -346.136
      vertex 74.7468 -10 -341.572
    endloop
  endfacet
  facet normal 0 -1 0
    outer loop
      vertex -22.0589 -10 -357.554
      vertex -17.0989 -10 -319.879
      vertex -32.9703 -10 -355.753
    endloop
  endfacet
  facet normal 0 -1 0
    outer loop
      vertex 42.1086 -10 -314.048
      vertex 54.3233 -10 -350.031
      vertex 64.6735 -10 -346.136
    endloop
  endfacet
  facet normal 0 -1 -0
    outer loop
      vertex -17.0989 -10 -319.879
      vertex -22.0589 -10 -357.554
      vertex -8.56781 -10 -320.72
    endloop
  endfacet
  facet normal 0 -1 0
    outer loop
      vertex 33.9053 -10 -316.536
      vertex 43.7404 -10 -353.241
      vertex 54.3233 -10 -350.031
    endloop
  endfacet
  facet normal 0 -1 0
    outer loop
      vertex -11.0531 -10 -358.638
      vertex -8.56781 -10 -320.72
      vertex -22.0589 -10 -357.554
    endloop
  endfacet
  facet normal 0 -1 0
    outer loop
      vertex 25.5568 -10 -318.483
      vertex 32.9703 -10 -355.753
      vertex 43.7404 -10 -353.241
    endloop
  endfacet
  facet normal 0 -1 -0
    outer loop
      vertex -8.56781 -10 -320.72
      vertex -11.0531 -10 -358.638
      vertex 0 -10 -321
    endloop
  endfacet
  facet normal 0 -1 0
    outer loop
      vertex 17.0989 -10 -319.879
      vertex 22.0589 -10 -357.554
      vertex 32.9703 -10 -355.753
    endloop
  endfacet
  facet normal 0 -1 0
    outer loop
      vertex 0 -10 -359
      vertex 0 -10 -321
      vertex -11.0531 -10 -358.638
    endloop
  endfacet
  facet normal 0 -1 0
    outer loop
      vertex 8.56781 -10 -320.72
      vertex 11.0531 -10 -358.638
      vertex 22.0589 -10 -357.554
    endloop
  endfacet
  facet normal 0 -1 0
    outer loop
      vertex 0 -10 -321
      vertex 0 -10 -359
      vertex 11.0531 -10 -358.638
    endloop
  endfacet
  facet normal 0 -1 0
    outer loop
      vertex -55 -10 -56
      vertex -64.6735 -10 -33.8644
      vertex -74.7468 -10 -38.4285
    endloop
  endfacet
  facet normal 0 -1 0
    outer loop
      vertex -55 -10 -56
      vertex -74.7468 -10 -38.4285
      vertex -84.3806 -10 -43.5779
    endloop
  endfacet
  facet normal 0 -1 0
    outer loop
      vertex -64.6735 -10 -33.8644
      vertex -55 -10 -56
      vertex -55 -10 -30.2235
    endloop
  endfacet
  facet normal 0 -1 0
    outer loop
      vertex -33.9053 -10 -63.4637
      vertex -27 -10 -56
      vertex -55 -10 -56
    endloop
  endfacet
  facet normal 0 -1 0
    outer loop
      vertex -27 -10 -56
      vertex -25.5568 -10 -61.5171
      vertex -21 -10 -60.7648
    endloop
  endfacet
  facet normal 0 -1 -0
    outer loop
      vertex -27 -10 -56
      vertex -33.9053 -10 -63.4637
      vertex -25.5568 -10 -61.5171
    endloop
  endfacet
  facet normal 0 -1 0
    outer loop
      vertex -55 -10 -56
      vertex -42.1086 -10 -65.9521
      vertex -33.9053 -10 -63.4637
    endloop
  endfacet
  facet normal 0 -1 0
    outer loop
      vertex -65.5 -10 -76.5507
      vertex -55 -10 -56
      vertex -84.3806 -10 -43.5779
    endloop
  endfacet
  facet normal -0 -1 0
    outer loop
      vertex -50.1315 -10 -68.9718
      vertex -55 -10 -56
      vertex -55 -10 -69
    endloop
  endfacet
  facet normal 0 -1 0
    outer loop
      vertex -55 -10 -56
      vertex -50.1315 -10 -68.9718
      vertex -42.1086 -10 -65.9521
    endloop
  endfacet
  facet normal -0 -1 0
    outer loop
      vertex -57.9398 -10 -72.5097
      vertex -55 -10 -56
      vertex -65.5 -10 -76.5507
    endloop
  endfacet
  facet normal 0 -1 -0
    outer loop
      vertex -55 -10 -69
      vertex -57.9398 -10 -72.5097
      vertex -55 -10 -71.1777
    endloop
  endfacet
  facet normal 0 -1 -0
    outer loop
      vertex -55 -10 -56
      vertex -57.9398 -10 -72.5097
      vertex -55 -10 -69
    endloop
  endfacet
  facet normal 0 -1 0
    outer loop
      vertex -84.3806 -10 -43.5779
      vertex -83.3763 -10 -78.5
      vertex -65.5 -10 -76.5507
    endloop
  endfacet
  facet normal 0 -1 0
    outer loop
      vertex -84.3806 -10 -89.8728
      vertex -83.3763 -10 -78.5
      vertex -84.3806 -10 -43.5779
    endloop
  endfacet
  facet normal 0 -1 0
    outer loop
      vertex -83.3763 -10 -81.5
      vertex -79.7477 -10 -86.0707
      vertex -73.3693 -10 -81.5
    endloop
  endfacet
  facet normal 0 -1 -0
    outer loop
      vertex -83.3763 -10 -81.5
      vertex -84.3806 -10 -89.8728
      vertex -79.7477 -10 -86.0707
    endloop
  endfacet
  facet normal 0 -1 -0
    outer loop
      vertex -83.3763 -10 -78.5
      vertex -84.3806 -10 -89.8728
      vertex -83.3763 -10 -81.5
    endloop
  endfacet
  facet normal 0 -1 0
    outer loop
      vertex -27 -10 -56
      vertex -22.0589 -10 -22.4458
      vertex -27 -10 -23.2616
    endloop
  endfacet
  facet normal 0 -1 -0
    outer loop
      vertex -22.0589 -10 -22.4458
      vertex -27 -10 -56
      vertex -21 -10 -22.3415
    endloop
  endfacet
  facet normal 0 -1 -0
    outer loop
      vertex -21 -10 -22.3415
      vertex -27 -10 -56
      vertex -21 -10 -60.7648
    endloop
  endfacet
  facet normal 0 -1 0
    outer loop
      vertex -50.1315 -10 -68.9718
      vertex -55 -10 -69
      vertex -50.1938 -10 -69
    endloop
  endfacet
  facet normal 0 -1 0
    outer loop
      vertex -65.5 -10 -76.5507
      vertex -83.3763 -10 -78.5
      vertex -68.6348 -10 -78.5
    endloop
  endfacet
  facet normal 0 -1 0
    outer loop
      vertex 73.3693 -10 -81.5
      vertex 79.7477 -10 -86.0707
      vertex 83.3763 -10 -81.5
    endloop
  endfacet
  facet normal 0 -1 0
    outer loop
      vertex 27 -10 -56
      vertex 22.0589 -10 -22.4458
      vertex 21 -10 -22.3415
    endloop
  endfacet
  facet normal 0 -1 0
    outer loop
      vertex 22.0589 -10 -22.4458
      vertex 27 -10 -56
      vertex 27 -10 -23.2616
    endloop
  endfacet
  facet normal 0 -1 0
    outer loop
      vertex 25.5568 -10 -61.5171
      vertex 27 -10 -56
      vertex 21 -10 -60.7648
    endloop
  endfacet
  facet normal 0 -1 0
    outer loop
      vertex 21 -10 -60.7648
      vertex 27 -10 -56
      vertex 21 -10 -22.3415
    endloop
  endfacet
  facet normal 0 -1 0
    outer loop
      vertex 55 -10 -56
      vertex 64.6735 -10 -33.8644
      vertex 55 -10 -30.2235
    endloop
  endfacet
  facet normal 0 -1 -0
    outer loop
      vertex 64.6735 -10 -33.8644
      vertex 55 -10 -56
      vertex 74.7468 -10 -38.4285
    endloop
  endfacet
  facet normal 0 -1 -0
    outer loop
      vertex 74.7468 -10 -38.4285
      vertex 55 -10 -56
      vertex 84.3806 -10 -43.5779
    endloop
  endfacet
  facet normal 0 -1 0
    outer loop
      vertex 33.9053 -10 -63.4637
      vertex 27 -10 -56
      vertex 25.5568 -10 -61.5171
    endloop
  endfacet
  facet normal 0 -1 0
    outer loop
      vertex 27 -10 -56
      vertex 33.9053 -10 -63.4637
      vertex 55 -10 -56
    endloop
  endfacet
  facet normal 0 -1 0
    outer loop
      vertex 42.1086 -10 -65.9521
      vertex 55 -10 -56
      vertex 33.9053 -10 -63.4637
    endloop
  endfacet
  facet normal 0 -1 0
    outer loop
      vertex 50.1315 -10 -68.9718
      vertex 55 -10 -56
      vertex 42.1086 -10 -65.9521
    endloop
  endfacet
  facet normal 0 -1 -0
    outer loop
      vertex 55 -10 -56
      vertex 50.1315 -10 -68.9718
      vertex 55 -10 -69
    endloop
  endfacet
  facet normal 0 -1 0
    outer loop
      vertex 55 -10 -69
      vertex 50.1315 -10 -68.9718
      vertex 50.1938 -10 -69
    endloop
  endfacet
  facet normal 0 -1 0
    outer loop
      vertex 57.9398 -10 -72.5097
      vertex 55 -10 -56
      vertex 55 -10 -69
    endloop
  endfacet
  facet normal 0 -1 0
    outer loop
      vertex 57.9398 -10 -72.5097
      vertex 55 -10 -69
      vertex 55 -10 -71.1777
    endloop
  endfacet
  facet normal 0 -1 0
    outer loop
      vertex 55 -10 -56
      vertex 57.9398 -10 -72.5097
      vertex 65.5 -10 -76.5507
    endloop
  endfacet
  facet normal 0 -1 0
    outer loop
      vertex 55 -10 -56
      vertex 65.5 -10 -76.5507
      vertex 84.3806 -10 -43.5779
    endloop
  endfacet
  facet normal 0 -1 0
    outer loop
      vertex 83.3763 -10 -78.5
      vertex 65.5 -10 -76.5507
      vertex 68.6348 -10 -78.5
    endloop
  endfacet
  facet normal 0 -1 0
    outer loop
      vertex 65.5 -10 -76.5507
      vertex 83.3763 -10 -78.5
      vertex 84.3806 -10 -43.5779
    endloop
  endfacet
  facet normal 0 -1 0
    outer loop
      vertex 84.3806 -10 -89.8728
      vertex 83.3763 -10 -78.5
      vertex 83.3763 -10 -81.5
    endloop
  endfacet
  facet normal 0 -1 0
    outer loop
      vertex 83.3763 -10 -78.5
      vertex 84.3806 -10 -89.8728
      vertex 84.3806 -10 -43.5779
    endloop
  endfacet
  facet normal 0 -1 0
    outer loop
      vertex 84.3806 -10 -89.8728
      vertex 83.3763 -10 -81.5
      vertex 79.7477 -10 -86.0707
    endloop
  endfacet
  facet normal 0.999466 -0 0.0326623
    outer loop
      vertex -131 -10 -190
      vertex -130.72 10 -198.568
      vertex -131 10 -190
    endloop
  endfacet
  facet normal 0.999466 0 0.0326623
    outer loop
      vertex -130.72 10 -198.568
      vertex -131 -10 -190
      vertex -130.72 -10 -198.568
    endloop
  endfacet
  facet normal 1 0 0
    outer loop
      vertex 17.5 56 120
      vertex 17.5 41.4481 81.5
      vertex 17.5 56 81.5
    endloop
  endfacet
  facet normal 1 -0 0
    outer loop
      vertex 17.5 26 120
      vertex 17.5 41.4481 81.5
      vertex 17.5 56 120
    endloop
  endfacet
  facet normal 1 0 0
    outer loop
      vertex 17.5 26 80
      vertex 17.5 41.4481 81.5
      vertex 17.5 26 120
    endloop
  endfacet
  facet normal 1 0 0
    outer loop
      vertex 17.5 41.4481 81.5
      vertex 17.5 26 80
      vertex 17.5 41.4481 80
    endloop
  endfacet
  facet normal -0 0 1
    outer loop
      vertex -17.5 56 120
      vertex 17.5 26 120
      vertex 17.5 56 120
    endloop
  endfacet
  facet normal 0 0 1
    outer loop
      vertex 17.5 26 120
      vertex -17.5 56 120
      vertex -17.5 26 120
    endloop
  endfacet
  facet normal 0 0 -1
    outer loop
      vertex 17.5 26 80
      vertex 17.2208 41.5746 80
      vertex 17.5 41.4481 80
    endloop
  endfacet
  facet normal 0 0 -1
    outer loop
      vertex 17.5 26 80
      vertex 14.4648 42.6119 80
      vertex 17.2208 41.5746 80
    endloop
  endfacet
  facet normal 0 0 -1
    outer loop
      vertex 17.5 26 80
      vertex 11.6469 43.4667 80
      vertex 14.4648 42.6119 80
    endloop
  endfacet
  facet normal 0 0 -1
    outer loop
      vertex 17.5 26 80
      vertex 8.77906 44.1353 80
      vertex 11.6469 43.4667 80
    endloop
  endfacet
  facet normal 0 0 -1
    outer loop
      vertex 17.5 26 80
      vertex 5.87368 44.615 80
      vertex 8.77906 44.1353 80
    endloop
  endfacet
  facet normal 0 0 -1
    outer loop
      vertex 17.5 26 80
      vertex 2.94314 44.9037 80
      vertex 5.87368 44.615 80
    endloop
  endfacet
  facet normal 0 0 -1
    outer loop
      vertex 17.5 26 80
      vertex 0 45 80
      vertex 2.94314 44.9037 80
    endloop
  endfacet
  facet normal 0 0 -1
    outer loop
      vertex -17.5 26 80
      vertex 0 45 80
      vertex 17.5 26 80
    endloop
  endfacet
  facet normal 0 0 -1
    outer loop
      vertex 0 45 80
      vertex -17.5 26 80
      vertex -2.94314 44.9037 80
    endloop
  endfacet
  facet normal 0 0 -1
    outer loop
      vertex -2.94314 44.9037 80
      vertex -17.5 26 80
      vertex -5.87368 44.615 80
    endloop
  endfacet
  facet normal 0 0 -1
    outer loop
      vertex -5.87368 44.615 80
      vertex -17.5 26 80
      vertex -8.77906 44.1353 80
    endloop
  endfacet
  facet normal 0 0 -1
    outer loop
      vertex -8.77906 44.1353 80
      vertex -17.5 26 80
      vertex -11.6469 43.4667 80
    endloop
  endfacet
  facet normal 0 0 -1
    outer loop
      vertex -11.6469 43.4667 80
      vertex -17.5 26 80
      vertex -14.4648 42.6119 80
    endloop
  endfacet
  facet normal 0 0 -1
    outer loop
      vertex -14.4648 42.6119 80
      vertex -17.5 26 80
      vertex -17.2208 41.5746 80
    endloop
  endfacet
  facet normal 0 0 -1
    outer loop
      vertex -17.2208 41.5746 80
      vertex -17.5 26 80
      vertex -17.5 41.4481 80
    endloop
  endfacet
  facet normal -1 0 0
    outer loop
      vertex -17.5 41.4481 80
      vertex -17.5 26 80
      vertex -17.5 41.4481 81.5
    endloop
  endfacet
  facet normal -1 0 0
    outer loop
      vertex -17.5 41.4481 81.5
      vertex -17.5 56 120
      vertex -17.5 56 81.5
    endloop
  endfacet
  facet normal -1 0 0
    outer loop
      vertex -17.5 26 120
      vertex -17.5 41.4481 81.5
      vertex -17.5 26 80
    endloop
  endfacet
  facet normal -1 0 0
    outer loop
      vertex -17.5 41.4481 81.5
      vertex -17.5 26 120
      vertex -17.5 56 120
    endloop
  endfacet
  facet normal 0 1 -0
    outer loop
      vertex 17.5 56 81.5
      vertex -17.5 56 120
      vertex 17.5 56 120
    endloop
  endfacet
  facet normal 0 1 0
    outer loop
      vertex -17.5 56 120
      vertex 17.5 56 81.5
      vertex -17.5 56 81.5
    endloop
  endfacet
  facet normal 0 -1 0
    outer loop
      vertex -17.5 26 80
      vertex 17.5 26 120
      vertex -17.5 26 120
    endloop
  endfacet
  facet normal 0 -1 -0
    outer loop
      vertex 17.5 26 120
      vertex -17.5 26 80
      vertex 17.5 26 80
    endloop
  endfacet
  facet normal 1 0 0
    outer loop
      vertex 17.5 -26 -60
      vertex 17.5 -41.4481 -78.5
      vertex 17.5 -26 -100
    endloop
  endfacet
  facet normal 1 -0 0
    outer loop
      vertex 17.5 -56 -60
      vertex 17.5 -41.4481 -78.5
      vertex 17.5 -26 -60
    endloop
  endfacet
  facet normal 1 0 0
    outer loop
      vertex 17.5 -41.4481 -78.5
      vertex 17.5 -56 -60
      vertex 17.5 -56 -78.5
    endloop
  endfacet
  facet normal 1 -0 0
    outer loop
      vertex 17.5 -41.4481 -81.5
      vertex 17.5 -26 -100
      vertex 17.5 -41.4481 -78.5
    endloop
  endfacet
  facet normal 1 0 0
    outer loop
      vertex 17.5 -56 -100
      vertex 17.5 -41.4481 -81.5
      vertex 17.5 -56 -81.5
    endloop
  endfacet
  facet normal 1 0 0
    outer loop
      vertex 17.5 -41.4481 -81.5
      vertex 17.5 -56 -100
      vertex 17.5 -26 -100
    endloop
  endfacet
  facet normal -0 0 1
    outer loop
      vertex -17.5 -26 -60
      vertex 17.5 -56 -60
      vertex 17.5 -26 -60
    endloop
  endfacet
  facet normal 0 0 1
    outer loop
      vertex 17.5 -56 -60
      vertex -17.5 -26 -60
      vertex -17.5 -56 -60
    endloop
  endfacet
  facet normal 0 0 -1
    outer loop
      vertex -17.5 -56 -100
      vertex 17.5 -26 -100
      vertex 17.5 -56 -100
    endloop
  endfacet
  facet normal -0 0 -1
    outer loop
      vertex 17.5 -26 -100
      vertex -17.5 -56 -100
      vertex -17.5 -26 -100
    endloop
  endfacet
  facet normal -1 0 0
    outer loop
      vertex -17.5 -26 -100
      vertex -17.5 -41.4481 -81.5
      vertex -17.5 -26 -60
    endloop
  endfacet
  facet normal -1 0 0
    outer loop
      vertex -17.5 -56 -100
      vertex -17.5 -41.4481 -81.5
      vertex -17.5 -26 -100
    endloop
  endfacet
  facet normal -1 -0 0
    outer loop
      vertex -17.5 -41.4481 -81.5
      vertex -17.5 -56 -100
      vertex -17.5 -56 -81.5
    endloop
  endfacet
  facet normal -1 0 0
    outer loop
      vertex -17.5 -41.4481 -78.5
      vertex -17.5 -26 -60
      vertex -17.5 -41.4481 -81.5
    endloop
  endfacet
  facet normal -1 0 0
    outer loop
      vertex -17.5 -56 -60
      vertex -17.5 -41.4481 -78.5
      vertex -17.5 -56 -78.5
    endloop
  endfacet
  facet normal -1 0 0
    outer loop
      vertex -17.5 -41.4481 -78.5
      vertex -17.5 -56 -60
      vertex -17.5 -26 -60
    endloop
  endfacet
  facet normal 0 1 -0
    outer loop
      vertex 17.5 -26 -100
      vertex -17.5 -26 -60
      vertex 17.5 -26 -60
    endloop
  endfacet
  facet normal 0 1 0
    outer loop
      vertex -17.5 -26 -60
      vertex 17.5 -26 -100
      vertex -17.5 -26 -100
    endloop
  endfacet
  facet normal 0 -1 0
    outer loop
      vertex -17.5 -56 -78.5
      vertex 17.5 -56 -60
      vertex -17.5 -56 -60
    endloop
  endfacet
  facet normal 0 -1 -0
    outer loop
      vertex 17.5 -56 -60
      vertex -17.5 -56 -78.5
      vertex 17.5 -56 -78.5
    endloop
  endfacet
  facet normal 0 -1 0
    outer loop
      vertex -17.5 -56 -100
      vertex 17.5 -56 -81.5
      vertex -17.5 -56 -81.5
    endloop
  endfacet
  facet normal 0 -1 -0
    outer loop
      vertex 17.5 -56 -81.5
      vertex -17.5 -56 -100
      vertex 17.5 -56 -100
    endloop
  endfacet
  facet normal 0 0 -1
    outer loop
      vertex 90.5 -15 95
      vertex 90 0 95
      vertex 90.5 15 95
    endloop
  endfacet
  facet normal 0 0 -1
    outer loop
      vertex 90.5 -15 95
      vertex 89.8073 -5.88628 95
      vertex 90 0 95
    endloop
  endfacet
  facet normal 0 0 -1
    outer loop
      vertex 89.5 -9.00637 95
      vertex 90.5 -15 95
      vertex 89.5 -15 95
    endloop
  endfacet
  facet normal 0 0 -1
    outer loop
      vertex 90.5 -15 95
      vertex 89.5 -9.00637 95
      vertex 89.8073 -5.88628 95
    endloop
  endfacet
  facet normal 0 0 -1
    outer loop
      vertex 89.8073 5.88628 95
      vertex 90.5 15 95
      vertex 90 0 95
    endloop
  endfacet
  facet normal 0 0 -1
    outer loop
      vertex 89.5 9.00637 95
      vertex 90.5 15 95
      vertex 89.8073 5.88628 95
    endloop
  endfacet
  facet normal -0 0 -1
    outer loop
      vertex 90.5 15 95
      vertex 89.5 9.00637 95
      vertex 89.5 15 95
    endloop
  endfacet
  facet normal 1 0 0
    outer loop
      vertex 90.5 15 185
      vertex 90.5 3.5 109.756
      vertex 90.5 15 95
    endloop
  endfacet
  facet normal 1 0 0
    outer loop
      vertex 90.5 15 185
      vertex 90.5 -3.5 109.756
      vertex 90.5 3.5 109.756
    endloop
  endfacet
  facet normal 1 0 0
    outer loop
      vertex 90.5 -15 95
      vertex 90.5 -3.5 109.756
      vertex 90.5 -15 185
    endloop
  endfacet
  facet normal 1 -0 0
    outer loop
      vertex 90.5 -15 185
      vertex 90.5 -3.5 109.756
      vertex 90.5 15 185
    endloop
  endfacet
  facet normal 1 -0 0
    outer loop
      vertex 90.5 3.5 106.525
      vertex 90.5 15 95
      vertex 90.5 3.5 109.756
    endloop
  endfacet
  facet normal 1 -0 0
    outer loop
      vertex 90.5 -3.5 106.525
      vertex 90.5 15 95
      vertex 90.5 3.5 106.525
    endloop
  endfacet
  facet normal 1 0 0
    outer loop
      vertex 90.5 -3.5 106.525
      vertex 90.5 -15 95
      vertex 90.5 15 95
    endloop
  endfacet
  facet normal 1 0 0
    outer loop
      vertex 90.5 -3.5 109.756
      vertex 90.5 -15 95
      vertex 90.5 -3.5 106.525
    endloop
  endfacet
  facet normal -1 0 0
    outer loop
      vertex 89.5 -9.00637 95
      vertex 89.5 -15 95
      vertex 89.5 -9.00637 120
    endloop
  endfacet
  facet normal -1 0 0
    outer loop
      vertex 89.5 9.00637 120
      vertex 89.5 15 95
      vertex 89.5 9.00637 95
    endloop
  endfacet
  facet normal -1 0 0
    outer loop
      vertex 89.5 15 95
      vertex 89.5 9.00637 120
      vertex 89.5 15 185
    endloop
  endfacet
  facet normal -1 0 0
    outer loop
      vertex 89.5 -9.00637 120
      vertex 89.5 15 185
      vertex 89.5 9.00637 120
    endloop
  endfacet
  facet normal -1 0 0
    outer loop
      vertex 89.5 -9.00637 120
      vertex 89.5 -15 185
      vertex 89.5 15 185
    endloop
  endfacet
  facet normal -1 0 0
    outer loop
      vertex 89.5 -15 185
      vertex 89.5 -9.00637 120
      vertex 89.5 -15 95
    endloop
  endfacet
  facet normal -0 0 1
    outer loop
      vertex 89.5 15 185
      vertex 90.5 -15 185
      vertex 90.5 15 185
    endloop
  endfacet
  facet normal 0 0 1
    outer loop
      vertex 90.5 -15 185
      vertex 89.5 15 185
      vertex 89.5 -15 185
    endloop
  endfacet
  facet normal 0 -1 0
    outer loop
      vertex 89.5 -15 95
      vertex 90.5 -15 185
      vertex 89.5 -15 185
    endloop
  endfacet
  facet normal 0 -1 -0
    outer loop
      vertex 90.5 -15 185
      vertex 89.5 -15 95
      vertex 90.5 -15 95
    endloop
  endfacet
  facet normal 0 1 -0
    outer loop
      vertex 90.5 15 95
      vertex 89.5 15 185
      vertex 90.5 15 185
    endloop
  endfacet
  facet normal 0 1 0
    outer loop
      vertex 89.5 15 185
      vertex 90.5 15 95
      vertex 89.5 15 95
    endloop
  endfacet
  facet normal 0 0 -1
    outer loop
      vertex -90.5 -15 -185
      vertex -89.5 15 -185
      vertex -89.5 -15 -185
    endloop
  endfacet
  facet normal -0 0 -1
    outer loop
      vertex -89.5 15 -185
      vertex -90.5 -15 -185
      vertex -90.5 15 -185
    endloop
  endfacet
  facet normal 1 0 0
    outer loop
      vertex -89.5 -9.00637 -95
      vertex -89.5 -15 -95
      vertex -89.5 -9.00637 -120
    endloop
  endfacet
  facet normal 1 0 0
    outer loop
      vertex -89.5 9.00637 -120
      vertex -89.5 15 -95
      vertex -89.5 9.00637 -95
    endloop
  endfacet
  facet normal 1 0 0
    outer loop
      vertex -89.5 15 -95
      vertex -89.5 9.00637 -120
      vertex -89.5 15 -185
    endloop
  endfacet
  facet normal 1 -0 0
    outer loop
      vertex -89.5 -9.00637 -120
      vertex -89.5 15 -185
      vertex -89.5 9.00637 -120
    endloop
  endfacet
  facet normal 1 0 0
    outer loop
      vertex -89.5 -9.00637 -120
      vertex -89.5 -15 -185
      vertex -89.5 15 -185
    endloop
  endfacet
  facet normal 1 0 0
    outer loop
      vertex -89.5 -15 -185
      vertex -89.5 -9.00637 -120
      vertex -89.5 -15 -95
    endloop
  endfacet
  facet normal -1 0 0
    outer loop
      vertex -90.5 15 -185
      vertex -90.5 10 -95.3731
      vertex -90.5 15 -95
    endloop
  endfacet
  facet normal -1 0 0
    outer loop
      vertex -90.5 15 -185
      vertex -90.5 -10 -95.3731
      vertex -90.5 10 -95.3731
    endloop
  endfacet
  facet normal -1 0 0
    outer loop
      vertex -90.5 -15 -185
      vertex -90.5 -10 -95.3731
      vertex -90.5 15 -185
    endloop
  endfacet
  facet normal -1 0 0
    outer loop
      vertex -90.5 -15 -95
      vertex -90.5 -10 -95.3731
      vertex -90.5 -15 -185
    endloop
  endfacet
  facet normal -1 0 0
    outer loop
      vertex -90.5 -10 -95.3731
      vertex -90.5 -15 -95
      vertex -90.5 -10 -95
    endloop
  endfacet
  facet normal -1 -0 0
    outer loop
      vertex -90.5 15 -95
      vertex -90.5 10 -95.3731
      vertex -90.5 10 -95
    endloop
  endfacet
  facet normal -0 0 1
    outer loop
      vertex -90.1016 10 -95
      vertex -89.5 9.00637 -95
      vertex -89.5 15 -95
    endloop
  endfacet
  facet normal 0 0 1
    outer loop
      vertex -89.8073 5.88628 -95
      vertex -90.1016 10 -95
      vertex -90 0 -95
    endloop
  endfacet
  facet normal 0 0 1
    outer loop
      vertex -89.5 9.00637 -95
      vertex -90.1016 10 -95
      vertex -89.8073 5.88628 -95
    endloop
  endfacet
  facet normal -0 0 1
    outer loop
      vertex -90.5 15 -95
      vertex -90.1016 10 -95
      vertex -89.5 15 -95
    endloop
  endfacet
  facet normal 0 0 1
    outer loop
      vertex -90.1016 10 -95
      vertex -90.5 15 -95
      vertex -90.5 10 -95
    endloop
  endfacet
  facet normal 0 0 1
    outer loop
      vertex -90.1016 -10 -95
      vertex -89.5 -9.00637 -95
      vertex -89.8073 -5.88628 -95
    endloop
  endfacet
  facet normal 0 0 1
    outer loop
      vertex -90.1016 -10 -95
      vertex -90 0 -95
      vertex -90.1016 10 -95
    endloop
  endfacet
  facet normal 0 0 1
    outer loop
      vertex -90.1016 -10 -95
      vertex -89.8073 -5.88628 -95
      vertex -90 0 -95
    endloop
  endfacet
  facet normal 0 0 1
    outer loop
      vertex -89.5 -9.00637 -95
      vertex -90.1016 -10 -95
      vertex -89.5 -15 -95
    endloop
  endfacet
  facet normal 0 0 1
    outer loop
      vertex -90.5 -15 -95
      vertex -90.1016 -10 -95
      vertex -90.5 -10 -95
    endloop
  endfacet
  facet normal 0 0 1
    outer loop
      vertex -90.1016 -10 -95
      vertex -90.5 -15 -95
      vertex -89.5 -15 -95
    endloop
  endfacet
  facet normal 0 1 -0
    outer loop
      vertex -89.5 15 -185
      vertex -90.5 15 -95
      vertex -89.5 15 -95
    endloop
  endfacet
  facet normal 0 1 0
    outer loop
      vertex -90.5 15 -95
      vertex -89.5 15 -185
      vertex -90.5 15 -185
    endloop
  endfacet
  facet normal 0 -1 0
    outer loop
      vertex -90.5 -15 -185
      vertex -89.5 -15 -95
      vertex -90.5 -15 -95
    endloop
  endfacet
  facet normal 0 -1 -0
    outer loop
      vertex -89.5 -15 -95
      vertex -90.5 -15 -185
      vertex -89.5 -15 -185
    endloop
  endfacet
endsolid OpenSCAD_Model
