solid OpenSCAD_Model
  facet normal 0.980785 -0.19509 0
    outer loop
      vertex 86.9333 -23.2937 120
      vertex 89.23 -11.7474 -120
      vertex 89.23 -11.7474 120
    endloop
  endfacet
  facet normal 0.980785 -0.19509 0
    outer loop
      vertex 89.23 -11.7474 -120
      vertex 86.9333 -23.2937 120
      vertex 86.9333 -23.2937 -120
    endloop
  endfacet
  facet normal 0.980785 0.19509 0
    outer loop
      vertex 89.23 11.7474 120
      vertex 86.9333 23.2937 -120
      vertex 86.9333 23.2937 120
    endloop
  endfacet
  facet normal 0.980785 0.19509 0
    outer loop
      vertex 86.9333 23.2937 -120
      vertex 89.23 11.7474 120
      vertex 89.23 11.7474 -120
    endloop
  endfacet
  facet normal 0.997856 0.0654426 0
    outer loop
      vertex 89.23 11.7474 120
      vertex 89.3446 10 -46.8787
      vertex 89.23 11.7474 -120
    endloop
  endfacet
  facet normal 0.997858 0.0654114 -0
    outer loop
      vertex 89.5 7.62852 95
      vertex 89.23 11.7474 120
      vertex 89.5 7.62852 120
    endloop
  endfacet
  facet normal 0.997859 0.0654093 3.49815e-07
    outer loop
      vertex 89.23 11.7474 120
      vertex 89.5 7.62852 95
      vertex 89.3446 10 -46.8787
    endloop
  endfacet
  facet normal 0.997859 0.0654032 2.47078e-07
    outer loop
      vertex 90 0 95
      vertex 89.3446 10 -46.8787
      vertex 89.5 7.62852 95
    endloop
  endfacet
  facet normal 0.997859 0.0653997 0
    outer loop
      vertex 89.3446 10 -46.8787
      vertex 90 0 95
      vertex 90 0 -47.3167
    endloop
  endfacet
  facet normal 0.997856 0.0654426 -0
    outer loop
      vertex 89.3446 10 -94.4869
      vertex 89.23 11.7474 -120
      vertex 89.3446 10 -46.8787
    endloop
  endfacet
  facet normal 0.997859 0.0653997 -0
    outer loop
      vertex 90 0 -120
      vertex 89.3446 10 -94.4869
      vertex 90 0 -95.0617
    endloop
  endfacet
  facet normal 0.997859 0.0654061 -2.51049e-06
    outer loop
      vertex 89.3446 10 -94.4869
      vertex 90 0 -120
      vertex 89.23 11.7474 -120
    endloop
  endfacet
  facet normal 0.946932 0.321434 0
    outer loop
      vertex 86.9333 23.2937 120
      vertex 83.1492 34.4415 -120
      vertex 83.1492 34.4415 120
    endloop
  endfacet
  facet normal 0.946932 0.321434 0
    outer loop
      vertex 83.1492 34.4415 -120
      vertex 86.9333 23.2937 120
      vertex 86.9333 23.2937 -120
    endloop
  endfacet
  facet normal 0.321434 0.946932 -0
    outer loop
      vertex 34.4415 83.1492 -120
      vertex 23.2937 86.9333 120
      vertex 34.4415 83.1492 120
    endloop
  endfacet
  facet normal 0.321434 0.946932 0
    outer loop
      vertex 23.2937 86.9333 120
      vertex 34.4415 83.1492 -120
      vertex 23.2937 86.9333 -120
    endloop
  endfacet
  facet normal 0.44229 0.896872 -0
    outer loop
      vertex 45 77.9423 -120
      vertex 34.4415 83.1492 120
      vertex 45 77.9423 120
    endloop
  endfacet
  facet normal 0.44229 0.896872 0
    outer loop
      vertex 34.4415 83.1492 120
      vertex 45 77.9423 -120
      vertex 34.4415 83.1492 -120
    endloop
  endfacet
  facet normal 0.19509 -0.980785 0
    outer loop
      vertex 11.7474 -89.23 -120
      vertex 23.2937 -86.9333 120
      vertex 11.7474 -89.23 120
    endloop
  endfacet
  facet normal 0.19509 -0.980785 0
    outer loop
      vertex 23.2937 -86.9333 120
      vertex 11.7474 -89.23 -120
      vertex 23.2937 -86.9333 -120
    endloop
  endfacet
  facet normal -0.75184 0.659346 0
    outer loop
      vertex -71.4018 54.7885 -120
      vertex -63.6396 63.6396 120
      vertex -63.6396 63.6396 -120
    endloop
  endfacet
  facet normal -0.75184 0.659346 0
    outer loop
      vertex -63.6396 63.6396 120
      vertex -71.4018 54.7885 -120
      vertex -71.4018 54.7885 120
    endloop
  endfacet
  facet normal 0.946932 -0.321434 0
    outer loop
      vertex 83.1492 -34.4415 120
      vertex 86.9333 -23.2937 -120
      vertex 86.9333 -23.2937 120
    endloop
  endfacet
  facet normal 0.946932 -0.321434 0
    outer loop
      vertex 86.9333 -23.2937 -120
      vertex 83.1492 -34.4415 120
      vertex 83.1492 -34.4415 -120
    endloop
  endfacet
  facet normal 0.0654061 -0.997859 0
    outer loop
      vertex 0 -90 0.75
      vertex 11.7474 -89.23 120
      vertex 0 -90 120
    endloop
  endfacet
  facet normal 0.0654061 -0.997859 0
    outer loop
      vertex 0 -90 -0.75
      vertex 11.7474 -89.23 120
      vertex 0 -90 0.75
    endloop
  endfacet
  facet normal 0.0654061 -0.997859 0
    outer loop
      vertex 11.7474 -89.23 -120
      vertex 0 -90 -0.75
      vertex 0 -90 -120
    endloop
  endfacet
  facet normal 0.0654061 -0.997859 0
    outer loop
      vertex 0 -90 -0.75
      vertex 11.7474 -89.23 -120
      vertex 11.7474 -89.23 120
    endloop
  endfacet
  facet normal 0.831468 -0.555572 0
    outer loop
      vertex 71.4018 -54.7885 120
      vertex 77.9423 -45 -120
      vertex 77.9423 -45 120
    endloop
  endfacet
  facet normal 0.831468 -0.555572 0
    outer loop
      vertex 77.9423 -45 -120
      vertex 71.4018 -54.7885 120
      vertex 71.4018 -54.7885 -120
    endloop
  endfacet
  facet normal 0.896872 0.44229 0
    outer loop
      vertex 83.1492 34.4415 120
      vertex 77.9423 45 -120
      vertex 77.9423 45 120
    endloop
  endfacet
  facet normal 0.896872 0.44229 0
    outer loop
      vertex 77.9423 45 -120
      vertex 83.1492 34.4415 120
      vertex 83.1492 34.4415 -120
    endloop
  endfacet
  facet normal 0.0654061 0.997859 0
    outer loop
      vertex 11.7474 89.23 120
      vertex 0 90 0.75
      vertex 0 90 120
    endloop
  endfacet
  facet normal 0.0654061 0.997859 0
    outer loop
      vertex 11.7474 89.23 120
      vertex 0 90 -0.75
      vertex 0 90 0.75
    endloop
  endfacet
  facet normal 0.0654061 0.997859 -0
    outer loop
      vertex 11.7474 89.23 -120
      vertex 0 90 -0.75
      vertex 11.7474 89.23 120
    endloop
  endfacet
  facet normal 0.0654061 0.997859 0
    outer loop
      vertex 0 90 -0.75
      vertex 11.7474 89.23 -120
      vertex 0 90 -120
    endloop
  endfacet
  facet normal -0.75184 -0.659346 0
    outer loop
      vertex -63.6396 -63.6396 -120
      vertex -71.4018 -54.7885 120
      vertex -71.4018 -54.7885 -120
    endloop
  endfacet
  facet normal -0.75184 -0.659346 0
    outer loop
      vertex -71.4018 -54.7885 120
      vertex -63.6396 -63.6396 -120
      vertex -63.6396 -63.6396 120
    endloop
  endfacet
  facet normal -0.831468 0.555572 0
    outer loop
      vertex -77.9423 45 -120
      vertex -71.4018 54.7885 120
      vertex -71.4018 54.7885 -120
    endloop
  endfacet
  facet normal -0.831468 0.555572 0
    outer loop
      vertex -71.4018 54.7885 120
      vertex -77.9423 45 -120
      vertex -77.9423 45 120
    endloop
  endfacet
  facet normal 0.321434 -0.946932 0
    outer loop
      vertex 23.2937 -86.9333 -120
      vertex 34.4415 -83.1492 120
      vertex 23.2937 -86.9333 120
    endloop
  endfacet
  facet normal 0.321434 -0.946932 0
    outer loop
      vertex 34.4415 -83.1492 120
      vertex 23.2937 -86.9333 -120
      vertex 34.4415 -83.1492 -120
    endloop
  endfacet
  facet normal -0.946932 -0.321434 0
    outer loop
      vertex -83.1492 -34.4415 -120
      vertex -86.9333 -23.2937 120
      vertex -86.9333 -23.2937 -120
    endloop
  endfacet
  facet normal -0.946932 -0.321434 0
    outer loop
      vertex -86.9333 -23.2937 120
      vertex -83.1492 -34.4415 -120
      vertex -83.1492 -34.4415 120
    endloop
  endfacet
  facet normal -0.44229 -0.896872 0
    outer loop
      vertex -45 -77.9423 -120
      vertex -34.4415 -83.1492 120
      vertex -45 -77.9423 120
    endloop
  endfacet
  facet normal -0.44229 -0.896872 -0
    outer loop
      vertex -34.4415 -83.1492 120
      vertex -45 -77.9423 -120
      vertex -34.4415 -83.1492 -120
    endloop
  endfacet
  facet normal -0.0654061 0.997859 0
    outer loop
      vertex 0 90 0.75
      vertex -11.7474 89.23 120
      vertex 0 90 120
    endloop
  endfacet
  facet normal -0.0654061 0.997859 0
    outer loop
      vertex 0 90 -0.75
      vertex -11.7474 89.23 120
      vertex 0 90 0.75
    endloop
  endfacet
  facet normal -0.0654061 0.997859 0
    outer loop
      vertex -11.7474 89.23 -120
      vertex 0 90 -0.75
      vertex 0 90 -120
    endloop
  endfacet
  facet normal -0.0654061 0.997859 0
    outer loop
      vertex 0 90 -0.75
      vertex -11.7474 89.23 -120
      vertex -11.7474 89.23 120
    endloop
  endfacet
  facet normal 0.44229 -0.896872 0
    outer loop
      vertex 34.4415 -83.1492 -120
      vertex 45 -77.9423 120
      vertex 34.4415 -83.1492 120
    endloop
  endfacet
  facet normal 0.44229 -0.896872 0
    outer loop
      vertex 45 -77.9423 120
      vertex 34.4415 -83.1492 -120
      vertex 45 -77.9423 -120
    endloop
  endfacet
  facet normal 0.75184 -0.659346 0
    outer loop
      vertex 63.6396 -63.6396 120
      vertex 71.4018 -54.7885 -120
      vertex 71.4018 -54.7885 120
    endloop
  endfacet
  facet normal 0.75184 -0.659346 0
    outer loop
      vertex 71.4018 -54.7885 -120
      vertex 63.6396 -63.6396 120
      vertex 63.6396 -63.6396 -120
    endloop
  endfacet
  facet normal 0.997858 -0.0654114 0
    outer loop
      vertex 89.23 -11.7474 120
      vertex 89.5 -7.62852 95
      vertex 89.5 -7.62852 120
    endloop
  endfacet
  facet normal 0.997856 -0.0654426 0
    outer loop
      vertex 89.23 -11.7474 -120
      vertex 89.3446 -10 -46.8787
      vertex 89.23 -11.7474 120
    endloop
  endfacet
  facet normal 0.997859 -0.0654093 3.49815e-07
    outer loop
      vertex 89.5 -7.62852 95
      vertex 89.23 -11.7474 120
      vertex 89.3446 -10 -46.8787
    endloop
  endfacet
  facet normal 0.997859 -0.0654032 2.47078e-07
    outer loop
      vertex 89.3446 -10 -46.8787
      vertex 90 0 95
      vertex 89.5 -7.62852 95
    endloop
  endfacet
  facet normal 0.997859 -0.0653997 0
    outer loop
      vertex 90 0 95
      vertex 89.3446 -10 -46.8787
      vertex 90 0 -47.3167
    endloop
  endfacet
  facet normal 0.997859 -0.0653997 0
    outer loop
      vertex 89.3446 -10 -94.4869
      vertex 90 0 -120
      vertex 90 0 -95.0617
    endloop
  endfacet
  facet normal 0.997859 -0.0654061 -2.51049e-06
    outer loop
      vertex 89.3446 -10 -94.4869
      vertex 89.23 -11.7474 -120
      vertex 90 0 -120
    endloop
  endfacet
  facet normal 0.997856 -0.0654426 0
    outer loop
      vertex 89.3446 -10 -46.8787
      vertex 89.23 -11.7474 -120
      vertex 89.3446 -10 -94.4869
    endloop
  endfacet
  facet normal -0.980785 -0.19509 0
    outer loop
      vertex -86.9333 -23.2937 -120
      vertex -89.23 -11.7474 120
      vertex -89.23 -11.7474 -120
    endloop
  endfacet
  facet normal -0.980785 -0.19509 0
    outer loop
      vertex -89.23 -11.7474 120
      vertex -86.9333 -23.2937 -120
      vertex -86.9333 -23.2937 120
    endloop
  endfacet
  facet normal -0.44229 0.896872 0
    outer loop
      vertex -34.4415 83.1492 -120
      vertex -45 77.9423 120
      vertex -34.4415 83.1492 120
    endloop
  endfacet
  facet normal -0.44229 0.896872 0
    outer loop
      vertex -45 77.9423 120
      vertex -34.4415 83.1492 -120
      vertex -45 77.9423 -120
    endloop
  endfacet
  facet normal -0.980785 0.19509 0
    outer loop
      vertex -89.23 11.7474 -120
      vertex -86.9333 23.2937 120
      vertex -86.9333 23.2937 -120
    endloop
  endfacet
  facet normal -0.980785 0.19509 0
    outer loop
      vertex -86.9333 23.2937 120
      vertex -89.23 11.7474 -120
      vertex -89.23 11.7474 120
    endloop
  endfacet
  facet normal 0 0 -1
    outer loop
      vertex 85 0 -120
      vertex 90 0 -120
      vertex 89.23 -11.7474 -120
    endloop
  endfacet
  facet normal 0 0 -1
    outer loop
      vertex 84.2728 -11.0947 -120
      vertex 89.23 -11.7474 -120
      vertex 86.9333 -23.2937 -120
    endloop
  endfacet
  facet normal 0 0 -1
    outer loop
      vertex 90 0 -120
      vertex 85 0 -120
      vertex 89.23 11.7474 -120
    endloop
  endfacet
  facet normal 0 0 -1
    outer loop
      vertex 84.2728 11.0947 -120
      vertex 89.23 11.7474 -120
      vertex 85 0 -120
    endloop
  endfacet
  facet normal 0 0 -1
    outer loop
      vertex 89.23 -11.7474 -120
      vertex 84.2728 -11.0947 -120
      vertex 85 0 -120
    endloop
  endfacet
  facet normal 0 0 -1
    outer loop
      vertex 82.1037 -21.9996 -120
      vertex 86.9333 -23.2937 -120
      vertex 83.1492 -34.4415 -120
    endloop
  endfacet
  facet normal 0 0 -1
    outer loop
      vertex 86.9333 -23.2937 -120
      vertex 82.1037 -21.9996 -120
      vertex 84.2728 -11.0947 -120
    endloop
  endfacet
  facet normal 0 0 -1
    outer loop
      vertex 83.1492 -34.4415 -120
      vertex 78.5298 -32.5281 -120
      vertex 82.1037 -21.9996 -120
    endloop
  endfacet
  facet normal 0 0 -1
    outer loop
      vertex 77.9423 -45 -120
      vertex 78.5298 -32.5281 -120
      vertex 83.1492 -34.4415 -120
    endloop
  endfacet
  facet normal 0 0 -1
    outer loop
      vertex 77.9423 -45 -120
      vertex 73.6122 -42.5 -120
      vertex 78.5298 -32.5281 -120
    endloop
  endfacet
  facet normal 0 0 -1
    outer loop
      vertex 71.4018 -54.7885 -120
      vertex 73.6122 -42.5 -120
      vertex 77.9423 -45 -120
    endloop
  endfacet
  facet normal 0 0 -1
    outer loop
      vertex 71.4018 -54.7885 -120
      vertex 67.435 -51.7447 -120
      vertex 73.6122 -42.5 -120
    endloop
  endfacet
  facet normal 0 0 -1
    outer loop
      vertex 63.6396 -63.6396 -120
      vertex 67.435 -51.7447 -120
      vertex 71.4018 -54.7885 -120
    endloop
  endfacet
  facet normal 0 0 -1
    outer loop
      vertex 63.6396 -63.6396 -120
      vertex 60.1041 -60.1041 -120
      vertex 67.435 -51.7447 -120
    endloop
  endfacet
  facet normal 0 0 -1
    outer loop
      vertex 54.7885 -71.4018 -120
      vertex 60.1041 -60.1041 -120
      vertex 63.6396 -63.6396 -120
    endloop
  endfacet
  facet normal 0 0 -1
    outer loop
      vertex 54.7885 -71.4018 -120
      vertex 51.7447 -67.435 -120
      vertex 60.1041 -60.1041 -120
    endloop
  endfacet
  facet normal 0 0 -1
    outer loop
      vertex 45 -77.9423 -120
      vertex 51.7447 -67.435 -120
      vertex 54.7885 -71.4018 -120
    endloop
  endfacet
  facet normal 0 0 -1
    outer loop
      vertex 45 -77.9423 -120
      vertex 42.5 -73.6122 -120
      vertex 51.7447 -67.435 -120
    endloop
  endfacet
  facet normal 0 0 -1
    outer loop
      vertex 34.4415 -83.1492 -120
      vertex 42.5 -73.6122 -120
      vertex 45 -77.9423 -120
    endloop
  endfacet
  facet normal 0 0 -1
    outer loop
      vertex 34.4415 -83.1492 -120
      vertex 32.5281 -78.5298 -120
      vertex 42.5 -73.6122 -120
    endloop
  endfacet
  facet normal 0 0 -1
    outer loop
      vertex 23.2937 -86.9333 -120
      vertex 32.5281 -78.5298 -120
      vertex 34.4415 -83.1492 -120
    endloop
  endfacet
  facet normal 0 0 -1
    outer loop
      vertex 23.2937 -86.9333 -120
      vertex 21.9996 -82.1037 -120
      vertex 32.5281 -78.5298 -120
    endloop
  endfacet
  facet normal 0 0 -1
    outer loop
      vertex 11.7474 -89.23 -120
      vertex 21.9996 -82.1037 -120
      vertex 23.2937 -86.9333 -120
    endloop
  endfacet
  facet normal 0 0 -1
    outer loop
      vertex 11.7474 -89.23 -120
      vertex 11.0947 -84.2728 -120
      vertex 21.9996 -82.1037 -120
    endloop
  endfacet
  facet normal 0 0 -1
    outer loop
      vertex 0 -90 -120
      vertex 11.0947 -84.2728 -120
      vertex 11.7474 -89.23 -120
    endloop
  endfacet
  facet normal 0 0 -1
    outer loop
      vertex 0 -90 -120
      vertex 0 -85 -120
      vertex 11.0947 -84.2728 -120
    endloop
  endfacet
  facet normal 0 0 -1
    outer loop
      vertex 0 -90 -120
      vertex -11.0947 -84.2728 -120
      vertex 0 -85 -120
    endloop
  endfacet
  facet normal 0 0 -1
    outer loop
      vertex -11.7474 -89.23 -120
      vertex -11.0947 -84.2728 -120
      vertex 0 -90 -120
    endloop
  endfacet
  facet normal 0 0 -1
    outer loop
      vertex -11.7474 -89.23 -120
      vertex -21.9996 -82.1037 -120
      vertex -11.0947 -84.2728 -120
    endloop
  endfacet
  facet normal 0 0 -1
    outer loop
      vertex -23.2937 -86.9333 -120
      vertex -21.9996 -82.1037 -120
      vertex -11.7474 -89.23 -120
    endloop
  endfacet
  facet normal 0 0 -1
    outer loop
      vertex -23.2937 -86.9333 -120
      vertex -32.5281 -78.5298 -120
      vertex -21.9996 -82.1037 -120
    endloop
  endfacet
  facet normal 0 0 -1
    outer loop
      vertex -34.4415 -83.1492 -120
      vertex -32.5281 -78.5298 -120
      vertex -23.2937 -86.9333 -120
    endloop
  endfacet
  facet normal 0 0 -1
    outer loop
      vertex -34.4415 -83.1492 -120
      vertex -42.5 -73.6122 -120
      vertex -32.5281 -78.5298 -120
    endloop
  endfacet
  facet normal 0 0 -1
    outer loop
      vertex -45 -77.9423 -120
      vertex -42.5 -73.6122 -120
      vertex -34.4415 -83.1492 -120
    endloop
  endfacet
  facet normal 0 0 -1
    outer loop
      vertex -45 -77.9423 -120
      vertex -51.7447 -67.435 -120
      vertex -42.5 -73.6122 -120
    endloop
  endfacet
  facet normal 0 0 -1
    outer loop
      vertex -54.7885 -71.4018 -120
      vertex -51.7447 -67.435 -120
      vertex -45 -77.9423 -120
    endloop
  endfacet
  facet normal 0 0 -1
    outer loop
      vertex -54.7885 -71.4018 -120
      vertex -60.1041 -60.1041 -120
      vertex -51.7447 -67.435 -120
    endloop
  endfacet
  facet normal 0 0 -1
    outer loop
      vertex -63.6396 -63.6396 -120
      vertex -60.1041 -60.1041 -120
      vertex -54.7885 -71.4018 -120
    endloop
  endfacet
  facet normal 0 0 -1
    outer loop
      vertex -63.6396 -63.6396 -120
      vertex -67.435 -51.7447 -120
      vertex -60.1041 -60.1041 -120
    endloop
  endfacet
  facet normal 0 0 -1
    outer loop
      vertex -71.4018 -54.7885 -120
      vertex -67.435 -51.7447 -120
      vertex -63.6396 -63.6396 -120
    endloop
  endfacet
  facet normal 0 0 -1
    outer loop
      vertex -71.4018 -54.7885 -120
      vertex -73.6122 -42.5 -120
      vertex -67.435 -51.7447 -120
    endloop
  endfacet
  facet normal 0 0 -1
    outer loop
      vertex -77.9423 -45 -120
      vertex -73.6122 -42.5 -120
      vertex -71.4018 -54.7885 -120
    endloop
  endfacet
  facet normal 0 0 -1
    outer loop
      vertex -77.9423 -45 -120
      vertex -78.5298 -32.5281 -120
      vertex -73.6122 -42.5 -120
    endloop
  endfacet
  facet normal 0 0 -1
    outer loop
      vertex -83.1492 -34.4415 -120
      vertex -78.5298 -32.5281 -120
      vertex -77.9423 -45 -120
    endloop
  endfacet
  facet normal -0 0 -1
    outer loop
      vertex -78.5298 -32.5281 -120
      vertex -83.1492 -34.4415 -120
      vertex -82.1037 -21.9996 -120
    endloop
  endfacet
  facet normal 0 0 -1
    outer loop
      vertex -86.9333 -23.2937 -120
      vertex -82.1037 -21.9996 -120
      vertex -83.1492 -34.4415 -120
    endloop
  endfacet
  facet normal -0 0 -1
    outer loop
      vertex -82.1037 -21.9996 -120
      vertex -86.9333 -23.2937 -120
      vertex -84.2728 -11.0947 -120
    endloop
  endfacet
  facet normal 0 0 -1
    outer loop
      vertex -89.23 -11.7474 -120
      vertex -84.2728 -11.0947 -120
      vertex -86.9333 -23.2937 -120
    endloop
  endfacet
  facet normal -0 0 -1
    outer loop
      vertex 89.23 11.7474 -120
      vertex 84.2728 11.0947 -120
      vertex 86.9333 23.2937 -120
    endloop
  endfacet
  facet normal 0 0 -1
    outer loop
      vertex 82.1037 21.9996 -120
      vertex 86.9333 23.2937 -120
      vertex 84.2728 11.0947 -120
    endloop
  endfacet
  facet normal -0 0 -1
    outer loop
      vertex 86.9333 23.2937 -120
      vertex 82.1037 21.9996 -120
      vertex 83.1492 34.4415 -120
    endloop
  endfacet
  facet normal 0 0 -1
    outer loop
      vertex 78.5298 32.5281 -120
      vertex 83.1492 34.4415 -120
      vertex 82.1037 21.9996 -120
    endloop
  endfacet
  facet normal 0 0 -1
    outer loop
      vertex 78.5298 32.5281 -120
      vertex 77.9423 45 -120
      vertex 83.1492 34.4415 -120
    endloop
  endfacet
  facet normal 0 0 -1
    outer loop
      vertex 73.6122 42.5 -120
      vertex 77.9423 45 -120
      vertex 78.5298 32.5281 -120
    endloop
  endfacet
  facet normal 0 0 -1
    outer loop
      vertex 73.6122 42.5 -120
      vertex 71.4018 54.7885 -120
      vertex 77.9423 45 -120
    endloop
  endfacet
  facet normal 0 0 -1
    outer loop
      vertex 67.435 51.7447 -120
      vertex 71.4018 54.7885 -120
      vertex 73.6122 42.5 -120
    endloop
  endfacet
  facet normal 0 0 -1
    outer loop
      vertex 67.435 51.7447 -120
      vertex 63.6396 63.6396 -120
      vertex 71.4018 54.7885 -120
    endloop
  endfacet
  facet normal 0 0 -1
    outer loop
      vertex 60.1041 60.1041 -120
      vertex 63.6396 63.6396 -120
      vertex 67.435 51.7447 -120
    endloop
  endfacet
  facet normal 0 0 -1
    outer loop
      vertex 60.1041 60.1041 -120
      vertex 54.7885 71.4018 -120
      vertex 63.6396 63.6396 -120
    endloop
  endfacet
  facet normal 0 0 -1
    outer loop
      vertex 51.7447 67.435 -120
      vertex 54.7885 71.4018 -120
      vertex 60.1041 60.1041 -120
    endloop
  endfacet
  facet normal 0 0 -1
    outer loop
      vertex 51.7447 67.435 -120
      vertex 45 77.9423 -120
      vertex 54.7885 71.4018 -120
    endloop
  endfacet
  facet normal 0 0 -1
    outer loop
      vertex 42.5 73.6122 -120
      vertex 45 77.9423 -120
      vertex 51.7447 67.435 -120
    endloop
  endfacet
  facet normal 0 0 -1
    outer loop
      vertex 42.5 73.6122 -120
      vertex 34.4415 83.1492 -120
      vertex 45 77.9423 -120
    endloop
  endfacet
  facet normal 0 0 -1
    outer loop
      vertex 32.5281 78.5298 -120
      vertex 34.4415 83.1492 -120
      vertex 42.5 73.6122 -120
    endloop
  endfacet
  facet normal 0 0 -1
    outer loop
      vertex 32.5281 78.5298 -120
      vertex 23.2937 86.9333 -120
      vertex 34.4415 83.1492 -120
    endloop
  endfacet
  facet normal 0 0 -1
    outer loop
      vertex 21.9996 82.1037 -120
      vertex 23.2937 86.9333 -120
      vertex 32.5281 78.5298 -120
    endloop
  endfacet
  facet normal 0 0 -1
    outer loop
      vertex 21.9996 82.1037 -120
      vertex 11.7474 89.23 -120
      vertex 23.2937 86.9333 -120
    endloop
  endfacet
  facet normal 0 0 -1
    outer loop
      vertex 11.0947 84.2728 -120
      vertex 11.7474 89.23 -120
      vertex 21.9996 82.1037 -120
    endloop
  endfacet
  facet normal 0 0 -1
    outer loop
      vertex 0 85 -120
      vertex 11.7474 89.23 -120
      vertex 11.0947 84.2728 -120
    endloop
  endfacet
  facet normal 0 0 -1
    outer loop
      vertex 0 85 -120
      vertex 0 90 -120
      vertex 11.7474 89.23 -120
    endloop
  endfacet
  facet normal 0 0 -1
    outer loop
      vertex -11.0947 84.2728 -120
      vertex 0 90 -120
      vertex 0 85 -120
    endloop
  endfacet
  facet normal 0 0 -1
    outer loop
      vertex -11.0947 84.2728 -120
      vertex -11.7474 89.23 -120
      vertex 0 90 -120
    endloop
  endfacet
  facet normal 0 0 -1
    outer loop
      vertex -21.9996 82.1037 -120
      vertex -11.7474 89.23 -120
      vertex -11.0947 84.2728 -120
    endloop
  endfacet
  facet normal 0 0 -1
    outer loop
      vertex -21.9996 82.1037 -120
      vertex -23.2937 86.9333 -120
      vertex -11.7474 89.23 -120
    endloop
  endfacet
  facet normal 0 0 -1
    outer loop
      vertex -32.5281 78.5298 -120
      vertex -23.2937 86.9333 -120
      vertex -21.9996 82.1037 -120
    endloop
  endfacet
  facet normal 0 0 -1
    outer loop
      vertex -32.5281 78.5298 -120
      vertex -34.4415 83.1492 -120
      vertex -23.2937 86.9333 -120
    endloop
  endfacet
  facet normal 0 0 -1
    outer loop
      vertex -42.5 73.6122 -120
      vertex -34.4415 83.1492 -120
      vertex -32.5281 78.5298 -120
    endloop
  endfacet
  facet normal 0 0 -1
    outer loop
      vertex -42.5 73.6122 -120
      vertex -45 77.9423 -120
      vertex -34.4415 83.1492 -120
    endloop
  endfacet
  facet normal 0 0 -1
    outer loop
      vertex -51.7447 67.435 -120
      vertex -45 77.9423 -120
      vertex -42.5 73.6122 -120
    endloop
  endfacet
  facet normal 0 0 -1
    outer loop
      vertex -51.7447 67.435 -120
      vertex -54.7885 71.4018 -120
      vertex -45 77.9423 -120
    endloop
  endfacet
  facet normal 0 0 -1
    outer loop
      vertex -60.1041 60.1041 -120
      vertex -54.7885 71.4018 -120
      vertex -51.7447 67.435 -120
    endloop
  endfacet
  facet normal 0 0 -1
    outer loop
      vertex -60.1041 60.1041 -120
      vertex -63.6396 63.6396 -120
      vertex -54.7885 71.4018 -120
    endloop
  endfacet
  facet normal 0 0 -1
    outer loop
      vertex -67.435 51.7447 -120
      vertex -63.6396 63.6396 -120
      vertex -60.1041 60.1041 -120
    endloop
  endfacet
  facet normal 0 0 -1
    outer loop
      vertex -67.435 51.7447 -120
      vertex -71.4018 54.7885 -120
      vertex -63.6396 63.6396 -120
    endloop
  endfacet
  facet normal 0 0 -1
    outer loop
      vertex -73.6122 42.5 -120
      vertex -71.4018 54.7885 -120
      vertex -67.435 51.7447 -120
    endloop
  endfacet
  facet normal 0 0 -1
    outer loop
      vertex -73.6122 42.5 -120
      vertex -77.9423 45 -120
      vertex -71.4018 54.7885 -120
    endloop
  endfacet
  facet normal 0 0 -1
    outer loop
      vertex -78.5298 32.5281 -120
      vertex -77.9423 45 -120
      vertex -73.6122 42.5 -120
    endloop
  endfacet
  facet normal 0 0 -1
    outer loop
      vertex -83.1492 34.4415 -120
      vertex -78.5298 32.5281 -120
      vertex -82.1037 21.9996 -120
    endloop
  endfacet
  facet normal 0 0 -1
    outer loop
      vertex -78.5298 32.5281 -120
      vertex -83.1492 34.4415 -120
      vertex -77.9423 45 -120
    endloop
  endfacet
  facet normal 0 0 -1
    outer loop
      vertex -86.9333 23.2937 -120
      vertex -82.1037 21.9996 -120
      vertex -84.2728 11.0947 -120
    endloop
  endfacet
  facet normal 0 0 -1
    outer loop
      vertex -89.5 7.62852 -120
      vertex -84.2728 11.0947 -120
      vertex -85 0 -120
    endloop
  endfacet
  facet normal 0 0 -1
    outer loop
      vertex -89.5 -7.62852 -120
      vertex -84.2728 -11.0947 -120
      vertex -89.23 -11.7474 -120
    endloop
  endfacet
  facet normal 0 0 -1
    outer loop
      vertex -89.5 7.62852 -120
      vertex -85 0 -120
      vertex -89.5 -7.62852 -120
    endloop
  endfacet
  facet normal 0 0 -1
    outer loop
      vertex -84.2728 -11.0947 -120
      vertex -89.5 -7.62852 -120
      vertex -85 0 -120
    endloop
  endfacet
  facet normal -0 0 -1
    outer loop
      vertex -84.2728 11.0947 -120
      vertex -89.5 7.62852 -120
      vertex -89.23 11.7474 -120
    endloop
  endfacet
  facet normal 0 0 -1
    outer loop
      vertex -82.1037 21.9996 -120
      vertex -86.9333 23.2937 -120
      vertex -83.1492 34.4415 -120
    endloop
  endfacet
  facet normal 0 0 -1
    outer loop
      vertex -84.2728 11.0947 -120
      vertex -89.23 11.7474 -120
      vertex -86.9333 23.2937 -120
    endloop
  endfacet
  facet normal 0.555572 0.831468 -0
    outer loop
      vertex 54.7885 71.4018 -120
      vertex 45 77.9423 120
      vertex 54.7885 71.4018 120
    endloop
  endfacet
  facet normal 0.555572 0.831468 0
    outer loop
      vertex 45 77.9423 120
      vertex 54.7885 71.4018 -120
      vertex 45 77.9423 -120
    endloop
  endfacet
  facet normal -0.555572 0.831468 0
    outer loop
      vertex -45 77.9423 -120
      vertex -54.7885 71.4018 120
      vertex -45 77.9423 120
    endloop
  endfacet
  facet normal -0.555572 0.831468 0
    outer loop
      vertex -54.7885 71.4018 120
      vertex -45 77.9423 -120
      vertex -54.7885 71.4018 -120
    endloop
  endfacet
  facet normal 0.659346 0.75184 -0
    outer loop
      vertex 63.6396 63.6396 -120
      vertex 54.7885 71.4018 120
      vertex 63.6396 63.6396 120
    endloop
  endfacet
  facet normal 0.659346 0.75184 0
    outer loop
      vertex 54.7885 71.4018 120
      vertex 63.6396 63.6396 -120
      vertex 54.7885 71.4018 -120
    endloop
  endfacet
  facet normal -0.997859 0.0653997 1.7109e-07
    outer loop
      vertex -90 0 -47.3167
      vertex -89.7706 3.5 11.1604
      vertex -89.3446 10 -46.8787
    endloop
  endfacet
  facet normal -0.997859 0.0654025 0
    outer loop
      vertex -89.7706 3.5 11.1604
      vertex -90 0 -47.3167
      vertex -90 0 11.6524
    endloop
  endfacet
  facet normal -0.997856 0.0654426 0
    outer loop
      vertex -89.3446 10 -46.8787
      vertex -89.23 11.7474 -120
      vertex -89.3446 10 -94.4869
    endloop
  endfacet
  facet normal -0.997858 0.0654114 0
    outer loop
      vertex -89.5 7.62852 -95
      vertex -89.23 11.7474 -120
      vertex -89.5 7.62852 -120
    endloop
  endfacet
  facet normal -0.99786 0.0653893 -3.66716e-06
    outer loop
      vertex -89.23 11.7474 -120
      vertex -89.5 7.62852 -95
      vertex -89.3446 10 -94.4869
    endloop
  endfacet
  facet normal -0.997859 0.0653958 -3.39368e-05
    outer loop
      vertex -89.3446 10 -94.4869
      vertex -89.5 7.62852 -95
      vertex -89.9296 1.07335 -95
    endloop
  endfacet
  facet normal -0.997856 0.0654426 0
    outer loop
      vertex -89.23 11.7474 -120
      vertex -89.3446 10 -46.8787
      vertex -89.23 11.7474 120
    endloop
  endfacet
  facet normal -0.997859 0.0653982 0
    outer loop
      vertex -89.7706 3.5 13.5373
      vertex -89.3446 10 -46.8787
      vertex -89.7706 3.5 11.1604
    endloop
  endfacet
  facet normal -0.997859 0.0654021 4.2554e-07
    outer loop
      vertex -89.3446 10 -46.8787
      vertex -89.7706 3.5 13.5373
      vertex -89.23 11.7474 120
    endloop
  endfacet
  facet normal -0.997859 0.0654025 0
    outer loop
      vertex -90 0 120
      vertex -89.7706 3.5 13.5373
      vertex -90 0 13.4303
    endloop
  endfacet
  facet normal -0.997859 0.0654061 1.16839e-07
    outer loop
      vertex -89.7706 3.5 13.5373
      vertex -90 0 120
      vertex -89.23 11.7474 120
    endloop
  endfacet
  facet normal -0.321434 0.946932 0
    outer loop
      vertex -23.2937 86.9333 -120
      vertex -34.4415 83.1492 120
      vertex -23.2937 86.9333 120
    endloop
  endfacet
  facet normal -0.321434 0.946932 0
    outer loop
      vertex -34.4415 83.1492 120
      vertex -23.2937 86.9333 -120
      vertex -34.4415 83.1492 -120
    endloop
  endfacet
  facet normal -0.896872 -0.44229 0
    outer loop
      vertex -77.9423 -45 -120
      vertex -83.1492 -34.4415 120
      vertex -83.1492 -34.4415 -120
    endloop
  endfacet
  facet normal -0.896872 -0.44229 0
    outer loop
      vertex -83.1492 -34.4415 120
      vertex -77.9423 -45 -120
      vertex -77.9423 -45 120
    endloop
  endfacet
  facet normal 0.19509 0.980785 -0
    outer loop
      vertex 23.2937 86.9333 -120
      vertex 11.7474 89.23 120
      vertex 23.2937 86.9333 120
    endloop
  endfacet
  facet normal 0.19509 0.980785 0
    outer loop
      vertex 11.7474 89.23 120
      vertex 23.2937 86.9333 -120
      vertex 11.7474 89.23 -120
    endloop
  endfacet
  facet normal -0.946932 0.321434 0
    outer loop
      vertex -86.9333 23.2937 -120
      vertex -83.1492 34.4415 120
      vertex -83.1492 34.4415 -120
    endloop
  endfacet
  facet normal -0.946932 0.321434 0
    outer loop
      vertex -83.1492 34.4415 120
      vertex -86.9333 23.2937 -120
      vertex -86.9333 23.2937 120
    endloop
  endfacet
  facet normal -0 0 1
    outer loop
      vertex 84.2728 11.0947 120
      vertex 89.5 7.62852 120
      vertex 89.23 11.7474 120
    endloop
  endfacet
  facet normal 0 0 1
    outer loop
      vertex 89.5 7.62852 120
      vertex 85 0 120
      vertex 89.5 -7.62852 120
    endloop
  endfacet
  facet normal 0 0 1
    outer loop
      vertex 84.2728 11.0947 120
      vertex 89.23 11.7474 120
      vertex 86.9333 23.2937 120
    endloop
  endfacet
  facet normal 0 0 1
    outer loop
      vertex 84.2728 -11.0947 120
      vertex 89.5 -7.62852 120
      vertex 85 0 120
    endloop
  endfacet
  facet normal 0 0 1
    outer loop
      vertex 89.5 -7.62852 120
      vertex 84.2728 -11.0947 120
      vertex 89.23 -11.7474 120
    endloop
  endfacet
  facet normal 0 0 1
    outer loop
      vertex 89.5 7.62852 120
      vertex 84.2728 11.0947 120
      vertex 85 0 120
    endloop
  endfacet
  facet normal 0 0 1
    outer loop
      vertex 82.1037 21.9996 120
      vertex 86.9333 23.2937 120
      vertex 83.1492 34.4415 120
    endloop
  endfacet
  facet normal 0 0 1
    outer loop
      vertex 86.9333 23.2937 120
      vertex 82.1037 21.9996 120
      vertex 84.2728 11.0947 120
    endloop
  endfacet
  facet normal 0 0 1
    outer loop
      vertex 83.1492 34.4415 120
      vertex 78.5298 32.5281 120
      vertex 82.1037 21.9996 120
    endloop
  endfacet
  facet normal 0 0 1
    outer loop
      vertex 77.9423 45 120
      vertex 78.5298 32.5281 120
      vertex 83.1492 34.4415 120
    endloop
  endfacet
  facet normal 0 0 1
    outer loop
      vertex 77.9423 45 120
      vertex 73.6122 42.5 120
      vertex 78.5298 32.5281 120
    endloop
  endfacet
  facet normal 0 0 1
    outer loop
      vertex 71.4018 54.7885 120
      vertex 73.6122 42.5 120
      vertex 77.9423 45 120
    endloop
  endfacet
  facet normal 0 0 1
    outer loop
      vertex 71.4018 54.7885 120
      vertex 67.435 51.7447 120
      vertex 73.6122 42.5 120
    endloop
  endfacet
  facet normal 0 0 1
    outer loop
      vertex 63.6396 63.6396 120
      vertex 67.435 51.7447 120
      vertex 71.4018 54.7885 120
    endloop
  endfacet
  facet normal 0 0 1
    outer loop
      vertex 63.6396 63.6396 120
      vertex 60.1041 60.1041 120
      vertex 67.435 51.7447 120
    endloop
  endfacet
  facet normal 0 0 1
    outer loop
      vertex 54.7885 71.4018 120
      vertex 60.1041 60.1041 120
      vertex 63.6396 63.6396 120
    endloop
  endfacet
  facet normal 0 0 1
    outer loop
      vertex 54.7885 71.4018 120
      vertex 51.7447 67.435 120
      vertex 60.1041 60.1041 120
    endloop
  endfacet
  facet normal 0 0 1
    outer loop
      vertex 45 77.9423 120
      vertex 51.7447 67.435 120
      vertex 54.7885 71.4018 120
    endloop
  endfacet
  facet normal 0 0 1
    outer loop
      vertex 45 77.9423 120
      vertex 42.5 73.6122 120
      vertex 51.7447 67.435 120
    endloop
  endfacet
  facet normal 0 0 1
    outer loop
      vertex 34.4415 83.1492 120
      vertex 42.5 73.6122 120
      vertex 45 77.9423 120
    endloop
  endfacet
  facet normal 0 0 1
    outer loop
      vertex 34.4415 83.1492 120
      vertex 32.5281 78.5298 120
      vertex 42.5 73.6122 120
    endloop
  endfacet
  facet normal 0 0 1
    outer loop
      vertex 23.2937 86.9333 120
      vertex 32.5281 78.5298 120
      vertex 34.4415 83.1492 120
    endloop
  endfacet
  facet normal 0 0 1
    outer loop
      vertex 23.2937 86.9333 120
      vertex 21.9996 82.1037 120
      vertex 32.5281 78.5298 120
    endloop
  endfacet
  facet normal 0 0 1
    outer loop
      vertex 11.7474 89.23 120
      vertex 21.9996 82.1037 120
      vertex 23.2937 86.9333 120
    endloop
  endfacet
  facet normal 0 0 1
    outer loop
      vertex 11.7474 89.23 120
      vertex 11.0947 84.2728 120
      vertex 21.9996 82.1037 120
    endloop
  endfacet
  facet normal 0 0 1
    outer loop
      vertex 0 90 120
      vertex 11.0947 84.2728 120
      vertex 11.7474 89.23 120
    endloop
  endfacet
  facet normal 0 0 1
    outer loop
      vertex 0 90 120
      vertex 0 85 120
      vertex 11.0947 84.2728 120
    endloop
  endfacet
  facet normal 0 0 1
    outer loop
      vertex 0 90 120
      vertex -11.0947 84.2728 120
      vertex 0 85 120
    endloop
  endfacet
  facet normal -0 0 1
    outer loop
      vertex -11.7474 89.23 120
      vertex -11.0947 84.2728 120
      vertex 0 90 120
    endloop
  endfacet
  facet normal 0 0 1
    outer loop
      vertex -11.7474 89.23 120
      vertex -21.9996 82.1037 120
      vertex -11.0947 84.2728 120
    endloop
  endfacet
  facet normal -0 0 1
    outer loop
      vertex -23.2937 86.9333 120
      vertex -21.9996 82.1037 120
      vertex -11.7474 89.23 120
    endloop
  endfacet
  facet normal 0 0 1
    outer loop
      vertex -23.2937 86.9333 120
      vertex -32.5281 78.5298 120
      vertex -21.9996 82.1037 120
    endloop
  endfacet
  facet normal -0 0 1
    outer loop
      vertex -34.4415 83.1492 120
      vertex -32.5281 78.5298 120
      vertex -23.2937 86.9333 120
    endloop
  endfacet
  facet normal 0 0 1
    outer loop
      vertex -34.4415 83.1492 120
      vertex -42.5 73.6122 120
      vertex -32.5281 78.5298 120
    endloop
  endfacet
  facet normal -0 0 1
    outer loop
      vertex -45 77.9423 120
      vertex -42.5 73.6122 120
      vertex -34.4415 83.1492 120
    endloop
  endfacet
  facet normal 0 0 1
    outer loop
      vertex -45 77.9423 120
      vertex -51.7447 67.435 120
      vertex -42.5 73.6122 120
    endloop
  endfacet
  facet normal -0 0 1
    outer loop
      vertex -54.7885 71.4018 120
      vertex -51.7447 67.435 120
      vertex -45 77.9423 120
    endloop
  endfacet
  facet normal 0 0 1
    outer loop
      vertex -54.7885 71.4018 120
      vertex -60.1041 60.1041 120
      vertex -51.7447 67.435 120
    endloop
  endfacet
  facet normal -0 0 1
    outer loop
      vertex -63.6396 63.6396 120
      vertex -60.1041 60.1041 120
      vertex -54.7885 71.4018 120
    endloop
  endfacet
  facet normal 0 0 1
    outer loop
      vertex -63.6396 63.6396 120
      vertex -67.435 51.7447 120
      vertex -60.1041 60.1041 120
    endloop
  endfacet
  facet normal -0 0 1
    outer loop
      vertex -71.4018 54.7885 120
      vertex -67.435 51.7447 120
      vertex -63.6396 63.6396 120
    endloop
  endfacet
  facet normal 0 0 1
    outer loop
      vertex -71.4018 54.7885 120
      vertex -73.6122 42.5 120
      vertex -67.435 51.7447 120
    endloop
  endfacet
  facet normal -0 0 1
    outer loop
      vertex -77.9423 45 120
      vertex -73.6122 42.5 120
      vertex -71.4018 54.7885 120
    endloop
  endfacet
  facet normal 0 0 1
    outer loop
      vertex -77.9423 45 120
      vertex -78.5298 32.5281 120
      vertex -73.6122 42.5 120
    endloop
  endfacet
  facet normal -0 0 1
    outer loop
      vertex -83.1492 34.4415 120
      vertex -78.5298 32.5281 120
      vertex -77.9423 45 120
    endloop
  endfacet
  facet normal 0 0 1
    outer loop
      vertex -78.5298 32.5281 120
      vertex -83.1492 34.4415 120
      vertex -82.1037 21.9996 120
    endloop
  endfacet
  facet normal -0 0 1
    outer loop
      vertex -86.9333 23.2937 120
      vertex -82.1037 21.9996 120
      vertex -83.1492 34.4415 120
    endloop
  endfacet
  facet normal 0 0 1
    outer loop
      vertex -82.1037 21.9996 120
      vertex -86.9333 23.2937 120
      vertex -84.2728 11.0947 120
    endloop
  endfacet
  facet normal -0 0 1
    outer loop
      vertex -89.23 11.7474 120
      vertex -84.2728 11.0947 120
      vertex -86.9333 23.2937 120
    endloop
  endfacet
  facet normal 0 0 1
    outer loop
      vertex 89.23 -11.7474 120
      vertex 84.2728 -11.0947 120
      vertex 86.9333 -23.2937 120
    endloop
  endfacet
  facet normal -0 0 1
    outer loop
      vertex 82.1037 -21.9996 120
      vertex 86.9333 -23.2937 120
      vertex 84.2728 -11.0947 120
    endloop
  endfacet
  facet normal 0 0 1
    outer loop
      vertex 86.9333 -23.2937 120
      vertex 82.1037 -21.9996 120
      vertex 83.1492 -34.4415 120
    endloop
  endfacet
  facet normal -0 0 1
    outer loop
      vertex 78.5298 -32.5281 120
      vertex 83.1492 -34.4415 120
      vertex 82.1037 -21.9996 120
    endloop
  endfacet
  facet normal 0 0 1
    outer loop
      vertex 78.5298 -32.5281 120
      vertex 77.9423 -45 120
      vertex 83.1492 -34.4415 120
    endloop
  endfacet
  facet normal -0 0 1
    outer loop
      vertex 73.6122 -42.5 120
      vertex 77.9423 -45 120
      vertex 78.5298 -32.5281 120
    endloop
  endfacet
  facet normal 0 0 1
    outer loop
      vertex 73.6122 -42.5 120
      vertex 71.4018 -54.7885 120
      vertex 77.9423 -45 120
    endloop
  endfacet
  facet normal -0 0 1
    outer loop
      vertex 67.435 -51.7447 120
      vertex 71.4018 -54.7885 120
      vertex 73.6122 -42.5 120
    endloop
  endfacet
  facet normal 0 0 1
    outer loop
      vertex 67.435 -51.7447 120
      vertex 63.6396 -63.6396 120
      vertex 71.4018 -54.7885 120
    endloop
  endfacet
  facet normal -0 0 1
    outer loop
      vertex 60.1041 -60.1041 120
      vertex 63.6396 -63.6396 120
      vertex 67.435 -51.7447 120
    endloop
  endfacet
  facet normal 0 0 1
    outer loop
      vertex 60.1041 -60.1041 120
      vertex 54.7885 -71.4018 120
      vertex 63.6396 -63.6396 120
    endloop
  endfacet
  facet normal -0 0 1
    outer loop
      vertex 51.7447 -67.435 120
      vertex 54.7885 -71.4018 120
      vertex 60.1041 -60.1041 120
    endloop
  endfacet
  facet normal 0 0 1
    outer loop
      vertex 51.7447 -67.435 120
      vertex 45 -77.9423 120
      vertex 54.7885 -71.4018 120
    endloop
  endfacet
  facet normal -0 0 1
    outer loop
      vertex 42.5 -73.6122 120
      vertex 45 -77.9423 120
      vertex 51.7447 -67.435 120
    endloop
  endfacet
  facet normal 0 0 1
    outer loop
      vertex 42.5 -73.6122 120
      vertex 34.4415 -83.1492 120
      vertex 45 -77.9423 120
    endloop
  endfacet
  facet normal -0 0 1
    outer loop
      vertex 32.5281 -78.5298 120
      vertex 34.4415 -83.1492 120
      vertex 42.5 -73.6122 120
    endloop
  endfacet
  facet normal 0 0 1
    outer loop
      vertex 32.5281 -78.5298 120
      vertex 23.2937 -86.9333 120
      vertex 34.4415 -83.1492 120
    endloop
  endfacet
  facet normal -0 0 1
    outer loop
      vertex 21.9996 -82.1037 120
      vertex 23.2937 -86.9333 120
      vertex 32.5281 -78.5298 120
    endloop
  endfacet
  facet normal 0 0 1
    outer loop
      vertex 21.9996 -82.1037 120
      vertex 11.7474 -89.23 120
      vertex 23.2937 -86.9333 120
    endloop
  endfacet
  facet normal -0 0 1
    outer loop
      vertex 11.0947 -84.2728 120
      vertex 11.7474 -89.23 120
      vertex 21.9996 -82.1037 120
    endloop
  endfacet
  facet normal -0 0 1
    outer loop
      vertex 0 -85 120
      vertex 11.7474 -89.23 120
      vertex 11.0947 -84.2728 120
    endloop
  endfacet
  facet normal 0 0 1
    outer loop
      vertex 0 -85 120
      vertex 0 -90 120
      vertex 11.7474 -89.23 120
    endloop
  endfacet
  facet normal 0 0 1
    outer loop
      vertex -11.0947 -84.2728 120
      vertex 0 -90 120
      vertex 0 -85 120
    endloop
  endfacet
  facet normal 0 0 1
    outer loop
      vertex -11.0947 -84.2728 120
      vertex -11.7474 -89.23 120
      vertex 0 -90 120
    endloop
  endfacet
  facet normal 0 0 1
    outer loop
      vertex -21.9996 -82.1037 120
      vertex -11.7474 -89.23 120
      vertex -11.0947 -84.2728 120
    endloop
  endfacet
  facet normal 0 0 1
    outer loop
      vertex -21.9996 -82.1037 120
      vertex -23.2937 -86.9333 120
      vertex -11.7474 -89.23 120
    endloop
  endfacet
  facet normal 0 0 1
    outer loop
      vertex -32.5281 -78.5298 120
      vertex -23.2937 -86.9333 120
      vertex -21.9996 -82.1037 120
    endloop
  endfacet
  facet normal 0 0 1
    outer loop
      vertex -32.5281 -78.5298 120
      vertex -34.4415 -83.1492 120
      vertex -23.2937 -86.9333 120
    endloop
  endfacet
  facet normal 0 0 1
    outer loop
      vertex -42.5 -73.6122 120
      vertex -34.4415 -83.1492 120
      vertex -32.5281 -78.5298 120
    endloop
  endfacet
  facet normal 0 0 1
    outer loop
      vertex -42.5 -73.6122 120
      vertex -45 -77.9423 120
      vertex -34.4415 -83.1492 120
    endloop
  endfacet
  facet normal 0 0 1
    outer loop
      vertex -51.7447 -67.435 120
      vertex -45 -77.9423 120
      vertex -42.5 -73.6122 120
    endloop
  endfacet
  facet normal 0 0 1
    outer loop
      vertex -51.7447 -67.435 120
      vertex -54.7885 -71.4018 120
      vertex -45 -77.9423 120
    endloop
  endfacet
  facet normal 0 0 1
    outer loop
      vertex -60.1041 -60.1041 120
      vertex -54.7885 -71.4018 120
      vertex -51.7447 -67.435 120
    endloop
  endfacet
  facet normal 0 0 1
    outer loop
      vertex -60.1041 -60.1041 120
      vertex -63.6396 -63.6396 120
      vertex -54.7885 -71.4018 120
    endloop
  endfacet
  facet normal 0 0 1
    outer loop
      vertex -67.435 -51.7447 120
      vertex -63.6396 -63.6396 120
      vertex -60.1041 -60.1041 120
    endloop
  endfacet
  facet normal 0 0 1
    outer loop
      vertex -67.435 -51.7447 120
      vertex -71.4018 -54.7885 120
      vertex -63.6396 -63.6396 120
    endloop
  endfacet
  facet normal 0 0 1
    outer loop
      vertex -73.6122 -42.5 120
      vertex -71.4018 -54.7885 120
      vertex -67.435 -51.7447 120
    endloop
  endfacet
  facet normal 0 0 1
    outer loop
      vertex -73.6122 -42.5 120
      vertex -77.9423 -45 120
      vertex -71.4018 -54.7885 120
    endloop
  endfacet
  facet normal 0 0 1
    outer loop
      vertex -78.5298 -32.5281 120
      vertex -77.9423 -45 120
      vertex -73.6122 -42.5 120
    endloop
  endfacet
  facet normal 0 0 1
    outer loop
      vertex -83.1492 -34.4415 120
      vertex -78.5298 -32.5281 120
      vertex -82.1037 -21.9996 120
    endloop
  endfacet
  facet normal 0 0 1
    outer loop
      vertex -78.5298 -32.5281 120
      vertex -83.1492 -34.4415 120
      vertex -77.9423 -45 120
    endloop
  endfacet
  facet normal 0 0 1
    outer loop
      vertex -86.9333 -23.2937 120
      vertex -82.1037 -21.9996 120
      vertex -84.2728 -11.0947 120
    endloop
  endfacet
  facet normal 0 0 1
    outer loop
      vertex -89.23 -11.7474 120
      vertex -84.2728 -11.0947 120
      vertex -85 0 120
    endloop
  endfacet
  facet normal 0 0 1
    outer loop
      vertex -84.2728 11.0947 120
      vertex -89.23 11.7474 120
      vertex -85 0 120
    endloop
  endfacet
  facet normal 0 0 1
    outer loop
      vertex -82.1037 -21.9996 120
      vertex -86.9333 -23.2937 120
      vertex -83.1492 -34.4415 120
    endloop
  endfacet
  facet normal 0 0 1
    outer loop
      vertex -90 0 120
      vertex -85 0 120
      vertex -89.23 11.7474 120
    endloop
  endfacet
  facet normal 0 0 1
    outer loop
      vertex -84.2728 -11.0947 120
      vertex -89.23 -11.7474 120
      vertex -86.9333 -23.2937 120
    endloop
  endfacet
  facet normal 0 0 1
    outer loop
      vertex -85 0 120
      vertex -90 0 120
      vertex -89.23 -11.7474 120
    endloop
  endfacet
  facet normal -0.831468 -0.555572 0
    outer loop
      vertex -71.4018 -54.7885 -120
      vertex -77.9423 -45 120
      vertex -77.9423 -45 -120
    endloop
  endfacet
  facet normal -0.831468 -0.555572 0
    outer loop
      vertex -77.9423 -45 120
      vertex -71.4018 -54.7885 -120
      vertex -71.4018 -54.7885 120
    endloop
  endfacet
  facet normal -0.659346 0.75184 0
    outer loop
      vertex -54.7885 71.4018 -120
      vertex -63.6396 63.6396 120
      vertex -54.7885 71.4018 120
    endloop
  endfacet
  facet normal -0.659346 0.75184 0
    outer loop
      vertex -63.6396 63.6396 120
      vertex -54.7885 71.4018 -120
      vertex -63.6396 63.6396 -120
    endloop
  endfacet
  facet normal 0.831468 0.555572 0
    outer loop
      vertex 77.9423 45 120
      vertex 71.4018 54.7885 -120
      vertex 71.4018 54.7885 120
    endloop
  endfacet
  facet normal 0.831468 0.555572 0
    outer loop
      vertex 71.4018 54.7885 -120
      vertex 77.9423 45 120
      vertex 77.9423 45 -120
    endloop
  endfacet
  facet normal -0.896872 0.44229 0
    outer loop
      vertex -83.1492 34.4415 -120
      vertex -77.9423 45 120
      vertex -77.9423 45 -120
    endloop
  endfacet
  facet normal -0.896872 0.44229 0
    outer loop
      vertex -77.9423 45 120
      vertex -83.1492 34.4415 -120
      vertex -83.1492 34.4415 120
    endloop
  endfacet
  facet normal -0.997858 -0.0654114 0
    outer loop
      vertex -89.23 -11.7474 -120
      vertex -89.5 -7.62852 -95
      vertex -89.5 -7.62852 -120
    endloop
  endfacet
  facet normal -0.997856 -0.0654426 0
    outer loop
      vertex -89.3446 -10 -94.4869
      vertex -89.23 -11.7474 -120
      vertex -89.3446 -10 -46.8787
    endloop
  endfacet
  facet normal -0.99786 -0.0653893 -3.66716e-06
    outer loop
      vertex -89.5 -7.62852 -95
      vertex -89.23 -11.7474 -120
      vertex -89.3446 -10 -94.4869
    endloop
  endfacet
  facet normal -0.997859 -0.0653958 -3.39368e-05
    outer loop
      vertex -89.9296 -1.07335 -95
      vertex -89.5 -7.62852 -95
      vertex -89.3446 -10 -94.4869
    endloop
  endfacet
  facet normal -0.997859 -0.0654025 0
    outer loop
      vertex -90 0 -47.3167
      vertex -89.7706 -3.5 11.1604
      vertex -90 0 11.6524
    endloop
  endfacet
  facet normal -0.997859 -0.0653982 0
    outer loop
      vertex -89.7706 -3.5 11.1604
      vertex -89.3446 -10 -46.8787
      vertex -89.7706 -3.5 13.5373
    endloop
  endfacet
  facet normal -0.997859 -0.0653997 1.7109e-07
    outer loop
      vertex -89.3446 -10 -46.8787
      vertex -89.7706 -3.5 11.1604
      vertex -90 0 -47.3167
    endloop
  endfacet
  facet normal -0.997859 -0.0654025 0
    outer loop
      vertex -89.7706 -3.5 13.5373
      vertex -90 0 120
      vertex -90 0 13.4303
    endloop
  endfacet
  facet normal -0.997859 -0.0654021 4.2554e-07
    outer loop
      vertex -89.23 -11.7474 120
      vertex -89.7706 -3.5 13.5373
      vertex -89.3446 -10 -46.8787
    endloop
  endfacet
  facet normal -0.997859 -0.0654061 1.16839e-07
    outer loop
      vertex -89.7706 -3.5 13.5373
      vertex -89.23 -11.7474 120
      vertex -90 0 120
    endloop
  endfacet
  facet normal -0.997856 -0.0654426 -0
    outer loop
      vertex -89.23 -11.7474 120
      vertex -89.3446 -10 -46.8787
      vertex -89.23 -11.7474 -120
    endloop
  endfacet
  facet normal -0.659346 -0.75184 0
    outer loop
      vertex -63.6396 -63.6396 -120
      vertex -54.7885 -71.4018 120
      vertex -63.6396 -63.6396 120
    endloop
  endfacet
  facet normal -0.659346 -0.75184 -0
    outer loop
      vertex -54.7885 -71.4018 120
      vertex -63.6396 -63.6396 -120
      vertex -54.7885 -71.4018 -120
    endloop
  endfacet
  facet normal -0.321434 -0.946932 0
    outer loop
      vertex -34.4415 -83.1492 -120
      vertex -23.2937 -86.9333 120
      vertex -34.4415 -83.1492 120
    endloop
  endfacet
  facet normal -0.321434 -0.946932 -0
    outer loop
      vertex -23.2937 -86.9333 120
      vertex -34.4415 -83.1492 -120
      vertex -23.2937 -86.9333 -120
    endloop
  endfacet
  facet normal -0.19509 0.980785 0
    outer loop
      vertex -11.7474 89.23 -120
      vertex -23.2937 86.9333 120
      vertex -11.7474 89.23 120
    endloop
  endfacet
  facet normal -0.19509 0.980785 0
    outer loop
      vertex -23.2937 86.9333 120
      vertex -11.7474 89.23 -120
      vertex -23.2937 86.9333 -120
    endloop
  endfacet
  facet normal 0.75184 0.659346 0
    outer loop
      vertex 71.4018 54.7885 120
      vertex 63.6396 63.6396 -120
      vertex 63.6396 63.6396 120
    endloop
  endfacet
  facet normal 0.75184 0.659346 0
    outer loop
      vertex 63.6396 63.6396 -120
      vertex 71.4018 54.7885 120
      vertex 71.4018 54.7885 -120
    endloop
  endfacet
  facet normal -0.19509 -0.980785 0
    outer loop
      vertex -23.2937 -86.9333 -120
      vertex -11.7474 -89.23 120
      vertex -23.2937 -86.9333 120
    endloop
  endfacet
  facet normal -0.19509 -0.980785 -0
    outer loop
      vertex -11.7474 -89.23 120
      vertex -23.2937 -86.9333 -120
      vertex -11.7474 -89.23 -120
    endloop
  endfacet
  facet normal -0.555572 -0.831468 0
    outer loop
      vertex -54.7885 -71.4018 -120
      vertex -45 -77.9423 120
      vertex -54.7885 -71.4018 120
    endloop
  endfacet
  facet normal -0.555572 -0.831468 -0
    outer loop
      vertex -45 -77.9423 120
      vertex -54.7885 -71.4018 -120
      vertex -45 -77.9423 -120
    endloop
  endfacet
  facet normal 0.659346 -0.75184 0
    outer loop
      vertex 54.7885 -71.4018 -120
      vertex 63.6396 -63.6396 120
      vertex 54.7885 -71.4018 120
    endloop
  endfacet
  facet normal 0.659346 -0.75184 0
    outer loop
      vertex 63.6396 -63.6396 120
      vertex 54.7885 -71.4018 -120
      vertex 63.6396 -63.6396 -120
    endloop
  endfacet
  facet normal 0.555572 -0.831468 0
    outer loop
      vertex 45 -77.9423 -120
      vertex 54.7885 -71.4018 120
      vertex 45 -77.9423 120
    endloop
  endfacet
  facet normal 0.555572 -0.831468 0
    outer loop
      vertex 54.7885 -71.4018 120
      vertex 45 -77.9423 -120
      vertex 54.7885 -71.4018 -120
    endloop
  endfacet
  facet normal 0.896872 -0.44229 0
    outer loop
      vertex 77.9423 -45 120
      vertex 83.1492 -34.4415 -120
      vertex 83.1492 -34.4415 120
    endloop
  endfacet
  facet normal 0.896872 -0.44229 0
    outer loop
      vertex 83.1492 -34.4415 -120
      vertex 77.9423 -45 120
      vertex 77.9423 -45 -120
    endloop
  endfacet
  facet normal -0.0654061 -0.997859 0
    outer loop
      vertex -11.7474 -89.23 120
      vertex 0 -90 0.75
      vertex 0 -90 120
    endloop
  endfacet
  facet normal -0.0654061 -0.997859 0
    outer loop
      vertex -11.7474 -89.23 120
      vertex 0 -90 -0.75
      vertex 0 -90 0.75
    endloop
  endfacet
  facet normal -0.0654061 -0.997859 0
    outer loop
      vertex -11.7474 -89.23 -120
      vertex 0 -90 -0.75
      vertex -11.7474 -89.23 120
    endloop
  endfacet
  facet normal -0.0654061 -0.997859 -0
    outer loop
      vertex 0 -90 -0.75
      vertex -11.7474 -89.23 -120
      vertex 0 -90 -120
    endloop
  endfacet
  facet normal -0.980786 -0.195089 0
    outer loop
      vertex 84.2728 11.0947 -120
      vertex 82.1037 21.9996 120
      vertex 82.1037 21.9996 -120
    endloop
  endfacet
  facet normal -0.980786 -0.195089 0
    outer loop
      vertex 82.1037 21.9996 120
      vertex 84.2728 11.0947 -120
      vertex 84.2728 11.0947 120
    endloop
  endfacet
  facet normal -0.997859 -0.0654032 1.65919e-08
    outer loop
      vertex 85 0 -43.9758
      vertex 84.7706 3.5 94.2379
      vertex 84.5 7.62852 -43.6417
    endloop
  endfacet
  facet normal -0.997859 -0.0654025 0
    outer loop
      vertex 84.7706 3.5 94.2379
      vertex 85 0 -43.9758
      vertex 85 0 94.7298
    endloop
  endfacet
  facet normal -0.997856 -0.0654481 -0
    outer loop
      vertex 84.3446 10 -43.5651
      vertex 84.2728 11.0947 -120
      vertex 84.3446 10 -90.102
    endloop
  endfacet
  facet normal -0.997859 -0.0654045 -0
    outer loop
      vertex 85 0 -90.6768
      vertex 84.2728 11.0947 -120
      vertex 85 0 -120
    endloop
  endfacet
  facet normal -0.997859 -0.0653998 1.77724e-06
    outer loop
      vertex 84.2728 11.0947 -120
      vertex 85 0 -90.6768
      vertex 84.3446 10 -90.102
    endloop
  endfacet
  facet normal -0.997856 -0.0654481 0
    outer loop
      vertex 84.2728 11.0947 -120
      vertex 84.3446 10 -43.5651
      vertex 84.2728 11.0947 120
    endloop
  endfacet
  facet normal -0.99786 -0.0653885 4.58785e-07
    outer loop
      vertex 84.7706 3.5 94.2379
      vertex 84.3446 10 -43.5651
      vertex 84.5 7.62852 -43.6417
    endloop
  endfacet
  facet normal -0.997859 -0.0654044 -2.94091e-07
    outer loop
      vertex 84.3446 10 -43.5651
      vertex 84.7706 3.5 94.2379
      vertex 84.2728 11.0947 120
    endloop
  endfacet
  facet normal -0.997859 -0.0654054 -0
    outer loop
      vertex 84.7706 3.5 110.801
      vertex 84.2728 11.0947 120
      vertex 84.7706 3.5 94.2379
    endloop
  endfacet
  facet normal -0.997859 -0.0654025 -0
    outer loop
      vertex 85 0 120
      vertex 84.7706 3.5 110.801
      vertex 85 0 111.293
    endloop
  endfacet
  facet normal -0.997859 -0.0654045 -7.41305e-07
    outer loop
      vertex 84.7706 3.5 110.801
      vertex 85 0 120
      vertex 84.2728 11.0947 120
    endloop
  endfacet
  facet normal -0.0654045 -0.997859 0
    outer loop
      vertex 0 85 -120
      vertex 11.0947 84.2728 120
      vertex 0 85 120
    endloop
  endfacet
  facet normal -0.0654045 -0.997859 -0
    outer loop
      vertex 11.0947 84.2728 120
      vertex 0 85 -120
      vertex 11.0947 84.2728 -120
    endloop
  endfacet
  facet normal 0.659341 -0.751844 0
    outer loop
      vertex -60.1041 60.1041 -120
      vertex -51.7447 67.435 120
      vertex -60.1041 60.1041 120
    endloop
  endfacet
  facet normal 0.659341 -0.751844 0
    outer loop
      vertex -51.7447 67.435 120
      vertex -60.1041 60.1041 -120
      vertex -51.7447 67.435 -120
    endloop
  endfacet
  facet normal 0.195089 0.980786 -0
    outer loop
      vertex -11.0947 -84.2728 -120
      vertex -21.9996 -82.1037 120
      vertex -11.0947 -84.2728 120
    endloop
  endfacet
  facet normal 0.195089 0.980786 0
    outer loop
      vertex -21.9996 -82.1037 120
      vertex -11.0947 -84.2728 -120
      vertex -21.9996 -82.1037 -120
    endloop
  endfacet
  facet normal -0.555576 -0.831466 0
    outer loop
      vertex 42.5 73.6122 -120
      vertex 51.7447 67.435 120
      vertex 42.5 73.6122 120
    endloop
  endfacet
  facet normal -0.555576 -0.831466 -0
    outer loop
      vertex 51.7447 67.435 120
      vertex 42.5 73.6122 -120
      vertex 51.7447 67.435 -120
    endloop
  endfacet
  facet normal 0.980786 -0.195089 0
    outer loop
      vertex -84.2728 11.0947 120
      vertex -82.1037 21.9996 -120
      vertex -82.1037 21.9996 120
    endloop
  endfacet
  facet normal 0.980786 -0.195089 0
    outer loop
      vertex -82.1037 21.9996 -120
      vertex -84.2728 11.0947 120
      vertex -84.2728 11.0947 -120
    endloop
  endfacet
  facet normal 0.946931 -0.321436 0
    outer loop
      vertex -82.1037 21.9996 120
      vertex -78.5298 32.5281 -120
      vertex -78.5298 32.5281 120
    endloop
  endfacet
  facet normal 0.946931 -0.321436 0
    outer loop
      vertex -78.5298 32.5281 -120
      vertex -82.1037 21.9996 120
      vertex -82.1037 21.9996 -120
    endloop
  endfacet
  facet normal 0.555576 -0.831466 0
    outer loop
      vertex -51.7447 67.435 -120
      vertex -42.5 73.6122 120
      vertex -51.7447 67.435 120
    endloop
  endfacet
  facet normal 0.555576 -0.831466 0
    outer loop
      vertex -42.5 73.6122 120
      vertex -51.7447 67.435 -120
      vertex -42.5 73.6122 -120
    endloop
  endfacet
  facet normal 0.946931 0.321436 0
    outer loop
      vertex -78.5298 -32.5281 120
      vertex -82.1037 -21.9996 -120
      vertex -82.1037 -21.9996 120
    endloop
  endfacet
  facet normal 0.946931 0.321436 0
    outer loop
      vertex -82.1037 -21.9996 -120
      vertex -78.5298 -32.5281 120
      vertex -78.5298 -32.5281 -120
    endloop
  endfacet
  facet normal -0.321436 0.946931 0
    outer loop
      vertex 32.5281 -78.5298 -120
      vertex 21.9996 -82.1037 120
      vertex 32.5281 -78.5298 120
    endloop
  endfacet
  facet normal -0.321436 0.946931 0
    outer loop
      vertex 21.9996 -82.1037 120
      vertex 32.5281 -78.5298 -120
      vertex 21.9996 -82.1037 -120
    endloop
  endfacet
  facet normal 0.751844 -0.659341 0
    outer loop
      vertex -67.435 51.7447 120
      vertex -60.1041 60.1041 -120
      vertex -60.1041 60.1041 120
    endloop
  endfacet
  facet normal 0.751844 -0.659341 0
    outer loop
      vertex -60.1041 60.1041 -120
      vertex -67.435 51.7447 120
      vertex -67.435 51.7447 -120
    endloop
  endfacet
  facet normal 0.980786 0.195089 0
    outer loop
      vertex -82.1037 -21.9996 120
      vertex -84.2728 -11.0947 -120
      vertex -84.2728 -11.0947 120
    endloop
  endfacet
  facet normal 0.980786 0.195089 0
    outer loop
      vertex -84.2728 -11.0947 -120
      vertex -82.1037 -21.9996 120
      vertex -82.1037 -21.9996 -120
    endloop
  endfacet
  facet normal -0.195089 0.980786 0
    outer loop
      vertex 21.9996 -82.1037 -120
      vertex 11.0947 -84.2728 120
      vertex 21.9996 -82.1037 120
    endloop
  endfacet
  facet normal -0.195089 0.980786 0
    outer loop
      vertex 11.0947 -84.2728 120
      vertex 21.9996 -82.1037 -120
      vertex 11.0947 -84.2728 -120
    endloop
  endfacet
  facet normal 0.321436 -0.946931 0
    outer loop
      vertex -32.5281 78.5298 -120
      vertex -21.9996 82.1037 120
      vertex -32.5281 78.5298 120
    endloop
  endfacet
  facet normal 0.321436 -0.946931 0
    outer loop
      vertex -21.9996 82.1037 120
      vertex -32.5281 78.5298 -120
      vertex -21.9996 82.1037 -120
    endloop
  endfacet
  facet normal 0.997859 0.0654025 0
    outer loop
      vertex -85 0 120
      vertex -84.7706 -3.5 15.8688
      vertex -85 0 15.7618
    endloop
  endfacet
  facet normal 0.997859 0.0653982 0
    outer loop
      vertex -84.3446 -10 -43.5651
      vertex -84.7706 -3.5 0.437888
      vertex -84.7706 -3.5 15.8688
    endloop
  endfacet
  facet normal 0.997859 0.0654045 -6.54872e-08
    outer loop
      vertex -84.2728 -11.0947 120
      vertex -84.7706 -3.5 15.8688
      vertex -85 0 120
    endloop
  endfacet
  facet normal 0.99786 0.0653885 1.43212e-06
    outer loop
      vertex -84.7706 -3.5 0.437888
      vertex -84.3446 -10 -43.5651
      vertex -84.5 -7.62852 -43.6417
    endloop
  endfacet
  facet normal 0.997856 0.0654481 -0
    outer loop
      vertex -84.2728 -11.0947 -120
      vertex -84.3446 -10 -43.5651
      vertex -84.2728 -11.0947 120
    endloop
  endfacet
  facet normal 0.997859 0.065401 -3.16453e-07
    outer loop
      vertex -84.7706 -3.5 15.8688
      vertex -84.2728 -11.0947 120
      vertex -84.3446 -10 -43.5651
    endloop
  endfacet
  facet normal 0.997859 0.0654025 0
    outer loop
      vertex -84.7706 -3.5 0.437888
      vertex -85 0 -43.9758
      vertex -85 0 0.929843
    endloop
  endfacet
  facet normal 0.997859 0.0654032 5.17546e-08
    outer loop
      vertex -85 0 -43.9758
      vertex -84.7706 -3.5 0.437888
      vertex -84.5 -7.62852 -43.6417
    endloop
  endfacet
  facet normal 0.997859 0.0653998 1.77724e-06
    outer loop
      vertex -84.2728 -11.0947 -120
      vertex -85 0 -90.6768
      vertex -84.3446 -10 -90.102
    endloop
  endfacet
  facet normal 0.997859 0.0654045 0
    outer loop
      vertex -85 0 -90.6768
      vertex -84.2728 -11.0947 -120
      vertex -85 0 -120
    endloop
  endfacet
  facet normal 0.997856 0.0654481 0
    outer loop
      vertex -84.3446 -10 -43.5651
      vertex -84.2728 -11.0947 -120
      vertex -84.3446 -10 -90.102
    endloop
  endfacet
  facet normal -0.195089 -0.980786 0
    outer loop
      vertex 11.0947 84.2728 -120
      vertex 21.9996 82.1037 120
      vertex 11.0947 84.2728 120
    endloop
  endfacet
  facet normal -0.195089 -0.980786 -0
    outer loop
      vertex 21.9996 82.1037 120
      vertex 11.0947 84.2728 -120
      vertex 21.9996 82.1037 -120
    endloop
  endfacet
  facet normal -0.831466 0.555576 0
    outer loop
      vertex 67.435 -51.7447 -120
      vertex 73.6122 -42.5 120
      vertex 73.6122 -42.5 -120
    endloop
  endfacet
  facet normal -0.831466 0.555576 0
    outer loop
      vertex 73.6122 -42.5 120
      vertex 67.435 -51.7447 -120
      vertex 67.435 -51.7447 120
    endloop
  endfacet
  facet normal 0.751844 0.659341 0
    outer loop
      vertex -60.1041 -60.1041 120
      vertex -67.435 -51.7447 -120
      vertex -67.435 -51.7447 120
    endloop
  endfacet
  facet normal 0.751844 0.659341 0
    outer loop
      vertex -67.435 -51.7447 -120
      vertex -60.1041 -60.1041 120
      vertex -60.1041 -60.1041 -120
    endloop
  endfacet
  facet normal -0.831466 -0.555576 0
    outer loop
      vertex 73.6122 42.5 -120
      vertex 67.435 51.7447 120
      vertex 67.435 51.7447 -120
    endloop
  endfacet
  facet normal -0.831466 -0.555576 0
    outer loop
      vertex 67.435 51.7447 120
      vertex 73.6122 42.5 -120
      vertex 73.6122 42.5 120
    endloop
  endfacet
  facet normal -0.946931 0.321436 0
    outer loop
      vertex 78.5298 -32.5281 -120
      vertex 82.1037 -21.9996 120
      vertex 82.1037 -21.9996 -120
    endloop
  endfacet
  facet normal -0.946931 0.321436 0
    outer loop
      vertex 82.1037 -21.9996 120
      vertex 78.5298 -32.5281 -120
      vertex 78.5298 -32.5281 120
    endloop
  endfacet
  facet normal -0.997859 0.0654045 0
    outer loop
      vertex 84.2728 -11.0947 -120
      vertex 85 0 -90.6768
      vertex 85 0 -120
    endloop
  endfacet
  facet normal -0.997856 0.0654481 0
    outer loop
      vertex 84.3446 -10 -90.102
      vertex 84.2728 -11.0947 -120
      vertex 84.3446 -10 -43.5651
    endloop
  endfacet
  facet normal -0.997859 0.0653998 1.77724e-06
    outer loop
      vertex 85 0 -90.6768
      vertex 84.2728 -11.0947 -120
      vertex 84.3446 -10 -90.102
    endloop
  endfacet
  facet normal -0.997859 0.0654025 0
    outer loop
      vertex 85 0 -43.9758
      vertex 84.7706 -3.5 94.2379
      vertex 85 0 94.7298
    endloop
  endfacet
  facet normal -0.99786 0.0653885 4.58785e-07
    outer loop
      vertex 84.3446 -10 -43.5651
      vertex 84.7706 -3.5 94.2379
      vertex 84.5 -7.62852 -43.6417
    endloop
  endfacet
  facet normal -0.997859 0.0654032 1.65919e-08
    outer loop
      vertex 84.5 -7.62852 -43.6417
      vertex 84.7706 -3.5 94.2379
      vertex 85 0 -43.9758
    endloop
  endfacet
  facet normal -0.997859 0.0654025 0
    outer loop
      vertex 84.7706 -3.5 110.801
      vertex 85 0 120
      vertex 85 0 111.293
    endloop
  endfacet
  facet normal -0.997859 0.0654044 -2.94091e-07
    outer loop
      vertex 84.2728 -11.0947 120
      vertex 84.7706 -3.5 94.2379
      vertex 84.3446 -10 -43.5651
    endloop
  endfacet
  facet normal -0.997859 0.0654045 -7.41305e-07
    outer loop
      vertex 84.7706 -3.5 110.801
      vertex 84.2728 -11.0947 120
      vertex 85 0 120
    endloop
  endfacet
  facet normal -0.997859 0.0654054 0
    outer loop
      vertex 84.7706 -3.5 94.2379
      vertex 84.2728 -11.0947 120
      vertex 84.7706 -3.5 110.801
    endloop
  endfacet
  facet normal -0.997856 0.0654481 0
    outer loop
      vertex 84.2728 -11.0947 120
      vertex 84.3446 -10 -43.5651
      vertex 84.2728 -11.0947 -120
    endloop
  endfacet
  facet normal 0.195089 -0.980786 0
    outer loop
      vertex -21.9996 82.1037 -120
      vertex -11.0947 84.2728 120
      vertex -21.9996 82.1037 120
    endloop
  endfacet
  facet normal 0.195089 -0.980786 0
    outer loop
      vertex -11.0947 84.2728 120
      vertex -21.9996 82.1037 -120
      vertex -11.0947 84.2728 -120
    endloop
  endfacet
  facet normal -0.659341 -0.751844 0
    outer loop
      vertex 51.7447 67.435 -120
      vertex 60.1041 60.1041 120
      vertex 51.7447 67.435 120
    endloop
  endfacet
  facet normal -0.659341 -0.751844 -0
    outer loop
      vertex 60.1041 60.1041 120
      vertex 51.7447 67.435 -120
      vertex 60.1041 60.1041 -120
    endloop
  endfacet
  facet normal -0.751844 -0.659341 0
    outer loop
      vertex 67.435 51.7447 -120
      vertex 60.1041 60.1041 120
      vertex 60.1041 60.1041 -120
    endloop
  endfacet
  facet normal -0.751844 -0.659341 0
    outer loop
      vertex 60.1041 60.1041 120
      vertex 67.435 51.7447 -120
      vertex 67.435 51.7447 120
    endloop
  endfacet
  facet normal 0.831466 0.555576 0
    outer loop
      vertex -67.435 -51.7447 120
      vertex -73.6122 -42.5 -120
      vertex -73.6122 -42.5 120
    endloop
  endfacet
  facet normal 0.831466 0.555576 0
    outer loop
      vertex -73.6122 -42.5 -120
      vertex -67.435 -51.7447 120
      vertex -67.435 -51.7447 -120
    endloop
  endfacet
  facet normal 0.321436 0.946931 -0
    outer loop
      vertex -21.9996 -82.1037 -120
      vertex -32.5281 -78.5298 120
      vertex -21.9996 -82.1037 120
    endloop
  endfacet
  facet normal 0.321436 0.946931 0
    outer loop
      vertex -32.5281 -78.5298 120
      vertex -21.9996 -82.1037 -120
      vertex -32.5281 -78.5298 -120
    endloop
  endfacet
  facet normal -0.980786 0.195089 0
    outer loop
      vertex 82.1037 -21.9996 -120
      vertex 84.2728 -11.0947 120
      vertex 84.2728 -11.0947 -120
    endloop
  endfacet
  facet normal -0.980786 0.195089 0
    outer loop
      vertex 84.2728 -11.0947 120
      vertex 82.1037 -21.9996 -120
      vertex 82.1037 -21.9996 120
    endloop
  endfacet
  facet normal 0.0654045 -0.997859 0
    outer loop
      vertex -11.0947 84.2728 -120
      vertex 0 85 120
      vertex -11.0947 84.2728 120
    endloop
  endfacet
  facet normal 0.0654045 -0.997859 0
    outer loop
      vertex 0 85 120
      vertex -11.0947 84.2728 -120
      vertex 0 85 -120
    endloop
  endfacet
  facet normal -0.0654045 0.997859 -4.84703e-08
    outer loop
      vertex 11.0947 -84.2728 120
      vertex 3.5 -84.7706 -20.6896
      vertex 0 -85 120
    endloop
  endfacet
  facet normal -0.0654054 0.997859 0
    outer loop
      vertex 11.0947 -84.2728 -120
      vertex 3.5 -84.7706 -20.6896
      vertex 11.0947 -84.2728 120
    endloop
  endfacet
  facet normal -0.0654054 0.997859 0
    outer loop
      vertex 3.5 -84.7706 -20.6896
      vertex 11.0947 -84.2728 -120
      vertex 3.5 -84.7706 -33.3621
    endloop
  endfacet
  facet normal -0.0654025 0.997859 0
    outer loop
      vertex 0 -85 120
      vertex 3.5 -84.7706 -20.6896
      vertex 0 -85 -20.7966
    endloop
  endfacet
  facet normal -0.0654045 0.997859 7.87099e-08
    outer loop
      vertex 0 -85 -120
      vertex 3.5 -84.7706 -33.3621
      vertex 11.0947 -84.2728 -120
    endloop
  endfacet
  facet normal -0.0654025 0.997859 0
    outer loop
      vertex 3.5 -84.7706 -33.3621
      vertex 0 -85 -120
      vertex 0 -85 -32.8702
    endloop
  endfacet
  facet normal -0.555576 0.831466 0
    outer loop
      vertex 51.7447 -67.435 -120
      vertex 42.5 -73.6122 120
      vertex 51.7447 -67.435 120
    endloop
  endfacet
  facet normal -0.555576 0.831466 0
    outer loop
      vertex 42.5 -73.6122 120
      vertex 51.7447 -67.435 -120
      vertex 42.5 -73.6122 -120
    endloop
  endfacet
  facet normal 0.0654025 0.997859 0
    outer loop
      vertex 0 -85 -32.8702
      vertex 0 -85 -120
      vertex -3.5 -84.7706 -33.3621
    endloop
  endfacet
  facet normal 0.0654045 0.997859 -4.84703e-08
    outer loop
      vertex 0 -85 120
      vertex -3.5 -84.7706 -20.6896
      vertex -11.0947 -84.2728 120
    endloop
  endfacet
  facet normal 0.0654025 0.997859 0
    outer loop
      vertex -3.5 -84.7706 -20.6896
      vertex 0 -85 120
      vertex 0 -85 -20.7966
    endloop
  endfacet
  facet normal 0.0654054 0.997859 0
    outer loop
      vertex -11.0947 -84.2728 -120
      vertex -3.5 -84.7706 -20.6896
      vertex -3.5 -84.7706 -33.3621
    endloop
  endfacet
  facet normal 0.0654045 0.997859 7.87099e-08
    outer loop
      vertex -11.0947 -84.2728 -120
      vertex -3.5 -84.7706 -33.3621
      vertex 0 -85 -120
    endloop
  endfacet
  facet normal 0.0654054 0.997859 0
    outer loop
      vertex -3.5 -84.7706 -20.6896
      vertex -11.0947 -84.2728 -120
      vertex -11.0947 -84.2728 120
    endloop
  endfacet
  facet normal -0.659341 0.751844 0
    outer loop
      vertex 60.1041 -60.1041 -120
      vertex 51.7447 -67.435 120
      vertex 60.1041 -60.1041 120
    endloop
  endfacet
  facet normal -0.659341 0.751844 0
    outer loop
      vertex 51.7447 -67.435 120
      vertex 60.1041 -60.1041 -120
      vertex 51.7447 -67.435 -120
    endloop
  endfacet
  facet normal -0.751844 0.659341 0
    outer loop
      vertex 60.1041 -60.1041 -120
      vertex 67.435 -51.7447 120
      vertex 67.435 -51.7447 -120
    endloop
  endfacet
  facet normal -0.751844 0.659341 0
    outer loop
      vertex 67.435 -51.7447 120
      vertex 60.1041 -60.1041 -120
      vertex 60.1041 -60.1041 120
    endloop
  endfacet
  facet normal -0.442289 -0.896873 0
    outer loop
      vertex 32.5281 78.5298 -120
      vertex 42.5 73.6122 120
      vertex 32.5281 78.5298 120
    endloop
  endfacet
  facet normal -0.442289 -0.896873 -0
    outer loop
      vertex 42.5 73.6122 120
      vertex 32.5281 78.5298 -120
      vertex 42.5 73.6122 -120
    endloop
  endfacet
  facet normal -0.896873 -0.442289 0
    outer loop
      vertex 78.5298 32.5281 -120
      vertex 73.6122 42.5 120
      vertex 73.6122 42.5 -120
    endloop
  endfacet
  facet normal -0.896873 -0.442289 0
    outer loop
      vertex 73.6122 42.5 120
      vertex 78.5298 32.5281 -120
      vertex 78.5298 32.5281 120
    endloop
  endfacet
  facet normal -0.321436 -0.946931 0
    outer loop
      vertex 21.9996 82.1037 -120
      vertex 32.5281 78.5298 120
      vertex 21.9996 82.1037 120
    endloop
  endfacet
  facet normal -0.321436 -0.946931 -0
    outer loop
      vertex 32.5281 78.5298 120
      vertex 21.9996 82.1037 -120
      vertex 32.5281 78.5298 -120
    endloop
  endfacet
  facet normal -0.946931 -0.321436 0
    outer loop
      vertex 82.1037 21.9996 -120
      vertex 78.5298 32.5281 120
      vertex 78.5298 32.5281 -120
    endloop
  endfacet
  facet normal -0.946931 -0.321436 0
    outer loop
      vertex 78.5298 32.5281 120
      vertex 82.1037 21.9996 -120
      vertex 82.1037 21.9996 120
    endloop
  endfacet
  facet normal 0.659341 0.751844 -0
    outer loop
      vertex -51.7447 -67.435 -120
      vertex -60.1041 -60.1041 120
      vertex -51.7447 -67.435 120
    endloop
  endfacet
  facet normal 0.659341 0.751844 0
    outer loop
      vertex -60.1041 -60.1041 120
      vertex -51.7447 -67.435 -120
      vertex -60.1041 -60.1041 -120
    endloop
  endfacet
  facet normal -0.896873 0.442289 0
    outer loop
      vertex 73.6122 -42.5 -120
      vertex 78.5298 -32.5281 120
      vertex 78.5298 -32.5281 -120
    endloop
  endfacet
  facet normal -0.896873 0.442289 0
    outer loop
      vertex 78.5298 -32.5281 120
      vertex 73.6122 -42.5 -120
      vertex 73.6122 -42.5 120
    endloop
  endfacet
  facet normal 0.997856 -0.0654481 0
    outer loop
      vertex -84.2728 11.0947 120
      vertex -84.3446 10 -43.5651
      vertex -84.2728 11.0947 -120
    endloop
  endfacet
  facet normal 0.997859 -0.065401 -3.16453e-07
    outer loop
      vertex -84.7706 3.5 15.8688
      vertex -84.3446 10 -43.5651
      vertex -84.2728 11.0947 120
    endloop
  endfacet
  facet normal 0.997859 -0.0653982 0
    outer loop
      vertex -84.7706 3.5 0.437888
      vertex -84.3446 10 -43.5651
      vertex -84.7706 3.5 15.8688
    endloop
  endfacet
  facet normal 0.997859 -0.0654045 -6.54872e-08
    outer loop
      vertex -85 0 120
      vertex -84.7706 3.5 15.8688
      vertex -84.2728 11.0947 120
    endloop
  endfacet
  facet normal 0.997859 -0.0654025 0
    outer loop
      vertex -84.7706 3.5 15.8688
      vertex -85 0 120
      vertex -85 0 15.7618
    endloop
  endfacet
  facet normal 0.997856 -0.0654481 0
    outer loop
      vertex -84.3446 10 -90.102
      vertex -84.2728 11.0947 -120
      vertex -84.3446 10 -43.5651
    endloop
  endfacet
  facet normal 0.997859 -0.0653998 1.77724e-06
    outer loop
      vertex -85 0 -90.6768
      vertex -84.2728 11.0947 -120
      vertex -84.3446 10 -90.102
    endloop
  endfacet
  facet normal 0.997859 -0.0654045 0
    outer loop
      vertex -84.2728 11.0947 -120
      vertex -85 0 -90.6768
      vertex -85 0 -120
    endloop
  endfacet
  facet normal 0.99786 -0.0653885 1.43212e-06
    outer loop
      vertex -84.3446 10 -43.5651
      vertex -84.7706 3.5 0.437888
      vertex -84.5 7.62852 -43.6417
    endloop
  endfacet
  facet normal 0.997859 -0.0654025 0
    outer loop
      vertex -85 0 -43.9758
      vertex -84.7706 3.5 0.437888
      vertex -85 0 0.929843
    endloop
  endfacet
  facet normal 0.997859 -0.0654032 5.17546e-08
    outer loop
      vertex -84.7706 3.5 0.437888
      vertex -85 0 -43.9758
      vertex -84.5 7.62852 -43.6417
    endloop
  endfacet
  facet normal -0.442289 0.896873 0
    outer loop
      vertex 42.5 -73.6122 -120
      vertex 32.5281 -78.5298 120
      vertex 42.5 -73.6122 120
    endloop
  endfacet
  facet normal -0.442289 0.896873 0
    outer loop
      vertex 32.5281 -78.5298 120
      vertex 42.5 -73.6122 -120
      vertex 32.5281 -78.5298 -120
    endloop
  endfacet
  facet normal 0.442289 0.896873 -0
    outer loop
      vertex -32.5281 -78.5298 -120
      vertex -42.5 -73.6122 120
      vertex -32.5281 -78.5298 120
    endloop
  endfacet
  facet normal 0.442289 0.896873 0
    outer loop
      vertex -42.5 -73.6122 120
      vertex -32.5281 -78.5298 -120
      vertex -42.5 -73.6122 -120
    endloop
  endfacet
  facet normal 0.442289 -0.896873 0
    outer loop
      vertex -42.5 73.6122 -120
      vertex -32.5281 78.5298 120
      vertex -42.5 73.6122 120
    endloop
  endfacet
  facet normal 0.442289 -0.896873 0
    outer loop
      vertex -32.5281 78.5298 120
      vertex -42.5 73.6122 -120
      vertex -32.5281 78.5298 -120
    endloop
  endfacet
  facet normal 0.896873 0.442289 0
    outer loop
      vertex -73.6122 -42.5 120
      vertex -78.5298 -32.5281 -120
      vertex -78.5298 -32.5281 120
    endloop
  endfacet
  facet normal 0.896873 0.442289 0
    outer loop
      vertex -78.5298 -32.5281 -120
      vertex -73.6122 -42.5 120
      vertex -73.6122 -42.5 -120
    endloop
  endfacet
  facet normal 0.896873 -0.442289 0
    outer loop
      vertex -78.5298 32.5281 120
      vertex -73.6122 42.5 -120
      vertex -73.6122 42.5 120
    endloop
  endfacet
  facet normal 0.896873 -0.442289 0
    outer loop
      vertex -73.6122 42.5 -120
      vertex -78.5298 32.5281 120
      vertex -78.5298 32.5281 -120
    endloop
  endfacet
  facet normal 0.831466 -0.555576 0
    outer loop
      vertex -73.6122 42.5 120
      vertex -67.435 51.7447 -120
      vertex -67.435 51.7447 120
    endloop
  endfacet
  facet normal 0.831466 -0.555576 0
    outer loop
      vertex -67.435 51.7447 -120
      vertex -73.6122 42.5 120
      vertex -73.6122 42.5 -120
    endloop
  endfacet
  facet normal 0.555576 0.831466 -0
    outer loop
      vertex -42.5 -73.6122 -120
      vertex -51.7447 -67.435 120
      vertex -42.5 -73.6122 120
    endloop
  endfacet
  facet normal 0.555576 0.831466 0
    outer loop
      vertex -51.7447 -67.435 120
      vertex -42.5 -73.6122 -120
      vertex -51.7447 -67.435 -120
    endloop
  endfacet
  facet normal 0.980785 0.19509 0
    outer loop
      vertex 83.2814 10.9642 -78.5
      vertex 81.1378 21.7408 -81.5
      vertex 81.1378 21.7408 -78.5
    endloop
  endfacet
  facet normal 0.980785 0.19509 0
    outer loop
      vertex 81.1378 21.7408 -81.5
      vertex 83.2814 10.9642 -78.5
      vertex 83.2814 10.9642 -81.5
    endloop
  endfacet
  facet normal 0.997859 0.0654062 0
    outer loop
      vertex 83.3446 10 -78.5
      vertex 83.2814 10.9642 -81.5
      vertex 83.2814 10.9642 -78.5
    endloop
  endfacet
  facet normal 0.997859 0.0654062 0
    outer loop
      vertex 83.2814 10.9642 -81.5
      vertex 83.3446 10 -78.5
      vertex 83.3446 10 -81.5
    endloop
  endfacet
  facet normal -0.659346 0.75184 0
    outer loop
      vertex -51.136 66.6417 -81.5
      vertex -59.397 59.397 -78.5
      vertex -51.136 66.6417 -78.5
    endloop
  endfacet
  facet normal -0.659346 0.75184 0
    outer loop
      vertex -59.397 59.397 -78.5
      vertex -51.136 66.6417 -81.5
      vertex -59.397 59.397 -81.5
    endloop
  endfacet
  facet normal -0.75184 0.659346 0
    outer loop
      vertex -66.6417 51.136 -81.5
      vertex -59.397 59.397 -78.5
      vertex -59.397 59.397 -81.5
    endloop
  endfacet
  facet normal -0.75184 0.659346 0
    outer loop
      vertex -59.397 59.397 -78.5
      vertex -66.6417 51.136 -81.5
      vertex -66.6417 51.136 -78.5
    endloop
  endfacet
  facet normal 0.555565 -0.831473 0
    outer loop
      vertex 42 -72.7461 -81.5
      vertex 51.136 -66.6417 -78.5
      vertex 42 -72.7461 -78.5
    endloop
  endfacet
  facet normal 0.555565 -0.831473 0
    outer loop
      vertex 51.136 -66.6417 -78.5
      vertex 42 -72.7461 -81.5
      vertex 51.136 -66.6417 -81.5
    endloop
  endfacet
  facet normal -0.94693 -0.321441 0
    outer loop
      vertex -77.6059 -32.1454 -81.5
      vertex -81.1378 -21.7408 -78.5
      vertex -81.1378 -21.7408 -81.5
    endloop
  endfacet
  facet normal -0.94693 -0.321441 0
    outer loop
      vertex -81.1378 -21.7408 -78.5
      vertex -77.6059 -32.1454 -81.5
      vertex -77.6059 -32.1454 -78.5
    endloop
  endfacet
  facet normal 0.980785 -0.19509 0
    outer loop
      vertex 81.1378 -21.7408 -78.5
      vertex 83.2814 -10.9642 -81.5
      vertex 83.2814 -10.9642 -78.5
    endloop
  endfacet
  facet normal 0.980785 -0.19509 0
    outer loop
      vertex 83.2814 -10.9642 -81.5
      vertex 81.1378 -21.7408 -78.5
      vertex 81.1378 -21.7408 -81.5
    endloop
  endfacet
  facet normal 0.321441 0.94693 -0
    outer loop
      vertex 32.1454 77.6059 -81.5
      vertex 21.7408 81.1378 -78.5
      vertex 32.1454 77.6059 -78.5
    endloop
  endfacet
  facet normal 0.321441 0.94693 0
    outer loop
      vertex 21.7408 81.1378 -78.5
      vertex 32.1454 77.6059 -81.5
      vertex 21.7408 81.1378 -81.5
    endloop
  endfacet
  facet normal 0.0654003 -0.997859 0
    outer loop
      vertex 0 -84 -81.5
      vertex 10.9642 -83.2814 -78.5
      vertex 0 -84 -78.5
    endloop
  endfacet
  facet normal 0.0654003 -0.997859 0
    outer loop
      vertex 10.9642 -83.2814 -78.5
      vertex 0 -84 -81.5
      vertex 10.9642 -83.2814 -81.5
    endloop
  endfacet
  facet normal 0.442292 0.896871 -0
    outer loop
      vertex 42 72.7461 -81.5
      vertex 32.1454 77.6059 -78.5
      vertex 42 72.7461 -78.5
    endloop
  endfacet
  facet normal 0.442292 0.896871 0
    outer loop
      vertex 32.1454 77.6059 -78.5
      vertex 42 72.7461 -81.5
      vertex 32.1454 77.6059 -81.5
    endloop
  endfacet
  facet normal -0.555565 0.831473 0
    outer loop
      vertex -42 72.7461 -81.5
      vertex -51.136 66.6417 -78.5
      vertex -42 72.7461 -78.5
    endloop
  endfacet
  facet normal -0.555565 0.831473 0
    outer loop
      vertex -51.136 66.6417 -78.5
      vertex -42 72.7461 -81.5
      vertex -51.136 66.6417 -81.5
    endloop
  endfacet
  facet normal 0.831473 -0.555565 0
    outer loop
      vertex 66.6417 -51.136 -78.5
      vertex 72.7461 -42 -81.5
      vertex 72.7461 -42 -78.5
    endloop
  endfacet
  facet normal 0.831473 -0.555565 0
    outer loop
      vertex 72.7461 -42 -81.5
      vertex 66.6417 -51.136 -78.5
      vertex 66.6417 -51.136 -81.5
    endloop
  endfacet
  facet normal -0.321441 0.94693 0
    outer loop
      vertex -21.7408 81.1378 -81.5
      vertex -32.1454 77.6059 -78.5
      vertex -21.7408 81.1378 -78.5
    endloop
  endfacet
  facet normal -0.321441 0.94693 0
    outer loop
      vertex -32.1454 77.6059 -78.5
      vertex -21.7408 81.1378 -81.5
      vertex -32.1454 77.6059 -81.5
    endloop
  endfacet
  facet normal 0 0 1
    outer loop
      vertex 68.4174 10 -78.5
      vertex 83.2814 10.9642 -78.5
      vertex 81.1378 21.7408 -78.5
    endloop
  endfacet
  facet normal 0 0 1
    outer loop
      vertex 68.4174 10 -78.5
      vertex 81.1378 21.7408 -78.5
      vertex 77.6059 32.1454 -78.5
    endloop
  endfacet
  facet normal 0 0 1
    outer loop
      vertex 55 14 -78.5
      vertex 77.6059 32.1454 -78.5
      vertex 72.7461 42 -78.5
    endloop
  endfacet
  facet normal 0 0 1
    outer loop
      vertex 83.2814 10.9642 -78.5
      vertex 68.4174 10 -78.5
      vertex 83.3446 10 -78.5
    endloop
  endfacet
  facet normal 0 0 1
    outer loop
      vertex 77.6059 32.1454 -78.5
      vertex 55 14 -78.5
      vertex 68.4174 10 -78.5
    endloop
  endfacet
  facet normal 0 0 1
    outer loop
      vertex 55 14 -78.5
      vertex 72.7461 42 -78.5
      vertex 66.6417 51.136 -78.5
    endloop
  endfacet
  facet normal -0 0 1
    outer loop
      vertex 68.4174 -10 -78.5
      vertex 83.2814 -10.9642 -78.5
      vertex 83.3446 -10 -78.5
    endloop
  endfacet
  facet normal 0 0 1
    outer loop
      vertex 83.2814 -10.9642 -78.5
      vertex 68.4174 -10 -78.5
      vertex 81.1378 -21.7408 -78.5
    endloop
  endfacet
  facet normal 0 0 1
    outer loop
      vertex 81.1378 -21.7408 -78.5
      vertex 68.4174 -10 -78.5
      vertex 77.6059 -32.1454 -78.5
    endloop
  endfacet
  facet normal -0 0 1
    outer loop
      vertex 55 -14 -78.5
      vertex 77.6059 -32.1454 -78.5
      vertex 68.4174 -10 -78.5
    endloop
  endfacet
  facet normal 0 0 1
    outer loop
      vertex 77.6059 -32.1454 -78.5
      vertex 55 -14 -78.5
      vertex 72.7461 -42 -78.5
    endloop
  endfacet
  facet normal 0 0 1
    outer loop
      vertex 68.4174 10 -78.5
      vertex 55 14 -78.5
      vertex 68.4174 -10 -78.5
    endloop
  endfacet
  facet normal 0 0 1
    outer loop
      vertex 35.7009 27.3943 -78.5
      vertex 66.6417 51.136 -78.5
      vertex 59.397 59.397 -78.5
    endloop
  endfacet
  facet normal 0 0 1
    outer loop
      vertex 55 -14 -78.5
      vertex 68.4174 -10 -78.5
      vertex 55 14 -78.5
    endloop
  endfacet
  facet normal -0 0 1
    outer loop
      vertex 38.9711 -22.5 -78.5
      vertex 72.7461 -42 -78.5
      vertex 55 -14 -78.5
    endloop
  endfacet
  facet normal 0 0 1
    outer loop
      vertex 31.8198 31.8198 -78.5
      vertex 59.397 59.397 -78.5
      vertex 51.136 66.6417 -78.5
    endloop
  endfacet
  facet normal 0 0 1
    outer loop
      vertex 66.6417 51.136 -78.5
      vertex 35.7009 27.3943 -78.5
      vertex 38.9711 22.5 -78.5
    endloop
  endfacet
  facet normal 0 0 1
    outer loop
      vertex 27.3943 35.7009 -78.5
      vertex 51.136 66.6417 -78.5
      vertex 42 72.7461 -78.5
    endloop
  endfacet
  facet normal 0 0 1
    outer loop
      vertex 55 14 -78.5
      vertex 41.5746 17.2208 -78.5
      vertex 42.6679 14 -78.5
    endloop
  endfacet
  facet normal 0 0 1
    outer loop
      vertex 55 14 -78.5
      vertex 38.9711 22.5 -78.5
      vertex 41.5746 17.2208 -78.5
    endloop
  endfacet
  facet normal 0 0 1
    outer loop
      vertex 66.6417 51.136 -78.5
      vertex 38.9711 22.5 -78.5
      vertex 55 14 -78.5
    endloop
  endfacet
  facet normal 0 0 1
    outer loop
      vertex 22.5 38.9711 -78.5
      vertex 42 72.7461 -78.5
      vertex 32.1454 77.6059 -78.5
    endloop
  endfacet
  facet normal 0 0 1
    outer loop
      vertex 59.397 59.397 -78.5
      vertex 31.8198 31.8198 -78.5
      vertex 35.7009 27.3943 -78.5
    endloop
  endfacet
  facet normal 0 0 1
    outer loop
      vertex 51.136 66.6417 -78.5
      vertex 27.3943 35.7009 -78.5
      vertex 31.8198 31.8198 -78.5
    endloop
  endfacet
  facet normal 0 0 1
    outer loop
      vertex 42 72.7461 -78.5
      vertex 22.5 38.9711 -78.5
      vertex 27.3943 35.7009 -78.5
    endloop
  endfacet
  facet normal 0 0 1
    outer loop
      vertex 17.2208 41.5746 -78.5
      vertex 32.1454 77.6059 -78.5
      vertex 21.7408 81.1378 -78.5
    endloop
  endfacet
  facet normal 0 0 1
    outer loop
      vertex 32.1454 77.6059 -78.5
      vertex 17.2208 41.5746 -78.5
      vertex 22.5 38.9711 -78.5
    endloop
  endfacet
  facet normal 0 0 1
    outer loop
      vertex 21.7408 81.1378 -78.5
      vertex 11.6469 43.4667 -78.5
      vertex 17.2208 41.5746 -78.5
    endloop
  endfacet
  facet normal 0 0 1
    outer loop
      vertex 10.9642 83.2814 -78.5
      vertex 11.6469 43.4667 -78.5
      vertex 21.7408 81.1378 -78.5
    endloop
  endfacet
  facet normal 0 0 1
    outer loop
      vertex 10.9642 83.2814 -78.5
      vertex 5.87368 44.615 -78.5
      vertex 11.6469 43.4667 -78.5
    endloop
  endfacet
  facet normal 0 0 1
    outer loop
      vertex 0 84 -78.5
      vertex 5.87368 44.615 -78.5
      vertex 10.9642 83.2814 -78.5
    endloop
  endfacet
  facet normal 0 0 1
    outer loop
      vertex 0 84 -78.5
      vertex 0 45 -78.5
      vertex 5.87368 44.615 -78.5
    endloop
  endfacet
  facet normal 0 0 1
    outer loop
      vertex 0 84 -78.5
      vertex -5.87368 44.615 -78.5
      vertex 0 45 -78.5
    endloop
  endfacet
  facet normal -0 0 1
    outer loop
      vertex -10.9642 83.2814 -78.5
      vertex -5.87368 44.615 -78.5
      vertex 0 84 -78.5
    endloop
  endfacet
  facet normal 0 0 1
    outer loop
      vertex -10.9642 83.2814 -78.5
      vertex -11.6469 43.4667 -78.5
      vertex -5.87368 44.615 -78.5
    endloop
  endfacet
  facet normal -0 0 1
    outer loop
      vertex -21.7408 81.1378 -78.5
      vertex -11.6469 43.4667 -78.5
      vertex -10.9642 83.2814 -78.5
    endloop
  endfacet
  facet normal 0 0 1
    outer loop
      vertex -11.6469 43.4667 -78.5
      vertex -21.7408 81.1378 -78.5
      vertex -17.2208 41.5746 -78.5
    endloop
  endfacet
  facet normal -0 0 1
    outer loop
      vertex -32.1454 77.6059 -78.5
      vertex -17.2208 41.5746 -78.5
      vertex -21.7408 81.1378 -78.5
    endloop
  endfacet
  facet normal 0 0 1
    outer loop
      vertex -17.2208 41.5746 -78.5
      vertex -32.1454 77.6059 -78.5
      vertex -22.5 38.9711 -78.5
    endloop
  endfacet
  facet normal -0 0 1
    outer loop
      vertex -42 72.7461 -78.5
      vertex -22.5 38.9711 -78.5
      vertex -32.1454 77.6059 -78.5
    endloop
  endfacet
  facet normal 0 0 1
    outer loop
      vertex -22.5 38.9711 -78.5
      vertex -42 72.7461 -78.5
      vertex -27.3943 35.7009 -78.5
    endloop
  endfacet
  facet normal -0 0 1
    outer loop
      vertex -51.136 66.6417 -78.5
      vertex -27.3943 35.7009 -78.5
      vertex -42 72.7461 -78.5
    endloop
  endfacet
  facet normal 0 0 1
    outer loop
      vertex -27.3943 35.7009 -78.5
      vertex -51.136 66.6417 -78.5
      vertex -31.8198 31.8198 -78.5
    endloop
  endfacet
  facet normal -0 0 1
    outer loop
      vertex -59.397 59.397 -78.5
      vertex -31.8198 31.8198 -78.5
      vertex -51.136 66.6417 -78.5
    endloop
  endfacet
  facet normal 0 0 1
    outer loop
      vertex -31.8198 31.8198 -78.5
      vertex -59.397 59.397 -78.5
      vertex -35.7009 27.3943 -78.5
    endloop
  endfacet
  facet normal -0 0 1
    outer loop
      vertex -66.6417 51.136 -78.5
      vertex -35.7009 27.3943 -78.5
      vertex -59.397 59.397 -78.5
    endloop
  endfacet
  facet normal 0 0 1
    outer loop
      vertex -35.7009 27.3943 -78.5
      vertex -66.6417 51.136 -78.5
      vertex -38.9711 22.5 -78.5
    endloop
  endfacet
  facet normal -0 0 1
    outer loop
      vertex -72.7461 42 -78.5
      vertex -38.9711 22.5 -78.5
      vertex -66.6417 51.136 -78.5
    endloop
  endfacet
  facet normal 0 0 1
    outer loop
      vertex -41.5746 17.2208 -78.5
      vertex -55 14 -78.5
      vertex -42.6679 14 -78.5
    endloop
  endfacet
  facet normal 0 -0 1
    outer loop
      vertex -55 14 -78.5
      vertex -38.9711 22.5 -78.5
      vertex -72.7461 42 -78.5
    endloop
  endfacet
  facet normal 0 0 1
    outer loop
      vertex -77.6059 -32.1454 -78.5
      vertex -55 -14 -78.5
      vertex -68.4174 -10 -78.5
    endloop
  endfacet
  facet normal 0 0 1
    outer loop
      vertex -55 -14 -78.5
      vertex -72.7461 -42 -78.5
      vertex -66.6417 -51.136 -78.5
    endloop
  endfacet
  facet normal 0 0 1
    outer loop
      vertex -55 -14 -78.5
      vertex -77.6059 -32.1454 -78.5
      vertex -72.7461 -42 -78.5
    endloop
  endfacet
  facet normal 0 0 1
    outer loop
      vertex -68.4174 -10 -78.5
      vertex -81.1378 -21.7408 -78.5
      vertex -77.6059 -32.1454 -78.5
    endloop
  endfacet
  facet normal 0 0 1
    outer loop
      vertex -68.4174 -10 -78.5
      vertex -83.2814 -10.9642 -78.5
      vertex -81.1378 -21.7408 -78.5
    endloop
  endfacet
  facet normal 0 -0 1
    outer loop
      vertex -83.2814 -10.9642 -78.5
      vertex -68.4174 -10 -78.5
      vertex -83.3446 -10 -78.5
    endloop
  endfacet
  facet normal 0 0 1
    outer loop
      vertex -22.5 -38.9711 -78.5
      vertex -17.5 -56 -78.5
      vertex -17.5 -41.4369 -78.5
    endloop
  endfacet
  facet normal 0 0 1
    outer loop
      vertex -27.3943 -35.7009 -78.5
      vertex -17.5 -56 -78.5
      vertex -22.5 -38.9711 -78.5
    endloop
  endfacet
  facet normal 0 0 1
    outer loop
      vertex -51.136 -66.6417 -78.5
      vertex -17.5 -56 -78.5
      vertex -27.3943 -35.7009 -78.5
    endloop
  endfacet
  facet normal 0 0 1
    outer loop
      vertex -51.136 -66.6417 -78.5
      vertex -27.3943 -35.7009 -78.5
      vertex -31.8198 -31.8198 -78.5
    endloop
  endfacet
  facet normal 0 0 1
    outer loop
      vertex -17.5 -56 -78.5
      vertex -32.1454 -77.6059 -78.5
      vertex -21.7408 -81.1378 -78.5
    endloop
  endfacet
  facet normal 0 0 1
    outer loop
      vertex -59.397 -59.397 -78.5
      vertex -31.8198 -31.8198 -78.5
      vertex -35.7009 -27.3943 -78.5
    endloop
  endfacet
  facet normal 0 0 1
    outer loop
      vertex -66.6417 -51.136 -78.5
      vertex -35.7009 -27.3943 -78.5
      vertex -38.9711 -22.5 -78.5
    endloop
  endfacet
  facet normal 0 0 1
    outer loop
      vertex -55 -14 -78.5
      vertex -38.9711 -22.5 -78.5
      vertex -41.5746 -17.2208 -78.5
    endloop
  endfacet
  facet normal 0 0 1
    outer loop
      vertex -17.5 -56 -78.5
      vertex -42 -72.7461 -78.5
      vertex -32.1454 -77.6059 -78.5
    endloop
  endfacet
  facet normal -0 0 1
    outer loop
      vertex -55 -14 -78.5
      vertex -41.5746 -17.2208 -78.5
      vertex -42.6679 -14 -78.5
    endloop
  endfacet
  facet normal 0 0 1
    outer loop
      vertex -17.5 -56 -78.5
      vertex -51.136 -66.6417 -78.5
      vertex -42 -72.7461 -78.5
    endloop
  endfacet
  facet normal 0 0 1
    outer loop
      vertex -38.9711 -22.5 -78.5
      vertex -55 -14 -78.5
      vertex -66.6417 -51.136 -78.5
    endloop
  endfacet
  facet normal 0 0 1
    outer loop
      vertex -31.8198 -31.8198 -78.5
      vertex -59.397 -59.397 -78.5
      vertex -51.136 -66.6417 -78.5
    endloop
  endfacet
  facet normal 0 0 1
    outer loop
      vertex -55 14 -78.5
      vertex -68.4174 10 -78.5
      vertex -55 -14 -78.5
    endloop
  endfacet
  facet normal 0 0 1
    outer loop
      vertex -38.9711 22.5 -78.5
      vertex -55 14 -78.5
      vertex -41.5746 17.2208 -78.5
    endloop
  endfacet
  facet normal -0 0 1
    outer loop
      vertex -68.4174 -10 -78.5
      vertex -55 -14 -78.5
      vertex -68.4174 10 -78.5
    endloop
  endfacet
  facet normal 0 0 1
    outer loop
      vertex -35.7009 -27.3943 -78.5
      vertex -66.6417 -51.136 -78.5
      vertex -59.397 -59.397 -78.5
    endloop
  endfacet
  facet normal -0 0 1
    outer loop
      vertex -77.6059 32.1454 -78.5
      vertex -55 14 -78.5
      vertex -72.7461 42 -78.5
    endloop
  endfacet
  facet normal 0 0 1
    outer loop
      vertex -55 14 -78.5
      vertex -77.6059 32.1454 -78.5
      vertex -68.4174 10 -78.5
    endloop
  endfacet
  facet normal -0 0 1
    outer loop
      vertex -81.1378 21.7408 -78.5
      vertex -68.4174 10 -78.5
      vertex -77.6059 32.1454 -78.5
    endloop
  endfacet
  facet normal -0 0 1
    outer loop
      vertex -83.2814 10.9642 -78.5
      vertex -68.4174 10 -78.5
      vertex -81.1378 21.7408 -78.5
    endloop
  endfacet
  facet normal 0 0 1
    outer loop
      vertex -68.4174 10 -78.5
      vertex -83.2814 10.9642 -78.5
      vertex -83.3446 10 -78.5
    endloop
  endfacet
  facet normal 0 0 1
    outer loop
      vertex 72.7461 -42 -78.5
      vertex 38.9711 -22.5 -78.5
      vertex 66.6417 -51.136 -78.5
    endloop
  endfacet
  facet normal -0 0 1
    outer loop
      vertex 35.7009 -27.3943 -78.5
      vertex 66.6417 -51.136 -78.5
      vertex 38.9711 -22.5 -78.5
    endloop
  endfacet
  facet normal 0 0 1
    outer loop
      vertex 41.5746 -17.2208 -78.5
      vertex 55 -14 -78.5
      vertex 42.6679 -14 -78.5
    endloop
  endfacet
  facet normal 0 0 1
    outer loop
      vertex 38.9711 -22.5 -78.5
      vertex 55 -14 -78.5
      vertex 41.5746 -17.2208 -78.5
    endloop
  endfacet
  facet normal 0 0 1
    outer loop
      vertex 66.6417 -51.136 -78.5
      vertex 35.7009 -27.3943 -78.5
      vertex 59.397 -59.397 -78.5
    endloop
  endfacet
  facet normal -0 0 1
    outer loop
      vertex 31.8198 -31.8198 -78.5
      vertex 59.397 -59.397 -78.5
      vertex 35.7009 -27.3943 -78.5
    endloop
  endfacet
  facet normal 0 0 1
    outer loop
      vertex 59.397 -59.397 -78.5
      vertex 31.8198 -31.8198 -78.5
      vertex 51.136 -66.6417 -78.5
    endloop
  endfacet
  facet normal -0 0 1
    outer loop
      vertex 27.3943 -35.7009 -78.5
      vertex 51.136 -66.6417 -78.5
      vertex 31.8198 -31.8198 -78.5
    endloop
  endfacet
  facet normal -0 0 1
    outer loop
      vertex 17.5 -56 -78.5
      vertex 51.136 -66.6417 -78.5
      vertex 27.3943 -35.7009 -78.5
    endloop
  endfacet
  facet normal 0 0 1
    outer loop
      vertex 51.136 -66.6417 -78.5
      vertex 17.5 -56 -78.5
      vertex 42 -72.7461 -78.5
    endloop
  endfacet
  facet normal 0 0 1
    outer loop
      vertex 17.5 -56 -78.5
      vertex 27.3943 -35.7009 -78.5
      vertex 22.5 -38.9711 -78.5
    endloop
  endfacet
  facet normal 0 0 1
    outer loop
      vertex 42 -72.7461 -78.5
      vertex 17.5 -56 -78.5
      vertex 32.1454 -77.6059 -78.5
    endloop
  endfacet
  facet normal 0 0 1
    outer loop
      vertex 17.5 -56 -78.5
      vertex 22.5 -38.9711 -78.5
      vertex 17.5 -41.4369 -78.5
    endloop
  endfacet
  facet normal 0 0 1
    outer loop
      vertex 32.1454 -77.6059 -78.5
      vertex 17.5 -56 -78.5
      vertex 21.7408 -81.1378 -78.5
    endloop
  endfacet
  facet normal 0 0 1
    outer loop
      vertex 17.5 -56 -78.5
      vertex 10.9642 -83.2814 -78.5
      vertex 21.7408 -81.1378 -78.5
    endloop
  endfacet
  facet normal 0 0 1
    outer loop
      vertex 17.5 -56 -78.5
      vertex 0 -84 -78.5
      vertex 10.9642 -83.2814 -78.5
    endloop
  endfacet
  facet normal -0 0 1
    outer loop
      vertex -17.5 -56 -78.5
      vertex 0 -84 -78.5
      vertex 17.5 -56 -78.5
    endloop
  endfacet
  facet normal 0 0 1
    outer loop
      vertex 0 -84 -78.5
      vertex -17.5 -56 -78.5
      vertex -10.9642 -83.2814 -78.5
    endloop
  endfacet
  facet normal 0 0 1
    outer loop
      vertex -10.9642 -83.2814 -78.5
      vertex -17.5 -56 -78.5
      vertex -21.7408 -81.1378 -78.5
    endloop
  endfacet
  facet normal -0.980785 -0.19509 0
    outer loop
      vertex -81.1378 -21.7408 -81.5
      vertex -83.2814 -10.9642 -78.5
      vertex -83.2814 -10.9642 -81.5
    endloop
  endfacet
  facet normal -0.980785 -0.19509 0
    outer loop
      vertex -83.2814 -10.9642 -78.5
      vertex -81.1378 -21.7408 -81.5
      vertex -81.1378 -21.7408 -78.5
    endloop
  endfacet
  facet normal -0.442292 0.896871 0
    outer loop
      vertex -32.1454 77.6059 -81.5
      vertex -42 72.7461 -78.5
      vertex -32.1454 77.6059 -78.5
    endloop
  endfacet
  facet normal -0.442292 0.896871 0
    outer loop
      vertex -42 72.7461 -78.5
      vertex -32.1454 77.6059 -81.5
      vertex -42 72.7461 -81.5
    endloop
  endfacet
  facet normal 0.659346 -0.75184 0
    outer loop
      vertex 51.136 -66.6417 -81.5
      vertex 59.397 -59.397 -78.5
      vertex 51.136 -66.6417 -78.5
    endloop
  endfacet
  facet normal 0.659346 -0.75184 0
    outer loop
      vertex 59.397 -59.397 -78.5
      vertex 51.136 -66.6417 -81.5
      vertex 59.397 -59.397 -81.5
    endloop
  endfacet
  facet normal 0.997859 -0.0654062 0
    outer loop
      vertex 83.2814 -10.9642 -78.5
      vertex 83.3446 -10 -81.5
      vertex 83.3446 -10 -78.5
    endloop
  endfacet
  facet normal 0.997859 -0.0654062 0
    outer loop
      vertex 83.3446 -10 -81.5
      vertex 83.2814 -10.9642 -78.5
      vertex 83.2814 -10.9642 -81.5
    endloop
  endfacet
  facet normal 0.659346 0.75184 -0
    outer loop
      vertex 59.397 59.397 -81.5
      vertex 51.136 66.6417 -78.5
      vertex 59.397 59.397 -78.5
    endloop
  endfacet
  facet normal 0.659346 0.75184 0
    outer loop
      vertex 51.136 66.6417 -78.5
      vertex 59.397 59.397 -81.5
      vertex 51.136 66.6417 -81.5
    endloop
  endfacet
  facet normal 0.555565 0.831473 -0
    outer loop
      vertex 51.136 66.6417 -81.5
      vertex 42 72.7461 -78.5
      vertex 51.136 66.6417 -78.5
    endloop
  endfacet
  facet normal 0.555565 0.831473 0
    outer loop
      vertex 42 72.7461 -78.5
      vertex 51.136 66.6417 -81.5
      vertex 42 72.7461 -81.5
    endloop
  endfacet
  facet normal 0.19509 -0.980785 0
    outer loop
      vertex 10.9642 -83.2814 -81.5
      vertex 21.7408 -81.1378 -78.5
      vertex 10.9642 -83.2814 -78.5
    endloop
  endfacet
  facet normal 0.19509 -0.980785 0
    outer loop
      vertex 21.7408 -81.1378 -78.5
      vertex 10.9642 -83.2814 -81.5
      vertex 21.7408 -81.1378 -81.5
    endloop
  endfacet
  facet normal 0.831473 0.555565 0
    outer loop
      vertex 72.7461 42 -78.5
      vertex 66.6417 51.136 -81.5
      vertex 66.6417 51.136 -78.5
    endloop
  endfacet
  facet normal 0.831473 0.555565 0
    outer loop
      vertex 66.6417 51.136 -81.5
      vertex 72.7461 42 -78.5
      vertex 72.7461 42 -81.5
    endloop
  endfacet
  facet normal 0.442292 -0.896871 0
    outer loop
      vertex 32.1454 -77.6059 -81.5
      vertex 42 -72.7461 -78.5
      vertex 32.1454 -77.6059 -78.5
    endloop
  endfacet
  facet normal 0.442292 -0.896871 0
    outer loop
      vertex 42 -72.7461 -78.5
      vertex 32.1454 -77.6059 -81.5
      vertex 42 -72.7461 -81.5
    endloop
  endfacet
  facet normal -0.831473 -0.555565 0
    outer loop
      vertex -66.6417 -51.136 -81.5
      vertex -72.7461 -42 -78.5
      vertex -72.7461 -42 -81.5
    endloop
  endfacet
  facet normal -0.831473 -0.555565 0
    outer loop
      vertex -72.7461 -42 -78.5
      vertex -66.6417 -51.136 -81.5
      vertex -66.6417 -51.136 -78.5
    endloop
  endfacet
  facet normal 0.19509 0.980785 -0
    outer loop
      vertex 21.7408 81.1378 -81.5
      vertex 10.9642 83.2814 -78.5
      vertex 21.7408 81.1378 -78.5
    endloop
  endfacet
  facet normal 0.19509 0.980785 0
    outer loop
      vertex 10.9642 83.2814 -78.5
      vertex 21.7408 81.1378 -81.5
      vertex 10.9642 83.2814 -81.5
    endloop
  endfacet
  facet normal -0.0654003 0.997859 0
    outer loop
      vertex 0 84 -81.5
      vertex -10.9642 83.2814 -78.5
      vertex 0 84 -78.5
    endloop
  endfacet
  facet normal -0.0654003 0.997859 0
    outer loop
      vertex -10.9642 83.2814 -78.5
      vertex 0 84 -81.5
      vertex -10.9642 83.2814 -81.5
    endloop
  endfacet
  facet normal 0.896871 0.442292 0
    outer loop
      vertex 77.6059 32.1454 -78.5
      vertex 72.7461 42 -81.5
      vertex 72.7461 42 -78.5
    endloop
  endfacet
  facet normal 0.896871 0.442292 0
    outer loop
      vertex 72.7461 42 -81.5
      vertex 77.6059 32.1454 -78.5
      vertex 77.6059 32.1454 -81.5
    endloop
  endfacet
  facet normal -0.896871 -0.442292 0
    outer loop
      vertex -72.7461 -42 -81.5
      vertex -77.6059 -32.1454 -78.5
      vertex -77.6059 -32.1454 -81.5
    endloop
  endfacet
  facet normal -0.896871 -0.442292 0
    outer loop
      vertex -77.6059 -32.1454 -78.5
      vertex -72.7461 -42 -81.5
      vertex -72.7461 -42 -78.5
    endloop
  endfacet
  facet normal 0.94693 -0.321441 0
    outer loop
      vertex 77.6059 -32.1454 -78.5
      vertex 81.1378 -21.7408 -81.5
      vertex 81.1378 -21.7408 -78.5
    endloop
  endfacet
  facet normal 0.94693 -0.321441 0
    outer loop
      vertex 81.1378 -21.7408 -81.5
      vertex 77.6059 -32.1454 -78.5
      vertex 77.6059 -32.1454 -81.5
    endloop
  endfacet
  facet normal 0.75184 -0.659346 0
    outer loop
      vertex 59.397 -59.397 -78.5
      vertex 66.6417 -51.136 -81.5
      vertex 66.6417 -51.136 -78.5
    endloop
  endfacet
  facet normal 0.75184 -0.659346 0
    outer loop
      vertex 66.6417 -51.136 -81.5
      vertex 59.397 -59.397 -78.5
      vertex 59.397 -59.397 -81.5
    endloop
  endfacet
  facet normal -0.980785 0.19509 0
    outer loop
      vertex -83.2814 10.9642 -81.5
      vertex -81.1378 21.7408 -78.5
      vertex -81.1378 21.7408 -81.5
    endloop
  endfacet
  facet normal -0.980785 0.19509 0
    outer loop
      vertex -81.1378 21.7408 -78.5
      vertex -83.2814 10.9642 -81.5
      vertex -83.2814 10.9642 -78.5
    endloop
  endfacet
  facet normal -0.997859 -0.0654062 0
    outer loop
      vertex -83.2814 -10.9642 -81.5
      vertex -83.3446 -10 -78.5
      vertex -83.3446 -10 -81.5
    endloop
  endfacet
  facet normal -0.997859 -0.0654062 0
    outer loop
      vertex -83.3446 -10 -78.5
      vertex -83.2814 -10.9642 -81.5
      vertex -83.2814 -10.9642 -78.5
    endloop
  endfacet
  facet normal -0.442292 -0.896871 0
    outer loop
      vertex -42 -72.7461 -81.5
      vertex -32.1454 -77.6059 -78.5
      vertex -42 -72.7461 -78.5
    endloop
  endfacet
  facet normal -0.442292 -0.896871 -0
    outer loop
      vertex -32.1454 -77.6059 -78.5
      vertex -42 -72.7461 -81.5
      vertex -32.1454 -77.6059 -81.5
    endloop
  endfacet
  facet normal -0.19509 -0.980785 0
    outer loop
      vertex -21.7408 -81.1378 -81.5
      vertex -10.9642 -83.2814 -78.5
      vertex -21.7408 -81.1378 -78.5
    endloop
  endfacet
  facet normal -0.19509 -0.980785 -0
    outer loop
      vertex -10.9642 -83.2814 -78.5
      vertex -21.7408 -81.1378 -81.5
      vertex -10.9642 -83.2814 -81.5
    endloop
  endfacet
  facet normal 0.0654003 0.997859 -0
    outer loop
      vertex 10.9642 83.2814 -81.5
      vertex 0 84 -78.5
      vertex 10.9642 83.2814 -78.5
    endloop
  endfacet
  facet normal 0.0654003 0.997859 0
    outer loop
      vertex 0 84 -78.5
      vertex 10.9642 83.2814 -81.5
      vertex 0 84 -81.5
    endloop
  endfacet
  facet normal -0.997859 0.0654062 0
    outer loop
      vertex -83.3446 10 -81.5
      vertex -83.2814 10.9642 -78.5
      vertex -83.2814 10.9642 -81.5
    endloop
  endfacet
  facet normal -0.997859 0.0654062 0
    outer loop
      vertex -83.2814 10.9642 -78.5
      vertex -83.3446 10 -81.5
      vertex -83.3446 10 -78.5
    endloop
  endfacet
  facet normal 0.75184 0.659346 0
    outer loop
      vertex 66.6417 51.136 -78.5
      vertex 59.397 59.397 -81.5
      vertex 59.397 59.397 -78.5
    endloop
  endfacet
  facet normal 0.75184 0.659346 0
    outer loop
      vertex 59.397 59.397 -81.5
      vertex 66.6417 51.136 -78.5
      vertex 66.6417 51.136 -81.5
    endloop
  endfacet
  facet normal -0.321441 -0.94693 0
    outer loop
      vertex -32.1454 -77.6059 -81.5
      vertex -21.7408 -81.1378 -78.5
      vertex -32.1454 -77.6059 -78.5
    endloop
  endfacet
  facet normal -0.321441 -0.94693 -0
    outer loop
      vertex -21.7408 -81.1378 -78.5
      vertex -32.1454 -77.6059 -81.5
      vertex -21.7408 -81.1378 -81.5
    endloop
  endfacet
  facet normal 0.94693 0.321441 0
    outer loop
      vertex 81.1378 21.7408 -78.5
      vertex 77.6059 32.1454 -81.5
      vertex 77.6059 32.1454 -78.5
    endloop
  endfacet
  facet normal 0.94693 0.321441 0
    outer loop
      vertex 77.6059 32.1454 -81.5
      vertex 81.1378 21.7408 -78.5
      vertex 81.1378 21.7408 -81.5
    endloop
  endfacet
  facet normal 0 0 -1
    outer loop
      vertex 72.9072 -10 -81.5
      vertex 83.2814 -10.9642 -81.5
      vertex 81.1378 -21.7408 -81.5
    endloop
  endfacet
  facet normal 0 0 -1
    outer loop
      vertex 72.9072 -10 -81.5
      vertex 81.1378 -21.7408 -81.5
      vertex 77.6059 -32.1454 -81.5
    endloop
  endfacet
  facet normal 0 0 -1
    outer loop
      vertex 83.2814 -10.9642 -81.5
      vertex 72.9072 -10 -81.5
      vertex 83.3446 -10 -81.5
    endloop
  endfacet
  facet normal 0 0 -1
    outer loop
      vertex 77.6059 -32.1454 -81.5
      vertex 55 -14 -81.5
      vertex 72.9072 -10 -81.5
    endloop
  endfacet
  facet normal 0 0 -1
    outer loop
      vertex 55 -14 -81.5
      vertex 77.6059 -32.1454 -81.5
      vertex 72.7461 -42 -81.5
    endloop
  endfacet
  facet normal 0 0 -1
    outer loop
      vertex 72.9072 10 -81.5
      vertex 83.2814 10.9642 -81.5
      vertex 83.3446 10 -81.5
    endloop
  endfacet
  facet normal -0 0 -1
    outer loop
      vertex 83.2814 10.9642 -81.5
      vertex 72.9072 10 -81.5
      vertex 81.1378 21.7408 -81.5
    endloop
  endfacet
  facet normal -0 0 -1
    outer loop
      vertex 81.1378 21.7408 -81.5
      vertex 72.9072 10 -81.5
      vertex 77.6059 32.1454 -81.5
    endloop
  endfacet
  facet normal 0 0 -1
    outer loop
      vertex 55 14 -81.5
      vertex 77.6059 32.1454 -81.5
      vertex 72.9072 10 -81.5
    endloop
  endfacet
  facet normal -0 0 -1
    outer loop
      vertex 72.9072 -10 -81.5
      vertex 55 -14 -81.5
      vertex 72.9072 10 -81.5
    endloop
  endfacet
  facet normal 0 0 -1
    outer loop
      vertex 38.9711 -22.5 -81.5
      vertex 72.7461 -42 -81.5
      vertex 66.6417 -51.136 -81.5
    endloop
  endfacet
  facet normal 0 0 -1
    outer loop
      vertex 55 14 -81.5
      vertex 72.9072 10 -81.5
      vertex 55 -14 -81.5
    endloop
  endfacet
  facet normal 0 0 -1
    outer loop
      vertex 35.7009 -27.3943 -81.5
      vertex 66.6417 -51.136 -81.5
      vertex 59.397 -59.397 -81.5
    endloop
  endfacet
  facet normal -0 0 -1
    outer loop
      vertex 77.6059 32.1454 -81.5
      vertex 55 14 -81.5
      vertex 72.7461 42 -81.5
    endloop
  endfacet
  facet normal 0 0 -1
    outer loop
      vertex 38.9711 22.5 -81.5
      vertex 72.7461 42 -81.5
      vertex 55 14 -81.5
    endloop
  endfacet
  facet normal 0 0 -1
    outer loop
      vertex 31.8198 -31.8198 -81.5
      vertex 59.397 -59.397 -81.5
      vertex 51.136 -66.6417 -81.5
    endloop
  endfacet
  facet normal 0 0 -1
    outer loop
      vertex 66.6417 -51.136 -81.5
      vertex 35.7009 -27.3943 -81.5
      vertex 38.9711 -22.5 -81.5
    endloop
  endfacet
  facet normal 0 0 -1
    outer loop
      vertex 17.5 -56 -81.5
      vertex 51.136 -66.6417 -81.5
      vertex 42 -72.7461 -81.5
    endloop
  endfacet
  facet normal -0 0 -1
    outer loop
      vertex 55 -14 -81.5
      vertex 41.5746 -17.2208 -81.5
      vertex 42.6679 -14 -81.5
    endloop
  endfacet
  facet normal 0 0 -1
    outer loop
      vertex 55 -14 -81.5
      vertex 38.9711 -22.5 -81.5
      vertex 41.5746 -17.2208 -81.5
    endloop
  endfacet
  facet normal 0 0 -1
    outer loop
      vertex 72.7461 -42 -81.5
      vertex 38.9711 -22.5 -81.5
      vertex 55 -14 -81.5
    endloop
  endfacet
  facet normal 0 0 -1
    outer loop
      vertex 17.5 -56 -81.5
      vertex 42 -72.7461 -81.5
      vertex 32.1454 -77.6059 -81.5
    endloop
  endfacet
  facet normal 0 0 -1
    outer loop
      vertex 59.397 -59.397 -81.5
      vertex 31.8198 -31.8198 -81.5
      vertex 35.7009 -27.3943 -81.5
    endloop
  endfacet
  facet normal 0 0 -1
    outer loop
      vertex 51.136 -66.6417 -81.5
      vertex 27.3943 -35.7009 -81.5
      vertex 31.8198 -31.8198 -81.5
    endloop
  endfacet
  facet normal 0 0 -1
    outer loop
      vertex 51.136 -66.6417 -81.5
      vertex 17.5 -56 -81.5
      vertex 27.3943 -35.7009 -81.5
    endloop
  endfacet
  facet normal 0 0 -1
    outer loop
      vertex 17.5 -56 -81.5
      vertex 32.1454 -77.6059 -81.5
      vertex 21.7408 -81.1378 -81.5
    endloop
  endfacet
  facet normal 0 0 -1
    outer loop
      vertex 27.3943 -35.7009 -81.5
      vertex 17.5 -56 -81.5
      vertex 22.5 -38.9711 -81.5
    endloop
  endfacet
  facet normal 0 0 -1
    outer loop
      vertex 22.5 -38.9711 -81.5
      vertex 17.5 -56 -81.5
      vertex 17.5 -41.4369 -81.5
    endloop
  endfacet
  facet normal 0 0 -1
    outer loop
      vertex -77.6059 32.1454 -81.5
      vertex -55 14 -81.5
      vertex -72.9072 10 -81.5
    endloop
  endfacet
  facet normal 0 0 -1
    outer loop
      vertex -55 14 -81.5
      vertex -77.6059 32.1454 -81.5
      vertex -72.7461 42 -81.5
    endloop
  endfacet
  facet normal 0 0 -1
    outer loop
      vertex -72.9072 10 -81.5
      vertex -81.1378 21.7408 -81.5
      vertex -77.6059 32.1454 -81.5
    endloop
  endfacet
  facet normal 0 0 -1
    outer loop
      vertex -72.9072 10 -81.5
      vertex -83.2814 10.9642 -81.5
      vertex -81.1378 21.7408 -81.5
    endloop
  endfacet
  facet normal 0 -0 -1
    outer loop
      vertex -83.2814 10.9642 -81.5
      vertex -72.9072 10 -81.5
      vertex -83.3446 10 -81.5
    endloop
  endfacet
  facet normal 0 0 -1
    outer loop
      vertex 10.9642 -83.2814 -81.5
      vertex 17.5 -56 -81.5
      vertex 21.7408 -81.1378 -81.5
    endloop
  endfacet
  facet normal 0 0 -1
    outer loop
      vertex 0 -84 -81.5
      vertex 17.5 -56 -81.5
      vertex 10.9642 -83.2814 -81.5
    endloop
  endfacet
  facet normal 0 0 -1
    outer loop
      vertex -17.5 -56 -81.5
      vertex 0 -84 -81.5
      vertex -10.9642 -83.2814 -81.5
    endloop
  endfacet
  facet normal 0 0 -1
    outer loop
      vertex 0 -84 -81.5
      vertex -17.5 -56 -81.5
      vertex 17.5 -56 -81.5
    endloop
  endfacet
  facet normal 0 0 -1
    outer loop
      vertex -21.7408 -81.1378 -81.5
      vertex -17.5 -56 -81.5
      vertex -10.9642 -83.2814 -81.5
    endloop
  endfacet
  facet normal 0 0 -1
    outer loop
      vertex -32.1454 -77.6059 -81.5
      vertex -17.5 -56 -81.5
      vertex -21.7408 -81.1378 -81.5
    endloop
  endfacet
  facet normal 0 0 -1
    outer loop
      vertex -42 -72.7461 -81.5
      vertex -17.5 -56 -81.5
      vertex -32.1454 -77.6059 -81.5
    endloop
  endfacet
  facet normal 0 0 -1
    outer loop
      vertex -17.5 -56 -81.5
      vertex -22.5 -38.9711 -81.5
      vertex -17.5 -41.4369 -81.5
    endloop
  endfacet
  facet normal 0 0 -1
    outer loop
      vertex -51.136 -66.6417 -81.5
      vertex -17.5 -56 -81.5
      vertex -42 -72.7461 -81.5
    endloop
  endfacet
  facet normal 0 0 -1
    outer loop
      vertex -17.5 -56 -81.5
      vertex -27.3943 -35.7009 -81.5
      vertex -22.5 -38.9711 -81.5
    endloop
  endfacet
  facet normal -0 0 -1
    outer loop
      vertex -17.5 -56 -81.5
      vertex -51.136 -66.6417 -81.5
      vertex -27.3943 -35.7009 -81.5
    endloop
  endfacet
  facet normal -0 0 -1
    outer loop
      vertex -27.3943 -35.7009 -81.5
      vertex -51.136 -66.6417 -81.5
      vertex -31.8198 -31.8198 -81.5
    endloop
  endfacet
  facet normal 0 0 -1
    outer loop
      vertex -59.397 -59.397 -81.5
      vertex -31.8198 -31.8198 -81.5
      vertex -51.136 -66.6417 -81.5
    endloop
  endfacet
  facet normal -0 0 -1
    outer loop
      vertex -31.8198 -31.8198 -81.5
      vertex -59.397 -59.397 -81.5
      vertex -35.7009 -27.3943 -81.5
    endloop
  endfacet
  facet normal 0 0 -1
    outer loop
      vertex -66.6417 -51.136 -81.5
      vertex -35.7009 -27.3943 -81.5
      vertex -59.397 -59.397 -81.5
    endloop
  endfacet
  facet normal -0 0 -1
    outer loop
      vertex -35.7009 -27.3943 -81.5
      vertex -66.6417 -51.136 -81.5
      vertex -38.9711 -22.5 -81.5
    endloop
  endfacet
  facet normal 0 0 -1
    outer loop
      vertex -72.7461 -42 -81.5
      vertex -38.9711 -22.5 -81.5
      vertex -66.6417 -51.136 -81.5
    endloop
  endfacet
  facet normal 0 0 -1
    outer loop
      vertex -41.5746 -17.2208 -81.5
      vertex -55 -14 -81.5
      vertex -42.6679 -14 -81.5
    endloop
  endfacet
  facet normal 0 -0 -1
    outer loop
      vertex -55 -14 -81.5
      vertex -38.9711 -22.5 -81.5
      vertex -72.7461 -42 -81.5
    endloop
  endfacet
  facet normal -0 0 -1
    outer loop
      vertex 72.7461 42 -81.5
      vertex 38.9711 22.5 -81.5
      vertex 66.6417 51.136 -81.5
    endloop
  endfacet
  facet normal 0 0 -1
    outer loop
      vertex 35.7009 27.3943 -81.5
      vertex 66.6417 51.136 -81.5
      vertex 38.9711 22.5 -81.5
    endloop
  endfacet
  facet normal 0 0 -1
    outer loop
      vertex 41.5746 17.2208 -81.5
      vertex 55 14 -81.5
      vertex 42.6679 14 -81.5
    endloop
  endfacet
  facet normal 0 0 -1
    outer loop
      vertex 38.9711 22.5 -81.5
      vertex 55 14 -81.5
      vertex 41.5746 17.2208 -81.5
    endloop
  endfacet
  facet normal -0 0 -1
    outer loop
      vertex 66.6417 51.136 -81.5
      vertex 35.7009 27.3943 -81.5
      vertex 59.397 59.397 -81.5
    endloop
  endfacet
  facet normal 0 0 -1
    outer loop
      vertex 31.8198 31.8198 -81.5
      vertex 59.397 59.397 -81.5
      vertex 35.7009 27.3943 -81.5
    endloop
  endfacet
  facet normal -0 0 -1
    outer loop
      vertex 59.397 59.397 -81.5
      vertex 31.8198 31.8198 -81.5
      vertex 51.136 66.6417 -81.5
    endloop
  endfacet
  facet normal 0 0 -1
    outer loop
      vertex 27.3943 35.7009 -81.5
      vertex 51.136 66.6417 -81.5
      vertex 31.8198 31.8198 -81.5
    endloop
  endfacet
  facet normal -0 0 -1
    outer loop
      vertex 51.136 66.6417 -81.5
      vertex 27.3943 35.7009 -81.5
      vertex 42 72.7461 -81.5
    endloop
  endfacet
  facet normal 0 0 -1
    outer loop
      vertex 22.5 38.9711 -81.5
      vertex 42 72.7461 -81.5
      vertex 27.3943 35.7009 -81.5
    endloop
  endfacet
  facet normal -0 0 -1
    outer loop
      vertex 42 72.7461 -81.5
      vertex 22.5 38.9711 -81.5
      vertex 32.1454 77.6059 -81.5
    endloop
  endfacet
  facet normal 0 0 -1
    outer loop
      vertex 17.2208 41.5746 -81.5
      vertex 32.1454 77.6059 -81.5
      vertex 22.5 38.9711 -81.5
    endloop
  endfacet
  facet normal -0 0 -1
    outer loop
      vertex 32.1454 77.6059 -81.5
      vertex 17.2208 41.5746 -81.5
      vertex 21.7408 81.1378 -81.5
    endloop
  endfacet
  facet normal 0 0 -1
    outer loop
      vertex 11.6469 43.4667 -81.5
      vertex 21.7408 81.1378 -81.5
      vertex 17.2208 41.5746 -81.5
    endloop
  endfacet
  facet normal 0 0 -1
    outer loop
      vertex 11.6469 43.4667 -81.5
      vertex 10.9642 83.2814 -81.5
      vertex 21.7408 81.1378 -81.5
    endloop
  endfacet
  facet normal 0 0 -1
    outer loop
      vertex 5.87368 44.615 -81.5
      vertex 10.9642 83.2814 -81.5
      vertex 11.6469 43.4667 -81.5
    endloop
  endfacet
  facet normal 0 0 -1
    outer loop
      vertex 0 45 -81.5
      vertex 10.9642 83.2814 -81.5
      vertex 5.87368 44.615 -81.5
    endloop
  endfacet
  facet normal 0 0 -1
    outer loop
      vertex 0 45 -81.5
      vertex 0 84 -81.5
      vertex 10.9642 83.2814 -81.5
    endloop
  endfacet
  facet normal 0 0 -1
    outer loop
      vertex -5.87368 44.615 -81.5
      vertex 0 84 -81.5
      vertex 0 45 -81.5
    endloop
  endfacet
  facet normal 0 0 -1
    outer loop
      vertex -5.87368 44.615 -81.5
      vertex -10.9642 83.2814 -81.5
      vertex 0 84 -81.5
    endloop
  endfacet
  facet normal 0 0 -1
    outer loop
      vertex -11.6469 43.4667 -81.5
      vertex -10.9642 83.2814 -81.5
      vertex -5.87368 44.615 -81.5
    endloop
  endfacet
  facet normal 0 0 -1
    outer loop
      vertex -21.7408 81.1378 -81.5
      vertex -11.6469 43.4667 -81.5
      vertex -17.2208 41.5746 -81.5
    endloop
  endfacet
  facet normal 0 0 -1
    outer loop
      vertex -11.6469 43.4667 -81.5
      vertex -21.7408 81.1378 -81.5
      vertex -10.9642 83.2814 -81.5
    endloop
  endfacet
  facet normal 0 0 -1
    outer loop
      vertex -32.1454 77.6059 -81.5
      vertex -17.2208 41.5746 -81.5
      vertex -22.5 38.9711 -81.5
    endloop
  endfacet
  facet normal 0 0 -1
    outer loop
      vertex -42 72.7461 -81.5
      vertex -22.5 38.9711 -81.5
      vertex -27.3943 35.7009 -81.5
    endloop
  endfacet
  facet normal 0 0 -1
    outer loop
      vertex -51.136 66.6417 -81.5
      vertex -27.3943 35.7009 -81.5
      vertex -31.8198 31.8198 -81.5
    endloop
  endfacet
  facet normal 0 0 -1
    outer loop
      vertex -17.2208 41.5746 -81.5
      vertex -32.1454 77.6059 -81.5
      vertex -21.7408 81.1378 -81.5
    endloop
  endfacet
  facet normal 0 0 -1
    outer loop
      vertex -59.397 59.397 -81.5
      vertex -31.8198 31.8198 -81.5
      vertex -35.7009 27.3943 -81.5
    endloop
  endfacet
  facet normal 0 0 -1
    outer loop
      vertex -66.6417 51.136 -81.5
      vertex -35.7009 27.3943 -81.5
      vertex -38.9711 22.5 -81.5
    endloop
  endfacet
  facet normal 0 0 -1
    outer loop
      vertex -55 14 -81.5
      vertex -38.9711 22.5 -81.5
      vertex -41.5746 17.2208 -81.5
    endloop
  endfacet
  facet normal 0 0 -1
    outer loop
      vertex -22.5 38.9711 -81.5
      vertex -42 72.7461 -81.5
      vertex -32.1454 77.6059 -81.5
    endloop
  endfacet
  facet normal 0 0 -1
    outer loop
      vertex -55 14 -81.5
      vertex -41.5746 17.2208 -81.5
      vertex -42.6679 14 -81.5
    endloop
  endfacet
  facet normal 0 0 -1
    outer loop
      vertex -27.3943 35.7009 -81.5
      vertex -51.136 66.6417 -81.5
      vertex -42 72.7461 -81.5
    endloop
  endfacet
  facet normal -0 0 -1
    outer loop
      vertex -38.9711 22.5 -81.5
      vertex -55 14 -81.5
      vertex -72.7461 42 -81.5
    endloop
  endfacet
  facet normal 0 0 -1
    outer loop
      vertex -31.8198 31.8198 -81.5
      vertex -59.397 59.397 -81.5
      vertex -51.136 66.6417 -81.5
    endloop
  endfacet
  facet normal 0 0 -1
    outer loop
      vertex -38.9711 -22.5 -81.5
      vertex -55 -14 -81.5
      vertex -41.5746 -17.2208 -81.5
    endloop
  endfacet
  facet normal 0 0 -1
    outer loop
      vertex -55 -14 -81.5
      vertex -72.9072 -10 -81.5
      vertex -55 14 -81.5
    endloop
  endfacet
  facet normal 0 0 -1
    outer loop
      vertex -72.9072 10 -81.5
      vertex -55 14 -81.5
      vertex -72.9072 -10 -81.5
    endloop
  endfacet
  facet normal 0 0 -1
    outer loop
      vertex -77.6059 -32.1454 -81.5
      vertex -55 -14 -81.5
      vertex -72.7461 -42 -81.5
    endloop
  endfacet
  facet normal 0 0 -1
    outer loop
      vertex -35.7009 27.3943 -81.5
      vertex -66.6417 51.136 -81.5
      vertex -59.397 59.397 -81.5
    endloop
  endfacet
  facet normal 0 0 -1
    outer loop
      vertex -38.9711 22.5 -81.5
      vertex -72.7461 42 -81.5
      vertex -66.6417 51.136 -81.5
    endloop
  endfacet
  facet normal -0 0 -1
    outer loop
      vertex -55 -14 -81.5
      vertex -77.6059 -32.1454 -81.5
      vertex -72.9072 -10 -81.5
    endloop
  endfacet
  facet normal 0 0 -1
    outer loop
      vertex -81.1378 -21.7408 -81.5
      vertex -72.9072 -10 -81.5
      vertex -77.6059 -32.1454 -81.5
    endloop
  endfacet
  facet normal 0 0 -1
    outer loop
      vertex -83.2814 -10.9642 -81.5
      vertex -72.9072 -10 -81.5
      vertex -81.1378 -21.7408 -81.5
    endloop
  endfacet
  facet normal -0 0 -1
    outer loop
      vertex -72.9072 -10 -81.5
      vertex -83.2814 -10.9642 -81.5
      vertex -83.3446 -10 -81.5
    endloop
  endfacet
  facet normal 0.896871 -0.442292 0
    outer loop
      vertex 72.7461 -42 -78.5
      vertex 77.6059 -32.1454 -81.5
      vertex 77.6059 -32.1454 -78.5
    endloop
  endfacet
  facet normal 0.896871 -0.442292 0
    outer loop
      vertex 77.6059 -32.1454 -81.5
      vertex 72.7461 -42 -78.5
      vertex 72.7461 -42 -81.5
    endloop
  endfacet
  facet normal 0.321441 -0.94693 0
    outer loop
      vertex 21.7408 -81.1378 -81.5
      vertex 32.1454 -77.6059 -78.5
      vertex 21.7408 -81.1378 -78.5
    endloop
  endfacet
  facet normal 0.321441 -0.94693 0
    outer loop
      vertex 32.1454 -77.6059 -78.5
      vertex 21.7408 -81.1378 -81.5
      vertex 32.1454 -77.6059 -81.5
    endloop
  endfacet
  facet normal -0.19509 0.980785 0
    outer loop
      vertex -10.9642 83.2814 -81.5
      vertex -21.7408 81.1378 -78.5
      vertex -10.9642 83.2814 -78.5
    endloop
  endfacet
  facet normal -0.19509 0.980785 0
    outer loop
      vertex -21.7408 81.1378 -78.5
      vertex -10.9642 83.2814 -81.5
      vertex -21.7408 81.1378 -81.5
    endloop
  endfacet
  facet normal -0.0654003 -0.997859 0
    outer loop
      vertex -10.9642 -83.2814 -81.5
      vertex 0 -84 -78.5
      vertex -10.9642 -83.2814 -78.5
    endloop
  endfacet
  facet normal -0.0654003 -0.997859 -0
    outer loop
      vertex 0 -84 -78.5
      vertex -10.9642 -83.2814 -81.5
      vertex 0 -84 -81.5
    endloop
  endfacet
  facet normal -0.555565 -0.831473 0
    outer loop
      vertex -51.136 -66.6417 -81.5
      vertex -42 -72.7461 -78.5
      vertex -51.136 -66.6417 -78.5
    endloop
  endfacet
  facet normal -0.555565 -0.831473 -0
    outer loop
      vertex -42 -72.7461 -78.5
      vertex -51.136 -66.6417 -81.5
      vertex -42 -72.7461 -81.5
    endloop
  endfacet
  facet normal -0.94693 0.321441 0
    outer loop
      vertex -81.1378 21.7408 -81.5
      vertex -77.6059 32.1454 -78.5
      vertex -77.6059 32.1454 -81.5
    endloop
  endfacet
  facet normal -0.94693 0.321441 0
    outer loop
      vertex -77.6059 32.1454 -78.5
      vertex -81.1378 21.7408 -81.5
      vertex -81.1378 21.7408 -78.5
    endloop
  endfacet
  facet normal -0.896871 0.442292 0
    outer loop
      vertex -77.6059 32.1454 -81.5
      vertex -72.7461 42 -78.5
      vertex -72.7461 42 -81.5
    endloop
  endfacet
  facet normal -0.896871 0.442292 0
    outer loop
      vertex -72.7461 42 -78.5
      vertex -77.6059 32.1454 -81.5
      vertex -77.6059 32.1454 -78.5
    endloop
  endfacet
  facet normal -0.75184 -0.659346 0
    outer loop
      vertex -59.397 -59.397 -81.5
      vertex -66.6417 -51.136 -78.5
      vertex -66.6417 -51.136 -81.5
    endloop
  endfacet
  facet normal -0.75184 -0.659346 0
    outer loop
      vertex -66.6417 -51.136 -78.5
      vertex -59.397 -59.397 -81.5
      vertex -59.397 -59.397 -78.5
    endloop
  endfacet
  facet normal -0.831473 0.555565 0
    outer loop
      vertex -72.7461 42 -81.5
      vertex -66.6417 51.136 -78.5
      vertex -66.6417 51.136 -81.5
    endloop
  endfacet
  facet normal -0.831473 0.555565 0
    outer loop
      vertex -66.6417 51.136 -78.5
      vertex -72.7461 42 -81.5
      vertex -72.7461 42 -78.5
    endloop
  endfacet
  facet normal -0.659346 -0.75184 0
    outer loop
      vertex -59.397 -59.397 -81.5
      vertex -51.136 -66.6417 -78.5
      vertex -59.397 -59.397 -78.5
    endloop
  endfacet
  facet normal -0.659346 -0.75184 -0
    outer loop
      vertex -51.136 -66.6417 -78.5
      vertex -59.397 -59.397 -81.5
      vertex -51.136 -66.6417 -81.5
    endloop
  endfacet
  facet normal -0.831475 -0.555562 0
    outer loop
      vertex 38.9711 22.5 -81.5
      vertex 35.7009 27.3943 -78.5
      vertex 35.7009 27.3943 -81.5
    endloop
  endfacet
  facet normal -0.831475 -0.555562 0
    outer loop
      vertex 35.7009 27.3943 -78.5
      vertex 38.9711 22.5 -81.5
      vertex 38.9711 22.5 -78.5
    endloop
  endfacet
  facet normal 0.896867 -0.442301 0
    outer loop
      vertex -41.5746 17.2208 -78.5
      vertex -38.9711 22.5 -81.5
      vertex -38.9711 22.5 -78.5
    endloop
  endfacet
  facet normal 0.896867 -0.442301 0
    outer loop
      vertex -38.9711 22.5 -81.5
      vertex -41.5746 17.2208 -78.5
      vertex -41.5746 17.2208 -81.5
    endloop
  endfacet
  facet normal 0.555562 -0.831475 0
    outer loop
      vertex -27.3943 35.7009 -81.5
      vertex -22.5 38.9711 -78.5
      vertex -27.3943 35.7009 -78.5
    endloop
  endfacet
  facet normal 0.555562 -0.831475 0
    outer loop
      vertex -22.5 38.9711 -78.5
      vertex -27.3943 35.7009 -81.5
      vertex -22.5 38.9711 -81.5
    endloop
  endfacet
  facet normal 0.65935 -0.751836 0
    outer loop
      vertex -31.8198 31.8198 -81.5
      vertex -27.3943 35.7009 -78.5
      vertex -31.8198 31.8198 -78.5
    endloop
  endfacet
  facet normal 0.65935 -0.751836 0
    outer loop
      vertex -27.3943 35.7009 -78.5
      vertex -31.8198 31.8198 -81.5
      vertex -27.3943 35.7009 -81.5
    endloop
  endfacet
  facet normal 0.751836 -0.65935 0
    outer loop
      vertex -35.7009 27.3943 -78.5
      vertex -31.8198 31.8198 -81.5
      vertex -31.8198 31.8198 -78.5
    endloop
  endfacet
  facet normal 0.751836 -0.65935 0
    outer loop
      vertex -31.8198 31.8198 -81.5
      vertex -35.7009 27.3943 -78.5
      vertex -35.7009 27.3943 -81.5
    endloop
  endfacet
  facet normal -0.946931 0.321436 0
    outer loop
      vertex 41.5746 -17.2208 -81.5
      vertex 42.6679 -14 -78.5
      vertex 42.6679 -14 -81.5
    endloop
  endfacet
  facet normal -0.946931 0.321436 0
    outer loop
      vertex 42.6679 -14 -78.5
      vertex 41.5746 -17.2208 -81.5
      vertex 41.5746 -17.2208 -78.5
    endloop
  endfacet
  facet normal -0.555562 -0.831475 0
    outer loop
      vertex 22.5 38.9711 -81.5
      vertex 27.3943 35.7009 -78.5
      vertex 22.5 38.9711 -78.5
    endloop
  endfacet
  facet normal -0.555562 -0.831475 -0
    outer loop
      vertex 27.3943 35.7009 -78.5
      vertex 22.5 38.9711 -81.5
      vertex 27.3943 35.7009 -81.5
    endloop
  endfacet
  facet normal 0.751836 0.65935 0
    outer loop
      vertex -31.8198 -31.8198 -78.5
      vertex -35.7009 -27.3943 -81.5
      vertex -35.7009 -27.3943 -78.5
    endloop
  endfacet
  facet normal 0.751836 0.65935 0
    outer loop
      vertex -35.7009 -27.3943 -81.5
      vertex -31.8198 -31.8198 -78.5
      vertex -31.8198 -31.8198 -81.5
    endloop
  endfacet
  facet normal 0.321442 -0.946929 0
    outer loop
      vertex -17.2208 41.5746 -81.5
      vertex -11.6469 43.4667 -78.5
      vertex -17.2208 41.5746 -78.5
    endloop
  endfacet
  facet normal 0.321442 -0.946929 0
    outer loop
      vertex -11.6469 43.4667 -78.5
      vertex -17.2208 41.5746 -81.5
      vertex -11.6469 43.4667 -81.5
    endloop
  endfacet
  facet normal 0.831475 0.555562 0
    outer loop
      vertex -35.7009 -27.3943 -78.5
      vertex -38.9711 -22.5 -81.5
      vertex -38.9711 -22.5 -78.5
    endloop
  endfacet
  facet normal 0.831475 0.555562 0
    outer loop
      vertex -38.9711 -22.5 -81.5
      vertex -35.7009 -27.3943 -78.5
      vertex -35.7009 -27.3943 -81.5
    endloop
  endfacet
  facet normal -0.555562 0.831475 0
    outer loop
      vertex 27.3943 -35.7009 -81.5
      vertex 22.5 -38.9711 -78.5
      vertex 27.3943 -35.7009 -78.5
    endloop
  endfacet
  facet normal -0.555562 0.831475 0
    outer loop
      vertex 22.5 -38.9711 -78.5
      vertex 27.3943 -35.7009 -81.5
      vertex 22.5 -38.9711 -81.5
    endloop
  endfacet
  facet normal 0.946931 -0.321436 0
    outer loop
      vertex -42.6679 14 -78.5
      vertex -41.5746 17.2208 -81.5
      vertex -41.5746 17.2208 -78.5
    endloop
  endfacet
  facet normal 0.946931 -0.321436 0
    outer loop
      vertex -41.5746 17.2208 -81.5
      vertex -42.6679 14 -78.5
      vertex -42.6679 14 -81.5
    endloop
  endfacet
  facet normal -0.321442 -0.946929 0
    outer loop
      vertex 11.6469 43.4667 -81.5
      vertex 17.2208 41.5746 -78.5
      vertex 11.6469 43.4667 -78.5
    endloop
  endfacet
  facet normal -0.321442 -0.946929 -0
    outer loop
      vertex 17.2208 41.5746 -78.5
      vertex 11.6469 43.4667 -81.5
      vertex 17.2208 41.5746 -81.5
    endloop
  endfacet
  facet normal -0.0654063 -0.997859 0
    outer loop
      vertex 0 45 -81.5
      vertex 5.87368 44.615 -78.5
      vertex 0 45 -78.5
    endloop
  endfacet
  facet normal -0.0654063 -0.997859 -0
    outer loop
      vertex 5.87368 44.615 -78.5
      vertex 0 45 -81.5
      vertex 5.87368 44.615 -81.5
    endloop
  endfacet
  facet normal 0.442301 -0.896867 0
    outer loop
      vertex -22.5 38.9711 -81.5
      vertex -17.2208 41.5746 -78.5
      vertex -22.5 38.9711 -78.5
    endloop
  endfacet
  facet normal 0.442301 -0.896867 0
    outer loop
      vertex -17.2208 41.5746 -78.5
      vertex -22.5 38.9711 -81.5
      vertex -17.2208 41.5746 -81.5
    endloop
  endfacet
  facet normal -0.831475 0.555562 0
    outer loop
      vertex 35.7009 -27.3943 -81.5
      vertex 38.9711 -22.5 -78.5
      vertex 38.9711 -22.5 -81.5
    endloop
  endfacet
  facet normal -0.831475 0.555562 0
    outer loop
      vertex 38.9711 -22.5 -78.5
      vertex 35.7009 -27.3943 -81.5
      vertex 35.7009 -27.3943 -78.5
    endloop
  endfacet
  facet normal 0.946931 0.321436 0
    outer loop
      vertex -41.5746 -17.2208 -78.5
      vertex -42.6679 -14 -81.5
      vertex -42.6679 -14 -78.5
    endloop
  endfacet
  facet normal 0.946931 0.321436 0
    outer loop
      vertex -42.6679 -14 -81.5
      vertex -41.5746 -17.2208 -78.5
      vertex -41.5746 -17.2208 -81.5
    endloop
  endfacet
  facet normal 0.65935 0.751836 -0
    outer loop
      vertex -27.3943 -35.7009 -81.5
      vertex -31.8198 -31.8198 -78.5
      vertex -27.3943 -35.7009 -78.5
    endloop
  endfacet
  facet normal 0.65935 0.751836 0
    outer loop
      vertex -31.8198 -31.8198 -78.5
      vertex -27.3943 -35.7009 -81.5
      vertex -31.8198 -31.8198 -81.5
    endloop
  endfacet
  facet normal -0.442301 -0.896867 0
    outer loop
      vertex 17.2208 41.5746 -81.5
      vertex 22.5 38.9711 -78.5
      vertex 17.2208 41.5746 -78.5
    endloop
  endfacet
  facet normal -0.442301 -0.896867 -0
    outer loop
      vertex 22.5 38.9711 -78.5
      vertex 17.2208 41.5746 -81.5
      vertex 22.5 38.9711 -81.5
    endloop
  endfacet
  facet normal 0.19508 -0.980787 0
    outer loop
      vertex -11.6469 43.4667 -81.5
      vertex -5.87368 44.615 -78.5
      vertex -11.6469 43.4667 -78.5
    endloop
  endfacet
  facet normal 0.19508 -0.980787 0
    outer loop
      vertex -5.87368 44.615 -78.5
      vertex -11.6469 43.4667 -81.5
      vertex -5.87368 44.615 -81.5
    endloop
  endfacet
  facet normal -0.751836 -0.65935 0
    outer loop
      vertex 35.7009 27.3943 -81.5
      vertex 31.8198 31.8198 -78.5
      vertex 31.8198 31.8198 -81.5
    endloop
  endfacet
  facet normal -0.751836 -0.65935 0
    outer loop
      vertex 31.8198 31.8198 -78.5
      vertex 35.7009 27.3943 -81.5
      vertex 35.7009 27.3943 -78.5
    endloop
  endfacet
  facet normal -0.19508 -0.980787 0
    outer loop
      vertex 5.87368 44.615 -81.5
      vertex 11.6469 43.4667 -78.5
      vertex 5.87368 44.615 -78.5
    endloop
  endfacet
  facet normal -0.19508 -0.980787 -0
    outer loop
      vertex 11.6469 43.4667 -78.5
      vertex 5.87368 44.615 -81.5
      vertex 11.6469 43.4667 -81.5
    endloop
  endfacet
  facet normal -0.751836 0.65935 0
    outer loop
      vertex 31.8198 -31.8198 -81.5
      vertex 35.7009 -27.3943 -78.5
      vertex 35.7009 -27.3943 -81.5
    endloop
  endfacet
  facet normal -0.751836 0.65935 0
    outer loop
      vertex 35.7009 -27.3943 -78.5
      vertex 31.8198 -31.8198 -81.5
      vertex 31.8198 -31.8198 -78.5
    endloop
  endfacet
  facet normal 0.442299 0.896868 -0
    outer loop
      vertex -17.5 -41.4369 -81.5
      vertex -22.5 -38.9711 -78.5
      vertex -17.5 -41.4369 -78.5
    endloop
  endfacet
  facet normal 0.442299 0.896868 0
    outer loop
      vertex -22.5 -38.9711 -78.5
      vertex -17.5 -41.4369 -81.5
      vertex -22.5 -38.9711 -81.5
    endloop
  endfacet
  facet normal 0.0654063 -0.997859 0
    outer loop
      vertex -5.87368 44.615 -81.5
      vertex 0 45 -78.5
      vertex -5.87368 44.615 -78.5
    endloop
  endfacet
  facet normal 0.0654063 -0.997859 0
    outer loop
      vertex 0 45 -78.5
      vertex -5.87368 44.615 -81.5
      vertex 0 45 -81.5
    endloop
  endfacet
  facet normal -0.442299 0.896868 0
    outer loop
      vertex 22.5 -38.9711 -81.5
      vertex 17.5 -41.4369 -78.5
      vertex 22.5 -38.9711 -78.5
    endloop
  endfacet
  facet normal -0.442299 0.896868 0
    outer loop
      vertex 17.5 -41.4369 -78.5
      vertex 22.5 -38.9711 -81.5
      vertex 17.5 -41.4369 -81.5
    endloop
  endfacet
  facet normal -0.65935 0.751836 0
    outer loop
      vertex 31.8198 -31.8198 -81.5
      vertex 27.3943 -35.7009 -78.5
      vertex 31.8198 -31.8198 -78.5
    endloop
  endfacet
  facet normal -0.65935 0.751836 0
    outer loop
      vertex 27.3943 -35.7009 -78.5
      vertex 31.8198 -31.8198 -81.5
      vertex 27.3943 -35.7009 -81.5
    endloop
  endfacet
  facet normal 0.896867 0.442301 0
    outer loop
      vertex -38.9711 -22.5 -78.5
      vertex -41.5746 -17.2208 -81.5
      vertex -41.5746 -17.2208 -78.5
    endloop
  endfacet
  facet normal 0.896867 0.442301 0
    outer loop
      vertex -41.5746 -17.2208 -81.5
      vertex -38.9711 -22.5 -78.5
      vertex -38.9711 -22.5 -81.5
    endloop
  endfacet
  facet normal -0.896867 0.442301 0
    outer loop
      vertex 38.9711 -22.5 -81.5
      vertex 41.5746 -17.2208 -78.5
      vertex 41.5746 -17.2208 -81.5
    endloop
  endfacet
  facet normal -0.896867 0.442301 0
    outer loop
      vertex 41.5746 -17.2208 -78.5
      vertex 38.9711 -22.5 -81.5
      vertex 38.9711 -22.5 -78.5
    endloop
  endfacet
  facet normal -0.65935 -0.751836 0
    outer loop
      vertex 27.3943 35.7009 -81.5
      vertex 31.8198 31.8198 -78.5
      vertex 27.3943 35.7009 -78.5
    endloop
  endfacet
  facet normal -0.65935 -0.751836 -0
    outer loop
      vertex 31.8198 31.8198 -78.5
      vertex 27.3943 35.7009 -81.5
      vertex 31.8198 31.8198 -81.5
    endloop
  endfacet
  facet normal 0.555562 0.831475 -0
    outer loop
      vertex -22.5 -38.9711 -81.5
      vertex -27.3943 -35.7009 -78.5
      vertex -22.5 -38.9711 -78.5
    endloop
  endfacet
  facet normal 0.555562 0.831475 0
    outer loop
      vertex -27.3943 -35.7009 -78.5
      vertex -22.5 -38.9711 -81.5
      vertex -27.3943 -35.7009 -81.5
    endloop
  endfacet
  facet normal -0.896867 -0.442301 0
    outer loop
      vertex 41.5746 17.2208 -81.5
      vertex 38.9711 22.5 -78.5
      vertex 38.9711 22.5 -81.5
    endloop
  endfacet
  facet normal -0.896867 -0.442301 0
    outer loop
      vertex 38.9711 22.5 -78.5
      vertex 41.5746 17.2208 -81.5
      vertex 41.5746 17.2208 -78.5
    endloop
  endfacet
  facet normal -0.946931 -0.321436 0
    outer loop
      vertex 42.6679 14 -81.5
      vertex 41.5746 17.2208 -78.5
      vertex 41.5746 17.2208 -81.5
    endloop
  endfacet
  facet normal -0.946931 -0.321436 0
    outer loop
      vertex 41.5746 17.2208 -78.5
      vertex 42.6679 14 -81.5
      vertex 42.6679 14 -78.5
    endloop
  endfacet
  facet normal 0.831475 -0.555562 0
    outer loop
      vertex -38.9711 22.5 -78.5
      vertex -35.7009 27.3943 -81.5
      vertex -35.7009 27.3943 -78.5
    endloop
  endfacet
  facet normal 0.831475 -0.555562 0
    outer loop
      vertex -35.7009 27.3943 -81.5
      vertex -38.9711 22.5 -78.5
      vertex -38.9711 22.5 -81.5
    endloop
  endfacet
  facet normal 0.980785 0.19509 0
    outer loop
      vertex 83.2814 10.9642 1.5
      vertex 81.1378 21.7408 -1.5
      vertex 81.1378 21.7408 1.5
    endloop
  endfacet
  facet normal 0.980785 0.19509 0
    outer loop
      vertex 81.1378 21.7408 -1.5
      vertex 83.2814 10.9642 1.5
      vertex 83.2814 10.9642 -1.5
    endloop
  endfacet
  facet normal 0.997859 0.0654003 0
    outer loop
      vertex 84 0 1.5
      vertex 83.2814 10.9642 -1.5
      vertex 83.2814 10.9642 1.5
    endloop
  endfacet
  facet normal 0.997859 0.0654003 0
    outer loop
      vertex 83.2814 10.9642 -1.5
      vertex 84 0 1.5
      vertex 84 0 -1.5
    endloop
  endfacet
  facet normal -0.659346 0.75184 0
    outer loop
      vertex -51.136 66.6417 -1.5
      vertex -59.397 59.397 1.5
      vertex -51.136 66.6417 1.5
    endloop
  endfacet
  facet normal -0.659346 0.75184 0
    outer loop
      vertex -59.397 59.397 1.5
      vertex -51.136 66.6417 -1.5
      vertex -59.397 59.397 -1.5
    endloop
  endfacet
  facet normal -0.75184 0.659346 0
    outer loop
      vertex -66.6417 51.136 -1.5
      vertex -59.397 59.397 1.5
      vertex -59.397 59.397 -1.5
    endloop
  endfacet
  facet normal -0.75184 0.659346 0
    outer loop
      vertex -59.397 59.397 1.5
      vertex -66.6417 51.136 -1.5
      vertex -66.6417 51.136 1.5
    endloop
  endfacet
  facet normal 0.555565 -0.831473 0
    outer loop
      vertex 42 -72.7461 -1.5
      vertex 51.136 -66.6417 1.5
      vertex 42 -72.7461 1.5
    endloop
  endfacet
  facet normal 0.555565 -0.831473 0
    outer loop
      vertex 51.136 -66.6417 1.5
      vertex 42 -72.7461 -1.5
      vertex 51.136 -66.6417 -1.5
    endloop
  endfacet
  facet normal -0.94693 -0.321441 0
    outer loop
      vertex -77.6059 -32.1454 -1.5
      vertex -81.1378 -21.7408 1.5
      vertex -81.1378 -21.7408 -1.5
    endloop
  endfacet
  facet normal -0.94693 -0.321441 0
    outer loop
      vertex -81.1378 -21.7408 1.5
      vertex -77.6059 -32.1454 -1.5
      vertex -77.6059 -32.1454 1.5
    endloop
  endfacet
  facet normal 0.980785 -0.19509 0
    outer loop
      vertex 81.1378 -21.7408 1.5
      vertex 83.2814 -10.9642 -1.5
      vertex 83.2814 -10.9642 1.5
    endloop
  endfacet
  facet normal 0.980785 -0.19509 0
    outer loop
      vertex 83.2814 -10.9642 -1.5
      vertex 81.1378 -21.7408 1.5
      vertex 81.1378 -21.7408 -1.5
    endloop
  endfacet
  facet normal 0.321441 0.94693 -0
    outer loop
      vertex 32.1454 77.6059 -1.5
      vertex 21.7408 81.1378 1.5
      vertex 32.1454 77.6059 1.5
    endloop
  endfacet
  facet normal 0.321441 0.94693 0
    outer loop
      vertex 21.7408 81.1378 1.5
      vertex 32.1454 77.6059 -1.5
      vertex 21.7408 81.1378 -1.5
    endloop
  endfacet
  facet normal 0.0654003 -0.997859 0
    outer loop
      vertex 0 -84 -1.5
      vertex 10.9642 -83.2814 1.5
      vertex 0 -84 1.5
    endloop
  endfacet
  facet normal 0.0654003 -0.997859 0
    outer loop
      vertex 10.9642 -83.2814 1.5
      vertex 0 -84 -1.5
      vertex 10.9642 -83.2814 -1.5
    endloop
  endfacet
  facet normal 0.442292 0.896871 -0
    outer loop
      vertex 42 72.7461 -1.5
      vertex 32.1454 77.6059 1.5
      vertex 42 72.7461 1.5
    endloop
  endfacet
  facet normal 0.442292 0.896871 0
    outer loop
      vertex 32.1454 77.6059 1.5
      vertex 42 72.7461 -1.5
      vertex 32.1454 77.6059 -1.5
    endloop
  endfacet
  facet normal -0.555565 0.831473 0
    outer loop
      vertex -42 72.7461 -1.5
      vertex -51.136 66.6417 1.5
      vertex -42 72.7461 1.5
    endloop
  endfacet
  facet normal -0.555565 0.831473 0
    outer loop
      vertex -51.136 66.6417 1.5
      vertex -42 72.7461 -1.5
      vertex -51.136 66.6417 -1.5
    endloop
  endfacet
  facet normal 0.831473 -0.555565 0
    outer loop
      vertex 66.6417 -51.136 1.5
      vertex 72.7461 -42 -1.5
      vertex 72.7461 -42 1.5
    endloop
  endfacet
  facet normal 0.831473 -0.555565 0
    outer loop
      vertex 72.7461 -42 -1.5
      vertex 66.6417 -51.136 1.5
      vertex 66.6417 -51.136 -1.5
    endloop
  endfacet
  facet normal -0.321441 0.94693 0
    outer loop
      vertex -21.7408 81.1378 -1.5
      vertex -32.1454 77.6059 1.5
      vertex -21.7408 81.1378 1.5
    endloop
  endfacet
  facet normal -0.321441 0.94693 0
    outer loop
      vertex -32.1454 77.6059 1.5
      vertex -21.7408 81.1378 -1.5
      vertex -32.1454 77.6059 -1.5
    endloop
  endfacet
  facet normal 0 0 1
    outer loop
      vertex -81.1378 -21.7408 1.5
      vertex -55 -14 1.5
      vertex -77.5422 -3.5 1.5
    endloop
  endfacet
  facet normal 0 0 1
    outer loop
      vertex -55 -14 1.5
      vertex -77.6059 -32.1454 1.5
      vertex -72.7461 -42 1.5
    endloop
  endfacet
  facet normal 0 0 1
    outer loop
      vertex -55 -14 1.5
      vertex -81.1378 -21.7408 1.5
      vertex -77.6059 -32.1454 1.5
    endloop
  endfacet
  facet normal 0 0 1
    outer loop
      vertex -77.5422 -3.5 1.5
      vertex -83.2814 -10.9642 1.5
      vertex -81.1378 -21.7408 1.5
    endloop
  endfacet
  facet normal 0 -0 1
    outer loop
      vertex -83.2814 -10.9642 1.5
      vertex -77.5422 -3.5 1.5
      vertex -83.7706 -3.5 1.5
    endloop
  endfacet
  facet normal 0 0 1
    outer loop
      vertex 55 14 1.5
      vertex 84 0 1.5
      vertex 83.2814 10.9642 1.5
    endloop
  endfacet
  facet normal -0 0 1
    outer loop
      vertex 55 14 1.5
      vertex 83.2814 10.9642 1.5
      vertex 81.1378 21.7408 1.5
    endloop
  endfacet
  facet normal 0 0 1
    outer loop
      vertex 55 -14 1.5
      vertex 84 0 1.5
      vertex 55 14 1.5
    endloop
  endfacet
  facet normal 0 0 1
    outer loop
      vertex 55 14 1.5
      vertex 81.1378 21.7408 1.5
      vertex 77.6059 32.1454 1.5
    endloop
  endfacet
  facet normal 0 0 1
    outer loop
      vertex 84 0 1.5
      vertex 55 -14 1.5
      vertex 83.2814 -10.9642 1.5
    endloop
  endfacet
  facet normal 0 0 1
    outer loop
      vertex 55 14 1.5
      vertex 77.6059 32.1454 1.5
      vertex 72.7461 42 1.5
    endloop
  endfacet
  facet normal 0 0 1
    outer loop
      vertex 83.2814 -10.9642 1.5
      vertex 55 -14 1.5
      vertex 81.1378 -21.7408 1.5
    endloop
  endfacet
  facet normal 0 0 1
    outer loop
      vertex 38.9711 22.5 1.5
      vertex 72.7461 42 1.5
      vertex 66.6417 51.136 1.5
    endloop
  endfacet
  facet normal 0 0 1
    outer loop
      vertex 81.1378 -21.7408 1.5
      vertex 55 -14 1.5
      vertex 77.6059 -32.1454 1.5
    endloop
  endfacet
  facet normal 0 0 1
    outer loop
      vertex 35.7009 27.3943 1.5
      vertex 66.6417 51.136 1.5
      vertex 59.397 59.397 1.5
    endloop
  endfacet
  facet normal 0 0 1
    outer loop
      vertex 77.6059 -32.1454 1.5
      vertex 55 -14 1.5
      vertex 72.7461 -42 1.5
    endloop
  endfacet
  facet normal -0 0 1
    outer loop
      vertex 38.9711 -22.5 1.5
      vertex 72.7461 -42 1.5
      vertex 55 -14 1.5
    endloop
  endfacet
  facet normal 0 0 1
    outer loop
      vertex 31.8198 31.8198 1.5
      vertex 59.397 59.397 1.5
      vertex 51.136 66.6417 1.5
    endloop
  endfacet
  facet normal 0 0 1
    outer loop
      vertex 66.6417 51.136 1.5
      vertex 35.7009 27.3943 1.5
      vertex 38.9711 22.5 1.5
    endloop
  endfacet
  facet normal 0 0 1
    outer loop
      vertex 27.3943 35.7009 1.5
      vertex 51.136 66.6417 1.5
      vertex 42 72.7461 1.5
    endloop
  endfacet
  facet normal 0 0 1
    outer loop
      vertex 55 14 1.5
      vertex 41.5746 17.2208 1.5
      vertex 42.6679 14 1.5
    endloop
  endfacet
  facet normal 0 0 1
    outer loop
      vertex 55 14 1.5
      vertex 38.9711 22.5 1.5
      vertex 41.5746 17.2208 1.5
    endloop
  endfacet
  facet normal 0 0 1
    outer loop
      vertex 72.7461 42 1.5
      vertex 38.9711 22.5 1.5
      vertex 55 14 1.5
    endloop
  endfacet
  facet normal 0 0 1
    outer loop
      vertex 22.5 38.9711 1.5
      vertex 42 72.7461 1.5
      vertex 32.1454 77.6059 1.5
    endloop
  endfacet
  facet normal 0 0 1
    outer loop
      vertex 59.397 59.397 1.5
      vertex 31.8198 31.8198 1.5
      vertex 35.7009 27.3943 1.5
    endloop
  endfacet
  facet normal 0 0 1
    outer loop
      vertex 51.136 66.6417 1.5
      vertex 27.3943 35.7009 1.5
      vertex 31.8198 31.8198 1.5
    endloop
  endfacet
  facet normal 0 0 1
    outer loop
      vertex 42 72.7461 1.5
      vertex 22.5 38.9711 1.5
      vertex 27.3943 35.7009 1.5
    endloop
  endfacet
  facet normal 0 0 1
    outer loop
      vertex 17.2208 41.5746 1.5
      vertex 32.1454 77.6059 1.5
      vertex 21.7408 81.1378 1.5
    endloop
  endfacet
  facet normal 0 0 1
    outer loop
      vertex 32.1454 77.6059 1.5
      vertex 17.2208 41.5746 1.5
      vertex 22.5 38.9711 1.5
    endloop
  endfacet
  facet normal 0 0 1
    outer loop
      vertex 21.7408 81.1378 1.5
      vertex 11.6469 43.4667 1.5
      vertex 17.2208 41.5746 1.5
    endloop
  endfacet
  facet normal 0 0 1
    outer loop
      vertex 10.9642 83.2814 1.5
      vertex 11.6469 43.4667 1.5
      vertex 21.7408 81.1378 1.5
    endloop
  endfacet
  facet normal 0 0 1
    outer loop
      vertex 10.9642 83.2814 1.5
      vertex 5.87368 44.615 1.5
      vertex 11.6469 43.4667 1.5
    endloop
  endfacet
  facet normal 0 0 1
    outer loop
      vertex 0 84 1.5
      vertex 5.87368 44.615 1.5
      vertex 10.9642 83.2814 1.5
    endloop
  endfacet
  facet normal 0 0 1
    outer loop
      vertex 0 84 1.5
      vertex 0 45 1.5
      vertex 5.87368 44.615 1.5
    endloop
  endfacet
  facet normal 0 0 1
    outer loop
      vertex 0 84 1.5
      vertex -5.87368 44.615 1.5
      vertex 0 45 1.5
    endloop
  endfacet
  facet normal -0 0 1
    outer loop
      vertex -10.9642 83.2814 1.5
      vertex -5.87368 44.615 1.5
      vertex 0 84 1.5
    endloop
  endfacet
  facet normal 0 0 1
    outer loop
      vertex -10.9642 83.2814 1.5
      vertex -11.6469 43.4667 1.5
      vertex -5.87368 44.615 1.5
    endloop
  endfacet
  facet normal -0 0 1
    outer loop
      vertex -21.7408 81.1378 1.5
      vertex -11.6469 43.4667 1.5
      vertex -10.9642 83.2814 1.5
    endloop
  endfacet
  facet normal 0 0 1
    outer loop
      vertex -11.6469 43.4667 1.5
      vertex -21.7408 81.1378 1.5
      vertex -17.2208 41.5746 1.5
    endloop
  endfacet
  facet normal -0 0 1
    outer loop
      vertex -32.1454 77.6059 1.5
      vertex -17.2208 41.5746 1.5
      vertex -21.7408 81.1378 1.5
    endloop
  endfacet
  facet normal 0 0 1
    outer loop
      vertex -17.2208 41.5746 1.5
      vertex -32.1454 77.6059 1.5
      vertex -22.5 38.9711 1.5
    endloop
  endfacet
  facet normal -0 0 1
    outer loop
      vertex -42 72.7461 1.5
      vertex -22.5 38.9711 1.5
      vertex -32.1454 77.6059 1.5
    endloop
  endfacet
  facet normal 0 0 1
    outer loop
      vertex -22.5 38.9711 1.5
      vertex -42 72.7461 1.5
      vertex -27.3943 35.7009 1.5
    endloop
  endfacet
  facet normal -0 0 1
    outer loop
      vertex -51.136 66.6417 1.5
      vertex -27.3943 35.7009 1.5
      vertex -42 72.7461 1.5
    endloop
  endfacet
  facet normal 0 0 1
    outer loop
      vertex -27.3943 35.7009 1.5
      vertex -51.136 66.6417 1.5
      vertex -31.8198 31.8198 1.5
    endloop
  endfacet
  facet normal -0 0 1
    outer loop
      vertex -59.397 59.397 1.5
      vertex -31.8198 31.8198 1.5
      vertex -51.136 66.6417 1.5
    endloop
  endfacet
  facet normal 0 0 1
    outer loop
      vertex -31.8198 31.8198 1.5
      vertex -59.397 59.397 1.5
      vertex -35.7009 27.3943 1.5
    endloop
  endfacet
  facet normal -0 0 1
    outer loop
      vertex -66.6417 51.136 1.5
      vertex -35.7009 27.3943 1.5
      vertex -59.397 59.397 1.5
    endloop
  endfacet
  facet normal 0 0 1
    outer loop
      vertex -35.7009 27.3943 1.5
      vertex -66.6417 51.136 1.5
      vertex -38.9711 22.5 1.5
    endloop
  endfacet
  facet normal -0 0 1
    outer loop
      vertex -72.7461 42 1.5
      vertex -38.9711 22.5 1.5
      vertex -66.6417 51.136 1.5
    endloop
  endfacet
  facet normal 0 0 1
    outer loop
      vertex -41.5746 17.2208 1.5
      vertex -55 14 1.5
      vertex -42.6679 14 1.5
    endloop
  endfacet
  facet normal 0 -0 1
    outer loop
      vertex -55 14 1.5
      vertex -38.9711 22.5 1.5
      vertex -72.7461 42 1.5
    endloop
  endfacet
  facet normal 0 0 1
    outer loop
      vertex 72.7461 -42 1.5
      vertex 38.9711 -22.5 1.5
      vertex 66.6417 -51.136 1.5
    endloop
  endfacet
  facet normal -0 0 1
    outer loop
      vertex 35.7009 -27.3943 1.5
      vertex 66.6417 -51.136 1.5
      vertex 38.9711 -22.5 1.5
    endloop
  endfacet
  facet normal 0 0 1
    outer loop
      vertex 41.5746 -17.2208 1.5
      vertex 55 -14 1.5
      vertex 42.6679 -14 1.5
    endloop
  endfacet
  facet normal 0 0 1
    outer loop
      vertex 38.9711 -22.5 1.5
      vertex 55 -14 1.5
      vertex 41.5746 -17.2208 1.5
    endloop
  endfacet
  facet normal 0 0 1
    outer loop
      vertex 66.6417 -51.136 1.5
      vertex 35.7009 -27.3943 1.5
      vertex 59.397 -59.397 1.5
    endloop
  endfacet
  facet normal -0 0 1
    outer loop
      vertex 31.8198 -31.8198 1.5
      vertex 59.397 -59.397 1.5
      vertex 35.7009 -27.3943 1.5
    endloop
  endfacet
  facet normal 0 0 1
    outer loop
      vertex 59.397 -59.397 1.5
      vertex 31.8198 -31.8198 1.5
      vertex 51.136 -66.6417 1.5
    endloop
  endfacet
  facet normal -0 0 1
    outer loop
      vertex 27.3943 -35.7009 1.5
      vertex 51.136 -66.6417 1.5
      vertex 31.8198 -31.8198 1.5
    endloop
  endfacet
  facet normal 0 0 1
    outer loop
      vertex 51.136 -66.6417 1.5
      vertex 27.3943 -35.7009 1.5
      vertex 42 -72.7461 1.5
    endloop
  endfacet
  facet normal -0 0 1
    outer loop
      vertex 22.5 -38.9711 1.5
      vertex 42 -72.7461 1.5
      vertex 27.3943 -35.7009 1.5
    endloop
  endfacet
  facet normal 0 0 1
    outer loop
      vertex 42 -72.7461 1.5
      vertex 22.5 -38.9711 1.5
      vertex 32.1454 -77.6059 1.5
    endloop
  endfacet
  facet normal -0 0 1
    outer loop
      vertex 17.2208 -41.5746 1.5
      vertex 32.1454 -77.6059 1.5
      vertex 22.5 -38.9711 1.5
    endloop
  endfacet
  facet normal 0 0 1
    outer loop
      vertex 32.1454 -77.6059 1.5
      vertex 17.2208 -41.5746 1.5
      vertex 21.7408 -81.1378 1.5
    endloop
  endfacet
  facet normal -0 0 1
    outer loop
      vertex 11.6469 -43.4667 1.5
      vertex 21.7408 -81.1378 1.5
      vertex 17.2208 -41.5746 1.5
    endloop
  endfacet
  facet normal 0 0 1
    outer loop
      vertex 11.6469 -43.4667 1.5
      vertex 10.9642 -83.2814 1.5
      vertex 21.7408 -81.1378 1.5
    endloop
  endfacet
  facet normal -0 0 1
    outer loop
      vertex 5.87368 -44.615 1.5
      vertex 10.9642 -83.2814 1.5
      vertex 11.6469 -43.4667 1.5
    endloop
  endfacet
  facet normal -0 0 1
    outer loop
      vertex 0 -45 1.5
      vertex 10.9642 -83.2814 1.5
      vertex 5.87368 -44.615 1.5
    endloop
  endfacet
  facet normal 0 0 1
    outer loop
      vertex 0 -45 1.5
      vertex 0 -84 1.5
      vertex 10.9642 -83.2814 1.5
    endloop
  endfacet
  facet normal 0 0 1
    outer loop
      vertex -5.87368 -44.615 1.5
      vertex 0 -84 1.5
      vertex 0 -45 1.5
    endloop
  endfacet
  facet normal 0 0 1
    outer loop
      vertex -5.87368 -44.615 1.5
      vertex -10.9642 -83.2814 1.5
      vertex 0 -84 1.5
    endloop
  endfacet
  facet normal 0 0 1
    outer loop
      vertex -11.6469 -43.4667 1.5
      vertex -10.9642 -83.2814 1.5
      vertex -5.87368 -44.615 1.5
    endloop
  endfacet
  facet normal 0 0 1
    outer loop
      vertex -21.7408 -81.1378 1.5
      vertex -11.6469 -43.4667 1.5
      vertex -17.2208 -41.5746 1.5
    endloop
  endfacet
  facet normal 0 0 1
    outer loop
      vertex -11.6469 -43.4667 1.5
      vertex -21.7408 -81.1378 1.5
      vertex -10.9642 -83.2814 1.5
    endloop
  endfacet
  facet normal 0 0 1
    outer loop
      vertex -32.1454 -77.6059 1.5
      vertex -17.2208 -41.5746 1.5
      vertex -22.5 -38.9711 1.5
    endloop
  endfacet
  facet normal 0 0 1
    outer loop
      vertex -42 -72.7461 1.5
      vertex -22.5 -38.9711 1.5
      vertex -27.3943 -35.7009 1.5
    endloop
  endfacet
  facet normal 0 0 1
    outer loop
      vertex -51.136 -66.6417 1.5
      vertex -27.3943 -35.7009 1.5
      vertex -31.8198 -31.8198 1.5
    endloop
  endfacet
  facet normal 0 0 1
    outer loop
      vertex -17.2208 -41.5746 1.5
      vertex -32.1454 -77.6059 1.5
      vertex -21.7408 -81.1378 1.5
    endloop
  endfacet
  facet normal 0 0 1
    outer loop
      vertex -59.397 -59.397 1.5
      vertex -31.8198 -31.8198 1.5
      vertex -35.7009 -27.3943 1.5
    endloop
  endfacet
  facet normal 0 0 1
    outer loop
      vertex -66.6417 -51.136 1.5
      vertex -35.7009 -27.3943 1.5
      vertex -38.9711 -22.5 1.5
    endloop
  endfacet
  facet normal 0 0 1
    outer loop
      vertex -55 -14 1.5
      vertex -38.9711 -22.5 1.5
      vertex -41.5746 -17.2208 1.5
    endloop
  endfacet
  facet normal 0 0 1
    outer loop
      vertex -22.5 -38.9711 1.5
      vertex -42 -72.7461 1.5
      vertex -32.1454 -77.6059 1.5
    endloop
  endfacet
  facet normal -0 0 1
    outer loop
      vertex -55 -14 1.5
      vertex -41.5746 -17.2208 1.5
      vertex -42.6679 -14 1.5
    endloop
  endfacet
  facet normal 0 0 1
    outer loop
      vertex -27.3943 -35.7009 1.5
      vertex -51.136 -66.6417 1.5
      vertex -42 -72.7461 1.5
    endloop
  endfacet
  facet normal 0 0 1
    outer loop
      vertex -38.9711 -22.5 1.5
      vertex -55 -14 1.5
      vertex -72.7461 -42 1.5
    endloop
  endfacet
  facet normal 0 0 1
    outer loop
      vertex -31.8198 -31.8198 1.5
      vertex -59.397 -59.397 1.5
      vertex -51.136 -66.6417 1.5
    endloop
  endfacet
  facet normal 0 0 1
    outer loop
      vertex -38.9711 22.5 1.5
      vertex -55 14 1.5
      vertex -41.5746 17.2208 1.5
    endloop
  endfacet
  facet normal -0 0 1
    outer loop
      vertex -77.6059 32.1454 1.5
      vertex -55 14 1.5
      vertex -72.7461 42 1.5
    endloop
  endfacet
  facet normal -0 0 1
    outer loop
      vertex -77.5422 -3.5 1.5
      vertex -55 -14 1.5
      vertex -77.5422 3.5 1.5
    endloop
  endfacet
  facet normal -0 0 1
    outer loop
      vertex -81.1378 21.7408 1.5
      vertex -55 14 1.5
      vertex -77.6059 32.1454 1.5
    endloop
  endfacet
  facet normal 0 0 1
    outer loop
      vertex -35.7009 -27.3943 1.5
      vertex -66.6417 -51.136 1.5
      vertex -59.397 -59.397 1.5
    endloop
  endfacet
  facet normal 0 0 1
    outer loop
      vertex -38.9711 -22.5 1.5
      vertex -72.7461 -42 1.5
      vertex -66.6417 -51.136 1.5
    endloop
  endfacet
  facet normal 0 0 1
    outer loop
      vertex -55 14 1.5
      vertex -77.5422 3.5 1.5
      vertex -55 -14 1.5
    endloop
  endfacet
  facet normal 0 0 1
    outer loop
      vertex -55 14 1.5
      vertex -81.1378 21.7408 1.5
      vertex -77.5422 3.5 1.5
    endloop
  endfacet
  facet normal -0 0 1
    outer loop
      vertex -83.2814 10.9642 1.5
      vertex -77.5422 3.5 1.5
      vertex -81.1378 21.7408 1.5
    endloop
  endfacet
  facet normal 0 0 1
    outer loop
      vertex -77.5422 3.5 1.5
      vertex -83.2814 10.9642 1.5
      vertex -83.7706 3.5 1.5
    endloop
  endfacet
  facet normal -0.980785 -0.19509 0
    outer loop
      vertex -81.1378 -21.7408 -1.5
      vertex -83.2814 -10.9642 1.5
      vertex -83.2814 -10.9642 -1.5
    endloop
  endfacet
  facet normal -0.980785 -0.19509 0
    outer loop
      vertex -83.2814 -10.9642 1.5
      vertex -81.1378 -21.7408 -1.5
      vertex -81.1378 -21.7408 1.5
    endloop
  endfacet
  facet normal -0.442292 0.896871 0
    outer loop
      vertex -32.1454 77.6059 -1.5
      vertex -42 72.7461 1.5
      vertex -32.1454 77.6059 1.5
    endloop
  endfacet
  facet normal -0.442292 0.896871 0
    outer loop
      vertex -42 72.7461 1.5
      vertex -32.1454 77.6059 -1.5
      vertex -42 72.7461 -1.5
    endloop
  endfacet
  facet normal 0.659346 -0.75184 0
    outer loop
      vertex 51.136 -66.6417 -1.5
      vertex 59.397 -59.397 1.5
      vertex 51.136 -66.6417 1.5
    endloop
  endfacet
  facet normal 0.659346 -0.75184 0
    outer loop
      vertex 59.397 -59.397 1.5
      vertex 51.136 -66.6417 -1.5
      vertex 59.397 -59.397 -1.5
    endloop
  endfacet
  facet normal 0.997859 -0.0654003 0
    outer loop
      vertex 83.2814 -10.9642 1.5
      vertex 84 0 -1.5
      vertex 84 0 1.5
    endloop
  endfacet
  facet normal 0.997859 -0.0654003 0
    outer loop
      vertex 84 0 -1.5
      vertex 83.2814 -10.9642 1.5
      vertex 83.2814 -10.9642 -1.5
    endloop
  endfacet
  facet normal 0.659346 0.75184 -0
    outer loop
      vertex 59.397 59.397 -1.5
      vertex 51.136 66.6417 1.5
      vertex 59.397 59.397 1.5
    endloop
  endfacet
  facet normal 0.659346 0.75184 0
    outer loop
      vertex 51.136 66.6417 1.5
      vertex 59.397 59.397 -1.5
      vertex 51.136 66.6417 -1.5
    endloop
  endfacet
  facet normal 0.555565 0.831473 -0
    outer loop
      vertex 51.136 66.6417 -1.5
      vertex 42 72.7461 1.5
      vertex 51.136 66.6417 1.5
    endloop
  endfacet
  facet normal 0.555565 0.831473 0
    outer loop
      vertex 42 72.7461 1.5
      vertex 51.136 66.6417 -1.5
      vertex 42 72.7461 -1.5
    endloop
  endfacet
  facet normal 0.19509 -0.980785 0
    outer loop
      vertex 10.9642 -83.2814 -1.5
      vertex 21.7408 -81.1378 1.5
      vertex 10.9642 -83.2814 1.5
    endloop
  endfacet
  facet normal 0.19509 -0.980785 0
    outer loop
      vertex 21.7408 -81.1378 1.5
      vertex 10.9642 -83.2814 -1.5
      vertex 21.7408 -81.1378 -1.5
    endloop
  endfacet
  facet normal 0.831473 0.555565 0
    outer loop
      vertex 72.7461 42 1.5
      vertex 66.6417 51.136 -1.5
      vertex 66.6417 51.136 1.5
    endloop
  endfacet
  facet normal 0.831473 0.555565 0
    outer loop
      vertex 66.6417 51.136 -1.5
      vertex 72.7461 42 1.5
      vertex 72.7461 42 -1.5
    endloop
  endfacet
  facet normal 0.442292 -0.896871 0
    outer loop
      vertex 32.1454 -77.6059 -1.5
      vertex 42 -72.7461 1.5
      vertex 32.1454 -77.6059 1.5
    endloop
  endfacet
  facet normal 0.442292 -0.896871 0
    outer loop
      vertex 42 -72.7461 1.5
      vertex 32.1454 -77.6059 -1.5
      vertex 42 -72.7461 -1.5
    endloop
  endfacet
  facet normal -0.831473 -0.555565 0
    outer loop
      vertex -66.6417 -51.136 -1.5
      vertex -72.7461 -42 1.5
      vertex -72.7461 -42 -1.5
    endloop
  endfacet
  facet normal -0.831473 -0.555565 0
    outer loop
      vertex -72.7461 -42 1.5
      vertex -66.6417 -51.136 -1.5
      vertex -66.6417 -51.136 1.5
    endloop
  endfacet
  facet normal 0.19509 0.980785 -0
    outer loop
      vertex 21.7408 81.1378 -1.5
      vertex 10.9642 83.2814 1.5
      vertex 21.7408 81.1378 1.5
    endloop
  endfacet
  facet normal 0.19509 0.980785 0
    outer loop
      vertex 10.9642 83.2814 1.5
      vertex 21.7408 81.1378 -1.5
      vertex 10.9642 83.2814 -1.5
    endloop
  endfacet
  facet normal -0.0654003 0.997859 0
    outer loop
      vertex 0 84 -1.5
      vertex -10.9642 83.2814 1.5
      vertex 0 84 1.5
    endloop
  endfacet
  facet normal -0.0654003 0.997859 0
    outer loop
      vertex -10.9642 83.2814 1.5
      vertex 0 84 -1.5
      vertex -10.9642 83.2814 -1.5
    endloop
  endfacet
  facet normal 0.896871 0.442292 0
    outer loop
      vertex 77.6059 32.1454 1.5
      vertex 72.7461 42 -1.5
      vertex 72.7461 42 1.5
    endloop
  endfacet
  facet normal 0.896871 0.442292 0
    outer loop
      vertex 72.7461 42 -1.5
      vertex 77.6059 32.1454 1.5
      vertex 77.6059 32.1454 -1.5
    endloop
  endfacet
  facet normal -0.896871 -0.442292 0
    outer loop
      vertex -72.7461 -42 -1.5
      vertex -77.6059 -32.1454 1.5
      vertex -77.6059 -32.1454 -1.5
    endloop
  endfacet
  facet normal -0.896871 -0.442292 0
    outer loop
      vertex -77.6059 -32.1454 1.5
      vertex -72.7461 -42 -1.5
      vertex -72.7461 -42 1.5
    endloop
  endfacet
  facet normal 0.94693 -0.321441 0
    outer loop
      vertex 77.6059 -32.1454 1.5
      vertex 81.1378 -21.7408 -1.5
      vertex 81.1378 -21.7408 1.5
    endloop
  endfacet
  facet normal 0.94693 -0.321441 0
    outer loop
      vertex 81.1378 -21.7408 -1.5
      vertex 77.6059 -32.1454 1.5
      vertex 77.6059 -32.1454 -1.5
    endloop
  endfacet
  facet normal 0.75184 -0.659346 0
    outer loop
      vertex 59.397 -59.397 1.5
      vertex 66.6417 -51.136 -1.5
      vertex 66.6417 -51.136 1.5
    endloop
  endfacet
  facet normal 0.75184 -0.659346 0
    outer loop
      vertex 66.6417 -51.136 -1.5
      vertex 59.397 -59.397 1.5
      vertex 59.397 -59.397 -1.5
    endloop
  endfacet
  facet normal -0.980785 0.19509 0
    outer loop
      vertex -83.2814 10.9642 -1.5
      vertex -81.1378 21.7408 1.5
      vertex -81.1378 21.7408 -1.5
    endloop
  endfacet
  facet normal -0.980785 0.19509 0
    outer loop
      vertex -81.1378 21.7408 1.5
      vertex -83.2814 10.9642 -1.5
      vertex -83.2814 10.9642 1.5
    endloop
  endfacet
  facet normal -0.997859 -0.0653992 0
    outer loop
      vertex -83.2814 -10.9642 -1.5
      vertex -83.7706 -3.5 1.5
      vertex -83.7706 -3.5 -1.5
    endloop
  endfacet
  facet normal -0.997859 -0.0653992 0
    outer loop
      vertex -83.7706 -3.5 1.5
      vertex -83.2814 -10.9642 -1.5
      vertex -83.2814 -10.9642 1.5
    endloop
  endfacet
  facet normal -0.997857 -0.0654254 -0
    outer loop
      vertex -84 0 -1.21466
      vertex -84 0 -1.5
      vertex -83.8669 -2.03002 -1.5
    endloop
  endfacet
  facet normal -0.442292 -0.896871 0
    outer loop
      vertex -42 -72.7461 -1.5
      vertex -32.1454 -77.6059 1.5
      vertex -42 -72.7461 1.5
    endloop
  endfacet
  facet normal -0.442292 -0.896871 -0
    outer loop
      vertex -32.1454 -77.6059 1.5
      vertex -42 -72.7461 -1.5
      vertex -32.1454 -77.6059 -1.5
    endloop
  endfacet
  facet normal -0.19509 -0.980785 0
    outer loop
      vertex -21.7408 -81.1378 -1.5
      vertex -10.9642 -83.2814 1.5
      vertex -21.7408 -81.1378 1.5
    endloop
  endfacet
  facet normal -0.19509 -0.980785 -0
    outer loop
      vertex -10.9642 -83.2814 1.5
      vertex -21.7408 -81.1378 -1.5
      vertex -10.9642 -83.2814 -1.5
    endloop
  endfacet
  facet normal 0.0654003 0.997859 -0
    outer loop
      vertex 10.9642 83.2814 -1.5
      vertex 0 84 1.5
      vertex 10.9642 83.2814 1.5
    endloop
  endfacet
  facet normal 0.0654003 0.997859 0
    outer loop
      vertex 0 84 1.5
      vertex 10.9642 83.2814 -1.5
      vertex 0 84 -1.5
    endloop
  endfacet
  facet normal -0.997859 0.0653992 0
    outer loop
      vertex -83.7706 3.5 -1.5
      vertex -83.2814 10.9642 1.5
      vertex -83.2814 10.9642 -1.5
    endloop
  endfacet
  facet normal -0.997859 0.0653992 0
    outer loop
      vertex -83.2814 10.9642 1.5
      vertex -83.7706 3.5 -1.5
      vertex -83.7706 3.5 1.5
    endloop
  endfacet
  facet normal -0.997857 0.0654254 0
    outer loop
      vertex -83.8669 2.03002 -1.5
      vertex -84 0 -1.5
      vertex -84 0 -1.21466
    endloop
  endfacet
  facet normal 0.75184 0.659346 0
    outer loop
      vertex 66.6417 51.136 1.5
      vertex 59.397 59.397 -1.5
      vertex 59.397 59.397 1.5
    endloop
  endfacet
  facet normal 0.75184 0.659346 0
    outer loop
      vertex 59.397 59.397 -1.5
      vertex 66.6417 51.136 1.5
      vertex 66.6417 51.136 -1.5
    endloop
  endfacet
  facet normal -0.321441 -0.94693 0
    outer loop
      vertex -32.1454 -77.6059 -1.5
      vertex -21.7408 -81.1378 1.5
      vertex -32.1454 -77.6059 1.5
    endloop
  endfacet
  facet normal -0.321441 -0.94693 -0
    outer loop
      vertex -21.7408 -81.1378 1.5
      vertex -32.1454 -77.6059 -1.5
      vertex -21.7408 -81.1378 -1.5
    endloop
  endfacet
  facet normal 0.94693 0.321441 0
    outer loop
      vertex 81.1378 21.7408 1.5
      vertex 77.6059 32.1454 -1.5
      vertex 77.6059 32.1454 1.5
    endloop
  endfacet
  facet normal 0.94693 0.321441 0
    outer loop
      vertex 77.6059 32.1454 -1.5
      vertex 81.1378 21.7408 1.5
      vertex 81.1378 21.7408 -1.5
    endloop
  endfacet
  facet normal 0 0 -1
    outer loop
      vertex -43.4667 11.6469 -1.5
      vertex -81.1378 21.7408 -1.5
      vertex -41.5746 17.2208 -1.5
    endloop
  endfacet
  facet normal 0 0 -1
    outer loop
      vertex -41.5746 17.2208 -1.5
      vertex -77.6059 32.1454 -1.5
      vertex -72.7461 42 -1.5
    endloop
  endfacet
  facet normal 0 0 -1
    outer loop
      vertex -41.5746 17.2208 -1.5
      vertex -81.1378 21.7408 -1.5
      vertex -77.6059 32.1454 -1.5
    endloop
  endfacet
  facet normal 0 0 -1
    outer loop
      vertex -76.1433 3.5 -1.5
      vertex -83.2814 10.9642 -1.5
      vertex -81.1378 21.7408 -1.5
    endloop
  endfacet
  facet normal 0 -0 -1
    outer loop
      vertex -83.2814 10.9642 -1.5
      vertex -76.1433 3.5 -1.5
      vertex -83.7706 3.5 -1.5
    endloop
  endfacet
  facet normal 0 0 -1
    outer loop
      vertex 45 0 -1.5
      vertex 84 0 -1.5
      vertex 83.2814 -10.9642 -1.5
    endloop
  endfacet
  facet normal 0 0 -1
    outer loop
      vertex 44.615 -5.87368 -1.5
      vertex 83.2814 -10.9642 -1.5
      vertex 81.1378 -21.7408 -1.5
    endloop
  endfacet
  facet normal 0 0 -1
    outer loop
      vertex 84 0 -1.5
      vertex 45 0 -1.5
      vertex 83.2814 10.9642 -1.5
    endloop
  endfacet
  facet normal 0 0 -1
    outer loop
      vertex 43.4667 -11.6469 -1.5
      vertex 81.1378 -21.7408 -1.5
      vertex 77.6059 -32.1454 -1.5
    endloop
  endfacet
  facet normal 0 0 -1
    outer loop
      vertex 44.615 5.87368 -1.5
      vertex 83.2814 10.9642 -1.5
      vertex 45 0 -1.5
    endloop
  endfacet
  facet normal 0 0 -1
    outer loop
      vertex 41.5746 -17.2208 -1.5
      vertex 77.6059 -32.1454 -1.5
      vertex 72.7461 -42 -1.5
    endloop
  endfacet
  facet normal -0 0 -1
    outer loop
      vertex 83.2814 10.9642 -1.5
      vertex 44.615 5.87368 -1.5
      vertex 81.1378 21.7408 -1.5
    endloop
  endfacet
  facet normal 0 0 -1
    outer loop
      vertex 38.9711 -22.5 -1.5
      vertex 72.7461 -42 -1.5
      vertex 66.6417 -51.136 -1.5
    endloop
  endfacet
  facet normal 0 0 -1
    outer loop
      vertex 43.4667 11.6469 -1.5
      vertex 81.1378 21.7408 -1.5
      vertex 44.615 5.87368 -1.5
    endloop
  endfacet
  facet normal 0 0 -1
    outer loop
      vertex 35.7009 -27.3943 -1.5
      vertex 66.6417 -51.136 -1.5
      vertex 59.397 -59.397 -1.5
    endloop
  endfacet
  facet normal -0 0 -1
    outer loop
      vertex 81.1378 21.7408 -1.5
      vertex 43.4667 11.6469 -1.5
      vertex 77.6059 32.1454 -1.5
    endloop
  endfacet
  facet normal 0 0 -1
    outer loop
      vertex 31.8198 -31.8198 -1.5
      vertex 59.397 -59.397 -1.5
      vertex 51.136 -66.6417 -1.5
    endloop
  endfacet
  facet normal 0 0 -1
    outer loop
      vertex 41.5746 17.2208 -1.5
      vertex 77.6059 32.1454 -1.5
      vertex 43.4667 11.6469 -1.5
    endloop
  endfacet
  facet normal -0 0 -1
    outer loop
      vertex 77.6059 32.1454 -1.5
      vertex 41.5746 17.2208 -1.5
      vertex 72.7461 42 -1.5
    endloop
  endfacet
  facet normal 0 0 -1
    outer loop
      vertex 83.2814 -10.9642 -1.5
      vertex 44.615 -5.87368 -1.5
      vertex 45 0 -1.5
    endloop
  endfacet
  facet normal 0 0 -1
    outer loop
      vertex 81.1378 -21.7408 -1.5
      vertex 43.4667 -11.6469 -1.5
      vertex 44.615 -5.87368 -1.5
    endloop
  endfacet
  facet normal 0 0 -1
    outer loop
      vertex 27.3943 -35.7009 -1.5
      vertex 51.136 -66.6417 -1.5
      vertex 42 -72.7461 -1.5
    endloop
  endfacet
  facet normal 0 0 -1
    outer loop
      vertex 77.6059 -32.1454 -1.5
      vertex 41.5746 -17.2208 -1.5
      vertex 43.4667 -11.6469 -1.5
    endloop
  endfacet
  facet normal 0 0 -1
    outer loop
      vertex 72.7461 -42 -1.5
      vertex 38.9711 -22.5 -1.5
      vertex 41.5746 -17.2208 -1.5
    endloop
  endfacet
  facet normal 0 0 -1
    outer loop
      vertex 66.6417 -51.136 -1.5
      vertex 35.7009 -27.3943 -1.5
      vertex 38.9711 -22.5 -1.5
    endloop
  endfacet
  facet normal 0 0 -1
    outer loop
      vertex 22.5 -38.9711 -1.5
      vertex 42 -72.7461 -1.5
      vertex 32.1454 -77.6059 -1.5
    endloop
  endfacet
  facet normal 0 0 -1
    outer loop
      vertex 59.397 -59.397 -1.5
      vertex 31.8198 -31.8198 -1.5
      vertex 35.7009 -27.3943 -1.5
    endloop
  endfacet
  facet normal 0 0 -1
    outer loop
      vertex 51.136 -66.6417 -1.5
      vertex 27.3943 -35.7009 -1.5
      vertex 31.8198 -31.8198 -1.5
    endloop
  endfacet
  facet normal 0 0 -1
    outer loop
      vertex 42 -72.7461 -1.5
      vertex 22.5 -38.9711 -1.5
      vertex 27.3943 -35.7009 -1.5
    endloop
  endfacet
  facet normal 0 0 -1
    outer loop
      vertex 17.2208 -41.5746 -1.5
      vertex 32.1454 -77.6059 -1.5
      vertex 21.7408 -81.1378 -1.5
    endloop
  endfacet
  facet normal 0 0 -1
    outer loop
      vertex 32.1454 -77.6059 -1.5
      vertex 17.2208 -41.5746 -1.5
      vertex 22.5 -38.9711 -1.5
    endloop
  endfacet
  facet normal 0 0 -1
    outer loop
      vertex 21.7408 -81.1378 -1.5
      vertex 11.6469 -43.4667 -1.5
      vertex 17.2208 -41.5746 -1.5
    endloop
  endfacet
  facet normal 0 0 -1
    outer loop
      vertex 10.9642 -83.2814 -1.5
      vertex 11.6469 -43.4667 -1.5
      vertex 21.7408 -81.1378 -1.5
    endloop
  endfacet
  facet normal 0 0 -1
    outer loop
      vertex 10.9642 -83.2814 -1.5
      vertex 5.87368 -44.615 -1.5
      vertex 11.6469 -43.4667 -1.5
    endloop
  endfacet
  facet normal 0 0 -1
    outer loop
      vertex 0 -84 -1.5
      vertex 5.87368 -44.615 -1.5
      vertex 10.9642 -83.2814 -1.5
    endloop
  endfacet
  facet normal 0 0 -1
    outer loop
      vertex 0 -84 -1.5
      vertex 0 -45 -1.5
      vertex 5.87368 -44.615 -1.5
    endloop
  endfacet
  facet normal 0 0 -1
    outer loop
      vertex 0 -84 -1.5
      vertex -5.87368 -44.615 -1.5
      vertex 0 -45 -1.5
    endloop
  endfacet
  facet normal 0 0 -1
    outer loop
      vertex -10.9642 -83.2814 -1.5
      vertex -5.87368 -44.615 -1.5
      vertex 0 -84 -1.5
    endloop
  endfacet
  facet normal 0 0 -1
    outer loop
      vertex -10.9642 -83.2814 -1.5
      vertex -11.6469 -43.4667 -1.5
      vertex -5.87368 -44.615 -1.5
    endloop
  endfacet
  facet normal 0 0 -1
    outer loop
      vertex -21.7408 -81.1378 -1.5
      vertex -11.6469 -43.4667 -1.5
      vertex -10.9642 -83.2814 -1.5
    endloop
  endfacet
  facet normal -0 0 -1
    outer loop
      vertex -11.6469 -43.4667 -1.5
      vertex -21.7408 -81.1378 -1.5
      vertex -17.2208 -41.5746 -1.5
    endloop
  endfacet
  facet normal 0 0 -1
    outer loop
      vertex -32.1454 -77.6059 -1.5
      vertex -17.2208 -41.5746 -1.5
      vertex -21.7408 -81.1378 -1.5
    endloop
  endfacet
  facet normal -0 0 -1
    outer loop
      vertex -17.2208 -41.5746 -1.5
      vertex -32.1454 -77.6059 -1.5
      vertex -22.5 -38.9711 -1.5
    endloop
  endfacet
  facet normal 0 0 -1
    outer loop
      vertex -42 -72.7461 -1.5
      vertex -22.5 -38.9711 -1.5
      vertex -32.1454 -77.6059 -1.5
    endloop
  endfacet
  facet normal -0 0 -1
    outer loop
      vertex -22.5 -38.9711 -1.5
      vertex -42 -72.7461 -1.5
      vertex -27.3943 -35.7009 -1.5
    endloop
  endfacet
  facet normal 0 0 -1
    outer loop
      vertex -51.136 -66.6417 -1.5
      vertex -27.3943 -35.7009 -1.5
      vertex -42 -72.7461 -1.5
    endloop
  endfacet
  facet normal -0 0 -1
    outer loop
      vertex -27.3943 -35.7009 -1.5
      vertex -51.136 -66.6417 -1.5
      vertex -31.8198 -31.8198 -1.5
    endloop
  endfacet
  facet normal 0 0 -1
    outer loop
      vertex -59.397 -59.397 -1.5
      vertex -31.8198 -31.8198 -1.5
      vertex -51.136 -66.6417 -1.5
    endloop
  endfacet
  facet normal -0 0 -1
    outer loop
      vertex -31.8198 -31.8198 -1.5
      vertex -59.397 -59.397 -1.5
      vertex -35.7009 -27.3943 -1.5
    endloop
  endfacet
  facet normal 0 0 -1
    outer loop
      vertex -66.6417 -51.136 -1.5
      vertex -35.7009 -27.3943 -1.5
      vertex -59.397 -59.397 -1.5
    endloop
  endfacet
  facet normal -0 0 -1
    outer loop
      vertex -35.7009 -27.3943 -1.5
      vertex -66.6417 -51.136 -1.5
      vertex -38.9711 -22.5 -1.5
    endloop
  endfacet
  facet normal 0 0 -1
    outer loop
      vertex -72.7461 -42 -1.5
      vertex -38.9711 -22.5 -1.5
      vertex -66.6417 -51.136 -1.5
    endloop
  endfacet
  facet normal -0 0 -1
    outer loop
      vertex -38.9711 -22.5 -1.5
      vertex -72.7461 -42 -1.5
      vertex -41.5746 -17.2208 -1.5
    endloop
  endfacet
  facet normal 0 0 -1
    outer loop
      vertex 38.9711 22.5 -1.5
      vertex 72.7461 42 -1.5
      vertex 41.5746 17.2208 -1.5
    endloop
  endfacet
  facet normal -0 0 -1
    outer loop
      vertex 72.7461 42 -1.5
      vertex 38.9711 22.5 -1.5
      vertex 66.6417 51.136 -1.5
    endloop
  endfacet
  facet normal 0 0 -1
    outer loop
      vertex 35.7009 27.3943 -1.5
      vertex 66.6417 51.136 -1.5
      vertex 38.9711 22.5 -1.5
    endloop
  endfacet
  facet normal -0 0 -1
    outer loop
      vertex 66.6417 51.136 -1.5
      vertex 35.7009 27.3943 -1.5
      vertex 59.397 59.397 -1.5
    endloop
  endfacet
  facet normal 0 0 -1
    outer loop
      vertex 31.8198 31.8198 -1.5
      vertex 59.397 59.397 -1.5
      vertex 35.7009 27.3943 -1.5
    endloop
  endfacet
  facet normal -0 0 -1
    outer loop
      vertex 59.397 59.397 -1.5
      vertex 31.8198 31.8198 -1.5
      vertex 51.136 66.6417 -1.5
    endloop
  endfacet
  facet normal 0 0 -1
    outer loop
      vertex 27.3943 35.7009 -1.5
      vertex 51.136 66.6417 -1.5
      vertex 31.8198 31.8198 -1.5
    endloop
  endfacet
  facet normal -0 0 -1
    outer loop
      vertex 51.136 66.6417 -1.5
      vertex 27.3943 35.7009 -1.5
      vertex 42 72.7461 -1.5
    endloop
  endfacet
  facet normal 0 0 -1
    outer loop
      vertex 22.5 38.9711 -1.5
      vertex 42 72.7461 -1.5
      vertex 27.3943 35.7009 -1.5
    endloop
  endfacet
  facet normal -0 0 -1
    outer loop
      vertex 42 72.7461 -1.5
      vertex 22.5 38.9711 -1.5
      vertex 32.1454 77.6059 -1.5
    endloop
  endfacet
  facet normal 0 0 -1
    outer loop
      vertex 17.2208 41.5746 -1.5
      vertex 32.1454 77.6059 -1.5
      vertex 22.5 38.9711 -1.5
    endloop
  endfacet
  facet normal -0 0 -1
    outer loop
      vertex 32.1454 77.6059 -1.5
      vertex 17.2208 41.5746 -1.5
      vertex 21.7408 81.1378 -1.5
    endloop
  endfacet
  facet normal 0 0 -1
    outer loop
      vertex 11.6469 43.4667 -1.5
      vertex 21.7408 81.1378 -1.5
      vertex 17.2208 41.5746 -1.5
    endloop
  endfacet
  facet normal 0 0 -1
    outer loop
      vertex 11.6469 43.4667 -1.5
      vertex 10.9642 83.2814 -1.5
      vertex 21.7408 81.1378 -1.5
    endloop
  endfacet
  facet normal 0 0 -1
    outer loop
      vertex 5.87368 44.615 -1.5
      vertex 10.9642 83.2814 -1.5
      vertex 11.6469 43.4667 -1.5
    endloop
  endfacet
  facet normal 0 0 -1
    outer loop
      vertex 0 45 -1.5
      vertex 10.9642 83.2814 -1.5
      vertex 5.87368 44.615 -1.5
    endloop
  endfacet
  facet normal 0 0 -1
    outer loop
      vertex 0 45 -1.5
      vertex 0 84 -1.5
      vertex 10.9642 83.2814 -1.5
    endloop
  endfacet
  facet normal 0 0 -1
    outer loop
      vertex -5.87368 44.615 -1.5
      vertex 0 84 -1.5
      vertex 0 45 -1.5
    endloop
  endfacet
  facet normal 0 0 -1
    outer loop
      vertex -5.87368 44.615 -1.5
      vertex -10.9642 83.2814 -1.5
      vertex 0 84 -1.5
    endloop
  endfacet
  facet normal 0 0 -1
    outer loop
      vertex -11.6469 43.4667 -1.5
      vertex -10.9642 83.2814 -1.5
      vertex -5.87368 44.615 -1.5
    endloop
  endfacet
  facet normal 0 0 -1
    outer loop
      vertex -21.7408 81.1378 -1.5
      vertex -11.6469 43.4667 -1.5
      vertex -17.2208 41.5746 -1.5
    endloop
  endfacet
  facet normal 0 0 -1
    outer loop
      vertex -11.6469 43.4667 -1.5
      vertex -21.7408 81.1378 -1.5
      vertex -10.9642 83.2814 -1.5
    endloop
  endfacet
  facet normal 0 0 -1
    outer loop
      vertex -32.1454 77.6059 -1.5
      vertex -17.2208 41.5746 -1.5
      vertex -22.5 38.9711 -1.5
    endloop
  endfacet
  facet normal 0 0 -1
    outer loop
      vertex -42 72.7461 -1.5
      vertex -22.5 38.9711 -1.5
      vertex -27.3943 35.7009 -1.5
    endloop
  endfacet
  facet normal 0 0 -1
    outer loop
      vertex -51.136 66.6417 -1.5
      vertex -27.3943 35.7009 -1.5
      vertex -31.8198 31.8198 -1.5
    endloop
  endfacet
  facet normal 0 0 -1
    outer loop
      vertex -17.2208 41.5746 -1.5
      vertex -32.1454 77.6059 -1.5
      vertex -21.7408 81.1378 -1.5
    endloop
  endfacet
  facet normal 0 0 -1
    outer loop
      vertex -59.397 59.397 -1.5
      vertex -31.8198 31.8198 -1.5
      vertex -35.7009 27.3943 -1.5
    endloop
  endfacet
  facet normal 0 0 -1
    outer loop
      vertex -66.6417 51.136 -1.5
      vertex -35.7009 27.3943 -1.5
      vertex -38.9711 22.5 -1.5
    endloop
  endfacet
  facet normal 0 0 -1
    outer loop
      vertex -72.7461 42 -1.5
      vertex -38.9711 22.5 -1.5
      vertex -41.5746 17.2208 -1.5
    endloop
  endfacet
  facet normal 0 0 -1
    outer loop
      vertex -22.5 38.9711 -1.5
      vertex -42 72.7461 -1.5
      vertex -32.1454 77.6059 -1.5
    endloop
  endfacet
  facet normal 0 0 -1
    outer loop
      vertex -81.1378 21.7408 -1.5
      vertex -43.4667 11.6469 -1.5
      vertex -76.1433 3.5 -1.5
    endloop
  endfacet
  facet normal 0 0 -1
    outer loop
      vertex -45 0 -1.5
      vertex -76.1433 3.5 -1.5
      vertex -44.615 5.87368 -1.5
    endloop
  endfacet
  facet normal 0 0 -1
    outer loop
      vertex -76.1433 3.5 -1.5
      vertex -45 0 -1.5
      vertex -76.1433 -3.5 -1.5
    endloop
  endfacet
  facet normal 0 0 -1
    outer loop
      vertex -77.6059 -32.1454 -1.5
      vertex -41.5746 -17.2208 -1.5
      vertex -72.7461 -42 -1.5
    endloop
  endfacet
  facet normal -0 0 -1
    outer loop
      vertex -44.615 5.87368 -1.5
      vertex -76.1433 3.5 -1.5
      vertex -43.4667 11.6469 -1.5
    endloop
  endfacet
  facet normal -0 0 -1
    outer loop
      vertex -41.5746 -17.2208 -1.5
      vertex -77.6059 -32.1454 -1.5
      vertex -43.4667 -11.6469 -1.5
    endloop
  endfacet
  facet normal 0 0 -1
    outer loop
      vertex -27.3943 35.7009 -1.5
      vertex -51.136 66.6417 -1.5
      vertex -42 72.7461 -1.5
    endloop
  endfacet
  facet normal 0 0 -1
    outer loop
      vertex -81.1378 -21.7408 -1.5
      vertex -43.4667 -11.6469 -1.5
      vertex -77.6059 -32.1454 -1.5
    endloop
  endfacet
  facet normal 0 0 -1
    outer loop
      vertex -31.8198 31.8198 -1.5
      vertex -59.397 59.397 -1.5
      vertex -51.136 66.6417 -1.5
    endloop
  endfacet
  facet normal 0 -0 -1
    outer loop
      vertex -76.1433 -3.5 -1.5
      vertex -43.4667 -11.6469 -1.5
      vertex -81.1378 -21.7408 -1.5
    endloop
  endfacet
  facet normal 0 0 -1
    outer loop
      vertex -35.7009 27.3943 -1.5
      vertex -66.6417 51.136 -1.5
      vertex -59.397 59.397 -1.5
    endloop
  endfacet
  facet normal 0 0 -1
    outer loop
      vertex -38.9711 22.5 -1.5
      vertex -72.7461 42 -1.5
      vertex -66.6417 51.136 -1.5
    endloop
  endfacet
  facet normal 0 0 -1
    outer loop
      vertex -43.4667 -11.6469 -1.5
      vertex -76.1433 -3.5 -1.5
      vertex -44.615 -5.87368 -1.5
    endloop
  endfacet
  facet normal 0 0 -1
    outer loop
      vertex -44.615 -5.87368 -1.5
      vertex -76.1433 -3.5 -1.5
      vertex -45 0 -1.5
    endloop
  endfacet
  facet normal 0 0 -1
    outer loop
      vertex -83.2814 -10.9642 -1.5
      vertex -76.1433 -3.5 -1.5
      vertex -81.1378 -21.7408 -1.5
    endloop
  endfacet
  facet normal -0 0 -1
    outer loop
      vertex -76.1433 -3.5 -1.5
      vertex -83.2814 -10.9642 -1.5
      vertex -83.7706 -3.5 -1.5
    endloop
  endfacet
  facet normal 0 0 -1
    outer loop
      vertex -83.8669 -2.03002 -1.5
      vertex -84 0 -1.5
      vertex -83.8669 2.03002 -1.5
    endloop
  endfacet
  facet normal 0.896871 -0.442292 0
    outer loop
      vertex 72.7461 -42 1.5
      vertex 77.6059 -32.1454 -1.5
      vertex 77.6059 -32.1454 1.5
    endloop
  endfacet
  facet normal 0.896871 -0.442292 0
    outer loop
      vertex 77.6059 -32.1454 -1.5
      vertex 72.7461 -42 1.5
      vertex 72.7461 -42 -1.5
    endloop
  endfacet
  facet normal 0.321441 -0.94693 0
    outer loop
      vertex 21.7408 -81.1378 -1.5
      vertex 32.1454 -77.6059 1.5
      vertex 21.7408 -81.1378 1.5
    endloop
  endfacet
  facet normal 0.321441 -0.94693 0
    outer loop
      vertex 32.1454 -77.6059 1.5
      vertex 21.7408 -81.1378 -1.5
      vertex 32.1454 -77.6059 -1.5
    endloop
  endfacet
  facet normal -0.19509 0.980785 0
    outer loop
      vertex -10.9642 83.2814 -1.5
      vertex -21.7408 81.1378 1.5
      vertex -10.9642 83.2814 1.5
    endloop
  endfacet
  facet normal -0.19509 0.980785 0
    outer loop
      vertex -21.7408 81.1378 1.5
      vertex -10.9642 83.2814 -1.5
      vertex -21.7408 81.1378 -1.5
    endloop
  endfacet
  facet normal -0.0654003 -0.997859 0
    outer loop
      vertex -10.9642 -83.2814 -1.5
      vertex 0 -84 1.5
      vertex -10.9642 -83.2814 1.5
    endloop
  endfacet
  facet normal -0.0654003 -0.997859 -0
    outer loop
      vertex 0 -84 1.5
      vertex -10.9642 -83.2814 -1.5
      vertex 0 -84 -1.5
    endloop
  endfacet
  facet normal -0.555565 -0.831473 0
    outer loop
      vertex -51.136 -66.6417 -1.5
      vertex -42 -72.7461 1.5
      vertex -51.136 -66.6417 1.5
    endloop
  endfacet
  facet normal -0.555565 -0.831473 -0
    outer loop
      vertex -42 -72.7461 1.5
      vertex -51.136 -66.6417 -1.5
      vertex -42 -72.7461 -1.5
    endloop
  endfacet
  facet normal -0.94693 0.321441 0
    outer loop
      vertex -81.1378 21.7408 -1.5
      vertex -77.6059 32.1454 1.5
      vertex -77.6059 32.1454 -1.5
    endloop
  endfacet
  facet normal -0.94693 0.321441 0
    outer loop
      vertex -77.6059 32.1454 1.5
      vertex -81.1378 21.7408 -1.5
      vertex -81.1378 21.7408 1.5
    endloop
  endfacet
  facet normal -0.896871 0.442292 0
    outer loop
      vertex -77.6059 32.1454 -1.5
      vertex -72.7461 42 1.5
      vertex -72.7461 42 -1.5
    endloop
  endfacet
  facet normal -0.896871 0.442292 0
    outer loop
      vertex -72.7461 42 1.5
      vertex -77.6059 32.1454 -1.5
      vertex -77.6059 32.1454 1.5
    endloop
  endfacet
  facet normal -0.75184 -0.659346 0
    outer loop
      vertex -59.397 -59.397 -1.5
      vertex -66.6417 -51.136 1.5
      vertex -66.6417 -51.136 -1.5
    endloop
  endfacet
  facet normal -0.75184 -0.659346 0
    outer loop
      vertex -66.6417 -51.136 1.5
      vertex -59.397 -59.397 -1.5
      vertex -59.397 -59.397 1.5
    endloop
  endfacet
  facet normal -0.831473 0.555565 0
    outer loop
      vertex -72.7461 42 -1.5
      vertex -66.6417 51.136 1.5
      vertex -66.6417 51.136 -1.5
    endloop
  endfacet
  facet normal -0.831473 0.555565 0
    outer loop
      vertex -66.6417 51.136 1.5
      vertex -72.7461 42 -1.5
      vertex -72.7461 42 1.5
    endloop
  endfacet
  facet normal -0.659346 -0.75184 0
    outer loop
      vertex -59.397 -59.397 -1.5
      vertex -51.136 -66.6417 1.5
      vertex -59.397 -59.397 1.5
    endloop
  endfacet
  facet normal -0.659346 -0.75184 -0
    outer loop
      vertex -51.136 -66.6417 1.5
      vertex -59.397 -59.397 -1.5
      vertex -51.136 -66.6417 -1.5
    endloop
  endfacet
  facet normal -0.980787 -0.19508 0
    outer loop
      vertex 44.615 5.87368 -1.5
      vertex 43.4667 11.6469 -1
      vertex 43.4667 11.6469 -1.5
    endloop
  endfacet
  facet normal -0.980787 -0.19508 0
    outer loop
      vertex 43.4667 11.6469 -1
      vertex 44.615 5.87368 -1.5
      vertex 44.615 5.87368 -1
    endloop
  endfacet
  facet normal -0.997859 -0.0654063 0
    outer loop
      vertex 45 0 -1.5
      vertex 44.615 5.87368 -1
      vertex 44.615 5.87368 -1.5
    endloop
  endfacet
  facet normal -0.997859 -0.0654063 0
    outer loop
      vertex 44.615 5.87368 -1
      vertex 45 0 -1.5
      vertex 45 0 -1
    endloop
  endfacet
  facet normal -0.321442 0.946929 0
    outer loop
      vertex 17.2208 -41.5746 -1.5
      vertex 11.6469 -43.4667 1.5
      vertex 17.2208 -41.5746 1.5
    endloop
  endfacet
  facet normal -0.321442 0.946929 0
    outer loop
      vertex 11.6469 -43.4667 1.5
      vertex 17.2208 -41.5746 -1.5
      vertex 11.6469 -43.4667 -1.5
    endloop
  endfacet
  facet normal -0.831475 -0.555562 0
    outer loop
      vertex 38.9711 22.5 -1.5
      vertex 35.7009 27.3943 1.5
      vertex 35.7009 27.3943 -1.5
    endloop
  endfacet
  facet normal -0.831475 -0.555562 0
    outer loop
      vertex 35.7009 27.3943 1.5
      vertex 38.9711 22.5 -1.5
      vertex 38.9711 22.5 1.5
    endloop
  endfacet
  facet normal 0.896867 -0.442301 0
    outer loop
      vertex -41.5746 17.2208 1.5
      vertex -38.9711 22.5 -1.5
      vertex -38.9711 22.5 1.5
    endloop
  endfacet
  facet normal 0.896867 -0.442301 0
    outer loop
      vertex -38.9711 22.5 -1.5
      vertex -41.5746 17.2208 1.5
      vertex -41.5746 17.2208 -1.5
    endloop
  endfacet
  facet normal 0.555562 -0.831475 0
    outer loop
      vertex -27.3943 35.7009 -1.5
      vertex -22.5 38.9711 1.5
      vertex -27.3943 35.7009 1.5
    endloop
  endfacet
  facet normal 0.555562 -0.831475 0
    outer loop
      vertex -22.5 38.9711 1.5
      vertex -27.3943 35.7009 -1.5
      vertex -22.5 38.9711 -1.5
    endloop
  endfacet
  facet normal 0.65935 -0.751836 0
    outer loop
      vertex -31.8198 31.8198 -1.5
      vertex -27.3943 35.7009 1.5
      vertex -31.8198 31.8198 1.5
    endloop
  endfacet
  facet normal 0.65935 -0.751836 0
    outer loop
      vertex -27.3943 35.7009 1.5
      vertex -31.8198 31.8198 -1.5
      vertex -27.3943 35.7009 -1.5
    endloop
  endfacet
  facet normal 0.751836 -0.65935 0
    outer loop
      vertex -35.7009 27.3943 1.5
      vertex -31.8198 31.8198 -1.5
      vertex -31.8198 31.8198 1.5
    endloop
  endfacet
  facet normal 0.751836 -0.65935 0
    outer loop
      vertex -31.8198 31.8198 -1.5
      vertex -35.7009 27.3943 1.5
      vertex -35.7009 27.3943 -1.5
    endloop
  endfacet
  facet normal -0.946926 0.32145 0
    outer loop
      vertex 43.4667 -11.6469 -1.5
      vertex 42.6679 -14 -1
      vertex 43.4667 -11.6469 -1
    endloop
  endfacet
  facet normal -0.946929 0.321442 -4.44457e-05
    outer loop
      vertex 41.5746 -17.2208 -1.5
      vertex 42.6679 -14 -1
      vertex 43.4667 -11.6469 -1.5
    endloop
  endfacet
  facet normal -0.946931 0.321436 0
    outer loop
      vertex 41.5746 -17.2208 1.5
      vertex 42.6679 -14 -1
      vertex 41.5746 -17.2208 -1.5
    endloop
  endfacet
  facet normal -0.946931 0.321436 0
    outer loop
      vertex 42.6679 -14 -1
      vertex 41.5746 -17.2208 1.5
      vertex 42.6679 -14 1.5
    endloop
  endfacet
  facet normal 0.997859 -0.0654063 0
    outer loop
      vertex -45 0 -1
      vertex -44.615 5.87368 -1.5
      vertex -44.615 5.87368 -1
    endloop
  endfacet
  facet normal 0.997859 -0.0654063 0
    outer loop
      vertex -44.615 5.87368 -1.5
      vertex -45 0 -1
      vertex -45 0 -1.5
    endloop
  endfacet
  facet normal -0.555562 -0.831475 0
    outer loop
      vertex 22.5 38.9711 -1.5
      vertex 27.3943 35.7009 1.5
      vertex 22.5 38.9711 1.5
    endloop
  endfacet
  facet normal -0.555562 -0.831475 -0
    outer loop
      vertex 27.3943 35.7009 1.5
      vertex 22.5 38.9711 -1.5
      vertex 27.3943 35.7009 -1.5
    endloop
  endfacet
  facet normal 0.321442 0.946929 -0
    outer loop
      vertex -11.6469 -43.4667 -1.5
      vertex -17.2208 -41.5746 1.5
      vertex -11.6469 -43.4667 1.5
    endloop
  endfacet
  facet normal 0.321442 0.946929 0
    outer loop
      vertex -17.2208 -41.5746 1.5
      vertex -11.6469 -43.4667 -1.5
      vertex -17.2208 -41.5746 -1.5
    endloop
  endfacet
  facet normal 0.751836 0.65935 0
    outer loop
      vertex -31.8198 -31.8198 1.5
      vertex -35.7009 -27.3943 -1.5
      vertex -35.7009 -27.3943 1.5
    endloop
  endfacet
  facet normal 0.751836 0.65935 0
    outer loop
      vertex -35.7009 -27.3943 -1.5
      vertex -31.8198 -31.8198 1.5
      vertex -31.8198 -31.8198 -1.5
    endloop
  endfacet
  facet normal -0.19508 0.980787 0
    outer loop
      vertex 11.6469 -43.4667 -1.5
      vertex 5.87368 -44.615 1.5
      vertex 11.6469 -43.4667 1.5
    endloop
  endfacet
  facet normal -0.19508 0.980787 0
    outer loop
      vertex 5.87368 -44.615 1.5
      vertex 11.6469 -43.4667 -1.5
      vertex 5.87368 -44.615 -1.5
    endloop
  endfacet
  facet normal 0.321442 -0.946929 0
    outer loop
      vertex -17.2208 41.5746 -1.5
      vertex -11.6469 43.4667 1.5
      vertex -17.2208 41.5746 1.5
    endloop
  endfacet
  facet normal 0.321442 -0.946929 0
    outer loop
      vertex -11.6469 43.4667 1.5
      vertex -17.2208 41.5746 -1.5
      vertex -11.6469 43.4667 -1.5
    endloop
  endfacet
  facet normal 0.831475 0.555562 0
    outer loop
      vertex -35.7009 -27.3943 1.5
      vertex -38.9711 -22.5 -1.5
      vertex -38.9711 -22.5 1.5
    endloop
  endfacet
  facet normal 0.831475 0.555562 0
    outer loop
      vertex -38.9711 -22.5 -1.5
      vertex -35.7009 -27.3943 1.5
      vertex -35.7009 -27.3943 -1.5
    endloop
  endfacet
  facet normal -0.555562 0.831475 0
    outer loop
      vertex 27.3943 -35.7009 -1.5
      vertex 22.5 -38.9711 1.5
      vertex 27.3943 -35.7009 1.5
    endloop
  endfacet
  facet normal -0.555562 0.831475 0
    outer loop
      vertex 22.5 -38.9711 1.5
      vertex 27.3943 -35.7009 -1.5
      vertex 22.5 -38.9711 -1.5
    endloop
  endfacet
  facet normal 0.946931 -0.321436 0
    outer loop
      vertex -42.6679 14 -1
      vertex -41.5746 17.2208 1.5
      vertex -42.6679 14 1.5
    endloop
  endfacet
  facet normal 0.946931 -0.321436 0
    outer loop
      vertex -41.5746 17.2208 1.5
      vertex -42.6679 14 -1
      vertex -41.5746 17.2208 -1.5
    endloop
  endfacet
  facet normal 0.946926 -0.32145 0
    outer loop
      vertex -43.4667 11.6469 -1.5
      vertex -42.6679 14 -1
      vertex -43.4667 11.6469 -1
    endloop
  endfacet
  facet normal 0.946929 -0.321442 -4.44457e-05
    outer loop
      vertex -42.6679 14 -1
      vertex -43.4667 11.6469 -1.5
      vertex -41.5746 17.2208 -1.5
    endloop
  endfacet
  facet normal -0.321442 -0.946929 0
    outer loop
      vertex 11.6469 43.4667 -1.5
      vertex 17.2208 41.5746 1.5
      vertex 11.6469 43.4667 1.5
    endloop
  endfacet
  facet normal -0.321442 -0.946929 -0
    outer loop
      vertex 17.2208 41.5746 1.5
      vertex 11.6469 43.4667 -1.5
      vertex 17.2208 41.5746 -1.5
    endloop
  endfacet
  facet normal -0.0654063 -0.997859 0
    outer loop
      vertex 0 45 -1.5
      vertex 5.87368 44.615 1.5
      vertex 0 45 1.5
    endloop
  endfacet
  facet normal -0.0654063 -0.997859 -0
    outer loop
      vertex 5.87368 44.615 1.5
      vertex 0 45 -1.5
      vertex 5.87368 44.615 -1.5
    endloop
  endfacet
  facet normal 0.442301 -0.896867 0
    outer loop
      vertex -22.5 38.9711 -1.5
      vertex -17.2208 41.5746 1.5
      vertex -22.5 38.9711 1.5
    endloop
  endfacet
  facet normal 0.442301 -0.896867 0
    outer loop
      vertex -17.2208 41.5746 1.5
      vertex -22.5 38.9711 -1.5
      vertex -17.2208 41.5746 -1.5
    endloop
  endfacet
  facet normal -0.831475 0.555562 0
    outer loop
      vertex 35.7009 -27.3943 -1.5
      vertex 38.9711 -22.5 1.5
      vertex 38.9711 -22.5 -1.5
    endloop
  endfacet
  facet normal -0.831475 0.555562 0
    outer loop
      vertex 38.9711 -22.5 1.5
      vertex 35.7009 -27.3943 -1.5
      vertex 35.7009 -27.3943 1.5
    endloop
  endfacet
  facet normal 0.997859 0.0654063 0
    outer loop
      vertex -44.615 -5.87368 -1
      vertex -45 0 -1.5
      vertex -45 0 -1
    endloop
  endfacet
  facet normal 0.997859 0.0654063 0
    outer loop
      vertex -45 0 -1.5
      vertex -44.615 -5.87368 -1
      vertex -44.615 -5.87368 -1.5
    endloop
  endfacet
  facet normal 0.946931 0.321436 0
    outer loop
      vertex -42.6679 -14 1.5
      vertex -41.5746 -17.2208 1.5
      vertex -42.6679 -14 -1
    endloop
  endfacet
  facet normal 0.946926 0.32145 0
    outer loop
      vertex -42.6679 -14 -1
      vertex -43.4667 -11.6469 -1.5
      vertex -43.4667 -11.6469 -1
    endloop
  endfacet
  facet normal 0.946929 0.321442 -4.44457e-05
    outer loop
      vertex -42.6679 -14 -1
      vertex -41.5746 -17.2208 -1.5
      vertex -43.4667 -11.6469 -1.5
    endloop
  endfacet
  facet normal 0.946931 0.321436 -0
    outer loop
      vertex -41.5746 -17.2208 -1.5
      vertex -42.6679 -14 -1
      vertex -41.5746 -17.2208 1.5
    endloop
  endfacet
  facet normal 0.65935 0.751836 -0
    outer loop
      vertex -27.3943 -35.7009 -1.5
      vertex -31.8198 -31.8198 1.5
      vertex -27.3943 -35.7009 1.5
    endloop
  endfacet
  facet normal 0.65935 0.751836 0
    outer loop
      vertex -31.8198 -31.8198 1.5
      vertex -27.3943 -35.7009 -1.5
      vertex -31.8198 -31.8198 -1.5
    endloop
  endfacet
  facet normal -0.442301 -0.896867 0
    outer loop
      vertex 17.2208 41.5746 -1.5
      vertex 22.5 38.9711 1.5
      vertex 17.2208 41.5746 1.5
    endloop
  endfacet
  facet normal -0.442301 -0.896867 -0
    outer loop
      vertex 22.5 38.9711 1.5
      vertex 17.2208 41.5746 -1.5
      vertex 22.5 38.9711 -1.5
    endloop
  endfacet
  facet normal 0.19508 -0.980787 0
    outer loop
      vertex -11.6469 43.4667 -1.5
      vertex -5.87368 44.615 1.5
      vertex -11.6469 43.4667 1.5
    endloop
  endfacet
  facet normal 0.19508 -0.980787 0
    outer loop
      vertex -5.87368 44.615 1.5
      vertex -11.6469 43.4667 -1.5
      vertex -5.87368 44.615 -1.5
    endloop
  endfacet
  facet normal -0.751836 -0.65935 0
    outer loop
      vertex 35.7009 27.3943 -1.5
      vertex 31.8198 31.8198 1.5
      vertex 31.8198 31.8198 -1.5
    endloop
  endfacet
  facet normal -0.751836 -0.65935 0
    outer loop
      vertex 31.8198 31.8198 1.5
      vertex 35.7009 27.3943 -1.5
      vertex 35.7009 27.3943 1.5
    endloop
  endfacet
  facet normal -0.19508 -0.980787 0
    outer loop
      vertex 5.87368 44.615 -1.5
      vertex 11.6469 43.4667 1.5
      vertex 5.87368 44.615 1.5
    endloop
  endfacet
  facet normal -0.19508 -0.980787 -0
    outer loop
      vertex 11.6469 43.4667 1.5
      vertex 5.87368 44.615 -1.5
      vertex 11.6469 43.4667 -1.5
    endloop
  endfacet
  facet normal -0.751836 0.65935 0
    outer loop
      vertex 31.8198 -31.8198 -1.5
      vertex 35.7009 -27.3943 1.5
      vertex 35.7009 -27.3943 -1.5
    endloop
  endfacet
  facet normal -0.751836 0.65935 0
    outer loop
      vertex 35.7009 -27.3943 1.5
      vertex 31.8198 -31.8198 -1.5
      vertex 31.8198 -31.8198 1.5
    endloop
  endfacet
  facet normal 0.442301 0.896867 -0
    outer loop
      vertex -17.2208 -41.5746 -1.5
      vertex -22.5 -38.9711 1.5
      vertex -17.2208 -41.5746 1.5
    endloop
  endfacet
  facet normal 0.442301 0.896867 0
    outer loop
      vertex -22.5 -38.9711 1.5
      vertex -17.2208 -41.5746 -1.5
      vertex -22.5 -38.9711 -1.5
    endloop
  endfacet
  facet normal 0.0654063 -0.997859 0
    outer loop
      vertex -5.87368 44.615 -1.5
      vertex 0 45 1.5
      vertex -5.87368 44.615 1.5
    endloop
  endfacet
  facet normal 0.0654063 -0.997859 0
    outer loop
      vertex 0 45 1.5
      vertex -5.87368 44.615 -1.5
      vertex 0 45 -1.5
    endloop
  endfacet
  facet normal 0.980787 -0.19508 0
    outer loop
      vertex -44.615 5.87368 -1
      vertex -43.4667 11.6469 -1.5
      vertex -43.4667 11.6469 -1
    endloop
  endfacet
  facet normal 0.980787 -0.19508 0
    outer loop
      vertex -43.4667 11.6469 -1.5
      vertex -44.615 5.87368 -1
      vertex -44.615 5.87368 -1.5
    endloop
  endfacet
  facet normal -0.0654063 0.997859 0
    outer loop
      vertex 5.87368 -44.615 -1.5
      vertex 0 -45 1.5
      vertex 5.87368 -44.615 1.5
    endloop
  endfacet
  facet normal -0.0654063 0.997859 0
    outer loop
      vertex 0 -45 1.5
      vertex 5.87368 -44.615 -1.5
      vertex 0 -45 -1.5
    endloop
  endfacet
  facet normal -0.442301 0.896867 0
    outer loop
      vertex 22.5 -38.9711 -1.5
      vertex 17.2208 -41.5746 1.5
      vertex 22.5 -38.9711 1.5
    endloop
  endfacet
  facet normal -0.442301 0.896867 0
    outer loop
      vertex 17.2208 -41.5746 1.5
      vertex 22.5 -38.9711 -1.5
      vertex 17.2208 -41.5746 -1.5
    endloop
  endfacet
  facet normal -0.65935 0.751836 0
    outer loop
      vertex 31.8198 -31.8198 -1.5
      vertex 27.3943 -35.7009 1.5
      vertex 31.8198 -31.8198 1.5
    endloop
  endfacet
  facet normal -0.65935 0.751836 0
    outer loop
      vertex 27.3943 -35.7009 1.5
      vertex 31.8198 -31.8198 -1.5
      vertex 27.3943 -35.7009 -1.5
    endloop
  endfacet
  facet normal 0.896867 0.442301 0
    outer loop
      vertex -38.9711 -22.5 1.5
      vertex -41.5746 -17.2208 -1.5
      vertex -41.5746 -17.2208 1.5
    endloop
  endfacet
  facet normal 0.896867 0.442301 0
    outer loop
      vertex -41.5746 -17.2208 -1.5
      vertex -38.9711 -22.5 1.5
      vertex -38.9711 -22.5 -1.5
    endloop
  endfacet
  facet normal -0.896867 0.442301 0
    outer loop
      vertex 38.9711 -22.5 -1.5
      vertex 41.5746 -17.2208 1.5
      vertex 41.5746 -17.2208 -1.5
    endloop
  endfacet
  facet normal -0.896867 0.442301 0
    outer loop
      vertex 41.5746 -17.2208 1.5
      vertex 38.9711 -22.5 -1.5
      vertex 38.9711 -22.5 1.5
    endloop
  endfacet
  facet normal -0.65935 -0.751836 0
    outer loop
      vertex 27.3943 35.7009 -1.5
      vertex 31.8198 31.8198 1.5
      vertex 27.3943 35.7009 1.5
    endloop
  endfacet
  facet normal -0.65935 -0.751836 -0
    outer loop
      vertex 31.8198 31.8198 1.5
      vertex 27.3943 35.7009 -1.5
      vertex 31.8198 31.8198 -1.5
    endloop
  endfacet
  facet normal -0.997859 0.0654063 0
    outer loop
      vertex 44.615 -5.87368 -1.5
      vertex 45 0 -1
      vertex 45 0 -1.5
    endloop
  endfacet
  facet normal -0.997859 0.0654063 0
    outer loop
      vertex 45 0 -1
      vertex 44.615 -5.87368 -1.5
      vertex 44.615 -5.87368 -1
    endloop
  endfacet
  facet normal 0.555562 0.831475 -0
    outer loop
      vertex -22.5 -38.9711 -1.5
      vertex -27.3943 -35.7009 1.5
      vertex -22.5 -38.9711 1.5
    endloop
  endfacet
  facet normal 0.555562 0.831475 0
    outer loop
      vertex -27.3943 -35.7009 1.5
      vertex -22.5 -38.9711 -1.5
      vertex -27.3943 -35.7009 -1.5
    endloop
  endfacet
  facet normal -0.896867 -0.442301 0
    outer loop
      vertex 41.5746 17.2208 -1.5
      vertex 38.9711 22.5 1.5
      vertex 38.9711 22.5 -1.5
    endloop
  endfacet
  facet normal -0.896867 -0.442301 0
    outer loop
      vertex 38.9711 22.5 1.5
      vertex 41.5746 17.2208 -1.5
      vertex 41.5746 17.2208 1.5
    endloop
  endfacet
  facet normal -0.980787 0.19508 0
    outer loop
      vertex 43.4667 -11.6469 -1.5
      vertex 44.615 -5.87368 -1
      vertex 44.615 -5.87368 -1.5
    endloop
  endfacet
  facet normal -0.980787 0.19508 0
    outer loop
      vertex 44.615 -5.87368 -1
      vertex 43.4667 -11.6469 -1.5
      vertex 43.4667 -11.6469 -1
    endloop
  endfacet
  facet normal -0.946931 -0.321436 0
    outer loop
      vertex 41.5746 17.2208 -1.5
      vertex 42.6679 14 -1
      vertex 41.5746 17.2208 1.5
    endloop
  endfacet
  facet normal -0.946929 -0.321442 -4.44457e-05
    outer loop
      vertex 43.4667 11.6469 -1.5
      vertex 42.6679 14 -1
      vertex 41.5746 17.2208 -1.5
    endloop
  endfacet
  facet normal -0.946926 -0.32145 0
    outer loop
      vertex 42.6679 14 -1
      vertex 43.4667 11.6469 -1.5
      vertex 43.4667 11.6469 -1
    endloop
  endfacet
  facet normal -0.946931 -0.321436 0
    outer loop
      vertex 41.5746 17.2208 1.5
      vertex 42.6679 14 -1
      vertex 42.6679 14 1.5
    endloop
  endfacet
  facet normal 0.980787 0.19508 0
    outer loop
      vertex -43.4667 -11.6469 -1
      vertex -44.615 -5.87368 -1.5
      vertex -44.615 -5.87368 -1
    endloop
  endfacet
  facet normal 0.980787 0.19508 0
    outer loop
      vertex -44.615 -5.87368 -1.5
      vertex -43.4667 -11.6469 -1
      vertex -43.4667 -11.6469 -1.5
    endloop
  endfacet
  facet normal 0.19508 0.980787 -0
    outer loop
      vertex -5.87368 -44.615 -1.5
      vertex -11.6469 -43.4667 1.5
      vertex -5.87368 -44.615 1.5
    endloop
  endfacet
  facet normal 0.19508 0.980787 0
    outer loop
      vertex -11.6469 -43.4667 1.5
      vertex -5.87368 -44.615 -1.5
      vertex -11.6469 -43.4667 -1.5
    endloop
  endfacet
  facet normal 0.831475 -0.555562 0
    outer loop
      vertex -38.9711 22.5 1.5
      vertex -35.7009 27.3943 -1.5
      vertex -35.7009 27.3943 1.5
    endloop
  endfacet
  facet normal 0.831475 -0.555562 0
    outer loop
      vertex -35.7009 27.3943 -1.5
      vertex -38.9711 22.5 1.5
      vertex -38.9711 22.5 -1.5
    endloop
  endfacet
  facet normal 0.0654063 0.997859 -0
    outer loop
      vertex 0 -45 -1.5
      vertex -5.87368 -44.615 1.5
      vertex 0 -45 1.5
    endloop
  endfacet
  facet normal 0.0654063 0.997859 0
    outer loop
      vertex -5.87368 -44.615 1.5
      vertex 0 -45 -1.5
      vertex -5.87368 -44.615 -1.5
    endloop
  endfacet
  facet normal 0.980785 0.19509 0
    outer loop
      vertex 83.2814 10.9642 81.5
      vertex 81.1378 21.7408 78.5
      vertex 81.1378 21.7408 81.5
    endloop
  endfacet
  facet normal 0.980785 0.19509 0
    outer loop
      vertex 81.1378 21.7408 78.5
      vertex 83.2814 10.9642 81.5
      vertex 83.2814 10.9642 78.5
    endloop
  endfacet
  facet normal 0.997859 0.0654003 0
    outer loop
      vertex 84 0 81.5
      vertex 83.2814 10.9642 78.5
      vertex 83.2814 10.9642 81.5
    endloop
  endfacet
  facet normal 0.997859 0.0654003 0
    outer loop
      vertex 83.2814 10.9642 78.5
      vertex 84 0 81.5
      vertex 84 0 78.5
    endloop
  endfacet
  facet normal -0.659346 0.75184 0
    outer loop
      vertex -51.136 66.6417 78.5
      vertex -59.397 59.397 81.5
      vertex -51.136 66.6417 81.5
    endloop
  endfacet
  facet normal -0.659346 0.75184 0
    outer loop
      vertex -59.397 59.397 81.5
      vertex -51.136 66.6417 78.5
      vertex -59.397 59.397 78.5
    endloop
  endfacet
  facet normal -0.75184 0.659346 0
    outer loop
      vertex -66.6417 51.136 78.5
      vertex -59.397 59.397 81.5
      vertex -59.397 59.397 78.5
    endloop
  endfacet
  facet normal -0.75184 0.659346 0
    outer loop
      vertex -59.397 59.397 81.5
      vertex -66.6417 51.136 78.5
      vertex -66.6417 51.136 81.5
    endloop
  endfacet
  facet normal 0.555565 -0.831473 0
    outer loop
      vertex 42 -72.7461 78.5
      vertex 51.136 -66.6417 81.5
      vertex 42 -72.7461 81.5
    endloop
  endfacet
  facet normal 0.555565 -0.831473 0
    outer loop
      vertex 51.136 -66.6417 81.5
      vertex 42 -72.7461 78.5
      vertex 51.136 -66.6417 78.5
    endloop
  endfacet
  facet normal -0.94693 -0.321441 0
    outer loop
      vertex -77.6059 -32.1454 78.5
      vertex -81.1378 -21.7408 81.5
      vertex -81.1378 -21.7408 78.5
    endloop
  endfacet
  facet normal -0.94693 -0.321441 0
    outer loop
      vertex -81.1378 -21.7408 81.5
      vertex -77.6059 -32.1454 78.5
      vertex -77.6059 -32.1454 81.5
    endloop
  endfacet
  facet normal 0.980785 -0.19509 0
    outer loop
      vertex 81.1378 -21.7408 81.5
      vertex 83.2814 -10.9642 78.5
      vertex 83.2814 -10.9642 81.5
    endloop
  endfacet
  facet normal 0.980785 -0.19509 0
    outer loop
      vertex 83.2814 -10.9642 78.5
      vertex 81.1378 -21.7408 81.5
      vertex 81.1378 -21.7408 78.5
    endloop
  endfacet
  facet normal 0.321441 0.94693 -0
    outer loop
      vertex 32.1454 77.6059 78.5
      vertex 21.7408 81.1378 81.5
      vertex 32.1454 77.6059 81.5
    endloop
  endfacet
  facet normal 0.321441 0.94693 0
    outer loop
      vertex 21.7408 81.1378 81.5
      vertex 32.1454 77.6059 78.5
      vertex 21.7408 81.1378 78.5
    endloop
  endfacet
  facet normal 0.0654003 -0.997859 0
    outer loop
      vertex 0 -84 78.5
      vertex 10.9642 -83.2814 81.5
      vertex 0 -84 81.5
    endloop
  endfacet
  facet normal 0.0654003 -0.997859 0
    outer loop
      vertex 10.9642 -83.2814 81.5
      vertex 0 -84 78.5
      vertex 10.9642 -83.2814 78.5
    endloop
  endfacet
  facet normal 0.442292 0.896871 -0
    outer loop
      vertex 42 72.7461 78.5
      vertex 32.1454 77.6059 81.5
      vertex 42 72.7461 81.5
    endloop
  endfacet
  facet normal 0.442292 0.896871 0
    outer loop
      vertex 32.1454 77.6059 81.5
      vertex 42 72.7461 78.5
      vertex 32.1454 77.6059 78.5
    endloop
  endfacet
  facet normal -0.555565 0.831473 0
    outer loop
      vertex -42 72.7461 78.5
      vertex -51.136 66.6417 81.5
      vertex -42 72.7461 81.5
    endloop
  endfacet
  facet normal -0.555565 0.831473 0
    outer loop
      vertex -51.136 66.6417 81.5
      vertex -42 72.7461 78.5
      vertex -51.136 66.6417 78.5
    endloop
  endfacet
  facet normal 0.831473 -0.555565 0
    outer loop
      vertex 66.6417 -51.136 81.5
      vertex 72.7461 -42 78.5
      vertex 72.7461 -42 81.5
    endloop
  endfacet
  facet normal 0.831473 -0.555565 0
    outer loop
      vertex 72.7461 -42 78.5
      vertex 66.6417 -51.136 81.5
      vertex 66.6417 -51.136 78.5
    endloop
  endfacet
  facet normal -0.321441 0.94693 0
    outer loop
      vertex -21.7408 81.1378 78.5
      vertex -32.1454 77.6059 81.5
      vertex -21.7408 81.1378 81.5
    endloop
  endfacet
  facet normal -0.321441 0.94693 0
    outer loop
      vertex -32.1454 77.6059 81.5
      vertex -21.7408 81.1378 78.5
      vertex -32.1454 77.6059 78.5
    endloop
  endfacet
  facet normal 0 0 1
    outer loop
      vertex 10.9642 83.2814 81.5
      vertex 17.5 56 81.5
      vertex 21.7408 81.1378 81.5
    endloop
  endfacet
  facet normal 0 0 1
    outer loop
      vertex 0 84 81.5
      vertex 17.5 56 81.5
      vertex 10.9642 83.2814 81.5
    endloop
  endfacet
  facet normal 0 0 1
    outer loop
      vertex -17.5 56 81.5
      vertex 0 84 81.5
      vertex -10.9642 83.2814 81.5
    endloop
  endfacet
  facet normal 0 0 1
    outer loop
      vertex 0 84 81.5
      vertex -17.5 56 81.5
      vertex 17.5 56 81.5
    endloop
  endfacet
  facet normal -0 0 1
    outer loop
      vertex -21.7408 81.1378 81.5
      vertex -17.5 56 81.5
      vertex -10.9642 83.2814 81.5
    endloop
  endfacet
  facet normal -0 0 1
    outer loop
      vertex -32.1454 77.6059 81.5
      vertex -17.5 56 81.5
      vertex -21.7408 81.1378 81.5
    endloop
  endfacet
  facet normal -0 0 1
    outer loop
      vertex -42 72.7461 81.5
      vertex -17.5 56 81.5
      vertex -32.1454 77.6059 81.5
    endloop
  endfacet
  facet normal 0 0 1
    outer loop
      vertex -17.5 56 81.5
      vertex -22.5 38.9711 81.5
      vertex -17.5 41.4369 81.5
    endloop
  endfacet
  facet normal -0 0 1
    outer loop
      vertex -51.136 66.6417 81.5
      vertex -17.5 56 81.5
      vertex -42 72.7461 81.5
    endloop
  endfacet
  facet normal 0 0 1
    outer loop
      vertex -17.5 56 81.5
      vertex -27.3943 35.7009 81.5
      vertex -22.5 38.9711 81.5
    endloop
  endfacet
  facet normal 0 0 1
    outer loop
      vertex -17.5 56 81.5
      vertex -51.136 66.6417 81.5
      vertex -27.3943 35.7009 81.5
    endloop
  endfacet
  facet normal 0 0 1
    outer loop
      vertex -27.3943 35.7009 81.5
      vertex -51.136 66.6417 81.5
      vertex -31.8198 31.8198 81.5
    endloop
  endfacet
  facet normal -0 0 1
    outer loop
      vertex -59.397 59.397 81.5
      vertex -31.8198 31.8198 81.5
      vertex -51.136 66.6417 81.5
    endloop
  endfacet
  facet normal 0 0 1
    outer loop
      vertex -31.8198 31.8198 81.5
      vertex -59.397 59.397 81.5
      vertex -35.7009 27.3943 81.5
    endloop
  endfacet
  facet normal -0 0 1
    outer loop
      vertex -66.6417 51.136 81.5
      vertex -35.7009 27.3943 81.5
      vertex -59.397 59.397 81.5
    endloop
  endfacet
  facet normal 0 0 1
    outer loop
      vertex -35.7009 27.3943 81.5
      vertex -66.6417 51.136 81.5
      vertex -38.9711 22.5 81.5
    endloop
  endfacet
  facet normal -0 0 1
    outer loop
      vertex -72.7461 42 81.5
      vertex -38.9711 22.5 81.5
      vertex -66.6417 51.136 81.5
    endloop
  endfacet
  facet normal 0 0 1
    outer loop
      vertex -41.5746 17.2208 81.5
      vertex -55 14 81.5
      vertex -42.6679 14 81.5
    endloop
  endfacet
  facet normal 0 -0 1
    outer loop
      vertex -55 14 81.5
      vertex -38.9711 22.5 81.5
      vertex -72.7461 42 81.5
    endloop
  endfacet
  facet normal 0 0 1
    outer loop
      vertex 72.7461 -42 81.5
      vertex 38.9711 -22.5 81.5
      vertex 66.6417 -51.136 81.5
    endloop
  endfacet
  facet normal -0 0 1
    outer loop
      vertex 35.7009 -27.3943 81.5
      vertex 66.6417 -51.136 81.5
      vertex 38.9711 -22.5 81.5
    endloop
  endfacet
  facet normal 0 0 1
    outer loop
      vertex 41.5746 -17.2208 81.5
      vertex 55 -14 81.5
      vertex 42.6679 -14 81.5
    endloop
  endfacet
  facet normal 0 0 1
    outer loop
      vertex 38.9711 -22.5 81.5
      vertex 55 -14 81.5
      vertex 41.5746 -17.2208 81.5
    endloop
  endfacet
  facet normal 0 0 1
    outer loop
      vertex 66.6417 -51.136 81.5
      vertex 35.7009 -27.3943 81.5
      vertex 59.397 -59.397 81.5
    endloop
  endfacet
  facet normal -0 0 1
    outer loop
      vertex 31.8198 -31.8198 81.5
      vertex 59.397 -59.397 81.5
      vertex 35.7009 -27.3943 81.5
    endloop
  endfacet
  facet normal 0 0 1
    outer loop
      vertex 59.397 -59.397 81.5
      vertex 31.8198 -31.8198 81.5
      vertex 51.136 -66.6417 81.5
    endloop
  endfacet
  facet normal -0 0 1
    outer loop
      vertex 27.3943 -35.7009 81.5
      vertex 51.136 -66.6417 81.5
      vertex 31.8198 -31.8198 81.5
    endloop
  endfacet
  facet normal 0 0 1
    outer loop
      vertex 51.136 -66.6417 81.5
      vertex 27.3943 -35.7009 81.5
      vertex 42 -72.7461 81.5
    endloop
  endfacet
  facet normal -0 0 1
    outer loop
      vertex 22.5 -38.9711 81.5
      vertex 42 -72.7461 81.5
      vertex 27.3943 -35.7009 81.5
    endloop
  endfacet
  facet normal 0 0 1
    outer loop
      vertex 42 -72.7461 81.5
      vertex 22.5 -38.9711 81.5
      vertex 32.1454 -77.6059 81.5
    endloop
  endfacet
  facet normal -0 0 1
    outer loop
      vertex 17.2208 -41.5746 81.5
      vertex 32.1454 -77.6059 81.5
      vertex 22.5 -38.9711 81.5
    endloop
  endfacet
  facet normal 0 0 1
    outer loop
      vertex 32.1454 -77.6059 81.5
      vertex 17.2208 -41.5746 81.5
      vertex 21.7408 -81.1378 81.5
    endloop
  endfacet
  facet normal -0 0 1
    outer loop
      vertex 11.6469 -43.4667 81.5
      vertex 21.7408 -81.1378 81.5
      vertex 17.2208 -41.5746 81.5
    endloop
  endfacet
  facet normal 0 0 1
    outer loop
      vertex 11.6469 -43.4667 81.5
      vertex 10.9642 -83.2814 81.5
      vertex 21.7408 -81.1378 81.5
    endloop
  endfacet
  facet normal -0 0 1
    outer loop
      vertex 5.87368 -44.615 81.5
      vertex 10.9642 -83.2814 81.5
      vertex 11.6469 -43.4667 81.5
    endloop
  endfacet
  facet normal -0 0 1
    outer loop
      vertex 0 -45 81.5
      vertex 10.9642 -83.2814 81.5
      vertex 5.87368 -44.615 81.5
    endloop
  endfacet
  facet normal 0 0 1
    outer loop
      vertex 0 -45 81.5
      vertex 0 -84 81.5
      vertex 10.9642 -83.2814 81.5
    endloop
  endfacet
  facet normal 0 0 1
    outer loop
      vertex -5.87368 -44.615 81.5
      vertex 0 -84 81.5
      vertex 0 -45 81.5
    endloop
  endfacet
  facet normal 0 0 1
    outer loop
      vertex -5.87368 -44.615 81.5
      vertex -10.9642 -83.2814 81.5
      vertex 0 -84 81.5
    endloop
  endfacet
  facet normal 0 0 1
    outer loop
      vertex -11.6469 -43.4667 81.5
      vertex -10.9642 -83.2814 81.5
      vertex -5.87368 -44.615 81.5
    endloop
  endfacet
  facet normal 0 0 1
    outer loop
      vertex -21.7408 -81.1378 81.5
      vertex -11.6469 -43.4667 81.5
      vertex -17.2208 -41.5746 81.5
    endloop
  endfacet
  facet normal 0 0 1
    outer loop
      vertex -11.6469 -43.4667 81.5
      vertex -21.7408 -81.1378 81.5
      vertex -10.9642 -83.2814 81.5
    endloop
  endfacet
  facet normal 0 0 1
    outer loop
      vertex -32.1454 -77.6059 81.5
      vertex -17.2208 -41.5746 81.5
      vertex -22.5 -38.9711 81.5
    endloop
  endfacet
  facet normal 0 0 1
    outer loop
      vertex -42 -72.7461 81.5
      vertex -22.5 -38.9711 81.5
      vertex -27.3943 -35.7009 81.5
    endloop
  endfacet
  facet normal 0 0 1
    outer loop
      vertex -51.136 -66.6417 81.5
      vertex -27.3943 -35.7009 81.5
      vertex -31.8198 -31.8198 81.5
    endloop
  endfacet
  facet normal 0 0 1
    outer loop
      vertex -17.2208 -41.5746 81.5
      vertex -32.1454 -77.6059 81.5
      vertex -21.7408 -81.1378 81.5
    endloop
  endfacet
  facet normal 0 0 1
    outer loop
      vertex -59.397 -59.397 81.5
      vertex -31.8198 -31.8198 81.5
      vertex -35.7009 -27.3943 81.5
    endloop
  endfacet
  facet normal 0 0 1
    outer loop
      vertex -66.6417 -51.136 81.5
      vertex -35.7009 -27.3943 81.5
      vertex -38.9711 -22.5 81.5
    endloop
  endfacet
  facet normal 0 0 1
    outer loop
      vertex -55 -14 81.5
      vertex -38.9711 -22.5 81.5
      vertex -41.5746 -17.2208 81.5
    endloop
  endfacet
  facet normal 0 0 1
    outer loop
      vertex -22.5 -38.9711 81.5
      vertex -42 -72.7461 81.5
      vertex -32.1454 -77.6059 81.5
    endloop
  endfacet
  facet normal -0 0 1
    outer loop
      vertex -55 -14 81.5
      vertex -41.5746 -17.2208 81.5
      vertex -42.6679 -14 81.5
    endloop
  endfacet
  facet normal 0 0 1
    outer loop
      vertex -27.3943 -35.7009 81.5
      vertex -51.136 -66.6417 81.5
      vertex -42 -72.7461 81.5
    endloop
  endfacet
  facet normal 0 0 1
    outer loop
      vertex -38.9711 -22.5 81.5
      vertex -55 -14 81.5
      vertex -72.7461 -42 81.5
    endloop
  endfacet
  facet normal 0 0 1
    outer loop
      vertex -31.8198 -31.8198 81.5
      vertex -59.397 -59.397 81.5
      vertex -51.136 -66.6417 81.5
    endloop
  endfacet
  facet normal 0 0 1
    outer loop
      vertex -38.9711 22.5 81.5
      vertex -55 14 81.5
      vertex -41.5746 17.2208 81.5
    endloop
  endfacet
  facet normal -0 0 1
    outer loop
      vertex -77.6059 32.1454 81.5
      vertex -55 14 81.5
      vertex -72.7461 42 81.5
    endloop
  endfacet
  facet normal 0 0 1
    outer loop
      vertex -35.7009 -27.3943 81.5
      vertex -66.6417 -51.136 81.5
      vertex -59.397 -59.397 81.5
    endloop
  endfacet
  facet normal -0 0 1
    outer loop
      vertex -81.1378 21.7408 81.5
      vertex -55 14 81.5
      vertex -77.6059 32.1454 81.5
    endloop
  endfacet
  facet normal 0 0 1
    outer loop
      vertex -38.9711 -22.5 81.5
      vertex -72.7461 -42 81.5
      vertex -66.6417 -51.136 81.5
    endloop
  endfacet
  facet normal 0 0 1
    outer loop
      vertex -83.2814 10.9642 81.5
      vertex -55 14 81.5
      vertex -81.1378 21.7408 81.5
    endloop
  endfacet
  facet normal 0 0 1
    outer loop
      vertex -55 -14 81.5
      vertex -77.6059 -32.1454 81.5
      vertex -72.7461 -42 81.5
    endloop
  endfacet
  facet normal 0 0 1
    outer loop
      vertex -84 0 81.5
      vertex -55 14 81.5
      vertex -83.2814 10.9642 81.5
    endloop
  endfacet
  facet normal 0 0 1
    outer loop
      vertex -55 -14 81.5
      vertex -81.1378 -21.7408 81.5
      vertex -77.6059 -32.1454 81.5
    endloop
  endfacet
  facet normal 0 0 1
    outer loop
      vertex -55 14 81.5
      vertex -84 0 81.5
      vertex -55 -14 81.5
    endloop
  endfacet
  facet normal 0 0 1
    outer loop
      vertex -55 -14 81.5
      vertex -83.2814 -10.9642 81.5
      vertex -81.1378 -21.7408 81.5
    endloop
  endfacet
  facet normal 0 0 1
    outer loop
      vertex -55 -14 81.5
      vertex -84 0 81.5
      vertex -83.2814 -10.9642 81.5
    endloop
  endfacet
  facet normal -0 0 1
    outer loop
      vertex 78.8308 3.5 81.5
      vertex 84 0 81.5
      vertex 83.2814 10.9642 81.5
    endloop
  endfacet
  facet normal 0 0 1
    outer loop
      vertex 71.1072 3.5 81.5
      vertex 83.2814 10.9642 81.5
      vertex 81.1378 21.7408 81.5
    endloop
  endfacet
  facet normal 0 0 1
    outer loop
      vertex 78.8308 -3.5 81.5
      vertex 84 0 81.5
      vertex 78.8308 3.5 81.5
    endloop
  endfacet
  facet normal 0 0 1
    outer loop
      vertex 84 0 81.5
      vertex 78.8308 -3.5 81.5
      vertex 83.2814 -10.9642 81.5
    endloop
  endfacet
  facet normal 0 0 1
    outer loop
      vertex 55 14 81.5
      vertex 81.1378 21.7408 81.5
      vertex 77.6059 32.1454 81.5
    endloop
  endfacet
  facet normal 0 0 1
    outer loop
      vertex 55 14 81.5
      vertex 77.6059 32.1454 81.5
      vertex 72.7461 42 81.5
    endloop
  endfacet
  facet normal 0 0 1
    outer loop
      vertex 83.2814 10.9642 81.5
      vertex 71.1072 3.5 81.5
      vertex 78.8308 3.5 81.5
    endloop
  endfacet
  facet normal 0 0 1
    outer loop
      vertex 81.1378 21.7408 81.5
      vertex 55 14 81.5
      vertex 71.1072 3.5 81.5
    endloop
  endfacet
  facet normal 0 0 1
    outer loop
      vertex 55 14 81.5
      vertex 72.7461 42 81.5
      vertex 66.6417 51.136 81.5
    endloop
  endfacet
  facet normal -0 0 1
    outer loop
      vertex 71.1072 -3.5 81.5
      vertex 83.2814 -10.9642 81.5
      vertex 78.8308 -3.5 81.5
    endloop
  endfacet
  facet normal 0 0 1
    outer loop
      vertex 83.2814 -10.9642 81.5
      vertex 71.1072 -3.5 81.5
      vertex 81.1378 -21.7408 81.5
    endloop
  endfacet
  facet normal -0 0 1
    outer loop
      vertex 55 -14 81.5
      vertex 81.1378 -21.7408 81.5
      vertex 71.1072 -3.5 81.5
    endloop
  endfacet
  facet normal 0 0 1
    outer loop
      vertex 81.1378 -21.7408 81.5
      vertex 55 -14 81.5
      vertex 77.6059 -32.1454 81.5
    endloop
  endfacet
  facet normal 0 0 1
    outer loop
      vertex 71.1072 3.5 81.5
      vertex 55 14 81.5
      vertex 71.1072 -3.5 81.5
    endloop
  endfacet
  facet normal 0 0 1
    outer loop
      vertex 55 -14 81.5
      vertex 71.1072 -3.5 81.5
      vertex 55 14 81.5
    endloop
  endfacet
  facet normal 0 0 1
    outer loop
      vertex 35.7009 27.3943 81.5
      vertex 66.6417 51.136 81.5
      vertex 59.397 59.397 81.5
    endloop
  endfacet
  facet normal 0 0 1
    outer loop
      vertex 77.6059 -32.1454 81.5
      vertex 55 -14 81.5
      vertex 72.7461 -42 81.5
    endloop
  endfacet
  facet normal -0 0 1
    outer loop
      vertex 38.9711 -22.5 81.5
      vertex 72.7461 -42 81.5
      vertex 55 -14 81.5
    endloop
  endfacet
  facet normal 0 0 1
    outer loop
      vertex 31.8198 31.8198 81.5
      vertex 59.397 59.397 81.5
      vertex 51.136 66.6417 81.5
    endloop
  endfacet
  facet normal 0 0 1
    outer loop
      vertex 66.6417 51.136 81.5
      vertex 35.7009 27.3943 81.5
      vertex 38.9711 22.5 81.5
    endloop
  endfacet
  facet normal 0 0 1
    outer loop
      vertex 17.5 56 81.5
      vertex 51.136 66.6417 81.5
      vertex 42 72.7461 81.5
    endloop
  endfacet
  facet normal 0 0 1
    outer loop
      vertex 55 14 81.5
      vertex 41.5746 17.2208 81.5
      vertex 42.6679 14 81.5
    endloop
  endfacet
  facet normal 0 0 1
    outer loop
      vertex 55 14 81.5
      vertex 38.9711 22.5 81.5
      vertex 41.5746 17.2208 81.5
    endloop
  endfacet
  facet normal 0 0 1
    outer loop
      vertex 66.6417 51.136 81.5
      vertex 38.9711 22.5 81.5
      vertex 55 14 81.5
    endloop
  endfacet
  facet normal 0 0 1
    outer loop
      vertex 17.5 56 81.5
      vertex 42 72.7461 81.5
      vertex 32.1454 77.6059 81.5
    endloop
  endfacet
  facet normal 0 0 1
    outer loop
      vertex 59.397 59.397 81.5
      vertex 31.8198 31.8198 81.5
      vertex 35.7009 27.3943 81.5
    endloop
  endfacet
  facet normal 0 0 1
    outer loop
      vertex 51.136 66.6417 81.5
      vertex 27.3943 35.7009 81.5
      vertex 31.8198 31.8198 81.5
    endloop
  endfacet
  facet normal 0 0 1
    outer loop
      vertex 51.136 66.6417 81.5
      vertex 17.5 56 81.5
      vertex 27.3943 35.7009 81.5
    endloop
  endfacet
  facet normal 0 0 1
    outer loop
      vertex 17.5 56 81.5
      vertex 32.1454 77.6059 81.5
      vertex 21.7408 81.1378 81.5
    endloop
  endfacet
  facet normal 0 0 1
    outer loop
      vertex 27.3943 35.7009 81.5
      vertex 17.5 56 81.5
      vertex 22.5 38.9711 81.5
    endloop
  endfacet
  facet normal 0 0 1
    outer loop
      vertex 22.5 38.9711 81.5
      vertex 17.5 56 81.5
      vertex 17.5 41.4369 81.5
    endloop
  endfacet
  facet normal -0.980785 -0.19509 0
    outer loop
      vertex -81.1378 -21.7408 78.5
      vertex -83.2814 -10.9642 81.5
      vertex -83.2814 -10.9642 78.5
    endloop
  endfacet
  facet normal -0.980785 -0.19509 0
    outer loop
      vertex -83.2814 -10.9642 81.5
      vertex -81.1378 -21.7408 78.5
      vertex -81.1378 -21.7408 81.5
    endloop
  endfacet
  facet normal -0.442292 0.896871 0
    outer loop
      vertex -32.1454 77.6059 78.5
      vertex -42 72.7461 81.5
      vertex -32.1454 77.6059 81.5
    endloop
  endfacet
  facet normal -0.442292 0.896871 0
    outer loop
      vertex -42 72.7461 81.5
      vertex -32.1454 77.6059 78.5
      vertex -42 72.7461 78.5
    endloop
  endfacet
  facet normal 0.659346 -0.75184 0
    outer loop
      vertex 51.136 -66.6417 78.5
      vertex 59.397 -59.397 81.5
      vertex 51.136 -66.6417 81.5
    endloop
  endfacet
  facet normal 0.659346 -0.75184 0
    outer loop
      vertex 59.397 -59.397 81.5
      vertex 51.136 -66.6417 78.5
      vertex 59.397 -59.397 78.5
    endloop
  endfacet
  facet normal 0.997859 -0.0654003 0
    outer loop
      vertex 83.2814 -10.9642 81.5
      vertex 84 0 78.5
      vertex 84 0 81.5
    endloop
  endfacet
  facet normal 0.997859 -0.0654003 0
    outer loop
      vertex 84 0 78.5
      vertex 83.2814 -10.9642 81.5
      vertex 83.2814 -10.9642 78.5
    endloop
  endfacet
  facet normal 0.659346 0.75184 -0
    outer loop
      vertex 59.397 59.397 78.5
      vertex 51.136 66.6417 81.5
      vertex 59.397 59.397 81.5
    endloop
  endfacet
  facet normal 0.659346 0.75184 0
    outer loop
      vertex 51.136 66.6417 81.5
      vertex 59.397 59.397 78.5
      vertex 51.136 66.6417 78.5
    endloop
  endfacet
  facet normal 0.555565 0.831473 -0
    outer loop
      vertex 51.136 66.6417 78.5
      vertex 42 72.7461 81.5
      vertex 51.136 66.6417 81.5
    endloop
  endfacet
  facet normal 0.555565 0.831473 0
    outer loop
      vertex 42 72.7461 81.5
      vertex 51.136 66.6417 78.5
      vertex 42 72.7461 78.5
    endloop
  endfacet
  facet normal 0.19509 -0.980785 0
    outer loop
      vertex 10.9642 -83.2814 78.5
      vertex 21.7408 -81.1378 81.5
      vertex 10.9642 -83.2814 81.5
    endloop
  endfacet
  facet normal 0.19509 -0.980785 0
    outer loop
      vertex 21.7408 -81.1378 81.5
      vertex 10.9642 -83.2814 78.5
      vertex 21.7408 -81.1378 78.5
    endloop
  endfacet
  facet normal 0.831473 0.555565 0
    outer loop
      vertex 72.7461 42 81.5
      vertex 66.6417 51.136 78.5
      vertex 66.6417 51.136 81.5
    endloop
  endfacet
  facet normal 0.831473 0.555565 0
    outer loop
      vertex 66.6417 51.136 78.5
      vertex 72.7461 42 81.5
      vertex 72.7461 42 78.5
    endloop
  endfacet
  facet normal 0.442292 -0.896871 0
    outer loop
      vertex 32.1454 -77.6059 78.5
      vertex 42 -72.7461 81.5
      vertex 32.1454 -77.6059 81.5
    endloop
  endfacet
  facet normal 0.442292 -0.896871 0
    outer loop
      vertex 42 -72.7461 81.5
      vertex 32.1454 -77.6059 78.5
      vertex 42 -72.7461 78.5
    endloop
  endfacet
  facet normal -0.831473 -0.555565 0
    outer loop
      vertex -66.6417 -51.136 78.5
      vertex -72.7461 -42 81.5
      vertex -72.7461 -42 78.5
    endloop
  endfacet
  facet normal -0.831473 -0.555565 0
    outer loop
      vertex -72.7461 -42 81.5
      vertex -66.6417 -51.136 78.5
      vertex -66.6417 -51.136 81.5
    endloop
  endfacet
  facet normal 0.19509 0.980785 -0
    outer loop
      vertex 21.7408 81.1378 78.5
      vertex 10.9642 83.2814 81.5
      vertex 21.7408 81.1378 81.5
    endloop
  endfacet
  facet normal 0.19509 0.980785 0
    outer loop
      vertex 10.9642 83.2814 81.5
      vertex 21.7408 81.1378 78.5
      vertex 10.9642 83.2814 78.5
    endloop
  endfacet
  facet normal -0.0654003 0.997859 0
    outer loop
      vertex 0 84 78.5
      vertex -10.9642 83.2814 81.5
      vertex 0 84 81.5
    endloop
  endfacet
  facet normal -0.0654003 0.997859 0
    outer loop
      vertex -10.9642 83.2814 81.5
      vertex 0 84 78.5
      vertex -10.9642 83.2814 78.5
    endloop
  endfacet
  facet normal 0.896871 0.442292 0
    outer loop
      vertex 77.6059 32.1454 81.5
      vertex 72.7461 42 78.5
      vertex 72.7461 42 81.5
    endloop
  endfacet
  facet normal 0.896871 0.442292 0
    outer loop
      vertex 72.7461 42 78.5
      vertex 77.6059 32.1454 81.5
      vertex 77.6059 32.1454 78.5
    endloop
  endfacet
  facet normal -0.896871 -0.442292 0
    outer loop
      vertex -72.7461 -42 78.5
      vertex -77.6059 -32.1454 81.5
      vertex -77.6059 -32.1454 78.5
    endloop
  endfacet
  facet normal -0.896871 -0.442292 0
    outer loop
      vertex -77.6059 -32.1454 81.5
      vertex -72.7461 -42 78.5
      vertex -72.7461 -42 81.5
    endloop
  endfacet
  facet normal 0.94693 -0.321441 0
    outer loop
      vertex 77.6059 -32.1454 81.5
      vertex 81.1378 -21.7408 78.5
      vertex 81.1378 -21.7408 81.5
    endloop
  endfacet
  facet normal 0.94693 -0.321441 0
    outer loop
      vertex 81.1378 -21.7408 78.5
      vertex 77.6059 -32.1454 81.5
      vertex 77.6059 -32.1454 78.5
    endloop
  endfacet
  facet normal 0.75184 -0.659346 0
    outer loop
      vertex 59.397 -59.397 81.5
      vertex 66.6417 -51.136 78.5
      vertex 66.6417 -51.136 81.5
    endloop
  endfacet
  facet normal 0.75184 -0.659346 0
    outer loop
      vertex 66.6417 -51.136 78.5
      vertex 59.397 -59.397 81.5
      vertex 59.397 -59.397 78.5
    endloop
  endfacet
  facet normal -0.980785 0.19509 0
    outer loop
      vertex -83.2814 10.9642 78.5
      vertex -81.1378 21.7408 81.5
      vertex -81.1378 21.7408 78.5
    endloop
  endfacet
  facet normal -0.980785 0.19509 0
    outer loop
      vertex -81.1378 21.7408 81.5
      vertex -83.2814 10.9642 78.5
      vertex -83.2814 10.9642 81.5
    endloop
  endfacet
  facet normal -0.997859 -0.0654003 0
    outer loop
      vertex -83.2814 -10.9642 78.5
      vertex -84 0 81.5
      vertex -84 0 78.5
    endloop
  endfacet
  facet normal -0.997859 -0.0654003 0
    outer loop
      vertex -84 0 81.5
      vertex -83.2814 -10.9642 78.5
      vertex -83.2814 -10.9642 81.5
    endloop
  endfacet
  facet normal -0.442292 -0.896871 0
    outer loop
      vertex -42 -72.7461 78.5
      vertex -32.1454 -77.6059 81.5
      vertex -42 -72.7461 81.5
    endloop
  endfacet
  facet normal -0.442292 -0.896871 -0
    outer loop
      vertex -32.1454 -77.6059 81.5
      vertex -42 -72.7461 78.5
      vertex -32.1454 -77.6059 78.5
    endloop
  endfacet
  facet normal -0.19509 -0.980785 0
    outer loop
      vertex -21.7408 -81.1378 78.5
      vertex -10.9642 -83.2814 81.5
      vertex -21.7408 -81.1378 81.5
    endloop
  endfacet
  facet normal -0.19509 -0.980785 -0
    outer loop
      vertex -10.9642 -83.2814 81.5
      vertex -21.7408 -81.1378 78.5
      vertex -10.9642 -83.2814 78.5
    endloop
  endfacet
  facet normal 0.0654003 0.997859 -0
    outer loop
      vertex 10.9642 83.2814 78.5
      vertex 0 84 81.5
      vertex 10.9642 83.2814 81.5
    endloop
  endfacet
  facet normal 0.0654003 0.997859 0
    outer loop
      vertex 0 84 81.5
      vertex 10.9642 83.2814 78.5
      vertex 0 84 78.5
    endloop
  endfacet
  facet normal -0.997859 0.0654003 0
    outer loop
      vertex -84 0 78.5
      vertex -83.2814 10.9642 81.5
      vertex -83.2814 10.9642 78.5
    endloop
  endfacet
  facet normal -0.997859 0.0654003 0
    outer loop
      vertex -83.2814 10.9642 81.5
      vertex -84 0 78.5
      vertex -84 0 81.5
    endloop
  endfacet
  facet normal 0.75184 0.659346 0
    outer loop
      vertex 66.6417 51.136 81.5
      vertex 59.397 59.397 78.5
      vertex 59.397 59.397 81.5
    endloop
  endfacet
  facet normal 0.75184 0.659346 0
    outer loop
      vertex 59.397 59.397 78.5
      vertex 66.6417 51.136 81.5
      vertex 66.6417 51.136 78.5
    endloop
  endfacet
  facet normal -0.321441 -0.94693 0
    outer loop
      vertex -32.1454 -77.6059 78.5
      vertex -21.7408 -81.1378 81.5
      vertex -32.1454 -77.6059 81.5
    endloop
  endfacet
  facet normal -0.321441 -0.94693 -0
    outer loop
      vertex -21.7408 -81.1378 81.5
      vertex -32.1454 -77.6059 78.5
      vertex -21.7408 -81.1378 78.5
    endloop
  endfacet
  facet normal 0.94693 0.321441 0
    outer loop
      vertex 81.1378 21.7408 81.5
      vertex 77.6059 32.1454 78.5
      vertex 77.6059 32.1454 81.5
    endloop
  endfacet
  facet normal 0.94693 0.321441 0
    outer loop
      vertex 77.6059 32.1454 78.5
      vertex 81.1378 21.7408 81.5
      vertex 81.1378 21.7408 78.5
    endloop
  endfacet
  facet normal -0 0 -1
    outer loop
      vertex 72.7461 42 78.5
      vertex 38.9711 22.5 78.5
      vertex 66.6417 51.136 78.5
    endloop
  endfacet
  facet normal 0 0 -1
    outer loop
      vertex 35.7009 27.3943 78.5
      vertex 66.6417 51.136 78.5
      vertex 38.9711 22.5 78.5
    endloop
  endfacet
  facet normal 0 0 -1
    outer loop
      vertex 41.5746 17.2208 78.5
      vertex 55 14 78.5
      vertex 42.6679 14 78.5
    endloop
  endfacet
  facet normal 0 0 -1
    outer loop
      vertex 38.9711 22.5 78.5
      vertex 55 14 78.5
      vertex 41.5746 17.2208 78.5
    endloop
  endfacet
  facet normal -0 0 -1
    outer loop
      vertex 66.6417 51.136 78.5
      vertex 35.7009 27.3943 78.5
      vertex 59.397 59.397 78.5
    endloop
  endfacet
  facet normal 0 0 -1
    outer loop
      vertex 31.8198 31.8198 78.5
      vertex 59.397 59.397 78.5
      vertex 35.7009 27.3943 78.5
    endloop
  endfacet
  facet normal -0 0 -1
    outer loop
      vertex 59.397 59.397 78.5
      vertex 31.8198 31.8198 78.5
      vertex 51.136 66.6417 78.5
    endloop
  endfacet
  facet normal 0 0 -1
    outer loop
      vertex 27.3943 35.7009 78.5
      vertex 51.136 66.6417 78.5
      vertex 31.8198 31.8198 78.5
    endloop
  endfacet
  facet normal -0 0 -1
    outer loop
      vertex 51.136 66.6417 78.5
      vertex 27.3943 35.7009 78.5
      vertex 42 72.7461 78.5
    endloop
  endfacet
  facet normal 0 0 -1
    outer loop
      vertex 22.5 38.9711 78.5
      vertex 42 72.7461 78.5
      vertex 27.3943 35.7009 78.5
    endloop
  endfacet
  facet normal -0 0 -1
    outer loop
      vertex 42 72.7461 78.5
      vertex 22.5 38.9711 78.5
      vertex 32.1454 77.6059 78.5
    endloop
  endfacet
  facet normal 0 0 -1
    outer loop
      vertex 17.2208 41.5746 78.5
      vertex 32.1454 77.6059 78.5
      vertex 22.5 38.9711 78.5
    endloop
  endfacet
  facet normal -0 0 -1
    outer loop
      vertex 32.1454 77.6059 78.5
      vertex 17.2208 41.5746 78.5
      vertex 21.7408 81.1378 78.5
    endloop
  endfacet
  facet normal 0 0 -1
    outer loop
      vertex 11.6469 43.4667 78.5
      vertex 21.7408 81.1378 78.5
      vertex 17.2208 41.5746 78.5
    endloop
  endfacet
  facet normal 0 0 -1
    outer loop
      vertex 11.6469 43.4667 78.5
      vertex 10.9642 83.2814 78.5
      vertex 21.7408 81.1378 78.5
    endloop
  endfacet
  facet normal 0 0 -1
    outer loop
      vertex 5.87368 44.615 78.5
      vertex 10.9642 83.2814 78.5
      vertex 11.6469 43.4667 78.5
    endloop
  endfacet
  facet normal 0 0 -1
    outer loop
      vertex 0 45 78.5
      vertex 10.9642 83.2814 78.5
      vertex 5.87368 44.615 78.5
    endloop
  endfacet
  facet normal 0 0 -1
    outer loop
      vertex 0 45 78.5
      vertex 0 84 78.5
      vertex 10.9642 83.2814 78.5
    endloop
  endfacet
  facet normal 0 0 -1
    outer loop
      vertex -5.87368 44.615 78.5
      vertex 0 84 78.5
      vertex 0 45 78.5
    endloop
  endfacet
  facet normal 0 0 -1
    outer loop
      vertex -5.87368 44.615 78.5
      vertex -10.9642 83.2814 78.5
      vertex 0 84 78.5
    endloop
  endfacet
  facet normal 0 0 -1
    outer loop
      vertex -11.6469 43.4667 78.5
      vertex -10.9642 83.2814 78.5
      vertex -5.87368 44.615 78.5
    endloop
  endfacet
  facet normal 0 0 -1
    outer loop
      vertex -21.7408 81.1378 78.5
      vertex -11.6469 43.4667 78.5
      vertex -17.2208 41.5746 78.5
    endloop
  endfacet
  facet normal 0 0 -1
    outer loop
      vertex -11.6469 43.4667 78.5
      vertex -21.7408 81.1378 78.5
      vertex -10.9642 83.2814 78.5
    endloop
  endfacet
  facet normal 0 0 -1
    outer loop
      vertex -32.1454 77.6059 78.5
      vertex -17.2208 41.5746 78.5
      vertex -22.5 38.9711 78.5
    endloop
  endfacet
  facet normal 0 0 -1
    outer loop
      vertex -42 72.7461 78.5
      vertex -22.5 38.9711 78.5
      vertex -27.3943 35.7009 78.5
    endloop
  endfacet
  facet normal 0 0 -1
    outer loop
      vertex -51.136 66.6417 78.5
      vertex -27.3943 35.7009 78.5
      vertex -31.8198 31.8198 78.5
    endloop
  endfacet
  facet normal 0 0 -1
    outer loop
      vertex -17.2208 41.5746 78.5
      vertex -32.1454 77.6059 78.5
      vertex -21.7408 81.1378 78.5
    endloop
  endfacet
  facet normal 0 0 -1
    outer loop
      vertex -59.397 59.397 78.5
      vertex -31.8198 31.8198 78.5
      vertex -35.7009 27.3943 78.5
    endloop
  endfacet
  facet normal 0 0 -1
    outer loop
      vertex -66.6417 51.136 78.5
      vertex -35.7009 27.3943 78.5
      vertex -38.9711 22.5 78.5
    endloop
  endfacet
  facet normal 0 0 -1
    outer loop
      vertex -55 14 78.5
      vertex -38.9711 22.5 78.5
      vertex -41.5746 17.2208 78.5
    endloop
  endfacet
  facet normal 0 0 -1
    outer loop
      vertex -22.5 38.9711 78.5
      vertex -42 72.7461 78.5
      vertex -32.1454 77.6059 78.5
    endloop
  endfacet
  facet normal 0 0 -1
    outer loop
      vertex -55 14 78.5
      vertex -41.5746 17.2208 78.5
      vertex -42.6679 14 78.5
    endloop
  endfacet
  facet normal 0 0 -1
    outer loop
      vertex -27.3943 35.7009 78.5
      vertex -51.136 66.6417 78.5
      vertex -42 72.7461 78.5
    endloop
  endfacet
  facet normal -0 0 -1
    outer loop
      vertex -38.9711 22.5 78.5
      vertex -55 14 78.5
      vertex -72.7461 42 78.5
    endloop
  endfacet
  facet normal 0 0 -1
    outer loop
      vertex -31.8198 31.8198 78.5
      vertex -59.397 59.397 78.5
      vertex -51.136 66.6417 78.5
    endloop
  endfacet
  facet normal -0 0 -1
    outer loop
      vertex -38.9711 -22.5 78.5
      vertex -72.7461 -42 78.5
      vertex -55 -14 78.5
    endloop
  endfacet
  facet normal 0 0 -1
    outer loop
      vertex -77.6059 -32.1454 78.5
      vertex -55 -14 78.5
      vertex -72.7461 -42 78.5
    endloop
  endfacet
  facet normal 0 0 -1
    outer loop
      vertex -35.7009 27.3943 78.5
      vertex -66.6417 51.136 78.5
      vertex -59.397 59.397 78.5
    endloop
  endfacet
  facet normal 0 0 -1
    outer loop
      vertex -81.1378 -21.7408 78.5
      vertex -55 -14 78.5
      vertex -77.6059 -32.1454 78.5
    endloop
  endfacet
  facet normal 0 0 -1
    outer loop
      vertex -38.9711 22.5 78.5
      vertex -72.7461 42 78.5
      vertex -66.6417 51.136 78.5
    endloop
  endfacet
  facet normal 0 0 -1
    outer loop
      vertex -83.2814 -10.9642 78.5
      vertex -55 -14 78.5
      vertex -81.1378 -21.7408 78.5
    endloop
  endfacet
  facet normal 0 0 -1
    outer loop
      vertex -55 14 78.5
      vertex -77.6059 32.1454 78.5
      vertex -72.7461 42 78.5
    endloop
  endfacet
  facet normal 0 0 -1
    outer loop
      vertex -84 0 78.5
      vertex -55 -14 78.5
      vertex -83.2814 -10.9642 78.5
    endloop
  endfacet
  facet normal 0 0 -1
    outer loop
      vertex -55 14 78.5
      vertex -81.1378 21.7408 78.5
      vertex -77.6059 32.1454 78.5
    endloop
  endfacet
  facet normal 0 0 -1
    outer loop
      vertex -55 -14 78.5
      vertex -84 0 78.5
      vertex -55 14 78.5
    endloop
  endfacet
  facet normal -0 0 -1
    outer loop
      vertex -55 14 78.5
      vertex -83.2814 10.9642 78.5
      vertex -81.1378 21.7408 78.5
    endloop
  endfacet
  facet normal 0 0 -1
    outer loop
      vertex -55 14 78.5
      vertex -84 0 78.5
      vertex -83.2814 10.9642 78.5
    endloop
  endfacet
  facet normal 0 0 -1
    outer loop
      vertex 77.4319 -3.5 78.5
      vertex 84 0 78.5
      vertex 83.2814 -10.9642 78.5
    endloop
  endfacet
  facet normal 0 0 -1
    outer loop
      vertex 69.7083 -3.5 78.5
      vertex 83.2814 -10.9642 78.5
      vertex 81.1378 -21.7408 78.5
    endloop
  endfacet
  facet normal 0 0 -1
    outer loop
      vertex 77.4319 3.5 78.5
      vertex 84 0 78.5
      vertex 77.4319 -3.5 78.5
    endloop
  endfacet
  facet normal 0 0 -1
    outer loop
      vertex 55 -14 78.5
      vertex 81.1378 -21.7408 78.5
      vertex 77.6059 -32.1454 78.5
    endloop
  endfacet
  facet normal 0 0 -1
    outer loop
      vertex 84 0 78.5
      vertex 77.4319 3.5 78.5
      vertex 83.2814 10.9642 78.5
    endloop
  endfacet
  facet normal 0 0 -1
    outer loop
      vertex 69.7083 3.5 78.5
      vertex 83.2814 10.9642 78.5
      vertex 77.4319 3.5 78.5
    endloop
  endfacet
  facet normal 0 0 -1
    outer loop
      vertex 55 -14 78.5
      vertex 77.6059 -32.1454 78.5
      vertex 72.7461 -42 78.5
    endloop
  endfacet
  facet normal 0 0 -1
    outer loop
      vertex 83.2814 -10.9642 78.5
      vertex 69.7083 -3.5 78.5
      vertex 77.4319 -3.5 78.5
    endloop
  endfacet
  facet normal 0 0 -1
    outer loop
      vertex 81.1378 -21.7408 78.5
      vertex 55 -14 78.5
      vertex 69.7083 -3.5 78.5
    endloop
  endfacet
  facet normal 0 0 -1
    outer loop
      vertex 55 -14 78.5
      vertex 72.7461 -42 78.5
      vertex 66.6417 -51.136 78.5
    endloop
  endfacet
  facet normal -0 0 -1
    outer loop
      vertex 83.2814 10.9642 78.5
      vertex 69.7083 3.5 78.5
      vertex 81.1378 21.7408 78.5
    endloop
  endfacet
  facet normal 0 0 -1
    outer loop
      vertex 55 14 78.5
      vertex 81.1378 21.7408 78.5
      vertex 69.7083 3.5 78.5
    endloop
  endfacet
  facet normal -0 0 -1
    outer loop
      vertex 81.1378 21.7408 78.5
      vertex 55 14 78.5
      vertex 77.6059 32.1454 78.5
    endloop
  endfacet
  facet normal -0 0 -1
    outer loop
      vertex 77.6059 32.1454 78.5
      vertex 55 14 78.5
      vertex 72.7461 42 78.5
    endloop
  endfacet
  facet normal -0 0 -1
    outer loop
      vertex 69.7083 -3.5 78.5
      vertex 55 -14 78.5
      vertex 69.7083 3.5 78.5
    endloop
  endfacet
  facet normal 0 0 -1
    outer loop
      vertex 35.7009 -27.3943 78.5
      vertex 66.6417 -51.136 78.5
      vertex 59.397 -59.397 78.5
    endloop
  endfacet
  facet normal 0 0 -1
    outer loop
      vertex 55 14 78.5
      vertex 69.7083 3.5 78.5
      vertex 55 -14 78.5
    endloop
  endfacet
  facet normal 0 0 -1
    outer loop
      vertex 38.9711 22.5 78.5
      vertex 72.7461 42 78.5
      vertex 55 14 78.5
    endloop
  endfacet
  facet normal 0 0 -1
    outer loop
      vertex 31.8198 -31.8198 78.5
      vertex 59.397 -59.397 78.5
      vertex 51.136 -66.6417 78.5
    endloop
  endfacet
  facet normal 0 0 -1
    outer loop
      vertex 66.6417 -51.136 78.5
      vertex 35.7009 -27.3943 78.5
      vertex 38.9711 -22.5 78.5
    endloop
  endfacet
  facet normal 0 0 -1
    outer loop
      vertex 27.3943 -35.7009 78.5
      vertex 51.136 -66.6417 78.5
      vertex 42 -72.7461 78.5
    endloop
  endfacet
  facet normal -0 0 -1
    outer loop
      vertex 55 -14 78.5
      vertex 41.5746 -17.2208 78.5
      vertex 42.6679 -14 78.5
    endloop
  endfacet
  facet normal 0 0 -1
    outer loop
      vertex 55 -14 78.5
      vertex 38.9711 -22.5 78.5
      vertex 41.5746 -17.2208 78.5
    endloop
  endfacet
  facet normal 0 0 -1
    outer loop
      vertex 66.6417 -51.136 78.5
      vertex 38.9711 -22.5 78.5
      vertex 55 -14 78.5
    endloop
  endfacet
  facet normal 0 0 -1
    outer loop
      vertex 22.5 -38.9711 78.5
      vertex 42 -72.7461 78.5
      vertex 32.1454 -77.6059 78.5
    endloop
  endfacet
  facet normal 0 0 -1
    outer loop
      vertex 59.397 -59.397 78.5
      vertex 31.8198 -31.8198 78.5
      vertex 35.7009 -27.3943 78.5
    endloop
  endfacet
  facet normal 0 0 -1
    outer loop
      vertex 51.136 -66.6417 78.5
      vertex 27.3943 -35.7009 78.5
      vertex 31.8198 -31.8198 78.5
    endloop
  endfacet
  facet normal 0 0 -1
    outer loop
      vertex 42 -72.7461 78.5
      vertex 22.5 -38.9711 78.5
      vertex 27.3943 -35.7009 78.5
    endloop
  endfacet
  facet normal 0 0 -1
    outer loop
      vertex 17.2208 -41.5746 78.5
      vertex 32.1454 -77.6059 78.5
      vertex 21.7408 -81.1378 78.5
    endloop
  endfacet
  facet normal 0 0 -1
    outer loop
      vertex 32.1454 -77.6059 78.5
      vertex 17.2208 -41.5746 78.5
      vertex 22.5 -38.9711 78.5
    endloop
  endfacet
  facet normal 0 0 -1
    outer loop
      vertex 21.7408 -81.1378 78.5
      vertex 11.6469 -43.4667 78.5
      vertex 17.2208 -41.5746 78.5
    endloop
  endfacet
  facet normal 0 0 -1
    outer loop
      vertex 10.9642 -83.2814 78.5
      vertex 11.6469 -43.4667 78.5
      vertex 21.7408 -81.1378 78.5
    endloop
  endfacet
  facet normal 0 0 -1
    outer loop
      vertex 10.9642 -83.2814 78.5
      vertex 5.87368 -44.615 78.5
      vertex 11.6469 -43.4667 78.5
    endloop
  endfacet
  facet normal 0 0 -1
    outer loop
      vertex 0 -84 78.5
      vertex 5.87368 -44.615 78.5
      vertex 10.9642 -83.2814 78.5
    endloop
  endfacet
  facet normal 0 0 -1
    outer loop
      vertex 0 -84 78.5
      vertex 0 -45 78.5
      vertex 5.87368 -44.615 78.5
    endloop
  endfacet
  facet normal 0 0 -1
    outer loop
      vertex 0 -84 78.5
      vertex -5.87368 -44.615 78.5
      vertex 0 -45 78.5
    endloop
  endfacet
  facet normal 0 0 -1
    outer loop
      vertex -10.9642 -83.2814 78.5
      vertex -5.87368 -44.615 78.5
      vertex 0 -84 78.5
    endloop
  endfacet
  facet normal 0 0 -1
    outer loop
      vertex -10.9642 -83.2814 78.5
      vertex -11.6469 -43.4667 78.5
      vertex -5.87368 -44.615 78.5
    endloop
  endfacet
  facet normal 0 0 -1
    outer loop
      vertex -21.7408 -81.1378 78.5
      vertex -11.6469 -43.4667 78.5
      vertex -10.9642 -83.2814 78.5
    endloop
  endfacet
  facet normal -0 0 -1
    outer loop
      vertex -11.6469 -43.4667 78.5
      vertex -21.7408 -81.1378 78.5
      vertex -17.2208 -41.5746 78.5
    endloop
  endfacet
  facet normal 0 0 -1
    outer loop
      vertex -32.1454 -77.6059 78.5
      vertex -17.2208 -41.5746 78.5
      vertex -21.7408 -81.1378 78.5
    endloop
  endfacet
  facet normal -0 0 -1
    outer loop
      vertex -17.2208 -41.5746 78.5
      vertex -32.1454 -77.6059 78.5
      vertex -22.5 -38.9711 78.5
    endloop
  endfacet
  facet normal 0 0 -1
    outer loop
      vertex -42 -72.7461 78.5
      vertex -22.5 -38.9711 78.5
      vertex -32.1454 -77.6059 78.5
    endloop
  endfacet
  facet normal -0 0 -1
    outer loop
      vertex -22.5 -38.9711 78.5
      vertex -42 -72.7461 78.5
      vertex -27.3943 -35.7009 78.5
    endloop
  endfacet
  facet normal 0 0 -1
    outer loop
      vertex -51.136 -66.6417 78.5
      vertex -27.3943 -35.7009 78.5
      vertex -42 -72.7461 78.5
    endloop
  endfacet
  facet normal -0 0 -1
    outer loop
      vertex -27.3943 -35.7009 78.5
      vertex -51.136 -66.6417 78.5
      vertex -31.8198 -31.8198 78.5
    endloop
  endfacet
  facet normal 0 0 -1
    outer loop
      vertex -59.397 -59.397 78.5
      vertex -31.8198 -31.8198 78.5
      vertex -51.136 -66.6417 78.5
    endloop
  endfacet
  facet normal -0 0 -1
    outer loop
      vertex -31.8198 -31.8198 78.5
      vertex -59.397 -59.397 78.5
      vertex -35.7009 -27.3943 78.5
    endloop
  endfacet
  facet normal 0 0 -1
    outer loop
      vertex -66.6417 -51.136 78.5
      vertex -35.7009 -27.3943 78.5
      vertex -59.397 -59.397 78.5
    endloop
  endfacet
  facet normal -0 0 -1
    outer loop
      vertex -35.7009 -27.3943 78.5
      vertex -66.6417 -51.136 78.5
      vertex -38.9711 -22.5 78.5
    endloop
  endfacet
  facet normal 0 0 -1
    outer loop
      vertex -38.9711 -22.5 78.5
      vertex -55 -14 78.5
      vertex -41.5746 -17.2208 78.5
    endloop
  endfacet
  facet normal 0 0 -1
    outer loop
      vertex -72.7461 -42 78.5
      vertex -38.9711 -22.5 78.5
      vertex -66.6417 -51.136 78.5
    endloop
  endfacet
  facet normal 0 0 -1
    outer loop
      vertex -41.5746 -17.2208 78.5
      vertex -55 -14 78.5
      vertex -42.6679 -14 78.5
    endloop
  endfacet
  facet normal 0.896871 -0.442292 0
    outer loop
      vertex 72.7461 -42 81.5
      vertex 77.6059 -32.1454 78.5
      vertex 77.6059 -32.1454 81.5
    endloop
  endfacet
  facet normal 0.896871 -0.442292 0
    outer loop
      vertex 77.6059 -32.1454 78.5
      vertex 72.7461 -42 81.5
      vertex 72.7461 -42 78.5
    endloop
  endfacet
  facet normal 0.321441 -0.94693 0
    outer loop
      vertex 21.7408 -81.1378 78.5
      vertex 32.1454 -77.6059 81.5
      vertex 21.7408 -81.1378 81.5
    endloop
  endfacet
  facet normal 0.321441 -0.94693 0
    outer loop
      vertex 32.1454 -77.6059 81.5
      vertex 21.7408 -81.1378 78.5
      vertex 32.1454 -77.6059 78.5
    endloop
  endfacet
  facet normal -0.19509 0.980785 0
    outer loop
      vertex -10.9642 83.2814 78.5
      vertex -21.7408 81.1378 81.5
      vertex -10.9642 83.2814 81.5
    endloop
  endfacet
  facet normal -0.19509 0.980785 0
    outer loop
      vertex -21.7408 81.1378 81.5
      vertex -10.9642 83.2814 78.5
      vertex -21.7408 81.1378 78.5
    endloop
  endfacet
  facet normal -0.0654003 -0.997859 0
    outer loop
      vertex -10.9642 -83.2814 78.5
      vertex 0 -84 81.5
      vertex -10.9642 -83.2814 81.5
    endloop
  endfacet
  facet normal -0.0654003 -0.997859 -0
    outer loop
      vertex 0 -84 81.5
      vertex -10.9642 -83.2814 78.5
      vertex 0 -84 78.5
    endloop
  endfacet
  facet normal -0.555565 -0.831473 0
    outer loop
      vertex -51.136 -66.6417 78.5
      vertex -42 -72.7461 81.5
      vertex -51.136 -66.6417 81.5
    endloop
  endfacet
  facet normal -0.555565 -0.831473 -0
    outer loop
      vertex -42 -72.7461 81.5
      vertex -51.136 -66.6417 78.5
      vertex -42 -72.7461 78.5
    endloop
  endfacet
  facet normal -0.94693 0.321441 0
    outer loop
      vertex -81.1378 21.7408 78.5
      vertex -77.6059 32.1454 81.5
      vertex -77.6059 32.1454 78.5
    endloop
  endfacet
  facet normal -0.94693 0.321441 0
    outer loop
      vertex -77.6059 32.1454 81.5
      vertex -81.1378 21.7408 78.5
      vertex -81.1378 21.7408 81.5
    endloop
  endfacet
  facet normal -0.896871 0.442292 0
    outer loop
      vertex -77.6059 32.1454 78.5
      vertex -72.7461 42 81.5
      vertex -72.7461 42 78.5
    endloop
  endfacet
  facet normal -0.896871 0.442292 0
    outer loop
      vertex -72.7461 42 81.5
      vertex -77.6059 32.1454 78.5
      vertex -77.6059 32.1454 81.5
    endloop
  endfacet
  facet normal -0.75184 -0.659346 0
    outer loop
      vertex -59.397 -59.397 78.5
      vertex -66.6417 -51.136 81.5
      vertex -66.6417 -51.136 78.5
    endloop
  endfacet
  facet normal -0.75184 -0.659346 0
    outer loop
      vertex -66.6417 -51.136 81.5
      vertex -59.397 -59.397 78.5
      vertex -59.397 -59.397 81.5
    endloop
  endfacet
  facet normal -0.831473 0.555565 0
    outer loop
      vertex -72.7461 42 78.5
      vertex -66.6417 51.136 81.5
      vertex -66.6417 51.136 78.5
    endloop
  endfacet
  facet normal -0.831473 0.555565 0
    outer loop
      vertex -66.6417 51.136 81.5
      vertex -72.7461 42 78.5
      vertex -72.7461 42 81.5
    endloop
  endfacet
  facet normal -0.659346 -0.75184 0
    outer loop
      vertex -59.397 -59.397 78.5
      vertex -51.136 -66.6417 81.5
      vertex -59.397 -59.397 81.5
    endloop
  endfacet
  facet normal -0.659346 -0.75184 -0
    outer loop
      vertex -51.136 -66.6417 81.5
      vertex -59.397 -59.397 78.5
      vertex -51.136 -66.6417 78.5
    endloop
  endfacet
  facet normal -0.321442 0.946929 0
    outer loop
      vertex 17.2208 -41.5746 78.5
      vertex 11.6469 -43.4667 81.5
      vertex 17.2208 -41.5746 81.5
    endloop
  endfacet
  facet normal -0.321442 0.946929 0
    outer loop
      vertex 11.6469 -43.4667 81.5
      vertex 17.2208 -41.5746 78.5
      vertex 11.6469 -43.4667 78.5
    endloop
  endfacet
  facet normal -0.831475 -0.555562 0
    outer loop
      vertex 38.9711 22.5 78.5
      vertex 35.7009 27.3943 81.5
      vertex 35.7009 27.3943 78.5
    endloop
  endfacet
  facet normal -0.831475 -0.555562 0
    outer loop
      vertex 35.7009 27.3943 81.5
      vertex 38.9711 22.5 78.5
      vertex 38.9711 22.5 81.5
    endloop
  endfacet
  facet normal 0.896867 -0.442301 0
    outer loop
      vertex -41.5746 17.2208 81.5
      vertex -38.9711 22.5 78.5
      vertex -38.9711 22.5 81.5
    endloop
  endfacet
  facet normal 0.896867 -0.442301 0
    outer loop
      vertex -38.9711 22.5 78.5
      vertex -41.5746 17.2208 81.5
      vertex -41.5746 17.2208 78.5
    endloop
  endfacet
  facet normal 0.555562 -0.831475 0
    outer loop
      vertex -27.3943 35.7009 78.5
      vertex -22.5 38.9711 81.5
      vertex -27.3943 35.7009 81.5
    endloop
  endfacet
  facet normal 0.555562 -0.831475 0
    outer loop
      vertex -22.5 38.9711 81.5
      vertex -27.3943 35.7009 78.5
      vertex -22.5 38.9711 78.5
    endloop
  endfacet
  facet normal 0.65935 -0.751836 0
    outer loop
      vertex -31.8198 31.8198 78.5
      vertex -27.3943 35.7009 81.5
      vertex -31.8198 31.8198 81.5
    endloop
  endfacet
  facet normal 0.65935 -0.751836 0
    outer loop
      vertex -27.3943 35.7009 81.5
      vertex -31.8198 31.8198 78.5
      vertex -27.3943 35.7009 78.5
    endloop
  endfacet
  facet normal 0.751836 -0.65935 0
    outer loop
      vertex -35.7009 27.3943 81.5
      vertex -31.8198 31.8198 78.5
      vertex -31.8198 31.8198 81.5
    endloop
  endfacet
  facet normal 0.751836 -0.65935 0
    outer loop
      vertex -31.8198 31.8198 78.5
      vertex -35.7009 27.3943 81.5
      vertex -35.7009 27.3943 78.5
    endloop
  endfacet
  facet normal -0.946931 0.321436 0
    outer loop
      vertex 41.5746 -17.2208 78.5
      vertex 42.6679 -14 81.5
      vertex 42.6679 -14 78.5
    endloop
  endfacet
  facet normal -0.946931 0.321436 0
    outer loop
      vertex 42.6679 -14 81.5
      vertex 41.5746 -17.2208 78.5
      vertex 41.5746 -17.2208 81.5
    endloop
  endfacet
  facet normal -0.555562 -0.831475 0
    outer loop
      vertex 22.5 38.9711 78.5
      vertex 27.3943 35.7009 81.5
      vertex 22.5 38.9711 81.5
    endloop
  endfacet
  facet normal -0.555562 -0.831475 -0
    outer loop
      vertex 27.3943 35.7009 81.5
      vertex 22.5 38.9711 78.5
      vertex 27.3943 35.7009 78.5
    endloop
  endfacet
  facet normal 0.321442 0.946929 -0
    outer loop
      vertex -11.6469 -43.4667 78.5
      vertex -17.2208 -41.5746 81.5
      vertex -11.6469 -43.4667 81.5
    endloop
  endfacet
  facet normal 0.321442 0.946929 0
    outer loop
      vertex -17.2208 -41.5746 81.5
      vertex -11.6469 -43.4667 78.5
      vertex -17.2208 -41.5746 78.5
    endloop
  endfacet
  facet normal 0.751836 0.65935 0
    outer loop
      vertex -31.8198 -31.8198 81.5
      vertex -35.7009 -27.3943 78.5
      vertex -35.7009 -27.3943 81.5
    endloop
  endfacet
  facet normal 0.751836 0.65935 0
    outer loop
      vertex -35.7009 -27.3943 78.5
      vertex -31.8198 -31.8198 81.5
      vertex -31.8198 -31.8198 78.5
    endloop
  endfacet
  facet normal -0.19508 0.980787 0
    outer loop
      vertex 11.6469 -43.4667 78.5
      vertex 5.87368 -44.615 81.5
      vertex 11.6469 -43.4667 81.5
    endloop
  endfacet
  facet normal -0.19508 0.980787 0
    outer loop
      vertex 5.87368 -44.615 81.5
      vertex 11.6469 -43.4667 78.5
      vertex 5.87368 -44.615 78.5
    endloop
  endfacet
  facet normal 0.321442 -0.946929 0
    outer loop
      vertex -17.2208 41.5746 78.5
      vertex -11.6469 43.4667 80
      vertex -17.2208 41.5746 80
    endloop
  endfacet
  facet normal 0.321442 -0.946929 0
    outer loop
      vertex -11.6469 43.4667 80
      vertex -17.2208 41.5746 78.5
      vertex -11.6469 43.4667 78.5
    endloop
  endfacet
  facet normal 0.831475 0.555562 0
    outer loop
      vertex -35.7009 -27.3943 81.5
      vertex -38.9711 -22.5 78.5
      vertex -38.9711 -22.5 81.5
    endloop
  endfacet
  facet normal 0.831475 0.555562 0
    outer loop
      vertex -38.9711 -22.5 78.5
      vertex -35.7009 -27.3943 81.5
      vertex -35.7009 -27.3943 78.5
    endloop
  endfacet
  facet normal -0.555562 0.831475 0
    outer loop
      vertex 27.3943 -35.7009 78.5
      vertex 22.5 -38.9711 81.5
      vertex 27.3943 -35.7009 81.5
    endloop
  endfacet
  facet normal -0.555562 0.831475 0
    outer loop
      vertex 22.5 -38.9711 81.5
      vertex 27.3943 -35.7009 78.5
      vertex 22.5 -38.9711 78.5
    endloop
  endfacet
  facet normal 0.946931 -0.321436 0
    outer loop
      vertex -42.6679 14 81.5
      vertex -41.5746 17.2208 78.5
      vertex -41.5746 17.2208 81.5
    endloop
  endfacet
  facet normal 0.946931 -0.321436 0
    outer loop
      vertex -41.5746 17.2208 78.5
      vertex -42.6679 14 81.5
      vertex -42.6679 14 78.5
    endloop
  endfacet
  facet normal -0.321442 -0.946929 0
    outer loop
      vertex 11.6469 43.4667 78.5
      vertex 17.2208 41.5746 80
      vertex 11.6469 43.4667 80
    endloop
  endfacet
  facet normal -0.321442 -0.946929 -0
    outer loop
      vertex 17.2208 41.5746 80
      vertex 11.6469 43.4667 78.5
      vertex 17.2208 41.5746 78.5
    endloop
  endfacet
  facet normal -0.0654063 -0.997859 0
    outer loop
      vertex 0 45 78.5
      vertex 5.87368 44.615 80
      vertex 0 45 80
    endloop
  endfacet
  facet normal -0.0654063 -0.997859 -0
    outer loop
      vertex 5.87368 44.615 80
      vertex 0 45 78.5
      vertex 5.87368 44.615 78.5
    endloop
  endfacet
  facet normal 0.442299 -0.896868 0
    outer loop
      vertex -22.5 38.9711 81.5
      vertex -17.5 41.4369 80
      vertex -17.5 41.4369 81.5
    endloop
  endfacet
  facet normal 0.442299 -0.896868 0
    outer loop
      vertex -22.5 38.9711 78.5
      vertex -17.5 41.4369 80
      vertex -22.5 38.9711 81.5
    endloop
  endfacet
  facet normal 0.442301 -0.896867 -5.50887e-06
    outer loop
      vertex -17.2208 41.5746 78.5
      vertex -17.5 41.4369 80
      vertex -22.5 38.9711 78.5
    endloop
  endfacet
  facet normal 0.442324 -0.896855 0
    outer loop
      vertex -17.5 41.4369 80
      vertex -17.2208 41.5746 78.5
      vertex -17.2208 41.5746 80
    endloop
  endfacet
  facet normal -0.831475 0.555562 0
    outer loop
      vertex 35.7009 -27.3943 78.5
      vertex 38.9711 -22.5 81.5
      vertex 38.9711 -22.5 78.5
    endloop
  endfacet
  facet normal -0.831475 0.555562 0
    outer loop
      vertex 38.9711 -22.5 81.5
      vertex 35.7009 -27.3943 78.5
      vertex 35.7009 -27.3943 81.5
    endloop
  endfacet
  facet normal 0.946931 0.321436 0
    outer loop
      vertex -41.5746 -17.2208 81.5
      vertex -42.6679 -14 78.5
      vertex -42.6679 -14 81.5
    endloop
  endfacet
  facet normal 0.946931 0.321436 0
    outer loop
      vertex -42.6679 -14 78.5
      vertex -41.5746 -17.2208 81.5
      vertex -41.5746 -17.2208 78.5
    endloop
  endfacet
  facet normal 0.65935 0.751836 -0
    outer loop
      vertex -27.3943 -35.7009 78.5
      vertex -31.8198 -31.8198 81.5
      vertex -27.3943 -35.7009 81.5
    endloop
  endfacet
  facet normal 0.65935 0.751836 0
    outer loop
      vertex -31.8198 -31.8198 81.5
      vertex -27.3943 -35.7009 78.5
      vertex -31.8198 -31.8198 78.5
    endloop
  endfacet
  facet normal -0.442324 -0.896855 -0
    outer loop
      vertex 17.2208 41.5746 80
      vertex 17.2208 41.5746 78.5
      vertex 17.5 41.4369 80
    endloop
  endfacet
  facet normal -0.442299 -0.896868 0
    outer loop
      vertex 17.5 41.4369 80
      vertex 22.5 38.9711 81.5
      vertex 17.5 41.4369 81.5
    endloop
  endfacet
  facet normal -0.442301 -0.896867 -5.50887e-06
    outer loop
      vertex 22.5 38.9711 78.5
      vertex 17.5 41.4369 80
      vertex 17.2208 41.5746 78.5
    endloop
  endfacet
  facet normal -0.442299 -0.896868 0
    outer loop
      vertex 17.5 41.4369 80
      vertex 22.5 38.9711 78.5
      vertex 22.5 38.9711 81.5
    endloop
  endfacet
  facet normal 0.19508 -0.980787 0
    outer loop
      vertex -11.6469 43.4667 78.5
      vertex -5.87368 44.615 80
      vertex -11.6469 43.4667 80
    endloop
  endfacet
  facet normal 0.19508 -0.980787 0
    outer loop
      vertex -5.87368 44.615 80
      vertex -11.6469 43.4667 78.5
      vertex -5.87368 44.615 78.5
    endloop
  endfacet
  facet normal -0.751836 -0.65935 0
    outer loop
      vertex 35.7009 27.3943 78.5
      vertex 31.8198 31.8198 81.5
      vertex 31.8198 31.8198 78.5
    endloop
  endfacet
  facet normal -0.751836 -0.65935 0
    outer loop
      vertex 31.8198 31.8198 81.5
      vertex 35.7009 27.3943 78.5
      vertex 35.7009 27.3943 81.5
    endloop
  endfacet
  facet normal -0.19508 -0.980787 0
    outer loop
      vertex 5.87368 44.615 78.5
      vertex 11.6469 43.4667 80
      vertex 5.87368 44.615 80
    endloop
  endfacet
  facet normal -0.19508 -0.980787 -0
    outer loop
      vertex 11.6469 43.4667 80
      vertex 5.87368 44.615 78.5
      vertex 11.6469 43.4667 78.5
    endloop
  endfacet
  facet normal -0.751836 0.65935 0
    outer loop
      vertex 31.8198 -31.8198 78.5
      vertex 35.7009 -27.3943 81.5
      vertex 35.7009 -27.3943 78.5
    endloop
  endfacet
  facet normal -0.751836 0.65935 0
    outer loop
      vertex 35.7009 -27.3943 81.5
      vertex 31.8198 -31.8198 78.5
      vertex 31.8198 -31.8198 81.5
    endloop
  endfacet
  facet normal 0.442301 0.896867 -0
    outer loop
      vertex -17.2208 -41.5746 78.5
      vertex -22.5 -38.9711 81.5
      vertex -17.2208 -41.5746 81.5
    endloop
  endfacet
  facet normal 0.442301 0.896867 0
    outer loop
      vertex -22.5 -38.9711 81.5
      vertex -17.2208 -41.5746 78.5
      vertex -22.5 -38.9711 78.5
    endloop
  endfacet
  facet normal 0.0654063 -0.997859 0
    outer loop
      vertex -5.87368 44.615 78.5
      vertex 0 45 80
      vertex -5.87368 44.615 80
    endloop
  endfacet
  facet normal 0.0654063 -0.997859 0
    outer loop
      vertex 0 45 80
      vertex -5.87368 44.615 78.5
      vertex 0 45 78.5
    endloop
  endfacet
  facet normal -0.0654063 0.997859 0
    outer loop
      vertex 5.87368 -44.615 78.5
      vertex 0 -45 81.5
      vertex 5.87368 -44.615 81.5
    endloop
  endfacet
  facet normal -0.0654063 0.997859 0
    outer loop
      vertex 0 -45 81.5
      vertex 5.87368 -44.615 78.5
      vertex 0 -45 78.5
    endloop
  endfacet
  facet normal -0.442301 0.896867 0
    outer loop
      vertex 22.5 -38.9711 78.5
      vertex 17.2208 -41.5746 81.5
      vertex 22.5 -38.9711 81.5
    endloop
  endfacet
  facet normal -0.442301 0.896867 0
    outer loop
      vertex 17.2208 -41.5746 81.5
      vertex 22.5 -38.9711 78.5
      vertex 17.2208 -41.5746 78.5
    endloop
  endfacet
  facet normal -0.65935 0.751836 0
    outer loop
      vertex 31.8198 -31.8198 78.5
      vertex 27.3943 -35.7009 81.5
      vertex 31.8198 -31.8198 81.5
    endloop
  endfacet
  facet normal -0.65935 0.751836 0
    outer loop
      vertex 27.3943 -35.7009 81.5
      vertex 31.8198 -31.8198 78.5
      vertex 27.3943 -35.7009 78.5
    endloop
  endfacet
  facet normal 0.896867 0.442301 0
    outer loop
      vertex -38.9711 -22.5 81.5
      vertex -41.5746 -17.2208 78.5
      vertex -41.5746 -17.2208 81.5
    endloop
  endfacet
  facet normal 0.896867 0.442301 0
    outer loop
      vertex -41.5746 -17.2208 78.5
      vertex -38.9711 -22.5 81.5
      vertex -38.9711 -22.5 78.5
    endloop
  endfacet
  facet normal -0.896867 0.442301 0
    outer loop
      vertex 38.9711 -22.5 78.5
      vertex 41.5746 -17.2208 81.5
      vertex 41.5746 -17.2208 78.5
    endloop
  endfacet
  facet normal -0.896867 0.442301 0
    outer loop
      vertex 41.5746 -17.2208 81.5
      vertex 38.9711 -22.5 78.5
      vertex 38.9711 -22.5 81.5
    endloop
  endfacet
  facet normal -0.65935 -0.751836 0
    outer loop
      vertex 27.3943 35.7009 78.5
      vertex 31.8198 31.8198 81.5
      vertex 27.3943 35.7009 81.5
    endloop
  endfacet
  facet normal -0.65935 -0.751836 -0
    outer loop
      vertex 31.8198 31.8198 81.5
      vertex 27.3943 35.7009 78.5
      vertex 31.8198 31.8198 78.5
    endloop
  endfacet
  facet normal 0.555562 0.831475 -0
    outer loop
      vertex -22.5 -38.9711 78.5
      vertex -27.3943 -35.7009 81.5
      vertex -22.5 -38.9711 81.5
    endloop
  endfacet
  facet normal 0.555562 0.831475 0
    outer loop
      vertex -27.3943 -35.7009 81.5
      vertex -22.5 -38.9711 78.5
      vertex -27.3943 -35.7009 78.5
    endloop
  endfacet
  facet normal -0.896867 -0.442301 0
    outer loop
      vertex 41.5746 17.2208 78.5
      vertex 38.9711 22.5 81.5
      vertex 38.9711 22.5 78.5
    endloop
  endfacet
  facet normal -0.896867 -0.442301 0
    outer loop
      vertex 38.9711 22.5 81.5
      vertex 41.5746 17.2208 78.5
      vertex 41.5746 17.2208 81.5
    endloop
  endfacet
  facet normal -0.946931 -0.321436 0
    outer loop
      vertex 42.6679 14 78.5
      vertex 41.5746 17.2208 81.5
      vertex 41.5746 17.2208 78.5
    endloop
  endfacet
  facet normal -0.946931 -0.321436 0
    outer loop
      vertex 41.5746 17.2208 81.5
      vertex 42.6679 14 78.5
      vertex 42.6679 14 81.5
    endloop
  endfacet
  facet normal 0.19508 0.980787 -0
    outer loop
      vertex -5.87368 -44.615 78.5
      vertex -11.6469 -43.4667 81.5
      vertex -5.87368 -44.615 81.5
    endloop
  endfacet
  facet normal 0.19508 0.980787 0
    outer loop
      vertex -11.6469 -43.4667 81.5
      vertex -5.87368 -44.615 78.5
      vertex -11.6469 -43.4667 78.5
    endloop
  endfacet
  facet normal 0.831475 -0.555562 0
    outer loop
      vertex -38.9711 22.5 81.5
      vertex -35.7009 27.3943 78.5
      vertex -35.7009 27.3943 81.5
    endloop
  endfacet
  facet normal 0.831475 -0.555562 0
    outer loop
      vertex -35.7009 27.3943 78.5
      vertex -38.9711 22.5 81.5
      vertex -38.9711 22.5 78.5
    endloop
  endfacet
  facet normal 0.0654063 0.997859 -0
    outer loop
      vertex 0 -45 78.5
      vertex -5.87368 -44.615 81.5
      vertex 0 -45 81.5
    endloop
  endfacet
  facet normal 0.0654063 0.997859 0
    outer loop
      vertex -5.87368 -44.615 81.5
      vertex 0 -45 78.5
      vertex -5.87368 -44.615 78.5
    endloop
  endfacet
  facet normal 1 0 0
    outer loop
      vertex 21 21 230
      vertex 21 10 -22.3764
      vertex 21 21 -230
    endloop
  endfacet
  facet normal 1 0 0
    outer loop
      vertex 21 21 230
      vertex 21 -10 -22.3764
      vertex 21 10 -22.3764
    endloop
  endfacet
  facet normal 1 0 0
    outer loop
      vertex 21 -21 -230
      vertex 21 -10 -22.3764
      vertex 21 -21 230
    endloop
  endfacet
  facet normal 1 -0 0
    outer loop
      vertex 21 -21 230
      vertex 21 -10 -22.3764
      vertex 21 21 230
    endloop
  endfacet
  facet normal 1 -0 0
    outer loop
      vertex 21 10 -60.8967
      vertex 21 21 -230
      vertex 21 10 -22.3764
    endloop
  endfacet
  facet normal 1 -0 0
    outer loop
      vertex 21 -10 -60.8967
      vertex 21 21 -230
      vertex 21 10 -60.8967
    endloop
  endfacet
  facet normal 1 0 0
    outer loop
      vertex 21 -10 -60.8967
      vertex 21 -21 -230
      vertex 21 21 -230
    endloop
  endfacet
  facet normal 1 0 0
    outer loop
      vertex 21 -10 -22.3764
      vertex 21 -21 -230
      vertex 21 -10 -60.8967
    endloop
  endfacet
  facet normal 0 0 1
    outer loop
      vertex 21 21 230
      vertex 12 0 230
      vertex 21 -21 230
    endloop
  endfacet
  facet normal 0 0 1
    outer loop
      vertex 21 21 230
      vertex 11.8973 1.56631 230
      vertex 12 0 230
    endloop
  endfacet
  facet normal 0 0 1
    outer loop
      vertex 21 21 230
      vertex 11.5911 3.10583 230
      vertex 11.8973 1.56631 230
    endloop
  endfacet
  facet normal 0 0 1
    outer loop
      vertex 21 21 230
      vertex 11.0866 4.5922 230
      vertex 11.5911 3.10583 230
    endloop
  endfacet
  facet normal 0 0 1
    outer loop
      vertex 21 21 230
      vertex 10.3923 6 230
      vertex 11.0866 4.5922 230
    endloop
  endfacet
  facet normal 0 0 1
    outer loop
      vertex 21 21 230
      vertex 9.52024 7.30514 230
      vertex 10.3923 6 230
    endloop
  endfacet
  facet normal 0 0 1
    outer loop
      vertex 21 21 230
      vertex 8.48528 8.48528 230
      vertex 9.52024 7.30514 230
    endloop
  endfacet
  facet normal 0 0 1
    outer loop
      vertex 21 21 230
      vertex 7.30514 9.52024 230
      vertex 8.48528 8.48528 230
    endloop
  endfacet
  facet normal 0 0 1
    outer loop
      vertex 21 21 230
      vertex 6 10.3923 230
      vertex 7.30514 9.52024 230
    endloop
  endfacet
  facet normal 0 0 1
    outer loop
      vertex 21 21 230
      vertex 4.5922 11.0866 230
      vertex 6 10.3923 230
    endloop
  endfacet
  facet normal 0 0 1
    outer loop
      vertex 21 21 230
      vertex 3.10583 11.5911 230
      vertex 4.5922 11.0866 230
    endloop
  endfacet
  facet normal 0 0 1
    outer loop
      vertex 21 21 230
      vertex 1.56631 11.8973 230
      vertex 3.10583 11.5911 230
    endloop
  endfacet
  facet normal 0 0 1
    outer loop
      vertex 21 21 230
      vertex 0 12 230
      vertex 1.56631 11.8973 230
    endloop
  endfacet
  facet normal -0 0 1
    outer loop
      vertex -21 21 230
      vertex 0 12 230
      vertex 21 21 230
    endloop
  endfacet
  facet normal 0 0 1
    outer loop
      vertex 0 12 230
      vertex -21 21 230
      vertex -1.56631 11.8973 230
    endloop
  endfacet
  facet normal 0 0 1
    outer loop
      vertex -1.56631 11.8973 230
      vertex -21 21 230
      vertex -3.10583 11.5911 230
    endloop
  endfacet
  facet normal 0 0 1
    outer loop
      vertex -11.8973 1.56631 230
      vertex -21 21 230
      vertex -12 0 230
    endloop
  endfacet
  facet normal 0 0 1
    outer loop
      vertex -11.5911 3.10583 230
      vertex -21 21 230
      vertex -11.8973 1.56631 230
    endloop
  endfacet
  facet normal 0 0 1
    outer loop
      vertex -11.0866 4.5922 230
      vertex -21 21 230
      vertex -11.5911 3.10583 230
    endloop
  endfacet
  facet normal 0 0 1
    outer loop
      vertex -10.3923 6 230
      vertex -21 21 230
      vertex -11.0866 4.5922 230
    endloop
  endfacet
  facet normal 0 0 1
    outer loop
      vertex -9.52024 7.30514 230
      vertex -21 21 230
      vertex -10.3923 6 230
    endloop
  endfacet
  facet normal 0 0 1
    outer loop
      vertex -8.48528 8.48528 230
      vertex -21 21 230
      vertex -9.52024 7.30514 230
    endloop
  endfacet
  facet normal 0 0 1
    outer loop
      vertex -7.30514 9.52024 230
      vertex -21 21 230
      vertex -8.48528 8.48528 230
    endloop
  endfacet
  facet normal 0 0 1
    outer loop
      vertex -6 10.3923 230
      vertex -21 21 230
      vertex -7.30514 9.52024 230
    endloop
  endfacet
  facet normal 0 0 1
    outer loop
      vertex -4.5922 11.0866 230
      vertex -21 21 230
      vertex -6 10.3923 230
    endloop
  endfacet
  facet normal 0 0 1
    outer loop
      vertex -3.10583 11.5911 230
      vertex -21 21 230
      vertex -4.5922 11.0866 230
    endloop
  endfacet
  facet normal -0 0 1
    outer loop
      vertex 11.8973 -1.56631 230
      vertex 21 -21 230
      vertex 12 0 230
    endloop
  endfacet
  facet normal -0 0 1
    outer loop
      vertex 11.5911 -3.10583 230
      vertex 21 -21 230
      vertex 11.8973 -1.56631 230
    endloop
  endfacet
  facet normal -0 0 1
    outer loop
      vertex 11.0866 -4.5922 230
      vertex 21 -21 230
      vertex 11.5911 -3.10583 230
    endloop
  endfacet
  facet normal -0 0 1
    outer loop
      vertex 10.3923 -6 230
      vertex 21 -21 230
      vertex 11.0866 -4.5922 230
    endloop
  endfacet
  facet normal -0 0 1
    outer loop
      vertex 9.52024 -7.30514 230
      vertex 21 -21 230
      vertex 10.3923 -6 230
    endloop
  endfacet
  facet normal -0 0 1
    outer loop
      vertex 8.48528 -8.48528 230
      vertex 21 -21 230
      vertex 9.52024 -7.30514 230
    endloop
  endfacet
  facet normal -0 0 1
    outer loop
      vertex 7.30514 -9.52024 230
      vertex 21 -21 230
      vertex 8.48528 -8.48528 230
    endloop
  endfacet
  facet normal -0 0 1
    outer loop
      vertex 6 -10.3923 230
      vertex 21 -21 230
      vertex 7.30514 -9.52024 230
    endloop
  endfacet
  facet normal -0 0 1
    outer loop
      vertex 4.5922 -11.0866 230
      vertex 21 -21 230
      vertex 6 -10.3923 230
    endloop
  endfacet
  facet normal -0 0 1
    outer loop
      vertex 3.10583 -11.5911 230
      vertex 21 -21 230
      vertex 4.5922 -11.0866 230
    endloop
  endfacet
  facet normal -0 0 1
    outer loop
      vertex 1.56631 -11.8973 230
      vertex 21 -21 230
      vertex 3.10583 -11.5911 230
    endloop
  endfacet
  facet normal -0 0 1
    outer loop
      vertex 0 -12 230
      vertex 21 -21 230
      vertex 1.56631 -11.8973 230
    endloop
  endfacet
  facet normal 0 0 1
    outer loop
      vertex -21 -21 230
      vertex 0 -12 230
      vertex -1.56631 -11.8973 230
    endloop
  endfacet
  facet normal 0 0 1
    outer loop
      vertex -21 -21 230
      vertex -1.56631 -11.8973 230
      vertex -3.10583 -11.5911 230
    endloop
  endfacet
  facet normal 0 0 1
    outer loop
      vertex -21 -21 230
      vertex -3.10583 -11.5911 230
      vertex -4.5922 -11.0866 230
    endloop
  endfacet
  facet normal 0 0 1
    outer loop
      vertex -21 -21 230
      vertex -12 0 230
      vertex -21 21 230
    endloop
  endfacet
  facet normal 0 0 1
    outer loop
      vertex -12 0 230
      vertex -21 -21 230
      vertex -11.8973 -1.56631 230
    endloop
  endfacet
  facet normal 0 0 1
    outer loop
      vertex -11.8973 -1.56631 230
      vertex -21 -21 230
      vertex -11.5911 -3.10583 230
    endloop
  endfacet
  facet normal 0 0 1
    outer loop
      vertex 0 -12 230
      vertex -21 -21 230
      vertex 21 -21 230
    endloop
  endfacet
  facet normal 0 0 1
    outer loop
      vertex -6 -10.3923 230
      vertex -21 -21 230
      vertex -4.5922 -11.0866 230
    endloop
  endfacet
  facet normal 0 0 1
    outer loop
      vertex -7.30514 -9.52024 230
      vertex -21 -21 230
      vertex -6 -10.3923 230
    endloop
  endfacet
  facet normal 0 0 1
    outer loop
      vertex -8.48528 -8.48528 230
      vertex -21 -21 230
      vertex -7.30514 -9.52024 230
    endloop
  endfacet
  facet normal 0 0 1
    outer loop
      vertex -9.52024 -7.30514 230
      vertex -21 -21 230
      vertex -8.48528 -8.48528 230
    endloop
  endfacet
  facet normal 0 0 1
    outer loop
      vertex -10.3923 -6 230
      vertex -21 -21 230
      vertex -9.52024 -7.30514 230
    endloop
  endfacet
  facet normal 0 0 1
    outer loop
      vertex -11.0866 -4.5922 230
      vertex -21 -21 230
      vertex -10.3923 -6 230
    endloop
  endfacet
  facet normal 0 0 1
    outer loop
      vertex -11.5911 -3.10583 230
      vertex -21 -21 230
      vertex -11.0866 -4.5922 230
    endloop
  endfacet
  facet normal 0 0 -1
    outer loop
      vertex -21 -21 -230
      vertex 21 21 -230
      vertex 21 -21 -230
    endloop
  endfacet
  facet normal -0 0 -1
    outer loop
      vertex 21 21 -230
      vertex -21 -21 -230
      vertex -21 21 -230
    endloop
  endfacet
  facet normal -1 0 0
    outer loop
      vertex -21 10 -22.3764
      vertex -21 21 -230
      vertex -21 10 -60.8967
    endloop
  endfacet
  facet normal -1 0 0
    outer loop
      vertex -21 21 -230
      vertex -21 -10 -60.8967
      vertex -21 10 -60.8967
    endloop
  endfacet
  facet normal -1 -0 0
    outer loop
      vertex -21 -10 -60.8967
      vertex -21 -21 -230
      vertex -21 -10 -22.3764
    endloop
  endfacet
  facet normal -1 0 0
    outer loop
      vertex -21 -21 -230
      vertex -21 -10 -60.8967
      vertex -21 21 -230
    endloop
  endfacet
  facet normal -1 0 0
    outer loop
      vertex -21 21 -230
      vertex -21 10 -22.3764
      vertex -21 21 230
    endloop
  endfacet
  facet normal -1 0 0
    outer loop
      vertex -21 -10 -22.3764
      vertex -21 21 230
      vertex -21 10 -22.3764
    endloop
  endfacet
  facet normal -1 0 0
    outer loop
      vertex -21 -10 -22.3764
      vertex -21 -21 230
      vertex -21 21 230
    endloop
  endfacet
  facet normal -1 0 0
    outer loop
      vertex -21 -21 230
      vertex -21 -10 -22.3764
      vertex -21 -21 -230
    endloop
  endfacet
  facet normal 0 1 -0
    outer loop
      vertex 21 21 -230
      vertex -21 21 230
      vertex 21 21 230
    endloop
  endfacet
  facet normal 0 1 0
    outer loop
      vertex -21 21 230
      vertex 21 21 -230
      vertex -21 21 -230
    endloop
  endfacet
  facet normal 0 -1 0
    outer loop
      vertex -21 -21 -230
      vertex 21 -21 230
      vertex -21 -21 230
    endloop
  endfacet
  facet normal 0 -1 -0
    outer loop
      vertex 21 -21 230
      vertex -21 -21 -230
      vertex 21 -21 -230
    endloop
  endfacet
  facet normal 1 -0 0
    outer loop
      vertex 55 -14 -179
      vertex 55 14 -221
      vertex 55 14 -179
    endloop
  endfacet
  facet normal 1 0 0
    outer loop
      vertex 55 14 -221
      vertex 55 -14 -179
      vertex 55 -14 -221
    endloop
  endfacet
  facet normal -0 0 1
    outer loop
      vertex 27 14 -179
      vertex 55 -14 -179
      vertex 55 14 -179
    endloop
  endfacet
  facet normal 0 0 1
    outer loop
      vertex 55 -14 -179
      vertex 27 14 -179
      vertex 27 -14 -179
    endloop
  endfacet
  facet normal 0 0 -1
    outer loop
      vertex 27 -14 -221
      vertex 55 14 -221
      vertex 55 -14 -221
    endloop
  endfacet
  facet normal -0 0 -1
    outer loop
      vertex 55 14 -221
      vertex 27 -14 -221
      vertex 27 14 -221
    endloop
  endfacet
  facet normal -1 0 0
    outer loop
      vertex 27 -14 -221
      vertex 27 14 -179
      vertex 27 14 -221
    endloop
  endfacet
  facet normal -1 -0 0
    outer loop
      vertex 27 14 -179
      vertex 27 -14 -221
      vertex 27 -14 -179
    endloop
  endfacet
  facet normal 0 1 -0
    outer loop
      vertex 55 14 -221
      vertex 27 14 -179
      vertex 55 14 -179
    endloop
  endfacet
  facet normal 0 1 0
    outer loop
      vertex 27 14 -179
      vertex 55 14 -221
      vertex 27 14 -221
    endloop
  endfacet
  facet normal 0 -1 0
    outer loop
      vertex 27 -14 -221
      vertex 55 -14 -179
      vertex 27 -14 -179
    endloop
  endfacet
  facet normal 0 -1 -0
    outer loop
      vertex 55 -14 -179
      vertex 27 -14 -221
      vertex 55 -14 -221
    endloop
  endfacet
  facet normal 1 -0 0
    outer loop
      vertex -27 -14 -179
      vertex -27 14 -221
      vertex -27 14 -179
    endloop
  endfacet
  facet normal 1 0 0
    outer loop
      vertex -27 14 -221
      vertex -27 -14 -179
      vertex -27 -14 -221
    endloop
  endfacet
  facet normal -0 0 1
    outer loop
      vertex -55 14 -179
      vertex -27 -14 -179
      vertex -27 14 -179
    endloop
  endfacet
  facet normal 0 0 1
    outer loop
      vertex -27 -14 -179
      vertex -55 14 -179
      vertex -55 -14 -179
    endloop
  endfacet
  facet normal 0 0 -1
    outer loop
      vertex -55 -14 -221
      vertex -27 14 -221
      vertex -27 -14 -221
    endloop
  endfacet
  facet normal -0 0 -1
    outer loop
      vertex -27 14 -221
      vertex -55 -14 -221
      vertex -55 14 -221
    endloop
  endfacet
  facet normal -1 0 0
    outer loop
      vertex -55 -14 -221
      vertex -55 14 -179
      vertex -55 14 -221
    endloop
  endfacet
  facet normal -1 -0 0
    outer loop
      vertex -55 14 -179
      vertex -55 -14 -221
      vertex -55 -14 -179
    endloop
  endfacet
  facet normal 0 1 -0
    outer loop
      vertex -27 14 -221
      vertex -55 14 -179
      vertex -27 14 -179
    endloop
  endfacet
  facet normal 0 1 0
    outer loop
      vertex -55 14 -179
      vertex -27 14 -221
      vertex -55 14 -221
    endloop
  endfacet
  facet normal 0 -1 0
    outer loop
      vertex -55 -14 -221
      vertex -27 -14 -179
      vertex -55 -14 -179
    endloop
  endfacet
  facet normal 0 -1 -0
    outer loop
      vertex -27 -14 -179
      vertex -55 -14 -221
      vertex -27 -14 -221
    endloop
  endfacet
  facet normal 1 -0 0
    outer loop
      vertex 55 -14 -124
      vertex 55 14 -166
      vertex 55 14 -124
    endloop
  endfacet
  facet normal 1 0 0
    outer loop
      vertex 55 14 -166
      vertex 55 -14 -124
      vertex 55 -14 -166
    endloop
  endfacet
  facet normal -0 0 1
    outer loop
      vertex 27 14 -124
      vertex 55 -14 -124
      vertex 55 14 -124
    endloop
  endfacet
  facet normal 0 0 1
    outer loop
      vertex 55 -14 -124
      vertex 27 14 -124
      vertex 27 -14 -124
    endloop
  endfacet
  facet normal 0 0 -1
    outer loop
      vertex 27 -14 -166
      vertex 55 14 -166
      vertex 55 -14 -166
    endloop
  endfacet
  facet normal -0 0 -1
    outer loop
      vertex 55 14 -166
      vertex 27 -14 -166
      vertex 27 14 -166
    endloop
  endfacet
  facet normal -1 0 0
    outer loop
      vertex 27 -14 -166
      vertex 27 14 -124
      vertex 27 14 -166
    endloop
  endfacet
  facet normal -1 -0 0
    outer loop
      vertex 27 14 -124
      vertex 27 -14 -166
      vertex 27 -14 -124
    endloop
  endfacet
  facet normal 0 1 -0
    outer loop
      vertex 55 14 -166
      vertex 27 14 -124
      vertex 55 14 -124
    endloop
  endfacet
  facet normal 0 1 0
    outer loop
      vertex 27 14 -124
      vertex 55 14 -166
      vertex 27 14 -166
    endloop
  endfacet
  facet normal 0 -1 0
    outer loop
      vertex 27 -14 -166
      vertex 55 -14 -124
      vertex 27 -14 -124
    endloop
  endfacet
  facet normal 0 -1 -0
    outer loop
      vertex 55 -14 -124
      vertex 27 -14 -166
      vertex 55 -14 -166
    endloop
  endfacet
  facet normal 1 -0 0
    outer loop
      vertex -27 -14 -124
      vertex -27 14 -166
      vertex -27 14 -124
    endloop
  endfacet
  facet normal 1 0 0
    outer loop
      vertex -27 14 -166
      vertex -27 -14 -124
      vertex -27 -14 -166
    endloop
  endfacet
  facet normal -0 0 1
    outer loop
      vertex -55 14 -124
      vertex -27 -14 -124
      vertex -27 14 -124
    endloop
  endfacet
  facet normal 0 0 1
    outer loop
      vertex -27 -14 -124
      vertex -55 14 -124
      vertex -55 -14 -124
    endloop
  endfacet
  facet normal 0 0 -1
    outer loop
      vertex -55 -14 -166
      vertex -27 14 -166
      vertex -27 -14 -166
    endloop
  endfacet
  facet normal -0 0 -1
    outer loop
      vertex -27 14 -166
      vertex -55 -14 -166
      vertex -55 14 -166
    endloop
  endfacet
  facet normal -1 0 0
    outer loop
      vertex -55 -14 -166
      vertex -55 14 -124
      vertex -55 14 -166
    endloop
  endfacet
  facet normal -1 -0 0
    outer loop
      vertex -55 14 -124
      vertex -55 -14 -166
      vertex -55 -14 -124
    endloop
  endfacet
  facet normal 0 1 -0
    outer loop
      vertex -27 14 -166
      vertex -55 14 -124
      vertex -27 14 -124
    endloop
  endfacet
  facet normal 0 1 0
    outer loop
      vertex -55 14 -124
      vertex -27 14 -166
      vertex -55 14 -166
    endloop
  endfacet
  facet normal 0 -1 0
    outer loop
      vertex -55 -14 -166
      vertex -27 -14 -124
      vertex -55 -14 -124
    endloop
  endfacet
  facet normal 0 -1 -0
    outer loop
      vertex -27 -14 -124
      vertex -55 -14 -166
      vertex -27 -14 -166
    endloop
  endfacet
  facet normal 1 0 0
    outer loop
      vertex 55 -10 -69
      vertex 55 -14 -69
      vertex 55 -10 -71.3726
    endloop
  endfacet
  facet normal 1 0 0
    outer loop
      vertex 55 10 -71.3726
      vertex 55 14 -69
      vertex 55 10 -69
    endloop
  endfacet
  facet normal 1 0 0
    outer loop
      vertex 55 14 -69
      vertex 55 10 -71.3726
      vertex 55 14 -78.5
    endloop
  endfacet
  facet normal 1 -0 0
    outer loop
      vertex 55 -10 -71.3726
      vertex 55 14 -78.5
      vertex 55 10 -71.3726
    endloop
  endfacet
  facet normal 1 0 0
    outer loop
      vertex 55 -10 -71.3726
      vertex 55 -14 -78.5
      vertex 55 14 -78.5
    endloop
  endfacet
  facet normal 1 0 0
    outer loop
      vertex 55 -14 -78.5
      vertex 55 -10 -71.3726
      vertex 55 -14 -69
    endloop
  endfacet
  facet normal 1 -0 0
    outer loop
      vertex 55 -14 -81.5
      vertex 55 14 -111
      vertex 55 14 -81.5
    endloop
  endfacet
  facet normal 1 0 0
    outer loop
      vertex 55 14 -111
      vertex 55 -14 -81.5
      vertex 55 -14 -111
    endloop
  endfacet
  facet normal 0 0 1
    outer loop
      vertex 55 14 -69
      vertex 50.1888 10 -69
      vertex 55 10 -69
    endloop
  endfacet
  facet normal 0 0 1
    outer loop
      vertex 50.1888 10 -69
      vertex 27 14 -69
      vertex 50.1888 -10 -69
    endloop
  endfacet
  facet normal -0 0 1
    outer loop
      vertex 27 14 -69
      vertex 50.1888 10 -69
      vertex 55 14 -69
    endloop
  endfacet
  facet normal -0 0 1
    outer loop
      vertex 50.1888 -10 -69
      vertex 55 -14 -69
      vertex 55 -10 -69
    endloop
  endfacet
  facet normal 0 0 1
    outer loop
      vertex 50.1888 -10 -69
      vertex 27 -14 -69
      vertex 55 -14 -69
    endloop
  endfacet
  facet normal 0 0 1
    outer loop
      vertex 27 -14 -69
      vertex 50.1888 -10 -69
      vertex 27 14 -69
    endloop
  endfacet
  facet normal 0 0 -1
    outer loop
      vertex 27 -14 -111
      vertex 55 14 -111
      vertex 55 -14 -111
    endloop
  endfacet
  facet normal -0 0 -1
    outer loop
      vertex 55 14 -111
      vertex 27 -14 -111
      vertex 27 14 -111
    endloop
  endfacet
  facet normal -1 0 0
    outer loop
      vertex 27 -14 -111
      vertex 27 14 -69
      vertex 27 14 -111
    endloop
  endfacet
  facet normal -1 -0 0
    outer loop
      vertex 27 14 -69
      vertex 27 -14 -111
      vertex 27 -14 -69
    endloop
  endfacet
  facet normal 0 1 0
    outer loop
      vertex 55 14 -81.5
      vertex 55 14 -111
      vertex 42.6679 14 -81.5
    endloop
  endfacet
  facet normal 0 1 0
    outer loop
      vertex 42.6679 14 -78.5
      vertex 55 14 -69
      vertex 55 14 -78.5
    endloop
  endfacet
  facet normal 0 1 0
    outer loop
      vertex 55 14 -69
      vertex 42.6679 14 -78.5
      vertex 27 14 -69
    endloop
  endfacet
  facet normal 0 1 -0
    outer loop
      vertex 42.6679 14 -81.5
      vertex 27 14 -69
      vertex 42.6679 14 -78.5
    endloop
  endfacet
  facet normal 0 1 0
    outer loop
      vertex 27 14 -111
      vertex 42.6679 14 -81.5
      vertex 55 14 -111
    endloop
  endfacet
  facet normal 0 1 0
    outer loop
      vertex 42.6679 14 -81.5
      vertex 27 14 -111
      vertex 27 14 -69
    endloop
  endfacet
  facet normal 0 -1 0
    outer loop
      vertex 27 -14 -69
      vertex 42.6679 -14 -78.5
      vertex 55 -14 -69
    endloop
  endfacet
  facet normal 0 -1 0
    outer loop
      vertex 27 -14 -69
      vertex 42.6679 -14 -81.5
      vertex 42.6679 -14 -78.5
    endloop
  endfacet
  facet normal 0 -1 0
    outer loop
      vertex 27 -14 -111
      vertex 42.6679 -14 -81.5
      vertex 27 -14 -69
    endloop
  endfacet
  facet normal 0 -1 0
    outer loop
      vertex 55 -14 -111
      vertex 42.6679 -14 -81.5
      vertex 27 -14 -111
    endloop
  endfacet
  facet normal 0 -1 0
    outer loop
      vertex 42.6679 -14 -81.5
      vertex 55 -14 -111
      vertex 55 -14 -81.5
    endloop
  endfacet
  facet normal 0 -1 -0
    outer loop
      vertex 55 -14 -69
      vertex 42.6679 -14 -78.5
      vertex 55 -14 -78.5
    endloop
  endfacet
  facet normal 1 -0 0
    outer loop
      vertex -27 -14 -69
      vertex -27 14 -111
      vertex -27 14 -69
    endloop
  endfacet
  facet normal 1 0 0
    outer loop
      vertex -27 14 -111
      vertex -27 -14 -69
      vertex -27 -14 -111
    endloop
  endfacet
  facet normal 0 0 1
    outer loop
      vertex -27 14 -69
      vertex -50.1888 10 -69
      vertex -27 -14 -69
    endloop
  endfacet
  facet normal -0 0 1
    outer loop
      vertex -55 14 -69
      vertex -50.1888 10 -69
      vertex -27 14 -69
    endloop
  endfacet
  facet normal 0 0 1
    outer loop
      vertex -50.1888 10 -69
      vertex -55 14 -69
      vertex -55 10 -69
    endloop
  endfacet
  facet normal -0 0 1
    outer loop
      vertex -50.1888 -10 -69
      vertex -27 -14 -69
      vertex -50.1888 10 -69
    endloop
  endfacet
  facet normal 0 0 1
    outer loop
      vertex -55 -14 -69
      vertex -50.1888 -10 -69
      vertex -55 -10 -69
    endloop
  endfacet
  facet normal 0 0 1
    outer loop
      vertex -50.1888 -10 -69
      vertex -55 -14 -69
      vertex -27 -14 -69
    endloop
  endfacet
  facet normal 0 0 -1
    outer loop
      vertex -55 -14 -111
      vertex -27 14 -111
      vertex -27 -14 -111
    endloop
  endfacet
  facet normal -0 0 -1
    outer loop
      vertex -27 14 -111
      vertex -55 -14 -111
      vertex -55 14 -111
    endloop
  endfacet
  facet normal -1 0 0
    outer loop
      vertex -55 14 -78.5
      vertex -55 10 -71.3726
      vertex -55 14 -69
    endloop
  endfacet
  facet normal -1 0 0
    outer loop
      vertex -55 14 -78.5
      vertex -55 -10 -71.3726
      vertex -55 10 -71.3726
    endloop
  endfacet
  facet normal -1 0 0
    outer loop
      vertex -55 -14 -78.5
      vertex -55 -10 -71.3726
      vertex -55 14 -78.5
    endloop
  endfacet
  facet normal -1 0 0
    outer loop
      vertex -55 -14 -69
      vertex -55 -10 -71.3726
      vertex -55 -14 -78.5
    endloop
  endfacet
  facet normal -1 0 0
    outer loop
      vertex -55 -10 -71.3726
      vertex -55 -14 -69
      vertex -55 -10 -69
    endloop
  endfacet
  facet normal -1 -0 0
    outer loop
      vertex -55 14 -69
      vertex -55 10 -71.3726
      vertex -55 10 -69
    endloop
  endfacet
  facet normal -1 0 0
    outer loop
      vertex -55 -14 -111
      vertex -55 14 -81.5
      vertex -55 14 -111
    endloop
  endfacet
  facet normal -1 -0 0
    outer loop
      vertex -55 14 -81.5
      vertex -55 -14 -111
      vertex -55 -14 -81.5
    endloop
  endfacet
  facet normal 0 1 0
    outer loop
      vertex -27 14 -69
      vertex -42.6679 14 -78.5
      vertex -55 14 -69
    endloop
  endfacet
  facet normal 0 1 0
    outer loop
      vertex -27 14 -69
      vertex -42.6679 14 -81.5
      vertex -42.6679 14 -78.5
    endloop
  endfacet
  facet normal 0 1 -0
    outer loop
      vertex -27 14 -111
      vertex -42.6679 14 -81.5
      vertex -27 14 -69
    endloop
  endfacet
  facet normal 0 1 0
    outer loop
      vertex -55 14 -111
      vertex -42.6679 14 -81.5
      vertex -27 14 -111
    endloop
  endfacet
  facet normal 0 1 0
    outer loop
      vertex -42.6679 14 -81.5
      vertex -55 14 -111
      vertex -55 14 -81.5
    endloop
  endfacet
  facet normal 0 1 0
    outer loop
      vertex -55 14 -69
      vertex -42.6679 14 -78.5
      vertex -55 14 -78.5
    endloop
  endfacet
  facet normal 0 -1 0
    outer loop
      vertex -55 -14 -81.5
      vertex -55 -14 -111
      vertex -42.6679 -14 -81.5
    endloop
  endfacet
  facet normal 0 -1 0
    outer loop
      vertex -42.6679 -14 -78.5
      vertex -55 -14 -69
      vertex -55 -14 -78.5
    endloop
  endfacet
  facet normal 0 -1 0
    outer loop
      vertex -55 -14 -69
      vertex -42.6679 -14 -78.5
      vertex -27 -14 -69
    endloop
  endfacet
  facet normal 0 -1 0
    outer loop
      vertex -42.6679 -14 -81.5
      vertex -27 -14 -69
      vertex -42.6679 -14 -78.5
    endloop
  endfacet
  facet normal 0 -1 0
    outer loop
      vertex -27 -14 -111
      vertex -42.6679 -14 -81.5
      vertex -55 -14 -111
    endloop
  endfacet
  facet normal 0 -1 0
    outer loop
      vertex -42.6679 -14 -81.5
      vertex -27 -14 -111
      vertex -27 -14 -69
    endloop
  endfacet
  facet normal 1 0 0
    outer loop
      vertex 55 14 -14
      vertex 55 10 -30.5806
      vertex 55 14 -56
    endloop
  endfacet
  facet normal 1 0 0
    outer loop
      vertex 55 14 -14
      vertex 55 -10 -30.5806
      vertex 55 10 -30.5806
    endloop
  endfacet
  facet normal 1 -0 0
    outer loop
      vertex 55 -14 -14
      vertex 55 -10 -30.5806
      vertex 55 14 -14
    endloop
  endfacet
  facet normal 1 0 0
    outer loop
      vertex 55 -14 -56
      vertex 55 -10 -30.5806
      vertex 55 -14 -14
    endloop
  endfacet
  facet normal 1 0 0
    outer loop
      vertex 55 -10 -30.5806
      vertex 55 -14 -56
      vertex 55 -10 -56
    endloop
  endfacet
  facet normal 1 0 0
    outer loop
      vertex 55 14 -56
      vertex 55 10 -30.5806
      vertex 55 10 -56
    endloop
  endfacet
  facet normal -0 0 1
    outer loop
      vertex 27 14 -14
      vertex 55 -14 -14
      vertex 55 14 -14
    endloop
  endfacet
  facet normal 0 0 1
    outer loop
      vertex 55 -14 -14
      vertex 27 14 -14
      vertex 27 -14 -14
    endloop
  endfacet
  facet normal 0 0 -1
    outer loop
      vertex 27 10 -56
      vertex 55 14 -56
      vertex 55 10 -56
    endloop
  endfacet
  facet normal -0 0 -1
    outer loop
      vertex 55 14 -56
      vertex 27 10 -56
      vertex 27 14 -56
    endloop
  endfacet
  facet normal 0 0 -1
    outer loop
      vertex 27 -14 -56
      vertex 55 -10 -56
      vertex 55 -14 -56
    endloop
  endfacet
  facet normal -0 0 -1
    outer loop
      vertex 55 -10 -56
      vertex 27 -14 -56
      vertex 27 -10 -56
    endloop
  endfacet
  facet normal -1 0 0
    outer loop
      vertex 27 -10 -56
      vertex 27 -14 -56
      vertex 27 -10 -23.4287
    endloop
  endfacet
  facet normal -1 0 0
    outer loop
      vertex 27 10 -23.4287
      vertex 27 14 -56
      vertex 27 10 -56
    endloop
  endfacet
  facet normal -1 0 0
    outer loop
      vertex 27 14 -56
      vertex 27 10 -23.4287
      vertex 27 14 -14
    endloop
  endfacet
  facet normal -1 0 0
    outer loop
      vertex 27 -10 -23.4287
      vertex 27 14 -14
      vertex 27 10 -23.4287
    endloop
  endfacet
  facet normal -1 0 0
    outer loop
      vertex 27 -10 -23.4287
      vertex 27 -14 -14
      vertex 27 14 -14
    endloop
  endfacet
  facet normal -1 0 0
    outer loop
      vertex 27 -14 -14
      vertex 27 -10 -23.4287
      vertex 27 -14 -56
    endloop
  endfacet
  facet normal 0 1 -0
    outer loop
      vertex 55 14 -56
      vertex 27 14 -14
      vertex 55 14 -14
    endloop
  endfacet
  facet normal 0 1 0
    outer loop
      vertex 27 14 -14
      vertex 55 14 -56
      vertex 27 14 -56
    endloop
  endfacet
  facet normal 0 -1 0
    outer loop
      vertex 27 -14 -56
      vertex 55 -14 -14
      vertex 27 -14 -14
    endloop
  endfacet
  facet normal 0 -1 -0
    outer loop
      vertex 55 -14 -14
      vertex 27 -14 -56
      vertex 55 -14 -56
    endloop
  endfacet
  facet normal 1 0 0
    outer loop
      vertex -27 14 -14
      vertex -27 10 -23.4287
      vertex -27 14 -56
    endloop
  endfacet
  facet normal 1 0 0
    outer loop
      vertex -27 14 -14
      vertex -27 -10 -23.4287
      vertex -27 10 -23.4287
    endloop
  endfacet
  facet normal 1 -0 0
    outer loop
      vertex -27 -14 -14
      vertex -27 -10 -23.4287
      vertex -27 14 -14
    endloop
  endfacet
  facet normal 1 0 0
    outer loop
      vertex -27 -14 -56
      vertex -27 -10 -23.4287
      vertex -27 -14 -14
    endloop
  endfacet
  facet normal 1 0 0
    outer loop
      vertex -27 -10 -23.4287
      vertex -27 -14 -56
      vertex -27 -10 -56
    endloop
  endfacet
  facet normal 1 0 0
    outer loop
      vertex -27 14 -56
      vertex -27 10 -23.4287
      vertex -27 10 -56
    endloop
  endfacet
  facet normal -0 0 1
    outer loop
      vertex -55 14 -14
      vertex -27 -14 -14
      vertex -27 14 -14
    endloop
  endfacet
  facet normal 0 0 1
    outer loop
      vertex -27 -14 -14
      vertex -55 14 -14
      vertex -55 -14 -14
    endloop
  endfacet
  facet normal 0 0 -1
    outer loop
      vertex -55 10 -56
      vertex -27 14 -56
      vertex -27 10 -56
    endloop
  endfacet
  facet normal -0 0 -1
    outer loop
      vertex -27 14 -56
      vertex -55 10 -56
      vertex -55 14 -56
    endloop
  endfacet
  facet normal 0 0 -1
    outer loop
      vertex -55 -14 -56
      vertex -27 -10 -56
      vertex -27 -14 -56
    endloop
  endfacet
  facet normal -0 0 -1
    outer loop
      vertex -27 -10 -56
      vertex -55 -14 -56
      vertex -55 -10 -56
    endloop
  endfacet
  facet normal -1 0 0
    outer loop
      vertex -55 -10 -56
      vertex -55 -14 -56
      vertex -55 -10 -30.5806
    endloop
  endfacet
  facet normal -1 0 0
    outer loop
      vertex -55 10 -30.5806
      vertex -55 14 -56
      vertex -55 10 -56
    endloop
  endfacet
  facet normal -1 0 0
    outer loop
      vertex -55 14 -56
      vertex -55 10 -30.5806
      vertex -55 14 -14
    endloop
  endfacet
  facet normal -1 0 0
    outer loop
      vertex -55 -10 -30.5806
      vertex -55 14 -14
      vertex -55 10 -30.5806
    endloop
  endfacet
  facet normal -1 0 0
    outer loop
      vertex -55 -10 -30.5806
      vertex -55 -14 -14
      vertex -55 14 -14
    endloop
  endfacet
  facet normal -1 0 0
    outer loop
      vertex -55 -14 -14
      vertex -55 -10 -30.5806
      vertex -55 -14 -56
    endloop
  endfacet
  facet normal 0 1 -0
    outer loop
      vertex -27 14 -56
      vertex -55 14 -14
      vertex -27 14 -14
    endloop
  endfacet
  facet normal 0 1 0
    outer loop
      vertex -55 14 -14
      vertex -27 14 -56
      vertex -55 14 -56
    endloop
  endfacet
  facet normal 0 -1 0
    outer loop
      vertex -55 -14 -56
      vertex -27 -14 -14
      vertex -55 -14 -14
    endloop
  endfacet
  facet normal 0 -1 -0
    outer loop
      vertex -27 -14 -14
      vertex -55 -14 -56
      vertex -27 -14 -56
    endloop
  endfacet
  facet normal 1 -0 0
    outer loop
      vertex 55 -14 41
      vertex 55 14 1.5
      vertex 55 14 41
    endloop
  endfacet
  facet normal 1 0 0
    outer loop
      vertex 55 14 1.5
      vertex 55 -14 41
      vertex 55 -14 1.5
    endloop
  endfacet
  facet normal -0 0 1
    outer loop
      vertex 27 14 41
      vertex 55 -14 41
      vertex 55 14 41
    endloop
  endfacet
  facet normal 0 0 1
    outer loop
      vertex 55 -14 41
      vertex 27 14 41
      vertex 27 -14 41
    endloop
  endfacet
  facet normal 0 0 -1
    outer loop
      vertex 27 -14 -1
      vertex 45 0 -1
      vertex 44.615 -5.87368 -1
    endloop
  endfacet
  facet normal 0 0 -1
    outer loop
      vertex 27 -14 -1
      vertex 44.615 -5.87368 -1
      vertex 43.4667 -11.6469 -1
    endloop
  endfacet
  facet normal 0 0 -1
    outer loop
      vertex 27 14 -1
      vertex 45 0 -1
      vertex 27 -14 -1
    endloop
  endfacet
  facet normal 0 0 -1
    outer loop
      vertex 27 -14 -1
      vertex 43.4667 -11.6469 -1
      vertex 42.6679 -14 -1
    endloop
  endfacet
  facet normal 0 0 -1
    outer loop
      vertex 45 0 -1
      vertex 27 14 -1
      vertex 44.615 5.87368 -1
    endloop
  endfacet
  facet normal 0 0 -1
    outer loop
      vertex 44.615 5.87368 -1
      vertex 27 14 -1
      vertex 43.4667 11.6469 -1
    endloop
  endfacet
  facet normal 0 0 -1
    outer loop
      vertex 43.4667 11.6469 -1
      vertex 27 14 -1
      vertex 42.6679 14 -1
    endloop
  endfacet
  facet normal -1 0 0
    outer loop
      vertex 27 -14 -1
      vertex 27 14 41
      vertex 27 14 -1
    endloop
  endfacet
  facet normal -1 -0 0
    outer loop
      vertex 27 14 41
      vertex 27 -14 -1
      vertex 27 -14 41
    endloop
  endfacet
  facet normal 0 1 0
    outer loop
      vertex 42.6679 14 1.5
      vertex 55 14 41
      vertex 55 14 1.5
    endloop
  endfacet
  facet normal 0 1 0
    outer loop
      vertex 55 14 41
      vertex 42.6679 14 1.5
      vertex 27 14 41
    endloop
  endfacet
  facet normal 0 1 0
    outer loop
      vertex 27 14 -1
      vertex 42.6679 14 1.5
      vertex 42.6679 14 -1
    endloop
  endfacet
  facet normal 0 1 0
    outer loop
      vertex 42.6679 14 1.5
      vertex 27 14 -1
      vertex 27 14 41
    endloop
  endfacet
  facet normal 0 -1 0
    outer loop
      vertex 27 -14 41
      vertex 42.6679 -14 1.5
      vertex 55 -14 41
    endloop
  endfacet
  facet normal 0 -1 0
    outer loop
      vertex 27 -14 -1
      vertex 42.6679 -14 1.5
      vertex 27 -14 41
    endloop
  endfacet
  facet normal 0 -1 -0
    outer loop
      vertex 42.6679 -14 1.5
      vertex 27 -14 -1
      vertex 42.6679 -14 -1
    endloop
  endfacet
  facet normal 0 -1 -0
    outer loop
      vertex 55 -14 41
      vertex 42.6679 -14 1.5
      vertex 55 -14 1.5
    endloop
  endfacet
  facet normal 1 -0 0
    outer loop
      vertex -27 -14 41
      vertex -27 14 -1
      vertex -27 14 41
    endloop
  endfacet
  facet normal 1 0 0
    outer loop
      vertex -27 14 -1
      vertex -27 -14 41
      vertex -27 -14 -1
    endloop
  endfacet
  facet normal -0 0 1
    outer loop
      vertex -55 14 41
      vertex -27 -14 41
      vertex -27 14 41
    endloop
  endfacet
  facet normal 0 0 1
    outer loop
      vertex -27 -14 41
      vertex -55 14 41
      vertex -55 -14 41
    endloop
  endfacet
  facet normal 0 0 -1
    outer loop
      vertex -43.4667 -11.6469 -1
      vertex -27 -14 -1
      vertex -42.6679 -14 -1
    endloop
  endfacet
  facet normal 0 0 -1
    outer loop
      vertex -44.615 -5.87368 -1
      vertex -27 -14 -1
      vertex -43.4667 -11.6469 -1
    endloop
  endfacet
  facet normal 0 0 -1
    outer loop
      vertex -45 0 -1
      vertex -27 -14 -1
      vertex -44.615 -5.87368 -1
    endloop
  endfacet
  facet normal 0 0 -1
    outer loop
      vertex -27 -14 -1
      vertex -45 0 -1
      vertex -27 14 -1
    endloop
  endfacet
  facet normal 0 -0 -1
    outer loop
      vertex -43.4667 11.6469 -1
      vertex -27 14 -1
      vertex -44.615 5.87368 -1
    endloop
  endfacet
  facet normal -0 0 -1
    outer loop
      vertex -27 14 -1
      vertex -43.4667 11.6469 -1
      vertex -42.6679 14 -1
    endloop
  endfacet
  facet normal 0 0 -1
    outer loop
      vertex -27 14 -1
      vertex -45 0 -1
      vertex -44.615 5.87368 -1
    endloop
  endfacet
  facet normal -1 0 0
    outer loop
      vertex -55 -14 1.5
      vertex -55 14 41
      vertex -55 14 1.5
    endloop
  endfacet
  facet normal -1 -0 0
    outer loop
      vertex -55 14 41
      vertex -55 -14 1.5
      vertex -55 -14 41
    endloop
  endfacet
  facet normal 0 1 0
    outer loop
      vertex -27 14 41
      vertex -42.6679 14 1.5
      vertex -55 14 41
    endloop
  endfacet
  facet normal 0 1 -0
    outer loop
      vertex -27 14 -1
      vertex -42.6679 14 1.5
      vertex -27 14 41
    endloop
  endfacet
  facet normal 0 1 0
    outer loop
      vertex -42.6679 14 1.5
      vertex -27 14 -1
      vertex -42.6679 14 -1
    endloop
  endfacet
  facet normal 0 1 0
    outer loop
      vertex -55 14 41
      vertex -42.6679 14 1.5
      vertex -55 14 1.5
    endloop
  endfacet
  facet normal 0 -1 0
    outer loop
      vertex -42.6679 -14 1.5
      vertex -55 -14 41
      vertex -55 -14 1.5
    endloop
  endfacet
  facet normal 0 -1 0
    outer loop
      vertex -55 -14 41
      vertex -42.6679 -14 1.5
      vertex -27 -14 41
    endloop
  endfacet
  facet normal 0 -1 0
    outer loop
      vertex -27 -14 -1
      vertex -42.6679 -14 1.5
      vertex -42.6679 -14 -1
    endloop
  endfacet
  facet normal 0 -1 0
    outer loop
      vertex -42.6679 -14 1.5
      vertex -27 -14 -1
      vertex -27 -14 41
    endloop
  endfacet
  facet normal 1 -0 0
    outer loop
      vertex 55 -14 96
      vertex 55 14 81.5
      vertex 55 14 96
    endloop
  endfacet
  facet normal 1 0 0
    outer loop
      vertex 55 14 81.5
      vertex 55 -14 96
      vertex 55 -14 81.5
    endloop
  endfacet
  facet normal 1 -0 0
    outer loop
      vertex 55 -14 78.5
      vertex 55 14 54
      vertex 55 14 78.5
    endloop
  endfacet
  facet normal 1 0 0
    outer loop
      vertex 55 14 54
      vertex 55 -14 78.5
      vertex 55 -14 54
    endloop
  endfacet
  facet normal -0 0 1
    outer loop
      vertex 27 14 96
      vertex 55 -14 96
      vertex 55 14 96
    endloop
  endfacet
  facet normal 0 0 1
    outer loop
      vertex 55 -14 96
      vertex 27 14 96
      vertex 27 -14 96
    endloop
  endfacet
  facet normal 0 0 -1
    outer loop
      vertex 27 -14 54
      vertex 55 14 54
      vertex 55 -14 54
    endloop
  endfacet
  facet normal -0 0 -1
    outer loop
      vertex 55 14 54
      vertex 27 -14 54
      vertex 27 14 54
    endloop
  endfacet
  facet normal -1 0 0
    outer loop
      vertex 27 -14 54
      vertex 27 14 96
      vertex 27 14 54
    endloop
  endfacet
  facet normal -1 -0 0
    outer loop
      vertex 27 14 96
      vertex 27 -14 54
      vertex 27 -14 96
    endloop
  endfacet
  facet normal 0 1 0
    outer loop
      vertex 55 14 78.5
      vertex 55 14 54
      vertex 42.6679 14 78.5
    endloop
  endfacet
  facet normal 0 1 0
    outer loop
      vertex 42.6679 14 81.5
      vertex 55 14 96
      vertex 55 14 81.5
    endloop
  endfacet
  facet normal 0 1 0
    outer loop
      vertex 55 14 96
      vertex 42.6679 14 81.5
      vertex 27 14 96
    endloop
  endfacet
  facet normal 0 1 -0
    outer loop
      vertex 42.6679 14 78.5
      vertex 27 14 96
      vertex 42.6679 14 81.5
    endloop
  endfacet
  facet normal 0 1 0
    outer loop
      vertex 27 14 54
      vertex 42.6679 14 78.5
      vertex 55 14 54
    endloop
  endfacet
  facet normal 0 1 0
    outer loop
      vertex 42.6679 14 78.5
      vertex 27 14 54
      vertex 27 14 96
    endloop
  endfacet
  facet normal 0 -1 0
    outer loop
      vertex 27 -14 96
      vertex 42.6679 -14 81.5
      vertex 55 -14 96
    endloop
  endfacet
  facet normal 0 -1 0
    outer loop
      vertex 27 -14 96
      vertex 42.6679 -14 78.5
      vertex 42.6679 -14 81.5
    endloop
  endfacet
  facet normal 0 -1 0
    outer loop
      vertex 27 -14 54
      vertex 42.6679 -14 78.5
      vertex 27 -14 96
    endloop
  endfacet
  facet normal 0 -1 0
    outer loop
      vertex 55 -14 54
      vertex 42.6679 -14 78.5
      vertex 27 -14 54
    endloop
  endfacet
  facet normal 0 -1 0
    outer loop
      vertex 42.6679 -14 78.5
      vertex 55 -14 54
      vertex 55 -14 78.5
    endloop
  endfacet
  facet normal 0 -1 -0
    outer loop
      vertex 55 -14 96
      vertex 42.6679 -14 81.5
      vertex 55 -14 81.5
    endloop
  endfacet
  facet normal 1 -0 0
    outer loop
      vertex -27 -14 96
      vertex -27 14 54
      vertex -27 14 96
    endloop
  endfacet
  facet normal 1 0 0
    outer loop
      vertex -27 14 54
      vertex -27 -14 96
      vertex -27 -14 54
    endloop
  endfacet
  facet normal -0 0 1
    outer loop
      vertex -55 14 96
      vertex -27 -14 96
      vertex -27 14 96
    endloop
  endfacet
  facet normal 0 0 1
    outer loop
      vertex -27 -14 96
      vertex -55 14 96
      vertex -55 -14 96
    endloop
  endfacet
  facet normal 0 0 -1
    outer loop
      vertex -55 -14 54
      vertex -27 14 54
      vertex -27 -14 54
    endloop
  endfacet
  facet normal -0 0 -1
    outer loop
      vertex -27 14 54
      vertex -55 -14 54
      vertex -55 14 54
    endloop
  endfacet
  facet normal -1 0 0
    outer loop
      vertex -55 -14 81.5
      vertex -55 14 96
      vertex -55 14 81.5
    endloop
  endfacet
  facet normal -1 -0 0
    outer loop
      vertex -55 14 96
      vertex -55 -14 81.5
      vertex -55 -14 96
    endloop
  endfacet
  facet normal -1 0 0
    outer loop
      vertex -55 -14 54
      vertex -55 14 78.5
      vertex -55 14 54
    endloop
  endfacet
  facet normal -1 -0 0
    outer loop
      vertex -55 14 78.5
      vertex -55 -14 54
      vertex -55 -14 78.5
    endloop
  endfacet
  facet normal 0 1 0
    outer loop
      vertex -27 14 96
      vertex -42.6679 14 81.5
      vertex -55 14 96
    endloop
  endfacet
  facet normal 0 1 0
    outer loop
      vertex -27 14 96
      vertex -42.6679 14 78.5
      vertex -42.6679 14 81.5
    endloop
  endfacet
  facet normal 0 1 -0
    outer loop
      vertex -27 14 54
      vertex -42.6679 14 78.5
      vertex -27 14 96
    endloop
  endfacet
  facet normal 0 1 0
    outer loop
      vertex -55 14 54
      vertex -42.6679 14 78.5
      vertex -27 14 54
    endloop
  endfacet
  facet normal 0 1 0
    outer loop
      vertex -42.6679 14 78.5
      vertex -55 14 54
      vertex -55 14 78.5
    endloop
  endfacet
  facet normal 0 1 0
    outer loop
      vertex -55 14 96
      vertex -42.6679 14 81.5
      vertex -55 14 81.5
    endloop
  endfacet
  facet normal 0 -1 0
    outer loop
      vertex -55 -14 78.5
      vertex -55 -14 54
      vertex -42.6679 -14 78.5
    endloop
  endfacet
  facet normal 0 -1 0
    outer loop
      vertex -42.6679 -14 81.5
      vertex -55 -14 96
      vertex -55 -14 81.5
    endloop
  endfacet
  facet normal 0 -1 0
    outer loop
      vertex -55 -14 96
      vertex -42.6679 -14 81.5
      vertex -27 -14 96
    endloop
  endfacet
  facet normal 0 -1 0
    outer loop
      vertex -42.6679 -14 78.5
      vertex -27 -14 96
      vertex -42.6679 -14 81.5
    endloop
  endfacet
  facet normal 0 -1 0
    outer loop
      vertex -27 -14 54
      vertex -42.6679 -14 78.5
      vertex -55 -14 54
    endloop
  endfacet
  facet normal 0 -1 0
    outer loop
      vertex -42.6679 -14 78.5
      vertex -27 -14 54
      vertex -27 -14 96
    endloop
  endfacet
  facet normal 1 -0 0
    outer loop
      vertex 55 -14 151
      vertex 55 14 109
      vertex 55 14 151
    endloop
  endfacet
  facet normal 1 0 0
    outer loop
      vertex 55 14 109
      vertex 55 -14 151
      vertex 55 -14 109
    endloop
  endfacet
  facet normal -0 0 1
    outer loop
      vertex 27 14 151
      vertex 55 -14 151
      vertex 55 14 151
    endloop
  endfacet
  facet normal 0 0 1
    outer loop
      vertex 55 -14 151
      vertex 27 14 151
      vertex 27 -14 151
    endloop
  endfacet
  facet normal 0 0 -1
    outer loop
      vertex 27 -14 109
      vertex 55 14 109
      vertex 55 -14 109
    endloop
  endfacet
  facet normal -0 0 -1
    outer loop
      vertex 55 14 109
      vertex 27 -14 109
      vertex 27 14 109
    endloop
  endfacet
  facet normal -1 0 0
    outer loop
      vertex 27 -14 109
      vertex 27 14 151
      vertex 27 14 109
    endloop
  endfacet
  facet normal -1 -0 0
    outer loop
      vertex 27 14 151
      vertex 27 -14 109
      vertex 27 -14 151
    endloop
  endfacet
  facet normal 0 1 -0
    outer loop
      vertex 55 14 109
      vertex 27 14 151
      vertex 55 14 151
    endloop
  endfacet
  facet normal 0 1 0
    outer loop
      vertex 27 14 151
      vertex 55 14 109
      vertex 27 14 109
    endloop
  endfacet
  facet normal 0 -1 0
    outer loop
      vertex 27 -14 109
      vertex 55 -14 151
      vertex 27 -14 151
    endloop
  endfacet
  facet normal 0 -1 -0
    outer loop
      vertex 55 -14 151
      vertex 27 -14 109
      vertex 55 -14 109
    endloop
  endfacet
  facet normal 1 -0 0
    outer loop
      vertex -27 -14 151
      vertex -27 14 109
      vertex -27 14 151
    endloop
  endfacet
  facet normal 1 0 0
    outer loop
      vertex -27 14 109
      vertex -27 -14 151
      vertex -27 -14 109
    endloop
  endfacet
  facet normal -0 0 1
    outer loop
      vertex -55 14 151
      vertex -27 -14 151
      vertex -27 14 151
    endloop
  endfacet
  facet normal 0 0 1
    outer loop
      vertex -27 -14 151
      vertex -55 14 151
      vertex -55 -14 151
    endloop
  endfacet
  facet normal 0 0 -1
    outer loop
      vertex -55 -14 109
      vertex -27 14 109
      vertex -27 -14 109
    endloop
  endfacet
  facet normal -0 0 -1
    outer loop
      vertex -27 14 109
      vertex -55 -14 109
      vertex -55 14 109
    endloop
  endfacet
  facet normal -1 0 0
    outer loop
      vertex -55 -14 109
      vertex -55 14 151
      vertex -55 14 109
    endloop
  endfacet
  facet normal -1 -0 0
    outer loop
      vertex -55 14 151
      vertex -55 -14 109
      vertex -55 -14 151
    endloop
  endfacet
  facet normal 0 1 -0
    outer loop
      vertex -27 14 109
      vertex -55 14 151
      vertex -27 14 151
    endloop
  endfacet
  facet normal 0 1 0
    outer loop
      vertex -55 14 151
      vertex -27 14 109
      vertex -55 14 109
    endloop
  endfacet
  facet normal 0 -1 0
    outer loop
      vertex -55 -14 109
      vertex -27 -14 151
      vertex -55 -14 151
    endloop
  endfacet
  facet normal 0 -1 -0
    outer loop
      vertex -27 -14 151
      vertex -55 -14 109
      vertex -27 -14 109
    endloop
  endfacet
  facet normal 1 -0 0
    outer loop
      vertex 55 -14 206
      vertex 55 14 164
      vertex 55 14 206
    endloop
  endfacet
  facet normal 1 0 0
    outer loop
      vertex 55 14 164
      vertex 55 -14 206
      vertex 55 -14 164
    endloop
  endfacet
  facet normal -0 0 1
    outer loop
      vertex 27 14 206
      vertex 55 -14 206
      vertex 55 14 206
    endloop
  endfacet
  facet normal 0 0 1
    outer loop
      vertex 55 -14 206
      vertex 27 14 206
      vertex 27 -14 206
    endloop
  endfacet
  facet normal 0 0 -1
    outer loop
      vertex 27 -14 164
      vertex 55 14 164
      vertex 55 -14 164
    endloop
  endfacet
  facet normal -0 0 -1
    outer loop
      vertex 55 14 164
      vertex 27 -14 164
      vertex 27 14 164
    endloop
  endfacet
  facet normal -1 0 0
    outer loop
      vertex 27 -14 164
      vertex 27 14 206
      vertex 27 14 164
    endloop
  endfacet
  facet normal -1 -0 0
    outer loop
      vertex 27 14 206
      vertex 27 -14 164
      vertex 27 -14 206
    endloop
  endfacet
  facet normal 0 1 -0
    outer loop
      vertex 55 14 164
      vertex 27 14 206
      vertex 55 14 206
    endloop
  endfacet
  facet normal 0 1 0
    outer loop
      vertex 27 14 206
      vertex 55 14 164
      vertex 27 14 164
    endloop
  endfacet
  facet normal 0 -1 0
    outer loop
      vertex 27 -14 164
      vertex 55 -14 206
      vertex 27 -14 206
    endloop
  endfacet
  facet normal 0 -1 -0
    outer loop
      vertex 55 -14 206
      vertex 27 -14 164
      vertex 55 -14 164
    endloop
  endfacet
  facet normal 1 -0 0
    outer loop
      vertex -27 -14 206
      vertex -27 14 164
      vertex -27 14 206
    endloop
  endfacet
  facet normal 1 0 0
    outer loop
      vertex -27 14 164
      vertex -27 -14 206
      vertex -27 -14 164
    endloop
  endfacet
  facet normal -0 0 1
    outer loop
      vertex -55 14 206
      vertex -27 -14 206
      vertex -27 14 206
    endloop
  endfacet
  facet normal 0 0 1
    outer loop
      vertex -27 -14 206
      vertex -55 14 206
      vertex -55 -14 206
    endloop
  endfacet
  facet normal 0 0 -1
    outer loop
      vertex -55 -14 164
      vertex -27 14 164
      vertex -27 -14 164
    endloop
  endfacet
  facet normal -0 0 -1
    outer loop
      vertex -27 14 164
      vertex -55 -14 164
      vertex -55 14 164
    endloop
  endfacet
  facet normal -1 0 0
    outer loop
      vertex -55 -14 164
      vertex -55 14 206
      vertex -55 14 164
    endloop
  endfacet
  facet normal -1 -0 0
    outer loop
      vertex -55 14 206
      vertex -55 -14 164
      vertex -55 -14 206
    endloop
  endfacet
  facet normal 0 1 -0
    outer loop
      vertex -27 14 164
      vertex -55 14 206
      vertex -27 14 206
    endloop
  endfacet
  facet normal 0 1 0
    outer loop
      vertex -55 14 206
      vertex -27 14 164
      vertex -55 14 164
    endloop
  endfacet
  facet normal 0 -1 0
    outer loop
      vertex -55 -14 164
      vertex -27 -14 206
      vertex -55 -14 206
    endloop
  endfacet
  facet normal 0 -1 -0
    outer loop
      vertex -27 -14 206
      vertex -55 -14 164
      vertex -27 -14 164
    endloop
  endfacet
  facet normal 0 1 -0
    outer loop
      vertex 21.5 100.5 0.75
      vertex -21.5 100.5 1.25
      vertex 21.5 100.5 1.25
    endloop
  endfacet
  facet normal 0 1 0
    outer loop
      vertex -21.5 100.5 1.25
      vertex 21.5 100.5 0.75
      vertex -21.5 100.5 0.75
    endloop
  endfacet
  facet normal -0 0 1
    outer loop
      vertex -21.5 100.5 1.25
      vertex 21.5 99.5 1.25
      vertex 21.5 100.5 1.25
    endloop
  endfacet
  facet normal 0 0 1
    outer loop
      vertex 21.5 99.5 1.25
      vertex -21.5 100.5 1.25
      vertex -21.5 99.5 1.25
    endloop
  endfacet
  facet normal -0 0 1
    outer loop
      vertex -21.5 119.5 0.75
      vertex 21.5 100.5 0.75
      vertex 21.5 119.5 0.75
    endloop
  endfacet
  facet normal 0 0 1
    outer loop
      vertex 21.5 100.5 0.75
      vertex -21.5 119.5 0.75
      vertex -21.5 100.5 0.75
    endloop
  endfacet
  facet normal -0 0 1
    outer loop
      vertex -21.5 139.5 0.75
      vertex 21.5 120.5 0.75
      vertex 21.5 139.5 0.75
    endloop
  endfacet
  facet normal 0 0 1
    outer loop
      vertex 21.5 120.5 0.75
      vertex -21.5 139.5 0.75
      vertex -21.5 120.5 0.75
    endloop
  endfacet
  facet normal -0 0 1
    outer loop
      vertex -21.5 159.5 0.75
      vertex 21.5 140.5 0.75
      vertex 21.5 159.5 0.75
    endloop
  endfacet
  facet normal 0 0 1
    outer loop
      vertex 21.5 140.5 0.75
      vertex -21.5 159.5 0.75
      vertex -21.5 140.5 0.75
    endloop
  endfacet
  facet normal -0 0 1
    outer loop
      vertex -21.5 179.5 0.75
      vertex 21.5 160.5 0.75
      vertex 21.5 179.5 0.75
    endloop
  endfacet
  facet normal 0 0 1
    outer loop
      vertex 21.5 160.5 0.75
      vertex -21.5 179.5 0.75
      vertex -21.5 160.5 0.75
    endloop
  endfacet
  facet normal -0 0 1
    outer loop
      vertex -21.5 199.5 0.75
      vertex 21.5 180.5 0.75
      vertex 21.5 199.5 0.75
    endloop
  endfacet
  facet normal 0 0 1
    outer loop
      vertex 21.5 180.5 0.75
      vertex -21.5 199.5 0.75
      vertex -21.5 180.5 0.75
    endloop
  endfacet
  facet normal -0 0 1
    outer loop
      vertex -21.5 219.5 0.75
      vertex 21.5 200.5 0.75
      vertex 21.5 219.5 0.75
    endloop
  endfacet
  facet normal 0 0 1
    outer loop
      vertex 21.5 200.5 0.75
      vertex -21.5 219.5 0.75
      vertex -21.5 200.5 0.75
    endloop
  endfacet
  facet normal 0 0 1
    outer loop
      vertex 21.5 219.5 0.75
      vertex 22.5 230 0.75
      vertex 21.5 220.5 0.75
    endloop
  endfacet
  facet normal 0 0 1
    outer loop
      vertex 22.5 230 0.75
      vertex -21.5 220.5 0.75
      vertex 21.5 220.5 0.75
    endloop
  endfacet
  facet normal 0 0 1
    outer loop
      vertex -22.5 230 0.75
      vertex -21.5 219.5 0.75
      vertex -21.5 220.5 0.75
    endloop
  endfacet
  facet normal 0 0 1
    outer loop
      vertex -21.5 219.5 0.75
      vertex -22.5 230 0.75
      vertex -21.5 200.5 0.75
    endloop
  endfacet
  facet normal 0 0 1
    outer loop
      vertex -21.5 200.5 0.75
      vertex -22.5 230 0.75
      vertex -21.5 199.5 0.75
    endloop
  endfacet
  facet normal 0 0 1
    outer loop
      vertex -21.5 199.5 0.75
      vertex -22.5 230 0.75
      vertex -21.5 180.5 0.75
    endloop
  endfacet
  facet normal 0 0 1
    outer loop
      vertex -21.5 180.5 0.75
      vertex -22.5 230 0.75
      vertex -21.5 179.5 0.75
    endloop
  endfacet
  facet normal 0 0 1
    outer loop
      vertex -21.5 179.5 0.75
      vertex -22.5 230 0.75
      vertex -21.5 160.5 0.75
    endloop
  endfacet
  facet normal 0 0 1
    outer loop
      vertex -21.5 160.5 0.75
      vertex -22.5 230 0.75
      vertex -21.5 159.5 0.75
    endloop
  endfacet
  facet normal 0 0 1
    outer loop
      vertex -21.5 159.5 0.75
      vertex -22.5 230 0.75
      vertex -21.5 140.5 0.75
    endloop
  endfacet
  facet normal 0 0 1
    outer loop
      vertex -21.5 140.5 0.75
      vertex -22.5 230 0.75
      vertex -21.5 139.5 0.75
    endloop
  endfacet
  facet normal 0 0 1
    outer loop
      vertex -22.5 90 0.75
      vertex -21.5 139.5 0.75
      vertex -22.5 230 0.75
    endloop
  endfacet
  facet normal 0 0 1
    outer loop
      vertex -21.5 139.5 0.75
      vertex -22.5 90 0.75
      vertex -21.5 120.5 0.75
    endloop
  endfacet
  facet normal 0 0 1
    outer loop
      vertex -21.5 120.5 0.75
      vertex -22.5 90 0.75
      vertex -21.5 119.5 0.75
    endloop
  endfacet
  facet normal 0 0 1
    outer loop
      vertex -21.5 119.5 0.75
      vertex -22.5 90 0.75
      vertex -21.5 100.5 0.75
    endloop
  endfacet
  facet normal -0 0 1
    outer loop
      vertex -22.5 230 0.75
      vertex -21.5 220.5 0.75
      vertex 22.5 230 0.75
    endloop
  endfacet
  facet normal 0 0 1
    outer loop
      vertex 21.5 200.5 0.75
      vertex 22.5 230 0.75
      vertex 21.5 219.5 0.75
    endloop
  endfacet
  facet normal 0 0 1
    outer loop
      vertex 21.5 199.5 0.75
      vertex 22.5 230 0.75
      vertex 21.5 200.5 0.75
    endloop
  endfacet
  facet normal 0 0 1
    outer loop
      vertex 21.5 180.5 0.75
      vertex 22.5 230 0.75
      vertex 21.5 199.5 0.75
    endloop
  endfacet
  facet normal 0 0 1
    outer loop
      vertex 22.5 230 0.75
      vertex 21.5 180.5 0.75
      vertex 22.5 90 0.75
    endloop
  endfacet
  facet normal -0 0 1
    outer loop
      vertex 21.5 179.5 0.75
      vertex 22.5 90 0.75
      vertex 21.5 180.5 0.75
    endloop
  endfacet
  facet normal -0 0 1
    outer loop
      vertex 21.5 160.5 0.75
      vertex 22.5 90 0.75
      vertex 21.5 179.5 0.75
    endloop
  endfacet
  facet normal -0 0 1
    outer loop
      vertex 21.5 159.5 0.75
      vertex 22.5 90 0.75
      vertex 21.5 160.5 0.75
    endloop
  endfacet
  facet normal -0 0 1
    outer loop
      vertex 21.5 140.5 0.75
      vertex 22.5 90 0.75
      vertex 21.5 159.5 0.75
    endloop
  endfacet
  facet normal -0 0 1
    outer loop
      vertex 21.5 139.5 0.75
      vertex 22.5 90 0.75
      vertex 21.5 140.5 0.75
    endloop
  endfacet
  facet normal -0 0 1
    outer loop
      vertex 21.5 120.5 0.75
      vertex 22.5 90 0.75
      vertex 21.5 139.5 0.75
    endloop
  endfacet
  facet normal -0 0 1
    outer loop
      vertex 21.5 119.5 0.75
      vertex 22.5 90 0.75
      vertex 21.5 120.5 0.75
    endloop
  endfacet
  facet normal -0 0 1
    outer loop
      vertex 21.5 100.5 0.75
      vertex 22.5 90 0.75
      vertex 21.5 119.5 0.75
    endloop
  endfacet
  facet normal -0 0 1
    outer loop
      vertex 21.5 99.5 0.75
      vertex 22.5 90 0.75
      vertex 21.5 100.5 0.75
    endloop
  endfacet
  facet normal 0 0 1
    outer loop
      vertex 21.5 99.5 0.75
      vertex 0 90 0.75
      vertex 22.5 90 0.75
    endloop
  endfacet
  facet normal -0 0 1
    outer loop
      vertex -21.5 99.5 0.75
      vertex 0 90 0.75
      vertex 21.5 99.5 0.75
    endloop
  endfacet
  facet normal 0 0 1
    outer loop
      vertex -21.5 99.5 0.75
      vertex -22.5 90 0.75
      vertex 0 90 0.75
    endloop
  endfacet
  facet normal 0 0 1
    outer loop
      vertex -21.5 100.5 0.75
      vertex -22.5 90 0.75
      vertex -21.5 99.5 0.75
    endloop
  endfacet
  facet normal 0 -1 0
    outer loop
      vertex -21.5 99.5 0.75
      vertex 21.5 99.5 1.25
      vertex -21.5 99.5 1.25
    endloop
  endfacet
  facet normal 0 -1 -0
    outer loop
      vertex 21.5 99.5 1.25
      vertex -21.5 99.5 0.75
      vertex 21.5 99.5 0.75
    endloop
  endfacet
  facet normal -1 0 0
    outer loop
      vertex -21.5 99.5 0.75
      vertex -21.5 100.5 1.25
      vertex -21.5 100.5 0.75
    endloop
  endfacet
  facet normal -1 -0 0
    outer loop
      vertex -21.5 100.5 1.25
      vertex -21.5 99.5 0.75
      vertex -21.5 99.5 1.25
    endloop
  endfacet
  facet normal 1 -0 0
    outer loop
      vertex 21.5 99.5 1.25
      vertex 21.5 100.5 0.75
      vertex 21.5 100.5 1.25
    endloop
  endfacet
  facet normal 1 0 0
    outer loop
      vertex 21.5 100.5 0.75
      vertex 21.5 99.5 1.25
      vertex 21.5 99.5 0.75
    endloop
  endfacet
  facet normal 0 1 -0
    outer loop
      vertex 21.5 120.5 0.75
      vertex -21.5 120.5 1.25
      vertex 21.5 120.5 1.25
    endloop
  endfacet
  facet normal 0 1 0
    outer loop
      vertex -21.5 120.5 1.25
      vertex 21.5 120.5 0.75
      vertex -21.5 120.5 0.75
    endloop
  endfacet
  facet normal -0 0 1
    outer loop
      vertex -21.5 120.5 1.25
      vertex 21.5 119.5 1.25
      vertex 21.5 120.5 1.25
    endloop
  endfacet
  facet normal 0 0 1
    outer loop
      vertex 21.5 119.5 1.25
      vertex -21.5 120.5 1.25
      vertex -21.5 119.5 1.25
    endloop
  endfacet
  facet normal 0 -1 0
    outer loop
      vertex -21.5 119.5 0.75
      vertex 21.5 119.5 1.25
      vertex -21.5 119.5 1.25
    endloop
  endfacet
  facet normal 0 -1 -0
    outer loop
      vertex 21.5 119.5 1.25
      vertex -21.5 119.5 0.75
      vertex 21.5 119.5 0.75
    endloop
  endfacet
  facet normal -1 0 0
    outer loop
      vertex -21.5 119.5 0.75
      vertex -21.5 120.5 1.25
      vertex -21.5 120.5 0.75
    endloop
  endfacet
  facet normal -1 -0 0
    outer loop
      vertex -21.5 120.5 1.25
      vertex -21.5 119.5 0.75
      vertex -21.5 119.5 1.25
    endloop
  endfacet
  facet normal 1 -0 0
    outer loop
      vertex 21.5 119.5 1.25
      vertex 21.5 120.5 0.75
      vertex 21.5 120.5 1.25
    endloop
  endfacet
  facet normal 1 0 0
    outer loop
      vertex 21.5 120.5 0.75
      vertex 21.5 119.5 1.25
      vertex 21.5 119.5 0.75
    endloop
  endfacet
  facet normal 0 1 -0
    outer loop
      vertex 21.5 140.5 0.75
      vertex -21.5 140.5 1.25
      vertex 21.5 140.5 1.25
    endloop
  endfacet
  facet normal 0 1 0
    outer loop
      vertex -21.5 140.5 1.25
      vertex 21.5 140.5 0.75
      vertex -21.5 140.5 0.75
    endloop
  endfacet
  facet normal -0 0 1
    outer loop
      vertex -21.5 140.5 1.25
      vertex 21.5 139.5 1.25
      vertex 21.5 140.5 1.25
    endloop
  endfacet
  facet normal 0 0 1
    outer loop
      vertex 21.5 139.5 1.25
      vertex -21.5 140.5 1.25
      vertex -21.5 139.5 1.25
    endloop
  endfacet
  facet normal 0 -1 0
    outer loop
      vertex -21.5 139.5 0.75
      vertex 21.5 139.5 1.25
      vertex -21.5 139.5 1.25
    endloop
  endfacet
  facet normal 0 -1 -0
    outer loop
      vertex 21.5 139.5 1.25
      vertex -21.5 139.5 0.75
      vertex 21.5 139.5 0.75
    endloop
  endfacet
  facet normal -1 0 0
    outer loop
      vertex -21.5 139.5 0.75
      vertex -21.5 140.5 1.25
      vertex -21.5 140.5 0.75
    endloop
  endfacet
  facet normal -1 -0 0
    outer loop
      vertex -21.5 140.5 1.25
      vertex -21.5 139.5 0.75
      vertex -21.5 139.5 1.25
    endloop
  endfacet
  facet normal 1 -0 0
    outer loop
      vertex 21.5 139.5 1.25
      vertex 21.5 140.5 0.75
      vertex 21.5 140.5 1.25
    endloop
  endfacet
  facet normal 1 0 0
    outer loop
      vertex 21.5 140.5 0.75
      vertex 21.5 139.5 1.25
      vertex 21.5 139.5 0.75
    endloop
  endfacet
  facet normal 0 1 -0
    outer loop
      vertex 21.5 160.5 0.75
      vertex -21.5 160.5 1.25
      vertex 21.5 160.5 1.25
    endloop
  endfacet
  facet normal 0 1 0
    outer loop
      vertex -21.5 160.5 1.25
      vertex 21.5 160.5 0.75
      vertex -21.5 160.5 0.75
    endloop
  endfacet
  facet normal -0 0 1
    outer loop
      vertex -21.5 160.5 1.25
      vertex 21.5 159.5 1.25
      vertex 21.5 160.5 1.25
    endloop
  endfacet
  facet normal 0 0 1
    outer loop
      vertex 21.5 159.5 1.25
      vertex -21.5 160.5 1.25
      vertex -21.5 159.5 1.25
    endloop
  endfacet
  facet normal 0 -1 0
    outer loop
      vertex -21.5 159.5 0.75
      vertex 21.5 159.5 1.25
      vertex -21.5 159.5 1.25
    endloop
  endfacet
  facet normal 0 -1 -0
    outer loop
      vertex 21.5 159.5 1.25
      vertex -21.5 159.5 0.75
      vertex 21.5 159.5 0.75
    endloop
  endfacet
  facet normal -1 0 0
    outer loop
      vertex -21.5 159.5 0.75
      vertex -21.5 160.5 1.25
      vertex -21.5 160.5 0.75
    endloop
  endfacet
  facet normal -1 -0 0
    outer loop
      vertex -21.5 160.5 1.25
      vertex -21.5 159.5 0.75
      vertex -21.5 159.5 1.25
    endloop
  endfacet
  facet normal 1 -0 0
    outer loop
      vertex 21.5 159.5 1.25
      vertex 21.5 160.5 0.75
      vertex 21.5 160.5 1.25
    endloop
  endfacet
  facet normal 1 0 0
    outer loop
      vertex 21.5 160.5 0.75
      vertex 21.5 159.5 1.25
      vertex 21.5 159.5 0.75
    endloop
  endfacet
  facet normal 0 1 -0
    outer loop
      vertex 21.5 180.5 0.75
      vertex -21.5 180.5 1.25
      vertex 21.5 180.5 1.25
    endloop
  endfacet
  facet normal 0 1 0
    outer loop
      vertex -21.5 180.5 1.25
      vertex 21.5 180.5 0.75
      vertex -21.5 180.5 0.75
    endloop
  endfacet
  facet normal -0 0 1
    outer loop
      vertex -21.5 180.5 1.25
      vertex 21.5 179.5 1.25
      vertex 21.5 180.5 1.25
    endloop
  endfacet
  facet normal 0 0 1
    outer loop
      vertex 21.5 179.5 1.25
      vertex -21.5 180.5 1.25
      vertex -21.5 179.5 1.25
    endloop
  endfacet
  facet normal 0 -1 0
    outer loop
      vertex -21.5 179.5 0.75
      vertex 21.5 179.5 1.25
      vertex -21.5 179.5 1.25
    endloop
  endfacet
  facet normal 0 -1 -0
    outer loop
      vertex 21.5 179.5 1.25
      vertex -21.5 179.5 0.75
      vertex 21.5 179.5 0.75
    endloop
  endfacet
  facet normal -1 0 0
    outer loop
      vertex -21.5 179.5 0.75
      vertex -21.5 180.5 1.25
      vertex -21.5 180.5 0.75
    endloop
  endfacet
  facet normal -1 -0 0
    outer loop
      vertex -21.5 180.5 1.25
      vertex -21.5 179.5 0.75
      vertex -21.5 179.5 1.25
    endloop
  endfacet
  facet normal 1 -0 0
    outer loop
      vertex 21.5 179.5 1.25
      vertex 21.5 180.5 0.75
      vertex 21.5 180.5 1.25
    endloop
  endfacet
  facet normal 1 0 0
    outer loop
      vertex 21.5 180.5 0.75
      vertex 21.5 179.5 1.25
      vertex 21.5 179.5 0.75
    endloop
  endfacet
  facet normal 0 1 -0
    outer loop
      vertex 21.5 200.5 0.75
      vertex -21.5 200.5 1.25
      vertex 21.5 200.5 1.25
    endloop
  endfacet
  facet normal 0 1 0
    outer loop
      vertex -21.5 200.5 1.25
      vertex 21.5 200.5 0.75
      vertex -21.5 200.5 0.75
    endloop
  endfacet
  facet normal -0 0 1
    outer loop
      vertex -21.5 200.5 1.25
      vertex 21.5 199.5 1.25
      vertex 21.5 200.5 1.25
    endloop
  endfacet
  facet normal 0 0 1
    outer loop
      vertex 21.5 199.5 1.25
      vertex -21.5 200.5 1.25
      vertex -21.5 199.5 1.25
    endloop
  endfacet
  facet normal 0 -1 0
    outer loop
      vertex -21.5 199.5 0.75
      vertex 21.5 199.5 1.25
      vertex -21.5 199.5 1.25
    endloop
  endfacet
  facet normal 0 -1 -0
    outer loop
      vertex 21.5 199.5 1.25
      vertex -21.5 199.5 0.75
      vertex 21.5 199.5 0.75
    endloop
  endfacet
  facet normal -1 0 0
    outer loop
      vertex -21.5 199.5 0.75
      vertex -21.5 200.5 1.25
      vertex -21.5 200.5 0.75
    endloop
  endfacet
  facet normal -1 -0 0
    outer loop
      vertex -21.5 200.5 1.25
      vertex -21.5 199.5 0.75
      vertex -21.5 199.5 1.25
    endloop
  endfacet
  facet normal 1 -0 0
    outer loop
      vertex 21.5 199.5 1.25
      vertex 21.5 200.5 0.75
      vertex 21.5 200.5 1.25
    endloop
  endfacet
  facet normal 1 0 0
    outer loop
      vertex 21.5 200.5 0.75
      vertex 21.5 199.5 1.25
      vertex 21.5 199.5 0.75
    endloop
  endfacet
  facet normal 0 1 -0
    outer loop
      vertex 21.5 220.5 0.75
      vertex -21.5 220.5 1.25
      vertex 21.5 220.5 1.25
    endloop
  endfacet
  facet normal 0 1 0
    outer loop
      vertex -21.5 220.5 1.25
      vertex 21.5 220.5 0.75
      vertex -21.5 220.5 0.75
    endloop
  endfacet
  facet normal -0 0 1
    outer loop
      vertex -21.5 220.5 1.25
      vertex 21.5 219.5 1.25
      vertex 21.5 220.5 1.25
    endloop
  endfacet
  facet normal 0 0 1
    outer loop
      vertex 21.5 219.5 1.25
      vertex -21.5 220.5 1.25
      vertex -21.5 219.5 1.25
    endloop
  endfacet
  facet normal 0 -1 0
    outer loop
      vertex -21.5 219.5 0.75
      vertex 21.5 219.5 1.25
      vertex -21.5 219.5 1.25
    endloop
  endfacet
  facet normal 0 -1 -0
    outer loop
      vertex 21.5 219.5 1.25
      vertex -21.5 219.5 0.75
      vertex 21.5 219.5 0.75
    endloop
  endfacet
  facet normal -1 0 0
    outer loop
      vertex -21.5 219.5 0.75
      vertex -21.5 220.5 1.25
      vertex -21.5 220.5 0.75
    endloop
  endfacet
  facet normal -1 -0 0
    outer loop
      vertex -21.5 220.5 1.25
      vertex -21.5 219.5 0.75
      vertex -21.5 219.5 1.25
    endloop
  endfacet
  facet normal 1 -0 0
    outer loop
      vertex 21.5 219.5 1.25
      vertex 21.5 220.5 0.75
      vertex 21.5 220.5 1.25
    endloop
  endfacet
  facet normal 1 0 0
    outer loop
      vertex 21.5 220.5 0.75
      vertex 21.5 219.5 1.25
      vertex 21.5 219.5 0.75
    endloop
  endfacet
  facet normal 0 1 -0
    outer loop
      vertex 22.5 230 -0.75
      vertex -22.5 230 0.75
      vertex 22.5 230 0.75
    endloop
  endfacet
  facet normal 0 1 0
    outer loop
      vertex -22.5 230 0.75
      vertex 22.5 230 -0.75
      vertex -22.5 230 -0.75
    endloop
  endfacet
  facet normal 0 0 -1
    outer loop
      vertex 0 90 -0.75
      vertex 22.5 230 -0.75
      vertex 22.5 90 -0.75
    endloop
  endfacet
  facet normal 0 0 -1
    outer loop
      vertex -22.5 230 -0.75
      vertex 0 90 -0.75
      vertex -22.5 90 -0.75
    endloop
  endfacet
  facet normal 0 0 -1
    outer loop
      vertex 0 90 -0.75
      vertex -22.5 230 -0.75
      vertex 22.5 230 -0.75
    endloop
  endfacet
  facet normal 0 -1 0
    outer loop
      vertex -22.5 90 -0.75
      vertex 0 90 0.75
      vertex -22.5 90 0.75
    endloop
  endfacet
  facet normal 0 -1 -0
    outer loop
      vertex 0 90 0.75
      vertex -22.5 90 -0.75
      vertex 0 90 -0.75
    endloop
  endfacet
  facet normal 0 -1 0
    outer loop
      vertex 0 90 -0.75
      vertex 22.5 90 0.75
      vertex 0 90 0.75
    endloop
  endfacet
  facet normal 0 -1 -0
    outer loop
      vertex 22.5 90 0.75
      vertex 0 90 -0.75
      vertex 22.5 90 -0.75
    endloop
  endfacet
  facet normal -1 0 0
    outer loop
      vertex -22.5 90 -0.75
      vertex -22.5 230 0.75
      vertex -22.5 230 -0.75
    endloop
  endfacet
  facet normal -1 -0 0
    outer loop
      vertex -22.5 230 0.75
      vertex -22.5 90 -0.75
      vertex -22.5 90 0.75
    endloop
  endfacet
  facet normal 1 -0 0
    outer loop
      vertex 22.5 90 0.75
      vertex 22.5 230 -0.75
      vertex 22.5 230 0.75
    endloop
  endfacet
  facet normal 1 0 0
    outer loop
      vertex 22.5 230 -0.75
      vertex 22.5 90 0.75
      vertex 22.5 90 -0.75
    endloop
  endfacet
  facet normal 0 1 -0
    outer loop
      vertex 21.5 -219.5 0.75
      vertex -21.5 -219.5 1.25
      vertex 21.5 -219.5 1.25
    endloop
  endfacet
  facet normal 0 1 0
    outer loop
      vertex -21.5 -219.5 1.25
      vertex 21.5 -219.5 0.75
      vertex -21.5 -219.5 0.75
    endloop
  endfacet
  facet normal -0 0 1
    outer loop
      vertex -21.5 -219.5 1.25
      vertex 21.5 -220.5 1.25
      vertex 21.5 -219.5 1.25
    endloop
  endfacet
  facet normal 0 0 1
    outer loop
      vertex 21.5 -220.5 1.25
      vertex -21.5 -219.5 1.25
      vertex -21.5 -220.5 1.25
    endloop
  endfacet
  facet normal -0 0 1
    outer loop
      vertex -21.5 -200.5 0.75
      vertex 21.5 -219.5 0.75
      vertex 21.5 -200.5 0.75
    endloop
  endfacet
  facet normal 0 0 1
    outer loop
      vertex 21.5 -219.5 0.75
      vertex -21.5 -200.5 0.75
      vertex -21.5 -219.5 0.75
    endloop
  endfacet
  facet normal -0 0 1
    outer loop
      vertex -21.5 -180.5 0.75
      vertex 21.5 -199.5 0.75
      vertex 21.5 -180.5 0.75
    endloop
  endfacet
  facet normal 0 0 1
    outer loop
      vertex 21.5 -199.5 0.75
      vertex -21.5 -180.5 0.75
      vertex -21.5 -199.5 0.75
    endloop
  endfacet
  facet normal -0 0 1
    outer loop
      vertex -21.5 -160.5 0.75
      vertex 21.5 -179.5 0.75
      vertex 21.5 -160.5 0.75
    endloop
  endfacet
  facet normal 0 0 1
    outer loop
      vertex 21.5 -179.5 0.75
      vertex -21.5 -160.5 0.75
      vertex -21.5 -179.5 0.75
    endloop
  endfacet
  facet normal -0 0 1
    outer loop
      vertex -21.5 -140.5 0.75
      vertex 21.5 -159.5 0.75
      vertex 21.5 -140.5 0.75
    endloop
  endfacet
  facet normal 0 0 1
    outer loop
      vertex 21.5 -159.5 0.75
      vertex -21.5 -140.5 0.75
      vertex -21.5 -159.5 0.75
    endloop
  endfacet
  facet normal -0 0 1
    outer loop
      vertex -21.5 -120.5 0.75
      vertex 21.5 -139.5 0.75
      vertex 21.5 -120.5 0.75
    endloop
  endfacet
  facet normal 0 0 1
    outer loop
      vertex 21.5 -139.5 0.75
      vertex -21.5 -120.5 0.75
      vertex -21.5 -139.5 0.75
    endloop
  endfacet
  facet normal -0 0 1
    outer loop
      vertex -21.5 -100.5 0.75
      vertex 21.5 -119.5 0.75
      vertex 21.5 -100.5 0.75
    endloop
  endfacet
  facet normal 0 0 1
    outer loop
      vertex 21.5 -119.5 0.75
      vertex -21.5 -100.5 0.75
      vertex -21.5 -119.5 0.75
    endloop
  endfacet
  facet normal 0 0 1
    outer loop
      vertex 21.5 -100.5 0.75
      vertex 22.5 -90 0.75
      vertex 21.5 -99.5 0.75
    endloop
  endfacet
  facet normal -0 0 1
    outer loop
      vertex 0 -90 0.75
      vertex 21.5 -99.5 0.75
      vertex 22.5 -90 0.75
    endloop
  endfacet
  facet normal 0 0 1
    outer loop
      vertex 0 -90 0.75
      vertex -21.5 -99.5 0.75
      vertex 21.5 -99.5 0.75
    endloop
  endfacet
  facet normal 0 0 1
    outer loop
      vertex -22.5 -90 0.75
      vertex -21.5 -100.5 0.75
      vertex -21.5 -99.5 0.75
    endloop
  endfacet
  facet normal 0 0 1
    outer loop
      vertex -21.5 -100.5 0.75
      vertex -22.5 -90 0.75
      vertex -21.5 -119.5 0.75
    endloop
  endfacet
  facet normal 0 0 1
    outer loop
      vertex -21.5 -119.5 0.75
      vertex -22.5 -90 0.75
      vertex -21.5 -120.5 0.75
    endloop
  endfacet
  facet normal 0 0 1
    outer loop
      vertex -21.5 -120.5 0.75
      vertex -22.5 -90 0.75
      vertex -21.5 -139.5 0.75
    endloop
  endfacet
  facet normal 0 0 1
    outer loop
      vertex -21.5 -139.5 0.75
      vertex -22.5 -90 0.75
      vertex -21.5 -140.5 0.75
    endloop
  endfacet
  facet normal 0 0 1
    outer loop
      vertex -21.5 -140.5 0.75
      vertex -22.5 -90 0.75
      vertex -21.5 -159.5 0.75
    endloop
  endfacet
  facet normal 0 0 1
    outer loop
      vertex -21.5 -159.5 0.75
      vertex -22.5 -90 0.75
      vertex -21.5 -160.5 0.75
    endloop
  endfacet
  facet normal 0 0 1
    outer loop
      vertex -21.5 -160.5 0.75
      vertex -22.5 -90 0.75
      vertex -21.5 -179.5 0.75
    endloop
  endfacet
  facet normal 0 0 1
    outer loop
      vertex -21.5 -179.5 0.75
      vertex -22.5 -90 0.75
      vertex -21.5 -180.5 0.75
    endloop
  endfacet
  facet normal 0 0 1
    outer loop
      vertex -22.5 -230 0.75
      vertex -21.5 -180.5 0.75
      vertex -22.5 -90 0.75
    endloop
  endfacet
  facet normal 0 0 1
    outer loop
      vertex -21.5 -180.5 0.75
      vertex -22.5 -230 0.75
      vertex -21.5 -199.5 0.75
    endloop
  endfacet
  facet normal 0 0 1
    outer loop
      vertex -21.5 -199.5 0.75
      vertex -22.5 -230 0.75
      vertex -21.5 -200.5 0.75
    endloop
  endfacet
  facet normal 0 0 1
    outer loop
      vertex -21.5 -200.5 0.75
      vertex -22.5 -230 0.75
      vertex -21.5 -219.5 0.75
    endloop
  endfacet
  facet normal -0 0 1
    outer loop
      vertex -22.5 -90 0.75
      vertex -21.5 -99.5 0.75
      vertex 0 -90 0.75
    endloop
  endfacet
  facet normal 0 0 1
    outer loop
      vertex 21.5 -119.5 0.75
      vertex 22.5 -90 0.75
      vertex 21.5 -100.5 0.75
    endloop
  endfacet
  facet normal 0 0 1
    outer loop
      vertex 21.5 -120.5 0.75
      vertex 22.5 -90 0.75
      vertex 21.5 -119.5 0.75
    endloop
  endfacet
  facet normal 0 0 1
    outer loop
      vertex 21.5 -139.5 0.75
      vertex 22.5 -90 0.75
      vertex 21.5 -120.5 0.75
    endloop
  endfacet
  facet normal 0 0 1
    outer loop
      vertex 22.5 -90 0.75
      vertex 21.5 -139.5 0.75
      vertex 22.5 -230 0.75
    endloop
  endfacet
  facet normal -0 0 1
    outer loop
      vertex 21.5 -140.5 0.75
      vertex 22.5 -230 0.75
      vertex 21.5 -139.5 0.75
    endloop
  endfacet
  facet normal -0 0 1
    outer loop
      vertex 21.5 -159.5 0.75
      vertex 22.5 -230 0.75
      vertex 21.5 -140.5 0.75
    endloop
  endfacet
  facet normal -0 0 1
    outer loop
      vertex 21.5 -160.5 0.75
      vertex 22.5 -230 0.75
      vertex 21.5 -159.5 0.75
    endloop
  endfacet
  facet normal -0 0 1
    outer loop
      vertex 21.5 -179.5 0.75
      vertex 22.5 -230 0.75
      vertex 21.5 -160.5 0.75
    endloop
  endfacet
  facet normal -0 0 1
    outer loop
      vertex 21.5 -180.5 0.75
      vertex 22.5 -230 0.75
      vertex 21.5 -179.5 0.75
    endloop
  endfacet
  facet normal -0 0 1
    outer loop
      vertex 21.5 -199.5 0.75
      vertex 22.5 -230 0.75
      vertex 21.5 -180.5 0.75
    endloop
  endfacet
  facet normal -0 0 1
    outer loop
      vertex 21.5 -200.5 0.75
      vertex 22.5 -230 0.75
      vertex 21.5 -199.5 0.75
    endloop
  endfacet
  facet normal -0 0 1
    outer loop
      vertex 21.5 -219.5 0.75
      vertex 22.5 -230 0.75
      vertex 21.5 -200.5 0.75
    endloop
  endfacet
  facet normal -0 0 1
    outer loop
      vertex 21.5 -220.5 0.75
      vertex 22.5 -230 0.75
      vertex 21.5 -219.5 0.75
    endloop
  endfacet
  facet normal -0 0 1
    outer loop
      vertex -21.5 -220.5 0.75
      vertex 22.5 -230 0.75
      vertex 21.5 -220.5 0.75
    endloop
  endfacet
  facet normal 0 0 1
    outer loop
      vertex -21.5 -220.5 0.75
      vertex -22.5 -230 0.75
      vertex 22.5 -230 0.75
    endloop
  endfacet
  facet normal 0 0 1
    outer loop
      vertex -21.5 -219.5 0.75
      vertex -22.5 -230 0.75
      vertex -21.5 -220.5 0.75
    endloop
  endfacet
  facet normal 0 -1 0
    outer loop
      vertex -21.5 -220.5 0.75
      vertex 21.5 -220.5 1.25
      vertex -21.5 -220.5 1.25
    endloop
  endfacet
  facet normal 0 -1 -0
    outer loop
      vertex 21.5 -220.5 1.25
      vertex -21.5 -220.5 0.75
      vertex 21.5 -220.5 0.75
    endloop
  endfacet
  facet normal -1 0 0
    outer loop
      vertex -21.5 -220.5 0.75
      vertex -21.5 -219.5 1.25
      vertex -21.5 -219.5 0.75
    endloop
  endfacet
  facet normal -1 -0 0
    outer loop
      vertex -21.5 -219.5 1.25
      vertex -21.5 -220.5 0.75
      vertex -21.5 -220.5 1.25
    endloop
  endfacet
  facet normal 1 -0 0
    outer loop
      vertex 21.5 -220.5 1.25
      vertex 21.5 -219.5 0.75
      vertex 21.5 -219.5 1.25
    endloop
  endfacet
  facet normal 1 0 0
    outer loop
      vertex 21.5 -219.5 0.75
      vertex 21.5 -220.5 1.25
      vertex 21.5 -220.5 0.75
    endloop
  endfacet
  facet normal 0 1 -0
    outer loop
      vertex 21.5 -199.5 0.75
      vertex -21.5 -199.5 1.25
      vertex 21.5 -199.5 1.25
    endloop
  endfacet
  facet normal 0 1 0
    outer loop
      vertex -21.5 -199.5 1.25
      vertex 21.5 -199.5 0.75
      vertex -21.5 -199.5 0.75
    endloop
  endfacet
  facet normal -0 0 1
    outer loop
      vertex -21.5 -199.5 1.25
      vertex 21.5 -200.5 1.25
      vertex 21.5 -199.5 1.25
    endloop
  endfacet
  facet normal 0 0 1
    outer loop
      vertex 21.5 -200.5 1.25
      vertex -21.5 -199.5 1.25
      vertex -21.5 -200.5 1.25
    endloop
  endfacet
  facet normal 0 -1 0
    outer loop
      vertex -21.5 -200.5 0.75
      vertex 21.5 -200.5 1.25
      vertex -21.5 -200.5 1.25
    endloop
  endfacet
  facet normal 0 -1 -0
    outer loop
      vertex 21.5 -200.5 1.25
      vertex -21.5 -200.5 0.75
      vertex 21.5 -200.5 0.75
    endloop
  endfacet
  facet normal -1 0 0
    outer loop
      vertex -21.5 -200.5 0.75
      vertex -21.5 -199.5 1.25
      vertex -21.5 -199.5 0.75
    endloop
  endfacet
  facet normal -1 -0 0
    outer loop
      vertex -21.5 -199.5 1.25
      vertex -21.5 -200.5 0.75
      vertex -21.5 -200.5 1.25
    endloop
  endfacet
  facet normal 1 -0 0
    outer loop
      vertex 21.5 -200.5 1.25
      vertex 21.5 -199.5 0.75
      vertex 21.5 -199.5 1.25
    endloop
  endfacet
  facet normal 1 0 0
    outer loop
      vertex 21.5 -199.5 0.75
      vertex 21.5 -200.5 1.25
      vertex 21.5 -200.5 0.75
    endloop
  endfacet
  facet normal 0 1 -0
    outer loop
      vertex 21.5 -179.5 0.75
      vertex -21.5 -179.5 1.25
      vertex 21.5 -179.5 1.25
    endloop
  endfacet
  facet normal 0 1 0
    outer loop
      vertex -21.5 -179.5 1.25
      vertex 21.5 -179.5 0.75
      vertex -21.5 -179.5 0.75
    endloop
  endfacet
  facet normal -0 0 1
    outer loop
      vertex -21.5 -179.5 1.25
      vertex 21.5 -180.5 1.25
      vertex 21.5 -179.5 1.25
    endloop
  endfacet
  facet normal 0 0 1
    outer loop
      vertex 21.5 -180.5 1.25
      vertex -21.5 -179.5 1.25
      vertex -21.5 -180.5 1.25
    endloop
  endfacet
  facet normal 0 -1 0
    outer loop
      vertex -21.5 -180.5 0.75
      vertex 21.5 -180.5 1.25
      vertex -21.5 -180.5 1.25
    endloop
  endfacet
  facet normal 0 -1 -0
    outer loop
      vertex 21.5 -180.5 1.25
      vertex -21.5 -180.5 0.75
      vertex 21.5 -180.5 0.75
    endloop
  endfacet
  facet normal -1 0 0
    outer loop
      vertex -21.5 -180.5 0.75
      vertex -21.5 -179.5 1.25
      vertex -21.5 -179.5 0.75
    endloop
  endfacet
  facet normal -1 -0 0
    outer loop
      vertex -21.5 -179.5 1.25
      vertex -21.5 -180.5 0.75
      vertex -21.5 -180.5 1.25
    endloop
  endfacet
  facet normal 1 -0 0
    outer loop
      vertex 21.5 -180.5 1.25
      vertex 21.5 -179.5 0.75
      vertex 21.5 -179.5 1.25
    endloop
  endfacet
  facet normal 1 0 0
    outer loop
      vertex 21.5 -179.5 0.75
      vertex 21.5 -180.5 1.25
      vertex 21.5 -180.5 0.75
    endloop
  endfacet
  facet normal 0 1 -0
    outer loop
      vertex 21.5 -159.5 0.75
      vertex -21.5 -159.5 1.25
      vertex 21.5 -159.5 1.25
    endloop
  endfacet
  facet normal 0 1 0
    outer loop
      vertex -21.5 -159.5 1.25
      vertex 21.5 -159.5 0.75
      vertex -21.5 -159.5 0.75
    endloop
  endfacet
  facet normal -0 0 1
    outer loop
      vertex -21.5 -159.5 1.25
      vertex 21.5 -160.5 1.25
      vertex 21.5 -159.5 1.25
    endloop
  endfacet
  facet normal 0 0 1
    outer loop
      vertex 21.5 -160.5 1.25
      vertex -21.5 -159.5 1.25
      vertex -21.5 -160.5 1.25
    endloop
  endfacet
  facet normal 0 -1 0
    outer loop
      vertex -21.5 -160.5 0.75
      vertex 21.5 -160.5 1.25
      vertex -21.5 -160.5 1.25
    endloop
  endfacet
  facet normal 0 -1 -0
    outer loop
      vertex 21.5 -160.5 1.25
      vertex -21.5 -160.5 0.75
      vertex 21.5 -160.5 0.75
    endloop
  endfacet
  facet normal -1 0 0
    outer loop
      vertex -21.5 -160.5 0.75
      vertex -21.5 -159.5 1.25
      vertex -21.5 -159.5 0.75
    endloop
  endfacet
  facet normal -1 -0 0
    outer loop
      vertex -21.5 -159.5 1.25
      vertex -21.5 -160.5 0.75
      vertex -21.5 -160.5 1.25
    endloop
  endfacet
  facet normal 1 -0 0
    outer loop
      vertex 21.5 -160.5 1.25
      vertex 21.5 -159.5 0.75
      vertex 21.5 -159.5 1.25
    endloop
  endfacet
  facet normal 1 0 0
    outer loop
      vertex 21.5 -159.5 0.75
      vertex 21.5 -160.5 1.25
      vertex 21.5 -160.5 0.75
    endloop
  endfacet
  facet normal 0 1 -0
    outer loop
      vertex 21.5 -139.5 0.75
      vertex -21.5 -139.5 1.25
      vertex 21.5 -139.5 1.25
    endloop
  endfacet
  facet normal 0 1 0
    outer loop
      vertex -21.5 -139.5 1.25
      vertex 21.5 -139.5 0.75
      vertex -21.5 -139.5 0.75
    endloop
  endfacet
  facet normal -0 0 1
    outer loop
      vertex -21.5 -139.5 1.25
      vertex 21.5 -140.5 1.25
      vertex 21.5 -139.5 1.25
    endloop
  endfacet
  facet normal 0 0 1
    outer loop
      vertex 21.5 -140.5 1.25
      vertex -21.5 -139.5 1.25
      vertex -21.5 -140.5 1.25
    endloop
  endfacet
  facet normal 0 -1 0
    outer loop
      vertex -21.5 -140.5 0.75
      vertex 21.5 -140.5 1.25
      vertex -21.5 -140.5 1.25
    endloop
  endfacet
  facet normal 0 -1 -0
    outer loop
      vertex 21.5 -140.5 1.25
      vertex -21.5 -140.5 0.75
      vertex 21.5 -140.5 0.75
    endloop
  endfacet
  facet normal -1 0 0
    outer loop
      vertex -21.5 -140.5 0.75
      vertex -21.5 -139.5 1.25
      vertex -21.5 -139.5 0.75
    endloop
  endfacet
  facet normal -1 -0 0
    outer loop
      vertex -21.5 -139.5 1.25
      vertex -21.5 -140.5 0.75
      vertex -21.5 -140.5 1.25
    endloop
  endfacet
  facet normal 1 -0 0
    outer loop
      vertex 21.5 -140.5 1.25
      vertex 21.5 -139.5 0.75
      vertex 21.5 -139.5 1.25
    endloop
  endfacet
  facet normal 1 0 0
    outer loop
      vertex 21.5 -139.5 0.75
      vertex 21.5 -140.5 1.25
      vertex 21.5 -140.5 0.75
    endloop
  endfacet
  facet normal 0 1 -0
    outer loop
      vertex 21.5 -119.5 0.75
      vertex -21.5 -119.5 1.25
      vertex 21.5 -119.5 1.25
    endloop
  endfacet
  facet normal 0 1 0
    outer loop
      vertex -21.5 -119.5 1.25
      vertex 21.5 -119.5 0.75
      vertex -21.5 -119.5 0.75
    endloop
  endfacet
  facet normal -0 0 1
    outer loop
      vertex -21.5 -119.5 1.25
      vertex 21.5 -120.5 1.25
      vertex 21.5 -119.5 1.25
    endloop
  endfacet
  facet normal 0 0 1
    outer loop
      vertex 21.5 -120.5 1.25
      vertex -21.5 -119.5 1.25
      vertex -21.5 -120.5 1.25
    endloop
  endfacet
  facet normal 0 -1 0
    outer loop
      vertex -21.5 -120.5 0.75
      vertex 21.5 -120.5 1.25
      vertex -21.5 -120.5 1.25
    endloop
  endfacet
  facet normal 0 -1 -0
    outer loop
      vertex 21.5 -120.5 1.25
      vertex -21.5 -120.5 0.75
      vertex 21.5 -120.5 0.75
    endloop
  endfacet
  facet normal -1 0 0
    outer loop
      vertex -21.5 -120.5 0.75
      vertex -21.5 -119.5 1.25
      vertex -21.5 -119.5 0.75
    endloop
  endfacet
  facet normal -1 -0 0
    outer loop
      vertex -21.5 -119.5 1.25
      vertex -21.5 -120.5 0.75
      vertex -21.5 -120.5 1.25
    endloop
  endfacet
  facet normal 1 -0 0
    outer loop
      vertex 21.5 -120.5 1.25
      vertex 21.5 -119.5 0.75
      vertex 21.5 -119.5 1.25
    endloop
  endfacet
  facet normal 1 0 0
    outer loop
      vertex 21.5 -119.5 0.75
      vertex 21.5 -120.5 1.25
      vertex 21.5 -120.5 0.75
    endloop
  endfacet
  facet normal 0 1 -0
    outer loop
      vertex 21.5 -99.5 0.75
      vertex -21.5 -99.5 1.25
      vertex 21.5 -99.5 1.25
    endloop
  endfacet
  facet normal 0 1 0
    outer loop
      vertex -21.5 -99.5 1.25
      vertex 21.5 -99.5 0.75
      vertex -21.5 -99.5 0.75
    endloop
  endfacet
  facet normal -0 0 1
    outer loop
      vertex -21.5 -99.5 1.25
      vertex 21.5 -100.5 1.25
      vertex 21.5 -99.5 1.25
    endloop
  endfacet
  facet normal 0 0 1
    outer loop
      vertex 21.5 -100.5 1.25
      vertex -21.5 -99.5 1.25
      vertex -21.5 -100.5 1.25
    endloop
  endfacet
  facet normal 0 -1 0
    outer loop
      vertex -21.5 -100.5 0.75
      vertex 21.5 -100.5 1.25
      vertex -21.5 -100.5 1.25
    endloop
  endfacet
  facet normal 0 -1 -0
    outer loop
      vertex 21.5 -100.5 1.25
      vertex -21.5 -100.5 0.75
      vertex 21.5 -100.5 0.75
    endloop
  endfacet
  facet normal -1 0 0
    outer loop
      vertex -21.5 -100.5 0.75
      vertex -21.5 -99.5 1.25
      vertex -21.5 -99.5 0.75
    endloop
  endfacet
  facet normal -1 -0 0
    outer loop
      vertex -21.5 -99.5 1.25
      vertex -21.5 -100.5 0.75
      vertex -21.5 -100.5 1.25
    endloop
  endfacet
  facet normal 1 -0 0
    outer loop
      vertex 21.5 -100.5 1.25
      vertex 21.5 -99.5 0.75
      vertex 21.5 -99.5 1.25
    endloop
  endfacet
  facet normal 1 0 0
    outer loop
      vertex 21.5 -99.5 0.75
      vertex 21.5 -100.5 1.25
      vertex 21.5 -100.5 0.75
    endloop
  endfacet
  facet normal 0 1 -0
    outer loop
      vertex 0 -90 -0.75
      vertex -22.5 -90 0.75
      vertex 0 -90 0.75
    endloop
  endfacet
  facet normal 0 1 0
    outer loop
      vertex -22.5 -90 0.75
      vertex 0 -90 -0.75
      vertex -22.5 -90 -0.75
    endloop
  endfacet
  facet normal 0 1 -0
    outer loop
      vertex 22.5 -90 -0.75
      vertex 0 -90 0.75
      vertex 22.5 -90 0.75
    endloop
  endfacet
  facet normal 0 1 0
    outer loop
      vertex 0 -90 0.75
      vertex 22.5 -90 -0.75
      vertex 0 -90 -0.75
    endloop
  endfacet
  facet normal 0 0 -1
    outer loop
      vertex 22.5 -230 -0.75
      vertex 0 -90 -0.75
      vertex 22.5 -90 -0.75
    endloop
  endfacet
  facet normal 0 0 -1
    outer loop
      vertex -22.5 -230 -0.75
      vertex 0 -90 -0.75
      vertex 22.5 -230 -0.75
    endloop
  endfacet
  facet normal -0 0 -1
    outer loop
      vertex 0 -90 -0.75
      vertex -22.5 -230 -0.75
      vertex -22.5 -90 -0.75
    endloop
  endfacet
  facet normal 0 -1 0
    outer loop
      vertex -22.5 -230 -0.75
      vertex 22.5 -230 0.75
      vertex -22.5 -230 0.75
    endloop
  endfacet
  facet normal 0 -1 -0
    outer loop
      vertex 22.5 -230 0.75
      vertex -22.5 -230 -0.75
      vertex 22.5 -230 -0.75
    endloop
  endfacet
  facet normal -1 0 0
    outer loop
      vertex -22.5 -230 -0.75
      vertex -22.5 -90 0.75
      vertex -22.5 -90 -0.75
    endloop
  endfacet
  facet normal -1 -0 0
    outer loop
      vertex -22.5 -90 0.75
      vertex -22.5 -230 -0.75
      vertex -22.5 -230 0.75
    endloop
  endfacet
  facet normal 1 -0 0
    outer loop
      vertex 22.5 -230 0.75
      vertex 22.5 -90 -0.75
      vertex 22.5 -90 0.75
    endloop
  endfacet
  facet normal 1 0 0
    outer loop
      vertex 22.5 -90 -0.75
      vertex 22.5 -230 0.75
      vertex 22.5 -230 -0.75
    endloop
  endfacet
  facet normal 1 -0 0
    outer loop
      vertex 82.5 -4.5 57
      vertex 82.5 4.5 43
      vertex 82.5 4.5 57
    endloop
  endfacet
  facet normal 1 0 0
    outer loop
      vertex 82.5 4.5 43
      vertex 82.5 -4.5 57
      vertex 82.5 -4.5 43
    endloop
  endfacet
  facet normal -0 0 1
    outer loop
      vertex 73.5 4.5 57
      vertex 82.5 -4.5 57
      vertex 82.5 4.5 57
    endloop
  endfacet
  facet normal 0 0 1
    outer loop
      vertex 82.5 -4.5 57
      vertex 73.5 4.5 57
      vertex 73.5 -4.5 57
    endloop
  endfacet
  facet normal 0 0 -1
    outer loop
      vertex 73.5 -4.5 43
      vertex 82.5 4.5 43
      vertex 82.5 -4.5 43
    endloop
  endfacet
  facet normal -0 0 -1
    outer loop
      vertex 82.5 4.5 43
      vertex 73.5 -4.5 43
      vertex 73.5 4.5 43
    endloop
  endfacet
  facet normal -1 0 0
    outer loop
      vertex 73.5 -4.5 43
      vertex 73.5 4.5 57
      vertex 73.5 4.5 43
    endloop
  endfacet
  facet normal -1 -0 0
    outer loop
      vertex 73.5 4.5 57
      vertex 73.5 -4.5 43
      vertex 73.5 -4.5 57
    endloop
  endfacet
  facet normal 0 1 -0
    outer loop
      vertex 82.5 4.5 43
      vertex 73.5 4.5 57
      vertex 82.5 4.5 57
    endloop
  endfacet
  facet normal 0 1 0
    outer loop
      vertex 73.5 4.5 57
      vertex 82.5 4.5 43
      vertex 73.5 4.5 43
    endloop
  endfacet
  facet normal 0 -1 0
    outer loop
      vertex 73.5 -4.5 43
      vertex 82.5 -4.5 57
      vertex 73.5 -4.5 57
    endloop
  endfacet
  facet normal 0 -1 -0
    outer loop
      vertex 82.5 -4.5 57
      vertex 73.5 -4.5 43
      vertex 82.5 -4.5 43
    endloop
  endfacet
  facet normal 0.906318 0 -0.422596
    outer loop
      vertex 91.7375 -3.5 109.179
      vertex 90.5 3.5 106.525
      vertex 91.7375 3.5 109.179
    endloop
  endfacet
  facet normal 0.906318 0 -0.422596
    outer loop
      vertex 90.5 3.5 106.525
      vertex 91.7375 -3.5 109.179
      vertex 90.5 -3.5 106.525
    endloop
  endfacet
  facet normal 0.906308 0 -0.422618
    outer loop
      vertex 77.4319 -3.5 78.5
      vertex 70.6066 3.5 63.8631
      vertex 77.4319 3.5 78.5
    endloop
  endfacet
  facet normal 0.906308 0 -0.422618
    outer loop
      vertex 70.6066 3.5 63.8631
      vertex 77.4319 -3.5 78.5
      vertex 70.6066 -3.5 63.8631
    endloop
  endfacet
  facet normal 0.906307 5.82702e-06 -0.422619
    outer loop
      vertex 85 0 94.7298
      vertex 78.8308 3.5 81.5
      vertex 84.7706 3.5 94.2379
    endloop
  endfacet
  facet normal 0.906307 -5.82702e-06 -0.422619
    outer loop
      vertex 78.8308 -3.5 81.5
      vertex 85 0 94.7298
      vertex 84.7706 -3.5 94.2379
    endloop
  endfacet
  facet normal 0.906307 0 -0.422621
    outer loop
      vertex 85 0 94.7298
      vertex 78.8308 -3.5 81.5
      vertex 78.8308 3.5 81.5
    endloop
  endfacet
  facet normal 0.422585 0 0.906323
    outer loop
      vertex 90.5 3.5 109.756
      vertex 91.7375 -3.5 109.179
      vertex 91.7375 3.5 109.179
    endloop
  endfacet
  facet normal 0.422585 0 0.906323
    outer loop
      vertex 91.7375 -3.5 109.179
      vertex 90.5 3.5 109.756
      vertex 90.5 -3.5 109.756
    endloop
  endfacet
  facet normal -0.42263 0 -0.906302
    outer loop
      vertex 64.2625 -3.5 66.8215
      vertex 70.6066 3.5 63.8631
      vertex 70.6066 -3.5 63.8631
    endloop
  endfacet
  facet normal -0.42263 0 -0.906302
    outer loop
      vertex 70.6066 3.5 63.8631
      vertex 64.2625 -3.5 66.8215
      vertex 64.2625 3.5 66.8215
    endloop
  endfacet
  facet normal -0.906307 0 0.42262
    outer loop
      vertex 64.2625 -3.5 66.8215
      vertex 69.7083 3.5 78.5
      vertex 64.2625 3.5 66.8215
    endloop
  endfacet
  facet normal -0.906307 0 0.42262
    outer loop
      vertex 69.7083 3.5 78.5
      vertex 64.2625 -3.5 66.8215
      vertex 69.7083 -3.5 78.5
    endloop
  endfacet
  facet normal -0.906306 0 0.422621
    outer loop
      vertex 84.7706 -3.5 110.801
      vertex 84.7706 3.5 110.801
      vertex 71.1072 3.5 81.5
    endloop
  endfacet
  facet normal -0.906306 0 0.422621
    outer loop
      vertex 84.7706 -3.5 110.801
      vertex 71.1072 3.5 81.5
      vertex 71.1072 -3.5 81.5
    endloop
  endfacet
  facet normal -0.906324 0 0.422583
    outer loop
      vertex 84.7706 3.5 110.801
      vertex 84.7706 -3.5 110.801
      vertex 85 0 111.293
    endloop
  endfacet
  facet normal 0 1 0
    outer loop
      vertex 91.7375 3.5 109.179
      vertex 90.5 3.5 106.525
      vertex 90.5 3.5 109.756
    endloop
  endfacet
  facet normal 0 1 -0
    outer loop
      vertex 70.6066 3.5 63.8631
      vertex 69.7083 3.5 78.5
      vertex 77.4319 3.5 78.5
    endloop
  endfacet
  facet normal 0 1 0
    outer loop
      vertex 69.7083 3.5 78.5
      vertex 70.6066 3.5 63.8631
      vertex 64.2625 3.5 66.8215
    endloop
  endfacet
  facet normal 0 1 0
    outer loop
      vertex 71.1072 3.5 81.5
      vertex 84.7706 3.5 94.2379
      vertex 78.8308 3.5 81.5
    endloop
  endfacet
  facet normal 0 1 -0
    outer loop
      vertex 84.7706 3.5 94.2379
      vertex 71.1072 3.5 81.5
      vertex 84.7706 3.5 110.801
    endloop
  endfacet
  facet normal 0 -1 0
    outer loop
      vertex 90.5 -3.5 109.756
      vertex 90.5 -3.5 106.525
      vertex 91.7375 -3.5 109.179
    endloop
  endfacet
  facet normal 0 -1 0
    outer loop
      vertex 70.6066 -3.5 63.8631
      vertex 69.7083 -3.5 78.5
      vertex 64.2625 -3.5 66.8215
    endloop
  endfacet
  facet normal 0 -1 0
    outer loop
      vertex 69.7083 -3.5 78.5
      vertex 70.6066 -3.5 63.8631
      vertex 77.4319 -3.5 78.5
    endloop
  endfacet
  facet normal 0 -1 0
    outer loop
      vertex 71.1072 -3.5 81.5
      vertex 84.7706 -3.5 94.2379
      vertex 84.7706 -3.5 110.801
    endloop
  endfacet
  facet normal 0 -1 0
    outer loop
      vertex 84.7706 -3.5 94.2379
      vertex 71.1072 -3.5 81.5
      vertex 78.8308 -3.5 81.5
    endloop
  endfacet
  facet normal -0.819157 0 -0.57357
    outer loop
      vertex 118.44 -3 97.7154
      vertex 96.6446 3 128.843
      vertex 118.44 3 97.7154
    endloop
  endfacet
  facet normal -0.819157 -0 -0.57357
    outer loop
      vertex 96.6446 3 128.843
      vertex 118.44 -3 97.7154
      vertex 96.6446 -3 128.843
    endloop
  endfacet
  facet normal 0.819165 -0 0.573558
    outer loop
      vertex 101.56 -3 132.285
      vertex 123.355 3 101.157
      vertex 101.56 3 132.285
    endloop
  endfacet
  facet normal 0.819165 0 0.573558
    outer loop
      vertex 123.355 3 101.157
      vertex 101.56 -3 132.285
      vertex 123.355 -3 101.157
    endloop
  endfacet
  facet normal -0.573599 0 0.819136
    outer loop
      vertex 96.6446 3 128.843
      vertex 101.56 -3 132.285
      vertex 101.56 3 132.285
    endloop
  endfacet
  facet normal -0.573599 0 0.819136
    outer loop
      vertex 101.56 -3 132.285
      vertex 96.6446 3 128.843
      vertex 96.6446 -3 128.843
    endloop
  endfacet
  facet normal 0.573585 0 -0.819146
    outer loop
      vertex 118.44 -3 97.7154
      vertex 123.355 3 101.157
      vertex 123.355 -3 101.157
    endloop
  endfacet
  facet normal 0.573585 0 -0.819146
    outer loop
      vertex 123.355 3 101.157
      vertex 118.44 -3 97.7154
      vertex 118.44 3 97.7154
    endloop
  endfacet
  facet normal 0 -1 0
    outer loop
      vertex 96.6446 -3 128.843
      vertex 123.355 -3 101.157
      vertex 101.56 -3 132.285
    endloop
  endfacet
  facet normal -0 -1 0
    outer loop
      vertex 123.355 -3 101.157
      vertex 96.6446 -3 128.843
      vertex 118.44 -3 97.7154
    endloop
  endfacet
  facet normal 0 1 0
    outer loop
      vertex 123.355 3 101.157
      vertex 96.6446 3 128.843
      vertex 101.56 3 132.285
    endloop
  endfacet
  facet normal 0 1 0
    outer loop
      vertex 96.6446 3 128.843
      vertex 123.355 3 101.157
      vertex 118.44 3 97.7154
    endloop
  endfacet
  facet normal -1 0 0
    outer loop
      vertex -82.5 -4.5 -42.6554
      vertex -82.5 4.5 -33
      vertex -82.5 4.5 -42.6554
    endloop
  endfacet
  facet normal -1 -0 0
    outer loop
      vertex -82.5 4.5 -33
      vertex -82.5 -4.5 -42.6554
      vertex -82.5 -4.5 -33
    endloop
  endfacet
  facet normal -0 0 1
    outer loop
      vertex -82.5 4.5 -33
      vertex -73.5 -4.5 -33
      vertex -73.5 4.5 -33
    endloop
  endfacet
  facet normal 0 0 1
    outer loop
      vertex -73.5 -4.5 -33
      vertex -82.5 4.5 -33
      vertex -82.5 -4.5 -33
    endloop
  endfacet
  facet normal 1 -0 0
    outer loop
      vertex -73.5 -4.5 -33
      vertex -73.5 4.5 -38.2171
      vertex -73.5 4.5 -33
    endloop
  endfacet
  facet normal 1 0 0
    outer loop
      vertex -73.5 4.5 -38.2171
      vertex -73.5 -4.5 -33
      vertex -73.5 -4.5 -38.2171
    endloop
  endfacet
  facet normal 0 -1 0
    outer loop
      vertex -82.5 -4.5 -33
      vertex -73.5 -4.5 -38.2171
      vertex -73.5 -4.5 -33
    endloop
  endfacet
  facet normal -0 -1 0
    outer loop
      vertex -73.5 -4.5 -38.2171
      vertex -82.5 -4.5 -33
      vertex -82.5 -4.5 -42.6554
    endloop
  endfacet
  facet normal 0 1 -0
    outer loop
      vertex -73.5 4.5 -38.2171
      vertex -82.5 4.5 -33
      vertex -73.5 4.5 -33
    endloop
  endfacet
  facet normal 0 1 0
    outer loop
      vertex -82.5 4.5 -33
      vertex -73.5 4.5 -38.2171
      vertex -82.5 4.5 -42.6554
    endloop
  endfacet
  facet normal 0 -1 0
    outer loop
      vertex -84.7706 -3.5 0.437888
      vertex -83.7706 -3.5 1.5
      vertex -84.7706 -3.5 15.8688
    endloop
  endfacet
  facet normal 0 -1 0
    outer loop
      vertex -84.7706 -3.5 0.437888
      vertex -83.7706 -3.5 -1.5
      vertex -83.7706 -3.5 1.5
    endloop
  endfacet
  facet normal 0 -1 0
    outer loop
      vertex -71.6632 -3.5 -27.6711
      vertex -76.1433 -3.5 -1.5
      vertex -83.7706 -3.5 -1.5
    endloop
  endfacet
  facet normal 0 -1 0
    outer loop
      vertex -76.1433 -3.5 -1.5
      vertex -71.6632 -3.5 -27.6711
      vertex -65.319 -3.5 -24.7128
    endloop
  endfacet
  facet normal 0 -1 0
    outer loop
      vertex -71.6632 -3.5 -27.6711
      vertex -83.7706 -3.5 -1.5
      vertex -84.7706 -3.5 0.437888
    endloop
  endfacet
  facet normal 0 -1 0
    outer loop
      vertex -83.7706 -3.5 1.5
      vertex -84.3368 -3.5 16.0711
      vertex -84.7706 -3.5 15.8688
    endloop
  endfacet
  facet normal 0 -1 0
    outer loop
      vertex -84.3368 -3.5 16.0711
      vertex -83.7706 -3.5 1.5
      vertex -77.5422 -3.5 1.5
    endloop
  endfacet
  facet normal 0 -1 -0
    outer loop
      vertex -89.7706 -3.5 13.5373
      vertex -90.681 -3.5 13.1128
      vertex -89.7706 -3.5 11.1604
    endloop
  endfacet
  facet normal 0 1 -0
    outer loop
      vertex -71.6632 3.5 -27.6711
      vertex -76.1433 3.5 -1.5
      vertex -65.319 3.5 -24.7128
    endloop
  endfacet
  facet normal 0 1 -0
    outer loop
      vertex -83.7706 3.5 1.5
      vertex -84.3368 3.5 16.0711
      vertex -77.5422 3.5 1.5
    endloop
  endfacet
  facet normal 0 1 0
    outer loop
      vertex -84.3368 3.5 16.0711
      vertex -83.7706 3.5 1.5
      vertex -84.7706 3.5 15.8688
    endloop
  endfacet
  facet normal 0 1 0
    outer loop
      vertex -83.7706 3.5 1.5
      vertex -84.7706 3.5 0.437888
      vertex -84.7706 3.5 15.8688
    endloop
  endfacet
  facet normal 0 1 -0
    outer loop
      vertex -83.7706 3.5 -1.5
      vertex -84.7706 3.5 0.437888
      vertex -83.7706 3.5 1.5
    endloop
  endfacet
  facet normal 0 1 0
    outer loop
      vertex -83.7706 3.5 -1.5
      vertex -71.6632 3.5 -27.6711
      vertex -84.7706 3.5 0.437888
    endloop
  endfacet
  facet normal 0 1 0
    outer loop
      vertex -76.1433 3.5 -1.5
      vertex -71.6632 3.5 -27.6711
      vertex -83.7706 3.5 -1.5
    endloop
  endfacet
  facet normal 0 1 -0
    outer loop
      vertex -89.7706 3.5 11.1604
      vertex -90.681 3.5 13.1128
      vertex -89.7706 3.5 13.5373
    endloop
  endfacet
  facet normal -0.422645 -5.36029e-06 0.906295
    outer loop
      vertex -85 0 15.7618
      vertex -84.3368 3.5 16.0711
      vertex -84.7706 3.5 15.8688
    endloop
  endfacet
  facet normal -0.422669 0 0.906284
    outer loop
      vertex -84.3368 3.5 16.0711
      vertex -85 0 15.7618
      vertex -84.3368 -3.5 16.0711
    endloop
  endfacet
  facet normal -0.422645 5.36029e-06 0.906295
    outer loop
      vertex -84.3368 -3.5 16.0711
      vertex -85 0 15.7618
      vertex -84.7706 -3.5 15.8688
    endloop
  endfacet
  facet normal -0.422597 -9.24408e-06 0.906318
    outer loop
      vertex -89.7706 3.5 13.5373
      vertex -90.681 3.5 13.1128
      vertex -90 0 13.4303
    endloop
  endfacet
  facet normal -0.422558 0 0.906336
    outer loop
      vertex -90.681 -3.5 13.1128
      vertex -90 0 13.4303
      vertex -90.681 3.5 13.1128
    endloop
  endfacet
  facet normal -0.422597 9.24408e-06 0.906318
    outer loop
      vertex -90 0 13.4303
      vertex -90.681 -3.5 13.1128
      vertex -89.7706 -3.5 13.5373
    endloop
  endfacet
  facet normal -0.906311 -4.8065e-06 -0.422611
    outer loop
      vertex -90 0 11.6524
      vertex -90.681 3.5 13.1128
      vertex -89.7706 3.5 11.1604
    endloop
  endfacet
  facet normal -0.906311 4.8065e-06 -0.422611
    outer loop
      vertex -90.681 -3.5 13.1128
      vertex -90 0 11.6524
      vertex -89.7706 -3.5 11.1604
    endloop
  endfacet
  facet normal -0.906307 0 -0.42262
    outer loop
      vertex -90 0 11.6524
      vertex -90.681 -3.5 13.1128
      vertex -90.681 3.5 13.1128
    endloop
  endfacet
  facet normal -0.906308 -3.11307e-05 -0.422617
    outer loop
      vertex -71.6632 3.5 -27.6711
      vertex -83.8669 2.03002 -1.5
      vertex -84.7706 3.5 0.437888
    endloop
  endfacet
  facet normal -0.906309 0 -0.422616
    outer loop
      vertex -71.6632 3.5 -27.6711
      vertex -83.8669 -2.03002 -1.5
      vertex -83.8669 2.03002 -1.5
    endloop
  endfacet
  facet normal -0.906309 0 -0.422616
    outer loop
      vertex -83.8669 -2.03002 -1.5
      vertex -71.6632 3.5 -27.6711
      vertex -71.6632 -3.5 -27.6711
    endloop
  endfacet
  facet normal -0.906307 1.94339e-05 -0.422619
    outer loop
      vertex -85 0 0.929843
      vertex -83.8669 2.03002 -1.5
      vertex -84 0 -1.21466
    endloop
  endfacet
  facet normal -0.9063 -3.40824e-06 -0.422635
    outer loop
      vertex -83.8669 2.03002 -1.5
      vertex -85 0 0.929843
      vertex -84.7706 3.5 0.437888
    endloop
  endfacet
  facet normal -0.906307 -1.94339e-05 -0.422619
    outer loop
      vertex -83.8669 -2.03002 -1.5
      vertex -85 0 0.929843
      vertex -84 0 -1.21466
    endloop
  endfacet
  facet normal -0.9063 3.40824e-06 -0.422635
    outer loop
      vertex -83.8669 -2.03002 -1.5
      vertex -84.7706 -3.5 0.437888
      vertex -85 0 0.929843
    endloop
  endfacet
  facet normal -0.906308 3.11307e-05 -0.422617
    outer loop
      vertex -84.7706 -3.5 0.437888
      vertex -83.8669 -2.03002 -1.5
      vertex -71.6632 -3.5 -27.6711
    endloop
  endfacet
  facet normal 0.906308 -0 0.422617
    outer loop
      vertex -84.3368 -3.5 16.0711
      vertex -77.5422 3.5 1.5
      vertex -84.3368 3.5 16.0711
    endloop
  endfacet
  facet normal 0.906308 0 0.422617
    outer loop
      vertex -77.5422 3.5 1.5
      vertex -84.3368 -3.5 16.0711
      vertex -77.5422 -3.5 1.5
    endloop
  endfacet
  facet normal 0.906308 -0 0.422618
    outer loop
      vertex -76.1433 -3.5 -1.5
      vertex -65.319 3.5 -24.7128
      vertex -76.1433 3.5 -1.5
    endloop
  endfacet
  facet normal 0.906308 0 0.422618
    outer loop
      vertex -65.319 3.5 -24.7128
      vertex -76.1433 -3.5 -1.5
      vertex -65.319 -3.5 -24.7128
    endloop
  endfacet
  facet normal 0.422613 0 -0.90631
    outer loop
      vertex -71.6632 -3.5 -27.6711
      vertex -65.319 3.5 -24.7128
      vertex -65.319 -3.5 -24.7128
    endloop
  endfacet
  facet normal 0.422613 0 -0.90631
    outer loop
      vertex -65.319 3.5 -24.7128
      vertex -71.6632 -3.5 -27.6711
      vertex -71.6632 3.5 -27.6711
    endloop
  endfacet
  facet normal 0.819148 0 -0.573582
    outer loop
      vertex -94.5344 -3 30.7868
      vertex -114.151 3 2.77177
      vertex -94.5344 3 30.7868
    endloop
  endfacet
  facet normal 0.819148 0 -0.573582
    outer loop
      vertex -114.151 3 2.77177
      vertex -94.5344 -3 30.7868
      vertex -114.151 -3 2.77177
    endloop
  endfacet
  facet normal -0.819146 0 0.573584
    outer loop
      vertex -119.066 -3 6.21323
      vertex -99.4493 3 34.2282
      vertex -119.066 3 6.21323
    endloop
  endfacet
  facet normal -0.819146 0 0.573584
    outer loop
      vertex -99.4493 3 34.2282
      vertex -119.066 -3 6.21323
      vertex -99.4493 -3 34.2282
    endloop
  endfacet
  facet normal 0.573571 0 0.819156
    outer loop
      vertex -99.4493 3 34.2282
      vertex -94.5344 -3 30.7868
      vertex -94.5344 3 30.7868
    endloop
  endfacet
  facet normal 0.573571 0 0.819156
    outer loop
      vertex -94.5344 -3 30.7868
      vertex -99.4493 3 34.2282
      vertex -99.4493 -3 34.2282
    endloop
  endfacet
  facet normal -0.57357 0 -0.819157
    outer loop
      vertex -119.066 -3 6.21323
      vertex -114.151 3 2.77177
      vertex -114.151 -3 2.77177
    endloop
  endfacet
  facet normal -0.57357 0 -0.819157
    outer loop
      vertex -114.151 3 2.77177
      vertex -119.066 -3 6.21323
      vertex -119.066 3 6.21323
    endloop
  endfacet
  facet normal 0 1 0
    outer loop
      vertex -94.5344 3 30.7868
      vertex -119.066 3 6.21323
      vertex -99.4493 3 34.2282
    endloop
  endfacet
  facet normal -0 1 0
    outer loop
      vertex -119.066 3 6.21323
      vertex -94.5344 3 30.7868
      vertex -114.151 3 2.77177
    endloop
  endfacet
  facet normal 0 -1 0
    outer loop
      vertex -119.066 -3 6.21323
      vertex -94.5344 -3 30.7868
      vertex -99.4493 -3 34.2282
    endloop
  endfacet
  facet normal 0 -1 0
    outer loop
      vertex -94.5344 -3 30.7868
      vertex -119.066 -3 6.21323
      vertex -114.151 -3 2.77177
    endloop
  endfacet
  facet normal 0 1 -0
    outer loop
      vertex 4.5 82.5 83
      vertex -4.5 82.5 97
      vertex 4.5 82.5 97
    endloop
  endfacet
  facet normal 0 1 0
    outer loop
      vertex -4.5 82.5 97
      vertex 4.5 82.5 83
      vertex -4.5 82.5 83
    endloop
  endfacet
  facet normal -0 0 1
    outer loop
      vertex -4.5 82.5 97
      vertex 4.5 73.5 97
      vertex 4.5 82.5 97
    endloop
  endfacet
  facet normal 0 0 1
    outer loop
      vertex 4.5 73.5 97
      vertex -4.5 82.5 97
      vertex -4.5 73.5 97
    endloop
  endfacet
  facet normal 0 0 -1
    outer loop
      vertex -4.5 73.5 83
      vertex 4.5 82.5 83
      vertex 4.5 73.5 83
    endloop
  endfacet
  facet normal -0 0 -1
    outer loop
      vertex 4.5 82.5 83
      vertex -4.5 73.5 83
      vertex -4.5 82.5 83
    endloop
  endfacet
  facet normal 0 -1 0
    outer loop
      vertex -4.5 73.5 83
      vertex 4.5 73.5 97
      vertex -4.5 73.5 97
    endloop
  endfacet
  facet normal 0 -1 -0
    outer loop
      vertex 4.5 73.5 97
      vertex -4.5 73.5 83
      vertex 4.5 73.5 83
    endloop
  endfacet
  facet normal -1 0 0
    outer loop
      vertex -4.5 73.5 83
      vertex -4.5 82.5 97
      vertex -4.5 82.5 83
    endloop
  endfacet
  facet normal -1 -0 0
    outer loop
      vertex -4.5 82.5 97
      vertex -4.5 73.5 83
      vertex -4.5 73.5 97
    endloop
  endfacet
  facet normal 1 -0 0
    outer loop
      vertex 4.5 73.5 97
      vertex 4.5 82.5 83
      vertex 4.5 82.5 97
    endloop
  endfacet
  facet normal 1 0 0
    outer loop
      vertex 4.5 82.5 83
      vertex 4.5 73.5 97
      vertex 4.5 73.5 83
    endloop
  endfacet
  facet normal 0 0.906305 -0.422624
    outer loop
      vertex 3.5 73.248 100.028
      vertex -3.5 89.0962 134.014
      vertex 3.5 89.0962 134.014
    endloop
  endfacet
  facet normal 0 0.906305 -0.422624
    outer loop
      vertex -3.5 89.0962 134.014
      vertex 3.5 73.248 100.028
      vertex -3.5 73.248 100.028
    endloop
  endfacet
  facet normal -0 0.422577 0.906327
    outer loop
      vertex -3.5 89.0962 134.014
      vertex 3.5 82.752 136.972
      vertex 3.5 89.0962 134.014
    endloop
  endfacet
  facet normal 0 0.422577 0.906327
    outer loop
      vertex 3.5 82.752 136.972
      vertex -3.5 89.0962 134.014
      vertex -3.5 82.752 136.972
    endloop
  endfacet
  facet normal 0 -0.422577 -0.906327
    outer loop
      vertex -3.5 66.9038 102.986
      vertex 3.5 73.248 100.028
      vertex 3.5 66.9038 102.986
    endloop
  endfacet
  facet normal -0 -0.422577 -0.906327
    outer loop
      vertex 3.5 73.248 100.028
      vertex -3.5 66.9038 102.986
      vertex -3.5 73.248 100.028
    endloop
  endfacet
  facet normal 0 -0.906305 0.422624
    outer loop
      vertex -3.5 66.9038 102.986
      vertex 3.5 82.752 136.972
      vertex -3.5 82.752 136.972
    endloop
  endfacet
  facet normal 0 -0.906305 0.422624
    outer loop
      vertex 3.5 82.752 136.972
      vertex -3.5 66.9038 102.986
      vertex 3.5 66.9038 102.986
    endloop
  endfacet
  facet normal -1 0 0
    outer loop
      vertex -3.5 73.248 100.028
      vertex -3.5 82.752 136.972
      vertex -3.5 89.0962 134.014
    endloop
  endfacet
  facet normal -1 0 0
    outer loop
      vertex -3.5 82.752 136.972
      vertex -3.5 73.248 100.028
      vertex -3.5 66.9038 102.986
    endloop
  endfacet
  facet normal 1 0 0
    outer loop
      vertex 3.5 82.752 136.972
      vertex 3.5 73.248 100.028
      vertex 3.5 89.0962 134.014
    endloop
  endfacet
  facet normal 1 0 -0
    outer loop
      vertex 3.5 73.248 100.028
      vertex 3.5 82.752 136.972
      vertex 3.5 66.9038 102.986
    endloop
  endfacet
  facet normal 0 -0.819154 -0.573573
    outer loop
      vertex -3 107.716 125.356
      vertex 3 91.3691 148.702
      vertex -3 91.3691 148.702
    endloop
  endfacet
  facet normal 0 -0.819154 -0.573573
    outer loop
      vertex 3 91.3691 148.702
      vertex -3 107.716 125.356
      vertex 3 107.716 125.356
    endloop
  endfacet
  facet normal 0 0.819153 0.573575
    outer loop
      vertex 3 112.631 128.798
      vertex -3 96.284 152.144
      vertex 3 96.284 152.144
    endloop
  endfacet
  facet normal 0 0.819153 0.573575
    outer loop
      vertex -3 96.284 152.144
      vertex 3 112.631 128.798
      vertex -3 112.631 128.798
    endloop
  endfacet
  facet normal 0 -0.573638 0.819109
    outer loop
      vertex -3 96.284 152.144
      vertex 3 91.3691 148.702
      vertex 3 96.284 152.144
    endloop
  endfacet
  facet normal 0 -0.573638 0.819109
    outer loop
      vertex 3 91.3691 148.702
      vertex -3 96.284 152.144
      vertex -3 91.3691 148.702
    endloop
  endfacet
  facet normal 0 0.57363 -0.819114
    outer loop
      vertex -3 107.716 125.356
      vertex 3 112.631 128.798
      vertex 3 107.716 125.356
    endloop
  endfacet
  facet normal 0 0.57363 -0.819114
    outer loop
      vertex 3 112.631 128.798
      vertex -3 107.716 125.356
      vertex -3 112.631 128.798
    endloop
  endfacet
  facet normal 1 0 0
    outer loop
      vertex 3 96.284 152.144
      vertex 3 107.716 125.356
      vertex 3 112.631 128.798
    endloop
  endfacet
  facet normal 1 0 0
    outer loop
      vertex 3 107.716 125.356
      vertex 3 96.284 152.144
      vertex 3 91.3691 148.702
    endloop
  endfacet
  facet normal -1 0 0
    outer loop
      vertex -3 107.716 125.356
      vertex -3 96.284 152.144
      vertex -3 112.631 128.798
    endloop
  endfacet
  facet normal -1 0 -0
    outer loop
      vertex -3 96.284 152.144
      vertex -3 107.716 125.356
      vertex -3 91.3691 148.702
    endloop
  endfacet
  facet normal 0 -1 0
    outer loop
      vertex -4.5 -82.5 -77
      vertex 4.5 -82.5 -63
      vertex -4.5 -82.5 -63
    endloop
  endfacet
  facet normal 0 -1 -0
    outer loop
      vertex 4.5 -82.5 -63
      vertex -4.5 -82.5 -77
      vertex 4.5 -82.5 -77
    endloop
  endfacet
  facet normal -0 0 1
    outer loop
      vertex -4.5 -73.5 -63
      vertex 4.5 -82.5 -63
      vertex 4.5 -73.5 -63
    endloop
  endfacet
  facet normal 0 0 1
    outer loop
      vertex 4.5 -82.5 -63
      vertex -4.5 -73.5 -63
      vertex -4.5 -82.5 -63
    endloop
  endfacet
  facet normal 0 0 -1
    outer loop
      vertex -4.5 -82.5 -77
      vertex 4.5 -73.5 -77
      vertex 4.5 -82.5 -77
    endloop
  endfacet
  facet normal -0 0 -1
    outer loop
      vertex 4.5 -73.5 -77
      vertex -4.5 -82.5 -77
      vertex -4.5 -73.5 -77
    endloop
  endfacet
  facet normal 0 1 -0
    outer loop
      vertex 4.5 -73.5 -77
      vertex -4.5 -73.5 -63
      vertex 4.5 -73.5 -63
    endloop
  endfacet
  facet normal 0 1 0
    outer loop
      vertex -4.5 -73.5 -63
      vertex 4.5 -73.5 -77
      vertex -4.5 -73.5 -77
    endloop
  endfacet
  facet normal 1 -0 0
    outer loop
      vertex 4.5 -82.5 -63
      vertex 4.5 -73.5 -77
      vertex 4.5 -73.5 -63
    endloop
  endfacet
  facet normal 1 0 0
    outer loop
      vertex 4.5 -73.5 -77
      vertex 4.5 -82.5 -63
      vertex 4.5 -82.5 -77
    endloop
  endfacet
  facet normal -1 0 0
    outer loop
      vertex -4.5 -82.5 -77
      vertex -4.5 -73.5 -63
      vertex -4.5 -73.5 -77
    endloop
  endfacet
  facet normal -1 -0 0
    outer loop
      vertex -4.5 -73.5 -63
      vertex -4.5 -82.5 -77
      vertex -4.5 -82.5 -63
    endloop
  endfacet
  facet normal 0 -0.906291 -0.422653
    outer loop
      vertex -3.5 -84.7706 -33.3621
      vertex 3.5 -84.7706 -33.3621
      vertex 0 -85 -32.8702
    endloop
  endfacet
  facet normal 0 -0.906308 -0.422619
    outer loop
      vertex -3.5 -72.7197 -59.2053
      vertex 3.5 -84.7706 -33.3621
      vertex -3.5 -84.7706 -33.3621
    endloop
  endfacet
  facet normal 0 -0.906308 -0.422619
    outer loop
      vertex 3.5 -84.7706 -33.3621
      vertex -3.5 -72.7197 -59.2053
      vertex 3.5 -72.7197 -59.2053
    endloop
  endfacet
  facet normal -9.04223e-06 -0.422599 0.906317
    outer loop
      vertex 3.5 -83.2803 -19.9947
      vertex 0 -85 -20.7966
      vertex 3.5 -84.7706 -20.6896
    endloop
  endfacet
  facet normal 0 -0.422614 0.90631
    outer loop
      vertex -3.5 -83.2803 -19.9947
      vertex 0 -85 -20.7966
      vertex 3.5 -83.2803 -19.9947
    endloop
  endfacet
  facet normal 9.04223e-06 -0.422599 0.906317
    outer loop
      vertex 0 -85 -20.7966
      vertex -3.5 -83.2803 -19.9947
      vertex -3.5 -84.7706 -20.6896
    endloop
  endfacet
  facet normal 0 0.422618 -0.906308
    outer loop
      vertex -3.5 -72.7197 -59.2053
      vertex 3.5 -66.3756 -56.247
      vertex 3.5 -72.7197 -59.2053
    endloop
  endfacet
  facet normal 0 0.422618 -0.906308
    outer loop
      vertex 3.5 -66.3756 -56.247
      vertex -3.5 -72.7197 -59.2053
      vertex -3.5 -66.3756 -56.247
    endloop
  endfacet
  facet normal 0 0.906308 0.422618
    outer loop
      vertex 3.5 -66.3756 -56.247
      vertex -3.5 -83.2803 -19.9947
      vertex 3.5 -83.2803 -19.9947
    endloop
  endfacet
  facet normal 0 0.906308 0.422618
    outer loop
      vertex -3.5 -83.2803 -19.9947
      vertex 3.5 -66.3756 -56.247
      vertex -3.5 -66.3756 -56.247
    endloop
  endfacet
  facet normal 1 -0 0
    outer loop
      vertex 3.5 -84.7706 -33.3621
      vertex 3.5 -66.3756 -56.247
      vertex 3.5 -83.2803 -19.9947
    endloop
  endfacet
  facet normal 1 0 0
    outer loop
      vertex 3.5 -84.7706 -33.3621
      vertex 3.5 -83.2803 -19.9947
      vertex 3.5 -84.7706 -20.6896
    endloop
  endfacet
  facet normal 1 0 0
    outer loop
      vertex 3.5 -66.3756 -56.247
      vertex 3.5 -84.7706 -33.3621
      vertex 3.5 -72.7197 -59.2053
    endloop
  endfacet
  facet normal -1 0 0
    outer loop
      vertex -3.5 -84.7706 -33.3621
      vertex -3.5 -66.3756 -56.247
      vertex -3.5 -72.7197 -59.2053
    endloop
  endfacet
  facet normal -1 0 0
    outer loop
      vertex -3.5 -66.3756 -56.247
      vertex -3.5 -84.7706 -33.3621
      vertex -3.5 -83.2803 -19.9947
    endloop
  endfacet
  facet normal -1 0 0
    outer loop
      vertex -3.5 -83.2803 -19.9947
      vertex -3.5 -84.7706 -33.3621
      vertex -3.5 -84.7706 -20.6896
    endloop
  endfacet
  facet normal 0 0.81915 -0.573579
    outer loop
      vertex 3 -109.861 -32.1718
      vertex -3 -92.4242 -7.26962
      vertex 3 -92.4242 -7.26962
    endloop
  endfacet
  facet normal 0 0.81915 -0.573579
    outer loop
      vertex -3 -92.4242 -7.26962
      vertex 3 -109.861 -32.1718
      vertex -3 -109.861 -32.1718
    endloop
  endfacet
  facet normal 0 -0.81915 0.57358
    outer loop
      vertex -3 -114.776 -28.7304
      vertex 3 -97.3391 -3.82816
      vertex -3 -97.3391 -3.82816
    endloop
  endfacet
  facet normal 0 -0.81915 0.57358
    outer loop
      vertex 3 -97.3391 -3.82816
      vertex -3 -114.776 -28.7304
      vertex 3 -114.776 -28.7304
    endloop
  endfacet
  facet normal -0 0.573578 0.819151
    outer loop
      vertex -3 -92.4242 -7.26962
      vertex 3 -97.3391 -3.82816
      vertex 3 -92.4242 -7.26962
    endloop
  endfacet
  facet normal 0 0.573578 0.819151
    outer loop
      vertex 3 -97.3391 -3.82816
      vertex -3 -92.4242 -7.26962
      vertex -3 -97.3391 -3.82816
    endloop
  endfacet
  facet normal 0 -0.573563 -0.819161
    outer loop
      vertex -3 -114.776 -28.7304
      vertex 3 -109.861 -32.1718
      vertex 3 -114.776 -28.7304
    endloop
  endfacet
  facet normal -0 -0.573563 -0.819161
    outer loop
      vertex 3 -109.861 -32.1718
      vertex -3 -114.776 -28.7304
      vertex -3 -109.861 -32.1718
    endloop
  endfacet
  facet normal -1 0 0
    outer loop
      vertex -3 -109.861 -32.1718
      vertex -3 -97.3391 -3.82816
      vertex -3 -92.4242 -7.26962
    endloop
  endfacet
  facet normal -1 0 0
    outer loop
      vertex -3 -97.3391 -3.82816
      vertex -3 -109.861 -32.1718
      vertex -3 -114.776 -28.7304
    endloop
  endfacet
  facet normal 1 0 0
    outer loop
      vertex 3 -97.3391 -3.82816
      vertex 3 -109.861 -32.1718
      vertex 3 -92.4242 -7.26962
    endloop
  endfacet
  facet normal 1 0 -0
    outer loop
      vertex 3 -109.861 -32.1718
      vertex 3 -97.3391 -3.82816
      vertex 3 -114.776 -28.7304
    endloop
  endfacet
  facet normal 0.946941 -0.321408 0
    outer loop
      vertex 11.0866 -4.5922 230.5
      vertex 11.5911 -3.10583 230
      vertex 11.5911 -3.10583 230.5
    endloop
  endfacet
  facet normal 0.946941 -0.321408 0
    outer loop
      vertex 11.5911 -3.10583 230
      vertex 11.0866 -4.5922 230.5
      vertex 11.0866 -4.5922 230
    endloop
  endfacet
  facet normal 0 0 1
    outer loop
      vertex 11.8973 1.56631 230.5
      vertex 11.8973 -1.56631 230.5
      vertex 12 0 230.5
    endloop
  endfacet
  facet normal 0 0 1
    outer loop
      vertex 11.5911 3.10583 230.5
      vertex 11.8973 -1.56631 230.5
      vertex 11.8973 1.56631 230.5
    endloop
  endfacet
  facet normal 0 0 1
    outer loop
      vertex 11.5911 3.10583 230.5
      vertex 11.5911 -3.10583 230.5
      vertex 11.8973 -1.56631 230.5
    endloop
  endfacet
  facet normal 0 0 1
    outer loop
      vertex 11.0866 4.5922 230.5
      vertex 11.5911 -3.10583 230.5
      vertex 11.5911 3.10583 230.5
    endloop
  endfacet
  facet normal 0 0 1
    outer loop
      vertex 11.0866 4.5922 230.5
      vertex 11.0866 -4.5922 230.5
      vertex 11.5911 -3.10583 230.5
    endloop
  endfacet
  facet normal 0 0 1
    outer loop
      vertex 10.3923 6 230.5
      vertex 11.0866 -4.5922 230.5
      vertex 11.0866 4.5922 230.5
    endloop
  endfacet
  facet normal 0 0 1
    outer loop
      vertex 10.3923 6 230.5
      vertex 10.3923 -6 230.5
      vertex 11.0866 -4.5922 230.5
    endloop
  endfacet
  facet normal 0 0 1
    outer loop
      vertex 9.52024 7.30514 230.5
      vertex 10.3923 -6 230.5
      vertex 10.3923 6 230.5
    endloop
  endfacet
  facet normal 0 0 1
    outer loop
      vertex 9.52024 7.30514 230.5
      vertex 9.52024 -7.30514 230.5
      vertex 10.3923 -6 230.5
    endloop
  endfacet
  facet normal 0 0 1
    outer loop
      vertex 8.48528 8.48528 230.5
      vertex 9.52024 -7.30514 230.5
      vertex 9.52024 7.30514 230.5
    endloop
  endfacet
  facet normal 0 0 1
    outer loop
      vertex 8.48528 8.48528 230.5
      vertex 8.48528 -8.48528 230.5
      vertex 9.52024 -7.30514 230.5
    endloop
  endfacet
  facet normal 0 0 1
    outer loop
      vertex 7.30514 9.52024 230.5
      vertex 8.48528 -8.48528 230.5
      vertex 8.48528 8.48528 230.5
    endloop
  endfacet
  facet normal 0 0 1
    outer loop
      vertex 7.30514 9.52024 230.5
      vertex 7.30514 -9.52024 230.5
      vertex 8.48528 -8.48528 230.5
    endloop
  endfacet
  facet normal 0 0 1
    outer loop
      vertex 6 10.3923 230.5
      vertex 7.30514 -9.52024 230.5
      vertex 7.30514 9.52024 230.5
    endloop
  endfacet
  facet normal 0 0 1
    outer loop
      vertex 6 10.3923 230.5
      vertex 6 -10.3923 230.5
      vertex 7.30514 -9.52024 230.5
    endloop
  endfacet
  facet normal 0 0 1
    outer loop
      vertex 4.5922 11.0866 230.5
      vertex 6 -10.3923 230.5
      vertex 6 10.3923 230.5
    endloop
  endfacet
  facet normal 0 0 1
    outer loop
      vertex 4.5922 11.0866 230.5
      vertex 4.5922 -11.0866 230.5
      vertex 6 -10.3923 230.5
    endloop
  endfacet
  facet normal 0 0 1
    outer loop
      vertex 3.10583 11.5911 230.5
      vertex 4.5922 -11.0866 230.5
      vertex 4.5922 11.0866 230.5
    endloop
  endfacet
  facet normal 0 0 1
    outer loop
      vertex 3.10583 11.5911 230.5
      vertex 3.10583 -11.5911 230.5
      vertex 4.5922 -11.0866 230.5
    endloop
  endfacet
  facet normal 0 0 1
    outer loop
      vertex 1.56631 11.8973 230.5
      vertex 3.10583 -11.5911 230.5
      vertex 3.10583 11.5911 230.5
    endloop
  endfacet
  facet normal 0 0 1
    outer loop
      vertex 1.56631 11.8973 230.5
      vertex 1.56631 -11.8973 230.5
      vertex 3.10583 -11.5911 230.5
    endloop
  endfacet
  facet normal 0 0 1
    outer loop
      vertex 0 12 230.5
      vertex 1.56631 -11.8973 230.5
      vertex 1.56631 11.8973 230.5
    endloop
  endfacet
  facet normal 0 0 1
    outer loop
      vertex 0 12 230.5
      vertex 0 -12 230.5
      vertex 1.56631 -11.8973 230.5
    endloop
  endfacet
  facet normal -0 0 1
    outer loop
      vertex -1.56631 11.8973 230.5
      vertex 0 -12 230.5
      vertex 0 12 230.5
    endloop
  endfacet
  facet normal 0 0 1
    outer loop
      vertex -1.56631 11.8973 230.5
      vertex -1.56631 -11.8973 230.5
      vertex 0 -12 230.5
    endloop
  endfacet
  facet normal -0 0 1
    outer loop
      vertex -3.10583 11.5911 230.5
      vertex -1.56631 -11.8973 230.5
      vertex -1.56631 11.8973 230.5
    endloop
  endfacet
  facet normal 0 0 1
    outer loop
      vertex -3.10583 11.5911 230.5
      vertex -3.10583 -11.5911 230.5
      vertex -1.56631 -11.8973 230.5
    endloop
  endfacet
  facet normal -0 0 1
    outer loop
      vertex -4.5922 11.0866 230.5
      vertex -3.10583 -11.5911 230.5
      vertex -3.10583 11.5911 230.5
    endloop
  endfacet
  facet normal 0 0 1
    outer loop
      vertex -4.5922 11.0866 230.5
      vertex -4.5922 -11.0866 230.5
      vertex -3.10583 -11.5911 230.5
    endloop
  endfacet
  facet normal -0 0 1
    outer loop
      vertex -6 10.3923 230.5
      vertex -4.5922 -11.0866 230.5
      vertex -4.5922 11.0866 230.5
    endloop
  endfacet
  facet normal 0 0 1
    outer loop
      vertex -6 10.3923 230.5
      vertex -6 -10.3923 230.5
      vertex -4.5922 -11.0866 230.5
    endloop
  endfacet
  facet normal -0 0 1
    outer loop
      vertex -7.30514 9.52024 230.5
      vertex -6 -10.3923 230.5
      vertex -6 10.3923 230.5
    endloop
  endfacet
  facet normal 0 0 1
    outer loop
      vertex -7.30514 9.52024 230.5
      vertex -7.30514 -9.52024 230.5
      vertex -6 -10.3923 230.5
    endloop
  endfacet
  facet normal -0 0 1
    outer loop
      vertex -8.48528 8.48528 230.5
      vertex -7.30514 -9.52024 230.5
      vertex -7.30514 9.52024 230.5
    endloop
  endfacet
  facet normal 0 0 1
    outer loop
      vertex -8.48528 8.48528 230.5
      vertex -8.48528 -8.48528 230.5
      vertex -7.30514 -9.52024 230.5
    endloop
  endfacet
  facet normal -0 0 1
    outer loop
      vertex -9.52024 7.30514 230.5
      vertex -8.48528 -8.48528 230.5
      vertex -8.48528 8.48528 230.5
    endloop
  endfacet
  facet normal 0 0 1
    outer loop
      vertex -9.52024 7.30514 230.5
      vertex -9.52024 -7.30514 230.5
      vertex -8.48528 -8.48528 230.5
    endloop
  endfacet
  facet normal -0 0 1
    outer loop
      vertex -10.3923 6 230.5
      vertex -9.52024 -7.30514 230.5
      vertex -9.52024 7.30514 230.5
    endloop
  endfacet
  facet normal 0 0 1
    outer loop
      vertex -10.3923 6 230.5
      vertex -10.3923 -6 230.5
      vertex -9.52024 -7.30514 230.5
    endloop
  endfacet
  facet normal -0 0 1
    outer loop
      vertex -11.0866 4.5922 230.5
      vertex -10.3923 -6 230.5
      vertex -10.3923 6 230.5
    endloop
  endfacet
  facet normal 0 0 1
    outer loop
      vertex -11.0866 4.5922 230.5
      vertex -11.0866 -4.5922 230.5
      vertex -10.3923 -6 230.5
    endloop
  endfacet
  facet normal -0 0 1
    outer loop
      vertex -11.5911 3.10583 230.5
      vertex -11.0866 -4.5922 230.5
      vertex -11.0866 4.5922 230.5
    endloop
  endfacet
  facet normal 0 0 1
    outer loop
      vertex -11.5911 3.10583 230.5
      vertex -11.5911 -3.10583 230.5
      vertex -11.0866 -4.5922 230.5
    endloop
  endfacet
  facet normal -0 0 1
    outer loop
      vertex -11.8973 1.56631 230.5
      vertex -11.5911 -3.10583 230.5
      vertex -11.5911 3.10583 230.5
    endloop
  endfacet
  facet normal 0 0 1
    outer loop
      vertex -11.8973 1.56631 230.5
      vertex -11.8973 -1.56631 230.5
      vertex -11.5911 -3.10583 230.5
    endloop
  endfacet
  facet normal 0 -0 1
    outer loop
      vertex -11.8973 -1.56631 230.5
      vertex -11.8973 1.56631 230.5
      vertex -12 0 230.5
    endloop
  endfacet
  facet normal 0.980789 0.195072 0
    outer loop
      vertex 11.8973 1.56631 230.5
      vertex 11.5911 3.10583 230
      vertex 11.5911 3.10583 230.5
    endloop
  endfacet
  facet normal 0.980789 0.195072 0
    outer loop
      vertex 11.5911 3.10583 230
      vertex 11.8973 1.56631 230.5
      vertex 11.8973 1.56631 230
    endloop
  endfacet
  facet normal 0.997857 0.0654276 0
    outer loop
      vertex 12 0 230.5
      vertex 11.8973 1.56631 230
      vertex 11.8973 1.56631 230.5
    endloop
  endfacet
  facet normal 0.997857 0.0654276 0
    outer loop
      vertex 11.8973 1.56631 230
      vertex 12 0 230.5
      vertex 12 0 230
    endloop
  endfacet
  facet normal -0.442314 -0.89686 0
    outer loop
      vertex -6 -10.3923 230
      vertex -4.5922 -11.0866 230.5
      vertex -6 -10.3923 230.5
    endloop
  endfacet
  facet normal -0.442314 -0.89686 -0
    outer loop
      vertex -4.5922 -11.0866 230.5
      vertex -6 -10.3923 230
      vertex -4.5922 -11.0866 230
    endloop
  endfacet
  facet normal -0.659348 0.751838 0
    outer loop
      vertex -7.30514 9.52024 230
      vertex -8.48528 8.48528 230.5
      vertex -7.30514 9.52024 230.5
    endloop
  endfacet
  facet normal -0.659348 0.751838 0
    outer loop
      vertex -8.48528 8.48528 230.5
      vertex -7.30514 9.52024 230
      vertex -8.48528 8.48528 230
    endloop
  endfacet
  facet normal 0.659348 -0.751838 0
    outer loop
      vertex 7.30514 -9.52024 230
      vertex 8.48528 -8.48528 230.5
      vertex 7.30514 -9.52024 230.5
    endloop
  endfacet
  facet normal 0.659348 -0.751838 0
    outer loop
      vertex 8.48528 -8.48528 230.5
      vertex 7.30514 -9.52024 230
      vertex 8.48528 -8.48528 230
    endloop
  endfacet
  facet normal -0.89686 0.442314 0
    outer loop
      vertex -11.0866 4.5922 230
      vertex -10.3923 6 230.5
      vertex -10.3923 6 230
    endloop
  endfacet
  facet normal -0.89686 0.442314 0
    outer loop
      vertex -10.3923 6 230.5
      vertex -11.0866 4.5922 230
      vertex -11.0866 4.5922 230.5
    endloop
  endfacet
  facet normal -0.0654276 0.997857 0
    outer loop
      vertex 0 12 230
      vertex -1.56631 11.8973 230.5
      vertex 0 12 230.5
    endloop
  endfacet
  facet normal -0.0654276 0.997857 0
    outer loop
      vertex -1.56631 11.8973 230.5
      vertex 0 12 230
      vertex -1.56631 11.8973 230
    endloop
  endfacet
  facet normal -0.980789 -0.195072 0
    outer loop
      vertex -11.5911 -3.10583 230
      vertex -11.8973 -1.56631 230.5
      vertex -11.8973 -1.56631 230
    endloop
  endfacet
  facet normal -0.980789 -0.195072 0
    outer loop
      vertex -11.8973 -1.56631 230.5
      vertex -11.5911 -3.10583 230
      vertex -11.5911 -3.10583 230.5
    endloop
  endfacet
  facet normal -0.321408 0.946941 0
    outer loop
      vertex -3.10583 11.5911 230
      vertex -4.5922 11.0866 230.5
      vertex -3.10583 11.5911 230.5
    endloop
  endfacet
  facet normal -0.321408 0.946941 0
    outer loop
      vertex -4.5922 11.0866 230.5
      vertex -3.10583 11.5911 230
      vertex -4.5922 11.0866 230
    endloop
  endfacet
  facet normal -0.442314 0.89686 0
    outer loop
      vertex -4.5922 11.0866 230
      vertex -6 10.3923 230.5
      vertex -4.5922 11.0866 230.5
    endloop
  endfacet
  facet normal -0.442314 0.89686 0
    outer loop
      vertex -6 10.3923 230.5
      vertex -4.5922 11.0866 230
      vertex -6 10.3923 230
    endloop
  endfacet
  facet normal -0.946941 0.321408 0
    outer loop
      vertex -11.5911 3.10583 230
      vertex -11.0866 4.5922 230.5
      vertex -11.0866 4.5922 230
    endloop
  endfacet
  facet normal -0.946941 0.321408 0
    outer loop
      vertex -11.0866 4.5922 230.5
      vertex -11.5911 3.10583 230
      vertex -11.5911 3.10583 230.5
    endloop
  endfacet
  facet normal 0.659348 0.751838 -0
    outer loop
      vertex 8.48528 8.48528 230
      vertex 7.30514 9.52024 230.5
      vertex 8.48528 8.48528 230.5
    endloop
  endfacet
  facet normal 0.659348 0.751838 0
    outer loop
      vertex 7.30514 9.52024 230.5
      vertex 8.48528 8.48528 230
      vertex 7.30514 9.52024 230
    endloop
  endfacet
  facet normal 0.0654276 -0.997857 0
    outer loop
      vertex 0 -12 230
      vertex 1.56631 -11.8973 230.5
      vertex 0 -12 230.5
    endloop
  endfacet
  facet normal 0.0654276 -0.997857 0
    outer loop
      vertex 1.56631 -11.8973 230.5
      vertex 0 -12 230
      vertex 1.56631 -11.8973 230
    endloop
  endfacet
  facet normal 0.555567 0.831472 -0
    outer loop
      vertex 7.30514 9.52024 230
      vertex 6 10.3923 230.5
      vertex 7.30514 9.52024 230.5
    endloop
  endfacet
  facet normal 0.555567 0.831472 0
    outer loop
      vertex 6 10.3923 230.5
      vertex 7.30514 9.52024 230
      vertex 6 10.3923 230
    endloop
  endfacet
  facet normal -0.946941 -0.321408 0
    outer loop
      vertex -11.0866 -4.5922 230
      vertex -11.5911 -3.10583 230.5
      vertex -11.5911 -3.10583 230
    endloop
  endfacet
  facet normal -0.946941 -0.321408 0
    outer loop
      vertex -11.5911 -3.10583 230.5
      vertex -11.0866 -4.5922 230
      vertex -11.0866 -4.5922 230.5
    endloop
  endfacet
  facet normal -0.195072 -0.980789 0
    outer loop
      vertex -3.10583 -11.5911 230
      vertex -1.56631 -11.8973 230.5
      vertex -3.10583 -11.5911 230.5
    endloop
  endfacet
  facet normal -0.195072 -0.980789 -0
    outer loop
      vertex -1.56631 -11.8973 230.5
      vertex -3.10583 -11.5911 230
      vertex -1.56631 -11.8973 230
    endloop
  endfacet
  facet normal -0.555567 -0.831472 0
    outer loop
      vertex -7.30514 -9.52024 230
      vertex -6 -10.3923 230.5
      vertex -7.30514 -9.52024 230.5
    endloop
  endfacet
  facet normal -0.555567 -0.831472 -0
    outer loop
      vertex -6 -10.3923 230.5
      vertex -7.30514 -9.52024 230
      vertex -6 -10.3923 230
    endloop
  endfacet
  facet normal -0.321408 -0.946941 0
    outer loop
      vertex -4.5922 -11.0866 230
      vertex -3.10583 -11.5911 230.5
      vertex -4.5922 -11.0866 230.5
    endloop
  endfacet
  facet normal -0.321408 -0.946941 -0
    outer loop
      vertex -3.10583 -11.5911 230.5
      vertex -4.5922 -11.0866 230
      vertex -3.10583 -11.5911 230
    endloop
  endfacet
  facet normal 0.195072 0.980789 -0
    outer loop
      vertex 3.10583 11.5911 230
      vertex 1.56631 11.8973 230.5
      vertex 3.10583 11.5911 230.5
    endloop
  endfacet
  facet normal 0.195072 0.980789 0
    outer loop
      vertex 1.56631 11.8973 230.5
      vertex 3.10583 11.5911 230
      vertex 1.56631 11.8973 230
    endloop
  endfacet
  facet normal 0.321408 0.946941 -0
    outer loop
      vertex 4.5922 11.0866 230
      vertex 3.10583 11.5911 230.5
      vertex 4.5922 11.0866 230.5
    endloop
  endfacet
  facet normal 0.321408 0.946941 0
    outer loop
      vertex 3.10583 11.5911 230.5
      vertex 4.5922 11.0866 230
      vertex 3.10583 11.5911 230
    endloop
  endfacet
  facet normal 0.0654276 0.997857 -0
    outer loop
      vertex 1.56631 11.8973 230
      vertex 0 12 230.5
      vertex 1.56631 11.8973 230.5
    endloop
  endfacet
  facet normal 0.0654276 0.997857 0
    outer loop
      vertex 0 12 230.5
      vertex 1.56631 11.8973 230
      vertex 0 12 230
    endloop
  endfacet
  facet normal 0.831472 -0.555567 0
    outer loop
      vertex 9.52024 -7.30514 230.5
      vertex 10.3923 -6 230
      vertex 10.3923 -6 230.5
    endloop
  endfacet
  facet normal 0.831472 -0.555567 0
    outer loop
      vertex 10.3923 -6 230
      vertex 9.52024 -7.30514 230.5
      vertex 9.52024 -7.30514 230
    endloop
  endfacet
  facet normal 0.831472 0.555567 0
    outer loop
      vertex 10.3923 6 230.5
      vertex 9.52024 7.30514 230
      vertex 9.52024 7.30514 230.5
    endloop
  endfacet
  facet normal 0.831472 0.555567 0
    outer loop
      vertex 9.52024 7.30514 230
      vertex 10.3923 6 230.5
      vertex 10.3923 6 230
    endloop
  endfacet
  facet normal 0.555567 -0.831472 0
    outer loop
      vertex 6 -10.3923 230
      vertex 7.30514 -9.52024 230.5
      vertex 6 -10.3923 230.5
    endloop
  endfacet
  facet normal 0.555567 -0.831472 0
    outer loop
      vertex 7.30514 -9.52024 230.5
      vertex 6 -10.3923 230
      vertex 7.30514 -9.52024 230
    endloop
  endfacet
  facet normal -0.195072 0.980789 0
    outer loop
      vertex -1.56631 11.8973 230
      vertex -3.10583 11.5911 230.5
      vertex -1.56631 11.8973 230.5
    endloop
  endfacet
  facet normal -0.195072 0.980789 0
    outer loop
      vertex -3.10583 11.5911 230.5
      vertex -1.56631 11.8973 230
      vertex -3.10583 11.5911 230
    endloop
  endfacet
  facet normal 0.89686 -0.442314 0
    outer loop
      vertex 10.3923 -6 230.5
      vertex 11.0866 -4.5922 230
      vertex 11.0866 -4.5922 230.5
    endloop
  endfacet
  facet normal 0.89686 -0.442314 0
    outer loop
      vertex 11.0866 -4.5922 230
      vertex 10.3923 -6 230.5
      vertex 10.3923 -6 230
    endloop
  endfacet
  facet normal -0.555567 0.831472 0
    outer loop
      vertex -6 10.3923 230
      vertex -7.30514 9.52024 230.5
      vertex -6 10.3923 230.5
    endloop
  endfacet
  facet normal -0.555567 0.831472 0
    outer loop
      vertex -7.30514 9.52024 230.5
      vertex -6 10.3923 230
      vertex -7.30514 9.52024 230
    endloop
  endfacet
  facet normal 0.195072 -0.980789 0
    outer loop
      vertex 1.56631 -11.8973 230
      vertex 3.10583 -11.5911 230.5
      vertex 1.56631 -11.8973 230.5
    endloop
  endfacet
  facet normal 0.195072 -0.980789 0
    outer loop
      vertex 3.10583 -11.5911 230.5
      vertex 1.56631 -11.8973 230
      vertex 3.10583 -11.5911 230
    endloop
  endfacet
  facet normal 0.442314 0.89686 -0
    outer loop
      vertex 6 10.3923 230
      vertex 4.5922 11.0866 230.5
      vertex 6 10.3923 230.5
    endloop
  endfacet
  facet normal 0.442314 0.89686 0
    outer loop
      vertex 4.5922 11.0866 230.5
      vertex 6 10.3923 230
      vertex 4.5922 11.0866 230
    endloop
  endfacet
  facet normal 0.751838 0.659348 0
    outer loop
      vertex 9.52024 7.30514 230.5
      vertex 8.48528 8.48528 230
      vertex 8.48528 8.48528 230.5
    endloop
  endfacet
  facet normal 0.751838 0.659348 0
    outer loop
      vertex 8.48528 8.48528 230
      vertex 9.52024 7.30514 230.5
      vertex 9.52024 7.30514 230
    endloop
  endfacet
  facet normal 0.997857 -0.0654276 0
    outer loop
      vertex 11.8973 -1.56631 230.5
      vertex 12 0 230
      vertex 12 0 230.5
    endloop
  endfacet
  facet normal 0.997857 -0.0654276 0
    outer loop
      vertex 12 0 230
      vertex 11.8973 -1.56631 230.5
      vertex 11.8973 -1.56631 230
    endloop
  endfacet
  facet normal 0.89686 0.442314 0
    outer loop
      vertex 11.0866 4.5922 230.5
      vertex 10.3923 6 230
      vertex 10.3923 6 230.5
    endloop
  endfacet
  facet normal 0.89686 0.442314 0
    outer loop
      vertex 10.3923 6 230
      vertex 11.0866 4.5922 230.5
      vertex 11.0866 4.5922 230
    endloop
  endfacet
  facet normal -0.89686 -0.442314 0
    outer loop
      vertex -10.3923 -6 230
      vertex -11.0866 -4.5922 230.5
      vertex -11.0866 -4.5922 230
    endloop
  endfacet
  facet normal -0.89686 -0.442314 0
    outer loop
      vertex -11.0866 -4.5922 230.5
      vertex -10.3923 -6 230
      vertex -10.3923 -6 230.5
    endloop
  endfacet
  facet normal -0.751838 -0.659348 0
    outer loop
      vertex -8.48528 -8.48528 230
      vertex -9.52024 -7.30514 230.5
      vertex -9.52024 -7.30514 230
    endloop
  endfacet
  facet normal -0.751838 -0.659348 0
    outer loop
      vertex -9.52024 -7.30514 230.5
      vertex -8.48528 -8.48528 230
      vertex -8.48528 -8.48528 230.5
    endloop
  endfacet
  facet normal 0.751838 -0.659348 0
    outer loop
      vertex 8.48528 -8.48528 230.5
      vertex 9.52024 -7.30514 230
      vertex 9.52024 -7.30514 230.5
    endloop
  endfacet
  facet normal 0.751838 -0.659348 0
    outer loop
      vertex 9.52024 -7.30514 230
      vertex 8.48528 -8.48528 230.5
      vertex 8.48528 -8.48528 230
    endloop
  endfacet
  facet normal -0.997857 0.0654276 0
    outer loop
      vertex -12 0 230
      vertex -11.8973 1.56631 230.5
      vertex -11.8973 1.56631 230
    endloop
  endfacet
  facet normal -0.997857 0.0654276 0
    outer loop
      vertex -11.8973 1.56631 230.5
      vertex -12 0 230
      vertex -12 0 230.5
    endloop
  endfacet
  facet normal 0.980789 -0.195072 0
    outer loop
      vertex 11.5911 -3.10583 230.5
      vertex 11.8973 -1.56631 230
      vertex 11.8973 -1.56631 230.5
    endloop
  endfacet
  facet normal 0.980789 -0.195072 0
    outer loop
      vertex 11.8973 -1.56631 230
      vertex 11.5911 -3.10583 230.5
      vertex 11.5911 -3.10583 230
    endloop
  endfacet
  facet normal -0.751838 0.659348 0
    outer loop
      vertex -9.52024 7.30514 230
      vertex -8.48528 8.48528 230.5
      vertex -8.48528 8.48528 230
    endloop
  endfacet
  facet normal -0.751838 0.659348 0
    outer loop
      vertex -8.48528 8.48528 230.5
      vertex -9.52024 7.30514 230
      vertex -9.52024 7.30514 230.5
    endloop
  endfacet
  facet normal -0.831472 -0.555567 0
    outer loop
      vertex -9.52024 -7.30514 230
      vertex -10.3923 -6 230.5
      vertex -10.3923 -6 230
    endloop
  endfacet
  facet normal -0.831472 -0.555567 0
    outer loop
      vertex -10.3923 -6 230.5
      vertex -9.52024 -7.30514 230
      vertex -9.52024 -7.30514 230.5
    endloop
  endfacet
  facet normal 0.946941 0.321408 0
    outer loop
      vertex 11.5911 3.10583 230.5
      vertex 11.0866 4.5922 230
      vertex 11.0866 4.5922 230.5
    endloop
  endfacet
  facet normal 0.946941 0.321408 0
    outer loop
      vertex 11.0866 4.5922 230
      vertex 11.5911 3.10583 230.5
      vertex 11.5911 3.10583 230
    endloop
  endfacet
  facet normal -0.997857 -0.0654276 0
    outer loop
      vertex -11.8973 -1.56631 230
      vertex -12 0 230.5
      vertex -12 0 230
    endloop
  endfacet
  facet normal -0.997857 -0.0654276 0
    outer loop
      vertex -12 0 230.5
      vertex -11.8973 -1.56631 230
      vertex -11.8973 -1.56631 230.5
    endloop
  endfacet
  facet normal -0.980789 0.195072 0
    outer loop
      vertex -11.8973 1.56631 230
      vertex -11.5911 3.10583 230.5
      vertex -11.5911 3.10583 230
    endloop
  endfacet
  facet normal -0.980789 0.195072 0
    outer loop
      vertex -11.5911 3.10583 230.5
      vertex -11.8973 1.56631 230
      vertex -11.8973 1.56631 230.5
    endloop
  endfacet
  facet normal 0.442314 -0.89686 0
    outer loop
      vertex 4.5922 -11.0866 230
      vertex 6 -10.3923 230.5
      vertex 4.5922 -11.0866 230.5
    endloop
  endfacet
  facet normal 0.442314 -0.89686 0
    outer loop
      vertex 6 -10.3923 230.5
      vertex 4.5922 -11.0866 230
      vertex 6 -10.3923 230
    endloop
  endfacet
  facet normal 0.321408 -0.946941 0
    outer loop
      vertex 3.10583 -11.5911 230
      vertex 4.5922 -11.0866 230.5
      vertex 3.10583 -11.5911 230.5
    endloop
  endfacet
  facet normal 0.321408 -0.946941 0
    outer loop
      vertex 4.5922 -11.0866 230.5
      vertex 3.10583 -11.5911 230
      vertex 4.5922 -11.0866 230
    endloop
  endfacet
  facet normal -0.0654276 -0.997857 0
    outer loop
      vertex -1.56631 -11.8973 230
      vertex 0 -12 230.5
      vertex -1.56631 -11.8973 230.5
    endloop
  endfacet
  facet normal -0.0654276 -0.997857 -0
    outer loop
      vertex 0 -12 230.5
      vertex -1.56631 -11.8973 230
      vertex 0 -12 230
    endloop
  endfacet
  facet normal -0.831472 0.555567 0
    outer loop
      vertex -10.3923 6 230
      vertex -9.52024 7.30514 230.5
      vertex -9.52024 7.30514 230
    endloop
  endfacet
  facet normal -0.831472 0.555567 0
    outer loop
      vertex -9.52024 7.30514 230.5
      vertex -10.3923 6 230
      vertex -10.3923 6 230.5
    endloop
  endfacet
  facet normal -0.659348 -0.751838 0
    outer loop
      vertex -8.48528 -8.48528 230
      vertex -7.30514 -9.52024 230.5
      vertex -8.48528 -8.48528 230.5
    endloop
  endfacet
  facet normal -0.659348 -0.751838 -0
    outer loop
      vertex -7.30514 -9.52024 230.5
      vertex -8.48528 -8.48528 230
      vertex -7.30514 -9.52024 230
    endloop
  endfacet
  facet normal 0 1 0
    outer loop
      vertex 89.3446 10 -94.4869
      vertex 102.881 10 -55.9233
      vertex 119.501 10 -70.499
    endloop
  endfacet
  facet normal 0 1 0
    outer loop
      vertex 92.631 10 -97.369
      vertex 119.501 10 -70.499
      vertex 134.077 10 -87.1193
    endloop
  endfacet
  facet normal 0 1 0
    outer loop
      vertex 102.881 10 -55.9233
      vertex 89.3446 10 -94.4869
      vertex 89.3446 10 -46.8787
    endloop
  endfacet
  facet normal 0 1 0
    outer loop
      vertex 119.501 10 -70.499
      vertex 92.631 10 -97.369
      vertex 89.3446 10 -94.4869
    endloop
  endfacet
  facet normal 0 1 0
    outer loop
      vertex 103.929 10 -110.252
      vertex 134.077 10 -87.1193
      vertex 146.358 10 -105.5
    endloop
  endfacet
  facet normal 0 1 0
    outer loop
      vertex 134.077 10 -87.1193
      vertex 103.929 10 -110.252
      vertex 92.631 10 -97.369
    endloop
  endfacet
  facet normal 0 1 0
    outer loop
      vertex 146.358 10 -105.5
      vertex 113.449 10 -124.5
      vertex 103.929 10 -110.252
    endloop
  endfacet
  facet normal 0 1 0
    outer loop
      vertex 156.136 10 -125.326
      vertex 113.449 10 -124.5
      vertex 146.358 10 -105.5
    endloop
  endfacet
  facet normal 0 1 0
    outer loop
      vertex 156.136 10 -125.326
      vertex 121.028 10 -139.868
      vertex 113.449 10 -124.5
    endloop
  endfacet
  facet normal 0 1 0
    outer loop
      vertex 163.241 10 -146.26
      vertex 121.028 10 -139.868
      vertex 156.136 10 -125.326
    endloop
  endfacet
  facet normal 0 1 0
    outer loop
      vertex 163.241 10 -146.26
      vertex 126.536 10 -156.095
      vertex 121.028 10 -139.868
    endloop
  endfacet
  facet normal 0 1 0
    outer loop
      vertex 167.554 10 -167.941
      vertex 126.536 10 -156.095
      vertex 163.241 10 -146.26
    endloop
  endfacet
  facet normal 0 1 0
    outer loop
      vertex 167.554 10 -167.941
      vertex 129.879 10 -172.901
      vertex 126.536 10 -156.095
    endloop
  endfacet
  facet normal 0 1 0
    outer loop
      vertex 169 10 -190
      vertex 129.879 10 -172.901
      vertex 167.554 10 -167.941
    endloop
  endfacet
  facet normal 0 1 0
    outer loop
      vertex 169 10 -190
      vertex 131 10 -190
      vertex 129.879 10 -172.901
    endloop
  endfacet
  facet normal 0 1 0
    outer loop
      vertex 169 10 -190
      vertex 129.879 10 -207.099
      vertex 131 10 -190
    endloop
  endfacet
  facet normal 0 1 -0
    outer loop
      vertex 167.554 10 -212.059
      vertex 129.879 10 -207.099
      vertex 169 10 -190
    endloop
  endfacet
  facet normal 0 1 0
    outer loop
      vertex 167.554 10 -212.059
      vertex 126.536 10 -223.905
      vertex 129.879 10 -207.099
    endloop
  endfacet
  facet normal 0 1 -0
    outer loop
      vertex 163.241 10 -233.74
      vertex 126.536 10 -223.905
      vertex 167.554 10 -212.059
    endloop
  endfacet
  facet normal 0 1 0
    outer loop
      vertex 163.241 10 -233.74
      vertex 121.028 10 -240.132
      vertex 126.536 10 -223.905
    endloop
  endfacet
  facet normal 0 1 -0
    outer loop
      vertex 156.136 10 -254.673
      vertex 121.028 10 -240.132
      vertex 163.241 10 -233.74
    endloop
  endfacet
  facet normal 0 1 0
    outer loop
      vertex 156.136 10 -254.673
      vertex 113.449 10 -255.5
      vertex 121.028 10 -240.132
    endloop
  endfacet
  facet normal 0 1 -0
    outer loop
      vertex 146.358 10 -274.5
      vertex 113.449 10 -255.5
      vertex 156.136 10 -254.673
    endloop
  endfacet
  facet normal 0 1 0
    outer loop
      vertex 113.449 10 -255.5
      vertex 146.358 10 -274.5
      vertex 103.929 10 -269.748
    endloop
  endfacet
  facet normal 0 1 -0
    outer loop
      vertex 134.077 10 -292.881
      vertex 103.929 10 -269.748
      vertex 146.358 10 -274.5
    endloop
  endfacet
  facet normal 0 1 0
    outer loop
      vertex 103.929 10 -269.748
      vertex 134.077 10 -292.881
      vertex 92.631 10 -282.631
    endloop
  endfacet
  facet normal 0 1 -0
    outer loop
      vertex 119.501 10 -309.501
      vertex 92.631 10 -282.631
      vertex 134.077 10 -292.881
    endloop
  endfacet
  facet normal 0 1 0
    outer loop
      vertex 92.631 10 -282.631
      vertex 119.501 10 -309.501
      vertex 79.7477 10 -293.929
    endloop
  endfacet
  facet normal 0 1 -0
    outer loop
      vertex 102.881 10 -324.077
      vertex 79.7477 10 -293.929
      vertex 119.501 10 -309.501
    endloop
  endfacet
  facet normal 0 1 0
    outer loop
      vertex 79.7477 10 -293.929
      vertex 102.881 10 -324.077
      vertex 65.5 10 -303.449
    endloop
  endfacet
  facet normal 0 1 -0
    outer loop
      vertex 84.5 10 -336.358
      vertex 65.5 10 -303.449
      vertex 102.881 10 -324.077
    endloop
  endfacet
  facet normal 0 1 0
    outer loop
      vertex 65.5 10 -303.449
      vertex 84.5 10 -336.358
      vertex 50.1315 10 -311.028
    endloop
  endfacet
  facet normal 0 1 0
    outer loop
      vertex 50.1315 10 -311.028
      vertex 64.6735 10 -346.136
      vertex 33.9053 10 -316.536
    endloop
  endfacet
  facet normal 0 1 -0
    outer loop
      vertex 64.6735 10 -346.136
      vertex 50.1315 10 -311.028
      vertex 84.5 10 -336.358
    endloop
  endfacet
  facet normal 0 1 -0
    outer loop
      vertex -89.3446 10 -94.4869
      vertex -102.881 10 -55.9233
      vertex -89.3446 10 -46.8787
    endloop
  endfacet
  facet normal 0 1 -0
    outer loop
      vertex -90.5 10 -95
      vertex -102.881 10 -55.9233
      vertex -89.3446 10 -94.4869
    endloop
  endfacet
  facet normal 0 1 0
    outer loop
      vertex -102.881 10 -55.9233
      vertex -90.5 10 -95
      vertex -119.501 10 -70.499
    endloop
  endfacet
  facet normal 0 1 0
    outer loop
      vertex -90.5 10 -95
      vertex -89.3446 10 -94.4869
      vertex -89.9296 10 -95
    endloop
  endfacet
  facet normal 0 1 -0
    outer loop
      vertex -92.631 10 -97.369
      vertex -119.501 10 -70.499
      vertex -90.5 10 -95
    endloop
  endfacet
  facet normal 0 1 0
    outer loop
      vertex -92.631 10 -97.369
      vertex -90.5 10 -95
      vertex -90.5 10 -95.5002
    endloop
  endfacet
  facet normal 0 1 0
    outer loop
      vertex -119.501 10 -70.499
      vertex -92.631 10 -97.369
      vertex -134.077 10 -87.1193
    endloop
  endfacet
  facet normal 0 1 -0
    outer loop
      vertex -103.929 10 -110.252
      vertex -134.077 10 -87.1193
      vertex -92.631 10 -97.369
    endloop
  endfacet
  facet normal 0 1 0
    outer loop
      vertex -134.077 10 -87.1193
      vertex -103.929 10 -110.252
      vertex -146.358 10 -105.5
    endloop
  endfacet
  facet normal 0 1 -0
    outer loop
      vertex -113.449 10 -124.5
      vertex -146.358 10 -105.5
      vertex -103.929 10 -110.252
    endloop
  endfacet
  facet normal 0 1 0
    outer loop
      vertex -113.449 10 -124.5
      vertex -156.136 10 -125.326
      vertex -146.358 10 -105.5
    endloop
  endfacet
  facet normal 0 1 -0
    outer loop
      vertex -121.028 10 -139.868
      vertex -156.136 10 -125.326
      vertex -113.449 10 -124.5
    endloop
  endfacet
  facet normal 0 1 0
    outer loop
      vertex -121.028 10 -139.868
      vertex -163.241 10 -146.26
      vertex -156.136 10 -125.326
    endloop
  endfacet
  facet normal 0 1 -0
    outer loop
      vertex -126.536 10 -156.095
      vertex -163.241 10 -146.26
      vertex -121.028 10 -139.868
    endloop
  endfacet
  facet normal 0 1 0
    outer loop
      vertex -126.536 10 -156.095
      vertex -167.554 10 -167.941
      vertex -163.241 10 -146.26
    endloop
  endfacet
  facet normal 0 1 -0
    outer loop
      vertex -129.879 10 -172.901
      vertex -167.554 10 -167.941
      vertex -126.536 10 -156.095
    endloop
  endfacet
  facet normal 0 1 -0
    outer loop
      vertex -131 10 -190
      vertex -167.554 10 -167.941
      vertex -129.879 10 -172.901
    endloop
  endfacet
  facet normal 0 1 0
    outer loop
      vertex -131 10 -190
      vertex -169 10 -190
      vertex -167.554 10 -167.941
    endloop
  endfacet
  facet normal 0 1 0
    outer loop
      vertex -129.879 10 -207.099
      vertex -169 10 -190
      vertex -131 10 -190
    endloop
  endfacet
  facet normal 0 1 0
    outer loop
      vertex -129.879 10 -207.099
      vertex -167.554 10 -212.059
      vertex -169 10 -190
    endloop
  endfacet
  facet normal 0 1 0
    outer loop
      vertex -126.536 10 -223.905
      vertex -167.554 10 -212.059
      vertex -129.879 10 -207.099
    endloop
  endfacet
  facet normal 0 1 0
    outer loop
      vertex -126.536 10 -223.905
      vertex -163.241 10 -233.74
      vertex -167.554 10 -212.059
    endloop
  endfacet
  facet normal 0 1 0
    outer loop
      vertex -121.028 10 -240.132
      vertex -163.241 10 -233.74
      vertex -126.536 10 -223.905
    endloop
  endfacet
  facet normal 0 1 0
    outer loop
      vertex -121.028 10 -240.132
      vertex -156.136 10 -254.673
      vertex -163.241 10 -233.74
    endloop
  endfacet
  facet normal 0 1 0
    outer loop
      vertex -113.449 10 -255.5
      vertex -156.136 10 -254.673
      vertex -121.028 10 -240.132
    endloop
  endfacet
  facet normal 0 1 0
    outer loop
      vertex -146.358 10 -274.5
      vertex -113.449 10 -255.5
      vertex -103.929 10 -269.748
    endloop
  endfacet
  facet normal 0 1 0
    outer loop
      vertex -113.449 10 -255.5
      vertex -146.358 10 -274.5
      vertex -156.136 10 -254.673
    endloop
  endfacet
  facet normal 0 1 0
    outer loop
      vertex -134.077 10 -292.881
      vertex -103.929 10 -269.748
      vertex -92.631 10 -282.631
    endloop
  endfacet
  facet normal 0 1 0
    outer loop
      vertex -103.929 10 -269.748
      vertex -134.077 10 -292.881
      vertex -146.358 10 -274.5
    endloop
  endfacet
  facet normal 0 1 0
    outer loop
      vertex -119.501 10 -309.501
      vertex -92.631 10 -282.631
      vertex -79.7477 10 -293.929
    endloop
  endfacet
  facet normal 0 1 0
    outer loop
      vertex -102.881 10 -324.077
      vertex -79.7477 10 -293.929
      vertex -65.5 10 -303.449
    endloop
  endfacet
  facet normal 0 1 0
    outer loop
      vertex -92.631 10 -282.631
      vertex -119.501 10 -309.501
      vertex -134.077 10 -292.881
    endloop
  endfacet
  facet normal 0 1 0
    outer loop
      vertex -84.5 10 -336.358
      vertex -65.5 10 -303.449
      vertex -50.1315 10 -311.028
    endloop
  endfacet
  facet normal 0 1 0
    outer loop
      vertex -64.6735 10 -346.136
      vertex -50.1315 10 -311.028
      vertex -33.9053 10 -316.536
    endloop
  endfacet
  facet normal 0 1 0
    outer loop
      vertex -43.7404 10 -353.241
      vertex -33.9053 10 -316.536
      vertex -17.0989 10 -319.879
    endloop
  endfacet
  facet normal 0 1 0
    outer loop
      vertex -79.7477 10 -293.929
      vertex -102.881 10 -324.077
      vertex -119.501 10 -309.501
    endloop
  endfacet
  facet normal 0 1 0
    outer loop
      vertex -22.0589 10 -357.554
      vertex -17.0989 10 -319.879
      vertex 0 10 -321
    endloop
  endfacet
  facet normal 0 1 -0
    outer loop
      vertex 43.7404 10 -353.241
      vertex 33.9053 10 -316.536
      vertex 64.6735 10 -346.136
    endloop
  endfacet
  facet normal 0 1 0
    outer loop
      vertex 33.9053 10 -316.536
      vertex 43.7404 10 -353.241
      vertex 17.0989 10 -319.879
    endloop
  endfacet
  facet normal 0 1 0
    outer loop
      vertex -65.5 10 -303.449
      vertex -84.5 10 -336.358
      vertex -102.881 10 -324.077
    endloop
  endfacet
  facet normal 0 1 -0
    outer loop
      vertex 22.0589 10 -357.554
      vertex 17.0989 10 -319.879
      vertex 43.7404 10 -353.241
    endloop
  endfacet
  facet normal 0 1 0
    outer loop
      vertex -50.1315 10 -311.028
      vertex -64.6735 10 -346.136
      vertex -84.5 10 -336.358
    endloop
  endfacet
  facet normal 0 1 0
    outer loop
      vertex 17.0989 10 -319.879
      vertex 22.0589 10 -357.554
      vertex 0 10 -321
    endloop
  endfacet
  facet normal 0 1 0
    outer loop
      vertex -33.9053 10 -316.536
      vertex -43.7404 10 -353.241
      vertex -64.6735 10 -346.136
    endloop
  endfacet
  facet normal 0 1 0
    outer loop
      vertex 0 10 -359
      vertex 0 10 -321
      vertex 22.0589 10 -357.554
    endloop
  endfacet
  facet normal 0 1 0
    outer loop
      vertex -17.0989 10 -319.879
      vertex -22.0589 10 -357.554
      vertex -43.7404 10 -353.241
    endloop
  endfacet
  facet normal 0 1 0
    outer loop
      vertex 0 10 -321
      vertex 0 10 -359
      vertex -22.0589 10 -357.554
    endloop
  endfacet
  facet normal 0 1 0
    outer loop
      vertex -72.9072 10 -81.5
      vertex -79.7477 10 -86.0707
      vertex -83.3446 10 -81.5
    endloop
  endfacet
  facet normal 0 1 0
    outer loop
      vertex -27 10 -56
      vertex -22.0589 10 -22.4458
      vertex -21 10 -22.3764
    endloop
  endfacet
  facet normal 0 1 0
    outer loop
      vertex -22.0589 10 -22.4458
      vertex -27 10 -56
      vertex -27 10 -23.4287
    endloop
  endfacet
  facet normal 0 1 0
    outer loop
      vertex -33.9053 10 -63.4637
      vertex -27 10 -56
      vertex -21 10 -60.8967
    endloop
  endfacet
  facet normal 0 1 -0
    outer loop
      vertex -21 10 -60.8967
      vertex -27 10 -56
      vertex -21 10 -22.3764
    endloop
  endfacet
  facet normal 0 1 -0
    outer loop
      vertex -55 10 -56
      vertex -64.6735 10 -33.8644
      vertex -55 10 -30.5806
    endloop
  endfacet
  facet normal 0 1 0
    outer loop
      vertex -64.6735 10 -33.8644
      vertex -55 10 -56
      vertex -84.3446 10 -43.5651
    endloop
  endfacet
  facet normal 0 1 0
    outer loop
      vertex -27 10 -56
      vertex -33.9053 10 -63.4637
      vertex -55 10 -56
    endloop
  endfacet
  facet normal 0 1 -0
    outer loop
      vertex -50.1315 10 -68.9718
      vertex -55 10 -56
      vertex -33.9053 10 -63.4637
    endloop
  endfacet
  facet normal 0 1 0
    outer loop
      vertex -55 10 -69
      vertex -55 10 -56
      vertex -50.1315 10 -68.9718
    endloop
  endfacet
  facet normal 0 1 0
    outer loop
      vertex -55 10 -69
      vertex -50.1315 10 -68.9718
      vertex -50.1888 10 -69
    endloop
  endfacet
  facet normal 0 1 0
    outer loop
      vertex -65.5 10 -76.5507
      vertex -55 10 -56
      vertex -55 10 -69
    endloop
  endfacet
  facet normal 0 1 0
    outer loop
      vertex -65.5 10 -76.5507
      vertex -55 10 -69
      vertex -55 10 -71.3726
    endloop
  endfacet
  facet normal 0 1 0
    outer loop
      vertex -55 10 -56
      vertex -65.5 10 -76.5507
      vertex -84.3446 10 -43.5651
    endloop
  endfacet
  facet normal 0 1 0
    outer loop
      vertex -83.3446 10 -78.5
      vertex -65.5 10 -76.5507
      vertex -68.4174 10 -78.5
    endloop
  endfacet
  facet normal 0 1 0
    outer loop
      vertex -65.5 10 -76.5507
      vertex -83.3446 10 -78.5
      vertex -84.3446 10 -43.5651
    endloop
  endfacet
  facet normal 0 1 0
    outer loop
      vertex -84.3446 10 -90.102
      vertex -83.3446 10 -78.5
      vertex -83.3446 10 -81.5
    endloop
  endfacet
  facet normal 0 1 0
    outer loop
      vertex -83.3446 10 -78.5
      vertex -84.3446 10 -90.102
      vertex -84.3446 10 -43.5651
    endloop
  endfacet
  facet normal 0 1 0
    outer loop
      vertex -84.3446 10 -90.102
      vertex -83.3446 10 -81.5
      vertex -79.7477 10 -86.0707
    endloop
  endfacet
  facet normal 0 1 0
    outer loop
      vertex 55 10 -56
      vertex 64.6735 10 -33.8644
      vertex 84.3446 10 -43.5651
    endloop
  endfacet
  facet normal 0 1 0
    outer loop
      vertex 64.6735 10 -33.8644
      vertex 55 10 -56
      vertex 55 10 -30.5806
    endloop
  endfacet
  facet normal 0 1 -0
    outer loop
      vertex 33.9053 10 -63.4637
      vertex 27 10 -56
      vertex 55 10 -56
    endloop
  endfacet
  facet normal 0 1 0
    outer loop
      vertex 27 10 -56
      vertex 33.9053 10 -63.4637
      vertex 21 10 -60.8967
    endloop
  endfacet
  facet normal 0 1 0
    outer loop
      vertex 55 10 -56
      vertex 50.1315 10 -68.9718
      vertex 33.9053 10 -63.4637
    endloop
  endfacet
  facet normal 0 1 -0
    outer loop
      vertex 65.5 10 -76.5507
      vertex 55 10 -56
      vertex 84.3446 10 -43.5651
    endloop
  endfacet
  facet normal 0 1 0
    outer loop
      vertex 55 10 -56
      vertex 55 10 -69
      vertex 50.1315 10 -68.9718
    endloop
  endfacet
  facet normal 0 1 0
    outer loop
      vertex 55 10 -56
      vertex 65.5 10 -76.5507
      vertex 55 10 -69
    endloop
  endfacet
  facet normal 0 1 0
    outer loop
      vertex 55 10 -69
      vertex 65.5 10 -76.5507
      vertex 55 10 -71.3726
    endloop
  endfacet
  facet normal 0 1 0
    outer loop
      vertex 84.3446 10 -43.5651
      vertex 83.3446 10 -78.5
      vertex 65.5 10 -76.5507
    endloop
  endfacet
  facet normal 0 1 -0
    outer loop
      vertex 84.3446 10 -90.102
      vertex 83.3446 10 -78.5
      vertex 84.3446 10 -43.5651
    endloop
  endfacet
  facet normal 0 1 0
    outer loop
      vertex 83.3446 10 -81.5
      vertex 79.7477 10 -86.0707
      vertex 72.9072 10 -81.5
    endloop
  endfacet
  facet normal 0 1 0
    outer loop
      vertex 83.3446 10 -81.5
      vertex 84.3446 10 -90.102
      vertex 79.7477 10 -86.0707
    endloop
  endfacet
  facet normal 0 1 0
    outer loop
      vertex 83.3446 10 -78.5
      vertex 84.3446 10 -90.102
      vertex 83.3446 10 -81.5
    endloop
  endfacet
  facet normal 0 1 -0
    outer loop
      vertex 27 10 -56
      vertex 22.0589 10 -22.4458
      vertex 27 10 -23.4287
    endloop
  endfacet
  facet normal 0 1 0
    outer loop
      vertex 22.0589 10 -22.4458
      vertex 27 10 -56
      vertex 21 10 -22.3764
    endloop
  endfacet
  facet normal 0 1 0
    outer loop
      vertex 21 10 -22.3764
      vertex 27 10 -56
      vertex 21 10 -60.8967
    endloop
  endfacet
  facet normal 0 1 0
    outer loop
      vertex 50.1315 10 -68.9718
      vertex 55 10 -69
      vertex 50.1888 10 -69
    endloop
  endfacet
  facet normal 0 1 0
    outer loop
      vertex 65.5 10 -76.5507
      vertex 83.3446 10 -78.5
      vertex 68.4174 10 -78.5
    endloop
  endfacet
  facet normal -0.997858 0 0.0654111
    outer loop
      vertex -169 -10 -190
      vertex -167.554 10 -167.941
      vertex -169 10 -190
    endloop
  endfacet
  facet normal -0.997858 0 0.0654111
    outer loop
      vertex -167.554 10 -167.941
      vertex -169 -10 -190
      vertex -167.554 -10 -167.941
    endloop
  endfacet
  facet normal 0.997858 0 -0.065419
    outer loop
      vertex -129.879 -10 -172.901
      vertex -131 10 -190
      vertex -129.879 10 -172.901
    endloop
  endfacet
  facet normal 0.997858 0 -0.065419
    outer loop
      vertex -131 10 -190
      vertex -129.879 -10 -172.901
      vertex -131 -10 -190
    endloop
  endfacet
  facet normal -0.980782 0 0.195107
    outer loop
      vertex -167.554 -10 -167.941
      vertex -163.241 10 -146.26
      vertex -167.554 10 -167.941
    endloop
  endfacet
  facet normal -0.980782 0 0.195107
    outer loop
      vertex -163.241 10 -146.26
      vertex -167.554 -10 -167.941
      vertex -163.241 -10 -146.26
    endloop
  endfacet
  facet normal 0.980784 0 -0.195095
    outer loop
      vertex -126.536 -10 -156.095
      vertex -129.879 10 -172.901
      vertex -126.536 10 -156.095
    endloop
  endfacet
  facet normal 0.980784 0 -0.195095
    outer loop
      vertex -129.879 10 -172.901
      vertex -126.536 -10 -156.095
      vertex -129.879 -10 -172.901
    endloop
  endfacet
  facet normal -0.946946 0 0.321393
    outer loop
      vertex -163.241 -10 -146.26
      vertex -156.136 10 -125.326
      vertex -163.241 10 -146.26
    endloop
  endfacet
  facet normal -0.946946 0 0.321393
    outer loop
      vertex -156.136 10 -125.326
      vertex -163.241 -10 -146.26
      vertex -156.136 -10 -125.326
    endloop
  endfacet
  facet normal 0.946936 0 -0.321422
    outer loop
      vertex -121.028 -10 -139.868
      vertex -126.536 10 -156.095
      vertex -121.028 10 -139.868
    endloop
  endfacet
  facet normal 0.946936 0 -0.321422
    outer loop
      vertex -126.536 10 -156.095
      vertex -121.028 -10 -139.868
      vertex -126.536 -10 -156.095
    endloop
  endfacet
  facet normal -0.896857 0 0.442321
    outer loop
      vertex -156.136 -10 -125.326
      vertex -146.358 10 -105.5
      vertex -156.136 10 -125.326
    endloop
  endfacet
  facet normal -0.896857 0 0.442321
    outer loop
      vertex -146.358 10 -105.5
      vertex -156.136 -10 -125.326
      vertex -146.358 -10 -105.5
    endloop
  endfacet
  facet normal 0.896865 0 -0.442305
    outer loop
      vertex -113.449 -10 -124.5
      vertex -121.028 10 -139.868
      vertex -113.449 10 -124.5
    endloop
  endfacet
  facet normal 0.896865 0 -0.442305
    outer loop
      vertex -121.028 10 -139.868
      vertex -113.449 -10 -124.5
      vertex -121.028 -10 -139.868
    endloop
  endfacet
  facet normal -0.831482 0 0.555552
    outer loop
      vertex -146.358 -10 -105.5
      vertex -134.077 10 -87.1193
      vertex -146.358 10 -105.5
    endloop
  endfacet
  facet normal -0.831482 0 0.555552
    outer loop
      vertex -134.077 10 -87.1193
      vertex -146.358 -10 -105.5
      vertex -134.077 -10 -87.1193
    endloop
  endfacet
  facet normal 0.831475 0 -0.555562
    outer loop
      vertex -103.929 -10 -110.252
      vertex -113.449 10 -124.5
      vertex -103.929 10 -110.252
    endloop
  endfacet
  facet normal 0.831475 0 -0.555562
    outer loop
      vertex -113.449 10 -124.5
      vertex -103.929 -10 -110.252
      vertex -113.449 -10 -124.5
    endloop
  endfacet
  facet normal -0.751831 0 0.659356
    outer loop
      vertex -134.077 -10 -87.1193
      vertex -119.501 10 -70.499
      vertex -134.077 10 -87.1193
    endloop
  endfacet
  facet normal -0.751831 0 0.659356
    outer loop
      vertex -119.501 10 -70.499
      vertex -134.077 -10 -87.1193
      vertex -119.501 -10 -70.499
    endloop
  endfacet
  facet normal 0.751842 0 -0.659343
    outer loop
      vertex -92.631 -10 -97.369
      vertex -103.929 10 -110.252
      vertex -92.631 10 -97.369
    endloop
  endfacet
  facet normal 0.751842 0 -0.659343
    outer loop
      vertex -103.929 10 -110.252
      vertex -92.631 -10 -97.369
      vertex -103.929 -10 -110.252
    endloop
  endfacet
  facet normal -0.659355 0 0.751832
    outer loop
      vertex -119.501 10 -70.499
      vertex -102.881 -10 -55.9233
      vertex -102.881 10 -55.9233
    endloop
  endfacet
  facet normal -0.659355 0 0.751832
    outer loop
      vertex -102.881 -10 -55.9233
      vertex -119.501 10 -70.499
      vertex -119.501 -10 -70.499
    endloop
  endfacet
  facet normal 0.659338 0 -0.751846
    outer loop
      vertex -92.631 -10 -97.369
      vertex -90.5 10 -95.5002
      vertex -90.5 -10 -95.5002
    endloop
  endfacet
  facet normal 0.659338 0 -0.751846
    outer loop
      vertex -90.5 10 -95.5002
      vertex -92.631 -10 -97.369
      vertex -92.631 10 -97.369
    endloop
  endfacet
  facet normal 0.659339 -3.01105e-06 -0.751846
    outer loop
      vertex -85 0 -90.6768
      vertex -79.7477 -10 -86.0707
      vertex -84.3446 -10 -90.102
    endloop
  endfacet
  facet normal 0.659342 0 -0.751843
    outer loop
      vertex -79.7477 -10 -86.0707
      vertex -85 0 -90.6768
      vertex -79.7477 10 -86.0707
    endloop
  endfacet
  facet normal 0.659339 3.01105e-06 -0.751846
    outer loop
      vertex -79.7477 10 -86.0707
      vertex -85 0 -90.6768
      vertex -84.3446 10 -90.102
    endloop
  endfacet
  facet normal 0.659396 0 -0.751796
    outer loop
      vertex -89.9296 10 -95
      vertex -89.3446 10 -94.4869
      vertex -89.9296 1.07335 -95
    endloop
  endfacet
  facet normal 0.659396 0 -0.751796
    outer loop
      vertex -89.9296 -1.07335 -95
      vertex -89.3446 -10 -94.4869
      vertex -89.9296 -10 -95
    endloop
  endfacet
  facet normal -0.555565 -6.83267e-06 0.831473
    outer loop
      vertex -89.3446 10 -46.8787
      vertex -102.881 10 -55.9233
      vertex -90 0 -47.3167
    endloop
  endfacet
  facet normal -0.555561 0 0.831476
    outer loop
      vertex -102.881 -10 -55.9233
      vertex -90 0 -47.3167
      vertex -102.881 10 -55.9233
    endloop
  endfacet
  facet normal -0.555565 6.83267e-06 0.831473
    outer loop
      vertex -90 0 -47.3167
      vertex -102.881 -10 -55.9233
      vertex -89.3446 -10 -46.8787
    endloop
  endfacet
  facet normal -0.555583 0 0.831461
    outer loop
      vertex -84.5 -7.62852 -43.6417
      vertex -84.5 7.62852 -43.6417
      vertex -85 0 -43.9758
    endloop
  endfacet
  facet normal 0.555572 0 -0.831468
    outer loop
      vertex -79.7477 -10 -86.0707
      vertex -72.9072 10 -81.5
      vertex -72.9072 -10 -81.5
    endloop
  endfacet
  facet normal 0.555572 0 -0.831468
    outer loop
      vertex -72.9072 10 -81.5
      vertex -79.7477 -10 -86.0707
      vertex -79.7477 10 -86.0707
    endloop
  endfacet
  facet normal 0.555561 0 -0.831475
    outer loop
      vertex -68.4174 -10 -78.5
      vertex -65.5 10 -76.5507
      vertex -65.5 -10 -76.5507
    endloop
  endfacet
  facet normal 0.555561 0 -0.831475
    outer loop
      vertex -65.5 10 -76.5507
      vertex -68.4174 -10 -78.5
      vertex -68.4174 10 -78.5
    endloop
  endfacet
  facet normal -0.442285 0 0.896875
    outer loop
      vertex -64.6735 10 -33.8644
      vertex -73.5 4.5 -38.2171
      vertex -64.6735 -10 -33.8644
    endloop
  endfacet
  facet normal -0.442288 6.89356e-06 0.896873
    outer loop
      vertex -84.3446 10 -43.5651
      vertex -73.5 4.5 -38.2171
      vertex -64.6735 10 -33.8644
    endloop
  endfacet
  facet normal -0.442277 1.21811e-05 0.896879
    outer loop
      vertex -84.5 7.62852 -43.6417
      vertex -82.5 4.5 -42.6554
      vertex -84.3446 10 -43.5651
    endloop
  endfacet
  facet normal -0.442288 7.46162e-06 0.896873
    outer loop
      vertex -73.5 4.5 -38.2171
      vertex -84.3446 10 -43.5651
      vertex -82.5 4.5 -42.6554
    endloop
  endfacet
  facet normal -0.442285 0 0.896875
    outer loop
      vertex -73.5 -4.5 -38.2171
      vertex -64.6735 -10 -33.8644
      vertex -73.5 4.5 -38.2171
    endloop
  endfacet
  facet normal -0.442288 -7.46162e-06 0.896873
    outer loop
      vertex -84.3446 -10 -43.5651
      vertex -73.5 -4.5 -38.2171
      vertex -82.5 -4.5 -42.6554
    endloop
  endfacet
  facet normal -0.442288 -6.89356e-06 0.896873
    outer loop
      vertex -73.5 -4.5 -38.2171
      vertex -84.3446 -10 -43.5651
      vertex -64.6735 -10 -33.8644
    endloop
  endfacet
  facet normal -0.442292 0 0.896871
    outer loop
      vertex -82.5 4.5 -42.6554
      vertex -84.5 7.62852 -43.6417
      vertex -82.5 -4.5 -42.6554
    endloop
  endfacet
  facet normal -0.442292 0 0.896871
    outer loop
      vertex -84.5 -7.62852 -43.6417
      vertex -82.5 -4.5 -42.6554
      vertex -84.5 7.62852 -43.6417
    endloop
  endfacet
  facet normal -0.442277 -1.21811e-05 0.896879
    outer loop
      vertex -82.5 -4.5 -42.6554
      vertex -84.5 -7.62852 -43.6417
      vertex -84.3446 -10 -43.5651
    endloop
  endfacet
  facet normal 0.442294 0 -0.89687
    outer loop
      vertex -65.5 -10 -76.5507
      vertex -55 10 -71.3726
      vertex -55 -10 -71.3726
    endloop
  endfacet
  facet normal 0.442294 0 -0.89687
    outer loop
      vertex -55 10 -71.3726
      vertex -65.5 -10 -76.5507
      vertex -65.5 10 -76.5507
    endloop
  endfacet
  facet normal 0.441568 0 -0.897228
    outer loop
      vertex -50.1888 -10 -69
      vertex -50.1315 10 -68.9718
      vertex -50.1315 -10 -68.9718
    endloop
  endfacet
  facet normal 0.441568 0 -0.897228
    outer loop
      vertex -50.1315 10 -68.9718
      vertex -50.1888 -10 -69
      vertex -50.1888 10 -69
    endloop
  endfacet
  facet normal -0.321447 0 0.946927
    outer loop
      vertex -64.6735 10 -33.8644
      vertex -55 -10 -30.5806
      vertex -55 10 -30.5806
    endloop
  endfacet
  facet normal -0.321447 0 0.946927
    outer loop
      vertex -55 -10 -30.5806
      vertex -64.6735 10 -33.8644
      vertex -64.6735 -10 -33.8644
    endloop
  endfacet
  facet normal 0.321442 0 -0.946929
    outer loop
      vertex -50.1315 -10 -68.9718
      vertex -33.9053 10 -63.4637
      vertex -33.9053 -10 -63.4637
    endloop
  endfacet
  facet normal 0.321442 0 -0.946929
    outer loop
      vertex -33.9053 10 -63.4637
      vertex -50.1315 -10 -68.9718
      vertex -50.1315 10 -68.9718
    endloop
  endfacet
  facet normal -0.195101 0 0.980783
    outer loop
      vertex -27 10 -23.4287
      vertex -22.0589 -10 -22.4458
      vertex -22.0589 10 -22.4458
    endloop
  endfacet
  facet normal -0.195101 0 0.980783
    outer loop
      vertex -22.0589 -10 -22.4458
      vertex -27 10 -23.4287
      vertex -27 -10 -23.4287
    endloop
  endfacet
  facet normal 0.195089 0 -0.980786
    outer loop
      vertex -33.9053 -10 -63.4637
      vertex -21 10 -60.8967
      vertex -21 -10 -60.8967
    endloop
  endfacet
  facet normal 0.195089 0 -0.980786
    outer loop
      vertex -21 10 -60.8967
      vertex -33.9053 -10 -63.4637
      vertex -33.9053 10 -63.4637
    endloop
  endfacet
  facet normal -0.0653994 0 0.997859
    outer loop
      vertex -22.0589 10 -22.4458
      vertex -21 -10 -22.3764
      vertex -21 10 -22.3764
    endloop
  endfacet
  facet normal -0.0653994 0 0.997859
    outer loop
      vertex -21 -10 -22.3764
      vertex -22.0589 10 -22.4458
      vertex -22.0589 -10 -22.4458
    endloop
  endfacet
  facet normal 0.0653994 0 0.997859
    outer loop
      vertex 21 10 -22.3764
      vertex 22.0589 -10 -22.4458
      vertex 22.0589 10 -22.4458
    endloop
  endfacet
  facet normal 0.0653994 0 0.997859
    outer loop
      vertex 22.0589 -10 -22.4458
      vertex 21 10 -22.3764
      vertex 21 -10 -22.3764
    endloop
  endfacet
  facet normal 0.195101 0 0.980783
    outer loop
      vertex 22.0589 10 -22.4458
      vertex 27 -10 -23.4287
      vertex 27 10 -23.4287
    endloop
  endfacet
  facet normal 0.195101 0 0.980783
    outer loop
      vertex 27 -10 -23.4287
      vertex 22.0589 10 -22.4458
      vertex 22.0589 -10 -22.4458
    endloop
  endfacet
  facet normal -0.195089 0 -0.980786
    outer loop
      vertex 21 -10 -60.8967
      vertex 33.9053 10 -63.4637
      vertex 33.9053 -10 -63.4637
    endloop
  endfacet
  facet normal -0.195089 0 -0.980786
    outer loop
      vertex 33.9053 10 -63.4637
      vertex 21 -10 -60.8967
      vertex 21 10 -60.8967
    endloop
  endfacet
  facet normal 0.321447 0 0.946927
    outer loop
      vertex 55 10 -30.5806
      vertex 64.6735 -10 -33.8644
      vertex 64.6735 10 -33.8644
    endloop
  endfacet
  facet normal 0.321447 0 0.946927
    outer loop
      vertex 64.6735 -10 -33.8644
      vertex 55 10 -30.5806
      vertex 55 -10 -30.5806
    endloop
  endfacet
  facet normal -0.321442 0 -0.946929
    outer loop
      vertex 33.9053 -10 -63.4637
      vertex 50.1315 10 -68.9718
      vertex 50.1315 -10 -68.9718
    endloop
  endfacet
  facet normal -0.321442 0 -0.946929
    outer loop
      vertex 50.1315 10 -68.9718
      vertex 33.9053 -10 -63.4637
      vertex 33.9053 10 -63.4637
    endloop
  endfacet
  facet normal 0.442288 1.31219e-05 0.896873
    outer loop
      vertex 64.6735 10 -33.8644
      vertex 84.5 7.62852 -43.6417
      vertex 84.3446 10 -43.5651
    endloop
  endfacet
  facet normal 0.442287 0 0.896874
    outer loop
      vertex 84.5 7.62852 -43.6417
      vertex 64.6735 10 -33.8644
      vertex 84.5 -7.62852 -43.6417
    endloop
  endfacet
  facet normal 0.442287 -0 0.896874
    outer loop
      vertex 64.6735 -10 -33.8644
      vertex 84.5 -7.62852 -43.6417
      vertex 64.6735 10 -33.8644
    endloop
  endfacet
  facet normal 0.442288 -1.31219e-05 0.896873
    outer loop
      vertex 84.5 -7.62852 -43.6417
      vertex 64.6735 -10 -33.8644
      vertex 84.3446 -10 -43.5651
    endloop
  endfacet
  facet normal -0.441568 0 -0.897228
    outer loop
      vertex 50.1315 -10 -68.9718
      vertex 50.1888 10 -69
      vertex 50.1888 -10 -69
    endloop
  endfacet
  facet normal -0.441568 0 -0.897228
    outer loop
      vertex 50.1888 10 -69
      vertex 50.1315 -10 -68.9718
      vertex 50.1315 10 -68.9718
    endloop
  endfacet
  facet normal -0.442294 0 -0.89687
    outer loop
      vertex 55 -10 -71.3726
      vertex 65.5 10 -76.5507
      vertex 65.5 -10 -76.5507
    endloop
  endfacet
  facet normal -0.442294 0 -0.89687
    outer loop
      vertex 65.5 10 -76.5507
      vertex 55 -10 -71.3726
      vertex 55 10 -71.3726
    endloop
  endfacet
  facet normal 0.555561 0 0.831476
    outer loop
      vertex 102.881 10 -55.9233
      vertex 90 0 -47.3167
      vertex 102.881 -10 -55.9233
    endloop
  endfacet
  facet normal 0.555565 -6.83267e-06 0.831473
    outer loop
      vertex 90 0 -47.3167
      vertex 102.881 10 -55.9233
      vertex 89.3446 10 -46.8787
    endloop
  endfacet
  facet normal 0.555565 6.83267e-06 0.831473
    outer loop
      vertex 102.881 -10 -55.9233
      vertex 90 0 -47.3167
      vertex 89.3446 -10 -46.8787
    endloop
  endfacet
  facet normal 0.555583 0 0.831461
    outer loop
      vertex 85 0 -43.9758
      vertex 84.5 7.62852 -43.6417
      vertex 84.5 -7.62852 -43.6417
    endloop
  endfacet
  facet normal -0.555561 0 -0.831475
    outer loop
      vertex 65.5 -10 -76.5507
      vertex 68.4174 10 -78.5
      vertex 68.4174 -10 -78.5
    endloop
  endfacet
  facet normal -0.555561 0 -0.831475
    outer loop
      vertex 68.4174 10 -78.5
      vertex 65.5 -10 -76.5507
      vertex 65.5 10 -76.5507
    endloop
  endfacet
  facet normal -0.555572 0 -0.831468
    outer loop
      vertex 72.9072 -10 -81.5
      vertex 79.7477 10 -86.0707
      vertex 79.7477 -10 -86.0707
    endloop
  endfacet
  facet normal -0.555572 0 -0.831468
    outer loop
      vertex 79.7477 10 -86.0707
      vertex 72.9072 -10 -81.5
      vertex 72.9072 10 -81.5
    endloop
  endfacet
  facet normal 0.659355 0 0.751832
    outer loop
      vertex 102.881 10 -55.9233
      vertex 119.501 -10 -70.499
      vertex 119.501 10 -70.499
    endloop
  endfacet
  facet normal 0.659355 0 0.751832
    outer loop
      vertex 119.501 -10 -70.499
      vertex 102.881 10 -55.9233
      vertex 102.881 -10 -55.9233
    endloop
  endfacet
  facet normal -0.659339 -3.01105e-06 -0.751846
    outer loop
      vertex 79.7477 -10 -86.0707
      vertex 85 0 -90.6768
      vertex 84.3446 -10 -90.102
    endloop
  endfacet
  facet normal -0.659342 -0 -0.751843
    outer loop
      vertex 79.7477 10 -86.0707
      vertex 85 0 -90.6768
      vertex 79.7477 -10 -86.0707
    endloop
  endfacet
  facet normal -0.659339 3.01105e-06 -0.751846
    outer loop
      vertex 85 0 -90.6768
      vertex 79.7477 10 -86.0707
      vertex 84.3446 10 -90.102
    endloop
  endfacet
  facet normal -0.659342 0 -0.751843
    outer loop
      vertex 92.631 -10 -97.369
      vertex 90 0 -95.0617
      vertex 92.631 10 -97.369
    endloop
  endfacet
  facet normal -0.659346 -2.15916e-06 -0.751839
    outer loop
      vertex 90 0 -95.0617
      vertex 92.631 -10 -97.369
      vertex 89.3446 -10 -94.4869
    endloop
  endfacet
  facet normal -0.659346 2.15916e-06 -0.751839
    outer loop
      vertex 92.631 10 -97.369
      vertex 90 0 -95.0617
      vertex 89.3446 10 -94.4869
    endloop
  endfacet
  facet normal 0.751831 -0 0.659356
    outer loop
      vertex 119.501 -10 -70.499
      vertex 134.077 10 -87.1193
      vertex 119.501 10 -70.499
    endloop
  endfacet
  facet normal 0.751831 0 0.659356
    outer loop
      vertex 134.077 10 -87.1193
      vertex 119.501 -10 -70.499
      vertex 134.077 -10 -87.1193
    endloop
  endfacet
  facet normal -0.751842 0 -0.659343
    outer loop
      vertex 103.929 -10 -110.252
      vertex 92.631 10 -97.369
      vertex 103.929 10 -110.252
    endloop
  endfacet
  facet normal -0.751842 -0 -0.659343
    outer loop
      vertex 92.631 10 -97.369
      vertex 103.929 -10 -110.252
      vertex 92.631 -10 -97.369
    endloop
  endfacet
  facet normal 0.831482 -0 0.555552
    outer loop
      vertex 134.077 -10 -87.1193
      vertex 146.358 10 -105.5
      vertex 134.077 10 -87.1193
    endloop
  endfacet
  facet normal 0.831482 0 0.555552
    outer loop
      vertex 146.358 10 -105.5
      vertex 134.077 -10 -87.1193
      vertex 146.358 -10 -105.5
    endloop
  endfacet
  facet normal -0.831475 0 -0.555562
    outer loop
      vertex 113.449 -10 -124.5
      vertex 103.929 10 -110.252
      vertex 113.449 10 -124.5
    endloop
  endfacet
  facet normal -0.831475 -0 -0.555562
    outer loop
      vertex 103.929 10 -110.252
      vertex 113.449 -10 -124.5
      vertex 103.929 -10 -110.252
    endloop
  endfacet
  facet normal 0.896857 -0 0.442321
    outer loop
      vertex 146.358 -10 -105.5
      vertex 156.136 10 -125.326
      vertex 146.358 10 -105.5
    endloop
  endfacet
  facet normal 0.896857 0 0.442321
    outer loop
      vertex 156.136 10 -125.326
      vertex 146.358 -10 -105.5
      vertex 156.136 -10 -125.326
    endloop
  endfacet
  facet normal -0.896865 0 -0.442305
    outer loop
      vertex 121.028 -10 -139.868
      vertex 113.449 10 -124.5
      vertex 121.028 10 -139.868
    endloop
  endfacet
  facet normal -0.896865 -0 -0.442305
    outer loop
      vertex 113.449 10 -124.5
      vertex 121.028 -10 -139.868
      vertex 113.449 -10 -124.5
    endloop
  endfacet
  facet normal 0.946946 -0 0.321393
    outer loop
      vertex 156.136 -10 -125.326
      vertex 163.241 10 -146.26
      vertex 156.136 10 -125.326
    endloop
  endfacet
  facet normal 0.946946 0 0.321393
    outer loop
      vertex 163.241 10 -146.26
      vertex 156.136 -10 -125.326
      vertex 163.241 -10 -146.26
    endloop
  endfacet
  facet normal -0.946936 0 -0.321422
    outer loop
      vertex 126.536 -10 -156.095
      vertex 121.028 10 -139.868
      vertex 126.536 10 -156.095
    endloop
  endfacet
  facet normal -0.946936 -0 -0.321422
    outer loop
      vertex 121.028 10 -139.868
      vertex 126.536 -10 -156.095
      vertex 121.028 -10 -139.868
    endloop
  endfacet
  facet normal 0.980782 -0 0.195107
    outer loop
      vertex 163.241 -10 -146.26
      vertex 167.554 10 -167.941
      vertex 163.241 10 -146.26
    endloop
  endfacet
  facet normal 0.980782 0 0.195107
    outer loop
      vertex 167.554 10 -167.941
      vertex 163.241 -10 -146.26
      vertex 167.554 -10 -167.941
    endloop
  endfacet
  facet normal -0.980784 0 -0.195095
    outer loop
      vertex 129.879 -10 -172.901
      vertex 126.536 10 -156.095
      vertex 129.879 10 -172.901
    endloop
  endfacet
  facet normal -0.980784 -0 -0.195095
    outer loop
      vertex 126.536 10 -156.095
      vertex 129.879 -10 -172.901
      vertex 126.536 -10 -156.095
    endloop
  endfacet
  facet normal 0.997858 -0 0.0654111
    outer loop
      vertex 167.554 -10 -167.941
      vertex 169 10 -190
      vertex 167.554 10 -167.941
    endloop
  endfacet
  facet normal 0.997858 0 0.0654111
    outer loop
      vertex 169 10 -190
      vertex 167.554 -10 -167.941
      vertex 169 -10 -190
    endloop
  endfacet
  facet normal -0.997858 0 -0.065419
    outer loop
      vertex 131 -10 -190
      vertex 129.879 10 -172.901
      vertex 131 10 -190
    endloop
  endfacet
  facet normal -0.997858 -0 -0.065419
    outer loop
      vertex 129.879 10 -172.901
      vertex 131 -10 -190
      vertex 129.879 -10 -172.901
    endloop
  endfacet
  facet normal 0.997858 0 -0.0654111
    outer loop
      vertex 169 -10 -190
      vertex 167.554 10 -212.059
      vertex 169 10 -190
    endloop
  endfacet
  facet normal 0.997858 0 -0.0654111
    outer loop
      vertex 167.554 10 -212.059
      vertex 169 -10 -190
      vertex 167.554 -10 -212.059
    endloop
  endfacet
  facet normal -0.997858 0 0.065419
    outer loop
      vertex 129.879 -10 -207.099
      vertex 131 10 -190
      vertex 129.879 10 -207.099
    endloop
  endfacet
  facet normal -0.997858 0 0.065419
    outer loop
      vertex 131 10 -190
      vertex 129.879 -10 -207.099
      vertex 131 -10 -190
    endloop
  endfacet
  facet normal 0.980782 0 -0.195107
    outer loop
      vertex 167.554 -10 -212.059
      vertex 163.241 10 -233.74
      vertex 167.554 10 -212.059
    endloop
  endfacet
  facet normal 0.980782 0 -0.195107
    outer loop
      vertex 163.241 10 -233.74
      vertex 167.554 -10 -212.059
      vertex 163.241 -10 -233.74
    endloop
  endfacet
  facet normal -0.980784 0 0.195095
    outer loop
      vertex 126.536 -10 -223.905
      vertex 129.879 10 -207.099
      vertex 126.536 10 -223.905
    endloop
  endfacet
  facet normal -0.980784 0 0.195095
    outer loop
      vertex 129.879 10 -207.099
      vertex 126.536 -10 -223.905
      vertex 129.879 -10 -207.099
    endloop
  endfacet
  facet normal 0.946941 0 -0.321407
    outer loop
      vertex 163.241 -10 -233.74
      vertex 156.136 10 -254.673
      vertex 163.241 10 -233.74
    endloop
  endfacet
  facet normal 0.946941 0 -0.321407
    outer loop
      vertex 156.136 10 -254.673
      vertex 163.241 -10 -233.74
      vertex 156.136 -10 -254.673
    endloop
  endfacet
  facet normal -0.946936 0 0.321422
    outer loop
      vertex 121.028 -10 -240.132
      vertex 126.536 10 -223.905
      vertex 121.028 10 -240.132
    endloop
  endfacet
  facet normal -0.946936 0 0.321422
    outer loop
      vertex 126.536 10 -223.905
      vertex 121.028 -10 -240.132
      vertex 126.536 -10 -223.905
    endloop
  endfacet
  facet normal 0.896865 0 -0.442303
    outer loop
      vertex 156.136 -10 -254.673
      vertex 146.358 10 -274.5
      vertex 156.136 10 -254.673
    endloop
  endfacet
  facet normal 0.896865 0 -0.442303
    outer loop
      vertex 146.358 10 -274.5
      vertex 156.136 -10 -254.673
      vertex 146.358 -10 -274.5
    endloop
  endfacet
  facet normal -0.896865 0 0.442305
    outer loop
      vertex 113.449 -10 -255.5
      vertex 121.028 10 -240.132
      vertex 113.449 10 -255.5
    endloop
  endfacet
  facet normal -0.896865 0 0.442305
    outer loop
      vertex 121.028 10 -240.132
      vertex 113.449 -10 -255.5
      vertex 121.028 -10 -240.132
    endloop
  endfacet
  facet normal 0.831486 0 -0.555545
    outer loop
      vertex 146.358 -10 -274.5
      vertex 134.077 10 -292.881
      vertex 146.358 10 -274.5
    endloop
  endfacet
  facet normal 0.831486 0 -0.555545
    outer loop
      vertex 134.077 10 -292.881
      vertex 146.358 -10 -274.5
      vertex 134.077 -10 -292.881
    endloop
  endfacet
  facet normal -0.831475 0 0.555562
    outer loop
      vertex 103.929 -10 -269.748
      vertex 113.449 10 -255.5
      vertex 103.929 10 -269.748
    endloop
  endfacet
  facet normal -0.831475 0 0.555562
    outer loop
      vertex 113.449 10 -255.5
      vertex 103.929 -10 -269.748
      vertex 113.449 -10 -255.5
    endloop
  endfacet
  facet normal 0.751825 0 -0.659362
    outer loop
      vertex 134.077 -10 -292.881
      vertex 119.501 10 -309.501
      vertex 134.077 10 -292.881
    endloop
  endfacet
  facet normal 0.751825 0 -0.659362
    outer loop
      vertex 119.501 10 -309.501
      vertex 134.077 -10 -292.881
      vertex 119.501 -10 -309.501
    endloop
  endfacet
  facet normal -0.751842 0 0.659343
    outer loop
      vertex 92.631 -10 -282.631
      vertex 103.929 10 -269.748
      vertex 92.631 10 -282.631
    endloop
  endfacet
  facet normal -0.751842 0 0.659343
    outer loop
      vertex 103.929 10 -269.748
      vertex 92.631 -10 -282.631
      vertex 103.929 -10 -269.748
    endloop
  endfacet
  facet normal 0.659362 0 -0.751825
    outer loop
      vertex 102.881 -10 -324.077
      vertex 119.501 10 -309.501
      vertex 119.501 -10 -309.501
    endloop
  endfacet
  facet normal 0.659362 0 -0.751825
    outer loop
      vertex 119.501 10 -309.501
      vertex 102.881 -10 -324.077
      vertex 102.881 10 -324.077
    endloop
  endfacet
  facet normal -0.659334 0 0.75185
    outer loop
      vertex 79.7477 10 -293.929
      vertex 92.631 -10 -282.631
      vertex 92.631 10 -282.631
    endloop
  endfacet
  facet normal -0.659334 0 0.75185
    outer loop
      vertex 92.631 -10 -282.631
      vertex 79.7477 10 -293.929
      vertex 79.7477 -10 -293.929
    endloop
  endfacet
  facet normal 0.555545 0 -0.831486
    outer loop
      vertex 84.5 -10 -336.358
      vertex 102.881 10 -324.077
      vertex 102.881 -10 -324.077
    endloop
  endfacet
  facet normal 0.555545 0 -0.831486
    outer loop
      vertex 102.881 10 -324.077
      vertex 84.5 -10 -336.358
      vertex 84.5 10 -336.358
    endloop
  endfacet
  facet normal -0.55557 0 0.83147
    outer loop
      vertex 65.5 10 -303.449
      vertex 79.7477 -10 -293.929
      vertex 79.7477 10 -293.929
    endloop
  endfacet
  facet normal -0.55557 0 0.83147
    outer loop
      vertex 79.7477 -10 -293.929
      vertex 65.5 10 -303.449
      vertex 65.5 -10 -303.449
    endloop
  endfacet
  facet normal 0.442312 0 -0.896861
    outer loop
      vertex 64.6735 -10 -346.136
      vertex 84.5 10 -336.358
      vertex 84.5 -10 -336.358
    endloop
  endfacet
  facet normal 0.442312 0 -0.896861
    outer loop
      vertex 84.5 10 -336.358
      vertex 64.6735 -10 -346.136
      vertex 64.6735 10 -346.136
    endloop
  endfacet
  facet normal -0.442293 0 0.896871
    outer loop
      vertex 50.1315 10 -311.028
      vertex 65.5 -10 -303.449
      vertex 65.5 10 -303.449
    endloop
  endfacet
  facet normal -0.442293 0 0.896871
    outer loop
      vertex 65.5 -10 -303.449
      vertex 50.1315 10 -311.028
      vertex 50.1315 -10 -311.028
    endloop
  endfacet
  facet normal 0.321406 0 -0.946942
    outer loop
      vertex 43.7404 -10 -353.241
      vertex 64.6735 10 -346.136
      vertex 64.6735 -10 -346.136
    endloop
  endfacet
  facet normal 0.321406 0 -0.946942
    outer loop
      vertex 64.6735 10 -346.136
      vertex 43.7404 -10 -353.241
      vertex 43.7404 10 -353.241
    endloop
  endfacet
  facet normal -0.321437 0 0.946931
    outer loop
      vertex 33.9053 10 -316.536
      vertex 50.1315 -10 -311.028
      vertex 50.1315 10 -311.028
    endloop
  endfacet
  facet normal -0.321437 0 0.946931
    outer loop
      vertex 50.1315 -10 -311.028
      vertex 33.9053 10 -316.536
      vertex 33.9053 -10 -316.536
    endloop
  endfacet
  facet normal 0.195103 0 -0.980783
    outer loop
      vertex 22.0589 -10 -357.554
      vertex 43.7404 10 -353.241
      vertex 43.7404 -10 -353.241
    endloop
  endfacet
  facet normal 0.195103 0 -0.980783
    outer loop
      vertex 43.7404 10 -353.241
      vertex 22.0589 -10 -357.554
      vertex 22.0589 10 -357.554
    endloop
  endfacet
  facet normal -0.19509 0 0.980785
    outer loop
      vertex 17.0989 10 -319.879
      vertex 33.9053 -10 -316.536
      vertex 33.9053 10 -316.536
    endloop
  endfacet
  facet normal -0.19509 0 0.980785
    outer loop
      vertex 33.9053 -10 -316.536
      vertex 17.0989 10 -319.879
      vertex 17.0989 -10 -319.879
    endloop
  endfacet
  facet normal 0.0654114 0 -0.997858
    outer loop
      vertex 0 -10 -359
      vertex 22.0589 10 -357.554
      vertex 22.0589 -10 -357.554
    endloop
  endfacet
  facet normal 0.0654114 0 -0.997858
    outer loop
      vertex 22.0589 10 -357.554
      vertex 0 -10 -359
      vertex 0 10 -359
    endloop
  endfacet
  facet normal -0.0654193 0 0.997858
    outer loop
      vertex 0 10 -321
      vertex 17.0989 -10 -319.879
      vertex 17.0989 10 -319.879
    endloop
  endfacet
  facet normal -0.0654193 0 0.997858
    outer loop
      vertex 17.0989 -10 -319.879
      vertex 0 10 -321
      vertex 0 -10 -321
    endloop
  endfacet
  facet normal -0.0654114 0 -0.997858
    outer loop
      vertex -22.0589 -10 -357.554
      vertex 0 10 -359
      vertex 0 -10 -359
    endloop
  endfacet
  facet normal -0.0654114 0 -0.997858
    outer loop
      vertex 0 10 -359
      vertex -22.0589 -10 -357.554
      vertex -22.0589 10 -357.554
    endloop
  endfacet
  facet normal 0.0654193 0 0.997858
    outer loop
      vertex -17.0989 10 -319.879
      vertex 0 -10 -321
      vertex 0 10 -321
    endloop
  endfacet
  facet normal 0.0654193 0 0.997858
    outer loop
      vertex 0 -10 -321
      vertex -17.0989 10 -319.879
      vertex -17.0989 -10 -319.879
    endloop
  endfacet
  facet normal -0.195103 0 -0.980783
    outer loop
      vertex -43.7404 -10 -353.241
      vertex -22.0589 10 -357.554
      vertex -22.0589 -10 -357.554
    endloop
  endfacet
  facet normal -0.195103 0 -0.980783
    outer loop
      vertex -22.0589 10 -357.554
      vertex -43.7404 -10 -353.241
      vertex -43.7404 10 -353.241
    endloop
  endfacet
  facet normal 0.19509 0 0.980785
    outer loop
      vertex -33.9053 10 -316.536
      vertex -17.0989 -10 -319.879
      vertex -17.0989 10 -319.879
    endloop
  endfacet
  facet normal 0.19509 0 0.980785
    outer loop
      vertex -17.0989 -10 -319.879
      vertex -33.9053 10 -316.536
      vertex -33.9053 -10 -316.536
    endloop
  endfacet
  facet normal -0.321406 0 -0.946942
    outer loop
      vertex -64.6735 -10 -346.136
      vertex -43.7404 10 -353.241
      vertex -43.7404 -10 -353.241
    endloop
  endfacet
  facet normal -0.321406 0 -0.946942
    outer loop
      vertex -43.7404 10 -353.241
      vertex -64.6735 -10 -346.136
      vertex -64.6735 10 -346.136
    endloop
  endfacet
  facet normal 0.321437 0 0.946931
    outer loop
      vertex -50.1315 10 -311.028
      vertex -33.9053 -10 -316.536
      vertex -33.9053 10 -316.536
    endloop
  endfacet
  facet normal 0.321437 0 0.946931
    outer loop
      vertex -33.9053 -10 -316.536
      vertex -50.1315 10 -311.028
      vertex -50.1315 -10 -311.028
    endloop
  endfacet
  facet normal -0.442312 0 -0.896861
    outer loop
      vertex -84.5 -10 -336.358
      vertex -64.6735 10 -346.136
      vertex -64.6735 -10 -346.136
    endloop
  endfacet
  facet normal -0.442312 0 -0.896861
    outer loop
      vertex -64.6735 10 -346.136
      vertex -84.5 -10 -336.358
      vertex -84.5 10 -336.358
    endloop
  endfacet
  facet normal 0.442293 0 0.896871
    outer loop
      vertex -65.5 10 -303.449
      vertex -50.1315 -10 -311.028
      vertex -50.1315 10 -311.028
    endloop
  endfacet
  facet normal 0.442293 0 0.896871
    outer loop
      vertex -50.1315 -10 -311.028
      vertex -65.5 10 -303.449
      vertex -65.5 -10 -303.449
    endloop
  endfacet
  facet normal -0.555545 0 -0.831486
    outer loop
      vertex -102.881 -10 -324.077
      vertex -84.5 10 -336.358
      vertex -84.5 -10 -336.358
    endloop
  endfacet
  facet normal -0.555545 0 -0.831486
    outer loop
      vertex -84.5 10 -336.358
      vertex -102.881 -10 -324.077
      vertex -102.881 10 -324.077
    endloop
  endfacet
  facet normal 0.55557 0 0.83147
    outer loop
      vertex -79.7477 10 -293.929
      vertex -65.5 -10 -303.449
      vertex -65.5 10 -303.449
    endloop
  endfacet
  facet normal 0.55557 0 0.83147
    outer loop
      vertex -65.5 -10 -303.449
      vertex -79.7477 10 -293.929
      vertex -79.7477 -10 -293.929
    endloop
  endfacet
  facet normal -0.659362 0 -0.751825
    outer loop
      vertex -119.501 -10 -309.501
      vertex -102.881 10 -324.077
      vertex -102.881 -10 -324.077
    endloop
  endfacet
  facet normal -0.659362 0 -0.751825
    outer loop
      vertex -102.881 10 -324.077
      vertex -119.501 -10 -309.501
      vertex -119.501 10 -309.501
    endloop
  endfacet
  facet normal 0.659334 0 0.75185
    outer loop
      vertex -92.631 10 -282.631
      vertex -79.7477 -10 -293.929
      vertex -79.7477 10 -293.929
    endloop
  endfacet
  facet normal 0.659334 0 0.75185
    outer loop
      vertex -79.7477 -10 -293.929
      vertex -92.631 10 -282.631
      vertex -92.631 -10 -282.631
    endloop
  endfacet
  facet normal -0.751825 0 -0.659362
    outer loop
      vertex -119.501 -10 -309.501
      vertex -134.077 10 -292.881
      vertex -119.501 10 -309.501
    endloop
  endfacet
  facet normal -0.751825 -0 -0.659362
    outer loop
      vertex -134.077 10 -292.881
      vertex -119.501 -10 -309.501
      vertex -134.077 -10 -292.881
    endloop
  endfacet
  facet normal 0.751842 -0 0.659343
    outer loop
      vertex -103.929 -10 -269.748
      vertex -92.631 10 -282.631
      vertex -103.929 10 -269.748
    endloop
  endfacet
  facet normal 0.751842 0 0.659343
    outer loop
      vertex -92.631 10 -282.631
      vertex -103.929 -10 -269.748
      vertex -92.631 -10 -282.631
    endloop
  endfacet
  facet normal -0.831486 0 -0.555545
    outer loop
      vertex -134.077 -10 -292.881
      vertex -146.358 10 -274.5
      vertex -134.077 10 -292.881
    endloop
  endfacet
  facet normal -0.831486 -0 -0.555545
    outer loop
      vertex -146.358 10 -274.5
      vertex -134.077 -10 -292.881
      vertex -146.358 -10 -274.5
    endloop
  endfacet
  facet normal 0.831475 -0 0.555562
    outer loop
      vertex -113.449 -10 -255.5
      vertex -103.929 10 -269.748
      vertex -113.449 10 -255.5
    endloop
  endfacet
  facet normal 0.831475 0 0.555562
    outer loop
      vertex -103.929 10 -269.748
      vertex -113.449 -10 -255.5
      vertex -103.929 -10 -269.748
    endloop
  endfacet
  facet normal -0.896865 0 -0.442303
    outer loop
      vertex -146.358 -10 -274.5
      vertex -156.136 10 -254.673
      vertex -146.358 10 -274.5
    endloop
  endfacet
  facet normal -0.896865 -0 -0.442303
    outer loop
      vertex -156.136 10 -254.673
      vertex -146.358 -10 -274.5
      vertex -156.136 -10 -254.673
    endloop
  endfacet
  facet normal 0.896865 -0 0.442305
    outer loop
      vertex -121.028 -10 -240.132
      vertex -113.449 10 -255.5
      vertex -121.028 10 -240.132
    endloop
  endfacet
  facet normal 0.896865 0 0.442305
    outer loop
      vertex -113.449 10 -255.5
      vertex -121.028 -10 -240.132
      vertex -113.449 -10 -255.5
    endloop
  endfacet
  facet normal -0.946941 0 -0.321407
    outer loop
      vertex -156.136 -10 -254.673
      vertex -163.241 10 -233.74
      vertex -156.136 10 -254.673
    endloop
  endfacet
  facet normal -0.946941 -0 -0.321407
    outer loop
      vertex -163.241 10 -233.74
      vertex -156.136 -10 -254.673
      vertex -163.241 -10 -233.74
    endloop
  endfacet
  facet normal 0.946936 -0 0.321422
    outer loop
      vertex -126.536 -10 -223.905
      vertex -121.028 10 -240.132
      vertex -126.536 10 -223.905
    endloop
  endfacet
  facet normal 0.946936 0 0.321422
    outer loop
      vertex -121.028 10 -240.132
      vertex -126.536 -10 -223.905
      vertex -121.028 -10 -240.132
    endloop
  endfacet
  facet normal -0.980782 0 -0.195107
    outer loop
      vertex -163.241 -10 -233.74
      vertex -167.554 10 -212.059
      vertex -163.241 10 -233.74
    endloop
  endfacet
  facet normal -0.980782 -0 -0.195107
    outer loop
      vertex -167.554 10 -212.059
      vertex -163.241 -10 -233.74
      vertex -167.554 -10 -212.059
    endloop
  endfacet
  facet normal 0.980784 -0 0.195095
    outer loop
      vertex -129.879 -10 -207.099
      vertex -126.536 10 -223.905
      vertex -129.879 10 -207.099
    endloop
  endfacet
  facet normal 0.980784 0 0.195095
    outer loop
      vertex -126.536 10 -223.905
      vertex -129.879 -10 -207.099
      vertex -126.536 -10 -223.905
    endloop
  endfacet
  facet normal -0.997858 0 -0.0654111
    outer loop
      vertex -167.554 -10 -212.059
      vertex -169 10 -190
      vertex -167.554 10 -212.059
    endloop
  endfacet
  facet normal -0.997858 -0 -0.0654111
    outer loop
      vertex -169 10 -190
      vertex -167.554 -10 -212.059
      vertex -169 -10 -190
    endloop
  endfacet
  facet normal 0 -1 0
    outer loop
      vertex -90.5 -10 -95
      vertex -102.881 -10 -55.9233
      vertex -119.501 -10 -70.499
    endloop
  endfacet
  facet normal 0 -1 0
    outer loop
      vertex -92.631 -10 -97.369
      vertex -119.501 -10 -70.499
      vertex -134.077 -10 -87.1193
    endloop
  endfacet
  facet normal 0 -1 0
    outer loop
      vertex -102.881 -10 -55.9233
      vertex -90.5 -10 -95
      vertex -89.3446 -10 -94.4869
    endloop
  endfacet
  facet normal 0 -1 0
    outer loop
      vertex -102.881 -10 -55.9233
      vertex -89.3446 -10 -94.4869
      vertex -89.3446 -10 -46.8787
    endloop
  endfacet
  facet normal 0 -1 0
    outer loop
      vertex -119.501 -10 -70.499
      vertex -92.631 -10 -97.369
      vertex -90.5 -10 -95
    endloop
  endfacet
  facet normal 0 -1 -0
    outer loop
      vertex -90.5 -10 -95
      vertex -92.631 -10 -97.369
      vertex -90.5 -10 -95.5002
    endloop
  endfacet
  facet normal 0 -1 0
    outer loop
      vertex -103.929 -10 -110.252
      vertex -134.077 -10 -87.1193
      vertex -146.358 -10 -105.5
    endloop
  endfacet
  facet normal 0 -1 0
    outer loop
      vertex -134.077 -10 -87.1193
      vertex -103.929 -10 -110.252
      vertex -92.631 -10 -97.369
    endloop
  endfacet
  facet normal 0 -1 0
    outer loop
      vertex -146.358 -10 -105.5
      vertex -113.449 -10 -124.5
      vertex -103.929 -10 -110.252
    endloop
  endfacet
  facet normal 0 -1 0
    outer loop
      vertex -156.136 -10 -125.326
      vertex -113.449 -10 -124.5
      vertex -146.358 -10 -105.5
    endloop
  endfacet
  facet normal 0 -1 0
    outer loop
      vertex -156.136 -10 -125.326
      vertex -121.028 -10 -139.868
      vertex -113.449 -10 -124.5
    endloop
  endfacet
  facet normal 0 -1 0
    outer loop
      vertex -163.241 -10 -146.26
      vertex -121.028 -10 -139.868
      vertex -156.136 -10 -125.326
    endloop
  endfacet
  facet normal 0 -1 0
    outer loop
      vertex -163.241 -10 -146.26
      vertex -126.536 -10 -156.095
      vertex -121.028 -10 -139.868
    endloop
  endfacet
  facet normal 0 -1 0
    outer loop
      vertex -167.554 -10 -167.941
      vertex -126.536 -10 -156.095
      vertex -163.241 -10 -146.26
    endloop
  endfacet
  facet normal 0 -1 0
    outer loop
      vertex -167.554 -10 -167.941
      vertex -129.879 -10 -172.901
      vertex -126.536 -10 -156.095
    endloop
  endfacet
  facet normal 0 -1 0
    outer loop
      vertex -169 -10 -190
      vertex -129.879 -10 -172.901
      vertex -167.554 -10 -167.941
    endloop
  endfacet
  facet normal 0 -1 0
    outer loop
      vertex -169 -10 -190
      vertex -131 -10 -190
      vertex -129.879 -10 -172.901
    endloop
  endfacet
  facet normal 0 -1 0
    outer loop
      vertex -169 -10 -190
      vertex -129.879 -10 -207.099
      vertex -131 -10 -190
    endloop
  endfacet
  facet normal 0 -1 0
    outer loop
      vertex -167.554 -10 -212.059
      vertex -129.879 -10 -207.099
      vertex -169 -10 -190
    endloop
  endfacet
  facet normal 0 -1 0
    outer loop
      vertex -167.554 -10 -212.059
      vertex -126.536 -10 -223.905
      vertex -129.879 -10 -207.099
    endloop
  endfacet
  facet normal 0 -1 0
    outer loop
      vertex -163.241 -10 -233.74
      vertex -126.536 -10 -223.905
      vertex -167.554 -10 -212.059
    endloop
  endfacet
  facet normal 0 -1 0
    outer loop
      vertex -163.241 -10 -233.74
      vertex -121.028 -10 -240.132
      vertex -126.536 -10 -223.905
    endloop
  endfacet
  facet normal 0 -1 0
    outer loop
      vertex -156.136 -10 -254.673
      vertex -121.028 -10 -240.132
      vertex -163.241 -10 -233.74
    endloop
  endfacet
  facet normal 0 -1 0
    outer loop
      vertex -156.136 -10 -254.673
      vertex -113.449 -10 -255.5
      vertex -121.028 -10 -240.132
    endloop
  endfacet
  facet normal 0 -1 0
    outer loop
      vertex -146.358 -10 -274.5
      vertex -113.449 -10 -255.5
      vertex -156.136 -10 -254.673
    endloop
  endfacet
  facet normal 0 -1 -0
    outer loop
      vertex -113.449 -10 -255.5
      vertex -146.358 -10 -274.5
      vertex -103.929 -10 -269.748
    endloop
  endfacet
  facet normal 0 -1 0
    outer loop
      vertex -134.077 -10 -292.881
      vertex -103.929 -10 -269.748
      vertex -146.358 -10 -274.5
    endloop
  endfacet
  facet normal 0 -1 -0
    outer loop
      vertex -103.929 -10 -269.748
      vertex -134.077 -10 -292.881
      vertex -92.631 -10 -282.631
    endloop
  endfacet
  facet normal 0 -1 0
    outer loop
      vertex -119.501 -10 -309.501
      vertex -92.631 -10 -282.631
      vertex -134.077 -10 -292.881
    endloop
  endfacet
  facet normal 0 -1 -0
    outer loop
      vertex -92.631 -10 -282.631
      vertex -119.501 -10 -309.501
      vertex -79.7477 -10 -293.929
    endloop
  endfacet
  facet normal 0 -1 0
    outer loop
      vertex -102.881 -10 -324.077
      vertex -79.7477 -10 -293.929
      vertex -119.501 -10 -309.501
    endloop
  endfacet
  facet normal 0 -1 -0
    outer loop
      vertex -79.7477 -10 -293.929
      vertex -102.881 -10 -324.077
      vertex -65.5 -10 -303.449
    endloop
  endfacet
  facet normal 0 -1 0
    outer loop
      vertex -84.5 -10 -336.358
      vertex -65.5 -10 -303.449
      vertex -102.881 -10 -324.077
    endloop
  endfacet
  facet normal 0 -1 -0
    outer loop
      vertex -65.5 -10 -303.449
      vertex -84.5 -10 -336.358
      vertex -50.1315 -10 -311.028
    endloop
  endfacet
  facet normal 0 -1 -0
    outer loop
      vertex -50.1315 -10 -311.028
      vertex -64.6735 -10 -346.136
      vertex -33.9053 -10 -316.536
    endloop
  endfacet
  facet normal 0 -1 0
    outer loop
      vertex -64.6735 -10 -346.136
      vertex -50.1315 -10 -311.028
      vertex -84.5 -10 -336.358
    endloop
  endfacet
  facet normal 0 -1 0
    outer loop
      vertex -89.3446 -10 -94.4869
      vertex -90.5 -10 -95
      vertex -89.9296 -10 -95
    endloop
  endfacet
  facet normal 0 -1 0
    outer loop
      vertex 89.3446 -10 -94.4869
      vertex 102.881 -10 -55.9233
      vertex 89.3446 -10 -46.8787
    endloop
  endfacet
  facet normal 0 -1 -0
    outer loop
      vertex 102.881 -10 -55.9233
      vertex 89.3446 -10 -94.4869
      vertex 119.501 -10 -70.499
    endloop
  endfacet
  facet normal 0 -1 0
    outer loop
      vertex 92.631 -10 -97.369
      vertex 119.501 -10 -70.499
      vertex 89.3446 -10 -94.4869
    endloop
  endfacet
  facet normal 0 -1 -0
    outer loop
      vertex 119.501 -10 -70.499
      vertex 92.631 -10 -97.369
      vertex 134.077 -10 -87.1193
    endloop
  endfacet
  facet normal 0 -1 0
    outer loop
      vertex 103.929 -10 -110.252
      vertex 134.077 -10 -87.1193
      vertex 92.631 -10 -97.369
    endloop
  endfacet
  facet normal 0 -1 -0
    outer loop
      vertex 134.077 -10 -87.1193
      vertex 103.929 -10 -110.252
      vertex 146.358 -10 -105.5
    endloop
  endfacet
  facet normal 0 -1 0
    outer loop
      vertex 113.449 -10 -124.5
      vertex 146.358 -10 -105.5
      vertex 103.929 -10 -110.252
    endloop
  endfacet
  facet normal 0 -1 0
    outer loop
      vertex 113.449 -10 -124.5
      vertex 156.136 -10 -125.326
      vertex 146.358 -10 -105.5
    endloop
  endfacet
  facet normal 0 -1 0
    outer loop
      vertex 121.028 -10 -139.868
      vertex 156.136 -10 -125.326
      vertex 113.449 -10 -124.5
    endloop
  endfacet
  facet normal 0 -1 0
    outer loop
      vertex 121.028 -10 -139.868
      vertex 163.241 -10 -146.26
      vertex 156.136 -10 -125.326
    endloop
  endfacet
  facet normal 0 -1 0
    outer loop
      vertex 126.536 -10 -156.095
      vertex 163.241 -10 -146.26
      vertex 121.028 -10 -139.868
    endloop
  endfacet
  facet normal 0 -1 0
    outer loop
      vertex 126.536 -10 -156.095
      vertex 167.554 -10 -167.941
      vertex 163.241 -10 -146.26
    endloop
  endfacet
  facet normal 0 -1 0
    outer loop
      vertex 129.879 -10 -172.901
      vertex 167.554 -10 -167.941
      vertex 126.536 -10 -156.095
    endloop
  endfacet
  facet normal 0 -1 0
    outer loop
      vertex 131 -10 -190
      vertex 167.554 -10 -167.941
      vertex 129.879 -10 -172.901
    endloop
  endfacet
  facet normal 0 -1 0
    outer loop
      vertex 131 -10 -190
      vertex 169 -10 -190
      vertex 167.554 -10 -167.941
    endloop
  endfacet
  facet normal 0 -1 0
    outer loop
      vertex 129.879 -10 -207.099
      vertex 169 -10 -190
      vertex 131 -10 -190
    endloop
  endfacet
  facet normal 0 -1 0
    outer loop
      vertex 129.879 -10 -207.099
      vertex 167.554 -10 -212.059
      vertex 169 -10 -190
    endloop
  endfacet
  facet normal 0 -1 0
    outer loop
      vertex 126.536 -10 -223.905
      vertex 167.554 -10 -212.059
      vertex 129.879 -10 -207.099
    endloop
  endfacet
  facet normal 0 -1 0
    outer loop
      vertex 126.536 -10 -223.905
      vertex 163.241 -10 -233.74
      vertex 167.554 -10 -212.059
    endloop
  endfacet
  facet normal 0 -1 0
    outer loop
      vertex 121.028 -10 -240.132
      vertex 163.241 -10 -233.74
      vertex 126.536 -10 -223.905
    endloop
  endfacet
  facet normal 0 -1 0
    outer loop
      vertex 121.028 -10 -240.132
      vertex 156.136 -10 -254.673
      vertex 163.241 -10 -233.74
    endloop
  endfacet
  facet normal 0 -1 0
    outer loop
      vertex 113.449 -10 -255.5
      vertex 156.136 -10 -254.673
      vertex 121.028 -10 -240.132
    endloop
  endfacet
  facet normal 0 -1 0
    outer loop
      vertex 146.358 -10 -274.5
      vertex 113.449 -10 -255.5
      vertex 103.929 -10 -269.748
    endloop
  endfacet
  facet normal 0 -1 0
    outer loop
      vertex 113.449 -10 -255.5
      vertex 146.358 -10 -274.5
      vertex 156.136 -10 -254.673
    endloop
  endfacet
  facet normal 0 -1 0
    outer loop
      vertex 134.077 -10 -292.881
      vertex 103.929 -10 -269.748
      vertex 92.631 -10 -282.631
    endloop
  endfacet
  facet normal 0 -1 0
    outer loop
      vertex 103.929 -10 -269.748
      vertex 134.077 -10 -292.881
      vertex 146.358 -10 -274.5
    endloop
  endfacet
  facet normal 0 -1 0
    outer loop
      vertex 119.501 -10 -309.501
      vertex 92.631 -10 -282.631
      vertex 79.7477 -10 -293.929
    endloop
  endfacet
  facet normal 0 -1 0
    outer loop
      vertex 102.881 -10 -324.077
      vertex 79.7477 -10 -293.929
      vertex 65.5 -10 -303.449
    endloop
  endfacet
  facet normal 0 -1 0
    outer loop
      vertex 92.631 -10 -282.631
      vertex 119.501 -10 -309.501
      vertex 134.077 -10 -292.881
    endloop
  endfacet
  facet normal 0 -1 0
    outer loop
      vertex 84.5 -10 -336.358
      vertex 65.5 -10 -303.449
      vertex 50.1315 -10 -311.028
    endloop
  endfacet
  facet normal 0 -1 0
    outer loop
      vertex 64.6735 -10 -346.136
      vertex 50.1315 -10 -311.028
      vertex 33.9053 -10 -316.536
    endloop
  endfacet
  facet normal 0 -1 0
    outer loop
      vertex 43.7404 -10 -353.241
      vertex 33.9053 -10 -316.536
      vertex 17.0989 -10 -319.879
    endloop
  endfacet
  facet normal 0 -1 0
    outer loop
      vertex 79.7477 -10 -293.929
      vertex 102.881 -10 -324.077
      vertex 119.501 -10 -309.501
    endloop
  endfacet
  facet normal 0 -1 0
    outer loop
      vertex 22.0589 -10 -357.554
      vertex 17.0989 -10 -319.879
      vertex 0 -10 -321
    endloop
  endfacet
  facet normal 0 -1 0
    outer loop
      vertex -43.7404 -10 -353.241
      vertex -33.9053 -10 -316.536
      vertex -64.6735 -10 -346.136
    endloop
  endfacet
  facet normal 0 -1 -0
    outer loop
      vertex -33.9053 -10 -316.536
      vertex -43.7404 -10 -353.241
      vertex -17.0989 -10 -319.879
    endloop
  endfacet
  facet normal 0 -1 0
    outer loop
      vertex 65.5 -10 -303.449
      vertex 84.5 -10 -336.358
      vertex 102.881 -10 -324.077
    endloop
  endfacet
  facet normal 0 -1 0
    outer loop
      vertex -22.0589 -10 -357.554
      vertex -17.0989 -10 -319.879
      vertex -43.7404 -10 -353.241
    endloop
  endfacet
  facet normal 0 -1 0
    outer loop
      vertex 50.1315 -10 -311.028
      vertex 64.6735 -10 -346.136
      vertex 84.5 -10 -336.358
    endloop
  endfacet
  facet normal 0 -1 -0
    outer loop
      vertex -17.0989 -10 -319.879
      vertex -22.0589 -10 -357.554
      vertex 0 -10 -321
    endloop
  endfacet
  facet normal 0 -1 0
    outer loop
      vertex 33.9053 -10 -316.536
      vertex 43.7404 -10 -353.241
      vertex 64.6735 -10 -346.136
    endloop
  endfacet
  facet normal 0 -1 0
    outer loop
      vertex 0 -10 -359
      vertex 0 -10 -321
      vertex -22.0589 -10 -357.554
    endloop
  endfacet
  facet normal 0 -1 0
    outer loop
      vertex 17.0989 -10 -319.879
      vertex 22.0589 -10 -357.554
      vertex 43.7404 -10 -353.241
    endloop
  endfacet
  facet normal 0 -1 0
    outer loop
      vertex 0 -10 -321
      vertex 0 -10 -359
      vertex 22.0589 -10 -357.554
    endloop
  endfacet
  facet normal 0 -1 0
    outer loop
      vertex -55 -10 -56
      vertex -64.6735 -10 -33.8644
      vertex -84.3446 -10 -43.5651
    endloop
  endfacet
  facet normal 0 -1 0
    outer loop
      vertex -64.6735 -10 -33.8644
      vertex -55 -10 -56
      vertex -55 -10 -30.5806
    endloop
  endfacet
  facet normal 0 -1 0
    outer loop
      vertex -33.9053 -10 -63.4637
      vertex -27 -10 -56
      vertex -55 -10 -56
    endloop
  endfacet
  facet normal 0 -1 -0
    outer loop
      vertex -27 -10 -56
      vertex -33.9053 -10 -63.4637
      vertex -21 -10 -60.8967
    endloop
  endfacet
  facet normal 0 -1 0
    outer loop
      vertex -55 -10 -56
      vertex -50.1315 -10 -68.9718
      vertex -33.9053 -10 -63.4637
    endloop
  endfacet
  facet normal 0 -1 0
    outer loop
      vertex -65.5 -10 -76.5507
      vertex -55 -10 -56
      vertex -84.3446 -10 -43.5651
    endloop
  endfacet
  facet normal 0 -1 0
    outer loop
      vertex -55 -10 -56
      vertex -55 -10 -69
      vertex -50.1315 -10 -68.9718
    endloop
  endfacet
  facet normal 0 -1 -0
    outer loop
      vertex -55 -10 -56
      vertex -65.5 -10 -76.5507
      vertex -55 -10 -69
    endloop
  endfacet
  facet normal 0 -1 -0
    outer loop
      vertex -55 -10 -69
      vertex -65.5 -10 -76.5507
      vertex -55 -10 -71.3726
    endloop
  endfacet
  facet normal 0 -1 0
    outer loop
      vertex -84.3446 -10 -43.5651
      vertex -83.3446 -10 -78.5
      vertex -65.5 -10 -76.5507
    endloop
  endfacet
  facet normal 0 -1 0
    outer loop
      vertex -84.3446 -10 -90.102
      vertex -83.3446 -10 -78.5
      vertex -84.3446 -10 -43.5651
    endloop
  endfacet
  facet normal 0 -1 0
    outer loop
      vertex -83.3446 -10 -81.5
      vertex -79.7477 -10 -86.0707
      vertex -72.9072 -10 -81.5
    endloop
  endfacet
  facet normal 0 -1 -0
    outer loop
      vertex -83.3446 -10 -81.5
      vertex -84.3446 -10 -90.102
      vertex -79.7477 -10 -86.0707
    endloop
  endfacet
  facet normal 0 -1 -0
    outer loop
      vertex -83.3446 -10 -78.5
      vertex -84.3446 -10 -90.102
      vertex -83.3446 -10 -81.5
    endloop
  endfacet
  facet normal 0 -1 0
    outer loop
      vertex -27 -10 -56
      vertex -22.0589 -10 -22.4458
      vertex -27 -10 -23.4287
    endloop
  endfacet
  facet normal 0 -1 -0
    outer loop
      vertex -22.0589 -10 -22.4458
      vertex -27 -10 -56
      vertex -21 -10 -22.3764
    endloop
  endfacet
  facet normal 0 -1 -0
    outer loop
      vertex -21 -10 -22.3764
      vertex -27 -10 -56
      vertex -21 -10 -60.8967
    endloop
  endfacet
  facet normal 0 -1 0
    outer loop
      vertex -50.1315 -10 -68.9718
      vertex -55 -10 -69
      vertex -50.1888 -10 -69
    endloop
  endfacet
  facet normal 0 -1 0
    outer loop
      vertex -65.5 -10 -76.5507
      vertex -83.3446 -10 -78.5
      vertex -68.4174 -10 -78.5
    endloop
  endfacet
  facet normal 0 -1 0
    outer loop
      vertex 72.9072 -10 -81.5
      vertex 79.7477 -10 -86.0707
      vertex 83.3446 -10 -81.5
    endloop
  endfacet
  facet normal 0 -1 0
    outer loop
      vertex 27 -10 -56
      vertex 22.0589 -10 -22.4458
      vertex 21 -10 -22.3764
    endloop
  endfacet
  facet normal 0 -1 0
    outer loop
      vertex 22.0589 -10 -22.4458
      vertex 27 -10 -56
      vertex 27 -10 -23.4287
    endloop
  endfacet
  facet normal 0 -1 0
    outer loop
      vertex 33.9053 -10 -63.4637
      vertex 27 -10 -56
      vertex 21 -10 -60.8967
    endloop
  endfacet
  facet normal 0 -1 0
    outer loop
      vertex 21 -10 -60.8967
      vertex 27 -10 -56
      vertex 21 -10 -22.3764
    endloop
  endfacet
  facet normal 0 -1 0
    outer loop
      vertex 55 -10 -56
      vertex 64.6735 -10 -33.8644
      vertex 55 -10 -30.5806
    endloop
  endfacet
  facet normal 0 -1 -0
    outer loop
      vertex 64.6735 -10 -33.8644
      vertex 55 -10 -56
      vertex 84.3446 -10 -43.5651
    endloop
  endfacet
  facet normal 0 -1 0
    outer loop
      vertex 27 -10 -56
      vertex 33.9053 -10 -63.4637
      vertex 55 -10 -56
    endloop
  endfacet
  facet normal 0 -1 0
    outer loop
      vertex 50.1315 -10 -68.9718
      vertex 55 -10 -56
      vertex 33.9053 -10 -63.4637
    endloop
  endfacet
  facet normal 0 -1 0
    outer loop
      vertex 55 -10 -69
      vertex 55 -10 -56
      vertex 50.1315 -10 -68.9718
    endloop
  endfacet
  facet normal 0 -1 0
    outer loop
      vertex 55 -10 -69
      vertex 50.1315 -10 -68.9718
      vertex 50.1888 -10 -69
    endloop
  endfacet
  facet normal 0 -1 0
    outer loop
      vertex 65.5 -10 -76.5507
      vertex 55 -10 -56
      vertex 55 -10 -69
    endloop
  endfacet
  facet normal 0 -1 0
    outer loop
      vertex 65.5 -10 -76.5507
      vertex 55 -10 -69
      vertex 55 -10 -71.3726
    endloop
  endfacet
  facet normal 0 -1 0
    outer loop
      vertex 55 -10 -56
      vertex 65.5 -10 -76.5507
      vertex 84.3446 -10 -43.5651
    endloop
  endfacet
  facet normal 0 -1 0
    outer loop
      vertex 83.3446 -10 -78.5
      vertex 65.5 -10 -76.5507
      vertex 68.4174 -10 -78.5
    endloop
  endfacet
  facet normal 0 -1 0
    outer loop
      vertex 65.5 -10 -76.5507
      vertex 83.3446 -10 -78.5
      vertex 84.3446 -10 -43.5651
    endloop
  endfacet
  facet normal 0 -1 0
    outer loop
      vertex 84.3446 -10 -90.102
      vertex 83.3446 -10 -78.5
      vertex 83.3446 -10 -81.5
    endloop
  endfacet
  facet normal 0 -1 0
    outer loop
      vertex 83.3446 -10 -78.5
      vertex 84.3446 -10 -90.102
      vertex 84.3446 -10 -43.5651
    endloop
  endfacet
  facet normal 0 -1 0
    outer loop
      vertex 84.3446 -10 -90.102
      vertex 83.3446 -10 -81.5
      vertex 79.7477 -10 -86.0707
    endloop
  endfacet
  facet normal 0.997858 -0 0.065419
    outer loop
      vertex -131 -10 -190
      vertex -129.879 10 -207.099
      vertex -131 10 -190
    endloop
  endfacet
  facet normal 0.997858 0 0.065419
    outer loop
      vertex -129.879 10 -207.099
      vertex -131 -10 -190
      vertex -129.879 -10 -207.099
    endloop
  endfacet
  facet normal 1 0 0
    outer loop
      vertex 17.5 56 120
      vertex 17.5 41.4369 81.5
      vertex 17.5 56 81.5
    endloop
  endfacet
  facet normal 1 -0 0
    outer loop
      vertex 17.5 26 120
      vertex 17.5 41.4369 81.5
      vertex 17.5 56 120
    endloop
  endfacet
  facet normal 1 0 0
    outer loop
      vertex 17.5 26 80
      vertex 17.5 41.4369 81.5
      vertex 17.5 26 120
    endloop
  endfacet
  facet normal 1 0 0
    outer loop
      vertex 17.5 41.4369 81.5
      vertex 17.5 26 80
      vertex 17.5 41.4369 80
    endloop
  endfacet
  facet normal -0 0 1
    outer loop
      vertex -17.5 56 120
      vertex 17.5 26 120
      vertex 17.5 56 120
    endloop
  endfacet
  facet normal 0 0 1
    outer loop
      vertex 17.5 26 120
      vertex -17.5 56 120
      vertex -17.5 26 120
    endloop
  endfacet
  facet normal 0 0 -1
    outer loop
      vertex 17.5 26 80
      vertex 17.2208 41.5746 80
      vertex 17.5 41.4369 80
    endloop
  endfacet
  facet normal 0 0 -1
    outer loop
      vertex 17.5 26 80
      vertex 11.6469 43.4667 80
      vertex 17.2208 41.5746 80
    endloop
  endfacet
  facet normal 0 0 -1
    outer loop
      vertex 17.5 26 80
      vertex 5.87368 44.615 80
      vertex 11.6469 43.4667 80
    endloop
  endfacet
  facet normal 0 0 -1
    outer loop
      vertex 17.5 26 80
      vertex 0 45 80
      vertex 5.87368 44.615 80
    endloop
  endfacet
  facet normal 0 0 -1
    outer loop
      vertex -17.5 26 80
      vertex 0 45 80
      vertex 17.5 26 80
    endloop
  endfacet
  facet normal 0 0 -1
    outer loop
      vertex 0 45 80
      vertex -17.5 26 80
      vertex -5.87368 44.615 80
    endloop
  endfacet
  facet normal 0 0 -1
    outer loop
      vertex -5.87368 44.615 80
      vertex -17.5 26 80
      vertex -11.6469 43.4667 80
    endloop
  endfacet
  facet normal 0 0 -1
    outer loop
      vertex -11.6469 43.4667 80
      vertex -17.5 26 80
      vertex -17.2208 41.5746 80
    endloop
  endfacet
  facet normal 0 0 -1
    outer loop
      vertex -17.2208 41.5746 80
      vertex -17.5 26 80
      vertex -17.5 41.4369 80
    endloop
  endfacet
  facet normal -1 0 0
    outer loop
      vertex -17.5 41.4369 80
      vertex -17.5 26 80
      vertex -17.5 41.4369 81.5
    endloop
  endfacet
  facet normal -1 0 0
    outer loop
      vertex -17.5 41.4369 81.5
      vertex -17.5 56 120
      vertex -17.5 56 81.5
    endloop
  endfacet
  facet normal -1 0 0
    outer loop
      vertex -17.5 26 120
      vertex -17.5 41.4369 81.5
      vertex -17.5 26 80
    endloop
  endfacet
  facet normal -1 0 0
    outer loop
      vertex -17.5 41.4369 81.5
      vertex -17.5 26 120
      vertex -17.5 56 120
    endloop
  endfacet
  facet normal 0 1 -0
    outer loop
      vertex 17.5 56 81.5
      vertex -17.5 56 120
      vertex 17.5 56 120
    endloop
  endfacet
  facet normal 0 1 0
    outer loop
      vertex -17.5 56 120
      vertex 17.5 56 81.5
      vertex -17.5 56 81.5
    endloop
  endfacet
  facet normal 0 -1 0
    outer loop
      vertex -17.5 26 80
      vertex 17.5 26 120
      vertex -17.5 26 120
    endloop
  endfacet
  facet normal 0 -1 -0
    outer loop
      vertex 17.5 26 120
      vertex -17.5 26 80
      vertex 17.5 26 80
    endloop
  endfacet
  facet normal 1 0 0
    outer loop
      vertex 17.5 -26 -60
      vertex 17.5 -41.4369 -78.5
      vertex 17.5 -26 -100
    endloop
  endfacet
  facet normal 1 -0 0
    outer loop
      vertex 17.5 -56 -60
      vertex 17.5 -41.4369 -78.5
      vertex 17.5 -26 -60
    endloop
  endfacet
  facet normal 1 0 0
    outer loop
      vertex 17.5 -41.4369 -78.5
      vertex 17.5 -56 -60
      vertex 17.5 -56 -78.5
    endloop
  endfacet
  facet normal 1 -0 0
    outer loop
      vertex 17.5 -41.4369 -81.5
      vertex 17.5 -26 -100
      vertex 17.5 -41.4369 -78.5
    endloop
  endfacet
  facet normal 1 0 0
    outer loop
      vertex 17.5 -56 -100
      vertex 17.5 -41.4369 -81.5
      vertex 17.5 -56 -81.5
    endloop
  endfacet
  facet normal 1 0 0
    outer loop
      vertex 17.5 -41.4369 -81.5
      vertex 17.5 -56 -100
      vertex 17.5 -26 -100
    endloop
  endfacet
  facet normal -0 0 1
    outer loop
      vertex -17.5 -26 -60
      vertex 17.5 -56 -60
      vertex 17.5 -26 -60
    endloop
  endfacet
  facet normal 0 0 1
    outer loop
      vertex 17.5 -56 -60
      vertex -17.5 -26 -60
      vertex -17.5 -56 -60
    endloop
  endfacet
  facet normal 0 0 -1
    outer loop
      vertex -17.5 -56 -100
      vertex 17.5 -26 -100
      vertex 17.5 -56 -100
    endloop
  endfacet
  facet normal -0 0 -1
    outer loop
      vertex 17.5 -26 -100
      vertex -17.5 -56 -100
      vertex -17.5 -26 -100
    endloop
  endfacet
  facet normal -1 0 0
    outer loop
      vertex -17.5 -26 -100
      vertex -17.5 -41.4369 -81.5
      vertex -17.5 -26 -60
    endloop
  endfacet
  facet normal -1 0 0
    outer loop
      vertex -17.5 -56 -100
      vertex -17.5 -41.4369 -81.5
      vertex -17.5 -26 -100
    endloop
  endfacet
  facet normal -1 -0 0
    outer loop
      vertex -17.5 -41.4369 -81.5
      vertex -17.5 -56 -100
      vertex -17.5 -56 -81.5
    endloop
  endfacet
  facet normal -1 0 0
    outer loop
      vertex -17.5 -41.4369 -78.5
      vertex -17.5 -26 -60
      vertex -17.5 -41.4369 -81.5
    endloop
  endfacet
  facet normal -1 0 0
    outer loop
      vertex -17.5 -56 -60
      vertex -17.5 -41.4369 -78.5
      vertex -17.5 -56 -78.5
    endloop
  endfacet
  facet normal -1 0 0
    outer loop
      vertex -17.5 -41.4369 -78.5
      vertex -17.5 -56 -60
      vertex -17.5 -26 -60
    endloop
  endfacet
  facet normal 0 1 -0
    outer loop
      vertex 17.5 -26 -100
      vertex -17.5 -26 -60
      vertex 17.5 -26 -60
    endloop
  endfacet
  facet normal 0 1 0
    outer loop
      vertex -17.5 -26 -60
      vertex 17.5 -26 -100
      vertex -17.5 -26 -100
    endloop
  endfacet
  facet normal 0 -1 0
    outer loop
      vertex -17.5 -56 -78.5
      vertex 17.5 -56 -60
      vertex -17.5 -56 -60
    endloop
  endfacet
  facet normal 0 -1 -0
    outer loop
      vertex 17.5 -56 -60
      vertex -17.5 -56 -78.5
      vertex 17.5 -56 -78.5
    endloop
  endfacet
  facet normal 0 -1 0
    outer loop
      vertex -17.5 -56 -100
      vertex 17.5 -56 -81.5
      vertex -17.5 -56 -81.5
    endloop
  endfacet
  facet normal 0 -1 -0
    outer loop
      vertex 17.5 -56 -81.5
      vertex -17.5 -56 -100
      vertex 17.5 -56 -100
    endloop
  endfacet
  facet normal 0 0 -1
    outer loop
      vertex 90.5 -15 95
      vertex 90 0 95
      vertex 90.5 15 95
    endloop
  endfacet
  facet normal 0 0 -1
    outer loop
      vertex 89.5 -7.62852 95
      vertex 90.5 -15 95
      vertex 89.5 -15 95
    endloop
  endfacet
  facet normal 0 0 -1
    outer loop
      vertex 90.5 -15 95
      vertex 89.5 -7.62852 95
      vertex 90 0 95
    endloop
  endfacet
  facet normal 0 0 -1
    outer loop
      vertex 89.5 7.62852 95
      vertex 90.5 15 95
      vertex 90 0 95
    endloop
  endfacet
  facet normal -0 0 -1
    outer loop
      vertex 90.5 15 95
      vertex 89.5 7.62852 95
      vertex 89.5 15 95
    endloop
  endfacet
  facet normal 1 0 0
    outer loop
      vertex 90.5 15 185
      vertex 90.5 3.5 109.756
      vertex 90.5 15 95
    endloop
  endfacet
  facet normal 1 0 0
    outer loop
      vertex 90.5 15 185
      vertex 90.5 -3.5 109.756
      vertex 90.5 3.5 109.756
    endloop
  endfacet
  facet normal 1 0 0
    outer loop
      vertex 90.5 -15 95
      vertex 90.5 -3.5 109.756
      vertex 90.5 -15 185
    endloop
  endfacet
  facet normal 1 -0 0
    outer loop
      vertex 90.5 -15 185
      vertex 90.5 -3.5 109.756
      vertex 90.5 15 185
    endloop
  endfacet
  facet normal 1 -0 0
    outer loop
      vertex 90.5 3.5 106.525
      vertex 90.5 15 95
      vertex 90.5 3.5 109.756
    endloop
  endfacet
  facet normal 1 -0 0
    outer loop
      vertex 90.5 -3.5 106.525
      vertex 90.5 15 95
      vertex 90.5 3.5 106.525
    endloop
  endfacet
  facet normal 1 0 0
    outer loop
      vertex 90.5 -3.5 106.525
      vertex 90.5 -15 95
      vertex 90.5 15 95
    endloop
  endfacet
  facet normal 1 0 0
    outer loop
      vertex 90.5 -3.5 109.756
      vertex 90.5 -15 95
      vertex 90.5 -3.5 106.525
    endloop
  endfacet
  facet normal -1 0 0
    outer loop
      vertex 89.5 -7.62852 95
      vertex 89.5 -15 95
      vertex 89.5 -7.62852 120
    endloop
  endfacet
  facet normal -1 0 0
    outer loop
      vertex 89.5 7.62852 120
      vertex 89.5 15 95
      vertex 89.5 7.62852 95
    endloop
  endfacet
  facet normal -1 0 0
    outer loop
      vertex 89.5 15 95
      vertex 89.5 7.62852 120
      vertex 89.5 15 185
    endloop
  endfacet
  facet normal -1 0 0
    outer loop
      vertex 89.5 -7.62852 120
      vertex 89.5 15 185
      vertex 89.5 7.62852 120
    endloop
  endfacet
  facet normal -1 0 0
    outer loop
      vertex 89.5 -7.62852 120
      vertex 89.5 -15 185
      vertex 89.5 15 185
    endloop
  endfacet
  facet normal -1 0 0
    outer loop
      vertex 89.5 -15 185
      vertex 89.5 -7.62852 120
      vertex 89.5 -15 95
    endloop
  endfacet
  facet normal -0 0 1
    outer loop
      vertex 89.5 15 185
      vertex 90.5 -15 185
      vertex 90.5 15 185
    endloop
  endfacet
  facet normal 0 0 1
    outer loop
      vertex 90.5 -15 185
      vertex 89.5 15 185
      vertex 89.5 -15 185
    endloop
  endfacet
  facet normal 0 1 -0
    outer loop
      vertex 90.5 15 95
      vertex 89.5 15 185
      vertex 90.5 15 185
    endloop
  endfacet
  facet normal 0 1 0
    outer loop
      vertex 89.5 15 185
      vertex 90.5 15 95
      vertex 89.5 15 95
    endloop
  endfacet
  facet normal 0 -1 0
    outer loop
      vertex 89.5 -15 95
      vertex 90.5 -15 185
      vertex 89.5 -15 185
    endloop
  endfacet
  facet normal 0 -1 -0
    outer loop
      vertex 90.5 -15 185
      vertex 89.5 -15 95
      vertex 90.5 -15 95
    endloop
  endfacet
  facet normal 0 0 -1
    outer loop
      vertex -90.5 -15 -185
      vertex -89.5 15 -185
      vertex -89.5 -15 -185
    endloop
  endfacet
  facet normal -0 0 -1
    outer loop
      vertex -89.5 15 -185
      vertex -90.5 -15 -185
      vertex -90.5 15 -185
    endloop
  endfacet
  facet normal 1 0 0
    outer loop
      vertex -89.5 -7.62852 -95
      vertex -89.5 -15 -95
      vertex -89.5 -7.62852 -120
    endloop
  endfacet
  facet normal 1 0 0
    outer loop
      vertex -89.5 7.62852 -120
      vertex -89.5 15 -95
      vertex -89.5 7.62852 -95
    endloop
  endfacet
  facet normal 1 0 0
    outer loop
      vertex -89.5 15 -95
      vertex -89.5 7.62852 -120
      vertex -89.5 15 -185
    endloop
  endfacet
  facet normal 1 -0 0
    outer loop
      vertex -89.5 -7.62852 -120
      vertex -89.5 15 -185
      vertex -89.5 7.62852 -120
    endloop
  endfacet
  facet normal 1 0 0
    outer loop
      vertex -89.5 -7.62852 -120
      vertex -89.5 -15 -185
      vertex -89.5 15 -185
    endloop
  endfacet
  facet normal 1 0 0
    outer loop
      vertex -89.5 -15 -185
      vertex -89.5 -7.62852 -120
      vertex -89.5 -15 -95
    endloop
  endfacet
  facet normal -1 0 0
    outer loop
      vertex -90.5 15 -185
      vertex -90.5 10 -95.5002
      vertex -90.5 15 -95
    endloop
  endfacet
  facet normal -1 0 0
    outer loop
      vertex -90.5 15 -185
      vertex -90.5 -10 -95.5002
      vertex -90.5 10 -95.5002
    endloop
  endfacet
  facet normal -1 0 0
    outer loop
      vertex -90.5 -15 -185
      vertex -90.5 -10 -95.5002
      vertex -90.5 15 -185
    endloop
  endfacet
  facet normal -1 0 0
    outer loop
      vertex -90.5 -15 -95
      vertex -90.5 -10 -95.5002
      vertex -90.5 -15 -185
    endloop
  endfacet
  facet normal -1 0 0
    outer loop
      vertex -90.5 -10 -95.5002
      vertex -90.5 -15 -95
      vertex -90.5 -10 -95
    endloop
  endfacet
  facet normal -1 -0 0
    outer loop
      vertex -90.5 15 -95
      vertex -90.5 10 -95.5002
      vertex -90.5 10 -95
    endloop
  endfacet
  facet normal 0 0 1
    outer loop
      vertex -89.5 15 -95
      vertex -89.9296 10 -95
      vertex -89.5 7.62852 -95
    endloop
  endfacet
  facet normal -0 0 1
    outer loop
      vertex -90.5 15 -95
      vertex -89.9296 10 -95
      vertex -89.5 15 -95
    endloop
  endfacet
  facet normal 0 0 1
    outer loop
      vertex -89.9296 10 -95
      vertex -90.5 15 -95
      vertex -90.5 10 -95
    endloop
  endfacet
  facet normal 0 0 1
    outer loop
      vertex -89.5 7.62852 -95
      vertex -89.9296 10 -95
      vertex -89.9296 1.07335 -95
    endloop
  endfacet
  facet normal 0 0 1
    outer loop
      vertex -89.9296 -10 -95
      vertex -89.5 -7.62852 -95
      vertex -89.9296 -1.07335 -95
    endloop
  endfacet
  facet normal 0 0 1
    outer loop
      vertex -89.5 -7.62852 -95
      vertex -89.9296 -10 -95
      vertex -89.5 -15 -95
    endloop
  endfacet
  facet normal 0 0 1
    outer loop
      vertex -90.5 -15 -95
      vertex -89.9296 -10 -95
      vertex -90.5 -10 -95
    endloop
  endfacet
  facet normal 0 0 1
    outer loop
      vertex -89.9296 -10 -95
      vertex -90.5 -15 -95
      vertex -89.5 -15 -95
    endloop
  endfacet
  facet normal 0 1 -0
    outer loop
      vertex -89.5 15 -185
      vertex -90.5 15 -95
      vertex -89.5 15 -95
    endloop
  endfacet
  facet normal 0 1 0
    outer loop
      vertex -90.5 15 -95
      vertex -89.5 15 -185
      vertex -90.5 15 -185
    endloop
  endfacet
  facet normal 0 -1 0
    outer loop
      vertex -90.5 -15 -185
      vertex -89.5 -15 -95
      vertex -90.5 -15 -95
    endloop
  endfacet
  facet normal 0 -1 -0
    outer loop
      vertex -89.5 -15 -95
      vertex -90.5 -15 -185
      vertex -89.5 -15 -185
    endloop
  endfacet
endsolid OpenSCAD_Model
