[2026-04-07T08:29:18.251Z] Luna (COMBAT) discovered Ancient Ruins in Alpha-1
[2026-04-07T08:58:20.142Z] Vex (PILOT) discovered Anomalous Planet in Alpha-1
[2026-04-07T08:59:20.144Z] Nyx (ENGINEER) discovered Rare Minerals in Alpha-1
[2026-04-07T08:59:20.145Z] Aria (MEDIC) discovered Ancient Ruins in Alpha-1
[2026-04-07T09:17:51.443Z] Aria (MEDIC) discovered Nebula Cloud in Alpha-1
[2026-04-07T09:21:51.543Z] Nyx (ENGINEER) discovered Anomalous Planet in Alpha-1
[2026-04-07T09:43:52.645Z] Jax (SCIENTIST) discovered Ancient Ruins in Alpha-1
[2026-04-07T09:44:52.743Z] Vex (PILOT) discovered Derelict Ship in Alpha-1
[2026-04-07T09:59:23.351Z] Vex (PILOT) discovered Nebula Cloud in Alpha-1
[2026-04-07T10:10:53.952Z] Luna (COMBAT) discovered Anomalous Planet in Alpha-1
[2026-04-07T10:18:24.251Z] Vex (PILOT) discovered Anomalous Planet in Alpha-1
[2026-04-07T10:36:55.351Z] Vex (PILOT) discovered Derelict Ship in Alpha-1
[2026-04-07T10:39:55.650Z] Vex (PILOT) discovered Derelict Ship in Alpha-1
[2026-04-07T10:47:26.252Z] Luna (COMBAT) discovered Nebula Cloud in Alpha-1
[2026-04-07T10:49:26.452Z] Vex (PILOT) discovered Hidden Base in Alpha-1
[2026-04-07T10:51:56.750Z] Nyx (ENGINEER) discovered Nebula Cloud in Alpha-1
[2026-04-07T10:57:56.951Z] Nyx (ENGINEER) discovered Space Anomaly in Alpha-1
[2026-04-07T10:58:27.153Z] Aria (MEDIC) discovered Derelict Ship in Alpha-1
[2026-04-07T11:02:27.452Z] Luna (COMBAT) discovered Unknown Signal in Alpha-1
[2026-04-07T11:18:58.352Z] Jax (SCIENTIST) discovered Ancient Ruins in Alpha-1
[2026-04-07T11:30:28.953Z] Nyx (ENGINEER) discovered Rare Minerals in Alpha-1
[2026-04-07T11:39:29.647Z] Jax (SCIENTIST) discovered Alien Artifact in Alpha-1
[2026-04-07T11:42:29.746Z] Luna (COMBAT) discovered Ancient Ruins in Alpha-1
[2026-04-07T11:45:29.845Z] Vex (PILOT) discovered Rare Minerals in Alpha-1
[2026-04-07T12:13:01.340Z] Vex (PILOT) discovered Nebula Cloud in Alpha-1
[2026-04-07T12:26:32.040Z] Vex (PILOT) discovered Derelict Ship in Alpha-1
[2026-04-07T12:37:32.836Z] Nyx (ENGINEER) discovered Hidden Base in Alpha-1
[2026-04-07T12:45:03.346Z] Aria (MEDIC) discovered Hidden Base in Alpha-1
[2026-04-07T12:59:34.052Z] Jax (SCIENTIST) discovered Space Anomaly in Alpha-1
[2026-04-07T13:03:34.552Z] Vex (PILOT) discovered Derelict Ship in Alpha-1
[2026-04-07T13:04:04.553Z] Vex (PILOT) discovered Nebula Cloud in Alpha-1
[2026-04-07T13:23:06.159Z] Aria (MEDIC) discovered Hidden Base in Alpha-1
[2026-04-07T13:27:36.058Z] Luna (COMBAT) discovered Ancient Ruins in Alpha-1
[2026-04-07T13:36:36.657Z] Jax (SCIENTIST) discovered Anomalous Planet in Alpha-1
[2026-04-07T13:38:06.854Z] Jax (SCIENTIST) discovered Nebula Cloud in Alpha-1
[2026-04-07T13:47:06.860Z] Luna (COMBAT) discovered Rare Minerals in Alpha-1
[2026-04-07T13:59:07.646Z] Aria (MEDIC) discovered Space Anomaly in Alpha-1
[2026-04-07T14:35:09.746Z] Aria (MEDIC) discovered Hidden Base in Alpha-1
[2026-04-07T14:43:40.942Z] Vex (PILOT) discovered Alien Artifact in Alpha-1
[2026-04-07T14:51:41.042Z] Nyx (ENGINEER) discovered Anomalous Planet in Alpha-1
[2026-04-07T15:02:11.743Z] Aria (MEDIC) discovered Derelict Ship in Alpha-1
[2026-04-07T15:06:42.042Z] Jax (SCIENTIST) discovered Nebula Cloud in Alpha-1
[2026-04-07T15:14:42.144Z] Nyx (ENGINEER) discovered Unknown Signal in Alpha-1
[2026-04-07T15:22:12.644Z] Vex (PILOT) discovered Anomalous Planet in Alpha-1
[2026-04-07T15:32:13.345Z] Jax (SCIENTIST) discovered Alien Artifact in Alpha-1
[2026-04-07T15:50:43.751Z] Luna (COMBAT) discovered Derelict Ship in Alpha-1
[2026-04-07T15:52:13.850Z] Aria (MEDIC) discovered Rare Minerals in Alpha-1
[2026-04-07T16:08:44.950Z] Aria (MEDIC) discovered Unknown Signal in Alpha-1
[2026-04-07T16:10:14.959Z] Nyx (ENGINEER) discovered Hidden Base in Alpha-1
[2026-04-07T16:10:44.750Z] Vex (PILOT) discovered Anomalous Planet in Alpha-1
[2026-04-07T16:25:15.650Z] Luna (COMBAT) discovered Ancient Ruins in Alpha-1
[2026-04-07T16:42:46.948Z] Luna (COMBAT) discovered Unknown Signal in Alpha-1
[2026-04-07T16:53:17.645Z] Nyx (ENGINEER) discovered Rare Minerals in Alpha-1
[2026-04-07T17:03:18.141Z] Nyx (ENGINEER) discovered Space Anomaly in Alpha-1
[2026-04-07T17:07:18.543Z] Jax (SCIENTIST) discovered Nebula Cloud in Alpha-1
[2026-04-07T17:07:48.744Z] Jax (SCIENTIST) discovered Alien Artifact in Alpha-1
[2026-04-07T17:09:18.842Z] Jax (SCIENTIST) discovered Space Anomaly in Alpha-1
[2026-04-07T17:30:50.244Z] Jax (SCIENTIST) discovered Derelict Ship in Alpha-1
[2026-04-07T17:41:50.941Z] Vex (PILOT) discovered Derelict Ship in Alpha-1
[2026-04-07T17:47:51.842Z] Jax (SCIENTIST) discovered Alien Artifact in Alpha-1
[2026-04-07T17:48:51.845Z] Luna (COMBAT) discovered Derelict Ship in Alpha-1
[2026-04-07T17:49:21.942Z] Jax (SCIENTIST) discovered Hidden Base in Alpha-1
[2026-04-07T18:26:23.551Z] Vex (PILOT) discovered Space Anomaly in Alpha-1
[2026-04-07T18:26:24.046Z] Jax (SCIENTIST) discovered Derelict Ship in Alpha-1
[2026-04-07T18:29:23.848Z] Luna (COMBAT) discovered Alien Artifact in Alpha-1
[2026-04-07T18:34:54.050Z] Luna (COMBAT) discovered Space Anomaly in Alpha-1
[2026-04-07T18:35:24.049Z] Vex (PILOT) discovered Alien Artifact in Alpha-1
[2026-04-07T18:38:24.252Z] Aria (MEDIC) discovered Hidden Base in Alpha-1
[2026-04-07T18:40:24.250Z] Nyx (ENGINEER) discovered Alien Artifact in Alpha-1
[2026-04-07T18:53:24.753Z] Jax (SCIENTIST) discovered Hidden Base in Alpha-1
[2026-04-07T18:56:24.950Z] Nyx (ENGINEER) discovered Anomalous Planet in Alpha-1
[2026-04-07T19:07:25.552Z] Vex (PILOT) discovered Space Anomaly in Alpha-1
[2026-04-07T19:14:26.253Z] Luna (COMBAT) discovered Space Anomaly in Alpha-1
[2026-04-07T19:21:26.751Z] Jax (SCIENTIST) discovered Unknown Signal in Alpha-1
[2026-04-07T19:27:57.050Z] Nyx (ENGINEER) discovered Nebula Cloud in Alpha-1
[2026-04-07T19:28:27.050Z] Vex (PILOT) discovered Unknown Signal in Alpha-1
[2026-04-07T19:44:28.451Z] Nyx (ENGINEER) discovered Space Anomaly in Alpha-1
[2026-04-07T20:08:29.650Z] Aria (MEDIC) discovered Anomalous Planet in Alpha-1
[2026-04-07T20:14:00.052Z] Luna (COMBAT) discovered Rare Minerals in Alpha-1
[2026-04-07T20:16:00.449Z] Aria (MEDIC) discovered Unknown Signal in Alpha-1
[2026-04-07T20:40:32.248Z] Luna (COMBAT) discovered Ancient Ruins in Alpha-1
[2026-04-07T20:43:01.949Z] Nyx (ENGINEER) discovered Rare Minerals in Alpha-1
[2026-04-07T21:01:33.853Z] Luna (COMBAT) discovered Rare Minerals in Alpha-1
[2026-04-07T21:13:05.152Z] Jax (SCIENTIST) discovered Nebula Cloud in Alpha-1
[2026-04-07T21:17:35.548Z] Vex (PILOT) discovered Nebula Cloud in Alpha-1
[2026-04-07T21:20:05.755Z] Nyx (ENGINEER) discovered Unknown Signal in Alpha-1
[2026-04-07T21:41:08.552Z] Aria (MEDIC) discovered Rare Minerals in Alpha-1
[2026-04-07T21:41:38.752Z] Aria (MEDIC) discovered Unknown Signal in Alpha-1
[2026-04-07T21:46:09.051Z] Aria (MEDIC) discovered Space Anomaly in Alpha-1
[2026-04-07T22:07:11.543Z] Luna (COMBAT) discovered Rare Minerals in Alpha-1
[2026-04-07T22:12:41.941Z] Nyx (ENGINEER) discovered Anomalous Planet in Alpha-1
[2026-04-07T22:15:11.942Z] Nyx (ENGINEER) discovered Nebula Cloud in Alpha-1
[2026-04-07T22:23:42.944Z] Jax (SCIENTIST) discovered Space Anomaly in Alpha-1
[2026-04-07T22:38:13.549Z] Nyx (ENGINEER) discovered Rare Minerals in Alpha-1
[2026-04-07T22:40:13.651Z] Aria (MEDIC) discovered Anomalous Planet in Alpha-1
[2026-04-07T22:44:13.947Z] Nyx (ENGINEER) discovered Derelict Ship in Alpha-1
[2026-04-07T23:08:15.350Z] Jax (SCIENTIST) discovered Unknown Signal in Alpha-1
[2026-04-07T23:10:45.552Z] Jax (SCIENTIST) discovered Space Anomaly in Alpha-1
[2026-04-07T23:19:16.549Z] Aria (MEDIC) discovered Ancient Ruins in Alpha-1
[2026-04-07T23:34:48.045Z] Aria (MEDIC) discovered Nebula Cloud in Alpha-1
[2026-04-07T23:38:18.447Z] Vex (PILOT) discovered Alien Artifact in Alpha-1
[2026-04-07T23:52:19.947Z] Aria (MEDIC) discovered Nebula Cloud in Alpha-1
[2026-04-07T23:53:19.945Z] Jax (SCIENTIST) discovered Space Anomaly in Alpha-1
[2026-04-07T23:58:50.443Z] Luna (COMBAT) discovered Anomalous Planet in Alpha-1
[2026-04-08T00:15:51.541Z] Vex (PILOT) discovered Ancient Ruins in Alpha-1
[2026-04-08T00:26:52.441Z] Luna (COMBAT) discovered Anomalous Planet in Alpha-1
[2026-04-08T00:28:52.442Z] Nyx (ENGINEER) discovered Derelict Ship in Alpha-1
[2026-04-08T00:33:52.941Z] Nyx (ENGINEER) discovered Alien Artifact in Alpha-1
[2026-04-08T00:47:24.044Z] Aria (MEDIC) discovered Rare Minerals in Alpha-1
[2026-04-08T01:06:25.142Z] Nyx (ENGINEER) discovered Derelict Ship in Alpha-1
[2026-04-08T01:15:56.248Z] Jax (SCIENTIST) discovered Hidden Base in Alpha-1
[2026-04-08T01:24:57.150Z] Luna (COMBAT) discovered Unknown Signal in Alpha-1
[2026-04-08T01:36:58.153Z] Jax (SCIENTIST) discovered Unknown Signal in Alpha-1
[2026-04-08T01:43:28.652Z] Nyx (ENGINEER) discovered Nebula Cloud in Alpha-1
[2026-04-08T01:43:58.452Z] Luna (COMBAT) discovered Derelict Ship in Alpha-1
[2026-04-08T01:50:28.948Z] Vex (PILOT) discovered Space Anomaly in Alpha-1
[2026-04-08T01:55:59.247Z] Aria (MEDIC) discovered Nebula Cloud in Alpha-1
[2026-04-08T02:01:00.149Z] Luna (COMBAT) discovered Space Anomaly in Alpha-1
[2026-04-08T02:14:31.147Z] Jax (SCIENTIST) discovered Hidden Base in Alpha-1
[2026-04-08T02:22:32.651Z] Aria (MEDIC) discovered Nebula Cloud in Alpha-1
[2026-04-08T02:45:04.149Z] Jax (SCIENTIST) discovered Rare Minerals in Alpha-1
[2026-04-08T02:59:05.046Z] Vex (PILOT) discovered Anomalous Planet in Alpha-1
[2026-04-08T03:01:35.146Z] Nyx (ENGINEER) discovered Rare Minerals in Alpha-1
[2026-04-08T03:23:07.546Z] Aria (MEDIC) discovered Space Anomaly in Alpha-1
[2026-04-08T03:39:38.848Z] Jax (SCIENTIST) discovered Space Anomaly in Alpha-1
[2026-04-08T03:47:39.550Z] Aria (MEDIC) discovered Ancient Ruins in Alpha-1
[2026-04-08T03:51:39.452Z] Vex (PILOT) discovered Derelict Ship in Alpha-1
[2026-04-08T04:09:11.549Z] Aria (MEDIC) discovered Alien Artifact in Alpha-1
[2026-04-08T04:12:41.049Z] Vex (PILOT) discovered Rare Minerals in Alpha-1
[2026-04-08T04:17:11.342Z] Vex (PILOT) discovered Unknown Signal in Alpha-1
[2026-04-08T04:21:11.743Z] Vex (PILOT) discovered Ancient Ruins in Alpha-1
[2026-04-08T04:29:12.243Z] Luna (COMBAT) discovered Hidden Base in Alpha-1
[2026-04-08T04:39:43.148Z] Luna (COMBAT) discovered Nebula Cloud in Alpha-1
[2026-04-08T04:54:13.650Z] Vex (PILOT) discovered Anomalous Planet in Alpha-1
[2026-04-08T04:59:13.861Z] Nyx (ENGINEER) discovered Nebula Cloud in Alpha-1
[2026-04-08T05:25:16.644Z] Jax (SCIENTIST) discovered Ancient Ruins in Alpha-1
[2026-04-08T05:28:16.746Z] Jax (SCIENTIST) discovered Space Anomaly in Alpha-1
[2026-04-08T05:41:19.243Z] Jax (SCIENTIST) discovered Ancient Ruins in Alpha-1
[2026-04-08T05:44:20.646Z] Luna (COMBAT) discovered Unknown Signal in Alpha-1
[2026-04-08T05:48:50.050Z] Aria (MEDIC) discovered Hidden Base in Alpha-1
[2026-04-08T05:51:20.450Z] Aria (MEDIC) discovered Alien Artifact in Alpha-1
[2026-04-08T05:53:50.255Z] Jax (SCIENTIST) discovered Unknown Signal in Alpha-1
[2026-04-08T05:54:50.751Z] Aria (MEDIC) discovered Anomalous Planet in Alpha-1
[2026-04-08T06:03:21.653Z] Aria (MEDIC) discovered Rare Minerals in Alpha-1
[2026-04-08T06:05:51.555Z] Vex (PILOT) discovered Ancient Ruins in Alpha-1
[2026-04-08T06:05:51.953Z] Jax (SCIENTIST) discovered Rare Minerals in Alpha-1
[2026-04-08T06:06:22.055Z] Aria (MEDIC) discovered Unknown Signal in Alpha-1
[2026-04-08T06:07:21.651Z] Vex (PILOT) discovered Nebula Cloud in Alpha-1
[2026-04-08T06:12:52.056Z] Luna (COMBAT) discovered Unknown Signal in Alpha-1
[2026-04-08T06:58:25.351Z] Luna (COMBAT) discovered Derelict Ship in Alpha-1
[2026-04-08T06:59:25.450Z] Luna (COMBAT) discovered Ancient Ruins in Alpha-1
[2026-04-08T07:28:26.752Z] Luna (COMBAT) discovered Ancient Ruins in Alpha-1
[2026-04-08T07:32:27.548Z] Nyx (ENGINEER) discovered Nebula Cloud in Alpha-1
[2026-04-08T07:37:27.749Z] Jax (SCIENTIST) discovered Nebula Cloud in Alpha-1
[2026-04-08T07:52:29.148Z] Nyx (ENGINEER) discovered Alien Artifact in Alpha-1
[2026-04-08T07:58:59.652Z] Jax (SCIENTIST) discovered Anomalous Planet in Alpha-1
[2026-04-08T08:04:29.948Z] Jax (SCIENTIST) discovered Ancient Ruins in Alpha-1
[2026-04-08T08:10:00.448Z] Aria (MEDIC) discovered Anomalous Planet in Alpha-1
[2026-04-08T08:12:00.253Z] Aria (MEDIC) discovered Alien Artifact in Alpha-1
[2026-04-08T08:15:30.451Z] Luna (COMBAT) discovered Space Anomaly in Alpha-1
[2026-04-08T08:26:31.845Z] Vex (PILOT) discovered Derelict Ship in Alpha-1
[2026-04-08T08:28:02.048Z] Nyx (ENGINEER) discovered Unknown Signal in Alpha-1
[2026-04-08T08:29:02.252Z] Nyx (ENGINEER) discovered Hidden Base in Alpha-1
[2026-04-08T08:31:02.350Z] Aria (MEDIC) discovered Derelict Ship in Alpha-1
[2026-04-08T08:50:34.347Z] Luna (COMBAT) discovered Unknown Signal in Alpha-1
[2026-04-08T08:54:04.547Z] Vex (PILOT) discovered Rare Minerals in Alpha-1
[2026-04-08T08:54:34.646Z] Aria (MEDIC) discovered Unknown Signal in Alpha-1
[2026-04-08T09:02:35.444Z] Luna (COMBAT) discovered Rare Minerals in Alpha-1
[2026-04-08T09:24:36.946Z] Jax (SCIENTIST) discovered Hidden Base in Alpha-1
[2026-04-08T09:25:07.043Z] Nyx (ENGINEER) discovered Space Anomaly in Alpha-1
[2026-04-08T10:06:41.149Z] Aria (MEDIC) discovered Rare Minerals in Alpha-1
[2026-04-08T10:14:11.248Z] Vex (PILOT) discovered Space Anomaly in Alpha-1
[2026-04-08T10:15:11.250Z] Luna (COMBAT) discovered Unknown Signal in Alpha-1
[2026-04-08T10:31:43.146Z] Luna (COMBAT) discovered Derelict Ship in Alpha-1
[2026-04-08T10:53:13.551Z] Aria (MEDIC) discovered Rare Minerals in Alpha-1
[2026-04-08T11:06:13.851Z] Jax (SCIENTIST) discovered Rare Minerals in Alpha-1
[2026-04-08T11:36:46.352Z] Luna (COMBAT) discovered Rare Minerals in Alpha-1
[2026-04-08T11:42:46.449Z] Jax (SCIENTIST) discovered Nebula Cloud in Alpha-1
[2026-04-08T11:42:46.450Z] Luna (COMBAT) discovered Alien Artifact in Alpha-1
[2026-04-08T11:53:17.947Z] Nyx (ENGINEER) discovered Hidden Base in Alpha-1
[2026-04-08T11:58:18.146Z] Luna (COMBAT) discovered Ancient Ruins in Alpha-1
[2026-04-08T12:10:19.241Z] Luna (COMBAT) discovered Rare Minerals in Alpha-1
[2026-04-08T12:16:19.547Z] Aria (MEDIC) discovered Derelict Ship in Alpha-1
[2026-04-08T12:50:53.752Z] Jax (SCIENTIST) discovered Hidden Base in Alpha-1
[2026-04-08T12:55:54.249Z] Jax (SCIENTIST) discovered Rare Minerals in Alpha-1
[2026-04-08T13:03:24.846Z] Jax (SCIENTIST) discovered Nebula Cloud in Alpha-1
[2026-04-08T13:08:24.946Z] Aria (MEDIC) discovered Rare Minerals in Alpha-1
[2026-04-08T13:22:26.242Z] Nyx (ENGINEER) discovered Unknown Signal in Alpha-1
[2026-04-08T13:34:27.343Z] Jax (SCIENTIST) discovered Hidden Base in Alpha-1
[2026-04-08T13:45:28.344Z] Vex (PILOT) discovered Nebula Cloud in Alpha-1
[2026-04-08T13:48:28.743Z] Jax (SCIENTIST) discovered Rare Minerals in Alpha-1
[2026-04-08T13:54:29.342Z] Aria (MEDIC) discovered Space Anomaly in Alpha-1
[2026-04-08T14:04:29.950Z] Jax (SCIENTIST) discovered Ancient Ruins in Alpha-1
[2026-04-08T14:36:32.249Z] Luna (COMBAT) discovered Space Anomaly in Alpha-1
[2026-04-08T14:50:33.152Z] Aria (MEDIC) discovered Hidden Base in Alpha-1
[2026-04-08T14:57:33.950Z] Aria (MEDIC) discovered Alien Artifact in Alpha-1
[2026-04-08T15:17:04.947Z] Vex (PILOT) discovered Ancient Ruins in Alpha-1
[2026-04-08T15:18:35.044Z] Vex (PILOT) discovered Alien Artifact in Alpha-1
[2026-04-08T15:25:05.244Z] Vex (PILOT) discovered Nebula Cloud in Alpha-1
[2026-04-08T15:27:35.546Z] Aria (MEDIC) discovered Rare Minerals in Alpha-1
[2026-04-08T15:46:06.546Z] Vex (PILOT) discovered Alien Artifact in Alpha-1
[2026-04-08T15:53:06.947Z] Vex (PILOT) discovered Anomalous Planet in Alpha-1
[2026-04-08T16:09:08.250Z] Vex (PILOT) discovered Ancient Ruins in Alpha-1
[2026-04-08T16:40:40.943Z] Nyx (ENGINEER) discovered Derelict Ship in Alpha-1
[2026-04-08T16:54:11.746Z] Jax (SCIENTIST) discovered Alien Artifact in Alpha-1
[2026-04-08T17:04:42.149Z] Nyx (ENGINEER) discovered Derelict Ship in Alpha-1
[2026-04-08T17:06:42.650Z] Aria (MEDIC) discovered Derelict Ship in Alpha-1
[2026-04-08T17:12:42.851Z] Jax (SCIENTIST) discovered Anomalous Planet in Alpha-1
[2026-04-08T17:16:12.952Z] Luna (COMBAT) discovered Derelict Ship in Alpha-1
[2026-04-08T17:21:13.550Z] Nyx (ENGINEER) discovered Anomalous Planet in Alpha-1
[2026-04-08T17:26:43.653Z] Luna (COMBAT) discovered Anomalous Planet in Alpha-1
[2026-04-08T17:51:15.345Z] Nyx (ENGINEER) discovered Ancient Ruins in Alpha-1
[2026-04-08T17:52:46.047Z] Aria (MEDIC) discovered Nebula Cloud in Alpha-1
[2026-04-08T18:01:46.150Z] Nyx (ENGINEER) discovered Rare Minerals in Alpha-1
[2026-04-08T18:16:16.851Z] Vex (PILOT) discovered Space Anomaly in Alpha-1
[2026-04-08T18:24:17.253Z] Vex (PILOT) discovered Rare Minerals in Alpha-1
[2026-04-08T18:26:17.353Z] Vex (PILOT) discovered Space Anomaly in Alpha-1
[2026-04-08T18:34:18.249Z] Aria (MEDIC) discovered Nebula Cloud in Alpha-1
[2026-04-08T18:50:49.444Z] Nyx (ENGINEER) discovered Hidden Base in Alpha-1
[2026-04-08T18:58:20.040Z] Vex (PILOT) discovered Unknown Signal in Alpha-1
[2026-04-08T19:02:20.538Z] Vex (PILOT) discovered Anomalous Planet in Alpha-1
[2026-04-08T19:03:20.640Z] Nyx (ENGINEER) discovered Ancient Ruins in Alpha-1
[2026-04-08T19:10:21.246Z] Luna (COMBAT) discovered Unknown Signal in Alpha-1
[2026-04-08T19:12:51.345Z] Jax (SCIENTIST) discovered Alien Artifact in Alpha-1
[2026-04-08T19:21:21.947Z] Jax (SCIENTIST) discovered Unknown Signal in Alpha-1
[2026-04-08T19:21:52.152Z] Vex (PILOT) discovered Anomalous Planet in Alpha-1
[2026-04-08T19:34:53.348Z] Jax (SCIENTIST) discovered Alien Artifact in Alpha-1
[2026-04-08T20:00:25.043Z] Vex (PILOT) discovered Anomalous Planet in Alpha-1
[2026-04-08T20:52:28.544Z] Nyx (ENGINEER) discovered Unknown Signal in Alpha-1
[2026-04-08T21:05:29.942Z] Jax (SCIENTIST) discovered Anomalous Planet in Alpha-1
[2026-04-08T21:16:30.642Z] Vex (PILOT) discovered Ancient Ruins in Alpha-1
[2026-04-08T21:29:01.247Z] Jax (SCIENTIST) discovered Unknown Signal in Alpha-1
[2026-04-08T21:49:02.644Z] Jax (SCIENTIST) discovered Unknown Signal in Alpha-1
[2026-04-08T22:07:33.548Z] Luna (COMBAT) discovered Ancient Ruins in Alpha-1
[2026-04-08T22:08:03.648Z] Jax (SCIENTIST) discovered Alien Artifact in Alpha-1
[2026-04-08T22:13:03.650Z] Nyx (ENGINEER) discovered Ancient Ruins in Alpha-1
[2026-04-08T22:24:04.147Z] Jax (SCIENTIST) discovered Hidden Base in Alpha-1
[2026-04-08T22:39:35.248Z] Vex (PILOT) discovered Rare Minerals in Alpha-1
[2026-04-08T22:43:05.254Z] Luna (COMBAT) discovered Nebula Cloud in Alpha-1
[2026-04-08T23:07:37.047Z] Vex (PILOT) discovered Anomalous Planet in Alpha-1
[2026-04-08T23:17:37.643Z] Vex (PILOT) discovered Unknown Signal in Alpha-1
[2026-04-08T23:47:10.444Z] Luna (COMBAT) discovered Ancient Ruins in Alpha-1
[2026-04-08T23:54:40.743Z] Nyx (ENGINEER) discovered Space Anomaly in Alpha-1
[2026-04-08T23:58:41.047Z] Jax (SCIENTIST) discovered Space Anomaly in Alpha-1
[2026-04-09T00:26:12.751Z] Luna (COMBAT) discovered Anomalous Planet in Alpha-1
[2026-04-09T00:32:13.151Z] Vex (PILOT) discovered Derelict Ship in Alpha-1
[2026-04-09T00:52:44.559Z] Vex (PILOT) discovered Hidden Base in Alpha-1
[2026-04-09T00:59:45.264Z] Aria (MEDIC) discovered Rare Minerals in Alpha-1
[2026-04-09T01:07:45.668Z] Aria (MEDIC) discovered Rare Minerals in Alpha-1
[2026-04-09T01:19:46.468Z] Vex (PILOT) discovered Space Anomaly in Alpha-1
[2026-04-09T01:20:17.372Z] Luna (COMBAT) discovered Hidden Base in Alpha-1
[2026-04-09T01:29:47.375Z] Nyx (ENGINEER) discovered Ancient Ruins in Alpha-1
[2026-04-09T01:47:19.576Z] Vex (PILOT) discovered Ancient Ruins in Alpha-1
[2026-04-09T01:49:19.678Z] Nyx (ENGINEER) discovered Space Anomaly in Alpha-1
[2026-04-09T01:51:19.879Z] Nyx (ENGINEER) discovered Derelict Ship in Alpha-1
[2026-04-09T02:04:21.150Z] Vex (PILOT) discovered Hidden Base in Alpha-1
[2026-04-09T02:17:52.338Z] Jax (SCIENTIST) discovered Unknown Signal in Alpha-1
[2026-04-09T02:38:53.837Z] Vex (PILOT) discovered Unknown Signal in Alpha-1
[2026-04-09T02:51:55.340Z] Luna (COMBAT) discovered Derelict Ship in Alpha-1
[2026-04-09T02:58:25.136Z] Aria (MEDIC) discovered Hidden Base in Alpha-1
[2026-04-09T03:30:27.348Z] Luna (COMBAT) discovered Ancient Ruins in Alpha-1
[2026-04-09T03:59:59.451Z] Vex (PILOT) discovered Hidden Base in Alpha-1
[2026-04-09T04:06:30.148Z] Aria (MEDIC) discovered Space Anomaly in Alpha-1
[2026-04-09T04:12:30.448Z] Vex (PILOT) discovered Unknown Signal in Alpha-1
[2026-04-09T04:35:02.851Z] Luna (COMBAT) discovered Unknown Signal in Alpha-1
[2026-04-09T05:16:05.447Z] Nyx (ENGINEER) discovered Anomalous Planet in Alpha-1
[2026-04-09T05:57:39.051Z] Nyx (ENGINEER) discovered Unknown Signal in Alpha-1
[2026-04-09T05:59:39.150Z] Jax (SCIENTIST) discovered Space Anomaly in Alpha-1
[2026-04-09T07:03:43.847Z] Jax (SCIENTIST) discovered Hidden Base in Alpha-1
[2026-04-09T07:20:14.849Z] Jax (SCIENTIST) discovered Anomalous Planet in Alpha-1
[2026-04-09T07:25:45.549Z] Nyx (ENGINEER) discovered Anomalous Planet in Alpha-1
[2026-04-09T07:31:45.653Z] Vex (PILOT) discovered Ancient Ruins in Alpha-1
[2026-04-09T07:41:46.051Z] Vex (PILOT) discovered Rare Minerals in Alpha-1
[2026-04-09T07:54:17.350Z] Jax (SCIENTIST) discovered Ancient Ruins in Alpha-1
[2026-04-09T07:55:17.349Z] Nyx (ENGINEER) discovered Anomalous Planet in Alpha-1
[2026-04-09T07:56:47.448Z] Luna (COMBAT) discovered Alien Artifact in Alpha-1
[2026-04-09T08:24:49.651Z] Luna (COMBAT) discovered Alien Artifact in Alpha-1
[2026-04-09T08:46:20.848Z] Jax (SCIENTIST) discovered Derelict Ship in Alpha-1
[2026-04-09T08:53:51.445Z] Vex (PILOT) discovered Unknown Signal in Alpha-1
[2026-04-09T09:03:51.744Z] Nyx (ENGINEER) discovered Rare Minerals in Alpha-1
[2026-04-09T09:11:52.941Z] Nyx (ENGINEER) discovered Space Anomaly in Alpha-1
[2026-04-09T09:28:53.645Z] Jax (SCIENTIST) discovered Rare Minerals in Alpha-1
[2026-04-09T09:34:54.047Z] Luna (COMBAT) discovered Rare Minerals in Alpha-1
[2026-04-09T09:38:24.245Z] Vex (PILOT) discovered Hidden Base in Alpha-1
[2026-04-09T09:46:24.647Z] Nyx (ENGINEER) discovered Anomalous Planet in Alpha-1
[2026-04-09T10:09:56.347Z] Jax (SCIENTIST) discovered Nebula Cloud in Alpha-1
[2026-04-09T10:12:56.951Z] Jax (SCIENTIST) discovered Anomalous Planet in Alpha-1
[2026-04-09T10:14:27.547Z] Nyx (ENGINEER) discovered Hidden Base in Alpha-1
[2026-04-09T10:22:58.049Z] Vex (PILOT) discovered Space Anomaly in Alpha-1
[2026-04-09T10:29:58.352Z] Luna (COMBAT) discovered Derelict Ship in Alpha-1
[2026-04-09T10:39:59.448Z] Luna (COMBAT) discovered Ancient Ruins in Alpha-1
[2026-04-09T10:45:29.750Z] Jax (SCIENTIST) discovered Alien Artifact in Alpha-1
[2026-04-09T10:47:00.050Z] Luna (COMBAT) discovered Alien Artifact in Alpha-1
[2026-04-09T11:03:31.149Z] Aria (MEDIC) discovered Alien Artifact in Alpha-1
[2026-04-09T11:13:31.748Z] Nyx (ENGINEER) discovered Ancient Ruins in Alpha-1
[2026-04-09T11:27:32.849Z] Nyx (ENGINEER) discovered Unknown Signal in Alpha-1
[2026-04-09T11:30:03.253Z] Aria (MEDIC) discovered Unknown Signal in Alpha-1
[2026-04-09T11:30:33.249Z] Luna (COMBAT) discovered Rare Minerals in Alpha-1
[2026-04-09T12:16:07.550Z] Jax (SCIENTIST) discovered Derelict Ship in Alpha-1
[2026-04-09T12:16:07.553Z] Aria (MEDIC) discovered Anomalous Planet in Alpha-1
[2026-04-09T12:34:39.449Z] Jax (SCIENTIST) discovered Alien Artifact in Alpha-1
[2026-04-09T12:48:10.246Z] Vex (PILOT) discovered Space Anomaly in Alpha-1
[2026-04-09T13:05:11.446Z] Aria (MEDIC) discovered Space Anomaly in Alpha-1
[2026-04-09T13:06:41.545Z] Nyx (ENGINEER) discovered Rare Minerals in Alpha-1
[2026-04-09T13:07:42.348Z] Aria (MEDIC) discovered Unknown Signal in Alpha-1
[2026-04-09T13:13:13.345Z] Luna (COMBAT) discovered Alien Artifact in Alpha-1
[2026-04-09T13:16:43.446Z] Vex (PILOT) discovered Hidden Base in Alpha-1
[2026-04-09T13:28:15.343Z] Aria (MEDIC) discovered Anomalous Planet in Alpha-1
[2026-04-09T13:34:15.944Z] Jax (SCIENTIST) discovered Hidden Base in Alpha-1
[2026-04-09T13:58:47.847Z] Nyx (ENGINEER) discovered Hidden Base in Alpha-1
[2026-04-09T14:13:49.449Z] Vex (PILOT) discovered Alien Artifact in Alpha-1
[2026-04-09T14:19:20.052Z] Jax (SCIENTIST) discovered Unknown Signal in Alpha-1
[2026-04-09T14:25:50.352Z] Jax (SCIENTIST) discovered Nebula Cloud in Alpha-1
[2026-04-09T14:29:20.552Z] Jax (SCIENTIST) discovered Nebula Cloud in Alpha-1
[2026-04-09T14:55:24.340Z] Nyx (ENGINEER) discovered Anomalous Planet in Alpha-1
[2026-04-09T14:56:24.343Z] Jax (SCIENTIST) discovered Hidden Base in Alpha-1
[2026-04-09T14:59:24.949Z] Jax (SCIENTIST) discovered Nebula Cloud in Alpha-1
[2026-04-09T15:01:54.957Z] Luna (COMBAT) discovered Space Anomaly in Alpha-1
[2026-04-09T15:21:28.225Z] Nyx (ENGINEER) discovered Anomalous Planet in Alpha-1
[2026-04-09T15:23:58.818Z] Vex (PILOT) discovered Unknown Signal in Alpha-1
[2026-04-09T15:30:29.812Z] Jax (SCIENTIST) discovered Derelict Ship in Alpha-1
[2026-04-09T15:39:30.708Z] Luna (COMBAT) discovered Nebula Cloud in Alpha-1
[2026-04-09T15:53:31.708Z] Luna (COMBAT) discovered Alien Artifact in Alpha-1
[2026-04-09T15:58:32.604Z] Nyx (ENGINEER) discovered Nebula Cloud in Alpha-1
[2026-04-09T16:15:04.411Z] Luna (COMBAT) discovered Hidden Base in Alpha-1
[2026-04-09T16:16:34.508Z] Nyx (ENGINEER) discovered Nebula Cloud in Alpha-1
[2026-04-09T16:35:07.012Z] Aria (MEDIC) discovered Nebula Cloud in Alpha-1
[2026-04-09T16:40:37.412Z] Jax (SCIENTIST) discovered Hidden Base in Alpha-1
[2026-04-09T16:41:07.709Z] Nyx (ENGINEER) discovered Unknown Signal in Alpha-1
[2026-04-09T16:52:09.005Z] Nyx (ENGINEER) discovered Hidden Base in Alpha-1
[2026-04-09T17:07:41.506Z] Nyx (ENGINEER) discovered Alien Artifact in Alpha-1
[2026-04-09T17:18:43.506Z] Vex (PILOT) discovered Space Anomaly in Alpha-1
[2026-04-09T17:19:13.709Z] Nyx (ENGINEER) discovered Unknown Signal in Alpha-1
[2026-04-09T17:21:13.909Z] Nyx (ENGINEER) discovered Derelict Ship in Alpha-1
[2026-04-09T17:21:44.408Z] Aria (MEDIC) discovered Ancient Ruins in Alpha-1
[2026-04-09T17:32:16.409Z] Jax (SCIENTIST) discovered Nebula Cloud in Alpha-1
[2026-04-09T17:54:48.811Z] Nyx (ENGINEER) discovered Alien Artifact in Alpha-1
[2026-04-09T18:09:50.212Z] Aria (MEDIC) discovered Hidden Base in Alpha-1
[2026-04-09T18:11:50.412Z] Vex (PILOT) discovered Derelict Ship in Alpha-1
[2026-04-09T18:17:51.210Z] Aria (MEDIC) discovered Unknown Signal in Alpha-1
[2026-04-09T18:31:22.808Z] Vex (PILOT) discovered Derelict Ship in Alpha-1
[2026-04-09T18:39:24.808Z] Jax (SCIENTIST) discovered Alien Artifact in Alpha-1
[2026-04-09T18:47:57.607Z] Luna (COMBAT) discovered Anomalous Planet in Alpha-1
[2026-04-09T18:59:27.210Z] Vex (PILOT) discovered Anomalous Planet in Alpha-1
[2026-04-09T18:59:27.509Z] Aria (MEDIC) discovered Ancient Ruins in Alpha-1
[2026-04-09T19:15:28.904Z] Nyx (ENGINEER) discovered Unknown Signal in Alpha-1
[2026-04-09T19:27:30.205Z] Jax (SCIENTIST) discovered Unknown Signal in Alpha-1
[2026-04-09T20:09:35.005Z] Nyx (ENGINEER) discovered Space Anomaly in Alpha-1
[2026-04-09T20:11:05.009Z] Vex (PILOT) discovered Alien Artifact in Alpha-1
[2026-04-09T20:34:37.003Z] Nyx (ENGINEER) discovered Hidden Base in Alpha-1
[2026-04-09T20:37:37.703Z] Nyx (ENGINEER) discovered Unknown Signal in Alpha-1
[2026-04-09T20:42:08.105Z] Nyx (ENGINEER) discovered Nebula Cloud in Alpha-1
[2026-04-09T21:14:40.814Z] Luna (COMBAT) discovered Ancient Ruins in Alpha-1
[2026-04-09T21:41:43.104Z] Nyx (ENGINEER) discovered Hidden Base in Alpha-1
[2026-04-09T22:06:15.009Z] Vex (PILOT) discovered Nebula Cloud in Alpha-1
[2026-04-09T22:39:47.610Z] Luna (COMBAT) discovered Rare Minerals in Alpha-1
[2026-04-09T22:52:18.610Z] Luna (COMBAT) discovered Anomalous Planet in Alpha-1
[2026-04-09T22:57:48.710Z] Aria (MEDIC) discovered Nebula Cloud in Alpha-1
[2026-04-09T23:02:49.610Z] Aria (MEDIC) discovered Nebula Cloud in Alpha-1
[2026-04-09T23:14:50.212Z] Jax (SCIENTIST) discovered Rare Minerals in Alpha-1
[2026-04-09T23:17:50.312Z] Jax (SCIENTIST) discovered Derelict Ship in Alpha-1
[2026-04-09T23:33:21.609Z] Nyx (ENGINEER) discovered Space Anomaly in Alpha-1
[2026-04-09T23:36:51.907Z] Jax (SCIENTIST) discovered Rare Minerals in Alpha-1
[2026-04-09T23:39:52.211Z] Aria (MEDIC) discovered Nebula Cloud in Alpha-1
[2026-04-09T23:40:52.210Z] Luna (COMBAT) discovered Derelict Ship in Alpha-1
[2026-04-10T00:09:55.409Z] Vex (PILOT) discovered Ancient Ruins in Alpha-1
[2026-04-10T00:13:55.711Z] Aria (MEDIC) discovered Hidden Base in Alpha-1
[2026-04-10T00:49:28.310Z] Vex (PILOT) discovered Ancient Ruins in Alpha-1
[2026-04-10T00:59:59.114Z] Vex (PILOT) discovered Rare Minerals in Alpha-1
[2026-04-10T01:00:59.411Z] Nyx (ENGINEER) discovered Alien Artifact in Alpha-1
[2026-04-10T01:02:29.512Z] Luna (COMBAT) discovered Nebula Cloud in Alpha-1
[2026-04-10T01:03:29.511Z] Nyx (ENGINEER) discovered Derelict Ship in Alpha-1
[2026-04-10T01:12:30.113Z] Luna (COMBAT) discovered Space Anomaly in Alpha-1
[2026-04-10T01:15:30.510Z] Nyx (ENGINEER) discovered Space Anomaly in Alpha-1
[2026-04-10T01:22:01.213Z] Nyx (ENGINEER) discovered Anomalous Planet in Alpha-1
[2026-04-10T01:32:02.612Z] Jax (SCIENTIST) discovered Alien Artifact in Alpha-1
[2026-04-10T01:52:34.306Z] Aria (MEDIC) discovered Ancient Ruins in Alpha-1
[2026-04-10T02:12:37.000Z] Nyx (ENGINEER) discovered Rare Minerals in Alpha-1
[2026-04-10T02:15:37.202Z] Jax (SCIENTIST) discovered Unknown Signal in Alpha-1
[2026-04-10T02:20:07.701Z] Vex (PILOT) discovered Hidden Base in Alpha-1
[2026-04-10T02:21:07.803Z] Nyx (ENGINEER) discovered Derelict Ship in Alpha-1
[2026-04-10T02:41:10.312Z] Nyx (ENGINEER) discovered Hidden Base in Alpha-1
[2026-04-10T02:54:12.615Z] Luna (COMBAT) discovered Rare Minerals in Alpha-1
[2026-04-10T02:56:42.312Z] Luna (COMBAT) discovered Rare Minerals in Alpha-1
[2026-04-10T03:09:14.616Z] Luna (COMBAT) discovered Ancient Ruins in Alpha-1
[2026-04-10T03:23:16.215Z] Nyx (ENGINEER) discovered Ancient Ruins in Alpha-1
[2026-04-10T03:32:48.515Z] Jax (SCIENTIST) discovered Derelict Ship in Alpha-1
[2026-04-10T04:13:54.909Z] Jax (SCIENTIST) discovered Ancient Ruins in Alpha-1
[2026-04-10T04:14:54.608Z] Vex (PILOT) discovered Anomalous Planet in Alpha-1
[2026-04-10T04:16:54.812Z] Aria (MEDIC) discovered Anomalous Planet in Alpha-1
[2026-04-10T04:23:25.710Z] Jax (SCIENTIST) discovered Space Anomaly in Alpha-1
[2026-04-10T04:25:57.811Z] Luna (COMBAT) discovered Derelict Ship in Alpha-1
[2026-04-10T04:36:28.309Z] Vex (PILOT) discovered Hidden Base in Alpha-1
[2026-04-10T04:44:01.104Z] Aria (MEDIC) discovered Nebula Cloud in Alpha-1
[2026-04-10T05:01:31.700Z] Luna (COMBAT) discovered Nebula Cloud in Alpha-1
[2026-04-10T05:09:33.302Z] Nyx (ENGINEER) discovered Unknown Signal in Alpha-1
[2026-04-10T05:28:06.201Z] Vex (PILOT) discovered Alien Artifact in Alpha-1
[2026-04-10T05:56:09.308Z] Nyx (ENGINEER) discovered Space Anomaly in Alpha-1
[2026-04-10T05:57:09.209Z] Nyx (ENGINEER) discovered Ancient Ruins in Alpha-1
[2026-04-10T05:59:10.209Z] Aria (MEDIC) discovered Rare Minerals in Alpha-1
[2026-04-10T06:03:10.508Z] Jax (SCIENTIST) discovered Alien Artifact in Alpha-1
[2026-04-10T06:14:11.609Z] Luna (COMBAT) discovered Space Anomaly in Alpha-1
[2026-04-10T06:22:12.311Z] Luna (COMBAT) discovered Space Anomaly in Alpha-1
[2026-04-10T06:27:12.808Z] Vex (PILOT) discovered Ancient Ruins in Alpha-1
[2026-04-10T06:31:43.509Z] Luna (COMBAT) discovered Hidden Base in Alpha-1
[2026-04-10T06:57:16.612Z] Nyx (ENGINEER) discovered Hidden Base in Alpha-1
[2026-04-10T07:12:48.308Z] Luna (COMBAT) discovered Rare Minerals in Alpha-1
[2026-04-10T07:20:20.005Z] Nyx (ENGINEER) discovered Ancient Ruins in Alpha-1
[2026-04-10T07:25:20.207Z] Vex (PILOT) discovered Hidden Base in Alpha-1
[2026-04-10T07:28:51.005Z] Nyx (ENGINEER) discovered Alien Artifact in Alpha-1
[2026-04-10T07:34:21.407Z] Vex (PILOT) discovered Ancient Ruins in Alpha-1
[2026-04-10T07:42:52.707Z] Luna (COMBAT) discovered Ancient Ruins in Alpha-1
[2026-04-10T07:46:53.108Z] Vex (PILOT) discovered Alien Artifact in Alpha-1
[2026-04-10T08:07:25.103Z] Luna (COMBAT) discovered Hidden Base in Alpha-1
[2026-04-10T08:08:55.506Z] Luna (COMBAT) discovered Unknown Signal in Alpha-1
[2026-04-10T08:24:26.605Z] Luna (COMBAT) discovered Rare Minerals in Alpha-1
[2026-04-10T08:30:27.404Z] Nyx (ENGINEER) discovered Nebula Cloud in Alpha-1
[2026-04-10T08:36:28.202Z] Luna (COMBAT) discovered Anomalous Planet in Alpha-1
[2026-04-10T08:41:58.402Z] Luna (COMBAT) discovered Ancient Ruins in Alpha-1
[2026-04-10T09:01:30.703Z] Vex (PILOT) discovered Alien Artifact in Alpha-1
[2026-04-10T09:09:31.308Z] Vex (PILOT) discovered Derelict Ship in Alpha-1
[2026-04-10T09:19:02.105Z] Vex (PILOT) discovered Anomalous Planet in Alpha-1
[2026-04-10T09:21:02.704Z] Aria (MEDIC) discovered Anomalous Planet in Alpha-1
[2026-04-10T09:27:03.810Z] Aria (MEDIC) discovered Unknown Signal in Alpha-1
[2026-04-10T09:31:33.607Z] Luna (COMBAT) discovered Hidden Base in Alpha-1
[2026-04-10T09:52:05.908Z] Nyx (ENGINEER) discovered Nebula Cloud in Alpha-1
[2026-04-10T10:17:08.210Z] Aria (MEDIC) discovered Derelict Ship in Alpha-1
[2026-04-10T10:24:08.511Z] Nyx (ENGINEER) discovered Alien Artifact in Alpha-1
[2026-04-10T10:31:09.207Z] Nyx (ENGINEER) discovered Anomalous Planet in Alpha-1
[2026-04-10T10:32:09.111Z] Nyx (ENGINEER) discovered Space Anomaly in Alpha-1
[2026-04-10T10:46:11.104Z] Jax (SCIENTIST) discovered Unknown Signal in Alpha-1
[2026-04-10T11:00:13.601Z] Jax (SCIENTIST) discovered Rare Minerals in Alpha-1
[2026-04-10T11:07:47.100Z] Jax (SCIENTIST) discovered Anomalous Planet in Alpha-1
[2026-04-10T11:12:15.801Z] Aria (MEDIC) discovered Ancient Ruins in Alpha-1
[2026-04-10T11:13:45.903Z] Jax (SCIENTIST) discovered Hidden Base in Alpha-1
[2026-04-10T11:14:15.701Z] Jax (SCIENTIST) discovered Hidden Base in Alpha-1
[2026-04-10T11:27:47.601Z] Luna (COMBAT) discovered Space Anomaly in Alpha-1
[2026-04-10T11:32:19.200Z] Aria (MEDIC) discovered Derelict Ship in Alpha-1
[2026-04-10T11:36:48.702Z] Aria (MEDIC) discovered Space Anomaly in Alpha-1
[2026-04-10T11:43:20.499Z] Jax (SCIENTIST) discovered Unknown Signal in Alpha-1
[2026-04-10T11:49:22.303Z] Jax (SCIENTIST) discovered Rare Minerals in Alpha-1
[2026-04-10T12:09:23.308Z] Nyx (ENGINEER) discovered Ancient Ruins in Alpha-1
[2026-04-10T12:12:23.711Z] Aria (MEDIC) discovered Nebula Cloud in Alpha-1
[2026-04-10T12:15:53.911Z] Jax (SCIENTIST) discovered Space Anomaly in Alpha-1
[2026-04-10T12:16:53.913Z] Luna (COMBAT) discovered Nebula Cloud in Alpha-1
[2026-04-10T12:32:26.507Z] Jax (SCIENTIST) discovered Ancient Ruins in Alpha-1
[2026-04-10T12:33:26.502Z] Aria (MEDIC) discovered Nebula Cloud in Alpha-1
[2026-04-10T12:34:56.405Z] Vex (PILOT) discovered Alien Artifact in Alpha-1
[2026-04-10T12:40:27.406Z] Aria (MEDIC) discovered Derelict Ship in Alpha-1
[2026-04-10T13:02:59.801Z] Jax (SCIENTIST) discovered Anomalous Planet in Alpha-1
[2026-04-10T13:12:00.112Z] Luna (COMBAT) discovered Ancient Ruins in Alpha-1
[2026-04-10T13:17:31.005Z] Aria (MEDIC) discovered Rare Minerals in Alpha-1
[2026-04-10T13:20:01.004Z] Jax (SCIENTIST) discovered Alien Artifact in Alpha-1
[2026-04-10T13:31:32.009Z] Aria (MEDIC) discovered Unknown Signal in Alpha-1
[2026-04-10T14:12:35.404Z] Nyx (ENGINEER) discovered Rare Minerals in Alpha-1
[2026-04-10T14:24:06.603Z] Jax (SCIENTIST) discovered Nebula Cloud in Alpha-1
[2026-04-10T14:28:37.500Z] Vex (PILOT) discovered Space Anomaly in Alpha-1
[2026-04-10T14:31:07.702Z] Aria (MEDIC) discovered Derelict Ship in Alpha-1
[2026-04-10T14:39:08.602Z] Jax (SCIENTIST) discovered Rare Minerals in Alpha-1
[2026-04-10T14:41:08.705Z] Luna (COMBAT) discovered Rare Minerals in Alpha-1
[2026-04-10T14:49:09.104Z] Luna (COMBAT) discovered Space Anomaly in Alpha-1
[2026-04-10T14:51:09.602Z] Vex (PILOT) discovered Space Anomaly in Alpha-1
[2026-04-10T15:15:11.412Z] Vex (PILOT) discovered Anomalous Planet in Alpha-1
[2026-04-10T15:16:11.414Z] Aria (MEDIC) discovered Anomalous Planet in Alpha-1
[2026-04-10T15:33:41.432Z] Jax (SCIENTIST) discovered Alien Artifact in Alpha-1
[2026-04-10T15:39:41.440Z] Vex (PILOT) discovered Nebula Cloud in Alpha-1
[2026-04-10T15:47:41.449Z] Nyx (ENGINEER) discovered Rare Minerals in Alpha-1
[2026-04-10T15:51:11.454Z] Vex (PILOT) discovered Alien Artifact in Alpha-1
[2026-04-10T15:58:11.456Z] Nyx (ENGINEER) discovered Hidden Base in Alpha-1
[2026-04-10T16:05:41.464Z] Nyx (ENGINEER) discovered Space Anomaly in Alpha-1
[2026-04-10T16:07:41.467Z] Aria (MEDIC) discovered Unknown Signal in Alpha-1
[2026-04-10T16:11:41.469Z] Aria (MEDIC) discovered Derelict Ship in Alpha-1
[2026-04-10T16:19:41.475Z] Jax (SCIENTIST) discovered Ancient Ruins in Alpha-1
[2026-04-10T16:19:41.476Z] Aria (MEDIC) discovered Unknown Signal in Alpha-1
[2026-04-10T17:14:41.531Z] Vex (PILOT) discovered Derelict Ship in Alpha-1
[2026-04-10T17:15:41.534Z] Aria (MEDIC) discovered Ancient Ruins in Alpha-1
[2026-04-10T17:17:11.534Z] Vex (PILOT) discovered Space Anomaly in Alpha-1
[2026-04-10T17:26:41.540Z] Vex (PILOT) discovered Rare Minerals in Alpha-1
[2026-04-10T17:54:41.573Z] Vex (PILOT) discovered Alien Artifact in Alpha-1
[2026-04-10T18:11:11.596Z] Luna (COMBAT) discovered Unknown Signal in Alpha-1
[2026-04-10T18:16:11.592Z] Vex (PILOT) discovered Rare Minerals in Alpha-1
[2026-04-10T18:20:11.600Z] Aria (MEDIC) discovered Rare Minerals in Alpha-1
[2026-04-10T19:30:41.684Z] Luna (COMBAT) discovered Rare Minerals in Alpha-1
[2026-04-10T19:31:41.680Z] Vex (PILOT) discovered Unknown Signal in Alpha-1
[2026-04-10T19:50:11.690Z] Vex (PILOT) discovered Derelict Ship in Alpha-1
[2026-04-10T19:51:41.695Z] Aria (MEDIC) discovered Rare Minerals in Alpha-1
[2026-04-10T20:07:11.704Z] Aria (MEDIC) discovered Space Anomaly in Alpha-1
[2026-04-10T20:22:41.716Z] Vex (PILOT) discovered Derelict Ship in Alpha-1
[2026-04-10T20:23:11.718Z] Aria (MEDIC) discovered Anomalous Planet in Alpha-1
[2026-04-10T20:29:11.723Z] Jax (SCIENTIST) discovered Anomalous Planet in Alpha-1
[2026-04-10T20:56:11.753Z] Luna (COMBAT) discovered Hidden Base in Alpha-1
[2026-04-10T20:58:41.759Z] Aria (MEDIC) discovered Alien Artifact in Alpha-1
[2026-04-10T21:05:41.771Z] Aria (MEDIC) discovered Nebula Cloud in Alpha-1
[2026-04-10T21:31:11.802Z] Luna (COMBAT) discovered Alien Artifact in Alpha-1
[2026-04-10T21:48:41.819Z] Vex (PILOT) discovered Anomalous Planet in Alpha-1
[2026-04-10T21:56:41.830Z] Jax (SCIENTIST) discovered Hidden Base in Alpha-1
[2026-04-10T22:07:41.839Z] Nyx (ENGINEER) discovered Nebula Cloud in Alpha-1
[2026-04-10T22:44:11.861Z] Luna (COMBAT) discovered Hidden Base in Alpha-1
[2026-04-10T22:49:11.864Z] Jax (SCIENTIST) discovered Anomalous Planet in Alpha-1
[2026-04-10T22:51:11.867Z] Nyx (ENGINEER) discovered Anomalous Planet in Alpha-1
[2026-04-10T22:56:11.877Z] Aria (MEDIC) discovered Space Anomaly in Alpha-1
[2026-04-10T23:20:11.896Z] Aria (MEDIC) discovered Unknown Signal in Alpha-1
[2026-04-10T23:23:11.898Z] Aria (MEDIC) discovered Rare Minerals in Alpha-1
[2026-04-10T23:27:11.905Z] Nyx (ENGINEER) discovered Rare Minerals in Alpha-1
[2026-04-10T23:41:41.915Z] Aria (MEDIC) discovered Derelict Ship in Alpha-1
[2026-04-11T00:06:41.937Z] Aria (MEDIC) discovered Space Anomaly in Alpha-1
[2026-04-11T00:07:11.936Z] Jax (SCIENTIST) discovered Alien Artifact in Alpha-1
[2026-04-11T00:11:11.935Z] Jax (SCIENTIST) discovered Hidden Base in Alpha-1
[2026-04-11T00:20:11.953Z] Nyx (ENGINEER) discovered Anomalous Planet in Alpha-1
[2026-04-11T00:21:11.953Z] Jax (SCIENTIST) discovered Alien Artifact in Alpha-1
[2026-04-11T00:27:41.956Z] Jax (SCIENTIST) discovered Hidden Base in Alpha-1
[2026-04-11T00:32:41.961Z] Vex (PILOT) discovered Rare Minerals in Alpha-1
[2026-04-11T01:03:12.000Z] Nyx (ENGINEER) discovered Ancient Ruins in Alpha-1
[2026-04-11T01:25:12.021Z] Nyx (ENGINEER) discovered Rare Minerals in Alpha-1
[2026-04-11T01:38:12.043Z] Luna (COMBAT) discovered Unknown Signal in Alpha-1
[2026-04-11T01:42:12.044Z] Jax (SCIENTIST) discovered Derelict Ship in Alpha-1
[2026-04-11T01:58:12.081Z] Aria (MEDIC) discovered Derelict Ship in Alpha-1
[2026-04-11T02:17:12.098Z] Jax (SCIENTIST) discovered Nebula Cloud in Alpha-1
[2026-04-11T02:20:42.109Z] Aria (MEDIC) discovered Nebula Cloud in Alpha-1
[2026-04-11T02:32:12.117Z] Nyx (ENGINEER) discovered Space Anomaly in Alpha-1
[2026-04-11T02:43:42.138Z] Luna (COMBAT) discovered Anomalous Planet in Alpha-1
[2026-04-11T03:04:42.153Z] Vex (PILOT) discovered Rare Minerals in Alpha-1
[2026-04-11T03:15:42.175Z] Jax (SCIENTIST) discovered Ancient Ruins in Alpha-1
[2026-04-11T04:15:12.242Z] Luna (COMBAT) discovered Unknown Signal in Alpha-1
[2026-04-11T04:27:42.251Z] Aria (MEDIC) discovered Alien Artifact in Alpha-1
[2026-04-11T04:38:42.260Z] Nyx (ENGINEER) discovered Nebula Cloud in Alpha-1
[2026-04-11T04:45:12.268Z] Luna (COMBAT) discovered Space Anomaly in Alpha-1
[2026-04-11T04:50:12.274Z] Jax (SCIENTIST) discovered Alien Artifact in Alpha-1
[2026-04-11T05:03:42.285Z] Jax (SCIENTIST) discovered Alien Artifact in Alpha-1
[2026-04-11T05:18:42.296Z] Nyx (ENGINEER) discovered Hidden Base in Alpha-1
[2026-04-11T05:24:12.300Z] Vex (PILOT) discovered Alien Artifact in Alpha-1
[2026-04-11T05:29:12.308Z] Aria (MEDIC) discovered Anomalous Planet in Alpha-1
[2026-04-11T05:35:42.317Z] Aria (MEDIC) discovered Anomalous Planet in Alpha-1
[2026-04-11T05:57:12.334Z] Luna (COMBAT) discovered Anomalous Planet in Alpha-1
[2026-04-11T06:22:12.363Z] Jax (SCIENTIST) discovered Nebula Cloud in Alpha-1
[2026-04-11T06:53:12.394Z] Vex (PILOT) discovered Anomalous Planet in Alpha-1
[2026-04-11T06:58:12.402Z] Jax (SCIENTIST) discovered Derelict Ship in Alpha-1
[2026-04-11T06:59:12.398Z] Jax (SCIENTIST) discovered Derelict Ship in Alpha-1
[2026-04-11T07:24:12.424Z] Vex (PILOT) discovered Space Anomaly in Alpha-1
[2026-04-11T07:26:42.430Z] Jax (SCIENTIST) discovered Rare Minerals in Alpha-1
[2026-04-11T07:28:12.435Z] Aria (MEDIC) discovered Anomalous Planet in Alpha-1
[2026-04-11T07:29:42.435Z] Vex (PILOT) discovered Nebula Cloud in Alpha-1
[2026-04-11T07:35:12.439Z] Vex (PILOT) discovered Anomalous Planet in Alpha-1
[2026-04-11T07:40:12.450Z] Nyx (ENGINEER) discovered Derelict Ship in Alpha-1
[2026-04-11T07:40:12.457Z] Aria (MEDIC) discovered Hidden Base in Alpha-1
[2026-04-11T08:01:42.468Z] Aria (MEDIC) discovered Anomalous Planet in Alpha-1
[2026-04-11T08:10:42.474Z] Vex (PILOT) discovered Nebula Cloud in Alpha-1
[2026-04-11T08:12:12.480Z] Vex (PILOT) discovered Derelict Ship in Alpha-1
[2026-04-11T08:21:42.491Z] Jax (SCIENTIST) discovered Space Anomaly in Alpha-1
[2026-04-11T08:23:12.491Z] Vex (PILOT) discovered Alien Artifact in Alpha-1
[2026-04-11T08:37:12.505Z] Luna (COMBAT) discovered Anomalous Planet in Alpha-1
[2026-04-11T08:45:42.518Z] Aria (MEDIC) discovered Nebula Cloud in Alpha-1
[2026-04-11T08:51:42.525Z] Aria (MEDIC) discovered Unknown Signal in Alpha-1
[2026-04-11T09:10:42.530Z] Nyx (ENGINEER) discovered Rare Minerals in Alpha-1
[2026-04-11T09:22:12.545Z] Nyx (ENGINEER) discovered Hidden Base in Alpha-1
[2026-04-11T09:35:12.560Z] Jax (SCIENTIST) discovered Nebula Cloud in Alpha-1
[2026-04-11T09:49:12.564Z] Vex (PILOT) discovered Hidden Base in Alpha-1
[2026-04-11T09:57:12.583Z] Luna (COMBAT) discovered Derelict Ship in Alpha-1
[2026-04-11T10:10:42.587Z] Jax (SCIENTIST) discovered Space Anomaly in Alpha-1
[2026-04-11T10:24:12.600Z] Vex (PILOT) discovered Nebula Cloud in Alpha-1
[2026-04-11T10:26:42.603Z] Nyx (ENGINEER) discovered Space Anomaly in Alpha-1
[2026-04-11T10:33:42.605Z] Jax (SCIENTIST) discovered Hidden Base in Alpha-1
[2026-04-11T10:57:42.634Z] Jax (SCIENTIST) discovered Unknown Signal in Alpha-1
[2026-04-11T11:18:42.645Z] Aria (MEDIC) discovered Alien Artifact in Alpha-1
[2026-04-11T11:22:42.645Z] Jax (SCIENTIST) discovered Alien Artifact in Alpha-1
[2026-04-11T11:40:42.675Z] Jax (SCIENTIST) discovered Anomalous Planet in Alpha-1
[2026-04-11T11:41:42.675Z] Aria (MEDIC) discovered Rare Minerals in Alpha-1
[2026-04-11T11:48:12.683Z] Aria (MEDIC) discovered Alien Artifact in Alpha-1
[2026-04-11T12:15:42.705Z] Vex (PILOT) discovered Unknown Signal in Alpha-1
[2026-04-11T12:16:42.708Z] Nyx (ENGINEER) discovered Rare Minerals in Alpha-1
[2026-04-11T12:29:12.716Z] Jax (SCIENTIST) discovered Space Anomaly in Alpha-1
[2026-04-11T12:31:12.721Z] Jax (SCIENTIST) discovered Hidden Base in Alpha-1
[2026-04-11T12:41:42.740Z] Aria (MEDIC) discovered Alien Artifact in Alpha-1
[2026-04-11T12:58:12.745Z] Vex (PILOT) discovered Hidden Base in Alpha-1
[2026-04-11T13:11:42.763Z] Aria (MEDIC) discovered Derelict Ship in Alpha-1
[2026-04-11T13:17:12.765Z] Aria (MEDIC) discovered Nebula Cloud in Alpha-1
[2026-04-11T13:33:42.784Z] Aria (MEDIC) discovered Nebula Cloud in Alpha-1
[2026-04-11T13:35:12.781Z] Vex (PILOT) discovered Rare Minerals in Alpha-1
[2026-04-11T13:37:42.788Z] Nyx (ENGINEER) discovered Rare Minerals in Alpha-1
[2026-04-11T13:41:42.789Z] Vex (PILOT) discovered Unknown Signal in Alpha-1
[2026-04-11T13:42:42.794Z] Aria (MEDIC) discovered Nebula Cloud in Alpha-1
[2026-04-11T13:45:12.796Z] Luna (COMBAT) discovered Ancient Ruins in Alpha-1
[2026-04-11T13:50:12.797Z] Aria (MEDIC) discovered Space Anomaly in Alpha-1
[2026-04-11T14:00:12.806Z] Luna (COMBAT) discovered Unknown Signal in Alpha-1
[2026-04-11T14:09:12.819Z] Luna (COMBAT) discovered Derelict Ship in Alpha-1
[2026-04-11T14:14:42.827Z] Nyx (ENGINEER) discovered Space Anomaly in Alpha-1
[2026-04-11T14:19:12.829Z] Luna (COMBAT) discovered Space Anomaly in Alpha-1
[2026-04-11T14:29:12.841Z] Nyx (ENGINEER) discovered Derelict Ship in Alpha-1
[2026-04-11T14:34:42.853Z] Jax (SCIENTIST) discovered Nebula Cloud in Alpha-1
[2026-04-11T14:35:42.851Z] Luna (COMBAT) discovered Rare Minerals in Alpha-1
[2026-04-11T14:44:12.857Z] Jax (SCIENTIST) discovered Unknown Signal in Alpha-1
[2026-04-11T14:55:42.864Z] Nyx (ENGINEER) discovered Alien Artifact in Alpha-1
[2026-04-11T15:02:12.867Z] Vex (PILOT) discovered Nebula Cloud in Alpha-1
[2026-04-11T15:36:42.908Z] Aria (MEDIC) discovered Rare Minerals in Alpha-1
[2026-04-11T15:44:42.915Z] Luna (COMBAT) discovered Space Anomaly in Alpha-1
[2026-04-11T15:46:12.913Z] Nyx (ENGINEER) discovered Alien Artifact in Alpha-1
[2026-04-11T15:54:12.921Z] Vex (PILOT) discovered Anomalous Planet in Alpha-1
[2026-04-11T15:55:12.928Z] Jax (SCIENTIST) discovered Alien Artifact in Alpha-1
[2026-04-11T16:15:12.940Z] Vex (PILOT) discovered Alien Artifact in Alpha-1
[2026-04-11T16:25:42.951Z] Aria (MEDIC) discovered Anomalous Planet in Alpha-1
[2026-04-11T16:26:42.949Z] Nyx (ENGINEER) discovered Unknown Signal in Alpha-1
[2026-04-11T16:39:42.968Z] Luna (COMBAT) discovered Space Anomaly in Alpha-1
[2026-04-11T17:11:43.001Z] Jax (SCIENTIST) discovered Space Anomaly in Alpha-1
[2026-04-11T17:16:43.012Z] Luna (COMBAT) discovered Space Anomaly in Alpha-1
[2026-04-11T17:28:43.022Z] Vex (PILOT) discovered Anomalous Planet in Alpha-1
[2026-04-11T17:32:43.026Z] Luna (COMBAT) discovered Derelict Ship in Alpha-1
[2026-04-11T17:33:43.025Z] Jax (SCIENTIST) discovered Unknown Signal in Alpha-1
[2026-04-11T17:46:43.046Z] Aria (MEDIC) discovered Nebula Cloud in Alpha-1
[2026-04-11T18:24:13.062Z] Aria (MEDIC) discovered Rare Minerals in Alpha-1
[2026-04-11T18:25:13.062Z] Aria (MEDIC) discovered Rare Minerals in Alpha-1
[2026-04-11T18:25:43.063Z] Luna (COMBAT) discovered Hidden Base in Alpha-1
[2026-04-11T18:28:43.067Z] Nyx (ENGINEER) discovered Rare Minerals in Alpha-1
[2026-04-11T19:08:43.113Z] Nyx (ENGINEER) discovered Unknown Signal in Alpha-1
[2026-04-11T19:15:43.119Z] Vex (PILOT) discovered Derelict Ship in Alpha-1
[2026-04-11T19:20:43.127Z] Jax (SCIENTIST) discovered Hidden Base in Alpha-1
[2026-04-11T19:28:43.133Z] Luna (COMBAT) discovered Ancient Ruins in Alpha-1
[2026-04-11T19:42:43.148Z] Jax (SCIENTIST) discovered Anomalous Planet in Alpha-1
[2026-04-11T19:44:43.148Z] Jax (SCIENTIST) discovered Unknown Signal in Alpha-1
[2026-04-11T19:51:13.160Z] Nyx (ENGINEER) discovered Anomalous Planet in Alpha-1
[2026-04-11T20:04:13.173Z] Luna (COMBAT) discovered Nebula Cloud in Alpha-1
[2026-04-11T20:07:43.179Z] Jax (SCIENTIST) discovered Anomalous Planet in Alpha-1
[2026-04-11T20:16:43.182Z] Luna (COMBAT) discovered Derelict Ship in Alpha-1
[2026-04-11T20:21:13.185Z] Vex (PILOT) discovered Unknown Signal in Alpha-1
[2026-04-11T20:35:43.196Z] Luna (COMBAT) discovered Alien Artifact in Alpha-1
[2026-04-11T20:59:13.216Z] Jax (SCIENTIST) discovered Rare Minerals in Alpha-1
[2026-04-11T21:14:13.234Z] Jax (SCIENTIST) discovered Anomalous Planet in Alpha-1
[2026-04-11T21:41:13.257Z] Jax (SCIENTIST) discovered Derelict Ship in Alpha-1
[2026-04-11T21:51:13.264Z] Luna (COMBAT) discovered Alien Artifact in Alpha-1
[2026-04-11T21:54:43.268Z] Vex (PILOT) discovered Derelict Ship in Alpha-1
[2026-04-11T22:07:43.285Z] Aria (MEDIC) discovered Nebula Cloud in Alpha-1
[2026-04-11T22:29:13.300Z] Luna (COMBAT) discovered Rare Minerals in Alpha-1
[2026-04-11T22:34:13.319Z] Jax (SCIENTIST) discovered Anomalous Planet in Alpha-1
[2026-04-11T22:39:43.317Z] Nyx (ENGINEER) discovered Nebula Cloud in Alpha-1
[2026-04-11T22:41:13.321Z] Jax (SCIENTIST) discovered Hidden Base in Alpha-1
[2026-04-11T22:57:13.331Z] Aria (MEDIC) discovered Hidden Base in Alpha-1
[2026-04-11T22:57:43.331Z] Vex (PILOT) discovered Hidden Base in Alpha-1
[2026-04-11T22:58:43.335Z] Nyx (ENGINEER) discovered Derelict Ship in Alpha-1
[2026-04-11T23:09:43.343Z] Jax (SCIENTIST) discovered Unknown Signal in Alpha-1
[2026-04-11T23:10:13.343Z] Nyx (ENGINEER) discovered Hidden Base in Alpha-1
[2026-04-11T23:20:13.350Z] Vex (PILOT) discovered Ancient Ruins in Alpha-1
[2026-04-11T23:21:13.352Z] Aria (MEDIC) discovered Derelict Ship in Alpha-1
[2026-04-11T23:22:13.356Z] Luna (COMBAT) discovered Ancient Ruins in Alpha-1
[2026-04-11T23:25:43.355Z] Jax (SCIENTIST) discovered Alien Artifact in Alpha-1
[2026-04-11T23:37:13.370Z] Luna (COMBAT) discovered Rare Minerals in Alpha-1
[2026-04-11T23:47:43.381Z] Jax (SCIENTIST) discovered Unknown Signal in Alpha-1
[2026-04-12T00:15:43.406Z] Aria (MEDIC) discovered Space Anomaly in Alpha-1
[2026-04-12T00:27:13.414Z] Vex (PILOT) discovered Ancient Ruins in Alpha-1
[2026-04-12T00:27:43.421Z] Aria (MEDIC) discovered Rare Minerals in Alpha-1
[2026-04-12T00:30:43.421Z] Nyx (ENGINEER) discovered Nebula Cloud in Alpha-1
[2026-04-12T00:37:13.421Z] Jax (SCIENTIST) discovered Derelict Ship in Alpha-1
[2026-04-12T00:41:43.428Z] Nyx (ENGINEER) discovered Anomalous Planet in Alpha-1
[2026-04-12T00:54:43.441Z] Aria (MEDIC) discovered Space Anomaly in Alpha-1
[2026-04-12T00:56:43.443Z] Nyx (ENGINEER) discovered Nebula Cloud in Alpha-1
[2026-04-12T01:19:13.461Z] Luna (COMBAT) discovered Nebula Cloud in Alpha-1
[2026-04-12T01:23:13.463Z] Nyx (ENGINEER) discovered Rare Minerals in Alpha-1
[2026-04-12T01:25:43.463Z] Vex (PILOT) discovered Derelict Ship in Alpha-1
[2026-04-12T01:27:43.467Z] Luna (COMBAT) discovered Ancient Ruins in Alpha-1
[2026-04-12T01:46:13.476Z] Vex (PILOT) discovered Rare Minerals in Alpha-1
[2026-04-12T01:52:13.476Z] Vex (PILOT) discovered Nebula Cloud in Alpha-1
[2026-04-12T01:52:43.479Z] Aria (MEDIC) discovered Rare Minerals in Alpha-1
[2026-04-12T01:54:43.481Z] Aria (MEDIC) discovered Alien Artifact in Alpha-1
[2026-04-12T02:17:43.499Z] Jax (SCIENTIST) discovered Space Anomaly in Alpha-1
[2026-04-12T02:24:13.502Z] Jax (SCIENTIST) discovered Ancient Ruins in Alpha-1
[2026-04-12T02:37:13.508Z] Jax (SCIENTIST) discovered Nebula Cloud in Alpha-1
[2026-04-12T02:44:13.516Z] Luna (COMBAT) discovered Anomalous Planet in Alpha-1
[2026-04-12T03:05:13.532Z] Jax (SCIENTIST) discovered Rare Minerals in Alpha-1
[2026-04-12T03:07:13.532Z] Luna (COMBAT) discovered Rare Minerals in Alpha-1
[2026-04-12T03:14:43.538Z] Aria (MEDIC) discovered Derelict Ship in Alpha-1
[2026-04-12T03:20:13.545Z] Aria (MEDIC) discovered Nebula Cloud in Alpha-1
[2026-04-12T03:22:43.547Z] Aria (MEDIC) discovered Rare Minerals in Alpha-1
[2026-04-12T03:35:43.553Z] Vex (PILOT) discovered Ancient Ruins in Alpha-1
[2026-04-12T03:40:43.561Z] Nyx (ENGINEER) discovered Anomalous Planet in Alpha-1
[2026-04-12T03:45:13.565Z] Nyx (ENGINEER) discovered Derelict Ship in Alpha-1
[2026-04-12T04:01:43.580Z] Vex (PILOT) discovered Rare Minerals in Alpha-1
[2026-04-12T04:47:43.591Z] Nyx (ENGINEER) discovered Hidden Base in Alpha-1
[2026-04-12T05:05:43.606Z] Aria (MEDIC) discovered Ancient Ruins in Alpha-1
[2026-04-12T05:08:43.603Z] Luna (COMBAT) discovered Nebula Cloud in Alpha-1
[2026-04-12T05:10:43.605Z] Jax (SCIENTIST) discovered Ancient Ruins in Alpha-1
[2026-04-12T05:24:43.612Z] Luna (COMBAT) discovered Derelict Ship in Alpha-1
[2026-04-12T05:29:13.610Z] Aria (MEDIC) discovered Ancient Ruins in Alpha-1
[2026-04-12T05:31:43.611Z] Luna (COMBAT) discovered Ancient Ruins in Alpha-1
[2026-04-12T05:36:13.611Z] Luna (COMBAT) discovered Space Anomaly in Alpha-1
[2026-04-12T05:44:43.616Z] Jax (SCIENTIST) discovered Alien Artifact in Alpha-1
[2026-04-12T05:52:43.620Z] Jax (SCIENTIST) discovered Anomalous Planet in Alpha-1
[2026-04-12T05:59:13.621Z] Luna (COMBAT) discovered Nebula Cloud in Alpha-1
[2026-04-12T06:21:13.639Z] Luna (COMBAT) discovered Ancient Ruins in Alpha-1
[2026-04-12T06:34:43.636Z] Aria (MEDIC) discovered Derelict Ship in Alpha-1
[2026-04-12T06:36:13.636Z] Luna (COMBAT) discovered Derelict Ship in Alpha-1
[2026-04-12T06:39:43.636Z] Jax (SCIENTIST) discovered Rare Minerals in Alpha-1
[2026-04-12T06:48:43.639Z] Vex (PILOT) discovered Derelict Ship in Alpha-1
[2026-04-12T06:59:43.647Z] Jax (SCIENTIST) discovered Derelict Ship in Alpha-1
[2026-04-12T07:20:43.651Z] Jax (SCIENTIST) discovered Hidden Base in Alpha-1
[2026-04-12T07:46:43.663Z] Luna (COMBAT) discovered Nebula Cloud in Alpha-1
[2026-04-12T07:49:43.665Z] Jax (SCIENTIST) discovered Hidden Base in Alpha-1
[2026-04-12T07:53:13.666Z] Jax (SCIENTIST) discovered Hidden Base in Alpha-1
[2026-04-12T08:04:13.724Z] Aria (MEDIC) discovered Anomalous Planet in Alpha-1
[2026-04-12T08:05:13.718Z] Nyx (ENGINEER) discovered Nebula Cloud in Alpha-1
[2026-04-12T08:06:43.718Z] Aria (MEDIC) discovered Anomalous Planet in Alpha-1
[2026-04-12T08:22:43.729Z] Luna (COMBAT) discovered Hidden Base in Alpha-1
[2026-04-12T08:25:43.731Z] Luna (COMBAT) discovered Anomalous Planet in Alpha-1
[2026-04-12T08:30:13.733Z] Luna (COMBAT) discovered Hidden Base in Alpha-1
[2026-04-12T08:35:43.733Z] Nyx (ENGINEER) discovered Rare Minerals in Alpha-1
[2026-04-12T08:39:43.735Z] Nyx (ENGINEER) discovered Anomalous Planet in Alpha-1
[2026-04-12T08:46:13.737Z] Vex (PILOT) discovered Rare Minerals in Alpha-1
[2026-04-12T08:47:43.738Z] Nyx (ENGINEER) discovered Space Anomaly in Alpha-1
[2026-04-12T08:50:43.740Z] Aria (MEDIC) discovered Alien Artifact in Alpha-1
[2026-04-12T09:12:13.923Z] Nyx (ENGINEER) discovered Anomalous Planet in Alpha-1
[2026-04-12T09:17:14.014Z] Aria (MEDIC) discovered Derelict Ship in Alpha-1
[2026-04-12T09:21:44.123Z] Luna (COMBAT) discovered Ancient Ruins in Alpha-1
[2026-04-12T09:27:44.216Z] Luna (COMBAT) discovered Space Anomaly in Alpha-1
[2026-04-12T09:49:14.221Z] Jax (SCIENTIST) discovered Derelict Ship in Alpha-1
[2026-04-12T09:51:44.221Z] Nyx (ENGINEER) discovered Anomalous Planet in Alpha-1
[2026-04-12T09:54:14.223Z] Jax (SCIENTIST) discovered Unknown Signal in Alpha-1
[2026-04-12T10:07:14.799Z] Luna (COMBAT) discovered Alien Artifact in Alpha-1
[2026-04-12T10:33:17.603Z] Luna (COMBAT) discovered Alien Artifact in Alpha-1
[2026-04-12T10:34:17.408Z] Aria (MEDIC) discovered Derelict Ship in Alpha-1
[2026-04-12T10:41:47.807Z] Luna (COMBAT) discovered Derelict Ship in Alpha-1
[2026-04-12T10:55:18.708Z] Vex (PILOT) discovered Alien Artifact in Alpha-1
[2026-04-12T10:56:48.811Z] Luna (COMBAT) discovered Anomalous Planet in Alpha-1
[2026-04-12T11:04:50.308Z] Aria (MEDIC) discovered Space Anomaly in Alpha-1
[2026-04-12T11:17:20.808Z] Luna (COMBAT) discovered Nebula Cloud in Alpha-1
[2026-04-12T12:25:28.109Z] Aria (MEDIC) discovered Derelict Ship in Alpha-1
[2026-04-12T12:31:58.711Z] Luna (COMBAT) discovered Rare Minerals in Alpha-1
[2026-04-12T12:52:00.610Z] Luna (COMBAT) discovered Ancient Ruins in Alpha-1
[2026-04-12T12:58:01.007Z] Nyx (ENGINEER) discovered Ancient Ruins in Alpha-1
[2026-04-12T13:06:31.908Z] Nyx (ENGINEER) discovered Nebula Cloud in Alpha-1
[2026-04-12T13:24:03.608Z] Luna (COMBAT) discovered Anomalous Planet in Alpha-1
[2026-04-12T13:33:04.209Z] Jax (SCIENTIST) discovered Derelict Ship in Alpha-1
[2026-04-12T13:44:35.206Z] Nyx (ENGINEER) discovered Rare Minerals in Alpha-1
[2026-04-12T14:07:08.109Z] Aria (MEDIC) discovered Space Anomaly in Alpha-1
[2026-04-12T14:10:07.808Z] Aria (MEDIC) discovered Anomalous Planet in Alpha-1
[2026-04-12T14:38:10.407Z] Nyx (ENGINEER) discovered Hidden Base in Alpha-1
[2026-04-12T15:23:15.004Z] Vex (PILOT) discovered Ancient Ruins in Alpha-1
[2026-04-12T15:26:15.401Z] Aria (MEDIC) discovered Anomalous Planet in Alpha-1
[2026-04-12T15:38:16.098Z] Vex (PILOT) discovered Anomalous Planet in Alpha-1
[2026-04-12T15:55:18.597Z] Nyx (ENGINEER) discovered Rare Minerals in Alpha-1
[2026-04-12T16:20:20.809Z] Aria (MEDIC) discovered Alien Artifact in Alpha-1
[2026-04-12T16:26:51.310Z] Luna (COMBAT) discovered Nebula Cloud in Alpha-1
[2026-04-12T16:30:52.313Z] Aria (MEDIC) discovered Hidden Base in Alpha-1
[2026-04-12T16:58:55.615Z] Aria (MEDIC) discovered Derelict Ship in Alpha-1
[2026-04-12T16:59:25.715Z] Nyx (ENGINEER) discovered Anomalous Planet in Alpha-1
[2026-04-12T17:03:26.215Z] Jax (SCIENTIST) discovered Nebula Cloud in Alpha-1
[2026-04-12T17:07:26.413Z] Nyx (ENGINEER) discovered Nebula Cloud in Alpha-1
[2026-04-12T17:10:26.716Z] Luna (COMBAT) discovered Alien Artifact in Alpha-1
[2026-04-12T17:23:28.214Z] Nyx (ENGINEER) discovered Unknown Signal in Alpha-1
[2026-04-12T17:35:29.601Z] Aria (MEDIC) discovered Anomalous Planet in Alpha-1
[2026-04-12T17:42:30.402Z] Luna (COMBAT) discovered Anomalous Planet in Alpha-1
[2026-04-12T17:47:01.204Z] Luna (COMBAT) discovered Hidden Base in Alpha-1
[2026-04-12T18:06:33.108Z] Vex (PILOT) discovered Ancient Ruins in Alpha-1
[2026-04-12T18:15:03.910Z] Nyx (ENGINEER) discovered Derelict Ship in Alpha-1
[2026-04-12T18:16:33.906Z] Nyx (ENGINEER) discovered Space Anomaly in Alpha-1
[2026-04-12T18:21:34.204Z] Nyx (ENGINEER) discovered Space Anomaly in Alpha-1
[2026-04-12T18:29:05.301Z] Nyx (ENGINEER) discovered Hidden Base in Alpha-1
[2026-04-12T19:02:37.909Z] Luna (COMBAT) discovered Unknown Signal in Alpha-1
[2026-04-12T19:13:09.010Z] Jax (SCIENTIST) discovered Derelict Ship in Alpha-1
[2026-04-12T19:14:09.409Z] Aria (MEDIC) discovered Rare Minerals in Alpha-1
[2026-04-12T19:14:39.209Z] Vex (PILOT) discovered Derelict Ship in Alpha-1
[2026-04-12T19:15:39.411Z] Jax (SCIENTIST) discovered Rare Minerals in Alpha-1
[2026-04-12T19:17:39.408Z] Vex (PILOT) discovered Anomalous Planet in Alpha-1
[2026-04-12T19:25:40.213Z] Jax (SCIENTIST) discovered Nebula Cloud in Alpha-1
[2026-04-12T19:47:43.108Z] Luna (COMBAT) discovered Ancient Ruins in Alpha-1
[2026-04-12T20:05:45.007Z] Aria (MEDIC) discovered Ancient Ruins in Alpha-1
[2026-04-12T20:14:46.504Z] Jax (SCIENTIST) discovered Hidden Base in Alpha-1
[2026-04-12T20:17:16.606Z] Luna (COMBAT) discovered Anomalous Planet in Alpha-1
[2026-04-12T20:23:17.306Z] Aria (MEDIC) discovered Rare Minerals in Alpha-1
[2026-04-12T20:38:48.206Z] Jax (SCIENTIST) discovered Nebula Cloud in Alpha-1
[2026-04-12T21:17:22.835Z] Jax (SCIENTIST) discovered Rare Minerals in Alpha-1
[2026-04-12T21:23:53.751Z] Jax (SCIENTIST) discovered Alien Artifact in Alpha-1
[2026-04-12T21:47:25.573Z] Aria (MEDIC) discovered Anomalous Planet in Alpha-1
[2026-04-12T21:52:56.081Z] Aria (MEDIC) discovered Unknown Signal in Alpha-1
[2026-04-12T21:55:26.477Z] Nyx (ENGINEER) discovered Ancient Ruins in Alpha-1
[2026-04-12T22:07:28.211Z] Vex (PILOT) discovered Space Anomaly in Alpha-1
[2026-04-12T22:29:30.980Z] Nyx (ENGINEER) discovered Rare Minerals in Alpha-1
[2026-04-12T22:33:31.081Z] Aria (MEDIC) discovered Anomalous Planet in Alpha-1
[2026-04-12T22:47:32.863Z] Vex (PILOT) discovered Ancient Ruins in Alpha-1
[2026-04-12T22:47:33.263Z] Luna (COMBAT) discovered Hidden Base in Alpha-1
[2026-04-12T23:04:34.182Z] Aria (MEDIC) discovered Rare Minerals in Alpha-1
[2026-04-12T23:23:06.078Z] Nyx (ENGINEER) discovered Anomalous Planet in Alpha-1
[2026-04-12T23:34:37.491Z] Nyx (ENGINEER) discovered Hidden Base in Alpha-1
[2026-04-12T23:56:40.107Z] Luna (COMBAT) discovered Derelict Ship in Alpha-1
[2026-04-12T23:56:40.504Z] Aria (MEDIC) discovered Space Anomaly in Alpha-1
[2026-04-12T23:57:09.806Z] Aria (MEDIC) discovered Hidden Base in Alpha-1
[2026-04-13T00:14:42.202Z] Luna (COMBAT) discovered Space Anomaly in Alpha-1
[2026-04-13T00:20:12.902Z] Nyx (ENGINEER) discovered Alien Artifact in Alpha-1
[2026-04-13T00:35:14.802Z] Vex (PILOT) discovered Derelict Ship in Alpha-1
[2026-04-13T01:01:17.299Z] Vex (PILOT) discovered Derelict Ship in Alpha-1
[2026-04-13T01:01:47.305Z] Nyx (ENGINEER) discovered Hidden Base in Alpha-1
[2026-04-13T01:16:18.807Z] Luna (COMBAT) discovered Derelict Ship in Alpha-1
[2026-04-13T01:17:48.907Z] Aria (MEDIC) discovered Derelict Ship in Alpha-1
[2026-04-13T01:25:20.110Z] Luna (COMBAT) discovered Alien Artifact in Alpha-1
[2026-04-13T01:28:20.011Z] Jax (SCIENTIST) discovered Rare Minerals in Alpha-1
[2026-04-13T01:46:22.212Z] Jax (SCIENTIST) discovered Anomalous Planet in Alpha-1
[2026-04-13T01:52:23.104Z] Nyx (ENGINEER) discovered Hidden Base in Alpha-1
[2026-04-13T01:52:54.303Z] Aria (MEDIC) discovered Space Anomaly in Alpha-1
[2026-04-13T02:19:55.598Z] Luna (COMBAT) discovered Ancient Ruins in Alpha-1
[2026-04-13T02:29:56.799Z] Vex (PILOT) discovered Alien Artifact in Alpha-1
[2026-04-13T02:47:59.399Z] Luna (COMBAT) discovered Ancient Ruins in Alpha-1
[2026-04-13T03:16:02.407Z] Aria (MEDIC) discovered Unknown Signal in Alpha-1
[2026-04-13T03:20:32.407Z] Vex (PILOT) discovered Rare Minerals in Alpha-1
[2026-04-13T03:26:02.904Z] Vex (PILOT) discovered Unknown Signal in Alpha-1
[2026-04-13T03:31:03.404Z] Nyx (ENGINEER) discovered Rare Minerals in Alpha-1
[2026-04-13T03:33:34.402Z] Luna (COMBAT) discovered Unknown Signal in Alpha-1
[2026-04-13T03:35:04.107Z] Nyx (ENGINEER) discovered Nebula Cloud in Alpha-1
[2026-04-13T03:38:05.104Z] Aria (MEDIC) discovered Rare Minerals in Alpha-1
[2026-04-13T03:51:05.801Z] Vex (PILOT) discovered Derelict Ship in Alpha-1
[2026-04-13T04:04:37.805Z] Jax (SCIENTIST) discovered Space Anomaly in Alpha-1
[2026-04-13T04:08:07.407Z] Jax (SCIENTIST) discovered Ancient Ruins in Alpha-1
[2026-04-13T04:12:08.208Z] Aria (MEDIC) discovered Ancient Ruins in Alpha-1
[2026-04-13T04:44:42.109Z] Vex (PILOT) discovered Rare Minerals in Alpha-1
[2026-04-13T05:03:44.112Z] Nyx (ENGINEER) discovered Unknown Signal in Alpha-1
[2026-04-13T05:45:18.815Z] Jax (SCIENTIST) discovered Hidden Base in Alpha-1
[2026-04-13T05:55:49.109Z] Vex (PILOT) discovered Ancient Ruins in Alpha-1
[2026-04-13T06:01:19.810Z] Jax (SCIENTIST) discovered Space Anomaly in Alpha-1
[2026-04-13T06:09:20.610Z] Jax (SCIENTIST) discovered Derelict Ship in Alpha-1
[2026-04-13T06:11:50.810Z] Luna (COMBAT) discovered Rare Minerals in Alpha-1
[2026-04-13T06:16:51.609Z] Aria (MEDIC) discovered Unknown Signal in Alpha-1
[2026-04-13T06:21:21.906Z] Jax (SCIENTIST) discovered Anomalous Planet in Alpha-1
[2026-04-13T06:35:53.303Z] Jax (SCIENTIST) discovered Derelict Ship in Alpha-1
[2026-04-13T06:52:55.200Z] Luna (COMBAT) discovered Ancient Ruins in Alpha-1
[2026-04-13T06:57:56.203Z] Aria (MEDIC) discovered Nebula Cloud in Alpha-1
[2026-04-13T07:01:56.203Z] Vex (PILOT) discovered Derelict Ship in Alpha-1
[2026-04-13T07:24:59.008Z] Vex (PILOT) discovered Anomalous Planet in Alpha-1
[2026-04-13T07:50:31.611Z] Aria (MEDIC) discovered Ancient Ruins in Alpha-1
[2026-04-13T07:57:32.407Z] Nyx (ENGINEER) discovered Alien Artifact in Alpha-1
[2026-04-13T07:59:03.207Z] Aria (MEDIC) discovered Space Anomaly in Alpha-1
[2026-04-13T08:05:03.410Z] Jax (SCIENTIST) discovered Ancient Ruins in Alpha-1
[2026-04-13T08:08:33.310Z] Jax (SCIENTIST) discovered Space Anomaly in Alpha-1
[2026-04-13T08:09:03.406Z] Jax (SCIENTIST) discovered Hidden Base in Alpha-1
[2026-04-13T08:12:04.007Z] Aria (MEDIC) discovered Alien Artifact in Alpha-1
[2026-04-13T08:15:34.609Z] Luna (COMBAT) discovered Anomalous Planet in Alpha-1
[2026-04-13T08:18:05.009Z] Jax (SCIENTIST) discovered Derelict Ship in Alpha-1
[2026-04-13T08:38:37.708Z] Jax (SCIENTIST) discovered Unknown Signal in Alpha-1
[2026-04-13T08:40:37.308Z] Nyx (ENGINEER) discovered Unknown Signal in Alpha-1
[2026-04-13T09:02:10.508Z] Aria (MEDIC) discovered Rare Minerals in Alpha-1
[2026-04-13T09:32:13.999Z] Vex (PILOT) discovered Unknown Signal in Alpha-1
[2026-04-13T10:03:48.806Z] Jax (SCIENTIST) discovered Rare Minerals in Alpha-1
[2026-04-13T10:05:18.904Z] Vex (PILOT) discovered Derelict Ship in Alpha-1
[2026-04-13T10:21:50.607Z] Luna (COMBAT) discovered Anomalous Planet in Alpha-1
[2026-04-13T10:29:21.509Z] Aria (MEDIC) discovered Hidden Base in Alpha-1
[2026-04-13T10:35:22.006Z] Aria (MEDIC) discovered Unknown Signal in Alpha-1
[2026-04-13T10:57:54.607Z] Aria (MEDIC) discovered Rare Minerals in Alpha-1
[2026-04-13T11:00:54.805Z] Nyx (ENGINEER) discovered Unknown Signal in Alpha-1
[2026-04-13T11:33:27.809Z] Vex (PILOT) discovered Ancient Ruins in Alpha-1
[2026-04-13T12:00:31.409Z] Aria (MEDIC) discovered Ancient Ruins in Alpha-1
[2026-04-13T12:03:01.806Z] Vex (PILOT) discovered Nebula Cloud in Alpha-1
[2026-04-13T12:23:04.201Z] Vex (PILOT) discovered Unknown Signal in Alpha-1
[2026-04-13T12:58:08.005Z] Vex (PILOT) discovered Space Anomaly in Alpha-1
[2026-04-13T13:08:08.807Z] Jax (SCIENTIST) discovered Ancient Ruins in Alpha-1
[2026-04-13T13:10:09.206Z] Aria (MEDIC) discovered Rare Minerals in Alpha-1
[2026-04-13T13:18:40.412Z] Nyx (ENGINEER) discovered Space Anomaly in Alpha-1
[2026-04-13T13:23:10.809Z] Vex (PILOT) discovered Ancient Ruins in Alpha-1
[2026-04-13T13:42:13.014Z] Luna (COMBAT) discovered Anomalous Planet in Alpha-1
[2026-04-13T13:48:14.312Z] Nyx (ENGINEER) discovered Space Anomaly in Alpha-1
[2026-04-13T13:49:14.203Z] Vex (PILOT) discovered Rare Minerals in Alpha-1
[2026-04-13T14:32:49.303Z] Jax (SCIENTIST) discovered Hidden Base in Alpha-1
[2026-04-13T14:39:49.407Z] Aria (MEDIC) discovered Ancient Ruins in Alpha-1
[2026-04-13T14:40:19.602Z] Luna (COMBAT) discovered Space Anomaly in Alpha-1
[2026-04-13T14:45:50.103Z] Nyx (ENGINEER) discovered Space Anomaly in Alpha-1
[2026-04-13T14:55:22.105Z] Aria (MEDIC) discovered Anomalous Planet in Alpha-1
[2026-04-13T15:02:52.605Z] Nyx (ENGINEER) discovered Hidden Base in Alpha-1
[2026-04-13T15:22:54.608Z] Aria (MEDIC) discovered Nebula Cloud in Alpha-1
[2026-04-13T15:24:24.310Z] Nyx (ENGINEER) discovered Nebula Cloud in Alpha-1
[2026-04-13T15:25:54.507Z] Vex (PILOT) discovered Hidden Base in Alpha-1
[2026-04-13T15:34:25.809Z] Vex (PILOT) discovered Rare Minerals in Alpha-1
[2026-04-13T16:07:29.707Z] Vex (PILOT) discovered Rare Minerals in Alpha-1
[2026-04-13T16:14:01.309Z] Aria (MEDIC) discovered Anomalous Planet in Alpha-1
[2026-04-13T16:37:03.403Z] Aria (MEDIC) discovered Anomalous Planet in Alpha-1
[2026-04-13T16:57:35.000Z] Jax (SCIENTIST) discovered Space Anomaly in Alpha-1
[2026-04-13T17:00:35.400Z] Vex (PILOT) discovered Alien Artifact in Alpha-1
[2026-04-13T17:09:06.502Z] Vex (PILOT) discovered Derelict Ship in Alpha-1
[2026-04-13T17:16:07.506Z] Jax (SCIENTIST) discovered Derelict Ship in Alpha-1
[2026-04-13T17:23:37.608Z] Luna (COMBAT) discovered Derelict Ship in Alpha-1
[2026-04-13T17:25:37.812Z] Luna (COMBAT) discovered Ancient Ruins in Alpha-1
[2026-04-13T17:33:38.909Z] Aria (MEDIC) discovered Anomalous Planet in Alpha-1
[2026-04-13T17:40:09.512Z] Nyx (ENGINEER) discovered Ancient Ruins in Alpha-1
[2026-04-13T17:47:40.108Z] Luna (COMBAT) discovered Unknown Signal in Alpha-1
[2026-04-13T17:51:10.422Z] Luna (COMBAT) discovered Anomalous Planet in Alpha-1
[2026-04-13T17:55:41.304Z] Luna (COMBAT) discovered Derelict Ship in Alpha-1
[2026-04-13T17:59:41.402Z] Vex (PILOT) discovered Hidden Base in Alpha-1
[2026-04-13T18:15:42.400Z] Jax (SCIENTIST) discovered Unknown Signal in Alpha-1
[2026-04-13T18:24:43.205Z] Vex (PILOT) discovered Rare Minerals in Alpha-1
[2026-04-13T18:32:14.011Z] Aria (MEDIC) discovered Unknown Signal in Alpha-1
[2026-04-13T18:49:45.909Z] Aria (MEDIC) discovered Anomalous Planet in Alpha-1
[2026-04-13T18:52:45.711Z] Nyx (ENGINEER) discovered Unknown Signal in Alpha-1
[2026-04-13T18:54:16.408Z] Luna (COMBAT) discovered Alien Artifact in Alpha-1
[2026-04-13T19:01:16.412Z] Aria (MEDIC) discovered Derelict Ship in Alpha-1
[2026-04-13T19:15:18.109Z] Jax (SCIENTIST) discovered Anomalous Planet in Alpha-1
[2026-04-13T19:18:48.609Z] Jax (SCIENTIST) discovered Hidden Base in Alpha-1
[2026-04-13T19:21:49.109Z] Aria (MEDIC) discovered Nebula Cloud in Alpha-1
[2026-04-13T19:36:49.709Z] Vex (PILOT) discovered Unknown Signal in Alpha-1
[2026-04-13T19:44:20.108Z] Nyx (ENGINEER) discovered Rare Minerals in Alpha-1
[2026-04-13T19:51:50.508Z] Vex (PILOT) discovered Nebula Cloud in Alpha-1
[2026-04-13T20:08:22.907Z] Jax (SCIENTIST) discovered Ancient Ruins in Alpha-1
[2026-04-13T20:16:23.110Z] Jax (SCIENTIST) discovered Unknown Signal in Alpha-1
[2026-04-13T20:28:24.007Z] Vex (PILOT) discovered Anomalous Planet in Alpha-1
[2026-04-13T20:40:25.906Z] Jax (SCIENTIST) discovered Unknown Signal in Alpha-1
[2026-04-13T20:50:26.905Z] Vex (PILOT) discovered Anomalous Planet in Alpha-1
[2026-04-13T20:54:57.309Z] Luna (COMBAT) discovered Nebula Cloud in Alpha-1
[2026-04-13T20:57:27.906Z] Jax (SCIENTIST) discovered Ancient Ruins in Alpha-1
[2026-04-13T20:58:57.709Z] Aria (MEDIC) discovered Ancient Ruins in Alpha-1
[2026-04-13T21:09:58.406Z] Aria (MEDIC) discovered Anomalous Planet in Alpha-1
[2026-04-13T21:20:59.608Z] Luna (COMBAT) discovered Hidden Base in Alpha-1
[2026-04-13T21:50:32.708Z] Luna (COMBAT) discovered Nebula Cloud in Alpha-1
[2026-04-13T22:15:04.110Z] Jax (SCIENTIST) discovered Space Anomaly in Alpha-1
[2026-04-13T22:25:35.303Z] Jax (SCIENTIST) discovered Alien Artifact in Alpha-1
[2026-04-13T22:29:35.305Z] Vex (PILOT) discovered Hidden Base in Alpha-1
[2026-04-13T22:44:06.699Z] Vex (PILOT) discovered Alien Artifact in Alpha-1
[2026-04-13T22:52:37.203Z] Nyx (ENGINEER) discovered Alien Artifact in Alpha-1
[2026-04-13T23:28:40.305Z] Vex (PILOT) discovered Rare Minerals in Alpha-1
[2026-04-13T23:41:11.309Z] Jax (SCIENTIST) discovered Space Anomaly in Alpha-1
[2026-04-13T23:42:41.313Z] Aria (MEDIC) discovered Nebula Cloud in Alpha-1
[2026-04-13T23:55:12.208Z] Nyx (ENGINEER) discovered Space Anomaly in Alpha-1
[2026-04-14T00:26:45.202Z] Luna (COMBAT) discovered Ancient Ruins in Alpha-1
[2026-04-14T00:35:45.902Z] Aria (MEDIC) discovered Space Anomaly in Alpha-1
[2026-04-14T00:39:46.601Z] Jax (SCIENTIST) discovered Anomalous Planet in Alpha-1
[2026-04-14T00:54:48.301Z] Jax (SCIENTIST) discovered Ancient Ruins in Alpha-1
[2026-04-14T00:58:18.900Z] Nyx (ENGINEER) discovered Unknown Signal in Alpha-1
[2026-04-14T01:09:49.807Z] Luna (COMBAT) discovered Ancient Ruins in Alpha-1
[2026-04-14T01:19:20.010Z] Luna (COMBAT) discovered Rare Minerals in Alpha-1
[2026-04-14T01:21:19.712Z] Vex (PILOT) discovered Space Anomaly in Alpha-1
[2026-04-14T01:56:23.214Z] Aria (MEDIC) discovered Derelict Ship in Alpha-1
[2026-04-14T01:56:53.312Z] Aria (MEDIC) discovered Space Anomaly in Alpha-1
[2026-04-14T02:22:25.713Z] Aria (MEDIC) discovered Unknown Signal in Alpha-1
[2026-04-14T02:24:56.109Z] Luna (COMBAT) discovered Alien Artifact in Alpha-1
[2026-04-14T02:30:26.810Z] Nyx (ENGINEER) discovered Derelict Ship in Alpha-1
[2026-04-14T02:30:26.813Z] Luna (COMBAT) discovered Ancient Ruins in Alpha-1
[2026-04-14T02:55:59.701Z] Vex (PILOT) discovered Alien Artifact in Alpha-1
[2026-04-14T03:08:01.803Z] Nyx (ENGINEER) discovered Ancient Ruins in Alpha-1
[2026-04-14T03:20:03.097Z] Nyx (ENGINEER) discovered Alien Artifact in Alpha-1
[2026-04-14T03:20:03.114Z] Jax (SCIENTIST) discovered Anomalous Planet in Alpha-1
[2026-04-14T03:42:05.511Z] Nyx (ENGINEER) discovered Nebula Cloud in Alpha-1
[2026-04-14T03:49:05.908Z] Vex (PILOT) discovered Anomalous Planet in Alpha-1
[2026-04-14T03:56:36.906Z] Nyx (ENGINEER) discovered Rare Minerals in Alpha-1
[2026-04-14T03:58:37.010Z] Nyx (ENGINEER) discovered Space Anomaly in Alpha-1
[2026-04-14T04:07:38.007Z] Aria (MEDIC) discovered Unknown Signal in Alpha-1
[2026-04-14T04:13:08.311Z] Nyx (ENGINEER) discovered Alien Artifact in Alpha-1
[2026-04-14T04:15:38.401Z] Vex (PILOT) discovered Hidden Base in Alpha-1
[2026-04-14T04:24:39.199Z] Aria (MEDIC) discovered Rare Minerals in Alpha-1
[2026-04-14T04:30:11.007Z] Luna (COMBAT) discovered Ancient Ruins in Alpha-1
[2026-04-14T04:33:10.304Z] Jax (SCIENTIST) discovered Alien Artifact in Alpha-1
[2026-04-14T04:42:11.802Z] Aria (MEDIC) discovered Ancient Ruins in Alpha-1
[2026-04-14T04:55:43.103Z] Luna (COMBAT) discovered Ancient Ruins in Alpha-1
[2026-04-14T05:18:15.303Z] Luna (COMBAT) discovered Space Anomaly in Alpha-1
[2026-04-14T05:20:15.403Z] Aria (MEDIC) discovered Alien Artifact in Alpha-1
[2026-04-14T05:20:45.602Z] Jax (SCIENTIST) discovered Rare Minerals in Alpha-1
[2026-04-14T05:21:15.803Z] Luna (COMBAT) discovered Hidden Base in Alpha-1
[2026-04-14T05:24:45.605Z] Luna (COMBAT) discovered Unknown Signal in Alpha-1
[2026-04-14T05:30:46.204Z] Luna (COMBAT) discovered Space Anomaly in Alpha-1
[2026-04-14T05:40:17.305Z] Nyx (ENGINEER) discovered Anomalous Planet in Alpha-1
[2026-04-14T05:49:18.005Z] Luna (COMBAT) discovered Hidden Base in Alpha-1
[2026-04-14T06:04:19.202Z] Aria (MEDIC) discovered Unknown Signal in Alpha-1
[2026-04-14T06:04:50.400Z] Aria (MEDIC) discovered Derelict Ship in Alpha-1
[2026-04-14T06:19:50.211Z] Jax (SCIENTIST) discovered Anomalous Planet in Alpha-1
[2026-04-14T06:35:21.811Z] Jax (SCIENTIST) discovered Anomalous Planet in Alpha-1
[2026-04-14T06:59:53.902Z] Jax (SCIENTIST) discovered Alien Artifact in Alpha-1
[2026-04-14T07:02:54.200Z] Nyx (ENGINEER) discovered Space Anomaly in Alpha-1
[2026-04-14T07:07:24.703Z] Nyx (ENGINEER) discovered Anomalous Planet in Alpha-1
[2026-04-14T08:43:03.701Z] Nyx (ENGINEER) discovered Anomalous Planet in Alpha-1
[2026-04-14T08:53:04.700Z] Nyx (ENGINEER) discovered Hidden Base in Alpha-1
[2026-04-14T08:59:05.602Z] Aria (MEDIC) discovered Derelict Ship in Alpha-1
[2026-04-14T09:02:36.100Z] Luna (COMBAT) discovered Unknown Signal in Alpha-1
[2026-04-14T09:11:06.303Z] Luna (COMBAT) discovered Rare Minerals in Alpha-1
[2026-04-14T09:12:06.306Z] Luna (COMBAT) discovered Hidden Base in Alpha-1
[2026-04-14T09:13:06.404Z] Nyx (ENGINEER) discovered Rare Minerals in Alpha-1
[2026-04-14T09:14:36.502Z] Nyx (ENGINEER) discovered Alien Artifact in Alpha-1
[2026-04-14T09:20:37.007Z] Jax (SCIENTIST) discovered Derelict Ship in Alpha-1
[2026-04-14T09:33:38.307Z] Luna (COMBAT) discovered Derelict Ship in Alpha-1
[2026-04-14T09:41:10.002Z] Luna (COMBAT) discovered Rare Minerals in Alpha-1
[2026-04-14T09:52:40.905Z] Aria (MEDIC) discovered Alien Artifact in Alpha-1
[2026-04-14T10:10:43.302Z] Luna (COMBAT) discovered Alien Artifact in Alpha-1
[2026-04-14T10:12:13.204Z] Vex (PILOT) discovered Hidden Base in Alpha-1
[2026-04-14T10:12:43.304Z] Jax (SCIENTIST) discovered Rare Minerals in Alpha-1
[2026-04-14T10:16:43.905Z] Jax (SCIENTIST) discovered Space Anomaly in Alpha-1
[2026-04-14T11:06:50.308Z] Luna (COMBAT) discovered Alien Artifact in Alpha-1
[2026-04-14T11:25:22.707Z] Luna (COMBAT) discovered Alien Artifact in Alpha-1
[2026-04-14T11:30:24.607Z] Jax (SCIENTIST) discovered Hidden Base in Alpha-1
[2026-04-14T11:58:56.405Z] Nyx (ENGINEER) discovered Space Anomaly in Alpha-1
[2026-04-14T11:58:56.605Z] Jax (SCIENTIST) discovered Anomalous Planet in Alpha-1
[2026-04-14T12:04:56.708Z] Aria (MEDIC) discovered Anomalous Planet in Alpha-1
[2026-04-14T12:19:57.605Z] Nyx (ENGINEER) discovered Unknown Signal in Alpha-1
[2026-04-14T12:25:58.003Z] Luna (COMBAT) discovered Ancient Ruins in Alpha-1
[2026-04-14T12:57:31.202Z] Jax (SCIENTIST) discovered Anomalous Planet in Alpha-1
[2026-04-14T13:11:02.906Z] Aria (MEDIC) discovered Ancient Ruins in Alpha-1
[2026-04-14T13:14:03.109Z] Aria (MEDIC) discovered Hidden Base in Alpha-1
[2026-04-14T13:18:03.608Z] Luna (COMBAT) discovered Rare Minerals in Alpha-1
[2026-04-14T13:23:34.708Z] Luna (COMBAT) discovered Unknown Signal in Alpha-1
[2026-04-14T13:32:05.010Z] Jax (SCIENTIST) discovered Nebula Cloud in Alpha-1
[2026-04-14T13:40:05.609Z] Vex (PILOT) discovered Space Anomaly in Alpha-1
[2026-04-14T13:44:36.108Z] Jax (SCIENTIST) discovered Unknown Signal in Alpha-1
[2026-04-14T14:00:37.510Z] Nyx (ENGINEER) discovered Alien Artifact in Alpha-1
[2026-04-14T14:08:38.313Z] Aria (MEDIC) discovered Anomalous Planet in Alpha-1
[2026-04-14T14:18:39.409Z] Luna (COMBAT) discovered Nebula Cloud in Alpha-1
[2026-04-14T14:38:41.800Z] Aria (MEDIC) discovered Nebula Cloud in Alpha-1
[2026-04-14T14:41:41.902Z] Jax (SCIENTIST) discovered Alien Artifact in Alpha-1
[2026-04-14T14:55:44.101Z] Nyx (ENGINEER) discovered Rare Minerals in Alpha-1
[2026-04-14T15:16:46.900Z] Luna (COMBAT) discovered Alien Artifact in Alpha-1
[2026-04-14T15:36:47.999Z] Aria (MEDIC) discovered Nebula Cloud in Alpha-1
[2026-04-14T15:38:48.199Z] Aria (MEDIC) discovered Ancient Ruins in Alpha-1
[2026-04-14T15:41:18.200Z] Aria (MEDIC) discovered Rare Minerals in Alpha-1
[2026-04-14T15:45:18.896Z] Vex (PILOT) discovered Derelict Ship in Alpha-1
[2026-04-14T15:45:49.500Z] Aria (MEDIC) discovered Unknown Signal in Alpha-1
[2026-04-14T15:58:20.002Z] Nyx (ENGINEER) discovered Rare Minerals in Alpha-1
[2026-04-14T16:00:50.505Z] Jax (SCIENTIST) discovered Anomalous Planet in Alpha-1
[2026-04-14T16:01:50.504Z] Jax (SCIENTIST) discovered Ancient Ruins in Alpha-1
[2026-04-14T16:05:50.505Z] Vex (PILOT) discovered Rare Minerals in Alpha-1
[2026-04-14T16:06:50.902Z] Aria (MEDIC) discovered Ancient Ruins in Alpha-1
[2026-04-14T16:11:21.209Z] Nyx (ENGINEER) discovered Rare Minerals in Alpha-1
[2026-04-14T16:19:52.405Z] Jax (SCIENTIST) discovered Alien Artifact in Alpha-1
[2026-04-14T16:24:53.302Z] Nyx (ENGINEER) discovered Anomalous Planet in Alpha-1
[2026-04-14T16:27:53.307Z] Luna (COMBAT) discovered Anomalous Planet in Alpha-1
[2026-04-14T16:35:54.109Z] Vex (PILOT) discovered Nebula Cloud in Alpha-1
[2026-04-14T16:35:54.508Z] Jax (SCIENTIST) discovered Anomalous Planet in Alpha-1
[2026-04-14T16:36:24.209Z] Aria (MEDIC) discovered Anomalous Planet in Alpha-1
[2026-04-14T16:38:24.411Z] Jax (SCIENTIST) discovered Ancient Ruins in Alpha-1
[2026-04-14T16:41:24.914Z] Luna (COMBAT) discovered Unknown Signal in Alpha-1
[2026-04-14T16:51:26.412Z] Jax (SCIENTIST) discovered Unknown Signal in Alpha-1
[2026-04-14T16:58:56.316Z] Aria (MEDIC) discovered Ancient Ruins in Alpha-1
[2026-04-14T17:00:26.416Z] Nyx (ENGINEER) discovered Alien Artifact in Alpha-1
[2026-04-14T17:02:56.711Z] Aria (MEDIC) discovered Anomalous Planet in Alpha-1
[2026-04-14T17:08:57.410Z] Luna (COMBAT) discovered Nebula Cloud in Alpha-1
[2026-04-14T17:22:58.807Z] Aria (MEDIC) discovered Space Anomaly in Alpha-1
[2026-04-14T17:29:59.507Z] Jax (SCIENTIST) discovered Space Anomaly in Alpha-1
[2026-04-14T17:33:29.610Z] Nyx (ENGINEER) discovered Unknown Signal in Alpha-1
[2026-04-14T17:35:30.706Z] Luna (COMBAT) discovered Rare Minerals in Alpha-1
[2026-04-14T18:06:02.606Z] Jax (SCIENTIST) discovered Hidden Base in Alpha-1
[2026-04-14T18:31:05.407Z] Vex (PILOT) discovered Space Anomaly in Alpha-1
[2026-04-14T18:36:06.008Z] Nyx (ENGINEER) discovered Anomalous Planet in Alpha-1
[2026-04-14T19:05:40.409Z] Nyx (ENGINEER) discovered Rare Minerals in Alpha-1
[2026-04-14T19:20:11.611Z] Luna (COMBAT) discovered Ancient Ruins in Alpha-1
[2026-04-14T19:29:12.607Z] Aria (MEDIC) discovered Rare Minerals in Alpha-1
[2026-04-14T19:31:12.903Z] Vex (PILOT) discovered Alien Artifact in Alpha-1
[2026-04-14T19:43:44.305Z] Jax (SCIENTIST) discovered Derelict Ship in Alpha-1
[2026-04-14T19:44:44.603Z] Jax (SCIENTIST) discovered Nebula Cloud in Alpha-1
[2026-04-14T19:48:45.202Z] Aria (MEDIC) discovered Nebula Cloud in Alpha-1
[2026-04-14T19:50:45.202Z] Luna (COMBAT) discovered Alien Artifact in Alpha-1
[2026-04-14T19:58:46.004Z] Jax (SCIENTIST) discovered Unknown Signal in Alpha-1
[2026-04-14T20:05:16.605Z] Luna (COMBAT) discovered Derelict Ship in Alpha-1
[2026-04-14T20:09:17.307Z] Jax (SCIENTIST) discovered Hidden Base in Alpha-1
[2026-04-14T20:10:17.413Z] Luna (COMBAT) discovered Space Anomaly in Alpha-1
[2026-04-14T20:12:47.407Z] Jax (SCIENTIST) discovered Ancient Ruins in Alpha-1
[2026-04-14T20:18:18.505Z] Aria (MEDIC) discovered Derelict Ship in Alpha-1
[2026-04-14T20:31:19.604Z] Aria (MEDIC) discovered Hidden Base in Alpha-1
[2026-04-14T20:52:52.599Z] Jax (SCIENTIST) discovered Alien Artifact in Alpha-1
[2026-04-14T20:53:52.301Z] Jax (SCIENTIST) discovered Unknown Signal in Alpha-1
[2026-04-14T21:10:54.611Z] Luna (COMBAT) discovered Anomalous Planet in Alpha-1
[2026-04-14T21:33:27.213Z] Jax (SCIENTIST) discovered Hidden Base in Alpha-1
[2026-04-14T21:38:57.315Z] Aria (MEDIC) discovered Alien Artifact in Alpha-1
[2026-04-14T21:40:57.413Z] Luna (COMBAT) discovered Rare Minerals in Alpha-1
[2026-04-14T21:55:59.814Z] Aria (MEDIC) discovered Alien Artifact in Alpha-1
[2026-04-14T22:05:01.119Z] Aria (MEDIC) discovered Derelict Ship in Alpha-1
[2026-04-14T22:10:32.010Z] Nyx (ENGINEER) discovered Space Anomaly in Alpha-1
[2026-04-14T22:15:32.313Z] Jax (SCIENTIST) discovered Ancient Ruins in Alpha-1
[2026-04-14T22:15:32.410Z] Aria (MEDIC) discovered Alien Artifact in Alpha-1
[2026-04-14T22:17:02.415Z] Aria (MEDIC) discovered Unknown Signal in Alpha-1
[2026-04-14T22:18:02.410Z] Nyx (ENGINEER) discovered Derelict Ship in Alpha-1
[2026-04-14T22:23:33.509Z] Jax (SCIENTIST) discovered Anomalous Planet in Alpha-1
[2026-04-14T22:29:03.508Z] Vex (PILOT) discovered Rare Minerals in Alpha-1
[2026-04-14T22:44:35.509Z] Nyx (ENGINEER) discovered Derelict Ship in Alpha-1
[2026-04-14T22:49:06.809Z] Aria (MEDIC) discovered Ancient Ruins in Alpha-1
[2026-04-14T22:54:06.707Z] Jax (SCIENTIST) discovered Alien Artifact in Alpha-1
[2026-04-14T22:55:06.610Z] Jax (SCIENTIST) discovered Space Anomaly in Alpha-1
[2026-04-14T23:01:36.810Z] Vex (PILOT) discovered Ancient Ruins in Alpha-1
[2026-04-14T23:04:07.408Z] Luna (COMBAT) discovered Ancient Ruins in Alpha-1
[2026-04-14T23:11:07.608Z] Nyx (ENGINEER) discovered Space Anomaly in Alpha-1
[2026-04-14T23:13:38.207Z] Luna (COMBAT) discovered Anomalous Planet in Alpha-1
[2026-04-14T23:15:38.007Z] Jax (SCIENTIST) discovered Rare Minerals in Alpha-1
[2026-04-14T23:44:41.808Z] Vex (PILOT) discovered Hidden Base in Alpha-1
[2026-04-14T23:49:42.410Z] Jax (SCIENTIST) discovered Rare Minerals in Alpha-1
[2026-04-14T23:56:13.010Z] Aria (MEDIC) discovered Space Anomaly in Alpha-1
[2026-04-15T00:00:42.913Z] Vex (PILOT) discovered Derelict Ship in Alpha-1
[2026-04-15T00:03:43.304Z] Vex (PILOT) discovered Space Anomaly in Alpha-1
[2026-04-15T00:05:13.313Z] Aria (MEDIC) discovered Anomalous Planet in Alpha-1
[2026-04-15T00:22:46.502Z] Luna (COMBAT) discovered Ancient Ruins in Alpha-1
[2026-04-15T00:22:46.504Z] Aria (MEDIC) discovered Nebula Cloud in Alpha-1
[2026-04-15T00:30:16.403Z] Jax (SCIENTIST) discovered Derelict Ship in Alpha-1
[2026-04-15T00:30:46.407Z] Nyx (ENGINEER) discovered Derelict Ship in Alpha-1
[2026-04-15T00:35:47.203Z] Jax (SCIENTIST) discovered Rare Minerals in Alpha-1
[2026-04-15T00:36:47.307Z] Luna (COMBAT) discovered Anomalous Planet in Alpha-1
[2026-04-15T01:07:43.106Z] Nyx (ENGINEER) discovered Unknown Signal in Alpha-1
[2026-04-15T01:15:13.607Z] Nyx (ENGINEER) discovered Rare Minerals in Alpha-1
[2026-04-15T01:38:14.905Z] Aria (MEDIC) discovered Anomalous Planet in Alpha-1
[2026-04-15T01:41:45.002Z] Vex (PILOT) discovered Hidden Base in Alpha-1
[2026-04-15T01:49:16.301Z] Nyx (ENGINEER) discovered Derelict Ship in Alpha-1
[2026-04-15T01:53:16.402Z] Jax (SCIENTIST) discovered Rare Minerals in Alpha-1
[2026-04-15T02:08:47.202Z] Nyx (ENGINEER) discovered Anomalous Planet in Alpha-1
[2026-04-15T02:17:47.216Z] Nyx (ENGINEER) discovered Hidden Base in Alpha-1
[2026-04-15T02:28:17.235Z] Aria (MEDIC) discovered Ancient Ruins in Alpha-1
[2026-04-15T02:34:17.239Z] Nyx (ENGINEER) discovered Derelict Ship in Alpha-1
[2026-04-15T02:37:17.244Z] Nyx (ENGINEER) discovered Rare Minerals in Alpha-1
[2026-04-15T02:51:17.265Z] Aria (MEDIC) discovered Unknown Signal in Alpha-1
[2026-04-15T03:09:17.272Z] Vex (PILOT) discovered Unknown Signal in Alpha-1
[2026-04-15T03:30:17.301Z] Luna (COMBAT) discovered Hidden Base in Alpha-1
[2026-04-15T03:33:47.306Z] Luna (COMBAT) discovered Ancient Ruins in Alpha-1
[2026-04-15T03:34:47.305Z] Nyx (ENGINEER) discovered Hidden Base in Alpha-1
[2026-04-15T03:35:47.307Z] Vex (PILOT) discovered Derelict Ship in Alpha-1
[2026-04-15T03:45:47.319Z] Nyx (ENGINEER) discovered Alien Artifact in Alpha-1
[2026-04-15T03:47:17.320Z] Jax (SCIENTIST) discovered Anomalous Planet in Alpha-1
[2026-04-15T04:22:17.362Z] Aria (MEDIC) discovered Derelict Ship in Alpha-1
[2026-04-15T04:27:17.370Z] Aria (MEDIC) discovered Unknown Signal in Alpha-1
[2026-04-15T04:29:47.370Z] Nyx (ENGINEER) discovered Anomalous Planet in Alpha-1
[2026-04-15T04:31:47.369Z] Vex (PILOT) discovered Rare Minerals in Alpha-1
[2026-04-15T04:35:17.378Z] Nyx (ENGINEER) discovered Hidden Base in Alpha-1
[2026-04-15T04:38:47.390Z] Jax (SCIENTIST) discovered Nebula Cloud in Alpha-1
[2026-04-15T04:58:17.409Z] Vex (PILOT) discovered Space Anomaly in Alpha-1
[2026-04-15T04:59:17.418Z] Aria (MEDIC) discovered Alien Artifact in Alpha-1
[2026-04-15T05:02:17.416Z] Luna (COMBAT) discovered Derelict Ship in Alpha-1
[2026-04-15T05:05:47.423Z] Aria (MEDIC) discovered Anomalous Planet in Alpha-1
[2026-04-15T05:16:47.436Z] Nyx (ENGINEER) discovered Ancient Ruins in Alpha-1
[2026-04-15T05:30:17.454Z] Aria (MEDIC) discovered Rare Minerals in Alpha-1
[2026-04-15T06:05:17.491Z] Luna (COMBAT) discovered Hidden Base in Alpha-1
[2026-04-15T06:21:47.515Z] Luna (COMBAT) discovered Derelict Ship in Alpha-1
[2026-04-15T06:27:47.511Z] Vex (PILOT) discovered Hidden Base in Alpha-1
[2026-04-15T06:48:17.540Z] Jax (SCIENTIST) discovered Nebula Cloud in Alpha-1
[2026-04-15T07:32:47.588Z] Vex (PILOT) discovered Anomalous Planet in Alpha-1
[2026-04-15T07:51:17.611Z] Vex (PILOT) discovered Rare Minerals in Alpha-1
[2026-04-15T07:57:17.623Z] Jax (SCIENTIST) discovered Derelict Ship in Alpha-1
[2026-04-15T08:02:17.630Z] Luna (COMBAT) discovered Alien Artifact in Alpha-1
[2026-04-15T08:08:17.640Z] Jax (SCIENTIST) discovered Hidden Base in Alpha-1
[2026-04-15T08:09:47.642Z] Nyx (ENGINEER) discovered Ancient Ruins in Alpha-1
[2026-04-15T08:10:17.645Z] Luna (COMBAT) discovered Anomalous Planet in Alpha-1
[2026-04-15T08:17:17.655Z] Aria (MEDIC) discovered Nebula Cloud in Alpha-1
[2026-04-15T08:17:47.655Z] Jax (SCIENTIST) discovered Ancient Ruins in Alpha-1
[2026-04-15T08:28:47.671Z] Nyx (ENGINEER) discovered Alien Artifact in Alpha-1
[2026-04-15T08:41:17.683Z] Nyx (ENGINEER) discovered Alien Artifact in Alpha-1
[2026-04-15T08:53:17.703Z] Aria (MEDIC) discovered Unknown Signal in Alpha-1
[2026-04-15T08:54:47.702Z] Jax (SCIENTIST) discovered Rare Minerals in Alpha-1
[2026-04-15T08:54:47.704Z] Luna (COMBAT) discovered Derelict Ship in Alpha-1
[2026-04-15T08:55:47.704Z] Aria (MEDIC) discovered Alien Artifact in Alpha-1
[2026-04-15T09:24:17.741Z] Vex (PILOT) discovered Alien Artifact in Alpha-1
[2026-04-15T09:37:17.756Z] Aria (MEDIC) discovered Space Anomaly in Alpha-1
[2026-04-15T09:41:47.761Z] Aria (MEDIC) discovered Alien Artifact in Alpha-1
[2026-04-15T09:57:17.773Z] Nyx (ENGINEER) discovered Alien Artifact in Alpha-1
[2026-04-15T10:01:47.784Z] Aria (MEDIC) discovered Nebula Cloud in Alpha-1
[2026-04-15T10:21:17.796Z] Nyx (ENGINEER) discovered Nebula Cloud in Alpha-1
[2026-04-15T10:22:47.796Z] Nyx (ENGINEER) discovered Hidden Base in Alpha-1
[2026-04-15T10:24:17.801Z] Aria (MEDIC) discovered Anomalous Planet in Alpha-1
[2026-04-15T10:54:47.834Z] Vex (PILOT) discovered Anomalous Planet in Alpha-1
[2026-04-15T11:07:17.855Z] Aria (MEDIC) discovered Nebula Cloud in Alpha-1
[2026-04-15T11:20:17.872Z] Aria (MEDIC) discovered Ancient Ruins in Alpha-1
[2026-04-15T11:30:47.882Z] Aria (MEDIC) discovered Anomalous Planet in Alpha-1
[2026-04-15T11:39:17.896Z] Aria (MEDIC) discovered Derelict Ship in Alpha-1
[2026-04-15T11:46:47.901Z] Luna (COMBAT) discovered Alien Artifact in Alpha-1
[2026-04-15T12:04:17.924Z] Jax (SCIENTIST) discovered Derelict Ship in Alpha-1
[2026-04-15T12:22:17.945Z] Jax (SCIENTIST) discovered Anomalous Planet in Alpha-1
[2026-04-15T12:35:17.961Z] Jax (SCIENTIST) discovered Derelict Ship in Alpha-1
[2026-04-15T12:45:17.972Z] Jax (SCIENTIST) discovered Nebula Cloud in Alpha-1
[2026-04-15T13:09:48.002Z] Nyx (ENGINEER) discovered Derelict Ship in Alpha-1
[2026-04-15T13:13:48.002Z] Jax (SCIENTIST) discovered Derelict Ship in Alpha-1
[2026-04-15T13:14:18.002Z] Vex (PILOT) discovered Unknown Signal in Alpha-1
[2026-04-15T13:18:18.010Z] Aria (MEDIC) discovered Space Anomaly in Alpha-1
[2026-04-15T13:26:48.016Z] Vex (PILOT) discovered Alien Artifact in Alpha-1
[2026-04-15T13:28:18.020Z] Luna (COMBAT) discovered Hidden Base in Alpha-1
[2026-04-15T13:58:18.060Z] Nyx (ENGINEER) discovered Rare Minerals in Alpha-1
[2026-04-15T13:58:48.061Z] Luna (COMBAT) discovered Unknown Signal in Alpha-1
[2026-04-15T13:59:48.063Z] Luna (COMBAT) discovered Alien Artifact in Alpha-1
[2026-04-15T14:27:18.098Z] Luna (COMBAT) discovered Derelict Ship in Alpha-1
[2026-04-15T14:30:48.098Z] Vex (PILOT) discovered Nebula Cloud in Alpha-1
[2026-04-15T14:49:48.120Z] Nyx (ENGINEER) discovered Space Anomaly in Alpha-1
[2026-04-15T14:50:18.121Z] Jax (SCIENTIST) discovered Rare Minerals in Alpha-1
[2026-04-15T15:25:18.158Z] Luna (COMBAT) discovered Unknown Signal in Alpha-1
[2026-04-15T15:26:18.155Z] Vex (PILOT) discovered Nebula Cloud in Alpha-1
[2026-04-15T15:29:48.164Z] Luna (COMBAT) discovered Rare Minerals in Alpha-1
[2026-04-15T15:36:18.170Z] Vex (PILOT) discovered Rare Minerals in Alpha-1
[2026-04-15T15:38:48.174Z] Vex (PILOT) discovered Anomalous Planet in Alpha-1
[2026-04-15T16:13:48.225Z] Luna (COMBAT) discovered Unknown Signal in Alpha-1
[2026-04-15T16:23:18.231Z] Jax (SCIENTIST) discovered Derelict Ship in Alpha-1
[2026-04-15T16:28:48.241Z] Jax (SCIENTIST) discovered Space Anomaly in Alpha-1
[2026-04-15T16:35:18.247Z] Aria (MEDIC) discovered Rare Minerals in Alpha-1
[2026-04-15T16:54:48.268Z] Vex (PILOT) discovered Derelict Ship in Alpha-1
[2026-04-15T17:01:48.280Z] Luna (COMBAT) discovered Anomalous Planet in Alpha-1
[2026-04-15T17:09:18.288Z] Jax (SCIENTIST) discovered Rare Minerals in Alpha-1
[2026-04-15T17:24:18.306Z] Jax (SCIENTIST) discovered Space Anomaly in Alpha-1
[2026-04-15T17:40:18.327Z] Vex (PILOT) discovered Nebula Cloud in Alpha-1
[2026-04-15T17:46:48.335Z] Nyx (ENGINEER) discovered Anomalous Planet in Alpha-1
[2026-04-15T17:49:18.341Z] Aria (MEDIC) discovered Derelict Ship in Alpha-1
[2026-04-15T18:15:18.367Z] Vex (PILOT) discovered Unknown Signal in Alpha-1
[2026-04-15T18:15:48.378Z] Luna (COMBAT) discovered Alien Artifact in Alpha-1
[2026-04-15T18:20:48.379Z] Aria (MEDIC) discovered Anomalous Planet in Alpha-1
[2026-04-15T18:26:48.385Z] Aria (MEDIC) discovered Hidden Base in Alpha-1
[2026-04-15T18:33:48.391Z] Aria (MEDIC) discovered Nebula Cloud in Alpha-1
[2026-04-15T18:49:18.417Z] Luna (COMBAT) discovered Space Anomaly in Alpha-1
[2026-04-15T18:55:18.425Z] Aria (MEDIC) discovered Alien Artifact in Alpha-1
[2026-04-15T19:10:18.439Z] Vex (PILOT) discovered Derelict Ship in Alpha-1
[2026-04-15T19:13:18.442Z] Vex (PILOT) discovered Nebula Cloud in Alpha-1
[2026-04-15T19:26:48.464Z] Nyx (ENGINEER) discovered Space Anomaly in Alpha-1
[2026-04-15T19:33:18.469Z] Nyx (ENGINEER) discovered Derelict Ship in Alpha-1
[2026-04-15T19:44:48.483Z] Luna (COMBAT) discovered Nebula Cloud in Alpha-1
[2026-04-15T20:01:18.501Z] Aria (MEDIC) discovered Nebula Cloud in Alpha-1
[2026-04-15T20:30:18.539Z] Nyx (ENGINEER) discovered Anomalous Planet in Alpha-1
[2026-04-15T20:37:48.569Z] Aria (MEDIC) discovered Hidden Base in Alpha-1
[2026-04-15T20:51:18.570Z] Jax (SCIENTIST) discovered Nebula Cloud in Alpha-1
[2026-04-15T21:14:18.601Z] Luna (COMBAT) discovered Derelict Ship in Alpha-1
[2026-04-15T21:21:48.608Z] Nyx (ENGINEER) discovered Space Anomaly in Alpha-1
[2026-04-15T22:16:18.684Z] Luna (COMBAT) discovered Ancient Ruins in Alpha-1
[2026-04-15T22:50:48.735Z] Nyx (ENGINEER) discovered Space Anomaly in Alpha-1
[2026-04-15T22:58:48.748Z] Aria (MEDIC) discovered Ancient Ruins in Alpha-1
[2026-04-15T23:08:48.756Z] Luna (COMBAT) discovered Hidden Base in Alpha-1
[2026-04-15T23:16:18.768Z] Luna (COMBAT) discovered Ancient Ruins in Alpha-1
[2026-04-15T23:20:48.778Z] Aria (MEDIC) discovered Nebula Cloud in Alpha-1
[2026-04-16T00:27:18.862Z] Nyx (ENGINEER) discovered Derelict Ship in Alpha-1
[2026-04-16T00:32:48.865Z] Jax (SCIENTIST) discovered Rare Minerals in Alpha-1
[2026-04-16T00:33:18.867Z] Aria (MEDIC) discovered Unknown Signal in Alpha-1
[2026-04-16T00:33:48.865Z] Vex (PILOT) discovered Anomalous Planet in Alpha-1
[2026-04-16T00:43:18.881Z] Nyx (ENGINEER) discovered Anomalous Planet in Alpha-1
[2026-04-16T01:00:48.903Z] Jax (SCIENTIST) discovered Derelict Ship in Alpha-1
[2026-04-16T01:08:18.918Z] Aria (MEDIC) discovered Rare Minerals in Alpha-1
[2026-04-16T01:18:48.920Z] Vex (PILOT) discovered Nebula Cloud in Alpha-1
[2026-04-16T01:33:18.943Z] Jax (SCIENTIST) discovered Derelict Ship in Alpha-1
[2026-04-16T01:41:48.950Z] Vex (PILOT) discovered Nebula Cloud in Alpha-1
[2026-04-16T01:46:48.962Z] Nyx (ENGINEER) discovered Space Anomaly in Alpha-1
[2026-04-16T01:46:48.967Z] Luna (COMBAT) discovered Rare Minerals in Alpha-1
[2026-04-16T01:49:18.964Z] Nyx (ENGINEER) discovered Hidden Base in Alpha-1
[2026-04-16T01:50:18.964Z] Vex (PILOT) discovered Ancient Ruins in Alpha-1
[2026-04-16T01:52:18.971Z] Aria (MEDIC) discovered Anomalous Planet in Alpha-1
[2026-04-16T02:02:48.980Z] Luna (COMBAT) discovered Unknown Signal in Alpha-1
[2026-04-16T02:03:48.976Z] Jax (SCIENTIST) discovered Space Anomaly in Alpha-1
[2026-04-16T02:16:48.991Z] Vex (PILOT) discovered Alien Artifact in Alpha-1
[2026-04-16T02:21:49.000Z] Aria (MEDIC) discovered Derelict Ship in Alpha-1
[2026-04-16T02:48:19.032Z] Vex (PILOT) discovered Nebula Cloud in Alpha-1
[2026-04-16T02:59:49.052Z] Aria (MEDIC) discovered Unknown Signal in Alpha-1
[2026-04-16T03:05:49.066Z] Aria (MEDIC) discovered Alien Artifact in Alpha-1
[2026-04-16T03:16:49.078Z] Luna (COMBAT) discovered Hidden Base in Alpha-1
[2026-04-16T03:26:19.094Z] Aria (MEDIC) discovered Space Anomaly in Alpha-1
[2026-04-16T03:32:49.090Z] Luna (COMBAT) discovered Alien Artifact in Alpha-1
[2026-04-16T03:56:19.109Z] Nyx (ENGINEER) discovered Space Anomaly in Alpha-1
[2026-04-16T04:02:49.110Z] Jax (SCIENTIST) discovered Derelict Ship in Alpha-1
[2026-04-16T04:07:49.116Z] Luna (COMBAT) discovered Unknown Signal in Alpha-1
[2026-04-16T04:18:49.126Z] Luna (COMBAT) discovered Hidden Base in Alpha-1
[2026-04-16T04:35:19.146Z] Luna (COMBAT) discovered Derelict Ship in Alpha-1
[2026-04-16T04:37:49.148Z] Jax (SCIENTIST) discovered Nebula Cloud in Alpha-1
[2026-04-16T04:43:19.158Z] Luna (COMBAT) discovered Unknown Signal in Alpha-1
[2026-04-16T04:45:49.161Z] Aria (MEDIC) discovered Unknown Signal in Alpha-1
[2026-04-16T04:56:49.169Z] Aria (MEDIC) discovered Rare Minerals in Alpha-1
[2026-04-16T05:03:49.179Z] Luna (COMBAT) discovered Derelict Ship in Alpha-1
[2026-04-16T05:23:19.198Z] Luna (COMBAT) discovered Anomalous Planet in Alpha-1
[2026-04-16T05:53:49.228Z] Nyx (ENGINEER) discovered Rare Minerals in Alpha-1
[2026-04-16T05:59:19.231Z] Luna (COMBAT) discovered Alien Artifact in Alpha-1
[2026-04-16T05:59:49.230Z] Vex (PILOT) discovered Unknown Signal in Alpha-1
[2026-04-16T06:12:19.247Z] Luna (COMBAT) discovered Unknown Signal in Alpha-1
[2026-04-16T06:37:19.276Z] Luna (COMBAT) discovered Nebula Cloud in Alpha-1
[2026-04-16T06:38:19.277Z] Nyx (ENGINEER) discovered Derelict Ship in Alpha-1
[2026-04-16T06:39:49.280Z] Aria (MEDIC) discovered Hidden Base in Alpha-1
[2026-04-16T06:48:19.286Z] Jax (SCIENTIST) discovered Ancient Ruins in Alpha-1
[2026-04-16T07:05:49.311Z] Luna (COMBAT) discovered Ancient Ruins in Alpha-1
[2026-04-16T07:06:49.317Z] Aria (MEDIC) discovered Nebula Cloud in Alpha-1
[2026-04-16T07:14:49.321Z] Luna (COMBAT) discovered Unknown Signal in Alpha-1
[2026-04-16T07:16:19.325Z] Aria (MEDIC) discovered Ancient Ruins in Alpha-1
[2026-04-16T07:25:19.332Z] Jax (SCIENTIST) discovered Derelict Ship in Alpha-1
[2026-04-16T07:47:19.354Z] Vex (PILOT) discovered Ancient Ruins in Alpha-1
[2026-04-16T07:49:49.358Z] Luna (COMBAT) discovered Anomalous Planet in Alpha-1
[2026-04-16T07:50:49.357Z] Nyx (ENGINEER) discovered Nebula Cloud in Alpha-1
[2026-04-16T07:50:49.360Z] Aria (MEDIC) discovered Hidden Base in Alpha-1
[2026-04-16T07:51:49.358Z] Jax (SCIENTIST) discovered Rare Minerals in Alpha-1
[2026-04-16T07:59:19.368Z] Aria (MEDIC) discovered Nebula Cloud in Alpha-1
[2026-04-16T08:04:49.374Z] Jax (SCIENTIST) discovered Hidden Base in Alpha-1
[2026-04-16T08:16:19.387Z] Aria (MEDIC) discovered Derelict Ship in Alpha-1
[2026-04-16T08:23:19.392Z] Jax (SCIENTIST) discovered Ancient Ruins in Alpha-1
[2026-04-16T08:27:19.394Z] Nyx (ENGINEER) discovered Alien Artifact in Alpha-1
[2026-04-16T08:33:49.401Z] Nyx (ENGINEER) discovered Unknown Signal in Alpha-1
[2026-04-16T08:34:49.402Z] Jax (SCIENTIST) discovered Derelict Ship in Alpha-1
[2026-04-16T08:38:19.406Z] Luna (COMBAT) discovered Rare Minerals in Alpha-1
[2026-04-16T08:46:49.413Z] Vex (PILOT) discovered Derelict Ship in Alpha-1
[2026-04-16T09:08:19.443Z] Nyx (ENGINEER) discovered Rare Minerals in Alpha-1
[2026-04-16T09:16:49.447Z] Aria (MEDIC) discovered Anomalous Planet in Alpha-1
[2026-04-16T09:26:19.460Z] Jax (SCIENTIST) discovered Rare Minerals in Alpha-1
[2026-04-16T09:30:49.460Z] Vex (PILOT) discovered Anomalous Planet in Alpha-1
[2026-04-16T09:39:49.472Z] Jax (SCIENTIST) discovered Anomalous Planet in Alpha-1
[2026-04-16T09:41:49.473Z] Jax (SCIENTIST) discovered Derelict Ship in Alpha-1
[2026-04-16T10:04:19.493Z] Nyx (ENGINEER) discovered Space Anomaly in Alpha-1
[2026-04-16T10:18:49.510Z] Aria (MEDIC) discovered Space Anomaly in Alpha-1
[2026-04-16T10:27:49.516Z] Vex (PILOT) discovered Anomalous Planet in Alpha-1
[2026-04-16T10:37:19.526Z] Nyx (ENGINEER) discovered Anomalous Planet in Alpha-1
[2026-04-16T11:16:19.565Z] Luna (COMBAT) discovered Alien Artifact in Alpha-1
[2026-04-16T11:19:19.570Z] Aria (MEDIC) discovered Ancient Ruins in Alpha-1
[2026-04-16T11:35:49.584Z] Nyx (ENGINEER) discovered Hidden Base in Alpha-1
[2026-04-16T12:14:19.631Z] Nyx (ENGINEER) discovered Nebula Cloud in Alpha-1
[2026-04-16T12:22:19.637Z] Aria (MEDIC) discovered Ancient Ruins in Alpha-1
[2026-04-16T12:33:19.657Z] Luna (COMBAT) discovered Derelict Ship in Alpha-1
[2026-04-16T12:50:49.670Z] Luna (COMBAT) discovered Ancient Ruins in Alpha-1
[2026-04-16T12:56:49.672Z] Luna (COMBAT) discovered Nebula Cloud in Alpha-1
[2026-04-16T13:13:19.693Z] Vex (PILOT) discovered Space Anomaly in Alpha-1
[2026-04-16T13:21:49.708Z] Vex (PILOT) discovered Derelict Ship in Alpha-1
[2026-04-16T13:26:49.717Z] Jax (SCIENTIST) discovered Anomalous Planet in Alpha-1
[2026-04-16T13:26:49.719Z] Aria (MEDIC) discovered Hidden Base in Alpha-1
[2026-04-16T13:45:49.737Z] Aria (MEDIC) discovered Alien Artifact in Alpha-1
[2026-04-16T14:13:49.768Z] Nyx (ENGINEER) discovered Hidden Base in Alpha-1
[2026-04-16T14:17:49.771Z] Vex (PILOT) discovered Derelict Ship in Alpha-1
[2026-04-16T14:23:49.782Z] Aria (MEDIC) discovered Derelict Ship in Alpha-1
[2026-04-16T14:50:19.818Z] Nyx (ENGINEER) discovered Hidden Base in Alpha-1
[2026-04-16T15:13:49.850Z] Aria (MEDIC) discovered Anomalous Planet in Alpha-1
[2026-04-16T15:14:49.848Z] Nyx (ENGINEER) discovered Nebula Cloud in Alpha-1
[2026-04-16T15:28:49.864Z] Jax (SCIENTIST) discovered Alien Artifact in Alpha-1
[2026-04-16T15:37:19.879Z] Vex (PILOT) discovered Hidden Base in Alpha-1
[2026-04-16T15:45:19.889Z] Luna (COMBAT) discovered Nebula Cloud in Alpha-1
[2026-04-16T15:47:49.894Z] Jax (SCIENTIST) discovered Rare Minerals in Alpha-1
[2026-04-16T15:51:49.898Z] Luna (COMBAT) discovered Derelict Ship in Alpha-1
[2026-04-16T15:56:19.904Z] Aria (MEDIC) discovered Rare Minerals in Alpha-1
[2026-04-16T16:12:19.966Z] Aria (MEDIC) discovered Hidden Base in Alpha-1
[2026-04-16T16:23:49.976Z] Luna (COMBAT) discovered Rare Minerals in Alpha-1
[2026-04-16T16:47:50.007Z] Luna (COMBAT) discovered Nebula Cloud in Alpha-1
[2026-04-16T16:52:20.011Z] Vex (PILOT) discovered Anomalous Planet in Alpha-1
[2026-04-16T17:00:20.028Z] Luna (COMBAT) discovered Hidden Base in Alpha-1
[2026-04-16T17:14:50.058Z] Luna (COMBAT) discovered Hidden Base in Alpha-1
[2026-04-16T17:30:20.079Z] Jax (SCIENTIST) discovered Unknown Signal in Alpha-1
[2026-04-16T17:37:20.081Z] Luna (COMBAT) discovered Nebula Cloud in Alpha-1
[2026-04-16T17:42:50.091Z] Nyx (ENGINEER) discovered Space Anomaly in Alpha-1
[2026-04-16T17:48:20.097Z] Aria (MEDIC) discovered Hidden Base in Alpha-1
[2026-04-16T17:57:20.108Z] Luna (COMBAT) discovered Derelict Ship in Alpha-1
[2026-04-16T18:04:20.114Z] Vex (PILOT) discovered Derelict Ship in Alpha-1
[2026-04-16T18:11:20.119Z] Vex (PILOT) discovered Nebula Cloud in Alpha-1
[2026-04-16T18:12:50.126Z] Luna (COMBAT) discovered Rare Minerals in Alpha-1
[2026-04-16T18:32:20.150Z] Jax (SCIENTIST) discovered Alien Artifact in Alpha-1
[2026-04-16T18:42:20.155Z] Aria (MEDIC) discovered Alien Artifact in Alpha-1
[2026-04-16T18:52:20.173Z] Jax (SCIENTIST) discovered Anomalous Planet in Alpha-1
[2026-04-16T18:59:20.173Z] Nyx (ENGINEER) discovered Rare Minerals in Alpha-1
[2026-04-16T19:05:20.186Z] Aria (MEDIC) discovered Rare Minerals in Alpha-1
[2026-04-16T19:10:20.196Z] Aria (MEDIC) discovered Nebula Cloud in Alpha-1
[2026-04-16T19:12:20.192Z] Jax (SCIENTIST) discovered Alien Artifact in Alpha-1
[2026-04-16T19:27:20.219Z] Jax (SCIENTIST) discovered Hidden Base in Alpha-1
[2026-04-16T19:45:20.241Z] Nyx (ENGINEER) discovered Alien Artifact in Alpha-1
[2026-04-16T19:49:20.249Z] Aria (MEDIC) discovered Rare Minerals in Alpha-1
[2026-04-16T19:57:50.262Z] Vex (PILOT) discovered Nebula Cloud in Alpha-1
[2026-04-16T19:58:50.262Z] Vex (PILOT) discovered Nebula Cloud in Alpha-1
[2026-04-16T20:03:20.275Z] Luna (COMBAT) discovered Anomalous Planet in Alpha-1
[2026-04-16T20:18:50.289Z] Vex (PILOT) discovered Space Anomaly in Alpha-1
[2026-04-16T20:38:50.330Z] Nyx (ENGINEER) discovered Rare Minerals in Alpha-1
[2026-04-16T20:54:20.355Z] Luna (COMBAT) discovered Space Anomaly in Alpha-1
[2026-04-16T20:59:20.355Z] Luna (COMBAT) discovered Unknown Signal in Alpha-1
[2026-04-16T21:20:50.392Z] Vex (PILOT) discovered Alien Artifact in Alpha-1
[2026-04-16T21:47:20.432Z] Jax (SCIENTIST) discovered Rare Minerals in Alpha-1
[2026-04-16T22:13:20.468Z] Luna (COMBAT) discovered Derelict Ship in Alpha-1
[2026-04-16T22:13:20.471Z] Aria (MEDIC) discovered Nebula Cloud in Alpha-1
[2026-04-16T22:18:20.470Z] Luna (COMBAT) discovered Alien Artifact in Alpha-1
[2026-04-16T22:29:50.484Z] Vex (PILOT) discovered Space Anomaly in Alpha-1
[2026-04-16T22:31:50.491Z] Aria (MEDIC) discovered Anomalous Planet in Alpha-1
[2026-04-16T22:38:50.498Z] Nyx (ENGINEER) discovered Rare Minerals in Alpha-1
[2026-04-16T22:46:50.501Z] Vex (PILOT) discovered Space Anomaly in Alpha-1
[2026-04-16T22:54:50.519Z] Jax (SCIENTIST) discovered Rare Minerals in Alpha-1
[2026-04-16T22:55:20.520Z] Luna (COMBAT) discovered Derelict Ship in Alpha-1
[2026-04-16T23:07:50.536Z] Luna (COMBAT) discovered Ancient Ruins in Alpha-1
[2026-04-16T23:09:50.546Z] Aria (MEDIC) discovered Derelict Ship in Alpha-1
[2026-04-16T23:24:50.551Z] Vex (PILOT) discovered Rare Minerals in Alpha-1
[2026-04-16T23:35:20.560Z] Vex (PILOT) discovered Ancient Ruins in Alpha-1
[2026-04-16T23:37:50.563Z] Nyx (ENGINEER) discovered Alien Artifact in Alpha-1
[2026-04-16T23:56:20.589Z] Nyx (ENGINEER) discovered Anomalous Planet in Alpha-1
[2026-04-17T00:05:50.600Z] Nyx (ENGINEER) discovered Unknown Signal in Alpha-1
[2026-04-17T00:11:20.610Z] Aria (MEDIC) discovered Space Anomaly in Alpha-1
[2026-04-17T00:13:20.610Z] Jax (SCIENTIST) discovered Space Anomaly in Alpha-1
[2026-04-17T00:34:20.634Z] Luna (COMBAT) discovered Space Anomaly in Alpha-1
[2026-04-17T00:39:20.633Z] Nyx (ENGINEER) discovered Alien Artifact in Alpha-1
[2026-04-17T00:53:50.645Z] Nyx (ENGINEER) discovered Nebula Cloud in Alpha-1
[2026-04-17T01:19:20.679Z] Luna (COMBAT) discovered Hidden Base in Alpha-1
[2026-04-17T01:38:20.698Z] Jax (SCIENTIST) discovered Unknown Signal in Alpha-1
[2026-04-17T01:55:50.710Z] Jax (SCIENTIST) discovered Hidden Base in Alpha-1
[2026-04-17T02:02:20.722Z] Aria (MEDIC) discovered Anomalous Planet in Alpha-1
[2026-04-17T02:21:50.749Z] Jax (SCIENTIST) discovered Unknown Signal in Alpha-1
[2026-04-17T02:36:20.768Z] Vex (PILOT) discovered Hidden Base in Alpha-1
[2026-04-17T02:40:20.774Z] Jax (SCIENTIST) discovered Rare Minerals in Alpha-1
[2026-04-17T02:50:20.788Z] Jax (SCIENTIST) discovered Rare Minerals in Alpha-1
[2026-04-17T03:11:20.811Z] Nyx (ENGINEER) discovered Unknown Signal in Alpha-1
[2026-04-17T03:15:50.819Z] Nyx (ENGINEER) discovered Anomalous Planet in Alpha-1
[2026-04-17T03:20:50.820Z] Vex (PILOT) discovered Hidden Base in Alpha-1
[2026-04-17T03:21:50.822Z] Nyx (ENGINEER) discovered Rare Minerals in Alpha-1
[2026-04-17T03:36:20.837Z] Jax (SCIENTIST) discovered Rare Minerals in Alpha-1
[2026-04-17T03:36:50.836Z] Luna (COMBAT) discovered Ancient Ruins in Alpha-1
[2026-04-17T03:58:50.860Z] Nyx (ENGINEER) discovered Ancient Ruins in Alpha-1
[2026-04-17T04:10:50.869Z] Nyx (ENGINEER) discovered Anomalous Planet in Alpha-1
[2026-04-17T04:21:50.884Z] Vex (PILOT) discovered Unknown Signal in Alpha-1
[2026-04-17T04:21:50.886Z] Nyx (ENGINEER) discovered Space Anomaly in Alpha-1
[2026-04-17T04:28:50.897Z] Aria (MEDIC) discovered Space Anomaly in Alpha-1
[2026-04-17T04:35:20.900Z] Vex (PILOT) discovered Nebula Cloud in Alpha-1
[2026-04-17T04:42:20.908Z] Nyx (ENGINEER) discovered Ancient Ruins in Alpha-1
[2026-04-17T04:43:50.909Z] Nyx (ENGINEER) discovered Unknown Signal in Alpha-1
[2026-04-17T05:06:50.929Z] Nyx (ENGINEER) discovered Anomalous Planet in Alpha-1
[2026-04-17T05:20:50.948Z] Nyx (ENGINEER) discovered Anomalous Planet in Alpha-1
[2026-04-17T05:21:50.956Z] Luna (COMBAT) discovered Alien Artifact in Alpha-1
[2026-04-17T05:38:50.976Z] Aria (MEDIC) discovered Derelict Ship in Alpha-1
[2026-04-17T05:44:20.980Z] Jax (SCIENTIST) discovered Space Anomaly in Alpha-1
[2026-04-17T06:13:21.016Z] Nyx (ENGINEER) discovered Derelict Ship in Alpha-1
[2026-04-17T06:31:21.045Z] Nyx (ENGINEER) discovered Alien Artifact in Alpha-1
[2026-04-17T06:34:21.052Z] Vex (PILOT) discovered Anomalous Planet in Alpha-1
[2026-04-17T06:45:21.074Z] Jax (SCIENTIST) discovered Rare Minerals in Alpha-1
[2026-04-17T06:56:51.086Z] Jax (SCIENTIST) discovered Hidden Base in Alpha-1
[2026-04-17T07:02:21.095Z] Luna (COMBAT) discovered Space Anomaly in Alpha-1
[2026-04-17T07:07:51.099Z] Nyx (ENGINEER) discovered Rare Minerals in Alpha-1
[2026-04-17T07:20:21.126Z] Jax (SCIENTIST) discovered Alien Artifact in Alpha-1
[2026-04-17T07:24:51.124Z] Jax (SCIENTIST) discovered Space Anomaly in Alpha-1
[2026-04-17T07:30:51.129Z] Vex (PILOT) discovered Hidden Base in Alpha-1
[2026-04-17T07:38:21.140Z] Vex (PILOT) discovered Ancient Ruins in Alpha-1
[2026-04-17T07:48:21.156Z] Luna (COMBAT) discovered Space Anomaly in Alpha-1
[2026-04-17T08:12:21.184Z] Aria (MEDIC) discovered Space Anomaly in Alpha-1
[2026-04-17T08:31:51.202Z] Aria (MEDIC) discovered Alien Artifact in Alpha-1
[2026-04-17T08:32:21.201Z] Nyx (ENGINEER) discovered Unknown Signal in Alpha-1
[2026-04-17T08:54:51.222Z] Aria (MEDIC) discovered Nebula Cloud in Alpha-1
[2026-04-17T09:11:21.238Z] Jax (SCIENTIST) discovered Ancient Ruins in Alpha-1
[2026-04-17T09:15:51.241Z] Vex (PILOT) discovered Ancient Ruins in Alpha-1
[2026-04-17T09:17:21.245Z] Jax (SCIENTIST) discovered Hidden Base in Alpha-1
[2026-04-17T09:28:21.252Z] Vex (PILOT) discovered Derelict Ship in Alpha-1
[2026-04-17T10:06:21.304Z] Nyx (ENGINEER) discovered Unknown Signal in Alpha-1
[2026-04-17T10:17:51.316Z] Vex (PILOT) discovered Anomalous Planet in Alpha-1
[2026-04-17T10:32:21.335Z] Nyx (ENGINEER) discovered Rare Minerals in Alpha-1
[2026-04-17T10:32:51.339Z] Aria (MEDIC) discovered Rare Minerals in Alpha-1
[2026-04-17T10:35:51.338Z] Aria (MEDIC) discovered Nebula Cloud in Alpha-1
[2026-04-17T10:37:21.340Z] Jax (SCIENTIST) discovered Unknown Signal in Alpha-1
[2026-04-17T11:20:21.385Z] Vex (PILOT) discovered Derelict Ship in Alpha-1
[2026-04-17T11:29:51.399Z] Jax (SCIENTIST) discovered Anomalous Planet in Alpha-1
[2026-04-17T11:35:21.410Z] Aria (MEDIC) discovered Rare Minerals in Alpha-1
[2026-04-17T11:38:51.415Z] Aria (MEDIC) discovered Derelict Ship in Alpha-1
[2026-04-17T11:40:21.414Z] Nyx (ENGINEER) discovered Nebula Cloud in Alpha-1
[2026-04-17T11:42:51.419Z] Luna (COMBAT) discovered Rare Minerals in Alpha-1
[2026-04-17T11:45:21.421Z] Aria (MEDIC) discovered Hidden Base in Alpha-1
[2026-04-17T11:58:21.435Z] Luna (COMBAT) discovered Unknown Signal in Alpha-1
[2026-04-17T12:02:21.443Z] Aria (MEDIC) discovered Hidden Base in Alpha-1
[2026-04-17T12:08:51.446Z] Aria (MEDIC) discovered Anomalous Planet in Alpha-1
[2026-04-17T14:06:51.582Z] Vex (PILOT) discovered Ancient Ruins in Alpha-1
[2026-04-17T14:17:21.594Z] Aria (MEDIC) discovered Rare Minerals in Alpha-1
[2026-04-17T14:38:51.623Z] Jax (SCIENTIST) discovered Alien Artifact in Alpha-1
[2026-04-17T14:56:21.642Z] Luna (COMBAT) discovered Hidden Base in Alpha-1
[2026-04-17T15:36:21.678Z] Nyx (ENGINEER) discovered Unknown Signal in Alpha-1
[2026-04-17T15:48:21.695Z] Aria (MEDIC) discovered Hidden Base in Alpha-1
[2026-04-17T15:55:51.699Z] Jax (SCIENTIST) discovered Hidden Base in Alpha-1
[2026-04-17T16:23:51.733Z] Jax (SCIENTIST) discovered Nebula Cloud in Alpha-1
[2026-04-17T16:43:21.771Z] Jax (SCIENTIST) discovered Anomalous Planet in Alpha-1
[2026-04-17T17:01:51.802Z] Jax (SCIENTIST) discovered Nebula Cloud in Alpha-1
[2026-04-17T17:07:21.810Z] Aria (MEDIC) discovered Rare Minerals in Alpha-1
[2026-04-17T17:13:21.830Z] Luna (COMBAT) discovered Space Anomaly in Alpha-1
[2026-04-17T17:17:51.828Z] Luna (COMBAT) discovered Alien Artifact in Alpha-1
[2026-04-17T17:20:51.829Z] Vex (PILOT) discovered Rare Minerals in Alpha-1
[2026-04-17T17:25:21.840Z] Jax (SCIENTIST) discovered Alien Artifact in Alpha-1
[2026-04-17T17:38:21.847Z] Vex (PILOT) discovered Space Anomaly in Alpha-1
[2026-04-17T17:46:21.864Z] Jax (SCIENTIST) discovered Alien Artifact in Alpha-1
[2026-04-17T17:53:51.873Z] Jax (SCIENTIST) discovered Hidden Base in Alpha-1
[2026-04-17T18:19:21.901Z] Vex (PILOT) discovered Derelict Ship in Alpha-1
[2026-04-17T18:24:21.904Z] Aria (MEDIC) discovered Alien Artifact in Alpha-1
[2026-04-17T18:36:21.921Z] Vex (PILOT) discovered Rare Minerals in Alpha-1
[2026-04-17T18:40:51.928Z] Luna (COMBAT) discovered Nebula Cloud in Alpha-1
[2026-04-17T18:41:51.938Z] Luna (COMBAT) discovered Alien Artifact in Alpha-1
[2026-04-17T18:47:21.939Z] Aria (MEDIC) discovered Anomalous Planet in Alpha-1
[2026-04-17T18:57:51.951Z] Aria (MEDIC) discovered Hidden Base in Alpha-1
[2026-04-17T19:20:21.977Z] Vex (PILOT) discovered Ancient Ruins in Alpha-1
[2026-04-17T19:26:21.989Z] Jax (SCIENTIST) discovered Nebula Cloud in Alpha-1
[2026-04-17T19:26:51.981Z] Nyx (ENGINEER) discovered Space Anomaly in Alpha-1
[2026-04-17T19:35:51.992Z] Vex (PILOT) discovered Anomalous Planet in Alpha-1
[2026-04-17T19:40:21.995Z] Vex (PILOT) discovered Hidden Base in Alpha-1
[2026-04-17T19:50:52.014Z] Jax (SCIENTIST) discovered Unknown Signal in Alpha-1
[2026-04-17T19:52:52.015Z] Jax (SCIENTIST) discovered Unknown Signal in Alpha-1
[2026-04-17T20:13:22.049Z] Aria (MEDIC) discovered Hidden Base in Alpha-1
[2026-04-17T20:19:52.050Z] Vex (PILOT) discovered Nebula Cloud in Alpha-1
[2026-04-17T20:22:22.070Z] Nyx (ENGINEER) discovered Unknown Signal in Alpha-1
[2026-04-17T20:44:22.098Z] Nyx (ENGINEER) discovered Unknown Signal in Alpha-1
[2026-04-17T21:05:22.125Z] Aria (MEDIC) discovered Anomalous Planet in Alpha-1
[2026-04-17T21:07:22.133Z] Vex (PILOT) discovered Anomalous Planet in Alpha-1
[2026-04-17T21:36:22.159Z] Jax (SCIENTIST) discovered Unknown Signal in Alpha-1
[2026-04-17T22:16:22.206Z] Vex (PILOT) discovered Anomalous Planet in Alpha-1
[2026-04-17T22:21:22.216Z] Aria (MEDIC) discovered Space Anomaly in Alpha-1
[2026-04-17T22:32:52.224Z] Nyx (ENGINEER) discovered Ancient Ruins in Alpha-1
[2026-04-17T22:49:22.245Z] Nyx (ENGINEER) discovered Nebula Cloud in Alpha-1
[2026-04-17T23:15:22.278Z] Vex (PILOT) discovered Ancient Ruins in Alpha-1
[2026-04-17T23:29:52.293Z] Jax (SCIENTIST) discovered Anomalous Planet in Alpha-1
[2026-04-17T23:33:52.297Z] Aria (MEDIC) discovered Nebula Cloud in Alpha-1
[2026-04-17T23:41:52.305Z] Jax (SCIENTIST) discovered Rare Minerals in Alpha-1
[2026-04-18T00:01:22.343Z] Aria (MEDIC) discovered Space Anomaly in Alpha-1
[2026-04-18T00:03:22.341Z] Luna (COMBAT) discovered Rare Minerals in Alpha-1
[2026-04-18T00:04:22.343Z] Aria (MEDIC) discovered Ancient Ruins in Alpha-1
[2026-04-18T00:09:22.346Z] Jax (SCIENTIST) discovered Unknown Signal in Alpha-1
[2026-04-18T00:18:52.360Z] Jax (SCIENTIST) discovered Hidden Base in Alpha-1
[2026-04-18T00:35:52.378Z] Vex (PILOT) discovered Hidden Base in Alpha-1
[2026-04-18T00:37:22.382Z] Aria (MEDIC) discovered Hidden Base in Alpha-1
[2026-04-18T01:01:22.409Z] Luna (COMBAT) discovered Rare Minerals in Alpha-1
[2026-04-18T01:25:52.440Z] Luna (COMBAT) discovered Anomalous Planet in Alpha-1
[2026-04-18T01:42:22.462Z] Aria (MEDIC) discovered Unknown Signal in Alpha-1
[2026-04-18T01:49:22.469Z] Luna (COMBAT) discovered Anomalous Planet in Alpha-1
[2026-04-18T02:04:52.496Z] Jax (SCIENTIST) discovered Rare Minerals in Alpha-1
[2026-04-18T02:12:22.502Z] Nyx (ENGINEER) discovered Alien Artifact in Alpha-1
[2026-04-18T02:20:52.515Z] Luna (COMBAT) discovered Rare Minerals in Alpha-1
[2026-04-18T02:21:52.515Z] Aria (MEDIC) discovered Anomalous Planet in Alpha-1
[2026-04-18T02:39:52.538Z] Jax (SCIENTIST) discovered Space Anomaly in Alpha-1
[2026-04-18T02:55:22.557Z] Luna (COMBAT) discovered Alien Artifact in Alpha-1
[2026-04-18T03:04:22.572Z] Aria (MEDIC) discovered Ancient Ruins in Alpha-1
[2026-04-18T03:06:52.575Z] Aria (MEDIC) discovered Ancient Ruins in Alpha-1
[2026-04-18T03:16:22.583Z] Jax (SCIENTIST) discovered Unknown Signal in Alpha-1
[2026-04-18T03:26:52.597Z] Luna (COMBAT) discovered Unknown Signal in Alpha-1
[2026-04-18T03:27:52.591Z] Vex (PILOT) discovered Nebula Cloud in Alpha-1
[2026-04-18T04:13:52.652Z] Vex (PILOT) discovered Nebula Cloud in Alpha-1
[2026-04-18T04:14:52.656Z] Jax (SCIENTIST) discovered Rare Minerals in Alpha-1
[2026-04-18T04:15:52.658Z] Vex (PILOT) discovered Rare Minerals in Alpha-1
[2026-04-18T04:21:22.669Z] Aria (MEDIC) discovered Unknown Signal in Alpha-1
[2026-04-18T05:18:22.750Z] Aria (MEDIC) discovered Unknown Signal in Alpha-1
[2026-04-18T05:20:52.751Z] Luna (COMBAT) discovered Space Anomaly in Alpha-1
[2026-04-18T05:37:22.770Z] Vex (PILOT) discovered Space Anomaly in Alpha-1
[2026-04-18T05:48:22.783Z] Nyx (ENGINEER) discovered Hidden Base in Alpha-1
[2026-04-18T05:57:52.793Z] Luna (COMBAT) discovered Nebula Cloud in Alpha-1
[2026-04-18T06:26:22.825Z] Vex (PILOT) discovered Nebula Cloud in Alpha-1
[2026-04-18T06:31:22.828Z] Nyx (ENGINEER) discovered Ancient Ruins in Alpha-1
[2026-04-18T06:40:22.838Z] Vex (PILOT) discovered Unknown Signal in Alpha-1
[2026-04-18T06:44:52.843Z] Jax (SCIENTIST) discovered Anomalous Planet in Alpha-1
[2026-04-18T06:47:22.847Z] Aria (MEDIC) discovered Ancient Ruins in Alpha-1
[2026-04-18T07:06:22.873Z] Nyx (ENGINEER) discovered Anomalous Planet in Alpha-1
[2026-04-18T07:16:22.879Z] Vex (PILOT) discovered Anomalous Planet in Alpha-1
[2026-04-18T07:33:52.905Z] Vex (PILOT) discovered Derelict Ship in Alpha-1
[2026-04-18T07:36:52.910Z] Nyx (ENGINEER) discovered Rare Minerals in Alpha-1
[2026-04-18T08:01:52.932Z] Nyx (ENGINEER) discovered Hidden Base in Alpha-1
[2026-04-18T08:20:22.950Z] Jax (SCIENTIST) discovered Ancient Ruins in Alpha-1
[2026-04-18T08:20:52.952Z] Luna (COMBAT) discovered Nebula Cloud in Alpha-1
[2026-04-18T08:26:22.962Z] Vex (PILOT) discovered Nebula Cloud in Alpha-1
[2026-04-18T08:41:52.978Z] Vex (PILOT) discovered Anomalous Planet in Alpha-1
[2026-04-18T08:42:22.979Z] Vex (PILOT) discovered Ancient Ruins in Alpha-1
[2026-04-18T09:00:53.005Z] Jax (SCIENTIST) discovered Alien Artifact in Alpha-1
[2026-04-18T09:06:23.014Z] Luna (COMBAT) discovered Alien Artifact in Alpha-1
[2026-04-18T09:36:53.045Z] Jax (SCIENTIST) discovered Rare Minerals in Alpha-1
[2026-04-18T09:39:23.049Z] Aria (MEDIC) discovered Ancient Ruins in Alpha-1
[2026-04-18T09:56:53.066Z] Nyx (ENGINEER) discovered Anomalous Planet in Alpha-1
[2026-04-18T10:27:23.114Z] Jax (SCIENTIST) discovered Hidden Base in Alpha-1
[2026-04-18T10:27:23.116Z] Aria (MEDIC) discovered Nebula Cloud in Alpha-1
[2026-04-18T10:31:23.116Z] Vex (PILOT) discovered Ancient Ruins in Alpha-1
[2026-04-18T10:46:53.141Z] Jax (SCIENTIST) discovered Rare Minerals in Alpha-1
[2026-04-18T10:55:23.154Z] Aria (MEDIC) discovered Derelict Ship in Alpha-1
[2026-04-18T11:16:53.180Z] Jax (SCIENTIST) discovered Unknown Signal in Alpha-1
[2026-04-18T11:22:53.184Z] Nyx (ENGINEER) discovered Space Anomaly in Alpha-1
[2026-04-18T11:26:53.198Z] Luna (COMBAT) discovered Nebula Cloud in Alpha-1
[2026-04-18T11:29:23.198Z] Vex (PILOT) discovered Hidden Base in Alpha-1
[2026-04-18T11:52:53.228Z] Aria (MEDIC) discovered Unknown Signal in Alpha-1
[2026-04-18T12:01:53.236Z] Vex (PILOT) discovered Nebula Cloud in Alpha-1
[2026-04-18T12:08:53.245Z] Aria (MEDIC) discovered Derelict Ship in Alpha-1
[2026-04-18T12:45:53.279Z] Nyx (ENGINEER) discovered Rare Minerals in Alpha-1
[2026-04-18T12:48:53.285Z] Nyx (ENGINEER) discovered Hidden Base in Alpha-1
[2026-04-18T12:50:23.289Z] Nyx (ENGINEER) discovered Hidden Base in Alpha-1
[2026-04-18T12:55:23.295Z] Nyx (ENGINEER) discovered Anomalous Planet in Alpha-1
[2026-04-18T12:55:53.293Z] Vex (PILOT) discovered Rare Minerals in Alpha-1
[2026-04-18T13:02:23.297Z] Vex (PILOT) discovered Derelict Ship in Alpha-1
[2026-04-18T13:08:53.308Z] Nyx (ENGINEER) discovered Unknown Signal in Alpha-1
[2026-04-18T13:26:53.324Z] Vex (PILOT) discovered Anomalous Planet in Alpha-1
[2026-04-18T13:31:23.327Z] Nyx (ENGINEER) discovered Hidden Base in Alpha-1
[2026-04-18T13:38:53.338Z] Luna (COMBAT) discovered Nebula Cloud in Alpha-1
[2026-04-18T13:44:53.341Z] Nyx (ENGINEER) discovered Ancient Ruins in Alpha-1
[2026-04-18T13:46:23.342Z] Nyx (ENGINEER) discovered Ancient Ruins in Alpha-1
[2026-04-18T14:01:53.360Z] Vex (PILOT) discovered Space Anomaly in Alpha-1
[2026-04-18T14:17:53.387Z] Jax (SCIENTIST) discovered Space Anomaly in Alpha-1
[2026-04-18T15:07:53.448Z] Luna (COMBAT) discovered Alien Artifact in Alpha-1
[2026-04-18T15:08:53.449Z] Jax (SCIENTIST) discovered Rare Minerals in Alpha-1
[2026-04-18T15:30:53.473Z] Jax (SCIENTIST) discovered Nebula Cloud in Alpha-1
[2026-04-18T15:49:23.492Z] Luna (COMBAT) discovered Hidden Base in Alpha-1
[2026-04-18T15:55:53.498Z] Luna (COMBAT) discovered Unknown Signal in Alpha-1
[2026-04-18T16:03:23.504Z] Vex (PILOT) discovered Ancient Ruins in Alpha-1
[2026-04-18T16:07:23.514Z] Vex (PILOT) discovered Ancient Ruins in Alpha-1
[2026-04-18T16:19:53.524Z] Vex (PILOT) discovered Space Anomaly in Alpha-1
[2026-04-18T16:22:53.529Z] Vex (PILOT) discovered Derelict Ship in Alpha-1
[2026-04-18T16:28:53.531Z] Vex (PILOT) discovered Rare Minerals in Alpha-1
[2026-04-18T16:31:53.540Z] Aria (MEDIC) discovered Nebula Cloud in Alpha-1
[2026-04-18T16:38:23.549Z] Aria (MEDIC) discovered Hidden Base in Alpha-1
[2026-04-18T16:48:23.556Z] Jax (SCIENTIST) discovered Anomalous Planet in Alpha-1
[2026-04-18T16:54:53.564Z] Vex (PILOT) discovered Hidden Base in Alpha-1
[2026-04-18T17:06:53.580Z] Vex (PILOT) discovered Ancient Ruins in Alpha-1
[2026-04-18T17:15:53.590Z] Jax (SCIENTIST) discovered Derelict Ship in Alpha-1
[2026-04-18T17:23:53.603Z] Jax (SCIENTIST) discovered Hidden Base in Alpha-1
[2026-04-18T17:32:23.615Z] Aria (MEDIC) discovered Ancient Ruins in Alpha-1
[2026-04-18T17:34:23.613Z] Jax (SCIENTIST) discovered Alien Artifact in Alpha-1
[2026-04-18T17:34:53.618Z] Aria (MEDIC) discovered Space Anomaly in Alpha-1
[2026-04-18T17:50:23.646Z] Aria (MEDIC) discovered Derelict Ship in Alpha-1
[2026-04-18T18:01:23.663Z] Nyx (ENGINEER) discovered Space Anomaly in Alpha-1
[2026-04-18T18:11:53.679Z] Luna (COMBAT) discovered Anomalous Planet in Alpha-1
[2026-04-18T18:34:23.701Z] Nyx (ENGINEER) discovered Alien Artifact in Alpha-1
[2026-04-18T18:49:53.722Z] Vex (PILOT) discovered Hidden Base in Alpha-1
[2026-04-18T19:16:23.764Z] Jax (SCIENTIST) discovered Nebula Cloud in Alpha-1
[2026-04-18T19:17:23.759Z] Vex (PILOT) discovered Derelict Ship in Alpha-1
[2026-04-18T19:26:53.775Z] Aria (MEDIC) discovered Anomalous Planet in Alpha-1
[2026-04-18T19:33:23.778Z] Vex (PILOT) discovered Nebula Cloud in Alpha-1
[2026-04-18T19:36:53.783Z] Vex (PILOT) discovered Rare Minerals in Alpha-1
[2026-04-18T19:38:23.792Z] Aria (MEDIC) discovered Alien Artifact in Alpha-1
[2026-04-18T19:48:23.802Z] Jax (SCIENTIST) discovered Rare Minerals in Alpha-1
[2026-04-18T19:55:23.814Z] Nyx (ENGINEER) discovered Alien Artifact in Alpha-1
[2026-04-18T19:57:23.815Z] Vex (PILOT) discovered Unknown Signal in Alpha-1
[2026-04-18T20:10:23.831Z] Jax (SCIENTIST) discovered Hidden Base in Alpha-1
[2026-04-18T20:33:53.855Z] Luna (COMBAT) discovered Unknown Signal in Alpha-1
[2026-04-18T20:34:23.858Z] Luna (COMBAT) discovered Alien Artifact in Alpha-1
[2026-04-18T20:50:53.874Z] Nyx (ENGINEER) discovered Space Anomaly in Alpha-1
[2026-04-18T20:57:23.885Z] Aria (MEDIC) discovered Ancient Ruins in Alpha-1
[2026-04-18T21:11:53.902Z] Aria (MEDIC) discovered Space Anomaly in Alpha-1
[2026-04-18T21:16:53.905Z] Jax (SCIENTIST) discovered Derelict Ship in Alpha-1
[2026-04-18T21:17:53.904Z] Nyx (ENGINEER) discovered Rare Minerals in Alpha-1
[2026-04-18T21:18:23.907Z] Aria (MEDIC) discovered Rare Minerals in Alpha-1
[2026-04-18T21:23:23.914Z] Vex (PILOT) discovered Nebula Cloud in Alpha-1
[2026-04-18T21:25:23.922Z] Luna (COMBAT) discovered Alien Artifact in Alpha-1
[2026-04-18T21:39:23.934Z] Vex (PILOT) discovered Alien Artifact in Alpha-1
[2026-04-18T21:59:23.970Z] Jax (SCIENTIST) discovered Derelict Ship in Alpha-1
[2026-04-18T22:18:23.990Z] Vex (PILOT) discovered Ancient Ruins in Alpha-1
[2026-04-18T22:29:54.008Z] Luna (COMBAT) discovered Unknown Signal in Alpha-1
[2026-04-18T22:36:54.013Z] Vex (PILOT) discovered Derelict Ship in Alpha-1
[2026-04-18T22:46:24.027Z] Jax (SCIENTIST) discovered Alien Artifact in Alpha-1
[2026-04-18T22:51:54.035Z] Jax (SCIENTIST) discovered Ancient Ruins in Alpha-1
[2026-04-18T23:00:24.050Z] Luna (COMBAT) discovered Ancient Ruins in Alpha-1
[2026-04-18T23:03:24.049Z] Nyx (ENGINEER) discovered Unknown Signal in Alpha-1
[2026-04-18T23:16:24.066Z] Luna (COMBAT) discovered Alien Artifact in Alpha-1
[2026-04-18T23:17:54.062Z] Nyx (ENGINEER) discovered Derelict Ship in Alpha-1
[2026-04-18T23:20:54.066Z] Jax (SCIENTIST) discovered Hidden Base in Alpha-1
[2026-04-18T23:21:24.068Z] Aria (MEDIC) discovered Nebula Cloud in Alpha-1
[2026-04-18T23:29:24.077Z] Luna (COMBAT) discovered Rare Minerals in Alpha-1
[2026-04-18T23:32:54.083Z] Aria (MEDIC) discovered Unknown Signal in Alpha-1
[2026-04-18T23:55:54.103Z] Jax (SCIENTIST) discovered Space Anomaly in Alpha-1
[2026-04-19T00:29:54.172Z] Luna (COMBAT) discovered Derelict Ship in Alpha-1
[2026-04-19T01:05:54.204Z] Aria (MEDIC) discovered Unknown Signal in Alpha-1
[2026-04-19T01:20:44.259Z] Vex (PILOT) discovered Derelict Ship in Alpha-1
[2026-04-19T01:22:14.271Z] Aria (MEDIC) discovered Nebula Cloud in Alpha-1
[2026-04-19T01:41:14.277Z] Jax (SCIENTIST) discovered Alien Artifact in Alpha-1
[2026-04-19T01:56:44.292Z] Nyx (ENGINEER) discovered Anomalous Planet in Alpha-1
[2026-04-19T01:58:44.296Z] Aria (MEDIC) discovered Nebula Cloud in Alpha-1
[2026-04-19T02:00:44.299Z] Vex (PILOT) discovered Hidden Base in Alpha-1
[2026-04-19T02:07:44.322Z] Jax (SCIENTIST) discovered Anomalous Planet in Alpha-1
[2026-04-19T02:30:14.354Z] Nyx (ENGINEER) discovered Unknown Signal in Alpha-1
[2026-04-19T02:35:14.360Z] Vex (PILOT) discovered Alien Artifact in Alpha-1
[2026-04-19T02:42:14.376Z] Aria (MEDIC) discovered Space Anomaly in Alpha-1
[2026-04-19T02:48:44.378Z] Jax (SCIENTIST) discovered Nebula Cloud in Alpha-1
[2026-04-19T02:51:14.381Z] Luna (COMBAT) discovered Ancient Ruins in Alpha-1
[2026-04-19T02:51:44.386Z] Aria (MEDIC) discovered Space Anomaly in Alpha-1
[2026-04-19T04:00:44.472Z] Nyx (ENGINEER) discovered Hidden Base in Alpha-1
[2026-04-19T04:21:44.492Z] Jax (SCIENTIST) discovered Anomalous Planet in Alpha-1
[2026-04-19T04:22:14.492Z] Nyx (ENGINEER) discovered Ancient Ruins in Alpha-1
[2026-04-19T04:32:14.503Z] Luna (COMBAT) discovered Rare Minerals in Alpha-1
[2026-04-19T04:32:44.506Z] Luna (COMBAT) discovered Alien Artifact in Alpha-1
[2026-04-19T04:36:44.510Z] Nyx (ENGINEER) discovered Nebula Cloud in Alpha-1
[2026-04-19T04:40:14.523Z] Aria (MEDIC) discovered Derelict Ship in Alpha-1
[2026-04-19T04:45:44.521Z] Jax (SCIENTIST) discovered Space Anomaly in Alpha-1
[2026-04-19T04:48:44.526Z] Luna (COMBAT) discovered Anomalous Planet in Alpha-1
[2026-04-19T05:04:44.540Z] Nyx (ENGINEER) discovered Alien Artifact in Alpha-1
[2026-04-19T05:09:14.550Z] Luna (COMBAT) discovered Derelict Ship in Alpha-1
[2026-04-19T05:29:44.574Z] Aria (MEDIC) discovered Anomalous Planet in Alpha-1
[2026-04-19T05:35:14.581Z] Jax (SCIENTIST) discovered Derelict Ship in Alpha-1
[2026-04-19T06:15:44.638Z] Nyx (ENGINEER) discovered Alien Artifact in Alpha-1
[2026-04-19T06:27:14.652Z] Luna (COMBAT) discovered Space Anomaly in Alpha-1
[2026-04-19T06:33:14.664Z] Aria (MEDIC) discovered Unknown Signal in Alpha-1
[2026-04-19T06:35:14.660Z] Nyx (ENGINEER) discovered Hidden Base in Alpha-1
[2026-04-19T06:43:14.673Z] Aria (MEDIC) discovered Hidden Base in Alpha-1
[2026-04-19T06:50:14.684Z] Luna (COMBAT) discovered Nebula Cloud in Alpha-1
[2026-04-19T06:53:44.688Z] Aria (MEDIC) discovered Hidden Base in Alpha-1
[2026-04-19T07:04:14.700Z] Jax (SCIENTIST) discovered Nebula Cloud in Alpha-1
[2026-04-19T07:15:14.711Z] Aria (MEDIC) discovered Rare Minerals in Alpha-1
[2026-04-19T07:17:14.712Z] Vex (PILOT) discovered Rare Minerals in Alpha-1
[2026-04-19T07:33:44.736Z] Luna (COMBAT) discovered Space Anomaly in Alpha-1
[2026-04-19T07:49:14.759Z] Aria (MEDIC) discovered Anomalous Planet in Alpha-1
[2026-04-19T08:06:14.777Z] Nyx (ENGINEER) discovered Space Anomaly in Alpha-1
[2026-04-19T08:11:44.783Z] Jax (SCIENTIST) discovered Derelict Ship in Alpha-1
[2026-04-19T08:14:14.786Z] Vex (PILOT) discovered Unknown Signal in Alpha-1
[2026-04-19T08:26:14.800Z] Jax (SCIENTIST) discovered Hidden Base in Alpha-1
[2026-04-19T08:47:14.824Z] Luna (COMBAT) discovered Rare Minerals in Alpha-1
[2026-04-19T08:47:14.828Z] Aria (MEDIC) discovered Anomalous Planet in Alpha-1
[2026-04-19T09:18:44.873Z] Luna (COMBAT) discovered Nebula Cloud in Alpha-1
[2026-04-19T09:26:44.885Z] Nyx (ENGINEER) discovered Space Anomaly in Alpha-1
[2026-04-19T10:26:44.979Z] Luna (COMBAT) discovered Rare Minerals in Alpha-1
[2026-04-19T10:40:14.986Z] Jax (SCIENTIST) discovered Hidden Base in Alpha-1
[2026-04-19T10:44:44.990Z] Luna (COMBAT) discovered Hidden Base in Alpha-1
[2026-04-19T11:00:45.004Z] Vex (PILOT) discovered Space Anomaly in Alpha-1
[2026-04-19T11:14:45.025Z] Luna (COMBAT) discovered Nebula Cloud in Alpha-1
[2026-04-19T11:15:45.023Z] Jax (SCIENTIST) discovered Alien Artifact in Alpha-1
[2026-04-19T11:32:15.052Z] Aria (MEDIC) discovered Derelict Ship in Alpha-1
[2026-04-19T11:34:15.055Z] Aria (MEDIC) discovered Anomalous Planet in Alpha-1
[2026-04-19T11:41:15.061Z] Luna (COMBAT) discovered Derelict Ship in Alpha-1
[2026-04-19T11:56:15.076Z] Aria (MEDIC) discovered Derelict Ship in Alpha-1
[2026-04-19T11:58:45.077Z] Luna (COMBAT) discovered Hidden Base in Alpha-1
[2026-04-19T12:00:15.081Z] Jax (SCIENTIST) discovered Rare Minerals in Alpha-1
[2026-04-19T12:04:15.086Z] Aria (MEDIC) discovered Space Anomaly in Alpha-1
[2026-04-19T12:07:15.090Z] Luna (COMBAT) discovered Anomalous Planet in Alpha-1
[2026-04-19T12:15:15.101Z] Luna (COMBAT) discovered Anomalous Planet in Alpha-1
[2026-04-19T12:30:45.129Z] Aria (MEDIC) discovered Derelict Ship in Alpha-1
[2026-04-19T12:44:15.140Z] Vex (PILOT) discovered Unknown Signal in Alpha-1
[2026-04-19T12:55:45.154Z] Vex (PILOT) discovered Hidden Base in Alpha-1
[2026-04-19T12:59:45.158Z] Nyx (ENGINEER) discovered Anomalous Planet in Alpha-1
[2026-04-19T13:05:15.165Z] Vex (PILOT) discovered Nebula Cloud in Alpha-1
[2026-04-19T13:07:15.173Z] Nyx (ENGINEER) discovered Ancient Ruins in Alpha-1
[2026-04-19T13:17:45.181Z] Nyx (ENGINEER) discovered Anomalous Planet in Alpha-1
[2026-04-19T13:23:45.189Z] Vex (PILOT) discovered Hidden Base in Alpha-1
[2026-04-19T13:47:15.215Z] Vex (PILOT) discovered Nebula Cloud in Alpha-1
[2026-04-19T13:48:15.219Z] Jax (SCIENTIST) discovered Nebula Cloud in Alpha-1
[2026-04-19T13:51:45.218Z] Jax (SCIENTIST) discovered Rare Minerals in Alpha-1
[2026-04-19T14:17:45.251Z] Luna (COMBAT) discovered Derelict Ship in Alpha-1
[2026-04-19T14:21:45.254Z] Aria (MEDIC) discovered Ancient Ruins in Alpha-1
[2026-04-19T14:45:15.283Z] Aria (MEDIC) discovered Alien Artifact in Alpha-1
[2026-04-19T14:47:15.285Z] Luna (COMBAT) discovered Hidden Base in Alpha-1
[2026-04-19T14:55:45.297Z] Luna (COMBAT) discovered Hidden Base in Alpha-1
[2026-04-19T15:27:15.335Z] Vex (PILOT) discovered Alien Artifact in Alpha-1
[2026-04-19T15:30:45.340Z] Jax (SCIENTIST) discovered Ancient Ruins in Alpha-1
[2026-04-19T15:42:15.351Z] Vex (PILOT) discovered Unknown Signal in Alpha-1
[2026-04-19T15:59:15.374Z] Jax (SCIENTIST) discovered Rare Minerals in Alpha-1
[2026-04-19T16:34:45.418Z] Luna (COMBAT) discovered Nebula Cloud in Alpha-1
[2026-04-19T16:37:15.419Z] Jax (SCIENTIST) discovered Derelict Ship in Alpha-1
[2026-04-19T16:40:45.420Z] Vex (PILOT) discovered Alien Artifact in Alpha-1
[2026-04-19T17:01:15.439Z] Nyx (ENGINEER) discovered Space Anomaly in Alpha-1
[2026-04-19T17:45:15.489Z] Nyx (ENGINEER) discovered Rare Minerals in Alpha-1
[2026-04-19T17:59:45.510Z] Aria (MEDIC) discovered Hidden Base in Alpha-1
[2026-04-19T18:03:45.511Z] Jax (SCIENTIST) discovered Derelict Ship in Alpha-1
[2026-04-19T18:10:15.522Z] Luna (COMBAT) discovered Hidden Base in Alpha-1
[2026-04-19T18:11:45.523Z] Jax (SCIENTIST) discovered Unknown Signal in Alpha-1
[2026-04-19T18:33:45.557Z] Nyx (ENGINEER) discovered Space Anomaly in Alpha-1
[2026-04-19T18:35:15.559Z] Aria (MEDIC) discovered Hidden Base in Alpha-1
[2026-04-19T18:41:45.563Z] Nyx (ENGINEER) discovered Nebula Cloud in Alpha-1
[2026-04-19T18:49:15.570Z] Vex (PILOT) discovered Nebula Cloud in Alpha-1
[2026-04-19T19:01:15.584Z] Jax (SCIENTIST) discovered Unknown Signal in Alpha-1
[2026-04-19T19:13:45.597Z] Luna (COMBAT) discovered Nebula Cloud in Alpha-1
[2026-04-19T19:22:45.613Z] Luna (COMBAT) discovered Anomalous Planet in Alpha-1
[2026-04-19T19:23:45.611Z] Jax (SCIENTIST) discovered Anomalous Planet in Alpha-1
[2026-04-19T19:45:45.638Z] Luna (COMBAT) discovered Ancient Ruins in Alpha-1
[2026-04-19T19:52:15.644Z] Nyx (ENGINEER) discovered Derelict Ship in Alpha-1
[2026-04-19T20:09:45.667Z] Jax (SCIENTIST) discovered Derelict Ship in Alpha-1
[2026-04-19T20:11:15.665Z] Vex (PILOT) discovered Rare Minerals in Alpha-1
[2026-04-19T20:12:45.668Z] Vex (PILOT) discovered Anomalous Planet in Alpha-1
[2026-04-19T20:16:45.674Z] Jax (SCIENTIST) discovered Unknown Signal in Alpha-1
[2026-04-19T20:35:45.698Z] Nyx (ENGINEER) discovered Ancient Ruins in Alpha-1
[2026-04-19T21:02:15.743Z] Aria (MEDIC) discovered Alien Artifact in Alpha-1
[2026-04-19T21:04:45.739Z] Jax (SCIENTIST) discovered Unknown Signal in Alpha-1
[2026-04-19T21:08:45.743Z] Luna (COMBAT) discovered Space Anomaly in Alpha-1
[2026-04-19T21:12:45.745Z] Nyx (ENGINEER) discovered Rare Minerals in Alpha-1
[2026-04-19T21:22:45.763Z] Vex (PILOT) discovered Space Anomaly in Alpha-1
[2026-04-19T21:30:45.776Z] Luna (COMBAT) discovered Alien Artifact in Alpha-1
[2026-04-19T22:04:45.812Z] Aria (MEDIC) discovered Unknown Signal in Alpha-1
[2026-04-19T22:15:45.828Z] Vex (PILOT) discovered Anomalous Planet in Alpha-1
[2026-04-19T22:36:15.848Z] Nyx (ENGINEER) discovered Ancient Ruins in Alpha-1
[2026-04-19T22:39:15.848Z] Vex (PILOT) discovered Alien Artifact in Alpha-1
[2026-04-19T22:43:45.855Z] Vex (PILOT) discovered Unknown Signal in Alpha-1
[2026-04-19T22:46:15.863Z] Vex (PILOT) discovered Ancient Ruins in Alpha-1
[2026-04-19T22:47:45.864Z] Luna (COMBAT) discovered Anomalous Planet in Alpha-1
[2026-04-19T22:55:45.872Z] Nyx (ENGINEER) discovered Alien Artifact in Alpha-1
[2026-04-19T22:59:15.876Z] Vex (PILOT) discovered Anomalous Planet in Alpha-1
[2026-04-19T23:12:15.893Z] Aria (MEDIC) discovered Space Anomaly in Alpha-1
[2026-04-19T23:15:15.900Z] Jax (SCIENTIST) discovered Rare Minerals in Alpha-1
[2026-04-19T23:22:15.902Z] Vex (PILOT) discovered Alien Artifact in Alpha-1
[2026-04-19T23:48:15.931Z] Luna (COMBAT) discovered Alien Artifact in Alpha-1
[2026-04-19T23:52:45.939Z] Luna (COMBAT) discovered Rare Minerals in Alpha-1
[2026-04-19T23:57:15.943Z] Jax (SCIENTIST) discovered Rare Minerals in Alpha-1
[2026-04-20T00:18:15.972Z] Aria (MEDIC) discovered Rare Minerals in Alpha-1
[2026-04-20T00:46:15.996Z] Nyx (ENGINEER) discovered Hidden Base in Alpha-1
[2026-04-20T00:49:15.999Z] Vex (PILOT) discovered Space Anomaly in Alpha-1
[2026-04-20T01:08:16.023Z] Vex (PILOT) discovered Alien Artifact in Alpha-1
[2026-04-20T01:12:46.033Z] Aria (MEDIC) discovered Hidden Base in Alpha-1
[2026-04-20T01:25:16.049Z] Jax (SCIENTIST) discovered Rare Minerals in Alpha-1
[2026-04-20T01:50:16.074Z] Nyx (ENGINEER) discovered Rare Minerals in Alpha-1
[2026-04-20T01:57:46.087Z] Vex (PILOT) discovered Ancient Ruins in Alpha-1
[2026-04-20T02:17:16.113Z] Vex (PILOT) discovered Alien Artifact in Alpha-1
[2026-04-20T02:28:46.128Z] Nyx (ENGINEER) discovered Anomalous Planet in Alpha-1
[2026-04-20T02:39:16.134Z] Nyx (ENGINEER) discovered Unknown Signal in Alpha-1
[2026-04-20T02:46:46.145Z] Jax (SCIENTIST) discovered Anomalous Planet in Alpha-1
[2026-04-20T02:59:16.160Z] Aria (MEDIC) discovered Alien Artifact in Alpha-1
[2026-04-20T03:08:46.177Z] Luna (COMBAT) discovered Derelict Ship in Alpha-1
[2026-04-20T03:19:16.189Z] Luna (COMBAT) discovered Hidden Base in Alpha-1
[2026-04-20T03:27:46.196Z] Luna (COMBAT) discovered Anomalous Planet in Alpha-1
[2026-04-20T03:36:16.206Z] Nyx (ENGINEER) discovered Ancient Ruins in Alpha-1
[2026-04-20T03:48:16.220Z] Aria (MEDIC) discovered Hidden Base in Alpha-1
[2026-04-20T03:57:46.239Z] Luna (COMBAT) discovered Nebula Cloud in Alpha-1
[2026-04-20T04:02:46.241Z] Nyx (ENGINEER) discovered Rare Minerals in Alpha-1
[2026-04-20T04:09:16.249Z] Luna (COMBAT) discovered Anomalous Planet in Alpha-1
[2026-04-20T04:23:46.264Z] Jax (SCIENTIST) discovered Space Anomaly in Alpha-1
[2026-04-20T04:27:16.271Z] Aria (MEDIC) discovered Rare Minerals in Alpha-1
[2026-04-20T04:42:16.285Z] Jax (SCIENTIST) discovered Derelict Ship in Alpha-1
[2026-04-20T04:43:16.292Z] Luna (COMBAT) discovered Anomalous Planet in Alpha-1
[2026-04-20T04:58:16.301Z] Aria (MEDIC) discovered Nebula Cloud in Alpha-1
[2026-04-20T05:07:46.310Z] Aria (MEDIC) discovered Nebula Cloud in Alpha-1
[2026-04-20T05:09:16.311Z] Aria (MEDIC) discovered Nebula Cloud in Alpha-1
[2026-04-20T05:30:16.331Z] Vex (PILOT) discovered Derelict Ship in Alpha-1
[2026-04-20T06:10:46.385Z] Aria (MEDIC) discovered Derelict Ship in Alpha-1
[2026-04-20T06:46:46.419Z] Jax (SCIENTIST) discovered Ancient Ruins in Alpha-1
[2026-04-20T06:52:46.421Z] Nyx (ENGINEER) discovered Unknown Signal in Alpha-1
[2026-04-20T06:57:46.431Z] Jax (SCIENTIST) discovered Rare Minerals in Alpha-1
[2026-04-20T07:03:16.440Z] Nyx (ENGINEER) discovered Alien Artifact in Alpha-1
[2026-04-20T07:15:16.456Z] Luna (COMBAT) discovered Hidden Base in Alpha-1
[2026-04-20T07:16:46.459Z] Luna (COMBAT) discovered Nebula Cloud in Alpha-1
[2026-04-20T07:35:16.474Z] Jax (SCIENTIST) discovered Nebula Cloud in Alpha-1
[2026-04-20T07:39:46.481Z] Aria (MEDIC) discovered Rare Minerals in Alpha-1
[2026-04-20T07:53:16.498Z] Luna (COMBAT) discovered Alien Artifact in Alpha-1
[2026-04-20T07:56:16.499Z] Nyx (ENGINEER) discovered Anomalous Planet in Alpha-1
[2026-04-20T07:57:46.502Z] Aria (MEDIC) discovered Unknown Signal in Alpha-1
[2026-04-20T08:04:16.507Z] Luna (COMBAT) discovered Hidden Base in Alpha-1
[2026-04-20T08:12:16.516Z] Aria (MEDIC) discovered Derelict Ship in Alpha-1
[2026-04-20T08:17:16.518Z] Jax (SCIENTIST) discovered Rare Minerals in Alpha-1
[2026-04-20T08:25:16.528Z] Nyx (ENGINEER) discovered Nebula Cloud in Alpha-1
[2026-04-20T08:33:46.540Z] Nyx (ENGINEER) discovered Ancient Ruins in Alpha-1
[2026-04-20T08:37:16.541Z] Nyx (ENGINEER) discovered Space Anomaly in Alpha-1
[2026-04-20T08:39:46.546Z] Aria (MEDIC) discovered Ancient Ruins in Alpha-1
[2026-04-20T08:48:46.556Z] Nyx (ENGINEER) discovered Nebula Cloud in Alpha-1
[2026-04-20T08:49:16.554Z] Vex (PILOT) discovered Hidden Base in Alpha-1
[2026-04-20T09:02:16.569Z] Jax (SCIENTIST) discovered Space Anomaly in Alpha-1
[2026-04-20T09:50:46.620Z] Vex (PILOT) discovered Anomalous Planet in Alpha-1
[2026-04-20T09:56:16.630Z] Aria (MEDIC) discovered Derelict Ship in Alpha-1
[2026-04-20T09:57:16.631Z] Jax (SCIENTIST) discovered Anomalous Planet in Alpha-1
[2026-04-20T10:00:16.633Z] Nyx (ENGINEER) discovered Nebula Cloud in Alpha-1
[2026-04-20T10:16:46.651Z] Vex (PILOT) discovered Hidden Base in Alpha-1
[2026-04-20T10:19:46.653Z] Jax (SCIENTIST) discovered Hidden Base in Alpha-1
[2026-04-20T10:26:16.659Z] Nyx (ENGINEER) discovered Hidden Base in Alpha-1
[2026-04-20T11:02:16.698Z] Nyx (ENGINEER) discovered Anomalous Planet in Alpha-1
[2026-04-20T11:10:46.707Z] Luna (COMBAT) discovered Derelict Ship in Alpha-1
[2026-04-20T11:16:16.716Z] Luna (COMBAT) discovered Hidden Base in Alpha-1
[2026-04-20T11:28:16.724Z] Luna (COMBAT) discovered Nebula Cloud in Alpha-1
[2026-04-20T11:29:16.722Z] Vex (PILOT) discovered Derelict Ship in Alpha-1
[2026-04-20T11:30:46.723Z] Vex (PILOT) discovered Alien Artifact in Alpha-1
[2026-04-20T11:38:16.738Z] Aria (MEDIC) discovered Alien Artifact in Alpha-1
[2026-04-20T11:45:46.746Z] Aria (MEDIC) discovered Nebula Cloud in Alpha-1
[2026-04-20T12:08:16.780Z] Luna (COMBAT) discovered Nebula Cloud in Alpha-1
[2026-04-20T12:16:46.786Z] Vex (PILOT) discovered Anomalous Planet in Alpha-1
[2026-04-20T12:28:16.797Z] Vex (PILOT) discovered Alien Artifact in Alpha-1
[2026-04-20T12:41:16.810Z] Nyx (ENGINEER) discovered Unknown Signal in Alpha-1
[2026-04-20T12:44:16.818Z] Aria (MEDIC) discovered Derelict Ship in Alpha-1
[2026-04-20T13:05:46.838Z] Jax (SCIENTIST) discovered Nebula Cloud in Alpha-1
[2026-04-20T13:21:16.849Z] Vex (PILOT) discovered Unknown Signal in Alpha-1
[2026-04-20T13:45:46.883Z] Aria (MEDIC) discovered Alien Artifact in Alpha-1
[2026-04-20T13:51:16.888Z] Luna (COMBAT) discovered Space Anomaly in Alpha-1
[2026-04-20T13:53:16.892Z] Luna (COMBAT) discovered Space Anomaly in Alpha-1
[2026-04-20T14:00:16.917Z] Aria (MEDIC) discovered Unknown Signal in Alpha-1
[2026-04-20T14:10:16.911Z] Vex (PILOT) discovered Space Anomaly in Alpha-1
[2026-04-20T14:19:16.919Z] Luna (COMBAT) discovered Space Anomaly in Alpha-1
[2026-04-20T14:23:16.923Z] Aria (MEDIC) discovered Hidden Base in Alpha-1
[2026-04-20T14:26:16.927Z] Nyx (ENGINEER) discovered Derelict Ship in Alpha-1
[2026-04-20T15:09:16.977Z] Luna (COMBAT) discovered Derelict Ship in Alpha-1
[2026-04-20T15:16:46.985Z] Vex (PILOT) discovered Rare Minerals in Alpha-1
[2026-04-20T15:19:46.992Z] Aria (MEDIC) discovered Nebula Cloud in Alpha-1
[2026-04-20T15:24:46.997Z] Nyx (ENGINEER) discovered Alien Artifact in Alpha-1
[2026-04-20T15:33:17.002Z] Nyx (ENGINEER) discovered Ancient Ruins in Alpha-1
[2026-04-20T15:52:17.022Z] Nyx (ENGINEER) discovered Hidden Base in Alpha-1
[2026-04-20T15:57:17.035Z] Jax (SCIENTIST) discovered Space Anomaly in Alpha-1
[2026-04-20T15:57:47.031Z] Aria (MEDIC) discovered Anomalous Planet in Alpha-1
[2026-04-20T16:06:47.059Z] Luna (COMBAT) discovered Alien Artifact in Alpha-1
[2026-04-20T16:22:47.076Z] Jax (SCIENTIST) discovered Rare Minerals in Alpha-1
[2026-04-20T16:23:47.080Z] Luna (COMBAT) discovered Hidden Base in Alpha-1
[2026-04-20T16:38:47.092Z] Jax (SCIENTIST) discovered Rare Minerals in Alpha-1
[2026-04-20T16:41:17.097Z] Aria (MEDIC) discovered Derelict Ship in Alpha-1
[2026-04-20T17:04:47.124Z] Jax (SCIENTIST) discovered Derelict Ship in Alpha-1
[2026-04-20T17:14:17.130Z] Vex (PILOT) discovered Alien Artifact in Alpha-1
[2026-04-20T17:18:47.133Z] Jax (SCIENTIST) discovered Derelict Ship in Alpha-1
[2026-04-20T17:24:17.140Z] Vex (PILOT) discovered Anomalous Planet in Alpha-1
[2026-04-20T17:29:17.146Z] Vex (PILOT) discovered Alien Artifact in Alpha-1
[2026-04-20T17:29:47.146Z] Vex (PILOT) discovered Unknown Signal in Alpha-1
[2026-04-20T17:47:17.171Z] Luna (COMBAT) discovered Derelict Ship in Alpha-1
[2026-04-20T17:56:17.185Z] Aria (MEDIC) discovered Space Anomaly in Alpha-1
[2026-04-20T18:02:47.197Z] Aria (MEDIC) discovered Space Anomaly in Alpha-1
[2026-04-20T18:10:17.195Z] Luna (COMBAT) discovered Derelict Ship in Alpha-1
[2026-04-20T18:49:17.240Z] Nyx (ENGINEER) discovered Rare Minerals in Alpha-1
[2026-04-20T19:03:47.259Z] Aria (MEDIC) discovered Space Anomaly in Alpha-1
[2026-04-20T19:26:47.278Z] Vex (PILOT) discovered Alien Artifact in Alpha-1
[2026-04-20T19:32:47.288Z] Luna (COMBAT) discovered Alien Artifact in Alpha-1
[2026-04-20T19:38:47.294Z] Luna (COMBAT) discovered Derelict Ship in Alpha-1
[2026-04-20T19:42:47.295Z] Luna (COMBAT) discovered Anomalous Planet in Alpha-1
[2026-04-20T19:47:47.298Z] Nyx (ENGINEER) discovered Derelict Ship in Alpha-1
[2026-04-20T19:56:17.324Z] Luna (COMBAT) discovered Anomalous Planet in Alpha-1
[2026-04-20T20:01:17.316Z] Nyx (ENGINEER) discovered Alien Artifact in Alpha-1
[2026-04-20T20:03:47.319Z] Luna (COMBAT) discovered Rare Minerals in Alpha-1
[2026-04-20T20:12:17.334Z] Nyx (ENGINEER) discovered Space Anomaly in Alpha-1
[2026-04-20T20:17:47.342Z] Luna (COMBAT) discovered Alien Artifact in Alpha-1
[2026-04-20T20:18:17.340Z] Jax (SCIENTIST) discovered Derelict Ship in Alpha-1
[2026-04-20T20:22:17.349Z] Luna (COMBAT) discovered Derelict Ship in Alpha-1
[2026-04-20T20:39:47.369Z] Nyx (ENGINEER) discovered Rare Minerals in Alpha-1
[2026-04-20T20:44:17.373Z] Vex (PILOT) discovered Alien Artifact in Alpha-1
[2026-04-20T20:48:47.379Z] Vex (PILOT) discovered Alien Artifact in Alpha-1
[2026-04-20T21:27:47.431Z] Nyx (ENGINEER) discovered Ancient Ruins in Alpha-1
[2026-04-20T21:32:17.439Z] Nyx (ENGINEER) discovered Anomalous Planet in Alpha-1
[2026-04-20T21:32:47.438Z] Vex (PILOT) discovered Anomalous Planet in Alpha-1
[2026-04-20T21:47:17.459Z] Nyx (ENGINEER) discovered Alien Artifact in Alpha-1
[2026-04-20T21:47:47.461Z] Nyx (ENGINEER) discovered Unknown Signal in Alpha-1
[2026-04-20T21:52:47.465Z] Jax (SCIENTIST) discovered Hidden Base in Alpha-1
[2026-04-20T22:03:47.483Z] Nyx (ENGINEER) discovered Hidden Base in Alpha-1
[2026-04-20T22:14:47.502Z] Aria (MEDIC) discovered Ancient Ruins in Alpha-1
[2026-04-20T22:26:47.515Z] Luna (COMBAT) discovered Nebula Cloud in Alpha-1
[2026-04-20T22:30:17.512Z] Nyx (ENGINEER) discovered Ancient Ruins in Alpha-1
[2026-04-20T22:33:47.522Z] Aria (MEDIC) discovered Alien Artifact in Alpha-1
[2026-04-20T22:45:17.532Z] Jax (SCIENTIST) discovered Nebula Cloud in Alpha-1
[2026-04-20T23:16:17.563Z] Nyx (ENGINEER) discovered Derelict Ship in Alpha-1
[2026-04-20T23:16:47.564Z] Nyx (ENGINEER) discovered Anomalous Planet in Alpha-1
[2026-04-20T23:18:17.564Z] Jax (SCIENTIST) discovered Alien Artifact in Alpha-1
[2026-04-20T23:18:47.566Z] Luna (COMBAT) discovered Derelict Ship in Alpha-1
[2026-04-20T23:25:47.577Z] Aria (MEDIC) discovered Nebula Cloud in Alpha-1
[2026-04-20T23:27:17.576Z] Nyx (ENGINEER) discovered Nebula Cloud in Alpha-1
[2026-04-20T23:57:17.611Z] Vex (PILOT) discovered Derelict Ship in Alpha-1
[2026-04-21T00:05:47.641Z] Vex (PILOT) discovered Nebula Cloud in Alpha-1
[2026-04-21T00:08:17.652Z] Luna (COMBAT) discovered Hidden Base in Alpha-1
[2026-04-21T00:09:47.652Z] Jax (SCIENTIST) discovered Space Anomaly in Alpha-1
[2026-04-21T00:12:47.655Z] Aria (MEDIC) discovered Unknown Signal in Alpha-1
[2026-04-21T00:15:17.659Z] Jax (SCIENTIST) discovered Ancient Ruins in Alpha-1
[2026-04-21T00:15:17.666Z] Aria (MEDIC) discovered Rare Minerals in Alpha-1
[2026-04-21T00:33:17.682Z] Jax (SCIENTIST) discovered Unknown Signal in Alpha-1
[2026-04-21T00:59:47.715Z] Aria (MEDIC) discovered Derelict Ship in Alpha-1
[2026-04-21T01:02:17.716Z] Jax (SCIENTIST) discovered Derelict Ship in Alpha-1
[2026-04-21T01:03:47.727Z] Luna (COMBAT) discovered Unknown Signal in Alpha-1
[2026-04-21T01:08:47.734Z] Luna (COMBAT) discovered Hidden Base in Alpha-1
[2026-04-21T01:13:17.737Z] Vex (PILOT) discovered Ancient Ruins in Alpha-1
[2026-04-21T01:16:47.741Z] Nyx (ENGINEER) discovered Hidden Base in Alpha-1
[2026-04-21T01:26:17.750Z] Aria (MEDIC) discovered Rare Minerals in Alpha-1
[2026-04-21T01:27:17.750Z] Jax (SCIENTIST) discovered Unknown Signal in Alpha-1
[2026-04-21T01:31:47.756Z] Nyx (ENGINEER) discovered Alien Artifact in Alpha-1
[2026-04-21T01:40:17.765Z] Luna (COMBAT) discovered Space Anomaly in Alpha-1
[2026-04-21T02:11:17.793Z] Aria (MEDIC) discovered Alien Artifact in Alpha-1
[2026-04-21T02:40:17.824Z] Vex (PILOT) discovered Ancient Ruins in Alpha-1
[2026-04-21T02:43:47.829Z] Aria (MEDIC) discovered Derelict Ship in Alpha-1
[2026-04-21T02:48:47.834Z] Nyx (ENGINEER) discovered Unknown Signal in Alpha-1
[2026-04-21T02:50:17.834Z] Vex (PILOT) discovered Derelict Ship in Alpha-1
[2026-04-21T03:00:47.844Z] Jax (SCIENTIST) discovered Derelict Ship in Alpha-1
[2026-04-21T03:20:47.870Z] Luna (COMBAT) discovered Anomalous Planet in Alpha-1
[2026-04-21T03:26:17.877Z] Aria (MEDIC) discovered Nebula Cloud in Alpha-1
[2026-04-21T03:29:17.880Z] Aria (MEDIC) discovered Anomalous Planet in Alpha-1
[2026-04-21T03:32:17.882Z] Luna (COMBAT) discovered Unknown Signal in Alpha-1
[2026-04-21T03:45:17.898Z] Aria (MEDIC) discovered Anomalous Planet in Alpha-1
[2026-04-21T03:50:47.898Z] Nyx (ENGINEER) discovered Hidden Base in Alpha-1
[2026-04-21T04:12:47.934Z] Aria (MEDIC) discovered Unknown Signal in Alpha-1
[2026-04-21T04:31:17.953Z] Vex (PILOT) discovered Nebula Cloud in Alpha-1
[2026-04-21T04:31:47.956Z] Jax (SCIENTIST) discovered Derelict Ship in Alpha-1
[2026-04-21T04:37:17.964Z] Nyx (ENGINEER) discovered Rare Minerals in Alpha-1
[2026-04-21T05:03:17.991Z] Aria (MEDIC) discovered Unknown Signal in Alpha-1
[2026-04-21T05:13:47.995Z] Luna (COMBAT) discovered Space Anomaly in Alpha-1
[2026-04-21T05:20:18.001Z] Nyx (ENGINEER) discovered Alien Artifact in Alpha-1
[2026-04-21T05:31:18.010Z] Jax (SCIENTIST) discovered Unknown Signal in Alpha-1
[2026-04-21T05:56:48.046Z] Jax (SCIENTIST) discovered Space Anomaly in Alpha-1
[2026-04-21T06:03:18.049Z] Vex (PILOT) discovered Nebula Cloud in Alpha-1
[2026-04-21T06:04:18.051Z] Nyx (ENGINEER) discovered Space Anomaly in Alpha-1
[2026-04-21T06:15:48.069Z] Luna (COMBAT) discovered Ancient Ruins in Alpha-1
[2026-04-21T06:28:18.089Z] Jax (SCIENTIST) discovered Derelict Ship in Alpha-1
[2026-04-21T06:38:18.102Z] Nyx (ENGINEER) discovered Unknown Signal in Alpha-1
[2026-04-21T06:39:48.098Z] Luna (COMBAT) discovered Space Anomaly in Alpha-1
[2026-04-21T06:50:18.112Z] Jax (SCIENTIST) discovered Hidden Base in Alpha-1
[2026-04-21T07:27:48.154Z] Luna (COMBAT) discovered Unknown Signal in Alpha-1
[2026-04-21T07:31:48.156Z] Jax (SCIENTIST) discovered Rare Minerals in Alpha-1
[2026-04-21T07:38:18.164Z] Vex (PILOT) discovered Space Anomaly in Alpha-1
[2026-04-21T07:39:48.168Z] Jax (SCIENTIST) discovered Unknown Signal in Alpha-1
[2026-04-21T07:48:18.170Z] Vex (PILOT) discovered Derelict Ship in Alpha-1
[2026-04-21T07:48:18.174Z] Luna (COMBAT) discovered Alien Artifact in Alpha-1
[2026-04-21T07:55:48.180Z] Vex (PILOT) discovered Derelict Ship in Alpha-1
[2026-04-21T07:56:18.183Z] Jax (SCIENTIST) discovered Nebula Cloud in Alpha-1
[2026-04-21T08:48:18.246Z] Aria (MEDIC) discovered Rare Minerals in Alpha-1
[2026-04-21T08:53:18.249Z] Luna (COMBAT) discovered Alien Artifact in Alpha-1
[2026-04-21T08:57:18.252Z] Vex (PILOT) discovered Unknown Signal in Alpha-1
[2026-04-21T08:58:18.259Z] Jax (SCIENTIST) discovered Ancient Ruins in Alpha-1
[2026-04-21T08:59:48.260Z] Aria (MEDIC) discovered Unknown Signal in Alpha-1
[2026-04-21T09:02:18.261Z] Nyx (ENGINEER) discovered Hidden Base in Alpha-1
[2026-04-21T09:08:48.260Z] Vex (PILOT) discovered Anomalous Planet in Alpha-1
[2026-04-21T09:23:18.278Z] Vex (PILOT) discovered Space Anomaly in Alpha-1
[2026-04-21T09:26:48.284Z] Jax (SCIENTIST) discovered Alien Artifact in Alpha-1
[2026-04-21T09:28:48.283Z] Vex (PILOT) discovered Unknown Signal in Alpha-1
[2026-04-21T09:30:48.287Z] Nyx (ENGINEER) discovered Alien Artifact in Alpha-1
[2026-04-21T09:36:18.296Z] Jax (SCIENTIST) discovered Rare Minerals in Alpha-1
[2026-04-21T09:52:48.323Z] Nyx (ENGINEER) discovered Nebula Cloud in Alpha-1
[2026-04-21T09:55:18.320Z] Vex (PILOT) discovered Anomalous Planet in Alpha-1
[2026-04-21T10:00:48.329Z] Jax (SCIENTIST) discovered Space Anomaly in Alpha-1
[2026-04-21T10:03:18.327Z] Nyx (ENGINEER) discovered Unknown Signal in Alpha-1
[2026-04-21T10:05:48.333Z] Nyx (ENGINEER) discovered Alien Artifact in Alpha-1
[2026-04-21T10:31:18.363Z] Vex (PILOT) discovered Unknown Signal in Alpha-1
[2026-04-21T10:48:48.387Z] Luna (COMBAT) discovered Unknown Signal in Alpha-1
[2026-04-21T10:52:48.388Z] Vex (PILOT) discovered Unknown Signal in Alpha-1
[2026-04-21T11:02:18.405Z] Aria (MEDIC) discovered Alien Artifact in Alpha-1
[2026-04-21T11:42:48.459Z] Jax (SCIENTIST) discovered Rare Minerals in Alpha-1
[2026-04-21T11:42:48.463Z] Aria (MEDIC) discovered Alien Artifact in Alpha-1
[2026-04-21T11:55:48.477Z] Aria (MEDIC) discovered Nebula Cloud in Alpha-1
[2026-04-21T12:00:48.479Z] Jax (SCIENTIST) discovered Nebula Cloud in Alpha-1
[2026-04-21T12:00:48.481Z] Luna (COMBAT) discovered Derelict Ship in Alpha-1
[2026-04-21T12:46:18.530Z] Aria (MEDIC) discovered Nebula Cloud in Alpha-1
[2026-04-21T12:54:18.539Z] Aria (MEDIC) discovered Alien Artifact in Alpha-1
[2026-04-21T13:03:48.547Z] Jax (SCIENTIST) discovered Anomalous Planet in Alpha-1
[2026-04-21T13:03:48.551Z] Aria (MEDIC) discovered Anomalous Planet in Alpha-1
[2026-04-21T13:13:18.564Z] Luna (COMBAT) discovered Alien Artifact in Alpha-1
[2026-04-21T13:33:18.586Z] Luna (COMBAT) discovered Space Anomaly in Alpha-1
[2026-04-21T13:43:18.591Z] Aria (MEDIC) discovered Derelict Ship in Alpha-1
[2026-04-21T13:50:48.597Z] Vex (PILOT) discovered Rare Minerals in Alpha-1
[2026-04-21T13:52:48.597Z] Vex (PILOT) discovered Space Anomaly in Alpha-1
[2026-04-21T14:05:18.614Z] Luna (COMBAT) discovered Ancient Ruins in Alpha-1
[2026-04-21T14:13:18.623Z] Aria (MEDIC) discovered Derelict Ship in Alpha-1
[2026-04-21T14:13:48.621Z] Luna (COMBAT) discovered Unknown Signal in Alpha-1
[2026-04-21T14:19:48.629Z] Aria (MEDIC) discovered Alien Artifact in Alpha-1
[2026-04-21T14:22:48.632Z] Nyx (ENGINEER) discovered Space Anomaly in Alpha-1
[2026-04-21T14:33:48.650Z] Aria (MEDIC) discovered Ancient Ruins in Alpha-1
[2026-04-21T14:45:48.662Z] Luna (COMBAT) discovered Derelict Ship in Alpha-1
[2026-04-21T14:49:48.664Z] Vex (PILOT) discovered Anomalous Planet in Alpha-1
[2026-04-21T15:00:18.683Z] Jax (SCIENTIST) discovered Anomalous Planet in Alpha-1
[2026-04-21T15:00:18.685Z] Luna (COMBAT) discovered Anomalous Planet in Alpha-1
[2026-04-21T15:17:48.702Z] Jax (SCIENTIST) discovered Anomalous Planet in Alpha-1
[2026-04-21T16:00:48.759Z] Jax (SCIENTIST) discovered Derelict Ship in Alpha-1
[2026-04-21T16:10:18.768Z] Jax (SCIENTIST) discovered Ancient Ruins in Alpha-1
[2026-04-21T16:25:48.810Z] Aria (MEDIC) discovered Derelict Ship in Alpha-1
[2026-04-21T16:38:18.809Z] Luna (COMBAT) discovered Space Anomaly in Alpha-1
[2026-04-21T16:38:48.811Z] Nyx (ENGINEER) discovered Anomalous Planet in Alpha-1
[2026-04-21T16:43:18.812Z] Luna (COMBAT) discovered Unknown Signal in Alpha-1
[2026-04-21T16:45:48.813Z] Vex (PILOT) discovered Nebula Cloud in Alpha-1
[2026-04-21T17:03:18.833Z] Nyx (ENGINEER) discovered Hidden Base in Alpha-1
[2026-04-21T17:22:48.869Z] Aria (MEDIC) discovered Derelict Ship in Alpha-1
[2026-04-21T17:28:48.869Z] Nyx (ENGINEER) discovered Alien Artifact in Alpha-1
[2026-04-21T17:37:48.881Z] Aria (MEDIC) discovered Space Anomaly in Alpha-1
[2026-04-21T17:38:18.878Z] Aria (MEDIC) discovered Unknown Signal in Alpha-1
[2026-04-21T17:39:18.882Z] Luna (COMBAT) discovered Derelict Ship in Alpha-1
[2026-04-21T18:11:48.917Z] Aria (MEDIC) discovered Space Anomaly in Alpha-1
[2026-04-21T18:16:48.926Z] Luna (COMBAT) discovered Rare Minerals in Alpha-1
[2026-04-21T18:20:48.934Z] Aria (MEDIC) discovered Alien Artifact in Alpha-1
[2026-04-21T19:03:48.973Z] Vex (PILOT) discovered Ancient Ruins in Alpha-1
[2026-04-21T19:13:48.987Z] Jax (SCIENTIST) discovered Alien Artifact in Alpha-1
[2026-04-21T19:18:48.989Z] Nyx (ENGINEER) discovered Space Anomaly in Alpha-1
[2026-04-21T19:20:19.001Z] Luna (COMBAT) discovered Ancient Ruins in Alpha-1
[2026-04-21T19:33:19.007Z] Vex (PILOT) discovered Ancient Ruins in Alpha-1
[2026-04-21T19:41:19.025Z] Nyx (ENGINEER) discovered Nebula Cloud in Alpha-1
[2026-04-21T19:47:19.032Z] Jax (SCIENTIST) discovered Derelict Ship in Alpha-1
[2026-04-21T20:04:49.049Z] Vex (PILOT) discovered Space Anomaly in Alpha-1
[2026-04-21T20:28:49.098Z] Nyx (ENGINEER) discovered Hidden Base in Alpha-1
[2026-04-21T20:30:19.098Z] Jax (SCIENTIST) discovered Rare Minerals in Alpha-1
[2026-04-21T20:36:19.100Z] Vex (PILOT) discovered Alien Artifact in Alpha-1
[2026-04-21T20:43:19.107Z] Vex (PILOT) discovered Alien Artifact in Alpha-1
[2026-04-21T20:56:19.130Z] Luna (COMBAT) discovered Nebula Cloud in Alpha-1
[2026-04-21T20:56:49.125Z] Jax (SCIENTIST) discovered Ancient Ruins in Alpha-1
[2026-04-21T21:01:19.131Z] Vex (PILOT) discovered Nebula Cloud in Alpha-1
[2026-04-21T21:10:19.140Z] Nyx (ENGINEER) discovered Rare Minerals in Alpha-1
[2026-04-21T21:21:19.161Z] Luna (COMBAT) discovered Alien Artifact in Alpha-1
[2026-04-21T21:23:19.164Z] Luna (COMBAT) discovered Nebula Cloud in Alpha-1
[2026-04-21T21:27:19.177Z] Luna (COMBAT) discovered Anomalous Planet in Alpha-1
[2026-04-21T21:48:49.193Z] Vex (PILOT) discovered Space Anomaly in Alpha-1
[2026-04-21T22:14:19.219Z] Vex (PILOT) discovered Derelict Ship in Alpha-1
[2026-04-21T22:15:19.223Z] Jax (SCIENTIST) discovered Derelict Ship in Alpha-1
[2026-04-21T22:34:19.241Z] Jax (SCIENTIST) discovered Hidden Base in Alpha-1
[2026-04-21T22:37:19.245Z] Nyx (ENGINEER) discovered Hidden Base in Alpha-1
[2026-04-21T22:47:19.256Z] Vex (PILOT) discovered Anomalous Planet in Alpha-1
[2026-04-21T23:03:49.278Z] Vex (PILOT) discovered Ancient Ruins in Alpha-1
[2026-04-21T23:04:49.283Z] Nyx (ENGINEER) discovered Rare Minerals in Alpha-1
[2026-04-21T23:07:49.284Z] Jax (SCIENTIST) discovered Rare Minerals in Alpha-1
[2026-04-21T23:19:49.297Z] Nyx (ENGINEER) discovered Rare Minerals in Alpha-1
[2026-04-21T23:21:19.296Z] Jax (SCIENTIST) discovered Nebula Cloud in Alpha-1
[2026-04-22T00:13:19.379Z] Nyx (ENGINEER) discovered Nebula Cloud in Alpha-1
[2026-04-22T00:25:19.387Z] Jax (SCIENTIST) discovered Derelict Ship in Alpha-1
[2026-04-22T00:32:19.410Z] Luna (COMBAT) discovered Hidden Base in Alpha-1
[2026-04-22T00:32:49.385Z] Jax (SCIENTIST) discovered Space Anomaly in Alpha-1
[2026-04-22T00:33:49.389Z] Nyx (ENGINEER) discovered Ancient Ruins in Alpha-1
[2026-04-22T00:53:49.412Z] Nyx (ENGINEER) discovered Unknown Signal in Alpha-1
[2026-04-22T01:01:49.590Z] Jax (SCIENTIST) discovered Anomalous Planet in Alpha-1
[2026-04-22T01:02:19.591Z] Aria (MEDIC) discovered Nebula Cloud in Alpha-1
[2026-04-22T01:07:49.614Z] Luna (COMBAT) discovered Rare Minerals in Alpha-1
[2026-04-22T01:19:19.438Z] Jax (SCIENTIST) discovered Hidden Base in Alpha-1
[2026-04-22T01:23:49.442Z] Nyx (ENGINEER) discovered Hidden Base in Alpha-1
[2026-04-22T01:24:49.443Z] Nyx (ENGINEER) discovered Unknown Signal in Alpha-1
[2026-04-22T01:41:49.476Z] Jax (SCIENTIST) discovered Ancient Ruins in Alpha-1
[2026-04-22T02:00:19.492Z] Jax (SCIENTIST) discovered Nebula Cloud in Alpha-1
[2026-04-22T02:01:19.500Z] Jax (SCIENTIST) discovered Alien Artifact in Alpha-1
[2026-04-22T02:19:49.526Z] Jax (SCIENTIST) discovered Alien Artifact in Alpha-1
[2026-04-22T02:30:49.542Z] Jax (SCIENTIST) discovered Ancient Ruins in Alpha-1
[2026-04-22T03:16:49.623Z] Aria (MEDIC) discovered Derelict Ship in Alpha-1
[2026-04-22T03:18:19.622Z] Nyx (ENGINEER) discovered Derelict Ship in Alpha-1
[2026-04-22T03:19:49.625Z] Vex (PILOT) discovered Ancient Ruins in Alpha-1
[2026-04-22T04:02:19.656Z] Vex (PILOT) discovered Hidden Base in Alpha-1
[2026-04-22T04:02:19.661Z] Jax (SCIENTIST) discovered Hidden Base in Alpha-1
[2026-04-22T04:16:19.671Z] Jax (SCIENTIST) discovered Ancient Ruins in Alpha-1
[2026-04-22T04:37:49.684Z] Nyx (ENGINEER) discovered Rare Minerals in Alpha-1
[2026-04-22T04:40:49.692Z] Luna (COMBAT) discovered Anomalous Planet in Alpha-1
[2026-04-22T05:19:19.737Z] Luna (COMBAT) discovered Ancient Ruins in Alpha-1
[2026-04-22T05:42:19.758Z] Luna (COMBAT) discovered Nebula Cloud in Alpha-1
[2026-04-22T05:42:19.761Z] Aria (MEDIC) discovered Alien Artifact in Alpha-1
[2026-04-22T05:50:49.765Z] Nyx (ENGINEER) discovered Unknown Signal in Alpha-1
[2026-04-22T06:06:19.788Z] Nyx (ENGINEER) discovered Alien Artifact in Alpha-1
[2026-04-22T06:14:49.795Z] Jax (SCIENTIST) discovered Ancient Ruins in Alpha-1
[2026-04-22T06:36:19.837Z] Jax (SCIENTIST) discovered Nebula Cloud in Alpha-1
[2026-04-22T06:37:19.840Z] Aria (MEDIC) discovered Space Anomaly in Alpha-1
[2026-04-22T06:39:19.844Z] Aria (MEDIC) discovered Hidden Base in Alpha-1
[2026-04-22T06:44:49.851Z] Luna (COMBAT) discovered Derelict Ship in Alpha-1
[2026-04-22T06:57:49.878Z] Luna (COMBAT) discovered Rare Minerals in Alpha-1
[2026-04-22T07:01:49.879Z] Jax (SCIENTIST) discovered Rare Minerals in Alpha-1
[2026-04-22T07:10:19.885Z] Nyx (ENGINEER) discovered Unknown Signal in Alpha-1
[2026-04-22T07:16:49.891Z] Vex (PILOT) discovered Hidden Base in Alpha-1
[2026-04-22T07:20:19.892Z] Vex (PILOT) discovered Nebula Cloud in Alpha-1
[2026-04-22T07:32:49.909Z] Vex (PILOT) discovered Nebula Cloud in Alpha-1
[2026-04-22T07:39:19.923Z] Luna (COMBAT) discovered Ancient Ruins in Alpha-1
[2026-04-22T07:54:49.934Z] Vex (PILOT) discovered Ancient Ruins in Alpha-1
[2026-04-22T08:16:19.968Z] Nyx (ENGINEER) discovered Derelict Ship in Alpha-1
[2026-04-22T08:17:19.971Z] Nyx (ENGINEER) discovered Unknown Signal in Alpha-1
[2026-04-22T08:22:49.975Z] Luna (COMBAT) discovered Space Anomaly in Alpha-1
[2026-04-22T08:25:19.982Z] Aria (MEDIC) discovered Nebula Cloud in Alpha-1
[2026-04-22T08:30:49.981Z] Aria (MEDIC) discovered Hidden Base in Alpha-1
[2026-04-22T08:35:19.988Z] Vex (PILOT) discovered Space Anomaly in Alpha-1
[2026-04-22T08:38:49.993Z] Aria (MEDIC) discovered Anomalous Planet in Alpha-1
[2026-04-22T08:44:19.996Z] Aria (MEDIC) discovered Derelict Ship in Alpha-1
[2026-04-22T08:52:20.008Z] Jax (SCIENTIST) discovered Rare Minerals in Alpha-1
[2026-04-22T08:54:50.017Z] Luna (COMBAT) discovered Ancient Ruins in Alpha-1
[2026-04-22T08:56:50.013Z] Luna (COMBAT) discovered Rare Minerals in Alpha-1
[2026-04-22T08:58:20.009Z] Vex (PILOT) discovered Rare Minerals in Alpha-1
[2026-04-22T09:00:20.023Z] Aria (MEDIC) discovered Unknown Signal in Alpha-1
[2026-04-22T09:00:50.013Z] Nyx (ENGINEER) discovered Alien Artifact in Alpha-1
[2026-04-22T09:02:50.019Z] Nyx (ENGINEER) discovered Nebula Cloud in Alpha-1
[2026-04-22T09:03:50.017Z] Vex (PILOT) discovered Derelict Ship in Alpha-1
[2026-04-22T09:05:50.024Z] Aria (MEDIC) discovered Hidden Base in Alpha-1
[2026-04-22T09:14:50.032Z] Vex (PILOT) discovered Nebula Cloud in Alpha-1
[2026-04-22T09:34:50.057Z] Jax (SCIENTIST) discovered Unknown Signal in Alpha-1
[2026-04-22T09:46:20.072Z] Vex (PILOT) discovered Alien Artifact in Alpha-1
[2026-04-22T09:49:20.074Z] Nyx (ENGINEER) discovered Rare Minerals in Alpha-1
[2026-04-22T09:57:50.087Z] Jax (SCIENTIST) discovered Anomalous Planet in Alpha-1
[2026-04-22T10:10:50.102Z] Luna (COMBAT) discovered Rare Minerals in Alpha-1
[2026-04-22T10:18:50.115Z] Luna (COMBAT) discovered Anomalous Planet in Alpha-1
[2026-04-22T10:27:20.131Z] Luna (COMBAT) discovered Nebula Cloud in Alpha-1
[2026-04-22T10:32:50.135Z] Luna (COMBAT) discovered Ancient Ruins in Alpha-1
[2026-04-22T10:55:50.165Z] Nyx (ENGINEER) discovered Rare Minerals in Alpha-1
[2026-04-22T10:57:50.167Z] Nyx (ENGINEER) discovered Hidden Base in Alpha-1
[2026-04-22T11:24:20.205Z] Luna (COMBAT) discovered Derelict Ship in Alpha-1
[2026-04-22T11:25:50.215Z] Luna (COMBAT) discovered Unknown Signal in Alpha-1
[2026-04-22T11:40:50.224Z] Nyx (ENGINEER) discovered Rare Minerals in Alpha-1
[2026-04-22T11:52:20.239Z] Luna (COMBAT) discovered Anomalous Planet in Alpha-1
[2026-04-22T11:56:20.248Z] Luna (COMBAT) discovered Ancient Ruins in Alpha-1
[2026-04-22T12:03:50.254Z] Vex (PILOT) discovered Alien Artifact in Alpha-1
[2026-04-22T12:25:50.282Z] Vex (PILOT) discovered Alien Artifact in Alpha-1
[2026-04-22T12:27:20.290Z] Luna (COMBAT) discovered Unknown Signal in Alpha-1
[2026-04-22T12:34:50.296Z] Aria (MEDIC) discovered Nebula Cloud in Alpha-1
[2026-04-22T12:39:20.303Z] Luna (COMBAT) discovered Alien Artifact in Alpha-1
[2026-04-22T12:40:20.303Z] Vex (PILOT) discovered Alien Artifact in Alpha-1
[2026-04-22T12:55:20.328Z] Aria (MEDIC) discovered Space Anomaly in Alpha-1
[2026-04-22T13:01:20.330Z] Vex (PILOT) discovered Hidden Base in Alpha-1
[2026-04-22T13:01:20.333Z] Luna (COMBAT) discovered Space Anomaly in Alpha-1
[2026-04-22T13:02:20.333Z] Jax (SCIENTIST) discovered Ancient Ruins in Alpha-1
[2026-04-22T13:20:20.359Z] Jax (SCIENTIST) discovered Unknown Signal in Alpha-1
[2026-04-22T13:22:50.362Z] Luna (COMBAT) discovered Derelict Ship in Alpha-1
[2026-04-22T13:30:50.375Z] Nyx (ENGINEER) discovered Space Anomaly in Alpha-1
[2026-04-22T13:39:50.384Z] Aria (MEDIC) discovered Anomalous Planet in Alpha-1
[2026-04-22T13:44:50.394Z] Aria (MEDIC) discovered Alien Artifact in Alpha-1
[2026-04-22T13:58:20.408Z] Luna (COMBAT) discovered Ancient Ruins in Alpha-1
[2026-04-22T14:24:20.444Z] Luna (COMBAT) discovered Ancient Ruins in Alpha-1
[2026-04-22T14:33:50.456Z] Jax (SCIENTIST) discovered Ancient Ruins in Alpha-1
[2026-04-22T14:44:20.464Z] Luna (COMBAT) discovered Unknown Signal in Alpha-1
[2026-04-22T14:55:20.481Z] Aria (MEDIC) discovered Rare Minerals in Alpha-1
[2026-04-22T15:05:20.488Z] Nyx (ENGINEER) discovered Space Anomaly in Alpha-1
[2026-04-22T15:13:20.495Z] Vex (PILOT) discovered Alien Artifact in Alpha-1
[2026-04-22T15:24:50.510Z] Vex (PILOT) discovered Nebula Cloud in Alpha-1
[2026-04-22T15:43:50.525Z] Vex (PILOT) discovered Derelict Ship in Alpha-1
[2026-04-22T15:46:50.533Z] Aria (MEDIC) discovered Alien Artifact in Alpha-1
[2026-04-22T16:10:20.558Z] Vex (PILOT) discovered Space Anomaly in Alpha-1
[2026-04-22T16:29:50.590Z] Luna (COMBAT) discovered Nebula Cloud in Alpha-1
[2026-04-22T16:37:50.594Z] Jax (SCIENTIST) discovered Anomalous Planet in Alpha-1
[2026-04-22T16:38:50.599Z] Aria (MEDIC) discovered Ancient Ruins in Alpha-1
[2026-04-22T16:57:20.619Z] Aria (MEDIC) discovered Hidden Base in Alpha-1
[2026-04-22T17:07:20.619Z] Nyx (ENGINEER) discovered Rare Minerals in Alpha-1
[2026-04-22T17:12:50.633Z] Luna (COMBAT) discovered Space Anomaly in Alpha-1
[2026-04-22T17:13:50.636Z] Aria (MEDIC) discovered Anomalous Planet in Alpha-1
[2026-04-22T17:16:50.636Z] Jax (SCIENTIST) discovered Rare Minerals in Alpha-1
[2026-04-22T17:26:20.644Z] Aria (MEDIC) discovered Space Anomaly in Alpha-1
[2026-04-22T17:54:20.672Z] Luna (COMBAT) discovered Anomalous Planet in Alpha-1
[2026-04-22T18:28:50.712Z] Aria (MEDIC) discovered Ancient Ruins in Alpha-1
[2026-04-22T18:45:50.731Z] Nyx (ENGINEER) discovered Anomalous Planet in Alpha-1
[2026-04-22T18:46:20.732Z] Aria (MEDIC) discovered Rare Minerals in Alpha-1
[2026-04-22T18:59:20.763Z] Aria (MEDIC) discovered Derelict Ship in Alpha-1
[2026-04-22T19:10:20.782Z] Nyx (ENGINEER) discovered Ancient Ruins in Alpha-1
[2026-04-22T19:29:50.823Z] Aria (MEDIC) discovered Derelict Ship in Alpha-1
[2026-04-22T19:41:20.844Z] Nyx (ENGINEER) discovered Derelict Ship in Alpha-1
[2026-04-22T19:45:50.849Z] Vex (PILOT) discovered Nebula Cloud in Alpha-1
[2026-04-22T19:53:50.861Z] Aria (MEDIC) discovered Derelict Ship in Alpha-1
[2026-04-22T19:56:50.873Z] Luna (COMBAT) discovered Nebula Cloud in Alpha-1
[2026-04-22T20:11:20.889Z] Vex (PILOT) discovered Space Anomaly in Alpha-1
[2026-04-22T20:11:20.892Z] Nyx (ENGINEER) discovered Derelict Ship in Alpha-1
[2026-04-22T20:23:50.904Z] Jax (SCIENTIST) discovered Unknown Signal in Alpha-1
[2026-04-22T20:27:50.914Z] Nyx (ENGINEER) discovered Rare Minerals in Alpha-1
[2026-04-22T20:31:50.917Z] Nyx (ENGINEER) discovered Hidden Base in Alpha-1
[2026-04-22T21:16:50.980Z] Luna (COMBAT) discovered Anomalous Planet in Alpha-1
[2026-04-22T22:12:21.059Z] Luna (COMBAT) discovered Hidden Base in Alpha-1
[2026-04-22T22:16:51.072Z] Aria (MEDIC) discovered Anomalous Planet in Alpha-1
[2026-04-22T22:23:21.082Z] Aria (MEDIC) discovered Nebula Cloud in Alpha-1
[2026-04-22T22:32:51.089Z] Vex (PILOT) discovered Space Anomaly in Alpha-1
[2026-04-22T22:37:51.095Z] Nyx (ENGINEER) discovered Anomalous Planet in Alpha-1
[2026-04-22T22:37:51.096Z] Jax (SCIENTIST) discovered Alien Artifact in Alpha-1
[2026-04-22T22:37:51.098Z] Aria (MEDIC) discovered Alien Artifact in Alpha-1
[2026-04-22T22:45:21.105Z] Nyx (ENGINEER) discovered Nebula Cloud in Alpha-1
[2026-04-22T22:45:51.103Z] Jax (SCIENTIST) discovered Unknown Signal in Alpha-1
[2026-04-22T22:45:51.105Z] Luna (COMBAT) discovered Nebula Cloud in Alpha-1
[2026-04-22T22:55:21.121Z] Jax (SCIENTIST) discovered Ancient Ruins in Alpha-1
[2026-04-22T22:56:21.119Z] Nyx (ENGINEER) discovered Derelict Ship in Alpha-1
[2026-04-22T22:59:51.124Z] Nyx (ENGINEER) discovered Space Anomaly in Alpha-1
[2026-04-22T23:09:51.148Z] Luna (COMBAT) discovered Nebula Cloud in Alpha-1
[2026-04-22T23:14:51.157Z] Jax (SCIENTIST) discovered Ancient Ruins in Alpha-1
[2026-04-22T23:56:51.211Z] Luna (COMBAT) discovered Hidden Base in Alpha-1
[2026-04-23T00:11:21.243Z] Luna (COMBAT) discovered Hidden Base in Alpha-1
[2026-04-23T00:17:51.251Z] Aria (MEDIC) discovered Unknown Signal in Alpha-1
[2026-04-23T00:28:51.268Z] Jax (SCIENTIST) discovered Derelict Ship in Alpha-1
[2026-04-23T00:34:51.264Z] Luna (COMBAT) discovered Derelict Ship in Alpha-1
[2026-04-23T00:38:21.272Z] Jax (SCIENTIST) discovered Space Anomaly in Alpha-1
[2026-04-23T00:49:51.278Z] Vex (PILOT) discovered Hidden Base in Alpha-1
[2026-04-23T01:06:21.302Z] Nyx (ENGINEER) discovered Derelict Ship in Alpha-1
[2026-04-23T01:06:51.303Z] Luna (COMBAT) discovered Derelict Ship in Alpha-1
[2026-04-23T01:18:21.317Z] Luna (COMBAT) discovered Space Anomaly in Alpha-1
[2026-04-23T01:20:21.316Z] Jax (SCIENTIST) discovered Ancient Ruins in Alpha-1
[2026-04-23T01:33:21.334Z] Nyx (ENGINEER) discovered Nebula Cloud in Alpha-1
[2026-04-23T01:34:21.336Z] Nyx (ENGINEER) discovered Nebula Cloud in Alpha-1
[2026-04-23T01:35:21.338Z] Jax (SCIENTIST) discovered Unknown Signal in Alpha-1
[2026-04-23T01:45:51.346Z] Aria (MEDIC) discovered Unknown Signal in Alpha-1
[2026-04-23T01:46:21.347Z] Jax (SCIENTIST) discovered Derelict Ship in Alpha-1
[2026-04-23T01:55:51.355Z] Aria (MEDIC) discovered Alien Artifact in Alpha-1
[2026-04-23T02:06:51.366Z] Vex (PILOT) discovered Ancient Ruins in Alpha-1
[2026-04-23T02:09:21.370Z] Luna (COMBAT) discovered Ancient Ruins in Alpha-1
[2026-04-23T02:10:51.373Z] Vex (PILOT) discovered Rare Minerals in Alpha-1
[2026-04-23T02:11:51.378Z] Luna (COMBAT) discovered Ancient Ruins in Alpha-1
[2026-04-23T02:29:21.400Z] Nyx (ENGINEER) discovered Space Anomaly in Alpha-1
[2026-04-23T02:43:21.416Z] Luna (COMBAT) discovered Anomalous Planet in Alpha-1
[2026-04-23T02:48:51.420Z] Vex (PILOT) discovered Ancient Ruins in Alpha-1
[2026-04-23T02:55:51.431Z] Aria (MEDIC) discovered Unknown Signal in Alpha-1
[2026-04-23T02:57:21.429Z] Nyx (ENGINEER) discovered Ancient Ruins in Alpha-1
[2026-04-23T03:15:51.453Z] Vex (PILOT) discovered Space Anomaly in Alpha-1
[2026-04-23T03:16:21.460Z] Aria (MEDIC) discovered Nebula Cloud in Alpha-1
[2026-04-23T03:18:51.458Z] Luna (COMBAT) discovered Rare Minerals in Alpha-1
[2026-04-23T03:39:51.478Z] Luna (COMBAT) discovered Hidden Base in Alpha-1
[2026-04-23T03:57:21.488Z] Jax (SCIENTIST) discovered Space Anomaly in Alpha-1
[2026-04-23T04:07:21.503Z] Nyx (ENGINEER) discovered Nebula Cloud in Alpha-1
[2026-04-23T04:23:21.522Z] Luna (COMBAT) discovered Ancient Ruins in Alpha-1
[2026-04-23T04:50:21.552Z] Aria (MEDIC) discovered Ancient Ruins in Alpha-1
[2026-04-23T04:50:51.545Z] Vex (PILOT) discovered Unknown Signal in Alpha-1
[2026-04-23T05:11:51.570Z] Luna (COMBAT) discovered Space Anomaly in Alpha-1
[2026-04-23T05:20:21.577Z] Vex (PILOT) discovered Alien Artifact in Alpha-1
[2026-04-23T05:57:21.624Z] Jax (SCIENTIST) discovered Anomalous Planet in Alpha-1
[2026-04-23T06:02:21.633Z] Luna (COMBAT) discovered Space Anomaly in Alpha-1
[2026-04-23T06:05:21.634Z] Vex (PILOT) discovered Space Anomaly in Alpha-1
[2026-04-23T06:06:51.641Z] Vex (PILOT) discovered Derelict Ship in Alpha-1
[2026-04-23T06:10:21.649Z] Aria (MEDIC) discovered Alien Artifact in Alpha-1
[2026-04-23T06:18:21.657Z] Luna (COMBAT) discovered Ancient Ruins in Alpha-1
[2026-04-23T06:31:21.670Z] Jax (SCIENTIST) discovered Hidden Base in Alpha-1
[2026-04-23T06:32:21.671Z] Vex (PILOT) discovered Alien Artifact in Alpha-1
[2026-04-23T06:34:21.681Z] Jax (SCIENTIST) discovered Anomalous Planet in Alpha-1
[2026-04-23T06:46:51.698Z] Jax (SCIENTIST) discovered Space Anomaly in Alpha-1
[2026-04-23T07:18:51.731Z] Luna (COMBAT) discovered Alien Artifact in Alpha-1
[2026-04-23T07:20:51.729Z] Vex (PILOT) discovered Hidden Base in Alpha-1
[2026-04-23T07:21:21.729Z] Vex (PILOT) discovered Derelict Ship in Alpha-1
[2026-04-23T07:30:21.741Z] Luna (COMBAT) discovered Alien Artifact in Alpha-1
[2026-04-23T07:36:51.741Z] Vex (PILOT) discovered Derelict Ship in Alpha-1
[2026-04-23T07:37:51.743Z] Luna (COMBAT) discovered Nebula Cloud in Alpha-1
[2026-04-23T07:42:21.748Z] Vex (PILOT) discovered Space Anomaly in Alpha-1
[2026-04-23T07:50:51.755Z] Jax (SCIENTIST) discovered Space Anomaly in Alpha-1
[2026-04-23T07:59:51.769Z] Luna (COMBAT) discovered Nebula Cloud in Alpha-1
[2026-04-23T08:02:51.772Z] Vex (PILOT) discovered Nebula Cloud in Alpha-1
[2026-04-23T08:11:51.787Z] Luna (COMBAT) discovered Unknown Signal in Alpha-1
[2026-04-23T08:27:21.800Z] Aria (MEDIC) discovered Rare Minerals in Alpha-1
[2026-04-23T08:34:51.800Z] Luna (COMBAT) discovered Space Anomaly in Alpha-1
[2026-04-23T08:41:21.802Z] Vex (PILOT) discovered Nebula Cloud in Alpha-1
[2026-04-23T09:12:51.833Z] Luna (COMBAT) discovered Ancient Ruins in Alpha-1
[2026-04-23T09:33:21.854Z] Jax (SCIENTIST) discovered Derelict Ship in Alpha-1
[2026-04-23T09:43:21.855Z] Jax (SCIENTIST) discovered Derelict Ship in Alpha-1
[2026-04-23T09:48:51.868Z] Aria (MEDIC) discovered Hidden Base in Alpha-1
[2026-04-23T09:52:51.872Z] Jax (SCIENTIST) discovered Space Anomaly in Alpha-1
[2026-04-23T09:59:51.879Z] Jax (SCIENTIST) discovered Hidden Base in Alpha-1
[2026-04-23T10:15:51.893Z] Luna (COMBAT) discovered Derelict Ship in Alpha-1
[2026-04-23T10:18:21.897Z] Luna (COMBAT) discovered Derelict Ship in Alpha-1
[2026-04-23T10:23:51.904Z] Aria (MEDIC) discovered Hidden Base in Alpha-1
[2026-04-23T10:26:21.902Z] Luna (COMBAT) discovered Derelict Ship in Alpha-1
[2026-04-23T10:39:51.911Z] Luna (COMBAT) discovered Anomalous Planet in Alpha-1
[2026-04-23T10:53:51.931Z] Luna (COMBAT) discovered Ancient Ruins in Alpha-1
[2026-04-23T10:56:51.928Z] Nyx (ENGINEER) discovered Nebula Cloud in Alpha-1
[2026-04-23T11:29:21.973Z] Jax (SCIENTIST) discovered Unknown Signal in Alpha-1
[2026-04-23T11:40:21.995Z] Vex (PILOT) discovered Derelict Ship in Alpha-1
[2026-04-23T12:06:22.031Z] Luna (COMBAT) discovered Rare Minerals in Alpha-1
[2026-04-23T12:07:22.031Z] Jax (SCIENTIST) discovered Nebula Cloud in Alpha-1
[2026-04-23T12:09:52.031Z] Vex (PILOT) discovered Anomalous Planet in Alpha-1
[2026-04-23T12:28:52.046Z] Aria (MEDIC) discovered Nebula Cloud in Alpha-1
[2026-04-23T12:40:52.057Z] Luna (COMBAT) discovered Ancient Ruins in Alpha-1
[2026-04-23T12:58:52.079Z] Luna (COMBAT) discovered Derelict Ship in Alpha-1
[2026-04-23T13:23:22.102Z] Aria (MEDIC) discovered Unknown Signal in Alpha-1
[2026-04-23T13:27:22.104Z] Aria (MEDIC) discovered Alien Artifact in Alpha-1
[2026-04-23T13:35:52.112Z] Aria (MEDIC) discovered Nebula Cloud in Alpha-1
[2026-04-23T13:36:52.110Z] Nyx (ENGINEER) discovered Nebula Cloud in Alpha-1
[2026-04-23T13:43:52.121Z] Aria (MEDIC) discovered Anomalous Planet in Alpha-1
[2026-04-23T13:48:52.125Z] Vex (PILOT) discovered Derelict Ship in Alpha-1
[2026-04-23T13:55:52.134Z] Nyx (ENGINEER) discovered Unknown Signal in Alpha-1
[2026-04-23T14:07:22.144Z] Jax (SCIENTIST) discovered Nebula Cloud in Alpha-1
[2026-04-23T14:10:22.151Z] Aria (MEDIC) discovered Derelict Ship in Alpha-1
[2026-04-23T14:18:22.153Z] Jax (SCIENTIST) discovered Ancient Ruins in Alpha-1
[2026-04-23T14:24:52.170Z] Jax (SCIENTIST) discovered Space Anomaly in Alpha-1
[2026-04-23T14:42:22.191Z] Aria (MEDIC) discovered Derelict Ship in Alpha-1
[2026-04-23T14:42:52.186Z] Luna (COMBAT) discovered Unknown Signal in Alpha-1
[2026-04-23T14:46:52.193Z] Jax (SCIENTIST) discovered Nebula Cloud in Alpha-1
[2026-04-23T14:52:52.193Z] Nyx (ENGINEER) discovered Ancient Ruins in Alpha-1
[2026-04-23T15:04:22.208Z] Luna (COMBAT) discovered Alien Artifact in Alpha-1
[2026-04-23T15:13:52.214Z] Vex (PILOT) discovered Alien Artifact in Alpha-1
[2026-04-23T15:19:52.223Z] Luna (COMBAT) discovered Nebula Cloud in Alpha-1
[2026-04-23T15:48:52.260Z] Jax (SCIENTIST) discovered Nebula Cloud in Alpha-1
[2026-04-23T15:52:22.262Z] Luna (COMBAT) discovered Rare Minerals in Alpha-1
[2026-04-23T16:14:22.293Z] Aria (MEDIC) discovered Hidden Base in Alpha-1
[2026-04-23T16:18:22.293Z] Nyx (ENGINEER) discovered Ancient Ruins in Alpha-1
[2026-04-23T16:21:22.297Z] Jax (SCIENTIST) discovered Hidden Base in Alpha-1
[2026-04-23T16:24:52.298Z] Luna (COMBAT) discovered Alien Artifact in Alpha-1
[2026-04-23T16:28:22.308Z] Aria (MEDIC) discovered Nebula Cloud in Alpha-1
[2026-04-23T16:40:22.311Z] Aria (MEDIC) discovered Ancient Ruins in Alpha-1
[2026-04-23T16:41:22.310Z] Vex (PILOT) discovered Derelict Ship in Alpha-1
[2026-04-23T16:54:22.335Z] Nyx (ENGINEER) discovered Alien Artifact in Alpha-1
[2026-04-23T16:55:52.342Z] Jax (SCIENTIST) discovered Derelict Ship in Alpha-1
[2026-04-23T16:55:52.344Z] Luna (COMBAT) discovered Nebula Cloud in Alpha-1
[2026-04-23T17:01:52.345Z] Nyx (ENGINEER) discovered Anomalous Planet in Alpha-1
[2026-04-23T17:18:52.372Z] Luna (COMBAT) discovered Derelict Ship in Alpha-1
[2026-04-23T17:26:22.384Z] Aria (MEDIC) discovered Space Anomaly in Alpha-1
[2026-04-23T17:32:22.386Z] Vex (PILOT) discovered Derelict Ship in Alpha-1
[2026-04-23T17:32:52.390Z] Aria (MEDIC) discovered Space Anomaly in Alpha-1
[2026-04-23T17:36:22.393Z] Vex (PILOT) discovered Ancient Ruins in Alpha-1
[2026-04-23T17:37:22.395Z] Nyx (ENGINEER) discovered Ancient Ruins in Alpha-1
[2026-04-23T17:49:52.407Z] Aria (MEDIC) discovered Hidden Base in Alpha-1
[2026-04-23T17:50:22.406Z] Jax (SCIENTIST) discovered Nebula Cloud in Alpha-1
[2026-04-23T17:52:22.409Z] Aria (MEDIC) discovered Unknown Signal in Alpha-1
[2026-04-23T17:58:52.417Z] Vex (PILOT) discovered Nebula Cloud in Alpha-1
[2026-04-23T18:38:22.476Z] Luna (COMBAT) discovered Space Anomaly in Alpha-1
[2026-04-23T18:40:22.480Z] Aria (MEDIC) discovered Rare Minerals in Alpha-1
[2026-04-23T18:41:22.484Z] Luna (COMBAT) discovered Hidden Base in Alpha-1
[2026-04-23T19:02:22.503Z] Nyx (ENGINEER) discovered Anomalous Planet in Alpha-1
[2026-04-23T19:03:52.505Z] Jax (SCIENTIST) discovered Space Anomaly in Alpha-1
[2026-04-23T19:12:22.512Z] Vex (PILOT) discovered Nebula Cloud in Alpha-1
[2026-04-23T19:15:22.520Z] Nyx (ENGINEER) discovered Rare Minerals in Alpha-1
[2026-04-23T19:29:52.547Z] Jax (SCIENTIST) discovered Hidden Base in Alpha-1
[2026-04-23T19:31:22.550Z] Aria (MEDIC) discovered Nebula Cloud in Alpha-1
[2026-04-23T19:44:22.558Z] Vex (PILOT) discovered Ancient Ruins in Alpha-1
[2026-04-23T19:51:52.568Z] Aria (MEDIC) discovered Alien Artifact in Alpha-1
[2026-04-23T20:08:22.603Z] Vex (PILOT) discovered Anomalous Planet in Alpha-1
[2026-04-23T20:14:52.608Z] Luna (COMBAT) discovered Rare Minerals in Alpha-1
[2026-04-23T20:29:22.638Z] Aria (MEDIC) discovered Hidden Base in Alpha-1
[2026-04-23T20:38:52.643Z] Luna (COMBAT) discovered Ancient Ruins in Alpha-1
[2026-04-23T20:48:22.657Z] Aria (MEDIC) discovered Hidden Base in Alpha-1
[2026-04-23T20:55:22.657Z] Nyx (ENGINEER) discovered Hidden Base in Alpha-1
[2026-04-23T20:55:52.661Z] Nyx (ENGINEER) discovered Ancient Ruins in Alpha-1
[2026-04-23T20:59:22.661Z] Vex (PILOT) discovered Nebula Cloud in Alpha-1
[2026-04-23T21:02:22.665Z] Nyx (ENGINEER) discovered Anomalous Planet in Alpha-1
[2026-04-23T21:19:22.682Z] Jax (SCIENTIST) discovered Hidden Base in Alpha-1
[2026-04-23T21:23:22.686Z] Luna (COMBAT) discovered Derelict Ship in Alpha-1
[2026-04-23T21:37:22.697Z] Aria (MEDIC) discovered Derelict Ship in Alpha-1
[2026-04-23T21:42:22.703Z] Aria (MEDIC) discovered Hidden Base in Alpha-1
[2026-04-23T21:43:22.698Z] Nyx (ENGINEER) discovered Ancient Ruins in Alpha-1
[2026-04-23T21:59:22.729Z] Luna (COMBAT) discovered Ancient Ruins in Alpha-1
[2026-04-23T22:27:52.759Z] Aria (MEDIC) discovered Alien Artifact in Alpha-1
[2026-04-23T22:35:22.766Z] Vex (PILOT) discovered Hidden Base in Alpha-1
[2026-04-23T22:53:22.798Z] Aria (MEDIC) discovered Rare Minerals in Alpha-1
[2026-04-23T22:56:22.793Z] Vex (PILOT) discovered Derelict Ship in Alpha-1
[2026-04-23T23:06:22.800Z] Vex (PILOT) discovered Space Anomaly in Alpha-1
[2026-04-23T23:12:22.811Z] Luna (COMBAT) discovered Anomalous Planet in Alpha-1
[2026-04-23T23:32:22.834Z] Nyx (ENGINEER) discovered Space Anomaly in Alpha-1
[2026-04-23T23:37:52.838Z] Jax (SCIENTIST) discovered Unknown Signal in Alpha-1
[2026-04-23T23:41:52.843Z] Vex (PILOT) discovered Nebula Cloud in Alpha-1
[2026-04-23T23:49:22.852Z] Aria (MEDIC) discovered Alien Artifact in Alpha-1
[2026-04-24T00:00:22.881Z] Aria (MEDIC) discovered Anomalous Planet in Alpha-1
[2026-04-24T00:01:52.871Z] Aria (MEDIC) discovered Nebula Cloud in Alpha-1
[2026-04-24T00:02:52.869Z] Luna (COMBAT) discovered Rare Minerals in Alpha-1
[2026-04-24T00:06:22.868Z] Vex (PILOT) discovered Derelict Ship in Alpha-1
[2026-04-24T00:18:52.886Z] Aria (MEDIC) discovered Unknown Signal in Alpha-1
[2026-04-24T00:47:52.910Z] Aria (MEDIC) discovered Alien Artifact in Alpha-1
[2026-04-24T00:51:52.920Z] Luna (COMBAT) discovered Rare Minerals in Alpha-1
[2026-04-24T01:09:52.940Z] Vex (PILOT) discovered Ancient Ruins in Alpha-1
[2026-04-24T01:10:22.940Z] Nyx (ENGINEER) discovered Hidden Base in Alpha-1
[2026-04-24T01:17:22.979Z] Jax (SCIENTIST) discovered Alien Artifact in Alpha-1
[2026-04-24T01:31:52.978Z] Aria (MEDIC) discovered Space Anomaly in Alpha-1
[2026-04-24T01:51:22.999Z] Jax (SCIENTIST) discovered Anomalous Planet in Alpha-1
[2026-04-24T02:06:53.008Z] Vex (PILOT) discovered Rare Minerals in Alpha-1
[2026-04-24T02:08:23.010Z] Nyx (ENGINEER) discovered Anomalous Planet in Alpha-1
[2026-04-24T02:10:53.010Z] Vex (PILOT) discovered Rare Minerals in Alpha-1
[2026-04-24T02:29:53.045Z] Luna (COMBAT) discovered Derelict Ship in Alpha-1
[2026-04-24T02:32:23.046Z] Jax (SCIENTIST) discovered Nebula Cloud in Alpha-1
[2026-04-24T02:33:23.047Z] Jax (SCIENTIST) discovered Ancient Ruins in Alpha-1
[2026-04-24T02:40:53.053Z] Vex (PILOT) discovered Anomalous Planet in Alpha-1
[2026-04-24T02:43:53.070Z] Luna (COMBAT) discovered Space Anomaly in Alpha-1
[2026-04-24T02:50:53.073Z] Aria (MEDIC) discovered Space Anomaly in Alpha-1
[2026-04-24T03:02:53.086Z] Nyx (ENGINEER) discovered Derelict Ship in Alpha-1
[2026-04-24T03:07:53.097Z] Luna (COMBAT) discovered Unknown Signal in Alpha-1
[2026-04-24T03:12:53.098Z] Luna (COMBAT) discovered Hidden Base in Alpha-1
[2026-04-24T03:18:23.098Z] Jax (SCIENTIST) discovered Ancient Ruins in Alpha-1
[2026-04-24T03:27:23.110Z] Aria (MEDIC) discovered Nebula Cloud in Alpha-1
[2026-04-24T03:37:53.119Z] Aria (MEDIC) discovered Space Anomaly in Alpha-1
[2026-04-24T03:48:53.130Z] Nyx (ENGINEER) discovered Space Anomaly in Alpha-1
[2026-04-24T04:16:53.152Z] Nyx (ENGINEER) discovered Derelict Ship in Alpha-1
[2026-04-24T04:34:23.183Z] Jax (SCIENTIST) discovered Nebula Cloud in Alpha-1
[2026-04-24T04:35:23.183Z] Jax (SCIENTIST) discovered Unknown Signal in Alpha-1
[2026-04-24T04:36:23.183Z] Aria (MEDIC) discovered Space Anomaly in Alpha-1
[2026-04-24T04:51:53.197Z] Luna (COMBAT) discovered Hidden Base in Alpha-1
[2026-04-24T05:16:53.215Z] Nyx (ENGINEER) discovered Alien Artifact in Alpha-1
[2026-04-24T05:20:53.222Z] Aria (MEDIC) discovered Derelict Ship in Alpha-1
[2026-04-24T05:30:23.234Z] Jax (SCIENTIST) discovered Alien Artifact in Alpha-1
[2026-04-24T05:41:23.243Z] Luna (COMBAT) discovered Anomalous Planet in Alpha-1
[2026-04-24T05:49:53.253Z] Luna (COMBAT) discovered Nebula Cloud in Alpha-1
[2026-04-24T06:04:23.262Z] Aria (MEDIC) discovered Space Anomaly in Alpha-1
[2026-04-24T06:09:53.262Z] Nyx (ENGINEER) discovered Ancient Ruins in Alpha-1
[2026-04-24T06:25:23.303Z] Luna (COMBAT) discovered Space Anomaly in Alpha-1
[2026-04-24T06:27:23.307Z] Aria (MEDIC) discovered Hidden Base in Alpha-1
[2026-04-24T06:58:53.346Z] Luna (COMBAT) discovered Alien Artifact in Alpha-1
[2026-04-24T07:12:23.382Z] Vex (PILOT) discovered Derelict Ship in Alpha-1
[2026-04-24T07:41:23.433Z] Luna (COMBAT) discovered Derelict Ship in Alpha-1
[2026-04-24T08:00:23.448Z] Nyx (ENGINEER) discovered Rare Minerals in Alpha-1
[2026-04-24T08:20:23.469Z] Jax (SCIENTIST) discovered Ancient Ruins in Alpha-1
[2026-04-24T08:23:23.467Z] Luna (COMBAT) discovered Rare Minerals in Alpha-1
[2026-04-24T08:24:23.467Z] Nyx (ENGINEER) discovered Hidden Base in Alpha-1
[2026-04-24T08:41:23.492Z] Luna (COMBAT) discovered Alien Artifact in Alpha-1
[2026-04-24T08:46:23.498Z] Luna (COMBAT) discovered Hidden Base in Alpha-1
[2026-04-24T08:51:53.500Z] Nyx (ENGINEER) discovered Nebula Cloud in Alpha-1
[2026-04-24T08:54:23.502Z] Vex (PILOT) discovered Hidden Base in Alpha-1
[2026-04-24T08:55:23.503Z] Vex (PILOT) discovered Hidden Base in Alpha-1
[2026-04-24T08:58:53.506Z] Vex (PILOT) discovered Space Anomaly in Alpha-1
[2026-04-24T09:09:53.522Z] Aria (MEDIC) discovered Space Anomaly in Alpha-1
[2026-04-24T09:12:53.514Z] Vex (PILOT) discovered Rare Minerals in Alpha-1
[2026-04-24T09:16:23.523Z] Jax (SCIENTIST) discovered Ancient Ruins in Alpha-1
[2026-04-24T09:17:53.525Z] Jax (SCIENTIST) discovered Unknown Signal in Alpha-1
[2026-04-24T09:18:53.528Z] Aria (MEDIC) discovered Space Anomaly in Alpha-1
[2026-04-24T09:20:53.537Z] Luna (COMBAT) discovered Ancient Ruins in Alpha-1
[2026-04-24T09:21:23.537Z] Luna (COMBAT) discovered Space Anomaly in Alpha-1
[2026-04-24T09:37:53.554Z] Jax (SCIENTIST) discovered Rare Minerals in Alpha-1
[2026-04-24T09:45:23.561Z] Aria (MEDIC) discovered Ancient Ruins in Alpha-1
[2026-04-24T10:09:53.590Z] Luna (COMBAT) discovered Rare Minerals in Alpha-1
[2026-04-24T10:18:53.604Z] Jax (SCIENTIST) discovered Rare Minerals in Alpha-1
[2026-04-24T10:29:53.608Z] Jax (SCIENTIST) discovered Nebula Cloud in Alpha-1
[2026-04-24T10:30:23.610Z] Luna (COMBAT) discovered Ancient Ruins in Alpha-1
[2026-04-24T10:33:23.610Z] Nyx (ENGINEER) discovered Anomalous Planet in Alpha-1
[2026-04-24T10:33:23.611Z] Jax (SCIENTIST) discovered Alien Artifact in Alpha-1
[2026-04-24T10:38:23.620Z] Luna (COMBAT) discovered Hidden Base in Alpha-1
[2026-04-24T10:57:53.644Z] Vex (PILOT) discovered Alien Artifact in Alpha-1
[2026-04-24T11:00:23.648Z] Aria (MEDIC) discovered Space Anomaly in Alpha-1
[2026-04-24T11:17:23.666Z] Nyx (ENGINEER) discovered Unknown Signal in Alpha-1
[2026-04-24T11:23:23.671Z] Jax (SCIENTIST) discovered Alien Artifact in Alpha-1
[2026-04-24T11:31:23.686Z] Vex (PILOT) discovered Nebula Cloud in Alpha-1
[2026-04-24T11:32:23.690Z] Luna (COMBAT) discovered Hidden Base in Alpha-1
[2026-04-24T11:34:53.697Z] Luna (COMBAT) discovered Derelict Ship in Alpha-1
[2026-04-24T11:54:23.715Z] Vex (PILOT) discovered Ancient Ruins in Alpha-1
[2026-04-24T12:11:53.746Z] Nyx (ENGINEER) discovered Anomalous Planet in Alpha-1
[2026-04-24T12:30:53.762Z] Jax (SCIENTIST) discovered Rare Minerals in Alpha-1
[2026-04-24T12:47:53.783Z] Nyx (ENGINEER) discovered Unknown Signal in Alpha-1
[2026-04-24T12:54:53.801Z] Aria (MEDIC) discovered Derelict Ship in Alpha-1
[2026-04-24T13:13:23.822Z] Aria (MEDIC) discovered Alien Artifact in Alpha-1
[2026-04-24T13:19:53.837Z] Aria (MEDIC) discovered Ancient Ruins in Alpha-1
[2026-04-24T14:01:23.913Z] Jax (SCIENTIST) discovered Nebula Cloud in Alpha-1
[2026-04-24T14:03:53.911Z] Vex (PILOT) discovered Rare Minerals in Alpha-1
[2026-04-24T14:06:53.922Z] Jax (SCIENTIST) discovered Anomalous Planet in Alpha-1
[2026-04-24T14:38:53.951Z] Luna (COMBAT) discovered Alien Artifact in Alpha-1
[2026-04-24T14:48:53.974Z] Aria (MEDIC) discovered Nebula Cloud in Alpha-1
[2026-04-24T14:51:53.979Z] Nyx (ENGINEER) discovered Ancient Ruins in Alpha-1
[2026-04-24T14:53:23.986Z] Luna (COMBAT) discovered Nebula Cloud in Alpha-1
[2026-04-24T15:11:54.021Z] Jax (SCIENTIST) discovered Ancient Ruins in Alpha-1
[2026-04-24T15:20:24.035Z] Vex (PILOT) discovered Nebula Cloud in Alpha-1
[2026-04-24T15:22:24.044Z] Luna (COMBAT) discovered Anomalous Planet in Alpha-1
[2026-04-24T15:42:54.070Z] Aria (MEDIC) discovered Unknown Signal in Alpha-1
[2026-04-24T15:49:54.074Z] Luna (COMBAT) discovered Ancient Ruins in Alpha-1
[2026-04-24T16:03:54.101Z] Aria (MEDIC) discovered Anomalous Planet in Alpha-1
[2026-04-24T16:07:24.106Z] Jax (SCIENTIST) discovered Hidden Base in Alpha-1
[2026-04-24T16:18:54.144Z] Vex (PILOT) discovered Ancient Ruins in Alpha-1
[2026-04-24T16:23:24.153Z] Aria (MEDIC) discovered Hidden Base in Alpha-1
[2026-04-24T16:24:54.149Z] Vex (PILOT) discovered Alien Artifact in Alpha-1
[2026-04-24T16:24:54.151Z] Jax (SCIENTIST) discovered Derelict Ship in Alpha-1
[2026-04-24T16:38:54.169Z] Vex (PILOT) discovered Rare Minerals in Alpha-1
[2026-04-24T16:40:54.173Z] Vex (PILOT) discovered Alien Artifact in Alpha-1
[2026-04-24T17:12:24.237Z] Nyx (ENGINEER) discovered Derelict Ship in Alpha-1
[2026-04-24T17:12:54.244Z] Aria (MEDIC) discovered Alien Artifact in Alpha-1
[2026-04-24T17:29:24.264Z] Jax (SCIENTIST) discovered Alien Artifact in Alpha-1
[2026-04-24T17:50:54.305Z] Vex (PILOT) discovered Nebula Cloud in Alpha-1
[2026-04-24T17:51:24.305Z] Vex (PILOT) discovered Ancient Ruins in Alpha-1
[2026-04-24T18:08:54.341Z] Luna (COMBAT) discovered Nebula Cloud in Alpha-1
[2026-04-24T18:09:24.336Z] Vex (PILOT) discovered Alien Artifact in Alpha-1
[2026-04-24T18:21:54.376Z] Nyx (ENGINEER) discovered Alien Artifact in Alpha-1
[2026-04-24T18:32:54.392Z] Vex (PILOT) discovered Rare Minerals in Alpha-1
[2026-04-24T18:33:24.393Z] Nyx (ENGINEER) discovered Space Anomaly in Alpha-1
[2026-04-24T18:56:24.411Z] Vex (PILOT) discovered Ancient Ruins in Alpha-1
[2026-04-24T19:06:24.425Z] Vex (PILOT) discovered Unknown Signal in Alpha-1
[2026-04-24T19:07:24.430Z] Nyx (ENGINEER) discovered Derelict Ship in Alpha-1
[2026-04-24T19:09:54.434Z] Luna (COMBAT) discovered Anomalous Planet in Alpha-1
[2026-04-24T19:47:24.473Z] Luna (COMBAT) discovered Anomalous Planet in Alpha-1
[2026-04-24T20:19:54.509Z] Vex (PILOT) discovered Alien Artifact in Alpha-1
[2026-04-24T20:21:24.525Z] Aria (MEDIC) discovered Derelict Ship in Alpha-1
[2026-04-24T20:33:54.527Z] Jax (SCIENTIST) discovered Space Anomaly in Alpha-1
[2026-04-24T21:01:54.573Z] Luna (COMBAT) discovered Alien Artifact in Alpha-1
[2026-04-24T21:02:54.571Z] Vex (PILOT) discovered Nebula Cloud in Alpha-1
[2026-04-24T21:05:24.577Z] Vex (PILOT) discovered Derelict Ship in Alpha-1
[2026-04-24T21:18:24.604Z] Jax (SCIENTIST) discovered Hidden Base in Alpha-1
[2026-04-24T21:24:24.610Z] Vex (PILOT) discovered Unknown Signal in Alpha-1
[2026-04-24T21:25:24.614Z] Luna (COMBAT) discovered Rare Minerals in Alpha-1
[2026-04-24T21:28:24.613Z] Nyx (ENGINEER) discovered Ancient Ruins in Alpha-1
[2026-04-24T21:38:54.628Z] Vex (PILOT) discovered Nebula Cloud in Alpha-1
[2026-04-24T21:43:54.637Z] Luna (COMBAT) discovered Space Anomaly in Alpha-1
[2026-04-24T21:52:54.642Z] Jax (SCIENTIST) discovered Unknown Signal in Alpha-1
[2026-04-24T21:58:24.656Z] Luna (COMBAT) discovered Derelict Ship in Alpha-1
[2026-04-24T22:01:24.661Z] Jax (SCIENTIST) discovered Hidden Base in Alpha-1
[2026-04-24T22:08:54.664Z] Nyx (ENGINEER) discovered Derelict Ship in Alpha-1
[2026-04-24T22:11:54.665Z] Nyx (ENGINEER) discovered Ancient Ruins in Alpha-1
[2026-04-24T22:17:24.681Z] Aria (MEDIC) discovered Alien Artifact in Alpha-1
[2026-04-24T22:18:54.682Z] Aria (MEDIC) discovered Alien Artifact in Alpha-1
[2026-04-24T22:26:54.694Z] Jax (SCIENTIST) discovered Ancient Ruins in Alpha-1
[2026-04-24T22:42:24.702Z] Vex (PILOT) discovered Space Anomaly in Alpha-1
[2026-04-24T22:56:24.726Z] Aria (MEDIC) discovered Unknown Signal in Alpha-1
[2026-04-24T22:57:54.717Z] Luna (COMBAT) discovered Rare Minerals in Alpha-1
[2026-04-24T23:07:24.734Z] Nyx (ENGINEER) discovered Space Anomaly in Alpha-1
[2026-04-24T23:32:54.763Z] Nyx (ENGINEER) discovered Unknown Signal in Alpha-1
[2026-04-25T00:06:54.865Z] Aria (MEDIC) discovered Rare Minerals in Alpha-1
[2026-04-25T00:09:24.863Z] Nyx (ENGINEER) discovered Hidden Base in Alpha-1
[2026-04-25T00:26:24.895Z] Jax (SCIENTIST) discovered Derelict Ship in Alpha-1
[2026-04-25T00:39:54.904Z] Luna (COMBAT) discovered Alien Artifact in Alpha-1
[2026-04-25T00:40:54.906Z] Luna (COMBAT) discovered Space Anomaly in Alpha-1
[2026-04-25T00:58:24.928Z] Vex (PILOT) discovered Ancient Ruins in Alpha-1
[2026-04-25T01:11:54.950Z] Luna (COMBAT) discovered Derelict Ship in Alpha-1
[2026-04-25T01:38:24.982Z] Aria (MEDIC) discovered Nebula Cloud in Alpha-1
[2026-04-25T01:49:54.997Z] Luna (COMBAT) discovered Alien Artifact in Alpha-1
[2026-04-25T01:57:55.005Z] Nyx (ENGINEER) discovered Nebula Cloud in Alpha-1
[2026-04-25T01:58:55.010Z] Aria (MEDIC) discovered Unknown Signal in Alpha-1
[2026-04-25T02:43:55.065Z] Nyx (ENGINEER) discovered Alien Artifact in Alpha-1
[2026-04-25T02:44:25.070Z] Luna (COMBAT) discovered Derelict Ship in Alpha-1
[2026-04-25T02:46:55.072Z] Aria (MEDIC) discovered Unknown Signal in Alpha-1
[2026-04-25T02:47:55.072Z] Jax (SCIENTIST) discovered Alien Artifact in Alpha-1
[2026-04-25T02:53:55.081Z] Nyx (ENGINEER) discovered Unknown Signal in Alpha-1
[2026-04-25T03:05:25.108Z] Jax (SCIENTIST) discovered Hidden Base in Alpha-1
[2026-04-25T03:17:55.120Z] Nyx (ENGINEER) discovered Anomalous Planet in Alpha-1
[2026-04-25T03:21:25.125Z] Vex (PILOT) discovered Unknown Signal in Alpha-1
[2026-04-25T03:33:55.146Z] Vex (PILOT) discovered Alien Artifact in Alpha-1
[2026-04-25T03:47:55.161Z] Jax (SCIENTIST) discovered Hidden Base in Alpha-1
[2026-04-25T03:47:55.165Z] Luna (COMBAT) discovered Ancient Ruins in Alpha-1
[2026-04-25T04:00:55.174Z] Luna (COMBAT) discovered Rare Minerals in Alpha-1
[2026-04-25T04:43:25.240Z] Nyx (ENGINEER) discovered Rare Minerals in Alpha-1
[2026-04-25T04:52:55.248Z] Luna (COMBAT) discovered Alien Artifact in Alpha-1
[2026-04-25T04:57:55.250Z] Nyx (ENGINEER) discovered Unknown Signal in Alpha-1
[2026-04-25T05:09:25.259Z] Luna (COMBAT) discovered Anomalous Planet in Alpha-1
[2026-04-25T05:14:55.262Z] Jax (SCIENTIST) discovered Space Anomaly in Alpha-1
[2026-04-25T05:17:55.274Z] Aria (MEDIC) discovered Anomalous Planet in Alpha-1
[2026-04-25T05:32:25.282Z] Vex (PILOT) discovered Anomalous Planet in Alpha-1
[2026-04-25T05:42:55.301Z] Luna (COMBAT) discovered Anomalous Planet in Alpha-1
[2026-04-25T05:47:25.304Z] Luna (COMBAT) discovered Nebula Cloud in Alpha-1
[2026-04-25T05:49:25.303Z] Nyx (ENGINEER) discovered Space Anomaly in Alpha-1
[2026-04-25T05:53:25.304Z] Vex (PILOT) discovered Nebula Cloud in Alpha-1
[2026-04-25T06:00:55.309Z] Nyx (ENGINEER) discovered Derelict Ship in Alpha-1
[2026-04-25T06:18:55.332Z] Jax (SCIENTIST) discovered Nebula Cloud in Alpha-1
[2026-04-25T06:21:55.335Z] Nyx (ENGINEER) discovered Ancient Ruins in Alpha-1
[2026-04-25T06:31:25.339Z] Vex (PILOT) discovered Ancient Ruins in Alpha-1
[2026-04-25T06:34:25.348Z] Jax (SCIENTIST) discovered Anomalous Planet in Alpha-1
[2026-04-25T06:57:55.366Z] Luna (COMBAT) discovered Ancient Ruins in Alpha-1
[2026-04-25T07:00:55.376Z] Nyx (ENGINEER) discovered Unknown Signal in Alpha-1
[2026-04-25T07:19:55.400Z] Nyx (ENGINEER) discovered Ancient Ruins in Alpha-1
[2026-04-25T07:45:55.440Z] Jax (SCIENTIST) discovered Nebula Cloud in Alpha-1
[2026-04-25T07:47:55.440Z] Vex (PILOT) discovered Alien Artifact in Alpha-1
[2026-04-25T07:58:55.453Z] Jax (SCIENTIST) discovered Derelict Ship in Alpha-1
[2026-04-25T08:29:55.490Z] Aria (MEDIC) discovered Anomalous Planet in Alpha-1
[2026-04-25T09:00:25.506Z] Nyx (ENGINEER) discovered Unknown Signal in Alpha-1
[2026-04-25T09:12:25.511Z] Vex (PILOT) discovered Hidden Base in Alpha-1
[2026-04-25T09:33:55.541Z] Nyx (ENGINEER) discovered Nebula Cloud in Alpha-1
[2026-04-25T09:37:25.548Z] Aria (MEDIC) discovered Space Anomaly in Alpha-1
[2026-04-25T09:39:25.550Z] Luna (COMBAT) discovered Nebula Cloud in Alpha-1
[2026-04-25T09:45:25.552Z] Nyx (ENGINEER) discovered Ancient Ruins in Alpha-1
[2026-04-25T09:48:25.552Z] Vex (PILOT) discovered Derelict Ship in Alpha-1
[2026-04-25T09:54:55.558Z] Jax (SCIENTIST) discovered Derelict Ship in Alpha-1
[2026-04-25T10:13:25.586Z] Luna (COMBAT) discovered Hidden Base in Alpha-1
[2026-04-25T10:30:25.603Z] Jax (SCIENTIST) discovered Alien Artifact in Alpha-1
[2026-04-25T10:43:25.617Z] Aria (MEDIC) discovered Nebula Cloud in Alpha-1
[2026-04-25T10:46:25.614Z] Vex (PILOT) discovered Ancient Ruins in Alpha-1
[2026-04-25T10:55:25.636Z] Vex (PILOT) discovered Derelict Ship in Alpha-1
[2026-04-25T10:55:55.639Z] Vex (PILOT) discovered Space Anomaly in Alpha-1
[2026-04-25T11:01:55.646Z] Nyx (ENGINEER) discovered Derelict Ship in Alpha-1
[2026-04-25T11:05:25.648Z] Nyx (ENGINEER) discovered Ancient Ruins in Alpha-1
[2026-04-25T11:13:55.657Z] Nyx (ENGINEER) discovered Space Anomaly in Alpha-1
[2026-04-25T11:30:55.670Z] Nyx (ENGINEER) discovered Ancient Ruins in Alpha-1
[2026-04-25T11:43:55.690Z] Aria (MEDIC) discovered Rare Minerals in Alpha-1
[2026-04-25T11:50:55.694Z] Vex (PILOT) discovered Space Anomaly in Alpha-1
[2026-04-25T12:19:25.739Z] Vex (PILOT) discovered Derelict Ship in Alpha-1
[2026-04-25T12:40:25.771Z] Aria (MEDIC) discovered Space Anomaly in Alpha-1
[2026-04-25T12:42:55.771Z] Luna (COMBAT) discovered Hidden Base in Alpha-1
[2026-04-25T12:44:55.772Z] Vex (PILOT) discovered Ancient Ruins in Alpha-1
[2026-04-25T12:47:25.778Z] Vex (PILOT) discovered Hidden Base in Alpha-1
[2026-04-25T12:55:55.793Z] Aria (MEDIC) discovered Ancient Ruins in Alpha-1
[2026-04-25T13:08:55.814Z] Luna (COMBAT) discovered Ancient Ruins in Alpha-1
[2026-04-25T13:09:25.810Z] Aria (MEDIC) discovered Anomalous Planet in Alpha-1
[2026-04-25T13:29:25.840Z] Luna (COMBAT) discovered Unknown Signal in Alpha-1
[2026-04-25T13:31:55.839Z] Vex (PILOT) discovered Nebula Cloud in Alpha-1
[2026-04-25T13:35:55.847Z] Aria (MEDIC) discovered Anomalous Planet in Alpha-1
[2026-04-25T13:38:55.852Z] Luna (COMBAT) discovered Alien Artifact in Alpha-1
[2026-04-25T13:41:25.848Z] Nyx (ENGINEER) discovered Anomalous Planet in Alpha-1
[2026-04-25T13:42:25.848Z] Nyx (ENGINEER) discovered Alien Artifact in Alpha-1
[2026-04-25T14:13:55.887Z] Nyx (ENGINEER) discovered Ancient Ruins in Alpha-1
[2026-04-25T14:16:55.898Z] Luna (COMBAT) discovered Anomalous Planet in Alpha-1
[2026-04-25T14:18:25.898Z] Jax (SCIENTIST) discovered Ancient Ruins in Alpha-1
[2026-04-25T14:56:55.949Z] Nyx (ENGINEER) discovered Derelict Ship in Alpha-1
[2026-04-25T15:45:56.007Z] Luna (COMBAT) discovered Nebula Cloud in Alpha-1
[2026-04-25T15:55:56.008Z] Vex (PILOT) discovered Unknown Signal in Alpha-1
[2026-04-25T15:57:56.011Z] Vex (PILOT) discovered Unknown Signal in Alpha-1
[2026-04-25T16:03:56.016Z] Nyx (ENGINEER) discovered Space Anomaly in Alpha-1
[2026-04-25T16:14:56.022Z] Vex (PILOT) discovered Ancient Ruins in Alpha-1
[2026-04-25T16:19:56.035Z] Jax (SCIENTIST) discovered Anomalous Planet in Alpha-1
[2026-04-25T16:20:56.037Z] Luna (COMBAT) discovered Rare Minerals in Alpha-1
[2026-04-25T16:25:26.044Z] Vex (PILOT) discovered Unknown Signal in Alpha-1
[2026-04-25T16:31:56.054Z] Jax (SCIENTIST) discovered Nebula Cloud in Alpha-1
[2026-04-25T16:35:56.051Z] Luna (COMBAT) discovered Anomalous Planet in Alpha-1
[2026-04-25T16:38:56.055Z] Luna (COMBAT) discovered Alien Artifact in Alpha-1
[2026-04-25T16:48:26.066Z] Nyx (ENGINEER) discovered Rare Minerals in Alpha-1
[2026-04-25T16:59:56.092Z] Luna (COMBAT) discovered Unknown Signal in Alpha-1
[2026-04-25T17:03:56.097Z] Jax (SCIENTIST) discovered Nebula Cloud in Alpha-1
[2026-04-25T17:09:26.104Z] Nyx (ENGINEER) discovered Derelict Ship in Alpha-1
[2026-04-25T17:11:56.109Z] Luna (COMBAT) discovered Alien Artifact in Alpha-1
[2026-04-25T17:22:56.125Z] Aria (MEDIC) discovered Hidden Base in Alpha-1
[2026-04-25T17:28:26.128Z] Luna (COMBAT) discovered Alien Artifact in Alpha-1
[2026-04-25T17:37:56.149Z] Luna (COMBAT) discovered Unknown Signal in Alpha-1
[2026-04-25T17:40:26.144Z] Vex (PILOT) discovered Unknown Signal in Alpha-1
[2026-04-25T17:48:26.159Z] Luna (COMBAT) discovered Derelict Ship in Alpha-1
[2026-04-25T17:56:56.156Z] Vex (PILOT) discovered Nebula Cloud in Alpha-1
[2026-04-25T17:58:26.159Z] Jax (SCIENTIST) discovered Nebula Cloud in Alpha-1
[2026-04-25T18:37:56.201Z] Vex (PILOT) discovered Space Anomaly in Alpha-1
[2026-04-25T18:54:56.219Z] Vex (PILOT) discovered Rare Minerals in Alpha-1
[2026-04-25T19:03:56.243Z] Luna (COMBAT) discovered Derelict Ship in Alpha-1
[2026-04-25T19:19:26.265Z] Aria (MEDIC) discovered Ancient Ruins in Alpha-1
[2026-04-25T19:32:26.269Z] Vex (PILOT) discovered Alien Artifact in Alpha-1
[2026-04-25T19:32:56.271Z] Nyx (ENGINEER) discovered Alien Artifact in Alpha-1
[2026-04-25T19:40:26.285Z] Vex (PILOT) discovered Anomalous Planet in Alpha-1
[2026-04-25T19:51:26.299Z] Jax (SCIENTIST) discovered Derelict Ship in Alpha-1
[2026-04-25T20:29:26.340Z] Jax (SCIENTIST) discovered Anomalous Planet in Alpha-1
[2026-04-25T20:44:26.355Z] Vex (PILOT) discovered Unknown Signal in Alpha-1
[2026-04-25T20:48:26.365Z] Jax (SCIENTIST) discovered Unknown Signal in Alpha-1
[2026-04-25T20:49:26.365Z] Nyx (ENGINEER) discovered Alien Artifact in Alpha-1
[2026-04-25T20:49:56.366Z] Nyx (ENGINEER) discovered Space Anomaly in Alpha-1
[2026-04-25T20:53:26.372Z] Jax (SCIENTIST) discovered Unknown Signal in Alpha-1
[2026-04-25T20:55:56.378Z] Jax (SCIENTIST) discovered Rare Minerals in Alpha-1
[2026-04-25T21:05:56.389Z] Jax (SCIENTIST) discovered Ancient Ruins in Alpha-1
[2026-04-25T21:27:56.420Z] Aria (MEDIC) discovered Nebula Cloud in Alpha-1
[2026-04-25T21:28:26.415Z] Nyx (ENGINEER) discovered Space Anomaly in Alpha-1
[2026-04-25T21:43:26.433Z] Vex (PILOT) discovered Derelict Ship in Alpha-1
[2026-04-25T21:58:56.461Z] Nyx (ENGINEER) discovered Hidden Base in Alpha-1
[2026-04-25T22:06:26.480Z] Luna (COMBAT) discovered Unknown Signal in Alpha-1
[2026-04-25T22:16:56.500Z] Jax (SCIENTIST) discovered Space Anomaly in Alpha-1
[2026-04-25T22:26:56.527Z] Luna (COMBAT) discovered Anomalous Planet in Alpha-1
[2026-04-25T23:00:26.562Z] Vex (PILOT) discovered Alien Artifact in Alpha-1
[2026-04-25T23:08:26.580Z] Vex (PILOT) discovered Ancient Ruins in Alpha-1
[2026-04-25T23:15:56.590Z] Luna (COMBAT) discovered Alien Artifact in Alpha-1
[2026-04-25T23:27:56.616Z] Luna (COMBAT) discovered Space Anomaly in Alpha-1
[2026-04-25T23:38:56.621Z] Nyx (ENGINEER) discovered Unknown Signal in Alpha-1
[2026-04-25T23:49:26.633Z] Luna (COMBAT) discovered Unknown Signal in Alpha-1
[2026-04-25T23:52:26.643Z] Aria (MEDIC) discovered Alien Artifact in Alpha-1
[2026-04-26T00:07:26.676Z] Vex (PILOT) discovered Unknown Signal in Alpha-1
[2026-04-26T00:08:56.680Z] Nyx (ENGINEER) discovered Rare Minerals in Alpha-1
[2026-04-26T00:11:56.690Z] Luna (COMBAT) discovered Hidden Base in Alpha-1
[2026-04-26T00:20:56.705Z] Luna (COMBAT) discovered Nebula Cloud in Alpha-1
[2026-04-26T00:25:56.705Z] Luna (COMBAT) discovered Alien Artifact in Alpha-1
[2026-04-26T00:35:56.710Z] Jax (SCIENTIST) discovered Rare Minerals in Alpha-1
[2026-04-26T00:40:26.716Z] Jax (SCIENTIST) discovered Hidden Base in Alpha-1
[2026-04-26T00:43:56.718Z] Nyx (ENGINEER) discovered Derelict Ship in Alpha-1
[2026-04-26T01:00:26.747Z] Aria (MEDIC) discovered Unknown Signal in Alpha-1
[2026-04-26T01:04:26.740Z] Vex (PILOT) discovered Unknown Signal in Alpha-1
[2026-04-26T01:12:26.755Z] Jax (SCIENTIST) discovered Derelict Ship in Alpha-1
[2026-04-26T01:23:56.761Z] Vex (PILOT) discovered Space Anomaly in Alpha-1
[2026-04-26T01:30:56.768Z] Luna (COMBAT) discovered Unknown Signal in Alpha-1
[2026-04-26T01:48:26.793Z] Aria (MEDIC) discovered Ancient Ruins in Alpha-1
[2026-04-26T02:09:26.815Z] Luna (COMBAT) discovered Derelict Ship in Alpha-1
[2026-04-26T02:24:26.841Z] Aria (MEDIC) discovered Hidden Base in Alpha-1
[2026-04-26T02:33:26.843Z] Vex (PILOT) discovered Unknown Signal in Alpha-1
[2026-04-26T02:33:26.845Z] Jax (SCIENTIST) discovered Derelict Ship in Alpha-1
[2026-04-26T02:34:56.848Z] Aria (MEDIC) discovered Nebula Cloud in Alpha-1
[2026-04-26T02:50:56.857Z] Aria (MEDIC) discovered Derelict Ship in Alpha-1
[2026-04-26T03:21:56.904Z] Jax (SCIENTIST) discovered Ancient Ruins in Alpha-1
[2026-04-26T03:33:26.913Z] Vex (PILOT) discovered Unknown Signal in Alpha-1
[2026-04-26T03:43:26.927Z] Aria (MEDIC) discovered Nebula Cloud in Alpha-1
[2026-04-26T03:44:56.930Z] Luna (COMBAT) discovered Rare Minerals in Alpha-1
[2026-04-26T03:45:26.929Z] Nyx (ENGINEER) discovered Nebula Cloud in Alpha-1
[2026-04-26T03:47:56.933Z] Jax (SCIENTIST) discovered Nebula Cloud in Alpha-1
[2026-04-26T03:53:26.938Z] Vex (PILOT) discovered Space Anomaly in Alpha-1
[2026-04-26T04:09:26.951Z] Nyx (ENGINEER) discovered Alien Artifact in Alpha-1
[2026-04-26T04:34:26.968Z] Nyx (ENGINEER) discovered Unknown Signal in Alpha-1
[2026-04-26T04:51:26.994Z] Nyx (ENGINEER) discovered Nebula Cloud in Alpha-1
[2026-04-26T04:52:57.005Z] Aria (MEDIC) discovered Alien Artifact in Alpha-1
[2026-04-26T05:07:57.014Z] Aria (MEDIC) discovered Hidden Base in Alpha-1
[2026-04-26T05:11:27.015Z] Jax (SCIENTIST) discovered Derelict Ship in Alpha-1
[2026-04-26T05:31:57.037Z] Luna (COMBAT) discovered Unknown Signal in Alpha-1
[2026-04-26T05:39:27.044Z] Nyx (ENGINEER) discovered Derelict Ship in Alpha-1
[2026-04-26T05:42:57.049Z] Aria (MEDIC) discovered Hidden Base in Alpha-1
[2026-04-26T05:49:57.048Z] Vex (PILOT) discovered Space Anomaly in Alpha-1
[2026-04-26T06:20:57.083Z] Vex (PILOT) discovered Space Anomaly in Alpha-1
[2026-04-26T06:23:27.088Z] Jax (SCIENTIST) discovered Ancient Ruins in Alpha-1
[2026-04-26T06:29:57.096Z] Jax (SCIENTIST) discovered Anomalous Planet in Alpha-1
[2026-04-26T07:05:27.125Z] Jax (SCIENTIST) discovered Derelict Ship in Alpha-1
[2026-04-26T07:38:57.163Z] Aria (MEDIC) discovered Ancient Ruins in Alpha-1
[2026-04-26T07:47:27.167Z] Jax (SCIENTIST) discovered Rare Minerals in Alpha-1
[2026-04-26T07:48:57.170Z] Aria (MEDIC) discovered Rare Minerals in Alpha-1
[2026-04-26T08:06:57.200Z] Jax (SCIENTIST) discovered Ancient Ruins in Alpha-1
[2026-04-26T08:13:27.205Z] Nyx (ENGINEER) discovered Unknown Signal in Alpha-1
[2026-04-26T08:15:57.207Z] Nyx (ENGINEER) discovered Anomalous Planet in Alpha-1
[2026-04-26T08:28:27.216Z] Aria (MEDIC) discovered Rare Minerals in Alpha-1
[2026-04-26T08:54:27.245Z] Luna (COMBAT) discovered Alien Artifact in Alpha-1
[2026-04-26T08:58:57.246Z] Jax (SCIENTIST) discovered Hidden Base in Alpha-1
[2026-04-26T09:41:27.297Z] Nyx (ENGINEER) discovered Unknown Signal in Alpha-1
[2026-04-26T10:29:57.353Z] Jax (SCIENTIST) discovered Ancient Ruins in Alpha-1
[2026-04-26T10:35:57.365Z] Jax (SCIENTIST) discovered Alien Artifact in Alpha-1
[2026-04-26T11:04:27.399Z] Vex (PILOT) discovered Unknown Signal in Alpha-1
[2026-04-26T11:27:57.419Z] Vex (PILOT) discovered Space Anomaly in Alpha-1
[2026-04-26T11:31:57.434Z] Aria (MEDIC) discovered Anomalous Planet in Alpha-1
[2026-04-26T11:46:27.447Z] Nyx (ENGINEER) discovered Ancient Ruins in Alpha-1
[2026-04-26T11:53:27.454Z] Vex (PILOT) discovered Anomalous Planet in Alpha-1
[2026-04-26T12:04:27.463Z] Nyx (ENGINEER) discovered Rare Minerals in Alpha-1
[2026-04-26T13:04:57.551Z] Jax (SCIENTIST) discovered Alien Artifact in Alpha-1
[2026-04-26T13:05:57.554Z] Jax (SCIENTIST) discovered Rare Minerals in Alpha-1
[2026-04-26T13:07:27.555Z] Jax (SCIENTIST) discovered Hidden Base in Alpha-1
[2026-04-26T13:09:27.563Z] Luna (COMBAT) discovered Ancient Ruins in Alpha-1
[2026-04-26T13:11:57.568Z] Aria (MEDIC) discovered Anomalous Planet in Alpha-1
[2026-04-26T13:25:27.588Z] Nyx (ENGINEER) discovered Hidden Base in Alpha-1
[2026-04-26T13:28:27.592Z] Aria (MEDIC) discovered Ancient Ruins in Alpha-1
[2026-04-26T13:38:57.606Z] Jax (SCIENTIST) discovered Unknown Signal in Alpha-1
[2026-04-26T13:39:57.608Z] Jax (SCIENTIST) discovered Derelict Ship in Alpha-1
[2026-04-26T13:41:57.610Z] Vex (PILOT) discovered Anomalous Planet in Alpha-1
[2026-04-26T13:48:27.617Z] Jax (SCIENTIST) discovered Space Anomaly in Alpha-1
[2026-04-26T13:55:27.624Z] Jax (SCIENTIST) discovered Unknown Signal in Alpha-1
[2026-04-26T14:11:57.642Z] Jax (SCIENTIST) discovered Anomalous Planet in Alpha-1
[2026-04-26T14:18:27.649Z] Vex (PILOT) discovered Hidden Base in Alpha-1
[2026-04-26T14:35:27.676Z] Aria (MEDIC) discovered Nebula Cloud in Alpha-1
[2026-04-26T15:07:27.699Z] Jax (SCIENTIST) discovered Nebula Cloud in Alpha-1
[2026-04-26T15:11:27.706Z] Aria (MEDIC) discovered Derelict Ship in Alpha-1
[2026-04-26T15:26:27.730Z] Luna (COMBAT) discovered Alien Artifact in Alpha-1
[2026-04-26T15:26:27.732Z] Aria (MEDIC) discovered Nebula Cloud in Alpha-1
[2026-04-26T15:46:57.750Z] Nyx (ENGINEER) discovered Rare Minerals in Alpha-1
[2026-04-26T15:46:57.755Z] Aria (MEDIC) discovered Anomalous Planet in Alpha-1
[2026-04-26T15:50:27.753Z] Luna (COMBAT) discovered Space Anomaly in Alpha-1
[2026-04-26T16:02:57.779Z] Luna (COMBAT) discovered Hidden Base in Alpha-1
[2026-04-26T16:18:27.789Z] Luna (COMBAT) discovered Alien Artifact in Alpha-1
[2026-04-26T16:41:57.809Z] Vex (PILOT) discovered Anomalous Planet in Alpha-1
[2026-04-26T16:44:27.816Z] Aria (MEDIC) discovered Alien Artifact in Alpha-1
[2026-04-26T16:51:27.824Z] Jax (SCIENTIST) discovered Rare Minerals in Alpha-1
[2026-04-26T16:59:27.833Z] Vex (PILOT) discovered Nebula Cloud in Alpha-1
[2026-04-26T17:01:27.838Z] Nyx (ENGINEER) discovered Alien Artifact in Alpha-1
[2026-04-26T17:07:27.849Z] Jax (SCIENTIST) discovered Space Anomaly in Alpha-1
[2026-04-26T17:11:27.857Z] Luna (COMBAT) discovered Unknown Signal in Alpha-1
[2026-04-26T17:12:27.861Z] Nyx (ENGINEER) discovered Ancient Ruins in Alpha-1
[2026-04-26T17:12:27.865Z] Aria (MEDIC) discovered Nebula Cloud in Alpha-1
[2026-04-26T17:47:27.892Z] Nyx (ENGINEER) discovered Hidden Base in Alpha-1
[2026-04-26T17:59:57.906Z] Nyx (ENGINEER) discovered Unknown Signal in Alpha-1
[2026-04-26T18:08:27.915Z] Aria (MEDIC) discovered Anomalous Planet in Alpha-1
[2026-04-26T18:39:27.954Z] Aria (MEDIC) discovered Ancient Ruins in Alpha-1
[2026-04-26T18:54:57.967Z] Nyx (ENGINEER) discovered Alien Artifact in Alpha-1
[2026-04-26T18:59:57.982Z] Aria (MEDIC) discovered Hidden Base in Alpha-1
[2026-04-26T19:02:57.977Z] Jax (SCIENTIST) discovered Derelict Ship in Alpha-1
[2026-04-26T19:29:28.007Z] Jax (SCIENTIST) discovered Derelict Ship in Alpha-1
[2026-04-26T19:31:28.014Z] Aria (MEDIC) discovered Rare Minerals in Alpha-1
[2026-04-26T19:34:58.014Z] Nyx (ENGINEER) discovered Alien Artifact in Alpha-1
[2026-04-26T19:36:58.021Z] Aria (MEDIC) discovered Anomalous Planet in Alpha-1
[2026-04-26T19:39:28.019Z] Aria (MEDIC) discovered Nebula Cloud in Alpha-1
[2026-04-26T19:52:58.057Z] Aria (MEDIC) discovered Anomalous Planet in Alpha-1
[2026-04-26T19:54:28.051Z] Jax (SCIENTIST) discovered Space Anomaly in Alpha-1
[2026-04-26T19:55:28.051Z] Jax (SCIENTIST) discovered Nebula Cloud in Alpha-1
[2026-04-26T19:58:28.050Z] Jax (SCIENTIST) discovered Derelict Ship in Alpha-1
[2026-04-26T19:58:58.052Z] Jax (SCIENTIST) discovered Nebula Cloud in Alpha-1
[2026-04-26T20:02:58.056Z] Nyx (ENGINEER) discovered Nebula Cloud in Alpha-1
[2026-04-26T20:03:28.059Z] Luna (COMBAT) discovered Nebula Cloud in Alpha-1
[2026-04-26T20:17:58.087Z] Aria (MEDIC) discovered Anomalous Planet in Alpha-1
[2026-04-26T20:18:28.093Z] Aria (MEDIC) discovered Anomalous Planet in Alpha-1
[2026-04-26T20:19:28.093Z] Luna (COMBAT) discovered Alien Artifact in Alpha-1
[2026-04-26T20:22:58.088Z] Nyx (ENGINEER) discovered Alien Artifact in Alpha-1
[2026-04-26T20:48:58.107Z] Nyx (ENGINEER) discovered Alien Artifact in Alpha-1
[2026-04-26T20:48:58.110Z] Aria (MEDIC) discovered Ancient Ruins in Alpha-1
[2026-04-26T20:49:58.111Z] Aria (MEDIC) discovered Rare Minerals in Alpha-1
[2026-04-26T21:18:58.148Z] Luna (COMBAT) discovered Space Anomaly in Alpha-1
[2026-04-26T21:27:28.160Z] Nyx (ENGINEER) discovered Unknown Signal in Alpha-1
[2026-04-26T21:34:58.169Z] Luna (COMBAT) discovered Anomalous Planet in Alpha-1
[2026-04-26T21:48:58.195Z] Jax (SCIENTIST) discovered Ancient Ruins in Alpha-1
[2026-04-26T21:50:28.201Z] Jax (SCIENTIST) discovered Nebula Cloud in Alpha-1
[2026-04-26T21:53:28.197Z] Vex (PILOT) discovered Alien Artifact in Alpha-1
[2026-04-26T21:56:58.205Z] Luna (COMBAT) discovered Alien Artifact in Alpha-1
[2026-04-26T22:06:28.208Z] Vex (PILOT) discovered Derelict Ship in Alpha-1
[2026-04-26T22:08:28.221Z] Aria (MEDIC) discovered Ancient Ruins in Alpha-1
[2026-04-26T22:13:58.213Z] Vex (PILOT) discovered Rare Minerals in Alpha-1
[2026-04-26T22:22:28.232Z] Vex (PILOT) discovered Hidden Base in Alpha-1
[2026-04-26T22:24:58.235Z] Vex (PILOT) discovered Unknown Signal in Alpha-1
[2026-04-26T22:29:28.239Z] Vex (PILOT) discovered Space Anomaly in Alpha-1
[2026-04-26T22:32:28.247Z] Aria (MEDIC) discovered Alien Artifact in Alpha-1
[2026-04-26T22:37:28.265Z] Aria (MEDIC) discovered Ancient Ruins in Alpha-1
[2026-04-26T22:40:28.267Z] Aria (MEDIC) discovered Nebula Cloud in Alpha-1
[2026-04-26T22:58:28.297Z] Nyx (ENGINEER) discovered Nebula Cloud in Alpha-1
[2026-04-26T23:03:28.301Z] Jax (SCIENTIST) discovered Rare Minerals in Alpha-1
[2026-04-26T23:12:28.309Z] Vex (PILOT) discovered Space Anomaly in Alpha-1
[2026-04-26T23:19:28.317Z] Nyx (ENGINEER) discovered Hidden Base in Alpha-1
[2026-04-26T23:21:28.317Z] Nyx (ENGINEER) discovered Hidden Base in Alpha-1
[2026-04-26T23:27:58.324Z] Vex (PILOT) discovered Rare Minerals in Alpha-1
[2026-04-26T23:42:58.341Z] Vex (PILOT) discovered Derelict Ship in Alpha-1
[2026-04-26T23:59:28.382Z] Nyx (ENGINEER) discovered Anomalous Planet in Alpha-1
[2026-04-27T00:01:28.459Z] Jax (SCIENTIST) discovered Hidden Base in Alpha-1
[2026-04-27T00:03:28.458Z] Nyx (ENGINEER) discovered Anomalous Planet in Alpha-1
[2026-04-27T00:17:58.499Z] Aria (MEDIC) discovered Space Anomaly in Alpha-1
[2026-04-27T00:20:28.502Z] Aria (MEDIC) discovered Space Anomaly in Alpha-1
[2026-04-27T00:24:28.499Z] Aria (MEDIC) discovered Ancient Ruins in Alpha-1
[2026-04-27T00:32:58.507Z] Luna (COMBAT) discovered Nebula Cloud in Alpha-1
[2026-04-27T00:39:58.514Z] Jax (SCIENTIST) discovered Anomalous Planet in Alpha-1
[2026-04-27T00:43:28.520Z] Nyx (ENGINEER) discovered Derelict Ship in Alpha-1
[2026-04-27T00:46:28.523Z] Vex (PILOT) discovered Hidden Base in Alpha-1
[2026-04-27T00:53:58.536Z] Vex (PILOT) discovered Rare Minerals in Alpha-1
[2026-04-27T00:57:58.547Z] Jax (SCIENTIST) discovered Space Anomaly in Alpha-1
[2026-04-27T01:03:58.555Z] Nyx (ENGINEER) discovered Rare Minerals in Alpha-1
[2026-04-27T01:07:58.561Z] Luna (COMBAT) discovered Rare Minerals in Alpha-1
[2026-04-27T01:09:28.561Z] Luna (COMBAT) discovered Alien Artifact in Alpha-1
[2026-04-27T01:15:28.562Z] Jax (SCIENTIST) discovered Rare Minerals in Alpha-1
[2026-04-27T01:19:28.574Z] Jax (SCIENTIST) discovered Ancient Ruins in Alpha-1
[2026-04-27T01:20:58.572Z] Vex (PILOT) discovered Ancient Ruins in Alpha-1
[2026-04-27T01:24:58.586Z] Jax (SCIENTIST) discovered Rare Minerals in Alpha-1
[2026-04-27T01:45:28.601Z] Aria (MEDIC) discovered Space Anomaly in Alpha-1
[2026-04-27T02:10:58.651Z] Aria (MEDIC) discovered Derelict Ship in Alpha-1
[2026-04-27T02:19:58.660Z] Luna (COMBAT) discovered Nebula Cloud in Alpha-1
[2026-04-27T02:31:28.671Z] Luna (COMBAT) discovered Hidden Base in Alpha-1
[2026-04-27T02:32:28.670Z] Nyx (ENGINEER) discovered Unknown Signal in Alpha-1
[2026-04-27T03:03:58.717Z] Vex (PILOT) discovered Hidden Base in Alpha-1
[2026-04-27T03:12:28.724Z] Luna (COMBAT) discovered Rare Minerals in Alpha-1
[2026-04-27T03:12:58.723Z] Jax (SCIENTIST) discovered Ancient Ruins in Alpha-1
[2026-04-27T03:21:58.743Z] Jax (SCIENTIST) discovered Nebula Cloud in Alpha-1
[2026-04-27T03:24:58.764Z] Aria (MEDIC) discovered Alien Artifact in Alpha-1
[2026-04-27T03:36:28.754Z] Vex (PILOT) discovered Ancient Ruins in Alpha-1
[2026-04-27T03:39:28.765Z] Jax (SCIENTIST) discovered Anomalous Planet in Alpha-1
[2026-04-27T04:27:28.812Z] Nyx (ENGINEER) discovered Unknown Signal in Alpha-1
[2026-04-27T04:33:28.815Z] Vex (PILOT) discovered Ancient Ruins in Alpha-1
[2026-04-27T04:48:28.832Z] Luna (COMBAT) discovered Derelict Ship in Alpha-1
[2026-04-27T04:58:28.858Z] Aria (MEDIC) discovered Space Anomaly in Alpha-1
[2026-04-27T05:16:28.870Z] Nyx (ENGINEER) discovered Unknown Signal in Alpha-1
[2026-04-27T05:32:28.894Z] Aria (MEDIC) discovered Ancient Ruins in Alpha-1
[2026-04-27T05:37:28.905Z] Aria (MEDIC) discovered Hidden Base in Alpha-1
[2026-04-27T06:09:28.957Z] Luna (COMBAT) discovered Nebula Cloud in Alpha-1
[2026-04-27T06:19:58.964Z] Aria (MEDIC) discovered Nebula Cloud in Alpha-1
[2026-04-27T06:29:58.982Z] Jax (SCIENTIST) discovered Ancient Ruins in Alpha-1
[2026-04-27T06:33:58.989Z] Luna (COMBAT) discovered Unknown Signal in Alpha-1
[2026-04-27T06:37:28.983Z] Vex (PILOT) discovered Rare Minerals in Alpha-1
[2026-04-27T06:42:58.990Z] Luna (COMBAT) discovered Derelict Ship in Alpha-1
[2026-04-27T06:47:28.997Z] Aria (MEDIC) discovered Alien Artifact in Alpha-1
[2026-04-27T07:07:29.032Z] Aria (MEDIC) discovered Ancient Ruins in Alpha-1
[2026-04-27T07:19:59.055Z] Aria (MEDIC) discovered Ancient Ruins in Alpha-1
[2026-04-27T07:24:29.063Z] Jax (SCIENTIST) discovered Derelict Ship in Alpha-1
[2026-04-27T07:35:29.075Z] Luna (COMBAT) discovered Anomalous Planet in Alpha-1
[2026-04-27T08:02:59.113Z] Aria (MEDIC) discovered Anomalous Planet in Alpha-1
[2026-04-27T08:15:29.132Z] Nyx (ENGINEER) discovered Alien Artifact in Alpha-1
[2026-04-27T08:15:59.134Z] Nyx (ENGINEER) discovered Ancient Ruins in Alpha-1
[2026-04-27T08:22:29.143Z] Vex (PILOT) discovered Nebula Cloud in Alpha-1
[2026-04-27T08:32:29.163Z] Nyx (ENGINEER) discovered Alien Artifact in Alpha-1
[2026-04-27T08:43:29.171Z] Aria (MEDIC) discovered Unknown Signal in Alpha-1
[2026-04-27T08:55:59.187Z] Nyx (ENGINEER) discovered Ancient Ruins in Alpha-1
[2026-04-27T08:56:59.195Z] Jax (SCIENTIST) discovered Hidden Base in Alpha-1
[2026-04-27T09:00:29.192Z] Nyx (ENGINEER) discovered Anomalous Planet in Alpha-1
[2026-04-27T09:01:29.188Z] Vex (PILOT) discovered Alien Artifact in Alpha-1
[2026-04-27T09:07:59.196Z] Vex (PILOT) discovered Alien Artifact in Alpha-1
[2026-04-27T09:18:59.206Z] Vex (PILOT) discovered Rare Minerals in Alpha-1
[2026-04-27T09:35:29.237Z] Luna (COMBAT) discovered Rare Minerals in Alpha-1
[2026-04-27T09:41:29.238Z] Nyx (ENGINEER) discovered Unknown Signal in Alpha-1
[2026-04-27T10:04:59.263Z] Vex (PILOT) discovered Unknown Signal in Alpha-1
[2026-04-27T10:11:29.275Z] Luna (COMBAT) discovered Derelict Ship in Alpha-1
[2026-04-27T10:21:29.294Z] Nyx (ENGINEER) discovered Nebula Cloud in Alpha-1
[2026-04-27T10:21:29.301Z] Aria (MEDIC) discovered Rare Minerals in Alpha-1
[2026-04-27T10:23:59.296Z] Luna (COMBAT) discovered Anomalous Planet in Alpha-1
[2026-04-27T10:30:29.307Z] Vex (PILOT) discovered Ancient Ruins in Alpha-1
[2026-04-27T10:58:29.354Z] Aria (MEDIC) discovered Space Anomaly in Alpha-1
[2026-04-27T11:09:59.375Z] Aria (MEDIC) discovered Ancient Ruins in Alpha-1
[2026-04-27T11:31:29.407Z] Luna (COMBAT) discovered Alien Artifact in Alpha-1
[2026-04-27T11:31:59.406Z] Vex (PILOT) discovered Alien Artifact in Alpha-1
[2026-04-27T11:33:29.409Z] Luna (COMBAT) discovered Space Anomaly in Alpha-1
[2026-04-27T11:37:29.418Z] Aria (MEDIC) discovered Rare Minerals in Alpha-1
[2026-04-27T11:42:59.424Z] Nyx (ENGINEER) discovered Space Anomaly in Alpha-1
[2026-04-27T11:43:59.423Z] Nyx (ENGINEER) discovered Alien Artifact in Alpha-1
[2026-04-27T11:58:29.450Z] Nyx (ENGINEER) discovered Alien Artifact in Alpha-1
[2026-04-27T12:02:29.451Z] Nyx (ENGINEER) discovered Alien Artifact in Alpha-1
[2026-04-27T12:28:59.478Z] Nyx (ENGINEER) discovered Unknown Signal in Alpha-1
[2026-04-27T12:38:59.495Z] Jax (SCIENTIST) discovered Hidden Base in Alpha-1
[2026-04-27T12:46:59.513Z] Jax (SCIENTIST) discovered Space Anomaly in Alpha-1
[2026-04-27T12:55:29.525Z] Nyx (ENGINEER) discovered Nebula Cloud in Alpha-1
[2026-04-27T13:02:59.534Z] Luna (COMBAT) discovered Rare Minerals in Alpha-1
[2026-04-27T13:05:29.534Z] Nyx (ENGINEER) discovered Rare Minerals in Alpha-1
[2026-04-27T13:16:59.552Z] Luna (COMBAT) discovered Space Anomaly in Alpha-1
[2026-04-27T13:18:59.548Z] Nyx (ENGINEER) discovered Rare Minerals in Alpha-1
[2026-04-27T13:24:59.566Z] Vex (PILOT) discovered Nebula Cloud in Alpha-1
[2026-04-27T13:28:59.578Z] Jax (SCIENTIST) discovered Hidden Base in Alpha-1
[2026-04-27T13:39:29.599Z] Jax (SCIENTIST) discovered Ancient Ruins in Alpha-1
[2026-04-27T13:53:29.615Z] Jax (SCIENTIST) discovered Derelict Ship in Alpha-1
[2026-04-27T13:58:59.624Z] Aria (MEDIC) discovered Anomalous Planet in Alpha-1
[2026-04-27T14:02:29.630Z] Nyx (ENGINEER) discovered Unknown Signal in Alpha-1
[2026-04-27T14:31:59.665Z] Aria (MEDIC) discovered Alien Artifact in Alpha-1
[2026-04-27T14:34:59.681Z] Aria (MEDIC) discovered Rare Minerals in Alpha-1
[2026-04-27T14:40:29.682Z] Nyx (ENGINEER) discovered Unknown Signal in Alpha-1
[2026-04-27T16:16:59.850Z] Jax (SCIENTIST) discovered Ancient Ruins in Alpha-1
[2026-04-27T16:29:59.857Z] Jax (SCIENTIST) discovered Derelict Ship in Alpha-1
[2026-04-27T16:35:29.864Z] Nyx (ENGINEER) discovered Rare Minerals in Alpha-1
[2026-04-27T16:35:59.864Z] Jax (SCIENTIST) discovered Space Anomaly in Alpha-1
[2026-04-27T16:36:29.869Z] Aria (MEDIC) discovered Unknown Signal in Alpha-1
[2026-04-27T16:43:59.879Z] Aria (MEDIC) discovered Hidden Base in Alpha-1
[2026-04-27T16:46:59.884Z] Jax (SCIENTIST) discovered Unknown Signal in Alpha-1
[2026-04-27T16:55:29.898Z] Luna (COMBAT) discovered Nebula Cloud in Alpha-1
[2026-04-27T16:59:59.904Z] Nyx (ENGINEER) discovered Ancient Ruins in Alpha-1
[2026-04-27T17:02:59.906Z] Jax (SCIENTIST) discovered Unknown Signal in Alpha-1
[2026-04-27T17:06:59.912Z] Nyx (ENGINEER) discovered Anomalous Planet in Alpha-1
[2026-04-27T17:11:59.931Z] Aria (MEDIC) discovered Alien Artifact in Alpha-1
[2026-04-27T17:33:29.960Z] Nyx (ENGINEER) discovered Anomalous Planet in Alpha-1
[2026-04-27T17:33:59.964Z] Luna (COMBAT) discovered Hidden Base in Alpha-1
[2026-04-27T17:38:29.972Z] Luna (COMBAT) discovered Anomalous Planet in Alpha-1
[2026-04-27T17:54:29.993Z] Aria (MEDIC) discovered Space Anomaly in Alpha-1
[2026-04-27T17:55:29.997Z] Jax (SCIENTIST) discovered Rare Minerals in Alpha-1
[2026-04-27T18:01:00.015Z] Luna (COMBAT) discovered Rare Minerals in Alpha-1
[2026-04-27T18:16:30.053Z] Nyx (ENGINEER) discovered Hidden Base in Alpha-1
[2026-04-27T18:18:00.048Z] Nyx (ENGINEER) discovered Derelict Ship in Alpha-1
[2026-04-27T18:24:00.051Z] Nyx (ENGINEER) discovered Rare Minerals in Alpha-1
[2026-04-27T18:27:00.059Z] Luna (COMBAT) discovered Nebula Cloud in Alpha-1
[2026-04-27T18:47:30.099Z] Jax (SCIENTIST) discovered Ancient Ruins in Alpha-1
[2026-04-27T18:48:00.106Z] Luna (COMBAT) discovered Alien Artifact in Alpha-1
[2026-04-27T18:53:30.104Z] Nyx (ENGINEER) discovered Unknown Signal in Alpha-1
[2026-04-27T19:01:00.138Z] Nyx (ENGINEER) discovered Rare Minerals in Alpha-1
[2026-04-27T19:05:00.157Z] Jax (SCIENTIST) discovered Alien Artifact in Alpha-1
[2026-04-27T19:10:00.193Z] Aria (MEDIC) discovered Ancient Ruins in Alpha-1
[2026-04-27T19:28:30.246Z] Jax (SCIENTIST) discovered Alien Artifact in Alpha-1
[2026-04-27T19:33:30.251Z] Jax (SCIENTIST) discovered Derelict Ship in Alpha-1
[2026-04-27T19:39:30.256Z] Vex (PILOT) discovered Hidden Base in Alpha-1
[2026-04-27T19:45:00.271Z] Aria (MEDIC) discovered Space Anomaly in Alpha-1
[2026-04-27T19:46:30.271Z] Vex (PILOT) discovered Rare Minerals in Alpha-1
[2026-04-27T20:18:00.411Z] Vex (PILOT) discovered Derelict Ship in Alpha-1
[2026-04-27T20:42:30.499Z] Aria (MEDIC) discovered Derelict Ship in Alpha-1
[2026-04-27T20:50:00.507Z] Nyx (ENGINEER) discovered Rare Minerals in Alpha-1
[2026-04-27T20:55:00.508Z] Nyx (ENGINEER) discovered Derelict Ship in Alpha-1
[2026-04-27T20:58:00.524Z] Luna (COMBAT) discovered Hidden Base in Alpha-1
[2026-04-27T21:01:00.542Z] Jax (SCIENTIST) discovered Ancient Ruins in Alpha-1
[2026-04-27T21:16:00.573Z] Luna (COMBAT) discovered Anomalous Planet in Alpha-1
[2026-04-27T21:19:30.582Z] Nyx (ENGINEER) discovered Space Anomaly in Alpha-1
[2026-04-27T21:22:00.620Z] Aria (MEDIC) discovered Hidden Base in Alpha-1
[2026-04-27T21:27:30.589Z] Vex (PILOT) discovered Nebula Cloud in Alpha-1
[2026-04-27T21:31:30.608Z] Aria (MEDIC) discovered Nebula Cloud in Alpha-1
[2026-04-27T21:44:00.654Z] Luna (COMBAT) discovered Space Anomaly in Alpha-1
[2026-04-27T21:52:30.657Z] Aria (MEDIC) discovered Unknown Signal in Alpha-1
[2026-04-27T21:57:30.659Z] Nyx (ENGINEER) discovered Hidden Base in Alpha-1
[2026-04-27T22:16:30.738Z] Aria (MEDIC) discovered Anomalous Planet in Alpha-1
[2026-04-27T22:29:30.784Z] Luna (COMBAT) discovered Space Anomaly in Alpha-1
[2026-04-27T22:34:00.799Z] Aria (MEDIC) discovered Anomalous Planet in Alpha-1
[2026-04-27T22:46:30.815Z] Nyx (ENGINEER) discovered Rare Minerals in Alpha-1
[2026-04-27T22:50:30.820Z] Nyx (ENGINEER) discovered Ancient Ruins in Alpha-1
[2026-04-27T23:07:00.880Z] Aria (MEDIC) discovered Space Anomaly in Alpha-1
[2026-04-27T23:09:00.879Z] Jax (SCIENTIST) discovered Derelict Ship in Alpha-1
[2026-04-27T23:18:30.887Z] Jax (SCIENTIST) discovered Alien Artifact in Alpha-1
[2026-04-27T23:22:00.900Z] Vex (PILOT) discovered Space Anomaly in Alpha-1
[2026-04-27T23:51:30.993Z] Luna (COMBAT) discovered Rare Minerals in Alpha-1
[2026-04-28T00:28:01.116Z] Luna (COMBAT) discovered Space Anomaly in Alpha-1
[2026-04-28T01:04:01.249Z] Luna (COMBAT) discovered Space Anomaly in Alpha-1
[2026-04-28T01:13:31.298Z] Aria (MEDIC) discovered Space Anomaly in Alpha-1
[2026-04-28T01:37:31.351Z] Nyx (ENGINEER) discovered Space Anomaly in Alpha-1
[2026-04-28T01:40:31.359Z] Nyx (ENGINEER) discovered Derelict Ship in Alpha-1
[2026-04-28T02:13:01.473Z] Nyx (ENGINEER) discovered Unknown Signal in Alpha-1
[2026-04-28T02:17:01.500Z] Aria (MEDIC) discovered Rare Minerals in Alpha-1
[2026-04-28T02:29:31.590Z] Jax (SCIENTIST) discovered Space Anomaly in Alpha-1
[2026-04-28T02:36:01.724Z] Aria (MEDIC) discovered Rare Minerals in Alpha-1
[2026-04-28T02:52:01.686Z] Luna (COMBAT) discovered Unknown Signal in Alpha-1
[2026-04-28T02:59:01.716Z] Nyx (ENGINEER) discovered Space Anomaly in Alpha-1
[2026-04-28T03:04:31.729Z] Jax (SCIENTIST) discovered Anomalous Planet in Alpha-1
[2026-04-28T03:06:31.744Z] Aria (MEDIC) discovered Space Anomaly in Alpha-1
[2026-04-28T03:11:31.779Z] Jax (SCIENTIST) discovered Rare Minerals in Alpha-1
[2026-04-28T03:22:31.808Z] Luna (COMBAT) discovered Ancient Ruins in Alpha-1
[2026-04-28T03:26:01.843Z] Luna (COMBAT) discovered Rare Minerals in Alpha-1
[2026-04-28T03:27:01.826Z] Jax (SCIENTIST) discovered Ancient Ruins in Alpha-1
[2026-04-28T03:29:31.826Z] Luna (COMBAT) discovered Alien Artifact in Alpha-1
[2026-04-28T03:33:31.855Z] Luna (COMBAT) discovered Ancient Ruins in Alpha-1
[2026-04-28T03:51:31.917Z] Jax (SCIENTIST) discovered Nebula Cloud in Alpha-1
[2026-04-28T03:59:01.934Z] Vex (PILOT) discovered Rare Minerals in Alpha-1
[2026-04-28T04:23:32.073Z] Jax (SCIENTIST) discovered Alien Artifact in Alpha-1
[2026-04-28T04:47:02.151Z] Aria (MEDIC) discovered Alien Artifact in Alpha-1
[2026-04-28T04:52:02.162Z] Jax (SCIENTIST) discovered Nebula Cloud in Alpha-1
[2026-04-28T05:13:32.211Z] Vex (PILOT) discovered Nebula Cloud in Alpha-1
[2026-04-28T05:25:32.237Z] Vex (PILOT) discovered Rare Minerals in Alpha-1
[2026-04-28T05:28:02.247Z] Luna (COMBAT) discovered Ancient Ruins in Alpha-1
[2026-04-28T05:33:02.267Z] Nyx (ENGINEER) discovered Ancient Ruins in Alpha-1
[2026-04-28T05:34:02.251Z] Nyx (ENGINEER) discovered Alien Artifact in Alpha-1
[2026-04-28T05:44:32.279Z] Aria (MEDIC) discovered Nebula Cloud in Alpha-1
[2026-04-28T06:14:32.420Z] Nyx (ENGINEER) discovered Alien Artifact in Alpha-1
[2026-04-28T06:16:02.425Z] Vex (PILOT) discovered Rare Minerals in Alpha-1
[2026-04-28T06:22:02.434Z] Aria (MEDIC) discovered Ancient Ruins in Alpha-1
[2026-04-28T07:02:32.542Z] Jax (SCIENTIST) discovered Ancient Ruins in Alpha-1
[2026-04-28T07:03:32.544Z] Aria (MEDIC) discovered Hidden Base in Alpha-1
[2026-04-28T07:11:32.553Z] Vex (PILOT) discovered Derelict Ship in Alpha-1
[2026-04-28T07:18:02.567Z] Aria (MEDIC) discovered Ancient Ruins in Alpha-1
[2026-04-28T07:32:32.592Z] Luna (COMBAT) discovered Derelict Ship in Alpha-1
[2026-04-28T07:38:02.599Z] Vex (PILOT) discovered Derelict Ship in Alpha-1
[2026-04-28T07:51:32.616Z] Nyx (ENGINEER) discovered Hidden Base in Alpha-1
[2026-04-28T08:03:02.642Z] Vex (PILOT) discovered Alien Artifact in Alpha-1
[2026-04-28T08:05:02.657Z] Aria (MEDIC) discovered Rare Minerals in Alpha-1
[2026-04-28T08:09:32.656Z] Aria (MEDIC) discovered Hidden Base in Alpha-1
[2026-04-28T08:19:02.672Z] Luna (COMBAT) discovered Rare Minerals in Alpha-1
[2026-04-28T08:19:32.670Z] Aria (MEDIC) discovered Nebula Cloud in Alpha-1
[2026-04-28T08:24:32.673Z] Vex (PILOT) discovered Space Anomaly in Alpha-1
[2026-04-28T08:40:32.696Z] Jax (SCIENTIST) discovered Space Anomaly in Alpha-1
[2026-04-28T08:48:32.705Z] Aria (MEDIC) discovered Hidden Base in Alpha-1
[2026-04-28T08:50:02.706Z] Vex (PILOT) discovered Anomalous Planet in Alpha-1
[2026-04-28T08:57:32.709Z] Vex (PILOT) discovered Hidden Base in Alpha-1
[2026-04-28T09:01:02.729Z] Luna (COMBAT) discovered Ancient Ruins in Alpha-1
[2026-04-28T09:10:32.745Z] Aria (MEDIC) discovered Rare Minerals in Alpha-1
[2026-04-28T09:25:02.777Z] Aria (MEDIC) discovered Derelict Ship in Alpha-1
[2026-04-28T09:39:02.782Z] Jax (SCIENTIST) discovered Nebula Cloud in Alpha-1
[2026-04-28T09:44:02.794Z] Jax (SCIENTIST) discovered Derelict Ship in Alpha-1
[2026-04-28T09:51:32.807Z] Jax (SCIENTIST) discovered Nebula Cloud in Alpha-1
[2026-04-28T09:54:02.810Z] Nyx (ENGINEER) discovered Hidden Base in Alpha-1
[2026-04-28T10:18:32.842Z] Luna (COMBAT) discovered Ancient Ruins in Alpha-1
[2026-04-28T10:22:32.846Z] Vex (PILOT) discovered Derelict Ship in Alpha-1
[2026-04-28T10:29:32.853Z] Aria (MEDIC) discovered Unknown Signal in Alpha-1
[2026-04-28T10:37:02.859Z] Vex (PILOT) discovered Unknown Signal in Alpha-1
[2026-04-28T10:38:32.860Z] Vex (PILOT) discovered Derelict Ship in Alpha-1
[2026-04-28T10:49:03.051Z] Nyx (ENGINEER) discovered Derelict Ship in Alpha-1
[2026-04-28T10:54:33.062Z] Aria (MEDIC) discovered Alien Artifact in Alpha-1
[2026-04-28T11:05:33.086Z] Nyx (ENGINEER) discovered Space Anomaly in Alpha-1
[2026-04-28T11:09:03.105Z] Aria (MEDIC) discovered Hidden Base in Alpha-1
[2026-04-28T11:33:33.116Z] Nyx (ENGINEER) discovered Unknown Signal in Alpha-1
[2026-04-28T11:36:33.126Z] Luna (COMBAT) discovered Alien Artifact in Alpha-1
[2026-04-28T11:53:03.156Z] Luna (COMBAT) discovered Ancient Ruins in Alpha-1
[2026-04-28T11:58:33.161Z] Luna (COMBAT) discovered Hidden Base in Alpha-1
[2026-04-28T12:04:03.185Z] Luna (COMBAT) discovered Derelict Ship in Alpha-1
[2026-04-28T12:16:03.197Z] Vex (PILOT) discovered Anomalous Planet in Alpha-1
[2026-04-28T12:21:33.208Z] Aria (MEDIC) discovered Rare Minerals in Alpha-1
[2026-04-28T12:32:33.227Z] Jax (SCIENTIST) discovered Rare Minerals in Alpha-1
[2026-04-28T12:33:33.232Z] Aria (MEDIC) discovered Derelict Ship in Alpha-1
[2026-04-28T12:34:33.235Z] Luna (COMBAT) discovered Anomalous Planet in Alpha-1
[2026-04-28T12:36:33.234Z] Nyx (ENGINEER) discovered Space Anomaly in Alpha-1
[2026-04-28T12:37:03.233Z] Vex (PILOT) discovered Anomalous Planet in Alpha-1
[2026-04-28T12:48:03.245Z] Nyx (ENGINEER) discovered Nebula Cloud in Alpha-1
[2026-04-28T13:11:33.283Z] Vex (PILOT) discovered Nebula Cloud in Alpha-1
[2026-04-28T13:11:33.286Z] Aria (MEDIC) discovered Nebula Cloud in Alpha-1
[2026-04-28T13:25:03.314Z] Jax (SCIENTIST) discovered Anomalous Planet in Alpha-1
[2026-04-28T13:29:03.315Z] Vex (PILOT) discovered Rare Minerals in Alpha-1
[2026-04-28T13:40:03.346Z] Vex (PILOT) discovered Alien Artifact in Alpha-1
[2026-04-28T13:41:33.350Z] Aria (MEDIC) discovered Unknown Signal in Alpha-1
[2026-04-28T13:56:33.383Z] Nyx (ENGINEER) discovered Anomalous Planet in Alpha-1
[2026-04-28T13:59:33.388Z] Jax (SCIENTIST) discovered Alien Artifact in Alpha-1
[2026-04-28T14:10:03.455Z] Luna (COMBAT) discovered Anomalous Planet in Alpha-1
[2026-04-28T14:13:03.452Z] Jax (SCIENTIST) discovered Rare Minerals in Alpha-1
[2026-04-28T14:19:33.461Z] Vex (PILOT) discovered Nebula Cloud in Alpha-1
[2026-04-28T14:21:33.469Z] Luna (COMBAT) discovered Unknown Signal in Alpha-1
[2026-04-28T14:31:03.494Z] Nyx (ENGINEER) discovered Nebula Cloud in Alpha-1
[2026-04-28T14:33:03.492Z] Vex (PILOT) discovered Derelict Ship in Alpha-1
[2026-04-28T14:47:03.514Z] Luna (COMBAT) discovered Space Anomaly in Alpha-1
[2026-04-28T14:47:33.522Z] Aria (MEDIC) discovered Derelict Ship in Alpha-1
[2026-04-28T15:05:03.539Z] Vex (PILOT) discovered Anomalous Planet in Alpha-1
[2026-04-28T15:05:33.541Z] Nyx (ENGINEER) discovered Space Anomaly in Alpha-1
[2026-04-28T15:08:03.543Z] Nyx (ENGINEER) discovered Ancient Ruins in Alpha-1
[2026-04-28T15:41:33.589Z] Nyx (ENGINEER) discovered Ancient Ruins in Alpha-1
[2026-04-28T15:58:33.646Z] Nyx (ENGINEER) discovered Nebula Cloud in Alpha-1
[2026-04-28T16:02:33.706Z] Aria (MEDIC) discovered Hidden Base in Alpha-1
[2026-04-28T16:09:03.704Z] Jax (SCIENTIST) discovered Rare Minerals in Alpha-1
[2026-04-28T16:14:03.712Z] Nyx (ENGINEER) discovered Nebula Cloud in Alpha-1
[2026-04-28T16:32:03.746Z] Vex (PILOT) discovered Unknown Signal in Alpha-1
[2026-04-28T16:57:03.788Z] Nyx (ENGINEER) discovered Unknown Signal in Alpha-1
[2026-04-28T17:06:03.834Z] Jax (SCIENTIST) discovered Rare Minerals in Alpha-1
[2026-04-28T17:20:33.911Z] Luna (COMBAT) discovered Ancient Ruins in Alpha-1
[2026-04-28T17:35:03.932Z] Vex (PILOT) discovered Hidden Base in Alpha-1
[2026-04-28T17:48:33.947Z] Aria (MEDIC) discovered Rare Minerals in Alpha-1
[2026-04-28T17:53:03.954Z] Luna (COMBAT) discovered Derelict Ship in Alpha-1
[2026-04-28T17:54:03.952Z] Vex (PILOT) discovered Hidden Base in Alpha-1
[2026-04-28T18:00:03.978Z] Luna (COMBAT) discovered Rare Minerals in Alpha-1
[2026-04-28T18:02:03.982Z] Aria (MEDIC) discovered Rare Minerals in Alpha-1
[2026-04-28T18:05:03.989Z] Luna (COMBAT) discovered Alien Artifact in Alpha-1
[2026-04-28T18:06:33.985Z] Luna (COMBAT) discovered Nebula Cloud in Alpha-1
[2026-04-28T18:13:03.989Z] Nyx (ENGINEER) discovered Derelict Ship in Alpha-1
[2026-04-28T18:26:04.003Z] Nyx (ENGINEER) discovered Hidden Base in Alpha-1
[2026-04-28T18:38:04.043Z] Aria (MEDIC) discovered Nebula Cloud in Alpha-1
[2026-04-28T18:48:04.055Z] Jax (SCIENTIST) discovered Alien Artifact in Alpha-1
[2026-04-28T18:55:34.066Z] Jax (SCIENTIST) discovered Anomalous Planet in Alpha-1
[2026-04-28T19:01:04.077Z] Luna (COMBAT) discovered Rare Minerals in Alpha-1
[2026-04-28T19:12:34.097Z] Nyx (ENGINEER) discovered Ancient Ruins in Alpha-1
[2026-04-28T19:16:34.098Z] Jax (SCIENTIST) discovered Unknown Signal in Alpha-1
[2026-04-28T19:21:34.100Z] Nyx (ENGINEER) discovered Nebula Cloud in Alpha-1
[2026-04-28T19:30:34.121Z] Vex (PILOT) discovered Rare Minerals in Alpha-1
[2026-04-28T19:40:34.144Z] Jax (SCIENTIST) discovered Rare Minerals in Alpha-1
[2026-04-28T19:42:34.148Z] Aria (MEDIC) discovered Unknown Signal in Alpha-1
[2026-04-28T19:55:34.179Z] Nyx (ENGINEER) discovered Alien Artifact in Alpha-1
[2026-04-28T20:17:34.223Z] Luna (COMBAT) discovered Alien Artifact in Alpha-1
[2026-04-28T20:20:04.240Z] Vex (PILOT) discovered Derelict Ship in Alpha-1
[2026-04-28T20:21:04.250Z] Luna (COMBAT) discovered Unknown Signal in Alpha-1
[2026-04-28T20:22:34.262Z] Luna (COMBAT) discovered Anomalous Planet in Alpha-1
[2026-04-28T20:48:34.306Z] Vex (PILOT) discovered Rare Minerals in Alpha-1
[2026-04-28T21:14:04.359Z] Jax (SCIENTIST) discovered Space Anomaly in Alpha-1
[2026-04-28T21:24:34.376Z] Luna (COMBAT) discovered Derelict Ship in Alpha-1
[2026-04-28T21:25:34.380Z] Luna (COMBAT) discovered Rare Minerals in Alpha-1
[2026-04-28T21:29:34.372Z] Luna (COMBAT) discovered Ancient Ruins in Alpha-1
[2026-04-28T21:42:34.399Z] Luna (COMBAT) discovered Nebula Cloud in Alpha-1
[2026-04-28T21:49:34.428Z] Vex (PILOT) discovered Alien Artifact in Alpha-1
[2026-04-28T22:57:04.555Z] Nyx (ENGINEER) discovered Derelict Ship in Alpha-1
[2026-04-28T23:01:04.565Z] Aria (MEDIC) discovered Anomalous Planet in Alpha-1
[2026-04-28T23:05:34.564Z] Nyx (ENGINEER) discovered Derelict Ship in Alpha-1
[2026-04-28T23:10:34.578Z] Vex (PILOT) discovered Alien Artifact in Alpha-1
[2026-04-28T23:13:34.586Z] Luna (COMBAT) discovered Anomalous Planet in Alpha-1
[2026-04-28T23:16:04.585Z] Jax (SCIENTIST) discovered Ancient Ruins in Alpha-1
[2026-04-28T23:36:04.618Z] Vex (PILOT) discovered Anomalous Planet in Alpha-1
[2026-04-28T23:37:34.624Z] Jax (SCIENTIST) discovered Rare Minerals in Alpha-1
[2026-04-28T23:41:04.633Z] Jax (SCIENTIST) discovered Alien Artifact in Alpha-1
[2026-04-28T23:50:04.663Z] Aria (MEDIC) discovered Anomalous Planet in Alpha-1
[2026-04-29T00:06:34.701Z] Vex (PILOT) discovered Derelict Ship in Alpha-1
[2026-04-29T00:12:34.713Z] Vex (PILOT) discovered Unknown Signal in Alpha-1
[2026-04-29T00:21:04.734Z] Nyx (ENGINEER) discovered Nebula Cloud in Alpha-1
[2026-04-29T00:22:34.735Z] Vex (PILOT) discovered Nebula Cloud in Alpha-1
[2026-04-29T00:27:34.748Z] Jax (SCIENTIST) discovered Unknown Signal in Alpha-1
[2026-04-29T00:50:04.788Z] Nyx (ENGINEER) discovered Hidden Base in Alpha-1
[2026-04-29T01:12:04.886Z] Aria (MEDIC) discovered Alien Artifact in Alpha-1
[2026-04-29T01:20:34.904Z] Aria (MEDIC) discovered Unknown Signal in Alpha-1
[2026-04-29T01:30:34.935Z] Jax (SCIENTIST) discovered Unknown Signal in Alpha-1
[2026-04-29T01:37:34.926Z] Nyx (ENGINEER) discovered Anomalous Planet in Alpha-1
[2026-04-29T01:46:34.939Z] Vex (PILOT) discovered Hidden Base in Alpha-1
[2026-04-29T01:49:04.954Z] Nyx (ENGINEER) discovered Rare Minerals in Alpha-1
[2026-04-29T02:22:05.052Z] Jax (SCIENTIST) discovered Unknown Signal in Alpha-1
[2026-04-29T02:24:35.051Z] Jax (SCIENTIST) discovered Anomalous Planet in Alpha-1
[2026-04-29T02:30:35.060Z] Nyx (ENGINEER) discovered Hidden Base in Alpha-1
[2026-04-29T02:34:05.064Z] Luna (COMBAT) discovered Anomalous Planet in Alpha-1
[2026-04-29T02:39:05.072Z] Nyx (ENGINEER) discovered Anomalous Planet in Alpha-1
[2026-04-29T02:53:35.106Z] Vex (PILOT) discovered Nebula Cloud in Alpha-1
[2026-04-29T02:59:05.123Z] Nyx (ENGINEER) discovered Ancient Ruins in Alpha-1
[2026-04-29T03:19:35.208Z] Luna (COMBAT) discovered Hidden Base in Alpha-1
[2026-04-29T03:32:05.243Z] Vex (PILOT) discovered Unknown Signal in Alpha-1
[2026-04-29T03:35:05.263Z] Aria (MEDIC) discovered Space Anomaly in Alpha-1
[2026-04-29T03:36:35.248Z] Vex (PILOT) discovered Unknown Signal in Alpha-1
[2026-04-29T03:40:05.257Z] Aria (MEDIC) discovered Alien Artifact in Alpha-1
[2026-04-29T03:42:35.254Z] Jax (SCIENTIST) discovered Unknown Signal in Alpha-1
[2026-04-29T04:18:05.301Z] Vex (PILOT) discovered Unknown Signal in Alpha-1
[2026-04-29T04:18:35.303Z] Jax (SCIENTIST) discovered Ancient Ruins in Alpha-1
[2026-04-29T04:39:05.342Z] Aria (MEDIC) discovered Anomalous Planet in Alpha-1
[2026-04-29T04:46:35.361Z] Jax (SCIENTIST) discovered Ancient Ruins in Alpha-1
[2026-04-29T05:21:05.405Z] Vex (PILOT) discovered Derelict Ship in Alpha-1
[2026-04-29T05:34:35.447Z] Nyx (ENGINEER) discovered Rare Minerals in Alpha-1
[2026-04-29T05:35:05.457Z] Luna (COMBAT) discovered Ancient Ruins in Alpha-1
[2026-04-29T05:39:35.448Z] Vex (PILOT) discovered Derelict Ship in Alpha-1
[2026-04-29T05:45:05.455Z] Vex (PILOT) discovered Space Anomaly in Alpha-1
[2026-04-29T05:47:05.476Z] Aria (MEDIC) discovered Hidden Base in Alpha-1
[2026-04-29T05:56:05.468Z] Aria (MEDIC) discovered Hidden Base in Alpha-1
[2026-04-29T06:06:35.513Z] Jax (SCIENTIST) discovered Hidden Base in Alpha-1
[2026-04-29T06:18:35.531Z] Nyx (ENGINEER) discovered Unknown Signal in Alpha-1
[2026-04-29T06:28:35.551Z] Jax (SCIENTIST) discovered Space Anomaly in Alpha-1
[2026-04-29T06:31:05.560Z] Aria (MEDIC) discovered Anomalous Planet in Alpha-1
[2026-04-29T06:47:35.590Z] Luna (COMBAT) discovered Alien Artifact in Alpha-1
[2026-04-29T06:51:35.590Z] Jax (SCIENTIST) discovered Unknown Signal in Alpha-1
[2026-04-29T07:14:05.663Z] Aria (MEDIC) discovered Ancient Ruins in Alpha-1
[2026-04-29T07:42:05.712Z] Vex (PILOT) discovered Anomalous Planet in Alpha-1
[2026-04-29T07:46:05.714Z] Nyx (ENGINEER) discovered Derelict Ship in Alpha-1
[2026-04-29T07:59:35.742Z] Jax (SCIENTIST) discovered Anomalous Planet in Alpha-1
[2026-04-29T08:19:35.774Z] Nyx (ENGINEER) discovered Alien Artifact in Alpha-1
[2026-04-29T08:25:35.788Z] Luna (COMBAT) discovered Hidden Base in Alpha-1
[2026-04-29T08:28:35.787Z] Vex (PILOT) discovered Anomalous Planet in Alpha-1
[2026-04-29T08:44:05.811Z] Aria (MEDIC) discovered Rare Minerals in Alpha-1
[2026-04-29T08:46:35.808Z] Aria (MEDIC) discovered Rare Minerals in Alpha-1
[2026-04-29T09:01:05.841Z] Luna (COMBAT) discovered Hidden Base in Alpha-1
[2026-04-29T09:07:35.851Z] Nyx (ENGINEER) discovered Alien Artifact in Alpha-1
[2026-04-29T09:10:35.857Z] Jax (SCIENTIST) discovered Alien Artifact in Alpha-1
[2026-04-29T09:16:35.868Z] Nyx (ENGINEER) discovered Space Anomaly in Alpha-1
[2026-04-29T09:17:05.872Z] Jax (SCIENTIST) discovered Unknown Signal in Alpha-1
[2026-04-29T09:26:05.888Z] Nyx (ENGINEER) discovered Anomalous Planet in Alpha-1
[2026-04-29T09:27:35.888Z] Vex (PILOT) discovered Unknown Signal in Alpha-1
[2026-04-29T09:47:35.928Z] Jax (SCIENTIST) discovered Space Anomaly in Alpha-1
[2026-04-29T10:25:06.002Z] Luna (COMBAT) discovered Derelict Ship in Alpha-1
[2026-04-29T10:29:06.006Z] Luna (COMBAT) discovered Nebula Cloud in Alpha-1
[2026-04-29T10:38:36.030Z] Nyx (ENGINEER) discovered Space Anomaly in Alpha-1
[2026-04-29T10:38:36.034Z] Jax (SCIENTIST) discovered Rare Minerals in Alpha-1
[2026-04-29T10:48:36.047Z] Luna (COMBAT) discovered Anomalous Planet in Alpha-1
[2026-04-29T10:55:06.058Z] Nyx (ENGINEER) discovered Rare Minerals in Alpha-1
[2026-04-29T11:06:06.170Z] Nyx (ENGINEER) discovered Space Anomaly in Alpha-1
[2026-04-29T11:23:36.206Z] Nyx (ENGINEER) discovered Nebula Cloud in Alpha-1
[2026-04-29T11:27:06.206Z] Jax (SCIENTIST) discovered Alien Artifact in Alpha-1
[2026-04-29T11:34:36.224Z] Aria (MEDIC) discovered Derelict Ship in Alpha-1
[2026-04-29T11:37:36.224Z] Luna (COMBAT) discovered Ancient Ruins in Alpha-1
[2026-04-29T12:14:06.280Z] Jax (SCIENTIST) discovered Alien Artifact in Alpha-1
[2026-04-29T12:15:06.282Z] Vex (PILOT) discovered Space Anomaly in Alpha-1
[2026-04-29T12:25:06.294Z] Vex (PILOT) discovered Derelict Ship in Alpha-1
[2026-04-29T12:29:06.304Z] Nyx (ENGINEER) discovered Rare Minerals in Alpha-1
[2026-04-29T12:41:36.337Z] Jax (SCIENTIST) discovered Ancient Ruins in Alpha-1
[2026-04-29T12:53:36.362Z] Luna (COMBAT) discovered Nebula Cloud in Alpha-1
[2026-04-29T12:56:36.358Z] Nyx (ENGINEER) discovered Hidden Base in Alpha-1
[2026-04-29T13:08:36.442Z] Nyx (ENGINEER) discovered Hidden Base in Alpha-1
[2026-04-29T13:09:36.449Z] Nyx (ENGINEER) discovered Space Anomaly in Alpha-1
[2026-04-29T13:18:36.457Z] Vex (PILOT) discovered Space Anomaly in Alpha-1
[2026-04-29T14:04:36.554Z] Vex (PILOT) discovered Hidden Base in Alpha-1
[2026-04-29T14:05:06.555Z] Nyx (ENGINEER) discovered Anomalous Planet in Alpha-1
[2026-04-29T14:30:06.606Z] Jax (SCIENTIST) discovered Alien Artifact in Alpha-1
[2026-04-29T14:33:06.615Z] Jax (SCIENTIST) discovered Derelict Ship in Alpha-1
[2026-04-29T15:15:36.792Z] Vex (PILOT) discovered Alien Artifact in Alpha-1
[2026-04-29T15:19:06.803Z] Luna (COMBAT) discovered Hidden Base in Alpha-1
[2026-04-29T15:34:36.823Z] Aria (MEDIC) discovered Unknown Signal in Alpha-1
[2026-04-29T15:46:06.866Z] Aria (MEDIC) discovered Nebula Cloud in Alpha-1
[2026-04-29T15:53:06.890Z] Aria (MEDIC) discovered Space Anomaly in Alpha-1
[2026-04-29T16:49:06.970Z] Nyx (ENGINEER) discovered Ancient Ruins in Alpha-1
[2026-04-29T16:50:06.971Z] Nyx (ENGINEER) discovered Anomalous Planet in Alpha-1
[2026-04-29T16:54:36.983Z] Nyx (ENGINEER) discovered Nebula Cloud in Alpha-1
[2026-04-29T17:06:37.010Z] Luna (COMBAT) discovered Alien Artifact in Alpha-1
[2026-04-29T17:13:37.015Z] Vex (PILOT) discovered Ancient Ruins in Alpha-1
[2026-04-29T17:14:37.018Z] Vex (PILOT) discovered Hidden Base in Alpha-1
[2026-04-29T17:17:07.023Z] Luna (COMBAT) discovered Anomalous Planet in Alpha-1
[2026-04-29T17:21:07.030Z] Jax (SCIENTIST) discovered Alien Artifact in Alpha-1
[2026-04-29T17:23:37.033Z] Nyx (ENGINEER) discovered Space Anomaly in Alpha-1
[2026-04-29T17:32:37.054Z] Aria (MEDIC) discovered Derelict Ship in Alpha-1
[2026-04-29T18:01:37.095Z] Nyx (ENGINEER) discovered Rare Minerals in Alpha-1
[2026-04-29T18:26:07.142Z] Aria (MEDIC) discovered Hidden Base in Alpha-1
[2026-04-29T18:32:07.179Z] Nyx (ENGINEER) discovered Nebula Cloud in Alpha-1
[2026-04-29T18:50:37.233Z] Aria (MEDIC) discovered Derelict Ship in Alpha-1
[2026-04-29T18:59:37.258Z] Jax (SCIENTIST) discovered Ancient Ruins in Alpha-1
[2026-04-29T19:28:37.320Z] Luna (COMBAT) discovered Unknown Signal in Alpha-1
[2026-04-29T19:50:07.385Z] Luna (COMBAT) discovered Space Anomaly in Alpha-1
[2026-04-29T19:54:37.375Z] Luna (COMBAT) discovered Nebula Cloud in Alpha-1
[2026-04-29T20:35:37.461Z] Nyx (ENGINEER) discovered Anomalous Planet in Alpha-1
[2026-04-29T20:39:07.468Z] Nyx (ENGINEER) discovered Ancient Ruins in Alpha-1
[2026-04-29T20:45:37.482Z] Nyx (ENGINEER) discovered Derelict Ship in Alpha-1
[2026-04-29T20:50:37.487Z] Jax (SCIENTIST) discovered Hidden Base in Alpha-1
[2026-04-29T20:53:07.498Z] Jax (SCIENTIST) discovered Ancient Ruins in Alpha-1
[2026-04-29T21:03:07.513Z] Jax (SCIENTIST) discovered Alien Artifact in Alpha-1
[2026-04-29T21:29:37.573Z] Nyx (ENGINEER) discovered Unknown Signal in Alpha-1
[2026-04-29T21:41:07.607Z] Aria (MEDIC) discovered Ancient Ruins in Alpha-1
[2026-04-29T21:42:37.588Z] Vex (PILOT) discovered Unknown Signal in Alpha-1
[2026-04-29T21:50:07.618Z] Aria (MEDIC) discovered Nebula Cloud in Alpha-1
[2026-04-29T21:54:37.613Z] Aria (MEDIC) discovered Nebula Cloud in Alpha-1
[2026-04-29T21:59:37.616Z] Aria (MEDIC) discovered Space Anomaly in Alpha-1
[2026-04-29T22:10:07.633Z] Nyx (ENGINEER) discovered Rare Minerals in Alpha-1
[2026-04-29T22:34:07.697Z] Vex (PILOT) discovered Space Anomaly in Alpha-1
[2026-04-29T22:51:07.728Z] Luna (COMBAT) discovered Nebula Cloud in Alpha-1
[2026-04-29T22:56:07.745Z] Nyx (ENGINEER) discovered Rare Minerals in Alpha-1
[2026-04-29T23:04:37.750Z] Vex (PILOT) discovered Rare Minerals in Alpha-1
[2026-04-29T23:22:37.795Z] Vex (PILOT) discovered Alien Artifact in Alpha-1
[2026-04-29T23:43:07.819Z] Nyx (ENGINEER) discovered Derelict Ship in Alpha-1
[2026-04-30T00:22:38.070Z] Luna (COMBAT) discovered Unknown Signal in Alpha-1
[2026-04-30T00:34:08.093Z] Jax (SCIENTIST) discovered Rare Minerals in Alpha-1
[2026-04-30T00:36:08.096Z] Luna (COMBAT) discovered Ancient Ruins in Alpha-1
[2026-04-30T00:41:08.103Z] Aria (MEDIC) discovered Nebula Cloud in Alpha-1
[2026-04-30T00:47:08.111Z] Nyx (ENGINEER) discovered Nebula Cloud in Alpha-1
[2026-04-30T00:50:08.113Z] Luna (COMBAT) discovered Alien Artifact in Alpha-1
[2026-04-30T00:59:38.134Z] Vex (PILOT) discovered Nebula Cloud in Alpha-1
[2026-04-30T01:23:08.185Z] Jax (SCIENTIST) discovered Alien Artifact in Alpha-1
[2026-04-30T01:23:08.187Z] Luna (COMBAT) discovered Derelict Ship in Alpha-1
[2026-04-30T01:25:08.196Z] Aria (MEDIC) discovered Anomalous Planet in Alpha-1
[2026-04-30T02:34:08.333Z] Jax (SCIENTIST) discovered Nebula Cloud in Alpha-1
[2026-04-30T02:40:38.354Z] Aria (MEDIC) discovered Derelict Ship in Alpha-1
[2026-04-30T02:45:08.345Z] Nyx (ENGINEER) discovered Anomalous Planet in Alpha-1
[2026-04-30T03:04:38.370Z] Luna (COMBAT) discovered Hidden Base in Alpha-1
[2026-04-30T03:05:08.369Z] Aria (MEDIC) discovered Hidden Base in Alpha-1
[2026-04-30T03:17:38.396Z] Nyx (ENGINEER) discovered Derelict Ship in Alpha-1
[2026-04-30T03:52:08.444Z] Jax (SCIENTIST) discovered Ancient Ruins in Alpha-1
[2026-04-30T03:55:38.453Z] Aria (MEDIC) discovered Nebula Cloud in Alpha-1
[2026-04-30T03:56:08.452Z] Jax (SCIENTIST) discovered Anomalous Planet in Alpha-1
[2026-04-30T04:12:38.511Z] Aria (MEDIC) discovered Derelict Ship in Alpha-1
[2026-04-30T04:16:08.510Z] Nyx (ENGINEER) discovered Space Anomaly in Alpha-1
[2026-04-30T04:20:08.529Z] Luna (COMBAT) discovered Space Anomaly in Alpha-1
[2026-04-30T04:22:38.530Z] Luna (COMBAT) discovered Ancient Ruins in Alpha-1
[2026-04-30T04:37:38.559Z] Jax (SCIENTIST) discovered Space Anomaly in Alpha-1
[2026-04-30T04:40:08.570Z] Luna (COMBAT) discovered Rare Minerals in Alpha-1
[2026-04-30T05:01:08.607Z] Nyx (ENGINEER) discovered Rare Minerals in Alpha-1
[2026-04-30T05:25:08.653Z] Luna (COMBAT) discovered Hidden Base in Alpha-1
[2026-04-30T05:33:38.658Z] Jax (SCIENTIST) discovered Ancient Ruins in Alpha-1
[2026-04-30T05:35:38.662Z] Aria (MEDIC) discovered Space Anomaly in Alpha-1
[2026-04-30T05:40:08.671Z] Jax (SCIENTIST) discovered Hidden Base in Alpha-1
[2026-04-30T05:43:08.687Z] Luna (COMBAT) discovered Nebula Cloud in Alpha-1
[2026-04-30T05:58:08.737Z] Aria (MEDIC) discovered Nebula Cloud in Alpha-1
[2026-04-30T06:09:38.770Z] Jax (SCIENTIST) discovered Hidden Base in Alpha-1
[2026-04-30T06:20:38.799Z] Aria (MEDIC) discovered Derelict Ship in Alpha-1
[2026-04-30T06:33:08.841Z] Aria (MEDIC) discovered Space Anomaly in Alpha-1
[2026-04-30T06:38:08.854Z] Luna (COMBAT) discovered Space Anomaly in Alpha-1
[2026-04-30T06:38:38.850Z] Vex (PILOT) discovered Rare Minerals in Alpha-1
[2026-04-30T06:45:38.861Z] Nyx (ENGINEER) discovered Unknown Signal in Alpha-1
[2026-04-30T06:50:08.900Z] Luna (COMBAT) discovered Derelict Ship in Alpha-1
[2026-04-30T07:01:38.908Z] Jax (SCIENTIST) discovered Rare Minerals in Alpha-1
[2026-04-30T07:02:08.910Z] Luna (COMBAT) discovered Rare Minerals in Alpha-1
[2026-04-30T07:10:38.929Z] Aria (MEDIC) discovered Hidden Base in Alpha-1
[2026-04-30T07:11:38.928Z] Vex (PILOT) discovered Unknown Signal in Alpha-1
[2026-04-30T07:18:38.946Z] Luna (COMBAT) discovered Derelict Ship in Alpha-1
[2026-04-30T07:53:09.028Z] Luna (COMBAT) discovered Alien Artifact in Alpha-1
[2026-04-30T07:53:39.025Z] Vex (PILOT) discovered Hidden Base in Alpha-1
[2026-04-30T08:00:39.034Z] Vex (PILOT) discovered Hidden Base in Alpha-1
[2026-04-30T08:10:39.048Z] Nyx (ENGINEER) discovered Derelict Ship in Alpha-1
[2026-04-30T08:18:09.066Z] Luna (COMBAT) discovered Anomalous Planet in Alpha-1
[2026-04-30T08:37:39.104Z] Nyx (ENGINEER) discovered Alien Artifact in Alpha-1
[2026-04-30T09:11:39.218Z] Jax (SCIENTIST) discovered Space Anomaly in Alpha-1
[2026-04-30T09:16:09.228Z] Aria (MEDIC) discovered Anomalous Planet in Alpha-1
[2026-04-30T09:29:39.246Z] Jax (SCIENTIST) discovered Nebula Cloud in Alpha-1
[2026-04-30T09:37:39.256Z] Vex (PILOT) discovered Nebula Cloud in Alpha-1
[2026-04-30T09:49:39.281Z] Jax (SCIENTIST) discovered Alien Artifact in Alpha-1
[2026-04-30T09:50:09.280Z] Nyx (ENGINEER) discovered Nebula Cloud in Alpha-1
[2026-04-30T10:04:39.296Z] Jax (SCIENTIST) discovered Ancient Ruins in Alpha-1
[2026-04-30T10:08:39.303Z] Jax (SCIENTIST) discovered Rare Minerals in Alpha-1
[2026-04-30T10:11:09.303Z] Nyx (ENGINEER) discovered Rare Minerals in Alpha-1
[2026-04-30T10:14:09.313Z] Luna (COMBAT) discovered Nebula Cloud in Alpha-1
[2026-04-30T10:20:39.315Z] Jax (SCIENTIST) discovered Alien Artifact in Alpha-1
[2026-04-30T10:34:39.326Z] Vex (PILOT) discovered Ancient Ruins in Alpha-1
[2026-04-30T10:36:39.337Z] Aria (MEDIC) discovered Rare Minerals in Alpha-1
[2026-04-30T10:48:09.348Z] Vex (PILOT) discovered Alien Artifact in Alpha-1
[2026-04-30T10:49:09.353Z] Jax (SCIENTIST) discovered Derelict Ship in Alpha-1
[2026-04-30T10:55:39.356Z] Jax (SCIENTIST) discovered Alien Artifact in Alpha-1
[2026-04-30T10:56:09.357Z] Luna (COMBAT) discovered Anomalous Planet in Alpha-1
[2026-04-30T10:58:09.357Z] Aria (MEDIC) discovered Derelict Ship in Alpha-1
[2026-04-30T11:01:39.361Z] Vex (PILOT) discovered Anomalous Planet in Alpha-1
[2026-04-30T11:02:39.364Z] Nyx (ENGINEER) discovered Anomalous Planet in Alpha-1
[2026-04-30T11:08:39.374Z] Luna (COMBAT) discovered Unknown Signal in Alpha-1
[2026-04-30T11:17:39.395Z] Luna (COMBAT) discovered Nebula Cloud in Alpha-1
[2026-04-30T11:18:39.392Z] Aria (MEDIC) discovered Space Anomaly in Alpha-1
[2026-04-30T11:20:39.392Z] Nyx (ENGINEER) discovered Nebula Cloud in Alpha-1
[2026-04-30T11:22:39.395Z] Nyx (ENGINEER) discovered Unknown Signal in Alpha-1
[2026-04-30T11:53:39.446Z] Nyx (ENGINEER) discovered Ancient Ruins in Alpha-1
[2026-04-30T12:04:39.520Z] Aria (MEDIC) discovered Derelict Ship in Alpha-1
[2026-04-30T12:13:39.523Z] Luna (COMBAT) discovered Anomalous Planet in Alpha-1
[2026-04-30T12:18:39.525Z] Vex (PILOT) discovered Ancient Ruins in Alpha-1
[2026-04-30T12:20:39.530Z] Jax (SCIENTIST) discovered Space Anomaly in Alpha-1
[2026-04-30T12:22:09.531Z] Jax (SCIENTIST) discovered Unknown Signal in Alpha-1
[2026-04-30T12:44:39.561Z] Luna (COMBAT) discovered Alien Artifact in Alpha-1
[2026-04-30T12:52:39.564Z] Luna (COMBAT) discovered Derelict Ship in Alpha-1
[2026-04-30T12:54:39.562Z] Vex (PILOT) discovered Rare Minerals in Alpha-1
[2026-04-30T12:56:09.569Z] Luna (COMBAT) discovered Hidden Base in Alpha-1
[2026-04-30T13:03:39.590Z] Aria (MEDIC) discovered Rare Minerals in Alpha-1
[2026-04-30T13:25:09.629Z] Aria (MEDIC) discovered Rare Minerals in Alpha-1
[2026-04-30T13:27:09.624Z] Luna (COMBAT) discovered Anomalous Planet in Alpha-1
[2026-04-30T14:10:39.697Z] Nyx (ENGINEER) discovered Rare Minerals in Alpha-1
[2026-04-30T14:39:09.737Z] Vex (PILOT) discovered Space Anomaly in Alpha-1
[2026-04-30T14:47:09.753Z] Aria (MEDIC) discovered Rare Minerals in Alpha-1
[2026-04-30T15:35:39.803Z] Nyx (ENGINEER) discovered Unknown Signal in Alpha-1
[2026-04-30T15:42:09.811Z] Vex (PILOT) discovered Ancient Ruins in Alpha-1
[2026-04-30T15:59:09.837Z] Luna (COMBAT) discovered Space Anomaly in Alpha-1
[2026-04-30T16:00:09.840Z] Vex (PILOT) discovered Rare Minerals in Alpha-1
[2026-04-30T16:26:09.900Z] Aria (MEDIC) discovered Anomalous Planet in Alpha-1
[2026-04-30T16:30:09.903Z] Nyx (ENGINEER) discovered Space Anomaly in Alpha-1
[2026-04-30T16:36:09.910Z] Luna (COMBAT) discovered Anomalous Planet in Alpha-1
[2026-04-30T16:40:09.923Z] Luna (COMBAT) discovered Ancient Ruins in Alpha-1
[2026-04-30T16:48:39.918Z] Nyx (ENGINEER) discovered Anomalous Planet in Alpha-1
[2026-04-30T16:59:09.937Z] Luna (COMBAT) discovered Anomalous Planet in Alpha-1
[2026-04-30T17:07:39.954Z] Luna (COMBAT) discovered Space Anomaly in Alpha-1
[2026-04-30T17:19:39.963Z] Nyx (ENGINEER) discovered Anomalous Planet in Alpha-1
[2026-04-30T17:32:39.979Z] Vex (PILOT) discovered Unknown Signal in Alpha-1
[2026-04-30T17:37:39.981Z] Vex (PILOT) discovered Nebula Cloud in Alpha-1
[2026-04-30T17:41:39.991Z] Luna (COMBAT) discovered Unknown Signal in Alpha-1
[2026-04-30T18:24:10.057Z] Vex (PILOT) discovered Alien Artifact in Alpha-1
[2026-04-30T18:28:10.063Z] Vex (PILOT) discovered Space Anomaly in Alpha-1
[2026-04-30T18:48:10.118Z] Nyx (ENGINEER) discovered Unknown Signal in Alpha-1
[2026-04-30T18:59:40.152Z] Luna (COMBAT) discovered Hidden Base in Alpha-1
[2026-04-30T18:59:40.156Z] Aria (MEDIC) discovered Ancient Ruins in Alpha-1
[2026-04-30T19:01:10.149Z] Nyx (ENGINEER) discovered Hidden Base in Alpha-1
[2026-04-30T19:13:10.183Z] Vex (PILOT) discovered Nebula Cloud in Alpha-1
[2026-04-30T19:17:10.195Z] Luna (COMBAT) discovered Derelict Ship in Alpha-1
[2026-04-30T19:33:40.220Z] Vex (PILOT) discovered Nebula Cloud in Alpha-1
[2026-04-30T19:38:10.240Z] Nyx (ENGINEER) discovered Ancient Ruins in Alpha-1
[2026-04-30T19:47:40.257Z] Nyx (ENGINEER) discovered Anomalous Planet in Alpha-1
[2026-04-30T19:54:10.263Z] Nyx (ENGINEER) discovered Space Anomaly in Alpha-1
[2026-04-30T19:54:40.264Z] Jax (SCIENTIST) discovered Unknown Signal in Alpha-1
[2026-04-30T20:03:10.282Z] Nyx (ENGINEER) discovered Alien Artifact in Alpha-1
[2026-04-30T20:05:10.291Z] Jax (SCIENTIST) discovered Nebula Cloud in Alpha-1
[2026-04-30T20:25:40.327Z] Jax (SCIENTIST) discovered Unknown Signal in Alpha-1
[2026-04-30T20:39:40.364Z] Aria (MEDIC) discovered Ancient Ruins in Alpha-1
[2026-04-30T20:49:10.388Z] Nyx (ENGINEER) discovered Ancient Ruins in Alpha-1
[2026-04-30T21:06:40.432Z] Aria (MEDIC) discovered Anomalous Planet in Alpha-1
[2026-04-30T21:28:10.491Z] Nyx (ENGINEER) discovered Alien Artifact in Alpha-1
[2026-04-30T21:30:40.502Z] Nyx (ENGINEER) discovered Space Anomaly in Alpha-1
[2026-04-30T21:42:10.523Z] Jax (SCIENTIST) discovered Nebula Cloud in Alpha-1
[2026-04-30T21:49:10.526Z] Vex (PILOT) discovered Derelict Ship in Alpha-1
[2026-04-30T22:08:40.566Z] Nyx (ENGINEER) discovered Alien Artifact in Alpha-1
[2026-04-30T22:10:10.576Z] Nyx (ENGINEER) discovered Hidden Base in Alpha-1
[2026-04-30T22:11:10.578Z] Luna (COMBAT) discovered Hidden Base in Alpha-1
[2026-04-30T22:22:40.608Z] Luna (COMBAT) discovered Hidden Base in Alpha-1
[2026-04-30T22:37:10.676Z] Luna (COMBAT) discovered Ancient Ruins in Alpha-1
[2026-04-30T22:52:10.727Z] Jax (SCIENTIST) discovered Unknown Signal in Alpha-1
[2026-04-30T23:01:40.743Z] Jax (SCIENTIST) discovered Anomalous Planet in Alpha-1
[2026-04-30T23:21:40.816Z] Jax (SCIENTIST) discovered Derelict Ship in Alpha-1
[2026-04-30T23:24:10.817Z] Vex (PILOT) discovered Rare Minerals in Alpha-1
[2026-04-30T23:26:10.820Z] Vex (PILOT) discovered Rare Minerals in Alpha-1
[2026-04-30T23:32:40.840Z] Jax (SCIENTIST) discovered Nebula Cloud in Alpha-1
[2026-04-30T23:43:10.901Z] Aria (MEDIC) discovered Anomalous Planet in Alpha-1
[2026-04-30T23:44:10.890Z] Jax (SCIENTIST) discovered Anomalous Planet in Alpha-1
[2026-04-30T23:46:10.895Z] Luna (COMBAT) discovered Ancient Ruins in Alpha-1
[2026-04-30T23:47:10.913Z] Luna (COMBAT) discovered Ancient Ruins in Alpha-1
[2026-04-30T23:49:10.905Z] Luna (COMBAT) discovered Anomalous Planet in Alpha-1
[2026-04-30T23:58:40.948Z] Aria (MEDIC) discovered Nebula Cloud in Alpha-1
[2026-05-01T00:07:40.994Z] Nyx (ENGINEER) discovered Rare Minerals in Alpha-1
[2026-05-01T00:11:11.065Z] Aria (MEDIC) discovered Alien Artifact in Alpha-1
[2026-05-01T00:40:11.161Z] Vex (PILOT) discovered Unknown Signal in Alpha-1
[2026-05-01T01:27:41.232Z] Jax (SCIENTIST) discovered Nebula Cloud in Alpha-1
[2026-05-01T01:46:11.270Z] Jax (SCIENTIST) discovered Alien Artifact in Alpha-1
[2026-05-01T01:58:11.288Z] Luna (COMBAT) discovered Nebula Cloud in Alpha-1
[2026-05-01T02:03:41.315Z] Nyx (ENGINEER) discovered Space Anomaly in Alpha-1
[2026-05-01T02:54:11.383Z] Vex (PILOT) discovered Derelict Ship in Alpha-1
[2026-05-01T02:56:41.392Z] Jax (SCIENTIST) discovered Hidden Base in Alpha-1
[2026-05-01T03:02:41.405Z] Jax (SCIENTIST) discovered Derelict Ship in Alpha-1
[2026-05-01T03:39:11.482Z] Aria (MEDIC) discovered Nebula Cloud in Alpha-1
[2026-05-01T03:45:11.489Z] Vex (PILOT) discovered Hidden Base in Alpha-1
[2026-05-01T03:55:41.506Z] Nyx (ENGINEER) discovered Alien Artifact in Alpha-1
[2026-05-01T04:03:41.521Z] Jax (SCIENTIST) discovered Derelict Ship in Alpha-1
[2026-05-01T04:05:41.521Z] Jax (SCIENTIST) discovered Anomalous Planet in Alpha-1
[2026-05-01T04:37:41.588Z] Aria (MEDIC) discovered Hidden Base in Alpha-1
[2026-05-01T05:10:41.676Z] Vex (PILOT) discovered Alien Artifact in Alpha-1
[2026-05-01T05:13:11.685Z] Aria (MEDIC) discovered Unknown Signal in Alpha-1
[2026-05-01T05:19:41.689Z] Vex (PILOT) discovered Hidden Base in Alpha-1
[2026-05-01T05:20:11.693Z] Luna (COMBAT) discovered Derelict Ship in Alpha-1
[2026-05-01T05:28:11.708Z] Jax (SCIENTIST) discovered Anomalous Planet in Alpha-1
[2026-05-01T05:33:11.719Z] Luna (COMBAT) discovered Alien Artifact in Alpha-1
[2026-05-01T05:47:11.729Z] Vex (PILOT) discovered Ancient Ruins in Alpha-1
[2026-05-01T05:48:41.733Z] Nyx (ENGINEER) discovered Space Anomaly in Alpha-1
[2026-05-01T05:55:41.737Z] Vex (PILOT) discovered Rare Minerals in Alpha-1
[2026-05-01T06:16:11.777Z] Nyx (ENGINEER) discovered Hidden Base in Alpha-1
[2026-05-01T06:18:11.778Z] Vex (PILOT) discovered Derelict Ship in Alpha-1
[2026-05-01T06:20:41.795Z] Luna (COMBAT) discovered Derelict Ship in Alpha-1
[2026-05-01T06:30:41.820Z] Nyx (ENGINEER) discovered Derelict Ship in Alpha-1
[2026-05-01T06:33:11.838Z] Luna (COMBAT) discovered Hidden Base in Alpha-1
[2026-05-01T06:55:41.883Z] Vex (PILOT) discovered Derelict Ship in Alpha-1
[2026-05-01T07:12:41.924Z] Aria (MEDIC) discovered Hidden Base in Alpha-1
[2026-05-01T07:38:11.960Z] Luna (COMBAT) discovered Hidden Base in Alpha-1
[2026-05-01T08:30:12.070Z] Aria (MEDIC) discovered Alien Artifact in Alpha-1
[2026-05-01T08:35:42.076Z] Aria (MEDIC) discovered Anomalous Planet in Alpha-1
[2026-05-01T08:53:42.103Z] Vex (PILOT) discovered Ancient Ruins in Alpha-1
[2026-05-01T09:02:12.115Z] Vex (PILOT) discovered Nebula Cloud in Alpha-1
[2026-05-01T09:02:12.121Z] Nyx (ENGINEER) discovered Space Anomaly in Alpha-1
[2026-05-01T09:09:12.131Z] Jax (SCIENTIST) discovered Ancient Ruins in Alpha-1
[2026-05-01T09:17:42.142Z] Aria (MEDIC) discovered Unknown Signal in Alpha-1
[2026-05-01T09:20:42.150Z] Nyx (ENGINEER) discovered Unknown Signal in Alpha-1
[2026-05-01T09:34:42.167Z] Luna (COMBAT) discovered Anomalous Planet in Alpha-1
[2026-05-01T09:37:12.169Z] Jax (SCIENTIST) discovered Unknown Signal in Alpha-1
[2026-05-01T09:41:42.189Z] Jax (SCIENTIST) discovered Ancient Ruins in Alpha-1
[2026-05-01T09:57:42.206Z] Vex (PILOT) discovered Rare Minerals in Alpha-1
[2026-05-01T10:01:12.216Z] Jax (SCIENTIST) discovered Space Anomaly in Alpha-1
[2026-05-01T10:04:42.214Z] Vex (PILOT) discovered Nebula Cloud in Alpha-1
[2026-05-01T10:06:42.224Z] Luna (COMBAT) discovered Anomalous Planet in Alpha-1
[2026-05-01T10:09:12.231Z] Nyx (ENGINEER) discovered Unknown Signal in Alpha-1
[2026-05-01T10:09:12.233Z] Luna (COMBAT) discovered Nebula Cloud in Alpha-1
[2026-05-01T10:13:42.241Z] Nyx (ENGINEER) discovered Unknown Signal in Alpha-1
[2026-05-01T10:29:12.265Z] Nyx (ENGINEER) discovered Alien Artifact in Alpha-1
[2026-05-01T10:33:42.271Z] Aria (MEDIC) discovered Unknown Signal in Alpha-1
[2026-05-01T10:53:12.312Z] Luna (COMBAT) discovered Nebula Cloud in Alpha-1
[2026-05-01T10:57:42.323Z] Aria (MEDIC) discovered Rare Minerals in Alpha-1
[2026-05-01T11:19:42.376Z] Aria (MEDIC) discovered Unknown Signal in Alpha-1
[2026-05-01T11:23:12.389Z] Luna (COMBAT) discovered Alien Artifact in Alpha-1
[2026-05-01T11:48:42.433Z] Luna (COMBAT) discovered Nebula Cloud in Alpha-1
[2026-05-01T11:52:12.426Z] Jax (SCIENTIST) discovered Derelict Ship in Alpha-1
[2026-05-01T11:53:42.428Z] Nyx (ENGINEER) discovered Nebula Cloud in Alpha-1
[2026-05-01T11:58:12.441Z] Luna (COMBAT) discovered Unknown Signal in Alpha-1
[2026-05-01T12:07:42.447Z] Vex (PILOT) discovered Derelict Ship in Alpha-1
[2026-05-01T12:09:12.463Z] Jax (SCIENTIST) discovered Rare Minerals in Alpha-1
[2026-05-01T12:15:12.468Z] Nyx (ENGINEER) discovered Rare Minerals in Alpha-1
[2026-05-01T12:17:42.472Z] Nyx (ENGINEER) discovered Alien Artifact in Alpha-1
[2026-05-01T12:24:42.481Z] Nyx (ENGINEER) discovered Derelict Ship in Alpha-1
[2026-05-01T12:37:12.507Z] Jax (SCIENTIST) discovered Ancient Ruins in Alpha-1
[2026-05-01T12:47:12.526Z] Vex (PILOT) discovered Ancient Ruins in Alpha-1
[2026-05-01T12:52:42.555Z] Nyx (ENGINEER) discovered Nebula Cloud in Alpha-1
[2026-05-01T12:56:12.550Z] Jax (SCIENTIST) discovered Derelict Ship in Alpha-1
[2026-05-01T13:26:12.603Z] Aria (MEDIC) discovered Derelict Ship in Alpha-1
[2026-05-01T13:34:42.624Z] Nyx (ENGINEER) discovered Anomalous Planet in Alpha-1
[2026-05-01T13:35:12.615Z] Vex (PILOT) discovered Space Anomaly in Alpha-1
[2026-05-01T13:45:42.639Z] Nyx (ENGINEER) discovered Derelict Ship in Alpha-1
[2026-05-01T13:45:42.653Z] Aria (MEDIC) discovered Unknown Signal in Alpha-1
[2026-05-01T13:54:42.654Z] Jax (SCIENTIST) discovered Rare Minerals in Alpha-1
[2026-05-01T14:03:42.664Z] Nyx (ENGINEER) discovered Derelict Ship in Alpha-1
[2026-05-01T14:04:42.677Z] Nyx (ENGINEER) discovered Ancient Ruins in Alpha-1
[2026-05-01T14:07:42.677Z] Vex (PILOT) discovered Nebula Cloud in Alpha-1
[2026-05-01T14:13:12.690Z] Nyx (ENGINEER) discovered Hidden Base in Alpha-1
[2026-05-01T14:18:42.705Z] Jax (SCIENTIST) discovered Nebula Cloud in Alpha-1
[2026-05-01T14:23:12.705Z] Vex (PILOT) discovered Alien Artifact in Alpha-1
[2026-05-01T14:30:12.726Z] Aria (MEDIC) discovered Anomalous Planet in Alpha-1
[2026-05-01T14:37:42.740Z] Luna (COMBAT) discovered Space Anomaly in Alpha-1
[2026-05-01T14:47:42.768Z] Luna (COMBAT) discovered Alien Artifact in Alpha-1
[2026-05-01T14:50:12.766Z] Jax (SCIENTIST) discovered Unknown Signal in Alpha-1
[2026-05-01T14:57:12.788Z] Aria (MEDIC) discovered Derelict Ship in Alpha-1
[2026-05-01T14:58:42.795Z] Luna (COMBAT) discovered Nebula Cloud in Alpha-1
[2026-05-01T15:01:12.794Z] Jax (SCIENTIST) discovered Derelict Ship in Alpha-1
[2026-05-01T15:07:12.809Z] Nyx (ENGINEER) discovered Alien Artifact in Alpha-1
[2026-05-01T15:16:12.847Z] Vex (PILOT) discovered Unknown Signal in Alpha-1
[2026-05-01T15:22:12.850Z] Vex (PILOT) discovered Anomalous Planet in Alpha-1
[2026-05-01T15:32:42.875Z] Aria (MEDIC) discovered Alien Artifact in Alpha-1
[2026-05-01T15:38:42.883Z] Luna (COMBAT) discovered Nebula Cloud in Alpha-1
[2026-05-01T15:45:42.908Z] Aria (MEDIC) discovered Space Anomaly in Alpha-1
[2026-05-01T15:51:42.925Z] Nyx (ENGINEER) discovered Derelict Ship in Alpha-1
[2026-05-01T16:03:12.966Z] Aria (MEDIC) discovered Rare Minerals in Alpha-1
[2026-05-01T16:12:42.963Z] Nyx (ENGINEER) discovered Unknown Signal in Alpha-1
[2026-05-01T16:13:42.975Z] Luna (COMBAT) discovered Anomalous Planet in Alpha-1
[2026-05-01T16:38:13.014Z] Vex (PILOT) discovered Anomalous Planet in Alpha-1
[2026-05-01T16:38:43.023Z] Jax (SCIENTIST) discovered Space Anomaly in Alpha-1
[2026-05-01T16:51:43.050Z] Aria (MEDIC) discovered Derelict Ship in Alpha-1
[2026-05-01T17:00:13.048Z] Nyx (ENGINEER) discovered Rare Minerals in Alpha-1
[2026-05-01T17:34:43.126Z] Aria (MEDIC) discovered Hidden Base in Alpha-1
[2026-05-01T17:51:43.155Z] Luna (COMBAT) discovered Anomalous Planet in Alpha-1
[2026-05-01T17:52:13.158Z] Aria (MEDIC) discovered Anomalous Planet in Alpha-1
[2026-05-01T18:16:13.205Z] Aria (MEDIC) discovered Ancient Ruins in Alpha-1
[2026-05-01T18:23:43.208Z] Aria (MEDIC) discovered Derelict Ship in Alpha-1
[2026-05-01T19:12:43.288Z] Vex (PILOT) discovered Hidden Base in Alpha-1
[2026-05-01T19:14:43.297Z] Luna (COMBAT) discovered Alien Artifact in Alpha-1
[2026-05-01T19:17:43.295Z] Vex (PILOT) discovered Ancient Ruins in Alpha-1
[2026-05-01T19:32:13.330Z] Aria (MEDIC) discovered Derelict Ship in Alpha-1
[2026-05-01T19:36:43.351Z] Jax (SCIENTIST) discovered Alien Artifact in Alpha-1
[2026-05-01T19:50:13.352Z] Vex (PILOT) discovered Unknown Signal in Alpha-1
[2026-05-01T20:04:43.386Z] Nyx (ENGINEER) discovered Ancient Ruins in Alpha-1
[2026-05-01T20:23:43.404Z] Aria (MEDIC) discovered Anomalous Planet in Alpha-1
[2026-05-01T21:17:13.469Z] Jax (SCIENTIST) discovered Derelict Ship in Alpha-1
[2026-05-01T21:37:13.494Z] Vex (PILOT) discovered Ancient Ruins in Alpha-1
[2026-05-01T21:41:13.498Z] Jax (SCIENTIST) discovered Hidden Base in Alpha-1
[2026-05-01T21:48:43.508Z] Jax (SCIENTIST) discovered Anomalous Planet in Alpha-1
[2026-05-01T21:49:43.509Z] Nyx (ENGINEER) discovered Hidden Base in Alpha-1
[2026-05-01T21:53:43.513Z] Jax (SCIENTIST) discovered Nebula Cloud in Alpha-1
[2026-05-01T21:54:13.511Z] Jax (SCIENTIST) discovered Unknown Signal in Alpha-1
[2026-05-01T22:08:43.519Z] Jax (SCIENTIST) discovered Alien Artifact in Alpha-1
[2026-05-01T22:56:43.591Z] Luna (COMBAT) discovered Derelict Ship in Alpha-1
[2026-05-01T22:58:13.592Z] Nyx (ENGINEER) discovered Rare Minerals in Alpha-1
[2026-05-01T23:08:13.605Z] Vex (PILOT) discovered Rare Minerals in Alpha-1
[2026-05-01T23:22:13.627Z] Jax (SCIENTIST) discovered Ancient Ruins in Alpha-1
[2026-05-01T23:56:43.681Z] Jax (SCIENTIST) discovered Rare Minerals in Alpha-1
[2026-05-02T00:04:13.695Z] Jax (SCIENTIST) discovered Ancient Ruins in Alpha-1
[2026-05-02T00:33:13.728Z] Nyx (ENGINEER) discovered Anomalous Planet in Alpha-1
[2026-05-02T00:35:43.735Z] Luna (COMBAT) discovered Anomalous Planet in Alpha-1
[2026-05-02T00:36:13.733Z] Jax (SCIENTIST) discovered Anomalous Planet in Alpha-1
[2026-05-02T00:42:43.752Z] Luna (COMBAT) discovered Nebula Cloud in Alpha-1
[2026-05-02T00:52:13.760Z] Jax (SCIENTIST) discovered Alien Artifact in Alpha-1
[2026-05-02T01:00:13.772Z] Vex (PILOT) discovered Nebula Cloud in Alpha-1
[2026-05-02T01:00:13.774Z] Jax (SCIENTIST) discovered Derelict Ship in Alpha-1
[2026-05-02T01:06:13.774Z] Vex (PILOT) discovered Alien Artifact in Alpha-1
[2026-05-02T01:12:43.787Z] Nyx (ENGINEER) discovered Unknown Signal in Alpha-1
[2026-05-02T01:14:43.795Z] Aria (MEDIC) discovered Anomalous Planet in Alpha-1
[2026-05-02T01:25:43.809Z] Aria (MEDIC) discovered Anomalous Planet in Alpha-1
[2026-05-02T01:55:43.853Z] Nyx (ENGINEER) discovered Alien Artifact in Alpha-1
[2026-05-02T02:07:13.869Z] Nyx (ENGINEER) discovered Anomalous Planet in Alpha-1
[2026-05-02T02:20:43.879Z] Nyx (ENGINEER) discovered Nebula Cloud in Alpha-1
[2026-05-02T02:53:43.926Z] Aria (MEDIC) discovered Hidden Base in Alpha-1
[2026-05-02T02:55:13.928Z] Luna (COMBAT) discovered Alien Artifact in Alpha-1
[2026-05-02T03:14:43.948Z] Jax (SCIENTIST) discovered Anomalous Planet in Alpha-1
[2026-05-02T03:15:43.951Z] Aria (MEDIC) discovered Unknown Signal in Alpha-1
[2026-05-02T03:16:43.951Z] Luna (COMBAT) discovered Derelict Ship in Alpha-1
[2026-05-02T03:20:13.951Z] Vex (PILOT) discovered Anomalous Planet in Alpha-1
[2026-05-02T03:31:43.971Z] Nyx (ENGINEER) discovered Anomalous Planet in Alpha-1
[2026-05-02T03:39:43.979Z] Nyx (ENGINEER) discovered Rare Minerals in Alpha-1
[2026-05-02T03:41:13.982Z] Jax (SCIENTIST) discovered Anomalous Planet in Alpha-1
[2026-05-02T03:55:14.002Z] Aria (MEDIC) discovered Unknown Signal in Alpha-1
[2026-05-02T04:11:14.015Z] Luna (COMBAT) discovered Derelict Ship in Alpha-1
[2026-05-02T04:21:44.027Z] Luna (COMBAT) discovered Nebula Cloud in Alpha-1
[2026-05-02T04:22:14.022Z] Vex (PILOT) discovered Unknown Signal in Alpha-1
[2026-05-02T04:41:14.047Z] Vex (PILOT) discovered Alien Artifact in Alpha-1
[2026-05-02T04:47:44.057Z] Vex (PILOT) discovered Space Anomaly in Alpha-1
[2026-05-02T04:53:14.064Z] Vex (PILOT) discovered Unknown Signal in Alpha-1
[2026-05-02T05:30:14.112Z] Vex (PILOT) discovered Unknown Signal in Alpha-1
[2026-05-02T05:36:14.121Z] Luna (COMBAT) discovered Derelict Ship in Alpha-1
[2026-05-02T05:40:14.122Z] Nyx (ENGINEER) discovered Derelict Ship in Alpha-1
[2026-05-02T05:44:14.129Z] Luna (COMBAT) discovered Rare Minerals in Alpha-1
[2026-05-02T06:01:44.146Z] Jax (SCIENTIST) discovered Unknown Signal in Alpha-1
[2026-05-02T06:06:14.150Z] Luna (COMBAT) discovered Rare Minerals in Alpha-1
[2026-05-02T06:06:14.151Z] Aria (MEDIC) discovered Nebula Cloud in Alpha-1
[2026-05-02T06:37:44.177Z] Nyx (ENGINEER) discovered Derelict Ship in Alpha-1
[2026-05-02T06:48:14.182Z] Vex (PILOT) discovered Derelict Ship in Alpha-1
[2026-05-02T07:22:14.206Z] Vex (PILOT) discovered Alien Artifact in Alpha-1
[2026-05-02T07:27:44.213Z] Vex (PILOT) discovered Anomalous Planet in Alpha-1
[2026-05-02T07:29:14.214Z] Vex (PILOT) discovered Ancient Ruins in Alpha-1
[2026-05-02T07:34:14.221Z] Aria (MEDIC) discovered Derelict Ship in Alpha-1
[2026-05-02T07:42:14.222Z] Vex (PILOT) discovered Nebula Cloud in Alpha-1
[2026-05-02T07:56:14.231Z] Aria (MEDIC) discovered Space Anomaly in Alpha-1
[2026-05-02T08:01:14.236Z] Aria (MEDIC) discovered Unknown Signal in Alpha-1
[2026-05-02T08:19:44.247Z] Luna (COMBAT) discovered Ancient Ruins in Alpha-1
[2026-05-02T08:20:44.246Z] Vex (PILOT) discovered Derelict Ship in Alpha-1
[2026-05-02T08:24:14.247Z] Vex (PILOT) discovered Unknown Signal in Alpha-1
[2026-05-02T08:33:14.257Z] Vex (PILOT) discovered Hidden Base in Alpha-1
[2026-05-02T08:33:44.257Z] Vex (PILOT) discovered Unknown Signal in Alpha-1
[2026-05-02T08:42:14.266Z] Aria (MEDIC) discovered Hidden Base in Alpha-1
[2026-05-02T08:54:14.279Z] Luna (COMBAT) discovered Unknown Signal in Alpha-1
[2026-05-02T08:57:14.276Z] Luna (COMBAT) discovered Ancient Ruins in Alpha-1
[2026-05-02T09:16:14.288Z] Jax (SCIENTIST) discovered Anomalous Planet in Alpha-1
[2026-05-02T09:34:14.303Z] Vex (PILOT) discovered Alien Artifact in Alpha-1
[2026-05-02T09:45:14.313Z] Nyx (ENGINEER) discovered Rare Minerals in Alpha-1
[2026-05-02T10:01:14.325Z] Jax (SCIENTIST) discovered Anomalous Planet in Alpha-1
[2026-05-02T10:32:14.362Z] Aria (MEDIC) discovered Alien Artifact in Alpha-1
[2026-05-02T10:44:44.369Z] Vex (PILOT) discovered Alien Artifact in Alpha-1
[2026-05-02T11:24:44.394Z] Vex (PILOT) discovered Unknown Signal in Alpha-1
[2026-05-02T11:25:44.394Z] Vex (PILOT) discovered Hidden Base in Alpha-1
[2026-05-02T11:27:44.398Z] Vex (PILOT) discovered Rare Minerals in Alpha-1
[2026-05-02T11:34:44.408Z] Jax (SCIENTIST) discovered Anomalous Planet in Alpha-1
[2026-05-02T11:36:14.406Z] Vex (PILOT) discovered Alien Artifact in Alpha-1
[2026-05-02T12:10:44.445Z] Jax (SCIENTIST) discovered Space Anomaly in Alpha-1
[2026-05-02T12:31:14.460Z] Nyx (ENGINEER) discovered Alien Artifact in Alpha-1
[2026-05-02T12:44:14.472Z] Vex (PILOT) discovered Ancient Ruins in Alpha-1
[2026-05-02T12:56:44.481Z] Luna (COMBAT) discovered Rare Minerals in Alpha-1
[2026-05-02T13:02:14.482Z] Nyx (ENGINEER) discovered Rare Minerals in Alpha-1
[2026-05-02T13:07:14.488Z] Aria (MEDIC) discovered Space Anomaly in Alpha-1
[2026-05-02T13:11:14.485Z] Nyx (ENGINEER) discovered Hidden Base in Alpha-1
[2026-05-02T13:12:14.485Z] Vex (PILOT) discovered Hidden Base in Alpha-1
[2026-05-02T13:13:14.490Z] Luna (COMBAT) discovered Rare Minerals in Alpha-1
[2026-05-02T13:20:14.497Z] Nyx (ENGINEER) discovered Nebula Cloud in Alpha-1
[2026-05-02T13:38:44.516Z] Aria (MEDIC) discovered Ancient Ruins in Alpha-1
[2026-05-02T13:47:14.523Z] Aria (MEDIC) discovered Nebula Cloud in Alpha-1
[2026-05-02T13:50:14.524Z] Nyx (ENGINEER) discovered Alien Artifact in Alpha-1
[2026-05-02T13:53:14.526Z] Nyx (ENGINEER) discovered Ancient Ruins in Alpha-1
[2026-05-02T14:03:14.540Z] Luna (COMBAT) discovered Anomalous Planet in Alpha-1
[2026-05-02T14:05:14.538Z] Vex (PILOT) discovered Ancient Ruins in Alpha-1
[2026-05-02T14:06:14.542Z] Aria (MEDIC) discovered Derelict Ship in Alpha-1
[2026-05-02T14:11:14.543Z] Jax (SCIENTIST) discovered Anomalous Planet in Alpha-1
[2026-05-02T14:19:44.546Z] Nyx (ENGINEER) discovered Alien Artifact in Alpha-1
[2026-05-02T14:49:44.589Z] Aria (MEDIC) discovered Ancient Ruins in Alpha-1
[2026-05-02T15:04:14.597Z] Aria (MEDIC) discovered Space Anomaly in Alpha-1
[2026-05-02T15:18:44.620Z] Jax (SCIENTIST) discovered Alien Artifact in Alpha-1
[2026-05-02T15:51:44.659Z] Jax (SCIENTIST) discovered Space Anomaly in Alpha-1
[2026-05-02T15:57:44.662Z] Jax (SCIENTIST) discovered Hidden Base in Alpha-1
[2026-05-02T16:06:44.676Z] Aria (MEDIC) discovered Space Anomaly in Alpha-1
[2026-05-02T16:16:44.680Z] Jax (SCIENTIST) discovered Nebula Cloud in Alpha-1
[2026-05-02T16:21:14.689Z] Nyx (ENGINEER) discovered Ancient Ruins in Alpha-1
[2026-05-02T16:25:14.700Z] Aria (MEDIC) discovered Alien Artifact in Alpha-1
[2026-05-02T16:37:14.706Z] Aria (MEDIC) discovered Unknown Signal in Alpha-1
[2026-05-02T16:39:44.709Z] Vex (PILOT) discovered Derelict Ship in Alpha-1
[2026-05-02T16:46:14.717Z] Luna (COMBAT) discovered Hidden Base in Alpha-1
[2026-05-02T17:42:14.761Z] Luna (COMBAT) discovered Hidden Base in Alpha-1
[2026-05-02T18:37:14.817Z] Luna (COMBAT) discovered Rare Minerals in Alpha-1
[2026-05-02T18:38:44.825Z] Aria (MEDIC) discovered Hidden Base in Alpha-1
[2026-05-02T18:49:44.827Z] Jax (SCIENTIST) discovered Space Anomaly in Alpha-1
[2026-05-02T19:00:14.837Z] Jax (SCIENTIST) discovered Derelict Ship in Alpha-1
[2026-05-02T19:16:44.850Z] Nyx (ENGINEER) discovered Nebula Cloud in Alpha-1
[2026-05-02T19:17:44.861Z] Nyx (ENGINEER) discovered Nebula Cloud in Alpha-1
[2026-05-02T19:19:14.862Z] Luna (COMBAT) discovered Derelict Ship in Alpha-1
[2026-05-02T19:21:44.864Z] Luna (COMBAT) discovered Unknown Signal in Alpha-1
[2026-05-02T19:31:14.872Z] Jax (SCIENTIST) discovered Derelict Ship in Alpha-1
[2026-05-02T19:35:44.874Z] Nyx (ENGINEER) discovered Nebula Cloud in Alpha-1
[2026-05-02T19:37:44.875Z] Luna (COMBAT) discovered Space Anomaly in Alpha-1
[2026-05-02T19:41:44.878Z] Luna (COMBAT) discovered Space Anomaly in Alpha-1
[2026-05-02T19:45:44.876Z] Vex (PILOT) discovered Anomalous Planet in Alpha-1
[2026-05-02T19:50:14.882Z] Vex (PILOT) discovered Anomalous Planet in Alpha-1
[2026-05-02T20:06:44.895Z] Nyx (ENGINEER) discovered Anomalous Planet in Alpha-1
[2026-05-02T20:10:14.898Z] Vex (PILOT) discovered Alien Artifact in Alpha-1
[2026-05-02T20:18:44.907Z] Jax (SCIENTIST) discovered Ancient Ruins in Alpha-1
[2026-05-02T20:32:44.925Z] Luna (COMBAT) discovered Nebula Cloud in Alpha-1
[2026-05-02T20:39:44.932Z] Luna (COMBAT) discovered Hidden Base in Alpha-1
[2026-05-02T20:44:44.937Z] Jax (SCIENTIST) discovered Alien Artifact in Alpha-1
[2026-05-02T20:50:44.943Z] Luna (COMBAT) discovered Unknown Signal in Alpha-1
[2026-05-02T20:52:14.943Z] Luna (COMBAT) discovered Alien Artifact in Alpha-1
[2026-05-02T20:58:14.945Z] Luna (COMBAT) discovered Nebula Cloud in Alpha-1
[2026-05-02T21:08:44.965Z] Nyx (ENGINEER) discovered Rare Minerals in Alpha-1
[2026-05-02T21:16:14.974Z] Jax (SCIENTIST) discovered Ancient Ruins in Alpha-1
[2026-05-02T21:37:44.980Z] Vex (PILOT) discovered Alien Artifact in Alpha-1
[2026-05-02T21:46:44.994Z] Aria (MEDIC) discovered Nebula Cloud in Alpha-1
[2026-05-02T21:47:14.990Z] Vex (PILOT) discovered Alien Artifact in Alpha-1
[2026-05-02T21:49:14.995Z] Jax (SCIENTIST) discovered Anomalous Planet in Alpha-1
[2026-05-02T21:53:44.997Z] Vex (PILOT) discovered Alien Artifact in Alpha-1
[2026-05-02T21:54:15.000Z] Jax (SCIENTIST) discovered Ancient Ruins in Alpha-1
[2026-05-02T21:56:45.001Z] Luna (COMBAT) discovered Ancient Ruins in Alpha-1
[2026-05-02T22:07:15.010Z] Luna (COMBAT) discovered Nebula Cloud in Alpha-1
[2026-05-02T22:29:15.033Z] Aria (MEDIC) discovered Unknown Signal in Alpha-1
[2026-05-02T22:30:45.039Z] Luna (COMBAT) discovered Derelict Ship in Alpha-1
[2026-05-02T22:31:15.036Z] Luna (COMBAT) discovered Rare Minerals in Alpha-1
[2026-05-02T22:35:45.044Z] Aria (MEDIC) discovered Anomalous Planet in Alpha-1
[2026-05-02T22:39:15.044Z] Jax (SCIENTIST) discovered Alien Artifact in Alpha-1
[2026-05-02T22:42:15.041Z] Vex (PILOT) discovered Hidden Base in Alpha-1
[2026-05-02T22:45:15.049Z] Nyx (ENGINEER) discovered Anomalous Planet in Alpha-1
[2026-05-02T23:27:45.095Z] Aria (MEDIC) discovered Rare Minerals in Alpha-1
[2026-05-02T23:28:15.090Z] Vex (PILOT) discovered Alien Artifact in Alpha-1
[2026-05-02T23:31:15.094Z] Nyx (ENGINEER) discovered Space Anomaly in Alpha-1
[2026-05-02T23:41:15.101Z] Vex (PILOT) discovered Rare Minerals in Alpha-1
[2026-05-03T00:06:15.141Z] Aria (MEDIC) discovered Hidden Base in Alpha-1
[2026-05-03T00:24:45.150Z] Aria (MEDIC) discovered Unknown Signal in Alpha-1
[2026-05-03T00:34:45.161Z] Jax (SCIENTIST) discovered Alien Artifact in Alpha-1
[2026-05-03T00:41:15.171Z] Nyx (ENGINEER) discovered Unknown Signal in Alpha-1
[2026-05-03T00:55:15.185Z] Aria (MEDIC) discovered Ancient Ruins in Alpha-1
[2026-05-03T01:04:45.200Z] Jax (SCIENTIST) discovered Hidden Base in Alpha-1
[2026-05-03T01:07:45.198Z] Luna (COMBAT) discovered Rare Minerals in Alpha-1
[2026-05-03T01:37:15.233Z] Aria (MEDIC) discovered Alien Artifact in Alpha-1
[2026-05-03T01:49:45.235Z] Luna (COMBAT) discovered Anomalous Planet in Alpha-1
[2026-05-03T02:01:45.249Z] Jax (SCIENTIST) discovered Anomalous Planet in Alpha-1
[2026-05-03T02:39:45.291Z] Aria (MEDIC) discovered Derelict Ship in Alpha-1
[2026-05-03T02:43:15.294Z] Vex (PILOT) discovered Ancient Ruins in Alpha-1
[2026-05-03T02:54:15.315Z] Luna (COMBAT) discovered Ancient Ruins in Alpha-1
[2026-05-03T03:19:15.335Z] Nyx (ENGINEER) discovered Alien Artifact in Alpha-1
[2026-05-03T03:19:15.340Z] Aria (MEDIC) discovered Hidden Base in Alpha-1
[2026-05-03T03:26:15.335Z] Nyx (ENGINEER) discovered Alien Artifact in Alpha-1
[2026-05-03T03:50:45.353Z] Jax (SCIENTIST) discovered Ancient Ruins in Alpha-1
[2026-05-03T03:57:15.355Z] Jax (SCIENTIST) discovered Ancient Ruins in Alpha-1
[2026-05-03T04:13:15.371Z] Vex (PILOT) discovered Nebula Cloud in Alpha-1
[2026-05-03T04:25:15.387Z] Aria (MEDIC) discovered Space Anomaly in Alpha-1
[2026-05-03T04:34:15.390Z] Vex (PILOT) discovered Hidden Base in Alpha-1
[2026-05-03T04:35:45.405Z] Aria (MEDIC) discovered Derelict Ship in Alpha-1
[2026-05-03T04:53:45.411Z] Jax (SCIENTIST) discovered Rare Minerals in Alpha-1
[2026-05-03T05:08:45.426Z] Jax (SCIENTIST) discovered Ancient Ruins in Alpha-1
[2026-05-03T05:10:45.431Z] Aria (MEDIC) discovered Unknown Signal in Alpha-1
[2026-05-03T05:31:15.450Z] Jax (SCIENTIST) discovered Derelict Ship in Alpha-1
[2026-05-03T05:38:15.454Z] Luna (COMBAT) discovered Derelict Ship in Alpha-1
[2026-05-03T05:52:15.469Z] Aria (MEDIC) discovered Alien Artifact in Alpha-1
[2026-05-03T06:29:45.509Z] Aria (MEDIC) discovered Unknown Signal in Alpha-1
[2026-05-03T06:40:45.518Z] Vex (PILOT) discovered Unknown Signal in Alpha-1
[2026-05-03T06:43:15.521Z] Nyx (ENGINEER) discovered Hidden Base in Alpha-1
[2026-05-03T06:44:15.521Z] Jax (SCIENTIST) discovered Space Anomaly in Alpha-1
[2026-05-03T06:50:45.534Z] Aria (MEDIC) discovered Alien Artifact in Alpha-1
[2026-05-03T06:51:15.535Z] Aria (MEDIC) discovered Alien Artifact in Alpha-1
[2026-05-03T06:58:15.538Z] Nyx (ENGINEER) discovered Anomalous Planet in Alpha-1
[2026-05-03T07:13:45.555Z] Luna (COMBAT) discovered Derelict Ship in Alpha-1
[2026-05-03T07:16:45.559Z] Luna (COMBAT) discovered Ancient Ruins in Alpha-1
[2026-05-03T07:19:45.561Z] Jax (SCIENTIST) discovered Derelict Ship in Alpha-1
[2026-05-03T07:20:15.561Z] Jax (SCIENTIST) discovered Alien Artifact in Alpha-1
[2026-05-03T07:20:15.564Z] Aria (MEDIC) discovered Nebula Cloud in Alpha-1
[2026-05-03T07:22:45.564Z] Luna (COMBAT) discovered Hidden Base in Alpha-1
[2026-05-03T07:50:45.585Z] Nyx (ENGINEER) discovered Space Anomaly in Alpha-1
[2026-05-03T08:08:15.603Z] Nyx (ENGINEER) discovered Anomalous Planet in Alpha-1
[2026-05-03T08:17:45.613Z] Nyx (ENGINEER) discovered Anomalous Planet in Alpha-1
[2026-05-03T08:25:15.635Z] Jax (SCIENTIST) discovered Ancient Ruins in Alpha-1
[2026-05-03T08:38:15.643Z] Luna (COMBAT) discovered Anomalous Planet in Alpha-1
[2026-05-03T08:40:45.643Z] Luna (COMBAT) discovered Hidden Base in Alpha-1
[2026-05-03T08:48:15.643Z] Nyx (ENGINEER) discovered Hidden Base in Alpha-1
[2026-05-03T09:03:15.657Z] Aria (MEDIC) discovered Alien Artifact in Alpha-1
[2026-05-03T09:08:15.658Z] Vex (PILOT) discovered Alien Artifact in Alpha-1
[2026-05-03T09:12:15.665Z] Vex (PILOT) discovered Unknown Signal in Alpha-1
[2026-05-03T09:33:45.684Z] Jax (SCIENTIST) discovered Ancient Ruins in Alpha-1
[2026-05-03T09:35:15.686Z] Luna (COMBAT) discovered Derelict Ship in Alpha-1
[2026-05-03T09:54:45.694Z] Vex (PILOT) discovered Space Anomaly in Alpha-1
[2026-05-03T10:02:15.708Z] Luna (COMBAT) discovered Rare Minerals in Alpha-1
[2026-05-03T10:17:45.739Z] Aria (MEDIC) discovered Hidden Base in Alpha-1
[2026-05-03T10:40:15.752Z] Vex (PILOT) discovered Anomalous Planet in Alpha-1
[2026-05-03T10:40:15.758Z] Luna (COMBAT) discovered Derelict Ship in Alpha-1
[2026-05-03T10:58:15.772Z] Nyx (ENGINEER) discovered Derelict Ship in Alpha-1
[2026-05-03T11:05:15.776Z] Luna (COMBAT) discovered Hidden Base in Alpha-1
[2026-05-03T11:10:15.774Z] Vex (PILOT) discovered Unknown Signal in Alpha-1
[2026-05-03T11:19:45.787Z] Jax (SCIENTIST) discovered Derelict Ship in Alpha-1
[2026-05-03T11:24:15.790Z] Luna (COMBAT) discovered Derelict Ship in Alpha-1
[2026-05-03T12:08:45.838Z] Nyx (ENGINEER) discovered Hidden Base in Alpha-1
[2026-05-03T12:39:15.855Z] Vex (PILOT) discovered Hidden Base in Alpha-1
[2026-05-03T12:50:45.871Z] Aria (MEDIC) discovered Alien Artifact in Alpha-1
[2026-05-03T13:30:15.915Z] Jax (SCIENTIST) discovered Anomalous Planet in Alpha-1
[2026-05-03T13:32:15.919Z] Luna (COMBAT) discovered Alien Artifact in Alpha-1
[2026-05-03T13:48:45.935Z] Nyx (ENGINEER) discovered Anomalous Planet in Alpha-1
[2026-05-03T14:00:15.943Z] Jax (SCIENTIST) discovered Nebula Cloud in Alpha-1
[2026-05-03T14:11:15.952Z] Jax (SCIENTIST) discovered Alien Artifact in Alpha-1
[2026-05-03T14:26:45.979Z] Luna (COMBAT) discovered Ancient Ruins in Alpha-1
[2026-05-03T14:38:45.985Z] Luna (COMBAT) discovered Alien Artifact in Alpha-1
[2026-05-03T15:01:46.010Z] Aria (MEDIC) discovered Ancient Ruins in Alpha-1
[2026-05-03T15:13:16.017Z] Jax (SCIENTIST) discovered Alien Artifact in Alpha-1
[2026-05-03T15:14:46.023Z] Nyx (ENGINEER) discovered Rare Minerals in Alpha-1
[2026-05-03T15:35:16.041Z] Vex (PILOT) discovered Hidden Base in Alpha-1
[2026-05-03T15:45:46.059Z] Nyx (ENGINEER) discovered Nebula Cloud in Alpha-1
[2026-05-03T15:54:16.064Z] Jax (SCIENTIST) discovered Rare Minerals in Alpha-1
[2026-05-03T15:57:46.070Z] Luna (COMBAT) discovered Hidden Base in Alpha-1
[2026-05-03T15:59:16.069Z] Nyx (ENGINEER) discovered Anomalous Planet in Alpha-1
[2026-05-03T16:15:46.086Z] Nyx (ENGINEER) discovered Nebula Cloud in Alpha-1
[2026-05-03T16:16:46.090Z] Luna (COMBAT) discovered Space Anomaly in Alpha-1
[2026-05-03T16:22:46.100Z] Luna (COMBAT) discovered Derelict Ship in Alpha-1
[2026-05-03T16:24:46.100Z] Jax (SCIENTIST) discovered Unknown Signal in Alpha-1
[2026-05-03T16:28:46.105Z] Nyx (ENGINEER) discovered Hidden Base in Alpha-1
[2026-05-03T16:37:16.119Z] Luna (COMBAT) discovered Nebula Cloud in Alpha-1
[2026-05-03T16:57:46.141Z] Luna (COMBAT) discovered Hidden Base in Alpha-1
[2026-05-03T17:02:46.147Z] Aria (MEDIC) discovered Derelict Ship in Alpha-1
[2026-05-03T17:05:46.142Z] Vex (PILOT) discovered Nebula Cloud in Alpha-1
[2026-05-03T17:12:16.157Z] Nyx (ENGINEER) discovered Hidden Base in Alpha-1
[2026-05-03T17:26:46.176Z] Luna (COMBAT) discovered Unknown Signal in Alpha-1
[2026-05-03T17:31:16.175Z] Vex (PILOT) discovered Anomalous Planet in Alpha-1
[2026-05-03T17:34:46.177Z] Vex (PILOT) discovered Alien Artifact in Alpha-1
[2026-05-03T17:39:46.182Z] Jax (SCIENTIST) discovered Rare Minerals in Alpha-1
[2026-05-03T17:40:46.184Z] Jax (SCIENTIST) discovered Derelict Ship in Alpha-1
[2026-05-03T17:42:46.185Z] Luna (COMBAT) discovered Anomalous Planet in Alpha-1
[2026-05-03T17:46:46.188Z] Jax (SCIENTIST) discovered Anomalous Planet in Alpha-1
[2026-05-03T17:56:16.189Z] Vex (PILOT) discovered Unknown Signal in Alpha-1
[2026-05-03T18:06:46.200Z] Luna (COMBAT) discovered Alien Artifact in Alpha-1
[2026-05-03T18:31:46.219Z] Nyx (ENGINEER) discovered Derelict Ship in Alpha-1
[2026-05-03T18:32:16.222Z] Jax (SCIENTIST) discovered Unknown Signal in Alpha-1
[2026-05-03T18:49:46.230Z] Nyx (ENGINEER) discovered Space Anomaly in Alpha-1
[2026-05-03T18:49:46.233Z] Luna (COMBAT) discovered Derelict Ship in Alpha-1
[2026-05-03T19:13:16.252Z] Jax (SCIENTIST) discovered Derelict Ship in Alpha-1
[2026-05-03T19:21:46.260Z] Nyx (ENGINEER) discovered Hidden Base in Alpha-1
[2026-05-03T19:30:16.269Z] Jax (SCIENTIST) discovered Derelict Ship in Alpha-1
[2026-05-03T19:30:46.266Z] Vex (PILOT) discovered Unknown Signal in Alpha-1
[2026-05-03T19:31:16.265Z] Vex (PILOT) discovered Ancient Ruins in Alpha-1
[2026-05-03T19:34:46.269Z] Vex (PILOT) discovered Hidden Base in Alpha-1
[2026-05-03T19:40:16.281Z] Nyx (ENGINEER) discovered Derelict Ship in Alpha-1
[2026-05-03T20:01:46.304Z] Vex (PILOT) discovered Space Anomaly in Alpha-1
[2026-05-03T20:28:46.340Z] Vex (PILOT) discovered Rare Minerals in Alpha-1
[2026-05-03T20:31:16.344Z] Vex (PILOT) discovered Alien Artifact in Alpha-1
[2026-05-03T20:46:46.381Z] Aria (MEDIC) discovered Nebula Cloud in Alpha-1
[2026-05-03T21:05:16.392Z] Vex (PILOT) discovered Derelict Ship in Alpha-1
[2026-05-03T21:10:16.399Z] Aria (MEDIC) discovered Anomalous Planet in Alpha-1
[2026-05-03T21:21:16.417Z] Nyx (ENGINEER) discovered Nebula Cloud in Alpha-1
[2026-05-03T21:25:46.423Z] Nyx (ENGINEER) discovered Nebula Cloud in Alpha-1
[2026-05-03T21:35:46.435Z] Luna (COMBAT) discovered Alien Artifact in Alpha-1
[2026-05-03T21:46:16.452Z] Jax (SCIENTIST) discovered Ancient Ruins in Alpha-1
[2026-05-03T21:47:16.448Z] Vex (PILOT) discovered Ancient Ruins in Alpha-1
[2026-05-03T21:54:16.454Z] Vex (PILOT) discovered Anomalous Planet in Alpha-1
[2026-05-03T22:04:16.471Z] Luna (COMBAT) discovered Derelict Ship in Alpha-1
[2026-05-03T22:22:16.487Z] Luna (COMBAT) discovered Nebula Cloud in Alpha-1
[2026-05-03T23:07:16.534Z] Vex (PILOT) discovered Alien Artifact in Alpha-1
[2026-05-03T23:11:16.538Z] Luna (COMBAT) discovered Space Anomaly in Alpha-1
[2026-05-03T23:13:16.539Z] Luna (COMBAT) discovered Nebula Cloud in Alpha-1
[2026-05-03T23:16:46.539Z] Luna (COMBAT) discovered Nebula Cloud in Alpha-1
[2026-05-03T23:23:46.545Z] Nyx (ENGINEER) discovered Anomalous Planet in Alpha-1
[2026-05-03T23:30:46.549Z] Vex (PILOT) discovered Ancient Ruins in Alpha-1
[2026-05-03T23:31:16.550Z] Nyx (ENGINEER) discovered Alien Artifact in Alpha-1
[2026-05-03T23:34:16.552Z] Vex (PILOT) discovered Hidden Base in Alpha-1
[2026-05-03T23:36:16.560Z] Luna (COMBAT) discovered Nebula Cloud in Alpha-1
[2026-05-03T23:55:46.580Z] Nyx (ENGINEER) discovered Hidden Base in Alpha-1
[2026-05-04T00:00:16.598Z] Aria (MEDIC) discovered Unknown Signal in Alpha-1
[2026-05-04T00:09:16.592Z] Aria (MEDIC) discovered Space Anomaly in Alpha-1
[2026-05-04T00:36:46.622Z] Nyx (ENGINEER) discovered Ancient Ruins in Alpha-1
[2026-05-04T00:50:46.628Z] Vex (PILOT) discovered Nebula Cloud in Alpha-1
[2026-05-04T01:07:16.646Z] Aria (MEDIC) discovered Anomalous Planet in Alpha-1
[2026-05-04T01:08:46.642Z] Nyx (ENGINEER) discovered Unknown Signal in Alpha-1
[2026-05-04T01:14:16.646Z] Luna (COMBAT) discovered Rare Minerals in Alpha-1
[2026-05-04T01:24:16.656Z] Nyx (ENGINEER) discovered Anomalous Planet in Alpha-1
[2026-05-04T01:38:16.673Z] Nyx (ENGINEER) discovered Ancient Ruins in Alpha-1
[2026-05-04T01:44:46.681Z] Luna (COMBAT) discovered Nebula Cloud in Alpha-1
[2026-05-04T01:52:46.683Z] Nyx (ENGINEER) discovered Derelict Ship in Alpha-1
[2026-05-04T01:52:46.688Z] Aria (MEDIC) discovered Hidden Base in Alpha-1
[2026-05-04T02:14:46.712Z] Aria (MEDIC) discovered Nebula Cloud in Alpha-1
[2026-05-04T02:21:46.713Z] Nyx (ENGINEER) discovered Anomalous Planet in Alpha-1
[2026-05-04T02:29:46.734Z] Luna (COMBAT) discovered Ancient Ruins in Alpha-1
[2026-05-04T02:49:16.745Z] Luna (COMBAT) discovered Anomalous Planet in Alpha-1
[2026-05-04T02:55:16.746Z] Jax (SCIENTIST) discovered Unknown Signal in Alpha-1
[2026-05-04T02:58:46.748Z] Vex (PILOT) discovered Space Anomaly in Alpha-1
[2026-05-04T03:18:16.773Z] Jax (SCIENTIST) discovered Hidden Base in Alpha-1
[2026-05-04T03:22:16.774Z] Nyx (ENGINEER) discovered Derelict Ship in Alpha-1
[2026-05-04T03:28:46.781Z] Aria (MEDIC) discovered Hidden Base in Alpha-1
[2026-05-04T03:51:46.800Z] Nyx (ENGINEER) discovered Hidden Base in Alpha-1
[2026-05-04T04:22:16.839Z] Aria (MEDIC) discovered Hidden Base in Alpha-1
[2026-05-04T05:00:46.889Z] Vex (PILOT) discovered Derelict Ship in Alpha-1
[2026-05-04T05:15:16.917Z] Aria (MEDIC) discovered Space Anomaly in Alpha-1
[2026-05-04T05:16:46.910Z] Vex (PILOT) discovered Unknown Signal in Alpha-1
[2026-05-04T05:21:46.916Z] Nyx (ENGINEER) discovered Ancient Ruins in Alpha-1
[2026-05-04T05:30:16.924Z] Aria (MEDIC) discovered Alien Artifact in Alpha-1
[2026-05-04T05:39:46.927Z] Vex (PILOT) discovered Derelict Ship in Alpha-1
[2026-05-04T05:48:16.931Z] Jax (SCIENTIST) discovered Derelict Ship in Alpha-1
[2026-05-04T06:00:16.942Z] Vex (PILOT) discovered Alien Artifact in Alpha-1
[2026-05-04T06:06:16.952Z] Aria (MEDIC) discovered Nebula Cloud in Alpha-1
[2026-05-04T06:10:16.949Z] Vex (PILOT) discovered Alien Artifact in Alpha-1
[2026-05-04T06:32:16.963Z] Vex (PILOT) discovered Unknown Signal in Alpha-1
[2026-05-04T07:13:17.018Z] Vex (PILOT) discovered Unknown Signal in Alpha-1
[2026-05-04T07:21:47.028Z] Vex (PILOT) discovered Alien Artifact in Alpha-1
[2026-05-04T07:51:17.057Z] Luna (COMBAT) discovered Alien Artifact in Alpha-1
[2026-05-04T08:00:17.064Z] Vex (PILOT) discovered Derelict Ship in Alpha-1
[2026-05-04T08:05:17.066Z] Vex (PILOT) discovered Rare Minerals in Alpha-1
[2026-05-04T08:36:17.098Z] Aria (MEDIC) discovered Ancient Ruins in Alpha-1
[2026-05-04T08:45:47.102Z] Jax (SCIENTIST) discovered Nebula Cloud in Alpha-1
[2026-05-04T08:52:17.108Z] Vex (PILOT) discovered Alien Artifact in Alpha-1
[2026-05-04T08:56:17.119Z] Jax (SCIENTIST) discovered Alien Artifact in Alpha-1
[2026-05-04T08:57:47.127Z] Aria (MEDIC) discovered Rare Minerals in Alpha-1
[2026-05-04T09:12:17.127Z] Vex (PILOT) discovered Space Anomaly in Alpha-1
[2026-05-04T09:24:47.143Z] Jax (SCIENTIST) discovered Hidden Base in Alpha-1
[2026-05-04T09:41:17.166Z] Aria (MEDIC) discovered Alien Artifact in Alpha-1
[2026-05-04T09:42:47.165Z] Jax (SCIENTIST) discovered Derelict Ship in Alpha-1
[2026-05-04T09:54:17.177Z] Nyx (ENGINEER) discovered Rare Minerals in Alpha-1
[2026-05-04T10:32:17.223Z] Vex (PILOT) discovered Derelict Ship in Alpha-1
[2026-05-04T10:38:17.232Z] Aria (MEDIC) discovered Hidden Base in Alpha-1
[2026-05-04T10:48:47.241Z] Nyx (ENGINEER) discovered Ancient Ruins in Alpha-1
[2026-05-04T10:53:17.245Z] Jax (SCIENTIST) discovered Rare Minerals in Alpha-1
[2026-05-04T11:05:47.253Z] Vex (PILOT) discovered Hidden Base in Alpha-1
[2026-05-04T11:09:47.256Z] Nyx (ENGINEER) discovered Anomalous Planet in Alpha-1
[2026-05-04T11:11:47.260Z] Vex (PILOT) discovered Hidden Base in Alpha-1
[2026-05-04T11:12:47.263Z] Aria (MEDIC) discovered Derelict Ship in Alpha-1
[2026-05-04T11:19:47.265Z] Jax (SCIENTIST) discovered Derelict Ship in Alpha-1
[2026-05-04T11:28:17.283Z] Aria (MEDIC) discovered Ancient Ruins in Alpha-1
[2026-05-04T11:32:47.277Z] Luna (COMBAT) discovered Space Anomaly in Alpha-1
[2026-05-04T11:38:17.285Z] Nyx (ENGINEER) discovered Ancient Ruins in Alpha-1
[2026-05-04T11:42:17.285Z] Vex (PILOT) discovered Hidden Base in Alpha-1
[2026-05-04T11:55:17.297Z] Nyx (ENGINEER) discovered Nebula Cloud in Alpha-1
[2026-05-04T11:59:17.300Z] Jax (SCIENTIST) discovered Rare Minerals in Alpha-1
[2026-05-04T12:09:17.309Z] Vex (PILOT) discovered Derelict Ship in Alpha-1
[2026-05-04T12:19:47.321Z] Vex (PILOT) discovered Ancient Ruins in Alpha-1
[2026-05-04T12:30:17.328Z] Nyx (ENGINEER) discovered Derelict Ship in Alpha-1
[2026-05-04T12:30:17.332Z] Jax (SCIENTIST) discovered Alien Artifact in Alpha-1
[2026-05-04T12:58:47.354Z] Nyx (ENGINEER) discovered Hidden Base in Alpha-1
[2026-05-04T13:01:17.367Z] Luna (COMBAT) discovered Rare Minerals in Alpha-1
[2026-05-04T13:03:47.363Z] Nyx (ENGINEER) discovered Space Anomaly in Alpha-1
[2026-05-04T13:18:47.371Z] Vex (PILOT) discovered Space Anomaly in Alpha-1
[2026-05-04T13:23:47.376Z] Aria (MEDIC) discovered Alien Artifact in Alpha-1
[2026-05-04T13:24:47.376Z] Nyx (ENGINEER) discovered Space Anomaly in Alpha-1
[2026-05-04T13:36:17.391Z] Aria (MEDIC) discovered Ancient Ruins in Alpha-1
[2026-05-04T13:37:17.390Z] Aria (MEDIC) discovered Hidden Base in Alpha-1
[2026-05-04T14:18:47.440Z] Nyx (ENGINEER) discovered Ancient Ruins in Alpha-1
[2026-05-04T14:27:17.449Z] Vex (PILOT) discovered Rare Minerals in Alpha-1
[2026-05-04T14:32:17.456Z] Nyx (ENGINEER) discovered Ancient Ruins in Alpha-1
[2026-05-04T14:34:47.457Z] Luna (COMBAT) discovered Space Anomaly in Alpha-1
[2026-05-04T14:53:47.476Z] Nyx (ENGINEER) discovered Derelict Ship in Alpha-1
[2026-05-04T15:02:47.497Z] Luna (COMBAT) discovered Unknown Signal in Alpha-1
[2026-05-04T15:06:47.508Z] Aria (MEDIC) discovered Space Anomaly in Alpha-1
[2026-05-04T15:11:47.507Z] Aria (MEDIC) discovered Rare Minerals in Alpha-1
[2026-05-04T15:17:17.505Z] Vex (PILOT) discovered Anomalous Planet in Alpha-1
[2026-05-04T15:36:17.530Z] Aria (MEDIC) discovered Nebula Cloud in Alpha-1
[2026-05-04T15:53:17.545Z] Aria (MEDIC) discovered Ancient Ruins in Alpha-1
[2026-05-04T16:04:17.557Z] Jax (SCIENTIST) discovered Hidden Base in Alpha-1
[2026-05-04T16:04:47.559Z] Aria (MEDIC) discovered Ancient Ruins in Alpha-1
[2026-05-04T16:26:47.577Z] Vex (PILOT) discovered Space Anomaly in Alpha-1
[2026-05-04T16:30:47.579Z] Vex (PILOT) discovered Nebula Cloud in Alpha-1
[2026-05-04T16:42:47.589Z] Jax (SCIENTIST) discovered Nebula Cloud in Alpha-1
[2026-05-04T16:45:17.591Z] Jax (SCIENTIST) discovered Hidden Base in Alpha-1
[2026-05-04T17:08:17.616Z] Aria (MEDIC) discovered Space Anomaly in Alpha-1
[2026-05-04T17:08:47.615Z] Aria (MEDIC) discovered Hidden Base in Alpha-1
[2026-05-04T17:43:17.646Z] Jax (SCIENTIST) discovered Ancient Ruins in Alpha-1
[2026-05-04T17:45:47.655Z] Nyx (ENGINEER) discovered Nebula Cloud in Alpha-1
[2026-05-04T17:48:47.662Z] Aria (MEDIC) discovered Anomalous Planet in Alpha-1
[2026-05-04T18:08:47.688Z] Aria (MEDIC) discovered Anomalous Planet in Alpha-1
[2026-05-04T18:13:17.689Z] Luna (COMBAT) discovered Ancient Ruins in Alpha-1
[2026-05-04T18:22:17.708Z] Jax (SCIENTIST) discovered Alien Artifact in Alpha-1
[2026-05-04T18:23:47.703Z] Aria (MEDIC) discovered Rare Minerals in Alpha-1
[2026-05-04T18:30:47.705Z] Nyx (ENGINEER) discovered Derelict Ship in Alpha-1
[2026-05-04T18:43:47.717Z] Vex (PILOT) discovered Hidden Base in Alpha-1
[2026-05-04T18:47:17.724Z] Aria (MEDIC) discovered Derelict Ship in Alpha-1
[2026-05-04T18:49:17.727Z] Jax (SCIENTIST) discovered Rare Minerals in Alpha-1
[2026-05-04T19:02:17.739Z] Nyx (ENGINEER) discovered Ancient Ruins in Alpha-1
[2026-05-04T19:11:47.748Z] Nyx (ENGINEER) discovered Hidden Base in Alpha-1
[2026-05-04T19:35:47.776Z] Vex (PILOT) discovered Derelict Ship in Alpha-1
[2026-05-04T19:53:17.797Z] Luna (COMBAT) discovered Unknown Signal in Alpha-1
[2026-05-04T20:03:17.800Z] Jax (SCIENTIST) discovered Space Anomaly in Alpha-1
[2026-05-04T20:19:47.822Z] Luna (COMBAT) discovered Rare Minerals in Alpha-1
[2026-05-04T20:21:47.820Z] Vex (PILOT) discovered Anomalous Planet in Alpha-1
[2026-05-04T20:29:47.833Z] Nyx (ENGINEER) discovered Unknown Signal in Alpha-1
[2026-05-04T20:30:47.837Z] Aria (MEDIC) discovered Anomalous Planet in Alpha-1
[2026-05-04T20:31:17.835Z] Jax (SCIENTIST) discovered Nebula Cloud in Alpha-1
[2026-05-04T20:41:47.844Z] Luna (COMBAT) discovered Space Anomaly in Alpha-1
[2026-05-04T21:06:17.877Z] Aria (MEDIC) discovered Unknown Signal in Alpha-1
[2026-05-04T21:11:17.880Z] Nyx (ENGINEER) discovered Anomalous Planet in Alpha-1
[2026-05-04T21:14:17.885Z] Jax (SCIENTIST) discovered Ancient Ruins in Alpha-1
[2026-05-04T21:33:17.898Z] Vex (PILOT) discovered Ancient Ruins in Alpha-1
[2026-05-04T21:38:17.903Z] Vex (PILOT) discovered Derelict Ship in Alpha-1
[2026-05-04T22:01:47.928Z] Vex (PILOT) discovered Nebula Cloud in Alpha-1
[2026-05-04T22:17:47.951Z] Luna (COMBAT) discovered Rare Minerals in Alpha-1
[2026-05-04T22:38:17.967Z] Luna (COMBAT) discovered Rare Minerals in Alpha-1
[2026-05-04T22:48:17.973Z] Luna (COMBAT) discovered Derelict Ship in Alpha-1
[2026-05-04T22:48:47.973Z] Jax (SCIENTIST) discovered Unknown Signal in Alpha-1
[2026-05-04T22:49:17.970Z] Vex (PILOT) discovered Hidden Base in Alpha-1
[2026-05-04T22:49:17.974Z] Jax (SCIENTIST) discovered Anomalous Planet in Alpha-1
[2026-05-04T23:00:17.988Z] Jax (SCIENTIST) discovered Nebula Cloud in Alpha-1
[2026-05-04T23:12:48.006Z] Luna (COMBAT) discovered Hidden Base in Alpha-1
[2026-05-04T23:30:18.016Z] Nyx (ENGINEER) discovered Derelict Ship in Alpha-1
[2026-05-04T23:36:48.022Z] Nyx (ENGINEER) discovered Unknown Signal in Alpha-1
[2026-05-04T23:44:18.034Z] Nyx (ENGINEER) discovered Ancient Ruins in Alpha-1
[2026-05-05T00:04:48.057Z] Jax (SCIENTIST) discovered Ancient Ruins in Alpha-1
[2026-05-05T00:51:18.107Z] Vex (PILOT) discovered Anomalous Planet in Alpha-1
[2026-05-05T01:56:18.184Z] Nyx (ENGINEER) discovered Ancient Ruins in Alpha-1
[2026-05-05T01:56:48.185Z] Vex (PILOT) discovered Hidden Base in Alpha-1
[2026-05-05T02:12:48.200Z] Vex (PILOT) discovered Derelict Ship in Alpha-1
[2026-05-05T02:24:18.215Z] Nyx (ENGINEER) discovered Unknown Signal in Alpha-1
[2026-05-05T02:36:48.226Z] Aria (MEDIC) discovered Alien Artifact in Alpha-1
[2026-05-05T02:56:48.260Z] Nyx (ENGINEER) discovered Rare Minerals in Alpha-1
[2026-05-05T03:06:48.276Z] Jax (SCIENTIST) discovered Nebula Cloud in Alpha-1
[2026-05-05T03:09:18.277Z] Nyx (ENGINEER) discovered Ancient Ruins in Alpha-1
[2026-05-05T03:10:48.278Z] Nyx (ENGINEER) discovered Ancient Ruins in Alpha-1
[2026-05-05T03:37:18.306Z] Nyx (ENGINEER) discovered Unknown Signal in Alpha-1
[2026-05-05T03:38:18.311Z] Aria (MEDIC) discovered Ancient Ruins in Alpha-1
[2026-05-05T03:56:18.327Z] Jax (SCIENTIST) discovered Nebula Cloud in Alpha-1
[2026-05-05T04:18:48.349Z] Nyx (ENGINEER) discovered Space Anomaly in Alpha-1
[2026-05-05T04:37:18.363Z] Nyx (ENGINEER) discovered Rare Minerals in Alpha-1
[2026-05-05T05:25:48.415Z] Luna (COMBAT) discovered Anomalous Planet in Alpha-1
[2026-05-05T05:43:48.428Z] Vex (PILOT) discovered Hidden Base in Alpha-1
[2026-05-05T05:45:18.433Z] Luna (COMBAT) discovered Derelict Ship in Alpha-1
[2026-05-05T05:46:48.434Z] Jax (SCIENTIST) discovered Alien Artifact in Alpha-1
[2026-05-05T05:54:18.437Z] Vex (PILOT) discovered Derelict Ship in Alpha-1
[2026-05-05T06:06:18.449Z] Vex (PILOT) discovered Anomalous Planet in Alpha-1
[2026-05-05T06:11:48.462Z] Aria (MEDIC) discovered Space Anomaly in Alpha-1
[2026-05-05T06:26:18.485Z] Aria (MEDIC) discovered Space Anomaly in Alpha-1
[2026-05-05T06:26:48.480Z] Nyx (ENGINEER) discovered Hidden Base in Alpha-1
[2026-05-05T06:26:48.484Z] Aria (MEDIC) discovered Space Anomaly in Alpha-1
[2026-05-05T06:45:18.508Z] Luna (COMBAT) discovered Derelict Ship in Alpha-1
[2026-05-05T06:48:18.511Z] Jax (SCIENTIST) discovered Unknown Signal in Alpha-1
[2026-05-05T07:02:48.533Z] Luna (COMBAT) discovered Nebula Cloud in Alpha-1
[2026-05-05T07:12:18.535Z] Nyx (ENGINEER) discovered Anomalous Planet in Alpha-1
[2026-05-05T07:18:18.546Z] Jax (SCIENTIST) discovered Alien Artifact in Alpha-1
[2026-05-05T07:31:18.563Z] Luna (COMBAT) discovered Hidden Base in Alpha-1
[2026-05-05T07:53:18.584Z] Jax (SCIENTIST) discovered Nebula Cloud in Alpha-1
[2026-05-05T08:05:18.593Z] Aria (MEDIC) discovered Alien Artifact in Alpha-1
[2026-05-05T08:06:48.589Z] Vex (PILOT) discovered Anomalous Planet in Alpha-1
[2026-05-05T08:07:18.590Z] Jax (SCIENTIST) discovered Derelict Ship in Alpha-1
[2026-05-05T08:16:48.605Z] Luna (COMBAT) discovered Space Anomaly in Alpha-1
[2026-05-05T08:22:18.617Z] Luna (COMBAT) discovered Anomalous Planet in Alpha-1
[2026-05-05T08:59:48.658Z] Vex (PILOT) discovered Ancient Ruins in Alpha-1
[2026-05-05T09:05:48.669Z] Jax (SCIENTIST) discovered Space Anomaly in Alpha-1
[2026-05-05T09:12:18.681Z] Nyx (ENGINEER) discovered Rare Minerals in Alpha-1
[2026-05-05T09:14:48.681Z] Vex (PILOT) discovered Unknown Signal in Alpha-1
[2026-05-05T09:21:18.690Z] Nyx (ENGINEER) discovered Unknown Signal in Alpha-1
[2026-05-05T09:23:48.692Z] Vex (PILOT) discovered Derelict Ship in Alpha-1
[2026-05-05T09:35:48.698Z] Luna (COMBAT) discovered Alien Artifact in Alpha-1
[2026-05-05T09:45:48.707Z] Nyx (ENGINEER) discovered Unknown Signal in Alpha-1
[2026-05-05T09:53:18.717Z] Luna (COMBAT) discovered Anomalous Planet in Alpha-1
[2026-05-05T09:55:48.716Z] Vex (PILOT) discovered Alien Artifact in Alpha-1
[2026-05-05T09:55:48.722Z] Luna (COMBAT) discovered Derelict Ship in Alpha-1
[2026-05-05T10:43:48.756Z] Nyx (ENGINEER) discovered Alien Artifact in Alpha-1
[2026-05-05T10:45:18.757Z] Vex (PILOT) discovered Derelict Ship in Alpha-1
[2026-05-05T10:52:18.764Z] Jax (SCIENTIST) discovered Nebula Cloud in Alpha-1
[2026-05-05T10:59:48.774Z] Nyx (ENGINEER) discovered Ancient Ruins in Alpha-1
[2026-05-05T11:09:18.786Z] Vex (PILOT) discovered Nebula Cloud in Alpha-1
[2026-05-05T11:37:18.806Z] Vex (PILOT) discovered Unknown Signal in Alpha-1
[2026-05-05T11:43:48.817Z] Luna (COMBAT) discovered Unknown Signal in Alpha-1
[2026-05-05T11:50:18.816Z] Nyx (ENGINEER) discovered Hidden Base in Alpha-1
[2026-05-05T12:03:48.822Z] Vex (PILOT) discovered Derelict Ship in Alpha-1
[2026-05-05T12:13:48.833Z] Nyx (ENGINEER) discovered Ancient Ruins in Alpha-1
[2026-05-05T12:17:48.836Z] Jax (SCIENTIST) discovered Space Anomaly in Alpha-1
[2026-05-05T12:18:48.835Z] Jax (SCIENTIST) discovered Rare Minerals in Alpha-1
[2026-05-05T12:38:18.844Z] Luna (COMBAT) discovered Hidden Base in Alpha-1
[2026-05-05T12:43:48.849Z] Nyx (ENGINEER) discovered Alien Artifact in Alpha-1
[2026-05-05T12:48:48.850Z] Vex (PILOT) discovered Derelict Ship in Alpha-1
[2026-05-05T12:56:18.855Z] Vex (PILOT) discovered Ancient Ruins in Alpha-1
[2026-05-05T12:57:18.859Z] Jax (SCIENTIST) discovered Unknown Signal in Alpha-1
[2026-05-05T13:07:18.870Z] Vex (PILOT) discovered Space Anomaly in Alpha-1
[2026-05-05T13:20:48.886Z] Luna (COMBAT) discovered Anomalous Planet in Alpha-1
[2026-05-05T13:27:48.889Z] Aria (MEDIC) discovered Ancient Ruins in Alpha-1
[2026-05-05T13:39:48.905Z] Jax (SCIENTIST) discovered Ancient Ruins in Alpha-1
[2026-05-05T13:48:48.911Z] Jax (SCIENTIST) discovered Hidden Base in Alpha-1
[2026-05-05T13:52:48.917Z] Nyx (ENGINEER) discovered Alien Artifact in Alpha-1
[2026-05-05T13:58:18.918Z] Nyx (ENGINEER) discovered Alien Artifact in Alpha-1
[2026-05-05T14:01:48.919Z] Vex (PILOT) discovered Hidden Base in Alpha-1
[2026-05-05T14:06:48.928Z] Vex (PILOT) discovered Ancient Ruins in Alpha-1
[2026-05-05T14:08:48.931Z] Jax (SCIENTIST) discovered Alien Artifact in Alpha-1
[2026-05-05T14:10:18.933Z] Luna (COMBAT) discovered Ancient Ruins in Alpha-1
[2026-05-05T14:17:48.937Z] Luna (COMBAT) discovered Unknown Signal in Alpha-1
[2026-05-05T14:27:18.947Z] Aria (MEDIC) discovered Anomalous Planet in Alpha-1
[2026-05-05T14:27:48.946Z] Luna (COMBAT) discovered Hidden Base in Alpha-1
[2026-05-05T14:28:18.951Z] Jax (SCIENTIST) discovered Nebula Cloud in Alpha-1
[2026-05-05T14:59:18.978Z] Nyx (ENGINEER) discovered Rare Minerals in Alpha-1
[2026-05-05T15:02:18.981Z] Luna (COMBAT) discovered Space Anomaly in Alpha-1
[2026-05-05T15:25:48.995Z] Aria (MEDIC) discovered Nebula Cloud in Alpha-1
[2026-05-05T15:26:18.996Z] Jax (SCIENTIST) discovered Hidden Base in Alpha-1
[2026-05-05T15:27:48.997Z] Luna (COMBAT) discovered Derelict Ship in Alpha-1
[2026-05-05T15:29:18.998Z] Jax (SCIENTIST) discovered Alien Artifact in Alpha-1
[2026-05-05T15:30:19.002Z] Nyx (ENGINEER) discovered Anomalous Planet in Alpha-1
[2026-05-05T15:50:49.024Z] Aria (MEDIC) discovered Nebula Cloud in Alpha-1
[2026-05-05T15:52:49.026Z] Aria (MEDIC) discovered Nebula Cloud in Alpha-1
[2026-05-05T16:30:49.073Z] Vex (PILOT) discovered Derelict Ship in Alpha-1
[2026-05-05T16:39:19.083Z] Aria (MEDIC) discovered Unknown Signal in Alpha-1
[2026-05-05T16:41:49.084Z] Aria (MEDIC) discovered Rare Minerals in Alpha-1
[2026-05-05T16:51:49.098Z] Luna (COMBAT) discovered Unknown Signal in Alpha-1
[2026-05-05T17:18:49.138Z] Luna (COMBAT) discovered Ancient Ruins in Alpha-1
[2026-05-05T17:19:19.134Z] Vex (PILOT) discovered Derelict Ship in Alpha-1
[2026-05-05T17:38:49.148Z] Luna (COMBAT) discovered Ancient Ruins in Alpha-1
[2026-05-05T17:56:49.170Z] Vex (PILOT) discovered Ancient Ruins in Alpha-1
[2026-05-05T18:02:49.176Z] Jax (SCIENTIST) discovered Space Anomaly in Alpha-1
[2026-05-05T18:06:19.180Z] Luna (COMBAT) discovered Derelict Ship in Alpha-1
[2026-05-05T18:10:19.186Z] Aria (MEDIC) discovered Anomalous Planet in Alpha-1
[2026-05-05T18:14:19.185Z] Vex (PILOT) discovered Unknown Signal in Alpha-1
[2026-05-05T18:14:49.187Z] Nyx (ENGINEER) discovered Alien Artifact in Alpha-1
[2026-05-05T18:15:49.189Z] Jax (SCIENTIST) discovered Nebula Cloud in Alpha-1
[2026-05-05T18:29:19.198Z] Nyx (ENGINEER) discovered Hidden Base in Alpha-1
[2026-05-05T18:32:49.207Z] Aria (MEDIC) discovered Hidden Base in Alpha-1
[2026-05-05T18:42:19.211Z] Jax (SCIENTIST) discovered Hidden Base in Alpha-1
[2026-05-05T18:48:19.214Z] Aria (MEDIC) discovered Space Anomaly in Alpha-1
[2026-05-05T18:50:49.215Z] Jax (SCIENTIST) discovered Derelict Ship in Alpha-1
[2026-05-05T18:51:19.214Z] Vex (PILOT) discovered Derelict Ship in Alpha-1
[2026-05-05T18:59:49.221Z] Jax (SCIENTIST) discovered Nebula Cloud in Alpha-1
[2026-05-05T19:25:19.238Z] Nyx (ENGINEER) discovered Space Anomaly in Alpha-1
[2026-05-05T19:28:49.243Z] Aria (MEDIC) discovered Derelict Ship in Alpha-1
[2026-05-05T19:29:49.244Z] Aria (MEDIC) discovered Hidden Base in Alpha-1
[2026-05-05T19:33:19.245Z] Jax (SCIENTIST) discovered Unknown Signal in Alpha-1
[2026-05-05T19:49:49.266Z] Luna (COMBAT) discovered Ancient Ruins in Alpha-1
[2026-05-05T19:59:49.274Z] Vex (PILOT) discovered Rare Minerals in Alpha-1
[2026-05-05T20:01:49.283Z] Nyx (ENGINEER) discovered Alien Artifact in Alpha-1
[2026-05-05T20:13:19.289Z] Vex (PILOT) discovered Anomalous Planet in Alpha-1
[2026-05-05T20:24:19.304Z] Vex (PILOT) discovered Ancient Ruins in Alpha-1
[2026-05-05T20:26:19.309Z] Jax (SCIENTIST) discovered Derelict Ship in Alpha-1
[2026-05-05T20:35:19.314Z] Vex (PILOT) discovered Anomalous Planet in Alpha-1
[2026-05-05T20:39:19.324Z] Nyx (ENGINEER) discovered Alien Artifact in Alpha-1
[2026-05-05T20:39:19.325Z] Jax (SCIENTIST) discovered Alien Artifact in Alpha-1
[2026-05-05T20:44:19.325Z] Vex (PILOT) discovered Hidden Base in Alpha-1
[2026-05-05T20:44:19.327Z] Nyx (ENGINEER) discovered Alien Artifact in Alpha-1
[2026-05-05T20:47:49.333Z] Nyx (ENGINEER) discovered Space Anomaly in Alpha-1
[2026-05-05T20:51:49.340Z] Luna (COMBAT) discovered Alien Artifact in Alpha-1
[2026-05-05T20:56:49.339Z] Nyx (ENGINEER) discovered Nebula Cloud in Alpha-1
[2026-05-05T21:01:49.345Z] Jax (SCIENTIST) discovered Anomalous Planet in Alpha-1
[2026-05-05T21:03:19.347Z] Jax (SCIENTIST) discovered Derelict Ship in Alpha-1
[2026-05-05T21:21:19.367Z] Jax (SCIENTIST) discovered Rare Minerals in Alpha-1
[2026-05-05T21:31:49.378Z] Luna (COMBAT) discovered Unknown Signal in Alpha-1
[2026-05-05T21:42:49.385Z] Jax (SCIENTIST) discovered Hidden Base in Alpha-1
[2026-05-05T21:44:49.386Z] Aria (MEDIC) discovered Derelict Ship in Alpha-1
[2026-05-05T22:14:49.422Z] Vex (PILOT) discovered Anomalous Planet in Alpha-1
[2026-05-05T22:22:49.436Z] Vex (PILOT) discovered Rare Minerals in Alpha-1
[2026-05-05T22:31:49.465Z] Luna (COMBAT) discovered Ancient Ruins in Alpha-1
[2026-05-05T22:36:49.473Z] Luna (COMBAT) discovered Hidden Base in Alpha-1
[2026-05-05T22:47:19.480Z] Luna (COMBAT) discovered Anomalous Planet in Alpha-1
[2026-05-05T22:55:49.501Z] Nyx (ENGINEER) discovered Nebula Cloud in Alpha-1
[2026-05-05T23:10:49.525Z] Aria (MEDIC) discovered Anomalous Planet in Alpha-1
[2026-05-05T23:21:19.535Z] Nyx (ENGINEER) discovered Derelict Ship in Alpha-1
[2026-05-05T23:33:49.544Z] Aria (MEDIC) discovered Space Anomaly in Alpha-1
[2026-05-05T23:36:19.546Z] Aria (MEDIC) discovered Space Anomaly in Alpha-1
[2026-05-05T23:42:19.549Z] Jax (SCIENTIST) discovered Unknown Signal in Alpha-1
[2026-05-06T00:01:19.585Z] Luna (COMBAT) discovered Nebula Cloud in Alpha-1
[2026-05-06T00:24:19.617Z] Jax (SCIENTIST) discovered Unknown Signal in Alpha-1
[2026-05-06T00:25:49.609Z] Vex (PILOT) discovered Anomalous Planet in Alpha-1
[2026-05-06T00:40:19.626Z] Vex (PILOT) discovered Space Anomaly in Alpha-1
[2026-05-06T00:40:19.628Z] Nyx (ENGINEER) discovered Ancient Ruins in Alpha-1
[2026-05-06T00:44:19.633Z] Nyx (ENGINEER) discovered Derelict Ship in Alpha-1
[2026-05-06T00:46:49.634Z] Nyx (ENGINEER) discovered Alien Artifact in Alpha-1
[2026-05-06T00:49:49.648Z] Vex (PILOT) discovered Nebula Cloud in Alpha-1
[2026-05-06T00:59:49.655Z] Nyx (ENGINEER) discovered Rare Minerals in Alpha-1
[2026-05-06T01:01:19.660Z] Jax (SCIENTIST) discovered Derelict Ship in Alpha-1
[2026-05-06T01:01:49.664Z] Aria (MEDIC) discovered Unknown Signal in Alpha-1
[2026-05-06T01:16:19.677Z] Vex (PILOT) discovered Space Anomaly in Alpha-1
[2026-05-06T01:27:19.689Z] Luna (COMBAT) discovered Unknown Signal in Alpha-1
[2026-05-06T01:36:49.697Z] Aria (MEDIC) discovered Alien Artifact in Alpha-1
[2026-05-06T01:38:19.698Z] Aria (MEDIC) discovered Alien Artifact in Alpha-1
[2026-05-06T01:44:49.711Z] Luna (COMBAT) discovered Alien Artifact in Alpha-1
[2026-05-06T01:44:49.712Z] Aria (MEDIC) discovered Hidden Base in Alpha-1
[2026-05-06T01:52:19.722Z] Nyx (ENGINEER) discovered Hidden Base in Alpha-1
[2026-05-06T01:56:19.723Z] Vex (PILOT) discovered Unknown Signal in Alpha-1
[2026-05-06T02:02:49.739Z] Luna (COMBAT) discovered Ancient Ruins in Alpha-1
[2026-05-06T02:07:49.740Z] Nyx (ENGINEER) discovered Anomalous Planet in Alpha-1
[2026-05-06T02:14:19.742Z] Nyx (ENGINEER) discovered Hidden Base in Alpha-1
[2026-05-06T02:22:19.749Z] Luna (COMBAT) discovered Space Anomaly in Alpha-1
[2026-05-06T02:25:49.752Z] Jax (SCIENTIST) discovered Ancient Ruins in Alpha-1
[2026-05-06T02:29:49.754Z] Aria (MEDIC) discovered Rare Minerals in Alpha-1
[2026-05-06T02:41:19.768Z] Aria (MEDIC) discovered Unknown Signal in Alpha-1
[2026-05-06T02:50:19.774Z] Aria (MEDIC) discovered Nebula Cloud in Alpha-1
[2026-05-06T02:54:19.775Z] Vex (PILOT) discovered Nebula Cloud in Alpha-1
[2026-05-06T03:14:49.799Z] Aria (MEDIC) discovered Nebula Cloud in Alpha-1
[2026-05-06T03:17:19.798Z] Nyx (ENGINEER) discovered Anomalous Planet in Alpha-1
[2026-05-06T03:22:19.816Z] Luna (COMBAT) discovered Rare Minerals in Alpha-1
[2026-05-06T03:24:19.813Z] Jax (SCIENTIST) discovered Nebula Cloud in Alpha-1
[2026-05-06T03:26:19.813Z] Nyx (ENGINEER) discovered Rare Minerals in Alpha-1
[2026-05-06T03:31:19.820Z] Aria (MEDIC) discovered Nebula Cloud in Alpha-1
[2026-05-06T03:37:19.831Z] Aria (MEDIC) discovered Hidden Base in Alpha-1
[2026-05-06T04:03:19.847Z] Luna (COMBAT) discovered Derelict Ship in Alpha-1
[2026-05-06T04:08:19.848Z] Luna (COMBAT) discovered Unknown Signal in Alpha-1
[2026-05-06T04:13:19.860Z] Aria (MEDIC) discovered Unknown Signal in Alpha-1
[2026-05-06T04:16:49.862Z] Aria (MEDIC) discovered Rare Minerals in Alpha-1
[2026-05-06T04:26:19.870Z] Luna (COMBAT) discovered Unknown Signal in Alpha-1
[2026-05-06T04:33:19.884Z] Luna (COMBAT) discovered Space Anomaly in Alpha-1
[2026-05-06T04:34:49.881Z] Vex (PILOT) discovered Alien Artifact in Alpha-1
[2026-05-06T04:35:49.885Z] Luna (COMBAT) discovered Space Anomaly in Alpha-1
[2026-05-06T04:41:19.889Z] Nyx (ENGINEER) discovered Nebula Cloud in Alpha-1
[2026-05-06T04:45:19.899Z] Aria (MEDIC) discovered Rare Minerals in Alpha-1
[2026-05-06T04:58:49.914Z] Aria (MEDIC) discovered Ancient Ruins in Alpha-1
[2026-05-06T05:00:49.914Z] Nyx (ENGINEER) discovered Hidden Base in Alpha-1
[2026-05-06T05:49:49.967Z] Jax (SCIENTIST) discovered Rare Minerals in Alpha-1
[2026-05-06T05:54:49.974Z] Aria (MEDIC) discovered Ancient Ruins in Alpha-1
[2026-05-06T05:59:49.977Z] Luna (COMBAT) discovered Rare Minerals in Alpha-1
[2026-05-06T05:59:49.979Z] Aria (MEDIC) discovered Derelict Ship in Alpha-1
[2026-05-06T06:05:19.986Z] Luna (COMBAT) discovered Alien Artifact in Alpha-1
[2026-05-06T06:12:49.990Z] Vex (PILOT) discovered Nebula Cloud in Alpha-1
[2026-05-06T06:23:20.003Z] Jax (SCIENTIST) discovered Nebula Cloud in Alpha-1
[2026-05-06T06:28:20.018Z] Jax (SCIENTIST) discovered Unknown Signal in Alpha-1
[2026-05-06T06:32:20.022Z] Nyx (ENGINEER) discovered Derelict Ship in Alpha-1
[2026-05-06T06:45:50.045Z] Aria (MEDIC) discovered Space Anomaly in Alpha-1
[2026-05-06T06:54:20.050Z] Nyx (ENGINEER) discovered Space Anomaly in Alpha-1
[2026-05-06T06:58:50.056Z] Jax (SCIENTIST) discovered Rare Minerals in Alpha-1
[2026-05-06T07:24:50.088Z] Luna (COMBAT) discovered Derelict Ship in Alpha-1
[2026-05-06T07:36:20.091Z] Vex (PILOT) discovered Ancient Ruins in Alpha-1
[2026-05-06T07:38:20.093Z] Vex (PILOT) discovered Unknown Signal in Alpha-1
[2026-05-06T07:41:50.098Z] Luna (COMBAT) discovered Nebula Cloud in Alpha-1
[2026-05-06T07:47:50.101Z] Nyx (ENGINEER) discovered Derelict Ship in Alpha-1
[2026-05-06T08:01:50.119Z] Luna (COMBAT) discovered Space Anomaly in Alpha-1
[2026-05-06T08:08:20.133Z] Aria (MEDIC) discovered Nebula Cloud in Alpha-1
[2026-05-06T08:10:50.125Z] Vex (PILOT) discovered Nebula Cloud in Alpha-1
[2026-05-06T08:45:20.173Z] Vex (PILOT) discovered Rare Minerals in Alpha-1
[2026-05-06T08:52:20.186Z] Aria (MEDIC) discovered Nebula Cloud in Alpha-1
[2026-05-06T08:52:50.180Z] Nyx (ENGINEER) discovered Rare Minerals in Alpha-1
[2026-05-06T09:14:50.203Z] Nyx (ENGINEER) discovered Derelict Ship in Alpha-1
[2026-05-06T09:27:20.239Z] Luna (COMBAT) discovered Alien Artifact in Alpha-1
[2026-05-06T09:44:50.242Z] Jax (SCIENTIST) discovered Space Anomaly in Alpha-1
[2026-05-06T10:06:50.274Z] Nyx (ENGINEER) discovered Nebula Cloud in Alpha-1
[2026-05-06T10:13:20.288Z] Jax (SCIENTIST) discovered Unknown Signal in Alpha-1
[2026-05-06T10:21:20.298Z] Aria (MEDIC) discovered Space Anomaly in Alpha-1
[2026-05-06T10:34:50.310Z] Aria (MEDIC) discovered Nebula Cloud in Alpha-1
[2026-05-06T10:36:50.311Z] Aria (MEDIC) discovered Ancient Ruins in Alpha-1
[2026-05-06T10:44:20.311Z] Jax (SCIENTIST) discovered Hidden Base in Alpha-1
[2026-05-06T10:53:20.318Z] Nyx (ENGINEER) discovered Nebula Cloud in Alpha-1
[2026-05-06T10:56:50.316Z] Vex (PILOT) discovered Hidden Base in Alpha-1
[2026-05-06T10:56:50.325Z] Nyx (ENGINEER) discovered Unknown Signal in Alpha-1
[2026-05-06T10:58:20.323Z] Luna (COMBAT) discovered Unknown Signal in Alpha-1
[2026-05-06T11:01:20.325Z] Jax (SCIENTIST) discovered Rare Minerals in Alpha-1
[2026-05-06T11:01:50.324Z] Nyx (ENGINEER) discovered Alien Artifact in Alpha-1
[2026-05-06T11:13:50.336Z] Aria (MEDIC) discovered Alien Artifact in Alpha-1
[2026-05-06T11:15:50.341Z] Jax (SCIENTIST) discovered Rare Minerals in Alpha-1
[2026-05-06T11:18:20.340Z] Vex (PILOT) discovered Space Anomaly in Alpha-1
[2026-05-06T11:32:50.357Z] Aria (MEDIC) discovered Hidden Base in Alpha-1
[2026-05-06T11:35:20.357Z] Vex (PILOT) discovered Hidden Base in Alpha-1
[2026-05-06T11:51:20.375Z] Vex (PILOT) discovered Space Anomaly in Alpha-1
[2026-05-06T11:53:50.382Z] Vex (PILOT) discovered Derelict Ship in Alpha-1
[2026-05-06T12:00:20.392Z] Luna (COMBAT) discovered Rare Minerals in Alpha-1
[2026-05-06T12:11:50.408Z] Aria (MEDIC) discovered Alien Artifact in Alpha-1
[2026-05-06T12:17:50.404Z] Aria (MEDIC) discovered Unknown Signal in Alpha-1
[2026-05-06T12:27:50.424Z] Luna (COMBAT) discovered Derelict Ship in Alpha-1
[2026-05-06T12:33:20.428Z] Aria (MEDIC) discovered Alien Artifact in Alpha-1
[2026-05-06T12:53:20.445Z] Luna (COMBAT) discovered Ancient Ruins in Alpha-1
[2026-05-06T13:00:20.447Z] Jax (SCIENTIST) discovered Alien Artifact in Alpha-1
[2026-05-06T13:17:20.471Z] Vex (PILOT) discovered Ancient Ruins in Alpha-1
[2026-05-06T13:31:50.495Z] Nyx (ENGINEER) discovered Derelict Ship in Alpha-1
[2026-05-06T14:16:50.550Z] Aria (MEDIC) discovered Nebula Cloud in Alpha-1
[2026-05-06T14:19:50.545Z] Aria (MEDIC) discovered Hidden Base in Alpha-1
[2026-05-06T14:30:20.550Z] Aria (MEDIC) discovered Space Anomaly in Alpha-1
[2026-05-06T14:34:50.551Z] Luna (COMBAT) discovered Space Anomaly in Alpha-1
[2026-05-06T14:50:20.562Z] Nyx (ENGINEER) discovered Rare Minerals in Alpha-1
[2026-05-06T15:14:20.598Z] Aria (MEDIC) discovered Nebula Cloud in Alpha-1
[2026-05-06T15:20:50.596Z] Jax (SCIENTIST) discovered Anomalous Planet in Alpha-1
[2026-05-06T15:34:50.618Z] Jax (SCIENTIST) discovered Derelict Ship in Alpha-1
[2026-05-06T16:00:20.647Z] Luna (COMBAT) discovered Anomalous Planet in Alpha-1
[2026-05-06T16:14:20.668Z] Nyx (ENGINEER) discovered Alien Artifact in Alpha-1
[2026-05-06T16:15:50.670Z] Nyx (ENGINEER) discovered Unknown Signal in Alpha-1
[2026-05-06T16:21:20.674Z] Vex (PILOT) discovered Unknown Signal in Alpha-1
[2026-05-06T16:47:50.698Z] Jax (SCIENTIST) discovered Alien Artifact in Alpha-1
[2026-05-06T16:51:20.696Z] Vex (PILOT) discovered Unknown Signal in Alpha-1
[2026-05-06T16:57:50.708Z] Luna (COMBAT) discovered Unknown Signal in Alpha-1
[2026-05-06T16:58:20.709Z] Luna (COMBAT) discovered Space Anomaly in Alpha-1
[2026-05-06T17:06:20.721Z] Nyx (ENGINEER) discovered Rare Minerals in Alpha-1
[2026-05-06T17:12:20.732Z] Aria (MEDIC) discovered Anomalous Planet in Alpha-1
[2026-05-06T17:14:20.740Z] Luna (COMBAT) discovered Space Anomaly in Alpha-1
[2026-05-06T17:17:50.739Z] Nyx (ENGINEER) discovered Anomalous Planet in Alpha-1
[2026-05-06T17:19:50.740Z] Jax (SCIENTIST) discovered Space Anomaly in Alpha-1
[2026-05-06T18:01:50.789Z] Luna (COMBAT) discovered Unknown Signal in Alpha-1
[2026-05-06T18:03:50.793Z] Jax (SCIENTIST) discovered Nebula Cloud in Alpha-1
[2026-05-06T18:05:20.796Z] Aria (MEDIC) discovered Derelict Ship in Alpha-1
[2026-05-06T18:11:50.804Z] Luna (COMBAT) discovered Anomalous Planet in Alpha-1
[2026-05-06T18:13:20.805Z] Jax (SCIENTIST) discovered Anomalous Planet in Alpha-1
[2026-05-06T18:14:50.806Z] Nyx (ENGINEER) discovered Nebula Cloud in Alpha-1
[2026-05-06T18:21:50.810Z] Luna (COMBAT) discovered Ancient Ruins in Alpha-1
[2026-05-06T18:38:50.820Z] Vex (PILOT) discovered Rare Minerals in Alpha-1
[2026-05-06T19:06:50.851Z] Luna (COMBAT) discovered Space Anomaly in Alpha-1
[2026-05-06T19:07:50.850Z] Nyx (ENGINEER) discovered Hidden Base in Alpha-1
[2026-05-06T19:15:20.866Z] Luna (COMBAT) discovered Anomalous Planet in Alpha-1
[2026-05-06T20:02:50.911Z] Luna (COMBAT) discovered Hidden Base in Alpha-1
[2026-05-06T20:14:20.927Z] Aria (MEDIC) discovered Anomalous Planet in Alpha-1
[2026-05-06T20:19:20.926Z] Luna (COMBAT) discovered Space Anomaly in Alpha-1
[2026-05-06T20:24:50.938Z] Aria (MEDIC) discovered Space Anomaly in Alpha-1
[2026-05-06T20:29:20.948Z] Aria (MEDIC) discovered Space Anomaly in Alpha-1
[2026-05-06T20:50:50.981Z] Luna (COMBAT) discovered Unknown Signal in Alpha-1
[2026-05-06T20:51:20.980Z] Luna (COMBAT) discovered Derelict Ship in Alpha-1
[2026-05-06T20:51:50.980Z] Luna (COMBAT) discovered Unknown Signal in Alpha-1
[2026-05-06T20:54:50.987Z] Luna (COMBAT) discovered Rare Minerals in Alpha-1
[2026-05-06T20:59:50.982Z] Nyx (ENGINEER) discovered Rare Minerals in Alpha-1
[2026-05-06T21:07:50.992Z] Jax (SCIENTIST) discovered Ancient Ruins in Alpha-1
[2026-05-06T21:15:20.999Z] Jax (SCIENTIST) discovered Derelict Ship in Alpha-1
[2026-05-06T21:50:21.049Z] Aria (MEDIC) discovered Derelict Ship in Alpha-1
[2026-05-06T22:01:51.060Z] Nyx (ENGINEER) discovered Nebula Cloud in Alpha-1
[2026-05-06T22:12:51.111Z] Nyx (ENGINEER) discovered Ancient Ruins in Alpha-1
[2026-05-06T22:16:51.119Z] Jax (SCIENTIST) discovered Derelict Ship in Alpha-1
[2026-05-06T22:18:21.124Z] Aria (MEDIC) discovered Ancient Ruins in Alpha-1
[2026-05-06T22:20:21.124Z] Luna (COMBAT) discovered Rare Minerals in Alpha-1
[2026-05-06T22:46:51.166Z] Aria (MEDIC) discovered Anomalous Planet in Alpha-1
[2026-05-06T23:12:51.212Z] Nyx (ENGINEER) discovered Nebula Cloud in Alpha-1
[2026-05-06T23:29:51.245Z] Vex (PILOT) discovered Anomalous Planet in Alpha-1
[2026-05-06T23:41:51.271Z] Luna (COMBAT) discovered Nebula Cloud in Alpha-1
[2026-05-06T23:51:21.286Z] Luna (COMBAT) discovered Hidden Base in Alpha-1
[2026-05-06T23:53:21.289Z] Luna (COMBAT) discovered Ancient Ruins in Alpha-1
[2026-05-06T23:57:21.299Z] Jax (SCIENTIST) discovered Hidden Base in Alpha-1
[2026-05-07T00:02:51.310Z] Luna (COMBAT) discovered Unknown Signal in Alpha-1
[2026-05-07T00:04:21.315Z] Aria (MEDIC) discovered Alien Artifact in Alpha-1
[2026-05-07T00:12:51.324Z] Nyx (ENGINEER) discovered Derelict Ship in Alpha-1
[2026-05-07T00:29:51.351Z] Luna (COMBAT) discovered Ancient Ruins in Alpha-1
[2026-05-07T00:41:51.359Z] Aria (MEDIC) discovered Unknown Signal in Alpha-1
[2026-05-07T00:52:21.379Z] Aria (MEDIC) discovered Derelict Ship in Alpha-1
[2026-05-07T00:56:21.394Z] Jax (SCIENTIST) discovered Anomalous Planet in Alpha-1
[2026-05-07T00:56:21.396Z] Luna (COMBAT) discovered Alien Artifact in Alpha-1
[2026-05-07T00:57:51.388Z] Nyx (ENGINEER) discovered Hidden Base in Alpha-1
[2026-05-07T01:30:51.428Z] Nyx (ENGINEER) discovered Space Anomaly in Alpha-1
[2026-05-07T01:37:51.438Z] Vex (PILOT) discovered Space Anomaly in Alpha-1
[2026-05-07T01:46:21.449Z] Nyx (ENGINEER) discovered Space Anomaly in Alpha-1
[2026-05-07T01:46:21.472Z] Aria (MEDIC) discovered Rare Minerals in Alpha-1
[2026-05-07T02:02:51.474Z] Luna (COMBAT) discovered Hidden Base in Alpha-1
[2026-05-07T02:05:21.483Z] Aria (MEDIC) discovered Alien Artifact in Alpha-1
[2026-05-07T02:14:51.482Z] Nyx (ENGINEER) discovered Ancient Ruins in Alpha-1
[2026-05-07T02:25:21.503Z] Nyx (ENGINEER) discovered Ancient Ruins in Alpha-1
[2026-05-07T02:25:21.510Z] Jax (SCIENTIST) discovered Rare Minerals in Alpha-1
[2026-05-07T02:25:51.496Z] Jax (SCIENTIST) discovered Hidden Base in Alpha-1
[2026-05-07T02:27:21.496Z] Jax (SCIENTIST) discovered Rare Minerals in Alpha-1
[2026-05-07T02:36:51.504Z] Jax (SCIENTIST) discovered Space Anomaly in Alpha-1
[2026-05-07T02:52:21.522Z] Aria (MEDIC) discovered Ancient Ruins in Alpha-1
[2026-05-07T02:54:21.517Z] Jax (SCIENTIST) discovered Nebula Cloud in Alpha-1
[2026-05-07T03:06:51.544Z] Luna (COMBAT) discovered Hidden Base in Alpha-1
[2026-05-07T03:16:51.555Z] Aria (MEDIC) discovered Unknown Signal in Alpha-1
[2026-05-07T03:40:51.585Z] Vex (PILOT) discovered Hidden Base in Alpha-1
[2026-05-07T03:46:51.591Z] Vex (PILOT) discovered Anomalous Planet in Alpha-1
[2026-05-07T03:50:51.602Z] Jax (SCIENTIST) discovered Ancient Ruins in Alpha-1
[2026-05-07T03:53:21.599Z] Vex (PILOT) discovered Alien Artifact in Alpha-1
[2026-05-07T04:03:21.618Z] Nyx (ENGINEER) discovered Rare Minerals in Alpha-1
[2026-05-07T04:04:21.624Z] Aria (MEDIC) discovered Anomalous Planet in Alpha-1
[2026-05-07T04:05:21.621Z] Jax (SCIENTIST) discovered Hidden Base in Alpha-1
[2026-05-07T04:07:21.634Z] Luna (COMBAT) discovered Derelict Ship in Alpha-1
[2026-05-07T04:15:51.630Z] Vex (PILOT) discovered Derelict Ship in Alpha-1
[2026-05-07T04:47:51.659Z] Vex (PILOT) discovered Hidden Base in Alpha-1
[2026-05-07T04:50:51.671Z] Luna (COMBAT) discovered Space Anomaly in Alpha-1
[2026-05-07T05:15:21.691Z] Nyx (ENGINEER) discovered Nebula Cloud in Alpha-1
[2026-05-07T05:16:21.697Z] Nyx (ENGINEER) discovered Anomalous Planet in Alpha-1
[2026-05-07T05:16:51.697Z] Vex (PILOT) discovered Space Anomaly in Alpha-1
[2026-05-07T05:20:21.702Z] Nyx (ENGINEER) discovered Alien Artifact in Alpha-1
[2026-05-07T05:22:51.708Z] Aria (MEDIC) discovered Alien Artifact in Alpha-1
[2026-05-07T05:24:51.706Z] Nyx (ENGINEER) discovered Rare Minerals in Alpha-1
[2026-05-07T05:26:51.705Z] Nyx (ENGINEER) discovered Ancient Ruins in Alpha-1
[2026-05-07T05:33:51.709Z] Vex (PILOT) discovered Space Anomaly in Alpha-1
[2026-05-07T06:06:21.761Z] Aria (MEDIC) discovered Nebula Cloud in Alpha-1
[2026-05-07T06:11:21.762Z] Nyx (ENGINEER) discovered Alien Artifact in Alpha-1
[2026-05-07T06:12:21.761Z] Vex (PILOT) discovered Derelict Ship in Alpha-1
[2026-05-07T06:15:21.769Z] Luna (COMBAT) discovered Alien Artifact in Alpha-1
[2026-05-07T06:25:51.778Z] Jax (SCIENTIST) discovered Derelict Ship in Alpha-1
[2026-05-07T06:34:21.784Z] Aria (MEDIC) discovered Hidden Base in Alpha-1
[2026-05-07T07:02:51.839Z] Jax (SCIENTIST) discovered Hidden Base in Alpha-1
[2026-05-07T07:22:21.866Z] Luna (COMBAT) discovered Anomalous Planet in Alpha-1
[2026-05-07T07:27:51.873Z] Nyx (ENGINEER) discovered Anomalous Planet in Alpha-1
[2026-05-07T07:39:51.890Z] Nyx (ENGINEER) discovered Hidden Base in Alpha-1
[2026-05-07T07:49:21.911Z] Luna (COMBAT) discovered Unknown Signal in Alpha-1
[2026-05-07T07:54:21.902Z] Vex (PILOT) discovered Anomalous Planet in Alpha-1
[2026-05-07T08:18:21.936Z] Vex (PILOT) discovered Rare Minerals in Alpha-1
[2026-05-07T08:43:51.970Z] Vex (PILOT) discovered Unknown Signal in Alpha-1
[2026-05-07T08:50:51.984Z] Jax (SCIENTIST) discovered Hidden Base in Alpha-1
[2026-05-07T09:06:52.005Z] Vex (PILOT) discovered Rare Minerals in Alpha-1
[2026-05-07T09:11:52.025Z] Luna (COMBAT) discovered Nebula Cloud in Alpha-1
[2026-05-07T09:14:52.026Z] Nyx (ENGINEER) discovered Unknown Signal in Alpha-1
[2026-05-07T09:26:52.041Z] Nyx (ENGINEER) discovered Rare Minerals in Alpha-1
[2026-05-07T09:31:52.046Z] Vex (PILOT) discovered Hidden Base in Alpha-1
[2026-05-07T09:33:22.049Z] Vex (PILOT) discovered Nebula Cloud in Alpha-1
[2026-05-07T09:41:22.066Z] Luna (COMBAT) discovered Ancient Ruins in Alpha-1
[2026-05-07T09:51:22.077Z] Luna (COMBAT) discovered Alien Artifact in Alpha-1
[2026-05-07T09:55:22.081Z] Aria (MEDIC) discovered Unknown Signal in Alpha-1
[2026-05-07T09:56:52.085Z] Aria (MEDIC) discovered Unknown Signal in Alpha-1
[2026-05-07T10:28:52.121Z] Vex (PILOT) discovered Derelict Ship in Alpha-1
[2026-05-07T10:35:22.124Z] Vex (PILOT) discovered Unknown Signal in Alpha-1
[2026-05-07T10:38:22.125Z] Vex (PILOT) discovered Anomalous Planet in Alpha-1
[2026-05-07T10:39:22.138Z] Aria (MEDIC) discovered Hidden Base in Alpha-1
[2026-05-07T10:44:52.138Z] Luna (COMBAT) discovered Derelict Ship in Alpha-1
[2026-05-07T10:49:52.140Z] Nyx (ENGINEER) discovered Nebula Cloud in Alpha-1
[2026-05-07T11:06:22.175Z] Luna (COMBAT) discovered Derelict Ship in Alpha-1
[2026-05-07T11:40:52.213Z] Aria (MEDIC) discovered Nebula Cloud in Alpha-1
[2026-05-07T11:41:22.213Z] Aria (MEDIC) discovered Unknown Signal in Alpha-1
[2026-05-07T11:51:22.226Z] Aria (MEDIC) discovered Anomalous Planet in Alpha-1
[2026-05-07T12:06:52.254Z] Aria (MEDIC) discovered Nebula Cloud in Alpha-1
[2026-05-07T12:32:22.290Z] Aria (MEDIC) discovered Space Anomaly in Alpha-1
[2026-05-07T12:53:52.315Z] Nyx (ENGINEER) discovered Unknown Signal in Alpha-1
[2026-05-07T13:14:52.328Z] Vex (PILOT) discovered Unknown Signal in Alpha-1
[2026-05-07T13:19:52.334Z] Nyx (ENGINEER) discovered Space Anomaly in Alpha-1
[2026-05-07T13:19:52.336Z] Jax (SCIENTIST) discovered Derelict Ship in Alpha-1
[2026-05-07T13:21:22.335Z] Vex (PILOT) discovered Rare Minerals in Alpha-1
[2026-05-07T13:26:22.338Z] Nyx (ENGINEER) discovered Derelict Ship in Alpha-1
[2026-05-07T13:27:22.339Z] Vex (PILOT) discovered Derelict Ship in Alpha-1
[2026-05-07T13:35:22.351Z] Vex (PILOT) discovered Ancient Ruins in Alpha-1
[2026-05-07T13:41:52.363Z] Aria (MEDIC) discovered Rare Minerals in Alpha-1
[2026-05-07T13:43:22.363Z] Jax (SCIENTIST) discovered Derelict Ship in Alpha-1
[2026-05-07T13:46:52.365Z] Aria (MEDIC) discovered Hidden Base in Alpha-1
[2026-05-07T13:58:22.384Z] Aria (MEDIC) discovered Ancient Ruins in Alpha-1
[2026-05-07T14:18:52.402Z] Vex (PILOT) discovered Unknown Signal in Alpha-1
[2026-05-07T14:18:52.412Z] Aria (MEDIC) discovered Alien Artifact in Alpha-1
[2026-05-07T14:23:22.413Z] Nyx (ENGINEER) discovered Ancient Ruins in Alpha-1
[2026-05-07T14:30:22.431Z] Aria (MEDIC) discovered Derelict Ship in Alpha-1
[2026-05-07T14:30:52.429Z] Luna (COMBAT) discovered Alien Artifact in Alpha-1
[2026-05-07T14:35:22.425Z] Vex (PILOT) discovered Nebula Cloud in Alpha-1
[2026-05-07T14:50:52.440Z] Luna (COMBAT) discovered Ancient Ruins in Alpha-1
[2026-05-07T14:54:52.440Z] Luna (COMBAT) discovered Derelict Ship in Alpha-1
[2026-05-07T14:59:52.457Z] Aria (MEDIC) discovered Unknown Signal in Alpha-1
[2026-05-07T15:11:52.460Z] Nyx (ENGINEER) discovered Space Anomaly in Alpha-1
[2026-05-07T15:16:52.469Z] Aria (MEDIC) discovered Anomalous Planet in Alpha-1
[2026-05-07T15:29:22.486Z] Aria (MEDIC) discovered Unknown Signal in Alpha-1
[2026-05-07T15:49:52.507Z] Nyx (ENGINEER) discovered Hidden Base in Alpha-1
[2026-05-07T15:50:22.506Z] Vex (PILOT) discovered Rare Minerals in Alpha-1
[2026-05-07T15:51:22.510Z] Luna (COMBAT) discovered Rare Minerals in Alpha-1
[2026-05-07T15:54:52.517Z] Jax (SCIENTIST) discovered Alien Artifact in Alpha-1
[2026-05-07T16:01:52.536Z] Jax (SCIENTIST) discovered Hidden Base in Alpha-1
[2026-05-07T16:21:52.577Z] Aria (MEDIC) discovered Anomalous Planet in Alpha-1
[2026-05-07T16:46:52.597Z] Vex (PILOT) discovered Ancient Ruins in Alpha-1
[2026-05-07T17:00:52.619Z] Vex (PILOT) discovered Space Anomaly in Alpha-1
[2026-05-07T17:02:52.629Z] Aria (MEDIC) discovered Anomalous Planet in Alpha-1
[2026-05-07T17:05:22.629Z] Vex (PILOT) discovered Anomalous Planet in Alpha-1
[2026-05-07T17:29:52.659Z] Aria (MEDIC) discovered Hidden Base in Alpha-1
[2026-05-07T17:35:22.662Z] Jax (SCIENTIST) discovered Hidden Base in Alpha-1
[2026-05-07T17:36:22.663Z] Nyx (ENGINEER) discovered Derelict Ship in Alpha-1
[2026-05-07T17:38:22.669Z] Luna (COMBAT) discovered Ancient Ruins in Alpha-1
[2026-05-07T17:54:52.689Z] Luna (COMBAT) discovered Hidden Base in Alpha-1
[2026-05-07T17:57:22.692Z] Jax (SCIENTIST) discovered Space Anomaly in Alpha-1
[2026-05-07T17:57:52.690Z] Vex (PILOT) discovered Anomalous Planet in Alpha-1
[2026-05-07T18:06:22.699Z] Nyx (ENGINEER) discovered Anomalous Planet in Alpha-1
[2026-05-07T18:10:22.706Z] Luna (COMBAT) discovered Unknown Signal in Alpha-1
[2026-05-07T18:29:22.734Z] Nyx (ENGINEER) discovered Derelict Ship in Alpha-1
[2026-05-07T18:35:22.752Z] Luna (COMBAT) discovered Unknown Signal in Alpha-1
[2026-05-07T18:44:22.757Z] Jax (SCIENTIST) discovered Nebula Cloud in Alpha-1
[2026-05-07T18:46:52.754Z] Vex (PILOT) discovered Rare Minerals in Alpha-1
[2026-05-07T18:50:22.762Z] Luna (COMBAT) discovered Ancient Ruins in Alpha-1
[2026-05-07T19:46:22.834Z] Jax (SCIENTIST) discovered Nebula Cloud in Alpha-1
[2026-05-07T19:56:22.857Z] Vex (PILOT) discovered Nebula Cloud in Alpha-1
[2026-05-07T20:08:52.873Z] Vex (PILOT) discovered Rare Minerals in Alpha-1
[2026-05-07T20:17:22.899Z] Aria (MEDIC) discovered Derelict Ship in Alpha-1
[2026-05-07T20:27:52.904Z] Jax (SCIENTIST) discovered Derelict Ship in Alpha-1
[2026-05-07T20:41:22.931Z] Aria (MEDIC) discovered Derelict Ship in Alpha-1
[2026-05-07T20:47:22.936Z] Aria (MEDIC) discovered Nebula Cloud in Alpha-1
[2026-05-07T20:51:52.944Z] Aria (MEDIC) discovered Space Anomaly in Alpha-1
[2026-05-07T21:13:52.970Z] Nyx (ENGINEER) discovered Anomalous Planet in Alpha-1
[2026-05-07T21:21:22.972Z] Jax (SCIENTIST) discovered Rare Minerals in Alpha-1
[2026-05-07T21:33:22.987Z] Vex (PILOT) discovered Ancient Ruins in Alpha-1
[2026-05-07T21:52:23.011Z] Aria (MEDIC) discovered Alien Artifact in Alpha-1
[2026-05-07T21:56:23.008Z] Vex (PILOT) discovered Ancient Ruins in Alpha-1
[2026-05-07T21:56:53.012Z] Luna (COMBAT) discovered Unknown Signal in Alpha-1
[2026-05-07T22:33:53.050Z] Vex (PILOT) discovered Rare Minerals in Alpha-1
[2026-05-07T22:42:53.062Z] Vex (PILOT) discovered Space Anomaly in Alpha-1
[2026-05-07T22:56:53.100Z] Aria (MEDIC) discovered Alien Artifact in Alpha-1
[2026-05-07T23:00:23.100Z] Nyx (ENGINEER) discovered Ancient Ruins in Alpha-1
[2026-05-07T23:03:53.104Z] Vex (PILOT) discovered Nebula Cloud in Alpha-1
[2026-05-07T23:13:53.128Z] Luna (COMBAT) discovered Ancient Ruins in Alpha-1
[2026-05-07T23:26:23.145Z] Luna (COMBAT) discovered Ancient Ruins in Alpha-1
[2026-05-07T23:37:53.157Z] Aria (MEDIC) discovered Ancient Ruins in Alpha-1
[2026-05-07T23:58:53.172Z] Luna (COMBAT) discovered Alien Artifact in Alpha-1
[2026-05-08T00:16:53.192Z] Nyx (ENGINEER) discovered Hidden Base in Alpha-1
[2026-05-08T00:54:53.229Z] Aria (MEDIC) discovered Unknown Signal in Alpha-1
[2026-05-08T00:55:23.228Z] Luna (COMBAT) discovered Nebula Cloud in Alpha-1
[2026-05-08T01:16:53.249Z] Jax (SCIENTIST) discovered Nebula Cloud in Alpha-1
[2026-05-08T01:28:23.253Z] Nyx (ENGINEER) discovered Alien Artifact in Alpha-1
[2026-05-08T01:28:23.258Z] Luna (COMBAT) discovered Nebula Cloud in Alpha-1
[2026-05-08T01:49:53.284Z] Jax (SCIENTIST) discovered Unknown Signal in Alpha-1
[2026-05-08T02:02:53.286Z] Vex (PILOT) discovered Space Anomaly in Alpha-1
[2026-05-08T02:29:53.306Z] Aria (MEDIC) discovered Alien Artifact in Alpha-1
[2026-05-08T02:36:53.340Z] Jax (SCIENTIST) discovered Space Anomaly in Alpha-1
[2026-05-08T02:42:23.336Z] Luna (COMBAT) discovered Rare Minerals in Alpha-1
[2026-05-08T02:44:23.336Z] Luna (COMBAT) discovered Ancient Ruins in Alpha-1
[2026-05-08T02:50:23.352Z] Aria (MEDIC) discovered Anomalous Planet in Alpha-1
[2026-05-08T02:54:53.355Z] Luna (COMBAT) discovered Unknown Signal in Alpha-1
[2026-05-08T03:12:53.375Z] Jax (SCIENTIST) discovered Nebula Cloud in Alpha-1
[2026-05-08T03:22:53.398Z] Vex (PILOT) discovered Derelict Ship in Alpha-1
[2026-05-08T03:32:53.409Z] Nyx (ENGINEER) discovered Space Anomaly in Alpha-1
[2026-05-08T03:54:53.428Z] Nyx (ENGINEER) discovered Unknown Signal in Alpha-1
[2026-05-08T04:05:53.437Z] Vex (PILOT) discovered Space Anomaly in Alpha-1
[2026-05-08T04:22:53.451Z] Jax (SCIENTIST) discovered Alien Artifact in Alpha-1
[2026-05-08T04:23:23.450Z] Luna (COMBAT) discovered Unknown Signal in Alpha-1
[2026-05-08T04:24:23.448Z] Vex (PILOT) discovered Derelict Ship in Alpha-1
[2026-05-08T04:25:53.449Z] Vex (PILOT) discovered Hidden Base in Alpha-1
[2026-05-08T04:37:23.461Z] Vex (PILOT) discovered Rare Minerals in Alpha-1
[2026-05-08T04:42:23.472Z] Aria (MEDIC) discovered Alien Artifact in Alpha-1
[2026-05-08T05:13:23.497Z] Luna (COMBAT) discovered Derelict Ship in Alpha-1
[2026-05-08T05:14:23.497Z] Jax (SCIENTIST) discovered Anomalous Planet in Alpha-1
[2026-05-08T05:37:23.523Z] Vex (PILOT) discovered Rare Minerals in Alpha-1
[2026-05-08T05:50:53.535Z] Vex (PILOT) discovered Unknown Signal in Alpha-1
[2026-05-08T06:03:53.558Z] Aria (MEDIC) discovered Anomalous Planet in Alpha-1
[2026-05-08T06:08:53.565Z] Luna (COMBAT) discovered Space Anomaly in Alpha-1
[2026-05-08T06:30:23.575Z] Vex (PILOT) discovered Nebula Cloud in Alpha-1
[2026-05-08T06:34:23.581Z] Nyx (ENGINEER) discovered Hidden Base in Alpha-1
[2026-05-08T06:42:23.591Z] Jax (SCIENTIST) discovered Hidden Base in Alpha-1
[2026-05-08T07:18:23.638Z] Luna (COMBAT) discovered Nebula Cloud in Alpha-1
[2026-05-08T07:31:23.651Z] Nyx (ENGINEER) discovered Ancient Ruins in Alpha-1
[2026-05-08T07:38:53.665Z] Aria (MEDIC) discovered Unknown Signal in Alpha-1
[2026-05-08T08:16:53.699Z] Jax (SCIENTIST) discovered Hidden Base in Alpha-1
[2026-05-08T08:21:23.699Z] Nyx (ENGINEER) discovered Nebula Cloud in Alpha-1
[2026-05-08T08:29:23.716Z] Luna (COMBAT) discovered Anomalous Planet in Alpha-1
[2026-05-08T08:34:53.723Z] Aria (MEDIC) discovered Space Anomaly in Alpha-1
[2026-05-08T08:41:23.726Z] Jax (SCIENTIST) discovered Hidden Base in Alpha-1
[2026-05-08T08:44:23.733Z] Luna (COMBAT) discovered Anomalous Planet in Alpha-1
[2026-05-08T09:02:23.741Z] Vex (PILOT) discovered Rare Minerals in Alpha-1
[2026-05-08T09:10:53.747Z] Aria (MEDIC) discovered Alien Artifact in Alpha-1
[2026-05-08T09:12:23.749Z] Aria (MEDIC) discovered Nebula Cloud in Alpha-1
[2026-05-08T09:13:23.751Z] Aria (MEDIC) discovered Nebula Cloud in Alpha-1
[2026-05-08T09:17:23.748Z] Nyx (ENGINEER) discovered Rare Minerals in Alpha-1
[2026-05-08T09:25:53.756Z] Aria (MEDIC) discovered Derelict Ship in Alpha-1
[2026-05-08T09:41:53.778Z] Aria (MEDIC) discovered Anomalous Planet in Alpha-1
[2026-05-08T09:50:53.793Z] Aria (MEDIC) discovered Nebula Cloud in Alpha-1
[2026-05-08T09:56:53.803Z] Nyx (ENGINEER) discovered Derelict Ship in Alpha-1
[2026-05-08T10:40:23.863Z] Nyx (ENGINEER) discovered Derelict Ship in Alpha-1
[2026-05-08T10:44:53.865Z] Vex (PILOT) discovered Space Anomaly in Alpha-1
[2026-05-08T10:57:53.880Z] Vex (PILOT) discovered Derelict Ship in Alpha-1
[2026-05-08T11:28:23.907Z] Luna (COMBAT) discovered Rare Minerals in Alpha-1
[2026-05-08T11:51:23.931Z] Vex (PILOT) discovered Nebula Cloud in Alpha-1
[2026-05-08T11:53:23.932Z] Vex (PILOT) discovered Rare Minerals in Alpha-1
[2026-05-08T12:01:53.951Z] Aria (MEDIC) discovered Space Anomaly in Alpha-1
[2026-05-08T12:17:53.973Z] Aria (MEDIC) discovered Space Anomaly in Alpha-1
[2026-05-08T12:38:23.984Z] Nyx (ENGINEER) discovered Rare Minerals in Alpha-1
[2026-05-08T12:50:23.991Z] Vex (PILOT) discovered Anomalous Planet in Alpha-1
[2026-05-08T12:54:23.997Z] Luna (COMBAT) discovered Rare Minerals in Alpha-1
[2026-05-08T13:02:24.003Z] Luna (COMBAT) discovered Hidden Base in Alpha-1
[2026-05-08T13:02:24.006Z] Aria (MEDIC) discovered Alien Artifact in Alpha-1
[2026-05-08T13:17:54.022Z] Nyx (ENGINEER) discovered Unknown Signal in Alpha-1
[2026-05-08T13:36:24.039Z] Jax (SCIENTIST) discovered Alien Artifact in Alpha-1
[2026-05-08T13:37:24.041Z] Aria (MEDIC) discovered Ancient Ruins in Alpha-1
[2026-05-08T13:40:24.045Z] Aria (MEDIC) discovered Unknown Signal in Alpha-1
[2026-05-08T13:56:54.057Z] Vex (PILOT) discovered Space Anomaly in Alpha-1
[2026-05-08T14:02:54.062Z] Nyx (ENGINEER) discovered Rare Minerals in Alpha-1
[2026-05-08T14:04:54.070Z] Jax (SCIENTIST) discovered Hidden Base in Alpha-1
[2026-05-08T14:08:24.071Z] Vex (PILOT) discovered Nebula Cloud in Alpha-1
[2026-05-08T14:10:24.078Z] Luna (COMBAT) discovered Hidden Base in Alpha-1
[2026-05-08T14:24:24.085Z] Nyx (ENGINEER) discovered Derelict Ship in Alpha-1
[2026-05-08T14:38:24.093Z] Aria (MEDIC) discovered Hidden Base in Alpha-1
[2026-05-08T14:38:54.089Z] Vex (PILOT) discovered Alien Artifact in Alpha-1
[2026-05-08T14:49:24.114Z] Aria (MEDIC) discovered Nebula Cloud in Alpha-1
[2026-05-08T15:03:24.128Z] Vex (PILOT) discovered Nebula Cloud in Alpha-1
[2026-05-08T15:38:24.162Z] Vex (PILOT) discovered Nebula Cloud in Alpha-1
[2026-05-08T15:38:54.167Z] Luna (COMBAT) discovered Derelict Ship in Alpha-1
[2026-05-08T15:56:54.191Z] Jax (SCIENTIST) discovered Hidden Base in Alpha-1
[2026-05-08T16:00:54.196Z] Luna (COMBAT) discovered Alien Artifact in Alpha-1
[2026-05-08T16:05:24.196Z] Luna (COMBAT) discovered Derelict Ship in Alpha-1
[2026-05-08T16:10:24.203Z] Nyx (ENGINEER) discovered Rare Minerals in Alpha-1
[2026-05-08T16:10:24.205Z] Jax (SCIENTIST) discovered Unknown Signal in Alpha-1
[2026-05-08T16:16:54.213Z] Luna (COMBAT) discovered Unknown Signal in Alpha-1
[2026-05-08T16:47:54.254Z] Vex (PILOT) discovered Nebula Cloud in Alpha-1
[2026-05-08T17:27:54.301Z] Nyx (ENGINEER) discovered Nebula Cloud in Alpha-1
[2026-05-08T17:31:24.303Z] Vex (PILOT) discovered Hidden Base in Alpha-1
[2026-05-08T17:50:54.329Z] Nyx (ENGINEER) discovered Ancient Ruins in Alpha-1
[2026-05-08T18:05:54.352Z] Jax (SCIENTIST) discovered Space Anomaly in Alpha-1
[2026-05-08T18:08:54.357Z] Jax (SCIENTIST) discovered Space Anomaly in Alpha-1
[2026-05-08T18:09:54.352Z] Luna (COMBAT) discovered Rare Minerals in Alpha-1
[2026-05-08T18:18:24.368Z] Aria (MEDIC) discovered Rare Minerals in Alpha-1
[2026-05-08T18:23:24.374Z] Luna (COMBAT) discovered Hidden Base in Alpha-1
[2026-05-08T18:34:24.387Z] Jax (SCIENTIST) discovered Derelict Ship in Alpha-1
[2026-05-08T18:39:54.389Z] Jax (SCIENTIST) discovered Hidden Base in Alpha-1
[2026-05-08T19:06:24.414Z] Vex (PILOT) discovered Nebula Cloud in Alpha-1
[2026-05-08T19:18:54.426Z] Vex (PILOT) discovered Ancient Ruins in Alpha-1
[2026-05-08T19:35:24.437Z] Vex (PILOT) discovered Space Anomaly in Alpha-1
[2026-05-08T19:36:24.442Z] Luna (COMBAT) discovered Alien Artifact in Alpha-1
[2026-05-08T19:58:54.471Z] Jax (SCIENTIST) discovered Derelict Ship in Alpha-1
[2026-05-08T20:09:54.491Z] Luna (COMBAT) discovered Space Anomaly in Alpha-1
[2026-05-08T20:18:24.508Z] Aria (MEDIC) discovered Anomalous Planet in Alpha-1
[2026-05-08T20:36:54.506Z] Jax (SCIENTIST) discovered Ancient Ruins in Alpha-1
[2026-05-08T20:59:54.536Z] Aria (MEDIC) discovered Alien Artifact in Alpha-1
[2026-05-08T21:18:54.548Z] Jax (SCIENTIST) discovered Ancient Ruins in Alpha-1
[2026-05-08T21:53:54.600Z] Nyx (ENGINEER) discovered Derelict Ship in Alpha-1
[2026-05-08T21:56:54.601Z] Vex (PILOT) discovered Hidden Base in Alpha-1
[2026-05-08T22:19:24.634Z] Nyx (ENGINEER) discovered Anomalous Planet in Alpha-1
[2026-05-08T22:23:24.642Z] Aria (MEDIC) discovered Ancient Ruins in Alpha-1
[2026-05-08T22:32:24.651Z] Nyx (ENGINEER) discovered Rare Minerals in Alpha-1
[2026-05-08T23:02:54.695Z] Jax (SCIENTIST) discovered Nebula Cloud in Alpha-1
[2026-05-08T23:14:24.708Z] Luna (COMBAT) discovered Rare Minerals in Alpha-1
[2026-05-08T23:20:54.722Z] Aria (MEDIC) discovered Ancient Ruins in Alpha-1
[2026-05-08T23:27:54.731Z] Aria (MEDIC) discovered Nebula Cloud in Alpha-1
[2026-05-08T23:31:54.730Z] Vex (PILOT) discovered Ancient Ruins in Alpha-1
[2026-05-08T23:33:24.735Z] Luna (COMBAT) discovered Unknown Signal in Alpha-1
[2026-05-09T00:08:24.782Z] Vex (PILOT) discovered Rare Minerals in Alpha-1
[2026-05-09T00:10:54.781Z] Vex (PILOT) discovered Anomalous Planet in Alpha-1
[2026-05-09T00:27:54.814Z] Aria (MEDIC) discovered Hidden Base in Alpha-1
[2026-05-09T00:52:24.838Z] Luna (COMBAT) discovered Anomalous Planet in Alpha-1
[2026-05-09T00:58:24.848Z] Aria (MEDIC) discovered Space Anomaly in Alpha-1
[2026-05-09T01:04:24.851Z] Jax (SCIENTIST) discovered Hidden Base in Alpha-1
[2026-05-09T01:26:24.867Z] Vex (PILOT) discovered Nebula Cloud in Alpha-1
[2026-05-09T01:35:54.881Z] Jax (SCIENTIST) discovered Rare Minerals in Alpha-1
[2026-05-09T01:36:24.881Z] Nyx (ENGINEER) discovered Unknown Signal in Alpha-1
[2026-05-09T01:41:24.883Z] Vex (PILOT) discovered Unknown Signal in Alpha-1
[2026-05-09T02:00:54.908Z] Aria (MEDIC) discovered Unknown Signal in Alpha-1
[2026-05-09T02:02:24.903Z] Vex (PILOT) discovered Hidden Base in Alpha-1
[2026-05-09T02:15:24.934Z] Luna (COMBAT) discovered Space Anomaly in Alpha-1
[2026-05-09T02:18:24.936Z] Jax (SCIENTIST) discovered Ancient Ruins in Alpha-1
[2026-05-09T02:19:54.935Z] Jax (SCIENTIST) discovered Rare Minerals in Alpha-1
[2026-05-09T02:20:24.936Z] Aria (MEDIC) discovered Unknown Signal in Alpha-1
[2026-05-09T02:21:24.933Z] Vex (PILOT) discovered Hidden Base in Alpha-1
[2026-05-09T02:23:54.940Z] Jax (SCIENTIST) discovered Hidden Base in Alpha-1
[2026-05-09T02:33:54.942Z] Jax (SCIENTIST) discovered Rare Minerals in Alpha-1
[2026-05-09T02:47:24.957Z] Nyx (ENGINEER) discovered Nebula Cloud in Alpha-1
[2026-05-09T02:53:24.963Z] Vex (PILOT) discovered Ancient Ruins in Alpha-1
[2026-05-09T02:53:24.966Z] Jax (SCIENTIST) discovered Space Anomaly in Alpha-1
[2026-05-09T02:54:24.973Z] Jax (SCIENTIST) discovered Anomalous Planet in Alpha-1
[2026-05-09T03:11:24.988Z] Aria (MEDIC) discovered Nebula Cloud in Alpha-1
[2026-05-09T03:17:24.986Z] Nyx (ENGINEER) discovered Anomalous Planet in Alpha-1
[2026-05-09T03:17:54.985Z] Nyx (ENGINEER) discovered Rare Minerals in Alpha-1
[2026-05-09T03:21:55.001Z] Aria (MEDIC) discovered Anomalous Planet in Alpha-1
[2026-05-09T03:38:25.010Z] Aria (MEDIC) discovered Nebula Cloud in Alpha-1
[2026-05-09T03:51:55.021Z] Aria (MEDIC) discovered Anomalous Planet in Alpha-1
[2026-05-09T04:00:55.028Z] Aria (MEDIC) discovered Unknown Signal in Alpha-1
[2026-05-09T04:13:55.033Z] Vex (PILOT) discovered Rare Minerals in Alpha-1
[2026-05-09T04:17:55.041Z] Aria (MEDIC) discovered Nebula Cloud in Alpha-1
[2026-05-09T04:26:25.057Z] Luna (COMBAT) discovered Derelict Ship in Alpha-1
[2026-05-09T04:41:25.072Z] Aria (MEDIC) discovered Derelict Ship in Alpha-1
[2026-05-09T05:47:55.113Z] Nyx (ENGINEER) discovered Derelict Ship in Alpha-1
[2026-05-09T05:57:25.122Z] Nyx (ENGINEER) discovered Hidden Base in Alpha-1
[2026-05-09T06:07:25.141Z] Luna (COMBAT) discovered Derelict Ship in Alpha-1
[2026-05-09T06:26:25.150Z] Jax (SCIENTIST) discovered Hidden Base in Alpha-1
[2026-05-09T06:37:25.174Z] Nyx (ENGINEER) discovered Nebula Cloud in Alpha-1
[2026-05-09T06:44:25.175Z] Jax (SCIENTIST) discovered Nebula Cloud in Alpha-1
[2026-05-09T07:14:55.227Z] Nyx (ENGINEER) discovered Space Anomaly in Alpha-1
[2026-05-09T07:44:25.258Z] Luna (COMBAT) discovered Derelict Ship in Alpha-1
[2026-05-09T07:49:25.265Z] Vex (PILOT) discovered Hidden Base in Alpha-1
[2026-05-09T07:51:55.267Z] Vex (PILOT) discovered Derelict Ship in Alpha-1
[2026-05-09T07:54:25.270Z] Nyx (ENGINEER) discovered Unknown Signal in Alpha-1
[2026-05-09T08:30:55.308Z] Luna (COMBAT) discovered Hidden Base in Alpha-1
[2026-05-09T08:31:25.307Z] Jax (SCIENTIST) discovered Alien Artifact in Alpha-1
[2026-05-09T09:02:55.349Z] Nyx (ENGINEER) discovered Derelict Ship in Alpha-1
[2026-05-09T09:03:25.351Z] Nyx (ENGINEER) discovered Rare Minerals in Alpha-1
[2026-05-09T09:10:55.365Z] Jax (SCIENTIST) discovered Unknown Signal in Alpha-1
[2026-05-09T09:16:55.378Z] Aria (MEDIC) discovered Anomalous Planet in Alpha-1
[2026-05-09T09:20:25.388Z] Aria (MEDIC) discovered Derelict Ship in Alpha-1
[2026-05-09T09:28:25.381Z] Nyx (ENGINEER) discovered Hidden Base in Alpha-1
[2026-05-09T09:59:55.407Z] Luna (COMBAT) discovered Space Anomaly in Alpha-1
[2026-05-09T10:00:25.408Z] Jax (SCIENTIST) discovered Space Anomaly in Alpha-1
[2026-05-09T10:15:25.418Z] Vex (PILOT) discovered Hidden Base in Alpha-1
[2026-05-09T10:21:25.434Z] Nyx (ENGINEER) discovered Rare Minerals in Alpha-1
[2026-05-09T10:29:25.441Z] Jax (SCIENTIST) discovered Space Anomaly in Alpha-1
[2026-05-09T10:41:25.450Z] Aria (MEDIC) discovered Derelict Ship in Alpha-1
[2026-05-09T11:07:55.480Z] Aria (MEDIC) discovered Derelict Ship in Alpha-1
[2026-05-09T11:11:25.478Z] Nyx (ENGINEER) discovered Nebula Cloud in Alpha-1
[2026-05-09T11:19:25.487Z] Luna (COMBAT) discovered Derelict Ship in Alpha-1
[2026-05-09T11:50:25.507Z] Nyx (ENGINEER) discovered Rare Minerals in Alpha-1
[2026-05-09T12:15:55.542Z] Jax (SCIENTIST) discovered Derelict Ship in Alpha-1
[2026-05-09T12:23:25.547Z] Vex (PILOT) discovered Alien Artifact in Alpha-1
[2026-05-09T12:32:55.560Z] Aria (MEDIC) discovered Rare Minerals in Alpha-1
[2026-05-09T12:38:55.569Z] Aria (MEDIC) discovered Nebula Cloud in Alpha-1
[2026-05-09T12:52:55.582Z] Jax (SCIENTIST) discovered Derelict Ship in Alpha-1
[2026-05-09T13:03:55.582Z] Vex (PILOT) discovered Rare Minerals in Alpha-1
[2026-05-09T13:39:25.625Z] Luna (COMBAT) discovered Space Anomaly in Alpha-1
[2026-05-09T13:40:25.624Z] Nyx (ENGINEER) discovered Rare Minerals in Alpha-1
[2026-05-09T14:06:55.648Z] Nyx (ENGINEER) discovered Hidden Base in Alpha-1
[2026-05-09T14:31:55.685Z] Aria (MEDIC) discovered Rare Minerals in Alpha-1
[2026-05-09T14:33:25.689Z] Luna (COMBAT) discovered Hidden Base in Alpha-1
[2026-05-09T14:33:55.682Z] Vex (PILOT) discovered Unknown Signal in Alpha-1
[2026-05-09T14:35:55.688Z] Luna (COMBAT) discovered Nebula Cloud in Alpha-1
[2026-05-09T14:36:25.688Z] Aria (MEDIC) discovered Anomalous Planet in Alpha-1
[2026-05-09T14:56:25.697Z] Aria (MEDIC) discovered Space Anomaly in Alpha-1
[2026-05-09T15:08:25.697Z] Nyx (ENGINEER) discovered Hidden Base in Alpha-1
[2026-05-09T15:11:55.701Z] Vex (PILOT) discovered Derelict Ship in Alpha-1
[2026-05-09T15:22:25.711Z] Vex (PILOT) discovered Ancient Ruins in Alpha-1
[2026-05-09T15:29:25.722Z] Jax (SCIENTIST) discovered Rare Minerals in Alpha-1
[2026-05-09T15:33:25.723Z] Vex (PILOT) discovered Derelict Ship in Alpha-1
[2026-05-09T15:33:55.726Z] Luna (COMBAT) discovered Hidden Base in Alpha-1
[2026-05-09T15:43:25.748Z] Aria (MEDIC) discovered Anomalous Planet in Alpha-1
[2026-05-09T16:22:25.784Z] Vex (PILOT) discovered Anomalous Planet in Alpha-1
[2026-05-09T16:32:55.793Z] Aria (MEDIC) discovered Nebula Cloud in Alpha-1
[2026-05-09T17:07:25.842Z] Luna (COMBAT) discovered Unknown Signal in Alpha-1
[2026-05-09T17:09:25.842Z] Luna (COMBAT) discovered Derelict Ship in Alpha-1
[2026-05-09T17:10:55.842Z] Vex (PILOT) discovered Hidden Base in Alpha-1
[2026-05-09T17:13:55.850Z] Luna (COMBAT) discovered Space Anomaly in Alpha-1
[2026-05-09T17:34:55.873Z] Nyx (ENGINEER) discovered Unknown Signal in Alpha-1
[2026-05-09T17:40:25.881Z] Nyx (ENGINEER) discovered Nebula Cloud in Alpha-1
[2026-05-09T18:33:25.945Z] Luna (COMBAT) discovered Anomalous Planet in Alpha-1
[2026-05-09T18:39:25.947Z] Jax (SCIENTIST) discovered Ancient Ruins in Alpha-1
[2026-05-09T18:54:25.953Z] Aria (MEDIC) discovered Space Anomaly in Alpha-1
[2026-05-09T19:07:55.963Z] Nyx (ENGINEER) discovered Hidden Base in Alpha-1
[2026-05-09T19:10:25.979Z] Aria (MEDIC) discovered Alien Artifact in Alpha-1
[2026-05-09T19:14:55.982Z] Luna (COMBAT) discovered Ancient Ruins in Alpha-1
[2026-05-09T19:26:25.998Z] Aria (MEDIC) discovered Anomalous Planet in Alpha-1
[2026-05-09T19:46:56.010Z] Luna (COMBAT) discovered Unknown Signal in Alpha-1
[2026-05-09T19:56:26.025Z] Jax (SCIENTIST) discovered Nebula Cloud in Alpha-1
[2026-05-09T19:57:56.041Z] Aria (MEDIC) discovered Space Anomaly in Alpha-1
[2026-05-09T20:10:26.039Z] Luna (COMBAT) discovered Rare Minerals in Alpha-1
[2026-05-09T20:24:56.055Z] Luna (COMBAT) discovered Unknown Signal in Alpha-1
[2026-05-09T20:31:56.081Z] Aria (MEDIC) discovered Anomalous Planet in Alpha-1
[2026-05-09T20:55:56.095Z] Nyx (ENGINEER) discovered Anomalous Planet in Alpha-1
[2026-05-09T21:04:26.102Z] Luna (COMBAT) discovered Alien Artifact in Alpha-1
[2026-05-09T21:31:26.134Z] Luna (COMBAT) discovered Unknown Signal in Alpha-1
[2026-05-09T21:39:56.142Z] Vex (PILOT) discovered Rare Minerals in Alpha-1
[2026-05-09T21:51:56.169Z] Luna (COMBAT) discovered Rare Minerals in Alpha-1
[2026-05-09T22:25:26.213Z] Luna (COMBAT) discovered Space Anomaly in Alpha-1
[2026-05-09T23:01:26.263Z] Jax (SCIENTIST) discovered Anomalous Planet in Alpha-1
[2026-05-09T23:16:26.291Z] Luna (COMBAT) discovered Anomalous Planet in Alpha-1
[2026-05-09T23:18:56.293Z] Nyx (ENGINEER) discovered Space Anomaly in Alpha-1
[2026-05-09T23:20:56.302Z] Aria (MEDIC) discovered Alien Artifact in Alpha-1
[2026-05-09T23:25:26.302Z] Aria (MEDIC) discovered Hidden Base in Alpha-1
[2026-05-09T23:30:26.302Z] Vex (PILOT) discovered Alien Artifact in Alpha-1
[2026-05-09T23:30:56.305Z] Nyx (ENGINEER) discovered Hidden Base in Alpha-1
[2026-05-09T23:32:56.311Z] Jax (SCIENTIST) discovered Unknown Signal in Alpha-1
[2026-05-09T23:32:56.312Z] Luna (COMBAT) discovered Anomalous Planet in Alpha-1
[2026-05-10T00:00:26.345Z] Nyx (ENGINEER) discovered Nebula Cloud in Alpha-1
[2026-05-10T00:01:26.351Z] Luna (COMBAT) discovered Unknown Signal in Alpha-1
[2026-05-10T00:26:26.371Z] Luna (COMBAT) discovered Nebula Cloud in Alpha-1
[2026-05-10T00:28:26.374Z] Nyx (ENGINEER) discovered Derelict Ship in Alpha-1
[2026-05-10T00:43:26.383Z] Nyx (ENGINEER) discovered Rare Minerals in Alpha-1
[2026-05-10T00:59:26.397Z] Vex (PILOT) discovered Anomalous Planet in Alpha-1
[2026-05-10T01:01:26.399Z] Nyx (ENGINEER) discovered Derelict Ship in Alpha-1
[2026-05-10T01:10:26.410Z] Luna (COMBAT) discovered Space Anomaly in Alpha-1
[2026-05-10T01:14:26.412Z] Jax (SCIENTIST) discovered Ancient Ruins in Alpha-1
[2026-05-10T01:28:56.427Z] Jax (SCIENTIST) discovered Anomalous Planet in Alpha-1
[2026-05-10T02:03:56.462Z] Jax (SCIENTIST) discovered Hidden Base in Alpha-1
[2026-05-10T02:05:26.467Z] Luna (COMBAT) discovered Derelict Ship in Alpha-1
[2026-05-10T02:09:26.463Z] Vex (PILOT) discovered Rare Minerals in Alpha-1
[2026-05-10T02:09:26.466Z] Jax (SCIENTIST) discovered Rare Minerals in Alpha-1
[2026-05-10T02:30:26.499Z] Jax (SCIENTIST) discovered Ancient Ruins in Alpha-1
[2026-05-10T02:43:26.520Z] Luna (COMBAT) discovered Nebula Cloud in Alpha-1
[2026-05-10T02:55:56.541Z] Luna (COMBAT) discovered Alien Artifact in Alpha-1
[2026-05-10T02:58:56.546Z] Jax (SCIENTIST) discovered Anomalous Planet in Alpha-1
[2026-05-10T03:11:56.559Z] Jax (SCIENTIST) discovered Unknown Signal in Alpha-1
[2026-05-10T03:15:26.561Z] Jax (SCIENTIST) discovered Hidden Base in Alpha-1
[2026-05-10T03:28:56.581Z] Jax (SCIENTIST) discovered Anomalous Planet in Alpha-1
[2026-05-10T03:38:56.585Z] Luna (COMBAT) discovered Ancient Ruins in Alpha-1
[2026-05-10T03:41:56.584Z] Nyx (ENGINEER) discovered Ancient Ruins in Alpha-1
[2026-05-10T04:16:56.627Z] Luna (COMBAT) discovered Hidden Base in Alpha-1
[2026-05-10T04:24:26.641Z] Aria (MEDIC) discovered Nebula Cloud in Alpha-1
[2026-05-10T04:29:26.637Z] Jax (SCIENTIST) discovered Rare Minerals in Alpha-1
[2026-05-10T04:33:56.642Z] Luna (COMBAT) discovered Alien Artifact in Alpha-1
[2026-05-10T05:01:56.670Z] Jax (SCIENTIST) discovered Derelict Ship in Alpha-1
[2026-05-10T05:02:26.685Z] Aria (MEDIC) discovered Rare Minerals in Alpha-1
[2026-05-10T05:15:26.690Z] Jax (SCIENTIST) discovered Nebula Cloud in Alpha-1
[2026-05-10T05:46:56.732Z] Luna (COMBAT) discovered Hidden Base in Alpha-1
[2026-05-10T05:56:56.737Z] Luna (COMBAT) discovered Hidden Base in Alpha-1
[2026-05-10T06:02:56.744Z] Aria (MEDIC) discovered Unknown Signal in Alpha-1
[2026-05-10T06:04:56.742Z] Jax (SCIENTIST) discovered Hidden Base in Alpha-1
[2026-05-10T06:18:56.747Z] Vex (PILOT) discovered Ancient Ruins in Alpha-1
[2026-05-10T06:36:56.769Z] Vex (PILOT) discovered Unknown Signal in Alpha-1
[2026-05-10T06:58:56.790Z] Nyx (ENGINEER) discovered Nebula Cloud in Alpha-1
[2026-05-10T07:14:26.801Z] Jax (SCIENTIST) discovered Derelict Ship in Alpha-1
[2026-05-10T07:33:26.822Z] Aria (MEDIC) discovered Derelict Ship in Alpha-1
[2026-05-10T07:37:56.820Z] Jax (SCIENTIST) discovered Alien Artifact in Alpha-1
[2026-05-10T07:40:26.825Z] Luna (COMBAT) discovered Space Anomaly in Alpha-1
[2026-05-10T07:45:56.837Z] Aria (MEDIC) discovered Ancient Ruins in Alpha-1
[2026-05-10T08:02:26.858Z] Nyx (ENGINEER) discovered Hidden Base in Alpha-1
[2026-05-10T08:21:26.879Z] Luna (COMBAT) discovered Nebula Cloud in Alpha-1
[2026-05-10T08:46:56.909Z] Luna (COMBAT) discovered Rare Minerals in Alpha-1
[2026-05-10T08:50:26.912Z] Luna (COMBAT) discovered Ancient Ruins in Alpha-1
[2026-05-10T08:58:26.936Z] Aria (MEDIC) discovered Derelict Ship in Alpha-1
[2026-05-10T08:59:26.927Z] Aria (MEDIC) discovered Rare Minerals in Alpha-1
[2026-05-10T09:00:56.922Z] Nyx (ENGINEER) discovered Derelict Ship in Alpha-1
[2026-05-10T09:05:56.931Z] Aria (MEDIC) discovered Alien Artifact in Alpha-1
[2026-05-10T09:22:26.940Z] Vex (PILOT) discovered Space Anomaly in Alpha-1
[2026-05-10T09:37:56.956Z] Nyx (ENGINEER) discovered Derelict Ship in Alpha-1
[2026-05-10T09:39:26.959Z] Luna (COMBAT) discovered Derelict Ship in Alpha-1
[2026-05-10T09:43:56.964Z] Luna (COMBAT) discovered Space Anomaly in Alpha-1
[2026-05-10T09:56:56.977Z] Jax (SCIENTIST) discovered Hidden Base in Alpha-1
[2026-05-10T10:10:57.000Z] Luna (COMBAT) discovered Derelict Ship in Alpha-1
[2026-05-10T10:21:26.999Z] Nyx (ENGINEER) discovered Unknown Signal in Alpha-1
[2026-05-10T11:01:27.040Z] Nyx (ENGINEER) discovered Space Anomaly in Alpha-1
[2026-05-10T11:32:57.060Z] Vex (PILOT) discovered Ancient Ruins in Alpha-1
[2026-05-10T11:55:27.092Z] Vex (PILOT) discovered Unknown Signal in Alpha-1
[2026-05-10T12:09:27.111Z] Luna (COMBAT) discovered Space Anomaly in Alpha-1
[2026-05-10T12:16:27.116Z] Luna (COMBAT) discovered Space Anomaly in Alpha-1
[2026-05-10T12:23:27.124Z] Nyx (ENGINEER) discovered Nebula Cloud in Alpha-1
[2026-05-10T12:44:27.141Z] Nyx (ENGINEER) discovered Nebula Cloud in Alpha-1
[2026-05-10T12:50:57.142Z] Vex (PILOT) discovered Anomalous Planet in Alpha-1
[2026-05-10T12:59:27.155Z] Luna (COMBAT) discovered Space Anomaly in Alpha-1
[2026-05-10T13:01:27.152Z] Vex (PILOT) discovered Anomalous Planet in Alpha-1
[2026-05-10T13:05:27.161Z] Aria (MEDIC) discovered Nebula Cloud in Alpha-1
[2026-05-10T13:09:57.166Z] Vex (PILOT) discovered Hidden Base in Alpha-1
[2026-05-10T13:13:57.177Z] Aria (MEDIC) discovered Ancient Ruins in Alpha-1
[2026-05-10T13:19:57.179Z] Aria (MEDIC) discovered Nebula Cloud in Alpha-1
[2026-05-10T13:21:27.196Z] Luna (COMBAT) discovered Alien Artifact in Alpha-1
[2026-05-10T13:24:57.186Z] Luna (COMBAT) discovered Rare Minerals in Alpha-1
[2026-05-10T13:36:57.194Z] Nyx (ENGINEER) discovered Space Anomaly in Alpha-1
[2026-05-10T13:42:57.202Z] Aria (MEDIC) discovered Hidden Base in Alpha-1
[2026-05-10T14:03:57.232Z] Luna (COMBAT) discovered Nebula Cloud in Alpha-1
[2026-05-10T14:15:27.237Z] Vex (PILOT) discovered Rare Minerals in Alpha-1
[2026-05-10T14:24:27.244Z] Vex (PILOT) discovered Ancient Ruins in Alpha-1
[2026-05-10T14:36:27.255Z] Luna (COMBAT) discovered Space Anomaly in Alpha-1
[2026-05-10T14:47:27.265Z] Jax (SCIENTIST) discovered Unknown Signal in Alpha-1
[2026-05-10T14:49:27.268Z] Vex (PILOT) discovered Space Anomaly in Alpha-1
[2026-05-10T14:54:57.272Z] Vex (PILOT) discovered Alien Artifact in Alpha-1
[2026-05-10T15:06:27.294Z] Luna (COMBAT) discovered Nebula Cloud in Alpha-1
[2026-05-10T15:13:27.296Z] Jax (SCIENTIST) discovered Unknown Signal in Alpha-1
[2026-05-10T15:18:57.305Z] Luna (COMBAT) discovered Space Anomaly in Alpha-1
[2026-05-10T15:30:27.316Z] Luna (COMBAT) discovered Anomalous Planet in Alpha-1
[2026-05-10T15:32:57.316Z] Nyx (ENGINEER) discovered Space Anomaly in Alpha-1
[2026-05-10T15:34:57.319Z] Vex (PILOT) discovered Space Anomaly in Alpha-1
[2026-05-10T15:36:57.323Z] Luna (COMBAT) discovered Nebula Cloud in Alpha-1
[2026-05-10T15:37:57.322Z] Nyx (ENGINEER) discovered Nebula Cloud in Alpha-1
[2026-05-10T15:48:57.333Z] Nyx (ENGINEER) discovered Anomalous Planet in Alpha-1
[2026-05-10T15:57:27.339Z] Aria (MEDIC) discovered Ancient Ruins in Alpha-1
[2026-05-10T16:07:57.346Z] Vex (PILOT) discovered Alien Artifact in Alpha-1
[2026-05-10T16:38:27.370Z] Jax (SCIENTIST) discovered Derelict Ship in Alpha-1
[2026-05-10T16:50:27.393Z] Luna (COMBAT) discovered Space Anomaly in Alpha-1
[2026-05-10T16:55:27.391Z] Luna (COMBAT) discovered Derelict Ship in Alpha-1
[2026-05-10T16:57:57.394Z] Aria (MEDIC) discovered Ancient Ruins in Alpha-1
[2026-05-10T16:58:27.394Z] Jax (SCIENTIST) discovered Space Anomaly in Alpha-1
[2026-05-10T17:08:57.402Z] Nyx (ENGINEER) discovered Ancient Ruins in Alpha-1
[2026-05-10T17:49:57.445Z] Aria (MEDIC) discovered Nebula Cloud in Alpha-1
[2026-05-10T18:09:27.459Z] Vex (PILOT) discovered Derelict Ship in Alpha-1
[2026-05-10T18:09:27.461Z] Nyx (ENGINEER) discovered Rare Minerals in Alpha-1
[2026-05-10T18:24:57.482Z] Vex (PILOT) discovered Space Anomaly in Alpha-1
[2026-05-10T18:26:27.489Z] Luna (COMBAT) discovered Alien Artifact in Alpha-1
[2026-05-10T18:29:57.494Z] Jax (SCIENTIST) discovered Anomalous Planet in Alpha-1
[2026-05-10T18:34:57.495Z] Vex (PILOT) discovered Anomalous Planet in Alpha-1
[2026-05-10T18:35:27.495Z] Vex (PILOT) discovered Anomalous Planet in Alpha-1
[2026-05-10T18:40:57.507Z] Nyx (ENGINEER) discovered Rare Minerals in Alpha-1
[2026-05-10T18:46:57.520Z] Aria (MEDIC) discovered Hidden Base in Alpha-1
[2026-05-10T18:58:27.530Z] Jax (SCIENTIST) discovered Rare Minerals in Alpha-1
[2026-05-10T19:01:27.537Z] Luna (COMBAT) discovered Rare Minerals in Alpha-1
[2026-05-10T19:27:57.556Z] Nyx (ENGINEER) discovered Ancient Ruins in Alpha-1
[2026-05-10T19:28:27.555Z] Nyx (ENGINEER) discovered Hidden Base in Alpha-1
[2026-05-10T19:34:27.561Z] Jax (SCIENTIST) discovered Rare Minerals in Alpha-1
[2026-05-10T19:51:27.572Z] Vex (PILOT) discovered Derelict Ship in Alpha-1
[2026-05-10T20:01:57.588Z] Jax (SCIENTIST) discovered Hidden Base in Alpha-1
[2026-05-10T20:02:27.589Z] Jax (SCIENTIST) discovered Space Anomaly in Alpha-1
[2026-05-10T20:05:27.590Z] Aria (MEDIC) discovered Hidden Base in Alpha-1
[2026-05-10T20:15:27.602Z] Nyx (ENGINEER) discovered Nebula Cloud in Alpha-1
[2026-05-10T20:34:57.617Z] Vex (PILOT) discovered Unknown Signal in Alpha-1
[2026-05-10T21:05:27.652Z] Vex (PILOT) discovered Ancient Ruins in Alpha-1
[2026-05-10T21:16:27.670Z] Nyx (ENGINEER) discovered Hidden Base in Alpha-1
[2026-05-10T21:26:57.703Z] Aria (MEDIC) discovered Alien Artifact in Alpha-1
[2026-05-10T21:28:27.695Z] Jax (SCIENTIST) discovered Rare Minerals in Alpha-1
[2026-05-10T21:37:57.712Z] Aria (MEDIC) discovered Hidden Base in Alpha-1
[2026-05-10T22:03:57.751Z] Aria (MEDIC) discovered Derelict Ship in Alpha-1
[2026-05-10T22:05:57.751Z] Nyx (ENGINEER) discovered Derelict Ship in Alpha-1
[2026-05-10T22:19:57.763Z] Jax (SCIENTIST) discovered Derelict Ship in Alpha-1
[2026-05-10T22:24:27.774Z] Jax (SCIENTIST) discovered Space Anomaly in Alpha-1
[2026-05-10T22:37:57.787Z] Aria (MEDIC) discovered Alien Artifact in Alpha-1
[2026-05-10T22:50:27.794Z] Luna (COMBAT) discovered Alien Artifact in Alpha-1
[2026-05-10T22:52:27.799Z] Aria (MEDIC) discovered Rare Minerals in Alpha-1
[2026-05-10T23:24:57.840Z] Luna (COMBAT) discovered Unknown Signal in Alpha-1
[2026-05-10T23:35:57.860Z] Aria (MEDIC) discovered Unknown Signal in Alpha-1
[2026-05-10T23:39:57.866Z] Luna (COMBAT) discovered Hidden Base in Alpha-1
[2026-05-10T23:41:27.866Z] Luna (COMBAT) discovered Anomalous Planet in Alpha-1
[2026-05-10T23:48:27.888Z] Jax (SCIENTIST) discovered Nebula Cloud in Alpha-1
[2026-05-10T23:59:27.898Z] Luna (COMBAT) discovered Derelict Ship in Alpha-1
[2026-05-11T00:07:57.935Z] Luna (COMBAT) discovered Space Anomaly in Alpha-1
[2026-05-11T00:26:57.952Z] Luna (COMBAT) discovered Rare Minerals in Alpha-1
[2026-05-11T00:41:27.969Z] Jax (SCIENTIST) discovered Hidden Base in Alpha-1
[2026-05-11T00:48:27.975Z] Luna (COMBAT) discovered Rare Minerals in Alpha-1
[2026-05-11T00:54:57.984Z] Jax (SCIENTIST) discovered Ancient Ruins in Alpha-1
[2026-05-11T01:16:58.017Z] Vex (PILOT) discovered Space Anomaly in Alpha-1
[2026-05-11T01:16:58.021Z] Luna (COMBAT) discovered Ancient Ruins in Alpha-1
[2026-05-11T01:18:28.021Z] Nyx (ENGINEER) discovered Hidden Base in Alpha-1
[2026-05-11T01:29:58.024Z] Vex (PILOT) discovered Space Anomaly in Alpha-1
[2026-05-11T01:30:28.025Z] Vex (PILOT) discovered Nebula Cloud in Alpha-1
[2026-05-11T02:16:58.069Z] Aria (MEDIC) discovered Unknown Signal in Alpha-1
[2026-05-11T02:22:58.077Z] Aria (MEDIC) discovered Unknown Signal in Alpha-1
[2026-05-11T02:42:58.097Z] Jax (SCIENTIST) discovered Derelict Ship in Alpha-1
[2026-05-11T02:57:28.103Z] Nyx (ENGINEER) discovered Rare Minerals in Alpha-1
[2026-05-11T03:01:58.118Z] Aria (MEDIC) discovered Nebula Cloud in Alpha-1
[2026-05-11T03:09:58.117Z] Luna (COMBAT) discovered Space Anomaly in Alpha-1
[2026-05-11T03:20:58.132Z] Nyx (ENGINEER) discovered Alien Artifact in Alpha-1
[2026-05-11T03:58:58.173Z] Aria (MEDIC) discovered Derelict Ship in Alpha-1
[2026-05-11T04:04:28.175Z] Nyx (ENGINEER) discovered Anomalous Planet in Alpha-1
[2026-05-11T04:09:28.178Z] Luna (COMBAT) discovered Rare Minerals in Alpha-1
[2026-05-11T04:20:58.200Z] Aria (MEDIC) discovered Alien Artifact in Alpha-1
[2026-05-11T04:32:28.202Z] Vex (PILOT) discovered Anomalous Planet in Alpha-1
[2026-05-11T04:39:58.207Z] Vex (PILOT) discovered Anomalous Planet in Alpha-1
[2026-05-11T04:41:28.216Z] Jax (SCIENTIST) discovered Space Anomaly in Alpha-1
[2026-05-11T04:45:28.221Z] Luna (COMBAT) discovered Alien Artifact in Alpha-1
[2026-05-11T04:59:28.230Z] Vex (PILOT) discovered Alien Artifact in Alpha-1
[2026-05-11T05:00:58.235Z] Luna (COMBAT) discovered Anomalous Planet in Alpha-1
[2026-05-11T05:08:28.236Z] Luna (COMBAT) discovered Space Anomaly in Alpha-1
[2026-05-11T05:11:28.240Z] Jax (SCIENTIST) discovered Anomalous Planet in Alpha-1
[2026-05-11T05:32:28.264Z] Aria (MEDIC) discovered Ancient Ruins in Alpha-1
[2026-05-11T05:58:58.284Z] Aria (MEDIC) discovered Unknown Signal in Alpha-1
[2026-05-11T06:02:58.279Z] Vex (PILOT) discovered Rare Minerals in Alpha-1
[2026-05-11T06:08:28.287Z] Vex (PILOT) discovered Ancient Ruins in Alpha-1
[2026-05-11T06:12:28.292Z] Luna (COMBAT) discovered Ancient Ruins in Alpha-1
[2026-05-11T06:15:58.293Z] Luna (COMBAT) discovered Space Anomaly in Alpha-1
[2026-05-11T06:22:28.297Z] Jax (SCIENTIST) discovered Nebula Cloud in Alpha-1
[2026-05-11T06:24:58.311Z] Luna (COMBAT) discovered Space Anomaly in Alpha-1
[2026-05-11T06:27:28.314Z] Luna (COMBAT) discovered Hidden Base in Alpha-1
[2026-05-11T06:51:28.336Z] Nyx (ENGINEER) discovered Ancient Ruins in Alpha-1
[2026-05-11T06:52:28.341Z] Aria (MEDIC) discovered Nebula Cloud in Alpha-1
[2026-05-11T06:56:58.343Z] Vex (PILOT) discovered Rare Minerals in Alpha-1
[2026-05-11T07:04:58.346Z] Vex (PILOT) discovered Space Anomaly in Alpha-1
[2026-05-11T07:14:28.365Z] Vex (PILOT) discovered Space Anomaly in Alpha-1
[2026-05-11T08:07:58.423Z] Luna (COMBAT) discovered Unknown Signal in Alpha-1
[2026-05-11T08:12:58.435Z] Vex (PILOT) discovered Space Anomaly in Alpha-1
[2026-05-11T08:16:58.440Z] Nyx (ENGINEER) discovered Ancient Ruins in Alpha-1
[2026-05-11T08:18:28.440Z] Jax (SCIENTIST) discovered Alien Artifact in Alpha-1
[2026-05-11T08:24:58.448Z] Nyx (ENGINEER) discovered Derelict Ship in Alpha-1
[2026-05-11T08:26:58.448Z] Vex (PILOT) discovered Hidden Base in Alpha-1
[2026-05-11T08:31:28.450Z] Nyx (ENGINEER) discovered Anomalous Planet in Alpha-1
[2026-05-11T08:40:28.460Z] Jax (SCIENTIST) discovered Anomalous Planet in Alpha-1
[2026-05-11T08:55:28.477Z] Aria (MEDIC) discovered Space Anomaly in Alpha-1
[2026-05-11T09:03:58.484Z] Nyx (ENGINEER) discovered Derelict Ship in Alpha-1
[2026-05-11T09:06:58.492Z] Nyx (ENGINEER) discovered Unknown Signal in Alpha-1
[2026-05-11T09:50:28.534Z] Jax (SCIENTIST) discovered Unknown Signal in Alpha-1
[2026-05-11T09:51:28.533Z] Nyx (ENGINEER) discovered Alien Artifact in Alpha-1
[2026-05-11T09:57:28.544Z] Aria (MEDIC) discovered Derelict Ship in Alpha-1
[2026-05-11T10:21:28.555Z] Vex (PILOT) discovered Unknown Signal in Alpha-1
[2026-05-11T10:22:28.566Z] Aria (MEDIC) discovered Rare Minerals in Alpha-1
[2026-05-11T10:28:28.569Z] Jax (SCIENTIST) discovered Nebula Cloud in Alpha-1
[2026-05-11T10:50:58.592Z] Nyx (ENGINEER) discovered Nebula Cloud in Alpha-1
[2026-05-11T10:57:58.608Z] Jax (SCIENTIST) discovered Unknown Signal in Alpha-1
[2026-05-11T11:07:28.618Z] Jax (SCIENTIST) discovered Space Anomaly in Alpha-1
[2026-05-11T11:09:28.628Z] Aria (MEDIC) discovered Nebula Cloud in Alpha-1
[2026-05-11T11:14:28.634Z] Nyx (ENGINEER) discovered Alien Artifact in Alpha-1
[2026-05-11T11:15:28.633Z] Vex (PILOT) discovered Ancient Ruins in Alpha-1
[2026-05-11T11:20:58.641Z] Luna (COMBAT) discovered Rare Minerals in Alpha-1
[2026-05-11T11:21:58.639Z] Nyx (ENGINEER) discovered Space Anomaly in Alpha-1
[2026-05-11T11:40:58.652Z] Nyx (ENGINEER) discovered Unknown Signal in Alpha-1
[2026-05-11T11:51:28.666Z] Vex (PILOT) discovered Alien Artifact in Alpha-1
[2026-05-11T11:51:28.672Z] Aria (MEDIC) discovered Space Anomaly in Alpha-1
[2026-05-11T12:04:28.683Z] Nyx (ENGINEER) discovered Hidden Base in Alpha-1
[2026-05-11T12:17:28.702Z] Luna (COMBAT) discovered Rare Minerals in Alpha-1
[2026-05-11T12:18:28.701Z] Jax (SCIENTIST) discovered Unknown Signal in Alpha-1
[2026-05-11T12:31:28.711Z] Vex (PILOT) discovered Alien Artifact in Alpha-1
[2026-05-11T13:00:58.752Z] Luna (COMBAT) discovered Ancient Ruins in Alpha-1
[2026-05-11T13:01:58.755Z] Aria (MEDIC) discovered Derelict Ship in Alpha-1
[2026-05-11T13:06:28.756Z] Aria (MEDIC) discovered Rare Minerals in Alpha-1
[2026-05-11T13:15:28.758Z] Vex (PILOT) discovered Alien Artifact in Alpha-1
[2026-05-11T13:16:58.769Z] Aria (MEDIC) discovered Ancient Ruins in Alpha-1
[2026-05-11T13:28:58.787Z] Nyx (ENGINEER) discovered Space Anomaly in Alpha-1
[2026-05-11T13:48:58.820Z] Luna (COMBAT) discovered Ancient Ruins in Alpha-1
[2026-05-11T14:16:58.840Z] Vex (PILOT) discovered Alien Artifact in Alpha-1
[2026-05-11T14:43:28.865Z] Nyx (ENGINEER) discovered Ancient Ruins in Alpha-1
[2026-05-11T15:06:28.886Z] Nyx (ENGINEER) discovered Nebula Cloud in Alpha-1
[2026-05-11T15:06:58.889Z] Aria (MEDIC) discovered Alien Artifact in Alpha-1
[2026-05-11T15:13:58.892Z] Vex (PILOT) discovered Nebula Cloud in Alpha-1
[2026-05-11T15:17:58.894Z] Nyx (ENGINEER) discovered Ancient Ruins in Alpha-1
[2026-05-11T15:20:58.898Z] Jax (SCIENTIST) discovered Derelict Ship in Alpha-1
[2026-05-11T15:28:28.900Z] Nyx (ENGINEER) discovered Alien Artifact in Alpha-1
[2026-05-11T15:34:58.909Z] Nyx (ENGINEER) discovered Anomalous Planet in Alpha-1
[2026-05-11T15:43:58.918Z] Jax (SCIENTIST) discovered Space Anomaly in Alpha-1
[2026-05-11T15:51:58.921Z] Nyx (ENGINEER) discovered Derelict Ship in Alpha-1
[2026-05-11T16:01:58.937Z] Aria (MEDIC) discovered Space Anomaly in Alpha-1
[2026-05-11T16:32:28.976Z] Luna (COMBAT) discovered Rare Minerals in Alpha-1
[2026-05-11T16:35:28.973Z] Jax (SCIENTIST) discovered Hidden Base in Alpha-1
[2026-05-11T16:35:58.975Z] Jax (SCIENTIST) discovered Anomalous Planet in Alpha-1
[2026-05-11T16:43:58.987Z] Aria (MEDIC) discovered Anomalous Planet in Alpha-1
[2026-05-11T16:49:28.986Z] Jax (SCIENTIST) discovered Space Anomaly in Alpha-1
[2026-05-11T17:04:59.028Z] Aria (MEDIC) discovered Rare Minerals in Alpha-1
[2026-05-11T17:32:29.049Z] Aria (MEDIC) discovered Hidden Base in Alpha-1
[2026-05-11T17:45:29.058Z] Luna (COMBAT) discovered Space Anomaly in Alpha-1
[2026-05-11T17:54:59.074Z] Aria (MEDIC) discovered Nebula Cloud in Alpha-1
[2026-05-11T18:10:59.091Z] Aria (MEDIC) discovered Alien Artifact in Alpha-1
[2026-05-11T18:49:29.117Z] Aria (MEDIC) discovered Hidden Base in Alpha-1
[2026-05-11T19:05:59.140Z] Aria (MEDIC) discovered Ancient Ruins in Alpha-1
[2026-05-11T19:21:59.146Z] Jax (SCIENTIST) discovered Unknown Signal in Alpha-1
[2026-05-11T19:31:29.150Z] Luna (COMBAT) discovered Unknown Signal in Alpha-1
[2026-05-11T19:46:29.164Z] Jax (SCIENTIST) discovered Rare Minerals in Alpha-1
[2026-05-11T20:11:29.192Z] Aria (MEDIC) discovered Hidden Base in Alpha-1
[2026-05-11T20:14:29.196Z] Nyx (ENGINEER) discovered Ancient Ruins in Alpha-1
[2026-05-11T20:21:29.202Z] Luna (COMBAT) discovered Unknown Signal in Alpha-1
[2026-05-11T20:48:29.231Z] Luna (COMBAT) discovered Rare Minerals in Alpha-1
[2026-05-11T20:54:59.234Z] Nyx (ENGINEER) discovered Space Anomaly in Alpha-1
[2026-05-11T21:47:29.280Z] Vex (PILOT) discovered Nebula Cloud in Alpha-1
[2026-05-11T21:47:29.288Z] Aria (MEDIC) discovered Hidden Base in Alpha-1
[2026-05-11T21:58:29.296Z] Jax (SCIENTIST) discovered Rare Minerals in Alpha-1
[2026-05-11T22:00:59.302Z] Aria (MEDIC) discovered Anomalous Planet in Alpha-1
[2026-05-11T22:37:29.340Z] Jax (SCIENTIST) discovered Space Anomaly in Alpha-1
[2026-05-11T22:39:59.347Z] Luna (COMBAT) discovered Space Anomaly in Alpha-1
[2026-05-11T22:45:29.350Z] Nyx (ENGINEER) discovered Space Anomaly in Alpha-1
[2026-05-11T23:08:29.380Z] Aria (MEDIC) discovered Nebula Cloud in Alpha-1
[2026-05-11T23:25:29.391Z] Luna (COMBAT) discovered Hidden Base in Alpha-1
[2026-05-11T23:30:29.397Z] Luna (COMBAT) discovered Alien Artifact in Alpha-1
[2026-05-11T23:36:59.402Z] Vex (PILOT) discovered Rare Minerals in Alpha-1
[2026-05-11T23:38:29.408Z] Aria (MEDIC) discovered Anomalous Planet in Alpha-1
[2026-05-11T23:46:59.415Z] Jax (SCIENTIST) discovered Nebula Cloud in Alpha-1
[2026-05-11T23:48:59.420Z] Aria (MEDIC) discovered Alien Artifact in Alpha-1
[2026-05-11T23:50:59.416Z] Vex (PILOT) discovered Alien Artifact in Alpha-1
[2026-05-11T23:51:29.423Z] Aria (MEDIC) discovered Derelict Ship in Alpha-1
[2026-05-11T23:52:29.418Z] Nyx (ENGINEER) discovered Space Anomaly in Alpha-1
[2026-05-12T00:01:59.437Z] Nyx (ENGINEER) discovered Rare Minerals in Alpha-1
[2026-05-12T00:14:59.439Z] Jax (SCIENTIST) discovered Derelict Ship in Alpha-1
[2026-05-12T00:33:29.461Z] Jax (SCIENTIST) discovered Hidden Base in Alpha-1
[2026-05-12T00:49:29.488Z] Luna (COMBAT) discovered Alien Artifact in Alpha-1
[2026-05-12T00:54:29.487Z] Luna (COMBAT) discovered Anomalous Planet in Alpha-1
[2026-05-12T00:55:59.485Z] Nyx (ENGINEER) discovered Alien Artifact in Alpha-1
[2026-05-12T01:19:29.514Z] Jax (SCIENTIST) discovered Ancient Ruins in Alpha-1
[2026-05-12T01:20:59.524Z] Jax (SCIENTIST) discovered Hidden Base in Alpha-1
[2026-05-12T01:47:59.539Z] Nyx (ENGINEER) discovered Rare Minerals in Alpha-1
[2026-05-12T02:30:29.579Z] Nyx (ENGINEER) discovered Alien Artifact in Alpha-1
[2026-05-12T02:38:59.583Z] Nyx (ENGINEER) discovered Hidden Base in Alpha-1
[2026-05-12T02:49:59.591Z] Nyx (ENGINEER) discovered Derelict Ship in Alpha-1
[2026-05-12T02:54:59.595Z] Jax (SCIENTIST) discovered Nebula Cloud in Alpha-1
[2026-05-12T02:56:59.596Z] Luna (COMBAT) discovered Nebula Cloud in Alpha-1
[2026-05-12T03:14:29.609Z] Nyx (ENGINEER) discovered Anomalous Planet in Alpha-1
[2026-05-12T03:51:59.659Z] Nyx (ENGINEER) discovered Hidden Base in Alpha-1
[2026-05-12T04:06:29.680Z] Luna (COMBAT) discovered Rare Minerals in Alpha-1
[2026-05-12T04:08:29.691Z] Aria (MEDIC) discovered Space Anomaly in Alpha-1
[2026-05-12T04:10:59.686Z] Jax (SCIENTIST) discovered Hidden Base in Alpha-1
[2026-05-12T04:31:29.701Z] Aria (MEDIC) discovered Unknown Signal in Alpha-1
[2026-05-12T04:35:59.708Z] Aria (MEDIC) discovered Derelict Ship in Alpha-1
[2026-05-12T04:41:29.709Z] Nyx (ENGINEER) discovered Anomalous Planet in Alpha-1
[2026-05-12T04:48:59.722Z] Vex (PILOT) discovered Unknown Signal in Alpha-1
[2026-05-12T04:53:29.725Z] Nyx (ENGINEER) discovered Rare Minerals in Alpha-1
[2026-05-12T04:53:59.729Z] Aria (MEDIC) discovered Alien Artifact in Alpha-1
[2026-05-12T05:32:29.759Z] Nyx (ENGINEER) discovered Derelict Ship in Alpha-1
[2026-05-12T05:36:29.762Z] Vex (PILOT) discovered Nebula Cloud in Alpha-1
[2026-05-12T05:59:59.790Z] Jax (SCIENTIST) discovered Space Anomaly in Alpha-1
[2026-05-12T06:02:29.788Z] Nyx (ENGINEER) discovered Space Anomaly in Alpha-1
[2026-05-12T06:06:59.789Z] Nyx (ENGINEER) discovered Anomalous Planet in Alpha-1
[2026-05-12T06:07:59.790Z] Jax (SCIENTIST) discovered Nebula Cloud in Alpha-1
[2026-05-12T06:16:29.797Z] Vex (PILOT) discovered Space Anomaly in Alpha-1
[2026-05-12T06:20:29.806Z] Luna (COMBAT) discovered Rare Minerals in Alpha-1
[2026-05-12T06:33:59.808Z] Vex (PILOT) discovered Rare Minerals in Alpha-1
[2026-05-12T06:57:59.837Z] Nyx (ENGINEER) discovered Ancient Ruins in Alpha-1
[2026-05-12T07:02:59.842Z] Luna (COMBAT) discovered Ancient Ruins in Alpha-1
[2026-05-12T07:20:29.867Z] Jax (SCIENTIST) discovered Hidden Base in Alpha-1
[2026-05-12T07:29:59.884Z] Jax (SCIENTIST) discovered Rare Minerals in Alpha-1
[2026-05-12T07:30:29.890Z] Aria (MEDIC) discovered Hidden Base in Alpha-1
[2026-05-12T07:52:29.898Z] Nyx (ENGINEER) discovered Ancient Ruins in Alpha-1
[2026-05-12T08:19:29.934Z] Vex (PILOT) discovered Anomalous Planet in Alpha-1
[2026-05-12T08:42:29.964Z] Jax (SCIENTIST) discovered Ancient Ruins in Alpha-1
[2026-05-12T08:42:59.963Z] Nyx (ENGINEER) discovered Space Anomaly in Alpha-1
[2026-05-12T08:50:29.976Z] Aria (MEDIC) discovered Rare Minerals in Alpha-1
[2026-05-12T08:51:29.975Z] Luna (COMBAT) discovered Alien Artifact in Alpha-1
[2026-05-12T08:52:59.977Z] Jax (SCIENTIST) discovered Nebula Cloud in Alpha-1
[2026-05-12T09:30:30.013Z] Nyx (ENGINEER) discovered Rare Minerals in Alpha-1
[2026-05-12T09:47:30.043Z] Jax (SCIENTIST) discovered Ancient Ruins in Alpha-1
[2026-05-12T09:51:30.054Z] Aria (MEDIC) discovered Unknown Signal in Alpha-1
[2026-05-12T10:00:00.202Z] Luna (COMBAT) discovered Unknown Signal in Alpha-1
[2026-05-12T10:15:30.089Z] Nyx (ENGINEER) discovered Rare Minerals in Alpha-1
[2026-05-12T10:19:30.090Z] Nyx (ENGINEER) discovered Space Anomaly in Alpha-1
[2026-05-12T10:23:30.091Z] Vex (PILOT) discovered Rare Minerals in Alpha-1
[2026-05-12T10:29:30.119Z] Nyx (ENGINEER) discovered Rare Minerals in Alpha-1
[2026-05-12T11:43:30.232Z] Nyx (ENGINEER) discovered Alien Artifact in Alpha-1
[2026-05-12T12:05:30.256Z] Nyx (ENGINEER) discovered Unknown Signal in Alpha-1
[2026-05-12T12:07:30.255Z] Luna (COMBAT) discovered Nebula Cloud in Alpha-1
[2026-05-12T12:10:00.259Z] Aria (MEDIC) discovered Nebula Cloud in Alpha-1
[2026-05-12T12:21:00.268Z] Luna (COMBAT) discovered Alien Artifact in Alpha-1
[2026-05-12T12:25:30.274Z] Nyx (ENGINEER) discovered Rare Minerals in Alpha-1
[2026-05-12T12:44:00.301Z] Vex (PILOT) discovered Unknown Signal in Alpha-1
[2026-05-12T13:13:00.363Z] Jax (SCIENTIST) discovered Nebula Cloud in Alpha-1
[2026-05-12T13:38:00.398Z] Vex (PILOT) discovered Alien Artifact in Alpha-1
[2026-05-12T13:38:00.400Z] Nyx (ENGINEER) discovered Ancient Ruins in Alpha-1
[2026-05-12T13:44:30.405Z] Nyx (ENGINEER) discovered Derelict Ship in Alpha-1
[2026-05-12T13:53:00.416Z] Vex (PILOT) discovered Anomalous Planet in Alpha-1
[2026-05-12T14:01:30.431Z] Luna (COMBAT) discovered Anomalous Planet in Alpha-1
[2026-05-12T14:33:00.459Z] Nyx (ENGINEER) discovered Hidden Base in Alpha-1
[2026-05-12T14:33:00.462Z] Aria (MEDIC) discovered Hidden Base in Alpha-1
[2026-05-12T15:14:30.506Z] Aria (MEDIC) discovered Nebula Cloud in Alpha-1
[2026-05-12T15:15:00.503Z] Vex (PILOT) discovered Unknown Signal in Alpha-1
[2026-05-12T15:32:00.541Z] Nyx (ENGINEER) discovered Nebula Cloud in Alpha-1
[2026-05-12T15:36:00.541Z] Vex (PILOT) discovered Unknown Signal in Alpha-1
[2026-05-12T15:39:30.544Z] Vex (PILOT) discovered Hidden Base in Alpha-1
[2026-05-12T15:57:00.575Z] Aria (MEDIC) discovered Ancient Ruins in Alpha-1
[2026-05-12T16:01:30.580Z] Nyx (ENGINEER) discovered Space Anomaly in Alpha-1
[2026-05-12T16:08:30.583Z] Vex (PILOT) discovered Anomalous Planet in Alpha-1
[2026-05-12T16:14:00.598Z] Vex (PILOT) discovered Anomalous Planet in Alpha-1
[2026-05-12T16:28:30.610Z] Vex (PILOT) discovered Nebula Cloud in Alpha-1
[2026-05-12T16:50:00.634Z] Aria (MEDIC) discovered Ancient Ruins in Alpha-1
[2026-05-12T16:52:00.649Z] Luna (COMBAT) discovered Space Anomaly in Alpha-1
[2026-05-12T16:54:30.651Z] Luna (COMBAT) discovered Derelict Ship in Alpha-1
[2026-05-12T17:11:30.667Z] Jax (SCIENTIST) discovered Alien Artifact in Alpha-1
[2026-05-12T17:53:00.716Z] Vex (PILOT) discovered Anomalous Planet in Alpha-1
[2026-05-12T18:00:00.730Z] Vex (PILOT) discovered Ancient Ruins in Alpha-1
[2026-05-12T18:19:00.764Z] Jax (SCIENTIST) discovered Rare Minerals in Alpha-1
[2026-05-12T18:34:00.781Z] Luna (COMBAT) discovered Hidden Base in Alpha-1
[2026-05-12T18:39:00.794Z] Luna (COMBAT) discovered Space Anomaly in Alpha-1
[2026-05-12T18:48:30.799Z] Jax (SCIENTIST) discovered Derelict Ship in Alpha-1
[2026-05-12T19:28:30.857Z] Nyx (ENGINEER) discovered Alien Artifact in Alpha-1
[2026-05-12T19:44:30.882Z] Vex (PILOT) discovered Ancient Ruins in Alpha-1
[2026-05-12T20:01:00.905Z] Nyx (ENGINEER) discovered Alien Artifact in Alpha-1
[2026-05-12T20:04:00.909Z] Luna (COMBAT) discovered Anomalous Planet in Alpha-1
[2026-05-12T20:06:30.904Z] Vex (PILOT) discovered Alien Artifact in Alpha-1
[2026-05-12T20:07:00.906Z] Nyx (ENGINEER) discovered Rare Minerals in Alpha-1
[2026-05-12T20:14:30.917Z] Jax (SCIENTIST) discovered Space Anomaly in Alpha-1
[2026-05-12T20:18:30.922Z] Nyx (ENGINEER) discovered Hidden Base in Alpha-1
[2026-05-12T20:26:30.929Z] Vex (PILOT) discovered Nebula Cloud in Alpha-1
[2026-05-12T20:36:00.960Z] Luna (COMBAT) discovered Unknown Signal in Alpha-1
[2026-05-12T20:45:00.959Z] Aria (MEDIC) discovered Space Anomaly in Alpha-1
[2026-05-12T20:52:30.973Z] Jax (SCIENTIST) discovered Hidden Base in Alpha-1
[2026-05-12T21:09:01.003Z] Luna (COMBAT) discovered Rare Minerals in Alpha-1
[2026-05-12T21:14:30.998Z] Luna (COMBAT) discovered Alien Artifact in Alpha-1
[2026-05-12T21:21:01.010Z] Aria (MEDIC) discovered Derelict Ship in Alpha-1
[2026-05-12T21:45:01.048Z] Luna (COMBAT) discovered Unknown Signal in Alpha-1
[2026-05-12T21:46:31.043Z] Luna (COMBAT) discovered Unknown Signal in Alpha-1
[2026-05-12T21:47:31.047Z] Jax (SCIENTIST) discovered Anomalous Planet in Alpha-1
[2026-05-12T21:48:01.043Z] Nyx (ENGINEER) discovered Anomalous Planet in Alpha-1
[2026-05-12T22:06:01.069Z] Vex (PILOT) discovered Hidden Base in Alpha-1
[2026-05-12T22:44:31.128Z] Jax (SCIENTIST) discovered Hidden Base in Alpha-1
[2026-05-12T22:45:01.124Z] Nyx (ENGINEER) discovered Space Anomaly in Alpha-1
[2026-05-12T22:49:31.144Z] Luna (COMBAT) discovered Unknown Signal in Alpha-1
[2026-05-12T23:17:01.169Z] Nyx (ENGINEER) discovered Anomalous Planet in Alpha-1
[2026-05-12T23:20:01.180Z] Jax (SCIENTIST) discovered Nebula Cloud in Alpha-1
[2026-05-12T23:33:31.188Z] Nyx (ENGINEER) discovered Nebula Cloud in Alpha-1
[2026-05-12T23:46:01.199Z] Nyx (ENGINEER) discovered Alien Artifact in Alpha-1
[2026-05-12T23:58:01.225Z] Luna (COMBAT) discovered Alien Artifact in Alpha-1
[2026-05-13T00:06:01.278Z] Vex (PILOT) discovered Nebula Cloud in Alpha-1
[2026-05-13T00:16:31.299Z] Jax (SCIENTIST) discovered Hidden Base in Alpha-1
[2026-05-13T00:20:31.303Z] Jax (SCIENTIST) discovered Nebula Cloud in Alpha-1
[2026-05-13T00:44:01.341Z] Jax (SCIENTIST) discovered Space Anomaly in Alpha-1
[2026-05-13T00:51:01.360Z] Jax (SCIENTIST) discovered Nebula Cloud in Alpha-1
[2026-05-13T01:02:31.381Z] Aria (MEDIC) discovered Ancient Ruins in Alpha-1
[2026-05-13T01:07:31.382Z] Vex (PILOT) discovered Alien Artifact in Alpha-1
[2026-05-13T01:24:01.409Z] Nyx (ENGINEER) discovered Anomalous Planet in Alpha-1
[2026-05-13T01:24:31.417Z] Luna (COMBAT) discovered Space Anomaly in Alpha-1
[2026-05-13T01:26:01.421Z] Aria (MEDIC) discovered Alien Artifact in Alpha-1
[2026-05-13T01:29:01.421Z] Jax (SCIENTIST) discovered Anomalous Planet in Alpha-1
[2026-05-13T01:36:01.435Z] Aria (MEDIC) discovered Hidden Base in Alpha-1
[2026-05-13T01:45:01.462Z] Nyx (ENGINEER) discovered Derelict Ship in Alpha-1
[2026-05-13T01:47:01.449Z] Nyx (ENGINEER) discovered Ancient Ruins in Alpha-1
[2026-05-13T01:56:01.476Z] Nyx (ENGINEER) discovered Nebula Cloud in Alpha-1
[2026-05-13T02:07:31.599Z] Aria (MEDIC) discovered Derelict Ship in Alpha-1
[2026-05-13T02:11:31.619Z] Nyx (ENGINEER) discovered Derelict Ship in Alpha-1
[2026-05-13T02:21:01.633Z] Vex (PILOT) discovered Unknown Signal in Alpha-1
[2026-05-13T02:23:01.638Z] Nyx (ENGINEER) discovered Rare Minerals in Alpha-1
[2026-05-13T02:30:31.659Z] Jax (SCIENTIST) discovered Space Anomaly in Alpha-1
[2026-05-13T02:53:01.692Z] Nyx (ENGINEER) discovered Derelict Ship in Alpha-1
[2026-05-13T02:55:31.694Z] Vex (PILOT) discovered Derelict Ship in Alpha-1
[2026-05-13T02:58:31.702Z] Vex (PILOT) discovered Unknown Signal in Alpha-1
[2026-05-13T03:02:31.712Z] Nyx (ENGINEER) discovered Nebula Cloud in Alpha-1
[2026-05-13T03:03:01.724Z] Jax (SCIENTIST) discovered Rare Minerals in Alpha-1
[2026-05-13T03:21:31.767Z] Jax (SCIENTIST) discovered Anomalous Planet in Alpha-1
[2026-05-13T03:51:01.849Z] Aria (MEDIC) discovered Derelict Ship in Alpha-1
[2026-05-13T03:58:31.864Z] Aria (MEDIC) discovered Unknown Signal in Alpha-1
[2026-05-13T04:02:01.875Z] Jax (SCIENTIST) discovered Nebula Cloud in Alpha-1
[2026-05-13T04:35:31.935Z] Nyx (ENGINEER) discovered Derelict Ship in Alpha-1
[2026-05-13T05:00:31.991Z] Nyx (ENGINEER) discovered Unknown Signal in Alpha-1
[2026-05-13T05:19:02.032Z] Vex (PILOT) discovered Space Anomaly in Alpha-1
[2026-05-13T05:26:32.084Z] Nyx (ENGINEER) discovered Space Anomaly in Alpha-1
[2026-05-13T05:39:32.105Z] Luna (COMBAT) discovered Nebula Cloud in Alpha-1
[2026-05-13T05:53:32.155Z] Aria (MEDIC) discovered Space Anomaly in Alpha-1
[2026-05-13T05:55:02.153Z] Nyx (ENGINEER) discovered Unknown Signal in Alpha-1
[2026-05-13T06:12:32.189Z] Luna (COMBAT) discovered Rare Minerals in Alpha-1
[2026-05-13T06:14:02.192Z] Nyx (ENGINEER) discovered Nebula Cloud in Alpha-1
[2026-05-13T06:28:32.215Z] Jax (SCIENTIST) discovered Nebula Cloud in Alpha-1
[2026-05-13T06:43:32.236Z] Luna (COMBAT) discovered Nebula Cloud in Alpha-1
[2026-05-13T06:46:02.238Z] Jax (SCIENTIST) discovered Space Anomaly in Alpha-1
[2026-05-13T07:16:32.298Z] Jax (SCIENTIST) discovered Space Anomaly in Alpha-1
[2026-05-13T07:32:02.397Z] Vex (PILOT) discovered Space Anomaly in Alpha-1
[2026-05-13T07:42:32.412Z] Aria (MEDIC) discovered Unknown Signal in Alpha-1
[2026-05-13T08:12:02.473Z] Aria (MEDIC) discovered Nebula Cloud in Alpha-1
[2026-05-13T08:18:32.474Z] Vex (PILOT) discovered Ancient Ruins in Alpha-1
[2026-05-13T08:34:02.499Z] Jax (SCIENTIST) discovered Anomalous Planet in Alpha-1
[2026-05-13T08:37:02.502Z] Nyx (ENGINEER) discovered Hidden Base in Alpha-1
[2026-05-13T08:49:32.513Z] Nyx (ENGINEER) discovered Anomalous Planet in Alpha-1
[2026-05-13T08:59:02.527Z] Aria (MEDIC) discovered Hidden Base in Alpha-1
[2026-05-13T09:14:32.536Z] Vex (PILOT) discovered Anomalous Planet in Alpha-1
[2026-05-13T09:35:02.571Z] Aria (MEDIC) discovered Unknown Signal in Alpha-1
[2026-05-13T09:41:32.572Z] Luna (COMBAT) discovered Ancient Ruins in Alpha-1
[2026-05-13T10:02:02.592Z] Vex (PILOT) discovered Alien Artifact in Alpha-1
[2026-05-13T10:06:02.596Z] Vex (PILOT) discovered Rare Minerals in Alpha-1
[2026-05-13T10:15:32.611Z] Aria (MEDIC) discovered Derelict Ship in Alpha-1
[2026-05-13T10:17:32.610Z] Vex (PILOT) discovered Anomalous Planet in Alpha-1
[2026-05-13T10:43:02.645Z] Aria (MEDIC) discovered Alien Artifact in Alpha-1
[2026-05-13T10:56:32.654Z] Luna (COMBAT) discovered Anomalous Planet in Alpha-1
[2026-05-13T11:10:32.667Z] Vex (PILOT) discovered Ancient Ruins in Alpha-1
[2026-05-13T11:22:32.685Z] Aria (MEDIC) discovered Hidden Base in Alpha-1
[2026-05-13T11:25:32.682Z] Vex (PILOT) discovered Derelict Ship in Alpha-1
[2026-05-13T11:59:32.718Z] Luna (COMBAT) discovered Rare Minerals in Alpha-1
[2026-05-13T12:18:32.739Z] Aria (MEDIC) discovered Ancient Ruins in Alpha-1
[2026-05-13T12:21:32.740Z] Luna (COMBAT) discovered Anomalous Planet in Alpha-1
[2026-05-13T12:23:32.738Z] Nyx (ENGINEER) discovered Space Anomaly in Alpha-1
[2026-05-13T12:24:32.742Z] Aria (MEDIC) discovered Hidden Base in Alpha-1
[2026-05-13T12:30:02.744Z] Vex (PILOT) discovered Hidden Base in Alpha-1
[2026-05-13T12:35:02.770Z] Aria (MEDIC) discovered Derelict Ship in Alpha-1
[2026-05-13T12:58:32.787Z] Aria (MEDIC) discovered Derelict Ship in Alpha-1
[2026-05-13T13:25:32.807Z] Nyx (ENGINEER) discovered Space Anomaly in Alpha-1
[2026-05-13T13:27:32.810Z] Vex (PILOT) discovered Unknown Signal in Alpha-1
[2026-05-13T13:33:32.818Z] Vex (PILOT) discovered Anomalous Planet in Alpha-1
[2026-05-13T14:08:02.859Z] Luna (COMBAT) discovered Rare Minerals in Alpha-1
[2026-05-13T14:16:32.869Z] Aria (MEDIC) discovered Derelict Ship in Alpha-1
[2026-05-13T14:51:02.906Z] Nyx (ENGINEER) discovered Derelict Ship in Alpha-1
[2026-05-13T15:08:02.932Z] Aria (MEDIC) discovered Derelict Ship in Alpha-1
[2026-05-13T15:22:02.949Z] Aria (MEDIC) discovered Hidden Base in Alpha-1
[2026-05-13T15:29:02.949Z] Luna (COMBAT) discovered Derelict Ship in Alpha-1
[2026-05-13T15:30:02.993Z] Aria (MEDIC) discovered Space Anomaly in Alpha-1
[2026-05-13T15:40:32.972Z] Vex (PILOT) discovered Ancient Ruins in Alpha-1
[2026-05-13T15:41:32.975Z] Jax (SCIENTIST) discovered Derelict Ship in Alpha-1
[2026-05-13T16:04:33.003Z] Nyx (ENGINEER) discovered Alien Artifact in Alpha-1
[2026-05-13T16:07:33.002Z] Jax (SCIENTIST) discovered Ancient Ruins in Alpha-1
[2026-05-13T16:23:03.014Z] Vex (PILOT) discovered Anomalous Planet in Alpha-1
[2026-05-13T16:27:03.020Z] Vex (PILOT) discovered Rare Minerals in Alpha-1
[2026-05-13T16:36:33.043Z] Vex (PILOT) discovered Nebula Cloud in Alpha-1
[2026-05-13T16:43:33.054Z] Aria (MEDIC) discovered Space Anomaly in Alpha-1
[2026-05-13T16:56:33.066Z] Vex (PILOT) discovered Derelict Ship in Alpha-1
[2026-05-13T17:34:33.117Z] Aria (MEDIC) discovered Anomalous Planet in Alpha-1
[2026-05-13T17:42:03.119Z] Nyx (ENGINEER) discovered Alien Artifact in Alpha-1
[2026-05-13T17:58:33.131Z] Vex (PILOT) discovered Unknown Signal in Alpha-1
[2026-05-13T18:07:03.142Z] Vex (PILOT) discovered Nebula Cloud in Alpha-1
[2026-05-13T18:47:03.211Z] Vex (PILOT) discovered Unknown Signal in Alpha-1
[2026-05-13T19:06:03.246Z] Nyx (ENGINEER) discovered Hidden Base in Alpha-1
[2026-05-13T19:29:03.275Z] Aria (MEDIC) discovered Space Anomaly in Alpha-1
[2026-05-13T19:33:33.282Z] Aria (MEDIC) discovered Alien Artifact in Alpha-1
[2026-05-13T19:48:03.297Z] Jax (SCIENTIST) discovered Hidden Base in Alpha-1
[2026-05-13T19:49:33.299Z] Aria (MEDIC) discovered Derelict Ship in Alpha-1
[2026-05-13T19:52:03.300Z] Jax (SCIENTIST) discovered Nebula Cloud in Alpha-1
[2026-05-13T19:57:03.310Z] Aria (MEDIC) discovered Hidden Base in Alpha-1
[2026-05-13T20:07:03.322Z] Nyx (ENGINEER) discovered Derelict Ship in Alpha-1
[2026-05-13T20:12:03.328Z] Nyx (ENGINEER) discovered Hidden Base in Alpha-1
[2026-05-13T20:21:03.340Z] Aria (MEDIC) discovered Ancient Ruins in Alpha-1
[2026-05-13T20:34:33.349Z] Vex (PILOT) discovered Hidden Base in Alpha-1
[2026-05-13T20:48:33.379Z] Aria (MEDIC) discovered Unknown Signal in Alpha-1
[2026-05-13T20:49:03.375Z] Vex (PILOT) discovered Derelict Ship in Alpha-1
[2026-05-13T21:17:33.445Z] Luna (COMBAT) discovered Derelict Ship in Alpha-1
[2026-05-13T21:24:03.446Z] Aria (MEDIC) discovered Alien Artifact in Alpha-1
[2026-05-13T21:26:33.446Z] Nyx (ENGINEER) discovered Derelict Ship in Alpha-1
[2026-05-13T21:28:33.459Z] Aria (MEDIC) discovered Alien Artifact in Alpha-1
[2026-05-13T21:36:03.459Z] Aria (MEDIC) discovered Ancient Ruins in Alpha-1
[2026-05-13T21:39:03.458Z] Vex (PILOT) discovered Anomalous Planet in Alpha-1
[2026-05-13T21:40:03.462Z] Nyx (ENGINEER) discovered Hidden Base in Alpha-1
[2026-05-13T21:47:33.473Z] Vex (PILOT) discovered Hidden Base in Alpha-1
[2026-05-13T21:55:03.493Z] Vex (PILOT) discovered Anomalous Planet in Alpha-1
[2026-05-13T22:23:33.533Z] Luna (COMBAT) discovered Anomalous Planet in Alpha-1
[2026-05-13T22:26:33.537Z] Jax (SCIENTIST) discovered Alien Artifact in Alpha-1
[2026-05-13T22:27:33.538Z] Jax (SCIENTIST) discovered Rare Minerals in Alpha-1
[2026-05-13T22:42:03.557Z] Vex (PILOT) discovered Unknown Signal in Alpha-1
[2026-05-13T22:53:03.579Z] Jax (SCIENTIST) discovered Unknown Signal in Alpha-1
[2026-05-13T22:55:03.570Z] Vex (PILOT) discovered Rare Minerals in Alpha-1
[2026-05-13T23:01:03.590Z] Jax (SCIENTIST) discovered Anomalous Planet in Alpha-1
[2026-05-13T23:05:33.598Z] Aria (MEDIC) discovered Alien Artifact in Alpha-1
[2026-05-13T23:20:33.612Z] Vex (PILOT) discovered Unknown Signal in Alpha-1
[2026-05-13T23:22:33.618Z] Luna (COMBAT) discovered Alien Artifact in Alpha-1
[2026-05-13T23:40:33.634Z] Vex (PILOT) discovered Alien Artifact in Alpha-1
[2026-05-13T23:45:03.656Z] Jax (SCIENTIST) discovered Unknown Signal in Alpha-1
[2026-05-13T23:47:33.648Z] Nyx (ENGINEER) discovered Derelict Ship in Alpha-1
[2026-05-13T23:50:33.661Z] Luna (COMBAT) discovered Alien Artifact in Alpha-1
[2026-05-14T00:12:33.772Z] Nyx (ENGINEER) discovered Ancient Ruins in Alpha-1
[2026-05-14T00:24:03.784Z] Nyx (ENGINEER) discovered Hidden Base in Alpha-1
[2026-05-14T00:33:03.806Z] Jax (SCIENTIST) discovered Nebula Cloud in Alpha-1
[2026-05-14T00:57:03.830Z] Nyx (ENGINEER) discovered Rare Minerals in Alpha-1
[2026-05-14T00:58:33.834Z] Luna (COMBAT) discovered Alien Artifact in Alpha-1
[2026-05-14T01:04:03.840Z] Luna (COMBAT) discovered Alien Artifact in Alpha-1
[2026-05-14T01:13:03.843Z] Vex (PILOT) discovered Derelict Ship in Alpha-1
[2026-05-14T01:27:33.853Z] Aria (MEDIC) discovered Ancient Ruins in Alpha-1
[2026-05-14T01:28:03.850Z] Nyx (ENGINEER) discovered Hidden Base in Alpha-1
[2026-05-14T01:32:03.855Z] Luna (COMBAT) discovered Hidden Base in Alpha-1
[2026-05-14T01:42:33.863Z] Luna (COMBAT) discovered Rare Minerals in Alpha-1
[2026-05-14T01:47:03.873Z] Aria (MEDIC) discovered Rare Minerals in Alpha-1
[2026-05-14T01:57:33.885Z] Luna (COMBAT) discovered Hidden Base in Alpha-1
[2026-05-14T02:02:33.913Z] Jax (SCIENTIST) discovered Derelict Ship in Alpha-1
[2026-05-14T02:06:33.913Z] Luna (COMBAT) discovered Nebula Cloud in Alpha-1
[2026-05-14T02:08:33.915Z] Jax (SCIENTIST) discovered Derelict Ship in Alpha-1
[2026-05-14T02:23:33.928Z] Jax (SCIENTIST) discovered Anomalous Planet in Alpha-1
[2026-05-14T02:25:33.933Z] Jax (SCIENTIST) discovered Derelict Ship in Alpha-1
[2026-05-14T02:42:33.960Z] Aria (MEDIC) discovered Anomalous Planet in Alpha-1
[2026-05-14T02:45:33.958Z] Vex (PILOT) discovered Unknown Signal in Alpha-1
[2026-05-14T02:48:03.962Z] Nyx (ENGINEER) discovered Unknown Signal in Alpha-1
[2026-05-14T02:48:03.965Z] Luna (COMBAT) discovered Hidden Base in Alpha-1
[2026-05-14T02:52:33.966Z] Vex (PILOT) discovered Nebula Cloud in Alpha-1
[2026-05-14T03:36:34.030Z] Jax (SCIENTIST) discovered Ancient Ruins in Alpha-1
[2026-05-14T04:01:34.057Z] Nyx (ENGINEER) discovered Hidden Base in Alpha-1
[2026-05-14T04:02:04.057Z] Nyx (ENGINEER) discovered Unknown Signal in Alpha-1
[2026-05-14T04:04:04.066Z] Aria (MEDIC) discovered Derelict Ship in Alpha-1
[2026-05-14T04:06:04.057Z] Nyx (ENGINEER) discovered Rare Minerals in Alpha-1
[2026-05-14T04:23:34.079Z] Nyx (ENGINEER) discovered Ancient Ruins in Alpha-1
[2026-05-14T04:27:04.087Z] Jax (SCIENTIST) discovered Ancient Ruins in Alpha-1
[2026-05-14T04:33:34.103Z] Luna (COMBAT) discovered Derelict Ship in Alpha-1
[2026-05-14T04:38:34.103Z] Nyx (ENGINEER) discovered Ancient Ruins in Alpha-1
[2026-05-14T04:49:34.125Z] Jax (SCIENTIST) discovered Nebula Cloud in Alpha-1
[2026-05-14T05:09:04.151Z] Aria (MEDIC) discovered Nebula Cloud in Alpha-1
[2026-05-14T05:32:04.187Z] Aria (MEDIC) discovered Unknown Signal in Alpha-1
[2026-05-14T05:34:04.177Z] Vex (PILOT) discovered Ancient Ruins in Alpha-1
[2026-05-14T05:46:04.201Z] Aria (MEDIC) discovered Derelict Ship in Alpha-1
[2026-05-14T05:51:34.203Z] Vex (PILOT) discovered Derelict Ship in Alpha-1
[2026-05-14T06:04:04.226Z] Luna (COMBAT) discovered Space Anomaly in Alpha-1
[2026-05-14T06:38:34.281Z] Luna (COMBAT) discovered Rare Minerals in Alpha-1
[2026-05-14T07:02:04.304Z] Jax (SCIENTIST) discovered Anomalous Planet in Alpha-1
[2026-05-14T07:08:04.318Z] Aria (MEDIC) discovered Hidden Base in Alpha-1
[2026-05-14T07:18:34.318Z] Luna (COMBAT) discovered Rare Minerals in Alpha-1
[2026-05-14T07:24:04.322Z] Vex (PILOT) discovered Nebula Cloud in Alpha-1
[2026-05-14T07:25:04.324Z] Vex (PILOT) discovered Anomalous Planet in Alpha-1
[2026-05-14T07:47:34.342Z] Nyx (ENGINEER) discovered Hidden Base in Alpha-1
[2026-05-14T07:51:34.357Z] Luna (COMBAT) discovered Ancient Ruins in Alpha-1
[2026-05-14T07:54:04.362Z] Aria (MEDIC) discovered Unknown Signal in Alpha-1
[2026-05-14T08:07:04.379Z] Nyx (ENGINEER) discovered Hidden Base in Alpha-1
[2026-05-14T08:31:34.411Z] Vex (PILOT) discovered Nebula Cloud in Alpha-1
[2026-05-14T08:35:34.422Z] Aria (MEDIC) discovered Unknown Signal in Alpha-1
[2026-05-14T08:44:04.427Z] Jax (SCIENTIST) discovered Unknown Signal in Alpha-1
[2026-05-14T08:48:34.427Z] Vex (PILOT) discovered Space Anomaly in Alpha-1
[2026-05-14T09:08:34.455Z] Nyx (ENGINEER) discovered Hidden Base in Alpha-1
[2026-05-14T09:13:04.461Z] Jax (SCIENTIST) discovered Hidden Base in Alpha-1
[2026-05-14T09:26:04.485Z] Nyx (ENGINEER) discovered Hidden Base in Alpha-1
[2026-05-14T09:33:04.494Z] Jax (SCIENTIST) discovered Derelict Ship in Alpha-1
[2026-05-14T09:47:34.502Z] Nyx (ENGINEER) discovered Nebula Cloud in Alpha-1
[2026-05-14T09:48:04.505Z] Luna (COMBAT) discovered Rare Minerals in Alpha-1
[2026-05-14T09:53:34.512Z] Nyx (ENGINEER) discovered Hidden Base in Alpha-1
[2026-05-14T10:02:04.521Z] Jax (SCIENTIST) discovered Rare Minerals in Alpha-1
[2026-05-14T10:06:04.529Z] Nyx (ENGINEER) discovered Nebula Cloud in Alpha-1
[2026-05-14T10:15:34.544Z] Luna (COMBAT) discovered Nebula Cloud in Alpha-1
[2026-05-14T10:26:04.553Z] Vex (PILOT) discovered Nebula Cloud in Alpha-1
[2026-05-14T10:26:34.555Z] Jax (SCIENTIST) discovered Rare Minerals in Alpha-1
[2026-05-14T10:30:04.571Z] Aria (MEDIC) discovered Anomalous Planet in Alpha-1
[2026-05-14T11:23:34.643Z] Luna (COMBAT) discovered Unknown Signal in Alpha-1
[2026-05-14T11:23:34.644Z] Aria (MEDIC) discovered Alien Artifact in Alpha-1
[2026-05-14T11:41:34.659Z] Vex (PILOT) discovered Ancient Ruins in Alpha-1
[2026-05-14T11:50:34.672Z] Aria (MEDIC) discovered Space Anomaly in Alpha-1
[2026-05-14T12:03:34.683Z] Vex (PILOT) discovered Space Anomaly in Alpha-1
[2026-05-14T12:09:04.687Z] Jax (SCIENTIST) discovered Nebula Cloud in Alpha-1
[2026-05-14T12:15:04.703Z] Nyx (ENGINEER) discovered Unknown Signal in Alpha-1
[2026-05-14T12:18:04.704Z] Nyx (ENGINEER) discovered Space Anomaly in Alpha-1
[2026-05-14T12:22:34.706Z] Jax (SCIENTIST) discovered Hidden Base in Alpha-1
[2026-05-14T12:28:34.715Z] Nyx (ENGINEER) discovered Rare Minerals in Alpha-1
[2026-05-14T12:32:34.731Z] Aria (MEDIC) discovered Space Anomaly in Alpha-1
[2026-05-14T12:43:34.729Z] Nyx (ENGINEER) discovered Anomalous Planet in Alpha-1
[2026-05-14T12:45:34.738Z] Aria (MEDIC) discovered Ancient Ruins in Alpha-1
[2026-05-14T12:50:34.745Z] Luna (COMBAT) discovered Rare Minerals in Alpha-1
[2026-05-14T12:58:34.755Z] Nyx (ENGINEER) discovered Unknown Signal in Alpha-1
[2026-05-14T13:04:34.769Z] Vex (PILOT) discovered Alien Artifact in Alpha-1
[2026-05-14T13:16:34.792Z] Jax (SCIENTIST) discovered Alien Artifact in Alpha-1
[2026-05-14T13:19:34.795Z] Jax (SCIENTIST) discovered Unknown Signal in Alpha-1
[2026-05-14T13:21:34.797Z] Luna (COMBAT) discovered Hidden Base in Alpha-1
[2026-05-14T14:00:04.855Z] Luna (COMBAT) discovered Hidden Base in Alpha-1
[2026-05-14T14:00:34.841Z] Vex (PILOT) discovered Nebula Cloud in Alpha-1
[2026-05-14T14:09:34.851Z] Vex (PILOT) discovered Rare Minerals in Alpha-1
[2026-05-14T14:10:34.858Z] Jax (SCIENTIST) discovered Anomalous Planet in Alpha-1
[2026-05-14T14:36:04.884Z] Aria (MEDIC) discovered Alien Artifact in Alpha-1
[2026-05-14T15:18:34.952Z] Jax (SCIENTIST) discovered Derelict Ship in Alpha-1
[2026-05-14T15:51:05.002Z] Vex (PILOT) discovered Space Anomaly in Alpha-1
[2026-05-14T15:54:05.027Z] Aria (MEDIC) discovered Nebula Cloud in Alpha-1
[2026-05-14T15:56:05.018Z] Aria (MEDIC) discovered Derelict Ship in Alpha-1
[2026-05-14T16:01:05.016Z] Vex (PILOT) discovered Anomalous Planet in Alpha-1
[2026-05-14T16:04:05.028Z] Luna (COMBAT) discovered Nebula Cloud in Alpha-1
[2026-05-14T16:08:35.034Z] Jax (SCIENTIST) discovered Ancient Ruins in Alpha-1
[2026-05-14T16:19:05.049Z] Aria (MEDIC) discovered Unknown Signal in Alpha-1
[2026-05-14T16:23:35.044Z] Vex (PILOT) discovered Anomalous Planet in Alpha-1
[2026-05-14T16:25:35.044Z] Nyx (ENGINEER) discovered Nebula Cloud in Alpha-1
[2026-05-14T16:33:35.055Z] Jax (SCIENTIST) discovered Space Anomaly in Alpha-1
[2026-05-14T17:01:05.089Z] Jax (SCIENTIST) discovered Anomalous Planet in Alpha-1
[2026-05-14T17:13:35.105Z] Aria (MEDIC) discovered Hidden Base in Alpha-1
[2026-05-14T17:15:05.105Z] Luna (COMBAT) discovered Anomalous Planet in Alpha-1
[2026-05-14T17:36:05.134Z] Jax (SCIENTIST) discovered Derelict Ship in Alpha-1
[2026-05-14T17:37:35.134Z] Jax (SCIENTIST) discovered Hidden Base in Alpha-1
[2026-05-14T17:56:35.162Z] Aria (MEDIC) discovered Alien Artifact in Alpha-1
[2026-05-14T18:03:35.168Z] Vex (PILOT) discovered Alien Artifact in Alpha-1
[2026-05-14T18:36:05.220Z] Nyx (ENGINEER) discovered Ancient Ruins in Alpha-1
[2026-05-14T18:44:05.231Z] Aria (MEDIC) discovered Derelict Ship in Alpha-1
[2026-05-14T18:55:35.242Z] Nyx (ENGINEER) discovered Hidden Base in Alpha-1
[2026-05-14T19:05:35.250Z] Vex (PILOT) discovered Rare Minerals in Alpha-1
[2026-05-14T19:05:35.255Z] Aria (MEDIC) discovered Space Anomaly in Alpha-1
[2026-05-14T19:14:05.269Z] Luna (COMBAT) discovered Derelict Ship in Alpha-1
[2026-05-14T19:48:35.305Z] Vex (PILOT) discovered Space Anomaly in Alpha-1
[2026-05-14T20:31:05.383Z] Vex (PILOT) discovered Rare Minerals in Alpha-1
[2026-05-14T20:36:35.392Z] Nyx (ENGINEER) discovered Ancient Ruins in Alpha-1
[2026-05-14T20:41:35.399Z] Nyx (ENGINEER) discovered Hidden Base in Alpha-1
[2026-05-14T21:17:05.450Z] Vex (PILOT) discovered Rare Minerals in Alpha-1
[2026-05-14T21:20:05.464Z] Luna (COMBAT) discovered Ancient Ruins in Alpha-1
[2026-05-14T21:41:35.480Z] Luna (COMBAT) discovered Hidden Base in Alpha-1
[2026-05-14T21:54:05.491Z] Vex (PILOT) discovered Hidden Base in Alpha-1
[2026-05-14T22:16:05.535Z] Jax (SCIENTIST) discovered Ancient Ruins in Alpha-1
[2026-05-14T22:17:05.536Z] Luna (COMBAT) discovered Ancient Ruins in Alpha-1
[2026-05-14T22:20:35.542Z] Nyx (ENGINEER) discovered Nebula Cloud in Alpha-1
[2026-05-14T22:53:35.582Z] Jax (SCIENTIST) discovered Anomalous Planet in Alpha-1
[2026-05-14T22:56:35.583Z] Nyx (ENGINEER) discovered Alien Artifact in Alpha-1
[2026-05-14T23:03:35.622Z] Luna (COMBAT) discovered Rare Minerals in Alpha-1
[2026-05-14T23:14:05.629Z] Jax (SCIENTIST) discovered Hidden Base in Alpha-1
[2026-05-14T23:18:35.634Z] Vex (PILOT) discovered Hidden Base in Alpha-1
[2026-05-14T23:21:35.636Z] Nyx (ENGINEER) discovered Hidden Base in Alpha-1
[2026-05-14T23:30:05.655Z] Nyx (ENGINEER) discovered Space Anomaly in Alpha-1
[2026-05-14T23:32:35.647Z] Vex (PILOT) discovered Anomalous Planet in Alpha-1
[2026-05-14T23:33:35.647Z] Vex (PILOT) discovered Space Anomaly in Alpha-1
[2026-05-14T23:43:05.662Z] Aria (MEDIC) discovered Anomalous Planet in Alpha-1
[2026-05-14T23:43:35.663Z] Jax (SCIENTIST) discovered Alien Artifact in Alpha-1
[2026-05-15T00:13:35.717Z] Nyx (ENGINEER) discovered Nebula Cloud in Alpha-1
[2026-05-15T00:38:05.740Z] Nyx (ENGINEER) discovered Rare Minerals in Alpha-1
[2026-05-15T00:39:35.740Z] Vex (PILOT) discovered Nebula Cloud in Alpha-1
[2026-05-15T00:54:05.766Z] Luna (COMBAT) discovered Nebula Cloud in Alpha-1
[2026-05-15T01:00:35.782Z] Luna (COMBAT) discovered Anomalous Planet in Alpha-1
[2026-05-15T01:50:05.836Z] Aria (MEDIC) discovered Unknown Signal in Alpha-1
[2026-05-15T02:00:35.860Z] Jax (SCIENTIST) discovered Ancient Ruins in Alpha-1
[2026-05-15T02:04:35.856Z] Nyx (ENGINEER) discovered Hidden Base in Alpha-1
[2026-05-15T02:20:35.896Z] Jax (SCIENTIST) discovered Space Anomaly in Alpha-1
[2026-05-15T02:26:35.908Z] Jax (SCIENTIST) discovered Hidden Base in Alpha-1
[2026-05-15T02:33:05.911Z] Jax (SCIENTIST) discovered Derelict Ship in Alpha-1
[2026-05-15T02:43:05.920Z] Aria (MEDIC) discovered Derelict Ship in Alpha-1
[2026-05-15T03:00:35.938Z] Nyx (ENGINEER) discovered Hidden Base in Alpha-1
[2026-05-15T03:16:35.956Z] Jax (SCIENTIST) discovered Unknown Signal in Alpha-1
[2026-05-15T03:22:05.960Z] Nyx (ENGINEER) discovered Nebula Cloud in Alpha-1
[2026-05-15T03:23:35.963Z] Nyx (ENGINEER) discovered Anomalous Planet in Alpha-1
[2026-05-15T03:41:05.991Z] Vex (PILOT) discovered Space Anomaly in Alpha-1
[2026-05-15T03:51:36.003Z] Nyx (ENGINEER) discovered Unknown Signal in Alpha-1
[2026-05-15T04:28:06.067Z] Aria (MEDIC) discovered Ancient Ruins in Alpha-1
[2026-05-15T04:37:36.080Z] Aria (MEDIC) discovered Rare Minerals in Alpha-1
[2026-05-15T04:45:36.087Z] Aria (MEDIC) discovered Unknown Signal in Alpha-1
[2026-05-15T04:54:06.092Z] Vex (PILOT) discovered Derelict Ship in Alpha-1
[2026-05-15T04:56:06.110Z] Luna (COMBAT) discovered Derelict Ship in Alpha-1
[2026-05-15T04:56:36.099Z] Nyx (ENGINEER) discovered Derelict Ship in Alpha-1
[2026-05-15T05:21:36.140Z] Luna (COMBAT) discovered Nebula Cloud in Alpha-1
[2026-05-15T05:27:36.147Z] Aria (MEDIC) discovered Derelict Ship in Alpha-1
[2026-05-15T05:52:06.177Z] Vex (PILOT) discovered Hidden Base in Alpha-1
[2026-05-15T06:00:36.184Z] Nyx (ENGINEER) discovered Anomalous Planet in Alpha-1
[2026-05-15T06:08:06.195Z] Luna (COMBAT) discovered Derelict Ship in Alpha-1
[2026-05-15T06:50:36.245Z] Nyx (ENGINEER) discovered Rare Minerals in Alpha-1
[2026-05-15T06:55:06.252Z] Nyx (ENGINEER) discovered Anomalous Planet in Alpha-1
[2026-05-15T06:55:06.263Z] Aria (MEDIC) discovered Space Anomaly in Alpha-1
[2026-05-15T07:03:06.278Z] Nyx (ENGINEER) discovered Derelict Ship in Alpha-1
[2026-05-15T07:22:06.287Z] Vex (PILOT) discovered Hidden Base in Alpha-1
[2026-05-15T07:36:06.300Z] Nyx (ENGINEER) discovered Anomalous Planet in Alpha-1
[2026-05-15T07:42:06.308Z] Jax (SCIENTIST) discovered Unknown Signal in Alpha-1
[2026-05-15T07:44:36.310Z] Jax (SCIENTIST) discovered Space Anomaly in Alpha-1
[2026-05-15T07:54:06.313Z] Vex (PILOT) discovered Rare Minerals in Alpha-1
[2026-05-15T08:01:36.320Z] Jax (SCIENTIST) discovered Rare Minerals in Alpha-1
[2026-05-15T08:15:06.330Z] Vex (PILOT) discovered Space Anomaly in Alpha-1
[2026-05-15T08:16:36.335Z] Luna (COMBAT) discovered Ancient Ruins in Alpha-1
[2026-05-15T08:18:06.337Z] Aria (MEDIC) discovered Rare Minerals in Alpha-1
[2026-05-15T08:32:06.355Z] Nyx (ENGINEER) discovered Unknown Signal in Alpha-1
[2026-05-15T08:40:06.373Z] Jax (SCIENTIST) discovered Hidden Base in Alpha-1
[2026-05-15T08:40:36.370Z] Nyx (ENGINEER) discovered Nebula Cloud in Alpha-1
[2026-05-15T08:43:06.372Z] Vex (PILOT) discovered Hidden Base in Alpha-1
[2026-05-15T08:46:36.382Z] Jax (SCIENTIST) discovered Alien Artifact in Alpha-1
[2026-05-15T08:48:36.394Z] Aria (MEDIC) discovered Alien Artifact in Alpha-1
[2026-05-15T09:04:36.402Z] Luna (COMBAT) discovered Anomalous Planet in Alpha-1
[2026-05-15T09:15:36.423Z] Luna (COMBAT) discovered Alien Artifact in Alpha-1
[2026-05-15T09:21:36.429Z] Nyx (ENGINEER) discovered Hidden Base in Alpha-1
[2026-05-15T09:32:06.442Z] Vex (PILOT) discovered Hidden Base in Alpha-1
[2026-05-15T09:36:36.450Z] Aria (MEDIC) discovered Alien Artifact in Alpha-1
[2026-05-15T09:52:06.473Z] Luna (COMBAT) discovered Hidden Base in Alpha-1
[2026-05-15T09:58:36.478Z] Aria (MEDIC) discovered Ancient Ruins in Alpha-1
[2026-05-15T10:00:36.481Z] Luna (COMBAT) discovered Hidden Base in Alpha-1
[2026-05-15T10:38:06.544Z] Jax (SCIENTIST) discovered Ancient Ruins in Alpha-1
[2026-05-15T10:45:36.564Z] Aria (MEDIC) discovered Anomalous Planet in Alpha-1
[2026-05-15T11:08:36.615Z] Nyx (ENGINEER) discovered Unknown Signal in Alpha-1
[2026-05-15T11:10:06.613Z] Aria (MEDIC) discovered Hidden Base in Alpha-1
[2026-05-15T11:11:36.613Z] Luna (COMBAT) discovered Nebula Cloud in Alpha-1
[2026-05-15T11:14:36.615Z] Luna (COMBAT) discovered Ancient Ruins in Alpha-1
[2026-05-15T11:16:36.610Z] Vex (PILOT) discovered Space Anomaly in Alpha-1
[2026-05-15T11:20:06.616Z] Vex (PILOT) discovered Rare Minerals in Alpha-1
[2026-05-15T11:25:36.622Z] Vex (PILOT) discovered Anomalous Planet in Alpha-1
[2026-05-15T11:30:36.627Z] Jax (SCIENTIST) discovered Hidden Base in Alpha-1
[2026-05-15T11:44:06.642Z] Vex (PILOT) discovered Ancient Ruins in Alpha-1
[2026-05-15T11:48:36.654Z] Aria (MEDIC) discovered Nebula Cloud in Alpha-1
[2026-05-15T11:50:06.652Z] Vex (PILOT) discovered Hidden Base in Alpha-1
[2026-05-15T11:51:36.655Z] Nyx (ENGINEER) discovered Ancient Ruins in Alpha-1
[2026-05-15T12:10:36.688Z] Luna (COMBAT) discovered Rare Minerals in Alpha-1
[2026-05-15T12:20:36.705Z] Jax (SCIENTIST) discovered Unknown Signal in Alpha-1
[2026-05-15T12:28:36.712Z] Jax (SCIENTIST) discovered Derelict Ship in Alpha-1
[2026-05-15T12:49:06.740Z] Nyx (ENGINEER) discovered Nebula Cloud in Alpha-1
[2026-05-15T13:02:06.751Z] Nyx (ENGINEER) discovered Unknown Signal in Alpha-1
[2026-05-15T13:03:06.752Z] Luna (COMBAT) discovered Alien Artifact in Alpha-1
[2026-05-15T13:34:06.802Z] Luna (COMBAT) discovered Derelict Ship in Alpha-1
[2026-05-15T13:46:06.815Z] Aria (MEDIC) discovered Anomalous Planet in Alpha-1
[2026-05-15T14:02:06.818Z] Nyx (ENGINEER) discovered Rare Minerals in Alpha-1
[2026-05-15T14:03:36.824Z] Aria (MEDIC) discovered Space Anomaly in Alpha-1
[2026-05-15T14:20:36.839Z] Vex (PILOT) discovered Alien Artifact in Alpha-1
[2026-05-15T14:25:36.853Z] Jax (SCIENTIST) discovered Space Anomaly in Alpha-1
[2026-05-15T15:04:36.919Z] Nyx (ENGINEER) discovered Alien Artifact in Alpha-1
[2026-05-15T15:15:36.938Z] Luna (COMBAT) discovered Anomalous Planet in Alpha-1
[2026-05-15T15:15:36.940Z] Aria (MEDIC) discovered Nebula Cloud in Alpha-1
[2026-05-15T15:22:06.947Z] Jax (SCIENTIST) discovered Rare Minerals in Alpha-1
[2026-05-15T15:24:36.950Z] Jax (SCIENTIST) discovered Alien Artifact in Alpha-1
[2026-05-15T15:50:36.981Z] Luna (COMBAT) discovered Unknown Signal in Alpha-1
[2026-05-15T15:56:06.989Z] Luna (COMBAT) discovered Rare Minerals in Alpha-1
[2026-05-15T15:56:06.991Z] Aria (MEDIC) discovered Unknown Signal in Alpha-1
[2026-05-15T15:58:36.995Z] Luna (COMBAT) discovered Space Anomaly in Alpha-1
[2026-05-15T16:04:07.023Z] Vex (PILOT) discovered Ancient Ruins in Alpha-1
[2026-05-15T16:06:37.034Z] Aria (MEDIC) discovered Anomalous Planet in Alpha-1
[2026-05-15T16:09:07.031Z] Jax (SCIENTIST) discovered Unknown Signal in Alpha-1
[2026-05-15T16:14:37.041Z] Luna (COMBAT) discovered Ancient Ruins in Alpha-1
[2026-05-15T17:36:37.146Z] Vex (PILOT) discovered Nebula Cloud in Alpha-1
[2026-05-15T17:41:07.152Z] Nyx (ENGINEER) discovered Anomalous Planet in Alpha-1
[2026-05-15T18:30:37.208Z] Aria (MEDIC) discovered Derelict Ship in Alpha-1
[2026-05-15T19:03:07.249Z] Jax (SCIENTIST) discovered Unknown Signal in Alpha-1
[2026-05-15T19:20:37.269Z] Luna (COMBAT) discovered Anomalous Planet in Alpha-1
[2026-05-15T19:23:07.268Z] Nyx (ENGINEER) discovered Anomalous Planet in Alpha-1
[2026-05-15T19:30:37.278Z] Aria (MEDIC) discovered Space Anomaly in Alpha-1
[2026-05-15T19:46:07.304Z] Jax (SCIENTIST) discovered Hidden Base in Alpha-1
[2026-05-15T19:46:07.311Z] Aria (MEDIC) discovered Alien Artifact in Alpha-1
[2026-05-15T19:48:37.307Z] Aria (MEDIC) discovered Anomalous Planet in Alpha-1
[2026-05-15T19:53:07.312Z] Aria (MEDIC) discovered Unknown Signal in Alpha-1
[2026-05-15T19:57:37.313Z] Nyx (ENGINEER) discovered Alien Artifact in Alpha-1
[2026-05-15T20:33:07.357Z] Jax (SCIENTIST) discovered Hidden Base in Alpha-1
[2026-05-15T20:34:07.356Z] Aria (MEDIC) discovered Nebula Cloud in Alpha-1
[2026-05-15T20:40:37.377Z] Vex (PILOT) discovered Alien Artifact in Alpha-1
[2026-05-15T20:45:37.385Z] Aria (MEDIC) discovered Rare Minerals in Alpha-1
[2026-05-15T20:57:07.397Z] Vex (PILOT) discovered Nebula Cloud in Alpha-1
[2026-05-15T21:17:07.413Z] Nyx (ENGINEER) discovered Unknown Signal in Alpha-1
[2026-05-15T21:20:37.420Z] Luna (COMBAT) discovered Derelict Ship in Alpha-1
[2026-05-15T21:33:07.439Z] Jax (SCIENTIST) discovered Ancient Ruins in Alpha-1
[2026-05-15T22:05:07.474Z] Aria (MEDIC) discovered Rare Minerals in Alpha-1
[2026-05-15T22:10:37.475Z] Aria (MEDIC) discovered Alien Artifact in Alpha-1
[2026-05-15T22:19:37.488Z] Vex (PILOT) discovered Anomalous Planet in Alpha-1
[2026-05-15T22:39:07.503Z] Jax (SCIENTIST) discovered Ancient Ruins in Alpha-1
[2026-05-15T22:42:07.507Z] Jax (SCIENTIST) discovered Anomalous Planet in Alpha-1
[2026-05-15T22:49:37.510Z] Vex (PILOT) discovered Space Anomaly in Alpha-1
[2026-05-15T23:08:07.540Z] Luna (COMBAT) discovered Derelict Ship in Alpha-1
[2026-05-16T00:14:07.649Z] Nyx (ENGINEER) discovered Anomalous Planet in Alpha-1
[2026-05-16T00:23:07.662Z] Jax (SCIENTIST) discovered Anomalous Planet in Alpha-1
[2026-05-16T00:23:37.679Z] Luna (COMBAT) discovered Alien Artifact in Alpha-1
[2026-05-16T00:25:07.670Z] Nyx (ENGINEER) discovered Derelict Ship in Alpha-1
[2026-05-16T00:30:07.674Z] Nyx (ENGINEER) discovered Space Anomaly in Alpha-1
[2026-05-16T00:49:37.699Z] Luna (COMBAT) discovered Alien Artifact in Alpha-1
[2026-05-16T00:51:37.702Z] Nyx (ENGINEER) discovered Derelict Ship in Alpha-1
[2026-05-16T00:58:37.722Z] Aria (MEDIC) discovered Ancient Ruins in Alpha-1
[2026-05-16T01:09:37.724Z] Nyx (ENGINEER) discovered Anomalous Planet in Alpha-1
[2026-05-16T01:09:37.737Z] Aria (MEDIC) discovered Nebula Cloud in Alpha-1
[2026-05-16T01:20:07.754Z] Luna (COMBAT) discovered Ancient Ruins in Alpha-1
[2026-05-16T02:06:37.813Z] Aria (MEDIC) discovered Anomalous Planet in Alpha-1
[2026-05-16T02:34:07.844Z] Jax (SCIENTIST) discovered Rare Minerals in Alpha-1
[2026-05-16T02:36:07.851Z] Nyx (ENGINEER) discovered Space Anomaly in Alpha-1
[2026-05-16T02:42:07.853Z] Luna (COMBAT) discovered Unknown Signal in Alpha-1
[2026-05-16T02:57:37.865Z] Vex (PILOT) discovered Ancient Ruins in Alpha-1
[2026-05-16T03:03:37.873Z] Vex (PILOT) discovered Rare Minerals in Alpha-1
[2026-05-16T03:13:07.890Z] Jax (SCIENTIST) discovered Nebula Cloud in Alpha-1
[2026-05-16T03:48:07.933Z] Aria (MEDIC) discovered Alien Artifact in Alpha-1
[2026-05-16T03:57:07.932Z] Luna (COMBAT) discovered Rare Minerals in Alpha-1
[2026-05-16T04:07:07.944Z] Aria (MEDIC) discovered Alien Artifact in Alpha-1
[2026-05-16T04:14:37.947Z] Aria (MEDIC) discovered Unknown Signal in Alpha-1
[2026-05-16T04:28:07.966Z] Luna (COMBAT) discovered Ancient Ruins in Alpha-1
[2026-05-16T04:29:37.964Z] Vex (PILOT) discovered Anomalous Planet in Alpha-1
[2026-05-16T04:39:37.982Z] Nyx (ENGINEER) discovered Hidden Base in Alpha-1
[2026-05-16T05:20:08.020Z] Nyx (ENGINEER) discovered Nebula Cloud in Alpha-1
[2026-05-16T05:20:08.024Z] Aria (MEDIC) discovered Anomalous Planet in Alpha-1
[2026-05-16T05:33:38.046Z] Luna (COMBAT) discovered Ancient Ruins in Alpha-1
[2026-05-16T05:38:38.052Z] Aria (MEDIC) discovered Nebula Cloud in Alpha-1
[2026-05-16T06:05:08.091Z] Jax (SCIENTIST) discovered Alien Artifact in Alpha-1
[2026-05-16T06:13:08.098Z] Aria (MEDIC) discovered Unknown Signal in Alpha-1
[2026-05-16T06:19:08.097Z] Nyx (ENGINEER) discovered Space Anomaly in Alpha-1
[2026-05-16T06:26:38.107Z] Luna (COMBAT) discovered Unknown Signal in Alpha-1
[2026-05-16T06:28:38.106Z] Nyx (ENGINEER) discovered Space Anomaly in Alpha-1
[2026-05-16T06:35:08.110Z] Luna (COMBAT) discovered Alien Artifact in Alpha-1
[2026-05-16T06:45:38.124Z] Luna (COMBAT) discovered Anomalous Planet in Alpha-1
[2026-05-16T07:18:38.153Z] Jax (SCIENTIST) discovered Ancient Ruins in Alpha-1
[2026-05-16T07:20:38.161Z] Jax (SCIENTIST) discovered Ancient Ruins in Alpha-1
[2026-05-16T07:26:08.163Z] Luna (COMBAT) discovered Hidden Base in Alpha-1
[2026-05-16T07:33:08.166Z] Nyx (ENGINEER) discovered Space Anomaly in Alpha-1
[2026-05-16T07:43:38.189Z] Aria (MEDIC) discovered Alien Artifact in Alpha-1
[2026-05-16T07:51:38.203Z] Luna (COMBAT) discovered Unknown Signal in Alpha-1
[2026-05-16T08:00:38.217Z] Aria (MEDIC) discovered Space Anomaly in Alpha-1
[2026-05-16T08:09:08.222Z] Vex (PILOT) discovered Unknown Signal in Alpha-1
[2026-05-16T08:11:38.224Z] Nyx (ENGINEER) discovered Space Anomaly in Alpha-1
[2026-05-16T08:11:38.231Z] Aria (MEDIC) discovered Derelict Ship in Alpha-1
[2026-05-16T08:19:38.235Z] Luna (COMBAT) discovered Alien Artifact in Alpha-1
[2026-05-16T08:41:38.255Z] Luna (COMBAT) discovered Rare Minerals in Alpha-1
[2026-05-16T08:57:08.276Z] Luna (COMBAT) discovered Derelict Ship in Alpha-1
[2026-05-16T09:09:38.290Z] Luna (COMBAT) discovered Alien Artifact in Alpha-1
[2026-05-16T09:15:38.306Z] Aria (MEDIC) discovered Ancient Ruins in Alpha-1
[2026-05-16T09:26:38.300Z] Vex (PILOT) discovered Anomalous Planet in Alpha-1
[2026-05-16T10:20:08.369Z] Jax (SCIENTIST) discovered Ancient Ruins in Alpha-1
[2026-05-16T10:30:38.376Z] Vex (PILOT) discovered Hidden Base in Alpha-1
[2026-05-16T10:36:38.389Z] Nyx (ENGINEER) discovered Hidden Base in Alpha-1
[2026-05-16T10:56:08.422Z] Jax (SCIENTIST) discovered Space Anomaly in Alpha-1
[2026-05-16T11:14:08.447Z] Luna (COMBAT) discovered Hidden Base in Alpha-1
[2026-05-16T11:15:08.445Z] Jax (SCIENTIST) discovered Alien Artifact in Alpha-1
[2026-05-16T11:37:38.475Z] Luna (COMBAT) discovered Nebula Cloud in Alpha-1
[2026-05-16T11:37:38.478Z] Aria (MEDIC) discovered Space Anomaly in Alpha-1
[2026-05-16T11:45:08.480Z] Vex (PILOT) discovered Nebula Cloud in Alpha-1
[2026-05-16T11:56:08.504Z] Vex (PILOT) discovered Rare Minerals in Alpha-1
[2026-05-16T11:59:08.507Z] Jax (SCIENTIST) discovered Ancient Ruins in Alpha-1
[2026-05-16T12:22:38.541Z] Nyx (ENGINEER) discovered Ancient Ruins in Alpha-1
[2026-05-16T12:31:38.549Z] Aria (MEDIC) discovered Derelict Ship in Alpha-1
[2026-05-16T12:39:38.557Z] Nyx (ENGINEER) discovered Unknown Signal in Alpha-1
[2026-05-16T12:43:08.563Z] Aria (MEDIC) discovered Ancient Ruins in Alpha-1
[2026-05-16T12:49:08.566Z] Vex (PILOT) discovered Ancient Ruins in Alpha-1
[2026-05-16T13:05:38.600Z] Nyx (ENGINEER) discovered Alien Artifact in Alpha-1
[2026-05-16T13:13:38.607Z] Aria (MEDIC) discovered Space Anomaly in Alpha-1
[2026-05-16T13:14:38.608Z] Jax (SCIENTIST) discovered Derelict Ship in Alpha-1
[2026-05-16T13:21:38.616Z] Vex (PILOT) discovered Unknown Signal in Alpha-1
[2026-05-16T14:00:38.663Z] Nyx (ENGINEER) discovered Anomalous Planet in Alpha-1
[2026-05-16T14:22:38.684Z] Nyx (ENGINEER) discovered Unknown Signal in Alpha-1
[2026-05-16T14:54:38.710Z] Vex (PILOT) discovered Alien Artifact in Alpha-1
[2026-05-16T15:22:38.751Z] Aria (MEDIC) discovered Anomalous Planet in Alpha-1
[2026-05-16T15:25:38.748Z] Nyx (ENGINEER) discovered Alien Artifact in Alpha-1
[2026-05-16T15:30:08.758Z] Luna (COMBAT) discovered Rare Minerals in Alpha-1
[2026-05-16T15:35:38.762Z] Luna (COMBAT) discovered Derelict Ship in Alpha-1
[2026-05-16T15:50:08.785Z] Aria (MEDIC) discovered Derelict Ship in Alpha-1
[2026-05-16T15:54:38.787Z] Vex (PILOT) discovered Hidden Base in Alpha-1
[2026-05-16T16:01:08.800Z] Luna (COMBAT) discovered Unknown Signal in Alpha-1
[2026-05-16T16:13:08.814Z] Nyx (ENGINEER) discovered Nebula Cloud in Alpha-1
[2026-05-16T16:23:08.820Z] Vex (PILOT) discovered Rare Minerals in Alpha-1
[2026-05-16T16:55:38.884Z] Aria (MEDIC) discovered Unknown Signal in Alpha-1
[2026-05-16T17:02:08.880Z] Aria (MEDIC) discovered Nebula Cloud in Alpha-1
[2026-05-16T17:03:08.875Z] Vex (PILOT) discovered Space Anomaly in Alpha-1
[2026-05-16T17:10:38.890Z] Aria (MEDIC) discovered Space Anomaly in Alpha-1
[2026-05-16T17:21:08.894Z] Jax (SCIENTIST) discovered Unknown Signal in Alpha-1
[2026-05-16T17:55:08.931Z] Aria (MEDIC) discovered Nebula Cloud in Alpha-1
[2026-05-16T18:18:38.957Z] Nyx (ENGINEER) discovered Anomalous Planet in Alpha-1
[2026-05-16T18:22:08.956Z] Aria (MEDIC) discovered Ancient Ruins in Alpha-1
[2026-05-16T18:38:38.973Z] Luna (COMBAT) discovered Hidden Base in Alpha-1
[2026-05-16T18:41:08.962Z] Nyx (ENGINEER) discovered Space Anomaly in Alpha-1
[2026-05-16T18:56:08.976Z] Aria (MEDIC) discovered Derelict Ship in Alpha-1
[2026-05-16T18:59:08.973Z] Vex (PILOT) discovered Space Anomaly in Alpha-1
[2026-05-16T19:09:38.990Z] Aria (MEDIC) discovered Nebula Cloud in Alpha-1
[2026-05-16T19:29:09.029Z] Vex (PILOT) discovered Anomalous Planet in Alpha-1
[2026-05-16T19:30:09.042Z] Luna (COMBAT) discovered Derelict Ship in Alpha-1
[2026-05-16T19:31:09.036Z] Jax (SCIENTIST) discovered Derelict Ship in Alpha-1
[2026-05-16T19:45:09.047Z] Jax (SCIENTIST) discovered Derelict Ship in Alpha-1
[2026-05-16T19:54:09.066Z] Aria (MEDIC) discovered Alien Artifact in Alpha-1
[2026-05-16T19:58:09.060Z] Luna (COMBAT) discovered Ancient Ruins in Alpha-1
[2026-05-16T20:09:09.086Z] Luna (COMBAT) discovered Alien Artifact in Alpha-1
[2026-05-16T20:13:39.087Z] Nyx (ENGINEER) discovered Rare Minerals in Alpha-1
[2026-05-16T20:28:09.097Z] Vex (PILOT) discovered Derelict Ship in Alpha-1
[2026-05-16T20:33:39.109Z] Aria (MEDIC) discovered Anomalous Planet in Alpha-1
[2026-05-16T20:43:09.116Z] Jax (SCIENTIST) discovered Unknown Signal in Alpha-1
[2026-05-16T20:53:39.131Z] Aria (MEDIC) discovered Hidden Base in Alpha-1
[2026-05-16T20:57:09.131Z] Luna (COMBAT) discovered Unknown Signal in Alpha-1
[2026-05-16T20:58:09.129Z] Jax (SCIENTIST) discovered Alien Artifact in Alpha-1
[2026-05-16T21:08:09.145Z] Nyx (ENGINEER) discovered Alien Artifact in Alpha-1
[2026-05-16T21:30:39.173Z] Aria (MEDIC) discovered Alien Artifact in Alpha-1
[2026-05-16T21:33:39.179Z] Aria (MEDIC) discovered Rare Minerals in Alpha-1
[2026-05-16T21:34:09.179Z] Aria (MEDIC) discovered Hidden Base in Alpha-1
[2026-05-16T21:49:39.209Z] Aria (MEDIC) discovered Space Anomaly in Alpha-1
[2026-05-16T21:54:39.202Z] Luna (COMBAT) discovered Unknown Signal in Alpha-1
[2026-05-16T22:02:09.213Z] Aria (MEDIC) discovered Anomalous Planet in Alpha-1
[2026-05-16T22:05:09.209Z] Nyx (ENGINEER) discovered Unknown Signal in Alpha-1
[2026-05-16T22:26:09.257Z] Aria (MEDIC) discovered Rare Minerals in Alpha-1
[2026-05-16T22:34:09.254Z] Luna (COMBAT) discovered Nebula Cloud in Alpha-1
[2026-05-16T22:56:39.284Z] Nyx (ENGINEER) discovered Anomalous Planet in Alpha-1
[2026-05-16T23:02:09.296Z] Jax (SCIENTIST) discovered Rare Minerals in Alpha-1
[2026-05-16T23:12:39.324Z] Aria (MEDIC) discovered Unknown Signal in Alpha-1
[2026-05-16T23:38:09.347Z] Vex (PILOT) discovered Hidden Base in Alpha-1
[2026-05-16T23:50:09.366Z] Vex (PILOT) discovered Alien Artifact in Alpha-1
[2026-05-17T00:32:39.450Z] Aria (MEDIC) discovered Space Anomaly in Alpha-1
[2026-05-17T00:39:09.459Z] Luna (COMBAT) discovered Derelict Ship in Alpha-1
[2026-05-17T01:13:39.505Z] Nyx (ENGINEER) discovered Space Anomaly in Alpha-1
[2026-05-17T01:18:39.505Z] Aria (MEDIC) discovered Hidden Base in Alpha-1
[2026-05-17T01:24:39.511Z] Jax (SCIENTIST) discovered Nebula Cloud in Alpha-1
[2026-05-17T01:52:09.537Z] Vex (PILOT) discovered Nebula Cloud in Alpha-1
[2026-05-17T01:53:39.537Z] Vex (PILOT) discovered Alien Artifact in Alpha-1
[2026-05-17T01:58:09.542Z] Jax (SCIENTIST) discovered Anomalous Planet in Alpha-1
[2026-05-17T02:05:09.543Z] Nyx (ENGINEER) discovered Anomalous Planet in Alpha-1
[2026-05-17T02:06:09.549Z] Vex (PILOT) discovered Rare Minerals in Alpha-1
[2026-05-17T02:11:39.559Z] Luna (COMBAT) discovered Ancient Ruins in Alpha-1
[2026-05-17T02:22:09.573Z] Nyx (ENGINEER) discovered Space Anomaly in Alpha-1
[2026-05-17T02:23:09.576Z] Luna (COMBAT) discovered Hidden Base in Alpha-1
[2026-05-17T02:34:09.584Z] Luna (COMBAT) discovered Rare Minerals in Alpha-1
[2026-05-17T03:04:39.622Z] Jax (SCIENTIST) discovered Alien Artifact in Alpha-1
[2026-05-17T03:19:09.634Z] Jax (SCIENTIST) discovered Derelict Ship in Alpha-1
[2026-05-17T03:21:39.638Z] Jax (SCIENTIST) discovered Unknown Signal in Alpha-1
[2026-05-17T03:34:39.656Z] Luna (COMBAT) discovered Anomalous Planet in Alpha-1
[2026-05-17T03:41:09.656Z] Vex (PILOT) discovered Hidden Base in Alpha-1
[2026-05-17T03:53:39.681Z] Luna (COMBAT) discovered Rare Minerals in Alpha-1
[2026-05-17T04:01:39.686Z] Vex (PILOT) discovered Nebula Cloud in Alpha-1
[2026-05-17T04:10:09.689Z] Vex (PILOT) discovered Hidden Base in Alpha-1
[2026-05-17T04:15:09.699Z] Nyx (ENGINEER) discovered Alien Artifact in Alpha-1
[2026-05-17T04:21:09.707Z] Luna (COMBAT) discovered Rare Minerals in Alpha-1
[2026-05-17T04:32:09.718Z] Aria (MEDIC) discovered Ancient Ruins in Alpha-1
[2026-05-17T04:43:09.721Z] Nyx (ENGINEER) discovered Rare Minerals in Alpha-1
[2026-05-17T04:45:09.720Z] Vex (PILOT) discovered Derelict Ship in Alpha-1
[2026-05-17T05:08:39.781Z] Aria (MEDIC) discovered Hidden Base in Alpha-1
[2026-05-17T05:12:09.774Z] Vex (PILOT) discovered Ancient Ruins in Alpha-1
[2026-05-17T05:12:39.775Z] Vex (PILOT) discovered Rare Minerals in Alpha-1
[2026-05-17T05:16:09.787Z] Luna (COMBAT) discovered Derelict Ship in Alpha-1
[2026-05-17T05:16:39.783Z] Vex (PILOT) discovered Rare Minerals in Alpha-1
[2026-05-17T05:19:09.793Z] Luna (COMBAT) discovered Rare Minerals in Alpha-1
[2026-05-17T05:36:09.801Z] Nyx (ENGINEER) discovered Space Anomaly in Alpha-1
[2026-05-17T05:54:09.818Z] Jax (SCIENTIST) discovered Rare Minerals in Alpha-1
[2026-05-17T06:16:09.852Z] Aria (MEDIC) discovered Rare Minerals in Alpha-1
[2026-05-17T06:32:09.863Z] Luna (COMBAT) discovered Ancient Ruins in Alpha-1
[2026-05-17T06:47:39.873Z] Nyx (ENGINEER) discovered Ancient Ruins in Alpha-1
[2026-05-17T06:55:39.887Z] Aria (MEDIC) discovered Derelict Ship in Alpha-1
[2026-05-17T07:11:09.897Z] Nyx (ENGINEER) discovered Unknown Signal in Alpha-1
[2026-05-17T07:16:09.908Z] Luna (COMBAT) discovered Ancient Ruins in Alpha-1
[2026-05-17T07:38:39.940Z] Aria (MEDIC) discovered Derelict Ship in Alpha-1
[2026-05-17T07:39:09.939Z] Aria (MEDIC) discovered Derelict Ship in Alpha-1
[2026-05-17T07:39:39.940Z] Aria (MEDIC) discovered Anomalous Planet in Alpha-1
[2026-05-17T07:41:09.936Z] Nyx (ENGINEER) discovered Anomalous Planet in Alpha-1
[2026-05-17T07:47:09.941Z] Nyx (ENGINEER) discovered Anomalous Planet in Alpha-1
[2026-05-17T07:47:09.943Z] Jax (SCIENTIST) discovered Alien Artifact in Alpha-1
[2026-05-17T07:50:39.943Z] Nyx (ENGINEER) discovered Space Anomaly in Alpha-1
[2026-05-17T08:00:39.957Z] Nyx (ENGINEER) discovered Ancient Ruins in Alpha-1
[2026-05-17T08:01:09.955Z] Nyx (ENGINEER) discovered Alien Artifact in Alpha-1
[2026-05-17T08:05:39.953Z] Vex (PILOT) discovered Space Anomaly in Alpha-1
[2026-05-17T08:17:09.970Z] Jax (SCIENTIST) discovered Hidden Base in Alpha-1
[2026-05-17T08:30:09.984Z] Luna (COMBAT) discovered Space Anomaly in Alpha-1
[2026-05-17T08:43:10.009Z] Aria (MEDIC) discovered Rare Minerals in Alpha-1
[2026-05-17T08:44:40.005Z] Aria (MEDIC) discovered Anomalous Planet in Alpha-1
[2026-05-17T08:52:10.007Z] Jax (SCIENTIST) discovered Unknown Signal in Alpha-1
[2026-05-17T08:52:10.009Z] Aria (MEDIC) discovered Rare Minerals in Alpha-1
[2026-05-17T08:54:40.011Z] Vex (PILOT) discovered Derelict Ship in Alpha-1
[2026-05-17T08:57:10.013Z] Vex (PILOT) discovered Anomalous Planet in Alpha-1
[2026-05-17T08:57:10.018Z] Jax (SCIENTIST) discovered Anomalous Planet in Alpha-1
[2026-05-17T08:58:40.020Z] Aria (MEDIC) discovered Anomalous Planet in Alpha-1
[2026-05-17T09:00:40.021Z] Aria (MEDIC) discovered Nebula Cloud in Alpha-1
[2026-05-17T09:18:40.035Z] Luna (COMBAT) discovered Derelict Ship in Alpha-1
[2026-05-17T09:47:10.071Z] Luna (COMBAT) discovered Derelict Ship in Alpha-1
[2026-05-17T09:57:40.077Z] Jax (SCIENTIST) discovered Space Anomaly in Alpha-1
[2026-05-17T10:02:40.083Z] Jax (SCIENTIST) discovered Anomalous Planet in Alpha-1
[2026-05-17T10:24:10.108Z] Vex (PILOT) discovered Space Anomaly in Alpha-1
[2026-05-17T10:25:40.114Z] Jax (SCIENTIST) discovered Derelict Ship in Alpha-1
[2026-05-17T10:28:10.113Z] Vex (PILOT) discovered Ancient Ruins in Alpha-1
[2026-05-17T10:29:40.117Z] Nyx (ENGINEER) discovered Ancient Ruins in Alpha-1
[2026-05-17T10:43:10.139Z] Aria (MEDIC) discovered Space Anomaly in Alpha-1
[2026-05-17T10:53:40.145Z] Luna (COMBAT) discovered Nebula Cloud in Alpha-1
[2026-05-17T11:00:10.145Z] Vex (PILOT) discovered Rare Minerals in Alpha-1
[2026-05-17T11:04:10.146Z] Vex (PILOT) discovered Alien Artifact in Alpha-1
[2026-05-17T11:20:40.172Z] Vex (PILOT) discovered Rare Minerals in Alpha-1
[2026-05-17T11:26:40.184Z] Jax (SCIENTIST) discovered Space Anomaly in Alpha-1
[2026-05-17T11:28:10.194Z] Luna (COMBAT) discovered Unknown Signal in Alpha-1
[2026-05-17T11:44:10.196Z] Jax (SCIENTIST) discovered Ancient Ruins in Alpha-1
[2026-05-17T12:11:10.220Z] Aria (MEDIC) discovered Ancient Ruins in Alpha-1
[2026-05-17T12:19:10.230Z] Luna (COMBAT) discovered Nebula Cloud in Alpha-1
[2026-05-17T12:28:10.244Z] Aria (MEDIC) discovered Space Anomaly in Alpha-1
[2026-05-17T12:41:40.252Z] Jax (SCIENTIST) discovered Unknown Signal in Alpha-1
[2026-05-17T12:50:10.253Z] Vex (PILOT) discovered Rare Minerals in Alpha-1
[2026-05-17T12:56:40.269Z] Aria (MEDIC) discovered Anomalous Planet in Alpha-1
[2026-05-17T12:58:40.266Z] Nyx (ENGINEER) discovered Derelict Ship in Alpha-1
[2026-05-17T13:00:10.267Z] Nyx (ENGINEER) discovered Unknown Signal in Alpha-1
[2026-05-17T13:01:10.276Z] Aria (MEDIC) discovered Anomalous Planet in Alpha-1
[2026-05-17T13:05:10.276Z] Jax (SCIENTIST) discovered Rare Minerals in Alpha-1
[2026-05-17T13:08:40.279Z] Vex (PILOT) discovered Space Anomaly in Alpha-1
[2026-05-17T13:11:10.285Z] Luna (COMBAT) discovered Space Anomaly in Alpha-1
[2026-05-17T13:17:10.282Z] Vex (PILOT) discovered Rare Minerals in Alpha-1
[2026-05-17T13:29:10.300Z] Vex (PILOT) discovered Derelict Ship in Alpha-1
[2026-05-17T13:40:40.310Z] Aria (MEDIC) discovered Anomalous Planet in Alpha-1
[2026-05-17T13:59:10.324Z] Aria (MEDIC) discovered Rare Minerals in Alpha-1
[2026-05-17T14:02:10.327Z] Aria (MEDIC) discovered Derelict Ship in Alpha-1
[2026-05-17T14:13:10.326Z] Nyx (ENGINEER) discovered Nebula Cloud in Alpha-1
[2026-05-17T14:14:10.326Z] Nyx (ENGINEER) discovered Anomalous Planet in Alpha-1
[2026-05-17T14:25:40.343Z] Jax (SCIENTIST) discovered Alien Artifact in Alpha-1
[2026-05-17T14:43:40.350Z] Jax (SCIENTIST) discovered Derelict Ship in Alpha-1
[2026-05-17T14:44:40.352Z] Aria (MEDIC) discovered Alien Artifact in Alpha-1
[2026-05-17T15:08:10.371Z] Luna (COMBAT) discovered Rare Minerals in Alpha-1
[2026-05-17T15:35:40.412Z] Luna (COMBAT) discovered Hidden Base in Alpha-1
[2026-05-17T15:40:10.415Z] Vex (PILOT) discovered Space Anomaly in Alpha-1
[2026-05-17T15:49:10.432Z] Nyx (ENGINEER) discovered Ancient Ruins in Alpha-1
[2026-05-17T15:59:10.440Z] Vex (PILOT) discovered Nebula Cloud in Alpha-1
[2026-05-17T16:06:10.448Z] Vex (PILOT) discovered Unknown Signal in Alpha-1
[2026-05-17T16:26:10.463Z] Jax (SCIENTIST) discovered Space Anomaly in Alpha-1
[2026-05-17T16:27:40.463Z] Luna (COMBAT) discovered Derelict Ship in Alpha-1
[2026-05-17T16:32:10.469Z] Nyx (ENGINEER) discovered Ancient Ruins in Alpha-1
[2026-05-17T16:41:10.487Z] Jax (SCIENTIST) discovered Unknown Signal in Alpha-1
[2026-05-17T16:41:40.489Z] Aria (MEDIC) discovered Ancient Ruins in Alpha-1
[2026-05-17T17:04:10.513Z] Luna (COMBAT) discovered Alien Artifact in Alpha-1
[2026-05-17T17:06:40.523Z] Luna (COMBAT) discovered Anomalous Planet in Alpha-1
[2026-05-17T17:08:40.515Z] Vex (PILOT) discovered Ancient Ruins in Alpha-1
[2026-05-17T17:09:10.518Z] Luna (COMBAT) discovered Space Anomaly in Alpha-1
[2026-05-17T17:11:40.518Z] Nyx (ENGINEER) discovered Ancient Ruins in Alpha-1
[2026-05-17T17:16:40.521Z] Vex (PILOT) discovered Rare Minerals in Alpha-1
[2026-05-17T17:22:10.531Z] Jax (SCIENTIST) discovered Anomalous Planet in Alpha-1
[2026-05-17T17:34:40.544Z] Nyx (ENGINEER) discovered Space Anomaly in Alpha-1
[2026-05-17T17:57:40.568Z] Aria (MEDIC) discovered Derelict Ship in Alpha-1
[2026-05-17T18:26:40.596Z] Vex (PILOT) discovered Derelict Ship in Alpha-1
[2026-05-17T18:28:40.607Z] Luna (COMBAT) discovered Space Anomaly in Alpha-1
[2026-05-17T18:47:40.619Z] Luna (COMBAT) discovered Ancient Ruins in Alpha-1
[2026-05-17T18:52:40.630Z] Jax (SCIENTIST) discovered Ancient Ruins in Alpha-1
[2026-05-17T19:00:10.648Z] Nyx (ENGINEER) discovered Unknown Signal in Alpha-1
[2026-05-17T19:05:40.644Z] Luna (COMBAT) discovered Ancient Ruins in Alpha-1
[2026-05-17T19:20:10.654Z] Luna (COMBAT) discovered Ancient Ruins in Alpha-1
[2026-05-17T19:27:10.662Z] Jax (SCIENTIST) discovered Alien Artifact in Alpha-1
[2026-05-17T19:28:40.663Z] Nyx (ENGINEER) discovered Ancient Ruins in Alpha-1
[2026-05-17T19:29:40.667Z] Nyx (ENGINEER) discovered Ancient Ruins in Alpha-1
[2026-05-17T19:34:10.677Z] Luna (COMBAT) discovered Space Anomaly in Alpha-1
[2026-05-17T19:39:40.676Z] Vex (PILOT) discovered Anomalous Planet in Alpha-1
[2026-05-17T19:42:40.686Z] Aria (MEDIC) discovered Derelict Ship in Alpha-1
[2026-05-17T19:46:10.686Z] Luna (COMBAT) discovered Unknown Signal in Alpha-1
[2026-05-17T19:56:40.699Z] Aria (MEDIC) discovered Rare Minerals in Alpha-1
[2026-05-17T20:03:40.698Z] Vex (PILOT) discovered Derelict Ship in Alpha-1
[2026-05-17T20:10:10.718Z] Luna (COMBAT) discovered Nebula Cloud in Alpha-1
[2026-05-17T20:18:10.725Z] Luna (COMBAT) discovered Derelict Ship in Alpha-1
[2026-05-17T20:25:40.737Z] Vex (PILOT) discovered Anomalous Planet in Alpha-1
[2026-05-17T20:40:40.759Z] Jax (SCIENTIST) discovered Derelict Ship in Alpha-1
[2026-05-17T20:46:10.761Z] Nyx (ENGINEER) discovered Derelict Ship in Alpha-1
[2026-05-17T20:51:10.771Z] Luna (COMBAT) discovered Space Anomaly in Alpha-1
[2026-05-17T20:54:10.777Z] Luna (COMBAT) discovered Anomalous Planet in Alpha-1
[2026-05-17T20:57:10.798Z] Aria (MEDIC) discovered Nebula Cloud in Alpha-1
[2026-05-17T20:57:40.782Z] Vex (PILOT) discovered Alien Artifact in Alpha-1
[2026-05-17T20:58:40.782Z] Vex (PILOT) discovered Derelict Ship in Alpha-1
[2026-05-17T21:14:10.796Z] Vex (PILOT) discovered Rare Minerals in Alpha-1
[2026-05-17T21:26:10.816Z] Nyx (ENGINEER) discovered Nebula Cloud in Alpha-1
[2026-05-17T21:40:10.838Z] Nyx (ENGINEER) discovered Space Anomaly in Alpha-1
[2026-05-17T21:42:10.842Z] Aria (MEDIC) discovered Alien Artifact in Alpha-1
[2026-05-17T21:45:10.842Z] Luna (COMBAT) discovered Hidden Base in Alpha-1
[2026-05-17T21:55:40.853Z] Luna (COMBAT) discovered Ancient Ruins in Alpha-1
[2026-05-17T22:09:40.868Z] Aria (MEDIC) discovered Unknown Signal in Alpha-1
[2026-05-17T22:41:10.895Z] Vex (PILOT) discovered Alien Artifact in Alpha-1
[2026-05-17T22:49:10.914Z] Nyx (ENGINEER) discovered Ancient Ruins in Alpha-1
[2026-05-17T23:11:10.929Z] Vex (PILOT) discovered Nebula Cloud in Alpha-1
[2026-05-17T23:41:10.995Z] Jax (SCIENTIST) discovered Hidden Base in Alpha-1
[2026-05-17T23:51:40.997Z] Vex (PILOT) discovered Derelict Ship in Alpha-1
[2026-05-17T23:52:41.003Z] Jax (SCIENTIST) discovered Hidden Base in Alpha-1
[2026-05-18T00:08:41.031Z] Aria (MEDIC) discovered Unknown Signal in Alpha-1
[2026-05-18T00:48:11.067Z] Vex (PILOT) discovered Hidden Base in Alpha-1
[2026-05-18T00:52:11.074Z] Nyx (ENGINEER) discovered Nebula Cloud in Alpha-1
[2026-05-18T01:23:41.113Z] Luna (COMBAT) discovered Anomalous Planet in Alpha-1
[2026-05-18T01:48:11.150Z] Aria (MEDIC) discovered Nebula Cloud in Alpha-1
[2026-05-18T01:57:11.148Z] Vex (PILOT) discovered Unknown Signal in Alpha-1
[2026-05-18T01:58:11.159Z] Luna (COMBAT) discovered Hidden Base in Alpha-1
[2026-05-18T02:02:11.154Z] Vex (PILOT) discovered Nebula Cloud in Alpha-1
[2026-05-18T02:06:41.159Z] Nyx (ENGINEER) discovered Rare Minerals in Alpha-1
[2026-05-18T02:11:11.167Z] Aria (MEDIC) discovered Anomalous Planet in Alpha-1
[2026-05-18T02:14:11.176Z] Aria (MEDIC) discovered Nebula Cloud in Alpha-1
[2026-05-18T02:16:11.167Z] Nyx (ENGINEER) discovered Hidden Base in Alpha-1
[2026-05-18T02:21:11.177Z] Luna (COMBAT) discovered Anomalous Planet in Alpha-1
[2026-05-18T02:29:11.181Z] Vex (PILOT) discovered Ancient Ruins in Alpha-1
[2026-05-18T02:31:41.192Z] Nyx (ENGINEER) discovered Rare Minerals in Alpha-1
[2026-05-18T02:56:41.220Z] Jax (SCIENTIST) discovered Ancient Ruins in Alpha-1
[2026-05-18T02:59:11.227Z] Aria (MEDIC) discovered Space Anomaly in Alpha-1
[2026-05-18T03:01:41.222Z] Jax (SCIENTIST) discovered Alien Artifact in Alpha-1
[2026-05-18T03:03:11.234Z] Aria (MEDIC) discovered Space Anomaly in Alpha-1
[2026-05-18T03:16:11.250Z] Nyx (ENGINEER) discovered Space Anomaly in Alpha-1
[2026-05-18T03:19:41.258Z] Luna (COMBAT) discovered Anomalous Planet in Alpha-1
[2026-05-18T03:32:11.272Z] Aria (MEDIC) discovered Space Anomaly in Alpha-1
[2026-05-18T03:39:11.274Z] Jax (SCIENTIST) discovered Space Anomaly in Alpha-1
[2026-05-18T03:55:11.300Z] Jax (SCIENTIST) discovered Alien Artifact in Alpha-1
[2026-05-18T04:17:41.310Z] Vex (PILOT) discovered Space Anomaly in Alpha-1
[2026-05-18T04:30:41.335Z] Aria (MEDIC) discovered Alien Artifact in Alpha-1
[2026-05-18T05:05:11.358Z] Aria (MEDIC) discovered Nebula Cloud in Alpha-1
[2026-05-18T05:16:41.362Z] Nyx (ENGINEER) discovered Hidden Base in Alpha-1
[2026-05-18T05:48:41.410Z] Vex (PILOT) discovered Anomalous Planet in Alpha-1
[2026-05-18T05:59:11.421Z] Nyx (ENGINEER) discovered Nebula Cloud in Alpha-1
[2026-05-18T05:59:11.424Z] Jax (SCIENTIST) discovered Alien Artifact in Alpha-1
[2026-05-18T06:10:11.435Z] Vex (PILOT) discovered Alien Artifact in Alpha-1
[2026-05-18T06:10:41.439Z] Jax (SCIENTIST) discovered Ancient Ruins in Alpha-1
[2026-05-18T06:14:11.443Z] Nyx (ENGINEER) discovered Unknown Signal in Alpha-1
[2026-05-18T06:23:11.457Z] Jax (SCIENTIST) discovered Rare Minerals in Alpha-1
[2026-05-18T06:25:41.460Z] Nyx (ENGINEER) discovered Ancient Ruins in Alpha-1
[2026-05-18T06:32:11.469Z] Aria (MEDIC) discovered Anomalous Planet in Alpha-1
[2026-05-18T07:16:11.529Z] Luna (COMBAT) discovered Alien Artifact in Alpha-1
[2026-05-18T07:22:41.535Z] Vex (PILOT) discovered Ancient Ruins in Alpha-1
[2026-05-18T07:38:41.575Z] Luna (COMBAT) discovered Nebula Cloud in Alpha-1
[2026-05-18T07:39:41.573Z] Luna (COMBAT) discovered Rare Minerals in Alpha-1
[2026-05-18T07:40:11.580Z] Nyx (ENGINEER) discovered Nebula Cloud in Alpha-1
[2026-05-18T07:49:11.596Z] Luna (COMBAT) discovered Derelict Ship in Alpha-1
[2026-05-18T08:07:41.622Z] Jax (SCIENTIST) discovered Alien Artifact in Alpha-1
[2026-05-18T08:40:11.651Z] Nyx (ENGINEER) discovered Nebula Cloud in Alpha-1
[2026-05-18T08:41:11.652Z] Luna (COMBAT) discovered Hidden Base in Alpha-1
[2026-05-18T08:46:41.662Z] Luna (COMBAT) discovered Ancient Ruins in Alpha-1
[2026-05-18T09:34:11.706Z] Vex (PILOT) discovered Space Anomaly in Alpha-1
[2026-05-18T09:58:41.739Z] Luna (COMBAT) discovered Ancient Ruins in Alpha-1
[2026-05-18T10:04:11.738Z] Vex (PILOT) discovered Alien Artifact in Alpha-1
[2026-05-18T10:18:41.753Z] Nyx (ENGINEER) discovered Alien Artifact in Alpha-1
[2026-05-18T10:27:11.767Z] Jax (SCIENTIST) discovered Nebula Cloud in Alpha-1
[2026-05-18T10:27:11.769Z] Luna (COMBAT) discovered Derelict Ship in Alpha-1
[2026-05-18T10:39:41.787Z] Aria (MEDIC) discovered Nebula Cloud in Alpha-1
[2026-05-18T10:41:41.798Z] Jax (SCIENTIST) discovered Alien Artifact in Alpha-1
[2026-05-18T11:03:11.814Z] Luna (COMBAT) discovered Derelict Ship in Alpha-1
[2026-05-18T11:08:41.822Z] Aria (MEDIC) discovered Hidden Base in Alpha-1
[2026-05-18T11:25:11.847Z] Luna (COMBAT) discovered Ancient Ruins in Alpha-1
[2026-05-18T11:46:11.869Z] Vex (PILOT) discovered Alien Artifact in Alpha-1
[2026-05-18T12:08:41.899Z] Nyx (ENGINEER) discovered Ancient Ruins in Alpha-1
[2026-05-18T12:11:41.902Z] Jax (SCIENTIST) discovered Derelict Ship in Alpha-1
[2026-05-18T12:17:11.903Z] Vex (PILOT) discovered Hidden Base in Alpha-1
[2026-05-18T12:18:41.909Z] Aria (MEDIC) discovered Space Anomaly in Alpha-1
[2026-05-18T12:44:11.959Z] Aria (MEDIC) discovered Unknown Signal in Alpha-1
[2026-05-18T13:06:41.972Z] Nyx (ENGINEER) discovered Derelict Ship in Alpha-1
[2026-05-18T13:12:41.978Z] Jax (SCIENTIST) discovered Anomalous Planet in Alpha-1
[2026-05-18T13:19:41.986Z] Nyx (ENGINEER) discovered Alien Artifact in Alpha-1
[2026-05-18T13:30:11.996Z] Vex (PILOT) discovered Rare Minerals in Alpha-1
[2026-05-18T13:32:12.002Z] Vex (PILOT) discovered Nebula Cloud in Alpha-1
[2026-05-18T14:01:42.050Z] Nyx (ENGINEER) discovered Derelict Ship in Alpha-1
[2026-05-18T14:37:42.087Z] Vex (PILOT) discovered Anomalous Planet in Alpha-1
[2026-05-18T14:43:42.093Z] Aria (MEDIC) discovered Rare Minerals in Alpha-1
[2026-05-18T14:58:12.113Z] Jax (SCIENTIST) discovered Hidden Base in Alpha-1
[2026-05-18T15:24:12.156Z] Jax (SCIENTIST) discovered Rare Minerals in Alpha-1
[2026-05-18T15:32:12.148Z] Nyx (ENGINEER) discovered Alien Artifact in Alpha-1
[2026-05-18T15:36:42.160Z] Luna (COMBAT) discovered Rare Minerals in Alpha-1
[2026-05-18T16:07:12.195Z] Luna (COMBAT) discovered Unknown Signal in Alpha-1
[2026-05-18T16:08:42.198Z] Jax (SCIENTIST) discovered Space Anomaly in Alpha-1
[2026-05-18T16:23:12.219Z] Luna (COMBAT) discovered Derelict Ship in Alpha-1
[2026-05-18T16:40:12.232Z] Jax (SCIENTIST) discovered Alien Artifact in Alpha-1
[2026-05-18T16:40:42.233Z] Aria (MEDIC) discovered Nebula Cloud in Alpha-1
[2026-05-18T16:54:42.252Z] Aria (MEDIC) discovered Rare Minerals in Alpha-1
[2026-05-18T17:08:42.268Z] Aria (MEDIC) discovered Hidden Base in Alpha-1
[2026-05-18T17:19:42.288Z] Jax (SCIENTIST) discovered Hidden Base in Alpha-1
[2026-05-18T17:41:42.325Z] Nyx (ENGINEER) discovered Ancient Ruins in Alpha-1
[2026-05-18T17:45:42.327Z] Nyx (ENGINEER) discovered Ancient Ruins in Alpha-1
[2026-05-18T17:46:12.329Z] Jax (SCIENTIST) discovered Ancient Ruins in Alpha-1
[2026-05-18T17:53:12.345Z] Aria (MEDIC) discovered Unknown Signal in Alpha-1
[2026-05-18T18:23:42.378Z] Jax (SCIENTIST) discovered Nebula Cloud in Alpha-1
[2026-05-18T18:26:42.381Z] Jax (SCIENTIST) discovered Derelict Ship in Alpha-1
[2026-05-18T18:52:12.412Z] Nyx (ENGINEER) discovered Nebula Cloud in Alpha-1
[2026-05-18T18:59:42.418Z] Nyx (ENGINEER) discovered Anomalous Planet in Alpha-1
[2026-05-18T19:06:42.430Z] Aria (MEDIC) discovered Nebula Cloud in Alpha-1
[2026-05-18T19:13:12.430Z] Luna (COMBAT) discovered Alien Artifact in Alpha-1
[2026-05-18T19:14:42.431Z] Vex (PILOT) discovered Space Anomaly in Alpha-1
[2026-05-18T19:29:12.444Z] Jax (SCIENTIST) discovered Hidden Base in Alpha-1
[2026-05-18T19:31:42.454Z] Aria (MEDIC) discovered Space Anomaly in Alpha-1
[2026-05-18T19:45:12.466Z] Vex (PILOT) discovered Ancient Ruins in Alpha-1
[2026-05-18T20:12:12.528Z] Luna (COMBAT) discovered Ancient Ruins in Alpha-1
[2026-05-18T20:12:42.526Z] Vex (PILOT) discovered Anomalous Planet in Alpha-1
[2026-05-18T20:44:12.572Z] Luna (COMBAT) discovered Unknown Signal in Alpha-1
[2026-05-18T20:47:42.569Z] Vex (PILOT) discovered Derelict Ship in Alpha-1
[2026-05-18T20:51:42.573Z] Nyx (ENGINEER) discovered Rare Minerals in Alpha-1
[2026-05-18T20:59:42.584Z] Nyx (ENGINEER) discovered Space Anomaly in Alpha-1
[2026-05-18T21:01:42.588Z] Nyx (ENGINEER) discovered Rare Minerals in Alpha-1
[2026-05-18T21:06:12.596Z] Jax (SCIENTIST) discovered Space Anomaly in Alpha-1
[2026-05-18T21:12:42.594Z] Vex (PILOT) discovered Alien Artifact in Alpha-1
[2026-05-18T21:28:42.614Z] Nyx (ENGINEER) discovered Rare Minerals in Alpha-1
[2026-05-18T21:28:42.624Z] Luna (COMBAT) discovered Ancient Ruins in Alpha-1
[2026-05-18T21:31:42.618Z] Aria (MEDIC) discovered Unknown Signal in Alpha-1
[2026-05-18T21:39:12.640Z] Aria (MEDIC) discovered Space Anomaly in Alpha-1
[2026-05-18T21:53:42.641Z] Nyx (ENGINEER) discovered Derelict Ship in Alpha-1
[2026-05-18T21:55:12.644Z] Luna (COMBAT) discovered Space Anomaly in Alpha-1
[2026-05-18T22:05:12.660Z] Vex (PILOT) discovered Ancient Ruins in Alpha-1
[2026-05-18T22:27:42.702Z] Jax (SCIENTIST) discovered Nebula Cloud in Alpha-1
[2026-05-18T23:00:12.745Z] Nyx (ENGINEER) discovered Derelict Ship in Alpha-1
[2026-05-18T23:09:12.755Z] Nyx (ENGINEER) discovered Rare Minerals in Alpha-1
[2026-05-18T23:19:42.775Z] Luna (COMBAT) discovered Derelict Ship in Alpha-1
[2026-05-18T23:58:42.870Z] Aria (MEDIC) discovered Derelict Ship in Alpha-1
[2026-05-19T00:03:12.878Z] Luna (COMBAT) discovered Nebula Cloud in Alpha-1
[2026-05-19T00:05:12.880Z] Vex (PILOT) discovered Unknown Signal in Alpha-1
[2026-05-19T00:12:12.888Z] Nyx (ENGINEER) discovered Anomalous Planet in Alpha-1
[2026-05-19T00:17:42.898Z] Vex (PILOT) discovered Unknown Signal in Alpha-1
[2026-05-19T00:21:42.905Z] Jax (SCIENTIST) discovered Space Anomaly in Alpha-1
[2026-05-19T00:30:12.911Z] Jax (SCIENTIST) discovered Ancient Ruins in Alpha-1
[2026-05-19T00:31:42.934Z] Nyx (ENGINEER) discovered Space Anomaly in Alpha-1
[2026-05-19T00:53:42.964Z] Aria (MEDIC) discovered Nebula Cloud in Alpha-1
[2026-05-19T01:11:12.996Z] Jax (SCIENTIST) discovered Space Anomaly in Alpha-1
[2026-05-19T01:38:13.110Z] Luna (COMBAT) discovered Derelict Ship in Alpha-1
[2026-05-19T01:41:43.088Z] Luna (COMBAT) discovered Nebula Cloud in Alpha-1
[2026-05-19T01:51:13.138Z] Nyx (ENGINEER) discovered Hidden Base in Alpha-1
[2026-05-19T01:57:43.140Z] Vex (PILOT) discovered Anomalous Planet in Alpha-1
[2026-05-19T02:08:13.212Z] Aria (MEDIC) discovered Nebula Cloud in Alpha-1
[2026-05-19T02:23:13.289Z] Jax (SCIENTIST) discovered Alien Artifact in Alpha-1
[2026-05-19T02:30:43.332Z] Aria (MEDIC) discovered Anomalous Planet in Alpha-1
[2026-05-19T02:40:13.597Z] Luna (COMBAT) discovered Nebula Cloud in Alpha-1
[2026-05-19T02:42:13.491Z] Aria (MEDIC) discovered Hidden Base in Alpha-1
[2026-05-19T02:50:13.510Z] Luna (COMBAT) discovered Nebula Cloud in Alpha-1
[2026-05-19T02:52:13.511Z] Luna (COMBAT) discovered Ancient Ruins in Alpha-1
[2026-05-19T03:01:43.684Z] Jax (SCIENTIST) discovered Unknown Signal in Alpha-1
[2026-05-19T03:02:13.596Z] Nyx (ENGINEER) discovered Anomalous Planet in Alpha-1
[2026-05-19T03:17:43.802Z] Jax (SCIENTIST) discovered Alien Artifact in Alpha-1
[2026-05-19T03:20:44.087Z] Aria (MEDIC) discovered Nebula Cloud in Alpha-1
[2026-05-19T03:47:44.495Z] Jax (SCIENTIST) discovered Ancient Ruins in Alpha-1
[2026-05-19T03:47:44.498Z] Aria (MEDIC) discovered Unknown Signal in Alpha-1
[2026-05-19T03:53:14.691Z] Vex (PILOT) discovered Derelict Ship in Alpha-1
[2026-05-19T04:02:14.978Z] Luna (COMBAT) discovered Nebula Cloud in Alpha-1
[2026-05-19T04:03:44.886Z] Luna (COMBAT) discovered Space Anomaly in Alpha-1
[2026-05-19T04:11:45.170Z] Jax (SCIENTIST) discovered Unknown Signal in Alpha-1
[2026-05-19T04:19:16.172Z] Luna (COMBAT) discovered Space Anomaly in Alpha-1
[2026-05-19T04:22:16.870Z] Luna (COMBAT) discovered Hidden Base in Alpha-1
[2026-05-19T04:39:51.065Z] Luna (COMBAT) discovered Rare Minerals in Alpha-1
[2026-05-19T04:41:20.368Z] Aria (MEDIC) discovered Rare Minerals in Alpha-1
[2026-05-19T04:45:51.267Z] Aria (MEDIC) discovered Anomalous Planet in Alpha-1
[2026-05-19T04:57:23.965Z] Luna (COMBAT) discovered Anomalous Planet in Alpha-1
[2026-05-19T04:57:53.964Z] Luna (COMBAT) discovered Hidden Base in Alpha-1
[2026-05-19T05:06:24.966Z] Jax (SCIENTIST) discovered Anomalous Planet in Alpha-1
[2026-05-19T05:21:57.974Z] Nyx (ENGINEER) discovered Unknown Signal in Alpha-1
[2026-05-19T05:30:28.871Z] Vex (PILOT) discovered Derelict Ship in Alpha-1
[2026-05-19T05:33:29.472Z] Aria (MEDIC) discovered Rare Minerals in Alpha-1
[2026-05-19T05:43:59.777Z] Aria (MEDIC) discovered Hidden Base in Alpha-1
[2026-05-19T06:04:32.973Z] Nyx (ENGINEER) discovered Alien Artifact in Alpha-1
[2026-05-19T06:06:03.077Z] Luna (COMBAT) discovered Ancient Ruins in Alpha-1
[2026-05-19T06:15:03.974Z] Luna (COMBAT) discovered Space Anomaly in Alpha-1
[2026-05-19T06:16:34.175Z] Aria (MEDIC) discovered Space Anomaly in Alpha-1
[2026-05-19T06:25:05.972Z] Nyx (ENGINEER) discovered Derelict Ship in Alpha-1
[2026-05-19T06:30:36.674Z] Luna (COMBAT) discovered Space Anomaly in Alpha-1
[2026-05-19T06:57:08.672Z] Vex (PILOT) discovered Space Anomaly in Alpha-1
[2026-05-19T07:08:10.977Z] Luna (COMBAT) discovered Derelict Ship in Alpha-1
[2026-05-19T07:09:10.671Z] Vex (PILOT) discovered Ancient Ruins in Alpha-1
[2026-05-19T07:23:13.073Z] Aria (MEDIC) discovered Unknown Signal in Alpha-1
[2026-05-19T07:27:43.374Z] Luna (COMBAT) discovered Alien Artifact in Alpha-1
[2026-05-19T07:50:46.472Z] Nyx (ENGINEER) discovered Unknown Signal in Alpha-1
[2026-05-19T07:50:46.872Z] Luna (COMBAT) discovered Rare Minerals in Alpha-1
[2026-05-19T08:07:18.071Z] Jax (SCIENTIST) discovered Anomalous Planet in Alpha-1
[2026-05-19T08:09:48.471Z] Vex (PILOT) discovered Hidden Base in Alpha-1
[2026-05-19T08:24:22.371Z] Aria (MEDIC) discovered Unknown Signal in Alpha-1
[2026-05-19T09:01:52.938Z] Nyx (ENGINEER) discovered Alien Artifact in Alpha-1
[2026-05-19T09:10:22.937Z] Vex (PILOT) discovered Alien Artifact in Alpha-1
[2026-05-19T09:10:52.942Z] Luna (COMBAT) discovered Derelict Ship in Alpha-1
[2026-05-19T09:14:52.946Z] Nyx (ENGINEER) discovered Derelict Ship in Alpha-1
[2026-05-19T09:22:52.961Z] Aria (MEDIC) discovered Derelict Ship in Alpha-1
[2026-05-19T09:30:22.963Z] Nyx (ENGINEER) discovered Rare Minerals in Alpha-1
[2026-05-19T09:35:52.972Z] Vex (PILOT) discovered Derelict Ship in Alpha-1
[2026-05-19T09:36:52.976Z] Jax (SCIENTIST) discovered Rare Minerals in Alpha-1
[2026-05-19T09:40:22.977Z] Jax (SCIENTIST) discovered Unknown Signal in Alpha-1
[2026-05-19T09:45:52.979Z] Nyx (ENGINEER) discovered Alien Artifact in Alpha-1
[2026-05-19T09:56:22.993Z] Jax (SCIENTIST) discovered Rare Minerals in Alpha-1
[2026-05-19T10:01:22.992Z] Vex (PILOT) discovered Space Anomaly in Alpha-1
[2026-05-19T10:27:53.022Z] Aria (MEDIC) discovered Rare Minerals in Alpha-1
[2026-05-19T10:29:53.025Z] Aria (MEDIC) discovered Ancient Ruins in Alpha-1
[2026-05-19T10:31:53.022Z] Nyx (ENGINEER) discovered Nebula Cloud in Alpha-1
[2026-05-19T10:35:23.023Z] Vex (PILOT) discovered Alien Artifact in Alpha-1
[2026-05-19T10:44:23.041Z] Aria (MEDIC) discovered Unknown Signal in Alpha-1
[2026-05-19T10:45:53.041Z] Jax (SCIENTIST) discovered Hidden Base in Alpha-1
[2026-05-19T10:46:23.039Z] Nyx (ENGINEER) discovered Derelict Ship in Alpha-1
[2026-05-19T11:13:53.060Z] Vex (PILOT) discovered Space Anomaly in Alpha-1
[2026-05-19T11:15:53.061Z] Vex (PILOT) discovered Anomalous Planet in Alpha-1
[2026-05-19T11:17:23.066Z] Luna (COMBAT) discovered Nebula Cloud in Alpha-1
[2026-05-19T11:22:53.071Z] Luna (COMBAT) discovered Alien Artifact in Alpha-1
[2026-05-19T11:23:53.067Z] Vex (PILOT) discovered Hidden Base in Alpha-1
[2026-05-19T11:27:23.071Z] Jax (SCIENTIST) discovered Hidden Base in Alpha-1
[2026-05-19T11:43:53.087Z] Aria (MEDIC) discovered Space Anomaly in Alpha-1
[2026-05-19T11:53:23.094Z] Aria (MEDIC) discovered Rare Minerals in Alpha-1
[2026-05-19T11:58:53.096Z] Nyx (ENGINEER) discovered Unknown Signal in Alpha-1
[2026-05-19T12:09:53.107Z] Luna (COMBAT) discovered Hidden Base in Alpha-1
[2026-05-19T12:15:23.107Z] Vex (PILOT) discovered Space Anomaly in Alpha-1
[2026-05-19T12:21:23.119Z] Jax (SCIENTIST) discovered Hidden Base in Alpha-1
[2026-05-19T12:23:53.120Z] Jax (SCIENTIST) discovered Anomalous Planet in Alpha-1
[2026-05-19T12:25:53.122Z] Aria (MEDIC) discovered Derelict Ship in Alpha-1
[2026-05-19T12:47:53.141Z] Nyx (ENGINEER) discovered Alien Artifact in Alpha-1
[2026-05-19T12:52:53.144Z] Nyx (ENGINEER) discovered Space Anomaly in Alpha-1
[2026-05-19T13:12:23.164Z] Aria (MEDIC) discovered Nebula Cloud in Alpha-1
[2026-05-19T13:19:23.168Z] Luna (COMBAT) discovered Alien Artifact in Alpha-1
[2026-05-19T13:23:23.170Z] Aria (MEDIC) discovered Alien Artifact in Alpha-1
[2026-05-19T13:56:53.193Z] Luna (COMBAT) discovered Derelict Ship in Alpha-1
[2026-05-19T13:59:23.190Z] Vex (PILOT) discovered Nebula Cloud in Alpha-1
[2026-05-19T14:01:53.192Z] Jax (SCIENTIST) discovered Unknown Signal in Alpha-1
[2026-05-19T14:07:23.199Z] Aria (MEDIC) discovered Alien Artifact in Alpha-1
[2026-05-19T14:12:53.206Z] Aria (MEDIC) discovered Hidden Base in Alpha-1
[2026-05-19T14:23:23.208Z] Nyx (ENGINEER) discovered Nebula Cloud in Alpha-1
[2026-05-19T14:35:23.223Z] Luna (COMBAT) discovered Hidden Base in Alpha-1
[2026-05-19T14:46:23.230Z] Jax (SCIENTIST) discovered Nebula Cloud in Alpha-1
[2026-05-19T14:59:23.245Z] Jax (SCIENTIST) discovered Alien Artifact in Alpha-1
[2026-05-19T15:00:53.243Z] Vex (PILOT) discovered Nebula Cloud in Alpha-1
[2026-05-19T15:05:53.252Z] Jax (SCIENTIST) discovered Derelict Ship in Alpha-1
[2026-05-19T15:10:53.255Z] Nyx (ENGINEER) discovered Unknown Signal in Alpha-1
[2026-05-19T15:12:53.257Z] Luna (COMBAT) discovered Unknown Signal in Alpha-1
[2026-05-19T15:19:53.257Z] Vex (PILOT) discovered Hidden Base in Alpha-1
[2026-05-19T15:32:23.273Z] Jax (SCIENTIST) discovered Derelict Ship in Alpha-1
[2026-05-19T15:47:53.290Z] Aria (MEDIC) discovered Alien Artifact in Alpha-1
[2026-05-19T15:49:23.290Z] Jax (SCIENTIST) discovered Alien Artifact in Alpha-1
[2026-05-19T15:52:23.295Z] Aria (MEDIC) discovered Ancient Ruins in Alpha-1
[2026-05-19T16:01:53.302Z] Nyx (ENGINEER) discovered Nebula Cloud in Alpha-1
[2026-05-19T16:06:53.304Z] Vex (PILOT) discovered Nebula Cloud in Alpha-1
[2026-05-19T16:06:53.305Z] Nyx (ENGINEER) discovered Space Anomaly in Alpha-1
[2026-05-19T16:16:53.315Z] Aria (MEDIC) discovered Unknown Signal in Alpha-1
[2026-05-19T16:18:53.316Z] Jax (SCIENTIST) discovered Hidden Base in Alpha-1
[2026-05-19T16:39:23.327Z] Vex (PILOT) discovered Space Anomaly in Alpha-1
[2026-05-19T17:05:53.351Z] Vex (PILOT) discovered Rare Minerals in Alpha-1
[2026-05-19T17:08:23.361Z] Aria (MEDIC) discovered Nebula Cloud in Alpha-1
[2026-05-19T17:20:53.363Z] Nyx (ENGINEER) discovered Hidden Base in Alpha-1
[2026-05-19T17:20:53.366Z] Luna (COMBAT) discovered Anomalous Planet in Alpha-1
[2026-05-19T17:26:23.377Z] Jax (SCIENTIST) discovered Nebula Cloud in Alpha-1
[2026-05-19T17:30:23.378Z] Luna (COMBAT) discovered Ancient Ruins in Alpha-1
[2026-05-19T17:35:53.375Z] Nyx (ENGINEER) discovered Anomalous Planet in Alpha-1
[2026-05-19T17:39:53.374Z] Vex (PILOT) discovered Alien Artifact in Alpha-1
[2026-05-19T17:48:23.386Z] Luna (COMBAT) discovered Rare Minerals in Alpha-1
[2026-05-19T18:06:23.403Z] Aria (MEDIC) discovered Nebula Cloud in Alpha-1
[2026-05-19T18:07:23.396Z] Vex (PILOT) discovered Anomalous Planet in Alpha-1
[2026-05-19T18:18:53.412Z] Luna (COMBAT) discovered Ancient Ruins in Alpha-1
[2026-05-19T18:19:53.406Z] Vex (PILOT) discovered Ancient Ruins in Alpha-1
[2026-05-19T18:26:53.413Z] Nyx (ENGINEER) discovered Hidden Base in Alpha-1
[2026-05-19T18:36:53.420Z] Nyx (ENGINEER) discovered Anomalous Planet in Alpha-1
[2026-05-19T18:40:23.418Z] Vex (PILOT) discovered Ancient Ruins in Alpha-1
[2026-05-19T18:42:53.423Z] Nyx (ENGINEER) discovered Hidden Base in Alpha-1
[2026-05-19T18:45:23.426Z] Aria (MEDIC) discovered Space Anomaly in Alpha-1
[2026-05-19T18:47:53.428Z] Jax (SCIENTIST) discovered Space Anomaly in Alpha-1
[2026-05-19T18:48:23.438Z] Jax (SCIENTIST) discovered Rare Minerals in Alpha-1
[2026-05-19T19:07:53.461Z] Aria (MEDIC) discovered Nebula Cloud in Alpha-1
[2026-05-19T19:14:53.460Z] Vex (PILOT) discovered Ancient Ruins in Alpha-1
[2026-05-19T19:30:53.495Z] Nyx (ENGINEER) discovered Derelict Ship in Alpha-1
[2026-05-19T19:40:23.513Z] Vex (PILOT) discovered Nebula Cloud in Alpha-1
[2026-05-19T19:55:53.530Z] Nyx (ENGINEER) discovered Anomalous Planet in Alpha-1
[2026-05-19T19:57:23.531Z] Vex (PILOT) discovered Rare Minerals in Alpha-1
[2026-05-19T20:14:23.567Z] Jax (SCIENTIST) discovered Nebula Cloud in Alpha-1
[2026-05-19T20:17:23.565Z] Nyx (ENGINEER) discovered Anomalous Planet in Alpha-1
[2026-05-19T20:38:53.599Z] Jax (SCIENTIST) discovered Ancient Ruins in Alpha-1
[2026-05-19T20:39:23.598Z] Nyx (ENGINEER) discovered Hidden Base in Alpha-1
[2026-05-19T21:38:23.661Z] Vex (PILOT) discovered Anomalous Planet in Alpha-1
[2026-05-19T21:39:53.677Z] Aria (MEDIC) discovered Rare Minerals in Alpha-1
[2026-05-19T22:19:53.714Z] Aria (MEDIC) discovered Derelict Ship in Alpha-1
[2026-05-19T22:29:23.727Z] Luna (COMBAT) discovered Anomalous Planet in Alpha-1
[2026-05-19T23:33:53.796Z] Nyx (ENGINEER) discovered Alien Artifact in Alpha-1
[2026-05-19T23:45:53.823Z] Luna (COMBAT) discovered Rare Minerals in Alpha-1
[2026-05-19T23:56:53.837Z] Jax (SCIENTIST) discovered Hidden Base in Alpha-1
[2026-05-20T00:04:23.869Z] Luna (COMBAT) discovered Ancient Ruins in Alpha-1
[2026-05-20T00:12:53.877Z] Vex (PILOT) discovered Rare Minerals in Alpha-1
[2026-05-20T00:14:23.881Z] Jax (SCIENTIST) discovered Derelict Ship in Alpha-1
[2026-05-20T00:14:53.890Z] Aria (MEDIC) discovered Nebula Cloud in Alpha-1
[2026-05-20T00:16:23.881Z] Vex (PILOT) discovered Nebula Cloud in Alpha-1
[2026-05-20T00:30:53.906Z] Jax (SCIENTIST) discovered Unknown Signal in Alpha-1
[2026-05-20T00:56:53.938Z] Vex (PILOT) discovered Unknown Signal in Alpha-1
[2026-05-20T01:16:53.965Z] Aria (MEDIC) discovered Nebula Cloud in Alpha-1
[2026-05-20T01:24:23.970Z] Vex (PILOT) discovered Ancient Ruins in Alpha-1
[2026-05-20T01:44:54.012Z] Jax (SCIENTIST) discovered Alien Artifact in Alpha-1
[2026-05-20T01:53:54.017Z] Aria (MEDIC) discovered Unknown Signal in Alpha-1
[2026-05-20T01:57:54.017Z] Jax (SCIENTIST) discovered Derelict Ship in Alpha-1
[2026-05-20T02:02:24.018Z] Vex (PILOT) discovered Alien Artifact in Alpha-1
[2026-05-20T02:05:24.030Z] Jax (SCIENTIST) discovered Alien Artifact in Alpha-1
[2026-05-20T02:07:54.034Z] Aria (MEDIC) discovered Alien Artifact in Alpha-1
[2026-05-20T02:10:24.038Z] Luna (COMBAT) discovered Anomalous Planet in Alpha-1
[2026-05-20T02:10:54.031Z] Vex (PILOT) discovered Hidden Base in Alpha-1
[2026-05-20T02:20:54.043Z] Vex (PILOT) discovered Nebula Cloud in Alpha-1
[2026-05-20T02:21:24.049Z] Luna (COMBAT) discovered Anomalous Planet in Alpha-1
[2026-05-20T02:22:54.044Z] Vex (PILOT) discovered Alien Artifact in Alpha-1
[2026-05-20T02:32:24.076Z] Aria (MEDIC) discovered Space Anomaly in Alpha-1
[2026-05-20T03:01:24.142Z] Luna (COMBAT) discovered Nebula Cloud in Alpha-1
[2026-05-20T03:26:24.164Z] Nyx (ENGINEER) discovered Anomalous Planet in Alpha-1
[2026-05-20T03:28:54.185Z] Aria (MEDIC) discovered Nebula Cloud in Alpha-1
[2026-05-20T03:29:54.167Z] Nyx (ENGINEER) discovered Ancient Ruins in Alpha-1
[2026-05-20T03:50:24.179Z] Vex (PILOT) discovered Hidden Base in Alpha-1
[2026-05-20T03:50:54.205Z] Luna (COMBAT) discovered Nebula Cloud in Alpha-1
[2026-05-20T04:11:24.205Z] Nyx (ENGINEER) discovered Alien Artifact in Alpha-1
[2026-05-20T04:15:54.214Z] Nyx (ENGINEER) discovered Space Anomaly in Alpha-1
[2026-05-20T04:19:54.217Z] Nyx (ENGINEER) discovered Derelict Ship in Alpha-1
[2026-05-20T04:25:24.228Z] Luna (COMBAT) discovered Rare Minerals in Alpha-1
[2026-05-20T04:33:24.241Z] Jax (SCIENTIST) discovered Rare Minerals in Alpha-1
[2026-05-20T04:35:24.243Z] Nyx (ENGINEER) discovered Anomalous Planet in Alpha-1
[2026-05-20T04:41:54.266Z] Luna (COMBAT) discovered Rare Minerals in Alpha-1
[2026-05-20T04:45:54.264Z] Vex (PILOT) discovered Ancient Ruins in Alpha-1
[2026-05-20T05:01:24.291Z] Vex (PILOT) discovered Unknown Signal in Alpha-1
[2026-05-20T05:03:54.302Z] Aria (MEDIC) discovered Nebula Cloud in Alpha-1
[2026-05-20T05:06:24.303Z] Nyx (ENGINEER) discovered Ancient Ruins in Alpha-1
[2026-05-20T05:13:54.310Z] Nyx (ENGINEER) discovered Alien Artifact in Alpha-1
[2026-05-20T05:17:54.324Z] Luna (COMBAT) discovered Hidden Base in Alpha-1
[2026-05-20T05:46:24.366Z] Aria (MEDIC) discovered Hidden Base in Alpha-1
[2026-05-20T05:54:24.372Z] Vex (PILOT) discovered Ancient Ruins in Alpha-1
[2026-05-20T06:04:54.387Z] Nyx (ENGINEER) discovered Ancient Ruins in Alpha-1
[2026-05-20T06:13:54.397Z] Luna (COMBAT) discovered Hidden Base in Alpha-1
[2026-05-20T06:21:54.416Z] Jax (SCIENTIST) discovered Ancient Ruins in Alpha-1
[2026-05-20T06:36:24.423Z] Nyx (ENGINEER) discovered Nebula Cloud in Alpha-1
[2026-05-20T06:36:54.426Z] Nyx (ENGINEER) discovered Anomalous Planet in Alpha-1
[2026-05-20T06:39:24.425Z] Vex (PILOT) discovered Alien Artifact in Alpha-1
[2026-05-20T06:40:24.429Z] Jax (SCIENTIST) discovered Space Anomaly in Alpha-1
[2026-05-20T06:53:54.450Z] Nyx (ENGINEER) discovered Derelict Ship in Alpha-1
[2026-05-20T07:11:24.486Z] Aria (MEDIC) discovered Space Anomaly in Alpha-1
[2026-05-20T07:12:24.499Z] Luna (COMBAT) discovered Alien Artifact in Alpha-1
[2026-05-20T07:17:24.494Z] Luna (COMBAT) discovered Derelict Ship in Alpha-1
[2026-05-20T07:24:24.507Z] Jax (SCIENTIST) discovered Nebula Cloud in Alpha-1
[2026-05-20T07:34:24.514Z] Aria (MEDIC) discovered Nebula Cloud in Alpha-1
[2026-05-20T07:48:24.533Z] Jax (SCIENTIST) discovered Ancient Ruins in Alpha-1
[2026-05-20T08:15:54.586Z] Luna (COMBAT) discovered Alien Artifact in Alpha-1
[2026-05-20T08:17:54.577Z] Vex (PILOT) discovered Derelict Ship in Alpha-1
[2026-05-20T08:24:54.588Z] Vex (PILOT) discovered Unknown Signal in Alpha-1
[2026-05-20T08:40:54.616Z] Vex (PILOT) discovered Ancient Ruins in Alpha-1
[2026-05-20T08:43:24.627Z] Jax (SCIENTIST) discovered Anomalous Planet in Alpha-1
[2026-05-20T08:46:24.633Z] Nyx (ENGINEER) discovered Rare Minerals in Alpha-1
[2026-05-20T08:49:24.635Z] Nyx (ENGINEER) discovered Anomalous Planet in Alpha-1
[2026-05-20T08:53:24.637Z] Nyx (ENGINEER) discovered Anomalous Planet in Alpha-1
[2026-05-20T09:00:24.656Z] Aria (MEDIC) discovered Derelict Ship in Alpha-1
[2026-05-20T09:22:24.675Z] Jax (SCIENTIST) discovered Anomalous Planet in Alpha-1
[2026-05-20T09:25:54.677Z] Aria (MEDIC) discovered Hidden Base in Alpha-1
[2026-05-20T09:26:24.677Z] Jax (SCIENTIST) discovered Derelict Ship in Alpha-1
[2026-05-20T09:38:54.683Z] Jax (SCIENTIST) discovered Anomalous Planet in Alpha-1
[2026-05-20T09:46:24.709Z] Vex (PILOT) discovered Derelict Ship in Alpha-1
[2026-05-20T09:56:24.725Z] Jax (SCIENTIST) discovered Space Anomaly in Alpha-1
[2026-05-20T09:57:54.722Z] Jax (SCIENTIST) discovered Anomalous Planet in Alpha-1
[2026-05-20T09:58:54.723Z] Nyx (ENGINEER) discovered Ancient Ruins in Alpha-1
[2026-05-20T10:03:54.729Z] Aria (MEDIC) discovered Derelict Ship in Alpha-1
[2026-05-20T10:21:24.772Z] Luna (COMBAT) discovered Unknown Signal in Alpha-1
[2026-05-20T10:47:54.792Z] Nyx (ENGINEER) discovered Derelict Ship in Alpha-1
[2026-05-20T10:50:54.815Z] Luna (COMBAT) discovered Ancient Ruins in Alpha-1
[2026-05-20T10:59:54.817Z] Vex (PILOT) discovered Derelict Ship in Alpha-1
[2026-05-20T11:00:54.822Z] Nyx (ENGINEER) discovered Alien Artifact in Alpha-1
[2026-05-20T11:02:54.832Z] Jax (SCIENTIST) discovered Rare Minerals in Alpha-1
[2026-05-20T11:08:54.839Z] Aria (MEDIC) discovered Alien Artifact in Alpha-1
[2026-05-20T11:25:54.862Z] Luna (COMBAT) discovered Anomalous Planet in Alpha-1
[2026-05-20T12:13:54.913Z] Nyx (ENGINEER) discovered Anomalous Planet in Alpha-1
[2026-05-20T12:16:54.917Z] Jax (SCIENTIST) discovered Unknown Signal in Alpha-1
[2026-05-20T12:17:54.916Z] Jax (SCIENTIST) discovered Ancient Ruins in Alpha-1
[2026-05-20T12:27:54.942Z] Jax (SCIENTIST) discovered Ancient Ruins in Alpha-1
[2026-05-20T12:36:54.951Z] Nyx (ENGINEER) discovered Unknown Signal in Alpha-1
[2026-05-20T12:41:54.976Z] Luna (COMBAT) discovered Derelict Ship in Alpha-1
[2026-05-20T12:41:54.981Z] Aria (MEDIC) discovered Nebula Cloud in Alpha-1
[2026-05-20T12:56:54.987Z] Nyx (ENGINEER) discovered Rare Minerals in Alpha-1
[2026-05-20T13:05:54.996Z] Jax (SCIENTIST) discovered Nebula Cloud in Alpha-1
[2026-05-20T13:36:55.024Z] Aria (MEDIC) discovered Anomalous Planet in Alpha-1
[2026-05-20T13:41:25.024Z] Nyx (ENGINEER) discovered Derelict Ship in Alpha-1
[2026-05-20T13:49:55.062Z] Vex (PILOT) discovered Ancient Ruins in Alpha-1
[2026-05-20T13:50:25.067Z] Jax (SCIENTIST) discovered Unknown Signal in Alpha-1
[2026-05-20T13:51:25.063Z] Nyx (ENGINEER) discovered Alien Artifact in Alpha-1
[2026-05-20T13:53:55.063Z] Vex (PILOT) discovered Unknown Signal in Alpha-1
[2026-05-20T14:07:55.081Z] Jax (SCIENTIST) discovered Anomalous Planet in Alpha-1
[2026-05-20T14:07:55.083Z] Luna (COMBAT) discovered Space Anomaly in Alpha-1
[2026-05-20T14:35:25.115Z] Vex (PILOT) discovered Anomalous Planet in Alpha-1
[2026-05-20T14:59:25.144Z] Nyx (ENGINEER) discovered Space Anomaly in Alpha-1
[2026-05-20T15:00:25.145Z] Vex (PILOT) discovered Hidden Base in Alpha-1
[2026-05-20T15:15:55.177Z] Aria (MEDIC) discovered Nebula Cloud in Alpha-1
[2026-05-20T15:21:25.177Z] Vex (PILOT) discovered Anomalous Planet in Alpha-1
[2026-05-20T15:33:25.202Z] Luna (COMBAT) discovered Space Anomaly in Alpha-1
[2026-05-20T15:42:25.215Z] Nyx (ENGINEER) discovered Derelict Ship in Alpha-1
[2026-05-20T15:46:25.216Z] Nyx (ENGINEER) discovered Alien Artifact in Alpha-1
[2026-05-20T15:48:25.219Z] Nyx (ENGINEER) discovered Derelict Ship in Alpha-1
[2026-05-20T15:51:25.218Z] Vex (PILOT) discovered Nebula Cloud in Alpha-1
[2026-05-20T15:54:25.226Z] Jax (SCIENTIST) discovered Hidden Base in Alpha-1
[2026-05-20T16:12:25.272Z] Aria (MEDIC) discovered Space Anomaly in Alpha-1
[2026-05-20T16:30:55.301Z] Luna (COMBAT) discovered Anomalous Planet in Alpha-1
[2026-05-20T16:44:25.329Z] Luna (COMBAT) discovered Alien Artifact in Alpha-1
[2026-05-20T16:46:55.333Z] Aria (MEDIC) discovered Rare Minerals in Alpha-1
[2026-05-20T17:05:25.366Z] Jax (SCIENTIST) discovered Rare Minerals in Alpha-1
[2026-05-20T17:42:55.422Z] Nyx (ENGINEER) discovered Hidden Base in Alpha-1
[2026-05-20T17:50:25.431Z] Luna (COMBAT) discovered Space Anomaly in Alpha-1
[2026-05-20T18:04:25.468Z] Luna (COMBAT) discovered Nebula Cloud in Alpha-1
[2026-05-20T18:14:25.474Z] Vex (PILOT) discovered Derelict Ship in Alpha-1
[2026-05-20T18:37:55.502Z] Vex (PILOT) discovered Alien Artifact in Alpha-1
[2026-05-20T18:45:25.516Z] Jax (SCIENTIST) discovered Nebula Cloud in Alpha-1
[2026-05-20T18:55:55.534Z] Luna (COMBAT) discovered Nebula Cloud in Alpha-1
[2026-05-20T18:57:55.550Z] Luna (COMBAT) discovered Space Anomaly in Alpha-1
[2026-05-20T18:57:55.570Z] Aria (MEDIC) discovered Rare Minerals in Alpha-1
[2026-05-20T19:06:25.567Z] Aria (MEDIC) discovered Rare Minerals in Alpha-1
[2026-05-20T19:15:25.576Z] Aria (MEDIC) discovered Alien Artifact in Alpha-1
[2026-05-20T19:42:55.629Z] Jax (SCIENTIST) discovered Hidden Base in Alpha-1
[2026-05-20T19:48:55.648Z] Luna (COMBAT) discovered Anomalous Planet in Alpha-1
[2026-05-20T20:00:55.661Z] Vex (PILOT) discovered Hidden Base in Alpha-1
[2026-05-20T20:14:25.693Z] Aria (MEDIC) discovered Unknown Signal in Alpha-1
[2026-05-20T20:27:55.710Z] Nyx (ENGINEER) discovered Rare Minerals in Alpha-1
[2026-05-20T20:29:25.712Z] Nyx (ENGINEER) discovered Anomalous Planet in Alpha-1
[2026-05-20T20:40:25.719Z] Jax (SCIENTIST) discovered Rare Minerals in Alpha-1
