2026-03-16 05:58:48,480 - INFO - Enriching: Monaghan's on the Hill
2026-03-16 05:58:48,481 - INFO - Enriching: Zachary's Chicago Pizza
2026-03-16 05:58:48,481 - INFO - Enriching: Oakland Grill
2026-03-16 05:59:01,392 - INFO - Enriching: Monaghan's on the Hill
2026-03-16 05:59:01,393 - INFO - Enriching: Zachary's Chicago Pizza
2026-03-16 05:59:01,393 - INFO - Enriching: Oakland Grill
2026-03-16 05:59:01,393 - INFO - Enriching: Oakland Fight Camp
2026-03-16 05:59:01,393 - INFO - Enriching: Daytrip Counter
2026-03-16 05:59:01,393 - INFO - Enriching: Oakland Draft House
2026-03-16 05:59:01,394 - INFO - Enriching: Mama Oakland
2026-03-16 05:59:01,394 - INFO - Enriching: Oakland Street Food Co.
2026-03-16 05:59:01,394 - INFO - Enriching: Saucy Oakland
2026-03-16 05:59:01,394 - INFO - Enriching: Yoshi's Oakland
2026-03-16 05:59:01,394 - INFO - Enriching: Oakland Cafe
2026-03-16 05:59:01,394 - INFO - Enriching: Popoca Oakland
2026-03-16 05:59:01,394 - INFO - Enriching: Taqueria Los Comales
2026-03-16 05:59:01,394 - INFO - Enriching: Taqueria el Cruzero
2026-03-16 05:59:01,394 - INFO - Enriching: Taqueria El Paisa
2026-03-16 05:59:01,394 - INFO - Enriching: Uarhi Taqueria
2026-03-16 05:59:01,395 - INFO - Enriching: Los Cantaros Restaurant And Taqueria
2026-03-16 05:59:01,395 - INFO - Enriching: Taqueria Las Comadres
2026-03-16 05:59:01,395 - INFO - Enriching: Xolo Taqueria
2026-03-16 05:59:01,398 - INFO - Enriching: Taqueria El Zocalo
2026-03-16 05:59:01,399 - INFO - Enriching: Taqueria Barajitas Taco Truck
2026-03-16 05:59:01,399 - INFO - Enriching: Taqueria El Farolito
2026-03-16 05:59:01,400 - INFO - Enriching: Taqueria El Tio Juan
2026-03-16 05:59:01,400 - INFO - Enriching: Taqueria El Grullo
2026-03-16 05:59:01,400 - INFO - Enriching: Taqueria Los Altos
2026-03-16 05:59:01,400 - INFO - Enriching: El Asadero Taqueria
2026-03-16 05:59:01,400 - INFO - Enriching: Taqueria 16 De Septiembre
2026-03-16 05:59:01,400 - INFO - Enriching: Proyecto Diaz Coffee Oakland Cafe
2026-03-16 05:59:01,400 - INFO - Enriching: Oakland Coffee Shop
2026-03-16 05:59:01,400 - INFO - Enriching: Oakland United Beerworks
2026-03-16 05:59:01,400 - INFO - Enriching: Sante Adairius Rustic Ales: Oakland Arbor
2026-03-16 05:59:01,401 - INFO - Enriching: Hansen Good Coffee
2026-03-16 05:59:01,401 - INFO - Enriching: Peerless Coffee and Tea Espresso and Shop
2026-03-16 05:59:01,402 - INFO - Enriching: Peerless Coffee and Tea
2026-03-16 05:59:01,403 - INFO - Enriching: Oaklandish Coffee Collective
2026-03-16 05:59:01,403 - INFO - Enriching: Peet's Coffee
2026-03-16 05:59:01,403 - INFO - Enriching: Blue Bottle Coffee Roasting
2026-03-16 05:59:01,403 - INFO - Enriching: Timeless Coffee
2026-03-16 05:59:01,403 - INFO - Enriching: Thornhill Coffee House
2026-03-16 05:59:01,404 - INFO - Enriching: Asia Coffee Shop
2026-03-16 05:59:01,404 - INFO - Enriching: Highwire Coffee
2026-03-16 05:59:01,404 - INFO - Enriching: Sequoia Diner
2026-03-16 05:59:01,404 - INFO - Enriching: Black Bear Diner
2026-03-16 05:59:01,404 - INFO - Enriching: Leo's Diner
2026-03-16 05:59:01,404 - INFO - Enriching: Lakeside Smoke Shop
2026-03-16 05:59:01,404 - INFO - Enriching: 510 Smoke & Head Shop
2026-03-16 05:59:01,404 - INFO - Enriching: Golden State Smoke Shop
2026-03-16 05:59:01,404 - INFO - Enriching: Gifts & Smoke Shop
2026-03-16 05:59:01,405 - INFO - Enriching: Smoke & Glass Gift Shop
2026-03-16 05:59:01,405 - INFO - Enriching: Fruitvale Smoke and Gift Shop
2026-03-16 05:59:01,405 - INFO - Enriching: Mini Mart
2026-03-16 05:59:01,406 - INFO - Enriching: Berkeley Pizza
2026-03-16 05:59:01,407 - INFO - Enriching: Tigerlily Berkeley
2026-03-16 05:59:01,407 - INFO - Enriching: The Berkeley Boathouse
2026-03-16 05:59:01,407 - INFO - Enriching: Burma Berkeley
2026-03-16 05:59:01,407 - INFO - Enriching: Berkeley Social Club
2026-03-16 05:59:01,408 - INFO - Enriching: PRAAW (พราว) Thai Berkeley
2026-03-16 05:59:01,409 - INFO - Enriching: Zachary's Chicago Pizza
2026-03-16 05:59:01,409 - INFO - Enriching: Taqueria Montecristo
2026-03-16 05:59:01,409 - INFO - Enriching: Cactus Taqueria
2026-03-16 05:59:01,409 - INFO - Enriching: University Taqueria
2026-03-16 05:59:01,409 - INFO - Enriching: Taqueria food truck
2026-03-16 05:59:01,410 - INFO - Enriching: Gordo Taqueria
2026-03-16 05:59:01,410 - INFO - Enriching: Mexicana Taqueria
2026-03-16 05:59:01,410 - INFO - Enriching: Sol Taqueria
2026-03-16 05:59:01,410 - INFO - Enriching: Las Cabanas
2026-03-16 05:59:01,410 - INFO - Enriching: Talavera Mexican Grill
2026-03-16 05:59:01,410 - INFO - Enriching: Berkeley Espresso
2026-03-16 05:59:01,410 - INFO - Enriching: The Coffee Lab
2026-03-16 05:59:01,410 - INFO - Enriching: Peet's Coffee
2026-03-16 05:59:01,410 - INFO - Enriching: Philz Coffee
2026-03-16 05:59:01,410 - INFO - Enriching: Royal Ground Coffee
2026-03-16 05:59:01,410 - INFO - Enriching: CoRo Coffee Room
2026-03-16 05:59:01,411 - INFO - Enriching: Roaming Bean Coffee
2026-03-16 05:59:01,411 - INFO - Enriching: Coffee Hut
2026-03-16 05:59:01,411 - INFO - Enriching: Jaffa Coffee Roasters
2026-03-16 05:59:01,411 - INFO - Enriching: Cafenated Coffee Co.
2026-03-16 05:59:01,412 - INFO - Enriching: Bellweather Coffee
2026-03-16 05:59:01,413 - INFO - Enriching: Coffee x Bread
2026-03-16 05:59:01,414 - INFO - Enriching: 1951 Coffee Company
2026-03-16 05:59:01,414 - INFO - Enriching: CoRo Coffee Roastery
2026-03-16 05:59:01,414 - INFO - Enriching: Oceanview Diner
2026-03-16 05:59:01,414 - INFO - Enriching: Golden Bear Smoke Shop
2026-03-16 05:59:01,414 - INFO - Enriching: Puff n Go Smoke Shop
2026-03-16 05:59:01,414 - INFO - Enriching: A & A Mini Mart
2026-03-16 05:59:01,415 - INFO - Enriching: One Stop Mini Mart
2026-03-16 05:59:01,415 - INFO - Enriching: Wireless & Mini Mart
2026-03-16 05:59:01,415 - INFO - Enriching: Fremont Kabob
2026-03-16 05:59:01,416 - INFO - Enriching: Shang Cafe Fremont
2026-03-16 05:59:01,416 - INFO - Enriching: Din Ding Dumpling House Fremont
2026-03-16 05:59:01,416 - INFO - Enriching: Curry Pizza House Fremont Blvd
2026-03-16 05:59:01,416 - INFO - Enriching: RĀW Superfood Café | Fremont
2026-03-16 05:59:01,416 - INFO - Enriching: The Fremont Diner
2026-03-16 05:59:01,417 - INFO - Enriching: TAQUERIA Super Taco
2026-03-16 05:59:01,417 - INFO - Enriching: Taqueria Zapata
2026-03-16 05:59:01,417 - INFO - Enriching: Fremont Presbyterian Coffee Bar
2026-03-16 05:59:01,417 - INFO - Enriching: Renegade By: Devout Coffee
2026-03-16 05:59:01,417 - INFO - Enriching: Suju's Coffee
2026-03-16 05:59:01,417 - INFO - Enriching: Philz Coffee
2026-03-16 05:59:01,417 - INFO - Enriching: Peet's Coffee
2026-03-16 05:59:01,418 - INFO - Enriching: Suju's Coffee & Tea
2026-03-16 05:59:01,418 - INFO - Enriching: Stardust Coffee House
2026-03-16 05:59:01,419 - INFO - Enriching: Voca Coffee
2026-03-16 05:59:01,420 - INFO - Enriching: Devout Coffee
2026-03-16 05:59:01,420 - INFO - Enriching: Dash Coffee and Bakery
2026-03-16 05:59:01,421 - INFO - Enriching: Black Bear Diner
2026-03-16 05:59:01,421 - INFO - Enriching: Wonder Land Smoke Shop
2026-03-16 05:59:01,421 - INFO - Enriching: Rocky Smoke Shop
2026-03-16 05:59:01,421 - INFO - Enriching: Bodega Court
2026-03-16 05:59:01,421 - INFO - Enriching: Favorite Indian Restaurant
2026-03-16 05:59:01,421 - INFO - Enriching: Frannie's Restaurant
2026-03-16 05:59:01,421 - INFO - Enriching: Blue Ginger Indian Restaurant
2026-03-16 05:59:01,421 - INFO - Enriching: Hayward City Pho
2026-03-16 05:59:01,421 - INFO - Enriching: Jack's Restaurant
2026-03-16 05:59:01,422 - INFO - Enriching: Heidi's Pies Family Restaurant
2026-03-16 05:59:01,422 - INFO - Enriching: Taqueria El Mezca
2026-03-16 05:59:01,422 - INFO - Enriching: Taqueria Los Pericos
2026-03-16 05:59:01,423 - INFO - Enriching: Taqueria El Jarocho 2
2026-03-16 05:59:01,424 - INFO - Enriching: Sivan's Cafe
2026-03-16 05:59:01,424 - INFO - Enriching: The Early Bird Coffee
2026-03-16 05:59:01,424 - INFO - Enriching: Peet's Coffee
2026-03-16 05:59:01,424 - INFO - Enriching: Eon Coffee
2026-03-16 05:59:01,424 - INFO - Enriching: AJ's Coffee
2026-03-16 05:59:01,424 - INFO - Enriching: Black Bear Diner
2026-03-16 05:59:01,424 - INFO - Enriching: Smokey's Smoke Shop / Vape Shop & Gifts
2026-03-16 05:59:01,425 - INFO - Enriching: Bodega Street
2026-03-16 05:59:01,425 - INFO - Enriching: East Bay Restaurant Supply Store
2026-03-16 05:59:01,428 - INFO - Enriching: Guadalajara Restaurant & Tequila Bar
2026-03-16 05:59:01,428 - INFO - Enriching: LY-Luck Restaurant
2026-03-16 05:59:01,428 - INFO - Enriching: Los Olivos Restaurant
2026-03-16 05:59:01,429 - INFO - Enriching: Hunan Village Restaurant
2026-03-16 05:59:01,429 - INFO - Enriching: MLK Restaurant & Full Bar
2026-03-16 05:59:01,429 - INFO - Enriching: Fountain Garden Seafood Restaurant
2026-03-16 05:59:01,429 - INFO - Enriching: Thanh Ky Restaurant
2026-03-16 05:59:01,429 - INFO - Enriching: Big Daddy's Chinese Restaurant
2026-03-16 05:59:01,429 - INFO - Enriching: Tay Ho Restaurant
2026-03-16 05:59:01,429 - INFO - Enriching: Flower Lounge Restaurant
2026-03-16 05:59:01,429 - INFO - Enriching: Pacific Lighthouse Restaurant
2026-03-16 05:59:01,429 - INFO - Enriching: Chanco Housewares and Restaurant Supply
2026-03-16 05:59:01,429 - INFO - Enriching: Messob Ethiopian Restaurant
2026-03-16 05:59:01,430 - INFO - Enriching: ROC the Bay: Restaurant Opportunities Center Bay Area
2026-03-16 05:59:01,430 - INFO - Enriching: Taqueria Los Comales
2026-03-16 05:59:01,430 - INFO - Enriching: Taqueria el Cruzero
2026-03-16 05:59:01,432 - INFO - Enriching: Taqueria 16 De Septiembre
2026-03-16 05:59:01,432 - INFO - Enriching: Taqueria El Grullo
2026-03-16 05:59:01,432 - INFO - Enriching: Taqueria Los Altos
2026-03-16 05:59:01,432 - INFO - Enriching: Maya Halal Taqueria
2026-03-16 05:59:01,432 - INFO - Enriching: Taqueria El Paisa
2026-03-16 05:59:01,432 - INFO - Enriching: Taqueria El Farolito
2026-03-16 05:59:01,433 - INFO - Enriching: Taqueria San Jose
2026-03-16 05:59:01,433 - INFO - Enriching: Taqueria Reynoso
2026-03-16 05:59:01,433 - INFO - Enriching: El Asadero Taqueria
2026-03-16 05:59:01,433 - INFO - Enriching: Xolo Taqueria
2026-03-16 05:59:01,433 - INFO - Enriching: Uarhi Taqueria
2026-03-16 05:59:01,433 - INFO - Enriching: Taqueria El Zocalo
2026-03-16 05:59:01,433 - INFO - Enriching: Taqueria Barajitas Taco Truck
2026-03-16 05:59:01,433 - INFO - Enriching: Cafe
2026-03-16 05:59:01,434 - INFO - Enriching: Coffee Berry Trail
2026-03-16 05:59:01,434 - INFO - Enriching: Red Bay Coffee International Headquarters
2026-03-16 05:59:01,435 - INFO - Enriching: Burlap Coffee
2026-03-16 05:59:01,436 - INFO - Enriching: Modern Coffee
2026-03-16 05:59:01,436 - INFO - Enriching: Earthly Coffee
2026-03-16 05:59:01,436 - INFO - Enriching: Luis's Coffee Shop
2026-03-16 05:59:01,436 - INFO - Enriching: Peet's Coffee
2026-03-16 05:59:01,436 - INFO - Enriching: States Coffee
2026-03-16 05:59:01,436 - INFO - Enriching: Highwire Coffee
2026-03-16 05:59:01,436 - INFO - Enriching: Botbar Coffee
2026-03-16 05:59:01,437 - INFO - Enriching: Souvenir Coffee
2026-03-16 05:59:01,437 - INFO - Enriching: Blue Bottle Coffee Roasting
2026-03-16 05:59:01,437 - INFO - Enriching: Asia Coffee Shop
2026-03-16 05:59:01,437 - INFO - Enriching: Timeless Coffee
2026-03-16 05:59:01,437 - INFO - Enriching: Sequoia Diner
2026-03-16 05:59:01,437 - INFO - Enriching: Black Bear Diner
2026-03-16 05:59:01,437 - INFO - Enriching: Leo's Diner
2026-03-16 05:59:01,437 - INFO - Enriching: Oceanview Diner
2026-03-16 05:59:01,437 - INFO - Enriching: Mel's Diner
2026-03-16 05:59:01,437 - INFO - Enriching: Delhi Diner
2026-03-16 05:59:01,439 - INFO - Enriching: Smoke shop
2026-03-16 05:59:01,440 - INFO - Enriching: Bodega Court
2026-03-16 05:59:01,441 - INFO - Enriching: Bodega Street
2026-03-16 05:59:01,441 - INFO - Enriching: Bodega Avenue
2026-03-16 05:59:01,442 - INFO - Enriching: Bodega Way
2026-03-16 05:59:01,442 - INFO - Enriching: Mini Mart
2026-03-16 05:59:01,492 - INFO - Enriching: Jackson Fillmore Trattoria
2026-03-16 05:59:01,494 - INFO - Enriching: Jackson Market and Deli
2026-03-16 05:59:01,494 - INFO - Enriching: Jackson's
2026-03-16 05:59:01,494 - INFO - Enriching: Jackson's Sports Bar and Grill
2026-03-16 05:59:01,494 - INFO - Enriching: Taqueria lá veracruzana
2026-03-16 05:59:01,494 - INFO - Enriching: Jackson's Cafe
2026-03-16 05:59:01,495 - INFO - Enriching: Mel & Feyes Diner
2026-03-16 05:59:01,495 - INFO - Enriching: The Sutter Restaurant
2026-03-16 05:59:01,495 - INFO - Enriching: The Sutter Saloon
2026-03-16 05:59:01,495 - INFO - Enriching: Back Roads Coffee House
2026-03-16 05:59:01,495 - INFO - Enriching: Imperial Hotel Restaurant
2026-03-16 05:59:01,519 - INFO - Enriching: Chico's
2026-03-16 05:59:01,520 - INFO - Enriching: Woodstock's Pizza Chico
2026-03-16 05:59:01,522 - INFO - Enriching: Chico’s Burger
2026-03-16 05:59:01,522 - INFO - Enriching: Taqueria Pinolera
2026-03-16 05:59:01,522 - INFO - Enriching: Habanero’s Taqueria
2026-03-16 05:59:01,522 - INFO - Enriching: Aztlan
2026-03-16 05:59:01,522 - INFO - Enriching: Chico Creek Coffee
2026-03-16 05:59:01,522 - INFO - Enriching: Dutch Bros. Coffee
2026-03-16 05:59:01,523 - INFO - Enriching: Empire Coffee
2026-03-16 05:59:01,523 - INFO - Enriching: Coffee Ranch
2026-03-16 05:59:01,523 - INFO - Enriching: Beatniks Coffee and Breakfast
2026-03-16 05:59:01,523 - INFO - Enriching: Lovebird Coffee
2026-03-16 05:59:01,523 - INFO - Enriching: Cozy Diner
2026-03-16 05:59:01,523 - INFO - Enriching: Black Bear Diner
2026-03-16 05:59:01,523 - INFO - Enriching: Olson House Coffee
2026-03-16 05:59:01,523 - INFO - Enriching: Betty Cakes and Coffee
2026-03-16 05:59:01,523 - INFO - Enriching: Dutch Bros. Coffee
2026-03-16 05:59:01,524 - INFO - Enriching: Paradise
2026-03-16 05:59:01,524 - INFO - Enriching: V's Paradise Restaurant
2026-03-16 05:59:01,525 - INFO - Enriching: Phở Paradise Restaurant
2026-03-16 05:59:01,525 - INFO - Enriching: Kimbap Paradise
2026-03-16 05:59:01,526 - INFO - Enriching: Paradise Biryani Pointe
2026-03-16 05:59:01,526 - INFO - Enriching: Paradise Buffet
2026-03-16 05:59:01,526 - INFO - Enriching: Mo-Mo Paradise
2026-03-16 05:59:01,526 - INFO - Enriching: Sushi Paradise
2026-03-16 05:59:01,526 - INFO - Enriching: Paradise Bowls
2026-03-16 05:59:01,526 - INFO - Enriching: Paradise Cove Beach Cafe
2026-03-16 05:59:01,526 - INFO - Enriching: Café Paradise
2026-03-16 05:59:01,527 - INFO - Enriching: Paradise Mountain Coffee
2026-03-16 05:59:01,527 - INFO - Enriching: Paradise Valley Smoke Shop
2026-03-16 05:59:01,548 - INFO - Enriching: Angels Creek Restaurant
2026-03-16 05:59:01,548 - INFO - Enriching: Pickled Porch Cafe
2026-03-16 05:59:01,549 - INFO - Enriching: Day-O Coffee
2026-03-16 05:59:01,549 - INFO - Enriching: Lemon Tree Bakery & Coffee Shop
2026-03-16 05:59:01,573 - INFO - Enriching: Lumberjack's Restaurant
2026-03-16 05:59:01,577 - INFO - Enriching: Los Charros Taqueria
2026-03-16 05:59:01,578 - INFO - Enriching: Colusa Club
2026-03-16 05:59:01,578 - INFO - Enriching: Wintun Mini Mart
2026-03-16 05:59:01,578 - INFO - Enriching: Wintun Mini Mart Fuel Station
2026-03-16 05:59:01,578 - INFO - Enriching: Williams Chinese Food
2026-03-16 05:59:01,578 - INFO - Enriching: Camp Williams Cafe
2026-03-16 05:59:01,579 - INFO - Enriching: Super Taqueria
2026-03-16 05:59:01,579 - INFO - Enriching: The Creperie Cafe
2026-03-16 05:59:01,579 - INFO - Enriching: Babaloo Cuban Cafe
2026-05-27 18:06:47,173 - INFO - ============================================================
2026-05-27 18:06:47,173 - INFO - Lead Enrichment Pipeline Starting
2026-05-27 18:06:47,173 - INFO - ============================================================
2026-05-27 18:06:47,173 - INFO - Loaded progress: 0 files, 0 leads already processed
2026-05-27 18:06:47,175 - INFO - Found 55 CA county files to process
2026-05-27 18:06:47,175 - INFO - Processing CA_Alameda_County_Leads.xlsx...
2026-05-27 18:07:29,272 - INFO - Enriching: Monaghan's on the Hill
2026-05-27 18:07:29,670 - INFO - Enriching: Zachary's Chicago Pizza
2026-05-27 18:07:29,671 - INFO - Enriching: Oakland Grill
2026-05-27 18:07:29,671 - INFO - Enriching: Oakland Fight Camp
2026-05-27 18:07:29,671 - INFO - Enriching: Daytrip Counter
2026-05-27 18:07:29,671 - INFO - Enriching: Oakland Draft House
2026-05-27 18:07:29,671 - INFO - Enriching: Mama Oakland
2026-05-27 18:07:29,671 - INFO - Enriching: Oakland Street Food Co.
2026-05-27 18:07:29,672 - INFO - Enriching: Saucy Oakland
2026-05-27 18:07:29,672 - INFO - Enriching: Yoshi's Oakland
2026-05-27 18:07:29,673 - INFO - Enriching: Oakland Cafe
2026-05-27 18:07:29,673 - INFO - Enriching: Popoca Oakland
2026-05-27 18:07:29,673 - INFO - Enriching: Taqueria Los Comales
2026-05-27 18:07:29,673 - INFO - Enriching: Taqueria el Cruzero
2026-05-27 18:07:29,674 - INFO - Enriching: Taqueria El Paisa
2026-05-27 18:07:29,674 - INFO - Enriching: Uarhi Taqueria
2026-05-27 18:07:29,674 - INFO - Enriching: Los Cantaros Restaurant And Taqueria
2026-05-27 18:07:29,770 - INFO - Enriching: Taqueria Las Comadres
2026-05-27 18:07:29,870 - INFO - Enriching: Xolo Taqueria
2026-05-27 18:07:29,870 - INFO - Enriching: Taqueria El Zocalo
2026-05-27 18:07:29,871 - INFO - Enriching: Taqueria Barajitas Taco Truck
2026-05-27 18:07:29,871 - INFO - Enriching: Taqueria El Farolito
2026-05-27 18:07:29,872 - INFO - Enriching: Taqueria El Tio Juan
2026-05-27 18:07:29,872 - INFO - Enriching: Taqueria El Grullo
2026-05-27 18:07:29,872 - INFO - Enriching: Taqueria Los Altos
2026-05-27 18:07:29,872 - INFO - Enriching: El Asadero Taqueria
2026-05-27 18:07:29,873 - INFO - Enriching: Taqueria 16 De Septiembre
2026-05-27 18:07:29,873 - INFO - Enriching: Proyecto Diaz Coffee Oakland Cafe
2026-05-27 18:07:29,873 - INFO - Enriching: Oakland Coffee Shop
2026-05-27 18:07:29,873 - INFO - Enriching: Oakland United Beerworks
2026-05-27 18:07:29,972 - INFO - Enriching: Sante Adairius Rustic Ales: Oakland Arbor
2026-05-27 18:07:29,972 - INFO - Enriching: Hansen Good Coffee
2026-05-27 18:07:29,972 - INFO - Enriching: Peerless Coffee and Tea Espresso and Shop
2026-05-27 18:07:29,973 - INFO - Enriching: Peerless Coffee and Tea
2026-05-27 18:07:29,973 - INFO - Enriching: Oaklandish Coffee Collective
2026-05-27 18:07:29,973 - INFO - Enriching: Peet's Coffee
2026-05-27 18:07:30,070 - INFO - Enriching: Blue Bottle Coffee Roasting
2026-05-27 18:07:30,070 - INFO - Enriching: Timeless Coffee
2026-05-27 18:07:30,070 - INFO - Enriching: Thornhill Coffee House
2026-05-27 18:07:30,071 - INFO - Enriching: Asia Coffee Shop
2026-05-27 18:07:30,071 - INFO - Enriching: Highwire Coffee
2026-05-27 18:07:30,071 - INFO - Enriching: Sequoia Diner
2026-05-27 18:07:30,072 - INFO - Enriching: Black Bear Diner
2026-05-27 18:07:30,072 - INFO - Enriching: Leo's Diner
2026-05-27 18:07:30,072 - INFO - Enriching: Lakeside Smoke Shop
2026-05-27 18:07:30,072 - INFO - Enriching: 510 Smoke & Head Shop
2026-05-27 18:07:30,073 - INFO - Enriching: Golden State Smoke Shop
2026-05-27 18:07:30,073 - INFO - Enriching: Gifts & Smoke Shop
2026-05-27 18:07:30,073 - INFO - Enriching: Smoke & Glass Gift Shop
2026-05-27 18:07:30,073 - INFO - Enriching: Fruitvale Smoke and Gift Shop
2026-05-27 18:07:30,170 - INFO - Enriching: Mini Mart
2026-05-27 18:07:30,171 - INFO - Enriching: Berkeley Pizza
2026-05-27 18:07:30,171 - INFO - Enriching: Tigerlily Berkeley
2026-05-27 18:07:30,171 - INFO - Enriching: The Berkeley Boathouse
2026-05-27 18:07:30,171 - INFO - Enriching: Burma Berkeley
2026-05-27 18:07:30,171 - INFO - Enriching: Berkeley Social Club
2026-05-27 18:07:30,172 - INFO - Enriching: PRAAW (พราว) Thai Berkeley
2026-05-27 18:07:30,172 - INFO - Enriching: Taqueria Montecristo
2026-05-27 18:07:30,172 - INFO - Enriching: Cactus Taqueria
2026-05-27 18:07:30,172 - INFO - Enriching: University Taqueria
2026-05-27 18:07:30,270 - INFO - Enriching: Taqueria food truck
2026-05-27 18:07:30,270 - INFO - Enriching: Gordo Taqueria
2026-05-27 18:07:30,271 - INFO - Enriching: Mexicana Taqueria
2026-05-27 18:07:30,271 - INFO - Enriching: Sol Taqueria
2026-05-27 18:07:30,271 - INFO - Enriching: Las Cabanas
2026-05-27 18:07:30,271 - INFO - Enriching: Talavera Mexican Grill
2026-05-27 18:07:30,271 - INFO - Enriching: Berkeley Espresso
2026-05-27 18:07:30,272 - INFO - Enriching: The Coffee Lab
2026-05-27 18:07:30,272 - INFO - Enriching: Philz Coffee
2026-05-27 18:07:30,272 - INFO - Enriching: Royal Ground Coffee
2026-05-27 18:07:30,273 - INFO - Enriching: CoRo Coffee Room
2026-05-27 18:07:30,273 - INFO - Enriching: Roaming Bean Coffee
2026-05-27 18:07:30,273 - INFO - Enriching: Coffee Hut
2026-05-27 18:07:30,273 - INFO - Enriching: Jaffa Coffee Roasters
2026-05-27 18:07:30,274 - INFO - Enriching: Cafenated Coffee Co.
2026-05-27 18:07:30,274 - INFO - Enriching: Bellweather Coffee
2026-05-27 18:07:30,274 - INFO - Enriching: Coffee x Bread
2026-05-27 18:07:30,274 - INFO - Enriching: 1951 Coffee Company
2026-05-27 18:07:30,274 - INFO - Enriching: CoRo Coffee Roastery
2026-05-27 18:07:30,274 - INFO - Enriching: Oceanview Diner
2026-05-27 18:07:30,373 - INFO - Enriching: Golden Bear Smoke Shop
2026-05-27 18:07:30,373 - INFO - Enriching: Puff n Go Smoke Shop
2026-05-27 18:07:30,373 - INFO - Enriching: A & A Mini Mart
2026-05-27 18:07:30,373 - INFO - Enriching: One Stop Mini Mart
2026-05-27 18:07:30,374 - INFO - Enriching: Wireless & Mini Mart
2026-05-27 18:07:30,374 - INFO - Enriching: Fremont Kabob
2026-05-27 18:07:30,374 - INFO - Enriching: Shang Cafe Fremont
2026-05-27 18:07:30,374 - INFO - Enriching: Din Ding Dumpling House Fremont
2026-05-27 18:07:30,374 - INFO - Enriching: Curry Pizza House Fremont Blvd
2026-05-27 18:07:30,375 - INFO - Enriching: RĀW Superfood Café | Fremont
2026-05-27 18:07:30,572 - INFO - Enriching: The Fremont Diner
2026-05-27 18:07:30,872 - INFO - Enriching: TAQUERIA Super Taco
2026-05-27 18:07:30,873 - INFO - Enriching: Taqueria Zapata
2026-05-27 18:07:30,873 - INFO - Enriching: Fremont Presbyterian Coffee Bar
2026-05-27 18:07:30,873 - INFO - Enriching: Renegade By: Devout Coffee
2026-05-27 18:07:30,873 - INFO - Enriching: Suju's Coffee
2026-05-27 18:07:30,873 - INFO - Enriching: Suju's Coffee & Tea
2026-05-27 18:07:30,873 - INFO - Enriching: Stardust Coffee House
2026-05-27 18:07:30,874 - INFO - Enriching: Voca Coffee
2026-05-27 18:07:30,874 - INFO - Enriching: Devout Coffee
2026-05-27 18:07:30,970 - INFO - Enriching: Dash Coffee and Bakery
2026-05-27 18:07:30,971 - INFO - Enriching: Wonder Land Smoke Shop
2026-05-27 18:07:30,971 - INFO - Enriching: Rocky Smoke Shop
2026-05-27 18:07:30,971 - INFO - Enriching: Bodega Court
2026-05-27 18:07:30,971 - INFO - Enriching: Favorite Indian Restaurant
2026-05-27 18:07:30,972 - INFO - Enriching: Frannie's Restaurant
2026-05-27 18:07:30,972 - INFO - Enriching: Blue Ginger Indian Restaurant
2026-05-27 18:07:30,972 - INFO - Enriching: Hayward City Pho
2026-05-27 18:07:30,972 - INFO - Enriching: Jack's Restaurant
2026-05-27 18:07:30,973 - INFO - Enriching: Heidi's Pies Family Restaurant
2026-05-27 18:07:30,973 - INFO - Enriching: Taqueria El Mezca
2026-05-27 18:07:30,973 - INFO - Enriching: Taqueria Los Pericos
2026-05-27 18:07:30,974 - INFO - Enriching: Taqueria El Jarocho 2
2026-05-27 18:07:30,974 - INFO - Enriching: Sivan's Cafe
2026-05-27 18:07:31,070 - INFO - Enriching: The Early Bird Coffee
2026-05-27 18:07:31,070 - INFO - Enriching: Eon Coffee
2026-05-27 18:07:31,070 - INFO - Enriching: AJ's Coffee
2026-05-27 18:07:31,071 - INFO - Enriching: Smokey's Smoke Shop / Vape Shop & Gifts
2026-05-27 18:07:31,071 - INFO - Enriching: Bodega Street
2026-05-27 18:07:31,071 - INFO - Enriching: East Bay Restaurant Supply Store
2026-05-27 18:07:31,171 - INFO - Enriching: Guadalajara Restaurant & Tequila Bar
2026-05-27 18:07:31,172 - INFO - Enriching: LY-Luck Restaurant
2026-05-27 18:07:31,173 - INFO - Enriching: Los Olivos Restaurant
2026-05-27 18:07:31,173 - INFO - Enriching: Hunan Village Restaurant
2026-05-27 18:07:31,173 - INFO - Enriching: MLK Restaurant & Full Bar
2026-05-27 18:07:31,173 - INFO - Enriching: Fountain Garden Seafood Restaurant
2026-05-27 18:07:31,173 - INFO - Enriching: Thanh Ky Restaurant
2026-05-27 18:07:31,173 - INFO - Enriching: Big Daddy's Chinese Restaurant
2026-05-27 18:07:31,173 - INFO - Enriching: Tay Ho Restaurant
2026-05-27 18:07:31,174 - INFO - Enriching: Flower Lounge Restaurant
2026-05-27 18:07:31,371 - INFO - Enriching: Pacific Lighthouse Restaurant
2026-05-27 18:07:31,372 - INFO - Enriching: Chanco Housewares and Restaurant Supply
2026-05-27 18:07:31,372 - INFO - Enriching: Messob Ethiopian Restaurant
2026-05-27 18:07:31,372 - INFO - Enriching: ROC the Bay: Restaurant Opportunities Center Bay Area
2026-05-27 18:07:31,372 - INFO - Enriching: Maya Halal Taqueria
2026-05-27 18:07:31,373 - INFO - Enriching: Taqueria San Jose
2026-05-27 18:07:31,373 - INFO - Enriching: Taqueria Reynoso
2026-05-27 18:07:31,373 - INFO - Enriching: Cafe
2026-05-27 18:07:31,374 - INFO - Enriching: Coffee Berry Trail
2026-05-27 18:07:31,374 - INFO - Enriching: Red Bay Coffee International Headquarters
2026-05-27 18:07:31,470 - INFO - Enriching: Burlap Coffee
2026-05-27 18:07:31,470 - INFO - Enriching: Modern Coffee
2026-05-27 18:07:31,470 - INFO - Enriching: Earthly Coffee
2026-05-27 18:07:31,471 - INFO - Enriching: Luis's Coffee Shop
2026-05-27 18:07:31,471 - INFO - Enriching: States Coffee
2026-05-27 18:07:31,471 - INFO - Enriching: Botbar Coffee
2026-05-27 18:07:31,471 - INFO - Enriching: Souvenir Coffee
2026-05-27 18:07:31,471 - INFO - Enriching: Mel's Diner
2026-05-27 18:07:31,472 - INFO - Enriching: Delhi Diner
2026-05-27 18:07:31,472 - INFO - Enriching: Smoke shop
2026-05-27 18:07:31,473 - INFO - Enriching: Bodega Avenue
2026-05-27 18:07:31,473 - INFO - Enriching: Bodega Way
2026-05-27 18:07:34,971 - INFO - Saved enriched file: /root/.openclaw/workspace/aocros/performance_supply_depot/leads/enriched/enriched_CA_Alameda_County_Leads.xlsx
2026-05-27 18:07:34,972 - INFO - Processing CA_Amador_County_Leads.xlsx...
2026-05-27 18:07:35,171 - INFO - Enriching: Jackson Fillmore Trattoria
2026-05-27 18:07:35,172 - INFO - Enriching: Jackson Market and Deli
2026-05-27 18:07:35,172 - INFO - Enriching: Jackson's
2026-05-27 18:07:35,172 - INFO - Enriching: Jackson's Sports Bar and Grill
2026-05-27 18:07:35,172 - INFO - Enriching: Taqueria lá veracruzana
2026-05-27 18:07:35,172 - INFO - Enriching: Jackson's Cafe
2026-05-27 18:07:35,172 - INFO - Enriching: Mel & Feyes Diner
2026-05-27 18:07:35,173 - INFO - Enriching: The Sutter Restaurant
2026-05-27 18:07:35,270 - INFO - Enriching: The Sutter Saloon
2026-05-27 18:07:35,270 - INFO - Enriching: Back Roads Coffee House
2026-05-27 18:07:35,270 - INFO - Enriching: Imperial Hotel Restaurant
2026-05-27 18:07:35,573 - INFO - Saved enriched file: /root/.openclaw/workspace/aocros/performance_supply_depot/leads/enriched/enriched_CA_Amador_County_Leads.xlsx
2026-05-27 18:07:35,573 - INFO - Processing CA_Butte_County_Leads.xlsx...
2026-05-27 18:07:36,274 - INFO - Enriching: Chico's
2026-05-27 18:07:36,570 - INFO - Enriching: Woodstock's Pizza Chico
2026-05-27 18:07:36,571 - INFO - Enriching: Chico’s Burger
2026-05-27 18:07:36,571 - INFO - Enriching: Taqueria Pinolera
2026-05-27 18:07:36,571 - INFO - Enriching: Habanero’s Taqueria
2026-05-27 18:07:36,571 - INFO - Enriching: Aztlan
2026-05-27 18:07:36,572 - INFO - Enriching: Chico Creek Coffee
2026-05-27 18:07:36,572 - INFO - Enriching: Dutch Bros. Coffee
2026-05-27 18:07:36,573 - INFO - Enriching: Empire Coffee
2026-05-27 18:07:36,573 - INFO - Enriching: Coffee Ranch
2026-05-27 18:07:36,573 - INFO - Enriching: Beatniks Coffee and Breakfast
2026-05-27 18:07:36,770 - INFO - Enriching: Lovebird Coffee
2026-05-27 18:07:36,771 - INFO - Enriching: Cozy Diner
2026-05-27 18:07:36,771 - INFO - Enriching: Black Bear Diner
2026-05-27 18:07:37,171 - INFO - Enriching: Olson House Coffee
2026-05-27 18:07:37,372 - INFO - Enriching: Betty Cakes and Coffee
2026-05-27 18:07:37,373 - INFO - Enriching: Paradise
2026-05-27 18:07:37,374 - INFO - Enriching: V's Paradise Restaurant
2026-05-27 18:07:37,374 - INFO - Enriching: Phở Paradise Restaurant
2026-05-27 18:07:37,374 - INFO - Enriching: Kimbap Paradise
2026-05-27 18:07:37,374 - INFO - Enriching: Paradise Biryani Pointe
2026-05-27 18:07:37,375 - INFO - Enriching: Paradise Buffet
2026-05-27 18:07:37,375 - INFO - Enriching: Mo-Mo Paradise
2026-05-27 18:07:37,375 - INFO - Enriching: Sushi Paradise
2026-05-27 18:07:37,375 - INFO - Enriching: Paradise Bowls
2026-05-27 18:07:37,472 - INFO - Enriching: Paradise Cove Beach Cafe
2026-05-27 18:07:37,476 - INFO - Enriching: Café Paradise
2026-05-27 18:07:37,870 - INFO - Enriching: Paradise Mountain Coffee
2026-05-27 18:07:37,871 - INFO - Enriching: Paradise Valley Smoke Shop
2026-05-27 18:07:38,576 - INFO - Saved enriched file: /root/.openclaw/workspace/aocros/performance_supply_depot/leads/enriched/enriched_CA_Butte_County_Leads.xlsx
2026-05-27 18:07:38,671 - INFO - Processing CA_Calaveras_County_Leads.xlsx...
2026-05-27 18:07:39,072 - INFO - Enriching: Angels Creek Restaurant
2026-05-27 18:07:39,072 - INFO - Enriching: Pickled Porch Cafe
2026-05-27 18:07:39,073 - INFO - Enriching: Day-O Coffee
2026-05-27 18:07:39,073 - INFO - Enriching: Lemon Tree Bakery & Coffee Shop
2026-05-27 18:07:39,874 - INFO - Saved enriched file: /root/.openclaw/workspace/aocros/performance_supply_depot/leads/enriched/enriched_CA_Calaveras_County_Leads.xlsx
2026-05-27 18:07:39,970 - INFO - Processing CA_Colusa_County_Leads.xlsx...
2026-05-27 18:07:40,574 - INFO - Enriching: Lumberjack's Restaurant
2026-05-27 18:07:40,578 - INFO - Enriching: Los Charros Taqueria
2026-05-27 18:07:40,869 - INFO - Enriching: Colusa Club
2026-05-27 18:07:40,870 - INFO - Enriching: Wintun Mini Mart
2026-05-27 18:07:40,875 - INFO - Enriching: Wintun Mini Mart Fuel Station
2026-05-27 18:07:40,981 - INFO - Enriching: Williams Chinese Food
2026-05-27 18:07:40,982 - INFO - Enriching: Camp Williams Cafe
2026-05-27 18:07:40,983 - INFO - Enriching: Super Taqueria
2026-05-27 18:07:40,983 - INFO - Enriching: The Creperie Cafe
2026-05-27 18:07:41,170 - INFO - Enriching: Babaloo Cuban Cafe
2026-05-27 18:07:41,773 - INFO - Saved enriched file: /root/.openclaw/workspace/aocros/performance_supply_depot/leads/enriched/enriched_CA_Colusa_County_Leads.xlsx
2026-05-27 18:07:41,774 - INFO - Processing CA_Contra Costa_County_Leads.xlsx...
2026-05-27 18:07:43,374 - INFO - Enriching: The Richmond
2026-05-27 18:07:43,374 - INFO - Enriching: Richmond Street Bar & Grill
2026-05-27 18:07:43,375 - INFO - Enriching: Taqueria La Bamba
2026-05-27 18:07:43,375 - INFO - Enriching: Quetzal Taqueria and Antojitos
2026-05-27 18:07:43,771 - INFO - Enriching: Taqueria Esperanza Food Truck
2026-05-27 18:07:43,771 - INFO - Enriching: Taquería Salsa
2026-05-27 18:07:43,771 - INFO - Enriching: Hummus Bodega
2026-05-27 18:07:43,772 - INFO - Enriching: Genki Crepes & Mini Mart
2026-05-27 18:07:43,772 - INFO - Enriching: Yin Ji Chang Fen - Concord
2026-05-27 18:07:43,772 - INFO - Enriching: Taqueria Los Gallos Express
2026-05-27 18:07:43,772 - INFO - Enriching: Taqueria Los Gallos
2026-05-27 18:07:43,773 - INFO - Enriching: Taqueria El Farolito
2026-05-27 18:07:43,773 - INFO - Enriching: Taqueria La Plaza
2026-05-27 18:07:43,773 - INFO - Enriching: Taqueria La Soledad
2026-05-27 18:07:43,774 - INFO - Enriching: Tidal Wave Cafe
2026-05-27 18:07:43,775 - INFO - Enriching: Kid's Cafe
2026-05-27 18:07:43,775 - INFO - Enriching: 85°C Bakery Cafe
2026-05-27 18:07:43,870 - INFO - Enriching: Bonjour Bakery & Cafe
2026-05-27 18:07:43,870 - INFO - Enriching: Sunrise Bagels Cafe
2026-05-27 18:07:43,870 - INFO - Enriching: Bay Leaf Cafe
2026-05-27 18:07:43,870 - INFO - Enriching: Mi Oficina Computer Cafe
2026-05-27 18:07:43,870 - INFO - Enriching: Cafe Oasis
2026-05-27 18:07:43,870 - INFO - Enriching: Sugar Plum Coffee Shop
2026-05-27 18:07:43,870 - INFO - Enriching: Peet's Coffee
2026-05-27 18:07:43,871 - INFO - Enriching: Diggers Diner
2026-05-27 18:07:43,871 - INFO - Enriching: Black Bear Diner
2026-05-27 18:07:43,871 - INFO - Enriching: Concord Mini Mart
2026-05-27 18:07:43,871 - INFO - Enriching: Juarez Mexican Restaurant
2026-05-27 18:07:43,871 - INFO - Enriching: Chop Chop Restaurant
2026-05-27 18:07:43,872 - INFO - Enriching: Hillcrest Restaurant and Taphouse
2026-05-27 18:07:43,872 - INFO - Enriching: Los Caporales Taqueria
2026-05-27 18:07:43,872 - INFO - Enriching: Mimi's Cafe
2026-05-27 18:07:43,872 - INFO - Enriching: Café Vida
2026-05-27 18:07:43,872 - INFO - Enriching: Coffee Tree Way
2026-05-27 18:07:44,070 - INFO - Enriching: Coffee Tree Court
2026-05-27 18:07:44,071 - INFO - Enriching: The Coffee Bean & Tea Leaf
2026-05-27 18:07:44,071 - INFO - Enriching: Lumpy's Diner
2026-05-27 18:07:44,071 - INFO - Enriching: Stanford's Restaurant and Bar
2026-05-27 18:07:44,072 - INFO - Enriching: Bombay Indian Restaurant
2026-05-27 18:07:44,072 - INFO - Enriching: El Jardin Taqueria
2026-05-27 18:07:44,072 - INFO - Enriching: Modern China Cafe
2026-05-27 18:07:44,072 - INFO - Enriching: Cafe La Scala
2026-05-27 18:07:44,072 - INFO - Enriching: Cafe Nordstrom
2026-05-27 18:07:44,072 - INFO - Enriching: Babushka Cafe and Deli
2026-05-27 18:07:44,372 - INFO - Enriching: Bagel Street Cafe
2026-05-27 18:07:44,373 - INFO - Enriching: Kibi's Cafe
2026-05-27 18:07:44,373 - INFO - Enriching: Locust Street Cafe
2026-05-27 18:07:44,373 - INFO - Enriching: Library Cafe
2026-05-27 18:07:44,373 - INFO - Enriching: Panama Bay Coffee Co.
2026-05-27 18:07:44,374 - INFO - Enriching: Rooted Coffee
2026-05-27 18:07:44,374 - INFO - Enriching: Philz Coffee
2026-05-27 18:07:44,374 - INFO - Enriching: Locust Street & Peets Coffee
2026-05-27 18:07:44,374 - INFO - Enriching: Tellus Coffee
2026-05-27 18:07:44,472 - INFO - Enriching: Ashland Smoke Shop
2026-05-27 18:07:44,473 - INFO - Enriching: Bodega Place
2026-05-27 18:07:44,473 - INFO - Enriching: Bodega Court
2026-05-27 18:07:45,671 - INFO - Saved enriched file: /root/.openclaw/workspace/aocros/performance_supply_depot/leads/enriched/enriched_CA_Contra Costa_County_Leads.xlsx
2026-05-27 18:07:45,672 - INFO - Processing CA_Del Norte_County_Leads.xlsx...
2026-05-27 18:07:46,371 - INFO - Enriching: Fisherman's Restaurant
2026-05-27 18:07:46,371 - INFO - Enriching: Good Harvest Cafe
2026-05-27 18:07:46,372 - INFO - Enriching: Dutch Bros. Coffee
2026-05-27 18:07:46,673 - INFO - Saved enriched file: /root/.openclaw/workspace/aocros/performance_supply_depot/leads/enriched/enriched_CA_Del Norte_County_Leads.xlsx
2026-05-27 18:07:46,673 - INFO - Processing CA_El Dorado_County_Leads.xlsx...
2026-05-27 18:07:48,771 - INFO - Enriching: Independent Restaurant and Bar
2026-05-27 18:07:48,771 - INFO - Enriching: Sequoia Restaurant
2026-05-27 18:07:48,771 - INFO - Enriching: Golden Dragon Restaurant
2026-05-27 18:07:48,772 - INFO - Enriching: Placerville Public House
2026-05-27 18:07:48,772 - INFO - Enriching: The Market on Main Placerville
2026-05-27 18:07:48,773 - INFO - Enriching: Tijuana Taqueria
2026-05-27 18:07:48,773 - INFO - Enriching: Cozmic Cafe
2026-05-27 18:07:48,773 - INFO - Enriching: Cuppa Coffee & More
2026-05-27 18:07:48,773 - INFO - Enriching: Samurai Restaurant
2026-05-27 18:07:48,773 - INFO - Enriching: Super Tacos Mexican Restaurant
2026-05-27 18:07:48,773 - INFO - Enriching: Taqueria Jalisco
2026-05-27 18:07:48,774 - INFO - Enriching: Taqueria Jimenez
2026-05-27 18:07:48,774 - INFO - Enriching: Jalapeños Taqueria
2026-05-27 18:07:48,774 - INFO - Enriching: Bert's Cafe
2026-05-27 18:07:48,969 - INFO - Enriching: Keys Cafe
2026-05-27 18:07:48,971 - INFO - Enriching: Cafe Fiore
2026-05-27 18:07:48,971 - INFO - Enriching: Nikki's Chaat Cafe
2026-05-27 18:07:48,971 - INFO - Enriching: Sprouts Cafe
2026-05-27 18:07:48,971 - INFO - Enriching: Margaritas Mexican Cafe
2026-05-27 18:07:48,972 - INFO - Enriching: Red Hut Cafe
2026-05-27 18:07:48,972 - INFO - Enriching: The Red Hut Cafe
2026-05-27 18:07:48,972 - INFO - Enriching: Simple Bliss Vegan Cafe
2026-05-27 18:07:48,972 - INFO - Enriching: Crazy Good Bakery & Cafe
2026-05-27 18:07:48,972 - INFO - Enriching: Driftwood Cafe
2026-05-27 18:07:48,973 - INFO - Enriching: Artemis Lakefront Cafe
2026-05-27 18:07:49,071 - INFO - Enriching: Heaven's Little Cafe
2026-05-27 18:07:49,071 - INFO - Enriching: The Getaway Cafe
2026-05-27 18:07:49,071 - INFO - Enriching: Ernie's Coffee Shop
2026-05-27 18:07:49,072 - INFO - Enriching: Black Cabin Coffee
2026-05-27 18:07:49,072 - INFO - Enriching: Three Pines Coffee Company
2026-05-27 18:07:49,072 - INFO - Enriching: Pine Nut Juice & Coffee
2026-05-27 18:07:49,072 - INFO - Enriching: Bare Roots Coffee Roasting Co.
2026-05-27 18:07:49,072 - INFO - Enriching: Trailfolk Coffee
2026-05-27 18:07:49,971 - INFO - Saved enriched file: /root/.openclaw/workspace/aocros/performance_supply_depot/leads/enriched/enriched_CA_El Dorado_County_Leads.xlsx
2026-05-27 18:07:50,070 - INFO - Processing CA_Fresno_County_Leads.xlsx...
2026-05-27 18:07:50,472 - INFO - Enriching: Fresno Kabob
2026-05-27 18:07:50,472 - INFO - Enriching: Fresno Breakfast House
2026-05-27 18:07:50,570 - INFO - Enriching: Smokin Woods BBQ Fresno
2026-05-27 18:07:50,570 - INFO - Enriching: Rocket Dog Brats and Brew - Fresno
2026-05-27 18:07:50,571 - INFO - Enriching: Taqueria
2026-05-27 18:07:50,571 - INFO - Enriching: Fresno Brewing Company
2026-05-27 18:07:50,571 - INFO - Enriching: Coffee Pot Park (Downtown Park)
2026-05-27 18:07:50,571 - INFO - Enriching: Dutch Bros. Coffee
2026-05-27 18:07:50,572 - INFO - Enriching: Component Coffee
2026-05-27 18:07:50,572 - INFO - Enriching: The Coffee Bean & Tea Leaf
2026-05-27 18:07:50,572 - INFO - Enriching: Alchemist Coffee Lab
2026-05-27 18:07:50,572 - INFO - Enriching: Peet's Coffee
2026-05-27 18:07:50,771 - INFO - Enriching: Black Bear Diner
2026-05-27 18:07:50,771 - INFO - Enriching: Chubby's Diner
2026-05-27 18:07:50,772 - INFO - Enriching: Yosemite Hemp Co
2026-05-27 18:07:50,772 - INFO - Enriching: Fun Zone Smoke Shop
2026-05-27 18:07:50,772 - INFO - Enriching: One Stop Smoke Shop
2026-05-27 18:07:50,772 - INFO - Enriching: A1 Smoke Shop
2026-05-27 18:07:50,772 - INFO - Enriching: Superior Smoke Shop
2026-05-27 18:07:50,772 - INFO - Enriching: The Spot Smoke Shop
2026-05-27 18:07:50,773 - INFO - Enriching: Kaleidoscope Smoke Shop
2026-05-27 18:07:50,773 - INFO - Enriching: Havana House Smoke Shop
2026-05-27 18:07:50,773 - INFO - Enriching: Skyline Smoke Shop
2026-05-27 18:07:50,773 - INFO - Enriching: Cali Smoke Shop
2026-05-27 18:07:50,774 - INFO - Enriching: Funkyshack Smoke Shop
2026-05-27 18:07:50,774 - INFO - Enriching: AK Smoke Shop
2026-05-27 18:07:50,774 - INFO - Enriching: North Bodega Bay Road
2026-05-27 18:07:50,774 - INFO - Enriching: MOTO Delicatessen & Bodega
2026-05-27 18:07:50,774 - INFO - Enriching: One Star Mini Mart
2026-05-27 18:07:50,774 - INFO - Enriching: Fullerton Mini Mart
2026-05-27 18:07:50,774 - INFO - Enriching: U&A Mini Mart
2026-05-27 18:07:50,775 - INFO - Enriching: Four Seasons Chinese Restaurant
2026-05-27 18:07:50,870 - INFO - Enriching: Bobby Salazar's Taqueria
2026-05-27 18:07:50,871 - INFO - Enriching: Seven Cafe And Grill
2026-05-27 18:07:50,872 - INFO - Enriching: B.S. Cafe
2026-05-27 18:07:50,872 - INFO - Enriching: Sno Cafe
2026-05-27 18:07:50,872 - INFO - Enriching: Rustika Café
2026-05-27 18:07:50,872 - INFO - Enriching: The Red Caboose Café
2026-05-27 18:07:50,873 - INFO - Enriching: Madera
2026-05-27 18:07:50,873 - INFO - Enriching: Toca Madera
2026-05-27 18:07:50,873 - INFO - Enriching: Rosa Madera
2026-05-27 18:07:50,874 - INFO - Enriching: Taqueria Maranatha
2026-05-27 18:07:50,874 - INFO - Enriching: La Carniceria Y Taqueria Jalisco
2026-05-27 18:07:50,875 - INFO - Enriching: Corte Madera Cafe
2026-05-27 18:07:50,875 - INFO - Enriching: Zander’s Coffee
2026-05-27 18:07:50,875 - INFO - Enriching: Clouds Rest Coffee
2026-05-27 18:07:50,972 - INFO - Enriching: Rebelz Coffee
2026-05-27 18:07:50,973 - INFO - Enriching: Axis Coffee Bar & Eatery
2026-05-27 18:07:50,973 - INFO - Enriching: Smoke Shop
2026-05-27 18:07:50,973 - INFO - Enriching: Parkwood Mini Mart
2026-05-27 18:07:50,974 - INFO - Enriching: Mini-Mart Liquor & Deli
2026-05-27 18:07:52,371 - INFO - Saved enriched file: /root/.openclaw/workspace/aocros/performance_supply_depot/leads/enriched/enriched_CA_Fresno_County_Leads.xlsx
2026-05-27 18:07:52,371 - INFO - Processing CA_Glenn_County_Leads.xlsx...
2026-05-27 18:07:52,872 - INFO - Enriching: The Willows
2026-05-27 18:07:52,873 - INFO - Enriching: Willows & Pine
2026-05-27 18:07:52,873 - INFO - Enriching: Eureka Restaurant
2026-05-27 18:07:52,874 - INFO - Enriching: Nancy's Cafe
2026-05-27 18:07:52,874 - INFO - Enriching: Fro-Yo Cafe
2026-05-27 18:07:53,270 - INFO - Enriching: Black Bear Diner
2026-05-27 18:07:53,270 - INFO - Enriching: Dutch Bros. Coffee
2026-05-27 18:07:54,070 - INFO - Saved enriched file: /root/.openclaw/workspace/aocros/performance_supply_depot/leads/enriched/enriched_CA_Glenn_County_Leads.xlsx
2026-05-27 18:07:54,071 - INFO - Processing CA_Humboldt_County_Leads.xlsx...
2026-05-27 18:07:54,770 - INFO - Enriching: Eureka!
2026-05-27 18:07:54,770 - INFO - Enriching: Eureka
2026-05-27 18:07:54,771 - INFO - Enriching: Taqueria La Barca
2026-05-27 18:07:54,771 - INFO - Enriching: Far East Cafe
2026-05-27 18:07:54,772 - INFO - Enriching: Panda Cafe
2026-05-27 18:07:54,772 - INFO - Enriching: Mekong Cafe
2026-05-27 18:07:54,772 - INFO - Enriching: Bless My Soul Cafe
2026-05-27 18:07:54,772 - INFO - Enriching: Cafe Marina
2026-05-27 18:07:54,773 - INFO - Enriching: Cafe Waterfront
2026-05-27 18:07:54,773 - INFO - Enriching: Cafe Noona
2026-05-27 18:07:54,773 - INFO - Enriching: Cocina Oaxaqueña Restaurant and Cafe/ Northcoast Massage Therapy/ Coldwell Banker/ Slay
2026-05-27 18:07:54,773 - INFO - Enriching: Tea Garden Cafe
2026-05-27 18:07:54,774 - INFO - Enriching: Lost Coast Brewery & Café
2026-05-27 18:07:54,774 - INFO - Enriching: Old Town Coffee & Chocolates
2026-05-27 18:07:54,873 - INFO - Enriching: Gold Rush Coffee
2026-05-27 18:07:54,873 - INFO - Enriching: Dutch Bros. Coffee
2026-05-27 18:07:54,873 - INFO - Enriching: Jitter Bean Coffee Co.
2026-05-27 18:07:54,874 - INFO - Enriching: Witness Coffee Roasters
2026-05-27 18:07:54,874 - INFO - Enriching: Because Coffee
2026-05-27 18:07:54,874 - INFO - Enriching: Jitter Bean Coffee Company
2026-05-27 18:07:54,874 - INFO - Enriching: Joe's Smoke Shop
2026-05-27 18:07:54,874 - INFO - Enriching: Carmela's Mexican Restaurant
2026-05-27 18:07:54,874 - INFO - Enriching: Toni's 24 Hour Restaurant
2026-05-27 18:07:54,874 - INFO - Enriching: Arcata Pizza & Deli
2026-05-27 18:07:54,973 - INFO - Enriching: Cafe Brio
2026-05-27 18:07:54,974 - INFO - Enriching: Cafe Mokka
2026-05-27 18:07:54,974 - INFO - Enriching: Cafe Phoenix
2026-05-27 18:07:54,974 - INFO - Enriching: Wildflower Cafe and Bakery
2026-05-27 18:07:54,974 - INFO - Enriching: Beachcomber Cafe
2026-05-27 18:07:54,974 - INFO - Enriching: The Big Blue Cafe
2026-05-27 18:07:54,974 - INFO - Enriching: Kebab Cafe
2026-05-27 18:07:54,975 - INFO - Enriching: Coffee Break
2026-05-27 18:07:54,975 - INFO - Enriching: Northtown Coffee
2026-05-27 18:07:54,975 - INFO - Enriching: Jitter Bean Coffee Co
2026-05-27 18:07:55,570 - INFO - Enriching: Ramone's Bakery & Cafe
2026-05-27 18:07:55,571 - INFO - Enriching: McKinleyville Mini Mart
2026-05-27 18:07:56,375 - INFO - Saved enriched file: /root/.openclaw/workspace/aocros/performance_supply_depot/leads/enriched/enriched_CA_Humboldt_County_Leads.xlsx
2026-05-27 18:07:56,570 - INFO - Processing CA_Imperial_County_Leads.xlsx...
2026-05-27 18:07:57,671 - INFO - Enriching: Mi Pueblo El Centro
2026-05-27 18:07:57,671 - INFO - Enriching: Taqueria "El Paisa"
2026-05-27 18:07:57,671 - INFO - Enriching: Taquería el Paisa
2026-05-27 18:07:57,672 - INFO - Enriching: El Jardín Café at Guaycura Hotel
2026-05-27 18:07:57,672 - INFO - Enriching: Bodega Aurrera
2026-05-27 18:07:57,672 - INFO - Enriching: Dutch Bros. Coffee
2026-05-27 18:07:58,072 - INFO - Saved enriched file: /root/.openclaw/workspace/aocros/performance_supply_depot/leads/enriched/enriched_CA_Imperial_County_Leads.xlsx
2026-05-27 18:07:58,073 - INFO - Processing CA_Inyo_County_Leads.xlsx...
2026-05-27 18:07:58,575 - INFO - Enriching: Bishop Cafe
2026-05-27 18:07:58,670 - INFO - Enriching: Bishop Creek Lodge Cafe
2026-05-27 18:07:58,771 - INFO - Enriching: Blacksheep Cafe
2026-05-27 18:07:58,870 - INFO - Enriching: Pupfish Cafe
2026-05-27 18:07:58,870 - INFO - Enriching: The Village Cafe
2026-05-27 18:07:58,870 - INFO - Enriching: Erick Schat's Bakkery
2026-05-27 18:07:58,871 - INFO - Enriching: Indy Coffee Roasting Company
2026-05-27 18:07:58,871 - INFO - Enriching: Black Sheep Coffee Roasters
2026-05-27 18:07:58,871 - INFO - Enriching: Peet's Coffee
2026-05-27 18:07:58,871 - INFO - Enriching: Philz Coffee
2026-05-27 18:07:58,871 - INFO - Enriching: 1849 Buffet
2026-05-27 18:07:58,871 - INFO - Enriching: Sidewinder Cafe
2026-05-27 18:07:59,372 - INFO - Saved enriched file: /root/.openclaw/workspace/aocros/performance_supply_depot/leads/enriched/enriched_CA_Inyo_County_Leads.xlsx
2026-05-27 18:07:59,373 - INFO - Processing CA_Kern_County_Leads.xlsx...
2026-05-27 18:07:59,773 - INFO - Enriching: Miyoshi Japanese Restaurant
2026-05-27 18:07:59,773 - INFO - Enriching: Straw Man Restaurant
2026-05-27 18:07:59,773 - INFO - Enriching: Max's Restaurant, Bakersfield
2026-05-27 18:07:59,774 - INFO - Enriching: Hong Kong Restaurant
2026-05-27 18:07:59,774 - INFO - Enriching: Jin Sushi Japanese Restaurant
2026-05-27 18:07:59,774 - INFO - Enriching: Los Hermanos Restaurant
2026-05-27 18:07:59,774 - INFO - Enriching: La Colonia Restaurant
2026-05-27 18:07:59,774 - INFO - Enriching: Marie Callender's
2026-05-27 18:08:00,169 - INFO - Enriching: Cafe Rouge Drive
2026-05-27 18:08:00,170 - INFO - Enriching: Runner Cafe
2026-05-27 18:08:00,171 - INFO - Enriching: 24th Street Cafe
2026-05-27 18:08:00,171 - INFO - Enriching: Express Cafe
2026-05-27 18:08:00,171 - INFO - Enriching: Cafe Rio
2026-05-27 18:08:00,172 - INFO - Enriching: The Broken Yoke Cafe
2026-05-27 18:08:00,172 - INFO - Enriching: Café Smitten
2026-05-27 18:08:00,373 - INFO - Enriching: Coffee Road
2026-05-27 18:08:00,373 - INFO - Enriching: Black Bear Diner
2026-05-27 18:08:00,373 - INFO - Enriching: Cali Smoke Shop
2026-05-27 18:08:00,374 - INFO - Enriching: Mini-Mart
2026-05-27 18:08:00,374 - INFO - Enriching: Sirenitas Restaurant
2026-05-27 18:08:00,375 - INFO - Enriching: Tony's Pizza Delano
2026-05-27 18:08:00,375 - INFO - Enriching: Jenny's Cafe
2026-05-27 18:08:00,375 - INFO - Enriching: Kristy's Family Restaurant
2026-05-27 18:08:00,375 - INFO - Enriching: Oasis Mexican Restaurant
2026-05-27 18:08:00,376 - INFO - Enriching: Taqueria Bernadino's
2026-05-27 18:08:00,376 - INFO - Enriching: Cafe Potpourri
2026-05-27 18:08:00,376 - INFO - Enriching: Midway Cafe
2026-05-27 18:08:01,373 - INFO - Saved enriched file: /root/.openclaw/workspace/aocros/performance_supply_depot/leads/enriched/enriched_CA_Kern_County_Leads.xlsx
2026-05-27 18:08:01,374 - INFO - Processing CA_Kings_County_Leads.xlsx...
2026-05-27 18:08:02,873 - INFO - Enriching: Cisneros Taqueria #2
2026-05-27 18:08:02,874 - INFO - Enriching: Black Bear Diner
2026-05-27 18:08:02,874 - INFO - Enriching: Bodega Avenue
2026-05-27 18:08:03,274 - INFO - Saved enriched file: /root/.openclaw/workspace/aocros/performance_supply_depot/leads/enriched/enriched_CA_Kings_County_Leads.xlsx
2026-05-27 18:08:03,275 - INFO - Processing CA_Lake_County_Leads.xlsx...
2026-05-27 18:08:03,571 - INFO - Enriching: Renee's Cafe
2026-05-27 18:08:03,572 - INFO - Enriching: Cabos Méxican Restaurant
2026-05-27 18:08:03,572 - INFO - Enriching: Laguna Mexican Restaurant
2026-05-27 18:08:03,572 - INFO - Enriching: The Riviera Hills Restaurant, Lounge and Recreation Club
2026-05-27 18:08:03,572 - INFO - Enriching: Happy Garden Restaurant & Bar
2026-05-27 18:08:03,573 - INFO - Enriching: Mudslingers Drive-Thru Coffee
2026-05-27 18:08:03,873 - INFO - Saved enriched file: /root/.openclaw/workspace/aocros/performance_supply_depot/leads/enriched/enriched_CA_Lake_County_Leads.xlsx
2026-05-27 18:08:03,873 - INFO - Processing CA_Lassen_County_Leads.xlsx...
2026-05-27 18:08:05,270 - INFO - Enriching: Bing's Walker Restaurant
2026-05-27 18:08:05,271 - INFO - Enriching: Cougar Cafe
2026-05-27 18:08:05,271 - INFO - Enriching: Courthouse Cafe
2026-05-27 18:08:05,271 - INFO - Enriching: Kopper Kettle Cafe
2026-05-27 18:08:05,272 - INFO - Enriching: Diamond Mountain Mini Mart
2026-05-27 18:08:06,271 - INFO - Saved enriched file: /root/.openclaw/workspace/aocros/performance_supply_depot/leads/enriched/enriched_CA_Lassen_County_Leads.xlsx
2026-05-27 18:08:06,271 - INFO - Processing CA_Los Angeles_County_Leads.xlsx...
2026-05-27 18:08:07,370 - INFO - Enriching: Oak Tree Gun Club
2026-05-27 18:08:07,370 - INFO - Enriching: El Rinconcito- Cafe y Taqueria
2026-05-27 18:08:07,370 - INFO - Enriching: Los Amigos Taqueria y
2026-05-27 18:08:07,371 - INFO - Enriching: Taqueria Los Anaya
2026-05-27 18:08:07,371 - INFO - Enriching: Escuela Taqueria
2026-05-27 18:08:07,371 - INFO - Enriching: Taqueria Sanchez
2026-05-27 18:08:07,371 - INFO - Enriching: La Cañada Taqueria
2026-05-27 18:08:07,371 - INFO - Enriching: Taqueria La Estrella
2026-05-27 18:08:07,371 - INFO - Enriching: Taqueria El Tacorin
2026-05-27 18:08:07,372 - INFO - Enriching: Taqueria Tapetio
2026-05-27 18:08:07,373 - INFO - Enriching: Kique's Taqueria
2026-05-27 18:08:07,373 - INFO - Enriching: Taqueria La Mexicana
2026-05-27 18:08:07,373 - INFO - Enriching: Azulé Taqueria
2026-05-27 18:08:07,373 - INFO - Enriching: Los Compadres Taqueria
2026-05-27 18:08:07,373 - INFO - Enriching: Taqueria El Tapatio
2026-05-27 18:08:07,373 - INFO - Enriching: Cafe
2026-05-27 18:08:07,373 - INFO - Enriching: Pann's Coffee Shop
2026-05-27 18:08:07,374 - INFO - Enriching: Johnie's Coffee Shop
2026-05-27 18:08:07,374 - INFO - Enriching: Tierra Mia Coffee
2026-05-27 18:08:07,675 - INFO - Enriching: Coffee Bean Drive Thru
2026-05-27 18:08:07,675 - INFO - Enriching: Heart's Coffee Shop
2026-05-27 18:08:07,676 - INFO - Enriching: The Coffee Bean & Tea Leaf
2026-05-27 18:08:07,676 - INFO - Enriching: Peet's Coffee
2026-05-27 18:08:07,676 - INFO - Enriching: Barclay's Coffee and Tea
2026-05-27 18:08:07,676 - INFO - Enriching: Blue Bottle Coffee
2026-05-27 18:08:07,677 - INFO - Enriching: Matte Black Coffee
2026-05-27 18:08:07,677 - INFO - Enriching: Nickel Diner
2026-05-27 18:08:07,870 - INFO - Enriching: Black Bear Diner
2026-05-27 18:08:07,870 - INFO - Enriching: Tesla Diner
2026-05-27 18:08:07,871 - INFO - Enriching: Pacific Diner
2026-05-27 18:08:07,871 - INFO - Enriching: North Hollywood Diner
2026-05-27 18:08:07,871 - INFO - Enriching: Homeboy Diner
2026-05-27 18:08:07,872 - INFO - Enriching: Happy Diner
2026-05-27 18:08:07,872 - INFO - Enriching: Moe's Diner
2026-05-27 18:08:07,872 - INFO - Enriching: Clark Street Diner
2026-05-27 18:08:07,872 - INFO - Enriching: Brite Spot Diner
2026-05-27 18:08:07,872 - INFO - Enriching: Cindy's Diner
2026-05-27 18:08:07,872 - INFO - Enriching: Ronnies's Diner
2026-05-27 18:08:07,872 - INFO - Enriching: Bebe's Diner
2026-05-27 18:08:07,873 - INFO - Enriching: George's 50s Diner
2026-05-27 18:08:07,873 - INFO - Enriching: Smoke Shop
2026-05-27 18:08:08,270 - INFO - Enriching: Bodega
2026-05-27 18:08:08,270 - INFO - Enriching: Bodega Court
2026-05-27 18:08:08,271 - INFO - Enriching: Bodega Way
2026-05-27 18:08:08,271 - INFO - Enriching: Via Bodega
2026-05-27 18:08:08,271 - INFO - Enriching: Mini Mart
2026-05-27 18:08:08,271 - INFO - Enriching: Estate Restaurant + Bar
2026-05-27 18:08:08,271 - INFO - Enriching: Ma'kai Restaurant & Lounge
2026-05-27 18:08:08,272 - INFO - Enriching: Rae's Restaurant
2026-05-27 18:08:08,273 - INFO - Enriching: Forma Restaurant & Cheese Bar
2026-05-27 18:08:08,273 - INFO - Enriching: Hillstone Restaurant
2026-05-27 18:08:08,273 - INFO - Enriching: T's Thai Restaurant
2026-05-27 18:08:08,273 - INFO - Enriching: The Misfit Restaurant + Bar
2026-05-27 18:08:08,274 - INFO - Enriching: Dialogue Restaurant
2026-05-27 18:08:08,274 - INFO - Enriching: Vito Restaurant
2026-05-27 18:08:08,274 - INFO - Enriching: Bruno's Italian Restaurant
2026-05-27 18:08:08,274 - INFO - Enriching: The OP Cafe
2026-05-27 18:08:08,470 - INFO - Enriching: Perry's Cafe
2026-05-27 18:08:08,470 - INFO - Enriching: Cafe Demitasse
2026-05-27 18:08:08,471 - INFO - Enriching: Cafe zella
2026-05-27 18:08:08,471 - INFO - Enriching: Interactive Cafe
2026-05-27 18:08:08,472 - INFO - Enriching: 18th Street Cafe
2026-05-27 18:08:08,472 - INFO - Enriching: Big Dean's OceanFront Cafe
2026-05-27 18:08:08,472 - INFO - Enriching: Cafe Lovi
2026-05-27 18:08:08,473 - INFO - Enriching: Uppers Cafe
2026-05-27 18:08:08,473 - INFO - Enriching: Enterprise cafe
2026-05-27 18:08:08,473 - INFO - Enriching: Waterman's Cafe
2026-05-27 18:08:08,473 - INFO - Enriching: Unurban Cafe
2026-05-27 18:08:08,473 - INFO - Enriching: Cafe Ruisseau
2026-05-27 18:08:08,575 - INFO - Enriching: Thyme Cafe
2026-05-27 18:08:08,575 - INFO - Enriching: Carousel Cafe
2026-05-27 18:08:08,671 - INFO - Enriching: Groundwork Coffee
2026-05-27 18:08:08,671 - INFO - Enriching: Jinky's Coffee
2026-05-27 18:08:08,671 - INFO - Enriching: Amai Coffee
2026-05-27 18:08:08,671 - INFO - Enriching: Elabrew Coffee
2026-05-27 18:08:08,672 - INFO - Enriching: Primo Passo Coffee
2026-05-27 18:08:08,672 - INFO - Enriching: Dogtown Coffee
2026-05-27 18:08:08,672 - INFO - Enriching: Coffee Commissary
2026-05-27 18:08:08,672 - INFO - Enriching: Sidecar Doughnuts & Coffee
2026-05-27 18:08:08,673 - INFO - Enriching: Love Coffee
2026-05-27 18:08:08,673 - INFO - Enriching: Lo/Cal Coffee
2026-05-27 18:08:08,673 - INFO - Enriching: Gnarwhal Coffee Co.
2026-05-27 18:08:08,673 - INFO - Enriching: Ingo's Tasty Diner
2026-05-27 18:08:08,673 - INFO - Enriching: Flapjax Diner
2026-05-27 18:08:08,674 - INFO - Enriching: Dragon Smoke Shop
2026-05-27 18:08:08,674 - INFO - Enriching: New Pho Long Beach Vietnamese Restaurant
2026-05-27 18:08:08,674 - INFO - Enriching: Long Beach Thai Restaurant
2026-05-27 18:08:08,674 - INFO - Enriching: Gladstone's Long beach
2026-05-27 18:08:08,674 - INFO - Enriching: Kin Long Beach
2026-05-27 18:08:08,675 - INFO - Enriching: Long Beach Fish Grill
2026-05-27 18:08:08,675 - INFO - Enriching: Long Beach Pizza Co Sports Bar
2026-05-27 18:08:08,675 - INFO - Enriching: RAKKAN Ramen-Long Beach
2026-05-27 18:08:08,676 - INFO - Enriching: Tokyo Wako Long Beach
2026-05-27 18:08:08,676 - INFO - Enriching: Long Beach Beer Lab
2026-05-27 18:08:08,676 - INFO - Enriching: Chuck's Coffee Shop
2026-05-27 18:08:08,872 - INFO - Enriching: eco coffee
2026-05-27 18:08:08,872 - INFO - Enriching: Jug Band Coffee and Tea
2026-05-27 18:08:08,873 - INFO - Enriching: Blk Dot Coffee
2026-05-27 18:08:08,873 - INFO - Enriching: Philz Coffee
2026-05-27 18:08:08,873 - INFO - Enriching: Confidential Coffee
2026-05-27 18:08:08,874 - INFO - Enriching: Qargo Coffee
2026-05-27 18:08:08,874 - INFO - Enriching: Coffee Station
2026-05-27 18:08:08,874 - INFO - Enriching: Rose Park Coffee Roasters
2026-05-27 18:08:08,874 - INFO - Enriching: Steelhead Coffee
2026-05-27 18:08:08,875 - INFO - Enriching: Sheldrake Coffee Roasting
2026-05-27 18:08:08,875 - INFO - Enriching: Wood Coffee Co.
2026-05-27 18:08:08,875 - INFO - Enriching: Bixby Joe Coffee & Tea
2026-05-27 18:08:09,570 - INFO - Enriching: Starling Diner
2026-05-27 18:08:09,570 - INFO - Enriching: Dale's Diner
2026-05-27 18:08:09,572 - INFO - Enriching: La Bodega Mexicana
2026-05-27 18:08:09,573 - INFO - Enriching: La Bodega
2026-05-27 18:08:11,370 - INFO - Saved enriched file: /root/.openclaw/workspace/aocros/performance_supply_depot/leads/enriched/enriched_CA_Los Angeles_County_Leads.xlsx
2026-05-27 18:08:11,371 - INFO - Processing CA_Madera_County_Leads.xlsx...
2026-05-27 18:08:11,969 - INFO - Enriching: Madera
2026-05-27 18:08:11,970 - INFO - Enriching: Toca Madera
2026-05-27 18:08:11,972 - INFO - Enriching: Rosa Madera
2026-05-27 18:08:12,071 - INFO - Enriching: Taqueria Maranatha
2026-05-27 18:08:12,072 - INFO - Enriching: La Carniceria Y Taqueria Jalisco
2026-05-27 18:08:12,072 - INFO - Enriching: Corte Madera Cafe
2026-05-27 18:08:12,072 - INFO - Enriching: Zander’s Coffee
2026-05-27 18:08:12,072 - INFO - Enriching: Clouds Rest Coffee
2026-05-27 18:08:12,073 - INFO - Enriching: Rebelz Coffee
2026-05-27 18:08:12,073 - INFO - Enriching: Axis Coffee Bar & Eatery
2026-05-27 18:08:12,074 - INFO - Enriching: Dutch Bros. Coffee
2026-05-27 18:08:12,074 - INFO - Enriching: The Coffee Bean & Tea Leaf
2026-05-27 18:08:12,074 - INFO - Enriching: Smoke Shop
2026-05-27 18:08:12,074 - INFO - Enriching: Parkwood Mini Mart
2026-05-27 18:08:12,075 - INFO - Enriching: Mini-Mart Liquor & Deli
2026-05-27 18:08:12,370 - INFO - Enriching: Canton Restaurant
2026-05-27 18:08:12,672 - INFO - Saved enriched file: /root/.openclaw/workspace/aocros/performance_supply_depot/leads/enriched/enriched_CA_Madera_County_Leads.xlsx
2026-05-27 18:08:12,672 - INFO - Processing CA_Marin_County_Leads.xlsx...
2026-05-27 18:08:13,771 - INFO - Enriching: Ping's Mandarin Restaurant
2026-05-27 18:08:14,170 - INFO - Enriching: Royal Thai Restaurant
2026-05-27 18:08:14,171 - INFO - Enriching: BJ's
2026-05-27 18:08:14,173 - INFO - Enriching: Mi Familia Taqueria
2026-05-27 18:08:14,173 - INFO - Enriching: Taqueria El Farolito
2026-05-27 18:08:14,173 - INFO - Enriching: Puentez Taqueria
2026-05-27 18:08:14,173 - INFO - Enriching: Taqueria San Jose
2026-05-27 18:08:14,174 - INFO - Enriching: Sonora Taquería
2026-05-27 18:08:14,174 - INFO - Enriching: Armida's Bakery & Cafe
2026-05-27 18:08:14,174 - INFO - Enriching: Mojay's Cafe
2026-05-27 18:08:14,174 - INFO - Enriching: Double Rainbow Cafe
2026-05-27 18:08:14,174 - INFO - Enriching: Bagel Street Cafe
2026-05-27 18:08:14,177 - INFO - Enriching: Garden Cafe
2026-05-27 18:08:14,178 - INFO - Enriching: The Bay Cafe
2026-05-27 18:08:14,178 - INFO - Enriching: Cafe Mint
2026-05-27 18:08:14,178 - INFO - Enriching: Cafe Hermosa
2026-05-27 18:08:14,470 - INFO - Enriching: Weaver's Coffee
2026-05-27 18:08:14,470 - INFO - Enriching: Graffeo's Coffee Roastery
2026-05-27 18:08:14,470 - INFO - Enriching: Banh Mi & Coffee
2026-05-27 18:08:14,471 - INFO - Enriching: Pink Owl Coffee
2026-05-27 18:08:14,471 - INFO - Enriching: Royal Ground Coffee
2026-05-27 18:08:14,471 - INFO - Enriching: Peet's Coffee
2026-05-27 18:08:14,472 - INFO - Enriching: Black Bear Diner
2026-05-27 18:08:14,472 - INFO - Enriching: San Rafael Smoke Shop
2026-05-27 18:08:14,472 - INFO - Enriching: Finnegan's Marin Restaurant & Bar
2026-05-27 18:08:14,472 - INFO - Enriching: Carmen's La Hacienda Restaurant
2026-05-27 18:08:14,472 - INFO - Enriching: The Village
2026-05-27 18:08:14,472 - INFO - Enriching: HopMonk Tavern Novato
2026-05-27 18:08:14,473 - INFO - Enriching: Perry's Novato
2026-05-27 18:08:14,473 - INFO - Enriching: Marin Coffee Roasters
2026-05-27 18:08:14,473 - INFO - Enriching: Saylor's Restaurant & Bar
2026-05-27 18:08:14,473 - INFO - Enriching: Dario's Restaurant
2026-05-27 18:08:14,871 - INFO - Enriching: Murray Circle Restaurant
2026-05-27 18:08:14,871 - INFO - Enriching: Sausalito Gourmet Delicatessen
2026-05-27 18:08:15,070 - INFO - Enriching: Sausalito Bakery & Cafe
2026-05-27 18:08:15,070 - INFO - Enriching: The Lighthouse Café
2026-05-27 18:08:15,070 - INFO - Enriching: Sausalito Equator
2026-05-27 18:08:15,071 - INFO - Enriching: Firehouse Coffee
2026-05-27 18:08:15,071 - INFO - Enriching: Fred's Coffee Shop
2026-05-27 18:08:15,071 - INFO - Enriching: Sausalito Mini Mart
2026-05-27 18:08:16,271 - INFO - Saved enriched file: /root/.openclaw/workspace/aocros/performance_supply_depot/leads/enriched/enriched_CA_Marin_County_Leads.xlsx
2026-05-27 18:08:16,272 - INFO - Processing CA_Mariposa_County_Leads.xlsx...
2026-05-27 18:08:17,472 - INFO - Enriching: Castillo's Mexican Restaurant
2026-05-27 18:08:17,473 - INFO - Enriching: Bette's Gold Coin Restaurant & Sports Tavern
2026-05-27 18:08:17,474 - INFO - Enriching: Mountain Room Restaurant
2026-05-27 18:08:17,474 - INFO - Enriching: Buck Meadows Restaurant on Highway 120
2026-05-27 18:08:17,475 - INFO - Enriching: Cedar House Restaurant
2026-05-27 18:08:17,475 - INFO - Enriching: The River Restaurant & Lounge
2026-05-27 18:08:17,475 - INFO - Enriching: Aroma Restaurant
2026-05-27 18:08:17,669 - INFO - Enriching: Mariposa Tea Room
2026-05-27 18:08:17,670 - INFO - Enriching: Taqueria Mi Tierra
2026-05-27 18:08:17,670 - INFO - Enriching: High Country Health Food Store & Cafe
2026-05-27 18:08:17,671 - INFO - Enriching: Deli Garden Cafe
2026-05-27 18:08:17,671 - INFO - Enriching: Lucky Buck Cafe
2026-05-27 18:08:17,672 - INFO - Enriching: Lighthouse Market & Cafe
2026-05-27 18:08:17,672 - INFO - Enriching: The Oasis Market & Cafe
2026-05-27 18:08:17,673 - INFO - Enriching: Steves Sportsman Cafe
2026-05-27 18:08:17,673 - INFO - Enriching: Sugar Pine Café
2026-05-27 18:08:17,673 - INFO - Enriching: Mariposa Coffee Bar
2026-05-27 18:08:17,673 - INFO - Enriching: Peet's Coffee
2026-05-27 18:08:17,674 - INFO - Enriching: The Coffee Bean & Tea Leaf
2026-05-27 18:08:17,674 - INFO - Enriching: Linea Coffee Roasting
2026-05-27 18:08:17,674 - INFO - Enriching: Magic Donuts & Coffee
2026-05-27 18:08:17,674 - INFO - Enriching: Happy Burger Diner
2026-05-27 18:08:17,676 - INFO - Enriching: 831 Smoke Shop
2026-05-27 18:08:18,070 - INFO - Enriching: Stage Stop Mini Mart
2026-05-27 18:08:18,472 - INFO - Saved enriched file: /root/.openclaw/workspace/aocros/performance_supply_depot/leads/enriched/enriched_CA_Mariposa_County_Leads.xlsx
2026-05-27 18:08:18,473 - INFO - Processing CA_Mendocino_County_Leads.xlsx...
2026-05-27 18:08:19,473 - INFO - Enriching: Jyun Kang Vegetarian Restaurant
2026-05-27 18:08:19,474 - INFO - Enriching: Stars Restaurant
2026-05-27 18:08:19,670 - INFO - Enriching: Ukiah Thai Cuisine
2026-05-27 18:08:19,670 - INFO - Enriching: Taqueria Jalos
2026-05-27 18:08:19,670 - INFO - Enriching: Windmill Cafe
2026-05-27 18:08:19,671 - INFO - Enriching: Ellie's Mutt Hut & Vegetarian Cafe
2026-05-27 18:08:19,671 - INFO - Enriching: Crepas Cafe
2026-05-27 18:08:19,671 - INFO - Enriching: Stan's Maple Cafe
2026-05-27 18:08:19,672 - INFO - Enriching: Co-op Cafe
2026-05-27 18:08:19,672 - INFO - Enriching: Mama's Cafe
2026-05-27 18:08:19,673 - INFO - Enriching: Namasté Café
2026-05-27 18:08:19,673 - INFO - Enriching: Ukiah Brewing Company
2026-05-27 18:08:19,673 - INFO - Enriching: Cafe Beaujolais
2026-05-27 18:08:19,673 - INFO - Enriching: Black Oak Coffee Roasters
2026-05-27 18:08:19,673 - INFO - Enriching: China Diner
2026-05-27 18:08:19,674 - INFO - Enriching: Cloud 9 Smoke Shop
2026-05-27 18:08:19,674 - INFO - Enriching: Mendocino Smoke & Gift shop
2026-05-27 18:08:19,674 - INFO - Enriching: Crown Smoke Shop
2026-05-27 18:08:19,971 - INFO - Enriching: Mendo Leaf Smoke Shop
2026-05-27 18:08:19,971 - INFO - Enriching: Lee's Chinese Restaurant
2026-05-27 18:08:19,972 - INFO - Enriching: Mayan-Fusion Restaurant
2026-05-27 18:08:19,972 - INFO - Enriching: David's Restaurant & Deli
2026-05-27 18:08:19,972 - INFO - Enriching: Cafe 1
2026-05-27 18:08:19,973 - INFO - Enriching: Nit’s Cafe
2026-05-27 18:08:19,973 - INFO - Enriching: Rhody's Garden Cafe
2026-05-27 18:08:19,973 - INFO - Enriching: El Chicano Restaurant
2026-05-27 18:08:19,973 - INFO - Enriching: Taqueria Bravo
2026-05-27 18:08:19,974 - INFO - Enriching: Brickhouse Coffee
2026-05-27 18:08:20,670 - INFO - Enriching: April May's Drive Thru Coffee
2026-05-27 18:08:22,672 - INFO - Saved enriched file: /root/.openclaw/workspace/aocros/performance_supply_depot/leads/enriched/enriched_CA_Mendocino_County_Leads.xlsx
2026-05-27 18:08:22,770 - INFO - Processing CA_Merced_County_Leads.xlsx...
2026-05-27 18:08:23,371 - INFO - Enriching: Merced's Restaurant
2026-05-27 18:08:23,371 - INFO - Enriching: Taqueria
2026-05-27 18:08:23,371 - INFO - Enriching: Dos Palos Cafe 33 (To Los Banos);Dos Palos Cafe 33 (To Merced)
2026-05-27 18:08:23,372 - INFO - Enriching: South Coffee Street
2026-05-27 18:08:23,372 - INFO - Enriching: North Coffee Street
2026-05-27 18:08:23,372 - INFO - Enriching: Dutch Bros. Coffee
2026-05-27 18:08:23,372 - INFO - Enriching: Coffee Bandits
2026-05-27 18:08:23,373 - INFO - Enriching: Gerard @ Coffee/Pioneer Elementary (Westbound)
2026-05-27 18:08:23,373 - INFO - Enriching: Hilmar Coffee
2026-05-27 18:08:23,374 - INFO - Enriching: Black Bear Diner
2026-05-27 18:08:23,374 - INFO - Enriching: Hot Rod Diner
2026-05-27 18:08:23,374 - INFO - Enriching: Scott's Diner
2026-05-27 18:08:23,374 - INFO - Enriching: Off The Wall Smoke Shop
2026-05-27 18:08:23,375 - INFO - Enriching: Hilmar Smoke Shop
2026-05-27 18:08:23,375 - INFO - Enriching: Bodega Court
2026-05-27 18:08:23,470 - INFO - Enriching: Bodega Avenue
2026-05-27 18:08:23,470 - INFO - Enriching: La Bodega Furniture
2026-05-27 18:08:23,471 - INFO - Enriching: La Bodega Bay Furniture
2026-05-27 18:08:23,471 - INFO - Enriching: U-Save Mini-Mart
2026-05-27 18:08:23,471 - INFO - Enriching: Brothers Royal Crown Mini Mart
2026-05-27 18:08:23,472 - INFO - Enriching: Dos Palos Mini Mart
2026-05-27 18:08:23,472 - INFO - Enriching: Does Palos Mini Mart
2026-05-27 18:08:23,472 - INFO - Enriching: Oxxo Mini Mart
2026-05-27 18:08:23,473 - INFO - Enriching: ACS Mini Mart
2026-05-27 18:08:23,473 - INFO - Enriching: Shannon Mini Mart
2026-05-27 18:08:23,473 - INFO - Enriching: Adel's Mini Mart
2026-05-27 18:08:23,473 - INFO - Enriching: Newman Mini-Mart
2026-05-27 18:08:23,473 - INFO - Enriching: Oasis Mini-Mart
2026-05-27 18:08:23,473 - INFO - Enriching: Olinda's Restaurant
2026-05-27 18:08:23,474 - INFO - Enriching: Ming's Restaurant
2026-05-27 18:08:23,474 - INFO - Enriching: Eddie's Restaurant
2026-05-27 18:08:23,475 - INFO - Enriching: Taqueria El Rodeo
2026-05-27 18:08:24,670 - INFO - Saved enriched file: /root/.openclaw/workspace/aocros/performance_supply_depot/leads/enriched/enriched_CA_Merced_County_Leads.xlsx
2026-05-27 18:08:24,672 - INFO - Processing CA_Modoc_County_Leads.xlsx...
2026-05-27 18:08:25,470 - INFO - Enriching: Hoang Chinese Restaurant
2026-05-27 18:08:25,471 - INFO - Enriching: Rubio's Taqueria
2026-05-27 18:08:25,471 - INFO - Enriching: Niles Coffee Company
2026-05-27 18:08:25,471 - INFO - Enriching: Dutch Bros
2026-05-27 18:08:25,471 - INFO - Enriching: Modoc Mini Mart
2026-05-27 18:08:25,673 - INFO - Saved enriched file: /root/.openclaw/workspace/aocros/performance_supply_depot/leads/enriched/enriched_CA_Modoc_County_Leads.xlsx
2026-05-27 18:08:25,770 - INFO - Processing CA_Mono_County_Leads.xlsx...
2026-05-27 18:08:25,973 - INFO - Enriching: Yodler Restaurant
2026-05-27 18:08:25,973 - INFO - Enriching: Morrison's Restaurant and Bar
2026-05-27 18:08:26,072 - INFO - Enriching: The Restaurant at Convict Lake
2026-05-27 18:08:26,274 - INFO - Enriching: Mill Cafe
2026-05-27 18:08:26,274 - INFO - Enriching: Dos Alas Cubarican Cafe & Lounge
2026-05-27 18:08:26,670 - INFO - Enriching: Good Life Cafe
2026-05-27 18:08:26,670 - INFO - Enriching: Side Door Cafe
2026-05-27 18:08:26,671 - INFO - Enriching: Roberto's Cafe
2026-05-27 18:08:26,671 - INFO - Enriching: Base Camp Cafe
2026-05-27 18:08:26,671 - INFO - Enriching: café crêpe
2026-05-27 18:08:26,671 - INFO - Enriching: Mammoth Coffee Roasting Co
2026-05-27 18:08:26,671 - INFO - Enriching: Vida Coffee
2026-05-27 18:08:26,973 - INFO - Enriching: Black Velvet Coffee
2026-05-27 18:08:26,973 - INFO - Enriching: Mammoth Smoke and Vape Shop
2026-05-27 18:08:26,973 - INFO - Enriching: Bishop Cafe
2026-05-27 18:08:26,974 - INFO - Enriching: Bishop Creek Lodge Cafe
2026-05-27 18:08:26,974 - INFO - Enriching: Blacksheep Cafe
2026-05-27 18:08:26,974 - INFO - Enriching: Pupfish Cafe
2026-05-27 18:08:26,974 - INFO - Enriching: The Village Cafe
2026-05-27 18:08:26,974 - INFO - Enriching: Erick Schat's Bakkery
2026-05-27 18:08:26,975 - INFO - Enriching: Indy Coffee Roasting Company
2026-05-27 18:08:26,975 - INFO - Enriching: Black Sheep Coffee Roasters
2026-05-27 18:08:27,171 - INFO - Enriching: Peet's Coffee
2026-05-27 18:08:27,171 - INFO - Enriching: Philz Coffee
2026-05-27 18:08:28,272 - INFO - Saved enriched file: /root/.openclaw/workspace/aocros/performance_supply_depot/leads/enriched/enriched_CA_Mono_County_Leads.xlsx
2026-05-27 18:08:28,273 - INFO - Processing CA_Monterey_County_Leads.xlsx...
2026-05-27 18:08:32,373 - INFO - Enriching: Monterey Coast Brewing
2026-05-27 18:08:32,471 - INFO - Enriching: Monterey Hill Steakhouse
2026-05-27 18:08:32,471 - INFO - Enriching: Monterey Cookhouse
2026-05-27 18:08:32,471 - INFO - Enriching: Monterey’s Fish House
2026-05-27 18:08:32,471 - INFO - Enriching: El Palomar Monterey
2026-05-27 18:08:32,471 - INFO - Enriching: Monterey Crepe Company
2026-05-27 18:08:32,471 - INFO - Enriching: Pizza Factory Monterey
2026-05-27 18:08:32,471 - INFO - Enriching: Balboa Encino Clubhouse
2026-05-27 18:08:32,472 - INFO - Enriching: Steinbeck House & Restaurant
2026-05-27 18:08:32,473 - INFO - Enriching: Taqueria
2026-05-27 18:08:32,473 - INFO - Enriching: Michael's Grill & Taqueria
2026-05-27 18:08:32,473 - INFO - Enriching: Taqueria 2 gallos de oro
2026-05-27 18:08:32,473 - INFO - Enriching: Taqueria Super Pollo
2026-05-27 18:08:32,473 - INFO - Enriching: Super Taqueria
2026-05-27 18:08:32,473 - INFO - Enriching: El Parrillaso Taqueria
2026-05-27 18:08:32,473 - INFO - Enriching: Michael's Grill and Taqueria
2026-05-27 18:08:32,474 - INFO - Enriching: Turtle Bay Taqueria
2026-05-27 18:08:32,474 - INFO - Enriching: Lorena's Taqueria
2026-05-27 18:08:32,770 - INFO - Enriching: Taqueria Zarape
2026-05-27 18:08:32,773 - INFO - Enriching: Taqueria Pacheco
2026-05-27 18:08:32,774 - INFO - Enriching: Taqueria Casa Del Palmar
2026-05-27 18:08:32,774 - INFO - Enriching: Las Cazuelas Taqueria
2026-05-27 18:08:32,774 - INFO - Enriching: Garcias Taqueria
2026-05-27 18:08:32,774 - INFO - Enriching: La Cascada Taqueria
2026-05-27 18:08:32,774 - INFO - Enriching: Hideaway Lounge
2026-05-27 18:08:32,774 - INFO - Enriching: Old Monterey Café
2026-05-27 18:08:32,775 - INFO - Enriching: Jack's Coffee
2026-05-27 18:08:32,775 - INFO - Enriching: Rollick's Specialty Coffee
2026-05-27 18:08:32,970 - INFO - Enriching: Peet's Coffee
2026-05-27 18:08:32,970 - INFO - Enriching: Tidal coffee
2026-05-27 18:08:32,971 - INFO - Enriching: The Carmel Coffee House
2026-05-27 18:08:32,971 - INFO - Enriching: Carmel Valley Coffee
2026-05-27 18:08:32,974 - INFO - Enriching: Carmel Bakery & Coffee House
2026-05-27 18:08:32,975 - INFO - Enriching: Bloom Coffee Shop
2026-05-27 18:08:32,975 - INFO - Enriching: Archie's American Diner
2026-05-27 18:08:33,369 - INFO - Enriching: Black Bear Diner
2026-05-27 18:08:33,370 - INFO - Enriching: My Diner
2026-05-27 18:08:33,370 - INFO - Enriching: Lockwood Store and Diner
2026-05-27 18:08:33,371 - INFO - Enriching: Richie's Real American Diner
2026-05-27 18:08:33,371 - INFO - Enriching: City Diner
2026-05-27 18:08:33,371 - INFO - Enriching: Smoke Shop
2026-05-27 18:08:33,372 - INFO - Enriching: La Casa Bodega
2026-05-27 18:08:33,372 - INFO - Enriching: Daney's Mini Mart
2026-05-27 18:08:33,372 - INFO - Enriching: Monterey Mini Mart
2026-05-27 18:08:33,372 - INFO - Enriching: Salinas City Barbeque
2026-05-27 18:08:33,372 - INFO - Enriching: Salinas Pizza & Pints
2026-05-27 18:08:33,373 - INFO - Enriching: Taquería Los Grullenses
2026-05-27 18:08:33,373 - INFO - Enriching: Old Town Deli & Cafe
2026-05-27 18:08:33,571 - INFO - Enriching: Rosita's Armory Cafe
2026-05-27 18:08:33,572 - INFO - Enriching: Toro Grind Bikes & Coffee
2026-05-27 18:08:33,572 - INFO - Enriching: Smokin Up Smoke Shop
2026-05-27 18:08:33,572 - INFO - Enriching: Mi Fiesta Smoke Shop
2026-05-27 18:08:33,572 - INFO - Enriching: Illusion Smoke Shop
2026-05-27 18:08:33,573 - INFO - Enriching: Bodega Rock
2026-05-27 18:08:33,573 - INFO - Enriching: Carmel Sushi
2026-05-27 18:08:33,573 - INFO - Enriching: Carmel Belle
2026-05-27 18:08:33,573 - INFO - Enriching: Cafe Carmel
2026-05-27 18:08:35,073 - INFO - Saved enriched file: /root/.openclaw/workspace/aocros/performance_supply_depot/leads/enriched/enriched_CA_Monterey_County_Leads.xlsx
2026-05-27 18:08:35,074 - INFO - Processing CA_Napa_County_Leads.xlsx...
2026-05-27 18:08:36,075 - INFO - Enriching: Napa Rose
2026-05-27 18:08:36,173 - INFO - Enriching: The Q Restaurant & Bar
2026-05-27 18:08:36,174 - INFO - Enriching: Brix Restaurant
2026-05-27 18:08:36,180 - INFO - Enriching: The charter oak restaurant
2026-05-27 18:08:36,180 - INFO - Enriching: Pacifico Mexican Restaurant
2026-05-27 18:08:36,180 - INFO - Enriching: Calistoga Inn Restaurant
2026-05-27 18:08:36,181 - INFO - Enriching: The Restaurant at Auberge du Soleil
2026-05-27 18:08:36,181 - INFO - Enriching: Hall Napa Valley
2026-05-27 18:08:36,181 - INFO - Enriching: Morimoto Napa
2026-05-27 18:08:36,370 - INFO - Enriching: Los Agaves Napa
2026-05-27 18:08:36,370 - INFO - Enriching: Napa Noodles Pacific Rim Cuisine
2026-05-27 18:08:36,372 - INFO - Enriching: Napa Palisades Saloon
2026-05-27 18:08:36,372 - INFO - Enriching: Filippi's Pizza Grotto Napa
2026-05-27 18:08:36,473 - INFO - Enriching: Il Posto Napa
2026-05-27 18:08:36,474 - INFO - Enriching: Napa Valley Burger Company
2026-05-27 18:08:36,474 - INFO - Enriching: Taqueria Maria
2026-05-27 18:08:36,475 - INFO - Enriching: Cafe Court
2026-05-27 18:08:36,475 - INFO - Enriching: Southside Cafe
2026-05-27 18:08:36,475 - INFO - Enriching: Winston's Cafe and Bakery
2026-05-27 18:08:36,476 - INFO - Enriching: Sunshine Cafe
2026-05-27 18:08:36,476 - INFO - Enriching: Canyon Cafe
2026-05-27 18:08:36,570 - INFO - Enriching: Bella Bakery & Cafe
2026-05-27 18:08:36,570 - INFO - Enriching: Boon Fly Café
2026-05-27 18:08:36,571 - INFO - Enriching: The Bakery Café by illy
2026-05-27 18:08:36,571 - INFO - Enriching: Café Sarafornia
2026-05-27 18:08:36,571 - INFO - Enriching: Napa Valley Coffee Roasting House
2026-05-27 18:08:36,671 - INFO - Enriching: Napa Valley Coffee Roasting Company
2026-05-27 18:08:36,671 - INFO - Enriching: Napa Valley Brewing Company
2026-05-27 18:08:36,671 - INFO - Enriching: Napa Farms Market
2026-05-27 18:08:36,671 - INFO - Enriching: Urbane Cafe
2026-05-27 18:08:36,672 - INFO - Enriching: Dutch Bros. Coffee
2026-05-27 18:08:36,673 - INFO - Enriching: Peet's Coffee
2026-05-27 18:08:36,673 - INFO - Enriching: Ritual Coffee Roasters
2026-05-27 18:08:36,676 - INFO - Enriching: Black Bear Diner
2026-05-27 18:08:36,676 - INFO - Enriching: Emmy Lou's Diner
2026-05-27 18:08:36,870 - INFO - Enriching: Calistoga Thai Kitchen
2026-05-27 18:08:36,871 - INFO - Enriching: Calistoga Depot
2026-05-27 18:08:36,871 - INFO - Enriching: Calistoga Roastery
2026-05-27 18:08:37,871 - INFO - Saved enriched file: /root/.openclaw/workspace/aocros/performance_supply_depot/leads/enriched/enriched_CA_Napa_County_Leads.xlsx
2026-05-27 18:08:37,873 - INFO - Processing CA_Nevada_County_Leads.xlsx...
2026-05-27 18:08:38,673 - INFO - Enriching: Fred's Szechuan Chinese Restaurant
2026-05-27 18:08:38,674 - INFO - Enriching: Lika's Quarter Cafe
2026-05-27 18:08:38,674 - INFO - Enriching: Communal Café
2026-05-27 18:08:39,071 - INFO - Enriching: Dutch Bros. Coffee
2026-05-27 18:08:39,071 - INFO - Enriching: Diego's Restaurant
2026-05-27 18:08:39,071 - INFO - Enriching: El Favorito Taqueria Mexican Foods
2026-05-27 18:08:39,071 - INFO - Enriching: El Favorito Taqueria
2026-05-27 18:08:39,071 - INFO - Enriching: South Pine Cafe
2026-05-27 18:08:39,072 - INFO - Enriching: Cafe Tara
2026-05-27 18:08:39,072 - INFO - Enriching: Durga's Divine Café
2026-05-27 18:08:39,072 - INFO - Enriching: Carolines Coffee Roasters
2026-05-27 18:08:39,072 - INFO - Enriching: Fabble Coffee
2026-05-27 18:08:39,072 - INFO - Enriching: Mellenium Smoke Shop
2026-05-27 18:08:39,073 - INFO - Enriching: Hot Spot Smoke Shop
2026-05-27 18:08:39,672 - INFO - Saved enriched file: /root/.openclaw/workspace/aocros/performance_supply_depot/leads/enriched/enriched_CA_Nevada_County_Leads.xlsx
2026-05-27 18:08:39,673 - INFO - Processing CA_Orange_County_Leads.xlsx...
2026-05-27 18:08:41,073 - INFO - Enriching: Santa Ana
2026-05-27 18:08:41,074 - INFO - Enriching: Taqueria de Anda
2026-05-27 18:08:41,074 - INFO - Enriching: Taqueria Jalapeños
2026-05-27 18:08:41,074 - INFO - Enriching: Fantastic Cafe
2026-05-27 18:08:41,074 - INFO - Enriching: Hidden House Coffee - Santa Ana
2026-05-27 18:08:41,075 - INFO - Enriching: The Coffee Bean & Tea Leaf
2026-05-27 18:08:41,075 - INFO - Enriching: Corazon Coffee
2026-05-27 18:08:41,075 - INFO - Enriching: Tribute Coffee House
2026-05-27 18:08:41,076 - INFO - Enriching: Black Bear Diner
2026-05-27 18:08:41,371 - INFO - Enriching: Munchies Vegan Diner
2026-05-27 18:08:41,371 - INFO - Enriching: Ruby's Diner
2026-05-27 18:08:41,372 - INFO - Enriching: Hookah & More Smoke Shop
2026-05-27 18:08:41,372 - INFO - Enriching: Hungry Bear Barbecue Jamboree
2026-05-27 18:08:41,372 - INFO - Enriching: Anaheim Packing House
2026-05-27 18:08:41,372 - INFO - Enriching: Carthay Circle Restaurant
2026-05-27 18:08:41,373 - INFO - Enriching: Carolina's Italian Restaurant
2026-05-27 18:08:41,373 - INFO - Enriching: Al Baraka Restaurant
2026-05-27 18:08:41,373 - INFO - Enriching: The Fifth Restaurant & Bar
2026-05-27 18:08:41,373 - INFO - Enriching: Hatam Restaurant
2026-05-27 18:08:41,374 - INFO - Enriching: Sino Fusion Chinese Restaurant
2026-05-27 18:08:41,375 - INFO - Enriching: Islands Restaurant Anaheim Hills
2026-05-27 18:08:41,375 - INFO - Enriching: Mas' Chinese Islamic Restaurant
2026-05-27 18:08:41,375 - INFO - Enriching: Marri's Pizza & Italian Restaurant
2026-05-27 18:08:41,375 - INFO - Enriching: La Sirena Mexican Restaurant
2026-05-27 18:08:41,376 - INFO - Enriching: BJ's
2026-05-27 18:08:41,376 - INFO - Enriching: River Belle Terrace
2026-05-27 18:08:41,376 - INFO - Enriching: Dumbo the Flying Elephant
2026-05-27 18:08:41,376 - INFO - Enriching: Taqueria el Primo
2026-05-27 18:08:41,377 - INFO - Enriching: Taqueria El Triunfo
2026-05-27 18:08:41,471 - INFO - Enriching: Rainforest Cafe
2026-05-27 18:08:41,471 - INFO - Enriching: Mimi's Cafe
2026-05-27 18:08:41,472 - INFO - Enriching: Neighborhood Cafe
2026-05-27 18:08:41,472 - INFO - Enriching: The Market Cafe
2026-05-27 18:08:41,472 - INFO - Enriching: Nubia Cafe
2026-05-27 18:08:41,472 - INFO - Enriching: Jolly Holiday Bakery Cafe
2026-05-27 18:08:41,473 - INFO - Enriching: K&A Cafe
2026-05-27 18:08:41,473 - INFO - Enriching: Stage Door Cafe
2026-05-27 18:08:41,473 - INFO - Enriching: Okayama Kobo Bakery & Cafe
2026-05-27 18:08:41,473 - INFO - Enriching: Park 55 Cafe
2026-05-27 18:08:41,580 - INFO - Enriching: Brewberry Cafe
2026-05-27 18:08:41,969 - INFO - Enriching: Storytellers Cafe
2026-05-27 18:08:41,970 - INFO - Enriching: Tierra Mia Coffee
2026-05-27 18:08:41,970 - INFO - Enriching: Azules Coffee
2026-05-27 18:08:41,971 - INFO - Enriching: Gormet Coffee
2026-05-27 18:08:41,971 - INFO - Enriching: Requiem: Coffee, Tea, and Fantasy
2026-05-27 18:08:41,971 - INFO - Enriching: Bodhi Leaf Coffee Traders
2026-05-27 18:08:41,971 - INFO - Enriching: Coffee Shop
2026-05-27 18:08:41,971 - INFO - Enriching: The Coffee House
2026-05-27 18:08:41,972 - INFO - Enriching: Café Daisy
2026-05-27 18:08:41,973 - INFO - Enriching: New Generation Smoke Shop
2026-05-27 18:08:41,973 - INFO - Enriching: La Bodega
2026-05-27 18:08:41,973 - INFO - Enriching: Restaurant Way
2026-05-27 18:08:41,973 - INFO - Enriching: Beijing Restaurant
2026-05-27 18:08:41,974 - INFO - Enriching: Four Sea Restaurant
2026-05-27 18:08:41,974 - INFO - Enriching: Kaju Soft Tofu Restaurant
2026-05-27 18:08:41,974 - INFO - Enriching: Chengdu restaurant
2026-05-27 18:08:41,974 - INFO - Enriching: Krave Asian Fusion Restaurant
2026-05-27 18:08:41,974 - INFO - Enriching: A&J Restaurant
2026-05-27 18:08:41,975 - INFO - Enriching: Hometown Restaurant
2026-05-27 18:08:42,470 - INFO - Enriching: Taiko Sushi Japanese Restaurant Irvine
2026-05-27 18:08:42,470 - INFO - Enriching: Bistango Restaurant
2026-05-27 18:08:42,471 - INFO - Enriching: Tang Du Restaurant
2026-05-27 18:08:42,471 - INFO - Enriching: 90 Pacifica Restaurant and Bar
2026-05-27 18:08:42,471 - INFO - Enriching: Chong Qing Mei Wei Szechuan Restaurant
2026-05-27 18:08:42,471 - INFO - Enriching: Coco's Bakery
2026-05-27 18:08:42,471 - INFO - Enriching: Mariners Church Global Cafe
2026-05-27 18:08:42,471 - INFO - Enriching: 7 Leaves Cafe
2026-05-27 18:08:42,472 - INFO - Enriching: Cafe Rio
2026-05-27 18:08:42,472 - INFO - Enriching: Northern Cafe
2026-05-27 18:08:42,472 - INFO - Enriching: Thai Cafe
2026-05-27 18:08:42,473 - INFO - Enriching: Le Cafe Du Parc
2026-05-27 18:08:42,473 - INFO - Enriching: I-Tea Cafe
2026-05-27 18:08:42,473 - INFO - Enriching: Bunny E Cafe
2026-05-27 18:08:42,473 - INFO - Enriching: Skyworks Cafe
2026-05-27 18:08:42,473 - INFO - Enriching: Cyber Cafe
2026-05-27 18:08:42,473 - INFO - Enriching: Capital One Cafe
2026-05-27 18:08:42,474 - INFO - Enriching: Sole Toscano Italian Cafe
2026-05-27 18:08:42,474 - INFO - Enriching: 85°C Bakery Cafe
2026-05-27 18:08:42,474 - INFO - Enriching: CUP by Blue Hummingbird Coffee
2026-05-27 18:08:42,475 - INFO - Enriching: Blk Dot Coffee
2026-05-27 18:08:42,570 - INFO - Enriching: Peet's Coffee
2026-05-27 18:08:42,570 - INFO - Enriching: Bodega Bay
2026-05-27 18:08:42,571 - INFO - Enriching: Vibe Costa Mesa
2026-05-27 18:08:42,571 - INFO - Enriching: Cafe Sevilla
2026-05-27 18:08:42,571 - INFO - Enriching: Memphis Cafe
2026-05-27 18:08:42,571 - INFO - Enriching: Amorelia Mexican Cafe
2026-05-27 18:08:42,572 - INFO - Enriching: Pacific Whey Cafe
2026-05-27 18:08:42,572 - INFO - Enriching: MoonGoat Coffee Roasters
2026-05-27 18:08:42,572 - INFO - Enriching: Six Bean Coffee Drive thru
2026-05-27 18:08:42,573 - INFO - Enriching: Milligram Coffee and Kitchen
2026-05-27 18:08:42,573 - INFO - Enriching: The Coffee Bean
2026-05-27 18:08:42,574 - INFO - Enriching: Nudae Coffee
2026-05-27 18:08:42,574 - INFO - Enriching: Better Buzz Coffee Roasters
2026-05-27 18:08:42,574 - INFO - Enriching: Coffee Dose
2026-05-27 18:08:42,574 - INFO - Enriching: In-sīt Coffee
2026-05-27 18:08:42,575 - INFO - Enriching: Super Stop Mini Mart
2026-05-27 18:08:43,473 - INFO - Saved enriched file: /root/.openclaw/workspace/aocros/performance_supply_depot/leads/enriched/enriched_CA_Orange_County_Leads.xlsx
2026-05-27 18:08:43,670 - INFO - Processing CA_Placer_County_Leads.xlsx...
2026-05-27 18:08:43,973 - INFO - Enriching: Local Heros of Auburn
2026-05-27 18:08:43,974 - INFO - Enriching: Monkey Cat Restaurant
2026-05-27 18:08:43,974 - INFO - Enriching: El Portal Taqueria
2026-05-27 18:08:44,170 - INFO - Enriching: El Agave Taqueria
2026-05-27 18:08:44,170 - INFO - Enriching: Auburn Ale House
2026-05-27 18:08:44,170 - INFO - Enriching: Dutch Bros. Coffee
2026-05-27 18:08:44,170 - INFO - Enriching: Depoe Bay Coffee
2026-05-27 18:08:44,171 - INFO - Enriching: Dutch Bros. Coffee Warehouse
2026-05-27 18:08:44,171 - INFO - Enriching: Smoke Shop
2026-05-27 18:08:44,171 - INFO - Enriching: Sabores Mexican Restaurant
2026-05-27 18:08:44,171 - INFO - Enriching: Panda Restaurant
2026-05-27 18:08:44,171 - INFO - Enriching: Ruen Thai Restaurant
2026-05-27 18:08:44,171 - INFO - Enriching: BJ's
2026-05-27 18:08:44,172 - INFO - Enriching: El Charro Taqueria
2026-05-27 18:08:44,172 - INFO - Enriching: El Azteca Taqueria
2026-05-27 18:08:44,172 - INFO - Enriching: El Burrito Taqueria
2026-05-27 18:08:47,275 - INFO - Enriching: El Parian Taqueria
2026-05-27 18:08:47,275 - INFO - Enriching: Martha's Taqueria
2026-05-27 18:08:47,670 - INFO - Enriching: Coffee Hub and Cafe
2026-05-27 18:08:47,670 - INFO - Enriching: Jennings House Cafe
2026-05-27 18:08:47,671 - INFO - Enriching: Mimi's Cafe
2026-05-27 18:08:47,671 - INFO - Enriching: Dos Coyotes Border Cafe
2026-05-27 18:08:47,671 - INFO - Enriching: Daphne's Greek Cafe
2026-05-27 18:08:47,673 - INFO - Enriching: Yogurt Time Cafe
2026-05-27 18:08:47,673 - INFO - Enriching: Bounty Hunters Cafe
2026-05-27 18:08:47,673 - INFO - Enriching: Pacific Street Cafe
2026-05-27 18:08:47,673 - INFO - Enriching: Chatt Cafe
2026-05-27 18:08:47,674 - INFO - Enriching: Point Loma Cafe
2026-05-27 18:08:47,674 - INFO - Enriching: Better Buzz Coffee Roasters
2026-05-27 18:08:47,870 - INFO - Enriching: The Fig Tree Coffee
2026-05-27 18:08:47,870 - INFO - Enriching: Peet's Coffee
2026-05-27 18:08:47,969 - INFO - Enriching: Fourscore Coffee House
2026-05-27 18:08:47,971 - INFO - Enriching: The Grove Coffee House
2026-05-27 18:08:47,973 - INFO - Enriching: Bloom Coffee & Tea
2026-05-27 18:08:47,973 - INFO - Enriching: Shady coffee and tea
2026-05-27 18:08:47,974 - INFO - Enriching: Portside Coffee and Gelato
2026-05-27 18:08:47,974 - INFO - Enriching: Original Mel's Diner
2026-05-27 18:08:47,974 - INFO - Enriching: Chubby's Diner
2026-05-27 18:08:47,975 - INFO - Enriching: Black Bear Diner
2026-05-27 18:08:47,975 - INFO - Enriching: Point Loma Smoke Shop
2026-05-27 18:08:47,975 - INFO - Enriching: The Dungeon Smoke Shop
2026-05-27 18:08:48,270 - INFO - Enriching: StayFly Smoke Shop
2026-05-27 18:08:48,271 - INFO - Enriching: Sky Smoke Shop
2026-05-27 18:08:48,274 - INFO - Enriching: Bodega Court
2026-05-27 18:08:48,370 - INFO - Enriching: Taqueria El Mariachi
2026-05-27 18:08:48,371 - INFO - Enriching: Taqueria Los Cabos
2026-05-27 18:08:48,371 - INFO - Enriching: Wally's Cafe
2026-05-27 18:08:48,371 - INFO - Enriching: JD's Cafe & Deli
2026-05-27 18:08:48,372 - INFO - Enriching: Edwin's Coffee and Tea
2026-05-27 18:08:49,670 - INFO - Saved enriched file: /root/.openclaw/workspace/aocros/performance_supply_depot/leads/enriched/enriched_CA_Placer_County_Leads.xlsx
2026-05-27 18:08:49,671 - INFO - Processing CA_Plumas_County_Leads.xlsx...
2026-05-27 18:08:50,873 - INFO - Enriching: Janes Place Bakery and Cafe
2026-05-27 18:08:51,070 - INFO - Enriching: Midtown Coffee
2026-05-27 18:08:51,070 - INFO - Enriching: Hong Kong BBQ Restaurant
2026-05-27 18:08:51,071 - INFO - Enriching: Ming Hing Restaurant
2026-05-27 18:08:51,072 - INFO - Enriching: Portola Kitchen
2026-05-27 18:08:51,072 - INFO - Enriching: Portola Valley Lobster Shack
2026-05-27 18:08:51,073 - INFO - Enriching: Dynasty Restaurant
2026-05-27 18:08:51,073 - INFO - Enriching: Taqueria Gonzalez
2026-05-27 18:08:51,073 - INFO - Enriching: Cinco de Mayo Taquería
2026-05-27 18:08:51,073 - INFO - Enriching: Taqueria Miraloma
2026-05-27 18:08:51,074 - INFO - Enriching: Portola
2026-05-27 18:08:51,074 - INFO - Enriching: 2546 Cafe
2026-05-27 18:08:51,074 - INFO - Enriching: Red House Bakery and Cafe
2026-05-27 18:08:51,074 - INFO - Enriching: Hey Neighbor Cafe
2026-05-27 18:08:51,670 - INFO - Enriching: Tops Café BBQ House
2026-05-27 18:08:51,673 - INFO - Enriching: Giant Scoop Café
2026-05-27 18:08:51,676 - INFO - Enriching: Portola Cafe Deli
2026-05-27 18:08:51,871 - INFO - Enriching: Jimmy's Coffee House
2026-05-27 18:08:52,273 - INFO - Enriching: 3rd Place Coffee
2026-05-27 18:08:52,274 - INFO - Enriching: Cat & Cloud Coffee Co.
2026-05-27 18:08:52,274 - INFO - Enriching: Toro Grind Bikes & Coffee
2026-05-27 18:08:52,274 - INFO - Enriching: Le Coffee Shop
2026-05-27 18:08:52,973 - INFO - Saved enriched file: /root/.openclaw/workspace/aocros/performance_supply_depot/leads/enriched/enriched_CA_Plumas_County_Leads.xlsx
2026-05-27 18:08:52,974 - INFO - Processing CA_Riverside_County_Leads.xlsx...
2026-05-27 18:08:53,774 - INFO - Enriching: Riverside Seafood Restaurant
2026-05-27 18:08:53,775 - INFO - Enriching: La Salsas Taqueria
2026-05-27 18:08:54,170 - INFO - Enriching: Taqueria El Flaco
2026-05-27 18:08:54,171 - INFO - Enriching: Tacos Che Taqueria
2026-05-27 18:08:54,171 - INFO - Enriching: Taqueria 2 Potrillos
2026-05-27 18:08:54,171 - INFO - Enriching: Taqueria Tomateros
2026-05-27 18:08:54,171 - INFO - Enriching: Taqueria Tlaquepaque
2026-05-27 18:08:54,172 - INFO - Enriching: Taqueria Fuentes
2026-05-27 18:08:54,172 - INFO - Enriching: Taqueria Monte Alban
2026-05-27 18:08:54,172 - INFO - Enriching: Taqueria Arandas
2026-05-27 18:08:54,172 - INFO - Enriching: Plaza Garibaldi Taqueria
2026-05-27 18:08:54,172 - INFO - Enriching: The Riverside Airport Cafe
2026-05-27 18:08:54,371 - INFO - Enriching: Brandon's Diner
2026-05-27 18:08:54,371 - INFO - Enriching: Richie's Real American Diner
2026-05-27 18:08:54,371 - INFO - Enriching: 5 & Diner
2026-05-27 18:08:54,372 - INFO - Enriching: Black Bear Diner
2026-05-27 18:08:54,372 - INFO - Enriching: Richie's Diner
2026-05-27 18:08:54,372 - INFO - Enriching: J&J's Diner
2026-05-27 18:08:54,372 - INFO - Enriching: Angie's Diner
2026-05-27 18:08:54,372 - INFO - Enriching: Ruby's Diner
2026-05-27 18:08:54,373 - INFO - Enriching: Smoke shop
2026-05-27 18:08:54,373 - INFO - Enriching: Bodega
2026-05-27 18:08:54,471 - INFO - Enriching: Las Palmas Liquor & Food Mini Mart
2026-05-27 18:08:54,472 - INFO - Enriching: One Stop Liquor Mini Mart
2026-05-27 18:08:54,473 - INFO - Enriching: Pechanga Gas Station & Mini Mart
2026-05-27 18:08:54,473 - INFO - Enriching: R & R Mini Mart
2026-05-27 18:08:54,474 - INFO - Enriching: Lea's Mini Mart
2026-05-27 18:08:54,570 - INFO - Enriching: Asian Mini Mart - Menifee's Asian Market
2026-05-27 18:08:54,571 - INFO - Enriching: Mr. Lyons Palm Springs
2026-05-27 18:08:54,571 - INFO - Enriching: TOAST'd in Palm Springs
2026-05-27 18:08:54,571 - INFO - Enriching: Frisky Business Palm Springs Cat Cafe
2026-05-27 18:08:54,571 - INFO - Enriching: Palm Greens Cafe
2026-05-27 18:08:54,572 - INFO - Enriching: Ristretto for Coffee Lovers
2026-05-27 18:08:54,573 - INFO - Enriching: Ernest Coffee
2026-05-27 18:08:54,573 - INFO - Enriching: PSP Coffee House
2026-05-27 18:08:54,573 - INFO - Enriching: BJ's
2026-05-27 18:08:54,573 - INFO - Enriching: Mimi's Cafe
2026-05-27 18:08:54,670 - INFO - Enriching: Lion's Den Cafe
2026-05-27 18:08:54,670 - INFO - Enriching: Cafe Gossip
2026-05-27 18:08:54,670 - INFO - Enriching: Bodega Court
2026-05-27 18:08:54,969 - INFO - Saved enriched file: /root/.openclaw/workspace/aocros/performance_supply_depot/leads/enriched/enriched_CA_Riverside_County_Leads.xlsx
2026-05-27 18:08:54,971 - INFO - Processing CA_Sacramento_County_Leads.xlsx...
2026-05-27 18:08:56,170 - INFO - Enriching: Slice of Old Sacramento Pizza
2026-05-27 18:08:56,171 - INFO - Enriching: La Terraza Old Sacramento
2026-05-27 18:08:56,172 - INFO - Enriching: Fuji Sacramento
2026-05-27 18:08:56,173 - INFO - Enriching: Beto's Taqueria
2026-05-27 18:08:56,174 - INFO - Enriching: Taqueria Sanchez
2026-05-27 18:08:56,175 - INFO - Enriching: East Sac/Midtown Taqueria
2026-05-27 18:08:56,271 - INFO - Enriching: La Barca Taqueria
2026-05-27 18:08:56,271 - INFO - Enriching: El Favorito Taqueria
2026-05-27 18:08:56,272 - INFO - Enriching: Los Inmortales Taqueria
2026-05-27 18:08:56,272 - INFO - Enriching: La Fiesta Taqueria
2026-05-27 18:08:56,273 - INFO - Enriching: Taqueria Santos Laguna
2026-05-27 18:08:56,274 - INFO - Enriching: Los Gallos Taqueria
2026-05-27 18:08:56,470 - INFO - Enriching: La Taqueria Favorita
2026-05-27 18:08:56,470 - INFO - Enriching: La Favorita Taqueria
2026-05-27 18:08:56,470 - INFO - Enriching: Taqueria Los Compadres
2026-05-27 18:08:56,471 - INFO - Enriching: Tequileros Taqueria (Elk grove)
2026-05-27 18:08:56,471 - INFO - Enriching: La Soga Taqueria
2026-05-27 18:08:56,471 - INFO - Enriching: El Cantaro Vegan Taqueria
2026-05-27 18:08:56,471 - INFO - Enriching: Selland's Market Café Broadway Sacramento
2026-05-27 18:08:56,472 - INFO - Enriching: Coffee Berry Court
2026-05-27 18:08:56,472 - INFO - Enriching: Coffee Lane
2026-05-27 18:08:56,472 - INFO - Enriching: Pachamama Coffee Bar
2026-05-27 18:08:56,473 - INFO - Enriching: Temple Coffee
2026-05-27 18:08:56,473 - INFO - Enriching: Scorpio Coffee
2026-05-27 18:08:56,474 - INFO - Enriching: Temple Coffee Roasters
2026-05-27 18:08:56,474 - INFO - Enriching: Anchor & Tree Coffee Roasting
2026-05-27 18:08:56,474 - INFO - Enriching: Old Soul Coffee Co.
2026-05-27 18:08:56,672 - INFO - Enriching: Dutch Bros. Coffee
2026-05-27 18:08:56,673 - INFO - Enriching: Grace Coffee Roasters
2026-05-27 18:08:56,673 - INFO - Enriching: Blueprint Coffee Project
2026-05-27 18:08:56,673 - INFO - Enriching: Rick's Dessert Diner
2026-05-27 18:08:56,673 - INFO - Enriching: Black Bear Diner
2026-05-27 18:08:56,870 - INFO - Enriching: Mels Diner
2026-05-27 18:08:56,871 - INFO - Enriching: FlapJacks Diner
2026-05-27 18:08:56,871 - INFO - Enriching: Silver Skillet Diner
2026-05-27 18:08:56,871 - INFO - Enriching: Cloud9 Discount Smoke Shop
2026-05-27 18:08:56,872 - INFO - Enriching: Blow and Tell Smoke Shop
2026-05-27 18:08:56,872 - INFO - Enriching: Broham Smoke Shop
2026-05-27 18:08:56,872 - INFO - Enriching: The Royal Hookah Lounge & Smoke Shop
2026-05-27 18:08:56,873 - INFO - Enriching: Sky Smoke Shop
2026-05-27 18:08:56,873 - INFO - Enriching: Magma Vape and Smoke Shop
2026-05-27 18:08:56,873 - INFO - Enriching: 3 Monkeys Smoke Shop
2026-05-27 18:08:56,875 - INFO - Enriching: Alien Vape & Smoke Shop
2026-05-27 18:08:56,875 - INFO - Enriching: Bodega Court
2026-05-27 18:08:57,071 - INFO - Enriching: Aioli Bodega Espanola
2026-05-27 18:08:57,072 - INFO - Enriching: Watt + Bodega
2026-05-27 18:08:57,072 - INFO - Enriching: Mini-Mart Cigarettes
2026-05-27 18:08:57,073 - INFO - Enriching: USA Mini Mart
2026-05-27 18:08:57,073 - INFO - Enriching: K Mini Mart
2026-05-27 18:08:57,074 - INFO - Enriching: Lazy Dog Restaurant & Bar
2026-05-27 18:08:57,074 - INFO - Enriching: BJ's
2026-05-27 18:08:57,270 - INFO - Enriching: Ttobongee Chicken Folsom
2026-05-27 18:08:57,470 - INFO - Enriching: Folsom Thai Cuisine
2026-05-27 18:08:57,471 - INFO - Enriching: Folsom Palace Asian Bistro
2026-05-27 18:08:57,471 - INFO - Enriching: Peking Restaurant
2026-05-27 18:08:57,471 - INFO - Enriching: Taco Loco Taqueria
2026-05-27 18:08:57,472 - INFO - Enriching: El Capitan Taqueria
2026-05-27 18:08:57,472 - INFO - Enriching: FM5 cafe patio
2026-05-27 18:08:57,472 - INFO - Enriching: Mimi's Cafe
2026-05-27 18:08:57,472 - INFO - Enriching: T&5 Cafe & Bakery
2026-05-27 18:08:57,473 - INFO - Enriching: Dos Coyotes Border Cafe
2026-05-27 18:08:57,473 - INFO - Enriching: Mary's Gold Miner Cafe
2026-05-27 18:08:57,474 - INFO - Enriching: Reset Cafe By Day
2026-05-27 18:08:57,474 - INFO - Enriching: Karen's Bakery & Cafe
2026-05-27 18:08:57,474 - INFO - Enriching: Feng Cha Folsom
2026-05-27 18:08:57,474 - INFO - Enriching: Folsom Bike & Coffee
2026-05-27 18:08:57,474 - INFO - Enriching: Folsom Tap House
2026-05-27 18:08:57,474 - INFO - Enriching: Stable Cafe
2026-05-27 18:08:57,475 - INFO - Enriching: Rocco's Cafe
2026-05-27 18:08:57,475 - INFO - Enriching: Rite Spot Cafe
2026-05-27 18:08:57,475 - INFO - Enriching: V Cafe
2026-05-27 18:08:57,475 - INFO - Enriching: Heirloom Cafe
2026-05-27 18:08:57,772 - INFO - Enriching: Peet's Coffee
2026-05-27 18:08:57,772 - INFO - Enriching: Kingdom Coffee
2026-05-27 18:08:57,773 - INFO - Enriching: Rise and Grind Coffee and Tea
2026-05-27 18:08:57,773 - INFO - Enriching: Philz Coffee
2026-05-27 18:08:57,773 - INFO - Enriching: Cheese Steak Restaurant
2026-05-27 18:08:57,774 - INFO - Enriching: Stagecoach Restaurant
2026-05-27 18:08:57,774 - INFO - Enriching: A Seat at the Table Cafe
2026-05-27 18:08:57,774 - INFO - Enriching: N'joy Cafe
2026-05-27 18:08:57,774 - INFO - Enriching: 恩記大排檔 Licious Cafe
2026-05-27 18:08:57,775 - INFO - Enriching: Jamie's Cafe
2026-05-27 18:08:57,776 - INFO - Enriching: The Flame Cafe
2026-05-27 18:08:57,776 - INFO - Enriching: Coffee Spot
2026-05-27 18:08:59,273 - INFO - Saved enriched file: /root/.openclaw/workspace/aocros/performance_supply_depot/leads/enriched/enriched_CA_Sacramento_County_Leads.xlsx
2026-05-27 18:08:59,274 - INFO - Processing CA_San Benito_County_Leads.xlsx...
2026-05-27 18:09:00,873 - INFO - Enriching: El Epazote Mexican Restaurant
2026-05-27 18:09:00,874 - INFO - Enriching: Progresso Restaurant
2026-05-27 18:09:00,874 - INFO - Enriching: Miyako Japanese Restaurant
2026-05-27 18:09:00,874 - INFO - Enriching: Los Altos Restaurant
2026-05-27 18:09:00,874 - INFO - Enriching: Creekside Restaurant & Bar
2026-05-27 18:09:00,875 - INFO - Enriching: Super Taqueria
2026-05-27 18:09:00,875 - INFO - Enriching: La Villa De Jerez Taqueria
2026-05-27 18:09:00,875 - INFO - Enriching: El Grullense Jal. Taqueria
2026-05-27 18:09:01,070 - INFO - Enriching: Alegria Taqueria
2026-05-27 18:09:01,071 - INFO - Enriching: Country Rose Cafe
2026-05-27 18:09:01,073 - INFO - Enriching: Ding-A-Ling Cafe
2026-05-27 18:09:01,073 - INFO - Enriching: Cozy Cup Cafe
2026-05-27 18:09:01,073 - INFO - Enriching: Knife and Fork Cafe
2026-05-27 18:09:01,074 - INFO - Enriching: Happy Cafe
2026-05-27 18:09:01,074 - INFO - Enriching: Hollister House Bar and Grill
2026-05-27 18:09:01,074 - INFO - Enriching: Domingo's Cafe
2026-05-27 18:09:01,074 - INFO - Enriching: Cajun Kitchen Cafe
2026-05-27 18:09:01,075 - INFO - Enriching: Cody's Cafe
2026-05-27 18:09:01,077 - INFO - Enriching: Crush Cakes Cafe
2026-05-27 18:09:01,077 - INFO - Enriching: Del Pueblo Cafe
2026-05-27 18:09:01,078 - INFO - Enriching: Phamous Café
2026-05-27 18:09:01,078 - INFO - Enriching: Breakfast Café
2026-05-27 18:09:01,270 - INFO - Enriching: Dutch Bros. Coffee
2026-05-27 18:09:01,271 - INFO - Enriching: Calavera Coffee
2026-05-27 18:09:01,271 - INFO - Enriching: Dean: A Coffee Shop
2026-05-27 18:09:01,271 - INFO - Enriching: Old Town Coffee
2026-05-27 18:09:01,272 - INFO - Enriching: Magnolia Smoke Shop
2026-05-27 18:09:01,272 - INFO - Enriching: Bodega Court
2026-05-27 18:09:01,274 - INFO - Enriching: Inaka Japanese Restaurant
2026-05-27 18:09:02,071 - INFO - Saved enriched file: /root/.openclaw/workspace/aocros/performance_supply_depot/leads/enriched/enriched_CA_San Benito_County_Leads.xlsx
2026-05-27 18:09:02,072 - INFO - Processing CA_San_Bernardino_County_Leads.xlsx...
2026-05-27 18:09:02,969 - INFO - Enriching: Pho Ha Vietnamese Restaurant
2026-05-27 18:09:02,970 - INFO - Enriching: Pho 72 Restaurant Vietnamese Noodle and Grill
2026-05-27 18:09:02,970 - INFO - Enriching: Salpicón Salvadoran Restaurant
2026-05-27 18:09:02,971 - INFO - Enriching: Billy J's Restaurant
2026-05-27 18:09:02,971 - INFO - Enriching: Casa Barreto Restaurant
2026-05-27 18:09:02,971 - INFO - Enriching: El Chilitos Mexican Restaurant
2026-05-27 18:09:02,971 - INFO - Enriching: Ra Sushi Bar & Restaurant
2026-05-27 18:09:02,974 - INFO - Enriching: Espinoza's Family Restaurant
2026-05-27 18:09:02,975 - INFO - Enriching: Oggi's Restaurant Sports Bar
2026-05-27 18:09:03,271 - INFO - Enriching: Upland Kabob Restaurant
2026-05-27 18:09:03,272 - INFO - Enriching: Napoli Italian Restaurant
2026-05-27 18:09:03,272 - INFO - Enriching: Á Đông Restaurant
2026-05-27 18:09:03,272 - INFO - Enriching: Red Chilli Restaurant
2026-05-27 18:09:03,273 - INFO - Enriching: Viva Villa Taqueria
2026-05-27 18:09:03,273 - INFO - Enriching: Taqueria 29
2026-05-27 18:09:03,273 - INFO - Enriching: Taqueria 2 Portillos
2026-05-27 18:09:03,273 - INFO - Enriching: Al Pastor Taqueria
2026-05-27 18:09:03,274 - INFO - Enriching: Roy's Motel and Café
2026-05-27 18:09:03,274 - INFO - Enriching: Hard Rock Cafe
2026-05-27 18:09:03,471 - INFO - Enriching: Mitla Cafe
2026-05-27 18:09:03,471 - INFO - Enriching: Mimi's Cafe
2026-05-27 18:09:03,471 - INFO - Enriching: Hiep Thanh Cafe
2026-05-27 18:09:03,472 - INFO - Enriching: Cafe Society
2026-05-27 18:09:03,472 - INFO - Enriching: Bleu Pitt Cafe
2026-05-27 18:09:03,771 - INFO - Enriching: Cafe Organix
2026-05-27 18:09:03,772 - INFO - Enriching: Page One Cafe
2026-05-27 18:09:03,772 - INFO - Enriching: Joanne's Cafe
2026-05-27 18:09:03,774 - INFO - Enriching: Rainforest Cafe
2026-05-27 18:09:03,775 - INFO - Enriching: Unique Cafe
2026-05-27 18:09:04,171 - INFO - Enriching: Cafe Rio
2026-05-27 18:09:04,172 - INFO - Enriching: The Bookmark Cafe Bar
2026-05-27 18:09:04,172 - INFO - Enriching: Dutch Bros. Coffee
2026-05-27 18:09:04,172 - INFO - Enriching: Surf City Squeeze/Kahala Coffee Traders Premium
2026-05-27 18:09:04,172 - INFO - Enriching: Klatch Coffee
2026-05-27 18:09:04,172 - INFO - Enriching: Jake's Coffee
2026-05-27 18:09:04,173 - INFO - Enriching: First I Drink The Coffee Then I Do The Things
2026-05-27 18:09:04,173 - INFO - Enriching: The Coffee Bean
2026-05-27 18:09:04,173 - INFO - Enriching: Smoke Shop
2026-05-27 18:09:04,173 - INFO - Enriching: Bodega Way
2026-05-27 18:09:04,771 - INFO - Enriching: La Bodega Way
2026-05-27 18:09:04,771 - INFO - Enriching: Bodega Street
2026-05-27 18:09:04,771 - INFO - Enriching: Bodega Lane
2026-05-27 18:09:04,772 - INFO - Enriching: Bodega Court
2026-05-27 18:09:04,772 - INFO - Enriching: W. Bodega Way
2026-05-27 18:09:04,772 - INFO - Enriching: Ontario Burgers
2026-05-27 18:09:04,772 - INFO - Enriching: It's Boba Time
2026-05-27 18:09:04,773 - INFO - Enriching: Goody's Family Restaurant
2026-05-27 18:09:04,773 - INFO - Enriching: Apollo Restaurant
2026-05-27 18:09:04,773 - INFO - Enriching: BJ's
2026-05-27 18:09:04,775 - INFO - Enriching: Tom's Famous Family Restaurant
2026-05-27 18:09:05,069 - INFO - Enriching: Molly Brown's Country Cafe
2026-05-27 18:09:05,070 - INFO - Enriching: Emma Jean's Holland Burger Cafe
2026-05-27 18:09:05,070 - INFO - Enriching: Popeye's Smoke Shop
2026-05-27 18:09:05,071 - INFO - Enriching: VV Smoke Shop
2026-05-27 18:09:05,071 - INFO - Enriching: Victorville Smoke Shop
2026-05-27 18:09:05,071 - INFO - Enriching: Redlands Foursquare Tabernacle
2026-05-27 18:09:05,071 - INFO - Enriching: Redlands Oyster Cult
2026-05-27 18:09:05,072 - INFO - Enriching: Caprice Cafe
2026-05-27 18:09:05,072 - INFO - Enriching: Naan Cafe
2026-05-27 18:09:05,073 - INFO - Enriching: Wok In Cafe
2026-05-27 18:09:05,073 - INFO - Enriching: Carolyn’s Cafe
2026-05-27 18:09:05,073 - INFO - Enriching: Esri Café
2026-05-27 18:09:05,073 - INFO - Enriching: KRAK BOBA REDLANDS
2026-05-27 18:09:05,074 - INFO - Enriching: Slow Bloom Coffee Cooperative
2026-05-27 18:09:05,074 - INFO - Enriching: Hooray Coffee
2026-05-27 18:09:05,074 - INFO - Enriching: The Coffee Bean & Tea Leaf
2026-05-27 18:09:05,074 - INFO - Enriching: Molinos Coffee
2026-05-27 18:09:05,074 - INFO - Enriching: Stell Coffee and Tea Co.
2026-05-27 18:09:05,074 - INFO - Enriching: Wild Goose Coffee Roasters
2026-05-27 18:09:05,571 - INFO - Enriching: Redlands Smoke Shop
2026-05-27 18:09:05,571 - INFO - Enriching: S&S Smoke Shop and Vape
2026-05-27 18:09:06,271 - INFO - Saved enriched file: /root/.openclaw/workspace/aocros/performance_supply_depot/leads/enriched/enriched_CA_San_Bernardino_County_Leads.xlsx
2026-05-27 18:09:06,279 - INFO - Processing CA_San_Diego_County_Leads.xlsx...
2026-05-27 18:09:06,772 - INFO - Enriching: Punch Bowl Social San Diego
2026-05-27 18:09:06,970 - INFO - Enriching: Spices Thai Cafe of San Diego
2026-05-27 18:09:06,970 - INFO - Enriching: San Diego Burger Co.
2026-05-27 18:09:06,970 - INFO - Enriching: Social Tap San Diego
2026-05-27 18:09:06,971 - INFO - Enriching: Meal Prep Sunday
2026-05-27 18:09:06,971 - INFO - Enriching: Mucha Fruta taqueria y fruteria
2026-05-27 18:09:06,971 - INFO - Enriching: Taqueria El Cino
2026-05-27 18:09:06,971 - INFO - Enriching: Taqueria Revolucion
2026-05-27 18:09:06,973 - INFO - Enriching: Picante Taqueria Mexican Grill
2026-05-27 18:09:06,973 - INFO - Enriching: Taqueria Los Corrales
2026-05-27 18:09:06,973 - INFO - Enriching: Birrieria & Taqueria La Huasteca
2026-05-27 18:09:06,974 - INFO - Enriching: Taqueria By El Prieto
2026-05-27 18:09:06,974 - INFO - Enriching: La Imperial Taqueria
2026-05-27 18:09:06,974 - INFO - Enriching: Taqueria Revolución
2026-05-27 18:09:06,974 - INFO - Enriching: Taqueria Morelos Mexican Food
2026-05-27 18:09:06,974 - INFO - Enriching: Mis Dos Gallos Taqueria, Fruit & Deli
2026-05-27 18:09:06,975 - INFO - Enriching: City Tacos Village Taqueria
2026-05-27 18:09:06,975 - INFO - Enriching: Las Brisas Taqueria
2026-05-27 18:09:07,172 - INFO - Enriching: Taquería Los Chuchys
2026-05-27 18:09:07,172 - INFO - Enriching: The Loft at UC San Diego
2026-05-27 18:09:07,570 - INFO - Enriching: Coffee Bean Lane
2026-05-27 18:09:07,571 - INFO - Enriching: Coffee Pot Trail
2026-05-27 18:09:07,571 - INFO - Enriching: Portside Coffee & Gelato
2026-05-27 18:09:07,571 - INFO - Enriching: Bird Rock Coffee Roasters
2026-05-27 18:09:07,571 - INFO - Enriching: Crown Point Coffee
2026-05-27 18:09:07,572 - INFO - Enriching: Coffee drop
2026-05-27 18:09:07,572 - INFO - Enriching: Em Coffee House
2026-05-27 18:09:07,572 - INFO - Enriching: Industrial Grind Coffee
2026-05-27 18:09:07,575 - INFO - Enriching: Torque Coffee
2026-05-27 18:09:07,575 - INFO - Enriching: Talitha Coffee Roasters
2026-05-27 18:09:07,575 - INFO - Enriching: Coffee & Tea Collective
2026-05-27 18:09:07,575 - INFO - Enriching: Lofty Coffee & co.
2026-05-27 18:09:07,576 - INFO - Enriching: heartwork coffee
2026-05-27 18:09:07,576 - INFO - Enriching: Inspired Coffee Roasters
2026-05-27 18:09:07,576 - INFO - Enriching: Smoke Shop
2026-05-27 18:09:07,576 - INFO - Enriching: Caminito Bodega
2026-05-27 18:09:07,870 - INFO - Enriching: Bodega Road
2026-05-27 18:09:07,870 - INFO - Enriching: Bodega Place
2026-05-27 18:09:07,872 - INFO - Enriching: Bodega Court
2026-05-27 18:09:07,873 - INFO - Enriching: Bodega Way
2026-05-27 18:09:07,873 - INFO - Enriching: Bodega Bay Drive
2026-05-27 18:09:07,873 - INFO - Enriching: Bodega Bay Way
2026-05-27 18:09:07,874 - INFO - Enriching: La Bodega Market
2026-05-27 18:09:07,874 - INFO - Enriching: Mi Guadalajara Restaurant
2026-05-27 18:09:07,874 - INFO - Enriching: J&M's Family Restaurant
2026-05-27 18:09:07,874 - INFO - Enriching: La Tapatia Mexican Restaurant & Cantina
2026-05-27 18:09:07,875 - INFO - Enriching: Charlie's Family Restaurant
2026-05-27 18:09:07,875 - INFO - Enriching: El Nopal Mexican Restaurant
2026-05-27 18:09:08,072 - INFO - Enriching: Mexico Lindo Restaurant
2026-05-27 18:09:08,073 - INFO - Enriching: Tango Restaurant & Lounge
2026-05-27 18:09:08,074 - INFO - Enriching: Sopranos Pizza and Restaurant
2026-05-27 18:09:08,074 - INFO - Enriching: Bamboo House Chinese Restaurant
2026-05-27 18:09:08,075 - INFO - Enriching: BJ's
2026-05-27 18:09:08,075 - INFO - Enriching: Marie Callender's
2026-05-27 18:09:08,075 - INFO - Enriching: El Puerto Escondido
2026-05-27 18:09:08,075 - INFO - Enriching: Filippi's Pizza Grotto Escondido
2026-05-27 18:09:08,075 - INFO - Enriching: La Farfalla Cafe
2026-05-27 18:09:08,075 - INFO - Enriching: Mirin Cafe
2026-05-27 18:09:08,270 - INFO - Enriching: Chan Dara Thai Cafe
2026-05-27 18:09:08,271 - INFO - Enriching: Westside Cafe
2026-05-27 18:09:08,271 - INFO - Enriching: Mila's Centre City Cafe
2026-05-27 18:09:08,271 - INFO - Enriching: Chippy's Diner
2026-05-27 18:09:08,272 - INFO - Enriching: Escondido Joe's
2026-05-27 18:09:08,272 - INFO - Enriching: Escondido Sports Pub
2026-05-27 18:09:08,272 - INFO - Enriching: Buccaneer Cafe
2026-05-27 18:09:08,272 - INFO - Enriching: Start Fresh Cafe
2026-05-27 18:09:08,272 - INFO - Enriching: Plantology Cafe
2026-05-27 18:09:08,272 - INFO - Enriching: Coupa Café
2026-05-27 18:09:08,373 - INFO - Enriching: Blue Mug Coffee & Tea
2026-05-27 18:09:08,373 - INFO - Enriching: Lung Doctor Smoke Shop
2026-05-27 18:09:08,373 - INFO - Enriching: Kings Smoke Shop
2026-05-27 18:09:08,374 - INFO - Enriching: La Hacienda Restaurant And Party Hall
2026-05-27 18:09:08,374 - INFO - Enriching: San Luis Rey Bakery And Restaurant
2026-05-27 18:09:08,670 - INFO - Enriching: Mary's Family Restaurant
2026-05-27 18:09:08,671 - INFO - Enriching: Grandma's Restaurant
2026-05-27 18:09:08,671 - INFO - Enriching: The Surf Club Oceanside
2026-05-27 18:09:08,671 - INFO - Enriching: Lalla Oceanside Grill
2026-05-27 18:09:08,671 - INFO - Enriching: Mimi's Cafe
2026-05-27 18:09:08,673 - INFO - Enriching: Broken Yolk Cafe
2026-05-27 18:09:08,673 - INFO - Enriching: Swami's Cafe
2026-05-27 18:09:08,673 - INFO - Enriching: Beach Break Cafe
2026-05-27 18:09:08,673 - INFO - Enriching: 85°C Bakery Cafe
2026-05-27 18:09:08,674 - INFO - Enriching: Seabreeze Cafe
2026-05-27 18:09:08,674 - INFO - Enriching: Teri Cafe
2026-05-27 18:09:08,674 - INFO - Enriching: Oceanside Ale Works
2026-05-27 18:09:08,674 - INFO - Enriching: Better Buzz Coffee
2026-05-27 18:09:08,674 - INFO - Enriching: seaborne coffee FTS
2026-05-27 18:09:08,675 - INFO - Enriching: Succulent Coffee
2026-05-27 18:09:08,771 - INFO - Enriching: Nautical Bean Coffee Company
2026-05-27 18:09:08,971 - INFO - Enriching: Dutch Bros. Coffee
2026-05-27 18:09:08,971 - INFO - Enriching: Pier View Coffee Company
2026-05-27 18:09:08,971 - INFO - Enriching: Banana Dang Coffee
2026-05-27 18:09:08,972 - INFO - Enriching: Bound Coffee Co.
2026-05-27 18:09:08,972 - INFO - Enriching: Mission Grounds Coffee
2026-05-27 18:09:08,972 - INFO - Enriching: Brockton Villa Restaurant
2026-05-27 18:09:08,973 - INFO - Enriching: Flower Pot Cafe
2026-05-27 18:09:08,973 - INFO - Enriching: Rosemonts Cafe
2026-05-27 18:09:08,973 - INFO - Enriching: Parakeet Cafe
2026-05-27 18:09:09,072 - INFO - Enriching: Smallgoods Cheese Shop & Cafe
2026-05-27 18:09:09,073 - INFO - Enriching: Pinpoint Cafe
2026-05-27 18:09:09,074 - INFO - Enriching: Cafe Vehik
2026-05-27 18:09:09,075 - INFO - Enriching: Café Milano
2026-05-27 18:09:09,270 - INFO - Enriching: Che Café Collective
2026-05-27 18:09:09,271 - INFO - Enriching: Ché Café
2026-05-27 18:09:09,271 - INFO - Enriching: Harry's Coffee Shop
2026-05-27 18:09:09,272 - INFO - Enriching: Peet's Coffee
2026-05-27 18:09:09,272 - INFO - Enriching: Better Buzz Coffee Roasters
2026-05-27 18:09:09,369 - INFO - Enriching: Java Earth Coffee
2026-05-27 18:09:10,972 - INFO - Saved enriched file: /root/.openclaw/workspace/aocros/performance_supply_depot/leads/enriched/enriched_CA_San_Diego_County_Leads.xlsx
2026-05-27 18:09:10,975 - INFO - Processing CA_San_Joaquin_County_Leads.xlsx...
2026-05-27 18:09:12,371 - INFO - Enriching: Mile Wine Restaurant
2026-05-27 18:09:12,372 - INFO - Enriching: Cambodian Restaurant
2026-05-27 18:09:12,372 - INFO - Enriching: Bayon Restaurant
2026-05-27 18:09:12,376 - INFO - Enriching: UJ's Restaurant
2026-05-27 18:09:12,376 - INFO - Enriching: Phở Saigon Bay Restaurant
2026-05-27 18:09:12,376 - INFO - Enriching: Waterloo Restaurant
2026-05-27 18:09:12,376 - INFO - Enriching: Island Gourmet Restaurant & Market
2026-05-27 18:09:12,377 - INFO - Enriching: Adalberto's Méxican Food Restaurant
2026-05-27 18:09:12,377 - INFO - Enriching: BJ's
2026-05-27 18:09:12,570 - INFO - Enriching: OneUP Restaurant
2026-05-27 18:09:12,572 - INFO - Enriching: North Beach Restaurant
2026-05-27 18:09:12,572 - INFO - Enriching: New Fortune Restaurant
2026-05-27 18:09:12,572 - INFO - Enriching: Chan's Restaurant
2026-05-27 18:09:12,572 - INFO - Enriching: Yee Cheong Restaurant
2026-05-27 18:09:12,572 - INFO - Enriching: Cheese Steak Restaurant
2026-05-27 18:09:12,573 - INFO - Enriching: Tu Pueblito Taqueria
2026-05-27 18:09:12,573 - INFO - Enriching: Sombrero Taqueria
2026-05-27 18:09:12,573 - INFO - Enriching: Tequileros Taqueria
2026-05-27 18:09:12,573 - INFO - Enriching: Tepa Taqueria
2026-05-27 18:09:12,573 - INFO - Enriching: Fuego Taqueria
2026-05-27 18:09:12,871 - INFO - Enriching: Taqueria Mana
2026-05-27 18:09:12,872 - INFO - Enriching: Tequileros Taqueria (Elk grove)
2026-05-27 18:09:13,070 - INFO - Enriching: Taqueria Los Compadres
2026-05-27 18:09:13,070 - INFO - Enriching: Midtown Creperie & Cafe
2026-05-27 18:09:13,070 - INFO - Enriching: Fusion Boba Cafe
2026-05-27 18:09:13,070 - INFO - Enriching: Eddie's Pizza Cafe
2026-05-27 18:09:13,071 - INFO - Enriching: Ira & Luis Cafe
2026-05-27 18:09:13,071 - INFO - Enriching: Bagel Deli-Cafe
2026-05-27 18:09:13,071 - INFO - Enriching: Tony Nik's Cafe
2026-05-27 18:09:13,071 - INFO - Enriching: The AA Bakery & Cafe
2026-05-27 18:09:13,073 - INFO - Enriching: Cavalli Cafe
2026-05-27 18:09:13,073 - INFO - Enriching: Wa Li Bakery & Cafe
2026-05-27 18:09:13,073 - INFO - Enriching: Cafe Colonial
2026-05-27 18:09:13,073 - INFO - Enriching: Boon Boon Cafe
2026-05-27 18:09:13,073 - INFO - Enriching: Mimi's Cafe
2026-05-27 18:09:13,074 - INFO - Enriching: 恩記大排檔 Licious Cafe
2026-05-27 18:09:13,074 - INFO - Enriching: Coffee drop
2026-05-27 18:09:13,074 - INFO - Enriching: Peet's Coffee
2026-05-27 18:09:13,074 - INFO - Enriching: Dutch Bros. Coffee
2026-05-27 18:09:13,075 - INFO - Enriching: Poppy Coffee
2026-05-27 18:09:13,672 - INFO - Enriching: Nor Cali Smoke Shop
2026-05-27 18:09:13,673 - INFO - Enriching: Vapor Smoke Shop
2026-05-27 18:09:13,673 - INFO - Enriching: The Royal Hookah Lounge & Smoke Shop
2026-05-27 18:09:13,674 - INFO - Enriching: Bodega Lane
2026-05-27 18:09:13,674 - INFO - Enriching: My Thai Cuisine Restaurant
2026-05-27 18:09:13,674 - INFO - Enriching: Tracy's Grill
2026-05-27 18:09:13,769 - INFO - Enriching: Tita's Pupuseria Restaurant
2026-05-27 18:09:13,770 - INFO - Enriching: Taqueria Los Altos
2026-05-27 18:09:13,772 - INFO - Enriching: Ofeila's Taqueria
2026-05-27 18:09:13,772 - INFO - Enriching: Taqueria Carolina
2026-05-27 18:09:13,773 - INFO - Enriching: Taqueria Jalos
2026-05-27 18:09:13,774 - INFO - Enriching: Thai Cafe
2026-05-27 18:09:13,774 - INFO - Enriching: Cafe Dazzling
2026-05-27 18:09:13,774 - INFO - Enriching: World Coffee House
2026-05-27 18:09:13,775 - INFO - Enriching: Central Coffee Co.
2026-05-27 18:09:13,775 - INFO - Enriching: Up 'N Smoke Smoke Shop
2026-05-27 18:09:14,175 - INFO - Enriching: Spark Smoke Shop
2026-05-27 18:09:14,176 - INFO - Enriching: Bodega Court
2026-05-27 18:09:14,470 - INFO - Enriching: Kisan Indian Market & Restaurant
2026-05-27 18:09:14,471 - INFO - Enriching: Pete's Restaurant & Brewhouse
2026-05-27 18:09:14,473 - INFO - Enriching: Taqueria
2026-05-27 18:09:14,473 - INFO - Enriching: Frank's down town Cafe
2026-05-27 18:09:14,473 - INFO - Enriching: Jack's Pizza Café
2026-05-27 18:09:15,571 - INFO - Saved enriched file: /root/.openclaw/workspace/aocros/performance_supply_depot/leads/enriched/enriched_CA_San_Joaquin_County_Leads.xlsx
2026-05-27 18:09:15,573 - INFO - Processing CA_San_Luis_Obispo_County_Leads.xlsx...
2026-05-27 18:09:16,875 - INFO - Enriching: Goshi Japanese Restaurant
2026-05-27 18:09:17,070 - INFO - Enriching: Novo Restaurant & Lounge
2026-05-27 18:09:17,071 - INFO - Enriching: Pancho Villa's Mexican Restaurant
2026-05-27 18:09:17,071 - INFO - Enriching: Efren’s Mexican Restaurant
2026-05-27 18:09:17,071 - INFO - Enriching: Tognazzini's Dockside Restaurant
2026-05-27 18:09:17,071 - INFO - Enriching: The Coffee Pot Restaurant
2026-05-27 18:09:17,071 - INFO - Enriching: 60 State Park Restaurant & Lounge
2026-05-27 18:09:17,073 - INFO - Enriching: Coronas Mexican Restaurant
2026-05-27 18:09:17,073 - INFO - Enriching: Rosa's Italian Restaurant
2026-05-27 18:09:17,073 - INFO - Enriching: Brad's Restaurant
2026-05-27 18:09:17,073 - INFO - Enriching: Spyglass Inn Restaurant
2026-05-27 18:09:17,074 - INFO - Enriching: Mei's Chinese Restaurant
2026-05-27 18:09:17,074 - INFO - Enriching: Madeline's Restaurant and Wine Shop
2026-05-27 18:09:17,074 - INFO - Enriching: Robin's Restaurant
2026-05-27 18:09:17,074 - INFO - Enriching: Taqueria
2026-05-27 18:09:17,074 - INFO - Enriching: Taqueria El Güero
2026-05-27 18:09:17,075 - INFO - Enriching: Taqueria San Miguel
2026-05-27 18:09:17,271 - INFO - Enriching: La Esquina Taqueria
2026-05-27 18:09:17,271 - INFO - Enriching: Taqueria Santa Cruz Express
2026-05-27 18:09:17,272 - INFO - Enriching: Taqueria Santa Cruz Express 2
2026-05-27 18:09:17,272 - INFO - Enriching: La Parilla Taqueria
2026-05-27 18:09:17,272 - INFO - Enriching: Orale Taqueria
2026-05-27 18:09:17,272 - INFO - Enriching: Taqueria El Guero
2026-05-27 18:09:17,272 - INFO - Enriching: Moreno’s Taqueria
2026-05-27 18:09:17,273 - INFO - Enriching: Cafe
2026-05-27 18:09:17,273 - INFO - Enriching: Cafe Roma
2026-05-27 18:09:17,273 - INFO - Enriching: Cowgirl Cafe
2026-05-27 18:09:17,277 - INFO - Enriching: Alma Cafe
2026-05-27 18:09:17,277 - INFO - Enriching: Del Monte Cafe
2026-05-27 18:09:17,278 - INFO - Enriching: La Cuesta Lounge Cafe Car
2026-05-27 18:09:17,278 - INFO - Enriching: Platypus Cafe
2026-05-27 18:09:17,278 - INFO - Enriching: Cool Cat Cafe
2026-05-27 18:09:17,278 - INFO - Enriching: Le Ciel Crepe Cafe
2026-05-27 18:09:17,278 - INFO - Enriching: Bon Temps Creole Cafe
2026-05-27 18:09:17,372 - INFO - Enriching: Nautical Bean Espresso Cafe
2026-05-27 18:09:17,372 - INFO - Enriching: Jaffa Cafe
2026-05-27 18:09:17,373 - INFO - Enriching: Outspoken Cafe
2026-05-27 18:09:17,374 - INFO - Enriching: Budget Cafe
2026-05-27 18:09:17,769 - INFO - Enriching: Linnaea's Cafe
2026-05-27 18:09:17,770 - INFO - Enriching: Coffee Lane
2026-05-27 18:09:17,771 - INFO - Enriching: Scout Coffee
2026-05-27 18:09:17,771 - INFO - Enriching: Joebella Coffee Roasters
2026-05-27 18:09:17,771 - INFO - Enriching: The Libertine Brewing Company and Coffee Bar
2026-05-27 18:09:17,772 - INFO - Enriching: Kaffein Coffee Company
2026-05-27 18:09:17,772 - INFO - Enriching: Deltina Coffee
2026-05-27 18:09:17,772 - INFO - Enriching: Field Day Coffee
2026-05-27 18:09:17,970 - INFO - Enriching: Nano's Coffee
2026-05-27 18:09:17,971 - INFO - Enriching: Spearhead Coffee
2026-05-27 18:09:17,972 - INFO - Enriching: Paso Robles Inn Coffee Shop
2026-05-27 18:09:17,972 - INFO - Enriching: Kreuzberg Coffee Company
2026-05-27 18:09:17,972 - INFO - Enriching: The Club Smoke Shop
2026-05-27 18:09:17,972 - INFO - Enriching: M & M Smoke Shop
2026-05-27 18:09:17,972 - INFO - Enriching: Club Smoke Shop
2026-05-27 18:09:17,972 - INFO - Enriching: G B Smoke Shop
2026-05-27 18:09:17,972 - INFO - Enriching: Los Osos Smoke Shop
2026-05-27 18:09:17,973 - INFO - Enriching: Kachi Smoke Shop
2026-05-27 18:09:17,973 - INFO - Enriching: Bodega Court
2026-05-27 18:09:17,974 - INFO - Enriching: Bodega De Edgar
2026-05-27 18:09:17,974 - INFO - Enriching: Firestone Walker Taproom Restaurant
2026-05-27 18:09:17,974 - INFO - Enriching: Los Robles Cafe
2026-05-27 18:09:17,974 - INFO - Enriching: Odyssey World Cafe
2026-05-27 18:09:17,975 - INFO - Enriching: Sunrise Cafe
2026-05-27 18:09:17,975 - INFO - Enriching: Good Times Cafe
2026-05-27 18:09:17,975 - INFO - Enriching: Vic's Cafe
2026-05-27 18:09:18,170 - INFO - Enriching: Otter Rock Cafe
2026-05-27 18:09:18,171 - INFO - Enriching: Bayside Cafe
2026-05-27 18:09:18,171 - INFO - Enriching: Dorn's Original Breakers Cafe
2026-05-27 18:09:18,371 - INFO - Enriching: Shine Cafe
2026-05-27 18:09:18,371 - INFO - Enriching: Frankie & Lola's Front Street Cafe
2026-05-27 18:09:18,371 - INFO - Enriching: High Tide
2026-05-27 18:09:18,372 - INFO - Enriching: Top Dog Coffee Bar
2026-05-27 18:09:18,372 - INFO - Enriching: Morro Bay Coffee Company
2026-05-27 18:09:19,577 - INFO - Saved enriched file: /root/.openclaw/workspace/aocros/performance_supply_depot/leads/enriched/enriched_CA_San_Luis_Obispo_County_Leads.xlsx
2026-05-27 18:09:19,578 - INFO - Processing CA_San_Mateo_County_Leads.xlsx...
2026-05-27 18:09:21,074 - INFO - Enriching: Jack's Restaurant
2026-05-27 18:09:21,075 - INFO - Enriching: Little Sichuan Restaurant
2026-05-27 18:09:21,075 - INFO - Enriching: Tianfu Restaurant
2026-05-27 18:09:21,270 - INFO - Enriching: Heidi's Pies Family Restaurant
2026-05-27 18:09:21,271 - INFO - Enriching: Spiedo Restaurant
2026-05-27 18:09:21,272 - INFO - Enriching: Pasta Primavera Restaurant & Bar
2026-05-27 18:09:21,273 - INFO - Enriching: Celia's Mexican Restaurant
2026-05-27 18:09:21,273 - INFO - Enriching: Everyday Beijing Restaurant
2026-05-27 18:09:21,273 - INFO - Enriching: Champagne Seafood Restaurant
2026-05-27 18:09:21,273 - INFO - Enriching: Tenka Japanese Restaurant
2026-05-27 18:09:21,274 - INFO - Enriching: Fish Market Restaurant
2026-05-27 18:09:21,274 - INFO - Enriching: Restaurant Bay Watch
2026-05-27 18:09:21,274 - INFO - Enriching: Pronto Restaurant
2026-05-27 18:09:21,470 - INFO - Enriching: Sky Kitchen Restaurant
2026-05-27 18:09:21,471 - INFO - Enriching: Fey Restaurant
2026-05-27 18:09:21,472 - INFO - Enriching: Pancho Villa Taqueria
2026-05-27 18:09:21,472 - INFO - Enriching: Los Primos Taqueria
2026-05-27 18:09:21,473 - INFO - Enriching: Taqueria Las Palomas
2026-05-27 18:09:21,473 - INFO - Enriching: Charlie's Taqueria
2026-05-27 18:09:21,473 - INFO - Enriching: Taqueria El Grullense
2026-05-27 18:09:21,473 - INFO - Enriching: Taqueria Michoacan y Panaderia
2026-05-27 18:09:21,473 - INFO - Enriching: Los Temos Taqueria
2026-05-27 18:09:21,474 - INFO - Enriching: Nikko's Taqueria Mexican Grill
2026-05-27 18:09:21,474 - INFO - Enriching: Naranjo's Taqueria
2026-05-27 18:09:21,474 - INFO - Enriching: Taqueria La Gallina
2026-05-27 18:09:21,670 - INFO - Enriching: Taqueria Apatzingan
2026-05-27 18:09:21,671 - INFO - Enriching: Mi Taqueria
2026-05-27 18:09:21,671 - INFO - Enriching: Taqueria Maria
2026-05-27 18:09:21,672 - INFO - Enriching: Guerrero's Taqueria
2026-05-27 18:09:21,672 - INFO - Enriching: Los Metates Taqueria
2026-05-27 18:09:21,672 - INFO - Enriching: Top of the Hill Cafe
2026-05-27 18:09:21,672 - INFO - Enriching: Hi-T Cafe and Deli
2026-05-27 18:09:21,672 - INFO - Enriching: Portola Cafe Deli
2026-05-27 18:09:21,673 - INFO - Enriching: Cafe Tsui Wah (翠華茶餐廳)
2026-05-27 18:09:21,673 - INFO - Enriching: Brothers Cafe
2026-05-27 18:09:21,776 - INFO - Enriching: Side Shore Del Mar Cafe
2026-05-27 18:09:21,971 - INFO - Enriching: Dockside Cafe
2026-05-27 18:09:21,972 - INFO - Enriching: Kingston Cafe
2026-05-27 18:09:21,972 - INFO - Enriching: Lighting Bolt BBQ Cafe
2026-05-27 18:09:21,973 - INFO - Enriching: Foreigner Cafe
2026-05-27 18:09:21,973 - INFO - Enriching: Flight Wings Cafe
2026-05-27 18:09:21,973 - INFO - Enriching: Lolita Artisinal Bakery Cafe
2026-05-27 18:09:21,973 - INFO - Enriching: The Vineyard Cafe
2026-05-27 18:09:21,973 - INFO - Enriching: Specialty's Cafe & Bakery
2026-05-27 18:09:21,974 - INFO - Enriching: ABC Bakery and Cafe
2026-05-27 18:09:22,073 - INFO - Enriching: Car Wash Coffee
2026-05-27 18:09:22,470 - INFO - Enriching: Philz Coffee
2026-05-27 18:09:22,471 - INFO - Enriching: Red Giant Coffee
2026-05-27 18:09:22,471 - INFO - Enriching: Kaizen & Coffee
2026-05-27 18:09:22,471 - INFO - Enriching: Mini Coffee
2026-05-27 18:09:22,472 - INFO - Enriching: Blue Bottle Coffee
2026-05-27 18:09:22,472 - INFO - Enriching: Nini's Coffee Shop
2026-05-27 18:09:22,472 - INFO - Enriching: Java Blue (Patio Coffee Shop)
2026-05-27 18:09:22,474 - INFO - Enriching: Neal's Coffee Shop
2026-05-27 18:09:22,474 - INFO - Enriching: Peet's Coffee
2026-05-27 18:09:22,771 - INFO - Enriching: 3 Bees Coffee House
2026-05-27 18:09:23,077 - INFO - Enriching: Equator Coffee Shop
2026-05-27 18:09:23,079 - INFO - Enriching: Smoke Shop
2026-05-27 18:09:23,079 - INFO - Enriching: Bodega Street
2026-05-27 18:09:23,080 - INFO - Enriching: Mistral Restaurant and Bar
2026-05-27 18:09:23,080 - INFO - Enriching: Lucia's Restaurant & Pizzeria
2026-05-27 18:09:23,080 - INFO - Enriching: Hobee's Restaurant
2026-05-27 18:09:23,080 - INFO - Enriching: Bravo! Taqueria
2026-05-27 18:09:23,081 - INFO - Enriching: Sancho's Taqueria
2026-05-27 18:09:23,081 - INFO - Enriching: Sweet U Cafe
2026-05-27 18:09:23,082 - INFO - Enriching: Con Azucar Cafe
2026-05-27 18:09:23,082 - INFO - Enriching: Sana’a Cafe
2026-05-27 18:09:23,470 - INFO - Enriching: Bagel Street Cafe
2026-05-27 18:09:23,471 - INFO - Enriching: The Hollō Cafe
2026-05-27 18:09:23,471 - INFO - Enriching: 500 Cafe
2026-05-27 18:09:23,472 - INFO - Enriching: Sea Link Cafe
2026-05-27 18:09:23,472 - INFO - Enriching: 200 Cafe
2026-05-27 18:09:23,472 - INFO - Enriching: 300 Cafe
2026-05-27 18:09:23,472 - INFO - Enriching: Steve's Cafe
2026-05-27 18:09:23,473 - INFO - Enriching: Breaker's Cafe
2026-05-27 18:09:23,475 - INFO - Enriching: Emerald Hills Cafe & Roastery
2026-05-27 18:09:23,475 - INFO - Enriching: Coupa Café
2026-05-27 18:09:23,670 - INFO - Enriching: Cardinal Café
2026-05-27 18:09:23,670 - INFO - Enriching: Summit Coffee
2026-05-27 18:09:23,671 - INFO - Enriching: Vibes Smoke Shop
2026-05-27 18:09:23,671 - INFO - Enriching: Sky Zone Smoke Shop
2026-05-27 18:09:23,671 - INFO - Enriching: Flames Smoke Shop
2026-05-27 18:09:23,672 - INFO - Enriching: Val's Restaurant & Lounge
2026-05-27 18:09:23,672 - INFO - Enriching: Woohao Chinese Restaurant
2026-05-27 18:09:23,672 - INFO - Enriching: Max's Restaurant
2026-05-27 18:09:23,674 - INFO - Enriching: Boulevard Cafe
2026-05-27 18:09:23,674 - INFO - Enriching: Burma Cafe
2026-05-27 18:09:23,674 - INFO - Enriching: Suily's Cafe
2026-05-27 18:09:23,674 - INFO - Enriching: Café Xiloá
2026-05-27 18:09:23,675 - INFO - Enriching: Westlake Coffee Shop
2026-05-27 18:09:26,171 - INFO - Saved enriched file: /root/.openclaw/workspace/aocros/performance_supply_depot/leads/enriched/enriched_CA_San_Mateo_County_Leads.xlsx
2026-05-27 18:09:26,173 - INFO - Processing CA_Santa_Barbara_County_Leads.xlsx...
2026-05-27 18:09:27,271 - INFO - Enriching: Santa Barbara Shellfish Company
2026-05-27 18:09:27,274 - INFO - Enriching: Santa Barbara Food Connection
2026-05-27 18:09:27,572 - INFO - Enriching: Santa Barbara Chicken Ranch
2026-05-27 18:09:27,572 - INFO - Enriching: Santa Barbara Pizza House
2026-05-27 18:09:27,572 - INFO - Enriching: Santa Barbara Craft Ramen
2026-05-27 18:09:27,573 - INFO - Enriching: L'Antica Pizzeria Da Michele Santa Barbara
2026-05-27 18:09:27,574 - INFO - Enriching: Santa Barbara Wine Collective
2026-05-27 18:09:27,574 - INFO - Enriching: Santa Barbara Fish Market
2026-05-27 18:09:27,574 - INFO - Enriching: Lilly's Taqueria
2026-05-27 18:09:27,670 - INFO - Enriching: Taqueria Cuernavaca
2026-05-27 18:09:27,670 - INFO - Enriching: Taqueria La Unica
2026-05-27 18:09:27,670 - INFO - Enriching: Taqueria La Coqueta
2026-05-27 18:09:27,671 - INFO - Enriching: Taqueria Salsa Brava
2026-05-27 18:09:27,671 - INFO - Enriching: Taqueria Carmelita
2026-05-27 18:09:27,671 - INFO - Enriching: Taqueria Guerrero
2026-05-27 18:09:27,673 - INFO - Enriching: Taqueria Runcon Alteño
2026-05-27 18:09:27,674 - INFO - Enriching: Mony's Taqueria
2026-05-27 18:09:27,674 - INFO - Enriching: Santa Barbara Roasting Company
2026-05-27 18:09:27,674 - INFO - Enriching: Santa Barbara Roasting Co.
2026-05-27 18:09:27,770 - INFO - Enriching: Dart Coffee Co. Garden
2026-05-27 18:09:27,770 - INFO - Enriching: Dune Coffee Roasters
2026-05-27 18:09:27,771 - INFO - Enriching: Lighthouse Coffee
2026-05-27 18:09:27,771 - INFO - Enriching: Cajé Coffee Roasters
2026-05-27 18:09:34,973 - INFO - Enriching: Handlebar Coffee Roasters
2026-05-27 18:09:34,973 - INFO - Enriching: Dart Coffee Co.
2026-05-27 18:09:35,871 - INFO - Enriching: Pura Vida Coffee Society
2026-05-27 18:09:35,872 - INFO - Enriching: Coffee Time
2026-05-27 18:09:35,872 - INFO - Enriching: Wild Side Smoke Shop
2026-05-27 18:09:35,872 - INFO - Enriching: Magnolia Smoke Shop
2026-05-27 18:09:35,872 - INFO - Enriching: Bodega Lane
2026-05-27 18:09:35,873 - INFO - Enriching: Bodega Los Alamos
2026-05-27 18:09:35,873 - INFO - Enriching: Queijaria Santa Maria
2026-05-27 18:09:35,873 - INFO - Enriching: Santa Maria Brewing Company
2026-05-27 18:09:35,873 - INFO - Enriching: Cafe San Martin
2026-05-27 18:09:35,873 - INFO - Enriching: One Room Escapes & Coffee
2026-05-27 18:09:35,875 - INFO - Enriching: South Side Coffee Company
2026-05-27 18:09:36,474 - INFO - Saved enriched file: /root/.openclaw/workspace/aocros/performance_supply_depot/leads/enriched/enriched_CA_Santa_Barbara_County_Leads.xlsx
2026-05-27 18:09:36,476 - INFO - Processing CA_Santa_Clara_County_Leads.xlsx...
2026-05-27 18:09:38,070 - INFO - Enriching: Taqueria San Jose
2026-05-27 18:09:38,071 - INFO - Enriching: The Kickin’ Crab San Jose #2
2026-05-27 18:09:38,071 - INFO - Enriching: Hukilau San Jose
2026-05-27 18:09:38,071 - INFO - Enriching: Everest Cuisine
2026-05-27 18:09:38,071 - INFO - Enriching: Il Fornaio San Jose
2026-05-27 18:09:38,072 - INFO - Enriching: So Gong Dong Tofu House San Jose
2026-05-27 18:09:38,072 - INFO - Enriching: Phở Hà Nội San Jose
2026-05-27 18:09:38,075 - INFO - Enriching: Truya Sushi San Jose
2026-05-27 18:09:38,076 - INFO - Enriching: Great Wall
2026-05-27 18:09:38,271 - INFO - Enriching: San Jose Bar and Grill
2026-05-27 18:09:38,271 - INFO - Enriching: Blast and Brew San Jose
2026-05-27 18:09:38,272 - INFO - Enriching: Cafe San Jose
2026-05-27 18:09:38,272 - INFO - Enriching: Shabuway San Jose
2026-05-27 18:09:38,272 - INFO - Enriching: Pho San Jose
2026-05-27 18:09:38,272 - INFO - Enriching: Taqueria
2026-05-27 18:09:38,273 - INFO - Enriching: Trạm Cream Coffee
2026-05-27 18:09:38,273 - INFO - Enriching: Smoke Shop
2026-05-27 18:09:38,273 - INFO - Enriching: Vibez Hookah
2026-05-27 18:09:38,571 - INFO - Enriching: Bodega Way
2026-05-27 18:09:38,573 - INFO - Enriching: Opa!
2026-05-27 18:09:38,573 - INFO - Enriching: Cafe
2026-05-27 18:09:38,574 - INFO - Enriching: Coffee Berry Street
2026-05-27 18:09:38,574 - INFO - Enriching: Coffee Lovers
2026-05-27 18:09:38,574 - INFO - Enriching: Academic Coffee
2026-05-27 18:09:38,575 - INFO - Enriching: ClickAway Mobile;Peet’s Coffee and Tea
2026-05-27 18:09:38,575 - INFO - Enriching: Peet's Coffee
2026-05-27 18:09:38,970 - INFO - Enriching: Crema Coffee Roasting Company
2026-05-27 18:09:38,970 - INFO - Enriching: Philz Coffee
2026-05-27 18:09:38,970 - INFO - Enriching: tōno coffee project
2026-05-27 18:09:38,972 - INFO - Enriching: Fox Tale
2026-05-27 18:09:38,973 - INFO - Enriching: Bodega Loop
2026-05-27 18:09:38,973 - INFO - Enriching: Bodega Drive
2026-05-27 18:09:38,973 - INFO - Enriching: Bevri - Palo Alto
2026-05-27 18:09:38,973 - INFO - Enriching: Palo Alto Sol
2026-05-27 18:09:38,973 - INFO - Enriching: Kitchen at Palo Alto
2026-05-27 18:09:38,974 - INFO - Enriching: Palo Alto Creamery
2026-05-27 18:09:38,974 - INFO - Enriching: Taqueria El Grullense M&G
2026-05-27 18:09:38,974 - INFO - Enriching: Sancho's Taqueria
2026-05-27 18:09:38,974 - INFO - Enriching: Como Esta Taqueria
2026-05-27 18:09:38,977 - INFO - Enriching: Palo Alto Cafe
2026-05-27 18:09:38,977 - INFO - Enriching: Raw Smoke Shop
2026-05-27 18:09:39,573 - INFO - Saved enriched file: /root/.openclaw/workspace/aocros/performance_supply_depot/leads/enriched/enriched_CA_Santa_Clara_County_Leads.xlsx
2026-05-27 18:09:39,575 - INFO - Processing CA_Santa_Cruz_County_Leads.xlsx...
2026-05-27 18:09:40,576 - INFO - Enriching: Santa Cruz Diner
2026-05-27 18:09:40,577 - INFO - Enriching: Tacqueria Santa Cruz
2026-05-27 18:09:40,770 - INFO - Enriching: Pacific Thai Santa Cruz
2026-05-27 18:09:40,770 - INFO - Enriching: Falafel of Santa Cruz
2026-05-27 18:09:40,771 - INFO - Enriching: Taqueria Santa Cruz Express
2026-05-27 18:09:40,772 - INFO - Enriching: Taqueria Santa Cruz Express 2
2026-05-27 18:09:40,772 - INFO - Enriching: Taqueria Santa Cruz
2026-05-27 18:09:40,772 - INFO - Enriching: Santa Cruz Aleworks & Deli
2026-05-27 18:09:40,774 - INFO - Enriching: Santa Cruz Coffee Roasting Company
2026-05-27 18:09:40,774 - INFO - Enriching: Coffee Lane Park
2026-05-27 18:09:40,775 - INFO - Enriching: Coffee Lane
2026-05-27 18:09:40,775 - INFO - Enriching: Verve Coffee Roasters
2026-05-27 18:09:40,775 - INFO - Enriching: Stevenson Coffee House
2026-05-27 18:09:40,775 - INFO - Enriching: Cowell Coffee Shop
2026-05-27 18:09:40,776 - INFO - Enriching: Shrine Coffee
2026-05-27 18:09:40,776 - INFO - Enriching: Verve Coffee Roasting
2026-05-27 18:09:40,776 - INFO - Enriching: 11th Hour Coffee
2026-05-27 18:09:40,777 - INFO - Enriching: The Abbey Coffee, Art and Music Lounge
2026-05-27 18:09:40,876 - INFO - Enriching: Java Bob's Coffee Roasting
2026-05-27 18:09:40,876 - INFO - Enriching: Peet's Coffee
2026-05-27 18:09:40,877 - INFO - Enriching: Reedful Things Smoke Shop
2026-05-27 18:09:40,877 - INFO - Enriching: Star Zone Smoke Shop
2026-05-27 18:09:41,075 - INFO - Enriching: 831 Smoke Shop
2026-05-27 18:09:41,177 - INFO - Enriching: Bodega Aurrera
2026-05-27 18:09:41,569 - INFO - Enriching: Jalisco Restaurant
2026-05-27 18:09:41,570 - INFO - Enriching: Mi Mexico Restaurant
2026-05-27 18:09:41,570 - INFO - Enriching: May’s Garden Restaurant
2026-05-27 18:09:41,571 - INFO - Enriching: Mount Madonna Inn Restaurant
2026-05-27 18:09:41,770 - INFO - Enriching: Taqueria Y Birrieria Pacheco
2026-05-27 18:09:41,770 - INFO - Enriching: La Misma Taqueria
2026-05-27 18:09:41,770 - INFO - Enriching: Taqueria Mi Tierra
2026-05-27 18:09:41,770 - INFO - Enriching: Olivia's Cafe
2026-05-27 18:09:41,771 - INFO - Enriching: Kong's Burger & Cafe
2026-05-27 18:09:41,771 - INFO - Enriching: Bagel Cafe & Bakery
2026-05-27 18:09:41,771 - INFO - Enriching: Pastry Creations & Café
2026-05-27 18:09:41,771 - INFO - Enriching: Watsonville Public House
2026-05-27 18:09:41,772 - INFO - Enriching: Wasabi Sushi Capitola
2026-05-27 18:09:41,772 - INFO - Enriching: Taqueria Tepeque
2026-05-27 18:09:41,773 - INFO - Enriching: Taqueria Vallarta
2026-05-27 18:09:41,774 - INFO - Enriching: Cafe Cruz
2026-05-27 18:09:41,774 - INFO - Enriching: Chill Out Cafe
2026-05-27 18:09:41,774 - INFO - Enriching: Cliff Cafe
2026-05-27 18:09:41,774 - INFO - Enriching: Sea Side Coffee
2026-05-27 18:09:42,571 - INFO - Saved enriched file: /root/.openclaw/workspace/aocros/performance_supply_depot/leads/enriched/enriched_CA_Santa_Cruz_County_Leads.xlsx
2026-05-27 18:09:42,572 - INFO - Processing CA_Shasta_County_Leads.xlsx...
2026-05-27 18:09:43,570 - INFO - Enriching: Karline's Restaurant & Bar
2026-05-27 18:09:43,571 - INFO - Enriching: Panda South Chinese Restaurant
2026-05-27 18:09:43,571 - INFO - Enriching: Elements Restaurant
2026-05-27 18:09:43,572 - INFO - Enriching: Pete's
2026-05-27 18:09:43,572 - INFO - Enriching: Redding's Ultimate Pizza
2026-05-27 18:09:43,870 - INFO - Enriching: Taqueria Los Gordos
2026-05-27 18:09:43,870 - INFO - Enriching: Los Cachorros Taqueria
2026-05-27 18:09:43,870 - INFO - Enriching: Vallarta Taqueria
2026-05-27 18:09:43,871 - INFO - Enriching: La Taqueria Mexican
2026-05-27 18:09:43,871 - INFO - Enriching: Thai Cafe
2026-05-27 18:09:43,871 - INFO - Enriching: Lim's Cafe
2026-05-27 18:09:43,871 - INFO - Enriching: Cafe Paradisio
2026-05-27 18:09:43,871 - INFO - Enriching: Barns & Nobles Cafe
2026-05-27 18:09:43,871 - INFO - Enriching: Airpark Cafe
2026-05-27 18:09:43,872 - INFO - Enriching: Boba Tea & Coffee Cafe
2026-05-27 18:09:43,971 - INFO - Enriching: Sweetie's Cafe & Catering
2026-05-27 18:09:43,971 - INFO - Enriching: Coffee Lane
2026-05-27 18:09:43,972 - INFO - Enriching: Coffee Berry Lane
2026-05-27 18:09:43,972 - INFO - Enriching: Kaleidoscope Coffee
2026-05-27 18:09:43,972 - INFO - Enriching: Dutch Bros. Coffee
2026-05-27 18:09:43,972 - INFO - Enriching: HeBrews Coffee
2026-05-27 18:09:43,972 - INFO - Enriching: Old Shasta Coffee Company
2026-05-27 18:09:43,972 - INFO - Enriching: Less Smoke Shop
2026-05-27 18:09:43,973 - INFO - Enriching: Perko's Cafe & Grill
2026-05-27 18:09:44,970 - INFO - Saved enriched file: /root/.openclaw/workspace/aocros/performance_supply_depot/leads/enriched/enriched_CA_Shasta_County_Leads.xlsx
2026-05-27 18:09:44,972 - INFO - Processing CA_Sierra_County_Leads.xlsx...
2026-05-27 18:09:45,672 - INFO - Enriching: The Corner Cafe
2026-05-27 18:09:45,673 - INFO - Enriching: Sierra Pines Resort Restaurant & Bar
2026-05-27 18:09:45,674 - INFO - Enriching: La Chingada Taqueria
2026-05-27 18:09:45,674 - INFO - Enriching: Wild Plum Cafe
2026-05-27 18:09:45,674 - INFO - Enriching: Red Moose Cafe
2026-05-27 18:09:45,674 - INFO - Enriching: Bassett's Station Cafe
2026-05-27 18:09:47,171 - INFO - Saved enriched file: /root/.openclaw/workspace/aocros/performance_supply_depot/leads/enriched/enriched_CA_Sierra_County_Leads.xlsx
2026-05-27 18:09:47,175 - INFO - Processing CA_Siskiyou_County_Leads.xlsx...
2026-05-27 18:09:47,571 - INFO - Enriching: Victor's Restaurant
2026-05-27 18:09:47,571 - INFO - Enriching: Lalo's Mexican Restaurant
2026-05-27 18:09:47,571 - INFO - Enriching: Strings Italian Cafe
2026-05-27 18:09:47,776 - INFO - Saved enriched file: /root/.openclaw/workspace/aocros/performance_supply_depot/leads/enriched/enriched_CA_Siskiyou_County_Leads.xlsx
2026-05-27 18:09:47,778 - INFO - Processing CA_Sonoma_County_Leads.xlsx...
2026-05-27 18:09:48,671 - INFO - Enriching: Taqueria Santa Rosa
2026-05-27 18:09:48,672 - INFO - Enriching: East West Cafe Santa Rosa
2026-05-27 18:09:48,770 - INFO - Enriching: Falafel Hut Santa Rosa
2026-05-27 18:09:48,771 - INFO - Enriching: Coffee Tree Court
2026-05-27 18:09:48,969 - INFO - Enriching: Coffee Tree
2026-05-27 18:09:48,970 - INFO - Enriching: Dutch Bros. Coffee
2026-05-27 18:09:48,970 - INFO - Enriching: Zoftig Eatery, Catering, & Coffee
2026-05-27 18:09:48,970 - INFO - Enriching: Bad Ass Coffee
2026-05-27 18:09:48,971 - INFO - Enriching: Colleen's Coffee Shop
2026-05-27 18:09:48,971 - INFO - Enriching: Avid Coffee
2026-05-27 18:09:48,971 - INFO - Enriching: Underground Smoke Shop
2026-05-27 18:09:48,971 - INFO - Enriching: Dempsey's Restaurant and Brewery
2026-05-27 18:09:48,972 - INFO - Enriching: Pete's Henny Penny Restaurant
2026-05-27 18:09:48,973 - INFO - Enriching: Petaluma Pie Company
2026-05-27 18:09:48,973 - INFO - Enriching: Aqus cafe
2026-05-27 18:09:48,973 - INFO - Enriching: Mr. Mom's Cafe
2026-05-27 18:09:48,973 - INFO - Enriching: Petaluma Creamery
2026-05-27 18:09:48,973 - INFO - Enriching: Petaluma Coffee & Tea Co.
2026-05-27 18:09:48,973 - INFO - Enriching: Petaluma Coffee Company
2026-05-27 18:09:48,973 - INFO - Enriching: Pink Owl Coffee
2026-05-27 18:09:48,974 - INFO - Enriching: Peet's Coffee
2026-05-27 18:09:48,974 - INFO - Enriching: Two Rock Coffee Company
2026-05-27 18:09:49,874 - INFO - Saved enriched file: /root/.openclaw/workspace/aocros/performance_supply_depot/leads/enriched/enriched_CA_Sonoma_County_Leads.xlsx
2026-05-27 18:09:50,069 - INFO - Processing CA_Stanislaus_County_Leads.xlsx...
2026-05-27 18:09:50,473 - INFO - Enriching: Modesto Restaurant Equipment
2026-05-27 18:09:50,670 - INFO - Enriching: La Officina Bar and Restaurant
2026-05-27 18:09:50,671 - INFO - Enriching: La Parrilla Mexican Restaurant & Bar
2026-05-27 18:09:50,672 - INFO - Enriching: Dynasty Garden Restaurant
2026-05-27 18:09:50,869 - INFO - Enriching: Pho Viet Restaurant
2026-05-27 18:09:50,873 - INFO - Enriching: La Parrilla Mexican Restaurant
2026-05-27 18:09:50,874 - INFO - Enriching: BJ's
2026-05-27 18:09:51,269 - INFO - Enriching: Culichi Town Modesto CA
2026-05-27 18:09:51,270 - INFO - Enriching: Strings Italian Cafe Modesto
2026-05-27 18:09:51,270 - INFO - Enriching: THub Cafe
2026-05-27 18:09:51,272 - INFO - Enriching: Village Baking Company & Cafe
2026-05-27 18:09:51,272 - INFO - Enriching: The Spotlight Cafe
2026-05-27 18:09:51,371 - INFO - Enriching: Meeple Valley Board Game Cafe
2026-05-27 18:09:51,372 - INFO - Enriching: T-Cups Cafe
2026-05-27 18:09:51,373 - INFO - Enriching: My Garden Cafe
2026-05-27 18:09:51,373 - INFO - Enriching: Redwood Café
2026-05-27 18:09:51,373 - INFO - Enriching: Jack's Pizza Café
2026-05-27 18:09:51,374 - INFO - Enriching: Teaspoon Modesto
2026-05-27 18:09:51,374 - INFO - Enriching: Coffee Plaza
2026-05-27 18:09:51,374 - INFO - Enriching: Coffee Park
2026-05-27 18:09:51,376 - INFO - Enriching: Coffee Road
2026-05-27 18:09:51,570 - INFO - Enriching: Coffee Villa Drive
2026-05-27 18:09:51,571 - INFO - Enriching: Smoke Shop
2026-05-27 18:09:51,571 - INFO - Enriching: Cindy's Restaurant
2026-05-27 18:09:51,571 - INFO - Enriching: El Charro Restaurant
2026-05-27 18:09:51,571 - INFO - Enriching: Golden China Restaurant
2026-05-27 18:09:51,571 - INFO - Enriching: Mariachis Mexican Restaurant
2026-05-27 18:09:51,571 - INFO - Enriching: Friendly House Chinese Restaurant
2026-05-27 18:09:51,572 - INFO - Enriching: Angelini's Italian Restaurant
2026-05-27 18:09:51,572 - INFO - Enriching: Patogh Restaurant
2026-05-27 18:09:51,574 - INFO - Enriching: Grizzly Rock Cafe
2026-05-27 18:09:51,574 - INFO - Enriching: Village Cafe
2026-05-27 18:09:51,574 - INFO - Enriching: Sunrise Bakery & Cafe
2026-05-27 18:09:51,575 - INFO - Enriching: AJ's Cafe
2026-05-27 18:09:51,575 - INFO - Enriching: China Café
2026-05-27 18:09:51,673 - INFO - Enriching: Dutch Bros. Coffee
2026-05-27 18:09:51,674 - INFO - Enriching: Valley Smoke Shop
2026-05-27 18:09:51,674 - INFO - Enriching: VIP Smoke Shop
2026-05-27 18:09:52,475 - INFO - Saved enriched file: /root/.openclaw/workspace/aocros/performance_supply_depot/leads/enriched/enriched_CA_Stanislaus_County_Leads.xlsx
2026-05-27 18:09:52,670 - INFO - Processing CA_Sutter_County_Leads.xlsx...
2026-05-27 18:09:52,872 - INFO - Enriching: Lee's Canton Restaurant
2026-05-27 18:09:52,872 - INFO - Enriching: Lumberjack's Restaurant
2026-05-27 18:09:52,874 - INFO - Enriching: Little Sparks Coffee and Sweet Treats
2026-05-27 18:09:53,071 - INFO - Enriching: Dutch Bros
2026-05-27 18:09:53,272 - INFO - Saved enriched file: /root/.openclaw/workspace/aocros/performance_supply_depot/leads/enriched/enriched_CA_Sutter_County_Leads.xlsx
2026-05-27 18:09:53,274 - INFO - Processing CA_Tehama_County_Leads.xlsx...
2026-05-27 18:09:53,871 - INFO - Enriching: Rockin R Restaurant
2026-05-27 18:09:53,871 - INFO - Enriching: Sugar Shack Cafe
2026-05-27 18:09:53,872 - INFO - Enriching: Dutch Bros. Coffee
2026-05-27 18:09:54,371 - INFO - Saved enriched file: /root/.openclaw/workspace/aocros/performance_supply_depot/leads/enriched/enriched_CA_Tehama_County_Leads.xlsx
2026-05-27 18:09:54,470 - INFO - Processing CA_Trinity_County_Leads.xlsx...
2026-05-27 18:09:54,869 - INFO - Enriching: Victorian Restaurant
2026-05-27 18:09:54,870 - INFO - Enriching: The Nugget Restaurant
2026-05-27 18:09:54,871 - INFO - Enriching: Mamma Llama Eatery & Cafe
2026-05-27 18:09:54,871 - INFO - Enriching: Garden Cafe
2026-05-27 18:09:55,273 - INFO - Saved enriched file: /root/.openclaw/workspace/aocros/performance_supply_depot/leads/enriched/enriched_CA_Trinity_County_Leads.xlsx
2026-05-27 18:09:55,372 - INFO - Processing CA_Tulare_County_Leads.xlsx...
2026-05-27 18:09:56,473 - INFO - Enriching: Tokyo Garden | Japanese Restaurant
2026-05-27 18:09:56,671 - INFO - Enriching: Colima Mexican Restaurant
2026-05-27 18:09:56,672 - INFO - Enriching: Canton Chinese Restaurant
2026-05-27 18:09:56,672 - INFO - Enriching: El Taco Salcero Restaurant
2026-05-27 18:09:56,672 - INFO - Enriching: Elderwood Restaurant
2026-05-27 18:09:56,672 - INFO - Enriching: Shanghai Chinese Restaurant
2026-05-27 18:09:56,672 - INFO - Enriching: New Star Chinese Restaurant
2026-05-27 18:09:56,673 - INFO - Enriching: The Jade Restaurant
2026-05-27 18:09:56,673 - INFO - Enriching: Kaweah Brewing Co. Taproom & Restaurant
2026-05-27 18:09:56,673 - INFO - Enriching: Amigos Restaurant & Cantina
2026-05-27 18:09:56,870 - INFO - Enriching: Mama K's Cafe
2026-05-27 18:09:56,873 - INFO - Enriching: Good Times Cafe
2026-05-27 18:09:56,874 - INFO - Enriching: Strings Italian Cafe
2026-05-27 18:09:56,875 - INFO - Enriching: Cafe India Cuisine Visalia
2026-05-27 18:09:56,971 - INFO - Enriching: Protein & Coffee House
2026-05-27 18:09:56,972 - INFO - Enriching: Dutch Bros. Coffee
2026-05-27 18:09:56,973 - INFO - Enriching: Maverick's Coffee Compny
2026-05-27 18:09:56,974 - INFO - Enriching: Mission Coffee
2026-05-27 18:09:57,069 - INFO - Enriching: Mooney’s Smoke Shop
2026-05-27 18:09:57,071 - INFO - Enriching: Super Cigarette Smoke Shop
2026-05-27 18:09:57,072 - INFO - Enriching: Mr. Nice Guy's Smoke Shop
2026-05-27 18:09:57,470 - INFO - Enriching: Lily's Cafe
2026-05-27 18:09:57,471 - INFO - Enriching: Coffee Mill Meadow
2026-05-27 18:09:57,471 - INFO - Enriching: Emesa Smoke & Vape Shop
2026-05-27 18:09:58,273 - INFO - Saved enriched file: /root/.openclaw/workspace/aocros/performance_supply_depot/leads/enriched/enriched_CA_Tulare_County_Leads.xlsx
2026-05-27 18:09:58,274 - INFO - Processing CA_Tuolumne_County_Leads.xlsx...
2026-05-27 18:09:59,371 - INFO - Enriching: Sonora Cantina
2026-05-27 18:09:59,372 - INFO - Enriching: Sonora Thai Cuisine
2026-05-27 18:09:59,372 - INFO - Enriching: Sonora Taqueria
2026-05-27 18:09:59,372 - INFO - Enriching: Baja Sonora
2026-05-27 18:09:59,372 - INFO - Enriching: Mike's Pizza of Sonora
2026-05-27 18:09:59,373 - INFO - Enriching: Nox Sonora
2026-05-27 18:09:59,373 - INFO - Enriching: Revive Coffee
2026-05-27 18:09:59,573 - INFO - Enriching: Heart Rock Coffee Company
2026-05-27 18:09:59,772 - INFO - Saved enriched file: /root/.openclaw/workspace/aocros/performance_supply_depot/leads/enriched/enriched_CA_Tuolumne_County_Leads.xlsx
2026-05-27 18:10:00,070 - INFO - Processing CA_Ventura_County_Leads.xlsx...
2026-05-27 18:10:01,079 - INFO - Enriching: The Saloon Ventura
2026-05-27 18:10:01,576 - INFO - Enriching: Finneys Crafthouse Ventura
2026-05-27 18:10:01,581 - INFO - Enriching: Sushi Fresh Ventura
2026-05-27 18:10:01,582 - INFO - Enriching: Corazon Cocina Ventura
2026-05-27 18:10:01,582 - INFO - Enriching: Maki Sushi
2026-05-27 18:10:01,582 - INFO - Enriching: Islands Fine Burgers & Drinks
2026-05-27 18:10:01,583 - INFO - Enriching: INDO Restaurant & Lounge
2026-05-27 18:10:01,583 - INFO - Enriching: Hong Kong Restaurant
2026-05-27 18:10:01,786 - INFO - Enriching: Celia's Mexican Restaurant
2026-05-27 18:10:02,076 - INFO - Enriching: Hobee's Restaurant
2026-05-27 18:10:02,077 - INFO - Enriching: Ventura Coast Brewing Company
2026-05-27 18:10:02,077 - INFO - Enriching: Avenida Cafe
2026-05-27 18:10:02,077 - INFO - Enriching: The Coffee Bean & Tea Leaf
2026-05-27 18:10:02,078 - INFO - Enriching: Palm & Boy Coffee And Acai
2026-05-27 18:10:02,078 - INFO - Enriching: Coffee Dock & Post
2026-05-27 18:10:02,375 - INFO - Enriching: Singing Sun Coffee
2026-05-27 18:10:02,377 - INFO - Enriching: Peet's Coffee
2026-05-27 18:10:02,377 - INFO - Enriching: Freedom Coffee
2026-05-27 18:10:02,378 - INFO - Enriching: Coffee Been & Tea Leaf
2026-05-27 18:10:02,477 - INFO - Enriching: Ragamuffin Coffee Roasters
2026-05-27 18:10:02,479 - INFO - Enriching: San Fernando Coffee
2026-05-27 18:10:02,480 - INFO - Enriching: Jewel Smoke Shop
2026-05-27 18:10:02,581 - INFO - Enriching: Wild Side Smoke Shop
2026-05-27 18:10:02,581 - INFO - Enriching: 10th St. Smoke Shop
2026-05-27 18:10:02,582 - INFO - Enriching: Mike's Smoke & Gift Shop
2026-05-27 18:10:03,171 - INFO - Enriching: Puff Plug Smoke Shop
2026-05-27 18:10:03,171 - INFO - Enriching: Hookah Guy's Smoke Shop
2026-05-27 18:10:03,172 - INFO - Enriching: Casa Lopez Mexican Restaurant
2026-05-27 18:10:03,172 - INFO - Enriching: Kabuki Japanese Restaurant
2026-05-27 18:10:03,570 - INFO - Enriching: The Shores Bar and Restaurant
2026-05-27 18:10:03,577 - INFO - Enriching: BJ's
2026-05-27 18:10:03,578 - INFO - Enriching: Pho Oxnard
2026-05-27 18:10:03,579 - INFO - Enriching: Ruby's Cafe of Oxnard
2026-05-27 18:10:03,580 - INFO - Enriching: Cafe Amri
2026-05-27 18:10:03,770 - INFO - Enriching: Love Pho cafe
2026-05-27 18:10:03,771 - INFO - Enriching: Downtown Cafe By JL
2026-05-27 18:10:03,771 - INFO - Enriching: Urbane Cafe
2026-05-27 18:10:03,772 - INFO - Enriching: Henri's Cafe
2026-05-27 18:10:03,970 - INFO - Enriching: Antojitoz Cafe
2026-05-27 18:10:03,972 - INFO - Enriching: Noho Cafe
2026-05-27 18:10:03,973 - INFO - Enriching: Lilly Cafe
2026-05-27 18:10:03,973 - INFO - Enriching: Eggsellent Cafe
2026-05-27 18:10:04,475 - INFO - Saved enriched file: /root/.openclaw/workspace/aocros/performance_supply_depot/leads/enriched/enriched_CA_Ventura_County_Leads.xlsx
2026-05-27 18:10:04,573 - INFO - Processing CA_Yolo_County_Leads.xlsx...
2026-05-27 18:10:04,973 - INFO - Enriching: Symposium Restaurant & Pizza House
2026-05-27 18:10:05,277 - INFO - Enriching: Pho King 4 Restaurant
2026-05-27 18:10:05,278 - INFO - Enriching: Yeti Restaurant
2026-05-27 18:10:05,278 - INFO - Enriching: Sage Street Restaurant
2026-05-27 18:10:05,278 - INFO - Enriching: Taqueria Davis
2026-05-27 18:10:05,278 - INFO - Enriching: Davis Noodle City
2026-05-27 18:10:05,279 - INFO - Enriching: Davis's Piñata Mexican Grill
2026-05-27 18:10:05,474 - INFO - Enriching: Mishka's Cafe
2026-05-27 18:10:05,475 - INFO - Enriching: 3rd and U Cafe
2026-05-27 18:10:05,475 - INFO - Enriching: Cloud Forest Cafe
2026-05-27 18:10:05,476 - INFO - Enriching: Cafe Bernardo
2026-05-27 18:10:05,669 - INFO - Enriching: Barista Brew Cafe
2026-05-27 18:10:05,670 - INFO - Enriching: Oshio Cafe
2026-05-27 18:10:05,671 - INFO - Enriching: Ali Baba Cafe
2026-05-27 18:10:05,671 - INFO - Enriching: Dos Coyotes Border Cafe
2026-05-27 18:10:05,671 - INFO - Enriching: Natural Food Works and Farmer's Kitchen Cafe
2026-05-27 18:10:05,672 - INFO - Enriching: Sage Street Cafe
2026-05-27 18:10:05,674 - INFO - Enriching: Volt Coffee
2026-05-27 18:10:05,675 - INFO - Enriching: Peet's Coffee
2026-05-27 18:10:05,675 - INFO - Enriching: Philz Coffee
2026-05-27 18:10:05,676 - INFO - Enriching: Temple Coffee
2026-05-27 18:10:05,676 - INFO - Enriching: Dutch Bros. Coffee
2026-05-27 18:10:05,873 - INFO - Enriching: Pachamama Coffee
2026-05-27 18:10:05,873 - INFO - Enriching: Coffee House
2026-05-27 18:10:05,873 - INFO - Enriching: Common Grounds Coffee
2026-05-27 18:10:05,874 - INFO - Enriching: Cargo Coffee
2026-05-27 18:10:05,874 - INFO - Enriching: Illusions Smoke Shop
2026-05-27 18:10:06,273 - INFO - Enriching: Mission Burrito (Woodland HIlls)
2026-05-27 18:10:06,274 - INFO - Enriching: Woodland Cafe
2026-05-27 18:10:06,274 - INFO - Enriching: Nat's Early Bite Coffee Shop
2026-05-27 18:10:06,274 - INFO - Enriching: Tang & Java Gelato & Coffee
2026-05-27 18:10:06,275 - INFO - Enriching: The Coffee Bean & Tea Leaf
2026-05-27 18:10:06,275 - INFO - Enriching: Hookah Guy's Smoke Shop
2026-05-27 18:10:08,071 - INFO - Saved enriched file: /root/.openclaw/workspace/aocros/performance_supply_depot/leads/enriched/enriched_CA_Yolo_County_Leads.xlsx
2026-05-27 18:10:08,073 - INFO - Processing CA_Yuba_County_Leads.xlsx...
2026-05-27 18:10:08,770 - INFO - Enriching: Casa Carlos Restaurant & Cantina
2026-05-27 18:10:08,970 - INFO - Enriching: Willow Glen Restaurant
2026-05-27 18:10:08,971 - INFO - Enriching: Dutch Bros. Coffee
2026-05-27 18:10:11,571 - INFO - Saved enriched file: /root/.openclaw/workspace/aocros/performance_supply_depot/leads/enriched/enriched_CA_Yuba_County_Leads.xlsx
2026-05-27 18:10:13,969 - INFO - Report saved to /root/.openclaw/workspace/aocros/performance_supply_depot/leads/enriched/enrichment_report.md
2026-05-27 18:10:16,370 - INFO - Report saved to enrichment_report.md
2026-05-27 18:10:16,371 - INFO - ============================================================
2026-05-27 18:10:16,371 - INFO - Enrichment Complete!
2026-05-27 18:10:16,371 - INFO - Total processed: 1899
2026-05-27 18:10:16,371 - INFO - Emails found: 1865
2026-05-27 18:10:16,371 - INFO - Phones found: 0
2026-05-27 18:10:16,371 - INFO - Contacts found: 0
2026-05-27 18:10:16,371 - INFO - ============================================================
