license_number,license_type,license_type_name,status,business_name,owner_name,address,city,state,zip,county,phone,issue_date,expiration_date
41-916232,41,On-Sale Beer & Wine - Eating Place,ACTIVE,Eatery Co,Steven Martin,922 7th Dr #224,Bakersfield,CA,93739,Kern,(661) 675-9702,2024-08-20,2025-08-20
41-739717,41,On-Sale Beer & Wine - Eating Place,ACTIVE,Diner Delano Inc,Christopher Moore,709 State Pl,Delano,CA,91923,Kern,(661) 597-8432,2023-12-05,2024-12-05
41-974190,41,On-Sale Beer & Wine - Eating Place,ACTIVE,Tavern Bakersfield LLC,Jennifer Miller Anderson,3968 1st Ave #476,Bakersfield,CA,94460,Kern,(805) 262-7523,2002-11-07,2003-11-07
41-192055,41,On-Sale Beer & Wine - Eating Place,ACTIVE,Spot Delano Valley,Maria Thomas,5014 Sunset Blvd #620,Delano,CA,91836,Kern,(661) 405-3275,2017-10-12,2018-10-12
41-195563,41,On-Sale Beer & Wine - Eating Place,ACTIVE,Spot Delano Hills Corp,Robert Brown,831 Hollywood Pl,Delano,CA,91853,Kern,(805) 777-2009,2011-09-14,2012-09-14
41-194560,41,On-Sale Beer & Wine - Eating Place,ACTIVE,NewGrill Delano 11,Michael Garcia Jackson,8682 Franklin Way #623,Delano,CA,95014,Kern,(661) 587-7235,2021-03-06,2022-03-06
41-777292,41,On-Sale Beer & Wine - Eating Place,ACTIVE,Cafe Delano Heights Inc,Paul Smith,1495 Pico Ct,Delano,CA,90433,Kern,(661) 968-8796,2017-03-01,2018-03-01
41-580067,41,On-Sale Beer & Wine - Eating Place,ACTIVE,OldEatery Delano 21,Steven Brown Williams,4585 Jefferson Ct,Delano,CA,90546,Kern,(661) 705-7738,2024-02-17,2025-02-17
41-503519,41,On-Sale Beer & Wine - Eating Place,ACTIVE,NewPlace Corp 66,Maria Thomas,8105 Jefferson Rd,Bakersfield,CA,95332,Kern,(805) 634-5043,2011-11-23,2012-11-23
41-235753,41,On-Sale Beer & Wine - Eating Place,ACTIVE,Grill Delano LLC,Maria Moore,7169 5th Ln #997,Delano,CA,91865,Kern,(661) 256-1431,2012-11-22,2013-11-22
41-399113,41,On-Sale Beer & Wine - Eating Place,ACTIVE,OldKitchen Kern 56,Jennifer Thomas,8605 Hollywood Rd,Delano,CA,92333,Kern,(661) 321-5716,2005-05-09,2006-05-09
41-958121,41,On-Sale Beer & Wine - Eating Place,ACTIVE,Spot Delano Hills Inc,Christopher Garcia Williams,4411 Oak Blvd,Delano,CA,94483,Kern,(805) 958-7575,2010-06-20,2011-06-20
41-285844,41,On-Sale Beer & Wine - Eating Place,ACTIVE,OldRestaurant Kern 82,William Lopez Miller,5354 State Ave,Bakersfield,CA,94052,Kern,(661) 836-7844,2016-05-17,2017-05-17
41-435757,41,On-Sale Beer & Wine - Eating Place,ACTIVE,House 95,Jennifer Rodriguez,8178 Wilshire Blvd #396,Bakersfield,CA,92024,Kern,(661) 784-6449,2024-08-20,2025-08-20
41-826886,41,On-Sale Beer & Wine - Eating Place,ACTIVE,Place,Lisa Williams,7171 Franklin Rd,Bakersfield,CA,95169,Kern,(661) 589-1240,2000-10-12,2001-10-12
41-900667,41,On-Sale Beer & Wine - Eating Place,ACTIVE,Place,William Jackson Thomas,1058 2nd Ln #868,Bakersfield,CA,91094,Kern,(661) 243-7361,2014-11-17,2015-11-17
41-454046,41,On-Sale Beer & Wine - Eating Place,ACTIVE,Grill Kern,Maria Garcia,9183 7th Ln,Bakersfield,CA,91705,Kern,(661) 973-5023,2007-07-06,2008-07-06
41-187738,41,On-Sale Beer & Wine - Eating Place,ACTIVE,Eatery Delano Corp 88,Christopher Thomas,8399 3rd Ln,Delano,CA,95451,Kern,(805) 530-6370,2005-05-16,2006-05-16
41-765913,41,On-Sale Beer & Wine - Eating Place,ACTIVE,Eatery Kern,Michelle Garcia Wilson,7654 Lincoln Ln,Bakersfield,CA,95116,Kern,(805) 369-4055,2024-05-09,2025-05-09
41-514470,41,On-Sale Beer & Wine - Eating Place,ACTIVE,Corner,Anthony Davis,4965 Market Ct #279,Delano,CA,95099,Kern,(805) 552-9023,2018-04-20,2019-04-20
41-352232,41,On-Sale Beer & Wine - Eating Place,ACTIVE,Grill Bakersfield Valley 60,James Martinez Martin,655 Main Way,Bakersfield,CA,93989,Kern,(805) 929-6494,2011-05-10,2012-05-10
41-693264,41,On-Sale Beer & Wine - Eating Place,ACTIVE,Spot Kern Inc,Paul Jackson,4418 Hollywood Dr #557,Delano,CA,95368,Kern,(805) 476-8750,2010-01-26,2011-01-26
41-524864,41,On-Sale Beer & Wine - Eating Place,ACTIVE,Spot Kern Corp,Michelle Anderson Williams,226 1st Way,Bakersfield,CA,90341,Kern,(805) 792-1044,2005-02-23,2006-02-23
41-410397,41,On-Sale Beer & Wine - Eating Place,ACTIVE,Bistro Kern,James Jackson Smith,2636 Pico Ave,Delano,CA,92757,Kern,(805) 311-2088,2020-03-01,2021-03-01
41-125540,41,On-Sale Beer & Wine - Eating Place,ACTIVE,NewTavern 94,Robert Rodriguez,3345 Washington Way,Delano,CA,96190,Kern,(805) 261-4646,2014-10-05,2015-10-05
41-960668,41,On-Sale Beer & Wine - Eating Place,ACTIVE,Bistro Bakersfield,Mark Hernandez,451 2nd Rd,Bakersfield,CA,94356,Kern,(805) 551-9569,2022-05-12,2023-05-12
41-708276,41,On-Sale Beer & Wine - Eating Place,ACTIVE,OldDiner Bakersfield Hills 9,Kenneth Johnson,5764 Broadway Ave,Bakersfield,CA,92086,Kern,(661) 851-5088,2015-10-28,2016-10-28
41-813221,41,On-Sale Beer & Wine - Eating Place,ACTIVE,Spot Bakersfield Company,Maria Davis Moore,5408 3rd Ave,Bakersfield,CA,92455,Kern,(805) 248-9851,2007-09-01,2008-09-01
41-836443,41,On-Sale Beer & Wine - Eating Place,ACTIVE,Place Delano,Mark Martinez,9517 5th Ct #313,Delano,CA,93194,Kern,(805) 644-1259,2003-01-12,2004-01-12
41-970476,41,On-Sale Beer & Wine - Eating Place,ACTIVE,Place Corp,Jennifer Hernandez,1201 Maple Ln,Delano,CA,93224,Kern,(805) 505-8087,2018-01-01,2019-01-01
41-261343,41,On-Sale Beer & Wine - Eating Place,ACTIVE,Tavern Delano Valley Co,Matthew Wilson,9917 Ocean Rd,Delano,CA,95259,Kern,(805) 906-4193,2010-05-15,2011-05-15
41-451758,41,On-Sale Beer & Wine - Eating Place,ACTIVE,OldEatery 84,Michelle Lopez,834 Madison Dr,Bakersfield,CA,90175,Kern,(805) 910-2761,2005-07-03,2006-07-03
41-406246,41,On-Sale Beer & Wine - Eating Place,ACTIVE,Place Co,James Rodriguez,2618 Ocean St,Delano,CA,95882,Kern,(661) 223-1494,2013-11-14,2014-11-14
41-865768,41,On-Sale Beer & Wine - Eating Place,ACTIVE,Tavern LLC,Lisa Garcia Wilson,3202 7th Dr,Bakersfield,CA,94867,Kern,(805) 533-3699,2000-12-26,2001-12-26
41-260092,41,On-Sale Beer & Wine - Eating Place,ACTIVE,Place Kern,Steven Martinez,2961 Oak Rd,Bakersfield,CA,90918,Kern,(805) 806-5076,2011-05-08,2012-05-08
41-608493,41,On-Sale Beer & Wine - Eating Place,ACTIVE,TheBistro Company 35,David Lopez,657 1st Pl #579,Delano,CA,90453,Kern,(661) 573-1299,2009-05-20,2010-05-20
41-122841,41,On-Sale Beer & Wine - Eating Place,ACTIVE,Bistro Bakersfield,Robert Taylor,8420 Sunset Dr,Bakersfield,CA,95210,Kern,(805) 334-2984,2011-09-12,2012-09-12
41-727134,41,On-Sale Beer & Wine - Eating Place,ACTIVE,Diner Co,Paul Martin,2848 Franklin Pl,Delano,CA,93152,Kern,(661) 383-7475,2006-02-03,2007-02-03
41-119928,41,On-Sale Beer & Wine - Eating Place,ACTIVE,Bistro Delano Valley Co,William Taylor,5094 6th Blvd,Delano,CA,92397,Kern,(661) 687-9864,2011-12-12,2012-12-12
41-967544,41,On-Sale Beer & Wine - Eating Place,ACTIVE,Kitchen Bakersfield Valley Corp,David Davis,7141 Ocean Ct,Bakersfield,CA,93463,Kern,(661) 708-9375,2016-05-23,2017-05-23
41-329159,41,On-Sale Beer & Wine - Eating Place,ACTIVE,Place Bakersfield 55,Michelle Johnson,240 Franklin Rd,Bakersfield,CA,94310,Kern,(661) 864-1604,2001-09-07,2002-09-07
41-427606,41,On-Sale Beer & Wine - Eating Place,ACTIVE,Grill Delano Heights,Anthony Anderson,6631 Franklin Ave,Delano,CA,95299,Kern,(661) 328-3767,2003-01-11,2004-01-11
41-263327,41,On-Sale Beer & Wine - Eating Place,ACTIVE,Eatery,James Anderson,7085 Oak Dr,Bakersfield,CA,90189,Kern,(661) 362-6717,2013-09-20,2014-09-20
41-765604,41,On-Sale Beer & Wine - Eating Place,ACTIVE,NewSpot 76,Steven Taylor,1493 Wilshire Ct #823,Delano,CA,94331,Kern,(805) 202-2851,2021-12-28,2022-12-28
41-681045,41,On-Sale Beer & Wine - Eating Place,ACTIVE,NewHouse LLC 43,Andrew Wilson Thomas,4109 Pico Rd,Bakersfield,CA,94216,Kern,(661) 335-9582,2021-06-10,2022-06-10
41-339570,41,On-Sale Beer & Wine - Eating Place,ACTIVE,Grill,Anthony Jones,8597 Franklin Dr,Bakersfield,CA,90714,Kern,(661) 634-7039,2023-10-15,2024-10-15
41-377106,41,On-Sale Beer & Wine - Eating Place,ACTIVE,Spot,Michael Johnson,9151 2nd Way #134,Delano,CA,96126,Kern,(805) 767-1667,2017-10-22,2018-10-22
41-320979,41,On-Sale Beer & Wine - Eating Place,ACTIVE,Kitchen,Steven Rodriguez,2239 6th Way,Delano,CA,93559,Kern,(805) 745-7045,2002-07-06,2003-07-06
41-255631,41,On-Sale Beer & Wine - Eating Place,ACTIVE,Grill Kern Inc,John Jackson,2018 1st Ave #243,Delano,CA,95292,Kern,(805) 592-1744,2022-08-23,2023-08-23
41-144098,41,On-Sale Beer & Wine - Eating Place,ACTIVE,Grill Bakersfield Corp,Mark Smith Jones,494 1st St,Bakersfield,CA,95269,Kern,(805) 873-2427,2001-05-16,2002-05-16
41-275480,41,On-Sale Beer & Wine - Eating Place,ACTIVE,House Bakersfield Heights,Paul Jackson,3782 Front Ln,Bakersfield,CA,95843,Kern,(805) 798-2839,2009-06-22,2010-06-22
41-730565,41,On-Sale Beer & Wine - Eating Place,ACTIVE,Bistro Bakersfield Group,Matthew Williams,7268 Ocean Ave,Bakersfield,CA,91867,Kern,(805) 252-3966,2002-07-23,2003-07-23
41-697725,41,On-Sale Beer & Wine - Eating Place,ACTIVE,Grill LLC,John Martinez,2542 7th Ct,Bakersfield,CA,92877,Kern,(805) 576-7257,2017-11-15,2018-11-15
41-148977,41,On-Sale Beer & Wine - Eating Place,ACTIVE,Place Kern Co,Paul Brown,9312 3rd St,Bakersfield,CA,94179,Kern,(661) 775-7668,2008-04-07,2009-04-07
41-223653,41,On-Sale Beer & Wine - Eating Place,ACTIVE,Corner Bakersfield Co,William Moore,2333 5th St #156,Bakersfield,CA,93312,Kern,(805) 602-5760,2007-05-12,2008-05-12
41-656591,41,On-Sale Beer & Wine - Eating Place,ACTIVE,Tavern Group,Maria Moore,6022 Washington Dr,Bakersfield,CA,95072,Kern,(661) 492-3739,2017-03-08,2018-03-08
41-327002,41,On-Sale Beer & Wine - Eating Place,ACTIVE,Cafe,Paul Martinez,1240 Wilshire Way,Delano,CA,91491,Kern,(805) 576-8965,2018-01-08,2019-01-08
41-481500,41,On-Sale Beer & Wine - Eating Place,ACTIVE,Tavern,Anthony Gonzalez,9146 Mission Ct #361,Delano,CA,95522,Kern,(661) 941-5985,2021-04-17,2022-04-17
41-258714,41,On-Sale Beer & Wine - Eating Place,ACTIVE,Place Group,Lisa Thomas,8598 Main Blvd,Bakersfield,CA,94922,Kern,(661) 274-4481,2001-10-14,2002-10-14
41-187126,41,On-Sale Beer & Wine - Eating Place,ACTIVE,Place Company,Andrew Miller,5255 5th Way,Bakersfield,CA,93887,Kern,(661) 905-2169,2014-01-18,2015-01-18
41-514282,41,On-Sale Beer & Wine - Eating Place,ACTIVE,Diner Bakersfield Corp,Maria Rodriguez,7489 Jefferson Dr,Bakersfield,CA,91376,Kern,(805) 446-1210,2004-07-26,2005-07-26
41-828880,41,On-Sale Beer & Wine - Eating Place,ACTIVE,Cafe Company,John Wilson Garcia,6422 Jefferson Rd,Delano,CA,92329,Kern,(805) 584-7343,2016-06-08,2017-06-08
41-772407,41,On-Sale Beer & Wine - Eating Place,ACTIVE,Grill Delano Inc 79,William Hernandez,6328 Front Blvd,Delano,CA,94731,Kern,(661) 272-2564,2005-03-27,2006-03-27
41-949444,41,On-Sale Beer & Wine - Eating Place,ACTIVE,Tavern,Matthew Taylor,5284 Sunset Ave,Delano,CA,94426,Kern,(661) 321-5249,2007-09-28,2008-09-28
41-699530,41,On-Sale Beer & Wine - Eating Place,ACTIVE,OldCafe Company 1,Paul Johnson,9015 5th Blvd,Bakersfield,CA,90083,Kern,(661) 605-5699,2022-03-22,2023-03-22
41-662427,41,On-Sale Beer & Wine - Eating Place,ACTIVE,Tavern 82,Robert Smith,2248 5th Rd #321,Bakersfield,CA,90637,Kern,(805) 732-7214,2006-09-19,2007-09-19
41-165701,41,On-Sale Beer & Wine - Eating Place,ACTIVE,House Bakersfield LLC,Kenneth Johnson,2031 Mission St #952,Bakersfield,CA,94391,Kern,(805) 204-1657,2005-04-05,2006-04-05
41-226641,41,On-Sale Beer & Wine - Eating Place,ACTIVE,Eatery,Michael Taylor,4979 Madison Rd #463,Bakersfield,CA,92492,Kern,(805) 320-6405,2003-02-02,2004-02-02
41-855441,41,On-Sale Beer & Wine - Eating Place,ACTIVE,Corner 45,Kenneth Moore Wilson,1974 7th Ln,Delano,CA,93257,Kern,(805) 246-3285,2016-08-27,2017-08-27
41-549618,41,On-Sale Beer & Wine - Eating Place,ACTIVE,Place Kern,James Lopez Brown,1408 Madison Pl,Bakersfield,CA,92769,Kern,(661) 771-9814,2006-07-20,2007-07-20
41-392449,41,On-Sale Beer & Wine - Eating Place,ACTIVE,Kitchen LLC,Anthony Jones,7264 Main Way #816,Delano,CA,94853,Kern,(805) 397-5877,2013-10-23,2014-10-23
41-500315,41,On-Sale Beer & Wine - Eating Place,ACTIVE,Spot 83,Robert Wilson,3961 4th St #669,Bakersfield,CA,95850,Kern,(805) 661-8233,2006-04-07,2007-04-07
41-847130,41,On-Sale Beer & Wine - Eating Place,ACTIVE,Tavern Kern,William Jackson Anderson,9529 Main Dr,Bakersfield,CA,90206,Kern,(805) 553-2578,2019-11-20,2020-11-20
41-160427,41,On-Sale Beer & Wine - Eating Place,ACTIVE,Place Kern LLC,James Moore,1660 Madison Ave #972,Delano,CA,91232,Kern,(661) 306-1318,2002-04-28,2003-04-28
41-974769,41,On-Sale Beer & Wine - Eating Place,ACTIVE,Tavern Group,James Thomas,2237 Jefferson Blvd,Delano,CA,95368,Kern,(805) 453-2076,2017-04-25,2018-04-25
41-146380,41,On-Sale Beer & Wine - Eating Place,ACTIVE,NewHouse Bakersfield 14,Maria Smith,307 Hollywood Pl,Bakersfield,CA,94186,Kern,(805) 915-8779,2023-11-13,2024-11-13
41-485357,41,On-Sale Beer & Wine - Eating Place,ACTIVE,Kitchen Corp,Anthony Martin,5471 1st Pl,Delano,CA,96171,Kern,(661) 832-1845,2008-06-21,2009-06-21
41-638537,41,On-Sale Beer & Wine - Eating Place,ACTIVE,Bistro Co,David Anderson,3902 Jefferson Ln,Bakersfield,CA,93623,Kern,(661) 980-8213,2011-09-16,2012-09-16
41-971864,41,On-Sale Beer & Wine - Eating Place,ACTIVE,OldHouse Company 29,Maria Smith,8221 4th Blvd,Delano,CA,91921,Kern,(661) 486-6402,2020-06-04,2021-06-04
41-428167,41,On-Sale Beer & Wine - Eating Place,ACTIVE,Cafe Delano Co,Andrew Lopez,9533 Main Dr,Delano,CA,96102,Kern,(805) 337-1429,2005-06-26,2006-06-26
41-582232,41,On-Sale Beer & Wine - Eating Place,ACTIVE,Tavern,Kenneth Davis,3612 Hollywood Ave,Delano,CA,90375,Kern,(661) 678-3200,2011-10-16,2012-10-16
41-596725,41,On-Sale Beer & Wine - Eating Place,ACTIVE,Diner Delano Hills,Maria Moore Smith,3735 Front Way,Delano,CA,92598,Kern,(805) 881-9217,2011-01-11,2012-01-11
41-353587,41,On-Sale Beer & Wine - Eating Place,ACTIVE,TheDiner Delano Co 100,Andrew Wilson,813 5th Ct #897,Delano,CA,94196,Kern,(661) 622-8440,2003-03-24,2004-03-24
41-101961,41,On-Sale Beer & Wine - Eating Place,ACTIVE,Bistro Kern Corp 79,Michael Davis,3202 Front St,Delano,CA,92939,Kern,(661) 645-5680,2005-08-02,2006-08-02
41-852461,41,On-Sale Beer & Wine - Eating Place,ACTIVE,Tavern,Christopher Hernandez,6612 Front St,Delano,CA,95444,Kern,(805) 652-7287,2013-01-11,2014-01-11
41-174699,41,On-Sale Beer & Wine - Eating Place,ACTIVE,Bistro Kern,Matthew Williams,9650 Ocean Ct,Delano,CA,94119,Kern,(661) 561-2003,2018-12-05,2019-12-05
41-647466,41,On-Sale Beer & Wine - Eating Place,ACTIVE,OldPlace Company 21,Matthew Jackson,2796 4th St,Bakersfield,CA,91455,Kern,(805) 294-8090,2024-05-08,2025-05-08
41-254636,41,On-Sale Beer & Wine - Eating Place,ACTIVE,Place Corp 6,William Jones,5668 Sunset Way,Bakersfield,CA,95275,Kern,(661) 653-5470,2010-04-19,2011-04-19
41-333564,41,On-Sale Beer & Wine - Eating Place,ACTIVE,Diner Corp,Steven Moore,9282 4th Blvd #310,Bakersfield,CA,95689,Kern,(805) 306-8787,2002-05-28,2003-05-28
41-293034,41,On-Sale Beer & Wine - Eating Place,ACTIVE,Grill Bakersfield,Michael Thomas Rodriguez,5670 State Rd,Bakersfield,CA,90102,Kern,(805) 286-2449,2007-09-21,2008-09-21
41-231554,41,On-Sale Beer & Wine - Eating Place,ACTIVE,Grill,Christopher Wilson,7228 Mission Way,Delano,CA,91528,Kern,(805) 858-8515,2007-05-13,2008-05-13
41-577856,41,On-Sale Beer & Wine - Eating Place,ACTIVE,House Group,Matthew Thomas Martin,1629 Hollywood Rd #179,Delano,CA,94110,Kern,(661) 636-9871,2012-08-03,2013-08-03
41-181435,41,On-Sale Beer & Wine - Eating Place,ACTIVE,Diner Kern Inc,Jennifer Thomas,3349 Front Rd,Bakersfield,CA,93453,Kern,(661) 589-4413,2018-11-09,2019-11-09
41-464031,41,On-Sale Beer & Wine - Eating Place,ACTIVE,Eatery,Anthony Martinez,6213 Sunset Dr,Bakersfield,CA,94849,Kern,(805) 952-2527,2007-04-28,2008-04-28
41-535890,41,On-Sale Beer & Wine - Eating Place,ACTIVE,TheTavern Company 52,Andrew Williams,2245 1st Ave,Delano,CA,94920,Kern,(661) 957-1454,2009-11-18,2010-11-18
41-496056,41,On-Sale Beer & Wine - Eating Place,ACTIVE,Cafe,Maria Johnson Thomas,3399 3rd St #723,Delano,CA,91561,Kern,(805) 317-3802,2013-06-02,2014-06-02
41-543900,41,On-Sale Beer & Wine - Eating Place,ACTIVE,Restaurant Bakersfield,Matthew Gonzalez,4076 Sunset Dr #333,Bakersfield,CA,95525,Kern,(805) 805-2293,2003-01-15,2004-01-15
41-945355,41,On-Sale Beer & Wine - Eating Place,ACTIVE,Eatery Kern,Michael Davis,8407 4th Ct,Bakersfield,CA,91485,Kern,(805) 792-8870,2014-06-21,2015-06-21
41-217362,41,On-Sale Beer & Wine - Eating Place,ACTIVE,Grill,Robert Hernandez,9733 Madison Rd,Bakersfield,CA,92775,Kern,(805) 783-6493,2012-05-24,2013-05-24
41-481742,41,On-Sale Beer & Wine - Eating Place,ACTIVE,Spot 15,Paul Brown,913 5th Pl,Delano,CA,93912,Kern,(805) 260-2298,2007-05-22,2008-05-22
41-632563,41,On-Sale Beer & Wine - Eating Place,ACTIVE,Bistro,David Williams,4538 7th Ct #992,Delano,CA,93759,Kern,(805) 502-7333,2018-09-18,2019-09-18
41-607227,41,On-Sale Beer & Wine - Eating Place,ACTIVE,Place Corp,Lisa Hernandez,9689 Franklin Dr #865,Bakersfield,CA,95782,Kern,(805) 521-9357,2022-08-28,2023-08-28
41-104970,41,On-Sale Beer & Wine - Eating Place,ACTIVE,Place,Kenneth Miller,1721 Pico Way,Bakersfield,CA,93301,Kern,(661) 619-1187,2006-02-15,2007-02-15
41-852685,41,On-Sale Beer & Wine - Eating Place,ACTIVE,NewSpot Kern 52,Maria Gonzalez,8156 Madison Rd #391,Bakersfield,CA,91926,Kern,(661) 216-6170,2024-12-09,2025-12-09
41-903988,41,On-Sale Beer & Wine - Eating Place,ACTIVE,Grill Co,John Wilson,6448 Ocean Rd #364,Delano,CA,91118,Kern,(661) 604-6765,2009-05-03,2010-05-03
41-959588,41,On-Sale Beer & Wine - Eating Place,ACTIVE,Grill Corp,James Williams Smith,8229 Broadway Way #493,Bakersfield,CA,90485,Kern,(805) 751-1435,2014-04-15,2015-04-15
41-227642,41,On-Sale Beer & Wine - Eating Place,ACTIVE,NewEatery Bakersfield Hills Group 68,Christopher Garcia,8053 Hollywood Ave #166,Bakersfield,CA,93342,Kern,(805) 799-7468,2006-12-06,2007-12-06
41-610243,41,On-Sale Beer & Wine - Eating Place,ACTIVE,Eatery 34,Maria Taylor,8810 4th Dr #303,Delano,CA,92478,Kern,(661) 813-2576,2009-02-19,2010-02-19
41-337167,41,On-Sale Beer & Wine - Eating Place,ACTIVE,Grill Kern,Anthony Davis,7236 Hollywood Pl,Bakersfield,CA,90691,Kern,(805) 227-3265,2004-03-09,2005-03-09
41-914940,41,On-Sale Beer & Wine - Eating Place,ACTIVE,Place Bakersfield Valley Corp,Paul Jackson,5959 Maple Ln #369,Bakersfield,CA,95026,Kern,(661) 304-7582,2013-09-23,2014-09-23
41-809711,41,On-Sale Beer & Wine - Eating Place,ACTIVE,NewEatery 53,Jennifer Rodriguez Williams,8051 Wilshire Rd,Bakersfield,CA,93706,Kern,(805) 974-7225,2006-04-20,2007-04-20
41-146904,41,On-Sale Beer & Wine - Eating Place,ACTIVE,OldSpot Bakersfield 68,Andrew Brown Smith,4255 Maple Blvd #765,Bakersfield,CA,91323,Kern,(661) 631-3738,2009-02-01,2010-02-01
41-764303,41,On-Sale Beer & Wine - Eating Place,ACTIVE,Diner LLC,James Martin,4732 Front Rd #288,Delano,CA,93802,Kern,(805) 733-7458,2021-02-27,2022-02-27
41-414746,41,On-Sale Beer & Wine - Eating Place,ACTIVE,House Kern,Anthony Lopez,5167 Oak Pl #541,Delano,CA,94232,Kern,(805) 999-5715,2004-12-14,2005-12-14
41-189966,41,On-Sale Beer & Wine - Eating Place,ACTIVE,Diner Delano Company,Matthew Williams,3452 3rd Blvd,Delano,CA,94261,Kern,(805) 229-6853,2020-08-19,2021-08-19
41-818117,41,On-Sale Beer & Wine - Eating Place,ACTIVE,Cafe Co,David Williams,7997 Franklin Ln,Delano,CA,91747,Kern,(661) 714-2442,2005-05-24,2006-05-24
41-607889,41,On-Sale Beer & Wine - Eating Place,ACTIVE,OldCorner Bakersfield Heights Company 85,Mark Williams,7836 Madison Way,Bakersfield,CA,91186,Kern,(805) 746-7135,2005-10-22,2006-10-22
41-985467,41,On-Sale Beer & Wine - Eating Place,ACTIVE,Diner Company,Steven Johnson,9663 1st Ct,Bakersfield,CA,95480,Kern,(661) 921-8879,2003-10-23,2004-10-23
41-179731,41,On-Sale Beer & Wine - Eating Place,ACTIVE,Diner Kern Group,Mark Brown,8514 State St,Delano,CA,90982,Kern,(661) 780-8715,2001-01-14,2002-01-14
41-242519,41,On-Sale Beer & Wine - Eating Place,ACTIVE,Cafe Inc,Andrew Wilson,8281 5th Blvd #737,Bakersfield,CA,95673,Kern,(661) 217-7080,2013-08-02,2014-08-02
41-395138,41,On-Sale Beer & Wine - Eating Place,ACTIVE,NewEatery Bakersfield Co 18,Matthew Smith,6518 Jefferson Pl #886,Bakersfield,CA,90302,Kern,(661) 354-1353,2000-02-11,2001-02-11
41-544838,41,On-Sale Beer & Wine - Eating Place,ACTIVE,Eatery Bakersfield Co,Mark Jones,5165 Wilshire Way,Bakersfield,CA,92533,Kern,(661) 634-4232,2009-02-23,2010-02-23
41-174243,41,On-Sale Beer & Wine - Eating Place,ACTIVE,Eatery,Matthew Miller Lopez,8092 6th Way,Delano,CA,91159,Kern,(661) 207-8916,2002-03-03,2003-03-03
41-339300,41,On-Sale Beer & Wine - Eating Place,ACTIVE,NewPlace LLC 38,James Johnson,1287 2nd St,Delano,CA,92429,Kern,(661) 205-5671,2014-10-24,2015-10-24
41-768964,41,On-Sale Beer & Wine - Eating Place,ACTIVE,Spot Delano Hills Corp 60,Daniel Rodriguez,2692 State St,Delano,CA,95487,Kern,(805) 597-6131,2015-07-02,2016-07-02
41-205955,41,On-Sale Beer & Wine - Eating Place,ACTIVE,Bistro Bakersfield Heights Co,Kenneth Smith,8577 6th Ln #569,Bakersfield,CA,94799,Kern,(805) 390-7499,2010-09-15,2011-09-15
41-575993,41,On-Sale Beer & Wine - Eating Place,ACTIVE,Kitchen Kern Inc,Daniel Smith Anderson,4763 Main Dr #328,Bakersfield,CA,92396,Kern,(805) 282-9789,2022-05-28,2023-05-28
41-765945,41,On-Sale Beer & Wine - Eating Place,ACTIVE,Grill,Lisa Gonzalez,5319 7th Blvd,Bakersfield,CA,91669,Kern,(661) 345-2160,2017-11-25,2018-11-25
41-769599,41,On-Sale Beer & Wine - Eating Place,ACTIVE,Cafe Delano,Christopher Smith,6664 Market Ave,Delano,CA,91897,Kern,(661) 893-7963,2004-04-04,2005-04-04
41-797827,41,On-Sale Beer & Wine - Eating Place,ACTIVE,Corner Kern LLC,Andrew Williams,7564 Madison Rd,Delano,CA,93980,Kern,(805) 913-7014,2024-08-22,2025-08-22
41-247410,41,On-Sale Beer & Wine - Eating Place,ACTIVE,OldTavern 79,Anthony Moore,7158 Market Ln,Bakersfield,CA,92695,Kern,(661) 260-6724,2020-11-13,2021-11-13
41-422361,41,On-Sale Beer & Wine - Eating Place,ACTIVE,Eatery Delano Valley 19,Steven Taylor,2916 Mission Way #171,Delano,CA,95302,Kern,(661) 955-2760,2007-11-21,2008-11-21
41-320376,41,On-Sale Beer & Wine - Eating Place,ACTIVE,House,Anthony Anderson,7609 Franklin Pl,Delano,CA,94662,Kern,(661) 268-6410,2018-12-25,2019-12-25
41-280174,41,On-Sale Beer & Wine - Eating Place,ACTIVE,Spot Delano Heights,Maria Thomas,760 Ocean Ct,Delano,CA,92054,Kern,(805) 801-7793,2017-02-09,2018-02-09
41-474516,41,On-Sale Beer & Wine - Eating Place,ACTIVE,Eatery Kern,Michael Jones,9334 Broadway Rd,Bakersfield,CA,94780,Kern,(805) 879-1999,2011-02-05,2012-02-05
41-326774,41,On-Sale Beer & Wine - Eating Place,ACTIVE,OldTavern 72,Lisa Moore Johnson,6203 Sunset Ln,Delano,CA,91262,Kern,(805) 526-2829,2013-09-05,2014-09-05
41-328024,41,On-Sale Beer & Wine - Eating Place,ACTIVE,House Delano Corp,Maria Hernandez,7827 Market Ln,Delano,CA,93170,Kern,(805) 304-8400,2002-02-02,2003-02-02
41-389587,41,On-Sale Beer & Wine - Eating Place,ACTIVE,House Bakersfield,Andrew Anderson,1817 Lincoln Way #154,Bakersfield,CA,92211,Kern,(805) 727-4399,2023-02-20,2024-02-20
41-790399,41,On-Sale Beer & Wine - Eating Place,ACTIVE,Tavern,Christopher Johnson,8128 Washington St,Bakersfield,CA,93006,Kern,(805) 230-8044,2006-07-11,2007-07-11
41-892708,41,On-Sale Beer & Wine - Eating Place,ACTIVE,TheTavern Delano 73,Jennifer Martin,4490 State St,Delano,CA,94671,Kern,(661) 860-1900,2013-09-15,2014-09-15
41-285231,41,On-Sale Beer & Wine - Eating Place,ACTIVE,Cafe 83,Michelle Smith,4633 Wilshire Ln #967,Bakersfield,CA,95275,Kern,(661) 448-4031,2023-07-20,2024-07-20
41-702570,41,On-Sale Beer & Wine - Eating Place,ACTIVE,Spot Company,Matthew Davis,9161 Franklin St,Delano,CA,90191,Kern,(661) 920-4237,2018-12-03,2019-12-03
41-357852,41,On-Sale Beer & Wine - Eating Place,ACTIVE,Bistro,Andrew Williams,9516 Wilshire Way,Bakersfield,CA,96016,Kern,(661) 741-3560,2012-11-19,2013-11-19
41-611651,41,On-Sale Beer & Wine - Eating Place,ACTIVE,Grill,Christopher Thomas Davis,4032 1st Ct,Delano,CA,92925,Kern,(661) 215-6351,2009-07-01,2010-07-01
41-185364,41,On-Sale Beer & Wine - Eating Place,ACTIVE,Corner LLC,Kenneth Davis,6366 Jefferson Blvd #929,Delano,CA,90760,Kern,(661) 521-4552,2015-04-09,2016-04-09
41-960762,41,On-Sale Beer & Wine - Eating Place,ACTIVE,Bistro 22,James Brown Garcia,9765 Sunset Dr,Delano,CA,93765,Kern,(805) 727-1279,2008-09-15,2009-09-15
41-110635,41,On-Sale Beer & Wine - Eating Place,ACTIVE,Grill,Lisa Wilson,4650 5th Rd #764,Delano,CA,94272,Kern,(805) 364-8244,2000-01-09,2001-01-09
41-900467,41,On-Sale Beer & Wine - Eating Place,ACTIVE,Diner,Paul Williams,7468 4th Blvd #778,Bakersfield,CA,93486,Kern,(661) 935-6449,2013-01-27,2014-01-27
41-802376,41,On-Sale Beer & Wine - Eating Place,ACTIVE,OldRestaurant Bakersfield Heights Company 67,Steven Garcia Davis,1357 Sunset Ln #336,Bakersfield,CA,90292,Kern,(805) 557-8551,2001-06-27,2002-06-27
41-386692,41,On-Sale Beer & Wine - Eating Place,ACTIVE,Restaurant 13,James Hernandez,5346 Broadway Ave,Delano,CA,92191,Kern,(661) 942-6890,2011-01-15,2012-01-15
41-875680,41,On-Sale Beer & Wine - Eating Place,ACTIVE,Place Bakersfield Group,David Jones,9401 2nd Pl,Bakersfield,CA,94543,Kern,(805) 930-1179,2018-04-28,2019-04-28
41-247959,41,On-Sale Beer & Wine - Eating Place,ACTIVE,Diner Bakersfield Heights LLC 69,Christopher Wilson,3678 6th Dr,Bakersfield,CA,91350,Kern,(661) 875-7248,2011-06-16,2012-06-16
41-894826,41,On-Sale Beer & Wine - Eating Place,ACTIVE,TheEatery Group 74,Steven Gonzalez Williams,8721 7th Ct #755,Delano,CA,95693,Kern,(661) 830-9202,2006-12-21,2007-12-21
41-725242,41,On-Sale Beer & Wine - Eating Place,ACTIVE,Eatery Bakersfield Hills Group,Andrew Davis Hernandez,6357 4th Dr,Bakersfield,CA,92698,Kern,(661) 943-8414,2006-12-16,2007-12-16
41-943263,41,On-Sale Beer & Wine - Eating Place,ACTIVE,Place LLC,Lisa Hernandez,3134 Broadway St,Delano,CA,95322,Kern,(661) 939-8354,2023-05-07,2024-05-07
41-839994,41,On-Sale Beer & Wine - Eating Place,ACTIVE,TheCorner Bakersfield Heights Group 84,David Martinez,1437 Lincoln Ave,Bakersfield,CA,93889,Kern,(661) 413-7183,2011-07-18,2012-07-18
41-990748,41,On-Sale Beer & Wine - Eating Place,ACTIVE,Eatery,Andrew Anderson,6738 Oak Blvd,Delano,CA,90415,Kern,(661) 925-8578,2005-07-15,2006-07-15
41-490121,41,On-Sale Beer & Wine - Eating Place,ACTIVE,Place Delano,James Rodriguez,4216 Broadway Rd,Delano,CA,91398,Kern,(661) 292-8805,2019-04-20,2020-04-20
41-747628,41,On-Sale Beer & Wine - Eating Place,ACTIVE,Grill LLC,Robert Gonzalez,6315 5th Rd,Delano,CA,90516,Kern,(661) 463-8200,2012-12-13,2013-12-13
41-926284,41,On-Sale Beer & Wine - Eating Place,ACTIVE,Grill Delano Group,Daniel Smith Martinez,3929 Front Dr,Delano,CA,91613,Kern,(661) 855-4981,2018-10-28,2019-10-28
41-539169,41,On-Sale Beer & Wine - Eating Place,ACTIVE,Eatery Kern Co,Steven Hernandez,7896 Oak Dr,Bakersfield,CA,93207,Kern,(805) 534-1798,2021-10-19,2022-10-19
41-946610,41,On-Sale Beer & Wine - Eating Place,ACTIVE,NewCorner LLC 93,Paul Taylor,3123 6th Ave #351,Delano,CA,94405,Kern,(661) 979-8480,2017-01-10,2018-01-10
41-177957,41,On-Sale Beer & Wine - Eating Place,ACTIVE,Tavern Delano,William Miller,7966 1st Ave,Delano,CA,95242,Kern,(805) 569-4321,2021-01-08,2022-01-08
41-256824,41,On-Sale Beer & Wine - Eating Place,ACTIVE,Place Kern,Maria Taylor,3098 Jefferson Pl,Bakersfield,CA,95824,Kern,(661) 671-1510,2023-04-15,2024-04-15
41-681818,41,On-Sale Beer & Wine - Eating Place,ACTIVE,Spot Delano,Anthony Jackson Smith,3410 Pico Pl,Delano,CA,92586,Kern,(661) 989-7425,2000-12-21,2001-12-21
41-315615,41,On-Sale Beer & Wine - Eating Place,ACTIVE,Tavern Inc,Steven Rodriguez,8575 Oak Blvd #454,Bakersfield,CA,94536,Kern,(805) 556-1465,2014-06-26,2015-06-26
41-524384,41,On-Sale Beer & Wine - Eating Place,ACTIVE,Restaurant,Maria Smith,6615 Madison Ave,Delano,CA,95492,Kern,(661) 501-7281,2010-12-10,2011-12-10
41-368814,41,On-Sale Beer & Wine - Eating Place,ACTIVE,TheBistro 17,Andrew Garcia Wilson,2130 Jefferson Ave #748,Bakersfield,CA,96193,Kern,(661) 543-5787,2015-08-09,2016-08-09
41-688998,41,On-Sale Beer & Wine - Eating Place,ACTIVE,Restaurant Delano Valley LLC,James Davis,6365 Sunset Rd,Delano,CA,90375,Kern,(805) 464-4132,2023-05-18,2024-05-18
41-451518,41,On-Sale Beer & Wine - Eating Place,ACTIVE,Tavern Delano Group,James Moore Smith,1389 Madison Ct,Delano,CA,94640,Kern,(805) 343-8313,2023-04-16,2024-04-16
41-550185,41,On-Sale Beer & Wine - Eating Place,ACTIVE,Eatery Company,Christopher Smith,4697 Lincoln Ct,Delano,CA,91695,Kern,(805) 284-5969,2015-04-13,2016-04-13
41-780149,41,On-Sale Beer & Wine - Eating Place,ACTIVE,Tavern Kern,David Anderson Jones,6103 Pico St,Bakersfield,CA,92669,Kern,(805) 695-5025,2001-07-08,2002-07-08
41-380197,41,On-Sale Beer & Wine - Eating Place,ACTIVE,NewKitchen 4,James Williams Jackson,2678 Oak Rd,Delano,CA,94670,Kern,(805) 262-4957,2017-01-18,2018-01-18
41-531666,41,On-Sale Beer & Wine - Eating Place,ACTIVE,House Delano LLC,Daniel Brown Hernandez,675 Broadway Way,Delano,CA,92092,Kern,(805) 906-1355,2005-06-01,2006-06-01
41-905847,41,On-Sale Beer & Wine - Eating Place,ACTIVE,Corner Kern,Paul Jackson Brown,6392 Market Dr,Delano,CA,92771,Kern,(661) 277-2760,2023-08-09,2024-08-09
41-352195,41,On-Sale Beer & Wine - Eating Place,ACTIVE,NewBistro Delano Valley Group 90,Maria Jones Brown,3471 Oak St,Delano,CA,91718,Kern,(661) 950-9651,2002-02-15,2003-02-15
41-280275,41,On-Sale Beer & Wine - Eating Place,ACTIVE,Spot,Daniel Smith Johnson,2472 4th Way,Bakersfield,CA,92224,Kern,(661) 934-9574,2016-07-05,2017-07-05
41-707480,41,On-Sale Beer & Wine - Eating Place,ACTIVE,Tavern LLC,Matthew Davis,7393 3rd Rd #467,Bakersfield,CA,95199,Kern,(661) 685-8281,2016-06-04,2017-06-04
41-829766,41,On-Sale Beer & Wine - Eating Place,ACTIVE,Tavern Company 64,Steven Johnson,1046 4th Way,Bakersfield,CA,94149,Kern,(661) 840-6022,2023-09-17,2024-09-17
41-972341,41,On-Sale Beer & Wine - Eating Place,ACTIVE,Tavern,William Moore,4277 7th Way,Bakersfield,CA,95769,Kern,(661) 842-5911,2001-09-03,2002-09-03
41-959089,41,On-Sale Beer & Wine - Eating Place,ACTIVE,Diner,Paul Jackson,482 Washington Ct #364,Bakersfield,CA,95590,Kern,(805) 600-5352,2013-08-28,2014-08-28
41-651914,41,On-Sale Beer & Wine - Eating Place,ACTIVE,Restaurant Bakersfield Hills Inc,Mark Martinez,9808 Ocean Ct,Bakersfield,CA,95258,Kern,(661) 235-8659,2007-12-11,2008-12-11
41-202787,41,On-Sale Beer & Wine - Eating Place,ACTIVE,TheCorner 96,Paul Jackson Smith,4470 Broadway Way,Bakersfield,CA,92087,Kern,(661) 864-7098,2003-11-19,2004-11-19
41-808747,41,On-Sale Beer & Wine - Eating Place,ACTIVE,Bistro,Michelle Miller,1952 Pico Ave,Bakersfield,CA,93537,Kern,(661) 826-7972,2006-11-02,2007-11-02
41-734695,41,On-Sale Beer & Wine - Eating Place,ACTIVE,TheCafe Bakersfield Company 10,Lisa Hernandez,8365 Broadway Ln #364,Bakersfield,CA,90770,Kern,(661) 821-1861,2013-01-07,2014-01-07
41-241783,41,On-Sale Beer & Wine - Eating Place,ACTIVE,TheCorner Inc 52,John Davis,6970 Oak Ln #759,Delano,CA,93022,Kern,(661) 707-1975,2001-11-04,2002-11-04
41-967028,41,On-Sale Beer & Wine - Eating Place,ACTIVE,Diner Delano Group,David Williams,8948 Market Way #915,Delano,CA,95858,Kern,(805) 906-6069,2020-03-26,2021-03-26
41-895819,41,On-Sale Beer & Wine - Eating Place,ACTIVE,Place Bakersfield Group,David Gonzalez,8568 Main St,Bakersfield,CA,91702,Kern,(805) 810-4176,2009-08-02,2010-08-02
41-778699,41,On-Sale Beer & Wine - Eating Place,ACTIVE,Cafe Kern Co,William Smith Williams,5423 Main Dr,Bakersfield,CA,90449,Kern,(661) 382-7440,2016-12-11,2017-12-11
41-251167,41,On-Sale Beer & Wine - Eating Place,ACTIVE,Spot Bakersfield,Daniel Davis,4827 Franklin Dr,Bakersfield,CA,92905,Kern,(805) 875-4005,2021-01-26,2022-01-26
41-983096,41,On-Sale Beer & Wine - Eating Place,ACTIVE,NewBistro Kern 89,Anthony Jackson,2377 6th Ln,Delano,CA,95439,Kern,(661) 791-8069,2016-10-27,2017-10-27
41-136540,41,On-Sale Beer & Wine - Eating Place,ACTIVE,Diner Co,Paul Martinez,900 Maple Pl,Bakersfield,CA,93512,Kern,(661) 465-6368,2011-10-21,2012-10-21
41-205369,41,On-Sale Beer & Wine - Eating Place,ACTIVE,Cafe Kern Inc,Michael Taylor,5323 4th Ave #880,Delano,CA,90183,Kern,(805) 344-6931,2007-03-27,2008-03-27
41-156285,41,On-Sale Beer & Wine - Eating Place,ACTIVE,TheKitchen Delano Group 56,Christopher Hernandez,5812 Mission Ct,Delano,CA,90322,Kern,(661) 767-6003,2023-11-21,2024-11-21
41-964993,41,On-Sale Beer & Wine - Eating Place,ACTIVE,Place Delano,Robert Anderson,1438 7th Dr,Delano,CA,91785,Kern,(805) 297-5274,2017-06-20,2018-06-20
41-342011,41,On-Sale Beer & Wine - Eating Place,ACTIVE,OldDiner Delano Inc 92,Maria Rodriguez,2363 Broadway Ave,Delano,CA,92700,Kern,(661) 337-9041,2004-12-23,2005-12-23
41-421200,41,On-Sale Beer & Wine - Eating Place,ACTIVE,Grill Bakersfield,Mark Jones,5570 7th Blvd,Bakersfield,CA,93801,Kern,(805) 498-7953,2017-03-23,2018-03-23
41-725962,41,On-Sale Beer & Wine - Eating Place,ACTIVE,Kitchen Bakersfield 69,David Moore,9108 Jefferson St,Bakersfield,CA,90232,Kern,(661) 629-7867,2013-06-04,2014-06-04
41-540094,41,On-Sale Beer & Wine - Eating Place,ACTIVE,Tavern Co,Andrew Anderson Davis,7862 Jefferson Ct,Delano,CA,92212,Kern,(661) 233-8468,2010-10-11,2011-10-11
41-710416,41,On-Sale Beer & Wine - Eating Place,ACTIVE,Eatery Kern,Kenneth Taylor,7503 6th Rd,Bakersfield,CA,90874,Kern,(805) 577-8822,2021-05-10,2022-05-10
41-131000,41,On-Sale Beer & Wine - Eating Place,ACTIVE,Spot Delano,William Anderson,1682 Main Ave,Delano,CA,95929,Kern,(661) 280-3757,2013-10-13,2014-10-13
41-147343,41,On-Sale Beer & Wine - Eating Place,ACTIVE,Kitchen Kern,Michelle Hernandez,8968 Franklin Ln #740,Bakersfield,CA,91427,Kern,(661) 800-4882,2014-08-03,2015-08-03
41-189538,41,On-Sale Beer & Wine - Eating Place,ACTIVE,Grill Corp,Maria Anderson,2898 Broadway Rd,Delano,CA,91680,Kern,(805) 282-5284,2009-09-06,2010-09-06
41-746624,41,On-Sale Beer & Wine - Eating Place,ACTIVE,Restaurant Bakersfield Heights,Anthony Johnson,5225 Jefferson Ave #710,Bakersfield,CA,92535,Kern,(661) 229-7384,2016-06-02,2017-06-02
41-946463,41,On-Sale Beer & Wine - Eating Place,ACTIVE,Bistro Corp,Andrew Anderson,784 1st Ln,Delano,CA,92620,Kern,(661) 844-7136,2013-02-14,2014-02-14
41-303612,41,On-Sale Beer & Wine - Eating Place,ACTIVE,Spot,John Rodriguez,8806 3rd Dr,Delano,CA,90945,Kern,(661) 540-9387,2020-11-02,2021-11-02
41-155487,41,On-Sale Beer & Wine - Eating Place,ACTIVE,Spot Bakersfield,John Jones,3613 Oak Blvd #126,Bakersfield,CA,96010,Kern,(805) 964-1540,2002-01-14,2003-01-14
41-151016,41,On-Sale Beer & Wine - Eating Place,ACTIVE,Grill,Michelle Johnson,5514 3rd Ct #866,Delano,CA,92062,Kern,(805) 314-6355,2019-07-10,2020-07-10
41-443398,41,On-Sale Beer & Wine - Eating Place,ACTIVE,Corner Delano Co,Michelle Johnson,6425 3rd Dr,Delano,CA,95013,Kern,(661) 496-2000,2013-09-05,2014-09-05
41-876011,41,On-Sale Beer & Wine - Eating Place,ACTIVE,NewBistro Bakersfield Heights 27,Andrew Brown,8223 Mission Ave #852,Bakersfield,CA,90358,Kern,(805) 306-5283,2007-01-16,2008-01-16
41-297740,41,On-Sale Beer & Wine - Eating Place,ACTIVE,Diner LLC,Michael Davis Miller,378 Jefferson Ct #144,Delano,CA,95590,Kern,(805) 381-1984,2017-09-19,2018-09-19
41-441316,41,On-Sale Beer & Wine - Eating Place,ACTIVE,NewHouse 47,Matthew Martin,6418 Main Way,Delano,CA,93388,Kern,(805) 257-8942,2024-07-24,2025-07-24
41-294963,41,On-Sale Beer & Wine - Eating Place,ACTIVE,Place Kern,Paul Jones,1125 Lincoln Blvd,Bakersfield,CA,90230,Kern,(661) 836-1702,2008-04-21,2009-04-21
41-239202,41,On-Sale Beer & Wine - Eating Place,ACTIVE,Diner,Daniel Miller,7945 1st Rd,Bakersfield,CA,95883,Kern,(805) 237-6534,2018-09-11,2019-09-11
41-294127,41,On-Sale Beer & Wine - Eating Place,ACTIVE,Place,John Brown,8305 Hollywood Way #868,Delano,CA,93314,Kern,(805) 929-8906,2020-12-23,2021-12-23
41-226302,41,On-Sale Beer & Wine - Eating Place,ACTIVE,OldBistro 14,Matthew Johnson,3541 Lincoln Dr,Delano,CA,92399,Kern,(661) 702-2295,2018-06-18,2019-06-18
41-672926,41,On-Sale Beer & Wine - Eating Place,ACTIVE,Eatery Group,Maria Taylor,3344 Wilshire Ct,Delano,CA,92868,Kern,(805) 686-6822,2005-05-03,2006-05-03
41-202000,41,On-Sale Beer & Wine - Eating Place,ACTIVE,TheKitchen 42,David Wilson,1596 3rd Ct,Bakersfield,CA,94171,Kern,(805) 654-7102,2005-03-09,2006-03-09
41-560939,41,On-Sale Beer & Wine - Eating Place,ACTIVE,TheRestaurant Co 53,Maria Thomas,7340 Market Dr,Delano,CA,95895,Kern,(661) 647-9469,2002-05-15,2003-05-15
41-886600,41,On-Sale Beer & Wine - Eating Place,ACTIVE,House Company,Daniel Martinez,1187 6th Ave #706,Bakersfield,CA,95786,Kern,(805) 274-4376,2004-12-05,2005-12-05
41-177394,41,On-Sale Beer & Wine - Eating Place,ACTIVE,Place Kern,Christopher Rodriguez Martinez,5711 1st Ave,Bakersfield,CA,95747,Kern,(805) 285-3928,2006-11-19,2007-11-19
41-118568,41,On-Sale Beer & Wine - Eating Place,ACTIVE,Bistro Company,Paul Garcia Johnson,8255 Front Ave,Bakersfield,CA,92559,Kern,(805) 535-6856,2019-02-26,2020-02-26
41-162821,41,On-Sale Beer & Wine - Eating Place,ACTIVE,Tavern Kern Corp,Michael Smith,1094 Ocean Rd,Bakersfield,CA,95224,Kern,(805) 526-2199,2000-10-03,2001-10-03
41-839552,41,On-Sale Beer & Wine - Eating Place,ACTIVE,Grill Delano Valley Inc,Kenneth Anderson Williams,9386 3rd Blvd,Delano,CA,92199,Kern,(805) 851-5447,2014-09-23,2015-09-23
41-567641,41,On-Sale Beer & Wine - Eating Place,ACTIVE,OldDiner 96,Andrew Moore,3700 6th Pl,Delano,CA,91075,Kern,(805) 788-9055,2006-12-12,2007-12-12
41-237834,41,On-Sale Beer & Wine - Eating Place,ACTIVE,Bistro Company,Andrew Garcia,7747 Main Way,Delano,CA,90278,Kern,(805) 921-3285,2000-03-15,2001-03-15
41-187363,41,On-Sale Beer & Wine - Eating Place,ACTIVE,Corner Bakersfield Heights,Anthony Wilson,9320 Sunset Pl #953,Bakersfield,CA,90021,Kern,(661) 752-1220,2016-11-19,2017-11-19
41-239681,41,On-Sale Beer & Wine - Eating Place,ACTIVE,Kitchen,James Miller,2856 3rd Pl #844,Bakersfield,CA,95078,Kern,(661) 751-2338,2007-08-28,2008-08-28
41-285989,41,On-Sale Beer & Wine - Eating Place,ACTIVE,Eatery Kern 49,David Davis,6079 Jefferson Ln,Bakersfield,CA,94452,Kern,(805) 281-3854,2004-04-05,2005-04-05
41-708924,41,On-Sale Beer & Wine - Eating Place,ACTIVE,Diner,Paul Thomas,8678 Oak St #531,Delano,CA,94517,Kern,(805) 785-7829,2003-10-04,2004-10-04
41-621585,41,On-Sale Beer & Wine - Eating Place,ACTIVE,Corner Kern,John Gonzalez,1321 Mission Rd #856,Bakersfield,CA,90655,Kern,(805) 413-7166,2000-11-21,2001-11-21
41-825514,41,On-Sale Beer & Wine - Eating Place,ACTIVE,Eatery Kern LLC,Andrew Anderson,9876 3rd Blvd #987,Bakersfield,CA,91015,Kern,(661) 705-6455,2021-03-22,2022-03-22
41-861561,41,On-Sale Beer & Wine - Eating Place,ACTIVE,Spot Bakersfield,David Davis,3657 3rd Ave #232,Bakersfield,CA,94873,Kern,(661) 891-8615,2004-04-25,2005-04-25
41-745133,41,On-Sale Beer & Wine - Eating Place,ACTIVE,Diner Inc,Robert Lopez,138 Oak Ln #275,Delano,CA,94156,Kern,(805) 697-7997,2002-10-25,2003-10-25
41-283003,41,On-Sale Beer & Wine - Eating Place,ACTIVE,Diner Inc,Maria Johnson,3690 Broadway Ave,Delano,CA,90251,Kern,(805) 637-2545,2017-06-24,2018-06-24
41-327683,41,On-Sale Beer & Wine - Eating Place,ACTIVE,Spot Delano Valley,Mark Jackson Brown,7867 2nd Way,Delano,CA,91801,Kern,(661) 635-6245,2019-07-28,2020-07-28
41-759417,41,On-Sale Beer & Wine - Eating Place,ACTIVE,TheHouse Kern 95,Daniel Johnson,9818 Maple Ln #641,Delano,CA,94304,Kern,(661) 949-3979,2009-03-12,2010-03-12
41-339045,41,On-Sale Beer & Wine - Eating Place,ACTIVE,House Delano,Matthew Miller,4093 7th St,Delano,CA,90578,Kern,(661) 613-6891,2020-02-21,2021-02-21
41-255443,41,On-Sale Beer & Wine - Eating Place,ACTIVE,Bistro Delano Group,James Gonzalez Moore,5509 Main Pl #762,Delano,CA,91989,Kern,(805) 560-5947,2015-09-13,2016-09-13
41-240956,41,On-Sale Beer & Wine - Eating Place,ACTIVE,Place Group,Anthony Garcia,203 State Way,Delano,CA,91191,Kern,(805) 618-9485,2003-11-03,2004-11-03
41-169042,41,On-Sale Beer & Wine - Eating Place,ACTIVE,Grill Bakersfield Company,Mark Jones,5224 Market Ct,Bakersfield,CA,94108,Kern,(805) 751-2242,2002-07-28,2003-07-28
41-577578,41,On-Sale Beer & Wine - Eating Place,ACTIVE,OldHouse Corp 31,Jennifer Davis,725 1st Pl,Delano,CA,95219,Kern,(661) 821-4062,2020-07-04,2021-07-04
41-478119,41,On-Sale Beer & Wine - Eating Place,ACTIVE,Bistro 67,William Davis,8037 7th St #102,Bakersfield,CA,92365,Kern,(805) 278-1509,2020-11-20,2021-11-20
41-101799,41,On-Sale Beer & Wine - Eating Place,ACTIVE,Spot,Michelle Martin,644 Madison Ave #345,Delano,CA,94803,Kern,(661) 273-6540,2024-02-02,2025-02-02
41-207145,41,On-Sale Beer & Wine - Eating Place,ACTIVE,OldBistro 60,Maria Brown,9021 Broadway Pl,Delano,CA,95166,Kern,(661) 578-8495,2001-10-01,2002-10-01
41-368826,41,On-Sale Beer & Wine - Eating Place,ACTIVE,Grill,Anthony Lopez,6634 Maple St #216,Delano,CA,93495,Kern,(661) 830-7916,2013-08-21,2014-08-21
41-294802,41,On-Sale Beer & Wine - Eating Place,ACTIVE,Grill Bakersfield,Anthony Martin,7958 6th Way,Bakersfield,CA,93189,Kern,(805) 515-3757,2000-04-24,2001-04-24
41-849445,41,On-Sale Beer & Wine - Eating Place,ACTIVE,House Company,Jennifer Johnson,445 Mission Ln,Delano,CA,91595,Kern,(661) 571-4270,2003-12-09,2004-12-09
41-743346,41,On-Sale Beer & Wine - Eating Place,ACTIVE,TheEatery Delano 30,Lisa Anderson Taylor,7185 Hollywood Ln #393,Delano,CA,90026,Kern,(661) 671-9401,2022-08-09,2023-08-09
41-741299,41,On-Sale Beer & Wine - Eating Place,ACTIVE,Cafe Delano Company,Michael Rodriguez,2163 1st Pl,Delano,CA,94662,Kern,(661) 655-2284,2016-08-11,2017-08-11
41-667512,41,On-Sale Beer & Wine - Eating Place,ACTIVE,Tavern Inc,David Davis,9325 Lincoln Pl #820,Bakersfield,CA,90952,Kern,(661) 702-3848,2019-07-14,2020-07-14
41-146070,41,On-Sale Beer & Wine - Eating Place,ACTIVE,Place Delano,Christopher Thomas,4418 Franklin Dr #985,Delano,CA,91613,Kern,(661) 312-1213,2008-06-17,2009-06-17
41-325360,41,On-Sale Beer & Wine - Eating Place,ACTIVE,Cafe Group,Robert Williams Lopez,9390 Main Rd,Bakersfield,CA,92734,Kern,(661) 480-5744,2020-07-07,2021-07-07
41-823727,41,On-Sale Beer & Wine - Eating Place,ACTIVE,Spot Delano Heights Co,Maria Gonzalez,8500 4th Pl #988,Delano,CA,93556,Kern,(805) 960-2763,2017-10-03,2018-10-03
41-368609,41,On-Sale Beer & Wine - Eating Place,ACTIVE,Corner Kern,Mark Miller,3858 Ocean Pl,Bakersfield,CA,95558,Kern,(661) 336-6927,2019-10-07,2020-10-07
41-658605,41,On-Sale Beer & Wine - Eating Place,ACTIVE,Tavern Bakersfield LLC,Andrew Wilson,3806 3rd Ave #324,Bakersfield,CA,93924,Kern,(661) 582-1265,2008-11-11,2009-11-11
41-822199,41,On-Sale Beer & Wine - Eating Place,ACTIVE,Eatery Company,Matthew Jones Wilson,2133 1st St,Bakersfield,CA,94348,Kern,(661) 773-6269,2016-11-16,2017-11-16
41-739494,41,On-Sale Beer & Wine - Eating Place,ACTIVE,Grill Kern Corp,James Moore,2706 5th St,Delano,CA,95555,Kern,(661) 464-2095,2014-06-13,2015-06-13
41-945218,41,On-Sale Beer & Wine - Eating Place,ACTIVE,Cafe,Christopher Jones Rodriguez,4289 7th St,Bakersfield,CA,91476,Kern,(661) 535-2732,2024-02-13,2025-02-13
41-970463,41,On-Sale Beer & Wine - Eating Place,ACTIVE,Spot,Michelle Williams,6930 Market Ln,Delano,CA,95926,Kern,(805) 241-9795,2022-06-08,2023-06-08
41-518673,41,On-Sale Beer & Wine - Eating Place,ACTIVE,NewDiner Inc 6,Christopher Williams Jones,8762 Wilshire Pl,Delano,CA,95726,Kern,(805) 905-7297,2017-07-18,2018-07-18
41-520007,41,On-Sale Beer & Wine - Eating Place,ACTIVE,Eatery Delano Heights Company,Matthew Jackson,4891 Broadway Ct,Delano,CA,93241,Kern,(661) 726-6701,2007-11-22,2008-11-22
41-209325,41,On-Sale Beer & Wine - Eating Place,ACTIVE,House Corp,William Martin,8192 Pico Way,Bakersfield,CA,93905,Kern,(661) 607-4475,2001-03-17,2002-03-17
41-448304,41,On-Sale Beer & Wine - Eating Place,ACTIVE,NewGrill Corp 2,James Gonzalez,3826 Madison Dr,Bakersfield,CA,91276,Kern,(805) 256-9102,2008-08-18,2009-08-18
41-444704,41,On-Sale Beer & Wine - Eating Place,ACTIVE,TheRestaurant Bakersfield Group 48,Kenneth Lopez,4199 Maple Ct,Bakersfield,CA,93368,Kern,(805) 807-1814,2021-09-24,2022-09-24
41-271124,41,On-Sale Beer & Wine - Eating Place,ACTIVE,Place Delano,Steven Rodriguez,7839 Sunset Pl #543,Delano,CA,90224,Kern,(805) 238-6571,2013-02-08,2014-02-08
41-659964,41,On-Sale Beer & Wine - Eating Place,ACTIVE,Kitchen Kern LLC,Andrew Moore,9372 Jefferson Blvd,Bakersfield,CA,91393,Kern,(661) 868-2140,2004-02-04,2005-02-04
41-982513,41,On-Sale Beer & Wine - Eating Place,ACTIVE,Restaurant Delano Valley Co,Robert Garcia Thomas,6342 7th Rd,Delano,CA,91279,Kern,(661) 653-3252,2015-08-03,2016-08-03
41-679675,41,On-Sale Beer & Wine - Eating Place,ACTIVE,Cafe Kern,Kenneth Jones,3766 2nd Ln #799,Bakersfield,CA,96086,Kern,(661) 946-9811,2017-12-25,2018-12-25
41-330514,41,On-Sale Beer & Wine - Eating Place,ACTIVE,Diner Co,Daniel Jackson,1163 Sunset Ln,Delano,CA,95409,Kern,(661) 736-3263,2007-10-14,2008-10-14
41-925026,41,On-Sale Beer & Wine - Eating Place,ACTIVE,Grill LLC,Maria Davis,7738 3rd Ct #763,Bakersfield,CA,93584,Kern,(805) 348-9986,2003-06-06,2004-06-06
41-623588,41,On-Sale Beer & Wine - Eating Place,ACTIVE,TheSpot 20,Jennifer Wilson Wilson,3833 7th St,Bakersfield,CA,93428,Kern,(805) 326-7124,2010-03-13,2011-03-13
41-217180,41,On-Sale Beer & Wine - Eating Place,ACTIVE,Bistro Corp 36,William Jackson,723 Franklin Dr #546,Bakersfield,CA,94955,Kern,(805) 577-9799,2011-01-06,2012-01-06
41-745473,41,On-Sale Beer & Wine - Eating Place,ACTIVE,Bistro Bakersfield Co,Robert Anderson,8998 6th Dr,Bakersfield,CA,93042,Kern,(805) 603-3084,2012-06-28,2013-06-28
41-563417,41,On-Sale Beer & Wine - Eating Place,ACTIVE,Eatery Delano Co,Daniel Garcia Jones,2202 5th Pl,Delano,CA,93076,Kern,(661) 652-6012,2013-07-05,2014-07-05
41-525256,41,On-Sale Beer & Wine - Eating Place,ACTIVE,Tavern Co,Lisa Martinez Williams,9612 Pico Rd,Delano,CA,91940,Kern,(805) 362-1846,2012-11-19,2013-11-19
41-916802,41,On-Sale Beer & Wine - Eating Place,ACTIVE,Tavern,David Taylor,8132 Broadway Blvd #671,Delano,CA,91010,Kern,(661) 689-5218,2001-03-27,2002-03-27
41-914863,41,On-Sale Beer & Wine - Eating Place,ACTIVE,Diner Group,Robert Thomas,2467 6th Blvd,Bakersfield,CA,94951,Kern,(805) 824-3988,2018-01-19,2019-01-19
41-979268,41,On-Sale Beer & Wine - Eating Place,ACTIVE,TheCorner Bakersfield Corp 52,Christopher Moore,4425 Lincoln St #375,Bakersfield,CA,94418,Kern,(805) 230-1141,2002-07-16,2003-07-16
41-168960,41,On-Sale Beer & Wine - Eating Place,ACTIVE,OldSpot Corp 68,Michael Brown Davis,1727 Pico Ave #793,Bakersfield,CA,94606,Kern,(805) 268-7965,2020-09-10,2021-09-10
41-855526,41,On-Sale Beer & Wine - Eating Place,ACTIVE,Diner Kern LLC,Maria Taylor,7336 Wilshire Ave #614,Delano,CA,92757,Kern,(661) 403-8503,2011-10-16,2012-10-16
41-490231,41,On-Sale Beer & Wine - Eating Place,ACTIVE,Restaurant Kern Co,Lisa Davis,4633 Maple Blvd #926,Delano,CA,91302,Kern,(805) 668-8958,2011-03-28,2012-03-28
41-950780,41,On-Sale Beer & Wine - Eating Place,ACTIVE,OldEatery Company 46,Maria Gonzalez,6612 Front Ln,Delano,CA,92552,Kern,(805) 855-5368,2003-05-02,2004-05-02
41-177850,41,On-Sale Beer & Wine - Eating Place,ACTIVE,TheDiner Delano Hills Inc 93,Daniel Gonzalez Rodriguez,8687 Wilshire Rd,Delano,CA,94126,Kern,(661) 777-1035,2001-12-28,2002-12-28
41-800444,41,On-Sale Beer & Wine - Eating Place,ACTIVE,House Bakersfield Corp 88,Michelle Smith,6680 Ocean Ave,Bakersfield,CA,93651,Kern,(661) 803-4983,2000-09-01,2001-09-01
41-844835,41,On-Sale Beer & Wine - Eating Place,ACTIVE,Place,Michael Taylor,110 5th Way,Bakersfield,CA,95946,Kern,(661) 481-9788,2006-09-07,2007-09-07
41-429348,41,On-Sale Beer & Wine - Eating Place,ACTIVE,TheCafe 39,Maria Taylor Anderson,8531 Lincoln Blvd #186,Delano,CA,91973,Kern,(661) 891-6238,2022-06-15,2023-06-15
41-335682,41,On-Sale Beer & Wine - Eating Place,ACTIVE,Bistro Kern Inc,Daniel Davis,187 Pico Dr #129,Delano,CA,93879,Kern,(661) 874-7212,2024-07-18,2025-07-18
41-709163,41,On-Sale Beer & Wine - Eating Place,ACTIVE,TheCafe Kern 69,Daniel Johnson,3191 Front Blvd #531,Delano,CA,94777,Kern,(805) 563-3791,2013-02-18,2014-02-18
41-718746,41,On-Sale Beer & Wine - Eating Place,ACTIVE,Bistro Bakersfield Heights Company,Robert Taylor,9472 Sunset Way #126,Bakersfield,CA,95173,Kern,(805) 242-5300,2009-02-08,2010-02-08
41-379839,41,On-Sale Beer & Wine - Eating Place,ACTIVE,Kitchen Delano,Christopher Hernandez Gonzalez,383 Washington Pl,Delano,CA,90645,Kern,(805) 616-4657,2009-03-09,2010-03-09
41-872876,41,On-Sale Beer & Wine - Eating Place,ACTIVE,Kitchen Bakersfield LLC,Michael Rodriguez,2388 Broadway Ave,Bakersfield,CA,93686,Kern,(805) 345-7448,2017-05-09,2018-05-09
41-957667,41,On-Sale Beer & Wine - Eating Place,ACTIVE,Tavern Kern Inc,Maria Martin,3774 6th Ln,Delano,CA,95189,Kern,(805) 577-7142,2019-08-07,2020-08-07
41-436142,41,On-Sale Beer & Wine - Eating Place,ACTIVE,Eatery Delano LLC,David Hernandez Jackson,5552 Oak Ln,Delano,CA,91181,Kern,(661) 744-9621,2020-05-25,2021-05-25
41-766578,41,On-Sale Beer & Wine - Eating Place,ACTIVE,Eatery,Andrew Moore,767 Oak Way,Delano,CA,95090,Kern,(805) 351-8671,2011-02-06,2012-02-06
41-443282,41,On-Sale Beer & Wine - Eating Place,ACTIVE,Place,Jennifer Martinez,648 6th Ct,Bakersfield,CA,94466,Kern,(661) 539-4311,2024-10-19,2025-10-19
41-896376,41,On-Sale Beer & Wine - Eating Place,ACTIVE,Tavern Bakersfield,Daniel Anderson,2999 Mission St,Bakersfield,CA,90659,Kern,(661) 828-5305,2000-01-15,2001-01-15
41-978868,41,On-Sale Beer & Wine - Eating Place,ACTIVE,OldGrill 42,Matthew Gonzalez Wilson,3702 5th Dr,Delano,CA,94627,Kern,(805) 849-3181,2018-01-06,2019-01-06
41-354627,41,On-Sale Beer & Wine - Eating Place,ACTIVE,NewRestaurant Delano 93,Kenneth Martinez,1772 Broadway Rd,Delano,CA,95263,Kern,(661) 577-2053,2004-04-13,2005-04-13
41-102937,41,On-Sale Beer & Wine - Eating Place,ACTIVE,OldHouse 8,Kenneth Williams,4036 Market Rd #170,Bakersfield,CA,92904,Kern,(661) 531-8540,2013-12-27,2014-12-27
41-376977,41,On-Sale Beer & Wine - Eating Place,ACTIVE,House Bakersfield Heights,William Rodriguez,497 6th Ave,Bakersfield,CA,91521,Kern,(805) 204-1070,2004-09-19,2005-09-19
41-967789,41,On-Sale Beer & Wine - Eating Place,ACTIVE,TheGrill Bakersfield Group 62,Matthew Williams,2846 Jefferson Rd,Bakersfield,CA,91227,Kern,(805) 355-9038,2015-03-09,2016-03-09
41-375207,41,On-Sale Beer & Wine - Eating Place,ACTIVE,TheGrill Delano Hills 16,Daniel Martin,7595 3rd Ave,Delano,CA,92154,Kern,(661) 242-6152,2017-07-05,2018-07-05
41-511092,41,On-Sale Beer & Wine - Eating Place,ACTIVE,Restaurant Group,Daniel Martinez,8948 Oak Way #812,Bakersfield,CA,94849,Kern,(661) 757-4247,2006-12-09,2007-12-09
41-540842,41,On-Sale Beer & Wine - Eating Place,ACTIVE,Diner,Robert Williams,9763 Jefferson Ln #233,Bakersfield,CA,90222,Kern,(805) 834-7462,2021-12-20,2022-12-20
41-303807,41,On-Sale Beer & Wine - Eating Place,ACTIVE,NewRestaurant Kern 76,Lisa Miller,7921 6th Blvd #743,Delano,CA,91044,Kern,(805) 641-2869,2020-01-04,2021-01-04
41-774290,41,On-Sale Beer & Wine - Eating Place,ACTIVE,Cafe Bakersfield Inc,Maria Jackson,9053 Main Rd,Bakersfield,CA,90685,Kern,(661) 749-2159,2020-09-05,2021-09-05
41-515720,41,On-Sale Beer & Wine - Eating Place,ACTIVE,Cafe,William Martinez,9883 Front Rd,Delano,CA,90652,Kern,(805) 640-1362,2004-05-19,2005-05-19
41-328825,41,On-Sale Beer & Wine - Eating Place,ACTIVE,Tavern Company,Michelle Lopez,7792 Maple Ave,Bakersfield,CA,91846,Kern,(805) 298-8717,2024-03-01,2025-03-01
41-840336,41,On-Sale Beer & Wine - Eating Place,ACTIVE,OldTavern Group 1,Michelle Wilson Wilson,5944 Maple Pl,Delano,CA,90466,Kern,(661) 427-6352,2009-06-06,2010-06-06
41-861396,41,On-Sale Beer & Wine - Eating Place,ACTIVE,Place Delano,Maria Lopez,4322 4th Dr,Delano,CA,93268,Kern,(661) 706-9520,2019-11-12,2020-11-12
41-710058,41,On-Sale Beer & Wine - Eating Place,ACTIVE,Kitchen Kern Group,Andrew Johnson,2636 Front Way,Bakersfield,CA,90788,Kern,(661) 582-6766,2002-09-02,2003-09-02
41-581905,41,On-Sale Beer & Wine - Eating Place,ACTIVE,Kitchen Kern Group,James Gonzalez Thomas,9564 Washington Way,Delano,CA,93750,Kern,(805) 703-2143,2009-03-07,2010-03-07
41-773817,41,On-Sale Beer & Wine - Eating Place,ACTIVE,Cafe Bakersfield LLC,Paul Anderson,2698 Mission Dr #521,Bakersfield,CA,90070,Kern,(805) 380-9432,2002-10-08,2003-10-08
41-912736,41,On-Sale Beer & Wine - Eating Place,ACTIVE,Spot Company,Jennifer Thomas,9188 6th Ave,Bakersfield,CA,92700,Kern,(661) 267-5059,2020-10-23,2021-10-23
41-369034,41,On-Sale Beer & Wine - Eating Place,ACTIVE,TheHouse Bakersfield 52,Daniel Wilson,5950 Maple Ln,Bakersfield,CA,90962,Kern,(661) 618-5339,2002-07-20,2003-07-20
41-496625,41,On-Sale Beer & Wine - Eating Place,ACTIVE,Place Bakersfield Heights,John Martinez,9204 Main Ln #525,Bakersfield,CA,91165,Kern,(805) 820-2186,2002-08-07,2003-08-07
41-516111,41,On-Sale Beer & Wine - Eating Place,ACTIVE,Diner Delano Co,Maria Anderson Taylor,9721 Washington Ave #354,Delano,CA,93887,Kern,(805) 573-2574,2020-01-19,2021-01-19
41-962192,41,On-Sale Beer & Wine - Eating Place,ACTIVE,NewPlace Kern 39,Michelle Lopez Hernandez,5398 Pico Ct #388,Bakersfield,CA,92311,Kern,(661) 220-9907,2002-02-27,2003-02-27
41-569800,41,On-Sale Beer & Wine - Eating Place,ACTIVE,TheEatery Kern 56,Maria Garcia,173 State Pl,Bakersfield,CA,95031,Kern,(661) 673-7571,2019-04-14,2020-04-14
41-696530,41,On-Sale Beer & Wine - Eating Place,ACTIVE,TheKitchen Bakersfield Co 23,Lisa Garcia Smith,3759 6th Rd #204,Bakersfield,CA,93789,Kern,(805) 545-7201,2002-12-28,2003-12-28
41-129085,41,On-Sale Beer & Wine - Eating Place,ACTIVE,Restaurant,Kenneth Martinez,8000 Washington Dr,Bakersfield,CA,90448,Kern,(661) 516-9842,2003-07-09,2004-07-09
41-827328,41,On-Sale Beer & Wine - Eating Place,ACTIVE,TheDiner Company 89,Michael Jackson,9931 Washington Ct,Delano,CA,92967,Kern,(805) 817-9266,2004-06-26,2005-06-26
41-688509,41,On-Sale Beer & Wine - Eating Place,ACTIVE,NewTavern Group 74,Maria Hernandez,9394 Madison Ln,Bakersfield,CA,91809,Kern,(661) 912-7419,2023-11-05,2024-11-05
41-384862,41,On-Sale Beer & Wine - Eating Place,ACTIVE,Kitchen Company,Anthony Williams Jackson,1656 Mission Ct,Delano,CA,90305,Kern,(805) 356-7939,2001-04-02,2002-04-02
41-282461,41,On-Sale Beer & Wine - Eating Place,ACTIVE,Diner Bakersfield,William Jones,2974 State Dr #587,Bakersfield,CA,92843,Kern,(805) 322-3300,2021-01-23,2022-01-23
41-635681,41,On-Sale Beer & Wine - Eating Place,ACTIVE,Cafe Bakersfield Group,Robert Taylor,7412 Hollywood Ave,Bakersfield,CA,95928,Kern,(661) 293-7776,2010-01-06,2011-01-06
41-418140,41,On-Sale Beer & Wine - Eating Place,ACTIVE,Spot Kern,Andrew Taylor Hernandez,9819 Lincoln Ave #331,Delano,CA,92174,Kern,(805) 207-6773,2013-11-25,2014-11-25
41-217559,41,On-Sale Beer & Wine - Eating Place,ACTIVE,Spot Co,Lisa Garcia,532 Pico Pl,Bakersfield,CA,91918,Kern,(661) 263-6246,2017-12-23,2018-12-23
41-657704,41,On-Sale Beer & Wine - Eating Place,ACTIVE,TheSpot Delano Hills 77,John Anderson,2203 State Rd,Delano,CA,90815,Kern,(805) 536-1569,2019-08-25,2020-08-25
41-215789,41,On-Sale Beer & Wine - Eating Place,ACTIVE,Grill Bakersfield,Christopher Miller,8772 Wilshire Pl,Bakersfield,CA,91288,Kern,(661) 418-7787,2024-09-03,2025-09-03
41-827499,41,On-Sale Beer & Wine - Eating Place,ACTIVE,Cafe,Matthew Lopez,8825 Broadway Way #503,Delano,CA,93760,Kern,(805) 412-6097,2010-10-20,2011-10-20
41-279845,41,On-Sale Beer & Wine - Eating Place,ACTIVE,Grill Delano,Andrew Smith Thomas,5680 Broadway Ct,Delano,CA,91883,Kern,(661) 414-2759,2024-06-17,2025-06-17
41-920245,41,On-Sale Beer & Wine - Eating Place,ACTIVE,NewCorner LLC 93,Michael Wilson,5136 7th Ave,Bakersfield,CA,90815,Kern,(805) 517-6640,2012-03-10,2013-03-10
41-128286,41,On-Sale Beer & Wine - Eating Place,ACTIVE,Tavern,Maria Martin,2163 2nd Rd #842,Delano,CA,91321,Kern,(805) 747-1910,2006-04-19,2007-04-19
41-942744,41,On-Sale Beer & Wine - Eating Place,ACTIVE,Bistro,David Anderson Davis,7290 1st Blvd,Bakersfield,CA,90436,Kern,(661) 835-6328,2019-09-08,2020-09-08
41-519930,41,On-Sale Beer & Wine - Eating Place,ACTIVE,TheDiner Delano 25,Lisa Moore,9173 Hollywood Way,Delano,CA,94371,Kern,(805) 269-2525,2001-05-23,2002-05-23
41-130073,41,On-Sale Beer & Wine - Eating Place,ACTIVE,Bistro Kern,Matthew Moore Garcia,1176 Pico Rd #424,Delano,CA,92433,Kern,(661) 872-9860,2002-08-24,2003-08-24
41-539577,41,On-Sale Beer & Wine - Eating Place,ACTIVE,Bistro,Christopher Brown,2910 Wilshire Ave,Bakersfield,CA,95173,Kern,(805) 811-6262,2012-06-02,2013-06-02
41-404351,41,On-Sale Beer & Wine - Eating Place,ACTIVE,Corner Bakersfield,David Lopez,7780 Franklin Pl,Bakersfield,CA,91443,Kern,(805) 400-5265,2016-08-06,2017-08-06
41-140976,41,On-Sale Beer & Wine - Eating Place,ACTIVE,Spot Delano,Steven Moore,6772 Pico Pl #466,Delano,CA,95306,Kern,(805) 548-2521,2024-04-19,2025-04-19
41-390234,41,On-Sale Beer & Wine - Eating Place,ACTIVE,TheBistro Corp 40,Robert Lopez,4725 Broadway Rd #332,Bakersfield,CA,95997,Kern,(661) 958-3392,2004-11-19,2005-11-19
41-697319,41,On-Sale Beer & Wine - Eating Place,ACTIVE,Place,Kenneth Martinez,1824 Wilshire Pl,Bakersfield,CA,94654,Kern,(661) 643-9517,2017-12-09,2018-12-09
41-271688,41,On-Sale Beer & Wine - Eating Place,ACTIVE,Place,Robert Miller,3724 Ocean Ave,Bakersfield,CA,90800,Kern,(661) 493-1481,2005-11-17,2006-11-17
41-305150,41,On-Sale Beer & Wine - Eating Place,ACTIVE,Bistro Kern,Lisa Johnson Johnson,2806 Sunset St,Delano,CA,94709,Kern,(805) 666-2736,2010-05-22,2011-05-22
41-612109,41,On-Sale Beer & Wine - Eating Place,ACTIVE,Bistro LLC,James Jones,6560 Pico Pl,Bakersfield,CA,91540,Kern,(805) 895-7857,2007-02-11,2008-02-11
41-485899,41,On-Sale Beer & Wine - Eating Place,ACTIVE,NewCafe Group 44,Mark Hernandez,2095 Sunset Ln,Delano,CA,90627,Kern,(805) 741-6100,2011-02-24,2012-02-24
41-805493,41,On-Sale Beer & Wine - Eating Place,ACTIVE,Spot Bakersfield Valley Company,Michelle Martin Brown,9983 2nd Pl #963,Bakersfield,CA,92319,Kern,(805) 371-4800,2005-01-03,2006-01-03
41-852770,41,On-Sale Beer & Wine - Eating Place,ACTIVE,NewDiner LLC 64,Christopher Johnson Martin,309 Oak Blvd,Bakersfield,CA,91793,Kern,(805) 330-9087,2003-09-02,2004-09-02
41-851307,41,On-Sale Beer & Wine - Eating Place,ACTIVE,House 38,Michelle Taylor,172 4th Way,Bakersfield,CA,92027,Kern,(661) 972-5643,2013-07-19,2014-07-19
41-787974,41,On-Sale Beer & Wine - Eating Place,ACTIVE,Restaurant,Anthony Davis,9504 Mission Ct,Delano,CA,95943,Kern,(805) 746-6384,2022-02-09,2023-02-09
41-258790,41,On-Sale Beer & Wine - Eating Place,ACTIVE,Restaurant Bakersfield Heights,James Williams,2085 Wilshire Ct,Bakersfield,CA,91791,Kern,(805) 698-6827,2015-09-27,2016-09-27
41-302688,41,On-Sale Beer & Wine - Eating Place,ACTIVE,Cafe Kern Co,Christopher Rodriguez Williams,9797 1st Dr,Bakersfield,CA,95476,Kern,(805) 339-5513,2019-05-14,2020-05-14
41-990696,41,On-Sale Beer & Wine - Eating Place,ACTIVE,OldSpot Kern LLC 40,Lisa Miller,5427 Franklin Ln,Delano,CA,91237,Kern,(805) 812-6609,2008-03-07,2009-03-07
41-360193,41,On-Sale Beer & Wine - Eating Place,ACTIVE,Cafe Bakersfield Valley,Daniel Moore Wilson,3172 Hollywood Pl #318,Bakersfield,CA,92459,Kern,(661) 759-5738,2011-02-26,2012-02-26
41-116492,41,On-Sale Beer & Wine - Eating Place,ACTIVE,Spot,Maria Taylor,1403 5th St #665,Delano,CA,94140,Kern,(661) 633-8336,2023-01-24,2024-01-24
41-593840,41,On-Sale Beer & Wine - Eating Place,ACTIVE,OldGrill Inc 41,Paul Rodriguez Gonzalez,8473 1st Dr #738,Bakersfield,CA,95065,Kern,(661) 938-4434,2001-11-23,2002-11-23
41-773831,41,On-Sale Beer & Wine - Eating Place,ACTIVE,Diner Co,Kenneth Jackson,2262 Madison Ln,Bakersfield,CA,90287,Kern,(805) 976-2150,2008-09-28,2009-09-28
41-367332,41,On-Sale Beer & Wine - Eating Place,ACTIVE,Grill Bakersfield Corp,Matthew Miller,9562 6th Rd #111,Bakersfield,CA,91531,Kern,(661) 673-8529,2007-05-20,2008-05-20
41-313529,41,On-Sale Beer & Wine - Eating Place,ACTIVE,Corner,Robert Johnson,1427 State Rd,Delano,CA,90175,Kern,(661) 544-5750,2005-07-28,2006-07-28
41-588503,41,On-Sale Beer & Wine - Eating Place,ACTIVE,House 45,Steven Moore,6781 Pico Ln,Delano,CA,91919,Kern,(805) 419-3842,2014-08-08,2015-08-08
41-717734,41,On-Sale Beer & Wine - Eating Place,ACTIVE,OldPlace Kern Co 21,Robert Martinez,6759 Pico Rd,Delano,CA,90884,Kern,(805) 450-7046,2019-04-23,2020-04-23
41-501464,41,On-Sale Beer & Wine - Eating Place,ACTIVE,OldCorner Delano 12,Jennifer Jackson,9548 1st Rd,Delano,CA,92743,Kern,(661) 326-8060,2006-01-13,2007-01-13
41-212493,41,On-Sale Beer & Wine - Eating Place,ACTIVE,House Bakersfield Valley,Michael Martinez,4182 6th Pl,Bakersfield,CA,93351,Kern,(661) 669-7493,2007-08-27,2008-08-27
41-249881,41,On-Sale Beer & Wine - Eating Place,ACTIVE,Kitchen LLC,John Johnson,6482 Franklin Rd,Delano,CA,92676,Kern,(805) 756-8167,2006-03-18,2007-03-18
41-326912,41,On-Sale Beer & Wine - Eating Place,ACTIVE,Kitchen Kern Group 69,Mark Thomas,649 Jefferson Blvd,Delano,CA,96090,Kern,(805) 672-4758,2024-04-05,2025-04-05
41-317132,41,On-Sale Beer & Wine - Eating Place,ACTIVE,Eatery,David Jones Jackson,6978 2nd Blvd,Bakersfield,CA,92364,Kern,(661) 236-5572,2000-06-12,2001-06-12
41-628136,41,On-Sale Beer & Wine - Eating Place,ACTIVE,Corner,Andrew Gonzalez,8795 State Dr #497,Delano,CA,90222,Kern,(661) 634-7986,2018-09-09,2019-09-09
41-549135,41,On-Sale Beer & Wine - Eating Place,ACTIVE,Grill Delano Inc,Steven Moore,1396 Lincoln Ln,Delano,CA,90730,Kern,(805) 943-6441,2010-02-03,2011-02-03
41-767049,41,On-Sale Beer & Wine - Eating Place,ACTIVE,Spot Delano Heights Company,Michael Taylor,7733 Oak Way #475,Delano,CA,91425,Kern,(805) 232-3632,2001-04-13,2002-04-13
41-207719,41,On-Sale Beer & Wine - Eating Place,ACTIVE,NewTavern Delano Valley Co 36,Maria Taylor,2797 Washington Ave,Delano,CA,96172,Kern,(805) 408-9179,2000-10-07,2001-10-07
41-558616,41,On-Sale Beer & Wine - Eating Place,ACTIVE,Spot Kern Group,Lisa Anderson,6399 State Rd,Bakersfield,CA,91107,Kern,(661) 924-9237,2010-02-05,2011-02-05
41-652172,41,On-Sale Beer & Wine - Eating Place,ACTIVE,Tavern Delano Hills,Andrew Martin Miller,1092 Maple Ln,Delano,CA,92850,Kern,(805) 516-6463,2002-04-26,2003-04-26
41-287299,41,On-Sale Beer & Wine - Eating Place,ACTIVE,Place,Mark Williams,2069 2nd Way,Bakersfield,CA,94099,Kern,(805) 828-1801,2004-10-23,2005-10-23
41-178715,41,On-Sale Beer & Wine - Eating Place,ACTIVE,OldKitchen 4,Maria Lopez,844 6th Ct,Bakersfield,CA,94810,Kern,(805) 982-3137,2007-11-26,2008-11-26
41-642307,41,On-Sale Beer & Wine - Eating Place,ACTIVE,Tavern,Daniel Wilson Moore,3589 Washington St,Bakersfield,CA,95851,Kern,(805) 640-2910,2019-07-22,2020-07-22
41-404052,41,On-Sale Beer & Wine - Eating Place,ACTIVE,Diner Delano 62,Robert Miller,1296 3rd St,Delano,CA,91360,Kern,(805) 449-8083,2022-06-05,2023-06-05
41-495089,41,On-Sale Beer & Wine - Eating Place,ACTIVE,Restaurant Kern Inc,Michael Jones,6667 1st Dr,Bakersfield,CA,91995,Kern,(661) 859-2908,2024-01-28,2025-01-28
41-481330,41,On-Sale Beer & Wine - Eating Place,ACTIVE,Grill Delano Valley,Daniel Jackson,7968 7th Way,Delano,CA,95990,Kern,(805) 985-1426,2020-02-01,2021-02-01
41-169641,41,On-Sale Beer & Wine - Eating Place,ACTIVE,Spot Delano Group,Maria Moore,9073 6th Blvd,Delano,CA,91838,Kern,(805) 943-6087,2003-09-13,2004-09-13
41-521525,41,On-Sale Beer & Wine - Eating Place,ACTIVE,Kitchen Delano,John Martin Anderson,8127 2nd Way #995,Delano,CA,90527,Kern,(805) 434-4831,2008-05-20,2009-05-20
41-480617,41,On-Sale Beer & Wine - Eating Place,ACTIVE,Grill Delano,David Gonzalez,2001 Jefferson Rd,Delano,CA,90684,Kern,(805) 456-8459,2011-01-01,2012-01-01
41-990416,41,On-Sale Beer & Wine - Eating Place,ACTIVE,NewDiner Co 79,Mark Moore,7904 Ocean Ave,Bakersfield,CA,92555,Kern,(661) 481-9607,2024-08-15,2025-08-15
41-843801,41,On-Sale Beer & Wine - Eating Place,ACTIVE,OldRestaurant Bakersfield Hills LLC 67,Robert Rodriguez,4617 Broadway Ave #642,Bakersfield,CA,90750,Kern,(661) 460-9622,2020-05-12,2021-05-12
41-440303,41,On-Sale Beer & Wine - Eating Place,ACTIVE,Kitchen Group,Maria Johnson,9280 2nd Dr #946,Delano,CA,95376,Kern,(661) 645-5267,2002-05-19,2003-05-19
41-174487,41,On-Sale Beer & Wine - Eating Place,ACTIVE,Eatery Co,William Anderson,4363 Pico Ct,Delano,CA,95299,Kern,(805) 937-9658,2018-08-14,2019-08-14
41-808244,41,On-Sale Beer & Wine - Eating Place,ACTIVE,House 86,William Davis,792 Jefferson Ct,Delano,CA,96070,Kern,(661) 784-9374,2022-06-04,2023-06-04
41-564365,41,On-Sale Beer & Wine - Eating Place,ACTIVE,Tavern,Michelle Martinez Rodriguez,5776 2nd Ln #535,Delano,CA,93869,Kern,(805) 481-5410,2015-02-28,2016-02-28
41-904775,41,On-Sale Beer & Wine - Eating Place,ACTIVE,Grill,Paul Johnson Johnson,4536 Wilshire Pl #384,Bakersfield,CA,95558,Kern,(805) 675-6753,2001-03-25,2002-03-25
41-493989,41,On-Sale Beer & Wine - Eating Place,ACTIVE,Eatery,William Davis,9245 Main Way,Delano,CA,90586,Kern,(805) 273-4465,2015-10-23,2016-10-23
41-670170,41,On-Sale Beer & Wine - Eating Place,ACTIVE,Spot Inc 30,Michael Thomas Wilson,8710 Mission Blvd,Delano,CA,90684,Kern,(661) 861-9022,2020-12-14,2021-12-14
41-665897,41,On-Sale Beer & Wine - Eating Place,ACTIVE,Kitchen Delano,Kenneth Lopez,9536 Washington Dr,Delano,CA,95168,Kern,(805) 776-7370,2012-04-17,2013-04-17
41-731000,41,On-Sale Beer & Wine - Eating Place,ACTIVE,Cafe,Michael Anderson,2126 Mission Pl,Bakersfield,CA,91222,Kern,(661) 677-1087,2016-07-18,2017-07-18
41-362533,41,On-Sale Beer & Wine - Eating Place,ACTIVE,Place Delano Valley Corp,Maria Smith,2447 State Rd #622,Delano,CA,92405,Kern,(661) 404-3681,2015-01-24,2016-01-24
41-128975,41,On-Sale Beer & Wine - Eating Place,ACTIVE,Grill Kern,Michelle Taylor,5130 Pico St,Delano,CA,93584,Kern,(805) 413-8992,2000-06-06,2001-06-06
41-939143,41,On-Sale Beer & Wine - Eating Place,ACTIVE,Grill Kern LLC,David Anderson,4821 Ocean Dr,Delano,CA,91561,Kern,(805) 430-7859,2004-07-28,2005-07-28
41-430889,41,On-Sale Beer & Wine - Eating Place,ACTIVE,NewKitchen Inc 91,Maria Gonzalez,3176 Franklin Pl,Bakersfield,CA,92406,Kern,(805) 416-5353,2018-11-21,2019-11-21
41-335891,41,On-Sale Beer & Wine - Eating Place,ACTIVE,OldKitchen Kern 32,Kenneth Wilson,2127 Front Rd,Bakersfield,CA,91103,Kern,(805) 652-8541,2008-06-11,2009-06-11
41-780356,41,On-Sale Beer & Wine - Eating Place,ACTIVE,Grill Delano,David Johnson,1561 Oak Ave,Delano,CA,90992,Kern,(805) 391-7937,2006-03-23,2007-03-23
41-844787,41,On-Sale Beer & Wine - Eating Place,ACTIVE,NewPlace Company 10,Robert Anderson,3297 3rd Pl,Bakersfield,CA,95347,Kern,(661) 477-2516,2012-03-03,2013-03-03
41-305200,41,On-Sale Beer & Wine - Eating Place,ACTIVE,Restaurant,Matthew Gonzalez,8940 Jefferson Dr,Bakersfield,CA,91655,Kern,(661) 392-1699,2019-11-22,2020-11-22
41-307376,41,On-Sale Beer & Wine - Eating Place,ACTIVE,Kitchen Group,Lisa Wilson,1820 5th Way,Delano,CA,90351,Kern,(661) 725-7785,2006-08-04,2007-08-04
41-139680,41,On-Sale Beer & Wine - Eating Place,ACTIVE,Diner Corp,Jennifer Martin,2641 State Blvd,Delano,CA,94356,Kern,(661) 770-6334,2004-09-19,2005-09-19
41-614317,41,On-Sale Beer & Wine - Eating Place,ACTIVE,House Kern Group,William Rodriguez Anderson,4284 2nd Ln,Bakersfield,CA,94401,Kern,(805) 807-5832,2004-03-10,2005-03-10
41-253496,41,On-Sale Beer & Wine - Eating Place,ACTIVE,Eatery Inc,Lisa Miller,1492 Mission Dr,Delano,CA,95447,Kern,(805) 393-8689,2017-04-04,2018-04-04
41-569742,41,On-Sale Beer & Wine - Eating Place,ACTIVE,Bistro Delano Hills,Mark Williams,158 7th Way,Delano,CA,91577,Kern,(661) 628-2802,2007-10-28,2008-10-28
41-393235,41,On-Sale Beer & Wine - Eating Place,ACTIVE,Restaurant Delano,Robert Wilson,134 Sunset St,Delano,CA,91383,Kern,(805) 225-4713,2004-01-09,2005-01-09
41-545625,41,On-Sale Beer & Wine - Eating Place,ACTIVE,Tavern Delano,David Anderson Miller,1454 1st Rd,Delano,CA,93233,Kern,(661) 346-4202,2020-05-18,2021-05-18
41-571797,41,On-Sale Beer & Wine - Eating Place,ACTIVE,Bistro LLC,Michael Davis,3274 Franklin Rd,Bakersfield,CA,90538,Kern,(661) 592-7910,2008-09-13,2009-09-13
41-342403,41,On-Sale Beer & Wine - Eating Place,ACTIVE,Grill Delano,Mark Wilson Gonzalez,7015 Hollywood Rd,Delano,CA,92467,Kern,(805) 450-6145,2002-08-28,2003-08-28
41-683232,41,On-Sale Beer & Wine - Eating Place,ACTIVE,Cafe,William Anderson,9447 3rd Ave,Delano,CA,91768,Kern,(805) 287-5869,2023-12-19,2024-12-19
41-867607,41,On-Sale Beer & Wine - Eating Place,ACTIVE,Cafe Bakersfield Valley,Michelle Wilson,7845 Market Way,Bakersfield,CA,91600,Kern,(805) 308-7361,2024-09-18,2025-09-18
41-537627,41,On-Sale Beer & Wine - Eating Place,ACTIVE,Tavern Bakersfield Group,Mark Johnson Lopez,2541 Franklin Blvd,Bakersfield,CA,95965,Kern,(805) 882-5536,2010-12-05,2011-12-05
41-607457,41,On-Sale Beer & Wine - Eating Place,ACTIVE,Place,William Taylor,1367 3rd Ln,Delano,CA,95255,Kern,(805) 440-4599,2012-02-28,2013-02-28
41-535419,41,On-Sale Beer & Wine - Eating Place,ACTIVE,Restaurant Co 93,Michelle Jones,3895 Front Ct #676,Delano,CA,94041,Kern,(661) 564-1244,2015-12-04,2016-12-04
41-766464,41,On-Sale Beer & Wine - Eating Place,ACTIVE,Bistro,Lisa Davis,3030 Oak Pl,Delano,CA,91346,Kern,(805) 287-7098,2023-03-09,2024-03-09
41-335814,41,On-Sale Beer & Wine - Eating Place,ACTIVE,Spot Bakersfield Heights Company,Kenneth Lopez,1919 3rd Ave #574,Bakersfield,CA,92030,Kern,(805) 238-8538,2024-01-15,2025-01-15
41-869965,41,On-Sale Beer & Wine - Eating Place,ACTIVE,Spot,Kenneth Martin,4946 5th Way #397,Bakersfield,CA,93278,Kern,(661) 974-9237,2010-10-21,2011-10-21
41-802578,41,On-Sale Beer & Wine - Eating Place,ACTIVE,Grill Bakersfield Corp,Anthony Moore,7379 Pico Way,Bakersfield,CA,94462,Kern,(661) 600-3905,2003-01-13,2004-01-13
41-497166,41,On-Sale Beer & Wine - Eating Place,ACTIVE,TheGrill Company 69,Christopher Martin Jones,4805 Jefferson Ave,Bakersfield,CA,94257,Kern,(805) 672-8196,2008-12-28,2009-12-28
41-790649,41,On-Sale Beer & Wine - Eating Place,ACTIVE,OldEatery Kern Inc 14,Mark Davis,5445 Jefferson Rd,Bakersfield,CA,93492,Kern,(805) 760-4807,2004-04-21,2005-04-21
41-214640,41,On-Sale Beer & Wine - Eating Place,ACTIVE,Corner Delano Group,Daniel Martin,3813 Wilshire Dr,Delano,CA,90730,Kern,(661) 744-8520,2017-05-07,2018-05-07
41-506576,41,On-Sale Beer & Wine - Eating Place,ACTIVE,Spot LLC,David Thomas,3543 Main Pl #906,Bakersfield,CA,93881,Kern,(661) 760-7628,2009-04-04,2010-04-04
41-649524,41,On-Sale Beer & Wine - Eating Place,ACTIVE,Kitchen Bakersfield,David Anderson,9730 Maple Ct,Bakersfield,CA,90525,Kern,(805) 620-5667,2005-12-19,2006-12-19
41-689903,41,On-Sale Beer & Wine - Eating Place,ACTIVE,OldDiner 68,Christopher Gonzalez,1332 Washington Ln,Delano,CA,92109,Kern,(805) 416-8166,2020-01-04,2021-01-04
41-118362,41,On-Sale Beer & Wine - Eating Place,ACTIVE,Bistro Bakersfield,Michael Rodriguez,4181 Broadway Rd #332,Bakersfield,CA,91936,Kern,(661) 950-3125,2008-01-16,2009-01-16
41-963748,41,On-Sale Beer & Wine - Eating Place,ACTIVE,Eatery Inc,David Rodriguez,1645 Jefferson Ct,Bakersfield,CA,91240,Kern,(661) 969-3917,2005-11-13,2006-11-13
41-438086,41,On-Sale Beer & Wine - Eating Place,ACTIVE,Tavern Bakersfield,Maria Johnson Johnson,7655 4th Blvd #702,Bakersfield,CA,95371,Kern,(661) 972-7164,2017-06-19,2018-06-19
41-425675,41,On-Sale Beer & Wine - Eating Place,ACTIVE,Place Bakersfield Hills Co,Christopher Garcia Taylor,642 Lincoln Ln #376,Bakersfield,CA,90410,Kern,(805) 896-2475,2012-04-25,2013-04-25
41-788665,41,On-Sale Beer & Wine - Eating Place,ACTIVE,Tavern Company,Matthew Thomas,8324 Washington Dr #891,Delano,CA,95821,Kern,(661) 756-1976,2002-03-12,2003-03-12
41-279424,41,On-Sale Beer & Wine - Eating Place,ACTIVE,Place Co,Jennifer Jackson,4925 Pico Dr #948,Bakersfield,CA,93200,Kern,(661) 240-3235,2020-11-07,2021-11-07
41-949021,41,On-Sale Beer & Wine - Eating Place,ACTIVE,Kitchen Delano Hills Company 75,Matthew Davis,8942 Wilshire Ct,Delano,CA,93490,Kern,(661) 381-3691,2018-06-10,2019-06-10
41-221502,41,On-Sale Beer & Wine - Eating Place,ACTIVE,NewCorner Kern Co 6,Andrew Miller,3843 Main Ln,Delano,CA,91476,Kern,(661) 380-1449,2006-10-05,2007-10-05
41-173580,41,On-Sale Beer & Wine - Eating Place,ACTIVE,OldPlace 12,Matthew Anderson,7122 Mission Way,Bakersfield,CA,96134,Kern,(661) 561-6639,2009-12-27,2010-12-27
41-925989,41,On-Sale Beer & Wine - Eating Place,ACTIVE,Eatery Kern Inc,Maria Moore,3240 Wilshire Blvd,Delano,CA,96078,Kern,(805) 540-5671,2003-02-07,2004-02-07
41-256804,41,On-Sale Beer & Wine - Eating Place,ACTIVE,Spot LLC,Lisa Martinez,3344 2nd St,Bakersfield,CA,91683,Kern,(805) 905-2162,2019-11-27,2020-11-27
41-348479,41,On-Sale Beer & Wine - Eating Place,ACTIVE,Cafe Bakersfield LLC 23,Maria Jones Gonzalez,4273 Washington Ct,Bakersfield,CA,94100,Kern,(661) 233-9056,2023-02-10,2024-02-10
41-705470,41,On-Sale Beer & Wine - Eating Place,ACTIVE,Bistro LLC,David Hernandez,6245 Front St,Bakersfield,CA,90499,Kern,(661) 246-2821,2014-02-26,2015-02-26
41-698013,41,On-Sale Beer & Wine - Eating Place,ACTIVE,Eatery Corp,William Davis Brown,4242 Hollywood Dr,Delano,CA,95766,Kern,(661) 267-5406,2018-12-27,2019-12-27
41-446666,41,On-Sale Beer & Wine - Eating Place,ACTIVE,Eatery Bakersfield Heights Co,Robert Garcia Moore,2716 Wilshire Blvd #517,Bakersfield,CA,94483,Kern,(661) 604-6194,2014-03-19,2015-03-19
41-350109,41,On-Sale Beer & Wine - Eating Place,ACTIVE,Bistro LLC,Christopher Johnson,4457 Jefferson Dr,Delano,CA,90056,Kern,(661) 626-2091,2016-08-26,2017-08-26
41-592527,41,On-Sale Beer & Wine - Eating Place,ACTIVE,Bistro Kern,Michael Davis,8172 Jefferson Blvd #532,Delano,CA,91842,Kern,(805) 791-1070,2008-01-14,2009-01-14
41-337069,41,On-Sale Beer & Wine - Eating Place,ACTIVE,Tavern Delano,Daniel Jackson Hernandez,8737 3rd Rd,Delano,CA,94259,Kern,(661) 763-5786,2013-06-21,2014-06-21
41-936705,41,On-Sale Beer & Wine - Eating Place,ACTIVE,Place Kern LLC,Lisa Martin,3926 Front Ln,Bakersfield,CA,93737,Kern,(661) 956-3989,2004-11-01,2005-11-01
41-884504,41,On-Sale Beer & Wine - Eating Place,ACTIVE,Tavern,Michelle Jones,4129 4th Way #661,Delano,CA,90031,Kern,(805) 842-8289,2017-02-28,2018-02-28
41-333065,41,On-Sale Beer & Wine - Eating Place,ACTIVE,House LLC,Steven Miller,1656 2nd Ave,Bakersfield,CA,95971,Kern,(805) 292-3706,2021-07-14,2022-07-14
41-131439,41,On-Sale Beer & Wine - Eating Place,ACTIVE,Spot Group,Michael Miller,854 7th Pl #483,Bakersfield,CA,90033,Kern,(661) 511-8042,2007-05-19,2008-05-19
41-647442,41,On-Sale Beer & Wine - Eating Place,ACTIVE,Kitchen,Paul Jones Lopez,6415 State Blvd,Delano,CA,91064,Kern,(661) 974-5406,2020-02-28,2021-02-28
41-730386,41,On-Sale Beer & Wine - Eating Place,ACTIVE,Diner Group,Andrew Smith,2603 Ocean Rd,Delano,CA,92157,Kern,(661) 777-3111,2018-10-08,2019-10-08
41-568385,41,On-Sale Beer & Wine - Eating Place,ACTIVE,Bistro Delano Heights Corp,Matthew Brown,6345 4th Way #799,Delano,CA,95126,Kern,(661) 335-6379,2022-08-21,2023-08-21
41-399375,41,On-Sale Beer & Wine - Eating Place,ACTIVE,Cafe Kern LLC,Andrew Lopez,9361 Maple Rd #694,Bakersfield,CA,90920,Kern,(661) 851-1555,2016-04-02,2017-04-02
41-868649,41,On-Sale Beer & Wine - Eating Place,ACTIVE,Cafe,Maria Garcia,7140 State Blvd #390,Delano,CA,90983,Kern,(805) 973-8165,2003-09-15,2004-09-15
41-227199,41,On-Sale Beer & Wine - Eating Place,ACTIVE,Cafe Delano Company,Michael Gonzalez,2440 Main Dr,Delano,CA,91936,Kern,(805) 839-2189,2000-03-26,2001-03-26
41-202357,41,On-Sale Beer & Wine - Eating Place,ACTIVE,Cafe Delano Company,Steven Wilson,8401 Franklin Ct #265,Delano,CA,94010,Kern,(805) 785-2448,2021-11-02,2022-11-02
41-593098,41,On-Sale Beer & Wine - Eating Place,ACTIVE,Diner Bakersfield,Jennifer Johnson,8738 Maple Ln,Bakersfield,CA,91818,Kern,(661) 638-5605,2019-10-04,2020-10-04
41-509572,41,On-Sale Beer & Wine - Eating Place,ACTIVE,TheDiner Delano 2,Anthony Lopez,8110 Oak Rd,Delano,CA,91990,Kern,(661) 302-1540,2013-08-14,2014-08-14
41-166325,41,On-Sale Beer & Wine - Eating Place,ACTIVE,House Kern Co,Paul Davis Moore,7587 7th Blvd,Bakersfield,CA,90579,Kern,(661) 851-6356,2022-06-19,2023-06-19
41-790862,41,On-Sale Beer & Wine - Eating Place,ACTIVE,OldHouse 73,James Rodriguez,2667 Washington Ave #932,Bakersfield,CA,92965,Kern,(661) 797-6833,2003-12-17,2004-12-17
41-647837,41,On-Sale Beer & Wine - Eating Place,ACTIVE,Cafe Delano Valley,Anthony Rodriguez Martinez,2748 7th Pl,Delano,CA,94636,Kern,(661) 990-4301,2009-10-22,2010-10-22
41-252102,41,On-Sale Beer & Wine - Eating Place,ACTIVE,Place Inc,Steven Johnson,3492 Mission Way #671,Delano,CA,93492,Kern,(661) 609-8407,2015-03-11,2016-03-11
41-783267,41,On-Sale Beer & Wine - Eating Place,ACTIVE,Cafe Kern Co,Michelle Thomas,2321 Oak Dr #699,Delano,CA,90791,Kern,(661) 512-4038,2017-07-12,2018-07-12
47-521013,47,On-Sale General - Restaurant,ACTIVE,Brasserie Bakersfield,Maria Lopez,5129 1st Ct,Bakersfield,CA,91285,Kern,(805) 476-6882,2014-03-01,2015-03-01
47-364826,47,On-Sale General - Restaurant,ACTIVE,Bar Inc,Michelle Jackson,2127 State Ave,Bakersfield,CA,91740,Kern,(805) 619-3110,2012-08-22,2013-08-22
47-549995,47,On-Sale General - Restaurant,ACTIVE,Bar & Grill Group,Andrew Rodriguez,4336 Hollywood Rd,Bakersfield,CA,95875,Kern,(661) 709-8204,2021-12-04,2022-12-04
47-626467,47,On-Sale General - Restaurant,ACTIVE,Lounge Bakersfield,Maria Johnson,5295 Lincoln Ct #433,Bakersfield,CA,90846,Kern,(805) 822-1859,2006-06-10,2007-06-10
47-334084,47,On-Sale General - Restaurant,ACTIVE,Chophouse Delano Valley,James Gonzalez,2731 Oak Blvd,Delano,CA,95871,Kern,(661) 541-1282,2015-03-27,2016-03-27
47-287162,47,On-Sale General - Restaurant,ACTIVE,Bar & Grill Delano Hills 64,Maria Taylor,6858 Franklin Ct,Delano,CA,95933,Kern,(661) 811-8865,2010-07-02,2011-07-02
47-710401,47,On-Sale General - Restaurant,ACTIVE,Bar & Grill,William Garcia,1433 Maple Rd,Delano,CA,93766,Kern,(805) 229-1297,2009-01-10,2010-01-10
47-436882,47,On-Sale General - Restaurant,ACTIVE,Bar & Grill Bakersfield,James Gonzalez Moore,7658 Sunset Ave #904,Bakersfield,CA,93154,Kern,(661) 352-2045,2008-02-23,2009-02-23
47-976360,47,On-Sale General - Restaurant,ACTIVE,Lounge Delano,Jennifer Martin,8403 Ocean St,Delano,CA,96102,Kern,(805) 675-3844,2012-12-28,2013-12-28
47-872738,47,On-Sale General - Restaurant,ACTIVE,OldTavern Co 31,Christopher Williams,7258 6th Way,Bakersfield,CA,93164,Kern,(661) 750-7188,2012-07-25,2013-07-25
47-315382,47,On-Sale General - Restaurant,ACTIVE,Pub,Paul Moore,8639 3rd Ave,Bakersfield,CA,93884,Kern,(805) 824-3691,2017-10-02,2018-10-02
47-776529,47,On-Sale General - Restaurant,ACTIVE,OldTavern Delano 46,Matthew Garcia,7639 6th St,Delano,CA,91588,Kern,(805) 926-4966,2023-04-07,2024-04-07
47-796297,47,On-Sale General - Restaurant,ACTIVE,Bar & Grill Bakersfield Heights,Maria Hernandez,8677 Washington St,Bakersfield,CA,92535,Kern,(805) 244-8390,2012-12-27,2013-12-27
47-449989,47,On-Sale General - Restaurant,ACTIVE,Sports Bar Bakersfield Heights,Maria Martinez,5154 Market Rd,Bakersfield,CA,93496,Kern,(661) 290-4597,2023-11-05,2024-11-05
47-960281,47,On-Sale General - Restaurant,ACTIVE,Bar & Grill 9,John Miller,8391 Oak St,Delano,CA,91193,Kern,(805) 454-4545,2014-06-22,2015-06-22
47-791811,47,On-Sale General - Restaurant,ACTIVE,Brasserie Kern,Daniel Jackson,9619 5th St,Bakersfield,CA,93021,Kern,(661) 742-7468,2008-12-08,2009-12-08
47-687682,47,On-Sale General - Restaurant,ACTIVE,Steakhouse,Michelle Taylor,682 Jefferson Pl,Bakersfield,CA,94871,Kern,(805) 304-5244,2017-02-05,2018-02-05
47-379821,47,On-Sale General - Restaurant,ACTIVE,Pub Delano Co,Michael Martinez Taylor,4277 6th Rd,Delano,CA,92827,Kern,(805) 997-7158,2021-03-10,2022-03-10
47-824807,47,On-Sale General - Restaurant,ACTIVE,Chophouse Delano Heights,Daniel Rodriguez,5868 Jefferson Ave,Delano,CA,92880,Kern,(661) 262-9767,2015-12-24,2016-12-24
47-266905,47,On-Sale General - Restaurant,ACTIVE,Sports Bar Group,James Miller,6588 Main Ln,Delano,CA,94578,Kern,(805) 434-2922,2009-12-19,2010-12-19
47-536339,47,On-Sale General - Restaurant,ACTIVE,Steakhouse Company,James Miller,2286 Maple Way #756,Delano,CA,93650,Kern,(661) 686-5058,2017-12-27,2018-12-27
47-304033,47,On-Sale General - Restaurant,ACTIVE,Tavern,Robert Jones,6413 Front Ln,Delano,CA,92660,Kern,(661) 245-9364,2005-12-17,2006-12-17
47-686732,47,On-Sale General - Restaurant,ACTIVE,OldSports Bar Company 9,Christopher Miller,1747 Madison Ln,Delano,CA,94222,Kern,(805) 984-3260,2003-04-01,2004-04-01
47-854938,47,On-Sale General - Restaurant,ACTIVE,OldSteakhouse Kern Company 21,James Gonzalez,9553 Jefferson Pl #623,Bakersfield,CA,90144,Kern,(661) 555-9731,2002-11-08,2003-11-08
47-422725,47,On-Sale General - Restaurant,ACTIVE,OldChophouse Group 65,William Taylor,1586 Maple Ave,Bakersfield,CA,96081,Kern,(661) 631-7812,2013-06-15,2014-06-15
47-922648,47,On-Sale General - Restaurant,ACTIVE,Chophouse,Robert Miller,3518 7th Blvd #995,Delano,CA,95068,Kern,(661) 688-1516,2002-04-24,2003-04-24
47-184445,47,On-Sale General - Restaurant,ACTIVE,Pub Kern LLC 17,Lisa Thomas,2627 5th Pl,Delano,CA,92336,Kern,(805) 700-7306,2010-02-27,2011-02-27
47-640946,47,On-Sale General - Restaurant,ACTIVE,Lounge Kern Inc 90,Michelle Brown,4292 3rd Pl,Delano,CA,93310,Kern,(805) 406-9893,2001-11-24,2002-11-24
47-184075,47,On-Sale General - Restaurant,ACTIVE,Tavern,Robert Hernandez,101 Lincoln St,Bakersfield,CA,94650,Kern,(805) 429-4001,2010-02-08,2011-02-08
47-497052,47,On-Sale General - Restaurant,ACTIVE,NewBar Company 58,Maria Garcia Martin,6896 Market St #186,Delano,CA,90494,Kern,(661) 294-8351,2007-12-06,2008-12-06
47-432223,47,On-Sale General - Restaurant,ACTIVE,OldPub Delano Company 51,Anthony Brown Wilson,1670 Ocean St,Delano,CA,92614,Kern,(805) 922-2308,2004-06-17,2005-06-17
47-517891,47,On-Sale General - Restaurant,ACTIVE,Chophouse Inc,Maria Lopez,5498 State St #133,Delano,CA,92961,Kern,(805) 307-8161,2019-03-04,2020-03-04
47-883419,47,On-Sale General - Restaurant,ACTIVE,Bar 83,Daniel Hernandez,5426 6th Blvd #954,Delano,CA,93599,Kern,(805) 553-6271,2012-11-07,2013-11-07
47-180651,47,On-Sale General - Restaurant,ACTIVE,Pub,Maria Miller,7286 Madison Ct,Delano,CA,95326,Kern,(805) 735-8885,2010-09-04,2011-09-04
47-652446,47,On-Sale General - Restaurant,ACTIVE,Bar Bakersfield,David Hernandez,511 2nd Pl,Bakersfield,CA,90824,Kern,(661) 260-5297,2021-02-21,2022-02-21
47-207519,47,On-Sale General - Restaurant,ACTIVE,Tavern Delano Co,Michelle Smith,8900 5th Ln #181,Delano,CA,92423,Kern,(661) 245-3433,2018-04-26,2019-04-26
47-124600,47,On-Sale General - Restaurant,ACTIVE,Chophouse Bakersfield Co,Mark Wilson,5393 Jefferson Ave #899,Bakersfield,CA,90954,Kern,(805) 432-9301,2006-05-24,2007-05-24
47-999246,47,On-Sale General - Restaurant,ACTIVE,OldSteakhouse Bakersfield 19,Robert Jones,2365 Mission Way #996,Bakersfield,CA,91055,Kern,(661) 849-8701,2009-01-08,2010-01-08
47-120765,47,On-Sale General - Restaurant,ACTIVE,Brasserie,Steven Wilson,941 Broadway Ln,Bakersfield,CA,92135,Kern,(805) 519-1664,2023-06-11,2024-06-11
47-958973,47,On-Sale General - Restaurant,ACTIVE,NewBar & Grill Bakersfield Valley Co 2,Mark Moore Taylor,5802 Washington Blvd,Bakersfield,CA,93525,Kern,(805) 466-1198,2014-07-05,2015-07-05
47-989075,47,On-Sale General - Restaurant,ACTIVE,Tavern Bakersfield Heights,Steven Hernandez,8703 Maple Ct,Bakersfield,CA,90400,Kern,(805) 638-2770,2015-03-07,2016-03-07
47-558803,47,On-Sale General - Restaurant,ACTIVE,Bar Kern Inc,Maria Rodriguez,4922 4th Way,Bakersfield,CA,94437,Kern,(805) 537-1036,2022-10-05,2023-10-05
47-595397,47,On-Sale General - Restaurant,ACTIVE,Tavern Kern Group,Jennifer Jones,9703 Wilshire Rd,Bakersfield,CA,91439,Kern,(805) 999-6845,2020-01-25,2021-01-25
47-194741,47,On-Sale General - Restaurant,ACTIVE,Tavern Kern LLC,Steven Jones,5499 Ocean Ct #247,Delano,CA,92608,Kern,(661) 695-8798,2013-08-09,2014-08-09
47-754737,47,On-Sale General - Restaurant,ACTIVE,TheBar & Grill Kern 13,Daniel Moore,1173 3rd Blvd,Delano,CA,90190,Kern,(661) 526-5441,2014-03-17,2015-03-17
47-358359,47,On-Sale General - Restaurant,ACTIVE,NewSports Bar 66,Steven Miller,4460 Broadway Dr #793,Bakersfield,CA,92715,Kern,(805) 739-7842,2002-06-04,2003-06-04
47-765436,47,On-Sale General - Restaurant,ACTIVE,Chophouse Kern Inc,Andrew Brown Garcia,2895 Jefferson Ct,Delano,CA,93481,Kern,(661) 504-5890,2005-03-10,2006-03-10
47-186092,47,On-Sale General - Restaurant,ACTIVE,Bar & Grill 40,Jennifer Jackson,3073 Wilshire Pl,Delano,CA,90571,Kern,(661) 741-9625,2023-08-09,2024-08-09
47-167323,47,On-Sale General - Restaurant,ACTIVE,Pub Kern LLC,James Wilson Thomas,7667 Market Rd #626,Delano,CA,95275,Kern,(661) 785-8377,2019-02-27,2020-02-27
47-102172,47,On-Sale General - Restaurant,ACTIVE,Chophouse Bakersfield Valley,Robert Lopez,107 5th Ave,Bakersfield,CA,91054,Kern,(661) 296-6570,2022-07-26,2023-07-26
47-105764,47,On-Sale General - Restaurant,ACTIVE,Tavern Bakersfield Inc,Christopher Johnson,9609 Mission St,Bakersfield,CA,92263,Kern,(661) 239-5832,2008-05-09,2009-05-09
47-385703,47,On-Sale General - Restaurant,ACTIVE,Chophouse Company,Paul Jones,5332 6th Rd,Delano,CA,94939,Kern,(661) 625-4249,2004-06-14,2005-06-14
47-411441,47,On-Sale General - Restaurant,ACTIVE,Chophouse Bakersfield,Maria Wilson,3587 6th Ln,Bakersfield,CA,91206,Kern,(661) 974-9544,2014-07-03,2015-07-03
47-905065,47,On-Sale General - Restaurant,ACTIVE,Bar & Grill Kern,Michelle Moore,6934 Oak Dr #733,Delano,CA,90017,Kern,(805) 259-4948,2015-03-25,2016-03-25
47-796386,47,On-Sale General - Restaurant,ACTIVE,Bar & Grill,Andrew Martinez,3496 State Ave,Bakersfield,CA,96036,Kern,(805) 735-3512,2018-04-08,2019-04-08
47-996851,47,On-Sale General - Restaurant,ACTIVE,Steakhouse Inc 14,Daniel Garcia,9247 State Ave,Delano,CA,91842,Kern,(661) 812-8960,2022-06-24,2023-06-24
47-224892,47,On-Sale General - Restaurant,ACTIVE,NewLounge Delano LLC 62,David Taylor,664 Pico Blvd,Delano,CA,93553,Kern,(661) 323-8181,2011-04-06,2012-04-06
47-126768,47,On-Sale General - Restaurant,ACTIVE,Sports Bar,Matthew Jones Hernandez,9219 Mission Ave,Delano,CA,92645,Kern,(805) 260-4668,2020-12-21,2021-12-21
47-812321,47,On-Sale General - Restaurant,ACTIVE,Sports Bar Bakersfield Group,Steven Smith,2565 Wilshire Ln #562,Bakersfield,CA,92526,Kern,(805) 896-5834,2006-01-19,2007-01-19
47-377969,47,On-Sale General - Restaurant,ACTIVE,Bar & Grill Kern 90,Robert Gonzalez,2947 Madison Ct #209,Bakersfield,CA,91169,Kern,(805) 596-1223,2015-08-22,2016-08-22
47-739380,47,On-Sale General - Restaurant,ACTIVE,Sports Bar Inc,Michelle Davis,4689 2nd Way #417,Bakersfield,CA,93404,Kern,(661) 455-3432,2011-01-10,2012-01-10
47-469272,47,On-Sale General - Restaurant,ACTIVE,Lounge Co,Paul Jones Taylor,7874 4th St,Delano,CA,90708,Kern,(661) 206-9426,2003-11-28,2004-11-28
47-793832,47,On-Sale General - Restaurant,ACTIVE,Chophouse Kern,Paul Gonzalez,4729 Jefferson Ct,Delano,CA,93243,Kern,(805) 645-2142,2003-12-03,2004-12-03
47-260597,47,On-Sale General - Restaurant,ACTIVE,Sports Bar LLC,John Taylor,2177 Front Ct,Bakersfield,CA,94762,Kern,(661) 387-3174,2017-07-27,2018-07-27
47-479967,47,On-Sale General - Restaurant,ACTIVE,Brasserie Delano Corp,Daniel Gonzalez,2585 Wilshire Ct,Delano,CA,94546,Kern,(805) 796-1111,2011-02-10,2012-02-10
47-270239,47,On-Sale General - Restaurant,ACTIVE,Steakhouse,Maria Martinez,6367 Front Rd #109,Bakersfield,CA,92940,Kern,(805) 727-1363,2001-10-13,2002-10-13
47-424143,47,On-Sale General - Restaurant,ACTIVE,Brasserie Kern,Maria Miller Anderson,1622 Mission Rd,Delano,CA,90985,Kern,(805) 682-8395,2022-06-19,2023-06-19
47-851524,47,On-Sale General - Restaurant,ACTIVE,Bar & Grill Corp,Paul Johnson,7291 Main Way,Delano,CA,92293,Kern,(661) 232-1774,2017-10-07,2018-10-07
47-532003,47,On-Sale General - Restaurant,ACTIVE,Bar & Grill Inc,Mark Garcia,5065 State Rd #969,Delano,CA,93276,Kern,(661) 530-8717,2004-06-03,2005-06-03
47-405106,47,On-Sale General - Restaurant,ACTIVE,Bar & Grill Delano Valley,Andrew Miller Hernandez,4783 2nd Ln,Delano,CA,92462,Kern,(805) 921-9466,2003-11-04,2004-11-04
47-749754,47,On-Sale General - Restaurant,ACTIVE,Tavern Bakersfield,Michelle Lopez Rodriguez,1039 Sunset Ct,Bakersfield,CA,90899,Kern,(661) 555-3410,2021-02-21,2022-02-21
47-965764,47,On-Sale General - Restaurant,ACTIVE,Steakhouse Bakersfield Group,Anthony Garcia,9246 Wilshire Rd,Bakersfield,CA,92611,Kern,(805) 839-6820,2010-02-05,2011-02-05
47-255603,47,On-Sale General - Restaurant,ACTIVE,Chophouse Kern LLC,Christopher Wilson,5218 3rd Ct,Bakersfield,CA,93332,Kern,(805) 534-2105,2019-06-19,2020-06-19
47-982902,47,On-Sale General - Restaurant,ACTIVE,Sports Bar,Kenneth Hernandez,868 7th Ave #430,Bakersfield,CA,94393,Kern,(805) 706-4873,2009-09-22,2010-09-22
47-455277,47,On-Sale General - Restaurant,ACTIVE,OldTavern Kern 19,Jennifer Wilson,5382 State Dr #760,Delano,CA,92002,Kern,(805) 565-2979,2006-06-13,2007-06-13
47-719729,47,On-Sale General - Restaurant,ACTIVE,Tavern Inc,John Miller,8040 Sunset Blvd,Delano,CA,94255,Kern,(661) 541-1209,2002-01-15,2003-01-15
47-322686,47,On-Sale General - Restaurant,ACTIVE,OldBar & Grill Company 53,Matthew Gonzalez Brown,3825 Wilshire Ave #933,Delano,CA,94008,Kern,(661) 371-5775,2000-07-16,2001-07-16
47-461476,47,On-Sale General - Restaurant,ACTIVE,Tavern Group,Maria Anderson,3992 Pico Ln,Bakersfield,CA,91695,Kern,(661) 727-3798,2018-03-21,2019-03-21
47-183841,47,On-Sale General - Restaurant,ACTIVE,OldBrasserie 54,Matthew Williams,7475 6th Way #783,Bakersfield,CA,91480,Kern,(661) 794-7035,2004-04-27,2005-04-27
47-779017,47,On-Sale General - Restaurant,ACTIVE,Lounge Bakersfield,Michael Davis Thomas,624 Wilshire St #190,Bakersfield,CA,92275,Kern,(661) 502-2594,2016-09-21,2017-09-21
47-445759,47,On-Sale General - Restaurant,ACTIVE,TheLounge 29,Jennifer Martinez,3433 Franklin Way #965,Delano,CA,92228,Kern,(805) 993-2553,2006-01-03,2007-01-03
47-932944,47,On-Sale General - Restaurant,ACTIVE,NewSports Bar Kern Inc 41,Lisa Gonzalez,1118 Lincoln Dr,Delano,CA,93794,Kern,(661) 790-5047,2019-11-27,2020-11-27
47-994662,47,On-Sale General - Restaurant,ACTIVE,Tavern Bakersfield,Jennifer Martinez,6263 Madison Way,Bakersfield,CA,94599,Kern,(661) 357-4570,2020-11-10,2021-11-10
47-337706,47,On-Sale General - Restaurant,ACTIVE,Pub Kern,John Lopez,5673 State Dr #380,Bakersfield,CA,93180,Kern,(805) 480-4995,2015-12-14,2016-12-14
47-970015,47,On-Sale General - Restaurant,ACTIVE,TheLounge Kern Inc 52,Steven Wilson,3321 6th Ct,Delano,CA,95910,Kern,(805) 797-2015,2023-08-20,2024-08-20
47-724508,47,On-Sale General - Restaurant,ACTIVE,Lounge Company,Mark Jackson,8590 Maple Ct,Bakersfield,CA,93559,Kern,(805) 692-8871,2021-03-14,2022-03-14
47-494010,47,On-Sale General - Restaurant,ACTIVE,Pub Bakersfield Valley LLC,Michelle Martin,4414 4th Ln #213,Bakersfield,CA,92683,Kern,(661) 686-9734,2000-01-02,2001-01-02
47-615504,47,On-Sale General - Restaurant,ACTIVE,Lounge Delano Valley,Michael Taylor,1915 Broadway Blvd,Delano,CA,92201,Kern,(805) 328-9549,2016-07-14,2017-07-14
47-317830,47,On-Sale General - Restaurant,ACTIVE,Chophouse Kern,Matthew Martinez,5447 Ocean Blvd,Bakersfield,CA,94610,Kern,(805) 877-7330,2018-04-28,2019-04-28
47-443884,47,On-Sale General - Restaurant,ACTIVE,TheSports Bar Co 33,Lisa Lopez,9966 Lincoln St,Delano,CA,92621,Kern,(661) 719-8197,2019-06-14,2020-06-14
47-158422,47,On-Sale General - Restaurant,ACTIVE,Brasserie,Steven Davis,1229 Market Rd #670,Delano,CA,95786,Kern,(805) 439-8780,2016-06-14,2017-06-14
47-988344,47,On-Sale General - Restaurant,ACTIVE,Bar & Grill Kern LLC,Andrew Taylor,5561 5th Blvd,Bakersfield,CA,91550,Kern,(661) 649-5849,2009-06-16,2010-06-16
47-483678,47,On-Sale General - Restaurant,ACTIVE,Chophouse,Michelle Martin,8221 Main Pl #142,Bakersfield,CA,91036,Kern,(661) 310-8352,2022-03-21,2023-03-21
47-343737,47,On-Sale General - Restaurant,ACTIVE,Steakhouse Delano,John Moore,3041 Maple Blvd #526,Delano,CA,92154,Kern,(661) 484-7788,2004-08-13,2005-08-13
47-965593,47,On-Sale General - Restaurant,ACTIVE,TheTavern Delano Company 78,William Miller Thomas,8972 Jefferson Blvd,Delano,CA,93923,Kern,(661) 268-8272,2009-06-25,2010-06-25
47-940699,47,On-Sale General - Restaurant,ACTIVE,Pub Bakersfield Corp,Michael Hernandez,6050 Washington Way,Bakersfield,CA,91498,Kern,(661) 338-7866,2001-06-06,2002-06-06
47-427381,47,On-Sale General - Restaurant,ACTIVE,Pub Kern Inc,Lisa Thomas,8146 1st Way #415,Delano,CA,94223,Kern,(661) 350-7080,2004-11-21,2005-11-21
47-728652,47,On-Sale General - Restaurant,ACTIVE,Chophouse Bakersfield Hills Corp,William Smith,5043 Front Blvd #901,Bakersfield,CA,93998,Kern,(661) 848-9794,2022-11-02,2023-11-02
47-494854,47,On-Sale General - Restaurant,ACTIVE,Bar Co 15,John Gonzalez,8539 Main Blvd,Delano,CA,94097,Kern,(805) 600-4557,2024-04-02,2025-04-02
47-122387,47,On-Sale General - Restaurant,ACTIVE,Bar & Grill Corp,Michelle Thomas,5896 Pico Way,Delano,CA,95386,Kern,(661) 314-3176,2001-10-21,2002-10-21
47-812752,47,On-Sale General - Restaurant,ACTIVE,Tavern Delano Inc,Michelle Martinez,8492 Front St,Delano,CA,94689,Kern,(661) 927-8863,2023-01-11,2024-01-11
47-434268,47,On-Sale General - Restaurant,ACTIVE,NewBar & Grill Inc 50,William Smith Martinez,4285 Washington Pl #101,Bakersfield,CA,93415,Kern,(661) 230-4248,2021-01-16,2022-01-16
47-212721,47,On-Sale General - Restaurant,ACTIVE,Sports Bar 51,David Jones Jackson,3941 Maple Rd,Bakersfield,CA,92459,Kern,(661) 521-1998,2020-04-27,2021-04-27
47-246552,47,On-Sale General - Restaurant,ACTIVE,Tavern Co,Christopher Johnson Rodriguez,3260 Franklin Rd,Bakersfield,CA,91821,Kern,(805) 214-7087,2020-11-17,2021-11-17
47-676090,47,On-Sale General - Restaurant,ACTIVE,Sports Bar Delano Heights,Michael Smith,1714 1st St,Delano,CA,95036,Kern,(661) 663-8316,2009-11-16,2010-11-16
47-677907,47,On-Sale General - Restaurant,ACTIVE,Chophouse Delano,Paul Williams,5896 Broadway Pl,Delano,CA,96143,Kern,(805) 544-4921,2021-01-24,2022-01-24
47-527170,47,On-Sale General - Restaurant,ACTIVE,Sports Bar Bakersfield Hills,Anthony Hernandez,1324 Wilshire Ct,Bakersfield,CA,92196,Kern,(805) 835-2132,2012-05-04,2013-05-04
47-907742,47,On-Sale General - Restaurant,ACTIVE,NewSports Bar 53,Anthony Rodriguez,7539 Jefferson Way,Delano,CA,90100,Kern,(805) 995-8004,2021-05-27,2022-05-27
47-190622,47,On-Sale General - Restaurant,ACTIVE,NewBar Inc 51,Robert Jones Martin,5096 Market Ln,Bakersfield,CA,95494,Kern,(805) 700-4721,2009-04-11,2010-04-11
47-101952,47,On-Sale General - Restaurant,ACTIVE,Chophouse Delano Group,David Gonzalez,4589 1st Ct,Delano,CA,94284,Kern,(805) 681-2494,2011-03-19,2012-03-19
47-394394,47,On-Sale General - Restaurant,ACTIVE,Bar Bakersfield Co,Jennifer Miller,5619 5th St,Bakersfield,CA,90455,Kern,(661) 627-3001,2016-03-08,2017-03-08
47-368690,47,On-Sale General - Restaurant,ACTIVE,Tavern,Paul Taylor,2641 2nd Ln,Delano,CA,93936,Kern,(805) 358-2511,2018-07-05,2019-07-05
47-114465,47,On-Sale General - Restaurant,ACTIVE,Brasserie Delano Valley Company,Christopher Martinez Moore,495 7th St,Delano,CA,95175,Kern,(805) 472-4104,2008-02-07,2009-02-07
47-215125,47,On-Sale General - Restaurant,ACTIVE,Sports Bar Bakersfield Co,James Jackson,4238 Washington Ave,Bakersfield,CA,94691,Kern,(805) 239-5316,2009-08-15,2010-08-15
47-261752,47,On-Sale General - Restaurant,ACTIVE,NewChophouse Bakersfield Hills Co 57,James Johnson,3941 1st Way #282,Bakersfield,CA,92956,Kern,(661) 823-9350,2012-01-24,2013-01-24
47-967153,47,On-Sale General - Restaurant,ACTIVE,Tavern LLC 30,Robert Jackson,4135 State Way #253,Bakersfield,CA,93738,Kern,(805) 493-1364,2002-07-17,2003-07-17
47-387837,47,On-Sale General - Restaurant,ACTIVE,Lounge 31,Christopher Martin,9226 Maple Ave,Delano,CA,96122,Kern,(805) 477-6532,2008-05-28,2009-05-28
47-574435,47,On-Sale General - Restaurant,ACTIVE,Bar & Grill Delano Hills,Michelle Rodriguez,1887 Washington Rd,Delano,CA,90175,Kern,(661) 261-8022,2006-11-06,2007-11-06
47-149210,47,On-Sale General - Restaurant,ACTIVE,Pub Bakersfield Heights Group,Steven Thomas,5303 Wilshire Blvd,Bakersfield,CA,93004,Kern,(661) 961-5821,2002-03-07,2003-03-07
47-955907,47,On-Sale General - Restaurant,ACTIVE,Chophouse,Andrew Wilson Smith,9476 Mission Pl,Bakersfield,CA,95760,Kern,(805) 241-8528,2024-05-24,2025-05-24
47-257936,47,On-Sale General - Restaurant,ACTIVE,NewTavern Group 3,Matthew Garcia,5805 Lincoln Dr,Delano,CA,93801,Kern,(661) 834-4930,2011-04-21,2012-04-21
47-512051,47,On-Sale General - Restaurant,ACTIVE,NewLounge 21,Paul Anderson Martinez,9893 Lincoln Way,Delano,CA,94547,Kern,(805) 203-7177,2007-07-17,2008-07-17
47-356628,47,On-Sale General - Restaurant,ACTIVE,OldChophouse 65,Steven Taylor,1865 Sunset Pl,Bakersfield,CA,91544,Kern,(661) 430-8025,2013-07-17,2014-07-17
47-168773,47,On-Sale General - Restaurant,ACTIVE,Lounge Bakersfield Company,Paul Lopez,9989 Hollywood St #946,Bakersfield,CA,93082,Kern,(661) 607-2901,2020-07-21,2021-07-21
47-516287,47,On-Sale General - Restaurant,ACTIVE,Steakhouse Inc,Maria Jones,7542 4th Dr,Delano,CA,95671,Kern,(805) 730-9783,2001-05-25,2002-05-25
47-649797,47,On-Sale General - Restaurant,ACTIVE,Lounge Delano Inc,Michelle Anderson,4164 Broadway Pl,Delano,CA,93398,Kern,(805) 835-5487,2011-06-27,2012-06-27
47-650557,47,On-Sale General - Restaurant,ACTIVE,Brasserie LLC 69,Lisa Taylor,7370 Front Ave #171,Delano,CA,90780,Kern,(805) 862-6166,2016-08-26,2017-08-26
47-693023,47,On-Sale General - Restaurant,ACTIVE,Lounge Group,Maria Miller,7849 Front Ave #314,Bakersfield,CA,94157,Kern,(805) 496-6287,2009-01-08,2010-01-08
47-131704,47,On-Sale General - Restaurant,ACTIVE,Pub Company,Robert Wilson,7504 6th Way #511,Delano,CA,93300,Kern,(805) 463-6415,2006-01-03,2007-01-03
47-801501,47,On-Sale General - Restaurant,ACTIVE,OldChophouse LLC 63,Kenneth Thomas,2358 2nd Dr,Delano,CA,91271,Kern,(805) 315-5407,2016-01-06,2017-01-06
47-800581,47,On-Sale General - Restaurant,ACTIVE,Pub Kern,Maria Johnson Garcia,8538 Franklin Rd,Bakersfield,CA,90764,Kern,(661) 936-9763,2017-05-19,2018-05-19
47-821997,47,On-Sale General - Restaurant,ACTIVE,Pub Delano Company,Paul Rodriguez,3538 2nd St,Delano,CA,93260,Kern,(805) 995-7963,2009-03-27,2010-03-27
47-409030,47,On-Sale General - Restaurant,ACTIVE,Bar & Grill LLC,Paul Thomas Smith,3420 Main Ave,Bakersfield,CA,92152,Kern,(805) 419-9373,2020-04-09,2021-04-09
47-296076,47,On-Sale General - Restaurant,ACTIVE,Pub,Christopher Taylor,8178 Ocean Ct,Bakersfield,CA,90920,Kern,(805) 992-1221,2021-12-10,2022-12-10
47-648107,47,On-Sale General - Restaurant,ACTIVE,Brasserie Kern,Daniel Williams,6811 Lincoln Pl,Delano,CA,90446,Kern,(805) 492-4620,2009-10-22,2010-10-22
47-319008,47,On-Sale General - Restaurant,ACTIVE,Chophouse Bakersfield,Steven Miller,7602 6th St,Bakersfield,CA,90192,Kern,(805) 865-9599,2017-03-09,2018-03-09
47-934501,47,On-Sale General - Restaurant,ACTIVE,Tavern Bakersfield,Christopher Lopez,9312 Ocean Dr,Bakersfield,CA,90413,Kern,(661) 727-9544,2014-12-19,2015-12-19
47-745426,47,On-Sale General - Restaurant,ACTIVE,Bar Corp,David Moore,911 6th Ct,Bakersfield,CA,90777,Kern,(661) 593-5633,2019-05-12,2020-05-12
47-787983,47,On-Sale General - Restaurant,ACTIVE,Pub Delano,John Johnson,762 7th Rd #170,Delano,CA,94521,Kern,(805) 982-1603,2006-11-21,2007-11-21
47-488451,47,On-Sale General - Restaurant,ACTIVE,TheChophouse Kern Co 12,Lisa Johnson Jackson,5903 Broadway Ave,Delano,CA,93801,Kern,(661) 882-9788,2011-12-21,2012-12-21
47-727413,47,On-Sale General - Restaurant,ACTIVE,OldBar & Grill Bakersfield Co 25,Maria Jackson,3059 7th Rd,Bakersfield,CA,94703,Kern,(805) 549-6269,2018-09-11,2019-09-11
47-386971,47,On-Sale General - Restaurant,ACTIVE,Chophouse Kern,Lisa Taylor,4323 Oak Pl,Bakersfield,CA,91766,Kern,(805) 713-1467,2008-06-12,2009-06-12
47-836103,47,On-Sale General - Restaurant,ACTIVE,Tavern,Kenneth Smith Thomas,5715 Washington Ave,Delano,CA,93051,Kern,(805) 929-6869,2005-01-26,2006-01-26
47-872722,47,On-Sale General - Restaurant,ACTIVE,NewBar Kern 92,Maria Jackson Davis,8483 Franklin Ln,Delano,CA,95669,Kern,(661) 346-6095,2021-09-16,2022-09-16
47-693076,47,On-Sale General - Restaurant,ACTIVE,Sports Bar,William Wilson Johnson,9690 Madison St,Bakersfield,CA,92610,Kern,(661) 475-3713,2024-02-08,2025-02-08
47-392819,47,On-Sale General - Restaurant,ACTIVE,Sports Bar Bakersfield,Maria Smith,8084 1st Way #855,Bakersfield,CA,90378,Kern,(661) 791-4331,2006-06-13,2007-06-13
47-830423,47,On-Sale General - Restaurant,ACTIVE,TheTavern 21,Lisa Lopez,6123 4th Pl #489,Delano,CA,92860,Kern,(661) 727-7297,2009-07-18,2010-07-18
47-348983,47,On-Sale General - Restaurant,ACTIVE,Steakhouse Kern Company,Michael Smith,8163 1st Rd,Delano,CA,93959,Kern,(805) 560-6710,2011-10-07,2012-10-07
47-609246,47,On-Sale General - Restaurant,ACTIVE,Chophouse Group,Matthew Davis,776 Mission Dr,Delano,CA,95729,Kern,(805) 476-6550,2022-08-15,2023-08-15
47-102743,47,On-Sale General - Restaurant,ACTIVE,Sports Bar,William Taylor,7521 Ocean Ave #599,Bakersfield,CA,93875,Kern,(661) 270-1046,2010-07-13,2011-07-13
47-697241,47,On-Sale General - Restaurant,ACTIVE,Steakhouse Kern,Michelle Martinez,9566 6th Way,Bakersfield,CA,93538,Kern,(661) 414-2321,2024-01-04,2025-01-04
47-236119,47,On-Sale General - Restaurant,ACTIVE,OldPub Delano Company 81,Michelle Lopez,6387 6th Rd,Delano,CA,96022,Kern,(805) 558-6290,2011-07-17,2012-07-17
47-550916,47,On-Sale General - Restaurant,ACTIVE,Chophouse Bakersfield Heights,Lisa Hernandez,2577 Franklin Pl,Bakersfield,CA,93263,Kern,(805) 718-9540,2024-04-28,2025-04-28
47-339128,47,On-Sale General - Restaurant,ACTIVE,Chophouse Co,Anthony Jackson,5403 2nd Ln,Delano,CA,93527,Kern,(661) 501-8464,2002-07-17,2003-07-17
47-931074,47,On-Sale General - Restaurant,ACTIVE,Tavern,David Gonzalez,4110 Lincoln Ave,Bakersfield,CA,92422,Kern,(661) 372-4243,2004-09-15,2005-09-15
47-411787,47,On-Sale General - Restaurant,ACTIVE,Brasserie 26,Michelle Martinez Smith,2028 Sunset Ct,Bakersfield,CA,93124,Kern,(805) 576-4157,2021-07-13,2022-07-13
47-541183,47,On-Sale General - Restaurant,ACTIVE,Chophouse LLC,Kenneth Hernandez,2878 Mission Dr,Delano,CA,91249,Kern,(661) 694-2032,2006-06-07,2007-06-07
47-245596,47,On-Sale General - Restaurant,ACTIVE,TheBar Kern LLC 86,Lisa Anderson Miller,3780 Pico Ln #463,Bakersfield,CA,93588,Kern,(805) 682-1149,2002-05-20,2003-05-20
47-285867,47,On-Sale General - Restaurant,ACTIVE,Bar Delano Hills Corp,Michelle Taylor,5575 2nd Pl,Delano,CA,95843,Kern,(805) 615-5260,2013-01-17,2014-01-17
47-648644,47,On-Sale General - Restaurant,ACTIVE,Sports Bar Delano Hills Inc,Maria Hernandez,8205 Market Way #593,Delano,CA,90856,Kern,(805) 869-8761,2023-03-24,2024-03-24
47-221037,47,On-Sale General - Restaurant,ACTIVE,Brasserie Delano,Kenneth Brown Wilson,5990 3rd Blvd #339,Delano,CA,91347,Kern,(805) 970-5373,2019-04-15,2020-04-15
47-500865,47,On-Sale General - Restaurant,ACTIVE,Bar LLC,Jennifer Brown,5244 6th Blvd #266,Bakersfield,CA,90869,Kern,(661) 382-6159,2019-09-02,2020-09-02
47-906894,47,On-Sale General - Restaurant,ACTIVE,ThePub Kern Co 6,Robert Jones,8161 Franklin St,Delano,CA,92961,Kern,(805) 997-6950,2006-10-07,2007-10-07
47-568514,47,On-Sale General - Restaurant,ACTIVE,Steakhouse Co,Lisa Martinez,9231 4th St,Bakersfield,CA,92243,Kern,(661) 736-2357,2023-07-19,2024-07-19
47-873872,47,On-Sale General - Restaurant,ACTIVE,Lounge Kern 97,James Jones,5222 State St,Delano,CA,92364,Kern,(805) 543-9112,2006-02-18,2007-02-18
47-147083,47,On-Sale General - Restaurant,ACTIVE,Lounge Corp,Michelle Davis,5155 Jefferson Rd,Delano,CA,90212,Kern,(661) 833-1715,2006-05-07,2007-05-07
47-859483,47,On-Sale General - Restaurant,ACTIVE,Chophouse Co,Jennifer Rodriguez,6828 Oak Dr,Bakersfield,CA,91536,Kern,(805) 496-2654,2001-01-14,2002-01-14
47-184614,47,On-Sale General - Restaurant,ACTIVE,Sports Bar Kern Inc,Christopher Williams Martin,7364 Sunset Ct,Bakersfield,CA,92651,Kern,(661) 725-1071,2021-09-24,2022-09-24
47-565213,47,On-Sale General - Restaurant,ACTIVE,NewBrasserie Kern 72,Andrew Jones,8991 Franklin Ct,Delano,CA,92305,Kern,(661) 774-8737,2022-01-17,2023-01-17
47-246783,47,On-Sale General - Restaurant,ACTIVE,TheSteakhouse 21,David Moore,5535 4th Pl #785,Bakersfield,CA,90964,Kern,(661) 967-7500,2013-05-22,2014-05-22
47-684023,47,On-Sale General - Restaurant,ACTIVE,Sports Bar Kern Group,William Wilson,4029 1st Pl,Delano,CA,92519,Kern,(805) 335-1867,2006-05-24,2007-05-24
47-761802,47,On-Sale General - Restaurant,ACTIVE,Chophouse Kern,John Anderson Miller,1271 6th Pl,Delano,CA,92253,Kern,(805) 661-9822,2015-12-11,2016-12-11
47-155516,47,On-Sale General - Restaurant,ACTIVE,NewBrasserie Kern Corp 87,William Jones,2604 Main Rd,Bakersfield,CA,90102,Kern,(661) 789-9324,2004-06-09,2005-06-09
47-452410,47,On-Sale General - Restaurant,ACTIVE,Steakhouse Corp,Jennifer Martin,6501 Pico Way,Delano,CA,94305,Kern,(661) 789-4368,2010-09-28,2011-09-28
47-457594,47,On-Sale General - Restaurant,ACTIVE,Sports Bar Group,William Lopez Garcia,4153 Lincoln Ave #154,Bakersfield,CA,90687,Kern,(661) 501-5113,2018-04-11,2019-04-11
47-804378,47,On-Sale General - Restaurant,ACTIVE,Chophouse Kern,Kenneth Thomas,4102 7th Ln,Bakersfield,CA,93523,Kern,(805) 714-4869,2001-03-22,2002-03-22
47-286563,47,On-Sale General - Restaurant,ACTIVE,TheBar & Grill Kern 94,James Martin,1749 2nd Ct,Delano,CA,95524,Kern,(661) 634-8549,2010-03-03,2011-03-03
47-689195,47,On-Sale General - Restaurant,ACTIVE,Pub Bakersfield,Christopher Miller Hernandez,6653 4th Way,Bakersfield,CA,94081,Kern,(661) 953-2467,2022-07-17,2023-07-17
47-516385,47,On-Sale General - Restaurant,ACTIVE,Tavern Bakersfield Hills,Michael Gonzalez,1372 Washington Dr #994,Bakersfield,CA,94442,Kern,(661) 259-5218,2000-11-21,2001-11-21
47-533087,47,On-Sale General - Restaurant,ACTIVE,Chophouse,Robert Taylor,3394 Wilshire Pl,Delano,CA,90845,Kern,(805) 777-5689,2008-03-14,2009-03-14
47-374642,47,On-Sale General - Restaurant,ACTIVE,Steakhouse Delano Valley,Paul Martin,9610 2nd Way,Delano,CA,91623,Kern,(661) 724-8862,2016-07-21,2017-07-21
47-871220,47,On-Sale General - Restaurant,ACTIVE,Chophouse Bakersfield,Lisa Smith,8764 3rd Way,Bakersfield,CA,94622,Kern,(661) 435-5505,2013-10-04,2014-10-04
47-222034,47,On-Sale General - Restaurant,ACTIVE,NewTavern Bakersfield 39,Kenneth Hernandez,5728 Hollywood Blvd #455,Bakersfield,CA,90809,Kern,(661) 322-4940,2003-03-10,2004-03-10
47-576235,47,On-Sale General - Restaurant,ACTIVE,OldBrasserie Bakersfield Co 76,Steven Thomas,7225 Franklin Dr,Bakersfield,CA,92925,Kern,(661) 300-8161,2013-09-20,2014-09-20
47-861881,47,On-Sale General - Restaurant,ACTIVE,Chophouse,Mark Jackson,8209 Oak Ln,Delano,CA,94943,Kern,(805) 417-7646,2008-05-22,2009-05-22
47-280845,47,On-Sale General - Restaurant,ACTIVE,Sports Bar Bakersfield Hills LLC,Maria Martin,1474 State Dr,Bakersfield,CA,91691,Kern,(805) 801-4757,2000-03-01,2001-03-01
47-863233,47,On-Sale General - Restaurant,ACTIVE,Steakhouse Bakersfield Corp,James Brown,6781 Lincoln Rd,Bakersfield,CA,94870,Kern,(661) 585-9187,2011-08-26,2012-08-26
47-384645,47,On-Sale General - Restaurant,ACTIVE,Lounge Bakersfield Heights,Matthew Williams,5740 Wilshire St #418,Bakersfield,CA,95879,Kern,(805) 578-1042,2001-03-18,2002-03-18
47-503062,47,On-Sale General - Restaurant,ACTIVE,Tavern Delano Hills,David Lopez,8058 Jefferson Dr,Delano,CA,94880,Kern,(661) 356-8349,2008-06-23,2009-06-23
47-700796,47,On-Sale General - Restaurant,ACTIVE,Tavern,James Lopez,1022 3rd St #941,Bakersfield,CA,91114,Kern,(805) 510-7969,2001-05-13,2002-05-13
47-707173,47,On-Sale General - Restaurant,ACTIVE,Chophouse Delano Co,Kenneth Jackson,9899 1st Way,Delano,CA,93454,Kern,(805) 790-3622,2021-03-06,2022-03-06
47-534521,47,On-Sale General - Restaurant,ACTIVE,Sports Bar Delano Group 28,Jennifer Thomas Martinez,8156 3rd Blvd,Delano,CA,91526,Kern,(805) 464-8938,2007-07-10,2008-07-10
47-538485,47,On-Sale General - Restaurant,ACTIVE,Steakhouse,Maria Jackson,5556 Sunset Rd,Delano,CA,95608,Kern,(661) 237-6116,2010-09-17,2011-09-17
47-725899,47,On-Sale General - Restaurant,ACTIVE,Pub,Steven Jackson Lopez,7498 Maple Ln,Bakersfield,CA,90583,Kern,(805) 671-7842,2009-11-19,2010-11-19
47-836334,47,On-Sale General - Restaurant,ACTIVE,Tavern Kern,David Thomas,6658 Ocean Rd,Bakersfield,CA,93307,Kern,(661) 931-2885,2002-05-12,2003-05-12
47-378785,47,On-Sale General - Restaurant,ACTIVE,Chophouse Group 22,Andrew Moore,319 Pico Ave,Delano,CA,95114,Kern,(661) 570-9280,2011-03-09,2012-03-09
47-343900,47,On-Sale General - Restaurant,ACTIVE,Lounge,Anthony Jones,6250 Front Dr,Delano,CA,93595,Kern,(805) 372-3341,2008-03-25,2009-03-25
47-809303,47,On-Sale General - Restaurant,ACTIVE,Brasserie LLC,John Gonzalez,5807 Lincoln St,Bakersfield,CA,91230,Kern,(805) 232-4018,2016-07-01,2017-07-01
47-198652,47,On-Sale General - Restaurant,ACTIVE,OldChophouse Kern 75,James Hernandez Jackson,817 Madison Ave,Bakersfield,CA,95917,Kern,(661) 702-9523,2022-09-03,2023-09-03
47-218258,47,On-Sale General - Restaurant,ACTIVE,Tavern Kern Company,Michael Martin Davis,7951 Main Ave,Bakersfield,CA,95208,Kern,(661) 980-7639,2016-09-26,2017-09-26
47-897064,47,On-Sale General - Restaurant,ACTIVE,Tavern Bakersfield Group,Paul Martin Jackson,1564 2nd Dr,Bakersfield,CA,90058,Kern,(661) 794-3614,2009-01-07,2010-01-07
47-953311,47,On-Sale General - Restaurant,ACTIVE,Tavern Delano Heights Corp,William Rodriguez,4082 Jefferson Pl,Delano,CA,91118,Kern,(805) 434-9574,2002-12-09,2003-12-09
47-711808,47,On-Sale General - Restaurant,ACTIVE,Tavern Bakersfield Company,David Gonzalez Wilson,2988 Jefferson Rd,Bakersfield,CA,93356,Kern,(661) 628-7214,2009-08-17,2010-08-17
47-451439,47,On-Sale General - Restaurant,ACTIVE,Brasserie,Daniel Taylor,3000 Hollywood Dr #901,Delano,CA,91353,Kern,(805) 207-4776,2011-01-27,2012-01-27
47-145985,47,On-Sale General - Restaurant,ACTIVE,Pub,Lisa Davis,4827 6th Ct,Delano,CA,94533,Kern,(805) 761-8387,2019-01-09,2020-01-09
47-784385,47,On-Sale General - Restaurant,ACTIVE,Pub,Matthew Anderson,2168 Front Ln,Bakersfield,CA,93409,Kern,(805) 536-9166,2013-12-26,2014-12-26
47-693323,47,On-Sale General - Restaurant,ACTIVE,NewSteakhouse 63,William Garcia,3816 Mission Rd,Bakersfield,CA,95539,Kern,(805) 784-4626,2013-12-26,2014-12-26
47-568712,47,On-Sale General - Restaurant,ACTIVE,Bar & Grill Kern,Michelle Martin,5407 Front Ln,Delano,CA,90424,Kern,(661) 481-2144,2000-04-25,2001-04-25
47-857847,47,On-Sale General - Restaurant,ACTIVE,TheTavern Delano Valley 4,Maria Rodriguez,7479 Main Ct #329,Delano,CA,90851,Kern,(805) 639-3678,2014-01-01,2015-01-01
47-428671,47,On-Sale General - Restaurant,ACTIVE,Chophouse,William Smith,6518 4th Rd,Bakersfield,CA,95320,Kern,(805) 853-9612,2003-08-08,2004-08-08
47-586731,47,On-Sale General - Restaurant,ACTIVE,Chophouse,Daniel Johnson,3119 Franklin Ave #788,Delano,CA,90546,Kern,(661) 795-7806,2004-01-12,2005-01-12
47-513024,47,On-Sale General - Restaurant,ACTIVE,Pub Kern,Mark Thomas Thomas,9764 Washington Ave,Bakersfield,CA,90918,Kern,(661) 448-7683,2002-03-27,2003-03-27
47-997122,47,On-Sale General - Restaurant,ACTIVE,Bar Co,Robert Martinez,341 Washington Dr,Bakersfield,CA,90942,Kern,(661) 762-9320,2013-01-01,2014-01-01
47-946683,47,On-Sale General - Restaurant,ACTIVE,Pub Kern,Michelle Martinez,4052 1st Ave,Bakersfield,CA,95815,Kern,(805) 507-1634,2006-11-05,2007-11-05
47-528839,47,On-Sale General - Restaurant,ACTIVE,Lounge,Christopher Wilson,7041 3rd Ave #930,Delano,CA,90342,Kern,(805) 431-4514,2013-10-07,2014-10-07
47-341701,47,On-Sale General - Restaurant,ACTIVE,NewSteakhouse 72,Michael Wilson,8594 7th Rd,Bakersfield,CA,94985,Kern,(805) 220-7681,2019-05-05,2020-05-05
47-132487,47,On-Sale General - Restaurant,ACTIVE,Bar Kern Group 90,Robert Gonzalez,2719 Sunset St #854,Bakersfield,CA,94513,Kern,(661) 543-4852,2004-03-14,2005-03-14
47-540579,47,On-Sale General - Restaurant,ACTIVE,Pub Inc,James Jackson,6198 4th Blvd,Bakersfield,CA,93597,Kern,(805) 520-2733,2000-11-15,2001-11-15
47-730989,47,On-Sale General - Restaurant,ACTIVE,Tavern,Maria Rodriguez Johnson,1053 2nd Way,Delano,CA,94147,Kern,(661) 207-6445,2024-12-21,2025-12-21
47-714106,47,On-Sale General - Restaurant,ACTIVE,Tavern Corp,David Lopez Hernandez,3908 Lincoln Ct #783,Delano,CA,90593,Kern,(805) 374-1520,2002-03-15,2003-03-15
47-790776,47,On-Sale General - Restaurant,ACTIVE,Tavern Kern,Christopher Miller Garcia,593 7th Ln #910,Bakersfield,CA,94323,Kern,(661) 607-7395,2001-05-10,2002-05-10
47-307315,47,On-Sale General - Restaurant,ACTIVE,Brasserie Delano Hills,John Hernandez,6289 Broadway Way,Delano,CA,90766,Kern,(805) 440-2237,2007-09-04,2008-09-04
47-864751,47,On-Sale General - Restaurant,ACTIVE,Sports Bar Company,Mark Smith,3889 Lincoln Pl,Delano,CA,95917,Kern,(661) 653-5553,2018-08-14,2019-08-14
47-640675,47,On-Sale General - Restaurant,ACTIVE,Chophouse Bakersfield Heights,Lisa Gonzalez,2164 Mission Way,Bakersfield,CA,95926,Kern,(661) 393-4302,2018-10-04,2019-10-04
47-274688,47,On-Sale General - Restaurant,ACTIVE,OldPub Delano Heights Corp 36,Jennifer Gonzalez,2792 Jefferson Ave,Delano,CA,92918,Kern,(805) 620-6854,2004-11-03,2005-11-03
47-992413,47,On-Sale General - Restaurant,ACTIVE,OldLounge Group 6,James Smith,1881 Washington Ave,Delano,CA,95345,Kern,(805) 521-8560,2013-03-15,2014-03-15
47-279845,47,On-Sale General - Restaurant,ACTIVE,Brasserie Bakersfield Heights,Mark Johnson Brown,638 Washington Rd #732,Bakersfield,CA,95131,Kern,(661) 382-6383,2013-11-21,2014-11-21
47-780377,47,On-Sale General - Restaurant,ACTIVE,Sports Bar Company,Maria Garcia,9966 Mission St #486,Delano,CA,95641,Kern,(661) 364-6207,2009-11-05,2010-11-05
47-187952,47,On-Sale General - Restaurant,ACTIVE,Steakhouse Delano Hills,Steven Martinez,5466 Oak Blvd,Delano,CA,95738,Kern,(661) 489-1712,2016-03-26,2017-03-26
47-337661,47,On-Sale General - Restaurant,ACTIVE,Pub Group,William Davis,6354 Front Pl,Bakersfield,CA,94185,Kern,(661) 298-5282,2016-01-01,2017-01-01
47-850581,47,On-Sale General - Restaurant,ACTIVE,TheChophouse Company 84,Andrew Martin,4647 Maple Dr #326,Bakersfield,CA,90921,Kern,(661) 473-5369,2015-03-04,2016-03-04
47-729621,47,On-Sale General - Restaurant,ACTIVE,Bar Kern 100,Maria Gonzalez,5146 Hollywood St,Bakersfield,CA,95257,Kern,(805) 803-6467,2001-02-05,2002-02-05
47-438399,47,On-Sale General - Restaurant,ACTIVE,Bar & Grill Delano 65,Matthew Brown,3996 6th Ct,Delano,CA,90263,Kern,(661) 314-6651,2022-01-18,2023-01-18
47-406309,47,On-Sale General - Restaurant,ACTIVE,Tavern Bakersfield Heights Inc,Anthony Johnson,7188 3rd Ct,Bakersfield,CA,94266,Kern,(661) 920-5612,2010-05-11,2011-05-11
47-400358,47,On-Sale General - Restaurant,ACTIVE,Lounge Bakersfield,Paul Thomas,1390 Main Pl #185,Bakersfield,CA,95122,Kern,(805) 676-6464,2023-01-24,2024-01-24
47-969132,47,On-Sale General - Restaurant,ACTIVE,Bar & Grill Bakersfield Heights Inc 98,John Moore,291 Main Ave #877,Bakersfield,CA,95936,Kern,(805) 735-5951,2005-01-11,2006-01-11
47-576644,47,On-Sale General - Restaurant,ACTIVE,NewSteakhouse 16,Steven Brown,8727 Oak Dr,Bakersfield,CA,95395,Kern,(805) 306-7078,2024-11-02,2025-11-02
47-492690,47,On-Sale General - Restaurant,ACTIVE,NewChophouse Kern 55,William Gonzalez,3680 5th Ave #146,Bakersfield,CA,92355,Kern,(805) 371-7035,2000-06-25,2001-06-25
47-790255,47,On-Sale General - Restaurant,ACTIVE,Chophouse Co,John Wilson,1413 Ocean Dr,Bakersfield,CA,94689,Kern,(805) 928-2065,2002-10-27,2003-10-27
47-872053,47,On-Sale General - Restaurant,ACTIVE,OldTavern Co 67,Michael Johnson Miller,7226 Wilshire Blvd #307,Bakersfield,CA,93688,Kern,(805) 301-2470,2003-08-10,2004-08-10
47-303258,47,On-Sale General - Restaurant,ACTIVE,Steakhouse,Michelle Jones,554 Maple Ave,Bakersfield,CA,93335,Kern,(661) 466-3345,2015-12-03,2016-12-03
47-180879,47,On-Sale General - Restaurant,ACTIVE,TheChophouse Delano Corp 92,Lisa Smith,5345 6th Pl,Delano,CA,93626,Kern,(661) 939-2515,2010-01-03,2011-01-03
47-151614,47,On-Sale General - Restaurant,ACTIVE,OldChophouse Bakersfield 62,James Taylor,3163 Mission Way #461,Bakersfield,CA,92784,Kern,(805) 525-1067,2016-02-23,2017-02-23
47-654330,47,On-Sale General - Restaurant,ACTIVE,Steakhouse,John Thomas,4623 Washington Dr #105,Delano,CA,95053,Kern,(661) 222-8478,2001-08-04,2002-08-04
47-973530,47,On-Sale General - Restaurant,ACTIVE,Chophouse 61,Lisa Wilson,6294 Market Blvd #121,Bakersfield,CA,92754,Kern,(805) 844-3524,2009-02-14,2010-02-14
47-676197,47,On-Sale General - Restaurant,ACTIVE,Chophouse Co,Maria Martinez,8298 Wilshire Pl,Bakersfield,CA,90018,Kern,(661) 249-5237,2015-06-25,2016-06-25
47-827532,47,On-Sale General - Restaurant,ACTIVE,OldBar Kern 96,William Jackson,6855 7th Way,Delano,CA,94494,Kern,(805) 953-6238,2017-04-05,2018-04-05
47-912190,47,On-Sale General - Restaurant,ACTIVE,Pub Bakersfield Group,John Miller,3737 2nd Way,Bakersfield,CA,91087,Kern,(805) 925-7354,2018-08-17,2019-08-17
47-991447,47,On-Sale General - Restaurant,ACTIVE,Chophouse Company,Christopher Wilson,2781 Lincoln Ct,Bakersfield,CA,90570,Kern,(805) 218-1903,2004-07-26,2005-07-26
47-638739,47,On-Sale General - Restaurant,ACTIVE,Bar & Grill Bakersfield,Steven Martin Thomas,9886 Lincoln Ct #781,Bakersfield,CA,90163,Kern,(661) 383-5136,2011-02-17,2012-02-17
47-937399,47,On-Sale General - Restaurant,ACTIVE,Sports Bar Delano Hills,James Brown Rodriguez,1814 State Ct,Delano,CA,91595,Kern,(805) 355-4139,2016-05-13,2017-05-13
47-360864,47,On-Sale General - Restaurant,ACTIVE,TheBrasserie Delano Company 63,Matthew Jackson,9107 2nd Blvd #727,Delano,CA,94643,Kern,(805) 327-1103,2004-03-25,2005-03-25
47-296241,47,On-Sale General - Restaurant,ACTIVE,Chophouse LLC,Christopher Martin,775 Pico Ct,Delano,CA,91264,Kern,(805) 255-8470,2005-01-09,2006-01-09
47-352773,47,On-Sale General - Restaurant,ACTIVE,Chophouse Kern Company,William Williams,5893 Mission Ct,Delano,CA,91920,Kern,(805) 780-9289,2016-04-02,2017-04-02
47-116488,47,On-Sale General - Restaurant,ACTIVE,Bar & Grill Inc,Daniel Jones,2478 Ocean Pl,Bakersfield,CA,90188,Kern,(805) 910-9293,2003-12-27,2004-12-27
47-273834,47,On-Sale General - Restaurant,ACTIVE,Bar Co,John Gonzalez,9427 1st Ave,Delano,CA,93412,Kern,(661) 883-5604,2024-02-14,2025-02-14
47-960454,47,On-Sale General - Restaurant,ACTIVE,TheChophouse Corp 37,Robert Taylor,7485 State Blvd,Delano,CA,95850,Kern,(805) 513-5994,2010-03-15,2011-03-15
47-466561,47,On-Sale General - Restaurant,ACTIVE,Bar & Grill Delano Corp,Robert Wilson Brown,6244 2nd Pl #467,Delano,CA,92931,Kern,(661) 403-5559,2000-12-25,2001-12-25
47-428556,47,On-Sale General - Restaurant,ACTIVE,Chophouse,Michael Hernandez,1238 Ocean Ave #209,Bakersfield,CA,93557,Kern,(661) 320-1885,2003-07-22,2004-07-22
47-621476,47,On-Sale General - Restaurant,ACTIVE,Chophouse Kern Corp,Michael Wilson,3208 Hollywood St #790,Delano,CA,95756,Kern,(805) 796-1376,2017-11-15,2018-11-15
47-286544,47,On-Sale General - Restaurant,ACTIVE,Chophouse LLC,Mark Gonzalez,3314 Jefferson Pl,Bakersfield,CA,95215,Kern,(661) 393-3362,2006-10-19,2007-10-19
47-834289,47,On-Sale General - Restaurant,ACTIVE,Chophouse Bakersfield Valley Co,Anthony Hernandez,9493 2nd Rd,Bakersfield,CA,93187,Kern,(661) 715-3345,2004-09-11,2005-09-11
47-988887,47,On-Sale General - Restaurant,ACTIVE,Chophouse Co,Maria Miller,1593 Jefferson Ave,Delano,CA,92976,Kern,(805) 379-1930,2001-05-27,2002-05-27
47-568586,47,On-Sale General - Restaurant,ACTIVE,TheBar Inc 4,Mark Thomas,9014 5th Pl,Bakersfield,CA,91589,Kern,(661) 948-2658,2012-04-04,2013-04-04
47-900308,47,On-Sale General - Restaurant,ACTIVE,Tavern Bakersfield Valley,Mark Smith,275 Madison Ln #103,Bakersfield,CA,92494,Kern,(805) 950-2784,2005-01-13,2006-01-13
47-645359,47,On-Sale General - Restaurant,ACTIVE,NewPub Delano Co 38,Lisa Davis Wilson,4101 4th Ct,Delano,CA,94087,Kern,(661) 634-4947,2023-08-21,2024-08-21
47-446555,47,On-Sale General - Restaurant,ACTIVE,NewChophouse Co 11,John Anderson,5516 Broadway Ct,Delano,CA,94062,Kern,(805) 209-2636,2022-11-18,2023-11-18
47-657947,47,On-Sale General - Restaurant,ACTIVE,Sports Bar LLC 14,James Jones,5081 6th Ave #605,Bakersfield,CA,95938,Kern,(805) 916-5874,2008-03-20,2009-03-20
47-108495,47,On-Sale General - Restaurant,ACTIVE,Pub Inc,James Rodriguez,8264 Market Pl,Delano,CA,90154,Kern,(661) 334-8568,2014-07-20,2015-07-20
47-950280,47,On-Sale General - Restaurant,ACTIVE,OldTavern Company 87,Michael Brown,3203 5th Ct,Delano,CA,91462,Kern,(805) 739-5806,2011-07-15,2012-07-15
47-930960,47,On-Sale General - Restaurant,ACTIVE,Brasserie,Steven Jones,3135 Lincoln Ave,Bakersfield,CA,91421,Kern,(661) 233-9301,2016-01-05,2017-01-05
47-476286,47,On-Sale General - Restaurant,ACTIVE,Steakhouse Bakersfield Corp,Anthony Jones,8317 Market Blvd,Bakersfield,CA,92993,Kern,(805) 768-3393,2021-02-20,2022-02-20
47-597617,47,On-Sale General - Restaurant,ACTIVE,Pub Delano Company 38,Daniel Gonzalez,6700 Franklin Rd #516,Delano,CA,90780,Kern,(661) 970-2119,2003-06-04,2004-06-04
47-639350,47,On-Sale General - Restaurant,ACTIVE,Lounge Kern,Maria Garcia,9460 Jefferson Pl #256,Bakersfield,CA,91862,Kern,(661) 684-2455,2016-10-26,2017-10-26
47-579114,47,On-Sale General - Restaurant,ACTIVE,Sports Bar Kern,Maria Moore,7744 6th Way #135,Delano,CA,91930,Kern,(805) 230-9400,2013-08-03,2014-08-03
47-873646,47,On-Sale General - Restaurant,ACTIVE,Lounge,Maria Johnson,8059 Franklin Pl,Bakersfield,CA,92525,Kern,(661) 649-1703,2010-07-23,2011-07-23
47-944759,47,On-Sale General - Restaurant,ACTIVE,Steakhouse Bakersfield Company,Michelle Williams,6044 5th Way #197,Bakersfield,CA,92941,Kern,(661) 687-4661,2013-05-20,2014-05-20
47-275551,47,On-Sale General - Restaurant,ACTIVE,Tavern Bakersfield,Kenneth Jones,1948 Jefferson St,Bakersfield,CA,95600,Kern,(661) 831-2764,2008-09-27,2009-09-27
47-836084,47,On-Sale General - Restaurant,ACTIVE,Steakhouse Bakersfield Inc,Kenneth Thomas,9320 Oak Way,Bakersfield,CA,95350,Kern,(661) 476-6597,2019-03-11,2020-03-11
47-149782,47,On-Sale General - Restaurant,ACTIVE,Tavern Bakersfield Valley Co,William Lopez,8944 Main Rd #879,Bakersfield,CA,91692,Kern,(805) 897-1000,2002-07-16,2003-07-16
47-981466,47,On-Sale General - Restaurant,ACTIVE,Lounge,Daniel Thomas,2264 3rd Rd,Delano,CA,92136,Kern,(805) 504-8277,2002-08-21,2003-08-21
47-385356,47,On-Sale General - Restaurant,ACTIVE,Pub,William Brown,5009 Franklin Ave,Bakersfield,CA,96072,Kern,(805) 942-2246,2015-01-26,2016-01-26
47-885269,47,On-Sale General - Restaurant,ACTIVE,Lounge Bakersfield,Robert Jones,9175 Ocean Ln,Bakersfield,CA,91387,Kern,(661) 700-4369,2015-01-13,2016-01-13
47-664446,47,On-Sale General - Restaurant,ACTIVE,Lounge Kern,Anthony Garcia,7270 Ocean St,Delano,CA,93627,Kern,(661) 683-5423,2000-05-08,2001-05-08
47-578991,47,On-Sale General - Restaurant,ACTIVE,Bar Corp,Anthony Jackson,5888 4th Ln #526,Delano,CA,93613,Kern,(661) 290-8074,2010-02-12,2011-02-12
47-318577,47,On-Sale General - Restaurant,ACTIVE,TheBar Kern 94,William Jackson,8125 4th Blvd,Delano,CA,91343,Kern,(661) 729-5274,2015-09-17,2016-09-17
47-113412,47,On-Sale General - Restaurant,ACTIVE,Steakhouse Bakersfield Heights Inc,Michelle Gonzalez,9297 1st Dr,Bakersfield,CA,94344,Kern,(661) 623-2516,2023-08-06,2024-08-06
47-560224,47,On-Sale General - Restaurant,ACTIVE,Steakhouse Delano Inc 27,Jennifer Taylor,8069 Front Dr,Delano,CA,92417,Kern,(661) 803-3811,2013-11-11,2014-11-11
47-537212,47,On-Sale General - Restaurant,ACTIVE,Brasserie,Robert Lopez,7823 Maple Ave,Delano,CA,92705,Kern,(805) 584-3443,2007-02-13,2008-02-13
47-334871,47,On-Sale General - Restaurant,ACTIVE,Chophouse 15,Kenneth Thomas,1174 Lincoln Pl,Bakersfield,CA,95072,Kern,(805) 838-3408,2022-09-11,2023-09-11
47-520618,47,On-Sale General - Restaurant,ACTIVE,Pub,Robert Brown,3182 Ocean Way,Bakersfield,CA,91891,Kern,(661) 875-5687,2024-06-08,2025-06-08
47-149132,47,On-Sale General - Restaurant,ACTIVE,Steakhouse Company,James Smith Wilson,4667 Broadway Way,Delano,CA,93947,Kern,(661) 346-9857,2010-12-05,2011-12-05
47-217529,47,On-Sale General - Restaurant,ACTIVE,Chophouse Kern Corp,John Gonzalez,7803 3rd Blvd,Bakersfield,CA,95519,Kern,(661) 755-4094,2000-03-06,2001-03-06
47-760424,47,On-Sale General - Restaurant,ACTIVE,TheChophouse LLC 89,Christopher Jones,3506 Washington Dr,Delano,CA,93071,Kern,(805) 699-3082,2010-08-09,2011-08-09
47-353426,47,On-Sale General - Restaurant,ACTIVE,NewPub Corp 45,Michael Miller Jackson,1419 Ocean Blvd #676,Bakersfield,CA,91857,Kern,(661) 356-5240,2012-03-28,2013-03-28
47-363001,47,On-Sale General - Restaurant,ACTIVE,Lounge Delano Heights,Daniel Davis,4869 Main Way,Delano,CA,93443,Kern,(661) 472-7466,2004-10-06,2005-10-06
47-569364,47,On-Sale General - Restaurant,ACTIVE,Sports Bar Delano Company,John Moore,891 Washington St,Delano,CA,92441,Kern,(805) 206-3604,2010-02-06,2011-02-06
47-962098,47,On-Sale General - Restaurant,ACTIVE,TheChophouse LLC 60,Andrew Gonzalez,5247 Front Rd,Delano,CA,93880,Kern,(805) 829-4280,2007-07-06,2008-07-06
47-126875,47,On-Sale General - Restaurant,ACTIVE,Chophouse Co,James Martinez,9069 Lincoln Ave,Delano,CA,90496,Kern,(661) 360-5033,2008-01-20,2009-01-20
47-112621,47,On-Sale General - Restaurant,ACTIVE,NewSteakhouse Group 65,William Garcia,5589 7th Rd #404,Bakersfield,CA,90630,Kern,(805) 404-2033,2006-06-05,2007-06-05
47-802627,47,On-Sale General - Restaurant,ACTIVE,Chophouse Kern Group,Michelle Rodriguez,7531 State Ave #302,Delano,CA,91194,Kern,(805) 367-8830,2023-04-25,2024-04-25
47-762172,47,On-Sale General - Restaurant,ACTIVE,Pub Kern Inc,Matthew Davis Smith,1118 Hollywood Rd #640,Bakersfield,CA,93882,Kern,(661) 753-2776,2016-08-18,2017-08-18
47-635159,47,On-Sale General - Restaurant,ACTIVE,Brasserie,Michael Rodriguez,4867 Mission St #997,Bakersfield,CA,92153,Kern,(661) 429-5974,2010-01-08,2011-01-08
47-797045,47,On-Sale General - Restaurant,ACTIVE,Bar & Grill Kern Group 81,Anthony Johnson,7196 Main Rd #178,Bakersfield,CA,92682,Kern,(661) 456-7350,2007-05-10,2008-05-10
47-481502,47,On-Sale General - Restaurant,ACTIVE,Pub Group,William Lopez,8849 Ocean Ct #264,Delano,CA,94059,Kern,(805) 952-2449,2005-05-04,2006-05-04
47-419400,47,On-Sale General - Restaurant,ACTIVE,Chophouse,Anthony Thomas,9462 Mission Way #621,Delano,CA,95770,Kern,(661) 495-3021,2013-06-26,2014-06-26
47-249547,47,On-Sale General - Restaurant,ACTIVE,Sports Bar Kern,Maria Anderson,8036 1st Blvd,Delano,CA,95259,Kern,(805) 426-1029,2008-07-13,2009-07-13
47-930109,47,On-Sale General - Restaurant,ACTIVE,OldBar Bakersfield Heights Company 22,Kenneth Miller,6162 State St #854,Bakersfield,CA,92631,Kern,(661) 900-1260,2015-10-24,2016-10-24
47-105416,47,On-Sale General - Restaurant,ACTIVE,NewTavern Delano 24,David Williams,5647 Franklin Ave,Delano,CA,95977,Kern,(805) 486-3086,2010-01-09,2011-01-09
47-781390,47,On-Sale General - Restaurant,ACTIVE,Sports Bar Delano Inc,Robert Anderson Taylor,5096 1st Blvd,Delano,CA,93953,Kern,(805) 530-7176,2010-06-19,2011-06-19
47-924764,47,On-Sale General - Restaurant,ACTIVE,Sports Bar LLC,Steven Brown Davis,3542 Franklin Ct,Delano,CA,94642,Kern,(805) 690-3785,2018-08-04,2019-08-04
47-448033,47,On-Sale General - Restaurant,ACTIVE,Chophouse LLC,Jennifer Rodriguez,8523 Broadway Pl,Bakersfield,CA,90133,Kern,(805) 807-3986,2021-04-25,2022-04-25
47-240866,47,On-Sale General - Restaurant,ACTIVE,Pub Bakersfield,Daniel Lopez Garcia,225 5th Ave,Bakersfield,CA,91803,Kern,(805) 934-7269,2024-12-28,2025-12-28
47-448121,47,On-Sale General - Restaurant,ACTIVE,Pub,Paul Anderson,4435 6th Rd,Bakersfield,CA,90963,Kern,(805) 894-5379,2018-12-11,2019-12-11
47-209774,47,On-Sale General - Restaurant,ACTIVE,Sports Bar Company,Steven Garcia,8350 Sunset Blvd,Delano,CA,96196,Kern,(661) 266-1012,2003-11-11,2004-11-11
47-272771,47,On-Sale General - Restaurant,ACTIVE,Steakhouse Bakersfield Group,Mark Williams,7348 4th Rd,Bakersfield,CA,93809,Kern,(661) 839-9087,2022-07-11,2023-07-11
47-915339,47,On-Sale General - Restaurant,ACTIVE,Chophouse Delano Heights Company,William Taylor,5297 1st Way #741,Delano,CA,91198,Kern,(805) 245-2700,2023-09-15,2024-09-15
47-719671,47,On-Sale General - Restaurant,ACTIVE,Bar & Grill Delano Valley,Mark Johnson Lopez,1066 Market Ct,Delano,CA,95134,Kern,(805) 480-1940,2019-06-06,2020-06-06
47-981620,47,On-Sale General - Restaurant,ACTIVE,Bar & Grill LLC,Michelle Johnson,2438 6th Dr,Delano,CA,90672,Kern,(661) 870-5406,2020-04-22,2021-04-22
47-621985,47,On-Sale General - Restaurant,ACTIVE,Chophouse Inc,Michael Brown,5736 Sunset Rd,Delano,CA,93762,Kern,(661) 305-5993,2023-06-13,2024-06-13
47-616967,47,On-Sale General - Restaurant,ACTIVE,Lounge Kern Corp,Anthony Anderson,7486 Wilshire Dr,Delano,CA,92987,Kern,(805) 294-9650,2009-08-19,2010-08-19
47-183687,47,On-Sale General - Restaurant,ACTIVE,TheChophouse 55,Daniel Brown Davis,2486 Washington Ct,Delano,CA,91019,Kern,(805) 916-4318,2012-05-05,2013-05-05
47-389350,47,On-Sale General - Restaurant,ACTIVE,Chophouse Delano LLC,David Lopez,6422 6th Ave,Delano,CA,94753,Kern,(661) 479-1733,2007-10-25,2008-10-25
47-191164,47,On-Sale General - Restaurant,ACTIVE,TheLounge Co 76,David Martin,8988 5th St,Delano,CA,91778,Kern,(805) 984-1217,2024-03-27,2025-03-27
47-354791,47,On-Sale General - Restaurant,ACTIVE,Chophouse Delano,Matthew Davis,1304 Lincoln Pl,Delano,CA,94193,Kern,(661) 380-1442,2011-10-14,2012-10-14
47-439969,47,On-Sale General - Restaurant,ACTIVE,Lounge,Michael Anderson,3880 Mission Ave,Bakersfield,CA,92448,Kern,(805) 865-5335,2002-05-24,2003-05-24
47-566795,47,On-Sale General - Restaurant,ACTIVE,NewBar & Grill 25,Maria Jackson,2260 Lincoln Dr,Delano,CA,94776,Kern,(805) 674-9826,2010-07-15,2011-07-15
47-930393,47,On-Sale General - Restaurant,ACTIVE,Chophouse Delano Heights Group,Paul Brown,7989 Maple Ave #860,Delano,CA,91093,Kern,(661) 826-2403,2024-03-18,2025-03-18
47-586037,47,On-Sale General - Restaurant,ACTIVE,Chophouse Inc,William Smith,7563 Pico St,Bakersfield,CA,91029,Kern,(661) 360-9046,2009-07-20,2010-07-20
47-816964,47,On-Sale General - Restaurant,ACTIVE,TheBar LLC 28,William Anderson,4934 1st Dr,Delano,CA,94967,Kern,(661) 720-1577,2011-09-01,2012-09-01
47-816501,47,On-Sale General - Restaurant,ACTIVE,Tavern,Andrew Davis,4555 Madison Dr,Bakersfield,CA,96162,Kern,(661) 682-3121,2002-10-26,2003-10-26
47-426302,47,On-Sale General - Restaurant,ACTIVE,Brasserie,Robert Brown,5642 Washington Ave,Delano,CA,90995,Kern,(805) 796-3894,2015-04-27,2016-04-27
47-897828,47,On-Sale General - Restaurant,ACTIVE,Chophouse,James Hernandez,5115 Washington Ct,Delano,CA,92538,Kern,(661) 427-2256,2011-09-08,2012-09-08
47-224799,47,On-Sale General - Restaurant,ACTIVE,Bar,Daniel Davis,7725 5th St #637,Bakersfield,CA,90357,Kern,(805) 834-9348,2021-06-12,2022-06-12
47-501776,47,On-Sale General - Restaurant,ACTIVE,Tavern 15,Michael Davis,5570 Pico Dr #526,Bakersfield,CA,90117,Kern,(661) 547-6308,2013-03-21,2014-03-21
47-662600,47,On-Sale General - Restaurant,ACTIVE,Steakhouse Co,William Jackson,9382 Main Blvd #561,Delano,CA,92274,Kern,(661) 552-2096,2017-03-09,2018-03-09
47-472509,47,On-Sale General - Restaurant,ACTIVE,Chophouse,Maria Moore,625 Sunset Rd,Delano,CA,90370,Kern,(661) 257-3597,2006-08-06,2007-08-06
47-455906,47,On-Sale General - Restaurant,ACTIVE,Tavern Bakersfield Heights LLC,Michelle Miller,3016 5th Way,Bakersfield,CA,95870,Kern,(805) 562-8465,2005-01-17,2006-01-17
47-410272,47,On-Sale General - Restaurant,ACTIVE,Steakhouse Delano Group,Andrew Martinez,7196 Ocean Ave #657,Delano,CA,94550,Kern,(805) 815-9708,2017-01-11,2018-01-11
47-279156,47,On-Sale General - Restaurant,ACTIVE,NewBar Delano Corp 36,James Hernandez,1477 4th Rd,Delano,CA,93559,Kern,(805) 907-5460,2022-07-28,2023-07-28
47-987798,47,On-Sale General - Restaurant,ACTIVE,NewPub Kern 76,Jennifer Moore,7251 2nd Way,Bakersfield,CA,90299,Kern,(805) 810-4289,2023-03-19,2024-03-19
47-447654,47,On-Sale General - Restaurant,ACTIVE,NewBrasserie 77,John Jackson,3610 Main Ln #707,Delano,CA,90930,Kern,(661) 605-4950,2006-03-14,2007-03-14
47-282856,47,On-Sale General - Restaurant,ACTIVE,Bar Corp,Maria Anderson,9564 Jefferson St,Bakersfield,CA,95080,Kern,(805) 348-2116,2017-12-23,2018-12-23
47-770794,47,On-Sale General - Restaurant,ACTIVE,Chophouse,Anthony Hernandez,2694 6th Ave #832,Bakersfield,CA,94870,Kern,(805) 408-7978,2008-08-28,2009-08-28
47-923622,47,On-Sale General - Restaurant,ACTIVE,Bar,Michael Rodriguez,4699 Front Ln,Delano,CA,94143,Kern,(661) 913-8543,2001-02-05,2002-02-05
47-595405,47,On-Sale General - Restaurant,ACTIVE,Steakhouse Delano Heights,John Rodriguez,2123 Pico Way,Delano,CA,95836,Kern,(661) 733-7797,2015-02-22,2016-02-22
47-900369,47,On-Sale General - Restaurant,ACTIVE,Chophouse Kern Co,Matthew Williams,7937 Washington Way,Delano,CA,94008,Kern,(661) 247-2406,2011-08-21,2012-08-21
47-504893,47,On-Sale General - Restaurant,ACTIVE,Lounge Delano Company,Maria Rodriguez,5939 1st Pl #924,Delano,CA,92075,Kern,(661) 281-1781,2018-11-22,2019-11-22
47-698321,47,On-Sale General - Restaurant,ACTIVE,Steakhouse Delano,James Thomas,1976 Washington Ave,Delano,CA,94274,Kern,(661) 586-7521,2001-04-24,2002-04-24
47-475613,47,On-Sale General - Restaurant,ACTIVE,Chophouse Bakersfield,Robert Jones,1993 Main Ave #959,Bakersfield,CA,95671,Kern,(661) 469-8536,2024-01-03,2025-01-03
47-513697,47,On-Sale General - Restaurant,ACTIVE,OldSteakhouse Co 91,Steven Martinez,3488 3rd Ct #304,Bakersfield,CA,91600,Kern,(805) 659-9559,2000-11-26,2001-11-26
47-173125,47,On-Sale General - Restaurant,ACTIVE,TheSports Bar Kern 76,Christopher Taylor,3746 Washington Ln,Delano,CA,92800,Kern,(805) 385-7217,2016-10-19,2017-10-19
47-443075,47,On-Sale General - Restaurant,ACTIVE,NewLounge Bakersfield Co 42,Michelle Davis,8257 6th Ln #227,Bakersfield,CA,91122,Kern,(661) 676-4226,2005-07-05,2006-07-05
47-882318,47,On-Sale General - Restaurant,ACTIVE,Chophouse Group,Mark Smith,6643 Front Dr,Delano,CA,91021,Kern,(661) 428-2714,2022-12-21,2023-12-21
47-182552,47,On-Sale General - Restaurant,ACTIVE,Brasserie,Steven Hernandez,3983 State Ave #153,Bakersfield,CA,93239,Kern,(805) 578-7779,2002-04-06,2003-04-06
47-938433,47,On-Sale General - Restaurant,ACTIVE,Chophouse Bakersfield LLC,Maria Miller Thomas,2770 6th Rd,Bakersfield,CA,96148,Kern,(661) 887-1863,2001-07-28,2002-07-28
47-728828,47,On-Sale General - Restaurant,ACTIVE,Sports Bar,Jennifer Anderson,1293 Pico Pl #153,Bakersfield,CA,94644,Kern,(661) 368-2798,2018-05-13,2019-05-13
47-767124,47,On-Sale General - Restaurant,ACTIVE,OldLounge Company 84,Daniel Williams,867 6th Ave #734,Delano,CA,94312,Kern,(661) 674-6319,2007-12-17,2008-12-17
47-859803,47,On-Sale General - Restaurant,ACTIVE,Pub Bakersfield Co,David Garcia,7624 5th Ct,Bakersfield,CA,91099,Kern,(661) 658-8561,2015-07-06,2016-07-06
47-266760,47,On-Sale General - Restaurant,ACTIVE,Brasserie Kern,Jennifer Davis,7637 Hollywood Ct,Delano,CA,92766,Kern,(805) 338-3678,2020-02-18,2021-02-18
47-999091,47,On-Sale General - Restaurant,ACTIVE,Chophouse Delano,Mark Davis,1094 6th Ave,Delano,CA,95019,Kern,(661) 303-2074,2024-10-24,2025-10-24
47-421425,47,On-Sale General - Restaurant,ACTIVE,NewTavern Kern 53,Michelle Jones,6226 2nd Pl,Bakersfield,CA,93027,Kern,(805) 586-5783,2000-03-11,2001-03-11
47-334324,47,On-Sale General - Restaurant,ACTIVE,Bar & Grill Inc,Kenneth Thomas Jackson,4160 Wilshire Way,Delano,CA,90917,Kern,(661) 974-7051,2012-05-09,2013-05-09
48-280055,48,On-Sale General - Bar/Tavern,ACTIVE,Tavern Kern Inc,Michelle Davis Davis,9999 Maple Way,Delano,CA,94718,Kern,(805) 847-8138,2013-07-27,2014-07-27
48-743214,48,On-Sale General - Bar/Tavern,ACTIVE,Tap Room,Anthony Brown,6222 3rd St,Bakersfield,CA,90404,Kern,(805) 675-9907,2006-11-24,2007-11-24
48-161703,48,On-Sale General - Bar/Tavern,ACTIVE,Saloon,William Wilson,1760 Wilshire Rd #244,Bakersfield,CA,93987,Kern,(805) 224-7973,2019-12-14,2020-12-14
48-849057,48,On-Sale General - Bar/Tavern,ACTIVE,Club Delano Valley,Robert Anderson,6371 Wilshire Ln,Delano,CA,91967,Kern,(661) 452-4377,2015-11-13,2016-11-13
48-891833,48,On-Sale General - Bar/Tavern,ACTIVE,Nightclub LLC,David Lopez,8673 Lincoln Ave,Bakersfield,CA,95692,Kern,(661) 988-4534,2010-04-18,2011-04-18
48-559950,48,On-Sale General - Bar/Tavern,ACTIVE,Saloon Delano,David Johnson,710 Madison Pl,Delano,CA,93184,Kern,(805) 987-2877,2001-12-28,2002-12-28
48-696667,48,On-Sale General - Bar/Tavern,ACTIVE,Lounge,Daniel Johnson,7769 Washington Rd #564,Delano,CA,92301,Kern,(661) 668-9748,2018-11-15,2019-11-15
48-238655,48,On-Sale General - Bar/Tavern,ACTIVE,Tap Room Bakersfield,William Martinez,2465 Sunset Rd,Bakersfield,CA,93658,Kern,(661) 976-4592,2002-09-06,2003-09-06
48-569050,48,On-Sale General - Bar/Tavern,ACTIVE,TheClub 82,Daniel Anderson,4904 Washington Pl,Delano,CA,91299,Kern,(661) 326-2122,2014-06-26,2015-06-26
48-968788,48,On-Sale General - Bar/Tavern,ACTIVE,TheBrewery Delano Inc 87,Mark Johnson,1594 Mission Blvd,Delano,CA,94714,Kern,(805) 732-3090,2014-06-09,2015-06-09
48-414005,48,On-Sale General - Bar/Tavern,ACTIVE,Nightclub LLC,Robert Brown,6982 Franklin Rd,Bakersfield,CA,95832,Kern,(661) 794-5296,2023-07-23,2024-07-23
48-836938,48,On-Sale General - Bar/Tavern,ACTIVE,TheBar 89,Kenneth Martinez,1707 Wilshire Ave,Bakersfield,CA,92568,Kern,(805) 230-1876,2002-04-05,2003-04-05
48-199042,48,On-Sale General - Bar/Tavern,ACTIVE,Saloon,Matthew Jones,7946 Washington Way,Delano,CA,92410,Kern,(805) 750-9865,2021-01-02,2022-01-02
48-479409,48,On-Sale General - Bar/Tavern,ACTIVE,Club Bakersfield Corp,Matthew Miller,6490 State Way,Bakersfield,CA,90046,Kern,(661) 825-3752,2007-08-13,2008-08-13
48-998033,48,On-Sale General - Bar/Tavern,ACTIVE,Tap Room,Paul Brown Martinez,5172 Pico Blvd,Bakersfield,CA,95459,Kern,(805) 484-5909,2019-11-11,2020-11-11
48-149771,48,On-Sale General - Bar/Tavern,ACTIVE,Club Delano Valley,Steven Smith Wilson,8133 Mission Ln,Delano,CA,91606,Kern,(661) 700-1170,2024-07-09,2025-07-09
48-497278,48,On-Sale General - Bar/Tavern,ACTIVE,Bar,Michael Martinez Davis,7388 6th Dr #684,Delano,CA,92707,Kern,(805) 351-2434,2024-02-25,2025-02-25
48-636923,48,On-Sale General - Bar/Tavern,ACTIVE,Club,Mark Hernandez,3445 Wilshire Pl #110,Bakersfield,CA,95545,Kern,(805) 365-8661,2020-07-07,2021-07-07
48-149749,48,On-Sale General - Bar/Tavern,ACTIVE,Saloon Kern,James Brown,5447 Ocean Ct,Delano,CA,94334,Kern,(805) 253-5653,2024-07-06,2025-07-06
48-124726,48,On-Sale General - Bar/Tavern,ACTIVE,Tavern Kern Company,Anthony Moore Smith,5360 Pico Pl,Bakersfield,CA,93687,Kern,(661) 476-2745,2016-05-11,2017-05-11
48-199613,48,On-Sale General - Bar/Tavern,ACTIVE,Bar Company,David Miller,9385 Sunset Ln,Delano,CA,93989,Kern,(661) 577-4605,2017-08-22,2018-08-22
48-635860,48,On-Sale General - Bar/Tavern,ACTIVE,Pub Delano,Michael Rodriguez,1082 State Ln,Delano,CA,92945,Kern,(805) 455-7034,2021-12-24,2022-12-24
48-600477,48,On-Sale General - Bar/Tavern,ACTIVE,Club Bakersfield LLC,Michael Brown,2165 Franklin Way,Bakersfield,CA,92036,Kern,(661) 689-4321,2020-02-05,2021-02-05
48-432972,48,On-Sale General - Bar/Tavern,ACTIVE,Nightclub Company,Robert Miller,4511 1st St #122,Bakersfield,CA,95471,Kern,(805) 819-3292,2020-07-13,2021-07-13
48-459164,48,On-Sale General - Bar/Tavern,ACTIVE,Saloon Delano,John Taylor,7603 Jefferson Blvd,Delano,CA,93046,Kern,(661) 261-7561,2021-03-22,2022-03-22
48-455633,48,On-Sale General - Bar/Tavern,ACTIVE,Pub Corp,Christopher Martinez,6276 Sunset Pl,Delano,CA,93915,Kern,(661) 953-9639,2017-05-21,2018-05-21
48-581019,48,On-Sale General - Bar/Tavern,ACTIVE,Club Corp,Michelle Jones,3914 Main Dr #329,Bakersfield,CA,94559,Kern,(661) 265-5253,2020-02-13,2021-02-13
48-245290,48,On-Sale General - Bar/Tavern,ACTIVE,Dive Bar,Anthony Thomas,939 4th Ln,Bakersfield,CA,92081,Kern,(805) 297-8209,2022-12-17,2023-12-17
48-171745,48,On-Sale General - Bar/Tavern,ACTIVE,Tap Room,James Garcia,7019 2nd Ln,Delano,CA,93617,Kern,(805) 952-1095,2008-10-04,2009-10-04
48-230016,48,On-Sale General - Bar/Tavern,ACTIVE,Bar Kern Corp,Matthew Williams,9658 Jefferson St #887,Bakersfield,CA,92666,Kern,(661) 317-3478,2010-02-16,2011-02-16
48-402679,48,On-Sale General - Bar/Tavern,ACTIVE,Pub Kern,Christopher Martinez,3741 Pico Dr,Delano,CA,96158,Kern,(805) 211-6877,2021-06-26,2022-06-26
48-129259,48,On-Sale General - Bar/Tavern,ACTIVE,Bar Kern,Andrew Johnson,9335 Pico Pl #482,Delano,CA,91068,Kern,(805) 856-6692,2023-10-04,2024-10-04
48-805240,48,On-Sale General - Bar/Tavern,ACTIVE,Bar Company,Robert Brown Wilson,9835 Lincoln Ave #306,Bakersfield,CA,96192,Kern,(805) 709-5325,2024-05-09,2025-05-09
48-257976,48,On-Sale General - Bar/Tavern,ACTIVE,Pub Bakersfield Hills Co 77,David Rodriguez,8392 Maple St,Bakersfield,CA,90270,Kern,(805) 444-8428,2020-05-06,2021-05-06
48-695438,48,On-Sale General - Bar/Tavern,ACTIVE,TheTavern Delano 76,Christopher Hernandez Martin,8710 6th St,Delano,CA,92735,Kern,(661) 578-4283,2010-09-18,2011-09-18
48-520022,48,On-Sale General - Bar/Tavern,ACTIVE,Dive Bar Kern,Christopher Lopez,8066 Oak Ave #184,Bakersfield,CA,95921,Kern,(805) 649-7579,2020-07-15,2021-07-15
48-161167,48,On-Sale General - Bar/Tavern,ACTIVE,Club,Jennifer Taylor Moore,5258 Jefferson Rd,Delano,CA,90622,Kern,(805) 458-5426,2020-04-03,2021-04-03
48-396640,48,On-Sale General - Bar/Tavern,ACTIVE,Lounge,Maria Brown,7662 7th Dr #996,Delano,CA,93573,Kern,(661) 978-1891,2006-08-27,2007-08-27
48-155499,48,On-Sale General - Bar/Tavern,ACTIVE,Saloon Bakersfield Corp,Paul Lopez Brown,296 7th Way,Bakersfield,CA,94071,Kern,(661) 647-1367,2010-06-03,2011-06-03
48-741020,48,On-Sale General - Bar/Tavern,ACTIVE,OldClub 54,James Miller,9897 Franklin Rd,Delano,CA,94219,Kern,(661) 513-6669,2003-11-07,2004-11-07
48-348939,48,On-Sale General - Bar/Tavern,ACTIVE,TheDive Bar 35,Steven Martinez,679 7th St,Bakersfield,CA,94150,Kern,(661) 500-1363,2004-08-11,2005-08-11
48-598010,48,On-Sale General - Bar/Tavern,ACTIVE,Club Kern,Michael Martinez,3161 Maple Way,Delano,CA,91169,Kern,(805) 476-4510,2002-04-23,2003-04-23
48-855550,48,On-Sale General - Bar/Tavern,ACTIVE,OldPub Kern Co 13,David Hernandez,9795 Main Ct,Bakersfield,CA,92850,Kern,(805) 600-1117,2013-04-06,2014-04-06
48-341439,48,On-Sale General - Bar/Tavern,ACTIVE,Brewery LLC,Robert Brown Wilson,4329 Madison Ct,Bakersfield,CA,91413,Kern,(805) 442-5135,2007-03-28,2008-03-28
48-855217,48,On-Sale General - Bar/Tavern,ACTIVE,Tavern Delano Group,James Lopez,112 Front Ln,Delano,CA,94435,Kern,(805) 468-5396,2010-02-11,2011-02-11
48-628137,48,On-Sale General - Bar/Tavern,ACTIVE,Pub Bakersfield Corp,Jennifer Davis,1945 Pico Blvd,Bakersfield,CA,93307,Kern,(661) 959-6291,2018-07-04,2019-07-04
48-135342,48,On-Sale General - Bar/Tavern,ACTIVE,Tavern Corp,William Gonzalez,5047 Maple Ave,Bakersfield,CA,96191,Kern,(805) 888-2235,2011-01-11,2012-01-11
48-563873,48,On-Sale General - Bar/Tavern,ACTIVE,Pub Bakersfield,William Garcia,5928 Jefferson Dr #626,Bakersfield,CA,94476,Kern,(805) 593-2011,2022-07-02,2023-07-02
48-532966,48,On-Sale General - Bar/Tavern,ACTIVE,Nightclub Kern,David Davis,2553 3rd St,Delano,CA,94020,Kern,(661) 905-7395,2006-08-20,2007-08-20
48-274787,48,On-Sale General - Bar/Tavern,ACTIVE,NewBar Co 68,Michelle Jackson,5552 Front Blvd,Bakersfield,CA,91720,Kern,(661) 596-9387,2012-06-15,2013-06-15
48-433143,48,On-Sale General - Bar/Tavern,ACTIVE,Tavern Delano Inc,William Lopez,2539 Jefferson Dr,Delano,CA,91979,Kern,(661) 648-9625,2002-11-17,2003-11-17
48-691563,48,On-Sale General - Bar/Tavern,ACTIVE,Bar Delano 68,Maria Rodriguez,7653 6th Rd #456,Delano,CA,94478,Kern,(661) 459-7248,2002-07-09,2003-07-09
48-866347,48,On-Sale General - Bar/Tavern,ACTIVE,OldLounge Delano Corp 98,William Taylor,2715 Franklin St #302,Delano,CA,95731,Kern,(661) 264-4512,2023-02-14,2024-02-14
48-382352,48,On-Sale General - Bar/Tavern,ACTIVE,Saloon Co,Michael Wilson,6269 Market Dr,Delano,CA,94316,Kern,(661) 295-5501,2016-01-07,2017-01-07
48-691127,48,On-Sale General - Bar/Tavern,ACTIVE,Brewery Delano Valley Company,Christopher Miller,7240 6th Ln,Delano,CA,92782,Kern,(661) 751-5434,2019-01-19,2020-01-19
48-832148,48,On-Sale General - Bar/Tavern,ACTIVE,Lounge Bakersfield Co,Maria Jackson,7283 Jefferson Ln,Bakersfield,CA,91642,Kern,(661) 533-4793,2007-09-19,2008-09-19
48-619744,48,On-Sale General - Bar/Tavern,ACTIVE,Pub Delano Group 62,Andrew Martinez,2207 Pico Dr,Delano,CA,90081,Kern,(805) 233-6148,2006-04-28,2007-04-28
48-675261,48,On-Sale General - Bar/Tavern,ACTIVE,Tavern,Paul Lopez,5710 Maple Dr #450,Bakersfield,CA,96002,Kern,(805) 712-9658,2017-12-12,2018-12-12
48-263610,48,On-Sale General - Bar/Tavern,ACTIVE,Saloon Kern Group 98,Jennifer Martinez,9166 Sunset Ave #302,Bakersfield,CA,95822,Kern,(805) 330-7087,2018-08-10,2019-08-10
48-703716,48,On-Sale General - Bar/Tavern,ACTIVE,Pub Delano Inc,Daniel Rodriguez,8063 Mission St #796,Delano,CA,93068,Kern,(661) 581-9537,2013-12-08,2014-12-08
48-850069,48,On-Sale General - Bar/Tavern,ACTIVE,Pub Bakersfield Valley Corp 7,Mark Johnson Martinez,9992 7th St,Bakersfield,CA,92203,Kern,(661) 438-3571,2011-01-20,2012-01-20
48-951447,48,On-Sale General - Bar/Tavern,ACTIVE,Nightclub Delano Company 28,Paul Williams,883 Franklin Way,Delano,CA,91332,Kern,(805) 429-2890,2016-08-19,2017-08-19
48-724923,48,On-Sale General - Bar/Tavern,ACTIVE,OldBrewery Delano 73,Jennifer Smith,4569 Jefferson Ln #318,Delano,CA,90403,Kern,(805) 317-5065,2017-10-27,2018-10-27
48-813641,48,On-Sale General - Bar/Tavern,ACTIVE,Tap Room,Kenneth Williams,8525 Washington Ln,Bakersfield,CA,93666,Kern,(805) 434-7166,2002-06-05,2003-06-05
48-645071,48,On-Sale General - Bar/Tavern,ACTIVE,Brewery Corp,Mark Rodriguez,6922 Maple Ct,Delano,CA,94152,Kern,(805) 701-2446,2016-04-26,2017-04-26
48-154116,48,On-Sale General - Bar/Tavern,ACTIVE,NewPub Bakersfield Hills 94,Mark Hernandez,653 Sunset Dr,Bakersfield,CA,92982,Kern,(661) 501-9583,2007-05-06,2008-05-06
48-358015,48,On-Sale General - Bar/Tavern,ACTIVE,Pub Kern Group,Matthew Thomas,2950 Madison Ln,Delano,CA,93037,Kern,(661) 742-5358,2002-02-09,2003-02-09
48-650475,48,On-Sale General - Bar/Tavern,ACTIVE,Dive Bar Kern,Maria Jackson,7265 Broadway Ln,Delano,CA,94251,Kern,(805) 963-1402,2014-11-04,2015-11-04
48-960016,48,On-Sale General - Bar/Tavern,ACTIVE,Tap Room Kern Company,William Johnson,7790 7th St,Delano,CA,91006,Kern,(805) 367-5723,2011-06-18,2012-06-18
48-713299,48,On-Sale General - Bar/Tavern,ACTIVE,Pub Bakersfield Hills,Michelle Moore,5343 Pico Ct,Bakersfield,CA,94103,Kern,(805) 611-3241,2007-04-17,2008-04-17
48-934374,48,On-Sale General - Bar/Tavern,ACTIVE,Club Bakersfield,Steven Johnson,5954 Maple Ln #360,Bakersfield,CA,93979,Kern,(661) 804-3867,2002-05-09,2003-05-09
48-559924,48,On-Sale General - Bar/Tavern,ACTIVE,Pub,Michelle Anderson,8950 Main Blvd,Bakersfield,CA,94295,Kern,(661) 693-4862,2014-05-06,2015-05-06
48-997585,48,On-Sale General - Bar/Tavern,ACTIVE,Tap Room Kern,Jennifer Wilson,7669 Pico Ave,Bakersfield,CA,93100,Kern,(661) 797-8159,2005-03-15,2006-03-15
48-763299,48,On-Sale General - Bar/Tavern,ACTIVE,Nightclub Kern LLC,Maria Smith Brown,3065 3rd Ln #705,Bakersfield,CA,92853,Kern,(805) 511-3372,2016-02-23,2017-02-23
48-841501,48,On-Sale General - Bar/Tavern,ACTIVE,Saloon Co,Daniel Thomas,7618 Mission St,Delano,CA,94497,Kern,(661) 399-9753,2003-08-27,2004-08-27
48-111224,48,On-Sale General - Bar/Tavern,ACTIVE,Tap Room Group,William Williams Wilson,2202 6th Ave,Bakersfield,CA,91511,Kern,(661) 774-2162,2015-10-09,2016-10-09
48-829336,48,On-Sale General - Bar/Tavern,ACTIVE,NewBrewery Bakersfield Heights 59,Anthony Anderson,3232 Washington Rd #462,Bakersfield,CA,93968,Kern,(805) 862-1785,2005-09-22,2006-09-22
48-991019,48,On-Sale General - Bar/Tavern,ACTIVE,TheSaloon 83,Christopher Jones,3204 Sunset St,Bakersfield,CA,92361,Kern,(661) 512-4462,2014-11-26,2015-11-26
48-610152,48,On-Sale General - Bar/Tavern,ACTIVE,Tavern Company,Kenneth Davis Johnson,3308 Lincoln Ln,Bakersfield,CA,94250,Kern,(661) 696-4393,2022-06-17,2023-06-17
48-317872,48,On-Sale General - Bar/Tavern,ACTIVE,Nightclub Bakersfield,William Lopez Williams,8122 Madison Rd,Bakersfield,CA,95453,Kern,(805) 837-6879,2017-06-09,2018-06-09
48-687863,48,On-Sale General - Bar/Tavern,ACTIVE,Brewery LLC,Maria Martin,7286 Sunset Ct,Delano,CA,95519,Kern,(805) 370-9797,2001-05-11,2002-05-11
48-147275,48,On-Sale General - Bar/Tavern,ACTIVE,NewPub Kern Co 41,Kenneth Johnson,7544 4th Ln #687,Delano,CA,90459,Kern,(805) 470-1735,2014-01-25,2015-01-25
48-988830,48,On-Sale General - Bar/Tavern,ACTIVE,Club Bakersfield,Christopher Garcia,6037 2nd St,Bakersfield,CA,91735,Kern,(805) 477-3889,2018-05-15,2019-05-15
48-205495,48,On-Sale General - Bar/Tavern,ACTIVE,Lounge,Maria Thomas,8944 Maple Ln,Bakersfield,CA,92439,Kern,(661) 728-5126,2021-04-04,2022-04-04
48-261049,48,On-Sale General - Bar/Tavern,ACTIVE,Club Kern Inc 86,William Wilson Martin,9372 Wilshire Dr #237,Delano,CA,91790,Kern,(805) 292-2816,2018-06-03,2019-06-03
48-984176,48,On-Sale General - Bar/Tavern,ACTIVE,Club Bakersfield,Maria Martin,1180 Franklin Rd,Bakersfield,CA,90710,Kern,(805) 950-3794,2021-07-25,2022-07-25
48-558517,48,On-Sale General - Bar/Tavern,ACTIVE,Club Kern Corp,Kenneth Thomas,3403 Front Blvd,Delano,CA,90735,Kern,(805) 937-3378,2007-10-10,2008-10-10
48-235372,48,On-Sale General - Bar/Tavern,ACTIVE,Brewery,Kenneth Gonzalez Jackson,277 1st Pl #175,Delano,CA,90419,Kern,(805) 616-4232,2010-04-25,2011-04-25
48-872569,48,On-Sale General - Bar/Tavern,ACTIVE,Tavern,Steven Lopez,9598 Broadway St,Delano,CA,93802,Kern,(805) 303-6418,2005-06-07,2006-06-07
48-256724,48,On-Sale General - Bar/Tavern,ACTIVE,OldClub 6,Lisa Rodriguez,9241 Main Blvd,Delano,CA,93517,Kern,(661) 450-5739,2024-01-20,2025-01-20
48-134523,48,On-Sale General - Bar/Tavern,ACTIVE,NewBrewery Kern Co 94,James Brown,2609 Oak Dr #500,Delano,CA,93674,Kern,(805) 944-5488,2013-08-17,2014-08-17
48-859599,48,On-Sale General - Bar/Tavern,ACTIVE,Club Kern Group,Matthew Brown,386 2nd Pl,Bakersfield,CA,91471,Kern,(805) 400-4699,2013-10-24,2014-10-24
48-650562,48,On-Sale General - Bar/Tavern,ACTIVE,Lounge Delano Inc,Matthew Jones Jackson,1987 Jefferson Ln,Delano,CA,91259,Kern,(805) 453-9408,2001-09-12,2002-09-12
48-993743,48,On-Sale General - Bar/Tavern,ACTIVE,Lounge Bakersfield Heights,Michelle Moore,477 Madison Ave,Bakersfield,CA,91598,Kern,(805) 881-4031,2000-05-26,2001-05-26
48-263844,48,On-Sale General - Bar/Tavern,ACTIVE,Lounge,Matthew Taylor Lopez,3507 Washington Way,Delano,CA,94981,Kern,(661) 998-5461,2002-05-25,2003-05-25
48-952445,48,On-Sale General - Bar/Tavern,ACTIVE,Tap Room Bakersfield Hills,Michelle Thomas,9296 2nd Pl,Bakersfield,CA,91996,Kern,(661) 790-2704,2015-10-15,2016-10-15
48-402080,48,On-Sale General - Bar/Tavern,ACTIVE,ThePub Kern Co 64,Anthony Lopez Rodriguez,4360 4th Ave #949,Delano,CA,93198,Kern,(661) 884-1336,2009-04-14,2010-04-14
48-458099,48,On-Sale General - Bar/Tavern,ACTIVE,Club Group,Christopher Anderson,7034 Franklin Rd #262,Bakersfield,CA,91856,Kern,(805) 202-3360,2007-09-21,2008-09-21
48-480658,48,On-Sale General - Bar/Tavern,ACTIVE,NewBar Delano Hills LLC 96,Paul Jackson,2122 Market St,Delano,CA,96146,Kern,(805) 869-5775,2020-09-21,2021-09-21
48-392323,48,On-Sale General - Bar/Tavern,ACTIVE,TheClub 16,Anthony Miller,5787 6th Ave,Bakersfield,CA,94375,Kern,(661) 839-4580,2015-07-02,2016-07-02
48-719066,48,On-Sale General - Bar/Tavern,ACTIVE,Club LLC,Maria Moore,1874 State Pl,Bakersfield,CA,91614,Kern,(805) 397-5647,2017-12-19,2018-12-19
48-589731,48,On-Sale General - Bar/Tavern,ACTIVE,NewDive Bar Bakersfield Hills 8,Mark Rodriguez,1776 Mission St,Bakersfield,CA,92108,Kern,(661) 644-6752,2002-12-28,2003-12-28
48-337942,48,On-Sale General - Bar/Tavern,ACTIVE,Tap Room Bakersfield,Andrew Lopez Garcia,8169 Oak Dr #844,Bakersfield,CA,94741,Kern,(805) 925-8350,2021-07-02,2022-07-02
48-372204,48,On-Sale General - Bar/Tavern,ACTIVE,Saloon Kern 54,Lisa Smith,6312 Pico Rd,Bakersfield,CA,93282,Kern,(805) 626-1150,2009-11-14,2010-11-14
48-477684,48,On-Sale General - Bar/Tavern,ACTIVE,Bar Bakersfield,Maria Moore,7236 Sunset Blvd,Bakersfield,CA,95077,Kern,(661) 977-6846,2005-01-18,2006-01-18
48-151995,48,On-Sale General - Bar/Tavern,ACTIVE,Dive Bar Delano Valley Co 79,Kenneth Gonzalez,1545 4th Dr,Delano,CA,93458,Kern,(661) 285-8520,2017-01-03,2018-01-03
48-499063,48,On-Sale General - Bar/Tavern,ACTIVE,ThePub Bakersfield Valley LLC 2,Steven Gonzalez,2673 Washington Ct,Bakersfield,CA,96161,Kern,(805) 590-9940,2013-08-23,2014-08-23
48-493206,48,On-Sale General - Bar/Tavern,ACTIVE,Tap Room Delano,William Rodriguez,8666 Mission Ave,Delano,CA,95386,Kern,(805) 835-8833,2005-05-14,2006-05-14
48-603955,48,On-Sale General - Bar/Tavern,ACTIVE,Tavern,Maria Taylor Miller,6226 Maple Ln,Delano,CA,91298,Kern,(661) 637-7882,2008-01-17,2009-01-17
48-883908,48,On-Sale General - Bar/Tavern,ACTIVE,Saloon Kern 99,Christopher Thomas,6183 1st Rd,Delano,CA,94743,Kern,(661) 597-9595,2010-05-12,2011-05-12
48-837791,48,On-Sale General - Bar/Tavern,ACTIVE,Lounge Company,Robert Smith Smith,2536 Jefferson Rd,Delano,CA,93825,Kern,(805) 443-6661,2007-03-05,2008-03-05
48-905117,48,On-Sale General - Bar/Tavern,ACTIVE,Dive Bar Bakersfield,Michelle Gonzalez,5154 2nd Ln,Bakersfield,CA,92926,Kern,(805) 685-4967,2023-06-12,2024-06-12
48-826542,48,On-Sale General - Bar/Tavern,ACTIVE,NewBrewery Bakersfield 81,Michael Taylor Moore,2086 Madison Rd,Bakersfield,CA,92121,Kern,(805) 526-3346,2001-10-27,2002-10-27
48-770051,48,On-Sale General - Bar/Tavern,ACTIVE,Bar,Steven Thomas Moore,5748 Madison Pl,Bakersfield,CA,92805,Kern,(661) 323-5382,2012-09-08,2013-09-08
48-857290,48,On-Sale General - Bar/Tavern,ACTIVE,Lounge,Michelle Thomas Thomas,4127 Sunset Way,Delano,CA,91790,Kern,(661) 838-8133,2019-05-16,2020-05-16
48-599476,48,On-Sale General - Bar/Tavern,ACTIVE,Pub Kern,James Martin Rodriguez,6898 7th Way,Delano,CA,96093,Kern,(661) 522-3284,2019-07-24,2020-07-24
48-680418,48,On-Sale General - Bar/Tavern,ACTIVE,Lounge Bakersfield Heights,Robert Rodriguez,9128 Maple Rd #176,Bakersfield,CA,91993,Kern,(661) 263-1442,2000-11-06,2001-11-06
48-860458,48,On-Sale General - Bar/Tavern,ACTIVE,Bar Kern LLC,Maria Thomas,7041 Franklin St,Bakersfield,CA,94876,Kern,(805) 928-4812,2016-11-07,2017-11-07
48-420020,48,On-Sale General - Bar/Tavern,ACTIVE,Dive Bar 56,Maria Gonzalez,7547 Madison Pl,Delano,CA,94385,Kern,(661) 538-7029,2023-08-04,2024-08-04
48-752769,48,On-Sale General - Bar/Tavern,ACTIVE,Nightclub Bakersfield Valley Corp,David Rodriguez,1812 Front Ct #164,Bakersfield,CA,90389,Kern,(805) 801-2792,2001-01-22,2002-01-22
48-582099,48,On-Sale General - Bar/Tavern,ACTIVE,NewBrewery Bakersfield Company 70,John Anderson,8364 6th St #395,Bakersfield,CA,90539,Kern,(805) 587-7768,2017-03-11,2018-03-11
48-699839,48,On-Sale General - Bar/Tavern,ACTIVE,Club Kern Group,Andrew Moore,5519 1st Ave,Bakersfield,CA,92028,Kern,(661) 217-3113,2017-07-26,2018-07-26
48-373659,48,On-Sale General - Bar/Tavern,ACTIVE,TheSaloon Bakersfield Corp 82,James Wilson,2039 Washington Pl #994,Bakersfield,CA,92993,Kern,(805) 471-1942,2018-10-20,2019-10-20
48-561836,48,On-Sale General - Bar/Tavern,ACTIVE,OldNightclub Kern Company 50,David Taylor,328 6th Way #367,Bakersfield,CA,90175,Kern,(661) 922-8844,2014-07-12,2015-07-12
48-947614,48,On-Sale General - Bar/Tavern,ACTIVE,Lounge Bakersfield Valley,Maria Hernandez,4938 Franklin Dr,Bakersfield,CA,93894,Kern,(661) 576-3426,2004-08-18,2005-08-18
48-552088,48,On-Sale General - Bar/Tavern,ACTIVE,Bar Bakersfield Valley Company,Christopher Wilson,8468 Maple Ct,Bakersfield,CA,91163,Kern,(661) 331-1691,2005-01-18,2006-01-18
48-206283,48,On-Sale General - Bar/Tavern,ACTIVE,Tavern Delano,Michelle Rodriguez,6336 Sunset St #189,Delano,CA,95117,Kern,(805) 819-5309,2000-10-02,2001-10-02
48-467204,48,On-Sale General - Bar/Tavern,ACTIVE,Saloon,Matthew Smith,4167 Maple Ave,Delano,CA,95566,Kern,(805) 542-2827,2000-07-01,2001-07-01
48-175196,48,On-Sale General - Bar/Tavern,ACTIVE,Lounge Kern 51,Robert Johnson,7560 State Rd #113,Delano,CA,92523,Kern,(661) 418-7604,2018-09-15,2019-09-15
48-167441,48,On-Sale General - Bar/Tavern,ACTIVE,OldClub Bakersfield Inc 26,Maria Anderson,3263 7th Ct #491,Bakersfield,CA,92508,Kern,(661) 431-4677,2017-07-26,2018-07-26
48-522674,48,On-Sale General - Bar/Tavern,ACTIVE,Nightclub Corp,Mark Wilson,1652 4th Ln #429,Bakersfield,CA,92362,Kern,(661) 860-3951,2011-06-24,2012-06-24
48-741775,48,On-Sale General - Bar/Tavern,ACTIVE,Nightclub LLC,Matthew Moore,1216 Oak Pl,Delano,CA,95939,Kern,(661) 512-9704,2010-03-25,2011-03-25
48-481692,48,On-Sale General - Bar/Tavern,ACTIVE,Lounge LLC,Paul Garcia Jones,4939 1st Rd,Bakersfield,CA,92891,Kern,(661) 328-5601,2011-04-05,2012-04-05
48-662503,48,On-Sale General - Bar/Tavern,ACTIVE,NewTavern Delano Valley LLC 28,John Miller,1385 5th Ave #974,Delano,CA,94265,Kern,(805) 529-6517,2007-02-02,2008-02-02
48-516545,48,On-Sale General - Bar/Tavern,ACTIVE,OldSaloon Delano Hills Company 87,Anthony Gonzalez,5907 Broadway Ln,Delano,CA,93850,Kern,(805) 923-5754,2015-02-05,2016-02-05
48-751904,48,On-Sale General - Bar/Tavern,ACTIVE,Lounge LLC,Christopher Martin,8647 Sunset Ave,Delano,CA,91681,Kern,(661) 926-5959,2018-08-21,2019-08-21
48-592056,48,On-Sale General - Bar/Tavern,ACTIVE,Club Delano Valley Group,Andrew Taylor Jackson,3248 Madison Rd #207,Delano,CA,94725,Kern,(805) 951-9026,2023-03-20,2024-03-20
48-982738,48,On-Sale General - Bar/Tavern,ACTIVE,NewPub Co 16,Anthony Hernandez,5657 Ocean Rd,Delano,CA,90473,Kern,(805) 698-1005,2004-02-11,2005-02-11
48-829525,48,On-Sale General - Bar/Tavern,ACTIVE,Lounge Delano Valley,Michael Gonzalez,8752 Ocean Ct,Delano,CA,91312,Kern,(661) 961-5279,2004-02-08,2005-02-08
48-993109,48,On-Sale General - Bar/Tavern,ACTIVE,Lounge Delano,Paul Martin,5289 Madison Way #321,Delano,CA,91036,Kern,(805) 358-4657,2024-10-04,2025-10-04
48-693006,48,On-Sale General - Bar/Tavern,ACTIVE,Saloon,William Jones Jones,8983 4th Pl,Delano,CA,91965,Kern,(805) 899-2506,2016-05-13,2017-05-13
48-784085,48,On-Sale General - Bar/Tavern,ACTIVE,NewBar 75,Michael Hernandez,7556 6th Blvd,Bakersfield,CA,90256,Kern,(661) 352-2501,2019-12-26,2020-12-26
48-829140,48,On-Sale General - Bar/Tavern,ACTIVE,NewTavern Delano 16,Jennifer Smith,9605 Pico St,Delano,CA,96064,Kern,(805) 421-9066,2014-11-13,2015-11-13
48-554598,48,On-Sale General - Bar/Tavern,ACTIVE,Nightclub Inc,Lisa Gonzalez Lopez,6709 State Ave,Bakersfield,CA,90143,Kern,(805) 465-8151,2010-08-04,2011-08-04
48-787180,48,On-Sale General - Bar/Tavern,ACTIVE,Pub Bakersfield Hills Corp,John Martinez,6311 Sunset Pl,Bakersfield,CA,95605,Kern,(805) 308-9441,2015-09-28,2016-09-28
48-226171,48,On-Sale General - Bar/Tavern,ACTIVE,Tap Room,Daniel Rodriguez,9602 Main Ln,Delano,CA,90408,Kern,(805) 619-5398,2010-07-14,2011-07-14
48-916778,48,On-Sale General - Bar/Tavern,ACTIVE,Tap Room,Andrew Wilson,9297 Oak Pl,Delano,CA,96190,Kern,(661) 378-4535,2018-08-12,2019-08-12
48-868160,48,On-Sale General - Bar/Tavern,ACTIVE,Brewery Corp,Jennifer Lopez,3410 Franklin Blvd #695,Bakersfield,CA,94529,Kern,(661) 972-4604,2003-03-08,2004-03-08
48-680972,48,On-Sale General - Bar/Tavern,ACTIVE,OldBrewery Bakersfield Co 33,Steven Gonzalez,6910 Wilshire Pl,Bakersfield,CA,95360,Kern,(805) 617-5199,2019-09-13,2020-09-13
48-789999,48,On-Sale General - Bar/Tavern,ACTIVE,Tap Room Inc 36,Michael Jones Jones,7429 Ocean Pl #949,Bakersfield,CA,95081,Kern,(805) 248-2855,2012-11-18,2013-11-18
48-595826,48,On-Sale General - Bar/Tavern,ACTIVE,TheTavern 71,William Thomas,632 Washington Ln,Delano,CA,91026,Kern,(661) 202-3844,2001-08-28,2002-08-28
48-583178,48,On-Sale General - Bar/Tavern,ACTIVE,Dive Bar Kern,Michael Rodriguez,8680 Sunset Ct #767,Delano,CA,93042,Kern,(661) 448-1457,2024-07-12,2025-07-12
48-848987,48,On-Sale General - Bar/Tavern,ACTIVE,Nightclub Inc,James Taylor Anderson,462 Jefferson Rd,Delano,CA,93842,Kern,(661) 823-7668,2018-10-05,2019-10-05
48-765596,48,On-Sale General - Bar/Tavern,ACTIVE,Saloon Bakersfield Heights,Matthew Jackson Smith,1359 Washington Ct,Bakersfield,CA,90118,Kern,(661) 565-5978,2007-06-02,2008-06-02
48-439749,48,On-Sale General - Bar/Tavern,ACTIVE,TheClub Bakersfield Hills Group 93,Michelle Martinez,7671 Mission Blvd,Bakersfield,CA,93622,Kern,(805) 235-6487,2007-02-12,2008-02-12
48-403194,48,On-Sale General - Bar/Tavern,ACTIVE,Saloon 80,Christopher Brown,1798 Lincoln Ct,Bakersfield,CA,90741,Kern,(661) 466-3856,2004-03-06,2005-03-06
48-818569,48,On-Sale General - Bar/Tavern,ACTIVE,Pub LLC,David Jones Martin,6627 State St #607,Bakersfield,CA,93795,Kern,(661) 862-1234,2021-11-20,2022-11-20
48-209452,48,On-Sale General - Bar/Tavern,ACTIVE,Tavern,Robert Miller,5838 Lincoln Way #575,Delano,CA,95263,Kern,(661) 532-8333,2018-11-26,2019-11-26
48-194350,48,On-Sale General - Bar/Tavern,ACTIVE,Tavern Company,Anthony Davis,1489 Oak Ct,Bakersfield,CA,92970,Kern,(805) 459-6027,2017-08-23,2018-08-23
48-886270,48,On-Sale General - Bar/Tavern,ACTIVE,Dive Bar Bakersfield Valley,Daniel Davis,5050 Maple Ave #287,Bakersfield,CA,92021,Kern,(805) 439-3764,2009-06-13,2010-06-13
48-105464,48,On-Sale General - Bar/Tavern,ACTIVE,OldSaloon Bakersfield Valley 14,Jennifer Thomas,3007 4th St,Bakersfield,CA,90372,Kern,(661) 556-6861,2004-01-17,2005-01-17
48-691574,48,On-Sale General - Bar/Tavern,ACTIVE,Brewery Bakersfield,Kenneth Brown,5574 Mission St #705,Bakersfield,CA,90497,Kern,(805) 723-7404,2017-09-20,2018-09-20
48-769649,48,On-Sale General - Bar/Tavern,ACTIVE,OldDive Bar Delano Valley 60,Christopher Gonzalez,2656 Wilshire Ln #650,Delano,CA,92473,Kern,(805) 479-5697,2019-02-07,2020-02-07
48-779272,48,On-Sale General - Bar/Tavern,ACTIVE,TheClub 72,John Garcia,398 State Ct,Delano,CA,94614,Kern,(661) 485-3268,2005-08-11,2006-08-11
48-560194,48,On-Sale General - Bar/Tavern,ACTIVE,Club Inc,Lisa Anderson,9380 6th Ave #215,Bakersfield,CA,92094,Kern,(805) 602-2972,2021-10-03,2022-10-03
48-732352,48,On-Sale General - Bar/Tavern,ACTIVE,Club Delano,John Gonzalez,3177 Oak Blvd #138,Delano,CA,94305,Kern,(805) 501-5789,2014-08-16,2015-08-16
48-747308,48,On-Sale General - Bar/Tavern,ACTIVE,NewNightclub Delano Company 3,David Hernandez,5449 Wilshire Dr,Delano,CA,92799,Kern,(661) 452-9786,2008-05-04,2009-05-04
48-183646,48,On-Sale General - Bar/Tavern,ACTIVE,Saloon Group,David Wilson,9015 Lincoln Dr,Bakersfield,CA,92032,Kern,(805) 642-5556,2009-08-28,2010-08-28
48-703816,48,On-Sale General - Bar/Tavern,ACTIVE,Lounge,Matthew Smith,1655 Broadway Blvd #433,Bakersfield,CA,95456,Kern,(661) 676-7415,2023-04-17,2024-04-17
48-463381,48,On-Sale General - Bar/Tavern,ACTIVE,Tap Room Delano Valley Corp,David Garcia,119 7th St #763,Delano,CA,90067,Kern,(661) 493-8726,2002-09-06,2003-09-06
48-102917,48,On-Sale General - Bar/Tavern,ACTIVE,Nightclub Delano,Matthew Smith Johnson,2230 Sunset St,Delano,CA,95030,Kern,(661) 301-3334,2006-07-14,2007-07-14
48-798390,48,On-Sale General - Bar/Tavern,ACTIVE,Saloon,Michael Thomas Garcia,7335 Front Ct #981,Bakersfield,CA,94758,Kern,(805) 391-1541,2009-12-09,2010-12-09
48-536046,48,On-Sale General - Bar/Tavern,ACTIVE,Tap Room Delano Hills Co,Maria Miller Martinez,331 Hollywood Pl,Delano,CA,94773,Kern,(661) 911-3072,2013-04-27,2014-04-27
48-472746,48,On-Sale General - Bar/Tavern,ACTIVE,Dive Bar,Michael Wilson,8947 1st St,Bakersfield,CA,90381,Kern,(805) 808-9527,2023-02-08,2024-02-08
48-860352,48,On-Sale General - Bar/Tavern,ACTIVE,Saloon,Andrew Brown,5539 Pico Blvd,Delano,CA,92005,Kern,(805) 614-7529,2000-12-06,2001-12-06
48-705079,48,On-Sale General - Bar/Tavern,ACTIVE,Saloon Co,Steven Anderson,4855 Ocean Blvd,Delano,CA,90979,Kern,(805) 383-4547,2024-04-05,2025-04-05
48-905315,48,On-Sale General - Bar/Tavern,ACTIVE,NewDive Bar Bakersfield Co 60,John Jackson,8405 1st Ct #671,Bakersfield,CA,94686,Kern,(661) 574-9783,2024-05-27,2025-05-27
48-245884,48,On-Sale General - Bar/Tavern,ACTIVE,Saloon,Michelle Moore,8243 Hollywood Ave,Delano,CA,90589,Kern,(805) 532-7536,2003-07-27,2004-07-27
48-574044,48,On-Sale General - Bar/Tavern,ACTIVE,Brewery Inc 27,Lisa Williams Martin,3224 Madison St #876,Delano,CA,92607,Kern,(805) 336-5786,2003-06-22,2004-06-22
48-789729,48,On-Sale General - Bar/Tavern,ACTIVE,Saloon Delano Company,Lisa Taylor,1858 Lincoln St,Delano,CA,96088,Kern,(661) 648-1415,2020-08-09,2021-08-09
48-886595,48,On-Sale General - Bar/Tavern,ACTIVE,Club Bakersfield LLC,Michelle Hernandez Davis,3389 Oak Ct,Bakersfield,CA,96024,Kern,(661) 796-8421,2010-01-08,2011-01-08
48-635737,48,On-Sale General - Bar/Tavern,ACTIVE,OldBrewery Bakersfield Corp 70,Steven Hernandez,8741 1st Ave #494,Bakersfield,CA,93513,Kern,(805) 495-5390,2013-09-05,2014-09-05
48-931312,48,On-Sale General - Bar/Tavern,ACTIVE,Lounge Delano Group,David Miller,5735 Washington Ln,Delano,CA,91276,Kern,(805) 962-2037,2002-04-18,2003-04-18
48-920727,48,On-Sale General - Bar/Tavern,ACTIVE,Pub Bakersfield Company,James Lopez Davis,4761 5th Ln,Bakersfield,CA,92829,Kern,(661) 500-1701,2023-03-13,2024-03-13
48-567913,48,On-Sale General - Bar/Tavern,ACTIVE,Saloon Inc,Mark Johnson,8987 Jefferson Way,Bakersfield,CA,96142,Kern,(661) 614-4082,2024-01-01,2025-01-01
48-514220,48,On-Sale General - Bar/Tavern,ACTIVE,Club,David Smith,8157 Madison St,Delano,CA,94869,Kern,(661) 308-7666,2020-09-15,2021-09-15
48-587262,48,On-Sale General - Bar/Tavern,ACTIVE,Club Kern,Lisa Moore,6999 3rd Pl,Delano,CA,93167,Kern,(805) 639-2215,2001-03-02,2002-03-02
48-316057,48,On-Sale General - Bar/Tavern,ACTIVE,Club Kern Co,James Davis Taylor,469 Ocean St,Bakersfield,CA,95041,Kern,(661) 641-1069,2023-11-19,2024-11-19
48-102502,48,On-Sale General - Bar/Tavern,ACTIVE,NewClub Bakersfield 7,Maria Jones,812 Franklin St,Bakersfield,CA,93828,Kern,(805) 670-6504,2013-08-21,2014-08-21
48-343232,48,On-Sale General - Bar/Tavern,ACTIVE,Saloon,Lisa Brown Taylor,4193 Maple Way,Delano,CA,94384,Kern,(661) 312-8084,2005-08-27,2006-08-27
48-744431,48,On-Sale General - Bar/Tavern,ACTIVE,Lounge Bakersfield LLC 17,Kenneth Moore,2029 5th Ct #362,Bakersfield,CA,90173,Kern,(805) 994-1432,2008-02-07,2009-02-07
48-524518,48,On-Sale General - Bar/Tavern,ACTIVE,Brewery Delano,Anthony Rodriguez,5030 3rd St,Delano,CA,91138,Kern,(661) 403-4742,2006-09-05,2007-09-05
48-152107,48,On-Sale General - Bar/Tavern,ACTIVE,ThePub Delano Group 28,David Johnson,6966 Jefferson Ave,Delano,CA,91030,Kern,(661) 269-7716,2003-07-20,2004-07-20
48-464990,48,On-Sale General - Bar/Tavern,ACTIVE,Saloon Inc,Mark Moore,3171 Front Pl,Bakersfield,CA,95946,Kern,(805) 970-7903,2015-01-25,2016-01-25
48-860321,48,On-Sale General - Bar/Tavern,ACTIVE,Club Delano LLC,Steven Anderson,958 4th Rd,Delano,CA,93247,Kern,(805) 867-6845,2014-11-24,2015-11-24
48-185959,48,On-Sale General - Bar/Tavern,ACTIVE,Tap Room,Jennifer Miller,1312 Mission Ln,Bakersfield,CA,95422,Kern,(805) 398-9254,2021-03-07,2022-03-07
48-874330,48,On-Sale General - Bar/Tavern,ACTIVE,NewLounge Kern Group 56,Steven Williams,2613 Washington Ct,Bakersfield,CA,91874,Kern,(661) 350-7862,2022-02-26,2023-02-26
48-488199,48,On-Sale General - Bar/Tavern,ACTIVE,OldNightclub 60,Anthony Johnson,3994 Broadway Rd #837,Bakersfield,CA,94602,Kern,(805) 241-8627,2022-01-24,2023-01-24
48-886181,48,On-Sale General - Bar/Tavern,ACTIVE,Dive Bar,Kenneth Jackson,4744 Main Ave,Bakersfield,CA,90276,Kern,(805) 458-1349,2011-05-14,2012-05-14
48-880296,48,On-Sale General - Bar/Tavern,ACTIVE,Lounge,Maria Jackson,5744 2nd Ln #634,Bakersfield,CA,92457,Kern,(661) 593-9503,2014-02-28,2015-02-28
48-296073,48,On-Sale General - Bar/Tavern,ACTIVE,Nightclub Company,Mark Anderson Williams,8437 Broadway Dr,Delano,CA,91473,Kern,(805) 313-1402,2003-05-17,2004-05-17
48-845619,48,On-Sale General - Bar/Tavern,ACTIVE,OldLounge Delano Group 13,Paul Hernandez,1521 1st Ave #121,Delano,CA,92964,Kern,(661) 944-9544,2005-11-09,2006-11-09
48-596949,48,On-Sale General - Bar/Tavern,ACTIVE,OldBrewery Kern Group 14,Andrew Lopez,5234 Ocean Pl,Bakersfield,CA,92377,Kern,(805) 827-8618,2017-04-23,2018-04-23
48-964752,48,On-Sale General - Bar/Tavern,ACTIVE,Club Bakersfield,William Davis,587 Mission Dr #481,Bakersfield,CA,94549,Kern,(805) 324-7767,2020-10-28,2021-10-28
48-976116,48,On-Sale General - Bar/Tavern,ACTIVE,Tap Room Delano Company,Michael Lopez,1135 Lincoln Ave #617,Delano,CA,94034,Kern,(805) 440-6044,2020-08-13,2021-08-13
48-293919,48,On-Sale General - Bar/Tavern,ACTIVE,NewLounge LLC 86,Lisa Garcia,1978 Pico Rd,Bakersfield,CA,93672,Kern,(661) 974-6078,2007-08-10,2008-08-10
48-187618,48,On-Sale General - Bar/Tavern,ACTIVE,TheBrewery Kern Inc 50,Maria Davis,6913 5th Ct #543,Delano,CA,92705,Kern,(661) 464-7349,2007-05-21,2008-05-21
48-982518,48,On-Sale General - Bar/Tavern,ACTIVE,TheNightclub Delano Corp 56,Maria Miller Lopez,2045 Front Dr,Delano,CA,96168,Kern,(661) 824-8586,2011-03-03,2012-03-03
48-480016,48,On-Sale General - Bar/Tavern,ACTIVE,NewNightclub Company 73,Mark Jones,592 5th Ln #230,Delano,CA,93279,Kern,(661) 236-8345,2022-12-14,2023-12-14
48-646116,48,On-Sale General - Bar/Tavern,ACTIVE,Bar Bakersfield,Jennifer Williams Smith,6480 Main Ct #407,Bakersfield,CA,96120,Kern,(805) 426-5990,2010-01-14,2011-01-14
48-641573,48,On-Sale General - Bar/Tavern,ACTIVE,Tap Room,Kenneth Gonzalez,146 6th St,Delano,CA,92216,Kern,(805) 974-2402,2013-04-12,2014-04-12
48-819804,48,On-Sale General - Bar/Tavern,ACTIVE,Pub,Steven Hernandez,8338 1st Ave #878,Delano,CA,93959,Kern,(805) 219-6372,2024-02-09,2025-02-09
48-309661,48,On-Sale General - Bar/Tavern,ACTIVE,NewTap Room 44,Paul Johnson Johnson,7778 Broadway St,Delano,CA,94531,Kern,(805) 729-1458,2017-02-21,2018-02-21
48-222142,48,On-Sale General - Bar/Tavern,ACTIVE,Brewery,Michael Gonzalez,6322 Lincoln Ave,Bakersfield,CA,90313,Kern,(805) 388-8127,2009-04-23,2010-04-23
48-152665,48,On-Sale General - Bar/Tavern,ACTIVE,Nightclub Kern,Paul Williams,4233 Hollywood Pl #453,Bakersfield,CA,94053,Kern,(661) 890-9523,2010-04-02,2011-04-02
48-901006,48,On-Sale General - Bar/Tavern,ACTIVE,Brewery,Steven Anderson Johnson,4642 Wilshire Dr,Bakersfield,CA,91763,Kern,(805) 869-3107,2021-05-09,2022-05-09
48-903573,48,On-Sale General - Bar/Tavern,ACTIVE,Pub Bakersfield Valley Co,Michelle Moore,3482 6th Pl,Bakersfield,CA,93617,Kern,(805) 871-4792,2005-06-24,2006-06-24
48-539128,48,On-Sale General - Bar/Tavern,ACTIVE,Saloon Kern Corp,Maria Johnson,2789 Mission Way #973,Delano,CA,91646,Kern,(661) 527-6978,2024-12-13,2025-12-13
48-158265,48,On-Sale General - Bar/Tavern,ACTIVE,TheTap Room 23,Anthony Jackson Martin,8630 Madison Ln,Bakersfield,CA,93450,Kern,(661) 464-6632,2003-05-27,2004-05-27
48-325022,48,On-Sale General - Bar/Tavern,ACTIVE,Dive Bar LLC,Daniel Wilson,733 1st Pl,Delano,CA,91291,Kern,(661) 559-5364,2009-05-10,2010-05-10
48-436393,48,On-Sale General - Bar/Tavern,ACTIVE,TheDive Bar Bakersfield Valley 100,James Lopez,6435 Broadway Way,Bakersfield,CA,92284,Kern,(661) 485-6538,2024-09-10,2025-09-10
48-619734,48,On-Sale General - Bar/Tavern,ACTIVE,Lounge Co,Daniel Rodriguez,2297 Main Ave,Bakersfield,CA,91336,Kern,(805) 577-9682,2006-05-02,2007-05-02
48-651588,48,On-Sale General - Bar/Tavern,ACTIVE,Dive Bar Kern 95,Robert Taylor,6195 1st Dr #896,Bakersfield,CA,90620,Kern,(661) 908-6664,2001-04-24,2002-04-24
48-157272,48,On-Sale General - Bar/Tavern,ACTIVE,Tavern Delano Corp,Maria Taylor,6504 Mission Ln,Delano,CA,92779,Kern,(805) 390-4212,2019-02-17,2020-02-17
48-130415,48,On-Sale General - Bar/Tavern,ACTIVE,OldBrewery 59,Matthew Garcia,6454 Main Dr,Delano,CA,90003,Kern,(661) 348-3737,2007-11-19,2008-11-19
48-638554,48,On-Sale General - Bar/Tavern,ACTIVE,Pub Kern,Andrew Lopez,8837 3rd Blvd #143,Bakersfield,CA,94405,Kern,(805) 272-5707,2004-10-24,2005-10-24
48-301663,48,On-Sale General - Bar/Tavern,ACTIVE,Bar Kern Co 59,Maria Williams,1543 Main Ln,Bakersfield,CA,91701,Kern,(661) 968-5017,2006-12-20,2007-12-20
48-894717,48,On-Sale General - Bar/Tavern,ACTIVE,Club Kern Inc,Daniel Thomas,6922 Wilshire Ln,Delano,CA,93018,Kern,(661) 957-7219,2011-01-01,2012-01-01
48-327537,48,On-Sale General - Bar/Tavern,ACTIVE,Nightclub Corp,Paul Lopez,2458 7th Blvd,Delano,CA,93495,Kern,(661) 415-6221,2016-05-06,2017-05-06
48-560186,48,On-Sale General - Bar/Tavern,ACTIVE,NewBrewery Bakersfield Group 84,Steven Martinez Miller,7908 Front Ave,Bakersfield,CA,90529,Kern,(805) 314-8212,2000-11-21,2001-11-21
48-751631,48,On-Sale General - Bar/Tavern,ACTIVE,Tavern,David Miller,5687 6th Ct #839,Bakersfield,CA,90804,Kern,(805) 989-1166,2007-07-11,2008-07-11
48-901884,48,On-Sale General - Bar/Tavern,ACTIVE,ThePub Delano 98,William Thomas,3232 Wilshire Rd,Delano,CA,93079,Kern,(661) 676-9250,2002-02-04,2003-02-04
48-946018,48,On-Sale General - Bar/Tavern,ACTIVE,Lounge Bakersfield LLC,Mark Martin,6011 Broadway Ct #297,Bakersfield,CA,92960,Kern,(661) 554-4713,2002-07-19,2003-07-19
48-355883,48,On-Sale General - Bar/Tavern,ACTIVE,Dive Bar Kern,Robert Moore,5907 Jefferson Ave,Delano,CA,91024,Kern,(805) 497-7124,2011-05-07,2012-05-07
48-855433,48,On-Sale General - Bar/Tavern,ACTIVE,Nightclub Bakersfield Co,Maria Jackson,8863 Maple Ave,Bakersfield,CA,95936,Kern,(805) 783-7812,2000-09-08,2001-09-08
48-668210,48,On-Sale General - Bar/Tavern,ACTIVE,TheDive Bar Inc 65,Michelle Brown,3268 Market Pl #726,Bakersfield,CA,90208,Kern,(805) 340-3119,2023-06-21,2024-06-21
48-976856,48,On-Sale General - Bar/Tavern,ACTIVE,Brewery 87,Maria Brown,1605 Franklin Rd,Delano,CA,93044,Kern,(805) 245-8950,2019-07-07,2020-07-07
48-904634,48,On-Sale General - Bar/Tavern,ACTIVE,Lounge Delano Hills LLC,Maria Martin,8211 Front Dr,Delano,CA,91572,Kern,(805) 325-5032,2022-05-21,2023-05-21
48-415571,48,On-Sale General - Bar/Tavern,ACTIVE,Lounge Bakersfield Group,Robert Martinez Hernandez,429 1st Blvd,Bakersfield,CA,90339,Kern,(805) 564-8976,2013-09-01,2014-09-01
48-919834,48,On-Sale General - Bar/Tavern,ACTIVE,TheLounge 78,Jennifer Miller,5536 Franklin Ct,Delano,CA,91007,Kern,(805) 969-7176,2000-02-13,2001-02-13
48-309243,48,On-Sale General - Bar/Tavern,ACTIVE,Saloon Delano Heights Company,Daniel Jones,2671 4th Ct,Delano,CA,95451,Kern,(805) 320-9051,2019-11-22,2020-11-22
48-562592,48,On-Sale General - Bar/Tavern,ACTIVE,Club Delano Company,Anthony Lopez,3167 Market Blvd #410,Delano,CA,94148,Kern,(661) 604-1411,2020-05-13,2021-05-13
48-562387,48,On-Sale General - Bar/Tavern,ACTIVE,Nightclub Delano Hills Group 64,Robert Martinez,5026 Maple Dr,Delano,CA,94830,Kern,(661) 849-1332,2010-02-16,2011-02-16
20-200741,20,Off-Sale Beer & Wine,ACTIVE,Liquor Store Corp,Michelle Jones,9085 Sunset Way,Bakersfield,CA,91807,Kern,(805) 450-2535,2007-11-26,2008-11-26
20-537117,20,Off-Sale Beer & Wine,ACTIVE,Bottle Shop Delano Inc,Kenneth Wilson Thomas,4386 Wilshire Ln,Delano,CA,90092,Kern,(805) 929-9175,2002-05-06,2003-05-06
20-821532,20,Off-Sale Beer & Wine,ACTIVE,Liquor Store,Matthew Miller,5744 Front Way,Bakersfield,CA,93014,Kern,(805) 472-9805,2000-07-13,2001-07-13
20-499484,20,Off-Sale Beer & Wine,ACTIVE,OldMarket Kern 56,Jennifer Taylor,1777 Front Blvd #293,Bakersfield,CA,94849,Kern,(661) 423-7252,2012-02-04,2013-02-04
20-160665,20,Off-Sale Beer & Wine,ACTIVE,NewLiquor Store Bakersfield 93,James Jones,4651 1st Pl,Bakersfield,CA,92481,Kern,(661) 708-3518,2011-07-07,2012-07-07
20-162723,20,Off-Sale Beer & Wine,ACTIVE,Mini Mart Delano,William Thomas Martin,4472 6th Dr #392,Delano,CA,92839,Kern,(661) 215-6792,2000-05-04,2001-05-04
20-723093,20,Off-Sale Beer & Wine,ACTIVE,Liquor Store LLC,Anthony Williams,610 2nd Blvd,Delano,CA,95947,Kern,(661) 275-7598,2011-10-15,2012-10-15
20-667743,20,Off-Sale Beer & Wine,ACTIVE,Market 92,Mark Smith,3630 Lincoln Ln #200,Delano,CA,91189,Kern,(805) 819-1735,2012-09-11,2013-09-11
20-683036,20,Off-Sale Beer & Wine,ACTIVE,Grocery Company,Andrew Williams,4045 Ocean Ct #999,Delano,CA,91712,Kern,(805) 635-7886,2001-02-15,2002-02-15
20-467108,20,Off-Sale Beer & Wine,ACTIVE,Grocery Bakersfield 67,Robert Williams,6749 Wilshire Ln,Bakersfield,CA,91969,Kern,(661) 233-8983,2024-10-13,2025-10-13
20-334490,20,Off-Sale Beer & Wine,ACTIVE,Grocery LLC,Maria Jones,7745 6th Pl,Delano,CA,95780,Kern,(661) 374-7773,2011-09-09,2012-09-09
20-855390,20,Off-Sale Beer & Wine,ACTIVE,Convenience Store,Maria Thomas,9597 2nd Ave #703,Delano,CA,93541,Kern,(661) 482-3713,2003-06-19,2004-06-19
20-855873,20,Off-Sale Beer & Wine,ACTIVE,Convenience Store Company,Lisa Thomas Gonzalez,6339 6th St #589,Bakersfield,CA,95441,Kern,(661) 750-5795,2016-04-24,2017-04-24
20-285936,20,Off-Sale Beer & Wine,ACTIVE,Bottle Shop,Christopher Taylor,5903 2nd Ave #258,Delano,CA,91593,Kern,(805) 383-4354,2023-11-02,2024-11-02
20-349070,20,Off-Sale Beer & Wine,ACTIVE,Liquor Store Delano,Jennifer Wilson Martin,2842 Wilshire Ct,Delano,CA,95775,Kern,(661) 771-7212,2021-06-09,2022-06-09
20-731870,20,Off-Sale Beer & Wine,ACTIVE,Wine Shop Bakersfield,Robert Rodriguez Moore,4586 Wilshire Dr #776,Bakersfield,CA,96059,Kern,(661) 508-9024,2021-11-05,2022-11-05
20-267969,20,Off-Sale Beer & Wine,ACTIVE,NewCorner Store Bakersfield Valley 36,Kenneth Hernandez Garcia,6662 1st Way,Bakersfield,CA,91783,Kern,(661) 323-7435,2003-02-15,2004-02-15
20-495467,20,Off-Sale Beer & Wine,ACTIVE,Mini Mart Bakersfield,Andrew Martinez,8573 Market St,Bakersfield,CA,94097,Kern,(805) 490-4884,2006-02-11,2007-02-11
20-626945,20,Off-Sale Beer & Wine,ACTIVE,Convenience Store Corp,Steven Taylor Gonzalez,6786 Pico Dr,Bakersfield,CA,93006,Kern,(661) 745-6326,2008-05-10,2009-05-10
20-497387,20,Off-Sale Beer & Wine,ACTIVE,OldConvenience Store Delano Hills Corp 11,James Martin,5909 1st St #899,Delano,CA,92707,Kern,(661) 617-3406,2010-06-10,2011-06-10
20-634415,20,Off-Sale Beer & Wine,ACTIVE,Grocery Co,William Lopez,4362 Ocean St #554,Delano,CA,90682,Kern,(661) 962-9643,2022-09-18,2023-09-18
20-175817,20,Off-Sale Beer & Wine,ACTIVE,OldBottle Shop Bakersfield 35,Mark Smith,3074 5th Dr,Bakersfield,CA,93667,Kern,(805) 694-8238,2019-01-28,2020-01-28
20-155330,20,Off-Sale Beer & Wine,ACTIVE,NewMarket Delano Valley Inc 98,Maria Williams,1294 Front Pl,Delano,CA,93106,Kern,(661) 719-6937,2017-08-12,2018-08-12
20-404624,20,Off-Sale Beer & Wine,ACTIVE,Grocery Kern Group,William Johnson,9860 Franklin Way,Delano,CA,93403,Kern,(661) 795-4943,2000-01-15,2001-01-15
20-504374,20,Off-Sale Beer & Wine,ACTIVE,TheCorner Store Group 100,William Miller,170 1st Rd,Bakersfield,CA,93413,Kern,(805) 804-9339,2008-05-01,2009-05-01
20-557545,20,Off-Sale Beer & Wine,ACTIVE,Wine Shop Kern,Paul Martinez,2133 6th St,Delano,CA,93466,Kern,(805) 439-9510,2013-03-23,2014-03-23
20-971394,20,Off-Sale Beer & Wine,ACTIVE,Market Bakersfield Valley Company,Christopher Martin,5073 3rd Ln,Bakersfield,CA,95333,Kern,(661) 447-9502,2015-05-18,2016-05-18
20-279011,20,Off-Sale Beer & Wine,ACTIVE,Wine Shop Delano,Kenneth Gonzalez,7766 Wilshire Ave #843,Delano,CA,94087,Kern,(661) 903-7957,2000-10-28,2001-10-28
20-581688,20,Off-Sale Beer & Wine,ACTIVE,Market LLC,Maria Williams,4110 1st Rd #151,Bakersfield,CA,95281,Kern,(805) 878-3840,2017-07-13,2018-07-13
20-370018,20,Off-Sale Beer & Wine,ACTIVE,Convenience Store Delano Inc,Lisa Johnson Williams,5005 Main Rd #667,Delano,CA,95256,Kern,(805) 229-2588,2023-03-06,2024-03-06
20-101063,20,Off-Sale Beer & Wine,ACTIVE,NewWine Shop Bakersfield Hills Co 17,Maria Wilson Johnson,1389 Jefferson Dr,Bakersfield,CA,92517,Kern,(805) 306-9379,2019-05-18,2020-05-18
20-933792,20,Off-Sale Beer & Wine,ACTIVE,Corner Store Group,Maria Gonzalez,6070 2nd Ln #387,Delano,CA,93923,Kern,(805) 402-5091,2024-03-18,2025-03-18
20-950161,20,Off-Sale Beer & Wine,ACTIVE,Convenience Store Kern Corp,Andrew Martin,9064 Wilshire Pl,Delano,CA,93893,Kern,(661) 392-7885,2005-02-24,2006-02-24
20-553688,20,Off-Sale Beer & Wine,ACTIVE,Bottle Shop Bakersfield,Michael Jackson,2250 Hollywood Dr,Bakersfield,CA,94638,Kern,(805) 296-1642,2016-02-03,2017-02-03
20-357648,20,Off-Sale Beer & Wine,ACTIVE,Grocery Kern,John Moore,7905 Hollywood Rd,Bakersfield,CA,90171,Kern,(805) 325-3116,2019-11-11,2020-11-11
20-711463,20,Off-Sale Beer & Wine,ACTIVE,Grocery Kern Inc,Christopher Davis Anderson,2702 Franklin Dr,Delano,CA,94711,Kern,(661) 784-2650,2011-04-12,2012-04-12
20-501885,20,Off-Sale Beer & Wine,ACTIVE,OldMarket Kern 62,James Anderson,2360 Market Blvd #332,Delano,CA,93059,Kern,(805) 534-8453,2000-06-28,2001-06-28
20-136487,20,Off-Sale Beer & Wine,ACTIVE,Market Bakersfield Corp,Michelle Jones,303 Lincoln Ct,Bakersfield,CA,91093,Kern,(805) 594-9672,2023-09-15,2024-09-15
20-204831,20,Off-Sale Beer & Wine,ACTIVE,Convenience Store Co,Andrew Jones,4771 Front Blvd,Bakersfield,CA,91165,Kern,(805) 746-9273,2011-09-02,2012-09-02
20-895258,20,Off-Sale Beer & Wine,ACTIVE,TheConvenience Store Kern LLC 76,David Lopez,7817 Wilshire Ave,Delano,CA,91789,Kern,(805) 861-9852,2014-07-26,2015-07-26
20-630163,20,Off-Sale Beer & Wine,ACTIVE,Bottle Shop Delano Inc,Michael Anderson,7290 3rd Ct,Delano,CA,95189,Kern,(661) 449-9887,2005-03-03,2006-03-03
20-323034,20,Off-Sale Beer & Wine,ACTIVE,NewLiquor Store Company 99,Paul Garcia,6063 Washington Dr,Delano,CA,95590,Kern,(805) 426-8430,2003-02-08,2004-02-08
20-233662,20,Off-Sale Beer & Wine,ACTIVE,Grocery Corp,Anthony Moore,9830 Main Ave,Bakersfield,CA,94998,Kern,(805) 617-2162,2012-12-19,2013-12-19
20-696856,20,Off-Sale Beer & Wine,ACTIVE,Grocery Inc,Andrew Garcia,8393 Sunset Ave,Delano,CA,94344,Kern,(661) 508-6316,2008-03-15,2009-03-15
20-166705,20,Off-Sale Beer & Wine,ACTIVE,Grocery,David Johnson,1213 Jefferson Rd,Bakersfield,CA,92078,Kern,(805) 476-1264,2017-06-22,2018-06-22
20-573455,20,Off-Sale Beer & Wine,ACTIVE,TheLiquor Store Bakersfield LLC 35,David Brown,9035 Broadway Blvd,Bakersfield,CA,90619,Kern,(805) 702-9264,2017-01-02,2018-01-02
20-667219,20,Off-Sale Beer & Wine,ACTIVE,Market Inc,John Johnson Williams,1407 Pico Pl,Delano,CA,93327,Kern,(661) 631-4199,2017-05-14,2018-05-14
20-836462,20,Off-Sale Beer & Wine,ACTIVE,NewCorner Store Bakersfield 85,Daniel Gonzalez,5223 3rd Ave,Bakersfield,CA,92446,Kern,(805) 234-6103,2007-12-21,2008-12-21
20-942804,20,Off-Sale Beer & Wine,ACTIVE,Wine Shop Inc,William Brown Martinez,3060 5th Pl,Bakersfield,CA,90387,Kern,(805) 629-7734,2006-05-24,2007-05-24
20-689057,20,Off-Sale Beer & Wine,ACTIVE,Mini Mart,Paul Martinez,7818 Front Ln,Bakersfield,CA,95173,Kern,(805) 753-6555,2021-09-07,2022-09-07
20-662429,20,Off-Sale Beer & Wine,ACTIVE,Liquor Store Delano LLC,Maria Garcia,4595 State Blvd,Delano,CA,92253,Kern,(661) 300-1429,2012-08-21,2013-08-21
20-998907,20,Off-Sale Beer & Wine,ACTIVE,Mini Mart Kern Company,Paul Moore,7310 1st St,Delano,CA,92555,Kern,(661) 985-8562,2004-07-22,2005-07-22
20-980579,20,Off-Sale Beer & Wine,ACTIVE,Mini Mart Co,Daniel Thomas,6857 1st Blvd,Bakersfield,CA,91195,Kern,(661) 585-9105,2017-07-22,2018-07-22
20-935158,20,Off-Sale Beer & Wine,ACTIVE,Convenience Store Bakersfield Valley Inc,John Miller,8592 5th Blvd #475,Bakersfield,CA,95767,Kern,(805) 609-7075,2018-05-10,2019-05-10
20-107111,20,Off-Sale Beer & Wine,ACTIVE,Grocery,David Johnson,7260 Pico Way,Bakersfield,CA,93059,Kern,(805) 621-9923,2022-02-19,2023-02-19
20-850092,20,Off-Sale Beer & Wine,ACTIVE,OldGrocery Delano 95,John Johnson,7791 Maple Dr,Delano,CA,92678,Kern,(805) 784-3891,2009-01-14,2010-01-14
20-944875,20,Off-Sale Beer & Wine,ACTIVE,Market,Maria Davis,826 Jefferson Dr #364,Delano,CA,90907,Kern,(805) 916-4217,2001-05-21,2002-05-21
20-832417,20,Off-Sale Beer & Wine,ACTIVE,Mini Mart Delano Hills Company,David Martin Anderson,8304 Hollywood Pl,Delano,CA,90906,Kern,(661) 620-5630,2010-09-10,2011-09-10
20-729234,20,Off-Sale Beer & Wine,ACTIVE,Convenience Store Delano Hills,Mark Wilson,7389 Madison Ln #427,Delano,CA,92375,Kern,(805) 508-5769,2005-03-12,2006-03-12
20-671458,20,Off-Sale Beer & Wine,ACTIVE,TheConvenience Store Bakersfield Valley 84,James Moore,6472 3rd Blvd,Bakersfield,CA,90338,Kern,(805) 314-1532,2013-03-09,2014-03-09
20-434709,20,Off-Sale Beer & Wine,ACTIVE,Grocery Bakersfield Company 66,Kenneth Williams,2876 Ocean Blvd,Bakersfield,CA,94091,Kern,(805) 858-3099,2007-11-05,2008-11-05
20-740843,20,Off-Sale Beer & Wine,ACTIVE,Convenience Store LLC,John Thomas,3647 Sunset Blvd,Bakersfield,CA,94144,Kern,(661) 743-2693,2011-09-11,2012-09-11
20-860859,20,Off-Sale Beer & Wine,ACTIVE,Liquor Store,Lisa Miller Taylor,6194 Franklin Way,Bakersfield,CA,94888,Kern,(805) 267-8617,2018-02-19,2019-02-19
20-693734,20,Off-Sale Beer & Wine,ACTIVE,Liquor Store Bakersfield Inc,William Gonzalez,6959 6th Ct #999,Bakersfield,CA,92079,Kern,(661) 351-4672,2016-08-10,2017-08-10
20-656514,20,Off-Sale Beer & Wine,ACTIVE,OldWine Shop Bakersfield Valley 87,Jennifer Johnson,928 Ocean St #761,Bakersfield,CA,91656,Kern,(661) 867-6773,2015-02-16,2016-02-16
20-909422,20,Off-Sale Beer & Wine,ACTIVE,Corner Store Group,Andrew Davis,9121 Maple Way #556,Bakersfield,CA,90739,Kern,(661) 589-2471,2024-04-06,2025-04-06
20-884428,20,Off-Sale Beer & Wine,ACTIVE,OldMini Mart 22,Kenneth Martin,7736 Main Dr,Delano,CA,91360,Kern,(661) 863-1141,2004-05-12,2005-05-12
20-622190,20,Off-Sale Beer & Wine,ACTIVE,NewCorner Store Kern 96,Matthew Smith,3341 State Way #894,Delano,CA,95716,Kern,(661) 793-4916,2007-01-13,2008-01-13
20-359097,20,Off-Sale Beer & Wine,ACTIVE,Convenience Store,John Martin,1275 4th Rd,Delano,CA,91705,Kern,(661) 451-6972,2019-05-24,2020-05-24
20-187275,20,Off-Sale Beer & Wine,ACTIVE,Wine Shop,James Brown Hernandez,8935 6th St,Bakersfield,CA,90071,Kern,(805) 718-1423,2007-01-20,2008-01-20
20-452443,20,Off-Sale Beer & Wine,ACTIVE,Grocery Delano Co,Matthew Anderson Thomas,1563 State St,Delano,CA,93042,Kern,(805) 343-2872,2010-04-03,2011-04-03
20-199516,20,Off-Sale Beer & Wine,ACTIVE,Liquor Store Delano,John Williams,1412 Maple Rd #168,Delano,CA,93004,Kern,(805) 456-8272,2004-05-01,2005-05-01
20-668320,20,Off-Sale Beer & Wine,ACTIVE,Liquor Store Bakersfield Hills,Kenneth Williams,817 Ocean Dr #946,Bakersfield,CA,93068,Kern,(805) 290-1723,2010-05-08,2011-05-08
20-739773,20,Off-Sale Beer & Wine,ACTIVE,Convenience Store Bakersfield Valley,Paul Anderson Gonzalez,3996 Franklin Dr,Bakersfield,CA,90328,Kern,(661) 977-1588,2019-02-13,2020-02-13
20-933810,20,Off-Sale Beer & Wine,ACTIVE,Wine Shop Bakersfield Hills,Michelle Martin,4681 1st Rd #381,Bakersfield,CA,90217,Kern,(661) 726-8410,2005-12-20,2006-12-20
20-711828,20,Off-Sale Beer & Wine,ACTIVE,Wine Shop,Michael Johnson,3763 4th Ave,Bakersfield,CA,93309,Kern,(805) 892-9559,2010-03-10,2011-03-10
20-519478,20,Off-Sale Beer & Wine,ACTIVE,Bottle Shop Kern,Maria Thomas Lopez,5295 Hollywood Way,Delano,CA,90529,Kern,(661) 887-1074,2003-11-28,2004-11-28
20-632382,20,Off-Sale Beer & Wine,ACTIVE,NewBottle Shop 28,Robert Williams Jackson,9083 Oak Rd,Bakersfield,CA,93463,Kern,(805) 641-5681,2013-07-13,2014-07-13
20-949769,20,Off-Sale Beer & Wine,ACTIVE,OldLiquor Store Delano Hills Group 6,Matthew Davis,2837 Oak Dr,Delano,CA,93874,Kern,(661) 337-5497,2000-01-18,2001-01-18
20-430815,20,Off-Sale Beer & Wine,ACTIVE,Liquor Store,Maria Jackson Martin,520 4th Ln,Delano,CA,95306,Kern,(805) 545-8445,2024-02-12,2025-02-12
20-132216,20,Off-Sale Beer & Wine,ACTIVE,Liquor Store Delano,Maria Thomas,1076 State Ln #655,Delano,CA,90515,Kern,(661) 785-7873,2000-09-09,2001-09-09
20-793602,20,Off-Sale Beer & Wine,ACTIVE,Bottle Shop Delano,Michael Rodriguez,7980 State Rd,Delano,CA,95412,Kern,(661) 324-5542,2014-10-14,2015-10-14
20-829043,20,Off-Sale Beer & Wine,ACTIVE,Mini Mart Co,Paul Lopez Anderson,4742 Front Pl,Delano,CA,92793,Kern,(661) 747-2057,2010-07-25,2011-07-25
20-361592,20,Off-Sale Beer & Wine,ACTIVE,Convenience Store Delano LLC 73,James Gonzalez Taylor,7094 7th Ave,Delano,CA,93172,Kern,(661) 781-2377,2016-09-26,2017-09-26
20-260868,20,Off-Sale Beer & Wine,ACTIVE,OldBottle Shop Delano Co 43,James Wilson Johnson,4466 Sunset Rd,Delano,CA,95959,Kern,(661) 965-2863,2001-02-14,2002-02-14
20-427377,20,Off-Sale Beer & Wine,ACTIVE,Corner Store,Matthew Martinez,6195 Oak Pl,Delano,CA,90984,Kern,(805) 513-1108,2007-10-08,2008-10-08
20-211098,20,Off-Sale Beer & Wine,ACTIVE,Market Inc,Michael Brown Taylor,3607 1st Dr,Delano,CA,91630,Kern,(805) 799-3152,2016-09-15,2017-09-15
20-858099,20,Off-Sale Beer & Wine,ACTIVE,TheCorner Store Bakersfield Hills LLC 51,Robert Williams,3003 Market St #339,Bakersfield,CA,90378,Kern,(661) 952-3106,2008-02-10,2009-02-10
20-716258,20,Off-Sale Beer & Wine,ACTIVE,Liquor Store Kern,Matthew Thomas,2447 Pico Pl #473,Bakersfield,CA,95228,Kern,(805) 742-5383,2001-04-05,2002-04-05
20-568113,20,Off-Sale Beer & Wine,ACTIVE,Bottle Shop Bakersfield,David Jackson,7231 Washington Pl,Bakersfield,CA,95004,Kern,(805) 354-8347,2012-10-17,2013-10-17
20-253154,20,Off-Sale Beer & Wine,ACTIVE,Liquor Store Delano,Jennifer Lopez Williams,9305 1st Ave,Delano,CA,91182,Kern,(661) 226-5953,2006-06-18,2007-06-18
20-246090,20,Off-Sale Beer & Wine,ACTIVE,Mini Mart Kern 46,Michelle Davis,9111 1st Rd,Bakersfield,CA,93429,Kern,(805) 635-4579,2002-10-15,2003-10-15
20-613413,20,Off-Sale Beer & Wine,ACTIVE,Liquor Store Company,Andrew Thomas,3937 Madison Ln,Delano,CA,90412,Kern,(661) 630-4875,2018-10-22,2019-10-22
20-255825,20,Off-Sale Beer & Wine,ACTIVE,Grocery Kern,Kenneth Gonzalez Moore,193 2nd Rd,Delano,CA,92224,Kern,(805) 326-7292,2023-09-08,2024-09-08
20-603202,20,Off-Sale Beer & Wine,ACTIVE,Mini Mart Delano Heights Co,William Jones Gonzalez,8814 Hollywood Ave,Delano,CA,92612,Kern,(805) 255-3599,2020-02-12,2021-02-12
20-699912,20,Off-Sale Beer & Wine,ACTIVE,Mini Mart Kern,Paul Williams,9980 6th Ct #701,Bakersfield,CA,94289,Kern,(661) 512-4670,2013-08-09,2014-08-09
20-227272,20,Off-Sale Beer & Wine,ACTIVE,Convenience Store Bakersfield,James Wilson,9510 Washington Rd,Bakersfield,CA,95953,Kern,(805) 619-6962,2016-12-13,2017-12-13
20-409635,20,Off-Sale Beer & Wine,ACTIVE,Bottle Shop,Steven Wilson,9492 Jefferson Ln #781,Delano,CA,93634,Kern,(805) 430-5771,2020-01-23,2021-01-23
20-340102,20,Off-Sale Beer & Wine,ACTIVE,Wine Shop,Daniel Williams Martinez,7917 1st Pl,Bakersfield,CA,91553,Kern,(805) 517-1441,2021-04-24,2022-04-24
20-547882,20,Off-Sale Beer & Wine,ACTIVE,Mini Mart Bakersfield Valley,Jennifer Moore,1805 Sunset St,Bakersfield,CA,90700,Kern,(805) 961-1073,2008-02-09,2009-02-09
20-339103,20,Off-Sale Beer & Wine,ACTIVE,Grocery Delano 20,Robert Wilson,4061 Maple Ln,Delano,CA,95925,Kern,(661) 617-2815,2015-07-22,2016-07-22
20-371195,20,Off-Sale Beer & Wine,ACTIVE,Grocery Delano LLC,Christopher Jackson,6846 2nd Rd,Delano,CA,95362,Kern,(661) 699-9682,2015-11-10,2016-11-10
20-740340,20,Off-Sale Beer & Wine,ACTIVE,Corner Store Kern Corp 77,Matthew Brown,777 Broadway Ave,Bakersfield,CA,94794,Kern,(661) 481-3104,2016-05-08,2017-05-08
20-898688,20,Off-Sale Beer & Wine,ACTIVE,Wine Shop Kern,Paul Brown,3257 Hollywood Ave,Bakersfield,CA,95710,Kern,(661) 674-6149,2021-02-19,2022-02-19
20-486559,20,Off-Sale Beer & Wine,ACTIVE,Grocery,Michelle Brown,6561 Washington St,Bakersfield,CA,93899,Kern,(661) 375-5300,2014-07-07,2015-07-07
20-673523,20,Off-Sale Beer & Wine,ACTIVE,NewMarket Kern Inc 26,William Thomas,7164 1st St,Bakersfield,CA,92034,Kern,(805) 553-9457,2012-06-05,2013-06-05
20-994216,20,Off-Sale Beer & Wine,ACTIVE,Convenience Store Bakersfield Heights,James Moore Gonzalez,2132 Broadway Ave #884,Bakersfield,CA,95527,Kern,(661) 454-6919,2006-08-17,2007-08-17
20-797785,20,Off-Sale Beer & Wine,ACTIVE,Convenience Store,Paul Moore,5732 Washington Rd,Delano,CA,92646,Kern,(805) 906-5078,2000-01-14,2001-01-14
20-954404,20,Off-Sale Beer & Wine,ACTIVE,TheBottle Shop Co 46,John Thomas,9708 Wilshire Way #216,Bakersfield,CA,92442,Kern,(805) 899-4665,2023-08-24,2024-08-24
20-683144,20,Off-Sale Beer & Wine,ACTIVE,TheCorner Store Kern 64,Jennifer Lopez,7616 Lincoln Pl #804,Delano,CA,91778,Kern,(661) 509-1532,2009-04-18,2010-04-18
20-235924,20,Off-Sale Beer & Wine,ACTIVE,Market,Mark Smith,2525 Ocean Rd,Delano,CA,96105,Kern,(805) 743-2828,2018-11-22,2019-11-22
20-670248,20,Off-Sale Beer & Wine,ACTIVE,Wine Shop Bakersfield Heights,Maria Jackson,8497 Broadway Way,Bakersfield,CA,91363,Kern,(661) 265-7127,2015-06-07,2016-06-07
20-557429,20,Off-Sale Beer & Wine,ACTIVE,Corner Store Bakersfield LLC 75,David Lopez,9886 Maple St #988,Bakersfield,CA,90072,Kern,(805) 575-3887,2024-06-24,2025-06-24
20-616187,20,Off-Sale Beer & Wine,ACTIVE,Grocery Inc,Andrew Hernandez,3082 2nd Way,Delano,CA,90987,Kern,(805) 735-7248,2013-07-18,2014-07-18
20-854761,20,Off-Sale Beer & Wine,ACTIVE,Bottle Shop Bakersfield Heights Inc,Anthony Taylor Thomas,1917 Sunset Blvd,Bakersfield,CA,90007,Kern,(805) 702-3238,2000-03-17,2001-03-17
20-940167,20,Off-Sale Beer & Wine,ACTIVE,Convenience Store Kern,Paul Williams,5889 Main Rd #958,Delano,CA,92182,Kern,(805) 298-7377,2017-09-20,2018-09-20
20-980814,20,Off-Sale Beer & Wine,ACTIVE,Grocery Bakersfield Corp,Maria Smith Miller,5882 Hollywood Ave,Bakersfield,CA,93934,Kern,(805) 837-1258,2003-03-13,2004-03-13
20-109177,20,Off-Sale Beer & Wine,ACTIVE,Corner Store Inc,Michael Lopez,5542 4th Rd,Delano,CA,92821,Kern,(805) 238-1556,2021-06-28,2022-06-28
20-389145,20,Off-Sale Beer & Wine,ACTIVE,Mini Mart Bakersfield Heights Co,Kenneth Taylor,4177 4th Pl #105,Bakersfield,CA,91075,Kern,(661) 316-6543,2009-09-11,2010-09-11
20-344393,20,Off-Sale Beer & Wine,ACTIVE,Corner Store Kern,Jennifer Gonzalez,8081 5th Way,Delano,CA,94699,Kern,(661) 949-6914,2024-06-16,2025-06-16
20-266048,20,Off-Sale Beer & Wine,ACTIVE,Mini Mart,Michael Jones Lopez,2469 State Ln,Bakersfield,CA,90618,Kern,(661) 219-2266,2017-10-08,2018-10-08
20-626196,20,Off-Sale Beer & Wine,ACTIVE,Grocery Kern,Robert Johnson Rodriguez,7855 Franklin Way #254,Delano,CA,91998,Kern,(805) 882-6922,2024-01-26,2025-01-26
20-251929,20,Off-Sale Beer & Wine,ACTIVE,Wine Shop Bakersfield Heights,Mark Jackson,2766 Wilshire Ct,Bakersfield,CA,94747,Kern,(805) 805-7191,2004-05-20,2005-05-20
20-953735,20,Off-Sale Beer & Wine,ACTIVE,Grocery Delano,Michael Anderson,1524 Broadway Rd,Delano,CA,91049,Kern,(805) 840-9953,2022-10-11,2023-10-11
20-502111,20,Off-Sale Beer & Wine,ACTIVE,Liquor Store Kern 41,Lisa Gonzalez,6849 5th Ave #953,Bakersfield,CA,95999,Kern,(661) 417-7190,2024-11-02,2025-11-02
20-323509,20,Off-Sale Beer & Wine,ACTIVE,Corner Store Company,Kenneth Davis,6278 Wilshire Dr,Bakersfield,CA,94489,Kern,(805) 580-5649,2008-04-22,2009-04-22
20-485006,20,Off-Sale Beer & Wine,ACTIVE,Bottle Shop Co,Lisa Wilson,9238 6th Dr,Delano,CA,94095,Kern,(805) 581-2036,2013-06-18,2014-06-18
20-260564,20,Off-Sale Beer & Wine,ACTIVE,Wine Shop Bakersfield Company,Robert Miller,6924 1st Pl #373,Bakersfield,CA,92999,Kern,(805) 825-8660,2023-03-09,2024-03-09
20-897566,20,Off-Sale Beer & Wine,ACTIVE,Market Bakersfield,Andrew Miller,4972 Ocean Pl,Bakersfield,CA,93551,Kern,(661) 831-8392,2002-02-15,2003-02-15
20-182589,20,Off-Sale Beer & Wine,ACTIVE,Convenience Store Group,Lisa Martin Martin,9119 5th Ln,Delano,CA,90014,Kern,(661) 911-6494,2008-02-10,2009-02-10
20-672264,20,Off-Sale Beer & Wine,ACTIVE,Corner Store Delano,Robert Jackson,2321 2nd Rd,Delano,CA,95435,Kern,(805) 729-9634,2018-12-24,2019-12-24
20-387800,20,Off-Sale Beer & Wine,ACTIVE,Bottle Shop,Michelle Miller Martin,5311 4th Pl,Bakersfield,CA,95126,Kern,(661) 377-2254,2004-02-19,2005-02-19
20-769498,20,Off-Sale Beer & Wine,ACTIVE,Market Kern Inc,Anthony Hernandez,6158 4th Ct #919,Delano,CA,93239,Kern,(805) 742-9824,2022-02-26,2023-02-26
20-977970,20,Off-Sale Beer & Wine,ACTIVE,OldMini Mart LLC 42,William Taylor,7688 3rd St,Delano,CA,90584,Kern,(805) 221-3699,2011-08-22,2012-08-22
20-656245,20,Off-Sale Beer & Wine,ACTIVE,Grocery,Mark Moore,8999 Main St #932,Bakersfield,CA,93799,Kern,(661) 809-1046,2000-08-26,2001-08-26
20-375889,20,Off-Sale Beer & Wine,ACTIVE,Convenience Store Bakersfield,Maria Smith,1154 1st Blvd,Bakersfield,CA,93194,Kern,(661) 233-3073,2011-06-17,2012-06-17
20-916226,20,Off-Sale Beer & Wine,ACTIVE,Mini Mart Delano Group,John Martin Jackson,1264 Wilshire Way,Delano,CA,93026,Kern,(805) 384-3635,2015-11-18,2016-11-18
20-289458,20,Off-Sale Beer & Wine,ACTIVE,Market Delano Heights 6,James Martinez,626 Maple Ct,Delano,CA,91448,Kern,(661) 851-3034,2000-09-01,2001-09-01
20-966118,20,Off-Sale Beer & Wine,ACTIVE,Liquor Store Kern 79,Maria Hernandez,1080 2nd Ct,Delano,CA,94769,Kern,(805) 601-4897,2022-03-04,2023-03-04
20-990424,20,Off-Sale Beer & Wine,ACTIVE,Corner Store Bakersfield Valley,Anthony Martinez,9520 Mission Pl,Bakersfield,CA,96198,Kern,(661) 778-3071,2008-06-26,2009-06-26
20-955043,20,Off-Sale Beer & Wine,ACTIVE,Liquor Store,Paul Brown,9740 Market Way,Bakersfield,CA,94126,Kern,(661) 721-4423,2012-12-13,2013-12-13
20-531034,20,Off-Sale Beer & Wine,ACTIVE,Market Kern,William Martinez,6641 Washington Dr #159,Bakersfield,CA,90707,Kern,(661) 752-1987,2010-08-28,2011-08-28
20-536140,20,Off-Sale Beer & Wine,ACTIVE,OldCorner Store Kern Inc 75,Jennifer Davis,1338 Market Rd,Delano,CA,91466,Kern,(661) 785-1292,2013-04-01,2014-04-01
20-969648,20,Off-Sale Beer & Wine,ACTIVE,Convenience Store Company,Steven Garcia Thomas,595 1st Way,Bakersfield,CA,95416,Kern,(805) 317-1360,2023-11-08,2024-11-08
21-288854,21,Off-Sale General,ACTIVE,Beverage Store Kern,Steven Johnson,3833 1st Ct,Delano,CA,94704,Kern,(661) 618-8010,2002-01-08,2003-01-08
21-921866,21,Off-Sale General,ACTIVE,NewSpirits Group 56,Maria Rodriguez,3512 7th Ct,Delano,CA,90420,Kern,(805) 503-9243,2018-06-16,2019-06-16
21-463489,21,Off-Sale General,ACTIVE,Spirits,Lisa Martinez,2704 Hollywood Rd,Bakersfield,CA,91672,Kern,(661) 206-9211,2020-05-11,2021-05-11
21-279695,21,Off-Sale General,ACTIVE,Package Store Kern,Maria Moore,4284 Sunset St,Delano,CA,93545,Kern,(661) 777-1772,2003-05-27,2004-05-27
21-483306,21,Off-Sale General,ACTIVE,Fine Wines Delano Valley,Jennifer Garcia,5703 5th Blvd,Delano,CA,92034,Kern,(805) 625-7027,2014-06-21,2015-06-21
21-658579,21,Off-Sale General,ACTIVE,OldWine & Spirits 66,John Lopez,9445 3rd Blvd,Delano,CA,95650,Kern,(805) 246-3110,2007-01-26,2008-01-26
21-629619,21,Off-Sale General,ACTIVE,Package Store,Lisa Jackson,5329 3rd Ave,Delano,CA,95079,Kern,(661) 770-9156,2003-10-01,2004-10-01
21-952905,21,Off-Sale General,ACTIVE,Fine Wines Kern Corp,Michelle Anderson,5956 5th Blvd,Delano,CA,91594,Kern,(805) 875-1773,2009-01-26,2010-01-26
21-257749,21,Off-Sale General,ACTIVE,NewDiscount Liquor 27,Mark Williams Davis,9962 Main Dr,Bakersfield,CA,92892,Kern,(805) 212-2296,2010-02-06,2011-02-06
21-142198,21,Off-Sale General,ACTIVE,Liquor Store,John Thomas,731 Washington St #952,Bakersfield,CA,93631,Kern,(805) 821-5154,2002-10-06,2003-10-06
21-392196,21,Off-Sale General,ACTIVE,Beverage Store Inc 68,Maria Martinez,2484 State Rd,Bakersfield,CA,90169,Kern,(805) 398-5265,2002-04-14,2003-04-14
21-213005,21,Off-Sale General,ACTIVE,Beverage Store,Paul Smith,7795 Lincoln Ave,Bakersfield,CA,93276,Kern,(805) 366-9889,2012-02-01,2013-02-01
21-840908,21,Off-Sale General,ACTIVE,Discount Liquor Delano Company,John Jackson Gonzalez,2559 Lincoln Way,Delano,CA,94054,Kern,(805) 475-6035,2017-06-14,2018-06-14
21-145566,21,Off-Sale General,ACTIVE,Fine Wines,Michelle Martin,1433 7th Blvd #109,Delano,CA,96043,Kern,(661) 688-8079,2019-06-08,2020-06-08
21-108717,21,Off-Sale General,ACTIVE,TheFine Wines Delano 41,John Davis,6679 Hollywood Blvd #727,Delano,CA,91512,Kern,(805) 903-1138,2022-11-23,2023-11-23
21-426420,21,Off-Sale General,ACTIVE,Spirits Corp,Robert Davis Rodriguez,1622 Mission Ln #649,Delano,CA,90126,Kern,(661) 960-8009,2013-06-25,2014-06-25
21-205036,21,Off-Sale General,ACTIVE,Spirits Delano,Anthony Hernandez,9861 Ocean Ave,Delano,CA,92566,Kern,(805) 291-5750,2020-04-24,2021-04-24
21-833707,21,Off-Sale General,ACTIVE,Fine Wines Bakersfield Heights Corp,Andrew Smith,2450 Market Rd #490,Bakersfield,CA,94805,Kern,(661) 944-8680,2016-12-08,2017-12-08
21-211068,21,Off-Sale General,ACTIVE,Discount Liquor Bakersfield Heights Company,Steven Williams,9960 2nd Ave,Bakersfield,CA,94088,Kern,(661) 403-2403,2021-12-26,2022-12-26
21-527354,21,Off-Sale General,ACTIVE,TheWine & Spirits Bakersfield Inc 20,Robert Johnson,9174 Mission Ln,Bakersfield,CA,95165,Kern,(805) 255-6190,2019-04-13,2020-04-13
21-139014,21,Off-Sale General,ACTIVE,Fine Wines Bakersfield Inc,Jennifer Smith,9205 Madison St,Bakersfield,CA,94488,Kern,(661) 944-8025,2004-04-27,2005-04-27
21-861125,21,Off-Sale General,ACTIVE,OldDiscount Liquor 7,Maria Martin,5851 Washington Pl,Delano,CA,93960,Kern,(805) 546-8050,2012-09-22,2013-09-22
21-653088,21,Off-Sale General,ACTIVE,Wine & Spirits,Andrew Gonzalez,6700 Pico Ave,Bakersfield,CA,93061,Kern,(805) 964-1384,2003-04-14,2004-04-14
21-800385,21,Off-Sale General,ACTIVE,Spirits Delano Co,William Miller,8031 Hollywood Dr,Delano,CA,93201,Kern,(661) 373-4693,2016-08-16,2017-08-16
21-371290,21,Off-Sale General,ACTIVE,Liquor Store Delano Valley Inc,Steven Miller Rodriguez,961 Market Ln,Delano,CA,90431,Kern,(661) 415-4401,2020-04-27,2021-04-27
21-954290,21,Off-Sale General,ACTIVE,Discount Liquor 20,Anthony Johnson,7302 Hollywood Pl #669,Bakersfield,CA,90142,Kern,(661) 586-7571,2021-07-23,2022-07-23
21-935264,21,Off-Sale General,ACTIVE,Package Store Delano Hills,Steven Miller,1083 5th Ct,Delano,CA,90125,Kern,(805) 361-2691,2007-05-28,2008-05-28
21-851676,21,Off-Sale General,ACTIVE,Beverage Store LLC,Lisa Smith,8184 5th Dr #170,Bakersfield,CA,90560,Kern,(805) 417-9682,2024-10-14,2025-10-14
21-974757,21,Off-Sale General,ACTIVE,Wine & Spirits Delano Valley 31,Mark Davis,4034 Madison Blvd,Delano,CA,92477,Kern,(805) 681-5894,2023-04-11,2024-04-11
21-474932,21,Off-Sale General,ACTIVE,Discount Liquor Kern 76,Mark Davis,4028 Ocean Ct,Bakersfield,CA,93447,Kern,(661) 666-5833,2008-07-21,2009-07-21
21-430066,21,Off-Sale General,ACTIVE,Fine Wines Delano Valley Group,Matthew Lopez Johnson,6695 Mission Way #149,Delano,CA,94407,Kern,(805) 564-7778,2007-03-13,2008-03-13
21-257416,21,Off-Sale General,ACTIVE,OldPackage Store 68,James Hernandez,8506 Main Dr #292,Bakersfield,CA,95691,Kern,(661) 613-1204,2009-12-02,2010-12-02
21-963646,21,Off-Sale General,ACTIVE,Beverage Store Co,Jennifer Martin,6690 Washington Blvd,Delano,CA,94746,Kern,(805) 254-3942,2020-12-14,2021-12-14
21-593714,21,Off-Sale General,ACTIVE,Package Store Delano,Matthew Garcia,1017 Maple Rd #189,Delano,CA,94018,Kern,(661) 377-5479,2007-03-27,2008-03-27
21-100630,21,Off-Sale General,ACTIVE,Liquor Store Delano Valley LLC,Christopher Williams,3217 Washington Dr,Delano,CA,91758,Kern,(805) 210-7450,2018-03-19,2019-03-19
21-199137,21,Off-Sale General,ACTIVE,Wine & Spirits,William Gonzalez,2568 Washington St #177,Bakersfield,CA,94891,Kern,(805) 263-8777,2024-06-19,2025-06-19
21-567752,21,Off-Sale General,ACTIVE,NewWine & Spirits 52,Daniel Rodriguez,2587 4th Ave,Delano,CA,93733,Kern,(661) 466-3518,2008-10-03,2009-10-03
21-257974,21,Off-Sale General,ACTIVE,ThePackage Store Kern LLC 70,Kenneth Jones Rodriguez,716 4th Blvd,Bakersfield,CA,93052,Kern,(805) 268-6965,2019-05-19,2020-05-19
21-479418,21,Off-Sale General,ACTIVE,TheFine Wines Kern Group 63,Kenneth Thomas,2482 Front Ct,Bakersfield,CA,94571,Kern,(661) 781-9017,2016-10-01,2017-10-01
21-486939,21,Off-Sale General,ACTIVE,Discount Liquor Delano,Maria Smith,9382 Main Ave,Delano,CA,90139,Kern,(661) 495-3850,2003-11-01,2004-11-01
21-863317,21,Off-Sale General,ACTIVE,Spirits Kern Group 35,Daniel Hernandez,1205 3rd Ct,Bakersfield,CA,92978,Kern,(805) 423-4650,2010-12-20,2011-12-20
21-660278,21,Off-Sale General,ACTIVE,Fine Wines,Anthony Brown,2388 Sunset Rd,Delano,CA,95557,Kern,(661) 522-5964,2005-02-10,2006-02-10
21-865585,21,Off-Sale General,ACTIVE,Discount Liquor Delano LLC,Mark Jackson,4958 2nd St #705,Delano,CA,93118,Kern,(805) 375-4641,2012-01-08,2013-01-08
21-397550,21,Off-Sale General,ACTIVE,Spirits Corp,Michael Miller Davis,4698 Wilshire Ln,Delano,CA,94252,Kern,(661) 566-6202,2024-12-02,2025-12-02
21-863863,21,Off-Sale General,ACTIVE,Spirits Delano,David Hernandez,4661 Hollywood St,Delano,CA,90238,Kern,(661) 748-8892,2024-10-04,2025-10-04
21-358325,21,Off-Sale General,ACTIVE,NewWine & Spirits Co 29,Christopher Lopez,958 Madison Way,Bakersfield,CA,94837,Kern,(805) 669-4560,2024-11-14,2025-11-14
21-569386,21,Off-Sale General,ACTIVE,NewDiscount Liquor Delano Corp 18,Robert Lopez,3413 Jefferson Ave,Delano,CA,91657,Kern,(661) 803-8767,2007-05-25,2008-05-25
21-177841,21,Off-Sale General,ACTIVE,Spirits Delano Hills 82,Kenneth Smith,6056 Oak Ln #815,Delano,CA,93284,Kern,(661) 435-5399,2016-08-17,2017-08-17
21-626995,21,Off-Sale General,ACTIVE,Wine & Spirits Group,Robert Thomas,4477 Franklin Ct #905,Delano,CA,91764,Kern,(661) 776-5369,2013-07-26,2014-07-26
21-420319,21,Off-Sale General,ACTIVE,Spirits Bakersfield Valley,Maria Gonzalez,9954 Oak Ct,Bakersfield,CA,90393,Kern,(661) 677-1434,2001-06-28,2002-06-28
21-242332,21,Off-Sale General,ACTIVE,OldBeverage Store Bakersfield Inc 26,Mark Lopez Brown,416 Jefferson Ct,Bakersfield,CA,90790,Kern,(805) 280-4763,2014-08-20,2015-08-20
21-836899,21,Off-Sale General,ACTIVE,Spirits Kern Group,Anthony Williams,5436 State St,Delano,CA,95081,Kern,(805) 266-2622,2019-10-09,2020-10-09
21-328486,21,Off-Sale General,ACTIVE,Package Store,Kenneth Gonzalez,9970 Ocean Blvd #469,Bakersfield,CA,91412,Kern,(661) 543-6898,2007-09-21,2008-09-21
21-291644,21,Off-Sale General,ACTIVE,Spirits Bakersfield,Robert Thomas,4602 Franklin Way,Bakersfield,CA,91766,Kern,(805) 244-9318,2005-04-14,2006-04-14
21-353693,21,Off-Sale General,ACTIVE,Liquor Store Delano Valley,Matthew Johnson Taylor,8526 7th Way,Delano,CA,95466,Kern,(805) 790-9363,2013-05-17,2014-05-17
21-330990,21,Off-Sale General,ACTIVE,Package Store Company,William Anderson,591 Market Pl #827,Bakersfield,CA,94577,Kern,(805) 637-6365,2001-03-13,2002-03-13
21-197790,21,Off-Sale General,ACTIVE,Package Store Company,Lisa Miller Thomas,8522 1st Ct #345,Delano,CA,96083,Kern,(661) 336-7998,2022-12-15,2023-12-15
21-130239,21,Off-Sale General,ACTIVE,NewPackage Store LLC 15,Kenneth Taylor,5409 Madison St #853,Bakersfield,CA,93594,Kern,(805) 277-7756,2019-09-15,2020-09-15
21-110959,21,Off-Sale General,ACTIVE,OldPackage Store 23,Andrew Garcia,6162 6th Ln #128,Delano,CA,93261,Kern,(805) 496-5730,2000-01-04,2001-01-04
21-497964,21,Off-Sale General,ACTIVE,Fine Wines Kern,Lisa Rodriguez Wilson,719 6th Rd #605,Delano,CA,95098,Kern,(661) 369-6653,2021-02-04,2022-02-04
21-195399,21,Off-Sale General,ACTIVE,Wine & Spirits,Kenneth Miller Martin,6358 Washington Dr,Delano,CA,92981,Kern,(661) 461-9403,2023-10-20,2024-10-20
21-305768,21,Off-Sale General,ACTIVE,Discount Liquor Company,Kenneth Johnson,1143 Sunset Way,Bakersfield,CA,94566,Kern,(805) 840-8102,2010-01-27,2011-01-27
21-961315,21,Off-Sale General,ACTIVE,TheBeverage Store Company 66,Lisa Martin,7586 Ocean Rd #108,Delano,CA,90500,Kern,(805) 523-2389,2003-02-21,2004-02-21
21-822107,21,Off-Sale General,ACTIVE,Liquor Store Corp,Daniel Lopez,299 Sunset Ave,Delano,CA,93669,Kern,(805) 826-4501,2013-03-10,2014-03-10
21-964737,21,Off-Sale General,ACTIVE,ThePackage Store Delano Corp 57,Matthew Thomas,7220 State Dr #376,Delano,CA,94722,Kern,(661) 432-8662,2015-12-10,2016-12-10
21-809662,21,Off-Sale General,ACTIVE,Wine & Spirits Co,Anthony Martin,1435 4th Ct #159,Delano,CA,95164,Kern,(805) 599-8211,2011-05-04,2012-05-04
21-993859,21,Off-Sale General,ACTIVE,NewWine & Spirits Group 28,Daniel Brown,3266 3rd Ln,Delano,CA,94714,Kern,(661) 719-5554,2015-01-18,2016-01-18
21-445271,21,Off-Sale General,ACTIVE,NewPackage Store Kern Inc 64,Michael Garcia,6719 Main Ln #461,Delano,CA,95204,Kern,(661) 455-8374,2016-11-27,2017-11-27
21-325736,21,Off-Sale General,ACTIVE,Fine Wines Kern 14,Paul Wilson,9860 Hollywood St,Delano,CA,94883,Kern,(661) 613-6224,2012-07-04,2013-07-04
21-766105,21,Off-Sale General,ACTIVE,Discount Liquor Inc 58,Robert Davis,4569 Broadway Rd,Bakersfield,CA,90928,Kern,(805) 905-9192,2017-02-19,2018-02-19
21-443654,21,Off-Sale General,ACTIVE,Spirits Corp,Matthew Martinez,5866 2nd Ave #329,Delano,CA,91966,Kern,(661) 980-4857,2003-07-27,2004-07-27
21-122817,21,Off-Sale General,ACTIVE,Spirits Bakersfield Hills Company,Christopher Lopez Martinez,8633 Jefferson Ave,Bakersfield,CA,91881,Kern,(805) 412-5398,2010-09-20,2011-09-20
21-238531,21,Off-Sale General,ACTIVE,Spirits LLC,Maria Lopez,2861 Ocean Ln #418,Bakersfield,CA,94213,Kern,(661) 391-4060,2005-05-05,2006-05-05
21-355879,21,Off-Sale General,ACTIVE,Spirits,Daniel Brown,7170 Pico Blvd,Delano,CA,92923,Kern,(805) 340-1328,2002-08-19,2003-08-19
21-328718,21,Off-Sale General,ACTIVE,TheBeverage Store 66,Steven Anderson,8373 Ocean Blvd #933,Delano,CA,94735,Kern,(805) 857-4035,2015-12-12,2016-12-12
21-197637,21,Off-Sale General,ACTIVE,NewBeverage Store Delano 23,Lisa Jones,3678 2nd St,Delano,CA,93940,Kern,(805) 278-8348,2016-05-19,2017-05-19
21-708862,21,Off-Sale General,ACTIVE,Beverage Store,Anthony Garcia,7939 3rd Ct #126,Delano,CA,92190,Kern,(805) 707-5162,2017-09-07,2018-09-07
21-959786,21,Off-Sale General,ACTIVE,Spirits LLC,Lisa Taylor,6446 Washington Ct,Delano,CA,90580,Kern,(805) 500-7821,2013-11-18,2014-11-18
21-778137,21,Off-Sale General,ACTIVE,Discount Liquor Kern Group,David Moore Garcia,5681 5th Blvd #524,Delano,CA,93387,Kern,(661) 552-5767,2016-08-03,2017-08-03
21-833562,21,Off-Sale General,ACTIVE,Wine & Spirits,James Thomas,3571 Franklin Ave,Bakersfield,CA,91504,Kern,(661) 528-3205,2004-10-28,2005-10-28
21-735251,21,Off-Sale General,ACTIVE,NewWine & Spirits Inc 30,Jennifer Martinez,572 Broadway Ln,Delano,CA,93437,Kern,(805) 976-6869,2020-07-06,2021-07-06
21-579944,21,Off-Sale General,ACTIVE,Spirits Bakersfield Inc,Mark Johnson Garcia,7041 Franklin Blvd,Bakersfield,CA,96148,Kern,(805) 226-7114,2018-01-22,2019-01-22
21-543274,21,Off-Sale General,ACTIVE,Fine Wines Delano LLC,Lisa Jones,6083 Mission Dr,Delano,CA,91553,Kern,(805) 963-3450,2011-04-01,2012-04-01
21-716809,21,Off-Sale General,ACTIVE,OldLiquor Store Inc 20,David Taylor,6647 Franklin Way,Bakersfield,CA,95479,Kern,(661) 279-5029,2006-05-01,2007-05-01
21-505280,21,Off-Sale General,ACTIVE,TheLiquor Store Bakersfield 99,Michael Martin,1214 Market Ct,Bakersfield,CA,93680,Kern,(661) 849-8524,2022-07-28,2023-07-28
21-919118,21,Off-Sale General,ACTIVE,Package Store Kern Corp,Robert Jones,8148 Jefferson St #559,Bakersfield,CA,94585,Kern,(661) 876-1106,2005-05-01,2006-05-01
21-919894,21,Off-Sale General,ACTIVE,Beverage Store Group,John Thomas Rodriguez,4137 Hollywood Dr,Bakersfield,CA,95582,Kern,(661) 855-5614,2011-07-16,2012-07-16
21-498973,21,Off-Sale General,ACTIVE,Spirits Kern,Matthew Rodriguez Jackson,5336 Hollywood Dr,Bakersfield,CA,90988,Kern,(805) 324-3501,2023-07-11,2024-07-11
21-680363,21,Off-Sale General,ACTIVE,Wine & Spirits Bakersfield LLC,Matthew Jackson,7554 Pico St,Bakersfield,CA,90250,Kern,(661) 787-4857,2019-04-08,2020-04-08
21-128971,21,Off-Sale General,ACTIVE,Fine Wines Co,Robert Anderson,1653 7th Ct #602,Delano,CA,96023,Kern,(661) 921-4709,2013-09-04,2014-09-04
21-454244,21,Off-Sale General,ACTIVE,Wine & Spirits Bakersfield Hills Company,William Miller,5363 Madison Way,Bakersfield,CA,95015,Kern,(805) 922-2240,2006-09-17,2007-09-17
21-416496,21,Off-Sale General,ACTIVE,Fine Wines Delano,Jennifer Johnson,9892 Main Way,Delano,CA,94089,Kern,(805) 461-7746,2007-10-08,2008-10-08
21-496167,21,Off-Sale General,ACTIVE,Wine & Spirits Bakersfield Co,Matthew Garcia Martinez,1611 2nd Dr,Bakersfield,CA,90598,Kern,(661) 274-7789,2005-03-12,2006-03-12
21-857195,21,Off-Sale General,ACTIVE,Wine & Spirits Bakersfield Heights Group,Michael Wilson Martin,5021 Broadway Pl,Bakersfield,CA,94095,Kern,(661) 843-1124,2009-04-26,2010-04-26
21-542331,21,Off-Sale General,ACTIVE,Liquor Store,John Taylor,1615 2nd Ave #739,Delano,CA,92802,Kern,(661) 677-7318,2005-05-10,2006-05-10
21-567546,21,Off-Sale General,ACTIVE,Beverage Store Bakersfield Heights Co 88,Michelle Lopez,2273 Pico Pl,Bakersfield,CA,91466,Kern,(661) 878-7122,2006-01-04,2007-01-04
21-932125,21,Off-Sale General,ACTIVE,Wine & Spirits,John Moore,2052 1st Ave,Bakersfield,CA,91335,Kern,(805) 622-1299,2016-05-13,2017-05-13
58-946491,58,Caterer's Beer & Wine,ACTIVE,Event Catering,Paul Gonzalez Martin,8963 Main Ct,Bakersfield,CA,92769,Kern,(805) 803-6230,2008-10-17,2009-10-17
58-854508,58,Caterer's Beer & Wine,ACTIVE,Catering Company Delano,John Martin Martin,9104 Hollywood Ave,Delano,CA,91951,Kern,(661) 401-8184,2018-10-19,2019-10-19
58-931431,58,Caterer's Beer & Wine,ACTIVE,Event Catering Delano Valley Company,Andrew Wilson,3974 Maple St #113,Delano,CA,90194,Kern,(661) 827-6396,2012-07-08,2013-07-08
58-741416,58,Caterer's Beer & Wine,ACTIVE,Catering Company,Andrew Anderson,6511 5th Dr,Bakersfield,CA,91781,Kern,(805) 579-6062,2000-01-22,2001-01-22
58-399409,58,Caterer's Beer & Wine,ACTIVE,TheEvent Catering 23,Maria Hernandez,3933 Franklin Pl,Delano,CA,93257,Kern,(805) 730-9172,2009-10-11,2010-10-11
58-985517,58,Caterer's Beer & Wine,ACTIVE,Catering Company Co,Michael Lopez Martinez,9474 Ocean Way,Bakersfield,CA,90436,Kern,(805) 305-2751,2018-05-17,2019-05-17
58-457575,58,Caterer's Beer & Wine,ACTIVE,TheEvent Catering Kern Corp 37,Christopher Martinez,5520 Jefferson Way,Delano,CA,90613,Kern,(661) 466-7635,2011-04-05,2012-04-05
58-830930,58,Caterer's Beer & Wine,ACTIVE,Events & Catering Bakersfield Heights,Maria Smith,5763 State Ave,Bakersfield,CA,91910,Kern,(661) 812-6006,2006-01-01,2007-01-01
58-988156,58,Caterer's Beer & Wine,ACTIVE,Event Catering,Michael Jackson,6958 Main Ave,Delano,CA,94608,Kern,(661) 819-2585,2020-09-27,2021-09-27
58-510235,58,Caterer's Beer & Wine,ACTIVE,Catering Delano,Matthew Miller,6813 Maple Ln #377,Delano,CA,92384,Kern,(805) 538-2252,2021-09-16,2022-09-16
58-818340,58,Caterer's Beer & Wine,ACTIVE,NewCatering Bakersfield Group 6,Matthew Smith,4858 Front Ave #937,Bakersfield,CA,93834,Kern,(661) 842-3105,2024-01-07,2025-01-07
58-230059,58,Caterer's Beer & Wine,ACTIVE,Catering Company Kern,Daniel Brown,1228 Wilshire Pl #165,Delano,CA,96174,Kern,(805) 409-9806,2024-08-10,2025-08-10
58-799641,58,Caterer's Beer & Wine,ACTIVE,Event Catering LLC,Christopher Moore,2311 Lincoln Ct,Delano,CA,90946,Kern,(661) 419-1689,2011-02-27,2012-02-27
58-626533,58,Caterer's Beer & Wine,ACTIVE,Banquets Company,William Brown,5814 Hollywood Ct #775,Bakersfield,CA,93520,Kern,(805) 519-7299,2004-04-26,2005-04-26
58-138052,58,Caterer's Beer & Wine,ACTIVE,Catering,William Lopez Anderson,9266 Franklin St,Delano,CA,92523,Kern,(661) 400-1994,2000-06-05,2001-06-05
58-966218,58,Caterer's Beer & Wine,ACTIVE,Catering,William Martinez,377 Main St #574,Bakersfield,CA,90049,Kern,(805) 864-7556,2003-03-09,2004-03-09
58-106915,58,Caterer's Beer & Wine,ACTIVE,TheEvents & Catering Group 33,Andrew Taylor,6957 Sunset St #313,Bakersfield,CA,91418,Kern,(661) 268-7493,2022-04-17,2023-04-17
75-608476,75,Event Permit Holder,ACTIVE,Venue Management Kern,Matthew Brown Taylor,6407 Sunset Way,Delano,CA,90329,Kern,(661) 672-8607,2007-04-24,2008-04-24
75-906023,75,Event Permit Holder,ACTIVE,Event Production Company,Maria Garcia,9286 Hollywood Dr #812,Bakersfield,CA,93908,Kern,(805) 493-9323,2019-09-12,2020-09-12
75-756236,75,Event Permit Holder,ACTIVE,Festival Services Kern,James Johnson Martin,3829 Maple Rd,Bakersfield,CA,92258,Kern,(661) 420-1859,2019-05-03,2020-05-03
75-524689,75,Event Permit Holder,ACTIVE,Festival Services,Matthew Gonzalez,4885 2nd Dr,Delano,CA,90880,Kern,(805) 838-7868,2001-03-20,2002-03-20
75-155844,75,Event Permit Holder,ACTIVE,Festival Services Company,Maria Taylor,8141 State Ct,Delano,CA,90183,Kern,(661) 478-2717,2002-04-25,2003-04-25
75-588071,75,Event Permit Holder,ACTIVE,Festival Services Kern Co,Daniel Taylor,6207 Sunset Ave,Bakersfield,CA,93571,Kern,(805) 543-3668,2018-07-08,2019-07-08
75-492769,75,Event Permit Holder,ACTIVE,Event Production LLC,Michael Gonzalez,1652 6th Way #336,Bakersfield,CA,93008,Kern,(805) 432-5055,2021-04-22,2022-04-22
75-298746,75,Event Permit Holder,ACTIVE,Festival Services,Kenneth Smith Gonzalez,9320 Front Ct #857,Delano,CA,90823,Kern,(805) 796-5006,2007-02-26,2008-02-26
75-171176,75,Event Permit Holder,ACTIVE,Venue Management Kern,Anthony Williams,1558 Jefferson Ave,Bakersfield,CA,92084,Kern,(805) 709-2350,2017-05-04,2018-05-04
75-509999,75,Event Permit Holder,ACTIVE,Festival Services Kern 42,William Jackson,4840 Wilshire Rd,Delano,CA,94148,Kern,(661) 992-2501,2006-10-08,2007-10-08
75-700728,75,Event Permit Holder,ACTIVE,Event Production Company,Lisa Hernandez,3539 Mission Rd,Bakersfield,CA,94636,Kern,(805) 319-7687,2008-11-16,2009-11-16
75-602593,75,Event Permit Holder,ACTIVE,NewEvent Services Inc 17,Maria Anderson,810 5th Ln,Delano,CA,93204,Kern,(805) 375-7698,2012-05-08,2013-05-08
75-592937,75,Event Permit Holder,ACTIVE,NewVenue Management Co 59,John Anderson,413 Hollywood Ave #408,Delano,CA,91836,Kern,(805) 792-8403,2016-01-27,2017-01-27
75-781979,75,Event Permit Holder,ACTIVE,Event Production Co,Robert Miller,9612 7th Ln,Bakersfield,CA,91314,Kern,(661) 862-8502,2024-12-10,2025-12-10
75-330956,75,Event Permit Holder,ACTIVE,Festival Services,Michael Hernandez,285 Madison Ln #462,Delano,CA,90096,Kern,(805) 989-4121,2020-09-06,2021-09-06
75-242738,75,Event Permit Holder,ACTIVE,TheFestival Services Bakersfield Valley LLC 81,Maria Gonzalez,9426 Jefferson Ct,Bakersfield,CA,95495,Kern,(661) 426-8622,2011-03-06,2012-03-06
75-466247,75,Event Permit Holder,ACTIVE,Venue Management LLC,Maria Davis,642 4th Ct #641,Bakersfield,CA,91943,Kern,(805) 453-6337,2011-05-15,2012-05-15
75-787408,75,Event Permit Holder,ACTIVE,Venue Management Bakersfield Company 84,Christopher Davis,9883 Washington Dr,Bakersfield,CA,90212,Kern,(661) 921-4111,2004-12-12,2005-12-12
75-915328,75,Event Permit Holder,ACTIVE,Venue Management Delano,Michelle Martin,6016 2nd Blvd #150,Delano,CA,93502,Kern,(805) 722-1770,2016-06-16,2017-06-16
75-497147,75,Event Permit Holder,ACTIVE,Event Planning Company,David Hernandez,6150 Pico Ln,Bakersfield,CA,93808,Kern,(661) 969-6447,2011-12-24,2012-12-24
75-508889,75,Event Permit Holder,ACTIVE,Event Production Delano Inc,John Hernandez,6449 Franklin Ave,Delano,CA,93912,Kern,(805) 756-5108,2005-02-23,2006-02-23
75-637292,75,Event Permit Holder,ACTIVE,Festival Services Bakersfield,Daniel Miller Johnson,4545 Maple Blvd,Bakersfield,CA,91965,Kern,(661) 852-6372,2001-01-08,2002-01-08
