license_number,license_type,license_type_name,status,business_name,owner_name,address,city,state,zip,county,phone,issue_date,expiration_date
41-335113,41,On-Sale Beer & Wine - Eating Place,ACTIVE,OldSpot Inc 26,Anthony Rodriguez,433 Washington Blvd,Tulare,CA,93879,Tulare,(559) 777-4571,2005-10-20,2006-10-20
41-962570,41,On-Sale Beer & Wine - Eating Place,ACTIVE,OldBistro Tulare Inc 39,Maria Jackson,628 4th Ln,Porterville,CA,90712,Tulare,(559) 320-4882,2022-10-21,2023-10-21
41-470281,41,On-Sale Beer & Wine - Eating Place,ACTIVE,NewSpot Tulare Inc 93,Anthony Gonzalez,9260 Lincoln Rd,Tulare,CA,92265,Tulare,(559) 820-4187,2008-03-14,2009-03-14
41-195071,41,On-Sale Beer & Wine - Eating Place,ACTIVE,OldKitchen Porterville Group 23,Mark Williams Anderson,9184 Broadway Way,Porterville,CA,92448,Tulare,(559) 309-6886,2023-04-05,2024-04-05
41-485957,41,On-Sale Beer & Wine - Eating Place,ACTIVE,Corner LLC,Matthew Wilson,6823 Franklin Ct #511,Visalia,CA,91024,Tulare,(559) 413-7648,2014-08-13,2015-08-13
41-946541,41,On-Sale Beer & Wine - Eating Place,ACTIVE,Restaurant Co,Christopher Jackson,9155 Jefferson Pl,Porterville,CA,94277,Tulare,(559) 348-9769,2018-04-05,2019-04-05
41-946214,41,On-Sale Beer & Wine - Eating Place,ACTIVE,Bistro Corp,Steven Garcia,7158 Madison Blvd,Tulare,CA,93827,Tulare,(559) 727-8548,2013-01-27,2014-01-27
41-601501,41,On-Sale Beer & Wine - Eating Place,ACTIVE,Tavern Porterville Heights,Maria Miller,1742 Lincoln Blvd,Porterville,CA,94943,Tulare,(559) 642-9009,2004-12-23,2005-12-23
41-858884,41,On-Sale Beer & Wine - Eating Place,ACTIVE,Eatery,Michael Martinez,5938 1st Dr #164,Tulare,CA,92627,Tulare,(559) 239-4109,2014-08-18,2015-08-18
41-386764,41,On-Sale Beer & Wine - Eating Place,ACTIVE,Place 57,Michelle Anderson,646 3rd St,Visalia,CA,94581,Tulare,(559) 689-4751,2003-12-04,2004-12-04
41-189208,41,On-Sale Beer & Wine - Eating Place,ACTIVE,Bistro Tulare 38,Maria Rodriguez Rodriguez,685 Front St,Tulare,CA,95916,Tulare,(559) 362-1375,2018-06-14,2019-06-14
41-868874,41,On-Sale Beer & Wine - Eating Place,ACTIVE,NewPlace Company 26,Anthony Wilson,6449 7th Pl,Tulare,CA,95965,Tulare,(559) 444-9253,2002-06-16,2003-06-16
41-791023,41,On-Sale Beer & Wine - Eating Place,ACTIVE,TheDiner Visalia Heights 62,Christopher Martinez,1493 2nd St #307,Visalia,CA,96045,Tulare,(559) 262-9267,2016-11-10,2017-11-10
41-242409,41,On-Sale Beer & Wine - Eating Place,ACTIVE,Bistro Tulare Co,Matthew Davis,9096 Mission Ave,Tulare,CA,94733,Tulare,(559) 605-8810,2000-04-21,2001-04-21
41-845511,41,On-Sale Beer & Wine - Eating Place,ACTIVE,Eatery 70,Kenneth Moore,8382 State Blvd #116,Visalia,CA,96128,Tulare,(559) 673-6426,2021-09-26,2022-09-26
41-811797,41,On-Sale Beer & Wine - Eating Place,ACTIVE,TheCafe Group 39,Mark Davis,8315 Mission Ave,Tulare,CA,95357,Tulare,(559) 983-4201,2011-03-16,2012-03-16
41-861239,41,On-Sale Beer & Wine - Eating Place,ACTIVE,Spot,Steven Brown,6704 Maple Ln #459,Tulare,CA,96145,Tulare,(559) 965-6544,2010-09-01,2011-09-01
41-323462,41,On-Sale Beer & Wine - Eating Place,ACTIVE,TheTavern Company 11,William Rodriguez,193 Mission Ln,Tulare,CA,93389,Tulare,(559) 278-3589,2000-07-03,2001-07-03
41-993019,41,On-Sale Beer & Wine - Eating Place,ACTIVE,Corner Visalia Corp,Andrew Thomas Gonzalez,3788 Franklin Rd #831,Visalia,CA,93392,Tulare,(559) 925-9743,2008-10-28,2009-10-28
41-400754,41,On-Sale Beer & Wine - Eating Place,ACTIVE,Diner Visalia Company,Kenneth Hernandez,8523 Oak St,Visalia,CA,95343,Tulare,(559) 272-4921,2009-04-11,2010-04-11
41-838674,41,On-Sale Beer & Wine - Eating Place,ACTIVE,Restaurant Corp,William Hernandez Jones,6059 Pico Pl #498,Visalia,CA,92210,Tulare,(559) 540-2864,2005-03-01,2006-03-01
41-439258,41,On-Sale Beer & Wine - Eating Place,ACTIVE,Kitchen Porterville Corp,Anthony Taylor Anderson,9226 5th Blvd #158,Porterville,CA,93125,Tulare,(559) 629-6709,2022-02-21,2023-02-21
41-977423,41,On-Sale Beer & Wine - Eating Place,ACTIVE,Corner,Paul Moore Garcia,6338 Broadway Way,Tulare,CA,93720,Tulare,(559) 703-8424,2002-05-04,2003-05-04
41-437127,41,On-Sale Beer & Wine - Eating Place,ACTIVE,Spot LLC,John Brown,6221 Jefferson Way,Tulare,CA,95752,Tulare,(559) 634-1217,2020-09-04,2021-09-04
41-736652,41,On-Sale Beer & Wine - Eating Place,ACTIVE,OldHouse Tulare Company 24,John Anderson Brown,9207 Franklin Dr #452,Tulare,CA,95429,Tulare,(559) 222-8854,2019-01-26,2020-01-26
41-646336,41,On-Sale Beer & Wine - Eating Place,ACTIVE,OldCafe Porterville 52,Anthony Martin Davis,9556 Madison Pl #888,Porterville,CA,95535,Tulare,(559) 886-6830,2011-07-10,2012-07-10
41-866023,41,On-Sale Beer & Wine - Eating Place,ACTIVE,TheEatery Tulare LLC 53,Christopher Moore,8246 State Blvd,Tulare,CA,95949,Tulare,(559) 518-1837,2015-05-08,2016-05-08
41-756562,41,On-Sale Beer & Wine - Eating Place,ACTIVE,OldEatery Tulare LLC 43,John Lopez,962 3rd Way,Tulare,CA,93081,Tulare,(559) 256-6899,2016-06-21,2017-06-21
41-930488,41,On-Sale Beer & Wine - Eating Place,ACTIVE,NewSpot 80,Daniel Martin,8579 Wilshire Rd,Porterville,CA,95252,Tulare,(559) 736-5448,2024-08-07,2025-08-07
41-181398,41,On-Sale Beer & Wine - Eating Place,ACTIVE,Bistro Tulare,Christopher Moore,5899 Hollywood Dr,Visalia,CA,93560,Tulare,(559) 441-1903,2005-02-20,2006-02-20
41-967365,41,On-Sale Beer & Wine - Eating Place,ACTIVE,Restaurant Porterville Group,William Thomas Jackson,2462 Pico Rd,Porterville,CA,94023,Tulare,(559) 416-1813,2004-10-28,2005-10-28
41-366952,41,On-Sale Beer & Wine - Eating Place,ACTIVE,Cafe,Andrew Martinez Smith,8236 Hollywood Blvd #146,Visalia,CA,95396,Tulare,(559) 254-4001,2014-10-20,2015-10-20
41-564355,41,On-Sale Beer & Wine - Eating Place,ACTIVE,Tavern Porterville,Paul Martinez,1743 1st St #985,Porterville,CA,92172,Tulare,(559) 503-8325,2009-02-25,2010-02-25
41-297038,41,On-Sale Beer & Wine - Eating Place,ACTIVE,House Porterville Corp,John Anderson,991 State Pl,Porterville,CA,90326,Tulare,(559) 733-4201,2014-04-06,2015-04-06
41-878992,41,On-Sale Beer & Wine - Eating Place,ACTIVE,Kitchen,Lisa Jackson,4800 Franklin Blvd,Tulare,CA,93269,Tulare,(559) 213-1267,2010-10-02,2011-10-02
41-150140,41,On-Sale Beer & Wine - Eating Place,ACTIVE,Cafe,William Johnson Wilson,2708 Maple Ct,Visalia,CA,93973,Tulare,(559) 891-5324,2023-06-08,2024-06-08
41-425684,41,On-Sale Beer & Wine - Eating Place,ACTIVE,Cafe Tulare LLC 43,Steven Brown,9930 6th Blvd,Tulare,CA,94365,Tulare,(559) 420-3383,2000-02-06,2001-02-06
41-197289,41,On-Sale Beer & Wine - Eating Place,ACTIVE,TheBistro Tulare 2,Lisa Smith Martin,1773 Washington St,Porterville,CA,91908,Tulare,(559) 774-5049,2001-07-22,2002-07-22
41-540167,41,On-Sale Beer & Wine - Eating Place,ACTIVE,Tavern LLC,William Johnson Jackson,9871 Hollywood Ave #267,Porterville,CA,92038,Tulare,(559) 802-9531,2020-01-03,2021-01-03
41-901154,41,On-Sale Beer & Wine - Eating Place,ACTIVE,Eatery Porterville Heights,Daniel Wilson,7325 Oak Blvd,Porterville,CA,92305,Tulare,(559) 900-8052,2019-09-22,2020-09-22
41-590550,41,On-Sale Beer & Wine - Eating Place,ACTIVE,Spot Co 31,Christopher Smith Williams,2586 State Way,Tulare,CA,95434,Tulare,(559) 969-1582,2003-10-05,2004-10-05
41-827623,41,On-Sale Beer & Wine - Eating Place,ACTIVE,House,Andrew Thomas,8485 Broadway Blvd #570,Visalia,CA,93313,Tulare,(559) 724-4150,2003-01-18,2004-01-18
41-234398,41,On-Sale Beer & Wine - Eating Place,ACTIVE,Place Tulare,Maria Rodriguez,9503 6th Way,Visalia,CA,92223,Tulare,(559) 285-4168,2003-03-20,2004-03-20
41-475899,41,On-Sale Beer & Wine - Eating Place,ACTIVE,House Visalia,Maria Thomas,7116 3rd Pl #649,Visalia,CA,90332,Tulare,(559) 689-4763,2019-08-25,2020-08-25
41-215207,41,On-Sale Beer & Wine - Eating Place,ACTIVE,Cafe,Maria Jackson,3552 Washington Ave,Porterville,CA,95002,Tulare,(559) 907-8435,2014-04-24,2015-04-24
41-923980,41,On-Sale Beer & Wine - Eating Place,ACTIVE,Tavern Visalia,Lisa Johnson,4051 Madison Pl #255,Visalia,CA,94630,Tulare,(559) 370-2452,2021-03-14,2022-03-14
41-860524,41,On-Sale Beer & Wine - Eating Place,ACTIVE,Corner Tulare Heights Company,Daniel Wilson Rodriguez,4258 Hollywood Way,Tulare,CA,91326,Tulare,(559) 845-8023,2020-06-02,2021-06-02
41-661366,41,On-Sale Beer & Wine - Eating Place,ACTIVE,Tavern Company,Andrew Anderson,2230 Sunset Pl,Tulare,CA,90788,Tulare,(559) 799-6203,2016-06-23,2017-06-23
41-894601,41,On-Sale Beer & Wine - Eating Place,ACTIVE,Spot Visalia Hills Inc,Michelle Williams Lopez,9033 7th Rd,Visalia,CA,95306,Tulare,(559) 760-1096,2003-12-27,2004-12-27
41-330963,41,On-Sale Beer & Wine - Eating Place,ACTIVE,Cafe Group,Matthew Jackson Martinez,7669 State Pl,Porterville,CA,95830,Tulare,(559) 645-5731,2015-12-03,2016-12-03
41-171068,41,On-Sale Beer & Wine - Eating Place,ACTIVE,Eatery Tulare Co,Matthew Jones Moore,6068 5th Dr #343,Tulare,CA,92940,Tulare,(559) 280-1676,2006-07-01,2007-07-01
41-745484,41,On-Sale Beer & Wine - Eating Place,ACTIVE,Corner Visalia,Maria Garcia Taylor,1956 7th St #896,Visalia,CA,95507,Tulare,(559) 652-3771,2017-08-15,2018-08-15
41-993829,41,On-Sale Beer & Wine - Eating Place,ACTIVE,Grill Visalia Valley,Daniel Thomas,7024 7th Dr #927,Visalia,CA,94955,Tulare,(559) 786-3365,2006-12-09,2007-12-09
41-421739,41,On-Sale Beer & Wine - Eating Place,ACTIVE,Restaurant Visalia Corp,Steven Smith Lopez,8993 7th Blvd #960,Visalia,CA,94515,Tulare,(559) 344-5246,2012-11-14,2013-11-14
41-177323,41,On-Sale Beer & Wine - Eating Place,ACTIVE,Spot Tulare Corp,Steven Hernandez Jones,2381 Broadway Dr,Tulare,CA,90707,Tulare,(559) 373-3265,2009-08-04,2010-08-04
41-730058,41,On-Sale Beer & Wine - Eating Place,ACTIVE,Eatery Tulare Company,Michelle Thomas,1849 Hollywood Way,Tulare,CA,93614,Tulare,(559) 725-6029,2018-05-04,2019-05-04
41-812761,41,On-Sale Beer & Wine - Eating Place,ACTIVE,Restaurant LLC,Matthew Rodriguez,2244 Franklin Blvd #696,Porterville,CA,91791,Tulare,(559) 469-7547,2022-08-11,2023-08-11
41-209971,41,On-Sale Beer & Wine - Eating Place,ACTIVE,Grill,Michael Lopez,1217 Ocean Rd,Visalia,CA,93814,Tulare,(559) 504-6449,2021-09-02,2022-09-02
41-923269,41,On-Sale Beer & Wine - Eating Place,ACTIVE,TheCorner Porterville Valley 38,Robert Davis,9899 6th Pl #478,Porterville,CA,95323,Tulare,(559) 576-3630,2014-05-05,2015-05-05
41-534158,41,On-Sale Beer & Wine - Eating Place,ACTIVE,OldEatery 15,Jennifer Taylor,6261 3rd Blvd #364,Porterville,CA,92865,Tulare,(559) 917-1082,2023-08-15,2024-08-15
41-309286,41,On-Sale Beer & Wine - Eating Place,ACTIVE,Eatery,Mark Thomas,3191 State Ln,Porterville,CA,91645,Tulare,(559) 622-1909,2013-03-06,2014-03-06
41-210611,41,On-Sale Beer & Wine - Eating Place,ACTIVE,Place Visalia Company,Anthony Martin,3156 Madison Way,Visalia,CA,90613,Tulare,(559) 321-8855,2011-12-07,2012-12-07
41-243603,41,On-Sale Beer & Wine - Eating Place,ACTIVE,Kitchen Corp,Maria Thomas,5193 Oak St #836,Porterville,CA,94110,Tulare,(559) 234-2189,2005-09-15,2006-09-15
41-620951,41,On-Sale Beer & Wine - Eating Place,ACTIVE,House Tulare 25,Maria Miller,4499 2nd Dr,Porterville,CA,94403,Tulare,(559) 819-8315,2006-07-24,2007-07-24
41-721438,41,On-Sale Beer & Wine - Eating Place,ACTIVE,NewCorner Porterville 45,William Davis,2798 2nd Ct,Porterville,CA,91201,Tulare,(559) 575-5884,2006-03-28,2007-03-28
41-837604,41,On-Sale Beer & Wine - Eating Place,ACTIVE,OldCorner Porterville Inc 90,Maria Martinez,651 7th Rd,Porterville,CA,94240,Tulare,(559) 837-9426,2016-09-23,2017-09-23
41-219702,41,On-Sale Beer & Wine - Eating Place,ACTIVE,Place Porterville Group,Lisa Martin,7195 Main St,Porterville,CA,92508,Tulare,(559) 464-7701,2005-11-19,2006-11-19
41-868089,41,On-Sale Beer & Wine - Eating Place,ACTIVE,Diner Porterville,Mark Davis Brown,8297 5th Blvd,Porterville,CA,95334,Tulare,(559) 390-9872,2018-10-16,2019-10-16
41-856765,41,On-Sale Beer & Wine - Eating Place,ACTIVE,NewEatery Tulare LLC 49,Kenneth Garcia,8934 7th St #313,Visalia,CA,95403,Tulare,(559) 831-3671,2012-06-11,2013-06-11
41-232831,41,On-Sale Beer & Wine - Eating Place,ACTIVE,Diner Tulare Valley LLC,William Moore,4373 Sunset Ct #175,Tulare,CA,95009,Tulare,(559) 222-6877,2011-02-27,2012-02-27
41-734768,41,On-Sale Beer & Wine - Eating Place,ACTIVE,Eatery,Anthony Thomas,985 4th Ln,Porterville,CA,92469,Tulare,(559) 957-4693,2014-07-14,2015-07-14
41-345125,41,On-Sale Beer & Wine - Eating Place,ACTIVE,Corner Inc,Robert Wilson,6368 State Ln,Porterville,CA,90713,Tulare,(559) 552-4707,2006-10-01,2007-10-01
41-676063,41,On-Sale Beer & Wine - Eating Place,ACTIVE,Tavern Inc,Steven Jackson,5537 Ocean Ln,Tulare,CA,93737,Tulare,(559) 490-8068,2012-12-05,2013-12-05
41-804617,41,On-Sale Beer & Wine - Eating Place,ACTIVE,Tavern Co,Maria Smith,8713 Wilshire Way #784,Tulare,CA,94609,Tulare,(559) 211-8200,2015-07-09,2016-07-09
41-962958,41,On-Sale Beer & Wine - Eating Place,ACTIVE,Bistro LLC,Mark Taylor,9145 7th Ave #451,Porterville,CA,90245,Tulare,(559) 365-9004,2015-03-01,2016-03-01
41-219707,41,On-Sale Beer & Wine - Eating Place,ACTIVE,Corner LLC,David Davis,4715 3rd Rd,Tulare,CA,90282,Tulare,(559) 869-6167,2009-06-14,2010-06-14
41-834051,41,On-Sale Beer & Wine - Eating Place,ACTIVE,NewRestaurant Company 4,James Davis,8909 4th Pl #831,Visalia,CA,91642,Tulare,(559) 330-7128,2006-03-01,2007-03-01
41-856397,41,On-Sale Beer & Wine - Eating Place,ACTIVE,Kitchen Visalia,David Johnson,5853 5th Ave,Visalia,CA,92838,Tulare,(559) 281-9483,2001-07-27,2002-07-27
41-739603,41,On-Sale Beer & Wine - Eating Place,ACTIVE,TheCafe 10,Paul Brown,1193 Front Ln,Porterville,CA,92194,Tulare,(559) 228-3544,2018-03-24,2019-03-24
41-128810,41,On-Sale Beer & Wine - Eating Place,ACTIVE,Restaurant Inc,Michelle Lopez,7010 Jefferson Rd,Visalia,CA,92253,Tulare,(559) 642-5631,2000-11-08,2001-11-08
41-371838,41,On-Sale Beer & Wine - Eating Place,ACTIVE,Spot Tulare 64,Daniel Martinez,2678 Maple Way,Tulare,CA,94444,Tulare,(559) 693-8967,2000-05-21,2001-05-21
41-985730,41,On-Sale Beer & Wine - Eating Place,ACTIVE,Kitchen Tulare,Christopher Smith,4435 Sunset Pl #671,Tulare,CA,95331,Tulare,(559) 691-6305,2013-12-04,2014-12-04
41-113363,41,On-Sale Beer & Wine - Eating Place,ACTIVE,OldEatery Co 41,James Garcia,9300 Oak St,Tulare,CA,92602,Tulare,(559) 296-9404,2023-06-09,2024-06-09
41-743654,41,On-Sale Beer & Wine - Eating Place,ACTIVE,Restaurant Tulare Hills,William Wilson,7267 Pico Way #603,Tulare,CA,90912,Tulare,(559) 671-4428,2006-11-04,2007-11-04
41-292678,41,On-Sale Beer & Wine - Eating Place,ACTIVE,Restaurant Visalia LLC,Daniel Thomas,2503 Front Dr #495,Visalia,CA,90501,Tulare,(559) 332-1672,2006-08-03,2007-08-03
41-627027,41,On-Sale Beer & Wine - Eating Place,ACTIVE,TheKitchen Visalia Inc 95,Andrew Davis,3597 Lincoln Ct,Visalia,CA,90785,Tulare,(559) 456-2158,2018-06-08,2019-06-08
41-488872,41,On-Sale Beer & Wine - Eating Place,ACTIVE,Bistro Company 100,Maria Garcia,782 Front Rd #208,Visalia,CA,96154,Tulare,(559) 950-3090,2005-07-08,2006-07-08
41-441558,41,On-Sale Beer & Wine - Eating Place,ACTIVE,OldDiner 6,Michelle Lopez,7691 Main Way,Tulare,CA,93623,Tulare,(559) 990-5601,2021-08-18,2022-08-18
41-367122,41,On-Sale Beer & Wine - Eating Place,ACTIVE,NewKitchen LLC 43,Paul Garcia,5075 Lincoln Ave,Tulare,CA,90853,Tulare,(559) 572-6568,2002-09-04,2003-09-04
41-916006,41,On-Sale Beer & Wine - Eating Place,ACTIVE,TheHouse Tulare Co 79,Steven Thomas Jackson,7893 Broadway Pl,Porterville,CA,91670,Tulare,(559) 456-8047,2014-11-08,2015-11-08
41-792906,41,On-Sale Beer & Wine - Eating Place,ACTIVE,Tavern,Daniel Jackson Miller,9350 Lincoln Dr #103,Visalia,CA,92620,Tulare,(559) 230-1783,2010-04-26,2011-04-26
41-465591,41,On-Sale Beer & Wine - Eating Place,ACTIVE,Kitchen,Daniel Lopez,2419 Franklin Pl,Porterville,CA,90305,Tulare,(559) 912-5113,2004-06-09,2005-06-09
41-620749,41,On-Sale Beer & Wine - Eating Place,ACTIVE,House Tulare,Anthony Gonzalez,3599 Sunset Ct,Tulare,CA,91469,Tulare,(559) 207-1070,2016-03-24,2017-03-24
41-641634,41,On-Sale Beer & Wine - Eating Place,ACTIVE,Tavern Tulare,Andrew Miller,2999 Hollywood Ct #568,Visalia,CA,92476,Tulare,(559) 590-6816,2005-11-17,2006-11-17
41-111125,41,On-Sale Beer & Wine - Eating Place,ACTIVE,Bistro Tulare LLC,William Jackson,5934 Franklin Rd,Tulare,CA,94910,Tulare,(559) 587-5050,2001-09-04,2002-09-04
41-349304,41,On-Sale Beer & Wine - Eating Place,ACTIVE,Restaurant LLC,Lisa Davis,2854 Sunset Dr #750,Visalia,CA,93771,Tulare,(559) 491-4302,2001-03-23,2002-03-23
41-320127,41,On-Sale Beer & Wine - Eating Place,ACTIVE,TheTavern 99,Jennifer Taylor Garcia,7344 Madison Ave #660,Porterville,CA,90839,Tulare,(559) 402-8703,2024-06-05,2025-06-05
41-214657,41,On-Sale Beer & Wine - Eating Place,ACTIVE,TheSpot Tulare Co 81,Paul Garcia,6271 Main Way,Tulare,CA,95654,Tulare,(559) 752-7869,2015-01-21,2016-01-21
41-835906,41,On-Sale Beer & Wine - Eating Place,ACTIVE,Grill Tulare Valley Corp,Anthony Anderson,3168 Ocean Pl #860,Tulare,CA,92050,Tulare,(559) 666-4567,2006-05-07,2007-05-07
41-180724,41,On-Sale Beer & Wine - Eating Place,ACTIVE,Tavern Tulare Valley Group,Christopher Moore,8325 Pico Ct #380,Tulare,CA,95981,Tulare,(559) 795-9142,2015-04-21,2016-04-21
41-525566,41,On-Sale Beer & Wine - Eating Place,ACTIVE,Diner Tulare Co,Lisa Hernandez Williams,2458 Lincoln Ave,Porterville,CA,93234,Tulare,(559) 583-5529,2021-08-08,2022-08-08
41-752310,41,On-Sale Beer & Wine - Eating Place,ACTIVE,Spot Tulare Co,Jennifer Williams,5372 Mission Blvd,Visalia,CA,95117,Tulare,(559) 479-1297,2014-12-16,2015-12-16
41-613839,41,On-Sale Beer & Wine - Eating Place,ACTIVE,House LLC,Mark Jackson,2970 6th Dr,Tulare,CA,91897,Tulare,(559) 527-1358,2004-08-21,2005-08-21
41-468670,41,On-Sale Beer & Wine - Eating Place,ACTIVE,Place Tulare Inc,Jennifer Gonzalez,9475 Washington Blvd,Porterville,CA,93723,Tulare,(559) 316-2355,2001-09-13,2002-09-13
41-946314,41,On-Sale Beer & Wine - Eating Place,ACTIVE,OldCafe LLC 62,Michael Wilson,5542 Jefferson Ct,Tulare,CA,90266,Tulare,(559) 442-2485,2015-10-05,2016-10-05
41-259132,41,On-Sale Beer & Wine - Eating Place,ACTIVE,Spot Company,Lisa Miller,5654 Front Way,Porterville,CA,91440,Tulare,(559) 791-3553,2018-02-25,2019-02-25
41-261913,41,On-Sale Beer & Wine - Eating Place,ACTIVE,Spot Visalia Heights,Michael Williams Johnson,5443 Ocean Ave,Visalia,CA,95805,Tulare,(559) 926-9566,2017-11-01,2018-11-01
41-300753,41,On-Sale Beer & Wine - Eating Place,ACTIVE,Cafe Tulare,Mark Miller Williams,6732 1st Pl,Porterville,CA,95140,Tulare,(559) 300-1201,2004-06-13,2005-06-13
41-237057,41,On-Sale Beer & Wine - Eating Place,ACTIVE,Grill Tulare Inc,Maria Johnson,1359 Front Blvd,Porterville,CA,93361,Tulare,(559) 736-3282,2013-03-03,2014-03-03
41-668752,41,On-Sale Beer & Wine - Eating Place,ACTIVE,Spot Visalia Heights,Steven Moore,8474 Broadway Ave,Visalia,CA,95799,Tulare,(559) 913-6880,2017-06-12,2018-06-12
41-741910,41,On-Sale Beer & Wine - Eating Place,ACTIVE,Tavern Tulare,Mark Lopez Davis,4676 Market Dr,Porterville,CA,91286,Tulare,(559) 366-5978,2004-12-02,2005-12-02
41-186009,41,On-Sale Beer & Wine - Eating Place,ACTIVE,Restaurant,Michelle Wilson,6159 Mission Ln,Visalia,CA,91744,Tulare,(559) 584-6843,2013-07-12,2014-07-12
41-748911,41,On-Sale Beer & Wine - Eating Place,ACTIVE,Diner Porterville LLC,David Jackson,2095 Maple Ave #474,Porterville,CA,93239,Tulare,(559) 728-5838,2009-10-07,2010-10-07
41-726504,41,On-Sale Beer & Wine - Eating Place,ACTIVE,Corner 5,Andrew Anderson,1962 Hollywood Blvd #179,Visalia,CA,96196,Tulare,(559) 718-1323,2023-02-19,2024-02-19
41-653786,41,On-Sale Beer & Wine - Eating Place,ACTIVE,House Tulare,Robert Davis,5868 Ocean Pl,Tulare,CA,92665,Tulare,(559) 654-8881,2011-03-10,2012-03-10
41-158174,41,On-Sale Beer & Wine - Eating Place,ACTIVE,Diner Inc,Michelle Lopez,1503 Sunset Way,Visalia,CA,95422,Tulare,(559) 265-3774,2018-02-14,2019-02-14
41-572075,41,On-Sale Beer & Wine - Eating Place,ACTIVE,Corner,Mark Anderson,1439 Lincoln Way,Visalia,CA,94395,Tulare,(559) 406-5969,2006-06-02,2007-06-02
41-570864,41,On-Sale Beer & Wine - Eating Place,ACTIVE,House Inc,Jennifer Williams,5917 6th St,Porterville,CA,94445,Tulare,(559) 768-2618,2016-02-06,2017-02-06
41-433478,41,On-Sale Beer & Wine - Eating Place,ACTIVE,Cafe Porterville Heights LLC,John Anderson,6171 Madison Ln,Porterville,CA,91659,Tulare,(559) 323-3359,2002-01-13,2003-01-13
41-715348,41,On-Sale Beer & Wine - Eating Place,ACTIVE,Kitchen 55,Matthew Rodriguez,5984 Front Ct,Tulare,CA,94712,Tulare,(559) 735-8124,2000-10-01,2001-10-01
41-773645,41,On-Sale Beer & Wine - Eating Place,ACTIVE,Corner,Paul Garcia,6669 Wilshire Ct,Visalia,CA,94631,Tulare,(559) 237-1223,2018-03-27,2019-03-27
41-459137,41,On-Sale Beer & Wine - Eating Place,ACTIVE,NewBistro Co 81,Kenneth Wilson,5481 Ocean Pl,Porterville,CA,95423,Tulare,(559) 571-8871,2015-02-14,2016-02-14
41-230602,41,On-Sale Beer & Wine - Eating Place,ACTIVE,Spot Corp,James Jackson,3848 5th Pl,Visalia,CA,95037,Tulare,(559) 697-9352,2009-06-05,2010-06-05
41-112662,41,On-Sale Beer & Wine - Eating Place,ACTIVE,TheGrill Tulare 21,David Miller Jackson,9174 Sunset Pl,Tulare,CA,93389,Tulare,(559) 546-1389,2005-11-15,2006-11-15
41-340905,41,On-Sale Beer & Wine - Eating Place,ACTIVE,Cafe Tulare 69,Matthew Wilson,7323 Broadway Ln #529,Tulare,CA,93117,Tulare,(559) 770-4082,2017-07-14,2018-07-14
41-922911,41,On-Sale Beer & Wine - Eating Place,ACTIVE,Tavern Visalia Heights,William Thomas,774 Franklin Ave #103,Visalia,CA,92935,Tulare,(559) 374-8518,2004-11-23,2005-11-23
41-903204,41,On-Sale Beer & Wine - Eating Place,ACTIVE,Bistro Corp,Anthony Martinez,6964 Pico Way,Visalia,CA,94796,Tulare,(559) 960-6258,2017-01-15,2018-01-15
41-176923,41,On-Sale Beer & Wine - Eating Place,ACTIVE,House LLC,Maria Gonzalez Moore,622 Market Pl #452,Porterville,CA,90439,Tulare,(559) 579-7724,2019-11-15,2020-11-15
41-925999,41,On-Sale Beer & Wine - Eating Place,ACTIVE,OldRestaurant Company 4,Steven Johnson,7109 3rd Rd,Tulare,CA,90615,Tulare,(559) 300-6706,2016-04-07,2017-04-07
41-935370,41,On-Sale Beer & Wine - Eating Place,ACTIVE,Eatery,Kenneth Brown,3609 Main Way,Porterville,CA,96196,Tulare,(559) 671-6459,2013-02-17,2014-02-17
41-780465,41,On-Sale Beer & Wine - Eating Place,ACTIVE,Restaurant Corp,Maria Brown,7791 2nd Ave #347,Porterville,CA,92736,Tulare,(559) 326-6845,2018-03-26,2019-03-26
41-669163,41,On-Sale Beer & Wine - Eating Place,ACTIVE,Diner,Matthew Smith,643 3rd Way,Visalia,CA,93069,Tulare,(559) 249-5188,2005-02-14,2006-02-14
41-865721,41,On-Sale Beer & Wine - Eating Place,ACTIVE,OldPlace LLC 73,Matthew Anderson,1957 Oak Ln,Porterville,CA,93453,Tulare,(559) 524-9441,2024-03-07,2025-03-07
41-729463,41,On-Sale Beer & Wine - Eating Place,ACTIVE,TheBistro LLC 95,John Jackson Martin,2580 6th St,Porterville,CA,93808,Tulare,(559) 435-8246,2002-05-22,2003-05-22
41-661454,41,On-Sale Beer & Wine - Eating Place,ACTIVE,Place Tulare,Mark Gonzalez,8155 Sunset Pl #342,Tulare,CA,95689,Tulare,(559) 750-9229,2019-12-27,2020-12-27
41-684842,41,On-Sale Beer & Wine - Eating Place,ACTIVE,House,Michael Jackson,3482 Oak St,Porterville,CA,92965,Tulare,(559) 253-2766,2006-08-27,2007-08-27
41-972644,41,On-Sale Beer & Wine - Eating Place,ACTIVE,Grill Company,Kenneth Davis,9554 Pico Blvd,Tulare,CA,91336,Tulare,(559) 262-8630,2011-04-21,2012-04-21
41-612789,41,On-Sale Beer & Wine - Eating Place,ACTIVE,Restaurant Tulare Co,Kenneth Smith,131 2nd Pl #445,Tulare,CA,94359,Tulare,(559) 781-1518,2001-06-10,2002-06-10
41-465377,41,On-Sale Beer & Wine - Eating Place,ACTIVE,Eatery,Daniel Smith Jones,5168 Main Way,Porterville,CA,96028,Tulare,(559) 860-5509,2017-07-01,2018-07-01
41-927657,41,On-Sale Beer & Wine - Eating Place,ACTIVE,Spot Group,Robert Smith,5769 Main Ct,Visalia,CA,93563,Tulare,(559) 788-4703,2014-04-23,2015-04-23
41-995775,41,On-Sale Beer & Wine - Eating Place,ACTIVE,Grill Group,Michael Martinez Rodriguez,5225 Maple Ln,Tulare,CA,92142,Tulare,(559) 982-5793,2000-01-20,2001-01-20
41-393288,41,On-Sale Beer & Wine - Eating Place,ACTIVE,Tavern Tulare Corp,Kenneth Wilson,5310 Front Rd #312,Tulare,CA,93346,Tulare,(559) 498-2046,2000-07-02,2001-07-02
41-882959,41,On-Sale Beer & Wine - Eating Place,ACTIVE,Cafe,Andrew Hernandez Garcia,667 Oak Way #873,Visalia,CA,91194,Tulare,(559) 513-8598,2006-02-20,2007-02-20
41-795859,41,On-Sale Beer & Wine - Eating Place,ACTIVE,Eatery 4,Jennifer Taylor,5205 Lincoln Ln,Porterville,CA,94160,Tulare,(559) 233-7899,2020-01-19,2021-01-19
41-125299,41,On-Sale Beer & Wine - Eating Place,ACTIVE,TheKitchen Tulare Valley Group 88,Matthew Hernandez Thomas,8162 Hollywood St #226,Tulare,CA,94351,Tulare,(559) 375-7004,2022-10-02,2023-10-02
41-446787,41,On-Sale Beer & Wine - Eating Place,ACTIVE,Place Tulare,Steven Smith,566 3rd Way #308,Visalia,CA,95896,Tulare,(559) 971-6619,2000-10-27,2001-10-27
41-149814,41,On-Sale Beer & Wine - Eating Place,ACTIVE,Diner,Jennifer Smith Davis,2815 Broadway Ln,Tulare,CA,95964,Tulare,(559) 527-3315,2019-03-16,2020-03-16
41-611190,41,On-Sale Beer & Wine - Eating Place,ACTIVE,TheRestaurant Porterville 78,Anthony Williams,9769 1st Ln,Porterville,CA,92875,Tulare,(559) 740-4750,2004-04-26,2005-04-26
41-376054,41,On-Sale Beer & Wine - Eating Place,ACTIVE,House Visalia Co,Maria Williams Jackson,1619 Jefferson Ln,Visalia,CA,94651,Tulare,(559) 487-7095,2006-12-26,2007-12-26
41-338216,41,On-Sale Beer & Wine - Eating Place,ACTIVE,Grill,Anthony Taylor Taylor,7652 Main Ln,Porterville,CA,94981,Tulare,(559) 957-2906,2019-07-14,2020-07-14
41-913226,41,On-Sale Beer & Wine - Eating Place,ACTIVE,TheKitchen Tulare Valley 9,William Moore,6718 Main Rd,Tulare,CA,93144,Tulare,(559) 425-7867,2006-08-02,2007-08-02
41-401804,41,On-Sale Beer & Wine - Eating Place,ACTIVE,Place Tulare,Mark Moore,3948 Sunset Ave,Tulare,CA,93531,Tulare,(559) 975-4219,2002-08-04,2003-08-04
41-598398,41,On-Sale Beer & Wine - Eating Place,ACTIVE,NewHouse Co 47,James Garcia,229 Washington Dr,Visalia,CA,93682,Tulare,(559) 532-1752,2004-11-02,2005-11-02
41-610194,41,On-Sale Beer & Wine - Eating Place,ACTIVE,Corner Visalia Hills,Christopher Jackson,2270 Oak Blvd,Visalia,CA,92188,Tulare,(559) 665-2224,2017-07-15,2018-07-15
41-666122,41,On-Sale Beer & Wine - Eating Place,ACTIVE,Eatery,Christopher Thomas,4393 7th St,Tulare,CA,92431,Tulare,(559) 550-2260,2023-02-24,2024-02-24
41-924213,41,On-Sale Beer & Wine - Eating Place,ACTIVE,NewCorner Tulare Co 54,John Wilson,3349 2nd Rd,Tulare,CA,91402,Tulare,(559) 792-3825,2004-12-01,2005-12-01
41-266535,41,On-Sale Beer & Wine - Eating Place,ACTIVE,Place Group,Anthony Martinez Hernandez,6036 Jefferson Ave,Visalia,CA,94611,Tulare,(559) 685-4355,2014-08-11,2015-08-11
41-686291,41,On-Sale Beer & Wine - Eating Place,ACTIVE,TheRestaurant Tulare 98,Daniel Davis,4939 Maple Ave,Tulare,CA,93222,Tulare,(559) 839-4831,2008-11-11,2009-11-11
41-979245,41,On-Sale Beer & Wine - Eating Place,ACTIVE,Spot Co,Maria Lopez,4410 1st St,Tulare,CA,92854,Tulare,(559) 888-9448,2006-04-19,2007-04-19
41-339143,41,On-Sale Beer & Wine - Eating Place,ACTIVE,Cafe,Mark Thomas,4663 6th Blvd,Visalia,CA,92682,Tulare,(559) 933-9374,2006-06-22,2007-06-22
41-952331,41,On-Sale Beer & Wine - Eating Place,ACTIVE,Spot Company,Robert Martinez,5284 Hollywood Ln,Tulare,CA,92818,Tulare,(559) 863-3601,2002-04-12,2003-04-12
41-686943,41,On-Sale Beer & Wine - Eating Place,ACTIVE,OldCorner Tulare Valley 81,Andrew Miller,1560 Pico Ave,Tulare,CA,90476,Tulare,(559) 382-6683,2000-04-08,2001-04-08
41-806892,41,On-Sale Beer & Wine - Eating Place,ACTIVE,Spot Inc,Michelle Moore,8164 1st Blvd,Tulare,CA,93428,Tulare,(559) 924-4074,2008-07-13,2009-07-13
41-769988,41,On-Sale Beer & Wine - Eating Place,ACTIVE,Grill,Matthew Smith,7172 5th Ave,Tulare,CA,95841,Tulare,(559) 615-5271,2008-12-10,2009-12-10
41-565684,41,On-Sale Beer & Wine - Eating Place,ACTIVE,Diner,Christopher Hernandez Taylor,4253 Franklin Pl #234,Visalia,CA,94667,Tulare,(559) 589-6320,2012-12-18,2013-12-18
41-832867,41,On-Sale Beer & Wine - Eating Place,ACTIVE,Place Group,Michael Martinez Thomas,5868 Broadway Pl #859,Tulare,CA,94563,Tulare,(559) 314-4477,2013-07-12,2014-07-12
41-142957,41,On-Sale Beer & Wine - Eating Place,ACTIVE,Spot Company,Michelle Davis,2655 Main Blvd,Porterville,CA,92633,Tulare,(559) 237-3148,2014-08-27,2015-08-27
41-745942,41,On-Sale Beer & Wine - Eating Place,ACTIVE,Bistro Tulare Heights,Matthew Williams Miller,8467 6th Ave,Tulare,CA,94526,Tulare,(559) 743-6686,2013-03-26,2014-03-26
41-203990,41,On-Sale Beer & Wine - Eating Place,ACTIVE,Tavern Porterville,Maria Williams,7171 Madison Way,Porterville,CA,92099,Tulare,(559) 968-9271,2010-09-01,2011-09-01
41-584410,41,On-Sale Beer & Wine - Eating Place,ACTIVE,Spot,Maria Anderson,8630 Jefferson Dr,Visalia,CA,93602,Tulare,(559) 351-4980,2012-01-15,2013-01-15
41-373696,41,On-Sale Beer & Wine - Eating Place,ACTIVE,Tavern,Matthew Williams,6966 Washington Way,Visalia,CA,90600,Tulare,(559) 318-8873,2012-03-10,2013-03-10
41-147503,41,On-Sale Beer & Wine - Eating Place,ACTIVE,OldPlace Visalia 84,Anthony Johnson,2257 1st Dr #560,Visalia,CA,94739,Tulare,(559) 317-5723,2008-02-14,2009-02-14
41-919214,41,On-Sale Beer & Wine - Eating Place,ACTIVE,House,Jennifer Brown Jackson,7802 Pico Pl #216,Visalia,CA,94355,Tulare,(559) 588-6585,2015-03-10,2016-03-10
41-574533,41,On-Sale Beer & Wine - Eating Place,ACTIVE,Diner,Christopher Miller Rodriguez,6335 Sunset Rd,Tulare,CA,92329,Tulare,(559) 906-4120,2005-04-02,2006-04-02
41-297131,41,On-Sale Beer & Wine - Eating Place,ACTIVE,Kitchen Visalia,Michael Anderson,7491 4th Way #803,Visalia,CA,93137,Tulare,(559) 879-2772,2010-12-06,2011-12-06
41-175026,41,On-Sale Beer & Wine - Eating Place,ACTIVE,Restaurant Company,Andrew Wilson Taylor,7655 2nd Ave,Porterville,CA,92137,Tulare,(559) 582-1802,2001-11-11,2002-11-11
41-282674,41,On-Sale Beer & Wine - Eating Place,ACTIVE,Place Porterville,Matthew Martin,7523 Mission St #505,Porterville,CA,94401,Tulare,(559) 753-5744,2010-07-25,2011-07-25
41-746134,41,On-Sale Beer & Wine - Eating Place,ACTIVE,Bistro Tulare,Matthew Johnson Moore,9462 3rd Dr,Porterville,CA,90371,Tulare,(559) 293-5084,2004-11-12,2005-11-12
41-933126,41,On-Sale Beer & Wine - Eating Place,ACTIVE,Cafe Porterville,Paul Anderson Johnson,4610 Hollywood St,Porterville,CA,90991,Tulare,(559) 839-6675,2011-04-03,2012-04-03
41-459623,41,On-Sale Beer & Wine - Eating Place,ACTIVE,Eatery,Lisa Garcia,3784 Lincoln Rd #736,Tulare,CA,91578,Tulare,(559) 296-8838,2011-11-03,2012-11-03
41-491546,41,On-Sale Beer & Wine - Eating Place,ACTIVE,NewSpot LLC 10,John Smith,5987 Madison Way #748,Visalia,CA,96079,Tulare,(559) 227-9622,2011-07-25,2012-07-25
41-726201,41,On-Sale Beer & Wine - Eating Place,ACTIVE,Spot,Paul Garcia,2554 Oak Dr,Tulare,CA,95843,Tulare,(559) 249-9765,2017-11-21,2018-11-21
41-949292,41,On-Sale Beer & Wine - Eating Place,ACTIVE,Diner Corp,Maria Jackson Martin,6290 Oak Pl,Visalia,CA,90028,Tulare,(559) 663-9363,2021-11-25,2022-11-25
41-148285,41,On-Sale Beer & Wine - Eating Place,ACTIVE,Corner Visalia,Anthony Anderson Smith,2599 1st Ln #722,Visalia,CA,95897,Tulare,(559) 913-7296,2017-01-17,2018-01-17
41-592257,41,On-Sale Beer & Wine - Eating Place,ACTIVE,TheEatery Porterville Company 36,Maria Miller,229 Wilshire Rd,Porterville,CA,90173,Tulare,(559) 410-5120,2005-08-07,2006-08-07
41-787844,41,On-Sale Beer & Wine - Eating Place,ACTIVE,House,David Moore,2928 Madison St,Porterville,CA,94581,Tulare,(559) 328-5441,2013-05-09,2014-05-09
41-826519,41,On-Sale Beer & Wine - Eating Place,ACTIVE,Tavern Visalia Inc,Michelle Wilson,6989 1st Dr #554,Visalia,CA,90058,Tulare,(559) 831-4722,2019-09-01,2020-09-01
41-589777,41,On-Sale Beer & Wine - Eating Place,ACTIVE,Place,William Anderson Jackson,6224 Oak Ave,Porterville,CA,94983,Tulare,(559) 767-9502,2014-05-14,2015-05-14
41-606807,41,On-Sale Beer & Wine - Eating Place,ACTIVE,Spot Tulare Company,John Johnson,8202 5th Ave,Visalia,CA,92252,Tulare,(559) 914-6084,2001-11-05,2002-11-05
41-416351,41,On-Sale Beer & Wine - Eating Place,ACTIVE,Spot,Kenneth Martin,2137 Sunset Ct,Tulare,CA,95315,Tulare,(559) 820-2326,2004-09-28,2005-09-28
41-929426,41,On-Sale Beer & Wine - Eating Place,ACTIVE,Corner Group,John Jones,5117 State Ave,Porterville,CA,93201,Tulare,(559) 293-4719,2018-07-08,2019-07-08
41-733222,41,On-Sale Beer & Wine - Eating Place,ACTIVE,Spot Porterville,Mark Hernandez,4653 Ocean Ave,Porterville,CA,93901,Tulare,(559) 749-5233,2018-09-20,2019-09-20
41-458587,41,On-Sale Beer & Wine - Eating Place,ACTIVE,Bistro Visalia,Michelle Jones,5599 Main Ave,Visalia,CA,90304,Tulare,(559) 961-4681,2005-05-23,2006-05-23
41-118639,41,On-Sale Beer & Wine - Eating Place,ACTIVE,OldDiner Porterville Valley Inc 85,David Brown,436 Franklin Ave,Porterville,CA,94627,Tulare,(559) 529-6482,2011-08-13,2012-08-13
41-764824,41,On-Sale Beer & Wine - Eating Place,ACTIVE,House Corp,Michael Miller,8699 7th Ave,Tulare,CA,93832,Tulare,(559) 990-3149,2021-08-07,2022-08-07
41-177680,41,On-Sale Beer & Wine - Eating Place,ACTIVE,House Tulare Hills Corp,Lisa Martin,3322 Ocean Rd #320,Tulare,CA,91040,Tulare,(559) 743-7292,2009-02-13,2010-02-13
41-167244,41,On-Sale Beer & Wine - Eating Place,ACTIVE,TheSpot Tulare 29,Andrew Garcia,4396 Maple St #360,Porterville,CA,93166,Tulare,(559) 417-5898,2018-09-24,2019-09-24
41-503324,41,On-Sale Beer & Wine - Eating Place,ACTIVE,Diner Co,Matthew Miller,2548 Ocean Dr #257,Tulare,CA,92214,Tulare,(559) 293-6299,2009-07-04,2010-07-04
41-751874,41,On-Sale Beer & Wine - Eating Place,ACTIVE,OldCafe Visalia 42,Christopher Anderson,5984 Madison Blvd,Visalia,CA,90719,Tulare,(559) 266-6010,2019-01-11,2020-01-11
41-541616,41,On-Sale Beer & Wine - Eating Place,ACTIVE,House Visalia Heights LLC,Maria Lopez,9614 Hollywood Pl,Visalia,CA,90024,Tulare,(559) 274-2895,2022-08-22,2023-08-22
41-558224,41,On-Sale Beer & Wine - Eating Place,ACTIVE,Corner Tulare LLC 12,Michael Moore,2538 Lincoln Ave,Visalia,CA,92648,Tulare,(559) 754-1963,2000-09-27,2001-09-27
41-756276,41,On-Sale Beer & Wine - Eating Place,ACTIVE,Place,Mark Moore,4014 Mission St #528,Visalia,CA,95148,Tulare,(559) 752-1919,2016-01-08,2017-01-08
41-829220,41,On-Sale Beer & Wine - Eating Place,ACTIVE,Eatery,Michelle Martinez,9055 Washington Rd,Visalia,CA,93284,Tulare,(559) 499-9412,2004-05-19,2005-05-19
41-472307,41,On-Sale Beer & Wine - Eating Place,ACTIVE,Place Company,Andrew Taylor Lopez,4335 Ocean Ave,Tulare,CA,91018,Tulare,(559) 661-9394,2007-08-22,2008-08-22
41-693364,41,On-Sale Beer & Wine - Eating Place,ACTIVE,Eatery Visalia,Anthony Smith,4439 Franklin Blvd,Visalia,CA,91710,Tulare,(559) 546-6900,2016-08-19,2017-08-19
41-769282,41,On-Sale Beer & Wine - Eating Place,ACTIVE,Spot LLC,Daniel Hernandez,4181 3rd Blvd #518,Porterville,CA,91079,Tulare,(559) 519-3994,2001-06-16,2002-06-16
41-184177,41,On-Sale Beer & Wine - Eating Place,ACTIVE,Grill,Christopher Williams,5782 2nd Ct #674,Porterville,CA,93654,Tulare,(559) 444-1568,2016-09-02,2017-09-02
41-312334,41,On-Sale Beer & Wine - Eating Place,ACTIVE,Corner Porterville Company,Matthew Martinez Moore,6198 3rd Ct #522,Porterville,CA,92765,Tulare,(559) 384-8963,2011-07-26,2012-07-26
41-281007,41,On-Sale Beer & Wine - Eating Place,ACTIVE,Corner Tulare Inc,Steven Thomas,3569 Sunset Way #689,Porterville,CA,91567,Tulare,(559) 907-4650,2019-06-13,2020-06-13
41-860876,41,On-Sale Beer & Wine - Eating Place,ACTIVE,Place Visalia,Jennifer Johnson Johnson,3813 Washington Blvd,Visalia,CA,90012,Tulare,(559) 461-5195,2024-07-02,2025-07-02
41-582154,41,On-Sale Beer & Wine - Eating Place,ACTIVE,Spot Co,Christopher Miller,7611 Madison Way #249,Porterville,CA,94374,Tulare,(559) 287-2649,2019-06-16,2020-06-16
41-402658,41,On-Sale Beer & Wine - Eating Place,ACTIVE,Grill Company 85,Andrew Johnson Gonzalez,1800 Jefferson Rd,Porterville,CA,92921,Tulare,(559) 441-6717,2011-08-10,2012-08-10
41-129666,41,On-Sale Beer & Wine - Eating Place,ACTIVE,Tavern Group,Jennifer Hernandez,5536 6th Dr,Visalia,CA,94892,Tulare,(559) 431-1588,2005-04-18,2006-04-18
41-664974,41,On-Sale Beer & Wine - Eating Place,ACTIVE,Spot Co,Kenneth Wilson,2625 Front Way #132,Visalia,CA,90981,Tulare,(559) 418-8685,2008-04-26,2009-04-26
41-655826,41,On-Sale Beer & Wine - Eating Place,ACTIVE,NewDiner 56,Mark Brown,2728 Pico Way,Visalia,CA,94028,Tulare,(559) 837-9102,2004-05-21,2005-05-21
41-175028,41,On-Sale Beer & Wine - Eating Place,ACTIVE,Corner,Paul Smith Davis,9270 7th Ave,Visalia,CA,91765,Tulare,(559) 899-3738,2020-12-02,2021-12-02
41-657208,41,On-Sale Beer & Wine - Eating Place,ACTIVE,Place,John Rodriguez,293 2nd Pl #566,Visalia,CA,90974,Tulare,(559) 304-2542,2006-11-16,2007-11-16
41-638427,41,On-Sale Beer & Wine - Eating Place,ACTIVE,OldSpot Inc 18,Daniel Rodriguez,7851 2nd Rd,Porterville,CA,95776,Tulare,(559) 579-5060,2020-10-14,2021-10-14
41-468601,41,On-Sale Beer & Wine - Eating Place,ACTIVE,Eatery Tulare 69,Mark Martin,7922 Sunset Ln,Porterville,CA,94606,Tulare,(559) 980-3856,2024-07-02,2025-07-02
41-302997,41,On-Sale Beer & Wine - Eating Place,ACTIVE,Bistro,Michael Miller,8586 1st Ln,Visalia,CA,95602,Tulare,(559) 378-1787,2018-03-03,2019-03-03
41-750044,41,On-Sale Beer & Wine - Eating Place,ACTIVE,Spot,Paul Jackson,348 6th St,Porterville,CA,92994,Tulare,(559) 826-7094,2011-04-25,2012-04-25
41-323212,41,On-Sale Beer & Wine - Eating Place,ACTIVE,Kitchen Tulare,Jennifer Brown Martinez,8445 Maple Ct,Porterville,CA,92580,Tulare,(559) 567-7129,2024-01-04,2025-01-04
41-591217,41,On-Sale Beer & Wine - Eating Place,ACTIVE,Tavern Tulare,Kenneth Taylor,3269 3rd Dr,Tulare,CA,90526,Tulare,(559) 930-6864,2015-11-13,2016-11-13
41-822832,41,On-Sale Beer & Wine - Eating Place,ACTIVE,Bistro Tulare Company,Paul Thomas,6383 4th St,Tulare,CA,94792,Tulare,(559) 924-4383,2013-01-24,2014-01-24
41-432556,41,On-Sale Beer & Wine - Eating Place,ACTIVE,Restaurant,Mark Johnson,2037 Ocean Ct #953,Porterville,CA,91659,Tulare,(559) 860-6128,2024-12-23,2025-12-23
41-866387,41,On-Sale Beer & Wine - Eating Place,ACTIVE,Spot Inc,Matthew Jackson,5511 Main Ln,Visalia,CA,93931,Tulare,(559) 971-4591,2008-10-01,2009-10-01
41-593445,41,On-Sale Beer & Wine - Eating Place,ACTIVE,TheCorner Group 74,David Martinez,2334 Front Pl,Porterville,CA,93631,Tulare,(559) 730-7527,2012-05-26,2013-05-26
41-420934,41,On-Sale Beer & Wine - Eating Place,ACTIVE,NewPlace Tulare Inc 62,Robert Johnson,5900 Madison Ln,Tulare,CA,91182,Tulare,(559) 546-9456,2014-05-21,2015-05-21
41-379984,41,On-Sale Beer & Wine - Eating Place,ACTIVE,OldEatery 38,Anthony Jones,9024 5th St,Porterville,CA,90006,Tulare,(559) 483-8104,2006-03-06,2007-03-06
41-218945,41,On-Sale Beer & Wine - Eating Place,ACTIVE,Restaurant,John Gonzalez,9073 Mission Ave,Porterville,CA,96112,Tulare,(559) 745-8087,2023-05-10,2024-05-10
41-591768,41,On-Sale Beer & Wine - Eating Place,ACTIVE,Kitchen 63,Paul Gonzalez,2630 Maple Way #839,Porterville,CA,96051,Tulare,(559) 788-3018,2002-09-22,2003-09-22
41-504901,41,On-Sale Beer & Wine - Eating Place,ACTIVE,NewHouse 63,Robert Hernandez,9329 4th Way #674,Tulare,CA,94000,Tulare,(559) 738-2171,2016-03-18,2017-03-18
41-208683,41,On-Sale Beer & Wine - Eating Place,ACTIVE,Diner Co,Anthony Brown,7826 Pico Dr,Porterville,CA,95742,Tulare,(559) 776-2461,2022-05-10,2023-05-10
41-174131,41,On-Sale Beer & Wine - Eating Place,ACTIVE,TheKitchen 13,Mark Thomas,9863 Main Way #761,Visalia,CA,90226,Tulare,(559) 808-9207,2017-06-17,2018-06-17
41-670702,41,On-Sale Beer & Wine - Eating Place,ACTIVE,Spot,Mark Moore,3579 Ocean Way #279,Porterville,CA,90002,Tulare,(559) 754-2635,2020-10-27,2021-10-27
41-670136,41,On-Sale Beer & Wine - Eating Place,ACTIVE,Bistro Tulare,Jennifer Anderson,9122 4th Rd #747,Visalia,CA,94700,Tulare,(559) 502-7661,2021-10-16,2022-10-16
41-824806,41,On-Sale Beer & Wine - Eating Place,ACTIVE,Tavern 20,Daniel Taylor,1564 Lincoln Ln #878,Tulare,CA,94524,Tulare,(559) 537-9989,2019-06-08,2020-06-08
41-247969,41,On-Sale Beer & Wine - Eating Place,ACTIVE,House LLC,Lisa Rodriguez,744 Franklin Pl #775,Visalia,CA,90011,Tulare,(559) 737-3371,2014-07-09,2015-07-09
41-849557,41,On-Sale Beer & Wine - Eating Place,ACTIVE,Kitchen Visalia Co,John Williams,633 7th Blvd,Visalia,CA,94326,Tulare,(559) 919-9578,2014-02-13,2015-02-13
41-306232,41,On-Sale Beer & Wine - Eating Place,ACTIVE,Tavern Inc,Paul Miller,2337 Market Dr,Tulare,CA,90111,Tulare,(559) 534-8877,2013-10-05,2014-10-05
41-442177,41,On-Sale Beer & Wine - Eating Place,ACTIVE,House,Lisa Hernandez,9891 Franklin Pl,Visalia,CA,90748,Tulare,(559) 351-5040,2022-11-17,2023-11-17
41-737771,41,On-Sale Beer & Wine - Eating Place,ACTIVE,OldDiner Visalia Valley Corp 45,Maria Davis,7899 4th Dr,Visalia,CA,93630,Tulare,(559) 905-9525,2023-10-14,2024-10-14
41-499274,41,On-Sale Beer & Wine - Eating Place,ACTIVE,Spot Porterville,Kenneth Williams,4739 Front Dr,Porterville,CA,95730,Tulare,(559) 627-9560,2007-12-22,2008-12-22
41-194571,41,On-Sale Beer & Wine - Eating Place,ACTIVE,TheDiner LLC 16,Michelle Smith,2680 1st Pl,Visalia,CA,93626,Tulare,(559) 573-3891,2004-11-12,2005-11-12
41-676425,41,On-Sale Beer & Wine - Eating Place,ACTIVE,House Porterville Hills,Christopher Lopez Williams,7753 Wilshire Way #307,Porterville,CA,93286,Tulare,(559) 219-4196,2013-05-26,2014-05-26
41-921218,41,On-Sale Beer & Wine - Eating Place,ACTIVE,Diner Porterville,Robert Miller,947 1st Way #633,Porterville,CA,91880,Tulare,(559) 803-9191,2017-06-04,2018-06-04
41-979359,41,On-Sale Beer & Wine - Eating Place,ACTIVE,Bistro Company,Mark Williams,2516 Mission Ave #723,Tulare,CA,94545,Tulare,(559) 683-9822,2023-04-08,2024-04-08
41-287508,41,On-Sale Beer & Wine - Eating Place,ACTIVE,Spot,Kenneth Jones,9370 Jefferson Dr,Tulare,CA,95826,Tulare,(559) 928-1790,2011-06-28,2012-06-28
41-357746,41,On-Sale Beer & Wine - Eating Place,ACTIVE,Grill Tulare Company 66,David Rodriguez Lopez,4167 Lincoln Rd,Tulare,CA,91291,Tulare,(559) 657-7414,2002-03-09,2003-03-09
41-295389,41,On-Sale Beer & Wine - Eating Place,ACTIVE,Spot Visalia,William Davis,432 5th Way,Visalia,CA,94888,Tulare,(559) 728-6959,2015-06-20,2016-06-20
41-144111,41,On-Sale Beer & Wine - Eating Place,ACTIVE,Spot Tulare,Paul Brown,1916 Mission Way,Tulare,CA,95922,Tulare,(559) 486-5412,2024-04-13,2025-04-13
41-710098,41,On-Sale Beer & Wine - Eating Place,ACTIVE,Spot,Andrew Williams Taylor,8482 Mission Ave,Porterville,CA,92231,Tulare,(559) 953-2601,2012-01-24,2013-01-24
41-372274,41,On-Sale Beer & Wine - Eating Place,ACTIVE,Restaurant,John Williams Wilson,4157 Jefferson Way #487,Visalia,CA,93464,Tulare,(559) 818-6058,2016-09-21,2017-09-21
41-109713,41,On-Sale Beer & Wine - Eating Place,ACTIVE,Place Visalia Heights,James Garcia Wilson,5752 4th Ln #244,Visalia,CA,94266,Tulare,(559) 981-9711,2017-03-24,2018-03-24
41-685660,41,On-Sale Beer & Wine - Eating Place,ACTIVE,Kitchen,Kenneth Miller Williams,3016 Market Ct,Visalia,CA,94419,Tulare,(559) 661-8394,2002-01-05,2003-01-05
41-381570,41,On-Sale Beer & Wine - Eating Place,ACTIVE,Diner Porterville Hills,Lisa Thomas,3413 5th Ln,Porterville,CA,93689,Tulare,(559) 362-4665,2017-07-08,2018-07-08
41-900716,41,On-Sale Beer & Wine - Eating Place,ACTIVE,Restaurant Tulare,Kenneth Gonzalez Jones,5098 Broadway Ct,Tulare,CA,94934,Tulare,(559) 312-6567,2000-08-02,2001-08-02
41-629409,41,On-Sale Beer & Wine - Eating Place,ACTIVE,OldSpot 77,Lisa Taylor,6301 Madison Way,Porterville,CA,92378,Tulare,(559) 888-2094,2016-06-07,2017-06-07
41-283153,41,On-Sale Beer & Wine - Eating Place,ACTIVE,OldBistro Porterville 84,Lisa Martin,7979 Madison Way,Porterville,CA,90884,Tulare,(559) 569-8849,2012-03-14,2013-03-14
41-641592,41,On-Sale Beer & Wine - Eating Place,ACTIVE,Cafe Porterville,Jennifer Miller,4683 Broadway Pl,Porterville,CA,93342,Tulare,(559) 738-1192,2012-02-04,2013-02-04
41-890166,41,On-Sale Beer & Wine - Eating Place,ACTIVE,Corner Tulare Inc 12,Andrew Jones,9170 5th Ln,Porterville,CA,93492,Tulare,(559) 721-7688,2009-10-27,2010-10-27
41-822788,41,On-Sale Beer & Wine - Eating Place,ACTIVE,TheEatery Porterville Valley Group 52,James Martinez,2825 Oak Ct,Porterville,CA,94185,Tulare,(559) 650-3121,2012-01-12,2013-01-12
41-324284,41,On-Sale Beer & Wine - Eating Place,ACTIVE,Restaurant Visalia Hills,Michelle Rodriguez Martinez,2035 Sunset Ct #599,Visalia,CA,92498,Tulare,(559) 636-3638,2005-05-17,2006-05-17
47-410376,47,On-Sale General - Restaurant,ACTIVE,Steakhouse Visalia,Maria Miller Taylor,7653 1st Way,Visalia,CA,91495,Tulare,(559) 790-5544,2009-05-02,2010-05-02
47-382086,47,On-Sale General - Restaurant,ACTIVE,Pub Group,Robert Wilson,7478 Main Blvd,Tulare,CA,91243,Tulare,(559) 647-8958,2009-01-21,2010-01-21
47-106349,47,On-Sale General - Restaurant,ACTIVE,Bar,Lisa Rodriguez,6605 Franklin Ln,Porterville,CA,92405,Tulare,(559) 965-5914,2006-06-13,2007-06-13
47-424276,47,On-Sale General - Restaurant,ACTIVE,Lounge Tulare LLC,Michael Williams,9223 6th Ln,Tulare,CA,93455,Tulare,(559) 507-1307,2002-12-24,2003-12-24
47-645482,47,On-Sale General - Restaurant,ACTIVE,Steakhouse,Anthony Miller,896 Pico St,Tulare,CA,91090,Tulare,(559) 864-8939,2010-05-09,2011-05-09
47-471783,47,On-Sale General - Restaurant,ACTIVE,OldTavern 93,Kenneth Martinez,7690 Ocean St,Tulare,CA,91314,Tulare,(559) 303-7298,2015-12-10,2016-12-10
47-446982,47,On-Sale General - Restaurant,ACTIVE,Pub Visalia Group,William Brown,5201 2nd St,Visalia,CA,95246,Tulare,(559) 707-3006,2023-09-06,2024-09-06
47-749549,47,On-Sale General - Restaurant,ACTIVE,Brasserie Tulare,Andrew Wilson Gonzalez,1215 Ocean Way,Visalia,CA,96136,Tulare,(559) 279-3255,2015-03-20,2016-03-20
47-428141,47,On-Sale General - Restaurant,ACTIVE,Steakhouse Company,Kenneth Garcia Gonzalez,2853 2nd Dr #508,Tulare,CA,92577,Tulare,(559) 982-2835,2005-09-23,2006-09-23
47-226400,47,On-Sale General - Restaurant,ACTIVE,Pub Company,Matthew Lopez,9220 7th Blvd,Visalia,CA,95591,Tulare,(559) 370-8176,2012-12-16,2013-12-16
47-175297,47,On-Sale General - Restaurant,ACTIVE,TheBrasserie Tulare 69,David Wilson,7179 Wilshire Rd #875,Tulare,CA,91772,Tulare,(559) 635-2953,2006-05-27,2007-05-27
47-263187,47,On-Sale General - Restaurant,ACTIVE,Lounge Porterville 73,Daniel Taylor,5119 Market Way,Porterville,CA,94428,Tulare,(559) 757-2107,2022-05-25,2023-05-25
47-250420,47,On-Sale General - Restaurant,ACTIVE,Brasserie LLC,Anthony Jackson Brown,9474 1st Rd,Tulare,CA,95731,Tulare,(559) 742-1757,2014-06-04,2015-06-04
47-992355,47,On-Sale General - Restaurant,ACTIVE,OldChophouse Porterville Group 7,John Brown,9037 1st Ave,Porterville,CA,91422,Tulare,(559) 689-8221,2022-10-07,2023-10-07
47-656385,47,On-Sale General - Restaurant,ACTIVE,Chophouse Corp,Michael Gonzalez,7183 2nd Way,Visalia,CA,92654,Tulare,(559) 516-1636,2024-07-22,2025-07-22
47-667289,47,On-Sale General - Restaurant,ACTIVE,Chophouse Visalia Group 35,Lisa Moore,7265 Washington Way,Visalia,CA,92949,Tulare,(559) 388-8031,2014-02-10,2015-02-10
47-232145,47,On-Sale General - Restaurant,ACTIVE,Brasserie Tulare Company 29,Paul Hernandez Brown,6369 2nd Blvd,Tulare,CA,93228,Tulare,(559) 649-1859,2010-12-13,2011-12-13
47-114008,47,On-Sale General - Restaurant,ACTIVE,Chophouse Porterville Co,John Martinez Williams,6209 Franklin Rd,Porterville,CA,94785,Tulare,(559) 610-2821,2022-06-06,2023-06-06
47-145741,47,On-Sale General - Restaurant,ACTIVE,OldSteakhouse Visalia LLC 87,James Moore,5715 Pico St,Visalia,CA,94115,Tulare,(559) 854-1671,2020-10-04,2021-10-04
47-355211,47,On-Sale General - Restaurant,ACTIVE,Sports Bar Porterville Hills,Paul Davis,8455 Lincoln Ln,Porterville,CA,91564,Tulare,(559) 489-1122,2003-06-13,2004-06-13
47-647504,47,On-Sale General - Restaurant,ACTIVE,Bar Tulare,Andrew Garcia,5593 Broadway Dr #667,Tulare,CA,91135,Tulare,(559) 824-4587,2006-07-26,2007-07-26
47-918006,47,On-Sale General - Restaurant,ACTIVE,Steakhouse Visalia Co,John Hernandez,2992 Sunset Dr #107,Visalia,CA,92538,Tulare,(559) 342-5992,2023-12-26,2024-12-26
47-808506,47,On-Sale General - Restaurant,ACTIVE,Chophouse Inc,Anthony Williams,3023 Ocean Way,Tulare,CA,96144,Tulare,(559) 621-1796,2010-11-21,2011-11-21
47-464723,47,On-Sale General - Restaurant,ACTIVE,Lounge,David Davis,4039 Market Blvd,Tulare,CA,95402,Tulare,(559) 399-9309,2001-12-01,2002-12-01
47-400810,47,On-Sale General - Restaurant,ACTIVE,OldBar 23,William Taylor,2876 5th St #238,Visalia,CA,95833,Tulare,(559) 245-8700,2019-09-28,2020-09-28
47-936630,47,On-Sale General - Restaurant,ACTIVE,Chophouse Company 97,Andrew Jones Martin,8640 7th Ct,Visalia,CA,91985,Tulare,(559) 326-2649,2010-07-03,2011-07-03
47-878831,47,On-Sale General - Restaurant,ACTIVE,NewBrasserie 12,Matthew Martinez Johnson,1008 Broadway Ave,Tulare,CA,93723,Tulare,(559) 284-1747,2005-01-03,2006-01-03
47-776687,47,On-Sale General - Restaurant,ACTIVE,Steakhouse Tulare Inc,Anthony Lopez,9163 Front Ave #372,Tulare,CA,95512,Tulare,(559) 615-9224,2014-04-26,2015-04-26
47-239230,47,On-Sale General - Restaurant,ACTIVE,Tavern Porterville Heights Corp,Jennifer Rodriguez,9653 Wilshire Ct #472,Porterville,CA,95384,Tulare,(559) 254-3008,2024-02-25,2025-02-25
47-385937,47,On-Sale General - Restaurant,ACTIVE,OldChophouse Porterville 72,David Davis,6771 Franklin Pl,Porterville,CA,94546,Tulare,(559) 686-4824,2023-09-06,2024-09-06
47-139642,47,On-Sale General - Restaurant,ACTIVE,Chophouse Visalia Co,Maria Wilson,2848 Market Ave,Visalia,CA,94490,Tulare,(559) 825-1855,2004-06-19,2005-06-19
47-427112,47,On-Sale General - Restaurant,ACTIVE,TheChophouse Company 12,Daniel Taylor,7214 Oak Blvd,Porterville,CA,91214,Tulare,(559) 569-9276,2001-11-28,2002-11-28
47-725401,47,On-Sale General - Restaurant,ACTIVE,Bar,Maria Rodriguez,4624 State Way,Porterville,CA,94910,Tulare,(559) 823-9139,2007-05-13,2008-05-13
47-371224,47,On-Sale General - Restaurant,ACTIVE,Bar & Grill,Mark Lopez,7151 Jefferson Blvd,Visalia,CA,92571,Tulare,(559) 869-3749,2023-08-01,2024-08-01
47-267584,47,On-Sale General - Restaurant,ACTIVE,Chophouse Visalia,Michael Thomas,8579 Maple Ct #295,Visalia,CA,90285,Tulare,(559) 931-6071,2004-08-15,2005-08-15
47-670815,47,On-Sale General - Restaurant,ACTIVE,Pub Tulare,Paul Gonzalez,902 5th Pl,Porterville,CA,91527,Tulare,(559) 809-5834,2016-10-20,2017-10-20
47-758378,47,On-Sale General - Restaurant,ACTIVE,Tavern Group,Steven Lopez,1458 Sunset Ave,Visalia,CA,93812,Tulare,(559) 829-3895,2020-07-26,2021-07-26
47-860312,47,On-Sale General - Restaurant,ACTIVE,Bar & Grill Visalia Hills LLC 73,Michael Moore,9023 Oak Ave,Visalia,CA,93423,Tulare,(559) 252-3751,2013-11-25,2014-11-25
47-942174,47,On-Sale General - Restaurant,ACTIVE,Sports Bar Visalia Heights,James Smith,5404 Front Ct,Visalia,CA,91322,Tulare,(559) 999-9248,2010-03-22,2011-03-22
47-730098,47,On-Sale General - Restaurant,ACTIVE,Lounge Visalia Hills,Jennifer Jones,9035 6th Rd,Visalia,CA,95509,Tulare,(559) 693-2077,2007-02-12,2008-02-12
47-952861,47,On-Sale General - Restaurant,ACTIVE,Bar & Grill Tulare Valley,Maria Thomas Taylor,7821 2nd St,Tulare,CA,96032,Tulare,(559) 489-1219,2005-04-02,2006-04-02
47-514859,47,On-Sale General - Restaurant,ACTIVE,Bar & Grill Co,Robert Rodriguez,496 Market Rd,Porterville,CA,93658,Tulare,(559) 984-7511,2007-02-23,2008-02-23
47-540342,47,On-Sale General - Restaurant,ACTIVE,NewBar Tulare 5,Steven Johnson,8698 3rd Dr,Tulare,CA,93444,Tulare,(559) 517-6268,2008-04-15,2009-04-15
47-478226,47,On-Sale General - Restaurant,ACTIVE,OldBar & Grill Group 78,Matthew Smith,5596 Hollywood Ct #575,Porterville,CA,96195,Tulare,(559) 651-6862,2005-10-14,2006-10-14
47-809800,47,On-Sale General - Restaurant,ACTIVE,Tavern Corp,James Taylor,7338 Ocean St,Visalia,CA,92142,Tulare,(559) 386-4446,2011-01-27,2012-01-27
47-602102,47,On-Sale General - Restaurant,ACTIVE,Lounge Tulare,David Moore,7671 3rd St,Porterville,CA,92946,Tulare,(559) 486-5387,2016-01-28,2017-01-28
47-813911,47,On-Sale General - Restaurant,ACTIVE,Tavern Tulare,Robert Hernandez Brown,3818 1st Ave #701,Tulare,CA,94156,Tulare,(559) 951-6058,2021-12-07,2022-12-07
47-638131,47,On-Sale General - Restaurant,ACTIVE,TheTavern Visalia 89,Paul Martin,4987 7th Blvd #153,Visalia,CA,92368,Tulare,(559) 289-5216,2019-01-19,2020-01-19
47-161329,47,On-Sale General - Restaurant,ACTIVE,Pub Inc 93,Daniel Gonzalez,4929 Oak Ct #129,Tulare,CA,95536,Tulare,(559) 507-2709,2000-07-05,2001-07-05
47-854626,47,On-Sale General - Restaurant,ACTIVE,NewLounge Co 73,Christopher Gonzalez,9677 Oak Ave,Visalia,CA,95598,Tulare,(559) 491-8873,2020-11-09,2021-11-09
47-248811,47,On-Sale General - Restaurant,ACTIVE,Bar & Grill LLC,Robert Williams,9881 Franklin Ln,Tulare,CA,93835,Tulare,(559) 458-6005,2004-09-26,2005-09-26
47-420381,47,On-Sale General - Restaurant,ACTIVE,Lounge Visalia Heights,Mark Gonzalez,3642 7th Pl,Visalia,CA,93747,Tulare,(559) 938-7401,2015-06-26,2016-06-26
47-248341,47,On-Sale General - Restaurant,ACTIVE,TheBrasserie 59,Steven Lopez,7911 Pico Rd #209,Porterville,CA,90986,Tulare,(559) 893-3249,2008-03-21,2009-03-21
47-948231,47,On-Sale General - Restaurant,ACTIVE,Tavern,John Martinez,4645 Hollywood Ct,Visalia,CA,92825,Tulare,(559) 805-2262,2008-09-10,2009-09-10
47-304745,47,On-Sale General - Restaurant,ACTIVE,ThePub 38,Lisa Martin,1286 Hollywood Blvd #926,Porterville,CA,93522,Tulare,(559) 829-9979,2006-08-05,2007-08-05
47-688312,47,On-Sale General - Restaurant,ACTIVE,OldPub Porterville Heights 75,Lisa Thomas,9698 Ocean Ln,Porterville,CA,90462,Tulare,(559) 788-6463,2002-06-24,2003-06-24
47-909451,47,On-Sale General - Restaurant,ACTIVE,Lounge Tulare,Steven Davis,9584 Pico Blvd,Visalia,CA,90879,Tulare,(559) 399-9247,2006-02-27,2007-02-27
47-355737,47,On-Sale General - Restaurant,ACTIVE,Sports Bar,John Thomas,881 Ocean Blvd,Tulare,CA,94312,Tulare,(559) 348-1184,2011-01-14,2012-01-14
47-891631,47,On-Sale General - Restaurant,ACTIVE,Lounge Tulare,John Martinez,5346 Mission Dr,Tulare,CA,92570,Tulare,(559) 674-4273,2001-03-21,2002-03-21
47-820287,47,On-Sale General - Restaurant,ACTIVE,Pub Visalia,William Miller,5873 Maple Ct #283,Visalia,CA,93356,Tulare,(559) 856-5299,2015-06-18,2016-06-18
47-416118,47,On-Sale General - Restaurant,ACTIVE,Lounge Corp,William Taylor,7303 Madison Ln #999,Tulare,CA,96082,Tulare,(559) 502-7148,2018-03-23,2019-03-23
47-521399,47,On-Sale General - Restaurant,ACTIVE,OldBar & Grill Porterville Group 47,Maria Smith Martin,8444 State Ln,Porterville,CA,90889,Tulare,(559) 805-4622,2003-01-06,2004-01-06
47-812133,47,On-Sale General - Restaurant,ACTIVE,Chophouse Tulare LLC,Maria Williams,6129 Maple Dr,Visalia,CA,95626,Tulare,(559) 868-1820,2013-01-03,2014-01-03
47-211752,47,On-Sale General - Restaurant,ACTIVE,OldBar 37,Mark Gonzalez,6482 Hollywood Way #109,Tulare,CA,95926,Tulare,(559) 232-6787,2020-09-15,2021-09-15
47-476821,47,On-Sale General - Restaurant,ACTIVE,Tavern Tulare Company,Anthony Taylor,9110 State St,Porterville,CA,93596,Tulare,(559) 592-2278,2007-01-03,2008-01-03
47-633141,47,On-Sale General - Restaurant,ACTIVE,Sports Bar Inc,Christopher Jones,6815 5th Rd,Visalia,CA,95242,Tulare,(559) 325-7078,2019-06-15,2020-06-15
47-204067,47,On-Sale General - Restaurant,ACTIVE,OldPub Tulare Inc 97,William Taylor,3788 Main St #992,Tulare,CA,95744,Tulare,(559) 501-4048,2011-09-08,2012-09-08
47-603322,47,On-Sale General - Restaurant,ACTIVE,Chophouse Porterville,Daniel Hernandez,5460 Sunset Way #971,Porterville,CA,90977,Tulare,(559) 335-1396,2009-06-07,2010-06-07
47-905172,47,On-Sale General - Restaurant,ACTIVE,OldPub Tulare LLC 31,James Anderson Williams,7022 6th Pl,Tulare,CA,92748,Tulare,(559) 561-9212,2019-10-07,2020-10-07
47-358126,47,On-Sale General - Restaurant,ACTIVE,Steakhouse Corp 35,Paul Jackson Gonzalez,4711 Hollywood Ln,Porterville,CA,90717,Tulare,(559) 477-6907,2000-04-12,2001-04-12
47-685582,47,On-Sale General - Restaurant,ACTIVE,Bar Co,Michael Jones Martin,8464 2nd Way,Porterville,CA,94970,Tulare,(559) 708-5481,2018-08-06,2019-08-06
47-548785,47,On-Sale General - Restaurant,ACTIVE,Pub Corp,Michelle Brown,2269 Maple Blvd,Porterville,CA,93159,Tulare,(559) 445-3506,2020-04-01,2021-04-01
47-645535,47,On-Sale General - Restaurant,ACTIVE,Tavern Tulare,Jennifer Hernandez,1397 2nd Dr,Tulare,CA,93965,Tulare,(559) 529-3048,2005-03-21,2006-03-21
47-158826,47,On-Sale General - Restaurant,ACTIVE,Brasserie LLC 72,Steven Thomas,4654 Hollywood Pl,Tulare,CA,95275,Tulare,(559) 505-1348,2021-04-09,2022-04-09
47-172019,47,On-Sale General - Restaurant,ACTIVE,Bar & Grill Tulare,Maria Moore,2367 Market Pl,Visalia,CA,95469,Tulare,(559) 812-8716,2018-08-23,2019-08-23
47-813042,47,On-Sale General - Restaurant,ACTIVE,NewChophouse 86,Maria Thomas,1517 Jefferson Ct #377,Tulare,CA,90884,Tulare,(559) 285-4639,2005-01-25,2006-01-25
47-351796,47,On-Sale General - Restaurant,ACTIVE,Sports Bar Porterville,David Rodriguez,6891 Franklin Dr #573,Porterville,CA,91769,Tulare,(559) 351-9503,2007-05-27,2008-05-27
47-882622,47,On-Sale General - Restaurant,ACTIVE,Bar Tulare Heights Inc,Christopher Johnson,1600 7th Pl,Tulare,CA,91355,Tulare,(559) 447-5119,2001-07-09,2002-07-09
47-284794,47,On-Sale General - Restaurant,ACTIVE,Bar Group,Lisa Garcia,1604 Madison Ln,Tulare,CA,95821,Tulare,(559) 393-5552,2011-04-03,2012-04-03
47-997824,47,On-Sale General - Restaurant,ACTIVE,Bar & Grill,Maria Martin,5944 5th Rd,Porterville,CA,94824,Tulare,(559) 676-9250,2020-03-27,2021-03-27
47-249651,47,On-Sale General - Restaurant,ACTIVE,Bar,Michelle Taylor Smith,2704 Front St,Tulare,CA,90629,Tulare,(559) 535-2894,2021-06-11,2022-06-11
47-739831,47,On-Sale General - Restaurant,ACTIVE,Bar,Michelle Moore,9354 Market Blvd,Visalia,CA,92320,Tulare,(559) 708-5091,2023-05-05,2024-05-05
47-904360,47,On-Sale General - Restaurant,ACTIVE,Bar Corp,Lisa Hernandez,7252 Oak Dr,Visalia,CA,94429,Tulare,(559) 917-5839,2003-07-12,2004-07-12
47-137668,47,On-Sale General - Restaurant,ACTIVE,Sports Bar Tulare,John Lopez,7533 Front St,Tulare,CA,95378,Tulare,(559) 696-7961,2011-04-13,2012-04-13
47-742403,47,On-Sale General - Restaurant,ACTIVE,OldPub 99,Daniel Moore,382 Broadway Blvd,Visalia,CA,96172,Tulare,(559) 442-7489,2022-11-06,2023-11-06
47-873394,47,On-Sale General - Restaurant,ACTIVE,Sports Bar,Paul Jones,2586 7th Rd,Visalia,CA,92611,Tulare,(559) 505-6603,2015-12-24,2016-12-24
47-227591,47,On-Sale General - Restaurant,ACTIVE,Bar Tulare Inc,Christopher Hernandez,1945 Mission Blvd,Tulare,CA,91750,Tulare,(559) 949-9158,2000-04-18,2001-04-18
47-468925,47,On-Sale General - Restaurant,ACTIVE,NewTavern Visalia Valley 95,William Williams,443 Mission St,Visalia,CA,91278,Tulare,(559) 930-9363,2008-10-14,2009-10-14
47-574928,47,On-Sale General - Restaurant,ACTIVE,NewPub Tulare 58,Mark Anderson,1589 Mission Pl #641,Tulare,CA,93350,Tulare,(559) 918-4999,2016-09-11,2017-09-11
47-573982,47,On-Sale General - Restaurant,ACTIVE,NewChophouse Group 88,Michael Lopez Martinez,3991 Broadway Rd,Visalia,CA,91484,Tulare,(559) 303-9371,2006-05-13,2007-05-13
47-806137,47,On-Sale General - Restaurant,ACTIVE,Brasserie Company,Paul Williams,9063 Madison Ct #868,Visalia,CA,92168,Tulare,(559) 779-4609,2006-03-16,2007-03-16
47-980195,47,On-Sale General - Restaurant,ACTIVE,Bar Tulare,Robert Miller,3979 Broadway Pl #881,Porterville,CA,93632,Tulare,(559) 922-8901,2009-09-06,2010-09-06
47-968246,47,On-Sale General - Restaurant,ACTIVE,Bar Tulare Group,Paul Taylor,6772 Franklin Way,Tulare,CA,90165,Tulare,(559) 354-3627,2006-03-06,2007-03-06
47-882771,47,On-Sale General - Restaurant,ACTIVE,Chophouse Porterville Co,Christopher Smith Brown,6028 Hollywood Way,Porterville,CA,90520,Tulare,(559) 736-9351,2000-11-21,2001-11-21
47-682422,47,On-Sale General - Restaurant,ACTIVE,NewTavern Tulare Co 3,Daniel Lopez,951 4th Pl,Visalia,CA,92534,Tulare,(559) 721-8944,2021-07-06,2022-07-06
47-208425,47,On-Sale General - Restaurant,ACTIVE,Bar & Grill,Jennifer Moore Jackson,3734 Jefferson Ln,Porterville,CA,94439,Tulare,(559) 680-3997,2015-04-17,2016-04-17
47-652380,47,On-Sale General - Restaurant,ACTIVE,Chophouse Porterville 51,Mark Johnson,9140 Madison Blvd,Porterville,CA,94153,Tulare,(559) 510-1100,2012-08-01,2013-08-01
47-848316,47,On-Sale General - Restaurant,ACTIVE,Sports Bar,Anthony Martinez,6531 Oak Ave,Tulare,CA,91321,Tulare,(559) 678-5902,2024-07-15,2025-07-15
47-952206,47,On-Sale General - Restaurant,ACTIVE,Bar Porterville,Andrew Jackson,9046 Sunset Rd #984,Porterville,CA,90232,Tulare,(559) 217-8742,2002-10-03,2003-10-03
47-250576,47,On-Sale General - Restaurant,ACTIVE,Chophouse Visalia Inc,Maria Taylor,2698 Hollywood Rd,Visalia,CA,94804,Tulare,(559) 565-3814,2023-09-13,2024-09-13
47-747679,47,On-Sale General - Restaurant,ACTIVE,NewBar LLC 97,Michelle Davis,2192 7th Ln #514,Porterville,CA,95899,Tulare,(559) 562-2378,2023-09-09,2024-09-09
47-766335,47,On-Sale General - Restaurant,ACTIVE,NewSports Bar Visalia Valley 45,Michael Martin,8985 Pico Pl,Visalia,CA,93260,Tulare,(559) 863-2966,2013-10-18,2014-10-18
47-646428,47,On-Sale General - Restaurant,ACTIVE,Chophouse Tulare Company,Jennifer Gonzalez,2051 Broadway Way #769,Visalia,CA,91363,Tulare,(559) 910-1065,2012-05-07,2013-05-07
47-921700,47,On-Sale General - Restaurant,ACTIVE,OldBrasserie Tulare 1,Steven Rodriguez,1957 Pico Way #514,Tulare,CA,94481,Tulare,(559) 245-6232,2007-01-08,2008-01-08
47-977367,47,On-Sale General - Restaurant,ACTIVE,Chophouse Porterville Heights,Paul Taylor,393 Sunset Way #842,Porterville,CA,90968,Tulare,(559) 512-2960,2005-08-28,2006-08-28
47-940184,47,On-Sale General - Restaurant,ACTIVE,NewSports Bar Visalia 84,Michelle Martin,9589 Mission Rd,Visalia,CA,91934,Tulare,(559) 780-2269,2016-09-23,2017-09-23
47-789444,47,On-Sale General - Restaurant,ACTIVE,Pub Tulare,Lisa Jones,5670 7th St #838,Tulare,CA,95872,Tulare,(559) 873-1063,2024-11-28,2025-11-28
47-224557,47,On-Sale General - Restaurant,ACTIVE,Bar & Grill Tulare,Maria Hernandez,8861 Madison Ave,Tulare,CA,91588,Tulare,(559) 370-2478,2003-07-05,2004-07-05
47-273613,47,On-Sale General - Restaurant,ACTIVE,Bar & Grill Visalia,Paul Miller,3626 Maple Ln #445,Visalia,CA,95295,Tulare,(559) 506-6759,2013-02-21,2014-02-21
47-299681,47,On-Sale General - Restaurant,ACTIVE,Pub Tulare,Mark Garcia,2416 Sunset Blvd,Tulare,CA,92119,Tulare,(559) 764-5876,2015-02-05,2016-02-05
47-594046,47,On-Sale General - Restaurant,ACTIVE,Bar & Grill Tulare,Paul Martinez Davis,2711 Broadway Dr,Tulare,CA,93744,Tulare,(559) 327-6628,2011-02-26,2012-02-26
47-799432,47,On-Sale General - Restaurant,ACTIVE,Chophouse Porterville Hills,John Davis Brown,3854 3rd Way #552,Porterville,CA,92410,Tulare,(559) 601-5672,2015-03-01,2016-03-01
47-697529,47,On-Sale General - Restaurant,ACTIVE,OldBrasserie Corp 19,Matthew Smith Lopez,466 Broadway St,Tulare,CA,93745,Tulare,(559) 395-3262,2019-08-25,2020-08-25
47-450179,47,On-Sale General - Restaurant,ACTIVE,TheChophouse Tulare 16,John Jones,6795 Madison Way #399,Tulare,CA,95292,Tulare,(559) 832-9545,2016-05-08,2017-05-08
47-719953,47,On-Sale General - Restaurant,ACTIVE,TheChophouse Co 94,Mark Wilson Lopez,4008 Main Way,Tulare,CA,92506,Tulare,(559) 977-6562,2007-08-18,2008-08-18
47-759342,47,On-Sale General - Restaurant,ACTIVE,Bar Corp,Maria Wilson,8664 Madison Rd,Porterville,CA,94815,Tulare,(559) 506-3711,2016-02-15,2017-02-15
47-532219,47,On-Sale General - Restaurant,ACTIVE,Sports Bar,Andrew Williams Rodriguez,3138 Jefferson Rd #771,Porterville,CA,95733,Tulare,(559) 665-8094,2014-06-01,2015-06-01
47-165342,47,On-Sale General - Restaurant,ACTIVE,NewBar Tulare 75,Michelle Hernandez,1354 Maple Pl,Tulare,CA,90675,Tulare,(559) 298-6366,2013-01-16,2014-01-16
47-309933,47,On-Sale General - Restaurant,ACTIVE,OldSports Bar Visalia Inc 21,Christopher Taylor,7224 Market Blvd,Visalia,CA,94597,Tulare,(559) 477-9061,2007-06-26,2008-06-26
47-279606,47,On-Sale General - Restaurant,ACTIVE,Bar Tulare Inc,Daniel Brown Davis,6615 Main Blvd #672,Visalia,CA,93322,Tulare,(559) 292-5283,2004-07-17,2005-07-17
47-208365,47,On-Sale General - Restaurant,ACTIVE,Sports Bar Group,Jennifer Johnson,6111 Main Ln,Porterville,CA,93357,Tulare,(559) 996-7010,2013-09-21,2014-09-21
47-771586,47,On-Sale General - Restaurant,ACTIVE,Bar & Grill Visalia Co,Andrew Garcia,6358 Franklin Way #640,Visalia,CA,95804,Tulare,(559) 484-1688,2019-09-09,2020-09-09
47-787455,47,On-Sale General - Restaurant,ACTIVE,Sports Bar Porterville Group,Matthew Taylor,3192 Madison Dr,Porterville,CA,90781,Tulare,(559) 224-8063,2022-04-07,2023-04-07
47-508812,47,On-Sale General - Restaurant,ACTIVE,Bar & Grill Tulare LLC,James Johnson,5208 State Blvd #441,Tulare,CA,94758,Tulare,(559) 987-5836,2007-04-07,2008-04-07
47-995735,47,On-Sale General - Restaurant,ACTIVE,Lounge Tulare Co,Michelle Garcia,4184 Lincoln St,Tulare,CA,91016,Tulare,(559) 796-9661,2015-07-10,2016-07-10
47-635788,47,On-Sale General - Restaurant,ACTIVE,Chophouse Tulare Hills,Jennifer Garcia,3317 Ocean Ave,Tulare,CA,94128,Tulare,(559) 428-1962,2018-02-03,2019-02-03
47-536194,47,On-Sale General - Restaurant,ACTIVE,TheChophouse Co 46,John Martin,8675 Jefferson Rd,Tulare,CA,95380,Tulare,(559) 917-9277,2019-01-24,2020-01-24
47-212719,47,On-Sale General - Restaurant,ACTIVE,Brasserie,Andrew Wilson,6983 Mission Way #694,Visalia,CA,91892,Tulare,(559) 719-1270,2012-12-05,2013-12-05
47-184308,47,On-Sale General - Restaurant,ACTIVE,Bar Porterville 42,Maria Garcia,182 Mission Ln #308,Porterville,CA,93743,Tulare,(559) 440-5065,2006-11-15,2007-11-15
47-903657,47,On-Sale General - Restaurant,ACTIVE,Brasserie Visalia Hills Inc,Lisa Johnson,3630 Market Ct #146,Visalia,CA,94884,Tulare,(559) 354-3790,2014-09-24,2015-09-24
47-852677,47,On-Sale General - Restaurant,ACTIVE,Bar Tulare Corp 25,Lisa Anderson Brown,5129 Lincoln St #618,Visalia,CA,94777,Tulare,(559) 316-4250,2014-08-18,2015-08-18
47-633771,47,On-Sale General - Restaurant,ACTIVE,Lounge Visalia Corp,Andrew Thomas,9480 4th Blvd #856,Visalia,CA,91108,Tulare,(559) 696-4986,2020-03-19,2021-03-19
47-104628,47,On-Sale General - Restaurant,ACTIVE,Sports Bar,Maria Anderson,6631 Market Ln,Tulare,CA,90699,Tulare,(559) 518-8208,2015-04-24,2016-04-24
47-290515,47,On-Sale General - Restaurant,ACTIVE,NewPub Company 25,Michael Gonzalez,3832 Main Ln #496,Porterville,CA,91773,Tulare,(559) 526-1078,2003-07-09,2004-07-09
47-618022,47,On-Sale General - Restaurant,ACTIVE,Bar & Grill Tulare Corp,Matthew Gonzalez Rodriguez,9683 Oak Way,Tulare,CA,95155,Tulare,(559) 650-2982,2004-10-08,2005-10-08
47-665904,47,On-Sale General - Restaurant,ACTIVE,Pub Group,Christopher Anderson Brown,2191 7th Rd,Tulare,CA,93348,Tulare,(559) 266-8562,2017-07-07,2018-07-07
47-489863,47,On-Sale General - Restaurant,ACTIVE,Pub Visalia Hills Company,Paul Miller,4808 Washington Ln,Visalia,CA,94032,Tulare,(559) 902-4537,2023-02-23,2024-02-23
47-252441,47,On-Sale General - Restaurant,ACTIVE,Pub,Michelle Williams,7492 Ocean Ct #319,Porterville,CA,91016,Tulare,(559) 631-7769,2004-08-27,2005-08-27
47-714518,47,On-Sale General - Restaurant,ACTIVE,Bar & Grill Co,Robert Davis,3361 Pico Blvd #632,Visalia,CA,94878,Tulare,(559) 817-7184,2003-07-06,2004-07-06
47-947125,47,On-Sale General - Restaurant,ACTIVE,Bar & Grill Corp,Christopher Williams,8261 Madison Ct #442,Tulare,CA,92618,Tulare,(559) 515-4842,2006-02-04,2007-02-04
47-244275,47,On-Sale General - Restaurant,ACTIVE,NewBrasserie Co 69,Maria Moore,9360 Hollywood Way #802,Tulare,CA,95137,Tulare,(559) 210-1963,2015-02-19,2016-02-19
47-140812,47,On-Sale General - Restaurant,ACTIVE,Bar & Grill,Jennifer Martin Taylor,4487 Wilshire Ln,Tulare,CA,95096,Tulare,(559) 478-5006,2008-06-06,2009-06-06
47-489813,47,On-Sale General - Restaurant,ACTIVE,Tavern Porterville Co,David Williams,2084 4th Way,Porterville,CA,93048,Tulare,(559) 838-2889,2000-11-20,2001-11-20
47-421739,47,On-Sale General - Restaurant,ACTIVE,Chophouse Porterville Valley,Jennifer Brown,6623 Maple Ln,Porterville,CA,93017,Tulare,(559) 812-7834,2022-12-09,2023-12-09
47-777002,47,On-Sale General - Restaurant,ACTIVE,NewChophouse 70,Jennifer Hernandez,8328 Front Blvd,Tulare,CA,93416,Tulare,(559) 594-3901,2015-06-20,2016-06-20
47-599085,47,On-Sale General - Restaurant,ACTIVE,Pub,James Williams Johnson,4419 State Blvd,Porterville,CA,96059,Tulare,(559) 841-8117,2018-03-18,2019-03-18
47-364008,47,On-Sale General - Restaurant,ACTIVE,Chophouse Visalia Hills,Paul Miller,4100 4th Ave,Visalia,CA,90022,Tulare,(559) 248-2154,2018-09-02,2019-09-02
47-299220,47,On-Sale General - Restaurant,ACTIVE,TheBar Tulare 86,William Brown,9124 Front Dr,Tulare,CA,95205,Tulare,(559) 939-6489,2010-03-27,2011-03-27
47-936763,47,On-Sale General - Restaurant,ACTIVE,Bar & Grill Visalia Valley,Maria Johnson,870 Madison Ct,Visalia,CA,90962,Tulare,(559) 378-8815,2003-06-02,2004-06-02
47-341446,47,On-Sale General - Restaurant,ACTIVE,Bar & Grill Tulare Co,Lisa Wilson,3744 Broadway Pl,Visalia,CA,91133,Tulare,(559) 213-6010,2013-04-25,2014-04-25
47-734829,47,On-Sale General - Restaurant,ACTIVE,Chophouse Tulare Company,Matthew Johnson,1880 Hollywood Ave,Tulare,CA,91849,Tulare,(559) 479-4172,2008-02-12,2009-02-12
47-791021,47,On-Sale General - Restaurant,ACTIVE,Brasserie Inc,Maria Thomas,6609 2nd St,Porterville,CA,94594,Tulare,(559) 390-7765,2016-11-03,2017-11-03
47-659385,47,On-Sale General - Restaurant,ACTIVE,OldPub Porterville Company 32,Steven Davis,7152 Pico Ct,Porterville,CA,91664,Tulare,(559) 910-7979,2019-01-12,2020-01-12
47-129831,47,On-Sale General - Restaurant,ACTIVE,Brasserie Tulare,David Williams,2476 Broadway Pl,Tulare,CA,94735,Tulare,(559) 747-8650,2017-05-03,2018-05-03
47-102536,47,On-Sale General - Restaurant,ACTIVE,Steakhouse,Mark Brown,8292 Ocean Pl,Visalia,CA,93698,Tulare,(559) 963-8829,2019-02-28,2020-02-28
47-405629,47,On-Sale General - Restaurant,ACTIVE,OldSports Bar 36,Maria Anderson,5413 Main St,Porterville,CA,95231,Tulare,(559) 455-2724,2017-03-21,2018-03-21
47-191440,47,On-Sale General - Restaurant,ACTIVE,Tavern,Christopher Williams,3506 1st Way,Visalia,CA,92638,Tulare,(559) 878-9814,2011-05-02,2012-05-02
47-159606,47,On-Sale General - Restaurant,ACTIVE,Brasserie,Kenneth Johnson Williams,4067 Hollywood St,Porterville,CA,95600,Tulare,(559) 318-6113,2016-04-21,2017-04-21
47-624901,47,On-Sale General - Restaurant,ACTIVE,Lounge Visalia Heights,Kenneth Johnson,6488 Maple St,Visalia,CA,94892,Tulare,(559) 697-2330,2011-03-05,2012-03-05
47-258884,47,On-Sale General - Restaurant,ACTIVE,Pub Tulare,William Martinez,4004 Sunset St #258,Tulare,CA,93371,Tulare,(559) 273-4846,2008-08-18,2009-08-18
47-168551,47,On-Sale General - Restaurant,ACTIVE,Steakhouse Visalia Co,Michael Rodriguez,6926 Lincoln Way #321,Visalia,CA,93270,Tulare,(559) 461-2568,2006-02-18,2007-02-18
47-129842,47,On-Sale General - Restaurant,ACTIVE,NewSports Bar Tulare 2,John Lopez,6047 Broadway Ln #376,Tulare,CA,90962,Tulare,(559) 994-8783,2012-08-16,2013-08-16
47-389434,47,On-Sale General - Restaurant,ACTIVE,Steakhouse Tulare Hills,Kenneth Thomas,6659 Mission Blvd,Tulare,CA,92380,Tulare,(559) 666-7650,2020-04-18,2021-04-18
47-755479,47,On-Sale General - Restaurant,ACTIVE,Bar Tulare Group,John Smith Garcia,2425 3rd Ave #446,Visalia,CA,90324,Tulare,(559) 925-3687,2024-05-09,2025-05-09
47-381117,47,On-Sale General - Restaurant,ACTIVE,Bar & Grill,William Smith,2039 7th Dr #619,Porterville,CA,90083,Tulare,(559) 246-8237,2019-05-01,2020-05-01
47-152925,47,On-Sale General - Restaurant,ACTIVE,Pub Porterville Co,Christopher Rodriguez,5255 Mission St #328,Porterville,CA,92128,Tulare,(559) 699-6902,2024-11-01,2025-11-01
47-270957,47,On-Sale General - Restaurant,ACTIVE,Chophouse Visalia Hills,Michelle Jackson,5192 Ocean Pl,Visalia,CA,92940,Tulare,(559) 576-2570,2010-05-06,2011-05-06
47-217105,47,On-Sale General - Restaurant,ACTIVE,Lounge Porterville,Lisa Williams Anderson,7314 Wilshire Ave,Porterville,CA,92234,Tulare,(559) 984-3464,2022-04-12,2023-04-12
47-774571,47,On-Sale General - Restaurant,ACTIVE,NewPub 94,Christopher Hernandez Rodriguez,617 Ocean Ct,Tulare,CA,94540,Tulare,(559) 321-9505,2012-07-10,2013-07-10
47-536680,47,On-Sale General - Restaurant,ACTIVE,NewBar & Grill Tulare Co 9,Maria Thomas,9896 2nd Blvd #249,Porterville,CA,95040,Tulare,(559) 835-4108,2021-08-08,2022-08-08
47-939729,47,On-Sale General - Restaurant,ACTIVE,Chophouse Tulare Heights,Anthony Martinez Moore,5777 2nd Pl,Tulare,CA,91879,Tulare,(559) 427-2800,2007-10-22,2008-10-22
47-699634,47,On-Sale General - Restaurant,ACTIVE,Bar Inc,Christopher Williams,4416 Lincoln Ct,Visalia,CA,92486,Tulare,(559) 969-1055,2002-12-08,2003-12-08
47-542451,47,On-Sale General - Restaurant,ACTIVE,Sports Bar,Michael Davis,1220 2nd Blvd,Visalia,CA,90825,Tulare,(559) 593-1506,2023-02-28,2024-02-28
47-160116,47,On-Sale General - Restaurant,ACTIVE,Steakhouse,Maria Brown,7550 Front Ave,Visalia,CA,92308,Tulare,(559) 730-9519,2010-11-13,2011-11-13
47-564030,47,On-Sale General - Restaurant,ACTIVE,Steakhouse Inc,Christopher Gonzalez,1666 Ocean Blvd,Visalia,CA,92026,Tulare,(559) 626-6349,2001-03-17,2002-03-17
47-461770,47,On-Sale General - Restaurant,ACTIVE,OldBar & Grill 30,Andrew Thomas,1038 Front Dr,Tulare,CA,90708,Tulare,(559) 448-2734,2014-10-21,2015-10-21
48-538062,48,On-Sale General - Bar/Tavern,ACTIVE,Brewery Tulare Corp,Steven Jones,5041 2nd St,Tulare,CA,90879,Tulare,(559) 264-4994,2015-12-21,2016-12-21
48-832326,48,On-Sale General - Bar/Tavern,ACTIVE,Nightclub,Daniel Jones,7195 Madison Rd,Tulare,CA,94850,Tulare,(559) 941-7526,2000-12-25,2001-12-25
48-770546,48,On-Sale General - Bar/Tavern,ACTIVE,NewPub Tulare Company 3,Michael Garcia,7139 Jefferson Dr,Tulare,CA,90140,Tulare,(559) 933-5429,2018-03-17,2019-03-17
48-967046,48,On-Sale General - Bar/Tavern,ACTIVE,Brewery,Matthew Miller,9965 State Ave,Visalia,CA,94328,Tulare,(559) 996-2174,2021-07-15,2022-07-15
48-765705,48,On-Sale General - Bar/Tavern,ACTIVE,Nightclub Tulare Heights Inc,Daniel Taylor,6998 7th Ct,Tulare,CA,92743,Tulare,(559) 706-9569,2011-01-07,2012-01-07
48-194104,48,On-Sale General - Bar/Tavern,ACTIVE,Dive Bar Corp,Anthony Jackson,8788 Lincoln Way,Porterville,CA,95848,Tulare,(559) 349-2648,2010-12-01,2011-12-01
48-253707,48,On-Sale General - Bar/Tavern,ACTIVE,OldPub Tulare Valley 69,Paul Brown,7725 Sunset Ln #462,Tulare,CA,95357,Tulare,(559) 589-3303,2017-08-07,2018-08-07
48-869821,48,On-Sale General - Bar/Tavern,ACTIVE,NewDive Bar Co 100,Matthew Jones Lopez,511 Jefferson Ln,Visalia,CA,92485,Tulare,(559) 388-1323,2001-11-11,2002-11-11
48-269827,48,On-Sale General - Bar/Tavern,ACTIVE,Saloon Visalia,Lisa Martin,4514 Sunset Dr,Visalia,CA,93548,Tulare,(559) 901-3966,2009-12-21,2010-12-21
48-732777,48,On-Sale General - Bar/Tavern,ACTIVE,Saloon Company,David Brown,6346 5th Way,Tulare,CA,93783,Tulare,(559) 362-7026,2018-02-12,2019-02-12
48-779550,48,On-Sale General - Bar/Tavern,ACTIVE,Tap Room Visalia,James Taylor Anderson,1789 Madison Ct,Visalia,CA,94439,Tulare,(559) 531-7042,2005-08-15,2006-08-15
48-715710,48,On-Sale General - Bar/Tavern,ACTIVE,NewLounge 37,Maria Martinez,7289 Lincoln Ave,Tulare,CA,94589,Tulare,(559) 944-9015,2012-05-02,2013-05-02
48-613173,48,On-Sale General - Bar/Tavern,ACTIVE,Club LLC,Christopher Davis,936 Broadway Ct,Tulare,CA,92017,Tulare,(559) 352-1306,2011-04-14,2012-04-14
48-965142,48,On-Sale General - Bar/Tavern,ACTIVE,Bar Tulare,John Rodriguez,6974 7th St,Visalia,CA,91387,Tulare,(559) 894-9547,2003-06-19,2004-06-19
48-416572,48,On-Sale General - Bar/Tavern,ACTIVE,Nightclub Visalia Valley Co,Maria Williams,4060 Pico Ct,Visalia,CA,90206,Tulare,(559) 602-1137,2012-09-12,2013-09-12
48-527435,48,On-Sale General - Bar/Tavern,ACTIVE,Brewery Inc,Maria Thomas,9099 1st Blvd,Porterville,CA,91061,Tulare,(559) 657-1679,2010-01-12,2011-01-12
48-747816,48,On-Sale General - Bar/Tavern,ACTIVE,Brewery Corp,Paul Johnson,1321 Jefferson Blvd,Tulare,CA,95276,Tulare,(559) 804-8097,2024-06-04,2025-06-04
48-151534,48,On-Sale General - Bar/Tavern,ACTIVE,TheDive Bar Group 81,William Martin,6909 Pico Pl #796,Tulare,CA,95029,Tulare,(559) 771-4326,2003-02-24,2004-02-24
48-920149,48,On-Sale General - Bar/Tavern,ACTIVE,NewDive Bar 20,Paul Anderson,4140 Sunset Ave,Porterville,CA,95974,Tulare,(559) 210-1084,2002-05-20,2003-05-20
48-822866,48,On-Sale General - Bar/Tavern,ACTIVE,Brewery Co,Michelle Hernandez,2618 Market Rd #434,Porterville,CA,94045,Tulare,(559) 809-4807,2012-09-28,2013-09-28
48-737185,48,On-Sale General - Bar/Tavern,ACTIVE,Saloon Visalia LLC,Maria Gonzalez Smith,4917 Front Dr,Visalia,CA,90475,Tulare,(559) 715-1158,2005-10-24,2006-10-24
48-755225,48,On-Sale General - Bar/Tavern,ACTIVE,Brewery Inc,Daniel Miller,6296 Sunset Dr #894,Tulare,CA,92943,Tulare,(559) 415-9576,2018-03-25,2019-03-25
48-642691,48,On-Sale General - Bar/Tavern,ACTIVE,Tavern,Kenneth Anderson Martin,2857 2nd St #527,Visalia,CA,93385,Tulare,(559) 223-3754,2000-07-03,2001-07-03
48-155725,48,On-Sale General - Bar/Tavern,ACTIVE,NewDive Bar Tulare 19,John Lopez Rodriguez,5255 Hollywood St,Visalia,CA,93872,Tulare,(559) 421-9110,2021-06-12,2022-06-12
48-956458,48,On-Sale General - Bar/Tavern,ACTIVE,Bar Corp,Christopher Davis Lopez,3263 3rd Blvd,Visalia,CA,95136,Tulare,(559) 786-8568,2006-09-12,2007-09-12
48-716175,48,On-Sale General - Bar/Tavern,ACTIVE,Pub Tulare LLC,John Wilson Taylor,6344 Front Ln #733,Tulare,CA,95891,Tulare,(559) 482-6643,2005-12-15,2006-12-15
48-410757,48,On-Sale General - Bar/Tavern,ACTIVE,OldBrewery Porterville 77,Matthew Thomas Davis,3768 Hollywood Pl,Porterville,CA,95953,Tulare,(559) 450-2300,2014-09-16,2015-09-16
48-696819,48,On-Sale General - Bar/Tavern,ACTIVE,Nightclub,Steven Smith,8908 Sunset Ave #812,Tulare,CA,94970,Tulare,(559) 765-5936,2012-07-27,2013-07-27
48-942742,48,On-Sale General - Bar/Tavern,ACTIVE,NewBrewery Group 74,Maria Smith,2490 Washington St,Tulare,CA,92219,Tulare,(559) 454-5549,2007-12-19,2008-12-19
48-110604,48,On-Sale General - Bar/Tavern,ACTIVE,Nightclub Tulare Group,Mark Davis,9495 Ocean Ln,Tulare,CA,90567,Tulare,(559) 626-9526,2017-06-03,2018-06-03
48-802619,48,On-Sale General - Bar/Tavern,ACTIVE,Dive Bar Inc,Robert Thomas,8178 Main Ln,Tulare,CA,91769,Tulare,(559) 584-2681,2012-10-17,2013-10-17
48-756469,48,On-Sale General - Bar/Tavern,ACTIVE,Tavern Porterville Hills,David Smith,7826 2nd Blvd,Porterville,CA,95454,Tulare,(559) 602-1635,2017-06-14,2018-06-14
48-906939,48,On-Sale General - Bar/Tavern,ACTIVE,Pub,Steven Moore Rodriguez,6130 Wilshire Ln #486,Tulare,CA,95788,Tulare,(559) 766-2784,2008-10-02,2009-10-02
48-171312,48,On-Sale General - Bar/Tavern,ACTIVE,NewTavern Tulare 7,Michelle Brown,8742 Lincoln St,Tulare,CA,93515,Tulare,(559) 215-7832,2017-06-18,2018-06-18
48-343106,48,On-Sale General - Bar/Tavern,ACTIVE,Club Tulare Co,Lisa Davis,5008 Jefferson Blvd,Porterville,CA,90012,Tulare,(559) 615-8400,2008-03-15,2009-03-15
48-968164,48,On-Sale General - Bar/Tavern,ACTIVE,Brewery Tulare Company,David Jackson,8259 State Ct #733,Tulare,CA,94105,Tulare,(559) 802-8895,2011-06-16,2012-06-16
48-284287,48,On-Sale General - Bar/Tavern,ACTIVE,Club Corp,David Taylor,8127 Franklin Ct,Porterville,CA,93060,Tulare,(559) 339-8973,2012-04-12,2013-04-12
48-485123,48,On-Sale General - Bar/Tavern,ACTIVE,Nightclub Co,Matthew Brown,3408 State Ct,Porterville,CA,95952,Tulare,(559) 350-5509,2000-01-02,2001-01-02
48-562345,48,On-Sale General - Bar/Tavern,ACTIVE,TheDive Bar Corp 41,Jennifer Smith Johnson,3361 Wilshire Way #691,Porterville,CA,92366,Tulare,(559) 282-7236,2004-01-24,2005-01-24
48-348235,48,On-Sale General - Bar/Tavern,ACTIVE,Lounge Visalia,Jennifer Jackson,1307 4th Pl,Visalia,CA,90792,Tulare,(559) 258-9090,2015-07-11,2016-07-11
48-859962,48,On-Sale General - Bar/Tavern,ACTIVE,TheBrewery Visalia 97,Lisa Rodriguez Jackson,5673 Sunset Way #152,Visalia,CA,93812,Tulare,(559) 539-1263,2004-11-02,2005-11-02
48-695880,48,On-Sale General - Bar/Tavern,ACTIVE,TheLounge Porterville Heights Company 3,Daniel Gonzalez,7754 Market Way,Porterville,CA,95408,Tulare,(559) 806-5186,2005-12-08,2006-12-08
48-398032,48,On-Sale General - Bar/Tavern,ACTIVE,Lounge Tulare,Kenneth Wilson Garcia,1584 Lincoln Blvd #868,Visalia,CA,94825,Tulare,(559) 984-9815,2009-05-05,2010-05-05
48-619343,48,On-Sale General - Bar/Tavern,ACTIVE,Club Tulare Inc,Paul Brown,8098 Franklin Pl,Tulare,CA,91024,Tulare,(559) 877-4322,2024-07-05,2025-07-05
48-628333,48,On-Sale General - Bar/Tavern,ACTIVE,Tavern Corp,John Garcia,4956 5th Rd,Visalia,CA,92333,Tulare,(559) 798-6520,2008-03-10,2009-03-10
48-484392,48,On-Sale General - Bar/Tavern,ACTIVE,Lounge Tulare Hills,Christopher Hernandez Johnson,6384 Franklin Way,Tulare,CA,94848,Tulare,(559) 687-3531,2011-10-17,2012-10-17
48-240851,48,On-Sale General - Bar/Tavern,ACTIVE,Brewery Co,Paul Wilson Rodriguez,3778 Washington Rd,Visalia,CA,92322,Tulare,(559) 346-7349,2003-02-11,2004-02-11
48-888878,48,On-Sale General - Bar/Tavern,ACTIVE,Tap Room Visalia Corp,William Martinez,2653 Main Way #898,Visalia,CA,94042,Tulare,(559) 619-7803,2002-11-25,2003-11-25
48-885199,48,On-Sale General - Bar/Tavern,ACTIVE,Brewery,Anthony Martin,7494 Market St #793,Porterville,CA,92671,Tulare,(559) 353-7509,2008-03-21,2009-03-21
48-832372,48,On-Sale General - Bar/Tavern,ACTIVE,Lounge Tulare Group,William Brown Miller,3198 Hollywood Dr,Visalia,CA,95408,Tulare,(559) 957-1545,2007-01-19,2008-01-19
48-639040,48,On-Sale General - Bar/Tavern,ACTIVE,Brewery Co,William Miller,4095 Hollywood Rd #623,Visalia,CA,91231,Tulare,(559) 998-1120,2006-06-07,2007-06-07
48-372037,48,On-Sale General - Bar/Tavern,ACTIVE,Pub Tulare Inc,Paul Jackson,4414 Lincoln Pl #937,Visalia,CA,94350,Tulare,(559) 505-7724,2012-10-25,2013-10-25
48-141748,48,On-Sale General - Bar/Tavern,ACTIVE,OldDive Bar Tulare Group 55,Paul Martin,5010 Maple St,Visalia,CA,93636,Tulare,(559) 396-3422,2004-03-20,2005-03-20
48-325302,48,On-Sale General - Bar/Tavern,ACTIVE,Brewery Tulare,Mark Davis,9981 Broadway Ct,Tulare,CA,90452,Tulare,(559) 411-1042,2014-01-06,2015-01-06
48-536308,48,On-Sale General - Bar/Tavern,ACTIVE,Tap Room Group,Andrew Martin,4581 Wilshire Pl,Tulare,CA,90109,Tulare,(559) 976-5721,2005-01-20,2006-01-20
48-891316,48,On-Sale General - Bar/Tavern,ACTIVE,Tap Room Tulare,Mark Anderson,309 6th St #150,Visalia,CA,94115,Tulare,(559) 923-9849,2013-01-10,2014-01-10
48-259711,48,On-Sale General - Bar/Tavern,ACTIVE,OldDive Bar Porterville Inc 6,Maria Jones,2485 Sunset Pl #441,Porterville,CA,91765,Tulare,(559) 883-2877,2010-01-01,2011-01-01
48-930902,48,On-Sale General - Bar/Tavern,ACTIVE,Dive Bar,Michelle Williams,5719 Maple Way #118,Visalia,CA,90782,Tulare,(559) 519-1163,2008-01-23,2009-01-23
48-283692,48,On-Sale General - Bar/Tavern,ACTIVE,Club,John Martinez,7058 State Way #138,Porterville,CA,94879,Tulare,(559) 535-3615,2004-01-27,2005-01-27
48-590375,48,On-Sale General - Bar/Tavern,ACTIVE,Pub Tulare Heights,David Jones,8304 Market Ct #512,Tulare,CA,94239,Tulare,(559) 526-2841,2008-04-10,2009-04-10
48-534296,48,On-Sale General - Bar/Tavern,ACTIVE,TheDive Bar 4,Maria Davis Taylor,502 Market Ct,Porterville,CA,91006,Tulare,(559) 646-6622,2007-08-26,2008-08-26
48-536465,48,On-Sale General - Bar/Tavern,ACTIVE,TheNightclub Tulare 91,Anthony Taylor,7274 Main Rd #698,Porterville,CA,95882,Tulare,(559) 267-4642,2003-10-12,2004-10-12
48-268043,48,On-Sale General - Bar/Tavern,ACTIVE,Brewery,Robert Anderson,9847 3rd Blvd,Porterville,CA,95236,Tulare,(559) 511-4370,2022-01-17,2023-01-17
48-353228,48,On-Sale General - Bar/Tavern,ACTIVE,Dive Bar Visalia Valley,Lisa Jones,2381 Madison Rd,Visalia,CA,92488,Tulare,(559) 844-9181,2004-10-28,2005-10-28
48-246477,48,On-Sale General - Bar/Tavern,ACTIVE,Lounge,Robert Hernandez,1203 Hollywood Dr,Tulare,CA,96197,Tulare,(559) 991-8964,2018-09-24,2019-09-24
48-933189,48,On-Sale General - Bar/Tavern,ACTIVE,Tavern,Christopher Rodriguez,1905 Sunset Ct,Porterville,CA,90645,Tulare,(559) 452-8935,2002-01-02,2003-01-02
48-708723,48,On-Sale General - Bar/Tavern,ACTIVE,Tavern,Maria Brown,3763 4th Pl,Porterville,CA,90909,Tulare,(559) 824-4495,2002-12-25,2003-12-25
48-782888,48,On-Sale General - Bar/Tavern,ACTIVE,Dive Bar Tulare Valley Corp,Michelle Gonzalez,7203 Hollywood Blvd,Tulare,CA,96015,Tulare,(559) 669-5199,2022-10-09,2023-10-09
48-744721,48,On-Sale General - Bar/Tavern,ACTIVE,Brewery Visalia Hills Co,Robert Smith,7988 5th Ln,Visalia,CA,95602,Tulare,(559) 484-1889,2006-01-01,2007-01-01
48-767126,48,On-Sale General - Bar/Tavern,ACTIVE,Saloon,Michelle Martinez,2198 Mission Rd #713,Tulare,CA,92639,Tulare,(559) 326-6707,2023-07-12,2024-07-12
48-382033,48,On-Sale General - Bar/Tavern,ACTIVE,Club Visalia,Lisa Thomas,6026 Jefferson Rd #472,Visalia,CA,94505,Tulare,(559) 879-8529,2001-11-07,2002-11-07
48-563991,48,On-Sale General - Bar/Tavern,ACTIVE,Brewery 43,John Garcia,5786 7th Blvd #423,Visalia,CA,91189,Tulare,(559) 766-9992,2006-11-03,2007-11-03
48-884276,48,On-Sale General - Bar/Tavern,ACTIVE,Brewery Inc,Steven Moore Wilson,4426 Washington Way #128,Porterville,CA,90977,Tulare,(559) 415-3644,2016-07-27,2017-07-27
48-302770,48,On-Sale General - Bar/Tavern,ACTIVE,Dive Bar Tulare,James Hernandez Jackson,2308 Ocean Ct,Tulare,CA,90730,Tulare,(559) 964-8686,2016-12-16,2017-12-16
48-480674,48,On-Sale General - Bar/Tavern,ACTIVE,NewLounge Tulare Company 16,Robert Gonzalez,2132 Market Ct,Tulare,CA,91675,Tulare,(559) 875-4121,2017-10-10,2018-10-10
48-347203,48,On-Sale General - Bar/Tavern,ACTIVE,Tavern Visalia Heights Inc,Kenneth Moore Anderson,3702 Pico Pl,Visalia,CA,94183,Tulare,(559) 674-9596,2013-06-20,2014-06-20
48-458201,48,On-Sale General - Bar/Tavern,ACTIVE,Saloon Tulare Co 71,Michael Anderson,3338 4th Pl,Tulare,CA,94435,Tulare,(559) 793-4621,2007-03-12,2008-03-12
48-410352,48,On-Sale General - Bar/Tavern,ACTIVE,NewPub Visalia 29,Andrew Gonzalez,6900 Sunset Pl,Visalia,CA,92173,Tulare,(559) 349-6003,2009-06-09,2010-06-09
48-340972,48,On-Sale General - Bar/Tavern,ACTIVE,Lounge Visalia LLC 10,Maria Moore Hernandez,7959 Lincoln Rd,Visalia,CA,91634,Tulare,(559) 597-9940,2003-06-28,2004-06-28
48-561675,48,On-Sale General - Bar/Tavern,ACTIVE,Tap Room,William Martin Anderson,7184 Lincoln Rd #167,Visalia,CA,93531,Tulare,(559) 700-4222,2016-12-05,2017-12-05
48-889305,48,On-Sale General - Bar/Tavern,ACTIVE,Nightclub Tulare Valley,William Davis,2271 Jefferson Ln,Tulare,CA,94167,Tulare,(559) 862-1985,2004-10-08,2005-10-08
48-749056,48,On-Sale General - Bar/Tavern,ACTIVE,OldPub Group 6,Michael Brown,4780 Maple Ave #608,Visalia,CA,95560,Tulare,(559) 880-6819,2017-09-24,2018-09-24
48-219970,48,On-Sale General - Bar/Tavern,ACTIVE,TheTap Room 33,Jennifer Martinez Brown,4490 Jefferson St #780,Tulare,CA,95035,Tulare,(559) 711-8695,2002-05-22,2003-05-22
48-899949,48,On-Sale General - Bar/Tavern,ACTIVE,Dive Bar Visalia,Matthew Miller Jackson,9262 5th St #971,Visalia,CA,91097,Tulare,(559) 450-9509,2015-10-15,2016-10-15
48-590223,48,On-Sale General - Bar/Tavern,ACTIVE,OldSaloon Porterville Group 31,James Garcia,1680 Jefferson St,Porterville,CA,94939,Tulare,(559) 791-4885,2008-09-28,2009-09-28
48-233407,48,On-Sale General - Bar/Tavern,ACTIVE,NewTap Room Porterville Heights 2,Daniel Jones,3654 1st Ct,Porterville,CA,94832,Tulare,(559) 338-2071,2000-02-07,2001-02-07
48-192799,48,On-Sale General - Bar/Tavern,ACTIVE,ThePub 38,Maria Williams Williams,7209 Pico Rd #606,Visalia,CA,91990,Tulare,(559) 336-7396,2016-10-06,2017-10-06
48-464557,48,On-Sale General - Bar/Tavern,ACTIVE,Pub,Lisa Anderson Lopez,8147 5th Blvd,Tulare,CA,94374,Tulare,(559) 583-8544,2023-01-26,2024-01-26
48-149150,48,On-Sale General - Bar/Tavern,ACTIVE,Saloon Tulare Co,Maria Taylor,2043 Market Ave,Tulare,CA,90702,Tulare,(559) 236-5860,2008-08-19,2009-08-19
48-713829,48,On-Sale General - Bar/Tavern,ACTIVE,Dive Bar Tulare,John Brown Anderson,3566 Oak St,Tulare,CA,90385,Tulare,(559) 876-8711,2024-06-14,2025-06-14
48-612593,48,On-Sale General - Bar/Tavern,ACTIVE,Club Visalia Valley,Jennifer Rodriguez,8361 Sunset Blvd,Visalia,CA,90112,Tulare,(559) 366-8466,2017-03-15,2018-03-15
48-550393,48,On-Sale General - Bar/Tavern,ACTIVE,Club Visalia Corp,Daniel Wilson,6362 Lincoln Ct,Visalia,CA,93078,Tulare,(559) 460-9585,2018-08-18,2019-08-18
48-101296,48,On-Sale General - Bar/Tavern,ACTIVE,Tap Room Company,Maria Rodriguez,3897 Lincoln Pl,Tulare,CA,95300,Tulare,(559) 342-8543,2023-10-05,2024-10-05
48-809154,48,On-Sale General - Bar/Tavern,ACTIVE,Club Visalia Co,Andrew Brown,2935 6th Pl #956,Visalia,CA,92208,Tulare,(559) 701-4841,2017-08-01,2018-08-01
48-851877,48,On-Sale General - Bar/Tavern,ACTIVE,Tavern,Christopher Jackson,9398 5th Pl,Visalia,CA,92558,Tulare,(559) 694-3074,2011-10-15,2012-10-15
48-857101,48,On-Sale General - Bar/Tavern,ACTIVE,Tavern LLC,James Smith,2769 Maple Rd #133,Visalia,CA,90202,Tulare,(559) 474-3605,2017-06-02,2018-06-02
48-777755,48,On-Sale General - Bar/Tavern,ACTIVE,Bar Tulare Hills Group,Daniel Jones,5805 Washington Rd,Tulare,CA,92264,Tulare,(559) 349-2081,2011-03-24,2012-03-24
48-811889,48,On-Sale General - Bar/Tavern,ACTIVE,Nightclub Visalia Co,Maria Moore,4815 Broadway Blvd #534,Visalia,CA,94360,Tulare,(559) 547-9775,2021-10-12,2022-10-12
48-646880,48,On-Sale General - Bar/Tavern,ACTIVE,Tap Room Corp,Christopher Anderson,4680 4th Ave,Visalia,CA,92610,Tulare,(559) 250-4974,2019-12-23,2020-12-23
48-681477,48,On-Sale General - Bar/Tavern,ACTIVE,Nightclub Tulare,James Martinez Lopez,3701 Oak Pl,Tulare,CA,92924,Tulare,(559) 578-5578,2002-10-14,2003-10-14
48-636098,48,On-Sale General - Bar/Tavern,ACTIVE,Nightclub Tulare Inc,David Johnson,1354 Madison Dr,Visalia,CA,91126,Tulare,(559) 583-5014,2013-08-27,2014-08-27
48-570921,48,On-Sale General - Bar/Tavern,ACTIVE,Bar Company,Mark Taylor,7895 Sunset Way,Tulare,CA,90466,Tulare,(559) 686-3065,2020-02-06,2021-02-06
48-629057,48,On-Sale General - Bar/Tavern,ACTIVE,OldBrewery Tulare Co 8,John Brown,4937 Market Ave,Tulare,CA,91785,Tulare,(559) 340-6109,2016-10-22,2017-10-22
48-461197,48,On-Sale General - Bar/Tavern,ACTIVE,Tavern Tulare,Jennifer Gonzalez Garcia,8897 5th Way,Tulare,CA,95052,Tulare,(559) 412-7075,2013-04-04,2014-04-04
48-961496,48,On-Sale General - Bar/Tavern,ACTIVE,Bar Tulare Company,Andrew Davis,1028 5th Rd,Porterville,CA,94086,Tulare,(559) 588-8165,2007-09-08,2008-09-08
48-501073,48,On-Sale General - Bar/Tavern,ACTIVE,Dive Bar Co 33,Michelle Brown,6186 State Dr,Porterville,CA,93569,Tulare,(559) 764-4490,2003-09-13,2004-09-13
48-166364,48,On-Sale General - Bar/Tavern,ACTIVE,Tap Room Tulare,William Brown,5156 Wilshire Blvd,Visalia,CA,93332,Tulare,(559) 538-2103,2008-11-07,2009-11-07
48-999982,48,On-Sale General - Bar/Tavern,ACTIVE,OldBrewery Tulare LLC 34,Maria Martinez,3449 2nd Ln,Tulare,CA,94536,Tulare,(559) 321-7057,2019-09-10,2020-09-10
20-580809,20,Off-Sale Beer & Wine,ACTIVE,Liquor Store Visalia Hills,Maria Jackson Anderson,531 Hollywood Ct,Visalia,CA,94112,Tulare,(559) 353-5813,2021-04-02,2022-04-02
20-311961,20,Off-Sale Beer & Wine,ACTIVE,Bottle Shop Porterville Hills Corp,Kenneth Williams,5065 4th Blvd #923,Porterville,CA,91569,Tulare,(559) 598-9595,2012-03-04,2013-03-04
20-801431,20,Off-Sale Beer & Wine,ACTIVE,Corner Store Porterville Group,David Smith,7297 4th Pl,Porterville,CA,94687,Tulare,(559) 319-3350,2017-06-19,2018-06-19
20-947371,20,Off-Sale Beer & Wine,ACTIVE,TheLiquor Store Company 18,John Martinez,4569 Market Ln,Porterville,CA,95557,Tulare,(559) 205-6088,2019-10-05,2020-10-05
20-434366,20,Off-Sale Beer & Wine,ACTIVE,Grocery Group 74,Matthew Rodriguez,6174 State Ct,Tulare,CA,95112,Tulare,(559) 293-3721,2013-07-28,2014-07-28
20-158035,20,Off-Sale Beer & Wine,ACTIVE,NewGrocery Porterville Group 36,John Hernandez Brown,317 Front Dr,Porterville,CA,90481,Tulare,(559) 725-5271,2007-04-20,2008-04-20
20-628723,20,Off-Sale Beer & Wine,ACTIVE,Liquor Store,James Miller,9094 1st Way,Visalia,CA,90646,Tulare,(559) 290-8500,2020-12-13,2021-12-13
20-981180,20,Off-Sale Beer & Wine,ACTIVE,TheLiquor Store Corp 45,Paul Lopez,1500 6th Dr #110,Porterville,CA,92470,Tulare,(559) 827-8991,2013-01-15,2014-01-15
20-522216,20,Off-Sale Beer & Wine,ACTIVE,Liquor Store Tulare,James Lopez,5488 Jefferson Way #300,Tulare,CA,93110,Tulare,(559) 624-1214,2002-10-12,2003-10-12
20-937942,20,Off-Sale Beer & Wine,ACTIVE,NewMarket Tulare 81,Paul Brown,9865 1st Ct #588,Porterville,CA,90530,Tulare,(559) 334-8185,2022-12-05,2023-12-05
20-158580,20,Off-Sale Beer & Wine,ACTIVE,Mini Mart,Daniel Garcia,4481 Jefferson Way,Visalia,CA,92104,Tulare,(559) 982-4533,2015-05-08,2016-05-08
20-336108,20,Off-Sale Beer & Wine,ACTIVE,Corner Store Tulare,Lisa Miller,8882 Front Ct,Porterville,CA,90346,Tulare,(559) 379-2681,2007-04-23,2008-04-23
20-629122,20,Off-Sale Beer & Wine,ACTIVE,Wine Shop Group,James Gonzalez,3143 Main Pl,Porterville,CA,90690,Tulare,(559) 690-2334,2021-11-10,2022-11-10
20-382440,20,Off-Sale Beer & Wine,ACTIVE,TheLiquor Store Porterville LLC 55,Andrew Moore,9437 Maple St,Porterville,CA,90788,Tulare,(559) 820-3994,2016-02-01,2017-02-01
20-568906,20,Off-Sale Beer & Wine,ACTIVE,Wine Shop Co,William Thomas,187 Pico Blvd #458,Tulare,CA,95275,Tulare,(559) 253-9362,2007-03-19,2008-03-19
20-206602,20,Off-Sale Beer & Wine,ACTIVE,Market Corp,Steven Martin Davis,4343 Pico Rd,Porterville,CA,92336,Tulare,(559) 667-2030,2006-12-13,2007-12-13
20-702293,20,Off-Sale Beer & Wine,ACTIVE,Market,William Jackson,6203 Ocean Ln,Visalia,CA,95924,Tulare,(559) 209-4999,2019-12-08,2020-12-08
20-445425,20,Off-Sale Beer & Wine,ACTIVE,Grocery Tulare Hills Group,Matthew Taylor,8563 Pico Ct,Tulare,CA,92067,Tulare,(559) 384-4046,2000-02-21,2001-02-21
20-500307,20,Off-Sale Beer & Wine,ACTIVE,Market Tulare Company,Maria Wilson,4887 Hollywood Ln,Tulare,CA,92288,Tulare,(559) 479-3057,2005-01-09,2006-01-09
20-667653,20,Off-Sale Beer & Wine,ACTIVE,Bottle Shop,John Williams,6815 Madison Dr,Porterville,CA,94772,Tulare,(559) 275-3917,2008-05-12,2009-05-12
20-647960,20,Off-Sale Beer & Wine,ACTIVE,Mini Mart Porterville Co,Maria Brown Taylor,3276 Ocean Dr,Porterville,CA,90439,Tulare,(559) 528-7210,2012-04-03,2013-04-03
20-390299,20,Off-Sale Beer & Wine,ACTIVE,Convenience Store Visalia Company,Matthew Martinez,1126 Jefferson Ct,Visalia,CA,90544,Tulare,(559) 548-4080,2003-11-08,2004-11-08
20-618319,20,Off-Sale Beer & Wine,ACTIVE,OldWine Shop Visalia Valley LLC 86,Anthony Moore,1643 5th Blvd,Visalia,CA,93590,Tulare,(559) 709-3381,2024-01-21,2025-01-21
20-316009,20,Off-Sale Beer & Wine,ACTIVE,Grocery Tulare Inc,James Wilson,3074 2nd Ln #647,Tulare,CA,93873,Tulare,(559) 918-2275,2004-09-11,2005-09-11
20-938379,20,Off-Sale Beer & Wine,ACTIVE,Grocery Company,Maria Anderson,2799 7th Blvd,Visalia,CA,94554,Tulare,(559) 405-3490,2019-03-11,2020-03-11
20-852617,20,Off-Sale Beer & Wine,ACTIVE,Market Corp,Mark Wilson Smith,9203 Franklin Pl,Tulare,CA,90336,Tulare,(559) 983-5081,2018-06-27,2019-06-27
20-280135,20,Off-Sale Beer & Wine,ACTIVE,Convenience Store Porterville Hills,Jennifer Jones,6884 Madison Way,Porterville,CA,95142,Tulare,(559) 593-8652,2006-01-20,2007-01-20
20-519717,20,Off-Sale Beer & Wine,ACTIVE,Market Co,Kenneth Jackson,5299 Broadway Ln,Visalia,CA,91559,Tulare,(559) 346-8372,2017-07-02,2018-07-02
20-315106,20,Off-Sale Beer & Wine,ACTIVE,Bottle Shop,James Martinez Brown,1056 Sunset Way #350,Porterville,CA,94864,Tulare,(559) 733-4284,2000-07-23,2001-07-23
20-495052,20,Off-Sale Beer & Wine,ACTIVE,Corner Store,Paul Williams,3088 Mission Ct,Tulare,CA,90651,Tulare,(559) 830-4147,2012-01-28,2013-01-28
20-572993,20,Off-Sale Beer & Wine,ACTIVE,Bottle Shop Visalia Valley,Robert Jackson Smith,6214 2nd Pl #270,Visalia,CA,90996,Tulare,(559) 622-4404,2001-11-16,2002-11-16
20-632862,20,Off-Sale Beer & Wine,ACTIVE,TheConvenience Store Tulare Co 67,Maria Smith,4662 4th Ave,Tulare,CA,92408,Tulare,(559) 331-9577,2022-10-28,2023-10-28
20-609942,20,Off-Sale Beer & Wine,ACTIVE,Convenience Store Inc,Maria Miller,1419 Sunset St,Visalia,CA,90324,Tulare,(559) 239-8615,2021-08-19,2022-08-19
20-868705,20,Off-Sale Beer & Wine,ACTIVE,Mini Mart Porterville,Christopher Johnson,6740 State Ln #206,Porterville,CA,92083,Tulare,(559) 990-3554,2012-10-03,2013-10-03
20-270614,20,Off-Sale Beer & Wine,ACTIVE,Liquor Store Porterville 47,James Taylor,5571 Hollywood Ave #187,Porterville,CA,91055,Tulare,(559) 720-7676,2016-06-20,2017-06-20
20-847227,20,Off-Sale Beer & Wine,ACTIVE,Bottle Shop Tulare Valley Co,James Jackson Rodriguez,6154 Lincoln Ave,Tulare,CA,93160,Tulare,(559) 990-7175,2010-07-22,2011-07-22
20-166237,20,Off-Sale Beer & Wine,ACTIVE,OldBottle Shop Tulare 91,Steven Wilson Martin,2422 Lincoln Dr #647,Porterville,CA,94091,Tulare,(559) 963-5058,2014-08-28,2015-08-28
20-815235,20,Off-Sale Beer & Wine,ACTIVE,Convenience Store Tulare Inc,Jennifer Martinez,1494 Front Ln,Visalia,CA,93549,Tulare,(559) 341-5337,2016-08-28,2017-08-28
20-546692,20,Off-Sale Beer & Wine,ACTIVE,Market Porterville,Michelle Rodriguez,2152 Wilshire Dr #350,Porterville,CA,96022,Tulare,(559) 695-3634,2003-08-21,2004-08-21
20-572048,20,Off-Sale Beer & Wine,ACTIVE,Convenience Store Group,James Johnson,2656 4th St,Porterville,CA,95178,Tulare,(559) 869-2579,2021-08-15,2022-08-15
20-161687,20,Off-Sale Beer & Wine,ACTIVE,Convenience Store Tulare,Jennifer Miller,5456 Market Dr,Tulare,CA,91735,Tulare,(559) 488-5904,2005-08-03,2006-08-03
20-121006,20,Off-Sale Beer & Wine,ACTIVE,Convenience Store Inc,Kenneth Rodriguez,1093 Madison Ave,Visalia,CA,92603,Tulare,(559) 715-4196,2024-04-18,2025-04-18
20-798440,20,Off-Sale Beer & Wine,ACTIVE,Convenience Store Visalia 81,Paul Moore,3125 State Ct,Visalia,CA,90746,Tulare,(559) 918-9411,2007-06-19,2008-06-19
20-894052,20,Off-Sale Beer & Wine,ACTIVE,Corner Store Visalia LLC,Maria Martinez,9379 Lincoln Way #795,Visalia,CA,91013,Tulare,(559) 790-9634,2005-12-15,2006-12-15
20-631118,20,Off-Sale Beer & Wine,ACTIVE,Wine Shop Tulare Heights Inc,Jennifer Taylor,5773 Oak Pl,Tulare,CA,96101,Tulare,(559) 465-9923,2017-06-28,2018-06-28
20-952813,20,Off-Sale Beer & Wine,ACTIVE,Corner Store Tulare Corp,Anthony Taylor,3713 6th Ln,Visalia,CA,94032,Tulare,(559) 641-3836,2015-03-15,2016-03-15
20-980202,20,Off-Sale Beer & Wine,ACTIVE,Corner Store,William Taylor,519 5th Ave,Visalia,CA,93809,Tulare,(559) 876-2643,2010-01-04,2011-01-04
20-564069,20,Off-Sale Beer & Wine,ACTIVE,Corner Store Porterville,Robert Garcia,2047 Market Ave #761,Porterville,CA,95848,Tulare,(559) 786-2673,2020-02-06,2021-02-06
20-846021,20,Off-Sale Beer & Wine,ACTIVE,Mini Mart Porterville Valley,Anthony Martin,6760 4th Blvd,Porterville,CA,93886,Tulare,(559) 760-6071,2008-07-21,2009-07-21
20-167649,20,Off-Sale Beer & Wine,ACTIVE,Mini Mart Tulare LLC 70,Michael Jackson,6288 Broadway Dr,Porterville,CA,93788,Tulare,(559) 259-4758,2006-05-26,2007-05-26
20-398453,20,Off-Sale Beer & Wine,ACTIVE,Wine Shop Inc 61,Paul Lopez,8791 Franklin Pl,Tulare,CA,94300,Tulare,(559) 597-7844,2008-10-13,2009-10-13
20-266908,20,Off-Sale Beer & Wine,ACTIVE,Corner Store Group,Lisa Brown,6994 Front Way,Visalia,CA,93919,Tulare,(559) 639-3726,2000-11-10,2001-11-10
20-592331,20,Off-Sale Beer & Wine,ACTIVE,Bottle Shop,Kenneth Jackson,5412 7th Dr,Visalia,CA,94493,Tulare,(559) 641-2645,2007-02-14,2008-02-14
20-629055,20,Off-Sale Beer & Wine,ACTIVE,Convenience Store,Steven Taylor,1537 Lincoln Ave #980,Tulare,CA,95226,Tulare,(559) 435-5614,2021-11-18,2022-11-18
20-599961,20,Off-Sale Beer & Wine,ACTIVE,Bottle Shop Co,Matthew Miller,2969 State Ave,Tulare,CA,91169,Tulare,(559) 656-7077,2023-11-03,2024-11-03
20-103152,20,Off-Sale Beer & Wine,ACTIVE,TheMini Mart Corp 86,David Thomas Brown,7823 Madison Ave,Tulare,CA,91655,Tulare,(559) 651-9857,2004-02-07,2005-02-07
20-567002,20,Off-Sale Beer & Wine,ACTIVE,Liquor Store LLC,Lisa Jackson Hernandez,9572 Lincoln Rd #692,Tulare,CA,93177,Tulare,(559) 466-9209,2021-01-25,2022-01-25
20-422889,20,Off-Sale Beer & Wine,ACTIVE,NewConvenience Store LLC 35,Matthew Jones,2708 Wilshire Way,Tulare,CA,93105,Tulare,(559) 614-2139,2019-10-06,2020-10-06
20-855832,20,Off-Sale Beer & Wine,ACTIVE,Corner Store Inc,Lisa Gonzalez,192 Sunset Ln,Porterville,CA,90009,Tulare,(559) 517-1422,2018-08-08,2019-08-08
20-525510,20,Off-Sale Beer & Wine,ACTIVE,Market Visalia LLC,James Lopez,3356 Wilshire Ave,Visalia,CA,92549,Tulare,(559) 552-1585,2006-09-26,2007-09-26
20-834996,20,Off-Sale Beer & Wine,ACTIVE,Corner Store,Steven Rodriguez,9033 Main Ln,Tulare,CA,91921,Tulare,(559) 788-6901,2023-09-11,2024-09-11
20-913551,20,Off-Sale Beer & Wine,ACTIVE,Convenience Store Tulare Inc,Michelle Lopez,7629 6th Dr,Tulare,CA,91911,Tulare,(559) 348-5246,2023-05-10,2024-05-10
20-114175,20,Off-Sale Beer & Wine,ACTIVE,Corner Store Tulare 58,Michael Hernandez,5447 Jefferson Ct,Tulare,CA,90803,Tulare,(559) 232-2767,2022-10-10,2023-10-10
20-718801,20,Off-Sale Beer & Wine,ACTIVE,Wine Shop LLC,John Martinez,823 Franklin Blvd,Porterville,CA,92635,Tulare,(559) 772-1248,2022-11-22,2023-11-22
20-748923,20,Off-Sale Beer & Wine,ACTIVE,TheMarket Tulare LLC 21,Michael Rodriguez,8157 6th St,Tulare,CA,92113,Tulare,(559) 591-5656,2000-09-15,2001-09-15
20-384588,20,Off-Sale Beer & Wine,ACTIVE,Mini Mart Tulare Valley Group,Jennifer Williams,2839 Washington Ln #135,Tulare,CA,92030,Tulare,(559) 251-4018,2016-03-16,2017-03-16
20-221440,20,Off-Sale Beer & Wine,ACTIVE,Wine Shop Porterville Hills Corp,Maria Miller,6054 Broadway Rd,Porterville,CA,90604,Tulare,(559) 718-5525,2022-07-22,2023-07-22
20-678973,20,Off-Sale Beer & Wine,ACTIVE,Corner Store Porterville,Maria Garcia,9460 Hollywood Ct,Porterville,CA,90308,Tulare,(559) 877-9130,2014-07-27,2015-07-27
20-974672,20,Off-Sale Beer & Wine,ACTIVE,Liquor Store,Maria Moore,345 2nd St,Tulare,CA,93889,Tulare,(559) 932-6902,2020-05-09,2021-05-09
20-175987,20,Off-Sale Beer & Wine,ACTIVE,Liquor Store Co,William Johnson,5922 Hollywood Blvd,Visalia,CA,90076,Tulare,(559) 431-2100,2018-07-19,2019-07-19
20-569294,20,Off-Sale Beer & Wine,ACTIVE,Liquor Store,David Thomas,5573 Washington Blvd,Visalia,CA,91060,Tulare,(559) 982-4121,2019-03-09,2020-03-09
20-381163,20,Off-Sale Beer & Wine,ACTIVE,Liquor Store LLC,William Martinez,8453 Wilshire Ct,Visalia,CA,95806,Tulare,(559) 925-9706,2001-11-12,2002-11-12
20-181455,20,Off-Sale Beer & Wine,ACTIVE,Bottle Shop Visalia,Andrew Smith,6193 Hollywood Way,Visalia,CA,93638,Tulare,(559) 430-3978,2023-12-14,2024-12-14
20-674824,20,Off-Sale Beer & Wine,ACTIVE,Grocery Inc,James Taylor Garcia,226 Wilshire St,Porterville,CA,95194,Tulare,(559) 224-1683,2006-08-13,2007-08-13
20-523253,20,Off-Sale Beer & Wine,ACTIVE,TheLiquor Store Tulare LLC 7,Daniel Anderson,7070 Lincoln Dr,Tulare,CA,91015,Tulare,(559) 589-5723,2000-11-18,2001-11-18
20-879753,20,Off-Sale Beer & Wine,ACTIVE,Liquor Store Co,Matthew Jackson Jones,5907 Ocean Rd #923,Tulare,CA,95172,Tulare,(559) 603-5577,2023-04-03,2024-04-03
21-486889,21,Off-Sale General,ACTIVE,Beverage Store Visalia,Robert Smith,2780 Broadway Blvd #675,Visalia,CA,90738,Tulare,(559) 915-1574,2009-08-10,2010-08-10
21-645413,21,Off-Sale General,ACTIVE,Liquor Store Porterville Corp,David Anderson Taylor,3100 Front St,Porterville,CA,94273,Tulare,(559) 489-7007,2012-09-07,2013-09-07
21-549843,21,Off-Sale General,ACTIVE,Spirits,Paul Davis,395 7th Pl,Tulare,CA,94793,Tulare,(559) 650-7799,2001-12-11,2002-12-11
21-766191,21,Off-Sale General,ACTIVE,Fine Wines Tulare LLC,Kenneth Brown,6189 Jefferson Ct,Porterville,CA,92289,Tulare,(559) 652-5576,2021-07-14,2022-07-14
21-502820,21,Off-Sale General,ACTIVE,OldSpirits Tulare 13,Kenneth Hernandez,7668 Ocean Rd #288,Tulare,CA,91167,Tulare,(559) 826-1057,2018-12-13,2019-12-13
21-254035,21,Off-Sale General,ACTIVE,Package Store Tulare,Robert Williams,819 Maple St,Tulare,CA,92739,Tulare,(559) 222-7815,2009-04-21,2010-04-21
21-321708,21,Off-Sale General,ACTIVE,Spirits Tulare Heights Group,Daniel Martinez,5897 Sunset Ct,Tulare,CA,94959,Tulare,(559) 253-8300,2003-04-02,2004-04-02
21-141230,21,Off-Sale General,ACTIVE,Beverage Store 83,Michael Davis Miller,7569 Jefferson Rd,Tulare,CA,91738,Tulare,(559) 863-1641,2019-05-24,2020-05-24
21-513251,21,Off-Sale General,ACTIVE,NewWine & Spirits Tulare 50,Daniel Davis Martinez,8685 Pico St,Tulare,CA,90500,Tulare,(559) 459-4348,2015-12-24,2016-12-24
21-901187,21,Off-Sale General,ACTIVE,Fine Wines Porterville,Jennifer Lopez,7380 4th Way,Porterville,CA,95414,Tulare,(559) 775-2693,2019-05-16,2020-05-16
21-132913,21,Off-Sale General,ACTIVE,Liquor Store,Andrew Johnson,1336 Oak Dr,Visalia,CA,91274,Tulare,(559) 206-8626,2021-04-26,2022-04-26
21-619069,21,Off-Sale General,ACTIVE,Spirits Inc,Michelle Martinez,9251 4th Blvd,Porterville,CA,92426,Tulare,(559) 686-1955,2010-03-20,2011-03-20
21-122025,21,Off-Sale General,ACTIVE,Wine & Spirits Tulare,Maria Wilson,7369 Sunset Dr #110,Visalia,CA,92495,Tulare,(559) 603-6469,2013-11-20,2014-11-20
21-291342,21,Off-Sale General,ACTIVE,Spirits Tulare Group 81,Daniel Brown,5579 Washington Dr,Tulare,CA,96127,Tulare,(559) 226-5583,2000-08-06,2001-08-06
21-391083,21,Off-Sale General,ACTIVE,Fine Wines Porterville Valley Inc,Lisa Martinez,4682 4th Ln #268,Porterville,CA,96065,Tulare,(559) 843-9675,2007-10-02,2008-10-02
21-166415,21,Off-Sale General,ACTIVE,Fine Wines Tulare,Andrew Williams,7770 Hollywood St #369,Tulare,CA,91444,Tulare,(559) 639-9358,2022-05-07,2023-05-07
21-321030,21,Off-Sale General,ACTIVE,Beverage Store Visalia Company,Mark Jackson,8264 Maple Ave,Visalia,CA,95327,Tulare,(559) 908-9040,2003-10-06,2004-10-06
21-323243,21,Off-Sale General,ACTIVE,OldFine Wines Visalia 55,Christopher Rodriguez,1329 Madison Ln,Visalia,CA,93208,Tulare,(559) 826-5660,2003-11-11,2004-11-11
21-194594,21,Off-Sale General,ACTIVE,Wine & Spirits LLC,Lisa Hernandez,1637 5th Ct,Visalia,CA,95401,Tulare,(559) 483-9795,2020-11-05,2021-11-05
21-795431,21,Off-Sale General,ACTIVE,Package Store Company,David Hernandez Miller,2771 State Ave,Visalia,CA,95008,Tulare,(559) 417-1686,2005-01-08,2006-01-08
21-566396,21,Off-Sale General,ACTIVE,Package Store Company,Michelle Smith,7208 Franklin Ave #781,Visalia,CA,91327,Tulare,(559) 832-3720,2012-02-26,2013-02-26
21-718142,21,Off-Sale General,ACTIVE,Discount Liquor,David Taylor,6632 Franklin Dr #626,Porterville,CA,91141,Tulare,(559) 540-5464,2018-11-11,2019-11-11
21-165239,21,Off-Sale General,ACTIVE,TheWine & Spirits Tulare 81,William Rodriguez,7067 Maple Dr,Tulare,CA,93037,Tulare,(559) 996-3026,2007-01-05,2008-01-05
21-655087,21,Off-Sale General,ACTIVE,Liquor Store Tulare,Maria Martin Jones,587 3rd Rd,Tulare,CA,93182,Tulare,(559) 995-9431,2009-06-04,2010-06-04
21-369668,21,Off-Sale General,ACTIVE,Liquor Store Co,Daniel Lopez,6533 Jefferson Dr,Tulare,CA,90815,Tulare,(559) 525-4970,2021-05-11,2022-05-11
21-836490,21,Off-Sale General,ACTIVE,Discount Liquor LLC,John Anderson,1711 Maple Ave,Tulare,CA,90547,Tulare,(559) 854-3016,2008-06-10,2009-06-10
21-500900,21,Off-Sale General,ACTIVE,OldBeverage Store Visalia 59,William Thomas,8214 7th Ave,Visalia,CA,90205,Tulare,(559) 921-1402,2020-06-22,2021-06-22
21-162131,21,Off-Sale General,ACTIVE,TheFine Wines Tulare Inc 58,William Wilson,6754 Madison Dr,Tulare,CA,93308,Tulare,(559) 574-1165,2008-07-06,2009-07-06
21-246698,21,Off-Sale General,ACTIVE,Wine & Spirits Visalia Corp,Michelle Thomas,629 7th Ct #569,Visalia,CA,93476,Tulare,(559) 405-1778,2017-10-01,2018-10-01
21-634948,21,Off-Sale General,ACTIVE,Fine Wines,William Thomas Gonzalez,985 State Ave,Visalia,CA,94986,Tulare,(559) 660-8575,2021-06-22,2022-06-22
21-248587,21,Off-Sale General,ACTIVE,Fine Wines Tulare,David Rodriguez,5552 7th Blvd,Tulare,CA,90828,Tulare,(559) 259-1770,2010-10-09,2011-10-09
21-664386,21,Off-Sale General,ACTIVE,NewFine Wines 67,Mark Taylor,503 Mission Blvd #137,Visalia,CA,95897,Tulare,(559) 610-1903,2023-10-28,2024-10-28
21-723889,21,Off-Sale General,ACTIVE,Package Store Porterville Co,Robert Johnson,6396 Pico Pl #495,Porterville,CA,95457,Tulare,(559) 928-5048,2010-08-23,2011-08-23
21-845596,21,Off-Sale General,ACTIVE,OldSpirits Company 81,David Wilson,9840 Franklin Pl,Porterville,CA,94550,Tulare,(559) 660-8785,2006-02-12,2007-02-12
21-607620,21,Off-Sale General,ACTIVE,Beverage Store Porterville,Anthony Hernandez Rodriguez,380 Sunset Dr,Porterville,CA,90557,Tulare,(559) 481-2622,2023-10-13,2024-10-13
21-775722,21,Off-Sale General,ACTIVE,Beverage Store Corp,Jennifer Gonzalez,7684 Mission Blvd,Tulare,CA,95465,Tulare,(559) 884-8485,2005-09-03,2006-09-03
21-882275,21,Off-Sale General,ACTIVE,Wine & Spirits Company 45,Mark Thomas Martin,5111 2nd St #192,Tulare,CA,93372,Tulare,(559) 555-7985,2004-10-28,2005-10-28
21-327942,21,Off-Sale General,ACTIVE,TheFine Wines Co 31,James Brown,9659 Pico Pl #764,Tulare,CA,91765,Tulare,(559) 401-1448,2009-09-20,2010-09-20
21-875751,21,Off-Sale General,ACTIVE,Liquor Store,Daniel Wilson Taylor,8004 Market Blvd,Tulare,CA,95282,Tulare,(559) 981-1125,2002-03-04,2003-03-04
21-428959,21,Off-Sale General,ACTIVE,Beverage Store,Maria Jackson,2265 Front Way,Visalia,CA,93867,Tulare,(559) 885-2336,2004-04-19,2005-04-19
21-670026,21,Off-Sale General,ACTIVE,Liquor Store,Matthew Lopez,1146 Washington Ct,Visalia,CA,94887,Tulare,(559) 360-7378,2012-05-09,2013-05-09
21-772130,21,Off-Sale General,ACTIVE,Package Store Porterville,David Martinez,6270 4th Ct #654,Porterville,CA,90579,Tulare,(559) 396-8136,2015-12-07,2016-12-07
21-419434,21,Off-Sale General,ACTIVE,TheSpirits Tulare Corp 93,Anthony Taylor Jones,4795 5th Blvd,Tulare,CA,92636,Tulare,(559) 585-8796,2021-08-19,2022-08-19
21-782012,21,Off-Sale General,ACTIVE,Spirits Co,James Gonzalez,8435 Mission Way,Porterville,CA,94245,Tulare,(559) 965-7731,2019-01-22,2020-01-22
21-313857,21,Off-Sale General,ACTIVE,Beverage Store,Kenneth Wilson,3588 Main Ct #492,Visalia,CA,91345,Tulare,(559) 477-1743,2008-12-10,2009-12-10
21-535093,21,Off-Sale General,ACTIVE,Package Store Inc,Michelle Moore,4266 4th St,Tulare,CA,94092,Tulare,(559) 461-6103,2018-06-21,2019-06-21
21-514801,21,Off-Sale General,ACTIVE,Package Store Corp,John Anderson,5962 5th Pl,Visalia,CA,92074,Tulare,(559) 354-1223,2003-03-15,2004-03-15
21-663114,21,Off-Sale General,ACTIVE,NewDiscount Liquor Tulare Corp 37,Matthew Anderson,3002 Wilshire Ave,Visalia,CA,93981,Tulare,(559) 706-2574,2018-03-16,2019-03-16
21-422535,21,Off-Sale General,ACTIVE,OldPackage Store Tulare 50,Kenneth Rodriguez,5641 1st Pl #216,Visalia,CA,93140,Tulare,(559) 343-4385,2018-04-12,2019-04-12
21-126603,21,Off-Sale General,ACTIVE,OldWine & Spirits 4,Maria Garcia Williams,7778 Washington Ln #624,Porterville,CA,90854,Tulare,(559) 537-1257,2004-07-23,2005-07-23
21-682471,21,Off-Sale General,ACTIVE,Discount Liquor,Mark Lopez,2402 Oak Way #288,Porterville,CA,92607,Tulare,(559) 950-7604,2002-09-09,2003-09-09
21-217087,21,Off-Sale General,ACTIVE,NewDiscount Liquor 54,Christopher Miller,9724 6th Ave,Porterville,CA,93899,Tulare,(559) 511-7647,2008-04-05,2009-04-05
21-654798,21,Off-Sale General,ACTIVE,Liquor Store Co,Robert Jackson,6463 Washington Blvd,Tulare,CA,95045,Tulare,(559) 841-8009,2008-07-05,2009-07-05
21-329940,21,Off-Sale General,ACTIVE,OldLiquor Store Porterville Valley Group 53,Anthony Smith Garcia,6698 Lincoln Rd #815,Porterville,CA,94644,Tulare,(559) 985-4047,2009-03-15,2010-03-15
21-323169,21,Off-Sale General,ACTIVE,NewSpirits Tulare 94,Anthony Gonzalez,4942 7th Ln,Visalia,CA,93702,Tulare,(559) 599-4114,2005-01-27,2006-01-27
21-415823,21,Off-Sale General,ACTIVE,TheDiscount Liquor Tulare Inc 15,Jennifer Wilson,8906 Main Ave,Porterville,CA,90829,Tulare,(559) 903-3129,2021-04-14,2022-04-14
21-512631,21,Off-Sale General,ACTIVE,Discount Liquor Porterville Hills 87,Christopher Jones Taylor,6110 State St,Porterville,CA,96070,Tulare,(559) 457-9571,2016-09-07,2017-09-07
21-305306,21,Off-Sale General,ACTIVE,Package Store Corp,James Davis,4400 3rd Way,Porterville,CA,92278,Tulare,(559) 504-3795,2008-02-08,2009-02-08
21-760105,21,Off-Sale General,ACTIVE,Package Store,Andrew Johnson,105 1st Way,Visalia,CA,90094,Tulare,(559) 962-3195,2000-04-04,2001-04-04
21-936654,21,Off-Sale General,ACTIVE,Liquor Store Tulare,Jennifer Anderson,8555 Washington Ave,Tulare,CA,95283,Tulare,(559) 966-9211,2005-12-13,2006-12-13
21-954550,21,Off-Sale General,ACTIVE,Liquor Store,Michael Garcia,7809 Sunset Pl #671,Visalia,CA,95225,Tulare,(559) 401-7613,2010-05-13,2011-05-13
21-566001,21,Off-Sale General,ACTIVE,OldPackage Store 60,Maria Jackson,7744 7th Way #946,Porterville,CA,92385,Tulare,(559) 432-7335,2013-02-12,2014-02-12
21-869366,21,Off-Sale General,ACTIVE,Discount Liquor 88,Lisa Gonzalez,4552 Madison Rd #675,Tulare,CA,90135,Tulare,(559) 751-8737,2002-10-21,2003-10-21
21-971715,21,Off-Sale General,ACTIVE,Wine & Spirits,James Hernandez,8211 Madison Rd,Porterville,CA,95969,Tulare,(559) 253-7211,2013-09-06,2014-09-06
21-120839,21,Off-Sale General,ACTIVE,TheSpirits Tulare Group 72,Maria Smith,5227 5th Rd,Tulare,CA,93206,Tulare,(559) 270-6049,2018-02-28,2019-02-28
21-881763,21,Off-Sale General,ACTIVE,OldSpirits Co 28,Mark Martinez,4862 Hollywood Blvd,Porterville,CA,95091,Tulare,(559) 657-8943,2008-05-28,2009-05-28
21-956832,21,Off-Sale General,ACTIVE,Liquor Store Tulare,Christopher Brown,6361 5th Pl,Tulare,CA,94223,Tulare,(559) 521-3718,2008-03-11,2009-03-11
21-779708,21,Off-Sale General,ACTIVE,Spirits Tulare Valley Corp 62,Daniel Smith,5851 Franklin Way #944,Tulare,CA,95917,Tulare,(559) 708-8715,2011-09-02,2012-09-02
58-117099,58,Caterer's Beer & Wine,ACTIVE,OldParty Services Visalia 1,Jennifer Moore Williams,7461 Ocean Blvd #216,Visalia,CA,93709,Tulare,(559) 629-6314,2017-12-01,2018-12-01
58-711253,58,Caterer's Beer & Wine,ACTIVE,Catering Tulare LLC,Michelle Miller,4531 Market Dr,Porterville,CA,95374,Tulare,(559) 258-7177,2014-09-17,2015-09-17
58-514633,58,Caterer's Beer & Wine,ACTIVE,Banquets Visalia,William Martin,6523 State Ln,Visalia,CA,95789,Tulare,(559) 834-4117,2023-04-03,2024-04-03
58-908841,58,Caterer's Beer & Wine,ACTIVE,Banquets,Anthony Brown,3599 Ocean Ln,Porterville,CA,91615,Tulare,(559) 947-1239,2005-03-05,2006-03-05
58-997096,58,Caterer's Beer & Wine,ACTIVE,Catering Inc,Andrew Taylor,3535 Washington Dr,Tulare,CA,91145,Tulare,(559) 899-7491,2004-11-11,2005-11-11
58-247190,58,Caterer's Beer & Wine,ACTIVE,Party Services,David Taylor,7047 Front St #282,Tulare,CA,93260,Tulare,(559) 848-6165,2014-11-21,2015-11-21
58-411940,58,Caterer's Beer & Wine,ACTIVE,OldEvent Catering Inc 78,Lisa Williams,4283 2nd Ct,Tulare,CA,91171,Tulare,(559) 865-4268,2006-02-11,2007-02-11
58-361452,58,Caterer's Beer & Wine,ACTIVE,NewEvents & Catering Tulare 49,Maria Jones,1708 Main Pl,Tulare,CA,92438,Tulare,(559) 749-5844,2024-11-13,2025-11-13
58-970604,58,Caterer's Beer & Wine,ACTIVE,Event Catering Tulare Hills,Lisa Miller,6497 Madison Dr,Tulare,CA,93160,Tulare,(559) 668-5008,2024-02-11,2025-02-11
58-553005,58,Caterer's Beer & Wine,ACTIVE,Events & Catering,Daniel Hernandez,1855 Maple Ave,Tulare,CA,94843,Tulare,(559) 705-6828,2008-06-19,2009-06-19
58-892668,58,Caterer's Beer & Wine,ACTIVE,Catering Visalia Valley,William Martin Wilson,5866 Lincoln Ave,Visalia,CA,95823,Tulare,(559) 728-5313,2019-09-23,2020-09-23
58-297746,58,Caterer's Beer & Wine,ACTIVE,Catering,Maria Davis,7693 Lincoln Blvd,Porterville,CA,94342,Tulare,(559) 350-6692,2023-02-23,2024-02-23
58-307047,58,Caterer's Beer & Wine,ACTIVE,Catering Company Tulare Company 76,Anthony Smith,6271 7th Dr,Porterville,CA,95232,Tulare,(559) 414-8767,2002-12-21,2003-12-21
58-179719,58,Caterer's Beer & Wine,ACTIVE,TheEvent Catering Co 7,Jennifer Martinez,344 Oak St #997,Porterville,CA,91531,Tulare,(559) 444-2063,2013-04-12,2014-04-12
58-560490,58,Caterer's Beer & Wine,ACTIVE,Event Catering Co,Daniel Smith Martin,7250 Washington Ct #993,Porterville,CA,93838,Tulare,(559) 206-9898,2022-10-21,2023-10-21
58-647190,58,Caterer's Beer & Wine,ACTIVE,Catering Company Porterville Co,Robert Wilson,7557 Lincoln St #125,Porterville,CA,90531,Tulare,(559) 435-2908,2012-06-20,2013-06-20
58-849645,58,Caterer's Beer & Wine,ACTIVE,Events & Catering Tulare Group,James Smith,8334 Main Blvd #955,Porterville,CA,91270,Tulare,(559) 724-2580,2018-09-09,2019-09-09
58-375056,58,Caterer's Beer & Wine,ACTIVE,OldBanquets Tulare Company 12,Michael Hernandez,6957 State Rd,Visalia,CA,90340,Tulare,(559) 516-9551,2016-05-05,2017-05-05
58-412285,58,Caterer's Beer & Wine,ACTIVE,NewCatering Company 77,William Garcia,1323 5th Ave,Porterville,CA,90090,Tulare,(559) 497-5688,2003-01-24,2004-01-24
58-833341,58,Caterer's Beer & Wine,ACTIVE,Banquets LLC,Kenneth Davis,5876 Mission Ln,Porterville,CA,92989,Tulare,(559) 824-4529,2002-12-20,2003-12-20
58-853829,58,Caterer's Beer & Wine,ACTIVE,Events & Catering Tulare Inc,Robert Miller,6364 Madison Ln,Tulare,CA,90350,Tulare,(559) 644-9453,2017-02-10,2018-02-10
75-820480,75,Event Permit Holder,ACTIVE,Event Production,Mark Jones,7027 Pico Dr #696,Tulare,CA,90020,Tulare,(559) 684-9851,2010-03-17,2011-03-17
75-529779,75,Event Permit Holder,ACTIVE,Venue Management 29,Michael Smith Jackson,137 Mission St #184,Visalia,CA,95185,Tulare,(559) 252-1255,2006-02-06,2007-02-06
75-557837,75,Event Permit Holder,ACTIVE,NewVenue Management Porterville Hills 44,Maria Thomas,2921 1st St,Porterville,CA,90406,Tulare,(559) 233-4022,2009-05-27,2010-05-27
75-596225,75,Event Permit Holder,ACTIVE,Venue Management LLC,Robert Hernandez,481 Front Pl,Visalia,CA,94784,Tulare,(559) 839-9218,2010-08-24,2011-08-24
75-930241,75,Event Permit Holder,ACTIVE,NewEvent Production Tulare Corp 16,Mark Moore Brown,6015 Wilshire St,Porterville,CA,95810,Tulare,(559) 987-2444,2023-11-08,2024-11-08
75-258342,75,Event Permit Holder,ACTIVE,Venue Management,Michael Wilson Taylor,5808 1st Rd #925,Visalia,CA,94278,Tulare,(559) 834-3387,2007-05-19,2008-05-19
75-670762,75,Event Permit Holder,ACTIVE,Festival Services Co,Mark Lopez,8882 Franklin St,Porterville,CA,93936,Tulare,(559) 762-6866,2000-10-09,2001-10-09
75-453940,75,Event Permit Holder,ACTIVE,Festival Services Visalia Company,Lisa Brown,3084 2nd Blvd,Visalia,CA,95074,Tulare,(559) 234-6080,2007-04-24,2008-04-24
75-718598,75,Event Permit Holder,ACTIVE,Event Services Visalia 58,Maria Johnson Davis,5208 Ocean Rd,Visalia,CA,93438,Tulare,(559) 678-7351,2013-05-10,2014-05-10
75-132110,75,Event Permit Holder,ACTIVE,Event Production Tulare Inc,Anthony Lopez,5464 State Rd,Tulare,CA,95245,Tulare,(559) 794-8092,2019-12-27,2020-12-27
75-329278,75,Event Permit Holder,ACTIVE,Event Services Corp 94,Maria Johnson Wilson,4471 Wilshire Ave,Visalia,CA,92800,Tulare,(559) 679-1618,2009-02-27,2010-02-27
