license_number,license_type,license_type_name,status,business_name,owner_name,address,city,state,zip,county,phone,issue_date,expiration_date
41-665427,41,On-Sale Beer & Wine - Eating Place,ACTIVE,Restaurant Alameda Group,James Johnson,1645 Mission Way,Berkeley,CA,93367,Alameda,(925) 946-1887,2010-02-08,2011-02-08
41-745414,41,On-Sale Beer & Wine - Eating Place,ACTIVE,Place Berkeley Heights,William Williams,9602 Washington Rd,Berkeley,CA,93622,Alameda,(510) 723-8752,2021-11-20,2022-11-20
41-773971,41,On-Sale Beer & Wine - Eating Place,ACTIVE,Eatery Inc,Jennifer Williams,5463 Pico Pl,Oakland,CA,93105,Alameda,(925) 970-7906,2023-09-02,2024-09-02
41-405407,41,On-Sale Beer & Wine - Eating Place,ACTIVE,TheBistro Co 88,Jennifer Jones,3924 Hollywood Dr,Hayward,CA,94461,Alameda,(510) 863-3441,2005-05-20,2006-05-20
41-177449,41,On-Sale Beer & Wine - Eating Place,ACTIVE,OldTavern Company 50,John Gonzalez,8016 Mission Dr,Berkeley,CA,92940,Alameda,(925) 916-5837,2018-11-25,2019-11-25
41-170394,41,On-Sale Beer & Wine - Eating Place,ACTIVE,OldCafe 72,Matthew Johnson Martin,1082 Lincoln Ct,Hayward,CA,95488,Alameda,(510) 620-6793,2009-06-04,2010-06-04
41-513697,41,On-Sale Beer & Wine - Eating Place,ACTIVE,TheKitchen Hayward Hills 45,Robert Brown,7347 Jefferson Ln #319,Hayward,CA,91655,Alameda,(925) 775-5450,2018-04-08,2019-04-08
41-844638,41,On-Sale Beer & Wine - Eating Place,ACTIVE,Tavern Hayward LLC,James Jackson,4603 Wilshire Ct,Hayward,CA,93746,Alameda,(925) 762-9369,2024-09-27,2025-09-27
41-190898,41,On-Sale Beer & Wine - Eating Place,ACTIVE,NewCafe 55,John Martinez,5252 Ocean Dr,Berkeley,CA,90690,Alameda,(510) 766-5668,2019-09-07,2020-09-07
41-451291,41,On-Sale Beer & Wine - Eating Place,ACTIVE,Bistro Oakland,Maria Taylor,4002 3rd Pl #245,Oakland,CA,95829,Alameda,(925) 295-1719,2011-08-24,2012-08-24
41-783238,41,On-Sale Beer & Wine - Eating Place,ACTIVE,Eatery Co,Christopher Anderson,238 Wilshire Ln,Fremont,CA,92502,Alameda,(925) 633-7168,2014-05-22,2015-05-22
41-605339,41,On-Sale Beer & Wine - Eating Place,ACTIVE,TheKitchen Alameda 2,Michelle Davis,2671 6th Pl #990,Berkeley,CA,91354,Alameda,(510) 969-9055,2008-01-17,2009-01-17
41-506380,41,On-Sale Beer & Wine - Eating Place,ACTIVE,Eatery Hayward,Lisa Anderson,7359 Wilshire Rd #659,Hayward,CA,96049,Alameda,(510) 994-4170,2021-02-06,2022-02-06
41-928278,41,On-Sale Beer & Wine - Eating Place,ACTIVE,Place Hayward Heights LLC,Maria Hernandez,8376 Sunset Way,Hayward,CA,93304,Alameda,(510) 557-4624,2009-04-25,2010-04-25
41-245824,41,On-Sale Beer & Wine - Eating Place,ACTIVE,OldDiner 18,Robert Wilson Martin,290 Market St,Hayward,CA,93987,Alameda,(925) 339-2387,2013-10-06,2014-10-06
41-956727,41,On-Sale Beer & Wine - Eating Place,ACTIVE,TheTavern Alameda Inc 29,David Wilson,2208 Franklin Blvd,Berkeley,CA,92518,Alameda,(510) 414-3133,2003-02-01,2004-02-01
41-912767,41,On-Sale Beer & Wine - Eating Place,ACTIVE,House LLC,James Garcia,5234 Front Way #861,Livermore,CA,91932,Alameda,(925) 423-3363,2008-08-14,2009-08-14
41-842866,41,On-Sale Beer & Wine - Eating Place,ACTIVE,Eatery Hayward,Paul Martin,5553 Wilshire Pl #720,Hayward,CA,95495,Alameda,(510) 205-5155,2012-11-12,2013-11-12
41-913066,41,On-Sale Beer & Wine - Eating Place,ACTIVE,OldDiner Hayward Company 67,William Smith,8960 State Dr,Hayward,CA,94520,Alameda,(925) 733-6582,2017-10-09,2018-10-09
41-345196,41,On-Sale Beer & Wine - Eating Place,ACTIVE,OldKitchen Group 92,Anthony Brown,6287 6th Dr,Livermore,CA,94230,Alameda,(510) 997-6919,2013-07-03,2014-07-03
41-275566,41,On-Sale Beer & Wine - Eating Place,ACTIVE,House LLC,Kenneth Johnson,6225 6th Pl #606,Oakland,CA,93881,Alameda,(925) 795-7569,2006-08-28,2007-08-28
41-608306,41,On-Sale Beer & Wine - Eating Place,ACTIVE,Tavern LLC 18,James Moore,7813 Hollywood Blvd,Hayward,CA,90147,Alameda,(510) 381-5819,2005-02-22,2006-02-22
41-374025,41,On-Sale Beer & Wine - Eating Place,ACTIVE,Place Berkeley Hills,Paul Miller Garcia,2744 Main Ave #759,Berkeley,CA,95829,Alameda,(925) 607-2316,2013-05-23,2014-05-23
41-332932,41,On-Sale Beer & Wine - Eating Place,ACTIVE,OldCafe Livermore 64,Lisa Taylor Brown,7567 Ocean Ln,Livermore,CA,95450,Alameda,(510) 813-6245,2008-12-19,2009-12-19
41-894520,41,On-Sale Beer & Wine - Eating Place,ACTIVE,Eatery Fremont Valley LLC 13,Kenneth Jones,2244 Front St #826,Fremont,CA,92490,Alameda,(925) 870-3681,2015-05-05,2016-05-05
41-322274,41,On-Sale Beer & Wine - Eating Place,ACTIVE,NewGrill 43,Christopher Jackson,5086 Mission Ave,Fremont,CA,95594,Alameda,(510) 539-6907,2011-04-21,2012-04-21
41-950100,41,On-Sale Beer & Wine - Eating Place,ACTIVE,Corner Alameda LLC,Robert Williams,6499 4th Pl #215,Fremont,CA,94733,Alameda,(925) 944-5562,2004-03-25,2005-03-25
41-711795,41,On-Sale Beer & Wine - Eating Place,ACTIVE,Tavern,Mark Rodriguez,9670 3rd Pl,Berkeley,CA,94274,Alameda,(510) 791-8830,2023-08-08,2024-08-08
41-510389,41,On-Sale Beer & Wine - Eating Place,ACTIVE,NewTavern Hayward 82,James Martin,847 State Pl,Hayward,CA,94689,Alameda,(510) 748-4378,2004-10-18,2005-10-18
41-900345,41,On-Sale Beer & Wine - Eating Place,ACTIVE,House Company,Robert Lopez,9001 Ocean Ave,Fremont,CA,93747,Alameda,(510) 323-5844,2013-09-03,2014-09-03
41-962181,41,On-Sale Beer & Wine - Eating Place,ACTIVE,NewCafe Alameda 35,Mark Martinez,771 2nd Ln,Fremont,CA,93821,Alameda,(925) 799-3759,2003-02-24,2004-02-24
41-696850,41,On-Sale Beer & Wine - Eating Place,ACTIVE,NewGrill 64,Michael Lopez,5019 Oak Pl,Oakland,CA,96102,Alameda,(510) 433-3794,2014-06-26,2015-06-26
41-460137,41,On-Sale Beer & Wine - Eating Place,ACTIVE,OldHouse Oakland Hills Group 27,Kenneth Smith,6593 Market Way #613,Oakland,CA,94456,Alameda,(510) 732-2700,2017-11-06,2018-11-06
41-831715,41,On-Sale Beer & Wine - Eating Place,ACTIVE,Place Oakland,John Rodriguez,9761 5th St,Oakland,CA,90258,Alameda,(925) 527-6758,2012-09-25,2013-09-25
41-243935,41,On-Sale Beer & Wine - Eating Place,ACTIVE,Tavern Livermore,Maria Jackson,4222 Jefferson Ln #995,Livermore,CA,92367,Alameda,(510) 520-6311,2009-04-27,2010-04-27
41-916102,41,On-Sale Beer & Wine - Eating Place,ACTIVE,Diner,Jennifer Brown Moore,5476 6th Ln,Livermore,CA,95933,Alameda,(925) 252-5920,2007-04-08,2008-04-08
41-179928,41,On-Sale Beer & Wine - Eating Place,ACTIVE,NewRestaurant Alameda 23,Mark Martin,1957 Oak Pl,Oakland,CA,94099,Alameda,(925) 723-3000,2002-06-26,2003-06-26
41-540114,41,On-Sale Beer & Wine - Eating Place,ACTIVE,Place Alameda 33,Mark Martin,4555 Lincoln Dr,Livermore,CA,95487,Alameda,(925) 298-7224,2007-06-02,2008-06-02
41-530033,41,On-Sale Beer & Wine - Eating Place,ACTIVE,TheTavern Hayward 15,Anthony Jones,1946 2nd Way,Hayward,CA,91480,Alameda,(510) 323-1522,2021-12-17,2022-12-17
41-950110,41,On-Sale Beer & Wine - Eating Place,ACTIVE,Spot Company,Jennifer Thomas,9198 Lincoln Dr #522,Berkeley,CA,92823,Alameda,(510) 809-5212,2013-12-03,2014-12-03
41-936071,41,On-Sale Beer & Wine - Eating Place,ACTIVE,Bistro,James Williams Garcia,1373 Hollywood Pl #125,Berkeley,CA,95692,Alameda,(510) 201-8289,2007-12-25,2008-12-25
41-907623,41,On-Sale Beer & Wine - Eating Place,ACTIVE,Diner Livermore,James Williams,6275 Sunset Pl,Livermore,CA,91383,Alameda,(925) 337-8108,2004-05-07,2005-05-07
41-182507,41,On-Sale Beer & Wine - Eating Place,ACTIVE,NewCorner 48,Anthony Gonzalez,7749 Oak Way #677,Oakland,CA,95530,Alameda,(925) 711-6420,2023-05-24,2024-05-24
41-773757,41,On-Sale Beer & Wine - Eating Place,ACTIVE,House Livermore,Michael Thomas,230 Oak Pl,Livermore,CA,95662,Alameda,(510) 317-8843,2016-06-07,2017-06-07
41-945365,41,On-Sale Beer & Wine - Eating Place,ACTIVE,TheEatery Alameda 21,John Moore,6628 Ocean Pl,Livermore,CA,93278,Alameda,(925) 766-2002,2017-05-12,2018-05-12
41-351641,41,On-Sale Beer & Wine - Eating Place,ACTIVE,Tavern Livermore,David Gonzalez Rodriguez,6296 3rd St,Livermore,CA,92042,Alameda,(925) 381-9539,2002-12-22,2003-12-22
41-666283,41,On-Sale Beer & Wine - Eating Place,ACTIVE,Kitchen,Steven Gonzalez Martinez,9520 Madison Ave,Livermore,CA,94399,Alameda,(510) 374-8042,2023-10-26,2024-10-26
41-892659,41,On-Sale Beer & Wine - Eating Place,ACTIVE,Tavern Livermore Heights Co,Michael Rodriguez,458 Madison Ln,Livermore,CA,91138,Alameda,(510) 911-8461,2017-07-25,2018-07-25
41-956058,41,On-Sale Beer & Wine - Eating Place,ACTIVE,OldHouse Livermore Company 99,William Gonzalez,3923 4th Ave,Livermore,CA,90049,Alameda,(925) 515-5299,2005-01-07,2006-01-07
41-503574,41,On-Sale Beer & Wine - Eating Place,ACTIVE,Cafe Company,Anthony Johnson,9233 Broadway Ct,Livermore,CA,90137,Alameda,(510) 839-2966,2005-07-07,2006-07-07
41-394241,41,On-Sale Beer & Wine - Eating Place,ACTIVE,Grill Company,William Smith,3112 Jefferson Ln,Fremont,CA,94275,Alameda,(925) 206-2330,2009-11-22,2010-11-22
41-533626,41,On-Sale Beer & Wine - Eating Place,ACTIVE,TheKitchen Inc 89,Steven Jackson,9231 Oak Rd,Hayward,CA,95694,Alameda,(510) 873-3727,2008-06-13,2009-06-13
41-561350,41,On-Sale Beer & Wine - Eating Place,ACTIVE,Spot Alameda,Lisa Lopez Moore,9987 Madison Dr,Fremont,CA,95823,Alameda,(925) 469-1732,2006-02-03,2007-02-03
41-200053,41,On-Sale Beer & Wine - Eating Place,ACTIVE,Grill Co,Daniel Miller,2392 2nd Ln,Oakland,CA,90965,Alameda,(510) 325-5677,2009-08-13,2010-08-13
41-543843,41,On-Sale Beer & Wine - Eating Place,ACTIVE,Kitchen Corp,Michael Johnson,5557 Hollywood Blvd #610,Hayward,CA,95487,Alameda,(510) 497-1042,2023-11-22,2024-11-22
41-631288,41,On-Sale Beer & Wine - Eating Place,ACTIVE,Diner Fremont Hills Company,Maria Jones,6923 5th Dr,Fremont,CA,93208,Alameda,(925) 730-6131,2021-08-16,2022-08-16
41-779760,41,On-Sale Beer & Wine - Eating Place,ACTIVE,Place LLC,Mark Lopez,1964 Oak Dr,Livermore,CA,90106,Alameda,(925) 278-7979,2021-12-06,2022-12-06
41-929617,41,On-Sale Beer & Wine - Eating Place,ACTIVE,Corner Alameda,Maria Miller,8471 Mission Dr,Berkeley,CA,93943,Alameda,(510) 483-6576,2007-07-10,2008-07-10
41-185159,41,On-Sale Beer & Wine - Eating Place,ACTIVE,OldBistro Oakland 42,Anthony Martinez Gonzalez,3800 2nd St,Oakland,CA,92364,Alameda,(510) 262-5602,2014-10-10,2015-10-10
41-394401,41,On-Sale Beer & Wine - Eating Place,ACTIVE,Eatery Alameda,Michael Davis,7950 Lincoln Blvd,Hayward,CA,95188,Alameda,(925) 912-7454,2021-08-24,2022-08-24
41-686749,41,On-Sale Beer & Wine - Eating Place,ACTIVE,Spot,David Moore Moore,9283 Mission Blvd,Fremont,CA,91413,Alameda,(925) 297-3569,2005-03-13,2006-03-13
41-643951,41,On-Sale Beer & Wine - Eating Place,ACTIVE,Kitchen Alameda Co,Daniel Wilson,7407 2nd Ave,Hayward,CA,93196,Alameda,(925) 340-9849,2006-05-20,2007-05-20
41-495968,41,On-Sale Beer & Wine - Eating Place,ACTIVE,TheCorner 24,Mark Moore,8927 Ocean Ave,Hayward,CA,91741,Alameda,(925) 750-3703,2024-08-05,2025-08-05
41-990791,41,On-Sale Beer & Wine - Eating Place,ACTIVE,Eatery Inc,William Miller,1443 Wilshire Ave,Hayward,CA,94306,Alameda,(510) 515-5637,2008-08-20,2009-08-20
41-310204,41,On-Sale Beer & Wine - Eating Place,ACTIVE,Kitchen Hayward Co 36,Mark Wilson Lopez,4548 5th St,Hayward,CA,91644,Alameda,(510) 701-7481,2019-07-26,2020-07-26
41-115616,41,On-Sale Beer & Wine - Eating Place,ACTIVE,Corner Fremont Group,Michael Davis Smith,598 6th Blvd,Fremont,CA,92360,Alameda,(925) 928-5759,2014-07-20,2015-07-20
41-436655,41,On-Sale Beer & Wine - Eating Place,ACTIVE,Restaurant Company,Michael Taylor,3754 2nd Ct,Livermore,CA,90378,Alameda,(510) 270-7885,2016-09-18,2017-09-18
41-808606,41,On-Sale Beer & Wine - Eating Place,ACTIVE,Tavern,Matthew Rodriguez,986 1st Rd,Fremont,CA,96019,Alameda,(510) 605-8847,2019-05-07,2020-05-07
41-537382,41,On-Sale Beer & Wine - Eating Place,ACTIVE,Bistro Oakland,William Smith Garcia,5956 Mission Way,Oakland,CA,91093,Alameda,(510) 465-2399,2009-11-04,2010-11-04
41-585858,41,On-Sale Beer & Wine - Eating Place,ACTIVE,NewRestaurant Alameda Company 78,Robert Brown,1767 3rd Ln #810,Berkeley,CA,95236,Alameda,(510) 520-4135,2000-02-04,2001-02-04
41-393710,41,On-Sale Beer & Wine - Eating Place,ACTIVE,Diner Oakland,Lisa Gonzalez,5104 Ocean Ave,Oakland,CA,92959,Alameda,(510) 246-1340,2000-11-10,2001-11-10
41-598909,41,On-Sale Beer & Wine - Eating Place,ACTIVE,Eatery Group,James Williams,598 Oak Ln #384,Berkeley,CA,95967,Alameda,(925) 544-7006,2012-04-17,2013-04-17
41-833118,41,On-Sale Beer & Wine - Eating Place,ACTIVE,Bistro,Paul Thomas,3582 Oak Blvd #970,Oakland,CA,92530,Alameda,(510) 463-4583,2002-06-10,2003-06-10
41-196328,41,On-Sale Beer & Wine - Eating Place,ACTIVE,Kitchen Berkeley Hills Corp,Maria Lopez,6909 Pico Way,Berkeley,CA,94326,Alameda,(925) 386-4557,2009-05-09,2010-05-09
41-893554,41,On-Sale Beer & Wine - Eating Place,ACTIVE,ThePlace Fremont 20,Matthew Johnson,7631 Main Way,Fremont,CA,94603,Alameda,(925) 887-4764,2015-09-02,2016-09-02
41-636578,41,On-Sale Beer & Wine - Eating Place,ACTIVE,OldHouse LLC 57,Kenneth Williams,667 Ocean Rd,Berkeley,CA,90588,Alameda,(925) 855-4803,2009-07-09,2010-07-09
41-782608,41,On-Sale Beer & Wine - Eating Place,ACTIVE,Place Livermore Corp 20,Michael Taylor,3560 Front Pl,Livermore,CA,96193,Alameda,(925) 683-3440,2009-02-01,2010-02-01
41-403592,41,On-Sale Beer & Wine - Eating Place,ACTIVE,Grill Livermore,Maria Gonzalez,8208 Sunset Way,Livermore,CA,92135,Alameda,(510) 903-6412,2014-11-17,2015-11-17
41-726116,41,On-Sale Beer & Wine - Eating Place,ACTIVE,TheKitchen Hayward Company 25,Anthony Smith,4264 Main Ave,Hayward,CA,90743,Alameda,(925) 612-2463,2006-11-02,2007-11-02
41-789739,41,On-Sale Beer & Wine - Eating Place,ACTIVE,Grill Oakland Valley,Maria Brown,2022 1st St #697,Oakland,CA,92618,Alameda,(510) 500-7250,2019-09-19,2020-09-19
41-830432,41,On-Sale Beer & Wine - Eating Place,ACTIVE,Spot Livermore,Maria Taylor,9768 Lincoln Ct,Livermore,CA,94300,Alameda,(510) 906-6452,2018-09-24,2019-09-24
41-373752,41,On-Sale Beer & Wine - Eating Place,ACTIVE,OldGrill LLC 23,David Jackson,7170 Franklin Pl #974,Fremont,CA,93413,Alameda,(510) 772-4664,2016-01-26,2017-01-26
41-925755,41,On-Sale Beer & Wine - Eating Place,ACTIVE,Bistro,Robert Rodriguez Gonzalez,8017 2nd Pl,Oakland,CA,94751,Alameda,(510) 961-3107,2015-04-15,2016-04-15
41-388189,41,On-Sale Beer & Wine - Eating Place,ACTIVE,Kitchen Oakland 81,Jennifer Jackson,2749 6th Ln,Oakland,CA,94227,Alameda,(925) 748-8924,2001-10-28,2002-10-28
41-290272,41,On-Sale Beer & Wine - Eating Place,ACTIVE,Spot Alameda,Michelle Jones,4650 Market Way,Oakland,CA,94853,Alameda,(925) 238-3802,2023-12-03,2024-12-03
41-756304,41,On-Sale Beer & Wine - Eating Place,ACTIVE,Cafe Fremont Heights,John Jackson Johnson,5068 Market Blvd,Fremont,CA,93343,Alameda,(925) 630-9313,2023-06-19,2024-06-19
41-459411,41,On-Sale Beer & Wine - Eating Place,ACTIVE,Diner Oakland Inc,Jennifer Brown,7217 Sunset Pl #362,Oakland,CA,91702,Alameda,(925) 831-4158,2003-11-28,2004-11-28
41-374730,41,On-Sale Beer & Wine - Eating Place,ACTIVE,Tavern,Daniel Martin,6616 1st Ct #815,Livermore,CA,91645,Alameda,(510) 269-8675,2014-01-09,2015-01-09
41-579632,41,On-Sale Beer & Wine - Eating Place,ACTIVE,Restaurant Corp,William Moore,9888 Front Ct,Hayward,CA,96011,Alameda,(925) 698-5801,2001-02-16,2002-02-16
41-718161,41,On-Sale Beer & Wine - Eating Place,ACTIVE,House Oakland,William Thomas,3886 2nd Blvd,Oakland,CA,92201,Alameda,(925) 537-3081,2008-03-13,2009-03-13
41-456746,41,On-Sale Beer & Wine - Eating Place,ACTIVE,Cafe Corp,William Jones,9610 Market Way #522,Livermore,CA,94794,Alameda,(925) 615-2006,2008-05-19,2009-05-19
41-793613,41,On-Sale Beer & Wine - Eating Place,ACTIVE,Corner LLC,Maria Martinez,9372 Wilshire Ln #221,Fremont,CA,93975,Alameda,(925) 957-4185,2020-04-25,2021-04-25
41-412466,41,On-Sale Beer & Wine - Eating Place,ACTIVE,Eatery Alameda Corp,Maria Wilson,1446 5th Ct,Hayward,CA,90626,Alameda,(510) 810-2604,2019-08-11,2020-08-11
41-324055,41,On-Sale Beer & Wine - Eating Place,ACTIVE,Spot Inc,Maria Wilson,8484 Wilshire Rd,Fremont,CA,96130,Alameda,(925) 560-9235,2008-11-18,2009-11-18
41-216665,41,On-Sale Beer & Wine - Eating Place,ACTIVE,Kitchen,Anthony Gonzalez,9635 Pico Blvd,Hayward,CA,93803,Alameda,(510) 349-3843,2010-05-25,2011-05-25
41-191979,41,On-Sale Beer & Wine - Eating Place,ACTIVE,Grill Company,Lisa Jones,9876 6th Pl #382,Oakland,CA,90891,Alameda,(925) 390-8075,2000-07-22,2001-07-22
41-955150,41,On-Sale Beer & Wine - Eating Place,ACTIVE,Bistro Company,Paul Thomas,4711 3rd Rd,Berkeley,CA,94108,Alameda,(925) 686-9335,2020-10-15,2021-10-15
41-294091,41,On-Sale Beer & Wine - Eating Place,ACTIVE,House,Andrew Thomas,7585 Maple Pl #651,Hayward,CA,93385,Alameda,(925) 886-4750,2002-10-02,2003-10-02
41-756906,41,On-Sale Beer & Wine - Eating Place,ACTIVE,Place Alameda Co,John Moore,2677 4th Ct #499,Berkeley,CA,93584,Alameda,(510) 451-7414,2005-03-19,2006-03-19
41-323455,41,On-Sale Beer & Wine - Eating Place,ACTIVE,NewSpot Livermore Hills 15,Michelle Thomas,7109 Wilshire Blvd,Livermore,CA,90850,Alameda,(510) 701-1228,2009-02-02,2010-02-02
41-846893,41,On-Sale Beer & Wine - Eating Place,ACTIVE,TheHouse Co 69,Michael Brown,7147 Madison Ct,Berkeley,CA,90885,Alameda,(925) 647-7715,2024-12-12,2025-12-12
41-468219,41,On-Sale Beer & Wine - Eating Place,ACTIVE,OldCorner Berkeley Company 77,Michael Johnson,4318 Jefferson Way,Berkeley,CA,91674,Alameda,(510) 666-2405,2020-10-04,2021-10-04
41-740660,41,On-Sale Beer & Wine - Eating Place,ACTIVE,Eatery Company,Lisa Garcia,7274 Franklin Blvd,Livermore,CA,93416,Alameda,(510) 941-1325,2015-06-26,2016-06-26
41-395020,41,On-Sale Beer & Wine - Eating Place,ACTIVE,Tavern,Paul Davis,6546 5th Dr,Hayward,CA,91177,Alameda,(510) 609-1263,2005-09-19,2006-09-19
41-582547,41,On-Sale Beer & Wine - Eating Place,ACTIVE,Eatery LLC,William Miller,919 Oak Way,Berkeley,CA,90316,Alameda,(925) 803-9694,2020-12-18,2021-12-18
41-895720,41,On-Sale Beer & Wine - Eating Place,ACTIVE,Tavern Fremont Valley,Mark Rodriguez,8340 State Ct,Fremont,CA,90765,Alameda,(925) 952-3874,2020-03-03,2021-03-03
41-985047,41,On-Sale Beer & Wine - Eating Place,ACTIVE,House Hayward Corp,Daniel Jackson,4235 Washington Way #563,Hayward,CA,93067,Alameda,(925) 874-2640,2000-03-07,2001-03-07
41-392144,41,On-Sale Beer & Wine - Eating Place,ACTIVE,OldKitchen Co 85,Mark Martin Martinez,2095 Jefferson Ct,Hayward,CA,93158,Alameda,(925) 796-3997,2016-02-27,2017-02-27
41-821002,41,On-Sale Beer & Wine - Eating Place,ACTIVE,TheGrill Co 34,James Thomas Martinez,6016 Front Ave #655,Fremont,CA,94979,Alameda,(925) 318-3640,2014-06-14,2015-06-14
41-521538,41,On-Sale Beer & Wine - Eating Place,ACTIVE,Kitchen Berkeley Corp,Lisa Brown,7204 Sunset St #107,Berkeley,CA,94367,Alameda,(925) 857-7903,2014-08-06,2015-08-06
41-857344,41,On-Sale Beer & Wine - Eating Place,ACTIVE,Bistro Company,Kenneth Davis,1695 Main Blvd #426,Livermore,CA,95655,Alameda,(510) 665-6216,2017-06-04,2018-06-04
41-799600,41,On-Sale Beer & Wine - Eating Place,ACTIVE,Cafe Fremont Company,Paul Jones,7171 5th Blvd,Fremont,CA,93752,Alameda,(510) 306-9598,2023-01-15,2024-01-15
41-395832,41,On-Sale Beer & Wine - Eating Place,ACTIVE,Bistro Inc,David Gonzalez,1141 Broadway Way #819,Berkeley,CA,90533,Alameda,(925) 961-9312,2019-04-23,2020-04-23
41-593453,41,On-Sale Beer & Wine - Eating Place,ACTIVE,Cafe,John Gonzalez Taylor,4307 Main Blvd,Fremont,CA,91753,Alameda,(925) 803-7845,2010-06-06,2011-06-06
41-227043,41,On-Sale Beer & Wine - Eating Place,ACTIVE,Diner,Kenneth Miller,8484 1st Rd,Livermore,CA,93980,Alameda,(510) 486-2985,2000-07-09,2001-07-09
41-755190,41,On-Sale Beer & Wine - Eating Place,ACTIVE,Place Inc,Matthew Anderson Williams,9841 Jefferson Ave,Oakland,CA,92263,Alameda,(510) 949-2867,2021-05-04,2022-05-04
41-314513,41,On-Sale Beer & Wine - Eating Place,ACTIVE,NewPlace Alameda 49,Robert Anderson Martin,5847 3rd Pl,Livermore,CA,90774,Alameda,(925) 655-2175,2009-05-23,2010-05-23
41-410281,41,On-Sale Beer & Wine - Eating Place,ACTIVE,Restaurant Alameda,Lisa Williams Miller,5355 Jefferson Rd,Hayward,CA,92491,Alameda,(925) 744-7223,2017-09-27,2018-09-27
41-549004,41,On-Sale Beer & Wine - Eating Place,ACTIVE,Spot Oakland Valley,Daniel Smith Lopez,1007 Jefferson Way,Oakland,CA,92553,Alameda,(925) 508-9093,2014-07-10,2015-07-10
41-164824,41,On-Sale Beer & Wine - Eating Place,ACTIVE,Kitchen Livermore Valley,John Moore,2910 1st Ct,Livermore,CA,92146,Alameda,(510) 493-9951,2010-10-06,2011-10-06
41-373197,41,On-Sale Beer & Wine - Eating Place,ACTIVE,Cafe Oakland Inc,Maria Garcia,6411 Lincoln Ln,Oakland,CA,91517,Alameda,(510) 796-7201,2001-01-10,2002-01-10
41-164723,41,On-Sale Beer & Wine - Eating Place,ACTIVE,ThePlace Group 73,John Jackson,2966 6th Dr,Oakland,CA,94638,Alameda,(925) 299-2832,2022-12-15,2023-12-15
41-300040,41,On-Sale Beer & Wine - Eating Place,ACTIVE,Spot Alameda,Michelle Wilson,3624 1st Ln #284,Hayward,CA,92568,Alameda,(925) 681-5491,2009-05-08,2010-05-08
41-411841,41,On-Sale Beer & Wine - Eating Place,ACTIVE,Bistro Hayward Inc,Michelle Garcia,8017 Mission Pl #122,Hayward,CA,94429,Alameda,(925) 770-2332,2022-02-03,2023-02-03
41-396363,41,On-Sale Beer & Wine - Eating Place,ACTIVE,Bistro Berkeley Co,John Hernandez,8050 2nd Way,Berkeley,CA,94329,Alameda,(925) 734-8114,2003-04-03,2004-04-03
41-197769,41,On-Sale Beer & Wine - Eating Place,ACTIVE,Kitchen,Lisa Hernandez,9524 Madison Ln,Hayward,CA,92528,Alameda,(925) 920-2031,2011-10-27,2012-10-27
41-707707,41,On-Sale Beer & Wine - Eating Place,ACTIVE,Kitchen Group,Daniel Jones,5226 Washington St,Oakland,CA,90144,Alameda,(510) 331-7385,2010-12-04,2011-12-04
41-718345,41,On-Sale Beer & Wine - Eating Place,ACTIVE,Bistro Inc,Steven Miller,8075 6th Ave,Livermore,CA,91000,Alameda,(925) 734-4977,2022-12-11,2023-12-11
41-906261,41,On-Sale Beer & Wine - Eating Place,ACTIVE,Bistro Oakland Hills,Michelle Davis,3776 Lincoln St #783,Oakland,CA,91380,Alameda,(925) 665-5923,2019-07-05,2020-07-05
41-330382,41,On-Sale Beer & Wine - Eating Place,ACTIVE,OldCafe Co 4,Mark Brown,9341 5th Way,Fremont,CA,94256,Alameda,(510) 845-6880,2015-09-25,2016-09-25
41-972376,41,On-Sale Beer & Wine - Eating Place,ACTIVE,Cafe,Robert Miller,6788 1st Rd #276,Hayward,CA,93501,Alameda,(925) 687-3198,2013-11-10,2014-11-10
41-557671,41,On-Sale Beer & Wine - Eating Place,ACTIVE,NewKitchen Group 68,Michelle Brown,7898 7th Way #987,Hayward,CA,94270,Alameda,(510) 327-1842,2016-05-26,2017-05-26
41-141038,41,On-Sale Beer & Wine - Eating Place,ACTIVE,Place,Andrew Johnson,8378 State Ct,Fremont,CA,95213,Alameda,(925) 506-6464,2021-01-25,2022-01-25
41-232532,41,On-Sale Beer & Wine - Eating Place,ACTIVE,TheEatery Alameda LLC 87,Christopher Jones,8772 Sunset Dr,Hayward,CA,91577,Alameda,(510) 878-3491,2020-03-25,2021-03-25
41-430737,41,On-Sale Beer & Wine - Eating Place,ACTIVE,Spot Alameda,Kenneth Thomas,8594 6th Blvd #269,Hayward,CA,91482,Alameda,(925) 209-7538,2015-04-02,2016-04-02
41-603371,41,On-Sale Beer & Wine - Eating Place,ACTIVE,Spot Alameda Inc,Mark Taylor,4579 Maple Dr,Hayward,CA,90199,Alameda,(925) 451-4833,2007-07-19,2008-07-19
41-131353,41,On-Sale Beer & Wine - Eating Place,ACTIVE,Restaurant Hayward 97,Maria Jones Taylor,1164 Mission St,Hayward,CA,92427,Alameda,(510) 982-3372,2012-10-20,2013-10-20
41-172307,41,On-Sale Beer & Wine - Eating Place,ACTIVE,OldPlace Oakland 92,William Hernandez,3154 Hollywood Ln #470,Oakland,CA,94065,Alameda,(925) 439-6111,2020-02-06,2021-02-06
41-915763,41,On-Sale Beer & Wine - Eating Place,ACTIVE,Grill Alameda LLC,Andrew Wilson,5977 Sunset Dr,Hayward,CA,94231,Alameda,(925) 897-7122,2017-04-22,2018-04-22
41-254673,41,On-Sale Beer & Wine - Eating Place,ACTIVE,TheTavern Fremont Inc 89,Daniel Davis,5501 Wilshire Dr,Fremont,CA,95615,Alameda,(510) 813-4870,2023-10-17,2024-10-17
41-880880,41,On-Sale Beer & Wine - Eating Place,ACTIVE,Corner Alameda,Daniel Lopez,2348 1st Dr,Livermore,CA,95022,Alameda,(925) 359-1471,2018-10-11,2019-10-11
41-170151,41,On-Sale Beer & Wine - Eating Place,ACTIVE,House Group,Daniel Davis,5997 4th Pl,Berkeley,CA,91007,Alameda,(925) 536-4942,2017-07-21,2018-07-21
41-690333,41,On-Sale Beer & Wine - Eating Place,ACTIVE,Corner,Maria Jackson Williams,9559 Market Dr,Berkeley,CA,92308,Alameda,(510) 362-9931,2021-08-12,2022-08-12
41-609136,41,On-Sale Beer & Wine - Eating Place,ACTIVE,Diner Hayward LLC,Kenneth Jones,262 Franklin Ln,Hayward,CA,95532,Alameda,(510) 222-2558,2021-01-28,2022-01-28
41-269050,41,On-Sale Beer & Wine - Eating Place,ACTIVE,Corner Alameda Company,Jennifer Martin,3797 4th Ln,Hayward,CA,96118,Alameda,(510) 593-9887,2017-06-14,2018-06-14
41-235302,41,On-Sale Beer & Wine - Eating Place,ACTIVE,Tavern Co,Anthony Garcia,1531 Sunset Ct,Berkeley,CA,92821,Alameda,(925) 907-2112,2008-09-18,2009-09-18
41-699389,41,On-Sale Beer & Wine - Eating Place,ACTIVE,House Berkeley Valley Inc,Andrew Garcia Williams,5376 5th Rd,Berkeley,CA,94714,Alameda,(925) 569-4224,2017-09-25,2018-09-25
41-497813,41,On-Sale Beer & Wine - Eating Place,ACTIVE,Spot Berkeley Hills,Robert Smith,8915 Front Blvd,Berkeley,CA,92576,Alameda,(510) 412-2563,2023-03-24,2024-03-24
41-208736,41,On-Sale Beer & Wine - Eating Place,ACTIVE,Kitchen Corp,James Moore,6594 Market Pl,Berkeley,CA,94165,Alameda,(925) 474-9903,2013-05-20,2014-05-20
41-473393,41,On-Sale Beer & Wine - Eating Place,ACTIVE,House Livermore Valley Group,Maria Lopez,3187 Jefferson Ave,Livermore,CA,91939,Alameda,(510) 695-4886,2018-09-11,2019-09-11
41-909198,41,On-Sale Beer & Wine - Eating Place,ACTIVE,OldCorner 52,Steven Thomas,5414 5th Ln,Livermore,CA,92756,Alameda,(925) 733-6564,2020-03-12,2021-03-12
41-747666,41,On-Sale Beer & Wine - Eating Place,ACTIVE,Diner Oakland,Lisa Smith Smith,4660 Front St,Oakland,CA,93544,Alameda,(510) 489-5867,2019-01-08,2020-01-08
41-480816,41,On-Sale Beer & Wine - Eating Place,ACTIVE,Grill LLC,James Jones,9802 State Ln,Berkeley,CA,95454,Alameda,(925) 300-3152,2013-11-26,2014-11-26
41-300073,41,On-Sale Beer & Wine - Eating Place,ACTIVE,TheDiner Hayward Co 69,Maria Johnson Anderson,5571 Ocean Ln,Hayward,CA,94717,Alameda,(925) 434-6742,2014-03-27,2015-03-27
41-527173,41,On-Sale Beer & Wine - Eating Place,ACTIVE,OldSpot Alameda Inc 36,Maria Miller,8129 Mission St #958,Fremont,CA,90754,Alameda,(510) 429-9351,2002-03-19,2003-03-19
41-876516,41,On-Sale Beer & Wine - Eating Place,ACTIVE,Diner Berkeley Company,Robert Anderson Johnson,9331 Ocean Ct #155,Berkeley,CA,93308,Alameda,(925) 300-6742,2003-11-05,2004-11-05
41-101279,41,On-Sale Beer & Wine - Eating Place,ACTIVE,Corner Group,Matthew Thomas,7757 3rd Ln,Fremont,CA,94902,Alameda,(925) 507-9056,2004-03-27,2005-03-27
41-184964,41,On-Sale Beer & Wine - Eating Place,ACTIVE,Kitchen LLC,Matthew Davis,6032 Sunset Ct,Oakland,CA,91432,Alameda,(510) 496-5638,2006-03-03,2007-03-03
41-261463,41,On-Sale Beer & Wine - Eating Place,ACTIVE,Kitchen Inc,Matthew Anderson,4787 2nd Dr,Oakland,CA,95001,Alameda,(925) 319-5574,2001-11-05,2002-11-05
41-955739,41,On-Sale Beer & Wine - Eating Place,ACTIVE,OldDiner Livermore Heights Corp 62,Maria Anderson,8234 Madison Pl,Livermore,CA,92921,Alameda,(925) 877-1823,2017-02-25,2018-02-25
41-500542,41,On-Sale Beer & Wine - Eating Place,ACTIVE,TheRestaurant Corp 44,David Johnson,3382 Hollywood Pl,Livermore,CA,93594,Alameda,(925) 497-6362,2021-06-19,2022-06-19
41-525930,41,On-Sale Beer & Wine - Eating Place,ACTIVE,Cafe,Andrew Williams,9954 Maple Rd,Berkeley,CA,93458,Alameda,(510) 498-1890,2008-11-26,2009-11-26
41-440411,41,On-Sale Beer & Wine - Eating Place,ACTIVE,Restaurant Alameda Company 71,David Jackson Smith,2260 Market Rd,Berkeley,CA,95699,Alameda,(925) 618-8996,2002-03-09,2003-03-09
41-904285,41,On-Sale Beer & Wine - Eating Place,ACTIVE,Spot Oakland LLC,Lisa Williams,4622 Main Way,Oakland,CA,90798,Alameda,(925) 229-9320,2008-06-23,2009-06-23
41-301457,41,On-Sale Beer & Wine - Eating Place,ACTIVE,Kitchen Oakland Corp 70,Robert Wilson,9631 1st Rd,Oakland,CA,92092,Alameda,(925) 837-7767,2014-09-20,2015-09-20
41-601706,41,On-Sale Beer & Wine - Eating Place,ACTIVE,Tavern,Kenneth Miller,4603 5th Dr,Livermore,CA,96049,Alameda,(510) 262-1601,2013-04-08,2014-04-08
41-277173,41,On-Sale Beer & Wine - Eating Place,ACTIVE,OldKitchen Alameda 7,Robert Garcia,8418 Wilshire Dr,Berkeley,CA,91590,Alameda,(510) 492-8077,2008-03-09,2009-03-09
41-651727,41,On-Sale Beer & Wine - Eating Place,ACTIVE,Restaurant,Robert Anderson,7370 Oak Ave,Livermore,CA,94233,Alameda,(925) 848-4220,2008-01-28,2009-01-28
41-989784,41,On-Sale Beer & Wine - Eating Place,ACTIVE,NewCorner Berkeley Heights 9,Paul Gonzalez,821 Oak Rd #213,Berkeley,CA,93612,Alameda,(925) 536-8698,2004-04-27,2005-04-27
41-206717,41,On-Sale Beer & Wine - Eating Place,ACTIVE,OldRestaurant Hayward 40,David Taylor Davis,1870 Main St #519,Hayward,CA,94948,Alameda,(510) 219-5457,2013-07-28,2014-07-28
41-686656,41,On-Sale Beer & Wine - Eating Place,ACTIVE,Grill Oakland Group,Michael Jones,4165 1st Ct,Oakland,CA,90853,Alameda,(925) 604-1329,2000-01-20,2001-01-20
41-680277,41,On-Sale Beer & Wine - Eating Place,ACTIVE,Bistro Alameda LLC,John Smith,3871 Pico Blvd,Fremont,CA,93345,Alameda,(510) 807-4989,2014-10-01,2015-10-01
41-273327,41,On-Sale Beer & Wine - Eating Place,ACTIVE,Tavern Berkeley Valley,Kenneth Miller Thomas,2497 Washington Ct #615,Berkeley,CA,93635,Alameda,(510) 546-7744,2009-07-18,2010-07-18
41-708040,41,On-Sale Beer & Wine - Eating Place,ACTIVE,Corner Berkeley Heights,John Davis,8353 1st Ct,Berkeley,CA,91961,Alameda,(510) 419-5998,2012-01-16,2013-01-16
41-583377,41,On-Sale Beer & Wine - Eating Place,ACTIVE,Cafe,Paul Taylor,920 Oak Way #376,Hayward,CA,94887,Alameda,(510) 252-3994,2015-04-07,2016-04-07
41-853481,41,On-Sale Beer & Wine - Eating Place,ACTIVE,Place Oakland,Maria Anderson,5312 Ocean Dr,Oakland,CA,92090,Alameda,(510) 222-8424,2001-09-27,2002-09-27
41-371607,41,On-Sale Beer & Wine - Eating Place,ACTIVE,Bistro Oakland Corp,Maria Johnson Brown,9321 State Ave,Oakland,CA,93902,Alameda,(925) 991-5841,2009-11-03,2010-11-03
41-386531,41,On-Sale Beer & Wine - Eating Place,ACTIVE,TheHouse Berkeley 77,Daniel Taylor,6845 Front Rd,Berkeley,CA,92344,Alameda,(510) 939-2061,2013-04-12,2014-04-12
41-439376,41,On-Sale Beer & Wine - Eating Place,ACTIVE,Spot Company,Kenneth Jones,7260 Sunset Way,Fremont,CA,92359,Alameda,(510) 941-3653,2000-07-26,2001-07-26
41-243877,41,On-Sale Beer & Wine - Eating Place,ACTIVE,Place LLC,Lisa Johnson,9579 Mission Ct,Fremont,CA,96080,Alameda,(925) 886-2585,2013-06-08,2014-06-08
41-475450,41,On-Sale Beer & Wine - Eating Place,ACTIVE,OldDiner Company 39,William Davis,3404 Wilshire St,Fremont,CA,92586,Alameda,(925) 847-3593,2002-03-24,2003-03-24
41-176961,41,On-Sale Beer & Wine - Eating Place,ACTIVE,Restaurant Inc,Andrew Jones,3467 Mission Ln,Berkeley,CA,93807,Alameda,(925) 823-2327,2006-08-06,2007-08-06
41-548060,41,On-Sale Beer & Wine - Eating Place,ACTIVE,Kitchen Co 56,Maria Garcia,8294 Front Ave,Fremont,CA,95914,Alameda,(510) 807-8134,2002-02-21,2003-02-21
41-778240,41,On-Sale Beer & Wine - Eating Place,ACTIVE,Bistro Inc,Robert Johnson,1455 Front Ave,Fremont,CA,90731,Alameda,(510) 991-6488,2001-06-15,2002-06-15
41-433097,41,On-Sale Beer & Wine - Eating Place,ACTIVE,Tavern Fremont 23,James Williams Brown,9867 Franklin Rd #165,Fremont,CA,95857,Alameda,(510) 531-3876,2023-12-13,2024-12-13
41-920099,41,On-Sale Beer & Wine - Eating Place,ACTIVE,House LLC,Kenneth Lopez,2037 2nd Way #909,Berkeley,CA,90357,Alameda,(925) 375-9432,2024-05-11,2025-05-11
41-962981,41,On-Sale Beer & Wine - Eating Place,ACTIVE,TheCafe 89,Maria Hernandez,3497 3rd Rd,Livermore,CA,91311,Alameda,(925) 413-5877,2020-09-21,2021-09-21
41-178491,41,On-Sale Beer & Wine - Eating Place,ACTIVE,Kitchen,Robert Wilson,9562 Franklin Dr,Oakland,CA,95692,Alameda,(510) 334-5601,2024-12-07,2025-12-07
41-963803,41,On-Sale Beer & Wine - Eating Place,ACTIVE,Kitchen,Lisa Davis,5608 6th Rd,Oakland,CA,96128,Alameda,(510) 979-3937,2001-05-04,2002-05-04
41-774023,41,On-Sale Beer & Wine - Eating Place,ACTIVE,Kitchen Fremont Hills Corp,Maria Gonzalez,2096 Broadway Way,Fremont,CA,92816,Alameda,(510) 487-4613,2003-11-06,2004-11-06
41-569502,41,On-Sale Beer & Wine - Eating Place,ACTIVE,Bistro Berkeley LLC,Jennifer Thomas,213 Madison Pl #211,Berkeley,CA,93432,Alameda,(510) 742-4922,2017-01-01,2018-01-01
41-436206,41,On-Sale Beer & Wine - Eating Place,ACTIVE,Tavern Alameda 58,Steven Thomas,115 5th Dr,Berkeley,CA,90024,Alameda,(510) 848-3998,2004-10-03,2005-10-03
41-817124,41,On-Sale Beer & Wine - Eating Place,ACTIVE,Kitchen Company,William Jones Martin,7072 Madison Pl,Hayward,CA,94661,Alameda,(510) 484-5209,2014-07-18,2015-07-18
41-499713,41,On-Sale Beer & Wine - Eating Place,ACTIVE,Spot Hayward Hills,Michael Miller,5160 Lincoln Ave #942,Hayward,CA,94849,Alameda,(510) 339-9759,2003-05-12,2004-05-12
41-694992,41,On-Sale Beer & Wine - Eating Place,ACTIVE,ThePlace 54,Daniel Davis,3903 Madison Ln #817,Oakland,CA,90047,Alameda,(510) 879-4908,2005-08-22,2006-08-22
41-149612,41,On-Sale Beer & Wine - Eating Place,ACTIVE,Kitchen Oakland Heights Corp,Steven Davis,8624 State Ln,Oakland,CA,90722,Alameda,(510) 770-7822,2011-09-26,2012-09-26
41-566170,41,On-Sale Beer & Wine - Eating Place,ACTIVE,Spot Hayward,Maria Rodriguez,8791 Jefferson Rd,Hayward,CA,91056,Alameda,(925) 682-3139,2019-12-02,2020-12-02
41-324652,41,On-Sale Beer & Wine - Eating Place,ACTIVE,Diner Alameda Corp,James Taylor,9503 Maple Ln,Oakland,CA,91236,Alameda,(925) 574-1044,2001-06-08,2002-06-08
41-263013,41,On-Sale Beer & Wine - Eating Place,ACTIVE,NewEatery Berkeley Heights 14,James Miller,8569 3rd Pl #513,Berkeley,CA,93992,Alameda,(925) 784-6464,2019-09-11,2020-09-11
41-888272,41,On-Sale Beer & Wine - Eating Place,ACTIVE,Cafe Inc,David Jackson,7357 3rd Way #387,Livermore,CA,95013,Alameda,(925) 690-2958,2009-01-23,2010-01-23
41-490964,41,On-Sale Beer & Wine - Eating Place,ACTIVE,Corner Hayward Hills,Mark Martinez,1511 Mission Rd #837,Hayward,CA,90766,Alameda,(510) 235-3362,2012-05-20,2013-05-20
41-700826,41,On-Sale Beer & Wine - Eating Place,ACTIVE,House Company,Jennifer Gonzalez,3554 Lincoln Dr,Fremont,CA,90118,Alameda,(510) 418-5990,2019-02-21,2020-02-21
41-918242,41,On-Sale Beer & Wine - Eating Place,ACTIVE,House Livermore,Maria Jones Martin,7142 1st St,Livermore,CA,94824,Alameda,(925) 869-3291,2015-06-24,2016-06-24
41-284944,41,On-Sale Beer & Wine - Eating Place,ACTIVE,Corner Alameda Co,James Rodriguez Gonzalez,8570 Washington Way,Fremont,CA,91768,Alameda,(925) 999-9755,2024-08-14,2025-08-14
41-958132,41,On-Sale Beer & Wine - Eating Place,ACTIVE,Cafe Oakland LLC,Maria Martin,5436 Main Ave,Oakland,CA,95182,Alameda,(925) 891-5835,2013-12-12,2014-12-12
41-819570,41,On-Sale Beer & Wine - Eating Place,ACTIVE,Corner Livermore LLC,Michelle Anderson,4552 Maple Ave #290,Livermore,CA,94070,Alameda,(925) 720-2098,2018-03-02,2019-03-02
41-195639,41,On-Sale Beer & Wine - Eating Place,ACTIVE,Spot Alameda,William Martinez,3874 Mission Ln #837,Livermore,CA,94035,Alameda,(510) 896-5627,2024-04-03,2025-04-03
41-876742,41,On-Sale Beer & Wine - Eating Place,ACTIVE,Grill,Maria Wilson,2789 1st Ave #396,Livermore,CA,92189,Alameda,(925) 914-7217,2018-03-09,2019-03-09
41-227315,41,On-Sale Beer & Wine - Eating Place,ACTIVE,OldDiner LLC 98,Paul Thomas Brown,5824 Franklin Ave,Berkeley,CA,90369,Alameda,(925) 984-5451,2024-09-25,2025-09-25
41-661547,41,On-Sale Beer & Wine - Eating Place,ACTIVE,Corner,David Miller,894 Jefferson Blvd,Oakland,CA,95058,Alameda,(925) 409-5024,2010-06-15,2011-06-15
41-742666,41,On-Sale Beer & Wine - Eating Place,ACTIVE,Place Hayward,Jennifer Moore,7472 Lincoln Dr,Hayward,CA,91696,Alameda,(925) 378-4773,2020-10-25,2021-10-25
41-651482,41,On-Sale Beer & Wine - Eating Place,ACTIVE,OldKitchen Berkeley Heights 30,Steven Martin,5088 Ocean Pl,Berkeley,CA,92981,Alameda,(510) 804-1706,2014-02-07,2015-02-07
41-705860,41,On-Sale Beer & Wine - Eating Place,ACTIVE,Kitchen Alameda LLC,Maria Thomas,5772 Washington Ave,Livermore,CA,92473,Alameda,(510) 623-4703,2017-06-07,2018-06-07
41-546226,41,On-Sale Beer & Wine - Eating Place,ACTIVE,TheRestaurant Livermore 80,Paul Jackson,1302 Madison Pl,Livermore,CA,96055,Alameda,(925) 576-6567,2018-07-16,2019-07-16
41-595900,41,On-Sale Beer & Wine - Eating Place,ACTIVE,Diner Company,Anthony Davis Williams,8925 Lincoln Blvd,Livermore,CA,91232,Alameda,(510) 565-8545,2000-10-09,2001-10-09
41-553667,41,On-Sale Beer & Wine - Eating Place,ACTIVE,Corner Company,Robert Moore Miller,684 Sunset Blvd,Livermore,CA,95715,Alameda,(510) 584-8799,2017-02-27,2018-02-27
41-115443,41,On-Sale Beer & Wine - Eating Place,ACTIVE,Kitchen Fremont Inc,Michael Williams,8328 State Ave,Fremont,CA,91596,Alameda,(925) 775-9771,2001-05-16,2002-05-16
41-181088,41,On-Sale Beer & Wine - Eating Place,ACTIVE,Spot,Anthony Jones,2014 1st Dr #258,Livermore,CA,92196,Alameda,(925) 369-5764,2019-03-14,2020-03-14
41-662606,41,On-Sale Beer & Wine - Eating Place,ACTIVE,Bistro Berkeley,Paul Jones,1970 Hollywood Ave,Berkeley,CA,93079,Alameda,(510) 432-8871,2011-11-14,2012-11-14
41-332484,41,On-Sale Beer & Wine - Eating Place,ACTIVE,Place LLC,Andrew Brown,8103 2nd Blvd,Livermore,CA,92933,Alameda,(925) 809-8572,2014-02-23,2015-02-23
41-608876,41,On-Sale Beer & Wine - Eating Place,ACTIVE,Corner Co,David Gonzalez,5508 Oak Blvd,Fremont,CA,94611,Alameda,(510) 938-4657,2015-11-10,2016-11-10
41-653123,41,On-Sale Beer & Wine - Eating Place,ACTIVE,Restaurant Fremont,Daniel Jones,8042 4th St,Fremont,CA,95099,Alameda,(510) 242-2327,2010-12-07,2011-12-07
41-937337,41,On-Sale Beer & Wine - Eating Place,ACTIVE,Tavern LLC,Lisa Garcia,1930 Market Blvd,Livermore,CA,90007,Alameda,(510) 827-5757,2002-01-14,2003-01-14
41-991239,41,On-Sale Beer & Wine - Eating Place,ACTIVE,NewGrill LLC 22,Robert Jones,2866 Lincoln Rd,Fremont,CA,94382,Alameda,(925) 824-2687,2006-12-20,2007-12-20
41-991130,41,On-Sale Beer & Wine - Eating Place,ACTIVE,Tavern Hayward Valley Co,Christopher Smith Smith,8989 3rd Blvd,Hayward,CA,91509,Alameda,(510) 951-5026,2001-05-19,2002-05-19
41-641393,41,On-Sale Beer & Wine - Eating Place,ACTIVE,Bistro Berkeley Heights Co,Steven Thomas,3190 5th Ln,Berkeley,CA,91300,Alameda,(510) 449-1512,2008-08-06,2009-08-06
41-863811,41,On-Sale Beer & Wine - Eating Place,ACTIVE,TheKitchen 60,Lisa Gonzalez,1358 Market Ave,Berkeley,CA,95791,Alameda,(925) 908-2796,2018-02-09,2019-02-09
41-722564,41,On-Sale Beer & Wine - Eating Place,ACTIVE,TheTavern Fremont LLC 30,Maria Thomas,4594 Madison Pl,Fremont,CA,92579,Alameda,(510) 608-9203,2000-06-05,2001-06-05
41-736412,41,On-Sale Beer & Wine - Eating Place,ACTIVE,House Livermore Hills LLC,Steven Jackson,8263 Wilshire Ave #879,Livermore,CA,91795,Alameda,(925) 832-9844,2024-05-05,2025-05-05
41-804343,41,On-Sale Beer & Wine - Eating Place,ACTIVE,Spot,Michelle Wilson,4840 3rd Pl,Livermore,CA,92482,Alameda,(510) 473-3942,2020-06-25,2021-06-25
41-221479,41,On-Sale Beer & Wine - Eating Place,ACTIVE,TheRestaurant 47,David Garcia,5823 Main Way,Berkeley,CA,95264,Alameda,(925) 529-7888,2011-12-17,2012-12-17
41-544189,41,On-Sale Beer & Wine - Eating Place,ACTIVE,Eatery Hayward Company,Paul Thomas,5420 Ocean Blvd,Hayward,CA,91440,Alameda,(925) 464-4836,2014-11-27,2015-11-27
41-994523,41,On-Sale Beer & Wine - Eating Place,ACTIVE,Place,Maria Jones,7277 Sunset Ct #578,Berkeley,CA,96192,Alameda,(510) 374-9973,2015-07-14,2016-07-14
41-443783,41,On-Sale Beer & Wine - Eating Place,ACTIVE,Bistro Inc,Michael Johnson,5900 Mission Blvd,Hayward,CA,94806,Alameda,(925) 636-6065,2001-08-25,2002-08-25
41-234220,41,On-Sale Beer & Wine - Eating Place,ACTIVE,Bistro LLC,James Moore Davis,3492 7th Blvd #271,Oakland,CA,90206,Alameda,(925) 362-5394,2007-10-03,2008-10-03
41-933984,41,On-Sale Beer & Wine - Eating Place,ACTIVE,Corner Corp,Kenneth Garcia,9778 4th Rd,Hayward,CA,91699,Alameda,(510) 654-6138,2014-11-26,2015-11-26
41-177670,41,On-Sale Beer & Wine - Eating Place,ACTIVE,Place Alameda,Steven Williams,8927 Broadway Rd #834,Oakland,CA,95577,Alameda,(510) 557-7289,2011-01-17,2012-01-17
41-726820,41,On-Sale Beer & Wine - Eating Place,ACTIVE,Place,Lisa Gonzalez,8467 Ocean Ave,Hayward,CA,94232,Alameda,(510) 747-2606,2017-02-01,2018-02-01
41-467903,41,On-Sale Beer & Wine - Eating Place,ACTIVE,NewRestaurant Livermore Heights 76,Maria Johnson,2201 7th Way #882,Livermore,CA,93182,Alameda,(510) 996-6038,2010-09-08,2011-09-08
41-838542,41,On-Sale Beer & Wine - Eating Place,ACTIVE,Eatery Alameda,Lisa Thomas,8877 2nd Way,Hayward,CA,92078,Alameda,(510) 255-2326,2004-12-06,2005-12-06
41-141844,41,On-Sale Beer & Wine - Eating Place,ACTIVE,Corner,Michelle Miller,9508 4th St,Hayward,CA,93615,Alameda,(925) 772-8435,2012-11-28,2013-11-28
41-256580,41,On-Sale Beer & Wine - Eating Place,ACTIVE,Corner Livermore Co,Maria Thomas,8545 Hollywood Ln,Livermore,CA,93305,Alameda,(510) 243-3340,2022-04-04,2023-04-04
41-195139,41,On-Sale Beer & Wine - Eating Place,ACTIVE,Restaurant,John Anderson,7460 State Dr,Oakland,CA,90857,Alameda,(510) 208-9410,2004-12-09,2005-12-09
41-279371,41,On-Sale Beer & Wine - Eating Place,ACTIVE,House Oakland Heights Group,Maria Johnson,4304 7th Dr #625,Oakland,CA,94383,Alameda,(925) 781-1149,2022-12-02,2023-12-02
41-348114,41,On-Sale Beer & Wine - Eating Place,ACTIVE,Cafe Fremont,William Wilson,8096 4th Pl,Fremont,CA,94170,Alameda,(510) 844-5696,2020-04-13,2021-04-13
41-673242,41,On-Sale Beer & Wine - Eating Place,ACTIVE,Diner Alameda Corp,James Gonzalez,4370 Main Ln,Berkeley,CA,91861,Alameda,(925) 705-3392,2007-06-04,2008-06-04
41-942871,41,On-Sale Beer & Wine - Eating Place,ACTIVE,Restaurant Company,David Brown,6783 Pico St #308,Livermore,CA,91269,Alameda,(510) 422-2409,2019-11-28,2020-11-28
41-222595,41,On-Sale Beer & Wine - Eating Place,ACTIVE,Spot Group,William Wilson,2251 Main Dr,Berkeley,CA,90928,Alameda,(925) 265-4018,2022-06-28,2023-06-28
41-625302,41,On-Sale Beer & Wine - Eating Place,ACTIVE,Cafe Company,Kenneth Martin,5884 Sunset St,Oakland,CA,92952,Alameda,(925) 962-3231,2000-01-20,2001-01-20
41-489105,41,On-Sale Beer & Wine - Eating Place,ACTIVE,Kitchen Oakland Heights,Paul Jackson,8662 Sunset Pl,Oakland,CA,94641,Alameda,(925) 223-7496,2000-01-24,2001-01-24
41-246555,41,On-Sale Beer & Wine - Eating Place,ACTIVE,Diner Alameda Group,Michael Thomas,7835 5th Way,Oakland,CA,93959,Alameda,(925) 662-5984,2009-09-28,2010-09-28
41-981841,41,On-Sale Beer & Wine - Eating Place,ACTIVE,TheKitchen Berkeley 44,William Jackson,135 Jefferson Ln #849,Berkeley,CA,93739,Alameda,(510) 660-6026,2003-11-04,2004-11-04
41-760223,41,On-Sale Beer & Wine - Eating Place,ACTIVE,NewEatery Company 17,James Lopez,5860 3rd Ave,Oakland,CA,93405,Alameda,(925) 690-8886,2018-01-28,2019-01-28
41-492619,41,On-Sale Beer & Wine - Eating Place,ACTIVE,House Livermore Hills,Mark Moore,5118 6th St,Livermore,CA,90754,Alameda,(510) 714-1482,2016-07-11,2017-07-11
41-517829,41,On-Sale Beer & Wine - Eating Place,ACTIVE,Bistro Co,Anthony Davis,7396 Wilshire Ct,Berkeley,CA,92336,Alameda,(510) 348-3001,2002-12-17,2003-12-17
41-371179,41,On-Sale Beer & Wine - Eating Place,ACTIVE,House,William Taylor,2156 2nd Ln,Livermore,CA,90200,Alameda,(510) 250-3431,2001-09-05,2002-09-05
41-863511,41,On-Sale Beer & Wine - Eating Place,ACTIVE,Grill Oakland Valley Inc 40,Robert Davis,7066 State Ln #541,Oakland,CA,90003,Alameda,(510) 712-3324,2007-03-23,2008-03-23
41-780214,41,On-Sale Beer & Wine - Eating Place,ACTIVE,Diner,Michelle Davis Moore,9153 2nd Ave,Hayward,CA,93569,Alameda,(510) 913-3060,2020-07-11,2021-07-11
41-368359,41,On-Sale Beer & Wine - Eating Place,ACTIVE,Diner Livermore Inc,Christopher Smith,1063 Sunset Ln,Livermore,CA,95416,Alameda,(510) 325-5947,2003-05-01,2004-05-01
41-340542,41,On-Sale Beer & Wine - Eating Place,ACTIVE,Kitchen Livermore,Michael Miller,5966 Sunset Dr #398,Livermore,CA,92310,Alameda,(925) 676-5798,2011-06-27,2012-06-27
41-123190,41,On-Sale Beer & Wine - Eating Place,ACTIVE,TheCafe 54,William Williams,9626 Mission St #697,Hayward,CA,95850,Alameda,(510) 647-9391,2002-05-09,2003-05-09
41-263274,41,On-Sale Beer & Wine - Eating Place,ACTIVE,Spot Oakland LLC,David Rodriguez,3411 4th Pl #408,Oakland,CA,93893,Alameda,(925) 963-8532,2017-12-06,2018-12-06
41-854277,41,On-Sale Beer & Wine - Eating Place,ACTIVE,Corner Fremont,Robert Anderson,4576 Ocean Dr #855,Fremont,CA,90206,Alameda,(510) 862-4275,2024-03-27,2025-03-27
41-235470,41,On-Sale Beer & Wine - Eating Place,ACTIVE,Place Alameda,Maria Rodriguez,2982 5th Ct #482,Fremont,CA,93277,Alameda,(510) 946-8223,2017-07-20,2018-07-20
41-846070,41,On-Sale Beer & Wine - Eating Place,ACTIVE,Tavern,Paul Moore,3704 6th Ct #903,Berkeley,CA,93388,Alameda,(925) 442-9917,2006-03-13,2007-03-13
41-166641,41,On-Sale Beer & Wine - Eating Place,ACTIVE,OldBistro Group 88,Paul Taylor,7345 Wilshire Ave,Hayward,CA,90221,Alameda,(510) 511-1121,2011-05-21,2012-05-21
41-989180,41,On-Sale Beer & Wine - Eating Place,ACTIVE,Tavern Alameda Company,Christopher Wilson Garcia,7275 Oak Ln #419,Hayward,CA,95020,Alameda,(925) 286-5430,2018-09-15,2019-09-15
41-388297,41,On-Sale Beer & Wine - Eating Place,ACTIVE,House Corp 27,William Hernandez,6256 Mission Way,Hayward,CA,94575,Alameda,(925) 454-1421,2012-02-18,2013-02-18
41-198155,41,On-Sale Beer & Wine - Eating Place,ACTIVE,Tavern,David Anderson,8353 Oak Ln,Oakland,CA,92803,Alameda,(510) 304-1977,2009-12-25,2010-12-25
41-900234,41,On-Sale Beer & Wine - Eating Place,ACTIVE,Grill Livermore,Michelle Rodriguez,3144 Wilshire Pl,Livermore,CA,93835,Alameda,(925) 728-6195,2010-11-20,2011-11-20
41-685241,41,On-Sale Beer & Wine - Eating Place,ACTIVE,Restaurant Fremont Valley LLC,Daniel Garcia,6563 7th Ct,Fremont,CA,96164,Alameda,(510) 618-9972,2002-09-14,2003-09-14
41-225703,41,On-Sale Beer & Wine - Eating Place,ACTIVE,NewCafe Inc 70,Matthew Johnson,7915 Jefferson Ln,Livermore,CA,92598,Alameda,(925) 968-6353,2005-01-26,2006-01-26
41-494553,41,On-Sale Beer & Wine - Eating Place,ACTIVE,Grill Alameda Company,Paul Jones,6981 7th Blvd,Hayward,CA,95982,Alameda,(510) 207-7861,2003-05-18,2004-05-18
41-241402,41,On-Sale Beer & Wine - Eating Place,ACTIVE,Diner Berkeley Valley Co,John Gonzalez Martin,1868 Ocean Dr,Berkeley,CA,90217,Alameda,(925) 257-5495,2013-09-12,2014-09-12
41-318410,41,On-Sale Beer & Wine - Eating Place,ACTIVE,Cafe LLC,Jennifer Martin,2334 Lincoln Blvd,Berkeley,CA,93086,Alameda,(510) 801-4322,2001-09-15,2002-09-15
41-785138,41,On-Sale Beer & Wine - Eating Place,ACTIVE,OldSpot Oakland Company 25,Kenneth Rodriguez,2630 Franklin Ave #969,Oakland,CA,95510,Alameda,(510) 334-9325,2006-12-13,2007-12-13
41-464993,41,On-Sale Beer & Wine - Eating Place,ACTIVE,Place Livermore,Michael Brown Gonzalez,1909 Hollywood Dr,Livermore,CA,93999,Alameda,(925) 203-7880,2013-04-26,2014-04-26
41-152728,41,On-Sale Beer & Wine - Eating Place,ACTIVE,Place Alameda,Daniel Hernandez,5321 Sunset Way,Berkeley,CA,92984,Alameda,(510) 432-1144,2008-02-24,2009-02-24
41-966909,41,On-Sale Beer & Wine - Eating Place,ACTIVE,Cafe Corp 76,James Thomas Davis,5117 State Pl #874,Fremont,CA,92728,Alameda,(510) 410-9711,2021-02-02,2022-02-02
41-706510,41,On-Sale Beer & Wine - Eating Place,ACTIVE,Eatery,Jennifer Brown,508 1st Rd #468,Fremont,CA,92014,Alameda,(925) 459-5596,2020-11-21,2021-11-21
41-257837,41,On-Sale Beer & Wine - Eating Place,ACTIVE,Eatery Oakland Heights,Kenneth Moore,3264 Lincoln Pl #696,Oakland,CA,94149,Alameda,(510) 845-2343,2014-08-11,2015-08-11
41-676937,41,On-Sale Beer & Wine - Eating Place,ACTIVE,Diner,James Davis,1315 Market Blvd #185,Berkeley,CA,93555,Alameda,(925) 916-2178,2000-10-16,2001-10-16
41-693125,41,On-Sale Beer & Wine - Eating Place,ACTIVE,OldCafe Company 97,Maria Martin Smith,6565 3rd Pl,Oakland,CA,91929,Alameda,(510) 421-8116,2006-09-21,2007-09-21
41-946073,41,On-Sale Beer & Wine - Eating Place,ACTIVE,OldCorner 80,Matthew Garcia,5806 State Rd,Livermore,CA,91754,Alameda,(510) 913-6424,2019-04-22,2020-04-22
41-659837,41,On-Sale Beer & Wine - Eating Place,ACTIVE,TheDiner Oakland 41,James Jackson,1539 Jefferson Ave,Oakland,CA,90648,Alameda,(510) 204-9542,2013-01-10,2014-01-10
41-560730,41,On-Sale Beer & Wine - Eating Place,ACTIVE,Eatery Berkeley Corp 14,Daniel Lopez Moore,2155 5th Ave,Berkeley,CA,95704,Alameda,(510) 258-4054,2005-05-04,2006-05-04
41-357696,41,On-Sale Beer & Wine - Eating Place,ACTIVE,Spot Fremont Group,Kenneth Taylor Rodriguez,6449 Madison Ave,Fremont,CA,96038,Alameda,(510) 393-5737,2024-04-23,2025-04-23
41-960212,41,On-Sale Beer & Wine - Eating Place,ACTIVE,Corner Oakland,Michael Miller,8218 Wilshire Pl,Oakland,CA,90708,Alameda,(925) 296-3691,2017-08-13,2018-08-13
41-979761,41,On-Sale Beer & Wine - Eating Place,ACTIVE,Spot Co,Michael Davis,9212 Lincoln Ct #704,Oakland,CA,90866,Alameda,(925) 223-9305,2001-03-11,2002-03-11
41-630327,41,On-Sale Beer & Wine - Eating Place,ACTIVE,Eatery Livermore Valley,Robert Martin,967 Oak Rd,Livermore,CA,91508,Alameda,(510) 551-5044,2024-12-20,2025-12-20
41-957743,41,On-Sale Beer & Wine - Eating Place,ACTIVE,Place Oakland 26,Jennifer Johnson,7315 Front Ln,Oakland,CA,95759,Alameda,(510) 975-2166,2017-10-02,2018-10-02
41-700539,41,On-Sale Beer & Wine - Eating Place,ACTIVE,Bistro Alameda Group,David Martin Smith,6129 Lincoln Way,Oakland,CA,92101,Alameda,(925) 443-4346,2008-09-19,2009-09-19
41-626795,41,On-Sale Beer & Wine - Eating Place,ACTIVE,Tavern Fremont Inc,Paul Garcia,7963 2nd Way #504,Fremont,CA,91673,Alameda,(510) 893-7474,2003-02-26,2004-02-26
41-769572,41,On-Sale Beer & Wine - Eating Place,ACTIVE,Grill Alameda,Paul Rodriguez,343 Jefferson Ave,Oakland,CA,93716,Alameda,(925) 784-3255,2011-05-19,2012-05-19
41-789412,41,On-Sale Beer & Wine - Eating Place,ACTIVE,OldRestaurant 56,David Hernandez,2514 5th Blvd,Berkeley,CA,90719,Alameda,(925) 446-9220,2009-06-12,2010-06-12
41-464324,41,On-Sale Beer & Wine - Eating Place,ACTIVE,Place Fremont Co,Matthew Jones,6326 4th Ct #170,Fremont,CA,92243,Alameda,(925) 869-6959,2022-08-12,2023-08-12
41-463551,41,On-Sale Beer & Wine - Eating Place,ACTIVE,TheDiner Berkeley Hills Inc 32,Maria Johnson,5849 Madison Rd,Berkeley,CA,92851,Alameda,(925) 431-6865,2000-11-01,2001-11-01
41-617016,41,On-Sale Beer & Wine - Eating Place,ACTIVE,NewKitchen Alameda 1,Michael Thomas,1358 Madison St,Oakland,CA,92570,Alameda,(510) 926-6141,2014-03-01,2015-03-01
41-538046,41,On-Sale Beer & Wine - Eating Place,ACTIVE,Bistro Alameda 70,Maria Lopez,7292 7th St,Livermore,CA,91198,Alameda,(925) 519-2325,2013-04-19,2014-04-19
41-485986,41,On-Sale Beer & Wine - Eating Place,ACTIVE,Restaurant Group,Christopher Jackson,3866 2nd Ave,Fremont,CA,96139,Alameda,(925) 520-1388,2024-03-28,2025-03-28
41-362259,41,On-Sale Beer & Wine - Eating Place,ACTIVE,Spot,Jennifer Moore,6448 Franklin Dr,Berkeley,CA,92410,Alameda,(925) 402-1066,2003-12-08,2004-12-08
41-186643,41,On-Sale Beer & Wine - Eating Place,ACTIVE,Restaurant Livermore,Maria Moore,1844 Hollywood Rd,Livermore,CA,92656,Alameda,(925) 429-4952,2019-03-04,2020-03-04
41-162127,41,On-Sale Beer & Wine - Eating Place,ACTIVE,NewKitchen 15,Maria Hernandez,8616 Ocean Blvd,Livermore,CA,94787,Alameda,(925) 993-6005,2024-08-26,2025-08-26
41-103971,41,On-Sale Beer & Wine - Eating Place,ACTIVE,House Alameda,Christopher Moore,3946 Front Pl,Hayward,CA,95112,Alameda,(925) 947-7759,2016-06-20,2017-06-20
41-953064,41,On-Sale Beer & Wine - Eating Place,ACTIVE,TheHouse Alameda Co 69,Kenneth Johnson,8719 7th Ave,Fremont,CA,92753,Alameda,(510) 446-4675,2004-04-25,2005-04-25
41-648944,41,On-Sale Beer & Wine - Eating Place,ACTIVE,Bistro Berkeley Valley,Robert Brown,9575 Washington Blvd,Berkeley,CA,94689,Alameda,(510) 409-6650,2003-02-16,2004-02-16
41-993092,41,On-Sale Beer & Wine - Eating Place,ACTIVE,Kitchen Hayward Heights,Steven Garcia,711 Sunset Way,Hayward,CA,95230,Alameda,(510) 871-5789,2007-02-02,2008-02-02
41-387147,41,On-Sale Beer & Wine - Eating Place,ACTIVE,Kitchen Group,Maria Thomas,9737 1st St,Fremont,CA,92536,Alameda,(510) 929-6411,2020-12-12,2021-12-12
41-138586,41,On-Sale Beer & Wine - Eating Place,ACTIVE,Grill Alameda LLC,John Johnson Martinez,8993 Washington Rd,Fremont,CA,91047,Alameda,(925) 278-2992,2018-07-09,2019-07-09
41-828151,41,On-Sale Beer & Wine - Eating Place,ACTIVE,Eatery Alameda Co,William Martinez,8933 Sunset Blvd,Berkeley,CA,95362,Alameda,(510) 963-6939,2013-05-14,2014-05-14
41-496332,41,On-Sale Beer & Wine - Eating Place,ACTIVE,Corner Livermore Group,Mark Taylor,2256 Main Blvd,Livermore,CA,92136,Alameda,(510) 600-7636,2010-03-23,2011-03-23
41-777814,41,On-Sale Beer & Wine - Eating Place,ACTIVE,Diner Inc,Christopher Gonzalez,301 6th Ave #518,Hayward,CA,92627,Alameda,(925) 772-6990,2008-01-26,2009-01-26
41-214263,41,On-Sale Beer & Wine - Eating Place,ACTIVE,OldEatery Livermore 31,Matthew Davis Jones,5494 Ocean Way,Livermore,CA,94693,Alameda,(510) 252-5466,2006-11-15,2007-11-15
41-732094,41,On-Sale Beer & Wine - Eating Place,ACTIVE,TheRestaurant 80,Christopher Moore,5608 2nd Blvd #438,Oakland,CA,95267,Alameda,(510) 368-3832,2019-08-26,2020-08-26
41-445105,41,On-Sale Beer & Wine - Eating Place,ACTIVE,Grill Group,Lisa Jones Moore,277 Oak Ave,Oakland,CA,90480,Alameda,(510) 297-2985,2013-02-05,2014-02-05
41-981464,41,On-Sale Beer & Wine - Eating Place,ACTIVE,Restaurant Oakland Heights,Maria Gonzalez,8316 1st Rd,Oakland,CA,93309,Alameda,(925) 534-4149,2011-10-25,2012-10-25
41-274456,41,On-Sale Beer & Wine - Eating Place,ACTIVE,Cafe,Maria Martinez,1010 4th Rd,Hayward,CA,94375,Alameda,(510) 236-2828,2022-10-27,2023-10-27
41-747357,41,On-Sale Beer & Wine - Eating Place,ACTIVE,Cafe Co,Lisa Jackson,5407 Maple St #319,Livermore,CA,96163,Alameda,(510) 440-1793,2020-01-19,2021-01-19
41-338245,41,On-Sale Beer & Wine - Eating Place,ACTIVE,Corner,David Garcia,6243 Mission Pl,Livermore,CA,93796,Alameda,(925) 459-5152,2020-02-11,2021-02-11
41-845617,41,On-Sale Beer & Wine - Eating Place,ACTIVE,Cafe Berkeley,Mark Rodriguez,737 Hollywood Blvd #710,Berkeley,CA,92491,Alameda,(510) 745-5474,2004-07-26,2005-07-26
41-746330,41,On-Sale Beer & Wine - Eating Place,ACTIVE,Bistro Company,Maria Thomas,5235 5th Way,Hayward,CA,96184,Alameda,(510) 338-7055,2022-08-07,2023-08-07
41-814040,41,On-Sale Beer & Wine - Eating Place,ACTIVE,TheHouse Livermore Inc 41,Michelle Taylor Smith,8196 6th Ln,Livermore,CA,94536,Alameda,(925) 681-8424,2015-08-09,2016-08-09
41-274154,41,On-Sale Beer & Wine - Eating Place,ACTIVE,NewRestaurant Livermore 59,Steven Miller,3348 Lincoln Ave,Livermore,CA,94197,Alameda,(925) 507-6182,2001-01-04,2002-01-04
41-283563,41,On-Sale Beer & Wine - Eating Place,ACTIVE,TheEatery Fremont Company 32,Kenneth Miller,669 4th Way,Fremont,CA,96051,Alameda,(925) 724-2542,2002-11-03,2003-11-03
41-265989,41,On-Sale Beer & Wine - Eating Place,ACTIVE,Bistro Fremont Valley,Robert Smith Martin,712 5th Blvd,Fremont,CA,96094,Alameda,(510) 861-6235,2003-04-03,2004-04-03
41-474229,41,On-Sale Beer & Wine - Eating Place,ACTIVE,Corner Alameda,Maria Hernandez Anderson,6299 Ocean Pl #735,Hayward,CA,94208,Alameda,(510) 888-9191,2005-07-09,2006-07-09
41-436149,41,On-Sale Beer & Wine - Eating Place,ACTIVE,TheBistro Alameda Corp 72,John Martin,5861 Market Ct,Berkeley,CA,93121,Alameda,(510) 312-2270,2009-12-02,2010-12-02
41-358064,41,On-Sale Beer & Wine - Eating Place,ACTIVE,Bistro LLC,Michelle Garcia Martinez,5890 Madison Dr,Fremont,CA,91901,Alameda,(925) 396-2572,2021-07-01,2022-07-01
41-905913,41,On-Sale Beer & Wine - Eating Place,ACTIVE,OldGrill Livermore Group 68,Robert Jackson,3196 Oak Dr,Livermore,CA,96062,Alameda,(510) 796-5590,2000-07-02,2001-07-02
41-117606,41,On-Sale Beer & Wine - Eating Place,ACTIVE,Eatery Inc,Lisa Miller,1100 State Ave #258,Fremont,CA,91000,Alameda,(925) 677-3513,2014-10-12,2015-10-12
41-545128,41,On-Sale Beer & Wine - Eating Place,ACTIVE,NewCorner Oakland Hills Company 45,William Thomas,4403 Madison Blvd,Oakland,CA,95910,Alameda,(925) 896-1891,2023-08-17,2024-08-17
41-962494,41,On-Sale Beer & Wine - Eating Place,ACTIVE,Corner Alameda Group,Lisa Gonzalez,2873 Hollywood Way,Livermore,CA,92670,Alameda,(510) 755-6318,2017-01-24,2018-01-24
41-750897,41,On-Sale Beer & Wine - Eating Place,ACTIVE,TheCorner Company 13,Andrew Hernandez,6738 7th Ave,Hayward,CA,91543,Alameda,(510) 947-8022,2009-05-05,2010-05-05
41-562182,41,On-Sale Beer & Wine - Eating Place,ACTIVE,Kitchen Alameda,Mark Miller,6667 Washington Rd,Hayward,CA,92324,Alameda,(925) 617-5358,2002-07-05,2003-07-05
41-307017,41,On-Sale Beer & Wine - Eating Place,ACTIVE,Tavern LLC,James Davis,4241 Maple St #463,Berkeley,CA,93474,Alameda,(510) 522-7729,2020-05-05,2021-05-05
41-616291,41,On-Sale Beer & Wine - Eating Place,ACTIVE,House Company,Maria Garcia Jackson,3613 7th Pl,Berkeley,CA,95015,Alameda,(510) 653-3861,2012-12-06,2013-12-06
41-676353,41,On-Sale Beer & Wine - Eating Place,ACTIVE,Corner Berkeley Heights Group,Paul Anderson Garcia,758 3rd St,Berkeley,CA,90027,Alameda,(925) 502-4686,2019-06-05,2020-06-05
41-786638,41,On-Sale Beer & Wine - Eating Place,ACTIVE,OldHouse 39,Lisa Jones,4747 Franklin Ct,Berkeley,CA,91046,Alameda,(925) 984-2428,2000-12-06,2001-12-06
41-621552,41,On-Sale Beer & Wine - Eating Place,ACTIVE,Corner,Jennifer Brown,6503 Main Blvd,Berkeley,CA,94663,Alameda,(925) 697-7447,2007-08-06,2008-08-06
41-825509,41,On-Sale Beer & Wine - Eating Place,ACTIVE,Tavern Co,Anthony Davis,9612 Market Blvd #811,Berkeley,CA,93237,Alameda,(510) 300-6208,2015-09-10,2016-09-10
41-288362,41,On-Sale Beer & Wine - Eating Place,ACTIVE,Cafe 10,Anthony Johnson,1316 Franklin Ln,Berkeley,CA,90503,Alameda,(925) 685-3590,2024-10-09,2025-10-09
41-181942,41,On-Sale Beer & Wine - Eating Place,ACTIVE,Cafe Corp,Matthew Gonzalez,6411 3rd Way,Berkeley,CA,96001,Alameda,(925) 221-3321,2003-03-20,2004-03-20
41-956935,41,On-Sale Beer & Wine - Eating Place,ACTIVE,Tavern Group,Matthew Miller,3569 Sunset St #153,Berkeley,CA,95683,Alameda,(510) 417-8897,2019-07-22,2020-07-22
41-246302,41,On-Sale Beer & Wine - Eating Place,ACTIVE,Place Hayward,Lisa Lopez Lopez,6426 Lincoln Pl,Hayward,CA,90204,Alameda,(925) 903-6075,2015-04-09,2016-04-09
41-169607,41,On-Sale Beer & Wine - Eating Place,ACTIVE,House Hayward Valley,Kenneth Rodriguez Taylor,9404 7th Way,Hayward,CA,95221,Alameda,(510) 226-4964,2023-06-20,2024-06-20
41-599832,41,On-Sale Beer & Wine - Eating Place,ACTIVE,Grill,Michelle Martinez,9894 Madison Way,Fremont,CA,93753,Alameda,(925) 355-4339,2023-07-25,2024-07-25
41-226524,41,On-Sale Beer & Wine - Eating Place,ACTIVE,Cafe Company,Steven Hernandez,8011 Sunset St,Berkeley,CA,93952,Alameda,(510) 645-7404,2002-01-26,2003-01-26
41-172649,41,On-Sale Beer & Wine - Eating Place,ACTIVE,House Oakland,Mark Martin,8416 4th Ave,Oakland,CA,92792,Alameda,(925) 856-7321,2003-09-07,2004-09-07
41-381889,41,On-Sale Beer & Wine - Eating Place,ACTIVE,TheCorner Hayward Valley 73,Kenneth Taylor,9085 Mission Dr #519,Hayward,CA,91247,Alameda,(925) 908-5931,2017-02-09,2018-02-09
41-190069,41,On-Sale Beer & Wine - Eating Place,ACTIVE,Eatery LLC,Christopher Anderson Anderson,104 Oak St,Berkeley,CA,90253,Alameda,(510) 632-8068,2018-03-14,2019-03-14
41-391028,41,On-Sale Beer & Wine - Eating Place,ACTIVE,Eatery Corp 73,William Davis Jackson,1323 Front Pl,Oakland,CA,93821,Alameda,(925) 350-8534,2013-09-11,2014-09-11
41-522205,41,On-Sale Beer & Wine - Eating Place,ACTIVE,Cafe Hayward Valley Company,Michael Jones,1031 Pico Rd #615,Hayward,CA,94693,Alameda,(925) 683-5717,2018-04-19,2019-04-19
41-644894,41,On-Sale Beer & Wine - Eating Place,ACTIVE,Tavern Inc,James Brown,1583 Broadway Ln,Hayward,CA,91751,Alameda,(510) 979-8389,2005-03-23,2006-03-23
41-733705,41,On-Sale Beer & Wine - Eating Place,ACTIVE,Tavern Livermore Hills Inc,Christopher Hernandez,8975 Maple Blvd #402,Livermore,CA,95524,Alameda,(510) 753-3419,2003-01-06,2004-01-06
41-311901,41,On-Sale Beer & Wine - Eating Place,ACTIVE,Grill Group,Michael Gonzalez Thomas,5785 Washington Pl,Fremont,CA,90836,Alameda,(925) 439-4232,2023-01-09,2024-01-09
41-685597,41,On-Sale Beer & Wine - Eating Place,ACTIVE,Kitchen,Steven Taylor,6771 Sunset Ln,Livermore,CA,91187,Alameda,(510) 224-7850,2017-05-13,2018-05-13
41-488852,41,On-Sale Beer & Wine - Eating Place,ACTIVE,OldEatery Group 37,Robert Martin,2812 2nd Rd,Fremont,CA,92413,Alameda,(925) 858-4861,2008-02-18,2009-02-18
41-850404,41,On-Sale Beer & Wine - Eating Place,ACTIVE,House Oakland Valley,James Rodriguez Wilson,3630 Hollywood Blvd #643,Oakland,CA,92547,Alameda,(510) 593-1120,2001-05-26,2002-05-26
41-348918,41,On-Sale Beer & Wine - Eating Place,ACTIVE,TheBistro 11,Jennifer Jackson,1034 Washington Ave,Livermore,CA,91459,Alameda,(510) 348-6620,2015-09-26,2016-09-26
41-520199,41,On-Sale Beer & Wine - Eating Place,ACTIVE,Spot Company,Jennifer Garcia,1665 Washington Pl,Livermore,CA,91829,Alameda,(510) 730-8194,2006-11-20,2007-11-20
41-154722,41,On-Sale Beer & Wine - Eating Place,ACTIVE,Diner Company,Anthony Williams,1734 7th Dr,Fremont,CA,95980,Alameda,(510) 678-2467,2007-11-14,2008-11-14
41-384833,41,On-Sale Beer & Wine - Eating Place,ACTIVE,Place,Mark Moore,152 2nd Ct,Oakland,CA,93784,Alameda,(925) 473-1907,2017-03-27,2018-03-27
41-280512,41,On-Sale Beer & Wine - Eating Place,ACTIVE,ThePlace 22,Daniel Martin Hernandez,1371 Ocean Ln #675,Oakland,CA,93449,Alameda,(510) 487-7872,2004-10-05,2005-10-05
41-204260,41,On-Sale Beer & Wine - Eating Place,ACTIVE,Cafe Oakland LLC,David Davis,949 Market Pl,Oakland,CA,95539,Alameda,(510) 405-9248,2003-10-18,2004-10-18
41-347475,41,On-Sale Beer & Wine - Eating Place,ACTIVE,Corner Alameda 97,Paul Garcia,2521 Main Dr,Berkeley,CA,92083,Alameda,(510) 687-1685,2024-10-01,2025-10-01
41-419391,41,On-Sale Beer & Wine - Eating Place,ACTIVE,Diner Corp,John Lopez,3289 5th Way #558,Livermore,CA,92143,Alameda,(925) 773-3887,2000-02-10,2001-02-10
41-141562,41,On-Sale Beer & Wine - Eating Place,ACTIVE,Corner Fremont Heights,Steven Rodriguez,7972 Ocean Rd,Fremont,CA,90477,Alameda,(925) 993-9270,2006-09-13,2007-09-13
41-594040,41,On-Sale Beer & Wine - Eating Place,ACTIVE,Place Alameda,Robert Jones,1791 1st Blvd,Livermore,CA,94816,Alameda,(510) 928-5503,2000-03-18,2001-03-18
41-296347,41,On-Sale Beer & Wine - Eating Place,ACTIVE,Diner Hayward Valley Inc,Matthew Gonzalez,5399 Maple Dr,Hayward,CA,92829,Alameda,(925) 379-8966,2018-04-17,2019-04-17
41-810776,41,On-Sale Beer & Wine - Eating Place,ACTIVE,TheDiner Oakland Valley 52,Anthony Lopez Rodriguez,6176 7th Rd #236,Oakland,CA,93360,Alameda,(925) 539-6402,2018-11-16,2019-11-16
41-881943,41,On-Sale Beer & Wine - Eating Place,ACTIVE,Diner Corp,Christopher Martinez,7006 Front Rd,Fremont,CA,92552,Alameda,(510) 452-1536,2005-08-15,2006-08-15
41-622948,41,On-Sale Beer & Wine - Eating Place,ACTIVE,Diner Berkeley Inc,Jennifer Johnson,5140 Hollywood Ct,Berkeley,CA,90079,Alameda,(510) 934-7367,2009-05-11,2010-05-11
41-466481,41,On-Sale Beer & Wine - Eating Place,ACTIVE,Diner Alameda LLC,Maria Moore,1767 Franklin Ct #231,Berkeley,CA,92236,Alameda,(925) 753-6903,2023-06-22,2024-06-22
41-384862,41,On-Sale Beer & Wine - Eating Place,ACTIVE,Restaurant,Michelle Davis,9779 4th Ave,Oakland,CA,90085,Alameda,(510) 789-4945,2007-05-18,2008-05-18
41-736549,41,On-Sale Beer & Wine - Eating Place,ACTIVE,NewTavern Oakland 66,Maria Anderson,3768 Madison Dr,Oakland,CA,91682,Alameda,(510) 381-2790,2011-11-25,2012-11-25
41-169969,41,On-Sale Beer & Wine - Eating Place,ACTIVE,Eatery Company,John Brown,4340 Maple Dr #393,Oakland,CA,94152,Alameda,(510) 769-7647,2003-04-21,2004-04-21
41-764437,41,On-Sale Beer & Wine - Eating Place,ACTIVE,Restaurant Inc,Maria Lopez,3394 Main Ct,Fremont,CA,93950,Alameda,(925) 741-5767,2013-03-20,2014-03-20
41-354762,41,On-Sale Beer & Wine - Eating Place,ACTIVE,NewPlace Corp 17,John Martin Jones,8587 3rd Blvd,Fremont,CA,91112,Alameda,(925) 671-7924,2009-08-24,2010-08-24
41-860704,41,On-Sale Beer & Wine - Eating Place,ACTIVE,Spot 23,Mark Brown,3261 Hollywood Dr,Fremont,CA,90548,Alameda,(510) 820-2351,2014-07-11,2015-07-11
41-218808,41,On-Sale Beer & Wine - Eating Place,ACTIVE,Cafe Corp 61,Kenneth Jones,3739 4th St,Livermore,CA,95286,Alameda,(925) 255-2461,2004-11-01,2005-11-01
41-114454,41,On-Sale Beer & Wine - Eating Place,ACTIVE,Eatery,Daniel Anderson,5492 Mission Way,Oakland,CA,96015,Alameda,(510) 327-3553,2019-07-13,2020-07-13
41-412749,41,On-Sale Beer & Wine - Eating Place,ACTIVE,Bistro Livermore Valley,Maria Hernandez,1571 7th Ln,Livermore,CA,95539,Alameda,(925) 665-4999,2022-10-06,2023-10-06
41-264525,41,On-Sale Beer & Wine - Eating Place,ACTIVE,OldRestaurant 100,Jennifer Miller Martin,2227 Maple St,Fremont,CA,90667,Alameda,(510) 734-5920,2016-04-25,2017-04-25
41-814980,41,On-Sale Beer & Wine - Eating Place,ACTIVE,Tavern Fremont Heights 52,James Johnson,1933 Maple Way,Fremont,CA,93640,Alameda,(510) 900-2072,2004-02-16,2005-02-16
41-949786,41,On-Sale Beer & Wine - Eating Place,ACTIVE,Kitchen,Paul Gonzalez Martin,4572 Market Way #943,Oakland,CA,91743,Alameda,(925) 591-5083,2020-11-15,2021-11-15
41-235479,41,On-Sale Beer & Wine - Eating Place,ACTIVE,Restaurant Inc,Kenneth Taylor,7482 Wilshire Blvd,Oakland,CA,90915,Alameda,(925) 460-6821,2005-11-17,2006-11-17
41-738561,41,On-Sale Beer & Wine - Eating Place,ACTIVE,Place Oakland LLC,Anthony Wilson,1179 Pico Way #658,Oakland,CA,95530,Alameda,(925) 852-2734,2017-11-13,2018-11-13
41-706847,41,On-Sale Beer & Wine - Eating Place,ACTIVE,TheTavern Group 97,Daniel Martinez,4409 Maple Dr,Livermore,CA,93293,Alameda,(925) 255-9076,2020-08-26,2021-08-26
41-927678,41,On-Sale Beer & Wine - Eating Place,ACTIVE,Grill LLC,Lisa Thomas,7728 State Rd,Hayward,CA,95466,Alameda,(510) 453-4300,2005-01-14,2006-01-14
41-256958,41,On-Sale Beer & Wine - Eating Place,ACTIVE,TheKitchen Fremont Heights Co 71,Jennifer Taylor Williams,7691 Mission Blvd,Fremont,CA,94455,Alameda,(925) 788-8777,2008-04-24,2009-04-24
41-184906,41,On-Sale Beer & Wine - Eating Place,ACTIVE,Grill Fremont,Mark Martinez,1220 5th Ave,Fremont,CA,95392,Alameda,(510) 720-5668,2020-09-10,2021-09-10
41-217303,41,On-Sale Beer & Wine - Eating Place,ACTIVE,Spot Fremont Hills Co,David Gonzalez Lopez,9510 Jefferson Way,Fremont,CA,94643,Alameda,(925) 726-5818,2023-07-28,2024-07-28
41-610704,41,On-Sale Beer & Wine - Eating Place,ACTIVE,House Group,Maria Jackson,6893 7th Ct,Hayward,CA,93548,Alameda,(925) 425-6066,2004-04-04,2005-04-04
41-890625,41,On-Sale Beer & Wine - Eating Place,ACTIVE,Diner Hayward Heights,James Garcia Miller,4615 Washington Ln,Hayward,CA,92953,Alameda,(925) 826-8938,2015-02-17,2016-02-17
41-994334,41,On-Sale Beer & Wine - Eating Place,ACTIVE,Diner Fremont Heights LLC,James Thomas,8689 Main Ave,Fremont,CA,92790,Alameda,(510) 921-9772,2021-01-05,2022-01-05
41-741689,41,On-Sale Beer & Wine - Eating Place,ACTIVE,Kitchen LLC,Lisa Martin,6928 State Ave,Livermore,CA,90520,Alameda,(925) 225-3575,2022-08-26,2023-08-26
41-360593,41,On-Sale Beer & Wine - Eating Place,ACTIVE,Tavern,Michelle Rodriguez,8830 7th Way,Oakland,CA,90796,Alameda,(510) 241-6206,2014-03-17,2015-03-17
41-387607,41,On-Sale Beer & Wine - Eating Place,ACTIVE,Bistro LLC,Jennifer Moore Brown,4652 Maple Ave,Berkeley,CA,93029,Alameda,(925) 926-3974,2005-08-28,2006-08-28
41-359672,41,On-Sale Beer & Wine - Eating Place,ACTIVE,Restaurant Berkeley Hills Co 27,Steven Wilson,2980 State Ln #907,Berkeley,CA,95546,Alameda,(925) 369-2511,2016-01-21,2017-01-21
41-252065,41,On-Sale Beer & Wine - Eating Place,ACTIVE,OldGrill 64,Anthony Williams Lopez,3784 Pico St,Fremont,CA,95280,Alameda,(925) 585-4657,2011-01-14,2012-01-14
41-683635,41,On-Sale Beer & Wine - Eating Place,ACTIVE,House Alameda 15,Daniel Anderson,3846 2nd Ave #189,Hayward,CA,90420,Alameda,(510) 476-4595,2024-08-28,2025-08-28
41-562033,41,On-Sale Beer & Wine - Eating Place,ACTIVE,Diner Group,Michelle Taylor,8226 Pico Way,Livermore,CA,95909,Alameda,(925) 369-5392,2012-05-06,2013-05-06
41-798981,41,On-Sale Beer & Wine - Eating Place,ACTIVE,Tavern Inc,Lisa Jackson,7597 6th Ln,Oakland,CA,93405,Alameda,(510) 576-7672,2015-03-20,2016-03-20
41-344041,41,On-Sale Beer & Wine - Eating Place,ACTIVE,OldPlace 41,Michael Jackson,5069 Broadway Blvd,Oakland,CA,93273,Alameda,(925) 489-9473,2009-09-18,2010-09-18
41-522741,41,On-Sale Beer & Wine - Eating Place,ACTIVE,Place Oakland,Christopher Jackson Rodriguez,9561 7th Rd,Oakland,CA,93570,Alameda,(925) 656-8781,2005-01-08,2006-01-08
41-160388,41,On-Sale Beer & Wine - Eating Place,ACTIVE,NewBistro Oakland 14,Paul Rodriguez Taylor,6217 Broadway Pl,Oakland,CA,90310,Alameda,(925) 922-1108,2006-07-18,2007-07-18
41-950707,41,On-Sale Beer & Wine - Eating Place,ACTIVE,Cafe Fremont Valley,Maria Wilson,9243 3rd Ln #403,Fremont,CA,95231,Alameda,(510) 973-4702,2008-05-04,2009-05-04
41-376707,41,On-Sale Beer & Wine - Eating Place,ACTIVE,NewTavern Hayward Valley Corp 33,Mark Jackson,4039 Washington Ave #829,Hayward,CA,92593,Alameda,(510) 554-2228,2016-10-19,2017-10-19
41-670682,41,On-Sale Beer & Wine - Eating Place,ACTIVE,Place,Daniel Davis,7219 Oak Blvd,Berkeley,CA,92515,Alameda,(925) 677-2129,2021-04-01,2022-04-01
41-860359,41,On-Sale Beer & Wine - Eating Place,ACTIVE,Place Alameda LLC,Maria Rodriguez,7851 Main Way,Hayward,CA,93521,Alameda,(925) 489-2483,2023-11-06,2024-11-06
41-788757,41,On-Sale Beer & Wine - Eating Place,ACTIVE,Tavern,Robert Brown Thomas,6367 7th St,Berkeley,CA,91398,Alameda,(925) 931-3832,2016-05-05,2017-05-05
41-270917,41,On-Sale Beer & Wine - Eating Place,ACTIVE,House Alameda Inc,Jennifer Smith,8223 4th Rd,Oakland,CA,94792,Alameda,(925) 355-8514,2001-02-12,2002-02-12
41-965517,41,On-Sale Beer & Wine - Eating Place,ACTIVE,Grill Hayward,Maria Lopez,4299 Pico Ln,Hayward,CA,91450,Alameda,(925) 691-8341,2013-06-25,2014-06-25
41-158827,41,On-Sale Beer & Wine - Eating Place,ACTIVE,Eatery Livermore Co,Jennifer Taylor,3125 3rd Ct #205,Livermore,CA,92737,Alameda,(925) 255-6928,2016-03-03,2017-03-03
41-383893,41,On-Sale Beer & Wine - Eating Place,ACTIVE,Diner Alameda,Andrew Brown,5374 3rd Ave #915,Oakland,CA,90108,Alameda,(510) 771-2133,2013-10-10,2014-10-10
41-120436,41,On-Sale Beer & Wine - Eating Place,ACTIVE,Restaurant Alameda Co,Lisa Taylor,2398 1st Pl,Hayward,CA,91684,Alameda,(925) 387-2442,2016-01-11,2017-01-11
41-655025,41,On-Sale Beer & Wine - Eating Place,ACTIVE,Eatery,Anthony Wilson,6332 Broadway Ln,Oakland,CA,90275,Alameda,(510) 732-2955,2003-05-20,2004-05-20
41-516012,41,On-Sale Beer & Wine - Eating Place,ACTIVE,Place,Michelle Lopez,7946 5th Ave,Livermore,CA,91328,Alameda,(510) 286-5960,2005-03-18,2006-03-18
41-873412,41,On-Sale Beer & Wine - Eating Place,ACTIVE,TheCorner Fremont 47,Andrew Taylor Williams,2782 Washington St,Fremont,CA,93537,Alameda,(925) 338-3410,2011-05-11,2012-05-11
41-467700,41,On-Sale Beer & Wine - Eating Place,ACTIVE,OldHouse 16,Anthony Thomas,5569 Oak Pl,Oakland,CA,94733,Alameda,(925) 600-1874,2024-01-17,2025-01-17
41-934138,41,On-Sale Beer & Wine - Eating Place,ACTIVE,House Company,James Lopez,4696 2nd Dr,Hayward,CA,92737,Alameda,(925) 495-5153,2001-04-24,2002-04-24
41-708328,41,On-Sale Beer & Wine - Eating Place,ACTIVE,NewTavern Co 5,James Taylor,7543 Hollywood Ct,Oakland,CA,93304,Alameda,(925) 956-2113,2024-04-19,2025-04-19
41-520923,41,On-Sale Beer & Wine - Eating Place,ACTIVE,Cafe,Matthew Hernandez,8481 6th Way,Fremont,CA,91146,Alameda,(510) 627-5006,2021-07-06,2022-07-06
41-753972,41,On-Sale Beer & Wine - Eating Place,ACTIVE,Spot Alameda,Paul Wilson,6788 Hollywood Blvd #420,Berkeley,CA,94352,Alameda,(925) 544-4389,2003-05-03,2004-05-03
41-943865,41,On-Sale Beer & Wine - Eating Place,ACTIVE,Place Alameda Co,Steven Rodriguez,5105 Main Ln #865,Fremont,CA,92007,Alameda,(510) 674-6648,2002-09-06,2003-09-06
41-799739,41,On-Sale Beer & Wine - Eating Place,ACTIVE,Grill Group,Michelle Martinez,9841 Franklin Ct,Hayward,CA,94519,Alameda,(925) 563-2102,2018-11-09,2019-11-09
41-445307,41,On-Sale Beer & Wine - Eating Place,ACTIVE,Diner Livermore Heights Group,Maria Hernandez,7245 Wilshire St #838,Livermore,CA,94944,Alameda,(925) 960-5244,2010-07-03,2011-07-03
41-549224,41,On-Sale Beer & Wine - Eating Place,ACTIVE,Restaurant Alameda,William Wilson,4802 5th Rd #964,Livermore,CA,94900,Alameda,(510) 886-3343,2002-05-17,2003-05-17
41-136153,41,On-Sale Beer & Wine - Eating Place,ACTIVE,Diner Livermore Group,Jennifer Wilson,253 Main Blvd #195,Livermore,CA,91088,Alameda,(925) 870-3940,2014-04-07,2015-04-07
41-659143,41,On-Sale Beer & Wine - Eating Place,ACTIVE,Diner Livermore,Paul Davis,8348 Lincoln Dr #718,Livermore,CA,95786,Alameda,(510) 900-5435,2016-03-25,2017-03-25
41-463092,41,On-Sale Beer & Wine - Eating Place,ACTIVE,TheCafe 4,Daniel Moore,1593 Lincoln Pl,Livermore,CA,95758,Alameda,(925) 930-3351,2023-04-28,2024-04-28
41-788278,41,On-Sale Beer & Wine - Eating Place,ACTIVE,Spot Corp,Andrew Lopez,3942 Ocean Ave,Fremont,CA,95366,Alameda,(510) 673-6530,2008-03-13,2009-03-13
41-132948,41,On-Sale Beer & Wine - Eating Place,ACTIVE,Tavern,Maria Moore Wilson,9166 Franklin Pl,Oakland,CA,90317,Alameda,(925) 944-4811,2005-09-14,2006-09-14
41-903345,41,On-Sale Beer & Wine - Eating Place,ACTIVE,House 97,John Hernandez,8480 6th Rd,Fremont,CA,92206,Alameda,(925) 378-1319,2004-05-14,2005-05-14
41-521949,41,On-Sale Beer & Wine - Eating Place,ACTIVE,Diner Company,Michelle Williams,7952 Main Ct #119,Oakland,CA,91083,Alameda,(510) 590-5121,2017-04-23,2018-04-23
41-517514,41,On-Sale Beer & Wine - Eating Place,ACTIVE,Diner Co,Matthew Williams,6632 Wilshire Ln,Fremont,CA,94419,Alameda,(510) 762-5078,2006-07-12,2007-07-12
41-181137,41,On-Sale Beer & Wine - Eating Place,ACTIVE,Restaurant,Maria Johnson,2772 Front Rd,Fremont,CA,91620,Alameda,(510) 882-5213,2020-11-10,2021-11-10
41-251361,41,On-Sale Beer & Wine - Eating Place,ACTIVE,TheEatery Alameda 96,Michael Wilson,9993 1st Way,Fremont,CA,91813,Alameda,(510) 376-2139,2008-08-03,2009-08-03
41-326758,41,On-Sale Beer & Wine - Eating Place,ACTIVE,Place Oakland,Anthony Smith,2181 Sunset Dr,Oakland,CA,91287,Alameda,(510) 936-9615,2011-08-11,2012-08-11
41-554999,41,On-Sale Beer & Wine - Eating Place,ACTIVE,Grill Berkeley,Paul Smith,9113 Oak Blvd #405,Berkeley,CA,90022,Alameda,(510) 449-8999,2004-12-12,2005-12-12
41-597681,41,On-Sale Beer & Wine - Eating Place,ACTIVE,NewKitchen 13,William Johnson,2102 6th St,Hayward,CA,91288,Alameda,(925) 948-8660,2016-04-21,2017-04-21
41-945769,41,On-Sale Beer & Wine - Eating Place,ACTIVE,Bistro,Robert Martinez,9167 Ocean Blvd,Berkeley,CA,90372,Alameda,(510) 632-7060,2007-10-10,2008-10-10
41-422688,41,On-Sale Beer & Wine - Eating Place,ACTIVE,Place Alameda Corp 11,Jennifer Hernandez,5552 Maple Blvd,Berkeley,CA,90826,Alameda,(510) 859-7811,2001-06-25,2002-06-25
41-221971,41,On-Sale Beer & Wine - Eating Place,ACTIVE,Grill,Paul Johnson,3359 Ocean Dr #477,Hayward,CA,92064,Alameda,(510) 978-6802,2004-11-05,2005-11-05
41-217157,41,On-Sale Beer & Wine - Eating Place,ACTIVE,Diner 31,Paul Anderson,8828 Oak Blvd,Berkeley,CA,94263,Alameda,(510) 931-1093,2013-07-07,2014-07-07
41-275462,41,On-Sale Beer & Wine - Eating Place,ACTIVE,House Berkeley Corp,Anthony Jackson,7736 Jefferson Pl,Berkeley,CA,91980,Alameda,(510) 542-8240,2002-11-25,2003-11-25
41-125616,41,On-Sale Beer & Wine - Eating Place,ACTIVE,Corner Hayward Hills,Robert Martin,8105 Maple Rd,Hayward,CA,92753,Alameda,(510) 444-5460,2008-06-09,2009-06-09
41-946597,41,On-Sale Beer & Wine - Eating Place,ACTIVE,House Berkeley LLC,Michelle Lopez,150 4th Ln,Berkeley,CA,96033,Alameda,(510) 966-6429,2024-11-28,2025-11-28
41-772971,41,On-Sale Beer & Wine - Eating Place,ACTIVE,Cafe,Steven Miller,3080 State Dr #939,Livermore,CA,95091,Alameda,(510) 772-9038,2018-03-16,2019-03-16
41-939291,41,On-Sale Beer & Wine - Eating Place,ACTIVE,House Alameda Inc,James Garcia Rodriguez,3665 2nd Way #403,Fremont,CA,92837,Alameda,(925) 857-5730,2004-02-12,2005-02-12
41-851674,41,On-Sale Beer & Wine - Eating Place,ACTIVE,Eatery LLC,John Williams Anderson,8472 Lincoln Pl #124,Fremont,CA,90377,Alameda,(925) 297-3416,2016-11-19,2017-11-19
41-993301,41,On-Sale Beer & Wine - Eating Place,ACTIVE,Restaurant Oakland Co,Anthony Jackson,6054 Oak Ln #317,Oakland,CA,90477,Alameda,(510) 940-2728,2024-08-04,2025-08-04
41-278506,41,On-Sale Beer & Wine - Eating Place,ACTIVE,Restaurant,Maria Jones,470 Ocean Ln #222,Hayward,CA,90030,Alameda,(510) 713-4957,2008-10-11,2009-10-11
41-282990,41,On-Sale Beer & Wine - Eating Place,ACTIVE,Cafe Alameda,Mark Moore,4079 Hollywood Ct,Hayward,CA,95590,Alameda,(925) 974-6182,2015-06-04,2016-06-04
41-285595,41,On-Sale Beer & Wine - Eating Place,ACTIVE,Grill Livermore Hills,Kenneth Wilson,5564 Sunset Ln,Livermore,CA,90454,Alameda,(510) 876-1746,2003-11-03,2004-11-03
41-816822,41,On-Sale Beer & Wine - Eating Place,ACTIVE,Kitchen Alameda Group,Paul Lopez,7826 3rd Ln,Fremont,CA,91025,Alameda,(925) 740-7918,2004-08-11,2005-08-11
41-427684,41,On-Sale Beer & Wine - Eating Place,ACTIVE,NewCorner Berkeley 29,Steven Wilson,9867 Washington Ct,Berkeley,CA,90034,Alameda,(925) 464-4315,2011-07-06,2012-07-06
41-681547,41,On-Sale Beer & Wine - Eating Place,ACTIVE,OldRestaurant Berkeley Hills Inc 34,Jennifer Williams,8736 State Pl,Berkeley,CA,95139,Alameda,(925) 440-8490,2006-05-18,2007-05-18
41-356031,41,On-Sale Beer & Wine - Eating Place,ACTIVE,Grill,Lisa Gonzalez,2374 7th Ave,Oakland,CA,93757,Alameda,(925) 648-2480,2009-08-19,2010-08-19
41-191064,41,On-Sale Beer & Wine - Eating Place,ACTIVE,OldDiner Livermore Inc 47,John Garcia Wilson,209 Maple Ct #475,Livermore,CA,93829,Alameda,(925) 339-2522,2009-04-19,2010-04-19
41-668261,41,On-Sale Beer & Wine - Eating Place,ACTIVE,TheGrill Hayward Co 26,Kenneth Davis Brown,3328 1st Ave,Hayward,CA,90539,Alameda,(925) 610-5747,2004-11-13,2005-11-13
41-651262,41,On-Sale Beer & Wine - Eating Place,ACTIVE,ThePlace Fremont Heights Co 23,Robert Davis,7293 Pico Way #264,Fremont,CA,92398,Alameda,(925) 422-8061,2014-02-13,2015-02-13
41-508556,41,On-Sale Beer & Wine - Eating Place,ACTIVE,Eatery,Maria Miller,1661 7th Ave,Fremont,CA,92054,Alameda,(925) 579-8970,2007-03-14,2008-03-14
41-733195,41,On-Sale Beer & Wine - Eating Place,ACTIVE,Corner Livermore Company,David Rodriguez,9685 Jefferson Pl,Livermore,CA,91155,Alameda,(925) 782-3261,2009-01-23,2010-01-23
41-778317,41,On-Sale Beer & Wine - Eating Place,ACTIVE,Diner,James Johnson,830 2nd Ave,Livermore,CA,91607,Alameda,(510) 671-9913,2018-02-13,2019-02-13
41-665691,41,On-Sale Beer & Wine - Eating Place,ACTIVE,House 77,Matthew Hernandez,7739 Madison Way #789,Berkeley,CA,91778,Alameda,(925) 503-2838,2022-04-23,2023-04-23
41-919508,41,On-Sale Beer & Wine - Eating Place,ACTIVE,NewBistro Alameda Inc 34,David Miller Miller,4356 Broadway Ave,Hayward,CA,95107,Alameda,(510) 770-7888,2021-06-09,2022-06-09
41-269300,41,On-Sale Beer & Wine - Eating Place,ACTIVE,NewEatery Alameda LLC 1,David Moore,2160 2nd St,Hayward,CA,93444,Alameda,(925) 513-5654,2015-12-21,2016-12-21
41-559402,41,On-Sale Beer & Wine - Eating Place,ACTIVE,NewEatery 12,David Anderson,1720 2nd Ln,Livermore,CA,94055,Alameda,(510) 584-7963,2024-10-08,2025-10-08
41-221665,41,On-Sale Beer & Wine - Eating Place,ACTIVE,NewBistro Alameda 27,Mark Moore,227 Front Way #946,Livermore,CA,95506,Alameda,(510) 722-6493,2000-04-12,2001-04-12
41-734826,41,On-Sale Beer & Wine - Eating Place,ACTIVE,Kitchen 17,Kenneth Martin Garcia,7506 Market Pl,Fremont,CA,92361,Alameda,(925) 441-4106,2014-02-04,2015-02-04
41-229006,41,On-Sale Beer & Wine - Eating Place,ACTIVE,Spot Hayward,Lisa Martin,4823 Ocean Ave,Hayward,CA,91515,Alameda,(925) 792-5291,2015-04-22,2016-04-22
41-370555,41,On-Sale Beer & Wine - Eating Place,ACTIVE,Bistro Co,Lisa Williams,3015 7th St,Berkeley,CA,91082,Alameda,(510) 691-6578,2004-10-01,2005-10-01
41-747764,41,On-Sale Beer & Wine - Eating Place,ACTIVE,TheHouse Co 35,Daniel Williams,1914 1st Dr #541,Fremont,CA,94092,Alameda,(510) 314-3226,2008-05-25,2009-05-25
41-830839,41,On-Sale Beer & Wine - Eating Place,ACTIVE,Tavern,Matthew Rodriguez,6828 State Way,Oakland,CA,92458,Alameda,(510) 306-8474,2016-09-01,2017-09-01
41-806510,41,On-Sale Beer & Wine - Eating Place,ACTIVE,Spot,Michael Hernandez,305 Maple Blvd,Hayward,CA,93106,Alameda,(510) 704-5509,2014-10-15,2015-10-15
41-139193,41,On-Sale Beer & Wine - Eating Place,ACTIVE,TheTavern Alameda 38,Robert Johnson,7148 Oak Blvd,Oakland,CA,92085,Alameda,(925) 886-3027,2017-07-12,2018-07-12
41-475708,41,On-Sale Beer & Wine - Eating Place,ACTIVE,Eatery Hayward Hills,Robert Smith Martin,9330 6th Rd,Hayward,CA,95024,Alameda,(510) 972-8776,2005-03-20,2006-03-20
41-687765,41,On-Sale Beer & Wine - Eating Place,ACTIVE,Cafe Hayward Valley,Anthony Taylor,916 Hollywood Ln #638,Hayward,CA,92033,Alameda,(510) 277-4308,2012-09-12,2013-09-12
41-812809,41,On-Sale Beer & Wine - Eating Place,ACTIVE,House LLC 16,Maria Anderson,6609 Market Ct #178,Fremont,CA,90957,Alameda,(510) 578-2544,2008-06-17,2009-06-17
41-142577,41,On-Sale Beer & Wine - Eating Place,ACTIVE,OldRestaurant 40,Matthew Gonzalez,7496 Oak Way,Oakland,CA,92695,Alameda,(925) 662-9701,2004-03-22,2005-03-22
41-362480,41,On-Sale Beer & Wine - Eating Place,ACTIVE,Eatery Co,William Miller,4869 4th St,Livermore,CA,90017,Alameda,(925) 923-6108,2003-07-22,2004-07-22
41-119609,41,On-Sale Beer & Wine - Eating Place,ACTIVE,Corner Hayward Hills,William Davis,2726 Mission Pl,Hayward,CA,93114,Alameda,(510) 312-3528,2021-08-06,2022-08-06
41-849148,41,On-Sale Beer & Wine - Eating Place,ACTIVE,Grill Oakland Valley Inc 86,Anthony Williams,4760 4th Way,Oakland,CA,92835,Alameda,(510) 487-1337,2017-08-03,2018-08-03
41-379362,41,On-Sale Beer & Wine - Eating Place,ACTIVE,Restaurant,Kenneth Brown,3243 Madison St,Hayward,CA,93637,Alameda,(510) 716-9288,2008-12-06,2009-12-06
41-571323,41,On-Sale Beer & Wine - Eating Place,ACTIVE,Kitchen Corp,Daniel Williams,7505 State Blvd,Livermore,CA,92094,Alameda,(925) 267-3026,2007-03-11,2008-03-11
41-128616,41,On-Sale Beer & Wine - Eating Place,ACTIVE,Diner Group,William Martin,2607 5th St,Hayward,CA,91281,Alameda,(925) 774-6207,2004-07-28,2005-07-28
41-494247,41,On-Sale Beer & Wine - Eating Place,ACTIVE,Corner Alameda,Anthony Martinez,303 Washington Blvd #989,Fremont,CA,94125,Alameda,(925) 718-4470,2004-10-06,2005-10-06
41-988813,41,On-Sale Beer & Wine - Eating Place,ACTIVE,Bistro Alameda,David Williams,5459 Main Rd #205,Oakland,CA,91325,Alameda,(925) 263-5607,2011-03-11,2012-03-11
41-186236,41,On-Sale Beer & Wine - Eating Place,ACTIVE,Bistro LLC,Maria Hernandez,3070 1st Ct,Berkeley,CA,90095,Alameda,(510) 909-9240,2009-03-17,2010-03-17
41-657242,41,On-Sale Beer & Wine - Eating Place,ACTIVE,Cafe,Mark Garcia,232 Jefferson Ln #689,Fremont,CA,93472,Alameda,(925) 988-1196,2019-07-23,2020-07-23
41-235894,41,On-Sale Beer & Wine - Eating Place,ACTIVE,Cafe Inc,Lisa Davis Garcia,1667 Market Ave,Livermore,CA,94346,Alameda,(510) 916-3699,2021-06-05,2022-06-05
41-569816,41,On-Sale Beer & Wine - Eating Place,ACTIVE,Restaurant Hayward,Michael Jackson,9189 Wilshire Ct,Hayward,CA,92404,Alameda,(925) 889-2657,2000-11-12,2001-11-12
41-670019,41,On-Sale Beer & Wine - Eating Place,ACTIVE,Kitchen Company,Andrew Moore,9467 4th Blvd #637,Berkeley,CA,91553,Alameda,(925) 695-3493,2017-05-02,2018-05-02
41-583544,41,On-Sale Beer & Wine - Eating Place,ACTIVE,NewDiner 9,David Moore,1584 Front Ln #373,Oakland,CA,90226,Alameda,(510) 675-2983,2016-08-20,2017-08-20
41-228611,41,On-Sale Beer & Wine - Eating Place,ACTIVE,Spot Group,John Martinez,4526 5th Way,Hayward,CA,90222,Alameda,(510) 353-9661,2003-06-15,2004-06-15
41-208837,41,On-Sale Beer & Wine - Eating Place,ACTIVE,NewKitchen 63,Steven Williams,3481 Sunset Pl,Oakland,CA,93245,Alameda,(925) 227-1250,2018-07-09,2019-07-09
41-529101,41,On-Sale Beer & Wine - Eating Place,ACTIVE,Cafe Hayward,Steven Gonzalez,1066 Jefferson Ct,Hayward,CA,90246,Alameda,(925) 395-6313,2018-10-04,2019-10-04
41-651052,41,On-Sale Beer & Wine - Eating Place,ACTIVE,Place Alameda Group,Matthew Anderson,9613 Ocean Ct #154,Oakland,CA,90724,Alameda,(510) 704-9243,2010-11-22,2011-11-22
41-666418,41,On-Sale Beer & Wine - Eating Place,ACTIVE,House Co,Matthew Brown,1485 6th Rd #658,Hayward,CA,90703,Alameda,(510) 926-5709,2022-02-02,2023-02-02
41-139200,41,On-Sale Beer & Wine - Eating Place,ACTIVE,Diner Corp,Michelle Jackson,5608 3rd Ave,Hayward,CA,92291,Alameda,(925) 424-1018,2009-10-05,2010-10-05
41-351209,41,On-Sale Beer & Wine - Eating Place,ACTIVE,Place,Robert Davis,9210 2nd St,Livermore,CA,94876,Alameda,(510) 468-3702,2022-01-26,2023-01-26
41-845188,41,On-Sale Beer & Wine - Eating Place,ACTIVE,Place Inc,Maria Moore,4470 6th Dr,Berkeley,CA,92885,Alameda,(510) 816-1390,2021-08-06,2022-08-06
41-593435,41,On-Sale Beer & Wine - Eating Place,ACTIVE,Grill Corp,Lisa Martinez,5881 Ocean Dr,Berkeley,CA,92151,Alameda,(925) 638-2342,2005-01-20,2006-01-20
41-750140,41,On-Sale Beer & Wine - Eating Place,ACTIVE,Grill Company,Steven Wilson,714 Hollywood Dr,Berkeley,CA,91055,Alameda,(925) 564-5080,2018-03-24,2019-03-24
41-782951,41,On-Sale Beer & Wine - Eating Place,ACTIVE,NewBistro LLC 77,Daniel Smith,7414 Pico Ave #844,Fremont,CA,91477,Alameda,(510) 597-5225,2020-03-06,2021-03-06
41-711897,41,On-Sale Beer & Wine - Eating Place,ACTIVE,Tavern Co 10,Steven Williams Martin,4629 Maple St,Hayward,CA,94320,Alameda,(925) 621-4077,2015-07-01,2016-07-01
41-168887,41,On-Sale Beer & Wine - Eating Place,ACTIVE,Grill Livermore Hills LLC,Mark Martin,7281 Wilshire Rd,Livermore,CA,93409,Alameda,(925) 838-9391,2001-10-05,2002-10-05
41-979544,41,On-Sale Beer & Wine - Eating Place,ACTIVE,Restaurant Fremont Valley,Daniel Johnson,9599 Maple Rd,Fremont,CA,93688,Alameda,(510) 867-1672,2013-01-26,2014-01-26
41-740605,41,On-Sale Beer & Wine - Eating Place,ACTIVE,Cafe Alameda Corp 53,Anthony Johnson,7053 Pico Ave #669,Berkeley,CA,94017,Alameda,(510) 866-5586,2018-12-07,2019-12-07
41-806867,41,On-Sale Beer & Wine - Eating Place,ACTIVE,NewCafe Oakland Valley Company 74,James Taylor Johnson,7073 Main Blvd,Oakland,CA,93770,Alameda,(925) 469-9688,2008-10-13,2009-10-13
41-784083,41,On-Sale Beer & Wine - Eating Place,ACTIVE,Tavern,Maria Davis Rodriguez,875 6th Pl,Oakland,CA,94123,Alameda,(510) 240-9799,2008-01-13,2009-01-13
41-915291,41,On-Sale Beer & Wine - Eating Place,ACTIVE,NewHouse 52,David Martin Martin,7881 6th Pl #220,Fremont,CA,92751,Alameda,(925) 311-5475,2001-07-22,2002-07-22
41-684122,41,On-Sale Beer & Wine - Eating Place,ACTIVE,Bistro Alameda,Lisa Rodriguez,9442 Jefferson Rd,Berkeley,CA,91607,Alameda,(510) 722-8458,2005-01-11,2006-01-11
41-471143,41,On-Sale Beer & Wine - Eating Place,ACTIVE,OldTavern Berkeley Valley Inc 88,Matthew Wilson Williams,595 1st Way,Berkeley,CA,94484,Alameda,(925) 394-2919,2007-02-03,2008-02-03
41-755603,41,On-Sale Beer & Wine - Eating Place,ACTIVE,Tavern Fremont Valley,Kenneth Thomas,9743 Maple Ln #472,Fremont,CA,90767,Alameda,(510) 541-9409,2008-08-20,2009-08-20
41-551563,41,On-Sale Beer & Wine - Eating Place,ACTIVE,OldKitchen 62,Maria Smith,5191 7th Way,Livermore,CA,92908,Alameda,(925) 381-3992,2011-02-17,2012-02-17
41-618505,41,On-Sale Beer & Wine - Eating Place,ACTIVE,TheSpot Company 42,Mark Wilson Hernandez,1393 Market Way #106,Berkeley,CA,90822,Alameda,(925) 812-1863,2021-08-12,2022-08-12
41-477049,41,On-Sale Beer & Wine - Eating Place,ACTIVE,Kitchen Fremont Hills LLC,Robert Thomas,6604 5th Way,Fremont,CA,93949,Alameda,(510) 954-9782,2022-02-28,2023-02-28
41-122713,41,On-Sale Beer & Wine - Eating Place,ACTIVE,Bistro Alameda 63,William Brown,6831 Washington Pl,Fremont,CA,95434,Alameda,(510) 657-8232,2008-08-03,2009-08-03
41-170054,41,On-Sale Beer & Wine - Eating Place,ACTIVE,Grill Fremont Corp,Lisa Hernandez,495 Pico Rd,Fremont,CA,94909,Alameda,(925) 233-6751,2004-07-21,2005-07-21
41-201709,41,On-Sale Beer & Wine - Eating Place,ACTIVE,Tavern Co 68,Paul Martinez,137 Market St #808,Fremont,CA,95643,Alameda,(925) 849-7646,2010-11-24,2011-11-24
41-583029,41,On-Sale Beer & Wine - Eating Place,ACTIVE,TheRestaurant 100,Michelle Garcia,9720 3rd Ln #861,Berkeley,CA,95983,Alameda,(510) 817-1550,2011-07-18,2012-07-18
41-285879,41,On-Sale Beer & Wine - Eating Place,ACTIVE,NewCorner Oakland Hills 89,Maria Williams Martinez,455 Market Ave,Oakland,CA,91406,Alameda,(925) 944-1715,2023-05-28,2024-05-28
41-380345,41,On-Sale Beer & Wine - Eating Place,ACTIVE,NewGrill Berkeley Heights Inc 30,William Lopez,1403 Main Dr #428,Berkeley,CA,92991,Alameda,(510) 291-8139,2009-03-15,2010-03-15
41-444959,41,On-Sale Beer & Wine - Eating Place,ACTIVE,NewEatery Inc 28,Michelle Hernandez,5271 3rd Way,Livermore,CA,95095,Alameda,(510) 350-8773,2017-02-04,2018-02-04
41-245728,41,On-Sale Beer & Wine - Eating Place,ACTIVE,Bistro,Kenneth Rodriguez,6718 Ocean Ln #574,Livermore,CA,95164,Alameda,(925) 441-2111,2020-04-04,2021-04-04
41-592423,41,On-Sale Beer & Wine - Eating Place,ACTIVE,Kitchen Alameda,Maria Hernandez,990 Washington Rd,Berkeley,CA,94668,Alameda,(925) 659-6948,2013-12-02,2014-12-02
41-226138,41,On-Sale Beer & Wine - Eating Place,ACTIVE,Grill 76,Steven Jones,9774 Ocean Ct,Livermore,CA,93938,Alameda,(925) 438-6710,2011-08-08,2012-08-08
41-458943,41,On-Sale Beer & Wine - Eating Place,ACTIVE,Grill Livermore,Michael Smith,8446 Jefferson St,Livermore,CA,95854,Alameda,(925) 382-9289,2020-06-26,2021-06-26
41-884926,41,On-Sale Beer & Wine - Eating Place,ACTIVE,House Hayward Valley Inc,Andrew Jones Martinez,7065 Mission Way #499,Hayward,CA,93627,Alameda,(925) 600-4863,2020-12-20,2021-12-20
41-280609,41,On-Sale Beer & Wine - Eating Place,ACTIVE,House Alameda LLC,Anthony Jackson Taylor,4124 State St,Oakland,CA,91392,Alameda,(925) 947-3215,2006-07-17,2007-07-17
41-615641,41,On-Sale Beer & Wine - Eating Place,ACTIVE,TheGrill Alameda 29,Lisa Wilson Gonzalez,4064 4th Ln,Livermore,CA,91091,Alameda,(925) 940-8863,2009-10-28,2010-10-28
41-670809,41,On-Sale Beer & Wine - Eating Place,ACTIVE,NewRestaurant Group 3,Jennifer Taylor,5760 Sunset Rd,Oakland,CA,90555,Alameda,(925) 786-1709,2008-09-24,2009-09-24
41-672535,41,On-Sale Beer & Wine - Eating Place,ACTIVE,Place Alameda,Anthony Davis,2183 Lincoln Ave,Fremont,CA,92407,Alameda,(510) 674-2711,2018-01-21,2019-01-21
41-499941,41,On-Sale Beer & Wine - Eating Place,ACTIVE,OldDiner 51,Paul Hernandez,8713 Jefferson Ct,Hayward,CA,92178,Alameda,(510) 425-7817,2013-10-11,2014-10-11
41-745542,41,On-Sale Beer & Wine - Eating Place,ACTIVE,Place,Steven Martinez Miller,9862 Maple Rd,Hayward,CA,92563,Alameda,(925) 585-5150,2010-02-01,2011-02-01
41-886157,41,On-Sale Beer & Wine - Eating Place,ACTIVE,Restaurant Fremont Group,Christopher Jackson,9505 Pico Ave,Fremont,CA,92038,Alameda,(925) 776-6513,2020-01-21,2021-01-21
41-926835,41,On-Sale Beer & Wine - Eating Place,ACTIVE,Place Alameda Company 92,Andrew Gonzalez Anderson,769 Broadway Rd,Fremont,CA,91900,Alameda,(925) 334-7343,2002-06-13,2003-06-13
41-304709,41,On-Sale Beer & Wine - Eating Place,ACTIVE,Restaurant Oakland Valley Company,Robert Hernandez,1015 Wilshire Dr,Oakland,CA,93195,Alameda,(925) 891-2194,2024-10-18,2025-10-18
41-713441,41,On-Sale Beer & Wine - Eating Place,ACTIVE,House,David Wilson,1553 Mission Rd,Oakland,CA,92529,Alameda,(510) 379-3657,2009-08-13,2010-08-13
41-257319,41,On-Sale Beer & Wine - Eating Place,ACTIVE,TheHouse 17,Maria Taylor,6651 Ocean Ave,Berkeley,CA,90428,Alameda,(510) 549-4777,2005-02-15,2006-02-15
41-126038,41,On-Sale Beer & Wine - Eating Place,ACTIVE,Place Alameda,Mark Rodriguez,1338 Ocean Ave,Livermore,CA,92509,Alameda,(925) 309-6645,2016-07-24,2017-07-24
41-625970,41,On-Sale Beer & Wine - Eating Place,ACTIVE,Tavern Livermore 38,William Taylor,510 1st St,Livermore,CA,94628,Alameda,(510) 497-2605,2017-11-08,2018-11-08
41-201843,41,On-Sale Beer & Wine - Eating Place,ACTIVE,Cafe Alameda Corp,Christopher Miller,9100 4th Pl,Oakland,CA,90228,Alameda,(510) 793-2030,2005-10-10,2006-10-10
41-292107,41,On-Sale Beer & Wine - Eating Place,ACTIVE,Diner Alameda LLC,Lisa Taylor,1453 7th Rd #679,Hayward,CA,95020,Alameda,(510) 451-1245,2015-07-06,2016-07-06
41-757500,41,On-Sale Beer & Wine - Eating Place,ACTIVE,Cafe Livermore,John Smith,924 1st St #551,Livermore,CA,92681,Alameda,(925) 613-5021,2017-05-17,2018-05-17
41-842235,41,On-Sale Beer & Wine - Eating Place,ACTIVE,House Fremont Group,Maria Rodriguez,7768 Front Dr,Fremont,CA,95744,Alameda,(510) 312-8240,2016-07-22,2017-07-22
41-137476,41,On-Sale Beer & Wine - Eating Place,ACTIVE,Kitchen,Robert Lopez Williams,5194 3rd Rd,Berkeley,CA,95754,Alameda,(510) 587-7099,2015-07-13,2016-07-13
41-454125,41,On-Sale Beer & Wine - Eating Place,ACTIVE,TheEatery 39,James Jones,6005 2nd Ln,Oakland,CA,92134,Alameda,(510) 288-8616,2024-11-05,2025-11-05
41-440964,41,On-Sale Beer & Wine - Eating Place,ACTIVE,Kitchen Corp 53,Robert Miller,792 Franklin Blvd,Berkeley,CA,95370,Alameda,(510) 839-3636,2018-12-16,2019-12-16
41-504256,41,On-Sale Beer & Wine - Eating Place,ACTIVE,Tavern,Robert Jones,9489 4th Dr,Oakland,CA,93849,Alameda,(925) 890-3420,2014-05-13,2015-05-13
41-912511,41,On-Sale Beer & Wine - Eating Place,ACTIVE,Eatery Oakland LLC,Michelle Lopez,1853 State Blvd,Oakland,CA,90489,Alameda,(510) 799-2129,2020-04-15,2021-04-15
41-775752,41,On-Sale Beer & Wine - Eating Place,ACTIVE,Grill Oakland Hills,Michael Thomas,5021 Lincoln Blvd,Oakland,CA,92524,Alameda,(510) 689-5616,2016-12-13,2017-12-13
41-882904,41,On-Sale Beer & Wine - Eating Place,ACTIVE,TheHouse Hayward Co 14,James Williams,4792 Broadway Ct #362,Hayward,CA,93671,Alameda,(925) 535-7399,2003-09-17,2004-09-17
41-310689,41,On-Sale Beer & Wine - Eating Place,ACTIVE,Spot Co,Jennifer Taylor,9390 Broadway Rd #628,Oakland,CA,93033,Alameda,(925) 627-9857,2009-04-17,2010-04-17
41-602919,41,On-Sale Beer & Wine - Eating Place,ACTIVE,Eatery Inc,Michael Martin,1116 Front Dr,Livermore,CA,94210,Alameda,(925) 869-8675,2018-08-27,2019-08-27
41-852239,41,On-Sale Beer & Wine - Eating Place,ACTIVE,Restaurant Alameda,Matthew Rodriguez Miller,2624 Wilshire Ct,Oakland,CA,90126,Alameda,(510) 696-1090,2016-11-03,2017-11-03
41-632436,41,On-Sale Beer & Wine - Eating Place,ACTIVE,Place Fremont Corp 71,Maria Gonzalez,8485 Pico Ct,Fremont,CA,93615,Alameda,(510) 993-3691,2001-11-19,2002-11-19
41-637422,41,On-Sale Beer & Wine - Eating Place,ACTIVE,Place,Maria Jackson,6094 Franklin Ct #479,Oakland,CA,94912,Alameda,(925) 248-5419,2003-08-27,2004-08-27
41-524704,41,On-Sale Beer & Wine - Eating Place,ACTIVE,Diner Co,Kenneth Martinez,8051 Broadway Pl,Livermore,CA,91657,Alameda,(510) 691-4758,2008-03-24,2009-03-24
41-996880,41,On-Sale Beer & Wine - Eating Place,ACTIVE,Tavern Livermore,Andrew Brown,3450 3rd Ln,Livermore,CA,90543,Alameda,(925) 790-5374,2011-01-12,2012-01-12
41-978621,41,On-Sale Beer & Wine - Eating Place,ACTIVE,OldHouse 22,Maria Davis Martin,6518 Front Ct #670,Berkeley,CA,96144,Alameda,(510) 631-8565,2022-06-12,2023-06-12
41-297276,41,On-Sale Beer & Wine - Eating Place,ACTIVE,Cafe Oakland Hills Company,Maria Miller,2990 4th Blvd,Oakland,CA,93438,Alameda,(925) 948-8826,2015-12-09,2016-12-09
41-799436,41,On-Sale Beer & Wine - Eating Place,ACTIVE,Grill Oakland,Steven Brown,8715 Ocean Dr,Oakland,CA,90808,Alameda,(510) 983-4786,2003-02-28,2004-02-28
41-409067,41,On-Sale Beer & Wine - Eating Place,ACTIVE,OldRestaurant 38,William Taylor,7981 Franklin Blvd #434,Hayward,CA,92742,Alameda,(925) 418-9226,2003-12-21,2004-12-21
41-670371,41,On-Sale Beer & Wine - Eating Place,ACTIVE,Diner,William Martin,4643 Jefferson Pl,Oakland,CA,93875,Alameda,(510) 481-3362,2014-12-11,2015-12-11
41-962152,41,On-Sale Beer & Wine - Eating Place,ACTIVE,Diner Inc,Andrew Taylor,6172 5th Ave,Livermore,CA,93846,Alameda,(510) 939-2779,2006-10-08,2007-10-08
41-466546,41,On-Sale Beer & Wine - Eating Place,ACTIVE,Corner Inc,Maria Jones Miller,8153 Lincoln St #845,Oakland,CA,90844,Alameda,(925) 874-4866,2022-12-25,2023-12-25
41-693330,41,On-Sale Beer & Wine - Eating Place,ACTIVE,Diner Company,Kenneth Thomas Smith,8456 Maple Pl,Oakland,CA,92475,Alameda,(925) 889-2380,2001-02-26,2002-02-26
41-544750,41,On-Sale Beer & Wine - Eating Place,ACTIVE,NewRestaurant Inc 11,Michelle Anderson,6091 Madison Blvd,Berkeley,CA,91099,Alameda,(925) 238-7329,2001-08-09,2002-08-09
41-617394,41,On-Sale Beer & Wine - Eating Place,ACTIVE,Grill Oakland Inc,Matthew Martin Jackson,4678 Front Dr,Oakland,CA,91507,Alameda,(925) 225-9333,2021-12-11,2022-12-11
41-908689,41,On-Sale Beer & Wine - Eating Place,ACTIVE,Eatery Corp,David Taylor,2511 Sunset Ln,Fremont,CA,91790,Alameda,(925) 989-5160,2004-01-07,2005-01-07
41-893976,41,On-Sale Beer & Wine - Eating Place,ACTIVE,OldRestaurant Group 92,Anthony Smith,2411 Front Pl,Fremont,CA,94408,Alameda,(925) 517-3071,2016-06-20,2017-06-20
41-186618,41,On-Sale Beer & Wine - Eating Place,ACTIVE,Diner,John Williams,4062 Jefferson Rd,Oakland,CA,93185,Alameda,(925) 431-6487,2016-11-06,2017-11-06
41-301703,41,On-Sale Beer & Wine - Eating Place,ACTIVE,Corner Inc,Mark Wilson,6570 Washington St #854,Oakland,CA,94251,Alameda,(510) 529-8118,2018-09-22,2019-09-22
41-732742,41,On-Sale Beer & Wine - Eating Place,ACTIVE,Diner Alameda,Maria Martin Moore,4896 Madison Rd,Hayward,CA,92492,Alameda,(925) 438-4195,2010-09-10,2011-09-10
41-312030,41,On-Sale Beer & Wine - Eating Place,ACTIVE,OldHouse Fremont Heights Inc 30,John Smith,9632 Main St,Fremont,CA,90903,Alameda,(925) 543-8172,2018-12-03,2019-12-03
41-631305,41,On-Sale Beer & Wine - Eating Place,ACTIVE,Tavern Oakland Heights Co,Anthony Taylor Taylor,2338 Washington Ln,Oakland,CA,93779,Alameda,(925) 530-8790,2008-04-14,2009-04-14
41-490082,41,On-Sale Beer & Wine - Eating Place,ACTIVE,Cafe,Daniel Jackson,5226 Franklin Dr,Oakland,CA,93430,Alameda,(510) 448-6218,2016-01-28,2017-01-28
41-670576,41,On-Sale Beer & Wine - Eating Place,ACTIVE,Corner,Kenneth Johnson,4283 Ocean Ct,Livermore,CA,95797,Alameda,(925) 858-9905,2008-05-07,2009-05-07
41-678034,41,On-Sale Beer & Wine - Eating Place,ACTIVE,Restaurant Group,Michael Smith,1951 1st St,Berkeley,CA,95644,Alameda,(925) 735-8412,2005-09-20,2006-09-20
41-645809,41,On-Sale Beer & Wine - Eating Place,ACTIVE,Restaurant Hayward,Michael Wilson,9597 Broadway Rd,Hayward,CA,95652,Alameda,(510) 338-2985,2011-07-06,2012-07-06
41-873147,41,On-Sale Beer & Wine - Eating Place,ACTIVE,House,Mark Hernandez,1541 4th Dr,Berkeley,CA,91012,Alameda,(510) 793-2769,2008-06-26,2009-06-26
41-896615,41,On-Sale Beer & Wine - Eating Place,ACTIVE,NewPlace Fremont Valley Co 78,Kenneth Wilson,4318 Franklin Way,Fremont,CA,93195,Alameda,(510) 893-8263,2005-04-05,2006-04-05
41-423018,41,On-Sale Beer & Wine - Eating Place,ACTIVE,Cafe,Mark Miller Smith,6796 Wilshire Rd,Livermore,CA,92801,Alameda,(510) 667-3621,2014-05-24,2015-05-24
41-971806,41,On-Sale Beer & Wine - Eating Place,ACTIVE,OldCorner Co 55,Mark Jones,8617 Hollywood Dr,Oakland,CA,92302,Alameda,(510) 243-2465,2013-12-10,2014-12-10
41-119743,41,On-Sale Beer & Wine - Eating Place,ACTIVE,TheKitchen 100,Maria Gonzalez Anderson,1586 Main St,Berkeley,CA,92888,Alameda,(510) 647-6769,2019-07-09,2020-07-09
41-295117,41,On-Sale Beer & Wine - Eating Place,ACTIVE,Corner Fremont LLC,Michael Martinez,6971 Sunset Dr #863,Fremont,CA,95164,Alameda,(925) 882-1054,2014-12-12,2015-12-12
41-250973,41,On-Sale Beer & Wine - Eating Place,ACTIVE,Bistro Oakland,Kenneth Hernandez,3973 Madison Dr #698,Oakland,CA,92246,Alameda,(925) 473-6901,2017-03-09,2018-03-09
41-622750,41,On-Sale Beer & Wine - Eating Place,ACTIVE,Grill,Paul Martin,1179 State Rd #962,Livermore,CA,90441,Alameda,(510) 824-1445,2019-10-04,2020-10-04
41-550167,41,On-Sale Beer & Wine - Eating Place,ACTIVE,TheCafe Fremont Hills LLC 21,Jennifer Jackson,1348 5th Ct,Fremont,CA,91269,Alameda,(925) 885-3573,2015-04-06,2016-04-06
41-477092,41,On-Sale Beer & Wine - Eating Place,ACTIVE,Grill Group,Lisa Jones,3061 Wilshire Pl #666,Fremont,CA,93817,Alameda,(925) 596-9728,2007-04-04,2008-04-04
41-229813,41,On-Sale Beer & Wine - Eating Place,ACTIVE,NewEatery Alameda 66,Matthew Anderson,9013 Pico Rd,Livermore,CA,93749,Alameda,(510) 945-8673,2011-06-15,2012-06-15
41-795132,41,On-Sale Beer & Wine - Eating Place,ACTIVE,Grill Company,Kenneth Miller,194 Market Ct,Fremont,CA,94639,Alameda,(510) 290-1954,2001-05-25,2002-05-25
41-965557,41,On-Sale Beer & Wine - Eating Place,ACTIVE,NewBistro Hayward 98,Jennifer Wilson Moore,3766 Lincoln Ln #798,Hayward,CA,94734,Alameda,(925) 937-4151,2013-02-07,2014-02-07
41-731284,41,On-Sale Beer & Wine - Eating Place,ACTIVE,Cafe Oakland Valley Group,Paul Wilson,4779 Maple Ave,Oakland,CA,96038,Alameda,(925) 729-2124,2011-05-20,2012-05-20
41-133345,41,On-Sale Beer & Wine - Eating Place,ACTIVE,NewCafe Group 86,Michelle Wilson,505 4th St #533,Livermore,CA,94560,Alameda,(510) 246-3397,2009-05-06,2010-05-06
41-481982,41,On-Sale Beer & Wine - Eating Place,ACTIVE,Tavern,James Davis,3074 7th Blvd #444,Hayward,CA,90117,Alameda,(925) 677-6698,2018-05-27,2019-05-27
41-559973,41,On-Sale Beer & Wine - Eating Place,ACTIVE,Bistro Oakland Inc,John Taylor,9838 Mission Dr #577,Oakland,CA,90021,Alameda,(925) 983-8009,2005-06-19,2006-06-19
41-258946,41,On-Sale Beer & Wine - Eating Place,ACTIVE,Bistro Hayward,William Martin,8041 Madison Pl,Hayward,CA,90014,Alameda,(925) 204-2306,2024-11-15,2025-11-15
41-585534,41,On-Sale Beer & Wine - Eating Place,ACTIVE,House Alameda Co,Daniel Jackson,8663 Madison Ct #151,Hayward,CA,94709,Alameda,(510) 255-1872,2010-09-11,2011-09-11
41-460600,41,On-Sale Beer & Wine - Eating Place,ACTIVE,Diner Inc,Maria Hernandez,3549 State St,Fremont,CA,93382,Alameda,(510) 717-9200,2021-12-04,2022-12-04
41-918077,41,On-Sale Beer & Wine - Eating Place,ACTIVE,Spot Fremont,Matthew Anderson Jackson,3888 Front Rd,Fremont,CA,93059,Alameda,(510) 516-3283,2011-05-21,2012-05-21
41-210029,41,On-Sale Beer & Wine - Eating Place,ACTIVE,Spot Co,David Martin,758 Lincoln Pl,Hayward,CA,95384,Alameda,(925) 880-2603,2008-11-25,2009-11-25
41-172293,41,On-Sale Beer & Wine - Eating Place,ACTIVE,ThePlace Alameda Inc 46,David Jackson,1206 5th Pl,Oakland,CA,92296,Alameda,(510) 616-5330,2010-07-13,2011-07-13
41-686493,41,On-Sale Beer & Wine - Eating Place,ACTIVE,Kitchen,Lisa Martinez,3390 Mission Rd #542,Hayward,CA,90888,Alameda,(510) 927-1859,2010-09-01,2011-09-01
41-760655,41,On-Sale Beer & Wine - Eating Place,ACTIVE,Diner Alameda,Andrew Anderson,2592 Broadway St #511,Fremont,CA,91621,Alameda,(510) 376-6981,2024-10-23,2025-10-23
41-567809,41,On-Sale Beer & Wine - Eating Place,ACTIVE,Cafe Alameda Inc 17,Maria Rodriguez,1598 Hollywood Ave #958,Oakland,CA,95766,Alameda,(510) 222-5300,2019-11-01,2020-11-01
41-519741,41,On-Sale Beer & Wine - Eating Place,ACTIVE,Diner Corp,Mark Johnson Thomas,842 Oak St,Livermore,CA,95138,Alameda,(510) 486-4914,2017-06-02,2018-06-02
41-145872,41,On-Sale Beer & Wine - Eating Place,ACTIVE,NewTavern 92,Andrew Taylor,859 Ocean Ave,Hayward,CA,92397,Alameda,(925) 209-6680,2022-07-23,2023-07-23
41-559490,41,On-Sale Beer & Wine - Eating Place,ACTIVE,Restaurant,Maria Rodriguez,7134 5th St,Livermore,CA,90520,Alameda,(510) 767-4869,2008-06-15,2009-06-15
41-833412,41,On-Sale Beer & Wine - Eating Place,ACTIVE,Cafe Oakland,John Hernandez,5873 Sunset Blvd,Oakland,CA,95453,Alameda,(510) 857-5615,2010-08-07,2011-08-07
41-686717,41,On-Sale Beer & Wine - Eating Place,ACTIVE,TheCafe Co 21,Jennifer Gonzalez Wilson,7157 Mission St #162,Oakland,CA,92362,Alameda,(510) 315-2652,2021-05-17,2022-05-17
41-409714,41,On-Sale Beer & Wine - Eating Place,ACTIVE,OldEatery Berkeley Corp 9,David Thomas,4597 Pico Rd,Berkeley,CA,96077,Alameda,(510) 980-3260,2009-06-01,2010-06-01
41-942199,41,On-Sale Beer & Wine - Eating Place,ACTIVE,NewKitchen 34,Michael Lopez,499 6th Ln,Berkeley,CA,94881,Alameda,(510) 477-5186,2019-01-25,2020-01-25
41-697737,41,On-Sale Beer & Wine - Eating Place,ACTIVE,Place,Jennifer Gonzalez Johnson,892 Pico Blvd #758,Oakland,CA,93278,Alameda,(510) 740-9746,2019-11-10,2020-11-10
41-871307,41,On-Sale Beer & Wine - Eating Place,ACTIVE,NewRestaurant Fremont Hills Company 93,Anthony Wilson,5655 State Way,Fremont,CA,93579,Alameda,(510) 772-2208,2001-06-07,2002-06-07
41-267659,41,On-Sale Beer & Wine - Eating Place,ACTIVE,Bistro Alameda,David Garcia,8082 Oak St,Oakland,CA,94851,Alameda,(925) 924-9646,2004-04-18,2005-04-18
41-248595,41,On-Sale Beer & Wine - Eating Place,ACTIVE,NewRestaurant Oakland Group 39,Lisa Brown Garcia,2844 Mission Dr #378,Oakland,CA,91531,Alameda,(925) 794-5255,2014-07-13,2015-07-13
41-747311,41,On-Sale Beer & Wine - Eating Place,ACTIVE,NewEatery Corp 47,Steven Thomas,9848 Ocean Ct,Berkeley,CA,92393,Alameda,(510) 915-9130,2008-10-16,2009-10-16
41-373287,41,On-Sale Beer & Wine - Eating Place,ACTIVE,TheCorner Livermore 77,Mark Anderson Taylor,1465 Maple St #706,Livermore,CA,93576,Alameda,(925) 207-5464,2006-07-06,2007-07-06
41-191088,41,On-Sale Beer & Wine - Eating Place,ACTIVE,Cafe,James Miller,6868 Mission Ave #219,Livermore,CA,95957,Alameda,(510) 849-2011,2001-01-11,2002-01-11
41-578444,41,On-Sale Beer & Wine - Eating Place,ACTIVE,Bistro Hayward Heights Group,Daniel Miller,1853 Market Pl,Hayward,CA,91916,Alameda,(925) 816-3833,2013-09-21,2014-09-21
41-842229,41,On-Sale Beer & Wine - Eating Place,ACTIVE,Corner LLC,Steven Martin,4819 Maple Ct,Berkeley,CA,92666,Alameda,(510) 724-5027,2000-07-26,2001-07-26
41-402559,41,On-Sale Beer & Wine - Eating Place,ACTIVE,Kitchen Fremont,Robert Williams,1778 Franklin Ave,Fremont,CA,96188,Alameda,(510) 932-8849,2005-07-08,2006-07-08
41-607060,41,On-Sale Beer & Wine - Eating Place,ACTIVE,Cafe Fremont,William Hernandez Williams,4854 7th Ave,Fremont,CA,95885,Alameda,(925) 561-3322,2014-03-11,2015-03-11
41-176172,41,On-Sale Beer & Wine - Eating Place,ACTIVE,TheEatery Hayward Heights Corp 44,Robert Rodriguez,7513 Front St,Hayward,CA,94985,Alameda,(510) 701-9505,2021-06-03,2022-06-03
41-367207,41,On-Sale Beer & Wine - Eating Place,ACTIVE,OldCafe Group 1,James Garcia,1750 Sunset Ln #286,Livermore,CA,91772,Alameda,(925) 591-1337,2011-12-27,2012-12-27
41-668182,41,On-Sale Beer & Wine - Eating Place,ACTIVE,Cafe Alameda Co,Robert Lopez,4696 7th Ct #511,Livermore,CA,93987,Alameda,(925) 788-7215,2018-06-22,2019-06-22
41-852657,41,On-Sale Beer & Wine - Eating Place,ACTIVE,Kitchen Co,Lisa Anderson,3572 Maple Way,Berkeley,CA,91557,Alameda,(510) 911-2641,2006-10-20,2007-10-20
41-598598,41,On-Sale Beer & Wine - Eating Place,ACTIVE,NewHouse 29,David Jackson,8476 State Pl,Hayward,CA,95786,Alameda,(510) 639-4413,2022-11-15,2023-11-15
41-800235,41,On-Sale Beer & Wine - Eating Place,ACTIVE,House Alameda Inc,Robert Wilson,8080 Lincoln St,Livermore,CA,94088,Alameda,(925) 676-6266,2021-09-19,2022-09-19
41-743161,41,On-Sale Beer & Wine - Eating Place,ACTIVE,House Berkeley Heights,William Brown,4785 Mission St,Berkeley,CA,95461,Alameda,(510) 434-9109,2000-05-17,2001-05-17
41-645076,41,On-Sale Beer & Wine - Eating Place,ACTIVE,Eatery Berkeley Company,Andrew Brown,3565 Hollywood St #675,Berkeley,CA,95534,Alameda,(510) 734-4038,2016-09-25,2017-09-25
41-978016,41,On-Sale Beer & Wine - Eating Place,ACTIVE,Grill Berkeley Co,David Garcia,8217 5th Way,Berkeley,CA,92426,Alameda,(925) 580-4356,2000-06-11,2001-06-11
41-886157,41,On-Sale Beer & Wine - Eating Place,ACTIVE,Grill Fremont Co,Kenneth Wilson,5457 Hollywood Ln,Fremont,CA,92684,Alameda,(925) 600-9205,2013-05-22,2014-05-22
41-969091,41,On-Sale Beer & Wine - Eating Place,ACTIVE,Eatery Oakland,Mark Johnson,8377 6th Blvd,Oakland,CA,94569,Alameda,(925) 428-3550,2024-08-03,2025-08-03
41-378319,41,On-Sale Beer & Wine - Eating Place,ACTIVE,Corner Company,Maria Williams,4849 Broadway Rd,Oakland,CA,95139,Alameda,(925) 555-1481,2004-09-21,2005-09-21
41-488678,41,On-Sale Beer & Wine - Eating Place,ACTIVE,NewKitchen Fremont Hills Company 26,Matthew Anderson,977 Madison Blvd,Fremont,CA,94200,Alameda,(925) 565-9655,2004-06-05,2005-06-05
41-937540,41,On-Sale Beer & Wine - Eating Place,ACTIVE,Eatery LLC,Mark Lopez,7098 Pico Pl,Livermore,CA,90405,Alameda,(510) 933-7539,2007-07-18,2008-07-18
41-596691,41,On-Sale Beer & Wine - Eating Place,ACTIVE,Diner Livermore Valley,Michael Moore,4091 6th St #288,Livermore,CA,90924,Alameda,(510) 588-6708,2002-07-08,2003-07-08
41-956691,41,On-Sale Beer & Wine - Eating Place,ACTIVE,Grill Fremont Hills,John Moore,440 Maple Ct,Fremont,CA,94428,Alameda,(925) 418-9221,2016-03-03,2017-03-03
41-200290,41,On-Sale Beer & Wine - Eating Place,ACTIVE,Kitchen Inc,Anthony Smith,5042 1st Rd,Berkeley,CA,91043,Alameda,(510) 612-7965,2004-05-23,2005-05-23
41-228710,41,On-Sale Beer & Wine - Eating Place,ACTIVE,Diner Alameda,Maria Jackson,8259 Wilshire Blvd,Berkeley,CA,94958,Alameda,(510) 674-3926,2006-07-27,2007-07-27
41-981727,41,On-Sale Beer & Wine - Eating Place,ACTIVE,Eatery LLC,William Miller Jones,4378 2nd Blvd,Oakland,CA,92211,Alameda,(510) 827-9214,2017-04-19,2018-04-19
41-433206,41,On-Sale Beer & Wine - Eating Place,ACTIVE,Spot,Mark Wilson,4193 Maple Way #706,Hayward,CA,93652,Alameda,(925) 951-2562,2001-01-19,2002-01-19
41-789936,41,On-Sale Beer & Wine - Eating Place,ACTIVE,Kitchen LLC,Andrew Brown Smith,6854 Madison St,Fremont,CA,93827,Alameda,(925) 814-9410,2022-01-26,2023-01-26
41-156225,41,On-Sale Beer & Wine - Eating Place,ACTIVE,NewRestaurant 80,Mark Jackson,8680 1st Pl,Hayward,CA,91682,Alameda,(510) 382-3785,2012-12-13,2013-12-13
41-771190,41,On-Sale Beer & Wine - Eating Place,ACTIVE,NewKitchen Oakland 95,Steven Martin,4996 Market Rd,Oakland,CA,96014,Alameda,(510) 889-6096,2009-01-14,2010-01-14
41-531640,41,On-Sale Beer & Wine - Eating Place,ACTIVE,Tavern LLC,David Johnson Gonzalez,7561 State Pl,Livermore,CA,94062,Alameda,(510) 690-2568,2010-01-16,2011-01-16
41-329098,41,On-Sale Beer & Wine - Eating Place,ACTIVE,Tavern,Mark Rodriguez,1639 Main Way,Berkeley,CA,92768,Alameda,(510) 993-2981,2023-08-20,2024-08-20
41-149072,41,On-Sale Beer & Wine - Eating Place,ACTIVE,OldSpot 100,Mark Rodriguez,581 Market Ave,Fremont,CA,91385,Alameda,(925) 645-6910,2009-08-02,2010-08-02
41-352641,41,On-Sale Beer & Wine - Eating Place,ACTIVE,Diner LLC,Paul Davis Wilson,3795 Market Dr,Fremont,CA,90369,Alameda,(925) 710-2322,2023-03-09,2024-03-09
41-110092,41,On-Sale Beer & Wine - Eating Place,ACTIVE,Grill Alameda 28,David Gonzalez,910 1st Ave,Fremont,CA,91311,Alameda,(925) 662-6609,2014-09-21,2015-09-21
41-352162,41,On-Sale Beer & Wine - Eating Place,ACTIVE,ThePlace Livermore Co 69,Matthew Martinez,1612 Wilshire St,Livermore,CA,94874,Alameda,(510) 416-6347,2003-07-13,2004-07-13
41-414636,41,On-Sale Beer & Wine - Eating Place,ACTIVE,Bistro Alameda Inc,Paul Hernandez Brown,5038 Jefferson Ln,Fremont,CA,93544,Alameda,(925) 734-7536,2004-10-10,2005-10-10
41-199186,41,On-Sale Beer & Wine - Eating Place,ACTIVE,TheDiner Livermore Inc 48,Christopher Jackson,6898 4th Rd,Livermore,CA,95878,Alameda,(510) 686-9067,2023-01-16,2024-01-16
41-474338,41,On-Sale Beer & Wine - Eating Place,ACTIVE,Restaurant 83,Steven Jackson,2758 Oak St #574,Oakland,CA,91592,Alameda,(925) 295-9778,2015-10-11,2016-10-11
41-716026,41,On-Sale Beer & Wine - Eating Place,ACTIVE,Eatery Co,Anthony Taylor,5897 2nd Ln,Fremont,CA,95444,Alameda,(925) 897-6686,2013-10-12,2014-10-12
41-556730,41,On-Sale Beer & Wine - Eating Place,ACTIVE,Diner Alameda,Michelle Miller,3205 Wilshire Dr,Fremont,CA,94904,Alameda,(925) 927-6992,2015-08-20,2016-08-20
41-773012,41,On-Sale Beer & Wine - Eating Place,ACTIVE,House Fremont,Maria Lopez,3379 Sunset Blvd,Fremont,CA,91192,Alameda,(510) 987-4092,2012-03-07,2013-03-07
41-582647,41,On-Sale Beer & Wine - Eating Place,ACTIVE,House Livermore,John Rodriguez,2236 Sunset Rd,Livermore,CA,93065,Alameda,(925) 856-2275,2024-04-23,2025-04-23
41-220337,41,On-Sale Beer & Wine - Eating Place,ACTIVE,TheCafe LLC 78,Matthew Johnson,6675 Mission Dr #657,Fremont,CA,93138,Alameda,(925) 735-4625,2012-02-27,2013-02-27
41-500127,41,On-Sale Beer & Wine - Eating Place,ACTIVE,Restaurant 9,Steven Martinez,1236 Maple Ct,Berkeley,CA,90255,Alameda,(510) 461-9156,2003-06-26,2004-06-26
41-838183,41,On-Sale Beer & Wine - Eating Place,ACTIVE,Place LLC,James Garcia,229 2nd Ave,Livermore,CA,94873,Alameda,(510) 248-3082,2013-12-24,2014-12-24
41-899303,41,On-Sale Beer & Wine - Eating Place,ACTIVE,Cafe Alameda Co,Jennifer Lopez Williams,2923 Sunset St,Berkeley,CA,90367,Alameda,(510) 481-4122,2003-10-17,2004-10-17
41-290966,41,On-Sale Beer & Wine - Eating Place,ACTIVE,Kitchen,William Rodriguez,3650 2nd Blvd #177,Livermore,CA,90782,Alameda,(510) 213-5761,2024-10-16,2025-10-16
41-951845,41,On-Sale Beer & Wine - Eating Place,ACTIVE,Spot 88,Robert Johnson Martinez,5390 7th Ln,Fremont,CA,94505,Alameda,(925) 474-2013,2007-02-09,2008-02-09
41-799037,41,On-Sale Beer & Wine - Eating Place,ACTIVE,Restaurant Livermore Co,Paul Johnson,1818 Maple Ln,Livermore,CA,93623,Alameda,(925) 268-8911,2020-04-13,2021-04-13
41-386575,41,On-Sale Beer & Wine - Eating Place,ACTIVE,Place,David Thomas,3112 2nd St #893,Berkeley,CA,91993,Alameda,(925) 222-3087,2020-10-27,2021-10-27
41-623525,41,On-Sale Beer & Wine - Eating Place,ACTIVE,Corner LLC 68,Andrew Rodriguez,5663 Jefferson Ave,Oakland,CA,94405,Alameda,(925) 235-9862,2011-09-26,2012-09-26
41-482477,41,On-Sale Beer & Wine - Eating Place,ACTIVE,NewPlace Co 94,Lisa Moore Garcia,4888 Pico Ave,Hayward,CA,90567,Alameda,(925) 532-5020,2001-06-17,2002-06-17
41-292321,41,On-Sale Beer & Wine - Eating Place,ACTIVE,Tavern Alameda,Jennifer Taylor Martin,7001 7th Way #121,Fremont,CA,95524,Alameda,(510) 753-1134,2013-10-11,2014-10-11
41-577269,41,On-Sale Beer & Wine - Eating Place,ACTIVE,Spot Fremont Hills Corp,Andrew Taylor,576 Hollywood Ct,Fremont,CA,94693,Alameda,(925) 720-2704,2000-06-23,2001-06-23
41-326364,41,On-Sale Beer & Wine - Eating Place,ACTIVE,Eatery Corp,James Martinez Moore,3803 3rd Blvd,Hayward,CA,95472,Alameda,(510) 521-2306,2010-03-06,2011-03-06
41-964358,41,On-Sale Beer & Wine - Eating Place,ACTIVE,TheHouse Berkeley Company 15,John Davis Miller,1437 Front Way,Berkeley,CA,94115,Alameda,(925) 630-1840,2023-04-05,2024-04-05
41-986690,41,On-Sale Beer & Wine - Eating Place,ACTIVE,Spot Group,Daniel Gonzalez,6075 5th Ln,Hayward,CA,90689,Alameda,(925) 308-5707,2021-01-23,2022-01-23
41-947800,41,On-Sale Beer & Wine - Eating Place,ACTIVE,NewBistro Alameda 15,Daniel Martin,4538 Lincoln St #256,Berkeley,CA,95941,Alameda,(925) 979-4132,2020-08-07,2021-08-07
41-269951,41,On-Sale Beer & Wine - Eating Place,ACTIVE,Grill Alameda,William Moore,5689 5th Ave,Oakland,CA,92198,Alameda,(510) 677-6735,2008-12-21,2009-12-21
41-627467,41,On-Sale Beer & Wine - Eating Place,ACTIVE,NewCorner Oakland 64,Jennifer Taylor,7305 Pico Pl,Oakland,CA,92439,Alameda,(925) 730-4253,2014-08-28,2015-08-28
41-927572,41,On-Sale Beer & Wine - Eating Place,ACTIVE,Corner Fremont Valley,Matthew Brown,7478 Broadway Ct #264,Fremont,CA,95893,Alameda,(925) 273-2388,2015-05-01,2016-05-01
41-424324,41,On-Sale Beer & Wine - Eating Place,ACTIVE,House,Daniel Thomas,3660 7th Pl,Berkeley,CA,92273,Alameda,(510) 470-8635,2018-03-28,2019-03-28
41-670574,41,On-Sale Beer & Wine - Eating Place,ACTIVE,OldBistro Company 78,Paul Rodriguez,9522 4th Way,Livermore,CA,96010,Alameda,(510) 612-2030,2004-12-21,2005-12-21
41-470934,41,On-Sale Beer & Wine - Eating Place,ACTIVE,Bistro,David Gonzalez Rodriguez,2649 6th St,Hayward,CA,94236,Alameda,(925) 261-8143,2020-10-12,2021-10-12
41-633086,41,On-Sale Beer & Wine - Eating Place,ACTIVE,TheKitchen Inc 61,Christopher Hernandez Thomas,5630 Front St,Hayward,CA,91629,Alameda,(925) 209-4286,2006-09-25,2007-09-25
41-928779,41,On-Sale Beer & Wine - Eating Place,ACTIVE,Eatery Group,Michelle Wilson,8746 2nd Ave #478,Fremont,CA,94722,Alameda,(510) 917-1806,2012-08-03,2013-08-03
41-876831,41,On-Sale Beer & Wine - Eating Place,ACTIVE,Grill Alameda LLC,James Moore Garcia,4153 Ocean St,Livermore,CA,95394,Alameda,(510) 202-3405,2012-01-07,2013-01-07
41-208074,41,On-Sale Beer & Wine - Eating Place,ACTIVE,OldCafe Fremont Hills Co 69,Christopher Garcia,3245 7th St,Fremont,CA,91409,Alameda,(510) 711-9238,2010-07-15,2011-07-15
41-173309,41,On-Sale Beer & Wine - Eating Place,ACTIVE,Kitchen LLC,Christopher Smith Jackson,5305 Mission St,Hayward,CA,90428,Alameda,(510) 865-8899,2021-07-16,2022-07-16
41-368538,41,On-Sale Beer & Wine - Eating Place,ACTIVE,Bistro Co,Michelle Johnson,3346 Madison Ave #349,Berkeley,CA,95168,Alameda,(510) 904-6567,2010-12-12,2011-12-12
41-141828,41,On-Sale Beer & Wine - Eating Place,ACTIVE,Tavern Fremont,William Johnson Smith,5169 5th Rd,Fremont,CA,91162,Alameda,(510) 566-2448,2001-01-06,2002-01-06
41-179466,41,On-Sale Beer & Wine - Eating Place,ACTIVE,Bistro Hayward,Steven Hernandez,8056 7th Ln,Hayward,CA,92837,Alameda,(925) 262-8551,2021-05-28,2022-05-28
41-319694,41,On-Sale Beer & Wine - Eating Place,ACTIVE,House,William Hernandez,7219 1st Ct,Livermore,CA,95412,Alameda,(510) 796-1358,2002-12-18,2003-12-18
41-681753,41,On-Sale Beer & Wine - Eating Place,ACTIVE,NewBistro Livermore Hills 68,Andrew Garcia Rodriguez,7409 4th St,Livermore,CA,95727,Alameda,(925) 910-9942,2017-09-09,2018-09-09
41-644727,41,On-Sale Beer & Wine - Eating Place,ACTIVE,Cafe Co,William Davis,2497 3rd Ct,Fremont,CA,93361,Alameda,(510) 433-5029,2017-08-12,2018-08-12
41-567405,41,On-Sale Beer & Wine - Eating Place,ACTIVE,Diner,Paul Anderson,8038 Ocean Way,Fremont,CA,91307,Alameda,(510) 658-2867,2008-05-05,2009-05-05
41-254801,41,On-Sale Beer & Wine - Eating Place,ACTIVE,Diner Berkeley Heights Inc,Maria Lopez,4422 4th Ave,Berkeley,CA,92212,Alameda,(510) 743-6794,2010-01-03,2011-01-03
41-525393,41,On-Sale Beer & Wine - Eating Place,ACTIVE,House LLC 28,Maria Brown Lopez,7447 Washington St,Fremont,CA,94180,Alameda,(510) 501-5711,2016-11-04,2017-11-04
41-711279,41,On-Sale Beer & Wine - Eating Place,ACTIVE,Tavern,Daniel Lopez,3893 5th Blvd,Fremont,CA,90571,Alameda,(925) 595-5682,2020-06-17,2021-06-17
41-867800,41,On-Sale Beer & Wine - Eating Place,ACTIVE,OldPlace Livermore Inc 92,James Davis,9607 Wilshire Ln,Livermore,CA,90622,Alameda,(510) 315-7800,2005-06-03,2006-06-03
41-781352,41,On-Sale Beer & Wine - Eating Place,ACTIVE,Spot,James Brown,4131 Sunset Way,Fremont,CA,91461,Alameda,(510) 272-4878,2014-05-15,2015-05-15
41-617941,41,On-Sale Beer & Wine - Eating Place,ACTIVE,Eatery Alameda Inc 99,Robert Hernandez,8140 Madison Blvd,Fremont,CA,95825,Alameda,(925) 838-9902,2013-02-17,2014-02-17
41-292291,41,On-Sale Beer & Wine - Eating Place,ACTIVE,Diner Alameda Inc,Christopher Johnson,5363 Franklin Ln,Fremont,CA,94169,Alameda,(510) 637-6910,2020-05-11,2021-05-11
41-206054,41,On-Sale Beer & Wine - Eating Place,ACTIVE,House Co,Robert Miller,6634 Lincoln Way #228,Oakland,CA,91933,Alameda,(925) 800-7898,2009-08-15,2010-08-15
41-576290,41,On-Sale Beer & Wine - Eating Place,ACTIVE,Place Hayward,Michael Wilson,1516 Sunset Ct #866,Hayward,CA,96098,Alameda,(925) 695-2906,2000-07-19,2001-07-19
41-834365,41,On-Sale Beer & Wine - Eating Place,ACTIVE,Place,Robert Martinez,116 Hollywood Ct,Livermore,CA,94330,Alameda,(925) 221-5633,2001-02-24,2002-02-24
41-927917,41,On-Sale Beer & Wine - Eating Place,ACTIVE,Tavern LLC,John Taylor,4654 Main Ave,Fremont,CA,92586,Alameda,(925) 499-8918,2017-04-22,2018-04-22
41-809233,41,On-Sale Beer & Wine - Eating Place,ACTIVE,NewGrill 70,Anthony Wilson,190 7th Blvd #929,Fremont,CA,91731,Alameda,(510) 671-1607,2010-02-20,2011-02-20
41-457146,41,On-Sale Beer & Wine - Eating Place,ACTIVE,OldEatery Fremont LLC 100,John Wilson,3445 Main Ln #577,Fremont,CA,92064,Alameda,(925) 622-2174,2004-07-18,2005-07-18
41-670832,41,On-Sale Beer & Wine - Eating Place,ACTIVE,Restaurant,Steven Hernandez,5471 Pico Ln,Fremont,CA,95052,Alameda,(510) 343-3774,2011-12-22,2012-12-22
41-928618,41,On-Sale Beer & Wine - Eating Place,ACTIVE,Spot Berkeley Valley,Michael Brown,9449 3rd Rd,Berkeley,CA,94674,Alameda,(510) 621-3096,2001-06-22,2002-06-22
41-317634,41,On-Sale Beer & Wine - Eating Place,ACTIVE,Kitchen Hayward Hills Company,James Williams Miller,9332 Main Ln,Hayward,CA,94979,Alameda,(510) 591-3755,2023-10-04,2024-10-04
41-282125,41,On-Sale Beer & Wine - Eating Place,ACTIVE,Cafe Berkeley Hills,Anthony Hernandez Garcia,179 Washington Ln,Berkeley,CA,94300,Alameda,(510) 250-6027,2012-06-23,2013-06-23
41-589335,41,On-Sale Beer & Wine - Eating Place,ACTIVE,Spot,Christopher Davis,5707 Oak Pl #615,Livermore,CA,94197,Alameda,(510) 208-1798,2008-07-26,2009-07-26
41-609621,41,On-Sale Beer & Wine - Eating Place,ACTIVE,Place Inc,Maria Jones,9967 Oak St,Fremont,CA,94453,Alameda,(510) 648-1521,2007-09-18,2008-09-18
41-119598,41,On-Sale Beer & Wine - Eating Place,ACTIVE,Bistro Alameda Inc,Mark Lopez,4600 Jefferson Way #358,Livermore,CA,92604,Alameda,(925) 201-6361,2014-06-27,2015-06-27
41-793484,41,On-Sale Beer & Wine - Eating Place,ACTIVE,TheGrill Alameda Corp 40,Daniel Martinez Miller,4107 Front Ln,Livermore,CA,95141,Alameda,(925) 680-9854,2010-07-24,2011-07-24
41-890843,41,On-Sale Beer & Wine - Eating Place,ACTIVE,Bistro Livermore Hills,John Brown Smith,814 State Dr,Livermore,CA,90739,Alameda,(925) 592-3943,2009-09-14,2010-09-14
41-263122,41,On-Sale Beer & Wine - Eating Place,ACTIVE,Bistro Alameda,Maria Miller Martinez,694 3rd Ave,Hayward,CA,93306,Alameda,(925) 657-5352,2020-12-10,2021-12-10
41-567386,41,On-Sale Beer & Wine - Eating Place,ACTIVE,Eatery Oakland,Daniel Miller,5979 Oak Pl,Oakland,CA,94110,Alameda,(510) 438-8087,2022-04-28,2023-04-28
41-334996,41,On-Sale Beer & Wine - Eating Place,ACTIVE,TheDiner 38,William Lopez,8909 Hollywood Dr,Livermore,CA,90326,Alameda,(925) 893-2006,2023-06-27,2024-06-27
41-968966,41,On-Sale Beer & Wine - Eating Place,ACTIVE,Tavern,Anthony Gonzalez,9447 Main Blvd,Fremont,CA,91202,Alameda,(510) 958-9015,2014-09-21,2015-09-21
41-260039,41,On-Sale Beer & Wine - Eating Place,ACTIVE,Spot Alameda LLC,Steven Rodriguez,2642 5th Ct,Berkeley,CA,94958,Alameda,(925) 303-5958,2023-01-25,2024-01-25
41-557579,41,On-Sale Beer & Wine - Eating Place,ACTIVE,Eatery Hayward Heights Company,Paul Rodriguez,9386 Lincoln Blvd,Hayward,CA,91626,Alameda,(510) 691-4340,2019-12-05,2020-12-05
41-842303,41,On-Sale Beer & Wine - Eating Place,ACTIVE,Corner,Michelle Thomas,1935 Pico Way #320,Oakland,CA,93838,Alameda,(925) 620-1209,2006-06-06,2007-06-06
41-492234,41,On-Sale Beer & Wine - Eating Place,ACTIVE,Bistro Fremont,Maria Taylor Martinez,2015 Franklin St,Fremont,CA,90536,Alameda,(925) 703-3331,2023-09-20,2024-09-20
41-650852,41,On-Sale Beer & Wine - Eating Place,ACTIVE,Place Berkeley Group,David Taylor,1479 Mission Dr #601,Berkeley,CA,94737,Alameda,(925) 226-4789,2016-01-19,2017-01-19
41-876874,41,On-Sale Beer & Wine - Eating Place,ACTIVE,Kitchen,John Hernandez,8545 State Dr #885,Fremont,CA,92781,Alameda,(925) 710-8307,2015-10-28,2016-10-28
41-922296,41,On-Sale Beer & Wine - Eating Place,ACTIVE,NewBistro Corp 33,Steven Williams,378 Mission Rd,Hayward,CA,91708,Alameda,(925) 774-1740,2010-11-20,2011-11-20
41-404291,41,On-Sale Beer & Wine - Eating Place,ACTIVE,Restaurant Co 70,Kenneth Rodriguez,1584 6th Dr,Fremont,CA,95101,Alameda,(510) 562-5384,2015-05-03,2016-05-03
41-297603,41,On-Sale Beer & Wine - Eating Place,ACTIVE,Tavern Livermore Heights,David Anderson,5524 Maple Ave,Livermore,CA,93563,Alameda,(925) 715-5352,2009-04-11,2010-04-11
41-775756,41,On-Sale Beer & Wine - Eating Place,ACTIVE,TheRestaurant Alameda LLC 83,Jennifer Rodriguez,5174 2nd Blvd #856,Hayward,CA,92718,Alameda,(925) 561-8939,2011-03-11,2012-03-11
41-461050,41,On-Sale Beer & Wine - Eating Place,ACTIVE,Tavern Group,Anthony Hernandez,5939 Main Blvd,Livermore,CA,90690,Alameda,(510) 802-6666,2021-08-20,2022-08-20
41-779503,41,On-Sale Beer & Wine - Eating Place,ACTIVE,Kitchen 3,Maria Hernandez Davis,9000 Mission Dr,Oakland,CA,94381,Alameda,(510) 836-2791,2022-11-05,2023-11-05
41-925588,41,On-Sale Beer & Wine - Eating Place,ACTIVE,Corner Corp,Jennifer Garcia,6975 Maple Pl,Berkeley,CA,94117,Alameda,(925) 740-5421,2024-03-01,2025-03-01
41-344751,41,On-Sale Beer & Wine - Eating Place,ACTIVE,House,Michael Wilson,1225 Market St,Berkeley,CA,93617,Alameda,(510) 355-5300,2006-07-12,2007-07-12
41-981783,41,On-Sale Beer & Wine - Eating Place,ACTIVE,Eatery Hayward Company,Jennifer Taylor,3426 Hollywood Way,Hayward,CA,95062,Alameda,(925) 675-8635,2016-10-23,2017-10-23
41-552658,41,On-Sale Beer & Wine - Eating Place,ACTIVE,TheHouse Livermore 94,Robert Davis,8187 Washington St,Livermore,CA,91392,Alameda,(925) 870-7285,2002-05-18,2003-05-18
41-938499,41,On-Sale Beer & Wine - Eating Place,ACTIVE,OldTavern 22,Anthony Brown,7758 Main Ln #940,Livermore,CA,90880,Alameda,(925) 686-5973,2022-08-05,2023-08-05
41-613340,41,On-Sale Beer & Wine - Eating Place,ACTIVE,Cafe Group,William Martinez,9097 Sunset Ave #435,Hayward,CA,95464,Alameda,(925) 817-4215,2000-01-18,2001-01-18
41-262760,41,On-Sale Beer & Wine - Eating Place,ACTIVE,Eatery Group,John Gonzalez,494 Lincoln Ave,Fremont,CA,92649,Alameda,(925) 963-7778,2012-05-02,2013-05-02
41-678918,41,On-Sale Beer & Wine - Eating Place,ACTIVE,Cafe,Christopher Taylor,711 Wilshire Blvd #107,Hayward,CA,93876,Alameda,(510) 347-3512,2009-10-11,2010-10-11
41-237486,41,On-Sale Beer & Wine - Eating Place,ACTIVE,Spot Alameda Co 18,Michael Rodriguez,7401 1st Blvd,Berkeley,CA,90257,Alameda,(925) 488-1413,2006-03-04,2007-03-04
41-856981,41,On-Sale Beer & Wine - Eating Place,ACTIVE,Kitchen Hayward,Christopher Davis,7966 Market Blvd,Hayward,CA,93705,Alameda,(925) 977-1901,2013-02-19,2014-02-19
41-980520,41,On-Sale Beer & Wine - Eating Place,ACTIVE,Tavern Inc,Lisa Jackson,7747 4th Pl,Livermore,CA,90049,Alameda,(510) 225-8476,2011-11-10,2012-11-10
41-868533,41,On-Sale Beer & Wine - Eating Place,ACTIVE,Corner Inc,Maria Brown Martinez,8530 Washington Pl,Hayward,CA,91874,Alameda,(925) 312-6686,2004-03-06,2005-03-06
41-868643,41,On-Sale Beer & Wine - Eating Place,ACTIVE,Cafe Co,Maria Rodriguez Williams,7006 Jefferson Dr #485,Fremont,CA,91733,Alameda,(925) 984-1747,2024-04-02,2025-04-02
41-914835,41,On-Sale Beer & Wine - Eating Place,ACTIVE,Diner,Robert Taylor,5780 Sunset Ct,Oakland,CA,93904,Alameda,(925) 477-5686,2010-12-13,2011-12-13
41-261107,41,On-Sale Beer & Wine - Eating Place,ACTIVE,TheCorner Hayward Valley Co 72,Michelle Wilson,2228 6th Ave,Hayward,CA,95029,Alameda,(925) 980-6263,2000-02-18,2001-02-18
41-997951,41,On-Sale Beer & Wine - Eating Place,ACTIVE,Cafe Co,Michelle Rodriguez,6058 7th Pl,Livermore,CA,90777,Alameda,(510) 806-9413,2009-06-15,2010-06-15
41-998487,41,On-Sale Beer & Wine - Eating Place,ACTIVE,Corner Hayward,Michelle Gonzalez,2229 Madison Ct,Hayward,CA,90923,Alameda,(510) 470-2604,2011-05-21,2012-05-21
41-864472,41,On-Sale Beer & Wine - Eating Place,ACTIVE,Eatery Fremont,Anthony Johnson,8919 State Ave,Fremont,CA,92612,Alameda,(925) 591-5225,2005-05-13,2006-05-13
41-305539,41,On-Sale Beer & Wine - Eating Place,ACTIVE,Cafe Alameda Group 76,Paul Davis,8485 Lincoln St,Hayward,CA,90128,Alameda,(925) 450-4224,2019-12-09,2020-12-09
41-901118,41,On-Sale Beer & Wine - Eating Place,ACTIVE,House Co,Matthew Martin,2687 1st Ct,Livermore,CA,92456,Alameda,(925) 546-9967,2010-12-22,2011-12-22
41-391740,41,On-Sale Beer & Wine - Eating Place,ACTIVE,Corner Fremont Heights,Paul Thomas,6042 Hollywood Ln #711,Fremont,CA,94594,Alameda,(510) 246-7635,2009-09-24,2010-09-24
41-496040,41,On-Sale Beer & Wine - Eating Place,ACTIVE,Cafe,Maria Martinez Hernandez,218 4th Ln #827,Oakland,CA,93690,Alameda,(510) 386-5837,2009-06-19,2010-06-19
41-932196,41,On-Sale Beer & Wine - Eating Place,ACTIVE,Corner,William Lopez,4192 2nd Way,Fremont,CA,91597,Alameda,(925) 969-4916,2024-09-19,2025-09-19
41-218279,41,On-Sale Beer & Wine - Eating Place,ACTIVE,Diner Fremont,James Brown,203 3rd Pl #376,Fremont,CA,94189,Alameda,(925) 547-7287,2004-06-10,2005-06-10
41-388357,41,On-Sale Beer & Wine - Eating Place,ACTIVE,House Hayward Valley Corp,Mark Martinez,8273 Madison Ct,Hayward,CA,90054,Alameda,(510) 933-6238,2024-12-06,2025-12-06
41-155697,41,On-Sale Beer & Wine - Eating Place,ACTIVE,NewCafe 71,Andrew Garcia,3875 Maple Ave,Berkeley,CA,95818,Alameda,(510) 573-6755,2022-05-24,2023-05-24
41-610564,41,On-Sale Beer & Wine - Eating Place,ACTIVE,Spot Fremont Valley,Andrew Hernandez,243 1st Pl,Fremont,CA,90991,Alameda,(925) 692-4988,2018-03-22,2019-03-22
41-970253,41,On-Sale Beer & Wine - Eating Place,ACTIVE,NewHouse Livermore Group 73,Michael Garcia,4284 6th Ave,Livermore,CA,94442,Alameda,(510) 461-2746,2003-11-17,2004-11-17
41-912226,41,On-Sale Beer & Wine - Eating Place,ACTIVE,TheCafe 28,Christopher Thomas,2377 Maple Rd #285,Oakland,CA,95254,Alameda,(510) 497-1733,2003-09-27,2004-09-27
41-853826,41,On-Sale Beer & Wine - Eating Place,ACTIVE,Cafe Company,David Moore Miller,6973 Front St,Berkeley,CA,91521,Alameda,(510) 306-6287,2008-03-16,2009-03-16
41-464886,41,On-Sale Beer & Wine - Eating Place,ACTIVE,Place,David Gonzalez,3920 Front Dr,Hayward,CA,93979,Alameda,(510) 807-6953,2018-02-02,2019-02-02
41-618199,41,On-Sale Beer & Wine - Eating Place,ACTIVE,Restaurant,Andrew Johnson,8830 1st Dr,Fremont,CA,90853,Alameda,(925) 844-3967,2004-07-06,2005-07-06
41-625484,41,On-Sale Beer & Wine - Eating Place,ACTIVE,House Group,Jennifer Thomas,8339 7th Blvd,Berkeley,CA,93960,Alameda,(925) 286-6086,2000-01-28,2001-01-28
41-609868,41,On-Sale Beer & Wine - Eating Place,ACTIVE,Corner Livermore Heights Inc,Steven Jones,5321 Sunset St,Livermore,CA,91603,Alameda,(925) 692-8319,2009-12-20,2010-12-20
41-285616,41,On-Sale Beer & Wine - Eating Place,ACTIVE,Kitchen Berkeley,Maria Smith,1865 Mission St #478,Berkeley,CA,95982,Alameda,(925) 663-9396,2008-11-28,2009-11-28
41-307674,41,On-Sale Beer & Wine - Eating Place,ACTIVE,Spot,James Martinez Anderson,1288 Hollywood Pl,Oakland,CA,91103,Alameda,(510) 581-8635,2022-01-06,2023-01-06
41-560507,41,On-Sale Beer & Wine - Eating Place,ACTIVE,OldEatery Co 16,Matthew Anderson,6298 Washington Ln,Oakland,CA,93421,Alameda,(925) 211-5961,2014-09-20,2015-09-20
41-167237,41,On-Sale Beer & Wine - Eating Place,ACTIVE,OldPlace 87,William Lopez Taylor,8083 5th Way,Fremont,CA,90700,Alameda,(925) 944-3802,2021-04-19,2022-04-19
41-953333,41,On-Sale Beer & Wine - Eating Place,ACTIVE,Cafe Oakland Valley Company,Mark Rodriguez Wilson,8997 Front Ave,Oakland,CA,90350,Alameda,(925) 677-6566,2021-06-07,2022-06-07
41-518417,41,On-Sale Beer & Wine - Eating Place,ACTIVE,Eatery Berkeley Group,John Gonzalez,8775 Madison Ln,Berkeley,CA,93991,Alameda,(925) 799-7067,2016-09-25,2017-09-25
41-659939,41,On-Sale Beer & Wine - Eating Place,ACTIVE,TheEatery 45,Christopher Martin,2969 4th St,Hayward,CA,93983,Alameda,(925) 694-1399,2014-01-06,2015-01-06
41-384146,41,On-Sale Beer & Wine - Eating Place,ACTIVE,House Alameda Corp,John Brown,1531 Jefferson Dr,Livermore,CA,93140,Alameda,(925) 667-1012,2014-12-11,2015-12-11
41-686120,41,On-Sale Beer & Wine - Eating Place,ACTIVE,Grill Berkeley Valley,Jennifer Anderson,5057 Market St #206,Berkeley,CA,94737,Alameda,(510) 996-5798,2017-03-18,2018-03-18
41-759109,41,On-Sale Beer & Wine - Eating Place,ACTIVE,OldRestaurant Co 30,Maria Miller,2277 7th Blvd #751,Oakland,CA,95740,Alameda,(925) 886-3628,2021-03-04,2022-03-04
41-605593,41,On-Sale Beer & Wine - Eating Place,ACTIVE,OldHouse Company 64,Andrew Miller,9960 2nd Ave #984,Berkeley,CA,94338,Alameda,(510) 855-6023,2024-03-28,2025-03-28
41-285429,41,On-Sale Beer & Wine - Eating Place,ACTIVE,Tavern Inc,Matthew Rodriguez,2868 Lincoln Way,Fremont,CA,91619,Alameda,(510) 860-7504,2012-08-19,2013-08-19
41-366144,41,On-Sale Beer & Wine - Eating Place,ACTIVE,Corner LLC,Anthony Jones,8128 Maple Pl,Berkeley,CA,93053,Alameda,(925) 309-6885,2024-01-17,2025-01-17
41-291253,41,On-Sale Beer & Wine - Eating Place,ACTIVE,Eatery Livermore Inc,Andrew Brown,1565 Washington Ct,Livermore,CA,92021,Alameda,(925) 915-9534,2023-12-02,2024-12-02
41-941370,41,On-Sale Beer & Wine - Eating Place,ACTIVE,Kitchen Fremont Valley Inc 47,William Gonzalez Taylor,1853 Oak Pl #648,Fremont,CA,90580,Alameda,(510) 565-8547,2001-03-22,2002-03-22
41-294299,41,On-Sale Beer & Wine - Eating Place,ACTIVE,OldGrill Berkeley 38,Michelle Davis,4889 3rd Pl,Berkeley,CA,91787,Alameda,(925) 504-3589,2011-06-11,2012-06-11
41-385441,41,On-Sale Beer & Wine - Eating Place,ACTIVE,Cafe Berkeley Valley Group,James Johnson,1744 Lincoln Dr #970,Berkeley,CA,92570,Alameda,(510) 347-4966,2007-07-12,2008-07-12
41-287356,41,On-Sale Beer & Wine - Eating Place,ACTIVE,Grill Berkeley Heights Inc,Michelle Thomas,9337 Hollywood Ct,Berkeley,CA,94989,Alameda,(510) 750-3769,2002-04-04,2003-04-04
41-307970,41,On-Sale Beer & Wine - Eating Place,ACTIVE,Cafe Livermore Inc,Daniel Williams Johnson,4883 Franklin Way,Livermore,CA,92130,Alameda,(510) 381-4028,2005-07-26,2006-07-26
41-788760,41,On-Sale Beer & Wine - Eating Place,ACTIVE,Grill Hayward Valley Inc,Christopher Rodriguez,5633 State Dr #729,Hayward,CA,92286,Alameda,(925) 424-3994,2024-08-28,2025-08-28
41-274868,41,On-Sale Beer & Wine - Eating Place,ACTIVE,Corner Company,Matthew Thomas,1804 State Dr,Hayward,CA,93598,Alameda,(925) 758-6227,2009-09-21,2010-09-21
41-758298,41,On-Sale Beer & Wine - Eating Place,ACTIVE,Tavern,Michael Martin,470 Main Ave,Hayward,CA,90659,Alameda,(510) 610-4739,2013-10-18,2014-10-18
41-225960,41,On-Sale Beer & Wine - Eating Place,ACTIVE,ThePlace Company 6,William Anderson,1997 Ocean Way #111,Oakland,CA,95341,Alameda,(510) 214-8443,2016-02-16,2017-02-16
41-766395,41,On-Sale Beer & Wine - Eating Place,ACTIVE,OldKitchen Alameda Corp 87,James Miller,837 3rd Ave,Berkeley,CA,90707,Alameda,(925) 856-7830,2002-08-03,2003-08-03
41-254956,41,On-Sale Beer & Wine - Eating Place,ACTIVE,TheKitchen 19,Anthony Williams Anderson,4406 6th Blvd #141,Fremont,CA,95624,Alameda,(925) 254-2693,2001-12-17,2002-12-17
41-635792,41,On-Sale Beer & Wine - Eating Place,ACTIVE,OldDiner Alameda 58,John Thomas,9990 Madison Ave #946,Hayward,CA,93325,Alameda,(925) 322-9077,2008-06-20,2009-06-20
41-673424,41,On-Sale Beer & Wine - Eating Place,ACTIVE,Place Alameda,David Martin,8542 Hollywood Ln,Oakland,CA,95650,Alameda,(925) 511-4985,2007-07-13,2008-07-13
41-101470,41,On-Sale Beer & Wine - Eating Place,ACTIVE,Bistro,Michael Gonzalez,8772 Oak St,Fremont,CA,91660,Alameda,(925) 363-3695,2010-07-16,2011-07-16
41-594349,41,On-Sale Beer & Wine - Eating Place,ACTIVE,Spot LLC,Andrew Hernandez,4980 4th St #820,Fremont,CA,94296,Alameda,(510) 518-2144,2015-02-25,2016-02-25
41-570457,41,On-Sale Beer & Wine - Eating Place,ACTIVE,Spot Corp,Lisa Wilson,3247 7th Rd,Oakland,CA,92968,Alameda,(510) 684-5016,2003-02-10,2004-02-10
41-276063,41,On-Sale Beer & Wine - Eating Place,ACTIVE,Place Alameda LLC,Christopher Thomas,9260 7th Dr,Fremont,CA,95758,Alameda,(925) 233-7841,2017-09-03,2018-09-03
41-771099,41,On-Sale Beer & Wine - Eating Place,ACTIVE,Kitchen,Matthew Rodriguez Williams,8898 Washington Ln,Hayward,CA,95214,Alameda,(925) 306-3092,2023-03-01,2024-03-01
41-651452,41,On-Sale Beer & Wine - Eating Place,ACTIVE,Eatery Inc,William Davis,2163 Maple Way #338,Livermore,CA,91974,Alameda,(925) 310-7112,2024-07-03,2025-07-03
41-439287,41,On-Sale Beer & Wine - Eating Place,ACTIVE,Grill Livermore Heights,Michael Martinez,2025 Pico St,Livermore,CA,96081,Alameda,(510) 274-1713,2020-02-14,2021-02-14
41-668572,41,On-Sale Beer & Wine - Eating Place,ACTIVE,Spot Oakland Hills Corp,Kenneth Hernandez Jackson,1160 6th Ln,Oakland,CA,90237,Alameda,(925) 481-1260,2023-11-27,2024-11-27
41-457236,41,On-Sale Beer & Wine - Eating Place,ACTIVE,Spot Alameda,Michelle Jones Rodriguez,2130 3rd Way #781,Fremont,CA,95680,Alameda,(510) 688-7098,2013-08-26,2014-08-26
41-536422,41,On-Sale Beer & Wine - Eating Place,ACTIVE,Bistro Livermore,Lisa Thomas,5543 Main Way,Livermore,CA,93954,Alameda,(925) 605-9177,2014-12-19,2015-12-19
41-741601,41,On-Sale Beer & Wine - Eating Place,ACTIVE,Spot Company,John Rodriguez,9245 Hollywood St,Fremont,CA,91876,Alameda,(925) 774-1751,2005-11-14,2006-11-14
41-157270,41,On-Sale Beer & Wine - Eating Place,ACTIVE,Kitchen Group,Christopher Anderson,7605 Maple Ct,Fremont,CA,95203,Alameda,(925) 602-4864,2023-03-25,2024-03-25
41-204599,41,On-Sale Beer & Wine - Eating Place,ACTIVE,House,Robert Williams,2728 Madison Pl,Berkeley,CA,94395,Alameda,(510) 710-8862,2010-07-24,2011-07-24
41-314669,41,On-Sale Beer & Wine - Eating Place,ACTIVE,OldPlace Alameda 26,Lisa Lopez,3650 Sunset Dr,Berkeley,CA,90948,Alameda,(510) 490-4093,2021-05-22,2022-05-22
41-579247,41,On-Sale Beer & Wine - Eating Place,ACTIVE,Spot Group,Andrew Lopez Johnson,1162 Wilshire Ave,Oakland,CA,92290,Alameda,(510) 402-4960,2024-05-24,2025-05-24
41-867055,41,On-Sale Beer & Wine - Eating Place,ACTIVE,Diner Alameda,Michelle Moore,9736 Franklin Blvd #216,Livermore,CA,90703,Alameda,(925) 373-6128,2023-04-27,2024-04-27
41-899620,41,On-Sale Beer & Wine - Eating Place,ACTIVE,Kitchen Co,Anthony Williams,4225 2nd Pl #985,Livermore,CA,94271,Alameda,(925) 266-1824,2023-08-20,2024-08-20
41-344946,41,On-Sale Beer & Wine - Eating Place,ACTIVE,Bistro Alameda,William Anderson Williams,589 7th Rd,Berkeley,CA,94270,Alameda,(925) 214-8409,2020-06-06,2021-06-06
41-438452,41,On-Sale Beer & Wine - Eating Place,ACTIVE,Grill Fremont Hills,Michael Lopez,2594 Oak St,Fremont,CA,94727,Alameda,(925) 805-7942,2023-08-10,2024-08-10
41-626700,41,On-Sale Beer & Wine - Eating Place,ACTIVE,Eatery,Michelle Martinez Martinez,6120 6th Dr #774,Hayward,CA,92915,Alameda,(510) 373-8343,2004-04-26,2005-04-26
41-479643,41,On-Sale Beer & Wine - Eating Place,ACTIVE,Eatery Berkeley Heights Group,John Rodriguez,374 Oak Ave,Berkeley,CA,94495,Alameda,(925) 309-9716,2013-01-12,2014-01-12
41-943128,41,On-Sale Beer & Wine - Eating Place,ACTIVE,Bistro Alameda Company,Robert Hernandez,5118 Hollywood St,Fremont,CA,92398,Alameda,(510) 705-6193,2009-05-09,2010-05-09
41-755954,41,On-Sale Beer & Wine - Eating Place,ACTIVE,Tavern Alameda,Mark Taylor Garcia,4507 Front Dr,Livermore,CA,95178,Alameda,(925) 526-3722,2013-12-23,2014-12-23
41-383373,41,On-Sale Beer & Wine - Eating Place,ACTIVE,OldPlace 20,Anthony Jones,1423 1st Dr,Livermore,CA,93455,Alameda,(510) 372-8471,2006-11-25,2007-11-25
41-331808,41,On-Sale Beer & Wine - Eating Place,ACTIVE,Cafe Hayward,William Jones,8963 2nd Rd,Hayward,CA,92977,Alameda,(925) 336-3674,2010-06-16,2011-06-16
41-677664,41,On-Sale Beer & Wine - Eating Place,ACTIVE,Tavern Co,Matthew Hernandez,4538 Hollywood Pl,Oakland,CA,90946,Alameda,(510) 278-5962,2008-01-26,2009-01-26
41-988791,41,On-Sale Beer & Wine - Eating Place,ACTIVE,House Hayward,Andrew Anderson,840 2nd Pl #515,Hayward,CA,95190,Alameda,(925) 968-8311,2023-07-03,2024-07-03
41-760517,41,On-Sale Beer & Wine - Eating Place,ACTIVE,Restaurant Hayward Corp,John Rodriguez,8714 6th Ct,Hayward,CA,91584,Alameda,(510) 379-3213,2003-10-18,2004-10-18
41-955482,41,On-Sale Beer & Wine - Eating Place,ACTIVE,Grill LLC,Paul Rodriguez,6093 Ocean Blvd,Fremont,CA,95358,Alameda,(510) 368-8428,2012-11-27,2013-11-27
41-639694,41,On-Sale Beer & Wine - Eating Place,ACTIVE,NewTavern 42,Anthony Martinez,7233 Lincoln St,Livermore,CA,93455,Alameda,(510) 401-9830,2016-08-28,2017-08-28
41-904987,41,On-Sale Beer & Wine - Eating Place,ACTIVE,Tavern,Matthew Miller,5990 2nd Blvd,Hayward,CA,93165,Alameda,(510) 988-7998,2000-07-05,2001-07-05
41-784085,41,On-Sale Beer & Wine - Eating Place,ACTIVE,TheEatery Hayward Inc 96,Lisa Hernandez,6749 Ocean Ave #841,Hayward,CA,90157,Alameda,(925) 890-5591,2017-01-05,2018-01-05
41-297790,41,On-Sale Beer & Wine - Eating Place,ACTIVE,TheRestaurant Company 46,Daniel Martin,8853 6th Ct,Oakland,CA,90620,Alameda,(925) 342-3732,2024-06-18,2025-06-18
41-941451,41,On-Sale Beer & Wine - Eating Place,ACTIVE,Tavern Fremont Hills LLC,Daniel Williams,3477 Madison Rd,Fremont,CA,95299,Alameda,(510) 795-2384,2009-05-13,2010-05-13
41-270059,41,On-Sale Beer & Wine - Eating Place,ACTIVE,OldKitchen 4,David Jones,8374 Broadway Blvd,Fremont,CA,90865,Alameda,(510) 973-4969,2023-08-04,2024-08-04
41-673428,41,On-Sale Beer & Wine - Eating Place,ACTIVE,OldCorner Hayward 32,Michael Anderson,3587 Lincoln Blvd #508,Hayward,CA,92090,Alameda,(510) 774-5311,2019-02-14,2020-02-14
41-304749,41,On-Sale Beer & Wine - Eating Place,ACTIVE,Cafe Livermore Co,Andrew Martin,8178 Broadway Dr,Livermore,CA,92446,Alameda,(510) 314-7625,2022-09-26,2023-09-26
41-957469,41,On-Sale Beer & Wine - Eating Place,ACTIVE,TheCorner Berkeley Hills 85,Daniel Thomas,441 Franklin Ln,Berkeley,CA,96172,Alameda,(925) 837-1773,2017-07-24,2018-07-24
41-247272,41,On-Sale Beer & Wine - Eating Place,ACTIVE,Diner 92,Matthew Thomas Smith,2807 Sunset Rd #442,Oakland,CA,92892,Alameda,(510) 907-8943,2021-04-20,2022-04-20
41-871678,41,On-Sale Beer & Wine - Eating Place,ACTIVE,Spot Hayward,Daniel Hernandez Taylor,3180 Mission Way,Hayward,CA,92796,Alameda,(510) 929-7737,2008-02-27,2009-02-27
41-923281,41,On-Sale Beer & Wine - Eating Place,ACTIVE,Bistro Hayward Valley,Maria Brown,6300 5th Ln,Hayward,CA,90914,Alameda,(925) 298-7030,2005-05-14,2006-05-14
41-937433,41,On-Sale Beer & Wine - Eating Place,ACTIVE,Corner Alameda 67,Paul Gonzalez,9479 Sunset Dr,Fremont,CA,94518,Alameda,(925) 476-1388,2020-06-15,2021-06-15
41-474467,41,On-Sale Beer & Wine - Eating Place,ACTIVE,TheHouse Livermore Heights 74,Michelle Jackson Jones,9815 Sunset Dr,Livermore,CA,92340,Alameda,(925) 670-7025,2000-06-19,2001-06-19
41-214676,41,On-Sale Beer & Wine - Eating Place,ACTIVE,Diner Corp,Michael Williams,9663 5th Dr,Berkeley,CA,92761,Alameda,(925) 827-2758,2023-04-07,2024-04-07
41-630429,41,On-Sale Beer & Wine - Eating Place,ACTIVE,Place,Michael Johnson,1337 Hollywood Way,Hayward,CA,95492,Alameda,(510) 752-8928,2017-10-28,2018-10-28
41-158463,41,On-Sale Beer & Wine - Eating Place,ACTIVE,Spot Inc,Jennifer Johnson,4357 3rd Ln,Fremont,CA,94310,Alameda,(925) 409-5626,2013-01-22,2014-01-22
41-967078,41,On-Sale Beer & Wine - Eating Place,ACTIVE,Tavern Oakland Valley Inc,Lisa Anderson Smith,424 Broadway Pl #465,Oakland,CA,93981,Alameda,(510) 706-4162,2016-11-25,2017-11-25
41-466649,41,On-Sale Beer & Wine - Eating Place,ACTIVE,Kitchen Alameda,David Johnson,7020 7th Pl,Oakland,CA,91007,Alameda,(925) 586-4652,2003-04-25,2004-04-25
41-995109,41,On-Sale Beer & Wine - Eating Place,ACTIVE,Restaurant,Maria Lopez Taylor,3709 Madison Ave,Fremont,CA,90185,Alameda,(510) 217-4004,2015-06-22,2016-06-22
41-143670,41,On-Sale Beer & Wine - Eating Place,ACTIVE,Eatery LLC,Michael Davis,4063 2nd Ave #396,Fremont,CA,91826,Alameda,(510) 940-2094,2010-01-04,2011-01-04
41-901062,41,On-Sale Beer & Wine - Eating Place,ACTIVE,Place Oakland Hills,James Garcia,9436 Lincoln Blvd,Oakland,CA,90009,Alameda,(925) 845-1520,2018-06-10,2019-06-10
41-458486,41,On-Sale Beer & Wine - Eating Place,ACTIVE,Cafe,Maria Williams,5470 2nd Ln,Hayward,CA,90065,Alameda,(925) 402-5666,2005-01-23,2006-01-23
41-746000,41,On-Sale Beer & Wine - Eating Place,ACTIVE,Restaurant Oakland Hills 27,Anthony Brown,8093 7th Ct,Oakland,CA,93447,Alameda,(925) 357-4815,2001-10-03,2002-10-03
41-298486,41,On-Sale Beer & Wine - Eating Place,ACTIVE,NewSpot Hayward 23,Mark Moore,9404 Oak Ln,Hayward,CA,94274,Alameda,(510) 351-8771,2013-04-27,2014-04-27
41-756848,41,On-Sale Beer & Wine - Eating Place,ACTIVE,Spot Oakland Heights,Andrew Rodriguez,8089 Washington Pl,Oakland,CA,91099,Alameda,(510) 301-8531,2015-08-07,2016-08-07
41-234781,41,On-Sale Beer & Wine - Eating Place,ACTIVE,Restaurant Fremont Group,Maria Williams,8728 4th Way,Fremont,CA,95243,Alameda,(925) 397-6701,2016-04-25,2017-04-25
41-366948,41,On-Sale Beer & Wine - Eating Place,ACTIVE,Bistro,Daniel Davis,1854 1st Pl #310,Oakland,CA,94786,Alameda,(510) 598-4661,2003-07-09,2004-07-09
41-960953,41,On-Sale Beer & Wine - Eating Place,ACTIVE,Restaurant,Christopher Rodriguez,6430 Washington Way,Hayward,CA,91801,Alameda,(925) 500-1670,2000-03-11,2001-03-11
41-957473,41,On-Sale Beer & Wine - Eating Place,ACTIVE,Corner Inc,Michael Anderson,797 Front Blvd #715,Hayward,CA,95427,Alameda,(510) 711-2920,2014-03-22,2015-03-22
41-985676,41,On-Sale Beer & Wine - Eating Place,ACTIVE,Diner Oakland Corp,William Taylor Gonzalez,5642 State Dr #674,Oakland,CA,94280,Alameda,(510) 835-7417,2002-11-21,2003-11-21
41-670338,41,On-Sale Beer & Wine - Eating Place,ACTIVE,OldCorner Fremont Valley 71,Matthew Martinez,5567 5th Pl,Fremont,CA,95011,Alameda,(510) 394-5427,2012-05-12,2013-05-12
41-379443,41,On-Sale Beer & Wine - Eating Place,ACTIVE,Bistro 80,Michelle Miller Williams,202 Sunset Ave #173,Fremont,CA,93995,Alameda,(925) 785-4963,2022-04-23,2023-04-23
41-524803,41,On-Sale Beer & Wine - Eating Place,ACTIVE,OldSpot 88,Anthony Davis,8356 Franklin Ave,Livermore,CA,93085,Alameda,(925) 372-8053,2012-03-19,2013-03-19
41-716573,41,On-Sale Beer & Wine - Eating Place,ACTIVE,Corner Group,Michael Thomas Garcia,7568 Mission St,Hayward,CA,93218,Alameda,(510) 554-6307,2003-12-28,2004-12-28
41-509483,41,On-Sale Beer & Wine - Eating Place,ACTIVE,Bistro Corp,Lisa Davis,8222 6th Ave,Fremont,CA,94701,Alameda,(925) 297-7221,2022-11-12,2023-11-12
41-198218,41,On-Sale Beer & Wine - Eating Place,ACTIVE,Place Livermore,James Garcia,3925 Pico Blvd #255,Livermore,CA,92760,Alameda,(925) 668-5156,2008-10-03,2009-10-03
41-530365,41,On-Sale Beer & Wine - Eating Place,ACTIVE,Spot,Matthew Garcia,3573 State Rd,Berkeley,CA,95821,Alameda,(510) 666-5230,2021-07-09,2022-07-09
41-601396,41,On-Sale Beer & Wine - Eating Place,ACTIVE,OldRestaurant Company 83,James Thomas,6407 6th Dr #136,Hayward,CA,90468,Alameda,(510) 231-7104,2009-10-14,2010-10-14
41-918858,41,On-Sale Beer & Wine - Eating Place,ACTIVE,Spot Oakland Corp,Mark Jackson,818 Franklin Blvd #372,Oakland,CA,92641,Alameda,(925) 387-2203,2024-10-08,2025-10-08
41-125216,41,On-Sale Beer & Wine - Eating Place,ACTIVE,TheGrill Alameda Company 29,Andrew Brown,9107 3rd Way,Berkeley,CA,93231,Alameda,(510) 970-3664,2021-07-22,2022-07-22
41-278807,41,On-Sale Beer & Wine - Eating Place,ACTIVE,House,Maria Johnson Brown,9819 Broadway Blvd,Oakland,CA,93316,Alameda,(510) 961-7548,2018-07-02,2019-07-02
41-787347,41,On-Sale Beer & Wine - Eating Place,ACTIVE,Diner Oakland,Lisa Wilson,2492 4th Way #991,Oakland,CA,94485,Alameda,(925) 430-3692,2002-08-11,2003-08-11
41-571038,41,On-Sale Beer & Wine - Eating Place,ACTIVE,Diner Berkeley Valley,Michelle Johnson,3551 Broadway Pl,Berkeley,CA,90378,Alameda,(510) 805-8468,2016-02-01,2017-02-01
41-280830,41,On-Sale Beer & Wine - Eating Place,ACTIVE,House Alameda Inc 61,Lisa Taylor,2592 1st Way,Hayward,CA,92154,Alameda,(925) 949-9669,2023-10-27,2024-10-27
41-138310,41,On-Sale Beer & Wine - Eating Place,ACTIVE,Grill Fremont,Paul Wilson,4653 Washington Way,Fremont,CA,93246,Alameda,(510) 354-2970,2001-11-28,2002-11-28
41-750870,41,On-Sale Beer & Wine - Eating Place,ACTIVE,Grill Co,Michael Martinez,6123 5th Pl,Hayward,CA,91895,Alameda,(925) 557-3620,2008-05-01,2009-05-01
41-277008,41,On-Sale Beer & Wine - Eating Place,ACTIVE,Kitchen Oakland Heights,Anthony Moore,5641 Washington Pl,Oakland,CA,95937,Alameda,(925) 518-4567,2015-09-09,2016-09-09
41-977399,41,On-Sale Beer & Wine - Eating Place,ACTIVE,Place Inc,Steven Williams,537 7th St,Fremont,CA,90523,Alameda,(510) 747-7217,2014-11-23,2015-11-23
41-437953,41,On-Sale Beer & Wine - Eating Place,ACTIVE,Cafe LLC,Steven Rodriguez,3568 4th Dr #710,Oakland,CA,92759,Alameda,(510) 946-5662,2009-01-17,2010-01-17
41-409656,41,On-Sale Beer & Wine - Eating Place,ACTIVE,Spot Corp,Maria Jackson,4731 Jefferson Way,Fremont,CA,95652,Alameda,(925) 378-6526,2021-04-25,2022-04-25
41-573239,41,On-Sale Beer & Wine - Eating Place,ACTIVE,Corner Fremont,Mark Jackson,6494 2nd St,Fremont,CA,94195,Alameda,(510) 334-6830,2015-01-14,2016-01-14
41-355900,41,On-Sale Beer & Wine - Eating Place,ACTIVE,OldCorner Fremont 3,Paul Jones,2806 7th Ln,Fremont,CA,92723,Alameda,(925) 226-7839,2005-07-01,2006-07-01
41-846146,41,On-Sale Beer & Wine - Eating Place,ACTIVE,Place,Jennifer Taylor,694 Market Way,Oakland,CA,91296,Alameda,(510) 257-3179,2008-05-10,2009-05-10
41-158438,41,On-Sale Beer & Wine - Eating Place,ACTIVE,Restaurant Berkeley,Michael Smith,4398 5th St #540,Berkeley,CA,95893,Alameda,(925) 832-5064,2002-01-24,2003-01-24
41-535908,41,On-Sale Beer & Wine - Eating Place,ACTIVE,Spot Oakland 54,Robert Smith Hernandez,373 1st Rd,Oakland,CA,93215,Alameda,(925) 835-3239,2015-03-21,2016-03-21
41-622959,41,On-Sale Beer & Wine - Eating Place,ACTIVE,Tavern,Christopher Taylor Brown,7495 5th Rd,Berkeley,CA,94440,Alameda,(925) 220-1400,2002-03-21,2003-03-21
41-963105,41,On-Sale Beer & Wine - Eating Place,ACTIVE,OldKitchen Berkeley Valley Inc 62,Andrew Taylor Davis,3565 Main Ln,Berkeley,CA,92755,Alameda,(925) 694-2751,2016-05-13,2017-05-13
41-775724,41,On-Sale Beer & Wine - Eating Place,ACTIVE,Kitchen Oakland Hills Corp,Lisa Wilson Smith,480 7th Pl,Oakland,CA,93862,Alameda,(925) 737-3713,2018-09-23,2019-09-23
41-964744,41,On-Sale Beer & Wine - Eating Place,ACTIVE,Grill Alameda,William Williams,2057 6th St #755,Livermore,CA,94142,Alameda,(925) 654-4818,2010-05-06,2011-05-06
41-368121,41,On-Sale Beer & Wine - Eating Place,ACTIVE,Restaurant Group,Maria Smith,7127 Madison Dr,Oakland,CA,91916,Alameda,(925) 947-1388,2019-01-25,2020-01-25
41-706400,41,On-Sale Beer & Wine - Eating Place,ACTIVE,Eatery,David Williams,2304 Mission Ln #612,Fremont,CA,90711,Alameda,(510) 411-3557,2006-08-28,2007-08-28
41-557155,41,On-Sale Beer & Wine - Eating Place,ACTIVE,Eatery Fremont Co,David Smith,500 Washington Blvd #108,Fremont,CA,92407,Alameda,(925) 632-1970,2008-09-20,2009-09-20
41-124187,41,On-Sale Beer & Wine - Eating Place,ACTIVE,Tavern Oakland Inc,Kenneth Brown,4391 Market Way #872,Oakland,CA,93291,Alameda,(925) 788-1146,2020-11-27,2021-11-27
41-705986,41,On-Sale Beer & Wine - Eating Place,ACTIVE,Spot Alameda,Robert Garcia,2613 Jefferson St #148,Fremont,CA,93982,Alameda,(510) 967-9119,2012-03-19,2013-03-19
41-899937,41,On-Sale Beer & Wine - Eating Place,ACTIVE,Tavern Livermore Heights Group,Michael Thomas,4742 Main Rd #152,Livermore,CA,93759,Alameda,(925) 300-1375,2007-07-10,2008-07-10
41-501576,41,On-Sale Beer & Wine - Eating Place,ACTIVE,Corner Inc,Matthew Williams,5592 1st Way #987,Hayward,CA,90949,Alameda,(925) 397-7336,2021-11-27,2022-11-27
41-809715,41,On-Sale Beer & Wine - Eating Place,ACTIVE,Cafe Hayward Co,Anthony Jones,3548 Madison Blvd,Hayward,CA,93433,Alameda,(510) 620-8246,2023-03-11,2024-03-11
41-135111,41,On-Sale Beer & Wine - Eating Place,ACTIVE,Corner Alameda LLC 5,William Hernandez,6366 1st Ave #538,Hayward,CA,92219,Alameda,(925) 545-5587,2009-10-03,2010-10-03
41-876517,41,On-Sale Beer & Wine - Eating Place,ACTIVE,Spot Livermore Heights,David Garcia,7566 3rd Ln,Livermore,CA,95245,Alameda,(925) 759-9199,2021-06-11,2022-06-11
41-228250,41,On-Sale Beer & Wine - Eating Place,ACTIVE,Spot,Michael Taylor,4267 Broadway Pl,Hayward,CA,93576,Alameda,(925) 202-1384,2021-09-10,2022-09-10
41-697374,41,On-Sale Beer & Wine - Eating Place,ACTIVE,Spot,Robert Thomas,8390 1st Ct,Livermore,CA,90169,Alameda,(925) 946-3703,2004-03-14,2005-03-14
41-313190,41,On-Sale Beer & Wine - Eating Place,ACTIVE,TheGrill Alameda 39,Anthony Martin Hernandez,2927 Front Dr,Hayward,CA,92732,Alameda,(925) 574-3689,2012-12-22,2013-12-22
41-779712,41,On-Sale Beer & Wine - Eating Place,ACTIVE,Diner Berkeley Hills Inc,Michael Moore,3994 Sunset Ln,Berkeley,CA,91093,Alameda,(925) 838-4687,2019-03-18,2020-03-18
41-152691,41,On-Sale Beer & Wine - Eating Place,ACTIVE,Cafe Alameda Company,Maria Taylor Taylor,3007 Oak Blvd,Livermore,CA,93059,Alameda,(510) 204-3110,2021-06-11,2022-06-11
41-939682,41,On-Sale Beer & Wine - Eating Place,ACTIVE,Corner Inc 21,David Gonzalez,3362 5th Blvd,Hayward,CA,94243,Alameda,(925) 652-4413,2024-03-15,2025-03-15
41-901145,41,On-Sale Beer & Wine - Eating Place,ACTIVE,Cafe Fremont Group 28,Jennifer Rodriguez,1349 Main Ct,Fremont,CA,90325,Alameda,(925) 207-7585,2013-08-19,2014-08-19
41-716888,41,On-Sale Beer & Wine - Eating Place,ACTIVE,TheCorner Co 8,Maria Wilson,6862 1st Pl #781,Hayward,CA,95578,Alameda,(925) 654-4187,2005-09-07,2006-09-07
41-684605,41,On-Sale Beer & Wine - Eating Place,ACTIVE,Kitchen,Christopher Smith,5175 7th Way,Hayward,CA,92515,Alameda,(925) 561-8647,2008-06-26,2009-06-26
41-302811,41,On-Sale Beer & Wine - Eating Place,ACTIVE,Kitchen Fremont Heights Inc,Michael Moore,1045 Oak Rd,Fremont,CA,94548,Alameda,(510) 285-4733,2002-03-09,2003-03-09
41-783223,41,On-Sale Beer & Wine - Eating Place,ACTIVE,TheCafe 41,William Gonzalez,5421 Broadway Ln,Fremont,CA,96116,Alameda,(510) 702-1599,2018-04-26,2019-04-26
41-415312,41,On-Sale Beer & Wine - Eating Place,ACTIVE,Restaurant,Matthew Williams Gonzalez,9959 Broadway Dr,Berkeley,CA,91726,Alameda,(510) 611-7868,2001-03-17,2002-03-17
41-560552,41,On-Sale Beer & Wine - Eating Place,ACTIVE,NewTavern Alameda 45,Paul Taylor,6442 5th Rd,Berkeley,CA,93751,Alameda,(925) 588-6972,2003-09-20,2004-09-20
41-479136,41,On-Sale Beer & Wine - Eating Place,ACTIVE,Diner Alameda Group,John Miller Jones,7189 Wilshire Dr,Livermore,CA,91419,Alameda,(510) 827-4410,2020-08-05,2021-08-05
41-824276,41,On-Sale Beer & Wine - Eating Place,ACTIVE,OldHouse Hayward Valley 32,Daniel Gonzalez,6638 Maple Pl,Hayward,CA,95061,Alameda,(925) 382-4437,2004-05-04,2005-05-04
41-779125,41,On-Sale Beer & Wine - Eating Place,ACTIVE,TheCorner 86,Jennifer Davis,1009 Oak St,Livermore,CA,91693,Alameda,(925) 725-2637,2008-10-19,2009-10-19
41-259897,41,On-Sale Beer & Wine - Eating Place,ACTIVE,Grill Alameda,Mark Jones,2758 Maple Pl,Berkeley,CA,93058,Alameda,(510) 983-3969,2016-09-09,2017-09-09
41-917415,41,On-Sale Beer & Wine - Eating Place,ACTIVE,House Company,Mark Davis,9768 Main Pl,Livermore,CA,96117,Alameda,(925) 998-2324,2008-09-26,2009-09-26
41-577541,41,On-Sale Beer & Wine - Eating Place,ACTIVE,Restaurant Company,Daniel Taylor Martinez,3741 Hollywood Ct,Fremont,CA,90446,Alameda,(510) 373-8836,2007-09-18,2008-09-18
41-568278,41,On-Sale Beer & Wine - Eating Place,ACTIVE,Tavern Corp,Mark Wilson,7113 Washington Ave,Berkeley,CA,92433,Alameda,(925) 960-4530,2019-06-08,2020-06-08
41-760110,41,On-Sale Beer & Wine - Eating Place,ACTIVE,Grill Alameda Company,Michael Rodriguez,9703 Franklin Ln,Hayward,CA,93359,Alameda,(510) 246-1435,2007-09-01,2008-09-01
41-659430,41,On-Sale Beer & Wine - Eating Place,ACTIVE,Bistro Co,Maria Jones,4919 Mission St #549,Berkeley,CA,94613,Alameda,(510) 616-3537,2002-10-04,2003-10-04
41-929772,41,On-Sale Beer & Wine - Eating Place,ACTIVE,OldEatery 63,Anthony Smith Miller,4265 Pico Ct,Livermore,CA,94742,Alameda,(925) 340-9704,2009-07-22,2010-07-22
41-823980,41,On-Sale Beer & Wine - Eating Place,ACTIVE,Cafe,Matthew Davis,9910 Sunset Way,Berkeley,CA,92385,Alameda,(510) 877-8840,2012-10-18,2013-10-18
41-409812,41,On-Sale Beer & Wine - Eating Place,ACTIVE,Restaurant Berkeley Hills Co,Lisa Johnson,8883 7th Rd,Berkeley,CA,95819,Alameda,(510) 747-3005,2003-08-21,2004-08-21
41-796635,41,On-Sale Beer & Wine - Eating Place,ACTIVE,House Livermore Co,Kenneth Miller,5743 7th Way,Livermore,CA,90258,Alameda,(510) 568-6047,2013-04-23,2014-04-23
41-396970,41,On-Sale Beer & Wine - Eating Place,ACTIVE,NewCorner Alameda Corp 77,Mark Anderson Smith,1155 Oak Way #935,Fremont,CA,90123,Alameda,(510) 982-7115,2022-12-23,2023-12-23
41-720095,41,On-Sale Beer & Wine - Eating Place,ACTIVE,Kitchen Alameda Co,Michelle Smith,2439 Franklin Rd,Berkeley,CA,93039,Alameda,(925) 264-1508,2010-04-28,2011-04-28
41-463906,41,On-Sale Beer & Wine - Eating Place,ACTIVE,Diner Livermore,Jennifer Wilson,7541 6th Ct,Livermore,CA,91966,Alameda,(925) 372-1119,2022-09-01,2023-09-01
41-655918,41,On-Sale Beer & Wine - Eating Place,ACTIVE,Kitchen Alameda Corp,William Wilson Thomas,521 Wilshire Dr #190,Berkeley,CA,91709,Alameda,(510) 407-9305,2000-12-28,2001-12-28
41-826313,41,On-Sale Beer & Wine - Eating Place,ACTIVE,Grill LLC,Steven Smith Brown,840 Maple Blvd,Oakland,CA,92621,Alameda,(925) 827-4673,2006-12-02,2007-12-02
41-341125,41,On-Sale Beer & Wine - Eating Place,ACTIVE,House Fremont Valley,Paul Davis,3730 Market Dr,Fremont,CA,91696,Alameda,(925) 912-3455,2003-08-23,2004-08-23
41-779756,41,On-Sale Beer & Wine - Eating Place,ACTIVE,Spot,Robert Lopez,3757 Pico Blvd,Berkeley,CA,93017,Alameda,(510) 809-5650,2008-01-20,2009-01-20
41-328939,41,On-Sale Beer & Wine - Eating Place,ACTIVE,NewDiner Group 3,Andrew Gonzalez,1078 Front St #536,Oakland,CA,93809,Alameda,(510) 718-4802,2010-05-24,2011-05-24
41-728962,41,On-Sale Beer & Wine - Eating Place,ACTIVE,House Hayward,Kenneth Rodriguez Brown,6868 Hollywood Way #621,Hayward,CA,91006,Alameda,(925) 262-6609,2006-04-05,2007-04-05
41-200150,41,On-Sale Beer & Wine - Eating Place,ACTIVE,House Company,Christopher Wilson Johnson,9590 Pico Rd,Berkeley,CA,91845,Alameda,(925) 440-6154,2021-04-19,2022-04-19
41-519148,41,On-Sale Beer & Wine - Eating Place,ACTIVE,Corner Hayward Valley,Michelle Lopez,4298 3rd Way #581,Hayward,CA,95881,Alameda,(925) 413-2486,2005-02-02,2006-02-02
41-109733,41,On-Sale Beer & Wine - Eating Place,ACTIVE,NewEatery Livermore Hills Co 56,Maria Wilson Wilson,1824 Madison Way,Livermore,CA,94481,Alameda,(510) 291-1939,2008-06-17,2009-06-17
41-536781,41,On-Sale Beer & Wine - Eating Place,ACTIVE,House Oakland,Paul Thomas,4953 Sunset Blvd,Oakland,CA,91272,Alameda,(510) 363-3550,2015-07-16,2016-07-16
41-657428,41,On-Sale Beer & Wine - Eating Place,ACTIVE,House,Michael Smith,9965 3rd St,Oakland,CA,93089,Alameda,(925) 323-5364,2008-04-20,2009-04-20
41-740100,41,On-Sale Beer & Wine - Eating Place,ACTIVE,Restaurant Livermore,Anthony Lopez,4642 Broadway St,Livermore,CA,92931,Alameda,(925) 218-3260,2011-10-10,2012-10-10
41-960399,41,On-Sale Beer & Wine - Eating Place,ACTIVE,Bistro Berkeley,Kenneth Johnson,1598 5th Ln,Berkeley,CA,94646,Alameda,(925) 843-7363,2021-07-17,2022-07-17
41-491099,41,On-Sale Beer & Wine - Eating Place,ACTIVE,Spot,Daniel Brown,8218 5th Rd #142,Fremont,CA,93347,Alameda,(510) 203-1834,2004-09-03,2005-09-03
41-915807,41,On-Sale Beer & Wine - Eating Place,ACTIVE,House Berkeley Co,Maria Martin,5197 Ocean Blvd,Berkeley,CA,94426,Alameda,(925) 683-5532,2010-09-27,2011-09-27
41-270620,41,On-Sale Beer & Wine - Eating Place,ACTIVE,NewTavern Berkeley Corp 98,Michael Rodriguez,3961 Hollywood Pl,Berkeley,CA,93917,Alameda,(925) 495-7332,2013-04-19,2014-04-19
41-463810,41,On-Sale Beer & Wine - Eating Place,ACTIVE,Diner,Andrew Johnson,9457 State Pl,Fremont,CA,91371,Alameda,(925) 402-7194,2016-10-01,2017-10-01
41-807779,41,On-Sale Beer & Wine - Eating Place,ACTIVE,NewRestaurant Group 34,Anthony Garcia,5956 Lincoln St,Hayward,CA,92813,Alameda,(510) 594-4468,2015-07-08,2016-07-08
41-363298,41,On-Sale Beer & Wine - Eating Place,ACTIVE,Cafe Alameda LLC,Jennifer Jackson,8313 Sunset St,Berkeley,CA,95563,Alameda,(925) 340-6485,2008-05-10,2009-05-10
41-872129,41,On-Sale Beer & Wine - Eating Place,ACTIVE,Eatery Livermore Company 19,William Davis,2228 Wilshire Ln,Livermore,CA,95802,Alameda,(510) 439-2354,2008-04-23,2009-04-23
41-623699,41,On-Sale Beer & Wine - Eating Place,ACTIVE,Spot,Michelle Davis,586 Ocean Pl #604,Berkeley,CA,93099,Alameda,(510) 668-8440,2002-04-17,2003-04-17
41-626850,41,On-Sale Beer & Wine - Eating Place,ACTIVE,TheKitchen 27,Daniel Jackson,4744 5th Dr,Berkeley,CA,92703,Alameda,(510) 345-8795,2005-01-01,2006-01-01
41-848308,41,On-Sale Beer & Wine - Eating Place,ACTIVE,Grill,Andrew Brown,6406 2nd Dr,Fremont,CA,90767,Alameda,(925) 415-5271,2011-01-08,2012-01-08
41-627673,41,On-Sale Beer & Wine - Eating Place,ACTIVE,TheSpot Inc 8,Steven Williams,343 Pico Ct #461,Hayward,CA,93706,Alameda,(925) 729-7941,2024-10-14,2025-10-14
41-852577,41,On-Sale Beer & Wine - Eating Place,ACTIVE,NewCafe Co 83,Michael Davis,2446 Sunset Dr,Oakland,CA,95299,Alameda,(925) 894-9711,2017-06-07,2018-06-07
41-754337,41,On-Sale Beer & Wine - Eating Place,ACTIVE,Bistro,Mark Johnson,2884 5th Dr #753,Oakland,CA,93214,Alameda,(925) 440-7678,2011-10-11,2012-10-11
41-222034,41,On-Sale Beer & Wine - Eating Place,ACTIVE,NewPlace Alameda 41,Michael Davis,337 State Ct,Hayward,CA,91404,Alameda,(510) 290-5006,2009-02-02,2010-02-02
41-629994,41,On-Sale Beer & Wine - Eating Place,ACTIVE,Restaurant Fremont Co 6,Paul Smith,2129 6th Ave,Fremont,CA,96095,Alameda,(510) 594-2599,2002-06-28,2003-06-28
41-742656,41,On-Sale Beer & Wine - Eating Place,ACTIVE,NewCafe Oakland 43,Jennifer Gonzalez,9026 Mission St,Oakland,CA,92651,Alameda,(510) 927-3016,2003-11-23,2004-11-23
41-941150,41,On-Sale Beer & Wine - Eating Place,ACTIVE,Tavern Berkeley,Paul Davis,8139 Hollywood Rd,Berkeley,CA,92707,Alameda,(925) 395-3522,2021-03-03,2022-03-03
41-334426,41,On-Sale Beer & Wine - Eating Place,ACTIVE,Kitchen Berkeley,Michael Davis,9528 Franklin St,Berkeley,CA,94714,Alameda,(510) 336-4647,2008-10-06,2009-10-06
41-768378,41,On-Sale Beer & Wine - Eating Place,ACTIVE,Restaurant,James Miller Miller,513 Franklin Ct,Fremont,CA,93088,Alameda,(510) 707-9497,2019-10-12,2020-10-12
41-434663,41,On-Sale Beer & Wine - Eating Place,ACTIVE,NewBistro 44,Mark Gonzalez,5079 Ocean Rd,Fremont,CA,95263,Alameda,(510) 657-3415,2023-10-06,2024-10-06
41-149175,41,On-Sale Beer & Wine - Eating Place,ACTIVE,TheDiner Co 2,Michelle Taylor,2530 Franklin Ln,Hayward,CA,95470,Alameda,(925) 975-4347,2015-05-12,2016-05-12
41-972291,41,On-Sale Beer & Wine - Eating Place,ACTIVE,TheHouse Fremont Company 41,David Brown,5876 Sunset Way,Fremont,CA,90393,Alameda,(510) 997-6231,2001-11-14,2002-11-14
41-538133,41,On-Sale Beer & Wine - Eating Place,ACTIVE,Corner Fremont Co,Maria Miller,845 4th Ln #410,Fremont,CA,94465,Alameda,(510) 789-1441,2007-12-26,2008-12-26
41-764333,41,On-Sale Beer & Wine - Eating Place,ACTIVE,Kitchen Livermore Hills,Michelle Hernandez,7053 Wilshire Dr,Livermore,CA,93214,Alameda,(925) 677-6211,2007-08-22,2008-08-22
41-456485,41,On-Sale Beer & Wine - Eating Place,ACTIVE,Grill Livermore Valley Company,Matthew Williams,505 Lincoln St #386,Livermore,CA,95829,Alameda,(510) 331-5801,2023-11-01,2024-11-01
41-175618,41,On-Sale Beer & Wine - Eating Place,ACTIVE,Grill LLC,Paul Moore,6938 Hollywood Rd,Berkeley,CA,91505,Alameda,(925) 553-9167,2014-02-16,2015-02-16
41-299570,41,On-Sale Beer & Wine - Eating Place,ACTIVE,Diner,Jennifer Lopez,8069 3rd Rd #256,Oakland,CA,91947,Alameda,(925) 457-9941,2006-11-08,2007-11-08
41-734508,41,On-Sale Beer & Wine - Eating Place,ACTIVE,Restaurant,Paul Martinez,6360 Ocean Rd,Fremont,CA,95548,Alameda,(925) 432-8157,2014-10-21,2015-10-21
41-652138,41,On-Sale Beer & Wine - Eating Place,ACTIVE,Bistro,Kenneth Miller Jones,6079 Jefferson Ct,Oakland,CA,95378,Alameda,(510) 518-5184,2008-11-25,2009-11-25
41-480638,41,On-Sale Beer & Wine - Eating Place,ACTIVE,Place Oakland 89,Kenneth Brown,3862 Washington St,Oakland,CA,91396,Alameda,(925) 782-3213,2007-07-04,2008-07-04
41-491983,41,On-Sale Beer & Wine - Eating Place,ACTIVE,Bistro Inc,Lisa Williams,820 Jefferson Ave,Oakland,CA,91031,Alameda,(925) 535-5250,2018-12-02,2019-12-02
41-488505,41,On-Sale Beer & Wine - Eating Place,ACTIVE,Cafe,Maria Smith,2537 4th Pl #485,Fremont,CA,95439,Alameda,(510) 687-2613,2009-03-23,2010-03-23
41-915313,41,On-Sale Beer & Wine - Eating Place,ACTIVE,Grill Berkeley,Anthony Rodriguez,435 State Blvd,Berkeley,CA,90503,Alameda,(925) 949-7451,2012-10-09,2013-10-09
41-384132,41,On-Sale Beer & Wine - Eating Place,ACTIVE,Kitchen Alameda,Maria Davis Johnson,346 Pico Way,Fremont,CA,91992,Alameda,(925) 325-6480,2021-08-05,2022-08-05
41-171159,41,On-Sale Beer & Wine - Eating Place,ACTIVE,Place Alameda,Kenneth Brown,6936 2nd Dr,Berkeley,CA,90458,Alameda,(925) 244-3449,2012-01-01,2013-01-01
41-253076,41,On-Sale Beer & Wine - Eating Place,ACTIVE,Eatery Livermore,Christopher Johnson,2892 4th Pl,Livermore,CA,92325,Alameda,(510) 438-4458,2016-08-19,2017-08-19
41-499933,41,On-Sale Beer & Wine - Eating Place,ACTIVE,TheTavern Alameda 72,John Taylor,1790 Washington Ln,Fremont,CA,94889,Alameda,(925) 978-4808,2013-12-15,2014-12-15
41-289392,41,On-Sale Beer & Wine - Eating Place,ACTIVE,Kitchen LLC,Steven Miller,9447 Maple Pl,Livermore,CA,90404,Alameda,(925) 417-2103,2014-05-22,2015-05-22
41-324835,41,On-Sale Beer & Wine - Eating Place,ACTIVE,Corner Co,David Williams Moore,439 Maple Dr,Oakland,CA,95990,Alameda,(510) 491-3765,2024-12-27,2025-12-27
41-475981,41,On-Sale Beer & Wine - Eating Place,ACTIVE,Grill,Michelle Jones,7821 Franklin Dr,Hayward,CA,95689,Alameda,(510) 722-7877,2008-05-23,2009-05-23
41-462690,41,On-Sale Beer & Wine - Eating Place,ACTIVE,TheKitchen Hayward Valley Group 12,Mark Martinez,6172 Ocean Way #628,Hayward,CA,94464,Alameda,(925) 887-9441,2023-02-12,2024-02-12
41-398936,41,On-Sale Beer & Wine - Eating Place,ACTIVE,Cafe Alameda,William Johnson,529 3rd St,Berkeley,CA,93131,Alameda,(925) 593-3614,2000-05-10,2001-05-10
41-562969,41,On-Sale Beer & Wine - Eating Place,ACTIVE,Diner Group,William Brown Jones,2909 Oak Ave,Livermore,CA,92117,Alameda,(510) 374-8549,2024-11-10,2025-11-10
41-122480,41,On-Sale Beer & Wine - Eating Place,ACTIVE,House,James Martinez Lopez,3435 4th Rd,Hayward,CA,90918,Alameda,(925) 621-8980,2013-09-21,2014-09-21
41-157277,41,On-Sale Beer & Wine - Eating Place,ACTIVE,TheRestaurant Alameda 100,Michelle Gonzalez,7132 Franklin Blvd,Fremont,CA,93115,Alameda,(510) 885-5471,2020-06-25,2021-06-25
41-261600,41,On-Sale Beer & Wine - Eating Place,ACTIVE,Restaurant Alameda LLC,Lisa Jackson,9169 7th Ave #244,Livermore,CA,91421,Alameda,(510) 312-4372,2013-05-25,2014-05-25
41-211912,41,On-Sale Beer & Wine - Eating Place,ACTIVE,Grill Hayward Valley Group,Mark Jackson Davis,5632 Main Rd,Hayward,CA,92165,Alameda,(925) 721-2591,2023-04-05,2024-04-05
41-415450,41,On-Sale Beer & Wine - Eating Place,ACTIVE,Eatery,Steven Taylor,6638 Ocean Ln,Oakland,CA,90563,Alameda,(510) 969-4108,2003-04-23,2004-04-23
41-835399,41,On-Sale Beer & Wine - Eating Place,ACTIVE,Cafe,Robert Brown,9391 Hollywood Rd #646,Livermore,CA,93873,Alameda,(510) 257-9486,2022-03-15,2023-03-15
41-935765,41,On-Sale Beer & Wine - Eating Place,ACTIVE,TheRestaurant Fremont Heights Co 29,Michelle Brown,4534 1st Way,Fremont,CA,92976,Alameda,(925) 280-4567,2001-12-24,2002-12-24
41-969867,41,On-Sale Beer & Wine - Eating Place,ACTIVE,Cafe Group,Jennifer Martin,9077 Sunset Ct,Oakland,CA,95228,Alameda,(925) 388-4655,2011-08-24,2012-08-24
41-144523,41,On-Sale Beer & Wine - Eating Place,ACTIVE,Place Alameda,Michael Wilson,8843 Oak Pl #292,Oakland,CA,95504,Alameda,(925) 506-1800,2002-10-05,2003-10-05
41-591720,41,On-Sale Beer & Wine - Eating Place,ACTIVE,Place Livermore Hills Inc,Daniel Martin,7135 Oak Way #463,Livermore,CA,90216,Alameda,(510) 452-5527,2008-11-05,2009-11-05
41-289235,41,On-Sale Beer & Wine - Eating Place,ACTIVE,Tavern Alameda,Lisa Miller,2823 State Way #436,Oakland,CA,95294,Alameda,(510) 816-3128,2002-11-22,2003-11-22
41-187158,41,On-Sale Beer & Wine - Eating Place,ACTIVE,Restaurant Berkeley Valley Co,Paul Jackson,4270 Hollywood Ln,Berkeley,CA,92252,Alameda,(925) 845-1016,2017-08-09,2018-08-09
41-146758,41,On-Sale Beer & Wine - Eating Place,ACTIVE,OldGrill Alameda 53,Andrew Garcia,7052 Market Ln #116,Oakland,CA,94826,Alameda,(925) 778-9308,2018-10-15,2019-10-15
41-494514,41,On-Sale Beer & Wine - Eating Place,ACTIVE,Place Livermore Valley,Robert Gonzalez,9276 Madison Pl,Livermore,CA,93319,Alameda,(925) 733-2398,2001-11-21,2002-11-21
41-951881,41,On-Sale Beer & Wine - Eating Place,ACTIVE,Spot,Maria Brown,6969 Ocean Ln,Berkeley,CA,90827,Alameda,(925) 704-5266,2001-11-06,2002-11-06
41-970029,41,On-Sale Beer & Wine - Eating Place,ACTIVE,Kitchen Livermore Inc,James Jones,605 Market Way,Livermore,CA,95863,Alameda,(510) 958-4598,2004-11-18,2005-11-18
41-893479,41,On-Sale Beer & Wine - Eating Place,ACTIVE,TheCorner 90,Steven Wilson,5375 Broadway Ave #958,Berkeley,CA,95878,Alameda,(510) 311-1243,2014-12-05,2015-12-05
41-833242,41,On-Sale Beer & Wine - Eating Place,ACTIVE,House Company 100,Kenneth Martin,7634 Sunset Ct #103,Hayward,CA,91180,Alameda,(510) 489-5265,2020-02-02,2021-02-02
41-396807,41,On-Sale Beer & Wine - Eating Place,ACTIVE,Kitchen Berkeley Corp,Paul Miller Jackson,2647 Madison Way,Berkeley,CA,91016,Alameda,(510) 791-4985,2013-07-02,2014-07-02
41-403387,41,On-Sale Beer & Wine - Eating Place,ACTIVE,Cafe Fremont,Daniel Moore,5240 Pico Blvd #413,Fremont,CA,92891,Alameda,(925) 968-7705,2014-08-08,2015-08-08
41-238574,41,On-Sale Beer & Wine - Eating Place,ACTIVE,Diner Oakland Heights Corp,Paul Jones Rodriguez,9074 2nd Pl,Oakland,CA,90262,Alameda,(925) 993-8897,2022-12-28,2023-12-28
41-514930,41,On-Sale Beer & Wine - Eating Place,ACTIVE,Restaurant Hayward,Lisa Rodriguez,1303 Lincoln St,Hayward,CA,93620,Alameda,(510) 787-8833,2012-12-21,2013-12-21
41-208732,41,On-Sale Beer & Wine - Eating Place,ACTIVE,Cafe Company,Michael Davis,5272 Oak Ct,Oakland,CA,92641,Alameda,(925) 358-8019,2016-08-07,2017-08-07
41-375165,41,On-Sale Beer & Wine - Eating Place,ACTIVE,TheCafe 52,Daniel Hernandez,5781 Madison St,Oakland,CA,93476,Alameda,(510) 386-2875,2023-03-10,2024-03-10
41-778083,41,On-Sale Beer & Wine - Eating Place,ACTIVE,Bistro,Mark Anderson Davis,6250 3rd Ct,Livermore,CA,94123,Alameda,(510) 943-7719,2007-02-06,2008-02-06
41-402647,41,On-Sale Beer & Wine - Eating Place,ACTIVE,Spot Group,Jennifer Rodriguez,4786 Main St #462,Fremont,CA,95267,Alameda,(510) 416-8308,2010-11-28,2011-11-28
41-427707,41,On-Sale Beer & Wine - Eating Place,ACTIVE,Cafe Corp,Lisa Jones,1264 Front Pl,Fremont,CA,94181,Alameda,(925) 734-2752,2007-03-09,2008-03-09
41-588988,41,On-Sale Beer & Wine - Eating Place,ACTIVE,Place Hayward,Kenneth Smith,2095 7th Pl #787,Hayward,CA,93485,Alameda,(510) 570-8189,2020-10-24,2021-10-24
41-332209,41,On-Sale Beer & Wine - Eating Place,ACTIVE,Cafe Fremont,David Wilson Brown,348 Oak Rd,Fremont,CA,93090,Alameda,(510) 979-6668,2012-11-04,2013-11-04
41-303363,41,On-Sale Beer & Wine - Eating Place,ACTIVE,Restaurant Livermore Group,John Thomas,2129 Sunset Ave,Livermore,CA,95969,Alameda,(925) 241-5618,2014-05-04,2015-05-04
41-736644,41,On-Sale Beer & Wine - Eating Place,ACTIVE,Cafe,Daniel Williams,2224 Ocean Ln #359,Hayward,CA,95230,Alameda,(925) 532-1739,2018-08-23,2019-08-23
41-363262,41,On-Sale Beer & Wine - Eating Place,ACTIVE,NewEatery Corp 94,Maria Wilson,1950 3rd Ct,Fremont,CA,94542,Alameda,(510) 438-5722,2005-04-01,2006-04-01
41-692101,41,On-Sale Beer & Wine - Eating Place,ACTIVE,Tavern Oakland Hills Co,Mark Rodriguez,2999 1st St,Oakland,CA,94186,Alameda,(510) 416-7449,2007-04-17,2008-04-17
41-946433,41,On-Sale Beer & Wine - Eating Place,ACTIVE,Tavern,Mark Jackson,165 Mission Ln,Fremont,CA,90795,Alameda,(510) 266-1041,2011-01-27,2012-01-27
41-753695,41,On-Sale Beer & Wine - Eating Place,ACTIVE,Kitchen Oakland,Anthony Wilson,4650 Lincoln Ln #213,Oakland,CA,91498,Alameda,(510) 814-2532,2012-04-05,2013-04-05
41-107669,41,On-Sale Beer & Wine - Eating Place,ACTIVE,TheCafe Alameda 62,Mark Miller,167 1st Way,Livermore,CA,92906,Alameda,(510) 581-6376,2006-10-02,2007-10-02
41-228329,41,On-Sale Beer & Wine - Eating Place,ACTIVE,Place Inc 42,Kenneth Martin,801 Pico Ct #950,Hayward,CA,90828,Alameda,(925) 674-6203,2010-09-25,2011-09-25
41-754468,41,On-Sale Beer & Wine - Eating Place,ACTIVE,Spot Alameda,David Anderson,1439 4th Pl,Livermore,CA,94379,Alameda,(925) 364-9970,2017-03-02,2018-03-02
41-602560,41,On-Sale Beer & Wine - Eating Place,ACTIVE,OldPlace Hayward Valley Corp 20,Maria Martinez,751 State Pl,Hayward,CA,90262,Alameda,(925) 911-6151,2004-12-25,2005-12-25
41-525649,41,On-Sale Beer & Wine - Eating Place,ACTIVE,TheEatery 57,Andrew Martin,5302 Main Rd,Oakland,CA,92687,Alameda,(925) 726-5515,2014-08-04,2015-08-04
41-156241,41,On-Sale Beer & Wine - Eating Place,ACTIVE,Place Fremont Inc,Mark Martin,7280 Mission Ave,Fremont,CA,92258,Alameda,(925) 239-1101,2024-03-11,2025-03-11
41-665228,41,On-Sale Beer & Wine - Eating Place,ACTIVE,Place Fremont Inc,Mark Davis,2960 Lincoln Pl,Fremont,CA,94567,Alameda,(510) 926-7919,2009-04-15,2010-04-15
41-999435,41,On-Sale Beer & Wine - Eating Place,ACTIVE,NewEatery 89,Anthony Hernandez Martin,9917 Oak Ave,Hayward,CA,90773,Alameda,(510) 302-1532,2019-12-03,2020-12-03
41-401460,41,On-Sale Beer & Wine - Eating Place,ACTIVE,Eatery Fremont 52,Michael Garcia,8801 State Way,Fremont,CA,95514,Alameda,(510) 814-7791,2009-06-25,2010-06-25
41-788372,41,On-Sale Beer & Wine - Eating Place,ACTIVE,Tavern Hayward Valley,Kenneth Smith Anderson,8543 4th Ct #848,Hayward,CA,92834,Alameda,(510) 908-5237,2021-08-22,2022-08-22
41-720177,41,On-Sale Beer & Wine - Eating Place,ACTIVE,NewRestaurant Hayward 79,Matthew Hernandez,364 Market St,Hayward,CA,90634,Alameda,(925) 909-5354,2016-03-20,2017-03-20
41-651184,41,On-Sale Beer & Wine - Eating Place,ACTIVE,Restaurant,Christopher Smith,7732 Wilshire Rd,Berkeley,CA,92451,Alameda,(510) 770-9106,2000-01-18,2001-01-18
41-864465,41,On-Sale Beer & Wine - Eating Place,ACTIVE,Eatery,Anthony Wilson Smith,5761 Ocean Ave #974,Hayward,CA,93292,Alameda,(925) 761-2144,2022-09-20,2023-09-20
41-261985,41,On-Sale Beer & Wine - Eating Place,ACTIVE,NewDiner Oakland 60,William Moore,7477 Mission Ln #204,Oakland,CA,91956,Alameda,(925) 736-6659,2006-03-13,2007-03-13
41-907921,41,On-Sale Beer & Wine - Eating Place,ACTIVE,Corner Livermore Heights LLC,Robert Martinez,7788 Washington Pl #841,Livermore,CA,92029,Alameda,(510) 631-6894,2014-09-20,2015-09-20
41-885249,41,On-Sale Beer & Wine - Eating Place,ACTIVE,Restaurant LLC,Michelle Martinez,6581 1st Blvd,Berkeley,CA,91311,Alameda,(510) 368-6502,2000-09-10,2001-09-10
41-811780,41,On-Sale Beer & Wine - Eating Place,ACTIVE,Grill Alameda,Daniel Garcia,4831 Pico Pl,Oakland,CA,92359,Alameda,(925) 818-4252,2003-06-08,2004-06-08
41-223821,41,On-Sale Beer & Wine - Eating Place,ACTIVE,NewCafe Inc 49,James Miller Jones,1069 3rd Ave,Fremont,CA,95804,Alameda,(510) 902-7491,2010-12-22,2011-12-22
47-699381,47,On-Sale General - Restaurant,ACTIVE,Lounge Hayward Co,Mark Jones,4575 Wilshire Dr,Hayward,CA,93014,Alameda,(510) 474-3048,2006-02-02,2007-02-02
47-336225,47,On-Sale General - Restaurant,ACTIVE,Chophouse Livermore Co,Lisa Martin,979 Maple Blvd,Livermore,CA,90559,Alameda,(925) 390-9170,2023-08-27,2024-08-27
47-575593,47,On-Sale General - Restaurant,ACTIVE,Bar,Jennifer Taylor,4274 Sunset St,Hayward,CA,92931,Alameda,(510) 749-8467,2007-10-03,2008-10-03
47-162932,47,On-Sale General - Restaurant,ACTIVE,Chophouse,Paul Taylor Garcia,9821 Broadway Rd,Hayward,CA,93385,Alameda,(925) 634-7665,2012-10-08,2013-10-08
47-393002,47,On-Sale General - Restaurant,ACTIVE,Bar Co,Jennifer Martin,2375 State Ln #886,Berkeley,CA,91523,Alameda,(510) 879-9219,2014-07-09,2015-07-09
47-401942,47,On-Sale General - Restaurant,ACTIVE,Chophouse Inc,Mark Hernandez,5411 3rd St,Berkeley,CA,95351,Alameda,(925) 263-9899,2011-08-09,2012-08-09
47-815222,47,On-Sale General - Restaurant,ACTIVE,Steakhouse LLC,Andrew Smith,4570 Lincoln Pl,Berkeley,CA,91739,Alameda,(510) 697-3525,2024-08-09,2025-08-09
47-935545,47,On-Sale General - Restaurant,ACTIVE,Brasserie Oakland LLC,James Johnson,5057 2nd Ave #480,Oakland,CA,94715,Alameda,(510) 787-6499,2023-09-28,2024-09-28
47-924830,47,On-Sale General - Restaurant,ACTIVE,NewBar Corp 62,Jennifer Gonzalez,2276 Front Ct,Fremont,CA,94523,Alameda,(925) 511-4763,2002-12-17,2003-12-17
47-656587,47,On-Sale General - Restaurant,ACTIVE,Bar & Grill Alameda Corp 2,David Wilson,9909 Maple Pl #282,Fremont,CA,90659,Alameda,(925) 775-4058,2018-12-16,2019-12-16
47-593964,47,On-Sale General - Restaurant,ACTIVE,Bar & Grill,Matthew Brown,4735 Broadway St,Fremont,CA,90563,Alameda,(510) 362-6605,2012-02-27,2013-02-27
47-295144,47,On-Sale General - Restaurant,ACTIVE,Steakhouse Alameda Inc,Jennifer Hernandez,3277 Main St,Hayward,CA,92840,Alameda,(925) 454-1828,2005-09-03,2006-09-03
47-798568,47,On-Sale General - Restaurant,ACTIVE,Pub LLC,William Gonzalez Brown,7719 Washington St,Livermore,CA,92519,Alameda,(510) 226-6549,2019-07-24,2020-07-24
47-724279,47,On-Sale General - Restaurant,ACTIVE,Tavern,Michael Rodriguez Taylor,365 Madison Way,Oakland,CA,91055,Alameda,(925) 868-5266,2021-04-25,2022-04-25
47-251811,47,On-Sale General - Restaurant,ACTIVE,OldChophouse Hayward 31,Kenneth Martin,6007 Ocean Ln,Hayward,CA,90794,Alameda,(925) 251-8081,2000-08-08,2001-08-08
47-756350,47,On-Sale General - Restaurant,ACTIVE,OldChophouse Hayward Heights 72,William Moore,2005 Market Blvd,Hayward,CA,95328,Alameda,(925) 220-3886,2020-01-19,2021-01-19
47-754647,47,On-Sale General - Restaurant,ACTIVE,Pub Alameda,Steven Wilson,3737 4th Rd,Berkeley,CA,94382,Alameda,(925) 908-6278,2010-03-18,2011-03-18
47-407261,47,On-Sale General - Restaurant,ACTIVE,Chophouse LLC,Robert Rodriguez,5148 Franklin Ln #495,Oakland,CA,91083,Alameda,(510) 906-8922,2018-04-22,2019-04-22
47-595599,47,On-Sale General - Restaurant,ACTIVE,TheChophouse Berkeley Company 30,Michelle Anderson,2618 Jefferson St #121,Berkeley,CA,94997,Alameda,(925) 285-7247,2009-10-12,2010-10-12
47-166874,47,On-Sale General - Restaurant,ACTIVE,OldSteakhouse 59,Michelle Jones,4343 6th St #902,Fremont,CA,93440,Alameda,(510) 243-9154,2001-06-03,2002-06-03
47-837457,47,On-Sale General - Restaurant,ACTIVE,Chophouse,Christopher Hernandez,2903 3rd Ct #174,Hayward,CA,93267,Alameda,(510) 725-9329,2006-09-07,2007-09-07
47-664617,47,On-Sale General - Restaurant,ACTIVE,Steakhouse Oakland,Lisa Martinez,8776 Jefferson Rd,Oakland,CA,90712,Alameda,(925) 216-5609,2016-03-11,2017-03-11
47-749293,47,On-Sale General - Restaurant,ACTIVE,Brasserie 29,Steven Gonzalez,9318 4th Rd,Livermore,CA,91055,Alameda,(925) 341-6037,2013-04-22,2014-04-22
47-853973,47,On-Sale General - Restaurant,ACTIVE,TheLounge Oakland 54,Maria Miller,1332 6th Ct,Oakland,CA,94143,Alameda,(925) 965-1405,2003-02-16,2004-02-16
47-205116,47,On-Sale General - Restaurant,ACTIVE,Brasserie Oakland Heights,Maria Jones,6819 Lincoln Ln,Oakland,CA,92465,Alameda,(925) 602-3475,2005-01-03,2006-01-03
47-237801,47,On-Sale General - Restaurant,ACTIVE,Bar,Paul Martin Miller,4839 Madison Ave #793,Livermore,CA,92933,Alameda,(925) 293-4578,2013-07-05,2014-07-05
47-964844,47,On-Sale General - Restaurant,ACTIVE,OldPub 39,Andrew Johnson,3444 7th Rd,Oakland,CA,90407,Alameda,(510) 617-3194,2016-11-19,2017-11-19
47-675740,47,On-Sale General - Restaurant,ACTIVE,TheChophouse 91,Andrew Lopez,6903 Market St,Fremont,CA,94778,Alameda,(925) 406-3120,2014-05-23,2015-05-23
47-501231,47,On-Sale General - Restaurant,ACTIVE,OldChophouse Fremont Inc 89,Robert Martinez Miller,7462 7th Pl,Fremont,CA,91218,Alameda,(510) 410-8340,2004-06-08,2005-06-08
47-283201,47,On-Sale General - Restaurant,ACTIVE,Bar & Grill,James Thomas,6450 Madison Ave,Oakland,CA,94610,Alameda,(925) 432-2648,2021-12-16,2022-12-16
47-114367,47,On-Sale General - Restaurant,ACTIVE,Chophouse Alameda,Michelle Moore Johnson,3448 2nd St #489,Hayward,CA,90041,Alameda,(925) 676-9311,2006-03-13,2007-03-13
47-956826,47,On-Sale General - Restaurant,ACTIVE,Tavern Hayward,John Jackson Williams,6261 5th Blvd,Hayward,CA,90278,Alameda,(925) 807-7289,2023-09-12,2024-09-12
47-770394,47,On-Sale General - Restaurant,ACTIVE,Pub Co,Michelle Miller,3750 6th St #249,Livermore,CA,94056,Alameda,(925) 917-4014,2004-12-12,2005-12-12
47-547482,47,On-Sale General - Restaurant,ACTIVE,OldBar 51,Robert Smith,7813 Main Rd #887,Hayward,CA,94707,Alameda,(925) 562-6023,2002-09-13,2003-09-13
47-575069,47,On-Sale General - Restaurant,ACTIVE,OldTavern Livermore Heights 45,Matthew Moore,494 6th Blvd,Livermore,CA,95906,Alameda,(925) 326-6922,2000-04-21,2001-04-21
47-776707,47,On-Sale General - Restaurant,ACTIVE,NewPub Group 37,Mark Davis,327 Franklin St,Oakland,CA,90466,Alameda,(925) 631-4667,2008-06-03,2009-06-03
47-281927,47,On-Sale General - Restaurant,ACTIVE,Chophouse,Mark Hernandez,137 Maple Dr,Berkeley,CA,94257,Alameda,(510) 860-1785,2018-11-17,2019-11-17
47-431396,47,On-Sale General - Restaurant,ACTIVE,Chophouse Livermore,Andrew Martinez,4099 Lincoln Blvd,Livermore,CA,94117,Alameda,(510) 801-1143,2024-03-10,2025-03-10
47-546671,47,On-Sale General - Restaurant,ACTIVE,Bar & Grill Alameda Co,Christopher Martinez,2331 Madison Ct,Oakland,CA,92409,Alameda,(925) 351-3115,2007-09-14,2008-09-14
47-765441,47,On-Sale General - Restaurant,ACTIVE,OldTavern Group 55,James Miller,4033 4th Ave,Hayward,CA,90301,Alameda,(925) 526-2294,2013-08-12,2014-08-12
47-302774,47,On-Sale General - Restaurant,ACTIVE,Lounge Alameda,Mark Jones Williams,8416 Madison Way #311,Oakland,CA,96137,Alameda,(925) 752-7409,2004-04-06,2005-04-06
47-921079,47,On-Sale General - Restaurant,ACTIVE,Brasserie LLC,Michelle Martinez,5484 Hollywood Blvd #925,Oakland,CA,93549,Alameda,(925) 239-4454,2006-12-09,2007-12-09
47-948485,47,On-Sale General - Restaurant,ACTIVE,Tavern Hayward 5,Robert Lopez,4441 Jefferson Dr #506,Hayward,CA,92729,Alameda,(925) 358-2817,2016-05-17,2017-05-17
47-426145,47,On-Sale General - Restaurant,ACTIVE,OldSteakhouse 45,John Davis,9623 Mission Way #883,Fremont,CA,95779,Alameda,(510) 467-8774,2012-06-17,2013-06-17
47-357566,47,On-Sale General - Restaurant,ACTIVE,Steakhouse Hayward,Maria Jackson,4550 Broadway Rd #586,Hayward,CA,90862,Alameda,(925) 313-1048,2000-04-27,2001-04-27
47-449579,47,On-Sale General - Restaurant,ACTIVE,OldChophouse Berkeley Company 38,Daniel Miller,8383 1st Way,Berkeley,CA,92553,Alameda,(510) 291-9181,2013-02-07,2014-02-07
47-159451,47,On-Sale General - Restaurant,ACTIVE,NewBar Livermore Heights Group 71,Lisa Rodriguez,7109 1st Ln,Livermore,CA,96083,Alameda,(925) 241-3292,2000-04-05,2001-04-05
47-842589,47,On-Sale General - Restaurant,ACTIVE,Pub Alameda,Lisa Thomas,8208 4th Ct,Hayward,CA,90785,Alameda,(925) 544-2257,2015-12-16,2016-12-16
47-579941,47,On-Sale General - Restaurant,ACTIVE,Tavern LLC,John Davis,327 Mission Ln,Berkeley,CA,93340,Alameda,(925) 418-6987,2002-03-03,2003-03-03
47-730218,47,On-Sale General - Restaurant,ACTIVE,Brasserie Alameda,Kenneth Williams,1648 7th Pl,Berkeley,CA,92282,Alameda,(510) 784-4934,2018-08-06,2019-08-06
47-333104,47,On-Sale General - Restaurant,ACTIVE,Sports Bar Alameda,Paul Anderson Miller,3472 6th Dr,Livermore,CA,93158,Alameda,(510) 877-5999,2017-07-07,2018-07-07
47-476805,47,On-Sale General - Restaurant,ACTIVE,Steakhouse Alameda LLC,Daniel Davis,2396 Franklin Dr,Oakland,CA,94655,Alameda,(510) 243-3823,2011-01-01,2012-01-01
47-712714,47,On-Sale General - Restaurant,ACTIVE,Steakhouse Alameda,Robert Wilson Jones,8211 Madison Way #156,Fremont,CA,93342,Alameda,(925) 399-4257,2006-02-16,2007-02-16
47-718536,47,On-Sale General - Restaurant,ACTIVE,Tavern Oakland Valley,Robert Williams,8212 Franklin Dr #507,Oakland,CA,92114,Alameda,(510) 691-9404,2014-05-12,2015-05-12
47-738181,47,On-Sale General - Restaurant,ACTIVE,Bar Alameda Co,Jennifer Thomas,4724 Wilshire Blvd #897,Livermore,CA,94665,Alameda,(925) 951-6754,2005-12-28,2006-12-28
47-587860,47,On-Sale General - Restaurant,ACTIVE,NewPub Oakland Heights 75,Kenneth Jones Johnson,6562 Wilshire Ln,Oakland,CA,93031,Alameda,(510) 918-9043,2001-10-22,2002-10-22
47-764061,47,On-Sale General - Restaurant,ACTIVE,Chophouse Oakland LLC,Robert Davis,9661 State Ct,Oakland,CA,94730,Alameda,(510) 404-6575,2009-08-19,2010-08-19
47-613265,47,On-Sale General - Restaurant,ACTIVE,Brasserie Inc,Maria Lopez,1155 State Ave #589,Livermore,CA,94637,Alameda,(925) 625-7994,2021-02-26,2022-02-26
47-390438,47,On-Sale General - Restaurant,ACTIVE,Sports Bar Alameda,Paul Jackson,7032 Washington Way,Livermore,CA,90968,Alameda,(510) 815-4205,2008-08-16,2009-08-16
47-113337,47,On-Sale General - Restaurant,ACTIVE,Steakhouse Inc,John Jones,3338 Lincoln Dr,Fremont,CA,94559,Alameda,(925) 923-8661,2021-08-08,2022-08-08
47-152044,47,On-Sale General - Restaurant,ACTIVE,Tavern,Paul Miller,9599 State Way,Livermore,CA,95476,Alameda,(510) 373-7202,2005-06-17,2006-06-17
47-236008,47,On-Sale General - Restaurant,ACTIVE,Chophouse Alameda Co 96,Matthew Brown,4221 Maple Pl #515,Fremont,CA,95600,Alameda,(510) 518-2337,2002-07-06,2003-07-06
47-161879,47,On-Sale General - Restaurant,ACTIVE,OldBrasserie Group 85,Steven Miller Thomas,6476 Washington Rd,Fremont,CA,95748,Alameda,(510) 358-4533,2013-06-23,2014-06-23
47-261571,47,On-Sale General - Restaurant,ACTIVE,Bar 82,Michael Rodriguez,3726 Ocean Ave,Berkeley,CA,95091,Alameda,(925) 335-2717,2005-05-27,2006-05-27
47-687003,47,On-Sale General - Restaurant,ACTIVE,NewSteakhouse Group 19,Maria Garcia,385 Main St #103,Berkeley,CA,90335,Alameda,(925) 860-5532,2012-01-04,2013-01-04
47-618962,47,On-Sale General - Restaurant,ACTIVE,Pub Hayward,Steven Smith,4537 2nd Pl,Hayward,CA,95563,Alameda,(925) 498-4889,2016-11-04,2017-11-04
47-984414,47,On-Sale General - Restaurant,ACTIVE,TheBar Inc 21,Robert Smith,165 Madison Pl,Hayward,CA,93819,Alameda,(510) 564-6567,2012-12-07,2013-12-07
47-696817,47,On-Sale General - Restaurant,ACTIVE,Tavern Alameda Co,Andrew Anderson Hernandez,2605 4th Ave,Livermore,CA,92719,Alameda,(925) 852-8085,2014-02-08,2015-02-08
47-392232,47,On-Sale General - Restaurant,ACTIVE,Chophouse Oakland Heights,Lisa Miller,7053 Mission Blvd,Oakland,CA,91930,Alameda,(510) 347-3372,2008-04-14,2009-04-14
47-841854,47,On-Sale General - Restaurant,ACTIVE,Bar & Grill Company,James Moore,2885 Madison Rd,Berkeley,CA,94868,Alameda,(925) 347-1210,2011-05-24,2012-05-24
47-132785,47,On-Sale General - Restaurant,ACTIVE,Bar,Christopher Davis,9162 Madison Dr #662,Livermore,CA,93474,Alameda,(510) 270-1891,2003-01-19,2004-01-19
47-185968,47,On-Sale General - Restaurant,ACTIVE,OldPub Group 58,Matthew Miller,3878 Oak Dr,Berkeley,CA,90235,Alameda,(925) 876-8095,2005-04-16,2006-04-16
47-263486,47,On-Sale General - Restaurant,ACTIVE,Chophouse,Jennifer Jones,3813 Ocean St,Fremont,CA,93647,Alameda,(510) 339-6826,2014-08-26,2015-08-26
47-711128,47,On-Sale General - Restaurant,ACTIVE,Lounge Alameda Group 11,Maria Jones,5256 Jefferson Ave,Oakland,CA,92763,Alameda,(510) 274-9732,2010-02-21,2011-02-21
47-898459,47,On-Sale General - Restaurant,ACTIVE,Lounge Hayward Co,Paul Garcia Lopez,6297 Pico Way #743,Hayward,CA,91223,Alameda,(925) 787-7305,2004-05-09,2005-05-09
47-552677,47,On-Sale General - Restaurant,ACTIVE,NewLounge Group 19,Andrew Moore,300 4th Ct,Livermore,CA,93590,Alameda,(925) 735-9036,2020-03-18,2021-03-18
47-997691,47,On-Sale General - Restaurant,ACTIVE,OldChophouse 24,John Gonzalez,9445 Madison St,Hayward,CA,95819,Alameda,(925) 278-8021,2017-02-01,2018-02-01
47-200357,47,On-Sale General - Restaurant,ACTIVE,Brasserie Livermore Valley,Christopher Lopez,3586 Ocean Way,Livermore,CA,92356,Alameda,(925) 968-2193,2002-12-24,2003-12-24
47-663316,47,On-Sale General - Restaurant,ACTIVE,Pub Fremont,Maria Garcia,8345 1st Ave,Fremont,CA,94422,Alameda,(510) 475-1314,2004-02-20,2005-02-20
47-774843,47,On-Sale General - Restaurant,ACTIVE,Tavern 26,David Lopez,6836 Lincoln Rd,Oakland,CA,95662,Alameda,(925) 353-5036,2024-12-20,2025-12-20
47-923751,47,On-Sale General - Restaurant,ACTIVE,TheBrasserie Alameda 13,Christopher Brown,998 7th Ln #594,Fremont,CA,95804,Alameda,(925) 444-7872,2021-01-11,2022-01-11
47-710067,47,On-Sale General - Restaurant,ACTIVE,Chophouse Company 70,Maria Garcia,6885 7th Rd,Hayward,CA,93145,Alameda,(510) 348-6992,2018-05-04,2019-05-04
47-111943,47,On-Sale General - Restaurant,ACTIVE,Brasserie Oakland,Daniel Rodriguez,7580 Hollywood Dr #297,Oakland,CA,91876,Alameda,(510) 954-7404,2003-11-06,2004-11-06
47-382074,47,On-Sale General - Restaurant,ACTIVE,TheBar Company 10,Paul Miller,835 Madison Ln,Fremont,CA,95860,Alameda,(510) 950-3158,2010-05-07,2011-05-07
47-922042,47,On-Sale General - Restaurant,ACTIVE,Chophouse Group,John Martin,4891 Front Ln,Livermore,CA,90312,Alameda,(925) 392-2097,2012-04-16,2013-04-16
47-846185,47,On-Sale General - Restaurant,ACTIVE,Bar & Grill 75,Matthew Hernandez Johnson,7399 Wilshire Blvd #955,Oakland,CA,92261,Alameda,(510) 738-6527,2002-11-17,2003-11-17
47-195490,47,On-Sale General - Restaurant,ACTIVE,OldChophouse 59,Mark Thomas,8869 1st Ct #837,Fremont,CA,95034,Alameda,(925) 837-4750,2013-10-02,2014-10-02
47-315644,47,On-Sale General - Restaurant,ACTIVE,Brasserie,Anthony Jones,5017 Oak Way,Fremont,CA,93051,Alameda,(510) 519-2282,2004-06-25,2005-06-25
47-748336,47,On-Sale General - Restaurant,ACTIVE,Pub Inc,Steven Martin,3873 Sunset Ave #147,Hayward,CA,91937,Alameda,(510) 899-8975,2012-01-05,2013-01-05
47-591273,47,On-Sale General - Restaurant,ACTIVE,Tavern 23,Anthony Rodriguez,120 Broadway Blvd #903,Livermore,CA,92701,Alameda,(925) 994-5660,2009-03-20,2010-03-20
47-929918,47,On-Sale General - Restaurant,ACTIVE,OldChophouse Livermore Corp 65,David Davis,3197 6th Ave,Livermore,CA,90154,Alameda,(925) 706-6377,2017-07-10,2018-07-10
47-645185,47,On-Sale General - Restaurant,ACTIVE,Chophouse,Matthew Wilson,7699 4th Rd,Oakland,CA,94542,Alameda,(925) 986-8327,2004-12-18,2005-12-18
47-992687,47,On-Sale General - Restaurant,ACTIVE,Lounge,Lisa Thomas,279 Oak Ln,Fremont,CA,90344,Alameda,(510) 578-9559,2004-08-08,2005-08-08
47-637350,47,On-Sale General - Restaurant,ACTIVE,Bar Alameda,Andrew Williams,6728 Pico Rd #459,Fremont,CA,90345,Alameda,(925) 735-8315,2003-08-22,2004-08-22
47-437011,47,On-Sale General - Restaurant,ACTIVE,Pub Alameda Co,Daniel Miller Gonzalez,4404 State Blvd,Hayward,CA,93323,Alameda,(510) 301-1553,2002-09-18,2003-09-18
47-552092,47,On-Sale General - Restaurant,ACTIVE,NewChophouse Alameda 6,Maria Thomas Taylor,7924 Pico Dr,Oakland,CA,93877,Alameda,(925) 902-8552,2006-04-06,2007-04-06
47-524764,47,On-Sale General - Restaurant,ACTIVE,Chophouse,Matthew Garcia,3055 1st Ave,Hayward,CA,93256,Alameda,(510) 721-5556,2013-08-10,2014-08-10
47-647517,47,On-Sale General - Restaurant,ACTIVE,OldSports Bar Livermore Group 81,Matthew Taylor,1015 5th Ave,Livermore,CA,93051,Alameda,(510) 482-3999,2024-05-11,2025-05-11
47-833774,47,On-Sale General - Restaurant,ACTIVE,OldBar & Grill Berkeley LLC 44,William Moore Jackson,7056 5th Ct,Berkeley,CA,94966,Alameda,(925) 830-6475,2014-09-28,2015-09-28
47-488000,47,On-Sale General - Restaurant,ACTIVE,TheChophouse Alameda 3,Jennifer Martinez,7787 Maple Blvd,Hayward,CA,90919,Alameda,(510) 695-5293,2007-10-24,2008-10-24
47-357317,47,On-Sale General - Restaurant,ACTIVE,Brasserie,Michelle Taylor Wilson,3870 Maple Ave,Hayward,CA,94284,Alameda,(510) 769-3089,2019-10-12,2020-10-12
47-634201,47,On-Sale General - Restaurant,ACTIVE,Chophouse Alameda,Maria Davis,6423 5th Ct,Oakland,CA,91597,Alameda,(510) 290-5949,2009-05-24,2010-05-24
47-492152,47,On-Sale General - Restaurant,ACTIVE,NewBrasserie 85,Kenneth Johnson Williams,8655 State Ln,Hayward,CA,94276,Alameda,(510) 673-8477,2004-09-22,2005-09-22
47-879445,47,On-Sale General - Restaurant,ACTIVE,Bar Livermore,Paul Brown Johnson,7521 2nd Way,Livermore,CA,91721,Alameda,(510) 264-1760,2009-02-03,2010-02-03
47-493165,47,On-Sale General - Restaurant,ACTIVE,NewBrasserie Livermore Company 19,Paul Brown,2820 Oak Rd,Livermore,CA,95368,Alameda,(925) 251-1338,2004-07-24,2005-07-24
47-658493,47,On-Sale General - Restaurant,ACTIVE,Sports Bar Corp,Mark Moore,2643 4th Ave,Fremont,CA,91620,Alameda,(925) 607-7742,2010-03-16,2011-03-16
47-415191,47,On-Sale General - Restaurant,ACTIVE,Chophouse Corp,Maria Miller,5131 Mission Ln,Hayward,CA,91445,Alameda,(510) 996-9411,2011-08-02,2012-08-02
47-584382,47,On-Sale General - Restaurant,ACTIVE,Sports Bar Berkeley,Kenneth Martin Brown,9853 4th Rd #801,Berkeley,CA,91613,Alameda,(510) 972-6860,2002-01-01,2003-01-01
47-941827,47,On-Sale General - Restaurant,ACTIVE,Chophouse Alameda 16,William Martinez,7211 Broadway Rd,Hayward,CA,91206,Alameda,(925) 585-3696,2010-08-02,2011-08-02
47-476391,47,On-Sale General - Restaurant,ACTIVE,TheChophouse Berkeley Heights 71,Anthony Davis Anderson,528 Jefferson Dr,Berkeley,CA,92812,Alameda,(925) 221-2094,2023-05-08,2024-05-08
47-998458,47,On-Sale General - Restaurant,ACTIVE,Sports Bar Alameda 77,Steven Davis,2206 Sunset Ct,Fremont,CA,90458,Alameda,(510) 584-7291,2001-10-09,2002-10-09
47-990502,47,On-Sale General - Restaurant,ACTIVE,Bar & Grill LLC,Robert Lopez,2411 7th Ave,Oakland,CA,90055,Alameda,(510) 547-5417,2018-08-22,2019-08-22
47-496313,47,On-Sale General - Restaurant,ACTIVE,Brasserie Fremont Hills,Maria Williams,7852 5th Rd,Fremont,CA,91190,Alameda,(510) 624-6482,2013-03-27,2014-03-27
47-755734,47,On-Sale General - Restaurant,ACTIVE,Bar Fremont,Michael Jones,7946 7th Pl #567,Fremont,CA,90797,Alameda,(510) 277-2465,2002-05-20,2003-05-20
47-709489,47,On-Sale General - Restaurant,ACTIVE,Lounge,Andrew Jackson,9745 Franklin Pl #769,Livermore,CA,91583,Alameda,(510) 622-5431,2024-11-18,2025-11-18
47-333763,47,On-Sale General - Restaurant,ACTIVE,Lounge Alameda,Steven Anderson Gonzalez,4023 Wilshire Way #407,Hayward,CA,91883,Alameda,(510) 411-2670,2008-02-13,2009-02-13
47-924136,47,On-Sale General - Restaurant,ACTIVE,Chophouse Hayward Group,Robert Miller,4343 Mission St,Hayward,CA,90832,Alameda,(510) 903-4580,2001-07-16,2002-07-16
47-293103,47,On-Sale General - Restaurant,ACTIVE,Steakhouse Co 35,David Thomas,3175 Jefferson Ave,Livermore,CA,93411,Alameda,(510) 440-5836,2005-06-25,2006-06-25
47-791757,47,On-Sale General - Restaurant,ACTIVE,OldBar Alameda Co 91,Christopher Jackson,8696 1st Dr,Hayward,CA,93170,Alameda,(510) 417-6602,2018-03-11,2019-03-11
47-937570,47,On-Sale General - Restaurant,ACTIVE,Pub,James Martin,384 Lincoln St #840,Oakland,CA,90826,Alameda,(925) 815-7615,2021-07-11,2022-07-11
47-659244,47,On-Sale General - Restaurant,ACTIVE,Brasserie,Lisa Wilson,3180 3rd Blvd #556,Livermore,CA,91275,Alameda,(925) 417-3023,2003-02-22,2004-02-22
47-198379,47,On-Sale General - Restaurant,ACTIVE,Bar & Grill Inc,Mark Lopez,7814 Sunset Pl,Livermore,CA,90642,Alameda,(510) 291-3110,2024-03-13,2025-03-13
47-975834,47,On-Sale General - Restaurant,ACTIVE,Steakhouse Corp,James Jackson,235 6th Dr,Livermore,CA,91548,Alameda,(510) 879-4546,2015-08-24,2016-08-24
47-401452,47,On-Sale General - Restaurant,ACTIVE,NewSports Bar Group 5,Lisa Rodriguez,1591 5th Blvd #468,Fremont,CA,94701,Alameda,(510) 812-3133,2011-05-12,2012-05-12
47-629304,47,On-Sale General - Restaurant,ACTIVE,Brasserie Company,Robert Gonzalez,9451 1st Way,Oakland,CA,91417,Alameda,(925) 791-5173,2001-12-12,2002-12-12
47-118517,47,On-Sale General - Restaurant,ACTIVE,Brasserie Alameda Inc,Christopher Williams,220 Jefferson St,Fremont,CA,94854,Alameda,(925) 329-4081,2002-08-19,2003-08-19
47-822150,47,On-Sale General - Restaurant,ACTIVE,TheLounge Oakland Valley Inc 29,Kenneth Gonzalez Jones,8489 Wilshire Ct,Oakland,CA,92116,Alameda,(925) 319-5092,2002-08-06,2003-08-06
47-918890,47,On-Sale General - Restaurant,ACTIVE,Bar Alameda,Michael Miller,8459 Market Pl,Fremont,CA,90547,Alameda,(510) 961-9560,2009-02-12,2010-02-12
47-745490,47,On-Sale General - Restaurant,ACTIVE,Lounge Hayward Corp,Jennifer Martin,8166 Broadway Ave,Hayward,CA,95417,Alameda,(925) 611-6412,2014-02-27,2015-02-27
47-226191,47,On-Sale General - Restaurant,ACTIVE,TheSports Bar 56,Lisa Smith,7373 Market Dr,Berkeley,CA,92902,Alameda,(925) 430-3352,2020-10-27,2021-10-27
47-708348,47,On-Sale General - Restaurant,ACTIVE,Steakhouse,Matthew Miller Moore,4588 3rd Rd,Berkeley,CA,94830,Alameda,(925) 992-7012,2016-12-16,2017-12-16
47-204959,47,On-Sale General - Restaurant,ACTIVE,Lounge Livermore Valley,Maria Smith,5256 Mission Rd #854,Livermore,CA,90193,Alameda,(925) 379-4148,2021-10-14,2022-10-14
47-385475,47,On-Sale General - Restaurant,ACTIVE,Pub Group,Maria Martinez,6070 Market Dr,Fremont,CA,92800,Alameda,(510) 729-1190,2013-09-20,2014-09-20
47-897138,47,On-Sale General - Restaurant,ACTIVE,TheLounge Oakland 15,John Hernandez,1330 Lincoln Ct,Oakland,CA,90420,Alameda,(925) 918-7502,2005-02-12,2006-02-12
47-941656,47,On-Sale General - Restaurant,ACTIVE,Steakhouse Hayward,Andrew Thomas,7984 Front St #700,Hayward,CA,92450,Alameda,(925) 401-9497,2020-03-25,2021-03-25
47-518818,47,On-Sale General - Restaurant,ACTIVE,Chophouse 72,John Brown,2644 Pico St,Berkeley,CA,95628,Alameda,(925) 527-6410,2004-01-12,2005-01-12
47-651744,47,On-Sale General - Restaurant,ACTIVE,Chophouse Oakland,Maria Taylor,5523 Hollywood Blvd,Oakland,CA,93933,Alameda,(510) 368-8664,2013-04-01,2014-04-01
47-696656,47,On-Sale General - Restaurant,ACTIVE,Bar Hayward Hills Corp,Anthony Martinez,4589 1st Pl,Hayward,CA,93168,Alameda,(925) 457-1129,2023-05-11,2024-05-11
47-166441,47,On-Sale General - Restaurant,ACTIVE,NewSteakhouse LLC 79,Robert Jackson,6921 Pico Rd,Hayward,CA,90092,Alameda,(510) 391-1585,2017-05-14,2018-05-14
47-202508,47,On-Sale General - Restaurant,ACTIVE,OldBrasserie Group 83,Michelle Davis,8968 6th Ct,Livermore,CA,93595,Alameda,(510) 530-3220,2020-07-20,2021-07-20
47-843460,47,On-Sale General - Restaurant,ACTIVE,Bar Alameda Company,Michelle Miller,4548 State Ct,Fremont,CA,93015,Alameda,(510) 939-5249,2001-07-23,2002-07-23
47-518332,47,On-Sale General - Restaurant,ACTIVE,TheChophouse LLC 13,Steven Jones,200 2nd Dr,Oakland,CA,93797,Alameda,(925) 202-1839,2024-12-12,2025-12-12
47-586073,47,On-Sale General - Restaurant,ACTIVE,Bar,Paul Moore,9278 Jefferson Pl,Hayward,CA,95408,Alameda,(510) 683-9455,2000-07-07,2001-07-07
47-798405,47,On-Sale General - Restaurant,ACTIVE,Brasserie Alameda,Matthew Davis,9958 6th Ln #906,Oakland,CA,90971,Alameda,(510) 754-2457,2003-03-27,2004-03-27
47-670029,47,On-Sale General - Restaurant,ACTIVE,NewLounge 87,Kenneth Rodriguez,8035 6th Way,Livermore,CA,93245,Alameda,(510) 461-3107,2004-05-07,2005-05-07
47-405934,47,On-Sale General - Restaurant,ACTIVE,NewSteakhouse 22,Kenneth Taylor,145 Sunset Ave,Oakland,CA,93973,Alameda,(510) 745-7567,2016-01-05,2017-01-05
47-652491,47,On-Sale General - Restaurant,ACTIVE,Bar & Grill Berkeley Hills,David Rodriguez,505 Washington St,Berkeley,CA,92934,Alameda,(510) 214-2805,2001-10-14,2002-10-14
47-857554,47,On-Sale General - Restaurant,ACTIVE,Pub Fremont Valley,Anthony Anderson,1273 Front Ave,Fremont,CA,95065,Alameda,(510) 235-1121,2003-12-02,2004-12-02
47-782390,47,On-Sale General - Restaurant,ACTIVE,Pub Group,Mark Hernandez,731 Wilshire Blvd,Oakland,CA,94149,Alameda,(925) 490-6140,2018-07-27,2019-07-27
47-570557,47,On-Sale General - Restaurant,ACTIVE,Steakhouse 16,Michael Jackson Gonzalez,8162 2nd Blvd,Berkeley,CA,94160,Alameda,(925) 989-5720,2017-01-25,2018-01-25
47-900575,47,On-Sale General - Restaurant,ACTIVE,Lounge LLC,Jennifer Gonzalez,1861 Lincoln St #366,Oakland,CA,92128,Alameda,(925) 465-3667,2014-08-24,2015-08-24
47-293064,47,On-Sale General - Restaurant,ACTIVE,NewChophouse LLC 86,Lisa Anderson Jackson,7226 Ocean Blvd,Livermore,CA,95644,Alameda,(925) 783-2029,2008-09-08,2009-09-08
47-413104,47,On-Sale General - Restaurant,ACTIVE,Pub Group,Christopher Hernandez,1502 Hollywood Rd #638,Oakland,CA,90710,Alameda,(510) 904-6607,2015-01-01,2016-01-01
47-546801,47,On-Sale General - Restaurant,ACTIVE,NewBrasserie Group 77,William Williams Hernandez,7557 5th Way,Oakland,CA,95047,Alameda,(925) 975-1337,2010-09-03,2011-09-03
47-259663,47,On-Sale General - Restaurant,ACTIVE,Tavern Alameda,David Jackson,9473 Oak Rd,Berkeley,CA,90610,Alameda,(925) 548-1055,2024-05-26,2025-05-26
47-721065,47,On-Sale General - Restaurant,ACTIVE,Steakhouse Alameda,Paul Davis Johnson,3091 Hollywood Ave,Fremont,CA,90174,Alameda,(510) 336-6229,2023-05-21,2024-05-21
47-380072,47,On-Sale General - Restaurant,ACTIVE,Pub Group,Daniel Gonzalez,3504 Hollywood St #174,Oakland,CA,91335,Alameda,(925) 843-3403,2002-03-02,2003-03-02
47-566070,47,On-Sale General - Restaurant,ACTIVE,Lounge Alameda Inc,Robert Williams,6697 Maple Ave #715,Berkeley,CA,96117,Alameda,(925) 320-2223,2008-09-07,2009-09-07
47-763397,47,On-Sale General - Restaurant,ACTIVE,NewBar & Grill Alameda Corp 89,Michael Garcia,1147 Front Dr,Hayward,CA,93221,Alameda,(925) 828-8461,2015-08-14,2016-08-14
47-807771,47,On-Sale General - Restaurant,ACTIVE,Sports Bar Hayward Hills Inc,Anthony Martinez Davis,372 1st Rd,Hayward,CA,93109,Alameda,(925) 361-7110,2001-10-25,2002-10-25
47-597863,47,On-Sale General - Restaurant,ACTIVE,Chophouse Berkeley,Jennifer Martin,6024 1st Ct,Berkeley,CA,92415,Alameda,(510) 463-9132,2016-11-14,2017-11-14
47-245042,47,On-Sale General - Restaurant,ACTIVE,Lounge Group,Michael Martin,3003 Broadway Ln #827,Hayward,CA,93326,Alameda,(925) 999-3310,2012-02-26,2013-02-26
47-235024,47,On-Sale General - Restaurant,ACTIVE,OldTavern Hayward Heights 54,Matthew Williams,1137 6th Rd,Hayward,CA,90477,Alameda,(510) 258-6304,2011-11-07,2012-11-07
47-922949,47,On-Sale General - Restaurant,ACTIVE,Chophouse Alameda Group,Paul Brown,1342 1st Ct #350,Livermore,CA,92847,Alameda,(510) 266-1075,2021-09-28,2022-09-28
47-181422,47,On-Sale General - Restaurant,ACTIVE,Bar & Grill Inc,Steven Davis,7483 Broadway Pl,Fremont,CA,90505,Alameda,(510) 627-2339,2012-04-13,2013-04-13
47-124235,47,On-Sale General - Restaurant,ACTIVE,Bar & Grill Berkeley,David Thomas,1211 Madison Way #719,Berkeley,CA,95067,Alameda,(925) 754-5643,2008-03-26,2009-03-26
47-441300,47,On-Sale General - Restaurant,ACTIVE,NewLounge 29,Daniel Rodriguez,4706 3rd Blvd #773,Fremont,CA,90362,Alameda,(925) 961-4608,2002-03-18,2003-03-18
47-782881,47,On-Sale General - Restaurant,ACTIVE,Chophouse Berkeley Heights Co,Robert Lopez,5715 3rd St,Berkeley,CA,94571,Alameda,(510) 661-8570,2016-12-25,2017-12-25
47-873306,47,On-Sale General - Restaurant,ACTIVE,Brasserie Inc,Matthew Garcia,1036 Ocean Rd #627,Fremont,CA,91850,Alameda,(510) 906-3686,2019-01-25,2020-01-25
47-327479,47,On-Sale General - Restaurant,ACTIVE,Pub Alameda Inc,Michael Gonzalez,680 Washington Dr,Fremont,CA,91751,Alameda,(510) 540-5283,2021-04-12,2022-04-12
47-239186,47,On-Sale General - Restaurant,ACTIVE,Sports Bar,Robert Hernandez,8019 Sunset Pl,Fremont,CA,92873,Alameda,(925) 763-8122,2009-05-23,2010-05-23
47-143389,47,On-Sale General - Restaurant,ACTIVE,OldChophouse Berkeley Hills Company 89,Steven Martinez,8361 Madison St #154,Berkeley,CA,92580,Alameda,(510) 854-9369,2003-02-25,2004-02-25
47-229127,47,On-Sale General - Restaurant,ACTIVE,Pub Oakland,Lisa Lopez,7147 Madison Blvd,Oakland,CA,95667,Alameda,(925) 309-3907,2019-03-01,2020-03-01
47-554809,47,On-Sale General - Restaurant,ACTIVE,Steakhouse Alameda 89,Robert Martin,3302 6th Way,Oakland,CA,93630,Alameda,(925) 621-3929,2022-09-06,2023-09-06
47-362517,47,On-Sale General - Restaurant,ACTIVE,TheLounge 97,James Wilson Miller,1265 Mission St,Berkeley,CA,92867,Alameda,(510) 310-6763,2022-05-06,2023-05-06
47-787131,47,On-Sale General - Restaurant,ACTIVE,NewSteakhouse Co 69,Lisa Hernandez,3468 Mission Ave #729,Livermore,CA,90153,Alameda,(510) 638-7341,2008-09-12,2009-09-12
47-541332,47,On-Sale General - Restaurant,ACTIVE,TheChophouse 84,Jennifer Brown,9314 Maple Dr,Fremont,CA,95530,Alameda,(925) 348-9760,2013-12-08,2014-12-08
47-196399,47,On-Sale General - Restaurant,ACTIVE,Chophouse,Andrew Taylor,3860 Mission Way,Fremont,CA,93028,Alameda,(925) 340-1434,2009-01-06,2010-01-06
47-478896,47,On-Sale General - Restaurant,ACTIVE,Bar & Grill,Daniel Garcia,8702 Ocean Blvd,Hayward,CA,96027,Alameda,(925) 478-4709,2019-09-21,2020-09-21
47-548893,47,On-Sale General - Restaurant,ACTIVE,OldPub Alameda Inc 1,Paul Martinez,5819 Market Ln,Fremont,CA,91108,Alameda,(510) 919-3392,2015-10-28,2016-10-28
47-203672,47,On-Sale General - Restaurant,ACTIVE,Bar LLC,James Hernandez,4542 Pico Ln,Fremont,CA,90695,Alameda,(925) 551-2165,2004-10-22,2005-10-22
47-109562,47,On-Sale General - Restaurant,ACTIVE,Bar Berkeley Heights Corp,Mark Jackson,8950 Maple Ln #937,Berkeley,CA,94528,Alameda,(510) 916-4359,2013-08-12,2014-08-12
47-146776,47,On-Sale General - Restaurant,ACTIVE,OldBar 67,Steven Gonzalez Anderson,8741 Franklin Blvd,Livermore,CA,96073,Alameda,(925) 389-9595,2000-02-03,2001-02-03
47-606210,47,On-Sale General - Restaurant,ACTIVE,Bar & Grill Alameda,David Smith Martinez,7246 Hollywood Ln #831,Fremont,CA,95888,Alameda,(510) 250-1383,2004-06-14,2005-06-14
47-332049,47,On-Sale General - Restaurant,ACTIVE,OldLounge Berkeley Corp 37,Maria Gonzalez,2223 Hollywood Pl,Berkeley,CA,94055,Alameda,(510) 235-8556,2024-08-11,2025-08-11
47-888919,47,On-Sale General - Restaurant,ACTIVE,Chophouse Inc,Matthew Jackson,2721 Franklin Ln,Livermore,CA,93171,Alameda,(925) 855-7685,2017-10-28,2018-10-28
47-849930,47,On-Sale General - Restaurant,ACTIVE,Pub 53,Daniel Lopez,6587 6th Way #792,Berkeley,CA,90639,Alameda,(510) 768-1304,2021-09-27,2022-09-27
47-679957,47,On-Sale General - Restaurant,ACTIVE,Sports Bar Inc,Lisa Brown,6152 State Pl,Fremont,CA,96191,Alameda,(510) 525-6875,2004-07-03,2005-07-03
47-787227,47,On-Sale General - Restaurant,ACTIVE,NewSports Bar Alameda Company 58,Maria Davis,8279 Mission Blvd #613,Berkeley,CA,93609,Alameda,(510) 346-8571,2014-08-11,2015-08-11
47-176500,47,On-Sale General - Restaurant,ACTIVE,Chophouse,Maria Moore,7593 Broadway Way,Fremont,CA,95689,Alameda,(925) 531-5129,2018-07-22,2019-07-22
47-881546,47,On-Sale General - Restaurant,ACTIVE,TheTavern Oakland Valley Corp 31,Matthew Martin,3948 1st Rd,Oakland,CA,90783,Alameda,(510) 971-2062,2018-07-05,2019-07-05
47-312046,47,On-Sale General - Restaurant,ACTIVE,TheSteakhouse LLC 83,James Moore Thomas,3752 5th Ct,Berkeley,CA,90781,Alameda,(925) 794-8846,2006-05-12,2007-05-12
47-144472,47,On-Sale General - Restaurant,ACTIVE,Bar & Grill,Mark Brown,8980 1st Rd #624,Hayward,CA,94529,Alameda,(925) 997-4979,2018-10-03,2019-10-03
47-688858,47,On-Sale General - Restaurant,ACTIVE,Tavern Co,Matthew Brown,6528 Wilshire Ct,Hayward,CA,92598,Alameda,(925) 902-1206,2022-02-18,2023-02-18
47-386667,47,On-Sale General - Restaurant,ACTIVE,Brasserie Alameda Corp,Michael Wilson Martin,7248 Front Blvd,Oakland,CA,94476,Alameda,(510) 951-3403,2015-03-15,2016-03-15
47-773502,47,On-Sale General - Restaurant,ACTIVE,Steakhouse Fremont Heights,Maria Jackson,7246 Hollywood Ln,Fremont,CA,93282,Alameda,(925) 990-2210,2005-03-08,2006-03-08
47-704932,47,On-Sale General - Restaurant,ACTIVE,Brasserie 77,John Brown,4513 Oak Ave,Hayward,CA,90359,Alameda,(510) 626-8697,2011-09-01,2012-09-01
47-600402,47,On-Sale General - Restaurant,ACTIVE,Brasserie Berkeley Hills,Jennifer Williams,9952 Washington Ct #750,Berkeley,CA,91022,Alameda,(510) 237-8131,2023-04-01,2024-04-01
47-106475,47,On-Sale General - Restaurant,ACTIVE,Sports Bar Berkeley Heights,Maria Taylor Taylor,6616 Front Ct,Berkeley,CA,92455,Alameda,(510) 827-5921,2001-07-26,2002-07-26
47-536431,47,On-Sale General - Restaurant,ACTIVE,Steakhouse LLC,Mark Smith,9677 7th Blvd,Berkeley,CA,92243,Alameda,(925) 981-3704,2023-02-26,2024-02-26
47-926705,47,On-Sale General - Restaurant,ACTIVE,Sports Bar Inc,Andrew Thomas Martinez,8841 2nd Ct,Hayward,CA,92902,Alameda,(925) 275-2830,2014-07-28,2015-07-28
47-610896,47,On-Sale General - Restaurant,ACTIVE,TheChophouse Alameda 93,Steven Taylor,9942 5th St #203,Hayward,CA,90966,Alameda,(510) 398-4189,2008-12-23,2009-12-23
47-476481,47,On-Sale General - Restaurant,ACTIVE,Sports Bar Group,David Wilson,8155 2nd St #129,Berkeley,CA,94613,Alameda,(510) 443-8338,2009-06-19,2010-06-19
47-769496,47,On-Sale General - Restaurant,ACTIVE,Chophouse Berkeley,Paul Gonzalez,1615 Main St,Berkeley,CA,92086,Alameda,(510) 231-2931,2010-12-15,2011-12-15
47-974755,47,On-Sale General - Restaurant,ACTIVE,Chophouse 68,Anthony Jackson,8493 State Ln,Oakland,CA,92450,Alameda,(510) 938-6861,2001-10-05,2002-10-05
47-637389,47,On-Sale General - Restaurant,ACTIVE,TheSports Bar Fremont Co 14,Steven Wilson,1309 Market Blvd,Fremont,CA,91429,Alameda,(925) 455-5761,2001-04-21,2002-04-21
47-289987,47,On-Sale General - Restaurant,ACTIVE,Tavern Alameda Company,Jennifer Hernandez,4438 Jefferson St,Hayward,CA,94510,Alameda,(925) 566-7384,2006-07-11,2007-07-11
47-290365,47,On-Sale General - Restaurant,ACTIVE,Sports Bar Co,Andrew Brown,3663 1st Ave,Livermore,CA,93471,Alameda,(510) 385-6280,2007-10-10,2008-10-10
47-944150,47,On-Sale General - Restaurant,ACTIVE,Steakhouse Hayward Company,John Jackson Smith,4530 7th St,Hayward,CA,90075,Alameda,(925) 420-4205,2006-04-15,2007-04-15
47-570535,47,On-Sale General - Restaurant,ACTIVE,Tavern,Maria Brown,6794 Jefferson Pl #401,Hayward,CA,92794,Alameda,(510) 204-4810,2009-12-14,2010-12-14
47-498698,47,On-Sale General - Restaurant,ACTIVE,Chophouse Berkeley 58,Anthony Davis,276 Washington Rd,Berkeley,CA,92887,Alameda,(925) 652-3506,2014-02-03,2015-02-03
47-885415,47,On-Sale General - Restaurant,ACTIVE,NewBar & Grill Group 92,Jennifer Smith,5774 2nd Way,Hayward,CA,95316,Alameda,(925) 317-6341,2000-06-01,2001-06-01
47-290303,47,On-Sale General - Restaurant,ACTIVE,Lounge Oakland Hills,Mark Rodriguez,9248 Wilshire Way,Oakland,CA,90614,Alameda,(925) 712-8821,2011-11-17,2012-11-17
47-626350,47,On-Sale General - Restaurant,ACTIVE,Chophouse Corp,John Anderson,8379 5th Ct #905,Livermore,CA,92058,Alameda,(925) 437-6293,2000-09-17,2001-09-17
47-435551,47,On-Sale General - Restaurant,ACTIVE,Lounge Berkeley LLC,Kenneth Wilson,6653 Front Pl,Berkeley,CA,93678,Alameda,(510) 679-5579,2020-06-13,2021-06-13
47-767899,47,On-Sale General - Restaurant,ACTIVE,Bar & Grill,William Smith Lopez,6341 State Ct,Oakland,CA,91206,Alameda,(510) 918-8590,2011-08-19,2012-08-19
47-841903,47,On-Sale General - Restaurant,ACTIVE,Lounge Livermore,Paul Jackson Hernandez,7374 Market Blvd,Livermore,CA,92340,Alameda,(925) 862-9442,2004-08-14,2005-08-14
47-200107,47,On-Sale General - Restaurant,ACTIVE,Tavern,Steven Thomas,1672 Wilshire Way,Berkeley,CA,90477,Alameda,(925) 819-3668,2005-11-24,2006-11-24
47-271880,47,On-Sale General - Restaurant,ACTIVE,Tavern Livermore Group,Andrew Moore,7360 Ocean Way #650,Livermore,CA,94697,Alameda,(510) 352-5437,2009-10-15,2010-10-15
47-382290,47,On-Sale General - Restaurant,ACTIVE,Tavern Hayward Heights,Lisa Rodriguez Smith,6365 Ocean Dr,Hayward,CA,93456,Alameda,(510) 842-5789,2023-08-23,2024-08-23
47-628832,47,On-Sale General - Restaurant,ACTIVE,Chophouse Livermore Co,Maria Jones Davis,4071 Wilshire Dr,Livermore,CA,94225,Alameda,(925) 215-6742,2020-03-19,2021-03-19
47-246570,47,On-Sale General - Restaurant,ACTIVE,Chophouse Alameda Group,Robert Davis Taylor,868 3rd Ln #578,Hayward,CA,90587,Alameda,(925) 252-3900,2024-04-23,2025-04-23
47-943557,47,On-Sale General - Restaurant,ACTIVE,Steakhouse Oakland 73,Mark Martinez,2724 Hollywood Ct #889,Oakland,CA,94460,Alameda,(925) 957-9083,2005-11-04,2006-11-04
47-647949,47,On-Sale General - Restaurant,ACTIVE,Pub,Kenneth Jackson Martin,3057 Ocean Way,Berkeley,CA,94660,Alameda,(510) 419-9819,2010-03-02,2011-03-02
47-782378,47,On-Sale General - Restaurant,ACTIVE,OldBar Alameda 42,Anthony Garcia,543 1st Dr #142,Berkeley,CA,94852,Alameda,(925) 918-4946,2001-04-23,2002-04-23
47-593134,47,On-Sale General - Restaurant,ACTIVE,ThePub Berkeley Heights 66,Maria Hernandez,6388 Franklin Dr #996,Berkeley,CA,93388,Alameda,(510) 300-5043,2015-04-09,2016-04-09
47-827880,47,On-Sale General - Restaurant,ACTIVE,Steakhouse,Paul Martinez,9255 3rd Way,Oakland,CA,91558,Alameda,(510) 629-3552,2022-12-09,2023-12-09
47-917349,47,On-Sale General - Restaurant,ACTIVE,Brasserie Oakland Heights 21,James Rodriguez,7757 1st Ct #171,Oakland,CA,95798,Alameda,(925) 957-5827,2000-03-24,2001-03-24
47-765257,47,On-Sale General - Restaurant,ACTIVE,NewBar & Grill 48,Kenneth Wilson,5421 Jefferson Blvd,Berkeley,CA,90611,Alameda,(510) 612-9299,2016-06-10,2017-06-10
47-925625,47,On-Sale General - Restaurant,ACTIVE,Chophouse Corp,Lisa Martin Anderson,5918 Franklin Blvd,Fremont,CA,91279,Alameda,(925) 891-6549,2015-09-15,2016-09-15
47-822826,47,On-Sale General - Restaurant,ACTIVE,Pub Alameda,Mark Jackson,9148 Broadway Ln,Livermore,CA,93864,Alameda,(925) 606-7872,2015-05-11,2016-05-11
47-608862,47,On-Sale General - Restaurant,ACTIVE,Chophouse Oakland Heights Group,William Davis,7745 Jefferson Dr,Oakland,CA,93852,Alameda,(925) 976-2694,2022-09-01,2023-09-01
47-887814,47,On-Sale General - Restaurant,ACTIVE,Bar Hayward Group,Christopher Wilson,4532 State St,Hayward,CA,91552,Alameda,(510) 384-3993,2009-04-17,2010-04-17
47-298873,47,On-Sale General - Restaurant,ACTIVE,Tavern Group,Jennifer Thomas,3911 Lincoln Rd,Livermore,CA,93526,Alameda,(510) 614-6201,2013-12-10,2014-12-10
47-537108,47,On-Sale General - Restaurant,ACTIVE,Lounge,Lisa Jones,6168 Hollywood Pl,Berkeley,CA,90288,Alameda,(925) 429-8844,2014-05-10,2015-05-10
47-339132,47,On-Sale General - Restaurant,ACTIVE,Chophouse Fremont Heights,Steven Thomas Taylor,7401 Washington Rd,Fremont,CA,91298,Alameda,(510) 486-5855,2022-07-07,2023-07-07
47-637890,47,On-Sale General - Restaurant,ACTIVE,Chophouse Alameda Co,Kenneth Jackson,5370 Mission Ct,Livermore,CA,96077,Alameda,(510) 511-9857,2020-08-10,2021-08-10
47-795124,47,On-Sale General - Restaurant,ACTIVE,Steakhouse Alameda,Kenneth Jackson,8483 Jefferson Way #868,Berkeley,CA,95571,Alameda,(510) 536-7319,2016-06-10,2017-06-10
47-888334,47,On-Sale General - Restaurant,ACTIVE,NewPub Co 72,Jennifer Miller Lopez,2704 Oak Way,Berkeley,CA,90459,Alameda,(925) 901-7342,2009-12-14,2010-12-14
47-332998,47,On-Sale General - Restaurant,ACTIVE,Sports Bar,Paul Garcia,3737 7th Ct,Livermore,CA,93555,Alameda,(925) 798-5999,2000-06-18,2001-06-18
47-593189,47,On-Sale General - Restaurant,ACTIVE,Sports Bar Berkeley,James Johnson,4350 5th St,Berkeley,CA,94121,Alameda,(510) 541-2027,2003-09-14,2004-09-14
47-205044,47,On-Sale General - Restaurant,ACTIVE,Bar & Grill Hayward,Kenneth Lopez,7517 Lincoln Ln,Hayward,CA,93871,Alameda,(925) 910-9239,2010-07-09,2011-07-09
47-424883,47,On-Sale General - Restaurant,ACTIVE,TheSports Bar Inc 45,Daniel Jackson,1650 6th Ct #957,Berkeley,CA,94730,Alameda,(925) 779-7999,2003-02-20,2004-02-20
47-965787,47,On-Sale General - Restaurant,ACTIVE,Pub Co,James Miller,5429 Ocean Pl #596,Fremont,CA,91048,Alameda,(925) 639-1165,2008-04-02,2009-04-02
47-313817,47,On-Sale General - Restaurant,ACTIVE,Tavern Corp 73,Lisa Jackson,4531 1st Blvd,Livermore,CA,93513,Alameda,(925) 580-6372,2018-09-12,2019-09-12
47-516064,47,On-Sale General - Restaurant,ACTIVE,TheBar & Grill Alameda 3,Lisa Lopez,917 Main Ln #163,Livermore,CA,92524,Alameda,(925) 311-8963,2010-05-14,2011-05-14
47-857838,47,On-Sale General - Restaurant,ACTIVE,OldTavern Berkeley 13,Maria Jackson,7403 Ocean Rd,Berkeley,CA,93547,Alameda,(510) 555-4635,2018-10-25,2019-10-25
47-922378,47,On-Sale General - Restaurant,ACTIVE,Sports Bar LLC,Christopher Jones,3175 Washington Ct,Hayward,CA,91819,Alameda,(510) 680-2367,2002-06-12,2003-06-12
47-859346,47,On-Sale General - Restaurant,ACTIVE,Bar & Grill Company,Mark Martin,4284 Wilshire Ave,Livermore,CA,92910,Alameda,(510) 662-1166,2012-10-15,2013-10-15
47-809223,47,On-Sale General - Restaurant,ACTIVE,NewLounge Corp 32,John Gonzalez Miller,1643 6th Dr,Oakland,CA,90189,Alameda,(925) 327-1701,2017-11-11,2018-11-11
47-695832,47,On-Sale General - Restaurant,ACTIVE,Lounge Co,Maria Thomas Miller,9371 Mission Blvd,Livermore,CA,90341,Alameda,(925) 562-2189,2022-07-12,2023-07-12
47-621109,47,On-Sale General - Restaurant,ACTIVE,Bar,Maria Williams,9295 4th Way,Fremont,CA,91004,Alameda,(925) 862-3580,2022-01-18,2023-01-18
47-702268,47,On-Sale General - Restaurant,ACTIVE,Bar Fremont Corp,William Moore,6163 Mission Pl,Fremont,CA,95297,Alameda,(925) 798-7159,2002-04-04,2003-04-04
47-821758,47,On-Sale General - Restaurant,ACTIVE,OldPub 84,Michael Miller,1881 Franklin Blvd,Berkeley,CA,93204,Alameda,(510) 865-5375,2015-07-22,2016-07-22
47-238408,47,On-Sale General - Restaurant,ACTIVE,Tavern,Mark Jackson,4598 Jefferson Way,Berkeley,CA,94352,Alameda,(925) 229-3838,2000-03-11,2001-03-11
47-224416,47,On-Sale General - Restaurant,ACTIVE,Tavern Fremont LLC,David Gonzalez Gonzalez,2154 4th Way,Fremont,CA,95430,Alameda,(925) 915-8519,2013-03-04,2014-03-04
47-501057,47,On-Sale General - Restaurant,ACTIVE,Lounge 83,Steven Thomas,4131 4th Ct,Fremont,CA,94779,Alameda,(510) 855-6877,2014-04-21,2015-04-21
47-371202,47,On-Sale General - Restaurant,ACTIVE,Pub Hayward,Maria Garcia Jones,3704 Maple Ct,Hayward,CA,94434,Alameda,(510) 646-2781,2011-05-23,2012-05-23
47-988974,47,On-Sale General - Restaurant,ACTIVE,Bar & Grill,James Johnson,5017 Mission Ln #583,Berkeley,CA,95056,Alameda,(925) 339-3758,2007-11-12,2008-11-12
47-753275,47,On-Sale General - Restaurant,ACTIVE,Bar & Grill Alameda,Steven Gonzalez Johnson,2715 Ocean St,Oakland,CA,92858,Alameda,(510) 502-8396,2001-06-11,2002-06-11
47-716388,47,On-Sale General - Restaurant,ACTIVE,Pub,Steven Smith Thomas,4453 7th Blvd,Fremont,CA,90273,Alameda,(925) 235-8788,2013-11-19,2014-11-19
47-233437,47,On-Sale General - Restaurant,ACTIVE,Brasserie Alameda,David Smith,3234 7th Ave,Fremont,CA,91501,Alameda,(510) 676-7625,2004-10-13,2005-10-13
47-365066,47,On-Sale General - Restaurant,ACTIVE,Chophouse Oakland Hills,Kenneth Rodriguez,5868 Hollywood Rd,Oakland,CA,94628,Alameda,(925) 852-9979,2016-08-10,2017-08-10
47-654880,47,On-Sale General - Restaurant,ACTIVE,Tavern Livermore Hills Company,Andrew Moore,4480 State Way,Livermore,CA,94950,Alameda,(510) 579-2262,2004-10-22,2005-10-22
47-936089,47,On-Sale General - Restaurant,ACTIVE,Tavern,John Jones Johnson,3827 6th Rd,Fremont,CA,91406,Alameda,(925) 726-4758,2004-08-18,2005-08-18
47-216510,47,On-Sale General - Restaurant,ACTIVE,TheTavern Hayward Heights 82,James Johnson,1576 Main Pl,Hayward,CA,93502,Alameda,(510) 287-6813,2001-04-06,2002-04-06
47-288508,47,On-Sale General - Restaurant,ACTIVE,Bar & Grill Corp,Michelle Gonzalez,1470 Madison Blvd,Livermore,CA,91808,Alameda,(925) 946-3066,2020-06-18,2021-06-18
47-299411,47,On-Sale General - Restaurant,ACTIVE,NewSteakhouse Hayward 92,Matthew Jones Garcia,6472 Oak Dr,Hayward,CA,92048,Alameda,(510) 237-6866,2000-10-15,2001-10-15
47-858461,47,On-Sale General - Restaurant,ACTIVE,Lounge Alameda 20,Jennifer Johnson Lopez,1156 Sunset Way,Livermore,CA,95924,Alameda,(510) 486-8230,2017-12-12,2018-12-12
47-836900,47,On-Sale General - Restaurant,ACTIVE,Bar & Grill Hayward LLC,Mark Davis,2617 4th St,Hayward,CA,90134,Alameda,(510) 545-2496,2014-07-02,2015-07-02
47-503272,47,On-Sale General - Restaurant,ACTIVE,Lounge Livermore,Anthony Lopez,4214 Mission St #574,Livermore,CA,92810,Alameda,(510) 214-6017,2013-03-17,2014-03-17
47-477307,47,On-Sale General - Restaurant,ACTIVE,Lounge Alameda Company,Lisa Martin,309 5th Dr #397,Livermore,CA,93115,Alameda,(510) 482-2086,2021-06-11,2022-06-11
47-324529,47,On-Sale General - Restaurant,ACTIVE,Chophouse,Jennifer Thomas,6089 Lincoln Ave,Hayward,CA,93604,Alameda,(510) 767-5656,2021-07-27,2022-07-27
47-212252,47,On-Sale General - Restaurant,ACTIVE,Chophouse Berkeley 65,Maria Gonzalez,8662 5th Ct #102,Berkeley,CA,92102,Alameda,(510) 847-1161,2019-11-23,2020-11-23
47-438075,47,On-Sale General - Restaurant,ACTIVE,Bar & Grill Fremont Hills LLC,Maria Martin,1630 Madison Rd,Fremont,CA,90453,Alameda,(925) 454-8843,2017-07-07,2018-07-07
47-900080,47,On-Sale General - Restaurant,ACTIVE,TheChophouse Alameda 26,James Taylor,374 Mission Way #404,Berkeley,CA,90804,Alameda,(510) 949-4334,2015-07-20,2016-07-20
47-277137,47,On-Sale General - Restaurant,ACTIVE,Brasserie Berkeley,William Lopez Smith,6813 State Pl,Berkeley,CA,93895,Alameda,(925) 662-9069,2018-10-07,2019-10-07
47-752753,47,On-Sale General - Restaurant,ACTIVE,Bar,John Smith,4191 Maple Rd #922,Fremont,CA,93624,Alameda,(510) 896-5728,2017-11-08,2018-11-08
47-136544,47,On-Sale General - Restaurant,ACTIVE,Lounge Alameda Company 46,Anthony Wilson,7546 Main Rd,Fremont,CA,94052,Alameda,(925) 892-1240,2009-11-19,2010-11-19
47-560815,47,On-Sale General - Restaurant,ACTIVE,Bar & Grill Berkeley Group,Paul Martinez,5665 Maple St,Berkeley,CA,94653,Alameda,(925) 251-9133,2008-01-24,2009-01-24
47-582278,47,On-Sale General - Restaurant,ACTIVE,Lounge Alameda Corp,Steven Taylor,2519 Wilshire Pl #775,Fremont,CA,92181,Alameda,(510) 964-5679,2008-07-17,2009-07-17
47-328772,47,On-Sale General - Restaurant,ACTIVE,Pub,David Martinez Rodriguez,4761 Lincoln Blvd #461,Oakland,CA,95710,Alameda,(510) 303-1274,2005-01-08,2006-01-08
47-682223,47,On-Sale General - Restaurant,ACTIVE,TheChophouse Livermore Hills 82,Michael Wilson,147 Mission Dr,Livermore,CA,95207,Alameda,(510) 537-1819,2020-09-13,2021-09-13
47-716641,47,On-Sale General - Restaurant,ACTIVE,Sports Bar Group 37,Daniel Martinez,7885 Wilshire Dr,Hayward,CA,94103,Alameda,(510) 549-5747,2002-02-28,2003-02-28
47-606800,47,On-Sale General - Restaurant,ACTIVE,Chophouse Corp,Daniel Davis,8916 Madison Ln,Livermore,CA,95449,Alameda,(510) 422-2918,2017-01-16,2018-01-16
47-172615,47,On-Sale General - Restaurant,ACTIVE,Bar Hayward Heights,Matthew Moore,9773 3rd Ave,Hayward,CA,95578,Alameda,(925) 881-7338,2002-01-10,2003-01-10
47-357983,47,On-Sale General - Restaurant,ACTIVE,Lounge Oakland LLC,William Williams Gonzalez,1363 Front Blvd,Oakland,CA,93624,Alameda,(925) 202-5739,2015-07-05,2016-07-05
47-401715,47,On-Sale General - Restaurant,ACTIVE,Chophouse 77,John Garcia,8242 Sunset Ct #428,Berkeley,CA,92127,Alameda,(510) 264-6682,2012-02-21,2013-02-21
47-918452,47,On-Sale General - Restaurant,ACTIVE,Steakhouse LLC,Mark Wilson,1612 Main Ct,Livermore,CA,92614,Alameda,(925) 941-2106,2015-09-18,2016-09-18
47-170333,47,On-Sale General - Restaurant,ACTIVE,OldPub Company 74,James Miller Williams,8620 Mission Pl,Fremont,CA,93819,Alameda,(510) 605-3545,2007-06-26,2008-06-26
47-174051,47,On-Sale General - Restaurant,ACTIVE,Lounge Alameda,Mark Rodriguez,5309 Lincoln Rd,Berkeley,CA,95164,Alameda,(925) 361-1781,2011-06-17,2012-06-17
47-136229,47,On-Sale General - Restaurant,ACTIVE,Chophouse 57,Michelle Williams,1371 6th Ct,Fremont,CA,91127,Alameda,(510) 970-7130,2023-10-06,2024-10-06
47-375506,47,On-Sale General - Restaurant,ACTIVE,Tavern Livermore Corp,Michelle Hernandez,9536 2nd Ct,Livermore,CA,95415,Alameda,(925) 993-6788,2002-06-07,2003-06-07
47-912851,47,On-Sale General - Restaurant,ACTIVE,OldTavern Oakland Heights 77,James Rodriguez,439 Franklin Rd,Oakland,CA,93449,Alameda,(510) 943-8884,2002-01-21,2003-01-21
47-869171,47,On-Sale General - Restaurant,ACTIVE,Tavern,Daniel Martinez Garcia,9118 Market Ct #192,Hayward,CA,94967,Alameda,(510) 800-1172,2003-12-14,2004-12-14
47-847406,47,On-Sale General - Restaurant,ACTIVE,Bar & Grill Corp,Kenneth Hernandez,9344 Franklin St,Fremont,CA,91596,Alameda,(925) 302-6991,2000-04-15,2001-04-15
47-666745,47,On-Sale General - Restaurant,ACTIVE,Bar & Grill Livermore Valley LLC,Jennifer Smith Taylor,4826 State Ave #820,Livermore,CA,93387,Alameda,(510) 461-4897,2003-08-26,2004-08-26
47-351106,47,On-Sale General - Restaurant,ACTIVE,Bar 12,Andrew Rodriguez,1346 Market St #904,Fremont,CA,93042,Alameda,(510) 317-1506,2003-11-25,2004-11-25
47-227054,47,On-Sale General - Restaurant,ACTIVE,NewLounge Livermore Corp 27,Matthew Miller,6132 Main Ave #436,Livermore,CA,93520,Alameda,(510) 402-5462,2006-07-14,2007-07-14
47-881083,47,On-Sale General - Restaurant,ACTIVE,Chophouse Fremont,Maria Martinez,3033 Lincoln Rd,Fremont,CA,90384,Alameda,(925) 844-2690,2001-02-26,2002-02-26
47-449290,47,On-Sale General - Restaurant,ACTIVE,Bar & Grill,Jennifer Moore Gonzalez,4115 7th Blvd,Oakland,CA,95696,Alameda,(510) 533-4872,2010-02-21,2011-02-21
47-757635,47,On-Sale General - Restaurant,ACTIVE,Pub Alameda Co,Michelle Taylor,3719 Franklin Ct,Berkeley,CA,94768,Alameda,(510) 851-6174,2023-04-25,2024-04-25
47-977180,47,On-Sale General - Restaurant,ACTIVE,Steakhouse,Paul Johnson Jones,9928 Broadway Dr,Berkeley,CA,91602,Alameda,(510) 848-4579,2011-09-24,2012-09-24
47-670714,47,On-Sale General - Restaurant,ACTIVE,Chophouse Livermore,Anthony Lopez,9924 Pico Blvd,Livermore,CA,90955,Alameda,(510) 916-4451,2008-12-11,2009-12-11
47-889903,47,On-Sale General - Restaurant,ACTIVE,Brasserie Alameda Corp,Mark Smith,3630 Mission Blvd #948,Hayward,CA,95447,Alameda,(925) 855-2487,2022-04-22,2023-04-22
47-697482,47,On-Sale General - Restaurant,ACTIVE,Brasserie 95,Anthony Brown Davis,8417 State St,Livermore,CA,95534,Alameda,(925) 629-1926,2003-11-26,2004-11-26
47-484972,47,On-Sale General - Restaurant,ACTIVE,Steakhouse,Andrew Moore,8255 Franklin Pl #674,Berkeley,CA,93563,Alameda,(925) 432-8229,2024-01-22,2025-01-22
47-533823,47,On-Sale General - Restaurant,ACTIVE,OldLounge Oakland Inc 41,Paul Moore,3182 5th Dr,Oakland,CA,93884,Alameda,(925) 616-8697,2003-01-04,2004-01-04
47-978620,47,On-Sale General - Restaurant,ACTIVE,Brasserie Alameda LLC,Kenneth Williams,4427 State Rd,Hayward,CA,95240,Alameda,(510) 338-4133,2013-03-28,2014-03-28
47-808555,47,On-Sale General - Restaurant,ACTIVE,Bar & Grill Alameda Corp,Anthony Miller Taylor,7455 2nd Blvd,Livermore,CA,93255,Alameda,(925) 224-4095,2007-03-25,2008-03-25
47-669403,47,On-Sale General - Restaurant,ACTIVE,TheBar Alameda 8,Maria Gonzalez,4888 2nd Dr,Hayward,CA,96131,Alameda,(925) 326-7701,2011-09-06,2012-09-06
47-534714,47,On-Sale General - Restaurant,ACTIVE,Steakhouse Inc,Lisa Thomas,5494 6th Ct,Livermore,CA,90832,Alameda,(510) 449-7217,2015-08-15,2016-08-15
47-289216,47,On-Sale General - Restaurant,ACTIVE,NewChophouse 16,Michelle Garcia Martinez,3419 2nd Ln #284,Fremont,CA,95982,Alameda,(510) 623-9958,2022-11-06,2023-11-06
47-303056,47,On-Sale General - Restaurant,ACTIVE,NewSteakhouse Inc 90,Michael Smith,5272 Lincoln Blvd,Hayward,CA,94826,Alameda,(925) 216-5700,2002-04-20,2003-04-20
47-769225,47,On-Sale General - Restaurant,ACTIVE,Bar Alameda,Andrew Rodriguez,2278 Hollywood Blvd,Fremont,CA,96132,Alameda,(925) 570-9635,2000-10-16,2001-10-16
47-539690,47,On-Sale General - Restaurant,ACTIVE,NewBar LLC 20,Michelle Wilson,4574 Hollywood Way #121,Oakland,CA,95288,Alameda,(510) 979-7362,2013-11-19,2014-11-19
47-809661,47,On-Sale General - Restaurant,ACTIVE,OldLounge 95,David Hernandez,8231 Washington Dr #900,Oakland,CA,92902,Alameda,(925) 254-3136,2000-06-06,2001-06-06
47-323982,47,On-Sale General - Restaurant,ACTIVE,Chophouse Alameda Co 46,Jennifer Williams,9513 Market Pl #369,Berkeley,CA,92853,Alameda,(510) 590-3985,2004-01-15,2005-01-15
47-925289,47,On-Sale General - Restaurant,ACTIVE,Chophouse LLC,Paul Wilson,6257 Lincoln Ave,Oakland,CA,90120,Alameda,(510) 987-3870,2002-03-07,2003-03-07
47-691001,47,On-Sale General - Restaurant,ACTIVE,OldSteakhouse Fremont Hills 92,Paul Johnson,5528 State Way #333,Fremont,CA,90931,Alameda,(510) 698-6061,2002-11-08,2003-11-08
47-398214,47,On-Sale General - Restaurant,ACTIVE,OldSports Bar Fremont 11,David Martinez,5120 Lincoln Way,Fremont,CA,90748,Alameda,(510) 575-6698,2012-11-06,2013-11-06
47-913616,47,On-Sale General - Restaurant,ACTIVE,Bar Co,Andrew Davis,2402 Wilshire Rd,Hayward,CA,92333,Alameda,(510) 532-1491,2008-05-13,2009-05-13
47-703163,47,On-Sale General - Restaurant,ACTIVE,Chophouse Co,Daniel Moore,9273 Franklin Ct,Berkeley,CA,94724,Alameda,(925) 807-4483,2019-10-21,2020-10-21
47-261402,47,On-Sale General - Restaurant,ACTIVE,NewChophouse Hayward Valley Co 84,David Garcia Thomas,8073 Pico Dr #203,Hayward,CA,92222,Alameda,(510) 353-1598,2014-04-27,2015-04-27
47-943406,47,On-Sale General - Restaurant,ACTIVE,OldBar Company 63,Anthony Brown,307 Market Rd,Livermore,CA,91762,Alameda,(510) 443-6364,2019-10-06,2020-10-06
47-158299,47,On-Sale General - Restaurant,ACTIVE,OldBar Corp 64,William Smith,3356 4th Blvd #380,Oakland,CA,92327,Alameda,(925) 205-6512,2015-08-15,2016-08-15
47-679811,47,On-Sale General - Restaurant,ACTIVE,Steakhouse Alameda,Maria Taylor Martinez,3420 3rd Ct #459,Fremont,CA,91787,Alameda,(510) 567-6700,2017-03-08,2018-03-08
47-988311,47,On-Sale General - Restaurant,ACTIVE,Lounge Group,Maria Gonzalez,4229 Mission Pl,Hayward,CA,94175,Alameda,(925) 544-1382,2002-10-12,2003-10-12
47-601408,47,On-Sale General - Restaurant,ACTIVE,Bar Co,David Anderson,2003 Market Ave #652,Hayward,CA,90904,Alameda,(510) 619-4464,2017-09-09,2018-09-09
47-477421,47,On-Sale General - Restaurant,ACTIVE,Chophouse Fremont Heights,John Miller,9565 Front Ln,Fremont,CA,93123,Alameda,(925) 542-5419,2016-06-03,2017-06-03
47-707759,47,On-Sale General - Restaurant,ACTIVE,TheBar & Grill Hayward Valley 87,William Brown,6146 Main Dr,Hayward,CA,90952,Alameda,(925) 756-4004,2007-06-15,2008-06-15
47-621912,47,On-Sale General - Restaurant,ACTIVE,OldBar & Grill Alameda Inc 96,Christopher Taylor,5363 2nd Ln,Livermore,CA,92452,Alameda,(510) 434-1770,2009-01-02,2010-01-02
47-945796,47,On-Sale General - Restaurant,ACTIVE,Tavern,Maria Taylor,5759 Maple Way #361,Hayward,CA,94659,Alameda,(925) 462-8605,2022-12-16,2023-12-16
47-163534,47,On-Sale General - Restaurant,ACTIVE,NewChophouse 28,Anthony Johnson,8651 Pico Pl,Fremont,CA,91472,Alameda,(925) 397-9184,2011-11-06,2012-11-06
47-270254,47,On-Sale General - Restaurant,ACTIVE,OldSports Bar Fremont Heights Co 32,Maria Jackson,1575 1st Way,Fremont,CA,93652,Alameda,(510) 925-8444,2020-06-12,2021-06-12
47-827856,47,On-Sale General - Restaurant,ACTIVE,Chophouse Fremont,Robert Taylor,7717 Jefferson Rd #832,Fremont,CA,91686,Alameda,(925) 413-7280,2011-11-17,2012-11-17
47-585079,47,On-Sale General - Restaurant,ACTIVE,Lounge,Maria Rodriguez,6079 Pico Dr,Livermore,CA,93175,Alameda,(925) 918-3343,2020-11-16,2021-11-16
47-997186,47,On-Sale General - Restaurant,ACTIVE,Brasserie LLC,Jennifer Johnson,6161 2nd St,Livermore,CA,93222,Alameda,(510) 902-8428,2000-09-08,2001-09-08
47-146291,47,On-Sale General - Restaurant,ACTIVE,Pub Oakland Hills 78,Steven Smith,8051 Hollywood Rd #805,Oakland,CA,96140,Alameda,(925) 789-1911,2012-10-03,2013-10-03
47-726782,47,On-Sale General - Restaurant,ACTIVE,Bar,John Jones,2096 Main Ave,Hayward,CA,90357,Alameda,(510) 999-7954,2013-10-08,2014-10-08
47-384256,47,On-Sale General - Restaurant,ACTIVE,Bar & Grill LLC,Maria Jones Anderson,6397 Ocean St,Oakland,CA,92499,Alameda,(510) 618-8863,2004-05-08,2005-05-08
47-257817,47,On-Sale General - Restaurant,ACTIVE,Steakhouse Livermore Heights Co,Robert Garcia Miller,7083 State Rd,Livermore,CA,93914,Alameda,(925) 486-5502,2003-05-14,2004-05-14
47-467355,47,On-Sale General - Restaurant,ACTIVE,Steakhouse,Jennifer Williams Moore,1596 Jefferson Pl,Fremont,CA,93071,Alameda,(925) 749-6225,2017-05-02,2018-05-02
47-493254,47,On-Sale General - Restaurant,ACTIVE,Pub Livermore,Jennifer Smith,9207 2nd Dr #806,Livermore,CA,92999,Alameda,(510) 569-6821,2024-06-12,2025-06-12
47-918030,47,On-Sale General - Restaurant,ACTIVE,Lounge Fremont Hills,Jennifer Miller Gonzalez,4014 Wilshire Pl,Fremont,CA,94482,Alameda,(510) 262-2695,2007-06-01,2008-06-01
47-378363,47,On-Sale General - Restaurant,ACTIVE,TheTavern 39,Kenneth Smith,8800 4th Way,Oakland,CA,93604,Alameda,(925) 999-7318,2004-12-22,2005-12-22
47-781572,47,On-Sale General - Restaurant,ACTIVE,Tavern Company,John Garcia,4036 State Dr,Oakland,CA,94821,Alameda,(510) 212-7055,2004-10-05,2005-10-05
47-532430,47,On-Sale General - Restaurant,ACTIVE,Sports Bar Berkeley Co,Anthony Moore,6569 5th Ave,Berkeley,CA,92224,Alameda,(510) 574-8277,2007-12-04,2008-12-04
47-914933,47,On-Sale General - Restaurant,ACTIVE,TheSteakhouse Alameda Inc 52,Michelle Wilson,6272 Jefferson Way,Fremont,CA,90350,Alameda,(925) 543-6778,2008-10-18,2009-10-18
47-394159,47,On-Sale General - Restaurant,ACTIVE,Bar & Grill Alameda Company,Paul Garcia,4887 1st Ct,Oakland,CA,93055,Alameda,(510) 804-1094,2006-08-13,2007-08-13
47-977653,47,On-Sale General - Restaurant,ACTIVE,Chophouse Alameda,Matthew Lopez Rodriguez,6090 1st Way,Oakland,CA,91635,Alameda,(510) 889-5415,2015-01-23,2016-01-23
47-717701,47,On-Sale General - Restaurant,ACTIVE,Chophouse,Anthony Williams,4170 Sunset Ct #102,Hayward,CA,95939,Alameda,(925) 603-9008,2004-07-03,2005-07-03
47-814295,47,On-Sale General - Restaurant,ACTIVE,Steakhouse,Michael Miller,8659 6th Rd #404,Hayward,CA,90779,Alameda,(510) 812-1632,2011-02-22,2012-02-22
47-198411,47,On-Sale General - Restaurant,ACTIVE,Bar & Grill Corp,Maria Wilson,8343 State Dr,Oakland,CA,95880,Alameda,(925) 657-8842,2007-07-06,2008-07-06
47-467119,47,On-Sale General - Restaurant,ACTIVE,Chophouse Alameda,Jennifer Davis,343 Oak Pl #941,Hayward,CA,95369,Alameda,(925) 579-6458,2022-09-11,2023-09-11
47-872667,47,On-Sale General - Restaurant,ACTIVE,NewPub Alameda Corp 2,Michael Martin,7435 Jefferson Pl #888,Oakland,CA,91379,Alameda,(510) 502-6894,2018-09-13,2019-09-13
47-377492,47,On-Sale General - Restaurant,ACTIVE,TheChophouse 93,Matthew Martinez,2826 Washington Ct,Oakland,CA,92112,Alameda,(510) 906-2672,2010-11-14,2011-11-14
47-939712,47,On-Sale General - Restaurant,ACTIVE,TheChophouse Fremont Hills 2,James Rodriguez,5492 Maple Rd,Fremont,CA,92456,Alameda,(510) 338-6938,2000-01-22,2001-01-22
47-634079,47,On-Sale General - Restaurant,ACTIVE,Pub LLC,Christopher Jones,8380 Broadway Ave #295,Fremont,CA,92694,Alameda,(925) 314-3889,2023-02-08,2024-02-08
47-211550,47,On-Sale General - Restaurant,ACTIVE,Brasserie Hayward Hills LLC,John Johnson,2379 Hollywood Ct #675,Hayward,CA,92132,Alameda,(510) 624-5617,2020-11-17,2021-11-17
47-983952,47,On-Sale General - Restaurant,ACTIVE,Steakhouse Berkeley,Christopher Jackson,8884 Jefferson Ln,Berkeley,CA,95374,Alameda,(510) 888-3712,2005-06-24,2006-06-24
47-907602,47,On-Sale General - Restaurant,ACTIVE,OldSports Bar Alameda Inc 87,Kenneth Johnson,6623 7th St #312,Fremont,CA,94641,Alameda,(510) 296-3395,2009-05-02,2010-05-02
47-213082,47,On-Sale General - Restaurant,ACTIVE,Bar Hayward Group,William Martinez,3374 Madison Way,Hayward,CA,92367,Alameda,(925) 811-5251,2009-11-01,2010-11-01
47-703420,47,On-Sale General - Restaurant,ACTIVE,Bar LLC,Paul Lopez,1079 Washington Dr,Oakland,CA,94795,Alameda,(925) 274-4451,2013-10-27,2014-10-27
47-873856,47,On-Sale General - Restaurant,ACTIVE,Pub Corp,Kenneth Wilson,3699 Jefferson St,Berkeley,CA,91794,Alameda,(510) 823-2548,2010-07-24,2011-07-24
47-572063,47,On-Sale General - Restaurant,ACTIVE,OldSteakhouse Alameda Company 42,Robert Williams,6125 Franklin Way,Fremont,CA,92602,Alameda,(925) 954-6184,2015-02-15,2016-02-15
47-293546,47,On-Sale General - Restaurant,ACTIVE,Bar & Grill,Paul Davis,6394 4th Blvd,Hayward,CA,92514,Alameda,(510) 546-8984,2024-01-26,2025-01-26
47-419818,47,On-Sale General - Restaurant,ACTIVE,Steakhouse LLC,Jennifer Johnson,3709 Broadway Rd,Hayward,CA,92494,Alameda,(510) 856-6329,2006-07-03,2007-07-03
47-585419,47,On-Sale General - Restaurant,ACTIVE,Pub Alameda,Christopher Rodriguez Martin,4207 Pico Pl #567,Berkeley,CA,96022,Alameda,(510) 610-8463,2000-07-22,2001-07-22
47-679290,47,On-Sale General - Restaurant,ACTIVE,Bar Oakland Valley Co,Andrew Smith,1844 6th Pl,Oakland,CA,91860,Alameda,(925) 955-5844,2004-04-05,2005-04-05
47-384224,47,On-Sale General - Restaurant,ACTIVE,NewBar & Grill 43,Maria Jones Garcia,8223 State St,Oakland,CA,93700,Alameda,(925) 563-2807,2000-10-04,2001-10-04
47-193776,47,On-Sale General - Restaurant,ACTIVE,Tavern Alameda,Andrew Martin,6282 Madison Rd,Oakland,CA,93101,Alameda,(925) 558-8404,2022-06-04,2023-06-04
47-563182,47,On-Sale General - Restaurant,ACTIVE,Steakhouse,Michael Rodriguez Jackson,7422 7th Way,Oakland,CA,90791,Alameda,(510) 768-8126,2019-06-27,2020-06-27
47-561453,47,On-Sale General - Restaurant,ACTIVE,Sports Bar Oakland Company,Michael Rodriguez,3209 Wilshire Blvd #419,Oakland,CA,93866,Alameda,(925) 478-8899,2015-08-11,2016-08-11
47-603447,47,On-Sale General - Restaurant,ACTIVE,NewBrasserie Fremont Co 58,Matthew Martinez,6537 Franklin Ln,Fremont,CA,95515,Alameda,(925) 578-6586,2007-01-12,2008-01-12
47-113178,47,On-Sale General - Restaurant,ACTIVE,OldBar & Grill Livermore Heights Inc 18,Michael Williams,7252 Broadway Dr,Livermore,CA,95150,Alameda,(925) 242-2799,2004-02-27,2005-02-27
47-525063,47,On-Sale General - Restaurant,ACTIVE,Sports Bar,Michelle Moore,6217 Madison Way,Hayward,CA,90343,Alameda,(925) 406-1693,2009-04-06,2010-04-06
47-676468,47,On-Sale General - Restaurant,ACTIVE,Lounge,Christopher Garcia Martinez,4111 Jefferson Rd,Hayward,CA,92295,Alameda,(510) 300-1608,2020-01-13,2021-01-13
47-356502,47,On-Sale General - Restaurant,ACTIVE,Chophouse Fremont Hills,William Hernandez,9339 Oak Pl,Fremont,CA,94027,Alameda,(925) 645-9444,2013-07-15,2014-07-15
47-793185,47,On-Sale General - Restaurant,ACTIVE,Sports Bar Alameda Company,Anthony Brown,3651 Mission Ln #837,Hayward,CA,91316,Alameda,(510) 330-7303,2002-08-11,2003-08-11
47-657987,47,On-Sale General - Restaurant,ACTIVE,Sports Bar LLC,John Smith,2743 Market Rd #610,Oakland,CA,94901,Alameda,(510) 995-7821,2022-11-09,2023-11-09
47-195919,47,On-Sale General - Restaurant,ACTIVE,NewBar Corp 44,Andrew Garcia,4718 Franklin Pl,Berkeley,CA,93961,Alameda,(510) 202-6941,2010-09-07,2011-09-07
47-778965,47,On-Sale General - Restaurant,ACTIVE,Sports Bar,Daniel Martinez Wilson,6193 1st Ct,Berkeley,CA,95352,Alameda,(925) 612-5748,2006-12-12,2007-12-12
47-249678,47,On-Sale General - Restaurant,ACTIVE,OldSports Bar Hayward Corp 2,Daniel Johnson,4845 Pico Way,Hayward,CA,94801,Alameda,(510) 701-7719,2021-02-12,2022-02-12
47-462492,47,On-Sale General - Restaurant,ACTIVE,Bar & Grill,Steven Brown,9067 Hollywood Pl #107,Hayward,CA,92285,Alameda,(925) 402-4677,2023-07-25,2024-07-25
47-655023,47,On-Sale General - Restaurant,ACTIVE,OldSports Bar 37,John Jones,8733 Front Way #718,Berkeley,CA,91421,Alameda,(925) 917-4188,2010-10-17,2011-10-17
47-545627,47,On-Sale General - Restaurant,ACTIVE,Steakhouse,John Brown,2219 State Ct,Fremont,CA,95006,Alameda,(925) 790-9437,2005-10-26,2006-10-26
47-467687,47,On-Sale General - Restaurant,ACTIVE,Chophouse,Mark Taylor,8862 4th Blvd,Livermore,CA,90447,Alameda,(510) 569-4779,2015-09-17,2016-09-17
47-845107,47,On-Sale General - Restaurant,ACTIVE,Lounge Alameda Co,Mark Anderson,3302 Wilshire Ct,Berkeley,CA,91900,Alameda,(510) 730-1403,2010-07-05,2011-07-05
47-924968,47,On-Sale General - Restaurant,ACTIVE,NewSports Bar Corp 13,William Martinez,5396 Washington Blvd #398,Berkeley,CA,93103,Alameda,(925) 532-9843,2019-04-09,2020-04-09
47-623491,47,On-Sale General - Restaurant,ACTIVE,Sports Bar,Andrew Thomas,5544 3rd Way,Oakland,CA,91427,Alameda,(925) 371-2896,2013-12-22,2014-12-22
47-599017,47,On-Sale General - Restaurant,ACTIVE,OldChophouse Fremont Valley 37,Matthew Hernandez Garcia,3326 Mission Blvd,Fremont,CA,93834,Alameda,(510) 294-1279,2022-09-19,2023-09-19
47-772673,47,On-Sale General - Restaurant,ACTIVE,Chophouse Alameda,Anthony Anderson Miller,7935 3rd Blvd,Oakland,CA,95328,Alameda,(925) 600-7854,2013-12-19,2014-12-19
47-757328,47,On-Sale General - Restaurant,ACTIVE,Tavern,Robert Williams,2724 7th Ct #540,Livermore,CA,95668,Alameda,(925) 712-9395,2010-07-01,2011-07-01
47-597341,47,On-Sale General - Restaurant,ACTIVE,Bar & Grill Company,Christopher Brown,2648 Lincoln Ln #951,Livermore,CA,91475,Alameda,(510) 505-3495,2002-07-25,2003-07-25
47-946031,47,On-Sale General - Restaurant,ACTIVE,NewPub Fremont LLC 17,Michelle Smith,7652 Broadway Blvd #407,Fremont,CA,95808,Alameda,(925) 786-2921,2023-03-17,2024-03-17
47-453082,47,On-Sale General - Restaurant,ACTIVE,Bar Livermore,David Thomas Johnson,4299 Pico Rd,Livermore,CA,96147,Alameda,(925) 624-4242,2014-11-15,2015-11-15
47-514826,47,On-Sale General - Restaurant,ACTIVE,Sports Bar Fremont Company,Christopher Smith,825 Maple Rd,Fremont,CA,95577,Alameda,(925) 357-1709,2007-11-08,2008-11-08
47-382073,47,On-Sale General - Restaurant,ACTIVE,Chophouse,Kenneth Davis,3043 2nd Ct,Livermore,CA,94284,Alameda,(510) 347-1983,2014-11-26,2015-11-26
47-591562,47,On-Sale General - Restaurant,ACTIVE,Sports Bar,Lisa Jackson,555 Jefferson Way,Berkeley,CA,95125,Alameda,(925) 720-3570,2020-04-18,2021-04-18
47-965479,47,On-Sale General - Restaurant,ACTIVE,Steakhouse Group,Steven Wilson,9177 Mission Ave,Oakland,CA,91266,Alameda,(510) 941-4174,2018-10-07,2019-10-07
47-547016,47,On-Sale General - Restaurant,ACTIVE,Bar & Grill Livermore LLC,Paul Moore,6550 Broadway Dr,Livermore,CA,94596,Alameda,(925) 303-2753,2000-08-24,2001-08-24
47-634669,47,On-Sale General - Restaurant,ACTIVE,Pub,Steven Martin,9658 3rd Dr,Fremont,CA,92393,Alameda,(925) 438-8148,2005-02-06,2006-02-06
47-766919,47,On-Sale General - Restaurant,ACTIVE,Sports Bar Fremont Valley Company,Mark Thomas,9616 4th Ct #462,Fremont,CA,95849,Alameda,(925) 486-7471,2002-08-05,2003-08-05
47-450386,47,On-Sale General - Restaurant,ACTIVE,Tavern,Michael Thomas,6123 Franklin Ln,Berkeley,CA,93857,Alameda,(925) 367-1384,2006-05-11,2007-05-11
47-177936,47,On-Sale General - Restaurant,ACTIVE,OldChophouse 28,Lisa Brown Williams,7805 Wilshire Ct #602,Livermore,CA,91350,Alameda,(925) 593-2926,2017-04-09,2018-04-09
47-706797,47,On-Sale General - Restaurant,ACTIVE,Sports Bar LLC,James Jackson,5628 Broadway Dr,Berkeley,CA,91023,Alameda,(510) 288-9342,2019-04-22,2020-04-22
47-362938,47,On-Sale General - Restaurant,ACTIVE,NewSteakhouse 13,John Rodriguez,5358 State St,Oakland,CA,92945,Alameda,(925) 940-8555,2003-04-18,2004-04-18
47-625716,47,On-Sale General - Restaurant,ACTIVE,Brasserie Oakland Hills,Maria Johnson Wilson,646 7th Rd,Oakland,CA,94148,Alameda,(925) 675-7732,2007-02-12,2008-02-12
47-195860,47,On-Sale General - Restaurant,ACTIVE,Pub Berkeley Company 58,Andrew Martin,6087 7th Pl #871,Berkeley,CA,96115,Alameda,(925) 718-6548,2024-01-06,2025-01-06
47-462647,47,On-Sale General - Restaurant,ACTIVE,TheSports Bar Alameda 64,Maria Moore,9810 Broadway Pl,Fremont,CA,93221,Alameda,(925) 580-5734,2005-10-26,2006-10-26
47-395129,47,On-Sale General - Restaurant,ACTIVE,Bar & Grill Corp 18,Christopher Miller,9216 6th Blvd,Hayward,CA,91553,Alameda,(925) 860-9908,2006-04-19,2007-04-19
47-149045,47,On-Sale General - Restaurant,ACTIVE,Pub Livermore,Anthony Miller,2536 Main Blvd,Livermore,CA,92108,Alameda,(510) 599-5994,2002-09-19,2003-09-19
47-488034,47,On-Sale General - Restaurant,ACTIVE,TheSports Bar Co 6,William Davis,6725 Sunset Way #166,Oakland,CA,92597,Alameda,(925) 295-8528,2023-08-23,2024-08-23
47-566287,47,On-Sale General - Restaurant,ACTIVE,OldPub Oakland Inc 48,Michael Taylor Miller,1921 Mission St,Oakland,CA,90359,Alameda,(510) 380-1574,2015-06-04,2016-06-04
47-342639,47,On-Sale General - Restaurant,ACTIVE,Steakhouse,Steven Williams,9939 1st Ave,Livermore,CA,95524,Alameda,(925) 489-9004,2000-08-19,2001-08-19
47-650980,47,On-Sale General - Restaurant,ACTIVE,OldBrasserie 77,Steven Jones Miller,9876 Ocean Ln,Livermore,CA,92159,Alameda,(925) 829-1574,2006-09-11,2007-09-11
47-513832,47,On-Sale General - Restaurant,ACTIVE,Bar Alameda,Maria Miller,2680 Oak Ln,Berkeley,CA,91436,Alameda,(925) 686-4833,2016-12-13,2017-12-13
47-884668,47,On-Sale General - Restaurant,ACTIVE,NewBar & Grill Alameda LLC 40,Mark Anderson,471 1st Dr,Livermore,CA,91978,Alameda,(925) 617-8636,2016-07-16,2017-07-16
47-236397,47,On-Sale General - Restaurant,ACTIVE,NewLounge Co 1,Lisa Garcia,163 Front Pl,Hayward,CA,90182,Alameda,(510) 874-8662,2023-04-11,2024-04-11
47-279979,47,On-Sale General - Restaurant,ACTIVE,Lounge Company,Michelle Taylor,783 Jefferson Ave,Oakland,CA,94529,Alameda,(510) 517-8153,2016-12-06,2017-12-06
47-712795,47,On-Sale General - Restaurant,ACTIVE,Bar & Grill Berkeley Heights,Maria Lopez Martinez,6307 Franklin Ct #598,Berkeley,CA,91228,Alameda,(925) 259-3997,2021-09-03,2022-09-03
47-987529,47,On-Sale General - Restaurant,ACTIVE,Bar & Grill LLC,Mark Thomas,4386 7th Pl,Fremont,CA,90694,Alameda,(925) 960-4513,2009-09-20,2010-09-20
47-942492,47,On-Sale General - Restaurant,ACTIVE,Tavern 47,Christopher Davis Miller,2167 Oak Rd,Hayward,CA,96129,Alameda,(925) 462-6546,2009-03-06,2010-03-06
47-924821,47,On-Sale General - Restaurant,ACTIVE,Bar Alameda,Mark Miller,3989 Maple Pl,Hayward,CA,95228,Alameda,(925) 467-7518,2009-10-13,2010-10-13
47-491098,47,On-Sale General - Restaurant,ACTIVE,Bar Hayward Corp 14,John Rodriguez,2716 Franklin Rd,Hayward,CA,92112,Alameda,(925) 485-6642,2001-09-07,2002-09-07
47-432033,47,On-Sale General - Restaurant,ACTIVE,Sports Bar Alameda,Daniel Taylor,1457 5th Ln,Livermore,CA,90111,Alameda,(510) 636-1755,2013-12-13,2014-12-13
47-133750,47,On-Sale General - Restaurant,ACTIVE,TheTavern 70,David Williams Gonzalez,8591 Ocean Ave,Fremont,CA,92341,Alameda,(510) 272-6865,2008-12-01,2009-12-01
47-207161,47,On-Sale General - Restaurant,ACTIVE,Sports Bar Company,Paul Miller,1954 Sunset Way,Fremont,CA,90393,Alameda,(510) 884-6629,2023-10-10,2024-10-10
47-461837,47,On-Sale General - Restaurant,ACTIVE,OldPub 14,Daniel Johnson Brown,6165 Pico Ct,Berkeley,CA,91165,Alameda,(510) 840-1142,2016-04-09,2017-04-09
47-960058,47,On-Sale General - Restaurant,ACTIVE,Tavern Alameda,Kenneth Davis,5289 Sunset Ct,Livermore,CA,94857,Alameda,(925) 978-3301,2003-10-07,2004-10-07
47-386715,47,On-Sale General - Restaurant,ACTIVE,Lounge Berkeley Heights Group,Jennifer Hernandez Davis,1228 1st Ct,Berkeley,CA,90646,Alameda,(925) 907-8700,2009-12-07,2010-12-07
47-581266,47,On-Sale General - Restaurant,ACTIVE,Brasserie Co,Maria Williams,7713 Main St,Hayward,CA,90916,Alameda,(925) 805-2928,2012-10-20,2013-10-20
47-946620,47,On-Sale General - Restaurant,ACTIVE,OldPub Oakland 73,Mark Martinez,4457 State Way,Oakland,CA,90800,Alameda,(925) 957-7052,2011-03-18,2012-03-18
47-610877,47,On-Sale General - Restaurant,ACTIVE,Lounge Co,Paul Davis,638 Sunset Ln #335,Berkeley,CA,91295,Alameda,(510) 246-9000,2020-11-28,2021-11-28
47-105330,47,On-Sale General - Restaurant,ACTIVE,Chophouse,Robert Lopez,2158 Lincoln Blvd #689,Oakland,CA,92135,Alameda,(510) 805-2998,2021-01-20,2022-01-20
47-778011,47,On-Sale General - Restaurant,ACTIVE,Pub Group,Maria Moore,9651 Madison St,Berkeley,CA,92147,Alameda,(925) 655-2489,2024-12-16,2025-12-16
47-324299,47,On-Sale General - Restaurant,ACTIVE,Sports Bar Livermore 25,Robert Smith,8506 Front Ln,Livermore,CA,92335,Alameda,(925) 462-3291,2018-09-14,2019-09-14
47-134326,47,On-Sale General - Restaurant,ACTIVE,Sports Bar,Paul Moore,8372 Hollywood Ave,Oakland,CA,92918,Alameda,(925) 933-1454,2000-05-13,2001-05-13
47-274096,47,On-Sale General - Restaurant,ACTIVE,Chophouse,Robert Miller,7935 Sunset Pl #249,Livermore,CA,94127,Alameda,(925) 790-5191,2008-02-09,2009-02-09
47-251303,47,On-Sale General - Restaurant,ACTIVE,Chophouse Alameda,Mark Thomas,3244 State Ave,Oakland,CA,95566,Alameda,(510) 789-8350,2003-12-21,2004-12-21
47-732843,47,On-Sale General - Restaurant,ACTIVE,Bar,John Rodriguez,2301 7th Blvd #723,Livermore,CA,90878,Alameda,(925) 440-7286,2004-12-26,2005-12-26
47-419277,47,On-Sale General - Restaurant,ACTIVE,Bar 7,Robert Martin,286 State Ln,Oakland,CA,93456,Alameda,(510) 470-8793,2001-01-13,2002-01-13
47-378683,47,On-Sale General - Restaurant,ACTIVE,NewSteakhouse Alameda 73,Lisa Lopez,5529 1st Dr #728,Hayward,CA,91592,Alameda,(510) 266-1630,2011-10-18,2012-10-18
47-126612,47,On-Sale General - Restaurant,ACTIVE,Tavern Alameda Co,Andrew Taylor Smith,1690 Wilshire Ct,Oakland,CA,94315,Alameda,(925) 484-7204,2023-04-05,2024-04-05
47-814487,47,On-Sale General - Restaurant,ACTIVE,OldChophouse Oakland Valley Co 15,Christopher Miller,4428 Washington St,Oakland,CA,93608,Alameda,(510) 324-7139,2001-12-07,2002-12-07
47-826379,47,On-Sale General - Restaurant,ACTIVE,Sports Bar Alameda,Lisa Williams,1058 Front St #959,Oakland,CA,90299,Alameda,(510) 340-7849,2002-03-24,2003-03-24
47-269648,47,On-Sale General - Restaurant,ACTIVE,Pub 46,Michael Jones,9336 Jefferson Dr #701,Fremont,CA,90089,Alameda,(510) 473-5530,2014-06-25,2015-06-25
47-387470,47,On-Sale General - Restaurant,ACTIVE,Chophouse Livermore,Andrew Moore,5541 Washington Ave #379,Livermore,CA,94103,Alameda,(925) 368-4849,2008-07-02,2009-07-02
47-336377,47,On-Sale General - Restaurant,ACTIVE,Brasserie Oakland,Anthony Martinez,7556 Jefferson St,Oakland,CA,90606,Alameda,(925) 640-3747,2019-05-16,2020-05-16
47-448907,47,On-Sale General - Restaurant,ACTIVE,Steakhouse Alameda Company,Christopher Lopez,5089 State Dr,Oakland,CA,94072,Alameda,(925) 863-6086,2004-01-10,2005-01-10
47-320609,47,On-Sale General - Restaurant,ACTIVE,Tavern,Kenneth Brown,7760 Jefferson Blvd,Livermore,CA,93995,Alameda,(925) 714-5634,2022-06-18,2023-06-18
47-777403,47,On-Sale General - Restaurant,ACTIVE,Brasserie Berkeley Hills Group,Maria Hernandez,4929 5th Rd,Berkeley,CA,92335,Alameda,(510) 828-3689,2012-12-03,2013-12-03
47-939733,47,On-Sale General - Restaurant,ACTIVE,Bar & Grill Hayward Valley Inc,Christopher Rodriguez Taylor,2519 3rd Dr,Hayward,CA,91380,Alameda,(925) 563-2906,2006-09-13,2007-09-13
47-283818,47,On-Sale General - Restaurant,ACTIVE,Steakhouse Alameda Company,John Smith,6658 4th St,Oakland,CA,90522,Alameda,(925) 993-4548,2010-12-26,2011-12-26
47-162536,47,On-Sale General - Restaurant,ACTIVE,Chophouse Oakland Company,Michael Martin,7523 Broadway Dr,Oakland,CA,91398,Alameda,(925) 974-4827,2019-06-10,2020-06-10
47-301838,47,On-Sale General - Restaurant,ACTIVE,Chophouse Corp,Michelle Gonzalez,3902 Front Ave,Livermore,CA,92226,Alameda,(510) 542-1770,2002-06-14,2003-06-14
47-894519,47,On-Sale General - Restaurant,ACTIVE,Chophouse Inc,Kenneth Lopez,8968 Lincoln Pl,Fremont,CA,94451,Alameda,(510) 980-6385,2003-05-08,2004-05-08
47-128226,47,On-Sale General - Restaurant,ACTIVE,Bar Alameda LLC,Paul Hernandez Thomas,303 Lincoln Way,Berkeley,CA,93555,Alameda,(510) 758-1957,2005-02-24,2006-02-24
47-965212,47,On-Sale General - Restaurant,ACTIVE,NewSteakhouse Oakland Group 31,Mark Martinez,2955 6th Rd,Oakland,CA,90832,Alameda,(510) 289-6362,2017-03-05,2018-03-05
47-776981,47,On-Sale General - Restaurant,ACTIVE,Chophouse Hayward,David Wilson Martin,2101 1st Ct,Hayward,CA,92720,Alameda,(510) 848-6619,2002-08-15,2003-08-15
47-241833,47,On-Sale General - Restaurant,ACTIVE,Bar,Paul Davis,6204 Ocean Dr,Oakland,CA,95591,Alameda,(510) 918-7026,2008-04-13,2009-04-13
47-398475,47,On-Sale General - Restaurant,ACTIVE,Brasserie,Andrew Martin,9164 Hollywood Ave,Oakland,CA,94203,Alameda,(510) 277-8747,2017-06-17,2018-06-17
47-716999,47,On-Sale General - Restaurant,ACTIVE,Steakhouse Company,Michael Gonzalez Williams,6473 Oak Ave #326,Berkeley,CA,94261,Alameda,(510) 855-2611,2009-12-08,2010-12-08
47-629699,47,On-Sale General - Restaurant,ACTIVE,Chophouse Corp 66,Daniel Johnson,8696 Mission St #710,Livermore,CA,90888,Alameda,(510) 474-3447,2001-08-16,2002-08-16
47-922628,47,On-Sale General - Restaurant,ACTIVE,OldChophouse Livermore 41,Matthew Gonzalez,8064 Franklin Pl #707,Livermore,CA,93250,Alameda,(510) 852-1187,2000-12-10,2001-12-10
47-157612,47,On-Sale General - Restaurant,ACTIVE,Brasserie Livermore Valley Group,Kenneth Jones,3499 Pico Way,Livermore,CA,92496,Alameda,(925) 731-7630,2014-12-26,2015-12-26
47-486625,47,On-Sale General - Restaurant,ACTIVE,NewBar & Grill 38,Jennifer Anderson Gonzalez,9728 7th Dr,Fremont,CA,91301,Alameda,(925) 500-6772,2004-05-18,2005-05-18
47-466365,47,On-Sale General - Restaurant,ACTIVE,TheBrasserie Livermore Inc 30,Robert Taylor,5031 Washington Rd,Livermore,CA,91140,Alameda,(925) 804-4653,2017-09-17,2018-09-17
47-192573,47,On-Sale General - Restaurant,ACTIVE,Steakhouse Berkeley,John Taylor,481 Oak Dr #522,Berkeley,CA,91372,Alameda,(925) 722-9114,2023-11-18,2024-11-18
47-234105,47,On-Sale General - Restaurant,ACTIVE,NewSteakhouse 72,Paul Davis,8392 Front Blvd,Livermore,CA,93339,Alameda,(925) 351-2527,2005-03-03,2006-03-03
47-424718,47,On-Sale General - Restaurant,ACTIVE,OldPub Fremont Hills Co 41,Kenneth Wilson,8321 1st Ln,Fremont,CA,93443,Alameda,(510) 577-5850,2011-06-24,2012-06-24
47-697544,47,On-Sale General - Restaurant,ACTIVE,NewBar 26,Michael Smith,272 3rd Ave #913,Oakland,CA,95709,Alameda,(510) 245-4607,2007-12-26,2008-12-26
47-829192,47,On-Sale General - Restaurant,ACTIVE,Tavern Berkeley Company,John Hernandez,1249 Main Blvd,Berkeley,CA,90297,Alameda,(510) 581-4613,2020-09-06,2021-09-06
47-262742,47,On-Sale General - Restaurant,ACTIVE,NewBar & Grill Hayward Hills Company 7,Kenneth Jackson,2532 Wilshire Rd #102,Hayward,CA,92895,Alameda,(510) 373-1528,2005-02-07,2006-02-07
47-145574,47,On-Sale General - Restaurant,ACTIVE,Bar & Grill Hayward Heights Group,Christopher Jones Rodriguez,3107 Sunset Dr,Hayward,CA,92990,Alameda,(510) 438-8967,2019-05-18,2020-05-18
47-819251,47,On-Sale General - Restaurant,ACTIVE,Brasserie Company,Michael Thomas,2516 Jefferson Dr #601,Oakland,CA,95113,Alameda,(510) 891-3390,2021-09-10,2022-09-10
47-412037,47,On-Sale General - Restaurant,ACTIVE,Sports Bar Alameda,Paul Gonzalez,6416 Lincoln Blvd,Hayward,CA,94352,Alameda,(925) 759-1660,2003-10-11,2004-10-11
47-760518,47,On-Sale General - Restaurant,ACTIVE,Chophouse Group,Anthony Davis,3649 3rd Pl,Livermore,CA,91184,Alameda,(925) 873-6689,2006-01-08,2007-01-08
47-816471,47,On-Sale General - Restaurant,ACTIVE,Steakhouse Inc,James Miller,3697 4th Ln,Hayward,CA,90060,Alameda,(510) 680-5576,2009-08-24,2010-08-24
47-905219,47,On-Sale General - Restaurant,ACTIVE,Pub,Michelle Wilson Garcia,4695 Mission Ave #230,Fremont,CA,92376,Alameda,(510) 230-1230,2017-03-04,2018-03-04
47-330436,47,On-Sale General - Restaurant,ACTIVE,Chophouse Livermore,Matthew Miller,4315 Washington Ave,Livermore,CA,93937,Alameda,(925) 708-9860,2021-08-23,2022-08-23
47-626466,47,On-Sale General - Restaurant,ACTIVE,Lounge,Maria Martinez,6017 Oak Rd,Livermore,CA,94463,Alameda,(510) 472-4984,2016-02-06,2017-02-06
47-580748,47,On-Sale General - Restaurant,ACTIVE,Bar Co,Kenneth Jones,4920 3rd Pl,Berkeley,CA,96085,Alameda,(925) 552-8243,2020-07-11,2021-07-11
47-550359,47,On-Sale General - Restaurant,ACTIVE,Bar,Jennifer Garcia,3258 Front St #541,Hayward,CA,92786,Alameda,(510) 337-1003,2011-03-24,2012-03-24
47-818189,47,On-Sale General - Restaurant,ACTIVE,Lounge Group,Daniel Johnson,4711 Pico Ct,Livermore,CA,91592,Alameda,(925) 911-1950,2022-01-02,2023-01-02
47-205740,47,On-Sale General - Restaurant,ACTIVE,Tavern,Kenneth Williams,6738 3rd Ave,Fremont,CA,93986,Alameda,(510) 974-9796,2021-11-19,2022-11-19
47-282978,47,On-Sale General - Restaurant,ACTIVE,Bar & Grill Alameda,Paul Williams Wilson,6047 State Blvd,Fremont,CA,91795,Alameda,(925) 882-6539,2008-05-16,2009-05-16
47-169631,47,On-Sale General - Restaurant,ACTIVE,OldSports Bar Oakland Group 19,Robert Brown,809 Broadway Rd,Oakland,CA,92003,Alameda,(510) 839-4173,2014-11-01,2015-11-01
47-978532,47,On-Sale General - Restaurant,ACTIVE,Bar & Grill,Steven Martinez,7595 6th Ave #531,Fremont,CA,94119,Alameda,(925) 255-9141,2004-08-17,2005-08-17
47-903990,47,On-Sale General - Restaurant,ACTIVE,Bar & Grill Livermore Group,Steven Brown,4413 Lincoln Way,Livermore,CA,93005,Alameda,(510) 720-5298,2007-04-07,2008-04-07
47-238170,47,On-Sale General - Restaurant,ACTIVE,TheLounge Corp 47,Anthony Martin,4540 Maple St,Livermore,CA,94285,Alameda,(510) 583-1227,2012-11-21,2013-11-21
47-567346,47,On-Sale General - Restaurant,ACTIVE,Brasserie Alameda Corp,Christopher Lopez,6939 4th Blvd #717,Fremont,CA,95635,Alameda,(925) 935-2541,2019-02-20,2020-02-20
47-552950,47,On-Sale General - Restaurant,ACTIVE,Bar,Daniel Taylor,6581 Franklin Ln,Hayward,CA,93124,Alameda,(925) 261-1401,2015-01-18,2016-01-18
47-303291,47,On-Sale General - Restaurant,ACTIVE,Bar Alameda,Maria Moore,2012 1st Way,Fremont,CA,90011,Alameda,(510) 628-7988,2008-04-18,2009-04-18
47-671327,47,On-Sale General - Restaurant,ACTIVE,Tavern Alameda Company,James Taylor,3297 Ocean St,Fremont,CA,91670,Alameda,(510) 974-3617,2015-08-08,2016-08-08
47-521759,47,On-Sale General - Restaurant,ACTIVE,OldChophouse Inc 83,Mark Martinez,9887 Sunset Ave,Fremont,CA,93526,Alameda,(925) 314-9950,2012-01-10,2013-01-10
47-444935,47,On-Sale General - Restaurant,ACTIVE,Tavern Livermore Hills,Paul Brown,778 Lincoln Ln,Livermore,CA,95369,Alameda,(925) 773-1684,2002-04-26,2003-04-26
47-720755,47,On-Sale General - Restaurant,ACTIVE,TheSteakhouse Alameda 88,William Williams,5674 4th Ct #238,Berkeley,CA,91502,Alameda,(925) 993-6665,2007-05-19,2008-05-19
47-236020,47,On-Sale General - Restaurant,ACTIVE,Tavern Alameda,Andrew Jones,9991 Market Blvd,Fremont,CA,90136,Alameda,(925) 856-7412,2020-09-22,2021-09-22
47-816380,47,On-Sale General - Restaurant,ACTIVE,Steakhouse Alameda Corp,John Davis,6944 Main Way,Hayward,CA,93109,Alameda,(925) 438-3298,2012-06-22,2013-06-22
47-497545,47,On-Sale General - Restaurant,ACTIVE,OldTavern Berkeley LLC 82,Lisa Martinez,8010 1st Dr,Berkeley,CA,94573,Alameda,(510) 919-1093,2022-07-01,2023-07-01
47-548239,47,On-Sale General - Restaurant,ACTIVE,Steakhouse Alameda,Maria Wilson,5842 1st Pl,Oakland,CA,94996,Alameda,(510) 728-1535,2008-09-01,2009-09-01
47-567617,47,On-Sale General - Restaurant,ACTIVE,NewSports Bar Alameda 86,William Martin,7707 Maple Ct,Hayward,CA,90096,Alameda,(510) 451-3207,2011-11-07,2012-11-07
47-769288,47,On-Sale General - Restaurant,ACTIVE,Bar & Grill Berkeley Valley,Paul Brown,8227 Wilshire Ct,Berkeley,CA,93446,Alameda,(925) 670-1023,2013-06-12,2014-06-12
47-228918,47,On-Sale General - Restaurant,ACTIVE,NewSteakhouse Fremont Heights Inc 3,Maria Lopez,3559 1st Ave,Fremont,CA,94931,Alameda,(510) 618-5950,2009-05-07,2010-05-07
47-144664,47,On-Sale General - Restaurant,ACTIVE,Tavern Fremont Company,Maria Taylor,268 Wilshire Pl,Fremont,CA,91724,Alameda,(925) 787-8416,2016-12-01,2017-12-01
47-569648,47,On-Sale General - Restaurant,ACTIVE,Sports Bar Alameda Corp,Michael Johnson,9001 Washington Pl #523,Oakland,CA,93413,Alameda,(510) 391-8231,2003-03-16,2004-03-16
47-151127,47,On-Sale General - Restaurant,ACTIVE,Brasserie Livermore Hills,Anthony Miller,2812 Washington Ave,Livermore,CA,93831,Alameda,(510) 918-8116,2020-02-24,2021-02-24
47-289368,47,On-Sale General - Restaurant,ACTIVE,Tavern Corp,Michael Taylor,9889 Lincoln St #888,Fremont,CA,95199,Alameda,(510) 218-9512,2002-02-08,2003-02-08
47-451168,47,On-Sale General - Restaurant,ACTIVE,Lounge Berkeley LLC,Maria Martin Jackson,8194 Hollywood Ct,Berkeley,CA,92644,Alameda,(510) 364-3318,2011-02-06,2012-02-06
47-402800,47,On-Sale General - Restaurant,ACTIVE,OldSteakhouse Oakland Company 17,William Miller Taylor,1997 State Rd,Oakland,CA,94698,Alameda,(510) 715-1447,2024-07-14,2025-07-14
47-151410,47,On-Sale General - Restaurant,ACTIVE,TheBar LLC 21,Michael Davis,8052 State Ave #622,Hayward,CA,92848,Alameda,(510) 525-3690,2001-09-04,2002-09-04
47-530687,47,On-Sale General - Restaurant,ACTIVE,Lounge,Paul Davis,816 Mission Rd,Berkeley,CA,91848,Alameda,(925) 294-5110,2014-10-09,2015-10-09
47-228788,47,On-Sale General - Restaurant,ACTIVE,Bar Fremont Hills Co,Michael Brown,6004 Market St,Fremont,CA,93291,Alameda,(925) 943-2296,2006-02-13,2007-02-13
47-749966,47,On-Sale General - Restaurant,ACTIVE,Bar & Grill Livermore Co,David Thomas,1448 Ocean Way,Livermore,CA,91120,Alameda,(925) 418-2659,2014-04-07,2015-04-07
47-868809,47,On-Sale General - Restaurant,ACTIVE,Lounge,Kenneth Anderson,4904 Lincoln St #853,Livermore,CA,93957,Alameda,(510) 514-1817,2008-07-22,2009-07-22
47-363544,47,On-Sale General - Restaurant,ACTIVE,TheSteakhouse Company 42,Paul Williams,5822 Franklin Pl,Oakland,CA,91334,Alameda,(925) 573-1224,2010-10-01,2011-10-01
47-369638,47,On-Sale General - Restaurant,ACTIVE,OldChophouse Group 68,Maria Gonzalez,7992 Maple Ln,Fremont,CA,93787,Alameda,(925) 671-8312,2011-02-25,2012-02-25
47-291159,47,On-Sale General - Restaurant,ACTIVE,Pub Alameda Group 71,Andrew Wilson Gonzalez,5554 Sunset Ave,Oakland,CA,92193,Alameda,(510) 370-9712,2014-10-12,2015-10-12
47-131053,47,On-Sale General - Restaurant,ACTIVE,Lounge Company,Robert Brown,1928 State Blvd,Oakland,CA,92943,Alameda,(510) 628-2244,2023-07-27,2024-07-27
47-863853,47,On-Sale General - Restaurant,ACTIVE,Lounge Group,Matthew Smith,8546 Madison Way #379,Berkeley,CA,92316,Alameda,(925) 580-6105,2002-12-24,2003-12-24
47-657268,47,On-Sale General - Restaurant,ACTIVE,Bar Livermore Valley,Michael Anderson,3317 Washington Dr,Livermore,CA,92282,Alameda,(925) 497-6941,2010-08-01,2011-08-01
47-925212,47,On-Sale General - Restaurant,ACTIVE,Chophouse Berkeley LLC,Christopher Martin,3851 Main Ct #882,Berkeley,CA,93485,Alameda,(925) 639-2755,2008-11-09,2009-11-09
47-889188,47,On-Sale General - Restaurant,ACTIVE,Bar & Grill Co,Paul Hernandez,3695 Hollywood St,Fremont,CA,94144,Alameda,(925) 676-6991,2019-07-14,2020-07-14
47-695762,47,On-Sale General - Restaurant,ACTIVE,Bar Alameda Company,Paul Davis Miller,3086 2nd Ct,Hayward,CA,94283,Alameda,(510) 214-2924,2018-05-26,2019-05-26
47-834893,47,On-Sale General - Restaurant,ACTIVE,Steakhouse,Paul Jones,5799 Mission St #391,Oakland,CA,91967,Alameda,(510) 258-1674,2019-06-24,2020-06-24
47-408988,47,On-Sale General - Restaurant,ACTIVE,Bar & Grill Alameda LLC,Michael Martinez,1014 Mission Dr #995,Livermore,CA,93460,Alameda,(510) 504-5599,2019-01-01,2020-01-01
47-177771,47,On-Sale General - Restaurant,ACTIVE,Lounge LLC 67,Paul Miller,5994 Sunset Blvd,Fremont,CA,91493,Alameda,(925) 281-4088,2001-02-04,2002-02-04
47-996627,47,On-Sale General - Restaurant,ACTIVE,Pub Livermore Inc,Steven Anderson,8720 4th Blvd,Livermore,CA,93048,Alameda,(925) 417-2732,2002-06-22,2003-06-22
47-532000,47,On-Sale General - Restaurant,ACTIVE,TheBar & Grill Group 36,William Rodriguez,553 Washington Blvd,Oakland,CA,93930,Alameda,(925) 705-5961,2017-01-09,2018-01-09
47-286400,47,On-Sale General - Restaurant,ACTIVE,NewChophouse Hayward 29,John Moore,2329 Lincoln Pl,Hayward,CA,92625,Alameda,(510) 349-5240,2001-09-05,2002-09-05
47-199066,47,On-Sale General - Restaurant,ACTIVE,NewTavern Fremont 40,Paul Martin,412 6th Ct #692,Fremont,CA,93208,Alameda,(925) 241-3082,2009-07-14,2010-07-14
47-485364,47,On-Sale General - Restaurant,ACTIVE,Steakhouse Hayward,Paul Smith Martin,1398 Wilshire St,Hayward,CA,94425,Alameda,(925) 386-3408,2023-02-09,2024-02-09
47-735074,47,On-Sale General - Restaurant,ACTIVE,Brasserie Company,Jennifer Jones,6092 Oak Ave,Oakland,CA,95715,Alameda,(510) 720-4109,2024-09-18,2025-09-18
47-778027,47,On-Sale General - Restaurant,ACTIVE,Brasserie Alameda 62,Daniel Williams,216 Pico St,Fremont,CA,93806,Alameda,(925) 456-9027,2000-04-10,2001-04-10
47-890359,47,On-Sale General - Restaurant,ACTIVE,NewTavern Hayward Corp 46,Mark Smith,1398 Jefferson St,Hayward,CA,91325,Alameda,(510) 717-9635,2014-07-17,2015-07-17
47-635467,47,On-Sale General - Restaurant,ACTIVE,Bar Co,Robert Williams,2726 Sunset Ave,Berkeley,CA,92119,Alameda,(925) 845-1947,2023-08-13,2024-08-13
47-359303,47,On-Sale General - Restaurant,ACTIVE,Steakhouse Livermore Inc,Maria Jackson,8569 4th St #757,Livermore,CA,91662,Alameda,(510) 357-6084,2011-10-16,2012-10-16
47-190597,47,On-Sale General - Restaurant,ACTIVE,Chophouse Co,Maria Jackson,2432 Market Way #314,Berkeley,CA,96043,Alameda,(925) 353-5130,2003-05-10,2004-05-10
47-470996,47,On-Sale General - Restaurant,ACTIVE,Brasserie Fremont LLC,William Jackson,457 Mission St #236,Fremont,CA,90678,Alameda,(510) 471-8457,2007-05-26,2008-05-26
47-605108,47,On-Sale General - Restaurant,ACTIVE,Steakhouse Co,Andrew Martin,3021 7th Blvd,Oakland,CA,91403,Alameda,(925) 537-7396,2011-11-15,2012-11-15
47-710162,47,On-Sale General - Restaurant,ACTIVE,Sports Bar Berkeley Corp,John Anderson,925 Washington Way,Berkeley,CA,95246,Alameda,(925) 650-8007,2022-05-27,2023-05-27
47-349142,47,On-Sale General - Restaurant,ACTIVE,Brasserie Berkeley Inc,Maria Davis,2124 3rd St #251,Berkeley,CA,90169,Alameda,(510) 221-7681,2011-01-21,2012-01-21
47-503203,47,On-Sale General - Restaurant,ACTIVE,Bar Co,Steven Wilson,5428 Madison Dr #522,Berkeley,CA,91992,Alameda,(510) 918-7775,2017-05-28,2018-05-28
47-815924,47,On-Sale General - Restaurant,ACTIVE,Bar Hayward Heights Group,William Wilson,6466 Madison St,Hayward,CA,96078,Alameda,(925) 950-4985,2012-03-03,2013-03-03
47-497590,47,On-Sale General - Restaurant,ACTIVE,NewPub Livermore 89,Lisa Miller,287 Hollywood Pl #486,Livermore,CA,93961,Alameda,(510) 343-7927,2019-04-21,2020-04-21
47-221357,47,On-Sale General - Restaurant,ACTIVE,NewChophouse Company 89,Paul Thomas,6590 3rd Way,Fremont,CA,92376,Alameda,(925) 827-2030,2011-06-21,2012-06-21
47-106429,47,On-Sale General - Restaurant,ACTIVE,NewBar Corp 26,Lisa Garcia,5180 Oak St,Livermore,CA,96104,Alameda,(925) 805-9461,2016-08-03,2017-08-03
47-507271,47,On-Sale General - Restaurant,ACTIVE,Brasserie Hayward,Mark Davis,8263 Pico Dr #228,Hayward,CA,94391,Alameda,(925) 501-7422,2015-10-01,2016-10-01
47-158320,47,On-Sale General - Restaurant,ACTIVE,Bar 60,Lisa Lopez,3007 Front Ave,Hayward,CA,94809,Alameda,(925) 858-1367,2006-10-27,2007-10-27
47-308310,47,On-Sale General - Restaurant,ACTIVE,Tavern Hayward,John Moore Hernandez,8993 Maple Ct,Hayward,CA,92982,Alameda,(510) 828-2647,2006-09-24,2007-09-24
47-889524,47,On-Sale General - Restaurant,ACTIVE,Lounge Berkeley,James Taylor Gonzalez,4355 Market Ln,Berkeley,CA,91812,Alameda,(925) 683-8915,2004-07-07,2005-07-07
47-283668,47,On-Sale General - Restaurant,ACTIVE,OldTavern Berkeley 97,Christopher Davis Brown,4264 Front Rd,Berkeley,CA,90653,Alameda,(510) 428-9822,2008-06-16,2009-06-16
47-114866,47,On-Sale General - Restaurant,ACTIVE,Steakhouse Alameda LLC,Michelle Jones,9497 State Ln,Livermore,CA,92029,Alameda,(925) 384-8500,2008-08-02,2009-08-02
47-445692,47,On-Sale General - Restaurant,ACTIVE,Bar,Maria Gonzalez,7747 Sunset Way,Fremont,CA,92908,Alameda,(510) 255-7093,2023-06-03,2024-06-03
47-678175,47,On-Sale General - Restaurant,ACTIVE,Tavern,Lisa Lopez,1730 Oak Dr #666,Livermore,CA,90776,Alameda,(510) 412-2629,2023-05-20,2024-05-20
47-614637,47,On-Sale General - Restaurant,ACTIVE,TheTavern Alameda 66,Andrew Jackson Moore,8282 Broadway Way,Fremont,CA,92179,Alameda,(510) 983-4470,2024-08-24,2025-08-24
47-666446,47,On-Sale General - Restaurant,ACTIVE,Sports Bar Co 53,Kenneth Moore,9200 Franklin Dr,Hayward,CA,93295,Alameda,(925) 673-4936,2019-08-24,2020-08-24
47-614004,47,On-Sale General - Restaurant,ACTIVE,OldChophouse Oakland Group 63,Jennifer Taylor,9498 1st St,Oakland,CA,93302,Alameda,(510) 785-3204,2023-11-16,2024-11-16
47-500779,47,On-Sale General - Restaurant,ACTIVE,Chophouse Alameda Group,Michelle Smith,7052 4th Rd,Oakland,CA,92478,Alameda,(510) 881-3129,2005-04-02,2006-04-02
47-344709,47,On-Sale General - Restaurant,ACTIVE,Pub Alameda,Jennifer Wilson Smith,5354 6th St #740,Hayward,CA,95514,Alameda,(925) 917-9555,2022-09-04,2023-09-04
47-831903,47,On-Sale General - Restaurant,ACTIVE,Brasserie Oakland Corp,Anthony Wilson Miller,6186 1st Dr #654,Oakland,CA,95343,Alameda,(925) 817-4422,2017-10-23,2018-10-23
47-637131,47,On-Sale General - Restaurant,ACTIVE,Bar Berkeley Heights Group 51,Andrew Martin,7614 Oak Blvd,Berkeley,CA,94704,Alameda,(510) 908-1439,2022-02-02,2023-02-02
47-184163,47,On-Sale General - Restaurant,ACTIVE,Sports Bar Hayward,James Davis,8946 Washington Way,Hayward,CA,92752,Alameda,(925) 385-2088,2001-04-03,2002-04-03
47-116216,47,On-Sale General - Restaurant,ACTIVE,Bar & Grill Company,Lisa Williams Jackson,3858 Main St,Hayward,CA,96168,Alameda,(510) 579-4690,2006-06-06,2007-06-06
47-942598,47,On-Sale General - Restaurant,ACTIVE,Chophouse Fremont Inc,Paul Jones,4101 State Ln,Fremont,CA,95981,Alameda,(510) 827-2534,2001-09-13,2002-09-13
47-244998,47,On-Sale General - Restaurant,ACTIVE,TheSports Bar 50,John Jones,5095 Front Rd,Hayward,CA,95467,Alameda,(510) 414-3323,2010-03-19,2011-03-19
47-576608,47,On-Sale General - Restaurant,ACTIVE,Steakhouse Co,Anthony Lopez Johnson,2708 Sunset Rd,Livermore,CA,93586,Alameda,(510) 206-8273,2000-12-18,2001-12-18
47-987242,47,On-Sale General - Restaurant,ACTIVE,Sports Bar Livermore Heights Group,Anthony Thomas,5886 1st Blvd,Livermore,CA,95220,Alameda,(510) 261-4207,2018-12-26,2019-12-26
47-580432,47,On-Sale General - Restaurant,ACTIVE,Sports Bar Fremont 76,Matthew Jones,8562 7th Ln,Fremont,CA,91178,Alameda,(510) 711-1100,2008-01-08,2009-01-08
47-144293,47,On-Sale General - Restaurant,ACTIVE,Chophouse,Paul Garcia,380 Franklin Ave #474,Hayward,CA,93215,Alameda,(925) 993-9144,2024-01-12,2025-01-12
47-348771,47,On-Sale General - Restaurant,ACTIVE,Chophouse,Jennifer Gonzalez,1265 Oak Blvd,Fremont,CA,91811,Alameda,(925) 286-9944,2016-11-08,2017-11-08
47-565847,47,On-Sale General - Restaurant,ACTIVE,OldBar & Grill 30,Michael Martinez,2771 Broadway Pl #449,Fremont,CA,90127,Alameda,(925) 461-2087,2016-01-05,2017-01-05
47-954928,47,On-Sale General - Restaurant,ACTIVE,Bar & Grill Hayward Heights LLC 5,Jennifer Moore,5783 Hollywood Blvd #505,Hayward,CA,93465,Alameda,(925) 522-8177,2017-12-23,2018-12-23
47-578299,47,On-Sale General - Restaurant,ACTIVE,Steakhouse Alameda,Anthony Jackson,6927 4th Ave #326,Oakland,CA,93657,Alameda,(925) 482-5798,2012-02-26,2013-02-26
47-388371,47,On-Sale General - Restaurant,ACTIVE,Brasserie Corp,Robert Rodriguez,3102 7th St,Fremont,CA,91133,Alameda,(510) 206-9549,2008-09-14,2009-09-14
47-579739,47,On-Sale General - Restaurant,ACTIVE,Chophouse Co,Steven Davis,9109 Broadway Dr,Berkeley,CA,94383,Alameda,(925) 829-4103,2024-01-27,2025-01-27
47-240146,47,On-Sale General - Restaurant,ACTIVE,Chophouse,Maria Gonzalez,4628 2nd Ln,Fremont,CA,90585,Alameda,(925) 978-6239,2022-02-13,2023-02-13
47-241885,47,On-Sale General - Restaurant,ACTIVE,Sports Bar Alameda,Maria Jackson,204 Oak Way #911,Oakland,CA,91132,Alameda,(510) 683-3240,2018-03-22,2019-03-22
47-567871,47,On-Sale General - Restaurant,ACTIVE,Tavern Livermore 71,James Moore,4333 6th Dr,Livermore,CA,90992,Alameda,(510) 217-9185,2008-09-02,2009-09-02
47-744194,47,On-Sale General - Restaurant,ACTIVE,Tavern Livermore,Michael Williams,6608 Madison Ln #232,Livermore,CA,93526,Alameda,(510) 643-9250,2018-08-26,2019-08-26
47-800322,47,On-Sale General - Restaurant,ACTIVE,Sports Bar Corp 50,Daniel Brown,8057 Lincoln Pl #426,Fremont,CA,90559,Alameda,(925) 202-9067,2017-02-25,2018-02-25
47-202311,47,On-Sale General - Restaurant,ACTIVE,Chophouse,James Brown,269 Sunset Ln,Fremont,CA,90015,Alameda,(510) 819-4997,2019-05-15,2020-05-15
47-489580,47,On-Sale General - Restaurant,ACTIVE,NewTavern 73,Steven Gonzalez,6319 1st Way,Fremont,CA,94922,Alameda,(510) 265-3419,2002-09-08,2003-09-08
47-621493,47,On-Sale General - Restaurant,ACTIVE,Sports Bar 62,Daniel Garcia,5615 State Blvd #123,Oakland,CA,93965,Alameda,(925) 929-9198,2006-03-10,2007-03-10
47-825164,47,On-Sale General - Restaurant,ACTIVE,Sports Bar Alameda LLC,Paul Wilson Anderson,7907 Mission Blvd,Oakland,CA,94869,Alameda,(925) 848-3944,2016-11-27,2017-11-27
47-854365,47,On-Sale General - Restaurant,ACTIVE,TheSteakhouse Inc 32,Robert Martin,8478 State Ln,Berkeley,CA,95444,Alameda,(925) 707-6764,2005-04-19,2006-04-19
47-818831,47,On-Sale General - Restaurant,ACTIVE,Lounge Alameda,Matthew Moore,9360 Maple St,Fremont,CA,93994,Alameda,(510) 486-1747,2005-10-10,2006-10-10
47-721285,47,On-Sale General - Restaurant,ACTIVE,Chophouse,Steven Miller,324 6th Rd,Oakland,CA,91467,Alameda,(510) 246-7501,2018-03-24,2019-03-24
47-672657,47,On-Sale General - Restaurant,ACTIVE,OldPub Alameda 57,William Martin,9221 7th Way,Berkeley,CA,92419,Alameda,(510) 813-2845,2018-05-07,2019-05-07
47-797989,47,On-Sale General - Restaurant,ACTIVE,Steakhouse Oakland LLC,Anthony Taylor,7558 Front Pl #251,Oakland,CA,93506,Alameda,(925) 340-7034,2001-07-12,2002-07-12
47-258771,47,On-Sale General - Restaurant,ACTIVE,Bar & Grill,Matthew Hernandez,129 1st Ln,Berkeley,CA,93813,Alameda,(925) 981-4448,2004-02-11,2005-02-11
47-894935,47,On-Sale General - Restaurant,ACTIVE,Sports Bar Company,Christopher Brown,9905 1st Dr #474,Hayward,CA,94398,Alameda,(510) 736-9826,2023-11-24,2024-11-24
47-759089,47,On-Sale General - Restaurant,ACTIVE,Lounge Alameda 74,Andrew Moore,5522 7th St,Hayward,CA,90269,Alameda,(510) 991-7121,2000-04-04,2001-04-04
47-635572,47,On-Sale General - Restaurant,ACTIVE,NewPub Livermore LLC 82,John Wilson,1035 Ocean Ave #328,Livermore,CA,93808,Alameda,(510) 633-7542,2007-12-09,2008-12-09
47-926170,47,On-Sale General - Restaurant,ACTIVE,Bar 13,Kenneth Jones,8587 6th Rd,Berkeley,CA,91735,Alameda,(925) 903-6617,2003-09-13,2004-09-13
47-942534,47,On-Sale General - Restaurant,ACTIVE,Bar & Grill Berkeley Hills,Michael Gonzalez,4451 7th Rd,Berkeley,CA,91573,Alameda,(925) 871-3734,2015-10-06,2016-10-06
47-124624,47,On-Sale General - Restaurant,ACTIVE,Brasserie Oakland,William Lopez,5896 7th Pl,Oakland,CA,95044,Alameda,(925) 533-5490,2013-10-24,2014-10-24
47-432264,47,On-Sale General - Restaurant,ACTIVE,Chophouse Alameda,John Brown,5520 Sunset Dr #282,Oakland,CA,95491,Alameda,(925) 590-3757,2000-05-27,2001-05-27
47-721707,47,On-Sale General - Restaurant,ACTIVE,Sports Bar,Paul Lopez Gonzalez,3142 Pico Way,Berkeley,CA,92715,Alameda,(925) 535-3853,2003-06-04,2004-06-04
47-672243,47,On-Sale General - Restaurant,ACTIVE,NewBar & Grill Hayward Co 63,Daniel Lopez,197 Pico Blvd,Hayward,CA,95992,Alameda,(925) 667-4915,2007-10-07,2008-10-07
47-617746,47,On-Sale General - Restaurant,ACTIVE,Chophouse Co,Christopher Martinez,5938 Ocean Pl,Berkeley,CA,92371,Alameda,(510) 744-2134,2021-05-11,2022-05-11
47-189083,47,On-Sale General - Restaurant,ACTIVE,Bar & Grill Livermore Company,Andrew Wilson,8105 Market Way #646,Livermore,CA,94139,Alameda,(510) 670-9852,2018-05-19,2019-05-19
47-938540,47,On-Sale General - Restaurant,ACTIVE,Bar & Grill LLC,Maria Lopez,5937 Broadway Ct,Fremont,CA,95933,Alameda,(510) 556-8385,2021-09-20,2022-09-20
47-171734,47,On-Sale General - Restaurant,ACTIVE,TheChophouse Berkeley Valley Group 22,Lisa Rodriguez,3347 2nd Ave #746,Berkeley,CA,95189,Alameda,(925) 686-3476,2021-08-24,2022-08-24
47-690250,47,On-Sale General - Restaurant,ACTIVE,Bar Livermore LLC,Maria Jackson Lopez,5823 Oak Ave #935,Livermore,CA,93452,Alameda,(510) 829-3850,2013-01-07,2014-01-07
47-474445,47,On-Sale General - Restaurant,ACTIVE,Lounge Hayward Heights 98,Kenneth Thomas,8981 Market Dr #367,Hayward,CA,91709,Alameda,(925) 376-9238,2016-03-05,2017-03-05
47-104037,47,On-Sale General - Restaurant,ACTIVE,Chophouse Corp,Anthony Lopez,2352 Oak Ln #302,Fremont,CA,94295,Alameda,(925) 346-8882,2012-12-18,2013-12-18
47-840226,47,On-Sale General - Restaurant,ACTIVE,Pub 4,Maria Davis,6829 Ocean Ct,Hayward,CA,90259,Alameda,(510) 845-4335,2006-04-28,2007-04-28
47-239045,47,On-Sale General - Restaurant,ACTIVE,Lounge Corp,Steven Johnson,190 7th Ave,Hayward,CA,95471,Alameda,(925) 472-2244,2003-09-10,2004-09-10
47-239107,47,On-Sale General - Restaurant,ACTIVE,Bar & Grill Co,David Anderson Jackson,1539 Main Ave #137,Hayward,CA,94687,Alameda,(510) 432-7105,2002-08-03,2003-08-03
47-585741,47,On-Sale General - Restaurant,ACTIVE,Lounge Company,Michael Martin Hernandez,6188 Jefferson Blvd,Hayward,CA,95411,Alameda,(925) 862-4531,2021-05-02,2022-05-02
47-377113,47,On-Sale General - Restaurant,ACTIVE,Steakhouse Company,Christopher Wilson,4903 Hollywood St,Fremont,CA,90231,Alameda,(925) 557-3458,2016-12-05,2017-12-05
47-341610,47,On-Sale General - Restaurant,ACTIVE,Chophouse Corp,Robert Martin Anderson,1675 Maple Ct #559,Oakland,CA,94365,Alameda,(510) 325-3452,2016-06-21,2017-06-21
47-136614,47,On-Sale General - Restaurant,ACTIVE,Brasserie Hayward,Jennifer Davis,8952 7th Way,Hayward,CA,93083,Alameda,(510) 889-2231,2023-08-23,2024-08-23
47-860662,47,On-Sale General - Restaurant,ACTIVE,Pub Alameda Corp,Matthew Wilson Wilson,4484 Wilshire Rd,Berkeley,CA,94969,Alameda,(925) 562-7728,2015-03-20,2016-03-20
47-404279,47,On-Sale General - Restaurant,ACTIVE,TheLounge Oakland Hills 61,Mark Martinez,7285 Pico Dr #726,Oakland,CA,93673,Alameda,(510) 500-2144,2010-08-26,2011-08-26
47-941886,47,On-Sale General - Restaurant,ACTIVE,Bar Berkeley Hills Company,Lisa Hernandez Rodriguez,8108 2nd Rd,Berkeley,CA,91485,Alameda,(925) 468-1410,2007-01-10,2008-01-10
47-948254,47,On-Sale General - Restaurant,ACTIVE,Sports Bar Berkeley Corp,Michael Johnson,4064 Ocean Ln #765,Berkeley,CA,95315,Alameda,(510) 584-3601,2023-04-28,2024-04-28
47-168232,47,On-Sale General - Restaurant,ACTIVE,Tavern,Lisa Lopez,1901 Washington Ct,Oakland,CA,93912,Alameda,(925) 569-1042,2019-04-07,2020-04-07
47-950474,47,On-Sale General - Restaurant,ACTIVE,Steakhouse Fremont Heights Company,David Williams,6628 Madison Dr #473,Fremont,CA,91662,Alameda,(925) 660-8050,2002-06-02,2003-06-02
47-831994,47,On-Sale General - Restaurant,ACTIVE,Chophouse Inc,John Brown,8020 Lincoln St,Oakland,CA,91628,Alameda,(510) 329-7488,2014-02-02,2015-02-02
47-519169,47,On-Sale General - Restaurant,ACTIVE,Tavern Oakland Hills Co,Maria Garcia,1007 Hollywood Blvd,Oakland,CA,93035,Alameda,(925) 596-7907,2023-10-15,2024-10-15
47-271910,47,On-Sale General - Restaurant,ACTIVE,NewBar & Grill Livermore 92,Michelle Davis,7948 Ocean Pl,Livermore,CA,91314,Alameda,(925) 677-6570,2001-08-08,2002-08-08
47-457596,47,On-Sale General - Restaurant,ACTIVE,Chophouse,David Garcia,4085 4th Blvd,Oakland,CA,91204,Alameda,(510) 659-2968,2012-05-04,2013-05-04
47-284556,47,On-Sale General - Restaurant,ACTIVE,Bar & Grill Co,Paul Moore,4017 1st Blvd,Oakland,CA,92207,Alameda,(510) 515-8774,2012-01-11,2013-01-11
47-781822,47,On-Sale General - Restaurant,ACTIVE,OldChophouse Group 47,Matthew Gonzalez,8719 Main Ln #243,Berkeley,CA,94104,Alameda,(510) 558-3850,2008-05-19,2009-05-19
47-691063,47,On-Sale General - Restaurant,ACTIVE,NewSports Bar Alameda 12,David Lopez,6714 Franklin Ct,Fremont,CA,91361,Alameda,(925) 903-7815,2001-02-01,2002-02-01
47-455244,47,On-Sale General - Restaurant,ACTIVE,Pub Oakland,Jennifer Hernandez,4208 1st Ave #626,Oakland,CA,96133,Alameda,(510) 950-8901,2010-10-27,2011-10-27
47-256950,47,On-Sale General - Restaurant,ACTIVE,Steakhouse 2,Christopher Brown,4820 State Dr,Oakland,CA,93309,Alameda,(510) 816-7851,2017-02-01,2018-02-01
47-724320,47,On-Sale General - Restaurant,ACTIVE,Chophouse Inc,James Lopez,5776 Lincoln Ln,Fremont,CA,96072,Alameda,(510) 725-9708,2020-04-20,2021-04-20
47-661185,47,On-Sale General - Restaurant,ACTIVE,NewChophouse Inc 72,David Garcia Davis,4323 Ocean Rd,Berkeley,CA,90603,Alameda,(510) 371-8280,2021-04-27,2022-04-27
47-830830,47,On-Sale General - Restaurant,ACTIVE,Chophouse,Kenneth Hernandez,9676 4th Rd #103,Livermore,CA,91205,Alameda,(925) 565-6987,2011-12-23,2012-12-23
47-652508,47,On-Sale General - Restaurant,ACTIVE,Brasserie 84,William Anderson,6951 Front Way,Oakland,CA,90014,Alameda,(925) 701-7074,2013-11-05,2014-11-05
47-367696,47,On-Sale General - Restaurant,ACTIVE,Steakhouse,David Davis Wilson,7815 6th Dr #562,Oakland,CA,93275,Alameda,(510) 301-5439,2003-02-23,2004-02-23
47-456789,47,On-Sale General - Restaurant,ACTIVE,Lounge Alameda Inc 48,Michelle Gonzalez Lopez,7563 4th Pl,Fremont,CA,94299,Alameda,(510) 278-5588,2005-01-02,2006-01-02
47-664807,47,On-Sale General - Restaurant,ACTIVE,Brasserie Alameda,Paul Anderson,2624 5th Rd,Fremont,CA,92706,Alameda,(510) 420-8759,2010-06-28,2011-06-28
47-228395,47,On-Sale General - Restaurant,ACTIVE,Chophouse,Michael Brown,5658 Madison Dr,Livermore,CA,90417,Alameda,(510) 409-2606,2021-12-08,2022-12-08
47-980682,47,On-Sale General - Restaurant,ACTIVE,Sports Bar Company,Jennifer Johnson,6954 Jefferson Pl #835,Oakland,CA,93701,Alameda,(510) 716-6584,2001-08-05,2002-08-05
47-660610,47,On-Sale General - Restaurant,ACTIVE,Steakhouse Oakland Group,Andrew Garcia,6271 Oak Pl #345,Oakland,CA,94988,Alameda,(925) 798-3105,2020-02-25,2021-02-25
47-678110,47,On-Sale General - Restaurant,ACTIVE,TheTavern Corp 29,Maria Brown,3814 7th Ave #447,Fremont,CA,95929,Alameda,(925) 470-7613,2017-04-14,2018-04-14
47-130120,47,On-Sale General - Restaurant,ACTIVE,Steakhouse Livermore Group,William Davis,2506 Oak Rd #598,Livermore,CA,95713,Alameda,(510) 351-4977,2023-10-25,2024-10-25
47-361407,47,On-Sale General - Restaurant,ACTIVE,Steakhouse Alameda 32,Anthony Anderson,9429 Franklin Blvd,Oakland,CA,91919,Alameda,(510) 744-4005,2009-10-11,2010-10-11
47-524032,47,On-Sale General - Restaurant,ACTIVE,Chophouse Fremont Group,Michael Smith,4573 2nd Way,Fremont,CA,91368,Alameda,(925) 597-9966,2001-03-15,2002-03-15
47-952792,47,On-Sale General - Restaurant,ACTIVE,Bar & Grill Berkeley Heights Company,Robert Hernandez,8776 Madison Ave,Berkeley,CA,94082,Alameda,(510) 885-4367,2006-07-20,2007-07-20
47-927463,47,On-Sale General - Restaurant,ACTIVE,Bar & Grill,James Johnson,6836 1st Dr,Hayward,CA,95450,Alameda,(925) 702-8939,2007-07-01,2008-07-01
47-468576,47,On-Sale General - Restaurant,ACTIVE,TheSteakhouse Fremont 90,Anthony Lopez Smith,662 Front Rd,Fremont,CA,95692,Alameda,(925) 763-8638,2017-07-05,2018-07-05
47-399066,47,On-Sale General - Restaurant,ACTIVE,Chophouse Corp,Maria Brown Jones,2250 Mission Ct,Livermore,CA,95612,Alameda,(925) 479-8906,2018-05-14,2019-05-14
47-244232,47,On-Sale General - Restaurant,ACTIVE,Steakhouse Oakland Heights,Mark Martin Davis,9336 Oak Way #143,Oakland,CA,92514,Alameda,(925) 634-7989,2011-12-07,2012-12-07
47-485316,47,On-Sale General - Restaurant,ACTIVE,NewSteakhouse LLC 60,David Thomas,5328 Wilshire Blvd,Fremont,CA,93855,Alameda,(510) 387-9772,2016-01-27,2017-01-27
47-724628,47,On-Sale General - Restaurant,ACTIVE,Lounge Fremont,Robert Martin,2335 Ocean Ln #937,Fremont,CA,94092,Alameda,(510) 215-8717,2007-07-07,2008-07-07
47-133622,47,On-Sale General - Restaurant,ACTIVE,Lounge Oakland Heights Group,James Smith,9309 Lincoln Ln,Oakland,CA,90429,Alameda,(510) 742-3603,2012-05-13,2013-05-13
47-163758,47,On-Sale General - Restaurant,ACTIVE,Steakhouse,Mark Martinez,9746 Washington Rd #799,Hayward,CA,94116,Alameda,(510) 321-4094,2005-12-15,2006-12-15
47-610930,47,On-Sale General - Restaurant,ACTIVE,Tavern Group,Jennifer Moore Miller,6178 Oak Ct,Oakland,CA,94984,Alameda,(510) 730-9217,2003-04-09,2004-04-09
47-425820,47,On-Sale General - Restaurant,ACTIVE,NewBar & Grill Alameda 34,William Johnson Brown,1784 Madison Pl #402,Oakland,CA,91113,Alameda,(925) 640-2387,2006-09-01,2007-09-01
47-774947,47,On-Sale General - Restaurant,ACTIVE,Pub Alameda 49,Maria Brown,1402 1st Ave,Fremont,CA,91346,Alameda,(925) 939-7365,2012-02-05,2013-02-05
47-210911,47,On-Sale General - Restaurant,ACTIVE,Steakhouse Livermore,John Smith,1927 2nd Ct,Livermore,CA,94812,Alameda,(510) 757-5533,2005-04-27,2006-04-27
47-113329,47,On-Sale General - Restaurant,ACTIVE,Chophouse Inc,Paul Lopez Johnson,7037 Pico Dr,Livermore,CA,92523,Alameda,(925) 724-1836,2004-02-21,2005-02-21
47-611770,47,On-Sale General - Restaurant,ACTIVE,Chophouse Fremont,James Miller Miller,3832 7th St,Fremont,CA,94132,Alameda,(510) 516-7928,2000-08-20,2001-08-20
47-218937,47,On-Sale General - Restaurant,ACTIVE,Tavern Corp,Michael Moore,9126 Main Rd #615,Berkeley,CA,92277,Alameda,(925) 967-3363,2011-10-16,2012-10-16
47-993718,47,On-Sale General - Restaurant,ACTIVE,Brasserie Berkeley Heights LLC,Lisa Jones,4455 1st Ct,Berkeley,CA,96026,Alameda,(510) 426-5165,2008-12-18,2009-12-18
47-757506,47,On-Sale General - Restaurant,ACTIVE,Steakhouse,Maria Hernandez,8807 State Rd,Oakland,CA,93660,Alameda,(925) 854-9720,2009-09-18,2010-09-18
47-480181,47,On-Sale General - Restaurant,ACTIVE,Bar & Grill Hayward Co,Matthew Brown,122 Market St,Hayward,CA,95630,Alameda,(925) 329-1281,2020-06-16,2021-06-16
47-179745,47,On-Sale General - Restaurant,ACTIVE,Steakhouse Hayward Hills Inc,Michael Jackson,6765 Maple Dr #652,Hayward,CA,91639,Alameda,(510) 474-6421,2013-09-16,2014-09-16
47-846318,47,On-Sale General - Restaurant,ACTIVE,Lounge Alameda,James Smith,7019 Ocean Ave,Hayward,CA,95917,Alameda,(925) 806-7486,2010-06-22,2011-06-22
47-956744,47,On-Sale General - Restaurant,ACTIVE,Steakhouse Fremont,Andrew Brown,1617 Hollywood Ave #648,Fremont,CA,95077,Alameda,(510) 289-9578,2020-03-01,2021-03-01
47-278131,47,On-Sale General - Restaurant,ACTIVE,Pub Berkeley Group,Steven Garcia Rodriguez,6884 2nd St,Berkeley,CA,90858,Alameda,(510) 623-6256,2013-01-13,2014-01-13
47-789198,47,On-Sale General - Restaurant,ACTIVE,Chophouse Inc,Paul Anderson,5357 State Dr,Fremont,CA,90753,Alameda,(925) 346-9372,2010-02-10,2011-02-10
47-731475,47,On-Sale General - Restaurant,ACTIVE,NewBar Corp 52,Lisa Thomas,4560 Maple Rd,Hayward,CA,94494,Alameda,(510) 877-7694,2024-12-09,2025-12-09
47-253211,47,On-Sale General - Restaurant,ACTIVE,Bar Hayward,Daniel Brown,6762 3rd Ave #424,Hayward,CA,94638,Alameda,(925) 989-8977,2017-08-11,2018-08-11
47-423518,47,On-Sale General - Restaurant,ACTIVE,Lounge LLC,Kenneth Brown Miller,245 Wilshire St,Berkeley,CA,96101,Alameda,(510) 450-3098,2008-02-16,2009-02-16
47-496987,47,On-Sale General - Restaurant,ACTIVE,Brasserie Alameda LLC,David Miller,4687 State Rd,Livermore,CA,94558,Alameda,(925) 969-7790,2021-08-11,2022-08-11
47-803473,47,On-Sale General - Restaurant,ACTIVE,Steakhouse Hayward Company 38,Daniel Anderson,2823 3rd Way,Hayward,CA,92021,Alameda,(510) 657-1309,2004-03-27,2005-03-27
47-989886,47,On-Sale General - Restaurant,ACTIVE,OldSports Bar Alameda Inc 18,Daniel Davis,9204 Wilshire Ct #629,Oakland,CA,94089,Alameda,(510) 862-5299,2015-09-19,2016-09-19
47-132451,47,On-Sale General - Restaurant,ACTIVE,Steakhouse Alameda,Kenneth Williams,8531 7th Blvd,Hayward,CA,92151,Alameda,(510) 783-4378,2015-01-17,2016-01-17
47-779816,47,On-Sale General - Restaurant,ACTIVE,TheSteakhouse Alameda Co 19,William Martinez,5626 Jefferson Rd #404,Livermore,CA,96187,Alameda,(925) 626-5624,2015-09-12,2016-09-12
47-161920,47,On-Sale General - Restaurant,ACTIVE,Brasserie,Michael Garcia Smith,9618 Main Dr #270,Oakland,CA,90058,Alameda,(510) 364-1769,2006-07-06,2007-07-06
47-905207,47,On-Sale General - Restaurant,ACTIVE,Lounge Alameda LLC,Maria Brown,3010 Madison Pl,Livermore,CA,93489,Alameda,(925) 514-2948,2014-05-18,2015-05-18
47-773114,47,On-Sale General - Restaurant,ACTIVE,Lounge Oakland Heights,Michael Lopez,1536 2nd Pl,Oakland,CA,92048,Alameda,(510) 411-8672,2005-09-27,2006-09-27
47-195881,47,On-Sale General - Restaurant,ACTIVE,OldTavern 98,David Martinez,7629 6th St #838,Hayward,CA,91913,Alameda,(510) 278-7524,2013-03-08,2014-03-08
47-472645,47,On-Sale General - Restaurant,ACTIVE,Sports Bar Livermore Corp,Robert Lopez Jackson,1476 Market Ct,Livermore,CA,92057,Alameda,(925) 582-8134,2005-09-08,2006-09-08
47-437788,47,On-Sale General - Restaurant,ACTIVE,Tavern LLC,Paul Brown,6020 Pico Pl,Berkeley,CA,91985,Alameda,(925) 359-9427,2017-08-08,2018-08-08
47-797292,47,On-Sale General - Restaurant,ACTIVE,TheBrasserie Berkeley 60,Christopher Smith,5465 2nd Ct #191,Berkeley,CA,91535,Alameda,(925) 425-2117,2003-03-25,2004-03-25
47-247160,47,On-Sale General - Restaurant,ACTIVE,Chophouse Alameda,Michelle Johnson,4380 Main Pl #822,Livermore,CA,95952,Alameda,(925) 798-4862,2012-09-24,2013-09-24
47-800451,47,On-Sale General - Restaurant,ACTIVE,Bar & Grill Fremont LLC,Lisa Davis Jones,5614 7th Way,Fremont,CA,90181,Alameda,(510) 358-9180,2008-03-17,2009-03-17
47-479773,47,On-Sale General - Restaurant,ACTIVE,Bar,Steven Jones,1921 Madison Rd,Berkeley,CA,91200,Alameda,(510) 385-4833,2018-10-17,2019-10-17
47-243610,47,On-Sale General - Restaurant,ACTIVE,Pub Alameda,Christopher Taylor,198 Jefferson St #509,Oakland,CA,94738,Alameda,(925) 968-3323,2016-06-22,2017-06-22
47-875839,47,On-Sale General - Restaurant,ACTIVE,Brasserie,David Miller,4474 Front Blvd,Berkeley,CA,92361,Alameda,(510) 900-1489,2011-04-13,2012-04-13
47-515100,47,On-Sale General - Restaurant,ACTIVE,Chophouse,John Anderson,501 Mission Blvd,Fremont,CA,93291,Alameda,(925) 717-2426,2020-11-17,2021-11-17
47-672788,47,On-Sale General - Restaurant,ACTIVE,OldBar & Grill Inc 13,Daniel Wilson,5769 Ocean Rd #618,Livermore,CA,95611,Alameda,(510) 596-7991,2018-12-16,2019-12-16
47-474599,47,On-Sale General - Restaurant,ACTIVE,ThePub 5,Jennifer Williams,4836 4th Rd #723,Fremont,CA,95617,Alameda,(925) 431-8367,2017-11-24,2018-11-24
47-489041,47,On-Sale General - Restaurant,ACTIVE,Bar & Grill,Maria Jackson,9058 Front Pl #261,Hayward,CA,92680,Alameda,(925) 435-8432,2021-06-21,2022-06-21
47-302105,47,On-Sale General - Restaurant,ACTIVE,Tavern Group,Kenneth Wilson Gonzalez,3754 Front Way,Fremont,CA,94581,Alameda,(925) 595-1688,2000-09-15,2001-09-15
47-352968,47,On-Sale General - Restaurant,ACTIVE,Steakhouse Fremont,James Thomas Gonzalez,6926 State Dr,Fremont,CA,93010,Alameda,(925) 475-3470,2010-07-20,2011-07-20
47-681353,47,On-Sale General - Restaurant,ACTIVE,Chophouse Alameda Corp,Daniel Taylor,908 Jefferson Ct #804,Berkeley,CA,94592,Alameda,(510) 713-5258,2015-06-16,2016-06-16
47-986937,47,On-Sale General - Restaurant,ACTIVE,Tavern,Steven Garcia Jackson,9040 Ocean Ct,Hayward,CA,91180,Alameda,(925) 998-1657,2017-01-20,2018-01-20
47-299952,47,On-Sale General - Restaurant,ACTIVE,Bar Livermore 54,Robert Jones,6379 Oak Ave,Livermore,CA,93660,Alameda,(925) 889-7641,2023-04-21,2024-04-21
47-916757,47,On-Sale General - Restaurant,ACTIVE,Bar Alameda,Robert Rodriguez,5489 Broadway Ave,Berkeley,CA,91153,Alameda,(510) 220-8270,2020-07-22,2021-07-22
47-638289,47,On-Sale General - Restaurant,ACTIVE,Steakhouse,Steven Anderson,1185 Wilshire Ct #733,Oakland,CA,90252,Alameda,(510) 617-1893,2018-12-18,2019-12-18
47-449586,47,On-Sale General - Restaurant,ACTIVE,NewChophouse Corp 6,Andrew Martinez,1506 Madison St,Fremont,CA,90350,Alameda,(510) 807-2731,2008-06-18,2009-06-18
47-782480,47,On-Sale General - Restaurant,ACTIVE,Lounge Fremont Hills LLC 85,Michael Martinez Gonzalez,5257 6th Way,Fremont,CA,94087,Alameda,(510) 388-8310,2005-05-02,2006-05-02
47-417721,47,On-Sale General - Restaurant,ACTIVE,Lounge Hayward Valley LLC 86,Michelle Miller,832 6th Pl,Hayward,CA,94776,Alameda,(510) 799-9415,2005-05-03,2006-05-03
47-132323,47,On-Sale General - Restaurant,ACTIVE,Brasserie Alameda,Mark Martinez Moore,5800 4th Rd,Livermore,CA,93722,Alameda,(510) 908-5899,2012-12-27,2013-12-27
47-309541,47,On-Sale General - Restaurant,ACTIVE,Chophouse Hayward Heights Company,Kenneth Rodriguez,6612 Broadway Ct,Hayward,CA,92331,Alameda,(925) 295-9316,2000-08-13,2001-08-13
47-202849,47,On-Sale General - Restaurant,ACTIVE,Chophouse Corp,Steven Hernandez,8071 Oak Ave,Berkeley,CA,91591,Alameda,(510) 821-9956,2013-12-06,2014-12-06
47-281598,47,On-Sale General - Restaurant,ACTIVE,Chophouse Group 63,Steven Anderson,7367 Washington Blvd,Oakland,CA,90837,Alameda,(925) 412-8948,2001-05-26,2002-05-26
47-228638,47,On-Sale General - Restaurant,ACTIVE,Chophouse Alameda,Andrew Martin,7071 Sunset Ln,Oakland,CA,92474,Alameda,(925) 556-3579,2015-10-03,2016-10-03
47-838497,47,On-Sale General - Restaurant,ACTIVE,NewLounge Alameda 9,Christopher Wilson,3005 Hollywood Dr #342,Fremont,CA,94992,Alameda,(510) 476-7757,2011-06-15,2012-06-15
47-771020,47,On-Sale General - Restaurant,ACTIVE,Chophouse Alameda,Michelle Davis,2647 Jefferson Pl,Berkeley,CA,92310,Alameda,(510) 425-3667,2005-06-01,2006-06-01
47-479321,47,On-Sale General - Restaurant,ACTIVE,Bar Oakland Hills,Jennifer Rodriguez,1293 Franklin Ave,Oakland,CA,96087,Alameda,(925) 386-4158,2018-02-12,2019-02-12
47-635719,47,On-Sale General - Restaurant,ACTIVE,Chophouse Oakland Company,Mark Garcia Taylor,1543 Pico Dr #227,Oakland,CA,91162,Alameda,(510) 247-9791,2002-03-27,2003-03-27
47-396299,47,On-Sale General - Restaurant,ACTIVE,TheBrasserie Company 59,Robert Brown Williams,4994 2nd Blvd,Livermore,CA,93222,Alameda,(510) 844-5915,2016-10-02,2017-10-02
47-349774,47,On-Sale General - Restaurant,ACTIVE,Brasserie,Paul Thomas,858 Front Blvd,Livermore,CA,90055,Alameda,(510) 585-2636,2005-03-04,2006-03-04
47-677873,47,On-Sale General - Restaurant,ACTIVE,Bar & Grill Berkeley,Lisa Rodriguez Williams,2062 6th St #675,Berkeley,CA,90862,Alameda,(510) 296-3076,2014-09-04,2015-09-04
47-169745,47,On-Sale General - Restaurant,ACTIVE,Chophouse Berkeley LLC,Christopher Rodriguez,1560 Madison Ct,Berkeley,CA,96109,Alameda,(925) 693-6869,2002-06-07,2003-06-07
47-805813,47,On-Sale General - Restaurant,ACTIVE,Bar & Grill,Matthew Thomas,3094 4th Pl #508,Livermore,CA,90795,Alameda,(510) 955-8328,2012-07-19,2013-07-19
47-110684,47,On-Sale General - Restaurant,ACTIVE,Pub Alameda,John Gonzalez,6789 Sunset Ave,Berkeley,CA,94680,Alameda,(925) 968-1180,2012-12-20,2013-12-20
47-433868,47,On-Sale General - Restaurant,ACTIVE,Bar & Grill Alameda,Lisa Jones,9695 1st Ave #505,Fremont,CA,92635,Alameda,(510) 979-2413,2004-12-15,2005-12-15
47-248083,47,On-Sale General - Restaurant,ACTIVE,OldSteakhouse 2,Michael Wilson,8689 Hollywood St,Berkeley,CA,91756,Alameda,(925) 846-7933,2007-03-25,2008-03-25
47-443460,47,On-Sale General - Restaurant,ACTIVE,Chophouse,Paul Jackson,6187 Wilshire Blvd,Fremont,CA,92934,Alameda,(510) 630-8615,2015-09-15,2016-09-15
47-746089,47,On-Sale General - Restaurant,ACTIVE,Pub Alameda,Jennifer Smith,1029 Main Dr,Hayward,CA,90358,Alameda,(510) 553-4389,2003-01-26,2004-01-26
47-555230,47,On-Sale General - Restaurant,ACTIVE,Steakhouse,Daniel Taylor,3541 Ocean Ct,Oakland,CA,95600,Alameda,(925) 570-5341,2004-09-10,2005-09-10
47-629312,47,On-Sale General - Restaurant,ACTIVE,Pub 96,Andrew Martinez,1879 7th Ln,Oakland,CA,92696,Alameda,(925) 246-9898,2012-01-14,2013-01-14
47-588781,47,On-Sale General - Restaurant,ACTIVE,Chophouse,Michelle Brown,1824 6th Pl,Hayward,CA,90106,Alameda,(925) 328-3027,2001-06-12,2002-06-12
47-395544,47,On-Sale General - Restaurant,ACTIVE,Chophouse Oakland Inc,William Johnson,7050 1st Ln,Oakland,CA,94034,Alameda,(925) 966-8534,2013-04-02,2014-04-02
47-514647,47,On-Sale General - Restaurant,ACTIVE,Sports Bar Alameda Group,Matthew Davis Thomas,9169 Washington Blvd,Oakland,CA,91729,Alameda,(510) 503-4112,2022-10-13,2023-10-13
47-580597,47,On-Sale General - Restaurant,ACTIVE,Lounge Livermore,Daniel Williams,3129 3rd Ave,Livermore,CA,91854,Alameda,(925) 975-6203,2015-12-04,2016-12-04
47-999569,47,On-Sale General - Restaurant,ACTIVE,Steakhouse Alameda,Mark Garcia Garcia,7462 2nd Pl,Livermore,CA,91643,Alameda,(510) 458-5752,2022-03-23,2023-03-23
47-144590,47,On-Sale General - Restaurant,ACTIVE,Chophouse Alameda,David Johnson,470 Ocean St,Hayward,CA,95553,Alameda,(925) 570-6075,2003-09-23,2004-09-23
47-384324,47,On-Sale General - Restaurant,ACTIVE,Tavern Company,Michelle Smith,2584 Washington Way,Fremont,CA,92149,Alameda,(510) 799-1174,2003-06-01,2004-06-01
47-570460,47,On-Sale General - Restaurant,ACTIVE,Bar Alameda Group,Maria Smith,5650 Jefferson Blvd #713,Fremont,CA,95409,Alameda,(925) 463-3516,2024-08-04,2025-08-04
47-620617,47,On-Sale General - Restaurant,ACTIVE,Tavern Company,Paul Davis Garcia,236 Oak Pl #706,Oakland,CA,92392,Alameda,(510) 404-3107,2017-06-15,2018-06-15
48-688789,48,On-Sale General - Bar/Tavern,ACTIVE,OldBar 79,Maria Taylor,5331 Wilshire Dr #809,Livermore,CA,92579,Alameda,(510) 235-3009,2023-02-06,2024-02-06
48-807028,48,On-Sale General - Bar/Tavern,ACTIVE,Tap Room Corp,Kenneth Hernandez Davis,8520 Pico Blvd,Oakland,CA,92015,Alameda,(925) 976-4545,2009-04-17,2010-04-17
48-199382,48,On-Sale General - Bar/Tavern,ACTIVE,TheDive Bar Alameda Group 1,David Williams,5178 5th Ct,Berkeley,CA,93598,Alameda,(510) 470-9205,2002-05-18,2003-05-18
48-634370,48,On-Sale General - Bar/Tavern,ACTIVE,Lounge Corp,Steven Davis Johnson,2593 4th Ct,Hayward,CA,91439,Alameda,(510) 647-6518,2017-02-16,2018-02-16
48-567691,48,On-Sale General - Bar/Tavern,ACTIVE,Tap Room Hayward Hills,Christopher Smith,6200 Main Ct,Hayward,CA,95613,Alameda,(510) 210-9050,2012-06-12,2013-06-12
48-236426,48,On-Sale General - Bar/Tavern,ACTIVE,Dive Bar Oakland Group,David Smith,5406 Madison Rd,Oakland,CA,95689,Alameda,(925) 825-9350,2020-08-10,2021-08-10
48-707815,48,On-Sale General - Bar/Tavern,ACTIVE,Saloon,Lisa Jackson Jackson,6097 Jefferson Blvd,Berkeley,CA,90428,Alameda,(925) 264-2472,2005-11-16,2006-11-16
48-637043,48,On-Sale General - Bar/Tavern,ACTIVE,Saloon,Andrew Smith,1387 Maple St,Hayward,CA,94680,Alameda,(510) 708-2736,2023-12-27,2024-12-27
48-609185,48,On-Sale General - Bar/Tavern,ACTIVE,Tap Room Inc,Daniel Johnson,1111 2nd Ct #347,Oakland,CA,90882,Alameda,(925) 339-6366,2003-03-19,2004-03-19
48-619203,48,On-Sale General - Bar/Tavern,ACTIVE,OldTavern Company 67,Matthew Jones,8104 Mission Blvd #949,Oakland,CA,96062,Alameda,(510) 385-7440,2014-04-13,2015-04-13
48-127315,48,On-Sale General - Bar/Tavern,ACTIVE,OldTap Room Livermore Corp 97,John Taylor,6914 Franklin Ct,Livermore,CA,94202,Alameda,(925) 936-7406,2011-12-27,2012-12-27
48-893401,48,On-Sale General - Bar/Tavern,ACTIVE,Dive Bar Hayward,Christopher Rodriguez,9954 Main St #568,Hayward,CA,90673,Alameda,(510) 267-4531,2011-10-19,2012-10-19
48-215811,48,On-Sale General - Bar/Tavern,ACTIVE,Lounge Berkeley,Lisa Rodriguez,9164 Broadway St,Berkeley,CA,91043,Alameda,(925) 442-2687,2019-08-06,2020-08-06
48-926866,48,On-Sale General - Bar/Tavern,ACTIVE,Bar Company,Matthew Brown,1428 5th Dr,Oakland,CA,92895,Alameda,(925) 883-8770,2022-05-13,2023-05-13
48-156773,48,On-Sale General - Bar/Tavern,ACTIVE,Dive Bar Alameda Company,Christopher Gonzalez,2734 1st Rd #482,Oakland,CA,95033,Alameda,(510) 962-8763,2003-04-16,2004-04-16
48-982623,48,On-Sale General - Bar/Tavern,ACTIVE,Lounge Oakland Hills Group,Andrew Garcia,5843 Oak Dr #142,Oakland,CA,91159,Alameda,(510) 480-5636,2023-10-09,2024-10-09
48-369151,48,On-Sale General - Bar/Tavern,ACTIVE,Tavern Berkeley Company,Michael Johnson,8515 4th Ln,Berkeley,CA,92121,Alameda,(510) 235-3015,2022-03-18,2023-03-18
48-158379,48,On-Sale General - Bar/Tavern,ACTIVE,Dive Bar Hayward Group 50,William Garcia Garcia,6550 Jefferson Way #332,Hayward,CA,90755,Alameda,(510) 926-6989,2024-05-15,2025-05-15
48-439356,48,On-Sale General - Bar/Tavern,ACTIVE,OldPub Co 57,Anthony Davis Wilson,6626 Market Pl,Livermore,CA,93431,Alameda,(510) 771-4049,2020-08-25,2021-08-25
48-950821,48,On-Sale General - Bar/Tavern,ACTIVE,Saloon Inc 2,Mark Williams Jones,3961 Pico Dr #581,Livermore,CA,95432,Alameda,(925) 503-3374,2004-07-27,2005-07-27
48-123249,48,On-Sale General - Bar/Tavern,ACTIVE,Bar Alameda Corp,Maria Gonzalez,5673 Maple Blvd,Livermore,CA,93600,Alameda,(510) 412-5583,2015-12-17,2016-12-17
48-270384,48,On-Sale General - Bar/Tavern,ACTIVE,TheNightclub Oakland 3,Matthew Johnson,9826 Franklin St #853,Oakland,CA,90524,Alameda,(510) 655-7786,2001-05-14,2002-05-14
48-333729,48,On-Sale General - Bar/Tavern,ACTIVE,Saloon Co,James Martin,3762 Madison Ct,Hayward,CA,91850,Alameda,(510) 531-9992,2009-04-21,2010-04-21
48-654760,48,On-Sale General - Bar/Tavern,ACTIVE,Tap Room Livermore,Mark Miller,1745 Sunset Pl,Livermore,CA,94008,Alameda,(510) 454-3830,2016-04-02,2017-04-02
48-527825,48,On-Sale General - Bar/Tavern,ACTIVE,Pub,Christopher Johnson,2611 Main Ave #971,Fremont,CA,93537,Alameda,(510) 295-8261,2022-03-07,2023-03-07
48-441045,48,On-Sale General - Bar/Tavern,ACTIVE,Dive Bar Livermore,Robert Thomas Gonzalez,7600 6th Rd #649,Livermore,CA,90629,Alameda,(510) 553-9342,2018-03-19,2019-03-19
48-222096,48,On-Sale General - Bar/Tavern,ACTIVE,Tavern Oakland,James Anderson,1336 Main Ave,Oakland,CA,95333,Alameda,(925) 282-3746,2004-03-15,2005-03-15
48-380458,48,On-Sale General - Bar/Tavern,ACTIVE,Tavern Company,Michelle Jones Moore,667 Sunset Ct,Berkeley,CA,96005,Alameda,(510) 954-8572,2015-02-12,2016-02-12
48-511066,48,On-Sale General - Bar/Tavern,ACTIVE,Brewery Hayward Inc,Michelle Jackson,2298 Main Dr,Hayward,CA,94039,Alameda,(510) 577-2588,2010-01-23,2011-01-23
48-436863,48,On-Sale General - Bar/Tavern,ACTIVE,Nightclub Hayward Corp,Daniel Williams,3427 Pico St #659,Hayward,CA,92702,Alameda,(925) 382-1290,2020-04-06,2021-04-06
48-264447,48,On-Sale General - Bar/Tavern,ACTIVE,Tavern,William Lopez,3557 Lincoln Ave,Hayward,CA,91269,Alameda,(510) 700-9174,2001-12-04,2002-12-04
48-785312,48,On-Sale General - Bar/Tavern,ACTIVE,Tavern Livermore Company,Paul Jones Hernandez,1882 Broadway Ave #680,Livermore,CA,90092,Alameda,(510) 518-3378,2010-10-17,2011-10-17
48-556018,48,On-Sale General - Bar/Tavern,ACTIVE,Bar,Matthew Wilson,6852 State Rd,Fremont,CA,92515,Alameda,(510) 959-3285,2022-07-02,2023-07-02
48-959217,48,On-Sale General - Bar/Tavern,ACTIVE,Nightclub,Michael Jones,4835 Wilshire Blvd,Berkeley,CA,93959,Alameda,(925) 370-6810,2021-10-11,2022-10-11
48-366082,48,On-Sale General - Bar/Tavern,ACTIVE,Bar Berkeley,William Hernandez,7317 Broadway Ln,Berkeley,CA,94112,Alameda,(925) 913-4645,2000-11-25,2001-11-25
48-213603,48,On-Sale General - Bar/Tavern,ACTIVE,TheNightclub 35,Steven Jones,9984 Madison St,Hayward,CA,94536,Alameda,(925) 245-7279,2021-10-02,2022-10-02
48-492064,48,On-Sale General - Bar/Tavern,ACTIVE,Club Corp,Christopher Taylor,6163 Front Ave,Hayward,CA,96097,Alameda,(510) 949-5471,2007-03-03,2008-03-03
48-312579,48,On-Sale General - Bar/Tavern,ACTIVE,Tap Room Oakland Co,Lisa Martin Gonzalez,2582 Wilshire Ct,Oakland,CA,90614,Alameda,(925) 880-1868,2018-12-05,2019-12-05
48-966844,48,On-Sale General - Bar/Tavern,ACTIVE,Nightclub Oakland,Christopher Miller,1366 Oak Pl,Oakland,CA,93059,Alameda,(925) 858-3099,2018-11-02,2019-11-02
48-546712,48,On-Sale General - Bar/Tavern,ACTIVE,Saloon Livermore,Andrew Thomas Moore,3650 Pico Way #783,Livermore,CA,94279,Alameda,(925) 717-5997,2011-04-05,2012-04-05
48-506998,48,On-Sale General - Bar/Tavern,ACTIVE,Brewery,Paul Garcia Gonzalez,860 Market Blvd,Hayward,CA,92724,Alameda,(510) 560-6862,2008-07-03,2009-07-03
48-921507,48,On-Sale General - Bar/Tavern,ACTIVE,Brewery Oakland,Maria Williams,635 Main Ct #477,Oakland,CA,93574,Alameda,(925) 415-8906,2008-07-10,2009-07-10
48-755401,48,On-Sale General - Bar/Tavern,ACTIVE,OldTavern 95,Matthew Wilson,4395 Wilshire Ct,Livermore,CA,95219,Alameda,(925) 301-5856,2010-07-22,2011-07-22
48-748069,48,On-Sale General - Bar/Tavern,ACTIVE,Saloon Oakland,Andrew Rodriguez,4523 Main Blvd,Oakland,CA,93458,Alameda,(925) 407-1468,2000-04-19,2001-04-19
48-453387,48,On-Sale General - Bar/Tavern,ACTIVE,Brewery Alameda Company,Mark Miller Jackson,320 Broadway Ln,Oakland,CA,95731,Alameda,(510) 337-3629,2020-04-19,2021-04-19
48-157654,48,On-Sale General - Bar/Tavern,ACTIVE,Tavern Oakland Heights Company,Christopher Anderson,965 4th Way,Oakland,CA,90698,Alameda,(925) 617-9520,2011-08-15,2012-08-15
48-915388,48,On-Sale General - Bar/Tavern,ACTIVE,Tap Room,David Taylor,6573 Ocean Ln,Fremont,CA,90750,Alameda,(510) 333-6529,2002-06-18,2003-06-18
48-883965,48,On-Sale General - Bar/Tavern,ACTIVE,NewTavern LLC 23,Matthew Garcia,1624 State Dr,Fremont,CA,92726,Alameda,(925) 985-2521,2004-04-25,2005-04-25
48-450886,48,On-Sale General - Bar/Tavern,ACTIVE,Club Livermore Valley,Andrew Martin,472 Oak Dr,Livermore,CA,95699,Alameda,(925) 985-5893,2004-02-17,2005-02-17
48-497097,48,On-Sale General - Bar/Tavern,ACTIVE,Dive Bar,Daniel Martin,4574 Lincoln Ave,Livermore,CA,93916,Alameda,(510) 820-3214,2024-04-02,2025-04-02
48-950339,48,On-Sale General - Bar/Tavern,ACTIVE,Saloon Berkeley,Kenneth Moore,9362 Main Ave #687,Berkeley,CA,95671,Alameda,(510) 686-4677,2022-03-01,2023-03-01
48-300143,48,On-Sale General - Bar/Tavern,ACTIVE,TheSaloon 74,Lisa Johnson,1906 Pico Blvd #538,Fremont,CA,90575,Alameda,(510) 888-6761,2016-02-13,2017-02-13
48-764024,48,On-Sale General - Bar/Tavern,ACTIVE,Club Fremont,Paul Moore,9725 Lincoln Blvd,Fremont,CA,95347,Alameda,(510) 237-1050,2021-05-22,2022-05-22
48-411140,48,On-Sale General - Bar/Tavern,ACTIVE,Nightclub Co,Anthony Anderson Brown,7524 Main Blvd,Livermore,CA,94114,Alameda,(510) 827-7968,2006-05-02,2007-05-02
48-939773,48,On-Sale General - Bar/Tavern,ACTIVE,Tavern Corp,Robert Martinez,3179 Oak Ln #479,Hayward,CA,91515,Alameda,(510) 501-5013,2006-07-24,2007-07-24
48-874995,48,On-Sale General - Bar/Tavern,ACTIVE,Dive Bar Oakland Heights Group,Michelle Williams,1767 1st Pl,Oakland,CA,94832,Alameda,(510) 487-5880,2023-10-14,2024-10-14
48-995309,48,On-Sale General - Bar/Tavern,ACTIVE,NewPub Oakland Heights 48,Christopher Brown,1153 Madison Ave,Oakland,CA,96179,Alameda,(510) 233-7704,2018-12-24,2019-12-24
48-347882,48,On-Sale General - Bar/Tavern,ACTIVE,NewDive Bar Hayward 67,Maria Hernandez,6241 1st Dr,Hayward,CA,94302,Alameda,(510) 977-7214,2009-11-10,2010-11-10
48-813443,48,On-Sale General - Bar/Tavern,ACTIVE,Pub Hayward Valley,Andrew Brown Lopez,564 Jefferson Ln,Hayward,CA,90161,Alameda,(925) 235-8816,2017-08-26,2018-08-26
48-433424,48,On-Sale General - Bar/Tavern,ACTIVE,Nightclub,Lisa Thomas,1304 Oak Ct,Hayward,CA,90105,Alameda,(510) 758-4111,2013-10-06,2014-10-06
48-382150,48,On-Sale General - Bar/Tavern,ACTIVE,Lounge Alameda Company,Steven Davis,4522 4th St,Berkeley,CA,91054,Alameda,(925) 727-9583,2001-08-21,2002-08-21
48-649305,48,On-Sale General - Bar/Tavern,ACTIVE,Tavern Co,Anthony Jackson,6595 5th Way,Livermore,CA,94859,Alameda,(510) 286-5907,2018-05-18,2019-05-18
48-382226,48,On-Sale General - Bar/Tavern,ACTIVE,Saloon,Lisa Thomas,9774 Lincoln Rd #614,Oakland,CA,94812,Alameda,(510) 588-8585,2018-07-05,2019-07-05
48-269279,48,On-Sale General - Bar/Tavern,ACTIVE,NewSaloon Fremont Heights Company 64,Matthew Thomas,4707 2nd Blvd,Fremont,CA,90900,Alameda,(925) 434-4919,2017-08-17,2018-08-17
48-730621,48,On-Sale General - Bar/Tavern,ACTIVE,OldTap Room Berkeley Co 54,James Garcia,9132 Washington Pl,Berkeley,CA,95129,Alameda,(925) 347-5216,2024-11-16,2025-11-16
48-271223,48,On-Sale General - Bar/Tavern,ACTIVE,TheTavern Corp 12,Robert Martin,4517 Pico Ct,Fremont,CA,92172,Alameda,(510) 590-4440,2008-11-16,2009-11-16
48-921785,48,On-Sale General - Bar/Tavern,ACTIVE,Pub Company,David Hernandez,8607 Front Way #613,Berkeley,CA,93645,Alameda,(510) 553-5892,2010-09-09,2011-09-09
48-907384,48,On-Sale General - Bar/Tavern,ACTIVE,Lounge Corp,Mark Rodriguez,1049 7th Ln #202,Livermore,CA,94052,Alameda,(510) 598-7120,2007-05-15,2008-05-15
48-204571,48,On-Sale General - Bar/Tavern,ACTIVE,NewSaloon Inc 13,John Brown,1864 Franklin Way,Berkeley,CA,90705,Alameda,(510) 438-4186,2012-07-07,2013-07-07
48-361993,48,On-Sale General - Bar/Tavern,ACTIVE,Brewery Group 76,Jennifer Hernandez,9587 Wilshire Ln,Fremont,CA,95322,Alameda,(925) 944-2815,2008-03-20,2009-03-20
48-984592,48,On-Sale General - Bar/Tavern,ACTIVE,OldLounge 11,Michelle Garcia,2623 2nd Pl,Hayward,CA,93037,Alameda,(510) 849-1364,2006-05-04,2007-05-04
48-893762,48,On-Sale General - Bar/Tavern,ACTIVE,Pub Corp 83,David Taylor Jones,6312 Market Blvd,Oakland,CA,94441,Alameda,(510) 667-4579,2020-12-22,2021-12-22
48-503371,48,On-Sale General - Bar/Tavern,ACTIVE,Saloon Fremont Valley,Paul Lopez,1646 Madison St #167,Fremont,CA,94550,Alameda,(925) 778-6132,2006-12-14,2007-12-14
48-715707,48,On-Sale General - Bar/Tavern,ACTIVE,Tavern,Paul Wilson,225 Maple Ave,Oakland,CA,91013,Alameda,(925) 245-3132,2020-04-06,2021-04-06
48-935336,48,On-Sale General - Bar/Tavern,ACTIVE,TheBar 69,Kenneth Martin,2981 Pico Ave #898,Berkeley,CA,91162,Alameda,(925) 781-3933,2012-02-15,2013-02-15
48-486986,48,On-Sale General - Bar/Tavern,ACTIVE,Tap Room Alameda,John Smith,8852 Pico Ln,Oakland,CA,95876,Alameda,(925) 374-1117,2018-08-21,2019-08-21
48-894751,48,On-Sale General - Bar/Tavern,ACTIVE,OldLounge Alameda Group 69,James Rodriguez Jackson,2554 Jefferson Blvd,Hayward,CA,95878,Alameda,(510) 714-2146,2001-09-16,2002-09-16
48-850399,48,On-Sale General - Bar/Tavern,ACTIVE,NewSaloon Corp 43,William Williams,5155 4th Ct #938,Fremont,CA,92833,Alameda,(925) 325-6890,2016-01-23,2017-01-23
48-607747,48,On-Sale General - Bar/Tavern,ACTIVE,Dive Bar Group,Maria Smith,5486 Hollywood Ave,Berkeley,CA,95573,Alameda,(510) 942-7632,2015-12-25,2016-12-25
48-967021,48,On-Sale General - Bar/Tavern,ACTIVE,Pub Livermore,Michael Taylor,5784 5th Ln #515,Livermore,CA,91478,Alameda,(510) 292-7948,2010-09-01,2011-09-01
48-209239,48,On-Sale General - Bar/Tavern,ACTIVE,OldTavern Alameda Corp 50,John Hernandez,1149 Oak Way #603,Berkeley,CA,95839,Alameda,(925) 375-6032,2002-07-26,2003-07-26
48-166344,48,On-Sale General - Bar/Tavern,ACTIVE,Tavern,Steven Smith,1863 Wilshire Dr #109,Livermore,CA,93969,Alameda,(925) 970-2387,2005-05-14,2006-05-14
48-487496,48,On-Sale General - Bar/Tavern,ACTIVE,Tap Room,Christopher Davis,2794 Mission Dr,Berkeley,CA,91398,Alameda,(510) 457-6150,2022-10-13,2023-10-13
48-313110,48,On-Sale General - Bar/Tavern,ACTIVE,Dive Bar,William Anderson,2394 State Way #627,Oakland,CA,90122,Alameda,(925) 338-9526,2014-10-08,2015-10-08
48-527929,48,On-Sale General - Bar/Tavern,ACTIVE,NewBrewery Fremont 2,Matthew Williams,6167 Jefferson Ave,Fremont,CA,95601,Alameda,(510) 497-4306,2006-02-12,2007-02-12
48-531845,48,On-Sale General - Bar/Tavern,ACTIVE,Brewery LLC,Matthew Jones,6305 Mission Dr #860,Hayward,CA,92920,Alameda,(510) 937-5583,2016-10-04,2017-10-04
48-215576,48,On-Sale General - Bar/Tavern,ACTIVE,Pub Berkeley Heights Co 71,Maria Garcia,5120 Broadway Rd #276,Berkeley,CA,95023,Alameda,(925) 514-2254,2004-10-03,2005-10-03
48-283214,48,On-Sale General - Bar/Tavern,ACTIVE,NewDive Bar Alameda Group 66,Lisa Hernandez Lopez,5612 2nd Dr #448,Livermore,CA,92583,Alameda,(510) 606-7517,2015-10-23,2016-10-23
48-904232,48,On-Sale General - Bar/Tavern,ACTIVE,Lounge Alameda,Jennifer Brown,5030 Lincoln Blvd,Livermore,CA,90736,Alameda,(510) 450-9133,2024-08-10,2025-08-10
48-109376,48,On-Sale General - Bar/Tavern,ACTIVE,Brewery,Steven Lopez,2729 Lincoln St #218,Oakland,CA,90407,Alameda,(510) 750-9275,2021-01-22,2022-01-22
48-317596,48,On-Sale General - Bar/Tavern,ACTIVE,Dive Bar,Michelle Wilson,6458 Hollywood Way #642,Fremont,CA,92146,Alameda,(925) 369-6364,2006-01-02,2007-01-02
48-614879,48,On-Sale General - Bar/Tavern,ACTIVE,Brewery Oakland,Jennifer Gonzalez,4911 Front Pl #252,Oakland,CA,95751,Alameda,(510) 362-6572,2002-12-11,2003-12-11
48-176577,48,On-Sale General - Bar/Tavern,ACTIVE,Bar Oakland,Kenneth Gonzalez,1385 Washington Way,Oakland,CA,91631,Alameda,(510) 348-4316,2021-10-26,2022-10-26
48-929921,48,On-Sale General - Bar/Tavern,ACTIVE,Club Inc,Michael Hernandez,9219 1st Ave #188,Fremont,CA,95626,Alameda,(925) 788-9135,2013-03-21,2014-03-21
48-683276,48,On-Sale General - Bar/Tavern,ACTIVE,Dive Bar 32,Matthew Thomas,4028 3rd Ct,Fremont,CA,91209,Alameda,(510) 230-7230,2007-12-20,2008-12-20
48-154905,48,On-Sale General - Bar/Tavern,ACTIVE,ThePub Fremont 39,Andrew Johnson,9029 4th Pl,Fremont,CA,95395,Alameda,(510) 533-3530,2014-01-03,2015-01-03
48-591670,48,On-Sale General - Bar/Tavern,ACTIVE,Tap Room Inc,James Taylor Thomas,8869 Lincoln Ct,Oakland,CA,96045,Alameda,(510) 557-1212,2001-07-11,2002-07-11
48-315607,48,On-Sale General - Bar/Tavern,ACTIVE,Tavern,William Jones,4343 Broadway Dr,Berkeley,CA,92877,Alameda,(925) 552-7482,2012-06-23,2013-06-23
48-163248,48,On-Sale General - Bar/Tavern,ACTIVE,Tavern Fremont Hills Group,Jennifer Martin,2780 Mission Ave #724,Fremont,CA,92653,Alameda,(510) 731-5519,2008-03-19,2009-03-19
48-461534,48,On-Sale General - Bar/Tavern,ACTIVE,OldDive Bar 42,Mark Anderson,5274 2nd Blvd,Berkeley,CA,93475,Alameda,(925) 264-3132,2014-08-26,2015-08-26
48-665131,48,On-Sale General - Bar/Tavern,ACTIVE,Pub Group,David Miller Martin,486 Broadway Blvd #721,Oakland,CA,93792,Alameda,(510) 901-2193,2009-06-21,2010-06-21
48-383803,48,On-Sale General - Bar/Tavern,ACTIVE,OldBar Company 17,Kenneth Moore,4299 Oak Blvd,Oakland,CA,90574,Alameda,(510) 231-1647,2024-03-22,2025-03-22
48-958528,48,On-Sale General - Bar/Tavern,ACTIVE,OldDive Bar Livermore 7,Robert Hernandez,8287 Front Rd,Livermore,CA,91552,Alameda,(510) 489-4542,2009-09-21,2010-09-21
48-807503,48,On-Sale General - Bar/Tavern,ACTIVE,Dive Bar Berkeley Hills Company,John Davis,7646 Madison Way,Berkeley,CA,95685,Alameda,(510) 421-7546,2011-02-10,2012-02-10
48-877023,48,On-Sale General - Bar/Tavern,ACTIVE,Bar Fremont,Maria Lopez,8750 Hollywood St,Fremont,CA,91623,Alameda,(510) 886-6024,2015-12-06,2016-12-06
48-550861,48,On-Sale General - Bar/Tavern,ACTIVE,Tap Room Hayward Co,John Johnson Martin,3767 6th Dr,Hayward,CA,91845,Alameda,(925) 435-5958,2016-11-18,2017-11-18
48-295675,48,On-Sale General - Bar/Tavern,ACTIVE,Nightclub Alameda,Christopher Moore Anderson,691 Washington Blvd,Oakland,CA,91730,Alameda,(510) 299-9458,2020-06-15,2021-06-15
48-309166,48,On-Sale General - Bar/Tavern,ACTIVE,NewClub Berkeley Valley 80,William Brown,3840 Sunset Ln,Berkeley,CA,93939,Alameda,(925) 285-4706,2003-03-07,2004-03-07
48-134636,48,On-Sale General - Bar/Tavern,ACTIVE,Tavern Alameda Inc,Michael Jackson,7500 Wilshire Dr #432,Hayward,CA,90794,Alameda,(510) 284-5880,2005-11-04,2006-11-04
48-101173,48,On-Sale General - Bar/Tavern,ACTIVE,NewBrewery 10,Paul Thomas,1116 Oak Pl,Livermore,CA,91388,Alameda,(510) 957-1638,2015-03-23,2016-03-23
48-321464,48,On-Sale General - Bar/Tavern,ACTIVE,OldSaloon Berkeley 16,William Lopez,9867 Ocean Blvd #201,Berkeley,CA,95233,Alameda,(510) 962-8219,2016-03-16,2017-03-16
48-580181,48,On-Sale General - Bar/Tavern,ACTIVE,Nightclub Alameda Corp,William Hernandez,6020 Jefferson St,Fremont,CA,95157,Alameda,(925) 731-1684,2003-03-03,2004-03-03
48-996308,48,On-Sale General - Bar/Tavern,ACTIVE,TheTap Room Alameda 78,Paul Hernandez,8212 Washington Pl,Hayward,CA,91776,Alameda,(925) 341-1518,2017-01-17,2018-01-17
48-237820,48,On-Sale General - Bar/Tavern,ACTIVE,NewLounge Co 37,Steven Thomas Garcia,6386 Broadway St #902,Fremont,CA,92893,Alameda,(925) 550-3166,2013-12-27,2014-12-27
48-788784,48,On-Sale General - Bar/Tavern,ACTIVE,Brewery Alameda Corp,Jennifer Gonzalez,3225 Franklin Blvd,Livermore,CA,90043,Alameda,(510) 788-8957,2018-08-06,2019-08-06
48-602647,48,On-Sale General - Bar/Tavern,ACTIVE,NewTavern Alameda 23,Mark Lopez,2582 Madison Way,Berkeley,CA,92437,Alameda,(510) 810-2055,2019-07-02,2020-07-02
48-349217,48,On-Sale General - Bar/Tavern,ACTIVE,Bar Fremont Corp,Steven Davis,5924 7th Dr #607,Fremont,CA,91752,Alameda,(510) 677-9684,2009-06-02,2010-06-02
48-518817,48,On-Sale General - Bar/Tavern,ACTIVE,Saloon Livermore 24,William Jones Hernandez,2161 Washington Rd #755,Livermore,CA,91470,Alameda,(510) 679-4597,2021-12-23,2022-12-23
48-547687,48,On-Sale General - Bar/Tavern,ACTIVE,Nightclub Oakland Heights LLC 23,Maria Gonzalez Hernandez,1597 Ocean Ave,Oakland,CA,91151,Alameda,(925) 930-5668,2015-12-27,2016-12-27
48-108369,48,On-Sale General - Bar/Tavern,ACTIVE,Pub,Maria Miller,2487 Maple Pl #952,Livermore,CA,95988,Alameda,(925) 218-2524,2007-02-10,2008-02-10
48-286049,48,On-Sale General - Bar/Tavern,ACTIVE,Tap Room Fremont LLC,Christopher Martin,7280 7th Way,Fremont,CA,94045,Alameda,(510) 901-1428,2002-11-22,2003-11-22
48-995488,48,On-Sale General - Bar/Tavern,ACTIVE,Tap Room Alameda LLC,John Taylor,4657 3rd Blvd,Livermore,CA,94680,Alameda,(925) 447-7196,2015-03-06,2016-03-06
48-744249,48,On-Sale General - Bar/Tavern,ACTIVE,Lounge Inc,John Brown,5907 Wilshire Rd,Livermore,CA,94286,Alameda,(925) 362-7585,2010-03-02,2011-03-02
48-581184,48,On-Sale General - Bar/Tavern,ACTIVE,Pub Alameda,Michelle Williams,8843 Franklin Ln,Fremont,CA,95399,Alameda,(925) 968-2892,2007-12-20,2008-12-20
48-470712,48,On-Sale General - Bar/Tavern,ACTIVE,Lounge Berkeley Hills Co 73,Paul Hernandez Thomas,9594 2nd Ln #210,Berkeley,CA,93937,Alameda,(510) 273-9105,2014-03-02,2015-03-02
48-187731,48,On-Sale General - Bar/Tavern,ACTIVE,Dive Bar LLC,Lisa Thomas,3776 Sunset Ct #956,Hayward,CA,90286,Alameda,(925) 919-8373,2007-05-22,2008-05-22
48-470355,48,On-Sale General - Bar/Tavern,ACTIVE,NewSaloon Alameda Co 6,James Garcia,822 2nd St #667,Fremont,CA,93596,Alameda,(510) 766-5388,2024-12-18,2025-12-18
48-651103,48,On-Sale General - Bar/Tavern,ACTIVE,Saloon Alameda Company,David Moore,3887 Pico Dr,Oakland,CA,91897,Alameda,(510) 685-5276,2015-09-27,2016-09-27
48-125537,48,On-Sale General - Bar/Tavern,ACTIVE,Club,Paul Johnson,9307 3rd Ln,Hayward,CA,95922,Alameda,(925) 739-7358,2017-03-25,2018-03-25
48-309481,48,On-Sale General - Bar/Tavern,ACTIVE,Club Oakland Hills,Daniel Thomas,4420 Lincoln Ln #694,Oakland,CA,93684,Alameda,(510) 626-9257,2009-07-03,2010-07-03
48-858950,48,On-Sale General - Bar/Tavern,ACTIVE,Bar Fremont,William Smith,1668 Jefferson Blvd,Fremont,CA,93891,Alameda,(510) 563-1352,2014-07-26,2015-07-26
48-763795,48,On-Sale General - Bar/Tavern,ACTIVE,Club,David Smith,4097 Franklin Ln,Hayward,CA,92012,Alameda,(925) 954-9816,2002-07-19,2003-07-19
48-868136,48,On-Sale General - Bar/Tavern,ACTIVE,OldNightclub 75,Michelle Davis,9703 7th Way,Berkeley,CA,92430,Alameda,(510) 972-1013,2014-07-25,2015-07-25
48-877777,48,On-Sale General - Bar/Tavern,ACTIVE,Lounge Group,Mark Martin,9754 1st Dr,Livermore,CA,95739,Alameda,(925) 745-3433,2020-06-19,2021-06-19
48-943593,48,On-Sale General - Bar/Tavern,ACTIVE,Nightclub Inc,John Johnson,2297 Market Pl,Berkeley,CA,93269,Alameda,(510) 220-7143,2018-01-01,2019-01-01
48-568005,48,On-Sale General - Bar/Tavern,ACTIVE,Club Livermore Hills Company 94,Daniel Martinez Brown,3965 Ocean Ct,Livermore,CA,91529,Alameda,(510) 774-9525,2022-05-16,2023-05-16
48-172177,48,On-Sale General - Bar/Tavern,ACTIVE,Brewery Oakland Inc,Paul Johnson,6896 3rd Rd,Oakland,CA,94302,Alameda,(510) 327-5337,2011-05-22,2012-05-22
48-665533,48,On-Sale General - Bar/Tavern,ACTIVE,NewSaloon Berkeley 32,Michelle Hernandez,478 7th Blvd #603,Berkeley,CA,91672,Alameda,(510) 622-2727,2012-06-05,2013-06-05
48-228984,48,On-Sale General - Bar/Tavern,ACTIVE,Pub Oakland,Michelle Taylor,9047 Hollywood Pl,Oakland,CA,93877,Alameda,(925) 820-4310,2000-09-14,2001-09-14
48-631807,48,On-Sale General - Bar/Tavern,ACTIVE,Brewery Co,Lisa Garcia,1680 5th Ln,Livermore,CA,93932,Alameda,(510) 720-9219,2021-08-12,2022-08-12
48-161447,48,On-Sale General - Bar/Tavern,ACTIVE,Nightclub Hayward Group,Anthony Martinez,1867 Ocean Pl,Hayward,CA,90170,Alameda,(925) 728-6315,2010-03-12,2011-03-12
48-605567,48,On-Sale General - Bar/Tavern,ACTIVE,Dive Bar Alameda Company,Anthony Johnson,6933 Wilshire Blvd,Hayward,CA,94079,Alameda,(510) 560-9475,2001-11-04,2002-11-04
48-491839,48,On-Sale General - Bar/Tavern,ACTIVE,Tavern 62,Christopher Miller Anderson,723 Washington Dr #630,Berkeley,CA,93275,Alameda,(925) 781-4085,2018-11-11,2019-11-11
48-315062,48,On-Sale General - Bar/Tavern,ACTIVE,NewNightclub Alameda 24,Paul Anderson,9350 Oak Pl #309,Livermore,CA,92309,Alameda,(925) 658-2695,2016-05-06,2017-05-06
48-754034,48,On-Sale General - Bar/Tavern,ACTIVE,Dive Bar Alameda Corp,Robert Jones,5022 State Way,Hayward,CA,90581,Alameda,(510) 688-2860,2003-06-20,2004-06-20
48-109127,48,On-Sale General - Bar/Tavern,ACTIVE,Nightclub LLC,David Moore,544 Market Pl,Fremont,CA,95901,Alameda,(925) 677-1316,2001-06-22,2002-06-22
48-377448,48,On-Sale General - Bar/Tavern,ACTIVE,NewLounge Fremont 45,David Moore Williams,7876 Mission Ct,Fremont,CA,93772,Alameda,(510) 219-3324,2015-11-28,2016-11-28
48-449399,48,On-Sale General - Bar/Tavern,ACTIVE,Lounge,Andrew Anderson,6512 Ocean Way,Hayward,CA,90519,Alameda,(510) 226-4815,2003-09-18,2004-09-18
48-629877,48,On-Sale General - Bar/Tavern,ACTIVE,Brewery,Robert Jones,1275 Jefferson Way,Hayward,CA,91888,Alameda,(925) 344-5465,2016-12-18,2017-12-18
48-193368,48,On-Sale General - Bar/Tavern,ACTIVE,Lounge Hayward Hills,Steven Moore,5542 Ocean Way,Hayward,CA,90388,Alameda,(925) 923-9944,2012-03-18,2013-03-18
48-732996,48,On-Sale General - Bar/Tavern,ACTIVE,Dive Bar Hayward,Matthew Miller,7894 6th Dr #693,Hayward,CA,92932,Alameda,(925) 351-6380,2002-08-19,2003-08-19
48-585783,48,On-Sale General - Bar/Tavern,ACTIVE,Brewery Corp,Anthony Martin,3515 Sunset St,Fremont,CA,90630,Alameda,(925) 982-4814,2005-09-01,2006-09-01
48-429546,48,On-Sale General - Bar/Tavern,ACTIVE,Club Berkeley,Anthony Rodriguez Jones,269 Pico Ln #387,Berkeley,CA,93731,Alameda,(510) 636-1198,2000-09-07,2001-09-07
48-632925,48,On-Sale General - Bar/Tavern,ACTIVE,Tavern Hayward Hills,Andrew Taylor,2953 Washington Ave,Hayward,CA,95536,Alameda,(510) 495-8229,2015-04-06,2016-04-06
48-317583,48,On-Sale General - Bar/Tavern,ACTIVE,NewSaloon Fremont Group 96,Andrew Gonzalez,8081 Ocean Pl,Fremont,CA,94438,Alameda,(925) 506-2506,2020-04-11,2021-04-11
48-275135,48,On-Sale General - Bar/Tavern,ACTIVE,Lounge Oakland LLC,Steven Gonzalez,6008 Jefferson Ave #274,Oakland,CA,90567,Alameda,(925) 316-3955,2012-11-25,2013-11-25
48-371373,48,On-Sale General - Bar/Tavern,ACTIVE,Tap Room Oakland Company,Maria Taylor,3351 Pico Ct #643,Oakland,CA,94228,Alameda,(925) 325-2818,2017-06-04,2018-06-04
48-463868,48,On-Sale General - Bar/Tavern,ACTIVE,Dive Bar LLC,Anthony Davis,5140 Mission Blvd,Livermore,CA,95958,Alameda,(925) 289-1953,2008-08-17,2009-08-17
48-526322,48,On-Sale General - Bar/Tavern,ACTIVE,Tavern Alameda Corp 77,Jennifer Gonzalez,7898 3rd Rd #789,Fremont,CA,93889,Alameda,(510) 202-7609,2018-10-24,2019-10-24
48-914045,48,On-Sale General - Bar/Tavern,ACTIVE,Pub Co,Michael Davis,677 Main Dr,Oakland,CA,90651,Alameda,(510) 310-2731,2024-04-16,2025-04-16
48-542281,48,On-Sale General - Bar/Tavern,ACTIVE,Tap Room Group,Michelle Martinez Lopez,9391 6th Way #849,Hayward,CA,91546,Alameda,(510) 687-7758,2001-01-09,2002-01-09
48-114205,48,On-Sale General - Bar/Tavern,ACTIVE,Saloon Livermore Valley Inc,Michael Rodriguez,295 Mission Pl,Livermore,CA,91635,Alameda,(510) 479-9163,2023-11-27,2024-11-27
48-533895,48,On-Sale General - Bar/Tavern,ACTIVE,Bar Berkeley LLC,Robert Anderson Anderson,6320 Mission Ln,Berkeley,CA,93878,Alameda,(510) 514-3823,2024-07-04,2025-07-04
48-718508,48,On-Sale General - Bar/Tavern,ACTIVE,Tavern 92,Paul Hernandez Jones,568 Madison Ct,Livermore,CA,95730,Alameda,(510) 583-9803,2012-11-26,2013-11-26
48-262502,48,On-Sale General - Bar/Tavern,ACTIVE,Tavern Alameda,Maria Martin,4113 Front St,Oakland,CA,90336,Alameda,(510) 920-3046,2017-06-13,2018-06-13
48-677864,48,On-Sale General - Bar/Tavern,ACTIVE,Brewery Hayward Hills,Michelle Thomas,9811 Pico Blvd #779,Hayward,CA,90751,Alameda,(925) 259-8797,2011-07-07,2012-07-07
48-430145,48,On-Sale General - Bar/Tavern,ACTIVE,Brewery,Andrew Martin,3306 Main Rd #798,Livermore,CA,94835,Alameda,(510) 268-4920,2014-01-04,2015-01-04
48-179118,48,On-Sale General - Bar/Tavern,ACTIVE,Club,Jennifer Thomas,3960 Sunset Way,Berkeley,CA,93448,Alameda,(925) 491-8457,2001-09-25,2002-09-25
48-886140,48,On-Sale General - Bar/Tavern,ACTIVE,Brewery Hayward Heights,Anthony Jackson Anderson,7559 Madison St #894,Hayward,CA,91741,Alameda,(510) 763-1448,2007-10-08,2008-10-08
48-474261,48,On-Sale General - Bar/Tavern,ACTIVE,Tavern,Robert Taylor,6856 State Way #913,Berkeley,CA,90488,Alameda,(510) 933-8923,2005-04-23,2006-04-23
48-527939,48,On-Sale General - Bar/Tavern,ACTIVE,Club,Andrew Thomas,2213 Franklin Rd #994,Livermore,CA,90991,Alameda,(925) 299-3037,2002-05-09,2003-05-09
48-777919,48,On-Sale General - Bar/Tavern,ACTIVE,Bar Group,Mark Hernandez,2542 Main Ct,Livermore,CA,90580,Alameda,(925) 458-4606,2003-11-26,2004-11-26
48-621250,48,On-Sale General - Bar/Tavern,ACTIVE,Brewery Oakland Heights,Michael Johnson,2899 Pico Ct,Oakland,CA,93861,Alameda,(925) 462-8462,2013-05-15,2014-05-15
48-427943,48,On-Sale General - Bar/Tavern,ACTIVE,Pub Company,Daniel Johnson,3751 Front Ln,Berkeley,CA,93580,Alameda,(510) 679-1660,2003-09-24,2004-09-24
48-944805,48,On-Sale General - Bar/Tavern,ACTIVE,Lounge Livermore Inc,David Thomas,3743 Wilshire Blvd #320,Livermore,CA,90053,Alameda,(925) 726-6584,2024-02-26,2025-02-26
48-736285,48,On-Sale General - Bar/Tavern,ACTIVE,Dive Bar Alameda Co,Michelle Moore,6962 1st Blvd,Hayward,CA,91912,Alameda,(510) 884-3874,2009-09-07,2010-09-07
48-588149,48,On-Sale General - Bar/Tavern,ACTIVE,Lounge,Anthony Wilson,2319 6th Ave,Fremont,CA,92067,Alameda,(510) 988-1329,2015-11-11,2016-11-11
48-716470,48,On-Sale General - Bar/Tavern,ACTIVE,TheTavern Alameda 71,Lisa Rodriguez,5943 Pico St,Berkeley,CA,94667,Alameda,(510) 953-6269,2011-05-14,2012-05-14
48-101961,48,On-Sale General - Bar/Tavern,ACTIVE,NewTap Room LLC 20,James Smith,4404 Front Way,Livermore,CA,91842,Alameda,(510) 810-2477,2014-01-19,2015-01-19
48-443963,48,On-Sale General - Bar/Tavern,ACTIVE,Tavern Corp,Michelle Brown,1227 Hollywood Rd,Fremont,CA,95209,Alameda,(510) 275-1235,2016-05-12,2017-05-12
48-372808,48,On-Sale General - Bar/Tavern,ACTIVE,TheBrewery 26,Kenneth Hernandez,5342 Jefferson Ln #316,Oakland,CA,91920,Alameda,(925) 711-9209,2004-09-06,2005-09-06
48-523221,48,On-Sale General - Bar/Tavern,ACTIVE,OldTavern Fremont LLC 33,Maria Williams,8877 Madison Blvd #822,Fremont,CA,94020,Alameda,(925) 251-7103,2013-10-27,2014-10-27
48-624132,48,On-Sale General - Bar/Tavern,ACTIVE,Brewery,Kenneth Miller,529 Ocean Way,Fremont,CA,96119,Alameda,(510) 575-8753,2016-05-23,2017-05-23
48-703820,48,On-Sale General - Bar/Tavern,ACTIVE,Bar Fremont,Michelle Williams,4062 Maple Ln,Fremont,CA,90460,Alameda,(510) 743-1511,2007-12-09,2008-12-09
48-416336,48,On-Sale General - Bar/Tavern,ACTIVE,Dive Bar Alameda Inc 67,Matthew Gonzalez Thomas,6651 Market Pl,Oakland,CA,90383,Alameda,(510) 592-8277,2010-09-04,2011-09-04
48-977936,48,On-Sale General - Bar/Tavern,ACTIVE,NewLounge 49,Michael Martinez,8320 Washington Ct,Oakland,CA,95835,Alameda,(510) 363-7892,2021-10-14,2022-10-14
48-875642,48,On-Sale General - Bar/Tavern,ACTIVE,NewBrewery Berkeley Group 31,James Thomas,5141 3rd St,Berkeley,CA,93131,Alameda,(925) 784-3758,2002-05-11,2003-05-11
48-292701,48,On-Sale General - Bar/Tavern,ACTIVE,Lounge Alameda,Paul Taylor,2693 1st Way,Oakland,CA,93588,Alameda,(925) 585-1604,2010-03-24,2011-03-24
48-542766,48,On-Sale General - Bar/Tavern,ACTIVE,Tap Room,Daniel Thomas,6827 2nd Pl,Berkeley,CA,93689,Alameda,(925) 835-7384,2010-03-04,2011-03-04
48-688569,48,On-Sale General - Bar/Tavern,ACTIVE,Dive Bar 11,Andrew Smith,8502 Pico Ct,Livermore,CA,95753,Alameda,(510) 441-6806,2017-01-18,2018-01-18
48-652013,48,On-Sale General - Bar/Tavern,ACTIVE,Saloon Group,Andrew Lopez Rodriguez,2421 7th Ln,Oakland,CA,94231,Alameda,(510) 362-5121,2016-04-07,2017-04-07
48-388819,48,On-Sale General - Bar/Tavern,ACTIVE,Lounge,Paul Taylor,8009 Sunset St,Berkeley,CA,93153,Alameda,(510) 959-5322,2013-03-04,2014-03-04
48-175953,48,On-Sale General - Bar/Tavern,ACTIVE,OldBar 71,Michelle Taylor,7980 6th Ave,Livermore,CA,95720,Alameda,(925) 511-2474,2004-04-10,2005-04-10
48-278900,48,On-Sale General - Bar/Tavern,ACTIVE,Tavern Berkeley,Maria Miller,8065 Oak Ct,Berkeley,CA,94483,Alameda,(925) 597-2361,2020-08-16,2021-08-16
48-745289,48,On-Sale General - Bar/Tavern,ACTIVE,ThePub Inc 38,Maria Taylor Miller,7976 Pico Ct #102,Hayward,CA,95611,Alameda,(510) 669-8648,2007-01-14,2008-01-14
48-561358,48,On-Sale General - Bar/Tavern,ACTIVE,Tap Room Alameda Company 27,Steven Hernandez Jones,2238 Market Rd,Berkeley,CA,91504,Alameda,(510) 835-6149,2014-08-21,2015-08-21
48-163937,48,On-Sale General - Bar/Tavern,ACTIVE,Bar,James Jackson,4925 Sunset Ct,Berkeley,CA,92752,Alameda,(925) 301-7929,2017-10-07,2018-10-07
48-180593,48,On-Sale General - Bar/Tavern,ACTIVE,Dive Bar,David Garcia,1867 Hollywood Blvd,Hayward,CA,93322,Alameda,(510) 344-9771,2000-10-16,2001-10-16
48-992320,48,On-Sale General - Bar/Tavern,ACTIVE,Tavern Hayward Hills,Maria Rodriguez,6918 Main Ave,Hayward,CA,93358,Alameda,(925) 337-9592,2022-07-24,2023-07-24
48-215016,48,On-Sale General - Bar/Tavern,ACTIVE,TheNightclub Alameda 44,Michael Lopez,8649 2nd Pl #809,Berkeley,CA,93707,Alameda,(925) 658-3087,2021-10-28,2022-10-28
48-519302,48,On-Sale General - Bar/Tavern,ACTIVE,OldClub Alameda 93,Michael Smith Martinez,8016 2nd Ct #128,Berkeley,CA,94098,Alameda,(510) 797-3722,2023-06-21,2024-06-21
48-783796,48,On-Sale General - Bar/Tavern,ACTIVE,Saloon Oakland LLC,Mark Anderson,3497 2nd Ct,Oakland,CA,91109,Alameda,(510) 645-9940,2007-02-23,2008-02-23
48-449225,48,On-Sale General - Bar/Tavern,ACTIVE,Club,Lisa Rodriguez,2844 1st Ct,Fremont,CA,94303,Alameda,(925) 859-1725,2005-08-23,2006-08-23
48-556646,48,On-Sale General - Bar/Tavern,ACTIVE,Dive Bar,David Garcia,9000 State Ln #512,Oakland,CA,95227,Alameda,(925) 673-9275,2005-01-01,2006-01-01
48-813876,48,On-Sale General - Bar/Tavern,ACTIVE,OldPub 22,Robert Martinez,5123 Lincoln Way,Berkeley,CA,96130,Alameda,(925) 926-7731,2006-12-25,2007-12-25
48-687502,48,On-Sale General - Bar/Tavern,ACTIVE,OldClub Group 50,Steven Jackson,1995 Jefferson Pl,Hayward,CA,92056,Alameda,(925) 871-8666,2007-01-04,2008-01-04
48-796890,48,On-Sale General - Bar/Tavern,ACTIVE,Tap Room Alameda Inc,James Lopez,3782 Market Ave,Fremont,CA,92710,Alameda,(510) 595-2438,2002-05-18,2003-05-18
48-146962,48,On-Sale General - Bar/Tavern,ACTIVE,Tavern Alameda Company,Christopher Wilson,8568 7th Dr,Livermore,CA,94536,Alameda,(925) 937-7306,2020-06-02,2021-06-02
48-188461,48,On-Sale General - Bar/Tavern,ACTIVE,Brewery,Mark Hernandez,7024 Madison Dr,Fremont,CA,92233,Alameda,(510) 320-6902,2018-09-01,2019-09-01
48-314033,48,On-Sale General - Bar/Tavern,ACTIVE,Tavern,Christopher Rodriguez,9391 Main Way #847,Fremont,CA,92642,Alameda,(925) 345-4411,2015-02-11,2016-02-11
48-126029,48,On-Sale General - Bar/Tavern,ACTIVE,Saloon LLC,Mark Garcia,1791 State Ct,Hayward,CA,93639,Alameda,(510) 621-2356,2008-05-24,2009-05-24
48-661272,48,On-Sale General - Bar/Tavern,ACTIVE,Bar Alameda Inc,Steven Martinez,352 Jefferson Way,Oakland,CA,95179,Alameda,(510) 575-5687,2016-08-02,2017-08-02
48-286450,48,On-Sale General - Bar/Tavern,ACTIVE,Bar LLC,Robert Thomas Smith,2507 Washington Dr,Fremont,CA,95465,Alameda,(925) 414-7500,2008-03-08,2009-03-08
48-724230,48,On-Sale General - Bar/Tavern,ACTIVE,Club Livermore Hills,Steven Thomas,9858 Oak Ln,Livermore,CA,94490,Alameda,(510) 576-2363,2016-10-05,2017-10-05
48-751037,48,On-Sale General - Bar/Tavern,ACTIVE,Saloon Berkeley,Lisa Rodriguez Davis,3701 Wilshire Blvd,Berkeley,CA,94256,Alameda,(925) 255-7870,2019-05-21,2020-05-21
48-997535,48,On-Sale General - Bar/Tavern,ACTIVE,Nightclub Oakland Heights,James Jackson,2543 Oak Rd #849,Oakland,CA,92306,Alameda,(510) 243-4834,2004-02-04,2005-02-04
48-437110,48,On-Sale General - Bar/Tavern,ACTIVE,Bar Oakland Company,John Jackson Thomas,6752 Hollywood Ct,Oakland,CA,96017,Alameda,(925) 725-7929,2023-04-20,2024-04-20
48-834760,48,On-Sale General - Bar/Tavern,ACTIVE,Brewery Oakland Hills,Steven Rodriguez,9218 Washington Rd #986,Oakland,CA,94779,Alameda,(925) 987-7395,2014-09-10,2015-09-10
48-823578,48,On-Sale General - Bar/Tavern,ACTIVE,Lounge Berkeley,David Williams,5194 Jefferson Dr,Berkeley,CA,93248,Alameda,(925) 520-1577,2007-01-22,2008-01-22
48-548608,48,On-Sale General - Bar/Tavern,ACTIVE,Saloon,Matthew Anderson Martin,1776 2nd Ave,Berkeley,CA,92318,Alameda,(510) 559-6281,2004-04-23,2005-04-23
48-436081,48,On-Sale General - Bar/Tavern,ACTIVE,Pub Berkeley Group,Anthony Davis,6705 Ocean St,Berkeley,CA,95832,Alameda,(510) 937-4681,2006-07-15,2007-07-15
48-107593,48,On-Sale General - Bar/Tavern,ACTIVE,Dive Bar Hayward,Christopher Williams,7048 2nd Blvd #717,Hayward,CA,94330,Alameda,(510) 665-6506,2018-06-26,2019-06-26
48-703609,48,On-Sale General - Bar/Tavern,ACTIVE,Brewery Alameda Co,Matthew Lopez,3906 Mission St #523,Berkeley,CA,93468,Alameda,(925) 321-8740,2020-09-02,2021-09-02
48-141912,48,On-Sale General - Bar/Tavern,ACTIVE,NewBar Oakland LLC 22,Anthony Martin,9704 6th Blvd,Oakland,CA,95770,Alameda,(510) 753-2148,2017-07-21,2018-07-21
48-775790,48,On-Sale General - Bar/Tavern,ACTIVE,Nightclub Fremont Inc,Christopher Thomas,8678 Lincoln Ln,Fremont,CA,93554,Alameda,(510) 950-6237,2017-09-19,2018-09-19
48-217355,48,On-Sale General - Bar/Tavern,ACTIVE,Bar Inc,Andrew Jackson,2117 Jefferson Pl,Hayward,CA,92190,Alameda,(510) 221-1169,2012-10-04,2013-10-04
48-427913,48,On-Sale General - Bar/Tavern,ACTIVE,Saloon,Andrew Rodriguez Johnson,9595 Pico Ave #492,Livermore,CA,95563,Alameda,(510) 773-3695,2004-04-19,2005-04-19
48-359037,48,On-Sale General - Bar/Tavern,ACTIVE,Pub,Jennifer Taylor,5217 1st Ln,Hayward,CA,94044,Alameda,(510) 815-9190,2017-02-17,2018-02-17
48-979109,48,On-Sale General - Bar/Tavern,ACTIVE,Brewery Alameda,Paul Thomas,8103 Franklin Pl,Fremont,CA,92666,Alameda,(510) 929-8504,2022-01-06,2023-01-06
48-966625,48,On-Sale General - Bar/Tavern,ACTIVE,Nightclub Group,Anthony Smith Williams,4673 Wilshire Way,Oakland,CA,94579,Alameda,(925) 216-4026,2015-10-23,2016-10-23
48-154243,48,On-Sale General - Bar/Tavern,ACTIVE,Tavern Group,Steven Thomas,8081 Maple Way #591,Berkeley,CA,94311,Alameda,(510) 952-1662,2014-03-01,2015-03-01
48-541708,48,On-Sale General - Bar/Tavern,ACTIVE,Club Livermore Heights,Lisa Martin,4315 Madison Rd #600,Livermore,CA,94322,Alameda,(925) 262-3441,2009-06-19,2010-06-19
48-526697,48,On-Sale General - Bar/Tavern,ACTIVE,Tap Room Livermore Valley 40,Mark Garcia,2441 1st Way,Livermore,CA,93207,Alameda,(510) 366-9791,2020-07-18,2021-07-18
48-700709,48,On-Sale General - Bar/Tavern,ACTIVE,Dive Bar,Michael Hernandez Smith,1550 Wilshire Ln,Livermore,CA,93665,Alameda,(925) 847-7115,2001-12-11,2002-12-11
48-109746,48,On-Sale General - Bar/Tavern,ACTIVE,Pub,Maria Taylor,7818 Jefferson Pl,Hayward,CA,96111,Alameda,(925) 234-4594,2018-08-19,2019-08-19
48-634287,48,On-Sale General - Bar/Tavern,ACTIVE,Brewery Livermore,Jennifer Lopez,1041 Front Pl #749,Livermore,CA,90438,Alameda,(510) 534-9125,2020-02-01,2021-02-01
48-492158,48,On-Sale General - Bar/Tavern,ACTIVE,Tavern Fremont,Anthony Moore,4994 2nd St,Fremont,CA,92737,Alameda,(925) 335-1943,2005-10-24,2006-10-24
48-518240,48,On-Sale General - Bar/Tavern,ACTIVE,Nightclub,Lisa Anderson Anderson,1100 Broadway Pl #756,Berkeley,CA,90201,Alameda,(925) 237-6498,2021-11-27,2022-11-27
48-427512,48,On-Sale General - Bar/Tavern,ACTIVE,NewLounge Berkeley Valley Group 69,Michelle Moore,1711 Pico Blvd #658,Berkeley,CA,94313,Alameda,(510) 522-8339,2008-07-10,2009-07-10
48-251536,48,On-Sale General - Bar/Tavern,ACTIVE,Tavern,Jennifer Hernandez,1088 Main Pl,Berkeley,CA,92184,Alameda,(925) 282-5500,2009-10-25,2010-10-25
48-690620,48,On-Sale General - Bar/Tavern,ACTIVE,Dive Bar Alameda,Maria Anderson Miller,5765 Lincoln Ln,Oakland,CA,93398,Alameda,(925) 546-8980,2013-12-11,2014-12-11
48-158487,48,On-Sale General - Bar/Tavern,ACTIVE,Club Company,Kenneth Miller,8866 Franklin Blvd,Fremont,CA,93326,Alameda,(510) 265-3320,2003-11-12,2004-11-12
48-163048,48,On-Sale General - Bar/Tavern,ACTIVE,Tavern Hayward,William Rodriguez,6952 Franklin Rd,Hayward,CA,96032,Alameda,(510) 822-5635,2004-03-06,2005-03-06
48-993593,48,On-Sale General - Bar/Tavern,ACTIVE,Bar Alameda Corp,Michael Taylor,144 Franklin Way,Oakland,CA,90999,Alameda,(510) 701-2898,2024-10-02,2025-10-02
48-524478,48,On-Sale General - Bar/Tavern,ACTIVE,Nightclub Inc,Andrew Jackson,489 Oak Ct,Fremont,CA,93596,Alameda,(510) 375-5413,2015-11-21,2016-11-21
48-343608,48,On-Sale General - Bar/Tavern,ACTIVE,Nightclub,Michael Jones,1340 Washington Blvd #817,Berkeley,CA,93909,Alameda,(925) 809-2438,2000-10-02,2001-10-02
48-214302,48,On-Sale General - Bar/Tavern,ACTIVE,Bar,Mark Anderson,7097 7th Ln #118,Livermore,CA,90320,Alameda,(510) 355-8892,2012-05-14,2013-05-14
48-161392,48,On-Sale General - Bar/Tavern,ACTIVE,NewDive Bar 20,Maria Rodriguez,9871 Market Way #317,Fremont,CA,90260,Alameda,(925) 472-9026,2022-04-21,2023-04-21
48-615859,48,On-Sale General - Bar/Tavern,ACTIVE,Lounge Hayward Inc,Lisa Taylor Rodriguez,5657 Jefferson Pl #357,Hayward,CA,91796,Alameda,(925) 372-8083,2008-09-10,2009-09-10
48-659855,48,On-Sale General - Bar/Tavern,ACTIVE,TheSaloon Hayward Heights Company 49,Michelle Davis Johnson,6930 Washington Ct #603,Hayward,CA,91557,Alameda,(510) 610-2780,2017-09-27,2018-09-27
48-414001,48,On-Sale General - Bar/Tavern,ACTIVE,Nightclub Inc,Christopher Thomas,8021 Jefferson St #934,Hayward,CA,90488,Alameda,(925) 967-3168,2003-10-02,2004-10-02
48-408142,48,On-Sale General - Bar/Tavern,ACTIVE,Tap Room Alameda Group,Jennifer Garcia,5175 State Blvd #115,Hayward,CA,96023,Alameda,(925) 251-9383,2009-07-28,2010-07-28
48-679102,48,On-Sale General - Bar/Tavern,ACTIVE,TheClub 52,Michael Wilson,8510 Maple Dr,Livermore,CA,91389,Alameda,(510) 541-2907,2021-12-17,2022-12-17
48-639172,48,On-Sale General - Bar/Tavern,ACTIVE,OldDive Bar 92,Mark Martinez,5462 Washington Ave,Oakland,CA,93568,Alameda,(925) 814-5902,2006-12-04,2007-12-04
48-505646,48,On-Sale General - Bar/Tavern,ACTIVE,Bar,Steven Garcia,3906 Maple Way,Oakland,CA,95442,Alameda,(510) 614-5377,2015-01-11,2016-01-11
48-796739,48,On-Sale General - Bar/Tavern,ACTIVE,Lounge 99,William Garcia,8626 2nd Ct,Hayward,CA,93580,Alameda,(510) 330-9136,2024-09-01,2025-09-01
48-140391,48,On-Sale General - Bar/Tavern,ACTIVE,Club Alameda,Anthony Williams,2107 5th Pl,Hayward,CA,92734,Alameda,(510) 293-9215,2017-03-26,2018-03-26
48-596954,48,On-Sale General - Bar/Tavern,ACTIVE,ThePub Fremont Hills Inc 65,Kenneth Martinez,1866 6th Pl,Fremont,CA,92414,Alameda,(925) 954-9066,2007-01-11,2008-01-11
48-897912,48,On-Sale General - Bar/Tavern,ACTIVE,TheSaloon Alameda 92,Michael Hernandez,4975 Pico Dr,Livermore,CA,93923,Alameda,(510) 553-6657,2021-01-05,2022-01-05
48-296187,48,On-Sale General - Bar/Tavern,ACTIVE,Tap Room Inc,David Davis,1972 Oak St #655,Oakland,CA,94156,Alameda,(925) 673-7822,2004-06-25,2005-06-25
48-606725,48,On-Sale General - Bar/Tavern,ACTIVE,Club Alameda Group,Maria Wilson,3632 Jefferson Pl,Berkeley,CA,95605,Alameda,(925) 301-3087,2002-07-24,2003-07-24
48-636555,48,On-Sale General - Bar/Tavern,ACTIVE,Saloon Fremont Valley,William Johnson,1871 Pico Rd,Fremont,CA,90342,Alameda,(925) 966-9928,2010-06-20,2011-06-20
48-546023,48,On-Sale General - Bar/Tavern,ACTIVE,Pub Alameda,Christopher Garcia,4653 2nd Blvd,Fremont,CA,95968,Alameda,(510) 951-6601,2023-08-09,2024-08-09
48-453478,48,On-Sale General - Bar/Tavern,ACTIVE,OldPub 67,Anthony Lopez Anderson,5971 Broadway Ct,Berkeley,CA,92079,Alameda,(510) 837-4803,2022-12-13,2023-12-13
48-904953,48,On-Sale General - Bar/Tavern,ACTIVE,Nightclub Alameda,Maria Anderson,4548 Sunset Ct,Oakland,CA,95518,Alameda,(510) 626-1039,2012-01-14,2013-01-14
48-160430,48,On-Sale General - Bar/Tavern,ACTIVE,Tap Room Company 50,Kenneth Wilson Thomas,3512 State Rd #248,Fremont,CA,94657,Alameda,(925) 856-1747,2003-08-09,2004-08-09
48-164664,48,On-Sale General - Bar/Tavern,ACTIVE,TheDive Bar Oakland 100,Lisa Garcia Gonzalez,4725 Madison Blvd,Oakland,CA,94122,Alameda,(925) 203-8361,2017-10-19,2018-10-19
48-847701,48,On-Sale General - Bar/Tavern,ACTIVE,Pub,Christopher Brown,9918 Broadway Ave #658,Berkeley,CA,94689,Alameda,(925) 333-4694,2013-10-06,2014-10-06
48-297483,48,On-Sale General - Bar/Tavern,ACTIVE,Bar LLC,Daniel Lopez Taylor,1342 Mission Ave #774,Oakland,CA,90490,Alameda,(510) 508-2157,2007-02-19,2008-02-19
48-625358,48,On-Sale General - Bar/Tavern,ACTIVE,Club Corp,Michelle Wilson Gonzalez,8186 Madison Dr,Livermore,CA,90764,Alameda,(510) 281-9294,2006-11-04,2007-11-04
48-602195,48,On-Sale General - Bar/Tavern,ACTIVE,Bar,Maria Jones,1203 Oak Rd,Hayward,CA,91458,Alameda,(925) 440-4040,2019-12-01,2020-12-01
48-494617,48,On-Sale General - Bar/Tavern,ACTIVE,OldDive Bar Corp 16,Kenneth Johnson,8856 7th Ave,Berkeley,CA,94596,Alameda,(510) 210-9244,2015-09-15,2016-09-15
48-697798,48,On-Sale General - Bar/Tavern,ACTIVE,Lounge Inc,Andrew Martin Gonzalez,6876 4th St,Oakland,CA,94647,Alameda,(925) 559-6688,2002-12-24,2003-12-24
48-871592,48,On-Sale General - Bar/Tavern,ACTIVE,Dive Bar Alameda,Daniel Lopez,1776 Maple Ave,Livermore,CA,92132,Alameda,(925) 924-9388,2006-05-20,2007-05-20
48-110160,48,On-Sale General - Bar/Tavern,ACTIVE,Club Hayward Valley,Daniel Williams,428 7th Blvd,Hayward,CA,92557,Alameda,(925) 908-9397,2019-04-19,2020-04-19
48-836585,48,On-Sale General - Bar/Tavern,ACTIVE,NewDive Bar Inc 81,Mark Thomas Anderson,3094 Mission Dr,Oakland,CA,91758,Alameda,(925) 968-3285,2010-05-11,2011-05-11
48-396610,48,On-Sale General - Bar/Tavern,ACTIVE,Club Alameda,Paul Smith,2389 Madison Blvd,Livermore,CA,92151,Alameda,(510) 336-1541,2015-12-26,2016-12-26
48-178942,48,On-Sale General - Bar/Tavern,ACTIVE,TheBrewery Alameda 68,John Martin,1721 Lincoln Rd,Oakland,CA,93186,Alameda,(510) 606-6187,2022-07-21,2023-07-21
48-881911,48,On-Sale General - Bar/Tavern,ACTIVE,Dive Bar Berkeley Group 5,Michael Garcia,7404 Broadway Pl,Berkeley,CA,90367,Alameda,(925) 579-6797,2023-08-25,2024-08-25
48-119871,48,On-Sale General - Bar/Tavern,ACTIVE,TheSaloon 27,Michelle Taylor,7304 Broadway St #479,Livermore,CA,93741,Alameda,(925) 619-2219,2013-07-25,2014-07-25
48-501810,48,On-Sale General - Bar/Tavern,ACTIVE,Pub,Matthew Rodriguez Taylor,8142 5th Way,Oakland,CA,92106,Alameda,(925) 366-6610,2001-10-04,2002-10-04
48-586454,48,On-Sale General - Bar/Tavern,ACTIVE,Lounge 89,Kenneth Williams,1828 Ocean St,Hayward,CA,93525,Alameda,(925) 224-3879,2023-03-13,2024-03-13
48-240083,48,On-Sale General - Bar/Tavern,ACTIVE,Brewery Alameda Group,William Lopez,7758 Jefferson Blvd,Oakland,CA,94294,Alameda,(925) 884-9571,2006-07-16,2007-07-16
48-892473,48,On-Sale General - Bar/Tavern,ACTIVE,Club Hayward Group,Robert Moore,3347 Mission Rd #285,Hayward,CA,91695,Alameda,(510) 898-4783,2009-09-27,2010-09-27
48-681241,48,On-Sale General - Bar/Tavern,ACTIVE,Club Co,John Brown,4305 Ocean Ln,Hayward,CA,94158,Alameda,(925) 562-3699,2007-02-15,2008-02-15
48-795137,48,On-Sale General - Bar/Tavern,ACTIVE,Tap Room Livermore Heights,Maria Jones,2707 6th Rd,Livermore,CA,90340,Alameda,(510) 299-9281,2023-02-11,2024-02-11
48-448471,48,On-Sale General - Bar/Tavern,ACTIVE,Club Oakland Co,William Davis Davis,425 Mission Pl,Oakland,CA,92886,Alameda,(510) 740-9528,2010-01-06,2011-01-06
48-163047,48,On-Sale General - Bar/Tavern,ACTIVE,OldClub Berkeley Valley Group 1,Steven Garcia,5269 4th Rd,Berkeley,CA,92387,Alameda,(925) 697-4513,2006-02-11,2007-02-11
48-154075,48,On-Sale General - Bar/Tavern,ACTIVE,OldTap Room Oakland Hills Corp 87,Robert Anderson,3562 Pico Ave,Oakland,CA,91541,Alameda,(510) 532-1741,2013-05-27,2014-05-27
48-645124,48,On-Sale General - Bar/Tavern,ACTIVE,Club Hayward Company,Steven Moore,2907 Oak Pl #203,Hayward,CA,94196,Alameda,(925) 922-5742,2012-11-27,2013-11-27
48-944478,48,On-Sale General - Bar/Tavern,ACTIVE,NewBar Alameda Co 33,John Brown,7559 Hollywood Way,Livermore,CA,95145,Alameda,(510) 962-7307,2024-06-10,2025-06-10
48-228898,48,On-Sale General - Bar/Tavern,ACTIVE,Saloon,Maria Moore,7694 Broadway Pl #275,Berkeley,CA,91953,Alameda,(510) 789-6864,2020-10-20,2021-10-20
48-579730,48,On-Sale General - Bar/Tavern,ACTIVE,Brewery Group,Daniel Garcia,8865 Lincoln Ave,Livermore,CA,94708,Alameda,(925) 400-6685,2018-02-06,2019-02-06
48-865152,48,On-Sale General - Bar/Tavern,ACTIVE,NewTavern Alameda 37,John Garcia Johnson,7155 5th Pl,Oakland,CA,92192,Alameda,(925) 236-3603,2022-04-05,2023-04-05
48-639038,48,On-Sale General - Bar/Tavern,ACTIVE,Pub Inc,Jennifer Jackson,731 3rd Ct #485,Oakland,CA,94875,Alameda,(510) 936-4869,2022-03-05,2023-03-05
48-814259,48,On-Sale General - Bar/Tavern,ACTIVE,Tavern Livermore Heights Group,Mark Martin,3368 Franklin Blvd,Livermore,CA,92749,Alameda,(510) 357-1521,2003-03-12,2004-03-12
48-829524,48,On-Sale General - Bar/Tavern,ACTIVE,Nightclub Alameda LLC,Kenneth Thomas Wilson,5794 Ocean Way #551,Livermore,CA,91398,Alameda,(510) 381-6507,2012-02-13,2013-02-13
48-897574,48,On-Sale General - Bar/Tavern,ACTIVE,Brewery Berkeley Hills,Paul Garcia,7826 Lincoln Ct,Berkeley,CA,94836,Alameda,(925) 629-9756,2013-04-07,2014-04-07
48-724794,48,On-Sale General - Bar/Tavern,ACTIVE,Pub Berkeley,Maria Martin,7792 Madison Pl #620,Berkeley,CA,90786,Alameda,(510) 466-6160,2010-03-27,2011-03-27
48-669895,48,On-Sale General - Bar/Tavern,ACTIVE,Bar,Steven Martinez,4372 Washington Ave,Livermore,CA,90609,Alameda,(925) 727-5733,2009-07-27,2010-07-27
48-105352,48,On-Sale General - Bar/Tavern,ACTIVE,OldLounge Livermore Group 18,Paul Johnson,2165 4th St #851,Livermore,CA,90504,Alameda,(510) 275-1210,2008-08-13,2009-08-13
48-283474,48,On-Sale General - Bar/Tavern,ACTIVE,TheDive Bar 90,Andrew Taylor,5414 4th Way #241,Hayward,CA,96036,Alameda,(925) 576-6919,2000-03-15,2001-03-15
48-307489,48,On-Sale General - Bar/Tavern,ACTIVE,Brewery Alameda Group,Maria Anderson,5757 Ocean Ave,Berkeley,CA,92794,Alameda,(925) 984-8026,2019-06-06,2020-06-06
48-730648,48,On-Sale General - Bar/Tavern,ACTIVE,Saloon Berkeley Valley Inc,Kenneth Davis,6558 Market Ave,Berkeley,CA,94556,Alameda,(925) 891-8181,2023-06-19,2024-06-19
48-612434,48,On-Sale General - Bar/Tavern,ACTIVE,Tavern Co,Kenneth Moore,7799 State Dr,Oakland,CA,92921,Alameda,(925) 614-1457,2005-06-21,2006-06-21
48-960708,48,On-Sale General - Bar/Tavern,ACTIVE,Bar Berkeley LLC,Maria Davis,1062 Broadway Ct,Berkeley,CA,91761,Alameda,(925) 235-4560,2016-01-03,2017-01-03
48-402772,48,On-Sale General - Bar/Tavern,ACTIVE,Pub Oakland,Jennifer Brown,8763 Franklin Ln,Oakland,CA,91070,Alameda,(925) 944-4335,2019-01-07,2020-01-07
48-721791,48,On-Sale General - Bar/Tavern,ACTIVE,Bar,Matthew Miller,3266 Maple Ln,Livermore,CA,90820,Alameda,(925) 458-3245,2012-06-08,2013-06-08
48-737756,48,On-Sale General - Bar/Tavern,ACTIVE,TheTap Room Oakland Hills 34,Christopher Gonzalez,7206 Oak Dr,Oakland,CA,95726,Alameda,(510) 604-6564,2004-05-25,2005-05-25
48-671326,48,On-Sale General - Bar/Tavern,ACTIVE,Lounge,William Jones,2474 6th Ct,Hayward,CA,93597,Alameda,(510) 840-5142,2000-05-28,2001-05-28
48-706614,48,On-Sale General - Bar/Tavern,ACTIVE,Pub Alameda,Michael Martinez,9215 Ocean Rd,Livermore,CA,94650,Alameda,(925) 287-8295,2015-05-12,2016-05-12
48-698110,48,On-Sale General - Bar/Tavern,ACTIVE,Nightclub,Anthony Hernandez Martinez,5109 Mission Blvd #809,Livermore,CA,94145,Alameda,(510) 876-2917,2017-08-20,2018-08-20
48-324232,48,On-Sale General - Bar/Tavern,ACTIVE,NewBrewery Hayward Hills 72,William Lopez,933 3rd Pl #771,Hayward,CA,95778,Alameda,(925) 285-2995,2012-05-07,2013-05-07
48-895801,48,On-Sale General - Bar/Tavern,ACTIVE,Nightclub Alameda LLC,Kenneth Anderson,7721 2nd Blvd #759,Livermore,CA,93289,Alameda,(925) 869-1624,2010-11-02,2011-11-02
48-563373,48,On-Sale General - Bar/Tavern,ACTIVE,Lounge Group,Kenneth Lopez,7454 Hollywood Rd,Hayward,CA,94940,Alameda,(510) 850-9418,2023-09-21,2024-09-21
48-141589,48,On-Sale General - Bar/Tavern,ACTIVE,Lounge Hayward Hills 98,Steven Jackson,3138 Pico St,Hayward,CA,95645,Alameda,(925) 539-6857,2018-07-13,2019-07-13
48-138311,48,On-Sale General - Bar/Tavern,ACTIVE,Bar 82,William Johnson,2160 5th Blvd,Fremont,CA,95909,Alameda,(925) 755-9198,2018-07-01,2019-07-01
48-386061,48,On-Sale General - Bar/Tavern,ACTIVE,Tap Room Alameda Company,Mark Moore,4540 Ocean Rd #630,Hayward,CA,90683,Alameda,(510) 581-7267,2016-06-03,2017-06-03
48-533577,48,On-Sale General - Bar/Tavern,ACTIVE,Nightclub Fremont 60,Robert Martinez,4516 Front Blvd,Fremont,CA,90112,Alameda,(510) 953-7425,2020-08-13,2021-08-13
48-572572,48,On-Sale General - Bar/Tavern,ACTIVE,Brewery,James Brown,7673 Broadway Rd #547,Livermore,CA,90024,Alameda,(925) 671-3374,2010-04-17,2011-04-17
48-854112,48,On-Sale General - Bar/Tavern,ACTIVE,TheNightclub 76,Matthew Gonzalez,9023 7th St,Fremont,CA,94242,Alameda,(510) 588-8608,2002-06-16,2003-06-16
48-943630,48,On-Sale General - Bar/Tavern,ACTIVE,Brewery Hayward Hills,Matthew Smith,8897 Washington Rd,Hayward,CA,91474,Alameda,(925) 413-9333,2014-12-02,2015-12-02
48-290646,48,On-Sale General - Bar/Tavern,ACTIVE,Tavern LLC 14,Paul Smith Davis,8521 Wilshire Rd #194,Livermore,CA,90938,Alameda,(925) 887-1118,2010-11-07,2011-11-07
48-449883,48,On-Sale General - Bar/Tavern,ACTIVE,OldSaloon 50,Matthew Taylor,7261 Oak Blvd,Oakland,CA,90106,Alameda,(510) 232-1319,2011-02-09,2012-02-09
48-456641,48,On-Sale General - Bar/Tavern,ACTIVE,Nightclub Company,Maria Davis,9822 Madison Pl,Fremont,CA,95998,Alameda,(925) 954-8881,2003-09-14,2004-09-14
48-986659,48,On-Sale General - Bar/Tavern,ACTIVE,TheTavern Livermore 53,Maria Rodriguez Thomas,9432 5th St,Livermore,CA,90281,Alameda,(510) 210-4080,2012-01-03,2013-01-03
48-663365,48,On-Sale General - Bar/Tavern,ACTIVE,Bar,Mark Martinez,1679 Madison Blvd,Hayward,CA,92320,Alameda,(510) 309-4809,2004-05-07,2005-05-07
48-745025,48,On-Sale General - Bar/Tavern,ACTIVE,NewSaloon 82,William Davis Miller,6429 Mission Ave,Berkeley,CA,95899,Alameda,(510) 998-8009,2017-02-22,2018-02-22
48-513364,48,On-Sale General - Bar/Tavern,ACTIVE,Saloon Company,Michelle Wilson,5600 Mission Ave #489,Fremont,CA,94799,Alameda,(510) 434-8080,2010-04-22,2011-04-22
48-598444,48,On-Sale General - Bar/Tavern,ACTIVE,Tap Room Group,Christopher Jackson,2429 Madison Blvd #249,Livermore,CA,94779,Alameda,(510) 402-6843,2009-09-20,2010-09-20
48-964008,48,On-Sale General - Bar/Tavern,ACTIVE,Pub,James Brown,7007 Madison St #304,Berkeley,CA,93106,Alameda,(925) 301-1632,2011-11-19,2012-11-19
48-813572,48,On-Sale General - Bar/Tavern,ACTIVE,Club,John Moore,2295 Jefferson Rd,Oakland,CA,90818,Alameda,(925) 986-1370,2009-01-13,2010-01-13
48-434575,48,On-Sale General - Bar/Tavern,ACTIVE,Brewery Hayward Corp,Kenneth Johnson,9982 Jefferson Ave,Hayward,CA,92364,Alameda,(925) 838-2953,2015-12-22,2016-12-22
48-393065,48,On-Sale General - Bar/Tavern,ACTIVE,Saloon Berkeley Heights LLC,Maria Williams,1514 Hollywood Dr,Berkeley,CA,95885,Alameda,(925) 333-8051,2017-01-22,2018-01-22
48-745361,48,On-Sale General - Bar/Tavern,ACTIVE,Lounge Alameda,Christopher Jackson Davis,6742 1st Pl,Oakland,CA,93652,Alameda,(925) 939-8694,2012-02-03,2013-02-03
48-328790,48,On-Sale General - Bar/Tavern,ACTIVE,Lounge,Michelle Moore,6753 Hollywood Ct,Oakland,CA,90878,Alameda,(510) 876-5528,2013-06-23,2014-06-23
48-620958,48,On-Sale General - Bar/Tavern,ACTIVE,Nightclub,Matthew Moore,933 Washington Blvd,Hayward,CA,93313,Alameda,(925) 535-8066,2008-10-01,2009-10-01
48-402278,48,On-Sale General - Bar/Tavern,ACTIVE,Dive Bar Livermore Co,Robert Jackson,4213 Jefferson Way,Livermore,CA,92741,Alameda,(510) 402-2386,2012-07-26,2013-07-26
48-684431,48,On-Sale General - Bar/Tavern,ACTIVE,Lounge Co,Robert Gonzalez,6205 Pico Way,Oakland,CA,91730,Alameda,(925) 419-2733,2008-11-15,2009-11-15
48-678066,48,On-Sale General - Bar/Tavern,ACTIVE,Pub Alameda,Christopher Lopez,3817 Oak Ln,Oakland,CA,90870,Alameda,(510) 987-5000,2007-08-28,2008-08-28
48-630361,48,On-Sale General - Bar/Tavern,ACTIVE,Pub,John Johnson Hernandez,3718 Sunset Ln,Berkeley,CA,95435,Alameda,(925) 635-3645,2002-05-01,2003-05-01
48-159070,48,On-Sale General - Bar/Tavern,ACTIVE,Pub,John Martin,2791 Hollywood St,Livermore,CA,92244,Alameda,(510) 312-1649,2021-02-04,2022-02-04
48-734369,48,On-Sale General - Bar/Tavern,ACTIVE,Lounge Berkeley Heights Company,David Williams,1085 Main Blvd #451,Berkeley,CA,90812,Alameda,(925) 520-5390,2014-11-16,2015-11-16
48-606446,48,On-Sale General - Bar/Tavern,ACTIVE,Nightclub Hayward Group,Andrew Hernandez,815 Mission Way #411,Hayward,CA,95176,Alameda,(510) 902-9217,2002-02-02,2003-02-02
48-724132,48,On-Sale General - Bar/Tavern,ACTIVE,Club Oakland Heights Corp,William Williams,3849 Market Ave,Oakland,CA,95243,Alameda,(510) 434-2213,2023-03-17,2024-03-17
48-314757,48,On-Sale General - Bar/Tavern,ACTIVE,Brewery Corp,Daniel Garcia Gonzalez,2627 Lincoln Ct,Fremont,CA,94286,Alameda,(925) 649-1178,2009-11-25,2010-11-25
48-233611,48,On-Sale General - Bar/Tavern,ACTIVE,OldLounge Co 22,Lisa Thomas,6105 1st Way,Fremont,CA,92419,Alameda,(925) 287-8601,2017-12-14,2018-12-14
48-235559,48,On-Sale General - Bar/Tavern,ACTIVE,Nightclub,Daniel Rodriguez,8943 Madison Ln #838,Fremont,CA,92228,Alameda,(925) 912-6435,2004-08-01,2005-08-01
48-942863,48,On-Sale General - Bar/Tavern,ACTIVE,NewLounge Alameda Co 69,Michael Davis,9816 Hollywood Ln,Berkeley,CA,94689,Alameda,(510) 687-5729,2018-03-28,2019-03-28
48-950230,48,On-Sale General - Bar/Tavern,ACTIVE,TheClub 85,Matthew Anderson,6416 Sunset Ln #370,Fremont,CA,95917,Alameda,(510) 960-1215,2010-07-13,2011-07-13
48-359215,48,On-Sale General - Bar/Tavern,ACTIVE,NewTap Room 44,Daniel Miller Smith,4523 Main Dr,Berkeley,CA,92317,Alameda,(925) 445-8637,2000-02-25,2001-02-25
48-125106,48,On-Sale General - Bar/Tavern,ACTIVE,Tap Room Alameda Co,Steven Smith,8970 Market Dr,Oakland,CA,92653,Alameda,(510) 540-4171,2001-05-03,2002-05-03
48-291698,48,On-Sale General - Bar/Tavern,ACTIVE,Tavern Oakland Corp,William Martin,1284 Mission Way,Oakland,CA,96185,Alameda,(925) 427-9802,2012-08-09,2013-08-09
48-208425,48,On-Sale General - Bar/Tavern,ACTIVE,NewBar Company 56,Christopher Martin,6818 1st Ln,Oakland,CA,95868,Alameda,(925) 798-7666,2009-10-02,2010-10-02
48-479842,48,On-Sale General - Bar/Tavern,ACTIVE,Lounge LLC 80,Steven Martin,5823 Maple Pl #931,Berkeley,CA,96033,Alameda,(925) 594-1035,2000-10-13,2001-10-13
48-621706,48,On-Sale General - Bar/Tavern,ACTIVE,OldBar LLC 74,Christopher Anderson,1967 6th Ave,Hayward,CA,92562,Alameda,(925) 874-7736,2003-07-26,2004-07-26
48-199405,48,On-Sale General - Bar/Tavern,ACTIVE,Pub Fremont Corp,Robert Martin,2114 Lincoln Ln,Fremont,CA,92281,Alameda,(925) 611-6253,2003-04-10,2004-04-10
48-767928,48,On-Sale General - Bar/Tavern,ACTIVE,Saloon Berkeley,William Brown,2982 Hollywood Blvd,Berkeley,CA,90342,Alameda,(510) 231-9151,2001-09-22,2002-09-22
48-226827,48,On-Sale General - Bar/Tavern,ACTIVE,OldBar 19,John Lopez,5371 Wilshire Dr,Fremont,CA,91849,Alameda,(925) 888-9521,2018-02-15,2019-02-15
48-942588,48,On-Sale General - Bar/Tavern,ACTIVE,OldTavern Corp 45,Christopher Johnson,722 Wilshire Rd #306,Livermore,CA,93623,Alameda,(510) 788-4506,2017-02-10,2018-02-10
48-742136,48,On-Sale General - Bar/Tavern,ACTIVE,Brewery 8,Maria Taylor,4401 Sunset Pl,Berkeley,CA,94536,Alameda,(510) 989-5556,2023-04-17,2024-04-17
48-970717,48,On-Sale General - Bar/Tavern,ACTIVE,OldDive Bar Oakland Heights 42,Steven Hernandez,8582 Front Pl,Oakland,CA,94164,Alameda,(925) 784-1790,2017-06-01,2018-06-01
48-566481,48,On-Sale General - Bar/Tavern,ACTIVE,Lounge Fremont Corp,Mark Lopez,1073 Madison Ln,Fremont,CA,93291,Alameda,(510) 421-5017,2022-01-08,2023-01-08
48-441737,48,On-Sale General - Bar/Tavern,ACTIVE,Club,Anthony Taylor,7598 5th St,Livermore,CA,91397,Alameda,(510) 259-3429,2023-06-20,2024-06-20
48-364582,48,On-Sale General - Bar/Tavern,ACTIVE,Pub Corp,Anthony Gonzalez,4305 6th Blvd,Fremont,CA,94269,Alameda,(925) 305-9319,2022-12-07,2023-12-07
48-539179,48,On-Sale General - Bar/Tavern,ACTIVE,NewSaloon Corp 28,Jennifer Johnson,5517 State Way #387,Oakland,CA,95053,Alameda,(925) 512-7741,2018-10-01,2019-10-01
48-265960,48,On-Sale General - Bar/Tavern,ACTIVE,Club Hayward,Maria Thomas,9961 7th St,Hayward,CA,92847,Alameda,(925) 595-5375,2018-01-19,2019-01-19
48-623919,48,On-Sale General - Bar/Tavern,ACTIVE,Bar,Daniel Martinez,3960 2nd Ln #237,Berkeley,CA,93298,Alameda,(925) 825-9952,2007-05-04,2008-05-04
48-651623,48,On-Sale General - Bar/Tavern,ACTIVE,Nightclub 39,Steven Jackson,2129 4th Blvd,Fremont,CA,92915,Alameda,(925) 891-2569,2020-09-08,2021-09-08
48-150901,48,On-Sale General - Bar/Tavern,ACTIVE,Lounge Alameda,Anthony Hernandez,5082 Lincoln Ave,Oakland,CA,90407,Alameda,(510) 535-4939,2000-11-17,2001-11-17
48-333972,48,On-Sale General - Bar/Tavern,ACTIVE,Nightclub Alameda Co,David Brown,8193 Washington Dr,Fremont,CA,94351,Alameda,(510) 960-3829,2011-05-17,2012-05-17
48-767373,48,On-Sale General - Bar/Tavern,ACTIVE,Saloon LLC,Matthew Brown,5572 Pico Dr #354,Oakland,CA,90401,Alameda,(510) 595-9374,2020-11-28,2021-11-28
48-892390,48,On-Sale General - Bar/Tavern,ACTIVE,Pub,Kenneth Davis,8313 Front Rd #724,Livermore,CA,92981,Alameda,(925) 438-8691,2003-09-21,2004-09-21
48-432066,48,On-Sale General - Bar/Tavern,ACTIVE,NewTap Room 89,Daniel Miller,5360 Maple Pl,Fremont,CA,95390,Alameda,(925) 736-9270,2013-05-28,2014-05-28
48-811915,48,On-Sale General - Bar/Tavern,ACTIVE,Lounge Group,Lisa Taylor,1854 State Ct,Livermore,CA,94779,Alameda,(510) 412-4200,2012-04-24,2013-04-24
48-659837,48,On-Sale General - Bar/Tavern,ACTIVE,Tap Room LLC,Andrew Anderson,2904 Washington Ct,Berkeley,CA,93884,Alameda,(510) 674-1793,2017-11-09,2018-11-09
48-420232,48,On-Sale General - Bar/Tavern,ACTIVE,Dive Bar,Jennifer Lopez,4805 Pico Pl,Berkeley,CA,92788,Alameda,(510) 488-9524,2002-12-10,2003-12-10
48-172431,48,On-Sale General - Bar/Tavern,ACTIVE,Bar,Michelle Wilson,7279 Maple Pl,Oakland,CA,93562,Alameda,(510) 985-9244,2002-07-07,2003-07-07
48-199741,48,On-Sale General - Bar/Tavern,ACTIVE,NewBar Group 84,John Jones Jones,5394 Jefferson Ct,Oakland,CA,95423,Alameda,(925) 799-4758,2004-10-26,2005-10-26
48-658283,48,On-Sale General - Bar/Tavern,ACTIVE,TheBar 30,Christopher Jones,7802 6th Ave #337,Livermore,CA,91907,Alameda,(510) 543-8144,2020-08-28,2021-08-28
48-580998,48,On-Sale General - Bar/Tavern,ACTIVE,Nightclub Berkeley Group 50,Maria Miller,2822 3rd Ct,Berkeley,CA,91294,Alameda,(510) 843-7986,2009-12-25,2010-12-25
48-689002,48,On-Sale General - Bar/Tavern,ACTIVE,Dive Bar,Robert Brown,8545 Oak Dr,Berkeley,CA,96129,Alameda,(925) 404-6618,2023-10-26,2024-10-26
48-352081,48,On-Sale General - Bar/Tavern,ACTIVE,Pub Oakland Company,Kenneth Johnson,6906 Ocean Rd,Oakland,CA,91364,Alameda,(925) 877-4900,2019-01-24,2020-01-24
48-606163,48,On-Sale General - Bar/Tavern,ACTIVE,Pub,David Brown,628 5th St #499,Oakland,CA,94866,Alameda,(925) 736-9344,2022-10-17,2023-10-17
48-222955,48,On-Sale General - Bar/Tavern,ACTIVE,Pub,James Davis,3184 Front Dr,Livermore,CA,95883,Alameda,(510) 930-4710,2012-07-16,2013-07-16
48-753063,48,On-Sale General - Bar/Tavern,ACTIVE,Lounge,Matthew Miller,3692 Jefferson Pl #256,Oakland,CA,94966,Alameda,(925) 928-3814,2016-07-11,2017-07-11
48-596039,48,On-Sale General - Bar/Tavern,ACTIVE,TheNightclub Hayward 65,Michelle Hernandez,3873 Oak Ct,Hayward,CA,94195,Alameda,(925) 494-4269,2006-09-24,2007-09-24
48-972496,48,On-Sale General - Bar/Tavern,ACTIVE,Bar Group,James Hernandez,7937 6th St,Fremont,CA,94868,Alameda,(925) 941-1255,2005-09-13,2006-09-13
48-787284,48,On-Sale General - Bar/Tavern,ACTIVE,NewBar Berkeley Heights 62,Robert Garcia,1182 State Ln,Berkeley,CA,93676,Alameda,(510) 647-7720,2019-07-11,2020-07-11
48-274437,48,On-Sale General - Bar/Tavern,ACTIVE,Tavern Livermore Corp 77,Matthew Jackson,6299 4th Rd,Livermore,CA,93001,Alameda,(510) 904-2354,2010-03-24,2011-03-24
48-366617,48,On-Sale General - Bar/Tavern,ACTIVE,Lounge Alameda Company,John Rodriguez,3537 5th Ave,Livermore,CA,93764,Alameda,(925) 889-3449,2017-08-16,2018-08-16
48-540328,48,On-Sale General - Bar/Tavern,ACTIVE,Bar Oakland,Robert Gonzalez Hernandez,2816 Oak Ln,Oakland,CA,93497,Alameda,(925) 308-7432,2005-03-23,2006-03-23
48-607186,48,On-Sale General - Bar/Tavern,ACTIVE,Tavern Livermore Inc 57,Matthew Martin,5741 2nd Dr,Livermore,CA,91601,Alameda,(925) 733-6080,2002-04-08,2003-04-08
48-144275,48,On-Sale General - Bar/Tavern,ACTIVE,Pub Fremont Group,Jennifer Smith,289 Franklin Rd,Fremont,CA,94455,Alameda,(925) 798-5587,2014-08-16,2015-08-16
48-206636,48,On-Sale General - Bar/Tavern,ACTIVE,Brewery Fremont Hills LLC,Andrew Rodriguez Jackson,7526 State Pl,Fremont,CA,92340,Alameda,(925) 479-7943,2020-04-28,2021-04-28
48-273496,48,On-Sale General - Bar/Tavern,ACTIVE,OldBrewery Alameda 37,Michael Miller Anderson,2447 Lincoln Ln,Berkeley,CA,92340,Alameda,(510) 950-7874,2014-12-16,2015-12-16
48-932954,48,On-Sale General - Bar/Tavern,ACTIVE,Pub Livermore Heights,Daniel Brown,7053 6th Rd,Livermore,CA,90048,Alameda,(510) 324-9123,2022-09-06,2023-09-06
48-819417,48,On-Sale General - Bar/Tavern,ACTIVE,Dive Bar,Andrew Garcia,7114 Madison St,Livermore,CA,90759,Alameda,(510) 284-9426,2004-04-02,2005-04-02
48-280371,48,On-Sale General - Bar/Tavern,ACTIVE,Pub,Maria Martin,1733 3rd Ct,Berkeley,CA,90621,Alameda,(510) 592-9717,2003-09-04,2004-09-04
48-506156,48,On-Sale General - Bar/Tavern,ACTIVE,OldLounge LLC 19,James Taylor Garcia,2547 Broadway Ln,Berkeley,CA,91006,Alameda,(510) 415-1095,2000-02-20,2001-02-20
48-784529,48,On-Sale General - Bar/Tavern,ACTIVE,TheTavern Livermore Heights Co 67,Paul Hernandez,6206 Washington Pl #346,Livermore,CA,91995,Alameda,(510) 526-1940,2020-11-21,2021-11-21
48-305493,48,On-Sale General - Bar/Tavern,ACTIVE,Bar,Matthew Rodriguez,4894 Market Dr #158,Livermore,CA,95261,Alameda,(925) 371-3511,2013-06-14,2014-06-14
48-110167,48,On-Sale General - Bar/Tavern,ACTIVE,Tavern Alameda,Andrew Williams,3550 Sunset Rd #439,Fremont,CA,90846,Alameda,(925) 809-2371,2016-12-08,2017-12-08
48-224444,48,On-Sale General - Bar/Tavern,ACTIVE,Tap Room,Christopher Johnson,4489 3rd Rd,Fremont,CA,92564,Alameda,(925) 408-2356,2003-05-28,2004-05-28
48-374322,48,On-Sale General - Bar/Tavern,ACTIVE,OldSaloon Alameda Inc 67,Michael Smith Wilson,6574 Lincoln Pl #656,Berkeley,CA,95113,Alameda,(510) 714-4373,2020-03-22,2021-03-22
48-939372,48,On-Sale General - Bar/Tavern,ACTIVE,Brewery,John Smith,6018 Maple Blvd,Oakland,CA,95970,Alameda,(925) 478-1665,2002-03-25,2003-03-25
48-856943,48,On-Sale General - Bar/Tavern,ACTIVE,Pub,Christopher Jackson,8314 4th Way,Hayward,CA,95475,Alameda,(925) 826-4615,2000-03-26,2001-03-26
48-464791,48,On-Sale General - Bar/Tavern,ACTIVE,TheTavern Alameda LLC 77,Andrew Hernandez,3356 Oak Way,Berkeley,CA,91744,Alameda,(510) 238-8437,2013-06-21,2014-06-21
48-358068,48,On-Sale General - Bar/Tavern,ACTIVE,OldLounge Co 43,Christopher Davis Martinez,4942 Wilshire Ave,Hayward,CA,95882,Alameda,(925) 220-4911,2017-07-08,2018-07-08
48-129757,48,On-Sale General - Bar/Tavern,ACTIVE,NewTap Room Oakland Hills Corp 82,Mark Brown,2267 6th Ct #690,Oakland,CA,91122,Alameda,(510) 941-2608,2011-07-09,2012-07-09
48-247147,48,On-Sale General - Bar/Tavern,ACTIVE,Bar,Anthony Anderson,3478 3rd Ct,Hayward,CA,90960,Alameda,(925) 474-6837,2022-04-21,2023-04-21
48-837612,48,On-Sale General - Bar/Tavern,ACTIVE,ThePub 21,Jennifer Rodriguez,5141 7th Ct #669,Oakland,CA,94631,Alameda,(925) 319-2392,2009-08-21,2010-08-21
48-493534,48,On-Sale General - Bar/Tavern,ACTIVE,NewBrewery Livermore 88,Maria Jackson,9168 Oak St,Livermore,CA,91883,Alameda,(925) 948-8459,2013-07-19,2014-07-19
48-506200,48,On-Sale General - Bar/Tavern,ACTIVE,NewClub Livermore 93,Matthew Taylor,809 Front Dr,Livermore,CA,95515,Alameda,(925) 444-8272,2004-12-02,2005-12-02
48-178826,48,On-Sale General - Bar/Tavern,ACTIVE,OldLounge LLC 98,Paul Martin Martin,9319 Franklin Way,Berkeley,CA,90896,Alameda,(925) 474-5884,2015-05-28,2016-05-28
48-675430,48,On-Sale General - Bar/Tavern,ACTIVE,Lounge Livermore Inc,Maria Rodriguez Davis,7031 Madison Way,Livermore,CA,94425,Alameda,(925) 226-8018,2021-11-13,2022-11-13
48-487439,48,On-Sale General - Bar/Tavern,ACTIVE,Bar Inc 91,Daniel Jones,8691 Lincoln Ln #622,Oakland,CA,94041,Alameda,(510) 232-3402,2022-01-22,2023-01-22
48-386423,48,On-Sale General - Bar/Tavern,ACTIVE,Dive Bar Oakland,Kenneth Rodriguez,7907 Oak Ct #685,Oakland,CA,93002,Alameda,(510) 819-6943,2016-03-01,2017-03-01
48-152954,48,On-Sale General - Bar/Tavern,ACTIVE,Brewery Alameda Corp,Jennifer Brown Lopez,2309 Sunset Blvd,Oakland,CA,95861,Alameda,(510) 365-9768,2024-11-25,2025-11-25
48-107260,48,On-Sale General - Bar/Tavern,ACTIVE,Bar Group,Andrew Brown,8550 5th Dr,Livermore,CA,91250,Alameda,(925) 381-5067,2000-12-11,2001-12-11
48-112577,48,On-Sale General - Bar/Tavern,ACTIVE,Dive Bar Group,Anthony Jackson Lopez,9152 Hollywood Dr #247,Oakland,CA,94851,Alameda,(510) 279-1510,2002-02-16,2003-02-16
48-682410,48,On-Sale General - Bar/Tavern,ACTIVE,Club Corp 84,Michael Davis,3754 7th Way #628,Hayward,CA,91218,Alameda,(925) 888-8732,2019-01-15,2020-01-15
48-493828,48,On-Sale General - Bar/Tavern,ACTIVE,Tap Room Co,David Gonzalez,4757 Hollywood Pl,Oakland,CA,92319,Alameda,(925) 922-8343,2010-06-26,2011-06-26
48-634514,48,On-Sale General - Bar/Tavern,ACTIVE,Lounge,David Davis Anderson,210 Sunset Ct,Hayward,CA,93956,Alameda,(925) 562-2797,2013-10-15,2014-10-15
48-355053,48,On-Sale General - Bar/Tavern,ACTIVE,Brewery Hayward,Mark Martin,549 Maple Ct,Hayward,CA,90411,Alameda,(925) 866-4039,2007-09-22,2008-09-22
48-517833,48,On-Sale General - Bar/Tavern,ACTIVE,NewClub Alameda Corp 67,Christopher Gonzalez,7297 Ocean Ct #832,Livermore,CA,94248,Alameda,(510) 908-6276,2011-11-21,2012-11-21
48-504189,48,On-Sale General - Bar/Tavern,ACTIVE,TheTap Room Group 15,John Anderson Miller,7140 2nd Pl,Fremont,CA,95779,Alameda,(510) 487-5526,2016-12-14,2017-12-14
48-261721,48,On-Sale General - Bar/Tavern,ACTIVE,Nightclub Co,Jennifer Smith,3897 Jefferson Blvd,Berkeley,CA,92553,Alameda,(925) 334-1777,2013-04-11,2014-04-11
48-663567,48,On-Sale General - Bar/Tavern,ACTIVE,Dive Bar,James Williams,1838 7th Pl,Oakland,CA,90787,Alameda,(925) 729-3451,2012-11-25,2013-11-25
48-610516,48,On-Sale General - Bar/Tavern,ACTIVE,Club Alameda,Maria Gonzalez,7283 Sunset Blvd,Berkeley,CA,93744,Alameda,(925) 218-2391,2004-06-23,2005-06-23
48-924605,48,On-Sale General - Bar/Tavern,ACTIVE,TheTap Room Company 54,Michael Wilson,452 5th Blvd,Oakland,CA,93390,Alameda,(925) 805-4336,2008-03-06,2009-03-06
48-524560,48,On-Sale General - Bar/Tavern,ACTIVE,OldClub Alameda 70,Mark Lopez Taylor,9724 Lincoln Ln,Berkeley,CA,93774,Alameda,(925) 804-5312,2022-09-14,2023-09-14
48-399733,48,On-Sale General - Bar/Tavern,ACTIVE,Tap Room,Lisa Gonzalez,5628 Washington Rd,Berkeley,CA,90011,Alameda,(510) 809-1427,2000-02-17,2001-02-17
48-366759,48,On-Sale General - Bar/Tavern,ACTIVE,TheLounge Alameda 77,John Rodriguez,2096 Hollywood Ave,Livermore,CA,93022,Alameda,(510) 743-4934,2015-01-04,2016-01-04
48-241160,48,On-Sale General - Bar/Tavern,ACTIVE,Saloon Alameda LLC,Paul Johnson,8287 3rd Way,Livermore,CA,94710,Alameda,(925) 411-1251,2005-03-16,2006-03-16
48-754363,48,On-Sale General - Bar/Tavern,ACTIVE,NewDive Bar Co 68,Steven Thomas,5009 4th Ct,Berkeley,CA,94584,Alameda,(510) 322-2430,2006-10-09,2007-10-09
48-892314,48,On-Sale General - Bar/Tavern,ACTIVE,NewBar LLC 16,Paul Martinez,2018 Mission Ct,Berkeley,CA,90581,Alameda,(510) 676-1367,2020-07-12,2021-07-12
48-924235,48,On-Sale General - Bar/Tavern,ACTIVE,Dive Bar,Michael Rodriguez,4282 Maple Pl,Hayward,CA,94060,Alameda,(510) 203-8680,2016-05-25,2017-05-25
48-471843,48,On-Sale General - Bar/Tavern,ACTIVE,Bar Alameda LLC,Maria Taylor,1228 4th St,Oakland,CA,90421,Alameda,(510) 561-4252,2023-12-14,2024-12-14
48-250615,48,On-Sale General - Bar/Tavern,ACTIVE,Lounge Inc,Daniel Jackson,5805 Washington Blvd,Fremont,CA,90049,Alameda,(925) 675-5503,2002-12-21,2003-12-21
48-735690,48,On-Sale General - Bar/Tavern,ACTIVE,TheTavern 16,Michael Thomas,2513 Mission Pl #915,Hayward,CA,92618,Alameda,(925) 924-1036,2016-07-22,2017-07-22
48-250961,48,On-Sale General - Bar/Tavern,ACTIVE,Brewery Hayward Corp,Michelle Williams,6820 Broadway Pl,Hayward,CA,96061,Alameda,(925) 575-3593,2001-02-03,2002-02-03
48-214820,48,On-Sale General - Bar/Tavern,ACTIVE,Tavern Group,Maria Garcia,1307 Franklin Dr,Hayward,CA,92958,Alameda,(925) 394-1266,2018-11-09,2019-11-09
48-354421,48,On-Sale General - Bar/Tavern,ACTIVE,Nightclub Alameda,David Smith,3420 Ocean Dr #740,Berkeley,CA,91827,Alameda,(925) 828-6894,2008-01-09,2009-01-09
48-562035,48,On-Sale General - Bar/Tavern,ACTIVE,Tap Room Fremont,Kenneth Davis,547 3rd Pl #258,Fremont,CA,93082,Alameda,(510) 814-9364,2016-12-11,2017-12-11
48-385652,48,On-Sale General - Bar/Tavern,ACTIVE,NewLounge Group 39,David Jackson Gonzalez,3509 Lincoln Rd,Livermore,CA,94283,Alameda,(925) 696-3664,2022-10-24,2023-10-24
48-859945,48,On-Sale General - Bar/Tavern,ACTIVE,Saloon Company,James Garcia,5198 Maple Ct,Oakland,CA,91530,Alameda,(925) 999-2483,2020-06-26,2021-06-26
48-175184,48,On-Sale General - Bar/Tavern,ACTIVE,TheTavern 99,Michael Taylor,1859 Front St #202,Hayward,CA,93638,Alameda,(925) 835-8075,2002-05-12,2003-05-12
48-545675,48,On-Sale General - Bar/Tavern,ACTIVE,Nightclub,David Thomas,567 Market St #566,Livermore,CA,90932,Alameda,(510) 580-7235,2013-12-22,2014-12-22
48-303492,48,On-Sale General - Bar/Tavern,ACTIVE,Pub Group,Michelle Rodriguez,2907 Mission Rd,Berkeley,CA,90647,Alameda,(925) 595-1729,2008-06-09,2009-06-09
48-420391,48,On-Sale General - Bar/Tavern,ACTIVE,NewBrewery Hayward Company 16,Paul Smith Wilson,8745 Washington Rd,Hayward,CA,95866,Alameda,(510) 920-7312,2015-04-23,2016-04-23
48-821193,48,On-Sale General - Bar/Tavern,ACTIVE,OldTavern Livermore 90,Matthew Lopez,6375 State Ave,Livermore,CA,92639,Alameda,(925) 456-7046,2008-02-22,2009-02-22
48-322871,48,On-Sale General - Bar/Tavern,ACTIVE,Tap Room Inc,Robert Martin,3375 Broadway Rd,Livermore,CA,94457,Alameda,(925) 601-3404,2023-08-12,2024-08-12
48-493589,48,On-Sale General - Bar/Tavern,ACTIVE,TheNightclub Berkeley 62,Robert Martinez,9137 Oak Blvd,Berkeley,CA,91995,Alameda,(510) 657-3911,2014-04-06,2015-04-06
48-566573,48,On-Sale General - Bar/Tavern,ACTIVE,Tap Room Hayward Heights,Maria Lopez,3023 Main Ave,Hayward,CA,93797,Alameda,(510) 404-5082,2022-10-20,2023-10-20
48-833423,48,On-Sale General - Bar/Tavern,ACTIVE,Club,John Gonzalez,5671 State Blvd,Fremont,CA,93101,Alameda,(925) 368-3768,2022-06-11,2023-06-11
48-320283,48,On-Sale General - Bar/Tavern,ACTIVE,Club,David Davis,8989 Broadway Ct #442,Livermore,CA,96172,Alameda,(510) 405-3594,2023-02-20,2024-02-20
48-520271,48,On-Sale General - Bar/Tavern,ACTIVE,Tavern LLC,William Jackson Lopez,9368 6th Way,Fremont,CA,91065,Alameda,(925) 664-9727,2001-09-17,2002-09-17
48-796641,48,On-Sale General - Bar/Tavern,ACTIVE,Lounge,Daniel Rodriguez,8689 4th Pl #824,Hayward,CA,92739,Alameda,(510) 460-4651,2020-03-17,2021-03-17
48-507483,48,On-Sale General - Bar/Tavern,ACTIVE,TheClub Inc 51,James Gonzalez,3676 7th Rd,Fremont,CA,90240,Alameda,(510) 997-1089,2007-11-08,2008-11-08
48-508845,48,On-Sale General - Bar/Tavern,ACTIVE,Pub Corp 6,John Davis,6252 Pico Blvd,Livermore,CA,94683,Alameda,(925) 563-6265,2016-05-02,2017-05-02
48-790125,48,On-Sale General - Bar/Tavern,ACTIVE,Pub Alameda Group,Paul Lopez,2627 Hollywood Ave,Livermore,CA,96094,Alameda,(925) 779-8625,2000-10-24,2001-10-24
48-713597,48,On-Sale General - Bar/Tavern,ACTIVE,Nightclub,Michelle Williams,982 2nd Ln #725,Hayward,CA,93845,Alameda,(510) 870-3923,2018-10-28,2019-10-28
48-918808,48,On-Sale General - Bar/Tavern,ACTIVE,Brewery,Michael Taylor,3197 Mission Blvd #971,Hayward,CA,92184,Alameda,(510) 417-7278,2021-01-06,2022-01-06
48-679046,48,On-Sale General - Bar/Tavern,ACTIVE,OldNightclub Company 2,Anthony Anderson,1627 Maple Rd #236,Fremont,CA,95265,Alameda,(925) 734-8821,2010-05-04,2011-05-04
48-533320,48,On-Sale General - Bar/Tavern,ACTIVE,TheTap Room Livermore 22,David Wilson,544 4th Ave #186,Livermore,CA,94223,Alameda,(925) 586-4191,2001-04-10,2002-04-10
48-242560,48,On-Sale General - Bar/Tavern,ACTIVE,Bar Fremont Hills Inc,Lisa Taylor,1277 6th St,Fremont,CA,90804,Alameda,(925) 458-2046,2016-10-12,2017-10-12
48-924030,48,On-Sale General - Bar/Tavern,ACTIVE,Bar Fremont,Mark Gonzalez,2017 4th Ln,Fremont,CA,94745,Alameda,(925) 642-1362,2013-03-17,2014-03-17
48-379687,48,On-Sale General - Bar/Tavern,ACTIVE,Nightclub Co,Mark Hernandez,4105 Washington Dr,Oakland,CA,92068,Alameda,(510) 682-2379,2004-02-06,2005-02-06
48-472454,48,On-Sale General - Bar/Tavern,ACTIVE,TheDive Bar Livermore Hills 21,Robert Thomas,5462 Pico Blvd #871,Livermore,CA,90441,Alameda,(925) 714-1695,2011-08-19,2012-08-19
48-587715,48,On-Sale General - Bar/Tavern,ACTIVE,Brewery Oakland Hills LLC,Andrew Miller,5910 Franklin Ct,Oakland,CA,94594,Alameda,(925) 996-3514,2014-04-04,2015-04-04
48-553228,48,On-Sale General - Bar/Tavern,ACTIVE,Dive Bar Hayward Heights,Paul Jones,1582 State Ln,Hayward,CA,91201,Alameda,(925) 641-7798,2019-01-16,2020-01-16
48-964333,48,On-Sale General - Bar/Tavern,ACTIVE,Bar,Daniel Moore,3800 Maple Ave #870,Hayward,CA,94950,Alameda,(510) 764-7958,2001-08-14,2002-08-14
48-336505,48,On-Sale General - Bar/Tavern,ACTIVE,Pub Group,William Moore,8999 3rd Ln,Oakland,CA,90893,Alameda,(510) 990-1638,2017-10-04,2018-10-04
48-774338,48,On-Sale General - Bar/Tavern,ACTIVE,Lounge Fremont Inc,Kenneth Thomas,3401 Jefferson Blvd,Fremont,CA,94419,Alameda,(925) 227-1878,2021-05-09,2022-05-09
48-693115,48,On-Sale General - Bar/Tavern,ACTIVE,Tavern Company,Robert Wilson,8704 Jefferson St,Livermore,CA,92886,Alameda,(925) 776-1622,2002-11-20,2003-11-20
48-758013,48,On-Sale General - Bar/Tavern,ACTIVE,OldBar 31,Paul Johnson,8293 4th Pl,Fremont,CA,90596,Alameda,(925) 648-4947,2010-12-11,2011-12-11
48-645870,48,On-Sale General - Bar/Tavern,ACTIVE,Nightclub Fremont Company 63,Daniel Thomas,7400 Washington St,Fremont,CA,94059,Alameda,(925) 451-2200,2022-08-25,2023-08-25
48-326178,48,On-Sale General - Bar/Tavern,ACTIVE,Pub,Mark Martin,6736 1st Way,Hayward,CA,93425,Alameda,(510) 552-6670,2005-07-11,2006-07-11
48-849775,48,On-Sale General - Bar/Tavern,ACTIVE,TheDive Bar Alameda 41,James Martin,7712 Maple Rd #333,Fremont,CA,95191,Alameda,(510) 575-1234,2002-12-03,2003-12-03
48-567228,48,On-Sale General - Bar/Tavern,ACTIVE,Tap Room Oakland Heights Corp,John Hernandez,1247 Franklin Rd,Oakland,CA,92131,Alameda,(925) 247-9610,2016-08-08,2017-08-08
48-386034,48,On-Sale General - Bar/Tavern,ACTIVE,Tap Room Group,Daniel Hernandez,5046 State Pl #428,Berkeley,CA,90669,Alameda,(925) 404-8623,2020-03-11,2021-03-11
48-391726,48,On-Sale General - Bar/Tavern,ACTIVE,Lounge Alameda,Maria Miller,9654 4th Rd,Berkeley,CA,90922,Alameda,(925) 940-1715,2008-04-10,2009-04-10
48-512845,48,On-Sale General - Bar/Tavern,ACTIVE,Club Livermore 33,James Johnson,1322 Wilshire Rd,Livermore,CA,90114,Alameda,(925) 969-5570,2009-08-27,2010-08-27
48-677169,48,On-Sale General - Bar/Tavern,ACTIVE,Tap Room,Paul Garcia Jackson,746 2nd Blvd,Oakland,CA,91111,Alameda,(510) 403-5781,2002-10-24,2003-10-24
48-969570,48,On-Sale General - Bar/Tavern,ACTIVE,OldLounge Fremont Corp 88,Paul Taylor,2413 2nd Pl,Fremont,CA,90811,Alameda,(925) 391-5234,2007-02-04,2008-02-04
48-345306,48,On-Sale General - Bar/Tavern,ACTIVE,Nightclub Livermore Hills,Steven Hernandez Lopez,3999 Pico Ln,Livermore,CA,92704,Alameda,(510) 932-8818,2005-04-24,2006-04-24
48-488039,48,On-Sale General - Bar/Tavern,ACTIVE,Dive Bar Hayward Inc,David Martinez,7312 Washington Pl,Hayward,CA,94261,Alameda,(510) 698-8396,2001-07-14,2002-07-14
48-142680,48,On-Sale General - Bar/Tavern,ACTIVE,OldBrewery Berkeley Inc 19,John Williams,5384 Franklin Pl #852,Berkeley,CA,95238,Alameda,(925) 381-5974,2003-07-05,2004-07-05
48-338310,48,On-Sale General - Bar/Tavern,ACTIVE,Tavern Alameda,Jennifer Garcia,1108 Broadway Dr,Fremont,CA,93377,Alameda,(510) 441-6177,2019-12-11,2020-12-11
48-391484,48,On-Sale General - Bar/Tavern,ACTIVE,Tavern Oakland Hills Company,James Miller Johnson,6223 State Blvd #688,Oakland,CA,94442,Alameda,(510) 901-4196,2007-11-05,2008-11-05
20-467969,20,Off-Sale Beer & Wine,ACTIVE,OldBottle Shop Group 85,Maria Smith,1087 4th Pl,Berkeley,CA,95343,Alameda,(510) 935-7244,2015-07-25,2016-07-25
20-255230,20,Off-Sale Beer & Wine,ACTIVE,Convenience Store Alameda Inc,John Hernandez Jackson,4479 Ocean St,Livermore,CA,95170,Alameda,(925) 661-9032,2018-01-09,2019-01-09
20-611360,20,Off-Sale Beer & Wine,ACTIVE,Wine Shop Livermore,Lisa Jones,126 Franklin Ct #697,Livermore,CA,93175,Alameda,(510) 710-8241,2023-03-04,2024-03-04
20-630538,20,Off-Sale Beer & Wine,ACTIVE,Corner Store Inc 70,Mark Martinez,4044 3rd Ln #908,Hayward,CA,90359,Alameda,(510) 974-9670,2012-12-11,2013-12-11
20-906913,20,Off-Sale Beer & Wine,ACTIVE,Grocery Livermore,John Hernandez,5034 Maple Ct,Livermore,CA,91841,Alameda,(510) 637-4633,2003-03-01,2004-03-01
20-603190,20,Off-Sale Beer & Wine,ACTIVE,Market,Andrew Jones,2552 State Dr,Oakland,CA,93477,Alameda,(510) 832-9021,2005-07-08,2006-07-08
20-701114,20,Off-Sale Beer & Wine,ACTIVE,OldBottle Shop Alameda Corp 30,Maria Miller,2562 Front Blvd,Fremont,CA,90791,Alameda,(925) 229-7117,2016-11-04,2017-11-04
20-549879,20,Off-Sale Beer & Wine,ACTIVE,Bottle Shop Co,Michael Garcia,1135 Lincoln Pl,Fremont,CA,90402,Alameda,(510) 423-9208,2024-06-05,2025-06-05
20-876191,20,Off-Sale Beer & Wine,ACTIVE,Mini Mart Group,Steven Gonzalez,7011 4th Ct,Livermore,CA,95820,Alameda,(510) 413-7310,2015-11-07,2016-11-07
20-954524,20,Off-Sale Beer & Wine,ACTIVE,Grocery Fremont Heights Inc,Steven Moore,4451 Sunset Ave #939,Fremont,CA,94585,Alameda,(510) 725-1813,2017-09-20,2018-09-20
20-418272,20,Off-Sale Beer & Wine,ACTIVE,Mini Mart,Jennifer Thomas,7620 Market Ave #850,Hayward,CA,95341,Alameda,(925) 620-9170,2013-05-16,2014-05-16
20-118598,20,Off-Sale Beer & Wine,ACTIVE,Liquor Store Oakland Co,Maria Smith,6996 Maple Way,Oakland,CA,93664,Alameda,(510) 567-2006,2001-09-03,2002-09-03
20-840399,20,Off-Sale Beer & Wine,ACTIVE,Corner Store Alameda,Matthew Hernandez Smith,1761 Market Dr,Livermore,CA,94601,Alameda,(510) 629-8613,2006-08-28,2007-08-28
20-410592,20,Off-Sale Beer & Wine,ACTIVE,OldBottle Shop Fremont Valley 4,Jennifer Johnson,2141 Lincoln Pl,Fremont,CA,91869,Alameda,(925) 872-9026,2015-04-20,2016-04-20
20-376906,20,Off-Sale Beer & Wine,ACTIVE,Grocery Alameda LLC,Lisa Miller Johnson,3227 Mission Way,Livermore,CA,93274,Alameda,(510) 615-9072,2010-07-06,2011-07-06
20-637640,20,Off-Sale Beer & Wine,ACTIVE,Bottle Shop Company,Maria Davis Wilson,2673 Broadway Blvd #947,Hayward,CA,94372,Alameda,(925) 296-5522,2006-06-12,2007-06-12
20-556100,20,Off-Sale Beer & Wine,ACTIVE,Convenience Store Inc,Steven Rodriguez Smith,6112 Franklin Rd,Hayward,CA,94793,Alameda,(510) 939-5350,2017-11-04,2018-11-04
20-866357,20,Off-Sale Beer & Wine,ACTIVE,Grocery Inc,Daniel Anderson,2697 Front Ct,Livermore,CA,90067,Alameda,(510) 790-6178,2020-12-07,2021-12-07
20-339615,20,Off-Sale Beer & Wine,ACTIVE,TheCorner Store Corp 66,Michelle Moore Rodriguez,1718 Madison Blvd,Oakland,CA,95019,Alameda,(925) 937-2535,2016-06-19,2017-06-19
20-357705,20,Off-Sale Beer & Wine,ACTIVE,Grocery Alameda,Lisa Johnson,3224 Jefferson Ave,Berkeley,CA,90485,Alameda,(510) 635-1739,2002-11-17,2003-11-17
20-739410,20,Off-Sale Beer & Wine,ACTIVE,Bottle Shop Alameda,James Lopez Jones,3623 Pico Rd #415,Hayward,CA,92843,Alameda,(925) 229-1808,2006-02-16,2007-02-16
20-134002,20,Off-Sale Beer & Wine,ACTIVE,Mini Mart Hayward Group,James Jones,8118 2nd Ln,Hayward,CA,91211,Alameda,(510) 877-4764,2021-03-02,2022-03-02
20-903021,20,Off-Sale Beer & Wine,ACTIVE,NewConvenience Store LLC 28,Matthew Anderson,4150 7th Ave,Oakland,CA,91334,Alameda,(510) 995-2216,2009-10-28,2010-10-28
20-808333,20,Off-Sale Beer & Wine,ACTIVE,Market,James Lopez,1170 Jefferson St,Hayward,CA,95270,Alameda,(925) 328-6197,2024-10-12,2025-10-12
20-891391,20,Off-Sale Beer & Wine,ACTIVE,Convenience Store Hayward,Kenneth Hernandez,9563 Oak Ct #508,Hayward,CA,95166,Alameda,(925) 641-1562,2015-12-22,2016-12-22
20-424600,20,Off-Sale Beer & Wine,ACTIVE,Bottle Shop LLC,Daniel Martin,1053 Ocean Blvd,Fremont,CA,91169,Alameda,(510) 417-2397,2018-03-27,2019-03-27
20-833128,20,Off-Sale Beer & Wine,ACTIVE,Liquor Store Livermore Company,Michelle Miller,8120 Wilshire Rd,Livermore,CA,95927,Alameda,(925) 568-2545,2003-10-24,2004-10-24
20-645083,20,Off-Sale Beer & Wine,ACTIVE,Mini Mart Company,James Brown,673 Washington Dr,Oakland,CA,95254,Alameda,(925) 933-7904,2021-04-23,2022-04-23
20-244215,20,Off-Sale Beer & Wine,ACTIVE,Mini Mart Hayward Company,Matthew Anderson,7314 Ocean Dr,Hayward,CA,94609,Alameda,(925) 417-9815,2017-12-24,2018-12-24
20-889530,20,Off-Sale Beer & Wine,ACTIVE,NewConvenience Store 54,Steven Davis,8592 5th Way,Hayward,CA,90781,Alameda,(510) 513-5392,2023-06-11,2024-06-11
20-253981,20,Off-Sale Beer & Wine,ACTIVE,Bottle Shop Alameda Group,Christopher Lopez Davis,9143 Hollywood Pl,Oakland,CA,94740,Alameda,(510) 321-7625,2011-11-09,2012-11-09
20-762252,20,Off-Sale Beer & Wine,ACTIVE,Mini Mart Alameda,Steven Wilson,3514 Hollywood Dr,Oakland,CA,95256,Alameda,(925) 514-4011,2022-11-06,2023-11-06
20-891680,20,Off-Sale Beer & Wine,ACTIVE,Liquor Store Livermore,Paul Smith Gonzalez,1518 Maple Ave #564,Livermore,CA,94287,Alameda,(925) 982-9880,2009-03-14,2010-03-14
20-901906,20,Off-Sale Beer & Wine,ACTIVE,NewLiquor Store 60,Paul Johnson,8673 Pico St,Hayward,CA,94423,Alameda,(925) 847-1735,2002-07-23,2003-07-23
20-253061,20,Off-Sale Beer & Wine,ACTIVE,Market LLC,Christopher Hernandez,1141 1st St,Oakland,CA,93967,Alameda,(925) 400-5924,2007-01-02,2008-01-02
20-531572,20,Off-Sale Beer & Wine,ACTIVE,Corner Store Alameda,Andrew Smith,6674 1st Way,Fremont,CA,90722,Alameda,(510) 829-9483,2000-07-16,2001-07-16
20-793852,20,Off-Sale Beer & Wine,ACTIVE,Corner Store Oakland,Anthony Lopez,7607 3rd Rd,Oakland,CA,90061,Alameda,(925) 743-5601,2000-12-22,2001-12-22
20-266836,20,Off-Sale Beer & Wine,ACTIVE,OldGrocery Hayward 93,Michelle Wilson,5398 7th Blvd,Hayward,CA,93053,Alameda,(510) 494-4291,2004-02-19,2005-02-19
20-984611,20,Off-Sale Beer & Wine,ACTIVE,Wine Shop Hayward Group,Christopher Garcia,9138 Pico Blvd #276,Hayward,CA,95047,Alameda,(510) 434-3703,2010-02-18,2011-02-18
20-836705,20,Off-Sale Beer & Wine,ACTIVE,Mini Mart Alameda,Kenneth Johnson,9605 6th Pl,Berkeley,CA,92127,Alameda,(510) 981-9427,2013-10-27,2014-10-27
20-392223,20,Off-Sale Beer & Wine,ACTIVE,Corner Store Hayward Group,Daniel Rodriguez,3096 Sunset Ct,Hayward,CA,93003,Alameda,(925) 747-4825,2013-09-21,2014-09-21
20-397524,20,Off-Sale Beer & Wine,ACTIVE,Bottle Shop Oakland Co,James Gonzalez,2656 7th Blvd #170,Oakland,CA,93798,Alameda,(510) 953-8057,2007-03-05,2008-03-05
20-625977,20,Off-Sale Beer & Wine,ACTIVE,TheConvenience Store Company 52,Michelle Miller,2152 Sunset Way #348,Oakland,CA,93862,Alameda,(925) 504-3473,2011-11-11,2012-11-11
20-751394,20,Off-Sale Beer & Wine,ACTIVE,Convenience Store,Matthew Smith Davis,7804 Lincoln Ct,Oakland,CA,92043,Alameda,(925) 559-6412,2020-08-26,2021-08-26
20-579344,20,Off-Sale Beer & Wine,ACTIVE,TheCorner Store Oakland Group 30,Daniel Martinez,1378 Sunset Way,Oakland,CA,93810,Alameda,(925) 253-6658,2000-06-05,2001-06-05
20-136913,20,Off-Sale Beer & Wine,ACTIVE,OldCorner Store Berkeley Hills 8,Kenneth Thomas,1798 Pico Ct,Berkeley,CA,93153,Alameda,(510) 742-8867,2002-10-24,2003-10-24
20-350944,20,Off-Sale Beer & Wine,ACTIVE,TheMini Mart Alameda 85,Robert Jackson Jones,5606 3rd St,Livermore,CA,94131,Alameda,(510) 925-5965,2017-11-09,2018-11-09
20-726693,20,Off-Sale Beer & Wine,ACTIVE,Mini Mart,Michael Thomas Gonzalez,9762 Madison Ct,Oakland,CA,94320,Alameda,(925) 455-8500,2014-01-03,2015-01-03
20-840341,20,Off-Sale Beer & Wine,ACTIVE,Wine Shop Livermore,Andrew Jones,6573 Mission St #851,Livermore,CA,92326,Alameda,(510) 241-1093,2001-12-11,2002-12-11
20-664109,20,Off-Sale Beer & Wine,ACTIVE,NewLiquor Store LLC 68,John Jackson,3165 Ocean Way,Berkeley,CA,91723,Alameda,(510) 592-8071,2018-09-04,2019-09-04
20-718192,20,Off-Sale Beer & Wine,ACTIVE,Market Fremont,Lisa Martinez,8795 6th Ln #101,Fremont,CA,90331,Alameda,(925) 248-3145,2012-04-15,2013-04-15
20-476064,20,Off-Sale Beer & Wine,ACTIVE,Wine Shop Inc,Michael Taylor,6795 1st Way,Berkeley,CA,94856,Alameda,(925) 544-8427,2014-06-24,2015-06-24
20-100701,20,Off-Sale Beer & Wine,ACTIVE,Grocery Corp,Michael Thomas,5793 Ocean Ln #116,Livermore,CA,94778,Alameda,(925) 620-6109,2003-01-05,2004-01-05
20-864484,20,Off-Sale Beer & Wine,ACTIVE,Wine Shop Alameda Corp 93,William Martin,9096 4th Way,Hayward,CA,91880,Alameda,(510) 343-3012,2021-07-08,2022-07-08
20-375363,20,Off-Sale Beer & Wine,ACTIVE,Bottle Shop Fremont Company,David Brown,8151 6th Ln,Fremont,CA,95252,Alameda,(510) 609-9255,2013-03-07,2014-03-07
20-560100,20,Off-Sale Beer & Wine,ACTIVE,Market Fremont,William Moore,2077 Main Ave,Fremont,CA,92797,Alameda,(510) 490-5207,2023-09-20,2024-09-20
20-679693,20,Off-Sale Beer & Wine,ACTIVE,Mini Mart,James Lopez,8233 Maple Dr #804,Hayward,CA,95201,Alameda,(925) 590-6623,2015-09-14,2016-09-14
20-181976,20,Off-Sale Beer & Wine,ACTIVE,Corner Store 8,Michelle Thomas,2296 Broadway St,Livermore,CA,93263,Alameda,(510) 601-9840,2005-12-07,2006-12-07
20-921010,20,Off-Sale Beer & Wine,ACTIVE,Liquor Store,Jennifer Wilson,9891 4th Ave #703,Fremont,CA,92375,Alameda,(510) 887-4888,2000-02-12,2001-02-12
20-288775,20,Off-Sale Beer & Wine,ACTIVE,Convenience Store Alameda,Christopher Jones,1733 Jefferson Pl,Fremont,CA,94715,Alameda,(510) 258-2098,2005-05-11,2006-05-11
20-767131,20,Off-Sale Beer & Wine,ACTIVE,Corner Store,Michelle Johnson,421 Wilshire Way,Hayward,CA,92661,Alameda,(510) 385-6600,2011-12-13,2012-12-13
20-262946,20,Off-Sale Beer & Wine,ACTIVE,Wine Shop Fremont Co,Robert Garcia,6427 Sunset St,Fremont,CA,92512,Alameda,(925) 887-2615,2017-09-18,2018-09-18
20-363036,20,Off-Sale Beer & Wine,ACTIVE,TheMini Mart 35,Lisa Smith,7338 Washington Ave #655,Berkeley,CA,93834,Alameda,(925) 714-6139,2004-12-20,2005-12-20
20-946906,20,Off-Sale Beer & Wine,ACTIVE,Bottle Shop Co,Kenneth Smith,2449 Hollywood St,Hayward,CA,94692,Alameda,(510) 436-3551,2000-03-12,2001-03-12
20-716248,20,Off-Sale Beer & Wine,ACTIVE,TheBottle Shop Fremont Co 5,James Miller,7902 Broadway St,Fremont,CA,91079,Alameda,(925) 852-7946,2015-12-12,2016-12-12
20-352830,20,Off-Sale Beer & Wine,ACTIVE,TheBottle Shop 18,Jennifer Thomas,492 Wilshire Ct #904,Fremont,CA,94107,Alameda,(510) 570-4608,2022-09-07,2023-09-07
20-527455,20,Off-Sale Beer & Wine,ACTIVE,OldBottle Shop Alameda 57,Michael Anderson,9157 3rd Blvd,Hayward,CA,92083,Alameda,(510) 566-7652,2024-05-19,2025-05-19
20-966089,20,Off-Sale Beer & Wine,ACTIVE,Wine Shop Alameda LLC,Michelle Martinez Jackson,7276 5th Ave,Livermore,CA,90762,Alameda,(510) 811-2187,2007-04-14,2008-04-14
20-382422,20,Off-Sale Beer & Wine,ACTIVE,NewMini Mart Fremont Hills LLC 51,Paul Smith Jones,2676 Sunset Blvd,Fremont,CA,91894,Alameda,(510) 672-3170,2017-04-02,2018-04-02
20-931054,20,Off-Sale Beer & Wine,ACTIVE,OldBottle Shop Inc 91,David Thomas,5189 4th Blvd,Oakland,CA,93269,Alameda,(510) 403-2422,2010-03-08,2011-03-08
20-493295,20,Off-Sale Beer & Wine,ACTIVE,Corner Store Inc,Steven Miller,8647 Jefferson Pl,Hayward,CA,92973,Alameda,(925) 871-2828,2014-07-24,2015-07-24
20-264796,20,Off-Sale Beer & Wine,ACTIVE,Wine Shop Oakland,Michelle Martinez,8415 Mission Ave,Oakland,CA,93293,Alameda,(925) 435-1581,2004-03-23,2005-03-23
20-565594,20,Off-Sale Beer & Wine,ACTIVE,Market Alameda,Maria Taylor,242 Oak Ln,Fremont,CA,90999,Alameda,(510) 805-4443,2013-04-19,2014-04-19
20-126131,20,Off-Sale Beer & Wine,ACTIVE,Bottle Shop Alameda,Anthony Lopez,3696 Main Dr #396,Berkeley,CA,95594,Alameda,(925) 803-5807,2024-09-13,2025-09-13
20-989137,20,Off-Sale Beer & Wine,ACTIVE,Market Alameda,Steven Williams,8086 Oak Blvd #604,Hayward,CA,91175,Alameda,(510) 201-2084,2008-12-26,2009-12-26
20-859250,20,Off-Sale Beer & Wine,ACTIVE,Convenience Store Alameda Inc,Kenneth Garcia,6459 Jefferson Ct,Livermore,CA,93120,Alameda,(510) 648-8993,2007-08-15,2008-08-15
20-971844,20,Off-Sale Beer & Wine,ACTIVE,Mini Mart Alameda Corp 60,Matthew Jones,286 Oak St,Livermore,CA,93587,Alameda,(925) 488-9070,2012-06-12,2013-06-12
20-404438,20,Off-Sale Beer & Wine,ACTIVE,OldConvenience Store 4,Robert Williams,4510 State Ave,Fremont,CA,90994,Alameda,(510) 778-1572,2007-03-24,2008-03-24
20-408424,20,Off-Sale Beer & Wine,ACTIVE,Corner Store Berkeley Heights,Robert Wilson Anderson,694 Mission Pl #114,Berkeley,CA,93503,Alameda,(510) 398-9225,2001-12-21,2002-12-21
20-455994,20,Off-Sale Beer & Wine,ACTIVE,Mini Mart Group,Andrew Gonzalez,8469 Pico Blvd,Fremont,CA,91327,Alameda,(925) 886-8369,2011-01-23,2012-01-23
20-699115,20,Off-Sale Beer & Wine,ACTIVE,Convenience Store Oakland Group,David Davis,514 Pico St #119,Oakland,CA,92062,Alameda,(925) 446-1630,2010-02-19,2011-02-19
20-786021,20,Off-Sale Beer & Wine,ACTIVE,Bottle Shop Fremont Group,Kenneth Lopez,9775 2nd St,Fremont,CA,90826,Alameda,(925) 693-9914,2023-04-04,2024-04-04
20-553618,20,Off-Sale Beer & Wine,ACTIVE,NewMini Mart LLC 39,Jennifer Jones,7610 Sunset Ave,Hayward,CA,93607,Alameda,(510) 880-7689,2013-10-26,2014-10-26
20-288139,20,Off-Sale Beer & Wine,ACTIVE,OldCorner Store LLC 21,John Jackson Gonzalez,8217 1st Rd #653,Fremont,CA,91967,Alameda,(510) 445-7936,2024-07-22,2025-07-22
20-213075,20,Off-Sale Beer & Wine,ACTIVE,Market Fremont,Andrew Martin,6591 Ocean St,Fremont,CA,94980,Alameda,(510) 890-4077,2019-12-22,2020-12-22
20-369786,20,Off-Sale Beer & Wine,ACTIVE,Convenience Store Corp,Mark Williams,4046 State Way,Livermore,CA,91600,Alameda,(925) 698-1660,2007-02-06,2008-02-06
20-678348,20,Off-Sale Beer & Wine,ACTIVE,Grocery Group,Daniel Anderson,3584 5th Ave #383,Livermore,CA,91515,Alameda,(510) 784-7520,2000-10-06,2001-10-06
20-879029,20,Off-Sale Beer & Wine,ACTIVE,Corner Store Alameda,Michael Miller Thomas,8476 Pico Ct,Oakland,CA,91202,Alameda,(925) 929-5859,2023-06-13,2024-06-13
20-976128,20,Off-Sale Beer & Wine,ACTIVE,Grocery Fremont Group 35,Robert Hernandez Taylor,8423 2nd Rd #312,Fremont,CA,95842,Alameda,(925) 536-4030,2012-11-10,2013-11-10
20-634247,20,Off-Sale Beer & Wine,ACTIVE,OldMarket Livermore 1,Anthony Wilson,9098 Lincoln Rd #341,Livermore,CA,91324,Alameda,(510) 868-6281,2020-09-19,2021-09-19
20-956652,20,Off-Sale Beer & Wine,ACTIVE,Wine Shop Berkeley Heights Group,Robert Williams Williams,8098 Ocean Blvd #642,Berkeley,CA,90481,Alameda,(510) 244-3366,2015-07-14,2016-07-14
20-501584,20,Off-Sale Beer & Wine,ACTIVE,Mini Mart Oakland Heights,Christopher Martin Martin,6393 1st Ct,Oakland,CA,93835,Alameda,(925) 316-5945,2009-12-05,2010-12-05
20-619654,20,Off-Sale Beer & Wine,ACTIVE,OldMini Mart Oakland Group 100,Lisa Garcia,594 Pico Way,Oakland,CA,94861,Alameda,(925) 899-1187,2020-07-22,2021-07-22
20-341108,20,Off-Sale Beer & Wine,ACTIVE,Corner Store Berkeley Heights Corp,Christopher Lopez,3368 6th Ct,Berkeley,CA,94519,Alameda,(925) 279-3270,2013-10-14,2014-10-14
20-617912,20,Off-Sale Beer & Wine,ACTIVE,Corner Store Oakland,Daniel Martinez Wilson,2295 Wilshire Blvd #380,Oakland,CA,95441,Alameda,(510) 437-2799,2020-09-09,2021-09-09
20-121678,20,Off-Sale Beer & Wine,ACTIVE,Market,Daniel Rodriguez,7159 3rd Rd,Fremont,CA,93175,Alameda,(925) 482-7485,2010-06-04,2011-06-04
20-197784,20,Off-Sale Beer & Wine,ACTIVE,Bottle Shop Hayward Valley,Daniel Smith Williams,8312 Maple St,Hayward,CA,95489,Alameda,(510) 969-7554,2007-07-21,2008-07-21
20-862548,20,Off-Sale Beer & Wine,ACTIVE,NewGrocery Group 32,Christopher Rodriguez,8068 Oak Pl,Hayward,CA,92814,Alameda,(510) 918-1223,2024-03-06,2025-03-06
20-649107,20,Off-Sale Beer & Wine,ACTIVE,Corner Store Alameda Inc,James Martinez Johnson,2446 State Pl,Berkeley,CA,95042,Alameda,(510) 923-4689,2009-10-01,2010-10-01
20-698195,20,Off-Sale Beer & Wine,ACTIVE,Bottle Shop 71,Jennifer Wilson,5987 3rd Ct,Livermore,CA,92175,Alameda,(510) 679-8041,2009-11-03,2010-11-03
20-487677,20,Off-Sale Beer & Wine,ACTIVE,Wine Shop Group,Maria Rodriguez,8686 State Blvd #406,Fremont,CA,90973,Alameda,(925) 919-2479,2017-12-06,2018-12-06
20-697121,20,Off-Sale Beer & Wine,ACTIVE,Corner Store Alameda Co 72,James Johnson,6028 Market Ave,Berkeley,CA,90504,Alameda,(510) 467-3055,2017-12-12,2018-12-12
20-710412,20,Off-Sale Beer & Wine,ACTIVE,Wine Shop Co,William Hernandez,5362 7th Ln,Livermore,CA,95983,Alameda,(925) 254-7828,2019-02-15,2020-02-15
20-924958,20,Off-Sale Beer & Wine,ACTIVE,Wine Shop Group,Michael Gonzalez,5390 2nd Pl #864,Fremont,CA,93834,Alameda,(510) 664-3932,2010-02-26,2011-02-26
20-117693,20,Off-Sale Beer & Wine,ACTIVE,Liquor Store Berkeley,William Moore,8172 Wilshire Ln,Berkeley,CA,90165,Alameda,(510) 427-1797,2014-08-03,2015-08-03
20-538755,20,Off-Sale Beer & Wine,ACTIVE,Mini Mart,Matthew Jackson,6873 Madison Ln,Oakland,CA,90031,Alameda,(510) 627-3290,2008-03-02,2009-03-02
20-427020,20,Off-Sale Beer & Wine,ACTIVE,Convenience Store Berkeley Hills,James Williams,9005 Jefferson Ct #944,Berkeley,CA,92694,Alameda,(925) 993-4678,2007-11-11,2008-11-11
20-749868,20,Off-Sale Beer & Wine,ACTIVE,Convenience Store Alameda LLC,Daniel Martin,3802 7th Blvd,Berkeley,CA,91691,Alameda,(510) 762-4620,2024-07-28,2025-07-28
20-193318,20,Off-Sale Beer & Wine,ACTIVE,Mini Mart Berkeley,Anthony Garcia,8574 3rd St,Berkeley,CA,92877,Alameda,(925) 728-4349,2007-11-04,2008-11-04
20-514213,20,Off-Sale Beer & Wine,ACTIVE,NewConvenience Store Group 91,Steven Smith,7745 Washington Ave,Fremont,CA,94790,Alameda,(510) 772-6319,2024-07-28,2025-07-28
20-457175,20,Off-Sale Beer & Wine,ACTIVE,Bottle Shop,Anthony Hernandez Martin,5915 2nd St,Berkeley,CA,91019,Alameda,(925) 828-1909,2009-09-07,2010-09-07
20-847059,20,Off-Sale Beer & Wine,ACTIVE,Grocery Alameda,Daniel Hernandez,7248 Main Rd,Livermore,CA,95112,Alameda,(925) 250-2612,2021-07-25,2022-07-25
20-831948,20,Off-Sale Beer & Wine,ACTIVE,TheMarket Corp 24,Michael Anderson,8701 Maple Pl #985,Oakland,CA,95190,Alameda,(510) 525-3364,2023-06-01,2024-06-01
20-126780,20,Off-Sale Beer & Wine,ACTIVE,OldLiquor Store 100,David Anderson,8538 Lincoln Ln,Hayward,CA,95905,Alameda,(925) 424-1002,2002-04-19,2003-04-19
20-263318,20,Off-Sale Beer & Wine,ACTIVE,Convenience Store Berkeley Valley,Andrew Moore,3299 Oak Way #348,Berkeley,CA,95313,Alameda,(925) 652-2580,2022-07-21,2023-07-21
20-480315,20,Off-Sale Beer & Wine,ACTIVE,Mini Mart,Andrew Thomas,8958 Hollywood Ln,Fremont,CA,91907,Alameda,(510) 437-9107,2022-10-04,2023-10-04
20-615969,20,Off-Sale Beer & Wine,ACTIVE,Mini Mart LLC 51,Matthew Taylor,5381 State Way #452,Oakland,CA,90936,Alameda,(510) 339-9860,2020-02-13,2021-02-13
20-983242,20,Off-Sale Beer & Wine,ACTIVE,Grocery Livermore,Andrew Wilson Miller,5644 4th Blvd #418,Livermore,CA,90414,Alameda,(510) 559-9930,2018-10-11,2019-10-11
20-721002,20,Off-Sale Beer & Wine,ACTIVE,Liquor Store Livermore Valley Co,Kenneth Lopez,7985 Lincoln Rd,Livermore,CA,93529,Alameda,(510) 525-7057,2002-10-04,2003-10-04
20-738423,20,Off-Sale Beer & Wine,ACTIVE,Bottle Shop LLC,James Garcia Garcia,6137 Wilshire Ave,Hayward,CA,90386,Alameda,(925) 421-6993,2014-09-05,2015-09-05
20-100214,20,Off-Sale Beer & Wine,ACTIVE,Mini Mart Fremont,John Taylor,484 Main Ln #551,Fremont,CA,92273,Alameda,(510) 722-1879,2013-06-01,2014-06-01
20-986404,20,Off-Sale Beer & Wine,ACTIVE,Market Inc,James Smith,3498 Franklin St,Livermore,CA,91348,Alameda,(925) 940-3970,2010-02-14,2011-02-14
20-156275,20,Off-Sale Beer & Wine,ACTIVE,Liquor Store Co,Maria Gonzalez Martinez,5126 Market Ave,Fremont,CA,93007,Alameda,(925) 886-3455,2022-02-18,2023-02-18
20-727814,20,Off-Sale Beer & Wine,ACTIVE,NewMini Mart Alameda 97,Robert Anderson,8901 Mission Rd #671,Hayward,CA,91691,Alameda,(510) 609-5536,2010-03-16,2011-03-16
20-136083,20,Off-Sale Beer & Wine,ACTIVE,Bottle Shop Co,Lisa Johnson,8521 Washington Ave,Fremont,CA,93874,Alameda,(510) 969-9082,2024-05-12,2025-05-12
20-987970,20,Off-Sale Beer & Wine,ACTIVE,Bottle Shop LLC,Michelle Rodriguez,692 Main Rd,Oakland,CA,90185,Alameda,(925) 455-4548,2003-01-04,2004-01-04
20-503827,20,Off-Sale Beer & Wine,ACTIVE,Market Alameda Corp,Christopher Martin,5568 4th Rd #150,Livermore,CA,92095,Alameda,(510) 432-2308,2008-07-01,2009-07-01
20-109324,20,Off-Sale Beer & Wine,ACTIVE,Convenience Store Oakland,John Taylor Martin,1603 6th Way,Oakland,CA,93381,Alameda,(510) 329-5080,2023-10-13,2024-10-13
20-604299,20,Off-Sale Beer & Wine,ACTIVE,Grocery Fremont,John Martin,7644 Sunset Way #622,Fremont,CA,96035,Alameda,(510) 212-8265,2000-10-08,2001-10-08
20-711693,20,Off-Sale Beer & Wine,ACTIVE,Convenience Store 28,Andrew Martinez,1546 Washington Blvd,Oakland,CA,94158,Alameda,(510) 584-3841,2015-09-17,2016-09-17
20-572616,20,Off-Sale Beer & Wine,ACTIVE,Market Alameda LLC,Andrew Martin,8192 2nd Pl,Berkeley,CA,91556,Alameda,(925) 688-6131,2009-11-03,2010-11-03
20-366425,20,Off-Sale Beer & Wine,ACTIVE,Market Inc,Daniel Davis,9477 1st Way,Oakland,CA,90511,Alameda,(510) 961-5650,2021-08-09,2022-08-09
20-239875,20,Off-Sale Beer & Wine,ACTIVE,Grocery Inc,Matthew Garcia,8307 1st St,Livermore,CA,94348,Alameda,(925) 826-9559,2018-03-25,2019-03-25
20-588567,20,Off-Sale Beer & Wine,ACTIVE,Corner Store Fremont Hills,Steven Taylor Rodriguez,3408 Ocean Ave,Fremont,CA,93201,Alameda,(510) 962-3770,2019-09-14,2020-09-14
20-425681,20,Off-Sale Beer & Wine,ACTIVE,Market,Matthew Johnson,6944 Broadway Pl #844,Berkeley,CA,94490,Alameda,(925) 515-5714,2011-06-25,2012-06-25
20-462572,20,Off-Sale Beer & Wine,ACTIVE,Bottle Shop Company,Kenneth Williams,2313 Maple Dr,Berkeley,CA,92129,Alameda,(925) 335-3925,2012-04-14,2013-04-14
20-681070,20,Off-Sale Beer & Wine,ACTIVE,Liquor Store,John Brown Jones,5127 Mission St,Berkeley,CA,93002,Alameda,(925) 209-6217,2017-06-15,2018-06-15
20-896862,20,Off-Sale Beer & Wine,ACTIVE,Bottle Shop Alameda Company,Michael Martinez,1147 5th Ln,Oakland,CA,90436,Alameda,(510) 583-5247,2022-04-04,2023-04-04
20-834647,20,Off-Sale Beer & Wine,ACTIVE,Liquor Store Corp,Daniel Lopez,4245 Main Rd,Livermore,CA,95654,Alameda,(510) 536-2376,2017-01-01,2018-01-01
20-819616,20,Off-Sale Beer & Wine,ACTIVE,Grocery Hayward Hills,Christopher Thomas,336 State Pl,Hayward,CA,95061,Alameda,(510) 352-9976,2011-11-18,2012-11-18
20-939232,20,Off-Sale Beer & Wine,ACTIVE,Grocery Alameda Corp,Anthony Davis,2432 Mission Ln,Hayward,CA,95827,Alameda,(925) 991-3538,2019-06-23,2020-06-23
20-307000,20,Off-Sale Beer & Wine,ACTIVE,Grocery Corp,Matthew Wilson,5871 Washington Ave,Berkeley,CA,91456,Alameda,(510) 306-5531,2023-12-13,2024-12-13
20-600664,20,Off-Sale Beer & Wine,ACTIVE,Market Fremont Heights,Anthony Smith,9862 Franklin Ave,Fremont,CA,91523,Alameda,(510) 621-5375,2017-01-07,2018-01-07
20-933586,20,Off-Sale Beer & Wine,ACTIVE,Grocery Alameda,Michael Johnson Miller,8429 1st St,Oakland,CA,93295,Alameda,(510) 372-8252,2010-04-21,2011-04-21
20-625701,20,Off-Sale Beer & Wine,ACTIVE,NewMini Mart 72,David Jackson,7294 Oak Blvd #171,Livermore,CA,90488,Alameda,(925) 527-1332,2006-08-07,2007-08-07
20-509960,20,Off-Sale Beer & Wine,ACTIVE,Liquor Store,William Martin,2067 Market Rd,Berkeley,CA,91198,Alameda,(925) 832-9293,2018-12-13,2019-12-13
20-739052,20,Off-Sale Beer & Wine,ACTIVE,OldConvenience Store Alameda Inc 85,Andrew Garcia,6119 Lincoln Ct,Hayward,CA,94800,Alameda,(510) 654-3445,2017-05-19,2018-05-19
20-444286,20,Off-Sale Beer & Wine,ACTIVE,Bottle Shop Alameda LLC,Paul Garcia,3364 3rd Pl #194,Hayward,CA,91470,Alameda,(510) 899-7955,2020-11-28,2021-11-28
20-546599,20,Off-Sale Beer & Wine,ACTIVE,Corner Store Berkeley Heights,Paul Taylor,1215 Hollywood Ln,Berkeley,CA,90917,Alameda,(510) 749-3748,2009-05-08,2010-05-08
20-535085,20,Off-Sale Beer & Wine,ACTIVE,Corner Store Livermore Heights Co 69,Michael Lopez,3813 Sunset Dr,Livermore,CA,94511,Alameda,(510) 237-3644,2003-04-06,2004-04-06
20-785252,20,Off-Sale Beer & Wine,ACTIVE,Liquor Store Berkeley Hills Company,Andrew Moore,944 2nd Dr #933,Berkeley,CA,91953,Alameda,(925) 411-8275,2003-12-13,2004-12-13
20-377051,20,Off-Sale Beer & Wine,ACTIVE,Market,Jennifer Brown,9135 Sunset Ave,Livermore,CA,92093,Alameda,(510) 453-2974,2008-03-21,2009-03-21
20-322953,20,Off-Sale Beer & Wine,ACTIVE,Liquor Store Hayward,David Rodriguez,3613 4th Dr,Hayward,CA,94620,Alameda,(510) 283-8846,2009-08-24,2010-08-24
20-832845,20,Off-Sale Beer & Wine,ACTIVE,Mini Mart Company,Paul Taylor,5481 Madison Ln,Fremont,CA,94044,Alameda,(510) 746-7766,2019-02-16,2020-02-16
20-596690,20,Off-Sale Beer & Wine,ACTIVE,Convenience Store,Paul Thomas,171 6th Dr #205,Berkeley,CA,93210,Alameda,(925) 749-7491,2013-04-18,2014-04-18
20-663109,20,Off-Sale Beer & Wine,ACTIVE,Market Group 20,Matthew Miller,3986 Oak St,Livermore,CA,91071,Alameda,(925) 580-8883,2012-05-16,2013-05-16
20-510840,20,Off-Sale Beer & Wine,ACTIVE,Liquor Store Co,David Moore,5456 Main St,Berkeley,CA,92144,Alameda,(510) 784-1400,2021-11-01,2022-11-01
20-655785,20,Off-Sale Beer & Wine,ACTIVE,Corner Store,David Anderson,4752 Market St,Berkeley,CA,91292,Alameda,(510) 687-6728,2019-06-25,2020-06-25
20-363181,20,Off-Sale Beer & Wine,ACTIVE,Grocery Berkeley,Michael Rodriguez,1833 4th Ave,Berkeley,CA,94366,Alameda,(925) 446-9812,2001-11-16,2002-11-16
20-216640,20,Off-Sale Beer & Wine,ACTIVE,Wine Shop Fremont Corp,Lisa Williams,9022 6th Ct,Fremont,CA,95742,Alameda,(925) 231-4375,2006-12-19,2007-12-19
20-998185,20,Off-Sale Beer & Wine,ACTIVE,Grocery Livermore Group,John Smith,4458 Pico Ln,Livermore,CA,91418,Alameda,(925) 675-9294,2004-07-09,2005-07-09
20-770780,20,Off-Sale Beer & Wine,ACTIVE,Bottle Shop Group,Anthony Thomas,6525 Ocean Pl,Berkeley,CA,95601,Alameda,(925) 637-3623,2021-09-10,2022-09-10
20-726941,20,Off-Sale Beer & Wine,ACTIVE,Liquor Store Oakland Heights,Anthony Brown Williams,1436 Jefferson Ln,Oakland,CA,95754,Alameda,(510) 770-1068,2010-06-11,2011-06-11
20-496326,20,Off-Sale Beer & Wine,ACTIVE,Liquor Store Alameda,Paul Jones,8109 Main Rd #434,Oakland,CA,95385,Alameda,(925) 470-9683,2015-12-19,2016-12-19
20-284787,20,Off-Sale Beer & Wine,ACTIVE,NewLiquor Store Hayward 98,Mark Thomas,2455 Franklin Blvd,Hayward,CA,95294,Alameda,(925) 250-7283,2007-05-17,2008-05-17
20-135536,20,Off-Sale Beer & Wine,ACTIVE,Wine Shop Co,Michael Smith,8401 Madison Way #557,Fremont,CA,93910,Alameda,(925) 707-3004,2019-06-21,2020-06-21
20-233754,20,Off-Sale Beer & Wine,ACTIVE,Corner Store LLC 25,Robert Johnson Hernandez,3429 Mission Ct,Berkeley,CA,96196,Alameda,(925) 494-4413,2009-10-28,2010-10-28
20-341333,20,Off-Sale Beer & Wine,ACTIVE,Market Hayward Co,Kenneth Gonzalez Johnson,772 Maple St,Hayward,CA,92747,Alameda,(510) 963-2171,2016-08-12,2017-08-12
20-239702,20,Off-Sale Beer & Wine,ACTIVE,Corner Store,Maria Jones,7135 Pico Ln,Hayward,CA,93346,Alameda,(925) 598-8000,2001-07-17,2002-07-17
20-306378,20,Off-Sale Beer & Wine,ACTIVE,Market Group,Daniel Gonzalez,2905 1st Ct,Fremont,CA,93049,Alameda,(925) 492-5160,2012-07-23,2013-07-23
20-703652,20,Off-Sale Beer & Wine,ACTIVE,Convenience Store Berkeley,William Jones,3858 Franklin Ave,Berkeley,CA,94042,Alameda,(925) 785-6476,2004-09-26,2005-09-26
20-364474,20,Off-Sale Beer & Wine,ACTIVE,Grocery Livermore Group,Kenneth Davis,1173 Main Ave,Livermore,CA,90337,Alameda,(925) 799-4905,2023-02-21,2024-02-21
20-269523,20,Off-Sale Beer & Wine,ACTIVE,NewConvenience Store Alameda 10,Maria Miller Rodriguez,922 Maple Ave,Livermore,CA,93177,Alameda,(510) 717-6887,2006-09-06,2007-09-06
20-971045,20,Off-Sale Beer & Wine,ACTIVE,Wine Shop LLC,Robert Gonzalez,2749 7th Pl,Oakland,CA,95947,Alameda,(925) 961-5365,2005-08-15,2006-08-15
20-233774,20,Off-Sale Beer & Wine,ACTIVE,Mini Mart,Anthony Moore,9717 Washington Way,Oakland,CA,90663,Alameda,(925) 273-9161,2007-01-02,2008-01-02
20-199055,20,Off-Sale Beer & Wine,ACTIVE,Wine Shop Oakland,Matthew Williams,3257 7th Pl,Oakland,CA,94619,Alameda,(510) 891-8722,2019-08-26,2020-08-26
20-413083,20,Off-Sale Beer & Wine,ACTIVE,Mini Mart,William Martinez Smith,3339 Ocean Blvd,Livermore,CA,94313,Alameda,(510) 534-6160,2005-03-09,2006-03-09
20-578643,20,Off-Sale Beer & Wine,ACTIVE,Grocery,Steven Williams,2181 Maple Ave #735,Oakland,CA,94613,Alameda,(510) 337-8175,2006-08-08,2007-08-08
20-959459,20,Off-Sale Beer & Wine,ACTIVE,OldCorner Store Fremont 57,Anthony Jackson,4341 State Ct #429,Fremont,CA,93817,Alameda,(510) 522-1644,2001-09-24,2002-09-24
20-412101,20,Off-Sale Beer & Wine,ACTIVE,Grocery Berkeley Valley,Robert Jackson,8557 Main Rd,Berkeley,CA,94868,Alameda,(510) 575-5412,2002-08-22,2003-08-22
20-378599,20,Off-Sale Beer & Wine,ACTIVE,Market Livermore Valley,Kenneth Taylor,1820 Sunset Ct,Livermore,CA,94741,Alameda,(925) 321-8161,2013-10-12,2014-10-12
20-107837,20,Off-Sale Beer & Wine,ACTIVE,OldWine Shop Alameda 31,Anthony Williams,7827 Broadway Rd #330,Hayward,CA,92541,Alameda,(510) 767-4772,2017-06-19,2018-06-19
20-159886,20,Off-Sale Beer & Wine,ACTIVE,Mini Mart,James Smith,5449 Main Rd,Livermore,CA,94106,Alameda,(510) 244-4728,2011-10-19,2012-10-19
20-303641,20,Off-Sale Beer & Wine,ACTIVE,Convenience Store Berkeley Group,William Gonzalez Lopez,6158 Oak Way #249,Berkeley,CA,95919,Alameda,(510) 586-8373,2004-03-22,2005-03-22
20-533575,20,Off-Sale Beer & Wine,ACTIVE,Liquor Store Group,Lisa Taylor,7929 Lincoln St,Hayward,CA,95953,Alameda,(510) 489-6949,2009-06-24,2010-06-24
20-401958,20,Off-Sale Beer & Wine,ACTIVE,Mini Mart Inc,Robert Hernandez,3274 Oak Blvd,Hayward,CA,94940,Alameda,(510) 826-4370,2014-02-17,2015-02-17
20-565906,20,Off-Sale Beer & Wine,ACTIVE,Corner Store,James Anderson,9503 Jefferson Rd,Berkeley,CA,91925,Alameda,(925) 663-2551,2024-06-15,2025-06-15
20-738687,20,Off-Sale Beer & Wine,ACTIVE,Liquor Store Corp,Steven Miller,1815 Main Ave,Hayward,CA,91384,Alameda,(925) 407-4023,2020-03-10,2021-03-10
20-805586,20,Off-Sale Beer & Wine,ACTIVE,Mini Mart Hayward,Robert Smith Anderson,2152 Broadway Pl #403,Hayward,CA,95506,Alameda,(510) 994-3830,2019-05-21,2020-05-21
20-484823,20,Off-Sale Beer & Wine,ACTIVE,Bottle Shop Alameda,Christopher Miller,8609 Madison Pl,Fremont,CA,92119,Alameda,(510) 399-2189,2018-07-24,2019-07-24
20-191026,20,Off-Sale Beer & Wine,ACTIVE,Liquor Store Inc,Kenneth Brown,6275 Oak Ln,Fremont,CA,91564,Alameda,(925) 352-7625,2001-08-21,2002-08-21
20-856786,20,Off-Sale Beer & Wine,ACTIVE,OldBottle Shop 5,Michelle Taylor,4889 Broadway Dr #507,Hayward,CA,93818,Alameda,(925) 258-2971,2019-04-22,2020-04-22
20-685458,20,Off-Sale Beer & Wine,ACTIVE,Grocery,Steven Lopez,6364 Sunset Rd #562,Hayward,CA,96088,Alameda,(925) 323-3052,2002-01-20,2003-01-20
20-868716,20,Off-Sale Beer & Wine,ACTIVE,Market Oakland Inc,William Garcia,6026 Pico Pl,Oakland,CA,96128,Alameda,(925) 936-4256,2004-02-09,2005-02-09
20-959922,20,Off-Sale Beer & Wine,ACTIVE,Wine Shop Alameda Co,Andrew Martin,2096 Lincoln St,Berkeley,CA,92858,Alameda,(510) 574-5920,2014-06-20,2015-06-20
20-274580,20,Off-Sale Beer & Wine,ACTIVE,Corner Store,Lisa Garcia,949 5th Ln,Hayward,CA,95801,Alameda,(925) 735-2933,2010-12-17,2011-12-17
20-661852,20,Off-Sale Beer & Wine,ACTIVE,NewWine Shop Corp 4,Matthew Jackson,5081 Wilshire St,Fremont,CA,90028,Alameda,(510) 530-6383,2021-06-18,2022-06-18
20-684368,20,Off-Sale Beer & Wine,ACTIVE,Convenience Store Livermore Co,Maria Rodriguez,7557 1st Way #826,Livermore,CA,95471,Alameda,(925) 645-4409,2010-08-05,2011-08-05
20-314417,20,Off-Sale Beer & Wine,ACTIVE,Liquor Store 11,Michelle Williams,806 Maple Ct,Berkeley,CA,90732,Alameda,(510) 444-6849,2024-10-18,2025-10-18
20-947964,20,Off-Sale Beer & Wine,ACTIVE,Liquor Store Corp,Jennifer Jones Martinez,7487 Lincoln Ln,Oakland,CA,93237,Alameda,(510) 661-9512,2003-10-27,2004-10-27
20-782495,20,Off-Sale Beer & Wine,ACTIVE,OldConvenience Store Berkeley Heights Co 74,Mark Wilson Rodriguez,5195 3rd Dr,Berkeley,CA,95106,Alameda,(510) 873-2347,2015-12-20,2016-12-20
20-166515,20,Off-Sale Beer & Wine,ACTIVE,TheGrocery Oakland Company 48,Maria Smith,1859 Wilshire Rd #683,Oakland,CA,91227,Alameda,(925) 628-8486,2013-09-19,2014-09-19
20-126300,20,Off-Sale Beer & Wine,ACTIVE,Market Corp,Paul Martin,3144 Oak St,Oakland,CA,95596,Alameda,(925) 962-1050,2013-02-21,2014-02-21
20-316350,20,Off-Sale Beer & Wine,ACTIVE,Market Oakland,Lisa Rodriguez,5921 Front Ave #634,Oakland,CA,93020,Alameda,(925) 664-7563,2010-08-02,2011-08-02
20-152844,20,Off-Sale Beer & Wine,ACTIVE,Market 16,Christopher Lopez Hernandez,7000 Franklin Ct,Hayward,CA,92932,Alameda,(510) 730-8435,2014-06-25,2015-06-25
20-716229,20,Off-Sale Beer & Wine,ACTIVE,Bottle Shop Oakland Inc,Michelle Davis,231 Front St,Oakland,CA,95587,Alameda,(510) 260-1178,2012-10-01,2013-10-01
20-749258,20,Off-Sale Beer & Wine,ACTIVE,Liquor Store,Maria Wilson,8243 1st Way #961,Livermore,CA,93843,Alameda,(510) 818-7786,2001-06-09,2002-06-09
20-867338,20,Off-Sale Beer & Wine,ACTIVE,Mini Mart Livermore Inc 70,William Jones,6173 Oak Way,Livermore,CA,90337,Alameda,(925) 683-9934,2011-08-22,2012-08-22
20-419867,20,Off-Sale Beer & Wine,ACTIVE,Wine Shop Corp,Michael Hernandez,5017 Ocean Rd #199,Livermore,CA,90853,Alameda,(925) 858-3422,2007-07-12,2008-07-12
20-752879,20,Off-Sale Beer & Wine,ACTIVE,Corner Store Alameda,Kenneth Martin,7648 Front Dr #430,Hayward,CA,94088,Alameda,(510) 554-5040,2009-02-18,2010-02-18
20-603221,20,Off-Sale Beer & Wine,ACTIVE,Mini Mart Alameda LLC,Andrew Davis Taylor,612 Front Blvd,Berkeley,CA,90231,Alameda,(925) 402-9202,2011-10-10,2012-10-10
20-229802,20,Off-Sale Beer & Wine,ACTIVE,Liquor Store,Maria Moore,1108 5th Ct #788,Oakland,CA,93394,Alameda,(925) 753-2974,2014-10-21,2015-10-21
20-338898,20,Off-Sale Beer & Wine,ACTIVE,Grocery Alameda,Christopher Davis,4994 Ocean Ct,Livermore,CA,90431,Alameda,(925) 476-3357,2006-07-09,2007-07-09
20-111066,20,Off-Sale Beer & Wine,ACTIVE,Convenience Store 42,Andrew Hernandez Martinez,4653 Jefferson St,Oakland,CA,94077,Alameda,(925) 744-8450,2016-11-08,2017-11-08
20-533578,20,Off-Sale Beer & Wine,ACTIVE,Wine Shop Hayward Group,John Anderson,2878 Washington Way #192,Hayward,CA,91338,Alameda,(510) 332-4833,2018-04-20,2019-04-20
20-976026,20,Off-Sale Beer & Wine,ACTIVE,OldLiquor Store Alameda 29,Lisa Gonzalez Brown,9071 Pico Dr #853,Fremont,CA,95184,Alameda,(510) 453-8553,2018-11-10,2019-11-10
20-328989,20,Off-Sale Beer & Wine,ACTIVE,Mini Mart Fremont,Steven Lopez,4994 Oak Ave #891,Fremont,CA,94675,Alameda,(925) 770-1728,2016-04-18,2017-04-18
20-804579,20,Off-Sale Beer & Wine,ACTIVE,NewWine Shop 40,Kenneth Hernandez,6452 Maple Ave,Fremont,CA,94118,Alameda,(510) 508-3000,2011-01-08,2012-01-08
20-614900,20,Off-Sale Beer & Wine,ACTIVE,Liquor Store Company 60,James Williams Martin,1207 Maple Rd,Livermore,CA,94921,Alameda,(510) 770-4839,2009-05-11,2010-05-11
20-801220,20,Off-Sale Beer & Wine,ACTIVE,Mini Mart Livermore Corp,Michael Martinez,4245 State Dr,Livermore,CA,94112,Alameda,(510) 363-9277,2013-04-15,2014-04-15
20-860192,20,Off-Sale Beer & Wine,ACTIVE,Market Oakland Valley,Daniel Taylor,1139 Wilshire Pl,Oakland,CA,93224,Alameda,(925) 707-6258,2013-01-11,2014-01-11
20-642790,20,Off-Sale Beer & Wine,ACTIVE,Corner Store,Andrew Miller,5329 4th St #823,Oakland,CA,94663,Alameda,(925) 853-5341,2010-06-12,2011-06-12
20-415429,20,Off-Sale Beer & Wine,ACTIVE,Grocery LLC,Maria Smith Hernandez,9005 Wilshire Ct #422,Fremont,CA,92273,Alameda,(510) 738-5654,2023-10-04,2024-10-04
20-280402,20,Off-Sale Beer & Wine,ACTIVE,NewMarket Fremont Hills Co 95,Christopher Taylor,3469 5th Ln,Fremont,CA,92654,Alameda,(510) 454-3918,2017-05-08,2018-05-08
20-503182,20,Off-Sale Beer & Wine,ACTIVE,NewWine Shop Hayward Valley 7,Paul Jones,3489 Lincoln Ln,Hayward,CA,91067,Alameda,(510) 876-5098,2015-10-05,2016-10-05
20-200430,20,Off-Sale Beer & Wine,ACTIVE,Mini Mart Hayward Co,Maria Brown,8827 Maple Dr #381,Hayward,CA,94415,Alameda,(510) 834-8493,2016-03-09,2017-03-09
20-543159,20,Off-Sale Beer & Wine,ACTIVE,Grocery LLC,Matthew Hernandez Smith,8568 Pico Ave,Berkeley,CA,94823,Alameda,(925) 459-5276,2021-07-28,2022-07-28
20-759380,20,Off-Sale Beer & Wine,ACTIVE,Corner Store Inc,John Smith Williams,7740 Market Way,Berkeley,CA,91740,Alameda,(510) 527-9523,2011-04-08,2012-04-08
20-895364,20,Off-Sale Beer & Wine,ACTIVE,Bottle Shop Livermore,Andrew Martinez,9602 Market Rd,Livermore,CA,90992,Alameda,(510) 245-4160,2007-10-04,2008-10-04
20-818916,20,Off-Sale Beer & Wine,ACTIVE,TheGrocery Fremont Company 25,Michelle Wilson,2895 Washington Rd #946,Fremont,CA,90557,Alameda,(925) 380-4380,2021-11-03,2022-11-03
20-897156,20,Off-Sale Beer & Wine,ACTIVE,NewLiquor Store Alameda Group 48,William Garcia,7264 2nd Ct,Fremont,CA,91574,Alameda,(510) 294-7337,2004-03-15,2005-03-15
20-923545,20,Off-Sale Beer & Wine,ACTIVE,Bottle Shop,James Lopez,998 Market Way #426,Hayward,CA,93924,Alameda,(925) 934-5804,2011-12-07,2012-12-07
20-984403,20,Off-Sale Beer & Wine,ACTIVE,NewMarket Group 52,Daniel Jackson,1205 6th Rd,Fremont,CA,91189,Alameda,(510) 884-6946,2005-10-12,2006-10-12
20-106326,20,Off-Sale Beer & Wine,ACTIVE,Corner Store,Christopher Martinez,8924 State Blvd,Hayward,CA,92073,Alameda,(510) 574-6764,2005-08-18,2006-08-18
20-470249,20,Off-Sale Beer & Wine,ACTIVE,Liquor Store Oakland,Steven Moore,6576 Oak Blvd,Oakland,CA,90034,Alameda,(510) 326-5206,2011-06-04,2012-06-04
20-479743,20,Off-Sale Beer & Wine,ACTIVE,NewBottle Shop Berkeley LLC 81,John Brown,8885 Market Ct,Berkeley,CA,94924,Alameda,(925) 773-4607,2020-12-01,2021-12-01
20-751301,20,Off-Sale Beer & Wine,ACTIVE,Bottle Shop Alameda,Michelle Jackson,7891 Oak Way,Fremont,CA,95171,Alameda,(925) 680-8749,2021-09-14,2022-09-14
20-350467,20,Off-Sale Beer & Wine,ACTIVE,Wine Shop Inc,Michael Thomas,4736 3rd St,Hayward,CA,93225,Alameda,(925) 814-6077,2010-04-13,2011-04-13
20-623321,20,Off-Sale Beer & Wine,ACTIVE,NewMini Mart Corp 31,Maria Gonzalez,5370 Oak Ln,Livermore,CA,94824,Alameda,(510) 299-6536,2020-11-26,2021-11-26
20-103117,20,Off-Sale Beer & Wine,ACTIVE,Convenience Store Fremont Heights,John Taylor,824 State Dr,Fremont,CA,92507,Alameda,(925) 717-5056,2010-10-18,2011-10-18
20-268825,20,Off-Sale Beer & Wine,ACTIVE,Mini Mart Corp,Kenneth Martinez,3913 Pico Dr #487,Hayward,CA,95194,Alameda,(925) 230-8922,2003-10-26,2004-10-26
20-804605,20,Off-Sale Beer & Wine,ACTIVE,Bottle Shop Co,David Jackson,7847 5th Dr,Oakland,CA,92788,Alameda,(925) 488-4603,2001-12-22,2002-12-22
20-257137,20,Off-Sale Beer & Wine,ACTIVE,Bottle Shop Berkeley Corp,Matthew Brown,7463 Hollywood Blvd,Berkeley,CA,92279,Alameda,(510) 603-4661,2001-10-17,2002-10-17
20-865551,20,Off-Sale Beer & Wine,ACTIVE,Bottle Shop,William Anderson Davis,2199 State Pl,Berkeley,CA,94392,Alameda,(925) 723-2554,2001-08-27,2002-08-27
20-430875,20,Off-Sale Beer & Wine,ACTIVE,Market,Christopher Gonzalez,8213 3rd Way,Hayward,CA,95935,Alameda,(510) 465-4654,2021-09-14,2022-09-14
20-631013,20,Off-Sale Beer & Wine,ACTIVE,Mini Mart,John Anderson,1774 5th Rd,Fremont,CA,91227,Alameda,(925) 930-7101,2012-11-28,2013-11-28
20-408301,20,Off-Sale Beer & Wine,ACTIVE,Corner Store Hayward Heights,James Thomas,1545 Front Ln,Hayward,CA,91426,Alameda,(925) 964-4420,2012-11-14,2013-11-14
20-760394,20,Off-Sale Beer & Wine,ACTIVE,Corner Store Oakland Company,John Jones,1300 Broadway Ct,Oakland,CA,92660,Alameda,(510) 361-2864,2009-06-12,2010-06-12
20-681465,20,Off-Sale Beer & Wine,ACTIVE,Convenience Store,Maria Lopez,2777 Mission Pl,Berkeley,CA,94043,Alameda,(925) 902-4287,2012-10-04,2013-10-04
20-572060,20,Off-Sale Beer & Wine,ACTIVE,Liquor Store Alameda,Matthew Martinez,3058 5th Ave,Berkeley,CA,93422,Alameda,(925) 913-6024,2020-08-20,2021-08-20
20-780449,20,Off-Sale Beer & Wine,ACTIVE,TheBottle Shop Fremont Co 70,Robert Jackson,4618 Pico Blvd,Fremont,CA,95198,Alameda,(925) 488-1124,2002-12-23,2003-12-23
20-194334,20,Off-Sale Beer & Wine,ACTIVE,Market,Michael Rodriguez Williams,8879 Jefferson Pl #442,Berkeley,CA,94756,Alameda,(925) 521-9496,2006-01-10,2007-01-10
20-291474,20,Off-Sale Beer & Wine,ACTIVE,Corner Store Berkeley Valley,Maria Hernandez,8521 Madison Blvd #518,Berkeley,CA,93666,Alameda,(510) 235-8924,2006-08-07,2007-08-07
20-897764,20,Off-Sale Beer & Wine,ACTIVE,Bottle Shop Berkeley Valley Company,Michael Gonzalez,6292 5th Dr #673,Berkeley,CA,95533,Alameda,(925) 213-2350,2007-04-23,2008-04-23
20-717862,20,Off-Sale Beer & Wine,ACTIVE,Corner Store Berkeley,William Thomas Brown,6499 Jefferson Ct #345,Berkeley,CA,96142,Alameda,(510) 996-2733,2010-10-08,2011-10-08
20-705024,20,Off-Sale Beer & Wine,ACTIVE,Liquor Store Group 44,Maria Johnson,2282 Maple Rd,Livermore,CA,91008,Alameda,(925) 433-1552,2009-12-18,2010-12-18
20-812962,20,Off-Sale Beer & Wine,ACTIVE,Bottle Shop Berkeley Hills,William Moore,6640 Mission Rd,Berkeley,CA,93192,Alameda,(510) 602-3174,2018-03-28,2019-03-28
20-153986,20,Off-Sale Beer & Wine,ACTIVE,Convenience Store Oakland Heights Company,James Davis,8578 Pico Rd #178,Oakland,CA,92578,Alameda,(925) 542-5718,2022-08-28,2023-08-28
20-732671,20,Off-Sale Beer & Wine,ACTIVE,Wine Shop,James Anderson,5422 Lincoln Way #772,Livermore,CA,94325,Alameda,(925) 893-3516,2020-04-03,2021-04-03
20-951370,20,Off-Sale Beer & Wine,ACTIVE,Grocery Co,Matthew Rodriguez,7686 1st Rd,Oakland,CA,92665,Alameda,(510) 941-3723,2013-03-21,2014-03-21
20-145807,20,Off-Sale Beer & Wine,ACTIVE,Grocery Inc,Steven Garcia,1298 2nd Way,Livermore,CA,96096,Alameda,(925) 760-1344,2023-04-16,2024-04-16
20-269072,20,Off-Sale Beer & Wine,ACTIVE,Wine Shop Fremont Hills,Maria Johnson,3564 Jefferson Ave #925,Fremont,CA,90259,Alameda,(510) 927-6994,2020-06-06,2021-06-06
20-616404,20,Off-Sale Beer & Wine,ACTIVE,Corner Store Alameda,Matthew Garcia,7023 Main Blvd,Berkeley,CA,90311,Alameda,(510) 275-4410,2018-09-05,2019-09-05
20-276296,20,Off-Sale Beer & Wine,ACTIVE,Corner Store,Christopher Thomas,1087 Sunset Ln,Oakland,CA,95064,Alameda,(925) 382-6631,2001-09-05,2002-09-05
20-863646,20,Off-Sale Beer & Wine,ACTIVE,Corner Store Fremont Valley,Michael Johnson,2562 Jefferson Ave,Fremont,CA,91405,Alameda,(510) 875-3234,2019-07-08,2020-07-08
20-420291,20,Off-Sale Beer & Wine,ACTIVE,Corner Store Inc,Andrew Johnson,5795 2nd Ct,Fremont,CA,95827,Alameda,(510) 630-6065,2017-01-19,2018-01-19
20-552806,20,Off-Sale Beer & Wine,ACTIVE,Grocery Company,Steven Hernandez Taylor,1367 7th Pl,Fremont,CA,93746,Alameda,(510) 474-5274,2014-03-04,2015-03-04
20-545747,20,Off-Sale Beer & Wine,ACTIVE,Liquor Store Group,William Thomas Williams,162 4th St,Fremont,CA,92371,Alameda,(510) 540-6347,2003-07-23,2004-07-23
20-199747,20,Off-Sale Beer & Wine,ACTIVE,Grocery,Mark Davis,3211 5th Pl,Fremont,CA,95931,Alameda,(510) 620-4423,2014-03-08,2015-03-08
20-878049,20,Off-Sale Beer & Wine,ACTIVE,Market Berkeley Hills Corp,Jennifer Davis,5753 Sunset Pl,Berkeley,CA,91238,Alameda,(510) 557-7854,2000-11-23,2001-11-23
20-994595,20,Off-Sale Beer & Wine,ACTIVE,TheConvenience Store Livermore Group 20,Steven Gonzalez Martinez,8225 Front St,Livermore,CA,90139,Alameda,(510) 669-4987,2010-02-06,2011-02-06
20-680583,20,Off-Sale Beer & Wine,ACTIVE,TheCorner Store Group 47,Matthew Wilson,7606 Washington Blvd,Berkeley,CA,94762,Alameda,(925) 608-2508,2022-12-15,2023-12-15
20-847949,20,Off-Sale Beer & Wine,ACTIVE,Bottle Shop Hayward Inc 28,Maria Moore,482 Ocean Dr,Hayward,CA,91774,Alameda,(925) 926-7707,2017-04-02,2018-04-02
20-241596,20,Off-Sale Beer & Wine,ACTIVE,Market Berkeley Heights 31,Michelle Williams,5211 4th Way,Berkeley,CA,93047,Alameda,(510) 408-6620,2001-03-08,2002-03-08
20-874638,20,Off-Sale Beer & Wine,ACTIVE,Bottle Shop Livermore Heights Corp,Michael Hernandez,938 Oak Dr,Livermore,CA,91533,Alameda,(510) 834-3898,2002-11-15,2003-11-15
20-507782,20,Off-Sale Beer & Wine,ACTIVE,Mini Mart Fremont Corp,Paul Jones,5537 Madison Rd,Fremont,CA,95287,Alameda,(510) 878-7079,2017-04-10,2018-04-10
20-884755,20,Off-Sale Beer & Wine,ACTIVE,Grocery Fremont Valley LLC,Kenneth Brown,1560 Main Pl,Fremont,CA,90754,Alameda,(925) 437-4233,2006-09-07,2007-09-07
20-382231,20,Off-Sale Beer & Wine,ACTIVE,Mini Mart Alameda,Michael Hernandez,2539 5th Ln,Fremont,CA,91859,Alameda,(510) 295-5611,2012-11-04,2013-11-04
20-261732,20,Off-Sale Beer & Wine,ACTIVE,Wine Shop Berkeley Valley Inc,Michael Rodriguez,7083 Front Blvd,Berkeley,CA,94646,Alameda,(925) 607-2883,2008-09-09,2009-09-09
20-194591,20,Off-Sale Beer & Wine,ACTIVE,Mini Mart Fremont Heights Group,Anthony Lopez,6291 Ocean Way,Fremont,CA,95681,Alameda,(925) 332-2376,2006-10-08,2007-10-08
20-513810,20,Off-Sale Beer & Wine,ACTIVE,Convenience Store Corp,Lisa Johnson Hernandez,1750 Pico Ln,Livermore,CA,95853,Alameda,(510) 624-8289,2023-12-20,2024-12-20
20-408068,20,Off-Sale Beer & Wine,ACTIVE,Corner Store Oakland Company,James Lopez,2156 5th Ct #402,Oakland,CA,93708,Alameda,(510) 563-9254,2000-02-28,2001-02-28
20-486074,20,Off-Sale Beer & Wine,ACTIVE,Market Inc,Matthew Jones,8761 Franklin Dr #670,Livermore,CA,95631,Alameda,(925) 753-3672,2003-07-26,2004-07-26
20-269955,20,Off-Sale Beer & Wine,ACTIVE,Corner Store,James Williams,9156 4th Way,Livermore,CA,90053,Alameda,(510) 587-4659,2018-05-10,2019-05-10
20-517208,20,Off-Sale Beer & Wine,ACTIVE,Liquor Store Alameda Company 67,Robert Johnson,9805 Ocean Ave,Oakland,CA,91348,Alameda,(510) 385-7071,2009-02-10,2010-02-10
20-533216,20,Off-Sale Beer & Wine,ACTIVE,Corner Store Berkeley Hills Inc,Paul Martin,1328 3rd Ct,Berkeley,CA,95652,Alameda,(925) 313-8331,2016-05-25,2017-05-25
20-669302,20,Off-Sale Beer & Wine,ACTIVE,Market,John Moore,6481 7th Pl,Hayward,CA,91231,Alameda,(510) 511-6305,2013-05-09,2014-05-09
20-604425,20,Off-Sale Beer & Wine,ACTIVE,Liquor Store Co,Michael Garcia,1511 Broadway Dr,Livermore,CA,93319,Alameda,(510) 673-5793,2004-04-24,2005-04-24
20-964106,20,Off-Sale Beer & Wine,ACTIVE,NewMarket Oakland Heights Group 15,Maria Davis,3400 4th Way,Oakland,CA,91795,Alameda,(925) 842-8943,2011-02-05,2012-02-05
20-512862,20,Off-Sale Beer & Wine,ACTIVE,Market Alameda Inc,William Garcia,9867 Main Way,Hayward,CA,96000,Alameda,(925) 297-7912,2010-01-06,2011-01-06
20-781251,20,Off-Sale Beer & Wine,ACTIVE,Bottle Shop Group 32,Steven Gonzalez,2424 Pico Blvd,Oakland,CA,94515,Alameda,(925) 861-1202,2022-11-27,2023-11-27
20-394780,20,Off-Sale Beer & Wine,ACTIVE,TheMarket Alameda LLC 91,Matthew Garcia,2080 Washington Pl #233,Oakland,CA,91140,Alameda,(510) 397-6193,2021-07-17,2022-07-17
20-230364,20,Off-Sale Beer & Wine,ACTIVE,TheMarket Oakland 78,Mark Jackson,2897 Maple Rd,Oakland,CA,93432,Alameda,(510) 513-2843,2023-05-13,2024-05-13
20-154530,20,Off-Sale Beer & Wine,ACTIVE,Market Hayward Group,Jennifer Hernandez Smith,2609 Madison Ave,Hayward,CA,93212,Alameda,(925) 958-3783,2005-07-15,2006-07-15
20-785930,20,Off-Sale Beer & Wine,ACTIVE,TheWine Shop Alameda Inc 22,Maria Lopez Miller,209 Jefferson Ave #508,Berkeley,CA,90837,Alameda,(510) 307-8216,2012-04-07,2013-04-07
20-709981,20,Off-Sale Beer & Wine,ACTIVE,Wine Shop Fremont 60,Maria Davis,1521 Pico Pl,Fremont,CA,93581,Alameda,(925) 988-9149,2002-06-02,2003-06-02
20-660042,20,Off-Sale Beer & Wine,ACTIVE,Bottle Shop,Michael Jones,5464 Washington Ct,Fremont,CA,90819,Alameda,(510) 283-9725,2002-07-10,2003-07-10
20-510544,20,Off-Sale Beer & Wine,ACTIVE,NewGrocery 9,Christopher Anderson,5826 Main St #644,Fremont,CA,93686,Alameda,(925) 801-7934,2006-07-07,2007-07-07
20-120849,20,Off-Sale Beer & Wine,ACTIVE,Convenience Store Corp,William Moore,1008 State Ave #530,Livermore,CA,95835,Alameda,(510) 257-4138,2008-07-21,2009-07-21
20-877579,20,Off-Sale Beer & Wine,ACTIVE,Convenience Store,Michelle Martin,9597 3rd Ct,Hayward,CA,91256,Alameda,(510) 584-6510,2018-08-28,2019-08-28
20-196511,20,Off-Sale Beer & Wine,ACTIVE,Wine Shop Alameda,Paul Hernandez,4583 7th Rd,Livermore,CA,92223,Alameda,(925) 470-9936,2001-03-23,2002-03-23
20-428612,20,Off-Sale Beer & Wine,ACTIVE,Market,Daniel Jones,3234 Washington Ct,Fremont,CA,90982,Alameda,(510) 471-6772,2001-04-19,2002-04-19
20-414954,20,Off-Sale Beer & Wine,ACTIVE,Bottle Shop,Maria Williams Brown,1572 4th Pl,Berkeley,CA,93294,Alameda,(510) 772-2078,2005-10-04,2006-10-04
20-978631,20,Off-Sale Beer & Wine,ACTIVE,Liquor Store Livermore,James Martin,7633 Washington Way #596,Livermore,CA,92880,Alameda,(925) 796-8758,2015-06-04,2016-06-04
20-646751,20,Off-Sale Beer & Wine,ACTIVE,Convenience Store Company,Maria Rodriguez,1998 Franklin Ave #996,Oakland,CA,92208,Alameda,(510) 540-5793,2015-03-19,2016-03-19
20-813470,20,Off-Sale Beer & Wine,ACTIVE,Corner Store,Maria Miller Martin,2349 Oak Rd,Hayward,CA,95498,Alameda,(925) 580-9954,2011-11-21,2012-11-21
20-222571,20,Off-Sale Beer & Wine,ACTIVE,Mini Mart Company,Jennifer Davis,3614 Jefferson Ct,Oakland,CA,94729,Alameda,(510) 562-8197,2022-06-09,2023-06-09
20-477548,20,Off-Sale Beer & Wine,ACTIVE,Wine Shop Alameda LLC,Maria Moore,8730 Madison St,Hayward,CA,90542,Alameda,(925) 466-8136,2005-04-14,2006-04-14
20-406589,20,Off-Sale Beer & Wine,ACTIVE,Bottle Shop,David Lopez,902 Maple Ave #797,Hayward,CA,92294,Alameda,(925) 985-8844,2023-08-12,2024-08-12
20-780222,20,Off-Sale Beer & Wine,ACTIVE,OldMini Mart Group 3,Anthony Jackson Rodriguez,268 Wilshire Dr,Fremont,CA,95194,Alameda,(925) 874-4918,2024-11-14,2025-11-14
20-450167,20,Off-Sale Beer & Wine,ACTIVE,Market LLC,William Moore,2363 Broadway Blvd,Livermore,CA,93601,Alameda,(925) 906-9289,2007-04-06,2008-04-06
20-643798,20,Off-Sale Beer & Wine,ACTIVE,NewGrocery Berkeley Corp 47,Kenneth Martinez,1584 Washington Ct,Berkeley,CA,93621,Alameda,(510) 411-9030,2014-06-07,2015-06-07
20-934734,20,Off-Sale Beer & Wine,ACTIVE,NewMarket Alameda 34,Lisa Thomas,7829 Sunset Rd,Fremont,CA,90443,Alameda,(510) 304-3240,2016-11-05,2017-11-05
20-193732,20,Off-Sale Beer & Wine,ACTIVE,Grocery Alameda,Christopher Wilson,9567 State Blvd,Berkeley,CA,90081,Alameda,(510) 472-2538,2022-10-09,2023-10-09
20-388920,20,Off-Sale Beer & Wine,ACTIVE,OldGrocery Berkeley Hills 90,David Garcia,9519 Oak Ct,Berkeley,CA,92327,Alameda,(925) 854-9467,2002-12-24,2003-12-24
20-467460,20,Off-Sale Beer & Wine,ACTIVE,Grocery Alameda Group,Christopher Martinez,1935 Pico Ln,Fremont,CA,96073,Alameda,(510) 567-6416,2014-10-14,2015-10-14
20-590692,20,Off-Sale Beer & Wine,ACTIVE,NewLiquor Store Hayward Inc 98,Robert Smith,8742 Maple Dr,Hayward,CA,96098,Alameda,(510) 201-1212,2009-06-05,2010-06-05
20-917906,20,Off-Sale Beer & Wine,ACTIVE,Bottle Shop Oakland Hills,John Taylor,7006 1st Blvd,Oakland,CA,91586,Alameda,(510) 282-3607,2022-07-02,2023-07-02
20-367305,20,Off-Sale Beer & Wine,ACTIVE,Bottle Shop LLC,Michael Anderson,6229 Wilshire St,Livermore,CA,93144,Alameda,(510) 321-9520,2002-07-11,2003-07-11
20-608508,20,Off-Sale Beer & Wine,ACTIVE,Wine Shop Livermore Corp,Kenneth Garcia,6442 Franklin Rd,Livermore,CA,93980,Alameda,(925) 211-9109,2007-01-20,2008-01-20
20-847516,20,Off-Sale Beer & Wine,ACTIVE,Convenience Store Hayward Inc,Steven Thomas,4795 Sunset St,Hayward,CA,94591,Alameda,(925) 664-6332,2005-02-12,2006-02-12
20-520687,20,Off-Sale Beer & Wine,ACTIVE,Bottle Shop Hayward Corp,John Wilson,7924 Madison Pl,Hayward,CA,91929,Alameda,(510) 480-9160,2001-02-02,2002-02-02
20-319266,20,Off-Sale Beer & Wine,ACTIVE,OldLiquor Store Alameda 43,Robert Garcia,2133 Hollywood Dr,Livermore,CA,90990,Alameda,(510) 718-1730,2017-06-10,2018-06-10
20-594919,20,Off-Sale Beer & Wine,ACTIVE,Wine Shop Fremont LLC,Kenneth Hernandez,5113 Jefferson Dr #476,Fremont,CA,95984,Alameda,(925) 576-2316,2011-12-21,2012-12-21
20-425983,20,Off-Sale Beer & Wine,ACTIVE,TheBottle Shop Fremont Corp 43,Kenneth Miller,4457 7th St,Fremont,CA,93549,Alameda,(510) 545-8053,2007-06-15,2008-06-15
20-423529,20,Off-Sale Beer & Wine,ACTIVE,TheBottle Shop Berkeley Group 59,Matthew Martinez,1136 6th Way,Berkeley,CA,95333,Alameda,(510) 859-5363,2016-02-16,2017-02-16
20-917130,20,Off-Sale Beer & Wine,ACTIVE,NewLiquor Store Inc 96,James Wilson,1695 Pico St,Fremont,CA,94032,Alameda,(510) 693-9704,2004-06-08,2005-06-08
20-122830,20,Off-Sale Beer & Wine,ACTIVE,NewBottle Shop Alameda Group 65,Christopher Gonzalez,6001 7th Dr,Fremont,CA,92320,Alameda,(510) 595-1170,2013-09-25,2014-09-25
20-116147,20,Off-Sale Beer & Wine,ACTIVE,NewGrocery Corp 39,David Garcia,3152 Main Ct,Livermore,CA,92653,Alameda,(925) 984-2938,2010-05-09,2011-05-09
20-901026,20,Off-Sale Beer & Wine,ACTIVE,Market,Mark Johnson,4128 4th Blvd,Berkeley,CA,91939,Alameda,(925) 212-2250,2008-03-25,2009-03-25
20-317360,20,Off-Sale Beer & Wine,ACTIVE,Grocery Hayward,Maria Garcia,9871 Pico Dr #132,Hayward,CA,92155,Alameda,(510) 615-2101,2015-10-18,2016-10-18
21-259140,21,Off-Sale General,ACTIVE,TheDiscount Liquor Inc 55,Maria Brown,5063 Oak Rd #272,Livermore,CA,93083,Alameda,(925) 711-7537,2014-03-21,2015-03-21
21-295882,21,Off-Sale General,ACTIVE,Spirits Berkeley Valley Company,Lisa Gonzalez,7312 Mission Pl,Berkeley,CA,94512,Alameda,(925) 393-4702,2000-07-08,2001-07-08
21-977551,21,Off-Sale General,ACTIVE,Discount Liquor Fremont LLC,Paul Rodriguez,849 Lincoln St #816,Fremont,CA,94205,Alameda,(925) 927-5727,2000-07-23,2001-07-23
21-496708,21,Off-Sale General,ACTIVE,Fine Wines Company,Maria Garcia,4378 Wilshire Ln,Fremont,CA,94139,Alameda,(925) 491-1273,2018-09-10,2019-09-10
21-479312,21,Off-Sale General,ACTIVE,TheWine & Spirits Alameda Group 82,Jennifer Martinez,1875 Broadway St #659,Oakland,CA,94824,Alameda,(925) 510-7629,2006-10-25,2007-10-25
21-296732,21,Off-Sale General,ACTIVE,Fine Wines Alameda Company,Mark Jones,1539 4th Dr,Fremont,CA,95509,Alameda,(510) 374-5150,2022-05-10,2023-05-10
21-250789,21,Off-Sale General,ACTIVE,Liquor Store Berkeley Hills Co,Daniel Thomas Martin,7809 4th Ln,Berkeley,CA,95947,Alameda,(925) 309-6443,2008-09-23,2009-09-23
21-972302,21,Off-Sale General,ACTIVE,Package Store Fremont Corp 83,Mark Garcia,3339 Ocean Way #699,Fremont,CA,93189,Alameda,(925) 621-8922,2013-06-23,2014-06-23
21-786645,21,Off-Sale General,ACTIVE,Beverage Store Corp,David Lopez,3783 3rd Rd #184,Livermore,CA,94594,Alameda,(925) 962-3844,2008-07-28,2009-07-28
21-152490,21,Off-Sale General,ACTIVE,Beverage Store,Paul Moore,2295 4th Ln,Fremont,CA,94094,Alameda,(925) 353-8983,2003-04-20,2004-04-20
21-329474,21,Off-Sale General,ACTIVE,Beverage Store,Mark Gonzalez,2856 Sunset Rd,Oakland,CA,91081,Alameda,(925) 503-6459,2013-05-28,2014-05-28
21-277470,21,Off-Sale General,ACTIVE,OldLiquor Store Hayward 10,Maria Martin,7318 2nd Way,Hayward,CA,95871,Alameda,(510) 399-9737,2019-04-12,2020-04-12
21-637153,21,Off-Sale General,ACTIVE,Liquor Store Oakland Heights Inc,Mark Jones Taylor,3590 Lincoln Dr,Oakland,CA,92181,Alameda,(510) 250-8037,2011-09-16,2012-09-16
21-858545,21,Off-Sale General,ACTIVE,Wine & Spirits Oakland Heights 63,Anthony Brown,4818 Front Rd #992,Oakland,CA,93411,Alameda,(510) 404-8844,2018-02-28,2019-02-28
21-366242,21,Off-Sale General,ACTIVE,Discount Liquor Hayward,Matthew Miller,9358 Oak Blvd #125,Hayward,CA,94211,Alameda,(925) 927-6088,2016-07-25,2017-07-25
21-995100,21,Off-Sale General,ACTIVE,Fine Wines,Paul Davis,1360 2nd Way #623,Livermore,CA,95650,Alameda,(925) 881-8358,2020-02-14,2021-02-14
21-810370,21,Off-Sale General,ACTIVE,OldDiscount Liquor Corp 86,James Wilson,7149 Market Dr,Oakland,CA,92296,Alameda,(510) 951-5513,2021-09-08,2022-09-08
21-210462,21,Off-Sale General,ACTIVE,Wine & Spirits Alameda Company 87,Andrew Garcia Rodriguez,1199 Mission Rd,Fremont,CA,93010,Alameda,(510) 336-8179,2000-12-03,2001-12-03
21-897778,21,Off-Sale General,ACTIVE,Beverage Store Livermore Corp,Steven Martin,4749 Madison St #871,Livermore,CA,90339,Alameda,(510) 603-2487,2012-05-09,2013-05-09
21-388763,21,Off-Sale General,ACTIVE,TheBeverage Store Company 86,William Hernandez,2629 Franklin Ct,Hayward,CA,94429,Alameda,(925) 851-2762,2022-09-12,2023-09-12
21-356408,21,Off-Sale General,ACTIVE,NewSpirits Inc 61,Steven Wilson,6737 7th Blvd,Hayward,CA,91085,Alameda,(925) 835-4683,2004-10-17,2005-10-17
21-197354,21,Off-Sale General,ACTIVE,Package Store Livermore LLC,John Gonzalez Moore,7232 Pico Ave,Livermore,CA,94693,Alameda,(925) 793-3958,2007-02-02,2008-02-02
21-522863,21,Off-Sale General,ACTIVE,Liquor Store Berkeley,David Williams Smith,4952 1st Ave #252,Berkeley,CA,92999,Alameda,(925) 449-6835,2022-05-27,2023-05-27
21-942793,21,Off-Sale General,ACTIVE,NewPackage Store 25,Maria Wilson,7533 2nd Way,Oakland,CA,92884,Alameda,(510) 434-4899,2016-05-08,2017-05-08
21-260295,21,Off-Sale General,ACTIVE,Beverage Store Oakland,James Davis,9548 6th Rd,Oakland,CA,95359,Alameda,(925) 399-7928,2006-02-06,2007-02-06
21-922585,21,Off-Sale General,ACTIVE,Beverage Store Oakland,Mark Jackson,6025 6th Dr #943,Oakland,CA,90021,Alameda,(510) 504-2633,2000-09-06,2001-09-06
21-686294,21,Off-Sale General,ACTIVE,Spirits Oakland,Kenneth Williams,9328 Main St,Oakland,CA,92526,Alameda,(925) 613-4197,2009-08-16,2010-08-16
21-800975,21,Off-Sale General,ACTIVE,Package Store Oakland,Christopher Johnson,8896 Franklin Blvd,Oakland,CA,94632,Alameda,(510) 383-3721,2008-11-16,2009-11-16
21-804315,21,Off-Sale General,ACTIVE,TheSpirits Livermore 82,Paul Gonzalez,3315 Hollywood Rd,Livermore,CA,91990,Alameda,(925) 719-5235,2016-05-22,2017-05-22
21-958248,21,Off-Sale General,ACTIVE,Package Store Alameda LLC,John Brown,3725 Mission Pl #941,Fremont,CA,95623,Alameda,(925) 760-5488,2009-04-20,2010-04-20
21-467112,21,Off-Sale General,ACTIVE,Fine Wines LLC,Robert Garcia,3011 Mission St,Oakland,CA,91261,Alameda,(510) 343-4832,2016-11-19,2017-11-19
21-637651,21,Off-Sale General,ACTIVE,Discount Liquor,Lisa Martinez,7045 6th Way #508,Livermore,CA,90609,Alameda,(925) 913-4044,2020-09-02,2021-09-02
21-394154,21,Off-Sale General,ACTIVE,Fine Wines Inc,Maria Miller,2156 Washington Ct #252,Fremont,CA,91532,Alameda,(510) 762-8705,2008-11-05,2009-11-05
21-809781,21,Off-Sale General,ACTIVE,Discount Liquor,Anthony Jackson Williams,852 1st Rd #750,Hayward,CA,94116,Alameda,(510) 351-8287,2006-08-12,2007-08-12
21-895215,21,Off-Sale General,ACTIVE,Spirits,Jennifer Martinez,1393 Madison Rd #455,Fremont,CA,91164,Alameda,(925) 882-6671,2010-07-01,2011-07-01
21-537537,21,Off-Sale General,ACTIVE,Package Store Alameda,Matthew Brown Thomas,8742 Madison Pl,Fremont,CA,93549,Alameda,(925) 275-8942,2005-04-07,2006-04-07
21-241355,21,Off-Sale General,ACTIVE,TheLiquor Store Berkeley Corp 11,Steven Rodriguez Thomas,9842 Ocean Pl #675,Berkeley,CA,93806,Alameda,(925) 754-3525,2017-04-08,2018-04-08
21-277411,21,Off-Sale General,ACTIVE,Spirits Hayward Company,John Smith,5830 Main Ln,Hayward,CA,92621,Alameda,(510) 785-1301,2004-06-07,2005-06-07
21-995737,21,Off-Sale General,ACTIVE,NewFine Wines Fremont LLC 48,Maria Smith,972 Sunset Ln #340,Fremont,CA,91437,Alameda,(925) 317-9710,2016-05-26,2017-05-26
21-408934,21,Off-Sale General,ACTIVE,Package Store Oakland,Maria Anderson,5035 Madison Ave,Oakland,CA,93311,Alameda,(510) 977-1569,2014-12-23,2015-12-23
21-218121,21,Off-Sale General,ACTIVE,Wine & Spirits Co,Robert Taylor,1708 Hollywood Ave,Berkeley,CA,95037,Alameda,(925) 599-7738,2006-11-03,2007-11-03
21-409160,21,Off-Sale General,ACTIVE,Spirits Alameda,Anthony Miller,3277 3rd Blvd,Berkeley,CA,95948,Alameda,(510) 591-7749,2013-11-27,2014-11-27
21-448617,21,Off-Sale General,ACTIVE,Beverage Store,Anthony Martinez,8401 State Ln #634,Oakland,CA,90737,Alameda,(510) 856-4217,2018-04-07,2019-04-07
21-120787,21,Off-Sale General,ACTIVE,Wine & Spirits Fremont LLC,Michelle Moore,3089 Ocean Blvd,Fremont,CA,92224,Alameda,(510) 655-7545,2000-02-08,2001-02-08
21-268010,21,Off-Sale General,ACTIVE,Fine Wines Alameda LLC,James Jackson,6825 Wilshire St,Livermore,CA,93510,Alameda,(510) 494-6618,2014-11-17,2015-11-17
21-383343,21,Off-Sale General,ACTIVE,Wine & Spirits Alameda Corp,William Smith Lopez,3105 Washington Ct #910,Hayward,CA,91881,Alameda,(510) 944-5724,2016-11-21,2017-11-21
21-313507,21,Off-Sale General,ACTIVE,Fine Wines Fremont Group,Mark Rodriguez Williams,4205 Madison Blvd #542,Fremont,CA,93649,Alameda,(925) 436-9881,2023-02-25,2024-02-25
21-873194,21,Off-Sale General,ACTIVE,Spirits Alameda Group,Mark Garcia,6545 Market Rd #479,Berkeley,CA,94341,Alameda,(925) 963-8929,2022-06-13,2023-06-13
21-966352,21,Off-Sale General,ACTIVE,NewFine Wines Berkeley Hills LLC 18,William Miller,4121 Ocean Pl #647,Berkeley,CA,94165,Alameda,(925) 392-5433,2013-08-20,2014-08-20
21-751550,21,Off-Sale General,ACTIVE,Wine & Spirits Oakland Valley,Christopher Taylor Davis,749 1st Way,Oakland,CA,91185,Alameda,(925) 438-3001,2024-05-23,2025-05-23
21-695320,21,Off-Sale General,ACTIVE,OldDiscount Liquor LLC 55,Kenneth Smith Rodriguez,4431 3rd Blvd,Hayward,CA,90153,Alameda,(925) 991-5501,2005-12-26,2006-12-26
21-451613,21,Off-Sale General,ACTIVE,Beverage Store Alameda Company,Maria Jones,9067 7th Ln #370,Oakland,CA,95133,Alameda,(925) 818-5704,2011-02-05,2012-02-05
21-539628,21,Off-Sale General,ACTIVE,Beverage Store Hayward 2,Christopher Garcia,2603 Mission Dr #260,Hayward,CA,91799,Alameda,(510) 673-8629,2017-01-11,2018-01-11
21-159139,21,Off-Sale General,ACTIVE,Fine Wines Livermore Hills Group,Matthew Martin Johnson,3946 Hollywood Blvd #629,Livermore,CA,94548,Alameda,(510) 251-4238,2019-07-26,2020-07-26
21-652963,21,Off-Sale General,ACTIVE,Wine & Spirits Inc,Daniel Smith,711 Pico Ln,Oakland,CA,93392,Alameda,(510) 329-3399,2023-06-14,2024-06-14
21-146449,21,Off-Sale General,ACTIVE,Discount Liquor Livermore Company,Andrew Moore Martin,5955 6th Ct #248,Livermore,CA,90920,Alameda,(925) 613-9610,2007-07-10,2008-07-10
21-955129,21,Off-Sale General,ACTIVE,Spirits Oakland,William Anderson,8565 Mission Ln #264,Oakland,CA,93549,Alameda,(510) 964-2827,2008-02-15,2009-02-15
21-120278,21,Off-Sale General,ACTIVE,Package Store Hayward,Jennifer Anderson,9142 2nd Ave,Hayward,CA,91325,Alameda,(925) 425-7293,2021-11-16,2022-11-16
21-215053,21,Off-Sale General,ACTIVE,Package Store Fremont Valley Co,David Martinez,7370 Jefferson Ave #945,Fremont,CA,95583,Alameda,(925) 204-7144,2006-12-24,2007-12-24
21-889888,21,Off-Sale General,ACTIVE,Wine & Spirits Corp,Lisa Martin,7192 1st St #247,Hayward,CA,94042,Alameda,(510) 927-2065,2021-12-01,2022-12-01
21-951435,21,Off-Sale General,ACTIVE,Discount Liquor Oakland Hills,John Hernandez,3128 Lincoln Pl,Oakland,CA,90610,Alameda,(510) 711-6263,2017-06-06,2018-06-06
21-762335,21,Off-Sale General,ACTIVE,ThePackage Store 23,John Hernandez,1590 Mission Blvd #457,Fremont,CA,92024,Alameda,(925) 560-3864,2008-08-13,2009-08-13
21-885617,21,Off-Sale General,ACTIVE,OldBeverage Store Oakland Group 4,Jennifer Davis Martinez,598 Front Dr,Oakland,CA,94811,Alameda,(510) 876-4664,2010-12-05,2011-12-05
21-145763,21,Off-Sale General,ACTIVE,Fine Wines 87,Christopher Rodriguez,5108 Wilshire Ct #540,Livermore,CA,91932,Alameda,(925) 341-7970,2008-11-07,2009-11-07
21-257120,21,Off-Sale General,ACTIVE,Wine & Spirits Corp,Daniel Martin,9301 Washington St #633,Berkeley,CA,92781,Alameda,(925) 452-8690,2015-04-19,2016-04-19
21-644600,21,Off-Sale General,ACTIVE,Fine Wines Fremont,Matthew Johnson Jones,4235 Market Ave #456,Fremont,CA,93841,Alameda,(510) 585-7856,2011-03-27,2012-03-27
21-143359,21,Off-Sale General,ACTIVE,Beverage Store,William Jones,4347 1st Ln #647,Berkeley,CA,90852,Alameda,(510) 399-4992,2005-03-15,2006-03-15
21-144483,21,Off-Sale General,ACTIVE,Discount Liquor Hayward Inc,Matthew Davis,7479 Jefferson Ln,Hayward,CA,90851,Alameda,(510) 614-4907,2003-06-18,2004-06-18
21-796866,21,Off-Sale General,ACTIVE,Package Store Alameda,Daniel Hernandez,2255 Washington Dr,Berkeley,CA,90575,Alameda,(510) 223-2516,2022-07-19,2023-07-19
21-597347,21,Off-Sale General,ACTIVE,Package Store Alameda 62,Mark Moore,9842 2nd Ln #344,Berkeley,CA,91390,Alameda,(925) 610-7644,2003-08-15,2004-08-15
21-119950,21,Off-Sale General,ACTIVE,Spirits Group,Robert Jackson,4056 Main Ave,Oakland,CA,92839,Alameda,(510) 347-7085,2002-12-02,2003-12-02
21-481966,21,Off-Sale General,ACTIVE,OldSpirits 75,Steven Martinez,9359 Madison Way,Livermore,CA,90161,Alameda,(510) 829-2074,2001-01-05,2002-01-05
21-973768,21,Off-Sale General,ACTIVE,TheLiquor Store Alameda 47,William Gonzalez,7320 State Blvd,Hayward,CA,91899,Alameda,(925) 730-1663,2001-05-10,2002-05-10
21-249507,21,Off-Sale General,ACTIVE,OldPackage Store Berkeley Co 2,Jennifer Wilson Smith,4720 Franklin Way #738,Berkeley,CA,94875,Alameda,(510) 492-2587,2002-10-26,2003-10-26
21-487181,21,Off-Sale General,ACTIVE,Beverage Store 30,Lisa Davis,1939 3rd Ln,Fremont,CA,92408,Alameda,(510) 543-9939,2002-08-09,2003-08-09
21-441720,21,Off-Sale General,ACTIVE,Package Store Fremont,Maria Martinez,3855 Maple Way,Fremont,CA,93799,Alameda,(510) 390-5373,2000-06-20,2001-06-20
21-620309,21,Off-Sale General,ACTIVE,Package Store,David Martinez,2485 Mission Ln,Livermore,CA,93768,Alameda,(925) 444-5849,2022-01-17,2023-01-17
21-143543,21,Off-Sale General,ACTIVE,TheBeverage Store Livermore Heights 65,Matthew Wilson,8908 Ocean Ct,Livermore,CA,94762,Alameda,(925) 752-6639,2006-10-11,2007-10-11
21-250723,21,Off-Sale General,ACTIVE,OldPackage Store Alameda Inc 44,Maria Brown Garcia,1036 Washington St,Livermore,CA,90197,Alameda,(925) 398-7474,2006-06-15,2007-06-15
21-280523,21,Off-Sale General,ACTIVE,Fine Wines,Lisa Rodriguez,7859 Lincoln Ln #642,Fremont,CA,95829,Alameda,(510) 515-9266,2002-11-12,2003-11-12
21-452593,21,Off-Sale General,ACTIVE,Fine Wines Fremont Inc,Mark Williams Moore,7568 Madison Ct,Fremont,CA,91741,Alameda,(510) 583-6966,2006-10-09,2007-10-09
21-817575,21,Off-Sale General,ACTIVE,Liquor Store,Michael Martin,6796 6th Rd,Fremont,CA,94011,Alameda,(510) 919-7414,2013-02-22,2014-02-22
21-904224,21,Off-Sale General,ACTIVE,OldFine Wines Berkeley 50,Andrew Davis,6486 Oak St #159,Berkeley,CA,90059,Alameda,(510) 958-4104,2024-05-21,2025-05-21
21-913110,21,Off-Sale General,ACTIVE,NewSpirits Alameda 76,Maria Moore Williams,7576 Front St,Livermore,CA,93311,Alameda,(510) 887-3558,2011-10-25,2012-10-25
21-975658,21,Off-Sale General,ACTIVE,Liquor Store Group,Christopher Garcia Brown,5050 7th Ln,Fremont,CA,91462,Alameda,(510) 942-3054,2011-02-23,2012-02-23
21-234323,21,Off-Sale General,ACTIVE,Fine Wines,Maria Williams,2345 4th Ct,Livermore,CA,95130,Alameda,(510) 362-4042,2001-08-10,2002-08-10
21-950888,21,Off-Sale General,ACTIVE,Spirits Livermore Hills Group,Christopher Jackson,2805 Jefferson Rd,Livermore,CA,92348,Alameda,(925) 928-4567,2002-03-28,2003-03-28
21-124787,21,Off-Sale General,ACTIVE,Discount Liquor Alameda Corp,Andrew Taylor,8054 2nd Ave,Livermore,CA,95147,Alameda,(925) 305-6467,2000-02-18,2001-02-18
21-223556,21,Off-Sale General,ACTIVE,Package Store 16,Steven Jones,9914 Oak St #144,Oakland,CA,94120,Alameda,(925) 775-3290,2015-02-07,2016-02-07
21-927269,21,Off-Sale General,ACTIVE,Fine Wines,Michelle Smith Jackson,3987 Hollywood Rd #671,Hayward,CA,94927,Alameda,(510) 444-1167,2024-11-27,2025-11-27
21-461990,21,Off-Sale General,ACTIVE,Wine & Spirits Alameda,Maria Williams,6236 Jefferson Rd #275,Livermore,CA,90429,Alameda,(925) 677-5763,2004-09-12,2005-09-12
21-181865,21,Off-Sale General,ACTIVE,Discount Liquor Group,David Wilson,9062 Lincoln St #862,Hayward,CA,93003,Alameda,(925) 452-9843,2019-03-11,2020-03-11
21-833003,21,Off-Sale General,ACTIVE,Fine Wines Berkeley Valley Corp,David Martinez,692 Lincoln Pl,Berkeley,CA,95639,Alameda,(510) 261-1903,2017-05-12,2018-05-12
21-868818,21,Off-Sale General,ACTIVE,Fine Wines Inc 35,Matthew Jones,5404 Main Way,Berkeley,CA,94398,Alameda,(925) 408-1141,2013-10-12,2014-10-12
21-127942,21,Off-Sale General,ACTIVE,OldSpirits Alameda 39,David Jones,9720 Lincoln Rd,Livermore,CA,95388,Alameda,(925) 971-3013,2022-12-16,2023-12-16
21-879714,21,Off-Sale General,ACTIVE,OldBeverage Store Alameda 50,Matthew Jones,6419 Hollywood Dr #597,Hayward,CA,93377,Alameda,(925) 976-5803,2017-05-15,2018-05-15
21-899228,21,Off-Sale General,ACTIVE,Spirits Oakland Company,Paul Martin,8329 Hollywood Blvd #187,Oakland,CA,92339,Alameda,(510) 840-8455,2001-10-24,2002-10-24
21-518910,21,Off-Sale General,ACTIVE,Wine & Spirits Berkeley,Robert Thomas,5640 2nd Dr,Berkeley,CA,93596,Alameda,(925) 574-3426,2012-11-23,2013-11-23
21-655387,21,Off-Sale General,ACTIVE,Wine & Spirits,Lisa Wilson,810 7th Way #525,Oakland,CA,92942,Alameda,(925) 901-8087,2023-06-15,2024-06-15
21-840465,21,Off-Sale General,ACTIVE,Fine Wines Company,Mark Taylor,159 Lincoln Dr,Livermore,CA,91087,Alameda,(510) 697-6675,2020-07-09,2021-07-09
21-428250,21,Off-Sale General,ACTIVE,NewWine & Spirits 81,Lisa Thomas,8307 Franklin Dr,Fremont,CA,95094,Alameda,(925) 851-2394,2024-05-21,2025-05-21
21-788823,21,Off-Sale General,ACTIVE,Discount Liquor Oakland Inc,John Gonzalez,861 Sunset Rd,Oakland,CA,92738,Alameda,(925) 220-6332,2024-03-03,2025-03-03
21-933776,21,Off-Sale General,ACTIVE,Fine Wines Corp 85,Anthony Jones Moore,3740 Maple Ln,Fremont,CA,96153,Alameda,(510) 579-7063,2001-11-24,2002-11-24
21-727268,21,Off-Sale General,ACTIVE,Spirits,Michael Thomas Gonzalez,786 Front Rd #967,Berkeley,CA,94819,Alameda,(510) 824-8215,2007-05-05,2008-05-05
21-152394,21,Off-Sale General,ACTIVE,Beverage Store Oakland Inc,Christopher Davis,8322 Pico Rd,Oakland,CA,93350,Alameda,(925) 971-4493,2012-06-01,2013-06-01
21-625315,21,Off-Sale General,ACTIVE,Beverage Store 89,Michelle Martin Lopez,8879 Washington St,Berkeley,CA,94452,Alameda,(925) 725-4346,2024-11-13,2025-11-13
21-519365,21,Off-Sale General,ACTIVE,NewPackage Store Alameda 81,Matthew Brown,7968 Front Rd #139,Fremont,CA,90245,Alameda,(510) 915-9466,2011-12-08,2012-12-08
21-979827,21,Off-Sale General,ACTIVE,Discount Liquor Corp,John Martin,9781 Ocean Pl,Berkeley,CA,94607,Alameda,(925) 222-7478,2008-07-06,2009-07-06
21-829375,21,Off-Sale General,ACTIVE,Beverage Store Livermore,James Gonzalez,4655 State Pl,Livermore,CA,93249,Alameda,(510) 463-5115,2007-05-01,2008-05-01
21-823397,21,Off-Sale General,ACTIVE,Beverage Store LLC,Maria Smith,5083 Market St,Berkeley,CA,90078,Alameda,(925) 792-3276,2007-03-04,2008-03-04
21-480229,21,Off-Sale General,ACTIVE,Package Store Company 55,William Smith,8406 Broadway Blvd,Livermore,CA,93662,Alameda,(510) 455-9398,2021-02-06,2022-02-06
21-396112,21,Off-Sale General,ACTIVE,Package Store Livermore Company,Robert Williams,2317 Ocean Ln #622,Livermore,CA,91834,Alameda,(925) 937-7908,2012-06-11,2013-06-11
21-615918,21,Off-Sale General,ACTIVE,NewBeverage Store Company 70,Matthew Garcia,4749 Wilshire Way #198,Fremont,CA,95499,Alameda,(510) 379-3997,2018-07-01,2019-07-01
21-912969,21,Off-Sale General,ACTIVE,TheSpirits 11,Michelle Moore,386 Madison Ave #740,Oakland,CA,90677,Alameda,(510) 795-2914,2005-06-25,2006-06-25
21-434304,21,Off-Sale General,ACTIVE,Package Store Hayward Co,Michael Lopez Miller,7481 Maple Ln,Hayward,CA,93370,Alameda,(510) 423-2349,2023-06-27,2024-06-27
21-435209,21,Off-Sale General,ACTIVE,OldLiquor Store Oakland 49,John Wilson,254 Washington Way,Oakland,CA,90506,Alameda,(925) 848-1336,2020-05-09,2021-05-09
21-461985,21,Off-Sale General,ACTIVE,Fine Wines Alameda Co 16,Michael Hernandez Jones,2489 1st Ln,Oakland,CA,90364,Alameda,(925) 391-8637,2018-12-03,2019-12-03
21-559154,21,Off-Sale General,ACTIVE,Spirits Hayward Inc,Michael Moore,957 Market St,Hayward,CA,95207,Alameda,(925) 915-8964,2008-12-23,2009-12-23
21-678282,21,Off-Sale General,ACTIVE,Fine Wines Livermore Heights,Anthony Jackson,9185 Main Pl,Livermore,CA,94585,Alameda,(925) 706-4740,2022-02-25,2023-02-25
21-561685,21,Off-Sale General,ACTIVE,Spirits Corp,Steven Gonzalez,9290 Pico Way #586,Livermore,CA,90915,Alameda,(510) 753-2216,2009-03-15,2010-03-15
21-543259,21,Off-Sale General,ACTIVE,Discount Liquor,Maria Hernandez,4772 Oak Rd,Berkeley,CA,90750,Alameda,(925) 961-5931,2005-06-02,2006-06-02
21-853744,21,Off-Sale General,ACTIVE,Wine & Spirits Alameda Company,Anthony Williams,3822 4th Blvd,Fremont,CA,92304,Alameda,(925) 663-5188,2016-04-20,2017-04-20
21-635025,21,Off-Sale General,ACTIVE,NewPackage Store Inc 42,Lisa Wilson,3010 Ocean Rd,Oakland,CA,94519,Alameda,(510) 663-6743,2006-01-01,2007-01-01
21-493009,21,Off-Sale General,ACTIVE,Beverage Store,Jennifer Rodriguez Taylor,4611 Madison Blvd,Berkeley,CA,92759,Alameda,(510) 761-9360,2009-12-27,2010-12-27
21-109431,21,Off-Sale General,ACTIVE,Fine Wines Alameda Company,Anthony Wilson,9301 Washington Pl,Fremont,CA,95348,Alameda,(925) 906-1285,2003-09-04,2004-09-04
21-871194,21,Off-Sale General,ACTIVE,Package Store Alameda LLC,David Gonzalez,2660 Wilshire Dr,Fremont,CA,95853,Alameda,(925) 400-8508,2023-12-16,2024-12-16
21-417237,21,Off-Sale General,ACTIVE,Fine Wines Group,Robert Lopez,1216 1st St,Fremont,CA,93644,Alameda,(510) 306-7593,2003-10-04,2004-10-04
21-663693,21,Off-Sale General,ACTIVE,TheFine Wines 72,James Smith,5788 State Blvd,Fremont,CA,91737,Alameda,(925) 531-6465,2015-12-08,2016-12-08
21-517145,21,Off-Sale General,ACTIVE,Package Store Oakland,Jennifer Gonzalez,4236 State Dr,Oakland,CA,95747,Alameda,(510) 389-9071,2021-08-10,2022-08-10
21-146202,21,Off-Sale General,ACTIVE,NewDiscount Liquor Alameda 50,Michael Martinez,702 Lincoln St,Livermore,CA,91508,Alameda,(510) 999-7999,2004-05-06,2005-05-06
21-218104,21,Off-Sale General,ACTIVE,Fine Wines Hayward Co,Jennifer Jones,5069 1st Pl #771,Hayward,CA,93561,Alameda,(925) 880-9161,2010-09-11,2011-09-11
21-314865,21,Off-Sale General,ACTIVE,Liquor Store Alameda Group,Daniel Moore,7066 Jefferson Blvd,Hayward,CA,95579,Alameda,(510) 573-7911,2013-02-04,2014-02-04
21-837953,21,Off-Sale General,ACTIVE,NewDiscount Liquor 28,Robert Jackson,2965 Front Ct #189,Livermore,CA,93281,Alameda,(925) 552-3915,2000-10-17,2001-10-17
21-867079,21,Off-Sale General,ACTIVE,Spirits Alameda,Michelle Anderson Davis,1285 4th Way,Hayward,CA,94324,Alameda,(510) 693-7840,2007-05-10,2008-05-10
21-497640,21,Off-Sale General,ACTIVE,Discount Liquor Berkeley Company,David Davis Johnson,8636 Oak Blvd,Berkeley,CA,91853,Alameda,(510) 942-1690,2001-12-16,2002-12-16
21-801252,21,Off-Sale General,ACTIVE,Fine Wines Company,Anthony Garcia Miller,7884 Madison Dr,Oakland,CA,91705,Alameda,(925) 707-2846,2013-12-16,2014-12-16
21-327228,21,Off-Sale General,ACTIVE,Fine Wines Alameda,Jennifer Johnson,6492 Broadway Ln,Berkeley,CA,94500,Alameda,(925) 477-6889,2011-07-28,2012-07-28
21-757616,21,Off-Sale General,ACTIVE,TheDiscount Liquor Hayward 41,Daniel Davis,628 State Rd,Hayward,CA,90214,Alameda,(510) 482-6880,2015-05-01,2016-05-01
21-428318,21,Off-Sale General,ACTIVE,OldWine & Spirits Hayward Hills Group 70,Michelle Gonzalez,1550 Hollywood Rd,Hayward,CA,95668,Alameda,(510) 858-2240,2021-12-14,2022-12-14
21-274171,21,Off-Sale General,ACTIVE,Liquor Store Group,Kenneth Gonzalez,8930 Wilshire Ct #649,Oakland,CA,95959,Alameda,(925) 951-8790,2002-04-25,2003-04-25
21-349784,21,Off-Sale General,ACTIVE,Fine Wines Fremont Corp 87,Maria Thomas,5094 Ocean Ct #670,Fremont,CA,92297,Alameda,(510) 946-2987,2017-11-10,2018-11-10
21-317207,21,Off-Sale General,ACTIVE,Spirits Company,James Lopez Lopez,216 7th Blvd #212,Hayward,CA,92458,Alameda,(510) 388-4403,2024-02-19,2025-02-19
21-826314,21,Off-Sale General,ACTIVE,Fine Wines Livermore Hills,Anthony Miller,5866 Maple Ln,Livermore,CA,94948,Alameda,(925) 546-3531,2001-03-19,2002-03-19
21-199506,21,Off-Sale General,ACTIVE,Discount Liquor,James Hernandez,9036 7th Blvd,Livermore,CA,92869,Alameda,(510) 987-8675,2018-04-11,2019-04-11
21-354807,21,Off-Sale General,ACTIVE,Package Store Co,Lisa Taylor,7303 Oak Dr #434,Livermore,CA,91781,Alameda,(510) 607-4979,2022-03-19,2023-03-19
21-311780,21,Off-Sale General,ACTIVE,Wine & Spirits Fremont,Maria Moore,5023 4th St,Fremont,CA,90003,Alameda,(925) 514-3477,2011-12-07,2012-12-07
21-489698,21,Off-Sale General,ACTIVE,Beverage Store,David Taylor,9934 Madison Ave #363,Livermore,CA,90289,Alameda,(510) 362-6328,2016-10-10,2017-10-10
21-356067,21,Off-Sale General,ACTIVE,Spirits Alameda Group 15,Lisa Martin,2854 Franklin Dr,Hayward,CA,94595,Alameda,(510) 291-6916,2006-07-26,2007-07-26
21-565915,21,Off-Sale General,ACTIVE,Beverage Store Corp,Anthony Garcia,1327 3rd St,Fremont,CA,93935,Alameda,(510) 482-4975,2011-02-12,2012-02-12
21-457000,21,Off-Sale General,ACTIVE,Package Store Livermore Hills,Daniel Jones Jones,2955 4th Dr #525,Livermore,CA,95148,Alameda,(510) 841-5921,2008-12-26,2009-12-26
21-136159,21,Off-Sale General,ACTIVE,OldPackage Store Alameda Inc 9,John Rodriguez,2088 Maple St,Fremont,CA,90034,Alameda,(925) 965-5918,2015-12-02,2016-12-02
21-520617,21,Off-Sale General,ACTIVE,Beverage Store Co 83,Michelle Miller,6976 Franklin Ct,Hayward,CA,90379,Alameda,(925) 307-1115,2007-12-18,2008-12-18
21-605917,21,Off-Sale General,ACTIVE,Package Store Inc,Jennifer Miller,7221 Lincoln Way #239,Fremont,CA,94680,Alameda,(925) 799-8702,2007-06-14,2008-06-14
21-738399,21,Off-Sale General,ACTIVE,Discount Liquor Corp,Michelle Smith,7927 7th Dr,Fremont,CA,94591,Alameda,(925) 716-9913,2003-09-01,2004-09-01
21-454757,21,Off-Sale General,ACTIVE,Package Store,Maria Anderson,5384 Main Blvd,Berkeley,CA,92483,Alameda,(925) 494-8246,2024-12-23,2025-12-23
21-270482,21,Off-Sale General,ACTIVE,OldLiquor Store Livermore 99,David Thomas,4121 7th Rd,Livermore,CA,93526,Alameda,(925) 351-3571,2015-11-18,2016-11-18
21-312788,21,Off-Sale General,ACTIVE,Package Store Livermore Valley Inc,Maria Brown,4436 Ocean Blvd #320,Livermore,CA,90828,Alameda,(925) 851-3474,2006-08-26,2007-08-26
21-627679,21,Off-Sale General,ACTIVE,Wine & Spirits Alameda,Andrew Miller,9811 Oak Ln,Oakland,CA,95285,Alameda,(510) 936-3566,2014-03-15,2015-03-15
21-781012,21,Off-Sale General,ACTIVE,TheWine & Spirits Alameda Company 63,Lisa Rodriguez,9562 Oak Dr,Hayward,CA,92061,Alameda,(925) 311-8225,2008-09-18,2009-09-18
21-991030,21,Off-Sale General,ACTIVE,Fine Wines Alameda Co,Michael Miller,936 2nd Rd,Oakland,CA,91444,Alameda,(510) 564-9540,2015-11-14,2016-11-14
21-280412,21,Off-Sale General,ACTIVE,TheWine & Spirits Alameda Group 18,Paul Rodriguez,1396 Broadway Dr #927,Berkeley,CA,94430,Alameda,(925) 396-2733,2000-08-26,2001-08-26
21-456587,21,Off-Sale General,ACTIVE,Package Store Fremont Inc,Kenneth Garcia,9871 Front Rd,Fremont,CA,91369,Alameda,(510) 943-2455,2000-04-08,2001-04-08
21-894893,21,Off-Sale General,ACTIVE,Spirits,Michael Gonzalez,6700 Franklin Pl,Fremont,CA,95451,Alameda,(925) 233-8303,2024-01-22,2025-01-22
21-445237,21,Off-Sale General,ACTIVE,Fine Wines 100,Maria Hernandez Davis,813 Mission Ave,Oakland,CA,94646,Alameda,(510) 234-8993,2003-05-11,2004-05-11
21-742101,21,Off-Sale General,ACTIVE,Beverage Store Oakland Co 1,Maria Garcia,3747 5th Blvd #182,Oakland,CA,90566,Alameda,(510) 869-3524,2012-08-02,2013-08-02
21-315203,21,Off-Sale General,ACTIVE,TheBeverage Store Hayward 53,Paul Johnson Davis,9408 Sunset Blvd #828,Hayward,CA,95869,Alameda,(510) 639-7192,2012-04-24,2013-04-24
21-438441,21,Off-Sale General,ACTIVE,NewSpirits 15,Michelle Gonzalez,8283 6th Blvd #873,Livermore,CA,92398,Alameda,(510) 844-4627,2020-02-14,2021-02-14
21-294974,21,Off-Sale General,ACTIVE,Discount Liquor Hayward Company,James Johnson,9073 1st Pl,Hayward,CA,94562,Alameda,(925) 435-9954,2000-07-03,2001-07-03
21-578611,21,Off-Sale General,ACTIVE,Beverage Store Inc,Lisa Smith,8385 Washington Ct,Oakland,CA,91465,Alameda,(510) 788-3921,2006-05-25,2007-05-25
21-324199,21,Off-Sale General,ACTIVE,Fine Wines,William Moore,8665 Oak Rd,Berkeley,CA,95540,Alameda,(510) 229-4014,2012-07-12,2013-07-12
21-174641,21,Off-Sale General,ACTIVE,TheWine & Spirits Berkeley LLC 86,John Garcia,6879 3rd Ct,Berkeley,CA,93976,Alameda,(510) 437-3229,2012-12-12,2013-12-12
21-501078,21,Off-Sale General,ACTIVE,Package Store Co,Jennifer Anderson Garcia,485 State Ln,Hayward,CA,95827,Alameda,(925) 276-8335,2010-08-20,2011-08-20
21-857559,21,Off-Sale General,ACTIVE,Liquor Store Livermore,Robert Jones,4267 Ocean Way,Livermore,CA,90236,Alameda,(925) 516-2206,2013-12-19,2014-12-19
21-787776,21,Off-Sale General,ACTIVE,Beverage Store Alameda Corp,Michael Davis,3652 2nd Ct #830,Hayward,CA,93186,Alameda,(925) 515-5572,2009-08-11,2010-08-11
21-331215,21,Off-Sale General,ACTIVE,Wine & Spirits,Lisa Brown,2225 Washington Way #136,Livermore,CA,93159,Alameda,(925) 470-5063,2015-09-27,2016-09-27
21-437045,21,Off-Sale General,ACTIVE,Spirits Berkeley Heights Company,Robert Taylor,2387 5th Dr #722,Berkeley,CA,91854,Alameda,(925) 411-6604,2019-06-23,2020-06-23
21-764175,21,Off-Sale General,ACTIVE,Discount Liquor Livermore,Michelle Brown,6559 State Ct,Livermore,CA,95448,Alameda,(925) 585-9353,2023-06-17,2024-06-17
21-921389,21,Off-Sale General,ACTIVE,Fine Wines,Anthony Taylor,1447 Pico St,Hayward,CA,93944,Alameda,(925) 202-4420,2011-02-07,2012-02-07
21-797151,21,Off-Sale General,ACTIVE,Liquor Store Oakland Valley Co,James Jackson Davis,3714 Jefferson Ct,Oakland,CA,90732,Alameda,(510) 636-9959,2020-03-24,2021-03-24
21-764860,21,Off-Sale General,ACTIVE,Wine & Spirits Alameda,James Taylor,9705 Maple Rd #532,Oakland,CA,90641,Alameda,(925) 232-4841,2021-03-09,2022-03-09
21-397216,21,Off-Sale General,ACTIVE,OldLiquor Store Inc 99,Jennifer Thomas,4788 4th St #893,Livermore,CA,95570,Alameda,(510) 665-2727,2021-10-04,2022-10-04
21-687396,21,Off-Sale General,ACTIVE,Liquor Store Oakland Hills,John Lopez,7115 Washington Blvd,Oakland,CA,96031,Alameda,(925) 909-5106,2007-10-16,2008-10-16
21-153574,21,Off-Sale General,ACTIVE,Discount Liquor Alameda,Jennifer Martinez Lopez,6689 Sunset Rd,Hayward,CA,92008,Alameda,(510) 346-5826,2004-01-18,2005-01-18
21-832976,21,Off-Sale General,ACTIVE,Spirits,Matthew Miller,6580 6th Ave #251,Fremont,CA,92605,Alameda,(925) 747-5233,2012-06-05,2013-06-05
21-889677,21,Off-Sale General,ACTIVE,Spirits Oakland Inc,Daniel Moore,6483 5th Dr,Oakland,CA,94025,Alameda,(925) 513-6377,2006-08-16,2007-08-16
21-700190,21,Off-Sale General,ACTIVE,NewBeverage Store 33,Mark Martinez,812 Franklin Rd,Livermore,CA,93524,Alameda,(925) 708-1704,2002-10-01,2003-10-01
21-791565,21,Off-Sale General,ACTIVE,Package Store Group,Matthew Jones,7761 Lincoln Dr,Berkeley,CA,95194,Alameda,(510) 520-2407,2003-04-24,2004-04-24
21-282029,21,Off-Sale General,ACTIVE,Liquor Store Oakland,Andrew Thomas,3694 Pico St #254,Oakland,CA,92608,Alameda,(510) 462-3424,2023-08-05,2024-08-05
21-817944,21,Off-Sale General,ACTIVE,Package Store Alameda LLC,Lisa Smith Thomas,7212 Pico Ln #654,Oakland,CA,94382,Alameda,(925) 779-8606,2020-02-20,2021-02-20
21-205344,21,Off-Sale General,ACTIVE,Beverage Store Inc,Daniel Jones,1052 Market Dr #733,Livermore,CA,91839,Alameda,(510) 900-9924,2000-08-06,2001-08-06
21-197674,21,Off-Sale General,ACTIVE,Liquor Store Co,Christopher Moore,9986 Wilshire Blvd,Fremont,CA,90672,Alameda,(510) 332-9778,2013-03-13,2014-03-13
21-422978,21,Off-Sale General,ACTIVE,Package Store Livermore Valley,Maria Jones,8600 1st Rd,Livermore,CA,90661,Alameda,(510) 688-8580,2015-01-28,2016-01-28
21-390865,21,Off-Sale General,ACTIVE,Discount Liquor Livermore Heights LLC,David Martin Johnson,1596 Hollywood Ave,Livermore,CA,92483,Alameda,(510) 736-4929,2016-07-15,2017-07-15
21-463992,21,Off-Sale General,ACTIVE,ThePackage Store Hayward 2,Lisa Taylor,3825 3rd Ave,Hayward,CA,95410,Alameda,(510) 751-5747,2011-03-27,2012-03-27
21-409963,21,Off-Sale General,ACTIVE,Fine Wines,Mark Hernandez Taylor,1374 Hollywood St #136,Livermore,CA,95113,Alameda,(510) 344-8508,2017-08-07,2018-08-07
21-542036,21,Off-Sale General,ACTIVE,Fine Wines Alameda,Andrew Martinez,9217 Sunset Way,Livermore,CA,91488,Alameda,(510) 406-2482,2022-01-02,2023-01-02
21-140254,21,Off-Sale General,ACTIVE,Discount Liquor Oakland,Michael Miller,673 Oak Ln,Oakland,CA,93962,Alameda,(510) 374-7029,2009-11-10,2010-11-10
21-640080,21,Off-Sale General,ACTIVE,Beverage Store Alameda,Jennifer Davis,5414 Pico Pl,Fremont,CA,91932,Alameda,(925) 241-8921,2009-09-23,2010-09-23
21-969231,21,Off-Sale General,ACTIVE,Liquor Store Company,Mark Jones,7853 Washington Way,Hayward,CA,91363,Alameda,(925) 226-9253,2014-10-01,2015-10-01
21-424609,21,Off-Sale General,ACTIVE,Package Store,William Miller,5424 Ocean Ln,Livermore,CA,90937,Alameda,(925) 582-1918,2023-05-23,2024-05-23
21-457465,21,Off-Sale General,ACTIVE,Package Store LLC,Robert Anderson,6437 6th Ave,Berkeley,CA,94392,Alameda,(510) 612-2634,2021-02-16,2022-02-16
21-790288,21,Off-Sale General,ACTIVE,Liquor Store 95,Robert Johnson,4310 1st Way,Livermore,CA,95308,Alameda,(510) 220-9468,2016-05-24,2017-05-24
21-101025,21,Off-Sale General,ACTIVE,TheSpirits Oakland Inc 85,Michelle Hernandez Hernandez,2947 Pico Pl #107,Oakland,CA,93575,Alameda,(925) 264-6890,2018-05-28,2019-05-28
21-469468,21,Off-Sale General,ACTIVE,Beverage Store Berkeley,David Hernandez,3214 Main Way,Berkeley,CA,92500,Alameda,(925) 922-7305,2017-05-10,2018-05-10
21-836517,21,Off-Sale General,ACTIVE,NewPackage Store Fremont 29,Maria Gonzalez,8350 Washington Way,Fremont,CA,95828,Alameda,(925) 418-1120,2002-05-12,2003-05-12
21-793618,21,Off-Sale General,ACTIVE,Fine Wines Fremont,William Rodriguez Smith,3678 4th Ave #853,Fremont,CA,90169,Alameda,(925) 762-8043,2009-08-24,2010-08-24
21-981454,21,Off-Sale General,ACTIVE,Wine & Spirits Livermore Heights Company,Matthew Anderson,2646 Ocean St #738,Livermore,CA,92989,Alameda,(510) 407-7101,2007-06-17,2008-06-17
21-771866,21,Off-Sale General,ACTIVE,Beverage Store,Robert Jackson,8689 Maple Ct,Oakland,CA,92842,Alameda,(510) 272-7232,2016-09-14,2017-09-14
21-436540,21,Off-Sale General,ACTIVE,Wine & Spirits Group,Andrew Taylor,8178 Main Pl,Livermore,CA,92102,Alameda,(925) 356-7085,2004-05-04,2005-05-04
21-414954,21,Off-Sale General,ACTIVE,Liquor Store,Andrew Martin,4232 Ocean Blvd,Hayward,CA,95378,Alameda,(925) 601-7543,2021-04-02,2022-04-02
21-555250,21,Off-Sale General,ACTIVE,Package Store Co,Maria Lopez,9195 6th Dr,Fremont,CA,96159,Alameda,(925) 766-4841,2007-06-20,2008-06-20
21-905485,21,Off-Sale General,ACTIVE,Discount Liquor Livermore,Jennifer Moore,8254 7th Way,Livermore,CA,90649,Alameda,(510) 425-7513,2020-06-23,2021-06-23
21-529498,21,Off-Sale General,ACTIVE,OldPackage Store Alameda Corp 46,Matthew Martin,8337 Hollywood St,Fremont,CA,94641,Alameda,(925) 850-2019,2013-01-02,2014-01-02
21-835111,21,Off-Sale General,ACTIVE,Discount Liquor,Steven Smith,7702 Market Rd,Livermore,CA,93090,Alameda,(510) 736-1594,2009-01-20,2010-01-20
21-125843,21,Off-Sale General,ACTIVE,Wine & Spirits Company,Mark Rodriguez,8619 Broadway St #544,Berkeley,CA,93986,Alameda,(925) 767-9766,2024-04-04,2025-04-04
21-125428,21,Off-Sale General,ACTIVE,NewBeverage Store Oakland Heights Inc 59,Steven Miller,7054 Washington Dr,Oakland,CA,90739,Alameda,(925) 373-4901,2001-03-18,2002-03-18
21-243299,21,Off-Sale General,ACTIVE,Package Store,Michelle Martin Davis,4773 Broadway Pl #826,Oakland,CA,95278,Alameda,(510) 303-7460,2017-03-19,2018-03-19
21-506691,21,Off-Sale General,ACTIVE,Spirits Berkeley Valley 63,Maria Martinez,4244 Main Ave #883,Berkeley,CA,92237,Alameda,(510) 813-3318,2002-12-14,2003-12-14
21-249941,21,Off-Sale General,ACTIVE,Beverage Store Company,Steven Moore,179 Sunset Dr #862,Oakland,CA,92971,Alameda,(510) 343-7143,2012-09-02,2013-09-02
21-750355,21,Off-Sale General,ACTIVE,Spirits Hayward,John Lopez Taylor,2543 Ocean Ct,Hayward,CA,92470,Alameda,(510) 773-1414,2011-05-15,2012-05-15
21-243541,21,Off-Sale General,ACTIVE,Fine Wines Hayward Hills,Michael Miller,8663 4th Blvd,Hayward,CA,95711,Alameda,(925) 503-3554,2014-09-02,2015-09-02
21-181450,21,Off-Sale General,ACTIVE,Wine & Spirits Alameda Group,Michelle Jones,1210 Washington Ln,Berkeley,CA,93246,Alameda,(925) 361-4846,2002-01-03,2003-01-03
21-443834,21,Off-Sale General,ACTIVE,Beverage Store,William Moore,8647 1st Dr,Fremont,CA,92060,Alameda,(925) 920-4489,2019-05-25,2020-05-25
21-365270,21,Off-Sale General,ACTIVE,Beverage Store Fremont,Lisa Smith,3509 3rd Dr #196,Fremont,CA,92272,Alameda,(925) 248-4205,2013-12-16,2014-12-16
21-584879,21,Off-Sale General,ACTIVE,Discount Liquor Company,James Thomas Brown,9742 Lincoln Ln,Fremont,CA,90578,Alameda,(510) 759-7131,2011-12-03,2012-12-03
21-534174,21,Off-Sale General,ACTIVE,Liquor Store,Matthew Miller,4918 Washington Dr,Berkeley,CA,94471,Alameda,(925) 344-9026,2001-03-01,2002-03-01
21-991593,21,Off-Sale General,ACTIVE,Beverage Store Company,Maria Johnson,6387 Broadway Ln #675,Hayward,CA,93429,Alameda,(510) 348-3637,2017-08-07,2018-08-07
21-852472,21,Off-Sale General,ACTIVE,Fine Wines Group,Paul Williams,9900 4th Ave #915,Hayward,CA,91933,Alameda,(510) 514-6719,2004-08-20,2005-08-20
21-789551,21,Off-Sale General,ACTIVE,TheBeverage Store 15,Daniel Hernandez,6982 Oak Way,Oakland,CA,92484,Alameda,(510) 626-6507,2013-06-09,2014-06-09
21-930774,21,Off-Sale General,ACTIVE,Liquor Store,Michelle Jones,9134 4th Ln,Berkeley,CA,91665,Alameda,(510) 204-3080,2009-04-06,2010-04-06
21-816910,21,Off-Sale General,ACTIVE,Discount Liquor Livermore Valley Group,Maria Martin,5966 1st Pl,Livermore,CA,91048,Alameda,(925) 478-2276,2010-05-10,2011-05-10
21-635052,21,Off-Sale General,ACTIVE,Package Store Berkeley Valley Group,John Hernandez,6511 Main Dr,Berkeley,CA,90097,Alameda,(925) 599-3147,2003-12-10,2004-12-10
21-421244,21,Off-Sale General,ACTIVE,Package Store,Kenneth Jackson,776 Maple Dr,Hayward,CA,95478,Alameda,(925) 433-2030,2003-12-18,2004-12-18
21-522178,21,Off-Sale General,ACTIVE,Package Store LLC,Steven Anderson,7178 Lincoln Blvd,Hayward,CA,90345,Alameda,(925) 809-8824,2012-01-24,2013-01-24
21-350109,21,Off-Sale General,ACTIVE,Liquor Store,Kenneth Martinez,4476 Broadway Ave,Fremont,CA,91971,Alameda,(510) 577-2842,2006-09-02,2007-09-02
21-824870,21,Off-Sale General,ACTIVE,Package Store Co 70,Kenneth Martin,1588 Front St,Fremont,CA,91785,Alameda,(510) 515-3615,2001-09-21,2002-09-21
21-336888,21,Off-Sale General,ACTIVE,OldPackage Store 78,Lisa Hernandez,1091 Wilshire Dr,Livermore,CA,95722,Alameda,(510) 580-1947,2003-12-17,2004-12-17
21-383000,21,Off-Sale General,ACTIVE,Discount Liquor Group,David Davis,4394 Madison Way #872,Oakland,CA,92729,Alameda,(925) 586-4217,2000-09-22,2001-09-22
21-284456,21,Off-Sale General,ACTIVE,Spirits Fremont Hills Inc,Paul Hernandez,3240 2nd St,Fremont,CA,95312,Alameda,(510) 883-5936,2022-10-04,2023-10-04
21-878196,21,Off-Sale General,ACTIVE,Wine & Spirits Company,John Jackson Moore,6341 Maple Blvd,Berkeley,CA,93996,Alameda,(510) 341-7229,2010-08-02,2011-08-02
21-287358,21,Off-Sale General,ACTIVE,Fine Wines Fremont Corp,Robert Brown,1096 Front Ave,Fremont,CA,92830,Alameda,(510) 614-1078,2010-08-20,2011-08-20
21-732816,21,Off-Sale General,ACTIVE,Package Store Berkeley,Mark Garcia Jones,9924 6th Dr,Berkeley,CA,92360,Alameda,(510) 726-7721,2011-07-03,2012-07-03
21-528480,21,Off-Sale General,ACTIVE,OldWine & Spirits Group 59,John Thomas,3725 Jefferson Ln #148,Livermore,CA,91323,Alameda,(510) 261-2305,2001-10-21,2002-10-21
21-348939,21,Off-Sale General,ACTIVE,Discount Liquor Fremont Hills,David Wilson,6674 State Ln #871,Fremont,CA,92740,Alameda,(925) 705-5129,2012-08-13,2013-08-13
21-156724,21,Off-Sale General,ACTIVE,Fine Wines Oakland Valley Co,Mark Martin,3520 Maple Ln #336,Oakland,CA,92746,Alameda,(925) 335-9828,2006-04-02,2007-04-02
21-696771,21,Off-Sale General,ACTIVE,Liquor Store Hayward Corp,Andrew Miller,5668 4th Pl,Hayward,CA,95356,Alameda,(510) 237-1408,2019-06-04,2020-06-04
21-115510,21,Off-Sale General,ACTIVE,Spirits Oakland Heights Inc,John Garcia Rodriguez,3646 Sunset Rd,Oakland,CA,92090,Alameda,(510) 663-1287,2003-03-01,2004-03-01
21-624605,21,Off-Sale General,ACTIVE,Spirits,William Lopez,1957 7th Pl,Hayward,CA,90203,Alameda,(925) 960-5570,2022-02-26,2023-02-26
21-930036,21,Off-Sale General,ACTIVE,Liquor Store Inc,Robert Rodriguez,5661 Oak Ct #508,Oakland,CA,92472,Alameda,(510) 616-9497,2022-06-28,2023-06-28
21-638793,21,Off-Sale General,ACTIVE,Fine Wines Alameda Co,Steven Martinez,9655 Sunset Rd,Hayward,CA,95490,Alameda,(925) 960-5455,2012-12-20,2013-12-20
21-551870,21,Off-Sale General,ACTIVE,Fine Wines Hayward,James Brown,9418 6th St,Hayward,CA,94266,Alameda,(510) 898-3275,2004-12-17,2005-12-17
21-878450,21,Off-Sale General,ACTIVE,NewSpirits Alameda Corp 36,Michelle Jackson Moore,2283 7th Pl,Fremont,CA,92559,Alameda,(925) 967-8830,2018-01-21,2019-01-21
21-785884,21,Off-Sale General,ACTIVE,Beverage Store Company,William Davis,1777 Franklin Ct #700,Fremont,CA,95031,Alameda,(510) 362-4439,2023-09-06,2024-09-06
21-610556,21,Off-Sale General,ACTIVE,NewDiscount Liquor 52,Maria Miller,2604 3rd Dr #585,Hayward,CA,93693,Alameda,(925) 740-8188,2024-05-01,2025-05-01
21-528903,21,Off-Sale General,ACTIVE,Spirits LLC,Paul Williams,6989 3rd Dr,Oakland,CA,90270,Alameda,(925) 344-3817,2021-07-23,2022-07-23
21-976909,21,Off-Sale General,ACTIVE,ThePackage Store Hayward Hills 23,Lisa Davis,4359 Washington Dr,Hayward,CA,94847,Alameda,(925) 688-5332,2016-08-09,2017-08-09
21-337273,21,Off-Sale General,ACTIVE,Liquor Store Inc 30,David Rodriguez Anderson,2079 Hollywood Pl,Oakland,CA,92768,Alameda,(510) 280-3204,2008-06-27,2009-06-27
21-326726,21,Off-Sale General,ACTIVE,NewFine Wines Berkeley 65,Maria Miller,1478 Wilshire Blvd #670,Berkeley,CA,91439,Alameda,(925) 389-5140,2008-03-24,2009-03-24
21-860316,21,Off-Sale General,ACTIVE,Wine & Spirits Alameda LLC 44,Robert Moore Thomas,7139 Ocean Dr,Livermore,CA,95036,Alameda,(925) 278-9671,2009-12-17,2010-12-17
21-745164,21,Off-Sale General,ACTIVE,Spirits Berkeley Heights Company,Jennifer Smith,3325 5th Pl #466,Berkeley,CA,91077,Alameda,(925) 592-5318,2007-10-23,2008-10-23
58-193904,58,Caterer's Beer & Wine,ACTIVE,Catering Company Alameda,John Thomas,4652 Lincoln Rd #961,Oakland,CA,90199,Alameda,(510) 454-2804,2022-04-24,2023-04-24
58-666850,58,Caterer's Beer & Wine,ACTIVE,Banquets Co,Christopher Anderson,2007 Maple Pl #128,Hayward,CA,92502,Alameda,(925) 831-8849,2014-10-14,2015-10-14
58-223670,58,Caterer's Beer & Wine,ACTIVE,Events & Catering,Maria Martinez,7312 1st Pl,Berkeley,CA,93122,Alameda,(925) 604-7439,2011-10-06,2012-10-06
58-332273,58,Caterer's Beer & Wine,ACTIVE,Party Services Inc,Lisa Anderson,967 7th St #496,Hayward,CA,95232,Alameda,(925) 444-3518,2006-07-17,2007-07-17
58-551222,58,Caterer's Beer & Wine,ACTIVE,Events & Catering Co 14,Robert Johnson,7605 Market Ct #403,Livermore,CA,94752,Alameda,(510) 853-4732,2004-09-07,2005-09-07
58-521423,58,Caterer's Beer & Wine,ACTIVE,Banquets,Matthew Taylor,1865 Oak Ave,Fremont,CA,91172,Alameda,(510) 434-4241,2015-06-21,2016-06-21
58-655012,58,Caterer's Beer & Wine,ACTIVE,OldEvents & Catering 59,Paul Garcia,3632 7th Ct #444,Fremont,CA,90694,Alameda,(510) 304-5164,2004-01-03,2005-01-03
58-212878,58,Caterer's Beer & Wine,ACTIVE,Catering Company Oakland Heights,Michelle Lopez,9051 Madison Ave #914,Oakland,CA,93796,Alameda,(510) 715-8275,2010-11-14,2011-11-14
58-582894,58,Caterer's Beer & Wine,ACTIVE,NewCatering Inc 76,Michelle Gonzalez Hernandez,201 6th Ct #871,Oakland,CA,93391,Alameda,(925) 238-8588,2011-10-09,2012-10-09
58-176505,58,Caterer's Beer & Wine,ACTIVE,Catering,Maria Johnson,7357 7th Ct,Livermore,CA,91143,Alameda,(510) 398-6985,2011-04-23,2012-04-23
58-140647,58,Caterer's Beer & Wine,ACTIVE,Catering Company Company 20,Anthony Rodriguez Martinez,2548 Wilshire Way,Berkeley,CA,90799,Alameda,(925) 657-3703,2005-05-24,2006-05-24
58-726563,58,Caterer's Beer & Wine,ACTIVE,OldCatering Company 67,Paul Garcia,4378 Main Way #780,Hayward,CA,94451,Alameda,(510) 483-1159,2012-03-11,2013-03-11
58-377882,58,Caterer's Beer & Wine,ACTIVE,Events & Catering Oakland Heights LLC,John Wilson,4121 2nd St,Oakland,CA,92413,Alameda,(510) 359-7263,2022-05-07,2023-05-07
58-614992,58,Caterer's Beer & Wine,ACTIVE,Event Catering Hayward Hills Co,William Taylor,6183 Maple Rd,Hayward,CA,94594,Alameda,(510) 383-7884,2023-03-06,2024-03-06
58-115087,58,Caterer's Beer & Wine,ACTIVE,Event Catering Fremont Co,Kenneth Lopez,2474 Front Pl,Fremont,CA,95016,Alameda,(925) 839-2796,2009-02-27,2010-02-27
58-840032,58,Caterer's Beer & Wine,ACTIVE,Catering Livermore,Mark Garcia Hernandez,1292 Hollywood Dr #455,Livermore,CA,91194,Alameda,(510) 449-4679,2011-11-04,2012-11-04
58-213838,58,Caterer's Beer & Wine,ACTIVE,Party Services,Kenneth Williams,2139 Mission Pl #756,Livermore,CA,90367,Alameda,(510) 769-9194,2019-12-27,2020-12-27
58-262716,58,Caterer's Beer & Wine,ACTIVE,OldCatering Company 82,Kenneth Martinez,7896 Washington Pl #461,Oakland,CA,94987,Alameda,(925) 214-9558,2013-01-27,2014-01-27
58-222480,58,Caterer's Beer & Wine,ACTIVE,Events & Catering Livermore Group,Anthony Taylor,8229 Oak Ave,Livermore,CA,91523,Alameda,(510) 811-5272,2023-08-05,2024-08-05
58-102059,58,Caterer's Beer & Wine,ACTIVE,Party Services Hayward Valley Co,David Miller Martinez,3291 Pico Blvd #854,Hayward,CA,91768,Alameda,(925) 601-5224,2012-04-18,2013-04-18
58-506654,58,Caterer's Beer & Wine,ACTIVE,OldCatering Company Co 32,James Martinez Miller,1698 Hollywood Ln,Livermore,CA,91094,Alameda,(510) 553-1250,2006-03-18,2007-03-18
58-793302,58,Caterer's Beer & Wine,ACTIVE,TheCatering Corp 62,Matthew Martin,4992 Madison Blvd,Hayward,CA,92592,Alameda,(925) 989-2254,2004-01-04,2005-01-04
58-830679,58,Caterer's Beer & Wine,ACTIVE,TheEvent Catering 61,William Martin Garcia,3010 Franklin Blvd,Oakland,CA,94090,Alameda,(510) 721-3979,2020-03-06,2021-03-06
58-947490,58,Caterer's Beer & Wine,ACTIVE,OldEvents & Catering 22,Steven Davis,6445 Main Dr,Hayward,CA,93907,Alameda,(510) 343-8664,2011-02-28,2012-02-28
58-774934,58,Caterer's Beer & Wine,ACTIVE,TheEvents & Catering 4,Christopher Davis,1691 Maple Blvd,Livermore,CA,90748,Alameda,(510) 436-1509,2022-09-14,2023-09-14
58-998878,58,Caterer's Beer & Wine,ACTIVE,Banquets Alameda Inc,James Gonzalez,1820 Ocean St,Fremont,CA,93000,Alameda,(510) 593-5368,2006-03-23,2007-03-23
58-111209,58,Caterer's Beer & Wine,ACTIVE,Catering Co,Steven Lopez,2265 1st Way #309,Livermore,CA,91292,Alameda,(925) 868-6113,2018-03-26,2019-03-26
58-686910,58,Caterer's Beer & Wine,ACTIVE,Catering Company,Michael Garcia,9934 Ocean Blvd,Hayward,CA,93417,Alameda,(510) 906-6699,2024-09-21,2025-09-21
58-967377,58,Caterer's Beer & Wine,ACTIVE,NewParty Services Berkeley LLC 36,James Lopez,2346 1st Rd,Berkeley,CA,94476,Alameda,(510) 900-5395,2023-09-25,2024-09-25
58-334780,58,Caterer's Beer & Wine,ACTIVE,TheBanquets Fremont 52,Anthony Thomas Anderson,9809 Franklin Dr #469,Fremont,CA,94925,Alameda,(510) 819-4050,2012-06-07,2013-06-07
58-864112,58,Caterer's Beer & Wine,ACTIVE,Catering,Anthony Taylor,6027 Madison Rd #195,Fremont,CA,94411,Alameda,(925) 205-4894,2005-06-13,2006-06-13
58-352471,58,Caterer's Beer & Wine,ACTIVE,Banquets Company,Lisa Anderson,3268 Wilshire Ln #130,Livermore,CA,93027,Alameda,(925) 755-6188,2003-02-27,2004-02-27
58-706769,58,Caterer's Beer & Wine,ACTIVE,NewEvents & Catering 73,Paul Smith Miller,3279 Sunset Way,Hayward,CA,93154,Alameda,(925) 907-9777,2014-11-05,2015-11-05
58-990207,58,Caterer's Beer & Wine,ACTIVE,TheEvents & Catering 76,Matthew Taylor,7584 Hollywood Rd,Fremont,CA,90641,Alameda,(925) 696-7500,2020-05-14,2021-05-14
58-744310,58,Caterer's Beer & Wine,ACTIVE,Catering Company Corp,James Johnson,1651 6th St #734,Livermore,CA,94850,Alameda,(510) 891-1251,2023-08-06,2024-08-06
58-958873,58,Caterer's Beer & Wine,ACTIVE,Event Catering Livermore,Robert Davis,9076 Maple St,Livermore,CA,94116,Alameda,(510) 296-7084,2013-03-25,2014-03-25
58-109329,58,Caterer's Beer & Wine,ACTIVE,Event Catering Oakland Heights,Maria Thomas,178 Washington Pl,Oakland,CA,92506,Alameda,(925) 671-9065,2013-01-18,2014-01-18
58-350186,58,Caterer's Beer & Wine,ACTIVE,Events & Catering Inc,William Jones,630 3rd Ct,Fremont,CA,93301,Alameda,(925) 635-6592,2010-07-22,2011-07-22
58-927018,58,Caterer's Beer & Wine,ACTIVE,Event Catering,Robert Garcia,2698 3rd Rd,Oakland,CA,90929,Alameda,(510) 687-3699,2019-12-13,2020-12-13
58-852616,58,Caterer's Beer & Wine,ACTIVE,OldCatering 49,Michael Wilson,1968 Washington Ct,Hayward,CA,95541,Alameda,(925) 226-7884,2007-05-20,2008-05-20
58-935947,58,Caterer's Beer & Wine,ACTIVE,Banquets Alameda,Mark Smith,1128 Madison Ln,Fremont,CA,95554,Alameda,(510) 638-1604,2007-10-17,2008-10-17
58-756194,58,Caterer's Beer & Wine,ACTIVE,Event Catering Inc,Kenneth Johnson,2366 Front Ln #849,Livermore,CA,95020,Alameda,(510) 878-1894,2003-02-16,2004-02-16
58-444481,58,Caterer's Beer & Wine,ACTIVE,NewCatering Alameda LLC 85,Michelle Williams Brown,5888 State St,Berkeley,CA,95124,Alameda,(510) 464-7757,2009-07-07,2010-07-07
58-921343,58,Caterer's Beer & Wine,ACTIVE,OldEvents & Catering LLC 73,Kenneth Moore,6315 Pico Pl,Livermore,CA,93996,Alameda,(925) 978-5966,2020-02-21,2021-02-21
58-631476,58,Caterer's Beer & Wine,ACTIVE,TheBanquets 40,Steven Davis,3405 Madison St,Hayward,CA,91127,Alameda,(925) 508-9739,2010-07-10,2011-07-10
58-108292,58,Caterer's Beer & Wine,ACTIVE,OldParty Services Co 92,Robert Martinez Jones,5396 Franklin St #258,Hayward,CA,91390,Alameda,(925) 857-9374,2022-03-22,2023-03-22
58-674331,58,Caterer's Beer & Wine,ACTIVE,Party Services Alameda,Jennifer Brown Wilson,5693 Front Ln #426,Oakland,CA,95173,Alameda,(510) 245-8893,2023-06-12,2024-06-12
58-522510,58,Caterer's Beer & Wine,ACTIVE,Event Catering Alameda Inc,Maria Lopez,8457 State Way,Hayward,CA,93443,Alameda,(510) 853-9917,2005-06-19,2006-06-19
58-677786,58,Caterer's Beer & Wine,ACTIVE,Events & Catering LLC,David Anderson Lopez,6247 1st Way #540,Oakland,CA,90869,Alameda,(925) 485-2254,2007-05-03,2008-05-03
58-263132,58,Caterer's Beer & Wine,ACTIVE,Event Catering Hayward Hills,Paul Rodriguez Davis,6241 Jefferson Ave,Hayward,CA,90031,Alameda,(925) 929-2911,2024-03-01,2025-03-01
58-963524,58,Caterer's Beer & Wine,ACTIVE,Events & Catering,Daniel Smith,5927 Oak Blvd,Berkeley,CA,92820,Alameda,(510) 940-4183,2003-04-20,2004-04-20
58-275486,58,Caterer's Beer & Wine,ACTIVE,OldEvent Catering Oakland 27,Lisa Taylor Johnson,5890 Pico St #865,Oakland,CA,92244,Alameda,(510) 374-1061,2008-02-17,2009-02-17
58-722208,58,Caterer's Beer & Wine,ACTIVE,Events & Catering LLC,Daniel Davis,7392 Washington Blvd #660,Oakland,CA,95129,Alameda,(925) 721-5129,2018-06-22,2019-06-22
58-968531,58,Caterer's Beer & Wine,ACTIVE,Catering Livermore,Robert Lopez,4753 Madison St,Livermore,CA,90948,Alameda,(925) 203-8303,2006-02-24,2007-02-24
58-145021,58,Caterer's Beer & Wine,ACTIVE,TheEvent Catering Oakland Valley LLC 64,Kenneth Gonzalez,1319 Sunset Pl,Oakland,CA,92732,Alameda,(925) 599-6389,2013-11-06,2014-11-06
58-898616,58,Caterer's Beer & Wine,ACTIVE,Catering Berkeley,Mark Thomas,6227 Pico Way,Berkeley,CA,94528,Alameda,(925) 595-6886,2020-05-21,2021-05-21
75-285241,75,Event Permit Holder,ACTIVE,OldEvent Production Alameda 20,David Hernandez Martinez,4849 6th Blvd,Hayward,CA,96153,Alameda,(510) 356-5832,2017-05-20,2018-05-20
75-697023,75,Event Permit Holder,ACTIVE,Venue Management Fremont Valley,William Hernandez,7061 Pico Dr #178,Fremont,CA,95004,Alameda,(510) 208-5990,2004-10-28,2005-10-28
75-677572,75,Event Permit Holder,ACTIVE,NewEvent Services 97,Michelle Davis,5981 1st Ave,Livermore,CA,94393,Alameda,(510) 475-5208,2000-08-22,2001-08-22
75-925691,75,Event Permit Holder,ACTIVE,Event Production,Kenneth Thomas,8678 Sunset Dr,Berkeley,CA,96070,Alameda,(925) 936-7204,2012-06-06,2013-06-06
75-250074,75,Event Permit Holder,ACTIVE,Event Planning,Andrew Thomas Martinez,745 Oak Ave,Fremont,CA,92228,Alameda,(925) 493-7092,2014-04-20,2015-04-20
75-385794,75,Event Permit Holder,ACTIVE,TheVenue Management Oakland 54,Maria Martin,2627 Maple Rd,Oakland,CA,90534,Alameda,(510) 418-4765,2006-12-25,2007-12-25
75-194381,75,Event Permit Holder,ACTIVE,TheFestival Services 39,James Lopez,3520 Market Blvd,Oakland,CA,91813,Alameda,(510) 877-4948,2001-09-12,2002-09-12
75-583805,75,Event Permit Holder,ACTIVE,Event Planning Company 44,Maria Smith,3445 Sunset St,Hayward,CA,92392,Alameda,(510) 439-6784,2015-03-11,2016-03-11
75-979493,75,Event Permit Holder,ACTIVE,Event Production Group,Michelle Taylor,4931 Front Dr,Berkeley,CA,91813,Alameda,(510) 545-8861,2020-10-09,2021-10-09
75-448156,75,Event Permit Holder,ACTIVE,Festival Services,Maria Smith,7065 State Pl,Fremont,CA,91889,Alameda,(510) 784-1750,2016-12-07,2017-12-07
75-420556,75,Event Permit Holder,ACTIVE,Event Planning Livermore Company,Jennifer Gonzalez,2922 Lincoln Blvd #675,Livermore,CA,91113,Alameda,(925) 619-1531,2009-08-11,2010-08-11
75-544579,75,Event Permit Holder,ACTIVE,Event Planning Alameda Company,Andrew Miller,2457 Maple Ave #739,Fremont,CA,91238,Alameda,(925) 669-2396,2001-04-19,2002-04-19
75-565244,75,Event Permit Holder,ACTIVE,Event Services Company,Anthony Martinez,1729 Maple Dr,Berkeley,CA,94024,Alameda,(510) 306-6288,2006-04-12,2007-04-12
75-363156,75,Event Permit Holder,ACTIVE,Event Services Inc,James Anderson,4557 Ocean Ct,Berkeley,CA,90760,Alameda,(510) 624-9387,2000-03-21,2001-03-21
75-411819,75,Event Permit Holder,ACTIVE,Event Services Oakland,David Anderson,8494 5th St #685,Oakland,CA,95283,Alameda,(925) 673-2405,2011-09-16,2012-09-16
75-629030,75,Event Permit Holder,ACTIVE,Event Services,Michael Anderson,1496 Mission Dr #408,Livermore,CA,94814,Alameda,(925) 938-8521,2019-07-04,2020-07-04
75-324368,75,Event Permit Holder,ACTIVE,Event Planning Corp,Maria Gonzalez,622 Wilshire Ln,Fremont,CA,93367,Alameda,(925) 504-3092,2001-07-28,2002-07-28
75-247769,75,Event Permit Holder,ACTIVE,Event Production Livermore LLC,Michelle Jackson,7835 Franklin Blvd,Livermore,CA,94157,Alameda,(510) 905-3625,2018-06-13,2019-06-13
75-850379,75,Event Permit Holder,ACTIVE,Venue Management Hayward Hills Group,Jennifer Lopez,6822 Broadway Blvd,Hayward,CA,95560,Alameda,(510) 297-5211,2018-02-10,2019-02-10
75-955727,75,Event Permit Holder,ACTIVE,Venue Management Oakland LLC,Paul Wilson,4048 Jefferson Pl,Oakland,CA,93951,Alameda,(510) 853-4787,2022-07-04,2023-07-04
75-828503,75,Event Permit Holder,ACTIVE,TheEvent Production Berkeley Valley 79,Christopher Gonzalez,5158 4th Pl #345,Berkeley,CA,90389,Alameda,(510) 774-8865,2018-06-05,2019-06-05
75-734618,75,Event Permit Holder,ACTIVE,Venue Management Group,Andrew Taylor Martinez,3617 Market Ave,Berkeley,CA,94988,Alameda,(510) 363-7478,2004-11-02,2005-11-02
75-316137,75,Event Permit Holder,ACTIVE,Venue Management Alameda LLC,Maria Martinez,3735 7th Pl,Livermore,CA,92540,Alameda,(510) 364-5785,2019-05-01,2020-05-01
75-732408,75,Event Permit Holder,ACTIVE,Venue Management Hayward 33,David Thomas Williams,4646 Madison Ln,Hayward,CA,95566,Alameda,(925) 746-9239,2007-10-22,2008-10-22
75-173822,75,Event Permit Holder,ACTIVE,Event Planning Oakland LLC,Robert Martinez,571 Lincoln Ave,Oakland,CA,96159,Alameda,(925) 810-9442,2011-05-14,2012-05-14
75-606644,75,Event Permit Holder,ACTIVE,Event Production 42,Steven Thomas Brown,5945 Jefferson Dr #195,Fremont,CA,95065,Alameda,(510) 856-5195,2011-12-19,2012-12-19
75-660955,75,Event Permit Holder,ACTIVE,Event Services Alameda Inc,Lisa Martin,3924 Washington Ct,Fremont,CA,95019,Alameda,(925) 748-3835,2003-04-10,2004-04-10
75-405356,75,Event Permit Holder,ACTIVE,TheEvent Planning Livermore 50,Maria Smith,812 Maple Blvd,Livermore,CA,92997,Alameda,(925) 875-9517,2007-11-27,2008-11-27
