license_number,license_type,license_type_name,status,business_name,owner_name,address,city,state,zip,county,phone,issue_date,expiration_date
41-547470,41,On-Sale Beer & Wine - Eating Place,ACTIVE,House Group,Lisa Davis,4643 Oak Ct,Madera,CA,91959,Fresno,(559) 650-2269,2010-09-03,2011-09-03
41-970720,41,On-Sale Beer & Wine - Eating Place,ACTIVE,Spot Fresno Inc 5,Steven Thomas,4907 Pico St #142,Fresno,CA,92585,Fresno,(559) 727-7524,2024-11-07,2025-11-07
41-267758,41,On-Sale Beer & Wine - Eating Place,ACTIVE,Bistro Group,Andrew Jones,2168 Market Dr #475,Madera,CA,92966,Fresno,(559) 780-1530,2011-06-15,2012-06-15
41-523727,41,On-Sale Beer & Wine - Eating Place,ACTIVE,Spot Madera Corp,Steven Thomas Lopez,6957 2nd Way #697,Madera,CA,95800,Fresno,(559) 551-4643,2016-05-28,2017-05-28
41-219361,41,On-Sale Beer & Wine - Eating Place,ACTIVE,Eatery Fresno Co 84,Kenneth Thomas Anderson,2832 Mission Blvd,Fresno,CA,90480,Fresno,(559) 306-7816,2005-10-13,2006-10-13
41-541996,41,On-Sale Beer & Wine - Eating Place,ACTIVE,Tavern Co,William Johnson,5272 5th Ln,Fresno,CA,94651,Fresno,(559) 607-2621,2008-08-27,2009-08-27
41-891662,41,On-Sale Beer & Wine - Eating Place,ACTIVE,Spot Fresno Corp,Matthew Lopez Jackson,9568 4th Dr,Madera,CA,92593,Fresno,(559) 783-5989,2000-10-17,2001-10-17
41-367240,41,On-Sale Beer & Wine - Eating Place,ACTIVE,Place Inc 23,Anthony Martin Hernandez,3085 2nd St,Clovis,CA,95770,Fresno,(559) 521-8454,2005-04-06,2006-04-06
41-658424,41,On-Sale Beer & Wine - Eating Place,ACTIVE,OldEatery LLC 69,Kenneth Thomas,4919 Ocean Rd,Fresno,CA,95156,Fresno,(559) 329-9327,2002-08-26,2003-08-26
41-525019,41,On-Sale Beer & Wine - Eating Place,ACTIVE,Corner 9,James Garcia Garcia,8601 Lincoln Ct #909,Fresno,CA,95338,Fresno,(559) 971-4399,2000-09-15,2001-09-15
41-141044,41,On-Sale Beer & Wine - Eating Place,ACTIVE,TheRestaurant Fresno Group 16,Michael Taylor Martinez,8392 State Rd #275,Fresno,CA,93465,Fresno,(559) 454-5925,2021-09-15,2022-09-15
41-817953,41,On-Sale Beer & Wine - Eating Place,ACTIVE,House Fresno,Kenneth Smith Taylor,6493 2nd Ln,Clovis,CA,90029,Fresno,(559) 785-4568,2014-09-23,2015-09-23
41-930116,41,On-Sale Beer & Wine - Eating Place,ACTIVE,Cafe Fresno,Steven Rodriguez,9321 4th Blvd,Fresno,CA,93923,Fresno,(559) 449-1915,2003-01-27,2004-01-27
41-247705,41,On-Sale Beer & Wine - Eating Place,ACTIVE,NewCorner 58,Maria Miller Martin,2249 Front Ln,Madera,CA,93529,Fresno,(559) 929-7350,2002-03-19,2003-03-19
41-526127,41,On-Sale Beer & Wine - Eating Place,ACTIVE,Grill Group,William Martin,7461 Jefferson Ave,Madera,CA,96108,Fresno,(559) 630-9947,2011-04-07,2012-04-07
41-212783,41,On-Sale Beer & Wine - Eating Place,ACTIVE,Place Madera Hills,Christopher Gonzalez,1152 4th Blvd #623,Madera,CA,92073,Fresno,(559) 500-9691,2005-06-14,2006-06-14
41-357234,41,On-Sale Beer & Wine - Eating Place,ACTIVE,Cafe,Kenneth Hernandez Moore,5251 Mission St,Clovis,CA,90089,Fresno,(559) 418-8624,2002-07-10,2003-07-10
41-940422,41,On-Sale Beer & Wine - Eating Place,ACTIVE,Kitchen,Maria Jones,2919 State Ln,Fresno,CA,91934,Fresno,(559) 647-2477,2024-06-01,2025-06-01
41-500464,41,On-Sale Beer & Wine - Eating Place,ACTIVE,House Fresno Heights Co,Maria Jackson,6665 Main Blvd #363,Fresno,CA,95911,Fresno,(559) 643-2907,2009-10-17,2010-10-17
41-906104,41,On-Sale Beer & Wine - Eating Place,ACTIVE,Bistro Inc,Mark Miller,4400 Oak Ave #475,Madera,CA,93382,Fresno,(559) 345-4982,2010-11-23,2011-11-23
41-615909,41,On-Sale Beer & Wine - Eating Place,ACTIVE,OldGrill Madera 66,Jennifer Anderson,1537 Lincoln Pl,Madera,CA,91563,Fresno,(559) 985-8060,2023-03-21,2024-03-21
41-283602,41,On-Sale Beer & Wine - Eating Place,ACTIVE,NewHouse Fresno Inc 96,Paul Brown Smith,5291 3rd Dr,Fresno,CA,90743,Fresno,(559) 689-5182,2000-07-26,2001-07-26
41-320430,41,On-Sale Beer & Wine - Eating Place,ACTIVE,Bistro Fresno LLC,Anthony Garcia,3332 Franklin Pl,Fresno,CA,91524,Fresno,(559) 494-2003,2002-03-07,2003-03-07
41-841746,41,On-Sale Beer & Wine - Eating Place,ACTIVE,Eatery Madera LLC 12,Jennifer Miller,8077 Front Blvd,Madera,CA,91149,Fresno,(559) 725-9115,2013-01-25,2014-01-25
41-322675,41,On-Sale Beer & Wine - Eating Place,ACTIVE,Restaurant Group,Christopher Miller Johnson,1196 Maple Dr #899,Clovis,CA,94049,Fresno,(559) 596-6279,2014-04-01,2015-04-01
41-432468,41,On-Sale Beer & Wine - Eating Place,ACTIVE,Diner Madera,Matthew Williams Lopez,5018 Madison Blvd,Madera,CA,93109,Fresno,(559) 487-6569,2002-08-10,2003-08-10
41-968235,41,On-Sale Beer & Wine - Eating Place,ACTIVE,Bistro Clovis Co,Steven Jones,7213 Front St,Clovis,CA,91206,Fresno,(559) 804-6877,2008-02-26,2009-02-26
41-638329,41,On-Sale Beer & Wine - Eating Place,ACTIVE,Restaurant Madera Co,Matthew Garcia,8153 Lincoln Ct #204,Madera,CA,95146,Fresno,(559) 467-9510,2010-12-27,2011-12-27
41-439666,41,On-Sale Beer & Wine - Eating Place,ACTIVE,Cafe,Daniel Moore,6117 Oak Ct #540,Madera,CA,93438,Fresno,(559) 501-3307,2018-10-13,2019-10-13
41-559119,41,On-Sale Beer & Wine - Eating Place,ACTIVE,Grill Clovis Hills LLC,Kenneth Moore,1090 2nd Ln #545,Clovis,CA,90318,Fresno,(559) 658-4174,2022-05-10,2023-05-10
41-392930,41,On-Sale Beer & Wine - Eating Place,ACTIVE,Corner 7,Matthew Hernandez Jones,1942 5th Dr,Madera,CA,91340,Fresno,(559) 908-9667,2007-08-15,2008-08-15
41-149211,41,On-Sale Beer & Wine - Eating Place,ACTIVE,Restaurant Corp,Robert Taylor Martin,5643 Sunset Pl #847,Clovis,CA,96175,Fresno,(559) 403-4293,2007-01-05,2008-01-05
41-506988,41,On-Sale Beer & Wine - Eating Place,ACTIVE,Corner LLC,James Rodriguez Wilson,5506 Wilshire Ln,Madera,CA,90765,Fresno,(559) 533-1279,2008-03-16,2009-03-16
41-106226,41,On-Sale Beer & Wine - Eating Place,ACTIVE,Diner Clovis 31,Paul Williams,780 2nd Way,Clovis,CA,90068,Fresno,(559) 245-3117,2013-05-27,2014-05-27
41-862268,41,On-Sale Beer & Wine - Eating Place,ACTIVE,Diner 60,Maria Anderson,8856 Oak Ave,Clovis,CA,93087,Fresno,(559) 651-5717,2023-02-20,2024-02-20
41-531798,41,On-Sale Beer & Wine - Eating Place,ACTIVE,TheSpot Fresno Corp 70,Robert Smith,1736 Jefferson Ln,Fresno,CA,91377,Fresno,(559) 979-5435,2008-04-26,2009-04-26
41-320240,41,On-Sale Beer & Wine - Eating Place,ACTIVE,Place Fresno Company,Michelle Lopez Brown,5471 Front St #635,Clovis,CA,92486,Fresno,(559) 374-7145,2012-08-12,2013-08-12
41-968972,41,On-Sale Beer & Wine - Eating Place,ACTIVE,NewCorner Corp 15,Anthony Miller Moore,105 State Ct,Madera,CA,94369,Fresno,(559) 800-5972,2002-06-13,2003-06-13
41-898987,41,On-Sale Beer & Wine - Eating Place,ACTIVE,NewKitchen Group 32,Daniel Hernandez,9850 Main Blvd,Madera,CA,91339,Fresno,(559) 676-4871,2023-04-05,2024-04-05
41-843127,41,On-Sale Beer & Wine - Eating Place,ACTIVE,Cafe Clovis Valley Company,Lisa Williams,9729 Hollywood St,Clovis,CA,91247,Fresno,(559) 549-7443,2019-03-12,2020-03-12
41-237988,41,On-Sale Beer & Wine - Eating Place,ACTIVE,TheKitchen Inc 76,Andrew Rodriguez Williams,1593 Wilshire Rd #457,Fresno,CA,95861,Fresno,(559) 946-6080,2019-12-28,2020-12-28
41-216556,41,On-Sale Beer & Wine - Eating Place,ACTIVE,Restaurant Co,James Jones,2516 5th St #432,Clovis,CA,90243,Fresno,(559) 952-7639,2004-09-21,2005-09-21
41-520235,41,On-Sale Beer & Wine - Eating Place,ACTIVE,Restaurant,Jennifer Lopez,4285 Hollywood Rd,Madera,CA,95056,Fresno,(559) 414-3992,2010-03-15,2011-03-15
41-596589,41,On-Sale Beer & Wine - Eating Place,ACTIVE,Spot,William Williams,9060 Ocean Ln #293,Fresno,CA,95970,Fresno,(559) 899-4964,2023-05-10,2024-05-10
41-992645,41,On-Sale Beer & Wine - Eating Place,ACTIVE,Kitchen Corp 22,Lisa Davis,7180 Washington Pl,Madera,CA,90206,Fresno,(559) 964-4375,2019-10-16,2020-10-16
41-693393,41,On-Sale Beer & Wine - Eating Place,ACTIVE,Tavern Madera Valley Company,James Brown,6064 1st Pl,Madera,CA,91285,Fresno,(559) 678-1116,2009-11-20,2010-11-20
41-108285,41,On-Sale Beer & Wine - Eating Place,ACTIVE,House Inc,Lisa Rodriguez Rodriguez,3153 Maple Way,Madera,CA,93938,Fresno,(559) 352-7767,2014-11-18,2015-11-18
41-837949,41,On-Sale Beer & Wine - Eating Place,ACTIVE,Corner Fresno Co 12,Andrew Anderson,7457 Jefferson Ct,Clovis,CA,94335,Fresno,(559) 664-7202,2011-10-04,2012-10-04
41-904098,41,On-Sale Beer & Wine - Eating Place,ACTIVE,TheKitchen Madera 66,Michael Jones,406 Wilshire Way,Madera,CA,93049,Fresno,(559) 893-1613,2004-05-03,2005-05-03
41-754654,41,On-Sale Beer & Wine - Eating Place,ACTIVE,Place Clovis Hills,Paul Wilson,7753 Main Ln #224,Clovis,CA,90862,Fresno,(559) 260-2527,2009-04-05,2010-04-05
41-443297,41,On-Sale Beer & Wine - Eating Place,ACTIVE,Tavern 70,Jennifer Rodriguez Wilson,2813 5th St #376,Fresno,CA,93829,Fresno,(559) 397-4947,2013-07-04,2014-07-04
41-361645,41,On-Sale Beer & Wine - Eating Place,ACTIVE,Bistro Madera Inc,Paul Lopez,6621 Front Blvd,Madera,CA,95100,Fresno,(559) 754-2183,2023-10-17,2024-10-17
41-287541,41,On-Sale Beer & Wine - Eating Place,ACTIVE,OldCorner Fresno Co 18,Kenneth Rodriguez Brown,8462 Oak St #882,Fresno,CA,93209,Fresno,(559) 556-4942,2016-06-09,2017-06-09
41-577870,41,On-Sale Beer & Wine - Eating Place,ACTIVE,Eatery Corp,James Rodriguez,8194 Main Pl #545,Fresno,CA,96155,Fresno,(559) 461-9969,2000-01-02,2001-01-02
41-657876,41,On-Sale Beer & Wine - Eating Place,ACTIVE,Tavern Clovis 77,Paul Smith Wilson,1609 Hollywood St,Clovis,CA,93910,Fresno,(559) 844-3987,2002-11-19,2003-11-19
41-487814,41,On-Sale Beer & Wine - Eating Place,ACTIVE,Bistro Fresno,Christopher Gonzalez Williams,8668 Madison Ave,Fresno,CA,95574,Fresno,(559) 288-6624,2007-11-10,2008-11-10
41-854840,41,On-Sale Beer & Wine - Eating Place,ACTIVE,Restaurant Clovis Hills Group,Robert Thomas,5747 Market St,Clovis,CA,92880,Fresno,(559) 335-6931,2011-07-18,2012-07-18
41-157208,41,On-Sale Beer & Wine - Eating Place,ACTIVE,Spot LLC 30,John Williams,3886 Mission Way,Clovis,CA,90429,Fresno,(559) 394-2726,2022-08-04,2023-08-04
41-151151,41,On-Sale Beer & Wine - Eating Place,ACTIVE,TheGrill 67,Andrew Lopez,5465 Washington Way,Clovis,CA,95705,Fresno,(559) 475-1292,2000-06-24,2001-06-24
41-858828,41,On-Sale Beer & Wine - Eating Place,ACTIVE,Spot Fresno,Maria Williams,524 6th Ct #863,Madera,CA,95375,Fresno,(559) 603-9229,2004-11-27,2005-11-27
41-160331,41,On-Sale Beer & Wine - Eating Place,ACTIVE,Corner Inc 36,Maria Smith,9393 Pico Ave #561,Clovis,CA,92944,Fresno,(559) 228-9186,2003-12-23,2004-12-23
41-668336,41,On-Sale Beer & Wine - Eating Place,ACTIVE,Restaurant Co,Kenneth Taylor,6029 Mission Ct,Madera,CA,93245,Fresno,(559) 306-1052,2020-07-27,2021-07-27
41-993413,41,On-Sale Beer & Wine - Eating Place,ACTIVE,Diner Fresno,Lisa Gonzalez,7408 Oak Ct #383,Fresno,CA,90145,Fresno,(559) 747-3990,2019-11-27,2020-11-27
41-444571,41,On-Sale Beer & Wine - Eating Place,ACTIVE,Cafe Fresno Hills Company,Andrew Johnson,1625 Franklin Ave,Fresno,CA,95617,Fresno,(559) 644-9763,2016-07-22,2017-07-22
41-588032,41,On-Sale Beer & Wine - Eating Place,ACTIVE,Tavern Inc,Christopher Davis,4725 1st St,Fresno,CA,94680,Fresno,(559) 644-4353,2006-06-01,2007-06-01
41-378459,41,On-Sale Beer & Wine - Eating Place,ACTIVE,Cafe Fresno,David Wilson,8592 Jefferson Dr,Fresno,CA,94729,Fresno,(559) 593-9967,2011-12-21,2012-12-21
41-345670,41,On-Sale Beer & Wine - Eating Place,ACTIVE,TheDiner Madera Inc 44,Christopher Jackson,4069 Oak St,Madera,CA,96099,Fresno,(559) 548-8900,2016-12-06,2017-12-06
41-522829,41,On-Sale Beer & Wine - Eating Place,ACTIVE,Corner,Lisa Jones,1552 Main Way #537,Clovis,CA,92599,Fresno,(559) 714-3622,2013-06-18,2014-06-18
41-412198,41,On-Sale Beer & Wine - Eating Place,ACTIVE,Kitchen,Maria Garcia Williams,4949 Sunset Rd,Clovis,CA,90066,Fresno,(559) 569-5011,2001-02-06,2002-02-06
41-147275,41,On-Sale Beer & Wine - Eating Place,ACTIVE,Diner Group,Maria Johnson,947 1st Ct #519,Madera,CA,94643,Fresno,(559) 731-6812,2016-08-18,2017-08-18
41-248911,41,On-Sale Beer & Wine - Eating Place,ACTIVE,Spot Corp,Paul Martin,2992 5th Dr,Clovis,CA,95168,Fresno,(559) 901-7678,2018-06-09,2019-06-09
41-255220,41,On-Sale Beer & Wine - Eating Place,ACTIVE,Restaurant Fresno Company,Christopher Miller Hernandez,6739 Sunset Ct,Madera,CA,90629,Fresno,(559) 318-8163,2019-06-12,2020-06-12
41-296049,41,On-Sale Beer & Wine - Eating Place,ACTIVE,House Madera,Lisa Brown,7722 7th Pl,Madera,CA,92694,Fresno,(559) 923-7115,2003-10-02,2004-10-02
41-751981,41,On-Sale Beer & Wine - Eating Place,ACTIVE,Tavern Co,Robert Taylor Rodriguez,1039 Pico Way,Fresno,CA,94346,Fresno,(559) 596-4639,2001-02-03,2002-02-03
41-640604,41,On-Sale Beer & Wine - Eating Place,ACTIVE,Tavern,Michelle Anderson,5364 Hollywood Ln #303,Madera,CA,90242,Fresno,(559) 675-5788,2015-05-04,2016-05-04
41-158483,41,On-Sale Beer & Wine - Eating Place,ACTIVE,Tavern Clovis Hills 55,Christopher Jones,7091 Broadway Way,Clovis,CA,95519,Fresno,(559) 219-9447,2001-07-17,2002-07-17
41-813766,41,On-Sale Beer & Wine - Eating Place,ACTIVE,NewCafe Fresno 82,Paul Lopez,9487 State Ln,Madera,CA,95469,Fresno,(559) 748-5976,2012-10-26,2013-10-26
41-887744,41,On-Sale Beer & Wine - Eating Place,ACTIVE,Place Clovis Inc,John Miller,3775 State Ave #591,Clovis,CA,90986,Fresno,(559) 923-6127,2006-01-25,2007-01-25
41-402129,41,On-Sale Beer & Wine - Eating Place,ACTIVE,Grill Group,Michael Johnson,8292 Hollywood St #201,Madera,CA,91374,Fresno,(559) 913-3173,2005-01-19,2006-01-19
41-753942,41,On-Sale Beer & Wine - Eating Place,ACTIVE,Restaurant Corp 45,Daniel Moore,4191 6th Rd,Fresno,CA,94669,Fresno,(559) 240-7114,2021-06-21,2022-06-21
41-988643,41,On-Sale Beer & Wine - Eating Place,ACTIVE,Diner Madera,Michelle Thomas,2960 7th Pl #722,Madera,CA,95056,Fresno,(559) 368-3280,2021-12-11,2022-12-11
41-178688,41,On-Sale Beer & Wine - Eating Place,ACTIVE,Bistro Fresno LLC,Jennifer Brown,8254 State Pl,Madera,CA,90283,Fresno,(559) 839-6062,2017-04-10,2018-04-10
41-314626,41,On-Sale Beer & Wine - Eating Place,ACTIVE,Corner Madera Valley,Steven Martinez,1071 Sunset Blvd,Madera,CA,94353,Fresno,(559) 583-4112,2021-11-19,2022-11-19
41-971474,41,On-Sale Beer & Wine - Eating Place,ACTIVE,Eatery Fresno Co,Maria Garcia,1571 Pico Way,Fresno,CA,90755,Fresno,(559) 596-8197,2003-12-24,2004-12-24
41-851941,41,On-Sale Beer & Wine - Eating Place,ACTIVE,House Clovis,William Miller,2236 Washington Blvd,Clovis,CA,95608,Fresno,(559) 208-5424,2021-06-21,2022-06-21
41-733807,41,On-Sale Beer & Wine - Eating Place,ACTIVE,Spot Fresno,Christopher Jackson,4545 Hollywood Ln,Madera,CA,96081,Fresno,(559) 642-2404,2022-03-05,2023-03-05
41-939351,41,On-Sale Beer & Wine - Eating Place,ACTIVE,TheSpot Inc 13,Andrew Garcia,6808 Broadway Pl,Fresno,CA,96063,Fresno,(559) 223-7550,2005-02-13,2006-02-13
41-438370,41,On-Sale Beer & Wine - Eating Place,ACTIVE,Tavern Fresno,Paul Anderson,142 2nd Ct,Fresno,CA,95008,Fresno,(559) 984-3180,2008-06-13,2009-06-13
41-263831,41,On-Sale Beer & Wine - Eating Place,ACTIVE,Corner Corp,Michael Williams Jackson,6892 Jefferson Way #155,Madera,CA,91553,Fresno,(559) 249-8206,2011-12-12,2012-12-12
41-451993,41,On-Sale Beer & Wine - Eating Place,ACTIVE,Diner Clovis Hills Company,John Jackson Thomas,1016 1st Blvd #799,Clovis,CA,91580,Fresno,(559) 687-6531,2017-04-12,2018-04-12
41-734146,41,On-Sale Beer & Wine - Eating Place,ACTIVE,Restaurant Corp,Kenneth Wilson,3172 Sunset Ln,Clovis,CA,90936,Fresno,(559) 574-5444,2015-03-15,2016-03-15
41-187795,41,On-Sale Beer & Wine - Eating Place,ACTIVE,OldCorner Fresno 36,Robert Taylor,1893 Sunset Way #464,Madera,CA,94935,Fresno,(559) 579-3636,2007-03-01,2008-03-01
41-639588,41,On-Sale Beer & Wine - Eating Place,ACTIVE,NewDiner Group 96,Paul Thomas Gonzalez,9620 Pico Way,Clovis,CA,90602,Fresno,(559) 283-8147,2007-12-01,2008-12-01
41-920414,41,On-Sale Beer & Wine - Eating Place,ACTIVE,Bistro Fresno Co,John Martinez,7486 Washington Pl #872,Fresno,CA,95685,Fresno,(559) 510-8289,2013-11-01,2014-11-01
41-910519,41,On-Sale Beer & Wine - Eating Place,ACTIVE,Place Company,Robert Wilson,7125 5th Dr #681,Fresno,CA,95087,Fresno,(559) 767-5241,2013-12-03,2014-12-03
41-259052,41,On-Sale Beer & Wine - Eating Place,ACTIVE,Bistro Fresno,Lisa Rodriguez,6566 Oak Pl,Fresno,CA,90660,Fresno,(559) 506-4736,2014-12-13,2015-12-13
41-920298,41,On-Sale Beer & Wine - Eating Place,ACTIVE,Spot Fresno Co,Maria Jones,9519 4th Blvd,Madera,CA,93133,Fresno,(559) 928-2241,2021-04-15,2022-04-15
41-879086,41,On-Sale Beer & Wine - Eating Place,ACTIVE,NewBistro Madera 38,Steven Davis Miller,3826 Washington St #436,Madera,CA,95537,Fresno,(559) 426-6495,2022-03-27,2023-03-27
41-116814,41,On-Sale Beer & Wine - Eating Place,ACTIVE,Bistro Madera Heights,William Jones,5192 2nd Rd,Madera,CA,95731,Fresno,(559) 384-5543,2001-07-25,2002-07-25
41-574722,41,On-Sale Beer & Wine - Eating Place,ACTIVE,OldDiner Fresno Valley 26,Steven Lopez,4241 Oak St #198,Fresno,CA,93420,Fresno,(559) 901-8539,2022-07-02,2023-07-02
41-436823,41,On-Sale Beer & Wine - Eating Place,ACTIVE,Diner Fresno Valley,Robert Gonzalez,4200 Lincoln Pl,Fresno,CA,93661,Fresno,(559) 353-4660,2001-04-18,2002-04-18
41-753785,41,On-Sale Beer & Wine - Eating Place,ACTIVE,TheDiner Co 40,James Garcia,2284 Front Ct,Clovis,CA,96092,Fresno,(559) 348-3599,2006-08-24,2007-08-24
41-667248,41,On-Sale Beer & Wine - Eating Place,ACTIVE,Spot Corp,Maria Taylor,2331 State Rd,Madera,CA,92232,Fresno,(559) 498-6800,2023-05-11,2024-05-11
41-905193,41,On-Sale Beer & Wine - Eating Place,ACTIVE,Corner,Matthew Moore,4050 Franklin Blvd #125,Fresno,CA,93440,Fresno,(559) 315-4656,2004-10-23,2005-10-23
41-526289,41,On-Sale Beer & Wine - Eating Place,ACTIVE,Corner Madera Heights LLC,William Williams,7140 Sunset Way #685,Madera,CA,90455,Fresno,(559) 519-6580,2018-03-13,2019-03-13
41-262570,41,On-Sale Beer & Wine - Eating Place,ACTIVE,Bistro Fresno,Lisa Wilson,5880 Mission Rd,Fresno,CA,90946,Fresno,(559) 264-6555,2006-10-01,2007-10-01
41-859015,41,On-Sale Beer & Wine - Eating Place,ACTIVE,Bistro Clovis Co 81,Michael Anderson,7658 Sunset Dr #319,Clovis,CA,93292,Fresno,(559) 581-2636,2011-02-11,2012-02-11
41-402678,41,On-Sale Beer & Wine - Eating Place,ACTIVE,Spot Group,Anthony Rodriguez,1269 1st Ln #106,Fresno,CA,95041,Fresno,(559) 628-2565,2013-04-26,2014-04-26
41-184734,41,On-Sale Beer & Wine - Eating Place,ACTIVE,Corner Clovis Valley Corp,Paul Rodriguez,1916 Oak Way #759,Clovis,CA,95988,Fresno,(559) 281-3452,2013-11-03,2014-11-03
41-859278,41,On-Sale Beer & Wine - Eating Place,ACTIVE,House Fresno,David Hernandez Martinez,8020 Mission Ln,Fresno,CA,95547,Fresno,(559) 233-2758,2000-11-25,2001-11-25
41-673066,41,On-Sale Beer & Wine - Eating Place,ACTIVE,Kitchen Group,David Brown,3327 6th Blvd #192,Madera,CA,91996,Fresno,(559) 395-5462,2024-08-05,2025-08-05
41-761294,41,On-Sale Beer & Wine - Eating Place,ACTIVE,Bistro Madera Corp 18,Lisa Smith,4983 3rd Dr,Madera,CA,91615,Fresno,(559) 547-9822,2023-05-07,2024-05-07
41-346180,41,On-Sale Beer & Wine - Eating Place,ACTIVE,Bistro Fresno LLC,Paul Martinez Anderson,2483 Mission St,Clovis,CA,92870,Fresno,(559) 400-5410,2022-12-04,2023-12-04
41-543463,41,On-Sale Beer & Wine - Eating Place,ACTIVE,Diner Group,John Hernandez,3714 Maple Ave #886,Fresno,CA,92708,Fresno,(559) 739-2621,2004-02-14,2005-02-14
41-726702,41,On-Sale Beer & Wine - Eating Place,ACTIVE,Eatery LLC,Mark Jackson,7040 Mission Ave,Madera,CA,93726,Fresno,(559) 477-4493,2011-01-18,2012-01-18
41-787947,41,On-Sale Beer & Wine - Eating Place,ACTIVE,Eatery Fresno Company,Michelle Smith Martinez,4315 Sunset St,Fresno,CA,92679,Fresno,(559) 366-8369,2009-07-11,2010-07-11
41-571780,41,On-Sale Beer & Wine - Eating Place,ACTIVE,Bistro LLC,Paul Martinez,9129 6th Rd #411,Clovis,CA,95045,Fresno,(559) 615-6858,2008-05-04,2009-05-04
41-961403,41,On-Sale Beer & Wine - Eating Place,ACTIVE,Bistro Fresno,Kenneth Johnson Williams,1131 State Ln #266,Clovis,CA,90586,Fresno,(559) 362-1006,2012-08-10,2013-08-10
41-319871,41,On-Sale Beer & Wine - Eating Place,ACTIVE,Eatery Clovis Hills,David Miller,2186 State St,Clovis,CA,92794,Fresno,(559) 908-9521,2024-03-26,2025-03-26
41-805329,41,On-Sale Beer & Wine - Eating Place,ACTIVE,OldGrill LLC 37,Anthony Gonzalez,7214 3rd Ave,Fresno,CA,92348,Fresno,(559) 432-9606,2016-10-15,2017-10-15
41-749628,41,On-Sale Beer & Wine - Eating Place,ACTIVE,Diner Clovis Hills,Maria Smith,3532 6th St,Clovis,CA,90779,Fresno,(559) 712-8771,2005-05-22,2006-05-22
41-149511,41,On-Sale Beer & Wine - Eating Place,ACTIVE,Grill,Steven Garcia Hernandez,1576 Madison Rd,Fresno,CA,92418,Fresno,(559) 219-9829,2004-12-12,2005-12-12
41-855554,41,On-Sale Beer & Wine - Eating Place,ACTIVE,Diner Group,David Wilson,1963 Lincoln Pl #274,Madera,CA,95893,Fresno,(559) 715-5051,2017-08-10,2018-08-10
41-293601,41,On-Sale Beer & Wine - Eating Place,ACTIVE,Place Fresno Corp,Andrew Smith,3048 3rd Pl,Clovis,CA,95827,Fresno,(559) 997-8513,2007-04-21,2008-04-21
41-392858,41,On-Sale Beer & Wine - Eating Place,ACTIVE,OldHouse Group 94,David Taylor,3901 Franklin St,Fresno,CA,92056,Fresno,(559) 778-9945,2010-09-04,2011-09-04
41-939193,41,On-Sale Beer & Wine - Eating Place,ACTIVE,Restaurant Madera,William Brown,6033 2nd Pl #888,Madera,CA,94349,Fresno,(559) 940-4525,2006-10-05,2007-10-05
41-682929,41,On-Sale Beer & Wine - Eating Place,ACTIVE,Eatery Madera Co 26,Maria Brown,5860 Oak Ave,Madera,CA,92158,Fresno,(559) 205-5547,2008-01-05,2009-01-05
41-234255,41,On-Sale Beer & Wine - Eating Place,ACTIVE,Grill Madera Hills Inc,Steven Lopez,9363 6th Way #972,Madera,CA,91851,Fresno,(559) 205-3385,2008-07-17,2009-07-17
41-238569,41,On-Sale Beer & Wine - Eating Place,ACTIVE,OldDiner Fresno Corp 71,Michael Garcia Miller,9176 5th St,Fresno,CA,93491,Fresno,(559) 641-9427,2008-08-22,2009-08-22
41-612025,41,On-Sale Beer & Wine - Eating Place,ACTIVE,Eatery,Matthew Martin Smith,3312 7th Dr,Madera,CA,95868,Fresno,(559) 988-1222,2007-06-24,2008-06-24
41-189198,41,On-Sale Beer & Wine - Eating Place,ACTIVE,Eatery Clovis Inc,Michael Jones,566 Broadway St,Clovis,CA,91179,Fresno,(559) 864-8205,2013-03-02,2014-03-02
41-642621,41,On-Sale Beer & Wine - Eating Place,ACTIVE,Corner Clovis Group 42,Jennifer Johnson,7167 5th Dr,Clovis,CA,92222,Fresno,(559) 800-9211,2015-02-25,2016-02-25
41-346451,41,On-Sale Beer & Wine - Eating Place,ACTIVE,Diner Company,William Thomas,3766 Oak Way #251,Fresno,CA,96193,Fresno,(559) 400-9606,2012-07-05,2013-07-05
41-608250,41,On-Sale Beer & Wine - Eating Place,ACTIVE,Kitchen Madera Company,Mark Martinez,8096 5th Ave,Madera,CA,90874,Fresno,(559) 369-1798,2004-02-02,2005-02-02
41-396215,41,On-Sale Beer & Wine - Eating Place,ACTIVE,Bistro Corp,Lisa Williams,9393 6th Ct,Clovis,CA,91581,Fresno,(559) 245-3797,2005-09-08,2006-09-08
41-825856,41,On-Sale Beer & Wine - Eating Place,ACTIVE,OldTavern Inc 91,Michael Hernandez,1793 Broadway Ave,Clovis,CA,91372,Fresno,(559) 467-9096,2021-10-26,2022-10-26
41-320330,41,On-Sale Beer & Wine - Eating Place,ACTIVE,Kitchen Company,Michael Thomas,4708 Main Blvd,Clovis,CA,94366,Fresno,(559) 537-7820,2013-09-28,2014-09-28
41-483210,41,On-Sale Beer & Wine - Eating Place,ACTIVE,Tavern Inc,Maria Martinez,4661 Mission Rd,Fresno,CA,90013,Fresno,(559) 461-2394,2001-05-24,2002-05-24
41-219062,41,On-Sale Beer & Wine - Eating Place,ACTIVE,Diner LLC,Maria Miller,3432 Washington Pl,Clovis,CA,94608,Fresno,(559) 354-3274,2008-09-09,2009-09-09
41-976046,41,On-Sale Beer & Wine - Eating Place,ACTIVE,Kitchen Group,Kenneth Martinez,4245 Ocean St #682,Madera,CA,90193,Fresno,(559) 833-7068,2008-05-27,2009-05-27
41-993393,41,On-Sale Beer & Wine - Eating Place,ACTIVE,Restaurant Fresno,Kenneth Rodriguez,9102 Wilshire Blvd,Madera,CA,94401,Fresno,(559) 376-2990,2023-02-01,2024-02-01
41-447975,41,On-Sale Beer & Wine - Eating Place,ACTIVE,Place Fresno,William Garcia,9698 Ocean Dr,Fresno,CA,92885,Fresno,(559) 384-9859,2008-05-23,2009-05-23
41-427560,41,On-Sale Beer & Wine - Eating Place,ACTIVE,Diner Clovis Hills,Michael Martin,3820 Oak St,Clovis,CA,90080,Fresno,(559) 985-5759,2019-12-11,2020-12-11
41-449744,41,On-Sale Beer & Wine - Eating Place,ACTIVE,House Fresno Valley Co,David Taylor Lopez,5419 Pico Ave,Fresno,CA,93025,Fresno,(559) 827-9786,2007-12-10,2008-12-10
41-912007,41,On-Sale Beer & Wine - Eating Place,ACTIVE,Bistro,Maria Davis,3276 Maple Ln,Clovis,CA,92878,Fresno,(559) 920-4404,2013-10-14,2014-10-14
41-143663,41,On-Sale Beer & Wine - Eating Place,ACTIVE,Tavern,Anthony Hernandez Gonzalez,4271 Sunset Way,Fresno,CA,94333,Fresno,(559) 666-4872,2016-12-09,2017-12-09
41-306885,41,On-Sale Beer & Wine - Eating Place,ACTIVE,TheCorner Inc 45,Maria Brown,7793 1st Rd #421,Fresno,CA,94868,Fresno,(559) 555-2745,2016-01-04,2017-01-04
41-913988,41,On-Sale Beer & Wine - Eating Place,ACTIVE,Tavern Madera LLC,David Garcia,4157 Sunset Ct,Madera,CA,93602,Fresno,(559) 377-8265,2000-06-25,2001-06-25
41-705296,41,On-Sale Beer & Wine - Eating Place,ACTIVE,Diner Madera Valley,Paul Williams,2074 2nd Ln #170,Madera,CA,94629,Fresno,(559) 282-3235,2016-11-11,2017-11-11
41-838800,41,On-Sale Beer & Wine - Eating Place,ACTIVE,Grill Fresno,William Jackson,2572 Hollywood Rd,Fresno,CA,95859,Fresno,(559) 820-2527,2022-04-17,2023-04-17
41-454388,41,On-Sale Beer & Wine - Eating Place,ACTIVE,Eatery Co,Jennifer Rodriguez,4683 7th Ln,Fresno,CA,93680,Fresno,(559) 889-1668,2008-12-04,2009-12-04
41-793743,41,On-Sale Beer & Wine - Eating Place,ACTIVE,Corner Corp 40,Maria Johnson,3975 Lincoln Blvd,Madera,CA,94810,Fresno,(559) 304-4390,2024-10-23,2025-10-23
41-705781,41,On-Sale Beer & Wine - Eating Place,ACTIVE,Spot Co,Christopher Anderson,3991 2nd Dr #982,Madera,CA,90186,Fresno,(559) 784-7996,2024-07-24,2025-07-24
41-810948,41,On-Sale Beer & Wine - Eating Place,ACTIVE,House Madera,Maria Garcia,3993 Market Dr #143,Madera,CA,92432,Fresno,(559) 864-2596,2007-10-08,2008-10-08
41-795474,41,On-Sale Beer & Wine - Eating Place,ACTIVE,Restaurant Fresno,Anthony Wilson,3001 2nd Ct,Fresno,CA,90006,Fresno,(559) 678-5072,2018-06-14,2019-06-14
41-552398,41,On-Sale Beer & Wine - Eating Place,ACTIVE,Spot,David Taylor,5665 Madison Ln,Fresno,CA,93382,Fresno,(559) 823-9523,2022-09-23,2023-09-23
41-139299,41,On-Sale Beer & Wine - Eating Place,ACTIVE,NewSpot Inc 89,William Miller,9462 Main Dr #807,Fresno,CA,95592,Fresno,(559) 364-1643,2013-04-01,2014-04-01
41-444638,41,On-Sale Beer & Wine - Eating Place,ACTIVE,Eatery,David Thomas,7359 2nd Blvd #791,Fresno,CA,93083,Fresno,(559) 524-9587,2004-05-24,2005-05-24
41-331895,41,On-Sale Beer & Wine - Eating Place,ACTIVE,Diner Corp,Maria Martinez,7838 Main Blvd,Clovis,CA,93584,Fresno,(559) 488-5263,2021-07-15,2022-07-15
41-188858,41,On-Sale Beer & Wine - Eating Place,ACTIVE,Restaurant Madera,Daniel Anderson,6236 Washington Blvd #635,Madera,CA,94179,Fresno,(559) 765-5412,2009-10-27,2010-10-27
41-532210,41,On-Sale Beer & Wine - Eating Place,ACTIVE,Tavern 55,Maria Gonzalez Anderson,7288 Madison Pl,Clovis,CA,94141,Fresno,(559) 843-6038,2007-07-08,2008-07-08
41-582905,41,On-Sale Beer & Wine - Eating Place,ACTIVE,Tavern,Paul Davis Martin,1676 Wilshire St,Fresno,CA,93339,Fresno,(559) 609-1704,2006-12-20,2007-12-20
41-718769,41,On-Sale Beer & Wine - Eating Place,ACTIVE,Corner Corp,Christopher Gonzalez,1397 3rd Pl,Clovis,CA,94879,Fresno,(559) 992-8524,2004-08-05,2005-08-05
41-533530,41,On-Sale Beer & Wine - Eating Place,ACTIVE,Corner,Kenneth Martinez,8318 Madison Blvd,Madera,CA,94852,Fresno,(559) 557-8443,2016-10-22,2017-10-22
41-850566,41,On-Sale Beer & Wine - Eating Place,ACTIVE,Place Corp,Michael Garcia,1059 State Blvd,Clovis,CA,93608,Fresno,(559) 986-7139,2020-02-23,2021-02-23
41-237058,41,On-Sale Beer & Wine - Eating Place,ACTIVE,Bistro,Daniel Brown,7492 Front Dr,Madera,CA,92151,Fresno,(559) 651-6918,2006-12-03,2007-12-03
41-905970,41,On-Sale Beer & Wine - Eating Place,ACTIVE,Grill Clovis Co,Michelle Johnson,565 Ocean Rd #428,Clovis,CA,92074,Fresno,(559) 472-7211,2005-11-10,2006-11-10
41-781976,41,On-Sale Beer & Wine - Eating Place,ACTIVE,Diner Inc,Maria Brown,9828 Washington Way #253,Clovis,CA,94242,Fresno,(559) 751-7082,2024-08-06,2025-08-06
41-676582,41,On-Sale Beer & Wine - Eating Place,ACTIVE,OldCafe Inc 30,James Johnson Johnson,8356 Wilshire Ave,Madera,CA,90352,Fresno,(559) 535-9063,2001-01-27,2002-01-27
41-516975,41,On-Sale Beer & Wine - Eating Place,ACTIVE,Kitchen Madera,John Gonzalez,630 3rd St,Madera,CA,90989,Fresno,(559) 453-9503,2020-09-09,2021-09-09
41-614107,41,On-Sale Beer & Wine - Eating Place,ACTIVE,OldRestaurant Madera 64,Robert Williams,9571 2nd Ln #513,Madera,CA,95322,Fresno,(559) 991-2178,2007-09-19,2008-09-19
41-558606,41,On-Sale Beer & Wine - Eating Place,ACTIVE,Bistro,David Hernandez,7994 Broadway Blvd,Fresno,CA,93310,Fresno,(559) 850-3859,2001-10-01,2002-10-01
41-383791,41,On-Sale Beer & Wine - Eating Place,ACTIVE,Diner Madera Heights Group,Steven Taylor Garcia,6388 5th St,Madera,CA,94390,Fresno,(559) 203-8150,2019-09-25,2020-09-25
41-532574,41,On-Sale Beer & Wine - Eating Place,ACTIVE,Grill Fresno Inc,Daniel Smith,1665 Maple Pl,Fresno,CA,92941,Fresno,(559) 832-3880,2013-02-01,2014-02-01
41-724216,41,On-Sale Beer & Wine - Eating Place,ACTIVE,Cafe Madera Group,John Taylor,2038 Oak Pl,Madera,CA,91344,Fresno,(559) 964-6227,2019-04-14,2020-04-14
41-762261,41,On-Sale Beer & Wine - Eating Place,ACTIVE,TheTavern 56,David Jackson,3300 5th Way,Fresno,CA,91304,Fresno,(559) 592-7531,2008-08-20,2009-08-20
41-431908,41,On-Sale Beer & Wine - Eating Place,ACTIVE,House 4,Steven Lopez,9126 1st Dr,Madera,CA,90308,Fresno,(559) 746-3636,2022-10-11,2023-10-11
41-229160,41,On-Sale Beer & Wine - Eating Place,ACTIVE,Bistro Fresno LLC,John Garcia Williams,7688 1st Ave #832,Clovis,CA,93470,Fresno,(559) 298-8635,2020-11-13,2021-11-13
41-129842,41,On-Sale Beer & Wine - Eating Place,ACTIVE,Eatery Co,Andrew Gonzalez,3495 Market Ln,Madera,CA,93143,Fresno,(559) 709-1169,2018-08-12,2019-08-12
41-864813,41,On-Sale Beer & Wine - Eating Place,ACTIVE,OldKitchen Madera 87,Paul Rodriguez,2747 Jefferson Dr,Madera,CA,92707,Fresno,(559) 985-5858,2010-09-14,2011-09-14
41-269822,41,On-Sale Beer & Wine - Eating Place,ACTIVE,Spot Clovis Company,Steven Johnson,8644 Maple Ct,Clovis,CA,94019,Fresno,(559) 941-4773,2000-09-06,2001-09-06
41-350465,41,On-Sale Beer & Wine - Eating Place,ACTIVE,OldGrill Fresno 83,Steven Williams,9796 3rd Blvd,Fresno,CA,95660,Fresno,(559) 629-2275,2019-08-05,2020-08-05
41-982444,41,On-Sale Beer & Wine - Eating Place,ACTIVE,Corner Madera Hills Inc,Mark Wilson,1307 Pico Ln #985,Madera,CA,92642,Fresno,(559) 721-1058,2015-08-20,2016-08-20
41-464729,41,On-Sale Beer & Wine - Eating Place,ACTIVE,Cafe Madera Valley,Michelle Johnson,3154 Washington Dr,Madera,CA,94028,Fresno,(559) 568-9324,2008-02-07,2009-02-07
41-932091,41,On-Sale Beer & Wine - Eating Place,ACTIVE,Diner Clovis,Christopher Davis Martinez,8378 Front Ave,Clovis,CA,94560,Fresno,(559) 707-7606,2008-09-03,2009-09-03
41-184198,41,On-Sale Beer & Wine - Eating Place,ACTIVE,Place Fresno,Robert Davis,8357 Hollywood Dr,Fresno,CA,93834,Fresno,(559) 640-3934,2006-02-07,2007-02-07
41-154511,41,On-Sale Beer & Wine - Eating Place,ACTIVE,NewBistro 31,Maria Johnson,6585 Oak Dr,Fresno,CA,92418,Fresno,(559) 345-9673,2017-11-09,2018-11-09
41-977258,41,On-Sale Beer & Wine - Eating Place,ACTIVE,Place Clovis Valley,James Garcia,6337 Broadway Pl #338,Clovis,CA,91466,Fresno,(559) 292-3833,2012-07-15,2013-07-15
41-104216,41,On-Sale Beer & Wine - Eating Place,ACTIVE,Place Fresno,Steven Wilson Davis,357 Lincoln Way,Madera,CA,91297,Fresno,(559) 470-3822,2013-05-06,2014-05-06
41-321226,41,On-Sale Beer & Wine - Eating Place,ACTIVE,Grill,Anthony Wilson,1984 Franklin Ln,Fresno,CA,91935,Fresno,(559) 253-6429,2013-02-02,2014-02-02
41-662227,41,On-Sale Beer & Wine - Eating Place,ACTIVE,Tavern Clovis,Andrew Davis,2977 2nd Ave,Clovis,CA,90761,Fresno,(559) 377-3407,2017-05-15,2018-05-15
41-986353,41,On-Sale Beer & Wine - Eating Place,ACTIVE,Grill Fresno,David Hernandez Martin,708 Pico Dr,Fresno,CA,93940,Fresno,(559) 496-8283,2021-07-05,2022-07-05
41-708452,41,On-Sale Beer & Wine - Eating Place,ACTIVE,House,Christopher Jones,5189 5th Way,Fresno,CA,94166,Fresno,(559) 821-6944,2018-09-22,2019-09-22
41-326562,41,On-Sale Beer & Wine - Eating Place,ACTIVE,TheEatery Inc 12,John Smith,1885 Franklin Ln #442,Madera,CA,92388,Fresno,(559) 692-7710,2003-06-21,2004-06-21
41-996466,41,On-Sale Beer & Wine - Eating Place,ACTIVE,Corner,Matthew Williams Johnson,1757 Front Rd,Clovis,CA,94230,Fresno,(559) 502-4508,2009-02-08,2010-02-08
41-761623,41,On-Sale Beer & Wine - Eating Place,ACTIVE,NewCorner Madera Group 56,William Brown Lopez,2487 Wilshire Ave,Madera,CA,94071,Fresno,(559) 986-6842,2014-07-12,2015-07-12
41-104585,41,On-Sale Beer & Wine - Eating Place,ACTIVE,Diner Madera Co,Maria Miller,8099 Pico Dr,Madera,CA,93639,Fresno,(559) 822-7441,2018-05-20,2019-05-20
41-992550,41,On-Sale Beer & Wine - Eating Place,ACTIVE,Grill Fresno Corp,Robert Miller,9094 6th Dr,Fresno,CA,90367,Fresno,(559) 853-8244,2017-02-22,2018-02-22
41-770811,41,On-Sale Beer & Wine - Eating Place,ACTIVE,Grill,Jennifer Johnson,2499 7th Ct #533,Clovis,CA,91231,Fresno,(559) 898-1194,2019-11-25,2020-11-25
41-920783,41,On-Sale Beer & Wine - Eating Place,ACTIVE,Bistro Madera LLC,Robert Brown,7627 Broadway St,Madera,CA,95143,Fresno,(559) 588-2558,2018-09-04,2019-09-04
41-504912,41,On-Sale Beer & Wine - Eating Place,ACTIVE,Place,Daniel Anderson Moore,2196 Ocean Way #534,Clovis,CA,91362,Fresno,(559) 776-7746,2023-05-17,2024-05-17
41-127682,41,On-Sale Beer & Wine - Eating Place,ACTIVE,TheDiner Madera Valley Co 19,Mark Gonzalez,4154 2nd St,Madera,CA,91432,Fresno,(559) 661-9344,2000-03-15,2001-03-15
41-985099,41,On-Sale Beer & Wine - Eating Place,ACTIVE,OldCorner Inc 77,Daniel Johnson,266 2nd Ct,Clovis,CA,93550,Fresno,(559) 978-1277,2009-10-14,2010-10-14
41-603461,41,On-Sale Beer & Wine - Eating Place,ACTIVE,Kitchen Clovis,Matthew Davis,9020 4th Ln #821,Clovis,CA,93273,Fresno,(559) 316-4801,2004-11-06,2005-11-06
41-547404,41,On-Sale Beer & Wine - Eating Place,ACTIVE,NewCorner Fresno Heights 55,Jennifer Gonzalez,7373 Broadway Blvd,Fresno,CA,94403,Fresno,(559) 876-4700,2009-01-03,2010-01-03
41-727155,41,On-Sale Beer & Wine - Eating Place,ACTIVE,TheCorner Fresno LLC 23,Steven Johnson,6915 Broadway Ave,Madera,CA,92467,Fresno,(559) 686-7512,2018-03-10,2019-03-10
41-132233,41,On-Sale Beer & Wine - Eating Place,ACTIVE,Kitchen Fresno Inc,Michelle Taylor,321 Main St #548,Fresno,CA,95464,Fresno,(559) 688-5720,2005-10-23,2006-10-23
41-918376,41,On-Sale Beer & Wine - Eating Place,ACTIVE,Bistro Fresno Co,Michelle Johnson,4882 Ocean Rd,Fresno,CA,90339,Fresno,(559) 293-7655,2000-06-26,2001-06-26
41-620577,41,On-Sale Beer & Wine - Eating Place,ACTIVE,House Fresno Corp,Robert Martin,9050 Ocean Ln,Clovis,CA,94081,Fresno,(559) 532-1182,2004-05-14,2005-05-14
41-731631,41,On-Sale Beer & Wine - Eating Place,ACTIVE,NewCorner Group 39,Michelle Rodriguez,5016 State Way #616,Fresno,CA,92961,Fresno,(559) 861-8681,2018-07-14,2019-07-14
41-821689,41,On-Sale Beer & Wine - Eating Place,ACTIVE,Tavern Clovis,Robert Hernandez,295 Washington Pl,Clovis,CA,90948,Fresno,(559) 315-6346,2022-01-28,2023-01-28
41-792658,41,On-Sale Beer & Wine - Eating Place,ACTIVE,OldSpot Clovis Valley 70,Mark Anderson Garcia,6710 2nd Blvd,Clovis,CA,93184,Fresno,(559) 839-9869,2005-03-17,2006-03-17
41-961118,41,On-Sale Beer & Wine - Eating Place,ACTIVE,NewEatery 17,Lisa Miller,5978 Jefferson Blvd,Clovis,CA,92167,Fresno,(559) 994-5951,2015-05-19,2016-05-19
41-968102,41,On-Sale Beer & Wine - Eating Place,ACTIVE,Place Fresno LLC,Christopher Rodriguez,4426 5th Dr,Fresno,CA,90520,Fresno,(559) 678-7407,2003-01-25,2004-01-25
41-202812,41,On-Sale Beer & Wine - Eating Place,ACTIVE,Spot Co,Mark Johnson,1317 3rd Ave,Madera,CA,94743,Fresno,(559) 696-7001,2018-02-10,2019-02-10
41-368652,41,On-Sale Beer & Wine - Eating Place,ACTIVE,Cafe Clovis,Michelle Taylor,2789 State Dr,Clovis,CA,93203,Fresno,(559) 289-3999,2010-03-13,2011-03-13
41-806709,41,On-Sale Beer & Wine - Eating Place,ACTIVE,NewPlace Fresno Co 2,James Anderson,9224 Lincoln Dr,Clovis,CA,95805,Fresno,(559) 788-2367,2010-03-22,2011-03-22
41-881303,41,On-Sale Beer & Wine - Eating Place,ACTIVE,Diner Company,Christopher Brown,636 Front Pl,Clovis,CA,93531,Fresno,(559) 683-9944,2015-04-13,2016-04-13
41-626564,41,On-Sale Beer & Wine - Eating Place,ACTIVE,Tavern Fresno Hills,Jennifer Martinez Smith,8531 Jefferson Ave,Fresno,CA,91993,Fresno,(559) 490-9703,2013-09-24,2014-09-24
41-320472,41,On-Sale Beer & Wine - Eating Place,ACTIVE,Kitchen,Maria Gonzalez Smith,357 Washington Dr,Fresno,CA,91954,Fresno,(559) 675-1756,2020-11-05,2021-11-05
41-350914,41,On-Sale Beer & Wine - Eating Place,ACTIVE,OldCafe Fresno Corp 32,Lisa Jackson Taylor,7248 Front Blvd #314,Fresno,CA,93274,Fresno,(559) 773-7017,2013-12-28,2014-12-28
41-982089,41,On-Sale Beer & Wine - Eating Place,ACTIVE,Spot Fresno Co,Lisa Jones,9729 Jefferson Ln,Madera,CA,94122,Fresno,(559) 915-1603,2020-05-02,2021-05-02
41-590714,41,On-Sale Beer & Wine - Eating Place,ACTIVE,Corner,Michael Martin,1699 Main Pl,Fresno,CA,95916,Fresno,(559) 594-2810,2002-03-08,2003-03-08
41-968342,41,On-Sale Beer & Wine - Eating Place,ACTIVE,Eatery Fresno,Michael Moore,7676 Pico Ln,Fresno,CA,90297,Fresno,(559) 463-6343,2020-11-06,2021-11-06
41-275628,41,On-Sale Beer & Wine - Eating Place,ACTIVE,OldHouse Co 77,James Brown,6391 Main St,Madera,CA,95077,Fresno,(559) 924-3127,2005-06-15,2006-06-15
41-714733,41,On-Sale Beer & Wine - Eating Place,ACTIVE,TheCafe Madera 54,Mark Brown Thomas,8944 Maple Way,Madera,CA,90343,Fresno,(559) 254-2589,2010-05-19,2011-05-19
41-757621,41,On-Sale Beer & Wine - Eating Place,ACTIVE,Eatery Inc,Andrew Williams,4698 Mission Rd,Madera,CA,91155,Fresno,(559) 839-7703,2018-03-02,2019-03-02
41-222406,41,On-Sale Beer & Wine - Eating Place,ACTIVE,OldHouse 61,Matthew Jones,9941 State Way,Madera,CA,91704,Fresno,(559) 715-5706,2015-10-19,2016-10-19
41-445742,41,On-Sale Beer & Wine - Eating Place,ACTIVE,Kitchen Group,John Wilson Brown,4165 Wilshire Dr,Madera,CA,93988,Fresno,(559) 581-4941,2000-01-05,2001-01-05
41-759252,41,On-Sale Beer & Wine - Eating Place,ACTIVE,Eatery Clovis Corp,Andrew Martin,5963 3rd St,Clovis,CA,93124,Fresno,(559) 973-7613,2022-11-09,2023-11-09
41-396740,41,On-Sale Beer & Wine - Eating Place,ACTIVE,OldSpot Inc 82,Matthew Johnson,6713 Main Pl,Clovis,CA,95643,Fresno,(559) 213-6756,2005-08-03,2006-08-03
41-843122,41,On-Sale Beer & Wine - Eating Place,ACTIVE,Place Company,Mark Gonzalez,7354 State Ave #703,Clovis,CA,91487,Fresno,(559) 753-9922,2024-07-18,2025-07-18
41-188946,41,On-Sale Beer & Wine - Eating Place,ACTIVE,OldGrill Corp 57,Christopher Williams,9993 3rd Rd #545,Fresno,CA,95134,Fresno,(559) 345-7515,2015-11-23,2016-11-23
41-538527,41,On-Sale Beer & Wine - Eating Place,ACTIVE,Grill Fresno LLC,Christopher Brown,3010 6th Ln,Madera,CA,95501,Fresno,(559) 362-6992,2011-07-27,2012-07-27
41-919039,41,On-Sale Beer & Wine - Eating Place,ACTIVE,House Fresno,Maria Wilson,7174 1st Blvd #469,Clovis,CA,95584,Fresno,(559) 887-9540,2005-04-10,2006-04-10
41-539317,41,On-Sale Beer & Wine - Eating Place,ACTIVE,Cafe Company,William Williams,7652 Wilshire Way #482,Madera,CA,92188,Fresno,(559) 693-2320,2017-10-17,2018-10-17
41-373820,41,On-Sale Beer & Wine - Eating Place,ACTIVE,Cafe,Lisa Hernandez Davis,5161 Ocean Blvd,Clovis,CA,93828,Fresno,(559) 337-3904,2022-09-06,2023-09-06
41-242090,41,On-Sale Beer & Wine - Eating Place,ACTIVE,OldCafe Corp 14,Steven Wilson,767 2nd Ln,Fresno,CA,93631,Fresno,(559) 988-9143,2011-01-02,2012-01-02
41-293455,41,On-Sale Beer & Wine - Eating Place,ACTIVE,Cafe Fresno,Michelle Rodriguez,9960 State Blvd,Madera,CA,91602,Fresno,(559) 352-3088,2008-06-03,2009-06-03
41-728723,41,On-Sale Beer & Wine - Eating Place,ACTIVE,Diner Group,Mark Hernandez,6699 Washington Ln #241,Clovis,CA,94736,Fresno,(559) 720-4097,2020-07-09,2021-07-09
41-727046,41,On-Sale Beer & Wine - Eating Place,ACTIVE,Cafe Group,Michael Martinez,2536 3rd Blvd,Clovis,CA,92537,Fresno,(559) 832-7700,2004-05-11,2005-05-11
41-973476,41,On-Sale Beer & Wine - Eating Place,ACTIVE,Kitchen LLC,Jennifer Miller Johnson,8321 Oak St #506,Fresno,CA,94147,Fresno,(559) 815-5498,2004-01-11,2005-01-11
41-847319,41,On-Sale Beer & Wine - Eating Place,ACTIVE,House Madera Hills Co,John Miller,121 Market Ln,Madera,CA,93599,Fresno,(559) 970-5018,2002-06-03,2003-06-03
41-527014,41,On-Sale Beer & Wine - Eating Place,ACTIVE,Spot Fresno Valley Inc,Steven Jackson Anderson,3871 State Ct #357,Fresno,CA,93790,Fresno,(559) 442-6166,2022-09-06,2023-09-06
41-446289,41,On-Sale Beer & Wine - Eating Place,ACTIVE,Kitchen Inc,Daniel Anderson,3595 Franklin Ln,Fresno,CA,94293,Fresno,(559) 496-5215,2017-04-23,2018-04-23
41-237251,41,On-Sale Beer & Wine - Eating Place,ACTIVE,Eatery Fresno,Anthony Lopez,7591 7th St #166,Madera,CA,93635,Fresno,(559) 889-9573,2013-10-19,2014-10-19
41-271060,41,On-Sale Beer & Wine - Eating Place,ACTIVE,NewDiner Fresno 1,Maria Gonzalez,4578 Washington St #590,Fresno,CA,93177,Fresno,(559) 899-1211,2013-12-22,2014-12-22
41-141642,41,On-Sale Beer & Wine - Eating Place,ACTIVE,Place Fresno Heights Co,Lisa Lopez,9238 6th St,Fresno,CA,90405,Fresno,(559) 235-8056,2016-10-22,2017-10-22
41-779546,41,On-Sale Beer & Wine - Eating Place,ACTIVE,OldCorner Group 33,Steven Garcia Moore,2699 Broadway Dr,Madera,CA,90073,Fresno,(559) 474-9864,2002-01-20,2003-01-20
41-601785,41,On-Sale Beer & Wine - Eating Place,ACTIVE,TheSpot Madera Valley 15,William Jackson,5171 Maple Ln #967,Madera,CA,92530,Fresno,(559) 923-7753,2020-08-17,2021-08-17
41-155449,41,On-Sale Beer & Wine - Eating Place,ACTIVE,Kitchen Corp,James Anderson,8591 Wilshire Rd,Madera,CA,95251,Fresno,(559) 455-2851,2004-01-22,2005-01-22
41-795089,41,On-Sale Beer & Wine - Eating Place,ACTIVE,Eatery,Daniel Jones,3952 Pico Ln,Clovis,CA,94311,Fresno,(559) 394-4666,2009-09-10,2010-09-10
41-815681,41,On-Sale Beer & Wine - Eating Place,ACTIVE,Diner Fresno Heights,Robert Williams,8626 Mission Pl #248,Fresno,CA,92731,Fresno,(559) 546-9627,2020-01-14,2021-01-14
41-991914,41,On-Sale Beer & Wine - Eating Place,ACTIVE,NewCorner Madera Group 60,Michael Gonzalez,8694 6th Way #417,Madera,CA,94730,Fresno,(559) 392-4543,2009-04-18,2010-04-18
41-398318,41,On-Sale Beer & Wine - Eating Place,ACTIVE,Tavern Co,Michael Jackson Jones,4515 6th Blvd,Fresno,CA,93299,Fresno,(559) 467-2480,2020-10-16,2021-10-16
41-397432,41,On-Sale Beer & Wine - Eating Place,ACTIVE,Place Fresno Valley,Michael Wilson,9299 6th Ln,Fresno,CA,90588,Fresno,(559) 212-6672,2020-01-04,2021-01-04
41-742880,41,On-Sale Beer & Wine - Eating Place,ACTIVE,OldRestaurant Fresno Corp 56,Lisa Wilson,958 Main Ct #720,Fresno,CA,91318,Fresno,(559) 914-1926,2013-10-01,2014-10-01
41-587491,41,On-Sale Beer & Wine - Eating Place,ACTIVE,Kitchen Inc,Kenneth Brown Lopez,6346 Jefferson Pl,Clovis,CA,92596,Fresno,(559) 918-3373,2001-11-10,2002-11-10
41-791132,41,On-Sale Beer & Wine - Eating Place,ACTIVE,Place Madera Hills,Michael Anderson,1137 Madison Ct #256,Madera,CA,93802,Fresno,(559) 294-4163,2021-02-09,2022-02-09
41-274240,41,On-Sale Beer & Wine - Eating Place,ACTIVE,Tavern,William Taylor Moore,4315 7th Dr #932,Madera,CA,91856,Fresno,(559) 775-1644,2023-12-04,2024-12-04
41-249670,41,On-Sale Beer & Wine - Eating Place,ACTIVE,TheBistro Co 32,Michael Lopez,4188 Franklin Pl,Madera,CA,95530,Fresno,(559) 671-4181,2000-10-14,2001-10-14
41-426551,41,On-Sale Beer & Wine - Eating Place,ACTIVE,Place Co 79,William Rodriguez Garcia,8915 3rd Blvd,Clovis,CA,94297,Fresno,(559) 764-3090,2002-01-11,2003-01-11
41-925375,41,On-Sale Beer & Wine - Eating Place,ACTIVE,Diner Fresno 68,James Jones Johnson,1007 Mission Blvd #476,Clovis,CA,94444,Fresno,(559) 713-4742,2018-06-05,2019-06-05
41-428733,41,On-Sale Beer & Wine - Eating Place,ACTIVE,Bistro,David Rodriguez,1777 Front Ln,Fresno,CA,95146,Fresno,(559) 508-7011,2008-04-05,2009-04-05
41-834318,41,On-Sale Beer & Wine - Eating Place,ACTIVE,Place Corp,Michelle Lopez,6720 Ocean Ln,Madera,CA,94353,Fresno,(559) 412-7152,2024-09-06,2025-09-06
41-170839,41,On-Sale Beer & Wine - Eating Place,ACTIVE,Spot Fresno,Lisa Rodriguez Miller,7862 Sunset Ct,Clovis,CA,93113,Fresno,(559) 622-1559,2011-04-18,2012-04-18
41-593912,41,On-Sale Beer & Wine - Eating Place,ACTIVE,Diner Fresno Hills LLC,Mark Martin Martinez,9876 7th Dr,Fresno,CA,91946,Fresno,(559) 520-5334,2014-07-17,2015-07-17
41-764752,41,On-Sale Beer & Wine - Eating Place,ACTIVE,Eatery Group,Paul Jones,3944 Sunset Ct #250,Madera,CA,95877,Fresno,(559) 505-6283,2003-08-20,2004-08-20
41-860661,41,On-Sale Beer & Wine - Eating Place,ACTIVE,TheRestaurant Clovis Corp 49,Andrew Rodriguez,1095 Franklin Ln #438,Clovis,CA,93918,Fresno,(559) 824-1527,2022-11-02,2023-11-02
41-137252,41,On-Sale Beer & Wine - Eating Place,ACTIVE,House Fresno Company,Christopher Martinez Johnson,9688 Franklin Ct #393,Madera,CA,93947,Fresno,(559) 934-4119,2002-05-08,2003-05-08
41-959229,41,On-Sale Beer & Wine - Eating Place,ACTIVE,NewSpot Madera Heights Group 29,Paul Wilson Johnson,1670 Hollywood Rd,Madera,CA,92817,Fresno,(559) 675-7188,2015-03-10,2016-03-10
41-791238,41,On-Sale Beer & Wine - Eating Place,ACTIVE,Tavern Fresno,William Miller,7493 4th Dr,Madera,CA,90811,Fresno,(559) 633-9312,2003-01-05,2004-01-05
41-617814,41,On-Sale Beer & Wine - Eating Place,ACTIVE,Tavern Clovis Valley,Mark Davis,7293 Maple Blvd,Clovis,CA,94868,Fresno,(559) 679-5224,2024-03-03,2025-03-03
41-516947,41,On-Sale Beer & Wine - Eating Place,ACTIVE,Kitchen Madera,William Smith,4175 Mission St,Madera,CA,91157,Fresno,(559) 274-5101,2022-11-15,2023-11-15
41-510965,41,On-Sale Beer & Wine - Eating Place,ACTIVE,Spot Group,Anthony Williams Anderson,3556 Market St,Clovis,CA,91663,Fresno,(559) 608-6331,2000-07-02,2001-07-02
41-809165,41,On-Sale Beer & Wine - Eating Place,ACTIVE,Spot Clovis Valley,Christopher Rodriguez,5820 6th Way,Clovis,CA,93558,Fresno,(559) 807-7912,2021-02-10,2022-02-10
41-285998,41,On-Sale Beer & Wine - Eating Place,ACTIVE,Place Madera,Kenneth Martinez,3188 Market Rd #839,Madera,CA,95285,Fresno,(559) 949-2146,2015-09-20,2016-09-20
41-247863,41,On-Sale Beer & Wine - Eating Place,ACTIVE,Diner Fresno Heights,John Johnson Johnson,4476 3rd Ln,Fresno,CA,93781,Fresno,(559) 257-6232,2016-07-11,2017-07-11
41-880267,41,On-Sale Beer & Wine - Eating Place,ACTIVE,Eatery Fresno Inc,Michael Jackson,9268 Broadway Rd,Fresno,CA,94787,Fresno,(559) 639-3672,2008-12-14,2009-12-14
41-469340,41,On-Sale Beer & Wine - Eating Place,ACTIVE,OldHouse Fresno Co 10,Kenneth Jackson,8188 6th Ave,Fresno,CA,91816,Fresno,(559) 428-2516,2002-02-06,2003-02-06
41-301692,41,On-Sale Beer & Wine - Eating Place,ACTIVE,Cafe Fresno,Robert Moore Brown,7939 Maple St,Fresno,CA,91041,Fresno,(559) 400-8890,2017-03-16,2018-03-16
41-562749,41,On-Sale Beer & Wine - Eating Place,ACTIVE,Eatery Fresno Inc,Paul Martinez Johnson,5724 Pico St,Fresno,CA,93803,Fresno,(559) 706-7861,2011-05-24,2012-05-24
41-641578,41,On-Sale Beer & Wine - Eating Place,ACTIVE,TheRestaurant Fresno 49,Anthony Smith Brown,5139 Oak Ct,Madera,CA,90713,Fresno,(559) 895-3123,2000-03-27,2001-03-27
41-295885,41,On-Sale Beer & Wine - Eating Place,ACTIVE,Spot Group,Michael Taylor,4905 Sunset Blvd,Madera,CA,90167,Fresno,(559) 809-2489,2016-07-19,2017-07-19
41-894870,41,On-Sale Beer & Wine - Eating Place,ACTIVE,OldPlace Fresno 78,David Davis,587 6th Ln #778,Clovis,CA,94754,Fresno,(559) 396-3898,2012-05-07,2013-05-07
41-542580,41,On-Sale Beer & Wine - Eating Place,ACTIVE,NewGrill 5,Michael Johnson Gonzalez,1424 1st Blvd,Clovis,CA,90402,Fresno,(559) 497-4282,2008-09-25,2009-09-25
41-232820,41,On-Sale Beer & Wine - Eating Place,ACTIVE,Place Company 85,Steven Thomas,4664 5th Blvd,Madera,CA,96140,Fresno,(559) 588-1163,2007-12-12,2008-12-12
41-374069,41,On-Sale Beer & Wine - Eating Place,ACTIVE,Place Fresno,William Miller Rodriguez,6894 Mission Pl,Fresno,CA,93214,Fresno,(559) 218-3579,2013-10-09,2014-10-09
41-250624,41,On-Sale Beer & Wine - Eating Place,ACTIVE,Place Fresno,Kenneth Miller,493 Lincoln Ave,Madera,CA,92597,Fresno,(559) 903-9272,2010-08-11,2011-08-11
41-294854,41,On-Sale Beer & Wine - Eating Place,ACTIVE,Grill Fresno Group,Anthony Miller,7457 Broadway Ave,Clovis,CA,95658,Fresno,(559) 210-1325,2000-03-24,2001-03-24
41-423637,41,On-Sale Beer & Wine - Eating Place,ACTIVE,Eatery Fresno Company,Paul Jones Rodriguez,3553 5th Way,Fresno,CA,95628,Fresno,(559) 937-3334,2012-11-03,2013-11-03
41-990012,41,On-Sale Beer & Wine - Eating Place,ACTIVE,OldPlace Clovis Company 36,Paul Anderson,3149 Lincoln Pl,Clovis,CA,93662,Fresno,(559) 279-8680,2001-05-06,2002-05-06
41-652675,41,On-Sale Beer & Wine - Eating Place,ACTIVE,House Clovis Valley,Daniel Anderson,572 Hollywood Pl #688,Clovis,CA,95508,Fresno,(559) 838-6581,2020-03-23,2021-03-23
41-299317,41,On-Sale Beer & Wine - Eating Place,ACTIVE,OldRestaurant Clovis Valley 11,David Gonzalez,6589 Oak St #125,Clovis,CA,90265,Fresno,(559) 668-8667,2005-07-07,2006-07-07
41-138427,41,On-Sale Beer & Wine - Eating Place,ACTIVE,NewSpot Fresno 58,Jennifer Thomas,6215 Main Way,Clovis,CA,94308,Fresno,(559) 887-2322,2003-05-27,2004-05-27
41-326390,41,On-Sale Beer & Wine - Eating Place,ACTIVE,NewCorner Clovis 47,Daniel Wilson,7487 3rd Blvd,Clovis,CA,91006,Fresno,(559) 337-3932,2002-02-11,2003-02-11
41-733599,41,On-Sale Beer & Wine - Eating Place,ACTIVE,TheCorner Fresno 30,Maria Anderson,4890 Madison Ln #442,Clovis,CA,90164,Fresno,(559) 694-7499,2012-01-23,2013-01-23
41-601649,41,On-Sale Beer & Wine - Eating Place,ACTIVE,Restaurant Madera,Steven Wilson,9082 Market Way #444,Madera,CA,93632,Fresno,(559) 927-9769,2013-03-20,2014-03-20
41-109361,41,On-Sale Beer & Wine - Eating Place,ACTIVE,Cafe Clovis Hills,Jennifer Jones Davis,9876 Franklin Rd,Clovis,CA,91683,Fresno,(559) 258-2958,2021-03-08,2022-03-08
41-582061,41,On-Sale Beer & Wine - Eating Place,ACTIVE,House Fresno,Kenneth Williams,3939 Broadway Blvd #890,Fresno,CA,92480,Fresno,(559) 463-2493,2000-08-03,2001-08-03
41-482269,41,On-Sale Beer & Wine - Eating Place,ACTIVE,Tavern Fresno,David Wilson Jackson,4967 6th Ln,Fresno,CA,94415,Fresno,(559) 959-1679,2002-07-13,2003-07-13
41-619839,41,On-Sale Beer & Wine - Eating Place,ACTIVE,Tavern Clovis Valley Group,Maria Moore,4513 Market Dr,Clovis,CA,90655,Fresno,(559) 764-1887,2007-06-05,2008-06-05
41-711778,41,On-Sale Beer & Wine - Eating Place,ACTIVE,Grill Fresno LLC,David Anderson,8298 Market Ave,Fresno,CA,91878,Fresno,(559) 932-1131,2000-08-03,2001-08-03
41-148797,41,On-Sale Beer & Wine - Eating Place,ACTIVE,Grill,Christopher Martinez,4518 5th Ave,Madera,CA,95469,Fresno,(559) 409-7730,2009-05-05,2010-05-05
41-252151,41,On-Sale Beer & Wine - Eating Place,ACTIVE,Place 29,Kenneth Taylor,9612 7th Blvd,Madera,CA,95252,Fresno,(559) 923-2751,2016-09-19,2017-09-19
41-206783,41,On-Sale Beer & Wine - Eating Place,ACTIVE,NewCafe 27,Michael Martinez Gonzalez,1122 6th St,Clovis,CA,93292,Fresno,(559) 351-4702,2005-03-14,2006-03-14
41-663690,41,On-Sale Beer & Wine - Eating Place,ACTIVE,Spot Fresno LLC,Jennifer Wilson,4797 Sunset Dr,Fresno,CA,94670,Fresno,(559) 408-1045,2015-01-18,2016-01-18
41-790807,41,On-Sale Beer & Wine - Eating Place,ACTIVE,Eatery Co,Jennifer Rodriguez,3057 Maple Rd,Madera,CA,90517,Fresno,(559) 924-9228,2021-04-01,2022-04-01
41-849682,41,On-Sale Beer & Wine - Eating Place,ACTIVE,Place Company,Daniel Thomas,5421 Oak St,Clovis,CA,93960,Fresno,(559) 378-6617,2006-03-17,2007-03-17
41-395684,41,On-Sale Beer & Wine - Eating Place,ACTIVE,Place Group,David Gonzalez,806 Ocean Pl #946,Madera,CA,92781,Fresno,(559) 320-3489,2020-12-04,2021-12-04
41-778352,41,On-Sale Beer & Wine - Eating Place,ACTIVE,Spot Fresno Inc,Daniel Thomas Gonzalez,6460 Front St,Clovis,CA,94768,Fresno,(559) 203-3294,2024-10-22,2025-10-22
41-470411,41,On-Sale Beer & Wine - Eating Place,ACTIVE,NewCorner Fresno Company 56,Christopher Davis,9331 Sunset Dr #852,Fresno,CA,92360,Fresno,(559) 223-8052,2003-05-12,2004-05-12
41-756135,41,On-Sale Beer & Wine - Eating Place,ACTIVE,Grill Fresno Hills Inc,Matthew Jones,255 5th Way,Fresno,CA,90163,Fresno,(559) 516-2440,2006-01-17,2007-01-17
41-646274,41,On-Sale Beer & Wine - Eating Place,ACTIVE,Restaurant Madera Hills Group,Lisa Thomas Taylor,9955 Broadway Blvd #340,Madera,CA,94232,Fresno,(559) 880-6913,2004-05-14,2005-05-14
41-665600,41,On-Sale Beer & Wine - Eating Place,ACTIVE,Restaurant Madera Heights 65,Maria Gonzalez,8548 Market Rd #672,Madera,CA,90546,Fresno,(559) 879-1217,2009-04-16,2010-04-16
41-573809,41,On-Sale Beer & Wine - Eating Place,ACTIVE,House Fresno Co 7,John Brown,7304 Sunset Dr #164,Madera,CA,93584,Fresno,(559) 379-6847,2012-07-20,2013-07-20
41-949115,41,On-Sale Beer & Wine - Eating Place,ACTIVE,NewPlace Corp 12,Andrew Lopez Jones,8328 Franklin Way #653,Madera,CA,95535,Fresno,(559) 910-9560,2021-10-20,2022-10-20
41-942412,41,On-Sale Beer & Wine - Eating Place,ACTIVE,TheEatery 43,William Thomas Taylor,9425 Pico Pl,Fresno,CA,95418,Fresno,(559) 312-5295,2012-12-08,2013-12-08
41-430963,41,On-Sale Beer & Wine - Eating Place,ACTIVE,Bistro Clovis Inc,William Rodriguez,5178 Madison Dr #214,Clovis,CA,90028,Fresno,(559) 547-1254,2004-01-16,2005-01-16
41-196589,41,On-Sale Beer & Wine - Eating Place,ACTIVE,Corner,William Anderson,2477 Jefferson Pl #420,Clovis,CA,92238,Fresno,(559) 987-8752,2006-09-08,2007-09-08
41-121188,41,On-Sale Beer & Wine - Eating Place,ACTIVE,Diner Fresno,Michelle Wilson,4340 Sunset St,Fresno,CA,95881,Fresno,(559) 804-2037,2013-09-15,2014-09-15
41-965076,41,On-Sale Beer & Wine - Eating Place,ACTIVE,OldHouse Fresno Co 21,Anthony Hernandez,5536 Pico Blvd,Fresno,CA,95982,Fresno,(559) 262-6949,2004-06-22,2005-06-22
41-603344,41,On-Sale Beer & Wine - Eating Place,ACTIVE,Kitchen Madera Corp,Lisa Wilson Gonzalez,123 Broadway Blvd,Madera,CA,94475,Fresno,(559) 301-4961,2015-02-19,2016-02-19
41-940164,41,On-Sale Beer & Wine - Eating Place,ACTIVE,Restaurant Company 49,Christopher Martinez,1774 Madison Ave,Fresno,CA,94426,Fresno,(559) 840-4664,2011-07-16,2012-07-16
41-157389,41,On-Sale Beer & Wine - Eating Place,ACTIVE,Bistro Inc,Lisa Garcia,5567 Ocean Rd #384,Madera,CA,93664,Fresno,(559) 491-9830,2006-05-22,2007-05-22
41-562428,41,On-Sale Beer & Wine - Eating Place,ACTIVE,NewCafe Inc 4,Steven Johnson,7563 Market Ct #473,Fresno,CA,95577,Fresno,(559) 662-7919,2009-04-13,2010-04-13
41-321786,41,On-Sale Beer & Wine - Eating Place,ACTIVE,Cafe Fresno Heights LLC,Anthony Johnson,4296 Pico Ave,Fresno,CA,90389,Fresno,(559) 975-5782,2016-02-08,2017-02-08
41-534151,41,On-Sale Beer & Wine - Eating Place,ACTIVE,Tavern Madera Corp,John Smith,8876 Hollywood St #716,Madera,CA,90775,Fresno,(559) 976-9160,2010-09-15,2011-09-15
41-752795,41,On-Sale Beer & Wine - Eating Place,ACTIVE,Eatery Clovis Group,Jennifer Jackson,6903 Mission Rd,Clovis,CA,92254,Fresno,(559) 685-3870,2004-12-14,2005-12-14
41-540042,41,On-Sale Beer & Wine - Eating Place,ACTIVE,Eatery Corp,Robert Taylor,4820 Broadway Blvd,Clovis,CA,94631,Fresno,(559) 353-9653,2000-02-09,2001-02-09
41-525208,41,On-Sale Beer & Wine - Eating Place,ACTIVE,Tavern LLC,Jennifer Smith,5277 5th Dr,Madera,CA,95044,Fresno,(559) 401-6489,2005-03-25,2006-03-25
41-726098,41,On-Sale Beer & Wine - Eating Place,ACTIVE,NewCafe Fresno Co 39,Lisa Martinez,5647 Main St,Clovis,CA,91478,Fresno,(559) 846-8790,2003-05-14,2004-05-14
41-570852,41,On-Sale Beer & Wine - Eating Place,ACTIVE,Cafe Fresno Corp,Christopher Smith,6972 Madison Ave,Madera,CA,93331,Fresno,(559) 230-8711,2019-12-04,2020-12-04
41-155546,41,On-Sale Beer & Wine - Eating Place,ACTIVE,OldKitchen Inc 71,Matthew Jones,7516 Sunset Rd #307,Madera,CA,93030,Fresno,(559) 775-6007,2003-04-10,2004-04-10
41-508965,41,On-Sale Beer & Wine - Eating Place,ACTIVE,House Clovis Corp,James Martin,3921 4th Dr,Clovis,CA,93409,Fresno,(559) 687-5417,2015-02-10,2016-02-10
41-960643,41,On-Sale Beer & Wine - Eating Place,ACTIVE,Place,Anthony Hernandez Garcia,9701 4th St,Madera,CA,92215,Fresno,(559) 843-4265,2008-07-12,2009-07-12
41-411671,41,On-Sale Beer & Wine - Eating Place,ACTIVE,OldSpot 32,John Williams,6736 Front Ave #687,Madera,CA,91963,Fresno,(559) 781-1464,2005-08-16,2006-08-16
41-389773,41,On-Sale Beer & Wine - Eating Place,ACTIVE,Tavern,Paul Jones,114 2nd St,Madera,CA,93147,Fresno,(559) 249-3544,2013-06-08,2014-06-08
41-677266,41,On-Sale Beer & Wine - Eating Place,ACTIVE,OldBistro 98,Michael Wilson,1561 Broadway Way,Clovis,CA,95768,Fresno,(559) 754-8475,2014-07-25,2015-07-25
41-619490,41,On-Sale Beer & Wine - Eating Place,ACTIVE,Eatery Inc 3,Andrew Thomas,5302 Ocean Ct,Fresno,CA,91184,Fresno,(559) 246-6569,2024-03-14,2025-03-14
41-143470,41,On-Sale Beer & Wine - Eating Place,ACTIVE,Eatery,Matthew Jones,470 1st St,Fresno,CA,92190,Fresno,(559) 806-9799,2024-04-17,2025-04-17
41-119365,41,On-Sale Beer & Wine - Eating Place,ACTIVE,TheSpot Clovis Hills 29,Mark Wilson,4768 Front Ln,Clovis,CA,90527,Fresno,(559) 676-3479,2021-09-22,2022-09-22
41-878123,41,On-Sale Beer & Wine - Eating Place,ACTIVE,Diner Clovis Inc,Maria Martinez Gonzalez,2733 Oak Dr #338,Clovis,CA,94593,Fresno,(559) 957-5824,2018-07-24,2019-07-24
41-356416,41,On-Sale Beer & Wine - Eating Place,ACTIVE,NewSpot Madera 42,Andrew Jones,5284 Ocean Dr,Madera,CA,93979,Fresno,(559) 592-4134,2019-04-04,2020-04-04
41-637760,41,On-Sale Beer & Wine - Eating Place,ACTIVE,Diner Fresno,Christopher Jackson,9935 Broadway Ave,Clovis,CA,93830,Fresno,(559) 508-3693,2015-09-21,2016-09-21
41-173953,41,On-Sale Beer & Wine - Eating Place,ACTIVE,Cafe Clovis,Anthony Taylor,6300 3rd Blvd,Clovis,CA,92271,Fresno,(559) 438-4107,2010-09-06,2011-09-06
41-577114,41,On-Sale Beer & Wine - Eating Place,ACTIVE,OldHouse Corp 60,Kenneth Hernandez,7930 Ocean Ct,Fresno,CA,95430,Fresno,(559) 796-7978,2016-08-14,2017-08-14
41-465113,41,On-Sale Beer & Wine - Eating Place,ACTIVE,Corner Fresno Group,Christopher Miller,6443 Mission Ln #469,Fresno,CA,94464,Fresno,(559) 982-8438,2007-08-26,2008-08-26
41-946937,41,On-Sale Beer & Wine - Eating Place,ACTIVE,NewSpot Fresno Group 51,Lisa Garcia,964 6th Pl #100,Madera,CA,95003,Fresno,(559) 693-4534,2000-10-27,2001-10-27
41-376898,41,On-Sale Beer & Wine - Eating Place,ACTIVE,Tavern Fresno Company,David Moore,2027 Market Rd,Madera,CA,91311,Fresno,(559) 770-5407,2023-09-15,2024-09-15
41-517379,41,On-Sale Beer & Wine - Eating Place,ACTIVE,Eatery 56,Michelle Taylor,3989 Market Dr #709,Fresno,CA,91631,Fresno,(559) 382-1961,2020-09-16,2021-09-16
41-775759,41,On-Sale Beer & Wine - Eating Place,ACTIVE,TheRestaurant Fresno 6,Paul Taylor,9349 Washington Ave,Fresno,CA,91702,Fresno,(559) 550-8233,2021-09-08,2022-09-08
41-834866,41,On-Sale Beer & Wine - Eating Place,ACTIVE,Eatery Fresno,Andrew Rodriguez,2157 Jefferson Ln #188,Fresno,CA,95181,Fresno,(559) 953-4005,2016-09-20,2017-09-20
41-511295,41,On-Sale Beer & Wine - Eating Place,ACTIVE,House Madera Group,Jennifer Miller,8655 Washington Pl,Madera,CA,95150,Fresno,(559) 419-8727,2023-07-14,2024-07-14
41-445804,41,On-Sale Beer & Wine - Eating Place,ACTIVE,Restaurant Group,Paul Smith,8895 Ocean Pl,Clovis,CA,93733,Fresno,(559) 554-4666,2002-01-21,2003-01-21
41-537665,41,On-Sale Beer & Wine - Eating Place,ACTIVE,TheRestaurant Madera 76,Anthony Martin,5212 5th St,Madera,CA,90841,Fresno,(559) 844-1910,2014-11-27,2015-11-27
41-793402,41,On-Sale Beer & Wine - Eating Place,ACTIVE,Restaurant,Michelle Brown Brown,9703 Pico Ct,Fresno,CA,94358,Fresno,(559) 611-3390,2006-08-11,2007-08-11
41-311816,41,On-Sale Beer & Wine - Eating Place,ACTIVE,Bistro Fresno,John Smith Johnson,2601 1st Pl,Fresno,CA,94077,Fresno,(559) 799-5922,2012-01-18,2013-01-18
41-453885,41,On-Sale Beer & Wine - Eating Place,ACTIVE,Diner,John Wilson,903 Oak Way,Clovis,CA,91342,Fresno,(559) 567-8899,2024-07-04,2025-07-04
41-214490,41,On-Sale Beer & Wine - Eating Place,ACTIVE,House,Maria Garcia,9687 Front Blvd #439,Fresno,CA,95318,Fresno,(559) 443-3825,2017-12-27,2018-12-27
41-426367,41,On-Sale Beer & Wine - Eating Place,ACTIVE,Bistro Clovis Valley Group,Mark Jackson,9159 1st St,Clovis,CA,92949,Fresno,(559) 405-1330,2006-11-25,2007-11-25
41-791780,41,On-Sale Beer & Wine - Eating Place,ACTIVE,Eatery Clovis Hills Company,David Johnson,2745 Washington Rd,Clovis,CA,94637,Fresno,(559) 234-8956,2013-11-04,2014-11-04
41-102033,41,On-Sale Beer & Wine - Eating Place,ACTIVE,House Corp,Kenneth Johnson,7383 Mission Rd,Madera,CA,90346,Fresno,(559) 657-7987,2000-04-22,2001-04-22
41-648255,41,On-Sale Beer & Wine - Eating Place,ACTIVE,Tavern Corp,Kenneth Jones,267 Broadway Way,Madera,CA,94780,Fresno,(559) 364-4047,2007-10-14,2008-10-14
41-999329,41,On-Sale Beer & Wine - Eating Place,ACTIVE,House 67,Maria Anderson,5615 Lincoln Pl,Madera,CA,95355,Fresno,(559) 506-6933,2000-02-16,2001-02-16
41-564555,41,On-Sale Beer & Wine - Eating Place,ACTIVE,Place Clovis Hills Group,Paul Martin Miller,8015 1st Pl,Clovis,CA,95266,Fresno,(559) 363-9407,2000-12-28,2001-12-28
41-836570,41,On-Sale Beer & Wine - Eating Place,ACTIVE,Bistro,Robert Wilson Jackson,8331 4th Ln #992,Fresno,CA,94540,Fresno,(559) 758-7997,2011-03-13,2012-03-13
41-598650,41,On-Sale Beer & Wine - Eating Place,ACTIVE,NewKitchen Clovis LLC 69,Paul Jones,8870 Hollywood Blvd,Clovis,CA,92337,Fresno,(559) 257-9560,2010-02-22,2011-02-22
41-315264,41,On-Sale Beer & Wine - Eating Place,ACTIVE,Grill LLC,David Miller Wilson,3113 Wilshire Dr,Madera,CA,95811,Fresno,(559) 911-6300,2020-11-24,2021-11-24
41-530046,41,On-Sale Beer & Wine - Eating Place,ACTIVE,TheGrill Corp 26,Michelle Anderson Martin,2954 Oak Way,Madera,CA,93734,Fresno,(559) 504-5654,2023-10-16,2024-10-16
41-368488,41,On-Sale Beer & Wine - Eating Place,ACTIVE,Cafe Corp,Jennifer Gonzalez,3335 Oak Rd,Fresno,CA,94394,Fresno,(559) 635-4607,2012-10-12,2013-10-12
41-818722,41,On-Sale Beer & Wine - Eating Place,ACTIVE,Spot Fresno Co,Andrew Williams,8415 6th Dr #128,Fresno,CA,94591,Fresno,(559) 465-6213,2023-01-16,2024-01-16
41-740169,41,On-Sale Beer & Wine - Eating Place,ACTIVE,Grill Co,Christopher Gonzalez,6099 Broadway Way,Fresno,CA,91766,Fresno,(559) 778-9788,2011-07-20,2012-07-20
41-272976,41,On-Sale Beer & Wine - Eating Place,ACTIVE,TheEatery 10,Michael Martin,9274 Broadway Dr #651,Fresno,CA,94166,Fresno,(559) 459-9496,2001-07-13,2002-07-13
41-300199,41,On-Sale Beer & Wine - Eating Place,ACTIVE,Tavern Clovis 58,Matthew Gonzalez,6219 Pico Way,Clovis,CA,92557,Fresno,(559) 942-8200,2021-08-16,2022-08-16
41-872593,41,On-Sale Beer & Wine - Eating Place,ACTIVE,Grill Inc,Steven Davis,2042 4th St #736,Madera,CA,93437,Fresno,(559) 299-7937,2001-04-07,2002-04-07
41-490839,41,On-Sale Beer & Wine - Eating Place,ACTIVE,Restaurant,James Anderson Lopez,1149 7th Ln,Fresno,CA,94736,Fresno,(559) 912-4004,2005-08-28,2006-08-28
41-438960,41,On-Sale Beer & Wine - Eating Place,ACTIVE,Eatery Fresno Corp,John Taylor,8633 6th Pl,Fresno,CA,95520,Fresno,(559) 324-2122,2018-04-10,2019-04-10
41-398198,41,On-Sale Beer & Wine - Eating Place,ACTIVE,Grill Fresno Corp,Michael Williams,9450 1st Ln,Fresno,CA,92333,Fresno,(559) 422-1472,2019-10-26,2020-10-26
41-805155,41,On-Sale Beer & Wine - Eating Place,ACTIVE,Spot,Christopher Taylor,2089 Pico Ave,Fresno,CA,92449,Fresno,(559) 994-8447,2012-07-24,2013-07-24
41-235663,41,On-Sale Beer & Wine - Eating Place,ACTIVE,House Company,Andrew Martinez,5875 Market Way,Madera,CA,91568,Fresno,(559) 269-2140,2021-01-27,2022-01-27
41-715722,41,On-Sale Beer & Wine - Eating Place,ACTIVE,TheCafe Madera Inc 95,Michael Lopez,519 Hollywood Ct #269,Madera,CA,92775,Fresno,(559) 771-4879,2005-09-17,2006-09-17
41-878641,41,On-Sale Beer & Wine - Eating Place,ACTIVE,Bistro,Kenneth Jones Wilson,9312 Sunset Rd,Madera,CA,93523,Fresno,(559) 414-3192,2006-10-13,2007-10-13
41-127743,41,On-Sale Beer & Wine - Eating Place,ACTIVE,Grill,Kenneth Martin,5646 Oak Blvd #164,Fresno,CA,95330,Fresno,(559) 534-4519,2024-01-22,2025-01-22
41-511440,41,On-Sale Beer & Wine - Eating Place,ACTIVE,NewCafe Fresno Hills 67,Matthew Moore,7020 Market St #100,Fresno,CA,91860,Fresno,(559) 420-3283,2020-06-10,2021-06-10
41-471236,41,On-Sale Beer & Wine - Eating Place,ACTIVE,Corner,David Gonzalez Anderson,2127 4th Dr #421,Madera,CA,90031,Fresno,(559) 936-3644,2008-11-11,2009-11-11
41-630565,41,On-Sale Beer & Wine - Eating Place,ACTIVE,Corner LLC,James Rodriguez,8963 Wilshire St #142,Madera,CA,94212,Fresno,(559) 586-5606,2001-05-07,2002-05-07
41-573380,41,On-Sale Beer & Wine - Eating Place,ACTIVE,Grill,Steven Gonzalez,7524 4th Rd,Fresno,CA,95501,Fresno,(559) 941-6636,2016-06-26,2017-06-26
41-563303,41,On-Sale Beer & Wine - Eating Place,ACTIVE,Bistro,Michelle Taylor Davis,7696 Main Blvd,Madera,CA,92653,Fresno,(559) 659-9649,2020-03-22,2021-03-22
41-557301,41,On-Sale Beer & Wine - Eating Place,ACTIVE,Diner Madera Heights Company,Matthew Martinez,8740 7th St,Madera,CA,96144,Fresno,(559) 747-3342,2009-08-22,2010-08-22
41-472657,41,On-Sale Beer & Wine - Eating Place,ACTIVE,Tavern Clovis,Michelle Jackson,1074 Mission Blvd #595,Clovis,CA,92710,Fresno,(559) 462-5548,2018-04-15,2019-04-15
41-392882,41,On-Sale Beer & Wine - Eating Place,ACTIVE,Tavern Fresno Corp,Paul Rodriguez,7331 Front Blvd,Fresno,CA,92225,Fresno,(559) 324-1005,2005-08-06,2006-08-06
41-380050,41,On-Sale Beer & Wine - Eating Place,ACTIVE,Bistro Co,Michelle Jones,1536 Main Ave,Fresno,CA,94624,Fresno,(559) 791-5667,2004-11-24,2005-11-24
41-719346,41,On-Sale Beer & Wine - Eating Place,ACTIVE,Grill Co,Robert Martin,5506 5th St,Madera,CA,94089,Fresno,(559) 210-4742,2001-05-13,2002-05-13
41-298443,41,On-Sale Beer & Wine - Eating Place,ACTIVE,Diner,Michael Taylor,7287 Ocean Ln,Madera,CA,90730,Fresno,(559) 675-6571,2020-01-04,2021-01-04
41-213273,41,On-Sale Beer & Wine - Eating Place,ACTIVE,Grill,Jennifer Martinez,3174 1st Ln,Fresno,CA,94893,Fresno,(559) 750-5783,2002-08-10,2003-08-10
41-309680,41,On-Sale Beer & Wine - Eating Place,ACTIVE,Diner Fresno Inc,Mark Smith,4773 5th Dr,Fresno,CA,91041,Fresno,(559) 211-5985,2012-03-03,2013-03-03
41-917098,41,On-Sale Beer & Wine - Eating Place,ACTIVE,Kitchen Fresno Corp,Kenneth Thomas,7369 1st St,Fresno,CA,92334,Fresno,(559) 364-5561,2007-08-18,2008-08-18
41-898158,41,On-Sale Beer & Wine - Eating Place,ACTIVE,OldBistro Fresno Corp 23,Andrew Smith,2415 Hollywood Ln,Fresno,CA,95179,Fresno,(559) 776-4330,2016-09-23,2017-09-23
41-485153,41,On-Sale Beer & Wine - Eating Place,ACTIVE,Diner Corp,David Anderson,1864 1st Pl,Fresno,CA,90904,Fresno,(559) 914-7577,2013-07-25,2014-07-25
41-109221,41,On-Sale Beer & Wine - Eating Place,ACTIVE,Diner Clovis Valley Inc,Michael Williams,3935 3rd Ln,Clovis,CA,93834,Fresno,(559) 839-1459,2003-08-19,2004-08-19
41-116517,41,On-Sale Beer & Wine - Eating Place,ACTIVE,Grill Fresno Inc,Steven Taylor,7513 Broadway Rd,Fresno,CA,91260,Fresno,(559) 627-5990,2010-02-17,2011-02-17
41-831585,41,On-Sale Beer & Wine - Eating Place,ACTIVE,OldRestaurant Co 37,Mark Jackson,661 Front Dr,Madera,CA,90662,Fresno,(559) 205-9893,2008-04-12,2009-04-12
41-741198,41,On-Sale Beer & Wine - Eating Place,ACTIVE,Restaurant,James Gonzalez,9128 Hollywood Blvd #974,Clovis,CA,90355,Fresno,(559) 454-1708,2002-01-10,2003-01-10
41-813724,41,On-Sale Beer & Wine - Eating Place,ACTIVE,Place Company,Steven Lopez,3072 Market Rd,Clovis,CA,92237,Fresno,(559) 484-2028,2009-09-09,2010-09-09
41-525365,41,On-Sale Beer & Wine - Eating Place,ACTIVE,Place,Andrew Miller,5362 Ocean Ln,Clovis,CA,90849,Fresno,(559) 246-8109,2010-03-02,2011-03-02
41-786247,41,On-Sale Beer & Wine - Eating Place,ACTIVE,Corner,Robert Thomas,2398 Wilshire Ln,Fresno,CA,90492,Fresno,(559) 555-8898,2007-04-06,2008-04-06
41-497058,41,On-Sale Beer & Wine - Eating Place,ACTIVE,Cafe Fresno Group,Maria Taylor Davis,3287 Broadway St,Fresno,CA,95301,Fresno,(559) 876-1758,2021-02-18,2022-02-18
41-163239,41,On-Sale Beer & Wine - Eating Place,ACTIVE,NewHouse Co 59,John Taylor,5276 Main Ave #601,Clovis,CA,92826,Fresno,(559) 437-6187,2013-04-26,2014-04-26
41-207213,41,On-Sale Beer & Wine - Eating Place,ACTIVE,NewHouse Fresno 65,William Moore,4008 4th Ln,Fresno,CA,91187,Fresno,(559) 902-1613,2011-09-21,2012-09-21
41-499730,41,On-Sale Beer & Wine - Eating Place,ACTIVE,TheEatery Fresno Group 38,David Hernandez,2838 Pico Blvd,Clovis,CA,92553,Fresno,(559) 538-6577,2002-01-05,2003-01-05
41-974370,41,On-Sale Beer & Wine - Eating Place,ACTIVE,NewGrill Fresno Hills Co 59,Michael Brown,4418 Wilshire Way,Fresno,CA,90508,Fresno,(559) 981-4866,2009-10-28,2010-10-28
41-440198,41,On-Sale Beer & Wine - Eating Place,ACTIVE,OldCafe Inc 90,Andrew Smith,9279 3rd Rd #366,Madera,CA,93923,Fresno,(559) 653-3463,2010-12-10,2011-12-10
41-707392,41,On-Sale Beer & Wine - Eating Place,ACTIVE,Grill Group,James Brown,9495 6th Ave #807,Clovis,CA,94459,Fresno,(559) 931-4789,2020-06-07,2021-06-07
41-620306,41,On-Sale Beer & Wine - Eating Place,ACTIVE,ThePlace Madera Corp 16,Anthony Taylor,7543 Ocean Ave,Madera,CA,95132,Fresno,(559) 957-4169,2022-03-27,2023-03-27
41-624694,41,On-Sale Beer & Wine - Eating Place,ACTIVE,Kitchen 54,Anthony Hernandez,3943 4th Ln,Madera,CA,90576,Fresno,(559) 250-4413,2023-08-06,2024-08-06
41-127519,41,On-Sale Beer & Wine - Eating Place,ACTIVE,Diner Clovis Valley,David Wilson Brown,8616 3rd Ct #988,Clovis,CA,91007,Fresno,(559) 892-6909,2016-11-20,2017-11-20
41-787485,41,On-Sale Beer & Wine - Eating Place,ACTIVE,ThePlace Fresno Group 88,David Martin,3236 Broadway Ln #121,Madera,CA,92474,Fresno,(559) 798-3173,2005-10-22,2006-10-22
41-601229,41,On-Sale Beer & Wine - Eating Place,ACTIVE,OldTavern Fresno Group 55,Daniel Lopez Lopez,294 Main Ln #895,Fresno,CA,93626,Fresno,(559) 976-2896,2023-04-12,2024-04-12
41-991849,41,On-Sale Beer & Wine - Eating Place,ACTIVE,Diner,Lisa Jones,2317 Lincoln St,Clovis,CA,90659,Fresno,(559) 331-2970,2010-01-14,2011-01-14
41-151383,41,On-Sale Beer & Wine - Eating Place,ACTIVE,Eatery,Kenneth Garcia,5565 Sunset Pl,Fresno,CA,93264,Fresno,(559) 665-2495,2021-04-19,2022-04-19
41-907639,41,On-Sale Beer & Wine - Eating Place,ACTIVE,Kitchen Fresno,Steven Moore,6354 Main Way,Clovis,CA,90760,Fresno,(559) 679-1459,2004-09-06,2005-09-06
41-990003,41,On-Sale Beer & Wine - Eating Place,ACTIVE,Grill Fresno,Lisa Wilson,7244 Main Dr,Fresno,CA,95366,Fresno,(559) 688-2489,2010-07-25,2011-07-25
41-800081,41,On-Sale Beer & Wine - Eating Place,ACTIVE,TheKitchen Clovis Valley 10,Maria Brown,9640 Wilshire Ln,Clovis,CA,90234,Fresno,(559) 702-8420,2015-10-16,2016-10-16
41-992049,41,On-Sale Beer & Wine - Eating Place,ACTIVE,House Fresno,Lisa Hernandez,6192 Sunset Ct,Clovis,CA,92291,Fresno,(559) 854-9985,2018-02-07,2019-02-07
41-698745,41,On-Sale Beer & Wine - Eating Place,ACTIVE,Restaurant Fresno Heights LLC,Michelle Gonzalez,7256 Jefferson Dr,Fresno,CA,95869,Fresno,(559) 686-4225,2014-09-16,2015-09-16
41-461953,41,On-Sale Beer & Wine - Eating Place,ACTIVE,Bistro Madera,Maria Martin,8950 Wilshire Rd,Madera,CA,93770,Fresno,(559) 398-2966,2007-12-04,2008-12-04
41-175878,41,On-Sale Beer & Wine - Eating Place,ACTIVE,House Fresno Corp,Kenneth Miller,8069 3rd Ct,Fresno,CA,95471,Fresno,(559) 848-7576,2014-12-08,2015-12-08
41-881834,41,On-Sale Beer & Wine - Eating Place,ACTIVE,TheRestaurant Fresno 27,Maria Gonzalez,2157 5th Dr,Madera,CA,92610,Fresno,(559) 494-2007,2008-08-05,2009-08-05
41-218631,41,On-Sale Beer & Wine - Eating Place,ACTIVE,Bistro Fresno,Anthony Rodriguez,8074 2nd Pl,Madera,CA,90791,Fresno,(559) 674-1905,2021-07-18,2022-07-18
41-772089,41,On-Sale Beer & Wine - Eating Place,ACTIVE,Cafe Corp,Daniel Lopez,3900 Oak Blvd,Fresno,CA,91828,Fresno,(559) 336-9343,2001-06-06,2002-06-06
41-723104,41,On-Sale Beer & Wine - Eating Place,ACTIVE,Cafe Fresno LLC 77,Andrew Williams,8082 Madison Rd #776,Fresno,CA,90937,Fresno,(559) 807-3415,2012-06-26,2013-06-26
41-694236,41,On-Sale Beer & Wine - Eating Place,ACTIVE,Kitchen Corp 12,Daniel Martinez Martinez,1079 Madison Dr #605,Clovis,CA,90710,Fresno,(559) 763-2805,2010-12-27,2011-12-27
41-298471,41,On-Sale Beer & Wine - Eating Place,ACTIVE,House Corp,Michael Martinez,167 Broadway Blvd,Clovis,CA,93042,Fresno,(559) 824-2924,2013-08-21,2014-08-21
41-491510,41,On-Sale Beer & Wine - Eating Place,ACTIVE,Diner Fresno Company,David Johnson,4604 Broadway St,Clovis,CA,91897,Fresno,(559) 938-3908,2019-03-24,2020-03-24
41-605966,41,On-Sale Beer & Wine - Eating Place,ACTIVE,Diner Fresno 74,Michael Jones,1843 Pico Way #712,Fresno,CA,95879,Fresno,(559) 405-7238,2018-09-07,2019-09-07
41-682602,41,On-Sale Beer & Wine - Eating Place,ACTIVE,TheGrill Inc 39,Maria Lopez Miller,3943 Oak Ave,Fresno,CA,93107,Fresno,(559) 543-3780,2006-04-20,2007-04-20
41-546369,41,On-Sale Beer & Wine - Eating Place,ACTIVE,Diner Madera Corp,David Jones,338 Broadway Rd,Madera,CA,92260,Fresno,(559) 206-3089,2014-01-23,2015-01-23
41-193268,41,On-Sale Beer & Wine - Eating Place,ACTIVE,Grill Madera Heights,Jennifer Jackson,6282 2nd St,Madera,CA,93285,Fresno,(559) 989-5612,2017-04-04,2018-04-04
41-888847,41,On-Sale Beer & Wine - Eating Place,ACTIVE,Tavern,Anthony Martinez,5988 Market Ln,Madera,CA,90445,Fresno,(559) 474-2889,2013-09-11,2014-09-11
41-586799,41,On-Sale Beer & Wine - Eating Place,ACTIVE,Cafe Co,David Miller,2585 6th Ct,Clovis,CA,94049,Fresno,(559) 669-8416,2001-05-25,2002-05-25
41-347678,41,On-Sale Beer & Wine - Eating Place,ACTIVE,Diner Fresno Company,Daniel Smith Lopez,6259 3rd Pl,Fresno,CA,91584,Fresno,(559) 470-7995,2023-07-27,2024-07-27
41-674988,41,On-Sale Beer & Wine - Eating Place,ACTIVE,Bistro Fresno Valley,Lisa Garcia,3222 1st Ct,Fresno,CA,90226,Fresno,(559) 967-5299,2018-12-22,2019-12-22
41-729528,41,On-Sale Beer & Wine - Eating Place,ACTIVE,Tavern Fresno,John Taylor,8795 State Blvd,Clovis,CA,94671,Fresno,(559) 725-8101,2024-06-19,2025-06-19
41-682626,41,On-Sale Beer & Wine - Eating Place,ACTIVE,Cafe,Lisa Thomas,498 Market St,Madera,CA,91497,Fresno,(559) 874-1549,2000-12-19,2001-12-19
41-678821,41,On-Sale Beer & Wine - Eating Place,ACTIVE,TheKitchen 61,Maria Rodriguez,6173 Franklin Way #410,Madera,CA,91897,Fresno,(559) 286-2255,2010-10-14,2011-10-14
41-519440,41,On-Sale Beer & Wine - Eating Place,ACTIVE,Place Fresno Group,Christopher Jackson,8088 6th Pl,Madera,CA,93430,Fresno,(559) 308-7976,2016-09-22,2017-09-22
41-715701,41,On-Sale Beer & Wine - Eating Place,ACTIVE,House Inc 64,Maria Rodriguez,9545 2nd Ave,Fresno,CA,91139,Fresno,(559) 618-3897,2023-02-10,2024-02-10
41-323390,41,On-Sale Beer & Wine - Eating Place,ACTIVE,Grill Group,Mark Moore,6868 5th Ct,Fresno,CA,92644,Fresno,(559) 394-4902,2013-12-01,2014-12-01
41-378465,41,On-Sale Beer & Wine - Eating Place,ACTIVE,Restaurant Fresno,Matthew Jones Brown,2016 Jefferson St,Madera,CA,95568,Fresno,(559) 859-8848,2000-02-20,2001-02-20
41-250465,41,On-Sale Beer & Wine - Eating Place,ACTIVE,Corner Corp 47,Maria Jones,8712 2nd Rd,Madera,CA,93854,Fresno,(559) 225-5528,2002-02-23,2003-02-23
41-686324,41,On-Sale Beer & Wine - Eating Place,ACTIVE,NewKitchen Fresno Valley 93,James Hernandez Moore,8971 Madison Dr,Fresno,CA,94625,Fresno,(559) 896-5735,2002-10-26,2003-10-26
41-367781,41,On-Sale Beer & Wine - Eating Place,ACTIVE,Spot,Daniel Martin,4570 Hollywood Dr,Clovis,CA,90252,Fresno,(559) 433-8041,2003-07-06,2004-07-06
41-175561,41,On-Sale Beer & Wine - Eating Place,ACTIVE,Eatery Fresno,Andrew Garcia,3900 Front St #509,Fresno,CA,95085,Fresno,(559) 215-5743,2008-01-18,2009-01-18
41-473246,41,On-Sale Beer & Wine - Eating Place,ACTIVE,Kitchen,Michael Rodriguez Jones,8540 Madison Blvd #979,Fresno,CA,95158,Fresno,(559) 630-2657,2013-08-22,2014-08-22
41-263727,41,On-Sale Beer & Wine - Eating Place,ACTIVE,Tavern,Christopher Brown,5503 3rd St,Fresno,CA,92570,Fresno,(559) 227-3463,2002-03-23,2003-03-23
41-107836,41,On-Sale Beer & Wine - Eating Place,ACTIVE,Spot Madera Valley,Mark Miller,3653 4th St #784,Madera,CA,95097,Fresno,(559) 320-1605,2004-08-10,2005-08-10
41-621091,41,On-Sale Beer & Wine - Eating Place,ACTIVE,TheSpot Madera 59,Christopher Gonzalez,6229 Maple Ave #274,Madera,CA,91972,Fresno,(559) 824-9667,2003-06-11,2004-06-11
41-627948,41,On-Sale Beer & Wine - Eating Place,ACTIVE,Grill Madera Company,Andrew Smith,755 Washington St,Madera,CA,93125,Fresno,(559) 798-5084,2007-05-28,2008-05-28
41-403083,41,On-Sale Beer & Wine - Eating Place,ACTIVE,TheGrill Madera Hills 39,Robert Lopez,2692 Madison Blvd #643,Madera,CA,94129,Fresno,(559) 332-9347,2013-08-16,2014-08-16
41-343549,41,On-Sale Beer & Wine - Eating Place,ACTIVE,Grill Fresno Company,Lisa Martin,4397 7th Ln,Fresno,CA,90211,Fresno,(559) 431-1467,2005-01-22,2006-01-22
41-751198,41,On-Sale Beer & Wine - Eating Place,ACTIVE,Tavern 73,Robert Moore Johnson,6461 Front Ct,Clovis,CA,95798,Fresno,(559) 354-5538,2018-02-14,2019-02-14
41-277124,41,On-Sale Beer & Wine - Eating Place,ACTIVE,Corner Group,John Garcia,2231 Madison Ct #835,Madera,CA,96156,Fresno,(559) 436-1576,2005-04-16,2006-04-16
41-696457,41,On-Sale Beer & Wine - Eating Place,ACTIVE,Eatery Madera Inc 86,William Brown,7457 State Blvd,Madera,CA,91901,Fresno,(559) 769-6881,2019-04-18,2020-04-18
41-501481,41,On-Sale Beer & Wine - Eating Place,ACTIVE,Grill Clovis Company,John Anderson,7932 4th Ave,Clovis,CA,93549,Fresno,(559) 435-1291,2000-07-03,2001-07-03
41-775920,41,On-Sale Beer & Wine - Eating Place,ACTIVE,House Clovis,William Miller,8288 Broadway St,Clovis,CA,93214,Fresno,(559) 437-5897,2001-09-13,2002-09-13
41-896287,41,On-Sale Beer & Wine - Eating Place,ACTIVE,House,Anthony Martinez,361 2nd Dr,Madera,CA,91599,Fresno,(559) 447-8028,2018-08-27,2019-08-27
41-365677,41,On-Sale Beer & Wine - Eating Place,ACTIVE,House Fresno Heights Inc,David Rodriguez,6146 State Rd,Fresno,CA,90397,Fresno,(559) 500-3843,2007-11-18,2008-11-18
41-291213,41,On-Sale Beer & Wine - Eating Place,ACTIVE,Diner Fresno 60,Andrew Brown,2614 Wilshire Blvd,Madera,CA,95422,Fresno,(559) 437-1483,2017-03-26,2018-03-26
41-646121,41,On-Sale Beer & Wine - Eating Place,ACTIVE,Tavern LLC,Maria Thomas,8432 Lincoln Ct,Fresno,CA,93353,Fresno,(559) 218-5848,2022-12-12,2023-12-12
41-928133,41,On-Sale Beer & Wine - Eating Place,ACTIVE,NewRestaurant Co 33,Maria Moore,1953 Market Dr #810,Madera,CA,93568,Fresno,(559) 430-1277,2007-09-24,2008-09-24
41-931268,41,On-Sale Beer & Wine - Eating Place,ACTIVE,Tavern Madera,John Hernandez,5850 Ocean Ln,Madera,CA,96123,Fresno,(559) 842-7556,2023-03-10,2024-03-10
41-435915,41,On-Sale Beer & Wine - Eating Place,ACTIVE,Restaurant,Daniel Hernandez,2870 6th Way,Madera,CA,92745,Fresno,(559) 292-5275,2006-02-04,2007-02-04
41-796342,41,On-Sale Beer & Wine - Eating Place,ACTIVE,TheHouse Madera 79,Mark Smith,9162 1st St,Madera,CA,92589,Fresno,(559) 296-8166,2018-10-14,2019-10-14
41-133100,41,On-Sale Beer & Wine - Eating Place,ACTIVE,Eatery,David Rodriguez Williams,974 Wilshire Ct #449,Fresno,CA,93829,Fresno,(559) 403-8898,2011-02-10,2012-02-10
41-271977,41,On-Sale Beer & Wine - Eating Place,ACTIVE,House Fresno Company,William Jackson,6149 7th Blvd,Clovis,CA,93696,Fresno,(559) 391-5919,2012-08-25,2013-08-25
41-595709,41,On-Sale Beer & Wine - Eating Place,ACTIVE,OldCorner 80,Kenneth Jones,1258 Hollywood Ave,Clovis,CA,96042,Fresno,(559) 636-2536,2014-11-16,2015-11-16
41-121909,41,On-Sale Beer & Wine - Eating Place,ACTIVE,Diner,Christopher Wilson,2315 Ocean Blvd,Clovis,CA,91304,Fresno,(559) 308-6137,2014-10-13,2015-10-13
41-130952,41,On-Sale Beer & Wine - Eating Place,ACTIVE,Spot Co,Jennifer Anderson,999 Front Pl,Madera,CA,96176,Fresno,(559) 218-8901,2006-08-02,2007-08-02
41-302159,41,On-Sale Beer & Wine - Eating Place,ACTIVE,NewBistro Madera Co 16,David Lopez,5891 Pico Rd,Madera,CA,90050,Fresno,(559) 316-2318,2007-03-03,2008-03-03
41-545961,41,On-Sale Beer & Wine - Eating Place,ACTIVE,NewBistro Co 57,Lisa Miller,9043 Main Rd,Fresno,CA,95051,Fresno,(559) 890-6962,2005-03-11,2006-03-11
41-254379,41,On-Sale Beer & Wine - Eating Place,ACTIVE,Diner Fresno LLC,John Rodriguez,1503 Wilshire Dr,Fresno,CA,94120,Fresno,(559) 843-6622,2008-09-12,2009-09-12
41-690862,41,On-Sale Beer & Wine - Eating Place,ACTIVE,Tavern Madera Hills Co,Steven Davis Miller,279 Jefferson Dr,Madera,CA,90262,Fresno,(559) 257-2865,2016-02-22,2017-02-22
41-922079,41,On-Sale Beer & Wine - Eating Place,ACTIVE,Corner,Jennifer Rodriguez,1375 Main St,Madera,CA,94316,Fresno,(559) 520-6265,2000-09-26,2001-09-26
41-205225,41,On-Sale Beer & Wine - Eating Place,ACTIVE,Spot,John Lopez,1620 State Pl #339,Fresno,CA,90067,Fresno,(559) 910-9503,2010-08-17,2011-08-17
41-465984,41,On-Sale Beer & Wine - Eating Place,ACTIVE,Corner Fresno,Maria Jackson,1634 5th Dr,Clovis,CA,91634,Fresno,(559) 333-8839,2008-03-24,2009-03-24
41-450585,41,On-Sale Beer & Wine - Eating Place,ACTIVE,Bistro Madera Valley,Maria Jones,7392 Front Ave,Madera,CA,95984,Fresno,(559) 831-9816,2006-10-07,2007-10-07
41-357466,41,On-Sale Beer & Wine - Eating Place,ACTIVE,Corner Fresno,John Jackson,8961 Front Blvd,Fresno,CA,95354,Fresno,(559) 822-1314,2015-09-01,2016-09-01
41-662399,41,On-Sale Beer & Wine - Eating Place,ACTIVE,NewDiner Corp 7,Michelle Taylor,2738 Front Way,Madera,CA,94324,Fresno,(559) 765-7857,2023-11-25,2024-11-25
41-137542,41,On-Sale Beer & Wine - Eating Place,ACTIVE,Kitchen LLC,Christopher Thomas,1314 7th Ave,Clovis,CA,94928,Fresno,(559) 541-4504,2007-10-28,2008-10-28
41-701780,41,On-Sale Beer & Wine - Eating Place,ACTIVE,Kitchen Company,Lisa Martinez,2167 Mission St #975,Madera,CA,95481,Fresno,(559) 711-3586,2005-05-05,2006-05-05
41-418758,41,On-Sale Beer & Wine - Eating Place,ACTIVE,Cafe Fresno Inc,Jennifer Wilson,199 Wilshire Way,Madera,CA,92786,Fresno,(559) 929-9823,2014-08-08,2015-08-08
41-156530,41,On-Sale Beer & Wine - Eating Place,ACTIVE,Eatery Company,Michael Lopez,1156 Wilshire St,Clovis,CA,92935,Fresno,(559) 597-1644,2013-03-15,2014-03-15
41-285595,41,On-Sale Beer & Wine - Eating Place,ACTIVE,NewKitchen 86,Mark Thomas,9282 Maple Pl #614,Clovis,CA,92428,Fresno,(559) 424-1843,2012-03-10,2013-03-10
41-456840,41,On-Sale Beer & Wine - Eating Place,ACTIVE,OldKitchen Co 24,John Brown,5245 4th Ln,Madera,CA,90586,Fresno,(559) 935-5271,2017-08-05,2018-08-05
41-428117,41,On-Sale Beer & Wine - Eating Place,ACTIVE,Cafe Inc,Maria Martin,4611 Franklin Blvd #313,Fresno,CA,93519,Fresno,(559) 847-8597,2000-03-22,2001-03-22
41-818635,41,On-Sale Beer & Wine - Eating Place,ACTIVE,Diner Fresno,Lisa Davis Davis,7808 Sunset Ave,Clovis,CA,95461,Fresno,(559) 620-8363,2021-06-24,2022-06-24
41-104945,41,On-Sale Beer & Wine - Eating Place,ACTIVE,Kitchen Clovis,Daniel Smith,3504 Sunset Blvd,Clovis,CA,91665,Fresno,(559) 490-9666,2021-11-13,2022-11-13
41-196771,41,On-Sale Beer & Wine - Eating Place,ACTIVE,Bistro Co 36,Michelle Martin,4392 1st Ct,Madera,CA,94616,Fresno,(559) 645-6060,2006-10-11,2007-10-11
41-161825,41,On-Sale Beer & Wine - Eating Place,ACTIVE,Bistro Clovis Heights,Michael Jackson,4239 7th Ln,Clovis,CA,92695,Fresno,(559) 882-6098,2023-04-17,2024-04-17
41-688030,41,On-Sale Beer & Wine - Eating Place,ACTIVE,House Inc,Daniel Jones,9755 Washington St #139,Fresno,CA,91357,Fresno,(559) 668-1947,2003-08-11,2004-08-11
41-434030,41,On-Sale Beer & Wine - Eating Place,ACTIVE,OldCafe Fresno LLC 36,David Miller,7240 Jefferson Ln #786,Clovis,CA,93493,Fresno,(559) 917-1168,2001-05-03,2002-05-03
41-711759,41,On-Sale Beer & Wine - Eating Place,ACTIVE,Spot Fresno,Paul Garcia Rodriguez,9268 3rd Pl,Madera,CA,90081,Fresno,(559) 946-3964,2014-09-08,2015-09-08
41-253851,41,On-Sale Beer & Wine - Eating Place,ACTIVE,Restaurant Clovis 79,Paul Thomas,2876 Market Rd #623,Clovis,CA,93673,Fresno,(559) 779-6595,2012-12-23,2013-12-23
41-287542,41,On-Sale Beer & Wine - Eating Place,ACTIVE,NewPlace Madera 88,Steven Hernandez,5242 Pico St #878,Madera,CA,95785,Fresno,(559) 283-7945,2000-10-27,2001-10-27
41-722807,41,On-Sale Beer & Wine - Eating Place,ACTIVE,Diner,Anthony Hernandez,659 Lincoln St,Fresno,CA,92999,Fresno,(559) 684-3015,2005-01-26,2006-01-26
41-538522,41,On-Sale Beer & Wine - Eating Place,ACTIVE,Place Fresno,Matthew Williams,3530 Washington Ave,Fresno,CA,91778,Fresno,(559) 464-1475,2012-01-09,2013-01-09
41-120332,41,On-Sale Beer & Wine - Eating Place,ACTIVE,Eatery,Christopher Brown,6269 Jefferson Blvd,Madera,CA,92363,Fresno,(559) 715-8688,2000-01-04,2001-01-04
41-826056,41,On-Sale Beer & Wine - Eating Place,ACTIVE,Diner Clovis Valley 22,Michael Jones,3122 3rd Way #532,Clovis,CA,95373,Fresno,(559) 329-7834,2019-12-18,2020-12-18
41-739969,41,On-Sale Beer & Wine - Eating Place,ACTIVE,House,Matthew Rodriguez,9569 Broadway Ave,Clovis,CA,90461,Fresno,(559) 410-1814,2004-03-25,2005-03-25
41-410755,41,On-Sale Beer & Wine - Eating Place,ACTIVE,Restaurant Co,Matthew Jackson,5436 Washington Way,Fresno,CA,92463,Fresno,(559) 957-2640,2023-06-12,2024-06-12
41-766614,41,On-Sale Beer & Wine - Eating Place,ACTIVE,OldHouse 76,Michelle Davis,5983 Hollywood Way,Clovis,CA,94783,Fresno,(559) 818-3337,2003-11-14,2004-11-14
41-599598,41,On-Sale Beer & Wine - Eating Place,ACTIVE,Tavern,James Hernandez,2432 Mission Ct #550,Fresno,CA,91558,Fresno,(559) 786-8595,2008-07-18,2009-07-18
41-910631,41,On-Sale Beer & Wine - Eating Place,ACTIVE,TheBistro Madera Inc 32,David Moore,3232 Franklin Ave,Madera,CA,92287,Fresno,(559) 401-7843,2012-12-03,2013-12-03
41-227731,41,On-Sale Beer & Wine - Eating Place,ACTIVE,OldEatery Fresno Hills Inc 61,Michelle Williams,8568 Maple Blvd,Fresno,CA,92914,Fresno,(559) 255-5531,2020-06-16,2021-06-16
41-766137,41,On-Sale Beer & Wine - Eating Place,ACTIVE,Grill Fresno,Christopher Johnson,5096 7th Ct,Fresno,CA,91977,Fresno,(559) 566-8411,2019-01-20,2020-01-20
41-965094,41,On-Sale Beer & Wine - Eating Place,ACTIVE,House Fresno,Matthew Davis,8217 Hollywood Pl,Fresno,CA,90319,Fresno,(559) 331-9475,2019-02-04,2020-02-04
41-384390,41,On-Sale Beer & Wine - Eating Place,ACTIVE,OldHouse LLC 10,Paul Jackson,2326 1st Rd,Clovis,CA,94004,Fresno,(559) 523-9470,2000-09-11,2001-09-11
41-729366,41,On-Sale Beer & Wine - Eating Place,ACTIVE,Diner Inc,Michael Thomas Johnson,4704 Maple Ln,Fresno,CA,93593,Fresno,(559) 298-4569,2022-01-12,2023-01-12
41-949635,41,On-Sale Beer & Wine - Eating Place,ACTIVE,Bistro Madera,Michael Martinez,6523 Market Dr,Madera,CA,90697,Fresno,(559) 686-5766,2010-10-27,2011-10-27
41-897254,41,On-Sale Beer & Wine - Eating Place,ACTIVE,Restaurant Fresno,Christopher Martin,7198 5th Way #909,Fresno,CA,95845,Fresno,(559) 851-9968,2000-06-04,2001-06-04
41-582974,41,On-Sale Beer & Wine - Eating Place,ACTIVE,House Inc,Mark Anderson,4539 Pico Rd #748,Clovis,CA,94288,Fresno,(559) 370-3662,2006-07-25,2007-07-25
41-173984,41,On-Sale Beer & Wine - Eating Place,ACTIVE,Spot Fresno,Paul Lopez,1551 Market Dr,Madera,CA,90688,Fresno,(559) 598-2073,2023-12-15,2024-12-15
41-527632,41,On-Sale Beer & Wine - Eating Place,ACTIVE,Eatery Fresno Hills Corp,Lisa Hernandez Hernandez,2102 6th Rd #584,Fresno,CA,91996,Fresno,(559) 231-3503,2021-10-24,2022-10-24
41-879237,41,On-Sale Beer & Wine - Eating Place,ACTIVE,Kitchen Clovis Group,John Martinez,2228 Oak St,Clovis,CA,95269,Fresno,(559) 393-7956,2005-06-25,2006-06-25
41-253374,41,On-Sale Beer & Wine - Eating Place,ACTIVE,Spot LLC,Lisa Gonzalez,5282 Mission Way #171,Clovis,CA,94145,Fresno,(559) 489-8848,2015-08-13,2016-08-13
41-319665,41,On-Sale Beer & Wine - Eating Place,ACTIVE,Diner,Mark Taylor,491 1st Ln,Madera,CA,94708,Fresno,(559) 288-2882,2023-11-07,2024-11-07
41-547521,41,On-Sale Beer & Wine - Eating Place,ACTIVE,Diner Fresno Corp,Steven Anderson Anderson,7151 4th Dr #218,Fresno,CA,90015,Fresno,(559) 285-2897,2010-06-12,2011-06-12
41-408084,41,On-Sale Beer & Wine - Eating Place,ACTIVE,Cafe Fresno,Anthony Smith,5773 State Way,Fresno,CA,95607,Fresno,(559) 653-7593,2020-07-13,2021-07-13
41-100231,41,On-Sale Beer & Wine - Eating Place,ACTIVE,OldRestaurant Fresno Corp 16,Maria Smith,1813 Market St,Madera,CA,90320,Fresno,(559) 836-3090,2022-06-11,2023-06-11
41-460937,41,On-Sale Beer & Wine - Eating Place,ACTIVE,NewGrill 18,James Jones,3931 Maple Ct,Clovis,CA,94527,Fresno,(559) 582-5443,2008-06-02,2009-06-02
41-713182,41,On-Sale Beer & Wine - Eating Place,ACTIVE,House,Christopher Brown,1831 5th Dr,Clovis,CA,90396,Fresno,(559) 510-8895,2000-05-06,2001-05-06
41-306159,41,On-Sale Beer & Wine - Eating Place,ACTIVE,Corner,Steven Martin,1779 Sunset St,Fresno,CA,94510,Fresno,(559) 851-2147,2024-11-20,2025-11-20
41-421487,41,On-Sale Beer & Wine - Eating Place,ACTIVE,OldHouse 35,David Martin Gonzalez,5986 Washington St,Fresno,CA,90187,Fresno,(559) 790-3509,2005-04-01,2006-04-01
41-190748,41,On-Sale Beer & Wine - Eating Place,ACTIVE,Spot Company,Maria Johnson,3386 Ocean St,Fresno,CA,90242,Fresno,(559) 568-9255,2023-11-03,2024-11-03
41-735096,41,On-Sale Beer & Wine - Eating Place,ACTIVE,Corner Fresno Inc,Robert Martin,5172 6th Ct #558,Fresno,CA,91192,Fresno,(559) 801-4134,2007-05-08,2008-05-08
41-180223,41,On-Sale Beer & Wine - Eating Place,ACTIVE,Place Madera,Matthew Lopez,5206 Jefferson Ln,Madera,CA,92926,Fresno,(559) 246-4843,2008-07-14,2009-07-14
41-942725,41,On-Sale Beer & Wine - Eating Place,ACTIVE,House Co,John Martinez Gonzalez,5730 Broadway St,Fresno,CA,91135,Fresno,(559) 604-5816,2024-11-22,2025-11-22
41-875586,41,On-Sale Beer & Wine - Eating Place,ACTIVE,NewTavern Fresno 75,Robert Anderson,7523 5th Dr,Madera,CA,94396,Fresno,(559) 671-5687,2023-07-26,2024-07-26
41-645325,41,On-Sale Beer & Wine - Eating Place,ACTIVE,House Group 40,Andrew Lopez Thomas,5609 5th St,Clovis,CA,94644,Fresno,(559) 453-4654,2006-02-10,2007-02-10
41-712206,41,On-Sale Beer & Wine - Eating Place,ACTIVE,NewGrill 73,Michael Miller,5748 Lincoln Pl #557,Fresno,CA,94432,Fresno,(559) 416-2054,2018-08-08,2019-08-08
41-692395,41,On-Sale Beer & Wine - Eating Place,ACTIVE,Tavern,Maria Garcia Johnson,7287 2nd Way,Clovis,CA,90900,Fresno,(559) 735-3232,2017-06-25,2018-06-25
41-547470,41,On-Sale Beer & Wine - Eating Place,ACTIVE,OldTavern Clovis Heights Company 28,Michael Martin,7981 Hollywood Ct,Clovis,CA,91716,Fresno,(559) 816-4949,2018-02-18,2019-02-18
41-998928,41,On-Sale Beer & Wine - Eating Place,ACTIVE,Grill Madera Group,Maria Lopez,3016 2nd Rd,Madera,CA,93461,Fresno,(559) 244-5721,2015-10-01,2016-10-01
41-691250,41,On-Sale Beer & Wine - Eating Place,ACTIVE,Spot Clovis Group,William Williams,8898 Maple Blvd,Clovis,CA,93300,Fresno,(559) 358-1324,2000-08-02,2001-08-02
41-560017,41,On-Sale Beer & Wine - Eating Place,ACTIVE,Spot LLC,Jennifer Jackson Martinez,4404 3rd Pl,Fresno,CA,94611,Fresno,(559) 356-1655,2010-05-14,2011-05-14
41-589398,41,On-Sale Beer & Wine - Eating Place,ACTIVE,Eatery Fresno Inc,James Williams,6653 Sunset Dr,Fresno,CA,92719,Fresno,(559) 291-2021,2009-01-11,2010-01-11
41-134847,41,On-Sale Beer & Wine - Eating Place,ACTIVE,House,Michelle Martinez,5170 Jefferson Ct,Madera,CA,92260,Fresno,(559) 624-7807,2008-01-05,2009-01-05
41-555086,41,On-Sale Beer & Wine - Eating Place,ACTIVE,NewEatery Co 44,Steven Brown Martinez,1669 Lincoln Blvd,Clovis,CA,95112,Fresno,(559) 957-8511,2017-01-06,2018-01-06
41-846609,41,On-Sale Beer & Wine - Eating Place,ACTIVE,Bistro,Jennifer Jones,4236 Sunset Rd #575,Madera,CA,94900,Fresno,(559) 347-5057,2015-06-23,2016-06-23
41-895499,41,On-Sale Beer & Wine - Eating Place,ACTIVE,Spot Fresno Group,Paul Miller,6784 Mission Dr,Fresno,CA,90256,Fresno,(559) 899-4713,2013-05-18,2014-05-18
41-616626,41,On-Sale Beer & Wine - Eating Place,ACTIVE,Diner,James Jones,224 Maple St,Clovis,CA,94722,Fresno,(559) 254-4419,2011-09-01,2012-09-01
41-889685,41,On-Sale Beer & Wine - Eating Place,ACTIVE,Kitchen Fresno,Lisa Anderson,2136 Ocean Pl,Fresno,CA,93091,Fresno,(559) 618-7173,2008-11-13,2009-11-13
41-123734,41,On-Sale Beer & Wine - Eating Place,ACTIVE,Cafe Fresno,Kenneth Jones Davis,8550 Jefferson Way #996,Fresno,CA,91566,Fresno,(559) 260-5671,2019-10-05,2020-10-05
41-171928,41,On-Sale Beer & Wine - Eating Place,ACTIVE,Spot,Jennifer Martinez,560 Market Pl #846,Clovis,CA,94049,Fresno,(559) 681-9030,2013-02-16,2014-02-16
41-190546,41,On-Sale Beer & Wine - Eating Place,ACTIVE,Spot 12,Jennifer Gonzalez,7024 State Way,Madera,CA,92927,Fresno,(559) 348-9443,2023-05-17,2024-05-17
41-291015,41,On-Sale Beer & Wine - Eating Place,ACTIVE,Tavern Fresno 33,Kenneth Wilson Moore,6877 Maple Ave,Clovis,CA,93169,Fresno,(559) 601-2067,2001-08-12,2002-08-12
41-965317,41,On-Sale Beer & Wine - Eating Place,ACTIVE,ThePlace Clovis Co 73,John Thomas Thomas,784 Front St #183,Clovis,CA,91641,Fresno,(559) 989-1300,2007-10-18,2008-10-18
41-901697,41,On-Sale Beer & Wine - Eating Place,ACTIVE,Tavern,James Davis,7278 4th Dr,Clovis,CA,93778,Fresno,(559) 666-2007,2013-07-01,2014-07-01
41-911088,41,On-Sale Beer & Wine - Eating Place,ACTIVE,Place Inc,Mark Davis,7650 Maple Pl,Clovis,CA,95923,Fresno,(559) 334-8438,2012-06-28,2013-06-28
41-791448,41,On-Sale Beer & Wine - Eating Place,ACTIVE,OldSpot 68,Daniel Jackson,2329 Ocean St,Madera,CA,94728,Fresno,(559) 774-4396,2002-01-09,2003-01-09
41-265906,41,On-Sale Beer & Wine - Eating Place,ACTIVE,OldGrill Madera Hills 45,David Jackson,4355 Lincoln Way #509,Madera,CA,90065,Fresno,(559) 939-3505,2023-10-16,2024-10-16
41-218803,41,On-Sale Beer & Wine - Eating Place,ACTIVE,Cafe,Maria Williams,5715 Madison Ln,Madera,CA,90849,Fresno,(559) 748-1934,2010-11-17,2011-11-17
41-787517,41,On-Sale Beer & Wine - Eating Place,ACTIVE,TheSpot Co 83,Michelle Jones Martinez,4179 Mission Ln,Madera,CA,94148,Fresno,(559) 629-4759,2011-09-05,2012-09-05
41-961383,41,On-Sale Beer & Wine - Eating Place,ACTIVE,OldPlace Madera Hills Company 9,Matthew Davis,3898 Franklin Pl,Madera,CA,94351,Fresno,(559) 397-1092,2023-01-25,2024-01-25
41-631972,41,On-Sale Beer & Wine - Eating Place,ACTIVE,Kitchen,Michelle Gonzalez,8152 Maple Ave #931,Fresno,CA,94067,Fresno,(559) 857-3965,2020-02-22,2021-02-22
41-184623,41,On-Sale Beer & Wine - Eating Place,ACTIVE,House Fresno Valley Corp,Jennifer Anderson,593 Wilshire Ct,Fresno,CA,94254,Fresno,(559) 803-5984,2006-12-21,2007-12-21
41-850465,41,On-Sale Beer & Wine - Eating Place,ACTIVE,OldTavern Madera 79,Maria Miller,4463 Wilshire Ln,Madera,CA,95706,Fresno,(559) 380-5121,2001-12-08,2002-12-08
41-690223,41,On-Sale Beer & Wine - Eating Place,ACTIVE,House Fresno Co,Maria Thomas Gonzalez,6217 2nd Ave,Fresno,CA,90973,Fresno,(559) 777-5610,2024-01-28,2025-01-28
41-883561,41,On-Sale Beer & Wine - Eating Place,ACTIVE,TheGrill Company 69,Paul Smith,5208 Washington Ave,Clovis,CA,90034,Fresno,(559) 698-6936,2014-03-04,2015-03-04
41-642060,41,On-Sale Beer & Wine - Eating Place,ACTIVE,Eatery,Christopher Gonzalez,6133 Maple Blvd,Madera,CA,90511,Fresno,(559) 921-6398,2006-05-18,2007-05-18
41-960538,41,On-Sale Beer & Wine - Eating Place,ACTIVE,NewBistro Fresno Inc 48,William Lopez,9504 Wilshire Way,Madera,CA,96176,Fresno,(559) 510-9659,2000-05-07,2001-05-07
41-826785,41,On-Sale Beer & Wine - Eating Place,ACTIVE,Corner Company,Daniel Anderson Anderson,8524 2nd Ln,Madera,CA,94377,Fresno,(559) 544-3006,2005-10-14,2006-10-14
41-951863,41,On-Sale Beer & Wine - Eating Place,ACTIVE,House Madera Group,Mark Thomas,3077 4th Blvd,Madera,CA,95741,Fresno,(559) 348-4717,2024-02-15,2025-02-15
41-993868,41,On-Sale Beer & Wine - Eating Place,ACTIVE,Place,Maria Miller,2939 7th St,Fresno,CA,94805,Fresno,(559) 829-7879,2017-09-18,2018-09-18
41-595618,41,On-Sale Beer & Wine - Eating Place,ACTIVE,Grill Corp,Andrew Hernandez,7341 Main Rd,Clovis,CA,94454,Fresno,(559) 631-2707,2004-04-10,2005-04-10
41-656508,41,On-Sale Beer & Wine - Eating Place,ACTIVE,Spot Clovis,Andrew Anderson,5929 4th St,Clovis,CA,94598,Fresno,(559) 699-1482,2020-10-15,2021-10-15
41-130237,41,On-Sale Beer & Wine - Eating Place,ACTIVE,NewEatery Inc 78,Lisa Smith Anderson,9381 Washington Way,Madera,CA,91267,Fresno,(559) 820-6976,2013-02-18,2014-02-18
41-314121,41,On-Sale Beer & Wine - Eating Place,ACTIVE,Tavern Inc,Maria Martin,9306 Ocean Dr #258,Madera,CA,93986,Fresno,(559) 988-1051,2010-07-14,2011-07-14
41-311332,41,On-Sale Beer & Wine - Eating Place,ACTIVE,Corner,John Brown,1134 Oak St,Madera,CA,92976,Fresno,(559) 822-2433,2021-06-16,2022-06-16
41-924378,41,On-Sale Beer & Wine - Eating Place,ACTIVE,Corner Madera,Michael Hernandez,2474 4th Ave #598,Madera,CA,93302,Fresno,(559) 875-2512,2019-05-21,2020-05-21
41-148594,41,On-Sale Beer & Wine - Eating Place,ACTIVE,Tavern Madera,James Martinez,873 7th Ave,Madera,CA,93280,Fresno,(559) 891-8955,2020-12-12,2021-12-12
41-869646,41,On-Sale Beer & Wine - Eating Place,ACTIVE,Bistro,Lisa Garcia,9000 Washington St,Clovis,CA,92042,Fresno,(559) 788-8832,2008-11-22,2009-11-22
41-306033,41,On-Sale Beer & Wine - Eating Place,ACTIVE,House Fresno Hills Co,Anthony Jones Thomas,8892 Wilshire St #844,Fresno,CA,90003,Fresno,(559) 633-6000,2012-10-25,2013-10-25
41-370655,41,On-Sale Beer & Wine - Eating Place,ACTIVE,Kitchen Clovis,James Garcia,1815 State Ct #281,Clovis,CA,90736,Fresno,(559) 567-6115,2022-05-13,2023-05-13
41-389200,41,On-Sale Beer & Wine - Eating Place,ACTIVE,TheGrill 90,James Williams,7961 Sunset Way #833,Clovis,CA,93408,Fresno,(559) 774-8131,2002-03-19,2003-03-19
41-399023,41,On-Sale Beer & Wine - Eating Place,ACTIVE,Grill Fresno Corp,William Martinez,7253 Hollywood Way,Clovis,CA,95705,Fresno,(559) 682-5461,2011-12-03,2012-12-03
41-329140,41,On-Sale Beer & Wine - Eating Place,ACTIVE,Kitchen Fresno,Michael Anderson Moore,1118 6th Ln #412,Fresno,CA,91424,Fresno,(559) 918-1288,2017-09-02,2018-09-02
41-922318,41,On-Sale Beer & Wine - Eating Place,ACTIVE,OldTavern Fresno Company 70,Kenneth Thomas,7612 7th Ct,Madera,CA,96125,Fresno,(559) 202-7861,2019-04-16,2020-04-16
41-736852,41,On-Sale Beer & Wine - Eating Place,ACTIVE,Spot Inc,Daniel Brown,4060 Sunset Rd,Clovis,CA,91667,Fresno,(559) 233-8666,2004-03-01,2005-03-01
41-369154,41,On-Sale Beer & Wine - Eating Place,ACTIVE,Cafe,Mark Williams Miller,4358 2nd St #936,Clovis,CA,94197,Fresno,(559) 237-6186,2024-01-11,2025-01-11
41-730975,41,On-Sale Beer & Wine - Eating Place,ACTIVE,TheRestaurant Fresno 27,David Rodriguez,4745 7th Blvd,Fresno,CA,93974,Fresno,(559) 794-4576,2013-11-24,2014-11-24
41-277481,41,On-Sale Beer & Wine - Eating Place,ACTIVE,Grill Fresno,Jennifer Martinez,9019 2nd St,Clovis,CA,90779,Fresno,(559) 919-2629,2012-02-12,2013-02-12
41-437226,41,On-Sale Beer & Wine - Eating Place,ACTIVE,NewRestaurant Corp 30,Michael Thomas Williams,3547 7th Ave,Fresno,CA,91239,Fresno,(559) 889-1278,2009-03-23,2010-03-23
41-792939,41,On-Sale Beer & Wine - Eating Place,ACTIVE,Bistro,Christopher Moore,9670 Front St #219,Clovis,CA,96102,Fresno,(559) 266-9155,2011-02-20,2012-02-20
41-811642,41,On-Sale Beer & Wine - Eating Place,ACTIVE,Diner Madera Corp,Maria Williams,5191 Main Ave,Madera,CA,94637,Fresno,(559) 243-3779,2009-10-15,2010-10-15
41-892500,41,On-Sale Beer & Wine - Eating Place,ACTIVE,Place,Christopher Martinez Williams,1793 Wilshire Way,Madera,CA,93662,Fresno,(559) 575-7806,2009-09-17,2010-09-17
41-723363,41,On-Sale Beer & Wine - Eating Place,ACTIVE,OldEatery Co 53,Robert Gonzalez,5436 7th Ave,Fresno,CA,92647,Fresno,(559) 425-4386,2008-07-16,2009-07-16
41-562890,41,On-Sale Beer & Wine - Eating Place,ACTIVE,Spot Group,William Anderson,538 Oak Ln,Madera,CA,93109,Fresno,(559) 715-8508,2002-06-22,2003-06-22
41-209604,41,On-Sale Beer & Wine - Eating Place,ACTIVE,Spot Fresno,Lisa Brown Martinez,391 Market Pl,Fresno,CA,91584,Fresno,(559) 208-3536,2021-05-05,2022-05-05
41-428376,41,On-Sale Beer & Wine - Eating Place,ACTIVE,OldDiner 36,David Jackson Moore,3695 Wilshire Pl,Madera,CA,90951,Fresno,(559) 563-6016,2019-01-27,2020-01-27
41-416400,41,On-Sale Beer & Wine - Eating Place,ACTIVE,Eatery Fresno,Mark Rodriguez,2948 Hollywood Ave #944,Fresno,CA,93902,Fresno,(559) 681-8674,2022-05-26,2023-05-26
41-361233,41,On-Sale Beer & Wine - Eating Place,ACTIVE,Tavern Group 30,Michael Miller,7436 Broadway Ln,Clovis,CA,92293,Fresno,(559) 864-7801,2012-01-17,2013-01-17
41-490462,41,On-Sale Beer & Wine - Eating Place,ACTIVE,Corner 32,William Gonzalez,3753 Market Rd #429,Madera,CA,92098,Fresno,(559) 489-6368,2021-10-03,2022-10-03
41-753485,41,On-Sale Beer & Wine - Eating Place,ACTIVE,Tavern,Maria Thomas,6676 3rd Ave,Clovis,CA,94781,Fresno,(559) 553-8672,2000-07-28,2001-07-28
41-446600,41,On-Sale Beer & Wine - Eating Place,ACTIVE,TheEatery Madera Heights 21,Matthew Jones,3782 3rd Dr,Madera,CA,90142,Fresno,(559) 692-2019,2021-12-08,2022-12-08
41-189896,41,On-Sale Beer & Wine - Eating Place,ACTIVE,Restaurant Fresno Valley Group,Maria Gonzalez Williams,9883 Lincoln Pl #993,Fresno,CA,95866,Fresno,(559) 999-8787,2017-07-07,2018-07-07
41-729117,41,On-Sale Beer & Wine - Eating Place,ACTIVE,Eatery Clovis 6,Christopher Garcia,7194 Mission St,Clovis,CA,92823,Fresno,(559) 518-8511,2009-06-23,2010-06-23
41-303333,41,On-Sale Beer & Wine - Eating Place,ACTIVE,Cafe,Michael Martinez,3371 Main Way,Madera,CA,94016,Fresno,(559) 221-6825,2014-09-11,2015-09-11
41-274858,41,On-Sale Beer & Wine - Eating Place,ACTIVE,Corner Madera,Michelle Martinez,1814 Main Ln,Madera,CA,93328,Fresno,(559) 225-2636,2013-10-16,2014-10-16
41-457319,41,On-Sale Beer & Wine - Eating Place,ACTIVE,Grill Fresno,Steven Jones,8554 3rd Ln,Clovis,CA,91989,Fresno,(559) 918-2671,2015-05-10,2016-05-10
41-850499,41,On-Sale Beer & Wine - Eating Place,ACTIVE,Bistro,Paul Johnson,8959 2nd Rd,Fresno,CA,90289,Fresno,(559) 517-9897,2024-04-21,2025-04-21
41-388572,41,On-Sale Beer & Wine - Eating Place,ACTIVE,NewPlace 94,Jennifer Thomas,5426 Pico St,Madera,CA,91012,Fresno,(559) 921-4003,2013-11-26,2014-11-26
41-194621,41,On-Sale Beer & Wine - Eating Place,ACTIVE,House Corp,John Lopez Moore,4233 Hollywood Dr,Fresno,CA,94023,Fresno,(559) 526-7926,2014-11-12,2015-11-12
41-980234,41,On-Sale Beer & Wine - Eating Place,ACTIVE,Corner,William Williams,8417 4th Ave,Clovis,CA,95350,Fresno,(559) 733-9709,2001-02-25,2002-02-25
41-993122,41,On-Sale Beer & Wine - Eating Place,ACTIVE,Diner Clovis Inc,Robert Miller Thomas,9688 4th Way,Clovis,CA,93057,Fresno,(559) 393-8717,2013-09-15,2014-09-15
41-477873,41,On-Sale Beer & Wine - Eating Place,ACTIVE,Kitchen Fresno Group,Mark Thomas,6039 Hollywood Rd,Madera,CA,92921,Fresno,(559) 312-1839,2021-12-11,2022-12-11
41-462066,41,On-Sale Beer & Wine - Eating Place,ACTIVE,Tavern Inc,Steven Anderson,6895 Mission Way,Madera,CA,91698,Fresno,(559) 494-6818,2013-05-20,2014-05-20
41-234770,41,On-Sale Beer & Wine - Eating Place,ACTIVE,House,Maria Jones Martin,3887 Wilshire Ave,Clovis,CA,93451,Fresno,(559) 966-4865,2016-07-16,2017-07-16
41-239963,41,On-Sale Beer & Wine - Eating Place,ACTIVE,Cafe,David Jones,5086 Pico Blvd,Clovis,CA,90551,Fresno,(559) 492-9166,2009-12-20,2010-12-20
41-845818,41,On-Sale Beer & Wine - Eating Place,ACTIVE,NewTavern Clovis Company 68,Steven Wilson,2412 7th Ave,Clovis,CA,93511,Fresno,(559) 535-3596,2020-01-06,2021-01-06
41-924149,41,On-Sale Beer & Wine - Eating Place,ACTIVE,Bistro Fresno,John Miller,7813 Front Pl,Fresno,CA,93551,Fresno,(559) 655-2454,2005-07-06,2006-07-06
41-721648,41,On-Sale Beer & Wine - Eating Place,ACTIVE,Grill,David Garcia,1181 Broadway Rd #964,Madera,CA,92447,Fresno,(559) 433-6195,2023-11-02,2024-11-02
41-101762,41,On-Sale Beer & Wine - Eating Place,ACTIVE,OldBistro Corp 97,Michelle Martin,5500 5th Blvd,Fresno,CA,94717,Fresno,(559) 698-3759,2022-02-01,2023-02-01
41-729540,41,On-Sale Beer & Wine - Eating Place,ACTIVE,Grill Fresno Group,James Williams,4731 3rd St,Madera,CA,93784,Fresno,(559) 652-7752,2018-09-14,2019-09-14
41-548572,41,On-Sale Beer & Wine - Eating Place,ACTIVE,Tavern Fresno,James Rodriguez,2353 1st Ct #601,Fresno,CA,93877,Fresno,(559) 561-2878,2004-12-05,2005-12-05
41-197365,41,On-Sale Beer & Wine - Eating Place,ACTIVE,Bistro Clovis Hills Co,Anthony Brown,9917 Washington St #173,Clovis,CA,92908,Fresno,(559) 640-4778,2006-11-17,2007-11-17
41-455872,41,On-Sale Beer & Wine - Eating Place,ACTIVE,Corner Madera Inc,David Davis Johnson,8988 Wilshire Dr,Madera,CA,91782,Fresno,(559) 928-8626,2022-08-01,2023-08-01
41-525273,41,On-Sale Beer & Wine - Eating Place,ACTIVE,Place Clovis Hills Corp,Jennifer Anderson,6017 Wilshire Rd,Clovis,CA,95230,Fresno,(559) 239-9889,2011-04-02,2012-04-02
41-738841,41,On-Sale Beer & Wine - Eating Place,ACTIVE,NewHouse LLC 1,Kenneth Smith,936 Ocean Ct,Fresno,CA,95412,Fresno,(559) 340-2155,2003-03-16,2004-03-16
41-821007,41,On-Sale Beer & Wine - Eating Place,ACTIVE,Place,Christopher Rodriguez,7643 Main Rd,Madera,CA,93304,Fresno,(559) 420-3474,2005-04-11,2006-04-11
41-420661,41,On-Sale Beer & Wine - Eating Place,ACTIVE,Spot Fresno Inc,Mark Davis,5167 5th Pl,Fresno,CA,94342,Fresno,(559) 747-4526,2001-05-22,2002-05-22
41-295186,41,On-Sale Beer & Wine - Eating Place,ACTIVE,Eatery Co,Lisa Smith,5827 7th Pl,Madera,CA,93351,Fresno,(559) 961-8335,2016-01-09,2017-01-09
41-374634,41,On-Sale Beer & Wine - Eating Place,ACTIVE,NewSpot 25,John Anderson Garcia,1288 Market Pl #389,Madera,CA,92962,Fresno,(559) 806-2294,2019-10-01,2020-10-01
41-150944,41,On-Sale Beer & Wine - Eating Place,ACTIVE,Tavern Fresno Co,Paul Johnson Martin,1904 Market Ln #188,Fresno,CA,90915,Fresno,(559) 791-8082,2005-09-12,2006-09-12
41-752877,41,On-Sale Beer & Wine - Eating Place,ACTIVE,Spot Co,Steven Brown,9955 Maple Ave,Clovis,CA,94366,Fresno,(559) 454-5207,2022-11-23,2023-11-23
41-494113,41,On-Sale Beer & Wine - Eating Place,ACTIVE,TheHouse Fresno Company 51,William Martinez,3307 7th Ave,Clovis,CA,95848,Fresno,(559) 885-2123,2002-09-02,2003-09-02
41-200033,41,On-Sale Beer & Wine - Eating Place,ACTIVE,Eatery,Anthony Lopez,4808 Front Pl,Clovis,CA,96061,Fresno,(559) 336-6466,2004-06-07,2005-06-07
41-506817,41,On-Sale Beer & Wine - Eating Place,ACTIVE,NewKitchen Fresno Corp 41,Lisa Smith,4936 Washington Blvd #894,Fresno,CA,91487,Fresno,(559) 538-6630,2002-07-23,2003-07-23
41-458921,41,On-Sale Beer & Wine - Eating Place,ACTIVE,House Co 76,Lisa Wilson,6053 Ocean St,Fresno,CA,91687,Fresno,(559) 865-3011,2017-12-28,2018-12-28
41-166365,41,On-Sale Beer & Wine - Eating Place,ACTIVE,OldDiner 44,Christopher Miller,3974 3rd Ave,Clovis,CA,93825,Fresno,(559) 391-3638,2009-03-02,2010-03-02
41-402771,41,On-Sale Beer & Wine - Eating Place,ACTIVE,Cafe Fresno Corp,Andrew Jackson,3296 5th Way,Madera,CA,94099,Fresno,(559) 560-7706,2014-03-21,2015-03-21
41-355276,41,On-Sale Beer & Wine - Eating Place,ACTIVE,Restaurant Fresno,Steven Wilson,1567 Mission Rd #983,Fresno,CA,92165,Fresno,(559) 325-4244,2005-05-08,2006-05-08
41-232075,41,On-Sale Beer & Wine - Eating Place,ACTIVE,TheGrill Fresno Hills Corp 79,Mark Taylor,4471 Jefferson Ct #474,Fresno,CA,93813,Fresno,(559) 542-4387,2023-06-09,2024-06-09
41-658216,41,On-Sale Beer & Wine - Eating Place,ACTIVE,House Fresno Heights,Maria Smith,7901 State Rd #302,Fresno,CA,93298,Fresno,(559) 863-7499,2008-09-23,2009-09-23
41-958009,41,On-Sale Beer & Wine - Eating Place,ACTIVE,TheDiner 11,Kenneth Rodriguez Martin,9785 Mission Ln,Fresno,CA,95020,Fresno,(559) 465-9239,2015-07-06,2016-07-06
41-248151,41,On-Sale Beer & Wine - Eating Place,ACTIVE,Grill,Steven Moore Anderson,559 Franklin Ct #461,Clovis,CA,92939,Fresno,(559) 333-7659,2024-10-04,2025-10-04
41-591528,41,On-Sale Beer & Wine - Eating Place,ACTIVE,Kitchen Fresno 6,Christopher Martin,1564 Broadway Ave #560,Clovis,CA,91218,Fresno,(559) 752-8158,2022-07-12,2023-07-12
41-365197,41,On-Sale Beer & Wine - Eating Place,ACTIVE,Spot Group,William Davis Davis,5013 Maple Pl #657,Clovis,CA,95547,Fresno,(559) 764-9176,2018-07-04,2019-07-04
41-975481,41,On-Sale Beer & Wine - Eating Place,ACTIVE,Diner Fresno,Jennifer Moore,2384 Maple Blvd,Fresno,CA,94511,Fresno,(559) 714-4002,2018-07-14,2019-07-14
41-876331,41,On-Sale Beer & Wine - Eating Place,ACTIVE,TheEatery Clovis 22,Andrew Moore,8150 Broadway Pl,Clovis,CA,90968,Fresno,(559) 590-8526,2005-05-18,2006-05-18
41-119676,41,On-Sale Beer & Wine - Eating Place,ACTIVE,House Inc,Daniel Brown,1153 1st Dr,Madera,CA,96150,Fresno,(559) 411-1151,2002-07-05,2003-07-05
41-475398,41,On-Sale Beer & Wine - Eating Place,ACTIVE,Eatery Group,Michael Miller,5528 Mission Way #338,Madera,CA,91753,Fresno,(559) 574-8085,2010-06-15,2011-06-15
41-716332,41,On-Sale Beer & Wine - Eating Place,ACTIVE,Restaurant Clovis Hills Group 37,Daniel Martinez Jackson,1466 6th Ct,Clovis,CA,93382,Fresno,(559) 266-5023,2005-08-13,2006-08-13
41-719512,41,On-Sale Beer & Wine - Eating Place,ACTIVE,Cafe Madera Heights,Steven Smith,9756 Jefferson Rd,Madera,CA,90308,Fresno,(559) 767-8678,2005-01-14,2006-01-14
41-363779,41,On-Sale Beer & Wine - Eating Place,ACTIVE,Tavern 31,Michael Jones,1479 Franklin Ln,Fresno,CA,93270,Fresno,(559) 205-8043,2010-03-26,2011-03-26
41-152033,41,On-Sale Beer & Wine - Eating Place,ACTIVE,Place Madera,Maria Williams,4939 Oak Rd,Madera,CA,93201,Fresno,(559) 797-5214,2007-01-09,2008-01-09
41-688094,41,On-Sale Beer & Wine - Eating Place,ACTIVE,Spot,Andrew Gonzalez,872 Mission Ct #133,Fresno,CA,90707,Fresno,(559) 685-3190,2017-12-27,2018-12-27
41-234160,41,On-Sale Beer & Wine - Eating Place,ACTIVE,Kitchen LLC,Andrew Williams,3937 6th Way,Fresno,CA,94999,Fresno,(559) 703-8982,2009-08-27,2010-08-27
41-594650,41,On-Sale Beer & Wine - Eating Place,ACTIVE,NewBistro Group 29,Maria Williams,1371 Maple Ct #663,Clovis,CA,95045,Fresno,(559) 667-8369,2001-05-12,2002-05-12
41-875170,41,On-Sale Beer & Wine - Eating Place,ACTIVE,House Fresno Hills Group,Michelle Martin Brown,5232 7th Ln #691,Fresno,CA,92644,Fresno,(559) 306-9945,2014-12-05,2015-12-05
41-883046,41,On-Sale Beer & Wine - Eating Place,ACTIVE,Place Corp,Anthony Thomas,9765 Maple Pl #545,Fresno,CA,92455,Fresno,(559) 620-3685,2019-02-06,2020-02-06
41-892965,41,On-Sale Beer & Wine - Eating Place,ACTIVE,Restaurant Fresno Heights Company,Kenneth Anderson,8842 7th Ave #586,Fresno,CA,91345,Fresno,(559) 215-7911,2021-06-16,2022-06-16
41-847680,41,On-Sale Beer & Wine - Eating Place,ACTIVE,Bistro Fresno Group 15,Christopher Taylor,3333 Market Rd #159,Fresno,CA,95707,Fresno,(559) 405-6733,2024-11-06,2025-11-06
41-412489,41,On-Sale Beer & Wine - Eating Place,ACTIVE,Place 97,Paul Brown,5830 6th Pl,Clovis,CA,91394,Fresno,(559) 818-2320,2004-09-21,2005-09-21
41-571611,41,On-Sale Beer & Wine - Eating Place,ACTIVE,NewHouse Clovis Valley Corp 68,Kenneth Gonzalez,2676 Broadway Way,Clovis,CA,92615,Fresno,(559) 536-8292,2002-06-15,2003-06-15
41-364933,41,On-Sale Beer & Wine - Eating Place,ACTIVE,NewPlace 47,Robert Wilson,6951 Wilshire Ct,Fresno,CA,95572,Fresno,(559) 848-8377,2001-10-18,2002-10-18
41-258005,41,On-Sale Beer & Wine - Eating Place,ACTIVE,Eatery Fresno,Maria Williams Moore,3814 2nd Dr #777,Madera,CA,90619,Fresno,(559) 963-7200,2006-11-09,2007-11-09
41-242762,41,On-Sale Beer & Wine - Eating Place,ACTIVE,Corner Madera LLC,Andrew Gonzalez,2119 3rd Ct #956,Madera,CA,93457,Fresno,(559) 327-1039,2017-10-10,2018-10-10
41-274809,41,On-Sale Beer & Wine - Eating Place,ACTIVE,Bistro Corp,Jennifer Smith,2956 3rd Ave,Madera,CA,93439,Fresno,(559) 961-6348,2013-07-21,2014-07-21
41-912213,41,On-Sale Beer & Wine - Eating Place,ACTIVE,Cafe,Anthony Thomas,337 Market Way,Clovis,CA,92966,Fresno,(559) 982-2425,2005-08-15,2006-08-15
41-186360,41,On-Sale Beer & Wine - Eating Place,ACTIVE,Spot Madera Hills Co,William Wilson,7593 Hollywood St,Madera,CA,90545,Fresno,(559) 411-6830,2015-08-17,2016-08-17
41-293424,41,On-Sale Beer & Wine - Eating Place,ACTIVE,Kitchen Fresno Company,Paul Taylor,7232 Wilshire Ave #475,Fresno,CA,94223,Fresno,(559) 946-5786,2022-07-11,2023-07-11
41-258221,41,On-Sale Beer & Wine - Eating Place,ACTIVE,Place Co,Anthony Martinez Gonzalez,7798 5th Pl,Clovis,CA,91054,Fresno,(559) 873-4246,2016-03-07,2017-03-07
41-976539,41,On-Sale Beer & Wine - Eating Place,ACTIVE,Cafe Fresno Group,Andrew Miller,8573 Franklin St,Fresno,CA,92224,Fresno,(559) 219-7209,2003-03-07,2004-03-07
41-471020,41,On-Sale Beer & Wine - Eating Place,ACTIVE,Corner Fresno Hills,Michelle Thomas,107 Sunset Ave,Fresno,CA,93333,Fresno,(559) 314-7345,2020-09-17,2021-09-17
41-684589,41,On-Sale Beer & Wine - Eating Place,ACTIVE,Eatery,Mark Thomas,1490 5th St,Fresno,CA,94051,Fresno,(559) 583-7759,2020-05-03,2021-05-03
41-700885,41,On-Sale Beer & Wine - Eating Place,ACTIVE,Diner Fresno Inc 82,Andrew Lopez,9687 Hollywood Pl,Fresno,CA,94381,Fresno,(559) 468-4874,2024-12-20,2025-12-20
41-766344,41,On-Sale Beer & Wine - Eating Place,ACTIVE,TheGrill Co 27,John Brown Williams,9683 Jefferson Dr,Madera,CA,93348,Fresno,(559) 783-8178,2002-08-20,2003-08-20
41-203928,41,On-Sale Beer & Wine - Eating Place,ACTIVE,Kitchen,Kenneth Miller Davis,6308 Sunset Way #917,Madera,CA,94477,Fresno,(559) 215-1208,2012-03-26,2013-03-26
41-234297,41,On-Sale Beer & Wine - Eating Place,ACTIVE,Grill Fresno Hills,Daniel Hernandez,2467 Franklin Rd,Fresno,CA,93695,Fresno,(559) 785-8159,2022-10-23,2023-10-23
41-916860,41,On-Sale Beer & Wine - Eating Place,ACTIVE,Restaurant Company 39,William Jackson,3449 Washington Ave #517,Madera,CA,90528,Fresno,(559) 790-1863,2004-11-02,2005-11-02
41-866101,41,On-Sale Beer & Wine - Eating Place,ACTIVE,Bistro Fresno,David Davis,3021 6th Blvd,Fresno,CA,90575,Fresno,(559) 661-7686,2000-11-13,2001-11-13
41-789140,41,On-Sale Beer & Wine - Eating Place,ACTIVE,NewRestaurant Corp 3,Michael Garcia,937 Ocean Dr,Fresno,CA,93414,Fresno,(559) 375-6899,2019-03-11,2020-03-11
41-728446,41,On-Sale Beer & Wine - Eating Place,ACTIVE,NewEatery Fresno Corp 73,Robert Martin Garcia,3601 Ocean Dr #653,Madera,CA,95303,Fresno,(559) 829-2325,2012-09-02,2013-09-02
41-981927,41,On-Sale Beer & Wine - Eating Place,ACTIVE,Spot Group,James Jones,5808 1st Pl,Fresno,CA,90321,Fresno,(559) 327-8874,2005-06-18,2006-06-18
41-685274,41,On-Sale Beer & Wine - Eating Place,ACTIVE,TheKitchen Madera Valley Group 58,Steven Jones,3614 State Pl,Madera,CA,93410,Fresno,(559) 457-7123,2024-08-17,2025-08-17
41-544594,41,On-Sale Beer & Wine - Eating Place,ACTIVE,NewEatery Madera Inc 86,Maria Garcia,9605 1st Rd,Madera,CA,95711,Fresno,(559) 493-8771,2008-12-13,2009-12-13
41-993312,41,On-Sale Beer & Wine - Eating Place,ACTIVE,Restaurant Clovis Inc,James Taylor,1643 7th Pl,Clovis,CA,90460,Fresno,(559) 507-8508,2008-10-12,2009-10-12
41-813461,41,On-Sale Beer & Wine - Eating Place,ACTIVE,Corner Corp,Maria Martinez,4046 5th Blvd,Madera,CA,94539,Fresno,(559) 494-7925,2002-03-18,2003-03-18
41-320990,41,On-Sale Beer & Wine - Eating Place,ACTIVE,TheHouse Madera Corp 69,James Brown,1588 Oak Pl #382,Madera,CA,90798,Fresno,(559) 406-1409,2017-03-07,2018-03-07
41-733639,41,On-Sale Beer & Wine - Eating Place,ACTIVE,Eatery Group,Andrew Brown,1337 Lincoln Ave,Madera,CA,95736,Fresno,(559) 396-2165,2019-10-25,2020-10-25
41-270302,41,On-Sale Beer & Wine - Eating Place,ACTIVE,Diner Fresno,John Moore,9125 Wilshire Rd,Fresno,CA,93347,Fresno,(559) 656-7360,2014-11-13,2015-11-13
41-232575,41,On-Sale Beer & Wine - Eating Place,ACTIVE,Corner Clovis Company,Paul Miller Davis,4116 Jefferson Ct #257,Clovis,CA,93232,Fresno,(559) 256-9233,2021-03-21,2022-03-21
41-845717,41,On-Sale Beer & Wine - Eating Place,ACTIVE,Spot Fresno,Matthew Brown,2691 State Pl #333,Clovis,CA,90686,Fresno,(559) 835-3978,2024-10-12,2025-10-12
41-612092,41,On-Sale Beer & Wine - Eating Place,ACTIVE,Place Fresno Hills,Maria Martin,9202 Hollywood Ave #151,Fresno,CA,95780,Fresno,(559) 275-9673,2023-06-24,2024-06-24
41-314598,41,On-Sale Beer & Wine - Eating Place,ACTIVE,House Madera Heights Company,James Smith,8595 Hollywood Ave,Madera,CA,92648,Fresno,(559) 311-8251,2001-02-06,2002-02-06
41-121788,41,On-Sale Beer & Wine - Eating Place,ACTIVE,Corner,David Thomas Martinez,2516 7th Blvd,Madera,CA,91923,Fresno,(559) 861-6898,2018-08-23,2019-08-23
41-827876,41,On-Sale Beer & Wine - Eating Place,ACTIVE,Place Company,Jennifer Moore,3787 7th Ln #875,Fresno,CA,93886,Fresno,(559) 280-1135,2015-11-15,2016-11-15
41-566973,41,On-Sale Beer & Wine - Eating Place,ACTIVE,NewEatery Corp 31,Jennifer Rodriguez,2412 Pico Pl,Madera,CA,90956,Fresno,(559) 852-4040,2014-01-27,2015-01-27
41-578945,41,On-Sale Beer & Wine - Eating Place,ACTIVE,OldPlace Madera 11,Lisa Moore Brown,3694 2nd Rd,Madera,CA,95878,Fresno,(559) 671-2668,2008-08-15,2009-08-15
41-264035,41,On-Sale Beer & Wine - Eating Place,ACTIVE,Tavern Clovis Heights Group,Christopher Brown Taylor,8894 4th Ave #783,Clovis,CA,95026,Fresno,(559) 599-4960,2016-08-14,2017-08-14
41-793875,41,On-Sale Beer & Wine - Eating Place,ACTIVE,Kitchen Fresno,Mark Martin,3497 Sunset Blvd #252,Fresno,CA,91353,Fresno,(559) 253-7792,2004-09-26,2005-09-26
41-235623,41,On-Sale Beer & Wine - Eating Place,ACTIVE,Bistro Company,Mark Martin,8155 4th Ct,Fresno,CA,93065,Fresno,(559) 600-9220,2012-05-12,2013-05-12
41-659292,41,On-Sale Beer & Wine - Eating Place,ACTIVE,TheGrill Fresno LLC 34,Christopher Moore,1479 Oak Ct #592,Fresno,CA,92123,Fresno,(559) 363-1284,2000-05-28,2001-05-28
41-850485,41,On-Sale Beer & Wine - Eating Place,ACTIVE,TheEatery Clovis Hills 4,Paul Miller,7914 Main Ave,Clovis,CA,94600,Fresno,(559) 515-6223,2018-06-21,2019-06-21
41-878969,41,On-Sale Beer & Wine - Eating Place,ACTIVE,ThePlace Fresno Co 94,William Smith Williams,503 5th Ln,Clovis,CA,95765,Fresno,(559) 352-3432,2012-04-14,2013-04-14
41-536757,41,On-Sale Beer & Wine - Eating Place,ACTIVE,OldCafe 33,Anthony Taylor,7626 Market Ct #453,Fresno,CA,90902,Fresno,(559) 250-5677,2021-01-03,2022-01-03
41-984842,41,On-Sale Beer & Wine - Eating Place,ACTIVE,Corner,Maria Jackson,6219 Madison St #293,Fresno,CA,93289,Fresno,(559) 480-3025,2019-08-14,2020-08-14
41-948394,41,On-Sale Beer & Wine - Eating Place,ACTIVE,Cafe Co,William Rodriguez,6709 4th Ln,Madera,CA,94764,Fresno,(559) 776-4556,2002-08-08,2003-08-08
41-872233,41,On-Sale Beer & Wine - Eating Place,ACTIVE,TheDiner Clovis 45,Anthony Garcia,4270 Maple Ln,Clovis,CA,95614,Fresno,(559) 845-8649,2000-12-26,2001-12-26
41-916968,41,On-Sale Beer & Wine - Eating Place,ACTIVE,Spot Clovis Hills,Steven Martin Gonzalez,2179 1st Way,Clovis,CA,96070,Fresno,(559) 819-8250,2022-05-12,2023-05-12
41-970986,41,On-Sale Beer & Wine - Eating Place,ACTIVE,Corner,Lisa Thomas,2896 4th Way #174,Clovis,CA,95628,Fresno,(559) 368-3187,2010-02-08,2011-02-08
41-223279,41,On-Sale Beer & Wine - Eating Place,ACTIVE,Cafe Fresno,Maria Hernandez Davis,9621 7th St,Clovis,CA,91793,Fresno,(559) 859-6266,2005-06-25,2006-06-25
41-154214,41,On-Sale Beer & Wine - Eating Place,ACTIVE,Place Madera Hills Corp,James Brown,7602 3rd Ct #859,Madera,CA,91397,Fresno,(559) 928-3351,2001-07-12,2002-07-12
41-383421,41,On-Sale Beer & Wine - Eating Place,ACTIVE,NewCafe Corp 51,Mark Jackson,5374 Maple Blvd,Fresno,CA,93129,Fresno,(559) 413-6909,2000-01-10,2001-01-10
41-171579,41,On-Sale Beer & Wine - Eating Place,ACTIVE,Eatery Fresno,David Williams,9981 Jefferson Ln #901,Fresno,CA,94404,Fresno,(559) 522-3220,2011-05-20,2012-05-20
41-285708,41,On-Sale Beer & Wine - Eating Place,ACTIVE,House Fresno,Andrew Martinez Moore,8895 4th Ave,Madera,CA,95756,Fresno,(559) 953-5544,2019-11-12,2020-11-12
41-657873,41,On-Sale Beer & Wine - Eating Place,ACTIVE,NewGrill 95,Matthew Rodriguez,6230 2nd Ave,Fresno,CA,92128,Fresno,(559) 381-1297,2004-08-22,2005-08-22
41-321578,41,On-Sale Beer & Wine - Eating Place,ACTIVE,OldBistro Inc 89,Kenneth Jones,8020 Front Ln,Madera,CA,94159,Fresno,(559) 486-1259,2018-06-04,2019-06-04
47-143412,47,On-Sale General - Restaurant,ACTIVE,Pub Fresno Company,Maria Jones Johnson,5925 Madison Rd,Fresno,CA,92149,Fresno,(559) 214-5702,2013-02-04,2014-02-04
47-153239,47,On-Sale General - Restaurant,ACTIVE,Brasserie Fresno Company,Michelle Williams Jones,4665 Lincoln Rd,Clovis,CA,96184,Fresno,(559) 913-4589,2017-02-09,2018-02-09
47-396644,47,On-Sale General - Restaurant,ACTIVE,Chophouse,Michelle Thomas,9058 3rd Ave,Fresno,CA,92074,Fresno,(559) 313-3222,2010-08-02,2011-08-02
47-499636,47,On-Sale General - Restaurant,ACTIVE,NewTavern 11,Andrew Miller,9484 Wilshire Pl,Madera,CA,96018,Fresno,(559) 822-4498,2020-01-10,2021-01-10
47-650852,47,On-Sale General - Restaurant,ACTIVE,Bar & Grill Fresno LLC 99,Kenneth Thomas,6107 Pico Dr,Fresno,CA,91770,Fresno,(559) 919-2405,2000-05-03,2001-05-03
47-250335,47,On-Sale General - Restaurant,ACTIVE,Tavern Fresno,David Thomas,6407 Main Blvd #358,Fresno,CA,94307,Fresno,(559) 242-1274,2001-07-14,2002-07-14
47-388354,47,On-Sale General - Restaurant,ACTIVE,OldSteakhouse Clovis Heights 80,Jennifer Taylor,7056 Mission Pl,Clovis,CA,90881,Fresno,(559) 336-2365,2019-05-26,2020-05-26
47-306980,47,On-Sale General - Restaurant,ACTIVE,Sports Bar Corp,Jennifer Miller,4681 Franklin Pl,Fresno,CA,90767,Fresno,(559) 550-2833,2012-07-08,2013-07-08
47-294923,47,On-Sale General - Restaurant,ACTIVE,Tavern Co,Andrew Johnson,7846 Main St #467,Fresno,CA,90509,Fresno,(559) 909-4124,2019-09-02,2020-09-02
47-813463,47,On-Sale General - Restaurant,ACTIVE,Tavern 52,Jennifer Rodriguez,6293 2nd Dr,Fresno,CA,93486,Fresno,(559) 204-4902,2009-03-08,2010-03-08
47-334730,47,On-Sale General - Restaurant,ACTIVE,Lounge,Jennifer Davis Smith,2533 4th Dr,Madera,CA,90927,Fresno,(559) 985-5329,2020-12-26,2021-12-26
47-814274,47,On-Sale General - Restaurant,ACTIVE,Bar & Grill Co,James Martin,3979 Market Rd,Clovis,CA,93533,Fresno,(559) 673-6775,2023-08-19,2024-08-19
47-292467,47,On-Sale General - Restaurant,ACTIVE,Chophouse Co,James Brown,9829 Jefferson Pl,Fresno,CA,91462,Fresno,(559) 942-8063,2009-11-04,2010-11-04
47-377120,47,On-Sale General - Restaurant,ACTIVE,TheTavern Company 44,Michael Gonzalez,5134 3rd Ct,Madera,CA,90218,Fresno,(559) 223-8629,2008-04-12,2009-04-12
47-682163,47,On-Sale General - Restaurant,ACTIVE,TheBar & Grill Clovis 59,Anthony Johnson,9630 Main Ave,Clovis,CA,91595,Fresno,(559) 580-9393,2020-05-15,2021-05-15
47-760156,47,On-Sale General - Restaurant,ACTIVE,Steakhouse Fresno Group,James Davis,7479 Hollywood Dr #727,Fresno,CA,94871,Fresno,(559) 663-1029,2020-01-03,2021-01-03
47-462058,47,On-Sale General - Restaurant,ACTIVE,Chophouse Madera 13,Anthony Williams Brown,2619 Pico Rd #490,Madera,CA,90872,Fresno,(559) 537-8958,2016-08-19,2017-08-19
47-809337,47,On-Sale General - Restaurant,ACTIVE,Bar & Grill Clovis Heights LLC,Robert Brown,7555 Mission Rd,Clovis,CA,91092,Fresno,(559) 863-8749,2018-07-03,2019-07-03
47-290367,47,On-Sale General - Restaurant,ACTIVE,Steakhouse Fresno Co,John Taylor,1376 Mission Ct,Clovis,CA,95025,Fresno,(559) 749-3527,2009-11-16,2010-11-16
47-648126,47,On-Sale General - Restaurant,ACTIVE,Chophouse Fresno,Matthew Miller,952 Mission Dr,Madera,CA,91458,Fresno,(559) 585-6568,2012-02-25,2013-02-25
47-568923,47,On-Sale General - Restaurant,ACTIVE,Bar & Grill Fresno Group,Mark Miller,1753 Main Dr,Fresno,CA,91244,Fresno,(559) 264-8756,2024-05-13,2025-05-13
47-163859,47,On-Sale General - Restaurant,ACTIVE,NewBrasserie Fresno Corp 2,William Hernandez,309 2nd Rd,Fresno,CA,93929,Fresno,(559) 325-3204,2008-10-08,2009-10-08
47-293485,47,On-Sale General - Restaurant,ACTIVE,Pub Fresno Co,Maria Jackson,9309 Sunset Ave,Fresno,CA,91478,Fresno,(559) 585-2211,2021-02-18,2022-02-18
47-854480,47,On-Sale General - Restaurant,ACTIVE,Sports Bar Madera Valley,William Smith Davis,4315 4th Way,Madera,CA,95799,Fresno,(559) 333-9046,2013-06-06,2014-06-06
47-173420,47,On-Sale General - Restaurant,ACTIVE,Bar & Grill Clovis Company,Maria Thomas,721 Front Ave,Clovis,CA,95706,Fresno,(559) 527-4877,2010-01-18,2011-01-18
47-944361,47,On-Sale General - Restaurant,ACTIVE,Bar & Grill Company,Christopher Johnson,1673 6th Ct #428,Clovis,CA,91530,Fresno,(559) 357-8697,2011-07-23,2012-07-23
47-763422,47,On-Sale General - Restaurant,ACTIVE,Chophouse Fresno Corp,Andrew Lopez Miller,2442 Washington Pl,Fresno,CA,93135,Fresno,(559) 510-7136,2011-11-27,2012-11-27
47-429772,47,On-Sale General - Restaurant,ACTIVE,TheChophouse 14,Kenneth Davis Wilson,886 Mission Dr,Madera,CA,91917,Fresno,(559) 908-9263,2015-12-23,2016-12-23
47-363314,47,On-Sale General - Restaurant,ACTIVE,NewBar & Grill Group 76,Daniel Wilson,2852 Madison Rd,Fresno,CA,93024,Fresno,(559) 216-6625,2024-04-19,2025-04-19
47-526417,47,On-Sale General - Restaurant,ACTIVE,OldTavern Clovis Valley Group 8,Maria Rodriguez Miller,4941 7th St,Clovis,CA,95102,Fresno,(559) 525-8716,2010-05-12,2011-05-12
47-115016,47,On-Sale General - Restaurant,ACTIVE,TheChophouse Clovis LLC 43,William Miller,7138 Wilshire Blvd #446,Clovis,CA,90477,Fresno,(559) 675-7336,2018-12-03,2019-12-03
47-733448,47,On-Sale General - Restaurant,ACTIVE,OldSports Bar Fresno Heights 1,Andrew Martinez,8011 6th St #284,Fresno,CA,92064,Fresno,(559) 777-6396,2018-09-22,2019-09-22
47-396567,47,On-Sale General - Restaurant,ACTIVE,Bar & Grill Madera Hills,Mark Garcia,9826 Washington Blvd #677,Madera,CA,92587,Fresno,(559) 453-7992,2013-12-10,2014-12-10
47-921381,47,On-Sale General - Restaurant,ACTIVE,Tavern Clovis Valley LLC,Michael Miller Brown,1225 5th Pl #668,Clovis,CA,90413,Fresno,(559) 903-9767,2010-06-03,2011-06-03
47-957665,47,On-Sale General - Restaurant,ACTIVE,ThePub 44,Jennifer Taylor,8124 4th Ct,Madera,CA,94633,Fresno,(559) 998-1431,2019-10-19,2020-10-19
47-735983,47,On-Sale General - Restaurant,ACTIVE,Bar Fresno Corp 28,James Martinez Williams,310 7th Rd,Fresno,CA,92268,Fresno,(559) 751-3521,2016-10-27,2017-10-27
47-775054,47,On-Sale General - Restaurant,ACTIVE,Chophouse Clovis Co,Christopher Jackson,7823 2nd Rd,Clovis,CA,93710,Fresno,(559) 686-9047,2019-05-19,2020-05-19
47-325760,47,On-Sale General - Restaurant,ACTIVE,TheSports Bar Company 84,Andrew Jackson,4244 4th St,Madera,CA,92959,Fresno,(559) 739-6164,2017-06-09,2018-06-09
47-913431,47,On-Sale General - Restaurant,ACTIVE,TheChophouse Madera Valley 2,Andrew Martin,7007 Jefferson Pl #759,Madera,CA,92380,Fresno,(559) 503-6692,2014-02-03,2015-02-03
47-140392,47,On-Sale General - Restaurant,ACTIVE,Chophouse Company,Jennifer Davis,906 Madison Rd,Fresno,CA,93755,Fresno,(559) 855-1508,2009-01-06,2010-01-06
47-657134,47,On-Sale General - Restaurant,ACTIVE,Tavern Fresno,Jennifer Anderson,112 Sunset Rd,Fresno,CA,94680,Fresno,(559) 853-8442,2012-05-02,2013-05-02
47-610557,47,On-Sale General - Restaurant,ACTIVE,Brasserie Inc,Daniel Jones,4863 Sunset Ct,Fresno,CA,94957,Fresno,(559) 975-9987,2012-10-25,2013-10-25
47-697077,47,On-Sale General - Restaurant,ACTIVE,Brasserie Group,Steven Gonzalez,556 Main St,Madera,CA,90078,Fresno,(559) 835-2827,2002-07-12,2003-07-12
47-182359,47,On-Sale General - Restaurant,ACTIVE,Brasserie,Christopher Williams,1858 Market Ln #862,Fresno,CA,90214,Fresno,(559) 542-2248,2002-06-06,2003-06-06
47-504292,47,On-Sale General - Restaurant,ACTIVE,OldSteakhouse Inc 16,Matthew Taylor,9023 Sunset Rd #204,Clovis,CA,94862,Fresno,(559) 467-8961,2019-06-28,2020-06-28
47-107548,47,On-Sale General - Restaurant,ACTIVE,Brasserie Fresno Co 39,Maria Rodriguez,6473 Market St,Clovis,CA,92397,Fresno,(559) 763-8220,2011-02-27,2012-02-27
47-175052,47,On-Sale General - Restaurant,ACTIVE,Lounge Clovis Heights 9,Matthew Smith Davis,2704 Jefferson Ln,Clovis,CA,92572,Fresno,(559) 438-7496,2024-08-22,2025-08-22
47-298201,47,On-Sale General - Restaurant,ACTIVE,Steakhouse Madera Hills Group,Michael Jones,9484 Market Ct,Madera,CA,90583,Fresno,(559) 306-6672,2004-01-10,2005-01-10
47-418996,47,On-Sale General - Restaurant,ACTIVE,Steakhouse Clovis Hills,Paul Smith,1217 6th Way,Clovis,CA,93846,Fresno,(559) 792-1900,2003-02-03,2004-02-03
47-259374,47,On-Sale General - Restaurant,ACTIVE,NewChophouse Fresno 1,Steven Thomas,1261 Market Blvd,Clovis,CA,95305,Fresno,(559) 528-1257,2023-11-28,2024-11-28
47-284513,47,On-Sale General - Restaurant,ACTIVE,Brasserie,William Moore,7413 Madison Way,Madera,CA,93115,Fresno,(559) 597-6179,2023-10-03,2024-10-03
47-470286,47,On-Sale General - Restaurant,ACTIVE,Bar,Matthew Davis,4486 Broadway Ave,Fresno,CA,95098,Fresno,(559) 976-6790,2010-07-10,2011-07-10
47-433241,47,On-Sale General - Restaurant,ACTIVE,NewChophouse Group 89,Maria Jackson,6066 Hollywood Blvd #499,Madera,CA,93789,Fresno,(559) 951-4304,2013-08-19,2014-08-19
47-215435,47,On-Sale General - Restaurant,ACTIVE,Bar & Grill Clovis Hills,Daniel Williams,900 Main Ave,Clovis,CA,90347,Fresno,(559) 568-5359,2018-11-21,2019-11-21
47-935897,47,On-Sale General - Restaurant,ACTIVE,Chophouse Company,David Moore,1716 Oak Dr,Fresno,CA,91799,Fresno,(559) 674-8142,2023-08-22,2024-08-22
47-580878,47,On-Sale General - Restaurant,ACTIVE,Bar & Grill,Christopher Smith,8177 Lincoln Ct,Fresno,CA,91734,Fresno,(559) 596-5532,2002-04-02,2003-04-02
47-183797,47,On-Sale General - Restaurant,ACTIVE,OldPub 21,Mark Rodriguez Williams,5688 Main St #829,Fresno,CA,93116,Fresno,(559) 490-5444,2019-04-16,2020-04-16
47-804572,47,On-Sale General - Restaurant,ACTIVE,Pub 84,Lisa Miller Gonzalez,3663 Lincoln Dr #542,Fresno,CA,93835,Fresno,(559) 686-7151,2022-08-01,2023-08-01
47-196053,47,On-Sale General - Restaurant,ACTIVE,Bar Fresno Heights Corp,Michael Jones,5727 7th Ave,Fresno,CA,92967,Fresno,(559) 394-8877,2007-05-18,2008-05-18
47-564298,47,On-Sale General - Restaurant,ACTIVE,NewBar LLC 84,Daniel Gonzalez,964 6th Pl,Madera,CA,90016,Fresno,(559) 847-1491,2006-02-23,2007-02-23
47-386489,47,On-Sale General - Restaurant,ACTIVE,Tavern Clovis,Christopher Miller,6286 Broadway Dr,Clovis,CA,95948,Fresno,(559) 559-8101,2020-05-19,2021-05-19
47-529728,47,On-Sale General - Restaurant,ACTIVE,Chophouse Fresno Group,Maria Lopez,8209 Washington Ln,Clovis,CA,92822,Fresno,(559) 974-5032,2017-06-03,2018-06-03
47-646643,47,On-Sale General - Restaurant,ACTIVE,Chophouse Corp,Daniel Moore,3218 2nd Way,Madera,CA,93574,Fresno,(559) 813-3993,2005-10-18,2006-10-18
47-405978,47,On-Sale General - Restaurant,ACTIVE,Chophouse Madera Heights Co 78,Mark Jackson,1234 Front Blvd #940,Madera,CA,95002,Fresno,(559) 353-9926,2013-02-10,2014-02-10
47-848607,47,On-Sale General - Restaurant,ACTIVE,Chophouse Corp,David Martin,6677 7th St #467,Clovis,CA,90911,Fresno,(559) 328-3299,2002-05-15,2003-05-15
47-590586,47,On-Sale General - Restaurant,ACTIVE,OldPub Fresno 42,John Thomas,3330 Oak Blvd,Fresno,CA,95109,Fresno,(559) 560-3525,2022-01-06,2023-01-06
47-281072,47,On-Sale General - Restaurant,ACTIVE,Chophouse Corp,Matthew Brown,9159 Franklin Ln #289,Fresno,CA,93740,Fresno,(559) 715-7670,2016-09-11,2017-09-11
47-664410,47,On-Sale General - Restaurant,ACTIVE,OldBar & Grill Fresno 23,Anthony Lopez Smith,7244 Jefferson Way,Madera,CA,93923,Fresno,(559) 784-4982,2012-12-20,2013-12-20
47-284468,47,On-Sale General - Restaurant,ACTIVE,Lounge Fresno,Andrew Williams,3447 Maple Blvd #730,Fresno,CA,93380,Fresno,(559) 293-2468,2012-01-26,2013-01-26
47-409914,47,On-Sale General - Restaurant,ACTIVE,Chophouse Fresno Inc,Kenneth Davis,1226 Front Dr,Madera,CA,96189,Fresno,(559) 722-8810,2017-03-08,2018-03-08
47-245070,47,On-Sale General - Restaurant,ACTIVE,Brasserie,Michelle Davis,7423 Lincoln Way,Madera,CA,95049,Fresno,(559) 668-6943,2015-04-19,2016-04-19
47-353089,47,On-Sale General - Restaurant,ACTIVE,Lounge,David Smith,6435 Ocean St,Madera,CA,91856,Fresno,(559) 245-7119,2002-08-23,2003-08-23
47-316012,47,On-Sale General - Restaurant,ACTIVE,Bar & Grill Inc 30,Robert Martin,5763 Main Blvd #457,Fresno,CA,93737,Fresno,(559) 532-5837,2010-12-10,2011-12-10
47-298945,47,On-Sale General - Restaurant,ACTIVE,Tavern Corp,David Garcia,7423 6th Ct,Fresno,CA,95757,Fresno,(559) 861-2954,2005-06-27,2006-06-27
47-209471,47,On-Sale General - Restaurant,ACTIVE,Chophouse Fresno LLC 10,Kenneth Brown Davis,2886 Main Way #651,Clovis,CA,91656,Fresno,(559) 718-8012,2017-01-03,2018-01-03
47-501149,47,On-Sale General - Restaurant,ACTIVE,Bar Fresno Inc,Paul Brown Lopez,5962 2nd Blvd,Madera,CA,91973,Fresno,(559) 729-1166,2018-04-10,2019-04-10
47-758409,47,On-Sale General - Restaurant,ACTIVE,OldBar Group 17,Christopher Smith,5223 Mission St,Fresno,CA,92284,Fresno,(559) 510-8953,2003-07-07,2004-07-07
47-978093,47,On-Sale General - Restaurant,ACTIVE,Sports Bar,Jennifer Williams,8198 3rd Ave,Fresno,CA,94219,Fresno,(559) 659-1031,2006-09-16,2007-09-16
47-202378,47,On-Sale General - Restaurant,ACTIVE,Steakhouse Group,David Jackson,8122 Sunset St #118,Clovis,CA,91355,Fresno,(559) 815-7651,2018-10-08,2019-10-08
47-412571,47,On-Sale General - Restaurant,ACTIVE,Chophouse Inc,Christopher Gonzalez,7390 State Ct,Fresno,CA,93255,Fresno,(559) 652-9644,2014-01-18,2015-01-18
47-319494,47,On-Sale General - Restaurant,ACTIVE,Chophouse Fresno,Robert Miller,4764 Sunset Ct,Madera,CA,95405,Fresno,(559) 956-9417,2012-07-13,2013-07-13
47-775707,47,On-Sale General - Restaurant,ACTIVE,OldBrasserie 5,Maria Williams Johnson,6910 4th Pl #989,Fresno,CA,92819,Fresno,(559) 737-4151,2006-04-20,2007-04-20
47-443776,47,On-Sale General - Restaurant,ACTIVE,Bar & Grill,John Jones,8975 Market St #939,Madera,CA,90984,Fresno,(559) 628-5802,2018-01-04,2019-01-04
47-815978,47,On-Sale General - Restaurant,ACTIVE,OldLounge Company 96,Daniel Wilson Martinez,6476 2nd Ct,Fresno,CA,92442,Fresno,(559) 686-2970,2023-03-05,2024-03-05
47-525908,47,On-Sale General - Restaurant,ACTIVE,TheSteakhouse Fresno Hills 40,Matthew Davis,4147 4th St,Fresno,CA,91574,Fresno,(559) 384-6770,2024-01-18,2025-01-18
47-485703,47,On-Sale General - Restaurant,ACTIVE,OldSteakhouse LLC 43,Kenneth Anderson,2299 Hollywood St,Clovis,CA,93731,Fresno,(559) 811-2991,2019-10-18,2020-10-18
47-240980,47,On-Sale General - Restaurant,ACTIVE,NewBrasserie 23,Anthony Lopez Thomas,1393 Wilshire St,Clovis,CA,91701,Fresno,(559) 323-9425,2008-03-03,2009-03-03
47-854420,47,On-Sale General - Restaurant,ACTIVE,Brasserie Inc,Maria Jackson,8090 Hollywood St,Madera,CA,93045,Fresno,(559) 520-1109,2018-07-02,2019-07-02
47-840866,47,On-Sale General - Restaurant,ACTIVE,NewSports Bar Fresno Valley 63,Matthew Williams Miller,7606 Main Blvd #272,Fresno,CA,92607,Fresno,(559) 560-5327,2008-12-17,2009-12-17
47-333609,47,On-Sale General - Restaurant,ACTIVE,Lounge,John Williams,3173 Pico Pl,Fresno,CA,96041,Fresno,(559) 297-3351,2014-08-21,2015-08-21
47-650863,47,On-Sale General - Restaurant,ACTIVE,TheChophouse Clovis Heights 28,Anthony Jones Lopez,7896 5th Ct #617,Clovis,CA,90915,Fresno,(559) 887-8226,2003-06-03,2004-06-03
47-945911,47,On-Sale General - Restaurant,ACTIVE,Chophouse Clovis Co,William Wilson,970 Oak Blvd,Clovis,CA,91390,Fresno,(559) 839-8207,2009-12-19,2010-12-19
47-469355,47,On-Sale General - Restaurant,ACTIVE,Bar & Grill,Mark Jones Taylor,378 Market Ln #377,Madera,CA,93061,Fresno,(559) 258-3440,2017-10-20,2018-10-20
47-311043,47,On-Sale General - Restaurant,ACTIVE,TheSteakhouse Corp 12,William Taylor,4106 Franklin Ln,Fresno,CA,95906,Fresno,(559) 663-4180,2017-12-02,2018-12-02
47-374577,47,On-Sale General - Restaurant,ACTIVE,Chophouse Fresno Group,Mark Gonzalez,5146 State Rd,Madera,CA,91564,Fresno,(559) 855-2498,2023-08-16,2024-08-16
47-729994,47,On-Sale General - Restaurant,ACTIVE,Tavern,Kenneth Anderson,3267 Market St #232,Madera,CA,91525,Fresno,(559) 323-5777,2012-12-17,2013-12-17
47-739627,47,On-Sale General - Restaurant,ACTIVE,Brasserie Group,David Gonzalez,6818 Franklin Blvd,Clovis,CA,95630,Fresno,(559) 386-2896,2013-12-13,2014-12-13
47-867554,47,On-Sale General - Restaurant,ACTIVE,Sports Bar,Matthew Martinez,3353 Market Way,Clovis,CA,92545,Fresno,(559) 967-3092,2019-09-10,2020-09-10
47-301195,47,On-Sale General - Restaurant,ACTIVE,Bar & Grill Fresno Valley Co,David Garcia Lopez,2858 Lincoln Blvd,Fresno,CA,94642,Fresno,(559) 459-7200,2009-02-19,2010-02-19
47-730471,47,On-Sale General - Restaurant,ACTIVE,Chophouse Clovis Company,Andrew Miller,7966 Main Blvd,Clovis,CA,95447,Fresno,(559) 781-3480,2014-11-03,2015-11-03
47-571451,47,On-Sale General - Restaurant,ACTIVE,Chophouse,Michelle Taylor,284 6th Ln,Clovis,CA,91206,Fresno,(559) 891-3346,2016-10-26,2017-10-26
47-672747,47,On-Sale General - Restaurant,ACTIVE,Tavern Fresno,David Martinez,699 Front St,Clovis,CA,94342,Fresno,(559) 548-6544,2001-10-06,2002-10-06
47-470599,47,On-Sale General - Restaurant,ACTIVE,Lounge Co,Michael Rodriguez,1433 Oak Way,Fresno,CA,95474,Fresno,(559) 896-1864,2024-01-21,2025-01-21
47-386171,47,On-Sale General - Restaurant,ACTIVE,Chophouse Madera Hills,John Hernandez,5632 1st Dr,Madera,CA,94196,Fresno,(559) 565-4847,2010-03-14,2011-03-14
47-340175,47,On-Sale General - Restaurant,ACTIVE,Bar & Grill Fresno,Andrew Hernandez,4884 2nd Ave,Madera,CA,90145,Fresno,(559) 300-4206,2008-01-20,2009-01-20
47-494016,47,On-Sale General - Restaurant,ACTIVE,NewSports Bar 33,Matthew Moore,2077 6th Ln,Fresno,CA,93604,Fresno,(559) 872-3510,2001-06-27,2002-06-27
47-671348,47,On-Sale General - Restaurant,ACTIVE,Brasserie Madera Valley,William Martin,3100 Hollywood Rd,Madera,CA,91655,Fresno,(559) 790-3368,2022-04-17,2023-04-17
47-756005,47,On-Sale General - Restaurant,ACTIVE,Bar & Grill Clovis Valley,Matthew Gonzalez,5061 Market St,Clovis,CA,96106,Fresno,(559) 913-6731,2007-02-16,2008-02-16
47-602888,47,On-Sale General - Restaurant,ACTIVE,TheBar & Grill Fresno Co 28,Maria Martinez,2396 Mission Pl,Fresno,CA,91990,Fresno,(559) 852-3380,2022-02-03,2023-02-03
47-461154,47,On-Sale General - Restaurant,ACTIVE,OldBar & Grill Madera 79,David Johnson Johnson,9413 Hollywood Pl,Madera,CA,94496,Fresno,(559) 767-8138,2000-06-09,2001-06-09
47-129666,47,On-Sale General - Restaurant,ACTIVE,Pub Corp,Lisa Williams,160 State St #344,Clovis,CA,92187,Fresno,(559) 263-6064,2003-10-07,2004-10-07
47-538979,47,On-Sale General - Restaurant,ACTIVE,Bar Fresno Company 11,Andrew Hernandez Miller,979 Front Pl,Clovis,CA,91155,Fresno,(559) 240-9990,2013-10-15,2014-10-15
47-586725,47,On-Sale General - Restaurant,ACTIVE,Bar & Grill Fresno Company,David Rodriguez,4255 Pico Rd #335,Clovis,CA,94906,Fresno,(559) 731-1300,2016-03-28,2017-03-28
47-918318,47,On-Sale General - Restaurant,ACTIVE,Bar & Grill,Michael Jackson,1436 1st Ln #367,Clovis,CA,91946,Fresno,(559) 471-6925,2011-03-20,2012-03-20
47-751843,47,On-Sale General - Restaurant,ACTIVE,Steakhouse Madera Inc,Maria Johnson,3293 Sunset St,Madera,CA,96107,Fresno,(559) 272-2649,2011-11-02,2012-11-02
47-878568,47,On-Sale General - Restaurant,ACTIVE,TheSteakhouse LLC 8,David Martin,3698 3rd Ct,Clovis,CA,92045,Fresno,(559) 307-3639,2017-10-27,2018-10-27
47-367154,47,On-Sale General - Restaurant,ACTIVE,Lounge Clovis Group,David Rodriguez,8449 Sunset Ln,Clovis,CA,96175,Fresno,(559) 303-1136,2021-11-28,2022-11-28
47-290424,47,On-Sale General - Restaurant,ACTIVE,Chophouse Madera,Kenneth Garcia,5853 Lincoln Dr,Madera,CA,90595,Fresno,(559) 226-5153,2004-12-08,2005-12-08
47-991438,47,On-Sale General - Restaurant,ACTIVE,Lounge Clovis Company,James Garcia,6408 Sunset Rd,Clovis,CA,91383,Fresno,(559) 625-9278,2015-09-19,2016-09-19
47-589178,47,On-Sale General - Restaurant,ACTIVE,Brasserie Madera Group,James Johnson,1286 4th Dr,Madera,CA,94039,Fresno,(559) 843-1197,2024-10-18,2025-10-18
47-793951,47,On-Sale General - Restaurant,ACTIVE,NewChophouse Company 64,Matthew Gonzalez,6101 7th Pl,Madera,CA,91613,Fresno,(559) 967-4464,2019-11-13,2020-11-13
47-744068,47,On-Sale General - Restaurant,ACTIVE,Chophouse Fresno 48,Mark Brown,1572 6th Rd,Fresno,CA,92555,Fresno,(559) 688-9481,2006-06-21,2007-06-21
47-868189,47,On-Sale General - Restaurant,ACTIVE,Brasserie Fresno Heights,Maria Hernandez,1518 Ocean Dr #575,Fresno,CA,90896,Fresno,(559) 221-3321,2023-07-16,2024-07-16
47-464624,47,On-Sale General - Restaurant,ACTIVE,Tavern Fresno Inc,Michael Lopez Williams,4593 Market Blvd #717,Madera,CA,94039,Fresno,(559) 932-5047,2017-06-18,2018-06-18
47-245404,47,On-Sale General - Restaurant,ACTIVE,Lounge Clovis,Robert Hernandez Martin,5036 Market Pl,Clovis,CA,95080,Fresno,(559) 869-7322,2024-09-09,2025-09-09
47-653672,47,On-Sale General - Restaurant,ACTIVE,NewSteakhouse LLC 4,David Williams,728 Wilshire Pl,Clovis,CA,92562,Fresno,(559) 923-7776,2018-03-28,2019-03-28
47-955827,47,On-Sale General - Restaurant,ACTIVE,Lounge Fresno Corp,Lisa Hernandez Davis,9112 Broadway Ln #922,Clovis,CA,92179,Fresno,(559) 218-1225,2013-09-09,2014-09-09
47-525387,47,On-Sale General - Restaurant,ACTIVE,Chophouse Fresno Inc,Anthony Rodriguez,163 Broadway Ct,Fresno,CA,94643,Fresno,(559) 508-1287,2018-09-22,2019-09-22
47-246820,47,On-Sale General - Restaurant,ACTIVE,Pub Inc,William Hernandez,4732 5th Ln,Clovis,CA,94738,Fresno,(559) 974-9541,2004-07-01,2005-07-01
47-897847,47,On-Sale General - Restaurant,ACTIVE,Tavern Fresno Company 92,Robert Miller,7850 Mission Dr,Clovis,CA,92827,Fresno,(559) 626-9574,2024-11-08,2025-11-08
47-245433,47,On-Sale General - Restaurant,ACTIVE,Brasserie Fresno Inc,Matthew Martinez Garcia,4346 Mission Dr #298,Madera,CA,90711,Fresno,(559) 537-2630,2016-08-01,2017-08-01
47-932228,47,On-Sale General - Restaurant,ACTIVE,Pub Madera Heights Corp,William Wilson,6683 2nd Rd #646,Madera,CA,95814,Fresno,(559) 729-9169,2001-03-28,2002-03-28
47-449374,47,On-Sale General - Restaurant,ACTIVE,Lounge Group,James Johnson,5203 Washington St,Fresno,CA,91233,Fresno,(559) 774-1511,2012-02-10,2013-02-10
47-360993,47,On-Sale General - Restaurant,ACTIVE,TheLounge 87,Christopher Jackson,4032 Lincoln Way,Fresno,CA,90013,Fresno,(559) 613-9579,2015-05-19,2016-05-19
47-181823,47,On-Sale General - Restaurant,ACTIVE,Chophouse Company,Paul Davis,9772 6th Ct,Clovis,CA,91820,Fresno,(559) 619-2349,2019-04-14,2020-04-14
47-697244,47,On-Sale General - Restaurant,ACTIVE,Tavern,David Brown,586 3rd Ln,Clovis,CA,95272,Fresno,(559) 856-5941,2004-01-27,2005-01-27
47-672343,47,On-Sale General - Restaurant,ACTIVE,TheSteakhouse Corp 75,John Brown,6062 Oak Ln,Madera,CA,96151,Fresno,(559) 659-9530,2010-01-28,2011-01-28
47-933782,47,On-Sale General - Restaurant,ACTIVE,Chophouse Fresno Co,Paul Johnson,302 Franklin Ln,Fresno,CA,92989,Fresno,(559) 719-3115,2005-12-01,2006-12-01
47-592639,47,On-Sale General - Restaurant,ACTIVE,Bar Fresno,Daniel Rodriguez,9947 Pico Pl,Clovis,CA,94094,Fresno,(559) 424-5298,2004-01-17,2005-01-17
47-320434,47,On-Sale General - Restaurant,ACTIVE,TheTavern Inc 95,Robert Lopez,9398 5th Dr,Madera,CA,90919,Fresno,(559) 880-6133,2005-01-09,2006-01-09
47-411595,47,On-Sale General - Restaurant,ACTIVE,Bar & Grill LLC,Christopher Jackson,4867 Main Ct #246,Fresno,CA,92237,Fresno,(559) 243-2349,2005-04-01,2006-04-01
47-359994,47,On-Sale General - Restaurant,ACTIVE,Brasserie Madera,Christopher Johnson,9122 State Pl,Madera,CA,95149,Fresno,(559) 851-1082,2011-11-02,2012-11-02
47-830493,47,On-Sale General - Restaurant,ACTIVE,Steakhouse LLC,Paul Wilson,5505 Ocean Ave #556,Clovis,CA,93066,Fresno,(559) 908-8774,2009-02-24,2010-02-24
47-469908,47,On-Sale General - Restaurant,ACTIVE,Steakhouse Fresno,Paul Jackson,7511 6th Ln #761,Fresno,CA,90247,Fresno,(559) 271-2451,2000-12-28,2001-12-28
47-715829,47,On-Sale General - Restaurant,ACTIVE,Sports Bar Fresno,Maria Johnson,9727 1st Ave,Fresno,CA,94671,Fresno,(559) 614-4274,2018-06-20,2019-06-20
47-298660,47,On-Sale General - Restaurant,ACTIVE,Tavern Madera Co,Christopher Martinez,1333 5th Ct,Madera,CA,91830,Fresno,(559) 236-8716,2019-02-13,2020-02-13
47-503972,47,On-Sale General - Restaurant,ACTIVE,Brasserie Madera Inc,Anthony Williams Thomas,1277 Market Ct,Madera,CA,90381,Fresno,(559) 746-6482,2011-05-23,2012-05-23
47-214551,47,On-Sale General - Restaurant,ACTIVE,Tavern Clovis Group,Maria Smith Williams,9992 2nd Ln #862,Clovis,CA,90543,Fresno,(559) 566-1555,2002-01-08,2003-01-08
47-219249,47,On-Sale General - Restaurant,ACTIVE,Lounge Madera,James Johnson,101 Lincoln Ave,Madera,CA,95670,Fresno,(559) 993-6138,2005-10-15,2006-10-15
47-379275,47,On-Sale General - Restaurant,ACTIVE,Tavern,William Brown Martinez,3111 Washington Way #895,Fresno,CA,94782,Fresno,(559) 759-6998,2000-07-05,2001-07-05
47-529280,47,On-Sale General - Restaurant,ACTIVE,NewSports Bar Corp 36,Daniel Anderson,5119 Pico Ct,Fresno,CA,93538,Fresno,(559) 260-3922,2017-03-14,2018-03-14
47-952423,47,On-Sale General - Restaurant,ACTIVE,TheTavern Group 9,Robert Jones,6234 Washington St #749,Clovis,CA,94093,Fresno,(559) 290-4106,2009-08-09,2010-08-09
47-772516,47,On-Sale General - Restaurant,ACTIVE,NewSports Bar Fresno Valley Corp 97,Lisa Martin,5637 Sunset St,Fresno,CA,94689,Fresno,(559) 254-9458,2018-04-19,2019-04-19
47-731875,47,On-Sale General - Restaurant,ACTIVE,Pub Fresno,Christopher Martin,4330 Maple Rd,Fresno,CA,94669,Fresno,(559) 426-8637,2016-05-10,2017-05-10
47-973232,47,On-Sale General - Restaurant,ACTIVE,TheBar & Grill Company 74,Daniel Brown,6064 Broadway Rd,Clovis,CA,94446,Fresno,(559) 506-9650,2015-08-12,2016-08-12
47-583417,47,On-Sale General - Restaurant,ACTIVE,Lounge Company,Jennifer Jackson,6435 Mission Rd,Fresno,CA,95764,Fresno,(559) 434-6784,2009-07-08,2010-07-08
47-124413,47,On-Sale General - Restaurant,ACTIVE,Bar & Grill Fresno,Paul Rodriguez Taylor,2393 Front Ln,Fresno,CA,94075,Fresno,(559) 669-8909,2000-07-02,2001-07-02
47-723124,47,On-Sale General - Restaurant,ACTIVE,Bar,William Garcia,1617 Madison Ct,Madera,CA,90844,Fresno,(559) 325-4292,2010-11-25,2011-11-25
47-948968,47,On-Sale General - Restaurant,ACTIVE,Chophouse Fresno Group 20,Steven Rodriguez Jackson,7940 Pico Pl #994,Fresno,CA,96017,Fresno,(559) 912-2435,2021-06-12,2022-06-12
47-260778,47,On-Sale General - Restaurant,ACTIVE,Chophouse,Matthew Thomas Rodriguez,3398 Market Ct,Clovis,CA,93304,Fresno,(559) 806-2655,2001-03-02,2002-03-02
47-771956,47,On-Sale General - Restaurant,ACTIVE,Chophouse Inc,Maria Martin,1873 6th Dr,Clovis,CA,92619,Fresno,(559) 310-1833,2004-11-22,2005-11-22
47-741922,47,On-Sale General - Restaurant,ACTIVE,Tavern Clovis,Maria Davis,7196 Sunset Ave #480,Clovis,CA,95577,Fresno,(559) 683-8245,2001-01-25,2002-01-25
47-781787,47,On-Sale General - Restaurant,ACTIVE,Bar,Michelle Martin,1208 Mission Ct #202,Madera,CA,91431,Fresno,(559) 530-9734,2019-08-21,2020-08-21
47-589924,47,On-Sale General - Restaurant,ACTIVE,Chophouse Madera Heights Corp,William Smith Moore,7306 Jefferson Way,Madera,CA,91475,Fresno,(559) 719-2517,2002-11-01,2003-11-01
47-491228,47,On-Sale General - Restaurant,ACTIVE,Bar & Grill,Matthew Davis,6656 State Ave,Madera,CA,94735,Fresno,(559) 955-1391,2015-04-01,2016-04-01
47-660612,47,On-Sale General - Restaurant,ACTIVE,NewChophouse Fresno Hills Company 63,Michael Moore,1232 Ocean Ct,Fresno,CA,93774,Fresno,(559) 259-1057,2022-01-11,2023-01-11
47-431166,47,On-Sale General - Restaurant,ACTIVE,Steakhouse Fresno,James Wilson,3834 4th Ln #305,Fresno,CA,92129,Fresno,(559) 909-9222,2006-08-13,2007-08-13
47-129140,47,On-Sale General - Restaurant,ACTIVE,Pub Group 44,Daniel Moore,3492 Maple Dr,Fresno,CA,90482,Fresno,(559) 273-7199,2021-11-28,2022-11-28
47-396899,47,On-Sale General - Restaurant,ACTIVE,TheSports Bar LLC 33,Christopher Hernandez,8875 4th Blvd #723,Clovis,CA,90899,Fresno,(559) 267-6271,2022-10-13,2023-10-13
47-274147,47,On-Sale General - Restaurant,ACTIVE,Steakhouse Madera Hills,Andrew Gonzalez,7601 2nd St #556,Madera,CA,94642,Fresno,(559) 316-6102,2018-11-02,2019-11-02
47-401116,47,On-Sale General - Restaurant,ACTIVE,OldBrasserie Fresno 42,Jennifer Martin,5049 3rd Blvd,Clovis,CA,95837,Fresno,(559) 698-3503,2017-02-14,2018-02-14
47-531816,47,On-Sale General - Restaurant,ACTIVE,Steakhouse Madera,Daniel Jackson,581 Front St,Madera,CA,91611,Fresno,(559) 716-4842,2006-01-21,2007-01-21
47-588505,47,On-Sale General - Restaurant,ACTIVE,Tavern,Robert Rodriguez,6782 5th Blvd #693,Fresno,CA,93384,Fresno,(559) 867-9410,2016-01-08,2017-01-08
47-686518,47,On-Sale General - Restaurant,ACTIVE,TheBar & Grill Clovis Valley 4,Michael Martinez,2890 State Dr,Clovis,CA,93894,Fresno,(559) 349-4568,2003-12-15,2004-12-15
47-632709,47,On-Sale General - Restaurant,ACTIVE,Sports Bar Co,Michelle Lopez,4965 Ocean Ln,Madera,CA,90757,Fresno,(559) 976-8233,2018-12-19,2019-12-19
47-423629,47,On-Sale General - Restaurant,ACTIVE,Brasserie Madera Valley,Mark Thomas Martin,1610 4th Ave #346,Madera,CA,93731,Fresno,(559) 685-3384,2016-07-07,2017-07-07
47-869048,47,On-Sale General - Restaurant,ACTIVE,Sports Bar,David Moore,4158 Maple Ave,Fresno,CA,95075,Fresno,(559) 611-4224,2010-02-13,2011-02-13
47-357743,47,On-Sale General - Restaurant,ACTIVE,Sports Bar Fresno Heights Co,Michelle Smith,7886 Hollywood Blvd,Fresno,CA,94597,Fresno,(559) 401-7076,2011-11-28,2012-11-28
47-134331,47,On-Sale General - Restaurant,ACTIVE,Tavern Co,David Jones,2997 Jefferson St,Clovis,CA,92531,Fresno,(559) 429-9787,2020-07-12,2021-07-12
47-580357,47,On-Sale General - Restaurant,ACTIVE,Sports Bar,Maria Jones,9742 Franklin Dr,Fresno,CA,94990,Fresno,(559) 810-8088,2023-07-06,2024-07-06
47-326090,47,On-Sale General - Restaurant,ACTIVE,Sports Bar,Maria Johnson,9878 Market Ave,Fresno,CA,96094,Fresno,(559) 329-1276,2003-02-12,2004-02-12
47-945999,47,On-Sale General - Restaurant,ACTIVE,Lounge Corp,Christopher Jackson,4331 Main Blvd #216,Clovis,CA,92624,Fresno,(559) 335-8811,2023-11-04,2024-11-04
47-608652,47,On-Sale General - Restaurant,ACTIVE,NewChophouse Fresno 60,Mark Martinez,7780 4th Ln,Fresno,CA,90670,Fresno,(559) 573-6536,2017-06-19,2018-06-19
47-825134,47,On-Sale General - Restaurant,ACTIVE,TheSteakhouse LLC 55,Christopher Smith,4828 Main Rd #389,Madera,CA,90053,Fresno,(559) 313-3790,2018-02-21,2019-02-21
47-322933,47,On-Sale General - Restaurant,ACTIVE,Chophouse Madera,John Garcia,5075 Washington Pl,Madera,CA,92257,Fresno,(559) 319-9460,2024-07-27,2025-07-27
47-277940,47,On-Sale General - Restaurant,ACTIVE,Lounge LLC,Anthony Johnson,3492 Mission St,Clovis,CA,93928,Fresno,(559) 832-5691,2007-05-08,2008-05-08
47-759441,47,On-Sale General - Restaurant,ACTIVE,Pub,Michelle Martin,378 Sunset Ct #799,Fresno,CA,90791,Fresno,(559) 726-5921,2005-12-10,2006-12-10
47-280692,47,On-Sale General - Restaurant,ACTIVE,NewBar Clovis LLC 8,William Hernandez,9178 Mission Dr,Clovis,CA,93218,Fresno,(559) 820-2942,2004-11-28,2005-11-28
47-515138,47,On-Sale General - Restaurant,ACTIVE,Lounge Clovis LLC,Christopher Miller,2903 Sunset Ln,Clovis,CA,94044,Fresno,(559) 925-3445,2013-10-02,2014-10-02
47-907392,47,On-Sale General - Restaurant,ACTIVE,Sports Bar Madera,Kenneth Martinez Johnson,7798 Broadway Way,Madera,CA,91527,Fresno,(559) 503-9141,2024-06-19,2025-06-19
47-445235,47,On-Sale General - Restaurant,ACTIVE,NewBar & Grill Fresno 4,Steven Anderson,8323 7th Ave,Fresno,CA,95683,Fresno,(559) 380-8137,2012-01-18,2013-01-18
47-892108,47,On-Sale General - Restaurant,ACTIVE,OldChophouse Inc 11,Michelle Anderson,5096 1st Ln,Madera,CA,90677,Fresno,(559) 376-6956,2018-01-19,2019-01-19
47-180254,47,On-Sale General - Restaurant,ACTIVE,Steakhouse Group,Mark Jones,9396 5th Ln,Madera,CA,90433,Fresno,(559) 787-7044,2004-04-14,2005-04-14
47-819082,47,On-Sale General - Restaurant,ACTIVE,Chophouse Fresno,Robert Garcia,5388 Madison St #315,Fresno,CA,91145,Fresno,(559) 480-9864,2023-06-11,2024-06-11
47-108926,47,On-Sale General - Restaurant,ACTIVE,OldSteakhouse Fresno Inc 62,Matthew Hernandez Thomas,2754 4th St,Clovis,CA,95267,Fresno,(559) 805-5248,2008-08-05,2009-08-05
47-416380,47,On-Sale General - Restaurant,ACTIVE,Pub Fresno Corp,Robert Davis,1964 2nd Way,Clovis,CA,95269,Fresno,(559) 993-5242,2015-02-07,2016-02-07
47-682214,47,On-Sale General - Restaurant,ACTIVE,Chophouse Fresno,David Williams,7051 Maple Dr,Fresno,CA,91546,Fresno,(559) 669-2917,2013-01-07,2014-01-07
47-208202,47,On-Sale General - Restaurant,ACTIVE,Chophouse Madera,Robert Lopez,5551 Market Ct #959,Madera,CA,90503,Fresno,(559) 984-4201,2020-05-01,2021-05-01
47-691315,47,On-Sale General - Restaurant,ACTIVE,Bar & Grill Inc,Maria Jackson,5060 Front Dr,Fresno,CA,95799,Fresno,(559) 572-3625,2008-05-20,2009-05-20
47-231128,47,On-Sale General - Restaurant,ACTIVE,NewChophouse Clovis Hills Corp 14,William Moore,7840 Ocean Rd #127,Clovis,CA,96149,Fresno,(559) 835-8210,2010-12-26,2011-12-26
47-672452,47,On-Sale General - Restaurant,ACTIVE,Sports Bar Company,James Williams,4713 Madison St,Madera,CA,92278,Fresno,(559) 474-3748,2017-02-16,2018-02-16
47-397700,47,On-Sale General - Restaurant,ACTIVE,Chophouse LLC,Andrew Smith Garcia,6204 Sunset Way,Madera,CA,90575,Fresno,(559) 465-9277,2019-07-23,2020-07-23
47-751149,47,On-Sale General - Restaurant,ACTIVE,Chophouse Fresno Company,Steven Williams,264 Maple Ln,Clovis,CA,94602,Fresno,(559) 753-2744,2005-09-13,2006-09-13
47-137776,47,On-Sale General - Restaurant,ACTIVE,OldSports Bar Madera Heights Inc 99,Michelle Jackson Garcia,9117 Mission St #898,Madera,CA,94804,Fresno,(559) 380-8876,2004-10-10,2005-10-10
47-406808,47,On-Sale General - Restaurant,ACTIVE,Pub Fresno,Maria Martin Martin,7431 2nd Pl #892,Fresno,CA,93233,Fresno,(559) 347-1802,2001-09-09,2002-09-09
47-840224,47,On-Sale General - Restaurant,ACTIVE,Lounge Fresno,Matthew Martinez,4574 1st St,Fresno,CA,94768,Fresno,(559) 787-8080,2000-02-10,2001-02-10
47-863189,47,On-Sale General - Restaurant,ACTIVE,Pub Clovis Valley,Michelle Garcia,4895 5th Blvd,Clovis,CA,92831,Fresno,(559) 445-1804,2005-05-01,2006-05-01
47-696739,47,On-Sale General - Restaurant,ACTIVE,Pub Inc,Andrew Smith,4190 Jefferson Ct,Fresno,CA,91695,Fresno,(559) 484-3415,2023-10-23,2024-10-23
47-488443,47,On-Sale General - Restaurant,ACTIVE,Chophouse Corp,Maria Martin,6985 Broadway Pl,Madera,CA,95492,Fresno,(559) 879-5201,2002-08-18,2003-08-18
47-126003,47,On-Sale General - Restaurant,ACTIVE,Chophouse Fresno Group,Robert Williams,4089 Jefferson St #894,Fresno,CA,94706,Fresno,(559) 265-8495,2003-11-23,2004-11-23
47-279185,47,On-Sale General - Restaurant,ACTIVE,OldSteakhouse LLC 48,Anthony Davis,1073 Hollywood Rd #598,Clovis,CA,95079,Fresno,(559) 799-3807,2024-02-10,2025-02-10
47-184777,47,On-Sale General - Restaurant,ACTIVE,Bar Clovis Corp,Andrew Wilson Smith,2996 1st St,Clovis,CA,94879,Fresno,(559) 239-6528,2002-06-15,2003-06-15
47-353850,47,On-Sale General - Restaurant,ACTIVE,NewTavern Co 62,Michael Jackson,5486 Wilshire St #596,Clovis,CA,93302,Fresno,(559) 813-5357,2007-04-15,2008-04-15
47-649873,47,On-Sale General - Restaurant,ACTIVE,Lounge Group,Anthony Smith,288 7th Ct,Clovis,CA,93685,Fresno,(559) 919-9601,2022-12-21,2023-12-21
47-318812,47,On-Sale General - Restaurant,ACTIVE,Bar & Grill Fresno Company,Jennifer Gonzalez,3077 4th Ln #340,Madera,CA,91289,Fresno,(559) 784-6944,2019-01-07,2020-01-07
47-933982,47,On-Sale General - Restaurant,ACTIVE,OldLounge Fresno 45,Christopher Martinez Miller,1194 Hollywood Rd #743,Fresno,CA,92913,Fresno,(559) 290-2561,2019-06-19,2020-06-19
47-869796,47,On-Sale General - Restaurant,ACTIVE,Lounge Inc,Michelle Gonzalez,9029 Jefferson Pl,Clovis,CA,92827,Fresno,(559) 452-6597,2023-09-17,2024-09-17
47-969708,47,On-Sale General - Restaurant,ACTIVE,Bar & Grill 19,James Taylor Thomas,4514 State Ln,Clovis,CA,96118,Fresno,(559) 369-8937,2007-11-12,2008-11-12
47-324595,47,On-Sale General - Restaurant,ACTIVE,OldChophouse 62,Maria Gonzalez Moore,8794 Ocean Ave #729,Madera,CA,94922,Fresno,(559) 623-2326,2011-08-01,2012-08-01
47-289169,47,On-Sale General - Restaurant,ACTIVE,Bar & Grill Fresno,Robert Lopez,9815 1st Ct #276,Madera,CA,90073,Fresno,(559) 865-5976,2023-03-25,2024-03-25
47-462038,47,On-Sale General - Restaurant,ACTIVE,Steakhouse,Paul Martin Brown,5144 Hollywood Dr #537,Madera,CA,92552,Fresno,(559) 622-7538,2008-05-26,2009-05-26
47-251231,47,On-Sale General - Restaurant,ACTIVE,NewTavern Clovis 16,Lisa Hernandez,1728 Jefferson Ave #365,Clovis,CA,92642,Fresno,(559) 536-3400,2019-08-13,2020-08-13
47-602701,47,On-Sale General - Restaurant,ACTIVE,Steakhouse,Mark Thomas,6077 Front Pl #755,Madera,CA,91848,Fresno,(559) 722-8751,2023-07-15,2024-07-15
47-234248,47,On-Sale General - Restaurant,ACTIVE,OldSteakhouse Fresno Group 93,Steven Jones,2176 4th Blvd,Madera,CA,94718,Fresno,(559) 501-4355,2001-01-25,2002-01-25
47-871421,47,On-Sale General - Restaurant,ACTIVE,Pub Fresno,Jennifer Davis Anderson,2905 7th Pl #434,Fresno,CA,95604,Fresno,(559) 225-6881,2003-03-27,2004-03-27
47-975039,47,On-Sale General - Restaurant,ACTIVE,Tavern Madera,David Anderson,2317 Main Ct,Madera,CA,94997,Fresno,(559) 837-9522,2004-11-06,2005-11-06
47-335292,47,On-Sale General - Restaurant,ACTIVE,Bar & Grill Company,Steven Garcia,3792 6th Blvd,Fresno,CA,93171,Fresno,(559) 970-6971,2012-01-08,2013-01-08
47-369547,47,On-Sale General - Restaurant,ACTIVE,Bar & Grill,Jennifer Lopez,1722 5th Rd,Madera,CA,92300,Fresno,(559) 369-8078,2015-11-17,2016-11-17
47-428983,47,On-Sale General - Restaurant,ACTIVE,TheSports Bar Corp 91,David Jackson Johnson,9417 Wilshire Rd,Madera,CA,92467,Fresno,(559) 861-8811,2017-04-14,2018-04-14
47-991179,47,On-Sale General - Restaurant,ACTIVE,TheChophouse Co 94,Mark Gonzalez,7802 Maple St #845,Madera,CA,91621,Fresno,(559) 606-5248,2000-01-03,2001-01-03
47-160620,47,On-Sale General - Restaurant,ACTIVE,Pub Fresno,Kenneth Lopez,7315 1st Ave,Fresno,CA,91977,Fresno,(559) 647-5382,2004-11-24,2005-11-24
47-304139,47,On-Sale General - Restaurant,ACTIVE,Bar Fresno,Paul Taylor Johnson,5271 Pico Ct,Clovis,CA,92420,Fresno,(559) 570-9122,2010-09-23,2011-09-23
47-953819,47,On-Sale General - Restaurant,ACTIVE,Tavern Group,Paul Moore,2204 2nd St,Clovis,CA,91718,Fresno,(559) 331-1300,2012-06-17,2013-06-17
47-106008,47,On-Sale General - Restaurant,ACTIVE,NewBar & Grill 13,David Garcia,7817 Mission Rd #421,Fresno,CA,90786,Fresno,(559) 501-7480,2005-03-16,2006-03-16
47-589395,47,On-Sale General - Restaurant,ACTIVE,TheSteakhouse 87,Steven Williams Moore,6684 Hollywood Blvd #630,Clovis,CA,94506,Fresno,(559) 657-5034,2014-05-01,2015-05-01
47-135939,47,On-Sale General - Restaurant,ACTIVE,Tavern 16,Maria Brown,5043 4th Ave,Madera,CA,94696,Fresno,(559) 411-2817,2021-01-14,2022-01-14
47-822089,47,On-Sale General - Restaurant,ACTIVE,OldTavern Group 7,Steven Moore,7351 2nd Rd #812,Fresno,CA,94591,Fresno,(559) 767-2043,2020-05-23,2021-05-23
47-769270,47,On-Sale General - Restaurant,ACTIVE,Tavern Fresno Inc,William Anderson,3648 Market Way,Fresno,CA,94729,Fresno,(559) 710-8655,2009-10-27,2010-10-27
47-614844,47,On-Sale General - Restaurant,ACTIVE,Steakhouse Clovis Valley,Robert Taylor,2451 2nd Dr,Clovis,CA,91430,Fresno,(559) 976-9067,2019-08-05,2020-08-05
47-734741,47,On-Sale General - Restaurant,ACTIVE,NewBar & Grill LLC 62,Matthew Moore,9911 Main Way,Fresno,CA,95168,Fresno,(559) 917-1543,2009-08-02,2010-08-02
47-379777,47,On-Sale General - Restaurant,ACTIVE,Bar Fresno Company,Mark Williams,1265 Main Rd,Madera,CA,93491,Fresno,(559) 347-5006,2003-05-05,2004-05-05
47-898964,47,On-Sale General - Restaurant,ACTIVE,OldBar & Grill 83,Maria Miller Gonzalez,2303 State Rd,Clovis,CA,93549,Fresno,(559) 720-3526,2005-12-17,2006-12-17
47-919722,47,On-Sale General - Restaurant,ACTIVE,Chophouse Clovis Inc,Michelle Martinez,9198 Maple Rd #588,Clovis,CA,92556,Fresno,(559) 814-3359,2015-09-14,2016-09-14
47-413484,47,On-Sale General - Restaurant,ACTIVE,Sports Bar Clovis Co,Jennifer Jackson,1820 Market Rd #406,Clovis,CA,93182,Fresno,(559) 512-2950,2024-01-23,2025-01-23
47-806242,47,On-Sale General - Restaurant,ACTIVE,Chophouse,John Wilson,3294 Washington Dr #134,Madera,CA,91342,Fresno,(559) 333-2078,2007-08-07,2008-08-07
47-734147,47,On-Sale General - Restaurant,ACTIVE,Steakhouse Madera Heights,Matthew Jackson,3799 Wilshire St,Madera,CA,93427,Fresno,(559) 993-6599,2024-09-18,2025-09-18
47-541178,47,On-Sale General - Restaurant,ACTIVE,OldLounge Madera Valley 65,Maria Lopez,7479 Maple Rd,Madera,CA,95885,Fresno,(559) 483-8427,2024-01-11,2025-01-11
47-852111,47,On-Sale General - Restaurant,ACTIVE,Lounge Inc 8,Mark Smith,298 Mission Rd,Madera,CA,93438,Fresno,(559) 756-7100,2007-10-01,2008-10-01
47-308664,47,On-Sale General - Restaurant,ACTIVE,Bar Madera,Michelle Taylor Thomas,2058 Jefferson Way,Madera,CA,94002,Fresno,(559) 417-9454,2014-10-23,2015-10-23
47-533661,47,On-Sale General - Restaurant,ACTIVE,Tavern,Michael Lopez,9883 3rd Blvd,Madera,CA,92218,Fresno,(559) 327-4263,2006-01-10,2007-01-10
47-783229,47,On-Sale General - Restaurant,ACTIVE,Steakhouse,Michael Martin,6241 Ocean Way #495,Madera,CA,90244,Fresno,(559) 541-5138,2004-11-25,2005-11-25
47-393231,47,On-Sale General - Restaurant,ACTIVE,Tavern Fresno Inc,William Brown,8371 Jefferson Blvd,Clovis,CA,90280,Fresno,(559) 944-8241,2012-10-06,2013-10-06
47-463525,47,On-Sale General - Restaurant,ACTIVE,OldBar & Grill Group 52,Anthony Wilson,9216 2nd Ct,Madera,CA,93030,Fresno,(559) 727-5308,2007-12-13,2008-12-13
47-994236,47,On-Sale General - Restaurant,ACTIVE,Lounge Group,William Davis,1846 Broadway Ave,Madera,CA,90776,Fresno,(559) 272-7447,2008-07-21,2009-07-21
47-316851,47,On-Sale General - Restaurant,ACTIVE,Chophouse Fresno,Jennifer Johnson,2769 6th St,Fresno,CA,91695,Fresno,(559) 295-7451,2005-01-03,2006-01-03
47-144300,47,On-Sale General - Restaurant,ACTIVE,Brasserie Madera Valley Co,Maria Anderson,9358 Mission Pl,Madera,CA,91696,Fresno,(559) 345-9436,2006-05-24,2007-05-24
47-887906,47,On-Sale General - Restaurant,ACTIVE,Bar LLC,Andrew Martinez,4261 1st St,Clovis,CA,96139,Fresno,(559) 873-8981,2024-07-01,2025-07-01
47-760620,47,On-Sale General - Restaurant,ACTIVE,TheBrasserie Fresno Group 81,Kenneth Rodriguez,3099 Washington St,Fresno,CA,94459,Fresno,(559) 994-9832,2023-09-28,2024-09-28
47-534826,47,On-Sale General - Restaurant,ACTIVE,Steakhouse Fresno,Lisa Moore,9849 Mission Ct,Fresno,CA,90922,Fresno,(559) 577-3215,2011-03-06,2012-03-06
47-584846,47,On-Sale General - Restaurant,ACTIVE,Lounge Fresno Company,Michelle Martin,9199 Maple Rd,Madera,CA,92332,Fresno,(559) 965-4855,2015-02-16,2016-02-16
47-294366,47,On-Sale General - Restaurant,ACTIVE,Bar Clovis,Matthew Rodriguez,2181 Broadway Blvd,Clovis,CA,94708,Fresno,(559) 811-5723,2011-01-05,2012-01-05
47-733628,47,On-Sale General - Restaurant,ACTIVE,TheSteakhouse Clovis 11,Maria Brown,7732 6th Ave #152,Clovis,CA,96050,Fresno,(559) 371-1930,2013-10-24,2014-10-24
47-319396,47,On-Sale General - Restaurant,ACTIVE,OldSports Bar Fresno Inc 22,Christopher Smith,3142 Madison Ln #734,Fresno,CA,95193,Fresno,(559) 561-2088,2013-10-23,2014-10-23
47-367052,47,On-Sale General - Restaurant,ACTIVE,Lounge,James Anderson,5654 6th St,Fresno,CA,90708,Fresno,(559) 766-9738,2004-05-16,2005-05-16
47-700339,47,On-Sale General - Restaurant,ACTIVE,Sports Bar Madera,Steven Williams Hernandez,4761 Broadway Rd,Madera,CA,92583,Fresno,(559) 484-9381,2002-09-21,2003-09-21
47-249595,47,On-Sale General - Restaurant,ACTIVE,Pub Fresno LLC,Maria Moore,6348 Mission Pl,Madera,CA,93581,Fresno,(559) 872-7175,2007-06-25,2008-06-25
47-964145,47,On-Sale General - Restaurant,ACTIVE,Chophouse,James Williams,6269 Pico Pl #245,Clovis,CA,93412,Fresno,(559) 988-1293,2023-02-07,2024-02-07
47-508814,47,On-Sale General - Restaurant,ACTIVE,Chophouse 31,Lisa Smith,1903 Oak Dr,Madera,CA,91901,Fresno,(559) 747-7967,2019-05-23,2020-05-23
47-138843,47,On-Sale General - Restaurant,ACTIVE,OldPub Fresno 24,Michelle Williams,7175 Front St,Fresno,CA,94763,Fresno,(559) 242-2352,2017-10-10,2018-10-10
47-362648,47,On-Sale General - Restaurant,ACTIVE,Chophouse Fresno,Paul Jones,5648 Main Dr,Madera,CA,93864,Fresno,(559) 823-3030,2024-10-21,2025-10-21
47-348627,47,On-Sale General - Restaurant,ACTIVE,OldTavern 77,Andrew Wilson,1769 Wilshire Pl,Clovis,CA,92347,Fresno,(559) 937-8989,2021-01-19,2022-01-19
47-751671,47,On-Sale General - Restaurant,ACTIVE,Brasserie,Michael Martin,5939 Jefferson St #694,Clovis,CA,90273,Fresno,(559) 976-2918,2023-02-12,2024-02-12
47-231597,47,On-Sale General - Restaurant,ACTIVE,OldBar & Grill Madera Inc 76,Kenneth Smith,9030 Jefferson Blvd,Madera,CA,95732,Fresno,(559) 774-7638,2013-08-28,2014-08-28
47-509491,47,On-Sale General - Restaurant,ACTIVE,Bar & Grill Fresno,John Thomas,5159 Maple Pl #674,Fresno,CA,91742,Fresno,(559) 621-1047,2013-08-24,2014-08-24
47-645957,47,On-Sale General - Restaurant,ACTIVE,NewPub Clovis Hills 60,Andrew Jones,8418 Lincoln Ln,Clovis,CA,93836,Fresno,(559) 204-6757,2014-02-06,2015-02-06
47-386438,47,On-Sale General - Restaurant,ACTIVE,Pub,Anthony Thomas,2637 Front Ln #103,Madera,CA,91037,Fresno,(559) 325-2522,2003-01-13,2004-01-13
47-574462,47,On-Sale General - Restaurant,ACTIVE,TheBar & Grill 66,Mark Lopez,2735 Washington Blvd,Fresno,CA,92250,Fresno,(559) 758-6310,2010-01-10,2011-01-10
47-624977,47,On-Sale General - Restaurant,ACTIVE,Bar,John Moore Hernandez,1771 7th St,Fresno,CA,90859,Fresno,(559) 967-7244,2006-11-20,2007-11-20
47-538186,47,On-Sale General - Restaurant,ACTIVE,Steakhouse Madera Heights LLC,Mark Lopez,3085 4th Ave,Madera,CA,94417,Fresno,(559) 387-8022,2008-10-02,2009-10-02
47-868806,47,On-Sale General - Restaurant,ACTIVE,Brasserie Clovis,Mark Martinez,8749 Jefferson Ln,Clovis,CA,90793,Fresno,(559) 875-3303,2010-01-17,2011-01-17
47-626394,47,On-Sale General - Restaurant,ACTIVE,Tavern Fresno Company,Daniel Smith,8779 Main Way,Fresno,CA,94261,Fresno,(559) 263-5002,2001-03-23,2002-03-23
47-770434,47,On-Sale General - Restaurant,ACTIVE,Bar & Grill Fresno Company,Paul Garcia,1251 Lincoln Ln #755,Fresno,CA,95782,Fresno,(559) 546-7685,2017-04-10,2018-04-10
47-947812,47,On-Sale General - Restaurant,ACTIVE,Bar Clovis Hills,Matthew Smith,4736 7th Dr,Clovis,CA,94023,Fresno,(559) 583-8002,2023-08-16,2024-08-16
47-825128,47,On-Sale General - Restaurant,ACTIVE,Chophouse LLC,Maria Garcia,5519 Lincoln Rd,Fresno,CA,92846,Fresno,(559) 938-2797,2002-12-06,2003-12-06
47-823873,47,On-Sale General - Restaurant,ACTIVE,Bar & Grill Company,Christopher Johnson Anderson,8194 Front Pl,Fresno,CA,90414,Fresno,(559) 876-9091,2004-04-22,2005-04-22
47-656292,47,On-Sale General - Restaurant,ACTIVE,OldBar & Grill Fresno LLC 4,Anthony Gonzalez Rodriguez,6310 Oak Ave,Clovis,CA,90613,Fresno,(559) 979-8045,2022-06-18,2023-06-18
47-825799,47,On-Sale General - Restaurant,ACTIVE,Bar 1,Christopher Martinez,3178 Washington Blvd,Clovis,CA,93017,Fresno,(559) 473-4477,2000-08-19,2001-08-19
47-444423,47,On-Sale General - Restaurant,ACTIVE,Steakhouse Madera Hills Corp,James Jones,3009 Maple Blvd #479,Madera,CA,90400,Fresno,(559) 310-5944,2021-10-07,2022-10-07
47-466797,47,On-Sale General - Restaurant,ACTIVE,Brasserie,Michelle Gonzalez,9156 Ocean Dr,Fresno,CA,93189,Fresno,(559) 850-9917,2001-03-13,2002-03-13
47-610136,47,On-Sale General - Restaurant,ACTIVE,Chophouse,Michael Taylor,714 Oak Ct #404,Fresno,CA,93129,Fresno,(559) 568-6872,2010-07-13,2011-07-13
47-283429,47,On-Sale General - Restaurant,ACTIVE,Sports Bar,Paul Hernandez,6684 Main Ave,Clovis,CA,91377,Fresno,(559) 766-9047,2010-02-23,2011-02-23
47-754838,47,On-Sale General - Restaurant,ACTIVE,Brasserie Fresno Group,Kenneth Thomas,8417 3rd Ln,Fresno,CA,93718,Fresno,(559) 402-4748,2008-06-05,2009-06-05
47-987145,47,On-Sale General - Restaurant,ACTIVE,OldLounge Clovis 31,James Garcia,8808 1st Ln,Clovis,CA,93425,Fresno,(559) 360-5940,2020-09-10,2021-09-10
47-532955,47,On-Sale General - Restaurant,ACTIVE,TheBar Fresno 72,Jennifer Gonzalez,6352 3rd Ave,Clovis,CA,90127,Fresno,(559) 759-8360,2018-07-25,2019-07-25
47-728236,47,On-Sale General - Restaurant,ACTIVE,Tavern Fresno Company,Matthew Jones,5788 Wilshire St,Fresno,CA,93819,Fresno,(559) 610-2144,2004-03-27,2005-03-27
47-767627,47,On-Sale General - Restaurant,ACTIVE,NewBar & Grill Fresno Corp 96,Lisa Garcia,670 7th Dr,Fresno,CA,93260,Fresno,(559) 901-8586,2010-06-25,2011-06-25
47-748341,47,On-Sale General - Restaurant,ACTIVE,Sports Bar,Michelle Rodriguez,6121 Pico Way #207,Fresno,CA,91268,Fresno,(559) 684-8088,2023-12-03,2024-12-03
47-556677,47,On-Sale General - Restaurant,ACTIVE,TheSports Bar Clovis Company 5,Daniel Rodriguez,2852 2nd Ave,Clovis,CA,93029,Fresno,(559) 275-2521,2023-05-09,2024-05-09
47-288081,47,On-Sale General - Restaurant,ACTIVE,Chophouse,Matthew Lopez,9429 Maple Pl,Madera,CA,93813,Fresno,(559) 847-5703,2014-02-22,2015-02-22
47-538933,47,On-Sale General - Restaurant,ACTIVE,Lounge Fresno,Lisa Martinez,2377 Madison Ln,Madera,CA,94236,Fresno,(559) 226-2521,2006-01-12,2007-01-12
47-657376,47,On-Sale General - Restaurant,ACTIVE,TheBrasserie Fresno Co 8,Anthony Jones Taylor,185 Market St,Madera,CA,90446,Fresno,(559) 605-3687,2000-09-16,2001-09-16
47-900646,47,On-Sale General - Restaurant,ACTIVE,TheSteakhouse Madera Group 94,Matthew Hernandez,3669 Sunset Ct #651,Madera,CA,91315,Fresno,(559) 537-8508,2011-01-12,2012-01-12
47-767731,47,On-Sale General - Restaurant,ACTIVE,Chophouse Clovis Heights,Christopher Thomas,8406 Front Ct,Clovis,CA,94838,Fresno,(559) 539-5377,2024-05-16,2025-05-16
47-888873,47,On-Sale General - Restaurant,ACTIVE,Lounge Company,Andrew Martin Lopez,4346 State Ln,Fresno,CA,95320,Fresno,(559) 773-2585,2023-05-18,2024-05-18
47-341780,47,On-Sale General - Restaurant,ACTIVE,Pub Fresno,Mark Miller,2094 Mission Rd #551,Fresno,CA,93622,Fresno,(559) 402-3598,2023-04-10,2024-04-10
47-570024,47,On-Sale General - Restaurant,ACTIVE,Pub Fresno 20,Mark Hernandez Gonzalez,7141 1st St,Clovis,CA,92476,Fresno,(559) 748-7342,2006-09-23,2007-09-23
47-562743,47,On-Sale General - Restaurant,ACTIVE,Lounge Fresno LLC,Christopher Jones Gonzalez,1349 Mission Blvd,Madera,CA,94729,Fresno,(559) 998-7757,2009-01-15,2010-01-15
47-556697,47,On-Sale General - Restaurant,ACTIVE,OldBrasserie 59,William Davis Wilson,8034 Wilshire St,Fresno,CA,94058,Fresno,(559) 897-9579,2016-08-18,2017-08-18
47-245877,47,On-Sale General - Restaurant,ACTIVE,Bar Group,Paul Jones,265 Maple Ave #109,Fresno,CA,90645,Fresno,(559) 634-9425,2024-06-04,2025-06-04
47-542054,47,On-Sale General - Restaurant,ACTIVE,Bar,Michelle Davis,9323 Ocean Blvd #173,Madera,CA,95146,Fresno,(559) 361-1447,2019-06-15,2020-06-15
47-284704,47,On-Sale General - Restaurant,ACTIVE,Tavern Fresno 58,James Brown,1543 Maple Ct #918,Clovis,CA,92082,Fresno,(559) 407-6622,2019-10-21,2020-10-21
47-174063,47,On-Sale General - Restaurant,ACTIVE,Tavern Group 45,William Garcia Miller,7186 Market Ln,Fresno,CA,91762,Fresno,(559) 893-6395,2000-01-16,2001-01-16
47-991568,47,On-Sale General - Restaurant,ACTIVE,Chophouse Madera,Lisa Miller,7988 Broadway Ln #482,Madera,CA,93625,Fresno,(559) 582-7524,2017-01-06,2018-01-06
47-286747,47,On-Sale General - Restaurant,ACTIVE,Bar & Grill Madera,John Johnson,1650 Franklin Ln,Madera,CA,94832,Fresno,(559) 566-5308,2014-08-04,2015-08-04
47-168719,47,On-Sale General - Restaurant,ACTIVE,NewBar Clovis 83,Robert Thomas,9617 Front Ct,Clovis,CA,95637,Fresno,(559) 565-4763,2008-06-17,2009-06-17
47-331719,47,On-Sale General - Restaurant,ACTIVE,OldChophouse Clovis 77,Robert Garcia,8945 Wilshire Dr #213,Clovis,CA,92184,Fresno,(559) 387-8308,2014-11-08,2015-11-08
47-643052,47,On-Sale General - Restaurant,ACTIVE,NewSports Bar Fresno 87,Lisa Jackson Moore,8552 1st Pl,Clovis,CA,92475,Fresno,(559) 407-8229,2002-03-27,2003-03-27
47-734446,47,On-Sale General - Restaurant,ACTIVE,NewBar Fresno LLC 41,Maria Smith,9104 Market St,Madera,CA,90293,Fresno,(559) 653-7825,2004-01-10,2005-01-10
47-287452,47,On-Sale General - Restaurant,ACTIVE,Lounge,Mark Taylor,121 Hollywood Dr,Fresno,CA,94694,Fresno,(559) 668-9651,2005-09-16,2006-09-16
47-303282,47,On-Sale General - Restaurant,ACTIVE,Sports Bar Fresno LLC 96,Daniel Martinez Williams,595 State Ln #448,Fresno,CA,93476,Fresno,(559) 639-3565,2005-03-22,2006-03-22
47-210800,47,On-Sale General - Restaurant,ACTIVE,Lounge Clovis,Michelle Jones,8016 Broadway Blvd,Clovis,CA,92561,Fresno,(559) 328-9249,2023-12-20,2024-12-20
47-323651,47,On-Sale General - Restaurant,ACTIVE,Tavern,Steven Jackson,5220 Ocean Blvd,Clovis,CA,91377,Fresno,(559) 223-8923,2009-09-01,2010-09-01
47-288903,47,On-Sale General - Restaurant,ACTIVE,Pub LLC,Robert Miller,1211 2nd Blvd,Clovis,CA,94227,Fresno,(559) 706-4756,2006-08-08,2007-08-08
47-234247,47,On-Sale General - Restaurant,ACTIVE,Chophouse LLC,John Williams,8940 Jefferson Dr #230,Fresno,CA,91517,Fresno,(559) 638-9243,2008-04-02,2009-04-02
47-253839,47,On-Sale General - Restaurant,ACTIVE,Brasserie,Maria Anderson,4725 5th Ln #679,Clovis,CA,93330,Fresno,(559) 951-5487,2008-10-13,2009-10-13
47-331587,47,On-Sale General - Restaurant,ACTIVE,Bar,Robert Davis Smith,7740 6th Rd,Fresno,CA,91149,Fresno,(559) 976-8499,2005-09-06,2006-09-06
47-268626,47,On-Sale General - Restaurant,ACTIVE,Chophouse,Paul Johnson,2078 Lincoln St #676,Clovis,CA,96134,Fresno,(559) 318-7459,2009-04-13,2010-04-13
47-150221,47,On-Sale General - Restaurant,ACTIVE,Brasserie Co,Maria Martinez,9422 2nd Blvd #736,Madera,CA,93907,Fresno,(559) 331-4925,2011-10-21,2012-10-21
47-236511,47,On-Sale General - Restaurant,ACTIVE,OldBrasserie Madera 9,David Thomas Wilson,3718 Main Pl #866,Madera,CA,92417,Fresno,(559) 449-3296,2005-12-08,2006-12-08
47-547335,47,On-Sale General - Restaurant,ACTIVE,Pub Co 4,Daniel Anderson,8529 Front Pl #779,Clovis,CA,93269,Fresno,(559) 783-3460,2018-04-24,2019-04-24
47-337787,47,On-Sale General - Restaurant,ACTIVE,Steakhouse,Andrew Moore,5975 Ocean Blvd,Fresno,CA,90858,Fresno,(559) 544-1787,2002-07-22,2003-07-22
47-510829,47,On-Sale General - Restaurant,ACTIVE,Bar Fresno,Andrew Brown,2229 Lincoln Ave,Fresno,CA,91980,Fresno,(559) 846-7448,2009-09-03,2010-09-03
47-108463,47,On-Sale General - Restaurant,ACTIVE,Steakhouse,Christopher Anderson,9093 State Blvd,Fresno,CA,95660,Fresno,(559) 241-3420,2019-07-07,2020-07-07
47-445864,47,On-Sale General - Restaurant,ACTIVE,Steakhouse Madera Corp,Mark Jackson,637 Madison Blvd #766,Madera,CA,90310,Fresno,(559) 589-4248,2003-12-16,2004-12-16
47-818994,47,On-Sale General - Restaurant,ACTIVE,NewBar Clovis Heights Corp 43,David Gonzalez Miller,7855 Market Pl #253,Clovis,CA,92138,Fresno,(559) 657-3665,2022-07-18,2023-07-18
47-103730,47,On-Sale General - Restaurant,ACTIVE,Steakhouse Company,Christopher Martinez,6616 Pico Way #605,Madera,CA,90993,Fresno,(559) 409-7527,2003-04-16,2004-04-16
47-304499,47,On-Sale General - Restaurant,ACTIVE,NewSports Bar 50,William Moore,6554 3rd Way #801,Fresno,CA,90525,Fresno,(559) 848-7020,2017-05-21,2018-05-21
47-314033,47,On-Sale General - Restaurant,ACTIVE,Chophouse,Mark Rodriguez,7915 3rd Ct,Clovis,CA,95505,Fresno,(559) 345-2320,2017-07-11,2018-07-11
47-682560,47,On-Sale General - Restaurant,ACTIVE,Chophouse Clovis Heights 68,David Wilson,8523 Hollywood Blvd,Clovis,CA,95927,Fresno,(559) 645-2264,2024-02-18,2025-02-18
47-475508,47,On-Sale General - Restaurant,ACTIVE,OldLounge 89,Lisa Wilson,5220 Lincoln Ct,Madera,CA,91995,Fresno,(559) 658-9169,2023-02-22,2024-02-22
47-766827,47,On-Sale General - Restaurant,ACTIVE,Sports Bar,Andrew Anderson,3233 Market Ct,Clovis,CA,91090,Fresno,(559) 758-2163,2018-08-27,2019-08-27
47-983619,47,On-Sale General - Restaurant,ACTIVE,Lounge Fresno,Michael Rodriguez,2286 4th Pl,Fresno,CA,95780,Fresno,(559) 251-9560,2010-02-10,2011-02-10
47-394022,47,On-Sale General - Restaurant,ACTIVE,Steakhouse,Michelle Williams,1574 Madison Rd,Madera,CA,91965,Fresno,(559) 923-4570,2009-01-02,2010-01-02
47-831288,47,On-Sale General - Restaurant,ACTIVE,Chophouse Clovis Hills,John Lopez,1473 Washington Blvd #125,Clovis,CA,93290,Fresno,(559) 775-9839,2002-08-01,2003-08-01
47-584168,47,On-Sale General - Restaurant,ACTIVE,Lounge Fresno,William Martinez Jackson,8129 1st Ave,Fresno,CA,95977,Fresno,(559) 420-2535,2013-10-28,2014-10-28
47-582619,47,On-Sale General - Restaurant,ACTIVE,TheBrasserie Fresno 56,John Jones Smith,8128 Oak Ct,Fresno,CA,95612,Fresno,(559) 728-2763,2007-04-27,2008-04-27
47-574226,47,On-Sale General - Restaurant,ACTIVE,Chophouse Corp,Maria Lopez,118 Ocean Ave,Clovis,CA,92274,Fresno,(559) 358-1392,2000-07-01,2001-07-01
47-462338,47,On-Sale General - Restaurant,ACTIVE,Chophouse Company,Mark Brown Williams,899 3rd Ln,Madera,CA,96108,Fresno,(559) 904-1418,2023-01-05,2024-01-05
47-228009,47,On-Sale General - Restaurant,ACTIVE,Chophouse,Lisa Taylor,6345 7th Ave,Clovis,CA,93064,Fresno,(559) 762-7462,2011-12-17,2012-12-17
47-733840,47,On-Sale General - Restaurant,ACTIVE,Sports Bar Madera Company,Lisa Wilson,7217 Pico Ln #322,Madera,CA,93023,Fresno,(559) 747-6901,2020-11-21,2021-11-21
47-973302,47,On-Sale General - Restaurant,ACTIVE,Tavern,Andrew Miller,6883 Sunset Ln #705,Madera,CA,92038,Fresno,(559) 894-3797,2013-06-22,2014-06-22
47-796080,47,On-Sale General - Restaurant,ACTIVE,Brasserie Company,John Rodriguez,1516 1st Dr,Clovis,CA,95108,Fresno,(559) 487-1456,2019-09-02,2020-09-02
47-996463,47,On-Sale General - Restaurant,ACTIVE,Bar,William Wilson,319 Broadway Rd,Clovis,CA,93282,Fresno,(559) 711-1968,2024-09-08,2025-09-08
47-242071,47,On-Sale General - Restaurant,ACTIVE,Chophouse Madera,Andrew Garcia Davis,6131 6th Ave,Madera,CA,95109,Fresno,(559) 516-2924,2001-05-24,2002-05-24
47-289532,47,On-Sale General - Restaurant,ACTIVE,Chophouse Group,Michael Moore,3736 Pico Rd,Madera,CA,92296,Fresno,(559) 781-2191,2009-07-21,2010-07-21
47-171982,47,On-Sale General - Restaurant,ACTIVE,Tavern LLC,David Thomas Johnson,1749 Ocean Ave,Madera,CA,92569,Fresno,(559) 549-2585,2003-04-12,2004-04-12
47-765426,47,On-Sale General - Restaurant,ACTIVE,Steakhouse Company,Mark Taylor,5904 Jefferson Ct #335,Madera,CA,94123,Fresno,(559) 549-3123,2021-01-21,2022-01-21
47-200205,47,On-Sale General - Restaurant,ACTIVE,Lounge,Christopher Taylor,1617 Franklin St #850,Madera,CA,91351,Fresno,(559) 318-7670,2016-03-25,2017-03-25
47-936284,47,On-Sale General - Restaurant,ACTIVE,Chophouse Fresno,Andrew Taylor,5237 Madison Pl,Clovis,CA,90280,Fresno,(559) 473-3344,2009-07-23,2010-07-23
47-285804,47,On-Sale General - Restaurant,ACTIVE,Pub Clovis Hills Corp,Maria Jones,5801 7th Way,Clovis,CA,94362,Fresno,(559) 418-2248,2003-06-04,2004-06-04
47-500795,47,On-Sale General - Restaurant,ACTIVE,OldBar Company 96,Andrew Anderson,1102 Hollywood Pl,Fresno,CA,95997,Fresno,(559) 231-4635,2017-04-01,2018-04-01
47-837902,47,On-Sale General - Restaurant,ACTIVE,Bar Corp,Steven Hernandez,2417 Madison Rd #861,Madera,CA,94694,Fresno,(559) 410-5315,2011-07-03,2012-07-03
47-772375,47,On-Sale General - Restaurant,ACTIVE,TheBar & Grill Madera Hills LLC 87,Lisa Moore,9056 5th Dr,Madera,CA,95601,Fresno,(559) 383-7628,2024-10-09,2025-10-09
47-130199,47,On-Sale General - Restaurant,ACTIVE,Lounge Co,Jennifer Johnson,8506 Oak Ln,Clovis,CA,94975,Fresno,(559) 501-7493,2001-02-25,2002-02-25
47-877007,47,On-Sale General - Restaurant,ACTIVE,Steakhouse,Mark Miller,4886 Washington Pl,Madera,CA,94769,Fresno,(559) 484-5292,2002-07-12,2003-07-12
47-671669,47,On-Sale General - Restaurant,ACTIVE,Bar & Grill Fresno,Anthony Miller,3928 7th Pl,Clovis,CA,95210,Fresno,(559) 641-8318,2014-03-24,2015-03-24
47-695264,47,On-Sale General - Restaurant,ACTIVE,Chophouse,Kenneth Williams,1365 Washington Dr #776,Fresno,CA,90385,Fresno,(559) 880-5489,2020-07-18,2021-07-18
47-874343,47,On-Sale General - Restaurant,ACTIVE,Bar Fresno,Robert Wilson,6040 Jefferson Way,Madera,CA,92127,Fresno,(559) 318-7816,2012-05-12,2013-05-12
47-683244,47,On-Sale General - Restaurant,ACTIVE,Steakhouse 49,Maria Jackson,501 Maple Blvd,Clovis,CA,96037,Fresno,(559) 898-3006,2016-06-11,2017-06-11
47-448139,47,On-Sale General - Restaurant,ACTIVE,Bar & Grill LLC 47,Mark Thomas Miller,3576 Hollywood Dr,Clovis,CA,90861,Fresno,(559) 877-3931,2016-11-10,2017-11-10
47-442987,47,On-Sale General - Restaurant,ACTIVE,TheSports Bar Fresno Company 31,Matthew Johnson,7292 State Rd,Madera,CA,95569,Fresno,(559) 712-7769,2002-07-21,2003-07-21
47-351846,47,On-Sale General - Restaurant,ACTIVE,NewSteakhouse Fresno 33,Michael Lopez Jackson,2258 Franklin Way,Madera,CA,94367,Fresno,(559) 246-3709,2018-08-14,2019-08-14
47-889000,47,On-Sale General - Restaurant,ACTIVE,Sports Bar Madera,John Lopez,2491 Ocean Way #137,Madera,CA,93615,Fresno,(559) 925-3354,2022-03-15,2023-03-15
47-492681,47,On-Sale General - Restaurant,ACTIVE,Sports Bar Madera Valley LLC,Daniel Smith,9895 Broadway Rd #641,Madera,CA,90344,Fresno,(559) 696-8393,2017-04-24,2018-04-24
47-478153,47,On-Sale General - Restaurant,ACTIVE,Sports Bar Fresno,Steven Anderson,3442 Front Pl,Madera,CA,94317,Fresno,(559) 729-2971,2004-02-27,2005-02-27
47-930181,47,On-Sale General - Restaurant,ACTIVE,Bar Co,Steven Hernandez,3886 5th Ct #833,Madera,CA,90332,Fresno,(559) 427-4112,2016-07-07,2017-07-07
47-576793,47,On-Sale General - Restaurant,ACTIVE,Chophouse Clovis,Steven Smith,5672 Front Way,Clovis,CA,91591,Fresno,(559) 982-7272,2002-04-26,2003-04-26
47-940897,47,On-Sale General - Restaurant,ACTIVE,Chophouse Madera Inc,Robert Miller,4133 Front St #685,Madera,CA,92040,Fresno,(559) 625-5636,2004-09-02,2005-09-02
47-252573,47,On-Sale General - Restaurant,ACTIVE,TheChophouse 15,Andrew Moore,9141 5th Pl,Fresno,CA,95690,Fresno,(559) 732-7932,2004-03-04,2005-03-04
47-355636,47,On-Sale General - Restaurant,ACTIVE,OldChophouse Fresno 43,John Smith,5534 4th Pl,Clovis,CA,92871,Fresno,(559) 709-1876,2010-06-17,2011-06-17
47-848995,47,On-Sale General - Restaurant,ACTIVE,Lounge Corp 14,James Anderson,1518 State Way,Fresno,CA,94968,Fresno,(559) 724-4277,2007-08-13,2008-08-13
47-823505,47,On-Sale General - Restaurant,ACTIVE,Pub,Maria Martinez,7411 Main Dr,Fresno,CA,94441,Fresno,(559) 675-3550,2008-03-20,2009-03-20
47-511941,47,On-Sale General - Restaurant,ACTIVE,Chophouse Corp,Maria Johnson,8880 Front Rd,Madera,CA,91585,Fresno,(559) 407-2193,2004-03-17,2005-03-17
47-696850,47,On-Sale General - Restaurant,ACTIVE,Chophouse Corp,James Davis,8083 Sunset Ave,Clovis,CA,95456,Fresno,(559) 985-9901,2006-03-28,2007-03-28
47-262519,47,On-Sale General - Restaurant,ACTIVE,Chophouse Madera,Robert Brown,8689 4th Pl,Madera,CA,95667,Fresno,(559) 708-5078,2001-01-16,2002-01-16
47-590102,47,On-Sale General - Restaurant,ACTIVE,Brasserie Corp,Kenneth Anderson,7786 Hollywood Ln,Fresno,CA,91459,Fresno,(559) 470-5612,2004-10-01,2005-10-01
47-680315,47,On-Sale General - Restaurant,ACTIVE,Lounge Clovis,Christopher Wilson,4086 Wilshire Ln,Clovis,CA,90558,Fresno,(559) 685-8556,2013-04-28,2014-04-28
47-120599,47,On-Sale General - Restaurant,ACTIVE,Brasserie Fresno Corp,Robert Johnson Gonzalez,7911 Madison Ln,Clovis,CA,90495,Fresno,(559) 290-1232,2005-09-09,2006-09-09
47-178189,47,On-Sale General - Restaurant,ACTIVE,Chophouse LLC,Anthony Davis,7777 Lincoln Ln,Clovis,CA,92175,Fresno,(559) 470-4912,2017-11-01,2018-11-01
47-582159,47,On-Sale General - Restaurant,ACTIVE,NewBrasserie Madera Valley Group 64,William Johnson,1312 6th Rd,Madera,CA,93845,Fresno,(559) 361-1463,2010-12-05,2011-12-05
47-513750,47,On-Sale General - Restaurant,ACTIVE,Chophouse,Michelle Williams Lopez,9406 Franklin Ct #738,Clovis,CA,94861,Fresno,(559) 456-5738,2008-01-25,2009-01-25
47-433029,47,On-Sale General - Restaurant,ACTIVE,Pub 75,Matthew Wilson,3608 Lincoln St #887,Fresno,CA,92494,Fresno,(559) 991-6397,2004-10-27,2005-10-27
47-357045,47,On-Sale General - Restaurant,ACTIVE,Bar Fresno Co,Robert Garcia,4081 Mission Rd #458,Clovis,CA,92515,Fresno,(559) 439-7085,2008-06-22,2009-06-22
47-260143,47,On-Sale General - Restaurant,ACTIVE,Steakhouse LLC,Daniel Anderson,8059 4th Way #353,Fresno,CA,90270,Fresno,(559) 646-8315,2021-05-01,2022-05-01
47-655544,47,On-Sale General - Restaurant,ACTIVE,OldLounge Fresno Valley Group 72,Mark Lopez,3814 Front Rd #354,Fresno,CA,96099,Fresno,(559) 561-6147,2002-05-17,2003-05-17
47-482707,47,On-Sale General - Restaurant,ACTIVE,Tavern,William Wilson,9316 5th Dr,Madera,CA,94812,Fresno,(559) 237-7825,2000-10-04,2001-10-04
47-235804,47,On-Sale General - Restaurant,ACTIVE,OldSports Bar Fresno 50,William Hernandez,1434 Oak Way,Madera,CA,94960,Fresno,(559) 726-3858,2005-10-12,2006-10-12
47-845709,47,On-Sale General - Restaurant,ACTIVE,Sports Bar,Lisa Wilson,2420 5th Rd,Madera,CA,95362,Fresno,(559) 712-2343,2001-06-27,2002-06-27
47-295689,47,On-Sale General - Restaurant,ACTIVE,Chophouse,Michelle Taylor,5368 Broadway Dr,Fresno,CA,90333,Fresno,(559) 553-4495,2013-03-10,2014-03-10
47-814001,47,On-Sale General - Restaurant,ACTIVE,OldBar LLC 98,Andrew Gonzalez,5166 Oak Ct #125,Madera,CA,93447,Fresno,(559) 922-1078,2006-03-08,2007-03-08
47-643206,47,On-Sale General - Restaurant,ACTIVE,Chophouse,John Brown,9391 Washington Ln #241,Clovis,CA,94303,Fresno,(559) 867-4044,2021-08-22,2022-08-22
47-789424,47,On-Sale General - Restaurant,ACTIVE,Brasserie Madera Heights,Maria Garcia Garcia,6431 Madison Ct #593,Madera,CA,90491,Fresno,(559) 863-6079,2004-06-10,2005-06-10
47-460929,47,On-Sale General - Restaurant,ACTIVE,Chophouse Fresno Corp,Maria Martinez,2814 Ocean Rd,Fresno,CA,92410,Fresno,(559) 424-1651,2011-04-19,2012-04-19
47-887953,47,On-Sale General - Restaurant,ACTIVE,Bar & Grill,Michael Rodriguez,2788 5th Ln #181,Fresno,CA,93942,Fresno,(559) 227-2642,2001-05-02,2002-05-02
47-990262,47,On-Sale General - Restaurant,ACTIVE,Chophouse Fresno Group,Robert Hernandez Rodriguez,4878 2nd Blvd,Fresno,CA,93324,Fresno,(559) 383-9247,2022-06-28,2023-06-28
47-654084,47,On-Sale General - Restaurant,ACTIVE,OldBar & Grill Group 84,Christopher Brown,7993 Broadway Pl,Madera,CA,90067,Fresno,(559) 982-1741,2004-06-25,2005-06-25
47-607139,47,On-Sale General - Restaurant,ACTIVE,Chophouse LLC,Lisa Wilson Miller,5493 3rd Ln,Madera,CA,92784,Fresno,(559) 671-4142,2022-07-12,2023-07-12
47-860389,47,On-Sale General - Restaurant,ACTIVE,Bar Co,Jennifer Hernandez,937 Jefferson Blvd,Fresno,CA,90175,Fresno,(559) 692-4969,2007-06-02,2008-06-02
47-424008,47,On-Sale General - Restaurant,ACTIVE,Steakhouse Fresno Inc 48,Matthew Taylor,9714 Ocean St #139,Madera,CA,93302,Fresno,(559) 828-3295,2023-04-06,2024-04-06
47-210495,47,On-Sale General - Restaurant,ACTIVE,TheTavern Fresno 51,Michelle Anderson,4073 2nd Pl,Fresno,CA,94735,Fresno,(559) 944-8209,2010-06-20,2011-06-20
47-567729,47,On-Sale General - Restaurant,ACTIVE,Pub Company,Robert Moore Martin,6792 Madison Ave,Madera,CA,90924,Fresno,(559) 494-7204,2015-03-13,2016-03-13
47-181191,47,On-Sale General - Restaurant,ACTIVE,OldChophouse 83,Jennifer Wilson,4942 Mission St,Fresno,CA,93971,Fresno,(559) 808-5533,2020-01-02,2021-01-02
47-164026,47,On-Sale General - Restaurant,ACTIVE,TheTavern Madera 31,Kenneth Martinez Hernandez,2347 Washington Ave,Madera,CA,93010,Fresno,(559) 698-1809,2005-04-20,2006-04-20
47-934462,47,On-Sale General - Restaurant,ACTIVE,Brasserie Inc,Mark Williams,5693 Mission Ave,Madera,CA,91764,Fresno,(559) 762-8048,2008-01-02,2009-01-02
47-137359,47,On-Sale General - Restaurant,ACTIVE,Chophouse Madera Hills Inc,David Williams,2009 State Blvd,Madera,CA,96124,Fresno,(559) 443-3825,2017-02-04,2018-02-04
47-288898,47,On-Sale General - Restaurant,ACTIVE,Bar,David Johnson,2841 Washington Pl,Madera,CA,93235,Fresno,(559) 584-4205,2016-01-17,2017-01-17
47-233146,47,On-Sale General - Restaurant,ACTIVE,Steakhouse,Jennifer Martinez,9566 6th Rd,Madera,CA,91026,Fresno,(559) 332-1637,2021-09-21,2022-09-21
47-628024,47,On-Sale General - Restaurant,ACTIVE,Brasserie 20,Maria Johnson Williams,9041 Maple Dr,Madera,CA,93224,Fresno,(559) 396-7088,2019-09-05,2020-09-05
47-604826,47,On-Sale General - Restaurant,ACTIVE,Brasserie Fresno Group,Mark Martin,3999 Market Pl,Clovis,CA,93898,Fresno,(559) 441-2432,2022-10-08,2023-10-08
47-815968,47,On-Sale General - Restaurant,ACTIVE,Tavern Fresno Company,Christopher Martinez,4018 1st Ave,Clovis,CA,91359,Fresno,(559) 347-4814,2007-09-20,2008-09-20
47-973989,47,On-Sale General - Restaurant,ACTIVE,Brasserie,John Miller,8303 Franklin Rd,Clovis,CA,95909,Fresno,(559) 405-9159,2020-11-19,2021-11-19
47-618138,47,On-Sale General - Restaurant,ACTIVE,Sports Bar Madera Inc 58,Maria Martinez Brown,518 2nd Ave,Madera,CA,94702,Fresno,(559) 944-1097,2021-03-09,2022-03-09
47-225919,47,On-Sale General - Restaurant,ACTIVE,Pub Company,David Johnson,723 Madison Way,Madera,CA,90252,Fresno,(559) 797-8796,2018-03-13,2019-03-13
47-537717,47,On-Sale General - Restaurant,ACTIVE,OldChophouse 17,Andrew Martinez,2082 Madison Pl,Madera,CA,94882,Fresno,(559) 612-3984,2007-10-10,2008-10-10
47-655262,47,On-Sale General - Restaurant,ACTIVE,Bar & Grill Corp,Daniel Wilson,1277 Pico Blvd,Fresno,CA,93640,Fresno,(559) 412-7319,2000-08-22,2001-08-22
47-129645,47,On-Sale General - Restaurant,ACTIVE,Bar & Grill,John Martin,1145 6th Pl #611,Madera,CA,93763,Fresno,(559) 770-9773,2007-08-05,2008-08-05
47-902703,47,On-Sale General - Restaurant,ACTIVE,Chophouse Corp,Anthony Williams,8924 Jefferson Way,Madera,CA,91011,Fresno,(559) 423-2694,2011-07-21,2012-07-21
47-153897,47,On-Sale General - Restaurant,ACTIVE,Bar Co,James Anderson,1578 Sunset Pl #208,Clovis,CA,91608,Fresno,(559) 383-9133,2015-01-17,2016-01-17
47-209054,47,On-Sale General - Restaurant,ACTIVE,Chophouse Madera Valley Corp,Michelle Rodriguez Smith,770 Ocean St,Madera,CA,92497,Fresno,(559) 773-4730,2007-07-02,2008-07-02
47-297678,47,On-Sale General - Restaurant,ACTIVE,OldChophouse Fresno 86,David Davis,8308 Madison Dr,Fresno,CA,91100,Fresno,(559) 701-1356,2016-02-07,2017-02-07
47-404408,47,On-Sale General - Restaurant,ACTIVE,Brasserie Madera Corp,Jennifer Hernandez,618 6th Ln,Madera,CA,94885,Fresno,(559) 482-4500,2010-02-16,2011-02-16
47-994693,47,On-Sale General - Restaurant,ACTIVE,NewBar & Grill Co 26,Christopher Hernandez,6877 5th Ave,Clovis,CA,91840,Fresno,(559) 207-8660,2016-11-22,2017-11-22
47-717939,47,On-Sale General - Restaurant,ACTIVE,Bar & Grill Clovis Heights,John Johnson,3337 7th St,Clovis,CA,93160,Fresno,(559) 883-8144,2023-11-08,2024-11-08
47-965339,47,On-Sale General - Restaurant,ACTIVE,Bar & Grill Clovis Valley,David Miller,1075 6th St #949,Clovis,CA,92067,Fresno,(559) 394-3301,2018-04-27,2019-04-27
47-814415,47,On-Sale General - Restaurant,ACTIVE,Steakhouse Fresno Inc,Maria Moore Johnson,433 2nd Ln #285,Fresno,CA,95529,Fresno,(559) 206-9829,2001-04-24,2002-04-24
47-588723,47,On-Sale General - Restaurant,ACTIVE,Bar & Grill,James Garcia Williams,292 Wilshire Ave,Madera,CA,94138,Fresno,(559) 621-6987,2024-06-21,2025-06-21
47-552177,47,On-Sale General - Restaurant,ACTIVE,Steakhouse Group,Anthony Lopez,6795 7th Way,Madera,CA,95410,Fresno,(559) 964-2568,2004-04-04,2005-04-04
47-791101,47,On-Sale General - Restaurant,ACTIVE,Steakhouse Clovis Hills,Kenneth Gonzalez Garcia,2587 6th St,Clovis,CA,95089,Fresno,(559) 699-6890,2004-02-03,2005-02-03
47-418781,47,On-Sale General - Restaurant,ACTIVE,NewBar & Grill Fresno 99,James Taylor,8048 7th Ct,Fresno,CA,94902,Fresno,(559) 698-8432,2012-05-01,2013-05-01
47-664393,47,On-Sale General - Restaurant,ACTIVE,Brasserie,Christopher Taylor,3640 Market Dr #185,Madera,CA,93748,Fresno,(559) 756-8324,2018-04-25,2019-04-25
47-902491,47,On-Sale General - Restaurant,ACTIVE,Tavern Clovis Corp,David Miller,5217 Jefferson St,Clovis,CA,92224,Fresno,(559) 878-3886,2009-05-17,2010-05-17
47-143120,47,On-Sale General - Restaurant,ACTIVE,Bar Fresno,Maria Martin Moore,4229 Hollywood Ln,Clovis,CA,95560,Fresno,(559) 275-2401,2012-08-21,2013-08-21
47-454076,47,On-Sale General - Restaurant,ACTIVE,Chophouse,Maria Rodriguez,9759 Market Rd,Fresno,CA,92275,Fresno,(559) 389-4796,2000-02-01,2001-02-01
47-209326,47,On-Sale General - Restaurant,ACTIVE,Chophouse Co,Christopher Hernandez,6300 Wilshire Dr,Fresno,CA,92031,Fresno,(559) 965-8079,2012-10-19,2013-10-19
47-990392,47,On-Sale General - Restaurant,ACTIVE,Pub Co,Jennifer Johnson,787 1st Blvd,Fresno,CA,95016,Fresno,(559) 811-8251,2019-08-22,2020-08-22
47-256869,47,On-Sale General - Restaurant,ACTIVE,Bar,Steven Jones,6274 Hollywood Way #263,Madera,CA,93437,Fresno,(559) 779-1813,2022-12-27,2023-12-27
47-777160,47,On-Sale General - Restaurant,ACTIVE,Tavern Group,William Garcia,7831 3rd Ave,Fresno,CA,93427,Fresno,(559) 820-3886,2013-11-16,2014-11-16
47-550910,47,On-Sale General - Restaurant,ACTIVE,Brasserie Group,Maria Williams Garcia,6696 Market Rd #667,Fresno,CA,93214,Fresno,(559) 956-8820,2019-01-21,2020-01-21
47-843683,47,On-Sale General - Restaurant,ACTIVE,Steakhouse Clovis Heights,Lisa Jackson,4203 Jefferson Rd,Clovis,CA,95634,Fresno,(559) 786-8330,2017-10-15,2018-10-15
47-855072,47,On-Sale General - Restaurant,ACTIVE,TheBar Clovis Valley Co 71,Lisa Thomas Anderson,6660 Main Ave,Clovis,CA,93663,Fresno,(559) 543-2765,2000-06-07,2001-06-07
47-405638,47,On-Sale General - Restaurant,ACTIVE,Sports Bar LLC,John Martinez,6375 Ocean Dr,Fresno,CA,94616,Fresno,(559) 907-7155,2008-07-03,2009-07-03
47-391584,47,On-Sale General - Restaurant,ACTIVE,Tavern Clovis,Maria Brown,9241 Jefferson Pl #429,Clovis,CA,93574,Fresno,(559) 643-3071,2011-06-02,2012-06-02
47-123922,47,On-Sale General - Restaurant,ACTIVE,Chophouse,Mark Miller,3388 Main St,Clovis,CA,91169,Fresno,(559) 407-3404,2015-02-13,2016-02-13
47-511585,47,On-Sale General - Restaurant,ACTIVE,OldBar & Grill Fresno Heights Corp 72,Michael Rodriguez,5831 Mission Ave,Fresno,CA,90794,Fresno,(559) 413-6261,2017-04-03,2018-04-03
47-479875,47,On-Sale General - Restaurant,ACTIVE,TheChophouse Fresno Valley Group 23,Michael Lopez,5904 Sunset Ct,Fresno,CA,96003,Fresno,(559) 433-4844,2016-07-09,2017-07-09
47-580807,47,On-Sale General - Restaurant,ACTIVE,Bar & Grill Fresno 50,Michael Davis,1996 Market Way,Madera,CA,95535,Fresno,(559) 752-4788,2010-06-17,2011-06-17
47-497635,47,On-Sale General - Restaurant,ACTIVE,Chophouse Group,Mark Taylor,1480 Hollywood Ct #418,Madera,CA,91672,Fresno,(559) 355-3147,2023-03-25,2024-03-25
47-419226,47,On-Sale General - Restaurant,ACTIVE,Sports Bar Fresno Group,William Miller,980 Washington Dr,Clovis,CA,92024,Fresno,(559) 230-4544,2001-02-14,2002-02-14
47-290356,47,On-Sale General - Restaurant,ACTIVE,Chophouse Madera Company,Lisa Martinez,6541 Maple Ln #379,Madera,CA,96144,Fresno,(559) 863-9383,2001-10-13,2002-10-13
47-413693,47,On-Sale General - Restaurant,ACTIVE,Bar & Grill Clovis LLC,James Thomas Gonzalez,5577 Broadway Rd,Clovis,CA,96174,Fresno,(559) 599-8978,2020-02-05,2021-02-05
47-157326,47,On-Sale General - Restaurant,ACTIVE,OldChophouse LLC 8,Kenneth Johnson,7751 Oak Way,Madera,CA,94678,Fresno,(559) 635-5322,2018-11-01,2019-11-01
47-908035,47,On-Sale General - Restaurant,ACTIVE,Brasserie LLC,John Martinez,9349 Broadway Dr,Fresno,CA,91788,Fresno,(559) 572-2415,2006-01-14,2007-01-14
47-766601,47,On-Sale General - Restaurant,ACTIVE,Chophouse Fresno Corp 51,Maria Anderson,2403 Wilshire Way,Fresno,CA,95537,Fresno,(559) 642-5120,2013-03-01,2014-03-01
47-274125,47,On-Sale General - Restaurant,ACTIVE,OldBrasserie Madera Group 33,David Brown,365 State Ave,Madera,CA,96121,Fresno,(559) 555-6908,2002-10-15,2003-10-15
47-877875,47,On-Sale General - Restaurant,ACTIVE,Lounge,Mark Anderson,8220 Maple Ln,Madera,CA,92534,Fresno,(559) 575-8488,2009-10-05,2010-10-05
47-538435,47,On-Sale General - Restaurant,ACTIVE,Chophouse Company,Daniel Garcia,420 Washington Pl #923,Madera,CA,92535,Fresno,(559) 515-8634,2023-07-27,2024-07-27
47-131317,47,On-Sale General - Restaurant,ACTIVE,TheSports Bar Clovis Co 90,Michael Martinez,2616 Pico Way,Clovis,CA,90678,Fresno,(559) 629-2992,2014-11-24,2015-11-24
47-455535,47,On-Sale General - Restaurant,ACTIVE,Lounge Fresno,Michelle Anderson,3963 Main Ct #727,Clovis,CA,94940,Fresno,(559) 322-4490,2014-01-14,2015-01-14
47-897057,47,On-Sale General - Restaurant,ACTIVE,Lounge Co,Anthony Williams,1303 2nd Blvd,Clovis,CA,91375,Fresno,(559) 479-5663,2024-07-28,2025-07-28
47-180522,47,On-Sale General - Restaurant,ACTIVE,Bar & Grill Fresno LLC,Andrew Jackson,495 Mission Dr #353,Madera,CA,92114,Fresno,(559) 702-6675,2008-07-27,2009-07-27
47-996901,47,On-Sale General - Restaurant,ACTIVE,Lounge Co,Kenneth Garcia,1315 2nd St,Clovis,CA,94697,Fresno,(559) 228-2636,2014-11-12,2015-11-12
47-705141,47,On-Sale General - Restaurant,ACTIVE,Tavern Clovis Corp,Maria Garcia,8768 Market Pl #639,Clovis,CA,91479,Fresno,(559) 562-7433,2011-02-02,2012-02-02
47-913735,47,On-Sale General - Restaurant,ACTIVE,Lounge Clovis 21,Robert Miller,731 7th Rd #146,Clovis,CA,90605,Fresno,(559) 279-3658,2015-09-09,2016-09-09
47-603480,47,On-Sale General - Restaurant,ACTIVE,Brasserie Fresno Company,Robert Gonzalez Williams,2950 5th St #519,Clovis,CA,91234,Fresno,(559) 298-6450,2012-08-01,2013-08-01
47-225381,47,On-Sale General - Restaurant,ACTIVE,Pub Clovis Company,Michael Anderson Taylor,5563 Front Blvd #300,Clovis,CA,95016,Fresno,(559) 593-8863,2005-04-04,2006-04-04
47-279560,47,On-Sale General - Restaurant,ACTIVE,Sports Bar Fresno,Anthony Rodriguez,902 6th St,Fresno,CA,90978,Fresno,(559) 232-5056,2024-06-14,2025-06-14
47-331970,47,On-Sale General - Restaurant,ACTIVE,Steakhouse Fresno Valley Group,Michelle Gonzalez,8363 Broadway Ln #126,Fresno,CA,94978,Fresno,(559) 641-5541,2011-05-01,2012-05-01
47-738634,47,On-Sale General - Restaurant,ACTIVE,Lounge Inc,Kenneth Taylor,1957 3rd Ct #628,Clovis,CA,92952,Fresno,(559) 461-2909,2010-06-14,2011-06-14
47-785728,47,On-Sale General - Restaurant,ACTIVE,Bar & Grill Fresno 14,Michelle Martinez Williams,4881 Lincoln Dr,Clovis,CA,94254,Fresno,(559) 384-2488,2003-10-11,2004-10-11
47-625695,47,On-Sale General - Restaurant,ACTIVE,Bar & Grill Fresno Heights,Mark Smith,5527 Lincoln St #875,Fresno,CA,96011,Fresno,(559) 249-6504,2020-06-06,2021-06-06
47-170669,47,On-Sale General - Restaurant,ACTIVE,Bar Inc 23,Matthew Hernandez Rodriguez,324 2nd Dr,Fresno,CA,93344,Fresno,(559) 792-2137,2022-03-17,2023-03-17
47-771073,47,On-Sale General - Restaurant,ACTIVE,Brasserie Fresno Company 51,Christopher Gonzalez,5351 Maple Pl #488,Fresno,CA,95583,Fresno,(559) 359-8234,2013-06-19,2014-06-19
47-709517,47,On-Sale General - Restaurant,ACTIVE,TheBar & Grill Fresno Co 49,Andrew Martin,5788 Front Ave #564,Clovis,CA,92903,Fresno,(559) 954-3166,2011-07-21,2012-07-21
47-213668,47,On-Sale General - Restaurant,ACTIVE,Chophouse Fresno Hills Co 74,Maria Smith,248 6th Dr,Fresno,CA,94045,Fresno,(559) 851-1723,2012-07-11,2013-07-11
47-475865,47,On-Sale General - Restaurant,ACTIVE,OldChophouse 15,Michael Jones,5438 Hollywood St,Clovis,CA,90923,Fresno,(559) 881-6640,2013-04-18,2014-04-18
47-777011,47,On-Sale General - Restaurant,ACTIVE,Pub Fresno Group,Paul Jones,5371 2nd Way,Madera,CA,91912,Fresno,(559) 382-8291,2010-01-11,2011-01-11
47-803694,47,On-Sale General - Restaurant,ACTIVE,Lounge Madera,Mark Thomas,5275 5th Ln,Madera,CA,95990,Fresno,(559) 672-8113,2005-10-20,2006-10-20
47-368246,47,On-Sale General - Restaurant,ACTIVE,Chophouse Madera LLC,Jennifer Lopez,8012 Wilshire Pl #717,Madera,CA,93799,Fresno,(559) 343-9878,2020-06-25,2021-06-25
47-867664,47,On-Sale General - Restaurant,ACTIVE,Chophouse Co,Christopher Brown,3246 Front Ct #451,Madera,CA,93591,Fresno,(559) 492-6737,2008-08-05,2009-08-05
47-183368,47,On-Sale General - Restaurant,ACTIVE,Bar Corp,Lisa Jackson,2766 Pico Way,Madera,CA,95422,Fresno,(559) 264-7238,2024-09-27,2025-09-27
47-267712,47,On-Sale General - Restaurant,ACTIVE,Steakhouse,Steven Smith,1181 Maple Ct,Madera,CA,93405,Fresno,(559) 722-9911,2001-11-27,2002-11-27
47-906877,47,On-Sale General - Restaurant,ACTIVE,Brasserie,Jennifer Garcia Martin,5982 Franklin Ave,Fresno,CA,93190,Fresno,(559) 698-3664,2001-11-01,2002-11-01
47-579280,47,On-Sale General - Restaurant,ACTIVE,Bar & Grill,Michael Martinez,7832 Washington St #421,Clovis,CA,91896,Fresno,(559) 662-5505,2022-05-06,2023-05-06
47-454591,47,On-Sale General - Restaurant,ACTIVE,NewSports Bar Madera Heights Corp 87,James Davis,9644 Broadway Dr,Madera,CA,92458,Fresno,(559) 522-3265,2007-08-27,2008-08-27
47-566538,47,On-Sale General - Restaurant,ACTIVE,Bar & Grill Inc,David Martinez,5269 State St,Clovis,CA,95971,Fresno,(559) 797-7450,2003-02-04,2004-02-04
47-931599,47,On-Sale General - Restaurant,ACTIVE,Chophouse Fresno,Michelle Jackson,5690 Mission St,Clovis,CA,90233,Fresno,(559) 519-1548,2002-04-27,2003-04-27
47-453684,47,On-Sale General - Restaurant,ACTIVE,Bar Co,Michael Gonzalez,6151 Wilshire Ct #179,Clovis,CA,93406,Fresno,(559) 812-6516,2002-07-12,2003-07-12
47-224931,47,On-Sale General - Restaurant,ACTIVE,NewChophouse Fresno Group 93,Michael Gonzalez,2776 Franklin Blvd,Fresno,CA,91824,Fresno,(559) 711-3063,2001-12-08,2002-12-08
47-301602,47,On-Sale General - Restaurant,ACTIVE,Lounge Madera Heights,Michelle Hernandez,3326 7th Ct,Madera,CA,92373,Fresno,(559) 380-1093,2004-05-26,2005-05-26
47-347120,47,On-Sale General - Restaurant,ACTIVE,TheBrasserie Fresno Heights Co 86,Maria Johnson,5125 Sunset Pl,Fresno,CA,91670,Fresno,(559) 932-8727,2007-06-07,2008-06-07
47-142769,47,On-Sale General - Restaurant,ACTIVE,TheBrasserie Fresno 27,Kenneth Moore,2262 Maple Ave,Madera,CA,91367,Fresno,(559) 733-3574,2016-01-21,2017-01-21
47-786158,47,On-Sale General - Restaurant,ACTIVE,Tavern Fresno Corp,James Williams,9892 Maple Ct,Fresno,CA,92799,Fresno,(559) 937-5923,2002-11-24,2003-11-24
47-847368,47,On-Sale General - Restaurant,ACTIVE,Chophouse Clovis 79,Andrew Jackson,3909 Ocean Rd,Clovis,CA,91298,Fresno,(559) 574-5486,2011-08-14,2012-08-14
47-662292,47,On-Sale General - Restaurant,ACTIVE,Bar & Grill Company,William Lopez,2754 Oak Ave #525,Madera,CA,90893,Fresno,(559) 696-1229,2006-06-25,2007-06-25
47-226422,47,On-Sale General - Restaurant,ACTIVE,NewSports Bar Fresno Group 10,John Taylor,5219 Pico Rd #499,Fresno,CA,92096,Fresno,(559) 400-2339,2011-06-22,2012-06-22
47-630929,47,On-Sale General - Restaurant,ACTIVE,Chophouse Fresno Company,James Jones Martin,8620 Front Way #547,Fresno,CA,91363,Fresno,(559) 560-2804,2012-09-18,2013-09-18
47-625118,47,On-Sale General - Restaurant,ACTIVE,NewPub Fresno 52,Mark Martin Hernandez,4617 Main Rd,Fresno,CA,90019,Fresno,(559) 981-2911,2013-08-10,2014-08-10
47-723099,47,On-Sale General - Restaurant,ACTIVE,Chophouse Fresno,Robert Jackson,258 Market Way #707,Fresno,CA,91969,Fresno,(559) 851-3907,2015-08-27,2016-08-27
47-813612,47,On-Sale General - Restaurant,ACTIVE,Lounge Co,Andrew Thomas,5634 Maple Ln,Madera,CA,92940,Fresno,(559) 824-9592,2023-06-28,2024-06-28
47-219330,47,On-Sale General - Restaurant,ACTIVE,Chophouse Fresno Company,Andrew Jones,1360 Wilshire Blvd,Fresno,CA,92282,Fresno,(559) 849-3243,2006-05-15,2007-05-15
47-763197,47,On-Sale General - Restaurant,ACTIVE,OldBar Clovis Company 30,Jennifer Thomas,4633 Maple Ct,Clovis,CA,91019,Fresno,(559) 438-8039,2016-12-13,2017-12-13
47-933166,47,On-Sale General - Restaurant,ACTIVE,Lounge Madera Inc,Michelle Gonzalez,5818 Market St,Madera,CA,93814,Fresno,(559) 324-2049,2022-12-24,2023-12-24
47-131864,47,On-Sale General - Restaurant,ACTIVE,Steakhouse Madera Heights 40,William Rodriguez,6948 Sunset Way,Madera,CA,94986,Fresno,(559) 497-9380,2006-02-02,2007-02-02
47-835175,47,On-Sale General - Restaurant,ACTIVE,Lounge,Lisa Thomas,4995 Oak Way #679,Madera,CA,92442,Fresno,(559) 398-5018,2009-10-05,2010-10-05
47-584352,47,On-Sale General - Restaurant,ACTIVE,Sports Bar,John Rodriguez Davis,2788 Front Rd,Fresno,CA,91144,Fresno,(559) 428-2281,2010-08-11,2011-08-11
47-958422,47,On-Sale General - Restaurant,ACTIVE,Lounge Group 15,Maria Thomas Jones,7670 Broadway Ln,Clovis,CA,90747,Fresno,(559) 399-1872,2012-04-12,2013-04-12
47-579684,47,On-Sale General - Restaurant,ACTIVE,Chophouse,Maria Jones,8760 Hollywood St #781,Madera,CA,92316,Fresno,(559) 856-1078,2013-01-10,2014-01-10
47-786789,47,On-Sale General - Restaurant,ACTIVE,Pub Fresno Hills,Andrew Taylor,3888 Madison Dr #338,Fresno,CA,94892,Fresno,(559) 484-8749,2007-02-26,2008-02-26
47-251090,47,On-Sale General - Restaurant,ACTIVE,Chophouse Group,Maria Lopez,9247 7th St #686,Fresno,CA,95658,Fresno,(559) 746-9955,2017-12-13,2018-12-13
47-713024,47,On-Sale General - Restaurant,ACTIVE,Tavern,Michelle Garcia,9346 5th Ln,Clovis,CA,91217,Fresno,(559) 772-4570,2022-05-26,2023-05-26
47-644602,47,On-Sale General - Restaurant,ACTIVE,Chophouse Fresno Group,Steven Thomas,4965 Franklin Ave,Fresno,CA,92119,Fresno,(559) 253-7717,2024-09-11,2025-09-11
47-979515,47,On-Sale General - Restaurant,ACTIVE,Brasserie Madera Heights,Maria Brown,6152 Jefferson Ln,Madera,CA,94234,Fresno,(559) 384-1868,2004-01-27,2005-01-27
47-882646,47,On-Sale General - Restaurant,ACTIVE,TheChophouse 40,James Garcia,8531 Franklin Ln #539,Fresno,CA,96008,Fresno,(559) 832-8934,2010-09-26,2011-09-26
47-625048,47,On-Sale General - Restaurant,ACTIVE,Tavern,John Johnson,5014 Pico Blvd,Madera,CA,91891,Fresno,(559) 637-8279,2011-08-05,2012-08-05
47-468734,47,On-Sale General - Restaurant,ACTIVE,Tavern 99,Paul Rodriguez,4569 Maple Blvd #296,Fresno,CA,94361,Fresno,(559) 929-8574,2019-12-16,2020-12-16
47-181434,47,On-Sale General - Restaurant,ACTIVE,OldBar Fresno Company 96,Maria Hernandez,1566 Ocean Ave,Clovis,CA,95359,Fresno,(559) 373-1567,2006-09-21,2007-09-21
47-852992,47,On-Sale General - Restaurant,ACTIVE,TheSports Bar 47,Christopher Smith,9821 Hollywood Blvd #534,Clovis,CA,95537,Fresno,(559) 741-2687,2003-05-27,2004-05-27
47-588630,47,On-Sale General - Restaurant,ACTIVE,Pub,Kenneth Anderson,7370 5th Dr,Fresno,CA,94845,Fresno,(559) 662-3379,2001-01-05,2002-01-05
47-916117,47,On-Sale General - Restaurant,ACTIVE,Chophouse Fresno Hills,Robert Johnson Johnson,9765 Madison Ct,Fresno,CA,93290,Fresno,(559) 225-2728,2005-03-17,2006-03-17
47-237878,47,On-Sale General - Restaurant,ACTIVE,TheLounge Co 59,Anthony Gonzalez Brown,9241 Main Ct #424,Clovis,CA,95281,Fresno,(559) 848-5698,2023-01-01,2024-01-01
47-435958,47,On-Sale General - Restaurant,ACTIVE,OldBar Clovis Heights Company 2,Robert Jones,7068 Front Rd,Clovis,CA,92209,Fresno,(559) 272-8703,2024-06-25,2025-06-25
47-291720,47,On-Sale General - Restaurant,ACTIVE,Tavern Fresno,Robert Williams,8319 2nd Blvd,Fresno,CA,93214,Fresno,(559) 249-3767,2022-06-21,2023-06-21
47-768213,47,On-Sale General - Restaurant,ACTIVE,Bar & Grill,James Moore,759 Franklin St #784,Fresno,CA,93076,Fresno,(559) 491-2977,2022-06-20,2023-06-20
47-869619,47,On-Sale General - Restaurant,ACTIVE,Chophouse,William Anderson Brown,4168 3rd Ct #759,Clovis,CA,92799,Fresno,(559) 339-8436,2018-11-09,2019-11-09
47-121308,47,On-Sale General - Restaurant,ACTIVE,NewPub Corp 14,Maria Anderson,7450 Hollywood Dr,Clovis,CA,94026,Fresno,(559) 464-2928,2003-04-16,2004-04-16
47-943674,47,On-Sale General - Restaurant,ACTIVE,Pub,Mark Jones,9454 1st Way #156,Madera,CA,92318,Fresno,(559) 473-2168,2017-01-19,2018-01-19
47-949083,47,On-Sale General - Restaurant,ACTIVE,Pub,Matthew Brown,9721 Broadway Pl,Madera,CA,92976,Fresno,(559) 935-3030,2022-09-03,2023-09-03
47-143520,47,On-Sale General - Restaurant,ACTIVE,Bar & Grill,Mark Martin,3760 Ocean St,Fresno,CA,90427,Fresno,(559) 522-2273,2001-04-18,2002-04-18
47-565565,47,On-Sale General - Restaurant,ACTIVE,Steakhouse,Michael Wilson Hernandez,7516 Wilshire Rd #631,Fresno,CA,92686,Fresno,(559) 321-2496,2002-06-11,2003-06-11
47-723419,47,On-Sale General - Restaurant,ACTIVE,Steakhouse 5,John Brown Smith,7111 Broadway Ct #617,Fresno,CA,91410,Fresno,(559) 845-9947,2013-07-19,2014-07-19
47-367408,47,On-Sale General - Restaurant,ACTIVE,TheChophouse 17,Steven Smith,5007 Jefferson Ave,Madera,CA,91968,Fresno,(559) 388-5002,2009-09-15,2010-09-15
47-650175,47,On-Sale General - Restaurant,ACTIVE,NewSteakhouse Fresno LLC 37,Maria Jackson Anderson,1351 Broadway Ct #996,Fresno,CA,94608,Fresno,(559) 763-5642,2011-11-04,2012-11-04
47-448877,47,On-Sale General - Restaurant,ACTIVE,Chophouse Fresno Group,Robert Thomas,100 2nd Rd,Clovis,CA,92558,Fresno,(559) 313-1320,2017-03-06,2018-03-06
47-102891,47,On-Sale General - Restaurant,ACTIVE,TheSteakhouse Fresno 73,Kenneth Miller,8819 Main Dr,Fresno,CA,93355,Fresno,(559) 980-7944,2017-11-01,2018-11-01
47-707573,47,On-Sale General - Restaurant,ACTIVE,TheBrasserie Inc 91,Andrew Martinez,3317 Franklin Way,Madera,CA,92154,Fresno,(559) 396-8981,2014-01-03,2015-01-03
47-514042,47,On-Sale General - Restaurant,ACTIVE,NewLounge 15,Maria Martin,6348 Washington Ln,Clovis,CA,93017,Fresno,(559) 960-3490,2004-11-11,2005-11-11
47-569510,47,On-Sale General - Restaurant,ACTIVE,Sports Bar,James Martinez,4350 6th Dr #567,Madera,CA,95599,Fresno,(559) 217-1658,2021-06-18,2022-06-18
47-202136,47,On-Sale General - Restaurant,ACTIVE,Chophouse Corp,David Martin Martin,8513 Front Way #578,Clovis,CA,93438,Fresno,(559) 513-4643,2001-07-28,2002-07-28
47-272720,47,On-Sale General - Restaurant,ACTIVE,Brasserie,Daniel Davis,1676 State Dr #765,Clovis,CA,93984,Fresno,(559) 367-7454,2020-08-01,2021-08-01
47-786472,47,On-Sale General - Restaurant,ACTIVE,Bar & Grill,Michelle Garcia,3106 4th Pl #982,Fresno,CA,93213,Fresno,(559) 478-4280,2022-04-09,2023-04-09
47-793044,47,On-Sale General - Restaurant,ACTIVE,Sports Bar Inc,Anthony Williams,9085 Maple Ave,Fresno,CA,93327,Fresno,(559) 810-6795,2009-10-06,2010-10-06
47-186257,47,On-Sale General - Restaurant,ACTIVE,Bar & Grill Fresno Heights Inc,James Martin,5077 Oak St,Fresno,CA,94231,Fresno,(559) 804-2779,2006-01-17,2007-01-17
48-632290,48,On-Sale General - Bar/Tavern,ACTIVE,Tap Room,Robert Williams,5155 7th Dr #466,Madera,CA,94106,Fresno,(559) 425-7670,2018-07-28,2019-07-28
48-205955,48,On-Sale General - Bar/Tavern,ACTIVE,Dive Bar Fresno,Jennifer Anderson,5685 Mission St #775,Clovis,CA,95028,Fresno,(559) 539-2176,2010-12-22,2011-12-22
48-549872,48,On-Sale General - Bar/Tavern,ACTIVE,NewSaloon Fresno 1,William Anderson Thomas,733 7th Ln #361,Madera,CA,91668,Fresno,(559) 970-6859,2000-08-10,2001-08-10
48-673888,48,On-Sale General - Bar/Tavern,ACTIVE,TheLounge Fresno 38,Paul Miller,606 5th Blvd,Madera,CA,90559,Fresno,(559) 904-5541,2008-04-04,2009-04-04
48-288693,48,On-Sale General - Bar/Tavern,ACTIVE,Brewery Inc,Anthony Jackson,1472 State Rd,Madera,CA,94352,Fresno,(559) 743-4341,2019-02-05,2020-02-05
48-703145,48,On-Sale General - Bar/Tavern,ACTIVE,Tap Room Clovis Co,Jennifer Miller,6863 Ocean Pl,Clovis,CA,93226,Fresno,(559) 229-6281,2008-07-07,2009-07-07
48-265268,48,On-Sale General - Bar/Tavern,ACTIVE,Nightclub Clovis Inc,Paul Jackson,5517 Washington St,Clovis,CA,94096,Fresno,(559) 650-7775,2011-11-21,2012-11-21
48-397775,48,On-Sale General - Bar/Tavern,ACTIVE,NewClub Co 10,James Miller,7141 Lincoln Way #605,Fresno,CA,92241,Fresno,(559) 450-5919,2010-10-01,2011-10-01
48-992215,48,On-Sale General - Bar/Tavern,ACTIVE,Club Fresno,Maria Brown,8353 Oak Pl #453,Madera,CA,91215,Fresno,(559) 623-8790,2012-07-10,2013-07-10
48-221698,48,On-Sale General - Bar/Tavern,ACTIVE,Pub Group,Anthony Williams,1539 3rd Blvd #404,Clovis,CA,95970,Fresno,(559) 348-7305,2012-11-12,2013-11-12
48-254561,48,On-Sale General - Bar/Tavern,ACTIVE,Club Fresno,Lisa Martin Jackson,1425 Ocean Ln,Fresno,CA,95478,Fresno,(559) 997-3544,2024-09-07,2025-09-07
48-392854,48,On-Sale General - Bar/Tavern,ACTIVE,Brewery,David Brown,5024 Main Way,Madera,CA,94887,Fresno,(559) 503-5169,2014-05-22,2015-05-22
48-911362,48,On-Sale General - Bar/Tavern,ACTIVE,Bar Fresno Inc,Jennifer Johnson,5120 Front Ln,Madera,CA,94564,Fresno,(559) 649-4003,2000-01-24,2001-01-24
48-931288,48,On-Sale General - Bar/Tavern,ACTIVE,NewSaloon 60,Matthew Brown,1553 2nd Way,Madera,CA,93334,Fresno,(559) 762-1419,2024-03-24,2025-03-24
48-422520,48,On-Sale General - Bar/Tavern,ACTIVE,Pub Corp,Robert Smith,1011 State Way,Fresno,CA,92728,Fresno,(559) 494-6787,2014-09-26,2015-09-26
48-143265,48,On-Sale General - Bar/Tavern,ACTIVE,Lounge Fresno Group,Paul Brown,8372 Jefferson St #988,Fresno,CA,95270,Fresno,(559) 261-9954,2005-05-01,2006-05-01
48-668335,48,On-Sale General - Bar/Tavern,ACTIVE,Dive Bar Fresno Heights Corp,James Hernandez Miller,6522 Front St #840,Fresno,CA,93093,Fresno,(559) 565-4366,2017-07-06,2018-07-06
48-598433,48,On-Sale General - Bar/Tavern,ACTIVE,Tavern Madera LLC 23,Michael Williams Anderson,5089 Ocean Ave #991,Madera,CA,93280,Fresno,(559) 410-3127,2023-04-05,2024-04-05
48-358525,48,On-Sale General - Bar/Tavern,ACTIVE,OldNightclub Fresno 68,David Miller,3614 Broadway Blvd #166,Fresno,CA,95438,Fresno,(559) 547-1377,2011-06-14,2012-06-14
48-728377,48,On-Sale General - Bar/Tavern,ACTIVE,Tap Room Fresno LLC,Michael Hernandez Davis,9750 Washington Ave,Madera,CA,93363,Fresno,(559) 712-4599,2023-01-09,2024-01-09
48-780311,48,On-Sale General - Bar/Tavern,ACTIVE,Lounge Clovis,David Miller,2589 4th Ct,Clovis,CA,94519,Fresno,(559) 420-1381,2003-03-25,2004-03-25
48-274104,48,On-Sale General - Bar/Tavern,ACTIVE,Tap Room Fresno,Steven Wilson,1651 Hollywood Ln #322,Fresno,CA,94959,Fresno,(559) 446-1812,2011-07-11,2012-07-11
48-814309,48,On-Sale General - Bar/Tavern,ACTIVE,Lounge Madera Company,Anthony Miller,4660 3rd Blvd,Madera,CA,96061,Fresno,(559) 523-1875,2015-04-10,2016-04-10
48-387181,48,On-Sale General - Bar/Tavern,ACTIVE,Tap Room,Paul Garcia Anderson,345 Pico Rd,Clovis,CA,94057,Fresno,(559) 486-6637,2001-05-09,2002-05-09
48-933567,48,On-Sale General - Bar/Tavern,ACTIVE,Brewery LLC 17,Maria Hernandez Moore,5624 Pico Dr #987,Clovis,CA,92711,Fresno,(559) 666-4486,2014-06-05,2015-06-05
48-756515,48,On-Sale General - Bar/Tavern,ACTIVE,Dive Bar Fresno,Michelle Hernandez,5676 Washington Dr #303,Fresno,CA,90776,Fresno,(559) 268-9622,2019-11-08,2020-11-08
48-829680,48,On-Sale General - Bar/Tavern,ACTIVE,Brewery Fresno Corp,Michael Johnson,3510 2nd Dr,Clovis,CA,90659,Fresno,(559) 934-5903,2020-06-15,2021-06-15
48-906557,48,On-Sale General - Bar/Tavern,ACTIVE,Brewery 30,Michelle Wilson,1599 Front St,Madera,CA,90280,Fresno,(559) 311-5988,2003-08-04,2004-08-04
48-740701,48,On-Sale General - Bar/Tavern,ACTIVE,NewNightclub Madera Valley 12,John Gonzalez Davis,8605 Sunset St,Madera,CA,94872,Fresno,(559) 890-3594,2022-06-07,2023-06-07
48-926449,48,On-Sale General - Bar/Tavern,ACTIVE,Pub Clovis Heights,Steven Gonzalez,3344 Mission Ct,Clovis,CA,92134,Fresno,(559) 741-7424,2009-07-01,2010-07-01
48-750966,48,On-Sale General - Bar/Tavern,ACTIVE,Club Fresno,John Martin,1796 Ocean Dr,Clovis,CA,95492,Fresno,(559) 842-7425,2022-03-09,2023-03-09
48-485150,48,On-Sale General - Bar/Tavern,ACTIVE,Saloon,Steven Thomas Jones,829 Jefferson Way,Madera,CA,91303,Fresno,(559) 363-2239,2007-01-22,2008-01-22
48-370432,48,On-Sale General - Bar/Tavern,ACTIVE,Dive Bar Fresno Corp,Matthew Hernandez,6967 5th Ln,Fresno,CA,92996,Fresno,(559) 266-3573,2013-06-01,2014-06-01
48-581354,48,On-Sale General - Bar/Tavern,ACTIVE,Nightclub,Mark Lopez,446 6th Ave,Fresno,CA,93268,Fresno,(559) 854-6155,2018-02-18,2019-02-18
48-227166,48,On-Sale General - Bar/Tavern,ACTIVE,Bar Company,William Martin,5752 Main Blvd,Madera,CA,92633,Fresno,(559) 969-4135,2003-02-03,2004-02-03
48-756320,48,On-Sale General - Bar/Tavern,ACTIVE,Tavern Corp,Andrew Jackson Garcia,7679 6th Way #731,Madera,CA,93922,Fresno,(559) 851-1656,2018-02-28,2019-02-28
48-928096,48,On-Sale General - Bar/Tavern,ACTIVE,Tap Room Fresno Co,Daniel Hernandez Taylor,5663 2nd Pl,Fresno,CA,90538,Fresno,(559) 721-8291,2021-12-14,2022-12-14
48-517184,48,On-Sale General - Bar/Tavern,ACTIVE,NewNightclub Group 38,Christopher Rodriguez Smith,644 5th Blvd,Fresno,CA,90983,Fresno,(559) 491-7847,2006-10-07,2007-10-07
48-876542,48,On-Sale General - Bar/Tavern,ACTIVE,Bar Fresno,Lisa Smith,1705 Main Ln #312,Fresno,CA,95249,Fresno,(559) 416-9332,2013-11-21,2014-11-21
48-706744,48,On-Sale General - Bar/Tavern,ACTIVE,Lounge Madera Corp,Michael Moore,6957 4th Rd,Madera,CA,94272,Fresno,(559) 542-5323,2023-04-19,2024-04-19
48-538037,48,On-Sale General - Bar/Tavern,ACTIVE,Tavern Fresno,Andrew Miller,7586 Hollywood Ct,Madera,CA,93485,Fresno,(559) 273-6955,2016-08-09,2017-08-09
48-423926,48,On-Sale General - Bar/Tavern,ACTIVE,Pub Fresno Valley Inc,Andrew Thomas,1030 Washington Pl #535,Fresno,CA,91362,Fresno,(559) 262-7680,2003-10-04,2004-10-04
48-858180,48,On-Sale General - Bar/Tavern,ACTIVE,Club Madera Company,Kenneth Brown,8463 6th Ct,Madera,CA,95142,Fresno,(559) 433-7925,2015-10-14,2016-10-14
48-502302,48,On-Sale General - Bar/Tavern,ACTIVE,NewPub LLC 68,Michelle Anderson,1069 1st Rd #609,Clovis,CA,93213,Fresno,(559) 418-3281,2008-07-20,2009-07-20
48-683273,48,On-Sale General - Bar/Tavern,ACTIVE,Brewery,Andrew Rodriguez,4396 Hollywood Ct #830,Clovis,CA,90964,Fresno,(559) 619-8892,2016-07-18,2017-07-18
48-476568,48,On-Sale General - Bar/Tavern,ACTIVE,TheBrewery Company 70,Paul Lopez,2504 Sunset Blvd #197,Madera,CA,94993,Fresno,(559) 608-3038,2009-01-22,2010-01-22
48-631651,48,On-Sale General - Bar/Tavern,ACTIVE,OldDive Bar Madera Valley 37,Anthony Wilson,4766 Jefferson Ct,Madera,CA,94398,Fresno,(559) 329-6960,2003-04-06,2004-04-06
48-259883,48,On-Sale General - Bar/Tavern,ACTIVE,Nightclub,Robert Rodriguez,477 Wilshire Blvd,Clovis,CA,93236,Fresno,(559) 966-1100,2017-10-24,2018-10-24
48-130393,48,On-Sale General - Bar/Tavern,ACTIVE,Bar Fresno,Anthony Rodriguez,5016 Front Ave,Fresno,CA,91126,Fresno,(559) 689-9771,2002-10-25,2003-10-25
48-958795,48,On-Sale General - Bar/Tavern,ACTIVE,NewTavern Fresno 80,William Williams,9432 Lincoln Pl,Fresno,CA,92882,Fresno,(559) 958-4931,2023-07-08,2024-07-08
48-775993,48,On-Sale General - Bar/Tavern,ACTIVE,Tap Room Corp,Christopher Johnson,3271 Madison Blvd,Madera,CA,93409,Fresno,(559) 867-4938,2024-06-24,2025-06-24
48-777510,48,On-Sale General - Bar/Tavern,ACTIVE,Pub LLC,Jennifer Brown Jones,4532 Main Way #785,Fresno,CA,90345,Fresno,(559) 774-1946,2012-08-27,2013-08-27
48-170386,48,On-Sale General - Bar/Tavern,ACTIVE,Dive Bar Group,John Anderson,9274 Maple Ct,Clovis,CA,94685,Fresno,(559) 562-6607,2020-11-04,2021-11-04
48-844828,48,On-Sale General - Bar/Tavern,ACTIVE,NewSaloon Fresno 81,Matthew Jackson,2313 2nd Dr #666,Fresno,CA,91517,Fresno,(559) 203-3671,2000-09-27,2001-09-27
48-467505,48,On-Sale General - Bar/Tavern,ACTIVE,Tap Room Fresno,Maria Smith,4936 Front Way,Fresno,CA,91392,Fresno,(559) 629-6024,2024-09-24,2025-09-24
48-468920,48,On-Sale General - Bar/Tavern,ACTIVE,Saloon,Michelle Taylor Martin,6024 6th Dr #501,Clovis,CA,93279,Fresno,(559) 673-4768,2008-09-14,2009-09-14
48-318059,48,On-Sale General - Bar/Tavern,ACTIVE,Nightclub Fresno LLC,Maria Johnson,2966 Madison Pl,Madera,CA,91583,Fresno,(559) 682-3609,2013-06-21,2014-06-21
48-317585,48,On-Sale General - Bar/Tavern,ACTIVE,Nightclub Group,Steven Miller,7654 Broadway Ave #100,Fresno,CA,95521,Fresno,(559) 809-2897,2007-11-18,2008-11-18
48-835901,48,On-Sale General - Bar/Tavern,ACTIVE,Brewery,David Jones,9582 7th St,Clovis,CA,91081,Fresno,(559) 600-8511,2001-07-23,2002-07-23
48-651821,48,On-Sale General - Bar/Tavern,ACTIVE,Tap Room Corp 19,Kenneth Lopez,3051 Wilshire Ln,Fresno,CA,95666,Fresno,(559) 547-1586,2014-09-20,2015-09-20
48-546524,48,On-Sale General - Bar/Tavern,ACTIVE,OldClub Fresno 70,David Anderson,4431 1st Pl #648,Madera,CA,92988,Fresno,(559) 465-5578,2006-05-15,2007-05-15
48-526657,48,On-Sale General - Bar/Tavern,ACTIVE,Dive Bar Group,William Miller,584 3rd Pl,Clovis,CA,95490,Fresno,(559) 460-4229,2009-08-14,2010-08-14
48-629483,48,On-Sale General - Bar/Tavern,ACTIVE,NewSaloon Group 87,Paul Brown,1359 State Pl,Fresno,CA,95472,Fresno,(559) 727-1980,2014-04-09,2015-04-09
48-677354,48,On-Sale General - Bar/Tavern,ACTIVE,Tap Room,William Smith,361 Market Dr #366,Fresno,CA,91706,Fresno,(559) 901-7964,2009-06-26,2010-06-26
48-104994,48,On-Sale General - Bar/Tavern,ACTIVE,Brewery Inc,Lisa Davis,9518 Oak Way #964,Fresno,CA,94474,Fresno,(559) 237-3415,2011-06-11,2012-06-11
48-216573,48,On-Sale General - Bar/Tavern,ACTIVE,Tap Room,Mark Martin,7046 Franklin Rd #450,Fresno,CA,90477,Fresno,(559) 879-2518,2000-08-07,2001-08-07
48-622017,48,On-Sale General - Bar/Tavern,ACTIVE,OldSaloon Madera LLC 37,Matthew Martin,5451 Jefferson Pl,Madera,CA,92388,Fresno,(559) 499-2574,2011-06-20,2012-06-20
48-278306,48,On-Sale General - Bar/Tavern,ACTIVE,TheBar Clovis 35,Jennifer Anderson,6692 Main St,Clovis,CA,94201,Fresno,(559) 906-8158,2000-11-12,2001-11-12
48-829366,48,On-Sale General - Bar/Tavern,ACTIVE,Brewery,Steven Jones,7497 Main Way,Clovis,CA,93648,Fresno,(559) 579-5203,2024-06-19,2025-06-19
48-800075,48,On-Sale General - Bar/Tavern,ACTIVE,Tap Room Fresno Corp,Maria Rodriguez,7824 1st St,Fresno,CA,94184,Fresno,(559) 731-6424,2002-10-26,2003-10-26
48-111975,48,On-Sale General - Bar/Tavern,ACTIVE,Tap Room,David Brown,8873 4th Dr,Clovis,CA,95065,Fresno,(559) 276-8792,2011-04-10,2012-04-10
48-282174,48,On-Sale General - Bar/Tavern,ACTIVE,Bar Group,Daniel Lopez Gonzalez,2788 Oak Blvd,Fresno,CA,95834,Fresno,(559) 941-1921,2021-06-16,2022-06-16
48-263521,48,On-Sale General - Bar/Tavern,ACTIVE,Lounge Fresno,James Martin,7835 Main Ct,Madera,CA,91304,Fresno,(559) 283-6839,2018-04-17,2019-04-17
48-211464,48,On-Sale General - Bar/Tavern,ACTIVE,Nightclub Group 76,David Jones,9787 Sunset Ct,Madera,CA,93314,Fresno,(559) 653-9269,2021-09-05,2022-09-05
48-667939,48,On-Sale General - Bar/Tavern,ACTIVE,Club Fresno Company,Steven Taylor,401 Washington St,Clovis,CA,95668,Fresno,(559) 921-5511,2024-12-27,2025-12-27
48-377453,48,On-Sale General - Bar/Tavern,ACTIVE,Pub,Maria Taylor,6616 Broadway Ct,Clovis,CA,91348,Fresno,(559) 210-5359,2009-06-26,2010-06-26
48-136632,48,On-Sale General - Bar/Tavern,ACTIVE,Nightclub,Kenneth Jones,4122 Pico St #144,Clovis,CA,91083,Fresno,(559) 821-5660,2008-02-03,2009-02-03
48-881194,48,On-Sale General - Bar/Tavern,ACTIVE,Tap Room Fresno 32,David Gonzalez,5184 5th Ave,Madera,CA,95778,Fresno,(559) 485-7707,2008-04-08,2009-04-08
48-836457,48,On-Sale General - Bar/Tavern,ACTIVE,TheLounge Fresno Corp 95,Mark Jones Garcia,2522 Pico Rd,Fresno,CA,92857,Fresno,(559) 443-4510,2022-05-09,2023-05-09
48-568800,48,On-Sale General - Bar/Tavern,ACTIVE,OldTap Room Fresno Corp 9,John Lopez Hernandez,293 Pico Dr,Fresno,CA,93533,Fresno,(559) 244-9909,2001-04-17,2002-04-17
48-328966,48,On-Sale General - Bar/Tavern,ACTIVE,OldLounge 35,Maria Rodriguez,2664 Washington Pl,Clovis,CA,93491,Fresno,(559) 836-9168,2014-01-26,2015-01-26
48-936189,48,On-Sale General - Bar/Tavern,ACTIVE,Bar Fresno Group,Michelle Davis Moore,3343 Oak Way,Clovis,CA,93062,Fresno,(559) 621-5029,2017-09-02,2018-09-02
48-824518,48,On-Sale General - Bar/Tavern,ACTIVE,Dive Bar Inc,William Williams Johnson,5037 4th Ln #586,Madera,CA,93662,Fresno,(559) 992-9564,2014-05-06,2015-05-06
48-458587,48,On-Sale General - Bar/Tavern,ACTIVE,Brewery,James Taylor,404 Broadway Rd,Clovis,CA,94592,Fresno,(559) 837-3311,2017-04-28,2018-04-28
48-693554,48,On-Sale General - Bar/Tavern,ACTIVE,Nightclub Fresno Corp,Christopher Jones,7321 Front Dr,Clovis,CA,92967,Fresno,(559) 693-8517,2015-06-17,2016-06-17
48-865306,48,On-Sale General - Bar/Tavern,ACTIVE,TheLounge Clovis Heights Corp 51,Michael Thomas,5518 Mission Ave,Clovis,CA,95581,Fresno,(559) 673-8499,2004-05-25,2005-05-25
48-105774,48,On-Sale General - Bar/Tavern,ACTIVE,NewTavern Fresno Inc 60,James Taylor,4709 Madison St,Fresno,CA,94622,Fresno,(559) 301-5298,2003-11-10,2004-11-10
48-126468,48,On-Sale General - Bar/Tavern,ACTIVE,TheTap Room Fresno Valley Inc 74,Jennifer Garcia,6181 Sunset St #336,Fresno,CA,94835,Fresno,(559) 525-4249,2004-12-11,2005-12-11
48-194058,48,On-Sale General - Bar/Tavern,ACTIVE,Brewery Corp,Maria Smith,8040 Wilshire Dr,Madera,CA,95515,Fresno,(559) 959-2934,2021-06-07,2022-06-07
48-941819,48,On-Sale General - Bar/Tavern,ACTIVE,Brewery Fresno,Matthew Jackson,9795 Jefferson Ln,Madera,CA,93676,Fresno,(559) 890-7968,2009-03-23,2010-03-23
48-610209,48,On-Sale General - Bar/Tavern,ACTIVE,NewLounge Corp 30,Matthew Wilson,7767 Ocean Dr,Madera,CA,94752,Fresno,(559) 999-8138,2017-08-12,2018-08-12
48-330829,48,On-Sale General - Bar/Tavern,ACTIVE,Tap Room Fresno Inc,Kenneth Miller,8324 Main Pl,Fresno,CA,91909,Fresno,(559) 841-8754,2014-05-24,2015-05-24
48-298479,48,On-Sale General - Bar/Tavern,ACTIVE,Brewery LLC,Jennifer Garcia Smith,578 Madison Blvd,Madera,CA,95235,Fresno,(559) 373-9058,2013-09-11,2014-09-11
48-931738,48,On-Sale General - Bar/Tavern,ACTIVE,Tavern Clovis,David Williams,7021 Washington St,Clovis,CA,94569,Fresno,(559) 973-4276,2020-07-11,2021-07-11
48-765315,48,On-Sale General - Bar/Tavern,ACTIVE,TheSaloon LLC 3,Daniel Jones,4338 Main Blvd,Fresno,CA,95381,Fresno,(559) 566-5081,2004-07-28,2005-07-28
48-862080,48,On-Sale General - Bar/Tavern,ACTIVE,Dive Bar Fresno Corp,David Wilson,6135 7th St,Clovis,CA,95538,Fresno,(559) 217-3533,2011-03-12,2012-03-12
48-304670,48,On-Sale General - Bar/Tavern,ACTIVE,Club Clovis,Paul Thomas,1548 Hollywood Ct #812,Clovis,CA,95773,Fresno,(559) 741-4638,2023-12-05,2024-12-05
48-896033,48,On-Sale General - Bar/Tavern,ACTIVE,Tap Room Co,Daniel Rodriguez,2784 Maple Ct,Fresno,CA,95392,Fresno,(559) 454-1093,2002-01-07,2003-01-07
48-622849,48,On-Sale General - Bar/Tavern,ACTIVE,Saloon LLC,Christopher Rodriguez,1935 Lincoln Way,Fresno,CA,91771,Fresno,(559) 660-1201,2005-07-13,2006-07-13
48-970598,48,On-Sale General - Bar/Tavern,ACTIVE,OldNightclub Madera 46,Andrew Johnson,9034 Washington Rd,Madera,CA,90064,Fresno,(559) 561-4748,2019-06-28,2020-06-28
48-365075,48,On-Sale General - Bar/Tavern,ACTIVE,Tavern Clovis,Paul Lopez,9523 Pico Pl,Clovis,CA,90201,Fresno,(559) 541-9227,2010-03-16,2011-03-16
48-745730,48,On-Sale General - Bar/Tavern,ACTIVE,Dive Bar Madera Inc,Andrew Martin,6552 Ocean Ln,Madera,CA,93829,Fresno,(559) 627-7226,2015-12-08,2016-12-08
48-776896,48,On-Sale General - Bar/Tavern,ACTIVE,Club Corp,Matthew Smith,612 State Ct,Madera,CA,92972,Fresno,(559) 400-5223,2017-03-06,2018-03-06
48-919669,48,On-Sale General - Bar/Tavern,ACTIVE,Bar Madera Heights 48,Mark Smith,4196 Madison Ln,Madera,CA,95207,Fresno,(559) 905-1542,2021-07-28,2022-07-28
48-485024,48,On-Sale General - Bar/Tavern,ACTIVE,Tavern,David Miller,7170 Washington Ln,Fresno,CA,90504,Fresno,(559) 998-6712,2022-01-19,2023-01-19
48-737395,48,On-Sale General - Bar/Tavern,ACTIVE,Saloon Fresno Co,Steven Jackson,8454 Jefferson St,Clovis,CA,94460,Fresno,(559) 626-4953,2008-07-11,2009-07-11
48-367768,48,On-Sale General - Bar/Tavern,ACTIVE,Nightclub Clovis,Maria Rodriguez,3401 4th Rd,Clovis,CA,93507,Fresno,(559) 314-5236,2009-02-08,2010-02-08
48-795529,48,On-Sale General - Bar/Tavern,ACTIVE,Lounge Clovis Group,Robert Martinez,8072 6th St #394,Clovis,CA,90983,Fresno,(559) 361-6559,2014-12-09,2015-12-09
48-868119,48,On-Sale General - Bar/Tavern,ACTIVE,Tap Room Madera Valley 18,Daniel Brown Brown,7981 Washington Dr,Madera,CA,90713,Fresno,(559) 560-5885,2011-06-28,2012-06-28
48-537083,48,On-Sale General - Bar/Tavern,ACTIVE,Saloon,James Lopez Hernandez,1787 4th Pl #379,Clovis,CA,95935,Fresno,(559) 533-3138,2022-06-06,2023-06-06
48-117243,48,On-Sale General - Bar/Tavern,ACTIVE,Pub LLC,Anthony Rodriguez,7118 Broadway St,Clovis,CA,92663,Fresno,(559) 238-9801,2015-03-28,2016-03-28
48-181381,48,On-Sale General - Bar/Tavern,ACTIVE,Pub Madera Hills,Steven Miller,2547 Mission Ln #407,Madera,CA,96169,Fresno,(559) 413-5332,2017-03-01,2018-03-01
48-908613,48,On-Sale General - Bar/Tavern,ACTIVE,Dive Bar Group,Matthew Hernandez,1272 Front Ave,Madera,CA,93181,Fresno,(559) 823-8123,2016-07-17,2017-07-17
48-316642,48,On-Sale General - Bar/Tavern,ACTIVE,Club,Matthew Smith,153 Hollywood Way,Madera,CA,93203,Fresno,(559) 308-8770,2010-03-20,2011-03-20
48-603205,48,On-Sale General - Bar/Tavern,ACTIVE,Brewery Fresno Hills LLC,James Jackson,3404 Jefferson Blvd #909,Fresno,CA,90596,Fresno,(559) 699-5983,2014-05-08,2015-05-08
48-496234,48,On-Sale General - Bar/Tavern,ACTIVE,TheNightclub Madera Company 23,Andrew Hernandez,1846 Main Ct,Madera,CA,92936,Fresno,(559) 411-7998,2024-03-11,2025-03-11
48-574288,48,On-Sale General - Bar/Tavern,ACTIVE,Tavern 56,Michelle Garcia,5517 Hollywood Ln,Clovis,CA,93856,Fresno,(559) 371-9049,2022-07-12,2023-07-12
48-509277,48,On-Sale General - Bar/Tavern,ACTIVE,Tavern Fresno Valley Inc,John Miller,8478 6th Ct #625,Fresno,CA,91595,Fresno,(559) 530-2394,2020-03-14,2021-03-14
48-452010,48,On-Sale General - Bar/Tavern,ACTIVE,Lounge Clovis Corp,John Brown Hernandez,511 4th Dr #396,Clovis,CA,91644,Fresno,(559) 443-6246,2001-06-18,2002-06-18
48-743930,48,On-Sale General - Bar/Tavern,ACTIVE,Tap Room,Mark Martin,866 Washington Ln #575,Fresno,CA,93258,Fresno,(559) 509-5213,2021-02-28,2022-02-28
48-111610,48,On-Sale General - Bar/Tavern,ACTIVE,Nightclub Co 80,Kenneth Moore,4897 Oak St,Clovis,CA,91111,Fresno,(559) 647-2255,2010-01-04,2011-01-04
48-699561,48,On-Sale General - Bar/Tavern,ACTIVE,Nightclub,William Wilson,5004 Sunset Ln,Fresno,CA,92326,Fresno,(559) 418-6627,2002-11-13,2003-11-13
48-386039,48,On-Sale General - Bar/Tavern,ACTIVE,Tap Room Clovis Heights Co,James Thomas Johnson,3555 Market Way,Clovis,CA,92305,Fresno,(559) 783-5563,2021-01-15,2022-01-15
48-247465,48,On-Sale General - Bar/Tavern,ACTIVE,Brewery Fresno Valley,Matthew Williams,7754 Mission Ave,Fresno,CA,92787,Fresno,(559) 426-9000,2012-04-14,2013-04-14
48-795026,48,On-Sale General - Bar/Tavern,ACTIVE,Pub,James Davis,3778 Lincoln Rd,Madera,CA,95871,Fresno,(559) 946-9647,2024-09-08,2025-09-08
48-689539,48,On-Sale General - Bar/Tavern,ACTIVE,Pub Group,David Taylor,368 6th St,Clovis,CA,95163,Fresno,(559) 253-9788,2005-08-26,2006-08-26
48-469133,48,On-Sale General - Bar/Tavern,ACTIVE,Lounge Inc,William Miller,7660 5th Way #955,Madera,CA,94800,Fresno,(559) 318-1624,2003-12-25,2004-12-25
48-527102,48,On-Sale General - Bar/Tavern,ACTIVE,Dive Bar Fresno 51,Paul Miller,4688 Maple Rd,Fresno,CA,92901,Fresno,(559) 470-9062,2022-02-07,2023-02-07
48-674344,48,On-Sale General - Bar/Tavern,ACTIVE,OldClub 78,Andrew Jones,7297 Mission Dr #678,Clovis,CA,91808,Fresno,(559) 250-4093,2006-11-02,2007-11-02
48-647441,48,On-Sale General - Bar/Tavern,ACTIVE,Pub Fresno Corp,Michelle Taylor,6425 7th Pl,Fresno,CA,92993,Fresno,(559) 231-6356,2011-05-01,2012-05-01
48-712819,48,On-Sale General - Bar/Tavern,ACTIVE,Bar,Andrew Smith Martin,9060 1st Pl #725,Madera,CA,94483,Fresno,(559) 507-5519,2019-03-04,2020-03-04
48-203103,48,On-Sale General - Bar/Tavern,ACTIVE,OldPub Clovis 64,Michael Gonzalez,7769 Front Way,Clovis,CA,92048,Fresno,(559) 273-9668,2001-01-27,2002-01-27
48-512718,48,On-Sale General - Bar/Tavern,ACTIVE,Dive Bar,David Anderson,7984 Sunset Ct,Madera,CA,90615,Fresno,(559) 921-9205,2018-06-28,2019-06-28
48-336166,48,On-Sale General - Bar/Tavern,ACTIVE,Nightclub Fresno Inc,Robert Brown,4963 3rd Blvd,Madera,CA,93673,Fresno,(559) 308-6068,2010-01-05,2011-01-05
48-609725,48,On-Sale General - Bar/Tavern,ACTIVE,TheDive Bar Fresno Valley Company 77,Kenneth Brown,1766 Pico St #685,Fresno,CA,95779,Fresno,(559) 537-7373,2000-09-10,2001-09-10
48-416873,48,On-Sale General - Bar/Tavern,ACTIVE,Club Fresno,Matthew Brown Moore,4906 Oak Ave,Fresno,CA,94334,Fresno,(559) 822-7066,2016-10-18,2017-10-18
48-753488,48,On-Sale General - Bar/Tavern,ACTIVE,Lounge,Steven Johnson,4379 Maple Ln,Fresno,CA,90203,Fresno,(559) 694-4514,2013-03-05,2014-03-05
48-981447,48,On-Sale General - Bar/Tavern,ACTIVE,OldTap Room LLC 28,Andrew Gonzalez,9997 Mission Pl,Clovis,CA,92376,Fresno,(559) 555-2037,2004-02-26,2005-02-26
48-264662,48,On-Sale General - Bar/Tavern,ACTIVE,NewLounge Madera 79,David Hernandez,8894 6th Dr #837,Madera,CA,94153,Fresno,(559) 448-3188,2021-12-20,2022-12-20
48-362175,48,On-Sale General - Bar/Tavern,ACTIVE,NewLounge Co 50,John Hernandez Moore,2368 4th St,Clovis,CA,94473,Fresno,(559) 759-7348,2023-03-05,2024-03-05
48-419032,48,On-Sale General - Bar/Tavern,ACTIVE,Brewery Corp,David Martin,4564 Sunset Dr #567,Madera,CA,92840,Fresno,(559) 834-2971,2010-12-05,2011-12-05
48-618230,48,On-Sale General - Bar/Tavern,ACTIVE,Nightclub,David Williams,5022 2nd Rd,Clovis,CA,90442,Fresno,(559) 392-4893,2012-06-19,2013-06-19
48-252274,48,On-Sale General - Bar/Tavern,ACTIVE,TheTavern Company 98,Daniel Lopez,9974 7th Rd #130,Clovis,CA,94738,Fresno,(559) 761-9724,2024-10-08,2025-10-08
48-504168,48,On-Sale General - Bar/Tavern,ACTIVE,Brewery Fresno Corp,Kenneth Miller,5591 Front St,Clovis,CA,93782,Fresno,(559) 504-7158,2008-08-27,2009-08-27
48-170058,48,On-Sale General - Bar/Tavern,ACTIVE,Tap Room Clovis Hills Co,Christopher Anderson Rodriguez,9417 Franklin St,Clovis,CA,92610,Fresno,(559) 850-3360,2014-12-21,2015-12-21
48-182791,48,On-Sale General - Bar/Tavern,ACTIVE,Nightclub,David Jones Martinez,9472 Front Ct,Fresno,CA,90619,Fresno,(559) 305-7680,2006-09-08,2007-09-08
48-652692,48,On-Sale General - Bar/Tavern,ACTIVE,Bar,Michael Martin,1728 Maple Ave,Clovis,CA,92101,Fresno,(559) 993-5982,2010-04-17,2011-04-17
48-108404,48,On-Sale General - Bar/Tavern,ACTIVE,Bar Madera Valley,John Miller,2169 Washington Ln #211,Madera,CA,93309,Fresno,(559) 303-3867,2008-03-04,2009-03-04
48-478155,48,On-Sale General - Bar/Tavern,ACTIVE,Tavern Fresno,Maria Johnson,6415 4th St,Fresno,CA,90478,Fresno,(559) 327-9328,2001-07-16,2002-07-16
48-761512,48,On-Sale General - Bar/Tavern,ACTIVE,Brewery,Anthony Johnson,5715 Mission Ct #166,Fresno,CA,95615,Fresno,(559) 897-5582,2017-04-09,2018-04-09
48-914370,48,On-Sale General - Bar/Tavern,ACTIVE,OldSaloon 92,James Rodriguez,2728 State Dr,Madera,CA,94815,Fresno,(559) 922-1167,2022-10-23,2023-10-23
48-941195,48,On-Sale General - Bar/Tavern,ACTIVE,Bar Fresno,Anthony Thomas,5255 6th Way #264,Fresno,CA,95820,Fresno,(559) 670-7086,2004-04-03,2005-04-03
48-911182,48,On-Sale General - Bar/Tavern,ACTIVE,Brewery Fresno Corp,Daniel Smith,9459 5th Blvd,Fresno,CA,94641,Fresno,(559) 598-3760,2021-05-08,2022-05-08
48-805039,48,On-Sale General - Bar/Tavern,ACTIVE,Tavern Madera Valley Group,Andrew Rodriguez,2438 Oak Rd,Madera,CA,90018,Fresno,(559) 281-6288,2002-03-10,2003-03-10
48-874517,48,On-Sale General - Bar/Tavern,ACTIVE,Tavern Clovis,Michael Martinez,5254 Wilshire Dr,Clovis,CA,91325,Fresno,(559) 827-6298,2010-12-21,2011-12-21
48-961988,48,On-Sale General - Bar/Tavern,ACTIVE,Dive Bar Co,Michelle Miller Martinez,3970 3rd St,Clovis,CA,91180,Fresno,(559) 880-2377,2018-02-12,2019-02-12
48-594590,48,On-Sale General - Bar/Tavern,ACTIVE,Tap Room Clovis Valley Group,Christopher Williams,3220 Broadway St #171,Clovis,CA,92265,Fresno,(559) 790-7672,2022-03-09,2023-03-09
48-983570,48,On-Sale General - Bar/Tavern,ACTIVE,NewSaloon Madera Heights 64,Kenneth Jackson,3137 1st Rd,Madera,CA,94276,Fresno,(559) 906-6223,2003-09-15,2004-09-15
48-455718,48,On-Sale General - Bar/Tavern,ACTIVE,Bar Co,William Smith,1898 Main Blvd,Clovis,CA,92266,Fresno,(559) 487-7418,2013-08-16,2014-08-16
48-164699,48,On-Sale General - Bar/Tavern,ACTIVE,Dive Bar Inc,Mark Davis,4157 Main Ct,Fresno,CA,92448,Fresno,(559) 737-4526,2016-10-26,2017-10-26
48-840448,48,On-Sale General - Bar/Tavern,ACTIVE,Dive Bar Fresno,Matthew Gonzalez,3284 Market Pl,Clovis,CA,93824,Fresno,(559) 629-3301,2003-02-03,2004-02-03
48-626064,48,On-Sale General - Bar/Tavern,ACTIVE,Brewery Fresno Inc,Maria Thomas Jones,7449 Franklin Pl #321,Fresno,CA,94242,Fresno,(559) 821-9316,2015-11-21,2016-11-21
48-571492,48,On-Sale General - Bar/Tavern,ACTIVE,Lounge Inc,Paul Garcia,3616 Franklin Ave,Madera,CA,93853,Fresno,(559) 383-9377,2020-11-12,2021-11-12
48-171751,48,On-Sale General - Bar/Tavern,ACTIVE,Nightclub Madera Company,Steven Williams,8856 6th Ave,Madera,CA,93102,Fresno,(559) 935-2801,2005-12-21,2006-12-21
48-995890,48,On-Sale General - Bar/Tavern,ACTIVE,OldTavern Clovis 72,Steven Lopez,800 3rd Rd,Clovis,CA,90758,Fresno,(559) 512-3808,2014-08-06,2015-08-06
48-679902,48,On-Sale General - Bar/Tavern,ACTIVE,Nightclub Inc,John Martin,4013 Main Pl #275,Clovis,CA,96022,Fresno,(559) 559-8624,2003-12-05,2004-12-05
48-421418,48,On-Sale General - Bar/Tavern,ACTIVE,Nightclub Fresno Inc,Mark Miller,6880 Hollywood Way #262,Madera,CA,90035,Fresno,(559) 412-6835,2008-12-26,2009-12-26
48-774718,48,On-Sale General - Bar/Tavern,ACTIVE,NewBrewery Clovis LLC 24,Michael Williams,1749 2nd Pl,Clovis,CA,90765,Fresno,(559) 449-6617,2012-12-01,2013-12-01
48-322841,48,On-Sale General - Bar/Tavern,ACTIVE,Tap Room Corp,Paul Jackson,8746 2nd Ave #704,Fresno,CA,91414,Fresno,(559) 436-4162,2000-10-19,2001-10-19
48-594501,48,On-Sale General - Bar/Tavern,ACTIVE,TheLounge Group 95,Anthony Garcia,5097 Main Dr,Clovis,CA,93409,Fresno,(559) 518-5765,2016-06-12,2017-06-12
48-382865,48,On-Sale General - Bar/Tavern,ACTIVE,Club,Matthew Johnson,3610 Oak St,Fresno,CA,93725,Fresno,(559) 899-5981,2001-01-15,2002-01-15
48-583725,48,On-Sale General - Bar/Tavern,ACTIVE,Saloon Madera Inc,Maria Smith,4351 7th Ln,Madera,CA,94588,Fresno,(559) 395-9657,2017-02-01,2018-02-01
48-677260,48,On-Sale General - Bar/Tavern,ACTIVE,Pub Fresno Valley,Michael Davis Thomas,5017 Ocean Ct,Fresno,CA,95543,Fresno,(559) 907-4378,2005-11-23,2006-11-23
48-616779,48,On-Sale General - Bar/Tavern,ACTIVE,Tap Room Fresno Heights Company,Robert Garcia,296 4th Rd,Fresno,CA,93249,Fresno,(559) 639-5561,2023-08-02,2024-08-02
48-619535,48,On-Sale General - Bar/Tavern,ACTIVE,Brewery Fresno Hills,Matthew Jackson,1783 1st Ct #449,Fresno,CA,92079,Fresno,(559) 480-1683,2006-03-11,2007-03-11
48-756448,48,On-Sale General - Bar/Tavern,ACTIVE,Tap Room Madera,Anthony Jones,5876 7th Dr,Madera,CA,93151,Fresno,(559) 832-4804,2015-12-25,2016-12-25
48-719083,48,On-Sale General - Bar/Tavern,ACTIVE,TheLounge 66,Maria Gonzalez,7451 Jefferson Ave,Fresno,CA,94097,Fresno,(559) 367-7946,2014-06-08,2015-06-08
48-145003,48,On-Sale General - Bar/Tavern,ACTIVE,OldTavern Madera Valley LLC 82,Kenneth Martinez,2234 Mission Rd,Madera,CA,94013,Fresno,(559) 310-1648,2021-08-18,2022-08-18
48-684909,48,On-Sale General - Bar/Tavern,ACTIVE,Nightclub Fresno Hills Group,Daniel Lopez,8770 Main Rd,Fresno,CA,95436,Fresno,(559) 903-3826,2009-08-15,2010-08-15
48-650726,48,On-Sale General - Bar/Tavern,ACTIVE,TheTavern Fresno Corp 89,Mark Gonzalez,8849 Sunset Way #851,Clovis,CA,93242,Fresno,(559) 462-5479,2007-04-17,2008-04-17
48-327949,48,On-Sale General - Bar/Tavern,ACTIVE,Dive Bar Fresno Inc 62,David Gonzalez,3766 Sunset St #448,Madera,CA,90055,Fresno,(559) 573-6340,2009-02-04,2010-02-04
48-923996,48,On-Sale General - Bar/Tavern,ACTIVE,OldClub Fresno Heights 41,Paul Jackson,1641 6th Rd,Fresno,CA,91464,Fresno,(559) 431-1959,2019-12-12,2020-12-12
48-712929,48,On-Sale General - Bar/Tavern,ACTIVE,Pub Company,John Thomas,3733 Main Dr,Fresno,CA,90176,Fresno,(559) 815-4250,2011-03-21,2012-03-21
48-772103,48,On-Sale General - Bar/Tavern,ACTIVE,Dive Bar Company 66,Kenneth Smith,1668 1st St,Fresno,CA,95308,Fresno,(559) 493-3211,2016-07-06,2017-07-06
48-548537,48,On-Sale General - Bar/Tavern,ACTIVE,NewNightclub Fresno LLC 62,Steven Johnson,6474 Jefferson Dr,Fresno,CA,92315,Fresno,(559) 242-7499,2018-11-26,2019-11-26
48-360134,48,On-Sale General - Bar/Tavern,ACTIVE,Nightclub Company,John Thomas Taylor,1821 Wilshire Pl #341,Madera,CA,93773,Fresno,(559) 842-3420,2018-05-14,2019-05-14
48-324569,48,On-Sale General - Bar/Tavern,ACTIVE,Bar Fresno,David Wilson Williams,3574 Oak Way,Fresno,CA,93165,Fresno,(559) 491-8039,2003-02-17,2004-02-17
48-360495,48,On-Sale General - Bar/Tavern,ACTIVE,OldLounge Group 21,David Moore,5404 Lincoln Ct,Clovis,CA,95073,Fresno,(559) 815-6610,2001-08-22,2002-08-22
48-166751,48,On-Sale General - Bar/Tavern,ACTIVE,Brewery Company 30,Robert Miller Martin,1225 Mission Rd,Madera,CA,92172,Fresno,(559) 951-6705,2004-08-09,2005-08-09
48-898193,48,On-Sale General - Bar/Tavern,ACTIVE,Lounge,Lisa Johnson Hernandez,8052 3rd Ave,Clovis,CA,92435,Fresno,(559) 751-1192,2008-07-05,2009-07-05
48-718181,48,On-Sale General - Bar/Tavern,ACTIVE,Nightclub Company,Jennifer Thomas,3425 Mission Pl,Madera,CA,90050,Fresno,(559) 492-2350,2022-01-06,2023-01-06
48-926554,48,On-Sale General - Bar/Tavern,ACTIVE,Club,Daniel Lopez,8998 State Rd,Clovis,CA,95232,Fresno,(559) 423-6595,2007-02-25,2008-02-25
48-642230,48,On-Sale General - Bar/Tavern,ACTIVE,Tap Room Co,David Jackson Martinez,4996 Broadway Ln #792,Madera,CA,90578,Fresno,(559) 929-3398,2000-03-01,2001-03-01
48-961207,48,On-Sale General - Bar/Tavern,ACTIVE,Club Clovis Company,Christopher Brown Thomas,4518 Hollywood Ave #494,Clovis,CA,90795,Fresno,(559) 715-3537,2002-11-09,2003-11-09
48-764251,48,On-Sale General - Bar/Tavern,ACTIVE,Bar Clovis LLC,Kenneth Thomas,2301 Market Ln #976,Clovis,CA,93006,Fresno,(559) 802-6963,2009-05-27,2010-05-27
48-980814,48,On-Sale General - Bar/Tavern,ACTIVE,Lounge,Mark Thomas,7877 3rd Blvd,Madera,CA,91860,Fresno,(559) 744-9988,2020-03-08,2021-03-08
48-365004,48,On-Sale General - Bar/Tavern,ACTIVE,Bar Fresno Corp,Steven Anderson,4548 1st Ln,Clovis,CA,90279,Fresno,(559) 332-4963,2016-01-19,2017-01-19
48-911525,48,On-Sale General - Bar/Tavern,ACTIVE,Brewery Clovis Inc,David Miller Rodriguez,1720 2nd St #832,Clovis,CA,95740,Fresno,(559) 536-1446,2011-03-28,2012-03-28
48-370013,48,On-Sale General - Bar/Tavern,ACTIVE,Lounge Fresno LLC,Michael Wilson,205 Madison Blvd,Fresno,CA,92548,Fresno,(559) 318-5023,2021-10-12,2022-10-12
48-293642,48,On-Sale General - Bar/Tavern,ACTIVE,TheDive Bar Clovis 24,Michelle Davis,4088 Oak Rd,Clovis,CA,95614,Fresno,(559) 304-8606,2012-07-27,2013-07-27
48-870592,48,On-Sale General - Bar/Tavern,ACTIVE,TheSaloon Clovis Heights LLC 59,Jennifer Gonzalez,3079 Pico Ln #768,Clovis,CA,90545,Fresno,(559) 400-3336,2020-10-26,2021-10-26
48-783332,48,On-Sale General - Bar/Tavern,ACTIVE,OldNightclub Fresno Corp 43,Daniel Hernandez,9885 2nd Ave,Fresno,CA,94306,Fresno,(559) 665-9759,2008-10-18,2009-10-18
48-509214,48,On-Sale General - Bar/Tavern,ACTIVE,NewTavern 31,Jennifer Brown,876 Sunset Dr,Clovis,CA,90197,Fresno,(559) 602-7457,2013-11-24,2014-11-24
48-456609,48,On-Sale General - Bar/Tavern,ACTIVE,Bar Fresno Hills,Michelle Davis,4316 Washington Ct,Fresno,CA,90065,Fresno,(559) 608-4190,2018-04-13,2019-04-13
48-734435,48,On-Sale General - Bar/Tavern,ACTIVE,Bar Co,Steven Anderson,8758 Jefferson Blvd,Madera,CA,93172,Fresno,(559) 791-6995,2001-02-26,2002-02-26
48-772911,48,On-Sale General - Bar/Tavern,ACTIVE,OldTap Room Fresno Corp 84,Andrew Martinez,887 Broadway Ln,Madera,CA,92287,Fresno,(559) 219-5310,2003-09-21,2004-09-21
48-308332,48,On-Sale General - Bar/Tavern,ACTIVE,Nightclub Clovis,Paul Martinez,2930 Maple Ln,Clovis,CA,95837,Fresno,(559) 458-7783,2005-09-08,2006-09-08
48-434971,48,On-Sale General - Bar/Tavern,ACTIVE,Dive Bar Fresno Hills Co 6,Maria Jones,2694 Lincoln Ave,Fresno,CA,93057,Fresno,(559) 383-9238,2010-06-02,2011-06-02
48-231458,48,On-Sale General - Bar/Tavern,ACTIVE,Lounge Corp,Andrew Garcia,8162 6th Blvd,Clovis,CA,93597,Fresno,(559) 225-7610,2001-07-07,2002-07-07
48-669314,48,On-Sale General - Bar/Tavern,ACTIVE,Tavern Company,Paul Jackson,1621 Market Rd #311,Clovis,CA,93265,Fresno,(559) 819-8415,2011-07-18,2012-07-18
48-672904,48,On-Sale General - Bar/Tavern,ACTIVE,Tavern,Mark Johnson,4153 Franklin Ct,Madera,CA,91972,Fresno,(559) 338-7329,2016-08-08,2017-08-08
48-626985,48,On-Sale General - Bar/Tavern,ACTIVE,Pub Madera Corp,Robert Johnson,7821 Wilshire Ave #758,Madera,CA,95934,Fresno,(559) 578-2476,2014-11-23,2015-11-23
48-770679,48,On-Sale General - Bar/Tavern,ACTIVE,Bar Clovis 39,Kenneth Gonzalez,8467 Jefferson Blvd,Clovis,CA,90872,Fresno,(559) 289-2067,2008-11-08,2009-11-08
48-680497,48,On-Sale General - Bar/Tavern,ACTIVE,Bar Fresno Co,Michelle Martinez Davis,6271 Wilshire Blvd #728,Fresno,CA,90083,Fresno,(559) 263-5247,2022-02-24,2023-02-24
48-972833,48,On-Sale General - Bar/Tavern,ACTIVE,Saloon,Daniel Martinez,2080 7th Ln,Clovis,CA,95891,Fresno,(559) 232-3689,2016-03-27,2017-03-27
48-595471,48,On-Sale General - Bar/Tavern,ACTIVE,Saloon Fresno,Anthony Taylor,9871 Washington Ln,Madera,CA,92889,Fresno,(559) 798-2027,2004-03-28,2005-03-28
48-869992,48,On-Sale General - Bar/Tavern,ACTIVE,Lounge Fresno LLC,Mark Moore,4483 5th Way #708,Fresno,CA,95442,Fresno,(559) 921-3514,2004-01-14,2005-01-14
48-923770,48,On-Sale General - Bar/Tavern,ACTIVE,NewDive Bar Clovis Heights Corp 91,Christopher Gonzalez,8211 State Pl #260,Clovis,CA,93948,Fresno,(559) 609-9228,2001-05-24,2002-05-24
48-997627,48,On-Sale General - Bar/Tavern,ACTIVE,Brewery,Anthony Jackson,6160 Sunset Way,Fresno,CA,93171,Fresno,(559) 765-2196,2011-11-15,2012-11-15
48-133771,48,On-Sale General - Bar/Tavern,ACTIVE,ThePub 3,John Johnson,2059 Ocean Ave,Clovis,CA,95161,Fresno,(559) 216-9089,2008-05-03,2009-05-03
48-156413,48,On-Sale General - Bar/Tavern,ACTIVE,Tavern Fresno,David Brown,6892 Franklin Rd #816,Madera,CA,95381,Fresno,(559) 537-2968,2006-12-11,2007-12-11
48-249522,48,On-Sale General - Bar/Tavern,ACTIVE,Bar Madera,John Martinez,4786 1st Ln #606,Madera,CA,90165,Fresno,(559) 591-7386,2018-10-10,2019-10-10
48-319664,48,On-Sale General - Bar/Tavern,ACTIVE,TheLounge 61,Paul Miller,1808 Jefferson Ave,Clovis,CA,91828,Fresno,(559) 621-6082,2023-03-28,2024-03-28
48-850344,48,On-Sale General - Bar/Tavern,ACTIVE,TheClub Inc 10,James Martinez,3248 Pico Way,Clovis,CA,92014,Fresno,(559) 658-8945,2023-01-08,2024-01-08
48-485949,48,On-Sale General - Bar/Tavern,ACTIVE,Brewery Company,Jennifer Moore,5875 Ocean Pl,Clovis,CA,91256,Fresno,(559) 466-4798,2020-02-27,2021-02-27
48-641143,48,On-Sale General - Bar/Tavern,ACTIVE,Saloon Fresno Group,Steven Rodriguez,3900 Ocean Ave #398,Madera,CA,94256,Fresno,(559) 437-1320,2019-11-02,2020-11-02
48-719173,48,On-Sale General - Bar/Tavern,ACTIVE,Club Fresno,William Davis,3997 Hollywood Ave #336,Fresno,CA,93488,Fresno,(559) 968-1790,2024-12-24,2025-12-24
48-703850,48,On-Sale General - Bar/Tavern,ACTIVE,Pub Fresno Heights,Robert Brown Williams,5874 Broadway Ave #965,Fresno,CA,94273,Fresno,(559) 713-5682,2007-09-11,2008-09-11
48-761123,48,On-Sale General - Bar/Tavern,ACTIVE,Tap Room Madera,Daniel Davis,3108 Sunset St,Madera,CA,93151,Fresno,(559) 698-3731,2003-09-18,2004-09-18
48-213105,48,On-Sale General - Bar/Tavern,ACTIVE,Tap Room,Daniel Garcia,6643 Maple Pl,Fresno,CA,95829,Fresno,(559) 769-4609,2018-03-25,2019-03-25
48-970035,48,On-Sale General - Bar/Tavern,ACTIVE,TheTavern Fresno 98,Lisa Johnson,4815 4th Ave #499,Fresno,CA,91851,Fresno,(559) 914-6806,2023-02-05,2024-02-05
48-523095,48,On-Sale General - Bar/Tavern,ACTIVE,Brewery Fresno Heights,Christopher Gonzalez,2688 Hollywood Pl #318,Fresno,CA,93964,Fresno,(559) 824-2700,2007-12-15,2008-12-15
48-143002,48,On-Sale General - Bar/Tavern,ACTIVE,Brewery Madera 100,Christopher Miller,7397 Front Dr,Madera,CA,92979,Fresno,(559) 295-5181,2022-03-03,2023-03-03
48-635692,48,On-Sale General - Bar/Tavern,ACTIVE,NewPub Inc 18,Christopher Lopez,8989 Market Way,Madera,CA,95915,Fresno,(559) 528-6726,2001-02-13,2002-02-13
48-530653,48,On-Sale General - Bar/Tavern,ACTIVE,Nightclub Madera,Matthew Thomas,6364 Mission Ln,Madera,CA,92508,Fresno,(559) 969-8985,2014-09-09,2015-09-09
48-583355,48,On-Sale General - Bar/Tavern,ACTIVE,Club Fresno Group,Michael Miller,9110 Main Rd #191,Clovis,CA,95596,Fresno,(559) 701-9037,2022-01-15,2023-01-15
48-381105,48,On-Sale General - Bar/Tavern,ACTIVE,Brewery 2,Christopher Davis,2356 Front Ct #644,Clovis,CA,94143,Fresno,(559) 947-1643,2013-08-15,2014-08-15
48-974739,48,On-Sale General - Bar/Tavern,ACTIVE,Dive Bar Inc,Matthew Davis Smith,3886 Jefferson Rd #467,Madera,CA,91937,Fresno,(559) 528-6736,2006-03-09,2007-03-09
48-412162,48,On-Sale General - Bar/Tavern,ACTIVE,Dive Bar Clovis,Steven Martin,2228 Market Ln,Clovis,CA,95886,Fresno,(559) 756-9350,2020-02-06,2021-02-06
48-315367,48,On-Sale General - Bar/Tavern,ACTIVE,TheTap Room 10,James Hernandez,9399 4th Pl #539,Clovis,CA,94885,Fresno,(559) 544-8195,2012-03-02,2013-03-02
48-351219,48,On-Sale General - Bar/Tavern,ACTIVE,Nightclub Clovis,Daniel Wilson,4831 Madison Pl #596,Clovis,CA,92895,Fresno,(559) 560-6698,2024-02-19,2025-02-19
48-618922,48,On-Sale General - Bar/Tavern,ACTIVE,TheBar Madera Heights Inc 98,Matthew Brown,8988 5th Pl,Madera,CA,90636,Fresno,(559) 611-8153,2005-07-23,2006-07-23
48-687699,48,On-Sale General - Bar/Tavern,ACTIVE,NewTap Room Clovis Valley 62,Maria Martinez Williams,4814 State Way,Clovis,CA,91922,Fresno,(559) 612-2229,2013-04-23,2014-04-23
48-261148,48,On-Sale General - Bar/Tavern,ACTIVE,Nightclub Fresno Co,Steven Garcia Jones,1217 Front Dr #200,Clovis,CA,93027,Fresno,(559) 313-4192,2013-12-10,2014-12-10
48-627789,48,On-Sale General - Bar/Tavern,ACTIVE,Pub Madera Heights Co,Christopher Hernandez Anderson,7542 Washington Ave #661,Madera,CA,90915,Fresno,(559) 800-3135,2022-09-20,2023-09-20
48-500856,48,On-Sale General - Bar/Tavern,ACTIVE,Lounge Clovis,Maria Martinez,1444 Franklin Dr #752,Clovis,CA,90692,Fresno,(559) 225-1722,2021-07-15,2022-07-15
48-350521,48,On-Sale General - Bar/Tavern,ACTIVE,Brewery Corp,Anthony Thomas,4914 5th St #584,Madera,CA,95227,Fresno,(559) 705-4689,2015-06-12,2016-06-12
48-223160,48,On-Sale General - Bar/Tavern,ACTIVE,NewDive Bar 96,Paul Thomas Williams,2330 Lincoln Ave,Fresno,CA,92785,Fresno,(559) 709-1198,2007-10-09,2008-10-09
48-967222,48,On-Sale General - Bar/Tavern,ACTIVE,TheTavern Fresno Group 3,Andrew Johnson,4101 Madison Rd #834,Fresno,CA,92007,Fresno,(559) 847-7293,2001-09-14,2002-09-14
48-981226,48,On-Sale General - Bar/Tavern,ACTIVE,Pub,Anthony Moore,9611 3rd Pl #622,Madera,CA,93527,Fresno,(559) 386-9706,2021-05-05,2022-05-05
48-484178,48,On-Sale General - Bar/Tavern,ACTIVE,Nightclub Fresno,James Rodriguez,5453 Ocean Way,Madera,CA,92538,Fresno,(559) 396-5329,2007-09-10,2008-09-10
48-473525,48,On-Sale General - Bar/Tavern,ACTIVE,NewTap Room Madera Valley Company 51,Mark Jackson,1131 Oak Way,Madera,CA,92094,Fresno,(559) 216-7255,2019-04-15,2020-04-15
48-779717,48,On-Sale General - Bar/Tavern,ACTIVE,TheTavern 68,Maria Taylor Miller,4631 Broadway Rd,Clovis,CA,94343,Fresno,(559) 354-9349,2023-02-04,2024-02-04
48-259203,48,On-Sale General - Bar/Tavern,ACTIVE,Tap Room Fresno,Michael Hernandez,5170 Washington Blvd #366,Fresno,CA,94922,Fresno,(559) 616-7461,2000-10-09,2001-10-09
48-636200,48,On-Sale General - Bar/Tavern,ACTIVE,NewPub Corp 89,Paul Williams Garcia,1710 2nd Dr,Clovis,CA,90539,Fresno,(559) 400-8905,2005-12-08,2006-12-08
48-774681,48,On-Sale General - Bar/Tavern,ACTIVE,TheNightclub Company 70,Robert Brown,6766 Hollywood Ave #731,Madera,CA,95592,Fresno,(559) 955-5123,2011-07-06,2012-07-06
48-369948,48,On-Sale General - Bar/Tavern,ACTIVE,Bar Corp,William Moore,989 Lincoln Dr,Madera,CA,94078,Fresno,(559) 596-8871,2019-12-12,2020-12-12
48-436583,48,On-Sale General - Bar/Tavern,ACTIVE,ThePub Clovis Heights 18,Paul Martin Hernandez,1848 4th Rd,Clovis,CA,92046,Fresno,(559) 491-4605,2021-05-14,2022-05-14
48-485758,48,On-Sale General - Bar/Tavern,ACTIVE,Club Clovis Group 63,Michelle Smith,6537 Oak St #214,Clovis,CA,93861,Fresno,(559) 452-1434,2012-10-04,2013-10-04
48-747899,48,On-Sale General - Bar/Tavern,ACTIVE,Lounge,Daniel Martinez,5265 Madison Blvd,Clovis,CA,94544,Fresno,(559) 992-2990,2023-04-16,2024-04-16
48-875899,48,On-Sale General - Bar/Tavern,ACTIVE,Brewery Corp,James Williams Davis,6528 Madison Dr #365,Fresno,CA,94530,Fresno,(559) 742-4645,2012-07-25,2013-07-25
48-309226,48,On-Sale General - Bar/Tavern,ACTIVE,Bar Madera Company,James Taylor Martinez,3406 Washington Blvd #817,Madera,CA,95366,Fresno,(559) 795-7419,2004-02-12,2005-02-12
48-225128,48,On-Sale General - Bar/Tavern,ACTIVE,Club,Michael Davis,3647 Sunset Rd,Fresno,CA,91454,Fresno,(559) 676-9609,2011-12-08,2012-12-08
48-294301,48,On-Sale General - Bar/Tavern,ACTIVE,Club Fresno,Andrew Moore,6518 5th Dr #986,Clovis,CA,94966,Fresno,(559) 751-8752,2008-09-21,2009-09-21
48-542757,48,On-Sale General - Bar/Tavern,ACTIVE,Lounge Company,Daniel Wilson Smith,7543 Market Way,Clovis,CA,90456,Fresno,(559) 959-7771,2002-03-09,2003-03-09
48-734905,48,On-Sale General - Bar/Tavern,ACTIVE,Brewery 56,Steven Jones,3654 Pico Ln #408,Madera,CA,92808,Fresno,(559) 211-9426,2011-04-18,2012-04-18
48-859116,48,On-Sale General - Bar/Tavern,ACTIVE,Pub,John Taylor,9762 Broadway Ave,Clovis,CA,94954,Fresno,(559) 235-5251,2009-08-24,2010-08-24
48-380844,48,On-Sale General - Bar/Tavern,ACTIVE,TheNightclub Clovis Valley Company 69,David Lopez,411 State Ln,Clovis,CA,90636,Fresno,(559) 286-8810,2014-08-11,2015-08-11
48-425207,48,On-Sale General - Bar/Tavern,ACTIVE,Bar,Paul Martin,211 Oak Pl,Clovis,CA,90937,Fresno,(559) 661-1882,2011-11-08,2012-11-08
48-149780,48,On-Sale General - Bar/Tavern,ACTIVE,NewPub Inc 15,William Miller,8519 Front Dr,Clovis,CA,94274,Fresno,(559) 601-7695,2012-04-11,2013-04-11
48-452719,48,On-Sale General - Bar/Tavern,ACTIVE,Tap Room Fresno LLC,Kenneth Martin,1611 6th Rd #507,Madera,CA,94021,Fresno,(559) 901-1120,2000-05-07,2001-05-07
48-918648,48,On-Sale General - Bar/Tavern,ACTIVE,OldPub 26,Kenneth Anderson,4206 7th Dr,Clovis,CA,95690,Fresno,(559) 229-7631,2020-04-22,2021-04-22
48-113913,48,On-Sale General - Bar/Tavern,ACTIVE,Saloon Madera Heights Group,Daniel Davis,8068 Franklin Way #974,Madera,CA,95791,Fresno,(559) 459-6971,2006-04-07,2007-04-07
48-352314,48,On-Sale General - Bar/Tavern,ACTIVE,Pub Corp,William Miller Brown,812 Hollywood Dr #827,Fresno,CA,96066,Fresno,(559) 549-9502,2002-03-19,2003-03-19
48-151523,48,On-Sale General - Bar/Tavern,ACTIVE,Dive Bar,Paul Brown,6074 Franklin Ave,Fresno,CA,92880,Fresno,(559) 544-7213,2015-12-14,2016-12-14
48-999152,48,On-Sale General - Bar/Tavern,ACTIVE,Brewery Fresno Group,Paul Hernandez,3506 Maple Blvd,Madera,CA,93767,Fresno,(559) 674-3667,2014-10-19,2015-10-19
48-112270,48,On-Sale General - Bar/Tavern,ACTIVE,Nightclub Co,Daniel Jackson,4416 Pico Ave,Madera,CA,93717,Fresno,(559) 619-9558,2009-04-26,2010-04-26
48-764612,48,On-Sale General - Bar/Tavern,ACTIVE,NewPub Fresno 27,James Moore,1114 4th Ave #684,Madera,CA,90940,Fresno,(559) 323-8713,2016-01-23,2017-01-23
48-192521,48,On-Sale General - Bar/Tavern,ACTIVE,Club Fresno Valley,Michelle Anderson,7028 Maple Rd,Fresno,CA,95074,Fresno,(559) 992-5688,2022-11-15,2023-11-15
48-782944,48,On-Sale General - Bar/Tavern,ACTIVE,Brewery Inc,Christopher Johnson,281 Oak Ct,Clovis,CA,95548,Fresno,(559) 852-8311,2016-01-10,2017-01-10
48-603147,48,On-Sale General - Bar/Tavern,ACTIVE,Tap Room Fresno Hills Inc,Christopher Rodriguez,6768 Market Pl,Fresno,CA,94260,Fresno,(559) 755-6387,2012-04-16,2013-04-16
48-221876,48,On-Sale General - Bar/Tavern,ACTIVE,Club Clovis,James Anderson,6932 Market Way,Clovis,CA,90006,Fresno,(559) 941-5200,2018-06-15,2019-06-15
48-662110,48,On-Sale General - Bar/Tavern,ACTIVE,TheNightclub 26,Kenneth Thomas Moore,6727 6th Ct #641,Clovis,CA,90219,Fresno,(559) 816-8523,2005-05-14,2006-05-14
48-674586,48,On-Sale General - Bar/Tavern,ACTIVE,Saloon,Mark Martin,8970 Franklin Ln,Clovis,CA,96069,Fresno,(559) 297-5345,2006-06-16,2007-06-16
48-420586,48,On-Sale General - Bar/Tavern,ACTIVE,Brewery Clovis Hills Company,Michelle Lopez,1084 Franklin Blvd,Clovis,CA,92635,Fresno,(559) 760-8825,2022-12-25,2023-12-25
48-374024,48,On-Sale General - Bar/Tavern,ACTIVE,Bar Fresno Group 50,Matthew Garcia Jackson,7685 Ocean Ct,Fresno,CA,96184,Fresno,(559) 558-1396,2004-09-26,2005-09-26
48-643141,48,On-Sale General - Bar/Tavern,ACTIVE,Brewery Fresno 67,William Smith,1644 4th Way,Clovis,CA,90465,Fresno,(559) 804-6450,2020-03-04,2021-03-04
48-209799,48,On-Sale General - Bar/Tavern,ACTIVE,Tavern Inc,Mark Martinez,1583 Wilshire St,Madera,CA,94133,Fresno,(559) 493-4390,2003-04-25,2004-04-25
48-588612,48,On-Sale General - Bar/Tavern,ACTIVE,TheBrewery Fresno 32,James Davis Davis,8724 Market Way,Madera,CA,91276,Fresno,(559) 741-5123,2022-01-13,2023-01-13
48-123300,48,On-Sale General - Bar/Tavern,ACTIVE,Tavern Fresno Corp,Steven Martin,5387 Mission Ln,Fresno,CA,90771,Fresno,(559) 452-7763,2023-10-28,2024-10-28
48-461634,48,On-Sale General - Bar/Tavern,ACTIVE,Brewery Fresno Co,Andrew Garcia,4246 2nd Pl,Fresno,CA,91063,Fresno,(559) 564-4530,2002-02-19,2003-02-19
48-356587,48,On-Sale General - Bar/Tavern,ACTIVE,Bar Co,Maria Thomas Lopez,6950 6th Rd,Madera,CA,96124,Fresno,(559) 739-9610,2001-02-10,2002-02-10
48-319983,48,On-Sale General - Bar/Tavern,ACTIVE,Nightclub Madera Inc,Paul Smith Smith,7608 Hollywood St,Madera,CA,95859,Fresno,(559) 645-8069,2004-04-17,2005-04-17
48-907618,48,On-Sale General - Bar/Tavern,ACTIVE,Saloon Madera Valley Company,Maria Lopez,9935 4th Blvd,Madera,CA,93802,Fresno,(559) 208-4207,2018-07-04,2019-07-04
48-207870,48,On-Sale General - Bar/Tavern,ACTIVE,Dive Bar Fresno Heights,Robert Moore,1269 Broadway Dr,Fresno,CA,92353,Fresno,(559) 407-7338,2007-08-08,2008-08-08
48-251649,48,On-Sale General - Bar/Tavern,ACTIVE,Pub Clovis Heights,Maria Smith Taylor,3158 3rd Way #795,Clovis,CA,91445,Fresno,(559) 449-6197,2022-02-02,2023-02-02
48-923780,48,On-Sale General - Bar/Tavern,ACTIVE,Pub,Michelle Jackson Martin,3934 7th Ave #706,Madera,CA,94493,Fresno,(559) 606-9826,2003-10-07,2004-10-07
48-542156,48,On-Sale General - Bar/Tavern,ACTIVE,Brewery Corp 46,Matthew Brown,3505 2nd Pl #177,Madera,CA,93580,Fresno,(559) 645-5184,2000-12-10,2001-12-10
48-679337,48,On-Sale General - Bar/Tavern,ACTIVE,NewSaloon 49,Anthony Smith,6664 5th Ln #628,Clovis,CA,91751,Fresno,(559) 580-8390,2010-07-17,2011-07-17
48-764504,48,On-Sale General - Bar/Tavern,ACTIVE,OldTavern 51,William Williams,4170 6th Way,Fresno,CA,92218,Fresno,(559) 608-9124,2024-09-01,2025-09-01
48-843914,48,On-Sale General - Bar/Tavern,ACTIVE,Dive Bar Madera Heights,Andrew Brown,4681 Lincoln Ln,Madera,CA,90220,Fresno,(559) 269-7712,2002-06-09,2003-06-09
48-987917,48,On-Sale General - Bar/Tavern,ACTIVE,OldDive Bar Corp 16,Anthony Taylor,2464 Sunset Ave,Madera,CA,93009,Fresno,(559) 927-8013,2023-09-26,2024-09-26
48-953699,48,On-Sale General - Bar/Tavern,ACTIVE,NewNightclub 26,Christopher Hernandez,7595 Main Pl,Fresno,CA,92160,Fresno,(559) 577-6477,2008-11-07,2009-11-07
48-197599,48,On-Sale General - Bar/Tavern,ACTIVE,Tavern Fresno,Michelle Wilson Moore,9466 Franklin Way,Fresno,CA,95698,Fresno,(559) 488-9222,2008-06-28,2009-06-28
48-837425,48,On-Sale General - Bar/Tavern,ACTIVE,Tavern,Kenneth Lopez Moore,7900 Main Dr #299,Fresno,CA,93808,Fresno,(559) 695-4747,2000-01-23,2001-01-23
48-475668,48,On-Sale General - Bar/Tavern,ACTIVE,Bar Madera Valley Company,Andrew Johnson Lopez,9270 7th Way,Madera,CA,96188,Fresno,(559) 618-7500,2010-11-22,2011-11-22
48-343379,48,On-Sale General - Bar/Tavern,ACTIVE,TheSaloon 49,Jennifer Johnson,5747 Wilshire Dr,Fresno,CA,93652,Fresno,(559) 356-4758,2015-02-24,2016-02-24
48-701770,48,On-Sale General - Bar/Tavern,ACTIVE,TheBar 43,William Martinez Martinez,6124 Jefferson Rd,Fresno,CA,90334,Fresno,(559) 305-1761,2018-10-08,2019-10-08
48-746095,48,On-Sale General - Bar/Tavern,ACTIVE,Pub,Lisa Jones,918 Wilshire Ave,Fresno,CA,90026,Fresno,(559) 292-1291,2023-07-21,2024-07-21
48-194820,48,On-Sale General - Bar/Tavern,ACTIVE,Pub,Lisa Thomas,3595 Front St #639,Madera,CA,93290,Fresno,(559) 745-3825,2023-10-21,2024-10-21
48-816888,48,On-Sale General - Bar/Tavern,ACTIVE,Tavern Inc,Michelle Jackson Williams,3272 1st Ave,Clovis,CA,96025,Fresno,(559) 793-6640,2016-12-07,2017-12-07
48-476135,48,On-Sale General - Bar/Tavern,ACTIVE,Tavern Fresno Corp,Anthony Lopez,7809 Main Dr,Fresno,CA,90371,Fresno,(559) 811-5103,2000-12-02,2001-12-02
48-945973,48,On-Sale General - Bar/Tavern,ACTIVE,Brewery Fresno,Matthew Taylor,2577 Ocean Ave,Madera,CA,93741,Fresno,(559) 936-3055,2005-10-12,2006-10-12
48-459559,48,On-Sale General - Bar/Tavern,ACTIVE,Pub 73,William Thomas Williams,4483 Oak St #198,Fresno,CA,92531,Fresno,(559) 881-6420,2004-06-09,2005-06-09
48-451060,48,On-Sale General - Bar/Tavern,ACTIVE,Pub Clovis,Robert Moore,4413 7th Ave #249,Clovis,CA,90764,Fresno,(559) 719-6272,2009-12-09,2010-12-09
48-261105,48,On-Sale General - Bar/Tavern,ACTIVE,Lounge Group,Lisa Hernandez,8114 Broadway Dr #180,Madera,CA,93370,Fresno,(559) 942-6687,2024-07-10,2025-07-10
48-637108,48,On-Sale General - Bar/Tavern,ACTIVE,Saloon Clovis Co,John Davis Brown,2675 Mission Ln #619,Clovis,CA,90568,Fresno,(559) 698-5842,2012-11-26,2013-11-26
48-163078,48,On-Sale General - Bar/Tavern,ACTIVE,OldSaloon 71,William Rodriguez,7087 Ocean St,Madera,CA,93976,Fresno,(559) 738-4063,2019-07-16,2020-07-16
48-438238,48,On-Sale General - Bar/Tavern,ACTIVE,Pub Fresno,Daniel Brown,4401 Main St,Madera,CA,93960,Fresno,(559) 769-6042,2013-09-28,2014-09-28
48-787916,48,On-Sale General - Bar/Tavern,ACTIVE,Tavern Inc,William Williams,7921 Wilshire Rd #925,Fresno,CA,94162,Fresno,(559) 229-7935,2007-05-21,2008-05-21
48-963182,48,On-Sale General - Bar/Tavern,ACTIVE,OldSaloon Fresno 85,Daniel Brown,2670 Madison Way #610,Fresno,CA,92259,Fresno,(559) 210-7581,2005-06-27,2006-06-27
48-648648,48,On-Sale General - Bar/Tavern,ACTIVE,Pub Madera,James Anderson,7880 Pico Rd #902,Madera,CA,92227,Fresno,(559) 829-9851,2014-12-03,2015-12-03
48-629342,48,On-Sale General - Bar/Tavern,ACTIVE,Lounge,Christopher Miller,1547 1st Rd,Madera,CA,95254,Fresno,(559) 926-3554,2016-08-13,2017-08-13
48-845851,48,On-Sale General - Bar/Tavern,ACTIVE,Pub Corp,Maria Jones,2247 Washington Dr,Fresno,CA,90326,Fresno,(559) 533-2549,2007-08-20,2008-08-20
48-725872,48,On-Sale General - Bar/Tavern,ACTIVE,Brewery Madera,Maria Wilson Williams,8349 3rd Ln #387,Madera,CA,90278,Fresno,(559) 947-6322,2024-08-27,2025-08-27
48-783013,48,On-Sale General - Bar/Tavern,ACTIVE,TheBar 77,Michelle Williams,705 Market Rd,Fresno,CA,95870,Fresno,(559) 928-7194,2022-05-08,2023-05-08
48-290177,48,On-Sale General - Bar/Tavern,ACTIVE,Saloon Co,Lisa Brown,3383 7th Rd,Madera,CA,90332,Fresno,(559) 304-1733,2007-10-22,2008-10-22
48-357489,48,On-Sale General - Bar/Tavern,ACTIVE,Brewery Clovis Co,Christopher Smith,5682 7th Ct,Clovis,CA,94018,Fresno,(559) 268-9211,2008-08-15,2009-08-15
48-736733,48,On-Sale General - Bar/Tavern,ACTIVE,Bar Company,Kenneth Hernandez,3069 Jefferson Way,Fresno,CA,94486,Fresno,(559) 604-8010,2012-08-24,2013-08-24
48-626355,48,On-Sale General - Bar/Tavern,ACTIVE,Dive Bar Madera Inc 31,Christopher Miller,1120 Lincoln Ct,Madera,CA,92574,Fresno,(559) 731-5121,2024-03-11,2025-03-11
48-880180,48,On-Sale General - Bar/Tavern,ACTIVE,Nightclub Fresno,Paul Martinez,3735 Washington St,Madera,CA,95785,Fresno,(559) 652-5981,2016-01-21,2017-01-21
48-649219,48,On-Sale General - Bar/Tavern,ACTIVE,Dive Bar Fresno Company,Maria Davis,9667 Hollywood Ln #220,Clovis,CA,92756,Fresno,(559) 423-9488,2004-11-13,2005-11-13
48-441291,48,On-Sale General - Bar/Tavern,ACTIVE,Dive Bar,Michael Miller,1221 5th Dr #489,Madera,CA,90788,Fresno,(559) 672-9534,2006-11-01,2007-11-01
48-984740,48,On-Sale General - Bar/Tavern,ACTIVE,NewNightclub Madera Valley Corp 25,Kenneth Rodriguez,1197 Franklin Dr,Madera,CA,90533,Fresno,(559) 993-1832,2005-10-18,2006-10-18
48-339494,48,On-Sale General - Bar/Tavern,ACTIVE,NewSaloon Fresno Company 44,William Rodriguez,9710 Franklin Rd,Fresno,CA,90365,Fresno,(559) 341-8253,2018-05-26,2019-05-26
48-695888,48,On-Sale General - Bar/Tavern,ACTIVE,Nightclub Fresno Valley,Jennifer Rodriguez Garcia,9902 Wilshire Blvd,Fresno,CA,90157,Fresno,(559) 607-9670,2013-03-21,2014-03-21
48-468385,48,On-Sale General - Bar/Tavern,ACTIVE,Club Fresno,Maria Thomas Martin,4646 Main Rd #120,Madera,CA,95704,Fresno,(559) 469-3302,2015-10-13,2016-10-13
48-911485,48,On-Sale General - Bar/Tavern,ACTIVE,Pub Clovis Hills,Jennifer Miller,5635 3rd Pl #284,Clovis,CA,96194,Fresno,(559) 368-1334,2016-07-20,2017-07-20
48-922100,48,On-Sale General - Bar/Tavern,ACTIVE,Saloon Inc,Mark Davis,4070 4th Blvd,Clovis,CA,90534,Fresno,(559) 672-7874,2018-02-08,2019-02-08
48-353812,48,On-Sale General - Bar/Tavern,ACTIVE,Saloon Clovis,Paul Lopez,2964 4th Pl,Clovis,CA,90611,Fresno,(559) 944-9370,2015-01-13,2016-01-13
48-348085,48,On-Sale General - Bar/Tavern,ACTIVE,OldDive Bar Co 15,Maria Brown,8130 6th Rd,Madera,CA,90160,Fresno,(559) 245-4181,2004-01-12,2005-01-12
48-161449,48,On-Sale General - Bar/Tavern,ACTIVE,Tap Room,Anthony Rodriguez,1148 State Ave #714,Clovis,CA,90734,Fresno,(559) 750-3240,2008-12-07,2009-12-07
48-427414,48,On-Sale General - Bar/Tavern,ACTIVE,Tavern Fresno Company 18,Mark Martin,7660 Maple Dr,Clovis,CA,92410,Fresno,(559) 487-9946,2024-10-15,2025-10-15
48-951742,48,On-Sale General - Bar/Tavern,ACTIVE,Tap Room Inc,Maria Miller,7833 Franklin Ln #723,Fresno,CA,93806,Fresno,(559) 281-8401,2014-11-26,2015-11-26
48-565028,48,On-Sale General - Bar/Tavern,ACTIVE,Lounge Fresno Company,Robert Brown,4936 Front Rd,Clovis,CA,94960,Fresno,(559) 397-7673,2023-05-13,2024-05-13
48-648296,48,On-Sale General - Bar/Tavern,ACTIVE,Dive Bar,Kenneth Martin,7281 Jefferson Pl,Madera,CA,93579,Fresno,(559) 865-1525,2021-10-14,2022-10-14
48-726236,48,On-Sale General - Bar/Tavern,ACTIVE,Pub Fresno Heights,Michael Jones Williams,3165 Front Way,Fresno,CA,95117,Fresno,(559) 674-3749,2000-02-16,2001-02-16
48-718261,48,On-Sale General - Bar/Tavern,ACTIVE,Pub Fresno,Mark Johnson,3192 5th Blvd #495,Fresno,CA,90340,Fresno,(559) 822-7460,2007-04-01,2008-04-01
48-713990,48,On-Sale General - Bar/Tavern,ACTIVE,Club Corp,Anthony Brown,4447 Market Way #238,Madera,CA,95664,Fresno,(559) 350-8717,2023-04-05,2024-04-05
48-118372,48,On-Sale General - Bar/Tavern,ACTIVE,OldBar Madera Hills 23,Christopher Lopez,4674 Main St,Madera,CA,94429,Fresno,(559) 936-5615,2002-06-25,2003-06-25
48-795372,48,On-Sale General - Bar/Tavern,ACTIVE,Dive Bar Company,Andrew Jackson,8038 Market Pl,Fresno,CA,91434,Fresno,(559) 668-9665,2015-03-14,2016-03-14
48-414510,48,On-Sale General - Bar/Tavern,ACTIVE,Pub,Robert Brown,7172 Front Ave,Madera,CA,95501,Fresno,(559) 977-1145,2019-09-13,2020-09-13
48-581690,48,On-Sale General - Bar/Tavern,ACTIVE,OldDive Bar Fresno 20,Kenneth Anderson Johnson,2271 5th Dr #593,Clovis,CA,95055,Fresno,(559) 789-6234,2004-04-15,2005-04-15
48-355165,48,On-Sale General - Bar/Tavern,ACTIVE,Bar Madera LLC,John Anderson,813 Maple Way,Madera,CA,93606,Fresno,(559) 252-2915,2005-05-23,2006-05-23
48-148241,48,On-Sale General - Bar/Tavern,ACTIVE,Tap Room Clovis,Paul Rodriguez,6433 Main Ln,Clovis,CA,91139,Fresno,(559) 931-8524,2018-10-14,2019-10-14
48-535228,48,On-Sale General - Bar/Tavern,ACTIVE,Saloon Group 82,Matthew Martinez,1234 Lincoln Ct,Fresno,CA,90379,Fresno,(559) 645-5903,2024-02-23,2025-02-23
48-624460,48,On-Sale General - Bar/Tavern,ACTIVE,NewLounge Madera Hills LLC 68,Matthew Garcia,6166 Lincoln St #257,Madera,CA,93468,Fresno,(559) 366-1668,2000-12-06,2001-12-06
48-958195,48,On-Sale General - Bar/Tavern,ACTIVE,ThePub Inc 16,Kenneth Smith,4308 Market Rd #437,Madera,CA,94452,Fresno,(559) 486-6264,2019-05-07,2020-05-07
48-294426,48,On-Sale General - Bar/Tavern,ACTIVE,Nightclub Corp,Matthew Miller,3912 Sunset Pl #829,Clovis,CA,91072,Fresno,(559) 899-3407,2018-05-05,2019-05-05
48-946592,48,On-Sale General - Bar/Tavern,ACTIVE,Bar Fresno,Mark Williams,6668 Front Pl,Fresno,CA,91350,Fresno,(559) 799-2388,2012-07-01,2013-07-01
48-351355,48,On-Sale General - Bar/Tavern,ACTIVE,OldDive Bar Fresno Hills Group 93,Matthew Moore,6307 Madison Dr,Fresno,CA,90640,Fresno,(559) 706-3784,2004-12-14,2005-12-14
48-551560,48,On-Sale General - Bar/Tavern,ACTIVE,Brewery,Kenneth Martin,4358 Sunset Way,Madera,CA,92858,Fresno,(559) 446-3630,2017-12-09,2018-12-09
48-233985,48,On-Sale General - Bar/Tavern,ACTIVE,Bar Fresno Heights,Daniel Garcia,7423 2nd St #712,Fresno,CA,91535,Fresno,(559) 652-8123,2023-04-25,2024-04-25
48-806112,48,On-Sale General - Bar/Tavern,ACTIVE,OldDive Bar Clovis 68,John Garcia,9644 Hollywood St,Clovis,CA,91536,Fresno,(559) 644-5489,2009-03-26,2010-03-26
48-392671,48,On-Sale General - Bar/Tavern,ACTIVE,Bar Fresno Inc,Paul Jones,9480 Ocean Ave,Fresno,CA,90368,Fresno,(559) 482-3016,2011-12-11,2012-12-11
48-895930,48,On-Sale General - Bar/Tavern,ACTIVE,Dive Bar Clovis Valley LLC,Paul Martin,1798 Jefferson Way,Clovis,CA,90999,Fresno,(559) 287-2501,2000-01-04,2001-01-04
48-107341,48,On-Sale General - Bar/Tavern,ACTIVE,Brewery Madera Corp,Michael Thomas,3440 Oak Ct #594,Madera,CA,94905,Fresno,(559) 342-6327,2024-09-24,2025-09-24
20-673633,20,Off-Sale Beer & Wine,ACTIVE,Mini Mart Clovis,Robert Taylor,8459 2nd Ave,Clovis,CA,91994,Fresno,(559) 415-6043,2015-08-19,2016-08-19
20-494552,20,Off-Sale Beer & Wine,ACTIVE,TheGrocery Fresno LLC 17,Kenneth Williams Anderson,6541 Jefferson Ave,Fresno,CA,91498,Fresno,(559) 799-5396,2001-10-28,2002-10-28
20-867995,20,Off-Sale Beer & Wine,ACTIVE,TheCorner Store Madera 50,Jennifer Martinez,8724 Lincoln Ave,Madera,CA,92404,Fresno,(559) 941-9715,2011-05-05,2012-05-05
20-909149,20,Off-Sale Beer & Wine,ACTIVE,Bottle Shop Clovis Company,Andrew Anderson,6804 Front Ave,Clovis,CA,91797,Fresno,(559) 410-3565,2024-11-16,2025-11-16
20-696112,20,Off-Sale Beer & Wine,ACTIVE,Wine Shop,Maria Lopez,1552 Mission Ct #304,Fresno,CA,92999,Fresno,(559) 848-3478,2011-12-21,2012-12-21
20-827869,20,Off-Sale Beer & Wine,ACTIVE,TheConvenience Store Corp 76,Daniel Johnson,9278 Franklin Rd,Fresno,CA,90338,Fresno,(559) 469-8942,2001-03-18,2002-03-18
20-494520,20,Off-Sale Beer & Wine,ACTIVE,Wine Shop Clovis Hills Group,Paul Smith Jackson,1677 7th Pl,Clovis,CA,90747,Fresno,(559) 220-8907,2023-07-23,2024-07-23
20-953881,20,Off-Sale Beer & Wine,ACTIVE,Mini Mart Clovis,Jennifer Taylor,7297 5th Rd,Clovis,CA,92455,Fresno,(559) 328-7242,2005-10-09,2006-10-09
20-134782,20,Off-Sale Beer & Wine,ACTIVE,Corner Store LLC,Daniel Garcia,5382 Main Dr,Fresno,CA,91611,Fresno,(559) 351-8726,2022-01-28,2023-01-28
20-983552,20,Off-Sale Beer & Wine,ACTIVE,Wine Shop LLC,Mark Rodriguez,969 State Way,Clovis,CA,94980,Fresno,(559) 330-7570,2006-03-27,2007-03-27
20-312247,20,Off-Sale Beer & Wine,ACTIVE,Convenience Store Clovis,Jennifer Gonzalez Taylor,9859 Mission Ln,Clovis,CA,90282,Fresno,(559) 641-2893,2021-11-17,2022-11-17
20-570424,20,Off-Sale Beer & Wine,ACTIVE,Convenience Store,Christopher Thomas Martin,5667 Wilshire Ln #801,Clovis,CA,92122,Fresno,(559) 822-2902,2004-10-25,2005-10-25
20-197493,20,Off-Sale Beer & Wine,ACTIVE,OldMini Mart 59,Anthony Jones,5654 Hollywood Pl,Clovis,CA,92987,Fresno,(559) 215-1628,2004-10-26,2005-10-26
20-300413,20,Off-Sale Beer & Wine,ACTIVE,Mini Mart Fresno Co,Steven Martinez,7117 Oak Pl,Fresno,CA,95887,Fresno,(559) 280-3189,2020-04-13,2021-04-13
20-136290,20,Off-Sale Beer & Wine,ACTIVE,Bottle Shop Corp,Mark Jones,4327 Franklin St,Clovis,CA,91317,Fresno,(559) 928-2732,2016-06-25,2017-06-25
20-440907,20,Off-Sale Beer & Wine,ACTIVE,Wine Shop Group,Andrew Martin,2180 2nd Ave #136,Fresno,CA,93560,Fresno,(559) 668-3010,2016-08-17,2017-08-17
20-194844,20,Off-Sale Beer & Wine,ACTIVE,Grocery Clovis Valley,Kenneth Brown,1068 Main Way,Clovis,CA,93699,Fresno,(559) 992-6002,2004-12-18,2005-12-18
20-852698,20,Off-Sale Beer & Wine,ACTIVE,TheLiquor Store Fresno 92,Matthew Martin,2992 Broadway Ct,Fresno,CA,95741,Fresno,(559) 757-2450,2023-10-10,2024-10-10
20-382076,20,Off-Sale Beer & Wine,ACTIVE,Grocery,Maria Rodriguez,7237 4th Blvd,Madera,CA,96141,Fresno,(559) 313-6556,2014-04-18,2015-04-18
20-295610,20,Off-Sale Beer & Wine,ACTIVE,Wine Shop,Mark Williams,3509 Oak Ct #141,Fresno,CA,93945,Fresno,(559) 620-1191,2014-02-14,2015-02-14
20-223360,20,Off-Sale Beer & Wine,ACTIVE,NewCorner Store Madera Company 3,Maria Martinez,2797 Washington St #904,Madera,CA,92670,Fresno,(559) 457-2293,2009-03-13,2010-03-13
20-110222,20,Off-Sale Beer & Wine,ACTIVE,Grocery Fresno LLC,Maria Hernandez,3283 Hollywood Pl,Madera,CA,94061,Fresno,(559) 775-9475,2022-05-22,2023-05-22
20-628082,20,Off-Sale Beer & Wine,ACTIVE,Liquor Store Clovis Heights,James Wilson Moore,768 Main Blvd,Clovis,CA,92751,Fresno,(559) 914-8281,2002-12-20,2003-12-20
20-623596,20,Off-Sale Beer & Wine,ACTIVE,Convenience Store Company,Michael Rodriguez,6325 5th Ave,Madera,CA,94711,Fresno,(559) 837-4615,2024-03-22,2025-03-22
20-537028,20,Off-Sale Beer & Wine,ACTIVE,Grocery Madera Company,David Rodriguez,2127 Broadway Pl,Madera,CA,93099,Fresno,(559) 224-6700,2007-11-18,2008-11-18
20-149888,20,Off-Sale Beer & Wine,ACTIVE,Bottle Shop,Mark Moore,4773 Oak Ave #627,Fresno,CA,90221,Fresno,(559) 814-2285,2002-03-05,2003-03-05
20-274548,20,Off-Sale Beer & Wine,ACTIVE,Grocery Madera Heights Inc,Lisa Thomas,4204 1st St,Madera,CA,92780,Fresno,(559) 863-7809,2000-04-22,2001-04-22
20-216947,20,Off-Sale Beer & Wine,ACTIVE,Convenience Store,Daniel Jones,8793 Hollywood Dr #613,Clovis,CA,93735,Fresno,(559) 854-6743,2000-08-26,2001-08-26
20-359036,20,Off-Sale Beer & Wine,ACTIVE,Bottle Shop Co,David Thomas,7766 Mission Rd,Madera,CA,96158,Fresno,(559) 955-2362,2003-09-14,2004-09-14
20-441984,20,Off-Sale Beer & Wine,ACTIVE,Mini Mart Company,Michael Moore,9379 Sunset St #107,Fresno,CA,95633,Fresno,(559) 837-6872,2021-08-11,2022-08-11
20-595903,20,Off-Sale Beer & Wine,ACTIVE,Corner Store Group,Michelle Lopez,7941 Broadway Rd #419,Madera,CA,93253,Fresno,(559) 830-3094,2003-12-16,2004-12-16
20-576617,20,Off-Sale Beer & Wine,ACTIVE,Corner Store Madera Valley,Maria Miller,2485 Washington St,Madera,CA,92540,Fresno,(559) 937-1465,2024-03-05,2025-03-05
20-980452,20,Off-Sale Beer & Wine,ACTIVE,TheGrocery 68,Michael Martinez,4905 Maple Ave,Fresno,CA,92960,Fresno,(559) 245-1027,2006-01-25,2007-01-25
20-291919,20,Off-Sale Beer & Wine,ACTIVE,OldBottle Shop Fresno Valley Co 45,Paul Jones,2492 Pico Way,Fresno,CA,94165,Fresno,(559) 292-6589,2021-04-17,2022-04-17
20-544972,20,Off-Sale Beer & Wine,ACTIVE,Market Fresno Inc,Maria Smith Jones,5630 6th Ct,Fresno,CA,94116,Fresno,(559) 781-5819,2010-05-11,2011-05-11
20-389644,20,Off-Sale Beer & Wine,ACTIVE,Wine Shop Madera,Maria Lopez,9260 Jefferson Ln #481,Madera,CA,90477,Fresno,(559) 573-3781,2008-12-04,2009-12-04
20-437015,20,Off-Sale Beer & Wine,ACTIVE,Market LLC,Christopher Brown,7268 Market Ave,Clovis,CA,95483,Fresno,(559) 544-4500,2009-11-17,2010-11-17
20-720053,20,Off-Sale Beer & Wine,ACTIVE,Market Company,Mark Brown,2809 1st Way #659,Madera,CA,91742,Fresno,(559) 680-6842,2000-08-09,2001-08-09
20-876514,20,Off-Sale Beer & Wine,ACTIVE,Wine Shop Madera Valley Group,Andrew Jones,6696 Oak Ave #948,Madera,CA,95678,Fresno,(559) 472-8450,2019-07-04,2020-07-04
20-144297,20,Off-Sale Beer & Wine,ACTIVE,Wine Shop Fresno,William Martinez,2450 Maple Rd,Clovis,CA,90197,Fresno,(559) 779-9405,2024-05-26,2025-05-26
20-141629,20,Off-Sale Beer & Wine,ACTIVE,OldLiquor Store Fresno 3,Michael Anderson,3233 Market Way,Fresno,CA,93239,Fresno,(559) 720-1738,2016-01-07,2017-01-07
20-449630,20,Off-Sale Beer & Wine,ACTIVE,OldGrocery Corp 87,Daniel Jackson,8533 Franklin St,Madera,CA,91895,Fresno,(559) 617-9367,2007-01-24,2008-01-24
20-442744,20,Off-Sale Beer & Wine,ACTIVE,Mini Mart,William Brown,1502 Madison Ln #867,Clovis,CA,92285,Fresno,(559) 471-1046,2020-06-14,2021-06-14
20-618841,20,Off-Sale Beer & Wine,ACTIVE,Market,Jennifer Wilson Martinez,4621 Jefferson Way,Clovis,CA,91787,Fresno,(559) 793-5617,2023-02-25,2024-02-25
20-597857,20,Off-Sale Beer & Wine,ACTIVE,Wine Shop Madera,Matthew Rodriguez,1816 Sunset St,Madera,CA,92876,Fresno,(559) 434-3299,2024-10-21,2025-10-21
20-226946,20,Off-Sale Beer & Wine,ACTIVE,Bottle Shop Fresno,David Brown,3969 Lincoln Pl #721,Clovis,CA,91186,Fresno,(559) 427-8948,2010-02-07,2011-02-07
20-999123,20,Off-Sale Beer & Wine,ACTIVE,Market Clovis,Anthony Thomas,9927 3rd Dr,Clovis,CA,94023,Fresno,(559) 897-3280,2004-06-19,2005-06-19
20-610310,20,Off-Sale Beer & Wine,ACTIVE,NewMini Mart Clovis Valley Group 32,William Lopez,8564 Mission Blvd #810,Clovis,CA,93358,Fresno,(559) 572-2336,2023-11-14,2024-11-14
20-910395,20,Off-Sale Beer & Wine,ACTIVE,Market Fresno Inc,Mark Anderson,489 Main Ln,Fresno,CA,92321,Fresno,(559) 470-3364,2022-01-01,2023-01-01
20-379845,20,Off-Sale Beer & Wine,ACTIVE,Bottle Shop,William Wilson,7945 Mission Rd,Clovis,CA,94014,Fresno,(559) 731-7452,2023-01-14,2024-01-14
20-512862,20,Off-Sale Beer & Wine,ACTIVE,Liquor Store Company,Steven Gonzalez,356 Ocean St,Fresno,CA,94988,Fresno,(559) 364-3507,2000-06-24,2001-06-24
20-294224,20,Off-Sale Beer & Wine,ACTIVE,Market Clovis Heights,Michelle Taylor,7669 Jefferson St,Clovis,CA,95658,Fresno,(559) 789-3161,2010-09-28,2011-09-28
20-886449,20,Off-Sale Beer & Wine,ACTIVE,Liquor Store,Lisa Johnson,6022 Sunset Ln,Fresno,CA,91318,Fresno,(559) 535-4105,2004-11-12,2005-11-12
20-107731,20,Off-Sale Beer & Wine,ACTIVE,Mini Mart,Christopher Martinez,9966 5th Ln,Madera,CA,93916,Fresno,(559) 326-7731,2000-10-01,2001-10-01
20-751403,20,Off-Sale Beer & Wine,ACTIVE,Liquor Store,Daniel Lopez Garcia,7315 7th Pl,Fresno,CA,92704,Fresno,(559) 798-6476,2000-07-10,2001-07-10
20-743017,20,Off-Sale Beer & Wine,ACTIVE,Bottle Shop Group,Andrew Moore,4574 Main Ln,Madera,CA,94166,Fresno,(559) 811-5530,2017-01-14,2018-01-14
20-651849,20,Off-Sale Beer & Wine,ACTIVE,Market,Steven Moore Jones,163 Hollywood Ct,Fresno,CA,91793,Fresno,(559) 600-5567,2015-11-13,2016-11-13
20-542388,20,Off-Sale Beer & Wine,ACTIVE,Liquor Store Madera LLC,Michelle Wilson,5436 Market Pl,Madera,CA,91087,Fresno,(559) 744-5877,2012-11-08,2013-11-08
20-942332,20,Off-Sale Beer & Wine,ACTIVE,Corner Store Fresno,Maria Martinez,2560 Wilshire Way,Fresno,CA,93608,Fresno,(559) 288-2016,2004-11-14,2005-11-14
20-328380,20,Off-Sale Beer & Wine,ACTIVE,Market Fresno,Christopher Lopez Jones,4046 4th Ct,Clovis,CA,91589,Fresno,(559) 953-5746,2001-05-13,2002-05-13
20-889693,20,Off-Sale Beer & Wine,ACTIVE,TheConvenience Store Madera 61,Kenneth Johnson,8315 7th St #703,Madera,CA,95954,Fresno,(559) 382-3185,2010-12-01,2011-12-01
20-797494,20,Off-Sale Beer & Wine,ACTIVE,NewLiquor Store 55,Matthew Taylor Wilson,5355 Pico St,Madera,CA,92790,Fresno,(559) 613-3229,2000-04-12,2001-04-12
20-493988,20,Off-Sale Beer & Wine,ACTIVE,Corner Store Fresno,Mark Brown,8253 Hollywood Ct #971,Clovis,CA,91316,Fresno,(559) 382-3669,2004-12-01,2005-12-01
20-334266,20,Off-Sale Beer & Wine,ACTIVE,Corner Store,Anthony Smith,9383 Sunset Ln #379,Fresno,CA,94040,Fresno,(559) 865-5178,2022-12-04,2023-12-04
20-298605,20,Off-Sale Beer & Wine,ACTIVE,Convenience Store Fresno Hills LLC,Anthony Wilson,2016 Franklin Dr #858,Fresno,CA,95007,Fresno,(559) 951-8831,2015-06-20,2016-06-20
20-324825,20,Off-Sale Beer & Wine,ACTIVE,Liquor Store Madera,David Thomas,9355 Wilshire Blvd,Madera,CA,93467,Fresno,(559) 669-8020,2010-12-03,2011-12-03
20-586835,20,Off-Sale Beer & Wine,ACTIVE,Corner Store,James Williams Martin,964 Hollywood Blvd #170,Fresno,CA,90730,Fresno,(559) 339-9269,2018-03-02,2019-03-02
20-203017,20,Off-Sale Beer & Wine,ACTIVE,Wine Shop Madera,Anthony Hernandez Rodriguez,4733 Mission Rd,Madera,CA,91818,Fresno,(559) 450-8377,2017-07-28,2018-07-28
20-168457,20,Off-Sale Beer & Wine,ACTIVE,Market,Paul Williams,7820 7th Blvd,Fresno,CA,93465,Fresno,(559) 819-9836,2005-04-23,2006-04-23
20-948702,20,Off-Sale Beer & Wine,ACTIVE,OldBottle Shop Corp 78,Mark Thomas,9698 Broadway Rd,Clovis,CA,94548,Fresno,(559) 474-3144,2003-05-08,2004-05-08
20-817033,20,Off-Sale Beer & Wine,ACTIVE,Wine Shop Clovis,Mark Jones Anderson,2642 Front Dr,Clovis,CA,94778,Fresno,(559) 965-3384,2018-10-04,2019-10-04
20-969778,20,Off-Sale Beer & Wine,ACTIVE,Market Clovis,Matthew Hernandez,1767 Front Ct,Clovis,CA,92326,Fresno,(559) 659-7026,2009-11-13,2010-11-13
20-845694,20,Off-Sale Beer & Wine,ACTIVE,Wine Shop Fresno,Maria Taylor,625 6th Blvd,Fresno,CA,95262,Fresno,(559) 262-5610,2008-10-16,2009-10-16
20-183892,20,Off-Sale Beer & Wine,ACTIVE,Market LLC,Kenneth Lopez,1331 Sunset Rd,Madera,CA,94854,Fresno,(559) 425-8324,2008-12-16,2009-12-16
20-745323,20,Off-Sale Beer & Wine,ACTIVE,Convenience Store Clovis LLC,Maria Anderson,1958 Jefferson Blvd,Clovis,CA,91727,Fresno,(559) 678-7666,2016-05-19,2017-05-19
20-858651,20,Off-Sale Beer & Wine,ACTIVE,Mini Mart,Matthew Davis Garcia,421 Wilshire Ave,Madera,CA,91547,Fresno,(559) 858-1518,2024-12-18,2025-12-18
20-371637,20,Off-Sale Beer & Wine,ACTIVE,Market Madera Hills,Robert Hernandez,2761 7th Ave,Madera,CA,92400,Fresno,(559) 830-6808,2022-09-22,2023-09-22
20-706811,20,Off-Sale Beer & Wine,ACTIVE,Market Fresno Company,Andrew Miller,6218 Lincoln Pl,Fresno,CA,92914,Fresno,(559) 398-5392,2017-02-18,2018-02-18
20-643916,20,Off-Sale Beer & Wine,ACTIVE,Convenience Store Fresno Valley Inc,Matthew Williams,8449 Oak Ln,Fresno,CA,91955,Fresno,(559) 776-5187,2016-08-06,2017-08-06
20-341268,20,Off-Sale Beer & Wine,ACTIVE,Bottle Shop Co,James Williams Davis,1596 2nd St,Madera,CA,96022,Fresno,(559) 687-2027,2013-12-01,2014-12-01
20-894069,20,Off-Sale Beer & Wine,ACTIVE,Wine Shop,William Johnson,7658 Ocean St #667,Madera,CA,94062,Fresno,(559) 600-2576,2008-09-23,2009-09-23
20-633628,20,Off-Sale Beer & Wine,ACTIVE,Grocery Fresno 32,Christopher Rodriguez Martin,6988 5th Ln,Clovis,CA,90872,Fresno,(559) 478-6321,2004-01-28,2005-01-28
20-491478,20,Off-Sale Beer & Wine,ACTIVE,Bottle Shop Inc,Paul Martin,7813 7th Way #660,Clovis,CA,94760,Fresno,(559) 603-7617,2001-11-04,2002-11-04
20-671290,20,Off-Sale Beer & Wine,ACTIVE,Bottle Shop Fresno 35,Michelle Jackson Williams,5430 2nd Pl,Fresno,CA,95110,Fresno,(559) 641-7273,2016-01-23,2017-01-23
20-714102,20,Off-Sale Beer & Wine,ACTIVE,Corner Store Fresno LLC,Robert Davis,6538 3rd St,Fresno,CA,95465,Fresno,(559) 215-3824,2008-02-08,2009-02-08
20-593797,20,Off-Sale Beer & Wine,ACTIVE,Corner Store,Robert Lopez,3869 Jefferson Ave #166,Madera,CA,92724,Fresno,(559) 731-4207,2015-05-05,2016-05-05
20-467941,20,Off-Sale Beer & Wine,ACTIVE,Wine Shop Inc,Robert Brown,2378 Front Ln #767,Fresno,CA,93073,Fresno,(559) 306-9539,2024-12-12,2025-12-12
20-810492,20,Off-Sale Beer & Wine,ACTIVE,Wine Shop Fresno,Steven Lopez,7850 Franklin Ln,Fresno,CA,90771,Fresno,(559) 378-3187,2021-02-13,2022-02-13
20-293144,20,Off-Sale Beer & Wine,ACTIVE,Grocery Madera Valley Corp,Robert Johnson,1753 Front Ave,Madera,CA,92480,Fresno,(559) 386-7344,2021-01-17,2022-01-17
20-611357,20,Off-Sale Beer & Wine,ACTIVE,Mini Mart Clovis Corp,Paul Williams Moore,1152 State St #615,Clovis,CA,93475,Fresno,(559) 766-2896,2000-05-22,2001-05-22
20-703798,20,Off-Sale Beer & Wine,ACTIVE,Wine Shop Co,Christopher Hernandez Smith,9869 2nd St,Madera,CA,90284,Fresno,(559) 248-4837,2005-10-11,2006-10-11
20-205726,20,Off-Sale Beer & Wine,ACTIVE,Liquor Store Fresno,Maria Brown Jackson,3324 Broadway Way #505,Madera,CA,91494,Fresno,(559) 687-5699,2000-06-04,2001-06-04
20-835574,20,Off-Sale Beer & Wine,ACTIVE,Mini Mart Company,James Wilson,6321 Wilshire St,Madera,CA,90231,Fresno,(559) 242-2206,2022-07-14,2023-07-14
20-402666,20,Off-Sale Beer & Wine,ACTIVE,Market Inc,James Martin Wilson,5119 Washington Ln #445,Madera,CA,90177,Fresno,(559) 699-9297,2004-04-10,2005-04-10
20-601830,20,Off-Sale Beer & Wine,ACTIVE,Corner Store LLC,Jennifer Martin,4844 Lincoln Blvd,Fresno,CA,90277,Fresno,(559) 657-7169,2007-12-16,2008-12-16
20-288253,20,Off-Sale Beer & Wine,ACTIVE,Liquor Store Fresno Heights,Kenneth Smith,7864 Front Blvd,Fresno,CA,95112,Fresno,(559) 726-2402,2006-06-27,2007-06-27
20-853786,20,Off-Sale Beer & Wine,ACTIVE,OldCorner Store LLC 41,John Lopez,7190 4th Blvd #433,Madera,CA,90533,Fresno,(559) 247-5250,2000-01-14,2001-01-14
20-204964,20,Off-Sale Beer & Wine,ACTIVE,Market Fresno,Paul Jones,1892 Ocean Way #814,Clovis,CA,92489,Fresno,(559) 891-9879,2024-12-04,2025-12-04
20-961291,20,Off-Sale Beer & Wine,ACTIVE,Wine Shop Fresno,David Williams,8818 Mission Ave,Fresno,CA,92780,Fresno,(559) 734-6191,2002-03-05,2003-03-05
20-451786,20,Off-Sale Beer & Wine,ACTIVE,Market,Steven Johnson Anderson,2884 Pico Rd,Clovis,CA,90720,Fresno,(559) 400-4141,2002-03-16,2003-03-16
20-735935,20,Off-Sale Beer & Wine,ACTIVE,Corner Store Corp,James Miller,4165 Front Blvd,Clovis,CA,93200,Fresno,(559) 339-4344,2013-12-24,2014-12-24
20-750324,20,Off-Sale Beer & Wine,ACTIVE,Mini Mart Company,John Anderson,8069 4th Ln,Fresno,CA,90171,Fresno,(559) 691-4661,2008-10-03,2009-10-03
20-812581,20,Off-Sale Beer & Wine,ACTIVE,NewGrocery Fresno Inc 24,Matthew Martinez,5419 Oak Pl #942,Fresno,CA,95494,Fresno,(559) 627-5594,2023-02-06,2024-02-06
20-246972,20,Off-Sale Beer & Wine,ACTIVE,Market Fresno Co,Paul Brown,608 5th Way,Madera,CA,94965,Fresno,(559) 379-1966,2003-11-18,2004-11-18
20-792068,20,Off-Sale Beer & Wine,ACTIVE,Wine Shop Fresno Hills Group,Michelle Anderson,3968 Washington Pl,Fresno,CA,94435,Fresno,(559) 844-9146,2022-10-01,2023-10-01
20-366842,20,Off-Sale Beer & Wine,ACTIVE,Wine Shop Inc 16,John Anderson,2513 Maple Rd,Madera,CA,91948,Fresno,(559) 435-7782,2021-12-11,2022-12-11
20-559332,20,Off-Sale Beer & Wine,ACTIVE,Mini Mart Madera,Christopher Johnson,727 Hollywood Ct,Madera,CA,95710,Fresno,(559) 348-8501,2005-12-26,2006-12-26
20-309079,20,Off-Sale Beer & Wine,ACTIVE,Mini Mart,Steven Smith,6319 2nd Ct #676,Clovis,CA,95547,Fresno,(559) 281-2897,2007-07-12,2008-07-12
20-195873,20,Off-Sale Beer & Wine,ACTIVE,Liquor Store Group,James Taylor,9280 Madison Dr,Fresno,CA,94985,Fresno,(559) 347-8588,2013-09-27,2014-09-27
20-465185,20,Off-Sale Beer & Wine,ACTIVE,Liquor Store Fresno Group,Anthony Martin Garcia,2251 Pico Ln,Madera,CA,93572,Fresno,(559) 653-9782,2013-08-25,2014-08-25
20-526331,20,Off-Sale Beer & Wine,ACTIVE,TheMini Mart 33,Matthew Jones,793 Wilshire Pl #827,Madera,CA,92600,Fresno,(559) 308-6105,2008-12-26,2009-12-26
20-443897,20,Off-Sale Beer & Wine,ACTIVE,Wine Shop LLC,Michelle Jackson,6010 Pico St,Fresno,CA,90226,Fresno,(559) 703-6750,2008-06-21,2009-06-21
20-335590,20,Off-Sale Beer & Wine,ACTIVE,Market Clovis,Steven Taylor,466 State Pl,Clovis,CA,92001,Fresno,(559) 405-1371,2013-05-12,2014-05-12
20-688957,20,Off-Sale Beer & Wine,ACTIVE,OldMarket Clovis 82,Maria Wilson Moore,8304 4th Ln,Clovis,CA,93115,Fresno,(559) 388-8207,2008-06-23,2009-06-23
20-876126,20,Off-Sale Beer & Wine,ACTIVE,Grocery Clovis 16,Michael Taylor,9215 Mission Way,Clovis,CA,95173,Fresno,(559) 493-7048,2013-10-13,2014-10-13
20-151155,20,Off-Sale Beer & Wine,ACTIVE,Convenience Store,Michael Williams Brown,1689 7th Ave #773,Madera,CA,94537,Fresno,(559) 633-8842,2019-05-06,2020-05-06
20-591342,20,Off-Sale Beer & Wine,ACTIVE,Bottle Shop Fresno,Mark Taylor,7046 State Blvd,Madera,CA,92362,Fresno,(559) 826-6828,2009-09-25,2010-09-25
20-835938,20,Off-Sale Beer & Wine,ACTIVE,Market Madera LLC,Jennifer Gonzalez,7782 Jefferson Way,Madera,CA,93795,Fresno,(559) 937-5084,2007-02-16,2008-02-16
20-928039,20,Off-Sale Beer & Wine,ACTIVE,Mini Mart LLC,Maria Miller,1146 4th Ave,Fresno,CA,93961,Fresno,(559) 291-7410,2011-12-01,2012-12-01
20-682566,20,Off-Sale Beer & Wine,ACTIVE,Convenience Store Company,David Rodriguez,6924 Sunset Rd,Clovis,CA,95460,Fresno,(559) 700-1782,2021-08-04,2022-08-04
20-732628,20,Off-Sale Beer & Wine,ACTIVE,Bottle Shop Fresno,Maria Rodriguez,4972 Washington St,Fresno,CA,93985,Fresno,(559) 511-4175,2024-01-21,2025-01-21
20-357909,20,Off-Sale Beer & Wine,ACTIVE,Mini Mart Company,John Hernandez,4227 Ocean Ave,Fresno,CA,93371,Fresno,(559) 617-9543,2010-10-05,2011-10-05
20-751988,20,Off-Sale Beer & Wine,ACTIVE,Wine Shop LLC,Kenneth Jackson,4132 6th Pl,Clovis,CA,95596,Fresno,(559) 346-7033,2022-05-01,2023-05-01
20-251156,20,Off-Sale Beer & Wine,ACTIVE,Wine Shop,John Anderson Davis,8585 Pico Ct,Clovis,CA,95811,Fresno,(559) 845-4004,2000-06-14,2001-06-14
20-516884,20,Off-Sale Beer & Wine,ACTIVE,Market Fresno LLC 71,David Garcia,6116 6th Ln,Fresno,CA,94757,Fresno,(559) 535-8121,2023-11-05,2024-11-05
20-164094,20,Off-Sale Beer & Wine,ACTIVE,Grocery Fresno Co,John Johnson,539 Oak Dr #679,Fresno,CA,95437,Fresno,(559) 530-7243,2021-12-02,2022-12-02
20-937252,20,Off-Sale Beer & Wine,ACTIVE,Wine Shop Co,Steven Jackson,6981 Madison Dr #274,Madera,CA,92124,Fresno,(559) 933-8042,2018-06-11,2019-06-11
20-216242,20,Off-Sale Beer & Wine,ACTIVE,Corner Store,James Davis,502 4th Way,Fresno,CA,94464,Fresno,(559) 809-1400,2012-01-23,2013-01-23
20-312943,20,Off-Sale Beer & Wine,ACTIVE,Convenience Store Company,Jennifer Martin,1642 State Ct,Madera,CA,95825,Fresno,(559) 227-5148,2013-01-26,2014-01-26
20-551404,20,Off-Sale Beer & Wine,ACTIVE,Liquor Store,John Wilson Gonzalez,4555 Lincoln Ln,Fresno,CA,94389,Fresno,(559) 840-8620,2014-09-27,2015-09-27
20-776002,20,Off-Sale Beer & Wine,ACTIVE,Liquor Store LLC,Mark Jackson Miller,9362 4th Rd,Clovis,CA,91590,Fresno,(559) 849-3722,2019-01-21,2020-01-21
20-854729,20,Off-Sale Beer & Wine,ACTIVE,NewConvenience Store Fresno 12,Steven Garcia,4574 Hollywood Rd,Fresno,CA,90013,Fresno,(559) 790-9413,2013-06-15,2014-06-15
20-682103,20,Off-Sale Beer & Wine,ACTIVE,NewMarket Madera 89,John Anderson,7925 Ocean Dr,Madera,CA,95914,Fresno,(559) 682-9317,2001-06-13,2002-06-13
20-567813,20,Off-Sale Beer & Wine,ACTIVE,Bottle Shop Fresno,Anthony Anderson Lopez,3004 Franklin Ct,Fresno,CA,90621,Fresno,(559) 918-9313,2016-01-22,2017-01-22
20-640084,20,Off-Sale Beer & Wine,ACTIVE,Bottle Shop Clovis Hills,Michael Wilson,970 Washington Blvd,Clovis,CA,95979,Fresno,(559) 322-4216,2018-11-17,2019-11-17
20-951026,20,Off-Sale Beer & Wine,ACTIVE,Grocery,Lisa Miller,7603 Oak St,Fresno,CA,95923,Fresno,(559) 323-1321,2017-06-10,2018-06-10
20-233565,20,Off-Sale Beer & Wine,ACTIVE,TheLiquor Store 78,Lisa Moore,2223 State Ave,Fresno,CA,93636,Fresno,(559) 387-3672,2004-01-02,2005-01-02
20-812169,20,Off-Sale Beer & Wine,ACTIVE,TheGrocery Fresno LLC 36,Michelle Rodriguez,1805 1st Ct,Madera,CA,95431,Fresno,(559) 454-8280,2009-09-18,2010-09-18
20-650692,20,Off-Sale Beer & Wine,ACTIVE,Convenience Store Madera,Lisa Garcia Lopez,889 Lincoln Dr #763,Madera,CA,92236,Fresno,(559) 443-6264,2022-10-23,2023-10-23
20-437582,20,Off-Sale Beer & Wine,ACTIVE,Wine Shop Fresno,Jennifer Gonzalez Davis,3582 Market Blvd,Clovis,CA,94515,Fresno,(559) 434-1820,2001-05-18,2002-05-18
20-276846,20,Off-Sale Beer & Wine,ACTIVE,TheCorner Store 12,Anthony Martinez,3310 Sunset Ln,Fresno,CA,90375,Fresno,(559) 239-8605,2017-10-18,2018-10-18
20-117899,20,Off-Sale Beer & Wine,ACTIVE,OldMini Mart 68,Matthew Lopez Martin,8787 7th Ln,Fresno,CA,94340,Fresno,(559) 367-8524,2018-01-02,2019-01-02
20-484325,20,Off-Sale Beer & Wine,ACTIVE,Bottle Shop Madera Valley,Paul Gonzalez Anderson,236 Jefferson St,Madera,CA,90930,Fresno,(559) 342-5064,2011-11-09,2012-11-09
20-123551,20,Off-Sale Beer & Wine,ACTIVE,Convenience Store Fresno,David Hernandez,6787 4th Rd,Clovis,CA,92710,Fresno,(559) 988-9496,2011-09-26,2012-09-26
20-570985,20,Off-Sale Beer & Wine,ACTIVE,Liquor Store Fresno Valley,Kenneth Taylor,7676 Wilshire St #513,Fresno,CA,96175,Fresno,(559) 331-5061,2010-12-25,2011-12-25
20-831703,20,Off-Sale Beer & Wine,ACTIVE,Grocery Company,Anthony Garcia,2017 1st Rd,Madera,CA,92128,Fresno,(559) 237-6896,2016-11-01,2017-11-01
20-134589,20,Off-Sale Beer & Wine,ACTIVE,Market LLC,Anthony Hernandez,8767 5th Ct,Fresno,CA,93165,Fresno,(559) 457-3598,2011-10-08,2012-10-08
20-171103,20,Off-Sale Beer & Wine,ACTIVE,NewBottle Shop Corp 80,Anthony Gonzalez,6109 Oak Ave #359,Fresno,CA,91970,Fresno,(559) 437-1167,2007-01-24,2008-01-24
20-284330,20,Off-Sale Beer & Wine,ACTIVE,TheMini Mart Inc 98,Maria Miller Rodriguez,1684 Ocean St,Madera,CA,93260,Fresno,(559) 360-4780,2020-06-11,2021-06-11
20-500409,20,Off-Sale Beer & Wine,ACTIVE,Wine Shop Fresno Co,Lisa Martin Hernandez,6065 Madison Way,Fresno,CA,91053,Fresno,(559) 252-4667,2016-06-11,2017-06-11
20-855953,20,Off-Sale Beer & Wine,ACTIVE,Bottle Shop,Steven Hernandez,9200 6th Blvd,Fresno,CA,94519,Fresno,(559) 926-1465,2022-03-11,2023-03-11
20-349943,20,Off-Sale Beer & Wine,ACTIVE,OldGrocery Fresno Inc 72,David Jones,4619 Main Pl,Madera,CA,94793,Fresno,(559) 407-7709,2005-03-16,2006-03-16
20-461490,20,Off-Sale Beer & Wine,ACTIVE,Wine Shop Clovis Hills,Paul Anderson Gonzalez,1216 Maple Pl,Clovis,CA,92066,Fresno,(559) 884-3879,2008-05-26,2009-05-26
20-278146,20,Off-Sale Beer & Wine,ACTIVE,Bottle Shop Corp,Andrew Smith,9265 Oak Blvd,Madera,CA,96004,Fresno,(559) 742-2434,2015-01-10,2016-01-10
20-373058,20,Off-Sale Beer & Wine,ACTIVE,OldWine Shop 5,Kenneth Jackson,4676 Sunset Ave #547,Fresno,CA,90723,Fresno,(559) 537-8365,2013-06-04,2014-06-04
20-672925,20,Off-Sale Beer & Wine,ACTIVE,NewCorner Store Fresno Valley LLC 3,William Davis,7340 Mission Way,Fresno,CA,91081,Fresno,(559) 503-1508,2023-01-24,2024-01-24
20-919262,20,Off-Sale Beer & Wine,ACTIVE,Convenience Store Madera Inc,Maria Davis,8011 5th Dr,Madera,CA,93186,Fresno,(559) 382-2977,2012-06-02,2013-06-02
20-860935,20,Off-Sale Beer & Wine,ACTIVE,Corner Store Madera 2,Andrew Johnson,1606 Lincoln Rd #436,Madera,CA,94773,Fresno,(559) 385-9678,2012-01-28,2013-01-28
20-780195,20,Off-Sale Beer & Wine,ACTIVE,Convenience Store,Mark Hernandez,6170 Market St #735,Clovis,CA,90479,Fresno,(559) 750-5352,2018-11-09,2019-11-09
20-190329,20,Off-Sale Beer & Wine,ACTIVE,Mini Mart Fresno,Steven Lopez Williams,8015 7th Dr,Madera,CA,95772,Fresno,(559) 506-5455,2016-07-08,2017-07-08
20-681405,20,Off-Sale Beer & Wine,ACTIVE,Mini Mart Madera Inc,Kenneth Moore,677 Market Dr,Madera,CA,90764,Fresno,(559) 881-9496,2004-02-14,2005-02-14
20-143641,20,Off-Sale Beer & Wine,ACTIVE,NewLiquor Store Fresno Company 34,Matthew Williams,8616 Wilshire Ave,Madera,CA,96054,Fresno,(559) 316-4349,2011-10-03,2012-10-03
20-265275,20,Off-Sale Beer & Wine,ACTIVE,Liquor Store Group,Anthony Jackson Brown,618 1st Dr,Madera,CA,94019,Fresno,(559) 831-7745,2021-08-27,2022-08-27
20-125948,20,Off-Sale Beer & Wine,ACTIVE,TheWine Shop 81,Maria Hernandez,1901 Pico Blvd,Clovis,CA,94268,Fresno,(559) 342-6851,2023-02-03,2024-02-03
20-737657,20,Off-Sale Beer & Wine,ACTIVE,Mini Mart,Maria Hernandez,6355 Washington St,Clovis,CA,90051,Fresno,(559) 562-3061,2019-10-13,2020-10-13
20-492329,20,Off-Sale Beer & Wine,ACTIVE,TheBottle Shop Fresno Corp 96,Robert Smith,2875 1st Pl,Clovis,CA,91971,Fresno,(559) 961-1803,2022-06-16,2023-06-16
20-781702,20,Off-Sale Beer & Wine,ACTIVE,Liquor Store Corp,Anthony Anderson,712 1st Rd,Madera,CA,90333,Fresno,(559) 601-4406,2022-03-18,2023-03-18
20-888084,20,Off-Sale Beer & Wine,ACTIVE,TheLiquor Store Fresno Group 80,Maria Miller,5896 Mission Pl #659,Madera,CA,95230,Fresno,(559) 593-3610,2023-06-26,2024-06-26
20-232509,20,Off-Sale Beer & Wine,ACTIVE,Wine Shop Fresno Hills,Steven Martinez,5254 Front Blvd,Fresno,CA,90649,Fresno,(559) 251-5065,2000-03-17,2001-03-17
20-115138,20,Off-Sale Beer & Wine,ACTIVE,Mini Mart Company,Jennifer Garcia,7068 Sunset Pl #458,Madera,CA,91898,Fresno,(559) 323-1853,2003-05-25,2004-05-25
20-258585,20,Off-Sale Beer & Wine,ACTIVE,Bottle Shop Co 6,Anthony Miller,7699 Broadway Rd,Fresno,CA,90321,Fresno,(559) 286-6375,2023-03-06,2024-03-06
20-960050,20,Off-Sale Beer & Wine,ACTIVE,OldGrocery 9,Matthew Miller,4950 Sunset Ln,Clovis,CA,94752,Fresno,(559) 883-6406,2009-01-15,2010-01-15
20-936035,20,Off-Sale Beer & Wine,ACTIVE,Mini Mart,James Hernandez,1392 Maple Ave,Madera,CA,91991,Fresno,(559) 834-1790,2019-03-07,2020-03-07
20-752338,20,Off-Sale Beer & Wine,ACTIVE,Bottle Shop Clovis Heights Inc,Steven Garcia Johnson,3667 6th St,Clovis,CA,94179,Fresno,(559) 917-4937,2009-06-06,2010-06-06
20-694337,20,Off-Sale Beer & Wine,ACTIVE,Wine Shop 31,Michael Lopez,3359 Hollywood Blvd,Clovis,CA,92544,Fresno,(559) 348-2570,2019-09-07,2020-09-07
20-936135,20,Off-Sale Beer & Wine,ACTIVE,Grocery Group,Lisa Martinez,9599 7th Ct,Madera,CA,95642,Fresno,(559) 388-3006,2000-06-17,2001-06-17
20-572737,20,Off-Sale Beer & Wine,ACTIVE,Grocery Fresno,Robert Williams Rodriguez,7231 Hollywood Ave,Fresno,CA,91147,Fresno,(559) 774-4630,2006-09-07,2007-09-07
20-724241,20,Off-Sale Beer & Wine,ACTIVE,OldMini Mart Clovis Inc 27,Kenneth Garcia Jackson,2072 Market Ln #930,Clovis,CA,95063,Fresno,(559) 756-2483,2011-10-11,2012-10-11
20-489411,20,Off-Sale Beer & Wine,ACTIVE,Market,Jennifer Anderson,8550 Lincoln Blvd,Clovis,CA,94842,Fresno,(559) 700-7292,2020-11-13,2021-11-13
20-209946,20,Off-Sale Beer & Wine,ACTIVE,OldBottle Shop Fresno Co 98,Kenneth Johnson,9585 1st Ln,Fresno,CA,95275,Fresno,(559) 811-3275,2018-04-08,2019-04-08
20-599258,20,Off-Sale Beer & Wine,ACTIVE,OldCorner Store Clovis Heights Corp 66,Michelle Smith,3083 Mission Ln #302,Clovis,CA,91351,Fresno,(559) 723-3558,2017-09-03,2018-09-03
20-734280,20,Off-Sale Beer & Wine,ACTIVE,Market Clovis Group,Christopher Jackson,2102 1st Dr #226,Clovis,CA,91327,Fresno,(559) 343-8970,2008-03-20,2009-03-20
20-403806,20,Off-Sale Beer & Wine,ACTIVE,Mini Mart Fresno Hills Corp 27,Michelle Hernandez,8454 5th St,Fresno,CA,92416,Fresno,(559) 955-7550,2003-03-15,2004-03-15
20-251494,20,Off-Sale Beer & Wine,ACTIVE,NewLiquor Store Fresno 5,William Jackson,1475 Franklin Ave,Fresno,CA,90628,Fresno,(559) 768-9792,2003-03-18,2004-03-18
20-202636,20,Off-Sale Beer & Wine,ACTIVE,OldCorner Store Fresno 21,Michelle Rodriguez,5726 Lincoln Blvd,Clovis,CA,94475,Fresno,(559) 953-6303,2003-11-15,2004-11-15
20-691451,20,Off-Sale Beer & Wine,ACTIVE,Mini Mart Inc,Andrew Martinez,3481 Pico Blvd #899,Madera,CA,93475,Fresno,(559) 685-2023,2018-07-14,2019-07-14
20-118207,20,Off-Sale Beer & Wine,ACTIVE,Bottle Shop Company,Lisa Brown,9039 3rd Ct,Madera,CA,92620,Fresno,(559) 692-9283,2022-07-22,2023-07-22
20-534232,20,Off-Sale Beer & Wine,ACTIVE,Grocery Fresno Hills Corp,Daniel Johnson,2837 Lincoln Rd #792,Fresno,CA,96069,Fresno,(559) 872-4826,2023-06-21,2024-06-21
20-148125,20,Off-Sale Beer & Wine,ACTIVE,Bottle Shop Clovis Co,Mark Jackson,7397 Hollywood Pl,Clovis,CA,95655,Fresno,(559) 769-5837,2024-12-17,2025-12-17
20-585713,20,Off-Sale Beer & Wine,ACTIVE,Corner Store Corp,John Miller Williams,9144 1st Ct,Madera,CA,94073,Fresno,(559) 856-3806,2018-02-18,2019-02-18
20-448920,20,Off-Sale Beer & Wine,ACTIVE,TheGrocery 13,Maria Jones,8579 Main Ln #864,Madera,CA,92282,Fresno,(559) 457-2324,2010-09-18,2011-09-18
20-881032,20,Off-Sale Beer & Wine,ACTIVE,Convenience Store Fresno Company,Michelle Thomas,2660 Front Dr,Fresno,CA,95617,Fresno,(559) 580-8436,2010-10-22,2011-10-22
20-647957,20,Off-Sale Beer & Wine,ACTIVE,Mini Mart LLC,Lisa Taylor,9482 Washington Rd #100,Clovis,CA,95090,Fresno,(559) 850-1287,2019-04-21,2020-04-21
20-665756,20,Off-Sale Beer & Wine,ACTIVE,Mini Mart Inc,Paul Martinez,6187 Madison St,Madera,CA,92446,Fresno,(559) 227-8453,2009-10-21,2010-10-21
20-545022,20,Off-Sale Beer & Wine,ACTIVE,Grocery Fresno Heights Company,David Anderson,1036 Washington Way,Fresno,CA,95522,Fresno,(559) 707-1571,2016-07-05,2017-07-05
20-311055,20,Off-Sale Beer & Wine,ACTIVE,Wine Shop,Andrew Anderson,9759 6th Blvd,Madera,CA,93456,Fresno,(559) 305-7007,2017-03-07,2018-03-07
20-242148,20,Off-Sale Beer & Wine,ACTIVE,Mini Mart Madera,William Taylor,4305 1st Ln #296,Madera,CA,90801,Fresno,(559) 627-9163,2010-10-25,2011-10-25
20-421120,20,Off-Sale Beer & Wine,ACTIVE,Liquor Store Corp,Christopher Rodriguez Jackson,223 7th Rd,Fresno,CA,92816,Fresno,(559) 979-3226,2011-05-15,2012-05-15
20-571968,20,Off-Sale Beer & Wine,ACTIVE,Convenience Store Fresno Inc,David Garcia,8543 Franklin Dr #856,Clovis,CA,91291,Fresno,(559) 875-8639,2007-10-23,2008-10-23
20-242480,20,Off-Sale Beer & Wine,ACTIVE,Mini Mart,Robert Gonzalez,6162 7th Ln,Clovis,CA,93024,Fresno,(559) 780-3083,2010-02-13,2011-02-13
20-860812,20,Off-Sale Beer & Wine,ACTIVE,Grocery,Paul Martinez Lopez,8873 Broadway Rd,Clovis,CA,95951,Fresno,(559) 280-3647,2000-03-07,2001-03-07
20-939032,20,Off-Sale Beer & Wine,ACTIVE,Market,John Johnson,6925 Mission Ave,Fresno,CA,90011,Fresno,(559) 439-7904,2000-02-03,2001-02-03
20-163714,20,Off-Sale Beer & Wine,ACTIVE,Corner Store,John Thomas,348 Front Dr,Madera,CA,93054,Fresno,(559) 654-2386,2016-05-17,2017-05-17
20-562373,20,Off-Sale Beer & Wine,ACTIVE,Corner Store Co,Mark Wilson,1388 Washington Ave,Fresno,CA,95447,Fresno,(559) 676-1423,2024-05-04,2025-05-04
20-243163,20,Off-Sale Beer & Wine,ACTIVE,TheWine Shop 39,William Thomas Lopez,7210 Ocean Ct #493,Clovis,CA,93413,Fresno,(559) 688-9120,2013-04-13,2014-04-13
20-184675,20,Off-Sale Beer & Wine,ACTIVE,Wine Shop Fresno Group,Lisa Smith Thomas,2627 Broadway Blvd #351,Clovis,CA,92383,Fresno,(559) 664-4122,2018-03-06,2019-03-06
20-149591,20,Off-Sale Beer & Wine,ACTIVE,Mini Mart,David Johnson,4425 7th Rd #422,Fresno,CA,92889,Fresno,(559) 733-8549,2012-03-06,2013-03-06
20-255877,20,Off-Sale Beer & Wine,ACTIVE,Wine Shop,Michelle Wilson,8039 Maple Ln #823,Madera,CA,90436,Fresno,(559) 438-6078,2008-05-11,2009-05-11
20-720958,20,Off-Sale Beer & Wine,ACTIVE,NewCorner Store Fresno Group 92,Steven Rodriguez Lopez,3993 Main St,Fresno,CA,94602,Fresno,(559) 736-4907,2024-01-25,2025-01-25
20-836172,20,Off-Sale Beer & Wine,ACTIVE,OldWine Shop 47,Maria Williams,7008 3rd St,Fresno,CA,90828,Fresno,(559) 668-2419,2018-08-12,2019-08-12
20-607231,20,Off-Sale Beer & Wine,ACTIVE,Mini Mart Group,William Lopez Garcia,4726 Sunset Ave,Fresno,CA,94363,Fresno,(559) 231-6623,2000-09-16,2001-09-16
20-314987,20,Off-Sale Beer & Wine,ACTIVE,NewBottle Shop Fresno Hills Group 93,Paul Garcia,4964 Jefferson Ave #393,Fresno,CA,92370,Fresno,(559) 783-1338,2000-11-08,2001-11-08
20-904872,20,Off-Sale Beer & Wine,ACTIVE,Market Fresno Corp,Daniel Martinez,2980 Pico Ave,Fresno,CA,91688,Fresno,(559) 494-1549,2006-11-15,2007-11-15
20-589517,20,Off-Sale Beer & Wine,ACTIVE,TheWine Shop Corp 29,Paul Davis,3480 7th Ct,Madera,CA,93173,Fresno,(559) 583-5978,2000-09-20,2001-09-20
20-684481,20,Off-Sale Beer & Wine,ACTIVE,Mini Mart Fresno Valley Inc,John Smith Miller,800 Mission Ave,Fresno,CA,92891,Fresno,(559) 767-5208,2015-02-23,2016-02-23
20-469870,20,Off-Sale Beer & Wine,ACTIVE,Grocery Fresno 38,Andrew Taylor,3820 Hollywood Dr,Fresno,CA,91210,Fresno,(559) 297-8224,2008-11-22,2009-11-22
20-468254,20,Off-Sale Beer & Wine,ACTIVE,NewConvenience Store 100,Matthew Martin,394 2nd Rd,Clovis,CA,92101,Fresno,(559) 239-8225,2013-08-07,2014-08-07
20-499183,20,Off-Sale Beer & Wine,ACTIVE,Convenience Store Madera 8,James Rodriguez,2652 Ocean Blvd #519,Madera,CA,91204,Fresno,(559) 923-5059,2007-06-03,2008-06-03
20-273296,20,Off-Sale Beer & Wine,ACTIVE,NewBottle Shop 66,Daniel Smith,2825 Lincoln Ct,Clovis,CA,95679,Fresno,(559) 306-8675,2006-05-21,2007-05-21
20-398992,20,Off-Sale Beer & Wine,ACTIVE,Corner Store Fresno Group,Matthew Johnson,7162 4th Ct,Fresno,CA,95792,Fresno,(559) 801-6341,2023-12-08,2024-12-08
20-825011,20,Off-Sale Beer & Wine,ACTIVE,Corner Store Clovis LLC,Matthew Jones Miller,5785 Market St,Clovis,CA,94115,Fresno,(559) 345-6451,2017-12-08,2018-12-08
20-817689,20,Off-Sale Beer & Wine,ACTIVE,Market Madera Hills 72,James Smith,6240 Lincoln St,Madera,CA,92430,Fresno,(559) 475-9824,2018-11-24,2019-11-24
20-347145,20,Off-Sale Beer & Wine,ACTIVE,Market Inc,Michelle Rodriguez,3224 Lincoln Way,Clovis,CA,94001,Fresno,(559) 879-2586,2003-09-14,2004-09-14
20-661140,20,Off-Sale Beer & Wine,ACTIVE,OldConvenience Store 44,Steven Martinez,2652 6th Pl #669,Clovis,CA,91725,Fresno,(559) 958-5072,2009-08-05,2010-08-05
20-531247,20,Off-Sale Beer & Wine,ACTIVE,Grocery,Paul Brown,2863 State Dr,Clovis,CA,92657,Fresno,(559) 454-1908,2022-02-19,2023-02-19
20-765197,20,Off-Sale Beer & Wine,ACTIVE,Corner Store Inc,Jennifer Thomas,6429 Oak Blvd #226,Madera,CA,92558,Fresno,(559) 430-1230,2012-03-09,2013-03-09
20-835142,20,Off-Sale Beer & Wine,ACTIVE,Wine Shop Madera,Christopher Wilson,5639 State Ln,Madera,CA,94196,Fresno,(559) 964-1852,2002-06-06,2003-06-06
20-837134,20,Off-Sale Beer & Wine,ACTIVE,Market Fresno,Daniel Thomas Hernandez,6830 1st Ln #391,Fresno,CA,93052,Fresno,(559) 501-4915,2014-07-28,2015-07-28
20-461035,20,Off-Sale Beer & Wine,ACTIVE,Convenience Store Fresno Group,Steven Davis,104 Jefferson Ln #576,Fresno,CA,93162,Fresno,(559) 638-9433,2020-08-04,2021-08-04
20-578200,20,Off-Sale Beer & Wine,ACTIVE,Mini Mart Fresno Valley LLC,Robert Taylor,9337 Oak St #665,Fresno,CA,95592,Fresno,(559) 970-2155,2017-02-24,2018-02-24
20-838241,20,Off-Sale Beer & Wine,ACTIVE,Bottle Shop Clovis Hills 92,Andrew Moore,463 3rd Ln,Clovis,CA,90058,Fresno,(559) 211-7863,2008-02-10,2009-02-10
20-295751,20,Off-Sale Beer & Wine,ACTIVE,Bottle Shop Clovis Valley LLC,John Martinez Lopez,3198 Jefferson Blvd,Clovis,CA,93834,Fresno,(559) 635-6943,2012-09-16,2013-09-16
20-343309,20,Off-Sale Beer & Wine,ACTIVE,Bottle Shop Inc,Paul Miller Lopez,446 Mission Ln,Clovis,CA,91678,Fresno,(559) 806-4491,2012-09-19,2013-09-19
20-442944,20,Off-Sale Beer & Wine,ACTIVE,Convenience Store Clovis Valley Company,Matthew Johnson,619 Hollywood Way #282,Clovis,CA,91200,Fresno,(559) 351-5797,2023-05-20,2024-05-20
20-673710,20,Off-Sale Beer & Wine,ACTIVE,Grocery Clovis,Michael Thomas,467 Ocean Rd,Clovis,CA,93139,Fresno,(559) 963-8304,2004-08-19,2005-08-19
20-273263,20,Off-Sale Beer & Wine,ACTIVE,Bottle Shop Madera,Jennifer Miller,707 Washington Pl,Madera,CA,90722,Fresno,(559) 380-9800,2002-05-03,2003-05-03
20-757863,20,Off-Sale Beer & Wine,ACTIVE,Liquor Store Inc,David Taylor,1968 6th Way,Clovis,CA,93635,Fresno,(559) 586-9870,2017-07-03,2018-07-03
20-325261,20,Off-Sale Beer & Wine,ACTIVE,Bottle Shop,Steven Taylor,5592 Market Ln,Clovis,CA,91107,Fresno,(559) 815-9588,2002-06-28,2003-06-28
20-771488,20,Off-Sale Beer & Wine,ACTIVE,Mini Mart Fresno 97,James Martin,6746 Wilshire Ct,Fresno,CA,93294,Fresno,(559) 610-2562,2007-12-21,2008-12-21
20-768379,20,Off-Sale Beer & Wine,ACTIVE,Corner Store,Anthony Martinez Johnson,8097 7th Dr,Madera,CA,94863,Fresno,(559) 907-2003,2003-01-24,2004-01-24
20-775833,20,Off-Sale Beer & Wine,ACTIVE,Bottle Shop Clovis Valley 87,David Jones,4027 Main Ave #712,Clovis,CA,95506,Fresno,(559) 654-6013,2014-07-03,2015-07-03
20-150717,20,Off-Sale Beer & Wine,ACTIVE,Corner Store Madera Corp 54,Paul Williams,3052 Sunset Ct,Madera,CA,93396,Fresno,(559) 836-8907,2001-09-25,2002-09-25
20-805375,20,Off-Sale Beer & Wine,ACTIVE,Corner Store Fresno Co,Maria Jones,4332 Oak Pl,Clovis,CA,90052,Fresno,(559) 272-5569,2023-10-26,2024-10-26
20-677018,20,Off-Sale Beer & Wine,ACTIVE,TheMini Mart Fresno Co 16,Kenneth Miller,8345 Oak Dr,Fresno,CA,95210,Fresno,(559) 977-6863,2019-06-13,2020-06-13
20-782779,20,Off-Sale Beer & Wine,ACTIVE,Corner Store Fresno,Kenneth Rodriguez,2596 Wilshire Ln,Fresno,CA,91843,Fresno,(559) 683-6468,2015-03-22,2016-03-22
20-336245,20,Off-Sale Beer & Wine,ACTIVE,Market Fresno,Daniel Davis Moore,828 Mission Blvd,Fresno,CA,95305,Fresno,(559) 835-9509,2000-03-27,2001-03-27
20-405846,20,Off-Sale Beer & Wine,ACTIVE,Mini Mart Corp,Andrew Taylor,6422 Washington St #724,Clovis,CA,95295,Fresno,(559) 247-7623,2007-09-17,2008-09-17
20-384773,20,Off-Sale Beer & Wine,ACTIVE,Wine Shop Fresno Corp,Lisa Lopez,8238 2nd Blvd #130,Clovis,CA,90865,Fresno,(559) 745-9897,2011-02-04,2012-02-04
20-933710,20,Off-Sale Beer & Wine,ACTIVE,Bottle Shop Fresno,William Wilson,2033 Sunset Dr,Fresno,CA,93404,Fresno,(559) 236-9294,2010-08-06,2011-08-06
20-280917,20,Off-Sale Beer & Wine,ACTIVE,TheBottle Shop Fresno Valley Company 36,Lisa Wilson Davis,4029 Madison Rd,Fresno,CA,93248,Fresno,(559) 918-7107,2022-06-12,2023-06-12
20-612549,20,Off-Sale Beer & Wine,ACTIVE,Liquor Store Fresno,Paul Garcia,9245 Lincoln Ct,Madera,CA,93617,Fresno,(559) 394-5850,2020-01-11,2021-01-11
20-742919,20,Off-Sale Beer & Wine,ACTIVE,OldConvenience Store Co 44,Maria Hernandez,1295 3rd Dr #858,Clovis,CA,91718,Fresno,(559) 835-2139,2017-12-15,2018-12-15
20-568881,20,Off-Sale Beer & Wine,ACTIVE,TheCorner Store Madera Valley Corp 1,Kenneth Davis,471 Franklin Way,Madera,CA,94854,Fresno,(559) 675-7484,2004-12-16,2005-12-16
20-464919,20,Off-Sale Beer & Wine,ACTIVE,OldGrocery Madera Corp 22,Maria Williams,2535 Pico Ct,Madera,CA,93672,Fresno,(559) 587-9874,2006-01-01,2007-01-01
20-591844,20,Off-Sale Beer & Wine,ACTIVE,Corner Store Fresno Company,Matthew Johnson,1616 7th Ln,Madera,CA,94938,Fresno,(559) 790-7261,2015-06-26,2016-06-26
20-780116,20,Off-Sale Beer & Wine,ACTIVE,Liquor Store Company,Steven Thomas,8218 Hollywood Pl #999,Madera,CA,92627,Fresno,(559) 305-9039,2006-05-06,2007-05-06
20-369565,20,Off-Sale Beer & Wine,ACTIVE,Liquor Store Fresno,Daniel Smith,8985 Ocean Dr,Fresno,CA,96140,Fresno,(559) 862-5632,2000-11-27,2001-11-27
20-970842,20,Off-Sale Beer & Wine,ACTIVE,Corner Store Madera Hills Company,James Gonzalez,8279 Franklin Ave,Madera,CA,92853,Fresno,(559) 838-4773,2009-11-27,2010-11-27
20-664325,20,Off-Sale Beer & Wine,ACTIVE,Corner Store Clovis Co,Michelle Smith,526 Front Blvd,Clovis,CA,90596,Fresno,(559) 834-4427,2009-04-02,2010-04-02
20-604045,20,Off-Sale Beer & Wine,ACTIVE,Grocery Fresno Company,Matthew Moore Moore,621 Lincoln Dr,Madera,CA,94109,Fresno,(559) 808-4631,2020-04-20,2021-04-20
20-510970,20,Off-Sale Beer & Wine,ACTIVE,Convenience Store Group,Paul Martin,6203 Ocean Ct,Fresno,CA,90180,Fresno,(559) 822-4319,2009-06-26,2010-06-26
21-127072,21,Off-Sale General,ACTIVE,Discount Liquor,Paul Martin,3621 Pico Ln #911,Fresno,CA,91984,Fresno,(559) 617-5727,2005-01-13,2006-01-13
21-403811,21,Off-Sale General,ACTIVE,Discount Liquor Fresno,John Lopez,9901 Washington Blvd,Fresno,CA,94135,Fresno,(559) 841-1234,2013-01-21,2014-01-21
21-866759,21,Off-Sale General,ACTIVE,Package Store Fresno Hills Corp,Maria Williams,5825 7th Way #877,Fresno,CA,92829,Fresno,(559) 998-8693,2022-10-05,2023-10-05
21-866685,21,Off-Sale General,ACTIVE,OldLiquor Store Clovis Corp 89,James Gonzalez,950 Sunset Ct,Clovis,CA,93400,Fresno,(559) 495-1563,2005-04-04,2006-04-04
21-412840,21,Off-Sale General,ACTIVE,Liquor Store LLC,David Taylor,7053 Mission Ln,Fresno,CA,93745,Fresno,(559) 566-9216,2015-02-03,2016-02-03
21-238458,21,Off-Sale General,ACTIVE,NewFine Wines Co 99,Anthony Garcia Wilson,1686 Jefferson Ln,Clovis,CA,93261,Fresno,(559) 871-7691,2008-02-16,2009-02-16
21-590392,21,Off-Sale General,ACTIVE,Fine Wines,Anthony Thomas,5250 Ocean Rd #806,Fresno,CA,94592,Fresno,(559) 874-1994,2007-12-21,2008-12-21
21-495778,21,Off-Sale General,ACTIVE,Spirits Fresno Inc,Mark Garcia,7313 Hollywood Pl #906,Fresno,CA,91344,Fresno,(559) 758-8679,2004-03-13,2005-03-13
21-618551,21,Off-Sale General,ACTIVE,Beverage Store Inc,William Smith,1216 7th Ln,Madera,CA,92020,Fresno,(559) 314-2739,2016-07-06,2017-07-06
21-860241,21,Off-Sale General,ACTIVE,Discount Liquor Fresno,Robert Rodriguez,4657 Main Blvd #706,Fresno,CA,91587,Fresno,(559) 516-7391,2018-12-07,2019-12-07
21-973067,21,Off-Sale General,ACTIVE,Fine Wines Group,William Smith,7480 Madison St,Fresno,CA,94627,Fresno,(559) 944-1984,2008-03-09,2009-03-09
21-650583,21,Off-Sale General,ACTIVE,NewDiscount Liquor 8,Daniel Lopez,1139 4th Way,Madera,CA,92791,Fresno,(559) 533-5014,2010-03-27,2011-03-27
21-765342,21,Off-Sale General,ACTIVE,Fine Wines Madera,Lisa Thomas,1199 6th Ave,Madera,CA,92504,Fresno,(559) 380-4978,2003-04-05,2004-04-05
21-251346,21,Off-Sale General,ACTIVE,Liquor Store Group,Kenneth Jones,6074 6th Ln #501,Madera,CA,95432,Fresno,(559) 987-9956,2000-06-26,2001-06-26
21-224898,21,Off-Sale General,ACTIVE,TheFine Wines Fresno 14,Christopher Lopez,7006 Main Ln,Madera,CA,90466,Fresno,(559) 655-3353,2019-01-05,2020-01-05
21-959114,21,Off-Sale General,ACTIVE,Liquor Store Fresno Co,John Garcia,7818 7th Dr,Fresno,CA,96058,Fresno,(559) 218-7839,2006-10-25,2007-10-25
21-525034,21,Off-Sale General,ACTIVE,Beverage Store Company,Mark Anderson,9162 Hollywood Pl,Madera,CA,92703,Fresno,(559) 464-9615,2014-06-06,2015-06-06
21-721668,21,Off-Sale General,ACTIVE,Fine Wines Inc,Matthew Lopez,6030 Broadway Ave #853,Fresno,CA,91740,Fresno,(559) 995-9788,2018-02-20,2019-02-20
21-457320,21,Off-Sale General,ACTIVE,NewSpirits Fresno 7,William Anderson,3176 Madison Rd #394,Clovis,CA,93397,Fresno,(559) 587-2180,2023-03-04,2024-03-04
21-375585,21,Off-Sale General,ACTIVE,Liquor Store LLC,Michelle Miller Williams,3516 Madison Pl,Clovis,CA,91670,Fresno,(559) 699-9209,2000-11-21,2001-11-21
21-591837,21,Off-Sale General,ACTIVE,Fine Wines LLC,William Smith Gonzalez,1613 Wilshire Ave,Clovis,CA,90506,Fresno,(559) 930-1156,2000-01-01,2001-01-01
21-856970,21,Off-Sale General,ACTIVE,Wine & Spirits Fresno Group,Steven Rodriguez,4621 Broadway Rd #788,Clovis,CA,95272,Fresno,(559) 900-5930,2002-12-09,2003-12-09
21-397942,21,Off-Sale General,ACTIVE,Beverage Store Clovis Inc,Robert Gonzalez,8116 6th Pl,Clovis,CA,93254,Fresno,(559) 491-1320,2016-04-02,2017-04-02
21-887916,21,Off-Sale General,ACTIVE,Discount Liquor Fresno,Kenneth Johnson,547 6th Way #632,Clovis,CA,91317,Fresno,(559) 558-6966,2001-09-06,2002-09-06
21-709853,21,Off-Sale General,ACTIVE,Fine Wines Fresno Group,David Anderson,9237 Franklin Ave,Fresno,CA,90302,Fresno,(559) 932-5797,2002-07-16,2003-07-16
21-909437,21,Off-Sale General,ACTIVE,Spirits Madera Co 49,David Miller,5773 Ocean Ct #505,Madera,CA,90450,Fresno,(559) 808-3531,2005-03-02,2006-03-02
21-570636,21,Off-Sale General,ACTIVE,Wine & Spirits Co,Mark Anderson,8335 4th St,Fresno,CA,95670,Fresno,(559) 704-7479,2017-11-24,2018-11-24
21-510753,21,Off-Sale General,ACTIVE,NewPackage Store Fresno 10,Mark Anderson,3315 2nd Dr,Clovis,CA,91886,Fresno,(559) 219-6055,2011-02-23,2012-02-23
21-467836,21,Off-Sale General,ACTIVE,Fine Wines Fresno Inc,Mark Garcia,2917 Mission Rd,Fresno,CA,93859,Fresno,(559) 707-1984,2007-12-11,2008-12-11
21-225390,21,Off-Sale General,ACTIVE,Package Store Clovis,Maria Smith Lopez,5345 Broadway Blvd,Clovis,CA,96057,Fresno,(559) 902-3507,2014-04-16,2015-04-16
21-273035,21,Off-Sale General,ACTIVE,Package Store Fresno Inc,Michael Miller,9562 Washington Pl,Fresno,CA,94395,Fresno,(559) 297-7442,2021-08-28,2022-08-28
21-132456,21,Off-Sale General,ACTIVE,Beverage Store Madera Heights,James Thomas,6595 Hollywood Dr #213,Madera,CA,91442,Fresno,(559) 796-8662,2011-02-21,2012-02-21
21-535291,21,Off-Sale General,ACTIVE,NewPackage Store 7,Paul Moore Moore,5637 Sunset Pl,Fresno,CA,94549,Fresno,(559) 748-7688,2022-06-09,2023-06-09
21-301930,21,Off-Sale General,ACTIVE,Beverage Store Company,Robert Taylor Taylor,6174 Mission Ln #521,Fresno,CA,91467,Fresno,(559) 493-4856,2023-04-19,2024-04-19
21-494406,21,Off-Sale General,ACTIVE,Beverage Store,David Taylor Anderson,4550 Main Dr #773,Clovis,CA,95135,Fresno,(559) 534-9506,2002-04-01,2003-04-01
21-990664,21,Off-Sale General,ACTIVE,Wine & Spirits,Maria Martin,5576 Front Pl,Clovis,CA,93894,Fresno,(559) 295-8931,2014-12-28,2015-12-28
21-416180,21,Off-Sale General,ACTIVE,Beverage Store Fresno,Matthew Hernandez,6236 Mission Ct,Madera,CA,91535,Fresno,(559) 665-1361,2017-02-18,2018-02-18
21-136431,21,Off-Sale General,ACTIVE,Discount Liquor Fresno Hills,Christopher Hernandez,3450 Main Pl,Fresno,CA,93589,Fresno,(559) 883-5540,2005-12-27,2006-12-27
21-171999,21,Off-Sale General,ACTIVE,NewDiscount Liquor Inc 100,Christopher Jones,7381 Market Ct,Clovis,CA,94824,Fresno,(559) 667-2694,2012-09-01,2013-09-01
21-120964,21,Off-Sale General,ACTIVE,Fine Wines,Mark Wilson Thomas,4259 Market Way,Fresno,CA,90225,Fresno,(559) 552-7125,2011-08-13,2012-08-13
21-993612,21,Off-Sale General,ACTIVE,Package Store Clovis,Maria Davis,5067 2nd Dr,Clovis,CA,93770,Fresno,(559) 379-6081,2020-10-10,2021-10-10
21-637578,21,Off-Sale General,ACTIVE,Wine & Spirits Corp,Michael Jackson,4042 Franklin Dr,Madera,CA,95510,Fresno,(559) 544-3161,2012-04-02,2013-04-02
21-450290,21,Off-Sale General,ACTIVE,Discount Liquor Company,Robert Jackson,8018 Broadway St #239,Clovis,CA,93251,Fresno,(559) 672-1566,2021-07-23,2022-07-23
21-106032,21,Off-Sale General,ACTIVE,Spirits Co,James Moore,7263 5th Dr,Fresno,CA,92427,Fresno,(559) 709-9485,2009-09-16,2010-09-16
21-472740,21,Off-Sale General,ACTIVE,Beverage Store,Robert Hernandez,5960 Ocean Way #209,Madera,CA,91190,Fresno,(559) 302-8850,2010-05-06,2011-05-06
21-619618,21,Off-Sale General,ACTIVE,Beverage Store,Maria Davis Miller,579 1st Rd #633,Fresno,CA,94069,Fresno,(559) 439-4861,2024-01-25,2025-01-25
21-373418,21,Off-Sale General,ACTIVE,Beverage Store Corp,Maria Garcia,2930 Washington St,Fresno,CA,92039,Fresno,(559) 837-2853,2011-11-24,2012-11-24
21-518107,21,Off-Sale General,ACTIVE,Package Store Fresno,William Brown Davis,7074 7th Pl,Fresno,CA,93037,Fresno,(559) 935-6319,2008-10-22,2009-10-22
21-605313,21,Off-Sale General,ACTIVE,NewSpirits Fresno Company 35,Steven Garcia,3223 6th Ct,Fresno,CA,94507,Fresno,(559) 844-8083,2009-11-09,2010-11-09
21-560517,21,Off-Sale General,ACTIVE,Fine Wines Co,Steven Johnson Moore,8241 1st Ct #207,Clovis,CA,95815,Fresno,(559) 972-5287,2021-01-26,2022-01-26
21-399906,21,Off-Sale General,ACTIVE,TheBeverage Store Clovis Valley 41,Mark Anderson,4603 Franklin Dr,Clovis,CA,92087,Fresno,(559) 854-3099,2017-09-08,2018-09-08
21-669851,21,Off-Sale General,ACTIVE,ThePackage Store 48,Jennifer Jackson,2937 Lincoln Rd #828,Fresno,CA,90076,Fresno,(559) 943-6345,2017-02-20,2018-02-20
21-507936,21,Off-Sale General,ACTIVE,Wine & Spirits Fresno LLC,Daniel Martinez,7737 Sunset Ct,Clovis,CA,94089,Fresno,(559) 536-7676,2011-12-27,2012-12-27
21-883900,21,Off-Sale General,ACTIVE,Discount Liquor Fresno Company,Andrew Wilson,9389 5th Pl,Clovis,CA,90494,Fresno,(559) 306-7259,2006-10-25,2007-10-25
21-654972,21,Off-Sale General,ACTIVE,OldPackage Store Madera 57,Steven Brown,4899 Ocean Dr,Madera,CA,91996,Fresno,(559) 681-1554,2012-02-23,2013-02-23
21-638254,21,Off-Sale General,ACTIVE,Liquor Store Corp,Maria Hernandez,1368 Front St,Fresno,CA,91855,Fresno,(559) 749-5645,2015-05-08,2016-05-08
21-347846,21,Off-Sale General,ACTIVE,Discount Liquor Clovis Company,Anthony Rodriguez,197 Sunset Way,Clovis,CA,91264,Fresno,(559) 200-6542,2016-08-01,2017-08-01
21-818648,21,Off-Sale General,ACTIVE,Spirits Fresno Co,Jennifer Martinez Gonzalez,6159 Maple Ct #865,Madera,CA,91552,Fresno,(559) 962-4662,2000-12-18,2001-12-18
21-211758,21,Off-Sale General,ACTIVE,Wine & Spirits Madera Heights,Paul Jones,6183 Washington Rd,Madera,CA,93439,Fresno,(559) 426-6949,2020-09-02,2021-09-02
21-288774,21,Off-Sale General,ACTIVE,Wine & Spirits Corp,John Jones,1388 Oak Ln,Madera,CA,93180,Fresno,(559) 860-1919,2016-07-08,2017-07-08
21-182874,21,Off-Sale General,ACTIVE,Spirits Madera,Christopher Lopez,651 Washington Blvd,Madera,CA,93361,Fresno,(559) 813-4705,2004-04-03,2005-04-03
21-862552,21,Off-Sale General,ACTIVE,NewWine & Spirits Fresno LLC 47,Andrew Davis,6278 Maple Way #315,Clovis,CA,92883,Fresno,(559) 533-5719,2015-05-08,2016-05-08
21-894955,21,Off-Sale General,ACTIVE,Beverage Store Clovis Valley Company,Jennifer Rodriguez Lopez,6137 Franklin Ln,Clovis,CA,93472,Fresno,(559) 573-8250,2010-10-23,2011-10-23
21-470559,21,Off-Sale General,ACTIVE,Package Store Madera,James Taylor,4644 Franklin Ln,Madera,CA,92227,Fresno,(559) 352-9167,2000-11-14,2001-11-14
21-936935,21,Off-Sale General,ACTIVE,TheFine Wines 33,James Anderson,5934 Madison Dr,Madera,CA,91901,Fresno,(559) 210-5500,2001-04-16,2002-04-16
21-944132,21,Off-Sale General,ACTIVE,Package Store Madera Heights,Steven Johnson,9180 1st St #155,Madera,CA,95195,Fresno,(559) 426-4088,2009-05-10,2010-05-10
21-449595,21,Off-Sale General,ACTIVE,TheDiscount Liquor 87,Michael Martinez Martinez,6901 6th Ln,Clovis,CA,93590,Fresno,(559) 397-6057,2022-05-18,2023-05-18
21-763550,21,Off-Sale General,ACTIVE,Liquor Store,Jennifer Martinez,5537 Main Ct,Madera,CA,91246,Fresno,(559) 218-4699,2001-08-15,2002-08-15
21-227032,21,Off-Sale General,ACTIVE,Spirits Company,John Wilson,5050 Madison St #384,Fresno,CA,95658,Fresno,(559) 789-2264,2004-10-24,2005-10-24
21-925013,21,Off-Sale General,ACTIVE,Wine & Spirits Corp,Maria Johnson Hernandez,5125 4th Rd,Fresno,CA,94546,Fresno,(559) 717-8070,2005-06-06,2006-06-06
21-204269,21,Off-Sale General,ACTIVE,Fine Wines Madera,Matthew Gonzalez Rodriguez,7822 2nd St,Madera,CA,94327,Fresno,(559) 777-1816,2013-02-25,2014-02-25
21-823664,21,Off-Sale General,ACTIVE,OldFine Wines 58,Kenneth Moore,4259 State Ave,Fresno,CA,90356,Fresno,(559) 692-3530,2012-10-10,2013-10-10
21-837738,21,Off-Sale General,ACTIVE,Spirits Corp,Jennifer Rodriguez,9604 Ocean Ct #992,Clovis,CA,95165,Fresno,(559) 434-6439,2024-08-08,2025-08-08
21-768044,21,Off-Sale General,ACTIVE,NewSpirits Fresno 70,Kenneth Williams,6977 6th Ln,Madera,CA,92778,Fresno,(559) 204-9842,2011-06-02,2012-06-02
21-335715,21,Off-Sale General,ACTIVE,Fine Wines Co,Michael Rodriguez,6005 Mission Ln,Clovis,CA,91098,Fresno,(559) 386-1406,2008-06-05,2009-06-05
21-599804,21,Off-Sale General,ACTIVE,Package Store,Anthony Moore,8320 Washington St,Clovis,CA,96003,Fresno,(559) 342-2657,2008-02-01,2009-02-01
21-867432,21,Off-Sale General,ACTIVE,Liquor Store,Matthew Jackson,3210 4th Pl,Madera,CA,94130,Fresno,(559) 869-2065,2011-12-17,2012-12-17
21-836118,21,Off-Sale General,ACTIVE,Fine Wines Clovis Valley LLC,Lisa Wilson Rodriguez,439 Front Pl,Clovis,CA,91867,Fresno,(559) 716-7364,2017-10-14,2018-10-14
21-966323,21,Off-Sale General,ACTIVE,Liquor Store,Mark Wilson,4445 Franklin Way,Madera,CA,92043,Fresno,(559) 640-3284,2009-10-16,2010-10-16
21-521818,21,Off-Sale General,ACTIVE,Liquor Store Fresno Co,Lisa Thomas,6695 Mission St #423,Madera,CA,92487,Fresno,(559) 977-2342,2015-12-25,2016-12-25
21-876880,21,Off-Sale General,ACTIVE,OldWine & Spirits Clovis Corp 25,David Rodriguez,8010 4th Blvd,Clovis,CA,95346,Fresno,(559) 712-9131,2010-11-18,2011-11-18
21-831220,21,Off-Sale General,ACTIVE,Discount Liquor Fresno,David Lopez,3561 Main Ln,Clovis,CA,95961,Fresno,(559) 975-6477,2015-05-27,2016-05-27
21-618506,21,Off-Sale General,ACTIVE,Wine & Spirits LLC,Robert Miller,5075 3rd Ave,Clovis,CA,94378,Fresno,(559) 213-8904,2018-04-22,2019-04-22
21-148218,21,Off-Sale General,ACTIVE,Spirits,Paul Smith Martinez,6515 7th Ln #915,Fresno,CA,90840,Fresno,(559) 550-8222,2023-11-20,2024-11-20
21-425410,21,Off-Sale General,ACTIVE,Discount Liquor Clovis Heights Company,Mark Martin Wilson,5793 Pico Pl #447,Clovis,CA,91223,Fresno,(559) 624-8420,2008-04-03,2009-04-03
21-601481,21,Off-Sale General,ACTIVE,Fine Wines Madera Inc,Steven Lopez,7477 Oak Ave #385,Madera,CA,93970,Fresno,(559) 904-8003,2015-03-21,2016-03-21
21-104201,21,Off-Sale General,ACTIVE,Discount Liquor,Lisa Martin,4069 Wilshire Blvd,Clovis,CA,92910,Fresno,(559) 320-5382,2011-04-21,2012-04-21
21-397502,21,Off-Sale General,ACTIVE,NewFine Wines Fresno Company 49,Michelle Williams Moore,9621 Front Blvd #783,Fresno,CA,95707,Fresno,(559) 593-4614,2009-01-25,2010-01-25
21-953683,21,Off-Sale General,ACTIVE,Package Store Fresno,William Lopez,6665 3rd Blvd #909,Fresno,CA,90680,Fresno,(559) 357-3438,2015-05-10,2016-05-10
21-315066,21,Off-Sale General,ACTIVE,Wine & Spirits Fresno Company,James Garcia Anderson,4712 Jefferson Ct,Madera,CA,95564,Fresno,(559) 974-1562,2013-11-19,2014-11-19
21-356531,21,Off-Sale General,ACTIVE,Wine & Spirits Co,Michael Davis Jones,9280 Broadway Rd,Madera,CA,93514,Fresno,(559) 982-7274,2015-10-10,2016-10-10
21-527422,21,Off-Sale General,ACTIVE,Spirits Clovis Hills LLC,Lisa Taylor Rodriguez,2205 5th Ln #329,Clovis,CA,95249,Fresno,(559) 504-9968,2021-06-08,2022-06-08
21-344239,21,Off-Sale General,ACTIVE,Liquor Store Fresno,Kenneth Garcia,781 Main Blvd,Clovis,CA,93121,Fresno,(559) 509-5786,2015-10-17,2016-10-17
21-887416,21,Off-Sale General,ACTIVE,Package Store,David Jones,1179 Mission Dr #240,Fresno,CA,94030,Fresno,(559) 746-9732,2018-10-07,2019-10-07
21-386050,21,Off-Sale General,ACTIVE,Fine Wines 16,Michelle Smith,6204 Broadway St,Madera,CA,90724,Fresno,(559) 716-4052,2016-08-27,2017-08-27
21-848773,21,Off-Sale General,ACTIVE,Beverage Store,Jennifer Martin,5612 Main Pl,Clovis,CA,91938,Fresno,(559) 333-9622,2004-08-01,2005-08-01
21-570896,21,Off-Sale General,ACTIVE,Package Store Group,Andrew Martin,5851 Market Rd,Madera,CA,95315,Fresno,(559) 540-2437,2000-02-23,2001-02-23
21-103413,21,Off-Sale General,ACTIVE,Beverage Store Clovis Company,Maria Thomas,5287 Wilshire Blvd,Clovis,CA,94585,Fresno,(559) 523-4734,2013-10-03,2014-10-03
21-481292,21,Off-Sale General,ACTIVE,Discount Liquor Clovis Inc,Paul Moore,8657 Main Way,Clovis,CA,92179,Fresno,(559) 843-4105,2012-12-01,2013-12-01
21-361177,21,Off-Sale General,ACTIVE,NewFine Wines Fresno Inc 37,John Smith,2176 Front St,Clovis,CA,90528,Fresno,(559) 741-4819,2002-01-16,2003-01-16
21-170083,21,Off-Sale General,ACTIVE,Liquor Store,Maria Lopez,1638 Ocean St #148,Clovis,CA,92382,Fresno,(559) 858-9494,2017-03-07,2018-03-07
21-635956,21,Off-Sale General,ACTIVE,TheSpirits Fresno Co 51,Anthony Miller,1381 Sunset Dr,Clovis,CA,90972,Fresno,(559) 744-5514,2012-12-08,2013-12-08
21-607873,21,Off-Sale General,ACTIVE,Spirits Co 11,James Johnson Miller,8799 Pico St,Madera,CA,92785,Fresno,(559) 276-3167,2019-02-24,2020-02-24
21-570993,21,Off-Sale General,ACTIVE,TheBeverage Store Madera Valley Inc 51,Maria Moore,7327 Hollywood Ln #190,Madera,CA,90532,Fresno,(559) 711-8314,2017-01-14,2018-01-14
21-471832,21,Off-Sale General,ACTIVE,Beverage Store Fresno Hills Inc 34,James Davis,7963 Franklin Dr,Fresno,CA,91829,Fresno,(559) 969-8783,2022-04-03,2023-04-03
21-554336,21,Off-Sale General,ACTIVE,Wine & Spirits Clovis,Andrew Smith,7386 Market Rd,Clovis,CA,92508,Fresno,(559) 355-9274,2019-07-19,2020-07-19
21-396684,21,Off-Sale General,ACTIVE,Spirits Company,Andrew Taylor,4618 Market Rd #892,Madera,CA,95246,Fresno,(559) 962-2945,2021-05-10,2022-05-10
21-719586,21,Off-Sale General,ACTIVE,Discount Liquor Fresno Group,Matthew Wilson,3762 Franklin St,Fresno,CA,91817,Fresno,(559) 925-9426,2013-02-22,2014-02-22
21-212188,21,Off-Sale General,ACTIVE,Beverage Store Clovis Inc,Daniel Wilson,9312 1st Ln,Clovis,CA,94730,Fresno,(559) 834-3692,2004-03-24,2005-03-24
21-210417,21,Off-Sale General,ACTIVE,Liquor Store LLC,Mark Garcia,8028 4th Ave,Clovis,CA,95758,Fresno,(559) 792-1790,2020-10-14,2021-10-14
21-118865,21,Off-Sale General,ACTIVE,OldLiquor Store Fresno 60,Mark Jones,2293 Madison Ave,Fresno,CA,90717,Fresno,(559) 380-1356,2024-01-09,2025-01-09
21-812105,21,Off-Sale General,ACTIVE,Fine Wines Clovis Company,Steven Lopez,9453 Maple Blvd #105,Clovis,CA,94439,Fresno,(559) 970-9083,2008-03-03,2009-03-03
21-343145,21,Off-Sale General,ACTIVE,Liquor Store Group,Mark Anderson,9438 1st Ave,Madera,CA,92822,Fresno,(559) 447-7263,2020-01-20,2021-01-20
21-686970,21,Off-Sale General,ACTIVE,Wine & Spirits Company,John Jones Jones,5057 Market Blvd,Madera,CA,92477,Fresno,(559) 354-5990,2021-11-13,2022-11-13
21-171412,21,Off-Sale General,ACTIVE,Package Store Group 99,Michael Davis,6202 Oak St,Clovis,CA,91703,Fresno,(559) 919-7652,2016-04-14,2017-04-14
21-222359,21,Off-Sale General,ACTIVE,Wine & Spirits Fresno Group,Daniel Brown,118 Hollywood St,Fresno,CA,90471,Fresno,(559) 737-1527,2010-03-21,2011-03-21
21-691817,21,Off-Sale General,ACTIVE,OldPackage Store 18,David Johnson,5657 Oak Ln,Clovis,CA,95345,Fresno,(559) 247-7667,2004-09-04,2005-09-04
21-956864,21,Off-Sale General,ACTIVE,OldLiquor Store 100,Andrew Taylor,6939 Market Way,Fresno,CA,96144,Fresno,(559) 815-4673,2015-07-11,2016-07-11
21-661046,21,Off-Sale General,ACTIVE,Liquor Store 15,Robert Jones Williams,6434 Lincoln Pl,Fresno,CA,95176,Fresno,(559) 620-1795,2018-02-15,2019-02-15
21-321025,21,Off-Sale General,ACTIVE,Beverage Store Inc,Mark Williams Hernandez,7685 Pico Ln,Madera,CA,93713,Fresno,(559) 488-2024,2019-11-07,2020-11-07
21-943933,21,Off-Sale General,ACTIVE,Fine Wines Co,Anthony Williams,8367 Mission Ln,Madera,CA,94263,Fresno,(559) 350-2418,2003-05-05,2004-05-05
21-110426,21,Off-Sale General,ACTIVE,Package Store,Daniel Garcia Thomas,7756 3rd Ave,Madera,CA,92944,Fresno,(559) 432-4494,2006-02-13,2007-02-13
21-987895,21,Off-Sale General,ACTIVE,Liquor Store,Andrew Jackson Moore,4735 4th Way,Madera,CA,92537,Fresno,(559) 394-8250,2024-08-19,2025-08-19
21-248572,21,Off-Sale General,ACTIVE,Wine & Spirits Clovis Inc,Michelle Thomas Jackson,746 Main Ct #470,Clovis,CA,92339,Fresno,(559) 289-2334,2008-06-27,2009-06-27
21-418147,21,Off-Sale General,ACTIVE,TheSpirits Company 48,William Hernandez Rodriguez,9841 State Rd,Madera,CA,94977,Fresno,(559) 217-3578,2005-06-05,2006-06-05
21-183168,21,Off-Sale General,ACTIVE,NewSpirits Madera 98,Matthew Brown,9038 Hollywood Blvd,Madera,CA,94181,Fresno,(559) 989-2592,2003-03-28,2004-03-28
21-635514,21,Off-Sale General,ACTIVE,Package Store,James Jackson,7354 Washington Dr #764,Fresno,CA,92769,Fresno,(559) 937-8779,2022-04-21,2023-04-21
21-574103,21,Off-Sale General,ACTIVE,Package Store Fresno,Daniel Davis,5769 Main Way,Madera,CA,93770,Fresno,(559) 354-6074,2022-04-26,2023-04-26
21-333047,21,Off-Sale General,ACTIVE,Spirits Inc,Jennifer Martinez,3971 Mission Way,Madera,CA,96166,Fresno,(559) 718-5185,2003-02-23,2004-02-23
21-803087,21,Off-Sale General,ACTIVE,Package Store Fresno,David Johnson,3450 6th Ct #957,Clovis,CA,92136,Fresno,(559) 769-6732,2024-02-28,2025-02-28
21-805903,21,Off-Sale General,ACTIVE,Fine Wines Fresno,Lisa Anderson,3387 Jefferson Ct,Madera,CA,96001,Fresno,(559) 926-1599,2001-10-17,2002-10-17
21-385446,21,Off-Sale General,ACTIVE,NewPackage Store Madera 96,Michelle Martin,457 Broadway Ln #362,Madera,CA,93447,Fresno,(559) 488-7339,2019-01-04,2020-01-04
21-724486,21,Off-Sale General,ACTIVE,Package Store 82,Maria Jones,9853 Franklin Pl,Madera,CA,91925,Fresno,(559) 328-4499,2011-10-22,2012-10-22
21-424267,21,Off-Sale General,ACTIVE,Wine & Spirits Fresno,James Brown,8660 1st St,Fresno,CA,94016,Fresno,(559) 625-3402,2005-09-16,2006-09-16
21-156045,21,Off-Sale General,ACTIVE,Discount Liquor Clovis,Kenneth Miller Martinez,4726 Front St #219,Clovis,CA,92350,Fresno,(559) 752-3677,2009-07-28,2010-07-28
21-771894,21,Off-Sale General,ACTIVE,Beverage Store Fresno,Steven Hernandez,6961 Front Dr,Madera,CA,90500,Fresno,(559) 977-4206,2023-02-24,2024-02-24
21-591696,21,Off-Sale General,ACTIVE,OldWine & Spirits 78,Daniel Gonzalez,1611 Hollywood Ct,Clovis,CA,93574,Fresno,(559) 283-7796,2000-04-28,2001-04-28
21-763502,21,Off-Sale General,ACTIVE,Package Store Group,Matthew Johnson,4812 Washington Ave,Fresno,CA,94309,Fresno,(559) 623-1774,2022-06-19,2023-06-19
21-271738,21,Off-Sale General,ACTIVE,OldLiquor Store Fresno Group 69,Daniel Davis,5139 Franklin Rd,Madera,CA,93079,Fresno,(559) 973-6309,2001-10-27,2002-10-27
21-843104,21,Off-Sale General,ACTIVE,Beverage Store Madera Valley Corp,Andrew Smith,6014 Wilshire Ln,Madera,CA,90258,Fresno,(559) 458-2320,2003-07-28,2004-07-28
21-888925,21,Off-Sale General,ACTIVE,Beverage Store 58,Daniel Gonzalez,7600 Market Way,Clovis,CA,91431,Fresno,(559) 343-3126,2010-10-06,2011-10-06
21-903676,21,Off-Sale General,ACTIVE,OldWine & Spirits Fresno 53,Andrew Moore Miller,1668 4th Blvd #431,Fresno,CA,92740,Fresno,(559) 548-1762,2008-04-08,2009-04-08
21-691056,21,Off-Sale General,ACTIVE,Package Store Fresno,Mark Moore,5214 5th Dr,Fresno,CA,92399,Fresno,(559) 509-2347,2010-12-07,2011-12-07
21-649910,21,Off-Sale General,ACTIVE,Liquor Store Inc,Michael Hernandez,8867 Mission Blvd #337,Clovis,CA,95219,Fresno,(559) 231-2523,2000-11-06,2001-11-06
21-871416,21,Off-Sale General,ACTIVE,Fine Wines,Maria Moore,9441 6th Pl #502,Madera,CA,95059,Fresno,(559) 882-6987,2020-09-18,2021-09-18
21-964078,21,Off-Sale General,ACTIVE,Beverage Store Fresno,Christopher Anderson,7562 4th Rd,Fresno,CA,96093,Fresno,(559) 257-3743,2006-08-07,2007-08-07
21-960447,21,Off-Sale General,ACTIVE,Fine Wines Fresno,James Wilson Williams,1348 Madison Way,Madera,CA,90265,Fresno,(559) 391-5805,2011-05-01,2012-05-01
21-309998,21,Off-Sale General,ACTIVE,NewFine Wines Group 38,James Davis,7948 Madison Dr #188,Madera,CA,91015,Fresno,(559) 954-1847,2005-02-16,2006-02-16
21-549858,21,Off-Sale General,ACTIVE,NewDiscount Liquor Madera 1,Christopher Martin,6327 State Ave #253,Madera,CA,94650,Fresno,(559) 924-7456,2010-01-02,2011-01-02
21-497643,21,Off-Sale General,ACTIVE,Spirits Clovis,Kenneth Davis,3120 Pico Pl,Clovis,CA,93983,Fresno,(559) 595-9037,2012-12-27,2013-12-27
21-391167,21,Off-Sale General,ACTIVE,Fine Wines Clovis,Daniel Smith,122 Madison Pl #945,Clovis,CA,93729,Fresno,(559) 402-1276,2024-06-07,2025-06-07
21-764336,21,Off-Sale General,ACTIVE,Discount Liquor Madera Corp,Paul Smith,1060 Franklin Pl,Madera,CA,95651,Fresno,(559) 314-6153,2018-10-21,2019-10-21
21-404737,21,Off-Sale General,ACTIVE,Beverage Store Company,Kenneth Hernandez,140 Ocean St,Madera,CA,94599,Fresno,(559) 612-9130,2000-01-04,2001-01-04
21-493082,21,Off-Sale General,ACTIVE,Beverage Store Fresno,Steven Williams,6080 Washington Dr #463,Clovis,CA,93397,Fresno,(559) 705-8124,2008-02-09,2009-02-09
21-610012,21,Off-Sale General,ACTIVE,Package Store Fresno 28,Kenneth Miller,1349 Market St,Fresno,CA,94738,Fresno,(559) 422-8327,2024-10-27,2025-10-27
21-238026,21,Off-Sale General,ACTIVE,OldPackage Store Fresno Corp 7,Paul Moore,4355 Washington Ct,Clovis,CA,93403,Fresno,(559) 255-3920,2024-02-25,2025-02-25
21-485571,21,Off-Sale General,ACTIVE,Package Store,Mark Garcia,8244 Main Ct,Madera,CA,94843,Fresno,(559) 951-9871,2003-08-23,2004-08-23
21-799676,21,Off-Sale General,ACTIVE,Liquor Store Inc,Daniel Martin,8416 Oak Ln,Fresno,CA,95437,Fresno,(559) 510-4501,2021-09-20,2022-09-20
21-313086,21,Off-Sale General,ACTIVE,NewSpirits Clovis Hills Group 30,Matthew Wilson,7307 Broadway Dr,Clovis,CA,91431,Fresno,(559) 741-5061,2006-07-16,2007-07-16
21-859687,21,Off-Sale General,ACTIVE,Fine Wines,Matthew Rodriguez Smith,9260 Broadway Ave #155,Madera,CA,90236,Fresno,(559) 328-4447,2013-07-21,2014-07-21
21-643505,21,Off-Sale General,ACTIVE,Package Store Fresno Inc,Matthew Gonzalez,7884 Jefferson Pl #658,Fresno,CA,95114,Fresno,(559) 305-7239,2002-05-01,2003-05-01
21-796122,21,Off-Sale General,ACTIVE,Discount Liquor Group,Maria Jones,8949 4th Ct #847,Fresno,CA,94167,Fresno,(559) 885-7136,2003-06-02,2004-06-02
21-438296,21,Off-Sale General,ACTIVE,Spirits,John Wilson,5439 6th Pl,Clovis,CA,91438,Fresno,(559) 983-1475,2022-08-15,2023-08-15
21-256167,21,Off-Sale General,ACTIVE,Beverage Store,Andrew Hernandez,9777 Broadway Pl,Madera,CA,93904,Fresno,(559) 420-2252,2015-07-15,2016-07-15
21-963931,21,Off-Sale General,ACTIVE,Discount Liquor 13,David Johnson,6374 4th Pl,Madera,CA,90488,Fresno,(559) 654-1309,2006-07-08,2007-07-08
21-360455,21,Off-Sale General,ACTIVE,Spirits Co,Jennifer Gonzalez,9338 7th Way #631,Fresno,CA,95613,Fresno,(559) 906-1827,2011-02-28,2012-02-28
21-698787,21,Off-Sale General,ACTIVE,Package Store Fresno Inc,Michael Thomas,5947 6th Blvd,Clovis,CA,93889,Fresno,(559) 888-7860,2013-12-01,2014-12-01
21-433742,21,Off-Sale General,ACTIVE,Fine Wines Fresno,Michael Martinez,2406 Mission Ln,Clovis,CA,95174,Fresno,(559) 840-7668,2005-04-17,2006-04-17
21-926964,21,Off-Sale General,ACTIVE,NewLiquor Store Group 86,Robert Wilson,6901 4th Ave,Clovis,CA,91210,Fresno,(559) 236-3363,2023-09-08,2024-09-08
21-615917,21,Off-Sale General,ACTIVE,Spirits Madera Hills,David Jones,2888 6th Ct,Madera,CA,93662,Fresno,(559) 398-7748,2001-09-23,2002-09-23
21-729596,21,Off-Sale General,ACTIVE,NewLiquor Store Group 80,Matthew Williams,9311 Madison Blvd,Clovis,CA,91810,Fresno,(559) 909-5230,2007-09-03,2008-09-03
21-308212,21,Off-Sale General,ACTIVE,Discount Liquor,Steven Taylor,4709 2nd Blvd,Clovis,CA,94950,Fresno,(559) 760-7159,2002-04-01,2003-04-01
58-764863,58,Caterer's Beer & Wine,ACTIVE,OldEvents & Catering Corp 75,Paul Anderson,4319 Sunset Pl,Madera,CA,90029,Fresno,(559) 444-7818,2023-10-14,2024-10-14
58-277863,58,Caterer's Beer & Wine,ACTIVE,Party Services Fresno,Lisa Martinez,7588 Jefferson Rd,Fresno,CA,91941,Fresno,(559) 678-9413,2010-09-12,2011-09-12
58-793357,58,Caterer's Beer & Wine,ACTIVE,Catering Company Inc,Michelle Gonzalez,4186 Ocean Ct #624,Madera,CA,93140,Fresno,(559) 683-8022,2012-11-06,2013-11-06
58-967974,58,Caterer's Beer & Wine,ACTIVE,Event Catering Clovis,Mark Thomas,6758 Franklin Ave,Clovis,CA,95917,Fresno,(559) 467-5749,2022-12-27,2023-12-27
58-406608,58,Caterer's Beer & Wine,ACTIVE,Catering,David Taylor,6723 Main Pl,Madera,CA,91310,Fresno,(559) 507-9948,2023-03-23,2024-03-23
58-705641,58,Caterer's Beer & Wine,ACTIVE,Banquets Clovis Hills,Anthony Brown,1969 Madison Dr,Clovis,CA,93608,Fresno,(559) 739-7292,2017-04-03,2018-04-03
58-202929,58,Caterer's Beer & Wine,ACTIVE,Catering Company Fresno Inc,Lisa Miller,8539 Main St #658,Fresno,CA,93069,Fresno,(559) 356-7538,2012-10-11,2013-10-11
58-974064,58,Caterer's Beer & Wine,ACTIVE,Catering,Mark Hernandez,5078 Main Way #739,Madera,CA,94387,Fresno,(559) 957-6710,2008-02-03,2009-02-03
58-395634,58,Caterer's Beer & Wine,ACTIVE,NewEvent Catering Group 11,Steven Jones,635 Jefferson Pl,Madera,CA,93924,Fresno,(559) 222-8674,2002-11-07,2003-11-07
58-509823,58,Caterer's Beer & Wine,ACTIVE,NewBanquets Fresno 5,Christopher Jackson,6612 3rd Rd,Fresno,CA,93362,Fresno,(559) 445-7879,2019-05-03,2020-05-03
58-710795,58,Caterer's Beer & Wine,ACTIVE,Catering Company Fresno Co,Steven Hernandez Martinez,7533 Front Blvd,Fresno,CA,92474,Fresno,(559) 723-9988,2015-12-06,2016-12-06
58-310244,58,Caterer's Beer & Wine,ACTIVE,TheParty Services Corp 93,Christopher Gonzalez,3263 7th Ln,Fresno,CA,92650,Fresno,(559) 645-7146,2020-01-27,2021-01-27
58-797043,58,Caterer's Beer & Wine,ACTIVE,TheCatering Co 8,Mark Lopez,8974 Hollywood Way,Fresno,CA,96191,Fresno,(559) 474-1402,2010-10-21,2011-10-21
58-350351,58,Caterer's Beer & Wine,ACTIVE,Catering Fresno,Michael Gonzalez Anderson,7285 5th Blvd,Fresno,CA,93394,Fresno,(559) 241-8453,2008-08-23,2009-08-23
58-381869,58,Caterer's Beer & Wine,ACTIVE,Event Catering,Christopher Moore,8686 Mission Pl,Clovis,CA,95446,Fresno,(559) 406-6733,2020-05-25,2021-05-25
58-889438,58,Caterer's Beer & Wine,ACTIVE,Catering Company 49,Matthew Garcia,3888 Broadway Dr #275,Clovis,CA,91330,Fresno,(559) 383-7298,2023-11-25,2024-11-25
58-184340,58,Caterer's Beer & Wine,ACTIVE,Event Catering Inc,Jennifer Williams,2960 6th Dr,Madera,CA,90038,Fresno,(559) 947-3057,2011-01-17,2012-01-17
58-603171,58,Caterer's Beer & Wine,ACTIVE,Event Catering Fresno LLC,Matthew Moore,3978 Front Ave,Clovis,CA,95601,Fresno,(559) 368-2491,2022-08-23,2023-08-23
58-992456,58,Caterer's Beer & Wine,ACTIVE,Event Catering Madera Company,John Brown,8428 Jefferson Ln,Madera,CA,94695,Fresno,(559) 525-3048,2014-08-26,2015-08-26
58-798659,58,Caterer's Beer & Wine,ACTIVE,NewCatering Clovis Group 77,Daniel Hernandez,3350 Hollywood St #181,Clovis,CA,95326,Fresno,(559) 259-5300,2017-05-15,2018-05-15
58-102049,58,Caterer's Beer & Wine,ACTIVE,Events & Catering,Michelle Hernandez,2322 Oak Pl #268,Fresno,CA,92077,Fresno,(559) 353-4658,2008-03-28,2009-03-28
58-742144,58,Caterer's Beer & Wine,ACTIVE,Party Services Inc 4,William Moore,2869 1st Dr,Fresno,CA,91061,Fresno,(559) 900-5809,2011-03-24,2012-03-24
58-809425,58,Caterer's Beer & Wine,ACTIVE,Catering,David Jackson,6396 Franklin Way,Clovis,CA,94109,Fresno,(559) 234-3669,2018-11-10,2019-11-10
58-312270,58,Caterer's Beer & Wine,ACTIVE,Event Catering Madera,Maria Johnson,9965 Ocean Dr #101,Madera,CA,90539,Fresno,(559) 683-4073,2008-01-16,2009-01-16
58-331355,58,Caterer's Beer & Wine,ACTIVE,Catering Madera Hills LLC,David Williams,3657 3rd Pl #675,Madera,CA,95213,Fresno,(559) 887-4230,2014-03-15,2015-03-15
58-791131,58,Caterer's Beer & Wine,ACTIVE,Events & Catering Corp,Michelle Moore,7804 2nd Ln,Clovis,CA,93233,Fresno,(559) 547-9136,2012-12-14,2013-12-14
58-293367,58,Caterer's Beer & Wine,ACTIVE,Events & Catering Fresno,Steven Wilson,6247 Maple Ln,Clovis,CA,95452,Fresno,(559) 892-6703,2000-09-11,2001-09-11
58-131930,58,Caterer's Beer & Wine,ACTIVE,Event Catering Clovis,Paul Gonzalez,4419 3rd Ave,Clovis,CA,91747,Fresno,(559) 924-7603,2006-07-16,2007-07-16
58-183318,58,Caterer's Beer & Wine,ACTIVE,OldCatering 36,Jennifer Jones,1181 Madison Dr,Clovis,CA,94603,Fresno,(559) 333-7388,2013-03-21,2014-03-21
58-898018,58,Caterer's Beer & Wine,ACTIVE,Catering Corp,Daniel Miller Hernandez,8679 Ocean St,Clovis,CA,90088,Fresno,(559) 837-2618,2009-10-11,2010-10-11
58-360025,58,Caterer's Beer & Wine,ACTIVE,NewBanquets Co 46,Paul Brown,1715 Franklin Dr,Madera,CA,96159,Fresno,(559) 217-7620,2007-02-03,2008-02-03
58-551817,58,Caterer's Beer & Wine,ACTIVE,TheParty Services Madera Corp 71,David Martinez,4102 Jefferson St #643,Madera,CA,94158,Fresno,(559) 769-6854,2003-03-25,2004-03-25
58-742840,58,Caterer's Beer & Wine,ACTIVE,Party Services Madera,Robert Thomas,9164 Mission Ct,Madera,CA,90227,Fresno,(559) 539-9044,2012-06-22,2013-06-22
58-772331,58,Caterer's Beer & Wine,ACTIVE,Events & Catering Fresno Corp 12,Robert Martin Martin,4501 6th Way #763,Fresno,CA,90192,Fresno,(559) 402-3163,2003-09-26,2004-09-26
58-466485,58,Caterer's Beer & Wine,ACTIVE,OldEvent Catering Co 75,Kenneth Lopez,7518 5th Ct,Madera,CA,95712,Fresno,(559) 987-2042,2016-02-06,2017-02-06
58-850122,58,Caterer's Beer & Wine,ACTIVE,Banquets Fresno,Matthew Gonzalez Williams,4318 Wilshire Blvd,Fresno,CA,92548,Fresno,(559) 278-3108,2003-07-21,2004-07-21
58-284360,58,Caterer's Beer & Wine,ACTIVE,Catering Company Madera 14,Maria Moore Moore,7428 Jefferson Pl,Madera,CA,94504,Fresno,(559) 829-2644,2003-10-11,2004-10-11
58-748652,58,Caterer's Beer & Wine,ACTIVE,Party Services Corp 56,Christopher Gonzalez,1269 5th St #700,Fresno,CA,94662,Fresno,(559) 801-1623,2019-12-17,2020-12-17
58-241251,58,Caterer's Beer & Wine,ACTIVE,TheBanquets Fresno Company 98,John Johnson,9035 Madison Rd #639,Fresno,CA,94237,Fresno,(559) 368-6507,2008-02-03,2009-02-03
58-171604,58,Caterer's Beer & Wine,ACTIVE,Catering,John Jackson,3722 Franklin Ln,Clovis,CA,91134,Fresno,(559) 745-8126,2024-11-08,2025-11-08
58-109363,58,Caterer's Beer & Wine,ACTIVE,Catering Clovis Valley Corp 83,Robert Hernandez,8466 Hollywood Blvd,Clovis,CA,92142,Fresno,(559) 461-2575,2014-12-27,2015-12-27
58-888531,58,Caterer's Beer & Wine,ACTIVE,Catering,Mark Williams Smith,4965 2nd Blvd #922,Madera,CA,94935,Fresno,(559) 810-4320,2022-12-01,2023-12-01
58-596667,58,Caterer's Beer & Wine,ACTIVE,OldEvents & Catering 26,Robert Davis,5114 Front Rd,Fresno,CA,94375,Fresno,(559) 791-2575,2001-06-18,2002-06-18
58-463372,58,Caterer's Beer & Wine,ACTIVE,TheCatering Clovis 60,Robert Rodriguez Martin,6191 Franklin Pl,Clovis,CA,95934,Fresno,(559) 820-2438,2015-06-09,2016-06-09
58-418023,58,Caterer's Beer & Wine,ACTIVE,Catering LLC,John Taylor,2973 Maple Blvd,Clovis,CA,91573,Fresno,(559) 410-5620,2010-04-03,2011-04-03
58-300715,58,Caterer's Beer & Wine,ACTIVE,Party Services,Steven Wilson,3604 Main Rd,Clovis,CA,94448,Fresno,(559) 224-2817,2010-09-10,2011-09-10
58-981649,58,Caterer's Beer & Wine,ACTIVE,Catering Company,Matthew Brown Smith,1472 Hollywood Pl #400,Fresno,CA,93196,Fresno,(559) 393-2728,2002-05-03,2003-05-03
75-681103,75,Event Permit Holder,ACTIVE,TheVenue Management Co 8,Maria Jones,3108 Madison Ave #210,Madera,CA,90574,Fresno,(559) 363-7669,2007-01-21,2008-01-21
75-744764,75,Event Permit Holder,ACTIVE,OldVenue Management Fresno Hills Group 24,John Williams,626 4th Dr,Fresno,CA,93397,Fresno,(559) 907-2271,2023-09-20,2024-09-20
75-788268,75,Event Permit Holder,ACTIVE,Event Services,Jennifer Miller,4212 Front Way #300,Madera,CA,93918,Fresno,(559) 763-4636,2008-06-18,2009-06-18
75-253880,75,Event Permit Holder,ACTIVE,Event Production Madera,Mark Lopez Garcia,829 Sunset Blvd #603,Madera,CA,95746,Fresno,(559) 539-2156,2017-11-08,2018-11-08
75-673320,75,Event Permit Holder,ACTIVE,TheEvent Services Group 75,Jennifer Thomas,4924 5th Pl,Madera,CA,93657,Fresno,(559) 232-7879,2010-12-26,2011-12-26
75-647133,75,Event Permit Holder,ACTIVE,Venue Management,Anthony Johnson,5262 Oak Dr,Clovis,CA,91486,Fresno,(559) 973-7379,2024-07-07,2025-07-07
75-567771,75,Event Permit Holder,ACTIVE,Festival Services,Matthew Martinez,4635 Maple Blvd #877,Fresno,CA,92885,Fresno,(559) 792-6877,2020-08-25,2021-08-25
75-204916,75,Event Permit Holder,ACTIVE,Festival Services Madera,Steven Gonzalez,6043 Jefferson Way,Madera,CA,92778,Fresno,(559) 278-9130,2015-09-05,2016-09-05
75-614512,75,Event Permit Holder,ACTIVE,Festival Services Madera,James Thomas Gonzalez,1554 Mission Ct,Madera,CA,95525,Fresno,(559) 863-7223,2000-07-16,2001-07-16
75-289306,75,Event Permit Holder,ACTIVE,TheVenue Management Fresno Heights 43,Jennifer Jones,3321 Hollywood Blvd,Fresno,CA,93917,Fresno,(559) 699-9213,2008-08-03,2009-08-03
75-620256,75,Event Permit Holder,ACTIVE,Venue Management,David Gonzalez,3758 Broadway Ave,Clovis,CA,90627,Fresno,(559) 984-9950,2018-02-08,2019-02-08
75-829982,75,Event Permit Holder,ACTIVE,Venue Management LLC,William Brown,3257 Sunset Ln #562,Madera,CA,95098,Fresno,(559) 694-3497,2001-11-04,2002-11-04
75-424161,75,Event Permit Holder,ACTIVE,NewFestival Services Fresno Company 61,Maria Wilson,749 Ocean Ave,Fresno,CA,93344,Fresno,(559) 743-5718,2021-03-24,2022-03-24
75-933767,75,Event Permit Holder,ACTIVE,Venue Management Group,Maria Hernandez,4094 Front Dr #875,Clovis,CA,91122,Fresno,(559) 976-4064,2015-04-09,2016-04-09
75-439247,75,Event Permit Holder,ACTIVE,TheVenue Management Fresno Co 70,Michael Brown Williams,9385 Wilshire Dr #779,Fresno,CA,91838,Fresno,(559) 255-3537,2017-09-14,2018-09-14
75-103513,75,Event Permit Holder,ACTIVE,Venue Management Fresno,James Davis Gonzalez,5687 Washington Way,Fresno,CA,94891,Fresno,(559) 543-4380,2004-12-26,2005-12-26
75-424736,75,Event Permit Holder,ACTIVE,Venue Management Fresno Heights Inc,Daniel Thomas,3325 4th Rd #217,Fresno,CA,94965,Fresno,(559) 293-2390,2022-04-07,2023-04-07
75-306021,75,Event Permit Holder,ACTIVE,Event Services Madera Hills,James Jackson,1915 5th Ave,Madera,CA,93573,Fresno,(559) 534-4400,2008-03-11,2009-03-11
75-281422,75,Event Permit Holder,ACTIVE,Event Production Fresno Valley,Daniel Johnson,1599 Hollywood Dr,Fresno,CA,92699,Fresno,(559) 612-7353,2022-01-06,2023-01-06
75-578112,75,Event Permit Holder,ACTIVE,Event Services Group,Steven Thomas,5377 7th Ave,Madera,CA,92858,Fresno,(559) 958-4558,2023-08-13,2024-08-13
75-663702,75,Event Permit Holder,ACTIVE,Festival Services Fresno,Andrew Wilson Rodriguez,5536 State Ln,Clovis,CA,92739,Fresno,(559) 640-9999,2017-03-25,2018-03-25
75-129317,75,Event Permit Holder,ACTIVE,OldEvent Planning Fresno 76,Daniel Williams,4156 Maple Ct,Fresno,CA,90051,Fresno,(559) 785-2537,2002-12-05,2003-12-05
75-270518,75,Event Permit Holder,ACTIVE,Event Planning Madera Valley,Maria Brown,3094 Ocean Blvd #782,Madera,CA,91812,Fresno,(559) 231-8458,2007-07-09,2008-07-09
75-412094,75,Event Permit Holder,ACTIVE,Event Planning Fresno,John Martinez Moore,3722 Madison St,Madera,CA,95003,Fresno,(559) 919-2310,2005-07-14,2006-07-14
75-136827,75,Event Permit Holder,ACTIVE,Event Services Corp 52,Steven Moore,2669 Pico Pl #399,Fresno,CA,93593,Fresno,(559) 505-8356,2009-03-13,2010-03-13
75-862883,75,Event Permit Holder,ACTIVE,Event Production,John Davis,2036 Jefferson Blvd #538,Clovis,CA,94814,Fresno,(559) 606-5529,2017-09-11,2018-09-11
75-123938,75,Event Permit Holder,ACTIVE,Festival Services Group,William Smith,8118 Maple Ave #321,Madera,CA,92680,Fresno,(559) 908-6770,2018-09-17,2019-09-17
75-565413,75,Event Permit Holder,ACTIVE,Event Services,Christopher Davis Anderson,2583 Maple Ave,Fresno,CA,93830,Fresno,(559) 354-9294,2007-08-06,2008-08-06
75-608467,75,Event Permit Holder,ACTIVE,Event Production,James Jackson Thomas,9123 Pico Rd,Fresno,CA,90585,Fresno,(559) 628-7421,2000-04-22,2001-04-22
75-848978,75,Event Permit Holder,ACTIVE,NewVenue Management Fresno Company 72,David Hernandez,5816 State Ave,Fresno,CA,92730,Fresno,(559) 430-7928,2000-05-10,2001-05-10
75-507541,75,Event Permit Holder,ACTIVE,Venue Management Clovis Valley Co,Paul Johnson,2340 6th Dr,Clovis,CA,96018,Fresno,(559) 875-5344,2022-01-09,2023-01-09
