license_number,license_type,license_type_name,status,business_name,owner_name,address,city,state,zip,county,phone,issue_date,expiration_date
41-890075,41,On-Sale Beer & Wine - Eating Place,ACTIVE,Eatery San Joaquin Corp,Andrew Moore,575 2nd Rd,Lodi,CA,93312,San Joaquin,(209) 678-3091,2012-10-19,2013-10-19
41-138479,41,On-Sale Beer & Wine - Eating Place,ACTIVE,Tavern,Maria Taylor,6722 6th St,Tracy,CA,94444,San Joaquin,(209) 623-1888,2024-08-21,2025-08-21
41-299405,41,On-Sale Beer & Wine - Eating Place,ACTIVE,Tavern San Joaquin LLC,Andrew Smith,4191 Washington Rd,Tracy,CA,90873,San Joaquin,(209) 280-9071,2017-01-28,2018-01-28
41-703171,41,On-Sale Beer & Wine - Eating Place,ACTIVE,Diner Tracy Heights Inc,William Moore,6063 Broadway Ave,Tracy,CA,93812,San Joaquin,(209) 574-7003,2017-12-25,2018-12-25
41-576076,41,On-Sale Beer & Wine - Eating Place,ACTIVE,Spot LLC,Jennifer Wilson,6057 2nd Pl #625,Tracy,CA,91663,San Joaquin,(209) 392-2124,2009-10-21,2010-10-21
41-536604,41,On-Sale Beer & Wine - Eating Place,ACTIVE,Spot San Joaquin,Matthew Garcia,4468 Market Blvd,Lodi,CA,92257,San Joaquin,(209) 905-9281,2000-05-09,2001-05-09
41-924584,41,On-Sale Beer & Wine - Eating Place,ACTIVE,Place Lodi Company,Andrew Wilson,8287 Ocean St,Lodi,CA,94913,San Joaquin,(209) 505-2892,2009-06-01,2010-06-01
41-533354,41,On-Sale Beer & Wine - Eating Place,ACTIVE,NewRestaurant Tracy Hills Co 37,Maria Williams,3526 Market Ct,Tracy,CA,91416,San Joaquin,(209) 954-3190,2019-03-27,2020-03-27
41-933451,41,On-Sale Beer & Wine - Eating Place,ACTIVE,TheKitchen 12,Michelle Garcia,2003 Lincoln Rd #725,Tracy,CA,91458,San Joaquin,(209) 311-2411,2023-01-24,2024-01-24
41-352697,41,On-Sale Beer & Wine - Eating Place,ACTIVE,Grill San Joaquin,Maria Martinez,2147 Broadway St,Tracy,CA,92728,San Joaquin,(209) 673-8452,2008-04-22,2009-04-22
41-960824,41,On-Sale Beer & Wine - Eating Place,ACTIVE,NewKitchen Company 17,James Anderson,4490 Lincoln Way #198,Lodi,CA,93964,San Joaquin,(209) 781-3511,2010-02-16,2011-02-16
41-657678,41,On-Sale Beer & Wine - Eating Place,ACTIVE,TheRestaurant San Joaquin Co 91,Mark Davis,1943 6th Rd #880,Tracy,CA,90843,San Joaquin,(209) 522-8090,2017-06-03,2018-06-03
41-472970,41,On-Sale Beer & Wine - Eating Place,ACTIVE,Restaurant Lodi Hills,James Williams,5548 Washington Ln,Lodi,CA,96044,San Joaquin,(209) 635-9189,2010-04-19,2011-04-19
41-708685,41,On-Sale Beer & Wine - Eating Place,ACTIVE,Kitchen,Maria Martinez,4818 Mission Ave,Lodi,CA,91746,San Joaquin,(209) 868-2707,2023-04-21,2024-04-21
41-703477,41,On-Sale Beer & Wine - Eating Place,ACTIVE,Grill Inc,James Davis Brown,295 6th Rd,Tracy,CA,93601,San Joaquin,(209) 691-3776,2013-12-18,2014-12-18
41-529916,41,On-Sale Beer & Wine - Eating Place,ACTIVE,Diner,Anthony Garcia,3110 Main Rd,Tracy,CA,94630,San Joaquin,(209) 420-1161,2023-08-05,2024-08-05
41-144813,41,On-Sale Beer & Wine - Eating Place,ACTIVE,Tavern,Daniel Thomas,1724 Madison Ave,Stockton,CA,95505,San Joaquin,(209) 436-1851,2002-11-19,2003-11-19
41-712054,41,On-Sale Beer & Wine - Eating Place,ACTIVE,TheKitchen 72,Mark Miller,5214 1st Ln,Stockton,CA,91264,San Joaquin,(209) 343-8177,2005-06-17,2006-06-17
41-439368,41,On-Sale Beer & Wine - Eating Place,ACTIVE,Grill,Michelle Moore,2405 Franklin Blvd,Stockton,CA,94418,San Joaquin,(209) 783-5173,2005-09-10,2006-09-10
41-181470,41,On-Sale Beer & Wine - Eating Place,ACTIVE,Diner Group,Matthew Garcia,4845 Lincoln Dr,Stockton,CA,92671,San Joaquin,(209) 930-9010,2011-06-20,2012-06-20
41-740891,41,On-Sale Beer & Wine - Eating Place,ACTIVE,Eatery Group 77,Robert Thomas,8518 3rd Dr,Lodi,CA,90729,San Joaquin,(209) 411-4614,2017-12-26,2018-12-26
41-241387,41,On-Sale Beer & Wine - Eating Place,ACTIVE,Cafe San Joaquin Company,Steven Lopez,8029 Mission Way,Tracy,CA,94939,San Joaquin,(209) 838-2540,2023-08-12,2024-08-12
41-653984,41,On-Sale Beer & Wine - Eating Place,ACTIVE,Grill Lodi Group,Maria Garcia,3251 1st Ct,Lodi,CA,94124,San Joaquin,(209) 338-7193,2015-06-02,2016-06-02
41-183034,41,On-Sale Beer & Wine - Eating Place,ACTIVE,Tavern,Lisa Jones,958 Sunset Blvd,Stockton,CA,95311,San Joaquin,(209) 905-8046,2005-03-08,2006-03-08
41-673833,41,On-Sale Beer & Wine - Eating Place,ACTIVE,Corner Group,Lisa Johnson,5491 1st Way,Lodi,CA,90631,San Joaquin,(209) 203-7273,2016-08-28,2017-08-28
41-148392,41,On-Sale Beer & Wine - Eating Place,ACTIVE,Bistro San Joaquin Inc 75,Maria Jackson,1513 Jefferson Ln #579,Stockton,CA,90121,San Joaquin,(209) 361-9896,2008-11-12,2009-11-12
41-641596,41,On-Sale Beer & Wine - Eating Place,ACTIVE,Diner Group,Kenneth Martinez,4365 6th Ave #152,Tracy,CA,92279,San Joaquin,(209) 699-3440,2023-10-25,2024-10-25
41-823949,41,On-Sale Beer & Wine - Eating Place,ACTIVE,Spot Tracy Group,Maria Thomas,2359 Broadway Pl,Tracy,CA,92764,San Joaquin,(209) 962-1101,2018-05-23,2019-05-23
41-416298,41,On-Sale Beer & Wine - Eating Place,ACTIVE,Spot Stockton Co,Mark Miller,2486 Jefferson St,Stockton,CA,95047,San Joaquin,(209) 847-3890,2011-03-21,2012-03-21
41-898556,41,On-Sale Beer & Wine - Eating Place,ACTIVE,TheSpot San Joaquin 9,John Wilson,8766 6th St #842,Tracy,CA,92208,San Joaquin,(209) 662-1748,2013-10-07,2014-10-07
41-759382,41,On-Sale Beer & Wine - Eating Place,ACTIVE,Restaurant Stockton,Michael Martin,6705 Franklin Blvd #146,Stockton,CA,93487,San Joaquin,(209) 601-7757,2004-09-18,2005-09-18
41-543812,41,On-Sale Beer & Wine - Eating Place,ACTIVE,House Corp,Michael Johnson,9023 Front Pl,Lodi,CA,91509,San Joaquin,(209) 554-9012,2004-09-23,2005-09-23
41-218792,41,On-Sale Beer & Wine - Eating Place,ACTIVE,Kitchen Inc,Andrew Anderson,4576 Front Rd #731,Lodi,CA,93216,San Joaquin,(209) 469-1633,2009-02-17,2010-02-17
41-522500,41,On-Sale Beer & Wine - Eating Place,ACTIVE,Place San Joaquin,Michael Anderson,2626 7th Way,Tracy,CA,92836,San Joaquin,(209) 300-1703,2019-01-03,2020-01-03
41-984345,41,On-Sale Beer & Wine - Eating Place,ACTIVE,Restaurant Stockton Hills LLC,Paul Lopez,7810 Main Dr,Stockton,CA,91531,San Joaquin,(209) 827-7829,2007-10-03,2008-10-03
41-527851,41,On-Sale Beer & Wine - Eating Place,ACTIVE,Kitchen Company,Steven Rodriguez Hernandez,2593 Franklin Dr #112,Lodi,CA,91123,San Joaquin,(209) 484-3074,2010-01-16,2011-01-16
41-999969,41,On-Sale Beer & Wine - Eating Place,ACTIVE,Spot Tracy Company,Andrew Anderson,7870 Mission Pl,Tracy,CA,96002,San Joaquin,(209) 507-1747,2016-07-04,2017-07-04
41-425910,41,On-Sale Beer & Wine - Eating Place,ACTIVE,Cafe Lodi 62,Robert Thomas,7743 1st Dr,Lodi,CA,91134,San Joaquin,(209) 969-1127,2010-09-24,2011-09-24
41-660496,41,On-Sale Beer & Wine - Eating Place,ACTIVE,Spot,Christopher Moore,5953 Broadway Pl,Stockton,CA,95672,San Joaquin,(209) 954-6655,2024-02-21,2025-02-21
41-648102,41,On-Sale Beer & Wine - Eating Place,ACTIVE,Place Tracy,Jennifer Hernandez,7085 Ocean Ave #613,Tracy,CA,94209,San Joaquin,(209) 438-2363,2021-04-24,2022-04-24
41-910082,41,On-Sale Beer & Wine - Eating Place,ACTIVE,Cafe Tracy Hills Group,Mark Jackson,8219 Ocean Dr,Tracy,CA,95763,San Joaquin,(209) 602-9170,2005-07-18,2006-07-18
41-304708,41,On-Sale Beer & Wine - Eating Place,ACTIVE,Grill Group,Matthew Miller Thomas,2071 6th Dr,Lodi,CA,95553,San Joaquin,(209) 335-4467,2021-07-21,2022-07-21
41-944466,41,On-Sale Beer & Wine - Eating Place,ACTIVE,Tavern San Joaquin,Mark Wilson,1288 State St #887,Lodi,CA,90024,San Joaquin,(209) 384-4809,2013-01-12,2014-01-12
41-380047,41,On-Sale Beer & Wine - Eating Place,ACTIVE,Corner LLC,Matthew Miller,228 3rd Ave,Lodi,CA,90843,San Joaquin,(209) 418-3360,2002-04-26,2003-04-26
41-814595,41,On-Sale Beer & Wine - Eating Place,ACTIVE,NewCafe Stockton 4,Michael Miller,1239 Maple Ln,Stockton,CA,92712,San Joaquin,(209) 905-6370,2021-01-24,2022-01-24
41-579615,41,On-Sale Beer & Wine - Eating Place,ACTIVE,Place,Steven Garcia Martinez,830 Jefferson Blvd #257,Stockton,CA,93505,San Joaquin,(209) 573-3313,2017-02-08,2018-02-08
41-891189,41,On-Sale Beer & Wine - Eating Place,ACTIVE,OldBistro Stockton 23,Daniel Gonzalez,8199 Main Ct,Stockton,CA,91507,San Joaquin,(209) 893-5944,2007-01-18,2008-01-18
41-824273,41,On-Sale Beer & Wine - Eating Place,ACTIVE,Spot,Steven Davis,7763 Franklin Ave,Tracy,CA,94229,San Joaquin,(209) 718-8632,2013-09-16,2014-09-16
41-395344,41,On-Sale Beer & Wine - Eating Place,ACTIVE,Corner,Maria Taylor Martin,5726 Oak Ave,Tracy,CA,91823,San Joaquin,(209) 454-1748,2019-07-11,2020-07-11
41-967859,41,On-Sale Beer & Wine - Eating Place,ACTIVE,Diner Stockton LLC,Maria Brown Smith,1930 Market Pl #715,Stockton,CA,91826,San Joaquin,(209) 317-1549,2000-03-13,2001-03-13
41-929319,41,On-Sale Beer & Wine - Eating Place,ACTIVE,Restaurant 65,Anthony Lopez,8555 Washington Ct #863,Lodi,CA,95408,San Joaquin,(209) 897-4612,2012-11-03,2013-11-03
41-452722,41,On-Sale Beer & Wine - Eating Place,ACTIVE,Kitchen Stockton,Maria Brown,2264 Pico Dr #359,Stockton,CA,91010,San Joaquin,(209) 640-5567,2003-10-13,2004-10-13
41-256521,41,On-Sale Beer & Wine - Eating Place,ACTIVE,OldBistro Tracy 81,David Hernandez,9441 Lincoln Ln,Tracy,CA,92269,San Joaquin,(209) 931-6559,2006-08-05,2007-08-05
41-295983,41,On-Sale Beer & Wine - Eating Place,ACTIVE,Diner Tracy Hills Co,Matthew Martinez,2783 Hollywood Ln,Tracy,CA,91888,San Joaquin,(209) 634-2043,2000-02-11,2001-02-11
41-439520,41,On-Sale Beer & Wine - Eating Place,ACTIVE,Place Group,Matthew Anderson Lopez,5202 Sunset St,Stockton,CA,90666,San Joaquin,(209) 819-6959,2001-08-17,2002-08-17
41-423138,41,On-Sale Beer & Wine - Eating Place,ACTIVE,NewKitchen San Joaquin Co 74,Paul Williams Lopez,3529 Franklin Pl,Stockton,CA,95445,San Joaquin,(209) 676-9871,2005-05-15,2006-05-15
41-955638,41,On-Sale Beer & Wine - Eating Place,ACTIVE,OldEatery Lodi Heights 74,John Taylor,2263 Lincoln St #792,Lodi,CA,91145,San Joaquin,(209) 976-4317,2001-01-09,2002-01-09
41-741847,41,On-Sale Beer & Wine - Eating Place,ACTIVE,Diner Group,Kenneth Lopez,3592 Hollywood Way #943,Lodi,CA,90545,San Joaquin,(209) 883-7458,2021-10-22,2022-10-22
41-599743,41,On-Sale Beer & Wine - Eating Place,ACTIVE,Corner Tracy,Lisa Smith,3719 Mission Dr,Tracy,CA,90668,San Joaquin,(209) 636-5317,2019-01-09,2020-01-09
41-942471,41,On-Sale Beer & Wine - Eating Place,ACTIVE,Kitchen Tracy Hills Group,William Thomas Johnson,7247 Madison Ave #771,Tracy,CA,92869,San Joaquin,(209) 810-9150,2019-12-04,2020-12-04
41-269064,41,On-Sale Beer & Wine - Eating Place,ACTIVE,Tavern San Joaquin,Jennifer Williams Moore,8209 Maple Ln,Stockton,CA,92617,San Joaquin,(209) 342-4807,2006-06-03,2007-06-03
41-706104,41,On-Sale Beer & Wine - Eating Place,ACTIVE,Eatery Tracy Heights Corp,Andrew Jones,1757 1st Dr #115,Tracy,CA,91595,San Joaquin,(209) 700-7819,2008-11-25,2009-11-25
41-861067,41,On-Sale Beer & Wine - Eating Place,ACTIVE,Corner,Steven Brown,5875 Wilshire Dr #525,Tracy,CA,93968,San Joaquin,(209) 819-3707,2020-12-14,2021-12-14
41-645678,41,On-Sale Beer & Wine - Eating Place,ACTIVE,Tavern Stockton Hills Corp,Steven Hernandez,2856 4th Rd,Stockton,CA,94068,San Joaquin,(209) 293-7854,2013-09-06,2014-09-06
41-607560,41,On-Sale Beer & Wine - Eating Place,ACTIVE,Bistro Corp,Robert Taylor,8036 Franklin Rd,Lodi,CA,95855,San Joaquin,(209) 655-9399,2001-03-23,2002-03-23
41-830209,41,On-Sale Beer & Wine - Eating Place,ACTIVE,TheSpot Co 77,John Martinez,4893 Hollywood Ave,Stockton,CA,95753,San Joaquin,(209) 798-6698,2011-04-06,2012-04-06
41-619943,41,On-Sale Beer & Wine - Eating Place,ACTIVE,House Stockton 30,Michelle Wilson,4338 Main Way,Stockton,CA,94539,San Joaquin,(209) 856-9255,2008-04-15,2009-04-15
41-189944,41,On-Sale Beer & Wine - Eating Place,ACTIVE,Diner Tracy LLC,Paul Hernandez,1813 4th Way,Tracy,CA,92413,San Joaquin,(209) 224-8280,2003-03-06,2004-03-06
41-762650,41,On-Sale Beer & Wine - Eating Place,ACTIVE,Spot,Daniel Williams,9636 Mission Ct,Lodi,CA,95413,San Joaquin,(209) 228-4764,2021-12-24,2022-12-24
41-251528,41,On-Sale Beer & Wine - Eating Place,ACTIVE,Tavern,David Johnson,3311 6th Pl,Stockton,CA,93400,San Joaquin,(209) 861-1781,2007-09-24,2008-09-24
41-436868,41,On-Sale Beer & Wine - Eating Place,ACTIVE,House Company,Michelle Hernandez,2568 4th Ave,Tracy,CA,90232,San Joaquin,(209) 698-3186,2017-06-15,2018-06-15
41-182442,41,On-Sale Beer & Wine - Eating Place,ACTIVE,Grill,Anthony Davis,6061 5th Ave,Lodi,CA,95017,San Joaquin,(209) 621-7579,2019-01-14,2020-01-14
41-528090,41,On-Sale Beer & Wine - Eating Place,ACTIVE,Diner San Joaquin LLC,Daniel Williams,4648 6th Pl,Stockton,CA,90913,San Joaquin,(209) 905-2932,2000-01-11,2001-01-11
41-421136,41,On-Sale Beer & Wine - Eating Place,ACTIVE,House,Michael Thomas,5713 Franklin Dr,Tracy,CA,90886,San Joaquin,(209) 803-3686,2004-01-26,2005-01-26
41-296504,41,On-Sale Beer & Wine - Eating Place,ACTIVE,Corner Group,Lisa Smith,9802 Franklin Dr #447,Tracy,CA,91929,San Joaquin,(209) 244-2075,2014-05-09,2015-05-09
41-536500,41,On-Sale Beer & Wine - Eating Place,ACTIVE,Cafe Lodi,Paul Anderson,1290 2nd Way,Lodi,CA,93894,San Joaquin,(209) 559-5319,2003-08-05,2004-08-05
41-742491,41,On-Sale Beer & Wine - Eating Place,ACTIVE,Spot Stockton,Matthew Jackson,807 State Dr,Stockton,CA,95212,San Joaquin,(209) 807-1982,2009-09-20,2010-09-20
41-396689,41,On-Sale Beer & Wine - Eating Place,ACTIVE,Spot,Anthony Jones,6196 Franklin Rd #299,Stockton,CA,90600,San Joaquin,(209) 242-9907,2014-03-24,2015-03-24
41-102842,41,On-Sale Beer & Wine - Eating Place,ACTIVE,Tavern Corp,Michelle Lopez,464 Ocean Ln,Lodi,CA,95750,San Joaquin,(209) 967-2930,2009-07-02,2010-07-02
41-292944,41,On-Sale Beer & Wine - Eating Place,ACTIVE,Kitchen LLC,Daniel Miller,5965 Hollywood Blvd,Tracy,CA,91873,San Joaquin,(209) 684-9276,2016-03-28,2017-03-28
41-332014,41,On-Sale Beer & Wine - Eating Place,ACTIVE,Diner San Joaquin Company,Andrew Johnson,3204 Sunset Pl #756,Lodi,CA,95108,San Joaquin,(209) 770-5008,2013-02-15,2014-02-15
41-101854,41,On-Sale Beer & Wine - Eating Place,ACTIVE,TheHouse San Joaquin 95,John Jones,4136 3rd Dr,Tracy,CA,91849,San Joaquin,(209) 561-9084,2021-11-15,2022-11-15
41-932926,41,On-Sale Beer & Wine - Eating Place,ACTIVE,NewPlace San Joaquin Corp 45,Michelle Moore Anderson,5559 State Pl,Lodi,CA,91976,San Joaquin,(209) 748-6402,2024-02-13,2025-02-13
41-510527,41,On-Sale Beer & Wine - Eating Place,ACTIVE,TheGrill San Joaquin 90,David Thomas,8588 Washington Rd #961,Tracy,CA,95214,San Joaquin,(209) 728-4553,2015-11-11,2016-11-11
41-245742,41,On-Sale Beer & Wine - Eating Place,ACTIVE,Place Group,Michelle Johnson,6028 Ocean Pl,Tracy,CA,94854,San Joaquin,(209) 558-8289,2015-10-09,2016-10-09
41-504567,41,On-Sale Beer & Wine - Eating Place,ACTIVE,House Lodi Heights Company,Steven Rodriguez,6967 Sunset Ln,Lodi,CA,95575,San Joaquin,(209) 492-6010,2009-05-03,2010-05-03
41-839343,41,On-Sale Beer & Wine - Eating Place,ACTIVE,Spot LLC,Maria Garcia,8988 Oak St,Tracy,CA,94693,San Joaquin,(209) 544-4632,2005-10-18,2006-10-18
41-889712,41,On-Sale Beer & Wine - Eating Place,ACTIVE,Spot Inc,Steven Hernandez,3038 Franklin Dr,Stockton,CA,93038,San Joaquin,(209) 454-4070,2016-10-28,2017-10-28
41-382775,41,On-Sale Beer & Wine - Eating Place,ACTIVE,Spot Stockton Company,Jennifer Hernandez,6508 Pico Ct #175,Stockton,CA,95143,San Joaquin,(209) 808-2299,2016-05-18,2017-05-18
41-274069,41,On-Sale Beer & Wine - Eating Place,ACTIVE,Grill Lodi Heights Company,Matthew Lopez,9093 Sunset St #731,Lodi,CA,92724,San Joaquin,(209) 437-1815,2024-04-16,2025-04-16
41-433854,41,On-Sale Beer & Wine - Eating Place,ACTIVE,TheDiner San Joaquin LLC 69,John Martin,5974 Market Way,Stockton,CA,94014,San Joaquin,(209) 951-5273,2016-01-20,2017-01-20
41-630587,41,On-Sale Beer & Wine - Eating Place,ACTIVE,Bistro,James Johnson,5673 6th Ave,Lodi,CA,96166,San Joaquin,(209) 631-8745,2009-12-09,2010-12-09
41-940251,41,On-Sale Beer & Wine - Eating Place,ACTIVE,Diner San Joaquin Inc,Jennifer Brown,5812 Hollywood Ct,Stockton,CA,92924,San Joaquin,(209) 810-7160,2010-03-05,2011-03-05
41-679384,41,On-Sale Beer & Wine - Eating Place,ACTIVE,TheCorner Tracy 82,Mark Wilson,7297 State Ave,Tracy,CA,95866,San Joaquin,(209) 446-2555,2001-08-16,2002-08-16
41-230551,41,On-Sale Beer & Wine - Eating Place,ACTIVE,Spot San Joaquin Co,John Smith,2076 Ocean Ave,Tracy,CA,95583,San Joaquin,(209) 914-6669,2001-01-28,2002-01-28
41-426452,41,On-Sale Beer & Wine - Eating Place,ACTIVE,Kitchen Co,Steven Thomas,9542 State Rd,Stockton,CA,92209,San Joaquin,(209) 313-5737,2015-01-13,2016-01-13
41-298366,41,On-Sale Beer & Wine - Eating Place,ACTIVE,House Tracy Valley Co,Daniel Martin Jones,4559 Hollywood Way,Tracy,CA,93576,San Joaquin,(209) 430-2400,2004-09-14,2005-09-14
41-212377,41,On-Sale Beer & Wine - Eating Place,ACTIVE,Corner,Robert Jones,7229 7th Ct,Tracy,CA,95881,San Joaquin,(209) 404-4957,2015-08-21,2016-08-21
41-213443,41,On-Sale Beer & Wine - Eating Place,ACTIVE,House,Jennifer Rodriguez,3008 Madison Way,Lodi,CA,91844,San Joaquin,(209) 391-8684,2000-08-05,2001-08-05
41-129615,41,On-Sale Beer & Wine - Eating Place,ACTIVE,Tavern Corp,Robert Wilson Anderson,7793 4th Ct,Stockton,CA,92943,San Joaquin,(209) 765-6034,2024-12-16,2025-12-16
41-695712,41,On-Sale Beer & Wine - Eating Place,ACTIVE,Place Stockton Hills LLC,Steven Moore Wilson,2374 1st Ln,Stockton,CA,92348,San Joaquin,(209) 713-6279,2022-06-22,2023-06-22
41-193075,41,On-Sale Beer & Wine - Eating Place,ACTIVE,Place San Joaquin Corp,Jennifer Davis,2057 5th Dr,Lodi,CA,92860,San Joaquin,(209) 749-9067,2002-07-01,2003-07-01
41-955254,41,On-Sale Beer & Wine - Eating Place,ACTIVE,Place,Maria Martinez,1441 Sunset Dr,Stockton,CA,93291,San Joaquin,(209) 883-6882,2013-07-06,2014-07-06
41-989263,41,On-Sale Beer & Wine - Eating Place,ACTIVE,Cafe San Joaquin Corp,Robert Johnson Martinez,4526 5th Dr #204,Tracy,CA,93767,San Joaquin,(209) 807-8827,2000-04-22,2001-04-22
41-909111,41,On-Sale Beer & Wine - Eating Place,ACTIVE,Diner San Joaquin,Kenneth Taylor,4330 Madison Ln #875,Tracy,CA,94550,San Joaquin,(209) 305-6207,2002-05-27,2003-05-27
41-544140,41,On-Sale Beer & Wine - Eating Place,ACTIVE,Diner 10,Maria Lopez,6979 5th Ct,Lodi,CA,90434,San Joaquin,(209) 948-2615,2009-05-13,2010-05-13
41-663931,41,On-Sale Beer & Wine - Eating Place,ACTIVE,Grill Lodi Valley,Christopher Williams,2509 Hollywood Ln,Lodi,CA,90813,San Joaquin,(209) 650-2141,2010-09-11,2011-09-11
41-387094,41,On-Sale Beer & Wine - Eating Place,ACTIVE,Restaurant,Lisa Taylor,5906 3rd Ct,Lodi,CA,91449,San Joaquin,(209) 616-1428,2022-06-10,2023-06-10
41-517483,41,On-Sale Beer & Wine - Eating Place,ACTIVE,OldCorner Inc 57,James Brown,4333 Sunset St,Tracy,CA,95813,San Joaquin,(209) 937-5312,2002-09-22,2003-09-22
41-905103,41,On-Sale Beer & Wine - Eating Place,ACTIVE,Grill Tracy,Christopher Garcia,9866 State Blvd #863,Tracy,CA,93818,San Joaquin,(209) 715-9841,2017-08-14,2018-08-14
41-669021,41,On-Sale Beer & Wine - Eating Place,ACTIVE,Diner Tracy 71,Lisa Thomas,3343 Mission Pl,Tracy,CA,90012,San Joaquin,(209) 728-9218,2024-08-07,2025-08-07
41-610328,41,On-Sale Beer & Wine - Eating Place,ACTIVE,NewTavern Tracy LLC 51,William Miller,8729 6th St,Tracy,CA,95162,San Joaquin,(209) 822-6072,2006-08-03,2007-08-03
41-421599,41,On-Sale Beer & Wine - Eating Place,ACTIVE,Restaurant Company,Steven Taylor,6579 5th Blvd #175,Stockton,CA,91250,San Joaquin,(209) 996-3856,2023-12-07,2024-12-07
41-900594,41,On-Sale Beer & Wine - Eating Place,ACTIVE,Eatery Tracy Company,Robert Smith,3918 1st Ct #726,Tracy,CA,90780,San Joaquin,(209) 740-8261,2018-02-16,2019-02-16
41-108724,41,On-Sale Beer & Wine - Eating Place,ACTIVE,Corner Stockton,John Moore Taylor,984 Pico Rd,Stockton,CA,91402,San Joaquin,(209) 525-3985,2000-05-14,2001-05-14
41-704337,41,On-Sale Beer & Wine - Eating Place,ACTIVE,House Stockton,Kenneth Moore,700 Front Rd,Stockton,CA,90244,San Joaquin,(209) 853-2310,2007-06-21,2008-06-21
41-700555,41,On-Sale Beer & Wine - Eating Place,ACTIVE,Spot Group,Daniel Martinez,4504 Maple Ln,Tracy,CA,95941,San Joaquin,(209) 368-9237,2014-06-01,2015-06-01
41-556584,41,On-Sale Beer & Wine - Eating Place,ACTIVE,NewTavern 48,Christopher Martin,5078 Market Blvd #212,Tracy,CA,92990,San Joaquin,(209) 318-6876,2021-07-24,2022-07-24
41-838269,41,On-Sale Beer & Wine - Eating Place,ACTIVE,Eatery Inc,Maria Hernandez,8308 6th Ave #817,Stockton,CA,90250,San Joaquin,(209) 415-2379,2012-06-24,2013-06-24
41-175494,41,On-Sale Beer & Wine - Eating Place,ACTIVE,Grill Tracy,Michael Williams,8993 Market Rd #821,Tracy,CA,91423,San Joaquin,(209) 216-5189,2017-12-19,2018-12-19
41-760098,41,On-Sale Beer & Wine - Eating Place,ACTIVE,TheBistro Company 67,Maria Rodriguez,3816 Franklin Ave,Lodi,CA,93934,San Joaquin,(209) 739-7556,2014-10-22,2015-10-22
41-835039,41,On-Sale Beer & Wine - Eating Place,ACTIVE,Kitchen Stockton Inc,Matthew Rodriguez,682 7th Rd #693,Stockton,CA,95114,San Joaquin,(209) 467-9411,2023-01-12,2024-01-12
41-433063,41,On-Sale Beer & Wine - Eating Place,ACTIVE,TheGrill Tracy Inc 30,Mark Lopez,522 Hollywood St,Tracy,CA,92887,San Joaquin,(209) 676-2996,2017-10-05,2018-10-05
41-850547,41,On-Sale Beer & Wine - Eating Place,ACTIVE,OldTavern Stockton Corp 40,Andrew Lopez,6356 4th Way #730,Stockton,CA,93377,San Joaquin,(209) 380-4586,2018-06-05,2019-06-05
41-496715,41,On-Sale Beer & Wine - Eating Place,ACTIVE,NewCorner 23,David Williams,1903 Front Rd,Lodi,CA,95353,San Joaquin,(209) 728-8600,2020-02-02,2021-02-02
41-175389,41,On-Sale Beer & Wine - Eating Place,ACTIVE,Place LLC,Michael Jones,7999 Hollywood Blvd,Lodi,CA,95793,San Joaquin,(209) 678-3646,2007-10-01,2008-10-01
41-246564,41,On-Sale Beer & Wine - Eating Place,ACTIVE,House LLC,James Gonzalez,3174 Market Ave,Stockton,CA,93219,San Joaquin,(209) 268-4814,2023-04-09,2024-04-09
41-814820,41,On-Sale Beer & Wine - Eating Place,ACTIVE,Corner Tracy,Steven Johnson,5048 1st Way,Tracy,CA,95359,San Joaquin,(209) 202-9615,2016-06-23,2017-06-23
41-898627,41,On-Sale Beer & Wine - Eating Place,ACTIVE,Place Corp,Jennifer Moore Martinez,7612 Front Dr,Tracy,CA,91426,San Joaquin,(209) 230-2631,2023-10-09,2024-10-09
41-722088,41,On-Sale Beer & Wine - Eating Place,ACTIVE,Bistro,Michael Johnson,8598 2nd Rd,Lodi,CA,94338,San Joaquin,(209) 342-3529,2009-09-16,2010-09-16
41-428897,41,On-Sale Beer & Wine - Eating Place,ACTIVE,Kitchen Inc 7,Maria Gonzalez,3196 Lincoln Rd #541,Stockton,CA,92106,San Joaquin,(209) 505-7010,2009-12-10,2010-12-10
41-932105,41,On-Sale Beer & Wine - Eating Place,ACTIVE,Spot Stockton,Andrew Wilson,8553 Maple Ct,Stockton,CA,90212,San Joaquin,(209) 789-6475,2001-01-08,2002-01-08
41-411347,41,On-Sale Beer & Wine - Eating Place,ACTIVE,Place,James Anderson,613 Ocean Ln,Tracy,CA,91370,San Joaquin,(209) 286-4966,2004-10-19,2005-10-19
41-929014,41,On-Sale Beer & Wine - Eating Place,ACTIVE,Cafe Lodi Heights Co,Jennifer Brown,443 Franklin Ct,Lodi,CA,94438,San Joaquin,(209) 482-2849,2023-03-24,2024-03-24
41-376741,41,On-Sale Beer & Wine - Eating Place,ACTIVE,Place Tracy Co,Mark Garcia,5193 Hollywood Dr #132,Tracy,CA,95410,San Joaquin,(209) 574-1614,2009-12-08,2010-12-08
41-997754,41,On-Sale Beer & Wine - Eating Place,ACTIVE,Place Stockton,Andrew Davis,5185 6th Ln,Stockton,CA,90498,San Joaquin,(209) 239-2480,2016-12-13,2017-12-13
41-368844,41,On-Sale Beer & Wine - Eating Place,ACTIVE,TheBistro San Joaquin Co 31,Maria Davis,510 State Blvd #257,Lodi,CA,92104,San Joaquin,(209) 358-7032,2014-08-01,2015-08-01
41-677182,41,On-Sale Beer & Wine - Eating Place,ACTIVE,Kitchen Tracy Co,Anthony Jackson,6873 Broadway Ln,Tracy,CA,93097,San Joaquin,(209) 937-4810,2013-09-18,2014-09-18
41-883701,41,On-Sale Beer & Wine - Eating Place,ACTIVE,Diner San Joaquin LLC,Kenneth Miller,301 Jefferson Blvd,Tracy,CA,94537,San Joaquin,(209) 749-2186,2020-03-23,2021-03-23
41-417522,41,On-Sale Beer & Wine - Eating Place,ACTIVE,Diner Corp,Christopher Davis,1592 5th St,Lodi,CA,92329,San Joaquin,(209) 452-4753,2014-09-07,2015-09-07
41-805062,41,On-Sale Beer & Wine - Eating Place,ACTIVE,Place San Joaquin,David Jackson,8146 Maple Blvd,Stockton,CA,91800,San Joaquin,(209) 566-4301,2001-07-03,2002-07-03
41-192075,41,On-Sale Beer & Wine - Eating Place,ACTIVE,Spot,Steven Martin,9975 Washington Rd,Tracy,CA,92497,San Joaquin,(209) 399-5600,2018-05-09,2019-05-09
41-226329,41,On-Sale Beer & Wine - Eating Place,ACTIVE,Restaurant Stockton Hills LLC,Christopher Hernandez,4616 7th Pl,Stockton,CA,92985,San Joaquin,(209) 522-2408,2003-08-14,2004-08-14
41-811954,41,On-Sale Beer & Wine - Eating Place,ACTIVE,TheCorner Lodi 70,Kenneth Lopez,6309 Sunset St,Lodi,CA,90080,San Joaquin,(209) 439-4671,2004-01-01,2005-01-01
41-374367,41,On-Sale Beer & Wine - Eating Place,ACTIVE,Place Tracy,David Garcia,978 Washington Pl #177,Tracy,CA,93336,San Joaquin,(209) 257-4937,2017-11-16,2018-11-16
41-353141,41,On-Sale Beer & Wine - Eating Place,ACTIVE,House Tracy Hills Inc,Jennifer Martin,9668 Ocean Way,Tracy,CA,93466,San Joaquin,(209) 852-4816,2020-09-09,2021-09-09
41-810472,41,On-Sale Beer & Wine - Eating Place,ACTIVE,Spot San Joaquin,Lisa Brown,7983 Washington Way #124,Lodi,CA,93023,San Joaquin,(209) 576-3935,2006-05-01,2007-05-01
41-101660,41,On-Sale Beer & Wine - Eating Place,ACTIVE,OldCafe Lodi Hills 46,William Jackson,8506 6th St #136,Lodi,CA,94585,San Joaquin,(209) 519-1013,2005-08-26,2006-08-26
41-788362,41,On-Sale Beer & Wine - Eating Place,ACTIVE,Diner Lodi Heights,Maria Martin Thomas,4297 Market Ave,Lodi,CA,91218,San Joaquin,(209) 964-1968,2000-11-13,2001-11-13
41-133311,41,On-Sale Beer & Wine - Eating Place,ACTIVE,Spot LLC,Kenneth Lopez,3543 State Pl #433,Lodi,CA,90032,San Joaquin,(209) 725-6014,2022-02-11,2023-02-11
41-477435,41,On-Sale Beer & Wine - Eating Place,ACTIVE,Diner Inc,Daniel Brown Martin,8438 1st Way #879,Stockton,CA,94363,San Joaquin,(209) 314-4297,2008-11-03,2009-11-03
41-908312,41,On-Sale Beer & Wine - Eating Place,ACTIVE,Cafe Tracy Heights Company,Christopher Martinez,6010 1st St,Tracy,CA,94176,San Joaquin,(209) 230-6955,2004-05-14,2005-05-14
41-577668,41,On-Sale Beer & Wine - Eating Place,ACTIVE,Eatery Corp,Anthony Johnson,5746 Jefferson St,Lodi,CA,95666,San Joaquin,(209) 836-8022,2024-04-05,2025-04-05
41-946560,41,On-Sale Beer & Wine - Eating Place,ACTIVE,OldDiner Co 26,Robert Martinez Lopez,9756 4th Ln,Stockton,CA,93804,San Joaquin,(209) 201-2691,2011-09-26,2012-09-26
41-702153,41,On-Sale Beer & Wine - Eating Place,ACTIVE,Eatery Stockton,Steven Miller,2222 Hollywood St,Stockton,CA,91477,San Joaquin,(209) 505-2425,2016-03-17,2017-03-17
41-106129,41,On-Sale Beer & Wine - Eating Place,ACTIVE,Kitchen Stockton Heights,Kenneth Lopez,9701 4th Ave,Stockton,CA,92083,San Joaquin,(209) 624-6796,2015-06-15,2016-06-15
41-951594,41,On-Sale Beer & Wine - Eating Place,ACTIVE,TheDiner San Joaquin Corp 72,John Taylor Jackson,2911 3rd Pl,Stockton,CA,95037,San Joaquin,(209) 846-2111,2007-02-06,2008-02-06
41-547886,41,On-Sale Beer & Wine - Eating Place,ACTIVE,Bistro Co,Mark Moore,6694 Front Dr,Stockton,CA,91890,San Joaquin,(209) 223-8130,2006-09-25,2007-09-25
41-759687,41,On-Sale Beer & Wine - Eating Place,ACTIVE,Tavern,Maria Garcia,2574 Mission Ln,Lodi,CA,90717,San Joaquin,(209) 548-3238,2020-04-21,2021-04-21
41-898207,41,On-Sale Beer & Wine - Eating Place,ACTIVE,Tavern,Maria Jackson,3796 Market Way,Tracy,CA,93524,San Joaquin,(209) 431-2450,2003-12-07,2004-12-07
41-908580,41,On-Sale Beer & Wine - Eating Place,ACTIVE,Corner Company,Daniel Williams,3138 State St,Stockton,CA,90879,San Joaquin,(209) 736-8456,2011-09-10,2012-09-10
41-439833,41,On-Sale Beer & Wine - Eating Place,ACTIVE,Grill Tracy Valley,Kenneth Jones,7826 Madison Ave,Tracy,CA,93482,San Joaquin,(209) 325-5243,2019-12-09,2020-12-09
41-436612,41,On-Sale Beer & Wine - Eating Place,ACTIVE,House Tracy Valley Co,Paul Brown Jones,4203 Hollywood St,Tracy,CA,95759,San Joaquin,(209) 690-6999,2014-08-07,2015-08-07
41-522813,41,On-Sale Beer & Wine - Eating Place,ACTIVE,TheKitchen San Joaquin Inc 78,Andrew Martinez,7224 Franklin Dr,Stockton,CA,91782,San Joaquin,(209) 374-1250,2015-03-05,2016-03-05
41-182795,41,On-Sale Beer & Wine - Eating Place,ACTIVE,Diner Tracy Hills,Maria Lopez,8264 Broadway Rd,Tracy,CA,91701,San Joaquin,(209) 937-6716,2021-05-07,2022-05-07
41-367275,41,On-Sale Beer & Wine - Eating Place,ACTIVE,Bistro LLC,Anthony Johnson,4516 Washington Pl,Stockton,CA,90487,San Joaquin,(209) 673-5189,2013-03-24,2014-03-24
41-193552,41,On-Sale Beer & Wine - Eating Place,ACTIVE,Kitchen Lodi Inc,James Hernandez,6971 Main Way,Lodi,CA,94634,San Joaquin,(209) 493-4631,2006-03-26,2007-03-26
41-466420,41,On-Sale Beer & Wine - Eating Place,ACTIVE,Spot,Paul Williams,529 3rd Ln #119,Tracy,CA,95194,San Joaquin,(209) 891-8538,2018-03-18,2019-03-18
41-335612,41,On-Sale Beer & Wine - Eating Place,ACTIVE,Corner,Christopher Gonzalez,4890 Lincoln Ln,Stockton,CA,93442,San Joaquin,(209) 317-4145,2013-06-20,2014-06-20
41-994736,41,On-Sale Beer & Wine - Eating Place,ACTIVE,Restaurant San Joaquin LLC 7,William Miller Hernandez,7757 Hollywood Blvd,Lodi,CA,91709,San Joaquin,(209) 911-9692,2006-08-22,2007-08-22
41-988271,41,On-Sale Beer & Wine - Eating Place,ACTIVE,Bistro Lodi Company,Steven Rodriguez Smith,8952 6th Blvd #292,Lodi,CA,92336,San Joaquin,(209) 540-9825,2004-01-10,2005-01-10
41-922661,41,On-Sale Beer & Wine - Eating Place,ACTIVE,OldCorner Group 78,Christopher Wilson Brown,6928 State Blvd,Stockton,CA,92258,San Joaquin,(209) 546-7031,2012-01-02,2013-01-02
41-204221,41,On-Sale Beer & Wine - Eating Place,ACTIVE,Diner Co,Daniel Lopez,8309 Madison Dr #995,Stockton,CA,92715,San Joaquin,(209) 278-7967,2003-11-27,2004-11-27
41-164775,41,On-Sale Beer & Wine - Eating Place,ACTIVE,Diner San Joaquin Corp,Anthony Hernandez,6741 Front Way,Tracy,CA,91961,San Joaquin,(209) 321-4228,2011-04-12,2012-04-12
41-353726,41,On-Sale Beer & Wine - Eating Place,ACTIVE,Kitchen San Joaquin,William Hernandez,9575 Maple Pl,Stockton,CA,93325,San Joaquin,(209) 283-2744,2019-05-15,2020-05-15
41-981302,41,On-Sale Beer & Wine - Eating Place,ACTIVE,NewCafe Co 72,Maria Martinez,3768 Wilshire Pl,Lodi,CA,92646,San Joaquin,(209) 232-1162,2003-08-28,2004-08-28
41-567460,41,On-Sale Beer & Wine - Eating Place,ACTIVE,Kitchen San Joaquin Co,Maria Johnson Martin,1781 Mission Ct,Tracy,CA,93707,San Joaquin,(209) 964-8592,2002-10-07,2003-10-07
41-398261,41,On-Sale Beer & Wine - Eating Place,ACTIVE,Tavern,Robert Johnson,1544 1st Ave,Stockton,CA,93092,San Joaquin,(209) 485-3587,2003-03-23,2004-03-23
41-573446,41,On-Sale Beer & Wine - Eating Place,ACTIVE,Bistro 16,Jennifer Anderson,3164 3rd Way,Lodi,CA,93433,San Joaquin,(209) 831-3696,2007-02-07,2008-02-07
41-682383,41,On-Sale Beer & Wine - Eating Place,ACTIVE,Tavern Stockton,Paul Moore,9600 6th St,Stockton,CA,93137,San Joaquin,(209) 950-4643,2017-07-07,2018-07-07
41-843525,41,On-Sale Beer & Wine - Eating Place,ACTIVE,Corner Co,William Moore,5327 6th Way,Stockton,CA,92545,San Joaquin,(209) 623-8192,2023-05-18,2024-05-18
41-613105,41,On-Sale Beer & Wine - Eating Place,ACTIVE,Grill Corp 97,Kenneth Jones Williams,6086 Broadway Way #323,Tracy,CA,96130,San Joaquin,(209) 488-5462,2023-04-22,2024-04-22
41-459969,41,On-Sale Beer & Wine - Eating Place,ACTIVE,Cafe Stockton Hills Inc 45,Paul Taylor,719 Franklin Rd #297,Stockton,CA,93628,San Joaquin,(209) 691-7436,2005-06-24,2006-06-24
41-680768,41,On-Sale Beer & Wine - Eating Place,ACTIVE,Corner Corp,Jennifer Davis,762 State Ct,Lodi,CA,90192,San Joaquin,(209) 332-9373,2020-07-22,2021-07-22
41-780704,41,On-Sale Beer & Wine - Eating Place,ACTIVE,Corner San Joaquin Co,Michelle Davis,7858 Front Rd,Tracy,CA,92308,San Joaquin,(209) 881-5275,2014-08-11,2015-08-11
41-533563,41,On-Sale Beer & Wine - Eating Place,ACTIVE,Diner Corp,Maria Jones,9086 State St #893,Tracy,CA,95695,San Joaquin,(209) 868-5415,2017-11-01,2018-11-01
41-485471,41,On-Sale Beer & Wine - Eating Place,ACTIVE,Corner Co,Jennifer Moore,7298 Broadway Rd,Tracy,CA,92994,San Joaquin,(209) 945-3217,2019-07-03,2020-07-03
41-785276,41,On-Sale Beer & Wine - Eating Place,ACTIVE,Cafe Tracy,Matthew Taylor,5090 Mission Rd,Tracy,CA,90036,San Joaquin,(209) 796-6307,2001-04-13,2002-04-13
41-179513,41,On-Sale Beer & Wine - Eating Place,ACTIVE,Corner Lodi Co,Mark Jones,3752 Wilshire Blvd,Lodi,CA,94321,San Joaquin,(209) 855-5597,2010-01-16,2011-01-16
41-656370,41,On-Sale Beer & Wine - Eating Place,ACTIVE,Bistro Tracy Valley,Michael Anderson,4107 3rd Blvd,Tracy,CA,93811,San Joaquin,(209) 769-3023,2009-11-12,2010-11-12
41-602292,41,On-Sale Beer & Wine - Eating Place,ACTIVE,Kitchen,Michelle Williams,5509 3rd Ave #404,Tracy,CA,93345,San Joaquin,(209) 360-2211,2021-08-17,2022-08-17
41-568377,41,On-Sale Beer & Wine - Eating Place,ACTIVE,TheRestaurant Tracy 8,Anthony Jackson Moore,2139 5th Dr,Tracy,CA,94207,San Joaquin,(209) 217-9492,2001-01-19,2002-01-19
41-658663,41,On-Sale Beer & Wine - Eating Place,ACTIVE,House Tracy,Robert Lopez Rodriguez,6267 4th Ct #196,Tracy,CA,90063,San Joaquin,(209) 790-9726,2011-02-16,2012-02-16
41-742379,41,On-Sale Beer & Wine - Eating Place,ACTIVE,ThePlace 67,Daniel Johnson,6839 Franklin Ave #300,Stockton,CA,92972,San Joaquin,(209) 726-6143,2004-10-23,2005-10-23
41-695801,41,On-Sale Beer & Wine - Eating Place,ACTIVE,Grill Inc,Mark Lopez,4227 Wilshire Ct,Stockton,CA,91470,San Joaquin,(209) 887-8321,2006-01-24,2007-01-24
41-441982,41,On-Sale Beer & Wine - Eating Place,ACTIVE,Eatery Tracy Heights Inc,Jennifer Moore Thomas,5853 Ocean St #671,Tracy,CA,91679,San Joaquin,(209) 819-6948,2010-09-17,2011-09-17
41-791891,41,On-Sale Beer & Wine - Eating Place,ACTIVE,Restaurant 41,Steven Moore,7181 Wilshire Rd,Tracy,CA,93585,San Joaquin,(209) 562-4422,2022-05-06,2023-05-06
41-332628,41,On-Sale Beer & Wine - Eating Place,ACTIVE,TheSpot LLC 44,Maria Miller,142 7th Pl,Tracy,CA,90640,San Joaquin,(209) 427-9401,2004-11-16,2005-11-16
41-317449,41,On-Sale Beer & Wine - Eating Place,ACTIVE,Diner Stockton Valley LLC,Steven Davis,6989 Madison Rd,Stockton,CA,91550,San Joaquin,(209) 657-2339,2017-08-17,2018-08-17
41-560586,41,On-Sale Beer & Wine - Eating Place,ACTIVE,OldRestaurant Tracy Valley Group 57,Matthew Davis,1488 Madison Ave #497,Tracy,CA,94746,San Joaquin,(209) 214-3664,2017-04-06,2018-04-06
41-832340,41,On-Sale Beer & Wine - Eating Place,ACTIVE,OldDiner Stockton Hills Group 6,Steven Jackson,9479 2nd Ct #633,Stockton,CA,95628,San Joaquin,(209) 762-5382,2020-06-01,2021-06-01
41-307158,41,On-Sale Beer & Wine - Eating Place,ACTIVE,Tavern San Joaquin LLC,William Jackson Lopez,5858 Jefferson Ave,Lodi,CA,93310,San Joaquin,(209) 614-9154,2005-04-16,2006-04-16
41-768826,41,On-Sale Beer & Wine - Eating Place,ACTIVE,House Stockton Company,David Brown,7277 Main Way #475,Stockton,CA,94983,San Joaquin,(209) 847-9956,2013-01-28,2014-01-28
41-276156,41,On-Sale Beer & Wine - Eating Place,ACTIVE,Cafe Co,Maria Jones,189 Maple Way #139,Tracy,CA,93639,San Joaquin,(209) 261-9152,2008-12-14,2009-12-14
41-250388,41,On-Sale Beer & Wine - Eating Place,ACTIVE,Grill Tracy LLC,Steven Williams,3949 Lincoln Ct #123,Tracy,CA,90868,San Joaquin,(209) 512-4413,2009-04-02,2010-04-02
41-627609,41,On-Sale Beer & Wine - Eating Place,ACTIVE,Spot San Joaquin Inc,Andrew Moore,937 Hollywood Rd,Tracy,CA,92951,San Joaquin,(209) 394-1666,2023-11-01,2024-11-01
41-965380,41,On-Sale Beer & Wine - Eating Place,ACTIVE,TheCafe Stockton Heights 27,Kenneth Hernandez,4769 Madison Pl #946,Stockton,CA,93656,San Joaquin,(209) 287-9792,2017-08-09,2018-08-09
41-737111,41,On-Sale Beer & Wine - Eating Place,ACTIVE,Bistro San Joaquin,William Hernandez,693 Main Pl,Stockton,CA,95916,San Joaquin,(209) 357-6769,2001-02-05,2002-02-05
41-216619,41,On-Sale Beer & Wine - Eating Place,ACTIVE,Bistro San Joaquin Inc,Michelle Garcia Garcia,7630 Franklin Ct,Tracy,CA,92602,San Joaquin,(209) 715-8037,2007-12-21,2008-12-21
41-646969,41,On-Sale Beer & Wine - Eating Place,ACTIVE,Cafe,Anthony Gonzalez,7774 State Ave,Stockton,CA,90703,San Joaquin,(209) 581-4289,2010-03-25,2011-03-25
41-682184,41,On-Sale Beer & Wine - Eating Place,ACTIVE,House Lodi Hills,Robert Thomas,3595 Jefferson St,Lodi,CA,93538,San Joaquin,(209) 409-7185,2003-09-07,2004-09-07
41-886976,41,On-Sale Beer & Wine - Eating Place,ACTIVE,Tavern,David Jackson Anderson,7203 Franklin Dr #420,Lodi,CA,94572,San Joaquin,(209) 397-5598,2015-03-07,2016-03-07
41-773570,41,On-Sale Beer & Wine - Eating Place,ACTIVE,Place Lodi,Andrew Jones,1629 Front Way #341,Lodi,CA,93866,San Joaquin,(209) 368-2618,2016-05-11,2017-05-11
41-800978,41,On-Sale Beer & Wine - Eating Place,ACTIVE,Spot San Joaquin 44,Lisa Jackson Hernandez,4187 Washington Ct,Lodi,CA,95360,San Joaquin,(209) 570-5911,2001-12-03,2002-12-03
41-745099,41,On-Sale Beer & Wine - Eating Place,ACTIVE,Cafe Corp,Steven Davis,1445 Pico Way,Stockton,CA,90962,San Joaquin,(209) 296-9823,2006-01-09,2007-01-09
41-915139,41,On-Sale Beer & Wine - Eating Place,ACTIVE,Kitchen,Steven Davis,115 Hollywood Ave,Lodi,CA,91463,San Joaquin,(209) 291-4998,2020-09-13,2021-09-13
41-235117,41,On-Sale Beer & Wine - Eating Place,ACTIVE,Restaurant,Maria Wilson,8757 Main Rd #791,Lodi,CA,95691,San Joaquin,(209) 537-6493,2010-06-16,2011-06-16
41-647053,41,On-Sale Beer & Wine - Eating Place,ACTIVE,Tavern Company,Maria Hernandez,4820 Wilshire Ave,Stockton,CA,94836,San Joaquin,(209) 227-9241,2020-10-19,2021-10-19
41-754766,41,On-Sale Beer & Wine - Eating Place,ACTIVE,OldKitchen San Joaquin Co 66,John Davis Hernandez,2015 7th Pl,Stockton,CA,90312,San Joaquin,(209) 900-9564,2015-04-18,2016-04-18
41-803545,41,On-Sale Beer & Wine - Eating Place,ACTIVE,Eatery Stockton,Anthony Jones Jones,8202 2nd Dr,Stockton,CA,94350,San Joaquin,(209) 338-6604,2009-07-09,2010-07-09
41-239724,41,On-Sale Beer & Wine - Eating Place,ACTIVE,Diner Tracy,Andrew Martinez,7336 Lincoln Blvd #818,Tracy,CA,90811,San Joaquin,(209) 803-4503,2023-02-02,2024-02-02
41-552621,41,On-Sale Beer & Wine - Eating Place,ACTIVE,Eatery Tracy,Kenneth Johnson,3871 4th Way,Tracy,CA,95430,San Joaquin,(209) 281-1972,2002-08-18,2003-08-18
41-401555,41,On-Sale Beer & Wine - Eating Place,ACTIVE,Kitchen Co,Anthony Wilson Anderson,7102 Jefferson Ct,Tracy,CA,94754,San Joaquin,(209) 494-1932,2015-02-15,2016-02-15
41-428039,41,On-Sale Beer & Wine - Eating Place,ACTIVE,Grill Tracy Hills,Maria Hernandez,1187 4th Ct,Tracy,CA,91345,San Joaquin,(209) 601-4762,2008-08-25,2009-08-25
41-962384,41,On-Sale Beer & Wine - Eating Place,ACTIVE,Kitchen Lodi Valley Corp,Maria Williams,9738 2nd Rd,Lodi,CA,95013,San Joaquin,(209) 686-4488,2008-09-23,2009-09-23
41-907834,41,On-Sale Beer & Wine - Eating Place,ACTIVE,Grill Lodi,David Martinez,4728 Sunset Pl,Lodi,CA,93094,San Joaquin,(209) 985-8496,2006-05-19,2007-05-19
41-376009,41,On-Sale Beer & Wine - Eating Place,ACTIVE,NewSpot Inc 18,Steven Taylor,5849 Washington St,Stockton,CA,90078,San Joaquin,(209) 909-2498,2020-04-16,2021-04-16
41-765518,41,On-Sale Beer & Wine - Eating Place,ACTIVE,NewTavern Stockton 78,Maria Garcia,7063 2nd Blvd #764,Stockton,CA,91522,San Joaquin,(209) 221-7260,2024-04-17,2025-04-17
41-679305,41,On-Sale Beer & Wine - Eating Place,ACTIVE,Corner 9,Mark Miller,4053 Lincoln Dr,Tracy,CA,91922,San Joaquin,(209) 718-1269,2024-12-08,2025-12-08
41-440374,41,On-Sale Beer & Wine - Eating Place,ACTIVE,Diner Group,Anthony Garcia,483 Main St,Tracy,CA,90327,San Joaquin,(209) 799-5729,2017-02-22,2018-02-22
41-660190,41,On-Sale Beer & Wine - Eating Place,ACTIVE,OldSpot Stockton Group 26,Kenneth Miller,4086 4th Ct #892,Stockton,CA,94512,San Joaquin,(209) 832-6220,2004-12-17,2005-12-17
41-919853,41,On-Sale Beer & Wine - Eating Place,ACTIVE,Diner Lodi,Michael Martinez,6000 Franklin Ct #669,Lodi,CA,94320,San Joaquin,(209) 387-9478,2017-09-02,2018-09-02
41-885534,41,On-Sale Beer & Wine - Eating Place,ACTIVE,Restaurant Lodi,Maria Rodriguez,2713 2nd Ave #836,Lodi,CA,90896,San Joaquin,(209) 800-4880,2018-02-14,2019-02-14
41-189690,41,On-Sale Beer & Wine - Eating Place,ACTIVE,Grill Lodi Valley,James Rodriguez,6520 Madison Dr #597,Lodi,CA,90707,San Joaquin,(209) 405-1840,2007-09-07,2008-09-07
41-228510,41,On-Sale Beer & Wine - Eating Place,ACTIVE,ThePlace San Joaquin Company 6,John Jackson,958 Market Blvd,Stockton,CA,92182,San Joaquin,(209) 342-1417,2009-01-12,2010-01-12
41-212216,41,On-Sale Beer & Wine - Eating Place,ACTIVE,TheTavern San Joaquin 93,Daniel Gonzalez Anderson,5727 Lincoln St #683,Lodi,CA,93837,San Joaquin,(209) 626-9665,2000-11-25,2001-11-25
41-877145,41,On-Sale Beer & Wine - Eating Place,ACTIVE,Grill 91,Maria Williams,6558 Oak Pl,Tracy,CA,91910,San Joaquin,(209) 490-6015,2010-03-11,2011-03-11
41-472037,41,On-Sale Beer & Wine - Eating Place,ACTIVE,Spot,John Jackson,4921 1st Way #743,Lodi,CA,95271,San Joaquin,(209) 948-3317,2003-09-11,2004-09-11
47-726697,47,On-Sale General - Restaurant,ACTIVE,Chophouse Stockton Valley Inc,Daniel Rodriguez,7047 Washington Pl,Stockton,CA,94795,San Joaquin,(209) 317-7520,2019-03-06,2020-03-06
47-343674,47,On-Sale General - Restaurant,ACTIVE,Chophouse,David Martin Jones,736 Pico Ln #420,Stockton,CA,96008,San Joaquin,(209) 955-9044,2013-07-11,2014-07-11
47-620852,47,On-Sale General - Restaurant,ACTIVE,Chophouse Stockton LLC,Michelle Moore,6050 6th Dr #340,Stockton,CA,93519,San Joaquin,(209) 539-5845,2023-09-14,2024-09-14
47-448138,47,On-Sale General - Restaurant,ACTIVE,Chophouse San Joaquin Co,William Miller,6099 Franklin Ct,Tracy,CA,94386,San Joaquin,(209) 588-7957,2011-03-02,2012-03-02
47-569786,47,On-Sale General - Restaurant,ACTIVE,Bar & Grill San Joaquin,William Williams,4016 1st Ave,Stockton,CA,91911,San Joaquin,(209) 947-4493,2020-02-28,2021-02-28
47-567755,47,On-Sale General - Restaurant,ACTIVE,Pub Stockton,Maria Williams,6675 Washington Way #653,Stockton,CA,95505,San Joaquin,(209) 523-2919,2005-05-11,2006-05-11
47-355884,47,On-Sale General - Restaurant,ACTIVE,Chophouse Lodi Hills Company 47,Maria Lopez,4528 Jefferson Way,Lodi,CA,90494,San Joaquin,(209) 766-9872,2017-10-02,2018-10-02
47-744978,47,On-Sale General - Restaurant,ACTIVE,NewBar 51,Michael Gonzalez,6634 Mission Blvd #280,Tracy,CA,95163,San Joaquin,(209) 306-2094,2024-09-08,2025-09-08
47-540654,47,On-Sale General - Restaurant,ACTIVE,Steakhouse,Maria Gonzalez Anderson,8330 Jefferson Blvd,Lodi,CA,94477,San Joaquin,(209) 434-6052,2002-03-05,2003-03-05
47-590527,47,On-Sale General - Restaurant,ACTIVE,Steakhouse,Kenneth Hernandez,6259 4th Ct,Tracy,CA,92813,San Joaquin,(209) 273-8165,2019-08-14,2020-08-14
47-302065,47,On-Sale General - Restaurant,ACTIVE,Sports Bar LLC,Michael Jackson,9728 Washington Dr #693,Tracy,CA,90980,San Joaquin,(209) 500-8191,2004-02-02,2005-02-02
47-419952,47,On-Sale General - Restaurant,ACTIVE,Chophouse,Michelle Hernandez,6878 Franklin Ct,Stockton,CA,94466,San Joaquin,(209) 357-5188,2007-08-01,2008-08-01
47-684113,47,On-Sale General - Restaurant,ACTIVE,Bar Stockton Hills,Michael Martinez,1862 Franklin Ave,Stockton,CA,91813,San Joaquin,(209) 846-6576,2020-08-17,2021-08-17
47-110007,47,On-Sale General - Restaurant,ACTIVE,Brasserie,Kenneth Hernandez,4602 3rd St,Stockton,CA,92697,San Joaquin,(209) 666-3513,2002-10-27,2003-10-27
47-159702,47,On-Sale General - Restaurant,ACTIVE,Sports Bar Corp,David Jackson,4488 Jefferson Pl,Tracy,CA,95384,San Joaquin,(209) 201-8064,2017-10-04,2018-10-04
47-419134,47,On-Sale General - Restaurant,ACTIVE,Steakhouse Stockton,Mark Smith,8587 Oak St #994,Stockton,CA,94991,San Joaquin,(209) 704-2896,2016-12-03,2017-12-03
47-503097,47,On-Sale General - Restaurant,ACTIVE,NewPub Stockton Group 58,Mark Martin,3509 Market Ct #756,Stockton,CA,92828,San Joaquin,(209) 987-1538,2005-11-01,2006-11-01
47-851675,47,On-Sale General - Restaurant,ACTIVE,NewPub Co 97,Andrew Garcia,7656 Main Way,Lodi,CA,92293,San Joaquin,(209) 940-3196,2006-10-06,2007-10-06
47-825033,47,On-Sale General - Restaurant,ACTIVE,Steakhouse San Joaquin,Anthony Williams,4030 Wilshire Way,Stockton,CA,95334,San Joaquin,(209) 585-7826,2021-07-17,2022-07-17
47-670125,47,On-Sale General - Restaurant,ACTIVE,Steakhouse Corp,Andrew Lopez,6996 Oak Pl,Lodi,CA,95562,San Joaquin,(209) 241-4757,2022-11-24,2023-11-24
47-999056,47,On-Sale General - Restaurant,ACTIVE,Chophouse Lodi Company,Daniel Lopez,1634 Sunset Ave,Lodi,CA,95192,San Joaquin,(209) 561-5451,2011-07-02,2012-07-02
47-244892,47,On-Sale General - Restaurant,ACTIVE,Steakhouse Co,John Martinez,6189 Maple Dr #430,Tracy,CA,90539,San Joaquin,(209) 475-4682,2011-08-25,2012-08-25
47-146483,47,On-Sale General - Restaurant,ACTIVE,NewChophouse Group 99,Matthew Martinez,7190 Broadway Ct,Stockton,CA,92496,San Joaquin,(209) 509-2643,2014-12-12,2015-12-12
47-743258,47,On-Sale General - Restaurant,ACTIVE,Lounge Co,Maria Rodriguez,7124 Mission Ave #408,Tracy,CA,90884,San Joaquin,(209) 873-9677,2022-11-17,2023-11-17
47-747294,47,On-Sale General - Restaurant,ACTIVE,Lounge,Mark Brown,3759 Pico Dr,Stockton,CA,92874,San Joaquin,(209) 683-4723,2017-07-03,2018-07-03
47-614836,47,On-Sale General - Restaurant,ACTIVE,Bar San Joaquin,William Garcia,8891 Jefferson Ln,Lodi,CA,90923,San Joaquin,(209) 719-9840,2001-04-23,2002-04-23
47-657162,47,On-Sale General - Restaurant,ACTIVE,NewBar Group 36,David Jackson,3693 2nd St,Stockton,CA,94716,San Joaquin,(209) 371-5148,2011-01-08,2012-01-08
47-928227,47,On-Sale General - Restaurant,ACTIVE,Brasserie Company,Daniel Gonzalez,3222 State Rd,Lodi,CA,92533,San Joaquin,(209) 434-9324,2020-09-08,2021-09-08
47-775551,47,On-Sale General - Restaurant,ACTIVE,Bar Group,Andrew Taylor,6027 Market Ave #960,Stockton,CA,91210,San Joaquin,(209) 240-9272,2005-08-28,2006-08-28
47-690151,47,On-Sale General - Restaurant,ACTIVE,TheSteakhouse Lodi 87,Andrew Jones,4672 1st Ln #807,Lodi,CA,92631,San Joaquin,(209) 518-1982,2018-05-28,2019-05-28
47-855656,47,On-Sale General - Restaurant,ACTIVE,Chophouse,Kenneth Martinez,2192 Oak Ln #852,Lodi,CA,90800,San Joaquin,(209) 541-1447,2006-02-23,2007-02-23
47-162298,47,On-Sale General - Restaurant,ACTIVE,Steakhouse,Jennifer Davis,7958 Pico Ct,Lodi,CA,93841,San Joaquin,(209) 250-9148,2005-07-11,2006-07-11
47-962532,47,On-Sale General - Restaurant,ACTIVE,Tavern San Joaquin LLC,Michael Anderson Garcia,9427 1st Dr #899,Lodi,CA,94422,San Joaquin,(209) 516-6133,2019-03-18,2020-03-18
47-261149,47,On-Sale General - Restaurant,ACTIVE,TheBar Stockton Co 7,David Miller,2582 3rd Rd #822,Stockton,CA,93750,San Joaquin,(209) 887-2288,2006-09-27,2007-09-27
47-865537,47,On-Sale General - Restaurant,ACTIVE,Bar & Grill,Christopher Davis,109 Broadway Ln #667,Stockton,CA,94492,San Joaquin,(209) 505-7801,2004-09-05,2005-09-05
47-502045,47,On-Sale General - Restaurant,ACTIVE,Bar & Grill Lodi,Michelle Miller,6805 Mission Pl #940,Lodi,CA,90282,San Joaquin,(209) 525-9453,2024-09-15,2025-09-15
47-690354,47,On-Sale General - Restaurant,ACTIVE,Tavern San Joaquin,Steven Martinez,224 3rd Ln #680,Lodi,CA,91616,San Joaquin,(209) 408-1088,2015-02-11,2016-02-11
47-506215,47,On-Sale General - Restaurant,ACTIVE,Tavern Tracy,Andrew Anderson,221 Madison Ln #220,Tracy,CA,91397,San Joaquin,(209) 546-6649,2007-06-21,2008-06-21
47-720280,47,On-Sale General - Restaurant,ACTIVE,OldChophouse Stockton Group 73,William Johnson,2719 Franklin Ct,Stockton,CA,90987,San Joaquin,(209) 637-1239,2002-05-23,2003-05-23
47-919761,47,On-Sale General - Restaurant,ACTIVE,NewBar San Joaquin Co 7,Maria Garcia,1886 Front Way,Stockton,CA,95991,San Joaquin,(209) 469-6940,2003-11-22,2004-11-22
47-704213,47,On-Sale General - Restaurant,ACTIVE,Lounge,John Jackson,8915 Wilshire Rd,Stockton,CA,91745,San Joaquin,(209) 299-9987,2019-04-21,2020-04-21
47-289482,47,On-Sale General - Restaurant,ACTIVE,Bar Tracy Hills,William Brown,248 Front Pl,Tracy,CA,90434,San Joaquin,(209) 449-1861,2008-08-25,2009-08-25
47-328100,47,On-Sale General - Restaurant,ACTIVE,Sports Bar Tracy Heights Corp,Lisa Martin Thomas,6182 Franklin Ln,Tracy,CA,93239,San Joaquin,(209) 540-4305,2003-04-15,2004-04-15
47-833923,47,On-Sale General - Restaurant,ACTIVE,Pub Stockton Hills Co 4,Robert Garcia,2539 Hollywood Ln #957,Stockton,CA,92537,San Joaquin,(209) 966-2711,2017-05-22,2018-05-22
47-804332,47,On-Sale General - Restaurant,ACTIVE,OldLounge 55,James Miller Smith,8798 Main Pl,Tracy,CA,94730,San Joaquin,(209) 503-9506,2013-01-16,2014-01-16
47-688586,47,On-Sale General - Restaurant,ACTIVE,Chophouse San Joaquin,Paul Martinez,7076 Market Ln #646,Tracy,CA,93423,San Joaquin,(209) 866-6767,2017-08-26,2018-08-26
47-585144,47,On-Sale General - Restaurant,ACTIVE,Sports Bar,Kenneth Garcia,5598 6th Ct #329,Stockton,CA,92046,San Joaquin,(209) 578-7196,2009-05-09,2010-05-09
47-307616,47,On-Sale General - Restaurant,ACTIVE,Chophouse 31,Michael Wilson,1091 Hollywood Blvd,Tracy,CA,90604,San Joaquin,(209) 972-2268,2012-10-10,2013-10-10
47-701934,47,On-Sale General - Restaurant,ACTIVE,Steakhouse Stockton,Maria Lopez,3406 Broadway Ln,Stockton,CA,92523,San Joaquin,(209) 720-2465,2015-10-07,2016-10-07
47-788698,47,On-Sale General - Restaurant,ACTIVE,TheSteakhouse San Joaquin LLC 89,Robert Jones Martinez,6992 State St,Stockton,CA,94878,San Joaquin,(209) 743-8245,2023-03-09,2024-03-09
47-787086,47,On-Sale General - Restaurant,ACTIVE,Sports Bar Co,Lisa Martin,266 2nd Ave #872,Stockton,CA,93895,San Joaquin,(209) 721-5780,2011-05-03,2012-05-03
47-841071,47,On-Sale General - Restaurant,ACTIVE,Bar,Steven Thomas Jones,2776 Pico Way,Tracy,CA,90571,San Joaquin,(209) 985-1719,2021-08-27,2022-08-27
47-611285,47,On-Sale General - Restaurant,ACTIVE,TheChophouse Lodi Inc 18,William Gonzalez,247 Sunset Ave #967,Lodi,CA,90213,San Joaquin,(209) 565-6341,2021-05-13,2022-05-13
47-240627,47,On-Sale General - Restaurant,ACTIVE,Brasserie,Maria Lopez,1825 Washington Dr,Lodi,CA,93076,San Joaquin,(209) 563-1381,2014-10-28,2015-10-28
47-478012,47,On-Sale General - Restaurant,ACTIVE,Bar,Christopher Williams Martinez,8050 4th Way,Stockton,CA,90448,San Joaquin,(209) 463-4121,2007-02-20,2008-02-20
47-274247,47,On-Sale General - Restaurant,ACTIVE,Bar & Grill Tracy,Robert Anderson,5737 4th Ln,Tracy,CA,94484,San Joaquin,(209) 883-1941,2010-05-04,2011-05-04
47-273097,47,On-Sale General - Restaurant,ACTIVE,Bar Tracy Hills Inc 19,Matthew Williams Gonzalez,668 Wilshire Dr,Tracy,CA,93004,San Joaquin,(209) 640-4561,2004-01-01,2005-01-01
47-934807,47,On-Sale General - Restaurant,ACTIVE,Tavern Company,Mark Jones Hernandez,8818 6th Ave #204,Tracy,CA,94516,San Joaquin,(209) 805-8633,2018-05-16,2019-05-16
47-681775,47,On-Sale General - Restaurant,ACTIVE,Pub Stockton Heights,James Jackson Williams,2929 Pico Ave #696,Stockton,CA,93919,San Joaquin,(209) 246-1279,2022-03-08,2023-03-08
47-348619,47,On-Sale General - Restaurant,ACTIVE,Pub San Joaquin Group,Michael Thomas,5884 4th Ave #745,Lodi,CA,95712,San Joaquin,(209) 558-7184,2000-02-06,2001-02-06
47-376133,47,On-Sale General - Restaurant,ACTIVE,Brasserie San Joaquin,Jennifer Gonzalez,7359 4th Ln #281,Tracy,CA,95118,San Joaquin,(209) 286-1648,2016-05-23,2017-05-23
47-193803,47,On-Sale General - Restaurant,ACTIVE,Pub San Joaquin,Andrew Rodriguez,1113 Pico St #205,Stockton,CA,90521,San Joaquin,(209) 476-5870,2006-05-01,2007-05-01
47-571272,47,On-Sale General - Restaurant,ACTIVE,Chophouse Stockton Heights,Michael Wilson Garcia,6390 Oak Ct,Stockton,CA,93555,San Joaquin,(209) 465-6507,2007-03-20,2008-03-20
47-339400,47,On-Sale General - Restaurant,ACTIVE,Chophouse Lodi Corp,William Wilson,8008 Pico Dr,Lodi,CA,93705,San Joaquin,(209) 602-8413,2012-04-14,2013-04-14
47-420075,47,On-Sale General - Restaurant,ACTIVE,Tavern San Joaquin,Matthew Rodriguez,6131 Front Dr,Lodi,CA,90802,San Joaquin,(209) 852-8844,2021-04-27,2022-04-27
47-224221,47,On-Sale General - Restaurant,ACTIVE,OldChophouse 96,Christopher Taylor,5679 1st Ct,Tracy,CA,91181,San Joaquin,(209) 385-6771,2019-11-12,2020-11-12
47-684959,47,On-Sale General - Restaurant,ACTIVE,OldSteakhouse San Joaquin 62,Mark Gonzalez,9033 Pico Ln,Tracy,CA,91727,San Joaquin,(209) 446-5280,2002-10-10,2003-10-10
47-530547,47,On-Sale General - Restaurant,ACTIVE,Pub Stockton Valley Group,Christopher Hernandez Brown,2829 3rd Ln,Stockton,CA,95141,San Joaquin,(209) 603-7705,2008-07-28,2009-07-28
47-798792,47,On-Sale General - Restaurant,ACTIVE,Tavern San Joaquin Co,Paul Hernandez,1211 Mission Dr #939,Tracy,CA,92910,San Joaquin,(209) 753-3763,2019-08-09,2020-08-09
47-538997,47,On-Sale General - Restaurant,ACTIVE,Pub Co,Lisa Wilson,697 Madison Ct,Lodi,CA,95970,San Joaquin,(209) 245-4151,2021-01-09,2022-01-09
47-430220,47,On-Sale General - Restaurant,ACTIVE,NewPub 2,James Lopez,5385 4th Ln,Lodi,CA,95950,San Joaquin,(209) 267-5862,2016-06-20,2017-06-20
47-343140,47,On-Sale General - Restaurant,ACTIVE,Lounge,Michael Wilson,3259 State Pl,Tracy,CA,93660,San Joaquin,(209) 884-7409,2005-05-22,2006-05-22
47-784994,47,On-Sale General - Restaurant,ACTIVE,Brasserie Tracy Heights,Lisa Smith,9696 5th Blvd,Tracy,CA,95760,San Joaquin,(209) 768-9428,2004-11-15,2005-11-15
47-384581,47,On-Sale General - Restaurant,ACTIVE,Brasserie San Joaquin Company 98,Robert Martinez,5588 3rd St,Lodi,CA,95622,San Joaquin,(209) 470-3106,2010-06-23,2011-06-23
47-884806,47,On-Sale General - Restaurant,ACTIVE,Steakhouse,Daniel Hernandez,8028 Jefferson Ln,Tracy,CA,94482,San Joaquin,(209) 869-8905,2001-04-08,2002-04-08
47-896795,47,On-Sale General - Restaurant,ACTIVE,Brasserie Co,Andrew Johnson,1777 State Dr #446,Tracy,CA,92555,San Joaquin,(209) 745-9103,2013-03-24,2014-03-24
47-948221,47,On-Sale General - Restaurant,ACTIVE,Bar & Grill,Matthew Rodriguez,7711 Oak Ct,Lodi,CA,90423,San Joaquin,(209) 720-5833,2007-09-20,2008-09-20
47-686531,47,On-Sale General - Restaurant,ACTIVE,Brasserie,Anthony Jackson,2545 Market Blvd,Stockton,CA,94060,San Joaquin,(209) 500-9327,2009-01-21,2010-01-21
47-427667,47,On-Sale General - Restaurant,ACTIVE,Bar & Grill San Joaquin Company,Lisa Johnson,9655 Lincoln Blvd,Tracy,CA,91238,San Joaquin,(209) 853-5651,2012-01-20,2013-01-20
47-980426,47,On-Sale General - Restaurant,ACTIVE,Chophouse Stockton Valley,David Johnson,2821 Oak Pl,Stockton,CA,93114,San Joaquin,(209) 950-6056,2007-03-06,2008-03-06
47-712824,47,On-Sale General - Restaurant,ACTIVE,Chophouse San Joaquin,David Wilson,9915 Market St,Stockton,CA,96070,San Joaquin,(209) 964-6812,2023-08-22,2024-08-22
47-979773,47,On-Sale General - Restaurant,ACTIVE,Brasserie Stockton,Daniel Martin,3937 Jefferson Blvd,Stockton,CA,94876,San Joaquin,(209) 830-3811,2015-06-26,2016-06-26
47-161919,47,On-Sale General - Restaurant,ACTIVE,Steakhouse Inc,Jennifer Brown Brown,6887 Madison Ln,Stockton,CA,94189,San Joaquin,(209) 542-8712,2019-10-27,2020-10-27
47-669923,47,On-Sale General - Restaurant,ACTIVE,Brasserie,Robert Smith,8698 Oak Ln,Lodi,CA,95647,San Joaquin,(209) 985-3240,2011-02-01,2012-02-01
47-250630,47,On-Sale General - Restaurant,ACTIVE,Tavern,Daniel Gonzalez,4700 Maple Blvd,Stockton,CA,95007,San Joaquin,(209) 346-3964,2012-02-16,2013-02-16
47-867161,47,On-Sale General - Restaurant,ACTIVE,OldBar & Grill 72,Jennifer Lopez,5081 Hollywood Blvd,Stockton,CA,90193,San Joaquin,(209) 789-2219,2000-10-02,2001-10-02
47-844606,47,On-Sale General - Restaurant,ACTIVE,Steakhouse,Paul Gonzalez Martin,1650 Mission Ave,Tracy,CA,92481,San Joaquin,(209) 789-7087,2021-07-07,2022-07-07
47-928476,47,On-Sale General - Restaurant,ACTIVE,Chophouse San Joaquin,Steven Garcia,8217 6th Rd,Stockton,CA,92170,San Joaquin,(209) 715-6693,2013-06-08,2014-06-08
47-853243,47,On-Sale General - Restaurant,ACTIVE,Brasserie Lodi Hills,David Williams,8156 Market St,Lodi,CA,90152,San Joaquin,(209) 473-2338,2021-06-19,2022-06-19
47-760553,47,On-Sale General - Restaurant,ACTIVE,Lounge Corp,Michelle Wilson,2013 Main Blvd,Tracy,CA,91928,San Joaquin,(209) 212-2663,2021-09-14,2022-09-14
47-689824,47,On-Sale General - Restaurant,ACTIVE,Pub San Joaquin,Robert Wilson,9600 Front Rd,Tracy,CA,94332,San Joaquin,(209) 885-2654,2000-08-17,2001-08-17
47-628604,47,On-Sale General - Restaurant,ACTIVE,Pub,James Martinez,1408 7th St,Tracy,CA,91767,San Joaquin,(209) 305-7365,2019-01-25,2020-01-25
47-377123,47,On-Sale General - Restaurant,ACTIVE,Chophouse San Joaquin,Paul Jones,2325 Hollywood Rd #631,Stockton,CA,96114,San Joaquin,(209) 942-1335,2002-06-19,2003-06-19
47-860937,47,On-Sale General - Restaurant,ACTIVE,Pub,Daniel Smith Jackson,7612 Maple Blvd,Stockton,CA,93758,San Joaquin,(209) 401-3528,2000-09-28,2001-09-28
47-331300,47,On-Sale General - Restaurant,ACTIVE,NewChophouse Lodi Inc 35,Maria Thomas,8862 Oak Ave #497,Lodi,CA,92330,San Joaquin,(209) 681-2707,2002-06-21,2003-06-21
47-652717,47,On-Sale General - Restaurant,ACTIVE,Bar & Grill Lodi Co 90,Robert Johnson,9151 Main Ct,Lodi,CA,94197,San Joaquin,(209) 838-7443,2015-03-08,2016-03-08
47-644310,47,On-Sale General - Restaurant,ACTIVE,Steakhouse Tracy,Daniel Johnson,3600 Pico Ct,Tracy,CA,91309,San Joaquin,(209) 575-3657,2024-08-17,2025-08-17
47-951109,47,On-Sale General - Restaurant,ACTIVE,Pub Group,Maria Jones,9789 Wilshire Pl #143,Lodi,CA,95422,San Joaquin,(209) 833-3976,2014-10-19,2015-10-19
47-933198,47,On-Sale General - Restaurant,ACTIVE,Chophouse Stockton,Maria Smith Davis,4780 6th St,Stockton,CA,94776,San Joaquin,(209) 657-5161,2006-04-26,2007-04-26
47-790383,47,On-Sale General - Restaurant,ACTIVE,NewBrasserie 50,James Williams,4875 7th Dr #921,Tracy,CA,94390,San Joaquin,(209) 791-5652,2016-06-02,2017-06-02
47-157722,47,On-Sale General - Restaurant,ACTIVE,Bar & Grill Group,Jennifer Martinez,6029 Wilshire Ct,Tracy,CA,95621,San Joaquin,(209) 368-4032,2011-04-10,2012-04-10
47-597017,47,On-Sale General - Restaurant,ACTIVE,Brasserie San Joaquin,Anthony Johnson,2676 Hollywood St,Stockton,CA,95403,San Joaquin,(209) 427-4429,2015-11-06,2016-11-06
47-299468,47,On-Sale General - Restaurant,ACTIVE,OldBar Lodi Company 90,Anthony Brown,8421 7th Blvd #105,Lodi,CA,95116,San Joaquin,(209) 341-5986,2018-05-11,2019-05-11
47-687602,47,On-Sale General - Restaurant,ACTIVE,Bar & Grill,Lisa Smith Miller,8263 Market Rd #995,Stockton,CA,95265,San Joaquin,(209) 498-8761,2000-09-15,2001-09-15
47-223166,47,On-Sale General - Restaurant,ACTIVE,Sports Bar Lodi LLC,Maria Hernandez,5529 5th Blvd #200,Lodi,CA,90218,San Joaquin,(209) 489-5442,2018-05-01,2019-05-01
47-565865,47,On-Sale General - Restaurant,ACTIVE,NewSteakhouse 37,Christopher Thomas Miller,9662 Oak Blvd #940,Lodi,CA,91599,San Joaquin,(209) 466-4025,2004-09-04,2005-09-04
47-890889,47,On-Sale General - Restaurant,ACTIVE,Brasserie,Christopher Johnson,5994 Sunset Pl,Lodi,CA,95980,San Joaquin,(209) 712-2736,2004-02-23,2005-02-23
47-953893,47,On-Sale General - Restaurant,ACTIVE,Bar Group,Paul Hernandez,5802 State Ln,Tracy,CA,92728,San Joaquin,(209) 438-3649,2009-05-22,2010-05-22
47-643941,47,On-Sale General - Restaurant,ACTIVE,OldPub LLC 63,David Wilson,6591 Hollywood Blvd,Stockton,CA,94316,San Joaquin,(209) 206-5588,2023-04-23,2024-04-23
47-543226,47,On-Sale General - Restaurant,ACTIVE,OldBrasserie Group 16,David Smith,5298 Oak Blvd,Stockton,CA,96015,San Joaquin,(209) 535-3009,2020-05-08,2021-05-08
47-951911,47,On-Sale General - Restaurant,ACTIVE,Lounge Company,Michael Miller Martin,8745 Pico Way #297,Stockton,CA,90984,San Joaquin,(209) 494-5973,2015-05-16,2016-05-16
47-271614,47,On-Sale General - Restaurant,ACTIVE,Sports Bar Inc,Michael Miller,7209 Pico St #495,Lodi,CA,91870,San Joaquin,(209) 530-9739,2024-09-23,2025-09-23
47-928926,47,On-Sale General - Restaurant,ACTIVE,Chophouse Stockton Hills Company,Anthony Miller,4437 Front St,Stockton,CA,95795,San Joaquin,(209) 341-8777,2005-07-11,2006-07-11
47-591315,47,On-Sale General - Restaurant,ACTIVE,Lounge,Steven Miller,580 Madison Ct,Lodi,CA,90501,San Joaquin,(209) 574-2094,2021-08-02,2022-08-02
47-611139,47,On-Sale General - Restaurant,ACTIVE,NewTavern 25,Paul Martinez,4820 Lincoln Blvd #589,Stockton,CA,93276,San Joaquin,(209) 901-8675,2005-12-18,2006-12-18
47-645026,47,On-Sale General - Restaurant,ACTIVE,Steakhouse San Joaquin Group,Mark Martinez,3955 Broadway Ct,Lodi,CA,96060,San Joaquin,(209) 967-3398,2003-03-12,2004-03-12
47-503033,47,On-Sale General - Restaurant,ACTIVE,Brasserie Company,Mark Davis,2131 Front Rd #534,Tracy,CA,96130,San Joaquin,(209) 919-8111,2017-02-17,2018-02-17
47-428186,47,On-Sale General - Restaurant,ACTIVE,Sports Bar,James Moore,9255 7th Blvd,Lodi,CA,91961,San Joaquin,(209) 568-9706,2022-12-03,2023-12-03
47-532279,47,On-Sale General - Restaurant,ACTIVE,Sports Bar LLC 92,Christopher Rodriguez Williams,5667 Madison Rd,Stockton,CA,91147,San Joaquin,(209) 648-8025,2024-02-07,2025-02-07
47-322728,47,On-Sale General - Restaurant,ACTIVE,Pub Stockton,Michelle Moore,1948 Washington Ln,Stockton,CA,93622,San Joaquin,(209) 335-6335,2024-06-26,2025-06-26
47-335089,47,On-Sale General - Restaurant,ACTIVE,Steakhouse Tracy Company,Robert Martinez Jackson,8126 Franklin Blvd,Tracy,CA,90335,San Joaquin,(209) 456-2731,2009-08-17,2010-08-17
47-701066,47,On-Sale General - Restaurant,ACTIVE,Chophouse San Joaquin Inc,Andrew Jackson,2385 Pico Way,Stockton,CA,95458,San Joaquin,(209) 230-5468,2018-03-27,2019-03-27
47-134877,47,On-Sale General - Restaurant,ACTIVE,Tavern San Joaquin Co,Christopher Martinez,2263 Ocean Blvd #240,Lodi,CA,93550,San Joaquin,(209) 513-7168,2010-01-11,2011-01-11
47-769223,47,On-Sale General - Restaurant,ACTIVE,Chophouse Stockton Hills Inc,Michael Martin,4658 5th Ave,Stockton,CA,94478,San Joaquin,(209) 577-2488,2008-03-03,2009-03-03
47-954156,47,On-Sale General - Restaurant,ACTIVE,Bar,Mark Garcia Lopez,5096 Main St,Stockton,CA,93159,San Joaquin,(209) 839-2123,2010-10-22,2011-10-22
47-783755,47,On-Sale General - Restaurant,ACTIVE,Lounge Stockton,Daniel Williams,9200 Lincoln Ct,Stockton,CA,93540,San Joaquin,(209) 924-1004,2003-09-04,2004-09-04
47-502881,47,On-Sale General - Restaurant,ACTIVE,Tavern Company,Anthony Gonzalez,1494 7th Dr #265,Lodi,CA,95770,San Joaquin,(209) 806-7273,2020-08-13,2021-08-13
47-786331,47,On-Sale General - Restaurant,ACTIVE,Tavern Stockton,Robert Smith,2060 Front Blvd #125,Stockton,CA,91611,San Joaquin,(209) 312-6972,2016-09-25,2017-09-25
47-150275,47,On-Sale General - Restaurant,ACTIVE,Sports Bar,James Rodriguez,9330 Oak Ln,Lodi,CA,93526,San Joaquin,(209) 309-7088,2020-07-01,2021-07-01
47-618844,47,On-Sale General - Restaurant,ACTIVE,NewBar & Grill Tracy Hills Company 79,Daniel Garcia,1687 Market Ln,Tracy,CA,93483,San Joaquin,(209) 616-5718,2008-07-02,2009-07-02
47-889352,47,On-Sale General - Restaurant,ACTIVE,Brasserie,Christopher Thomas,2057 Front Ct,Stockton,CA,93464,San Joaquin,(209) 804-9971,2024-10-06,2025-10-06
47-189064,47,On-Sale General - Restaurant,ACTIVE,Bar San Joaquin,Maria Smith Williams,7416 Lincoln Pl #739,Lodi,CA,92323,San Joaquin,(209) 862-3221,2016-09-18,2017-09-18
47-297744,47,On-Sale General - Restaurant,ACTIVE,Chophouse,Paul Wilson,5374 Market St,Stockton,CA,93259,San Joaquin,(209) 447-5567,2004-02-08,2005-02-08
47-908867,47,On-Sale General - Restaurant,ACTIVE,Chophouse Group,Jennifer Smith Thomas,8300 Hollywood Ave #988,Stockton,CA,90532,San Joaquin,(209) 287-3507,2007-02-05,2008-02-05
47-135035,47,On-Sale General - Restaurant,ACTIVE,Brasserie Stockton,Jennifer Martin,3717 5th Blvd,Stockton,CA,94527,San Joaquin,(209) 643-5114,2004-11-15,2005-11-15
47-636392,47,On-Sale General - Restaurant,ACTIVE,Chophouse Tracy Valley Corp,James Smith,3066 Market Dr,Tracy,CA,95581,San Joaquin,(209) 385-7031,2002-02-16,2003-02-16
47-795127,47,On-Sale General - Restaurant,ACTIVE,Tavern Lodi,Robert Miller,6937 1st Rd #204,Lodi,CA,95411,San Joaquin,(209) 285-4595,2022-05-23,2023-05-23
47-550020,47,On-Sale General - Restaurant,ACTIVE,Steakhouse Co 81,Paul Garcia,9484 State Blvd,Tracy,CA,91641,San Joaquin,(209) 514-6721,2021-04-28,2022-04-28
47-857402,47,On-Sale General - Restaurant,ACTIVE,Tavern Tracy LLC,Kenneth Miller,9282 6th Way,Tracy,CA,93210,San Joaquin,(209) 606-5975,2021-02-15,2022-02-15
47-245755,47,On-Sale General - Restaurant,ACTIVE,Pub Tracy Co,Michelle Wilson,8662 Lincoln Ct,Tracy,CA,95486,San Joaquin,(209) 775-4653,2015-02-04,2016-02-04
47-863487,47,On-Sale General - Restaurant,ACTIVE,Bar San Joaquin,James Williams Anderson,8875 Washington Ln,Stockton,CA,93910,San Joaquin,(209) 475-2733,2020-06-06,2021-06-06
47-753759,47,On-Sale General - Restaurant,ACTIVE,NewChophouse Stockton Corp 86,Mark Miller,954 Main Ln,Stockton,CA,95625,San Joaquin,(209) 870-6079,2023-10-19,2024-10-19
47-759588,47,On-Sale General - Restaurant,ACTIVE,Tavern Tracy Heights Corp,William Hernandez,1069 Pico Rd,Tracy,CA,93280,San Joaquin,(209) 367-9032,2006-05-21,2007-05-21
47-258665,47,On-Sale General - Restaurant,ACTIVE,Bar & Grill Lodi Heights LLC 47,David Thomas Anderson,9738 Pico Blvd,Lodi,CA,95666,San Joaquin,(209) 661-7397,2014-12-17,2015-12-17
47-555508,47,On-Sale General - Restaurant,ACTIVE,Chophouse San Joaquin,Paul Jones,6788 Market Rd,Stockton,CA,90996,San Joaquin,(209) 980-7552,2011-10-24,2012-10-24
47-683205,47,On-Sale General - Restaurant,ACTIVE,Pub Stockton,Kenneth Hernandez,8952 Hollywood St,Stockton,CA,94794,San Joaquin,(209) 428-1776,2008-04-21,2009-04-21
47-613581,47,On-Sale General - Restaurant,ACTIVE,Steakhouse San Joaquin Co,Kenneth Miller,9618 Broadway St #808,Lodi,CA,92855,San Joaquin,(209) 231-7163,2010-12-22,2011-12-22
47-712189,47,On-Sale General - Restaurant,ACTIVE,Chophouse San Joaquin,Maria Wilson,8912 Hollywood Ln #747,Tracy,CA,90113,San Joaquin,(209) 788-3854,2001-05-08,2002-05-08
47-653154,47,On-Sale General - Restaurant,ACTIVE,Chophouse Inc 38,Daniel Martin Davis,2796 Hollywood Ave,Stockton,CA,92490,San Joaquin,(209) 422-6912,2023-09-10,2024-09-10
47-773735,47,On-Sale General - Restaurant,ACTIVE,Bar Stockton Heights LLC,James Taylor,3393 4th St #225,Stockton,CA,93436,San Joaquin,(209) 875-6764,2015-09-27,2016-09-27
47-228336,47,On-Sale General - Restaurant,ACTIVE,Bar & Grill Lodi Corp,Lisa Thomas,8154 3rd Pl,Lodi,CA,94139,San Joaquin,(209) 862-6098,2012-06-16,2013-06-16
47-646024,47,On-Sale General - Restaurant,ACTIVE,Brasserie,Steven Jackson,5390 Front Ave,Lodi,CA,94515,San Joaquin,(209) 525-3106,2001-09-09,2002-09-09
47-533581,47,On-Sale General - Restaurant,ACTIVE,Lounge Tracy Hills Inc,William Hernandez Anderson,6041 7th St,Tracy,CA,90296,San Joaquin,(209) 729-5225,2002-09-02,2003-09-02
47-696490,47,On-Sale General - Restaurant,ACTIVE,Brasserie Tracy Hills,Matthew Martinez Wilson,7362 Pico Pl,Tracy,CA,91371,San Joaquin,(209) 596-1625,2014-05-04,2015-05-04
47-779119,47,On-Sale General - Restaurant,ACTIVE,Chophouse,William Jackson Martinez,7134 Lincoln Ct,Tracy,CA,93067,San Joaquin,(209) 555-1959,2003-08-01,2004-08-01
47-377446,47,On-Sale General - Restaurant,ACTIVE,Chophouse Tracy,James Davis,881 Pico St #801,Tracy,CA,94734,San Joaquin,(209) 253-2638,2020-07-28,2021-07-28
47-349873,47,On-Sale General - Restaurant,ACTIVE,Tavern San Joaquin Co,James Davis,4328 2nd Dr,Stockton,CA,93748,San Joaquin,(209) 337-1154,2002-12-20,2003-12-20
47-928336,47,On-Sale General - Restaurant,ACTIVE,Lounge,William Taylor,5619 Market Dr,Lodi,CA,94616,San Joaquin,(209) 979-1063,2012-07-04,2013-07-04
47-836268,47,On-Sale General - Restaurant,ACTIVE,NewSteakhouse Corp 60,David Taylor,1138 State Ln,Tracy,CA,90878,San Joaquin,(209) 888-1082,2022-06-26,2023-06-26
47-151589,47,On-Sale General - Restaurant,ACTIVE,Steakhouse San Joaquin,Michael Moore,4194 2nd Way,Lodi,CA,91249,San Joaquin,(209) 963-4951,2020-10-19,2021-10-19
47-525155,47,On-Sale General - Restaurant,ACTIVE,Steakhouse,Maria Williams,8717 1st Dr #831,Stockton,CA,90473,San Joaquin,(209) 756-6070,2004-10-23,2005-10-23
47-252985,47,On-Sale General - Restaurant,ACTIVE,Lounge Stockton,Maria Brown,2703 Ocean Rd,Stockton,CA,95512,San Joaquin,(209) 996-7768,2011-08-13,2012-08-13
47-995395,47,On-Sale General - Restaurant,ACTIVE,Tavern,Maria Wilson,115 Mission Ave #744,Stockton,CA,92207,San Joaquin,(209) 600-4496,2020-09-24,2021-09-24
47-205027,47,On-Sale General - Restaurant,ACTIVE,Brasserie 24,William Miller Garcia,8433 Jefferson St,Stockton,CA,93375,San Joaquin,(209) 915-9260,2022-04-15,2023-04-15
47-679699,47,On-Sale General - Restaurant,ACTIVE,Steakhouse San Joaquin,Christopher Lopez,4430 Oak Rd,Tracy,CA,90180,San Joaquin,(209) 681-1034,2000-05-02,2001-05-02
47-902068,47,On-Sale General - Restaurant,ACTIVE,Chophouse,Paul Martin,9878 7th Rd #903,Stockton,CA,93678,San Joaquin,(209) 852-8578,2019-08-08,2020-08-08
47-109326,47,On-Sale General - Restaurant,ACTIVE,Chophouse San Joaquin,Robert Johnson,5465 Washington Ln #460,Tracy,CA,93689,San Joaquin,(209) 861-9073,2022-05-11,2023-05-11
47-366427,47,On-Sale General - Restaurant,ACTIVE,OldChophouse LLC 3,William Garcia Jackson,8291 1st Dr,Tracy,CA,92343,San Joaquin,(209) 579-5182,2004-10-09,2005-10-09
47-960931,47,On-Sale General - Restaurant,ACTIVE,Bar & Grill Lodi Hills Co,John Brown,8674 State Ln,Lodi,CA,95665,San Joaquin,(209) 322-3811,2009-01-06,2010-01-06
47-965207,47,On-Sale General - Restaurant,ACTIVE,Brasserie San Joaquin 75,Andrew Jackson,9072 6th Way #789,Stockton,CA,94720,San Joaquin,(209) 787-9519,2006-09-12,2007-09-12
47-234216,47,On-Sale General - Restaurant,ACTIVE,NewChophouse Inc 90,Daniel Garcia,6508 Washington Way #503,Stockton,CA,94067,San Joaquin,(209) 988-3012,2017-10-28,2018-10-28
47-974653,47,On-Sale General - Restaurant,ACTIVE,Pub San Joaquin 98,Anthony Garcia,6762 Hollywood Way,Stockton,CA,95117,San Joaquin,(209) 479-8211,2022-09-26,2023-09-26
48-757320,48,On-Sale General - Bar/Tavern,ACTIVE,Lounge Tracy Inc,Maria Miller,767 Mission Ct #729,Tracy,CA,93177,San Joaquin,(209) 952-6617,2013-11-27,2014-11-27
48-133126,48,On-Sale General - Bar/Tavern,ACTIVE,Bar,Robert Martinez,2924 State Blvd,Tracy,CA,94359,San Joaquin,(209) 307-5171,2013-12-14,2014-12-14
48-906214,48,On-Sale General - Bar/Tavern,ACTIVE,Pub Group,Kenneth Miller,3296 Mission Dr,Lodi,CA,90048,San Joaquin,(209) 715-6879,2024-04-05,2025-04-05
48-534027,48,On-Sale General - Bar/Tavern,ACTIVE,TheBrewery Lodi Valley 56,William Jackson,7939 1st Ln #508,Lodi,CA,91016,San Joaquin,(209) 971-5128,2002-09-02,2003-09-02
48-940119,48,On-Sale General - Bar/Tavern,ACTIVE,Tap Room,John Davis Lopez,6985 Wilshire Way,Stockton,CA,94955,San Joaquin,(209) 525-1733,2005-01-16,2006-01-16
48-802795,48,On-Sale General - Bar/Tavern,ACTIVE,Pub Group,Christopher Johnson,9823 Wilshire St,Stockton,CA,95944,San Joaquin,(209) 535-1368,2022-11-20,2023-11-20
48-181241,48,On-Sale General - Bar/Tavern,ACTIVE,Tavern Inc,John Miller Martinez,6896 Wilshire Rd,Tracy,CA,96049,San Joaquin,(209) 691-1175,2006-08-22,2007-08-22
48-739502,48,On-Sale General - Bar/Tavern,ACTIVE,TheTap Room 20,Jennifer Wilson,5621 Lincoln Ct,Tracy,CA,91017,San Joaquin,(209) 373-3043,2015-04-19,2016-04-19
48-943416,48,On-Sale General - Bar/Tavern,ACTIVE,Bar Stockton Corp,Steven Wilson Wilson,8718 Madison St,Stockton,CA,96018,San Joaquin,(209) 280-8677,2019-06-15,2020-06-15
48-205815,48,On-Sale General - Bar/Tavern,ACTIVE,Pub Co 91,Mark Jackson,4135 Pico Ct,Tracy,CA,90823,San Joaquin,(209) 864-4678,2015-02-23,2016-02-23
48-340077,48,On-Sale General - Bar/Tavern,ACTIVE,Club Tracy,Michelle Moore,4719 3rd Ct #932,Tracy,CA,93503,San Joaquin,(209) 892-6465,2010-05-10,2011-05-10
48-157813,48,On-Sale General - Bar/Tavern,ACTIVE,TheNightclub Co 76,William Jones,2847 Main Ct,Tracy,CA,93195,San Joaquin,(209) 871-3711,2015-10-08,2016-10-08
48-433252,48,On-Sale General - Bar/Tavern,ACTIVE,Tap Room,Kenneth Gonzalez,6831 Broadway Rd,Lodi,CA,91927,San Joaquin,(209) 704-7460,2016-12-23,2017-12-23
48-132430,48,On-Sale General - Bar/Tavern,ACTIVE,Nightclub Tracy Valley,Paul Williams,9842 5th St #294,Tracy,CA,95244,San Joaquin,(209) 773-1111,2013-10-05,2014-10-05
48-834682,48,On-Sale General - Bar/Tavern,ACTIVE,NewDive Bar San Joaquin 99,Anthony Gonzalez Wilson,6088 Front Way,Lodi,CA,95707,San Joaquin,(209) 962-9341,2020-03-14,2021-03-14
48-373300,48,On-Sale General - Bar/Tavern,ACTIVE,NewBrewery Lodi Valley 89,Michelle Wilson,2335 State Way,Lodi,CA,93589,San Joaquin,(209) 946-8189,2016-03-02,2017-03-02
48-104727,48,On-Sale General - Bar/Tavern,ACTIVE,Dive Bar Group,John Rodriguez,1756 Broadway Way,Lodi,CA,91922,San Joaquin,(209) 876-5900,2000-07-01,2001-07-01
48-634303,48,On-Sale General - Bar/Tavern,ACTIVE,Saloon Co,Christopher Johnson Moore,5326 7th Ave,Stockton,CA,92769,San Joaquin,(209) 377-3504,2022-04-05,2023-04-05
48-323392,48,On-Sale General - Bar/Tavern,ACTIVE,Saloon Lodi 8,Kenneth Jackson,9847 6th Dr #994,Lodi,CA,91522,San Joaquin,(209) 249-9133,2006-05-13,2007-05-13
48-363605,48,On-Sale General - Bar/Tavern,ACTIVE,Club San Joaquin Group,Steven Moore,9277 Mission Rd,Lodi,CA,91146,San Joaquin,(209) 791-6833,2010-01-01,2011-01-01
48-464496,48,On-Sale General - Bar/Tavern,ACTIVE,Tavern San Joaquin LLC,David Lopez Moore,507 Pico Pl #500,Tracy,CA,92350,San Joaquin,(209) 862-4097,2005-10-19,2006-10-19
48-749300,48,On-Sale General - Bar/Tavern,ACTIVE,Lounge LLC,Paul Smith,691 4th St,Stockton,CA,95806,San Joaquin,(209) 524-2779,2008-04-24,2009-04-24
48-405916,48,On-Sale General - Bar/Tavern,ACTIVE,Tavern Stockton Heights Group,Maria Brown,2350 Maple Ct,Stockton,CA,94296,San Joaquin,(209) 809-1153,2012-04-01,2013-04-01
48-267511,48,On-Sale General - Bar/Tavern,ACTIVE,Saloon San Joaquin Company,Robert Garcia,2714 Washington St #642,Lodi,CA,90359,San Joaquin,(209) 575-3116,2023-03-15,2024-03-15
48-448256,48,On-Sale General - Bar/Tavern,ACTIVE,Club,William Anderson,4053 Oak Blvd,Lodi,CA,94614,San Joaquin,(209) 718-8084,2004-03-04,2005-03-04
48-678803,48,On-Sale General - Bar/Tavern,ACTIVE,TheBar Tracy LLC 61,Steven Gonzalez,1995 5th Ln #434,Tracy,CA,94159,San Joaquin,(209) 647-7019,2022-05-27,2023-05-27
48-794157,48,On-Sale General - Bar/Tavern,ACTIVE,Brewery Co,Kenneth Johnson,3027 Pico Ln,Tracy,CA,91239,San Joaquin,(209) 369-9142,2003-12-19,2004-12-19
48-340107,48,On-Sale General - Bar/Tavern,ACTIVE,Saloon,Christopher Williams Miller,8177 Wilshire Pl #975,Lodi,CA,92587,San Joaquin,(209) 763-5108,2010-05-15,2011-05-15
48-659185,48,On-Sale General - Bar/Tavern,ACTIVE,Nightclub Stockton Heights Co,Christopher Davis,6619 Oak Ave,Stockton,CA,90574,San Joaquin,(209) 456-7205,2019-04-21,2020-04-21
48-333936,48,On-Sale General - Bar/Tavern,ACTIVE,Lounge Stockton Inc,Lisa Thomas,6009 State Blvd,Stockton,CA,93964,San Joaquin,(209) 262-3264,2014-06-18,2015-06-18
48-442793,48,On-Sale General - Bar/Tavern,ACTIVE,OldDive Bar 71,Lisa Thomas,7995 Sunset Dr,Tracy,CA,92997,San Joaquin,(209) 580-2729,2009-10-10,2010-10-10
48-179163,48,On-Sale General - Bar/Tavern,ACTIVE,Pub,Robert Jackson Miller,4014 Sunset Rd,Stockton,CA,91794,San Joaquin,(209) 369-2076,2001-12-16,2002-12-16
48-863075,48,On-Sale General - Bar/Tavern,ACTIVE,Bar Co,Mark Miller,1405 Front Ln,Stockton,CA,95685,San Joaquin,(209) 869-2727,2004-04-05,2005-04-05
48-552319,48,On-Sale General - Bar/Tavern,ACTIVE,OldTap Room 94,John Wilson,588 Wilshire Dr,Stockton,CA,96053,San Joaquin,(209) 259-3170,2023-11-18,2024-11-18
48-772874,48,On-Sale General - Bar/Tavern,ACTIVE,Pub San Joaquin,Anthony Brown,2116 Madison Ct #938,Tracy,CA,95929,San Joaquin,(209) 219-8112,2022-08-27,2023-08-27
48-641520,48,On-Sale General - Bar/Tavern,ACTIVE,Club San Joaquin,Kenneth Smith,1395 Franklin Ct,Tracy,CA,90501,San Joaquin,(209) 586-3947,2004-12-23,2005-12-23
48-770899,48,On-Sale General - Bar/Tavern,ACTIVE,Pub Tracy Hills Inc,Robert Jackson,1117 Jefferson Ave,Tracy,CA,96100,San Joaquin,(209) 435-2476,2011-11-03,2012-11-03
48-420852,48,On-Sale General - Bar/Tavern,ACTIVE,Bar Lodi Corp,Christopher Martin Anderson,4493 1st Dr,Lodi,CA,94709,San Joaquin,(209) 699-7756,2001-01-25,2002-01-25
48-218768,48,On-Sale General - Bar/Tavern,ACTIVE,Nightclub Stockton 45,Andrew Davis,6964 Lincoln Ln,Stockton,CA,91930,San Joaquin,(209) 466-3314,2010-04-22,2011-04-22
48-779441,48,On-Sale General - Bar/Tavern,ACTIVE,Lounge Lodi LLC,Michael Williams Garcia,7481 Front Way,Lodi,CA,93863,San Joaquin,(209) 399-4722,2013-08-02,2014-08-02
48-217718,48,On-Sale General - Bar/Tavern,ACTIVE,Dive Bar,Michelle Moore,2565 State Blvd #356,Tracy,CA,90379,San Joaquin,(209) 997-1433,2004-12-12,2005-12-12
48-216254,48,On-Sale General - Bar/Tavern,ACTIVE,Nightclub San Joaquin Corp,Daniel Brown,8546 Hollywood Ave #136,Tracy,CA,95715,San Joaquin,(209) 498-7076,2008-05-18,2009-05-18
48-728060,48,On-Sale General - Bar/Tavern,ACTIVE,Bar,Matthew Davis,6096 Lincoln Way,Tracy,CA,95907,San Joaquin,(209) 825-2895,2000-02-16,2001-02-16
48-578730,48,On-Sale General - Bar/Tavern,ACTIVE,Club Co,Anthony Taylor,647 6th Blvd,Stockton,CA,93261,San Joaquin,(209) 229-8047,2003-04-19,2004-04-19
48-963984,48,On-Sale General - Bar/Tavern,ACTIVE,TheSaloon Tracy 69,Paul Miller,5367 2nd St,Tracy,CA,95521,San Joaquin,(209) 256-7118,2005-12-15,2006-12-15
48-207853,48,On-Sale General - Bar/Tavern,ACTIVE,Nightclub Corp,James Martinez,282 Main St #952,Stockton,CA,92161,San Joaquin,(209) 570-2252,2020-04-18,2021-04-18
48-799686,48,On-Sale General - Bar/Tavern,ACTIVE,Dive Bar Inc,Mark Smith,1735 Ocean Pl #169,Lodi,CA,92055,San Joaquin,(209) 867-2086,2013-12-15,2014-12-15
48-989641,48,On-Sale General - Bar/Tavern,ACTIVE,Club San Joaquin Group,Paul Moore,6122 Broadway Ave,Lodi,CA,94541,San Joaquin,(209) 745-6384,2007-05-01,2008-05-01
48-405213,48,On-Sale General - Bar/Tavern,ACTIVE,Nightclub Stockton 60,Daniel Johnson,4115 7th St,Stockton,CA,93276,San Joaquin,(209) 264-9922,2008-01-28,2009-01-28
48-178825,48,On-Sale General - Bar/Tavern,ACTIVE,OldClub 86,Maria Brown,7663 Mission Blvd,Tracy,CA,91391,San Joaquin,(209) 648-6773,2023-08-25,2024-08-25
48-123880,48,On-Sale General - Bar/Tavern,ACTIVE,Tavern Stockton,Robert Wilson,763 State Ln,Stockton,CA,93498,San Joaquin,(209) 643-5301,2013-05-28,2014-05-28
48-890461,48,On-Sale General - Bar/Tavern,ACTIVE,TheBrewery San Joaquin Corp 52,Maria Williams,6522 Market Pl,Stockton,CA,94750,San Joaquin,(209) 718-6053,2002-06-08,2003-06-08
48-699956,48,On-Sale General - Bar/Tavern,ACTIVE,Tap Room Lodi Hills,William Williams,2123 Oak Rd #507,Lodi,CA,94569,San Joaquin,(209) 463-1842,2004-12-26,2005-12-26
48-567890,48,On-Sale General - Bar/Tavern,ACTIVE,Dive Bar,Steven Taylor,2625 Sunset Way,Tracy,CA,94188,San Joaquin,(209) 448-8644,2014-02-19,2015-02-19
48-661594,48,On-Sale General - Bar/Tavern,ACTIVE,Bar San Joaquin,David Jackson,2611 Maple Rd,Tracy,CA,94186,San Joaquin,(209) 333-8879,2020-10-20,2021-10-20
48-958918,48,On-Sale General - Bar/Tavern,ACTIVE,TheBrewery San Joaquin 40,Mark Jones,5519 Pico Ct,Tracy,CA,94483,San Joaquin,(209) 618-8696,2014-08-21,2015-08-21
48-284342,48,On-Sale General - Bar/Tavern,ACTIVE,Nightclub Company,Jennifer Davis,4293 Broadway Ln,Stockton,CA,95101,San Joaquin,(209) 730-6478,2001-11-06,2002-11-06
48-352264,48,On-Sale General - Bar/Tavern,ACTIVE,NewLounge Lodi 92,Robert Anderson,6563 Madison Blvd,Lodi,CA,95956,San Joaquin,(209) 926-6508,2022-05-08,2023-05-08
48-708570,48,On-Sale General - Bar/Tavern,ACTIVE,Nightclub Inc,Daniel Johnson Taylor,7565 2nd Rd #144,Lodi,CA,94589,San Joaquin,(209) 799-8599,2001-09-17,2002-09-17
48-506880,48,On-Sale General - Bar/Tavern,ACTIVE,OldBrewery San Joaquin Group 83,Lisa Miller,5720 2nd Way,Tracy,CA,95879,San Joaquin,(209) 576-2242,2004-07-19,2005-07-19
48-741412,48,On-Sale General - Bar/Tavern,ACTIVE,Brewery San Joaquin,Anthony Hernandez Martinez,2148 Franklin Pl,Stockton,CA,90395,San Joaquin,(209) 882-2746,2008-08-25,2009-08-25
48-422478,48,On-Sale General - Bar/Tavern,ACTIVE,Pub LLC,David Moore,9278 Washington Way,Tracy,CA,92090,San Joaquin,(209) 939-7591,2001-04-28,2002-04-28
48-119299,48,On-Sale General - Bar/Tavern,ACTIVE,OldLounge Lodi Group 70,Matthew Martinez,8194 Market St,Lodi,CA,93648,San Joaquin,(209) 454-2818,2022-01-21,2023-01-21
48-284634,48,On-Sale General - Bar/Tavern,ACTIVE,Nightclub Tracy Heights,Robert Williams,3340 5th Ct,Tracy,CA,95691,San Joaquin,(209) 574-2446,2011-12-25,2012-12-25
48-836645,48,On-Sale General - Bar/Tavern,ACTIVE,TheDive Bar LLC 50,Andrew Hernandez,3082 7th Pl,Lodi,CA,95346,San Joaquin,(209) 501-5355,2003-04-26,2004-04-26
48-257188,48,On-Sale General - Bar/Tavern,ACTIVE,OldPub Stockton 49,Daniel Martin,1396 Madison Way,Stockton,CA,93936,San Joaquin,(209) 407-4917,2013-03-22,2014-03-22
48-149905,48,On-Sale General - Bar/Tavern,ACTIVE,Bar Stockton Co,James Johnson,8200 Main Ave,Stockton,CA,96059,San Joaquin,(209) 823-2393,2001-10-05,2002-10-05
48-647584,48,On-Sale General - Bar/Tavern,ACTIVE,Tap Room Stockton,Daniel Wilson,5405 Oak Ct #670,Stockton,CA,93476,San Joaquin,(209) 560-6217,2019-05-14,2020-05-14
48-606294,48,On-Sale General - Bar/Tavern,ACTIVE,Bar Lodi Heights Inc,Anthony Johnson,9291 Market Ct,Lodi,CA,93160,San Joaquin,(209) 362-8603,2006-02-10,2007-02-10
48-827526,48,On-Sale General - Bar/Tavern,ACTIVE,Dive Bar Company,James Smith,9854 Main Blvd,Tracy,CA,91424,San Joaquin,(209) 489-9010,2020-03-28,2021-03-28
48-400622,48,On-Sale General - Bar/Tavern,ACTIVE,OldBrewery Stockton Hills 99,James Davis,8690 Madison Rd,Stockton,CA,95279,San Joaquin,(209) 826-8075,2001-04-26,2002-04-26
48-386273,48,On-Sale General - Bar/Tavern,ACTIVE,Club,David Davis,8602 5th Blvd #144,Tracy,CA,93335,San Joaquin,(209) 861-2248,2002-12-01,2003-12-01
48-830484,48,On-Sale General - Bar/Tavern,ACTIVE,Lounge,James Wilson,5508 7th Ave,Stockton,CA,90578,San Joaquin,(209) 454-3958,2005-04-05,2006-04-05
48-338705,48,On-Sale General - Bar/Tavern,ACTIVE,OldTavern 55,Maria Williams,7824 7th Ct,Tracy,CA,90852,San Joaquin,(209) 776-5004,2023-11-19,2024-11-19
48-133070,48,On-Sale General - Bar/Tavern,ACTIVE,Bar Group,Lisa Jackson,2130 Broadway Ct,Lodi,CA,90941,San Joaquin,(209) 444-9382,2009-03-16,2010-03-16
48-128460,48,On-Sale General - Bar/Tavern,ACTIVE,Brewery Stockton Co,Anthony Hernandez Hernandez,5296 2nd Ln,Stockton,CA,90988,San Joaquin,(209) 425-2367,2019-05-07,2020-05-07
48-349587,48,On-Sale General - Bar/Tavern,ACTIVE,Tap Room Tracy,Paul Brown,4557 2nd Ave,Tracy,CA,92766,San Joaquin,(209) 983-8678,2021-03-23,2022-03-23
48-747867,48,On-Sale General - Bar/Tavern,ACTIVE,Pub,Christopher Johnson,367 Madison Pl,Tracy,CA,92926,San Joaquin,(209) 916-3065,2015-06-19,2016-06-19
48-316860,48,On-Sale General - Bar/Tavern,ACTIVE,Tap Room Lodi Valley Company,Kenneth Martinez Rodriguez,3235 Front Way #893,Lodi,CA,93232,San Joaquin,(209) 299-8491,2021-08-28,2022-08-28
48-310162,48,On-Sale General - Bar/Tavern,ACTIVE,Tavern San Joaquin,Kenneth Martin,8364 Wilshire Ave,Tracy,CA,92547,San Joaquin,(209) 625-3707,2002-01-05,2003-01-05
48-988135,48,On-Sale General - Bar/Tavern,ACTIVE,Saloon Stockton,David Miller,2430 Oak Pl,Stockton,CA,91129,San Joaquin,(209) 646-8927,2004-04-25,2005-04-25
48-239417,48,On-Sale General - Bar/Tavern,ACTIVE,Nightclub Corp,William Rodriguez,4627 Lincoln Ln,Lodi,CA,94539,San Joaquin,(209) 948-6365,2012-01-21,2013-01-21
48-306480,48,On-Sale General - Bar/Tavern,ACTIVE,Tap Room,Matthew Smith,1683 Madison Rd,Stockton,CA,90755,San Joaquin,(209) 260-8967,2022-02-14,2023-02-14
48-717780,48,On-Sale General - Bar/Tavern,ACTIVE,Club Tracy,Maria Anderson,147 Mission Ct,Tracy,CA,94210,San Joaquin,(209) 798-2074,2011-08-24,2012-08-24
48-851406,48,On-Sale General - Bar/Tavern,ACTIVE,Brewery Company,Kenneth Moore Jones,9188 Lincoln Way #499,Stockton,CA,90222,San Joaquin,(209) 689-3841,2005-08-09,2006-08-09
48-453315,48,On-Sale General - Bar/Tavern,ACTIVE,Dive Bar San Joaquin,Maria Martinez,6402 Lincoln Dr #233,Lodi,CA,92351,San Joaquin,(209) 795-8637,2021-03-24,2022-03-24
48-677863,48,On-Sale General - Bar/Tavern,ACTIVE,Tavern San Joaquin Co,Maria Garcia Gonzalez,5157 1st Dr,Lodi,CA,91205,San Joaquin,(209) 897-1008,2016-09-03,2017-09-03
48-714315,48,On-Sale General - Bar/Tavern,ACTIVE,Pub Stockton LLC,Robert Davis,4164 2nd Dr,Stockton,CA,95532,San Joaquin,(209) 854-1492,2007-07-02,2008-07-02
48-615433,48,On-Sale General - Bar/Tavern,ACTIVE,Saloon Tracy,Daniel Anderson,3455 Wilshire Way #472,Tracy,CA,92265,San Joaquin,(209) 983-4342,2009-04-23,2010-04-23
48-880112,48,On-Sale General - Bar/Tavern,ACTIVE,Brewery Lodi Co,Michael Hernandez,2837 Ocean Ln,Lodi,CA,90150,San Joaquin,(209) 511-4823,2004-04-25,2005-04-25
48-681435,48,On-Sale General - Bar/Tavern,ACTIVE,Lounge,Steven Martinez Wilson,7588 Sunset Blvd,Tracy,CA,93184,San Joaquin,(209) 261-3894,2012-04-12,2013-04-12
48-325310,48,On-Sale General - Bar/Tavern,ACTIVE,Bar Co,Robert Brown,7394 Broadway Ct #511,Stockton,CA,92193,San Joaquin,(209) 604-8458,2018-07-22,2019-07-22
48-892028,48,On-Sale General - Bar/Tavern,ACTIVE,Nightclub Lodi,Maria Anderson,1996 State Pl,Lodi,CA,94102,San Joaquin,(209) 632-1467,2011-03-28,2012-03-28
48-616761,48,On-Sale General - Bar/Tavern,ACTIVE,Tavern Tracy Heights,Paul Garcia,4729 2nd Ave,Tracy,CA,91411,San Joaquin,(209) 879-7083,2007-09-22,2008-09-22
48-658267,48,On-Sale General - Bar/Tavern,ACTIVE,Dive Bar Stockton Valley,Maria Anderson,5817 Lincoln Ct,Stockton,CA,92626,San Joaquin,(209) 770-5600,2023-11-22,2024-11-22
48-516830,48,On-Sale General - Bar/Tavern,ACTIVE,Saloon LLC,Paul Garcia,2311 Jefferson Ct,Tracy,CA,92786,San Joaquin,(209) 702-2916,2023-12-26,2024-12-26
48-970699,48,On-Sale General - Bar/Tavern,ACTIVE,Tavern Stockton Valley,Michelle Jones,910 Oak Way,Stockton,CA,92169,San Joaquin,(209) 329-3415,2014-04-24,2015-04-24
48-602159,48,On-Sale General - Bar/Tavern,ACTIVE,Tap Room San Joaquin LLC,Matthew Jones,2777 Main St,Stockton,CA,92037,San Joaquin,(209) 547-1311,2019-01-20,2020-01-20
48-324747,48,On-Sale General - Bar/Tavern,ACTIVE,TheTap Room Stockton 24,Michael Brown,1849 Oak Ct #717,Stockton,CA,91777,San Joaquin,(209) 724-8202,2009-05-18,2010-05-18
48-221452,48,On-Sale General - Bar/Tavern,ACTIVE,Pub,Jennifer Moore,5679 Sunset Rd,Stockton,CA,94757,San Joaquin,(209) 691-8412,2008-07-18,2009-07-18
48-905755,48,On-Sale General - Bar/Tavern,ACTIVE,Saloon Corp,Michael Smith,9239 Madison Ave #631,Stockton,CA,92046,San Joaquin,(209) 569-1020,2009-12-03,2010-12-03
48-548103,48,On-Sale General - Bar/Tavern,ACTIVE,Tavern Corp,William Moore,9581 Wilshire Rd #260,Stockton,CA,94742,San Joaquin,(209) 798-9711,2003-03-02,2004-03-02
48-619706,48,On-Sale General - Bar/Tavern,ACTIVE,Club Corp 54,Daniel Jackson,1561 7th Dr #810,Lodi,CA,91587,San Joaquin,(209) 338-5288,2004-09-24,2005-09-24
48-597602,48,On-Sale General - Bar/Tavern,ACTIVE,Pub San Joaquin Company,William Hernandez,473 Washington Ave,Tracy,CA,91144,San Joaquin,(209) 273-9648,2003-10-25,2004-10-25
48-888521,48,On-Sale General - Bar/Tavern,ACTIVE,OldPub Stockton Heights 61,Robert Jones,5464 3rd Dr,Stockton,CA,91356,San Joaquin,(209) 244-2233,2005-08-09,2006-08-09
48-998933,48,On-Sale General - Bar/Tavern,ACTIVE,Saloon San Joaquin Group,Maria Taylor Jones,9531 Main Blvd,Stockton,CA,95843,San Joaquin,(209) 279-4233,2008-03-14,2009-03-14
48-937147,48,On-Sale General - Bar/Tavern,ACTIVE,Bar Tracy Heights Co,Lisa Martinez,5803 Washington Rd,Tracy,CA,91559,San Joaquin,(209) 529-3755,2022-07-25,2023-07-25
48-805223,48,On-Sale General - Bar/Tavern,ACTIVE,Pub,Christopher Rodriguez,7179 Wilshire St,Tracy,CA,90179,San Joaquin,(209) 952-3702,2017-06-22,2018-06-22
48-773192,48,On-Sale General - Bar/Tavern,ACTIVE,Pub,Steven Wilson Davis,7998 4th Ln,Tracy,CA,91351,San Joaquin,(209) 265-2651,2003-04-10,2004-04-10
48-505093,48,On-Sale General - Bar/Tavern,ACTIVE,Club San Joaquin LLC,Paul Thomas,4756 Front Pl #639,Lodi,CA,94107,San Joaquin,(209) 767-4297,2005-04-03,2006-04-03
48-314267,48,On-Sale General - Bar/Tavern,ACTIVE,Pub Company,Steven Rodriguez,7775 6th Dr #474,Lodi,CA,94900,San Joaquin,(209) 832-5654,2009-02-25,2010-02-25
48-268110,48,On-Sale General - Bar/Tavern,ACTIVE,OldBrewery Lodi Valley 99,Maria Jackson,2949 4th Ct,Lodi,CA,95079,San Joaquin,(209) 729-6768,2017-06-04,2018-06-04
48-629637,48,On-Sale General - Bar/Tavern,ACTIVE,Saloon,Paul Moore,8405 Mission Pl,Lodi,CA,94316,San Joaquin,(209) 863-4197,2005-09-18,2006-09-18
48-213948,48,On-Sale General - Bar/Tavern,ACTIVE,Lounge LLC,Mark Williams,8012 Hollywood Dr #810,Tracy,CA,94357,San Joaquin,(209) 303-3454,2019-10-11,2020-10-11
48-243430,48,On-Sale General - Bar/Tavern,ACTIVE,OldTap Room San Joaquin Corp 12,Michael Taylor,1357 Franklin Ln #144,Stockton,CA,90057,San Joaquin,(209) 788-4409,2011-01-11,2012-01-11
48-633463,48,On-Sale General - Bar/Tavern,ACTIVE,TheNightclub Stockton LLC 29,Lisa Williams,1982 Broadway Ln,Stockton,CA,93597,San Joaquin,(209) 262-9373,2002-09-13,2003-09-13
48-762544,48,On-Sale General - Bar/Tavern,ACTIVE,Club Co,Maria Brown,8294 Oak Way,Tracy,CA,90812,San Joaquin,(209) 552-2699,2004-04-05,2005-04-05
48-943686,48,On-Sale General - Bar/Tavern,ACTIVE,Nightclub Stockton,Lisa Taylor,9235 3rd Pl,Stockton,CA,94544,San Joaquin,(209) 510-4451,2007-05-16,2008-05-16
48-255382,48,On-Sale General - Bar/Tavern,ACTIVE,Tavern Tracy Group,Jennifer Davis,6650 Hollywood Rd,Tracy,CA,95306,San Joaquin,(209) 899-2091,2009-03-17,2010-03-17
48-673004,48,On-Sale General - Bar/Tavern,ACTIVE,Saloon Lodi,Paul Taylor Smith,1987 Hollywood Rd #615,Lodi,CA,91709,San Joaquin,(209) 591-5052,2001-01-20,2002-01-20
48-289948,48,On-Sale General - Bar/Tavern,ACTIVE,Lounge Stockton,Michael Rodriguez,4199 Jefferson Way,Stockton,CA,92418,San Joaquin,(209) 795-9090,2002-04-13,2003-04-13
48-886542,48,On-Sale General - Bar/Tavern,ACTIVE,Brewery Lodi,John Rodriguez,8046 Market Blvd,Lodi,CA,94407,San Joaquin,(209) 249-2837,2005-02-28,2006-02-28
48-300482,48,On-Sale General - Bar/Tavern,ACTIVE,Club LLC,Michelle Martin,3645 Sunset Rd #728,Tracy,CA,92267,San Joaquin,(209) 448-3269,2014-06-26,2015-06-26
48-487839,48,On-Sale General - Bar/Tavern,ACTIVE,TheTavern Group 57,Steven Gonzalez,2911 State Ln,Tracy,CA,95097,San Joaquin,(209) 838-3404,2010-07-17,2011-07-17
48-148617,48,On-Sale General - Bar/Tavern,ACTIVE,Club Tracy,Christopher Rodriguez,7914 7th Ln #360,Tracy,CA,93167,San Joaquin,(209) 717-2992,2008-04-14,2009-04-14
48-452993,48,On-Sale General - Bar/Tavern,ACTIVE,Saloon Co,Michael Rodriguez,6359 Pico Ln #449,Lodi,CA,92422,San Joaquin,(209) 578-9492,2015-12-22,2016-12-22
48-350679,48,On-Sale General - Bar/Tavern,ACTIVE,Tap Room Stockton,Paul Johnson,6792 7th St,Stockton,CA,90442,San Joaquin,(209) 274-3598,2014-02-04,2015-02-04
48-407991,48,On-Sale General - Bar/Tavern,ACTIVE,Tap Room San Joaquin Co,Matthew Williams Martinez,2275 Washington Pl,Lodi,CA,95445,San Joaquin,(209) 809-5945,2022-09-22,2023-09-22
48-712750,48,On-Sale General - Bar/Tavern,ACTIVE,Tavern Corp,Daniel Jones,8219 State St #311,Tracy,CA,95706,San Joaquin,(209) 717-4994,2022-11-16,2023-11-16
48-386513,48,On-Sale General - Bar/Tavern,ACTIVE,OldDive Bar Group 52,Daniel Rodriguez,1695 4th Blvd,Stockton,CA,90330,San Joaquin,(209) 516-5751,2024-04-06,2025-04-06
48-253375,48,On-Sale General - Bar/Tavern,ACTIVE,Lounge,Maria Rodriguez,5939 Wilshire Way,Stockton,CA,92048,San Joaquin,(209) 231-5912,2012-07-04,2013-07-04
48-828507,48,On-Sale General - Bar/Tavern,ACTIVE,Dive Bar 73,Maria Thomas Thomas,3480 Madison Blvd,Stockton,CA,94899,San Joaquin,(209) 408-6957,2012-09-13,2013-09-13
48-839383,48,On-Sale General - Bar/Tavern,ACTIVE,TheClub Stockton Inc 69,Matthew Jones,107 3rd Way #419,Stockton,CA,93977,San Joaquin,(209) 946-6242,2015-01-25,2016-01-25
48-729040,48,On-Sale General - Bar/Tavern,ACTIVE,Tavern Tracy Corp,Paul Thomas Williams,7903 3rd Rd,Tracy,CA,95026,San Joaquin,(209) 984-1655,2023-05-26,2024-05-26
48-451274,48,On-Sale General - Bar/Tavern,ACTIVE,Saloon Lodi Hills LLC,Matthew Williams,5262 7th Pl,Lodi,CA,91084,San Joaquin,(209) 235-1009,2012-07-02,2013-07-02
48-838581,48,On-Sale General - Bar/Tavern,ACTIVE,Brewery San Joaquin,Andrew Martin,5082 4th Ave,Lodi,CA,95245,San Joaquin,(209) 846-8522,2012-03-20,2013-03-20
48-910158,48,On-Sale General - Bar/Tavern,ACTIVE,Lounge,Paul Jones,1181 Maple St,Stockton,CA,95040,San Joaquin,(209) 933-9880,2019-06-25,2020-06-25
48-365461,48,On-Sale General - Bar/Tavern,ACTIVE,Lounge San Joaquin Corp,Anthony Anderson,9055 Maple Pl,Stockton,CA,93776,San Joaquin,(209) 691-1628,2021-12-08,2022-12-08
20-885523,20,Off-Sale Beer & Wine,ACTIVE,Liquor Store Stockton,Daniel Jackson,4119 7th St,Stockton,CA,96007,San Joaquin,(209) 581-5837,2005-08-12,2006-08-12
20-855615,20,Off-Sale Beer & Wine,ACTIVE,Bottle Shop,Kenneth Smith,3058 Oak Way #964,Stockton,CA,94006,San Joaquin,(209) 668-8094,2011-02-27,2012-02-27
20-291790,20,Off-Sale Beer & Wine,ACTIVE,Bottle Shop Tracy Hills,Jennifer Moore Jones,652 Hollywood Ct #221,Tracy,CA,95676,San Joaquin,(209) 698-5479,2023-01-10,2024-01-10
20-541963,20,Off-Sale Beer & Wine,ACTIVE,NewGrocery 81,David Lopez,180 Sunset Ln #346,Tracy,CA,92093,San Joaquin,(209) 455-7461,2003-06-24,2004-06-24
20-452614,20,Off-Sale Beer & Wine,ACTIVE,TheConvenience Store Inc 12,Lisa Lopez,8102 Maple St #192,Stockton,CA,94768,San Joaquin,(209) 419-4689,2001-04-09,2002-04-09
20-292451,20,Off-Sale Beer & Wine,ACTIVE,Market Company,David Taylor,424 6th Ave,Lodi,CA,95596,San Joaquin,(209) 230-9930,2014-11-14,2015-11-14
20-281884,20,Off-Sale Beer & Wine,ACTIVE,Convenience Store Lodi,Kenneth Johnson,8896 4th Ln,Lodi,CA,93745,San Joaquin,(209) 725-2015,2005-08-25,2006-08-25
20-235648,20,Off-Sale Beer & Wine,ACTIVE,Liquor Store Co,Maria Moore,5426 Market Ave,Lodi,CA,95685,San Joaquin,(209) 265-1643,2010-12-14,2011-12-14
20-734160,20,Off-Sale Beer & Wine,ACTIVE,Mini Mart 82,Paul Johnson Brown,9883 4th Rd,Tracy,CA,94018,San Joaquin,(209) 309-5194,2018-09-19,2019-09-19
20-982142,20,Off-Sale Beer & Wine,ACTIVE,Liquor Store Corp,Andrew Taylor Williams,8238 Jefferson Rd,Lodi,CA,92869,San Joaquin,(209) 312-1502,2008-08-10,2009-08-10
20-208605,20,Off-Sale Beer & Wine,ACTIVE,NewCorner Store San Joaquin LLC 72,Robert Hernandez Thomas,5350 Oak Ct,Lodi,CA,94651,San Joaquin,(209) 587-9587,2020-02-27,2021-02-27
20-466567,20,Off-Sale Beer & Wine,ACTIVE,Market,Christopher Martin Hernandez,7515 Front Blvd,Lodi,CA,90907,San Joaquin,(209) 754-6402,2008-07-28,2009-07-28
20-611467,20,Off-Sale Beer & Wine,ACTIVE,TheCorner Store LLC 67,Mark Martin Anderson,1097 Front Blvd #685,Stockton,CA,95108,San Joaquin,(209) 626-6498,2001-02-14,2002-02-14
20-727080,20,Off-Sale Beer & Wine,ACTIVE,TheBottle Shop 40,Andrew Jones,5307 State Blvd,Lodi,CA,92817,San Joaquin,(209) 237-6074,2016-12-21,2017-12-21
20-385830,20,Off-Sale Beer & Wine,ACTIVE,Corner Store,Michael Anderson Thomas,7694 Oak Ln,Tracy,CA,91329,San Joaquin,(209) 888-2012,2009-09-17,2010-09-17
20-468011,20,Off-Sale Beer & Wine,ACTIVE,Corner Store Stockton,Daniel Taylor,2593 Oak Ct,Stockton,CA,94672,San Joaquin,(209) 655-7672,2017-10-08,2018-10-08
20-708616,20,Off-Sale Beer & Wine,ACTIVE,Bottle Shop Lodi,William Hernandez,298 6th St #606,Lodi,CA,94180,San Joaquin,(209) 593-3083,2016-05-19,2017-05-19
20-952986,20,Off-Sale Beer & Wine,ACTIVE,Corner Store Inc,John Moore Jones,2158 Jefferson Pl,Lodi,CA,90189,San Joaquin,(209) 951-1736,2011-12-09,2012-12-09
20-775306,20,Off-Sale Beer & Wine,ACTIVE,Convenience Store Stockton Heights LLC,John Anderson,1466 Sunset Blvd #266,Stockton,CA,91502,San Joaquin,(209) 610-4042,2015-12-17,2016-12-17
20-256705,20,Off-Sale Beer & Wine,ACTIVE,NewMarket Corp 58,James Gonzalez,6421 5th Rd,Tracy,CA,91368,San Joaquin,(209) 845-7931,2012-03-11,2013-03-11
20-459335,20,Off-Sale Beer & Wine,ACTIVE,Bottle Shop San Joaquin,Anthony Garcia,9936 Jefferson Blvd,Lodi,CA,92455,San Joaquin,(209) 233-2407,2006-10-12,2007-10-12
20-835813,20,Off-Sale Beer & Wine,ACTIVE,Wine Shop Lodi Valley,William Thomas,7661 Jefferson Way,Lodi,CA,90803,San Joaquin,(209) 260-1507,2004-02-06,2005-02-06
20-435578,20,Off-Sale Beer & Wine,ACTIVE,Wine Shop,Maria Wilson,2999 Market Ave,Tracy,CA,92720,San Joaquin,(209) 577-1486,2015-12-16,2016-12-16
20-158175,20,Off-Sale Beer & Wine,ACTIVE,Mini Mart Stockton Valley,Robert Martinez,8267 Main Pl #577,Stockton,CA,94669,San Joaquin,(209) 921-3022,2005-04-08,2006-04-08
20-165368,20,Off-Sale Beer & Wine,ACTIVE,Mini Mart San Joaquin Company,Anthony Wilson Hernandez,841 Sunset Ln,Stockton,CA,95674,San Joaquin,(209) 605-5509,2002-02-08,2003-02-08
20-146218,20,Off-Sale Beer & Wine,ACTIVE,TheCorner Store Group 71,Jennifer Martin,2492 Franklin Ct #891,Stockton,CA,95276,San Joaquin,(209) 462-8407,2011-05-12,2012-05-12
20-960918,20,Off-Sale Beer & Wine,ACTIVE,Grocery Stockton Hills Company,Daniel Jones,1067 3rd Ct #845,Stockton,CA,95294,San Joaquin,(209) 608-7702,2011-01-09,2012-01-09
20-992663,20,Off-Sale Beer & Wine,ACTIVE,OldWine Shop 18,Maria Williams Hernandez,912 Broadway Blvd,Lodi,CA,94536,San Joaquin,(209) 903-2060,2007-06-06,2008-06-06
20-574954,20,Off-Sale Beer & Wine,ACTIVE,Liquor Store San Joaquin LLC,Maria Martin,9476 Front Ct,Stockton,CA,94637,San Joaquin,(209) 651-3937,2012-02-08,2013-02-08
20-447801,20,Off-Sale Beer & Wine,ACTIVE,Wine Shop Stockton Valley LLC,Steven Jackson Rodriguez,4423 Jefferson Dr,Stockton,CA,90091,San Joaquin,(209) 241-7575,2020-11-15,2021-11-15
20-111209,20,Off-Sale Beer & Wine,ACTIVE,Convenience Store San Joaquin Inc,Michael Thomas,1512 3rd Ct,Tracy,CA,91901,San Joaquin,(209) 457-5341,2007-08-10,2008-08-10
20-597539,20,Off-Sale Beer & Wine,ACTIVE,Mini Mart Lodi Valley Company,David Davis,4600 Maple Ln,Lodi,CA,90230,San Joaquin,(209) 363-2793,2010-09-22,2011-09-22
20-186274,20,Off-Sale Beer & Wine,ACTIVE,Bottle Shop San Joaquin Company,Lisa Moore,6111 6th Way,Stockton,CA,94474,San Joaquin,(209) 697-9567,2002-02-04,2003-02-04
20-448724,20,Off-Sale Beer & Wine,ACTIVE,Convenience Store Corp,David Anderson,2834 Oak Ct,Stockton,CA,90421,San Joaquin,(209) 825-8443,2011-09-09,2012-09-09
20-654839,20,Off-Sale Beer & Wine,ACTIVE,Market Stockton Heights,Anthony Jackson,4108 5th Way #223,Stockton,CA,91792,San Joaquin,(209) 601-9420,2013-03-02,2014-03-02
20-160772,20,Off-Sale Beer & Wine,ACTIVE,Corner Store San Joaquin,Andrew Brown,923 Hollywood Pl #730,Stockton,CA,93519,San Joaquin,(209) 449-9959,2015-11-03,2016-11-03
20-107457,20,Off-Sale Beer & Wine,ACTIVE,NewConvenience Store 93,Daniel Lopez,7038 Oak Ct,Lodi,CA,93318,San Joaquin,(209) 793-4647,2008-07-17,2009-07-17
20-252877,20,Off-Sale Beer & Wine,ACTIVE,Mini Mart Stockton LLC,Daniel Lopez,8821 Lincoln St,Stockton,CA,95819,San Joaquin,(209) 396-4014,2019-11-27,2020-11-27
20-741859,20,Off-Sale Beer & Wine,ACTIVE,Grocery Stockton,Christopher Anderson,8594 4th Blvd,Stockton,CA,91951,San Joaquin,(209) 699-7853,2000-09-16,2001-09-16
20-944448,20,Off-Sale Beer & Wine,ACTIVE,Wine Shop Lodi,Daniel Wilson,4462 Hollywood Blvd,Lodi,CA,90849,San Joaquin,(209) 642-9037,2005-08-05,2006-08-05
20-676477,20,Off-Sale Beer & Wine,ACTIVE,Mini Mart Co,Mark Anderson,8889 Market Ln,Tracy,CA,92243,San Joaquin,(209) 337-3113,2022-08-21,2023-08-21
20-740939,20,Off-Sale Beer & Wine,ACTIVE,Mini Mart,William Jones,7009 Front Way,Stockton,CA,90879,San Joaquin,(209) 633-6218,2000-04-22,2001-04-22
20-346129,20,Off-Sale Beer & Wine,ACTIVE,Grocery,Maria Davis Lopez,9205 Washington Ave,Lodi,CA,95623,San Joaquin,(209) 202-5403,2014-07-20,2015-07-20
20-457229,20,Off-Sale Beer & Wine,ACTIVE,OldMini Mart Co 85,Mark Gonzalez Brown,8431 Washington Ln,Lodi,CA,95671,San Joaquin,(209) 643-7305,2006-11-03,2007-11-03
20-874378,20,Off-Sale Beer & Wine,ACTIVE,Wine Shop,Christopher Jackson,8387 Broadway Dr #704,Lodi,CA,90001,San Joaquin,(209) 225-6821,2000-07-12,2001-07-12
20-380046,20,Off-Sale Beer & Wine,ACTIVE,Convenience Store Tracy Hills LLC,Anthony Anderson,6317 Market Rd,Tracy,CA,94173,San Joaquin,(209) 540-2453,2024-11-04,2025-11-04
20-724339,20,Off-Sale Beer & Wine,ACTIVE,Market Tracy Valley Company,Andrew Garcia Davis,8751 3rd Pl,Tracy,CA,93707,San Joaquin,(209) 697-7108,2017-11-27,2018-11-27
20-392981,20,Off-Sale Beer & Wine,ACTIVE,Convenience Store Lodi Hills,Daniel Smith,8789 Washington Blvd,Lodi,CA,91127,San Joaquin,(209) 621-5446,2012-10-25,2013-10-25
20-683457,20,Off-Sale Beer & Wine,ACTIVE,Bottle Shop Stockton Inc,Paul Thomas,7384 5th Way #404,Stockton,CA,93932,San Joaquin,(209) 515-5186,2013-03-13,2014-03-13
20-605423,20,Off-Sale Beer & Wine,ACTIVE,Market 48,Robert Martin,3934 5th Way,Lodi,CA,96124,San Joaquin,(209) 387-6194,2020-10-19,2021-10-19
20-160372,20,Off-Sale Beer & Wine,ACTIVE,Convenience Store Stockton Valley,William Garcia,6448 Mission St #795,Stockton,CA,95177,San Joaquin,(209) 731-6359,2012-11-06,2013-11-06
20-416942,20,Off-Sale Beer & Wine,ACTIVE,Market Stockton Heights,Daniel Brown Brown,9799 Broadway Ct,Stockton,CA,96141,San Joaquin,(209) 923-9657,2002-11-14,2003-11-14
20-909016,20,Off-Sale Beer & Wine,ACTIVE,Market,Jennifer Rodriguez Davis,341 Market Ln,Tracy,CA,91593,San Joaquin,(209) 500-4559,2021-01-07,2022-01-07
20-319749,20,Off-Sale Beer & Wine,ACTIVE,Corner Store Tracy LLC,Maria Hernandez,4709 Maple Dr,Tracy,CA,93734,San Joaquin,(209) 359-3024,2017-07-14,2018-07-14
20-419777,20,Off-Sale Beer & Wine,ACTIVE,Liquor Store Co,Maria Martin,9430 Hollywood Pl #175,Lodi,CA,91232,San Joaquin,(209) 508-1104,2007-05-11,2008-05-11
20-288608,20,Off-Sale Beer & Wine,ACTIVE,NewConvenience Store Group 20,James Williams,4335 Hollywood Ct,Lodi,CA,90457,San Joaquin,(209) 356-2987,2015-09-24,2016-09-24
20-197263,20,Off-Sale Beer & Wine,ACTIVE,Wine Shop Stockton,Robert Gonzalez Miller,5322 Ocean Dr,Stockton,CA,94850,San Joaquin,(209) 955-2719,2011-11-12,2012-11-12
20-960587,20,Off-Sale Beer & Wine,ACTIVE,OldMarket Lodi 48,Kenneth Brown Taylor,2933 Sunset Ave,Lodi,CA,95741,San Joaquin,(209) 728-4194,2014-05-15,2015-05-15
20-683073,20,Off-Sale Beer & Wine,ACTIVE,TheCorner Store Tracy 26,Michelle Moore,9343 State Rd,Tracy,CA,95264,San Joaquin,(209) 356-3043,2002-06-05,2003-06-05
20-819099,20,Off-Sale Beer & Wine,ACTIVE,Mini Mart Corp,Lisa Rodriguez Hernandez,1791 Oak Rd #786,Lodi,CA,90898,San Joaquin,(209) 844-7220,2018-07-19,2019-07-19
20-687758,20,Off-Sale Beer & Wine,ACTIVE,Market Stockton Company,Mark Lopez,8717 Mission Blvd,Stockton,CA,92816,San Joaquin,(209) 966-7195,2021-03-04,2022-03-04
20-254204,20,Off-Sale Beer & Wine,ACTIVE,Bottle Shop Lodi Hills,Daniel Johnson Brown,8518 Broadway Way,Lodi,CA,93514,San Joaquin,(209) 846-1565,2012-06-01,2013-06-01
20-308430,20,Off-Sale Beer & Wine,ACTIVE,Mini Mart Corp,Kenneth Anderson Gonzalez,3360 7th Rd,Lodi,CA,93746,San Joaquin,(209) 324-2429,2007-08-03,2008-08-03
20-128071,20,Off-Sale Beer & Wine,ACTIVE,TheLiquor Store Inc 88,Kenneth Wilson Wilson,7717 Mission Ave #783,Lodi,CA,91165,San Joaquin,(209) 706-8662,2000-04-13,2001-04-13
20-780343,20,Off-Sale Beer & Wine,ACTIVE,Mini Mart Co,Maria Martinez,2041 Oak Ct #812,Tracy,CA,90537,San Joaquin,(209) 803-1484,2020-01-03,2021-01-03
20-935920,20,Off-Sale Beer & Wine,ACTIVE,Bottle Shop Company,Paul Anderson,113 4th Pl,Stockton,CA,96197,San Joaquin,(209) 740-5045,2008-11-11,2009-11-11
20-703296,20,Off-Sale Beer & Wine,ACTIVE,Wine Shop Corp,William Williams,2644 Pico Pl,Lodi,CA,92904,San Joaquin,(209) 325-6774,2007-08-02,2008-08-02
20-551454,20,Off-Sale Beer & Wine,ACTIVE,Liquor Store Group,Kenneth Jones,2711 Sunset Rd #900,Tracy,CA,95410,San Joaquin,(209) 979-8577,2024-04-10,2025-04-10
20-649221,20,Off-Sale Beer & Wine,ACTIVE,Bottle Shop,Jennifer Anderson,4911 Oak Pl,Tracy,CA,91729,San Joaquin,(209) 565-7363,2018-05-18,2019-05-18
20-514266,20,Off-Sale Beer & Wine,ACTIVE,Convenience Store San Joaquin,Anthony Miller,6346 Hollywood Ct,Lodi,CA,93523,San Joaquin,(209) 863-8985,2013-01-07,2014-01-07
20-296869,20,Off-Sale Beer & Wine,ACTIVE,Convenience Store,William Miller,4958 State Ln #435,Tracy,CA,94761,San Joaquin,(209) 362-8420,2017-08-01,2018-08-01
20-884242,20,Off-Sale Beer & Wine,ACTIVE,Grocery Corp,David Anderson,4415 Madison Dr,Tracy,CA,92735,San Joaquin,(209) 924-2257,2012-02-12,2013-02-12
20-287227,20,Off-Sale Beer & Wine,ACTIVE,TheGrocery LLC 38,Michael Jackson,7894 1st St,Tracy,CA,93557,San Joaquin,(209) 366-9097,2019-02-24,2020-02-24
20-615118,20,Off-Sale Beer & Wine,ACTIVE,Market San Joaquin Group,Daniel Johnson,985 Hollywood Ln #710,Tracy,CA,90428,San Joaquin,(209) 636-9078,2005-03-24,2006-03-24
20-935834,20,Off-Sale Beer & Wine,ACTIVE,Bottle Shop Tracy Corp 97,Steven Davis,4914 Madison St,Tracy,CA,94883,San Joaquin,(209) 359-2220,2004-08-06,2005-08-06
20-630646,20,Off-Sale Beer & Wine,ACTIVE,Mini Mart Company,Christopher Williams Wilson,8110 6th Blvd,Lodi,CA,95501,San Joaquin,(209) 983-8612,2018-09-13,2019-09-13
20-845953,20,Off-Sale Beer & Wine,ACTIVE,Mini Mart Co,Paul Wilson,7730 Hollywood Pl,Stockton,CA,90779,San Joaquin,(209) 718-7517,2009-06-19,2010-06-19
20-998946,20,Off-Sale Beer & Wine,ACTIVE,Corner Store Lodi Valley,David Taylor,1179 Wilshire Way,Lodi,CA,92593,San Joaquin,(209) 388-3992,2013-05-14,2014-05-14
20-389530,20,Off-Sale Beer & Wine,ACTIVE,Bottle Shop,David Taylor,7769 4th Rd,Stockton,CA,94483,San Joaquin,(209) 620-5041,2003-01-12,2004-01-12
20-271851,20,Off-Sale Beer & Wine,ACTIVE,Convenience Store Lodi LLC,John Smith,2273 Broadway Ct,Lodi,CA,91089,San Joaquin,(209) 865-7169,2001-07-01,2002-07-01
20-667983,20,Off-Sale Beer & Wine,ACTIVE,Corner Store Lodi 5,William Thomas,491 Mission Ct,Lodi,CA,93056,San Joaquin,(209) 339-4738,2021-11-19,2022-11-19
20-188875,20,Off-Sale Beer & Wine,ACTIVE,Convenience Store Tracy,Andrew Thomas Taylor,7328 Market Ct,Tracy,CA,91002,San Joaquin,(209) 904-3292,2007-05-22,2008-05-22
20-128485,20,Off-Sale Beer & Wine,ACTIVE,Bottle Shop 95,David Garcia,5089 State Way,Stockton,CA,90026,San Joaquin,(209) 548-9364,2015-10-20,2016-10-20
21-481357,21,Off-Sale General,ACTIVE,OldPackage Store San Joaquin 65,Paul Brown,8969 Madison Pl,Lodi,CA,92314,San Joaquin,(209) 906-8339,2021-12-06,2022-12-06
21-884045,21,Off-Sale General,ACTIVE,Wine & Spirits San Joaquin,Mark Garcia,6022 Oak Way,Lodi,CA,93583,San Joaquin,(209) 818-3982,2005-09-21,2006-09-21
21-560239,21,Off-Sale General,ACTIVE,OldLiquor Store Stockton Heights LLC 46,Maria Brown,6958 Sunset Blvd,Stockton,CA,91856,San Joaquin,(209) 926-1864,2015-02-21,2016-02-21
21-580109,21,Off-Sale General,ACTIVE,Spirits Stockton,Jennifer Martinez Gonzalez,2584 Pico Ave #298,Stockton,CA,94520,San Joaquin,(209) 606-9881,2020-12-17,2021-12-17
21-743945,21,Off-Sale General,ACTIVE,Beverage Store San Joaquin Group 50,Daniel Martin,1409 Hollywood Blvd #718,Stockton,CA,93488,San Joaquin,(209) 833-7015,2006-01-12,2007-01-12
21-877014,21,Off-Sale General,ACTIVE,Wine & Spirits Stockton,Michelle Jackson,4867 7th Ave #494,Stockton,CA,94684,San Joaquin,(209) 773-8586,2015-02-28,2016-02-28
21-958203,21,Off-Sale General,ACTIVE,Beverage Store Lodi Heights,Lisa Johnson Rodriguez,5085 3rd Ct #716,Lodi,CA,95299,San Joaquin,(209) 521-6315,2005-04-02,2006-04-02
21-159449,21,Off-Sale General,ACTIVE,Package Store San Joaquin Inc,James Thomas Lopez,3769 Broadway Ave #257,Tracy,CA,91600,San Joaquin,(209) 200-2490,2011-08-09,2012-08-09
21-603301,21,Off-Sale General,ACTIVE,Fine Wines,Matthew Taylor,8888 Broadway Rd #313,Tracy,CA,95021,San Joaquin,(209) 232-9811,2018-04-23,2019-04-23
21-670425,21,Off-Sale General,ACTIVE,NewLiquor Store 88,Mark Thomas,4298 Front Ave,Lodi,CA,90963,San Joaquin,(209) 657-5887,2012-04-15,2013-04-15
21-303528,21,Off-Sale General,ACTIVE,Package Store Tracy Group 80,William Smith,1863 Pico Rd,Tracy,CA,90000,San Joaquin,(209) 716-4746,2006-03-20,2007-03-20
21-491184,21,Off-Sale General,ACTIVE,Fine Wines LLC,Robert Jackson,3533 1st Pl,Tracy,CA,90817,San Joaquin,(209) 488-5120,2024-12-16,2025-12-16
21-618278,21,Off-Sale General,ACTIVE,Fine Wines Tracy,Steven Miller,7014 Broadway Way,Tracy,CA,93356,San Joaquin,(209) 527-1173,2010-07-24,2011-07-24
21-832591,21,Off-Sale General,ACTIVE,Wine & Spirits Tracy Hills,Matthew Hernandez,6381 2nd Ct,Tracy,CA,92680,San Joaquin,(209) 601-6947,2012-08-22,2013-08-22
21-534239,21,Off-Sale General,ACTIVE,Fine Wines Stockton Valley Group,Jennifer Thomas,8817 5th Ave,Stockton,CA,95776,San Joaquin,(209) 718-5291,2016-07-11,2017-07-11
21-836090,21,Off-Sale General,ACTIVE,Fine Wines Tracy Co,Paul Rodriguez Anderson,2790 Jefferson Rd #302,Tracy,CA,92716,San Joaquin,(209) 869-4731,2011-05-16,2012-05-16
21-199963,21,Off-Sale General,ACTIVE,Beverage Store Tracy Hills,Anthony Davis,5628 5th Blvd,Tracy,CA,92106,San Joaquin,(209) 249-1126,2010-03-19,2011-03-19
21-148488,21,Off-Sale General,ACTIVE,Fine Wines,Andrew Jackson Anderson,5641 Lincoln Way,Tracy,CA,95358,San Joaquin,(209) 346-3183,2021-04-19,2022-04-19
21-911415,21,Off-Sale General,ACTIVE,Package Store,Maria Jones,503 Oak Rd #574,Stockton,CA,90285,San Joaquin,(209) 609-5734,2005-09-20,2006-09-20
21-270357,21,Off-Sale General,ACTIVE,Wine & Spirits,Maria Johnson Martin,4689 Washington Rd #179,Lodi,CA,94084,San Joaquin,(209) 563-5835,2005-11-21,2006-11-21
21-679586,21,Off-Sale General,ACTIVE,OldPackage Store San Joaquin LLC 3,Christopher Wilson,2585 Jefferson Dr,Tracy,CA,91329,San Joaquin,(209) 795-7131,2002-06-06,2003-06-06
21-169086,21,Off-Sale General,ACTIVE,Discount Liquor 40,Robert Thomas,185 Franklin Ave,Lodi,CA,91451,San Joaquin,(209) 556-2920,2014-03-13,2015-03-13
21-801908,21,Off-Sale General,ACTIVE,Beverage Store Lodi,Lisa Gonzalez,4865 Ocean St,Lodi,CA,91452,San Joaquin,(209) 655-5800,2010-01-22,2011-01-22
21-841015,21,Off-Sale General,ACTIVE,Package Store Stockton Inc,Christopher Gonzalez,121 Sunset Ln #835,Stockton,CA,95164,San Joaquin,(209) 630-3084,2014-02-09,2015-02-09
21-344461,21,Off-Sale General,ACTIVE,Spirits LLC,Steven Hernandez Taylor,2475 Lincoln Way #982,Stockton,CA,90932,San Joaquin,(209) 936-3113,2008-01-13,2009-01-13
21-338712,21,Off-Sale General,ACTIVE,Spirits Co,Maria Anderson,5637 Jefferson Blvd #779,Lodi,CA,93818,San Joaquin,(209) 849-7615,2005-08-27,2006-08-27
21-152311,21,Off-Sale General,ACTIVE,NewDiscount Liquor San Joaquin 83,Matthew Rodriguez Hernandez,3653 Franklin Ct,Lodi,CA,94132,San Joaquin,(209) 694-8240,2011-05-11,2012-05-11
21-450887,21,Off-Sale General,ACTIVE,Discount Liquor Tracy Corp,Daniel Brown,971 Pico Dr,Tracy,CA,90693,San Joaquin,(209) 381-8576,2020-02-25,2021-02-25
21-916932,21,Off-Sale General,ACTIVE,Wine & Spirits Tracy Valley Inc,Andrew Davis,4149 Main Ave,Tracy,CA,94872,San Joaquin,(209) 274-8251,2007-04-27,2008-04-27
21-848891,21,Off-Sale General,ACTIVE,Discount Liquor San Joaquin Company,Christopher Moore,9954 1st Dr,Lodi,CA,90930,San Joaquin,(209) 237-2031,2020-03-01,2021-03-01
21-611834,21,Off-Sale General,ACTIVE,Fine Wines LLC,William Lopez,6875 Washington Rd,Stockton,CA,90761,San Joaquin,(209) 456-1689,2001-12-14,2002-12-14
21-548764,21,Off-Sale General,ACTIVE,NewFine Wines 52,John Lopez,3182 Mission Ln,Tracy,CA,91687,San Joaquin,(209) 322-3861,2001-11-16,2002-11-16
21-417924,21,Off-Sale General,ACTIVE,TheWine & Spirits Tracy Group 65,Michelle Gonzalez,8138 4th Blvd,Tracy,CA,91993,San Joaquin,(209) 813-4908,2020-02-19,2021-02-19
21-949567,21,Off-Sale General,ACTIVE,Wine & Spirits San Joaquin,John Lopez,3265 Front Rd #237,Lodi,CA,92702,San Joaquin,(209) 459-9334,2003-01-03,2004-01-03
21-939453,21,Off-Sale General,ACTIVE,Package Store San Joaquin Inc,Mark Moore,2890 3rd Ln,Stockton,CA,94787,San Joaquin,(209) 554-6550,2007-04-05,2008-04-05
21-423359,21,Off-Sale General,ACTIVE,Liquor Store Tracy Valley,Anthony Lopez,9919 Maple Rd #681,Tracy,CA,93766,San Joaquin,(209) 723-3048,2019-12-06,2020-12-06
21-514910,21,Off-Sale General,ACTIVE,Fine Wines San Joaquin,Jennifer Garcia,7922 3rd Way,Lodi,CA,95972,San Joaquin,(209) 345-7642,2003-07-25,2004-07-25
21-890716,21,Off-Sale General,ACTIVE,TheFine Wines 2,Steven Rodriguez,4925 Market Ln,Lodi,CA,93028,San Joaquin,(209) 884-4435,2020-08-17,2021-08-17
21-318646,21,Off-Sale General,ACTIVE,Discount Liquor Co 1,Mark Lopez,6270 1st Dr,Lodi,CA,91105,San Joaquin,(209) 773-2936,2011-03-18,2012-03-18
21-161490,21,Off-Sale General,ACTIVE,Package Store San Joaquin 34,Lisa Martin,600 3rd Ct #707,Stockton,CA,94427,San Joaquin,(209) 979-6909,2002-04-09,2003-04-09
21-903349,21,Off-Sale General,ACTIVE,Discount Liquor,John Smith Thomas,7087 Washington Ave #987,Lodi,CA,93497,San Joaquin,(209) 839-9508,2017-11-14,2018-11-14
21-767338,21,Off-Sale General,ACTIVE,Wine & Spirits Inc,Andrew Jones,3013 Sunset St #386,Tracy,CA,94007,San Joaquin,(209) 735-8175,2006-01-05,2007-01-05
21-107472,21,Off-Sale General,ACTIVE,Fine Wines,John Johnson,7071 2nd Ave,Stockton,CA,90827,San Joaquin,(209) 873-8675,2011-02-19,2012-02-19
21-782093,21,Off-Sale General,ACTIVE,Spirits Stockton,James Davis,4388 5th Ave #467,Stockton,CA,93752,San Joaquin,(209) 532-3308,2003-10-14,2004-10-14
21-502814,21,Off-Sale General,ACTIVE,Fine Wines LLC,Robert Martin,7768 6th Way #935,Tracy,CA,93369,San Joaquin,(209) 423-4280,2019-06-02,2020-06-02
21-692450,21,Off-Sale General,ACTIVE,Discount Liquor,Maria Rodriguez,7321 Lincoln St,Tracy,CA,93654,San Joaquin,(209) 427-1867,2004-10-13,2005-10-13
21-161669,21,Off-Sale General,ACTIVE,Liquor Store Lodi LLC,Maria Rodriguez,3033 6th Ct #721,Lodi,CA,91716,San Joaquin,(209) 234-2951,2016-07-20,2017-07-20
21-176228,21,Off-Sale General,ACTIVE,TheBeverage Store Group 78,Anthony Williams Jones,3380 Sunset Dr,Tracy,CA,91519,San Joaquin,(209) 553-8475,2014-03-08,2015-03-08
21-826078,21,Off-Sale General,ACTIVE,Discount Liquor Company,John Brown,2778 2nd Ct,Tracy,CA,91611,San Joaquin,(209) 313-5175,2013-02-12,2014-02-12
21-216205,21,Off-Sale General,ACTIVE,Wine & Spirits San Joaquin,Robert Jones,6847 6th Way,Tracy,CA,92062,San Joaquin,(209) 529-4734,2023-01-18,2024-01-18
21-744407,21,Off-Sale General,ACTIVE,Wine & Spirits,Paul Jones,5481 Sunset Rd,Tracy,CA,94935,San Joaquin,(209) 682-8384,2018-02-28,2019-02-28
21-658642,21,Off-Sale General,ACTIVE,OldWine & Spirits 7,Maria Jones,3461 Washington Way,Stockton,CA,90101,San Joaquin,(209) 488-6875,2022-01-06,2023-01-06
21-487135,21,Off-Sale General,ACTIVE,Discount Liquor Lodi,Steven Thomas,9781 Sunset Ct #922,Lodi,CA,95061,San Joaquin,(209) 716-2944,2023-01-25,2024-01-25
21-518376,21,Off-Sale General,ACTIVE,Beverage Store Tracy,Michelle Wilson,4863 Pico St,Tracy,CA,90722,San Joaquin,(209) 989-5562,2009-08-01,2010-08-01
21-810373,21,Off-Sale General,ACTIVE,Discount Liquor,Jennifer Hernandez Williams,968 Sunset St,Tracy,CA,95622,San Joaquin,(209) 695-7719,2008-06-02,2009-06-02
21-670339,21,Off-Sale General,ACTIVE,Wine & Spirits LLC,John Jackson,2760 Lincoln Rd,Tracy,CA,92774,San Joaquin,(209) 492-2873,2020-04-12,2021-04-12
21-591158,21,Off-Sale General,ACTIVE,Spirits,John Rodriguez,8623 Broadway St #428,Lodi,CA,94620,San Joaquin,(209) 261-3661,2007-06-10,2008-06-10
21-791056,21,Off-Sale General,ACTIVE,OldWine & Spirits Inc 74,Matthew Johnson,1759 Pico Ave,Tracy,CA,94336,San Joaquin,(209) 297-2702,2022-02-24,2023-02-24
21-978515,21,Off-Sale General,ACTIVE,Fine Wines Company,Daniel Martinez,8959 Pico Ln,Stockton,CA,93540,San Joaquin,(209) 569-5949,2008-10-10,2009-10-10
21-312231,21,Off-Sale General,ACTIVE,Package Store LLC,Anthony Gonzalez,7540 6th Way #379,Tracy,CA,95803,San Joaquin,(209) 247-7711,2009-02-23,2010-02-23
21-708106,21,Off-Sale General,ACTIVE,Fine Wines Tracy,Maria Jackson,7221 5th Dr,Tracy,CA,93877,San Joaquin,(209) 694-5608,2017-07-03,2018-07-03
21-467853,21,Off-Sale General,ACTIVE,Wine & Spirits Inc 34,David Smith,1433 Broadway Way #971,Stockton,CA,94579,San Joaquin,(209) 972-5633,2012-07-24,2013-07-24
21-981531,21,Off-Sale General,ACTIVE,TheBeverage Store Group 12,Christopher Moore,839 4th Blvd #797,Lodi,CA,93529,San Joaquin,(209) 232-3189,2015-01-02,2016-01-02
21-954530,21,Off-Sale General,ACTIVE,Wine & Spirits Lodi LLC,Lisa Wilson Johnson,9310 Sunset Rd,Lodi,CA,93284,San Joaquin,(209) 251-7148,2004-03-04,2005-03-04
21-474426,21,Off-Sale General,ACTIVE,TheBeverage Store San Joaquin 29,Andrew Johnson Gonzalez,4046 1st Pl #886,Tracy,CA,91200,San Joaquin,(209) 586-2687,2001-01-04,2002-01-04
21-108294,21,Off-Sale General,ACTIVE,Wine & Spirits Tracy Inc,Mark Taylor,168 7th Dr #704,Tracy,CA,91941,San Joaquin,(209) 516-8754,2013-04-11,2014-04-11
21-628454,21,Off-Sale General,ACTIVE,Discount Liquor,Michelle Johnson,5915 Maple Rd #994,Tracy,CA,91028,San Joaquin,(209) 480-7163,2010-01-23,2011-01-23
21-204118,21,Off-Sale General,ACTIVE,Wine & Spirits Lodi,Robert Thomas Smith,6803 Lincoln Ln,Lodi,CA,94693,San Joaquin,(209) 305-3720,2014-05-12,2015-05-12
21-624539,21,Off-Sale General,ACTIVE,Beverage Store 45,Robert Jackson,5777 Mission Blvd #213,Stockton,CA,93180,San Joaquin,(209) 454-3010,2000-01-01,2001-01-01
21-429781,21,Off-Sale General,ACTIVE,ThePackage Store 22,Mark Martinez,5445 Lincoln St,Stockton,CA,94452,San Joaquin,(209) 634-6121,2004-09-16,2005-09-16
58-451888,58,Caterer's Beer & Wine,ACTIVE,Banquets Corp,Michelle Rodriguez,4310 Jefferson Dr,Lodi,CA,95804,San Joaquin,(209) 464-5312,2003-04-25,2004-04-25
58-183040,58,Caterer's Beer & Wine,ACTIVE,Event Catering Corp,Matthew Miller,9088 1st Rd,Stockton,CA,92807,San Joaquin,(209) 625-7535,2011-12-28,2012-12-28
58-806327,58,Caterer's Beer & Wine,ACTIVE,Banquets San Joaquin Co,Maria Moore Moore,5919 Lincoln Pl,Lodi,CA,93433,San Joaquin,(209) 619-2406,2000-10-24,2001-10-24
58-560799,58,Caterer's Beer & Wine,ACTIVE,Banquets San Joaquin Corp,John Martin,2551 Washington Ct #359,Tracy,CA,95328,San Joaquin,(209) 729-4325,2019-11-28,2020-11-28
58-174577,58,Caterer's Beer & Wine,ACTIVE,Banquets,Kenneth Martin,6247 Front Way #662,Tracy,CA,90826,San Joaquin,(209) 867-9849,2016-08-22,2017-08-22
58-421717,58,Caterer's Beer & Wine,ACTIVE,Party Services San Joaquin Group,Anthony Lopez,7669 4th Ave #983,Stockton,CA,92241,San Joaquin,(209) 907-5755,2013-04-15,2014-04-15
58-453147,58,Caterer's Beer & Wine,ACTIVE,NewCatering Company Co 17,William Jackson,3193 Hollywood Ct,Tracy,CA,91577,San Joaquin,(209) 882-1021,2003-10-01,2004-10-01
58-157839,58,Caterer's Beer & Wine,ACTIVE,Catering 47,Paul Martin,5640 Pico Dr #633,Tracy,CA,92742,San Joaquin,(209) 672-8689,2008-02-01,2009-02-01
58-537815,58,Caterer's Beer & Wine,ACTIVE,Party Services Corp,Mark Hernandez,524 Mission Ave,Lodi,CA,94186,San Joaquin,(209) 934-1687,2006-01-13,2007-01-13
75-365145,75,Event Permit Holder,ACTIVE,Event Services,Paul Smith,525 Lincoln Ct #570,Tracy,CA,90195,San Joaquin,(209) 379-9422,2010-09-08,2011-09-08
75-874331,75,Event Permit Holder,ACTIVE,Venue Management San Joaquin Company,Jennifer Martinez Jackson,4093 Maple Blvd #962,Tracy,CA,92036,San Joaquin,(209) 639-2126,2013-08-23,2014-08-23
75-336169,75,Event Permit Holder,ACTIVE,Event Production,Maria Smith Jones,8722 Maple Pl,Lodi,CA,91674,San Joaquin,(209) 608-3533,2010-09-20,2011-09-20
75-952858,75,Event Permit Holder,ACTIVE,OldEvent Production Tracy Co 99,Kenneth Smith Martin,4507 6th Rd,Tracy,CA,90313,San Joaquin,(209) 778-3762,2008-02-09,2009-02-09
75-455495,75,Event Permit Holder,ACTIVE,Event Services Stockton,Robert Wilson,1072 Market Ave #167,Stockton,CA,92581,San Joaquin,(209) 388-5814,2012-06-08,2013-06-08
75-606647,75,Event Permit Holder,ACTIVE,Event Production Group,James Williams,7770 Hollywood Pl,Lodi,CA,93101,San Joaquin,(209) 828-8801,2005-07-03,2006-07-03
75-234296,75,Event Permit Holder,ACTIVE,TheEvent Planning San Joaquin 47,David Wilson,2148 Mission Ave,Lodi,CA,95114,San Joaquin,(209) 526-2240,2024-11-23,2025-11-23
75-952479,75,Event Permit Holder,ACTIVE,TheEvent Production Stockton Company 77,William Martinez Johnson,3367 Hollywood Rd #954,Stockton,CA,95638,San Joaquin,(209) 264-5424,2011-03-22,2012-03-22
75-743894,75,Event Permit Holder,ACTIVE,Event Planning Inc,Mark Martinez Thomas,754 Front Ln,Stockton,CA,91784,San Joaquin,(209) 427-5673,2003-07-02,2004-07-02
